LECROYWS42Xs,24809,Waveform
Segments,1,SegmentSize,10002
Segment,TrigTime,TimeSinceSegment1
#1,19-Feb-2003 06:06:54,0                 
Time,Ampl
-2.0001916,-0.0959963
-1.9999916,-0.127995
-1.9997916,-0.159994
-1.9995916,-0.127995
-1.9993916,-0.127995
-1.9991916,-0.127995
-1.9989916,-0.191993
-1.9987916,-0.127995
-1.9985916,-0.159994
-1.9983916,-0.159994
-1.9981916,-0.127995
-1.9979916,-0.127995
-1.9977916,-0.159994
-1.9975916,-0.127995
-1.9973916,-0.159994
-1.9971916,-0.159994
-1.9969916,-0.127995
-1.9967916,-0.127995
-1.9965916,-0.159994
-1.9963916,-0.159994
-1.9961916,-0.127995
-1.9959916,-0.191993
-1.9957916,-0.127995
-1.9955916,-0.127995
-1.9953916,-0.223991
-1.9951916,-0.127995
-1.9949916,-0.127995
-1.9947916,-0.159994
-1.9945916,-0.159994
-1.9943916,-0.159994
-1.9941916,-0.191993
-1.9939916,-0.159994
-1.9937916,-0.159994
-1.9935916,-0.159994
-1.9933916,-0.223991
-1.9931916,-0.159994
-1.9929916,-0.159994
-1.9927916,-0.127995
-1.9925916,-0.127995
-1.9923916,-0.191993
-1.9921916,-0.127995
-1.9919916,-0.127995
-1.9917916,-0.191993
-1.9915916,-0.191993
-1.9913916,-0.0959963
-1.9911916,-0.159994
-1.9909916,-0.159994
-1.9907916,-0.159994
-1.9905916,-0.159994
-1.9903916,-0.127995
-1.9901916,-0.127995
-1.9899916,-0.191993
-1.9897916,-0.159994
-1.9895916,-0.159994
-1.9893916,-0.191993
-1.9891916,-0.127995
-1.9889916,-0.127995
-1.9887916,-0.191993
-1.9885916,-0.223991
-1.9883916,-0.127995
-1.9881916,-0.191993
-1.9879916,-0.191993
-1.9877916,-0.159994
-1.9875916,-0.159994
-1.9873916,-0.127995
-1.9871916,-0.127995
-1.9869916,-0.159994
-1.9867916,-0.159994
-1.9865916,-0.159994
-1.9863916,-0.159994
-1.9861916,-0.159994
-1.9859916,-0.127995
-1.9857916,-0.159994
-1.9855916,-0.159994
-1.9853916,-0.159994
-1.9851916,-0.191993
-1.9849916,-0.191993
-1.9847916,-0.191993
-1.9845916,-0.223991
-1.9843916,-0.191993
-1.9841916,-0.223991
-1.9839916,-0.223991
-1.9837916,-0.191993
-1.9835916,-0.127995
-1.9833916,-0.159994
-1.9831916,-0.127995
-1.9829916,-0.159994
-1.9827916,-0.223991
-1.9825916,-0.223991
-1.9823916,-0.159994
-1.9821916,-0.159994
-1.9819916,-0.159994
-1.9817916,-0.127995
-1.9815916,-0.191993
-1.9813916,-0.159994
-1.9811916,-0.127995
-1.9809916,-0.191993
-1.9807916,-0.159994
-1.9805916,-0.127995
-1.9803916,-0.191993
-1.9801916,-0.191993
-1.9799916,-0.127995
-1.9797916,-0.159994
-1.9795916,-0.127995
-1.9793916,-0.127995
-1.9791916,-0.191993
-1.9789916,-0.159994
-1.9787916,-0.159994
-1.9785916,-0.159994
-1.9783916,-0.159994
-1.9781916,-0.127995
-1.9779916,-0.191993
-1.9777916,-0.159994
-1.9775916,-0.127995
-1.9773916,-0.159994
-1.9771916,-0.159994
-1.9769916,-0.159994
-1.9767916,-0.159994
-1.9765916,-0.159994
-1.9763916,-0.127995
-1.9761916,-0.159994
-1.9759916,-0.159994
-1.9757916,-0.159994
-1.9755916,-0.159994
-1.9753916,-0.159994
-1.9751916,-0.127995
-1.9749916,-0.159994
-1.9747916,-0.127995
-1.9745916,-0.127995
-1.9743916,-0.159994
-1.9741916,-0.127995
-1.9739916,-0.191993
-1.9737916,-0.159994
-1.9735916,-0.159994
-1.9733916,-0.159994
-1.9731916,-0.159994
-1.9729916,-0.127995
-1.9727916,-0.0959963
-1.9725916,-0.159994
-1.9723916,-0.159994
-1.9721916,-0.191993
-1.9719916,-0.223991
-1.9717916,-0.191993
-1.9715916,-0.127995
-1.9713916,-0.159994
-1.9711916,-0.191993
-1.9709916,-0.159994
-1.9707916,-0.159994
-1.9705916,-0.191993
-1.9703916,-0.159994
-1.9701916,-0.223991
-1.9699916,-0.191993
-1.9697916,-0.159994
-1.9695916,-0.223991
-1.9693916,-0.159994
-1.9691916,-0.223991
-1.9689916,-0.159994
-1.9687916,-0.159994
-1.9685916,-0.191993
-1.9683916,-0.191993
-1.9681916,-0.223991
-1.9679916,-0.159994
-1.9677916,-0.223991
-1.9675916,-0.223991
-1.9673916,-0.191993
-1.9671916,-0.191993
-1.9669916,-0.159994
-1.9667916,-0.191993
-1.9665916,-0.223991
-1.9663916,-0.191993
-1.9661916,-0.159994
-1.9659916,-0.191993
-1.9657916,-0.191993
-1.9655916,-0.223991
-1.9653916,-0.223991
-1.9651916,-0.223991
-1.9649916,-0.223991
-1.9647916,-0.191993
-1.9645916,-0.223991
-1.9643916,-0.191993
-1.9641916,-0.25599
-1.9639916,-0.25599
-1.9637916,-0.223991
-1.9635916,-0.223991
-1.9633916,-0.191993
-1.9631916,-0.191993
-1.9629916,-0.25599
-1.9627916,-0.223991
-1.9625916,-0.191993
-1.9623916,-0.25599
-1.9621916,-0.223991
-1.9619916,-0.191993
-1.9617916,-0.223991
-1.9615916,-0.191993
-1.9613916,-0.223991
-1.9611916,-0.223991
-1.9609916,-0.159994
-1.9607916,-0.191993
-1.9605916,-0.191993
-1.9603916,-0.223991
-1.9601916,-0.127995
-1.9599916,-0.191993
-1.9597916,-0.191993
-1.9595916,-0.159994
-1.9593916,-0.25599
-1.9591916,-0.159994
-1.9589916,-0.223991
-1.9587916,-0.191993
-1.9585916,-0.223991
-1.9583916,-0.223991
-1.9581916,-0.159994
-1.9579916,-0.223991
-1.9577916,-0.25599
-1.9575916,-0.159994
-1.9573916,-0.191993
-1.9571916,-0.191993
-1.9569916,-0.223991
-1.9567916,-0.159994
-1.9565916,-0.159994
-1.9563916,-0.191993
-1.9561916,-0.191993
-1.9559916,-0.159994
-1.9557916,-0.191993
-1.9555916,-0.223991
-1.9553916,-0.159994
-1.9551916,-0.191993
-1.9549916,-0.159994
-1.9547916,-0.191993
-1.9545916,-0.159994
-1.9543916,-0.159994
-1.9541916,-0.0959963
-1.9539916,-0.191993
-1.9537916,-0.191993
-1.9535916,-0.159994
-1.9533916,-0.223991
-1.9531916,-0.127995
-1.9529916,-0.127995
-1.9527916,-0.191993
-1.9525916,-0.191993
-1.9523916,-0.159994
-1.9521916,-0.159994
-1.9519916,-0.159994
-1.9517916,-0.159994
-1.9515916,-0.223991
-1.9513916,-0.223991
-1.9511916,-0.159994
-1.9509916,-0.191993
-1.9507916,-0.191993
-1.9505916,-0.159994
-1.9503916,-0.223991
-1.9501916,-0.159994
-1.9499916,-0.191993
-1.9497916,-0.159994
-1.9495916,-0.159994
-1.9493916,-0.159994
-1.9491916,-0.191993
-1.9489916,-0.159994
-1.9487916,-0.159994
-1.9485916,-0.191993
-1.9483916,-0.191993
-1.9481916,-0.191993
-1.9479916,-0.191993
-1.9477916,-0.159994
-1.9475916,-0.159994
-1.9473916,-0.191993
-1.9471916,-0.191993
-1.9469916,-0.159994
-1.9467916,-0.159994
-1.9465916,-0.191993
-1.9463916,-0.159994
-1.9461916,-0.223991
-1.9459916,-0.159994
-1.9457916,-0.159994
-1.9455916,-0.191993
-1.9453916,-0.159994
-1.9451916,-0.191993
-1.9449916,-0.25599
-1.9447916,-0.191993
-1.9445916,-0.159994
-1.9443916,-0.25599
-1.9441916,-0.191993
-1.9439916,-0.191993
-1.9437916,-0.223991
-1.9435916,-0.223991
-1.9433916,-0.191993
-1.9431916,-0.25599
-1.9429916,-0.191993
-1.9427916,-0.191993
-1.9425916,-0.223991
-1.9423916,-0.223991
-1.9421916,-0.25599
-1.9419916,-0.191993
-1.9417916,-0.223991
-1.9415916,-0.191993
-1.9413916,-0.223991
-1.9411916,-0.223991
-1.9409916,-0.191993
-1.9407916,-0.223991
-1.9405916,-0.25599
-1.9403916,-0.223991
-1.9401916,-0.223991
-1.9399916,-0.191993
-1.9397916,-0.191993
-1.9395916,-0.223991
-1.9393916,-0.25599
-1.9391916,-0.223991
-1.9389916,-0.223991
-1.9387916,-0.223991
-1.9385916,-0.191993
-1.9383916,-0.223991
-1.9381916,-0.25599
-1.9379916,-0.191993
-1.9377916,-0.223991
-1.9375916,-0.191993
-1.9373916,-0.223991
-1.9371916,-0.25599
-1.9369916,-0.287989
-1.9367916,-0.25599
-1.9365916,-0.25599
-1.9363916,-0.25599
-1.9361916,-0.223991
-1.9359916,-0.25599
-1.9357916,-0.223991
-1.9355916,-0.25599
-1.9353916,-0.223991
-1.9351916,-0.223991
-1.9349916,-0.25599
-1.9347916,-0.25599
-1.9345916,-0.25599
-1.9343916,-0.223991
-1.9341916,-0.25599
-1.9339916,-0.25599
-1.9337916,-0.223991
-1.9335916,-0.25599
-1.9333916,-0.191993
-1.9331916,-0.191993
-1.9329916,-0.191993
-1.9327916,-0.223991
-1.9325916,-0.159994
-1.9323916,-0.25599
-1.9321916,-0.191993
-1.9319916,-0.223991
-1.9317916,-0.191993
-1.9315916,-0.223991
-1.9313916,-0.191993
-1.9311916,-0.25599
-1.9309916,-0.223991
-1.9307916,-0.223991
-1.9305916,-0.223991
-1.9303916,-0.25599
-1.9301916,-0.191993
-1.9299916,-0.25599
-1.9297916,-0.191993
-1.9295916,-0.223991
-1.9293916,-0.191993
-1.9291916,-0.223991
-1.9289916,-0.191993
-1.9287916,-0.25599
-1.9285916,-0.191993
-1.9283916,-0.191993
-1.9281916,-0.223991
-1.9279916,-0.25599
-1.9277916,-0.191993
-1.9275916,-0.223991
-1.9273916,-0.223991
-1.9271916,-0.191993
-1.9269916,-0.191993
-1.9267916,-0.223991
-1.9265916,-0.159994
-1.9263916,-0.223991
-1.9261916,-0.159994
-1.9259916,-0.191993
-1.9257916,-0.159994
-1.9255916,-0.223991
-1.9253916,-0.191993
-1.9251916,-0.223991
-1.9249916,-0.25599
-1.9247916,-0.159994
-1.9245916,-0.191993
-1.9243916,-0.223991
-1.9241916,-0.25599
-1.9239916,-0.25599
-1.9237916,-0.191993
-1.9235916,-0.191993
-1.9233916,-0.191993
-1.9231916,-0.25599
-1.9229916,-0.191993
-1.9227916,-0.223991
-1.9225916,-0.191993
-1.9223916,-0.191993
-1.9221916,-0.191993
-1.9219916,-0.25599
-1.9217916,-0.159994
-1.9215916,-0.191993
-1.9213916,-0.159994
-1.9211916,-0.223991
-1.9209916,-0.223991
-1.9207916,-0.191993
-1.9205916,-0.191993
-1.9203916,-0.191993
-1.9201916,-0.191993
-1.9199916,-0.159994
-1.9197916,-0.223991
-1.9195916,-0.223991
-1.9193916,-0.159994
-1.9191916,-0.223991
-1.9189916,-0.191993
-1.9187916,-0.127995
-1.9185916,-0.191993
-1.9183916,-0.159994
-1.9181916,-0.191993
-1.9179916,-0.159994
-1.9177916,-0.191993
-1.9175916,-0.159994
-1.9173916,-0.191993
-1.9171916,-0.223991
-1.9169916,-0.159994
-1.9167916,-0.223991
-1.9165916,-0.159994
-1.9163916,-0.159994
-1.9161916,-0.191993
-1.9159916,-0.223991
-1.9157916,-0.223991
-1.9155916,-0.191993
-1.9153916,-0.159994
-1.9151916,-0.191993
-1.9149916,-0.191993
-1.9147916,-0.191993
-1.9145916,-0.159994
-1.9143916,-0.223991
-1.9141916,-0.191993
-1.9139916,-0.223991
-1.9137916,-0.223991
-1.9135916,-0.223991
-1.9133916,-0.191993
-1.9131916,-0.223991
-1.9129916,-0.191993
-1.9127916,-0.223991
-1.9125916,-0.191993
-1.9123916,-0.223991
-1.9121916,-0.191993
-1.9119916,-0.223991
-1.9117916,-0.223991
-1.9115916,-0.223991
-1.9113916,-0.223991
-1.9111916,-0.223991
-1.9109916,-0.223991
-1.9107916,-0.223991
-1.9105916,-0.191993
-1.9103916,-0.191993
-1.9101916,-0.25599
-1.9099916,-0.223991
-1.9097916,-0.223991
-1.9095916,-0.25599
-1.9093916,-0.223991
-1.9091916,-0.25599
-1.9089916,-0.25599
-1.9087916,-0.223991
-1.9085916,-0.25599
-1.9083916,-0.287989
-1.9081916,-0.25599
-1.9079916,-0.223991
-1.9077916,-0.25599
-1.9075916,-0.223991
-1.9073916,-0.25599
-1.9071916,-0.25599
-1.9069916,-0.287989
-1.9067916,-0.25599
-1.9065916,-0.25599
-1.9063916,-0.25599
-1.9061916,-0.25599
-1.9059916,-0.25599
-1.9057916,-0.25599
-1.9055916,-0.287989
-1.9053916,-0.25599
-1.9051916,-0.25599
-1.9049916,-0.287989
-1.9047916,-0.191993
-1.9045916,-0.25599
-1.9043916,-0.223991
-1.9041916,-0.223991
-1.9039916,-0.25599
-1.9037916,-0.223991
-1.9035916,-0.25599
-1.9033916,-0.25599
-1.9031916,-0.287989
-1.9029916,-0.319988
-1.9027916,-0.287989
-1.9025916,-0.287989
-1.9023916,-0.25599
-1.9021916,-0.287989
-1.9019916,-0.25599
-1.9017916,-0.287989
-1.9015916,-0.25599
-1.9013916,-0.319988
-1.9011916,-0.25599
-1.9009916,-0.25599
-1.9007916,-0.223991
-1.9005916,-0.287989
-1.9003916,-0.287989
-1.9001916,-0.223991
-1.8999916,-0.287989
-1.8997916,-0.287989
-1.8995916,-0.319988
-1.8993916,-0.287989
-1.8991916,-0.287989
-1.8989916,-0.287989
-1.8987916,-0.319988
-1.8985916,-0.25599
-1.8983916,-0.351986
-1.8981916,-0.25599
-1.8979916,-0.319988
-1.8977916,-0.319988
-1.8975916,-0.25599
-1.8973916,-0.351986
-1.8971916,-0.319988
-1.8969916,-0.319988
-1.8967916,-0.319988
-1.8965916,-0.319988
-1.8963916,-0.287989
-1.8961916,-0.351986
-1.8959916,-0.351986
-1.8957916,-0.287989
-1.8955916,-0.319988
-1.8953916,-0.319988
-1.8951916,-0.287989
-1.8949916,-0.351986
-1.8947916,-0.319988
-1.8945916,-0.319988
-1.8943916,-0.319988
-1.8941916,-0.319988
-1.8939916,-0.319988
-1.8937916,-0.319988
-1.8935916,-0.319988
-1.8933916,-0.319988
-1.8931916,-0.319988
-1.8929916,-0.319988
-1.8927916,-0.351986
-1.8925916,-0.319988
-1.8923916,-0.287989
-1.8921916,-0.319988
-1.8919916,-0.351986
-1.8917916,-0.319988
-1.8915916,-0.351986
-1.8913916,-0.319988
-1.8911916,-0.319988
-1.8909916,-0.383985
-1.8907916,-0.351986
-1.8905916,-0.319988
-1.8903916,-0.319988
-1.8901916,-0.351986
-1.8899916,-0.351986
-1.8897916,-0.319988
-1.8895916,-0.383985
-1.8893916,-0.351986
-1.8891916,-0.351986
-1.8889916,-0.351986
-1.8887916,-0.351986
-1.8885916,-0.319988
-1.8883916,-0.351986
-1.8881916,-0.351986
-1.8879916,-0.351986
-1.8877916,-0.351986
-1.8875916,-0.383985
-1.8873916,-0.351986
-1.8871916,-0.351986
-1.8869916,-0.319988
-1.8867916,-0.351986
-1.8865916,-0.319988
-1.8863916,-0.319988
-1.8861916,-0.383985
-1.8859916,-0.319988
-1.8857916,-0.351986
-1.8855916,-0.319988
-1.8853916,-0.351986
-1.8851916,-0.351986
-1.8849916,-0.319988
-1.8847916,-0.351986
-1.8845916,-0.319988
-1.8843916,-0.319988
-1.8841916,-0.415984
-1.8839916,-0.383985
-1.8837916,-0.319988
-1.8835916,-0.383985
-1.8833916,-0.383985
-1.8831916,-0.351986
-1.8829916,-0.415984
-1.8827916,-0.319988
-1.8825916,-0.351986
-1.8823916,-0.383985
-1.8821916,-0.351986
-1.8819916,-0.319988
-1.8817916,-0.351986
-1.8815916,-0.383985
-1.8813916,-0.351986
-1.8811916,-0.351986
-1.8809916,-0.383985
-1.8807916,-0.319988
-1.8805916,-0.351986
-1.8803916,-0.383985
-1.8801916,-0.351986
-1.8799916,-0.351986
-1.8797916,-0.383985
-1.8795916,-0.351986
-1.8793916,-0.351986
-1.8791916,-0.351986
-1.8789916,-0.383985
-1.8787916,-0.383985
-1.8785916,-0.351986
-1.8783916,-0.351986
-1.8781916,-0.319988
-1.8779916,-0.351986
-1.8777916,-0.351986
-1.8775916,-0.319988
-1.8773916,-0.351986
-1.8771916,-0.351986
-1.8769916,-0.351986
-1.8767916,-0.383985
-1.8765916,-0.351986
-1.8763916,-0.351986
-1.8761916,-0.319988
-1.8759916,-0.351986
-1.8757916,-0.415984
-1.8755916,-0.415984
-1.8753916,-0.383985
-1.8751916,-0.351986
-1.8749916,-0.383985
-1.8747916,-0.351986
-1.8745916,-0.383985
-1.8743916,-0.319988
-1.8741916,-0.351986
-1.8739916,-0.415984
-1.8737916,-0.351986
-1.8735916,-0.351986
-1.8733916,-0.351986
-1.8731916,-0.319988
-1.8729916,-0.351986
-1.8727916,-0.319988
-1.8725916,-0.383985
-1.8723916,-0.383985
-1.8721916,-0.383985
-1.8719916,-0.383985
-1.8717916,-0.319988
-1.8715916,-0.319988
-1.8713916,-0.383985
-1.8711916,-0.383985
-1.8709916,-0.351986
-1.8707916,-0.351986
-1.8705916,-0.383985
-1.8703916,-0.351986
-1.8701916,-0.351986
-1.8699916,-0.351986
-1.8697916,-0.383985
-1.8695916,-0.319988
-1.8693916,-0.351986
-1.8691916,-0.351986
-1.8689916,-0.319988
-1.8687916,-0.351986
-1.8685916,-0.383985
-1.8683916,-0.351986
-1.8681916,-0.351986
-1.8679916,-0.319988
-1.8677916,-0.351986
-1.8675916,-0.319988
-1.8673916,-0.351986
-1.8671916,-0.319988
-1.8669916,-0.319988
-1.8667916,-0.319988
-1.8665916,-0.287989
-1.8663916,-0.287989
-1.8661916,-0.319988
-1.8659916,-0.319988
-1.8657916,-0.319988
-1.8655916,-0.351986
-1.8653916,-0.351986
-1.8651916,-0.319988
-1.8649916,-0.351986
-1.8647916,-0.351986
-1.8645916,-0.319988
-1.8643916,-0.287989
-1.8641916,-0.319988
-1.8639916,-0.319988
-1.8637916,-0.351986
-1.8635916,-0.287989
-1.8633916,-0.319988
-1.8631916,-0.383985
-1.8629916,-0.287989
-1.8627916,-0.319988
-1.8625916,-0.319988
-1.8623916,-0.319988
-1.8621916,-0.287989
-1.8619916,-0.383985
-1.8617916,-0.287989
-1.8615916,-0.319988
-1.8613916,-0.319988
-1.8611916,-0.287989
-1.8609916,-0.319988
-1.8607916,-0.319988
-1.8605916,-0.287989
-1.8603916,-0.319988
-1.8601916,-0.383985
-1.8599916,-0.319988
-1.8597916,-0.287989
-1.8595916,-0.319988
-1.8593916,-0.287989
-1.8591916,-0.319988
-1.8589916,-0.319988
-1.8587916,-0.319988
-1.8585916,-0.319988
-1.8583916,-0.319988
-1.8581916,-0.25599
-1.8579916,-0.287989
-1.8577916,-0.319988
-1.8575916,-0.351986
-1.8573916,-0.319988
-1.8571916,-0.287989
-1.8569916,-0.287989
-1.8567916,-0.287989
-1.8565916,-0.319988
-1.8563916,-0.319988
-1.8561916,-0.287989
-1.8559916,-0.319988
-1.8557916,-0.287989
-1.8555916,-0.319988
-1.8553916,-0.287989
-1.8551916,-0.351986
-1.8549916,-0.287989
-1.8547916,-0.319988
-1.8545916,-0.287989
-1.8543916,-0.351986
-1.8541916,-0.319988
-1.8539916,-0.319988
-1.8537916,-0.351986
-1.8535916,-0.287989
-1.8533916,-0.319988
-1.8531916,-0.319988
-1.8529916,-0.287989
-1.8527916,-0.351986
-1.8525916,-0.319988
-1.8523916,-0.351986
-1.8521916,-0.319988
-1.8519916,-0.319988
-1.8517916,-0.287989
-1.8515916,-0.319988
-1.8513916,-0.319988
-1.8511916,-0.351986
-1.8509916,-0.319988
-1.8507916,-0.351986
-1.8505916,-0.351986
-1.8503916,-0.319988
-1.8501916,-0.319988
-1.8499916,-0.351986
-1.8497916,-0.383985
-1.8495916,-0.319988
-1.8493916,-0.319988
-1.8491916,-0.351986
-1.8489916,-0.319988
-1.8487916,-0.351986
-1.8485916,-0.351986
-1.8483916,-0.351986
-1.8481916,-0.351986
-1.8479916,-0.319988
-1.8477916,-0.351986
-1.8475916,-0.351986
-1.8473916,-0.383985
-1.8471916,-0.351986
-1.8469916,-0.383985
-1.8467916,-0.351986
-1.8465916,-0.351986
-1.8463916,-0.383985
-1.8461916,-0.351986
-1.8459916,-0.351986
-1.8457916,-0.383985
-1.8455916,-0.383985
-1.8453916,-0.383985
-1.8451916,-0.415984
-1.8449916,-0.351986
-1.8447916,-0.351986
-1.8445916,-0.383985
-1.8443916,-0.383985
-1.8441916,-0.351986
-1.8439916,-0.415984
-1.8437916,-0.351986
-1.8435916,-0.383985
-1.8433916,-0.383985
-1.8431916,-0.383985
-1.8429916,-0.415984
-1.8427916,-0.383985
-1.8425916,-0.383985
-1.8423916,-0.383985
-1.8421916,-0.415984
-1.8419916,-0.351986
-1.8417916,-0.351986
-1.8415916,-0.351986
-1.8413916,-0.415984
-1.8411916,-0.383985
-1.8409916,-0.415984
-1.8407916,-0.383985
-1.8405916,-0.383985
-1.8403916,-0.415984
-1.8401916,-0.383985
-1.8399916,-0.351986
-1.8397916,-0.351986
-1.8395916,-0.383985
-1.8393916,-0.415984
-1.8391916,-0.383985
-1.8389916,-0.383985
-1.8387916,-0.383985
-1.8385916,-0.415984
-1.8383916,-0.351986
-1.8381916,-0.383985
-1.8379916,-0.415984
-1.8377916,-0.415984
-1.8375916,-0.383985
-1.8373916,-0.383985
-1.8371916,-0.415984
-1.8369916,-0.351986
-1.8367916,-0.383985
-1.8365916,-0.383985
-1.8363916,-0.351986
-1.8361916,-0.415984
-1.8359916,-0.383985
-1.8357916,-0.383985
-1.8355916,-0.415984
-1.8353916,-0.383985
-1.8351916,-0.351986
-1.8349916,-0.383985
-1.8347916,-0.415984
-1.8345916,-0.383985
-1.8343916,-0.383985
-1.8341916,-0.351986
-1.8339916,-0.383985
-1.8337916,-0.415984
-1.8335916,-0.383985
-1.8333916,-0.383985
-1.8331916,-0.383985
-1.8329916,-0.383985
-1.8327916,-0.383985
-1.8325916,-0.383985
-1.8323916,-0.351986
-1.8321916,-0.351986
-1.8319916,-0.415984
-1.8317916,-0.415984
-1.8315916,-0.383985
-1.8313916,-0.383985
-1.8311916,-0.415984
-1.8309916,-0.383985
-1.8307916,-0.383985
-1.8305916,-0.383985
-1.8303916,-0.351986
-1.8301916,-0.383985
-1.8299916,-0.351986
-1.8297916,-0.383985
-1.8295916,-0.383985
-1.8293916,-0.415984
-1.8291916,-0.415984
-1.8289916,-0.415984
-1.8287916,-0.415984
-1.8285916,-0.383985
-1.8283916,-0.415984
-1.8281916,-0.383985
-1.8279916,-0.351986
-1.8277916,-0.383985
-1.8275916,-0.383985
-1.8273916,-0.383985
-1.8271916,-0.415984
-1.8269916,-0.415984
-1.8267916,-0.319988
-1.8265916,-0.383985
-1.8263916,-0.415984
-1.8261916,-0.415984
-1.8259916,-0.383985
-1.8257916,-0.383985
-1.8255916,-0.383985
-1.8253916,-0.447983
-1.8251916,-0.383985
-1.8249916,-0.383985
-1.8247916,-0.415984
-1.8245916,-0.415984
-1.8243916,-0.383985
-1.8241916,-0.415984
-1.8239916,-0.447983
-1.8237916,-0.383985
-1.8235916,-0.479982
-1.8233916,-0.415984
-1.8231916,-0.415984
-1.8229916,-0.383985
-1.8227916,-0.383985
-1.8225916,-0.383985
-1.8223916,-0.447983
-1.8221916,-0.383985
-1.8219916,-0.351986
-1.8217916,-0.415984
-1.8215916,-0.383985
-1.8213916,-0.415984
-1.8211916,-0.351986
-1.8209916,-0.383985
-1.8207916,-0.383985
-1.8205916,-0.383985
-1.8203916,-0.383985
-1.8201916,-0.383985
-1.8199916,-0.383985
-1.8197916,-0.383985
-1.8195916,-0.351986
-1.8193916,-0.415984
-1.8191916,-0.351986
-1.8189916,-0.351986
-1.8187916,-0.383985
-1.8185916,-0.383985
-1.8183916,-0.319988
-1.8181916,-0.351986
-1.8179916,-0.383985
-1.8177916,-0.351986
-1.8175916,-0.351986
-1.8173916,-0.383985
-1.8171916,-0.319988
-1.8169916,-0.415984
-1.8167916,-0.319988
-1.8165916,-0.383985
-1.8163916,-0.351986
-1.8161916,-0.351986
-1.8159916,-0.351986
-1.8157916,-0.351986
-1.8155916,-0.351986
-1.8153916,-0.351986
-1.8151916,-0.383985
-1.8149916,-0.319988
-1.8147916,-0.351986
-1.8145916,-0.415984
-1.8143916,-0.319988
-1.8141916,-0.351986
-1.8139916,-0.383985
-1.8137916,-0.351986
-1.8135916,-0.351986
-1.8133916,-0.287989
-1.8131916,-0.351986
-1.8129916,-0.351986
-1.8127916,-0.319988
-1.8125916,-0.351986
-1.8123916,-0.319988
-1.8121916,-0.319988
-1.8119916,-0.319988
-1.8117916,-0.351986
-1.8115916,-0.351986
-1.8113916,-0.383985
-1.8111916,-0.319988
-1.8109916,-0.351986
-1.8107916,-0.287989
-1.8105916,-0.319988
-1.8103916,-0.383985
-1.8101916,-0.319988
-1.8099916,-0.351986
-1.8097916,-0.383985
-1.8095916,-0.351986
-1.8093916,-0.351986
-1.8091916,-0.351986
-1.8089916,-0.383985
-1.8087916,-0.351986
-1.8085916,-0.351986
-1.8083916,-0.319988
-1.8081916,-0.351986
-1.8079916,-0.351986
-1.8077916,-0.383985
-1.8075916,-0.383985
-1.8073916,-0.383985
-1.8071916,-0.351986
-1.8069916,-0.351986
-1.8067916,-0.383985
-1.8065916,-0.383985
-1.8063916,-0.383985
-1.8061916,-0.351986
-1.8059916,-0.383985
-1.8057916,-0.319988
-1.8055916,-0.383985
-1.8053916,-0.351986
-1.8051916,-0.319988
-1.8049916,-0.383985
-1.8047916,-0.383985
-1.8045916,-0.383985
-1.8043916,-0.383985
-1.8041916,-0.351986
-1.8039916,-0.319988
-1.8037916,-0.383985
-1.8035916,-0.319988
-1.8033916,-0.319988
-1.8031916,-0.383985
-1.8029916,-0.383985
-1.8027916,-0.351986
-1.8025916,-0.383985
-1.8023916,-0.351986
-1.8021916,-0.351986
-1.8019916,-0.383985
-1.8017916,-0.351986
-1.8015916,-0.319988
-1.8013916,-0.383985
-1.8011916,-0.383985
-1.8009916,-0.351986
-1.8007916,-0.351986
-1.8005916,-0.319988
-1.8003916,-0.319988
-1.8001916,-0.351986
-1.7999916,-0.415984
-1.7997916,-0.383985
-1.7995916,-0.351986
-1.7993916,-0.351986
-1.7991916,-0.319988
-1.7989916,-0.383985
-1.7987916,-0.351986
-1.7985916,-0.351986
-1.7983916,-0.351986
-1.7981916,-0.383985
-1.7979916,-0.351986
-1.7977916,-0.319988
-1.7975916,-0.351986
-1.7973916,-0.351986
-1.7971916,-0.351986
-1.7969916,-0.319988
-1.7967916,-0.319988
-1.7965916,-0.351986
-1.7963916,-0.287989
-1.7961916,-0.351986
-1.7959916,-0.351986
-1.7957916,-0.351986
-1.7955916,-0.351986
-1.7953916,-0.319988
-1.7951916,-0.319988
-1.7949916,-0.351986
-1.7947916,-0.383985
-1.7945916,-0.287989
-1.7943916,-0.319988
-1.7941916,-0.319988
-1.7939916,-0.319988
-1.7937916,-0.319988
-1.7935916,-0.319988
-1.7933916,-0.319988
-1.7931916,-0.319988
-1.7929916,-0.351986
-1.7927916,-0.319988
-1.7925916,-0.25599
-1.7923916,-0.351986
-1.7921916,-0.319988
-1.7919916,-0.319988
-1.7917916,-0.319988
-1.7915916,-0.319988
-1.7913916,-0.319988
-1.7911916,-0.351986
-1.7909916,-0.319988
-1.7907916,-0.287989
-1.7905916,-0.319988
-1.7903916,-0.287989
-1.7901916,-0.319988
-1.7899916,-0.351986
-1.7897916,-0.319988
-1.7895916,-0.319988
-1.7893916,-0.351986
-1.7891916,-0.319988
-1.7889916,-0.287989
-1.7887916,-0.287989
-1.7885916,-0.351986
-1.7883916,-0.319988
-1.7881916,-0.319988
-1.7879916,-0.287989
-1.7877916,-0.319988
-1.7875916,-0.351986
-1.7873916,-0.319988
-1.7871916,-0.319988
-1.7869916,-0.287989
-1.7867916,-0.319988
-1.7865916,-0.319988
-1.7863916,-0.351986
-1.7861916,-0.319988
-1.7859916,-0.25599
-1.7857916,-0.287989
-1.7855916,-0.25599
-1.7853916,-0.287989
-1.7851916,-0.351986
-1.7849916,-0.287989
-1.7847916,-0.319988
-1.7845916,-0.319988
-1.7843916,-0.351986
-1.7841916,-0.351986
-1.7839916,-0.287989
-1.7837916,-0.319988
-1.7835916,-0.319988
-1.7833916,-0.351986
-1.7831916,-0.319988
-1.7829916,-0.287989
-1.7827916,-0.319988
-1.7825916,-0.351986
-1.7823916,-0.319988
-1.7821916,-0.319988
-1.7819916,-0.319988
-1.7817916,-0.319988
-1.7815916,-0.319988
-1.7813916,-0.319988
-1.7811916,-0.319988
-1.7809916,-0.351986
-1.7807916,-0.25599
-1.7805916,-0.319988
-1.7803916,-0.319988
-1.7801916,-0.319988
-1.7799916,-0.319988
-1.7797916,-0.287989
-1.7795916,-0.319988
-1.7793916,-0.287989
-1.7791916,-0.287989
-1.7789916,-0.287989
-1.7787916,-0.319988
-1.7785916,-0.319988
-1.7783916,-0.319988
-1.7781916,-0.319988
-1.7779916,-0.351986
-1.7777916,-0.287989
-1.7775916,-0.319988
-1.7773916,-0.351986
-1.7771916,-0.319988
-1.7769916,-0.319988
-1.7767916,-0.287989
-1.7765916,-0.287989
-1.7763916,-0.287989
-1.7761916,-0.319988
-1.7759916,-0.319988
-1.7757916,-0.319988
-1.7755916,-0.319988
-1.7753916,-0.287989
-1.7751916,-0.351986
-1.7749916,-0.319988
-1.7747916,-0.319988
-1.7745916,-0.351986
-1.7743916,-0.351986
-1.7741916,-0.287989
-1.7739916,-0.351986
-1.7737916,-0.383985
-1.7735916,-0.319988
-1.7733916,-0.319988
-1.7731916,-0.351986
-1.7729916,-0.383985
-1.7727916,-0.351986
-1.7725916,-0.351986
-1.7723916,-0.383985
-1.7721916,-0.319988
-1.7719916,-0.319988
-1.7717916,-0.351986
-1.7715916,-0.319988
-1.7713916,-0.351986
-1.7711916,-0.383985
-1.7709916,-0.351986
-1.7707916,-0.319988
-1.7705916,-0.351986
-1.7703916,-0.383985
-1.7701916,-0.351986
-1.7699916,-0.351986
-1.7697916,-0.319988
-1.7695916,-0.351986
-1.7693916,-0.319988
-1.7691916,-0.351986
-1.7689916,-0.319988
-1.7687916,-0.351986
-1.7685916,-0.319988
-1.7683916,-0.351986
-1.7681916,-0.383985
-1.7679916,-0.351986
-1.7677916,-0.319988
-1.7675916,-0.319988
-1.7673916,-0.351986
-1.7671916,-0.351986
-1.7669916,-0.351986
-1.7667916,-0.319988
-1.7665916,-0.383985
-1.7663916,-0.383985
-1.7661916,-0.319988
-1.7659916,-0.415984
-1.7657916,-0.383985
-1.7655916,-0.351986
-1.7653916,-0.383985
-1.7651916,-0.351986
-1.7649916,-0.351986
-1.7647916,-0.383985
-1.7645916,-0.415984
-1.7643916,-0.351986
-1.7641916,-0.383985
-1.7639916,-0.383985
-1.7637916,-0.415984
-1.7635916,-0.383985
-1.7633916,-0.383985
-1.7631916,-0.319988
-1.7629916,-0.383985
-1.7627916,-0.319988
-1.7625916,-0.351986
-1.7623916,-0.351986
-1.7621916,-0.383985
-1.7619916,-0.351986
-1.7617916,-0.383985
-1.7615916,-0.383985
-1.7613916,-0.319988
-1.7611916,-0.351986
-1.7609916,-0.351986
-1.7607916,-0.383985
-1.7605916,-0.383985
-1.7603916,-0.351986
-1.7601916,-0.351986
-1.7599916,-0.383985
-1.7597916,-0.351986
-1.7595916,-0.351986
-1.7593916,-0.351986
-1.7591916,-0.351986
-1.7589916,-0.351986
-1.7587916,-0.383985
-1.7585916,-0.351986
-1.7583916,-0.319988
-1.7581916,-0.383985
-1.7579916,-0.383985
-1.7577916,-0.351986
-1.7575916,-0.319988
-1.7573916,-0.351986
-1.7571916,-0.351986
-1.7569916,-0.351986
-1.7567916,-0.383985
-1.7565916,-0.319988
-1.7563916,-0.319988
-1.7561916,-0.383985
-1.7559916,-0.319988
-1.7557916,-0.319988
-1.7555916,-0.319988
-1.7553916,-0.287989
-1.7551916,-0.287989
-1.7549916,-0.319988
-1.7547916,-0.287989
-1.7545916,-0.351986
-1.7543916,-0.287989
-1.7541916,-0.287989
-1.7539916,-0.287989
-1.7537916,-0.287989
-1.7535916,-0.287989
-1.7533916,-0.319988
-1.7531916,-0.287989
-1.7529916,-0.319988
-1.7527916,-0.287989
-1.7525916,-0.287989
-1.7523916,-0.287989
-1.7521916,-0.319988
-1.7519916,-0.287989
-1.7517916,-0.287989
-1.7515916,-0.287989
-1.7513916,-0.25599
-1.7511916,-0.287989
-1.7509916,-0.25599
-1.7507916,-0.223991
-1.7505916,-0.319988
-1.7503916,-0.287989
-1.7501916,-0.223991
-1.7499916,-0.319988
-1.7497916,-0.25599
-1.7495916,-0.223991
-1.7493916,-0.319988
-1.7491916,-0.25599
-1.7489916,-0.25599
-1.7487916,-0.25599
-1.7485916,-0.25599
-1.7483916,-0.25599
-1.7481916,-0.287989
-1.7479916,-0.287989
-1.7477916,-0.25599
-1.7475916,-0.25599
-1.7473916,-0.25599
-1.7471916,-0.25599
-1.7469916,-0.223991
-1.7467916,-0.25599
-1.7465916,-0.287989
-1.7463916,-0.287989
-1.7461916,-0.25599
-1.7459916,-0.287989
-1.7457916,-0.25599
-1.7455916,-0.25599
-1.7453916,-0.25599
-1.7451916,-0.287989
-1.7449916,-0.287989
-1.7447916,-0.25599
-1.7445916,-0.287989
-1.7443916,-0.25599
-1.7441916,-0.25599
-1.7439916,-0.223991
-1.7437916,-0.287989
-1.7435916,-0.191993
-1.7433916,-0.287989
-1.7431916,-0.223991
-1.7429916,-0.25599
-1.7427916,-0.287989
-1.7425916,-0.223991
-1.7423916,-0.191993
-1.7421916,-0.25599
-1.7419916,-0.191993
-1.7417916,-0.191993
-1.7415916,-0.287989
-1.7413916,-0.25599
-1.7411916,-0.223991
-1.7409916,-0.223991
-1.7407916,-0.287989
-1.7405916,-0.191993
-1.7403916,-0.25599
-1.7401916,-0.25599
-1.7399916,-0.25599
-1.7397916,-0.25599
-1.7395916,-0.191993
-1.7393916,-0.223991
-1.7391916,-0.287989
-1.7389916,-0.287989
-1.7387916,-0.191993
-1.7385916,-0.25599
-1.7383916,-0.25599
-1.7381916,-0.223991
-1.7379916,-0.25599
-1.7377916,-0.287989
-1.7375916,-0.223991
-1.7373916,-0.25599
-1.7371916,-0.223991
-1.7369916,-0.223991
-1.7367916,-0.223991
-1.7365916,-0.25599
-1.7363916,-0.223991
-1.7361916,-0.25599
-1.7359916,-0.223991
-1.7357916,-0.223991
-1.7355916,-0.223991
-1.7353916,-0.287989
-1.7351916,-0.191993
-1.7349916,-0.191993
-1.7347916,-0.25599
-1.7345916,-0.223991
-1.7343916,-0.287989
-1.7341916,-0.223991
-1.7339916,-0.25599
-1.7337916,-0.25599
-1.7335916,-0.223991
-1.7333916,-0.223991
-1.7331916,-0.25599
-1.7329916,-0.25599
-1.7327916,-0.223991
-1.7325916,-0.223991
-1.7323916,-0.223991
-1.7321916,-0.287989
-1.7319916,-0.25599
-1.7317916,-0.25599
-1.7315916,-0.25599
-1.7313916,-0.25599
-1.7311916,-0.223991
-1.7309916,-0.25599
-1.7307916,-0.25599
-1.7305916,-0.25599
-1.7303916,-0.223991
-1.7301916,-0.223991
-1.7299916,-0.287989
-1.7297916,-0.223991
-1.7295916,-0.25599
-1.7293916,-0.223991
-1.7291916,-0.25599
-1.7289916,-0.223991
-1.7287916,-0.25599
-1.7285916,-0.191993
-1.7283916,-0.25599
-1.7281916,-0.191993
-1.7279916,-0.191993
-1.7277916,-0.25599
-1.7275916,-0.223991
-1.7273916,-0.191993
-1.7271916,-0.191993
-1.7269916,-0.223991
-1.7267916,-0.191993
-1.7265916,-0.223991
-1.7263916,-0.223991
-1.7261916,-0.191993
-1.7259916,-0.25599
-1.7257916,-0.223991
-1.7255916,-0.25599
-1.7253916,-0.25599
-1.7251916,-0.191993
-1.7249916,-0.223991
-1.7247916,-0.223991
-1.7245916,-0.25599
-1.7243916,-0.191993
-1.7241916,-0.191993
-1.7239916,-0.191993
-1.7237916,-0.191993
-1.7235916,-0.25599
-1.7233916,-0.25599
-1.7231916,-0.191993
-1.7229916,-0.25599
-1.7227916,-0.25599
-1.7225916,-0.223991
-1.7223916,-0.25599
-1.7221916,-0.191993
-1.7219916,-0.159994
-1.7217916,-0.223991
-1.7215916,-0.191993
-1.7213916,-0.191993
-1.7211916,-0.223991
-1.7209916,-0.191993
-1.7207916,-0.191993
-1.7205916,-0.223991
-1.7203916,-0.223991
-1.7201916,-0.191993
-1.7199916,-0.223991
-1.7197916,-0.223991
-1.7195916,-0.191993
-1.7193916,-0.223991
-1.7191916,-0.191993
-1.7189916,-0.191993
-1.7187916,-0.191993
-1.7185916,-0.223991
-1.7183916,-0.159994
-1.7181916,-0.25599
-1.7179916,-0.223991
-1.7177916,-0.223991
-1.7175916,-0.191993
-1.7173916,-0.191993
-1.7171916,-0.191993
-1.7169916,-0.223991
-1.7167916,-0.159994
-1.7165916,-0.191993
-1.7163916,-0.223991
-1.7161916,-0.191993
-1.7159916,-0.223991
-1.7157916,-0.223991
-1.7155916,-0.223991
-1.7153916,-0.159994
-1.7151916,-0.25599
-1.7149916,-0.191993
-1.7147916,-0.191993
-1.7145916,-0.191993
-1.7143916,-0.25599
-1.7141916,-0.159994
-1.7139916,-0.223991
-1.7137916,-0.191993
-1.7135916,-0.191993
-1.7133916,-0.223991
-1.7131916,-0.159994
-1.7129916,-0.127995
-1.7127916,-0.223991
-1.7125916,-0.223991
-1.7123916,-0.159994
-1.7121916,-0.223991
-1.7119916,-0.191993
-1.7117916,-0.223991
-1.7115916,-0.223991
-1.7113916,-0.191993
-1.7111916,-0.159994
-1.7109916,-0.223991
-1.7107916,-0.25599
-1.7105916,-0.159994
-1.7103916,-0.191993
-1.7101916,-0.191993
-1.7099916,-0.191993
-1.7097916,-0.191993
-1.7095916,-0.191993
-1.7093916,-0.191993
-1.7091916,-0.191993
-1.7089916,-0.223991
-1.7087916,-0.191993
-1.7085916,-0.223991
-1.7083916,-0.159994
-1.7081916,-0.159994
-1.7079916,-0.223991
-1.7077916,-0.223991
-1.7075916,-0.159994
-1.7073916,-0.25599
-1.7071916,-0.25599
-1.7069916,-0.223991
-1.7067916,-0.223991
-1.7065916,-0.223991
-1.7063916,-0.159994
-1.7061916,-0.191993
-1.7059916,-0.223991
-1.7057916,-0.191993
-1.7055916,-0.191993
-1.7053916,-0.223991
-1.7051916,-0.191993
-1.7049916,-0.191993
-1.7047916,-0.191993
-1.7045916,-0.159994
-1.7043916,-0.159994
-1.7041916,-0.191993
-1.7039916,-0.191993
-1.7037916,-0.191993
-1.7035916,-0.191993
-1.7033916,-0.159994
-1.7031916,-0.191993
-1.7029916,-0.159994
-1.7027916,-0.159994
-1.7025916,-0.159994
-1.7023916,-0.191993
-1.7021916,-0.191993
-1.7019916,-0.223991
-1.7017916,-0.223991
-1.7015916,-0.159994
-1.7013916,-0.159994
-1.7011916,-0.191993
-1.7009916,-0.191993
-1.7007916,-0.159994
-1.7005916,-0.159994
-1.7003916,-0.223991
-1.7001916,-0.223991
-1.6999916,-0.127995
-1.6997916,-0.191993
-1.6995916,-0.191993
-1.6993916,-0.223991
-1.6991916,-0.159994
-1.6989916,-0.159994
-1.6987916,-0.191993
-1.6985916,-0.159994
-1.6983916,-0.191993
-1.6981916,-0.25599
-1.6979916,-0.191993
-1.6977916,-0.223991
-1.6975916,-0.191993
-1.6973916,-0.159994
-1.6971916,-0.191993
-1.6969916,-0.159994
-1.6967916,-0.223991
-1.6965916,-0.223991
-1.6963916,-0.159994
-1.6961916,-0.191993
-1.6959916,-0.191993
-1.6957916,-0.223991
-1.6955916,-0.159994
-1.6953916,-0.191993
-1.6951916,-0.159994
-1.6949916,-0.159994
-1.6947916,-0.191993
-1.6945916,-0.127995
-1.6943916,-0.159994
-1.6941916,-0.159994
-1.6939916,-0.159994
-1.6937916,-0.159994
-1.6935916,-0.223991
-1.6933916,-0.127995
-1.6931916,-0.159994
-1.6929916,-0.159994
-1.6927916,-0.159994
-1.6925916,-0.159994
-1.6923916,-0.159994
-1.6921916,-0.159994
-1.6919916,-0.159994
-1.6917916,-0.159994
-1.6915916,-0.159994
-1.6913916,-0.127995
-1.6911916,-0.159994
-1.6909916,-0.159994
-1.6907916,-0.159994
-1.6905916,-0.159994
-1.6903916,-0.159994
-1.6901916,-0.127995
-1.6899916,-0.159994
-1.6897916,-0.159994
-1.6895916,-0.127995
-1.6893916,-0.159994
-1.6891916,-0.127995
-1.6889916,-0.127995
-1.6887916,-0.159994
-1.6885916,-0.127995
-1.6883916,-0.159994
-1.6881916,-0.159994
-1.6879916,-0.127995
-1.6877916,-0.159994
-1.6875916,-0.159994
-1.6873916,-0.127995
-1.6871916,-0.127995
-1.6869916,-0.159994
-1.6867916,-0.0959963
-1.6865916,-0.127995
-1.6863916,-0.159994
-1.6861916,-0.159994
-1.6859916,-0.127995
-1.6857916,-0.127995
-1.6855916,-0.159994
-1.6853916,-0.159994
-1.6851916,-0.159994
-1.6849916,-0.159994
-1.6847916,-0.127995
-1.6845916,-0.159994
-1.6843916,-0.127995
-1.6841916,-0.127995
-1.6839916,-0.127995
-1.6837916,-0.127995
-1.6835916,-0.127995
-1.6833916,-0.159994
-1.6831916,-0.191993
-1.6829916,-0.0959963
-1.6827916,-0.127995
-1.6825916,-0.127995
-1.6823916,-0.159994
-1.6821916,-0.159994
-1.6819916,-0.159994
-1.6817916,-0.159994
-1.6815916,-0.127995
-1.6813916,-0.159994
-1.6811916,-0.0959963
-1.6809916,-0.127995
-1.6807916,-0.159994
-1.6805916,-0.127995
-1.6803916,-0.159994
-1.6801916,-0.127995
-1.6799916,-0.0959963
-1.6797916,-0.0959963
-1.6795916,-0.0959963
-1.6793916,-0.0959963
-1.6791916,-0.159994
-1.6789916,-0.0959963
-1.6787916,-0.127995
-1.6785916,-0.159994
-1.6783916,-0.127995
-1.6781916,-0.0959963
-1.6779916,-0.159994
-1.6777916,-0.127995
-1.6775916,-0.127995
-1.6773916,-0.159994
-1.6771916,-0.127995
-1.6769916,-0.0959963
-1.6767916,-0.127995
-1.6765916,-0.159994
-1.6763916,-0.127995
-1.6761916,-0.159994
-1.6759916,-0.127995
-1.6757916,-0.127995
-1.6755916,-0.159994
-1.6753916,-0.159994
-1.6751916,-0.0959963
-1.6749916,-0.159994
-1.6747916,-0.159994
-1.6745916,-0.127995
-1.6743916,-0.127995
-1.6741916,-0.159994
-1.6739916,-0.0959963
-1.6737916,-0.159994
-1.6735916,-0.127995
-1.6733916,-0.0639975
-1.6731916,-0.127995
-1.6729916,-0.127995
-1.6727916,-0.127995
-1.6725916,-0.127995
-1.6723916,-0.159994
-1.6721916,-0.127995
-1.6719916,-0.159994
-1.6717916,-0.0639975
-1.6715916,-0.0959963
-1.6713916,-0.127995
-1.6711916,-0.127995
-1.6709916,-0.0959963
-1.6707916,-0.127995
-1.6705916,-0.127995
-1.6703916,-0.0959963
-1.6701916,-0.127995
-1.6699916,-0.0959963
-1.6697916,-0.127995
-1.6695916,-0.127995
-1.6693916,-0.127995
-1.6691916,-0.0959963
-1.6689916,-0.127995
-1.6687916,-0.0959963
-1.6685916,-0.0639975
-1.6683916,-0.127995
-1.6681916,-0.127995
-1.6679916,-0.0639975
-1.6677916,-0.127995
-1.6675916,-0.0959963
-1.6673916,-0.0959963
-1.6671916,-0.127995
-1.6669916,-0.0319988
-1.6667916,-0.0959963
-1.6665916,-0.0959963
-1.6663916,-0.0959963
-1.6661916,-0.127995
-1.6659916,-0.0959963
-1.6657916,-0.0959963
-1.6655916,-0.0959963
-1.6653916,-0.0959963
-1.6651916,-0.0959963
-1.6649916,-0.0959963
-1.6647916,-0.0959963
-1.6645916,-0.0959963
-1.6643916,-0.127995
-1.6641916,-0.127995
-1.6639916,-0.0639975
-1.6637916,-0.0959963
-1.6635916,-0.0959963
-1.6633916,-0.0639975
-1.6631916,-0.0959963
-1.6629916,-0.0959963
-1.6627916,-0.0959963
-1.6625916,-0.0959963
-1.6623916,-0.0959963
-1.6621916,-0.0639975
-1.6619916,-0.0959963
-1.6617916,-0.127995
-1.6615916,-0.0639975
-1.6613916,-0.0639975
-1.6611916,-0.0959963
-1.6609916,-0.0959963
-1.6607916,-0.0639975
-1.6605916,-0.127995
-1.6603916,-0.0959963
-1.6601916,-0.0959963
-1.6599916,-0.127995
-1.6597916,-0.0959963
-1.6595916,-0.0639975
-1.6593916,-0.0959963
-1.6591916,-0.0959963
-1.6589916,-0.127995
-1.6587916,-0.127995
-1.6585916,-0.0959963
-1.6583916,-0.0959963
-1.6581916,-0.127995
-1.6579916,-0.0959963
-1.6577916,-0.0639975
-1.6575916,-0.127995
-1.6573916,-0.0639975
-1.6571916,-0.0959963
-1.6569916,-0.0959963
-1.6567916,-0.0639975
-1.6565916,-0.0959963
-1.6563916,-0.0639975
-1.6561916,-0.0639975
-1.6559916,-0.0639975
-1.6557916,-0.0639975
-1.6555916,-0.0959963
-1.6553916,-0.0639975
-1.6551916,-0.127995
-1.6549916,-0.0959963
-1.6547916,-0.0959963
-1.6545916,-0.0959963
-1.6543916,-0.0639975
-1.6541916,-0.0639975
-1.6539916,-0.0959963
-1.6537916,-0.0319988
-1.6535916,-0.0319988
-1.6533916,-0.0639975
-1.6531916,-0.0639975
-1.6529916,-0.0639975
-1.6527916,-0.0319988
-1.6525916,-0.0319988
-1.6523916,-0.0639975
-1.6521916,-0.0319988
-1.6519916,-0.0639975
-1.6517916,-0.0319988
-1.6515916,-0.0959963
-1.6513916,0
-1.6511916,-0.0319988
-1.6509916,-0.0639975
-1.6507916,-0.0639975
-1.6505916,0
-1.6503916,-0.0639975
-1.6501916,-0.0319988
-1.6499916,-0.0319988
-1.6497916,-0.0639975
-1.6495916,-0.0319988
-1.6493916,0
-1.6491916,-0.0639975
-1.6489916,-0.0319988
-1.6487916,-0.0319988
-1.6485916,0
-1.6483916,-0.0319988
-1.6481916,0
-1.6479916,-0.0319988
-1.6477916,0.0319988
-1.6475916,0.0319988
-1.6473916,0
-1.6471916,0.0319988
-1.6469916,0
-1.6467916,0
-1.6465916,0
-1.6463916,0.0319988
-1.6461916,-0.0319988
-1.6459916,0.0639975
-1.6457916,0.0319988
-1.6455916,0.0319988
-1.6453916,-0.0319988
-1.6451916,0.0639975
-1.6449916,0
-1.6447916,0.0639975
-1.6445916,0.0639975
-1.6443916,0.0319988
-1.6441916,0.0319988
-1.6439916,0.0639975
-1.6437916,0.0319988
-1.6435916,0.0319988
-1.6433916,0.0639975
-1.6431916,0.0319988
-1.6429916,0.0639975
-1.6427916,0.0959963
-1.6425916,0.0639975
-1.6423916,0.0639975
-1.6421916,0.0959963
-1.6419916,0.0639975
-1.6417916,0.0639975
-1.6415916,0.0639975
-1.6413916,0.0639975
-1.6411916,0.0959963
-1.6409916,0.0639975
-1.6407916,0.0959963
-1.6405916,0.0959963
-1.6403916,0.127995
-1.6401916,0.0959963
-1.6399916,0.127995
-1.6397916,0.0959963
-1.6395916,0.0639975
-1.6393916,0.127995
-1.6391916,0.127995
-1.6389916,0.0319988
-1.6387916,0.0959963
-1.6385916,0.127995
-1.6383916,0.0959963
-1.6381916,0.0959963
-1.6379916,0.159994
-1.6377916,0.0959963
-1.6375916,0.127995
-1.6373916,0.159994
-1.6371916,0.127995
-1.6369916,0.159994
-1.6367916,0.159994
-1.6365916,0.127995
-1.6363916,0.127995
-1.6361916,0.159994
-1.6359916,0.127995
-1.6357916,0.127995
-1.6355916,0.159994
-1.6353916,0.159994
-1.6351916,0.127995
-1.6349916,0.159994
-1.6347916,0.159994
-1.6345916,0.191993
-1.6343916,0.159994
-1.6341916,0.191993
-1.6339916,0.159994
-1.6337916,0.191993
-1.6335916,0.127995
-1.6333916,0.223991
-1.6331916,0.127995
-1.6329916,0.223991
-1.6327916,0.159994
-1.6325916,0.159994
-1.6323916,0.191993
-1.6321916,0.191993
-1.6319916,0.159994
-1.6317916,0.191993
-1.6315916,0.223991
-1.6313916,0.223991
-1.6311916,0.191993
-1.6309916,0.223991
-1.6307916,0.223991
-1.6305916,0.159994
-1.6303916,0.191993
-1.6301916,0.223991
-1.6299916,0.223991
-1.6297916,0.223991
-1.6295916,0.191993
-1.6293916,0.191993
-1.6291916,0.223991
-1.6289916,0.191993
-1.6287916,0.25599
-1.6285916,0.25599
-1.6283916,0.223991
-1.6281916,0.25599
-1.6279916,0.223991
-1.6277916,0.223991
-1.6275916,0.223991
-1.6273916,0.25599
-1.6271916,0.223991
-1.6269916,0.191993
-1.6267916,0.25599
-1.6265916,0.25599
-1.6263916,0.25599
-1.6261916,0.25599
-1.6259916,0.25599
-1.6257916,0.25599
-1.6255916,0.287989
-1.6253916,0.191993
-1.6251916,0.25599
-1.6249916,0.319988
-1.6247916,0.25599
-1.6245916,0.287989
-1.6243916,0.319988
-1.6241916,0.25599
-1.6239916,0.319988
-1.6237916,0.287989
-1.6235916,0.287989
-1.6233916,0.287989
-1.6231916,0.319988
-1.6229916,0.287989
-1.6227916,0.287989
-1.6225916,0.351986
-1.6223916,0.287989
-1.6221916,0.287989
-1.6219916,0.287989
-1.6217916,0.287989
-1.6215916,0.25599
-1.6213916,0.351986
-1.6211916,0.287989
-1.6209916,0.319988
-1.6207916,0.319988
-1.6205916,0.319988
-1.6203916,0.287989
-1.6201916,0.287989
-1.6199916,0.287989
-1.6197916,0.319988
-1.6195916,0.319988
-1.6193916,0.319988
-1.6191916,0.287989
-1.6189916,0.351986
-1.6187916,0.319988
-1.6185916,0.319988
-1.6183916,0.319988
-1.6181916,0.319988
-1.6179916,0.319988
-1.6177916,0.351986
-1.6175916,0.287989
-1.6173916,0.319988
-1.6171916,0.319988
-1.6169916,0.287989
-1.6167916,0.351986
-1.6165916,0.351986
-1.6163916,0.319988
-1.6161916,0.319988
-1.6159916,0.319988
-1.6157916,0.287989
-1.6155916,0.287989
-1.6153916,0.319988
-1.6151916,0.319988
-1.6149916,0.287989
-1.6147916,0.351986
-1.6145916,0.287989
-1.6143916,0.319988
-1.6141916,0.319988
-1.6139916,0.287989
-1.6137916,0.319988
-1.6135916,0.351986
-1.6133916,0.351986
-1.6131916,0.319988
-1.6129916,0.287989
-1.6127916,0.319988
-1.6125916,0.319988
-1.6123916,0.319988
-1.6121916,0.351986
-1.6119916,0.319988
-1.6117916,0.351986
-1.6115916,0.319988
-1.6113916,0.319988
-1.6111916,0.351986
-1.6109916,0.319988
-1.6107916,0.287989
-1.6105916,0.287989
-1.6103916,0.319988
-1.6101916,0.319988
-1.6099916,0.319988
-1.6097916,0.319988
-1.6095916,0.351986
-1.6093916,0.351986
-1.6091916,0.319988
-1.6089916,0.287989
-1.6087916,0.351986
-1.6085916,0.287989
-1.6083916,0.287989
-1.6081916,0.287989
-1.6079916,0.319988
-1.6077916,0.287989
-1.6075916,0.319988
-1.6073916,0.287989
-1.6071916,0.319988
-1.6069916,0.351986
-1.6067916,0.287989
-1.6065916,0.319988
-1.6063916,0.287989
-1.6061916,0.287989
-1.6059916,0.319988
-1.6057916,0.351986
-1.6055916,0.25599
-1.6053916,0.287989
-1.6051916,0.287989
-1.6049916,0.287989
-1.6047916,0.287989
-1.6045916,0.287989
-1.6043916,0.287989
-1.6041916,0.25599
-1.6039916,0.319988
-1.6037916,0.287989
-1.6035916,0.319988
-1.6033916,0.319988
-1.6031916,0.287989
-1.6029916,0.287989
-1.6027916,0.319988
-1.6025916,0.25599
-1.6023916,0.287989
-1.6021916,0.319988
-1.6019916,0.287989
-1.6017916,0.287989
-1.6015916,0.287989
-1.6013916,0.25599
-1.6011916,0.287989
-1.6009916,0.287989
-1.6007916,0.223991
-1.6005916,0.319988
-1.6003916,0.287989
-1.6001916,0.319988
-1.5999916,0.25599
-1.5997916,0.25599
-1.5995916,0.223991
-1.5993916,0.25599
-1.5991916,0.287989
-1.5989916,0.287989
-1.5987916,0.287989
-1.5985916,0.25599
-1.5983916,0.25599
-1.5981916,0.223991
-1.5979916,0.25599
-1.5977916,0.25599
-1.5975916,0.223991
-1.5973916,0.25599
-1.5971916,0.25599
-1.5969916,0.25599
-1.5967916,0.319988
-1.5965916,0.223991
-1.5963916,0.223991
-1.5961916,0.223991
-1.5959916,0.223991
-1.5957916,0.25599
-1.5955916,0.25599
-1.5953916,0.191993
-1.5951916,0.191993
-1.5949916,0.223991
-1.5947916,0.191993
-1.5945916,0.223991
-1.5943916,0.25599
-1.5941916,0.191993
-1.5939916,0.223991
-1.5937916,0.191993
-1.5935916,0.223991
-1.5933916,0.223991
-1.5931916,0.223991
-1.5929916,0.191993
-1.5927916,0.223991
-1.5925916,0.191993
-1.5923916,0.159994
-1.5921916,0.223991
-1.5919916,0.191993
-1.5917916,0.191993
-1.5915916,0.223991
-1.5913916,0.159994
-1.5911916,0.159994
-1.5909916,0.159994
-1.5907916,0.159994
-1.5905916,0.159994
-1.5903916,0.191993
-1.5901916,0.223991
-1.5899916,0.127995
-1.5897916,0.159994
-1.5895916,0.191993
-1.5893916,0.159994
-1.5891916,0.159994
-1.5889916,0.159994
-1.5887916,0.159994
-1.5885916,0.159994
-1.5883916,0.159994
-1.5881916,0.127995
-1.5879916,0.159994
-1.5877916,0.159994
-1.5875916,0.127995
-1.5873916,0.159994
-1.5871916,0.159994
-1.5869916,0.127995
-1.5867916,0.127995
-1.5865916,0.159994
-1.5863916,0.127995
-1.5861916,0.159994
-1.5859916,0.159994
-1.5857916,0.127995
-1.5855916,0.127995
-1.5853916,0.0959963
-1.5851916,0.127995
-1.5849916,0.159994
-1.5847916,0.127995
-1.5845916,0.0959963
-1.5843916,0.0959963
-1.5841916,0.0959963
-1.5839916,0.0959963
-1.5837916,0.127995
-1.5835916,0.159994
-1.5833916,0.127995
-1.5831916,0.0959963
-1.5829916,0.127995
-1.5827916,0.127995
-1.5825916,0.127995
-1.5823916,0.127995
-1.5821916,0.0959963
-1.5819916,0.159994
-1.5817916,0.0959963
-1.5815916,0.127995
-1.5813916,0.127995
-1.5811916,0.127995
-1.5809916,0.0959963
-1.5807916,0.127995
-1.5805916,0.127995
-1.5803916,0.127995
-1.5801916,0.0959963
-1.5799916,0.127995
-1.5797916,0.0959963
-1.5795916,0.127995
-1.5793916,0.127995
-1.5791916,0.127995
-1.5789916,0.0959963
-1.5787916,0.159994
-1.5785916,0.0959963
-1.5783916,0.127995
-1.5781916,0.0959963
-1.5779916,0.127995
-1.5777916,0.0959963
-1.5775916,0.127995
-1.5773916,0.0959963
-1.5771916,0.159994
-1.5769916,0.0959963
-1.5767916,0.127995
-1.5765916,0.159994
-1.5763916,0.0959963
-1.5761916,0.127995
-1.5759916,0.127995
-1.5757916,0.127995
-1.5755916,0.127995
-1.5753916,0.127995
-1.5751916,0.127995
-1.5749916,0.127995
-1.5747916,0.0959963
-1.5745916,0.159994
-1.5743916,0.0959963
-1.5741916,0.0959963
-1.5739916,0.127995
-1.5737916,0.0959963
-1.5735916,0.0959963
-1.5733916,0.127995
-1.5731916,0.0959963
-1.5729916,0.0959963
-1.5727916,0.127995
-1.5725916,0.0959963
-1.5723916,0.127995
-1.5721916,0.159994
-1.5719916,0.0959963
-1.5717916,0.0959963
-1.5715916,0.127995
-1.5713916,0.0959963
-1.5711916,0.127995
-1.5709916,0.0959963
-1.5707916,0.0959963
-1.5705916,0.127995
-1.5703916,0.0639975
-1.5701916,0.0959963
-1.5699916,0.0639975
-1.5697916,0.127995
-1.5695916,0.0959963
-1.5693916,0.0959963
-1.5691916,0.127995
-1.5689916,0.0959963
-1.5687916,0.0959963
-1.5685916,0.0959963
-1.5683916,0.0959963
-1.5681916,0.127995
-1.5679916,0.0639975
-1.5677916,0.0959963
-1.5675916,0.0639975
-1.5673916,0.127995
-1.5671916,0.0959963
-1.5669916,0.0959963
-1.5667916,0.0959963
-1.5665916,0.0959963
-1.5663916,0.0959963
-1.5661916,0.0959963
-1.5659916,0.0959963
-1.5657916,0.0959963
-1.5655916,0.0959963
-1.5653916,0.0959963
-1.5651916,0.0959963
-1.5649916,0.0959963
-1.5647916,0.0959963
-1.5645916,0.0959963
-1.5643916,0.159994
-1.5641916,0.0959963
-1.5639916,0.0319988
-1.5637916,0.0959963
-1.5635916,0.0639975
-1.5633916,0.127995
-1.5631916,0.0959963
-1.5629916,0.0959963
-1.5627916,0.0319988
-1.5625916,0.0959963
-1.5623916,0.0959963
-1.5621916,0.0639975
-1.5619916,0.0959963
-1.5617916,0.0959963
-1.5615916,0.0639975
-1.5613916,0.0639975
-1.5611916,0.0639975
-1.5609916,0.0959963
-1.5607916,0.0639975
-1.5605916,0.0639975
-1.5603916,0.0639975
-1.5601916,0.0639975
-1.5599916,0.0959963
-1.5597916,0.0959963
-1.5595916,0.0959963
-1.5593916,0.0959963
-1.5591916,0.0319988
-1.5589916,0.0639975
-1.5587916,0.0959963
-1.5585916,0.0959963
-1.5583916,0.0639975
-1.5581916,0.0959963
-1.5579916,0.0639975
-1.5577916,0.0639975
-1.5575916,0.0639975
-1.5573916,0.0639975
-1.5571916,0.0959963
-1.5569916,0.0639975
-1.5567916,0.0639975
-1.5565916,0.0959963
-1.5563916,0.0319988
-1.5561916,0.0639975
-1.5559916,0.0959963
-1.5557916,0.0959963
-1.5555916,0.0639975
-1.5553916,0.0639975
-1.5551916,0.0639975
-1.5549916,0.0319988
-1.5547916,0.0639975
-1.5545916,0.0959963
-1.5543916,0.0639975
-1.5541916,0.0319988
-1.5539916,0.0319988
-1.5537916,0
-1.5535916,0.0639975
-1.5533916,0.0319988
-1.5531916,0.0639975
-1.5529916,0.0639975
-1.5527916,0.0639975
-1.5525916,0.0319988
-1.5523916,0.0639975
-1.5521916,0
-1.5519916,0.0639975
-1.5517916,0.0639975
-1.5515916,0.0319988
-1.5513916,0.0319988
-1.5511916,0.0639975
-1.5509916,0.0639975
-1.5507916,0
-1.5505916,0.0319988
-1.5503916,0.0319988
-1.5501916,0.0319988
-1.5499916,0.0319988
-1.5497916,0.0319988
-1.5495916,-0.0319988
-1.5493916,0.0639975
-1.5491916,0.0319988
-1.5489916,0.0319988
-1.5487916,0
-1.5485916,0.0319988
-1.5483916,0.0319988
-1.5481916,0.0319988
-1.5479916,0
-1.5477916,-0.0319988
-1.5475916,0.0319988
-1.5473916,0
-1.5471916,0
-1.5469916,0
-1.5467916,0
-1.5465916,-0.0319988
-1.5463916,-0.0319988
-1.5461916,0
-1.5459916,-0.0319988
-1.5457916,0.0319988
-1.5455916,0
-1.5453916,0
-1.5451916,0
-1.5449916,0.0319988
-1.5447916,-0.0319988
-1.5445916,0.0319988
-1.5443916,0.0319988
-1.5441916,-0.0319988
-1.5439916,0
-1.5437916,0
-1.5435916,-0.0639975
-1.5433916,0
-1.5431916,0
-1.5429916,-0.0319988
-1.5427916,-0.0319988
-1.5425916,-0.0319988
-1.5423916,-0.0639975
-1.5421916,-0.0319988
-1.5419916,0
-1.5417916,-0.0319988
-1.5415916,0
-1.5413916,0
-1.5411916,-0.0639975
-1.5409916,0
-1.5407916,-0.0319988
-1.5405916,-0.0959963
-1.5403916,-0.0319988
-1.5401916,0
-1.5399916,-0.0319988
-1.5397916,-0.0639975
-1.5395916,0
-1.5393916,-0.0319988
-1.5391916,-0.0319988
-1.5389916,-0.0319988
-1.5387916,-0.0639975
-1.5385916,-0.0319988
-1.5383916,-0.0639975
-1.5381916,-0.0959963
-1.5379916,-0.0319988
-1.5377916,-0.0959963
-1.5375916,-0.0959963
-1.5373916,-0.0639975
-1.5371916,-0.0959963
-1.5369916,-0.0959963
-1.5367916,-0.0319988
-1.5365916,-0.0319988
-1.5363916,-0.127995
-1.5361916,-0.0959963
-1.5359916,-0.0959963
-1.5357916,-0.127995
-1.5355916,-0.0319988
-1.5353916,-0.0639975
-1.5351916,-0.0639975
-1.5349916,-0.0959963
-1.5347916,-0.0639975
-1.5345916,-0.127995
-1.5343916,-0.0959963
-1.5341916,-0.0639975
-1.5339916,-0.0959963
-1.5337916,-0.0959963
-1.5335916,-0.0639975
-1.5333916,-0.0959963
-1.5331916,-0.0959963
-1.5329916,-0.0959963
-1.5327916,-0.159994
-1.5325916,-0.0639975
-1.5323916,-0.0639975
-1.5321916,-0.0959963
-1.5319916,-0.0639975
-1.5317916,-0.0959963
-1.5315916,-0.0959963
-1.5313916,-0.0639975
-1.5311916,-0.0959963
-1.5309916,-0.127995
-1.5307916,-0.0959963
-1.5305916,-0.0959963
-1.5303916,-0.0959963
-1.5301916,-0.0959963
-1.5299916,-0.0959963
-1.5297916,-0.0959963
-1.5295916,-0.0959963
-1.5293916,-0.0639975
-1.5291916,-0.127995
-1.5289916,-0.0959963
-1.5287916,-0.0639975
-1.5285916,-0.0959963
-1.5283916,-0.0319988
-1.5281916,-0.127995
-1.5279916,-0.127995
-1.5277916,-0.127995
-1.5275916,-0.0959963
-1.5273916,-0.0959963
-1.5271916,-0.0959963
-1.5269916,-0.0959963
-1.5267916,-0.127995
-1.5265916,-0.0959963
-1.5263916,-0.0959963
-1.5261916,-0.0959963
-1.5259916,-0.0959963
-1.5257916,-0.0959963
-1.5255916,-0.127995
-1.5253916,-0.0639975
-1.5251916,-0.0959963
-1.5249916,-0.127995
-1.5247916,-0.127995
-1.5245916,-0.0639975
-1.5243916,-0.159994
-1.5241916,-0.127995
-1.5239916,-0.0959963
-1.5237916,-0.127995
-1.5235916,-0.0959963
-1.5233916,-0.0959963
-1.5231916,-0.0959963
-1.5229916,-0.127995
-1.5227916,-0.0959963
-1.5225916,-0.127995
-1.5223916,-0.0959963
-1.5221916,-0.127995
-1.5219916,-0.127995
-1.5217916,-0.0959963
-1.5215916,-0.0959963
-1.5213916,-0.0959963
-1.5211916,-0.127995
-1.5209916,-0.0959963
-1.5207916,-0.159994
-1.5205916,-0.0959963
-1.5203916,-0.127995
-1.5201916,-0.0959963
-1.5199916,-0.0959963
-1.5197916,-0.127995
-1.5195916,-0.127995
-1.5193916,-0.127995
-1.5191916,-0.0959963
-1.5189916,-0.159994
-1.5187916,-0.0959963
-1.5185916,-0.0639975
-1.5183916,-0.127995
-1.5181916,-0.127995
-1.5179916,-0.0959963
-1.5177916,-0.159994
-1.5175916,-0.127995
-1.5173916,-0.159994
-1.5171916,-0.159994
-1.5169916,-0.0959963
-1.5167916,-0.127995
-1.5165916,-0.159994
-1.5163916,-0.159994
-1.5161916,-0.127995
-1.5159916,-0.159994
-1.5157916,-0.0959963
-1.5155916,-0.0959963
-1.5153916,-0.159994
-1.5151916,-0.159994
-1.5149916,-0.127995
-1.5147916,-0.159994
-1.5145916,-0.159994
-1.5143916,-0.0959963
-1.5141916,-0.159994
-1.5139916,-0.127995
-1.5137916,-0.0959963
-1.5135916,-0.0959963
-1.5133916,-0.127995
-1.5131916,-0.127995
-1.5129916,-0.127995
-1.5127916,-0.127995
-1.5125916,-0.0959963
-1.5123916,-0.191993
-1.5121916,-0.127995
-1.5119916,-0.0959963
-1.5117916,-0.191993
-1.5115916,-0.159994
-1.5113916,-0.159994
-1.5111916,-0.127995
-1.5109916,-0.191993
-1.5107916,-0.0959963
-1.5105916,-0.159994
-1.5103916,-0.0959963
-1.5101916,-0.127995
-1.5099916,-0.191993
-1.5097916,-0.127995
-1.5095916,-0.159994
-1.5093916,-0.159994
-1.5091916,-0.191993
-1.5089916,-0.159994
-1.5087916,-0.127995
-1.5085916,-0.127995
-1.5083916,-0.127995
-1.5081916,-0.159994
-1.5079916,-0.127995
-1.5077916,-0.127995
-1.5075916,-0.159994
-1.5073916,-0.127995
-1.5071916,-0.0959963
-1.5069916,-0.159994
-1.5067916,-0.0959963
-1.5065916,-0.127995
-1.5063916,-0.127995
-1.5061916,-0.127995
-1.5059916,-0.127995
-1.5057916,-0.127995
-1.5055916,-0.0639975
-1.5053916,-0.127995
-1.5051916,-0.127995
-1.5049916,-0.127995
-1.5047916,-0.159994
-1.5045916,-0.127995
-1.5043916,-0.0959963
-1.5041916,-0.127995
-1.5039916,-0.127995
-1.5037916,-0.127995
-1.5035916,-0.127995
-1.5033916,-0.0959963
-1.5031916,-0.0959963
-1.5029916,-0.0959963
-1.5027916,-0.159994
-1.5025916,-0.127995
-1.5023916,-0.127995
-1.5021916,-0.127995
-1.5019916,-0.0959963
-1.5017916,-0.127995
-1.5015916,-0.127995
-1.5013916,-0.159994
-1.5011916,-0.159994
-1.5009916,-0.159994
-1.5007916,-0.127995
-1.5005916,-0.0959963
-1.5003916,-0.159994
-1.5001916,-0.127995
-1.4999916,-0.159994
-1.4997916,-0.159994
-1.4995916,-0.127995
-1.4993916,-0.159994
-1.4991916,-0.191993
-1.4989916,-0.127995
-1.4987916,-0.159994
-1.4985916,-0.159994
-1.4983916,-0.127995
-1.4981916,-0.191993
-1.4979916,-0.159994
-1.4977916,-0.223991
-1.4975916,-0.0959963
-1.4973916,-0.159994
-1.4971916,-0.191993
-1.4969916,-0.159994
-1.4967916,-0.159994
-1.4965916,-0.127995
-1.4963916,-0.159994
-1.4961916,-0.159994
-1.4959916,-0.127995
-1.4957916,-0.159994
-1.4955916,-0.0959963
-1.4953916,-0.159994
-1.4951916,-0.159994
-1.4949916,-0.159994
-1.4947916,-0.127995
-1.4945916,-0.127995
-1.4943916,-0.191993
-1.4941916,-0.159994
-1.4939916,-0.159994
-1.4937916,-0.223991
-1.4935916,-0.191993
-1.4933916,-0.159994
-1.4931916,-0.159994
-1.4929916,-0.159994
-1.4927916,-0.159994
-1.4925916,-0.223991
-1.4923916,-0.159994
-1.4921916,-0.159994
-1.4919916,-0.191993
-1.4917916,-0.191993
-1.4915916,-0.127995
-1.4913916,-0.191993
-1.4911916,-0.191993
-1.4909916,-0.191993
-1.4907916,-0.191993
-1.4905916,-0.191993
-1.4903916,-0.159994
-1.4901916,-0.159994
-1.4899916,-0.159994
-1.4897916,-0.159994
-1.4895916,-0.191993
-1.4893916,-0.159994
-1.4891916,-0.127995
-1.4889916,-0.223991
-1.4887916,-0.191993
-1.4885916,-0.159994
-1.4883916,-0.223991
-1.4881916,-0.159994
-1.4879916,-0.191993
-1.4877916,-0.191993
-1.4875916,-0.191993
-1.4873916,-0.159994
-1.4871916,-0.223991
-1.4869916,-0.223991
-1.4867916,-0.223991
-1.4865916,-0.191993
-1.4863916,-0.223991
-1.4861916,-0.159994
-1.4859916,-0.25599
-1.4857916,-0.223991
-1.4855916,-0.223991
-1.4853916,-0.191993
-1.4851916,-0.25599
-1.4849916,-0.191993
-1.4847916,-0.25599
-1.4845916,-0.191993
-1.4843916,-0.191993
-1.4841916,-0.223991
-1.4839916,-0.25599
-1.4837916,-0.191993
-1.4835916,-0.191993
-1.4833916,-0.191993
-1.4831916,-0.223991
-1.4829916,-0.191993
-1.4827916,-0.191993
-1.4825916,-0.191993
-1.4823916,-0.159994
-1.4821916,-0.223991
-1.4819916,-0.191993
-1.4817916,-0.191993
-1.4815916,-0.191993
-1.4813916,-0.191993
-1.4811916,-0.223991
-1.4809916,-0.223991
-1.4807916,-0.191993
-1.4805916,-0.223991
-1.4803916,-0.223991
-1.4801916,-0.223991
-1.4799916,-0.223991
-1.4797916,-0.223991
-1.4795916,-0.191993
-1.4793916,-0.223991
-1.4791916,-0.191993
-1.4789916,-0.159994
-1.4787916,-0.191993
-1.4785916,-0.191993
-1.4783916,-0.223991
-1.4781916,-0.223991
-1.4779916,-0.25599
-1.4777916,-0.191993
-1.4775916,-0.223991
-1.4773916,-0.287989
-1.4771916,-0.159994
-1.4769916,-0.223991
-1.4767916,-0.191993
-1.4765916,-0.191993
-1.4763916,-0.25599
-1.4761916,-0.191993
-1.4759916,-0.191993
-1.4757916,-0.223991
-1.4755916,-0.25599
-1.4753916,-0.191993
-1.4751916,-0.191993
-1.4749916,-0.223991
-1.4747916,-0.25599
-1.4745916,-0.25599
-1.4743916,-0.287989
-1.4741916,-0.25599
-1.4739916,-0.25599
-1.4737916,-0.25599
-1.4735916,-0.25599
-1.4733916,-0.25599
-1.4731916,-0.287989
-1.4729916,-0.25599
-1.4727916,-0.223991
-1.4725916,-0.223991
-1.4723916,-0.25599
-1.4721916,-0.25599
-1.4719916,-0.223991
-1.4717916,-0.25599
-1.4715916,-0.25599
-1.4713916,-0.25599
-1.4711916,-0.287989
-1.4709916,-0.287989
-1.4707916,-0.319988
-1.4705916,-0.287989
-1.4703916,-0.25599
-1.4701916,-0.223991
-1.4699916,-0.25599
-1.4697916,-0.223991
-1.4695916,-0.25599
-1.4693916,-0.287989
-1.4691916,-0.223991
-1.4689916,-0.319988
-1.4687916,-0.25599
-1.4685916,-0.25599
-1.4683916,-0.25599
-1.4681916,-0.287989
-1.4679916,-0.25599
-1.4677916,-0.25599
-1.4675916,-0.287989
-1.4673916,-0.287989
-1.4671916,-0.287989
-1.4669916,-0.25599
-1.4667916,-0.223991
-1.4665916,-0.287989
-1.4663916,-0.319988
-1.4661916,-0.25599
-1.4659916,-0.319988
-1.4657916,-0.319988
-1.4655916,-0.25599
-1.4653916,-0.319988
-1.4651916,-0.25599
-1.4649916,-0.319988
-1.4647916,-0.287989
-1.4645916,-0.351986
-1.4643916,-0.319988
-1.4641916,-0.287989
-1.4639916,-0.287989
-1.4637916,-0.319988
-1.4635916,-0.319988
-1.4633916,-0.287989
-1.4631916,-0.319988
-1.4629916,-0.319988
-1.4627916,-0.319988
-1.4625916,-0.287989
-1.4623916,-0.287989
-1.4621916,-0.223991
-1.4619916,-0.287989
-1.4617916,-0.319988
-1.4615916,-0.351986
-1.4613916,-0.319988
-1.4611916,-0.287989
-1.4609916,-0.25599
-1.4607916,-0.287989
-1.4605916,-0.287989
-1.4603916,-0.287989
-1.4601916,-0.351986
-1.4599916,-0.287989
-1.4597916,-0.319988
-1.4595916,-0.287989
-1.4593916,-0.319988
-1.4591916,-0.351986
-1.4589916,-0.319988
-1.4587916,-0.287989
-1.4585916,-0.319988
-1.4583916,-0.319988
-1.4581916,-0.287989
-1.4579916,-0.319988
-1.4577916,-0.287989
-1.4575916,-0.287989
-1.4573916,-0.287989
-1.4571916,-0.287989
-1.4569916,-0.351986
-1.4567916,-0.319988
-1.4565916,-0.287989
-1.4563916,-0.287989
-1.4561916,-0.319988
-1.4559916,-0.287989
-1.4557916,-0.319988
-1.4555916,-0.287989
-1.4553916,-0.319988
-1.4551916,-0.319988
-1.4549916,-0.319988
-1.4547916,-0.319988
-1.4545916,-0.319988
-1.4543916,-0.383985
-1.4541916,-0.287989
-1.4539916,-0.351986
-1.4537916,-0.287989
-1.4535916,-0.319988
-1.4533916,-0.287989
-1.4531916,-0.319988
-1.4529916,-0.319988
-1.4527916,-0.319988
-1.4525916,-0.25599
-1.4523916,-0.319988
-1.4521916,-0.319988
-1.4519916,-0.287989
-1.4517916,-0.319988
-1.4515916,-0.287989
-1.4513916,-0.319988
-1.4511916,-0.287989
-1.4509916,-0.319988
-1.4507916,-0.319988
-1.4505916,-0.319988
-1.4503916,-0.319988
-1.4501916,-0.25599
-1.4499916,-0.319988
-1.4497916,-0.351986
-1.4495916,-0.319988
-1.4493916,-0.319988
-1.4491916,-0.319988
-1.4489916,-0.319988
-1.4487916,-0.319988
-1.4485916,-0.319988
-1.4483916,-0.319988
-1.4481916,-0.319988
-1.4479916,-0.319988
-1.4477916,-0.25599
-1.4475916,-0.319988
-1.4473916,-0.319988
-1.4471916,-0.25599
-1.4469916,-0.319988
-1.4467916,-0.351986
-1.4465916,-0.319988
-1.4463916,-0.319988
-1.4461916,-0.351986
-1.4459916,-0.351986
-1.4457916,-0.319988
-1.4455916,-0.287989
-1.4453916,-0.351986
-1.4451916,-0.319988
-1.4449916,-0.287989
-1.4447916,-0.319988
-1.4445916,-0.319988
-1.4443916,-0.351986
-1.4441916,-0.287989
-1.4439916,-0.351986
-1.4437916,-0.319988
-1.4435916,-0.287989
-1.4433916,-0.319988
-1.4431916,-0.351986
-1.4429916,-0.383985
-1.4427916,-0.319988
-1.4425916,-0.319988
-1.4423916,-0.351986
-1.4421916,-0.287989
-1.4419916,-0.351986
-1.4417916,-0.319988
-1.4415916,-0.287989
-1.4413916,-0.383985
-1.4411916,-0.287989
-1.4409916,-0.351986
-1.4407916,-0.319988
-1.4405916,-0.319988
-1.4403916,-0.351986
-1.4401916,-0.287989
-1.4399916,-0.319988
-1.4397916,-0.319988
-1.4395916,-0.319988
-1.4393916,-0.319988
-1.4391916,-0.319988
-1.4389916,-0.319988
-1.4387916,-0.383985
-1.4385916,-0.319988
-1.4383916,-0.319988
-1.4381916,-0.351986
-1.4379916,-0.287989
-1.4377916,-0.319988
-1.4375916,-0.287989
-1.4373916,-0.319988
-1.4371916,-0.287989
-1.4369916,-0.287989
-1.4367916,-0.287989
-1.4365916,-0.319988
-1.4363916,-0.319988
-1.4361916,-0.319988
-1.4359916,-0.351986
-1.4357916,-0.319988
-1.4355916,-0.351986
-1.4353916,-0.319988
-1.4351916,-0.287989
-1.4349916,-0.319988
-1.4347916,-0.319988
-1.4345916,-0.319988
-1.4343916,-0.319988
-1.4341916,-0.25599
-1.4339916,-0.287989
-1.4337916,-0.319988
-1.4335916,-0.319988
-1.4333916,-0.319988
-1.4331916,-0.25599
-1.4329916,-0.25599
-1.4327916,-0.319988
-1.4325916,-0.287989
-1.4323916,-0.287989
-1.4321916,-0.25599
-1.4319916,-0.287989
-1.4317916,-0.319988
-1.4315916,-0.287989
-1.4313916,-0.287989
-1.4311916,-0.287989
-1.4309916,-0.287989
-1.4307916,-0.319988
-1.4305916,-0.25599
-1.4303916,-0.25599
-1.4301916,-0.287989
-1.4299916,-0.287989
-1.4297916,-0.25599
-1.4295916,-0.287989
-1.4293916,-0.25599
-1.4291916,-0.287989
-1.4289916,-0.287989
-1.4287916,-0.287989
-1.4285916,-0.25599
-1.4283916,-0.287989
-1.4281916,-0.223991
-1.4279916,-0.25599
-1.4277916,-0.287989
-1.4275916,-0.287989
-1.4273916,-0.25599
-1.4271916,-0.25599
-1.4269916,-0.287989
-1.4267916,-0.287989
-1.4265916,-0.319988
-1.4263916,-0.287989
-1.4261916,-0.223991
-1.4259916,-0.287989
-1.4257916,-0.287989
-1.4255916,-0.25599
-1.4253916,-0.25599
-1.4251916,-0.287989
-1.4249916,-0.25599
-1.4247916,-0.287989
-1.4245916,-0.25599
-1.4243916,-0.25599
-1.4241916,-0.25599
-1.4239916,-0.287989
-1.4237916,-0.25599
-1.4235916,-0.287989
-1.4233916,-0.25599
-1.4231916,-0.223991
-1.4229916,-0.287989
-1.4227916,-0.287989
-1.4225916,-0.223991
-1.4223916,-0.287989
-1.4221916,-0.25599
-1.4219916,-0.223991
-1.4217916,-0.223991
-1.4215916,-0.287989
-1.4213916,-0.223991
-1.4211916,-0.223991
-1.4209916,-0.287989
-1.4207916,-0.287989
-1.4205916,-0.223991
-1.4203916,-0.25599
-1.4201916,-0.159994
-1.4199916,-0.25599
-1.4197916,-0.223991
-1.4195916,-0.223991
-1.4193916,-0.223991
-1.4191916,-0.25599
-1.4189916,-0.25599
-1.4187916,-0.25599
-1.4185916,-0.223991
-1.4183916,-0.191993
-1.4181916,-0.223991
-1.4179916,-0.191993
-1.4177916,-0.191993
-1.4175916,-0.191993
-1.4173916,-0.159994
-1.4171916,-0.191993
-1.4169916,-0.223991
-1.4167916,-0.191993
-1.4165916,-0.159994
-1.4163916,-0.223991
-1.4161916,-0.191993
-1.4159916,-0.191993
-1.4157916,-0.191993
-1.4155916,-0.159994
-1.4153916,-0.191993
-1.4151916,-0.191993
-1.4149916,-0.191993
-1.4147916,-0.191993
-1.4145916,-0.191993
-1.4143916,-0.191993
-1.4141916,-0.127995
-1.4139916,-0.191993
-1.4137916,-0.159994
-1.4135916,-0.159994
-1.4133916,-0.191993
-1.4131916,-0.191993
-1.4129916,-0.159994
-1.4127916,-0.191993
-1.4125916,-0.25599
-1.4123916,-0.127995
-1.4121916,-0.191993
-1.4119916,-0.191993
-1.4117916,-0.159994
-1.4115916,-0.223991
-1.4113916,-0.159994
-1.4111916,-0.127995
-1.4109916,-0.191993
-1.4107916,-0.159994
-1.4105916,-0.127995
-1.4103916,-0.127995
-1.4101916,-0.127995
-1.4099916,-0.0959963
-1.4097916,-0.159994
-1.4095916,-0.127995
-1.4093916,-0.0959963
-1.4091916,-0.223991
-1.4089916,-0.127995
-1.4087916,-0.127995
-1.4085916,-0.223991
-1.4083916,-0.127995
-1.4081916,-0.127995
-1.4079916,-0.159994
-1.4077916,-0.127995
-1.4075916,-0.127995
-1.4073916,-0.159994
-1.4071916,-0.159994
-1.4069916,-0.159994
-1.4067916,-0.0959963
-1.4065916,-0.127995
-1.4063916,-0.127995
-1.4061916,-0.127995
-1.4059916,-0.0639975
-1.4057916,-0.0959963
-1.4055916,-0.127995
-1.4053916,-0.0959963
-1.4051916,-0.0959963
-1.4049916,-0.0959963
-1.4047916,-0.0959963
-1.4045916,-0.127995
-1.4043916,-0.0959963
-1.4041916,-0.0639975
-1.4039916,-0.127995
-1.4037916,-0.0959963
-1.4035916,-0.0639975
-1.4033916,0
-1.4031916,-0.0959963
-1.4029916,-0.0959963
-1.4027916,-0.0639975
-1.4025916,-0.0639975
-1.4023916,-0.0959963
-1.4021916,-0.0639975
-1.4019916,-0.0959963
-1.4017916,-0.0959963
-1.4015916,-0.0639975
-1.4013916,-0.0639975
-1.4011916,-0.0639975
-1.4009916,-0.0959963
-1.4007916,-0.0639975
-1.4005916,-0.0319988
-1.4003916,-0.0639975
-1.4001916,-0.0639975
-1.3999916,-0.0319988
-1.3997916,0
-1.3995916,-0.0639975
-1.3993916,-0.0959963
-1.3991916,-0.0639975
-1.3989916,-0.0639975
-1.3987916,-0.0639975
-1.3985916,-0.0319988
-1.3983916,-0.0639975
-1.3981916,-0.0319988
-1.3979916,-0.0319988
-1.3977916,-0.0639975
-1.3975916,-0.0319988
-1.3973916,-0.0639975
-1.3971916,-0.0319988
-1.3969916,-0.0319988
-1.3967916,-0.0319988
-1.3965916,-0.0639975
-1.3963916,0
-1.3961916,-0.0319988
-1.3959916,-0.0319988
-1.3957916,0.0319988
-1.3955916,0
-1.3953916,-0.0319988
-1.3951916,-0.0319988
-1.3949916,0
-1.3947916,-0.0319988
-1.3945916,0
-1.3943916,0
-1.3941916,0
-1.3939916,0.0319988
-1.3937916,0.0639975
-1.3935916,0
-1.3933916,0.0319988
-1.3931916,-0.0319988
-1.3929916,0.0639975
-1.3927916,0
-1.3925916,0
-1.3923916,-0.0639975
-1.3921916,0
-1.3919916,0.0319988
-1.3917916,-0.0319988
-1.3915916,0
-1.3913916,0.0319988
-1.3911916,0
-1.3909916,0
-1.3907916,0.0319988
-1.3905916,-0.0319988
-1.3903916,0.0319988
-1.3901916,0.0319988
-1.3899916,0.0319988
-1.3897916,0.0319988
-1.3895916,0.0319988
-1.3893916,0
-1.3891916,0
-1.3889916,0.0319988
-1.3887916,0.0319988
-1.3885916,0.0319988
-1.3883916,0.0639975
-1.3881916,0.0319988
-1.3879916,0
-1.3877916,0.0319988
-1.3875916,0.0319988
-1.3873916,0.0319988
-1.3871916,0.0639975
-1.3869916,0.0319988
-1.3867916,0.0319988
-1.3865916,0.0319988
-1.3863916,0.0319988
-1.3861916,0.0639975
-1.3859916,0.0319988
-1.3857916,0.0319988
-1.3855916,0.0319988
-1.3853916,0
-1.3851916,-0.0319988
-1.3849916,0.0639975
-1.3847916,0.0639975
-1.3845916,0.0319988
-1.3843916,0.0639975
-1.3841916,0.0319988
-1.3839916,0
-1.3837916,0.0639975
-1.3835916,0.0319988
-1.3833916,0.0639975
-1.3831916,0.0319988
-1.3829916,0.0319988
-1.3827916,0.0319988
-1.3825916,0.0639975
-1.3823916,0.0639975
-1.3821916,0
-1.3819916,0.0959963
-1.3817916,0.0639975
-1.3815916,0.0639975
-1.3813916,0.0959963
-1.3811916,0.0639975
-1.3809916,0.0639975
-1.3807916,0.0959963
-1.3805916,0.0639975
-1.3803916,0.0639975
-1.3801916,0.0639975
-1.3799916,0.0639975
-1.3797916,0
-1.3795916,0
-1.3793916,0.0319988
-1.3791916,0.0319988
-1.3789916,0.0639975
-1.3787916,0.0639975
-1.3785916,0.0319988
-1.3783916,0.0639975
-1.3781916,0.0959963
-1.3779916,0.0639975
-1.3777916,0.0639975
-1.3775916,0.0959963
-1.3773916,0.0959963
-1.3771916,0.0959963
-1.3769916,0.0639975
-1.3767916,0.0319988
-1.3765916,0.0639975
-1.3763916,0.0639975
-1.3761916,0.0639975
-1.3759916,0.0639975
-1.3757916,0.0639975
-1.3755916,0.0319988
-1.3753916,0.0319988
-1.3751916,0.0319988
-1.3749916,0
-1.3747916,0.0319988
-1.3745916,0.0319988
-1.3743916,0.0319988
-1.3741916,0.0319988
-1.3739916,0.0639975
-1.3737916,0.0319988
-1.3735916,0.0319988
-1.3733916,0.0639975
-1.3731916,0
-1.3729916,0.0319988
-1.3727916,0.0319988
-1.3725916,-0.0319988
-1.3723916,0
-1.3721916,0.0319988
-1.3719916,0.0319988
-1.3717916,0
-1.3715916,0.0319988
-1.3713916,0.0319988
-1.3711916,0
-1.3709916,0.0319988
-1.3707916,0.0319988
-1.3705916,0
-1.3703916,0.0319988
-1.3701916,0
-1.3699916,0
-1.3697916,0.0319988
-1.3695916,-0.0319988
-1.3693916,0.0319988
-1.3691916,0.0319988
-1.3689916,0
-1.3687916,0.0319988
-1.3685916,0.0319988
-1.3683916,-0.0319988
-1.3681916,0.0319988
-1.3679916,0
-1.3677916,0
-1.3675916,0.0319988
-1.3673916,0.0319988
-1.3671916,0.0319988
-1.3669916,0
-1.3667916,-0.0319988
-1.3665916,0.0319988
-1.3663916,0
-1.3661916,0
-1.3659916,0
-1.3657916,0
-1.3655916,0.0319988
-1.3653916,0
-1.3651916,0.0319988
-1.3649916,0
-1.3647916,0
-1.3645916,0.0319988
-1.3643916,0
-1.3641916,0
-1.3639916,0
-1.3637916,0.0319988
-1.3635916,0
-1.3633916,0.0319988
-1.3631916,0
-1.3629916,-0.0319988
-1.3627916,0
-1.3625916,0.0319988
-1.3623916,0
-1.3621916,-0.0319988
-1.3619916,0
-1.3617916,0
-1.3615916,0
-1.3613916,-0.0319988
-1.3611916,-0.0319988
-1.3609916,-0.0319988
-1.3607916,0.0319988
-1.3605916,-0.0319988
-1.3603916,-0.0639975
-1.3601916,-0.0319988
-1.3599916,0
-1.3597916,-0.0319988
-1.3595916,-0.0319988
-1.3593916,0
-1.3591916,-0.0319988
-1.3589916,0
-1.3587916,-0.0319988
-1.3585916,0
-1.3583916,0
-1.3581916,-0.0319988
-1.3579916,-0.0319988
-1.3577916,0
-1.3575916,-0.0319988
-1.3573916,-0.0319988
-1.3571916,0.0639975
-1.3569916,-0.0319988
-1.3567916,0
-1.3565916,0
-1.3563916,-0.0639975
-1.3561916,0
-1.3559916,0.0319988
-1.3557916,-0.0319988
-1.3555916,-0.0319988
-1.3553916,-0.0319988
-1.3551916,0
-1.3549916,-0.0319988
-1.3547916,-0.0319988
-1.3545916,-0.0639975
-1.3543916,0
-1.3541916,0
-1.3539916,-0.0639975
-1.3537916,-0.0319988
-1.3535916,0
-1.3533916,-0.0639975
-1.3531916,-0.0639975
-1.3529916,-0.0319988
-1.3527916,-0.0639975
-1.3525916,-0.0639975
-1.3523916,-0.0639975
-1.3521916,0
-1.3519916,-0.0319988
-1.3517916,-0.0639975
-1.3515916,-0.0639975
-1.3513916,-0.0639975
-1.3511916,-0.0639975
-1.3509916,-0.0639975
-1.3507916,-0.0319988
-1.3505916,-0.0319988
-1.3503916,-0.0639975
-1.3501916,-0.0639975
-1.3499916,-0.0319988
-1.3497916,-0.0959963
-1.3495916,-0.0959963
-1.3493916,-0.0319988
-1.3491916,-0.0959963
-1.3489916,-0.0319988
-1.3487916,-0.0639975
-1.3485916,-0.0639975
-1.3483916,-0.0639975
-1.3481916,-0.0639975
-1.3479916,0
-1.3477916,-0.0959963
-1.3475916,-0.0639975
-1.3473916,-0.0959963
-1.3471916,-0.0959963
-1.3469916,-0.0959963
-1.3467916,-0.0959963
-1.3465916,-0.0639975
-1.3463916,-0.0959963
-1.3461916,-0.0959963
-1.3459916,-0.0639975
-1.3457916,-0.0639975
-1.3455916,-0.127995
-1.3453916,-0.0959963
-1.3451916,-0.0639975
-1.3449916,-0.0959963
-1.3447916,-0.0639975
-1.3445916,-0.0639975
-1.3443916,-0.0959963
-1.3441916,-0.0319988
-1.3439916,-0.0639975
-1.3437916,-0.0959963
-1.3435916,-0.0639975
-1.3433916,-0.0959963
-1.3431916,-0.0959963
-1.3429916,-0.0959963
-1.3427916,-0.0639975
-1.3425916,-0.127995
-1.3423916,-0.0959963
-1.3421916,-0.0319988
-1.3419916,-0.127995
-1.3417916,-0.0639975
-1.3415916,-0.0959963
-1.3413916,-0.0959963
-1.3411916,-0.0639975
-1.3409916,0
-1.3407916,-0.0959963
-1.3405916,-0.0319988
-1.3403916,-0.0639975
-1.3401916,-0.127995
-1.3399916,-0.0959963
-1.3397916,-0.0639975
-1.3395916,-0.0959963
-1.3393916,-0.0639975
-1.3391916,-0.0959963
-1.3389916,-0.0959963
-1.3387916,-0.0959963
-1.3385916,-0.0639975
-1.3383916,-0.127995
-1.3381916,-0.0959963
-1.3379916,-0.0959963
-1.3377916,-0.0959963
-1.3375916,-0.0959963
-1.3373916,-0.0959963
-1.3371916,-0.0959963
-1.3369916,-0.0959963
-1.3367916,-0.0959963
-1.3365916,-0.0959963
-1.3363916,-0.127995
-1.3361916,-0.0959963
-1.3359916,-0.0639975
-1.3357916,-0.0639975
-1.3355916,-0.127995
-1.3353916,-0.0959963
-1.3351916,-0.0639975
-1.3349916,-0.0959963
-1.3347916,-0.0959963
-1.3345916,-0.0639975
-1.3343916,-0.0959963
-1.3341916,-0.0639975
-1.3339916,-0.0639975
-1.3337916,-0.0959963
-1.3335916,-0.0639975
-1.3333916,-0.0959963
-1.3331916,-0.0639975
-1.3329916,-0.0639975
-1.3327916,-0.0639975
-1.3325916,-0.0639975
-1.3323916,-0.0959963
-1.3321916,-0.0319988
-1.3319916,-0.0639975
-1.3317916,-0.0639975
-1.3315916,-0.0959963
-1.3313916,-0.0959963
-1.3311916,-0.0959963
-1.3309916,-0.0639975
-1.3307916,-0.0959963
-1.3305916,-0.0959963
-1.3303916,-0.127995
-1.3301916,-0.0959963
-1.3299916,-0.0959963
-1.3297916,-0.0639975
-1.3295916,-0.0959963
-1.3293916,-0.0959963
-1.3291916,-0.0959963
-1.3289916,-0.0319988
-1.3287916,-0.127995
-1.3285916,-0.0959963
-1.3283916,-0.0639975
-1.3281916,-0.0959963
-1.3279916,-0.0639975
-1.3277916,-0.0639975
-1.3275916,-0.0959963
-1.3273916,-0.0639975
-1.3271916,-0.0639975
-1.3269916,-0.0959963
-1.3267916,-0.0639975
-1.3265916,-0.0639975
-1.3263916,-0.127995
-1.3261916,-0.0959963
-1.3259916,-0.0959963
-1.3257916,-0.0959963
-1.3255916,-0.0639975
-1.3253916,-0.0639975
-1.3251916,-0.0959963
-1.3249916,-0.0639975
-1.3247916,-0.0959963
-1.3245916,-0.0959963
-1.3243916,-0.127995
-1.3241916,-0.0959963
-1.3239916,-0.0639975
-1.3237916,-0.0639975
-1.3235916,-0.0639975
-1.3233916,-0.0639975
-1.3231916,-0.0959963
-1.3229916,-0.0639975
-1.3227916,-0.0959963
-1.3225916,-0.0639975
-1.3223916,-0.0639975
-1.3221916,-0.0959963
-1.3219916,-0.0639975
-1.3217916,-0.0959963
-1.3215916,-0.0959963
-1.3213916,-0.0639975
-1.3211916,-0.0639975
-1.3209916,-0.0959963
-1.3207916,-0.0639975
-1.3205916,-0.0959963
-1.3203916,-0.0959963
-1.3201916,-0.0959963
-1.3199916,-0.0959963
-1.3197916,-0.0959963
-1.3195916,-0.0639975
-1.3193916,-0.0319988
-1.3191916,-0.127995
-1.3189916,-0.0319988
-1.3187916,0
-1.3185916,-0.0319988
-1.3183916,0
-1.3181916,-0.0319988
-1.3179916,-0.0319988
-1.3177916,-0.0319988
-1.3175916,-0.0639975
-1.3173916,-0.0639975
-1.3171916,-0.0639975
-1.3169916,-0.0639975
-1.3167916,-0.0319988
-1.3165916,0
-1.3163916,-0.0319988
-1.3161916,-0.0639975
-1.3159916,0
-1.3157916,-0.0319988
-1.3155916,-0.0639975
-1.3153916,-0.0639975
-1.3151916,-0.0319988
-1.3149916,-0.0319988
-1.3147916,-0.0639975
-1.3145916,-0.0319988
-1.3143916,0
-1.3141916,-0.0319988
-1.3139916,-0.0319988
-1.3137916,-0.0319988
-1.3135916,-0.0319988
-1.3133916,-0.0319988
-1.3131916,0
-1.3129916,-0.0639975
-1.3127916,-0.0319988
-1.3125916,0.0319988
-1.3123916,-0.0319988
-1.3121916,-0.0319988
-1.3119916,-0.0639975
-1.3117916,-0.0319988
-1.3115916,0
-1.3113916,-0.0639975
-1.3111916,-0.0319988
-1.3109916,-0.0319988
-1.3107916,-0.0639975
-1.3105916,-0.0319988
-1.3103916,0
-1.3101916,-0.0319988
-1.3099916,-0.0319988
-1.3097916,-0.0319988
-1.3095916,-0.0639975
-1.3093916,0
-1.3091916,-0.0319988
-1.3089916,-0.0319988
-1.3087916,0
-1.3085916,0
-1.3083916,-0.0639975
-1.3081916,-0.0319988
-1.3079916,0.0319988
-1.3077916,-0.0319988
-1.3075916,0.0319988
-1.3073916,0
-1.3071916,-0.0639975
-1.3069916,0.0319988
-1.3067916,-0.0319988
-1.3065916,0
-1.3063916,-0.0319988
-1.3061916,-0.0319988
-1.3059916,-0.0319988
-1.3057916,0.0319988
-1.3055916,0
-1.3053916,-0.0319988
-1.3051916,-0.0319988
-1.3049916,-0.0319988
-1.3047916,-0.0319988
-1.3045916,0
-1.3043916,0.0319988
-1.3041916,-0.0319988
-1.3039916,0
-1.3037916,0
-1.3035916,0
-1.3033916,0
-1.3031916,0
-1.3029916,0
-1.3027916,-0.0319988
-1.3025916,-0.0319988
-1.3023916,-0.0319988
-1.3021916,-0.0319988
-1.3019916,0
-1.3017916,0
-1.3015916,0
-1.3013916,0
-1.3011916,-0.0319988
-1.3009916,0
-1.3007916,0
-1.3005916,-0.0319988
-1.3003916,0
-1.3001916,-0.0319988
-1.2999916,0
-1.2997916,0.0319988
-1.2995916,0.0319988
-1.2993916,-0.0319988
-1.2991916,0
-1.2989916,0
-1.2987916,0
-1.2985916,0.0319988
-1.2983916,0.0319988
-1.2981916,0
-1.2979916,0
-1.2977916,0
-1.2975916,-0.0319988
-1.2973916,0
-1.2971916,0
-1.2969916,-0.0319988
-1.2967916,0.0319988
-1.2965916,0.0639975
-1.2963916,0
-1.2961916,0.0319988
-1.2959916,0
-1.2957916,0
-1.2955916,0.0319988
-1.2953916,0.0319988
-1.2951916,0
-1.2949916,0.0319988
-1.2947916,0.0319988
-1.2945916,0.0319988
-1.2943916,0
-1.2941916,0.0639975
-1.2939916,0
-1.2937916,0.0639975
-1.2935916,0.0639975
-1.2933916,0
-1.2931916,0.0319988
-1.2929916,0.0319988
-1.2927916,0.0319988
-1.2925916,0.0319988
-1.2923916,0.0639975
-1.2921916,0
-1.2919916,0.0639975
-1.2917916,0.0639975
-1.2915916,-0.0319988
-1.2913916,0.0319988
-1.2911916,0.0959963
-1.2909916,0
-1.2907916,0.0639975
-1.2905916,0.0959963
-1.2903916,0
-1.2901916,0.0319988
-1.2899916,0.0639975
-1.2897916,0.0959963
-1.2895916,0.0639975
-1.2893916,0.0959963
-1.2891916,0.0319988
-1.2889916,0.0319988
-1.2887916,0.0639975
-1.2885916,0.0319988
-1.2883916,0.0639975
-1.2881916,0.0639975
-1.2879916,0
-1.2877916,0.127995
-1.2875916,0.0639975
-1.2873916,0.0319988
-1.2871916,0
-1.2869916,0.0639975
-1.2867916,0.0639975
-1.2865916,0.0639975
-1.2863916,0.0639975
-1.2861916,0.0319988
-1.2859916,0.0959963
-1.2857916,0.0639975
-1.2855916,0.0639975
-1.2853916,0.0639975
-1.2851916,0.0319988
-1.2849916,0.0639975
-1.2847916,0.0639975
-1.2845916,0.0639975
-1.2843916,0.0639975
-1.2841916,0.0319988
-1.2839916,0.0639975
-1.2837916,0.0639975
-1.2835916,0.0639975
-1.2833916,0.0639975
-1.2831916,0.0319988
-1.2829916,0.0639975
-1.2827916,0.0319988
-1.2825916,0.0959963
-1.2823916,0.0319988
-1.2821916,0.0639975
-1.2819916,0.0319988
-1.2817916,0.0639975
-1.2815916,0.0639975
-1.2813916,0.0959963
-1.2811916,0.0639975
-1.2809916,0.0639975
-1.2807916,0.0319988
-1.2805916,0.0639975
-1.2803916,0.0639975
-1.2801916,0
-1.2799916,0.0639975
-1.2797916,0.0639975
-1.2795916,0.0639975
-1.2793916,0.0639975
-1.2791916,0.0959963
-1.2789916,0
-1.2787916,0.0639975
-1.2785916,0.0639975
-1.2783916,0.0639975
-1.2781916,0.0639975
-1.2779916,0.0639975
-1.2777916,0.0959963
-1.2775916,0.0639975
-1.2773916,0.0639975
-1.2771916,0.0319988
-1.2769916,0.0319988
-1.2767916,0.0639975
-1.2765916,0.0319988
-1.2763916,0.0639975
-1.2761916,0.0319988
-1.2759916,0.0319988
-1.2757916,0.0319988
-1.2755916,0.0319988
-1.2753916,0.0959963
-1.2751916,0.0639975
-1.2749916,0.0959963
-1.2747916,0.0639975
-1.2745916,0.0639975
-1.2743916,0.0639975
-1.2741916,0.0319988
-1.2739916,0.0319988
-1.2737916,0.0639975
-1.2735916,0.0319988
-1.2733916,0.0639975
-1.2731916,0.0639975
-1.2729916,0.0639975
-1.2727916,0.0959963
-1.2725916,0.0639975
-1.2723916,0.0319988
-1.2721916,0.0639975
-1.2719916,0.0319988
-1.2717916,0.0639975
-1.2715916,0.0319988
-1.2713916,0.0639975
-1.2711916,0.0639975
-1.2709916,0.0959963
-1.2707916,0.0319988
-1.2705916,0.0959963
-1.2703916,0.0639975
-1.2701916,0.0639975
-1.2699916,0.0959963
-1.2697916,0.0959963
-1.2695916,0.0959963
-1.2693916,0.0319988
-1.2691916,0.0639975
-1.2689916,0.0639975
-1.2687916,0.0319988
-1.2685916,0.0639975
-1.2683916,0.0959963
-1.2681916,0.0319988
-1.2679916,0.0639975
-1.2677916,0.0959963
-1.2675916,0.0639975
-1.2673916,0.0639975
-1.2671916,0.0959963
-1.2669916,0.0319988
-1.2667916,0.0319988
-1.2665916,0.0639975
-1.2663916,0.0639975
-1.2661916,0.0959963
-1.2659916,0.0639975
-1.2657916,0.0639975
-1.2655916,0.0319988
-1.2653916,0.0319988
-1.2651916,0.0639975
-1.2649916,0.0639975
-1.2647916,0.0639975
-1.2645916,0.0639975
-1.2643916,0.0639975
-1.2641916,0.0639975
-1.2639916,-0.0319988
-1.2637916,0.0319988
-1.2635916,0.0319988
-1.2633916,0.0319988
-1.2631916,0.0639975
-1.2629916,0.0319988
-1.2627916,0
-1.2625916,0.0319988
-1.2623916,0.0319988
-1.2621916,0.0639975
-1.2619916,0.0639975
-1.2617916,0.0319988
-1.2615916,0.0319988
-1.2613916,0.0639975
-1.2611916,0.0639975
-1.2609916,0.0319988
-1.2607916,0.0319988
-1.2605916,0.0639975
-1.2603916,0.0639975
-1.2601916,0.0319988
-1.2599916,0.0319988
-1.2597916,0.0319988
-1.2595916,0.0319988
-1.2593916,0.0639975
-1.2591916,0
-1.2589916,0.0639975
-1.2587916,0.0639975
-1.2585916,0.0319988
-1.2583916,0.0319988
-1.2581916,0.0959963
-1.2579916,0.0319988
-1.2577916,0.0639975
-1.2575916,0.0639975
-1.2573916,0.0319988
-1.2571916,0.0319988
-1.2569916,0.0639975
-1.2567916,0.0319988
-1.2565916,0.0639975
-1.2563916,0.0959963
-1.2561916,0.0319988
-1.2559916,0.0319988
-1.2557916,0.0319988
-1.2555916,0.0319988
-1.2553916,0.0639975
-1.2551916,0.0639975
-1.2549916,0.0319988
-1.2547916,0.0639975
-1.2545916,0.0639975
-1.2543916,0.0639975
-1.2541916,0.0319988
-1.2539916,0.0639975
-1.2537916,0.0319988
-1.2535916,0.0319988
-1.2533916,0.0639975
-1.2531916,0.0319988
-1.2529916,0.0639975
-1.2527916,0.0319988
-1.2525916,0.0639975
-1.2523916,0.0639975
-1.2521916,0.0319988
-1.2519916,0.0639975
-1.2517916,0.0319988
-1.2515916,0.0319988
-1.2513916,0
-1.2511916,0.0319988
-1.2509916,0.0319988
-1.2507916,0.0319988
-1.2505916,0.0639975
-1.2503916,0.0639975
-1.2501916,0.0639975
-1.2499916,0.0319988
-1.2497916,0.0319988
-1.2495916,0
-1.2493916,0
-1.2491916,0.0639975
-1.2489916,0.0319988
-1.2487916,0.0319988
-1.2485916,0.0639975
-1.2483916,0
-1.2481916,0
-1.2479916,0.0319988
-1.2477916,0
-1.2475916,0.0639975
-1.2473916,0.0639975
-1.2471916,0
-1.2469916,0
-1.2467916,0.0639975
-1.2465916,0.0319988
-1.2463916,0.0319988
-1.2461916,0.0319988
-1.2459916,0
-1.2457916,0
-1.2455916,0.0319988
-1.2453916,-0.0319988
-1.2451916,-0.0319988
-1.2449916,0.0319988
-1.2447916,0
-1.2445916,0.0639975
-1.2443916,0.0319988
-1.2441916,0.0319988
-1.2439916,-0.0319988
-1.2437916,0
-1.2435916,0
-1.2433916,0
-1.2431916,-0.0319988
-1.2429916,0.0319988
-1.2427916,0
-1.2425916,0.0319988
-1.2423916,0
-1.2421916,0
-1.2419916,0.0319988
-1.2417916,-0.0319988
-1.2415916,0
-1.2413916,-0.0319988
-1.2411916,0
-1.2409916,0
-1.2407916,0
-1.2405916,-0.0319988
-1.2403916,0.0319988
-1.2401916,0
-1.2399916,-0.0319988
-1.2397916,-0.0319988
-1.2395916,-0.0639975
-1.2393916,-0.0319988
-1.2391916,-0.0639975
-1.2389916,-0.0319988
-1.2387916,-0.0639975
-1.2385916,0
-1.2383916,-0.0639975
-1.2381916,-0.0639975
-1.2379916,0
-1.2377916,-0.0319988
-1.2375916,-0.0319988
-1.2373916,-0.0319988
-1.2371916,-0.0319988
-1.2369916,-0.0639975
-1.2367916,-0.0319988
-1.2365916,-0.0639975
-1.2363916,-0.0959963
-1.2361916,-0.0959963
-1.2359916,-0.0639975
-1.2357916,-0.0639975
-1.2355916,-0.0639975
-1.2353916,-0.0639975
-1.2351916,-0.127995
-1.2349916,-0.0639975
-1.2347916,-0.0639975
-1.2345916,-0.0959963
-1.2343916,-0.0639975
-1.2341916,-0.0319988
-1.2339916,-0.0959963
-1.2337916,-0.0639975
-1.2335916,-0.0959963
-1.2333916,-0.0959963
-1.2331916,-0.0319988
-1.2329916,-0.0639975
-1.2327916,-0.127995
-1.2325916,-0.0959963
-1.2323916,-0.0959963
-1.2321916,-0.0959963
-1.2319916,-0.0959963
-1.2317916,-0.0959963
-1.2315916,-0.0959963
-1.2313916,-0.0639975
-1.2311916,-0.0639975
-1.2309916,-0.0959963
-1.2307916,-0.0959963
-1.2305916,-0.0639975
-1.2303916,-0.159994
-1.2301916,-0.0639975
-1.2299916,-0.0639975
-1.2297916,-0.159994
-1.2295916,-0.0959963
-1.2293916,-0.0959963
-1.2291916,-0.159994
-1.2289916,-0.0959963
-1.2287916,-0.0639975
-1.2285916,-0.159994
-1.2283916,-0.0959963
-1.2281916,-0.127995
-1.2279916,-0.127995
-1.2277916,-0.0959963
-1.2275916,-0.0959963
-1.2273916,-0.127995
-1.2271916,-0.127995
-1.2269916,-0.0959963
-1.2267916,-0.127995
-1.2265916,-0.159994
-1.2263916,-0.0959963
-1.2261916,-0.159994
-1.2259916,-0.159994
-1.2257916,-0.127995
-1.2255916,-0.127995
-1.2253916,-0.127995
-1.2251916,-0.159994
-1.2249916,-0.159994
-1.2247916,-0.159994
-1.2245916,-0.159994
-1.2243916,-0.159994
-1.2241916,-0.191993
-1.2239916,-0.127995
-1.2237916,-0.159994
-1.2235916,-0.0959963
-1.2233916,-0.159994
-1.2231916,-0.159994
-1.2229916,-0.127995
-1.2227916,-0.0959963
-1.2225916,-0.159994
-1.2223916,-0.159994
-1.2221916,-0.159994
-1.2219916,-0.191993
-1.2217916,-0.191993
-1.2215916,-0.191993
-1.2213916,-0.159994
-1.2211916,-0.159994
-1.2209916,-0.191993
-1.2207916,-0.159994
-1.2205916,-0.159994
-1.2203916,-0.159994
-1.2201916,-0.159994
-1.2199916,-0.159994
-1.2197916,-0.159994
-1.2195916,-0.159994
-1.2193916,-0.127995
-1.2191916,-0.159994
-1.2189916,-0.191993
-1.2187916,-0.159994
-1.2185916,-0.0959963
-1.2183916,-0.159994
-1.2181916,-0.127995
-1.2179916,-0.159994
-1.2177916,-0.191993
-1.2175916,-0.127995
-1.2173916,-0.159994
-1.2171916,-0.159994
-1.2169916,-0.127995
-1.2167916,-0.159994
-1.2165916,-0.159994
-1.2163916,-0.127995
-1.2161916,-0.159994
-1.2159916,-0.159994
-1.2157916,-0.127995
-1.2155916,-0.191993
-1.2153916,-0.0959963
-1.2151916,-0.127995
-1.2149916,-0.127995
-1.2147916,-0.159994
-1.2145916,-0.127995
-1.2143916,-0.127995
-1.2141916,-0.159994
-1.2139916,-0.127995
-1.2137916,-0.0959963
-1.2135916,-0.127995
-1.2133916,-0.127995
-1.2131916,-0.0959963
-1.2129916,-0.127995
-1.2127916,-0.127995
-1.2125916,-0.159994
-1.2123916,-0.159994
-1.2121916,-0.159994
-1.2119916,-0.0959963
-1.2117916,-0.127995
-1.2115916,-0.127995
-1.2113916,-0.127995
-1.2111916,-0.127995
-1.2109916,-0.127995
-1.2107916,-0.0959963
-1.2105916,-0.127995
-1.2103916,-0.0959963
-1.2101916,-0.159994
-1.2099916,-0.159994
-1.2097916,-0.0959963
-1.2095916,-0.0959963
-1.2093916,-0.159994
-1.2091916,-0.0959963
-1.2089916,-0.0959963
-1.2087916,-0.159994
-1.2085916,-0.0959963
-1.2083916,-0.127995
-1.2081916,-0.159994
-1.2079916,-0.0959963
-1.2077916,-0.0959963
-1.2075916,-0.127995
-1.2073916,-0.0959963
-1.2071916,-0.0959963
-1.2069916,-0.0959963
-1.2067916,-0.0959963
-1.2065916,-0.0639975
-1.2063916,-0.159994
-1.2061916,-0.0639975
-1.2059916,-0.0959963
-1.2057916,-0.127995
-1.2055916,-0.0959963
-1.2053916,-0.0959963
-1.2051916,-0.0959963
-1.2049916,-0.127995
-1.2047916,-0.0639975
-1.2045916,-0.0959963
-1.2043916,-0.0959963
-1.2041916,-0.0959963
-1.2039916,-0.0959963
-1.2037916,-0.0639975
-1.2035916,-0.0959963
-1.2033916,-0.0639975
-1.2031916,-0.0639975
-1.2029916,-0.0959963
-1.2027916,-0.0639975
-1.2025916,-0.0959963
-1.2023916,-0.0639975
-1.2021916,-0.0639975
-1.2019916,-0.0959963
-1.2017916,-0.0959963
-1.2015916,-0.0639975
-1.2013916,-0.0639975
-1.2011916,-0.0959963
-1.2009916,-0.0639975
-1.2007916,-0.0639975
-1.2005916,-0.0639975
-1.2003916,-0.0959963
-1.2001916,-0.0639975
-1.1999916,-0.0959963
-1.1997916,-0.0639975
-1.1995916,-0.0639975
-1.1993916,-0.0319988
-1.1991916,-0.0959963
-1.1989916,0
-1.1987916,-0.0639975
-1.1985916,-0.0639975
-1.1983916,-0.0639975
-1.1981916,-0.0639975
-1.1979916,-0.0639975
-1.1977916,-0.0639975
-1.1975916,-0.0959963
-1.1973916,-0.0319988
-1.1971916,-0.0319988
-1.1969916,-0.0959963
-1.1967916,-0.0959963
-1.1965916,-0.0319988
-1.1963916,-0.0639975
-1.1961916,-0.0959963
-1.1959916,-0.0319988
-1.1957916,-0.0639975
-1.1955916,-0.0959963
-1.1953916,-0.0319988
-1.1951916,-0.0319988
-1.1949916,-0.0959963
-1.1947916,-0.0319988
-1.1945916,-0.0319988
-1.1943916,-0.0319988
-1.1941916,-0.0639975
-1.1939916,0
-1.1937916,-0.0959963
-1.1935916,0
-1.1933916,0
-1.1931916,-0.0959963
-1.1929916,-0.0639975
-1.1927916,-0.0639975
-1.1925916,-0.0639975
-1.1923916,-0.0639975
-1.1921916,0
-1.1919916,-0.0639975
-1.1917916,-0.0319988
-1.1915916,0
-1.1913916,-0.0639975
-1.1911916,-0.0319988
-1.1909916,0
-1.1907916,-0.0639975
-1.1905916,-0.0639975
-1.1903916,0
-1.1901916,-0.0639975
-1.1899916,-0.0319988
-1.1897916,-0.0319988
-1.1895916,-0.0319988
-1.1893916,0
-1.1891916,0
-1.1889916,-0.0639975
-1.1887916,-0.0319988
-1.1885916,-0.0319988
-1.1883916,0
-1.1881916,-0.0319988
-1.1879916,-0.0319988
-1.1877916,-0.0319988
-1.1875916,0
-1.1873916,0
-1.1871916,-0.0319988
-1.1869916,-0.0319988
-1.1867916,0
-1.1865916,-0.0319988
-1.1863916,0.0319988
-1.1861916,0
-1.1859916,-0.0639975
-1.1857916,0
-1.1855916,0
-1.1853916,-0.0319988
-1.1851916,0
-1.1849916,0
-1.1847916,-0.0319988
-1.1845916,0
-1.1843916,0
-1.1841916,-0.0319988
-1.1839916,-0.0319988
-1.1837916,0
-1.1835916,-0.0639975
-1.1833916,0
-1.1831916,0
-1.1829916,0
-1.1827916,-0.0319988
-1.1825916,-0.0319988
-1.1823916,-0.0319988
-1.1821916,0
-1.1819916,0
-1.1817916,0
-1.1815916,-0.0639975
-1.1813916,0
-1.1811916,-0.0959963
-1.1809916,0
-1.1807916,0.0319988
-1.1805916,-0.0319988
-1.1803916,-0.0319988
-1.1801916,-0.0319988
-1.1799916,-0.0639975
-1.1797916,-0.0319988
-1.1795916,-0.0639975
-1.1793916,-0.0319988
-1.1791916,-0.0319988
-1.1789916,0
-1.1787916,-0.0319988
-1.1785916,-0.0319988
-1.1783916,0
-1.1781916,-0.0319988
-1.1779916,0
-1.1777916,-0.0319988
-1.1775916,-0.0319988
-1.1773916,0
-1.1771916,-0.0639975
-1.1769916,-0.0959963
-1.1767916,-0.0639975
-1.1765916,-0.0319988
-1.1763916,-0.0959963
-1.1761916,-0.0959963
-1.1759916,-0.0959963
-1.1757916,-0.0959963
-1.1755916,-0.0639975
-1.1753916,-0.0639975
-1.1751916,-0.0959963
-1.1749916,-0.0319988
-1.1747916,-0.0319988
-1.1745916,-0.0639975
-1.1743916,-0.0639975
-1.1741916,-0.0639975
-1.1739916,-0.0959963
-1.1737916,-0.0639975
-1.1735916,-0.127995
-1.1733916,-0.0959963
-1.1731916,-0.0639975
-1.1729916,-0.0959963
-1.1727916,-0.127995
-1.1725916,-0.0639975
-1.1723916,-0.0319988
-1.1721916,-0.0959963
-1.1719916,-0.0639975
-1.1717916,-0.0639975
-1.1715916,-0.0959963
-1.1713916,-0.0639975
-1.1711916,-0.0639975
-1.1709916,-0.0959963
-1.1707916,-0.0639975
-1.1705916,-0.0959963
-1.1703916,-0.0639975
-1.1701916,-0.0639975
-1.1699916,-0.0959963
-1.1697916,-0.127995
-1.1695916,-0.0639975
-1.1693916,-0.0319988
-1.1691916,-0.0959963
-1.1689916,-0.0639975
-1.1687916,-0.0959963
-1.1685916,-0.0319988
-1.1683916,-0.0959963
-1.1681916,-0.0639975
-1.1679916,-0.0959963
-1.1677916,-0.0639975
-1.1675916,-0.0639975
-1.1673916,-0.0959963
-1.1671916,-0.0639975
-1.1669916,-0.0639975
-1.1667916,-0.0639975
-1.1665916,-0.0639975
-1.1663916,-0.0639975
-1.1661916,-0.0959963
-1.1659916,-0.0319988
-1.1657916,-0.0639975
-1.1655916,-0.0959963
-1.1653916,-0.0639975
-1.1651916,-0.0959963
-1.1649916,-0.0639975
-1.1647916,-0.0959963
-1.1645916,-0.0639975
-1.1643916,-0.127995
-1.1641916,-0.0639975
-1.1639916,-0.0639975
-1.1637916,-0.0639975
-1.1635916,-0.0319988
-1.1633916,-0.0959963
-1.1631916,-0.0959963
-1.1629916,-0.0959963
-1.1627916,-0.0959963
-1.1625916,-0.127995
-1.1623916,-0.0639975
-1.1621916,-0.0639975
-1.1619916,-0.0639975
-1.1617916,-0.0639975
-1.1615916,-0.0959963
-1.1613916,-0.127995
-1.1611916,-0.0959963
-1.1609916,-0.0319988
-1.1607916,-0.127995
-1.1605916,-0.127995
-1.1603916,-0.0959963
-1.1601916,-0.0959963
-1.1599916,-0.0639975
-1.1597916,-0.127995
-1.1595916,-0.127995
-1.1593916,-0.127995
-1.1591916,-0.0639975
-1.1589916,-0.127995
-1.1587916,-0.0959963
-1.1585916,-0.0959963
-1.1583916,-0.0639975
-1.1581916,-0.0959963
-1.1579916,-0.0959963
-1.1577916,-0.127995
-1.1575916,-0.0639975
-1.1573916,-0.0959963
-1.1571916,-0.127995
-1.1569916,-0.0959963
-1.1567916,-0.0639975
-1.1565916,-0.127995
-1.1563916,-0.0959963
-1.1561916,-0.0319988
-1.1559916,-0.127995
-1.1557916,-0.0959963
-1.1555916,-0.0959963
-1.1553916,-0.127995
-1.1551916,-0.0959963
-1.1549916,-0.0959963
-1.1547916,-0.0959963
-1.1545916,-0.0959963
-1.1543916,-0.0959963
-1.1541916,-0.127995
-1.1539916,-0.0639975
-1.1537916,-0.0639975
-1.1535916,-0.159994
-1.1533916,-0.0959963
-1.1531916,-0.0959963
-1.1529916,-0.0959963
-1.1527916,-0.0959963
-1.1525916,-0.0959963
-1.1523916,-0.0959963
-1.1521916,-0.0959963
-1.1519916,-0.0959963
-1.1517916,-0.0959963
-1.1515916,-0.0959963
-1.1513916,-0.0959963
-1.1511916,-0.127995
-1.1509916,-0.0639975
-1.1507916,-0.0959963
-1.1505916,-0.0639975
-1.1503916,-0.0959963
-1.1501916,-0.0639975
-1.1499916,-0.127995
-1.1497916,-0.0959963
-1.1495916,-0.0959963
-1.1493916,-0.0959963
-1.1491916,-0.0959963
-1.1489916,-0.0959963
-1.1487916,-0.0959963
-1.1485916,-0.0959963
-1.1483916,-0.0639975
-1.1481916,-0.159994
-1.1479916,-0.0959963
-1.1477916,-0.0959963
-1.1475916,-0.0639975
-1.1473916,-0.0959963
-1.1471916,-0.0639975
-1.1469916,-0.0959963
-1.1467916,-0.0639975
-1.1465916,-0.0639975
-1.1463916,-0.127995
-1.1461916,-0.0639975
-1.1459916,-0.0959963
-1.1457916,-0.0959963
-1.1455916,-0.0959963
-1.1453916,-0.0639975
-1.1451916,-0.127995
-1.1449916,-0.0639975
-1.1447916,-0.0639975
-1.1445916,-0.0639975
-1.1443916,-0.0639975
-1.1441916,-0.0639975
-1.1439916,-0.0959963
-1.1437916,-0.0959963
-1.1435916,-0.0959963
-1.1433916,-0.0959963
-1.1431916,-0.0959963
-1.1429916,-0.0639975
-1.1427916,-0.0959963
-1.1425916,-0.0959963
-1.1423916,-0.0639975
-1.1421916,-0.0959963
-1.1419916,-0.0959963
-1.1417916,-0.0639975
-1.1415916,-0.0959963
-1.1413916,-0.0639975
-1.1411916,-0.0639975
-1.1409916,-0.0959963
-1.1407916,-0.0639975
-1.1405916,-0.0639975
-1.1403916,-0.0959963
-1.1401916,-0.127995
-1.1399916,-0.0639975
-1.1397916,-0.0959963
-1.1395916,-0.0639975
-1.1393916,-0.0959963
-1.1391916,-0.0959963
-1.1389916,-0.0639975
-1.1387916,-0.0639975
-1.1385916,-0.0959963
-1.1383916,-0.0639975
-1.1381916,-0.0639975
-1.1379916,-0.0959963
-1.1377916,-0.0959963
-1.1375916,-0.0639975
-1.1373916,-0.127995
-1.1371916,-0.0639975
-1.1369916,-0.0639975
-1.1367916,-0.0959963
-1.1365916,-0.0639975
-1.1363916,-0.0319988
-1.1361916,-0.0639975
-1.1359916,-0.0639975
-1.1357916,-0.0639975
-1.1355916,-0.0959963
-1.1353916,-0.0639975
-1.1351916,-0.0639975
-1.1349916,-0.0639975
-1.1347916,-0.0639975
-1.1345916,-0.0639975
-1.1343916,-0.0959963
-1.1341916,-0.0959963
-1.1339916,-0.0639975
-1.1337916,-0.0959963
-1.1335916,-0.0319988
-1.1333916,-0.0319988
-1.1331916,-0.0639975
-1.1329916,0
-1.1327916,-0.0639975
-1.1325916,-0.0959963
-1.1323916,-0.0639975
-1.1321916,-0.0319988
-1.1319916,-0.0319988
-1.1317916,-0.0319988
-1.1315916,-0.0639975
-1.1313916,-0.0319988
-1.1311916,-0.0639975
-1.1309916,-0.0639975
-1.1307916,-0.0639975
-1.1305916,-0.0319988
-1.1303916,-0.0639975
-1.1301916,-0.0639975
-1.1299916,-0.0959963
-1.1297916,-0.0639975
-1.1295916,-0.0639975
-1.1293916,-0.0639975
-1.1291916,-0.0639975
-1.1289916,-0.0639975
-1.1287916,-0.0319988
-1.1285916,-0.0639975
-1.1283916,-0.0959963
-1.1281916,-0.0639975
-1.1279916,-0.0639975
-1.1277916,-0.0639975
-1.1275916,-0.0639975
-1.1273916,-0.0639975
-1.1271916,-0.0959963
-1.1269916,-0.0639975
-1.1267916,-0.0959963
-1.1265916,-0.0639975
-1.1263916,-0.0959963
-1.1261916,-0.0639975
-1.1259916,-0.0639975
-1.1257916,-0.0639975
-1.1255916,-0.0639975
-1.1253916,-0.0639975
-1.1251916,-0.0639975
-1.1249916,-0.0959963
-1.1247916,-0.0959963
-1.1245916,-0.0959963
-1.1243916,-0.0319988
-1.1241916,-0.0959963
-1.1239916,-0.0639975
-1.1237916,-0.0639975
-1.1235916,-0.127995
-1.1233916,-0.0959963
-1.1231916,-0.0639975
-1.1229916,-0.127995
-1.1227916,-0.0319988
-1.1225916,-0.0639975
-1.1223916,-0.0639975
-1.1221916,-0.0959963
-1.1219916,-0.0959963
-1.1217916,-0.127995
-1.1215916,0
-1.1213916,-0.0319988
-1.1211916,-0.0959963
-1.1209916,-0.0639975
-1.1207916,-0.0959963
-1.1205916,-0.0959963
-1.1203916,-0.0639975
-1.1201916,-0.0319988
-1.1199916,-0.127995
-1.1197916,-0.0959963
-1.1195916,-0.0959963
-1.1193916,-0.0959963
-1.1191916,-0.0959963
-1.1189916,-0.0639975
-1.1187916,-0.0639975
-1.1185916,-0.0639975
-1.1183916,-0.0639975
-1.1181916,-0.0639975
-1.1179916,-0.0639975
-1.1177916,-0.0639975
-1.1175916,-0.0639975
-1.1173916,-0.0319988
-1.1171916,-0.0959963
-1.1169916,-0.127995
-1.1167916,-0.0319988
-1.1165916,-0.0639975
-1.1163916,-0.0639975
-1.1161916,-0.0639975
-1.1159916,-0.0959963
-1.1157916,-0.0959963
-1.1155916,-0.0639975
-1.1153916,0
-1.1151916,-0.0959963
-1.1149916,-0.0319988
-1.1147916,-0.0959963
-1.1145916,-0.0639975
-1.1143916,-0.0639975
-1.1141916,-0.0959963
-1.1139916,-0.0959963
-1.1137916,-0.0639975
-1.1135916,-0.0639975
-1.1133916,-0.0959963
-1.1131916,-0.0959963
-1.1129916,-0.0639975
-1.1127916,-0.0959963
-1.1125916,-0.0639975
-1.1123916,-0.0639975
-1.1121916,-0.0639975
-1.1119916,0
-1.1117916,-0.0639975
-1.1115916,-0.0639975
-1.1113916,-0.0639975
-1.1111916,-0.0959963
-1.1109916,-0.0639975
-1.1107916,-0.0319988
-1.1105916,-0.0319988
-1.1103916,-0.0319988
-1.1101916,-0.0319988
-1.1099916,-0.0319988
-1.1097916,-0.0319988
-1.1095916,-0.0639975
-1.1093916,-0.0319988
-1.1091916,-0.0639975
-1.1089916,0
-1.1087916,-0.0639975
-1.1085916,-0.0639975
-1.1083916,-0.0639975
-1.1081916,0
-1.1079916,-0.0639975
-1.1077916,-0.0319988
-1.1075916,-0.0639975
-1.1073916,-0.0319988
-1.1071916,-0.0639975
-1.1069916,-0.0319988
-1.1067916,-0.0639975
-1.1065916,-0.0319988
-1.1063916,-0.0319988
-1.1061916,-0.0319988
-1.1059916,0
-1.1057916,-0.0319988
-1.1055916,-0.0639975
-1.1053916,-0.0319988
-1.1051916,-0.0319988
-1.1049916,-0.0319988
-1.1047916,-0.0319988
-1.1045916,0
-1.1043916,-0.0959963
-1.1041916,-0.0319988
-1.1039916,-0.0639975
-1.1037916,-0.0959963
-1.1035916,-0.0319988
-1.1033916,-0.0319988
-1.1031916,-0.0959963
-1.1029916,-0.0639975
-1.1027916,-0.0319988
-1.1025916,-0.0639975
-1.1023916,0
-1.1021916,-0.0959963
-1.1019916,-0.0639975
-1.1017916,-0.0959963
-1.1015916,-0.0319988
-1.1013916,-0.0959963
-1.1011916,-0.0319988
-1.1009916,-0.0319988
-1.1007916,-0.0959963
-1.1005916,-0.0639975
-1.1003916,-0.0319988
-1.1001916,-0.0639975
-1.0999916,-0.0639975
-1.0997916,-0.0639975
-1.0995916,-0.0639975
-1.0993916,0
-1.0991916,-0.0639975
-1.0989916,-0.0639975
-1.0987916,-0.0319988
-1.0985916,0
-1.0983916,-0.0639975
-1.0981916,-0.0319988
-1.0979916,-0.0639975
-1.0977916,-0.0639975
-1.0975916,-0.0639975
-1.0973916,-0.0319988
-1.0971916,-0.0639975
-1.0969916,-0.0319988
-1.0967916,-0.0639975
-1.0965916,-0.0959963
-1.0963916,-0.0319988
-1.0961916,-0.0639975
-1.0959916,-0.0639975
-1.0957916,-0.0639975
-1.0955916,-0.0959963
-1.0953916,-0.0639975
-1.0951916,-0.0639975
-1.0949916,-0.0639975
-1.0947916,-0.0639975
-1.0945916,-0.0639975
-1.0943916,-0.0639975
-1.0941916,-0.0639975
-1.0939916,-0.0639975
-1.0937916,-0.0639975
-1.0935916,-0.0639975
-1.0933916,-0.0639975
-1.0931916,-0.0319988
-1.0929916,-0.0639975
-1.0927916,-0.0639975
-1.0925916,-0.0639975
-1.0923916,-0.0639975
-1.0921916,-0.0639975
-1.0919916,-0.0639975
-1.0917916,-0.0639975
-1.0915916,-0.0639975
-1.0913916,-0.0319988
-1.0911916,-0.0959963
-1.0909916,-0.0639975
-1.0907916,-0.0639975
-1.0905916,-0.0639975
-1.0903916,-0.0639975
-1.0901916,-0.0639975
-1.0899916,-0.0959963
-1.0897916,-0.0639975
-1.0895916,-0.0319988
-1.0893916,-0.0639975
-1.0891916,-0.0319988
-1.0889916,0
-1.0887916,-0.0959963
-1.0885916,-0.0639975
-1.0883916,-0.0639975
-1.0881916,-0.0639975
-1.0879916,-0.0319988
-1.0877916,-0.0639975
-1.0875916,-0.0639975
-1.0873916,-0.0319988
-1.0871916,-0.0639975
-1.0869916,-0.0319988
-1.0867916,-0.0639975
-1.0865916,-0.0319988
-1.0863916,-0.0319988
-1.0861916,-0.0319988
-1.0859916,-0.0319988
-1.0857916,-0.0639975
-1.0855916,-0.0639975
-1.0853916,-0.0319988
-1.0851916,-0.0639975
-1.0849916,0
-1.0847916,0
-1.0845916,-0.0639975
-1.0843916,-0.0319988
-1.0841916,-0.0319988
-1.0839916,-0.0639975
-1.0837916,-0.0319988
-1.0835916,0
-1.0833916,-0.0639975
-1.0831916,-0.0319988
-1.0829916,-0.0639975
-1.0827916,0
-1.0825916,-0.0319988
-1.0823916,-0.0319988
-1.0821916,-0.0319988
-1.0819916,0
-1.0817916,-0.0319988
-1.0815916,-0.0319988
-1.0813916,-0.0319988
-1.0811916,0.0319988
-1.0809916,-0.0639975
-1.0807916,-0.0319988
-1.0805916,-0.0319988
-1.0803916,-0.0319988
-1.0801916,-0.0319988
-1.0799916,-0.0639975
-1.0797916,-0.0319988
-1.0795916,-0.0319988
-1.0793916,-0.0319988
-1.0791916,-0.0639975
-1.0789916,0
-1.0787916,0
-1.0785916,-0.0319988
-1.0783916,-0.0639975
-1.0781916,-0.0319988
-1.0779916,-0.0319988
-1.0777916,-0.0319988
-1.0775916,-0.0639975
-1.0773916,-0.0639975
-1.0771916,-0.0319988
-1.0769916,0
-1.0767916,-0.0319988
-1.0765916,-0.0319988
-1.0763916,-0.0319988
-1.0761916,-0.0639975
-1.0759916,-0.0319988
-1.0757916,-0.0319988
-1.0755916,-0.0639975
-1.0753916,-0.0639975
-1.0751916,-0.0319988
-1.0749916,0
-1.0747916,-0.0319988
-1.0745916,-0.0319988
-1.0743916,-0.0959963
-1.0741916,-0.0639975
-1.0739916,-0.0319988
-1.0737916,-0.0639975
-1.0735916,-0.0319988
-1.0733916,-0.0639975
-1.0731916,-0.0639975
-1.0729916,-0.0639975
-1.0727916,-0.0639975
-1.0725916,-0.0639975
-1.0723916,-0.0639975
-1.0721916,-0.0639975
-1.0719916,-0.0639975
-1.0717916,-0.0639975
-1.0715916,-0.0319988
-1.0713916,-0.0959963
-1.0711916,-0.0639975
-1.0709916,-0.0319988
-1.0707916,-0.0639975
-1.0705916,0
-1.0703916,-0.0319988
-1.0701916,-0.0639975
-1.0699916,-0.0319988
-1.0697916,-0.0319988
-1.0695916,-0.0639975
-1.0693916,-0.0319988
-1.0691916,-0.0319988
-1.0689916,-0.0959963
-1.0687916,-0.0319988
-1.0685916,0
-1.0683916,-0.0639975
-1.0681916,-0.0319988
-1.0679916,-0.0639975
-1.0677916,-0.0639975
-1.0675916,0
-1.0673916,-0.0319988
-1.0671916,-0.0319988
-1.0669916,-0.0639975
-1.0667916,-0.0319988
-1.0665916,-0.0639975
-1.0663916,-0.0319988
-1.0661916,-0.0319988
-1.0659916,-0.0639975
-1.0657916,-0.0319988
-1.0655916,0
-1.0653916,-0.0639975
-1.0651916,0
-1.0649916,-0.0319988
-1.0647916,-0.0639975
-1.0645916,-0.0639975
-1.0643916,-0.0639975
-1.0641916,-0.0319988
-1.0639916,-0.0319988
-1.0637916,-0.0639975
-1.0635916,-0.0319988
-1.0633916,-0.0319988
-1.0631916,0
-1.0629916,-0.0639975
-1.0627916,-0.0319988
-1.0625916,-0.0319988
-1.0623916,-0.0319988
-1.0621916,0
-1.0619916,0
-1.0617916,-0.0319988
-1.0615916,0
-1.0613916,-0.0319988
-1.0611916,-0.0319988
-1.0609916,-0.0319988
-1.0607916,0
-1.0605916,-0.0639975
-1.0603916,0
-1.0601916,-0.0639975
-1.0599916,-0.0319988
-1.0597916,0
-1.0595916,0
-1.0593916,-0.0319988
-1.0591916,0
-1.0589916,0.0319988
-1.0587916,-0.0319988
-1.0585916,-0.0639975
-1.0583916,-0.0319988
-1.0581916,0
-1.0579916,0
-1.0577916,0
-1.0575916,0
-1.0573916,0
-1.0571916,0
-1.0569916,-0.0319988
-1.0567916,-0.0319988
-1.0565916,-0.0319988
-1.0563916,-0.0319988
-1.0561916,0.0319988
-1.0559916,-0.0319988
-1.0557916,0
-1.0555916,-0.0319988
-1.0553916,-0.0319988
-1.0551916,-0.0319988
-1.0549916,0
-1.0547916,-0.0319988
-1.0545916,-0.0639975
-1.0543916,-0.0319988
-1.0541916,-0.0319988
-1.0539916,0
-1.0537916,-0.0319988
-1.0535916,0
-1.0533916,-0.0959963
-1.0531916,0
-1.0529916,-0.0319988
-1.0527916,-0.0319988
-1.0525916,-0.0319988
-1.0523916,-0.0319988
-1.0521916,-0.0639975
-1.0519916,-0.0319988
-1.0517916,-0.0319988
-1.0515916,-0.0319988
-1.0513916,-0.0639975
-1.0511916,0.0319988
-1.0509916,-0.0319988
-1.0507916,0
-1.0505916,0
-1.0503916,-0.0319988
-1.0501916,-0.0639975
-1.0499916,0
-1.0497916,-0.0319988
-1.0495916,-0.0639975
-1.0493916,-0.0639975
-1.0491916,-0.0319988
-1.0489916,-0.0319988
-1.0487916,0
-1.0485916,-0.0319988
-1.0483916,0
-1.0481916,0
-1.0479916,-0.0319988
-1.0477916,-0.0319988
-1.0475916,-0.0319988
-1.0473916,-0.0319988
-1.0471916,0.0319988
-1.0469916,-0.0319988
-1.0467916,-0.0319988
-1.0465916,0
-1.0463916,0.0319988
-1.0461916,0
-1.0459916,0
-1.0457916,0
-1.0455916,-0.0639975
-1.0453916,0
-1.0451916,0.0319988
-1.0449916,0.0319988
-1.0447916,0
-1.0445916,0
-1.0443916,0
-1.0441916,0.0319988
-1.0439916,-0.0319988
-1.0437916,-0.0319988
-1.0435916,-0.0319988
-1.0433916,0.0319988
-1.0431916,0
-1.0429916,0
-1.0427916,0
-1.0425916,0
-1.0423916,0.0319988
-1.0421916,0.0319988
-1.0419916,0
-1.0417916,0.0319988
-1.0415916,0
-1.0413916,0.0319988
-1.0411916,0.0319988
-1.0409916,0.0319988
-1.0407916,0.0319988
-1.0405916,0
-1.0403916,0
-1.0401916,-0.0319988
-1.0399916,0.0319988
-1.0397916,0.0319988
-1.0395916,0
-1.0393916,0
-1.0391916,0.0639975
-1.0389916,0
-1.0387916,0.0319988
-1.0385916,0.0639975
-1.0383916,0.0319988
-1.0381916,0
-1.0379916,0.0319988
-1.0377916,0.0319988
-1.0375916,0.0319988
-1.0373916,0.0319988
-1.0371916,0.0319988
-1.0369916,0.0319988
-1.0367916,0.0319988
-1.0365916,-0.0319988
-1.0363916,0.0639975
-1.0361916,0.0959963
-1.0359916,0.0319988
-1.0357916,0.0319988
-1.0355916,0.0319988
-1.0353916,0.0319988
-1.0351916,0.0639975
-1.0349916,0.0639975
-1.0347916,0.0319988
-1.0345916,0.0639975
-1.0343916,0.0639975
-1.0341916,0.0639975
-1.0339916,0.0959963
-1.0337916,0.0959963
-1.0335916,0.0639975
-1.0333916,0.127995
-1.0331916,0.0639975
-1.0329916,0.0959963
-1.0327916,0.0959963
-1.0325916,0.0639975
-1.0323916,0.0639975
-1.0321916,0.0639975
-1.0319916,0.0639975
-1.0317916,0.0639975
-1.0315916,0.0959963
-1.0313916,0.0959963
-1.0311916,0.0959963
-1.0309916,0.0959963
-1.0307916,0.0959963
-1.0305916,0.0959963
-1.0303916,0.0959963
-1.0301916,0.0639975
-1.0299916,0.0639975
-1.0297916,0.0959963
-1.0295916,0.0639975
-1.0293916,0.0959963
-1.0291916,0.0959963
-1.0289916,0.0959963
-1.0287916,0.0959963
-1.0285916,0.0959963
-1.0283916,0.0959963
-1.0281916,0.0639975
-1.0279916,0.0959963
-1.0277916,0.0959963
-1.0275916,0.0639975
-1.0273916,0.0959963
-1.0271916,0.0639975
-1.0269916,0.0639975
-1.0267916,0.0639975
-1.0265916,0.0959963
-1.0263916,0.0959963
-1.0261916,0.0319988
-1.0259916,0.0959963
-1.0257916,0.0959963
-1.0255916,0.0959963
-1.0253916,0.0959963
-1.0251916,0.0959963
-1.0249916,0.0959963
-1.0247916,0.0959963
-1.0245916,0.0959963
-1.0243916,0.0959963
-1.0241916,0.0959963
-1.0239916,0.127995
-1.0237916,0.0959963
-1.0235916,0.0959963
-1.0233916,0.0959963
-1.0231916,0.0959963
-1.0229916,0.0959963
-1.0227916,0.0959963
-1.0225916,0.0959963
-1.0223916,0.0959963
-1.0221916,0.0959963
-1.0219916,0.127995
-1.0217916,0.0959963
-1.0215916,0.0959963
-1.0213916,0.0959963
-1.0211916,0.0959963
-1.0209916,0.127995
-1.0207916,0.0959963
-1.0205916,0.0959963
-1.0203916,0.0639975
-1.0201916,0.0959963
-1.0199916,0.127995
-1.0197916,0.0959963
-1.0195916,0.0959963
-1.0193916,0.0959963
-1.0191916,0.0639975
-1.0189916,0.0959963
-1.0187916,0.0959963
-1.0185916,0.0639975
-1.0183916,0.0959963
-1.0181916,0.0959963
-1.0179916,0.0959963
-1.0177916,0.0639975
-1.0175916,0.0959963
-1.0173916,0.0959963
-1.0171916,0.0639975
-1.0169916,0.0639975
-1.0167916,0.0319988
-1.0165916,0.0959963
-1.0163916,0.0639975
-1.0161916,0.0639975
-1.0159916,0.0959963
-1.0157916,0.0639975
-1.0155916,0.0959963
-1.0153916,0.0639975
-1.0151916,0.0639975
-1.0149916,0.0639975
-1.0147916,0.0639975
-1.0145916,0.0319988
-1.0143916,0.0639975
-1.0141916,0.0639975
-1.0139916,0.0639975
-1.0137916,0.0639975
-1.0135916,0.0639975
-1.0133916,0.0639975
-1.0131916,0.0319988
-1.0129916,0.0319988
-1.0127916,0.0639975
-1.0125916,0.0319988
-1.0123916,0.0639975
-1.0121916,0.0319988
-1.0119916,0.0319988
-1.0117916,0.0319988
-1.0115916,0
-1.0113916,0.0639975
-1.0111916,0.0319988
-1.0109916,0.0319988
-1.0107916,0.0319988
-1.0105916,0
-1.0103916,0.0319988
-1.0101916,0.0639975
-1.0099916,0.0319988
-1.0097916,0.0319988
-1.0095916,0.0639975
-1.0093916,0.0639975
-1.0091916,0.0319988
-1.0089916,0.0319988
-1.0087916,0.0319988
-1.0085916,0.0639975
-1.0083916,0
-1.0081916,0.0319988
-1.0079916,0
-1.0077916,0
-1.0075916,0
-1.0073916,0
-1.0071916,0
-1.0069916,0.0319988
-1.0067916,0
-1.0065916,0.0319988
-1.0063916,0
-1.0061916,0
-1.0059916,0
-1.0057916,0
-1.0055916,0
-1.0053916,-0.0319988
-1.0051916,0
-1.0049916,0.0319988
-1.0047916,-0.0319988
-1.0045916,0
-1.0043916,0
-1.0041916,-0.0319988
-1.0039916,-0.0319988
-1.0037916,0
-1.0035916,-0.0959963
-1.0033916,-0.0319988
-1.0031916,0
-1.0029916,-0.0319988
-1.0027916,0
-1.0025916,0
-1.0023916,-0.0639975
-1.0021916,-0.0639975
-1.0019916,-0.0319988
-1.0017916,-0.0639975
-1.0015916,-0.0639975
-1.0013916,-0.0319988
-1.0011916,-0.0319988
-1.0009916,-0.0639975
-1.0007916,-0.0319988
-1.0005916,-0.0319988
-1.0003916,-0.0319988
-1.0001916,-0.0319988
-0.99999161,-0.0639975
-0.99979161,-0.0319988
-0.99959161,-0.0319988
-0.99939161,-0.0639975
-0.99919161,-0.0319988
-0.99899161,-0.0639975
-0.99879161,-0.0639975
-0.99859161,-0.0319988
-0.99839161,-0.0959963
-0.99819161,-0.0959963
-0.99799161,-0.0319988
-0.99779161,-0.0639975
-0.99759161,-0.0959963
-0.99739161,-0.0639975
-0.99719161,-0.0319988
-0.99699161,-0.0639975
-0.99679161,-0.0319988
-0.99659161,-0.0319988
-0.99639161,-0.0959963
-0.99619161,-0.0319988
-0.99599161,-0.0319988
-0.99579161,-0.0959963
-0.99559161,-0.0319988
-0.99539161,-0.0639975
-0.99519161,-0.0639975
-0.99499161,-0.0959963
-0.99479161,-0.0319988
-0.99459161,-0.0959963
-0.99439161,-0.0319988
-0.99419161,-0.0959963
-0.99399161,-0.0639975
-0.99379161,-0.0319988
-0.99359161,-0.0319988
-0.99339161,-0.0959963
-0.99319161,-0.0319988
-0.99299161,-0.0959963
-0.99279161,-0.0639975
-0.99259161,-0.0319988
-0.99239161,-0.0639975
-0.99219161,-0.0639975
-0.99199161,-0.0639975
-0.99179161,-0.0639975
-0.99159161,-0.127995
-0.99139161,-0.0639975
-0.99119161,-0.0959963
-0.99099161,-0.0959963
-0.99079161,-0.0959963
-0.99059161,-0.0639975
-0.99039161,-0.0959963
-0.99019161,-0.0959963
-0.98999161,-0.0319988
-0.98979161,-0.127995
-0.98959161,-0.0959963
-0.98939161,-0.0959963
-0.98919161,-0.159994
-0.98899161,-0.0959963
-0.98879161,-0.0639975
-0.98859161,-0.127995
-0.98839161,-0.0959963
-0.98819161,-0.0959963
-0.98799161,-0.127995
-0.98779161,-0.0959963
-0.98759161,-0.127995
-0.98739161,-0.127995
-0.98719161,-0.0639975
-0.98699161,-0.0959963
-0.98679161,-0.127995
-0.98659161,-0.127995
-0.98639161,-0.0959963
-0.98619161,-0.127995
-0.98599161,-0.0959963
-0.98579161,-0.127995
-0.98559161,-0.127995
-0.98539161,-0.0959963
-0.98519161,-0.0959963
-0.98499161,-0.159994
-0.98479161,-0.159994
-0.98459161,-0.127995
-0.98439161,-0.159994
-0.98419161,-0.127995
-0.98399161,-0.127995
-0.98379161,-0.159994
-0.98359161,-0.159994
-0.98339161,-0.0959963
-0.98319161,-0.159994
-0.98299161,-0.127995
-0.98279161,-0.127995
-0.98259161,-0.127995
-0.98239161,-0.159994
-0.98219161,-0.0959963
-0.98199161,-0.159994
-0.98179161,-0.159994
-0.98159161,-0.127995
-0.98139161,-0.127995
-0.98119161,-0.159994
-0.98099161,-0.0959963
-0.98079161,-0.127995
-0.98059161,-0.159994
-0.98039161,-0.127995
-0.98019161,-0.127995
-0.97999161,-0.159994
-0.97979161,-0.159994
-0.97959161,-0.159994
-0.97939161,-0.159994
-0.97919161,-0.127995
-0.97899161,-0.191993
-0.97879161,-0.159994
-0.97859161,-0.159994
-0.97839161,-0.159994
-0.97819161,-0.159994
-0.97799161,-0.127995
-0.97779161,-0.127995
-0.97759161,-0.127995
-0.97739161,-0.159994
-0.97719161,-0.159994
-0.97699161,-0.159994
-0.97679161,-0.159994
-0.97659161,-0.159994
-0.97639161,-0.191993
-0.97619161,-0.159994
-0.97599161,-0.159994
-0.97579161,-0.159994
-0.97559161,-0.159994
-0.97539161,-0.159994
-0.97519161,-0.159994
-0.97499161,-0.159994
-0.97479161,-0.159994
-0.97459161,-0.127995
-0.97439161,-0.127995
-0.97419161,-0.159994
-0.97399161,-0.159994
-0.97379161,-0.159994
-0.97359161,-0.159994
-0.97339161,-0.159994
-0.97319161,-0.127995
-0.97299161,-0.159994
-0.97279161,-0.127995
-0.97259161,-0.127995
-0.97239161,-0.0959963
-0.97219161,-0.127995
-0.97199161,-0.127995
-0.97179161,-0.159994
-0.97159161,-0.0959963
-0.97139161,-0.0959963
-0.97119161,-0.159994
-0.97099161,-0.127995
-0.97079161,-0.127995
-0.97059161,-0.127995
-0.97039161,-0.127995
-0.97019161,-0.0959963
-0.96999161,-0.127995
-0.96979161,-0.127995
-0.96959161,-0.127995
-0.96939161,-0.159994
-0.96919161,-0.127995
-0.96899161,-0.0959963
-0.96879161,-0.127995
-0.96859161,-0.127995
-0.96839161,-0.0959963
-0.96819161,-0.127995
-0.96799161,-0.127995
-0.96779161,-0.0959963
-0.96759161,-0.159994
-0.96739161,-0.159994
-0.96719161,-0.159994
-0.96699161,-0.159994
-0.96679161,-0.127995
-0.96659161,-0.0959963
-0.96639161,-0.127995
-0.96619161,-0.0959963
-0.96599161,-0.0959963
-0.96579161,-0.191993
-0.96559161,-0.127995
-0.96539161,-0.127995
-0.96519161,-0.127995
-0.96499161,-0.127995
-0.96479161,-0.0959963
-0.96459161,-0.127995
-0.96439161,-0.127995
-0.96419161,-0.0959963
-0.96399161,-0.0639975
-0.96379161,-0.0639975
-0.96359161,-0.127995
-0.96339161,-0.127995
-0.96319161,-0.0959963
-0.96299161,-0.0959963
-0.96279161,-0.127995
-0.96259161,-0.0959963
-0.96239161,-0.127995
-0.96219161,-0.127995
-0.96199161,-0.127995
-0.96179161,-0.0959963
-0.96159161,-0.0959963
-0.96139161,-0.0959963
-0.96119161,-0.0959963
-0.96099161,-0.127995
-0.96079161,-0.0959963
-0.96059161,-0.0959963
-0.96039161,-0.127995
-0.96019161,-0.0959963
-0.95999161,-0.0959963
-0.95979161,-0.0639975
-0.95959161,-0.0959963
-0.95939161,-0.0959963
-0.95919161,-0.0959963
-0.95899161,-0.0959963
-0.95879161,-0.0639975
-0.95859161,-0.0959963
-0.95839161,-0.0319988
-0.95819161,-0.0959963
-0.95799161,-0.127995
-0.95779161,-0.0639975
-0.95759161,-0.0639975
-0.95739161,-0.127995
-0.95719161,-0.0959963
-0.95699161,-0.0639975
-0.95679161,-0.0959963
-0.95659161,-0.0639975
-0.95639161,-0.0639975
-0.95619161,-0.0959963
-0.95599161,-0.0959963
-0.95579161,-0.0639975
-0.95559161,-0.0639975
-0.95539161,-0.0639975
-0.95519161,-0.0639975
-0.95499161,-0.127995
-0.95479161,-0.0639975
-0.95459161,-0.127995
-0.95439161,-0.127995
-0.95419161,-0.0639975
-0.95399161,-0.0639975
-0.95379161,-0.127995
-0.95359161,-0.0639975
-0.95339161,-0.0319988
-0.95319161,-0.0959963
-0.95299161,-0.0319988
-0.95279161,-0.0959963
-0.95259161,-0.0959963
-0.95239161,-0.0959963
-0.95219161,-0.0959963
-0.95199161,-0.0959963
-0.95179161,-0.0959963
-0.95159161,-0.0639975
-0.95139161,-0.0959963
-0.95119161,-0.0639975
-0.95099161,-0.0959963
-0.95079161,-0.127995
-0.95059161,-0.0639975
-0.95039161,-0.0959963
-0.95019161,-0.0959963
-0.94999161,-0.0959963
-0.94979161,-0.0959963
-0.94959161,-0.127995
-0.94939161,-0.0959963
-0.94919161,-0.0959963
-0.94899161,-0.0959963
-0.94879161,-0.0639975
-0.94859161,-0.0639975
-0.94839161,-0.0959963
-0.94819161,-0.0639975
-0.94799161,-0.0959963
-0.94779161,-0.127995
-0.94759161,-0.0959963
-0.94739161,-0.0639975
-0.94719161,-0.0959963
-0.94699161,-0.0639975
-0.94679161,-0.0959963
-0.94659161,-0.0959963
-0.94639161,-0.0639975
-0.94619161,-0.0639975
-0.94599161,-0.127995
-0.94579161,-0.0639975
-0.94559161,-0.0639975
-0.94539161,-0.0959963
-0.94519161,-0.0639975
-0.94499161,-0.0959963
-0.94479161,-0.0639975
-0.94459161,-0.0639975
-0.94439161,-0.0639975
-0.94419161,-0.0639975
-0.94399161,-0.0639975
-0.94379161,-0.0319988
-0.94359161,-0.0639975
-0.94339161,-0.0639975
-0.94319161,-0.0639975
-0.94299161,-0.127995
-0.94279161,-0.0639975
-0.94259161,-0.0319988
-0.94239161,-0.0959963
-0.94219161,-0.0639975
-0.94199161,-0.0639975
-0.94179161,-0.0959963
-0.94159161,-0.0639975
-0.94139161,-0.0639975
-0.94119161,-0.0639975
-0.94099161,-0.0319988
-0.94079161,-0.0639975
-0.94059161,-0.0959963
-0.94039161,-0.0639975
-0.94019161,-0.0959963
-0.93999161,-0.0959963
-0.93979161,-0.0639975
-0.93959161,-0.0319988
-0.93939161,-0.0959963
-0.93919161,-0.0959963
-0.93899161,-0.0639975
-0.93879161,-0.127995
-0.93859161,-0.0639975
-0.93839161,-0.0639975
-0.93819161,-0.0639975
-0.93799161,-0.0959963
-0.93779161,-0.0319988
-0.93759161,-0.0959963
-0.93739161,-0.0639975
-0.93719161,-0.0959963
-0.93699161,-0.0959963
-0.93679161,-0.0959963
-0.93659161,-0.0639975
-0.93639161,-0.127995
-0.93619161,-0.0959963
-0.93599161,-0.0959963
-0.93579161,-0.0959963
-0.93559161,-0.0639975
-0.93539161,-0.0639975
-0.93519161,-0.127995
-0.93499161,-0.127995
-0.93479161,-0.0639975
-0.93459161,-0.0639975
-0.93439161,-0.0639975
-0.93419161,-0.0319988
-0.93399161,-0.0639975
-0.93379161,-0.127995
-0.93359161,-0.0959963
-0.93339161,-0.0959963
-0.93319161,-0.0319988
-0.93299161,-0.0639975
-0.93279161,-0.159994
-0.93259161,-0.0959963
-0.93239161,-0.127995
-0.93219161,-0.0639975
-0.93199161,-0.0639975
-0.93179161,-0.0959963
-0.93159161,-0.0959963
-0.93139161,-0.0639975
-0.93119161,-0.0959963
-0.93099161,-0.0959963
-0.93079161,-0.0639975
-0.93059161,-0.0639975
-0.93039161,-0.0959963
-0.93019161,-0.0639975
-0.92999161,-0.0639975
-0.92979161,-0.0959963
-0.92959161,-0.0959963
-0.92939161,-0.0959963
-0.92919161,-0.127995
-0.92899161,-0.127995
-0.92879161,-0.0639975
-0.92859161,-0.0959963
-0.92839161,-0.0959963
-0.92819161,-0.0959963
-0.92799161,-0.0959963
-0.92779161,-0.0639975
-0.92759161,-0.0639975
-0.92739161,-0.127995
-0.92719161,-0.0639975
-0.92699161,-0.0959963
-0.92679161,-0.159994
-0.92659161,-0.127995
-0.92639161,-0.0959963
-0.92619161,-0.127995
-0.92599161,-0.127995
-0.92579161,-0.0639975
-0.92559161,-0.159994
-0.92539161,-0.0639975
-0.92519161,-0.0959963
-0.92499161,-0.0959963
-0.92479161,-0.0959963
-0.92459161,-0.0959963
-0.92439161,-0.127995
-0.92419161,-0.0639975
-0.92399161,-0.0959963
-0.92379161,-0.0959963
-0.92359161,-0.0959963
-0.92339161,-0.0959963
-0.92319161,-0.127995
-0.92299161,-0.0319988
-0.92279161,-0.0959963
-0.92259161,-0.0959963
-0.92239161,-0.0959963
-0.92219161,-0.0639975
-0.92199161,-0.127995
-0.92179161,-0.0639975
-0.92159161,-0.0639975
-0.92139161,-0.0639975
-0.92119161,-0.0639975
-0.92099161,-0.0959963
-0.92079161,-0.127995
-0.92059161,-0.0959963
-0.92039161,-0.0959963
-0.92019161,-0.127995
-0.91999161,-0.0959963
-0.91979161,-0.0639975
-0.91959161,-0.0319988
-0.91939161,-0.0639975
-0.91919161,-0.0639975
-0.91899161,-0.0959963
-0.91879161,-0.0959963
-0.91859161,-0.0959963
-0.91839161,-0.0639975
-0.91819161,-0.0959963
-0.91799161,-0.0319988
-0.91779161,-0.0639975
-0.91759161,-0.0959963
-0.91739161,-0.0319988
-0.91719161,-0.0959963
-0.91699161,-0.0959963
-0.91679161,-0.0639975
-0.91659161,-0.0959963
-0.91639161,-0.0639975
-0.91619161,-0.0639975
-0.91599161,-0.0639975
-0.91579161,-0.0639975
-0.91559161,-0.0639975
-0.91539161,-0.0639975
-0.91519161,-0.0959963
-0.91499161,-0.0639975
-0.91479161,-0.0319988
-0.91459161,-0.0319988
-0.91439161,-0.0319988
-0.91419161,-0.0319988
-0.91399161,-0.0319988
-0.91379161,-0.0639975
-0.91359161,-0.0319988
-0.91339161,-0.0639975
-0.91319161,-0.0319988
-0.91299161,-0.0959963
-0.91279161,-0.0639975
-0.91259161,-0.0639975
-0.91239161,0
-0.91219161,-0.0319988
-0.91199161,0.0319988
-0.91179161,-0.0319988
-0.91159161,0
-0.91139161,-0.0319988
-0.91119161,-0.0319988
-0.91099161,-0.0319988
-0.91079161,0.0319988
-0.91059161,0
-0.91039161,0.0319988
-0.91019161,0
-0.90999161,-0.0319988
-0.90979161,0.0639975
-0.90959161,0
-0.90939161,0
-0.90919161,0
-0.90899161,0.0319988
-0.90879161,0
-0.90859161,0.0319988
-0.90839161,0.0319988
-0.90819161,0
-0.90799161,0.0639975
-0.90779161,0
-0.90759161,0.0319988
-0.90739161,0.0319988
-0.90719161,0.0319988
-0.90699161,0.0319988
-0.90679161,0.0319988
-0.90659161,0
-0.90639161,0
-0.90619161,0.0639975
-0.90599161,0.0319988
-0.90579161,0.0319988
-0.90559161,0.0319988
-0.90539161,0.0319988
-0.90519161,0
-0.90499161,0.0639975
-0.90479161,0.0319988
-0.90459161,0.0319988
-0.90439161,0.0639975
-0.90419161,0.0639975
-0.90399161,0
-0.90379161,0.0319988
-0.90359161,0.0639975
-0.90339161,0.0319988
-0.90319161,0.0639975
-0.90299161,0
-0.90279161,0.0639975
-0.90259161,0.0639975
-0.90239161,0.0639975
-0.90219161,0
-0.90199161,0.0639975
-0.90179161,0.0639975
-0.90159161,0.0639975
-0.90139161,0.0639975
-0.90119161,0.0639975
-0.90099161,0.0319988
-0.90079161,0.0319988
-0.90059161,0.0639975
-0.90039161,0.0319988
-0.90019161,0.0639975
-0.89999161,0.0319988
-0.89979161,0.0319988
-0.89959161,0.0639975
-0.89939161,0.0639975
-0.89919161,0.0639975
-0.89899161,0.0639975
-0.89879161,0.0639975
-0.89859161,0.0319988
-0.89839161,0.0639975
-0.89819161,0.0959963
-0.89799161,0.0319988
-0.89779161,0.0319988
-0.89759161,0.0319988
-0.89739161,0
-0.89719161,0.0639975
-0.89699161,0.0319988
-0.89679161,0.0639975
-0.89659161,0.0639975
-0.89639161,0.0639975
-0.89619161,0.0639975
-0.89599161,0.0639975
-0.89579161,0.0319988
-0.89559161,0.0319988
-0.89539161,0.0639975
-0.89519161,0
-0.89499161,0
-0.89479161,0.0319988
-0.89459161,0.0639975
-0.89439161,0.0319988
-0.89419161,0.0639975
-0.89399161,0.0319988
-0.89379161,0.0639975
-0.89359161,0.0639975
-0.89339161,0.0319988
-0.89319161,0.0319988
-0.89299161,0.0639975
-0.89279161,0.0639975
-0.89259161,0.0319988
-0.89239161,0.0319988
-0.89219161,0.0639975
-0.89199161,0
-0.89179161,0.0639975
-0.89159161,0.0639975
-0.89139161,0
-0.89119161,0.0639975
-0.89099161,0.0319988
-0.89079161,0
-0.89059161,0.0319988
-0.89039161,0.0639975
-0.89019161,0
-0.88999161,0
-0.88979161,0.0319988
-0.88959161,0.0319988
-0.88939161,0.0319988
-0.88919161,0.0319988
-0.88899161,0.0319988
-0.88879161,0
-0.88859161,0
-0.88839161,0.0319988
-0.88819161,0
-0.88799161,0.0319988
-0.88779161,0.0319988
-0.88759161,0.0319988
-0.88739161,0.0319988
-0.88719161,-0.0319988
-0.88699161,0.0319988
-0.88679161,0
-0.88659161,0
-0.88639161,0.0319988
-0.88619161,0.0319988
-0.88599161,0
-0.88579161,0
-0.88559161,0
-0.88539161,0.0319988
-0.88519161,0
-0.88499161,0.0639975
-0.88479161,0
-0.88459161,0
-0.88439161,0.0639975
-0.88419161,0.0319988
-0.88399161,0
-0.88379161,0.0639975
-0.88359161,0.0319988
-0.88339161,0.0319988
-0.88319161,0
-0.88299161,0
-0.88279161,0.0319988
-0.88259161,0.0319988
-0.88239161,0
-0.88219161,0.0319988
-0.88199161,0.0639975
-0.88179161,0
-0.88159161,0
-0.88139161,0
-0.88119161,-0.0319988
-0.88099161,0
-0.88079161,0
-0.88059161,0.0319988
-0.88039161,0
-0.88019161,0.0319988
-0.87999161,-0.0319988
-0.87979161,-0.0319988
-0.87959161,0
-0.87939161,0
-0.87919161,0
-0.87899161,0.0319988
-0.87879161,0.0319988
-0.87859161,0
-0.87839161,0.0319988
-0.87819161,0
-0.87799161,0.0639975
-0.87779161,0
-0.87759161,-0.0319988
-0.87739161,0
-0.87719161,0.0319988
-0.87699161,0
-0.87679161,0
-0.87659161,0
-0.87639161,0
-0.87619161,0.0319988
-0.87599161,0
-0.87579161,-0.0319988
-0.87559161,0.0319988
-0.87539161,0.0319988
-0.87519161,-0.0319988
-0.87499161,0
-0.87479161,0
-0.87459161,-0.0639975
-0.87439161,0
-0.87419161,0
-0.87399161,-0.0319988
-0.87379161,0
-0.87359161,0
-0.87339161,-0.0319988
-0.87319161,0
-0.87299161,0
-0.87279161,-0.0319988
-0.87259161,-0.0639975
-0.87239161,0.0319988
-0.87219161,0.0319988
-0.87199161,0
-0.87179161,0.0639975
-0.87159161,-0.0319988
-0.87139161,-0.0319988
-0.87119161,0
-0.87099161,0
-0.87079161,0
-0.87059161,0.0319988
-0.87039161,-0.0319988
-0.87019161,0
-0.86999161,-0.0639975
-0.86979161,-0.0639975
-0.86959161,-0.0319988
-0.86939161,0
-0.86919161,-0.0319988
-0.86899161,-0.0319988
-0.86879161,-0.0319988
-0.86859161,-0.0319988
-0.86839161,0
-0.86819161,-0.0319988
-0.86799161,-0.0639975
-0.86779161,0
-0.86759161,-0.0319988
-0.86739161,-0.0319988
-0.86719161,-0.0319988
-0.86699161,-0.0319988
-0.86679161,-0.0639975
-0.86659161,-0.0319988
-0.86639161,0
-0.86619161,-0.0319988
-0.86599161,-0.0319988
-0.86579161,-0.0639975
-0.86559161,-0.0319988
-0.86539161,-0.0319988
-0.86519161,-0.0319988
-0.86499161,-0.0639975
-0.86479161,-0.0319988
-0.86459161,-0.0639975
-0.86439161,-0.0319988
-0.86419161,-0.0319988
-0.86399161,-0.0319988
-0.86379161,-0.0639975
-0.86359161,-0.0319988
-0.86339161,-0.0959963
-0.86319161,-0.0639975
-0.86299161,-0.0319988
-0.86279161,-0.0319988
-0.86259161,-0.0639975
-0.86239161,0
-0.86219161,0
-0.86199161,-0.0639975
-0.86179161,-0.0319988
-0.86159161,-0.0319988
-0.86139161,-0.0319988
-0.86119161,-0.0319988
-0.86099161,-0.0319988
-0.86079161,-0.0639975
-0.86059161,-0.0639975
-0.86039161,0
-0.86019161,-0.0639975
-0.85999161,-0.0319988
-0.85979161,-0.0319988
-0.85959161,-0.0319988
-0.85939161,0.0319988
-0.85919161,0
-0.85899161,-0.0959963
-0.85879161,-0.0319988
-0.85859161,-0.0319988
-0.85839161,-0.0319988
-0.85819161,0
-0.85799161,0
-0.85779161,-0.0319988
-0.85759161,0
-0.85739161,0.0319988
-0.85719161,0
-0.85699161,0
-0.85679161,0
-0.85659161,-0.0319988
-0.85639161,-0.0319988
-0.85619161,-0.0319988
-0.85599161,-0.0319988
-0.85579161,0
-0.85559161,-0.0639975
-0.85539161,0
-0.85519161,-0.0319988
-0.85499161,0.0319988
-0.85479161,-0.0319988
-0.85459161,0
-0.85439161,0
-0.85419161,-0.0639975
-0.85399161,0
-0.85379161,-0.0319988
-0.85359161,-0.0319988
-0.85339161,-0.0319988
-0.85319161,0
-0.85299161,-0.0319988
-0.85279161,0
-0.85259161,0.0319988
-0.85239161,0
-0.85219161,0.0319988
-0.85199161,0
-0.85179161,-0.0319988
-0.85159161,-0.0319988
-0.85139161,0
-0.85119161,0
-0.85099161,-0.0319988
-0.85079161,-0.0319988
-0.85059161,-0.0319988
-0.85039161,0
-0.85019161,-0.0319988
-0.84999161,0
-0.84979161,0.0319988
-0.84959161,0.0319988
-0.84939161,-0.0319988
-0.84919161,0.0319988
-0.84899161,0.0319988
-0.84879161,-0.0319988
-0.84859161,0
-0.84839161,0
-0.84819161,0
-0.84799161,0.0319988
-0.84779161,0.0319988
-0.84759161,0.0639975
-0.84739161,0
-0.84719161,0
-0.84699161,0
-0.84679161,-0.0319988
-0.84659161,0.0319988
-0.84639161,0
-0.84619161,0.0319988
-0.84599161,0.0639975
-0.84579161,0.0319988
-0.84559161,0.0319988
-0.84539161,0
-0.84519161,0.0319988
-0.84499161,0.0319988
-0.84479161,0.0319988
-0.84459161,0.0319988
-0.84439161,0.0319988
-0.84419161,0.0639975
-0.84399161,0
-0.84379161,0.0319988
-0.84359161,0.0639975
-0.84339161,-0.0319988
-0.84319161,0.0639975
-0.84299161,0.0319988
-0.84279161,0
-0.84259161,0.0319988
-0.84239161,0.0319988
-0.84219161,0
-0.84199161,0
-0.84179161,0.0319988
-0.84159161,0.0319988
-0.84139161,0.0319988
-0.84119161,0
-0.84099161,0.0319988
-0.84079161,0.0639975
-0.84059161,0.0319988
-0.84039161,0.0319988
-0.84019161,0.0319988
-0.83999161,0.0639975
-0.83979161,0.0639975
-0.83959161,0
-0.83939161,0.0639975
-0.83919161,0.0319988
-0.83899161,0.0639975
-0.83879161,0.0319988
-0.83859161,0
-0.83839161,0.0639975
-0.83819161,0.0639975
-0.83799161,0
-0.83779161,0.0319988
-0.83759161,0.0639975
-0.83739161,0
-0.83719161,0.0639975
-0.83699161,0.0319988
-0.83679161,0.0639975
-0.83659161,0.0959963
-0.83639161,0.0319988
-0.83619161,0.0319988
-0.83599161,0.0639975
-0.83579161,0.0319988
-0.83559161,0.0639975
-0.83539161,0.0959963
-0.83519161,0.0319988
-0.83499161,0.0319988
-0.83479161,0.0639975
-0.83459161,0.0639975
-0.83439161,0.0319988
-0.83419161,0.0319988
-0.83399161,0.0959963
-0.83379161,0.0639975
-0.83359161,0.0639975
-0.83339161,0.0639975
-0.83319161,0.0639975
-0.83299161,0.0639975
-0.83279161,0.0319988
-0.83259161,0.0639975
-0.83239161,0.0959963
-0.83219161,0.0959963
-0.83199161,0.0959963
-0.83179161,0.0639975
-0.83159161,0.0639975
-0.83139161,0.0639975
-0.83119161,0.127995
-0.83099161,0.0639975
-0.83079161,0.0959963
-0.83059161,0.0959963
-0.83039161,0.0959963
-0.83019161,0.0959963
-0.82999161,0.127995
-0.82979161,0.0959963
-0.82959161,0.0639975
-0.82939161,0.0959963
-0.82919161,0.127995
-0.82899161,0.127995
-0.82879161,0.0639975
-0.82859161,0.127995
-0.82839161,0.0959963
-0.82819161,0.127995
-0.82799161,0.0959963
-0.82779161,0.0959963
-0.82759161,0.127995
-0.82739161,0.0959963
-0.82719161,0.0959963
-0.82699161,0.127995
-0.82679161,0.0959963
-0.82659161,0.0959963
-0.82639161,0.127995
-0.82619161,0.0959963
-0.82599161,0.0959963
-0.82579161,0.127995
-0.82559161,0.127995
-0.82539161,0.127995
-0.82519161,0.127995
-0.82499161,0.127995
-0.82479161,0.0959963
-0.82459161,0.127995
-0.82439161,0.0959963
-0.82419161,0.0959963
-0.82399161,0.127995
-0.82379161,0.0959963
-0.82359161,0.127995
-0.82339161,0.127995
-0.82319161,0.127995
-0.82299161,0.159994
-0.82279161,0.0959963
-0.82259161,0.0959963
-0.82239161,0.159994
-0.82219161,0.127995
-0.82199161,0.0959963
-0.82179161,0.159994
-0.82159161,0.127995
-0.82139161,0.0959963
-0.82119161,0.127995
-0.82099161,0.159994
-0.82079161,0.127995
-0.82059161,0.0959963
-0.82039161,0.0959963
-0.82019161,0.127995
-0.81999161,0.127995
-0.81979161,0.127995
-0.81959161,0.0959963
-0.81939161,0.0959963
-0.81919161,0.127995
-0.81899161,0.127995
-0.81879161,0.0959963
-0.81859161,0.159994
-0.81839161,0.127995
-0.81819161,0.0959963
-0.81799161,0.0959963
-0.81779161,0.127995
-0.81759161,0.0959963
-0.81739161,0.127995
-0.81719161,0.127995
-0.81699161,0.0959963
-0.81679161,0.127995
-0.81659161,0.0959963
-0.81639161,0.159994
-0.81619161,0.127995
-0.81599161,0.127995
-0.81579161,0.159994
-0.81559161,0.127995
-0.81539161,0.127995
-0.81519161,0.127995
-0.81499161,0.127995
-0.81479161,0.127995
-0.81459161,0.127995
-0.81439161,0.191993
-0.81419161,0.127995
-0.81399161,0.127995
-0.81379161,0.127995
-0.81359161,0.159994
-0.81339161,0.159994
-0.81319161,0.159994
-0.81299161,0.191993
-0.81279161,0.127995
-0.81259161,0.127995
-0.81239161,0.159994
-0.81219161,0.0959963
-0.81199161,0.127995
-0.81179161,0.127995
-0.81159161,0.159994
-0.81139161,0.191993
-0.81119161,0.159994
-0.81099161,0.159994
-0.81079161,0.159994
-0.81059161,0.127995
-0.81039161,0.127995
-0.81019161,0.159994
-0.80999161,0.127995
-0.80979161,0.159994
-0.80959161,0.159994
-0.80939161,0.127995
-0.80919161,0.159994
-0.80899161,0.127995
-0.80879161,0.159994
-0.80859161,0.0959963
-0.80839161,0.159994
-0.80819161,0.159994
-0.80799161,0.127995
-0.80779161,0.127995
-0.80759161,0.159994
-0.80739161,0.0959963
-0.80719161,0.0959963
-0.80699161,0.127995
-0.80679161,0.159994
-0.80659161,0.127995
-0.80639161,0.127995
-0.80619161,0.127995
-0.80599161,0.159994
-0.80579161,0.159994
-0.80559161,0.127995
-0.80539161,0.191993
-0.80519161,0.127995
-0.80499161,0.127995
-0.80479161,0.159994
-0.80459161,0.127995
-0.80439161,0.127995
-0.80419161,0.0959963
-0.80399161,0.127995
-0.80379161,0.127995
-0.80359161,0.127995
-0.80339161,0.159994
-0.80319161,0.127995
-0.80299161,0.127995
-0.80279161,0.127995
-0.80259161,0.0959963
-0.80239161,0.127995
-0.80219161,0.127995
-0.80199161,0.159994
-0.80179161,0.127995
-0.80159161,0.159994
-0.80139161,0.0959963
-0.80119161,0.127995
-0.80099161,0.0959963
-0.80079161,0.127995
-0.80059161,0.127995
-0.80039161,0.127995
-0.80019161,0.127995
-0.79999161,0.159994
-0.79979161,0.0959963
-0.79959161,0.127995
-0.79939161,0.0959963
-0.79919161,0.127995
-0.79899161,0.0319988
-0.79879161,0.0959963
-0.79859161,0.127995
-0.79839161,0.0959963
-0.79819161,0.0959963
-0.79799161,0.127995
-0.79779161,0.0959963
-0.79759161,0.127995
-0.79739161,0.0959963
-0.79719161,0.127995
-0.79699161,0.159994
-0.79679161,0.127995
-0.79659161,0.127995
-0.79639161,0.0959963
-0.79619161,0.0959963
-0.79599161,0.159994
-0.79579161,0.0959963
-0.79559161,0.0959963
-0.79539161,0.0959963
-0.79519161,0.159994
-0.79499161,0.127995
-0.79479161,0.127995
-0.79459161,0.159994
-0.79439161,0.127995
-0.79419161,0.159994
-0.79399161,0.127995
-0.79379161,0.127995
-0.79359161,0.0959963
-0.79339161,0.127995
-0.79319161,0.127995
-0.79299161,0.127995
-0.79279161,0.0959963
-0.79259161,0.0959963
-0.79239161,0.0959963
-0.79219161,0.0959963
-0.79199161,0.127995
-0.79179161,0.127995
-0.79159161,0.127995
-0.79139161,0.127995
-0.79119161,0.0959963
-0.79099161,0.127995
-0.79079161,0.127995
-0.79059161,0.159994
-0.79039161,0.127995
-0.79019161,0.191993
-0.78999161,0.127995
-0.78979161,0.159994
-0.78959161,0.127995
-0.78939161,0.127995
-0.78919161,0.127995
-0.78899161,0.127995
-0.78879161,0.127995
-0.78859161,0.159994
-0.78839161,0.127995
-0.78819161,0.127995
-0.78799161,0.159994
-0.78779161,0.159994
-0.78759161,0.159994
-0.78739161,0.159994
-0.78719161,0.159994
-0.78699161,0.159994
-0.78679161,0.159994
-0.78659161,0.159994
-0.78639161,0.127995
-0.78619161,0.159994
-0.78599161,0.159994
-0.78579161,0.159994
-0.78559161,0.159994
-0.78539161,0.159994
-0.78519161,0.159994
-0.78499161,0.191993
-0.78479161,0.127995
-0.78459161,0.159994
-0.78439161,0.159994
-0.78419161,0.127995
-0.78399161,0.191993
-0.78379161,0.223991
-0.78359161,0.127995
-0.78339161,0.127995
-0.78319161,0.159994
-0.78299161,0.159994
-0.78279161,0.223991
-0.78259161,0.127995
-0.78239161,0.159994
-0.78219161,0.191993
-0.78199161,0.159994
-0.78179161,0.159994
-0.78159161,0.191993
-0.78139161,0.159994
-0.78119161,0.159994
-0.78099161,0.159994
-0.78079161,0.127995
-0.78059161,0.159994
-0.78039161,0.159994
-0.78019161,0.159994
-0.77999161,0.127995
-0.77979161,0.191993
-0.77959161,0.159994
-0.77939161,0.159994
-0.77919161,0.191993
-0.77899161,0.191993
-0.77879161,0.159994
-0.77859161,0.191993
-0.77839161,0.127995
-0.77819161,0.191993
-0.77799161,0.159994
-0.77779161,0.159994
-0.77759161,0.127995
-0.77739161,0.159994
-0.77719161,0.223991
-0.77699161,0.191993
-0.77679161,0.191993
-0.77659161,0.191993
-0.77639161,0.159994
-0.77619161,0.127995
-0.77599161,0.159994
-0.77579161,0.127995
-0.77559161,0.191993
-0.77539161,0.159994
-0.77519161,0.159994
-0.77499161,0.159994
-0.77479161,0.223991
-0.77459161,0.127995
-0.77439161,0.223991
-0.77419161,0.191993
-0.77399161,0.159994
-0.77379161,0.191993
-0.77359161,0.191993
-0.77339161,0.159994
-0.77319161,0.191993
-0.77299161,0.191993
-0.77279161,0.159994
-0.77259161,0.191993
-0.77239161,0.223991
-0.77219161,0.159994
-0.77199161,0.191993
-0.77179161,0.223991
-0.77159161,0.191993
-0.77139161,0.223991
-0.77119161,0.191993
-0.77099161,0.127995
-0.77079161,0.191993
-0.77059161,0.223991
-0.77039161,0.159994
-0.77019161,0.191993
-0.76999161,0.191993
-0.76979161,0.191993
-0.76959161,0.223991
-0.76939161,0.191993
-0.76919161,0.191993
-0.76899161,0.223991
-0.76879161,0.25599
-0.76859161,0.191993
-0.76839161,0.223991
-0.76819161,0.223991
-0.76799161,0.191993
-0.76779161,0.191993
-0.76759161,0.191993
-0.76739161,0.159994
-0.76719161,0.191993
-0.76699161,0.191993
-0.76679161,0.191993
-0.76659161,0.25599
-0.76639161,0.223991
-0.76619161,0.191993
-0.76599161,0.191993
-0.76579161,0.223991
-0.76559161,0.191993
-0.76539161,0.223991
-0.76519161,0.191993
-0.76499161,0.223991
-0.76479161,0.191993
-0.76459161,0.223991
-0.76439161,0.191993
-0.76419161,0.223991
-0.76399161,0.25599
-0.76379161,0.223991
-0.76359161,0.223991
-0.76339161,0.223991
-0.76319161,0.191993
-0.76299161,0.191993
-0.76279161,0.223991
-0.76259161,0.159994
-0.76239161,0.191993
-0.76219161,0.223991
-0.76199161,0.223991
-0.76179161,0.191993
-0.76159161,0.25599
-0.76139161,0.191993
-0.76119161,0.191993
-0.76099161,0.223991
-0.76079161,0.159994
-0.76059161,0.191993
-0.76039161,0.223991
-0.76019161,0.191993
-0.75999161,0.191993
-0.75979161,0.191993
-0.75959161,0.223991
-0.75939161,0.191993
-0.75919161,0.191993
-0.75899161,0.159994
-0.75879161,0.223991
-0.75859161,0.159994
-0.75839161,0.127995
-0.75819161,0.159994
-0.75799161,0.191993
-0.75779161,0.191993
-0.75759161,0.191993
-0.75739161,0.191993
-0.75719161,0.191993
-0.75699161,0.191993
-0.75679161,0.159994
-0.75659161,0.191993
-0.75639161,0.191993
-0.75619161,0.191993
-0.75599161,0.191993
-0.75579161,0.159994
-0.75559161,0.191993
-0.75539161,0.191993
-0.75519161,0.191993
-0.75499161,0.223991
-0.75479161,0.159994
-0.75459161,0.159994
-0.75439161,0.127995
-0.75419161,0.127995
-0.75399161,0.159994
-0.75379161,0.159994
-0.75359161,0.159994
-0.75339161,0.159994
-0.75319161,0.159994
-0.75299161,0.159994
-0.75279161,0.159994
-0.75259161,0.191993
-0.75239161,0.127995
-0.75219161,0.159994
-0.75199161,0.159994
-0.75179161,0.159994
-0.75159161,0.159994
-0.75139161,0.159994
-0.75119161,0.127995
-0.75099161,0.127995
-0.75079161,0.159994
-0.75059161,0.127995
-0.75039161,0.159994
-0.75019161,0.159994
-0.74999161,0.127995
-0.74979161,0.159994
-0.74959161,0.159994
-0.74939161,0.127995
-0.74919161,0.127995
-0.74899161,0.127995
-0.74879161,0.127995
-0.74859161,0.159994
-0.74839161,0.127995
-0.74819161,0.127995
-0.74799161,0.159994
-0.74779161,0.159994
-0.74759161,0.0959963
-0.74739161,0.159994
-0.74719161,0.159994
-0.74699161,0.127995
-0.74679161,0.159994
-0.74659161,0.0959963
-0.74639161,0.159994
-0.74619161,0.0959963
-0.74599161,0.127995
-0.74579161,0.159994
-0.74559161,0.0959963
-0.74539161,0.127995
-0.74519161,0.159994
-0.74499161,0.127995
-0.74479161,0.127995
-0.74459161,0.159994
-0.74439161,0.127995
-0.74419161,0.127995
-0.74399161,0.127995
-0.74379161,0.127995
-0.74359161,0.159994
-0.74339161,0.127995
-0.74319161,0.127995
-0.74299161,0.159994
-0.74279161,0.0959963
-0.74259161,0.127995
-0.74239161,0.0959963
-0.74219161,0.0959963
-0.74199161,0.127995
-0.74179161,0.127995
-0.74159161,0.127995
-0.74139161,0.159994
-0.74119161,0.127995
-0.74099161,0.127995
-0.74079161,0.0959963
-0.74059161,0.127995
-0.74039161,0.0959963
-0.74019161,0.127995
-0.73999161,0.127995
-0.73979161,0.127995
-0.73959161,0.127995
-0.73939161,0.127995
-0.73919161,0.159994
-0.73899161,0.0959963
-0.73879161,0.127995
-0.73859161,0.127995
-0.73839161,0.0959963
-0.73819161,0.0959963
-0.73799161,0.159994
-0.73779161,0.127995
-0.73759161,0.159994
-0.73739161,0.127995
-0.73719161,0.159994
-0.73699161,0.127995
-0.73679161,0.127995
-0.73659161,0.127995
-0.73639161,0.0959963
-0.73619161,0.159994
-0.73599161,0.127995
-0.73579161,0.127995
-0.73559161,0.127995
-0.73539161,0.0959963
-0.73519161,0.159994
-0.73499161,0.127995
-0.73479161,0.127995
-0.73459161,0.127995
-0.73439161,0.127995
-0.73419161,0.0959963
-0.73399161,0.159994
-0.73379161,0.127995
-0.73359161,0.127995
-0.73339161,0.159994
-0.73319161,0.159994
-0.73299161,0.127995
-0.73279161,0.0959963
-0.73259161,0.127995
-0.73239161,0.127995
-0.73219161,0.127995
-0.73199161,0.127995
-0.73179161,0.0639975
-0.73159161,0.127995
-0.73139161,0.0959963
-0.73119161,0.127995
-0.73099161,0.0959963
-0.73079161,0.0639975
-0.73059161,0.127995
-0.73039161,0.0959963
-0.73019161,0.0959963
-0.72999161,0.0959963
-0.72979161,0.0959963
-0.72959161,0.127995
-0.72939161,0.0959963
-0.72919161,0.0959963
-0.72899161,0.127995
-0.72879161,0.0959963
-0.72859161,0.0959963
-0.72839161,0.0959963
-0.72819161,0.0639975
-0.72799161,0.127995
-0.72779161,0.0959963
-0.72759161,0.0639975
-0.72739161,0.0959963
-0.72719161,0.0959963
-0.72699161,0.127995
-0.72679161,0.0639975
-0.72659161,0.0639975
-0.72639161,0.0639975
-0.72619161,0.0639975
-0.72599161,0.0959963
-0.72579161,0.0639975
-0.72559161,0.0639975
-0.72539161,0.0959963
-0.72519161,0.0319988
-0.72499161,0.0639975
-0.72479161,0.0959963
-0.72459161,0.0319988
-0.72439161,0.0639975
-0.72419161,0.0639975
-0.72399161,0.0959963
-0.72379161,0.0959963
-0.72359161,0.0959963
-0.72339161,0.0639975
-0.72319161,0.0639975
-0.72299161,0.0959963
-0.72279161,0.0319988
-0.72259161,0.0639975
-0.72239161,0.0959963
-0.72219161,0.0639975
-0.72199161,0.0319988
-0.72179161,0.0959963
-0.72159161,0.0959963
-0.72139161,0.0319988
-0.72119161,0.0639975
-0.72099161,0.0959963
-0.72079161,0.0959963
-0.72059161,0.0639975
-0.72039161,0.0639975
-0.72019161,0.0639975
-0.71999161,0.0959963
-0.71979161,0.0959963
-0.71959161,0.127995
-0.71939161,0.0639975
-0.71919161,0.0639975
-0.71899161,0.0959963
-0.71879161,0.0639975
-0.71859161,0.0639975
-0.71839161,0.0319988
-0.71819161,0.0639975
-0.71799161,0.0639975
-0.71779161,0.0639975
-0.71759161,0.0319988
-0.71739161,0.0959963
-0.71719161,0.0319988
-0.71699161,0.0639975
-0.71679161,0
-0.71659161,0.0639975
-0.71639161,0.0639975
-0.71619161,0.0639975
-0.71599161,0.0639975
-0.71579161,0.0319988
-0.71559161,0.0959963
-0.71539161,0.0319988
-0.71519161,0.0639975
-0.71499161,0.0319988
-0.71479161,0.0319988
-0.71459161,0.0319988
-0.71439161,0.0319988
-0.71419161,0.0639975
-0.71399161,0.0319988
-0.71379161,0.0319988
-0.71359161,0.0639975
-0.71339161,0.0639975
-0.71319161,0
-0.71299161,0.0639975
-0.71279161,0.0639975
-0.71259161,0.0319988
-0.71239161,0.0319988
-0.71219161,0.0639975
-0.71199161,0
-0.71179161,0.0319988
-0.71159161,0.0319988
-0.71139161,0.0319988
-0.71119161,0.0319988
-0.71099161,0.0319988
-0.71079161,0.0319988
-0.71059161,0.0319988
-0.71039161,0.0319988
-0.71019161,-0.0319988
-0.70999161,0
-0.70979161,0.0639975
-0.70959161,0
-0.70939161,0.0319988
-0.70919161,0.0639975
-0.70899161,0.0319988
-0.70879161,0
-0.70859161,0
-0.70839161,0
-0.70819161,0.0319988
-0.70799161,0.0639975
-0.70779161,0
-0.70759161,0
-0.70739161,0
-0.70719161,-0.0319988
-0.70699161,0
-0.70679161,-0.0319988
-0.70659161,0
-0.70639161,-0.0319988
-0.70619161,0
-0.70599161,-0.0319988
-0.70579161,-0.0319988
-0.70559161,-0.0319988
-0.70539161,-0.0639975
-0.70519161,0
-0.70499161,-0.0319988
-0.70479161,-0.0959963
-0.70459161,-0.0639975
-0.70439161,-0.0319988
-0.70419161,-0.0639975
-0.70399161,-0.0639975
-0.70379161,-0.0319988
-0.70359161,-0.0959963
-0.70339161,-0.0319988
-0.70319161,-0.0319988
-0.70299161,-0.0639975
-0.70279161,-0.0319988
-0.70259161,-0.0639975
-0.70239161,-0.0959963
-0.70219161,-0.0959963
-0.70199161,-0.0639975
-0.70179161,-0.127995
-0.70159161,-0.0639975
-0.70139161,-0.0639975
-0.70119161,-0.0639975
-0.70099161,-0.0959963
-0.70079161,-0.0319988
-0.70059161,-0.0959963
-0.70039161,-0.0639975
-0.70019161,-0.0639975
-0.69999161,-0.0959963
-0.69979161,-0.0639975
-0.69959161,-0.127995
-0.69939161,-0.127995
-0.69919161,-0.0959963
-0.69899161,-0.0959963
-0.69879161,-0.0639975
-0.69859161,-0.0959963
-0.69839161,-0.0959963
-0.69819161,-0.0959963
-0.69799161,-0.0959963
-0.69779161,-0.0959963
-0.69759161,-0.127995
-0.69739161,-0.0959963
-0.69719161,-0.0639975
-0.69699161,-0.127995
-0.69679161,-0.127995
-0.69659161,-0.0639975
-0.69639161,-0.0959963
-0.69619161,-0.0959963
-0.69599161,-0.0959963
-0.69579161,-0.159994
-0.69559161,-0.0959963
-0.69539161,-0.0959963
-0.69519161,-0.159994
-0.69499161,-0.127995
-0.69479161,-0.0639975
-0.69459161,-0.127995
-0.69439161,-0.127995
-0.69419161,-0.0959963
-0.69399161,-0.127995
-0.69379161,-0.0959963
-0.69359161,-0.0959963
-0.69339161,-0.127995
-0.69319161,-0.0959963
-0.69299161,-0.0959963
-0.69279161,-0.127995
-0.69259161,-0.127995
-0.69239161,-0.127995
-0.69219161,-0.159994
-0.69199161,-0.0959963
-0.69179161,-0.0959963
-0.69159161,-0.127995
-0.69139161,-0.0959963
-0.69119161,-0.159994
-0.69099161,-0.127995
-0.69079161,-0.127995
-0.69059161,-0.0959963
-0.69039161,-0.159994
-0.69019161,-0.127995
-0.68999161,-0.127995
-0.68979161,-0.159994
-0.68959161,-0.127995
-0.68939161,-0.0639975
-0.68919161,-0.191993
-0.68899161,-0.0959963
-0.68879161,-0.0959963
-0.68859161,-0.159994
-0.68839161,-0.159994
-0.68819161,-0.0959963
-0.68799161,-0.159994
-0.68779161,-0.127995
-0.68759161,-0.127995
-0.68739161,-0.159994
-0.68719161,-0.127995
-0.68699161,-0.0959963
-0.68679161,-0.127995
-0.68659161,-0.127995
-0.68639161,-0.127995
-0.68619161,-0.159994
-0.68599161,-0.159994
-0.68579161,-0.0959963
-0.68559161,-0.127995
-0.68539161,-0.127995
-0.68519161,-0.0959963
-0.68499161,-0.127995
-0.68479161,-0.127995
-0.68459161,-0.127995
-0.68439161,-0.127995
-0.68419161,-0.127995
-0.68399161,-0.127995
-0.68379161,-0.159994
-0.68359161,-0.191993
-0.68339161,-0.0959963
-0.68319161,-0.127995
-0.68299161,-0.191993
-0.68279161,-0.127995
-0.68259161,-0.191993
-0.68239161,-0.0959963
-0.68219161,-0.0959963
-0.68199161,-0.191993
-0.68179161,-0.127995
-0.68159161,-0.127995
-0.68139161,-0.159994
-0.68119161,-0.127995
-0.68099161,-0.127995
-0.68079161,-0.191993
-0.68059161,-0.191993
-0.68039161,-0.127995
-0.68019161,-0.191993
-0.67999161,-0.159994
-0.67979161,-0.159994
-0.67959161,-0.159994
-0.67939161,-0.191993
-0.67919161,-0.159994
-0.67899161,-0.191993
-0.67879161,-0.127995
-0.67859161,-0.159994
-0.67839161,-0.0959963
-0.67819161,-0.191993
-0.67799161,-0.159994
-0.67779161,-0.191993
-0.67759161,-0.127995
-0.67739161,-0.127995
-0.67719161,-0.223991
-0.67699161,-0.159994
-0.67679161,-0.191993
-0.67659161,-0.159994
-0.67639161,-0.159994
-0.67619161,-0.127995
-0.67599161,-0.191993
-0.67579161,-0.159994
-0.67559161,-0.159994
-0.67539161,-0.191993
-0.67519161,-0.191993
-0.67499161,-0.159994
-0.67479161,-0.191993
-0.67459161,-0.159994
-0.67439161,-0.159994
-0.67419161,-0.159994
-0.67399161,-0.159994
-0.67379161,-0.191993
-0.67359161,-0.191993
-0.67339161,-0.223991
-0.67319161,-0.159994
-0.67299161,-0.191993
-0.67279161,-0.191993
-0.67259161,-0.191993
-0.67239161,-0.159994
-0.67219161,-0.223991
-0.67199161,-0.223991
-0.67179161,-0.159994
-0.67159161,-0.159994
-0.67139161,-0.159994
-0.67119161,-0.223991
-0.67099161,-0.159994
-0.67079161,-0.159994
-0.67059161,-0.223991
-0.67039161,-0.159994
-0.67019161,-0.159994
-0.66999161,-0.191993
-0.66979161,-0.159994
-0.66959161,-0.159994
-0.66939161,-0.223991
-0.66919161,-0.127995
-0.66899161,-0.127995
-0.66879161,-0.223991
-0.66859161,-0.159994
-0.66839161,-0.191993
-0.66819161,-0.191993
-0.66799161,-0.223991
-0.66779161,-0.191993
-0.66759161,-0.159994
-0.66739161,-0.223991
-0.66719161,-0.191993
-0.66699161,-0.223991
-0.66679161,-0.191993
-0.66659161,-0.191993
-0.66639161,-0.191993
-0.66619161,-0.191993
-0.66599161,-0.159994
-0.66579161,-0.191993
-0.66559161,-0.159994
-0.66539161,-0.159994
-0.66519161,-0.223991
-0.66499161,-0.191993
-0.66479161,-0.127995
-0.66459161,-0.223991
-0.66439161,-0.223991
-0.66419161,-0.159994
-0.66399161,-0.159994
-0.66379161,-0.287989
-0.66359161,-0.191993
-0.66339161,-0.223991
-0.66319161,-0.223991
-0.66299161,-0.25599
-0.66279161,-0.191993
-0.66259161,-0.191993
-0.66239161,-0.223991
-0.66219161,-0.223991
-0.66199161,-0.25599
-0.66179161,-0.223991
-0.66159161,-0.223991
-0.66139161,-0.223991
-0.66119161,-0.191993
-0.66099161,-0.25599
-0.66079161,-0.191993
-0.66059161,-0.223991
-0.66039161,-0.191993
-0.66019161,-0.223991
-0.65999161,-0.191993
-0.65979161,-0.25599
-0.65959161,-0.223991
-0.65939161,-0.159994
-0.65919161,-0.223991
-0.65899161,-0.191993
-0.65879161,-0.191993
-0.65859161,-0.223991
-0.65839161,-0.191993
-0.65819161,-0.159994
-0.65799161,-0.223991
-0.65779161,-0.25599
-0.65759161,-0.159994
-0.65739161,-0.223991
-0.65719161,-0.223991
-0.65699161,-0.223991
-0.65679161,-0.223991
-0.65659161,-0.25599
-0.65639161,-0.159994
-0.65619161,-0.223991
-0.65599161,-0.25599
-0.65579161,-0.25599
-0.65559161,-0.25599
-0.65539161,-0.25599
-0.65519161,-0.223991
-0.65499161,-0.223991
-0.65479161,-0.223991
-0.65459161,-0.25599
-0.65439161,-0.223991
-0.65419161,-0.223991
-0.65399161,-0.25599
-0.65379161,-0.25599
-0.65359161,-0.223991
-0.65339161,-0.25599
-0.65319161,-0.25599
-0.65299161,-0.25599
-0.65279161,-0.191993
-0.65259161,-0.223991
-0.65239161,-0.223991
-0.65219161,-0.223991
-0.65199161,-0.223991
-0.65179161,-0.25599
-0.65159161,-0.191993
-0.65139161,-0.25599
-0.65119161,-0.287989
-0.65099161,-0.223991
-0.65079161,-0.287989
-0.65059161,-0.25599
-0.65039161,-0.25599
-0.65019161,-0.25599
-0.64999161,-0.25599
-0.64979161,-0.191993
-0.64959161,-0.223991
-0.64939161,-0.25599
-0.64919161,-0.25599
-0.64899161,-0.287989
-0.64879161,-0.25599
-0.64859161,-0.25599
-0.64839161,-0.25599
-0.64819161,-0.223991
-0.64799161,-0.223991
-0.64779161,-0.223991
-0.64759161,-0.223991
-0.64739161,-0.25599
-0.64719161,-0.223991
-0.64699161,-0.25599
-0.64679161,-0.191993
-0.64659161,-0.25599
-0.64639161,-0.287989
-0.64619161,-0.223991
-0.64599161,-0.223991
-0.64579161,-0.191993
-0.64559161,-0.191993
-0.64539161,-0.25599
-0.64519161,-0.25599
-0.64499161,-0.25599
-0.64479161,-0.223991
-0.64459161,-0.25599
-0.64439161,-0.223991
-0.64419161,-0.25599
-0.64399161,-0.25599
-0.64379161,-0.25599
-0.64359161,-0.25599
-0.64339161,-0.25599
-0.64319161,-0.191993
-0.64299161,-0.287989
-0.64279161,-0.25599
-0.64259161,-0.191993
-0.64239161,-0.25599
-0.64219161,-0.25599
-0.64199161,-0.191993
-0.64179161,-0.287989
-0.64159161,-0.223991
-0.64139161,-0.223991
-0.64119161,-0.287989
-0.64099161,-0.287989
-0.64079161,-0.25599
-0.64059161,-0.25599
-0.64039161,-0.25599
-0.64019161,-0.223991
-0.63999161,-0.287989
-0.63979161,-0.223991
-0.63959161,-0.223991
-0.63939161,-0.287989
-0.63919161,-0.25599
-0.63899161,-0.25599
-0.63879161,-0.25599
-0.63859161,-0.25599
-0.63839161,-0.25599
-0.63819161,-0.287989
-0.63799161,-0.287989
-0.63779161,-0.25599
-0.63759161,-0.287989
-0.63739161,-0.223991
-0.63719161,-0.223991
-0.63699161,-0.25599
-0.63679161,-0.287989
-0.63659161,-0.191993
-0.63639161,-0.25599
-0.63619161,-0.287989
-0.63599161,-0.223991
-0.63579161,-0.25599
-0.63559161,-0.25599
-0.63539161,-0.223991
-0.63519161,-0.287989
-0.63499161,-0.223991
-0.63479161,-0.191993
-0.63459161,-0.287989
-0.63439161,-0.25599
-0.63419161,-0.223991
-0.63399161,-0.25599
-0.63379161,-0.287989
-0.63359161,-0.223991
-0.63339161,-0.25599
-0.63319161,-0.25599
-0.63299161,-0.25599
-0.63279161,-0.319988
-0.63259161,-0.223991
-0.63239161,-0.287989
-0.63219161,-0.25599
-0.63199161,-0.25599
-0.63179161,-0.25599
-0.63159161,-0.25599
-0.63139161,-0.287989
-0.63119161,-0.25599
-0.63099161,-0.25599
-0.63079161,-0.25599
-0.63059161,-0.319988
-0.63039161,-0.25599
-0.63019161,-0.287989
-0.62999161,-0.223991
-0.62979161,-0.25599
-0.62959161,-0.25599
-0.62939161,-0.25599
-0.62919161,-0.287989
-0.62899161,-0.25599
-0.62879161,-0.223991
-0.62859161,-0.287989
-0.62839161,-0.223991
-0.62819161,-0.25599
-0.62799161,-0.25599
-0.62779161,-0.25599
-0.62759161,-0.223991
-0.62739161,-0.25599
-0.62719161,-0.25599
-0.62699161,-0.25599
-0.62679161,-0.25599
-0.62659161,-0.25599
-0.62639161,-0.287989
-0.62619161,-0.25599
-0.62599161,-0.223991
-0.62579161,-0.25599
-0.62559161,-0.25599
-0.62539161,-0.223991
-0.62519161,-0.223991
-0.62499161,-0.223991
-0.62479161,-0.25599
-0.62459161,-0.191993
-0.62439161,-0.25599
-0.62419161,-0.25599
-0.62399161,-0.191993
-0.62379161,-0.25599
-0.62359161,-0.223991
-0.62339161,-0.191993
-0.62319161,-0.223991
-0.62299161,-0.223991
-0.62279161,-0.223991
-0.62259161,-0.223991
-0.62239161,-0.25599
-0.62219161,-0.223991
-0.62199161,-0.223991
-0.62179161,-0.25599
-0.62159161,-0.223991
-0.62139161,-0.191993
-0.62119161,-0.223991
-0.62099161,-0.223991
-0.62079161,-0.223991
-0.62059161,-0.25599
-0.62039161,-0.223991
-0.62019161,-0.159994
-0.61999161,-0.25599
-0.61979161,-0.191993
-0.61959161,-0.223991
-0.61939161,-0.223991
-0.61919161,-0.191993
-0.61899161,-0.223991
-0.61879161,-0.159994
-0.61859161,-0.127995
-0.61839161,-0.191993
-0.61819161,-0.223991
-0.61799161,-0.159994
-0.61779161,-0.191993
-0.61759161,-0.223991
-0.61739161,-0.191993
-0.61719161,-0.191993
-0.61699161,-0.25599
-0.61679161,-0.191993
-0.61659161,-0.191993
-0.61639161,-0.223991
-0.61619161,-0.191993
-0.61599161,-0.223991
-0.61579161,-0.223991
-0.61559161,-0.223991
-0.61539161,-0.223991
-0.61519161,-0.223991
-0.61499161,-0.191993
-0.61479161,-0.223991
-0.61459161,-0.191993
-0.61439161,-0.159994
-0.61419161,-0.223991
-0.61399161,-0.223991
-0.61379161,-0.159994
-0.61359161,-0.127995
-0.61339161,-0.191993
-0.61319161,-0.191993
-0.61299161,-0.159994
-0.61279161,-0.159994
-0.61259161,-0.159994
-0.61239161,-0.191993
-0.61219161,-0.159994
-0.61199161,-0.159994
-0.61179161,-0.159994
-0.61159161,-0.127995
-0.61139161,-0.159994
-0.61119161,-0.191993
-0.61099161,-0.127995
-0.61079161,-0.127995
-0.61059161,-0.159994
-0.61039161,-0.159994
-0.61019161,-0.127995
-0.60999161,-0.159994
-0.60979161,-0.159994
-0.60959161,-0.127995
-0.60939161,-0.127995
-0.60919161,-0.159994
-0.60899161,-0.0959963
-0.60879161,-0.127995
-0.60859161,-0.127995
-0.60839161,-0.0639975
-0.60819161,-0.191993
-0.60799161,-0.0959963
-0.60779161,-0.127995
-0.60759161,-0.159994
-0.60739161,-0.0959963
-0.60719161,-0.127995
-0.60699161,-0.159994
-0.60679161,-0.0959963
-0.60659161,-0.0959963
-0.60639161,-0.127995
-0.60619161,-0.0639975
-0.60599161,-0.127995
-0.60579161,-0.0959963
-0.60559161,-0.0959963
-0.60539161,-0.0319988
-0.60519161,-0.127995
-0.60499161,-0.0959963
-0.60479161,-0.0639975
-0.60459161,-0.0959963
-0.60439161,-0.0959963
-0.60419161,-0.0639975
-0.60399161,-0.127995
-0.60379161,-0.0639975
-0.60359161,-0.0639975
-0.60339161,-0.127995
-0.60319161,-0.0959963
-0.60299161,-0.0639975
-0.60279161,-0.0959963
-0.60259161,-0.0639975
-0.60239161,-0.0959963
-0.60219161,-0.0959963
-0.60199161,-0.0959963
-0.60179161,-0.0639975
-0.60159161,-0.0639975
-0.60139161,-0.0319988
-0.60119161,-0.0639975
-0.60099161,-0.127995
-0.60079161,-0.0639975
-0.60059161,-0.0959963
-0.60039161,-0.0639975
-0.60019161,-0.0319988
-0.59999161,-0.0319988
-0.59979161,-0.0639975
-0.59959161,-0.0639975
-0.59939161,-0.0319988
-0.59919161,-0.0639975
-0.59899161,0
-0.59879161,-0.0319988
-0.59859161,-0.0639975
-0.59839161,-0.0319988
-0.59819161,-0.0319988
-0.59799161,-0.0319988
-0.59779161,-0.0319988
-0.59759161,-0.0639975
-0.59739161,-0.0639975
-0.59719161,-0.0639975
-0.59699161,-0.0319988
-0.59679161,-0.0639975
-0.59659161,-0.0639975
-0.59639161,-0.0319988
-0.59619161,-0.0959963
-0.59599161,-0.0319988
-0.59579161,0
-0.59559161,-0.0319988
-0.59539161,0
-0.59519161,0
-0.59499161,-0.0639975
-0.59479161,-0.0319988
-0.59459161,-0.0319988
-0.59439161,-0.0319988
-0.59419161,-0.0639975
-0.59399161,-0.0639975
-0.59379161,-0.0319988
-0.59359161,0
-0.59339161,0.0319988
-0.59319161,0.0319988
-0.59299161,-0.0319988
-0.59279161,0
-0.59259161,-0.0319988
-0.59239161,0
-0.59219161,0
-0.59199161,-0.0639975
-0.59179161,0.0319988
-0.59159161,0
-0.59139161,-0.0639975
-0.59119161,0
-0.59099161,-0.0319988
-0.59079161,-0.0639975
-0.59059161,-0.0319988
-0.59039161,-0.0319988
-0.59019161,-0.0639975
-0.58999161,-0.0319988
-0.58979161,-0.0319988
-0.58959161,-0.0639975
-0.58939161,-0.0319988
-0.58919161,0
-0.58899161,-0.0319988
-0.58879161,0
-0.58859161,0
-0.58839161,0
-0.58819161,0
-0.58799161,-0.0319988
-0.58779161,-0.0319988
-0.58759161,-0.0319988
-0.58739161,-0.0319988
-0.58719161,0
-0.58699161,-0.0319988
-0.58679161,0.0319988
-0.58659161,-0.0639975
-0.58639161,-0.0319988
-0.58619161,0.0319988
-0.58599161,-0.0319988
-0.58579161,0
-0.58559161,0
-0.58539161,-0.0319988
-0.58519161,-0.0319988
-0.58499161,0
-0.58479161,-0.0319988
-0.58459161,0
-0.58439161,-0.0319988
-0.58419161,-0.0319988
-0.58399161,0
-0.58379161,0
-0.58359161,0.0319988
-0.58339161,0
-0.58319161,0
-0.58299161,0
-0.58279161,0.0319988
-0.58259161,0.0319988
-0.58239161,0
-0.58219161,0
-0.58199161,0
-0.58179161,-0.0639975
-0.58159161,-0.0319988
-0.58139161,0.0319988
-0.58119161,-0.0319988
-0.58099161,-0.0319988
-0.58079161,0.0639975
-0.58059161,0
-0.58039161,0.0319988
-0.58019161,0
-0.57999161,0
-0.57979161,0
-0.57959161,0.0319988
-0.57939161,0
-0.57919161,0
-0.57899161,0.0319988
-0.57879161,-0.0319988
-0.57859161,0.0319988
-0.57839161,0
-0.57819161,0
-0.57799161,0.0319988
-0.57779161,0.0639975
-0.57759161,0.0319988
-0.57739161,0
-0.57719161,0
-0.57699161,-0.0639975
-0.57679161,0.0959963
-0.57659161,0.0639975
-0.57639161,0.0319988
-0.57619161,0.0639975
-0.57599161,0.0319988
-0.57579161,0.0319988
-0.57559161,0.0319988
-0.57539161,0.0639975
-0.57519161,0
-0.57499161,0.0319988
-0.57479161,0.0639975
-0.57459161,0.0319988
-0.57439161,0.0639975
-0.57419161,0.0639975
-0.57399161,0.0319988
-0.57379161,0.0639975
-0.57359161,0.0639975
-0.57339161,0
-0.57319161,0.0639975
-0.57299161,0.0639975
-0.57279161,0.0319988
-0.57259161,0.0959963
-0.57239161,0.0639975
-0.57219161,0.0639975
-0.57199161,0.0639975
-0.57179161,0.0319988
-0.57159161,0.0639975
-0.57139161,0.0319988
-0.57119161,0.0639975
-0.57099161,0.0319988
-0.57079161,0.0319988
-0.57059161,0.0639975
-0.57039161,0.0319988
-0.57019161,0.0639975
-0.56999161,0.0959963
-0.56979161,0.0959963
-0.56959161,0.0959963
-0.56939161,0.0639975
-0.56919161,0.0639975
-0.56899161,0.0639975
-0.56879161,0.0319988
-0.56859161,0.0959963
-0.56839161,0.0639975
-0.56819161,0.127995
-0.56799161,0.0639975
-0.56779161,0.0639975
-0.56759161,0.0639975
-0.56739161,0.0639975
-0.56719161,0.0639975
-0.56699161,0.0639975
-0.56679161,0.0639975
-0.56659161,0.0959963
-0.56639161,0.0959963
-0.56619161,0.0639975
-0.56599161,0.0959963
-0.56579161,0.0639975
-0.56559161,0.0959963
-0.56539161,0.0959963
-0.56519161,0.0959963
-0.56499161,0.0959963
-0.56479161,0.0959963
-0.56459161,0.0959963
-0.56439161,0.127995
-0.56419161,0.0959963
-0.56399161,0.0959963
-0.56379161,0.0639975
-0.56359161,0.127995
-0.56339161,0.127995
-0.56319161,0.0639975
-0.56299161,0.0959963
-0.56279161,0.0959963
-0.56259161,0.0959963
-0.56239161,0.0959963
-0.56219161,0.0959963
-0.56199161,0.0959963
-0.56179161,0.0959963
-0.56159161,0.159994
-0.56139161,0.127995
-0.56119161,0.0959963
-0.56099161,0.0959963
-0.56079161,0.127995
-0.56059161,0.127995
-0.56039161,0.127995
-0.56019161,0.127995
-0.55999161,0.191993
-0.55979161,0.159994
-0.55959161,0.127995
-0.55939161,0.159994
-0.55919161,0.127995
-0.55899161,0.127995
-0.55879161,0.159994
-0.55859161,0.159994
-0.55839161,0.0959963
-0.55819161,0.191993
-0.55799161,0.127995
-0.55779161,0.159994
-0.55759161,0.159994
-0.55739161,0.159994
-0.55719161,0.127995
-0.55699161,0.159994
-0.55679161,0.159994
-0.55659161,0.191993
-0.55639161,0.159994
-0.55619161,0.191993
-0.55599161,0.191993
-0.55579161,0.159994
-0.55559161,0.127995
-0.55539161,0.159994
-0.55519161,0.191993
-0.55499161,0.191993
-0.55479161,0.159994
-0.55459161,0.159994
-0.55439161,0.127995
-0.55419161,0.159994
-0.55399161,0.159994
-0.55379161,0.191993
-0.55359161,0.159994
-0.55339161,0.191993
-0.55319161,0.191993
-0.55299161,0.159994
-0.55279161,0.191993
-0.55259161,0.159994
-0.55239161,0.191993
-0.55219161,0.127995
-0.55199161,0.159994
-0.55179161,0.191993
-0.55159161,0.191993
-0.55139161,0.127995
-0.55119161,0.159994
-0.55099161,0.191993
-0.55079161,0.191993
-0.55059161,0.159994
-0.55039161,0.223991
-0.55019161,0.159994
-0.54999161,0.159994
-0.54979161,0.191993
-0.54959161,0.159994
-0.54939161,0.223991
-0.54919161,0.191993
-0.54899161,0.191993
-0.54879161,0.223991
-0.54859161,0.25599
-0.54839161,0.191993
-0.54819161,0.223991
-0.54799161,0.223991
-0.54779161,0.223991
-0.54759161,0.223991
-0.54739161,0.25599
-0.54719161,0.159994
-0.54699161,0.191993
-0.54679161,0.223991
-0.54659161,0.191993
-0.54639161,0.223991
-0.54619161,0.223991
-0.54599161,0.159994
-0.54579161,0.191993
-0.54559161,0.191993
-0.54539161,0.191993
-0.54519161,0.191993
-0.54499161,0.223991
-0.54479161,0.223991
-0.54459161,0.191993
-0.54439161,0.223991
-0.54419161,0.25599
-0.54399161,0.191993
-0.54379161,0.25599
-0.54359161,0.223991
-0.54339161,0.25599
-0.54319161,0.287989
-0.54299161,0.223991
-0.54279161,0.223991
-0.54259161,0.223991
-0.54239161,0.223991
-0.54219161,0.223991
-0.54199161,0.223991
-0.54179161,0.223991
-0.54159161,0.25599
-0.54139161,0.25599
-0.54119161,0.223991
-0.54099161,0.25599
-0.54079161,0.25599
-0.54059161,0.25599
-0.54039161,0.223991
-0.54019161,0.25599
-0.53999161,0.223991
-0.53979161,0.25599
-0.53959161,0.25599
-0.53939161,0.25599
-0.53919161,0.25599
-0.53899161,0.25599
-0.53879161,0.223991
-0.53859161,0.25599
-0.53839161,0.25599
-0.53819161,0.191993
-0.53799161,0.25599
-0.53779161,0.287989
-0.53759161,0.25599
-0.53739161,0.25599
-0.53719161,0.287989
-0.53699161,0.287989
-0.53679161,0.25599
-0.53659161,0.287989
-0.53639161,0.287989
-0.53619161,0.25599
-0.53599161,0.287989
-0.53579161,0.223991
-0.53559161,0.287989
-0.53539161,0.287989
-0.53519161,0.25599
-0.53499161,0.287989
-0.53479161,0.319988
-0.53459161,0.287989
-0.53439161,0.287989
-0.53419161,0.287989
-0.53399161,0.287989
-0.53379161,0.319988
-0.53359161,0.319988
-0.53339161,0.319988
-0.53319161,0.25599
-0.53299161,0.319988
-0.53279161,0.287989
-0.53259161,0.287989
-0.53239161,0.319988
-0.53219161,0.319988
-0.53199161,0.287989
-0.53179161,0.287989
-0.53159161,0.287989
-0.53139161,0.25599
-0.53119161,0.287989
-0.53099161,0.287989
-0.53079161,0.319988
-0.53059161,0.319988
-0.53039161,0.319988
-0.53019161,0.287989
-0.52999161,0.319988
-0.52979161,0.319988
-0.52959161,0.319988
-0.52939161,0.383985
-0.52919161,0.287989
-0.52899161,0.319988
-0.52879161,0.319988
-0.52859161,0.319988
-0.52839161,0.287989
-0.52819161,0.319988
-0.52799161,0.319988
-0.52779161,0.287989
-0.52759161,0.351986
-0.52739161,0.319988
-0.52719161,0.351986
-0.52699161,0.383985
-0.52679161,0.319988
-0.52659161,0.319988
-0.52639161,0.319988
-0.52619161,0.319988
-0.52599161,0.319988
-0.52579161,0.351986
-0.52559161,0.319988
-0.52539161,0.319988
-0.52519161,0.351986
-0.52499161,0.383985
-0.52479161,0.351986
-0.52459161,0.351986
-0.52439161,0.351986
-0.52419161,0.351986
-0.52399161,0.351986
-0.52379161,0.351986
-0.52359161,0.351986
-0.52339161,0.351986
-0.52319161,0.415984
-0.52299161,0.415984
-0.52279161,0.415984
-0.52259161,0.383985
-0.52239161,0.351986
-0.52219161,0.415984
-0.52199161,0.383985
-0.52179161,0.351986
-0.52159161,0.415984
-0.52139161,0.383985
-0.52119161,0.351986
-0.52099161,0.415984
-0.52079161,0.383985
-0.52059161,0.415984
-0.52039161,0.415984
-0.52019161,0.383985
-0.51999161,0.351986
-0.51979161,0.415984
-0.51959161,0.351986
-0.51939161,0.351986
-0.51919161,0.447983
-0.51899161,0.415984
-0.51879161,0.479982
-0.51859161,0.447983
-0.51839161,0.383985
-0.51819161,0.383985
-0.51799161,0.415984
-0.51779161,0.447983
-0.51759161,0.383985
-0.51739161,0.415984
-0.51719161,0.415984
-0.51699161,0.383985
-0.51679161,0.447983
-0.51659161,0.447983
-0.51639161,0.447983
-0.51619161,0.447983
-0.51599161,0.447983
-0.51579161,0.447983
-0.51559161,0.447983
-0.51539161,0.447983
-0.51519161,0.415984
-0.51499161,0.447983
-0.51479161,0.415984
-0.51459161,0.447983
-0.51439161,0.479982
-0.51419161,0.447983
-0.51399161,0.447983
-0.51379161,0.447983
-0.51359161,0.415984
-0.51339161,0.415984
-0.51319161,0.447983
-0.51299161,0.51198
-0.51279161,0.415984
-0.51259161,0.447983
-0.51239161,0.479982
-0.51219161,0.447983
-0.51199161,0.447983
-0.51179161,0.447983
-0.51159161,0.479982
-0.51139161,0.479982
-0.51119161,0.447983
-0.51099161,0.447983
-0.51079161,0.51198
-0.51059161,0.479982
-0.51039161,0.479982
-0.51019161,0.51198
-0.50999161,0.479982
-0.50979161,0.51198
-0.50959161,0.479982
-0.50939161,0.479982
-0.50919161,0.51198
-0.50899161,0.543979
-0.50879161,0.543979
-0.50859161,0.51198
-0.50839161,0.447983
-0.50819161,0.51198
-0.50799161,0.51198
-0.50779161,0.51198
-0.50759161,0.479982
-0.50739161,0.479982
-0.50719161,0.51198
-0.50699161,0.51198
-0.50679161,0.479982
-0.50659161,0.51198
-0.50639161,0.51198
-0.50619161,0.479982
-0.50599161,0.51198
-0.50579161,0.479982
-0.50559161,0.479982
-0.50539161,0.51198
-0.50519161,0.51198
-0.50499161,0.479982
-0.50479161,0.51198
-0.50459161,0.479982
-0.50439161,0.479982
-0.50419161,0.51198
-0.50399161,0.543979
-0.50379161,0.479982
-0.50359161,0.479982
-0.50339161,0.51198
-0.50319161,0.447983
-0.50299161,0.479982
-0.50279161,0.479982
-0.50259161,0.447983
-0.50239161,0.479982
-0.50219161,0.447983
-0.50199161,0.479982
-0.50179161,0.479982
-0.50159161,0.575978
-0.50139161,0.479982
-0.50119161,0.51198
-0.50099161,0.51198
-0.50079161,0.447983
-0.50059161,0.479982
-0.50039161,0.479982
-0.50019161,0.415984
-0.49999161,0.51198
-0.49979161,0.51198
-0.49959161,0.447983
-0.49939161,0.479982
-0.49919161,0.447983
-0.49899161,0.447983
-0.49879161,0.51198
-0.49859161,0.479982
-0.49839161,0.447983
-0.49819161,0.447983
-0.49799161,0.479982
-0.49779161,0.447983
-0.49759161,0.479982
-0.49739161,0.479982
-0.49719161,0.447983
-0.49699161,0.447983
-0.49679161,0.479982
-0.49659161,0.447983
-0.49639161,0.51198
-0.49619161,0.479982
-0.49599161,0.447983
-0.49579161,0.479982
-0.49559161,0.479982
-0.49539161,0.415984
-0.49519161,0.479982
-0.49499161,0.447983
-0.49479161,0.415984
-0.49459161,0.415984
-0.49439161,0.447983
-0.49419161,0.415984
-0.49399161,0.447983
-0.49379161,0.415984
-0.49359161,0.447983
-0.49339161,0.447983
-0.49319161,0.447983
-0.49299161,0.415984
-0.49279161,0.415984
-0.49259161,0.383985
-0.49239161,0.383985
-0.49219161,0.447983
-0.49199161,0.383985
-0.49179161,0.383985
-0.49159161,0.479982
-0.49139161,0.415984
-0.49119161,0.415984
-0.49099161,0.447983
-0.49079161,0.383985
-0.49059161,0.415984
-0.49039161,0.415984
-0.49019161,0.479982
-0.48999161,0.415984
-0.48979161,0.415984
-0.48959161,0.415984
-0.48939161,0.415984
-0.48919161,0.447983
-0.48899161,0.383985
-0.48879161,0.383985
-0.48859161,0.415984
-0.48839161,0.415984
-0.48819161,0.383985
-0.48799161,0.383985
-0.48779161,0.383985
-0.48759161,0.383985
-0.48739161,0.415984
-0.48719161,0.351986
-0.48699161,0.383985
-0.48679161,0.383985
-0.48659161,0.415984
-0.48639161,0.351986
-0.48619161,0.415984
-0.48599161,0.383985
-0.48579161,0.351986
-0.48559161,0.415984
-0.48539161,0.383985
-0.48519161,0.415984
-0.48499161,0.415984
-0.48479161,0.383985
-0.48459161,0.383985
-0.48439161,0.383985
-0.48419161,0.351986
-0.48399161,0.383985
-0.48379161,0.415984
-0.48359161,0.383985
-0.48339161,0.351986
-0.48319161,0.383985
-0.48299161,0.415984
-0.48279161,0.351986
-0.48259161,0.383985
-0.48239161,0.351986
-0.48219161,0.351986
-0.48199161,0.415984
-0.48179161,0.383985
-0.48159161,0.383985
-0.48139161,0.351986
-0.48119161,0.383985
-0.48099161,0.351986
-0.48079161,0.351986
-0.48059161,0.351986
-0.48039161,0.351986
-0.48019161,0.351986
-0.47999161,0.319988
-0.47979161,0.319988
-0.47959161,0.383985
-0.47939161,0.319988
-0.47919161,0.319988
-0.47899161,0.351986
-0.47879161,0.319988
-0.47859161,0.383985
-0.47839161,0.351986
-0.47819161,0.319988
-0.47799161,0.351986
-0.47779161,0.351986
-0.47759161,0.351986
-0.47739161,0.319988
-0.47719161,0.319988
-0.47699161,0.319988
-0.47679161,0.351986
-0.47659161,0.319988
-0.47639161,0.383985
-0.47619161,0.25599
-0.47599161,0.319988
-0.47579161,0.287989
-0.47559161,0.287989
-0.47539161,0.319988
-0.47519161,0.319988
-0.47499161,0.319988
-0.47479161,0.319988
-0.47459161,0.25599
-0.47439161,0.287989
-0.47419161,0.319988
-0.47399161,0.25599
-0.47379161,0.319988
-0.47359161,0.351986
-0.47339161,0.287989
-0.47319161,0.25599
-0.47299161,0.287989
-0.47279161,0.319988
-0.47259161,0.287989
-0.47239161,0.319988
-0.47219161,0.287989
-0.47199161,0.287989
-0.47179161,0.287989
-0.47159161,0.287989
-0.47139161,0.287989
-0.47119161,0.351986
-0.47099161,0.25599
-0.47079161,0.319988
-0.47059161,0.351986
-0.47039161,0.287989
-0.47019161,0.25599
-0.46999161,0.287989
-0.46979161,0.25599
-0.46959161,0.287989
-0.46939161,0.287989
-0.46919161,0.287989
-0.46899161,0.287989
-0.46879161,0.287989
-0.46859161,0.287989
-0.46839161,0.25599
-0.46819161,0.287989
-0.46799161,0.25599
-0.46779161,0.287989
-0.46759161,0.319988
-0.46739161,0.223991
-0.46719161,0.25599
-0.46699161,0.25599
-0.46679161,0.25599
-0.46659161,0.25599
-0.46639161,0.287989
-0.46619161,0.287989
-0.46599161,0.223991
-0.46579161,0.287989
-0.46559161,0.287989
-0.46539161,0.25599
-0.46519161,0.287989
-0.46499161,0.25599
-0.46479161,0.25599
-0.46459161,0.287989
-0.46439161,0.287989
-0.46419161,0.25599
-0.46399161,0.287989
-0.46379161,0.25599
-0.46359161,0.25599
-0.46339161,0.25599
-0.46319161,0.25599
-0.46299161,0.223991
-0.46279161,0.25599
-0.46259161,0.191993
-0.46239161,0.223991
-0.46219161,0.287989
-0.46199161,0.223991
-0.46179161,0.25599
-0.46159161,0.223991
-0.46139161,0.223991
-0.46119161,0.25599
-0.46099161,0.223991
-0.46079161,0.191993
-0.46059161,0.223991
-0.46039161,0.287989
-0.46019161,0.223991
-0.45999161,0.25599
-0.45979161,0.223991
-0.45959161,0.223991
-0.45939161,0.25599
-0.45919161,0.25599
-0.45899161,0.223991
-0.45879161,0.223991
-0.45859161,0.223991
-0.45839161,0.223991
-0.45819161,0.25599
-0.45799161,0.25599
-0.45779161,0.25599
-0.45759161,0.223991
-0.45739161,0.223991
-0.45719161,0.25599
-0.45699161,0.223991
-0.45679161,0.287989
-0.45659161,0.25599
-0.45639161,0.223991
-0.45619161,0.223991
-0.45599161,0.223991
-0.45579161,0.25599
-0.45559161,0.191993
-0.45539161,0.159994
-0.45519161,0.223991
-0.45499161,0.223991
-0.45479161,0.223991
-0.45459161,0.223991
-0.45439161,0.223991
-0.45419161,0.191993
-0.45399161,0.223991
-0.45379161,0.191993
-0.45359161,0.191993
-0.45339161,0.191993
-0.45319161,0.223991
-0.45299161,0.223991
-0.45279161,0.191993
-0.45259161,0.223991
-0.45239161,0.191993
-0.45219161,0.191993
-0.45199161,0.159994
-0.45179161,0.159994
-0.45159161,0.191993
-0.45139161,0.223991
-0.45119161,0.159994
-0.45099161,0.191993
-0.45079161,0.191993
-0.45059161,0.191993
-0.45039161,0.191993
-0.45019161,0.191993
-0.44999161,0.191993
-0.44979161,0.191993
-0.44959161,0.191993
-0.44939161,0.191993
-0.44919161,0.159994
-0.44899161,0.223991
-0.44879161,0.191993
-0.44859161,0.159994
-0.44839161,0.191993
-0.44819161,0.159994
-0.44799161,0.159994
-0.44779161,0.159994
-0.44759161,0.159994
-0.44739161,0.191993
-0.44719161,0.159994
-0.44699161,0.159994
-0.44679161,0.191993
-0.44659161,0.159994
-0.44639161,0.159994
-0.44619161,0.159994
-0.44599161,0.191993
-0.44579161,0.127995
-0.44559161,0.191993
-0.44539161,0.159994
-0.44519161,0.191993
-0.44499161,0.159994
-0.44479161,0.159994
-0.44459161,0.159994
-0.44439161,0.191993
-0.44419161,0.159994
-0.44399161,0.191993
-0.44379161,0.159994
-0.44359161,0.191993
-0.44339161,0.159994
-0.44319161,0.159994
-0.44299161,0.159994
-0.44279161,0.127995
-0.44259161,0.159994
-0.44239161,0.191993
-0.44219161,0.159994
-0.44199161,0.159994
-0.44179161,0.127995
-0.44159161,0.127995
-0.44139161,0.0959963
-0.44119161,0.127995
-0.44099161,0.159994
-0.44079161,0.159994
-0.44059161,0.127995
-0.44039161,0.127995
-0.44019161,0.127995
-0.43999161,0.127995
-0.43979161,0.127995
-0.43959161,0.127995
-0.43939161,0.127995
-0.43919161,0.127995
-0.43899161,0.127995
-0.43879161,0.127995
-0.43859161,0.127995
-0.43839161,0.0959963
-0.43819161,0.127995
-0.43799161,0.0959963
-0.43779161,0.127995
-0.43759161,0.127995
-0.43739161,0.127995
-0.43719161,0.0959963
-0.43699161,0.127995
-0.43679161,0.0959963
-0.43659161,0.127995
-0.43639161,0.0959963
-0.43619161,0.0959963
-0.43599161,0.0959963
-0.43579161,0.0959963
-0.43559161,0.0959963
-0.43539161,0.0639975
-0.43519161,0.0639975
-0.43499161,0.0959963
-0.43479161,0.0639975
-0.43459161,0.127995
-0.43439161,0.0959963
-0.43419161,0.0959963
-0.43399161,0.0959963
-0.43379161,0.0639975
-0.43359161,0.0959963
-0.43339161,0.0639975
-0.43319161,0.0959963
-0.43299161,0.0319988
-0.43279161,0.0959963
-0.43259161,0.0639975
-0.43239161,0.0319988
-0.43219161,0.0959963
-0.43199161,0.0639975
-0.43179161,0.0959963
-0.43159161,0.0639975
-0.43139161,0.0959963
-0.43119161,0.0319988
-0.43099161,0.0639975
-0.43079161,0.0639975
-0.43059161,0
-0.43039161,0.0319988
-0.43019161,0.0959963
-0.42999161,0.0319988
-0.42979161,0.0319988
-0.42959161,0.0639975
-0.42939161,0
-0.42919161,0.0319988
-0.42899161,0.0639975
-0.42879161,0.0319988
-0.42859161,0.0639975
-0.42839161,0.0639975
-0.42819161,0.0319988
-0.42799161,0
-0.42779161,0.0319988
-0.42759161,0
-0.42739161,0.0319988
-0.42719161,0.0319988
-0.42699161,0
-0.42679161,0.0319988
-0.42659161,-0.0319988
-0.42639161,0.0319988
-0.42619161,0.0319988
-0.42599161,0.0319988
-0.42579161,0.0319988
-0.42559161,0
-0.42539161,0.0319988
-0.42519161,0
-0.42499161,0.0319988
-0.42479161,0.0319988
-0.42459161,0
-0.42439161,0
-0.42419161,0.0319988
-0.42399161,0.0319988
-0.42379161,0.0959963
-0.42359161,0.0319988
-0.42339161,0
-0.42319161,-0.0319988
-0.42299161,0.0319988
-0.42279161,-0.0319988
-0.42259161,-0.0319988
-0.42239161,0
-0.42219161,-0.0319988
-0.42199161,-0.0319988
-0.42179161,-0.0319988
-0.42159161,0
-0.42139161,0
-0.42119161,0
-0.42099161,-0.0319988
-0.42079161,-0.0319988
-0.42059161,0.0319988
-0.42039161,0
-0.42019161,-0.0319988
-0.41999161,0
-0.41979161,-0.0639975
-0.41959161,0
-0.41939161,0
-0.41919161,0
-0.41899161,0.0639975
-0.41879161,0
-0.41859161,-0.0319988
-0.41839161,-0.0639975
-0.41819161,-0.0319988
-0.41799161,-0.0959963
-0.41779161,0
-0.41759161,0
-0.41739161,-0.0319988
-0.41719161,-0.0319988
-0.41699161,-0.0319988
-0.41679161,-0.0319988
-0.41659161,-0.0319988
-0.41639161,-0.0319988
-0.41619161,-0.0959963
-0.41599161,-0.0319988
-0.41579161,-0.0319988
-0.41559161,-0.0319988
-0.41539161,-0.0319988
-0.41519161,-0.0639975
-0.41499161,-0.0319988
-0.41479161,-0.0319988
-0.41459161,-0.0319988
-0.41439161,-0.0639975
-0.41419161,-0.0319988
-0.41399161,-0.0639975
-0.41379161,-0.0639975
-0.41359161,-0.0319988
-0.41339161,-0.0639975
-0.41319161,-0.0639975
-0.41299161,-0.0639975
-0.41279161,-0.0319988
-0.41259161,-0.0639975
-0.41239161,-0.0639975
-0.41219161,-0.0319988
-0.41199161,-0.0639975
-0.41179161,-0.0319988
-0.41159161,-0.0639975
-0.41139161,-0.0959963
-0.41119161,-0.0319988
-0.41099161,-0.0639975
-0.41079161,-0.0639975
-0.41059161,-0.0639975
-0.41039161,-0.0639975
-0.41019161,-0.0639975
-0.40999161,-0.0639975
-0.40979161,-0.0319988
-0.40959161,-0.0959963
-0.40939161,-0.0319988
-0.40919161,-0.0319988
-0.40899161,-0.0639975
-0.40879161,-0.0639975
-0.40859161,-0.0639975
-0.40839161,-0.0959963
-0.40819161,-0.0639975
-0.40799161,-0.0639975
-0.40779161,-0.0639975
-0.40759161,-0.0639975
-0.40739161,-0.0639975
-0.40719161,-0.127995
-0.40699161,-0.0639975
-0.40679161,-0.0639975
-0.40659161,-0.127995
-0.40639161,-0.0959963
-0.40619161,-0.0959963
-0.40599161,-0.0959963
-0.40579161,-0.0639975
-0.40559161,-0.127995
-0.40539161,-0.127995
-0.40519161,-0.0959963
-0.40499161,-0.127995
-0.40479161,-0.159994
-0.40459161,-0.0959963
-0.40439161,-0.0959963
-0.40419161,-0.127995
-0.40399161,-0.127995
-0.40379161,-0.0639975
-0.40359161,-0.159994
-0.40339161,-0.0959963
-0.40319161,-0.0959963
-0.40299161,-0.127995
-0.40279161,-0.159994
-0.40259161,-0.127995
-0.40239161,-0.159994
-0.40219161,-0.0959963
-0.40199161,-0.0959963
-0.40179161,-0.159994
-0.40159161,-0.127995
-0.40139161,-0.0959963
-0.40119161,-0.159994
-0.40099161,-0.127995
-0.40079161,-0.0959963
-0.40059161,-0.159994
-0.40039161,-0.159994
-0.40019161,-0.0959963
-0.39999161,-0.159994
-0.39979161,-0.127995
-0.39959161,-0.127995
-0.39939161,-0.127995
-0.39919161,-0.127995
-0.39899161,-0.0959963
-0.39879161,-0.159994
-0.39859161,-0.191993
-0.39839161,-0.127995
-0.39819161,-0.159994
-0.39799161,-0.159994
-0.39779161,-0.0959963
-0.39759161,-0.191993
-0.39739161,-0.127995
-0.39719161,-0.159994
-0.39699161,-0.191993
-0.39679161,-0.159994
-0.39659161,-0.159994
-0.39639161,-0.223991
-0.39619161,-0.159994
-0.39599161,-0.127995
-0.39579161,-0.191993
-0.39559161,-0.159994
-0.39539161,-0.159994
-0.39519161,-0.159994
-0.39499161,-0.191993
-0.39479161,-0.159994
-0.39459161,-0.127995
-0.39439161,-0.159994
-0.39419161,-0.191993
-0.39399161,-0.159994
-0.39379161,-0.191993
-0.39359161,-0.191993
-0.39339161,-0.191993
-0.39319161,-0.159994
-0.39299161,-0.191993
-0.39279161,-0.159994
-0.39259161,-0.191993
-0.39239161,-0.127995
-0.39219161,-0.223991
-0.39199161,-0.159994
-0.39179161,-0.191993
-0.39159161,-0.191993
-0.39139161,-0.223991
-0.39119161,-0.159994
-0.39099161,-0.191993
-0.39079161,-0.159994
-0.39059161,-0.191993
-0.39039161,-0.191993
-0.39019161,-0.191993
-0.38999161,-0.191993
-0.38979161,-0.191993
-0.38959161,-0.159994
-0.38939161,-0.159994
-0.38919161,-0.191993
-0.38899161,-0.191993
-0.38879161,-0.159994
-0.38859161,-0.223991
-0.38839161,-0.191993
-0.38819161,-0.159994
-0.38799161,-0.191993
-0.38779161,-0.127995
-0.38759161,-0.127995
-0.38739161,-0.223991
-0.38719161,-0.159994
-0.38699161,-0.159994
-0.38679161,-0.223991
-0.38659161,-0.159994
-0.38639161,-0.191993
-0.38619161,-0.223991
-0.38599161,-0.223991
-0.38579161,-0.159994
-0.38559161,-0.191993
-0.38539161,-0.159994
-0.38519161,-0.127995
-0.38499161,-0.191993
-0.38479161,-0.159994
-0.38459161,-0.159994
-0.38439161,-0.159994
-0.38419161,-0.159994
-0.38399161,-0.127995
-0.38379161,-0.159994
-0.38359161,-0.159994
-0.38339161,-0.127995
-0.38319161,-0.159994
-0.38299161,-0.127995
-0.38279161,-0.159994
-0.38259161,-0.191993
-0.38239161,-0.127995
-0.38219161,-0.127995
-0.38199161,-0.159994
-0.38179161,-0.191993
-0.38159161,-0.159994
-0.38139161,-0.191993
-0.38119161,-0.127995
-0.38099161,-0.159994
-0.38079161,-0.159994
-0.38059161,-0.127995
-0.38039161,-0.159994
-0.38019161,-0.127995
-0.37999161,-0.159994
-0.37979161,-0.127995
-0.37959161,-0.0959963
-0.37939161,-0.159994
-0.37919161,-0.159994
-0.37899161,-0.159994
-0.37879161,-0.127995
-0.37859161,-0.127995
-0.37839161,-0.127995
-0.37819161,-0.127995
-0.37799161,-0.127995
-0.37779161,-0.159994
-0.37759161,-0.191993
-0.37739161,-0.127995
-0.37719161,-0.0959963
-0.37699161,-0.127995
-0.37679161,-0.127995
-0.37659161,-0.159994
-0.37639161,-0.127995
-0.37619161,-0.127995
-0.37599161,-0.159994
-0.37579161,-0.127995
-0.37559161,-0.0959963
-0.37539161,-0.0959963
-0.37519161,-0.127995
-0.37499161,-0.127995
-0.37479161,-0.127995
-0.37459161,-0.0959963
-0.37439161,-0.0959963
-0.37419161,-0.159994
-0.37399161,-0.0959963
-0.37379161,-0.0959963
-0.37359161,-0.0959963
-0.37339161,-0.0959963
-0.37319161,-0.0639975
-0.37299161,-0.0959963
-0.37279161,-0.0959963
-0.37259161,-0.0639975
-0.37239161,-0.0959963
-0.37219161,-0.159994
-0.37199161,-0.0639975
-0.37179161,-0.0959963
-0.37159161,-0.159994
-0.37139161,-0.0959963
-0.37119161,-0.127995
-0.37099161,-0.0959963
-0.37079161,-0.0959963
-0.37059161,-0.159994
-0.37039161,-0.0639975
-0.37019161,-0.0959963
-0.36999161,-0.0959963
-0.36979161,-0.0959963
-0.36959161,-0.0639975
-0.36939161,-0.0959963
-0.36919161,-0.0959963
-0.36899161,-0.0639975
-0.36879161,-0.0959963
-0.36859161,-0.127995
-0.36839161,-0.0959963
-0.36819161,-0.0959963
-0.36799161,-0.0959963
-0.36779161,-0.0639975
-0.36759161,-0.159994
-0.36739161,-0.127995
-0.36719161,-0.127995
-0.36699161,-0.127995
-0.36679161,-0.0959963
-0.36659161,-0.0639975
-0.36639161,-0.127995
-0.36619161,-0.0959963
-0.36599161,-0.159994
-0.36579161,-0.159994
-0.36559161,-0.0639975
-0.36539161,-0.0959963
-0.36519161,-0.127995
-0.36499161,-0.127995
-0.36479161,-0.0959963
-0.36459161,-0.127995
-0.36439161,-0.127995
-0.36419161,-0.0639975
-0.36399161,-0.127995
-0.36379161,-0.0639975
-0.36359161,-0.0959963
-0.36339161,-0.127995
-0.36319161,-0.0959963
-0.36299161,-0.127995
-0.36279161,-0.127995
-0.36259161,-0.127995
-0.36239161,-0.127995
-0.36219161,-0.0639975
-0.36199161,-0.127995
-0.36179161,-0.0959963
-0.36159161,-0.127995
-0.36139161,-0.0959963
-0.36119161,-0.0959963
-0.36099161,-0.0959963
-0.36079161,-0.0959963
-0.36059161,-0.0959963
-0.36039161,-0.0959963
-0.36019161,-0.0959963
-0.35999161,-0.0639975
-0.35979161,-0.127995
-0.35959161,-0.0959963
-0.35939161,-0.0959963
-0.35919161,-0.127995
-0.35899161,-0.0959963
-0.35879161,-0.0959963
-0.35859161,-0.127995
-0.35839161,-0.0639975
-0.35819161,-0.127995
-0.35799161,-0.159994
-0.35779161,-0.0639975
-0.35759161,-0.0959963
-0.35739161,-0.159994
-0.35719161,-0.0959963
-0.35699161,-0.127995
-0.35679161,-0.159994
-0.35659161,-0.0959963
-0.35639161,-0.0959963
-0.35619161,-0.127995
-0.35599161,-0.0959963
-0.35579161,-0.0959963
-0.35559161,-0.127995
-0.35539161,-0.0959963
-0.35519161,-0.0639975
-0.35499161,-0.0959963
-0.35479161,-0.0639975
-0.35459161,-0.127995
-0.35439161,-0.0959963
-0.35419161,-0.0639975
-0.35399161,-0.0959963
-0.35379161,-0.127995
-0.35359161,-0.0639975
-0.35339161,-0.0639975
-0.35319161,-0.127995
-0.35299161,-0.0959963
-0.35279161,-0.0959963
-0.35259161,-0.0959963
-0.35239161,-0.0639975
-0.35219161,-0.0639975
-0.35199161,-0.0639975
-0.35179161,-0.0639975
-0.35159161,-0.0639975
-0.35139161,-0.0959963
-0.35119161,-0.0959963
-0.35099161,-0.0959963
-0.35079161,-0.0959963
-0.35059161,-0.0639975
-0.35039161,-0.0639975
-0.35019161,-0.0639975
-0.34999161,-0.0319988
-0.34979161,-0.0319988
-0.34959161,-0.0639975
-0.34939161,-0.0639975
-0.34919161,-0.0639975
-0.34899161,-0.0639975
-0.34879161,-0.0639975
-0.34859161,-0.0319988
-0.34839161,-0.0639975
-0.34819161,-0.0639975
-0.34799161,0
-0.34779161,-0.0639975
-0.34759161,0
-0.34739161,-0.0319988
-0.34719161,-0.0639975
-0.34699161,-0.0639975
-0.34679161,-0.0639975
-0.34659161,-0.0639975
-0.34639161,-0.0639975
-0.34619161,-0.0639975
-0.34599161,-0.0959963
-0.34579161,-0.0319988
-0.34559161,-0.0639975
-0.34539161,-0.0639975
-0.34519161,-0.0319988
-0.34499161,-0.0319988
-0.34479161,-0.0639975
-0.34459161,-0.0319988
-0.34439161,-0.0639975
-0.34419161,-0.0639975
-0.34399161,-0.0319988
-0.34379161,-0.0639975
-0.34359161,-0.0639975
-0.34339161,-0.0319988
-0.34319161,-0.0639975
-0.34299161,-0.0639975
-0.34279161,-0.0319988
-0.34259161,-0.0319988
-0.34239161,-0.0959963
-0.34219161,-0.0319988
-0.34199161,-0.0319988
-0.34179161,-0.0639975
-0.34159161,-0.0319988
-0.34139161,-0.0319988
-0.34119161,-0.0639975
-0.34099161,-0.0639975
-0.34079161,-0.0319988
-0.34059161,0
-0.34039161,-0.0639975
-0.34019161,-0.0959963
-0.33999161,-0.127995
-0.33979161,-0.0639975
-0.33959161,-0.0639975
-0.33939161,-0.0639975
-0.33919161,-0.0319988
-0.33899161,-0.0319988
-0.33879161,-0.0959963
-0.33859161,-0.0319988
-0.33839161,-0.0319988
-0.33819161,-0.0639975
-0.33799161,-0.0959963
-0.33779161,-0.0639975
-0.33759161,-0.0959963
-0.33739161,-0.0639975
-0.33719161,-0.0639975
-0.33699161,-0.0959963
-0.33679161,-0.0319988
-0.33659161,-0.0959963
-0.33639161,-0.0639975
-0.33619161,-0.0639975
-0.33599161,-0.0639975
-0.33579161,-0.0959963
-0.33559161,-0.0639975
-0.33539161,-0.0319988
-0.33519161,-0.0959963
-0.33499161,-0.0639975
-0.33479161,-0.0639975
-0.33459161,-0.0639975
-0.33439161,-0.0639975
-0.33419161,-0.0639975
-0.33399161,-0.0639975
-0.33379161,-0.0319988
-0.33359161,-0.0639975
-0.33339161,-0.0959963
-0.33319161,-0.0639975
-0.33299161,-0.0319988
-0.33279161,-0.0639975
-0.33259161,-0.0959963
-0.33239161,-0.0319988
-0.33219161,-0.0639975
-0.33199161,-0.0639975
-0.33179161,-0.0639975
-0.33159161,-0.0959963
-0.33139161,-0.0639975
-0.33119161,-0.0639975
-0.33099161,-0.0639975
-0.33079161,-0.0639975
-0.33059161,-0.0639975
-0.33039161,-0.0959963
-0.33019161,-0.0639975
-0.32999161,-0.0639975
-0.32979161,-0.0959963
-0.32959161,-0.0319988
-0.32939161,-0.0319988
-0.32919161,-0.0959963
-0.32899161,-0.0959963
-0.32879161,-0.0319988
-0.32859161,-0.0639975
-0.32839161,-0.0639975
-0.32819161,0
-0.32799161,-0.127995
-0.32779161,-0.0639975
-0.32759161,-0.0639975
-0.32739161,-0.0639975
-0.32719161,-0.0639975
-0.32699161,-0.0639975
-0.32679161,-0.0959963
-0.32659161,-0.0319988
-0.32639161,-0.0319988
-0.32619161,-0.0959963
-0.32599161,-0.0639975
-0.32579161,-0.0319988
-0.32559161,-0.127995
-0.32539161,-0.0959963
-0.32519161,-0.0319988
-0.32499161,-0.127995
-0.32479161,-0.0319988
-0.32459161,0
-0.32439161,-0.0959963
-0.32419161,-0.0639975
-0.32399161,-0.0639975
-0.32379161,-0.0959963
-0.32359161,-0.0959963
-0.32339161,-0.0639975
-0.32319161,-0.0959963
-0.32299161,-0.0959963
-0.32279161,-0.0639975
-0.32259161,-0.0639975
-0.32239161,-0.0319988
-0.32219161,-0.0959963
-0.32199161,-0.0639975
-0.32179161,-0.0639975
-0.32159161,-0.0639975
-0.32139161,-0.0639975
-0.32119161,-0.0639975
-0.32099161,-0.0639975
-0.32079161,-0.0639975
-0.32059161,-0.0319988
-0.32039161,-0.0319988
-0.32019161,-0.0639975
-0.31999161,-0.0959963
-0.31979161,-0.0639975
-0.31959161,-0.0639975
-0.31939161,-0.0639975
-0.31919161,-0.0639975
-0.31899161,-0.0959963
-0.31879161,-0.0319988
-0.31859161,-0.0639975
-0.31839161,-0.127995
-0.31819161,-0.0319988
-0.31799161,-0.0959963
-0.31779161,-0.0959963
-0.31759161,-0.0639975
-0.31739161,-0.0319988
-0.31719161,-0.0639975
-0.31699161,-0.0639975
-0.31679161,-0.0639975
-0.31659161,-0.0959963
-0.31639161,-0.0319988
-0.31619161,-0.0959963
-0.31599161,-0.0639975
-0.31579161,-0.0319988
-0.31559161,-0.0639975
-0.31539161,-0.0639975
-0.31519161,-0.0639975
-0.31499161,-0.0639975
-0.31479161,-0.127995
-0.31459161,-0.0639975
-0.31439161,-0.0319988
-0.31419161,-0.0639975
-0.31399161,-0.0639975
-0.31379161,-0.0319988
-0.31359161,-0.0639975
-0.31339161,-0.0319988
-0.31319161,-0.0319988
-0.31299161,-0.0639975
-0.31279161,-0.0639975
-0.31259161,0
-0.31239161,-0.0639975
-0.31219161,-0.0319988
-0.31199161,-0.0319988
-0.31179161,-0.0319988
-0.31159161,-0.0319988
-0.31139161,0
-0.31119161,-0.0319988
-0.31099161,-0.0319988
-0.31079161,0
-0.31059161,0
-0.31039161,-0.0319988
-0.31019161,0
-0.30999161,-0.0319988
-0.30979161,-0.0319988
-0.30959161,-0.0319988
-0.30939161,-0.0319988
-0.30919161,-0.0319988
-0.30899161,0.0319988
-0.30879161,-0.0319988
-0.30859161,0
-0.30839161,0.0319988
-0.30819161,0
-0.30799161,0.0319988
-0.30779161,0
-0.30759161,0
-0.30739161,0
-0.30719161,0
-0.30699161,0.0319988
-0.30679161,0
-0.30659161,0
-0.30639161,-0.0319988
-0.30619161,0.0319988
-0.30599161,0.0319988
-0.30579161,0
-0.30559161,0
-0.30539161,0
-0.30519161,0.0319988
-0.30499161,0
-0.30479161,0
-0.30459161,-0.0319988
-0.30439161,0
-0.30419161,0.0319988
-0.30399161,-0.0319988
-0.30379161,0.0319988
-0.30359161,0.0319988
-0.30339161,0
-0.30319161,0.0319988
-0.30299161,0.0639975
-0.30279161,0
-0.30259161,0.0319988
-0.30239161,0.0319988
-0.30219161,-0.0319988
-0.30199161,0.0319988
-0.30179161,-0.0319988
-0.30159161,0
-0.30139161,0.0319988
-0.30119161,0.0319988
-0.30099161,0
-0.30079161,0.0639975
-0.30059161,0.0639975
-0.30039161,0.0319988
-0.30019161,0.0639975
-0.29999161,0.0319988
-0.29979161,0
-0.29959161,0.0319988
-0.29939161,0.0639975
-0.29919161,0.0319988
-0.29899161,0.0319988
-0.29879161,0.0639975
-0.29859161,-0.0319988
-0.29839161,0.0639975
-0.29819161,0.0639975
-0.29799161,0.0319988
-0.29779161,0.0639975
-0.29759161,0.0639975
-0.29739161,-0.0319988
-0.29719161,0.0639975
-0.29699161,0.0639975
-0.29679161,0.0639975
-0.29659161,0.0639975
-0.29639161,-0.0319988
-0.29619161,0.0319988
-0.29599161,0.0319988
-0.29579161,0.0639975
-0.29559161,0
-0.29539161,0
-0.29519161,0.0639975
-0.29499161,0
-0.29479161,0.0319988
-0.29459161,0.0639975
-0.29439161,0.0319988
-0.29419161,0.0639975
-0.29399161,0.0639975
-0.29379161,0.0319988
-0.29359161,0.0319988
-0.29339161,0.0639975
-0.29319161,0
-0.29299161,0.0319988
-0.29279161,0.0639975
-0.29259161,0.0639975
-0.29239161,0.0319988
-0.29219161,0.0639975
-0.29199161,0.0639975
-0.29179161,0.0639975
-0.29159161,0.0639975
-0.29139161,0.0639975
-0.29119161,0.0639975
-0.29099161,0.0959963
-0.29079161,0.0639975
-0.29059161,0.0639975
-0.29039161,0.0639975
-0.29019161,0.0319988
-0.28999161,0.0959963
-0.28979161,0.0959963
-0.28959161,0.0639975
-0.28939161,0.0319988
-0.28919161,0.0959963
-0.28899161,0
-0.28879161,0.0959963
-0.28859161,0.0959963
-0.28839161,0.0959963
-0.28819161,0.0959963
-0.28799161,0.0959963
-0.28779161,0.0319988
-0.28759161,0.0959963
-0.28739161,0.0959963
-0.28719161,0.0639975
-0.28699161,0.0959963
-0.28679161,0.0959963
-0.28659161,0.0959963
-0.28639161,0.0959963
-0.28619161,0.0959963
-0.28599161,0.0639975
-0.28579161,0.0639975
-0.28559161,0.0959963
-0.28539161,0.0959963
-0.28519161,0.0959963
-0.28499161,0.0959963
-0.28479161,0.0639975
-0.28459161,0.0639975
-0.28439161,0.0959963
-0.28419161,0.0639975
-0.28399161,0.127995
-0.28379161,0.0639975
-0.28359161,0.0959963
-0.28339161,0.0639975
-0.28319161,0.0959963
-0.28299161,0.0639975
-0.28279161,0.0959963
-0.28259161,0.0959963
-0.28239161,0.0319988
-0.28219161,0.0639975
-0.28199161,0.0319988
-0.28179161,0.0959963
-0.28159161,0.0959963
-0.28139161,0.0639975
-0.28119161,0.0639975
-0.28099161,0.0639975
-0.28079161,0.0639975
-0.28059161,0.127995
-0.28039161,0.0959963
-0.28019161,0.0959963
-0.27999161,0.0319988
-0.27979161,0.0959963
-0.27959161,0.0639975
-0.27939161,0.0959963
-0.27919161,0.0639975
-0.27899161,0.0639975
-0.27879161,0.127995
-0.27859161,0.0959963
-0.27839161,0.0959963
-0.27819161,0.0639975
-0.27799161,0.0959963
-0.27779161,0.0959963
-0.27759161,0.0639975
-0.27739161,0.0639975
-0.27719161,0.0639975
-0.27699161,0.0959963
-0.27679161,0.0639975
-0.27659161,0.0959963
-0.27639161,0.0639975
-0.27619161,0.0319988
-0.27599161,0.0959963
-0.27579161,0.0959963
-0.27559161,0.0959963
-0.27539161,0.0959963
-0.27519161,0.0959963
-0.27499161,0.0959963
-0.27479161,0.0959963
-0.27459161,0.0639975
-0.27439161,0.127995
-0.27419161,0.0959963
-0.27399161,0.0639975
-0.27379161,0.0639975
-0.27359161,0.0639975
-0.27339161,0.0959963
-0.27319161,0.0959963
-0.27299161,0.0959963
-0.27279161,0.127995
-0.27259161,0.0639975
-0.27239161,0.0959963
-0.27219161,0.0959963
-0.27199161,0.0959963
-0.27179161,0.0959963
-0.27159161,0.0639975
-0.27139161,0.0959963
-0.27119161,0.0959963
-0.27099161,0.0959963
-0.27079161,0.0959963
-0.27059161,0.0959963
-0.27039161,0.0639975
-0.27019161,0.0959963
-0.26999161,0.0959963
-0.26979161,0.0959963
-0.26959161,0.0959963
-0.26939161,0.127995
-0.26919161,0.0959963
-0.26899161,0.0959963
-0.26879161,0.0959963
-0.26859161,0.0319988
-0.26839161,0.0639975
-0.26819161,0.0639975
-0.26799161,0.0959963
-0.26779161,0.0959963
-0.26759161,0.0959963
-0.26739161,0.0639975
-0.26719161,0.0639975
-0.26699161,0.0959963
-0.26679161,0.0959963
-0.26659161,0.127995
-0.26639161,0.0959963
-0.26619161,0.0959963
-0.26599161,0.0959963
-0.26579161,0.0959963
-0.26559161,0.0639975
-0.26539161,0.0639975
-0.26519161,0.0959963
-0.26499161,0.0639975
-0.26479161,0.127995
-0.26459161,0.0959963
-0.26439161,0.0959963
-0.26419161,0.0959963
-0.26399161,0.0959963
-0.26379161,0.0959963
-0.26359161,0.0959963
-0.26339161,0.0639975
-0.26319161,0.0319988
-0.26299161,0.0959963
-0.26279161,0.0639975
-0.26259161,0.0959963
-0.26239161,0.0959963
-0.26219161,0.0959963
-0.26199161,0.0959963
-0.26179161,0.0959963
-0.26159161,0.0959963
-0.26139161,0.159994
-0.26119161,0.127995
-0.26099161,0.0959963
-0.26079161,0.0959963
-0.26059161,0.0959963
-0.26039161,0.0639975
-0.26019161,0.0959963
-0.25999161,0.0639975
-0.25979161,0.0959963
-0.25959161,0.0959963
-0.25939161,0.0639975
-0.25919161,0.0959963
-0.25899161,0.0959963
-0.25879161,0.0959963
-0.25859161,0.127995
-0.25839161,0.0959963
-0.25819161,0.0959963
-0.25799161,0.0959963
-0.25779161,0.0639975
-0.25759161,0.0959963
-0.25739161,0.0959963
-0.25719161,0.0959963
-0.25699161,0.0959963
-0.25679161,0.0639975
-0.25659161,0.0959963
-0.25639161,0.127995
-0.25619161,0.127995
-0.25599161,0.0959963
-0.25579161,0.0959963
-0.25559161,0.0959963
-0.25539161,0.0959963
-0.25519161,0.0959963
-0.25499161,0.127995
-0.25479161,0.0959963
-0.25459161,0.0959963
-0.25439161,0.0959963
-0.25419161,0.0959963
-0.25399161,0.0959963
-0.25379161,0.0959963
-0.25359161,0.0639975
-0.25339161,0.0959963
-0.25319161,0.0959963
-0.25299161,0.127995
-0.25279161,0.0959963
-0.25259161,0.0639975
-0.25239161,0.0639975
-0.25219161,0.0959963
-0.25199161,0.0959963
-0.25179161,0.0639975
-0.25159161,0.0959963
-0.25139161,0.0959963
-0.25119161,0.0639975
-0.25099161,0.0959963
-0.25079161,0.0959963
-0.25059161,0.0959963
-0.25039161,0.0959963
-0.25019161,0.0959963
-0.24999161,0.127995
-0.24979161,0.0959963
-0.24959161,0.0959963
-0.24939161,0.0959963
-0.24919161,0.127995
-0.24899161,0.0639975
-0.24879161,0.0959963
-0.24859161,0.0959963
-0.24839161,0.0959963
-0.24819161,0.0639975
-0.24799161,0.0959963
-0.24779161,0.0959963
-0.24759161,0.0959963
-0.24739161,0.0959963
-0.24719161,0.0959963
-0.24699161,0.0959963
-0.24679161,0.0959963
-0.24659161,0.0959963
-0.24639161,0.0319988
-0.24619161,0.0639975
-0.24599161,0.0959963
-0.24579161,0.127995
-0.24559161,0.0639975
-0.24539161,0.0959963
-0.24519161,0.0639975
-0.24499161,0.127995
-0.24479161,0.0959963
-0.24459161,0.0639975
-0.24439161,0.0959963
-0.24419161,0.0959963
-0.24399161,0.127995
-0.24379161,0.0639975
-0.24359161,0.0959963
-0.24339161,0.0959963
-0.24319161,0.0639975
-0.24299161,0.0959963
-0.24279161,0.0319988
-0.24259161,0.0959963
-0.24239161,0.0639975
-0.24219161,0.0959963
-0.24199161,0.0959963
-0.24179161,0.0959963
-0.24159161,0.0959963
-0.24139161,0.0959963
-0.24119161,0.0959963
-0.24099161,0.0959963
-0.24079161,0.127995
-0.24059161,0.0959963
-0.24039161,0.0639975
-0.24019161,0.0959963
-0.23999161,0.0959963
-0.23979161,0.0959963
-0.23959161,0.127995
-0.23939161,0.0959963
-0.23919161,0.0639975
-0.23899161,0.0639975
-0.23879161,0.0959963
-0.23859161,0.0639975
-0.23839161,0.159994
-0.23819161,0.127995
-0.23799161,0.0319988
-0.23779161,0.0959963
-0.23759161,0.0639975
-0.23739161,0.127995
-0.23719161,0.0639975
-0.23699161,0.0959963
-0.23679161,0.0639975
-0.23659161,0.0639975
-0.23639161,0.0959963
-0.23619161,0.0959963
-0.23599161,0.159994
-0.23579161,0.127995
-0.23559161,0.127995
-0.23539161,0.0959963
-0.23519161,0.0959963
-0.23499161,0.0959963
-0.23479161,0.0959963
-0.23459161,0.0639975
-0.23439161,0.127995
-0.23419161,0.0959963
-0.23399161,0.0959963
-0.23379161,0.0959963
-0.23359161,0.0959963
-0.23339161,0.127995
-0.23319161,0.127995
-0.23299161,0.0639975
-0.23279161,0.0959963
-0.23259161,0.127995
-0.23239161,0.0959963
-0.23219161,0.0639975
-0.23199161,0.0959963
-0.23179161,0.0959963
-0.23159161,0.127995
-0.23139161,0.0639975
-0.23119161,0.0639975
-0.23099161,0.0959963
-0.23079161,0.0959963
-0.23059161,0.0639975
-0.23039161,0.0959963
-0.23019161,0.0319988
-0.22999161,0.0959963
-0.22979161,0.0639975
-0.22959161,0.0639975
-0.22939161,0.0639975
-0.22919161,0.0959963
-0.22899161,0.0959963
-0.22879161,0.0639975
-0.22859161,0.0639975
-0.22839161,0.0319988
-0.22819161,0.0639975
-0.22799161,0.0639975
-0.22779161,0.0319988
-0.22759161,0.0639975
-0.22739161,0.0639975
-0.22719161,0.0319988
-0.22699161,0.0959963
-0.22679161,0.0639975
-0.22659161,0.0639975
-0.22639161,0.0639975
-0.22619161,0.0639975
-0.22599161,0
-0.22579161,0.0959963
-0.22559161,0.0639975
-0.22539161,0.0319988
-0.22519161,0.0639975
-0.22499161,0.0639975
-0.22479161,0.0639975
-0.22459161,0.0639975
-0.22439161,0.0959963
-0.22419161,0.0959963
-0.22399161,0.0639975
-0.22379161,0.0319988
-0.22359161,0.0639975
-0.22339161,0.0639975
-0.22319161,0.0639975
-0.22299161,0.0639975
-0.22279161,0.0639975
-0.22259161,0.0319988
-0.22239161,0.0319988
-0.22219161,0.0319988
-0.22199161,0.0319988
-0.22179161,0.0319988
-0.22159161,0.0639975
-0.22139161,0.0319988
-0.22119161,0
-0.22099161,0
-0.22079161,0
-0.22059161,-0.0319988
-0.22039161,0.0639975
-0.22019161,0.0319988
-0.21999161,0.0639975
-0.21979161,0
-0.21959161,0.0319988
-0.21939161,0
-0.21919161,0
-0.21899161,0
-0.21879161,0
-0.21859161,0
-0.21839161,0.0319988
-0.21819161,0
-0.21799161,0
-0.21779161,0
-0.21759161,0
-0.21739161,0
-0.21719161,0.0319988
-0.21699161,-0.0319988
-0.21679161,0.0319988
-0.21659161,-0.0319988
-0.21639161,-0.0639975
-0.21619161,0
-0.21599161,0
-0.21579161,0
-0.21559161,0
-0.21539161,0.0319988
-0.21519161,-0.0639975
-0.21499161,0
-0.21479161,0
-0.21459161,-0.0319988
-0.21439161,-0.0319988
-0.21419161,0
-0.21399161,-0.0639975
-0.21379161,-0.0319988
-0.21359161,0
-0.21339161,-0.0319988
-0.21319161,0
-0.21299161,-0.0319988
-0.21279161,-0.0639975
-0.21259161,0
-0.21239161,-0.0319988
-0.21219161,-0.0319988
-0.21199161,-0.0639975
-0.21179161,0
-0.21159161,-0.0639975
-0.21139161,-0.0319988
-0.21119161,0
-0.21099161,-0.0639975
-0.21079161,-0.0319988
-0.21059161,-0.0319988
-0.21039161,-0.0319988
-0.21019161,0
-0.20999161,0
-0.20979161,-0.0639975
-0.20959161,0
-0.20939161,-0.0319988
-0.20919161,-0.0959963
-0.20899161,-0.0319988
-0.20879161,-0.0639975
-0.20859161,-0.0639975
-0.20839161,0
-0.20819161,0
-0.20799161,-0.0639975
-0.20779161,-0.0639975
-0.20759161,-0.0319988
-0.20739161,-0.0639975
-0.20719161,-0.0639975
-0.20699161,-0.0319988
-0.20679161,-0.0639975
-0.20659161,-0.0639975
-0.20639161,-0.0639975
-0.20619161,-0.0959963
-0.20599161,-0.0319988
-0.20579161,-0.0319988
-0.20559161,-0.0959963
-0.20539161,-0.0959963
-0.20519161,-0.0639975
-0.20499161,-0.0959963
-0.20479161,-0.0319988
-0.20459161,-0.0639975
-0.20439161,-0.0959963
-0.20419161,-0.0639975
-0.20399161,-0.0639975
-0.20379161,-0.0319988
-0.20359161,-0.0959963
-0.20339161,-0.0639975
-0.20319161,-0.0959963
-0.20299161,-0.0639975
-0.20279161,-0.0959963
-0.20259161,-0.0959963
-0.20239161,-0.127995
-0.20219161,-0.0639975
-0.20199161,-0.0959963
-0.20179161,-0.0959963
-0.20159161,-0.0639975
-0.20139161,-0.0639975
-0.20119161,-0.0639975
-0.20099161,-0.0959963
-0.20079161,-0.0959963
-0.20059161,-0.0639975
-0.20039161,-0.0959963
-0.20019161,-0.0959963
-0.19999161,-0.0959963
-0.19979161,-0.0959963
-0.19959161,-0.127995
-0.19939161,-0.0959963
-0.19919161,-0.0959963
-0.19899161,-0.0959963
-0.19879161,-0.0959963
-0.19859161,-0.127995
-0.19839161,-0.0959963
-0.19819161,-0.0959963
-0.19799161,-0.0959963
-0.19779161,-0.127995
-0.19759161,-0.0959963
-0.19739161,-0.159994
-0.19719161,-0.127995
-0.19699161,-0.127995
-0.19679161,-0.0639975
-0.19659161,-0.0959963
-0.19639161,-0.0959963
-0.19619161,-0.127995
-0.19599161,-0.127995
-0.19579161,-0.0959963
-0.19559161,-0.0959963
-0.19539161,-0.159994
-0.19519161,-0.159994
-0.19499161,-0.0959963
-0.19479161,-0.159994
-0.19459161,-0.159994
-0.19439161,-0.127995
-0.19419161,-0.159994
-0.19399161,-0.0959963
-0.19379161,-0.127995
-0.19359161,-0.159994
-0.19339161,-0.159994
-0.19319161,-0.127995
-0.19299161,-0.127995
-0.19279161,-0.159994
-0.19259161,-0.127995
-0.19239161,-0.127995
-0.19219161,-0.127995
-0.19199161,-0.159994
-0.19179161,-0.159994
-0.19159161,-0.127995
-0.19139161,-0.159994
-0.19119161,-0.159994
-0.19099161,-0.127995
-0.19079161,-0.159994
-0.19059161,-0.159994
-0.19039161,-0.127995
-0.19019161,-0.159994
-0.18999161,-0.159994
-0.18979161,-0.127995
-0.18959161,-0.159994
-0.18939161,-0.191993
-0.18919161,-0.159994
-0.18899161,-0.127995
-0.18879161,-0.159994
-0.18859161,-0.191993
-0.18839161,-0.127995
-0.18819161,-0.159994
-0.18799161,-0.127995
-0.18779161,-0.159994
-0.18759161,-0.127995
-0.18739161,-0.159994
-0.18719161,-0.127995
-0.18699161,-0.159994
-0.18679161,-0.127995
-0.18659161,-0.127995
-0.18639161,-0.127995
-0.18619161,-0.127995
-0.18599161,-0.127995
-0.18579161,-0.191993
-0.18559161,-0.159994
-0.18539161,-0.127995
-0.18519161,-0.159994
-0.18499161,-0.127995
-0.18479161,-0.191993
-0.18459161,-0.159994
-0.18439161,-0.127995
-0.18419161,-0.159994
-0.18399161,-0.191993
-0.18379161,-0.159994
-0.18359161,-0.191993
-0.18339161,-0.127995
-0.18319161,-0.159994
-0.18299161,-0.127995
-0.18279161,-0.127995
-0.18259161,-0.159994
-0.18239161,-0.127995
-0.18219161,-0.159994
-0.18199161,-0.127995
-0.18179161,-0.25599
-0.18159161,-0.191993
-0.18139161,-0.159994
-0.18119161,-0.159994
-0.18099161,-0.159994
-0.18079161,-0.159994
-0.18059161,-0.159994
-0.18039161,-0.191993
-0.18019161,-0.159994
-0.17999161,-0.127995
-0.17979161,-0.191993
-0.17959161,-0.159994
-0.17939161,-0.127995
-0.17919161,-0.191993
-0.17899161,-0.159994
-0.17879161,-0.191993
-0.17859161,-0.191993
-0.17839161,-0.159994
-0.17819161,-0.159994
-0.17799161,-0.159994
-0.17779161,-0.191993
-0.17759161,-0.0959963
-0.17739161,-0.191993
-0.17719161,-0.159994
-0.17699161,-0.159994
-0.17679161,-0.191993
-0.17659161,-0.159994
-0.17639161,-0.159994
-0.17619161,-0.191993
-0.17599161,-0.159994
-0.17579161,-0.127995
-0.17559161,-0.191993
-0.17539161,-0.159994
-0.17519161,-0.127995
-0.17499161,-0.191993
-0.17479161,-0.191993
-0.17459161,-0.159994
-0.17439161,-0.191993
-0.17419161,-0.191993
-0.17399161,-0.127995
-0.17379161,-0.223991
-0.17359161,-0.191993
-0.17339161,-0.191993
-0.17319161,-0.159994
-0.17299161,-0.159994
-0.17279161,-0.127995
-0.17259161,-0.223991
-0.17239161,-0.127995
-0.17219161,-0.191993
-0.17199161,-0.191993
-0.17179161,-0.159994
-0.17159161,-0.191993
-0.17139161,-0.191993
-0.17119161,-0.191993
-0.17099161,-0.159994
-0.17079161,-0.191993
-0.17059161,-0.191993
-0.17039161,-0.191993
-0.17019161,-0.159994
-0.16999161,-0.191993
-0.16979161,-0.191993
-0.16959161,-0.191993
-0.16939161,-0.223991
-0.16919161,-0.223991
-0.16899161,-0.191993
-0.16879161,-0.159994
-0.16859161,-0.159994
-0.16839161,-0.159994
-0.16819161,-0.191993
-0.16799161,-0.191993
-0.16779161,-0.223991
-0.16759161,-0.159994
-0.16739161,-0.159994
-0.16719161,-0.223991
-0.16699161,-0.191993
-0.16679161,-0.159994
-0.16659161,-0.191993
-0.16639161,-0.223991
-0.16619161,-0.159994
-0.16599161,-0.223991
-0.16579161,-0.159994
-0.16559161,-0.127995
-0.16539161,-0.191993
-0.16519161,-0.127995
-0.16499161,-0.191993
-0.16479161,-0.159994
-0.16459161,-0.0959963
-0.16439161,-0.127995
-0.16419161,-0.191993
-0.16399161,-0.159994
-0.16379161,-0.159994
-0.16359161,-0.223991
-0.16339161,-0.159994
-0.16319161,-0.159994
-0.16299161,-0.191993
-0.16279161,-0.127995
-0.16259161,-0.159994
-0.16239161,-0.159994
-0.16219161,-0.159994
-0.16199161,-0.127995
-0.16179161,-0.191993
-0.16159161,-0.159994
-0.16139161,-0.127995
-0.16119161,-0.191993
-0.16099161,-0.127995
-0.16079161,-0.191993
-0.16059161,-0.159994
-0.16039161,-0.159994
-0.16019161,-0.127995
-0.15999161,-0.191993
-0.15979161,-0.159994
-0.15959161,-0.127995
-0.15939161,-0.159994
-0.15919161,-0.159994
-0.15899161,-0.159994
-0.15879161,-0.159994
-0.15859161,-0.191993
-0.15839161,-0.127995
-0.15819161,-0.191993
-0.15799161,-0.159994
-0.15779161,-0.159994
-0.15759161,-0.159994
-0.15739161,-0.127995
-0.15719161,-0.159994
-0.15699161,-0.159994
-0.15679161,-0.159994
-0.15659161,-0.159994
-0.15639161,-0.223991
-0.15619161,-0.159994
-0.15599161,-0.127995
-0.15579161,-0.159994
-0.15559161,-0.159994
-0.15539161,-0.159994
-0.15519161,-0.159994
-0.15499161,-0.191993
-0.15479161,-0.127995
-0.15459161,-0.159994
-0.15439161,-0.127995
-0.15419161,-0.191993
-0.15399161,-0.191993
-0.15379161,-0.127995
-0.15359161,-0.191993
-0.15339161,-0.159994
-0.15319161,-0.127995
-0.15299161,-0.127995
-0.15279161,-0.223991
-0.15259161,-0.159994
-0.15239161,-0.191993
-0.15219161,-0.159994
-0.15199161,-0.159994
-0.15179161,-0.159994
-0.15159161,-0.191993
-0.15139161,-0.159994
-0.15119161,-0.159994
-0.15099161,-0.191993
-0.15079161,-0.159994
-0.15059161,-0.159994
-0.15039161,-0.159994
-0.15019161,-0.159994
-0.14999161,-0.159994
-0.14979161,-0.159994
-0.14959161,-0.159994
-0.14939161,-0.127995
-0.14919161,-0.127995
-0.14899161,-0.191993
-0.14879161,-0.127995
-0.14859161,-0.159994
-0.14839161,-0.127995
-0.14819161,-0.0959963
-0.14799161,-0.191993
-0.14779161,-0.127995
-0.14759161,-0.0639975
-0.14739161,-0.159994
-0.14719161,-0.159994
-0.14699161,-0.191993
-0.14679161,-0.159994
-0.14659161,-0.127995
-0.14639161,-0.159994
-0.14619161,-0.191993
-0.14599161,-0.159994
-0.14579161,-0.159994
-0.14559161,-0.191993
-0.14539161,-0.127995
-0.14519161,-0.127995
-0.14499161,-0.159994
-0.14479161,-0.159994
-0.14459161,-0.127995
-0.14439161,-0.127995
-0.14419161,-0.159994
-0.14399161,-0.0959963
-0.14379161,-0.159994
-0.14359161,-0.159994
-0.14339161,-0.127995
-0.14319161,-0.191993
-0.14299161,-0.127995
-0.14279161,-0.0959963
-0.14259161,-0.127995
-0.14239161,-0.159994
-0.14219161,-0.127995
-0.14199161,-0.127995
-0.14179161,-0.0959963
-0.14159161,-0.159994
-0.14139161,-0.127995
-0.14119161,-0.127995
-0.14099161,-0.127995
-0.14079161,-0.159994
-0.14059161,-0.0959963
-0.14039161,-0.0959963
-0.14019161,-0.127995
-0.13999161,-0.0959963
-0.13979161,-0.0639975
-0.13959161,-0.127995
-0.13939161,-0.127995
-0.13919161,-0.127995
-0.13899161,-0.127995
-0.13879161,-0.159994
-0.13859161,-0.127995
-0.13839161,-0.127995
-0.13819161,-0.127995
-0.13799161,-0.0319988
-0.13779161,-0.159994
-0.13759161,-0.0959963
-0.13739161,-0.0959963
-0.13719161,-0.159994
-0.13699161,-0.127995
-0.13679161,-0.0639975
-0.13659161,-0.0959963
-0.13639161,-0.127995
-0.13619161,-0.0639975
-0.13599161,-0.127995
-0.13579161,-0.127995
-0.13559161,-0.0959963
-0.13539161,-0.127995
-0.13519161,-0.0639975
-0.13499161,-0.127995
-0.13479161,-0.127995
-0.13459161,-0.0959963
-0.13439161,-0.0639975
-0.13419161,-0.0959963
-0.13399161,-0.0959963
-0.13379161,-0.127995
-0.13359161,-0.0959963
-0.13339161,-0.127995
-0.13319161,-0.0639975
-0.13299161,-0.127995
-0.13279161,-0.127995
-0.13259161,-0.0639975
-0.13239161,-0.0959963
-0.13219161,-0.0639975
-0.13199161,-0.0959963
-0.13179161,-0.127995
-0.13159161,-0.0639975
-0.13139161,-0.0959963
-0.13119161,-0.0639975
-0.13099161,-0.0959963
-0.13079161,-0.0959963
-0.13059161,-0.127995
-0.13039161,-0.0639975
-0.13019161,-0.0959963
-0.12999161,-0.0959963
-0.12979161,-0.0639975
-0.12959161,-0.0959963
-0.12939161,-0.0639975
-0.12919161,-0.0639975
-0.12899161,-0.0319988
-0.12879161,-0.0959963
-0.12859161,-0.0959963
-0.12839161,-0.0959963
-0.12819161,-0.0639975
-0.12799161,-0.0959963
-0.12779161,-0.0639975
-0.12759161,-0.0959963
-0.12739161,-0.0959963
-0.12719161,-0.0639975
-0.12699161,-0.0639975
-0.12679161,-0.0639975
-0.12659161,-0.0319988
-0.12639161,-0.0959963
-0.12619161,-0.0959963
-0.12599161,-0.0639975
-0.12579161,-0.0639975
-0.12559161,-0.0959963
-0.12539161,-0.0639975
-0.12519161,-0.0639975
-0.12499161,-0.0639975
-0.12479161,-0.0959963
-0.12459161,-0.0639975
-0.12439161,-0.0639975
-0.12419161,-0.0959963
-0.12399161,-0.0959963
-0.12379161,-0.0639975
-0.12359161,-0.0639975
-0.12339161,-0.0639975
-0.12319161,-0.0639975
-0.12299161,-0.0639975
-0.12279161,-0.0639975
-0.12259161,-0.0639975
-0.12239161,-0.0319988
-0.12219161,-0.0319988
-0.12199161,-0.0959963
-0.12179161,-0.0639975
-0.12159161,-0.0639975
-0.12139161,-0.0959963
-0.12119161,-0.0639975
-0.12099161,-0.0319988
-0.12079161,-0.0319988
-0.12059161,-0.0639975
-0.12039161,-0.0639975
-0.12019161,-0.0639975
-0.11999161,-0.0319988
-0.11979161,-0.0959963
-0.11959161,-0.0319988
-0.11939161,-0.0319988
-0.11919161,-0.0639975
-0.11899161,-0.0639975
-0.11879161,-0.0639975
-0.11859161,-0.0959963
-0.11839161,-0.0639975
-0.11819161,-0.0639975
-0.11799161,-0.0639975
-0.11779161,-0.0639975
-0.11759161,-0.0639975
-0.11739161,-0.0639975
-0.11719161,-0.0319988
-0.11699161,-0.0319988
-0.11679161,-0.0639975
-0.11659161,-0.0639975
-0.11639161,-0.0319988
-0.11619161,-0.0639975
-0.11599161,-0.0639975
-0.11579161,-0.0319988
-0.11559161,-0.0319988
-0.11539161,-0.0319988
-0.11519161,-0.0639975
-0.11499161,-0.0639975
-0.11479161,0
-0.11459161,-0.0319988
-0.11439161,-0.0639975
-0.11419161,0
-0.11399161,-0.0319988
-0.11379161,-0.0319988
-0.11359161,-0.0319988
-0.11339161,0
-0.11319161,-0.0319988
-0.11299161,0
-0.11279161,0.0319988
-0.11259161,-0.0319988
-0.11239161,0
-0.11219161,-0.0319988
-0.11199161,-0.0639975
-0.11179161,0.0319988
-0.11159161,0.0319988
-0.11139161,-0.0319988
-0.11119161,0
-0.11099161,0.0319988
-0.11079161,-0.0319988
-0.11059161,0
-0.11039161,0.0319988
-0.11019161,-0.0319988
-0.10999161,0.0319988
-0.10979161,0
-0.10959161,-0.0319988
-0.10939161,-0.0319988
-0.10919161,0.0319988
-0.10899161,0
-0.10879161,0
-0.10859161,0
-0.10839161,0.0319988
-0.10819161,0
-0.10799161,0
-0.10779161,-0.0319988
-0.10759161,-0.0319988
-0.10739161,0
-0.10719161,0
-0.10699161,0
-0.10679161,0.0319988
-0.10659161,0
-0.10639161,-0.0319988
-0.10619161,0.0319988
-0.10599161,-0.0319988
-0.10579161,0.0639975
-0.10559161,0
-0.10539161,0
-0.10519161,0.0319988
-0.10499161,0.0639975
-0.10479161,0
-0.10459161,0
-0.10439161,0.0319988
-0.10419161,0.0319988
-0.10399161,0.0639975
-0.10379161,0.0959963
-0.10359161,0.0639975
-0.10339161,0.0319988
-0.10319161,0.0319988
-0.10299161,0.0639975
-0.10279161,0.0639975
-0.10259161,0.0639975
-0.10239161,0.0319988
-0.10219161,0.0319988
-0.10199161,0.0639975
-0.10179161,0.0639975
-0.10159161,0.0639975
-0.10139161,0.0319988
-0.10119161,0.0639975
-0.10099161,0.0639975
-0.10079161,0.0639975
-0.10059161,0.0319988
-0.10039161,0.0639975
-0.10019161,0.127995
-0.099991609,0.0959963
-0.099791609,0.0959963
-0.099591609,0.0959963
-0.099391609,0.0959963
-0.099191609,0.0639975
-0.098991609,0.0959963
-0.098791609,0.0639975
-0.098591609,0.0639975
-0.098391609,0.0959963
-0.098191609,0.0959963
-0.097991609,0.0959963
-0.097791609,0.0639975
-0.097591609,0.0959963
-0.097391609,0.159994
-0.097191609,0.0639975
-0.096991609,0.0959963
-0.096791609,0.0959963
-0.096591609,0.127995
-0.096391609,0.0959963
-0.096191609,0.0959963
-0.095991609,0.0959963
-0.095791609,0.127995
-0.095591609,0.0959963
-0.095391609,0.0959963
-0.095191609,0.0959963
-0.094991609,0.127995
-0.094791609,0.0959963
-0.094591609,0.0639975
-0.094391609,0.127995
-0.094191609,0.0959963
-0.093991609,0.159994
-0.093791609,0.0959963
-0.093591609,0.127995
-0.093391609,0.127995
-0.093191609,0.0959963
-0.092991609,0.0959963
-0.092791609,0.127995
-0.092591609,0.127995
-0.092391609,0.159994
-0.092191609,0.159994
-0.091991609,0.159994
-0.091791609,0.127995
-0.091591609,0.159994
-0.091391609,0.127995
-0.091191609,0.127995
-0.090991609,0.191993
-0.090791609,0.191993
-0.090591609,0.127995
-0.090391609,0.127995
-0.090191609,0.127995
-0.089991609,0.127995
-0.089791609,0.191993
-0.089591609,0.159994
-0.089391609,0.159994
-0.089191609,0.127995
-0.088991609,0.159994
-0.088791609,0.159994
-0.088591609,0.191993
-0.088391609,0.191993
-0.088191609,0.191993
-0.087991609,0.191993
-0.087791609,0.159994
-0.087591609,0.159994
-0.087391609,0.191993
-0.087191609,0.191993
-0.086991609,0.159994
-0.086791609,0.191993
-0.086591609,0.223991
-0.086391609,0.159994
-0.086191609,0.191993
-0.085991609,0.223991
-0.085791609,0.159994
-0.085591609,0.191993
-0.085391609,0.191993
-0.085191609,0.159994
-0.084991609,0.223991
-0.084791609,0.127995
-0.084591609,0.191993
-0.084391609,0.223991
-0.084191609,0.223991
-0.083991609,0.223991
-0.083791609,0.223991
-0.083591609,0.223991
-0.083391609,0.223991
-0.083191609,0.191993
-0.082991609,0.25599
-0.082791609,0.223991
-0.082591609,0.223991
-0.082391609,0.25599
-0.082191609,0.191993
-0.081991609,0.191993
-0.081791609,0.25599
-0.081591609,0.223991
-0.081391609,0.191993
-0.081191609,0.191993
-0.080991609,0.191993
-0.080791609,0.223991
-0.080591609,0.223991
-0.080391609,0.191993
-0.080191609,0.223991
-0.079991609,0.223991
-0.079791609,0.191993
-0.079591609,0.191993
-0.079391609,0.223991
-0.079191609,0.191993
-0.078991609,0.191993
-0.078791609,0.223991
-0.078591609,0.25599
-0.078391609,0.223991
-0.078191609,0.25599
-0.077991609,0.223991
-0.077791609,0.191993
-0.077591609,0.223991
-0.077391609,0.223991
-0.077191609,0.25599
-0.076991609,0.223991
-0.076791609,0.223991
-0.076591609,0.223991
-0.076391609,0.223991
-0.076191609,0.223991
-0.075991609,0.191993
-0.075791609,0.223991
-0.075591609,0.223991
-0.075391609,0.223991
-0.075191609,0.223991
-0.074991609,0.223991
-0.074791609,0.223991
-0.074591609,0.25599
-0.074391609,0.223991
-0.074191609,0.25599
-0.073991609,0.223991
-0.073791609,0.223991
-0.073591609,0.191993
-0.073391609,0.223991
-0.073191609,0.25599
-0.072991609,0.191993
-0.072791609,0.223991
-0.072591609,0.223991
-0.072391609,0.25599
-0.072191609,0.191993
-0.071991609,0.223991
-0.071791609,0.25599
-0.071591609,0.223991
-0.071391609,0.223991
-0.071191609,0.223991
-0.070991609,0.223991
-0.070791609,0.223991
-0.070591609,0.159994
-0.070391609,0.223991
-0.070191609,0.223991
-0.069991609,0.25599
-0.069791609,0.223991
-0.069591609,0.223991
-0.069391609,0.223991
-0.069191609,0.25599
-0.068991609,0.191993
-0.068791609,0.25599
-0.068591609,0.159994
-0.068391609,0.191993
-0.068191609,0.223991
-0.067991609,0.25599
-0.067791609,0.191993
-0.067591609,0.191993
-0.067391609,0.223991
-0.067191609,0.159994
-0.066991609,0.191993
-0.066791609,0.159994
-0.066591609,0.191993
-0.066391609,0.25599
-0.066191609,0.191993
-0.065991609,0.191993
-0.065791609,0.159994
-0.065591609,0.159994
-0.065391609,0.191993
-0.065191609,0.191993
-0.064991609,0.159994
-0.064791609,0.159994
-0.064591609,0.191993
-0.064391609,0.25599
-0.064191609,0.191993
-0.063991609,0.191993
-0.063791609,0.223991
-0.063591609,0.159994
-0.063391609,0.191993
-0.063191609,0.191993
-0.062991609,0.159994
-0.062791609,0.159994
-0.062591609,0.191993
-0.062391609,0.223991
-0.062191609,0.191993
-0.061991609,0.223991
-0.061791609,0.191993
-0.061591609,0.127995
-0.061391609,0.223991
-0.061191609,0.191993
-0.060991609,0.191993
-0.060791609,0.191993
-0.060591609,0.159994
-0.060391609,0.191993
-0.060191609,0.223991
-0.059991609,0.191993
-0.059791609,0.159994
-0.059591609,0.191993
-0.059391609,0.191993
-0.059191609,0.191993
-0.058991609,0.191993
-0.058791609,0.191993
-0.058591609,0.191993
-0.058391609,0.223991
-0.058191609,0.191993
-0.057991609,0.191993
-0.057791609,0.191993
-0.057591609,0.159994
-0.057391609,0.127995
-0.057191609,0.25599
-0.056991609,0.191993
-0.056791609,0.191993
-0.056591609,0.25599
-0.056391609,0.191993
-0.056191609,0.191993
-0.055991609,0.191993
-0.055791609,0.191993
-0.055591609,0.159994
-0.055391609,0.191993
-0.055191609,0.191993
-0.054991609,0.191993
-0.054791609,0.191993
-0.054591609,0.159994
-0.054391609,0.159994
-0.054191609,0.191993
-0.053991609,0.159994
-0.053791609,0.191993
-0.053591609,0.223991
-0.053391609,0.191993
-0.053191609,0.191993
-0.052991609,0.191993
-0.052791609,0.159994
-0.052591609,0.191993
-0.052391609,0.191993
-0.052191609,0.159994
-0.051991609,0.159994
-0.051791609,0.191993
-0.051591609,0.191993
-0.051391609,0.191993
-0.051191609,0.159994
-0.050991609,0.127995
-0.050791609,0.223991
-0.050591609,0.191993
-0.050391609,0.159994
-0.050191609,0.191993
-0.049991609,0.223991
-0.049791609,0.191993
-0.049591609,0.191993
-0.049391609,0.191993
-0.049191609,0.191993
-0.048991609,0.191993
-0.048791609,0.191993
-0.048591609,0.159994
-0.048391609,0.159994
-0.048191609,0.159994
-0.047991609,0.159994
-0.047791609,0.191993
-0.047591609,0.159994
-0.047391609,0.127995
-0.047191609,0.159994
-0.046991609,0.191993
-0.046791609,0.159994
-0.046591609,0.159994
-0.046391609,0.191993
-0.046191609,0.159994
-0.045991609,0.159994
-0.045791609,0.159994
-0.045591609,0.127995
-0.045391609,0.191993
-0.045191609,0.223991
-0.044991609,0.159994
-0.044791609,0.159994
-0.044591609,0.127995
-0.044391609,0.127995
-0.044191609,0.159994
-0.043991609,0.159994
-0.043791609,0.223991
-0.043591609,0.159994
-0.043391609,0.159994
-0.043191609,0.127995
-0.042991609,0.191993
-0.042791609,0.159994
-0.042591609,0.159994
-0.042391609,0.0639975
-0.042191609,0.191993
-0.041991609,0.159994
-0.041791609,0.159994
-0.041591609,0.159994
-0.041391609,0.159994
-0.041191609,0.159994
-0.040991609,0.159994
-0.040791609,0.127995
-0.040591609,0.191993
-0.040391609,0.159994
-0.040191609,0.127995
-0.039991609,0.159994
-0.039791609,0.159994
-0.039591609,0.159994
-0.039391609,0.191993
-0.039191609,0.159994
-0.038991609,0.223991
-0.038791609,0.159994
-0.038591609,0.127995
-0.038391609,0.127995
-0.038191609,0.159994
-0.037991609,0.159994
-0.037791609,0.159994
-0.037591609,0.127995
-0.037391609,0.159994
-0.037191609,0.191993
-0.036991609,0.191993
-0.036791609,0.191993
-0.036591609,0.159994
-0.036391609,0.223991
-0.036191609,0.159994
-0.035991609,0.159994
-0.035791609,0.127995
-0.035591609,0.191993
-0.035391609,0.159994
-0.035191609,0.159994
-0.034991609,0.191993
-0.034791609,0.0959963
-0.034591609,0.191993
-0.034391609,0.191993
-0.034191609,0.159994
-0.033991609,0.159994
-0.033791609,0.191993
-0.033591609,0.159994
-0.033391609,0.159994
-0.033191609,0.191993
-0.032991609,0.127995
-0.032791609,0.159994
-0.032591609,0.159994
-0.032391609,0.159994
-0.032191609,0.159994
-0.031991609,0.159994
-0.031791609,0.127995
-0.031591609,0.159994
-0.031391609,0.127995
-0.031191609,0.127995
-0.030991609,0.159994
-0.030791609,0.159994
-0.030591609,0.127995
-0.030391609,0.127995
-0.030191609,0.159994
-0.029991609,0.159994
-0.029791609,0.127995
-0.029591609,0.159994
-0.029391609,0.159994
-0.029191609,0.127995
-0.028991609,0.191993
-0.028791609,0.127995
-0.028591609,0.159994
-0.028391609,0.191993
-0.028191609,0.127995
-0.027991609,0.159994
-0.027791609,0.159994
-0.027591609,0.159994
-0.027391609,0.191993
-0.027191609,0.191993
-0.026991609,0.127995
-0.026791609,0.159994
-0.026591609,0.159994
-0.026391609,0.127995
-0.026191609,0.191993
-0.025991609,0.159994
-0.025791609,0.127995
-0.025591609,0.159994
-0.025391609,0.159994
-0.025191609,0.159994
-0.024991609,0.159994
-0.024791609,0.159994
-0.024591609,0.159994
-0.024391609,0.191993
-0.024191609,0.159994
-0.023991609,0.159994
-0.023791609,0.0959963
-0.023591609,0.159994
-0.023391609,0.159994
-0.023191609,0.127995
-0.022991609,0.191993
-0.022791609,0.159994
-0.022591609,0.159994
-0.022391609,0.159994
-0.022191609,0.127995
-0.021991609,0.159994
-0.021791609,0.159994
-0.021591609,0.159994
-0.021391609,0.191993
-0.021191609,0.159994
-0.020991609,0.159994
-0.020791609,0.159994
-0.020591609,0.191993
-0.020391609,0.127995
-0.020191609,0.191993
-0.019991609,0.159994
-0.019791609,0.127995
-0.019591609,0.191993
-0.019391609,0.191993
-0.019191609,0.0959963
-0.018991609,0.127995
-0.018791609,0.159994
-0.018591609,0.159994
-0.018391609,0.127995
-0.018191609,0.191993
-0.017991609,0.127995
-0.017791609,0.159994
-0.017591609,0.127995
-0.017391609,0.127995
-0.017191609,0.127995
-0.016991609,0.127995
-0.016791609,0.0959963
-0.016591609,0.159994
-0.016391609,0.127995
-0.016191609,0.159994
-0.015991609,0.159994
-0.015791609,0.127995
-0.015591609,0.127995
-0.015391609,0.159994
-0.015191609,0.159994
-0.014991609,0.191993
-0.014791609,0.159994
-0.014591609,0.127995
-0.014391609,0.159994
-0.014191609,0.127995
-0.013991609,0.159994
-0.013791609,0.159994
-0.013591609,0.127995
-0.013391609,0.127995
-0.013191609,0.0959963
-0.012991609,0.0959963
-0.012791609,0.159994
-0.012591609,0.0959963
-0.012391609,0.159994
-0.012191609,0.159994
-0.011991609,0.127995
-0.011791609,0.159994
-0.011591609,0.127995
-0.011391609,0.127995
-0.011191609,0.127995
-0.010991609,0.159994
-0.010791609,0.127995
-0.010591609,0.159994
-0.010391609,0.159994
-0.010191609,0.127995
-0.0099916085,0.127995
-0.0097916085,0.191993
-0.0095916085,0.127995
-0.0093916085,0.127995
-0.0091916085,0.191993
-0.0089916085,0.159994
-0.0087916085,0.127995
-0.0085916085,0.159994
-0.0083916085,0.127995
-0.0081916085,0.0959963
-0.0079916085,0.127995
-0.0077916085,0.127995
-0.0075916085,0.159994
-0.0073916085,0.127995
-0.0071916085,0.0959963
-0.0069916085,0.0959963
-0.0067916085,0.159994
-0.0065916085,0.127995
-0.0063916085,0.127995
-0.0061916085,0.127995
-0.0059916085,0.0959963
-0.0057916085,0.0959963
-0.0055916085,0.127995
-0.0053916085,0.0959963
-0.0051916085,0.0959963
-0.0049916085,0.159994
-0.0047916085,0.159994
-0.0045916085,0.0959963
-0.0043916085,0.127995
-0.0041916085,0.127995
-0.0039916085,0.0959963
-0.0037916085,0.0639975
-0.0035916085,0.0959963
-0.0033916085,0.0959963
-0.0031916085,0.127995
-0.0029916085,0.127995
-0.0027916085,0.0639975
-0.0025916085,0.159994
-0.0023916085,0.0959963
-0.0021916085,0.127995
-0.0019916085,0.127995
-0.0017916085,0.0959963
-0.0015916085,0.0639975
-0.0013916085,0.127995
-0.0011916085,0.0639975
-0.00099160854,0.127995
-0.00079160854,0.127995
-0.00059160854,0.127995
-0.00039160854,0.0959963
-0.00019160854,0.0959963
8.3914622e-006,0.0959963
