LECROYWS42Xs,24809,Waveform
Segments,1,SegmentSize,10002
Segment,TrigTime,TimeSinceSegment1
#1,19-Feb-2003 06:29:30,0                 
Time,Ampl
-2.0000209,0.0639975
-1.9998209,0.0639975
-1.9996209,0.0639975
-1.9994209,0.0959963
-1.9992209,0.0959963
-1.9990209,0.0959963
-1.9988209,0.0959963
-1.9986209,0.0959963
-1.9984209,0.0639975
-1.9982209,0.0639975
-1.9980209,0.127995
-1.9978209,0.0959963
-1.9976209,0.0959963
-1.9974209,0.0959963
-1.9972209,0.0959963
-1.9970209,0.0639975
-1.9968209,0.0959963
-1.9966209,0.0959963
-1.9964209,0.0639975
-1.9962209,0.0639975
-1.9960209,0.0639975
-1.9958209,0.0639975
-1.9956209,0.0959963
-1.9954209,0.0959963
-1.9952209,0.0319988
-1.9950209,0.0639975
-1.9948209,0.0959963
-1.9946209,0.0319988
-1.9944209,0.0639975
-1.9942209,0.0639975
-1.9940209,0.0319988
-1.9938209,0.0959963
-1.9936209,0.0639975
-1.9934209,0.0639975
-1.9932209,0.0639975
-1.9930209,0.0639975
-1.9928209,0.0959963
-1.9926209,0.0639975
-1.9924209,0.0319988
-1.9922209,0.0319988
-1.9920209,0.0639975
-1.9918209,0.0639975
-1.9916209,0.0639975
-1.9914209,0.0959963
-1.9912209,0.0319988
-1.9910209,0.0639975
-1.9908209,0.0319988
-1.9906209,0.0959963
-1.9904209,0.0319988
-1.9902209,0.0319988
-1.9900209,0.0319988
-1.9898209,0.0319988
-1.9896209,0.0639975
-1.9894209,0.0319988
-1.9892209,0.0319988
-1.9890209,0.0639975
-1.9888209,0.0319988
-1.9886209,0.0319988
-1.9884209,0.0319988
-1.9882209,0.0319988
-1.9880209,0.0319988
-1.9878209,0.0319988
-1.9876209,0.0639975
-1.9874209,0.0319988
-1.9872209,0.0319988
-1.9870209,0.0319988
-1.9868209,0.0319988
-1.9866209,0.0639975
-1.9864209,0.0319988
-1.9862209,0.0639975
-1.9860209,0.0639975
-1.9858209,0.0319988
-1.9856209,0.0319988
-1.9854209,0.0319988
-1.9852209,0.0639975
-1.9850209,0.0319988
-1.9848209,0.0959963
-1.9846209,0.0319988
-1.9844209,0.0319988
-1.9842209,0
-1.9840209,0.0319988
-1.9838209,0.0319988
-1.9836209,0.0319988
-1.9834209,0.0319988
-1.9832209,0.0319988
-1.9830209,0.0319988
-1.9828209,0.0319988
-1.9826209,0.0319988
-1.9824209,0.0639975
-1.9822209,0
-1.9820209,-0.0319988
-1.9818209,0.0639975
-1.9816209,0.0319988
-1.9814209,0.0319988
-1.9812209,0
-1.9810209,0.0639975
-1.9808209,0.0319988
-1.9806209,0.0319988
-1.9804209,0.0639975
-1.9802209,0.0319988
-1.9800209,0.0319988
-1.9798209,0.0319988
-1.9796209,0
-1.9794209,0.0319988
-1.9792209,0
-1.9790209,0.0319988
-1.9788209,0.0639975
-1.9786209,0.0639975
-1.9784209,-0.0319988
-1.9782209,0.0319988
-1.9780209,0.0319988
-1.9778209,0
-1.9776209,0
-1.9774209,0.0319988
-1.9772209,0
-1.9770209,0.0319988
-1.9768209,0.0319988
-1.9766209,0.0319988
-1.9764209,0.0319988
-1.9762209,0.0319988
-1.9760209,0
-1.9758209,0.0319988
-1.9756209,0.0319988
-1.9754209,0
-1.9752209,0
-1.9750209,0
-1.9748209,0
-1.9746209,-0.0319988
-1.9744209,0.0319988
-1.9742209,0
-1.9740209,0
-1.9738209,0.0319988
-1.9736209,0
-1.9734209,0.0319988
-1.9732209,0.0639975
-1.9730209,-0.0319988
-1.9728209,0
-1.9726209,0
-1.9724209,0
-1.9722209,0
-1.9720209,0
-1.9718209,0
-1.9716209,0.0319988
-1.9714209,0
-1.9712209,0.0319988
-1.9710209,0.0319988
-1.9708209,0
-1.9706209,-0.0319988
-1.9704209,0.0319988
-1.9702209,0
-1.9700209,-0.0319988
-1.9698209,0
-1.9696209,0.0319988
-1.9694209,0
-1.9692209,0.0319988
-1.9690209,0.0319988
-1.9688209,0
-1.9686209,0.0319988
-1.9684209,0.0639975
-1.9682209,0.0319988
-1.9680209,-0.0319988
-1.9678209,0.0319988
-1.9676209,0.0319988
-1.9674209,0.0319988
-1.9672209,0.0319988
-1.9670209,0.0319988
-1.9668209,0.0319988
-1.9666209,-0.0319988
-1.9664209,0
-1.9662209,0.0639975
-1.9660209,0.0639975
-1.9658209,0
-1.9656209,0.0319988
-1.9654209,0.0319988
-1.9652209,0.0319988
-1.9650209,0.0319988
-1.9648209,0
-1.9646209,-0.0639975
-1.9644209,-0.0319988
-1.9642209,0
-1.9640209,-0.0319988
-1.9638209,0
-1.9636209,0.0639975
-1.9634209,0.0639975
-1.9632209,0.0639975
-1.9630209,0
-1.9628209,-0.0319988
-1.9626209,0.0319988
-1.9624209,0.0319988
-1.9622209,0
-1.9620209,0.0319988
-1.9618209,0.0319988
-1.9616209,0.0319988
-1.9614209,0.0319988
-1.9612209,0.0319988
-1.9610209,0.0319988
-1.9608209,0.0639975
-1.9606209,0.0639975
-1.9604209,0
-1.9602209,0
-1.9600209,0.0639975
-1.9598209,0.0639975
-1.9596209,0
-1.9594209,0.0639975
-1.9592209,0.0319988
-1.9590209,0.0319988
-1.9588209,0.0959963
-1.9586209,0.0319988
-1.9584209,0.0639975
-1.9582209,0.0319988
-1.9580209,0.0959963
-1.9578209,0.0319988
-1.9576209,0.0639975
-1.9574209,0.0319988
-1.9572209,0.0639975
-1.9570209,0.0639975
-1.9568209,0.0319988
-1.9566209,0.0639975
-1.9564209,0.0959963
-1.9562209,0.0319988
-1.9560209,0.0319988
-1.9558209,0.0319988
-1.9556209,0.0639975
-1.9554209,0.0639975
-1.9552209,0.0639975
-1.9550209,0.0639975
-1.9548209,0.0639975
-1.9546209,0.0319988
-1.9544209,0.0319988
-1.9542209,0.0319988
-1.9540209,0.0639975
-1.9538209,0.0319988
-1.9536209,0.0959963
-1.9534209,0.0639975
-1.9532209,0.0639975
-1.9530209,0.0319988
-1.9528209,0.0319988
-1.9526209,0.0639975
-1.9524209,0.0639975
-1.9522209,0.0639975
-1.9520209,0.0319988
-1.9518209,0.0959963
-1.9516209,0.0639975
-1.9514209,0.0319988
-1.9512209,0.0639975
-1.9510209,0.0959963
-1.9508209,0.0319988
-1.9506209,0.0639975
-1.9504209,0.0639975
-1.9502209,0.0319988
-1.9500209,0.0959963
-1.9498209,0.0639975
-1.9496209,0.0639975
-1.9494209,0.0959963
-1.9492209,0.0639975
-1.9490209,0.0639975
-1.9488209,0.0639975
-1.9486209,0.0959963
-1.9484209,0.0319988
-1.9482209,0.0959963
-1.9480209,0.0959963
-1.9478209,0.0639975
-1.9476209,0.127995
-1.9474209,0.0639975
-1.9472209,0.0639975
-1.9470209,0.0959963
-1.9468209,0.0959963
-1.9466209,0.127995
-1.9464209,0.0959963
-1.9462209,0.0959963
-1.9460209,0.0959963
-1.9458209,0.0959963
-1.9456209,0.0959963
-1.9454209,0.0959963
-1.9452209,0.0959963
-1.9450209,0.0959963
-1.9448209,0.0959963
-1.9446209,0.0959963
-1.9444209,0.0959963
-1.9442209,0.0639975
-1.9440209,0.127995
-1.9438209,0.0959963
-1.9436209,0.0959963
-1.9434209,0.127995
-1.9432209,0.127995
-1.9430209,0.0639975
-1.9428209,0.0959963
-1.9426209,0.0959963
-1.9424209,0.127995
-1.9422209,0.0959963
-1.9420209,0.0959963
-1.9418209,0.0959963
-1.9416209,0.127995
-1.9414209,0.0959963
-1.9412209,0.127995
-1.9410209,0.127995
-1.9408209,0.127995
-1.9406209,0.0959963
-1.9404209,0.0959963
-1.9402209,0.0959963
-1.9400209,0.0639975
-1.9398209,0.127995
-1.9396209,0.0959963
-1.9394209,0.127995
-1.9392209,0.0959963
-1.9390209,0.0959963
-1.9388209,0.0959963
-1.9386209,0.0639975
-1.9384209,0.0639975
-1.9382209,0.0959963
-1.9380209,0.0959963
-1.9378209,0.0959963
-1.9376209,0.127995
-1.9374209,0.0639975
-1.9372209,0.0959963
-1.9370209,0.127995
-1.9368209,0.0959963
-1.9366209,0.0959963
-1.9364209,0.127995
-1.9362209,0.127995
-1.9360209,0.0959963
-1.9358209,0.127995
-1.9356209,0.0959963
-1.9354209,0.127995
-1.9352209,0.0959963
-1.9350209,0.127995
-1.9348209,0.127995
-1.9346209,0.0959963
-1.9344209,0.191993
-1.9342209,0.0959963
-1.9340209,0.0959963
-1.9338209,0.127995
-1.9336209,0.127995
-1.9334209,0.127995
-1.9332209,0.159994
-1.9330209,0.0959963
-1.9328209,0.127995
-1.9326209,0.127995
-1.9324209,0.0959963
-1.9322209,0.127995
-1.9320209,0.127995
-1.9318209,0.127995
-1.9316209,0.0959963
-1.9314209,0.0959963
-1.9312209,0.0959963
-1.9310209,0.0959963
-1.9308209,0.127995
-1.9306209,0.0959963
-1.9304209,0.0959963
-1.9302209,0.0959963
-1.9300209,0.127995
-1.9298209,0.127995
-1.9296209,0.0959963
-1.9294209,0.0959963
-1.9292209,0.0959963
-1.9290209,0.0959963
-1.9288209,0.127995
-1.9286209,0.0959963
-1.9284209,0.0959963
-1.9282209,0.0959963
-1.9280209,0.159994
-1.9278209,0.0959963
-1.9276209,0.0959963
-1.9274209,0.0639975
-1.9272209,0.127995
-1.9270209,0.127995
-1.9268209,0.0959963
-1.9266209,0.127995
-1.9264209,0.0639975
-1.9262209,0.0639975
-1.9260209,0.127995
-1.9258209,0.0639975
-1.9256209,0.0639975
-1.9254209,0.0639975
-1.9252209,0.0639975
-1.9250209,0.0959963
-1.9248209,0.127995
-1.9246209,0.0639975
-1.9244209,0.0959963
-1.9242209,0.0959963
-1.9240209,0.0959963
-1.9238209,0.0639975
-1.9236209,0.0639975
-1.9234209,0.0959963
-1.9232209,0.0639975
-1.9230209,0.0959963
-1.9228209,0.0959963
-1.9226209,0.0959963
-1.9224209,0.0959963
-1.9222209,0.0959963
-1.9220209,0.0959963
-1.9218209,0.127995
-1.9216209,0.127995
-1.9214209,0.0639975
-1.9212209,0.0959963
-1.9210209,0.0639975
-1.9208209,0.0959963
-1.9206209,0.127995
-1.9204209,0.0639975
-1.9202209,0.0959963
-1.9200209,0.0959963
-1.9198209,0.0959963
-1.9196209,0.127995
-1.9194209,0.0959963
-1.9192209,0.127995
-1.9190209,0.0959963
-1.9188209,0.127995
-1.9186209,0.0959963
-1.9184209,0.127995
-1.9182209,0.0959963
-1.9180209,0.0959963
-1.9178209,0.0959963
-1.9176209,0.0959963
-1.9174209,0.127995
-1.9172209,0.0959963
-1.9170209,0.0959963
-1.9168209,0.127995
-1.9166209,0.0959963
-1.9164209,0.0959963
-1.9162209,0.127995
-1.9160209,0.127995
-1.9158209,0.0959963
-1.9156209,0.0639975
-1.9154209,0.127995
-1.9152209,0.127995
-1.9150209,0.0959963
-1.9148209,0.0319988
-1.9146209,0.0959963
-1.9144209,0.0639975
-1.9142209,0.0639975
-1.9140209,0.0959963
-1.9138209,0.0959963
-1.9136209,0.0639975
-1.9134209,0.0959963
-1.9132209,0.0639975
-1.9130209,0.0959963
-1.9128209,0.0959963
-1.9126209,0.0639975
-1.9124209,0.0639975
-1.9122209,0.0639975
-1.9120209,0.0639975
-1.9118209,0.0639975
-1.9116209,0.0959963
-1.9114209,0.0959963
-1.9112209,0.0639975
-1.9110209,0.0959963
-1.9108209,0.0639975
-1.9106209,0.0319988
-1.9104209,0.0959963
-1.9102209,0.0639975
-1.9100209,0.0639975
-1.9098209,0.0959963
-1.9096209,0.127995
-1.9094209,0.0639975
-1.9092209,0.0959963
-1.9090209,0.0959963
-1.9088209,0.0959963
-1.9086209,0.0639975
-1.9084209,0.0639975
-1.9082209,0.0959963
-1.9080209,0.0959963
-1.9078209,0.0959963
-1.9076209,0.0639975
-1.9074209,0.0959963
-1.9072209,0.0959963
-1.9070209,0.0959963
-1.9068209,0.0639975
-1.9066209,0.0639975
-1.9064209,0.0959963
-1.9062209,0.127995
-1.9060209,0.0639975
-1.9058209,0.0639975
-1.9056209,0.0639975
-1.9054209,0.0959963
-1.9052209,0.0319988
-1.9050209,0.0959963
-1.9048209,0.0959963
-1.9046209,0.127995
-1.9044209,0.0959963
-1.9042209,0.0959963
-1.9040209,0.127995
-1.9038209,0.0639975
-1.9036209,0.0639975
-1.9034209,0.0319988
-1.9032209,0
-1.9030209,0.0639975
-1.9028209,0.0639975
-1.9026209,0.0959963
-1.9024209,0.0639975
-1.9022209,0.0639975
-1.9020209,0.0319988
-1.9018209,0.0319988
-1.9016209,0
-1.9014209,0.0639975
-1.9012209,0.0639975
-1.9010209,0
-1.9008209,0.0639975
-1.9006209,0.0639975
-1.9004209,0.0319988
-1.9002209,0.0639975
-1.9000209,0.0319988
-1.8998209,0
-1.8996209,0.0639975
-1.8994209,0.0639975
-1.8992209,0
-1.8990209,0.0959963
-1.8988209,0.0319988
-1.8986209,0.0319988
-1.8984209,0.0639975
-1.8982209,0.0319988
-1.8980209,0.0319988
-1.8978209,0.0319988
-1.8976209,0.0639975
-1.8974209,0.0639975
-1.8972209,0.0959963
-1.8970209,0
-1.8968209,0
-1.8966209,0.0319988
-1.8964209,0.0639975
-1.8962209,0.0319988
-1.8960209,0.0639975
-1.8958209,0.0639975
-1.8956209,0
-1.8954209,0.0319988
-1.8952209,0.0319988
-1.8950209,0
-1.8948209,0.0639975
-1.8946209,0.0639975
-1.8944209,0.0639975
-1.8942209,0.0639975
-1.8940209,0.0639975
-1.8938209,0.0639975
-1.8936209,0.0639975
-1.8934209,0.0639975
-1.8932209,0.0319988
-1.8930209,0.0639975
-1.8928209,0.0639975
-1.8926209,0.0319988
-1.8924209,0.0639975
-1.8922209,0.0639975
-1.8920209,0.0319988
-1.8918209,0.0319988
-1.8916209,0.0319988
-1.8914209,0
-1.8912209,0.0639975
-1.8910209,0.0639975
-1.8908209,0.0319988
-1.8906209,0.0639975
-1.8904209,0.0639975
-1.8902209,0
-1.8900209,0.0319988
-1.8898209,0
-1.8896209,0
-1.8894209,0
-1.8892209,0.0639975
-1.8890209,0
-1.8888209,0.0319988
-1.8886209,0
-1.8884209,0
-1.8882209,0
-1.8880209,0.0319988
-1.8878209,-0.0319988
-1.8876209,0.0319988
-1.8874209,0.0319988
-1.8872209,0.0639975
-1.8870209,0.0639975
-1.8868209,-0.0319988
-1.8866209,0
-1.8864209,0.0319988
-1.8862209,0.0639975
-1.8860209,0.0319988
-1.8858209,0.0319988
-1.8856209,0
-1.8854209,0
-1.8852209,0
-1.8850209,0.0319988
-1.8848209,0
-1.8846209,0
-1.8844209,0.0319988
-1.8842209,0
-1.8840209,-0.0319988
-1.8838209,0
-1.8836209,0.0319988
-1.8834209,0.0319988
-1.8832209,0
-1.8830209,0
-1.8828209,0
-1.8826209,0
-1.8824209,0.0319988
-1.8822209,0
-1.8820209,0.0319988
-1.8818209,0.0319988
-1.8816209,-0.0319988
-1.8814209,0.0319988
-1.8812209,-0.0639975
-1.8810209,0
-1.8808209,0.0319988
-1.8806209,-0.0319988
-1.8804209,0
-1.8802209,0
-1.8800209,0
-1.8798209,0
-1.8796209,0
-1.8794209,-0.0319988
-1.8792209,-0.0319988
-1.8790209,-0.0319988
-1.8788209,-0.0639975
-1.8786209,0
-1.8784209,0
-1.8782209,-0.0319988
-1.8780209,-0.0639975
-1.8778209,0.0319988
-1.8776209,-0.0639975
-1.8774209,-0.0639975
-1.8772209,0
-1.8770209,0
-1.8768209,-0.0639975
-1.8766209,-0.0319988
-1.8764209,-0.0639975
-1.8762209,-0.0319988
-1.8760209,0.0319988
-1.8758209,-0.0319988
-1.8756209,-0.0639975
-1.8754209,-0.0639975
-1.8752209,-0.0319988
-1.8750209,-0.0319988
-1.8748209,0
-1.8746209,-0.0639975
-1.8744209,-0.0319988
-1.8742209,-0.0319988
-1.8740209,-0.0639975
-1.8738209,-0.0319988
-1.8736209,-0.0319988
-1.8734209,-0.0639975
-1.8732209,-0.0319988
-1.8730209,-0.0319988
-1.8728209,-0.0959963
-1.8726209,-0.0639975
-1.8724209,-0.0319988
-1.8722209,-0.0639975
-1.8720209,-0.0319988
-1.8718209,-0.0639975
-1.8716209,-0.0959963
-1.8714209,-0.0319988
-1.8712209,-0.0319988
-1.8710209,-0.0639975
-1.8708209,-0.0319988
-1.8706209,-0.0319988
-1.8704209,-0.0959963
-1.8702209,-0.0319988
-1.8700209,-0.0639975
-1.8698209,-0.0639975
-1.8696209,0
-1.8694209,-0.0319988
-1.8692209,-0.0639975
-1.8690209,-0.0639975
-1.8688209,-0.0639975
-1.8686209,-0.0639975
-1.8684209,-0.0319988
-1.8682209,-0.0319988
-1.8680209,-0.0319988
-1.8678209,-0.0639975
-1.8676209,-0.0639975
-1.8674209,-0.0959963
-1.8672209,-0.0639975
-1.8670209,-0.0319988
-1.8668209,-0.0959963
-1.8666209,-0.0319988
-1.8664209,-0.0639975
-1.8662209,-0.0959963
-1.8660209,-0.0639975
-1.8658209,-0.0639975
-1.8656209,-0.0959963
-1.8654209,-0.0959963
-1.8652209,-0.0319988
-1.8650209,-0.0639975
-1.8648209,-0.0639975
-1.8646209,0
-1.8644209,-0.0959963
-1.8642209,-0.0639975
-1.8640209,-0.0639975
-1.8638209,-0.0959963
-1.8636209,-0.0319988
-1.8634209,0
-1.8632209,-0.0639975
-1.8630209,-0.0319988
-1.8628209,0
-1.8626209,-0.0959963
-1.8624209,-0.0639975
-1.8622209,-0.0319988
-1.8620209,-0.0639975
-1.8618209,-0.0319988
-1.8616209,-0.0639975
-1.8614209,-0.0959963
-1.8612209,-0.0319988
-1.8610209,-0.0319988
-1.8608209,-0.0959963
-1.8606209,-0.0319988
-1.8604209,-0.0959963
-1.8602209,-0.0639975
-1.8600209,-0.0639975
-1.8598209,-0.0319988
-1.8596209,-0.0639975
-1.8594209,-0.0639975
-1.8592209,0
-1.8590209,-0.0959963
-1.8588209,-0.0319988
-1.8586209,-0.0319988
-1.8584209,-0.0639975
-1.8582209,0
-1.8580209,-0.0319988
-1.8578209,-0.0319988
-1.8576209,0
-1.8574209,-0.0319988
-1.8572209,0
-1.8570209,-0.0319988
-1.8568209,-0.0319988
-1.8566209,-0.0639975
-1.8564209,-0.0319988
-1.8562209,-0.0319988
-1.8560209,-0.0639975
-1.8558209,-0.0319988
-1.8556209,-0.0319988
-1.8554209,-0.0639975
-1.8552209,-0.0319988
-1.8550209,-0.0639975
-1.8548209,-0.0639975
-1.8546209,-0.0319988
-1.8544209,0
-1.8542209,-0.0639975
-1.8540209,-0.0319988
-1.8538209,0
-1.8536209,-0.0319988
-1.8534209,-0.0319988
-1.8532209,-0.0639975
-1.8530209,0
-1.8528209,0
-1.8526209,-0.0319988
-1.8524209,-0.0319988
-1.8522209,-0.0639975
-1.8520209,-0.0319988
-1.8518209,-0.0319988
-1.8516209,-0.0639975
-1.8514209,-0.0319988
-1.8512209,-0.0319988
-1.8510209,0
-1.8508209,-0.0319988
-1.8506209,-0.0959963
-1.8504209,-0.0319988
-1.8502209,-0.0639975
-1.8500209,-0.0639975
-1.8498209,0
-1.8496209,-0.0319988
-1.8494209,-0.0319988
-1.8492209,-0.0319988
-1.8490209,-0.0319988
-1.8488209,-0.0959963
-1.8486209,-0.0319988
-1.8484209,-0.0639975
-1.8482209,-0.0319988
-1.8480209,-0.0319988
-1.8478209,0
-1.8476209,-0.0319988
-1.8474209,-0.0639975
-1.8472209,-0.0319988
-1.8470209,-0.0639975
-1.8468209,-0.0639975
-1.8466209,-0.0319988
-1.8464209,-0.0959963
-1.8462209,-0.0639975
-1.8460209,-0.0639975
-1.8458209,-0.0639975
-1.8456209,-0.0959963
-1.8454209,-0.0639975
-1.8452209,-0.0959963
-1.8450209,-0.0959963
-1.8448209,-0.0319988
-1.8446209,-0.0639975
-1.8444209,-0.0959963
-1.8442209,-0.0639975
-1.8440209,-0.0639975
-1.8438209,-0.0959963
-1.8436209,-0.0959963
-1.8434209,-0.0959963
-1.8432209,-0.0319988
-1.8430209,-0.0319988
-1.8428209,-0.0639975
-1.8426209,-0.0959963
-1.8424209,-0.0639975
-1.8422209,-0.0959963
-1.8420209,-0.0639975
-1.8418209,-0.0959963
-1.8416209,-0.0959963
-1.8414209,-0.0959963
-1.8412209,-0.0959963
-1.8410209,-0.127995
-1.8408209,-0.127995
-1.8406209,-0.0959963
-1.8404209,-0.0959963
-1.8402209,-0.0639975
-1.8400209,-0.0959963
-1.8398209,-0.0959963
-1.8396209,-0.0639975
-1.8394209,-0.0959963
-1.8392209,-0.0959963
-1.8390209,-0.127995
-1.8388209,-0.0959963
-1.8386209,-0.127995
-1.8384209,-0.0959963
-1.8382209,-0.0959963
-1.8380209,-0.0639975
-1.8378209,-0.127995
-1.8376209,-0.0959963
-1.8374209,-0.127995
-1.8372209,-0.0959963
-1.8370209,-0.127995
-1.8368209,-0.127995
-1.8366209,-0.0959963
-1.8364209,-0.0639975
-1.8362209,-0.127995
-1.8360209,-0.127995
-1.8358209,-0.0959963
-1.8356209,-0.127995
-1.8354209,-0.127995
-1.8352209,-0.0639975
-1.8350209,-0.127995
-1.8348209,-0.0959963
-1.8346209,-0.0959963
-1.8344209,-0.0959963
-1.8342209,-0.127995
-1.8340209,-0.0639975
-1.8338209,-0.127995
-1.8336209,-0.0959963
-1.8334209,-0.127995
-1.8332209,-0.0959963
-1.8330209,-0.127995
-1.8328209,-0.127995
-1.8326209,-0.127995
-1.8324209,-0.0959963
-1.8322209,-0.0639975
-1.8320209,-0.0959963
-1.8318209,-0.127995
-1.8316209,-0.0959963
-1.8314209,-0.0959963
-1.8312209,-0.0959963
-1.8310209,-0.0639975
-1.8308209,-0.0959963
-1.8306209,-0.0959963
-1.8304209,-0.127995
-1.8302209,-0.0959963
-1.8300209,-0.0319988
-1.8298209,-0.0959963
-1.8296209,-0.0639975
-1.8294209,-0.0639975
-1.8292209,-0.0959963
-1.8290209,-0.127995
-1.8288209,-0.0959963
-1.8286209,-0.0959963
-1.8284209,-0.0959963
-1.8282209,-0.0639975
-1.8280209,-0.0319988
-1.8278209,-0.0639975
-1.8276209,-0.0639975
-1.8274209,-0.0959963
-1.8272209,-0.0959963
-1.8270209,-0.0959963
-1.8268209,-0.0639975
-1.8266209,-0.127995
-1.8264209,-0.0639975
-1.8262209,-0.127995
-1.8260209,-0.0959963
-1.8258209,-0.0959963
-1.8256209,-0.0959963
-1.8254209,-0.0959963
-1.8252209,-0.0959963
-1.8250209,-0.0639975
-1.8248209,-0.0959963
-1.8246209,-0.159994
-1.8244209,-0.0639975
-1.8242209,-0.0959963
-1.8240209,-0.0959963
-1.8238209,-0.0639975
-1.8236209,-0.127995
-1.8234209,-0.127995
-1.8232209,-0.0639975
-1.8230209,-0.0959963
-1.8228209,-0.127995
-1.8226209,-0.0639975
-1.8224209,-0.0639975
-1.8222209,-0.0639975
-1.8220209,-0.0639975
-1.8218209,-0.0959963
-1.8216209,-0.0959963
-1.8214209,-0.0319988
-1.8212209,-0.0959963
-1.8210209,-0.0639975
-1.8208209,-0.0639975
-1.8206209,-0.0959963
-1.8204209,0
-1.8202209,-0.0319988
-1.8200209,-0.0639975
-1.8198209,-0.0639975
-1.8196209,-0.0639975
-1.8194209,-0.0959963
-1.8192209,-0.0639975
-1.8190209,-0.0959963
-1.8188209,-0.0959963
-1.8186209,-0.0639975
-1.8184209,-0.0639975
-1.8182209,-0.0959963
-1.8180209,-0.0639975
-1.8178209,-0.0319988
-1.8176209,-0.0639975
-1.8174209,-0.0639975
-1.8172209,-0.0639975
-1.8170209,-0.0959963
-1.8168209,-0.0959963
-1.8166209,-0.0639975
-1.8164209,-0.0959963
-1.8162209,-0.0319988
-1.8160209,0
-1.8158209,-0.0639975
-1.8156209,-0.0639975
-1.8154209,-0.0319988
-1.8152209,-0.0959963
-1.8150209,-0.0319988
-1.8148209,-0.0959963
-1.8146209,-0.0959963
-1.8144209,-0.0639975
-1.8142209,-0.0639975
-1.8140209,-0.0639975
-1.8138209,-0.0639975
-1.8136209,-0.0639975
-1.8134209,-0.0639975
-1.8132209,-0.0319988
-1.8130209,-0.0319988
-1.8128209,-0.0639975
-1.8126209,-0.0319988
-1.8124209,-0.0319988
-1.8122209,-0.0959963
-1.8120209,-0.0319988
-1.8118209,-0.0319988
-1.8116209,-0.0639975
-1.8114209,-0.0639975
-1.8112209,-0.0319988
-1.8110209,-0.0639975
-1.8108209,0
-1.8106209,-0.0319988
-1.8104209,-0.0639975
-1.8102209,-0.0639975
-1.8100209,-0.0319988
-1.8098209,-0.0639975
-1.8096209,-0.0319988
-1.8094209,-0.0959963
-1.8092209,-0.0959963
-1.8090209,-0.0319988
-1.8088209,-0.0319988
-1.8086209,-0.0319988
-1.8084209,-0.0319988
-1.8082209,0
-1.8080209,-0.0319988
-1.8078209,0
-1.8076209,-0.0319988
-1.8074209,-0.0319988
-1.8072209,0
-1.8070209,-0.0319988
-1.8068209,-0.0639975
-1.8066209,-0.0319988
-1.8064209,0
-1.8062209,-0.0319988
-1.8060209,-0.0319988
-1.8058209,0
-1.8056209,-0.0319988
-1.8054209,0
-1.8052209,0
-1.8050209,0
-1.8048209,-0.0319988
-1.8046209,0
-1.8044209,0
-1.8042209,0
-1.8040209,0
-1.8038209,-0.0319988
-1.8036209,-0.0319988
-1.8034209,-0.0319988
-1.8032209,-0.0319988
-1.8030209,-0.0319988
-1.8028209,-0.0319988
-1.8026209,0
-1.8024209,-0.0319988
-1.8022209,0.0319988
-1.8020209,-0.0319988
-1.8018209,-0.0319988
-1.8016209,0
-1.8014209,-0.0639975
-1.8012209,0
-1.8010209,-0.0319988
-1.8008209,0
-1.8006209,0
-1.8004209,0.0319988
-1.8002209,-0.0319988
-1.8000209,-0.0959963
-1.7998209,0
-1.7996209,-0.0319988
-1.7994209,-0.0319988
-1.7992209,0
-1.7990209,-0.0639975
-1.7988209,-0.0319988
-1.7986209,0
-1.7984209,-0.0319988
-1.7982209,0
-1.7980209,-0.0319988
-1.7978209,-0.0639975
-1.7976209,-0.0319988
-1.7974209,-0.0319988
-1.7972209,-0.0639975
-1.7970209,-0.0319988
-1.7968209,0
-1.7966209,-0.0319988
-1.7964209,-0.0319988
-1.7962209,-0.0319988
-1.7960209,-0.0639975
-1.7958209,0
-1.7956209,-0.0319988
-1.7954209,-0.0639975
-1.7952209,-0.0319988
-1.7950209,-0.0319988
-1.7948209,-0.0639975
-1.7946209,-0.0639975
-1.7944209,-0.0319988
-1.7942209,-0.0319988
-1.7940209,-0.0319988
-1.7938209,-0.0319988
-1.7936209,-0.0639975
-1.7934209,-0.0639975
-1.7932209,-0.0319988
-1.7930209,-0.0639975
-1.7928209,-0.0319988
-1.7926209,0
-1.7924209,-0.0639975
-1.7922209,-0.0639975
-1.7920209,-0.0319988
-1.7918209,-0.0319988
-1.7916209,-0.0639975
-1.7914209,-0.0639975
-1.7912209,-0.0639975
-1.7910209,-0.0639975
-1.7908209,-0.0639975
-1.7906209,-0.0639975
-1.7904209,-0.0639975
-1.7902209,-0.0639975
-1.7900209,-0.0639975
-1.7898209,-0.0319988
-1.7896209,-0.0639975
-1.7894209,-0.0959963
-1.7892209,-0.0639975
-1.7890209,-0.0319988
-1.7888209,-0.0639975
-1.7886209,-0.0959963
-1.7884209,-0.0319988
-1.7882209,-0.0959963
-1.7880209,-0.0319988
-1.7878209,-0.0319988
-1.7876209,-0.0639975
-1.7874209,-0.0959963
-1.7872209,-0.0639975
-1.7870209,-0.0959963
-1.7868209,-0.0319988
-1.7866209,-0.0639975
-1.7864209,-0.0959963
-1.7862209,-0.0639975
-1.7860209,-0.0639975
-1.7858209,-0.0639975
-1.7856209,-0.0639975
-1.7854209,-0.0959963
-1.7852209,-0.0639975
-1.7850209,-0.0639975
-1.7848209,-0.0639975
-1.7846209,-0.0959963
-1.7844209,-0.0639975
-1.7842209,-0.0639975
-1.7840209,-0.0959963
-1.7838209,-0.0959963
-1.7836209,-0.0639975
-1.7834209,-0.0639975
-1.7832209,-0.0959963
-1.7830209,-0.0639975
-1.7828209,-0.0959963
-1.7826209,-0.0639975
-1.7824209,-0.0319988
-1.7822209,-0.0639975
-1.7820209,-0.0959963
-1.7818209,-0.0639975
-1.7816209,-0.127995
-1.7814209,-0.0639975
-1.7812209,-0.0639975
-1.7810209,-0.127995
-1.7808209,-0.0959963
-1.7806209,-0.0319988
-1.7804209,-0.0959963
-1.7802209,-0.0319988
-1.7800209,-0.0959963
-1.7798209,-0.0959963
-1.7796209,-0.0959963
-1.7794209,-0.0639975
-1.7792209,-0.127995
-1.7790209,-0.0639975
-1.7788209,-0.0639975
-1.7786209,-0.127995
-1.7784209,-0.127995
-1.7782209,-0.0959963
-1.7780209,-0.0639975
-1.7778209,-0.0959963
-1.7776209,-0.127995
-1.7774209,-0.127995
-1.7772209,-0.127995
-1.7770209,-0.0959963
-1.7768209,-0.127995
-1.7766209,-0.127995
-1.7764209,-0.0959963
-1.7762209,-0.159994
-1.7760209,-0.127995
-1.7758209,-0.159994
-1.7756209,-0.127995
-1.7754209,-0.0959963
-1.7752209,-0.0959963
-1.7750209,-0.127995
-1.7748209,-0.0959963
-1.7746209,-0.127995
-1.7744209,-0.127995
-1.7742209,-0.159994
-1.7740209,-0.191993
-1.7738209,-0.127995
-1.7736209,-0.127995
-1.7734209,-0.159994
-1.7732209,-0.159994
-1.7730209,-0.127995
-1.7728209,-0.127995
-1.7726209,-0.127995
-1.7724209,-0.159994
-1.7722209,-0.159994
-1.7720209,-0.127995
-1.7718209,-0.191993
-1.7716209,-0.191993
-1.7714209,-0.223991
-1.7712209,-0.159994
-1.7710209,-0.127995
-1.7708209,-0.159994
-1.7706209,-0.159994
-1.7704209,-0.127995
-1.7702209,-0.159994
-1.7700209,-0.159994
-1.7698209,-0.127995
-1.7696209,-0.159994
-1.7694209,-0.159994
-1.7692209,-0.159994
-1.7690209,-0.191993
-1.7688209,-0.159994
-1.7686209,-0.191993
-1.7684209,-0.159994
-1.7682209,-0.223991
-1.7680209,-0.191993
-1.7678209,-0.191993
-1.7676209,-0.223991
-1.7674209,-0.159994
-1.7672209,-0.191993
-1.7670209,-0.191993
-1.7668209,-0.159994
-1.7666209,-0.159994
-1.7664209,-0.25599
-1.7662209,-0.191993
-1.7660209,-0.223991
-1.7658209,-0.223991
-1.7656209,-0.191993
-1.7654209,-0.191993
-1.7652209,-0.223991
-1.7650209,-0.191993
-1.7648209,-0.223991
-1.7646209,-0.191993
-1.7644209,-0.223991
-1.7642209,-0.25599
-1.7640209,-0.287989
-1.7638209,-0.191993
-1.7636209,-0.25599
-1.7634209,-0.223991
-1.7632209,-0.25599
-1.7630209,-0.25599
-1.7628209,-0.223991
-1.7626209,-0.191993
-1.7624209,-0.25599
-1.7622209,-0.25599
-1.7620209,-0.223991
-1.7618209,-0.25599
-1.7616209,-0.223991
-1.7614209,-0.223991
-1.7612209,-0.287989
-1.7610209,-0.223991
-1.7608209,-0.191993
-1.7606209,-0.25599
-1.7604209,-0.223991
-1.7602209,-0.191993
-1.7600209,-0.287989
-1.7598209,-0.287989
-1.7596209,-0.223991
-1.7594209,-0.25599
-1.7592209,-0.25599
-1.7590209,-0.223991
-1.7588209,-0.25599
-1.7586209,-0.223991
-1.7584209,-0.25599
-1.7582209,-0.25599
-1.7580209,-0.223991
-1.7578209,-0.25599
-1.7576209,-0.287989
-1.7574209,-0.25599
-1.7572209,-0.223991
-1.7570209,-0.287989
-1.7568209,-0.25599
-1.7566209,-0.223991
-1.7564209,-0.25599
-1.7562209,-0.287989
-1.7560209,-0.25599
-1.7558209,-0.287989
-1.7556209,-0.25599
-1.7554209,-0.25599
-1.7552209,-0.287989
-1.7550209,-0.25599
-1.7548209,-0.25599
-1.7546209,-0.25599
-1.7544209,-0.287989
-1.7542209,-0.25599
-1.7540209,-0.25599
-1.7538209,-0.25599
-1.7536209,-0.25599
-1.7534209,-0.287989
-1.7532209,-0.287989
-1.7530209,-0.223991
-1.7528209,-0.287989
-1.7526209,-0.25599
-1.7524209,-0.25599
-1.7522209,-0.25599
-1.7520209,-0.287989
-1.7518209,-0.287989
-1.7516209,-0.287989
-1.7514209,-0.287989
-1.7512209,-0.25599
-1.7510209,-0.287989
-1.7508209,-0.287989
-1.7506209,-0.25599
-1.7504209,-0.25599
-1.7502209,-0.287989
-1.7500209,-0.287989
-1.7498209,-0.223991
-1.7496209,-0.25599
-1.7494209,-0.25599
-1.7492209,-0.287989
-1.7490209,-0.287989
-1.7488209,-0.25599
-1.7486209,-0.319988
-1.7484209,-0.25599
-1.7482209,-0.25599
-1.7480209,-0.25599
-1.7478209,-0.287989
-1.7476209,-0.25599
-1.7474209,-0.287989
-1.7472209,-0.287989
-1.7470209,-0.25599
-1.7468209,-0.25599
-1.7466209,-0.287989
-1.7464209,-0.25599
-1.7462209,-0.25599
-1.7460209,-0.223991
-1.7458209,-0.223991
-1.7456209,-0.287989
-1.7454209,-0.25599
-1.7452209,-0.287989
-1.7450209,-0.287989
-1.7448209,-0.25599
-1.7446209,-0.191993
-1.7444209,-0.25599
-1.7442209,-0.287989
-1.7440209,-0.25599
-1.7438209,-0.287989
-1.7436209,-0.25599
-1.7434209,-0.287989
-1.7432209,-0.287989
-1.7430209,-0.287989
-1.7428209,-0.287989
-1.7426209,-0.319988
-1.7424209,-0.287989
-1.7422209,-0.223991
-1.7420209,-0.25599
-1.7418209,-0.287989
-1.7416209,-0.25599
-1.7414209,-0.287989
-1.7412209,-0.319988
-1.7410209,-0.287989
-1.7408209,-0.25599
-1.7406209,-0.287989
-1.7404209,-0.319988
-1.7402209,-0.287989
-1.7400209,-0.25599
-1.7398209,-0.25599
-1.7396209,-0.25599
-1.7394209,-0.287989
-1.7392209,-0.287989
-1.7390209,-0.25599
-1.7388209,-0.287989
-1.7386209,-0.25599
-1.7384209,-0.287989
-1.7382209,-0.319988
-1.7380209,-0.25599
-1.7378209,-0.287989
-1.7376209,-0.319988
-1.7374209,-0.319988
-1.7372209,-0.25599
-1.7370209,-0.319988
-1.7368209,-0.223991
-1.7366209,-0.287989
-1.7364209,-0.319988
-1.7362209,-0.319988
-1.7360209,-0.223991
-1.7358209,-0.383985
-1.7356209,-0.25599
-1.7354209,-0.287989
-1.7352209,-0.287989
-1.7350209,-0.319988
-1.7348209,-0.319988
-1.7346209,-0.287989
-1.7344209,-0.319988
-1.7342209,-0.351986
-1.7340209,-0.319988
-1.7338209,-0.319988
-1.7336209,-0.319988
-1.7334209,-0.319988
-1.7332209,-0.287989
-1.7330209,-0.319988
-1.7328209,-0.287989
-1.7326209,-0.351986
-1.7324209,-0.25599
-1.7322209,-0.319988
-1.7320209,-0.25599
-1.7318209,-0.25599
-1.7316209,-0.287989
-1.7314209,-0.351986
-1.7312209,-0.287989
-1.7310209,-0.319988
-1.7308209,-0.351986
-1.7306209,-0.287989
-1.7304209,-0.287989
-1.7302209,-0.319988
-1.7300209,-0.287989
-1.7298209,-0.351986
-1.7296209,-0.351986
-1.7294209,-0.319988
-1.7292209,-0.287989
-1.7290209,-0.351986
-1.7288209,-0.319988
-1.7286209,-0.287989
-1.7284209,-0.319988
-1.7282209,-0.287989
-1.7280209,-0.319988
-1.7278209,-0.351986
-1.7276209,-0.287989
-1.7274209,-0.287989
-1.7272209,-0.287989
-1.7270209,-0.319988
-1.7268209,-0.319988
-1.7266209,-0.319988
-1.7264209,-0.25599
-1.7262209,-0.319988
-1.7260209,-0.319988
-1.7258209,-0.287989
-1.7256209,-0.319988
-1.7254209,-0.287989
-1.7252209,-0.287989
-1.7250209,-0.287989
-1.7248209,-0.319988
-1.7246209,-0.287989
-1.7244209,-0.351986
-1.7242209,-0.319988
-1.7240209,-0.287989
-1.7238209,-0.319988
-1.7236209,-0.287989
-1.7234209,-0.319988
-1.7232209,-0.319988
-1.7230209,-0.287989
-1.7228209,-0.287989
-1.7226209,-0.319988
-1.7224209,-0.319988
-1.7222209,-0.287989
-1.7220209,-0.287989
-1.7218209,-0.25599
-1.7216209,-0.287989
-1.7214209,-0.287989
-1.7212209,-0.287989
-1.7210209,-0.287989
-1.7208209,-0.287989
-1.7206209,-0.287989
-1.7204209,-0.287989
-1.7202209,-0.287989
-1.7200209,-0.319988
-1.7198209,-0.287989
-1.7196209,-0.287989
-1.7194209,-0.25599
-1.7192209,-0.287989
-1.7190209,-0.287989
-1.7188209,-0.223991
-1.7186209,-0.287989
-1.7184209,-0.287989
-1.7182209,-0.287989
-1.7180209,-0.25599
-1.7178209,-0.287989
-1.7176209,-0.287989
-1.7174209,-0.287989
-1.7172209,-0.25599
-1.7170209,-0.25599
-1.7168209,-0.25599
-1.7166209,-0.287989
-1.7164209,-0.287989
-1.7162209,-0.287989
-1.7160209,-0.351986
-1.7158209,-0.25599
-1.7156209,-0.25599
-1.7154209,-0.25599
-1.7152209,-0.223991
-1.7150209,-0.319988
-1.7148209,-0.287989
-1.7146209,-0.223991
-1.7144209,-0.25599
-1.7142209,-0.223991
-1.7140209,-0.287989
-1.7138209,-0.25599
-1.7136209,-0.25599
-1.7134209,-0.223991
-1.7132209,-0.223991
-1.7130209,-0.25599
-1.7128209,-0.25599
-1.7126209,-0.25599
-1.7124209,-0.25599
-1.7122209,-0.25599
-1.7120209,-0.25599
-1.7118209,-0.223991
-1.7116209,-0.223991
-1.7114209,-0.25599
-1.7112209,-0.25599
-1.7110209,-0.25599
-1.7108209,-0.25599
-1.7106209,-0.287989
-1.7104209,-0.25599
-1.7102209,-0.223991
-1.7100209,-0.287989
-1.7098209,-0.25599
-1.7096209,-0.25599
-1.7094209,-0.223991
-1.7092209,-0.223991
-1.7090209,-0.223991
-1.7088209,-0.223991
-1.7086209,-0.25599
-1.7084209,-0.25599
-1.7082209,-0.191993
-1.7080209,-0.25599
-1.7078209,-0.223991
-1.7076209,-0.191993
-1.7074209,-0.25599
-1.7072209,-0.223991
-1.7070209,-0.25599
-1.7068209,-0.223991
-1.7066209,-0.191993
-1.7064209,-0.191993
-1.7062209,-0.223991
-1.7060209,-0.223991
-1.7058209,-0.223991
-1.7056209,-0.25599
-1.7054209,-0.223991
-1.7052209,-0.223991
-1.7050209,-0.191993
-1.7048209,-0.223991
-1.7046209,-0.223991
-1.7044209,-0.25599
-1.7042209,-0.191993
-1.7040209,-0.223991
-1.7038209,-0.25599
-1.7036209,-0.223991
-1.7034209,-0.223991
-1.7032209,-0.191993
-1.7030209,-0.191993
-1.7028209,-0.191993
-1.7026209,-0.191993
-1.7024209,-0.25599
-1.7022209,-0.191993
-1.7020209,-0.159994
-1.7018209,-0.25599
-1.7016209,-0.25599
-1.7014209,-0.223991
-1.7012209,-0.25599
-1.7010209,-0.223991
-1.7008209,-0.191993
-1.7006209,-0.223991
-1.7004209,-0.287989
-1.7002209,-0.191993
-1.7000209,-0.223991
-1.6998209,-0.191993
-1.6996209,-0.159994
-1.6994209,-0.159994
-1.6992209,-0.191993
-1.6990209,-0.159994
-1.6988209,-0.191993
-1.6986209,-0.25599
-1.6984209,-0.159994
-1.6982209,-0.223991
-1.6980209,-0.223991
-1.6978209,-0.191993
-1.6976209,-0.191993
-1.6974209,-0.223991
-1.6972209,-0.159994
-1.6970209,-0.191993
-1.6968209,-0.191993
-1.6966209,-0.191993
-1.6964209,-0.223991
-1.6962209,-0.223991
-1.6960209,-0.191993
-1.6958209,-0.223991
-1.6956209,-0.191993
-1.6954209,-0.159994
-1.6952209,-0.223991
-1.6950209,-0.223991
-1.6948209,-0.159994
-1.6946209,-0.191993
-1.6944209,-0.191993
-1.6942209,-0.191993
-1.6940209,-0.191993
-1.6938209,-0.191993
-1.6936209,-0.191993
-1.6934209,-0.159994
-1.6932209,-0.159994
-1.6930209,-0.159994
-1.6928209,-0.191993
-1.6926209,-0.159994
-1.6924209,-0.159994
-1.6922209,-0.191993
-1.6920209,-0.191993
-1.6918209,-0.159994
-1.6916209,-0.191993
-1.6914209,-0.159994
-1.6912209,-0.159994
-1.6910209,-0.223991
-1.6908209,-0.191993
-1.6906209,-0.159994
-1.6904209,-0.159994
-1.6902209,-0.191993
-1.6900209,-0.159994
-1.6898209,-0.159994
-1.6896209,-0.159994
-1.6894209,-0.127995
-1.6892209,-0.191993
-1.6890209,-0.223991
-1.6888209,-0.159994
-1.6886209,-0.191993
-1.6884209,-0.159994
-1.6882209,-0.127995
-1.6880209,-0.159994
-1.6878209,-0.159994
-1.6876209,-0.127995
-1.6874209,-0.159994
-1.6872209,-0.127995
-1.6870209,-0.127995
-1.6868209,-0.159994
-1.6866209,-0.127995
-1.6864209,-0.127995
-1.6862209,-0.191993
-1.6860209,-0.159994
-1.6858209,-0.0959963
-1.6856209,-0.159994
-1.6854209,-0.127995
-1.6852209,-0.127995
-1.6850209,-0.127995
-1.6848209,-0.159994
-1.6846209,-0.0959963
-1.6844209,-0.127995
-1.6842209,-0.127995
-1.6840209,-0.0639975
-1.6838209,-0.127995
-1.6836209,-0.0959963
-1.6834209,-0.0959963
-1.6832209,-0.159994
-1.6830209,-0.127995
-1.6828209,-0.0959963
-1.6826209,-0.127995
-1.6824209,-0.0639975
-1.6822209,-0.0639975
-1.6820209,-0.0959963
-1.6818209,-0.127995
-1.6816209,-0.0639975
-1.6814209,-0.0959963
-1.6812209,-0.127995
-1.6810209,-0.127995
-1.6808209,-0.127995
-1.6806209,-0.0639975
-1.6804209,-0.0959963
-1.6802209,-0.0959963
-1.6800209,-0.0639975
-1.6798209,-0.0639975
-1.6796209,-0.0639975
-1.6794209,-0.127995
-1.6792209,-0.0959963
-1.6790209,-0.0959963
-1.6788209,-0.0639975
-1.6786209,-0.0959963
-1.6784209,-0.0959963
-1.6782209,-0.0959963
-1.6780209,-0.0959963
-1.6778209,-0.0959963
-1.6776209,-0.0639975
-1.6774209,-0.0959963
-1.6772209,-0.0639975
-1.6770209,-0.0959963
-1.6768209,-0.0639975
-1.6766209,-0.0959963
-1.6764209,-0.0639975
-1.6762209,-0.0639975
-1.6760209,-0.0959963
-1.6758209,-0.0639975
-1.6756209,-0.0639975
-1.6754209,-0.0959963
-1.6752209,-0.0319988
-1.6750209,-0.0639975
-1.6748209,-0.0959963
-1.6746209,-0.0639975
-1.6744209,-0.0639975
-1.6742209,-0.127995
-1.6740209,-0.0639975
-1.6738209,-0.0639975
-1.6736209,-0.0639975
-1.6734209,-0.0639975
-1.6732209,-0.0639975
-1.6730209,-0.0639975
-1.6728209,-0.0319988
-1.6726209,-0.0639975
-1.6724209,-0.0639975
-1.6722209,-0.0319988
-1.6720209,0.0319988
-1.6718209,-0.0959963
-1.6716209,-0.0319988
-1.6714209,-0.0319988
-1.6712209,-0.0319988
-1.6710209,-0.0639975
-1.6708209,-0.0319988
-1.6706209,-0.0639975
-1.6704209,-0.0319988
-1.6702209,-0.0319988
-1.6700209,-0.0319988
-1.6698209,-0.0319988
-1.6696209,-0.0319988
-1.6694209,-0.0639975
-1.6692209,-0.0639975
-1.6690209,-0.0319988
-1.6688209,-0.0319988
-1.6686209,-0.0639975
-1.6684209,0
-1.6682209,0.0319988
-1.6680209,-0.0319988
-1.6678209,-0.0319988
-1.6676209,-0.0319988
-1.6674209,-0.0319988
-1.6672209,-0.0639975
-1.6670209,-0.0959963
-1.6668209,-0.0319988
-1.6666209,-0.0319988
-1.6664209,-0.0639975
-1.6662209,-0.0639975
-1.6660209,-0.0319988
-1.6658209,-0.0319988
-1.6656209,-0.0319988
-1.6654209,0.0319988
-1.6652209,0
-1.6650209,-0.0319988
-1.6648209,-0.0319988
-1.6646209,-0.0319988
-1.6644209,0
-1.6642209,-0.0319988
-1.6640209,0
-1.6638209,-0.0319988
-1.6636209,0
-1.6634209,-0.0639975
-1.6632209,0.0319988
-1.6630209,-0.0319988
-1.6628209,-0.0639975
-1.6626209,-0.0319988
-1.6624209,0
-1.6622209,0
-1.6620209,0
-1.6618209,0
-1.6616209,-0.0319988
-1.6614209,0
-1.6612209,0
-1.6610209,-0.0319988
-1.6608209,-0.0319988
-1.6606209,0.0319988
-1.6604209,-0.0319988
-1.6602209,-0.0319988
-1.6600209,0
-1.6598209,-0.0319988
-1.6596209,0
-1.6594209,0
-1.6592209,-0.0639975
-1.6590209,-0.0319988
-1.6588209,0
-1.6586209,-0.0319988
-1.6584209,-0.0639975
-1.6582209,0.0319988
-1.6580209,-0.0319988
-1.6578209,-0.0319988
-1.6576209,0.0319988
-1.6574209,-0.0639975
-1.6572209,-0.0639975
-1.6570209,-0.0319988
-1.6568209,-0.0319988
-1.6566209,0
-1.6564209,-0.0319988
-1.6562209,-0.0319988
-1.6560209,-0.0319988
-1.6558209,0
-1.6556209,-0.0319988
-1.6554209,-0.0639975
-1.6552209,-0.0319988
-1.6550209,-0.0639975
-1.6548209,-0.0319988
-1.6546209,-0.0319988
-1.6544209,-0.0319988
-1.6542209,-0.0319988
-1.6540209,-0.0639975
-1.6538209,-0.0319988
-1.6536209,-0.0319988
-1.6534209,-0.0319988
-1.6532209,-0.0319988
-1.6530209,-0.0639975
-1.6528209,-0.0639975
-1.6526209,-0.0639975
-1.6524209,-0.0959963
-1.6522209,-0.0319988
-1.6520209,-0.0639975
-1.6518209,-0.0639975
-1.6516209,-0.0319988
-1.6514209,-0.0959963
-1.6512209,-0.0639975
-1.6510209,-0.0639975
-1.6508209,-0.127995
-1.6506209,-0.0319988
-1.6504209,-0.0639975
-1.6502209,-0.0959963
-1.6500209,-0.0639975
-1.6498209,-0.0959963
-1.6496209,-0.0959963
-1.6494209,-0.0639975
-1.6492209,-0.0639975
-1.6490209,-0.0959963
-1.6488209,-0.0639975
-1.6486209,-0.0959963
-1.6484209,-0.0959963
-1.6482209,-0.0959963
-1.6480209,-0.0639975
-1.6478209,-0.127995
-1.6476209,-0.0959963
-1.6474209,-0.0959963
-1.6472209,-0.0959963
-1.6470209,-0.0639975
-1.6468209,-0.127995
-1.6466209,-0.0959963
-1.6464209,-0.0959963
-1.6462209,-0.127995
-1.6460209,-0.0959963
-1.6458209,-0.0959963
-1.6456209,-0.0959963
-1.6454209,-0.0959963
-1.6452209,-0.0639975
-1.6450209,-0.0639975
-1.6448209,-0.0639975
-1.6446209,-0.0959963
-1.6444209,-0.0639975
-1.6442209,-0.0959963
-1.6440209,-0.0959963
-1.6438209,-0.0959963
-1.6436209,-0.127995
-1.6434209,-0.0959963
-1.6432209,-0.0639975
-1.6430209,-0.127995
-1.6428209,-0.0959963
-1.6426209,-0.0639975
-1.6424209,-0.159994
-1.6422209,-0.0959963
-1.6420209,-0.0959963
-1.6418209,-0.0959963
-1.6416209,-0.127995
-1.6414209,-0.127995
-1.6412209,-0.127995
-1.6410209,-0.127995
-1.6408209,-0.127995
-1.6406209,-0.159994
-1.6404209,-0.127995
-1.6402209,-0.127995
-1.6400209,-0.159994
-1.6398209,-0.127995
-1.6396209,-0.0959963
-1.6394209,-0.159994
-1.6392209,-0.127995
-1.6390209,-0.0959963
-1.6388209,-0.191993
-1.6386209,-0.127995
-1.6384209,-0.0959963
-1.6382209,-0.159994
-1.6380209,-0.159994
-1.6378209,-0.0959963
-1.6376209,-0.159994
-1.6374209,-0.159994
-1.6372209,-0.159994
-1.6370209,-0.159994
-1.6368209,-0.191993
-1.6366209,-0.127995
-1.6364209,-0.191993
-1.6362209,-0.127995
-1.6360209,-0.127995
-1.6358209,-0.159994
-1.6356209,-0.159994
-1.6354209,-0.127995
-1.6352209,-0.159994
-1.6350209,-0.159994
-1.6348209,-0.159994
-1.6346209,-0.191993
-1.6344209,-0.159994
-1.6342209,-0.191993
-1.6340209,-0.159994
-1.6338209,-0.159994
-1.6336209,-0.159994
-1.6334209,-0.159994
-1.6332209,-0.191993
-1.6330209,-0.159994
-1.6328209,-0.159994
-1.6326209,-0.127995
-1.6324209,-0.159994
-1.6322209,-0.159994
-1.6320209,-0.159994
-1.6318209,-0.127995
-1.6316209,-0.159994
-1.6314209,-0.191993
-1.6312209,-0.127995
-1.6310209,-0.159994
-1.6308209,-0.191993
-1.6306209,-0.127995
-1.6304209,-0.223991
-1.6302209,-0.159994
-1.6300209,-0.159994
-1.6298209,-0.191993
-1.6296209,-0.159994
-1.6294209,-0.159994
-1.6292209,-0.191993
-1.6290209,-0.223991
-1.6288209,-0.191993
-1.6286209,-0.159994
-1.6284209,-0.159994
-1.6282209,-0.159994
-1.6280209,-0.191993
-1.6278209,-0.159994
-1.6276209,-0.159994
-1.6274209,-0.191993
-1.6272209,-0.159994
-1.6270209,-0.159994
-1.6268209,-0.191993
-1.6266209,-0.191993
-1.6264209,-0.159994
-1.6262209,-0.159994
-1.6260209,-0.191993
-1.6258209,-0.159994
-1.6256209,-0.127995
-1.6254209,-0.191993
-1.6252209,-0.127995
-1.6250209,-0.159994
-1.6248209,-0.159994
-1.6246209,-0.159994
-1.6244209,-0.191993
-1.6242209,-0.159994
-1.6240209,-0.159994
-1.6238209,-0.159994
-1.6236209,-0.159994
-1.6234209,-0.127995
-1.6232209,-0.159994
-1.6230209,-0.191993
-1.6228209,-0.127995
-1.6226209,-0.191993
-1.6224209,-0.191993
-1.6222209,-0.0959963
-1.6220209,-0.223991
-1.6218209,-0.159994
-1.6216209,-0.159994
-1.6214209,-0.223991
-1.6212209,-0.191993
-1.6210209,-0.159994
-1.6208209,-0.223991
-1.6206209,-0.191993
-1.6204209,-0.127995
-1.6202209,-0.191993
-1.6200209,-0.127995
-1.6198209,-0.127995
-1.6196209,-0.191993
-1.6194209,-0.159994
-1.6192209,-0.159994
-1.6190209,-0.159994
-1.6188209,-0.191993
-1.6186209,-0.159994
-1.6184209,-0.159994
-1.6182209,-0.191993
-1.6180209,-0.191993
-1.6178209,-0.223991
-1.6176209,-0.191993
-1.6174209,-0.159994
-1.6172209,-0.191993
-1.6170209,-0.159994
-1.6168209,-0.191993
-1.6166209,-0.223991
-1.6164209,-0.191993
-1.6162209,-0.159994
-1.6160209,-0.223991
-1.6158209,-0.191993
-1.6156209,-0.127995
-1.6154209,-0.191993
-1.6152209,-0.191993
-1.6150209,-0.159994
-1.6148209,-0.191993
-1.6146209,-0.191993
-1.6144209,-0.191993
-1.6142209,-0.191993
-1.6140209,-0.191993
-1.6138209,-0.191993
-1.6136209,-0.127995
-1.6134209,-0.191993
-1.6132209,-0.191993
-1.6130209,-0.191993
-1.6128209,-0.127995
-1.6126209,-0.191993
-1.6124209,-0.25599
-1.6122209,-0.159994
-1.6120209,-0.159994
-1.6118209,-0.191993
-1.6116209,-0.191993
-1.6114209,-0.159994
-1.6112209,-0.223991
-1.6110209,-0.159994
-1.6108209,-0.159994
-1.6106209,-0.159994
-1.6104209,-0.159994
-1.6102209,-0.127995
-1.6100209,-0.159994
-1.6098209,-0.159994
-1.6096209,-0.159994
-1.6094209,-0.191993
-1.6092209,-0.159994
-1.6090209,-0.159994
-1.6088209,-0.191993
-1.6086209,-0.191993
-1.6084209,-0.127995
-1.6082209,-0.191993
-1.6080209,-0.159994
-1.6078209,-0.159994
-1.6076209,-0.191993
-1.6074209,-0.159994
-1.6072209,-0.159994
-1.6070209,-0.191993
-1.6068209,-0.0959963
-1.6066209,-0.159994
-1.6064209,-0.191993
-1.6062209,-0.223991
-1.6060209,-0.159994
-1.6058209,-0.159994
-1.6056209,-0.159994
-1.6054209,-0.127995
-1.6052209,-0.159994
-1.6050209,-0.159994
-1.6048209,-0.127995
-1.6046209,-0.191993
-1.6044209,-0.127995
-1.6042209,-0.127995
-1.6040209,-0.159994
-1.6038209,-0.159994
-1.6036209,-0.159994
-1.6034209,-0.159994
-1.6032209,-0.159994
-1.6030209,-0.127995
-1.6028209,-0.191993
-1.6026209,-0.159994
-1.6024209,-0.159994
-1.6022209,-0.159994
-1.6020209,-0.159994
-1.6018209,-0.0959963
-1.6016209,-0.159994
-1.6014209,-0.159994
-1.6012209,-0.127995
-1.6010209,-0.127995
-1.6008209,-0.127995
-1.6006209,-0.127995
-1.6004209,-0.159994
-1.6002209,-0.127995
-1.6000209,-0.127995
-1.5998209,-0.159994
-1.5996209,-0.127995
-1.5994209,-0.127995
-1.5992209,-0.159994
-1.5990209,-0.159994
-1.5988209,-0.127995
-1.5986209,-0.127995
-1.5984209,-0.127995
-1.5982209,-0.0959963
-1.5980209,-0.127995
-1.5978209,-0.127995
-1.5976209,-0.0959963
-1.5974209,-0.127995
-1.5972209,-0.0959963
-1.5970209,-0.127995
-1.5968209,-0.127995
-1.5966209,-0.0639975
-1.5964209,-0.127995
-1.5962209,-0.0959963
-1.5960209,-0.127995
-1.5958209,-0.0639975
-1.5956209,-0.0959963
-1.5954209,-0.0959963
-1.5952209,-0.0959963
-1.5950209,-0.0959963
-1.5948209,-0.0959963
-1.5946209,-0.0959963
-1.5944209,-0.127995
-1.5942209,-0.127995
-1.5940209,-0.0639975
-1.5938209,-0.0959963
-1.5936209,-0.0639975
-1.5934209,-0.127995
-1.5932209,-0.0959963
-1.5930209,-0.0959963
-1.5928209,-0.0959963
-1.5926209,-0.127995
-1.5924209,-0.0959963
-1.5922209,-0.0959963
-1.5920209,-0.0959963
-1.5918209,-0.0959963
-1.5916209,-0.0959963
-1.5914209,-0.0959963
-1.5912209,-0.0639975
-1.5910209,-0.0639975
-1.5908209,-0.0959963
-1.5906209,-0.0319988
-1.5904209,-0.0639975
-1.5902209,-0.0639975
-1.5900209,0
-1.5898209,-0.0639975
-1.5896209,-0.0319988
-1.5894209,-0.0639975
-1.5892209,-0.0319988
-1.5890209,-0.0959963
-1.5888209,-0.0319988
-1.5886209,-0.0319988
-1.5884209,-0.0639975
-1.5882209,0
-1.5880209,-0.0639975
-1.5878209,-0.0319988
-1.5876209,-0.0639975
-1.5874209,-0.0319988
-1.5872209,-0.0639975
-1.5870209,-0.0319988
-1.5868209,0
-1.5866209,-0.0639975
-1.5864209,-0.0319988
-1.5862209,-0.0319988
-1.5860209,-0.0319988
-1.5858209,-0.0639975
-1.5856209,0
-1.5854209,-0.0639975
-1.5852209,-0.0319988
-1.5850209,0
-1.5848209,0
-1.5846209,-0.0319988
-1.5844209,-0.0639975
-1.5842209,-0.0639975
-1.5840209,0
-1.5838209,-0.0319988
-1.5836209,0
-1.5834209,0
-1.5832209,0
-1.5830209,-0.0639975
-1.5828209,0
-1.5826209,0.0319988
-1.5824209,-0.0319988
-1.5822209,-0.0319988
-1.5820209,-0.0319988
-1.5818209,-0.0319988
-1.5816209,0
-1.5814209,0.0319988
-1.5812209,0
-1.5810209,0
-1.5808209,0.0319988
-1.5806209,0.0319988
-1.5804209,0
-1.5802209,0.0319988
-1.5800209,0
-1.5798209,0.0319988
-1.5796209,0.0319988
-1.5794209,0
-1.5792209,-0.0319988
-1.5790209,0
-1.5788209,-0.0319988
-1.5786209,0
-1.5784209,0
-1.5782209,-0.0319988
-1.5780209,0.0319988
-1.5778209,0
-1.5776209,0
-1.5774209,0.0319988
-1.5772209,0.0319988
-1.5770209,0
-1.5768209,0.0639975
-1.5766209,0
-1.5764209,0.0319988
-1.5762209,0.0639975
-1.5760209,0
-1.5758209,0
-1.5756209,0.0319988
-1.5754209,0.0319988
-1.5752209,0
-1.5750209,0.0319988
-1.5748209,0.0639975
-1.5746209,0
-1.5744209,0.0319988
-1.5742209,0.0639975
-1.5740209,-0.0319988
-1.5738209,-0.0319988
-1.5736209,0.0319988
-1.5734209,0.0319988
-1.5732209,0.0319988
-1.5730209,0.0319988
-1.5728209,0
-1.5726209,0
-1.5724209,0.0319988
-1.5722209,0.0959963
-1.5720209,0.0319988
-1.5718209,0.0319988
-1.5716209,0.0319988
-1.5714209,0.0319988
-1.5712209,0.0639975
-1.5710209,0.0639975
-1.5708209,0.0319988
-1.5706209,0.0639975
-1.5704209,0.0319988
-1.5702209,0.0639975
-1.5700209,0.0319988
-1.5698209,0.0639975
-1.5696209,0.0319988
-1.5694209,0.0319988
-1.5692209,0
-1.5690209,0.0639975
-1.5688209,0.0319988
-1.5686209,0.0319988
-1.5684209,0.0639975
-1.5682209,0.0319988
-1.5680209,0
-1.5678209,0.0639975
-1.5676209,0
-1.5674209,0.0319988
-1.5672209,0.0319988
-1.5670209,0.0639975
-1.5668209,0
-1.5666209,0.0319988
-1.5664209,0.0639975
-1.5662209,0.0319988
-1.5660209,0.0319988
-1.5658209,0.0319988
-1.5656209,0
-1.5654209,0
-1.5652209,0.0319988
-1.5650209,0
-1.5648209,0.0319988
-1.5646209,0.0319988
-1.5644209,0
-1.5642209,0
-1.5640209,0.0319988
-1.5638209,0
-1.5636209,0
-1.5634209,0.0639975
-1.5632209,-0.0319988
-1.5630209,0.0639975
-1.5628209,0.0319988
-1.5626209,-0.0319988
-1.5624209,0
-1.5622209,0.0319988
-1.5620209,0
-1.5618209,0
-1.5616209,-0.0319988
-1.5614209,0.0639975
-1.5612209,0.0319988
-1.5610209,0.0319988
-1.5608209,-0.0319988
-1.5606209,0
-1.5604209,0.0319988
-1.5602209,0
-1.5600209,0.0319988
-1.5598209,0
-1.5596209,-0.0319988
-1.5594209,0.0319988
-1.5592209,0
-1.5590209,0
-1.5588209,0.0319988
-1.5586209,0.0319988
-1.5584209,-0.0959963
-1.5582209,0
-1.5580209,0
-1.5578209,-0.0319988
-1.5576209,0.0319988
-1.5574209,0
-1.5572209,0
-1.5570209,0
-1.5568209,0
-1.5566209,-0.0319988
-1.5564209,-0.0639975
-1.5562209,0
-1.5560209,-0.0639975
-1.5558209,-0.0319988
-1.5556209,-0.0319988
-1.5554209,-0.0639975
-1.5552209,-0.0319988
-1.5550209,0
-1.5548209,-0.0959963
-1.5546209,-0.0319988
-1.5544209,0
-1.5542209,-0.0639975
-1.5540209,-0.0639975
-1.5538209,0
-1.5536209,-0.0319988
-1.5534209,-0.0319988
-1.5532209,0
-1.5530209,-0.0639975
-1.5528209,-0.0319988
-1.5526209,-0.0319988
-1.5524209,-0.0959963
-1.5522209,-0.0319988
-1.5520209,-0.0639975
-1.5518209,-0.0959963
-1.5516209,-0.0319988
-1.5514209,-0.0639975
-1.5512209,-0.0959963
-1.5510209,-0.0319988
-1.5508209,-0.0639975
-1.5506209,-0.0959963
-1.5504209,-0.0639975
-1.5502209,0
-1.5500209,-0.0959963
-1.5498209,-0.0319988
-1.5496209,-0.0639975
-1.5494209,-0.0639975
-1.5492209,-0.0639975
-1.5490209,-0.0319988
-1.5488209,-0.0639975
-1.5486209,-0.0639975
-1.5484209,-0.0639975
-1.5482209,-0.0639975
-1.5480209,-0.0639975
-1.5478209,-0.0319988
-1.5476209,-0.127995
-1.5474209,-0.0639975
-1.5472209,-0.0959963
-1.5470209,-0.0639975
-1.5468209,-0.0639975
-1.5466209,-0.0959963
-1.5464209,-0.0959963
-1.5462209,-0.0639975
-1.5460209,-0.0639975
-1.5458209,-0.0639975
-1.5456209,-0.0959963
-1.5454209,-0.0639975
-1.5452209,-0.127995
-1.5450209,-0.0959963
-1.5448209,-0.0639975
-1.5446209,-0.0959963
-1.5444209,-0.0959963
-1.5442209,-0.0959963
-1.5440209,-0.127995
-1.5438209,-0.0959963
-1.5436209,-0.0959963
-1.5434209,-0.0959963
-1.5432209,-0.0959963
-1.5430209,-0.0959963
-1.5428209,-0.159994
-1.5426209,-0.0639975
-1.5424209,-0.0959963
-1.5422209,-0.127995
-1.5420209,-0.127995
-1.5418209,-0.0959963
-1.5416209,-0.127995
-1.5414209,-0.0959963
-1.5412209,-0.0959963
-1.5410209,-0.159994
-1.5408209,-0.0639975
-1.5406209,-0.0639975
-1.5404209,-0.0959963
-1.5402209,-0.0959963
-1.5400209,-0.0319988
-1.5398209,-0.127995
-1.5396209,-0.0959963
-1.5394209,-0.0959963
-1.5392209,-0.0959963
-1.5390209,-0.0959963
-1.5388209,-0.127995
-1.5386209,-0.0959963
-1.5384209,-0.0639975
-1.5382209,-0.0639975
-1.5380209,-0.0959963
-1.5378209,-0.0639975
-1.5376209,-0.0639975
-1.5374209,-0.0959963
-1.5372209,-0.0639975
-1.5370209,-0.0959963
-1.5368209,-0.0959963
-1.5366209,-0.0639975
-1.5364209,-0.0319988
-1.5362209,-0.0959963
-1.5360209,-0.0639975
-1.5358209,-0.0639975
-1.5356209,-0.0959963
-1.5354209,-0.0639975
-1.5352209,-0.0959963
-1.5350209,-0.0959963
-1.5348209,-0.0959963
-1.5346209,-0.0959963
-1.5344209,-0.0639975
-1.5342209,-0.0319988
-1.5340209,-0.0639975
-1.5338209,-0.0959963
-1.5336209,-0.0319988
-1.5334209,-0.0959963
-1.5332209,-0.0959963
-1.5330209,-0.0639975
-1.5328209,-0.0319988
-1.5326209,-0.0639975
-1.5324209,-0.0639975
-1.5322209,-0.0639975
-1.5320209,-0.0639975
-1.5318209,-0.0319988
-1.5316209,-0.0639975
-1.5314209,-0.0639975
-1.5312209,-0.0959963
-1.5310209,-0.0959963
-1.5308209,-0.0959963
-1.5306209,-0.0959963
-1.5304209,-0.0639975
-1.5302209,-0.0959963
-1.5300209,-0.0639975
-1.5298209,-0.0319988
-1.5296209,-0.0959963
-1.5294209,-0.0639975
-1.5292209,-0.0319988
-1.5290209,-0.127995
-1.5288209,-0.0959963
-1.5286209,-0.0639975
-1.5284209,-0.0959963
-1.5282209,-0.0959963
-1.5280209,-0.0959963
-1.5278209,-0.0959963
-1.5276209,-0.0639975
-1.5274209,-0.0959963
-1.5272209,-0.0959963
-1.5270209,-0.0639975
-1.5268209,-0.0959963
-1.5266209,-0.0959963
-1.5264209,-0.127995
-1.5262209,-0.0959963
-1.5260209,-0.0959963
-1.5258209,-0.0959963
-1.5256209,-0.0959963
-1.5254209,-0.0959963
-1.5252209,-0.0639975
-1.5250209,-0.127995
-1.5248209,-0.127995
-1.5246209,-0.0639975
-1.5244209,-0.0959963
-1.5242209,-0.0959963
-1.5240209,-0.0959963
-1.5238209,-0.0639975
-1.5236209,-0.127995
-1.5234209,-0.0639975
-1.5232209,-0.0959963
-1.5230209,-0.127995
-1.5228209,-0.0959963
-1.5226209,-0.0959963
-1.5224209,-0.0959963
-1.5222209,-0.127995
-1.5220209,-0.0959963
-1.5218209,-0.127995
-1.5216209,-0.127995
-1.5214209,-0.0639975
-1.5212209,-0.0959963
-1.5210209,-0.127995
-1.5208209,-0.127995
-1.5206209,-0.127995
-1.5204209,-0.0959963
-1.5202209,-0.0639975
-1.5200209,-0.127995
-1.5198209,-0.127995
-1.5196209,-0.127995
-1.5194209,-0.127995
-1.5192209,-0.0959963
-1.5190209,-0.0959963
-1.5188209,-0.127995
-1.5186209,-0.0639975
-1.5184209,-0.127995
-1.5182209,-0.159994
-1.5180209,-0.0639975
-1.5178209,-0.0639975
-1.5176209,-0.159994
-1.5174209,-0.0959963
-1.5172209,-0.0639975
-1.5170209,-0.0959963
-1.5168209,-0.0959963
-1.5166209,-0.159994
-1.5164209,-0.127995
-1.5162209,-0.0959963
-1.5160209,-0.0959963
-1.5158209,-0.159994
-1.5156209,-0.0959963
-1.5154209,-0.0959963
-1.5152209,-0.127995
-1.5150209,-0.127995
-1.5148209,-0.127995
-1.5146209,-0.0959963
-1.5144209,-0.0639975
-1.5142209,-0.0959963
-1.5140209,-0.127995
-1.5138209,-0.0639975
-1.5136209,-0.0959963
-1.5134209,-0.127995
-1.5132209,-0.0959963
-1.5130209,-0.0959963
-1.5128209,-0.159994
-1.5126209,-0.0959963
-1.5124209,-0.0639975
-1.5122209,-0.127995
-1.5120209,-0.127995
-1.5118209,-0.0639975
-1.5116209,-0.127995
-1.5114209,-0.0959963
-1.5112209,-0.0959963
-1.5110209,-0.0959963
-1.5108209,-0.127995
-1.5106209,-0.127995
-1.5104209,-0.127995
-1.5102209,-0.127995
-1.5100209,-0.0959963
-1.5098209,-0.127995
-1.5096209,-0.0959963
-1.5094209,-0.127995
-1.5092209,-0.159994
-1.5090209,-0.0959963
-1.5088209,-0.0639975
-1.5086209,-0.127995
-1.5084209,-0.0959963
-1.5082209,-0.0959963
-1.5080209,-0.127995
-1.5078209,-0.0639975
-1.5076209,-0.0959963
-1.5074209,-0.127995
-1.5072209,-0.127995
-1.5070209,-0.0959963
-1.5068209,-0.127995
-1.5066209,-0.0959963
-1.5064209,-0.0639975
-1.5062209,-0.0959963
-1.5060209,-0.127995
-1.5058209,-0.0959963
-1.5056209,-0.127995
-1.5054209,-0.159994
-1.5052209,-0.0959963
-1.5050209,-0.127995
-1.5048209,-0.0959963
-1.5046209,-0.0639975
-1.5044209,-0.127995
-1.5042209,-0.127995
-1.5040209,-0.0959963
-1.5038209,-0.127995
-1.5036209,-0.0959963
-1.5034209,-0.0959963
-1.5032209,-0.127995
-1.5030209,-0.0959963
-1.5028209,-0.0639975
-1.5026209,-0.127995
-1.5024209,-0.0639975
-1.5022209,-0.0959963
-1.5020209,-0.159994
-1.5018209,-0.0959963
-1.5016209,-0.0959963
-1.5014209,-0.127995
-1.5012209,-0.127995
-1.5010209,-0.0639975
-1.5008209,-0.0959963
-1.5006209,-0.0959963
-1.5004209,-0.0959963
-1.5002209,-0.127995
-1.5000209,-0.127995
-1.4998209,-0.0959963
-1.4996209,-0.127995
-1.4994209,-0.0959963
-1.4992209,-0.0959963
-1.4990209,-0.0959963
-1.4988209,-0.127995
-1.4986209,-0.0639975
-1.4984209,-0.127995
-1.4982209,-0.0959963
-1.4980209,-0.0959963
-1.4978209,-0.127995
-1.4976209,-0.0959963
-1.4974209,-0.0639975
-1.4972209,-0.0959963
-1.4970209,-0.127995
-1.4968209,-0.0959963
-1.4966209,-0.159994
-1.4964209,-0.127995
-1.4962209,-0.0959963
-1.4960209,-0.0959963
-1.4958209,-0.0959963
-1.4956209,-0.0959963
-1.4954209,-0.0959963
-1.4952209,-0.0959963
-1.4950209,-0.0639975
-1.4948209,-0.127995
-1.4946209,-0.0959963
-1.4944209,-0.0959963
-1.4942209,-0.0959963
-1.4940209,-0.0959963
-1.4938209,-0.0959963
-1.4936209,-0.0959963
-1.4934209,-0.0959963
-1.4932209,-0.127995
-1.4930209,-0.127995
-1.4928209,-0.127995
-1.4926209,-0.0639975
-1.4924209,-0.127995
-1.4922209,-0.127995
-1.4920209,-0.0639975
-1.4918209,-0.127995
-1.4916209,-0.127995
-1.4914209,-0.0959963
-1.4912209,-0.0959963
-1.4910209,-0.191993
-1.4908209,-0.0959963
-1.4906209,-0.127995
-1.4904209,-0.127995
-1.4902209,-0.0959963
-1.4900209,-0.127995
-1.4898209,-0.0959963
-1.4896209,-0.159994
-1.4894209,-0.0959963
-1.4892209,-0.0959963
-1.4890209,-0.0959963
-1.4888209,-0.127995
-1.4886209,-0.0959963
-1.4884209,-0.127995
-1.4882209,-0.0959963
-1.4880209,-0.0959963
-1.4878209,-0.127995
-1.4876209,-0.159994
-1.4874209,-0.159994
-1.4872209,-0.127995
-1.4870209,-0.127995
-1.4868209,-0.0959963
-1.4866209,-0.127995
-1.4864209,-0.159994
-1.4862209,-0.127995
-1.4860209,-0.127995
-1.4858209,-0.127995
-1.4856209,-0.127995
-1.4854209,-0.159994
-1.4852209,-0.159994
-1.4850209,-0.159994
-1.4848209,-0.0959963
-1.4846209,-0.191993
-1.4844209,-0.127995
-1.4842209,-0.127995
-1.4840209,-0.159994
-1.4838209,-0.0959963
-1.4836209,-0.0959963
-1.4834209,-0.127995
-1.4832209,-0.127995
-1.4830209,-0.127995
-1.4828209,-0.159994
-1.4826209,-0.127995
-1.4824209,-0.127995
-1.4822209,-0.127995
-1.4820209,-0.127995
-1.4818209,-0.127995
-1.4816209,-0.0959963
-1.4814209,-0.159994
-1.4812209,-0.127995
-1.4810209,-0.127995
-1.4808209,-0.0959963
-1.4806209,-0.0959963
-1.4804209,-0.127995
-1.4802209,-0.0959963
-1.4800209,-0.0639975
-1.4798209,-0.159994
-1.4796209,-0.127995
-1.4794209,-0.127995
-1.4792209,-0.0959963
-1.4790209,-0.0959963
-1.4788209,-0.0959963
-1.4786209,-0.159994
-1.4784209,-0.0959963
-1.4782209,-0.0639975
-1.4780209,-0.127995
-1.4778209,-0.0639975
-1.4776209,-0.0319988
-1.4774209,-0.127995
-1.4772209,-0.0959963
-1.4770209,-0.0639975
-1.4768209,-0.159994
-1.4766209,-0.0959963
-1.4764209,-0.0959963
-1.4762209,-0.127995
-1.4760209,-0.0639975
-1.4758209,-0.0639975
-1.4756209,-0.159994
-1.4754209,-0.0959963
-1.4752209,-0.0639975
-1.4750209,-0.127995
-1.4748209,-0.0639975
-1.4746209,-0.0959963
-1.4744209,-0.0959963
-1.4742209,-0.0639975
-1.4740209,-0.0639975
-1.4738209,-0.0639975
-1.4736209,-0.0639975
-1.4734209,-0.0959963
-1.4732209,-0.0639975
-1.4730209,-0.0639975
-1.4728209,-0.0639975
-1.4726209,-0.0959963
-1.4724209,-0.0639975
-1.4722209,-0.0639975
-1.4720209,-0.0959963
-1.4718209,-0.0639975
-1.4716209,-0.0319988
-1.4714209,-0.0639975
-1.4712209,0
-1.4710209,-0.0319988
-1.4708209,-0.0639975
-1.4706209,-0.0639975
-1.4704209,-0.0319988
-1.4702209,-0.0959963
-1.4700209,-0.0639975
-1.4698209,-0.0319988
-1.4696209,-0.0639975
-1.4694209,-0.0319988
-1.4692209,-0.0319988
-1.4690209,-0.0639975
-1.4688209,-0.0319988
-1.4686209,0
-1.4684209,-0.0319988
-1.4682209,-0.0639975
-1.4680209,-0.0319988
-1.4678209,-0.0319988
-1.4676209,-0.0639975
-1.4674209,0
-1.4672209,-0.0319988
-1.4670209,0
-1.4668209,-0.0319988
-1.4666209,-0.0319988
-1.4664209,-0.0319988
-1.4662209,0.0319988
-1.4660209,-0.0639975
-1.4658209,-0.0319988
-1.4656209,0
-1.4654209,-0.0319988
-1.4652209,0.0319988
-1.4650209,0
-1.4648209,0
-1.4646209,0
-1.4644209,0
-1.4642209,-0.0639975
-1.4640209,-0.0319988
-1.4638209,-0.0319988
-1.4636209,-0.0319988
-1.4634209,0
-1.4632209,0
-1.4630209,-0.0319988
-1.4628209,-0.0319988
-1.4626209,0
-1.4624209,-0.0319988
-1.4622209,0
-1.4620209,-0.0319988
-1.4618209,0
-1.4616209,0.0319988
-1.4614209,0
-1.4612209,0.0319988
-1.4610209,0
-1.4608209,0.0319988
-1.4606209,-0.0319988
-1.4604209,0
-1.4602209,0.0319988
-1.4600209,0
-1.4598209,0
-1.4596209,0.0639975
-1.4594209,-0.0319988
-1.4592209,0.0319988
-1.4590209,0.0319988
-1.4588209,0
-1.4586209,0
-1.4584209,0.0319988
-1.4582209,-0.0319988
-1.4580209,0
-1.4578209,0.0319988
-1.4576209,0.0319988
-1.4574209,0
-1.4572209,0.0319988
-1.4570209,0
-1.4568209,0
-1.4566209,0.0319988
-1.4564209,0.0319988
-1.4562209,-0.0319988
-1.4560209,0.0319988
-1.4558209,-0.0319988
-1.4556209,0
-1.4554209,0.0319988
-1.4552209,0.0319988
-1.4550209,0
-1.4548209,0
-1.4546209,-0.0319988
-1.4544209,0.0319988
-1.4542209,0.0639975
-1.4540209,0
-1.4538209,0
-1.4536209,0.0319988
-1.4534209,0
-1.4532209,0
-1.4530209,0.0319988
-1.4528209,-0.0319988
-1.4526209,0.0319988
-1.4524209,0.0319988
-1.4522209,0.0319988
-1.4520209,0.0639975
-1.4518209,0.0319988
-1.4516209,-0.0639975
-1.4514209,0.0319988
-1.4512209,0
-1.4510209,0
-1.4508209,0.0319988
-1.4506209,0.0319988
-1.4504209,0
-1.4502209,0
-1.4500209,0.0319988
-1.4498209,0
-1.4496209,0.0319988
-1.4494209,0.0319988
-1.4492209,0
-1.4490209,0.0319988
-1.4488209,0.0319988
-1.4486209,0.0319988
-1.4484209,0.0319988
-1.4482209,0.0639975
-1.4480209,0
-1.4478209,0.0319988
-1.4476209,0.0319988
-1.4474209,0.0319988
-1.4472209,0.0639975
-1.4470209,0.0639975
-1.4468209,0.0319988
-1.4466209,0.0319988
-1.4464209,0.0639975
-1.4462209,0.0319988
-1.4460209,0.0959963
-1.4458209,0.0639975
-1.4456209,0.0319988
-1.4454209,0.0639975
-1.4452209,0.0319988
-1.4450209,0.0319988
-1.4448209,0.0639975
-1.4446209,0.0639975
-1.4444209,0.0959963
-1.4442209,0.0319988
-1.4440209,0.0959963
-1.4438209,0.0959963
-1.4436209,0.0959963
-1.4434209,0.0639975
-1.4432209,0.0319988
-1.4430209,0.0959963
-1.4428209,0.0959963
-1.4426209,0.0319988
-1.4424209,0.0959963
-1.4422209,0.0959963
-1.4420209,0.0639975
-1.4418209,0.0639975
-1.4416209,0.0959963
-1.4414209,0.0639975
-1.4412209,0.0639975
-1.4410209,0.0319988
-1.4408209,0.0639975
-1.4406209,0.0959963
-1.4404209,0.0959963
-1.4402209,0.127995
-1.4400209,0.0639975
-1.4398209,0.0639975
-1.4396209,0.0959963
-1.4394209,0.0639975
-1.4392209,0.0959963
-1.4390209,0.0639975
-1.4388209,0.0959963
-1.4386209,0.0319988
-1.4384209,0.0319988
-1.4382209,0.0959963
-1.4380209,0.0959963
-1.4378209,0.0639975
-1.4376209,0.0959963
-1.4374209,0.0639975
-1.4372209,0.0959963
-1.4370209,0.0959963
-1.4368209,0.0639975
-1.4366209,0.0959963
-1.4364209,0.127995
-1.4362209,0.0959963
-1.4360209,0.0959963
-1.4358209,0.0959963
-1.4356209,0.0639975
-1.4354209,0.127995
-1.4352209,0.0959963
-1.4350209,0.0959963
-1.4348209,0.127995
-1.4346209,0.127995
-1.4344209,0.127995
-1.4342209,0.0959963
-1.4340209,0.127995
-1.4338209,0.127995
-1.4336209,0.159994
-1.4334209,0.127995
-1.4332209,0.127995
-1.4330209,0.127995
-1.4328209,0.191993
-1.4326209,0.127995
-1.4324209,0.159994
-1.4322209,0.127995
-1.4320209,0.127995
-1.4318209,0.159994
-1.4316209,0.0959963
-1.4314209,0.127995
-1.4312209,0.159994
-1.4310209,0.127995
-1.4308209,0.127995
-1.4306209,0.159994
-1.4304209,0.191993
-1.4302209,0.127995
-1.4300209,0.159994
-1.4298209,0.159994
-1.4296209,0.127995
-1.4294209,0.159994
-1.4292209,0.191993
-1.4290209,0.127995
-1.4288209,0.0959963
-1.4286209,0.191993
-1.4284209,0.159994
-1.4282209,0.159994
-1.4280209,0.159994
-1.4278209,0.159994
-1.4276209,0.127995
-1.4274209,0.159994
-1.4272209,0.191993
-1.4270209,0.159994
-1.4268209,0.159994
-1.4266209,0.159994
-1.4264209,0.159994
-1.4262209,0.191993
-1.4260209,0.127995
-1.4258209,0.191993
-1.4256209,0.159994
-1.4254209,0.159994
-1.4252209,0.191993
-1.4250209,0.159994
-1.4248209,0.191993
-1.4246209,0.159994
-1.4244209,0.191993
-1.4242209,0.159994
-1.4240209,0.159994
-1.4238209,0.191993
-1.4236209,0.159994
-1.4234209,0.191993
-1.4232209,0.191993
-1.4230209,0.191993
-1.4228209,0.191993
-1.4226209,0.191993
-1.4224209,0.159994
-1.4222209,0.191993
-1.4220209,0.223991
-1.4218209,0.159994
-1.4216209,0.191993
-1.4214209,0.223991
-1.4212209,0.191993
-1.4210209,0.159994
-1.4208209,0.223991
-1.4206209,0.191993
-1.4204209,0.191993
-1.4202209,0.223991
-1.4200209,0.223991
-1.4198209,0.191993
-1.4196209,0.25599
-1.4194209,0.191993
-1.4192209,0.191993
-1.4190209,0.223991
-1.4188209,0.191993
-1.4186209,0.191993
-1.4184209,0.191993
-1.4182209,0.191993
-1.4180209,0.191993
-1.4178209,0.25599
-1.4176209,0.191993
-1.4174209,0.191993
-1.4172209,0.223991
-1.4170209,0.191993
-1.4168209,0.223991
-1.4166209,0.223991
-1.4164209,0.191993
-1.4162209,0.223991
-1.4160209,0.223991
-1.4158209,0.25599
-1.4156209,0.191993
-1.4154209,0.191993
-1.4152209,0.191993
-1.4150209,0.223991
-1.4148209,0.25599
-1.4146209,0.191993
-1.4144209,0.223991
-1.4142209,0.191993
-1.4140209,0.223991
-1.4138209,0.191993
-1.4136209,0.223991
-1.4134209,0.191993
-1.4132209,0.223991
-1.4130209,0.25599
-1.4128209,0.191993
-1.4126209,0.191993
-1.4124209,0.223991
-1.4122209,0.191993
-1.4120209,0.191993
-1.4118209,0.223991
-1.4116209,0.191993
-1.4114209,0.25599
-1.4112209,0.223991
-1.4110209,0.25599
-1.4108209,0.223991
-1.4106209,0.223991
-1.4104209,0.223991
-1.4102209,0.223991
-1.4100209,0.223991
-1.4098209,0.223991
-1.4096209,0.25599
-1.4094209,0.25599
-1.4092209,0.223991
-1.4090209,0.223991
-1.4088209,0.223991
-1.4086209,0.223991
-1.4084209,0.25599
-1.4082209,0.223991
-1.4080209,0.25599
-1.4078209,0.223991
-1.4076209,0.223991
-1.4074209,0.223991
-1.4072209,0.223991
-1.4070209,0.223991
-1.4068209,0.25599
-1.4066209,0.223991
-1.4064209,0.25599
-1.4062209,0.25599
-1.4060209,0.223991
-1.4058209,0.25599
-1.4056209,0.223991
-1.4054209,0.287989
-1.4052209,0.223991
-1.4050209,0.223991
-1.4048209,0.223991
-1.4046209,0.25599
-1.4044209,0.223991
-1.4042209,0.25599
-1.4040209,0.25599
-1.4038209,0.191993
-1.4036209,0.25599
-1.4034209,0.223991
-1.4032209,0.25599
-1.4030209,0.223991
-1.4028209,0.25599
-1.4026209,0.25599
-1.4024209,0.223991
-1.4022209,0.223991
-1.4020209,0.25599
-1.4018209,0.223991
-1.4016209,0.191993
-1.4014209,0.25599
-1.4012209,0.25599
-1.4010209,0.25599
-1.4008209,0.25599
-1.4006209,0.223991
-1.4004209,0.25599
-1.4002209,0.25599
-1.4000209,0.223991
-1.3998209,0.25599
-1.3996209,0.223991
-1.3994209,0.287989
-1.3992209,0.223991
-1.3990209,0.25599
-1.3988209,0.223991
-1.3986209,0.25599
-1.3984209,0.223991
-1.3982209,0.223991
-1.3980209,0.287989
-1.3978209,0.223991
-1.3976209,0.25599
-1.3974209,0.25599
-1.3972209,0.25599
-1.3970209,0.25599
-1.3968209,0.287989
-1.3966209,0.25599
-1.3964209,0.25599
-1.3962209,0.25599
-1.3960209,0.223991
-1.3958209,0.25599
-1.3956209,0.287989
-1.3954209,0.223991
-1.3952209,0.287989
-1.3950209,0.287989
-1.3948209,0.25599
-1.3946209,0.25599
-1.3944209,0.25599
-1.3942209,0.25599
-1.3940209,0.223991
-1.3938209,0.25599
-1.3936209,0.25599
-1.3934209,0.287989
-1.3932209,0.223991
-1.3930209,0.25599
-1.3928209,0.25599
-1.3926209,0.287989
-1.3924209,0.25599
-1.3922209,0.25599
-1.3920209,0.287989
-1.3918209,0.287989
-1.3916209,0.25599
-1.3914209,0.287989
-1.3912209,0.25599
-1.3910209,0.287989
-1.3908209,0.25599
-1.3906209,0.287989
-1.3904209,0.223991
-1.3902209,0.287989
-1.3900209,0.25599
-1.3898209,0.223991
-1.3896209,0.25599
-1.3894209,0.25599
-1.3892209,0.25599
-1.3890209,0.25599
-1.3888209,0.25599
-1.3886209,0.25599
-1.3884209,0.287989
-1.3882209,0.287989
-1.3880209,0.287989
-1.3878209,0.25599
-1.3876209,0.25599
-1.3874209,0.25599
-1.3872209,0.319988
-1.3870209,0.287989
-1.3868209,0.287989
-1.3866209,0.287989
-1.3864209,0.287989
-1.3862209,0.25599
-1.3860209,0.319988
-1.3858209,0.25599
-1.3856209,0.319988
-1.3854209,0.287989
-1.3852209,0.287989
-1.3850209,0.287989
-1.3848209,0.319988
-1.3846209,0.25599
-1.3844209,0.287989
-1.3842209,0.319988
-1.3840209,0.25599
-1.3838209,0.287989
-1.3836209,0.319988
-1.3834209,0.25599
-1.3832209,0.287989
-1.3830209,0.319988
-1.3828209,0.287989
-1.3826209,0.319988
-1.3824209,0.319988
-1.3822209,0.287989
-1.3820209,0.319988
-1.3818209,0.319988
-1.3816209,0.25599
-1.3814209,0.287989
-1.3812209,0.287989
-1.3810209,0.287989
-1.3808209,0.319988
-1.3806209,0.287989
-1.3804209,0.287989
-1.3802209,0.319988
-1.3800209,0.25599
-1.3798209,0.25599
-1.3796209,0.25599
-1.3794209,0.319988
-1.3792209,0.287989
-1.3790209,0.287989
-1.3788209,0.319988
-1.3786209,0.287989
-1.3784209,0.25599
-1.3782209,0.351986
-1.3780209,0.25599
-1.3778209,0.287989
-1.3776209,0.319988
-1.3774209,0.25599
-1.3772209,0.287989
-1.3770209,0.319988
-1.3768209,0.25599
-1.3766209,0.287989
-1.3764209,0.319988
-1.3762209,0.287989
-1.3760209,0.287989
-1.3758209,0.351986
-1.3756209,0.319988
-1.3754209,0.287989
-1.3752209,0.319988
-1.3750209,0.287989
-1.3748209,0.287989
-1.3746209,0.287989
-1.3744209,0.287989
-1.3742209,0.287989
-1.3740209,0.319988
-1.3738209,0.319988
-1.3736209,0.287989
-1.3734209,0.351986
-1.3732209,0.287989
-1.3730209,0.319988
-1.3728209,0.319988
-1.3726209,0.319988
-1.3724209,0.287989
-1.3722209,0.319988
-1.3720209,0.319988
-1.3718209,0.319988
-1.3716209,0.351986
-1.3714209,0.319988
-1.3712209,0.351986
-1.3710209,0.287989
-1.3708209,0.319988
-1.3706209,0.351986
-1.3704209,0.351986
-1.3702209,0.319988
-1.3700209,0.319988
-1.3698209,0.351986
-1.3696209,0.287989
-1.3694209,0.351986
-1.3692209,0.351986
-1.3690209,0.287989
-1.3688209,0.319988
-1.3686209,0.351986
-1.3684209,0.319988
-1.3682209,0.319988
-1.3680209,0.351986
-1.3678209,0.287989
-1.3676209,0.351986
-1.3674209,0.383985
-1.3672209,0.351986
-1.3670209,0.319988
-1.3668209,0.351986
-1.3666209,0.287989
-1.3664209,0.351986
-1.3662209,0.319988
-1.3660209,0.319988
-1.3658209,0.319988
-1.3656209,0.351986
-1.3654209,0.287989
-1.3652209,0.319988
-1.3650209,0.319988
-1.3648209,0.319988
-1.3646209,0.351986
-1.3644209,0.351986
-1.3642209,0.319988
-1.3640209,0.319988
-1.3638209,0.383985
-1.3636209,0.351986
-1.3634209,0.319988
-1.3632209,0.351986
-1.3630209,0.319988
-1.3628209,0.351986
-1.3626209,0.351986
-1.3624209,0.319988
-1.3622209,0.383985
-1.3620209,0.351986
-1.3618209,0.319988
-1.3616209,0.351986
-1.3614209,0.351986
-1.3612209,0.351986
-1.3610209,0.319988
-1.3608209,0.351986
-1.3606209,0.319988
-1.3604209,0.319988
-1.3602209,0.351986
-1.3600209,0.351986
-1.3598209,0.319988
-1.3596209,0.383985
-1.3594209,0.351986
-1.3592209,0.351986
-1.3590209,0.383985
-1.3588209,0.351986
-1.3586209,0.383985
-1.3584209,0.415984
-1.3582209,0.383985
-1.3580209,0.351986
-1.3578209,0.351986
-1.3576209,0.319988
-1.3574209,0.351986
-1.3572209,0.415984
-1.3570209,0.319988
-1.3568209,0.351986
-1.3566209,0.415984
-1.3564209,0.351986
-1.3562209,0.351986
-1.3560209,0.351986
-1.3558209,0.351986
-1.3556209,0.351986
-1.3554209,0.383985
-1.3552209,0.351986
-1.3550209,0.383985
-1.3548209,0.383985
-1.3546209,0.319988
-1.3544209,0.351986
-1.3542209,0.383985
-1.3540209,0.351986
-1.3538209,0.351986
-1.3536209,0.351986
-1.3534209,0.319988
-1.3532209,0.351986
-1.3530209,0.383985
-1.3528209,0.351986
-1.3526209,0.351986
-1.3524209,0.351986
-1.3522209,0.319988
-1.3520209,0.319988
-1.3518209,0.351986
-1.3516209,0.319988
-1.3514209,0.287989
-1.3512209,0.351986
-1.3510209,0.351986
-1.3508209,0.351986
-1.3506209,0.351986
-1.3504209,0.351986
-1.3502209,0.351986
-1.3500209,0.383985
-1.3498209,0.351986
-1.3496209,0.319988
-1.3494209,0.383985
-1.3492209,0.351986
-1.3490209,0.319988
-1.3488209,0.351986
-1.3486209,0.319988
-1.3484209,0.351986
-1.3482209,0.351986
-1.3480209,0.319988
-1.3478209,0.287989
-1.3476209,0.351986
-1.3474209,0.351986
-1.3472209,0.319988
-1.3470209,0.351986
-1.3468209,0.287989
-1.3466209,0.319988
-1.3464209,0.319988
-1.3462209,0.319988
-1.3460209,0.351986
-1.3458209,0.383985
-1.3456209,0.319988
-1.3454209,0.351986
-1.3452209,0.319988
-1.3450209,0.319988
-1.3448209,0.319988
-1.3446209,0.319988
-1.3444209,0.351986
-1.3442209,0.287989
-1.3440209,0.351986
-1.3438209,0.25599
-1.3436209,0.351986
-1.3434209,0.351986
-1.3432209,0.319988
-1.3430209,0.319988
-1.3428209,0.319988
-1.3426209,0.287989
-1.3424209,0.319988
-1.3422209,0.383985
-1.3420209,0.287989
-1.3418209,0.287989
-1.3416209,0.351986
-1.3414209,0.319988
-1.3412209,0.319988
-1.3410209,0.351986
-1.3408209,0.319988
-1.3406209,0.319988
-1.3404209,0.351986
-1.3402209,0.319988
-1.3400209,0.287989
-1.3398209,0.351986
-1.3396209,0.319988
-1.3394209,0.287989
-1.3392209,0.351986
-1.3390209,0.287989
-1.3388209,0.319988
-1.3386209,0.319988
-1.3384209,0.319988
-1.3382209,0.319988
-1.3380209,0.351986
-1.3378209,0.351986
-1.3376209,0.319988
-1.3374209,0.351986
-1.3372209,0.319988
-1.3370209,0.287989
-1.3368209,0.383985
-1.3366209,0.319988
-1.3364209,0.319988
-1.3362209,0.319988
-1.3360209,0.319988
-1.3358209,0.287989
-1.3356209,0.351986
-1.3354209,0.287989
-1.3352209,0.319988
-1.3350209,0.351986
-1.3348209,0.319988
-1.3346209,0.319988
-1.3344209,0.319988
-1.3342209,0.287989
-1.3340209,0.287989
-1.3338209,0.351986
-1.3336209,0.287989
-1.3334209,0.319988
-1.3332209,0.319988
-1.3330209,0.25599
-1.3328209,0.25599
-1.3326209,0.319988
-1.3324209,0.25599
-1.3322209,0.287989
-1.3320209,0.287989
-1.3318209,0.287989
-1.3316209,0.25599
-1.3314209,0.319988
-1.3312209,0.287989
-1.3310209,0.25599
-1.3308209,0.287989
-1.3306209,0.25599
-1.3304209,0.25599
-1.3302209,0.287989
-1.3300209,0.25599
-1.3298209,0.287989
-1.3296209,0.287989
-1.3294209,0.25599
-1.3292209,0.223991
-1.3290209,0.223991
-1.3288209,0.223991
-1.3286209,0.223991
-1.3284209,0.223991
-1.3282209,0.223991
-1.3280209,0.223991
-1.3278209,0.223991
-1.3276209,0.191993
-1.3274209,0.223991
-1.3272209,0.223991
-1.3270209,0.191993
-1.3268209,0.223991
-1.3266209,0.223991
-1.3264209,0.191993
-1.3262209,0.223991
-1.3260209,0.25599
-1.3258209,0.223991
-1.3256209,0.191993
-1.3254209,0.223991
-1.3252209,0.191993
-1.3250209,0.191993
-1.3248209,0.191993
-1.3246209,0.223991
-1.3244209,0.191993
-1.3242209,0.159994
-1.3240209,0.159994
-1.3238209,0.223991
-1.3236209,0.191993
-1.3234209,0.191993
-1.3232209,0.191993
-1.3230209,0.223991
-1.3228209,0.191993
-1.3226209,0.191993
-1.3224209,0.223991
-1.3222209,0.159994
-1.3220209,0.159994
-1.3218209,0.223991
-1.3216209,0.191993
-1.3214209,0.159994
-1.3212209,0.159994
-1.3210209,0.191993
-1.3208209,0.159994
-1.3206209,0.159994
-1.3204209,0.159994
-1.3202209,0.191993
-1.3200209,0.159994
-1.3198209,0.191993
-1.3196209,0.159994
-1.3194209,0.159994
-1.3192209,0.127995
-1.3190209,0.159994
-1.3188209,0.127995
-1.3186209,0.159994
-1.3184209,0.0959963
-1.3182209,0.0959963
-1.3180209,0.0959963
-1.3178209,0.127995
-1.3176209,0.127995
-1.3174209,0.159994
-1.3172209,0.0959963
-1.3170209,0.127995
-1.3168209,0.0959963
-1.3166209,0.127995
-1.3164209,0.127995
-1.3162209,0.0959963
-1.3160209,0.127995
-1.3158209,0.191993
-1.3156209,0.127995
-1.3154209,0.0959963
-1.3152209,0.127995
-1.3150209,0.0959963
-1.3148209,0.0639975
-1.3146209,0.0959963
-1.3144209,0.0959963
-1.3142209,0.0639975
-1.3140209,0.0639975
-1.3138209,0.0959963
-1.3136209,0.0639975
-1.3134209,0.0959963
-1.3132209,0.0639975
-1.3130209,0.0959963
-1.3128209,0.0959963
-1.3126209,0.0959963
-1.3124209,0.127995
-1.3122209,0.127995
-1.3120209,0.0639975
-1.3118209,0.0639975
-1.3116209,0.0639975
-1.3114209,0.127995
-1.3112209,0.0959963
-1.3110209,0.0959963
-1.3108209,0.0639975
-1.3106209,0.0639975
-1.3104209,0.0959963
-1.3102209,0.0959963
-1.3100209,0.0639975
-1.3098209,0.0959963
-1.3096209,0.0959963
-1.3094209,0.0639975
-1.3092209,0.0959963
-1.3090209,0.0319988
-1.3088209,0.0639975
-1.3086209,0.0959963
-1.3084209,0.0639975
-1.3082209,0.0319988
-1.3080209,0.0959963
-1.3078209,0.0639975
-1.3076209,0.0319988
-1.3074209,0.0319988
-1.3072209,0.0639975
-1.3070209,0.0319988
-1.3068209,0.0319988
-1.3066209,0.0639975
-1.3064209,0.0639975
-1.3062209,0.0639975
-1.3060209,0.0319988
-1.3058209,0
-1.3056209,0.0319988
-1.3054209,0.0319988
-1.3052209,-0.0319988
-1.3050209,0
-1.3048209,0.0319988
-1.3046209,0
-1.3044209,-0.0319988
-1.3042209,0.0319988
-1.3040209,0
-1.3038209,0.0319988
-1.3036209,0
-1.3034209,-0.0639975
-1.3032209,0
-1.3030209,0.0319988
-1.3028209,-0.0319988
-1.3026209,-0.0639975
-1.3024209,0.0319988
-1.3022209,-0.0639975
-1.3020209,0
-1.3018209,0.0319988
-1.3016209,-0.0319988
-1.3014209,0
-1.3012209,-0.0319988
-1.3010209,-0.0319988
-1.3008209,-0.0319988
-1.3006209,0
-1.3004209,-0.0319988
-1.3002209,-0.0319988
-1.3000209,0
-1.2998209,-0.0319988
-1.2996209,-0.0319988
-1.2994209,-0.0639975
-1.2992209,-0.0959963
-1.2990209,-0.0319988
-1.2988209,-0.0959963
-1.2986209,-0.0639975
-1.2984209,-0.0639975
-1.2982209,-0.0639975
-1.2980209,-0.0639975
-1.2978209,-0.0639975
-1.2976209,-0.0639975
-1.2974209,-0.0639975
-1.2972209,-0.0959963
-1.2970209,-0.0639975
-1.2968209,-0.0959963
-1.2966209,-0.0319988
-1.2964209,-0.0319988
-1.2962209,-0.0959963
-1.2960209,-0.0959963
-1.2958209,-0.0639975
-1.2956209,-0.159994
-1.2954209,-0.0639975
-1.2952209,-0.0959963
-1.2950209,-0.0959963
-1.2948209,-0.127995
-1.2946209,-0.0959963
-1.2944209,-0.0959963
-1.2942209,-0.0639975
-1.2940209,-0.0639975
-1.2938209,-0.127995
-1.2936209,-0.0959963
-1.2934209,-0.127995
-1.2932209,-0.127995
-1.2930209,-0.0959963
-1.2928209,-0.127995
-1.2926209,-0.159994
-1.2924209,-0.127995
-1.2922209,-0.0959963
-1.2920209,-0.159994
-1.2918209,-0.0959963
-1.2916209,-0.0959963
-1.2914209,-0.159994
-1.2912209,-0.159994
-1.2910209,-0.127995
-1.2908209,-0.159994
-1.2906209,-0.0959963
-1.2904209,-0.0959963
-1.2902209,-0.127995
-1.2900209,-0.159994
-1.2898209,-0.0959963
-1.2896209,-0.159994
-1.2894209,-0.0959963
-1.2892209,-0.127995
-1.2890209,-0.191993
-1.2888209,-0.159994
-1.2886209,-0.159994
-1.2884209,-0.159994
-1.2882209,-0.127995
-1.2880209,-0.127995
-1.2878209,-0.159994
-1.2876209,-0.159994
-1.2874209,-0.159994
-1.2872209,-0.159994
-1.2870209,-0.159994
-1.2868209,-0.127995
-1.2866209,-0.159994
-1.2864209,-0.127995
-1.2862209,-0.127995
-1.2860209,-0.223991
-1.2858209,-0.191993
-1.2856209,-0.159994
-1.2854209,-0.191993
-1.2852209,-0.159994
-1.2850209,-0.159994
-1.2848209,-0.191993
-1.2846209,-0.159994
-1.2844209,-0.159994
-1.2842209,-0.159994
-1.2840209,-0.223991
-1.2838209,-0.127995
-1.2836209,-0.159994
-1.2834209,-0.191993
-1.2832209,-0.159994
-1.2830209,-0.159994
-1.2828209,-0.159994
-1.2826209,-0.159994
-1.2824209,-0.191993
-1.2822209,-0.223991
-1.2820209,-0.159994
-1.2818209,-0.159994
-1.2816209,-0.191993
-1.2814209,-0.159994
-1.2812209,-0.191993
-1.2810209,-0.223991
-1.2808209,-0.191993
-1.2806209,-0.191993
-1.2804209,-0.191993
-1.2802209,-0.191993
-1.2800209,-0.191993
-1.2798209,-0.223991
-1.2796209,-0.191993
-1.2794209,-0.159994
-1.2792209,-0.223991
-1.2790209,-0.159994
-1.2788209,-0.159994
-1.2786209,-0.223991
-1.2784209,-0.223991
-1.2782209,-0.191993
-1.2780209,-0.223991
-1.2778209,-0.223991
-1.2776209,-0.191993
-1.2774209,-0.159994
-1.2772209,-0.191993
-1.2770209,-0.127995
-1.2768209,-0.191993
-1.2766209,-0.159994
-1.2764209,-0.223991
-1.2762209,-0.191993
-1.2760209,-0.223991
-1.2758209,-0.191993
-1.2756209,-0.191993
-1.2754209,-0.223991
-1.2752209,-0.223991
-1.2750209,-0.191993
-1.2748209,-0.159994
-1.2746209,-0.191993
-1.2744209,-0.159994
-1.2742209,-0.191993
-1.2740209,-0.191993
-1.2738209,-0.223991
-1.2736209,-0.25599
-1.2734209,-0.223991
-1.2732209,-0.191993
-1.2730209,-0.223991
-1.2728209,-0.25599
-1.2726209,-0.191993
-1.2724209,-0.191993
-1.2722209,-0.191993
-1.2720209,-0.223991
-1.2718209,-0.191993
-1.2716209,-0.223991
-1.2714209,-0.191993
-1.2712209,-0.191993
-1.2710209,-0.191993
-1.2708209,-0.191993
-1.2706209,-0.191993
-1.2704209,-0.223991
-1.2702209,-0.191993
-1.2700209,-0.159994
-1.2698209,-0.223991
-1.2696209,-0.159994
-1.2694209,-0.223991
-1.2692209,-0.223991
-1.2690209,-0.191993
-1.2688209,-0.191993
-1.2686209,-0.223991
-1.2684209,-0.159994
-1.2682209,-0.191993
-1.2680209,-0.191993
-1.2678209,-0.25599
-1.2676209,-0.223991
-1.2674209,-0.223991
-1.2672209,-0.191993
-1.2670209,-0.159994
-1.2668209,-0.223991
-1.2666209,-0.191993
-1.2664209,-0.191993
-1.2662209,-0.159994
-1.2660209,-0.191993
-1.2658209,-0.127995
-1.2656209,-0.191993
-1.2654209,-0.191993
-1.2652209,-0.127995
-1.2650209,-0.223991
-1.2648209,-0.191993
-1.2646209,-0.159994
-1.2644209,-0.159994
-1.2642209,-0.159994
-1.2640209,-0.159994
-1.2638209,-0.191993
-1.2636209,-0.159994
-1.2634209,-0.159994
-1.2632209,-0.223991
-1.2630209,-0.159994
-1.2628209,-0.191993
-1.2626209,-0.191993
-1.2624209,-0.159994
-1.2622209,-0.159994
-1.2620209,-0.127995
-1.2618209,-0.127995
-1.2616209,-0.127995
-1.2614209,-0.191993
-1.2612209,-0.159994
-1.2610209,-0.127995
-1.2608209,-0.159994
-1.2606209,-0.159994
-1.2604209,-0.159994
-1.2602209,-0.159994
-1.2600209,-0.127995
-1.2598209,-0.127995
-1.2596209,-0.191993
-1.2594209,-0.159994
-1.2592209,-0.127995
-1.2590209,-0.159994
-1.2588209,-0.127995
-1.2586209,-0.127995
-1.2584209,-0.159994
-1.2582209,-0.127995
-1.2580209,-0.127995
-1.2578209,-0.127995
-1.2576209,-0.0959963
-1.2574209,-0.127995
-1.2572209,-0.191993
-1.2570209,-0.159994
-1.2568209,-0.159994
-1.2566209,-0.159994
-1.2564209,-0.0959963
-1.2562209,-0.159994
-1.2560209,-0.159994
-1.2558209,-0.0959963
-1.2556209,-0.159994
-1.2554209,-0.159994
-1.2552209,-0.127995
-1.2550209,-0.127995
-1.2548209,-0.159994
-1.2546209,-0.0959963
-1.2544209,-0.127995
-1.2542209,-0.159994
-1.2540209,-0.127995
-1.2538209,-0.0959963
-1.2536209,-0.159994
-1.2534209,-0.127995
-1.2532209,-0.127995
-1.2530209,-0.191993
-1.2528209,-0.159994
-1.2526209,-0.159994
-1.2524209,-0.159994
-1.2522209,-0.0639975
-1.2520209,-0.0959963
-1.2518209,-0.159994
-1.2516209,-0.127995
-1.2514209,-0.0959963
-1.2512209,-0.159994
-1.2510209,-0.127995
-1.2508209,-0.159994
-1.2506209,-0.127995
-1.2504209,-0.0959963
-1.2502209,-0.0959963
-1.2500209,-0.127995
-1.2498209,-0.0639975
-1.2496209,-0.127995
-1.2494209,-0.127995
-1.2492209,-0.127995
-1.2490209,-0.0959963
-1.2488209,-0.0959963
-1.2486209,-0.0959963
-1.2484209,-0.0959963
-1.2482209,-0.159994
-1.2480209,-0.0959963
-1.2478209,-0.0959963
-1.2476209,-0.0959963
-1.2474209,-0.0959963
-1.2472209,-0.0639975
-1.2470209,-0.127995
-1.2468209,-0.0959963
-1.2466209,-0.0639975
-1.2464209,-0.0959963
-1.2462209,-0.0959963
-1.2460209,-0.0959963
-1.2458209,-0.127995
-1.2456209,-0.0959963
-1.2454209,-0.0959963
-1.2452209,-0.0959963
-1.2450209,-0.0639975
-1.2448209,-0.0639975
-1.2446209,-0.0959963
-1.2444209,-0.127995
-1.2442209,-0.0959963
-1.2440209,-0.127995
-1.2438209,-0.0639975
-1.2436209,-0.127995
-1.2434209,-0.127995
-1.2432209,-0.0959963
-1.2430209,-0.0639975
-1.2428209,-0.0959963
-1.2426209,-0.0959963
-1.2424209,-0.0959963
-1.2422209,-0.0959963
-1.2420209,-0.0639975
-1.2418209,-0.0639975
-1.2416209,-0.127995
-1.2414209,-0.0639975
-1.2412209,-0.0959963
-1.2410209,-0.0959963
-1.2408209,-0.0639975
-1.2406209,-0.0639975
-1.2404209,-0.0959963
-1.2402209,-0.0959963
-1.2400209,-0.0639975
-1.2398209,-0.127995
-1.2396209,-0.127995
-1.2394209,-0.0319988
-1.2392209,-0.0959963
-1.2390209,-0.127995
-1.2388209,-0.0639975
-1.2386209,-0.0959963
-1.2384209,-0.127995
-1.2382209,-0.0319988
-1.2380209,-0.0639975
-1.2378209,-0.0639975
-1.2376209,-0.0319988
-1.2374209,-0.0639975
-1.2372209,-0.0319988
-1.2370209,-0.0639975
-1.2368209,-0.0639975
-1.2366209,-0.0639975
-1.2364209,-0.0959963
-1.2362209,-0.0959963
-1.2360209,-0.0959963
-1.2358209,-0.0639975
-1.2356209,-0.0959963
-1.2354209,-0.0959963
-1.2352209,-0.0959963
-1.2350209,-0.0959963
-1.2348209,-0.0639975
-1.2346209,-0.0639975
-1.2344209,-0.0639975
-1.2342209,-0.0639975
-1.2340209,-0.0319988
-1.2338209,-0.0639975
-1.2336209,-0.0639975
-1.2334209,-0.0639975
-1.2332209,-0.0639975
-1.2330209,-0.0639975
-1.2328209,-0.0319988
-1.2326209,-0.0639975
-1.2324209,-0.0639975
-1.2322209,-0.0639975
-1.2320209,-0.0639975
-1.2318209,-0.0639975
-1.2316209,-0.0639975
-1.2314209,-0.0959963
-1.2312209,-0.0639975
-1.2310209,-0.0639975
-1.2308209,-0.0959963
-1.2306209,-0.0319988
-1.2304209,-0.0639975
-1.2302209,-0.0959963
-1.2300209,-0.0319988
-1.2298209,-0.0319988
-1.2296209,-0.0639975
-1.2294209,-0.0639975
-1.2292209,0
-1.2290209,-0.0319988
-1.2288209,-0.0319988
-1.2286209,-0.0319988
-1.2284209,-0.0959963
-1.2282209,-0.0319988
-1.2280209,-0.0319988
-1.2278209,-0.0639975
-1.2276209,-0.0639975
-1.2274209,-0.0319988
-1.2272209,-0.0639975
-1.2270209,-0.0319988
-1.2268209,-0.0639975
-1.2266209,-0.0959963
-1.2264209,-0.0319988
-1.2262209,-0.0319988
-1.2260209,-0.0639975
-1.2258209,-0.0639975
-1.2256209,0
-1.2254209,-0.0639975
-1.2252209,-0.0319988
-1.2250209,-0.0319988
-1.2248209,-0.0319988
-1.2246209,-0.0319988
-1.2244209,-0.0319988
-1.2242209,-0.0639975
-1.2240209,-0.0639975
-1.2238209,0
-1.2236209,-0.0319988
-1.2234209,0
-1.2232209,-0.0319988
-1.2230209,-0.0319988
-1.2228209,-0.0319988
-1.2226209,-0.0319988
-1.2224209,-0.0319988
-1.2222209,0
-1.2220209,0
-1.2218209,-0.0639975
-1.2216209,0.0319988
-1.2214209,0
-1.2212209,-0.0319988
-1.2210209,0
-1.2208209,-0.0319988
-1.2206209,-0.0639975
-1.2204209,-0.0639975
-1.2202209,-0.0319988
-1.2200209,-0.0639975
-1.2198209,-0.0319988
-1.2196209,-0.0639975
-1.2194209,-0.0639975
-1.2192209,-0.0319988
-1.2190209,0
-1.2188209,-0.0959963
-1.2186209,-0.0319988
-1.2184209,-0.0639975
-1.2182209,-0.0959963
-1.2180209,-0.0959963
-1.2178209,-0.0959963
-1.2176209,-0.0639975
-1.2174209,-0.0319988
-1.2172209,-0.0639975
-1.2170209,-0.0959963
-1.2168209,-0.0319988
-1.2166209,-0.0319988
-1.2164209,-0.0959963
-1.2162209,-0.0959963
-1.2160209,-0.0639975
-1.2158209,-0.0639975
-1.2156209,-0.0959963
-1.2154209,-0.0639975
-1.2152209,-0.127995
-1.2150209,-0.0959963
-1.2148209,-0.0959963
-1.2146209,-0.0959963
-1.2144209,-0.0639975
-1.2142209,-0.0639975
-1.2140209,-0.0959963
-1.2138209,-0.0959963
-1.2136209,-0.0959963
-1.2134209,-0.0959963
-1.2132209,-0.0959963
-1.2130209,-0.0639975
-1.2128209,-0.0959963
-1.2126209,-0.0639975
-1.2124209,-0.127995
-1.2122209,-0.0959963
-1.2120209,-0.0639975
-1.2118209,-0.0319988
-1.2116209,-0.0959963
-1.2114209,-0.0639975
-1.2112209,-0.0639975
-1.2110209,-0.0959963
-1.2108209,-0.127995
-1.2106209,-0.0959963
-1.2104209,-0.0959963
-1.2102209,-0.0639975
-1.2100209,-0.0639975
-1.2098209,-0.0959963
-1.2096209,-0.0959963
-1.2094209,-0.0959963
-1.2092209,-0.0639975
-1.2090209,-0.0319988
-1.2088209,-0.0639975
-1.2086209,-0.127995
-1.2084209,-0.0959963
-1.2082209,-0.0959963
-1.2080209,-0.0959963
-1.2078209,-0.0639975
-1.2076209,-0.0959963
-1.2074209,-0.0959963
-1.2072209,-0.0959963
-1.2070209,-0.0959963
-1.2068209,-0.0639975
-1.2066209,-0.0639975
-1.2064209,-0.0639975
-1.2062209,-0.0959963
-1.2060209,-0.0639975
-1.2058209,-0.0959963
-1.2056209,-0.0959963
-1.2054209,-0.0959963
-1.2052209,-0.0639975
-1.2050209,-0.127995
-1.2048209,-0.0639975
-1.2046209,-0.0959963
-1.2044209,-0.0959963
-1.2042209,-0.0639975
-1.2040209,-0.0639975
-1.2038209,-0.0959963
-1.2036209,-0.0639975
-1.2034209,-0.127995
-1.2032209,-0.0959963
-1.2030209,-0.127995
-1.2028209,-0.0959963
-1.2026209,-0.0959963
-1.2024209,-0.0959963
-1.2022209,-0.0959963
-1.2020209,-0.0959963
-1.2018209,-0.127995
-1.2016209,-0.0639975
-1.2014209,-0.127995
-1.2012209,-0.0959963
-1.2010209,-0.0319988
-1.2008209,-0.0959963
-1.2006209,-0.0959963
-1.2004209,-0.0959963
-1.2002209,-0.0959963
-1.2000209,-0.0959963
-1.1998209,-0.0639975
-1.1996209,-0.0959963
-1.1994209,-0.0639975
-1.1992209,-0.127995
-1.1990209,-0.127995
-1.1988209,-0.0959963
-1.1986209,-0.0959963
-1.1984209,-0.127995
-1.1982209,-0.0639975
-1.1980209,-0.0639975
-1.1978209,-0.0959963
-1.1976209,-0.0959963
-1.1974209,-0.0959963
-1.1972209,-0.0959963
-1.1970209,-0.0959963
-1.1968209,-0.0959963
-1.1966209,-0.0959963
-1.1964209,-0.0319988
-1.1962209,-0.0639975
-1.1960209,-0.0959963
-1.1958209,-0.0959963
-1.1956209,-0.0959963
-1.1954209,-0.0959963
-1.1952209,-0.0959963
-1.1950209,-0.0959963
-1.1948209,-0.127995
-1.1946209,-0.0639975
-1.1944209,-0.0639975
-1.1942209,-0.127995
-1.1940209,-0.0959963
-1.1938209,-0.0639975
-1.1936209,-0.127995
-1.1934209,-0.0959963
-1.1932209,-0.0639975
-1.1930209,-0.0959963
-1.1928209,-0.0959963
-1.1926209,-0.0639975
-1.1924209,-0.127995
-1.1922209,-0.0959963
-1.1920209,-0.0639975
-1.1918209,-0.0959963
-1.1916209,-0.127995
-1.1914209,-0.0639975
-1.1912209,-0.0959963
-1.1910209,-0.0639975
-1.1908209,-0.0319988
-1.1906209,-0.159994
-1.1904209,-0.127995
-1.1902209,-0.0639975
-1.1900209,-0.159994
-1.1898209,-0.127995
-1.1896209,-0.0639975
-1.1894209,-0.127995
-1.1892209,-0.0639975
-1.1890209,-0.127995
-1.1888209,-0.127995
-1.1886209,-0.127995
-1.1884209,-0.0959963
-1.1882209,-0.0959963
-1.1880209,-0.127995
-1.1878209,-0.0959963
-1.1876209,-0.127995
-1.1874209,-0.159994
-1.1872209,-0.0959963
-1.1870209,-0.0959963
-1.1868209,-0.0959963
-1.1866209,-0.127995
-1.1864209,-0.127995
-1.1862209,-0.127995
-1.1860209,-0.127995
-1.1858209,-0.159994
-1.1856209,-0.0959963
-1.1854209,-0.0959963
-1.1852209,-0.127995
-1.1850209,-0.0959963
-1.1848209,-0.0639975
-1.1846209,-0.127995
-1.1844209,-0.0959963
-1.1842209,-0.0959963
-1.1840209,-0.127995
-1.1838209,-0.127995
-1.1836209,-0.0959963
-1.1834209,-0.127995
-1.1832209,-0.127995
-1.1830209,-0.0959963
-1.1828209,-0.127995
-1.1826209,-0.127995
-1.1824209,-0.0959963
-1.1822209,-0.159994
-1.1820209,-0.127995
-1.1818209,-0.0959963
-1.1816209,-0.127995
-1.1814209,-0.127995
-1.1812209,-0.0959963
-1.1810209,-0.159994
-1.1808209,-0.127995
-1.1806209,-0.0959963
-1.1804209,-0.0959963
-1.1802209,-0.159994
-1.1800209,-0.127995
-1.1798209,-0.191993
-1.1796209,-0.127995
-1.1794209,-0.127995
-1.1792209,-0.159994
-1.1790209,-0.127995
-1.1788209,-0.127995
-1.1786209,-0.191993
-1.1784209,-0.0959963
-1.1782209,-0.127995
-1.1780209,-0.127995
-1.1778209,-0.127995
-1.1776209,-0.127995
-1.1774209,-0.159994
-1.1772209,-0.127995
-1.1770209,-0.127995
-1.1768209,-0.159994
-1.1766209,-0.127995
-1.1764209,-0.159994
-1.1762209,-0.159994
-1.1760209,-0.127995
-1.1758209,-0.159994
-1.1756209,-0.127995
-1.1754209,-0.0959963
-1.1752209,-0.0959963
-1.1750209,-0.127995
-1.1748209,-0.0959963
-1.1746209,-0.127995
-1.1744209,-0.159994
-1.1742209,-0.191993
-1.1740209,-0.0959963
-1.1738209,-0.127995
-1.1736209,-0.127995
-1.1734209,-0.0959963
-1.1732209,-0.0959963
-1.1730209,-0.0959963
-1.1728209,-0.127995
-1.1726209,-0.127995
-1.1724209,-0.127995
-1.1722209,-0.127995
-1.1720209,-0.159994
-1.1718209,-0.127995
-1.1716209,-0.159994
-1.1714209,-0.159994
-1.1712209,-0.127995
-1.1710209,-0.0959963
-1.1708209,-0.127995
-1.1706209,-0.159994
-1.1704209,-0.0959963
-1.1702209,-0.159994
-1.1700209,-0.159994
-1.1698209,-0.127995
-1.1696209,-0.127995
-1.1694209,-0.127995
-1.1692209,-0.127995
-1.1690209,-0.127995
-1.1688209,-0.127995
-1.1686209,-0.159994
-1.1684209,-0.127995
-1.1682209,-0.127995
-1.1680209,-0.0959963
-1.1678209,-0.159994
-1.1676209,-0.127995
-1.1674209,-0.0959963
-1.1672209,-0.127995
-1.1670209,-0.127995
-1.1668209,-0.0959963
-1.1666209,-0.127995
-1.1664209,-0.0959963
-1.1662209,-0.127995
-1.1660209,-0.159994
-1.1658209,-0.159994
-1.1656209,-0.127995
-1.1654209,-0.159994
-1.1652209,-0.127995
-1.1650209,-0.127995
-1.1648209,-0.127995
-1.1646209,-0.159994
-1.1644209,-0.0639975
-1.1642209,-0.0959963
-1.1640209,-0.0959963
-1.1638209,-0.127995
-1.1636209,-0.127995
-1.1634209,-0.127995
-1.1632209,-0.127995
-1.1630209,-0.159994
-1.1628209,-0.127995
-1.1626209,-0.0639975
-1.1624209,-0.159994
-1.1622209,-0.127995
-1.1620209,-0.127995
-1.1618209,-0.127995
-1.1616209,-0.127995
-1.1614209,-0.127995
-1.1612209,-0.127995
-1.1610209,-0.0959963
-1.1608209,-0.0959963
-1.1606209,-0.0959963
-1.1604209,-0.0959963
-1.1602209,-0.0959963
-1.1600209,-0.127995
-1.1598209,-0.0959963
-1.1596209,-0.0959963
-1.1594209,-0.127995
-1.1592209,-0.0959963
-1.1590209,-0.127995
-1.1588209,-0.159994
-1.1586209,-0.0959963
-1.1584209,-0.0959963
-1.1582209,-0.127995
-1.1580209,-0.127995
-1.1578209,-0.0959963
-1.1576209,-0.127995
-1.1574209,-0.0959963
-1.1572209,-0.0959963
-1.1570209,-0.159994
-1.1568209,-0.0639975
-1.1566209,-0.0959963
-1.1564209,-0.159994
-1.1562209,-0.0959963
-1.1560209,-0.127995
-1.1558209,-0.127995
-1.1556209,-0.127995
-1.1554209,-0.0959963
-1.1552209,-0.127995
-1.1550209,-0.0959963
-1.1548209,-0.0959963
-1.1546209,-0.127995
-1.1544209,-0.159994
-1.1542209,-0.0959963
-1.1540209,-0.0959963
-1.1538209,-0.0959963
-1.1536209,-0.127995
-1.1534209,-0.0959963
-1.1532209,-0.0959963
-1.1530209,-0.127995
-1.1528209,-0.0959963
-1.1526209,-0.127995
-1.1524209,-0.0959963
-1.1522209,-0.159994
-1.1520209,-0.127995
-1.1518209,-0.0959963
-1.1516209,-0.0959963
-1.1514209,-0.127995
-1.1512209,-0.127995
-1.1510209,-0.127995
-1.1508209,-0.0959963
-1.1506209,-0.127995
-1.1504209,-0.159994
-1.1502209,-0.0639975
-1.1500209,-0.0639975
-1.1498209,-0.0959963
-1.1496209,-0.0959963
-1.1494209,-0.0959963
-1.1492209,-0.159994
-1.1490209,-0.0639975
-1.1488209,-0.0959963
-1.1486209,-0.0959963
-1.1484209,-0.0959963
-1.1482209,-0.127995
-1.1480209,-0.0959963
-1.1478209,-0.0959963
-1.1476209,-0.0639975
-1.1474209,-0.127995
-1.1472209,-0.0959963
-1.1470209,-0.0959963
-1.1468209,-0.127995
-1.1466209,-0.0959963
-1.1464209,-0.0639975
-1.1462209,-0.127995
-1.1460209,-0.0639975
-1.1458209,-0.0959963
-1.1456209,-0.127995
-1.1454209,-0.0959963
-1.1452209,-0.0319988
-1.1450209,-0.0959963
-1.1448209,-0.0319988
-1.1446209,-0.0959963
-1.1444209,-0.0639975
-1.1442209,-0.0959963
-1.1440209,-0.0639975
-1.1438209,-0.0959963
-1.1436209,-0.0639975
-1.1434209,-0.0639975
-1.1432209,-0.0639975
-1.1430209,-0.0959963
-1.1428209,-0.0639975
-1.1426209,-0.0959963
-1.1424209,-0.0639975
-1.1422209,-0.0959963
-1.1420209,-0.0959963
-1.1418209,-0.127995
-1.1416209,-0.0639975
-1.1414209,-0.127995
-1.1412209,-0.0319988
-1.1410209,-0.0639975
-1.1408209,-0.0959963
-1.1406209,-0.0959963
-1.1404209,-0.0959963
-1.1402209,-0.127995
-1.1400209,-0.0959963
-1.1398209,-0.0959963
-1.1396209,-0.159994
-1.1394209,-0.0639975
-1.1392209,-0.0319988
-1.1390209,-0.127995
-1.1388209,-0.0639975
-1.1386209,-0.0639975
-1.1384209,-0.127995
-1.1382209,-0.0639975
-1.1380209,-0.0959963
-1.1378209,-0.127995
-1.1376209,-0.0639975
-1.1374209,-0.0959963
-1.1372209,-0.127995
-1.1370209,-0.127995
-1.1368209,-0.0959963
-1.1366209,-0.0959963
-1.1364209,-0.127995
-1.1362209,-0.0639975
-1.1360209,-0.0959963
-1.1358209,-0.0959963
-1.1356209,-0.0639975
-1.1354209,-0.127995
-1.1352209,-0.0639975
-1.1350209,-0.0639975
-1.1348209,-0.159994
-1.1346209,-0.0959963
-1.1344209,-0.0959963
-1.1342209,-0.0959963
-1.1340209,-0.127995
-1.1338209,-0.0639975
-1.1336209,-0.0959963
-1.1334209,-0.0639975
-1.1332209,-0.0639975
-1.1330209,-0.0959963
-1.1328209,-0.0959963
-1.1326209,-0.0959963
-1.1324209,-0.127995
-1.1322209,-0.0959963
-1.1320209,-0.0959963
-1.1318209,-0.0959963
-1.1316209,-0.0959963
-1.1314209,-0.0959963
-1.1312209,-0.0639975
-1.1310209,-0.0959963
-1.1308209,-0.127995
-1.1306209,-0.127995
-1.1304209,-0.0959963
-1.1302209,-0.0959963
-1.1300209,-0.0959963
-1.1298209,-0.0639975
-1.1296209,-0.0959963
-1.1294209,-0.127995
-1.1292209,-0.0959963
-1.1290209,-0.0959963
-1.1288209,-0.0959963
-1.1286209,-0.127995
-1.1284209,-0.0959963
-1.1282209,-0.0959963
-1.1280209,-0.0639975
-1.1278209,-0.0959963
-1.1276209,-0.0639975
-1.1274209,-0.0959963
-1.1272209,-0.0959963
-1.1270209,-0.0639975
-1.1268209,-0.0639975
-1.1266209,-0.0959963
-1.1264209,-0.127995
-1.1262209,-0.0959963
-1.1260209,-0.159994
-1.1258209,-0.127995
-1.1256209,-0.0319988
-1.1254209,-0.0639975
-1.1252209,-0.0639975
-1.1250209,-0.0959963
-1.1248209,-0.0639975
-1.1246209,-0.0639975
-1.1244209,-0.0639975
-1.1242209,-0.0639975
-1.1240209,-0.0639975
-1.1238209,-0.0639975
-1.1236209,-0.0959963
-1.1234209,-0.0639975
-1.1232209,-0.0319988
-1.1230209,-0.0319988
-1.1228209,-0.0959963
-1.1226209,-0.0959963
-1.1224209,-0.0319988
-1.1222209,-0.0959963
-1.1220209,-0.0639975
-1.1218209,-0.0639975
-1.1216209,-0.0639975
-1.1214209,0
-1.1212209,-0.0319988
-1.1210209,-0.0639975
-1.1208209,-0.0319988
-1.1206209,-0.0319988
-1.1204209,-0.0319988
-1.1202209,-0.0319988
-1.1200209,-0.0959963
-1.1198209,-0.0639975
-1.1196209,-0.0319988
-1.1194209,-0.0319988
-1.1192209,-0.0319988
-1.1190209,-0.0319988
-1.1188209,-0.0319988
-1.1186209,-0.0639975
-1.1184209,-0.0319988
-1.1182209,-0.0319988
-1.1180209,-0.0639975
-1.1178209,-0.0319988
-1.1176209,-0.0319988
-1.1174209,-0.0319988
-1.1172209,-0.0319988
-1.1170209,0
-1.1168209,-0.0639975
-1.1166209,-0.0639975
-1.1164209,-0.0319988
-1.1162209,-0.0319988
-1.1160209,0.0319988
-1.1158209,0
-1.1156209,-0.0319988
-1.1154209,-0.0319988
-1.1152209,0
-1.1150209,-0.0639975
-1.1148209,0
-1.1146209,-0.0639975
-1.1144209,-0.0319988
-1.1142209,-0.0639975
-1.1140209,-0.0319988
-1.1138209,-0.0319988
-1.1136209,-0.0319988
-1.1134209,0.0319988
-1.1132209,0
-1.1130209,-0.0319988
-1.1128209,-0.0319988
-1.1126209,-0.0639975
-1.1124209,0
-1.1122209,-0.0319988
-1.1120209,-0.0639975
-1.1118209,-0.0639975
-1.1116209,-0.0319988
-1.1114209,-0.0639975
-1.1112209,-0.0319988
-1.1110209,-0.0319988
-1.1108209,-0.0639975
-1.1106209,-0.0639975
-1.1104209,-0.0319988
-1.1102209,-0.0639975
-1.1100209,-0.0319988
-1.1098209,-0.0319988
-1.1096209,-0.0319988
-1.1094209,-0.0319988
-1.1092209,-0.0319988
-1.1090209,-0.0319988
-1.1088209,0
-1.1086209,-0.0319988
-1.1084209,-0.0639975
-1.1082209,-0.0319988
-1.1080209,-0.0639975
-1.1078209,-0.0319988
-1.1076209,-0.0319988
-1.1074209,0
-1.1072209,-0.0319988
-1.1070209,0
-1.1068209,0
-1.1066209,-0.0319988
-1.1064209,-0.0319988
-1.1062209,0
-1.1060209,-0.0959963
-1.1058209,-0.0319988
-1.1056209,0
-1.1054209,-0.0319988
-1.1052209,-0.0319988
-1.1050209,0
-1.1048209,-0.0639975
-1.1046209,-0.0319988
-1.1044209,0
-1.1042209,-0.0639975
-1.1040209,-0.0319988
-1.1038209,-0.0639975
-1.1036209,-0.0319988
-1.1034209,-0.0319988
-1.1032209,-0.0319988
-1.1030209,-0.0319988
-1.1028209,-0.0639975
-1.1026209,-0.0639975
-1.1024209,0
-1.1022209,-0.0319988
-1.1020209,-0.0639975
-1.1018209,-0.0639975
-1.1016209,-0.0319988
-1.1014209,-0.0319988
-1.1012209,-0.0959963
-1.1010209,0
-1.1008209,-0.0639975
-1.1006209,-0.0959963
-1.1004209,-0.0639975
-1.1002209,-0.0319988
-1.1000209,-0.0959963
-1.0998209,0
-1.0996209,-0.0639975
-1.0994209,-0.0959963
-1.0992209,-0.0319988
-1.0990209,-0.0319988
-1.0988209,-0.0959963
-1.0986209,-0.0319988
-1.0984209,-0.0959963
-1.0982209,-0.0639975
-1.0980209,-0.0959963
-1.0978209,-0.0639975
-1.0976209,-0.127995
-1.0974209,-0.0639975
-1.0972209,-0.0319988
-1.0970209,-0.0639975
-1.0968209,-0.0639975
-1.0966209,-0.0959963
-1.0964209,-0.0959963
-1.0962209,-0.0639975
-1.0960209,-0.0639975
-1.0958209,-0.0959963
-1.0956209,-0.0639975
-1.0954209,-0.0959963
-1.0952209,-0.0959963
-1.0950209,-0.0959963
-1.0948209,-0.0959963
-1.0946209,-0.127995
-1.0944209,-0.0639975
-1.0942209,-0.127995
-1.0940209,-0.0959963
-1.0938209,-0.127995
-1.0936209,-0.0959963
-1.0934209,-0.0959963
-1.0932209,-0.0959963
-1.0930209,-0.0959963
-1.0928209,-0.127995
-1.0926209,-0.0959963
-1.0924209,-0.127995
-1.0922209,-0.127995
-1.0920209,-0.159994
-1.0918209,-0.127995
-1.0916209,-0.127995
-1.0914209,-0.127995
-1.0912209,-0.127995
-1.0910209,-0.127995
-1.0908209,-0.159994
-1.0906209,-0.127995
-1.0904209,-0.159994
-1.0902209,-0.159994
-1.0900209,-0.159994
-1.0898209,-0.159994
-1.0896209,-0.127995
-1.0894209,-0.159994
-1.0892209,-0.191993
-1.0890209,-0.159994
-1.0888209,-0.127995
-1.0886209,-0.159994
-1.0884209,-0.127995
-1.0882209,-0.159994
-1.0880209,-0.159994
-1.0878209,-0.127995
-1.0876209,-0.127995
-1.0874209,-0.127995
-1.0872209,-0.191993
-1.0870209,-0.127995
-1.0868209,-0.127995
-1.0866209,-0.127995
-1.0864209,-0.127995
-1.0862209,-0.127995
-1.0860209,-0.159994
-1.0858209,-0.127995
-1.0856209,-0.159994
-1.0854209,-0.159994
-1.0852209,-0.127995
-1.0850209,-0.159994
-1.0848209,-0.159994
-1.0846209,-0.159994
-1.0844209,-0.159994
-1.0842209,-0.127995
-1.0840209,-0.127995
-1.0838209,-0.159994
-1.0836209,-0.127995
-1.0834209,-0.127995
-1.0832209,-0.159994
-1.0830209,-0.159994
-1.0828209,-0.159994
-1.0826209,-0.159994
-1.0824209,-0.0959963
-1.0822209,-0.127995
-1.0820209,-0.159994
-1.0818209,-0.127995
-1.0816209,-0.0959963
-1.0814209,-0.159994
-1.0812209,-0.0959963
-1.0810209,-0.0959963
-1.0808209,-0.127995
-1.0806209,-0.127995
-1.0804209,-0.127995
-1.0802209,-0.159994
-1.0800209,-0.127995
-1.0798209,-0.127995
-1.0796209,-0.159994
-1.0794209,-0.159994
-1.0792209,-0.159994
-1.0790209,-0.159994
-1.0788209,-0.127995
-1.0786209,-0.159994
-1.0784209,-0.159994
-1.0782209,-0.159994
-1.0780209,-0.127995
-1.0778209,-0.159994
-1.0776209,-0.127995
-1.0774209,-0.127995
-1.0772209,-0.191993
-1.0770209,-0.127995
-1.0768209,-0.0959963
-1.0766209,-0.159994
-1.0764209,-0.159994
-1.0762209,-0.127995
-1.0760209,-0.159994
-1.0758209,-0.127995
-1.0756209,-0.127995
-1.0754209,-0.159994
-1.0752209,-0.127995
-1.0750209,-0.127995
-1.0748209,-0.127995
-1.0746209,-0.127995
-1.0744209,-0.159994
-1.0742209,-0.127995
-1.0740209,-0.191993
-1.0738209,-0.127995
-1.0736209,-0.127995
-1.0734209,-0.159994
-1.0732209,-0.0959963
-1.0730209,-0.127995
-1.0728209,-0.127995
-1.0726209,-0.127995
-1.0724209,-0.159994
-1.0722209,-0.159994
-1.0720209,-0.127995
-1.0718209,-0.159994
-1.0716209,-0.159994
-1.0714209,-0.159994
-1.0712209,-0.159994
-1.0710209,-0.127995
-1.0708209,-0.0959963
-1.0706209,-0.159994
-1.0704209,-0.127995
-1.0702209,-0.0959963
-1.0700209,-0.159994
-1.0698209,-0.159994
-1.0696209,-0.191993
-1.0694209,-0.191993
-1.0692209,-0.127995
-1.0690209,-0.127995
-1.0688209,-0.159994
-1.0686209,-0.127995
-1.0684209,-0.127995
-1.0682209,-0.127995
-1.0680209,-0.127995
-1.0678209,-0.0959963
-1.0676209,-0.159994
-1.0674209,-0.127995
-1.0672209,-0.0959963
-1.0670209,-0.159994
-1.0668209,-0.0959963
-1.0666209,-0.0959963
-1.0664209,-0.0959963
-1.0662209,-0.127995
-1.0660209,-0.127995
-1.0658209,-0.159994
-1.0656209,-0.127995
-1.0654209,-0.127995
-1.0652209,-0.159994
-1.0650209,-0.127995
-1.0648209,-0.0959963
-1.0646209,-0.191993
-1.0644209,-0.159994
-1.0642209,-0.0959963
-1.0640209,-0.127995
-1.0638209,-0.127995
-1.0636209,-0.0959963
-1.0634209,-0.0959963
-1.0632209,-0.159994
-1.0630209,-0.0639975
-1.0628209,-0.127995
-1.0626209,-0.0639975
-1.0624209,-0.0959963
-1.0622209,-0.159994
-1.0620209,-0.127995
-1.0618209,-0.127995
-1.0616209,-0.127995
-1.0614209,-0.0959963
-1.0612209,-0.0639975
-1.0610209,-0.0959963
-1.0608209,-0.0959963
-1.0606209,-0.0959963
-1.0604209,-0.0959963
-1.0602209,-0.127995
-1.0600209,-0.127995
-1.0598209,-0.127995
-1.0596209,-0.0959963
-1.0594209,-0.0639975
-1.0592209,-0.127995
-1.0590209,-0.0959963
-1.0588209,-0.0959963
-1.0586209,-0.0959963
-1.0584209,-0.0959963
-1.0582209,-0.127995
-1.0580209,-0.127995
-1.0578209,-0.0959963
-1.0576209,-0.0959963
-1.0574209,-0.127995
-1.0572209,-0.0639975
-1.0570209,-0.0639975
-1.0568209,-0.127995
-1.0566209,-0.0639975
-1.0564209,-0.0639975
-1.0562209,-0.0959963
-1.0560209,-0.127995
-1.0558209,-0.0639975
-1.0556209,-0.159994
-1.0554209,-0.0959963
-1.0552209,-0.0639975
-1.0550209,-0.127995
-1.0548209,-0.0959963
-1.0546209,-0.0959963
-1.0544209,-0.127995
-1.0542209,-0.0959963
-1.0540209,-0.127995
-1.0538209,-0.127995
-1.0536209,-0.0959963
-1.0534209,-0.0639975
-1.0532209,-0.0639975
-1.0530209,-0.127995
-1.0528209,-0.0959963
-1.0526209,-0.0959963
-1.0524209,-0.0639975
-1.0522209,-0.0959963
-1.0520209,-0.127995
-1.0518209,-0.0639975
-1.0516209,-0.0639975
-1.0514209,-0.0959963
-1.0512209,-0.0959963
-1.0510209,-0.0639975
-1.0508209,-0.0639975
-1.0506209,-0.0959963
-1.0504209,-0.0639975
-1.0502209,-0.0959963
-1.0500209,-0.0639975
-1.0498209,-0.0639975
-1.0496209,-0.127995
-1.0494209,-0.0639975
-1.0492209,-0.0639975
-1.0490209,-0.0959963
-1.0488209,-0.0639975
-1.0486209,-0.0639975
-1.0484209,-0.0959963
-1.0482209,-0.0639975
-1.0480209,-0.0959963
-1.0478209,-0.0639975
-1.0476209,-0.0639975
-1.0474209,-0.0319988
-1.0472209,-0.0959963
-1.0470209,-0.0959963
-1.0468209,-0.0639975
-1.0466209,-0.0959963
-1.0464209,-0.0959963
-1.0462209,-0.0639975
-1.0460209,-0.0959963
-1.0458209,-0.0639975
-1.0456209,-0.0959963
-1.0454209,-0.0639975
-1.0452209,-0.0959963
-1.0450209,-0.0639975
-1.0448209,-0.0959963
-1.0446209,-0.0319988
-1.0444209,-0.0639975
-1.0442209,-0.0959963
-1.0440209,-0.0959963
-1.0438209,-0.0639975
-1.0436209,-0.0959963
-1.0434209,-0.0639975
-1.0432209,-0.0959963
-1.0430209,-0.0639975
-1.0428209,0
-1.0426209,-0.0639975
-1.0424209,-0.0639975
-1.0422209,-0.0319988
-1.0420209,-0.0639975
-1.0418209,-0.0639975
-1.0416209,-0.0639975
-1.0414209,-0.0639975
-1.0412209,-0.0319988
-1.0410209,-0.0639975
-1.0408209,-0.0959963
-1.0406209,-0.0639975
-1.0404209,-0.0639975
-1.0402209,-0.0639975
-1.0400209,-0.0959963
-1.0398209,-0.0319988
-1.0396209,0
-1.0394209,-0.0639975
-1.0392209,0
-1.0390209,-0.0319988
-1.0388209,-0.0639975
-1.0386209,-0.0319988
-1.0384209,-0.0639975
-1.0382209,-0.0639975
-1.0380209,-0.0319988
-1.0378209,-0.0639975
-1.0376209,-0.0319988
-1.0374209,-0.0319988
-1.0372209,-0.0319988
-1.0370209,-0.0319988
-1.0368209,-0.0319988
-1.0366209,0.0319988
-1.0364209,-0.0639975
-1.0362209,-0.0319988
-1.0360209,-0.0319988
-1.0358209,-0.0639975
-1.0356209,0.0319988
-1.0354209,0
-1.0352209,0
-1.0350209,-0.0319988
-1.0348209,-0.0319988
-1.0346209,-0.0319988
-1.0344209,0
-1.0342209,0
-1.0340209,-0.0319988
-1.0338209,0
-1.0336209,0.0319988
-1.0334209,-0.0639975
-1.0332209,0
-1.0330209,0
-1.0328209,0
-1.0326209,0
-1.0324209,0
-1.0322209,-0.0319988
-1.0320209,0.0319988
-1.0318209,0.0319988
-1.0316209,0.0319988
-1.0314209,0
-1.0312209,0.0319988
-1.0310209,0
-1.0308209,0
-1.0306209,0.0639975
-1.0304209,-0.0319988
-1.0302209,0.0319988
-1.0300209,0.0319988
-1.0298209,0
-1.0296209,0.0319988
-1.0294209,0
-1.0292209,0
-1.0290209,0.0319988
-1.0288209,0.0319988
-1.0286209,-0.0319988
-1.0284209,0.0319988
-1.0282209,0.0639975
-1.0280209,0
-1.0278209,0.0639975
-1.0276209,0
-1.0274209,0
-1.0272209,0.0319988
-1.0270209,0
-1.0268209,0.0639975
-1.0266209,0.0319988
-1.0264209,0.0319988
-1.0262209,0.0319988
-1.0260209,0.0319988
-1.0258209,0.0639975
-1.0256209,0
-1.0254209,0.0639975
-1.0252209,0.0639975
-1.0250209,0.0639975
-1.0248209,0.0639975
-1.0246209,0.0959963
-1.0244209,0.0319988
-1.0242209,0.0639975
-1.0240209,0.0959963
-1.0238209,0.0319988
-1.0236209,0.0319988
-1.0234209,0.0639975
-1.0232209,0.0959963
-1.0230209,0.0639975
-1.0228209,0.0639975
-1.0226209,0.0319988
-1.0224209,0.0639975
-1.0222209,0.0639975
-1.0220209,0.0319988
-1.0218209,0.0639975
-1.0216209,0.0639975
-1.0214209,0.0319988
-1.0212209,0.0639975
-1.0210209,0.0959963
-1.0208209,0.0639975
-1.0206209,0.0319988
-1.0204209,0.0959963
-1.0202209,0.0639975
-1.0200209,0.127995
-1.0198209,0.0639975
-1.0196209,0.0319988
-1.0194209,0.0319988
-1.0192209,0.0959963
-1.0190209,0.0639975
-1.0188209,0.0639975
-1.0186209,0.0959963
-1.0184209,0.0959963
-1.0182209,0.0639975
-1.0180209,0.0959963
-1.0178209,0.0639975
-1.0176209,0.159994
-1.0174209,0.0959963
-1.0172209,0.0639975
-1.0170209,0.0639975
-1.0168209,0.0639975
-1.0166209,0.127995
-1.0164209,0.0959963
-1.0162209,0.0959963
-1.0160209,0.0959963
-1.0158209,0.0639975
-1.0156209,0.0959963
-1.0154209,0.0959963
-1.0152209,0.0959963
-1.0150209,0.127995
-1.0148209,0.0959963
-1.0146209,0.0959963
-1.0144209,0.0959963
-1.0142209,0.0639975
-1.0140209,0.0639975
-1.0138209,0.0959963
-1.0136209,0.0959963
-1.0134209,0.0959963
-1.0132209,0.0959963
-1.0130209,0.0959963
-1.0128209,0.127995
-1.0126209,0.0959963
-1.0124209,0.0959963
-1.0122209,0.0639975
-1.0120209,0.127995
-1.0118209,0.0959963
-1.0116209,0.127995
-1.0114209,0.0959963
-1.0112209,0.0959963
-1.0110209,0.127995
-1.0108209,0.0959963
-1.0106209,0.0959963
-1.0104209,0.0959963
-1.0102209,0.0959963
-1.0100209,0.0959963
-1.0098209,0.127995
-1.0096209,0.0959963
-1.0094209,0.0959963
-1.0092209,0.127995
-1.0090209,0.0959963
-1.0088209,0.0959963
-1.0086209,0.127995
-1.0084209,0.0639975
-1.0082209,0.0639975
-1.0080209,0.0959963
-1.0078209,0.0959963
-1.0076209,0.127995
-1.0074209,0.0959963
-1.0072209,0.0959963
-1.0070209,0.0959963
-1.0068209,0.0959963
-1.0066209,0.0959963
-1.0064209,0.0639975
-1.0062209,0.0639975
-1.0060209,0.0639975
-1.0058209,0.0959963
-1.0056209,0.127995
-1.0054209,0.0959963
-1.0052209,0.0959963
-1.0050209,0.0959963
-1.0048209,0.0639975
-1.0046209,0.0639975
-1.0044209,0.0639975
-1.0042209,0.0959963
-1.0040209,0.0639975
-1.0038209,0.0639975
-1.0036209,0.0959963
-1.0034209,0.0959963
-1.0032209,0.0639975
-1.0030209,0.0959963
-1.0028209,0.0639975
-1.0026209,0.0959963
-1.0024209,0.0639975
-1.0022209,0.0959963
-1.0020209,0.0639975
-1.0018209,0.0639975
-1.0016209,0.0639975
-1.0014209,0.0319988
-1.0012209,0.0959963
-1.0010209,0.0639975
-1.0008209,0.0639975
-1.0006209,0.0639975
-1.0004209,0.0319988
-1.0002209,0.0639975
-1.0000209,0.0639975
-0.99982085,0.0319988
-0.99962085,0.0639975
-0.99942085,0
-0.99922085,0.0639975
-0.99902085,0.0319988
-0.99882085,0
-0.99862085,0.0959963
-0.99842085,0.0319988
-0.99822085,0.0319988
-0.99802085,0.0319988
-0.99782085,0
-0.99762085,0
-0.99742085,0.0319988
-0.99722085,0.0639975
-0.99702085,0.0319988
-0.99682085,0.0639975
-0.99662085,0
-0.99642085,0
-0.99622085,0
-0.99602085,0.0319988
-0.99582085,0.0639975
-0.99562085,0.0319988
-0.99542085,0
-0.99522085,0
-0.99502085,-0.0319988
-0.99482085,0.0319988
-0.99462085,0
-0.99442085,0.0319988
-0.99422085,0
-0.99402085,0.0319988
-0.99382085,0
-0.99362085,0
-0.99342085,0
-0.99322085,0
-0.99302085,0
-0.99282085,-0.0319988
-0.99262085,-0.0319988
-0.99242085,0
-0.99222085,0.0319988
-0.99202085,0
-0.99182085,0.0319988
-0.99162085,0
-0.99142085,0
-0.99122085,0
-0.99102085,0.0319988
-0.99082085,0
-0.99062085,0
-0.99042085,0
-0.99022085,-0.0639975
-0.99002085,0
-0.98982085,0.0319988
-0.98962085,0
-0.98942085,-0.0319988
-0.98922085,0
-0.98902085,-0.0639975
-0.98882085,-0.0319988
-0.98862085,0.0319988
-0.98842085,0
-0.98822085,0.0319988
-0.98802085,-0.0319988
-0.98782085,-0.0319988
-0.98762085,0.0319988
-0.98742085,0
-0.98722085,-0.0319988
-0.98702085,0
-0.98682085,0
-0.98662085,-0.0319988
-0.98642085,0
-0.98622085,0.0319988
-0.98602085,-0.0319988
-0.98582085,0
-0.98562085,0
-0.98542085,-0.0319988
-0.98522085,-0.0639975
-0.98502085,0
-0.98482085,-0.0319988
-0.98462085,0
-0.98442085,-0.0639975
-0.98422085,-0.0319988
-0.98402085,-0.0639975
-0.98382085,0.0319988
-0.98362085,-0.0639975
-0.98342085,-0.0319988
-0.98322085,-0.0319988
-0.98302085,-0.0319988
-0.98282085,-0.0319988
-0.98262085,-0.0319988
-0.98242085,-0.0639975
-0.98222085,-0.0319988
-0.98202085,-0.0319988
-0.98182085,-0.0639975
-0.98162085,0
-0.98142085,0
-0.98122085,-0.0319988
-0.98102085,0
-0.98082085,0
-0.98062085,-0.0639975
-0.98042085,0
-0.98022085,0
-0.98002085,-0.0639975
-0.97982085,0
-0.97962085,-0.0319988
-0.97942085,-0.0639975
-0.97922085,-0.0319988
-0.97902085,-0.0319988
-0.97882085,-0.0639975
-0.97862085,-0.0319988
-0.97842085,0
-0.97822085,-0.0639975
-0.97802085,0
-0.97782085,0
-0.97762085,-0.0639975
-0.97742085,-0.0319988
-0.97722085,0
-0.97702085,-0.0319988
-0.97682085,0
-0.97662085,-0.0319988
-0.97642085,-0.0639975
-0.97622085,0.0319988
-0.97602085,-0.0319988
-0.97582085,-0.0639975
-0.97562085,-0.0319988
-0.97542085,0.0319988
-0.97522085,0
-0.97502085,0
-0.97482085,0.0319988
-0.97462085,0
-0.97442085,0
-0.97422085,0.0319988
-0.97402085,-0.0319988
-0.97382085,0.0319988
-0.97362085,0
-0.97342085,-0.0319988
-0.97322085,-0.0319988
-0.97302085,0
-0.97282085,0
-0.97262085,0.0639975
-0.97242085,-0.0319988
-0.97222085,0
-0.97202085,0
-0.97182085,-0.0319988
-0.97162085,0
-0.97142085,0
-0.97122085,0
-0.97102085,-0.0639975
-0.97082085,0
-0.97062085,0
-0.97042085,-0.0319988
-0.97022085,-0.0319988
-0.97002085,-0.0319988
-0.96982085,-0.0319988
-0.96962085,-0.0319988
-0.96942085,0.0319988
-0.96922085,0
-0.96902085,-0.0319988
-0.96882085,0
-0.96862085,-0.0639975
-0.96842085,0
-0.96822085,0
-0.96802085,-0.0319988
-0.96782085,-0.0319988
-0.96762085,0
-0.96742085,-0.0319988
-0.96722085,0.0319988
-0.96702085,0
-0.96682085,-0.0319988
-0.96662085,-0.0319988
-0.96642085,-0.0319988
-0.96622085,-0.0319988
-0.96602085,0
-0.96582085,-0.0319988
-0.96562085,-0.0639975
-0.96542085,0
-0.96522085,0
-0.96502085,0
-0.96482085,0.0319988
-0.96462085,-0.0639975
-0.96442085,-0.0319988
-0.96422085,-0.0319988
-0.96402085,-0.0319988
-0.96382085,-0.0319988
-0.96362085,-0.0319988
-0.96342085,-0.0319988
-0.96322085,-0.0319988
-0.96302085,0
-0.96282085,0
-0.96262085,-0.0319988
-0.96242085,0
-0.96222085,-0.0319988
-0.96202085,0
-0.96182085,-0.0639975
-0.96162085,0
-0.96142085,-0.0319988
-0.96122085,0
-0.96102085,0
-0.96082085,0.0319988
-0.96062085,-0.0319988
-0.96042085,-0.0319988
-0.96022085,-0.0319988
-0.96002085,-0.0319988
-0.95982085,0
-0.95962085,-0.0639975
-0.95942085,-0.0319988
-0.95922085,0
-0.95902085,-0.0319988
-0.95882085,-0.0319988
-0.95862085,0
-0.95842085,-0.0319988
-0.95822085,-0.0319988
-0.95802085,0
-0.95782085,-0.0639975
-0.95762085,0
-0.95742085,-0.0319988
-0.95722085,-0.0639975
-0.95702085,0
-0.95682085,0
-0.95662085,-0.0319988
-0.95642085,0
-0.95622085,-0.0319988
-0.95602085,-0.0319988
-0.95582085,0
-0.95562085,-0.0319988
-0.95542085,0
-0.95522085,-0.0319988
-0.95502085,0
-0.95482085,-0.0319988
-0.95462085,0
-0.95442085,0
-0.95422085,0.0319988
-0.95402085,0
-0.95382085,0.0319988
-0.95362085,-0.0319988
-0.95342085,0
-0.95322085,0.0319988
-0.95302085,0
-0.95282085,0.0639975
-0.95262085,0.0639975
-0.95242085,0
-0.95222085,0
-0.95202085,0.0639975
-0.95182085,0
-0.95162085,0.0319988
-0.95142085,0.0639975
-0.95122085,0
-0.95102085,0.0319988
-0.95082085,0.0319988
-0.95062085,0
-0.95042085,0.0319988
-0.95022085,0.0319988
-0.95002085,0.0319988
-0.94982085,0.0319988
-0.94962085,0.0639975
-0.94942085,0.0319988
-0.94922085,0.0639975
-0.94902085,0.0639975
-0.94882085,0.0319988
-0.94862085,0.0319988
-0.94842085,0.0959963
-0.94822085,0.0319988
-0.94802085,0.0319988
-0.94782085,0.0319988
-0.94762085,0.0319988
-0.94742085,0.0319988
-0.94722085,0.0639975
-0.94702085,0
-0.94682085,0.0639975
-0.94662085,0.0639975
-0.94642085,0.0639975
-0.94622085,0.0639975
-0.94602085,0.0639975
-0.94582085,0
-0.94562085,0.0959963
-0.94542085,0.0639975
-0.94522085,0
-0.94502085,0.0639975
-0.94482085,0.0319988
-0.94462085,0.0639975
-0.94442085,0.0319988
-0.94422085,0.0639975
-0.94402085,0.0319988
-0.94382085,0.0959963
-0.94362085,0.0639975
-0.94342085,0.0319988
-0.94322085,0.0639975
-0.94302085,0.0319988
-0.94282085,0.0639975
-0.94262085,0.0639975
-0.94242085,0.0959963
-0.94222085,0.0639975
-0.94202085,0.0959963
-0.94182085,0.0639975
-0.94162085,0.0639975
-0.94142085,0.0639975
-0.94122085,0.0639975
-0.94102085,0.0319988
-0.94082085,0.0639975
-0.94062085,0.0639975
-0.94042085,0.0959963
-0.94022085,0.0639975
-0.94002085,0.0639975
-0.93982085,0.0319988
-0.93962085,0.0639975
-0.93942085,0.0639975
-0.93922085,0.0959963
-0.93902085,0.0959963
-0.93882085,0.0639975
-0.93862085,0.0319988
-0.93842085,0.0639975
-0.93822085,0.0639975
-0.93802085,0.0959963
-0.93782085,0.0959963
-0.93762085,0.0639975
-0.93742085,0.0959963
-0.93722085,0.0639975
-0.93702085,0.0959963
-0.93682085,0.0959963
-0.93662085,0.0959963
-0.93642085,0.0639975
-0.93622085,0.0639975
-0.93602085,0.127995
-0.93582085,0.0959963
-0.93562085,0.0959963
-0.93542085,0.0959963
-0.93522085,0.0959963
-0.93502085,0.0959963
-0.93482085,0.0959963
-0.93462085,0.0959963
-0.93442085,0.0319988
-0.93422085,0.0959963
-0.93402085,0.0959963
-0.93382085,0.0639975
-0.93362085,0.0639975
-0.93342085,0.0959963
-0.93322085,0.0959963
-0.93302085,0.0959963
-0.93282085,0.0959963
-0.93262085,0.0959963
-0.93242085,0.127995
-0.93222085,0.0959963
-0.93202085,0.0959963
-0.93182085,0.0959963
-0.93162085,0.0959963
-0.93142085,0.0959963
-0.93122085,0.127995
-0.93102085,0.0639975
-0.93082085,0.127995
-0.93062085,0.0959963
-0.93042085,0.0959963
-0.93022085,0.0959963
-0.93002085,0.0959963
-0.92982085,0.0959963
-0.92962085,0.127995
-0.92942085,0.0959963
-0.92922085,0.0959963
-0.92902085,0.0959963
-0.92882085,0.127995
-0.92862085,0.127995
-0.92842085,0.0959963
-0.92822085,0.127995
-0.92802085,0.0959963
-0.92782085,0.0959963
-0.92762085,0.0959963
-0.92742085,0.127995
-0.92722085,0.0959963
-0.92702085,0.127995
-0.92682085,0.159994
-0.92662085,0.127995
-0.92642085,0.159994
-0.92622085,0.127995
-0.92602085,0.127995
-0.92582085,0.159994
-0.92562085,0.0959963
-0.92542085,0.159994
-0.92522085,0.159994
-0.92502085,0.0959963
-0.92482085,0.159994
-0.92462085,0.127995
-0.92442085,0.127995
-0.92422085,0.159994
-0.92402085,0.191993
-0.92382085,0.0959963
-0.92362085,0.127995
-0.92342085,0.159994
-0.92322085,0.127995
-0.92302085,0.159994
-0.92282085,0.159994
-0.92262085,0.127995
-0.92242085,0.159994
-0.92222085,0.127995
-0.92202085,0.0959963
-0.92182085,0.127995
-0.92162085,0.159994
-0.92142085,0.223991
-0.92122085,0.127995
-0.92102085,0.127995
-0.92082085,0.127995
-0.92062085,0.159994
-0.92042085,0.191993
-0.92022085,0.127995
-0.92002085,0.159994
-0.91982085,0.159994
-0.91962085,0.127995
-0.91942085,0.127995
-0.91922085,0.191993
-0.91902085,0.127995
-0.91882085,0.127995
-0.91862085,0.159994
-0.91842085,0.159994
-0.91822085,0.127995
-0.91802085,0.159994
-0.91782085,0.127995
-0.91762085,0.127995
-0.91742085,0.127995
-0.91722085,0.127995
-0.91702085,0.159994
-0.91682085,0.159994
-0.91662085,0.0959963
-0.91642085,0.159994
-0.91622085,0.159994
-0.91602085,0.159994
-0.91582085,0.159994
-0.91562085,0.127995
-0.91542085,0.127995
-0.91522085,0.127995
-0.91502085,0.191993
-0.91482085,0.127995
-0.91462085,0.159994
-0.91442085,0.127995
-0.91422085,0.127995
-0.91402085,0.0959963
-0.91382085,0.159994
-0.91362085,0.159994
-0.91342085,0.159994
-0.91322085,0.159994
-0.91302085,0.127995
-0.91282085,0.127995
-0.91262085,0.159994
-0.91242085,0.127995
-0.91222085,0.159994
-0.91202085,0.191993
-0.91182085,0.159994
-0.91162085,0.191993
-0.91142085,0.159994
-0.91122085,0.159994
-0.91102085,0.159994
-0.91082085,0.127995
-0.91062085,0.159994
-0.91042085,0.127995
-0.91022085,0.191993
-0.91002085,0.159994
-0.90982085,0.159994
-0.90962085,0.191993
-0.90942085,0.159994
-0.90922085,0.159994
-0.90902085,0.159994
-0.90882085,0.191993
-0.90862085,0.127995
-0.90842085,0.159994
-0.90822085,0.191993
-0.90802085,0.159994
-0.90782085,0.159994
-0.90762085,0.159994
-0.90742085,0.127995
-0.90722085,0.159994
-0.90702085,0.127995
-0.90682085,0.159994
-0.90662085,0.223991
-0.90642085,0.159994
-0.90622085,0.159994
-0.90602085,0.191993
-0.90582085,0.127995
-0.90562085,0.191993
-0.90542085,0.159994
-0.90522085,0.159994
-0.90502085,0.159994
-0.90482085,0.191993
-0.90462085,0.127995
-0.90442085,0.159994
-0.90422085,0.191993
-0.90402085,0.159994
-0.90382085,0.159994
-0.90362085,0.159994
-0.90342085,0.223991
-0.90322085,0.191993
-0.90302085,0.159994
-0.90282085,0.159994
-0.90262085,0.191993
-0.90242085,0.191993
-0.90222085,0.127995
-0.90202085,0.191993
-0.90182085,0.191993
-0.90162085,0.127995
-0.90142085,0.159994
-0.90122085,0.159994
-0.90102085,0.159994
-0.90082085,0.159994
-0.90062085,0.191993
-0.90042085,0.223991
-0.90022085,0.159994
-0.90002085,0.191993
-0.89982085,0.159994
-0.89962085,0.191993
-0.89942085,0.159994
-0.89922085,0.159994
-0.89902085,0.127995
-0.89882085,0.159994
-0.89862085,0.191993
-0.89842085,0.159994
-0.89822085,0.159994
-0.89802085,0.127995
-0.89782085,0.159994
-0.89762085,0.159994
-0.89742085,0.159994
-0.89722085,0.159994
-0.89702085,0.159994
-0.89682085,0.127995
-0.89662085,0.159994
-0.89642085,0.159994
-0.89622085,0.159994
-0.89602085,0.159994
-0.89582085,0.159994
-0.89562085,0.159994
-0.89542085,0.159994
-0.89522085,0.159994
-0.89502085,0.127995
-0.89482085,0.159994
-0.89462085,0.159994
-0.89442085,0.127995
-0.89422085,0.127995
-0.89402085,0.159994
-0.89382085,0.159994
-0.89362085,0.127995
-0.89342085,0.127995
-0.89322085,0.0959963
-0.89302085,0.127995
-0.89282085,0.127995
-0.89262085,0.159994
-0.89242085,0.159994
-0.89222085,0.159994
-0.89202085,0.159994
-0.89182085,0.159994
-0.89162085,0.127995
-0.89142085,0.127995
-0.89122085,0.127995
-0.89102085,0.127995
-0.89082085,0.159994
-0.89062085,0.127995
-0.89042085,0.127995
-0.89022085,0.127995
-0.89002085,0.127995
-0.88982085,0.127995
-0.88962085,0.159994
-0.88942085,0.127995
-0.88922085,0.127995
-0.88902085,0.127995
-0.88882085,0.127995
-0.88862085,0.127995
-0.88842085,0.0959963
-0.88822085,0.127995
-0.88802085,0.159994
-0.88782085,0.0959963
-0.88762085,0.0959963
-0.88742085,0.127995
-0.88722085,0.0959963
-0.88702085,0.127995
-0.88682085,0.127995
-0.88662085,0.127995
-0.88642085,0.159994
-0.88622085,0.127995
-0.88602085,0.0959963
-0.88582085,0.0959963
-0.88562085,0.127995
-0.88542085,0.127995
-0.88522085,0.127995
-0.88502085,0.0959963
-0.88482085,0.127995
-0.88462085,0.127995
-0.88442085,0.0959963
-0.88422085,0.127995
-0.88402085,0.0959963
-0.88382085,0.0959963
-0.88362085,0.0959963
-0.88342085,0.0959963
-0.88322085,0.127995
-0.88302085,0.0959963
-0.88282085,0.0959963
-0.88262085,0.0959963
-0.88242085,0.0959963
-0.88222085,0.0639975
-0.88202085,0.0959963
-0.88182085,0.0639975
-0.88162085,0.0639975
-0.88142085,0.0959963
-0.88122085,0.0639975
-0.88102085,0.0319988
-0.88082085,0.0639975
-0.88062085,0.0639975
-0.88042085,0.0639975
-0.88022085,0.0639975
-0.88002085,0.0639975
-0.87982085,0.0639975
-0.87962085,0.0959963
-0.87942085,0.0639975
-0.87922085,0.0319988
-0.87902085,0.0639975
-0.87882085,0.0639975
-0.87862085,0.0959963
-0.87842085,0.0959963
-0.87822085,0.0319988
-0.87802085,0.0639975
-0.87782085,0.0319988
-0.87762085,0.0639975
-0.87742085,0
-0.87722085,0.0319988
-0.87702085,0.0319988
-0.87682085,0.0639975
-0.87662085,0.0319988
-0.87642085,0.0319988
-0.87622085,0.0319988
-0.87602085,0.0639975
-0.87582085,0.0319988
-0.87562085,0.0639975
-0.87542085,0.0639975
-0.87522085,0.0639975
-0.87502085,0.0319988
-0.87482085,0.0319988
-0.87462085,0.0639975
-0.87442085,0.0319988
-0.87422085,0.0319988
-0.87402085,0.0639975
-0.87382085,0
-0.87362085,0.0319988
-0.87342085,0.0639975
-0.87322085,0.0319988
-0.87302085,0.0319988
-0.87282085,0.0639975
-0.87262085,0.0319988
-0.87242085,0.0639975
-0.87222085,0.0319988
-0.87202085,0
-0.87182085,0.0319988
-0.87162085,0.0639975
-0.87142085,0.0319988
-0.87122085,0
-0.87102085,0
-0.87082085,0
-0.87062085,0.0319988
-0.87042085,0.0639975
-0.87022085,0.0319988
-0.87002085,0.0319988
-0.86982085,0.0639975
-0.86962085,0.0319988
-0.86942085,0.0639975
-0.86922085,0.0319988
-0.86902085,0
-0.86882085,0
-0.86862085,0.0319988
-0.86842085,0.0319988
-0.86822085,0
-0.86802085,0.0319988
-0.86782085,0
-0.86762085,0.0319988
-0.86742085,0.0319988
-0.86722085,0
-0.86702085,0.0639975
-0.86682085,0.0639975
-0.86662085,0.0319988
-0.86642085,0.0319988
-0.86622085,0.0319988
-0.86602085,0.0319988
-0.86582085,0.0319988
-0.86562085,0.0319988
-0.86542085,0.0319988
-0.86522085,0.0639975
-0.86502085,0.0319988
-0.86482085,0.0319988
-0.86462085,0.0319988
-0.86442085,0.0319988
-0.86422085,0.0319988
-0.86402085,0.0639975
-0.86382085,0.0639975
-0.86362085,0
-0.86342085,0.0639975
-0.86322085,0.0639975
-0.86302085,0.0319988
-0.86282085,0.0959963
-0.86262085,0.0959963
-0.86242085,-0.0319988
-0.86222085,0.0639975
-0.86202085,0.0639975
-0.86182085,0.0319988
-0.86162085,0.0319988
-0.86142085,0.0639975
-0.86122085,0.0639975
-0.86102085,0.0639975
-0.86082085,0.0639975
-0.86062085,0
-0.86042085,0.0319988
-0.86022085,0.0639975
-0.86002085,0.0319988
-0.85982085,0.0959963
-0.85962085,0.0639975
-0.85942085,0.0639975
-0.85922085,0.0319988
-0.85902085,0.0639975
-0.85882085,0.0319988
-0.85862085,0.0639975
-0.85842085,0.0319988
-0.85822085,0.0319988
-0.85802085,0.0319988
-0.85782085,0.0639975
-0.85762085,0
-0.85742085,0.0319988
-0.85722085,0
-0.85702085,0
-0.85682085,0.0319988
-0.85662085,0.0639975
-0.85642085,-0.0319988
-0.85622085,0
-0.85602085,0
-0.85582085,0
-0.85562085,0.0319988
-0.85542085,0.0319988
-0.85522085,0.0319988
-0.85502085,0.0639975
-0.85482085,0.0319988
-0.85462085,0.0319988
-0.85442085,0.0319988
-0.85422085,0
-0.85402085,0.0639975
-0.85382085,0
-0.85362085,0.0319988
-0.85342085,-0.0319988
-0.85322085,0.0319988
-0.85302085,0.0639975
-0.85282085,0.0639975
-0.85262085,0.0639975
-0.85242085,0.0639975
-0.85222085,0.0319988
-0.85202085,0.0639975
-0.85182085,0.0959963
-0.85162085,0.0319988
-0.85142085,0.0319988
-0.85122085,0.0639975
-0.85102085,0.0639975
-0.85082085,0.0639975
-0.85062085,0.0639975
-0.85042085,0.0319988
-0.85022085,0.0319988
-0.85002085,0.0319988
-0.84982085,0.0319988
-0.84962085,0.0639975
-0.84942085,0.0319988
-0.84922085,0.0639975
-0.84902085,0.0319988
-0.84882085,0.0639975
-0.84862085,0.0639975
-0.84842085,0.0639975
-0.84822085,0.0639975
-0.84802085,0.0639975
-0.84782085,0.0639975
-0.84762085,0.0959963
-0.84742085,0.0639975
-0.84722085,0.0959963
-0.84702085,0.0639975
-0.84682085,0.0319988
-0.84662085,0.0959963
-0.84642085,0.0639975
-0.84622085,0.0639975
-0.84602085,0.0959963
-0.84582085,0.0639975
-0.84562085,0.0319988
-0.84542085,0.0639975
-0.84522085,0.0639975
-0.84502085,0
-0.84482085,0.127995
-0.84462085,0.0639975
-0.84442085,0.0639975
-0.84422085,0.0639975
-0.84402085,0.0959963
-0.84382085,0.0959963
-0.84362085,0.0639975
-0.84342085,0.0959963
-0.84322085,0.0639975
-0.84302085,0.0639975
-0.84282085,0.0959963
-0.84262085,0.0639975
-0.84242085,0.0959963
-0.84222085,0.0959963
-0.84202085,0.0639975
-0.84182085,0.0959963
-0.84162085,0.0639975
-0.84142085,0.0639975
-0.84122085,0.127995
-0.84102085,0.0639975
-0.84082085,0.0639975
-0.84062085,0.127995
-0.84042085,0.127995
-0.84022085,0.0959963
-0.84002085,0.0959963
-0.83982085,0.0959963
-0.83962085,0.0319988
-0.83942085,0.0639975
-0.83922085,0.0959963
-0.83902085,0.0639975
-0.83882085,0.127995
-0.83862085,0.0639975
-0.83842085,0.127995
-0.83822085,0.0959963
-0.83802085,0.0959963
-0.83782085,0.0959963
-0.83762085,0.0959963
-0.83742085,0.0639975
-0.83722085,0.0639975
-0.83702085,0.0959963
-0.83682085,0.0959963
-0.83662085,0.0959963
-0.83642085,0.0959963
-0.83622085,0.0959963
-0.83602085,0.0959963
-0.83582085,0.0959963
-0.83562085,0.0639975
-0.83542085,0.0959963
-0.83522085,0.0639975
-0.83502085,0.0959963
-0.83482085,0.0639975
-0.83462085,0.0959963
-0.83442085,0.0959963
-0.83422085,0.0959963
-0.83402085,0.0959963
-0.83382085,0.159994
-0.83362085,0.0959963
-0.83342085,0.0959963
-0.83322085,0.0959963
-0.83302085,0.0959963
-0.83282085,0.0639975
-0.83262085,0.0959963
-0.83242085,0.0639975
-0.83222085,0.0959963
-0.83202085,0.0959963
-0.83182085,0.0319988
-0.83162085,0.0959963
-0.83142085,0.0639975
-0.83122085,0.0959963
-0.83102085,0.0959963
-0.83082085,0.127995
-0.83062085,0.0639975
-0.83042085,0.0959963
-0.83022085,0.0639975
-0.83002085,0.0959963
-0.82982085,0.0639975
-0.82962085,0.0639975
-0.82942085,0.0639975
-0.82922085,0.127995
-0.82902085,0.0639975
-0.82882085,0.0639975
-0.82862085,0.0639975
-0.82842085,0.0639975
-0.82822085,0.0639975
-0.82802085,0.0959963
-0.82782085,0.0639975
-0.82762085,0.0319988
-0.82742085,0.0959963
-0.82722085,0.0959963
-0.82702085,0.0639975
-0.82682085,0.0639975
-0.82662085,0.0639975
-0.82642085,0
-0.82622085,0.0639975
-0.82602085,0.0959963
-0.82582085,0.0639975
-0.82562085,0.0959963
-0.82542085,0.0959963
-0.82522085,0.127995
-0.82502085,0.0959963
-0.82482085,0.0639975
-0.82462085,0.0639975
-0.82442085,0.0959963
-0.82422085,0.0639975
-0.82402085,0.0319988
-0.82382085,0.0959963
-0.82362085,0.0959963
-0.82342085,0.0639975
-0.82322085,0.0959963
-0.82302085,0.0639975
-0.82282085,0.0959963
-0.82262085,0.0639975
-0.82242085,0.0639975
-0.82222085,0.0639975
-0.82202085,0.0639975
-0.82182085,0.0959963
-0.82162085,0.0639975
-0.82142085,0.0959963
-0.82122085,0.0639975
-0.82102085,0.0319988
-0.82082085,0.0959963
-0.82062085,0.0639975
-0.82042085,0.0319988
-0.82022085,0.0639975
-0.82002085,0.0639975
-0.81982085,0.0319988
-0.81962085,0.0639975
-0.81942085,0.0959963
-0.81922085,0.0639975
-0.81902085,0
-0.81882085,0.0319988
-0.81862085,0.0319988
-0.81842085,0.0319988
-0.81822085,0.0639975
-0.81802085,0.0319988
-0.81782085,0.0639975
-0.81762085,0.0319988
-0.81742085,0
-0.81722085,0.0319988
-0.81702085,0.0639975
-0.81682085,0.0319988
-0.81662085,0.0319988
-0.81642085,0.0639975
-0.81622085,0
-0.81602085,0.0319988
-0.81582085,0.0319988
-0.81562085,0
-0.81542085,0.0639975
-0.81522085,0
-0.81502085,-0.0319988
-0.81482085,0.0639975
-0.81462085,0.0639975
-0.81442085,0.0319988
-0.81422085,0
-0.81402085,0.0319988
-0.81382085,-0.0319988
-0.81362085,0
-0.81342085,0
-0.81322085,0
-0.81302085,-0.0319988
-0.81282085,0.0319988
-0.81262085,-0.0319988
-0.81242085,0.0319988
-0.81222085,0.0319988
-0.81202085,-0.0319988
-0.81182085,-0.0319988
-0.81162085,0
-0.81142085,-0.0639975
-0.81122085,-0.0319988
-0.81102085,0
-0.81082085,-0.0319988
-0.81062085,0
-0.81042085,0.0319988
-0.81022085,-0.0639975
-0.81002085,0
-0.80982085,-0.0319988
-0.80962085,-0.0639975
-0.80942085,-0.0319988
-0.80922085,-0.0319988
-0.80902085,-0.0319988
-0.80882085,-0.0319988
-0.80862085,-0.0639975
-0.80842085,-0.0319988
-0.80822085,-0.0319988
-0.80802085,-0.0319988
-0.80782085,-0.0319988
-0.80762085,-0.0959963
-0.80742085,-0.0639975
-0.80722085,-0.0639975
-0.80702085,-0.0959963
-0.80682085,-0.0639975
-0.80662085,-0.0959963
-0.80642085,-0.0639975
-0.80622085,-0.0959963
-0.80602085,-0.0639975
-0.80582085,-0.0319988
-0.80562085,-0.0639975
-0.80542085,-0.0959963
-0.80522085,-0.0959963
-0.80502085,-0.0639975
-0.80482085,-0.0959963
-0.80462085,-0.0639975
-0.80442085,-0.0319988
-0.80422085,-0.127995
-0.80402085,-0.0639975
-0.80382085,-0.0319988
-0.80362085,-0.127995
-0.80342085,-0.0319988
-0.80322085,-0.0959963
-0.80302085,-0.0639975
-0.80282085,-0.0319988
-0.80262085,-0.0639975
-0.80242085,-0.0959963
-0.80222085,-0.0639975
-0.80202085,-0.0319988
-0.80182085,-0.0959963
-0.80162085,-0.0319988
-0.80142085,-0.0639975
-0.80122085,-0.0639975
-0.80102085,-0.0319988
-0.80082085,-0.0319988
-0.80062085,-0.0639975
-0.80042085,-0.0639975
-0.80022085,-0.0639975
-0.80002085,-0.0959963
-0.79982085,-0.0959963
-0.79962085,-0.0959963
-0.79942085,-0.0959963
-0.79922085,-0.0639975
-0.79902085,-0.0639975
-0.79882085,-0.0639975
-0.79862085,-0.0959963
-0.79842085,-0.0319988
-0.79822085,-0.0959963
-0.79802085,-0.0319988
-0.79782085,0
-0.79762085,-0.0639975
-0.79742085,-0.0639975
-0.79722085,-0.0639975
-0.79702085,-0.0639975
-0.79682085,-0.0319988
-0.79662085,-0.0639975
-0.79642085,-0.0959963
-0.79622085,-0.0319988
-0.79602085,-0.0639975
-0.79582085,-0.0319988
-0.79562085,-0.0319988
-0.79542085,-0.0639975
-0.79522085,-0.0319988
-0.79502085,-0.0319988
-0.79482085,-0.0319988
-0.79462085,-0.0959963
-0.79442085,-0.0639975
-0.79422085,-0.0639975
-0.79402085,-0.0639975
-0.79382085,-0.0319988
-0.79362085,-0.0319988
-0.79342085,-0.0959963
-0.79322085,-0.0319988
-0.79302085,0
-0.79282085,-0.0639975
-0.79262085,-0.0319988
-0.79242085,-0.0959963
-0.79222085,0.0319988
-0.79202085,-0.0319988
-0.79182085,-0.0319988
-0.79162085,-0.0639975
-0.79142085,-0.0639975
-0.79122085,-0.0319988
-0.79102085,-0.0639975
-0.79082085,-0.0319988
-0.79062085,0
-0.79042085,-0.0639975
-0.79022085,-0.0319988
-0.79002085,0
-0.78982085,-0.0319988
-0.78962085,0
-0.78942085,-0.0319988
-0.78922085,-0.0639975
-0.78902085,-0.0639975
-0.78882085,-0.0319988
-0.78862085,-0.0639975
-0.78842085,0
-0.78822085,0
-0.78802085,-0.0639975
-0.78782085,-0.0639975
-0.78762085,-0.0319988
-0.78742085,-0.0319988
-0.78722085,-0.0319988
-0.78702085,-0.0319988
-0.78682085,-0.0319988
-0.78662085,0
-0.78642085,-0.0319988
-0.78622085,-0.0639975
-0.78602085,-0.0639975
-0.78582085,0
-0.78562085,-0.0319988
-0.78542085,0
-0.78522085,-0.0319988
-0.78502085,-0.0639975
-0.78482085,0.0319988
-0.78462085,0
-0.78442085,0
-0.78422085,-0.0319988
-0.78402085,0
-0.78382085,-0.0639975
-0.78362085,-0.0319988
-0.78342085,0
-0.78322085,-0.0319988
-0.78302085,-0.0319988
-0.78282085,0
-0.78262085,-0.0319988
-0.78242085,-0.0319988
-0.78222085,-0.0319988
-0.78202085,-0.0319988
-0.78182085,0
-0.78162085,-0.0319988
-0.78142085,-0.0319988
-0.78122085,-0.0319988
-0.78102085,0
-0.78082085,-0.0639975
-0.78062085,-0.0319988
-0.78042085,0
-0.78022085,-0.127995
-0.78002085,-0.0319988
-0.77982085,0
-0.77962085,0
-0.77942085,-0.0319988
-0.77922085,-0.0319988
-0.77902085,-0.0639975
-0.77882085,-0.0319988
-0.77862085,0.0319988
-0.77842085,0
-0.77822085,-0.0319988
-0.77802085,0
-0.77782085,-0.0319988
-0.77762085,0
-0.77742085,0.0319988
-0.77722085,-0.0639975
-0.77702085,0
-0.77682085,0
-0.77662085,0
-0.77642085,-0.0319988
-0.77622085,0
-0.77602085,-0.0319988
-0.77582085,0
-0.77562085,0
-0.77542085,-0.0639975
-0.77522085,0.0319988
-0.77502085,0
-0.77482085,0
-0.77462085,0.0319988
-0.77442085,0
-0.77422085,0
-0.77402085,0
-0.77382085,0.0319988
-0.77362085,0
-0.77342085,0
-0.77322085,0
-0.77302085,0
-0.77282085,0
-0.77262085,0.0319988
-0.77242085,0.0319988
-0.77222085,0
-0.77202085,0
-0.77182085,0
-0.77162085,0.0319988
-0.77142085,0.0639975
-0.77122085,0
-0.77102085,0
-0.77082085,0
-0.77062085,0.0319988
-0.77042085,0.0319988
-0.77022085,0
-0.77002085,0
-0.76982085,0.0319988
-0.76962085,0.0319988
-0.76942085,0.0319988
-0.76922085,0
-0.76902085,0.0639975
-0.76882085,0.0319988
-0.76862085,0.0319988
-0.76842085,0
-0.76822085,-0.0319988
-0.76802085,0.0319988
-0.76782085,0.0639975
-0.76762085,0.0319988
-0.76742085,0.0319988
-0.76722085,0.0319988
-0.76702085,-0.0319988
-0.76682085,0.0319988
-0.76662085,0.0319988
-0.76642085,0
-0.76622085,0.0319988
-0.76602085,0.0319988
-0.76582085,0
-0.76562085,0.0639975
-0.76542085,0.0319988
-0.76522085,0
-0.76502085,0
-0.76482085,0.0639975
-0.76462085,0.0319988
-0.76442085,0.0639975
-0.76422085,0.0639975
-0.76402085,0.0319988
-0.76382085,0.0639975
-0.76362085,0.0319988
-0.76342085,0.0319988
-0.76322085,0.0639975
-0.76302085,0.0319988
-0.76282085,0.0639975
-0.76262085,0.0319988
-0.76242085,0.0639975
-0.76222085,0
-0.76202085,0
-0.76182085,0
-0.76162085,-0.0319988
-0.76142085,0.0639975
-0.76122085,0.0319988
-0.76102085,0
-0.76082085,0.0319988
-0.76062085,0.0639975
-0.76042085,0
-0.76022085,0.0639975
-0.76002085,0.0319988
-0.75982085,0
-0.75962085,0
-0.75942085,0.0319988
-0.75922085,0.0319988
-0.75902085,0.0319988
-0.75882085,0.0319988
-0.75862085,0
-0.75842085,0.0319988
-0.75822085,0.0639975
-0.75802085,-0.0319988
-0.75782085,0
-0.75762085,-0.0319988
-0.75742085,0
-0.75722085,0.0319988
-0.75702085,0.0319988
-0.75682085,0
-0.75662085,0.0319988
-0.75642085,0.0319988
-0.75622085,0
-0.75602085,0
-0.75582085,0.0639975
-0.75562085,0
-0.75542085,-0.0319988
-0.75522085,0.0319988
-0.75502085,-0.0319988
-0.75482085,0
-0.75462085,0
-0.75442085,0
-0.75422085,0
-0.75402085,0.0639975
-0.75382085,0
-0.75362085,0
-0.75342085,0
-0.75322085,-0.0639975
-0.75302085,0
-0.75282085,0.0319988
-0.75262085,0
-0.75242085,0
-0.75222085,0.0319988
-0.75202085,0
-0.75182085,0
-0.75162085,0
-0.75142085,0
-0.75122085,0
-0.75102085,0.0319988
-0.75082085,0
-0.75062085,0
-0.75042085,0
-0.75022085,0
-0.75002085,0.0319988
-0.74982085,0.0319988
-0.74962085,0
-0.74942085,0
-0.74922085,0
-0.74902085,0
-0.74882085,0
-0.74862085,0.0319988
-0.74842085,-0.0319988
-0.74822085,-0.0319988
-0.74802085,-0.0639975
-0.74782085,0
-0.74762085,0.0319988
-0.74742085,0.0319988
-0.74722085,-0.0639975
-0.74702085,-0.0319988
-0.74682085,-0.0319988
-0.74662085,-0.0319988
-0.74642085,-0.0639975
-0.74622085,-0.0319988
-0.74602085,-0.0319988
-0.74582085,-0.0639975
-0.74562085,0
-0.74542085,-0.0319988
-0.74522085,0
-0.74502085,0
-0.74482085,-0.0319988
-0.74462085,-0.0639975
-0.74442085,-0.0319988
-0.74422085,-0.0639975
-0.74402085,-0.0319988
-0.74382085,-0.0319988
-0.74362085,-0.0639975
-0.74342085,-0.0319988
-0.74322085,-0.0319988
-0.74302085,-0.0959963
-0.74282085,-0.0959963
-0.74262085,-0.0639975
-0.74242085,-0.0639975
-0.74222085,-0.0639975
-0.74202085,-0.0319988
-0.74182085,-0.127995
-0.74162085,-0.0639975
-0.74142085,-0.0639975
-0.74122085,-0.0319988
-0.74102085,-0.0319988
-0.74082085,-0.0639975
-0.74062085,-0.0639975
-0.74042085,-0.0319988
-0.74022085,-0.0319988
-0.74002085,-0.127995
-0.73982085,-0.0639975
-0.73962085,-0.0959963
-0.73942085,-0.0639975
-0.73922085,-0.0319988
-0.73902085,-0.0959963
-0.73882085,-0.0639975
-0.73862085,-0.0639975
-0.73842085,-0.0639975
-0.73822085,-0.0639975
-0.73802085,-0.0639975
-0.73782085,-0.0959963
-0.73762085,-0.0959963
-0.73742085,-0.0639975
-0.73722085,-0.0959963
-0.73702085,-0.0959963
-0.73682085,-0.0959963
-0.73662085,0
-0.73642085,-0.127995
-0.73622085,-0.0639975
-0.73602085,-0.0959963
-0.73582085,-0.0959963
-0.73562085,-0.127995
-0.73542085,-0.0959963
-0.73522085,-0.127995
-0.73502085,-0.127995
-0.73482085,-0.0959963
-0.73462085,-0.159994
-0.73442085,-0.0959963
-0.73422085,-0.0639975
-0.73402085,-0.127995
-0.73382085,-0.127995
-0.73362085,-0.0959963
-0.73342085,-0.127995
-0.73322085,-0.0639975
-0.73302085,-0.0959963
-0.73282085,-0.127995
-0.73262085,-0.0959963
-0.73242085,-0.0959963
-0.73222085,-0.0959963
-0.73202085,-0.0959963
-0.73182085,-0.127995
-0.73162085,-0.159994
-0.73142085,-0.0959963
-0.73122085,-0.0959963
-0.73102085,-0.127995
-0.73082085,-0.159994
-0.73062085,-0.127995
-0.73042085,-0.0959963
-0.73022085,-0.0959963
-0.73002085,-0.127995
-0.72982085,-0.159994
-0.72962085,-0.127995
-0.72942085,-0.159994
-0.72922085,-0.0959963
-0.72902085,-0.127995
-0.72882085,-0.127995
-0.72862085,-0.159994
-0.72842085,-0.127995
-0.72822085,-0.0959963
-0.72802085,-0.159994
-0.72782085,-0.127995
-0.72762085,-0.127995
-0.72742085,-0.159994
-0.72722085,-0.159994
-0.72702085,-0.127995
-0.72682085,-0.159994
-0.72662085,-0.191993
-0.72642085,-0.127995
-0.72622085,-0.191993
-0.72602085,-0.159994
-0.72582085,-0.0959963
-0.72562085,-0.159994
-0.72542085,-0.127995
-0.72522085,-0.127995
-0.72502085,-0.159994
-0.72482085,-0.159994
-0.72462085,-0.159994
-0.72442085,-0.191993
-0.72422085,-0.127995
-0.72402085,-0.0639975
-0.72382085,-0.159994
-0.72362085,-0.127995
-0.72342085,-0.159994
-0.72322085,-0.0959963
-0.72302085,-0.159994
-0.72282085,-0.159994
-0.72262085,-0.223991
-0.72242085,-0.159994
-0.72222085,-0.127995
-0.72202085,-0.159994
-0.72182085,-0.191993
-0.72162085,-0.159994
-0.72142085,-0.191993
-0.72122085,-0.0959963
-0.72102085,-0.127995
-0.72082085,-0.159994
-0.72062085,-0.159994
-0.72042085,-0.127995
-0.72022085,-0.191993
-0.72002085,-0.191993
-0.71982085,-0.191993
-0.71962085,-0.191993
-0.71942085,-0.191993
-0.71922085,-0.159994
-0.71902085,-0.127995
-0.71882085,-0.159994
-0.71862085,-0.159994
-0.71842085,-0.223991
-0.71822085,-0.159994
-0.71802085,-0.159994
-0.71782085,-0.191993
-0.71762085,-0.159994
-0.71742085,-0.191993
-0.71722085,-0.191993
-0.71702085,-0.191993
-0.71682085,-0.191993
-0.71662085,-0.223991
-0.71642085,-0.159994
-0.71622085,-0.127995
-0.71602085,-0.191993
-0.71582085,-0.223991
-0.71562085,-0.127995
-0.71542085,-0.223991
-0.71522085,-0.159994
-0.71502085,-0.191993
-0.71482085,-0.191993
-0.71462085,-0.191993
-0.71442085,-0.159994
-0.71422085,-0.25599
-0.71402085,-0.159994
-0.71382085,-0.159994
-0.71362085,-0.223991
-0.71342085,-0.223991
-0.71322085,-0.191993
-0.71302085,-0.223991
-0.71282085,-0.223991
-0.71262085,-0.191993
-0.71242085,-0.223991
-0.71222085,-0.191993
-0.71202085,-0.159994
-0.71182085,-0.223991
-0.71162085,-0.159994
-0.71142085,-0.191993
-0.71122085,-0.191993
-0.71102085,-0.191993
-0.71082085,-0.223991
-0.71062085,-0.223991
-0.71042085,-0.191993
-0.71022085,-0.191993
-0.71002085,-0.223991
-0.70982085,-0.223991
-0.70962085,-0.159994
-0.70942085,-0.25599
-0.70922085,-0.223991
-0.70902085,-0.191993
-0.70882085,-0.25599
-0.70862085,-0.25599
-0.70842085,-0.223991
-0.70822085,-0.25599
-0.70802085,-0.223991
-0.70782085,-0.223991
-0.70762085,-0.287989
-0.70742085,-0.25599
-0.70722085,-0.191993
-0.70702085,-0.191993
-0.70682085,-0.25599
-0.70662085,-0.223991
-0.70642085,-0.25599
-0.70622085,-0.25599
-0.70602085,-0.25599
-0.70582085,-0.287989
-0.70562085,-0.25599
-0.70542085,-0.25599
-0.70522085,-0.25599
-0.70502085,-0.223991
-0.70482085,-0.25599
-0.70462085,-0.287989
-0.70442085,-0.287989
-0.70422085,-0.223991
-0.70402085,-0.25599
-0.70382085,-0.25599
-0.70362085,-0.287989
-0.70342085,-0.25599
-0.70322085,-0.25599
-0.70302085,-0.287989
-0.70282085,-0.25599
-0.70262085,-0.287989
-0.70242085,-0.223991
-0.70222085,-0.287989
-0.70202085,-0.223991
-0.70182085,-0.223991
-0.70162085,-0.223991
-0.70142085,-0.25599
-0.70122085,-0.191993
-0.70102085,-0.25599
-0.70082085,-0.25599
-0.70062085,-0.25599
-0.70042085,-0.25599
-0.70022085,-0.287989
-0.70002085,-0.25599
-0.69982085,-0.25599
-0.69962085,-0.287989
-0.69942085,-0.25599
-0.69922085,-0.25599
-0.69902085,-0.25599
-0.69882085,-0.25599
-0.69862085,-0.223991
-0.69842085,-0.25599
-0.69822085,-0.223991
-0.69802085,-0.25599
-0.69782085,-0.287989
-0.69762085,-0.287989
-0.69742085,-0.287989
-0.69722085,-0.25599
-0.69702085,-0.223991
-0.69682085,-0.25599
-0.69662085,-0.287989
-0.69642085,-0.287989
-0.69622085,-0.25599
-0.69602085,-0.25599
-0.69582085,-0.25599
-0.69562085,-0.287989
-0.69542085,-0.25599
-0.69522085,-0.25599
-0.69502085,-0.287989
-0.69482085,-0.287989
-0.69462085,-0.25599
-0.69442085,-0.25599
-0.69422085,-0.287989
-0.69402085,-0.223991
-0.69382085,-0.287989
-0.69362085,-0.351986
-0.69342085,-0.25599
-0.69322085,-0.287989
-0.69302085,-0.287989
-0.69282085,-0.287989
-0.69262085,-0.25599
-0.69242085,-0.25599
-0.69222085,-0.287989
-0.69202085,-0.25599
-0.69182085,-0.287989
-0.69162085,-0.287989
-0.69142085,-0.25599
-0.69122085,-0.287989
-0.69102085,-0.25599
-0.69082085,-0.287989
-0.69062085,-0.319988
-0.69042085,-0.319988
-0.69022085,-0.287989
-0.69002085,-0.25599
-0.68982085,-0.287989
-0.68962085,-0.287989
-0.68942085,-0.287989
-0.68922085,-0.25599
-0.68902085,-0.25599
-0.68882085,-0.287989
-0.68862085,-0.287989
-0.68842085,-0.287989
-0.68822085,-0.319988
-0.68802085,-0.223991
-0.68782085,-0.287989
-0.68762085,-0.223991
-0.68742085,-0.287989
-0.68722085,-0.287989
-0.68702085,-0.25599
-0.68682085,-0.25599
-0.68662085,-0.287989
-0.68642085,-0.25599
-0.68622085,-0.287989
-0.68602085,-0.25599
-0.68582085,-0.287989
-0.68562085,-0.287989
-0.68542085,-0.287989
-0.68522085,-0.319988
-0.68502085,-0.25599
-0.68482085,-0.25599
-0.68462085,-0.25599
-0.68442085,-0.287989
-0.68422085,-0.25599
-0.68402085,-0.287989
-0.68382085,-0.287989
-0.68362085,-0.287989
-0.68342085,-0.319988
-0.68322085,-0.287989
-0.68302085,-0.25599
-0.68282085,-0.351986
-0.68262085,-0.287989
-0.68242085,-0.319988
-0.68222085,-0.287989
-0.68202085,-0.319988
-0.68182085,-0.287989
-0.68162085,-0.319988
-0.68142085,-0.287989
-0.68122085,-0.287989
-0.68102085,-0.319988
-0.68082085,-0.287989
-0.68062085,-0.319988
-0.68042085,-0.287989
-0.68022085,-0.287989
-0.68002085,-0.287989
-0.67982085,-0.287989
-0.67962085,-0.287989
-0.67942085,-0.287989
-0.67922085,-0.287989
-0.67902085,-0.25599
-0.67882085,-0.287989
-0.67862085,-0.319988
-0.67842085,-0.287989
-0.67822085,-0.287989
-0.67802085,-0.287989
-0.67782085,-0.287989
-0.67762085,-0.319988
-0.67742085,-0.319988
-0.67722085,-0.25599
-0.67702085,-0.25599
-0.67682085,-0.287989
-0.67662085,-0.25599
-0.67642085,-0.287989
-0.67622085,-0.287989
-0.67602085,-0.25599
-0.67582085,-0.287989
-0.67562085,-0.287989
-0.67542085,-0.223991
-0.67522085,-0.287989
-0.67502085,-0.287989
-0.67482085,-0.287989
-0.67462085,-0.287989
-0.67442085,-0.223991
-0.67422085,-0.25599
-0.67402085,-0.287989
-0.67382085,-0.319988
-0.67362085,-0.25599
-0.67342085,-0.287989
-0.67322085,-0.287989
-0.67302085,-0.287989
-0.67282085,-0.287989
-0.67262085,-0.25599
-0.67242085,-0.25599
-0.67222085,-0.319988
-0.67202085,-0.25599
-0.67182085,-0.25599
-0.67162085,-0.25599
-0.67142085,-0.287989
-0.67122085,-0.287989
-0.67102085,-0.25599
-0.67082085,-0.287989
-0.67062085,-0.319988
-0.67042085,-0.25599
-0.67022085,-0.287989
-0.67002085,-0.25599
-0.66982085,-0.25599
-0.66962085,-0.287989
-0.66942085,-0.319988
-0.66922085,-0.287989
-0.66902085,-0.319988
-0.66882085,-0.25599
-0.66862085,-0.319988
-0.66842085,-0.287989
-0.66822085,-0.351986
-0.66802085,-0.25599
-0.66782085,-0.287989
-0.66762085,-0.25599
-0.66742085,-0.287989
-0.66722085,-0.287989
-0.66702085,-0.287989
-0.66682085,-0.25599
-0.66662085,-0.287989
-0.66642085,-0.25599
-0.66622085,-0.319988
-0.66602085,-0.319988
-0.66582085,-0.287989
-0.66562085,-0.287989
-0.66542085,-0.287989
-0.66522085,-0.25599
-0.66502085,-0.287989
-0.66482085,-0.287989
-0.66462085,-0.223991
-0.66442085,-0.223991
-0.66422085,-0.287989
-0.66402085,-0.25599
-0.66382085,-0.25599
-0.66362085,-0.25599
-0.66342085,-0.287989
-0.66322085,-0.25599
-0.66302085,-0.287989
-0.66282085,-0.287989
-0.66262085,-0.25599
-0.66242085,-0.223991
-0.66222085,-0.25599
-0.66202085,-0.25599
-0.66182085,-0.25599
-0.66162085,-0.25599
-0.66142085,-0.25599
-0.66122085,-0.287989
-0.66102085,-0.25599
-0.66082085,-0.25599
-0.66062085,-0.287989
-0.66042085,-0.25599
-0.66022085,-0.287989
-0.66002085,-0.287989
-0.65982085,-0.287989
-0.65962085,-0.25599
-0.65942085,-0.25599
-0.65922085,-0.25599
-0.65902085,-0.25599
-0.65882085,-0.287989
-0.65862085,-0.287989
-0.65842085,-0.287989
-0.65822085,-0.25599
-0.65802085,-0.223991
-0.65782085,-0.25599
-0.65762085,-0.287989
-0.65742085,-0.25599
-0.65722085,-0.25599
-0.65702085,-0.287989
-0.65682085,-0.223991
-0.65662085,-0.287989
-0.65642085,-0.319988
-0.65622085,-0.25599
-0.65602085,-0.25599
-0.65582085,-0.287989
-0.65562085,-0.25599
-0.65542085,-0.25599
-0.65522085,-0.25599
-0.65502085,-0.25599
-0.65482085,-0.287989
-0.65462085,-0.287989
-0.65442085,-0.25599
-0.65422085,-0.287989
-0.65402085,-0.287989
-0.65382085,-0.25599
-0.65362085,-0.223991
-0.65342085,-0.223991
-0.65322085,-0.223991
-0.65302085,-0.25599
-0.65282085,-0.25599
-0.65262085,-0.25599
-0.65242085,-0.287989
-0.65222085,-0.223991
-0.65202085,-0.25599
-0.65182085,-0.25599
-0.65162085,-0.223991
-0.65142085,-0.191993
-0.65122085,-0.191993
-0.65102085,-0.25599
-0.65082085,-0.191993
-0.65062085,-0.223991
-0.65042085,-0.223991
-0.65022085,-0.191993
-0.65002085,-0.191993
-0.64982085,-0.191993
-0.64962085,-0.191993
-0.64942085,-0.25599
-0.64922085,-0.191993
-0.64902085,-0.159994
-0.64882085,-0.191993
-0.64862085,-0.223991
-0.64842085,-0.191993
-0.64822085,-0.223991
-0.64802085,-0.191993
-0.64782085,-0.191993
-0.64762085,-0.191993
-0.64742085,-0.223991
-0.64722085,-0.159994
-0.64702085,-0.223991
-0.64682085,-0.191993
-0.64662085,-0.191993
-0.64642085,-0.223991
-0.64622085,-0.223991
-0.64602085,-0.223991
-0.64582085,-0.191993
-0.64562085,-0.191993
-0.64542085,-0.191993
-0.64522085,-0.223991
-0.64502085,-0.159994
-0.64482085,-0.159994
-0.64462085,-0.191993
-0.64442085,-0.191993
-0.64422085,-0.191993
-0.64402085,-0.191993
-0.64382085,-0.191993
-0.64362085,-0.159994
-0.64342085,-0.191993
-0.64322085,-0.191993
-0.64302085,-0.191993
-0.64282085,-0.159994
-0.64262085,-0.223991
-0.64242085,-0.159994
-0.64222085,-0.223991
-0.64202085,-0.159994
-0.64182085,-0.191993
-0.64162085,-0.223991
-0.64142085,-0.159994
-0.64122085,-0.159994
-0.64102085,-0.191993
-0.64082085,-0.191993
-0.64062085,-0.191993
-0.64042085,-0.191993
-0.64022085,-0.191993
-0.64002085,-0.127995
-0.63982085,-0.223991
-0.63962085,-0.159994
-0.63942085,-0.159994
-0.63922085,-0.223991
-0.63902085,-0.159994
-0.63882085,-0.127995
-0.63862085,-0.159994
-0.63842085,-0.159994
-0.63822085,-0.159994
-0.63802085,-0.159994
-0.63782085,-0.127995
-0.63762085,-0.127995
-0.63742085,-0.159994
-0.63722085,-0.127995
-0.63702085,-0.159994
-0.63682085,-0.191993
-0.63662085,-0.159994
-0.63642085,-0.159994
-0.63622085,-0.191993
-0.63602085,-0.127995
-0.63582085,-0.127995
-0.63562085,-0.159994
-0.63542085,-0.159994
-0.63522085,-0.127995
-0.63502085,-0.127995
-0.63482085,-0.127995
-0.63462085,-0.0959963
-0.63442085,-0.0959963
-0.63422085,-0.0639975
-0.63402085,-0.127995
-0.63382085,-0.159994
-0.63362085,-0.127995
-0.63342085,-0.127995
-0.63322085,-0.159994
-0.63302085,-0.0959963
-0.63282085,-0.127995
-0.63262085,-0.159994
-0.63242085,-0.191993
-0.63222085,-0.127995
-0.63202085,-0.127995
-0.63182085,-0.0959963
-0.63162085,-0.127995
-0.63142085,-0.0959963
-0.63122085,-0.0959963
-0.63102085,-0.0959963
-0.63082085,-0.127995
-0.63062085,-0.127995
-0.63042085,-0.0959963
-0.63022085,-0.127995
-0.63002085,-0.0959963
-0.62982085,-0.127995
-0.62962085,-0.159994
-0.62942085,-0.0959963
-0.62922085,-0.0639975
-0.62902085,-0.0639975
-0.62882085,-0.0959963
-0.62862085,-0.0319988
-0.62842085,-0.127995
-0.62822085,-0.0959963
-0.62802085,-0.0959963
-0.62782085,-0.0959963
-0.62762085,-0.0959963
-0.62742085,-0.0639975
-0.62722085,-0.0639975
-0.62702085,-0.0639975
-0.62682085,-0.0639975
-0.62662085,-0.0959963
-0.62642085,-0.0639975
-0.62622085,-0.0319988
-0.62602085,-0.0959963
-0.62582085,-0.0639975
-0.62562085,-0.0959963
-0.62542085,-0.0959963
-0.62522085,-0.0639975
-0.62502085,-0.0639975
-0.62482085,-0.0959963
-0.62462085,-0.0639975
-0.62442085,-0.0639975
-0.62422085,-0.0959963
-0.62402085,-0.0319988
-0.62382085,-0.0639975
-0.62362085,-0.0639975
-0.62342085,-0.0319988
-0.62322085,-0.0639975
-0.62302085,-0.0959963
-0.62282085,-0.0319988
-0.62262085,-0.0639975
-0.62242085,-0.0959963
-0.62222085,-0.0319988
-0.62202085,-0.0319988
-0.62182085,-0.0639975
-0.62162085,-0.0639975
-0.62142085,0
-0.62122085,-0.0639975
-0.62102085,-0.0639975
-0.62082085,-0.0319988
-0.62062085,-0.0639975
-0.62042085,-0.0319988
-0.62022085,-0.0639975
-0.62002085,-0.0639975
-0.61982085,-0.0319988
-0.61962085,-0.0639975
-0.61942085,-0.0959963
-0.61922085,-0.0319988
-0.61902085,-0.0639975
-0.61882085,-0.0639975
-0.61862085,-0.0319988
-0.61842085,0.0319988
-0.61822085,-0.0639975
-0.61802085,0
-0.61782085,0
-0.61762085,0
-0.61742085,-0.0319988
-0.61722085,0
-0.61702085,-0.0959963
-0.61682085,-0.0319988
-0.61662085,0
-0.61642085,-0.0639975
-0.61622085,0
-0.61602085,0
-0.61582085,-0.0319988
-0.61562085,-0.0639975
-0.61542085,0
-0.61522085,-0.0319988
-0.61502085,0
-0.61482085,0
-0.61462085,-0.0639975
-0.61442085,0
-0.61422085,0
-0.61402085,0
-0.61382085,-0.0639975
-0.61362085,0
-0.61342085,-0.0639975
-0.61322085,0
-0.61302085,0
-0.61282085,-0.0639975
-0.61262085,0
-0.61242085,0.0319988
-0.61222085,-0.0319988
-0.61202085,0
-0.61182085,0.0319988
-0.61162085,0.0319988
-0.61142085,0.0639975
-0.61122085,0.0319988
-0.61102085,-0.0319988
-0.61082085,0
-0.61062085,0.0319988
-0.61042085,-0.0319988
-0.61022085,0
-0.61002085,0
-0.60982085,0
-0.60962085,0
-0.60942085,0
-0.60922085,-0.0319988
-0.60902085,0
-0.60882085,0.0319988
-0.60862085,0.0319988
-0.60842085,0
-0.60822085,0
-0.60802085,0
-0.60782085,-0.0319988
-0.60762085,0
-0.60742085,0
-0.60722085,0.0319988
-0.60702085,0.0319988
-0.60682085,0
-0.60662085,0.0319988
-0.60642085,0
-0.60622085,0
-0.60602085,0
-0.60582085,0
-0.60562085,0
-0.60542085,0
-0.60522085,0
-0.60502085,0
-0.60482085,0.0319988
-0.60462085,0
-0.60442085,-0.0319988
-0.60422085,0
-0.60402085,0.0319988
-0.60382085,0
-0.60362085,0.0319988
-0.60342085,0
-0.60322085,0
-0.60302085,0
-0.60282085,0.0639975
-0.60262085,0
-0.60242085,-0.0319988
-0.60222085,0.0319988
-0.60202085,0.0319988
-0.60182085,-0.0319988
-0.60162085,0
-0.60142085,0
-0.60122085,0.0319988
-0.60102085,0.0319988
-0.60082085,-0.0639975
-0.60062085,0.0639975
-0.60042085,0.0639975
-0.60022085,0
-0.60002085,0.0319988
-0.59982085,0.0319988
-0.59962085,0.0319988
-0.59942085,0.0319988
-0.59922085,0.0319988
-0.59902085,0.0319988
-0.59882085,0.0319988
-0.59862085,0
-0.59842085,0
-0.59822085,0.0319988
-0.59802085,0
-0.59782085,0
-0.59762085,-0.0319988
-0.59742085,-0.0319988
-0.59722085,0
-0.59702085,0
-0.59682085,0
-0.59662085,0
-0.59642085,0
-0.59622085,0
-0.59602085,0.0319988
-0.59582085,0
-0.59562085,0
-0.59542085,-0.0319988
-0.59522085,0
-0.59502085,0
-0.59482085,0.0319988
-0.59462085,0
-0.59442085,0.0639975
-0.59422085,0
-0.59402085,0
-0.59382085,-0.0319988
-0.59362085,0
-0.59342085,0
-0.59322085,0
-0.59302085,-0.0639975
-0.59282085,0.0319988
-0.59262085,0.0639975
-0.59242085,0
-0.59222085,-0.0319988
-0.59202085,0.0319988
-0.59182085,-0.0639975
-0.59162085,0
-0.59142085,0
-0.59122085,0
-0.59102085,0.0319988
-0.59082085,0.0319988
-0.59062085,0.0319988
-0.59042085,0.0319988
-0.59022085,0.0319988
-0.59002085,0
-0.58982085,-0.0319988
-0.58962085,0
-0.58942085,0
-0.58922085,0
-0.58902085,0.0319988
-0.58882085,0.0319988
-0.58862085,0.0319988
-0.58842085,0.0319988
-0.58822085,0
-0.58802085,0
-0.58782085,0
-0.58762085,0.0319988
-0.58742085,0
-0.58722085,0.0639975
-0.58702085,0
-0.58682085,0.0639975
-0.58662085,0.0319988
-0.58642085,0.0319988
-0.58622085,0.0319988
-0.58602085,0.0319988
-0.58582085,0.0319988
-0.58562085,0.0319988
-0.58542085,0
-0.58522085,0.0319988
-0.58502085,0.0319988
-0.58482085,0.0639975
-0.58462085,0
-0.58442085,0.0959963
-0.58422085,0.0319988
-0.58402085,0.0319988
-0.58382085,0.0319988
-0.58362085,0.0319988
-0.58342085,0.0319988
-0.58322085,0.0319988
-0.58302085,0.0639975
-0.58282085,0
-0.58262085,0
-0.58242085,0.0639975
-0.58222085,0
-0.58202085,0
-0.58182085,0.0319988
-0.58162085,0.0319988
-0.58142085,0.0639975
-0.58122085,0.0639975
-0.58102085,0.0319988
-0.58082085,0.0639975
-0.58062085,0.0959963
-0.58042085,0.0319988
-0.58022085,0.0639975
-0.58002085,0.0639975
-0.57982085,0.0959963
-0.57962085,0.0959963
-0.57942085,0.0639975
-0.57922085,0.0639975
-0.57902085,0.0319988
-0.57882085,0.0959963
-0.57862085,0.0959963
-0.57842085,0.0639975
-0.57822085,0.0959963
-0.57802085,0.0959963
-0.57782085,0.0959963
-0.57762085,0.0959963
-0.57742085,0.0959963
-0.57722085,0.127995
-0.57702085,0.0959963
-0.57682085,0.0639975
-0.57662085,0.127995
-0.57642085,0.0959963
-0.57622085,0.0959963
-0.57602085,0.0959963
-0.57582085,0.0959963
-0.57562085,0.0959963
-0.57542085,0.159994
-0.57522085,0.0959963
-0.57502085,0.0639975
-0.57482085,0.127995
-0.57462085,0.127995
-0.57442085,0.127995
-0.57422085,0.159994
-0.57402085,0.127995
-0.57382085,0.191993
-0.57362085,0.127995
-0.57342085,0.159994
-0.57322085,0.127995
-0.57302085,0.159994
-0.57282085,0.159994
-0.57262085,0.159994
-0.57242085,0.191993
-0.57222085,0.127995
-0.57202085,0.127995
-0.57182085,0.191993
-0.57162085,0.191993
-0.57142085,0.159994
-0.57122085,0.159994
-0.57102085,0.159994
-0.57082085,0.191993
-0.57062085,0.159994
-0.57042085,0.159994
-0.57022085,0.191993
-0.57002085,0.191993
-0.56982085,0.159994
-0.56962085,0.191993
-0.56942085,0.223991
-0.56922085,0.191993
-0.56902085,0.191993
-0.56882085,0.25599
-0.56862085,0.159994
-0.56842085,0.191993
-0.56822085,0.191993
-0.56802085,0.191993
-0.56782085,0.191993
-0.56762085,0.25599
-0.56742085,0.191993
-0.56722085,0.223991
-0.56702085,0.25599
-0.56682085,0.191993
-0.56662085,0.223991
-0.56642085,0.25599
-0.56622085,0.223991
-0.56602085,0.223991
-0.56582085,0.223991
-0.56562085,0.223991
-0.56542085,0.223991
-0.56522085,0.287989
-0.56502085,0.25599
-0.56482085,0.25599
-0.56462085,0.25599
-0.56442085,0.25599
-0.56422085,0.287989
-0.56402085,0.25599
-0.56382085,0.25599
-0.56362085,0.25599
-0.56342085,0.319988
-0.56322085,0.287989
-0.56302085,0.25599
-0.56282085,0.287989
-0.56262085,0.25599
-0.56242085,0.25599
-0.56222085,0.287989
-0.56202085,0.287989
-0.56182085,0.319988
-0.56162085,0.319988
-0.56142085,0.287989
-0.56122085,0.25599
-0.56102085,0.287989
-0.56082085,0.319988
-0.56062085,0.287989
-0.56042085,0.319988
-0.56022085,0.287989
-0.56002085,0.287989
-0.55982085,0.319988
-0.55962085,0.319988
-0.55942085,0.287989
-0.55922085,0.351986
-0.55902085,0.287989
-0.55882085,0.319988
-0.55862085,0.287989
-0.55842085,0.287989
-0.55822085,0.319988
-0.55802085,0.319988
-0.55782085,0.319988
-0.55762085,0.287989
-0.55742085,0.319988
-0.55722085,0.287989
-0.55702085,0.319988
-0.55682085,0.351986
-0.55662085,0.287989
-0.55642085,0.319988
-0.55622085,0.319988
-0.55602085,0.319988
-0.55582085,0.351986
-0.55562085,0.319988
-0.55542085,0.287989
-0.55522085,0.287989
-0.55502085,0.319988
-0.55482085,0.319988
-0.55462085,0.319988
-0.55442085,0.383985
-0.55422085,0.25599
-0.55402085,0.351986
-0.55382085,0.287989
-0.55362085,0.319988
-0.55342085,0.319988
-0.55322085,0.319988
-0.55302085,0.319988
-0.55282085,0.319988
-0.55262085,0.351986
-0.55242085,0.287989
-0.55222085,0.319988
-0.55202085,0.351986
-0.55182085,0.319988
-0.55162085,0.287989
-0.55142085,0.319988
-0.55122085,0.319988
-0.55102085,0.319988
-0.55082085,0.351986
-0.55062085,0.319988
-0.55042085,0.319988
-0.55022085,0.383985
-0.55002085,0.287989
-0.54982085,0.287989
-0.54962085,0.351986
-0.54942085,0.287989
-0.54922085,0.319988
-0.54902085,0.319988
-0.54882085,0.287989
-0.54862085,0.319988
-0.54842085,0.319988
-0.54822085,0.319988
-0.54802085,0.319988
-0.54782085,0.319988
-0.54762085,0.287989
-0.54742085,0.287989
-0.54722085,0.319988
-0.54702085,0.287989
-0.54682085,0.287989
-0.54662085,0.319988
-0.54642085,0.319988
-0.54622085,0.287989
-0.54602085,0.319988
-0.54582085,0.319988
-0.54562085,0.287989
-0.54542085,0.319988
-0.54522085,0.287989
-0.54502085,0.287989
-0.54482085,0.319988
-0.54462085,0.287989
-0.54442085,0.319988
-0.54422085,0.287989
-0.54402085,0.25599
-0.54382085,0.287989
-0.54362085,0.319988
-0.54342085,0.287989
-0.54322085,0.287989
-0.54302085,0.287989
-0.54282085,0.319988
-0.54262085,0.319988
-0.54242085,0.351986
-0.54222085,0.287989
-0.54202085,0.287989
-0.54182085,0.287989
-0.54162085,0.287989
-0.54142085,0.319988
-0.54122085,0.25599
-0.54102085,0.287989
-0.54082085,0.287989
-0.54062085,0.287989
-0.54042085,0.319988
-0.54022085,0.287989
-0.54002085,0.25599
-0.53982085,0.25599
-0.53962085,0.319988
-0.53942085,0.319988
-0.53922085,0.25599
-0.53902085,0.287989
-0.53882085,0.319988
-0.53862085,0.25599
-0.53842085,0.287989
-0.53822085,0.287989
-0.53802085,0.319988
-0.53782085,0.25599
-0.53762085,0.319988
-0.53742085,0.319988
-0.53722085,0.25599
-0.53702085,0.319988
-0.53682085,0.287989
-0.53662085,0.287989
-0.53642085,0.287989
-0.53622085,0.25599
-0.53602085,0.287989
-0.53582085,0.287989
-0.53562085,0.287989
-0.53542085,0.25599
-0.53522085,0.287989
-0.53502085,0.25599
-0.53482085,0.287989
-0.53462085,0.287989
-0.53442085,0.25599
-0.53422085,0.25599
-0.53402085,0.287989
-0.53382085,0.319988
-0.53362085,0.25599
-0.53342085,0.287989
-0.53322085,0.25599
-0.53302085,0.25599
-0.53282085,0.287989
-0.53262085,0.25599
-0.53242085,0.287989
-0.53222085,0.25599
-0.53202085,0.223991
-0.53182085,0.223991
-0.53162085,0.287989
-0.53142085,0.25599
-0.53122085,0.25599
-0.53102085,0.25599
-0.53082085,0.25599
-0.53062085,0.223991
-0.53042085,0.223991
-0.53022085,0.223991
-0.53002085,0.223991
-0.52982085,0.25599
-0.52962085,0.25599
-0.52942085,0.287989
-0.52922085,0.223991
-0.52902085,0.25599
-0.52882085,0.25599
-0.52862085,0.287989
-0.52842085,0.25599
-0.52822085,0.25599
-0.52802085,0.287989
-0.52782085,0.191993
-0.52762085,0.25599
-0.52742085,0.25599
-0.52722085,0.25599
-0.52702085,0.25599
-0.52682085,0.223991
-0.52662085,0.25599
-0.52642085,0.223991
-0.52622085,0.25599
-0.52602085,0.25599
-0.52582085,0.25599
-0.52562085,0.287989
-0.52542085,0.223991
-0.52522085,0.25599
-0.52502085,0.287989
-0.52482085,0.25599
-0.52462085,0.223991
-0.52442085,0.287989
-0.52422085,0.223991
-0.52402085,0.25599
-0.52382085,0.25599
-0.52362085,0.25599
-0.52342085,0.25599
-0.52322085,0.25599
-0.52302085,0.25599
-0.52282085,0.287989
-0.52262085,0.25599
-0.52242085,0.223991
-0.52222085,0.25599
-0.52202085,0.25599
-0.52182085,0.25599
-0.52162085,0.223991
-0.52142085,0.25599
-0.52122085,0.25599
-0.52102085,0.25599
-0.52082085,0.287989
-0.52062085,0.223991
-0.52042085,0.25599
-0.52022085,0.25599
-0.52002085,0.223991
-0.51982085,0.25599
-0.51962085,0.25599
-0.51942085,0.223991
-0.51922085,0.25599
-0.51902085,0.319988
-0.51882085,0.223991
-0.51862085,0.25599
-0.51842085,0.25599
-0.51822085,0.25599
-0.51802085,0.25599
-0.51782085,0.25599
-0.51762085,0.223991
-0.51742085,0.287989
-0.51722085,0.319988
-0.51702085,0.223991
-0.51682085,0.223991
-0.51662085,0.25599
-0.51642085,0.25599
-0.51622085,0.25599
-0.51602085,0.287989
-0.51582085,0.25599
-0.51562085,0.25599
-0.51542085,0.287989
-0.51522085,0.25599
-0.51502085,0.25599
-0.51482085,0.25599
-0.51462085,0.223991
-0.51442085,0.25599
-0.51422085,0.287989
-0.51402085,0.223991
-0.51382085,0.287989
-0.51362085,0.25599
-0.51342085,0.25599
-0.51322085,0.25599
-0.51302085,0.287989
-0.51282085,0.287989
-0.51262085,0.287989
-0.51242085,0.25599
-0.51222085,0.25599
-0.51202085,0.25599
-0.51182085,0.287989
-0.51162085,0.287989
-0.51142085,0.287989
-0.51122085,0.287989
-0.51102085,0.25599
-0.51082085,0.319988
-0.51062085,0.25599
-0.51042085,0.287989
-0.51022085,0.287989
-0.51002085,0.223991
-0.50982085,0.25599
-0.50962085,0.25599
-0.50942085,0.25599
-0.50922085,0.25599
-0.50902085,0.223991
-0.50882085,0.287989
-0.50862085,0.223991
-0.50842085,0.25599
-0.50822085,0.25599
-0.50802085,0.25599
-0.50782085,0.25599
-0.50762085,0.287989
-0.50742085,0.25599
-0.50722085,0.287989
-0.50702085,0.25599
-0.50682085,0.25599
-0.50662085,0.25599
-0.50642085,0.223991
-0.50622085,0.287989
-0.50602085,0.223991
-0.50582085,0.287989
-0.50562085,0.223991
-0.50542085,0.25599
-0.50522085,0.25599
-0.50502085,0.223991
-0.50482085,0.223991
-0.50462085,0.223991
-0.50442085,0.223991
-0.50422085,0.223991
-0.50402085,0.223991
-0.50382085,0.287989
-0.50362085,0.25599
-0.50342085,0.25599
-0.50322085,0.25599
-0.50302085,0.223991
-0.50282085,0.287989
-0.50262085,0.25599
-0.50242085,0.287989
-0.50222085,0.287989
-0.50202085,0.25599
-0.50182085,0.287989
-0.50162085,0.25599
-0.50142085,0.25599
-0.50122085,0.25599
-0.50102085,0.25599
-0.50082085,0.223991
-0.50062085,0.25599
-0.50042085,0.25599
-0.50022085,0.25599
-0.50002085,0.287989
-0.49982085,0.25599
-0.49962085,0.25599
-0.49942085,0.223991
-0.49922085,0.223991
-0.49902085,0.191993
-0.49882085,0.25599
-0.49862085,0.25599
-0.49842085,0.223991
-0.49822085,0.25599
-0.49802085,0.25599
-0.49782085,0.25599
-0.49762085,0.25599
-0.49742085,0.25599
-0.49722085,0.25599
-0.49702085,0.25599
-0.49682085,0.223991
-0.49662085,0.223991
-0.49642085,0.25599
-0.49622085,0.25599
-0.49602085,0.25599
-0.49582085,0.287989
-0.49562085,0.25599
-0.49542085,0.25599
-0.49522085,0.25599
-0.49502085,0.287989
-0.49482085,0.191993
-0.49462085,0.25599
-0.49442085,0.25599
-0.49422085,0.223991
-0.49402085,0.223991
-0.49382085,0.25599
-0.49362085,0.287989
-0.49342085,0.223991
-0.49322085,0.25599
-0.49302085,0.223991
-0.49282085,0.25599
-0.49262085,0.223991
-0.49242085,0.223991
-0.49222085,0.25599
-0.49202085,0.287989
-0.49182085,0.25599
-0.49162085,0.287989
-0.49142085,0.25599
-0.49122085,0.223991
-0.49102085,0.25599
-0.49082085,0.287989
-0.49062085,0.25599
-0.49042085,0.25599
-0.49022085,0.287989
-0.49002085,0.25599
-0.48982085,0.287989
-0.48962085,0.287989
-0.48942085,0.25599
-0.48922085,0.287989
-0.48902085,0.287989
-0.48882085,0.25599
-0.48862085,0.25599
-0.48842085,0.287989
-0.48822085,0.25599
-0.48802085,0.25599
-0.48782085,0.287989
-0.48762085,0.25599
-0.48742085,0.287989
-0.48722085,0.287989
-0.48702085,0.223991
-0.48682085,0.25599
-0.48662085,0.25599
-0.48642085,0.223991
-0.48622085,0.25599
-0.48602085,0.319988
-0.48582085,0.25599
-0.48562085,0.287989
-0.48542085,0.287989
-0.48522085,0.25599
-0.48502085,0.25599
-0.48482085,0.319988
-0.48462085,0.25599
-0.48442085,0.287989
-0.48422085,0.287989
-0.48402085,0.287989
-0.48382085,0.287989
-0.48362085,0.287989
-0.48342085,0.25599
-0.48322085,0.25599
-0.48302085,0.287989
-0.48282085,0.223991
-0.48262085,0.25599
-0.48242085,0.287989
-0.48222085,0.25599
-0.48202085,0.287989
-0.48182085,0.319988
-0.48162085,0.25599
-0.48142085,0.223991
-0.48122085,0.319988
-0.48102085,0.223991
-0.48082085,0.25599
-0.48062085,0.287989
-0.48042085,0.25599
-0.48022085,0.25599
-0.48002085,0.25599
-0.47982085,0.25599
-0.47962085,0.287989
-0.47942085,0.287989
-0.47922085,0.223991
-0.47902085,0.25599
-0.47882085,0.319988
-0.47862085,0.25599
-0.47842085,0.287989
-0.47822085,0.287989
-0.47802085,0.287989
-0.47782085,0.287989
-0.47762085,0.319988
-0.47742085,0.25599
-0.47722085,0.287989
-0.47702085,0.287989
-0.47682085,0.25599
-0.47662085,0.25599
-0.47642085,0.319988
-0.47622085,0.287989
-0.47602085,0.287989
-0.47582085,0.287989
-0.47562085,0.287989
-0.47542085,0.25599
-0.47522085,0.287989
-0.47502085,0.287989
-0.47482085,0.287989
-0.47462085,0.25599
-0.47442085,0.25599
-0.47422085,0.287989
-0.47402085,0.287989
-0.47382085,0.319988
-0.47362085,0.287989
-0.47342085,0.287989
-0.47322085,0.25599
-0.47302085,0.287989
-0.47282085,0.287989
-0.47262085,0.319988
-0.47242085,0.25599
-0.47222085,0.287989
-0.47202085,0.287989
-0.47182085,0.25599
-0.47162085,0.287989
-0.47142085,0.223991
-0.47122085,0.287989
-0.47102085,0.287989
-0.47082085,0.287989
-0.47062085,0.287989
-0.47042085,0.319988
-0.47022085,0.25599
-0.47002085,0.287989
-0.46982085,0.287989
-0.46962085,0.287989
-0.46942085,0.287989
-0.46922085,0.287989
-0.46902085,0.25599
-0.46882085,0.25599
-0.46862085,0.287989
-0.46842085,0.25599
-0.46822085,0.287989
-0.46802085,0.25599
-0.46782085,0.287989
-0.46762085,0.25599
-0.46742085,0.287989
-0.46722085,0.287989
-0.46702085,0.25599
-0.46682085,0.287989
-0.46662085,0.25599
-0.46642085,0.25599
-0.46622085,0.287989
-0.46602085,0.223991
-0.46582085,0.25599
-0.46562085,0.25599
-0.46542085,0.223991
-0.46522085,0.25599
-0.46502085,0.25599
-0.46482085,0.25599
-0.46462085,0.25599
-0.46442085,0.287989
-0.46422085,0.223991
-0.46402085,0.25599
-0.46382085,0.25599
-0.46362085,0.191993
-0.46342085,0.25599
-0.46322085,0.287989
-0.46302085,0.25599
-0.46282085,0.25599
-0.46262085,0.25599
-0.46242085,0.25599
-0.46222085,0.25599
-0.46202085,0.25599
-0.46182085,0.191993
-0.46162085,0.223991
-0.46142085,0.25599
-0.46122085,0.223991
-0.46102085,0.223991
-0.46082085,0.191993
-0.46062085,0.223991
-0.46042085,0.25599
-0.46022085,0.223991
-0.46002085,0.223991
-0.45982085,0.25599
-0.45962085,0.223991
-0.45942085,0.223991
-0.45922085,0.223991
-0.45902085,0.223991
-0.45882085,0.191993
-0.45862085,0.191993
-0.45842085,0.223991
-0.45822085,0.191993
-0.45802085,0.159994
-0.45782085,0.223991
-0.45762085,0.191993
-0.45742085,0.223991
-0.45722085,0.159994
-0.45702085,0.191993
-0.45682085,0.191993
-0.45662085,0.25599
-0.45642085,0.191993
-0.45622085,0.191993
-0.45602085,0.223991
-0.45582085,0.191993
-0.45562085,0.191993
-0.45542085,0.191993
-0.45522085,0.191993
-0.45502085,0.191993
-0.45482085,0.223991
-0.45462085,0.159994
-0.45442085,0.159994
-0.45422085,0.223991
-0.45402085,0.159994
-0.45382085,0.159994
-0.45362085,0.159994
-0.45342085,0.159994
-0.45322085,0.223991
-0.45302085,0.223991
-0.45282085,0.159994
-0.45262085,0.159994
-0.45242085,0.223991
-0.45222085,0.191993
-0.45202085,0.191993
-0.45182085,0.191993
-0.45162085,0.159994
-0.45142085,0.191993
-0.45122085,0.191993
-0.45102085,0.127995
-0.45082085,0.191993
-0.45062085,0.191993
-0.45042085,0.159994
-0.45022085,0.191993
-0.45002085,0.191993
-0.44982085,0.127995
-0.44962085,0.159994
-0.44942085,0.191993
-0.44922085,0.127995
-0.44902085,0.159994
-0.44882085,0.159994
-0.44862085,0.127995
-0.44842085,0.191993
-0.44822085,0.191993
-0.44802085,0.159994
-0.44782085,0.159994
-0.44762085,0.191993
-0.44742085,0.127995
-0.44722085,0.127995
-0.44702085,0.159994
-0.44682085,0.127995
-0.44662085,0.159994
-0.44642085,0.159994
-0.44622085,0.159994
-0.44602085,0.127995
-0.44582085,0.159994
-0.44562085,0.127995
-0.44542085,0.127995
-0.44522085,0.127995
-0.44502085,0.127995
-0.44482085,0.0959963
-0.44462085,0.127995
-0.44442085,0.127995
-0.44422085,0.127995
-0.44402085,0.0959963
-0.44382085,0.127995
-0.44362085,0.0959963
-0.44342085,0.127995
-0.44322085,0.0959963
-0.44302085,0.127995
-0.44282085,0.0959963
-0.44262085,0.127995
-0.44242085,0.127995
-0.44222085,0.0639975
-0.44202085,0.127995
-0.44182085,0.0959963
-0.44162085,0.127995
-0.44142085,0.0959963
-0.44122085,0.127995
-0.44102085,0.127995
-0.44082085,0.0959963
-0.44062085,0.0959963
-0.44042085,0.0959963
-0.44022085,0.127995
-0.44002085,0.0959963
-0.43982085,0.0639975
-0.43962085,0.0959963
-0.43942085,0.0959963
-0.43922085,0.0959963
-0.43902085,0.0959963
-0.43882085,0.0639975
-0.43862085,0.127995
-0.43842085,0.0639975
-0.43822085,0.0639975
-0.43802085,0.127995
-0.43782085,0.0959963
-0.43762085,0.0959963
-0.43742085,0.127995
-0.43722085,0.0959963
-0.43702085,0.0959963
-0.43682085,0.0959963
-0.43662085,0.0959963
-0.43642085,0.0319988
-0.43622085,0.0959963
-0.43602085,0.0639975
-0.43582085,0.0319988
-0.43562085,0.0639975
-0.43542085,0.0639975
-0.43522085,0.0639975
-0.43502085,0.0959963
-0.43482085,0.0639975
-0.43462085,0.0319988
-0.43442085,0.0639975
-0.43422085,0.0319988
-0.43402085,0.0639975
-0.43382085,0.0959963
-0.43362085,0.0959963
-0.43342085,0.0639975
-0.43322085,0.0319988
-0.43302085,0.0959963
-0.43282085,0.0319988
-0.43262085,0.0639975
-0.43242085,0.0639975
-0.43222085,0.0639975
-0.43202085,0.0639975
-0.43182085,0.0319988
-0.43162085,0.0639975
-0.43142085,0.0639975
-0.43122085,0.0639975
-0.43102085,0.0639975
-0.43082085,0.0639975
-0.43062085,0.0319988
-0.43042085,0
-0.43022085,0.0639975
-0.43002085,0.0959963
-0.42982085,0.0319988
-0.42962085,0.0959963
-0.42942085,0.0319988
-0.42922085,0.0319988
-0.42902085,0
-0.42882085,0.0639975
-0.42862085,0.0319988
-0.42842085,0.0639975
-0.42822085,0.0639975
-0.42802085,0.0319988
-0.42782085,0.0959963
-0.42762085,0.0639975
-0.42742085,0.0639975
-0.42722085,0.0639975
-0.42702085,0.0319988
-0.42682085,0
-0.42662085,0.0319988
-0.42642085,0.0639975
-0.42622085,0
-0.42602085,0.0639975
-0.42582085,0.0639975
-0.42562085,0.0319988
-0.42542085,0
-0.42522085,0.0319988
-0.42502085,0
-0.42482085,0.0319988
-0.42462085,0.0319988
-0.42442085,0.0319988
-0.42422085,0
-0.42402085,0.0319988
-0.42382085,0.0319988
-0.42362085,0.0319988
-0.42342085,0.0319988
-0.42322085,0.0319988
-0.42302085,0
-0.42282085,0.0639975
-0.42262085,-0.0319988
-0.42242085,0
-0.42222085,0
-0.42202085,0
-0.42182085,0.0319988
-0.42162085,0.0319988
-0.42142085,0
-0.42122085,0
-0.42102085,0.0319988
-0.42082085,0
-0.42062085,0.0639975
-0.42042085,0.0319988
-0.42022085,-0.0319988
-0.42002085,0.0319988
-0.41982085,0.0319988
-0.41962085,0
-0.41942085,0.0319988
-0.41922085,0.0319988
-0.41902085,0
-0.41882085,0.0319988
-0.41862085,0
-0.41842085,0
-0.41822085,0
-0.41802085,0
-0.41782085,-0.0319988
-0.41762085,0
-0.41742085,0.0639975
-0.41722085,0
-0.41702085,0
-0.41682085,0.0319988
-0.41662085,0
-0.41642085,0.0319988
-0.41622085,0.0319988
-0.41602085,0
-0.41582085,0
-0.41562085,0.0319988
-0.41542085,0.0319988
-0.41522085,0
-0.41502085,0
-0.41482085,0
-0.41462085,0.0319988
-0.41442085,0.0639975
-0.41422085,0
-0.41402085,0
-0.41382085,0
-0.41362085,0.0319988
-0.41342085,0.0319988
-0.41322085,0.0319988
-0.41302085,0
-0.41282085,0.0319988
-0.41262085,0
-0.41242085,0.0319988
-0.41222085,0.0319988
-0.41202085,0
-0.41182085,0.0639975
-0.41162085,0
-0.41142085,0.0319988
-0.41122085,0
-0.41102085,0
-0.41082085,0.0319988
-0.41062085,0
-0.41042085,0
-0.41022085,-0.0319988
-0.41002085,0
-0.40982085,0
-0.40962085,-0.0319988
-0.40942085,-0.0319988
-0.40922085,-0.0319988
-0.40902085,0.0319988
-0.40882085,-0.0639975
-0.40862085,0.0319988
-0.40842085,0.0319988
-0.40822085,0
-0.40802085,-0.0319988
-0.40782085,-0.0319988
-0.40762085,-0.0319988
-0.40742085,-0.0319988
-0.40722085,0
-0.40702085,-0.0319988
-0.40682085,-0.0319988
-0.40662085,-0.0319988
-0.40642085,-0.0319988
-0.40622085,-0.0639975
-0.40602085,0
-0.40582085,-0.0319988
-0.40562085,-0.0639975
-0.40542085,-0.0319988
-0.40522085,-0.0639975
-0.40502085,-0.0319988
-0.40482085,-0.0319988
-0.40462085,-0.0639975
-0.40442085,-0.0639975
-0.40422085,0
-0.40402085,-0.0639975
-0.40382085,-0.0639975
-0.40362085,-0.0319988
-0.40342085,-0.0639975
-0.40322085,-0.0319988
-0.40302085,-0.0639975
-0.40282085,-0.0959963
-0.40262085,-0.0639975
-0.40242085,0
-0.40222085,-0.0639975
-0.40202085,-0.0639975
-0.40182085,-0.0639975
-0.40162085,-0.0959963
-0.40142085,-0.0639975
-0.40122085,-0.0639975
-0.40102085,-0.0639975
-0.40082085,-0.0319988
-0.40062085,-0.0319988
-0.40042085,-0.0319988
-0.40022085,-0.0639975
-0.40002085,-0.0639975
-0.39982085,-0.0639975
-0.39962085,-0.0639975
-0.39942085,-0.0639975
-0.39922085,-0.0639975
-0.39902085,-0.0639975
-0.39882085,-0.127995
-0.39862085,-0.0959963
-0.39842085,-0.0319988
-0.39822085,-0.0639975
-0.39802085,-0.0959963
-0.39782085,-0.0639975
-0.39762085,-0.0319988
-0.39742085,-0.0639975
-0.39722085,-0.127995
-0.39702085,-0.0639975
-0.39682085,-0.0959963
-0.39662085,-0.0639975
-0.39642085,-0.0639975
-0.39622085,-0.0959963
-0.39602085,-0.0639975
-0.39582085,-0.0639975
-0.39562085,-0.0959963
-0.39542085,-0.0639975
-0.39522085,-0.0959963
-0.39502085,-0.0959963
-0.39482085,-0.0639975
-0.39462085,-0.127995
-0.39442085,-0.0639975
-0.39422085,-0.0319988
-0.39402085,-0.0639975
-0.39382085,-0.0639975
-0.39362085,-0.0639975
-0.39342085,-0.0319988
-0.39322085,-0.0959963
-0.39302085,-0.0959963
-0.39282085,-0.0639975
-0.39262085,-0.127995
-0.39242085,-0.0639975
-0.39222085,-0.0319988
-0.39202085,-0.0639975
-0.39182085,-0.0639975
-0.39162085,-0.0639975
-0.39142085,-0.0319988
-0.39122085,-0.0319988
-0.39102085,-0.0319988
-0.39082085,-0.0959963
-0.39062085,-0.0639975
-0.39042085,-0.0319988
-0.39022085,-0.0639975
-0.39002085,-0.0639975
-0.38982085,-0.0639975
-0.38962085,-0.0959963
-0.38942085,-0.0319988
-0.38922085,-0.0639975
-0.38902085,-0.0639975
-0.38882085,-0.0319988
-0.38862085,-0.0639975
-0.38842085,-0.0959963
-0.38822085,-0.0639975
-0.38802085,-0.0319988
-0.38782085,-0.0319988
-0.38762085,-0.0959963
-0.38742085,-0.0319988
-0.38722085,-0.0319988
-0.38702085,0
-0.38682085,-0.0639975
-0.38662085,-0.0959963
-0.38642085,-0.0319988
-0.38622085,-0.0319988
-0.38602085,-0.0319988
-0.38582085,-0.0639975
-0.38562085,-0.0319988
-0.38542085,-0.0639975
-0.38522085,0
-0.38502085,0
-0.38482085,-0.0639975
-0.38462085,-0.0319988
-0.38442085,0
-0.38422085,-0.0319988
-0.38402085,0
-0.38382085,0.0319988
-0.38362085,-0.0639975
-0.38342085,-0.0319988
-0.38322085,-0.0319988
-0.38302085,-0.0319988
-0.38282085,-0.0319988
-0.38262085,-0.0319988
-0.38242085,-0.0319988
-0.38222085,-0.0319988
-0.38202085,0
-0.38182085,-0.0319988
-0.38162085,-0.0319988
-0.38142085,0
-0.38122085,-0.0319988
-0.38102085,0.0319988
-0.38082085,0
-0.38062085,0
-0.38042085,0
-0.38022085,0.0319988
-0.38002085,-0.0319988
-0.37982085,0.0319988
-0.37962085,0.0319988
-0.37942085,-0.0639975
-0.37922085,0
-0.37902085,0.0639975
-0.37882085,0
-0.37862085,0.0319988
-0.37842085,0
-0.37822085,0
-0.37802085,0
-0.37782085,0.0319988
-0.37762085,0
-0.37742085,0.0319988
-0.37722085,0.0319988
-0.37702085,0
-0.37682085,0.0319988
-0.37662085,0.0319988
-0.37642085,0
-0.37622085,0
-0.37602085,0.0639975
-0.37582085,0
-0.37562085,0.0639975
-0.37542085,0.0319988
-0.37522085,0
-0.37502085,0
-0.37482085,0.0319988
-0.37462085,0
-0.37442085,0.0319988
-0.37422085,0.0319988
-0.37402085,0
-0.37382085,0.0319988
-0.37362085,0.0639975
-0.37342085,-0.0319988
-0.37322085,0.0319988
-0.37302085,0
-0.37282085,0
-0.37262085,0.0319988
-0.37242085,0
-0.37222085,0
-0.37202085,0
-0.37182085,0
-0.37162085,0
-0.37142085,-0.0319988
-0.37122085,0
-0.37102085,-0.0319988
-0.37082085,0.0319988
-0.37062085,0.0319988
-0.37042085,0
-0.37022085,0
-0.37002085,0
-0.36982085,-0.0319988
-0.36962085,0
-0.36942085,0
-0.36922085,0
-0.36902085,0
-0.36882085,-0.0319988
-0.36862085,0.0319988
-0.36842085,-0.0319988
-0.36822085,0
-0.36802085,0
-0.36782085,0
-0.36762085,0
-0.36742085,0
-0.36722085,0
-0.36702085,0
-0.36682085,0
-0.36662085,0
-0.36642085,0.0639975
-0.36622085,-0.0319988
-0.36602085,0
-0.36582085,0.0319988
-0.36562085,-0.0319988
-0.36542085,0.0319988
-0.36522085,0
-0.36502085,0.0319988
-0.36482085,0
-0.36462085,0
-0.36442085,0
-0.36422085,0.0319988
-0.36402085,0
-0.36382085,0
-0.36362085,0.0639975
-0.36342085,0
-0.36322085,0
-0.36302085,0.0319988
-0.36282085,0.0319988
-0.36262085,-0.0319988
-0.36242085,0
-0.36222085,0
-0.36202085,0
-0.36182085,0
-0.36162085,0.0319988
-0.36142085,0
-0.36122085,-0.0319988
-0.36102085,0
-0.36082085,-0.0319988
-0.36062085,0
-0.36042085,0.0639975
-0.36022085,0
-0.36002085,0
-0.35982085,0.0319988
-0.35962085,0.0319988
-0.35942085,0
-0.35922085,-0.0319988
-0.35902085,0
-0.35882085,-0.0319988
-0.35862085,-0.0319988
-0.35842085,-0.0319988
-0.35822085,0
-0.35802085,0
-0.35782085,-0.0319988
-0.35762085,0.0319988
-0.35742085,0
-0.35722085,-0.0639975
-0.35702085,0
-0.35682085,0.0319988
-0.35662085,0
-0.35642085,0
-0.35622085,0
-0.35602085,0
-0.35582085,0
-0.35562085,0.0319988
-0.35542085,0
-0.35522085,0
-0.35502085,0.0319988
-0.35482085,0
-0.35462085,0
-0.35442085,0.0319988
-0.35422085,-0.0319988
-0.35402085,0.0319988
-0.35382085,-0.0319988
-0.35362085,0.0319988
-0.35342085,0.0319988
-0.35322085,0.0319988
-0.35302085,0.0319988
-0.35282085,0
-0.35262085,0
-0.35242085,0
-0.35222085,0.0319988
-0.35202085,0.0319988
-0.35182085,-0.0319988
-0.35162085,0.0319988
-0.35142085,0
-0.35122085,0.0319988
-0.35102085,0
-0.35082085,0.0319988
-0.35062085,0
-0.35042085,0.0319988
-0.35022085,0.0319988
-0.35002085,0
-0.34982085,0.0319988
-0.34962085,0.0319988
-0.34942085,-0.0319988
-0.34922085,0.0639975
-0.34902085,0
-0.34882085,-0.0319988
-0.34862085,0.0319988
-0.34842085,-0.0319988
-0.34822085,0
-0.34802085,0.0319988
-0.34782085,0.0319988
-0.34762085,0
-0.34742085,-0.0319988
-0.34722085,0.0319988
-0.34702085,0
-0.34682085,0
-0.34662085,0
-0.34642085,0
-0.34622085,-0.0319988
-0.34602085,0.0319988
-0.34582085,-0.0319988
-0.34562085,-0.0319988
-0.34542085,0
-0.34522085,-0.0319988
-0.34502085,0
-0.34482085,0
-0.34462085,-0.0319988
-0.34442085,0
-0.34422085,-0.0319988
-0.34402085,-0.0639975
-0.34382085,0
-0.34362085,0
-0.34342085,0
-0.34322085,0
-0.34302085,0.0639975
-0.34282085,0
-0.34262085,0
-0.34242085,0.0319988
-0.34222085,0
-0.34202085,0.0319988
-0.34182085,-0.0319988
-0.34162085,0
-0.34142085,0
-0.34122085,0.0319988
-0.34102085,0.0319988
-0.34082085,0.0319988
-0.34062085,0.0319988
-0.34042085,0.0319988
-0.34022085,0
-0.34002085,0.0319988
-0.33982085,-0.0319988
-0.33962085,0.0319988
-0.33942085,0
-0.33922085,0
-0.33902085,0.0319988
-0.33882085,0.0319988
-0.33862085,0
-0.33842085,0.0319988
-0.33822085,0.0319988
-0.33802085,0
-0.33782085,-0.0319988
-0.33762085,0.0319988
-0.33742085,-0.0319988
-0.33722085,0
-0.33702085,0.0639975
-0.33682085,0
-0.33662085,0.0319988
-0.33642085,-0.0319988
-0.33622085,0
-0.33602085,0.0639975
-0.33582085,0.0319988
-0.33562085,0
-0.33542085,0
-0.33522085,0.0639975
-0.33502085,0
-0.33482085,0
-0.33462085,0.0319988
-0.33442085,0
-0.33422085,-0.0639975
-0.33402085,0
-0.33382085,0
-0.33362085,0
-0.33342085,0
-0.33322085,0
-0.33302085,0
-0.33282085,0
-0.33262085,-0.0639975
-0.33242085,0
-0.33222085,0.0319988
-0.33202085,0
-0.33182085,0
-0.33162085,-0.0319988
-0.33142085,0
-0.33122085,0.0319988
-0.33102085,-0.0319988
-0.33082085,0
-0.33062085,0
-0.33042085,0.0319988
-0.33022085,0
-0.33002085,0
-0.32982085,0
-0.32962085,0.0319988
-0.32942085,0.0319988
-0.32922085,0
-0.32902085,0.0319988
-0.32882085,0.0319988
-0.32862085,0
-0.32842085,0
-0.32822085,0.0319988
-0.32802085,0.0319988
-0.32782085,0
-0.32762085,0.0319988
-0.32742085,0.0319988
-0.32722085,0.0639975
-0.32702085,0.0319988
-0.32682085,0.0639975
-0.32662085,0.0319988
-0.32642085,0.0319988
-0.32622085,0.0319988
-0.32602085,0.0319988
-0.32582085,0.0639975
-0.32562085,0.0319988
-0.32542085,0.0959963
-0.32522085,0.0639975
-0.32502085,0.0959963
-0.32482085,0.0639975
-0.32462085,0.0319988
-0.32442085,0.0639975
-0.32422085,0.0319988
-0.32402085,0.0319988
-0.32382085,0.0639975
-0.32362085,0.0319988
-0.32342085,0.0319988
-0.32322085,0.0639975
-0.32302085,0.0319988
-0.32282085,0.0639975
-0.32262085,0.0639975
-0.32242085,0
-0.32222085,0.0639975
-0.32202085,0.0639975
-0.32182085,-0.0319988
-0.32162085,0.0639975
-0.32142085,0.0639975
-0.32122085,0
-0.32102085,0.0639975
-0.32082085,0.0639975
-0.32062085,0.0319988
-0.32042085,0.0639975
-0.32022085,0.0639975
-0.32002085,0.0319988
-0.31982085,0.0639975
-0.31962085,0.0639975
-0.31942085,0.0639975
-0.31922085,0
-0.31902085,0.0639975
-0.31882085,0.0959963
-0.31862085,0.0639975
-0.31842085,0.0639975
-0.31822085,0.0639975
-0.31802085,0.0639975
-0.31782085,0.0639975
-0.31762085,0.0959963
-0.31742085,0.0959963
-0.31722085,0.0959963
-0.31702085,0.0319988
-0.31682085,0.0639975
-0.31662085,0.0959963
-0.31642085,0.0639975
-0.31622085,0.0959963
-0.31602085,0.0639975
-0.31582085,0.0319988
-0.31562085,0.127995
-0.31542085,0.0959963
-0.31522085,0.0959963
-0.31502085,0.0959963
-0.31482085,0.0959963
-0.31462085,0.0959963
-0.31442085,0.0959963
-0.31422085,0.0959963
-0.31402085,0.0959963
-0.31382085,0.127995
-0.31362085,0.0959963
-0.31342085,0.127995
-0.31322085,0.127995
-0.31302085,0.0959963
-0.31282085,0.127995
-0.31262085,0.127995
-0.31242085,0.0959963
-0.31222085,0.127995
-0.31202085,0.127995
-0.31182085,0.127995
-0.31162085,0.0959963
-0.31142085,0.127995
-0.31122085,0.0959963
-0.31102085,0.0959963
-0.31082085,0.0959963
-0.31062085,0.127995
-0.31042085,0.127995
-0.31022085,0.127995
-0.31002085,0.0959963
-0.30982085,0.127995
-0.30962085,0.127995
-0.30942085,0.0639975
-0.30922085,0.0959963
-0.30902085,0.159994
-0.30882085,0.127995
-0.30862085,0.127995
-0.30842085,0.127995
-0.30822085,0.159994
-0.30802085,0.127995
-0.30782085,0.127995
-0.30762085,0.0959963
-0.30742085,0.127995
-0.30722085,0.159994
-0.30702085,0.0959963
-0.30682085,0.127995
-0.30662085,0.191993
-0.30642085,0.127995
-0.30622085,0.127995
-0.30602085,0.127995
-0.30582085,0.127995
-0.30562085,0.127995
-0.30542085,0.159994
-0.30522085,0.127995
-0.30502085,0.127995
-0.30482085,0.127995
-0.30462085,0.127995
-0.30442085,0.127995
-0.30422085,0.159994
-0.30402085,0.0959963
-0.30382085,0.0959963
-0.30362085,0.127995
-0.30342085,0.127995
-0.30322085,0.127995
-0.30302085,0.127995
-0.30282085,0.127995
-0.30262085,0.127995
-0.30242085,0.0959963
-0.30222085,0.159994
-0.30202085,0.159994
-0.30182085,0.191993
-0.30162085,0.127995
-0.30142085,0.127995
-0.30122085,0.191993
-0.30102085,0.0959963
-0.30082085,0.127995
-0.30062085,0.159994
-0.30042085,0.159994
-0.30022085,0.127995
-0.30002085,0.127995
-0.29982085,0.127995
-0.29962085,0.127995
-0.29942085,0.159994
-0.29922085,0.159994
-0.29902085,0.159994
-0.29882085,0.127995
-0.29862085,0.127995
-0.29842085,0.127995
-0.29822085,0.127995
-0.29802085,0.159994
-0.29782085,0.127995
-0.29762085,0.0959963
-0.29742085,0.127995
-0.29722085,0.159994
-0.29702085,0.159994
-0.29682085,0.159994
-0.29662085,0.127995
-0.29642085,0.127995
-0.29622085,0.0959963
-0.29602085,0.127995
-0.29582085,0.127995
-0.29562085,0.0959963
-0.29542085,0.127995
-0.29522085,0.0959963
-0.29502085,0.0959963
-0.29482085,0.0959963
-0.29462085,0.127995
-0.29442085,0.0959963
-0.29422085,0.159994
-0.29402085,0.127995
-0.29382085,0.0959963
-0.29362085,0.0959963
-0.29342085,0.0959963
-0.29322085,0.0959963
-0.29302085,0.0639975
-0.29282085,0.0959963
-0.29262085,0.0959963
-0.29242085,0.0639975
-0.29222085,0.0959963
-0.29202085,0.0959963
-0.29182085,0.127995
-0.29162085,0.159994
-0.29142085,0.0959963
-0.29122085,0.127995
-0.29102085,0.0959963
-0.29082085,0.127995
-0.29062085,0.127995
-0.29042085,0.127995
-0.29022085,0.0959963
-0.29002085,0.0959963
-0.28982085,0.127995
-0.28962085,0.0959963
-0.28942085,0.0959963
-0.28922085,0.0959963
-0.28902085,0.0959963
-0.28882085,0.0959963
-0.28862085,0.0639975
-0.28842085,0.0639975
-0.28822085,0.0639975
-0.28802085,0.0959963
-0.28782085,0.0959963
-0.28762085,0.0639975
-0.28742085,0.0639975
-0.28722085,0.0639975
-0.28702085,0.0959963
-0.28682085,0.0639975
-0.28662085,0.0639975
-0.28642085,0.0319988
-0.28622085,0.0319988
-0.28602085,0.0639975
-0.28582085,0.0319988
-0.28562085,0.0639975
-0.28542085,0.0639975
-0.28522085,0.0319988
-0.28502085,0.0319988
-0.28482085,0.0639975
-0.28462085,0
-0.28442085,0.0639975
-0.28422085,0.0639975
-0.28402085,0.0319988
-0.28382085,0.0639975
-0.28362085,0.0959963
-0.28342085,0.0319988
-0.28322085,0.0319988
-0.28302085,0.0639975
-0.28282085,0
-0.28262085,0.0319988
-0.28242085,0.0639975
-0.28222085,0.0319988
-0.28202085,0.0319988
-0.28182085,0.0319988
-0.28162085,0.0319988
-0.28142085,0.0639975
-0.28122085,0.0319988
-0.28102085,0.0319988
-0.28082085,0.0319988
-0.28062085,0.0319988
-0.28042085,0
-0.28022085,0.0319988
-0.28002085,0.0639975
-0.27982085,-0.0319988
-0.27962085,0.0639975
-0.27942085,0.0319988
-0.27922085,0.0319988
-0.27902085,0.0319988
-0.27882085,-0.0319988
-0.27862085,0
-0.27842085,0.0319988
-0.27822085,0.0319988
-0.27802085,-0.0319988
-0.27782085,0.0319988
-0.27762085,0.0639975
-0.27742085,0.0639975
-0.27722085,0.0319988
-0.27702085,0.0639975
-0.27682085,0.0319988
-0.27662085,0.0319988
-0.27642085,0
-0.27622085,0
-0.27602085,0
-0.27582085,0.0639975
-0.27562085,-0.0319988
-0.27542085,0.0319988
-0.27522085,0.0319988
-0.27502085,0.0319988
-0.27482085,0
-0.27462085,0
-0.27442085,0.0319988
-0.27422085,0
-0.27402085,0.0319988
-0.27382085,-0.0319988
-0.27362085,0
-0.27342085,-0.0319988
-0.27322085,0.0319988
-0.27302085,0
-0.27282085,0.0319988
-0.27262085,-0.0319988
-0.27242085,0.0319988
-0.27222085,0.0639975
-0.27202085,0
-0.27182085,0
-0.27162085,-0.0319988
-0.27142085,-0.0319988
-0.27122085,0
-0.27102085,0
-0.27082085,-0.0319988
-0.27062085,-0.0319988
-0.27042085,0
-0.27022085,0
-0.27002085,-0.0319988
-0.26982085,-0.0319988
-0.26962085,0
-0.26942085,-0.0319988
-0.26922085,-0.0319988
-0.26902085,-0.0639975
-0.26882085,0.0319988
-0.26862085,0
-0.26842085,-0.0319988
-0.26822085,-0.0319988
-0.26802085,0.0319988
-0.26782085,-0.0319988
-0.26762085,0.0319988
-0.26742085,0
-0.26722085,-0.0319988
-0.26702085,-0.0319988
-0.26682085,0
-0.26662085,-0.0319988
-0.26642085,0
-0.26622085,0.0319988
-0.26602085,-0.0319988
-0.26582085,0.0319988
-0.26562085,0
-0.26542085,0
-0.26522085,0
-0.26502085,0
-0.26482085,-0.0319988
-0.26462085,0
-0.26442085,0.0319988
-0.26422085,-0.0639975
-0.26402085,0
-0.26382085,0.0319988
-0.26362085,-0.0319988
-0.26342085,-0.0639975
-0.26322085,0
-0.26302085,-0.0639975
-0.26282085,0
-0.26262085,0
-0.26242085,-0.0639975
-0.26222085,-0.0319988
-0.26202085,0
-0.26182085,-0.0639975
-0.26162085,0
-0.26142085,0
-0.26122085,-0.0319988
-0.26102085,-0.0319988
-0.26082085,0
-0.26062085,-0.0639975
-0.26042085,0
-0.26022085,0.0319988
-0.26002085,-0.0639975
-0.25982085,-0.0639975
-0.25962085,0
-0.25942085,-0.0319988
-0.25922085,-0.0639975
-0.25902085,-0.0319988
-0.25882085,-0.0319988
-0.25862085,-0.0639975
-0.25842085,0
-0.25822085,-0.0639975
-0.25802085,0
-0.25782085,-0.0319988
-0.25762085,-0.0639975
-0.25742085,-0.0319988
-0.25722085,0.0319988
-0.25702085,-0.0639975
-0.25682085,-0.0639975
-0.25662085,0
-0.25642085,-0.0639975
-0.25622085,-0.0319988
-0.25602085,-0.0319988
-0.25582085,-0.0639975
-0.25562085,-0.0319988
-0.25542085,-0.0319988
-0.25522085,-0.0319988
-0.25502085,0
-0.25482085,0
-0.25462085,0
-0.25442085,-0.0319988
-0.25422085,-0.0319988
-0.25402085,-0.0639975
-0.25382085,-0.0639975
-0.25362085,-0.0319988
-0.25342085,-0.0319988
-0.25322085,0
-0.25302085,0
-0.25282085,-0.0319988
-0.25262085,-0.0319988
-0.25242085,-0.0319988
-0.25222085,0
-0.25202085,-0.0319988
-0.25182085,-0.0319988
-0.25162085,-0.0319988
-0.25142085,-0.0639975
-0.25122085,0
-0.25102085,-0.0959963
-0.25082085,-0.0639975
-0.25062085,-0.0639975
-0.25042085,-0.0639975
-0.25022085,-0.0639975
-0.25002085,-0.0639975
-0.24982085,-0.0319988
-0.24962085,-0.0319988
-0.24942085,-0.0319988
-0.24922085,-0.0959963
-0.24902085,-0.0639975
-0.24882085,0
-0.24862085,0
-0.24842085,-0.0319988
-0.24822085,-0.0319988
-0.24802085,-0.0639975
-0.24782085,0
-0.24762085,-0.0319988
-0.24742085,-0.0639975
-0.24722085,-0.0639975
-0.24702085,-0.0319988
-0.24682085,-0.0639975
-0.24662085,0
-0.24642085,-0.0319988
-0.24622085,-0.0639975
-0.24602085,-0.0639975
-0.24582085,-0.0319988
-0.24562085,-0.0639975
-0.24542085,-0.0319988
-0.24522085,-0.0319988
-0.24502085,-0.0959963
-0.24482085,-0.0319988
-0.24462085,-0.0959963
-0.24442085,-0.0959963
-0.24422085,-0.0639975
-0.24402085,-0.0319988
-0.24382085,-0.0959963
-0.24362085,-0.0639975
-0.24342085,-0.0639975
-0.24322085,-0.0319988
-0.24302085,-0.0639975
-0.24282085,-0.0639975
-0.24262085,-0.0319988
-0.24242085,-0.0319988
-0.24222085,-0.0639975
-0.24202085,-0.127995
-0.24182085,-0.0959963
-0.24162085,-0.0639975
-0.24142085,-0.0639975
-0.24122085,-0.0639975
-0.24102085,-0.0639975
-0.24082085,-0.0639975
-0.24062085,-0.0319988
-0.24042085,-0.0959963
-0.24022085,-0.0959963
-0.24002085,-0.0319988
-0.23982085,-0.0319988
-0.23962085,-0.0959963
-0.23942085,-0.0319988
-0.23922085,-0.0319988
-0.23902085,-0.0959963
-0.23882085,-0.0639975
-0.23862085,-0.0639975
-0.23842085,-0.0959963
-0.23822085,-0.0319988
-0.23802085,-0.0319988
-0.23782085,-0.0639975
-0.23762085,-0.0639975
-0.23742085,-0.0959963
-0.23722085,-0.0639975
-0.23702085,-0.0319988
-0.23682085,-0.0959963
-0.23662085,-0.0959963
-0.23642085,-0.0639975
-0.23622085,-0.0959963
-0.23602085,-0.0639975
-0.23582085,-0.127995
-0.23562085,-0.0639975
-0.23542085,-0.127995
-0.23522085,-0.0639975
-0.23502085,-0.0959963
-0.23482085,-0.0959963
-0.23462085,-0.0639975
-0.23442085,-0.0639975
-0.23422085,-0.127995
-0.23402085,-0.0639975
-0.23382085,-0.0639975
-0.23362085,-0.0959963
-0.23342085,-0.0319988
-0.23322085,-0.0959963
-0.23302085,-0.127995
-0.23282085,-0.0959963
-0.23262085,-0.0639975
-0.23242085,-0.127995
-0.23222085,-0.0959963
-0.23202085,-0.0639975
-0.23182085,-0.127995
-0.23162085,-0.0639975
-0.23142085,-0.0959963
-0.23122085,-0.0959963
-0.23102085,-0.127995
-0.23082085,-0.0639975
-0.23062085,-0.127995
-0.23042085,-0.0959963
-0.23022085,-0.0959963
-0.23002085,-0.0639975
-0.22982085,-0.0959963
-0.22962085,-0.0959963
-0.22942085,-0.0959963
-0.22922085,-0.0639975
-0.22902085,-0.0959963
-0.22882085,-0.127995
-0.22862085,-0.0639975
-0.22842085,-0.0639975
-0.22822085,-0.127995
-0.22802085,-0.0959963
-0.22782085,-0.0959963
-0.22762085,-0.127995
-0.22742085,-0.0639975
-0.22722085,-0.0639975
-0.22702085,-0.127995
-0.22682085,-0.0959963
-0.22662085,-0.0639975
-0.22642085,-0.127995
-0.22622085,-0.0959963
-0.22602085,-0.0639975
-0.22582085,-0.127995
-0.22562085,-0.0959963
-0.22542085,-0.0959963
-0.22522085,-0.0959963
-0.22502085,-0.0959963
-0.22482085,-0.0959963
-0.22462085,-0.0959963
-0.22442085,-0.127995
-0.22422085,-0.0959963
-0.22402085,-0.0959963
-0.22382085,-0.0959963
-0.22362085,-0.0959963
-0.22342085,-0.0959963
-0.22322085,-0.0639975
-0.22302085,-0.0959963
-0.22282085,-0.0959963
-0.22262085,-0.0639975
-0.22242085,-0.0959963
-0.22222085,-0.0959963
-0.22202085,-0.0639975
-0.22182085,-0.0639975
-0.22162085,-0.0639975
-0.22142085,-0.0639975
-0.22122085,-0.0959963
-0.22102085,-0.0959963
-0.22082085,-0.0639975
-0.22062085,-0.0319988
-0.22042085,-0.0639975
-0.22022085,-0.0639975
-0.22002085,-0.0319988
-0.21982085,-0.0639975
-0.21962085,-0.0959963
-0.21942085,-0.0639975
-0.21922085,-0.0639975
-0.21902085,-0.0639975
-0.21882085,-0.0639975
-0.21862085,-0.0639975
-0.21842085,-0.0639975
-0.21822085,-0.0639975
-0.21802085,-0.0639975
-0.21782085,0
-0.21762085,-0.0639975
-0.21742085,-0.0639975
-0.21722085,-0.0639975
-0.21702085,0
-0.21682085,-0.0639975
-0.21662085,-0.0639975
-0.21642085,-0.0319988
-0.21622085,-0.0639975
-0.21602085,-0.0319988
-0.21582085,-0.0319988
-0.21562085,-0.0319988
-0.21542085,-0.0319988
-0.21522085,0
-0.21502085,-0.0639975
-0.21482085,-0.0639975
-0.21462085,0.0319988
-0.21442085,-0.0319988
-0.21422085,0
-0.21402085,0.0319988
-0.21382085,-0.0319988
-0.21362085,-0.0319988
-0.21342085,0
-0.21322085,0
-0.21302085,-0.0319988
-0.21282085,0
-0.21262085,0
-0.21242085,0
-0.21222085,0.0319988
-0.21202085,0.0319988
-0.21182085,0
-0.21162085,0.0319988
-0.21142085,-0.0639975
-0.21122085,-0.0319988
-0.21102085,0
-0.21082085,0
-0.21062085,0
-0.21042085,0.0319988
-0.21022085,-0.0319988
-0.21002085,0.0319988
-0.20982085,0
-0.20962085,0
-0.20942085,0
-0.20922085,0
-0.20902085,0
-0.20882085,0
-0.20862085,0.0319988
-0.20842085,0.0319988
-0.20822085,0.0319988
-0.20802085,0.0319988
-0.20782085,0.0319988
-0.20762085,-0.0319988
-0.20742085,0.0319988
-0.20722085,0
-0.20702085,-0.0319988
-0.20682085,0
-0.20662085,0
-0.20642085,0
-0.20622085,0
-0.20602085,-0.0319988
-0.20582085,0
-0.20562085,0.0319988
-0.20542085,0
-0.20522085,0.0319988
-0.20502085,0
-0.20482085,0.0319988
-0.20462085,0.0319988
-0.20442085,0
-0.20422085,-0.0319988
-0.20402085,0
-0.20382085,0.0319988
-0.20362085,0
-0.20342085,0.0319988
-0.20322085,0
-0.20302085,0
-0.20282085,0
-0.20262085,0
-0.20242085,0.0319988
-0.20222085,0.0639975
-0.20202085,0.0319988
-0.20182085,-0.0319988
-0.20162085,0
-0.20142085,0.0319988
-0.20122085,0
-0.20102085,0
-0.20082085,0.0319988
-0.20062085,0.0319988
-0.20042085,0
-0.20022085,0.0319988
-0.20002085,0
-0.19982085,0
-0.19962085,0.0319988
-0.19942085,0.0319988
-0.19922085,0
-0.19902085,0.0639975
-0.19882085,0.0319988
-0.19862085,0.0319988
-0.19842085,0.0319988
-0.19822085,0
-0.19802085,0.0319988
-0.19782085,0.0639975
-0.19762085,0.0319988
-0.19742085,0
-0.19722085,0.0639975
-0.19702085,0
-0.19682085,0.0639975
-0.19662085,0.0639975
-0.19642085,0.0639975
-0.19622085,0.0319988
-0.19602085,0.0319988
-0.19582085,0.0319988
-0.19562085,0.0319988
-0.19542085,0.0319988
-0.19522085,0.0319988
-0.19502085,0.0319988
-0.19482085,0.0639975
-0.19462085,0.0639975
-0.19442085,0
-0.19422085,0.0319988
-0.19402085,0.0639975
-0.19382085,0
-0.19362085,0.0319988
-0.19342085,0
-0.19322085,0.0319988
-0.19302085,0
-0.19282085,0.0319988
-0.19262085,0.0319988
-0.19242085,0.0319988
-0.19222085,0.0319988
-0.19202085,0.0319988
-0.19182085,0
-0.19162085,0.0319988
-0.19142085,0.0639975
-0.19122085,0.0319988
-0.19102085,0.0639975
-0.19082085,0
-0.19062085,0.0639975
-0.19042085,0.0319988
-0.19022085,0.0639975
-0.19002085,0.0639975
-0.18982085,0.0639975
-0.18962085,0.0639975
-0.18942085,0.0639975
-0.18922085,-0.0319988
-0.18902085,0.0319988
-0.18882085,0.0639975
-0.18862085,0.0319988
-0.18842085,0.0639975
-0.18822085,0.0319988
-0.18802085,0.0319988
-0.18782085,0
-0.18762085,0.0639975
-0.18742085,0.0319988
-0.18722085,0.0639975
-0.18702085,0.0639975
-0.18682085,0.0639975
-0.18662085,0.0319988
-0.18642085,0.0639975
-0.18622085,0.0319988
-0.18602085,0.0319988
-0.18582085,0.0319988
-0.18562085,0.0319988
-0.18542085,0.0319988
-0.18522085,0.0639975
-0.18502085,0
-0.18482085,0.0959963
-0.18462085,0.0959963
-0.18442085,0.0319988
-0.18422085,0.0319988
-0.18402085,0.0639975
-0.18382085,0.0639975
-0.18362085,0.0639975
-0.18342085,0.0639975
-0.18322085,0.0639975
-0.18302085,0.0319988
-0.18282085,0.0319988
-0.18262085,0.0319988
-0.18242085,0
-0.18222085,0.0639975
-0.18202085,0.0639975
-0.18182085,0.0319988
-0.18162085,0.0319988
-0.18142085,0.0319988
-0.18122085,0.0319988
-0.18102085,0.0639975
-0.18082085,0.0319988
-0.18062085,0.0319988
-0.18042085,0.0959963
-0.18022085,0.0319988
-0.18002085,0.0639975
-0.17982085,0.0639975
-0.17962085,0.0319988
-0.17942085,0.0639975
-0.17922085,0.0639975
-0.17902085,0.0319988
-0.17882085,0.0639975
-0.17862085,0.0319988
-0.17842085,0.0639975
-0.17822085,0.0959963
-0.17802085,0.0639975
-0.17782085,0.0959963
-0.17762085,0.0319988
-0.17742085,0.0639975
-0.17722085,0.0639975
-0.17702085,0.0639975
-0.17682085,0.0319988
-0.17662085,0.0639975
-0.17642085,0.0959963
-0.17622085,0.0639975
-0.17602085,0.0319988
-0.17582085,0.0639975
-0.17562085,0.0959963
-0.17542085,0.0319988
-0.17522085,0.0959963
-0.17502085,0.0639975
-0.17482085,0.0319988
-0.17462085,0.0639975
-0.17442085,0.0639975
-0.17422085,0.0319988
-0.17402085,0.0639975
-0.17382085,0.0639975
-0.17362085,0.0319988
-0.17342085,0.0959963
-0.17322085,0.0959963
-0.17302085,0.0959963
-0.17282085,0.0959963
-0.17262085,0.0639975
-0.17242085,0.0639975
-0.17222085,0.0959963
-0.17202085,0.0639975
-0.17182085,0.0959963
-0.17162085,0.0639975
-0.17142085,0.0959963
-0.17122085,0.0959963
-0.17102085,0.0959963
-0.17082085,0.0639975
-0.17062085,0.0959963
-0.17042085,0.0639975
-0.17022085,0.0639975
-0.17002085,0.0319988
-0.16982085,0.0959963
-0.16962085,0.0959963
-0.16942085,0.0639975
-0.16922085,0.127995
-0.16902085,0.0639975
-0.16882085,0.0639975
-0.16862085,0.0959963
-0.16842085,0.0959963
-0.16822085,0.127995
-0.16802085,0.0959963
-0.16782085,0.0959963
-0.16762085,0.0319988
-0.16742085,0.0639975
-0.16722085,0.0639975
-0.16702085,0.0319988
-0.16682085,0.0319988
-0.16662085,0.0959963
-0.16642085,0.0639975
-0.16622085,0.0639975
-0.16602085,0.0959963
-0.16582085,0.0319988
-0.16562085,0.0639975
-0.16542085,0.0959963
-0.16522085,0.0959963
-0.16502085,0.0959963
-0.16482085,0.0639975
-0.16462085,0.0959963
-0.16442085,0.0959963
-0.16422085,0.0959963
-0.16402085,0.0639975
-0.16382085,0.0959963
-0.16362085,0.0639975
-0.16342085,0.0319988
-0.16322085,0.0959963
-0.16302085,0.0319988
-0.16282085,0.0639975
-0.16262085,0.0959963
-0.16242085,0.0959963
-0.16222085,0.0639975
-0.16202085,0.0959963
-0.16182085,0.0639975
-0.16162085,0.0639975
-0.16142085,0.0959963
-0.16122085,0.0319988
-0.16102085,0.0639975
-0.16082085,0.0639975
-0.16062085,0.0639975
-0.16042085,0.0639975
-0.16022085,0.0639975
-0.16002085,0.0639975
-0.15982085,0.0959963
-0.15962085,0.0319988
-0.15942085,0.0639975
-0.15922085,0.0319988
-0.15902085,0.0639975
-0.15882085,0.0639975
-0.15862085,0.0639975
-0.15842085,0
-0.15822085,0.0319988
-0.15802085,0.0319988
-0.15782085,0.0639975
-0.15762085,0.0639975
-0.15742085,0.0639975
-0.15722085,0.0639975
-0.15702085,0.0319988
-0.15682085,0.0639975
-0.15662085,0.0639975
-0.15642085,0.0319988
-0.15622085,0.0319988
-0.15602085,0.0639975
-0.15582085,0.0319988
-0.15562085,0.0959963
-0.15542085,0.0639975
-0.15522085,0.0639975
-0.15502085,0.0959963
-0.15482085,0
-0.15462085,0.0639975
-0.15442085,0.0319988
-0.15422085,0.0319988
-0.15402085,0.0639975
-0.15382085,0.0319988
-0.15362085,0.0319988
-0.15342085,0.0639975
-0.15322085,0.0319988
-0.15302085,0.0319988
-0.15282085,0.0639975
-0.15262085,0.0639975
-0.15242085,0.0639975
-0.15222085,0.0639975
-0.15202085,0.127995
-0.15182085,0.0959963
-0.15162085,0.0639975
-0.15142085,0.0319988
-0.15122085,0.0959963
-0.15102085,0.0639975
-0.15082085,0.0639975
-0.15062085,0.0959963
-0.15042085,0.0959963
-0.15022085,0.0319988
-0.15002085,0.0639975
-0.14982085,0.0639975
-0.14962085,0.0319988
-0.14942085,0.0639975
-0.14922085,0.0639975
-0.14902085,0.0319988
-0.14882085,0.127995
-0.14862085,0.0639975
-0.14842085,0.0319988
-0.14822085,0.0639975
-0.14802085,0.0639975
-0.14782085,0.0639975
-0.14762085,0.0639975
-0.14742085,0.0959963
-0.14722085,0.0319988
-0.14702085,0.0959963
-0.14682085,0.0319988
-0.14662085,0.0319988
-0.14642085,0.0639975
-0.14622085,0.0639975
-0.14602085,0.0319988
-0.14582085,0.0959963
-0.14562085,0.0319988
-0.14542085,0.0639975
-0.14522085,0.0959963
-0.14502085,0.0639975
-0.14482085,0.0639975
-0.14462085,0.0959963
-0.14442085,0.0959963
-0.14422085,0.0959963
-0.14402085,0.0639975
-0.14382085,0.0959963
-0.14362085,0.0639975
-0.14342085,0.0959963
-0.14322085,0.0639975
-0.14302085,0.0959963
-0.14282085,0.0959963
-0.14262085,0.0639975
-0.14242085,0.0639975
-0.14222085,0.0319988
-0.14202085,0.0959963
-0.14182085,0.0639975
-0.14162085,0.0319988
-0.14142085,0.0959963
-0.14122085,0.0959963
-0.14102085,0.0639975
-0.14082085,0.127995
-0.14062085,0.0639975
-0.14042085,0.0959963
-0.14022085,0.0639975
-0.14002085,0.0959963
-0.13982085,0.0639975
-0.13962085,0.0959963
-0.13942085,0.0639975
-0.13922085,0.0639975
-0.13902085,0.0959963
-0.13882085,0.0319988
-0.13862085,0.0959963
-0.13842085,0.0639975
-0.13822085,0.0639975
-0.13802085,0.0639975
-0.13782085,0.0959963
-0.13762085,0.0639975
-0.13742085,0.0959963
-0.13722085,0.0959963
-0.13702085,0.0959963
-0.13682085,0.0319988
-0.13662085,0.0959963
-0.13642085,0.0959963
-0.13622085,0.0639975
-0.13602085,0.0639975
-0.13582085,0
-0.13562085,0.0959963
-0.13542085,0.127995
-0.13522085,0.0639975
-0.13502085,0.0639975
-0.13482085,0.0639975
-0.13462085,0.0639975
-0.13442085,0.0639975
-0.13422085,0
-0.13402085,0.0319988
-0.13382085,0.0319988
-0.13362085,0.0639975
-0.13342085,0.0319988
-0.13322085,0.0639975
-0.13302085,0.0639975
-0.13282085,0
-0.13262085,0.0639975
-0.13242085,0.0639975
-0.13222085,0.0639975
-0.13202085,0.0639975
-0.13182085,0.0639975
-0.13162085,0.0319988
-0.13142085,0.0319988
-0.13122085,0.0639975
-0.13102085,0
-0.13082085,0.0639975
-0.13062085,0.0959963
-0.13042085,0.0639975
-0.13022085,0.0639975
-0.13002085,0.0639975
-0.12982085,0.0319988
-0.12962085,0.0639975
-0.12942085,0.0639975
-0.12922085,0.0639975
-0.12902085,0.0639975
-0.12882085,0.0639975
-0.12862085,0.0639975
-0.12842085,0.0319988
-0.12822085,0.0959963
-0.12802085,0.0319988
-0.12782085,0.0319988
-0.12762085,0.0319988
-0.12742085,0.0639975
-0.12722085,0.0319988
-0.12702085,0.0319988
-0.12682085,0.0319988
-0.12662085,0.0319988
-0.12642085,0.0959963
-0.12622085,0.0639975
-0.12602085,0.0319988
-0.12582085,0.0319988
-0.12562085,0.0319988
-0.12542085,0.0319988
-0.12522085,0.0639975
-0.12502085,-0.0319988
-0.12482085,0.0639975
-0.12462085,0.0319988
-0.12442085,0.0639975
-0.12422085,0.0319988
-0.12402085,0.0319988
-0.12382085,0
-0.12362085,0.0639975
-0.12342085,0.0319988
-0.12322085,0
-0.12302085,0.0319988
-0.12282085,0.0319988
-0.12262085,0
-0.12242085,0.0319988
-0.12222085,0.0319988
-0.12202085,0
-0.12182085,0.0319988
-0.12162085,0.0319988
-0.12142085,0
-0.12122085,0.0319988
-0.12102085,0.0639975
-0.12082085,0
-0.12062085,0.0639975
-0.12042085,0.0319988
-0.12022085,0
-0.12002085,-0.0319988
-0.11982085,0.0639975
-0.11962085,-0.0319988
-0.11942085,0.0319988
-0.11922085,0.0639975
-0.11902085,0
-0.11882085,0
-0.11862085,0.0319988
-0.11842085,0
-0.11822085,0.0319988
-0.11802085,0.0319988
-0.11782085,0
-0.11762085,0
-0.11742085,0.0319988
-0.11722085,0.0319988
-0.11702085,0.0319988
-0.11682085,0.0639975
-0.11662085,0
-0.11642085,-0.0319988
-0.11622085,0.0639975
-0.11602085,0
-0.11582085,0.0319988
-0.11562085,0
-0.11542085,0
-0.11522085,0.0319988
-0.11502085,0.0319988
-0.11482085,0.0639975
-0.11462085,0.0639975
-0.11442085,0.0319988
-0.11422085,0
-0.11402085,0
-0.11382085,-0.0319988
-0.11362085,0
-0.11342085,0
-0.11322085,0.0319988
-0.11302085,-0.0319988
-0.11282085,0.0319988
-0.11262085,0
-0.11242085,0
-0.11222085,-0.0319988
-0.11202085,0
-0.11182085,-0.0319988
-0.11162085,0
-0.11142085,0
-0.11122085,-0.0319988
-0.11102085,0
-0.11082085,0
-0.11062085,-0.0319988
-0.11042085,0
-0.11022085,-0.0319988
-0.11002085,-0.0319988
-0.10982085,0
-0.10962085,-0.0319988
-0.10942085,-0.0319988
-0.10922085,0
-0.10902085,0.0319988
-0.10882085,0
-0.10862085,-0.0319988
-0.10842085,-0.0319988
-0.10822085,0
-0.10802085,-0.0639975
-0.10782085,0.0319988
-0.10762085,-0.0639975
-0.10742085,0
-0.10722085,0
-0.10702085,-0.0319988
-0.10682085,0
-0.10662085,-0.0319988
-0.10642085,0
-0.10622085,-0.0319988
-0.10602085,0
-0.10582085,-0.0959963
-0.10562085,0
-0.10542085,0
-0.10522085,-0.0639975
-0.10502085,0
-0.10482085,0
-0.10462085,-0.0319988
-0.10442085,0
-0.10422085,0.0319988
-0.10402085,-0.0319988
-0.10382085,0
-0.10362085,0
-0.10342085,-0.0319988
-0.10322085,-0.0319988
-0.10302085,-0.0319988
-0.10282085,-0.0319988
-0.10262085,-0.0319988
-0.10242085,-0.0319988
-0.10222085,-0.0319988
-0.10202085,-0.0319988
-0.10182085,0
-0.10162085,-0.0319988
-0.10142085,0
-0.10122085,0
-0.10102085,0
-0.10082085,0
-0.10062085,-0.0319988
-0.10042085,-0.0319988
-0.10022085,0
-0.10002085,0.0319988
-0.099820852,0
-0.099620852,-0.0319988
-0.099420852,0.0319988
-0.099220852,0
-0.099020852,-0.0639975
-0.098820852,0.0319988
-0.098620852,-0.0319988
-0.098420852,-0.0319988
-0.098220852,0.0319988
-0.098020852,0
-0.097820852,0
-0.097620852,0
-0.097420852,-0.0319988
-0.097220852,0
-0.097020852,0.0319988
-0.096820852,0
-0.096620852,-0.0319988
-0.096420852,0
-0.096220852,0
-0.096020852,0.0319988
-0.095820852,-0.0319988
-0.095620852,-0.0319988
-0.095420852,0
-0.095220852,0.0319988
-0.095020852,-0.0319988
-0.094820852,0
-0.094620852,0
-0.094420852,0
-0.094220852,0
-0.094020852,0
-0.093820852,0.0319988
-0.093620852,0
-0.093420852,0.0319988
-0.093220852,0
-0.093020852,0.0319988
-0.092820852,0
-0.092620852,0.0319988
-0.092420852,-0.0319988
-0.092220852,0
-0.092020852,0
-0.091820852,0
-0.091620852,0
-0.091420852,0
-0.091220852,0.0319988
-0.091020852,0.0319988
-0.090820852,0
-0.090620852,0
-0.090420852,0.0319988
-0.090220852,0.0319988
-0.090020852,0.0319988
-0.089820852,0.0319988
-0.089620852,0
-0.089420852,-0.0319988
-0.089220852,0.0319988
-0.089020852,0
-0.088820852,0.0319988
-0.088620852,0.0639975
-0.088420852,0
-0.088220852,0.0319988
-0.088020852,0.0639975
-0.087820852,-0.0319988
-0.087620852,0.0319988
-0.087420852,0.0639975
-0.087220852,0.0319988
-0.087020852,0.0319988
-0.086820852,-0.0319988
-0.086620852,0
-0.086420852,0.0319988
-0.086220852,0.0639975
-0.086020852,0
-0.085820852,0.0319988
-0.085620852,0.0319988
-0.085420852,0.0639975
-0.085220852,0.0319988
-0.085020852,0
-0.084820852,0
-0.084620852,0.0639975
-0.084420852,0.0319988
-0.084220852,-0.0319988
-0.084020852,0.0319988
-0.083820852,0.0319988
-0.083620852,0
-0.083420852,0
-0.083220852,0.0319988
-0.083020852,-0.0319988
-0.082820852,0.0319988
-0.082620852,0.0319988
-0.082420852,0.0319988
-0.082220852,0
-0.082020852,0.0639975
-0.081820852,0.0319988
-0.081620852,0.0319988
-0.081420852,0.0639975
-0.081220852,0
-0.081020852,0.0639975
-0.080820852,0.0319988
-0.080620852,0.0319988
-0.080420852,0.0319988
-0.080220852,0.0639975
-0.080020852,0.0319988
-0.079820852,0.0319988
-0.079620852,0.0319988
-0.079420852,0.0639975
-0.079220852,0.0319988
-0.079020852,0.0639975
-0.078820852,0.0319988
-0.078620852,0.0319988
-0.078420852,0.0959963
-0.078220852,0.0639975
-0.078020852,0.0319988
-0.077820852,0.0639975
-0.077620852,0.0319988
-0.077420852,0.0639975
-0.077220852,0.0639975
-0.077020852,0.0639975
-0.076820852,0.0319988
-0.076620852,0.0959963
-0.076420852,0.0639975
-0.076220852,0.0639975
-0.076020852,0.0639975
-0.075820852,0.0319988
-0.075620852,0.0319988
-0.075420852,0.0639975
-0.075220852,0.0639975
-0.075020852,0.0639975
-0.074820852,0.0319988
-0.074620852,0.0319988
-0.074420852,0.0639975
-0.074220852,0.0639975
-0.074020852,0.0639975
-0.073820852,0.0319988
-0.073620852,0.0959963
-0.073420852,0.0639975
-0.073220852,0.0319988
-0.073020852,0.0639975
-0.072820852,0.0319988
-0.072620852,0.0639975
-0.072420852,0.0639975
-0.072220852,0.0319988
-0.072020852,0.0639975
-0.071820852,0.0639975
-0.071620852,0.0319988
-0.071420852,0.0319988
-0.071220852,0.0319988
-0.071020852,0.0639975
-0.070820852,0.0959963
-0.070620852,0.0319988
-0.070420852,0.0639975
-0.070220852,0
-0.070020852,0.0959963
-0.069820852,0.0319988
-0.069620852,0.0639975
-0.069420852,0.0319988
-0.069220852,0.0319988
-0.069020852,0.0319988
-0.068820852,0.0319988
-0.068620852,0.0319988
-0.068420852,0.0639975
-0.068220852,0.0319988
-0.068020852,0.0319988
-0.067820852,0.0319988
-0.067620852,0.0639975
-0.067420852,0.0639975
-0.067220852,0.0319988
-0.067020852,0.0639975
-0.066820852,0
-0.066620852,0
-0.066420852,0.0319988
-0.066220852,0.0639975
-0.066020852,0.0319988
-0.065820852,0.0319988
-0.065620852,0.0319988
-0.065420852,0
-0.065220852,0
-0.065020852,0.0319988
-0.064820852,0.0319988
-0.064620852,0.0319988
-0.064420852,0.0319988
-0.064220852,0.0319988
-0.064020852,0
-0.063820852,0.0319988
-0.063620852,0
-0.063420852,0.0639975
-0.063220852,0.0319988
-0.063020852,0.0319988
-0.062820852,0
-0.062620852,0
-0.062420852,0.0319988
-0.062220852,0.0319988
-0.062020852,0
-0.061820852,0.0639975
-0.061620852,0.0319988
-0.061420852,0.0319988
-0.061220852,0
-0.061020852,0.0319988
-0.060820852,0.0639975
-0.060620852,0.0319988
-0.060420852,0.0639975
-0.060220852,0
-0.060020852,0.0319988
-0.059820852,0.0319988
-0.059620852,0.0319988
-0.059420852,0
-0.059220852,0.0319988
-0.059020852,0
-0.058820852,0.0319988
-0.058620852,0.0319988
-0.058420852,-0.0319988
-0.058220852,0.0319988
-0.058020852,0.0639975
-0.057820852,0.0319988
-0.057620852,0.0959963
-0.057420852,0.0319988
-0.057220852,-0.0319988
-0.057020852,0.0319988
-0.056820852,0.0639975
-0.056620852,0
-0.056420852,0.0319988
-0.056220852,0.0319988
-0.056020852,0
-0.055820852,0.0319988
-0.055620852,0.0319988
-0.055420852,-0.0319988
-0.055220852,0
-0.055020852,0.0319988
-0.054820852,0
-0.054620852,0.0639975
-0.054420852,0.0639975
-0.054220852,0.0639975
-0.054020852,0.0319988
-0.053820852,0.0319988
-0.053620852,0.0319988
-0.053420852,0.0959963
-0.053220852,0
-0.053020852,0.0319988
-0.052820852,0.0319988
-0.052620852,0.0639975
-0.052420852,0.0319988
-0.052220852,0.0639975
-0.052020852,0.0639975
-0.051820852,0.0319988
-0.051620852,0.0639975
-0.051420852,0.0639975
-0.051220852,0.0319988
-0.051020852,0.0319988
-0.050820852,0.0639975
-0.050620852,0.0639975
-0.050420852,0.0639975
-0.050220852,0.0639975
-0.050020852,0.0639975
-0.049820852,0.0639975
-0.049620852,0.0319988
-0.049420852,0.0319988
-0.049220852,0.0319988
-0.049020852,0.0319988
-0.048820852,0
-0.048620852,0
-0.048420852,0.0319988
-0.048220852,0.0319988
-0.048020852,0.0319988
-0.047820852,0.0639975
-0.047620852,0.0319988
-0.047420852,0
-0.047220852,0.0639975
-0.047020852,0.0639975
-0.046820852,0.0319988
-0.046620852,0.0319988
-0.046420852,0
-0.046220852,0.0639975
-0.046020852,0.0639975
-0.045820852,0.0319988
-0.045620852,0.0319988
-0.045420852,0.0639975
-0.045220852,0
-0.045020852,0.0639975
-0.044820852,0.0639975
-0.044620852,0.0319988
-0.044420852,0
-0.044220852,0.0639975
-0.044020852,0.0319988
-0.043820852,0.0639975
-0.043620852,0.0639975
-0.043420852,0.0639975
-0.043220852,0.0319988
-0.043020852,0.0319988
-0.042820852,0.0639975
-0.042620852,0.0639975
-0.042420852,0.0319988
-0.042220852,0
-0.042020852,0.0639975
-0.041820852,0.0639975
-0.041620852,0.0639975
-0.041420852,0.0319988
-0.041220852,0.0639975
-0.041020852,0.0639975
-0.040820852,0.0639975
-0.040620852,0.0639975
-0.040420852,0.0959963
-0.040220852,0.0639975
-0.040020852,0.0639975
-0.039820852,0.0639975
-0.039620852,0.0639975
-0.039420852,0.0639975
-0.039220852,0.0319988
-0.039020852,0.0639975
-0.038820852,0.0639975
-0.038620852,0.0959963
-0.038420852,0.0639975
-0.038220852,0.0639975
-0.038020852,0.0319988
-0.037820852,0.0639975
-0.037620852,0.0639975
-0.037420852,0.0319988
-0.037220852,0.0639975
-0.037020852,0.0639975
-0.036820852,0.0639975
-0.036620852,0.0959963
-0.036420852,0.0639975
-0.036220852,0.0639975
-0.036020852,0.0639975
-0.035820852,0.0639975
-0.035620852,0.0639975
-0.035420852,0.127995
-0.035220852,0.0959963
-0.035020852,0.0639975
-0.034820852,0.0959963
-0.034620852,0.0959963
-0.034420852,0.0959963
-0.034220852,0.0959963
-0.034020852,0.0959963
-0.033820852,0.0959963
-0.033620852,0.0639975
-0.033420852,0.0959963
-0.033220852,0.0959963
-0.033020852,0.0959963
-0.032820852,0.0959963
-0.032620852,0.0319988
-0.032420852,0.0639975
-0.032220852,0.127995
-0.032020852,0.127995
-0.031820852,0.0959963
-0.031620852,0.127995
-0.031420852,0.0639975
-0.031220852,0.127995
-0.031020852,0.0959963
-0.030820852,0.0959963
-0.030620852,0.0959963
-0.030420852,0.127995
-0.030220852,0.0959963
-0.030020852,0.127995
-0.029820852,0.0959963
-0.029620852,0.0639975
-0.029420852,0.0639975
-0.029220852,0.0959963
-0.029020852,0.0959963
-0.028820852,0.0959963
-0.028620852,0.0959963
-0.028420852,0.0959963
-0.028220852,0.0959963
-0.028020852,0.0959963
-0.027820852,0.0959963
-0.027620852,0.0959963
-0.027420852,0.0639975
-0.027220852,0.159994
-0.027020852,0.0959963
-0.026820852,0.0959963
-0.026620852,0.0959963
-0.026420852,0.0959963
-0.026220852,0.0959963
-0.026020852,0.0639975
-0.025820852,0.0319988
-0.025620852,0.0639975
-0.025420852,0.0639975
-0.025220852,0.0959963
-0.025020852,0.0959963
-0.024820852,0.0639975
-0.024620852,0.0639975
-0.024420852,0.0959963
-0.024220852,0.0639975
-0.024020852,0.0639975
-0.023820852,0.0959963
-0.023620852,0.0959963
-0.023420852,0.0639975
-0.023220852,0.0959963
-0.023020852,0.0639975
-0.022820852,0.0959963
-0.022620852,0.0959963
-0.022420852,0.0639975
-0.022220852,0.0319988
-0.022020852,0.0319988
-0.021820852,0.0319988
-0.021620852,0.0639975
-0.021420852,0.0639975
-0.021220852,0.0319988
-0.021020852,0.0639975
-0.020820852,0.0639975
-0.020620852,0.0319988
-0.020420852,0.0319988
-0.020220852,0.0319988
-0.020020852,0.0639975
-0.019820852,0.0319988
-0.019620852,0.0639975
-0.019420852,0.0319988
-0.019220852,0.0319988
-0.019020852,0.0639975
-0.018820852,0
-0.018620852,0.0319988
-0.018420852,0.0319988
-0.018220852,0
-0.018020852,0
-0.017820852,0
-0.017620852,-0.0319988
-0.017420852,0.0319988
-0.017220852,0.0639975
-0.017020852,0
-0.016820852,0
-0.016620852,0.0319988
-0.016420852,0
-0.016220852,0.0639975
-0.016020852,0.0319988
-0.015820852,-0.0319988
-0.015620852,0.0319988
-0.015420852,0.0319988
-0.015220852,0
-0.015020852,0
-0.014820852,-0.0319988
-0.014620852,-0.0319988
-0.014420852,0
-0.014220852,0
-0.014020852,-0.0319988
-0.013820852,-0.0319988
-0.013620852,0
-0.013420852,-0.0319988
-0.013220852,0
-0.013020852,-0.0639975
-0.012820852,-0.0639975
-0.012620852,-0.0319988
-0.012420852,0
-0.012220852,-0.0639975
-0.012020852,-0.0319988
-0.011820852,-0.0319988
-0.011620852,-0.0639975
-0.011420852,-0.0639975
-0.011220852,-0.0319988
-0.011020852,-0.0319988
-0.010820852,-0.0639975
-0.010620852,-0.0639975
-0.010420852,-0.0959963
-0.010220852,-0.0319988
-0.010020852,-0.0319988
-0.0098208518,-0.0959963
-0.0096208518,-0.0639975
-0.0094208518,-0.0319988
-0.0092208518,-0.0959963
-0.0090208518,-0.0319988
-0.0088208518,-0.0319988
-0.0086208518,-0.0639975
-0.0084208518,-0.0639975
-0.0082208518,-0.0319988
-0.0080208518,0
-0.0078208518,-0.0319988
-0.0076208518,-0.0639975
-0.0074208518,-0.0319988
-0.0072208518,-0.0639975
-0.0070208518,-0.0319988
-0.0068208518,-0.0959963
-0.0066208518,-0.0639975
-0.0064208518,-0.0319988
-0.0062208518,-0.0639975
-0.0060208518,-0.0639975
-0.0058208518,-0.0959963
-0.0056208518,-0.0639975
-0.0054208518,-0.0639975
-0.0052208518,-0.0319988
-0.0050208518,-0.127995
-0.0048208518,-0.0639975
-0.0046208518,-0.0639975
-0.0044208518,-0.0639975
-0.0042208518,-0.0639975
-0.0040208518,-0.0639975
-0.0038208518,-0.0959963
-0.0036208518,-0.0639975
-0.0034208518,-0.0639975
-0.0032208518,-0.0959963
-0.0030208518,-0.0319988
-0.0028208518,-0.0639975
-0.0026208518,-0.0959963
-0.0024208518,-0.0639975
-0.0022208518,-0.0639975
-0.0020208518,-0.127995
-0.0018208518,-0.0639975
-0.0016208518,-0.0639975
-0.0014208518,-0.0959963
-0.0012208518,-0.127995
-0.0010208518,-0.127995
-0.00082085178,-0.0639975
-0.00062085178,-0.0959963
-0.00042085178,-0.0639975
-0.00022085178,-0.159994
-2.0851784e-005,-0.0639975
0.00017914822,-0.0959963
