LECROYWS42Xs,24809,Waveform
Segments,1,SegmentSize,10002
Segment,TrigTime,TimeSinceSegment1
#1,19-Feb-2003 06:36:34,0                 
Time,Ampl
-2.0000829,0.0639975
-1.9998829,0.0319988
-1.9996829,0.0319988
-1.9994829,0.0319988
-1.9992829,0.0319988
-1.9990829,0.0319988
-1.9988829,0.0639975
-1.9986829,0.0639975
-1.9984829,0.0319988
-1.9982829,0.0319988
-1.9980829,0.0639975
-1.9978829,0
-1.9976829,0.0639975
-1.9974829,0.0639975
-1.9972829,0.0319988
-1.9970829,0
-1.9968829,0.0639975
-1.9966829,0.0319988
-1.9964829,0.0639975
-1.9962829,0.0639975
-1.9960829,0
-1.9958829,0.0319988
-1.9956829,0.0319988
-1.9954829,0.0319988
-1.9952829,0.0319988
-1.9950829,0.0639975
-1.9948829,0.0319988
-1.9946829,0.0639975
-1.9944829,0.0319988
-1.9942829,0.0319988
-1.9940829,0.0639975
-1.9938829,0.0319988
-1.9936829,0.0319988
-1.9934829,0.0639975
-1.9932829,0.0639975
-1.9930829,0.0639975
-1.9928829,0.0319988
-1.9926829,0
-1.9924829,0.0639975
-1.9922829,0.0319988
-1.9920829,0.0319988
-1.9918829,0.0319988
-1.9916829,0.0319988
-1.9914829,0.0639975
-1.9912829,-0.0319988
-1.9910829,0.0319988
-1.9908829,0.0639975
-1.9906829,0.0639975
-1.9904829,0.0639975
-1.9902829,0.0639975
-1.9900829,0.0319988
-1.9898829,0.0319988
-1.9896829,0.0319988
-1.9894829,-0.0319988
-1.9892829,0.0319988
-1.9890829,0.0319988
-1.9888829,0.0319988
-1.9886829,0.0639975
-1.9884829,0.0319988
-1.9882829,0
-1.9880829,0.0319988
-1.9878829,0.0639975
-1.9876829,0
-1.9874829,0.0319988
-1.9872829,0.0319988
-1.9870829,0
-1.9868829,0.0639975
-1.9866829,0
-1.9864829,0.0319988
-1.9862829,0
-1.9860829,0
-1.9858829,0.0319988
-1.9856829,0.0319988
-1.9854829,0.0319988
-1.9852829,0.0319988
-1.9850829,0.0319988
-1.9848829,0.0319988
-1.9846829,0
-1.9844829,0.0319988
-1.9842829,0.0319988
-1.9840829,0.0319988
-1.9838829,0.0319988
-1.9836829,0.0319988
-1.9834829,0
-1.9832829,0
-1.9830829,0.0319988
-1.9828829,-0.0639975
-1.9826829,0
-1.9824829,0
-1.9822829,0
-1.9820829,0.0319988
-1.9818829,-0.0319988
-1.9816829,0
-1.9814829,-0.0319988
-1.9812829,-0.0319988
-1.9810829,-0.0319988
-1.9808829,-0.0319988
-1.9806829,0
-1.9804829,-0.0319988
-1.9802829,0
-1.9800829,0
-1.9798829,-0.0639975
-1.9796829,-0.0639975
-1.9794829,-0.0639975
-1.9792829,-0.0639975
-1.9790829,0
-1.9788829,-0.0319988
-1.9786829,-0.0319988
-1.9784829,-0.0319988
-1.9782829,-0.0639975
-1.9780829,-0.0319988
-1.9778829,-0.0319988
-1.9776829,-0.0319988
-1.9774829,-0.0959963
-1.9772829,-0.0319988
-1.9770829,-0.0639975
-1.9768829,-0.0639975
-1.9766829,-0.0639975
-1.9764829,-0.0639975
-1.9762829,-0.0959963
-1.9760829,-0.0639975
-1.9758829,-0.0639975
-1.9756829,-0.0959963
-1.9754829,-0.0639975
-1.9752829,-0.0639975
-1.9750829,-0.0959963
-1.9748829,-0.0639975
-1.9746829,-0.0319988
-1.9744829,-0.0639975
-1.9742829,-0.0639975
-1.9740829,-0.0639975
-1.9738829,-0.127995
-1.9736829,-0.127995
-1.9734829,-0.0319988
-1.9732829,-0.0639975
-1.9730829,-0.0639975
-1.9728829,-0.0639975
-1.9726829,-0.127995
-1.9724829,-0.0959963
-1.9722829,-0.0959963
-1.9720829,-0.0639975
-1.9718829,-0.0639975
-1.9716829,-0.0639975
-1.9714829,-0.0959963
-1.9712829,-0.0959963
-1.9710829,-0.0639975
-1.9708829,-0.0639975
-1.9706829,-0.0959963
-1.9704829,-0.0639975
-1.9702829,-0.0639975
-1.9700829,-0.0639975
-1.9698829,-0.0959963
-1.9696829,-0.127995
-1.9694829,-0.0959963
-1.9692829,-0.0959963
-1.9690829,-0.0959963
-1.9688829,-0.0319988
-1.9686829,-0.0639975
-1.9684829,-0.0639975
-1.9682829,-0.0639975
-1.9680829,-0.0639975
-1.9678829,-0.127995
-1.9676829,-0.0959963
-1.9674829,-0.0959963
-1.9672829,-0.0959963
-1.9670829,-0.0639975
-1.9668829,-0.0959963
-1.9666829,-0.127995
-1.9664829,-0.0959963
-1.9662829,-0.127995
-1.9660829,-0.0959963
-1.9658829,-0.0959963
-1.9656829,-0.0959963
-1.9654829,-0.0639975
-1.9652829,-0.0959963
-1.9650829,-0.0959963
-1.9648829,-0.127995
-1.9646829,-0.0959963
-1.9644829,-0.0959963
-1.9642829,-0.0959963
-1.9640829,-0.0959963
-1.9638829,-0.127995
-1.9636829,-0.0959963
-1.9634829,-0.0959963
-1.9632829,-0.0959963
-1.9630829,-0.0959963
-1.9628829,-0.127995
-1.9626829,-0.0959963
-1.9624829,-0.127995
-1.9622829,-0.127995
-1.9620829,-0.0959963
-1.9618829,-0.0959963
-1.9616829,-0.127995
-1.9614829,-0.0959963
-1.9612829,-0.127995
-1.9610829,-0.127995
-1.9608829,-0.0959963
-1.9606829,-0.127995
-1.9604829,-0.127995
-1.9602829,-0.127995
-1.9600829,-0.127995
-1.9598829,-0.127995
-1.9596829,-0.0959963
-1.9594829,-0.159994
-1.9592829,-0.0959963
-1.9590829,-0.0959963
-1.9588829,-0.0959963
-1.9586829,-0.0639975
-1.9584829,-0.127995
-1.9582829,-0.127995
-1.9580829,-0.127995
-1.9578829,-0.0959963
-1.9576829,-0.159994
-1.9574829,-0.159994
-1.9572829,-0.159994
-1.9570829,-0.159994
-1.9568829,-0.127995
-1.9566829,-0.127995
-1.9564829,-0.127995
-1.9562829,-0.159994
-1.9560829,-0.159994
-1.9558829,-0.191993
-1.9556829,-0.159994
-1.9554829,-0.127995
-1.9552829,-0.159994
-1.9550829,-0.191993
-1.9548829,-0.127995
-1.9546829,-0.159994
-1.9544829,-0.127995
-1.9542829,-0.127995
-1.9540829,-0.191993
-1.9538829,-0.159994
-1.9536829,-0.127995
-1.9534829,-0.191993
-1.9532829,-0.191993
-1.9530829,-0.159994
-1.9528829,-0.159994
-1.9526829,-0.159994
-1.9524829,-0.191993
-1.9522829,-0.191993
-1.9520829,-0.159994
-1.9518829,-0.159994
-1.9516829,-0.159994
-1.9514829,-0.159994
-1.9512829,-0.127995
-1.9510829,-0.191993
-1.9508829,-0.191993
-1.9506829,-0.127995
-1.9504829,-0.191993
-1.9502829,-0.159994
-1.9500829,-0.159994
-1.9498829,-0.191993
-1.9496829,-0.223991
-1.9494829,-0.127995
-1.9492829,-0.159994
-1.9490829,-0.191993
-1.9488829,-0.127995
-1.9486829,-0.159994
-1.9484829,-0.191993
-1.9482829,-0.127995
-1.9480829,-0.159994
-1.9478829,-0.191993
-1.9476829,-0.159994
-1.9474829,-0.191993
-1.9472829,-0.191993
-1.9470829,-0.159994
-1.9468829,-0.191993
-1.9466829,-0.159994
-1.9464829,-0.159994
-1.9462829,-0.159994
-1.9460829,-0.191993
-1.9458829,-0.191993
-1.9456829,-0.159994
-1.9454829,-0.191993
-1.9452829,-0.191993
-1.9450829,-0.223991
-1.9448829,-0.191993
-1.9446829,-0.159994
-1.9444829,-0.191993
-1.9442829,-0.159994
-1.9440829,-0.191993
-1.9438829,-0.191993
-1.9436829,-0.191993
-1.9434829,-0.159994
-1.9432829,-0.191993
-1.9430829,-0.159994
-1.9428829,-0.159994
-1.9426829,-0.25599
-1.9424829,-0.191993
-1.9422829,-0.223991
-1.9420829,-0.223991
-1.9418829,-0.223991
-1.9416829,-0.191993
-1.9414829,-0.191993
-1.9412829,-0.25599
-1.9410829,-0.159994
-1.9408829,-0.223991
-1.9406829,-0.223991
-1.9404829,-0.191993
-1.9402829,-0.25599
-1.9400829,-0.223991
-1.9398829,-0.191993
-1.9396829,-0.223991
-1.9394829,-0.25599
-1.9392829,-0.191993
-1.9390829,-0.223991
-1.9388829,-0.223991
-1.9386829,-0.191993
-1.9384829,-0.223991
-1.9382829,-0.25599
-1.9380829,-0.223991
-1.9378829,-0.25599
-1.9376829,-0.25599
-1.9374829,-0.25599
-1.9372829,-0.223991
-1.9370829,-0.191993
-1.9368829,-0.159994
-1.9366829,-0.191993
-1.9364829,-0.25599
-1.9362829,-0.223991
-1.9360829,-0.25599
-1.9358829,-0.223991
-1.9356829,-0.191993
-1.9354829,-0.223991
-1.9352829,-0.223991
-1.9350829,-0.223991
-1.9348829,-0.25599
-1.9346829,-0.223991
-1.9344829,-0.191993
-1.9342829,-0.223991
-1.9340829,-0.223991
-1.9338829,-0.223991
-1.9336829,-0.25599
-1.9334829,-0.191993
-1.9332829,-0.25599
-1.9330829,-0.223991
-1.9328829,-0.25599
-1.9326829,-0.223991
-1.9324829,-0.223991
-1.9322829,-0.25599
-1.9320829,-0.223991
-1.9318829,-0.223991
-1.9316829,-0.223991
-1.9314829,-0.25599
-1.9312829,-0.223991
-1.9310829,-0.25599
-1.9308829,-0.223991
-1.9306829,-0.25599
-1.9304829,-0.223991
-1.9302829,-0.287989
-1.9300829,-0.223991
-1.9298829,-0.223991
-1.9296829,-0.25599
-1.9294829,-0.223991
-1.9292829,-0.25599
-1.9290829,-0.223991
-1.9288829,-0.223991
-1.9286829,-0.191993
-1.9284829,-0.223991
-1.9282829,-0.223991
-1.9280829,-0.191993
-1.9278829,-0.223991
-1.9276829,-0.25599
-1.9274829,-0.25599
-1.9272829,-0.159994
-1.9270829,-0.25599
-1.9268829,-0.223991
-1.9266829,-0.159994
-1.9264829,-0.191993
-1.9262829,-0.223991
-1.9260829,-0.159994
-1.9258829,-0.191993
-1.9256829,-0.159994
-1.9254829,-0.159994
-1.9252829,-0.191993
-1.9250829,-0.191993
-1.9248829,-0.191993
-1.9246829,-0.191993
-1.9244829,-0.191993
-1.9242829,-0.159994
-1.9240829,-0.191993
-1.9238829,-0.191993
-1.9236829,-0.159994
-1.9234829,-0.191993
-1.9232829,-0.191993
-1.9230829,-0.159994
-1.9228829,-0.191993
-1.9226829,-0.159994
-1.9224829,-0.159994
-1.9222829,-0.159994
-1.9220829,-0.159994
-1.9218829,-0.127995
-1.9216829,-0.159994
-1.9214829,-0.159994
-1.9212829,-0.159994
-1.9210829,-0.159994
-1.9208829,-0.127995
-1.9206829,-0.191993
-1.9204829,-0.191993
-1.9202829,-0.127995
-1.9200829,-0.127995
-1.9198829,-0.159994
-1.9196829,-0.159994
-1.9194829,-0.127995
-1.9192829,-0.159994
-1.9190829,-0.127995
-1.9188829,-0.159994
-1.9186829,-0.159994
-1.9184829,-0.191993
-1.9182829,-0.159994
-1.9180829,-0.191993
-1.9178829,-0.159994
-1.9176829,-0.127995
-1.9174829,-0.159994
-1.9172829,-0.127995
-1.9170829,-0.159994
-1.9168829,-0.159994
-1.9166829,-0.191993
-1.9164829,-0.127995
-1.9162829,-0.159994
-1.9160829,-0.159994
-1.9158829,-0.127995
-1.9156829,-0.159994
-1.9154829,-0.159994
-1.9152829,-0.127995
-1.9150829,-0.159994
-1.9148829,-0.159994
-1.9146829,-0.159994
-1.9144829,-0.191993
-1.9142829,-0.191993
-1.9140829,-0.159994
-1.9138829,-0.127995
-1.9136829,-0.127995
-1.9134829,-0.0959963
-1.9132829,-0.159994
-1.9130829,-0.159994
-1.9128829,-0.0959963
-1.9126829,-0.159994
-1.9124829,-0.159994
-1.9122829,-0.127995
-1.9120829,-0.159994
-1.9118829,-0.159994
-1.9116829,-0.127995
-1.9114829,-0.159994
-1.9112829,-0.0959963
-1.9110829,-0.0959963
-1.9108829,-0.159994
-1.9106829,-0.127995
-1.9104829,-0.159994
-1.9102829,-0.191993
-1.9100829,-0.127995
-1.9098829,-0.127995
-1.9096829,-0.159994
-1.9094829,-0.159994
-1.9092829,-0.127995
-1.9090829,-0.159994
-1.9088829,-0.127995
-1.9086829,-0.0959963
-1.9084829,-0.159994
-1.9082829,-0.127995
-1.9080829,-0.127995
-1.9078829,-0.127995
-1.9076829,-0.0959963
-1.9074829,-0.0959963
-1.9072829,-0.127995
-1.9070829,-0.0959963
-1.9068829,-0.127995
-1.9066829,-0.127995
-1.9064829,-0.159994
-1.9062829,-0.127995
-1.9060829,-0.159994
-1.9058829,-0.127995
-1.9056829,-0.0959963
-1.9054829,-0.159994
-1.9052829,-0.0639975
-1.9050829,-0.0959963
-1.9048829,-0.127995
-1.9046829,-0.127995
-1.9044829,-0.127995
-1.9042829,-0.159994
-1.9040829,-0.0959963
-1.9038829,-0.159994
-1.9036829,-0.127995
-1.9034829,-0.127995
-1.9032829,-0.159994
-1.9030829,-0.127995
-1.9028829,-0.159994
-1.9026829,-0.159994
-1.9024829,-0.127995
-1.9022829,-0.127995
-1.9020829,-0.127995
-1.9018829,-0.159994
-1.9016829,-0.127995
-1.9014829,-0.127995
-1.9012829,-0.159994
-1.9010829,-0.0959963
-1.9008829,-0.0959963
-1.9006829,-0.159994
-1.9004829,-0.127995
-1.9002829,-0.0959963
-1.9000829,-0.159994
-1.8998829,-0.127995
-1.8996829,-0.0959963
-1.8994829,-0.127995
-1.8992829,-0.127995
-1.8990829,-0.127995
-1.8988829,-0.159994
-1.8986829,-0.127995
-1.8984829,-0.127995
-1.8982829,-0.127995
-1.8980829,-0.0959963
-1.8978829,-0.0959963
-1.8976829,-0.127995
-1.8974829,-0.127995
-1.8972829,-0.0959963
-1.8970829,-0.159994
-1.8968829,-0.127995
-1.8966829,-0.0959963
-1.8964829,-0.127995
-1.8962829,-0.127995
-1.8960829,-0.127995
-1.8958829,-0.127995
-1.8956829,-0.159994
-1.8954829,-0.127995
-1.8952829,-0.159994
-1.8950829,-0.0959963
-1.8948829,-0.0639975
-1.8946829,-0.127995
-1.8944829,-0.127995
-1.8942829,-0.0959963
-1.8940829,-0.159994
-1.8938829,-0.0959963
-1.8936829,-0.0959963
-1.8934829,-0.127995
-1.8932829,-0.0959963
-1.8930829,-0.127995
-1.8928829,-0.159994
-1.8926829,-0.127995
-1.8924829,-0.127995
-1.8922829,-0.127995
-1.8920829,-0.0959963
-1.8918829,-0.127995
-1.8916829,-0.159994
-1.8914829,-0.0639975
-1.8912829,-0.0639975
-1.8910829,-0.159994
-1.8908829,-0.0639975
-1.8906829,-0.0959963
-1.8904829,-0.127995
-1.8902829,-0.0959963
-1.8900829,-0.0959963
-1.8898829,-0.127995
-1.8896829,-0.0959963
-1.8894829,-0.0639975
-1.8892829,-0.0959963
-1.8890829,-0.0959963
-1.8888829,-0.0639975
-1.8886829,-0.0959963
-1.8884829,-0.0959963
-1.8882829,-0.0959963
-1.8880829,-0.0959963
-1.8878829,-0.0319988
-1.8876829,-0.0959963
-1.8874829,-0.0959963
-1.8872829,-0.0639975
-1.8870829,-0.0959963
-1.8868829,-0.0959963
-1.8866829,-0.0639975
-1.8864829,-0.0639975
-1.8862829,-0.0959963
-1.8860829,-0.0639975
-1.8858829,-0.0639975
-1.8856829,-0.127995
-1.8854829,-0.0639975
-1.8852829,-0.0639975
-1.8850829,-0.0959963
-1.8848829,-0.0639975
-1.8846829,-0.0959963
-1.8844829,-0.127995
-1.8842829,-0.0639975
-1.8840829,-0.0639975
-1.8838829,-0.0959963
-1.8836829,-0.0639975
-1.8834829,-0.0639975
-1.8832829,-0.0959963
-1.8830829,-0.0639975
-1.8828829,-0.0639975
-1.8826829,-0.127995
-1.8824829,-0.0319988
-1.8822829,-0.0639975
-1.8820829,-0.0639975
-1.8818829,-0.0959963
-1.8816829,-0.0319988
-1.8814829,-0.0639975
-1.8812829,-0.0639975
-1.8810829,-0.0639975
-1.8808829,-0.0959963
-1.8806829,-0.0959963
-1.8804829,-0.0639975
-1.8802829,-0.0319988
-1.8800829,-0.0319988
-1.8798829,-0.0319988
-1.8796829,-0.0959963
-1.8794829,-0.0959963
-1.8792829,-0.0319988
-1.8790829,-0.0639975
-1.8788829,-0.0639975
-1.8786829,-0.0319988
-1.8784829,-0.127995
-1.8782829,-0.0639975
-1.8780829,-0.0639975
-1.8778829,-0.0639975
-1.8776829,-0.0959963
-1.8774829,-0.0639975
-1.8772829,-0.0959963
-1.8770829,-0.0959963
-1.8768829,-0.0639975
-1.8766829,-0.0639975
-1.8764829,-0.0639975
-1.8762829,0
-1.8760829,-0.0959963
-1.8758829,-0.0319988
-1.8756829,-0.0639975
-1.8754829,-0.0959963
-1.8752829,-0.0639975
-1.8750829,-0.0319988
-1.8748829,-0.0959963
-1.8746829,-0.0959963
-1.8744829,-0.0639975
-1.8742829,-0.0959963
-1.8740829,0
-1.8738829,-0.0319988
-1.8736829,-0.0319988
-1.8734829,-0.0319988
-1.8732829,-0.0639975
-1.8730829,-0.0639975
-1.8728829,-0.0319988
-1.8726829,-0.0639975
-1.8724829,-0.0319988
-1.8722829,-0.0639975
-1.8720829,-0.0639975
-1.8718829,-0.0959963
-1.8716829,-0.0639975
-1.8714829,-0.0319988
-1.8712829,-0.0639975
-1.8710829,-0.0639975
-1.8708829,-0.0639975
-1.8706829,-0.0639975
-1.8704829,-0.0319988
-1.8702829,-0.0319988
-1.8700829,-0.0639975
-1.8698829,-0.0319988
-1.8696829,-0.0319988
-1.8694829,-0.0639975
-1.8692829,-0.0319988
-1.8690829,-0.0639975
-1.8688829,-0.0639975
-1.8686829,-0.0639975
-1.8684829,-0.0319988
-1.8682829,-0.0319988
-1.8680829,-0.0319988
-1.8678829,0
-1.8676829,-0.0639975
-1.8674829,-0.0319988
-1.8672829,-0.0319988
-1.8670829,-0.0639975
-1.8668829,-0.0639975
-1.8666829,-0.0319988
-1.8664829,-0.0959963
-1.8662829,-0.0319988
-1.8660829,-0.0319988
-1.8658829,0
-1.8656829,0
-1.8654829,0
-1.8652829,-0.0319988
-1.8650829,-0.0319988
-1.8648829,-0.0319988
-1.8646829,-0.0319988
-1.8644829,-0.0639975
-1.8642829,0
-1.8640829,-0.0319988
-1.8638829,-0.0319988
-1.8636829,0
-1.8634829,-0.0959963
-1.8632829,-0.0639975
-1.8630829,-0.0319988
-1.8628829,-0.0319988
-1.8626829,0
-1.8624829,0.0319988
-1.8622829,-0.0639975
-1.8620829,0
-1.8618829,-0.0319988
-1.8616829,0
-1.8614829,0
-1.8612829,0
-1.8610829,-0.0319988
-1.8608829,0.0319988
-1.8606829,0.0319988
-1.8604829,0.0319988
-1.8602829,0
-1.8600829,0
-1.8598829,-0.0319988
-1.8596829,-0.0319988
-1.8594829,0
-1.8592829,-0.0319988
-1.8590829,0
-1.8588829,0.0319988
-1.8586829,0.0319988
-1.8584829,0.0319988
-1.8582829,0
-1.8580829,0.0319988
-1.8578829,0.0319988
-1.8576829,0.0319988
-1.8574829,0
-1.8572829,0.0319988
-1.8570829,0.0639975
-1.8568829,0.0319988
-1.8566829,0.0639975
-1.8564829,0.0639975
-1.8562829,0.0639975
-1.8560829,0.0319988
-1.8558829,0.0319988
-1.8556829,0
-1.8554829,0.0639975
-1.8552829,0.0639975
-1.8550829,0
-1.8548829,0.0639975
-1.8546829,0.0319988
-1.8544829,0
-1.8542829,0.0319988
-1.8540829,0.0319988
-1.8538829,-0.0319988
-1.8536829,0.0319988
-1.8534829,0.0319988
-1.8532829,0
-1.8530829,0.0639975
-1.8528829,0.0639975
-1.8526829,0.0319988
-1.8524829,0.0639975
-1.8522829,0.0639975
-1.8520829,0.0319988
-1.8518829,0.0639975
-1.8516829,0.0319988
-1.8514829,0
-1.8512829,0.0639975
-1.8510829,0.0319988
-1.8508829,0.0639975
-1.8506829,0.0639975
-1.8504829,0.0639975
-1.8502829,0.0639975
-1.8500829,0.0639975
-1.8498829,0.0639975
-1.8496829,0.0639975
-1.8494829,0.0639975
-1.8492829,0.0319988
-1.8490829,0.0639975
-1.8488829,0.0639975
-1.8486829,0.0639975
-1.8484829,0.0959963
-1.8482829,0.0959963
-1.8480829,0.0959963
-1.8478829,0.0319988
-1.8476829,0.0639975
-1.8474829,0.0639975
-1.8472829,0.0639975
-1.8470829,0.0959963
-1.8468829,0.0639975
-1.8466829,0
-1.8464829,0.0959963
-1.8462829,0.0959963
-1.8460829,0.0639975
-1.8458829,0.0639975
-1.8456829,0.0959963
-1.8454829,0.0639975
-1.8452829,0.0959963
-1.8450829,0.0959963
-1.8448829,0.0639975
-1.8446829,0.0959963
-1.8444829,0.0959963
-1.8442829,0.0959963
-1.8440829,0.0959963
-1.8438829,0.0639975
-1.8436829,0.127995
-1.8434829,0.127995
-1.8432829,0.127995
-1.8430829,0.0959963
-1.8428829,0.0959963
-1.8426829,0.0639975
-1.8424829,0.0639975
-1.8422829,0.0959963
-1.8420829,0.0959963
-1.8418829,0.0959963
-1.8416829,0.127995
-1.8414829,0.0639975
-1.8412829,0.0959963
-1.8410829,0.159994
-1.8408829,0.127995
-1.8406829,0.0639975
-1.8404829,0.0959963
-1.8402829,0.0959963
-1.8400829,0.0959963
-1.8398829,0.0959963
-1.8396829,0.0959963
-1.8394829,0.127995
-1.8392829,0.127995
-1.8390829,0.127995
-1.8388829,0.0959963
-1.8386829,0.127995
-1.8384829,0.0959963
-1.8382829,0.0959963
-1.8380829,0.0959963
-1.8378829,0.127995
-1.8376829,0.0959963
-1.8374829,0.0959963
-1.8372829,0.0959963
-1.8370829,0.159994
-1.8368829,0.127995
-1.8366829,0.0959963
-1.8364829,0.127995
-1.8362829,0.127995
-1.8360829,0.127995
-1.8358829,0.127995
-1.8356829,0.127995
-1.8354829,0.127995
-1.8352829,0.0959963
-1.8350829,0.127995
-1.8348829,0.127995
-1.8346829,0.0639975
-1.8344829,0.127995
-1.8342829,0.127995
-1.8340829,0.159994
-1.8338829,0.0959963
-1.8336829,0.127995
-1.8334829,0.0959963
-1.8332829,0.0959963
-1.8330829,0.127995
-1.8328829,0.159994
-1.8326829,0.127995
-1.8324829,0.159994
-1.8322829,0.127995
-1.8320829,0.127995
-1.8318829,0.127995
-1.8316829,0.127995
-1.8314829,0.127995
-1.8312829,0.127995
-1.8310829,0.127995
-1.8308829,0.127995
-1.8306829,0.127995
-1.8304829,0.127995
-1.8302829,0.159994
-1.8300829,0.127995
-1.8298829,0.127995
-1.8296829,0.159994
-1.8294829,0.0959963
-1.8292829,0.127995
-1.8290829,0.127995
-1.8288829,0.127995
-1.8286829,0.127995
-1.8284829,0.127995
-1.8282829,0.0959963
-1.8280829,0.127995
-1.8278829,0.127995
-1.8276829,0.127995
-1.8274829,0.127995
-1.8272829,0.159994
-1.8270829,0.127995
-1.8268829,0.127995
-1.8266829,0.127995
-1.8264829,0.127995
-1.8262829,0.127995
-1.8260829,0.127995
-1.8258829,0.127995
-1.8256829,0.159994
-1.8254829,0.127995
-1.8252829,0.127995
-1.8250829,0.159994
-1.8248829,0.159994
-1.8246829,0.127995
-1.8244829,0.159994
-1.8242829,0.127995
-1.8240829,0.159994
-1.8238829,0.191993
-1.8236829,0.159994
-1.8234829,0.159994
-1.8232829,0.127995
-1.8230829,0.127995
-1.8228829,0.159994
-1.8226829,0.127995
-1.8224829,0.127995
-1.8222829,0.127995
-1.8220829,0.127995
-1.8218829,0.127995
-1.8216829,0.159994
-1.8214829,0.159994
-1.8212829,0.159994
-1.8210829,0.159994
-1.8208829,0.159994
-1.8206829,0.159994
-1.8204829,0.159994
-1.8202829,0.159994
-1.8200829,0.191993
-1.8198829,0.127995
-1.8196829,0.159994
-1.8194829,0.223991
-1.8192829,0.127995
-1.8190829,0.159994
-1.8188829,0.159994
-1.8186829,0.127995
-1.8184829,0.159994
-1.8182829,0.159994
-1.8180829,0.159994
-1.8178829,0.127995
-1.8176829,0.159994
-1.8174829,0.127995
-1.8172829,0.159994
-1.8170829,0.159994
-1.8168829,0.0959963
-1.8166829,0.127995
-1.8164829,0.127995
-1.8162829,0.127995
-1.8160829,0.159994
-1.8158829,0.127995
-1.8156829,0.159994
-1.8154829,0.127995
-1.8152829,0.127995
-1.8150829,0.159994
-1.8148829,0.127995
-1.8146829,0.127995
-1.8144829,0.127995
-1.8142829,0.159994
-1.8140829,0.127995
-1.8138829,0.127995
-1.8136829,0.127995
-1.8134829,0.159994
-1.8132829,0.127995
-1.8130829,0.159994
-1.8128829,0.159994
-1.8126829,0.127995
-1.8124829,0.127995
-1.8122829,0.159994
-1.8120829,0.0959963
-1.8118829,0.159994
-1.8116829,0.127995
-1.8114829,0.127995
-1.8112829,0.127995
-1.8110829,0.191993
-1.8108829,0.127995
-1.8106829,0.159994
-1.8104829,0.127995
-1.8102829,0.127995
-1.8100829,0.127995
-1.8098829,0.127995
-1.8096829,0.127995
-1.8094829,0.0959963
-1.8092829,0.127995
-1.8090829,0.127995
-1.8088829,0.159994
-1.8086829,0.127995
-1.8084829,0.159994
-1.8082829,0.223991
-1.8080829,0.127995
-1.8078829,0.127995
-1.8076829,0.127995
-1.8074829,0.159994
-1.8072829,0.127995
-1.8070829,0.127995
-1.8068829,0.159994
-1.8066829,0.127995
-1.8064829,0.127995
-1.8062829,0.127995
-1.8060829,0.127995
-1.8058829,0.127995
-1.8056829,0.0959963
-1.8054829,0.0959963
-1.8052829,0.127995
-1.8050829,0.127995
-1.8048829,0.127995
-1.8046829,0.127995
-1.8044829,0.127995
-1.8042829,0.127995
-1.8040829,0.127995
-1.8038829,0.127995
-1.8036829,0.0959963
-1.8034829,0.0959963
-1.8032829,0.0959963
-1.8030829,0.127995
-1.8028829,0.127995
-1.8026829,0.127995
-1.8024829,0.0959963
-1.8022829,0.127995
-1.8020829,0.0959963
-1.8018829,0.0959963
-1.8016829,0.127995
-1.8014829,0.127995
-1.8012829,0.127995
-1.8010829,0.127995
-1.8008829,0.0959963
-1.8006829,0.127995
-1.8004829,0.127995
-1.8002829,0.127995
-1.8000829,0.127995
-1.7998829,0.0959963
-1.7996829,0.127995
-1.7994829,0.127995
-1.7992829,0.159994
-1.7990829,0.0639975
-1.7988829,0.127995
-1.7986829,0.127995
-1.7984829,0.127995
-1.7982829,0.0959963
-1.7980829,0.127995
-1.7978829,0.0959963
-1.7976829,0.127995
-1.7974829,0.127995
-1.7972829,0.127995
-1.7970829,0.0959963
-1.7968829,0.127995
-1.7966829,0.0959963
-1.7964829,0.0959963
-1.7962829,0.0959963
-1.7960829,0.0959963
-1.7958829,0.0959963
-1.7956829,0.159994
-1.7954829,0.127995
-1.7952829,0.0959963
-1.7950829,0.127995
-1.7948829,0.0959963
-1.7946829,0.127995
-1.7944829,0.0959963
-1.7942829,0.0959963
-1.7940829,0.127995
-1.7938829,0.0639975
-1.7936829,0.127995
-1.7934829,0.127995
-1.7932829,0.127995
-1.7930829,0.127995
-1.7928829,0.159994
-1.7926829,0.127995
-1.7924829,0.127995
-1.7922829,0.0959963
-1.7920829,0.0959963
-1.7918829,0.159994
-1.7916829,0.127995
-1.7914829,0.0959963
-1.7912829,0.127995
-1.7910829,0.127995
-1.7908829,0.0959963
-1.7906829,0.127995
-1.7904829,0.0959963
-1.7902829,0.127995
-1.7900829,0.127995
-1.7898829,0.127995
-1.7896829,0.127995
-1.7894829,0.159994
-1.7892829,0.127995
-1.7890829,0.159994
-1.7888829,0.127995
-1.7886829,0.127995
-1.7884829,0.0959963
-1.7882829,0.127995
-1.7880829,0.0959963
-1.7878829,0.127995
-1.7876829,0.127995
-1.7874829,0.159994
-1.7872829,0.127995
-1.7870829,0.0959963
-1.7868829,0.127995
-1.7866829,0.127995
-1.7864829,0.127995
-1.7862829,0.0959963
-1.7860829,0.127995
-1.7858829,0.0959963
-1.7856829,0.127995
-1.7854829,0.0959963
-1.7852829,0.127995
-1.7850829,0.159994
-1.7848829,0.159994
-1.7846829,0.127995
-1.7844829,0.127995
-1.7842829,0.159994
-1.7840829,0.0959963
-1.7838829,0.127995
-1.7836829,0.0959963
-1.7834829,0.159994
-1.7832829,0.127995
-1.7830829,0.127995
-1.7828829,0.127995
-1.7826829,0.127995
-1.7824829,0.159994
-1.7822829,0.127995
-1.7820829,0.127995
-1.7818829,0.0639975
-1.7816829,0.0959963
-1.7814829,0.127995
-1.7812829,0.0959963
-1.7810829,0.127995
-1.7808829,0.127995
-1.7806829,0.0959963
-1.7804829,0.127995
-1.7802829,0.127995
-1.7800829,0.0959963
-1.7798829,0.127995
-1.7796829,0.0959963
-1.7794829,0.159994
-1.7792829,0.127995
-1.7790829,0.0959963
-1.7788829,0.0959963
-1.7786829,0.127995
-1.7784829,0.127995
-1.7782829,0.0959963
-1.7780829,0.0959963
-1.7778829,0.0959963
-1.7776829,0.0639975
-1.7774829,0.0959963
-1.7772829,0.127995
-1.7770829,0.0959963
-1.7768829,0.159994
-1.7766829,0.0959963
-1.7764829,0.0959963
-1.7762829,0.127995
-1.7760829,0.0959963
-1.7758829,0.0959963
-1.7756829,0.0959963
-1.7754829,0.0959963
-1.7752829,0.0959963
-1.7750829,0.0959963
-1.7748829,0.0959963
-1.7746829,0.127995
-1.7744829,0.127995
-1.7742829,0.0959963
-1.7740829,0.127995
-1.7738829,0.0959963
-1.7736829,0.0639975
-1.7734829,0.0319988
-1.7732829,0.0639975
-1.7730829,0.0959963
-1.7728829,0.0959963
-1.7726829,0.0959963
-1.7724829,0.0959963
-1.7722829,0.0959963
-1.7720829,0.127995
-1.7718829,0.0959963
-1.7716829,0.0959963
-1.7714829,0.0959963
-1.7712829,0.0959963
-1.7710829,0.127995
-1.7708829,0.127995
-1.7706829,0.0639975
-1.7704829,0.0959963
-1.7702829,0.127995
-1.7700829,0.0959963
-1.7698829,0.0959963
-1.7696829,0.127995
-1.7694829,0.0959963
-1.7692829,0.0639975
-1.7690829,0.0959963
-1.7688829,0.0959963
-1.7686829,0.0319988
-1.7684829,0.127995
-1.7682829,0.0959963
-1.7680829,0.0639975
-1.7678829,0.0959963
-1.7676829,0.0959963
-1.7674829,0.0639975
-1.7672829,0.127995
-1.7670829,0.0639975
-1.7668829,0.0639975
-1.7666829,0.0959963
-1.7664829,0.0959963
-1.7662829,0.0319988
-1.7660829,0.0639975
-1.7658829,0.0959963
-1.7656829,0.0959963
-1.7654829,0.0959963
-1.7652829,0.0639975
-1.7650829,0.0959963
-1.7648829,0.0959963
-1.7646829,0.0639975
-1.7644829,0.0959963
-1.7642829,0.0959963
-1.7640829,0.0959963
-1.7638829,0.0639975
-1.7636829,0.0959963
-1.7634829,0.0959963
-1.7632829,0.0639975
-1.7630829,0.0639975
-1.7628829,0.0959963
-1.7626829,0.0639975
-1.7624829,0.0959963
-1.7622829,0.0959963
-1.7620829,0.0959963
-1.7618829,0.0639975
-1.7616829,0.0959963
-1.7614829,0.0959963
-1.7612829,0.0959963
-1.7610829,0.0639975
-1.7608829,0.0959963
-1.7606829,0.0639975
-1.7604829,0.0959963
-1.7602829,0.0639975
-1.7600829,0.0639975
-1.7598829,0.0959963
-1.7596829,0
-1.7594829,0.0639975
-1.7592829,0.0959963
-1.7590829,0.0639975
-1.7588829,0.0319988
-1.7586829,0.0319988
-1.7584829,0.0959963
-1.7582829,0.0639975
-1.7580829,0.0639975
-1.7578829,0.0639975
-1.7576829,0.0639975
-1.7574829,0.0639975
-1.7572829,0.0639975
-1.7570829,0.0639975
-1.7568829,0.0639975
-1.7566829,0.0639975
-1.7564829,0
-1.7562829,0.0319988
-1.7560829,0.0319988
-1.7558829,0.0319988
-1.7556829,0.0959963
-1.7554829,0.0319988
-1.7552829,0.0639975
-1.7550829,0.0639975
-1.7548829,0.0319988
-1.7546829,0.0319988
-1.7544829,0.0639975
-1.7542829,0.0319988
-1.7540829,0.0319988
-1.7538829,0.0639975
-1.7536829,0.0639975
-1.7534829,0.0319988
-1.7532829,0.0639975
-1.7530829,0.0319988
-1.7528829,0.0639975
-1.7526829,0.0319988
-1.7524829,0.0639975
-1.7522829,0.0639975
-1.7520829,0.0319988
-1.7518829,0.0639975
-1.7516829,0.0319988
-1.7514829,0.0639975
-1.7512829,0
-1.7510829,0.0319988
-1.7508829,0.0639975
-1.7506829,0
-1.7504829,0.0639975
-1.7502829,0.0639975
-1.7500829,0.0639975
-1.7498829,0.0959963
-1.7496829,0.0319988
-1.7494829,0.0319988
-1.7492829,0.0319988
-1.7490829,0.0319988
-1.7488829,0
-1.7486829,0.0319988
-1.7484829,0.0639975
-1.7482829,0
-1.7480829,0
-1.7478829,0.0639975
-1.7476829,0.0319988
-1.7474829,0.0319988
-1.7472829,0.0319988
-1.7470829,0
-1.7468829,0.0319988
-1.7466829,0.0319988
-1.7464829,0
-1.7462829,0.0319988
-1.7460829,0
-1.7458829,-0.0319988
-1.7456829,-0.0319988
-1.7454829,0
-1.7452829,-0.0319988
-1.7450829,0.0639975
-1.7448829,0
-1.7446829,0.0319988
-1.7444829,0.0319988
-1.7442829,0.0319988
-1.7440829,0
-1.7438829,0
-1.7436829,0
-1.7434829,0
-1.7432829,0.0319988
-1.7430829,0
-1.7428829,0.0319988
-1.7426829,-0.0319988
-1.7424829,-0.0319988
-1.7422829,0
-1.7420829,0
-1.7418829,0.0319988
-1.7416829,0
-1.7414829,0
-1.7412829,0.0319988
-1.7410829,0
-1.7408829,0.0319988
-1.7406829,0
-1.7404829,-0.0319988
-1.7402829,0.0319988
-1.7400829,0
-1.7398829,0
-1.7396829,0
-1.7394829,0
-1.7392829,0
-1.7390829,0
-1.7388829,0.0639975
-1.7386829,0
-1.7384829,0.0319988
-1.7382829,0.0639975
-1.7380829,0
-1.7378829,0
-1.7376829,0.0319988
-1.7374829,-0.0319988
-1.7372829,0.0319988
-1.7370829,0.0319988
-1.7368829,0.0319988
-1.7366829,0.0319988
-1.7364829,0.0319988
-1.7362829,0.0319988
-1.7360829,0
-1.7358829,0.0319988
-1.7356829,0
-1.7354829,0.0319988
-1.7352829,0.0319988
-1.7350829,0.0319988
-1.7348829,0
-1.7346829,0
-1.7344829,-0.0319988
-1.7342829,0
-1.7340829,0.0639975
-1.7338829,0.0639975
-1.7336829,0.0319988
-1.7334829,0.0319988
-1.7332829,0
-1.7330829,0.0319988
-1.7328829,0.0319988
-1.7326829,0
-1.7324829,-0.0319988
-1.7322829,0.0319988
-1.7320829,0
-1.7318829,0.0319988
-1.7316829,0
-1.7314829,0
-1.7312829,0
-1.7310829,0
-1.7308829,0
-1.7306829,0.0319988
-1.7304829,0.0319988
-1.7302829,0.0319988
-1.7300829,0.0319988
-1.7298829,0
-1.7296829,-0.0319988
-1.7294829,0
-1.7292829,0.0319988
-1.7290829,0.0319988
-1.7288829,0.0639975
-1.7286829,0.0319988
-1.7284829,0
-1.7282829,0
-1.7280829,0.0639975
-1.7278829,0
-1.7276829,0.0319988
-1.7274829,0.0639975
-1.7272829,0
-1.7270829,0
-1.7268829,0
-1.7266829,-0.0319988
-1.7264829,0
-1.7262829,0.0319988
-1.7260829,0
-1.7258829,0.0639975
-1.7256829,0.0639975
-1.7254829,0.0319988
-1.7252829,0.0639975
-1.7250829,0.0639975
-1.7248829,0
-1.7246829,0.0639975
-1.7244829,0.0639975
-1.7242829,0.0319988
-1.7240829,0.0639975
-1.7238829,0.0639975
-1.7236829,0
-1.7234829,0.0639975
-1.7232829,0.0639975
-1.7230829,0.0639975
-1.7228829,0.0319988
-1.7226829,0.0319988
-1.7224829,0.0639975
-1.7222829,0.0319988
-1.7220829,0.0959963
-1.7218829,0.0639975
-1.7216829,0.0319988
-1.7214829,0.0639975
-1.7212829,0.0319988
-1.7210829,0.0319988
-1.7208829,0.0639975
-1.7206829,0.0959963
-1.7204829,0.0639975
-1.7202829,0.0639975
-1.7200829,0.0319988
-1.7198829,0.0639975
-1.7196829,0.0639975
-1.7194829,0.0319988
-1.7192829,0.0639975
-1.7190829,0.0319988
-1.7188829,0.0959963
-1.7186829,0.0639975
-1.7184829,0.0639975
-1.7182829,0.0319988
-1.7180829,0.0639975
-1.7178829,0.0959963
-1.7176829,0
-1.7174829,0.0319988
-1.7172829,0.0639975
-1.7170829,0.0319988
-1.7168829,0.0639975
-1.7166829,0.0639975
-1.7164829,0.0319988
-1.7162829,0.0639975
-1.7160829,0.0639975
-1.7158829,0.0319988
-1.7156829,0.0639975
-1.7154829,0.0639975
-1.7152829,0.0959963
-1.7150829,0.0639975
-1.7148829,0.0639975
-1.7146829,0.0319988
-1.7144829,0.0639975
-1.7142829,0.0959963
-1.7140829,0.0959963
-1.7138829,0.0639975
-1.7136829,0.0959963
-1.7134829,0.0959963
-1.7132829,0.0639975
-1.7130829,0.0959963
-1.7128829,0.0639975
-1.7126829,0.0319988
-1.7124829,0.0959963
-1.7122829,0.0959963
-1.7120829,0.127995
-1.7118829,0.0959963
-1.7116829,0.0639975
-1.7114829,0.127995
-1.7112829,0.0959963
-1.7110829,0.0959963
-1.7108829,0.0959963
-1.7106829,0.0639975
-1.7104829,0.0959963
-1.7102829,0.0959963
-1.7100829,0.127995
-1.7098829,0.0959963
-1.7096829,0.0639975
-1.7094829,0.0639975
-1.7092829,0.0639975
-1.7090829,0.127995
-1.7088829,0.0639975
-1.7086829,0.0959963
-1.7084829,0.0959963
-1.7082829,0.0639975
-1.7080829,0.127995
-1.7078829,0.0959963
-1.7076829,0.0959963
-1.7074829,0.127995
-1.7072829,0.127995
-1.7070829,0.0959963
-1.7068829,0.127995
-1.7066829,0.127995
-1.7064829,0.127995
-1.7062829,0.0959963
-1.7060829,0.0959963
-1.7058829,0.127995
-1.7056829,0.159994
-1.7054829,0.159994
-1.7052829,0.127995
-1.7050829,0.0959963
-1.7048829,0.127995
-1.7046829,0.159994
-1.7044829,0.127995
-1.7042829,0.0959963
-1.7040829,0.0959963
-1.7038829,0.0639975
-1.7036829,0.159994
-1.7034829,0.0959963
-1.7032829,0.0959963
-1.7030829,0.0639975
-1.7028829,0.127995
-1.7026829,0.159994
-1.7024829,0.127995
-1.7022829,0.0959963
-1.7020829,0.127995
-1.7018829,0.127995
-1.7016829,0.127995
-1.7014829,0.0959963
-1.7012829,0.191993
-1.7010829,0.0959963
-1.7008829,0.0959963
-1.7006829,0.0959963
-1.7004829,0.0959963
-1.7002829,0.127995
-1.7000829,0.159994
-1.6998829,0.127995
-1.6996829,0.127995
-1.6994829,0.127995
-1.6992829,0.127995
-1.6990829,0.0639975
-1.6988829,0.127995
-1.6986829,0.127995
-1.6984829,0.0959963
-1.6982829,0.127995
-1.6980829,0.127995
-1.6978829,0.127995
-1.6976829,0.127995
-1.6974829,0.0959963
-1.6972829,0.0959963
-1.6970829,0.127995
-1.6968829,0.159994
-1.6966829,0.127995
-1.6964829,0.127995
-1.6962829,0.0959963
-1.6960829,0.127995
-1.6958829,0.159994
-1.6956829,0.127995
-1.6954829,0.0959963
-1.6952829,0.127995
-1.6950829,0.127995
-1.6948829,0.159994
-1.6946829,0.0959963
-1.6944829,0.127995
-1.6942829,0.127995
-1.6940829,0.127995
-1.6938829,0.127995
-1.6936829,0.127995
-1.6934829,0.159994
-1.6932829,0.127995
-1.6930829,0.159994
-1.6928829,0.127995
-1.6926829,0.0959963
-1.6924829,0.127995
-1.6922829,0.159994
-1.6920829,0.0959963
-1.6918829,0.127995
-1.6916829,0.127995
-1.6914829,0.127995
-1.6912829,0.127995
-1.6910829,0.127995
-1.6908829,0.0959963
-1.6906829,0.0959963
-1.6904829,0.127995
-1.6902829,0.127995
-1.6900829,0.159994
-1.6898829,0.127995
-1.6896829,0.127995
-1.6894829,0.191993
-1.6892829,0.0959963
-1.6890829,0.127995
-1.6888829,0.127995
-1.6886829,0.127995
-1.6884829,0.159994
-1.6882829,0.127995
-1.6880829,0.127995
-1.6878829,0.127995
-1.6876829,0.127995
-1.6874829,0.127995
-1.6872829,0.127995
-1.6870829,0.127995
-1.6868829,0.159994
-1.6866829,0.127995
-1.6864829,0.127995
-1.6862829,0.127995
-1.6860829,0.0959963
-1.6858829,0.127995
-1.6856829,0.127995
-1.6854829,0.159994
-1.6852829,0.127995
-1.6850829,0.127995
-1.6848829,0.0959963
-1.6846829,0.0639975
-1.6844829,0.127995
-1.6842829,0.127995
-1.6840829,0.127995
-1.6838829,0.127995
-1.6836829,0.159994
-1.6834829,0.127995
-1.6832829,0.127995
-1.6830829,0.0959963
-1.6828829,0.127995
-1.6826829,0.127995
-1.6824829,0.0959963
-1.6822829,0.0959963
-1.6820829,0.127995
-1.6818829,0.0639975
-1.6816829,0.0959963
-1.6814829,0.159994
-1.6812829,0.0639975
-1.6810829,0.127995
-1.6808829,0.127995
-1.6806829,0.159994
-1.6804829,0.0959963
-1.6802829,0.0959963
-1.6800829,0.0959963
-1.6798829,0.0959963
-1.6796829,0.127995
-1.6794829,0.127995
-1.6792829,0.0959963
-1.6790829,0.127995
-1.6788829,0.0639975
-1.6786829,0.0959963
-1.6784829,0.127995
-1.6782829,0.0959963
-1.6780829,0.0959963
-1.6778829,0.0959963
-1.6776829,0.0959963
-1.6774829,0.0959963
-1.6772829,0.0959963
-1.6770829,0.0959963
-1.6768829,0.0959963
-1.6766829,0.127995
-1.6764829,0.0959963
-1.6762829,0.127995
-1.6760829,0.127995
-1.6758829,0.0959963
-1.6756829,0.127995
-1.6754829,0.0959963
-1.6752829,0.127995
-1.6750829,0.0959963
-1.6748829,0.0959963
-1.6746829,0.0959963
-1.6744829,0.0959963
-1.6742829,0.0639975
-1.6740829,0.0959963
-1.6738829,0.0639975
-1.6736829,0.127995
-1.6734829,0.0959963
-1.6732829,0.0959963
-1.6730829,0.0959963
-1.6728829,0.0639975
-1.6726829,0.127995
-1.6724829,0.0959963
-1.6722829,0.0959963
-1.6720829,0.0319988
-1.6718829,0.0959963
-1.6716829,0.0639975
-1.6714829,0.0959963
-1.6712829,0.0959963
-1.6710829,0.0639975
-1.6708829,0.0319988
-1.6706829,0.0639975
-1.6704829,0.0959963
-1.6702829,0.0319988
-1.6700829,0.0959963
-1.6698829,0.0639975
-1.6696829,0.0639975
-1.6694829,0.0639975
-1.6692829,0.0639975
-1.6690829,0.0639975
-1.6688829,0.0639975
-1.6686829,0.0959963
-1.6684829,0
-1.6682829,0.0959963
-1.6680829,0.0639975
-1.6678829,0.0639975
-1.6676829,0.0959963
-1.6674829,0.0639975
-1.6672829,0.0319988
-1.6670829,0.0639975
-1.6668829,0.0639975
-1.6666829,0.0639975
-1.6664829,0.0639975
-1.6662829,0.0959963
-1.6660829,0.0639975
-1.6658829,0.0639975
-1.6656829,0.0639975
-1.6654829,0.0639975
-1.6652829,0.0319988
-1.6650829,0.0639975
-1.6648829,0
-1.6646829,0
-1.6644829,0.0319988
-1.6642829,0.0319988
-1.6640829,0.0319988
-1.6638829,0.0639975
-1.6636829,0.0319988
-1.6634829,0.0319988
-1.6632829,0.0639975
-1.6630829,0
-1.6628829,0.0639975
-1.6626829,0.0639975
-1.6624829,0
-1.6622829,0.0639975
-1.6620829,0.0319988
-1.6618829,0.0639975
-1.6616829,0.0319988
-1.6614829,0.0639975
-1.6612829,0
-1.6610829,0.0319988
-1.6608829,0.0959963
-1.6606829,0.0319988
-1.6604829,0.0319988
-1.6602829,0.0639975
-1.6600829,0.0319988
-1.6598829,0.0319988
-1.6596829,0.0639975
-1.6594829,0.0639975
-1.6592829,0.0319988
-1.6590829,0.0639975
-1.6588829,0
-1.6586829,0.0319988
-1.6584829,0.0639975
-1.6582829,0.0639975
-1.6580829,0.0639975
-1.6578829,0.0639975
-1.6576829,0
-1.6574829,0
-1.6572829,0.0319988
-1.6570829,0.0639975
-1.6568829,0.0319988
-1.6566829,0.0319988
-1.6564829,0.0639975
-1.6562829,0.0319988
-1.6560829,0.0639975
-1.6558829,0
-1.6556829,0.0319988
-1.6554829,0.0319988
-1.6552829,-0.0319988
-1.6550829,-0.0319988
-1.6548829,0.0639975
-1.6546829,0
-1.6544829,0.0319988
-1.6542829,0.0319988
-1.6540829,0
-1.6538829,0.0319988
-1.6536829,0.0319988
-1.6534829,0
-1.6532829,0.0319988
-1.6530829,0.0639975
-1.6528829,0
-1.6526829,0.0319988
-1.6524829,0.0319988
-1.6522829,0.0319988
-1.6520829,0.0319988
-1.6518829,0.0319988
-1.6516829,0.0319988
-1.6514829,0
-1.6512829,0.0319988
-1.6510829,0.0319988
-1.6508829,0
-1.6506829,0
-1.6504829,0
-1.6502829,0
-1.6500829,0.0319988
-1.6498829,0
-1.6496829,0
-1.6494829,0.0319988
-1.6492829,0.0319988
-1.6490829,0.0319988
-1.6488829,0
-1.6486829,0
-1.6484829,0.0639975
-1.6482829,0.0639975
-1.6480829,0
-1.6478829,0.0639975
-1.6476829,0.0319988
-1.6474829,0
-1.6472829,0.0319988
-1.6470829,0.0319988
-1.6468829,0
-1.6466829,0
-1.6464829,0.0639975
-1.6462829,-0.0319988
-1.6460829,0.0319988
-1.6458829,0.0639975
-1.6456829,0.0319988
-1.6454829,0
-1.6452829,0.0639975
-1.6450829,-0.0319988
-1.6448829,0.0319988
-1.6446829,0.0319988
-1.6444829,0
-1.6442829,0.0319988
-1.6440829,0.0319988
-1.6438829,0.0319988
-1.6436829,0.0319988
-1.6434829,0
-1.6432829,0
-1.6430829,0.0319988
-1.6428829,0.0319988
-1.6426829,0.0319988
-1.6424829,0.0639975
-1.6422829,0.0639975
-1.6420829,0
-1.6418829,0.0319988
-1.6416829,0
-1.6414829,-0.0319988
-1.6412829,0
-1.6410829,0
-1.6408829,0
-1.6406829,0.0319988
-1.6404829,0
-1.6402829,0
-1.6400829,0
-1.6398829,0
-1.6396829,-0.0319988
-1.6394829,0
-1.6392829,-0.0319988
-1.6390829,-0.0319988
-1.6388829,0.0319988
-1.6386829,0.0319988
-1.6384829,0
-1.6382829,0
-1.6380829,-0.0319988
-1.6378829,-0.0319988
-1.6376829,0.0319988
-1.6374829,0.0319988
-1.6372829,-0.0639975
-1.6370829,0.0319988
-1.6368829,0
-1.6366829,0.0319988
-1.6364829,0.0319988
-1.6362829,0
-1.6360829,-0.0639975
-1.6358829,0
-1.6356829,-0.0319988
-1.6354829,-0.0319988
-1.6352829,-0.0319988
-1.6350829,0
-1.6348829,-0.0319988
-1.6346829,0
-1.6344829,-0.0319988
-1.6342829,-0.0319988
-1.6340829,0
-1.6338829,-0.0319988
-1.6336829,-0.0639975
-1.6334829,-0.0639975
-1.6332829,-0.0319988
-1.6330829,-0.0959963
-1.6328829,-0.0319988
-1.6326829,0
-1.6324829,-0.0319988
-1.6322829,-0.0319988
-1.6320829,0.0319988
-1.6318829,-0.0639975
-1.6316829,-0.0319988
-1.6314829,0
-1.6312829,-0.0319988
-1.6310829,-0.0319988
-1.6308829,-0.0639975
-1.6306829,-0.0639975
-1.6304829,-0.0319988
-1.6302829,-0.0639975
-1.6300829,-0.0639975
-1.6298829,-0.0319988
-1.6296829,-0.0319988
-1.6294829,-0.0959963
-1.6292829,-0.0319988
-1.6290829,-0.0319988
-1.6288829,0
-1.6286829,-0.0319988
-1.6284829,-0.0639975
-1.6282829,-0.0639975
-1.6280829,-0.0319988
-1.6278829,-0.0639975
-1.6276829,-0.0639975
-1.6274829,-0.0319988
-1.6272829,-0.0639975
-1.6270829,-0.0639975
-1.6268829,-0.0639975
-1.6266829,-0.0639975
-1.6264829,-0.0959963
-1.6262829,-0.0639975
-1.6260829,-0.0319988
-1.6258829,-0.0639975
-1.6256829,-0.0639975
-1.6254829,-0.0319988
-1.6252829,-0.0959963
-1.6250829,-0.0319988
-1.6248829,-0.0639975
-1.6246829,-0.0959963
-1.6244829,-0.0319988
-1.6242829,-0.0959963
-1.6240829,-0.0639975
-1.6238829,-0.0639975
-1.6236829,-0.0319988
-1.6234829,-0.0639975
-1.6232829,-0.0639975
-1.6230829,-0.0639975
-1.6228829,-0.0959963
-1.6226829,-0.0639975
-1.6224829,-0.0639975
-1.6222829,-0.0959963
-1.6220829,-0.0319988
-1.6218829,-0.0639975
-1.6216829,-0.0959963
-1.6214829,-0.0639975
-1.6212829,-0.0639975
-1.6210829,-0.0639975
-1.6208829,-0.0639975
-1.6206829,-0.0319988
-1.6204829,-0.0639975
-1.6202829,-0.0319988
-1.6200829,-0.0319988
-1.6198829,-0.0959963
-1.6196829,-0.0639975
-1.6194829,-0.0959963
-1.6192829,-0.0639975
-1.6190829,-0.0639975
-1.6188829,-0.0319988
-1.6186829,-0.0959963
-1.6184829,-0.0319988
-1.6182829,-0.0319988
-1.6180829,-0.0639975
-1.6178829,-0.0639975
-1.6176829,-0.0319988
-1.6174829,-0.0959963
-1.6172829,-0.0639975
-1.6170829,-0.0639975
-1.6168829,0
-1.6166829,-0.0959963
-1.6164829,-0.0319988
-1.6162829,-0.127995
-1.6160829,-0.0639975
-1.6158829,-0.0639975
-1.6156829,-0.0959963
-1.6154829,-0.0959963
-1.6152829,-0.0319988
-1.6150829,-0.0639975
-1.6148829,-0.0639975
-1.6146829,-0.0319988
-1.6144829,-0.0639975
-1.6142829,-0.0319988
-1.6140829,-0.0639975
-1.6138829,-0.0959963
-1.6136829,-0.0319988
-1.6134829,-0.0319988
-1.6132829,-0.0639975
-1.6130829,-0.0639975
-1.6128829,-0.0639975
-1.6126829,-0.0319988
-1.6124829,-0.0319988
-1.6122829,-0.0319988
-1.6120829,-0.0639975
-1.6118829,-0.0319988
-1.6116829,-0.0319988
-1.6114829,-0.0639975
-1.6112829,-0.0319988
-1.6110829,0.0319988
-1.6108829,-0.0639975
-1.6106829,-0.0319988
-1.6104829,0
-1.6102829,-0.0319988
-1.6100829,-0.0639975
-1.6098829,-0.0319988
-1.6096829,-0.0639975
-1.6094829,-0.0319988
-1.6092829,0
-1.6090829,-0.0319988
-1.6088829,0
-1.6086829,0
-1.6084829,-0.0319988
-1.6082829,-0.0319988
-1.6080829,0
-1.6078829,0
-1.6076829,-0.0319988
-1.6074829,0
-1.6072829,0
-1.6070829,0
-1.6068829,0
-1.6066829,-0.0639975
-1.6064829,0
-1.6062829,0.0319988
-1.6060829,-0.0639975
-1.6058829,0
-1.6056829,0.0319988
-1.6054829,0
-1.6052829,0.0319988
-1.6050829,0.0319988
-1.6048829,0.0319988
-1.6046829,0
-1.6044829,0.0639975
-1.6042829,0
-1.6040829,-0.0319988
-1.6038829,0.0319988
-1.6036829,0
-1.6034829,0.0319988
-1.6032829,0.0319988
-1.6030829,0
-1.6028829,0
-1.6026829,0.0639975
-1.6024829,0.0319988
-1.6022829,0
-1.6020829,0.0319988
-1.6018829,0
-1.6016829,0.0319988
-1.6014829,0.0319988
-1.6012829,0.0319988
-1.6010829,0.0319988
-1.6008829,0.0319988
-1.6006829,0.0319988
-1.6004829,0.0639975
-1.6002829,0.0319988
-1.6000829,0.0319988
-1.5998829,0.0639975
-1.5996829,0.0639975
-1.5994829,0.0959963
-1.5992829,0.0639975
-1.5990829,0.0319988
-1.5988829,0.0319988
-1.5986829,0.0639975
-1.5984829,0.0639975
-1.5982829,0.0319988
-1.5980829,0.0639975
-1.5978829,0.0639975
-1.5976829,0.0319988
-1.5974829,0.0959963
-1.5972829,0.0639975
-1.5970829,0.0319988
-1.5968829,0.0959963
-1.5966829,0.0639975
-1.5964829,0.0319988
-1.5962829,0.0639975
-1.5960829,0.0639975
-1.5958829,0
-1.5956829,0.0639975
-1.5954829,0.0639975
-1.5952829,0.0639975
-1.5950829,0.0639975
-1.5948829,0.0639975
-1.5946829,0
-1.5944829,0.0639975
-1.5942829,0.0639975
-1.5940829,0.0319988
-1.5938829,0.0639975
-1.5936829,0.0639975
-1.5934829,0.0639975
-1.5932829,0.0639975
-1.5930829,0.0639975
-1.5928829,0.0639975
-1.5926829,0.0959963
-1.5924829,0.0639975
-1.5922829,0.0639975
-1.5920829,0.0319988
-1.5918829,0.0639975
-1.5916829,0.0959963
-1.5914829,0.0639975
-1.5912829,0.0959963
-1.5910829,0.0639975
-1.5908829,0.0959963
-1.5906829,0.0959963
-1.5904829,0.0959963
-1.5902829,0.0959963
-1.5900829,0.0319988
-1.5898829,0.0959963
-1.5896829,0.127995
-1.5894829,0.0639975
-1.5892829,0.0959963
-1.5890829,0.0639975
-1.5888829,0.0959963
-1.5886829,0.0639975
-1.5884829,0.0959963
-1.5882829,0.0959963
-1.5880829,0.127995
-1.5878829,0.127995
-1.5876829,0.0959963
-1.5874829,0.0959963
-1.5872829,0.127995
-1.5870829,0.0959963
-1.5868829,0.127995
-1.5866829,0.127995
-1.5864829,0.0959963
-1.5862829,0.0959963
-1.5860829,0.127995
-1.5858829,0.0959963
-1.5856829,0.0959963
-1.5854829,0.127995
-1.5852829,0.127995
-1.5850829,0.127995
-1.5848829,0.127995
-1.5846829,0.127995
-1.5844829,0.127995
-1.5842829,0.127995
-1.5840829,0.0959963
-1.5838829,0.159994
-1.5836829,0.159994
-1.5834829,0.127995
-1.5832829,0.0959963
-1.5830829,0.159994
-1.5828829,0.0959963
-1.5826829,0.127995
-1.5824829,0.0959963
-1.5822829,0.0959963
-1.5820829,0.159994
-1.5818829,0.127995
-1.5816829,0.0959963
-1.5814829,0.0959963
-1.5812829,0.159994
-1.5810829,0.127995
-1.5808829,0.0959963
-1.5806829,0.0959963
-1.5804829,0.127995
-1.5802829,0.127995
-1.5800829,0.0959963
-1.5798829,0.0959963
-1.5796829,0.0959963
-1.5794829,0.127995
-1.5792829,0.127995
-1.5790829,0.127995
-1.5788829,0.127995
-1.5786829,0.0959963
-1.5784829,0.127995
-1.5782829,0.127995
-1.5780829,0.0959963
-1.5778829,0.127995
-1.5776829,0.127995
-1.5774829,0.127995
-1.5772829,0.0639975
-1.5770829,0.127995
-1.5768829,0.0959963
-1.5766829,0.127995
-1.5764829,0.159994
-1.5762829,0.127995
-1.5760829,0.127995
-1.5758829,0.159994
-1.5756829,0.0959963
-1.5754829,0.159994
-1.5752829,0.127995
-1.5750829,0.0959963
-1.5748829,0.0959963
-1.5746829,0.127995
-1.5744829,0.127995
-1.5742829,0.127995
-1.5740829,0.223991
-1.5738829,0.0959963
-1.5736829,0.0959963
-1.5734829,0.159994
-1.5732829,0.127995
-1.5730829,0.127995
-1.5728829,0.0959963
-1.5726829,0.159994
-1.5724829,0.159994
-1.5722829,0.127995
-1.5720829,0.159994
-1.5718829,0.127995
-1.5716829,0.127995
-1.5714829,0.0959963
-1.5712829,0.127995
-1.5710829,0.0639975
-1.5708829,0.127995
-1.5706829,0.127995
-1.5704829,0.127995
-1.5702829,0.0959963
-1.5700829,0.0959963
-1.5698829,0.127995
-1.5696829,0.0959963
-1.5694829,0.0959963
-1.5692829,0.0959963
-1.5690829,0.127995
-1.5688829,0.0959963
-1.5686829,0.0959963
-1.5684829,0.0959963
-1.5682829,0.0959963
-1.5680829,0.0959963
-1.5678829,0.0959963
-1.5676829,0.0959963
-1.5674829,0.0959963
-1.5672829,0.0959963
-1.5670829,0.0639975
-1.5668829,0.0959963
-1.5666829,0.0959963
-1.5664829,0.0319988
-1.5662829,0.0959963
-1.5660829,0.0959963
-1.5658829,0.0959963
-1.5656829,0.127995
-1.5654829,0.0639975
-1.5652829,0.127995
-1.5650829,0.0959963
-1.5648829,0.0959963
-1.5646829,0.0959963
-1.5644829,0.0639975
-1.5642829,0.0959963
-1.5640829,0.0639975
-1.5638829,0.0959963
-1.5636829,0.0959963
-1.5634829,0.0639975
-1.5632829,0.0959963
-1.5630829,0.0639975
-1.5628829,0.0639975
-1.5626829,0.0639975
-1.5624829,0.0959963
-1.5622829,0.0639975
-1.5620829,0.0959963
-1.5618829,0.0639975
-1.5616829,0.0639975
-1.5614829,0.0319988
-1.5612829,0.0959963
-1.5610829,0.0639975
-1.5608829,0.0959963
-1.5606829,0.0639975
-1.5604829,0.0639975
-1.5602829,0.0639975
-1.5600829,0.0319988
-1.5598829,0
-1.5596829,0.0319988
-1.5594829,0.0319988
-1.5592829,0.0319988
-1.5590829,0.0319988
-1.5588829,0.0639975
-1.5586829,0.0319988
-1.5584829,0.0639975
-1.5582829,0.0639975
-1.5580829,0.0319988
-1.5578829,0.0319988
-1.5576829,0.0319988
-1.5574829,0.0639975
-1.5572829,0
-1.5570829,0.0639975
-1.5568829,0
-1.5566829,0.0319988
-1.5564829,0.0319988
-1.5562829,0.0319988
-1.5560829,0.0319988
-1.5558829,0.0319988
-1.5556829,0
-1.5554829,-0.0319988
-1.5552829,-0.0319988
-1.5550829,-0.0319988
-1.5548829,0
-1.5546829,0.0319988
-1.5544829,0
-1.5542829,0
-1.5540829,0
-1.5538829,-0.0319988
-1.5536829,0
-1.5534829,0
-1.5532829,0
-1.5530829,0
-1.5528829,0
-1.5526829,0
-1.5524829,-0.0319988
-1.5522829,0
-1.5520829,0
-1.5518829,-0.0319988
-1.5516829,0
-1.5514829,-0.0319988
-1.5512829,-0.0319988
-1.5510829,0
-1.5508829,0
-1.5506829,0
-1.5504829,0
-1.5502829,-0.0319988
-1.5500829,0
-1.5498829,-0.0319988
-1.5496829,-0.0319988
-1.5494829,0
-1.5492829,-0.0319988
-1.5490829,0
-1.5488829,-0.0319988
-1.5486829,-0.0319988
-1.5484829,-0.0639975
-1.5482829,-0.0319988
-1.5480829,0
-1.5478829,-0.0639975
-1.5476829,-0.0639975
-1.5474829,-0.0639975
-1.5472829,-0.0639975
-1.5470829,-0.0319988
-1.5468829,-0.0319988
-1.5466829,-0.0639975
-1.5464829,0
-1.5462829,-0.0639975
-1.5460829,-0.0639975
-1.5458829,-0.0639975
-1.5456829,-0.0319988
-1.5454829,-0.0639975
-1.5452829,-0.0319988
-1.5450829,-0.0319988
-1.5448829,-0.0639975
-1.5446829,0
-1.5444829,-0.0319988
-1.5442829,-0.0959963
-1.5440829,-0.0639975
-1.5438829,-0.0639975
-1.5436829,-0.0639975
-1.5434829,-0.0639975
-1.5432829,-0.0319988
-1.5430829,-0.0959963
-1.5428829,-0.0319988
-1.5426829,-0.0639975
-1.5424829,-0.0639975
-1.5422829,0
-1.5420829,-0.0959963
-1.5418829,-0.0639975
-1.5416829,-0.0639975
-1.5414829,-0.0319988
-1.5412829,-0.0639975
-1.5410829,-0.0319988
-1.5408829,-0.0319988
-1.5406829,-0.0639975
-1.5404829,-0.0959963
-1.5402829,-0.0319988
-1.5400829,-0.127995
-1.5398829,-0.0639975
-1.5396829,0
-1.5394829,-0.0959963
-1.5392829,-0.0319988
-1.5390829,-0.0319988
-1.5388829,-0.0319988
-1.5386829,-0.0639975
-1.5384829,-0.0959963
-1.5382829,-0.0959963
-1.5380829,-0.0319988
-1.5378829,-0.0319988
-1.5376829,-0.0959963
-1.5374829,-0.0639975
-1.5372829,-0.0319988
-1.5370829,-0.0959963
-1.5368829,-0.0639975
-1.5366829,-0.0639975
-1.5364829,-0.0639975
-1.5362829,-0.0959963
-1.5360829,-0.0959963
-1.5358829,-0.0639975
-1.5356829,-0.0639975
-1.5354829,-0.0639975
-1.5352829,-0.0959963
-1.5350829,-0.0959963
-1.5348829,-0.0959963
-1.5346829,-0.0959963
-1.5344829,-0.0959963
-1.5342829,-0.0959963
-1.5340829,-0.0959963
-1.5338829,-0.0639975
-1.5336829,-0.0319988
-1.5334829,-0.0959963
-1.5332829,-0.0639975
-1.5330829,-0.0639975
-1.5328829,-0.0959963
-1.5326829,-0.0639975
-1.5324829,-0.127995
-1.5322829,-0.0959963
-1.5320829,-0.0959963
-1.5318829,-0.0959963
-1.5316829,-0.127995
-1.5314829,-0.0639975
-1.5312829,-0.0959963
-1.5310829,-0.127995
-1.5308829,-0.127995
-1.5306829,-0.0639975
-1.5304829,-0.0959963
-1.5302829,-0.0959963
-1.5300829,-0.0959963
-1.5298829,-0.0959963
-1.5296829,-0.0959963
-1.5294829,-0.0639975
-1.5292829,-0.127995
-1.5290829,-0.0959963
-1.5288829,-0.0959963
-1.5286829,-0.0959963
-1.5284829,-0.0639975
-1.5282829,-0.0959963
-1.5280829,-0.191993
-1.5278829,-0.159994
-1.5276829,-0.0959963
-1.5274829,-0.159994
-1.5272829,-0.0959963
-1.5270829,-0.0959963
-1.5268829,-0.159994
-1.5266829,-0.127995
-1.5264829,-0.127995
-1.5262829,-0.127995
-1.5260829,-0.127995
-1.5258829,-0.159994
-1.5256829,-0.127995
-1.5254829,-0.127995
-1.5252829,-0.127995
-1.5250829,-0.127995
-1.5248829,-0.0959963
-1.5246829,-0.159994
-1.5244829,-0.0959963
-1.5242829,-0.127995
-1.5240829,-0.127995
-1.5238829,-0.127995
-1.5236829,-0.127995
-1.5234829,-0.127995
-1.5232829,-0.159994
-1.5230829,-0.127995
-1.5228829,-0.0959963
-1.5226829,-0.127995
-1.5224829,-0.127995
-1.5222829,-0.0959963
-1.5220829,-0.127995
-1.5218829,-0.0959963
-1.5216829,-0.127995
-1.5214829,-0.127995
-1.5212829,-0.127995
-1.5210829,-0.127995
-1.5208829,-0.159994
-1.5206829,-0.0959963
-1.5204829,-0.127995
-1.5202829,-0.159994
-1.5200829,-0.127995
-1.5198829,-0.127995
-1.5196829,-0.159994
-1.5194829,-0.127995
-1.5192829,-0.127995
-1.5190829,-0.191993
-1.5188829,-0.159994
-1.5186829,-0.159994
-1.5184829,-0.191993
-1.5182829,-0.159994
-1.5180829,-0.127995
-1.5178829,-0.127995
-1.5176829,-0.127995
-1.5174829,-0.127995
-1.5172829,-0.159994
-1.5170829,-0.191993
-1.5168829,-0.127995
-1.5166829,-0.191993
-1.5164829,-0.0959963
-1.5162829,-0.159994
-1.5160829,-0.159994
-1.5158829,-0.159994
-1.5156829,-0.159994
-1.5154829,-0.159994
-1.5152829,-0.191993
-1.5150829,-0.127995
-1.5148829,-0.127995
-1.5146829,-0.159994
-1.5144829,-0.127995
-1.5142829,-0.159994
-1.5140829,-0.159994
-1.5138829,-0.159994
-1.5136829,-0.191993
-1.5134829,-0.127995
-1.5132829,-0.159994
-1.5130829,-0.191993
-1.5128829,-0.127995
-1.5126829,-0.159994
-1.5124829,-0.159994
-1.5122829,-0.127995
-1.5120829,-0.159994
-1.5118829,-0.191993
-1.5116829,-0.159994
-1.5114829,-0.159994
-1.5112829,-0.159994
-1.5110829,-0.159994
-1.5108829,-0.159994
-1.5106829,-0.191993
-1.5104829,-0.191993
-1.5102829,-0.159994
-1.5100829,-0.159994
-1.5098829,-0.159994
-1.5096829,-0.127995
-1.5094829,-0.191993
-1.5092829,-0.223991
-1.5090829,-0.159994
-1.5088829,-0.159994
-1.5086829,-0.191993
-1.5084829,-0.191993
-1.5082829,-0.159994
-1.5080829,-0.223991
-1.5078829,-0.159994
-1.5076829,-0.191993
-1.5074829,-0.191993
-1.5072829,-0.159994
-1.5070829,-0.159994
-1.5068829,-0.159994
-1.5066829,-0.191993
-1.5064829,-0.191993
-1.5062829,-0.191993
-1.5060829,-0.159994
-1.5058829,-0.191993
-1.5056829,-0.223991
-1.5054829,-0.191993
-1.5052829,-0.191993
-1.5050829,-0.191993
-1.5048829,-0.159994
-1.5046829,-0.191993
-1.5044829,-0.223991
-1.5042829,-0.159994
-1.5040829,-0.191993
-1.5038829,-0.159994
-1.5036829,-0.159994
-1.5034829,-0.223991
-1.5032829,-0.159994
-1.5030829,-0.191993
-1.5028829,-0.159994
-1.5026829,-0.191993
-1.5024829,-0.223991
-1.5022829,-0.191993
-1.5020829,-0.223991
-1.5018829,-0.159994
-1.5016829,-0.223991
-1.5014829,-0.223991
-1.5012829,-0.191993
-1.5010829,-0.191993
-1.5008829,-0.191993
-1.5006829,-0.191993
-1.5004829,-0.191993
-1.5002829,-0.191993
-1.5000829,-0.191993
-1.4998829,-0.25599
-1.4996829,-0.191993
-1.4994829,-0.159994
-1.4992829,-0.191993
-1.4990829,-0.191993
-1.4988829,-0.223991
-1.4986829,-0.223991
-1.4984829,-0.191993
-1.4982829,-0.191993
-1.4980829,-0.191993
-1.4978829,-0.223991
-1.4976829,-0.159994
-1.4974829,-0.191993
-1.4972829,-0.159994
-1.4970829,-0.159994
-1.4968829,-0.25599
-1.4966829,-0.191993
-1.4964829,-0.159994
-1.4962829,-0.191993
-1.4960829,-0.191993
-1.4958829,-0.191993
-1.4956829,-0.223991
-1.4954829,-0.191993
-1.4952829,-0.159994
-1.4950829,-0.191993
-1.4948829,-0.191993
-1.4946829,-0.159994
-1.4944829,-0.223991
-1.4942829,-0.191993
-1.4940829,-0.159994
-1.4938829,-0.191993
-1.4936829,-0.159994
-1.4934829,-0.159994
-1.4932829,-0.25599
-1.4930829,-0.159994
-1.4928829,-0.191993
-1.4926829,-0.223991
-1.4924829,-0.159994
-1.4922829,-0.159994
-1.4920829,-0.191993
-1.4918829,-0.191993
-1.4916829,-0.191993
-1.4914829,-0.223991
-1.4912829,-0.191993
-1.4910829,-0.159994
-1.4908829,-0.223991
-1.4906829,-0.223991
-1.4904829,-0.159994
-1.4902829,-0.223991
-1.4900829,-0.159994
-1.4898829,-0.159994
-1.4896829,-0.25599
-1.4894829,-0.191993
-1.4892829,-0.159994
-1.4890829,-0.223991
-1.4888829,-0.223991
-1.4886829,-0.191993
-1.4884829,-0.223991
-1.4882829,-0.223991
-1.4880829,-0.223991
-1.4878829,-0.159994
-1.4876829,-0.159994
-1.4874829,-0.191993
-1.4872829,-0.25599
-1.4870829,-0.191993
-1.4868829,-0.223991
-1.4866829,-0.191993
-1.4864829,-0.191993
-1.4862829,-0.191993
-1.4860829,-0.191993
-1.4858829,-0.223991
-1.4856829,-0.223991
-1.4854829,-0.223991
-1.4852829,-0.191993
-1.4850829,-0.191993
-1.4848829,-0.223991
-1.4846829,-0.191993
-1.4844829,-0.223991
-1.4842829,-0.159994
-1.4840829,-0.223991
-1.4838829,-0.159994
-1.4836829,-0.25599
-1.4834829,-0.191993
-1.4832829,-0.191993
-1.4830829,-0.223991
-1.4828829,-0.223991
-1.4826829,-0.159994
-1.4824829,-0.25599
-1.4822829,-0.191993
-1.4820829,-0.191993
-1.4818829,-0.223991
-1.4816829,-0.191993
-1.4814829,-0.159994
-1.4812829,-0.25599
-1.4810829,-0.223991
-1.4808829,-0.223991
-1.4806829,-0.223991
-1.4804829,-0.223991
-1.4802829,-0.191993
-1.4800829,-0.191993
-1.4798829,-0.191993
-1.4796829,-0.191993
-1.4794829,-0.223991
-1.4792829,-0.191993
-1.4790829,-0.191993
-1.4788829,-0.223991
-1.4786829,-0.223991
-1.4784829,-0.191993
-1.4782829,-0.223991
-1.4780829,-0.159994
-1.4778829,-0.191993
-1.4776829,-0.223991
-1.4774829,-0.191993
-1.4772829,-0.191993
-1.4770829,-0.223991
-1.4768829,-0.191993
-1.4766829,-0.191993
-1.4764829,-0.223991
-1.4762829,-0.191993
-1.4760829,-0.159994
-1.4758829,-0.159994
-1.4756829,-0.159994
-1.4754829,-0.223991
-1.4752829,-0.159994
-1.4750829,-0.127995
-1.4748829,-0.159994
-1.4746829,-0.223991
-1.4744829,-0.191993
-1.4742829,-0.191993
-1.4740829,-0.191993
-1.4738829,-0.159994
-1.4736829,-0.159994
-1.4734829,-0.191993
-1.4732829,-0.127995
-1.4730829,-0.191993
-1.4728829,-0.159994
-1.4726829,-0.191993
-1.4724829,-0.159994
-1.4722829,-0.223991
-1.4720829,-0.223991
-1.4718829,-0.159994
-1.4716829,-0.223991
-1.4714829,-0.191993
-1.4712829,-0.191993
-1.4710829,-0.223991
-1.4708829,-0.159994
-1.4706829,-0.159994
-1.4704829,-0.191993
-1.4702829,-0.159994
-1.4700829,-0.127995
-1.4698829,-0.191993
-1.4696829,-0.191993
-1.4694829,-0.159994
-1.4692829,-0.191993
-1.4690829,-0.191993
-1.4688829,-0.159994
-1.4686829,-0.191993
-1.4684829,-0.223991
-1.4682829,-0.191993
-1.4680829,-0.191993
-1.4678829,-0.191993
-1.4676829,-0.191993
-1.4674829,-0.159994
-1.4672829,-0.159994
-1.4670829,-0.127995
-1.4668829,-0.159994
-1.4666829,-0.223991
-1.4664829,-0.127995
-1.4662829,-0.223991
-1.4660829,-0.191993
-1.4658829,-0.159994
-1.4656829,-0.191993
-1.4654829,-0.191993
-1.4652829,-0.159994
-1.4650829,-0.159994
-1.4648829,-0.191993
-1.4646829,-0.0959963
-1.4644829,-0.159994
-1.4642829,-0.159994
-1.4640829,-0.127995
-1.4638829,-0.127995
-1.4636829,-0.159994
-1.4634829,-0.159994
-1.4632829,-0.127995
-1.4630829,-0.127995
-1.4628829,-0.127995
-1.4626829,-0.159994
-1.4624829,-0.127995
-1.4622829,-0.159994
-1.4620829,-0.127995
-1.4618829,-0.127995
-1.4616829,-0.127995
-1.4614829,-0.127995
-1.4612829,-0.127995
-1.4610829,-0.127995
-1.4608829,-0.127995
-1.4606829,-0.127995
-1.4604829,-0.0959963
-1.4602829,-0.0959963
-1.4600829,-0.0959963
-1.4598829,-0.0639975
-1.4596829,-0.159994
-1.4594829,-0.0639975
-1.4592829,-0.0639975
-1.4590829,-0.127995
-1.4588829,-0.127995
-1.4586829,-0.0639975
-1.4584829,-0.0959963
-1.4582829,-0.127995
-1.4580829,-0.0639975
-1.4578829,-0.0959963
-1.4576829,-0.0959963
-1.4574829,-0.0639975
-1.4572829,-0.0959963
-1.4570829,-0.0959963
-1.4568829,-0.0959963
-1.4566829,-0.0639975
-1.4564829,-0.0319988
-1.4562829,-0.0639975
-1.4560829,-0.127995
-1.4558829,-0.0319988
-1.4556829,-0.0319988
-1.4554829,-0.0639975
-1.4552829,-0.0639975
-1.4550829,-0.0319988
-1.4548829,-0.0639975
-1.4546829,-0.0639975
-1.4544829,-0.0319988
-1.4542829,-0.0959963
-1.4540829,-0.0639975
-1.4538829,-0.0319988
-1.4536829,-0.0319988
-1.4534829,-0.0639975
-1.4532829,-0.0319988
-1.4530829,-0.0959963
-1.4528829,0
-1.4526829,-0.0319988
-1.4524829,-0.0319988
-1.4522829,-0.0319988
-1.4520829,-0.0319988
-1.4518829,-0.0639975
-1.4516829,-0.0639975
-1.4514829,-0.0319988
-1.4512829,-0.0639975
-1.4510829,-0.0319988
-1.4508829,0
-1.4506829,-0.0319988
-1.4504829,0
-1.4502829,0
-1.4500829,0
-1.4498829,0.0319988
-1.4496829,0
-1.4494829,-0.0319988
-1.4492829,0.0319988
-1.4490829,0.0319988
-1.4488829,-0.0319988
-1.4486829,-0.0319988
-1.4484829,0.0639975
-1.4482829,0
-1.4480829,0
-1.4478829,0.0319988
-1.4476829,0
-1.4474829,0.0319988
-1.4472829,0
-1.4470829,0
-1.4468829,-0.0319988
-1.4466829,0
-1.4464829,0
-1.4462829,0.0319988
-1.4460829,0
-1.4458829,0.0319988
-1.4456829,0.0319988
-1.4454829,0.0319988
-1.4452829,0
-1.4450829,0.0319988
-1.4448829,0
-1.4446829,0
-1.4444829,0
-1.4442829,0
-1.4440829,0
-1.4438829,0
-1.4436829,0.0639975
-1.4434829,0
-1.4432829,0.0639975
-1.4430829,0
-1.4428829,0
-1.4426829,0.0319988
-1.4424829,0.0639975
-1.4422829,0
-1.4420829,0.0319988
-1.4418829,0
-1.4416829,-0.0319988
-1.4414829,0.0319988
-1.4412829,0.0639975
-1.4410829,0
-1.4408829,0.0319988
-1.4406829,0.0639975
-1.4404829,0
-1.4402829,0.0319988
-1.4400829,0.0319988
-1.4398829,0.0319988
-1.4396829,0.0319988
-1.4394829,0
-1.4392829,0.0639975
-1.4390829,0.0319988
-1.4388829,0.0639975
-1.4386829,0.0319988
-1.4384829,0.0639975
-1.4382829,0.0639975
-1.4380829,0.0319988
-1.4378829,0.0319988
-1.4376829,0.0639975
-1.4374829,0.0319988
-1.4372829,0.0639975
-1.4370829,0.0319988
-1.4368829,0.0639975
-1.4366829,0.0639975
-1.4364829,0.0639975
-1.4362829,0.0959963
-1.4360829,0.0319988
-1.4358829,0.0639975
-1.4356829,0.0959963
-1.4354829,0.0639975
-1.4352829,0.0639975
-1.4350829,0.0639975
-1.4348829,0.0639975
-1.4346829,0.0959963
-1.4344829,0.0639975
-1.4342829,0.0639975
-1.4340829,0.0639975
-1.4338829,0.0319988
-1.4336829,0.0319988
-1.4334829,0.0319988
-1.4332829,0.0639975
-1.4330829,0.0639975
-1.4328829,0.0639975
-1.4326829,0.0639975
-1.4324829,0.0319988
-1.4322829,0.0639975
-1.4320829,0.0319988
-1.4318829,0.0639975
-1.4316829,0.0959963
-1.4314829,0.0639975
-1.4312829,0.127995
-1.4310829,0.0639975
-1.4308829,0.0639975
-1.4306829,0.0959963
-1.4304829,0.0639975
-1.4302829,0.0639975
-1.4300829,0.0639975
-1.4298829,0.0639975
-1.4296829,0.0639975
-1.4294829,0.0639975
-1.4292829,0.0639975
-1.4290829,0.0959963
-1.4288829,0.127995
-1.4286829,0.0639975
-1.4284829,0.0639975
-1.4282829,0.127995
-1.4280829,0.0959963
-1.4278829,0.0639975
-1.4276829,0.0639975
-1.4274829,0.0639975
-1.4272829,0
-1.4270829,0.0639975
-1.4268829,0.0639975
-1.4266829,0.0959963
-1.4264829,0.0959963
-1.4262829,0.0959963
-1.4260829,0.0959963
-1.4258829,0.0639975
-1.4256829,0.0959963
-1.4254829,0.127995
-1.4252829,0.0959963
-1.4250829,0.0959963
-1.4248829,0.0319988
-1.4246829,0.159994
-1.4244829,0.127995
-1.4242829,0.127995
-1.4240829,0.0959963
-1.4238829,0.0959963
-1.4236829,0.0639975
-1.4234829,0.0959963
-1.4232829,0.0959963
-1.4230829,0.127995
-1.4228829,0.0959963
-1.4226829,0.0639975
-1.4224829,0.0639975
-1.4222829,0.127995
-1.4220829,0.0639975
-1.4218829,0.127995
-1.4216829,0.127995
-1.4214829,0.0959963
-1.4212829,0.0959963
-1.4210829,0.127995
-1.4208829,0.0959963
-1.4206829,0.0639975
-1.4204829,0.127995
-1.4202829,0.0959963
-1.4200829,0.0639975
-1.4198829,0.0639975
-1.4196829,0.0639975
-1.4194829,0.0639975
-1.4192829,0.0959963
-1.4190829,0.0639975
-1.4188829,0.0639975
-1.4186829,0.0959963
-1.4184829,0.0639975
-1.4182829,0.0639975
-1.4180829,0.0639975
-1.4178829,0.0639975
-1.4176829,0.0639975
-1.4174829,0.0639975
-1.4172829,0.0319988
-1.4170829,0.0639975
-1.4168829,0.0639975
-1.4166829,0.0639975
-1.4164829,0.0959963
-1.4162829,0.0639975
-1.4160829,0.0319988
-1.4158829,0.0959963
-1.4156829,0.127995
-1.4154829,0.0639975
-1.4152829,0.0959963
-1.4150829,0.0639975
-1.4148829,0.0959963
-1.4146829,0.0959963
-1.4144829,0.0639975
-1.4142829,0.0959963
-1.4140829,0.0959963
-1.4138829,0.0959963
-1.4136829,0.0959963
-1.4134829,0.0959963
-1.4132829,0.0959963
-1.4130829,0.0959963
-1.4128829,0.127995
-1.4126829,0.0959963
-1.4124829,0.0959963
-1.4122829,0.0959963
-1.4120829,0.0959963
-1.4118829,0.0959963
-1.4116829,0.0959963
-1.4114829,0.0959963
-1.4112829,0.0959963
-1.4110829,0.0959963
-1.4108829,0.0959963
-1.4106829,0.0959963
-1.4104829,0.127995
-1.4102829,0.0959963
-1.4100829,0.127995
-1.4098829,0.0319988
-1.4096829,0.127995
-1.4094829,0.0959963
-1.4092829,0.0959963
-1.4090829,0.127995
-1.4088829,0.0959963
-1.4086829,0.127995
-1.4084829,0.127995
-1.4082829,0.0959963
-1.4080829,0.0959963
-1.4078829,0.0959963
-1.4076829,0.127995
-1.4074829,0.127995
-1.4072829,0.127995
-1.4070829,0.0959963
-1.4068829,0.127995
-1.4066829,0.127995
-1.4064829,0.127995
-1.4062829,0.127995
-1.4060829,0.159994
-1.4058829,0.127995
-1.4056829,0.0639975
-1.4054829,0.0959963
-1.4052829,0.159994
-1.4050829,0.0959963
-1.4048829,0.127995
-1.4046829,0.0959963
-1.4044829,0.159994
-1.4042829,0.127995
-1.4040829,0.127995
-1.4038829,0.159994
-1.4036829,0.159994
-1.4034829,0.127995
-1.4032829,0.0959963
-1.4030829,0.159994
-1.4028829,0.127995
-1.4026829,0.159994
-1.4024829,0.127995
-1.4022829,0.127995
-1.4020829,0.0959963
-1.4018829,0.159994
-1.4016829,0.127995
-1.4014829,0.127995
-1.4012829,0.191993
-1.4010829,0.127995
-1.4008829,0.159994
-1.4006829,0.127995
-1.4004829,0.159994
-1.4002829,0.127995
-1.4000829,0.159994
-1.3998829,0.127995
-1.3996829,0.127995
-1.3994829,0.127995
-1.3992829,0.127995
-1.3990829,0.159994
-1.3988829,0.159994
-1.3986829,0.0959963
-1.3984829,0.159994
-1.3982829,0.127995
-1.3980829,0.191993
-1.3978829,0.159994
-1.3976829,0.191993
-1.3974829,0.159994
-1.3972829,0.0959963
-1.3970829,0.159994
-1.3968829,0.159994
-1.3966829,0.159994
-1.3964829,0.191993
-1.3962829,0.223991
-1.3960829,0.191993
-1.3958829,0.191993
-1.3956829,0.191993
-1.3954829,0.191993
-1.3952829,0.223991
-1.3950829,0.159994
-1.3948829,0.191993
-1.3946829,0.191993
-1.3944829,0.159994
-1.3942829,0.25599
-1.3940829,0.223991
-1.3938829,0.159994
-1.3936829,0.191993
-1.3934829,0.191993
-1.3932829,0.159994
-1.3930829,0.191993
-1.3928829,0.191993
-1.3926829,0.223991
-1.3924829,0.191993
-1.3922829,0.191993
-1.3920829,0.223991
-1.3918829,0.191993
-1.3916829,0.223991
-1.3914829,0.191993
-1.3912829,0.191993
-1.3910829,0.191993
-1.3908829,0.191993
-1.3906829,0.191993
-1.3904829,0.223991
-1.3902829,0.159994
-1.3900829,0.223991
-1.3898829,0.223991
-1.3896829,0.191993
-1.3894829,0.223991
-1.3892829,0.191993
-1.3890829,0.191993
-1.3888829,0.191993
-1.3886829,0.191993
-1.3884829,0.159994
-1.3882829,0.191993
-1.3880829,0.191993
-1.3878829,0.191993
-1.3876829,0.223991
-1.3874829,0.223991
-1.3872829,0.191993
-1.3870829,0.191993
-1.3868829,0.191993
-1.3866829,0.25599
-1.3864829,0.223991
-1.3862829,0.223991
-1.3860829,0.159994
-1.3858829,0.223991
-1.3856829,0.223991
-1.3854829,0.191993
-1.3852829,0.223991
-1.3850829,0.223991
-1.3848829,0.191993
-1.3846829,0.223991
-1.3844829,0.191993
-1.3842829,0.191993
-1.3840829,0.223991
-1.3838829,0.223991
-1.3836829,0.191993
-1.3834829,0.191993
-1.3832829,0.223991
-1.3830829,0.159994
-1.3828829,0.223991
-1.3826829,0.223991
-1.3824829,0.191993
-1.3822829,0.159994
-1.3820829,0.191993
-1.3818829,0.223991
-1.3816829,0.191993
-1.3814829,0.159994
-1.3812829,0.191993
-1.3810829,0.191993
-1.3808829,0.223991
-1.3806829,0.191993
-1.3804829,0.191993
-1.3802829,0.191993
-1.3800829,0.159994
-1.3798829,0.223991
-1.3796829,0.191993
-1.3794829,0.159994
-1.3792829,0.159994
-1.3790829,0.191993
-1.3788829,0.191993
-1.3786829,0.191993
-1.3784829,0.191993
-1.3782829,0.191993
-1.3780829,0.223991
-1.3778829,0.223991
-1.3776829,0.191993
-1.3774829,0.191993
-1.3772829,0.191993
-1.3770829,0.191993
-1.3768829,0.191993
-1.3766829,0.191993
-1.3764829,0.191993
-1.3762829,0.191993
-1.3760829,0.191993
-1.3758829,0.191993
-1.3756829,0.191993
-1.3754829,0.191993
-1.3752829,0.159994
-1.3750829,0.159994
-1.3748829,0.191993
-1.3746829,0.191993
-1.3744829,0.159994
-1.3742829,0.159994
-1.3740829,0.159994
-1.3738829,0.127995
-1.3736829,0.223991
-1.3734829,0.159994
-1.3732829,0.159994
-1.3730829,0.191993
-1.3728829,0.191993
-1.3726829,0.159994
-1.3724829,0.127995
-1.3722829,0.127995
-1.3720829,0.127995
-1.3718829,0.127995
-1.3716829,0.159994
-1.3714829,0.0959963
-1.3712829,0.127995
-1.3710829,0.127995
-1.3708829,0.159994
-1.3706829,0.159994
-1.3704829,0.159994
-1.3702829,0.159994
-1.3700829,0.127995
-1.3698829,0.127995
-1.3696829,0.127995
-1.3694829,0.127995
-1.3692829,0.127995
-1.3690829,0.0959963
-1.3688829,0.159994
-1.3686829,0.127995
-1.3684829,0.159994
-1.3682829,0.127995
-1.3680829,0.159994
-1.3678829,0.0959963
-1.3676829,0.0639975
-1.3674829,0.0959963
-1.3672829,0.127995
-1.3670829,0.0959963
-1.3668829,0.0959963
-1.3666829,0.159994
-1.3664829,0.127995
-1.3662829,0.127995
-1.3660829,0.159994
-1.3658829,0.0639975
-1.3656829,0.159994
-1.3654829,0.159994
-1.3652829,0.127995
-1.3650829,0.0959963
-1.3648829,0.127995
-1.3646829,0.127995
-1.3644829,0.127995
-1.3642829,0.127995
-1.3640829,0.159994
-1.3638829,0.0959963
-1.3636829,0.127995
-1.3634829,0.127995
-1.3632829,0.0959963
-1.3630829,0.0319988
-1.3628829,0.127995
-1.3626829,0.127995
-1.3624829,0.127995
-1.3622829,0.127995
-1.3620829,0.127995
-1.3618829,0.127995
-1.3616829,0.159994
-1.3614829,0.127995
-1.3612829,0.127995
-1.3610829,0.127995
-1.3608829,0.127995
-1.3606829,0.127995
-1.3604829,0.159994
-1.3602829,0.127995
-1.3600829,0.127995
-1.3598829,0.127995
-1.3596829,0.127995
-1.3594829,0.159994
-1.3592829,0.159994
-1.3590829,0.127995
-1.3588829,0.191993
-1.3586829,0.127995
-1.3584829,0.127995
-1.3582829,0.127995
-1.3580829,0.127995
-1.3578829,0.159994
-1.3576829,0.127995
-1.3574829,0.191993
-1.3572829,0.127995
-1.3570829,0.0639975
-1.3568829,0.0959963
-1.3566829,0.127995
-1.3564829,0.127995
-1.3562829,0.127995
-1.3560829,0.127995
-1.3558829,0.127995
-1.3556829,0.127995
-1.3554829,0.127995
-1.3552829,0.0959963
-1.3550829,0.159994
-1.3548829,0.0959963
-1.3546829,0.127995
-1.3544829,0.159994
-1.3542829,0.159994
-1.3540829,0.159994
-1.3538829,0.159994
-1.3536829,0.127995
-1.3534829,0.159994
-1.3532829,0.159994
-1.3530829,0.159994
-1.3528829,0.159994
-1.3526829,0.191993
-1.3524829,0.159994
-1.3522829,0.191993
-1.3520829,0.159994
-1.3518829,0.159994
-1.3516829,0.127995
-1.3514829,0.159994
-1.3512829,0.159994
-1.3510829,0.191993
-1.3508829,0.223991
-1.3506829,0.159994
-1.3504829,0.127995
-1.3502829,0.191993
-1.3500829,0.191993
-1.3498829,0.159994
-1.3496829,0.191993
-1.3494829,0.127995
-1.3492829,0.159994
-1.3490829,0.159994
-1.3488829,0.191993
-1.3486829,0.191993
-1.3484829,0.191993
-1.3482829,0.159994
-1.3480829,0.159994
-1.3478829,0.223991
-1.3476829,0.159994
-1.3474829,0.127995
-1.3472829,0.159994
-1.3470829,0.159994
-1.3468829,0.159994
-1.3466829,0.159994
-1.3464829,0.159994
-1.3462829,0.191993
-1.3460829,0.159994
-1.3458829,0.159994
-1.3456829,0.127995
-1.3454829,0.159994
-1.3452829,0.127995
-1.3450829,0.159994
-1.3448829,0.191993
-1.3446829,0.159994
-1.3444829,0.159994
-1.3442829,0.127995
-1.3440829,0.127995
-1.3438829,0.127995
-1.3436829,0.191993
-1.3434829,0.191993
-1.3432829,0.159994
-1.3430829,0.159994
-1.3428829,0.159994
-1.3426829,0.0959963
-1.3424829,0.191993
-1.3422829,0.159994
-1.3420829,0.159994
-1.3418829,0.127995
-1.3416829,0.159994
-1.3414829,0.191993
-1.3412829,0.159994
-1.3410829,0.159994
-1.3408829,0.127995
-1.3406829,0.159994
-1.3404829,0.127995
-1.3402829,0.127995
-1.3400829,0.159994
-1.3398829,0.159994
-1.3396829,0.159994
-1.3394829,0.127995
-1.3392829,0.191993
-1.3390829,0.191993
-1.3388829,0.159994
-1.3386829,0.127995
-1.3384829,0.191993
-1.3382829,0.159994
-1.3380829,0.127995
-1.3378829,0.159994
-1.3376829,0.127995
-1.3374829,0.159994
-1.3372829,0.159994
-1.3370829,0.159994
-1.3368829,0.127995
-1.3366829,0.127995
-1.3364829,0.191993
-1.3362829,0.127995
-1.3360829,0.127995
-1.3358829,0.127995
-1.3356829,0.127995
-1.3354829,0.127995
-1.3352829,0.159994
-1.3350829,0.159994
-1.3348829,0.159994
-1.3346829,0.159994
-1.3344829,0.127995
-1.3342829,0.159994
-1.3340829,0.127995
-1.3338829,0.0959963
-1.3336829,0.159994
-1.3334829,0.159994
-1.3332829,0.127995
-1.3330829,0.127995
-1.3328829,0.127995
-1.3326829,0.0959963
-1.3324829,0.127995
-1.3322829,0.127995
-1.3320829,0.127995
-1.3318829,0.127995
-1.3316829,0.127995
-1.3314829,0.0959963
-1.3312829,0.159994
-1.3310829,0.159994
-1.3308829,0.0959963
-1.3306829,0.127995
-1.3304829,0.159994
-1.3302829,0.0959963
-1.3300829,0.0959963
-1.3298829,0.159994
-1.3296829,0.127995
-1.3294829,0.0959963
-1.3292829,0.159994
-1.3290829,0.127995
-1.3288829,0.127995
-1.3286829,0.191993
-1.3284829,0.127995
-1.3282829,0.127995
-1.3280829,0.0959963
-1.3278829,0.127995
-1.3276829,0.159994
-1.3274829,0.159994
-1.3272829,0.127995
-1.3270829,0.159994
-1.3268829,0.191993
-1.3266829,0.127995
-1.3264829,0.127995
-1.3262829,0.127995
-1.3260829,0.159994
-1.3258829,0.127995
-1.3256829,0.127995
-1.3254829,0.159994
-1.3252829,0.0959963
-1.3250829,0.127995
-1.3248829,0.0959963
-1.3246829,0.127995
-1.3244829,0.127995
-1.3242829,0.0959963
-1.3240829,0.159994
-1.3238829,0.127995
-1.3236829,0.159994
-1.3234829,0.127995
-1.3232829,0.127995
-1.3230829,0.0959963
-1.3228829,0.127995
-1.3226829,0.159994
-1.3224829,0.0959963
-1.3222829,0.159994
-1.3220829,0.127995
-1.3218829,0.127995
-1.3216829,0.127995
-1.3214829,0.127995
-1.3212829,0.127995
-1.3210829,0.127995
-1.3208829,0.127995
-1.3206829,0.127995
-1.3204829,0.0959963
-1.3202829,0.127995
-1.3200829,0.159994
-1.3198829,0.127995
-1.3196829,0.127995
-1.3194829,0.0959963
-1.3192829,0.127995
-1.3190829,0.127995
-1.3188829,0.127995
-1.3186829,0.127995
-1.3184829,0.127995
-1.3182829,0.127995
-1.3180829,0.127995
-1.3178829,0.127995
-1.3176829,0.0959963
-1.3174829,0.0639975
-1.3172829,0.0959963
-1.3170829,0.0959963
-1.3168829,0.0639975
-1.3166829,0.127995
-1.3164829,0.0959963
-1.3162829,0.127995
-1.3160829,0.127995
-1.3158829,0.127995
-1.3156829,0.0959963
-1.3154829,0.127995
-1.3152829,0.0959963
-1.3150829,0.0959963
-1.3148829,0.0959963
-1.3146829,0.0959963
-1.3144829,0.0959963
-1.3142829,0.0959963
-1.3140829,0.127995
-1.3138829,0.0959963
-1.3136829,0.0959963
-1.3134829,0.127995
-1.3132829,0.0959963
-1.3130829,0.0959963
-1.3128829,0.0959963
-1.3126829,0.0959963
-1.3124829,0.0959963
-1.3122829,0.0639975
-1.3120829,0.0959963
-1.3118829,0.127995
-1.3116829,0.0959963
-1.3114829,0.127995
-1.3112829,0.0959963
-1.3110829,0.0959963
-1.3108829,0.0959963
-1.3106829,0.0959963
-1.3104829,0.0959963
-1.3102829,0.0639975
-1.3100829,0.0959963
-1.3098829,0.0959963
-1.3096829,0.0319988
-1.3094829,0.0959963
-1.3092829,0.0639975
-1.3090829,0.0639975
-1.3088829,0.127995
-1.3086829,0.0959963
-1.3084829,0.0319988
-1.3082829,0.0639975
-1.3080829,0.0959963
-1.3078829,0.0639975
-1.3076829,0.0639975
-1.3074829,0.0639975
-1.3072829,0.0639975
-1.3070829,0.0639975
-1.3068829,0.0639975
-1.3066829,0.127995
-1.3064829,0.0639975
-1.3062829,0.0639975
-1.3060829,0.0319988
-1.3058829,0.0319988
-1.3056829,0.0319988
-1.3054829,0.0319988
-1.3052829,0.0639975
-1.3050829,0.0639975
-1.3048829,0
-1.3046829,0
-1.3044829,0.0319988
-1.3042829,0.0319988
-1.3040829,0.0319988
-1.3038829,0.0639975
-1.3036829,0.0639975
-1.3034829,0
-1.3032829,0.0639975
-1.3030829,0
-1.3028829,0.0639975
-1.3026829,0
-1.3024829,0
-1.3022829,0.0319988
-1.3020829,0
-1.3018829,-0.0319988
-1.3016829,0.0319988
-1.3014829,0
-1.3012829,0
-1.3010829,0
-1.3008829,0.0319988
-1.3006829,0.0639975
-1.3004829,0.0319988
-1.3002829,0
-1.3000829,0.0319988
-1.2998829,-0.0319988
-1.2996829,0.0319988
-1.2994829,0
-1.2992829,0.0319988
-1.2990829,0
-1.2988829,0
-1.2986829,0
-1.2984829,0.0319988
-1.2982829,-0.0639975
-1.2980829,-0.0319988
-1.2978829,0
-1.2976829,-0.0639975
-1.2974829,0
-1.2972829,-0.0319988
-1.2970829,-0.0639975
-1.2968829,-0.0319988
-1.2966829,-0.0319988
-1.2964829,-0.0319988
-1.2962829,-0.0319988
-1.2960829,-0.0639975
-1.2958829,-0.0319988
-1.2956829,-0.0639975
-1.2954829,-0.0319988
-1.2952829,-0.0319988
-1.2950829,0
-1.2948829,0
-1.2946829,-0.0639975
-1.2944829,0
-1.2942829,-0.0319988
-1.2940829,-0.0639975
-1.2938829,0
-1.2936829,-0.0319988
-1.2934829,-0.0639975
-1.2932829,-0.0959963
-1.2930829,-0.0319988
-1.2928829,-0.0959963
-1.2926829,-0.0639975
-1.2924829,-0.0319988
-1.2922829,-0.0959963
-1.2920829,-0.0319988
-1.2918829,-0.0319988
-1.2916829,-0.0639975
-1.2914829,-0.0319988
-1.2912829,-0.0319988
-1.2910829,-0.0639975
-1.2908829,-0.0959963
-1.2906829,-0.0639975
-1.2904829,-0.0319988
-1.2902829,-0.0639975
-1.2900829,-0.0639975
-1.2898829,-0.0959963
-1.2896829,-0.0639975
-1.2894829,-0.0319988
-1.2892829,-0.127995
-1.2890829,-0.0639975
-1.2888829,-0.0639975
-1.2886829,-0.0639975
-1.2884829,-0.0319988
-1.2882829,-0.0639975
-1.2880829,-0.127995
-1.2878829,-0.0639975
-1.2876829,-0.0319988
-1.2874829,-0.127995
-1.2872829,-0.0959963
-1.2870829,-0.0639975
-1.2868829,-0.0639975
-1.2866829,-0.0639975
-1.2864829,-0.0639975
-1.2862829,-0.0639975
-1.2860829,-0.0639975
-1.2858829,-0.0959963
-1.2856829,-0.127995
-1.2854829,-0.0639975
-1.2852829,-0.0639975
-1.2850829,-0.0639975
-1.2848829,-0.0319988
-1.2846829,-0.0639975
-1.2844829,-0.0959963
-1.2842829,-0.0639975
-1.2840829,-0.0319988
-1.2838829,-0.0959963
-1.2836829,-0.0639975
-1.2834829,-0.0959963
-1.2832829,-0.0959963
-1.2830829,-0.0959963
-1.2828829,-0.0639975
-1.2826829,-0.0639975
-1.2824829,-0.127995
-1.2822829,-0.0959963
-1.2820829,-0.0639975
-1.2818829,-0.0639975
-1.2816829,-0.0639975
-1.2814829,-0.127995
-1.2812829,-0.0959963
-1.2810829,-0.0639975
-1.2808829,-0.0639975
-1.2806829,-0.0959963
-1.2804829,-0.0639975
-1.2802829,-0.0959963
-1.2800829,-0.0639975
-1.2798829,-0.0639975
-1.2796829,-0.0639975
-1.2794829,-0.0959963
-1.2792829,-0.0959963
-1.2790829,-0.0639975
-1.2788829,-0.0639975
-1.2786829,-0.127995
-1.2784829,-0.0959963
-1.2782829,-0.0639975
-1.2780829,-0.0639975
-1.2778829,-0.0639975
-1.2776829,-0.0959963
-1.2774829,-0.0319988
-1.2772829,-0.0959963
-1.2770829,-0.0959963
-1.2768829,-0.0319988
-1.2766829,-0.0639975
-1.2764829,-0.0319988
-1.2762829,-0.0959963
-1.2760829,-0.0959963
-1.2758829,0
-1.2756829,-0.0639975
-1.2754829,-0.0639975
-1.2752829,-0.0959963
-1.2750829,-0.0319988
-1.2748829,-0.0319988
-1.2746829,-0.0319988
-1.2744829,-0.0639975
-1.2742829,-0.0959963
-1.2740829,-0.0639975
-1.2738829,-0.0639975
-1.2736829,-0.0639975
-1.2734829,-0.0319988
-1.2732829,-0.0639975
-1.2730829,-0.0639975
-1.2728829,-0.0639975
-1.2726829,-0.0639975
-1.2724829,-0.0959963
-1.2722829,-0.0319988
-1.2720829,-0.0319988
-1.2718829,-0.0959963
-1.2716829,-0.0319988
-1.2714829,-0.0639975
-1.2712829,-0.0639975
-1.2710829,0
-1.2708829,-0.0319988
-1.2706829,0
-1.2704829,-0.0639975
-1.2702829,-0.0959963
-1.2700829,-0.0959963
-1.2698829,-0.0319988
-1.2696829,-0.0639975
-1.2694829,-0.0319988
-1.2692829,-0.0319988
-1.2690829,-0.0319988
-1.2688829,-0.0639975
-1.2686829,-0.0319988
-1.2684829,0
-1.2682829,-0.0959963
-1.2680829,-0.0319988
-1.2678829,-0.0319988
-1.2676829,-0.0639975
-1.2674829,-0.0319988
-1.2672829,-0.0319988
-1.2670829,-0.0959963
-1.2668829,0
-1.2666829,-0.0319988
-1.2664829,-0.0639975
-1.2662829,-0.0319988
-1.2660829,-0.0319988
-1.2658829,-0.0639975
-1.2656829,-0.0639975
-1.2654829,-0.0319988
-1.2652829,-0.0639975
-1.2650829,-0.0319988
-1.2648829,-0.0319988
-1.2646829,-0.0319988
-1.2644829,0
-1.2642829,0
-1.2640829,0
-1.2638829,-0.0319988
-1.2636829,-0.0319988
-1.2634829,-0.0639975
-1.2632829,0
-1.2630829,-0.0319988
-1.2628829,-0.0319988
-1.2626829,-0.0639975
-1.2624829,-0.0319988
-1.2622829,-0.0319988
-1.2620829,-0.0319988
-1.2618829,-0.0639975
-1.2616829,-0.0639975
-1.2614829,-0.0639975
-1.2612829,-0.0639975
-1.2610829,-0.0639975
-1.2608829,-0.0959963
-1.2606829,-0.0319988
-1.2604829,-0.0319988
-1.2602829,-0.0319988
-1.2600829,-0.0639975
-1.2598829,-0.0639975
-1.2596829,-0.0319988
-1.2594829,-0.0639975
-1.2592829,-0.0639975
-1.2590829,-0.0959963
-1.2588829,-0.0639975
-1.2586829,-0.0639975
-1.2584829,-0.0319988
-1.2582829,-0.0319988
-1.2580829,-0.0959963
-1.2578829,-0.0639975
-1.2576829,-0.0639975
-1.2574829,-0.0639975
-1.2572829,-0.0639975
-1.2570829,-0.0639975
-1.2568829,-0.0959963
-1.2566829,-0.0319988
-1.2564829,-0.0959963
-1.2562829,-0.0639975
-1.2560829,-0.0639975
-1.2558829,-0.0639975
-1.2556829,-0.0959963
-1.2554829,-0.0959963
-1.2552829,-0.0639975
-1.2550829,-0.0319988
-1.2548829,-0.0639975
-1.2546829,-0.0639975
-1.2544829,-0.0639975
-1.2542829,-0.0639975
-1.2540829,-0.0639975
-1.2538829,-0.0639975
-1.2536829,-0.0639975
-1.2534829,-0.0319988
-1.2532829,-0.0639975
-1.2530829,-0.0319988
-1.2528829,-0.0639975
-1.2526829,-0.0639975
-1.2524829,-0.0639975
-1.2522829,-0.0639975
-1.2520829,-0.0959963
-1.2518829,-0.0639975
-1.2516829,-0.0319988
-1.2514829,-0.0959963
-1.2512829,-0.0639975
-1.2510829,-0.0319988
-1.2508829,-0.0639975
-1.2506829,-0.0639975
-1.2504829,-0.0639975
-1.2502829,-0.0639975
-1.2500829,-0.0319988
-1.2498829,-0.0319988
-1.2496829,-0.0959963
-1.2494829,-0.0639975
-1.2492829,-0.0319988
-1.2490829,-0.0959963
-1.2488829,-0.0639975
-1.2486829,-0.0639975
-1.2484829,-0.0639975
-1.2482829,-0.0639975
-1.2480829,-0.0639975
-1.2478829,-0.0639975
-1.2476829,-0.0319988
-1.2474829,-0.0319988
-1.2472829,-0.0319988
-1.2470829,-0.0639975
-1.2468829,-0.0639975
-1.2466829,-0.0639975
-1.2464829,-0.0639975
-1.2462829,-0.0959963
-1.2460829,-0.0959963
-1.2458829,-0.0639975
-1.2456829,-0.0639975
-1.2454829,-0.0959963
-1.2452829,-0.0639975
-1.2450829,-0.0959963
-1.2448829,-0.0639975
-1.2446829,-0.0639975
-1.2444829,-0.0319988
-1.2442829,-0.0959963
-1.2440829,-0.0639975
-1.2438829,-0.0639975
-1.2436829,-0.0959963
-1.2434829,-0.0639975
-1.2432829,-0.0639975
-1.2430829,-0.0959963
-1.2428829,-0.0639975
-1.2426829,-0.0959963
-1.2424829,-0.0959963
-1.2422829,-0.0639975
-1.2420829,-0.0959963
-1.2418829,-0.0959963
-1.2416829,-0.0639975
-1.2414829,-0.0639975
-1.2412829,-0.0959963
-1.2410829,-0.0959963
-1.2408829,-0.0639975
-1.2406829,-0.0959963
-1.2404829,-0.127995
-1.2402829,-0.0639975
-1.2400829,-0.0959963
-1.2398829,-0.0639975
-1.2396829,-0.0639975
-1.2394829,-0.0639975
-1.2392829,-0.0639975
-1.2390829,-0.0319988
-1.2388829,-0.0639975
-1.2386829,-0.0959963
-1.2384829,-0.0639975
-1.2382829,-0.0959963
-1.2380829,-0.0319988
-1.2378829,-0.0639975
-1.2376829,-0.0639975
-1.2374829,-0.0319988
-1.2372829,-0.0639975
-1.2370829,-0.0319988
-1.2368829,-0.0639975
-1.2366829,-0.0319988
-1.2364829,-0.0959963
-1.2362829,-0.0319988
-1.2360829,-0.0639975
-1.2358829,-0.0639975
-1.2356829,-0.0959963
-1.2354829,-0.0639975
-1.2352829,-0.0639975
-1.2350829,-0.0319988
-1.2348829,0
-1.2346829,-0.0639975
-1.2344829,-0.0319988
-1.2342829,-0.0319988
-1.2340829,-0.0959963
-1.2338829,-0.0639975
-1.2336829,0
-1.2334829,-0.0639975
-1.2332829,0
-1.2330829,0
-1.2328829,-0.0319988
-1.2326829,-0.0639975
-1.2324829,-0.0319988
-1.2322829,-0.0639975
-1.2320829,-0.0319988
-1.2318829,0
-1.2316829,-0.0319988
-1.2314829,-0.0319988
-1.2312829,0.0319988
-1.2310829,-0.0319988
-1.2308829,-0.0319988
-1.2306829,0
-1.2304829,-0.0319988
-1.2302829,0
-1.2300829,0
-1.2298829,0
-1.2296829,0
-1.2294829,0.0319988
-1.2292829,0
-1.2290829,0.0319988
-1.2288829,0.0319988
-1.2286829,0
-1.2284829,0.0319988
-1.2282829,0.0319988
-1.2280829,0
-1.2278829,0.0639975
-1.2276829,0.0639975
-1.2274829,0.0319988
-1.2272829,0.0639975
-1.2270829,0.0639975
-1.2268829,0.0319988
-1.2266829,0.0319988
-1.2264829,0.0639975
-1.2262829,0.0639975
-1.2260829,0.0959963
-1.2258829,0.0319988
-1.2256829,0.0319988
-1.2254829,0.0639975
-1.2252829,0.0319988
-1.2250829,0.0319988
-1.2248829,0.0319988
-1.2246829,0.0959963
-1.2244829,0.0959963
-1.2242829,0.0319988
-1.2240829,0.0959963
-1.2238829,0.0639975
-1.2236829,0.0959963
-1.2234829,0.0639975
-1.2232829,0.0319988
-1.2230829,0.0639975
-1.2228829,0.0639975
-1.2226829,0.0959963
-1.2224829,0.0319988
-1.2222829,0.0319988
-1.2220829,0.0319988
-1.2218829,0.0959963
-1.2216829,0.0639975
-1.2214829,0.0639975
-1.2212829,0
-1.2210829,0.0639975
-1.2208829,0.0319988
-1.2206829,0.0639975
-1.2204829,0.0639975
-1.2202829,0.0319988
-1.2200829,0.0319988
-1.2198829,0.0639975
-1.2196829,0
-1.2194829,0.0319988
-1.2192829,0.0639975
-1.2190829,-0.0319988
-1.2188829,0.0319988
-1.2186829,0.0319988
-1.2184829,0
-1.2182829,0.0319988
-1.2180829,0.0319988
-1.2178829,0
-1.2176829,0.0319988
-1.2174829,0.0639975
-1.2172829,-0.0319988
-1.2170829,0.0319988
-1.2168829,0.0639975
-1.2166829,-0.0319988
-1.2164829,0.0639975
-1.2162829,0.0319988
-1.2160829,0.0319988
-1.2158829,0.0319988
-1.2156829,0.0319988
-1.2154829,0
-1.2152829,0
-1.2150829,0.0319988
-1.2148829,0.0639975
-1.2146829,0.0639975
-1.2144829,0.0319988
-1.2142829,0
-1.2140829,0.0319988
-1.2138829,0.0639975
-1.2136829,0
-1.2134829,0
-1.2132829,0.0319988
-1.2130829,0.0319988
-1.2128829,0
-1.2126829,0.0639975
-1.2124829,0.0319988
-1.2122829,0
-1.2120829,0.0319988
-1.2118829,-0.0319988
-1.2116829,0.0639975
-1.2114829,0.0319988
-1.2112829,-0.0319988
-1.2110829,0.0639975
-1.2108829,0.0639975
-1.2106829,0
-1.2104829,0.0319988
-1.2102829,0.0319988
-1.2100829,0.0319988
-1.2098829,0.0319988
-1.2096829,0.0639975
-1.2094829,0
-1.2092829,0.0319988
-1.2090829,0.0319988
-1.2088829,0
-1.2086829,-0.0319988
-1.2084829,0
-1.2082829,0.0319988
-1.2080829,0.0319988
-1.2078829,0
-1.2076829,0
-1.2074829,0.0319988
-1.2072829,0
-1.2070829,0.0319988
-1.2068829,0.0319988
-1.2066829,0.0319988
-1.2064829,0.0319988
-1.2062829,0.0319988
-1.2060829,0
-1.2058829,0.0319988
-1.2056829,0
-1.2054829,0.0639975
-1.2052829,0
-1.2050829,0
-1.2048829,0
-1.2046829,0
-1.2044829,0
-1.2042829,0.0319988
-1.2040829,0
-1.2038829,0
-1.2036829,0
-1.2034829,0.0319988
-1.2032829,0
-1.2030829,0.0639975
-1.2028829,0
-1.2026829,0.0639975
-1.2024829,0.0319988
-1.2022829,0
-1.2020829,0.0319988
-1.2018829,0.0639975
-1.2016829,0.0319988
-1.2014829,0.0319988
-1.2012829,0.0319988
-1.2010829,0
-1.2008829,0.0319988
-1.2006829,0
-1.2004829,0.0319988
-1.2002829,0.0319988
-1.2000829,0.0319988
-1.1998829,0
-1.1996829,0.0319988
-1.1994829,0.0639975
-1.1992829,0.0319988
-1.1990829,0.0319988
-1.1988829,0.0319988
-1.1986829,0
-1.1984829,0.0319988
-1.1982829,0
-1.1980829,0.0319988
-1.1978829,0.0639975
-1.1976829,0.0319988
-1.1974829,0
-1.1972829,0.0319988
-1.1970829,0.0319988
-1.1968829,0.0319988
-1.1966829,0.0319988
-1.1964829,0.0319988
-1.1962829,0.0319988
-1.1960829,-0.0319988
-1.1958829,0.0639975
-1.1956829,0
-1.1954829,0.0319988
-1.1952829,0.0319988
-1.1950829,0.0319988
-1.1948829,0.0639975
-1.1946829,0.0639975
-1.1944829,0.0959963
-1.1942829,0.0319988
-1.1940829,0.0639975
-1.1938829,0.0319988
-1.1936829,0.0319988
-1.1934829,0.0319988
-1.1932829,0.0319988
-1.1930829,0.0639975
-1.1928829,0.0319988
-1.1926829,0.0319988
-1.1924829,0.0639975
-1.1922829,0.0319988
-1.1920829,0
-1.1918829,0.0639975
-1.1916829,0.0639975
-1.1914829,0.0319988
-1.1912829,0.0319988
-1.1910829,0.0639975
-1.1908829,0.0319988
-1.1906829,0.0319988
-1.1904829,0.0319988
-1.1902829,0
-1.1900829,0.0639975
-1.1898829,0
-1.1896829,0
-1.1894829,0.0639975
-1.1892829,0
-1.1890829,0.0319988
-1.1888829,0.0319988
-1.1886829,0.0639975
-1.1884829,0
-1.1882829,0.0639975
-1.1880829,0.0319988
-1.1878829,0.0639975
-1.1876829,0.0639975
-1.1874829,0.0319988
-1.1872829,0.0319988
-1.1870829,0.0319988
-1.1868829,0.0639975
-1.1866829,0.0319988
-1.1864829,0.0639975
-1.1862829,0.0639975
-1.1860829,0.0639975
-1.1858829,0.0639975
-1.1856829,0.0319988
-1.1854829,0.0319988
-1.1852829,0.0639975
-1.1850829,0.0639975
-1.1848829,0.0319988
-1.1846829,0.0639975
-1.1844829,0.0319988
-1.1842829,0
-1.1840829,0.0319988
-1.1838829,0
-1.1836829,0.0319988
-1.1834829,0
-1.1832829,0.0319988
-1.1830829,0
-1.1828829,0
-1.1826829,0
-1.1824829,0.0319988
-1.1822829,0.0319988
-1.1820829,0
-1.1818829,0
-1.1816829,0
-1.1814829,0.0319988
-1.1812829,0
-1.1810829,0
-1.1808829,0.0319988
-1.1806829,-0.0319988
-1.1804829,0
-1.1802829,0
-1.1800829,0.0319988
-1.1798829,0.0319988
-1.1796829,0
-1.1794829,-0.0319988
-1.1792829,-0.0319988
-1.1790829,0
-1.1788829,0
-1.1786829,0.0319988
-1.1784829,0
-1.1782829,-0.0319988
-1.1780829,-0.0319988
-1.1778829,-0.0319988
-1.1776829,0
-1.1774829,0
-1.1772829,-0.0319988
-1.1770829,0
-1.1768829,-0.0319988
-1.1766829,0.0319988
-1.1764829,0.0319988
-1.1762829,0
-1.1760829,0
-1.1758829,0
-1.1756829,0
-1.1754829,0
-1.1752829,0
-1.1750829,0
-1.1748829,-0.0319988
-1.1746829,-0.0639975
-1.1744829,-0.0319988
-1.1742829,-0.0319988
-1.1740829,-0.0639975
-1.1738829,0
-1.1736829,-0.0639975
-1.1734829,-0.0319988
-1.1732829,-0.0319988
-1.1730829,-0.0319988
-1.1728829,-0.0639975
-1.1726829,-0.0639975
-1.1724829,-0.0639975
-1.1722829,-0.0959963
-1.1720829,0
-1.1718829,0
-1.1716829,-0.0639975
-1.1714829,-0.0639975
-1.1712829,-0.0639975
-1.1710829,-0.0959963
-1.1708829,-0.0319988
-1.1706829,-0.0319988
-1.1704829,-0.0639975
-1.1702829,-0.0319988
-1.1700829,-0.0639975
-1.1698829,-0.0639975
-1.1696829,-0.0639975
-1.1694829,-0.0319988
-1.1692829,-0.0639975
-1.1690829,-0.0319988
-1.1688829,-0.0959963
-1.1686829,-0.0639975
-1.1684829,-0.0639975
-1.1682829,-0.0639975
-1.1680829,-0.0959963
-1.1678829,-0.0639975
-1.1676829,-0.0319988
-1.1674829,-0.0639975
-1.1672829,-0.0639975
-1.1670829,-0.0639975
-1.1668829,-0.0959963
-1.1666829,-0.0959963
-1.1664829,-0.0639975
-1.1662829,-0.0639975
-1.1660829,-0.0959963
-1.1658829,-0.0639975
-1.1656829,-0.0959963
-1.1654829,-0.0959963
-1.1652829,-0.0639975
-1.1650829,-0.0959963
-1.1648829,-0.0639975
-1.1646829,-0.0959963
-1.1644829,-0.127995
-1.1642829,-0.0959963
-1.1640829,-0.0959963
-1.1638829,-0.0959963
-1.1636829,-0.0639975
-1.1634829,-0.0639975
-1.1632829,-0.159994
-1.1630829,-0.127995
-1.1628829,-0.127995
-1.1626829,-0.159994
-1.1624829,-0.0959963
-1.1622829,-0.0639975
-1.1620829,-0.0959963
-1.1618829,-0.127995
-1.1616829,-0.0959963
-1.1614829,-0.127995
-1.1612829,-0.159994
-1.1610829,-0.0639975
-1.1608829,-0.127995
-1.1606829,-0.0959963
-1.1604829,-0.0959963
-1.1602829,-0.127995
-1.1600829,-0.127995
-1.1598829,-0.127995
-1.1596829,-0.0959963
-1.1594829,-0.0959963
-1.1592829,-0.127995
-1.1590829,-0.0959963
-1.1588829,-0.0959963
-1.1586829,-0.0959963
-1.1584829,-0.0959963
-1.1582829,-0.159994
-1.1580829,-0.127995
-1.1578829,-0.127995
-1.1576829,-0.159994
-1.1574829,-0.159994
-1.1572829,-0.159994
-1.1570829,-0.127995
-1.1568829,-0.127995
-1.1566829,-0.127995
-1.1564829,-0.0959963
-1.1562829,-0.0959963
-1.1560829,-0.159994
-1.1558829,-0.159994
-1.1556829,-0.127995
-1.1554829,-0.159994
-1.1552829,-0.127995
-1.1550829,-0.159994
-1.1548829,-0.159994
-1.1546829,-0.0959963
-1.1544829,-0.0959963
-1.1542829,-0.159994
-1.1540829,-0.159994
-1.1538829,-0.127995
-1.1536829,-0.127995
-1.1534829,-0.0959963
-1.1532829,-0.127995
-1.1530829,-0.191993
-1.1528829,-0.127995
-1.1526829,-0.159994
-1.1524829,-0.159994
-1.1522829,-0.127995
-1.1520829,-0.159994
-1.1518829,-0.159994
-1.1516829,-0.159994
-1.1514829,-0.127995
-1.1512829,-0.159994
-1.1510829,-0.159994
-1.1508829,-0.159994
-1.1506829,-0.191993
-1.1504829,-0.159994
-1.1502829,-0.127995
-1.1500829,-0.159994
-1.1498829,-0.159994
-1.1496829,-0.127995
-1.1494829,-0.159994
-1.1492829,-0.127995
-1.1490829,-0.159994
-1.1488829,-0.159994
-1.1486829,-0.159994
-1.1484829,-0.127995
-1.1482829,-0.127995
-1.1480829,-0.127995
-1.1478829,-0.127995
-1.1476829,-0.191993
-1.1474829,-0.191993
-1.1472829,-0.159994
-1.1470829,-0.127995
-1.1468829,-0.191993
-1.1466829,-0.159994
-1.1464829,-0.159994
-1.1462829,-0.159994
-1.1460829,-0.159994
-1.1458829,-0.223991
-1.1456829,-0.191993
-1.1454829,-0.159994
-1.1452829,-0.159994
-1.1450829,-0.159994
-1.1448829,-0.127995
-1.1446829,-0.191993
-1.1444829,-0.159994
-1.1442829,-0.159994
-1.1440829,-0.191993
-1.1438829,-0.159994
-1.1436829,-0.191993
-1.1434829,-0.159994
-1.1432829,-0.191993
-1.1430829,-0.127995
-1.1428829,-0.159994
-1.1426829,-0.159994
-1.1424829,-0.191993
-1.1422829,-0.223991
-1.1420829,-0.191993
-1.1418829,-0.191993
-1.1416829,-0.191993
-1.1414829,-0.191993
-1.1412829,-0.191993
-1.1410829,-0.191993
-1.1408829,-0.127995
-1.1406829,-0.191993
-1.1404829,-0.159994
-1.1402829,-0.191993
-1.1400829,-0.127995
-1.1398829,-0.159994
-1.1396829,-0.159994
-1.1394829,-0.191993
-1.1392829,-0.191993
-1.1390829,-0.159994
-1.1388829,-0.159994
-1.1386829,-0.191993
-1.1384829,-0.159994
-1.1382829,-0.159994
-1.1380829,-0.191993
-1.1378829,-0.191993
-1.1376829,-0.191993
-1.1374829,-0.191993
-1.1372829,-0.159994
-1.1370829,-0.159994
-1.1368829,-0.191993
-1.1366829,-0.159994
-1.1364829,-0.159994
-1.1362829,-0.159994
-1.1360829,-0.159994
-1.1358829,-0.127995
-1.1356829,-0.159994
-1.1354829,-0.191993
-1.1352829,-0.159994
-1.1350829,-0.191993
-1.1348829,-0.159994
-1.1346829,-0.191993
-1.1344829,-0.159994
-1.1342829,-0.159994
-1.1340829,-0.159994
-1.1338829,-0.159994
-1.1336829,-0.159994
-1.1334829,-0.159994
-1.1332829,-0.191993
-1.1330829,-0.127995
-1.1328829,-0.159994
-1.1326829,-0.159994
-1.1324829,-0.191993
-1.1322829,-0.191993
-1.1320829,-0.223991
-1.1318829,-0.159994
-1.1316829,-0.159994
-1.1314829,-0.191993
-1.1312829,-0.159994
-1.1310829,-0.159994
-1.1308829,-0.191993
-1.1306829,-0.223991
-1.1304829,-0.159994
-1.1302829,-0.191993
-1.1300829,-0.159994
-1.1298829,-0.127995
-1.1296829,-0.223991
-1.1294829,-0.159994
-1.1292829,-0.159994
-1.1290829,-0.191993
-1.1288829,-0.159994
-1.1286829,-0.159994
-1.1284829,-0.159994
-1.1282829,-0.127995
-1.1280829,-0.191993
-1.1278829,-0.159994
-1.1276829,-0.191993
-1.1274829,-0.191993
-1.1272829,-0.159994
-1.1270829,-0.159994
-1.1268829,-0.159994
-1.1266829,-0.191993
-1.1264829,-0.191993
-1.1262829,-0.159994
-1.1260829,-0.191993
-1.1258829,-0.223991
-1.1256829,-0.159994
-1.1254829,-0.191993
-1.1252829,-0.191993
-1.1250829,-0.127995
-1.1248829,-0.191993
-1.1246829,-0.191993
-1.1244829,-0.159994
-1.1242829,-0.191993
-1.1240829,-0.191993
-1.1238829,-0.159994
-1.1236829,-0.191993
-1.1234829,-0.159994
-1.1232829,-0.159994
-1.1230829,-0.159994
-1.1228829,-0.159994
-1.1226829,-0.159994
-1.1224829,-0.223991
-1.1222829,-0.159994
-1.1220829,-0.159994
-1.1218829,-0.159994
-1.1216829,-0.159994
-1.1214829,-0.159994
-1.1212829,-0.191993
-1.1210829,-0.159994
-1.1208829,-0.159994
-1.1206829,-0.159994
-1.1204829,-0.191993
-1.1202829,-0.159994
-1.1200829,-0.191993
-1.1198829,-0.159994
-1.1196829,-0.159994
-1.1194829,-0.191993
-1.1192829,-0.191993
-1.1190829,-0.127995
-1.1188829,-0.191993
-1.1186829,-0.127995
-1.1184829,-0.159994
-1.1182829,-0.159994
-1.1180829,-0.159994
-1.1178829,-0.191993
-1.1176829,-0.159994
-1.1174829,-0.127995
-1.1172829,-0.0959963
-1.1170829,-0.159994
-1.1168829,-0.159994
-1.1166829,-0.127995
-1.1164829,-0.159994
-1.1162829,-0.127995
-1.1160829,-0.127995
-1.1158829,-0.159994
-1.1156829,-0.127995
-1.1154829,-0.159994
-1.1152829,-0.159994
-1.1150829,-0.191993
-1.1148829,-0.127995
-1.1146829,-0.191993
-1.1144829,-0.127995
-1.1142829,-0.127995
-1.1140829,-0.159994
-1.1138829,-0.127995
-1.1136829,-0.0959963
-1.1134829,-0.127995
-1.1132829,-0.127995
-1.1130829,-0.127995
-1.1128829,-0.159994
-1.1126829,-0.0639975
-1.1124829,-0.127995
-1.1122829,-0.127995
-1.1120829,-0.127995
-1.1118829,-0.127995
-1.1116829,-0.159994
-1.1114829,-0.0959963
-1.1112829,-0.127995
-1.1110829,-0.159994
-1.1108829,-0.127995
-1.1106829,-0.0639975
-1.1104829,-0.127995
-1.1102829,-0.127995
-1.1100829,-0.0959963
-1.1098829,-0.127995
-1.1096829,-0.0639975
-1.1094829,-0.0959963
-1.1092829,-0.0959963
-1.1090829,-0.0639975
-1.1088829,-0.0959963
-1.1086829,-0.127995
-1.1084829,-0.127995
-1.1082829,-0.0639975
-1.1080829,-0.127995
-1.1078829,-0.127995
-1.1076829,-0.0959963
-1.1074829,-0.127995
-1.1072829,-0.127995
-1.1070829,-0.0959963
-1.1068829,-0.159994
-1.1066829,-0.127995
-1.1064829,-0.0959963
-1.1062829,-0.127995
-1.1060829,-0.127995
-1.1058829,-0.127995
-1.1056829,-0.0959963
-1.1054829,-0.0959963
-1.1052829,-0.0959963
-1.1050829,-0.159994
-1.1048829,-0.0959963
-1.1046829,-0.0639975
-1.1044829,-0.127995
-1.1042829,-0.0959963
-1.1040829,-0.127995
-1.1038829,-0.159994
-1.1036829,-0.0959963
-1.1034829,-0.0959963
-1.1032829,-0.127995
-1.1030829,-0.127995
-1.1028829,-0.0959963
-1.1026829,-0.127995
-1.1024829,-0.0959963
-1.1022829,-0.0639975
-1.1020829,-0.0959963
-1.1018829,-0.0639975
-1.1016829,-0.127995
-1.1014829,-0.127995
-1.1012829,-0.0319988
-1.1010829,-0.0959963
-1.1008829,-0.127995
-1.1006829,-0.127995
-1.1004829,-0.0959963
-1.1002829,-0.159994
-1.1000829,-0.0959963
-1.0998829,-0.0639975
-1.0996829,-0.0959963
-1.0994829,-0.0639975
-1.0992829,-0.0959963
-1.0990829,-0.0959963
-1.0988829,-0.0959963
-1.0986829,-0.0639975
-1.0984829,-0.0959963
-1.0982829,-0.0639975
-1.0980829,-0.0959963
-1.0978829,-0.0959963
-1.0976829,-0.127995
-1.0974829,-0.0319988
-1.0972829,-0.0959963
-1.0970829,-0.0959963
-1.0968829,-0.0959963
-1.0966829,-0.0959963
-1.0964829,-0.0959963
-1.0962829,-0.0959963
-1.0960829,-0.0959963
-1.0958829,-0.0959963
-1.0956829,-0.0639975
-1.0954829,-0.0959963
-1.0952829,-0.0959963
-1.0950829,-0.0959963
-1.0948829,-0.0959963
-1.0946829,-0.0959963
-1.0944829,-0.0639975
-1.0942829,-0.0959963
-1.0940829,-0.0959963
-1.0938829,-0.0639975
-1.0936829,-0.0639975
-1.0934829,-0.0639975
-1.0932829,-0.0639975
-1.0930829,-0.0639975
-1.0928829,-0.0639975
-1.0926829,-0.0639975
-1.0924829,-0.0959963
-1.0922829,-0.0959963
-1.0920829,-0.0959963
-1.0918829,-0.0959963
-1.0916829,-0.0319988
-1.0914829,-0.0319988
-1.0912829,-0.0959963
-1.0910829,0
-1.0908829,-0.0319988
-1.0906829,-0.0959963
-1.0904829,-0.0319988
-1.0902829,-0.0319988
-1.0900829,-0.0959963
-1.0898829,-0.0319988
-1.0896829,-0.0639975
-1.0894829,-0.0639975
-1.0892829,-0.0319988
-1.0890829,-0.0319988
-1.0888829,-0.0639975
-1.0886829,0.0319988
-1.0884829,0
-1.0882829,-0.0319988
-1.0880829,0
-1.0878829,-0.0319988
-1.0876829,-0.0319988
-1.0874829,-0.0639975
-1.0872829,0.0319988
-1.0870829,-0.0319988
-1.0868829,0
-1.0866829,0
-1.0864829,-0.0319988
-1.0862829,0.0319988
-1.0860829,0
-1.0858829,0
-1.0856829,0.0319988
-1.0854829,0.0319988
-1.0852829,-0.0319988
-1.0850829,0
-1.0848829,0
-1.0846829,0
-1.0844829,0
-1.0842829,0
-1.0840829,-0.0319988
-1.0838829,0.0319988
-1.0836829,0.0319988
-1.0834829,0
-1.0832829,-0.0319988
-1.0830829,-0.0319988
-1.0828829,-0.0319988
-1.0826829,0.0319988
-1.0824829,0
-1.0822829,-0.0639975
-1.0820829,0
-1.0818829,0.0319988
-1.0816829,-0.0319988
-1.0814829,0
-1.0812829,0
-1.0810829,-0.0639975
-1.0808829,0.0319988
-1.0806829,0.0319988
-1.0804829,0
-1.0802829,0
-1.0800829,0
-1.0798829,-0.0639975
-1.0796829,0
-1.0794829,0
-1.0792829,-0.0319988
-1.0790829,0
-1.0788829,0.0319988
-1.0786829,0
-1.0784829,0
-1.0782829,0.0319988
-1.0780829,0
-1.0778829,0.0319988
-1.0776829,0
-1.0774829,0
-1.0772829,0.0319988
-1.0770829,0.0319988
-1.0768829,-0.0319988
-1.0766829,0.0319988
-1.0764829,0.0319988
-1.0762829,-0.0319988
-1.0760829,-0.0319988
-1.0758829,0
-1.0756829,0
-1.0754829,0
-1.0752829,0.0639975
-1.0750829,0.0319988
-1.0748829,0
-1.0746829,0
-1.0744829,0
-1.0742829,-0.0319988
-1.0740829,0
-1.0738829,0.0319988
-1.0736829,0.0319988
-1.0734829,0.0319988
-1.0732829,0
-1.0730829,0.0319988
-1.0728829,0.0319988
-1.0726829,-0.0319988
-1.0724829,-0.0639975
-1.0722829,0.0319988
-1.0720829,0.0319988
-1.0718829,0
-1.0716829,0
-1.0714829,-0.0319988
-1.0712829,0.0639975
-1.0710829,0.0319988
-1.0708829,-0.0319988
-1.0706829,-0.0319988
-1.0704829,0.0319988
-1.0702829,0.0319988
-1.0700829,-0.0639975
-1.0698829,0.0319988
-1.0696829,-0.0319988
-1.0694829,0.0319988
-1.0692829,0
-1.0690829,0
-1.0688829,0
-1.0686829,0
-1.0684829,-0.0319988
-1.0682829,-0.0319988
-1.0680829,0.0319988
-1.0678829,0
-1.0676829,0.0319988
-1.0674829,0.0319988
-1.0672829,-0.0319988
-1.0670829,0.0639975
-1.0668829,0.0319988
-1.0666829,0.0319988
-1.0664829,0
-1.0662829,0
-1.0660829,0
-1.0658829,0.0319988
-1.0656829,0
-1.0654829,0
-1.0652829,0.0319988
-1.0650829,0.0639975
-1.0648829,-0.0319988
-1.0646829,0
-1.0644829,0.0639975
-1.0642829,-0.0319988
-1.0640829,0.0639975
-1.0638829,0.0319988
-1.0636829,0
-1.0634829,0.0319988
-1.0632829,0.0639975
-1.0630829,0.0319988
-1.0628829,0.0319988
-1.0626829,0.0319988
-1.0624829,0.0319988
-1.0622829,0.0639975
-1.0620829,0.0639975
-1.0618829,0.0639975
-1.0616829,0.0319988
-1.0614829,0.0639975
-1.0612829,0
-1.0610829,0.0639975
-1.0608829,0.0639975
-1.0606829,0
-1.0604829,0
-1.0602829,0.0319988
-1.0600829,0
-1.0598829,0.0319988
-1.0596829,0.0639975
-1.0594829,0.0319988
-1.0592829,0.0639975
-1.0590829,0.0319988
-1.0588829,0
-1.0586829,0.0319988
-1.0584829,0.0639975
-1.0582829,0.0319988
-1.0580829,0.0319988
-1.0578829,0.0639975
-1.0576829,0.0639975
-1.0574829,0.0639975
-1.0572829,0.0319988
-1.0570829,0
-1.0568829,0.0319988
-1.0566829,0.0319988
-1.0564829,0.0319988
-1.0562829,0.0319988
-1.0560829,0.0319988
-1.0558829,0.0319988
-1.0556829,0.0319988
-1.0554829,0.0319988
-1.0552829,0.0319988
-1.0550829,0.0639975
-1.0548829,0.0639975
-1.0546829,0
-1.0544829,0.0639975
-1.0542829,0.0319988
-1.0540829,0.0319988
-1.0538829,0.0639975
-1.0536829,0.0319988
-1.0534829,0.0639975
-1.0532829,0.0639975
-1.0530829,0.0639975
-1.0528829,0.0319988
-1.0526829,0.0639975
-1.0524829,0.0639975
-1.0522829,0.0639975
-1.0520829,0.0319988
-1.0518829,0.0319988
-1.0516829,0
-1.0514829,0.0639975
-1.0512829,0.0319988
-1.0510829,0.0319988
-1.0508829,0.0319988
-1.0506829,0.0639975
-1.0504829,0.0319988
-1.0502829,0.0319988
-1.0500829,0.0639975
-1.0498829,0.0319988
-1.0496829,0.0319988
-1.0494829,0.0639975
-1.0492829,0
-1.0490829,0.0319988
-1.0488829,0.0319988
-1.0486829,0
-1.0484829,0
-1.0482829,0.0319988
-1.0480829,0
-1.0478829,0.0639975
-1.0476829,0.0639975
-1.0474829,0.0639975
-1.0472829,0.0319988
-1.0470829,0.0639975
-1.0468829,0.0319988
-1.0466829,0.0959963
-1.0464829,0.0639975
-1.0462829,0.0319988
-1.0460829,0.0319988
-1.0458829,0
-1.0456829,0
-1.0454829,0.0319988
-1.0452829,0.0639975
-1.0450829,0
-1.0448829,0.0639975
-1.0446829,0.0319988
-1.0444829,0
-1.0442829,0
-1.0440829,0.0319988
-1.0438829,0.0319988
-1.0436829,0.0319988
-1.0434829,0.0639975
-1.0432829,0
-1.0430829,0.0319988
-1.0428829,0.0639975
-1.0426829,0.0639975
-1.0424829,0.0319988
-1.0422829,0.0319988
-1.0420829,-0.0639975
-1.0418829,0.0319988
-1.0416829,0.0319988
-1.0414829,-0.0319988
-1.0412829,0.0319988
-1.0410829,0.0639975
-1.0408829,0
-1.0406829,0
-1.0404829,0.0639975
-1.0402829,-0.0319988
-1.0400829,0.0319988
-1.0398829,0.0319988
-1.0396829,0
-1.0394829,0.0319988
-1.0392829,0
-1.0390829,-0.0319988
-1.0388829,-0.0319988
-1.0386829,0
-1.0384829,0
-1.0382829,0
-1.0380829,0.0639975
-1.0378829,0
-1.0376829,0
-1.0374829,-0.0319988
-1.0372829,0.0319988
-1.0370829,0
-1.0368829,0
-1.0366829,-0.0319988
-1.0364829,0
-1.0362829,0.0319988
-1.0360829,-0.0319988
-1.0358829,0.0319988
-1.0356829,0
-1.0354829,-0.0639975
-1.0352829,0.0319988
-1.0350829,0
-1.0348829,-0.0639975
-1.0346829,-0.0319988
-1.0344829,-0.0319988
-1.0342829,-0.0319988
-1.0340829,-0.0319988
-1.0338829,-0.0319988
-1.0336829,-0.0959963
-1.0334829,0
-1.0332829,-0.0319988
-1.0330829,-0.0319988
-1.0328829,-0.0639975
-1.0326829,-0.0319988
-1.0324829,-0.0959963
-1.0322829,-0.0319988
-1.0320829,-0.0319988
-1.0318829,-0.0639975
-1.0316829,-0.0319988
-1.0314829,-0.0639975
-1.0312829,-0.0639975
-1.0310829,-0.0639975
-1.0308829,-0.0319988
-1.0306829,-0.0959963
-1.0304829,-0.0639975
-1.0302829,0
-1.0300829,-0.0319988
-1.0298829,-0.0319988
-1.0296829,-0.0319988
-1.0294829,-0.0319988
-1.0292829,-0.0319988
-1.0290829,-0.0319988
-1.0288829,-0.0639975
-1.0286829,-0.0639975
-1.0284829,-0.0639975
-1.0282829,-0.0639975
-1.0280829,-0.0639975
-1.0278829,-0.0319988
-1.0276829,-0.0319988
-1.0274829,-0.0639975
-1.0272829,-0.0319988
-1.0270829,-0.0319988
-1.0268829,-0.0959963
-1.0266829,-0.0639975
-1.0264829,-0.0319988
-1.0262829,-0.0639975
-1.0260829,0
-1.0258829,-0.0639975
-1.0256829,-0.0639975
-1.0254829,-0.0639975
-1.0252829,-0.0639975
-1.0250829,-0.0319988
-1.0248829,-0.0319988
-1.0246829,-0.0639975
-1.0244829,-0.0639975
-1.0242829,-0.0639975
-1.0240829,-0.0959963
-1.0238829,-0.0639975
-1.0236829,-0.0319988
-1.0234829,-0.0639975
-1.0232829,-0.0319988
-1.0230829,-0.0639975
-1.0228829,-0.0959963
-1.0226829,-0.0639975
-1.0224829,-0.0959963
-1.0222829,-0.0959963
-1.0220829,-0.0319988
-1.0218829,-0.0639975
-1.0216829,-0.0639975
-1.0214829,-0.0639975
-1.0212829,-0.0959963
-1.0210829,-0.0959963
-1.0208829,-0.0639975
-1.0206829,-0.0959963
-1.0204829,-0.0959963
-1.0202829,-0.0959963
-1.0200829,-0.0959963
-1.0198829,-0.0959963
-1.0196829,-0.127995
-1.0194829,-0.0959963
-1.0192829,-0.127995
-1.0190829,-0.0639975
-1.0188829,-0.0639975
-1.0186829,-0.127995
-1.0184829,-0.0959963
-1.0182829,-0.0639975
-1.0180829,-0.127995
-1.0178829,-0.0639975
-1.0176829,-0.0639975
-1.0174829,-0.127995
-1.0172829,-0.0639975
-1.0170829,-0.0959963
-1.0168829,-0.127995
-1.0166829,-0.0639975
-1.0164829,-0.127995
-1.0162829,-0.0959963
-1.0160829,-0.0639975
-1.0158829,-0.0639975
-1.0156829,-0.0959963
-1.0154829,-0.0639975
-1.0152829,-0.0959963
-1.0150829,-0.0959963
-1.0148829,-0.0959963
-1.0146829,-0.0639975
-1.0144829,-0.0639975
-1.0142829,-0.0959963
-1.0140829,-0.0639975
-1.0138829,-0.0959963
-1.0136829,-0.0639975
-1.0134829,-0.0959963
-1.0132829,-0.127995
-1.0130829,-0.0639975
-1.0128829,-0.0959963
-1.0126829,-0.0959963
-1.0124829,-0.0639975
-1.0122829,-0.0639975
-1.0120829,-0.0959963
-1.0118829,-0.0959963
-1.0116829,-0.0639975
-1.0114829,-0.0959963
-1.0112829,-0.127995
-1.0110829,-0.0959963
-1.0108829,-0.127995
-1.0106829,-0.0959963
-1.0104829,-0.127995
-1.0102829,-0.0959963
-1.0100829,-0.0639975
-1.0098829,-0.0959963
-1.0096829,-0.159994
-1.0094829,-0.127995
-1.0092829,-0.0959963
-1.0090829,-0.159994
-1.0088829,-0.127995
-1.0086829,-0.0959963
-1.0084829,-0.127995
-1.0082829,-0.127995
-1.0080829,-0.0959963
-1.0078829,-0.127995
-1.0076829,-0.127995
-1.0074829,-0.127995
-1.0072829,-0.127995
-1.0070829,-0.0959963
-1.0068829,-0.127995
-1.0066829,-0.127995
-1.0064829,-0.127995
-1.0062829,-0.0639975
-1.0060829,-0.127995
-1.0058829,-0.127995
-1.0056829,-0.0959963
-1.0054829,-0.191993
-1.0052829,-0.0959963
-1.0050829,-0.127995
-1.0048829,-0.127995
-1.0046829,-0.159994
-1.0044829,-0.0959963
-1.0042829,-0.127995
-1.0040829,-0.0959963
-1.0038829,-0.127995
-1.0036829,-0.159994
-1.0034829,-0.127995
-1.0032829,-0.127995
-1.0030829,-0.159994
-1.0028829,-0.159994
-1.0026829,-0.0959963
-1.0024829,-0.191993
-1.0022829,-0.127995
-1.0020829,-0.127995
-1.0018829,-0.159994
-1.0016829,-0.127995
-1.0014829,-0.0959963
-1.0012829,-0.127995
-1.0010829,-0.0959963
-1.0008829,-0.127995
-1.0006829,-0.127995
-1.0004829,-0.159994
-1.0002829,-0.127995
-1.0000829,-0.127995
-0.99988294,-0.127995
-0.99968294,-0.0959963
-0.99948294,-0.127995
-0.99928294,-0.127995
-0.99908294,-0.0959963
-0.99888294,-0.159994
-0.99868294,-0.0959963
-0.99848294,-0.127995
-0.99828294,-0.0959963
-0.99808294,-0.0639975
-0.99788294,-0.0959963
-0.99768294,-0.127995
-0.99748294,-0.159994
-0.99728294,-0.0319988
-0.99708294,-0.127995
-0.99688294,-0.0959963
-0.99668294,-0.0639975
-0.99648294,-0.0959963
-0.99628294,-0.0639975
-0.99608294,-0.0639975
-0.99588294,-0.127995
-0.99568294,-0.0639975
-0.99548294,-0.0319988
-0.99528294,-0.0959963
-0.99508294,-0.0639975
-0.99488294,-0.0319988
-0.99468294,-0.0959963
-0.99448294,-0.0639975
-0.99428294,-0.0959963
-0.99408294,-0.0959963
-0.99388294,-0.0639975
-0.99368294,-0.0639975
-0.99348294,-0.0639975
-0.99328294,-0.0959963
-0.99308294,-0.0319988
-0.99288294,-0.0639975
-0.99268294,-0.0319988
-0.99248294,-0.0319988
-0.99228294,-0.0639975
-0.99208294,-0.0319988
-0.99188294,-0.0319988
-0.99168294,-0.0319988
-0.99148294,0
-0.99128294,-0.0639975
-0.99108294,-0.0639975
-0.99088294,-0.0319988
-0.99068294,-0.0639975
-0.99048294,-0.0639975
-0.99028294,-0.0639975
-0.99008294,-0.0319988
-0.98988294,-0.0319988
-0.98968294,0
-0.98948294,0
-0.98928294,-0.0319988
-0.98908294,0
-0.98888294,-0.0319988
-0.98868294,0
-0.98848294,0
-0.98828294,0
-0.98808294,-0.0319988
-0.98788294,0
-0.98768294,-0.0319988
-0.98748294,-0.0639975
-0.98728294,0
-0.98708294,-0.0319988
-0.98688294,0
-0.98668294,0
-0.98648294,0
-0.98628294,-0.0959963
-0.98608294,0.0319988
-0.98588294,0.0319988
-0.98568294,0
-0.98548294,0.0319988
-0.98528294,0.0319988
-0.98508294,-0.0319988
-0.98488294,0
-0.98468294,0
-0.98448294,0
-0.98428294,0.0319988
-0.98408294,0.0319988
-0.98388294,0.0319988
-0.98368294,0
-0.98348294,0.0319988
-0.98328294,-0.0319988
-0.98308294,0.0639975
-0.98288294,0.0319988
-0.98268294,0
-0.98248294,-0.0319988
-0.98228294,0
-0.98208294,0
-0.98188294,0.0319988
-0.98168294,0.0319988
-0.98148294,0
-0.98128294,0.0319988
-0.98108294,0
-0.98088294,-0.0319988
-0.98068294,0.0319988
-0.98048294,0
-0.98028294,-0.0319988
-0.98008294,0.0319988
-0.97988294,-0.0319988
-0.97968294,0.0319988
-0.97948294,-0.0319988
-0.97928294,0.0639975
-0.97908294,-0.0319988
-0.97888294,0
-0.97868294,0.0319988
-0.97848294,0
-0.97828294,-0.0319988
-0.97808294,0
-0.97788294,0.0319988
-0.97768294,0.0639975
-0.97748294,0
-0.97728294,0
-0.97708294,0.0319988
-0.97688294,0
-0.97668294,-0.0319988
-0.97648294,0.0319988
-0.97628294,0
-0.97608294,0.0639975
-0.97588294,0
-0.97568294,0.0639975
-0.97548294,0
-0.97528294,0.0319988
-0.97508294,0.0319988
-0.97488294,-0.0319988
-0.97468294,0.0319988
-0.97448294,0.0319988
-0.97428294,-0.0319988
-0.97408294,0.0319988
-0.97388294,0.0319988
-0.97368294,-0.0319988
-0.97348294,-0.0319988
-0.97328294,0.0319988
-0.97308294,0
-0.97288294,0.0319988
-0.97268294,0
-0.97248294,-0.0639975
-0.97228294,0.0319988
-0.97208294,0.0319988
-0.97188294,-0.0319988
-0.97168294,0
-0.97148294,0.0319988
-0.97128294,0.0319988
-0.97108294,0
-0.97088294,0.0639975
-0.97068294,0
-0.97048294,0.0319988
-0.97028294,0.0319988
-0.97008294,-0.0319988
-0.96988294,0.0319988
-0.96968294,0.0319988
-0.96948294,-0.0319988
-0.96928294,0.0319988
-0.96908294,0.0319988
-0.96888294,0.0319988
-0.96868294,0.0319988
-0.96848294,0.0319988
-0.96828294,0
-0.96808294,0.0319988
-0.96788294,0
-0.96768294,0
-0.96748294,0.0319988
-0.96728294,0.0319988
-0.96708294,0
-0.96688294,0.0319988
-0.96668294,0.0319988
-0.96648294,0
-0.96628294,0
-0.96608294,0.0639975
-0.96588294,0
-0.96568294,0
-0.96548294,0.0319988
-0.96528294,-0.0319988
-0.96508294,0.0319988
-0.96488294,0.0319988
-0.96468294,0
-0.96448294,0.0319988
-0.96428294,0.0319988
-0.96408294,-0.0319988
-0.96388294,0
-0.96368294,0.0319988
-0.96348294,0
-0.96328294,0.0319988
-0.96308294,0
-0.96288294,-0.0319988
-0.96268294,0.0319988
-0.96248294,0.0319988
-0.96228294,0
-0.96208294,0.0319988
-0.96188294,0
-0.96168294,0
-0.96148294,-0.0319988
-0.96128294,0
-0.96108294,-0.0319988
-0.96088294,0
-0.96068294,0.0319988
-0.96048294,-0.0319988
-0.96028294,0.0319988
-0.96008294,0
-0.95988294,-0.0639975
-0.95968294,-0.0319988
-0.95948294,0
-0.95928294,-0.0319988
-0.95908294,0
-0.95888294,0.0319988
-0.95868294,0.0319988
-0.95848294,0
-0.95828294,0.0319988
-0.95808294,-0.0319988
-0.95788294,0
-0.95768294,0
-0.95748294,0
-0.95728294,0
-0.95708294,0
-0.95688294,0
-0.95668294,0.0319988
-0.95648294,0.0319988
-0.95628294,0
-0.95608294,0
-0.95588294,0
-0.95568294,0
-0.95548294,0
-0.95528294,0.0319988
-0.95508294,0
-0.95488294,-0.0319988
-0.95468294,-0.0319988
-0.95448294,0
-0.95428294,0
-0.95408294,0.0319988
-0.95388294,-0.0319988
-0.95368294,-0.0319988
-0.95348294,0.0319988
-0.95328294,0
-0.95308294,0
-0.95288294,0.0319988
-0.95268294,0
-0.95248294,0
-0.95228294,0.0639975
-0.95208294,0
-0.95188294,0
-0.95168294,-0.0319988
-0.95148294,-0.0319988
-0.95128294,0
-0.95108294,0
-0.95088294,0.0319988
-0.95068294,0.0319988
-0.95048294,0.0319988
-0.95028294,0
-0.95008294,0
-0.94988294,0
-0.94968294,0.0639975
-0.94948294,0.0319988
-0.94928294,0.0639975
-0.94908294,0
-0.94888294,-0.0319988
-0.94868294,0.0319988
-0.94848294,0.0639975
-0.94828294,0
-0.94808294,0.0319988
-0.94788294,0
-0.94768294,0.0319988
-0.94748294,0.0319988
-0.94728294,0
-0.94708294,0
-0.94688294,0
-0.94668294,0
-0.94648294,0.0319988
-0.94628294,0
-0.94608294,-0.0319988
-0.94588294,0
-0.94568294,0.0319988
-0.94548294,-0.0319988
-0.94528294,-0.0319988
-0.94508294,0
-0.94488294,-0.0639975
-0.94468294,-0.0639975
-0.94448294,-0.0319988
-0.94428294,-0.0319988
-0.94408294,0
-0.94388294,-0.0319988
-0.94368294,-0.0639975
-0.94348294,0
-0.94328294,0
-0.94308294,0.0319988
-0.94288294,-0.0319988
-0.94268294,-0.0319988
-0.94248294,-0.0639975
-0.94228294,-0.0319988
-0.94208294,-0.0319988
-0.94188294,-0.0639975
-0.94168294,-0.0319988
-0.94148294,-0.0319988
-0.94128294,-0.0639975
-0.94108294,-0.0319988
-0.94088294,-0.0639975
-0.94068294,-0.0639975
-0.94048294,-0.0319988
-0.94028294,-0.0639975
-0.94008294,-0.0639975
-0.93988294,-0.0639975
-0.93968294,-0.0319988
-0.93948294,-0.0959963
-0.93928294,-0.0959963
-0.93908294,-0.0639975
-0.93888294,-0.0639975
-0.93868294,-0.0319988
-0.93848294,-0.0639975
-0.93828294,-0.0639975
-0.93808294,-0.0319988
-0.93788294,-0.0959963
-0.93768294,-0.0959963
-0.93748294,-0.0639975
-0.93728294,-0.0639975
-0.93708294,-0.0959963
-0.93688294,-0.0959963
-0.93668294,-0.0639975
-0.93648294,-0.0959963
-0.93628294,-0.0639975
-0.93608294,-0.0639975
-0.93588294,-0.0959963
-0.93568294,-0.0639975
-0.93548294,-0.0639975
-0.93528294,-0.0959963
-0.93508294,-0.0639975
-0.93488294,-0.0639975
-0.93468294,-0.0639975
-0.93448294,-0.0639975
-0.93428294,-0.0639975
-0.93408294,-0.0959963
-0.93388294,-0.0319988
-0.93368294,-0.0959963
-0.93348294,-0.0959963
-0.93328294,-0.0959963
-0.93308294,-0.0639975
-0.93288294,-0.0959963
-0.93268294,-0.0959963
-0.93248294,-0.0959963
-0.93228294,-0.0959963
-0.93208294,-0.0959963
-0.93188294,-0.0959963
-0.93168294,-0.0959963
-0.93148294,-0.0639975
-0.93128294,-0.0639975
-0.93108294,-0.127995
-0.93088294,-0.0639975
-0.93068294,-0.0959963
-0.93048294,-0.0639975
-0.93028294,-0.0639975
-0.93008294,-0.0639975
-0.92988294,-0.0639975
-0.92968294,-0.0639975
-0.92948294,-0.0639975
-0.92928294,-0.127995
-0.92908294,-0.0639975
-0.92888294,-0.0639975
-0.92868294,-0.0959963
-0.92848294,-0.0639975
-0.92828294,-0.0639975
-0.92808294,-0.0959963
-0.92788294,-0.0639975
-0.92768294,-0.0639975
-0.92748294,-0.0959963
-0.92728294,-0.0639975
-0.92708294,-0.0319988
-0.92688294,-0.0959963
-0.92668294,-0.0639975
-0.92648294,-0.0959963
-0.92628294,-0.0639975
-0.92608294,-0.0319988
-0.92588294,-0.0319988
-0.92568294,-0.0639975
-0.92548294,-0.0639975
-0.92528294,-0.0639975
-0.92508294,-0.0959963
-0.92488294,-0.0319988
-0.92468294,-0.0319988
-0.92448294,-0.0959963
-0.92428294,-0.0959963
-0.92408294,-0.0319988
-0.92388294,-0.0639975
-0.92368294,-0.0959963
-0.92348294,-0.0319988
-0.92328294,-0.0959963
-0.92308294,-0.0639975
-0.92288294,-0.0319988
-0.92268294,-0.0959963
-0.92248294,-0.0319988
-0.92228294,-0.0639975
-0.92208294,-0.0959963
-0.92188294,-0.0319988
-0.92168294,-0.0959963
-0.92148294,-0.0959963
-0.92128294,-0.0639975
-0.92108294,-0.0959963
-0.92088294,-0.0639975
-0.92068294,-0.0639975
-0.92048294,-0.0959963
-0.92028294,-0.0639975
-0.92008294,-0.0319988
-0.91988294,-0.0319988
-0.91968294,-0.0639975
-0.91948294,-0.0639975
-0.91928294,-0.0319988
-0.91908294,-0.0959963
-0.91888294,-0.0959963
-0.91868294,-0.0319988
-0.91848294,-0.0959963
-0.91828294,-0.0959963
-0.91808294,-0.0639975
-0.91788294,-0.0639975
-0.91768294,0
-0.91748294,-0.0639975
-0.91728294,-0.0319988
-0.91708294,-0.0639975
-0.91688294,-0.0959963
-0.91668294,-0.127995
-0.91648294,-0.0639975
-0.91628294,-0.0639975
-0.91608294,-0.0959963
-0.91588294,-0.0639975
-0.91568294,-0.0959963
-0.91548294,-0.0639975
-0.91528294,-0.0959963
-0.91508294,-0.0639975
-0.91488294,-0.0639975
-0.91468294,-0.0639975
-0.91448294,-0.0319988
-0.91428294,-0.0639975
-0.91408294,-0.0319988
-0.91388294,-0.0639975
-0.91368294,-0.0639975
-0.91348294,-0.0959963
-0.91328294,-0.0319988
-0.91308294,-0.0639975
-0.91288294,-0.0959963
-0.91268294,-0.0959963
-0.91248294,-0.0639975
-0.91228294,0
-0.91208294,-0.0959963
-0.91188294,-0.0959963
-0.91168294,-0.0319988
-0.91148294,-0.0319988
-0.91128294,-0.0959963
-0.91108294,-0.0639975
-0.91088294,-0.0639975
-0.91068294,-0.0639975
-0.91048294,-0.0639975
-0.91028294,-0.0319988
-0.91008294,-0.127995
-0.90988294,-0.0319988
-0.90968294,-0.0639975
-0.90948294,-0.0959963
-0.90928294,-0.0639975
-0.90908294,-0.0639975
-0.90888294,-0.0639975
-0.90868294,-0.0319988
-0.90848294,-0.0959963
-0.90828294,-0.0959963
-0.90808294,-0.0639975
-0.90788294,-0.0639975
-0.90768294,-0.0959963
-0.90748294,-0.0319988
-0.90728294,-0.0639975
-0.90708294,-0.0959963
-0.90688294,-0.127995
-0.90668294,-0.0959963
-0.90648294,-0.0639975
-0.90628294,-0.0639975
-0.90608294,-0.0639975
-0.90588294,-0.0959963
-0.90568294,-0.0959963
-0.90548294,-0.0319988
-0.90528294,-0.127995
-0.90508294,-0.0639975
-0.90488294,-0.0639975
-0.90468294,-0.0959963
-0.90448294,-0.0639975
-0.90428294,-0.0319988
-0.90408294,-0.0959963
-0.90388294,-0.0639975
-0.90368294,-0.0319988
-0.90348294,-0.0959963
-0.90328294,-0.0639975
-0.90308294,-0.0639975
-0.90288294,-0.0639975
-0.90268294,-0.0639975
-0.90248294,-0.0639975
-0.90228294,-0.127995
-0.90208294,-0.0639975
-0.90188294,-0.0639975
-0.90168294,-0.0959963
-0.90148294,-0.0639975
-0.90128294,-0.0639975
-0.90108294,-0.0639975
-0.90088294,-0.0319988
-0.90068294,-0.0319988
-0.90048294,-0.0639975
-0.90028294,-0.0319988
-0.90008294,-0.0639975
-0.89988294,-0.0639975
-0.89968294,-0.0319988
-0.89948294,-0.0639975
-0.89928294,-0.0959963
-0.89908294,-0.0639975
-0.89888294,-0.0959963
-0.89868294,-0.0959963
-0.89848294,0
-0.89828294,-0.0319988
-0.89808294,-0.0639975
-0.89788294,-0.0639975
-0.89768294,-0.0639975
-0.89748294,-0.0639975
-0.89728294,-0.0319988
-0.89708294,-0.0639975
-0.89688294,-0.0959963
-0.89668294,-0.0639975
-0.89648294,-0.0639975
-0.89628294,-0.0639975
-0.89608294,-0.0319988
-0.89588294,-0.0959963
-0.89568294,-0.0639975
-0.89548294,-0.0639975
-0.89528294,-0.0319988
-0.89508294,-0.0639975
-0.89488294,-0.0639975
-0.89468294,-0.0639975
-0.89448294,-0.0959963
-0.89428294,-0.0319988
-0.89408294,-0.0959963
-0.89388294,-0.0639975
-0.89368294,-0.0639975
-0.89348294,-0.0639975
-0.89328294,-0.0639975
-0.89308294,-0.0639975
-0.89288294,-0.0319988
-0.89268294,-0.0639975
-0.89248294,-0.0319988
-0.89228294,-0.0639975
-0.89208294,-0.0959963
-0.89188294,0
-0.89168294,-0.0319988
-0.89148294,-0.0959963
-0.89128294,-0.0639975
-0.89108294,0
-0.89088294,-0.0959963
-0.89068294,-0.0319988
-0.89048294,-0.0319988
-0.89028294,-0.0639975
-0.89008294,0
-0.88988294,-0.0319988
-0.88968294,-0.0959963
-0.88948294,0
-0.88928294,0
-0.88908294,-0.0319988
-0.88888294,-0.0319988
-0.88868294,0
-0.88848294,-0.0319988
-0.88828294,0
-0.88808294,0
-0.88788294,0
-0.88768294,-0.0639975
-0.88748294,0
-0.88728294,-0.0319988
-0.88708294,0.0319988
-0.88688294,0
-0.88668294,-0.0639975
-0.88648294,0
-0.88628294,-0.0319988
-0.88608294,-0.0319988
-0.88588294,-0.0319988
-0.88568294,0
-0.88548294,-0.0639975
-0.88528294,-0.0319988
-0.88508294,-0.0319988
-0.88488294,-0.0319988
-0.88468294,0
-0.88448294,0
-0.88428294,-0.0319988
-0.88408294,-0.0319988
-0.88388294,0
-0.88368294,-0.0639975
-0.88348294,0
-0.88328294,0.0319988
-0.88308294,-0.0319988
-0.88288294,-0.0319988
-0.88268294,0
-0.88248294,0
-0.88228294,0
-0.88208294,-0.0319988
-0.88188294,0
-0.88168294,0
-0.88148294,0
-0.88128294,0
-0.88108294,0.0319988
-0.88088294,0.0319988
-0.88068294,-0.0319988
-0.88048294,0.0319988
-0.88028294,0.0319988
-0.88008294,0
-0.87988294,0
-0.87968294,0
-0.87948294,0
-0.87928294,0
-0.87908294,0
-0.87888294,0
-0.87868294,0
-0.87848294,0
-0.87828294,0
-0.87808294,0.0319988
-0.87788294,-0.0319988
-0.87768294,0.0319988
-0.87748294,0
-0.87728294,0.0319988
-0.87708294,-0.0319988
-0.87688294,0
-0.87668294,0
-0.87648294,0
-0.87628294,-0.0319988
-0.87608294,0
-0.87588294,-0.0319988
-0.87568294,-0.0319988
-0.87548294,0
-0.87528294,0.0319988
-0.87508294,-0.0319988
-0.87488294,0
-0.87468294,0
-0.87448294,0
-0.87428294,0
-0.87408294,0
-0.87388294,-0.0319988
-0.87368294,-0.0639975
-0.87348294,-0.0639975
-0.87328294,0.0319988
-0.87308294,0
-0.87288294,-0.0319988
-0.87268294,-0.0639975
-0.87248294,-0.0639975
-0.87228294,-0.0319988
-0.87208294,-0.0639975
-0.87188294,0
-0.87168294,-0.0319988
-0.87148294,-0.0319988
-0.87128294,0
-0.87108294,-0.0319988
-0.87088294,-0.0639975
-0.87068294,-0.0319988
-0.87048294,-0.0639975
-0.87028294,-0.0639975
-0.87008294,-0.0319988
-0.86988294,-0.0639975
-0.86968294,-0.0319988
-0.86948294,0
-0.86928294,-0.0959963
-0.86908294,-0.0639975
-0.86888294,0
-0.86868294,-0.0639975
-0.86848294,-0.0639975
-0.86828294,-0.0319988
-0.86808294,-0.0959963
-0.86788294,-0.0639975
-0.86768294,-0.0639975
-0.86748294,-0.0319988
-0.86728294,-0.0319988
-0.86708294,-0.0639975
-0.86688294,-0.0639975
-0.86668294,-0.0959963
-0.86648294,-0.0959963
-0.86628294,-0.0639975
-0.86608294,-0.0959963
-0.86588294,-0.0319988
-0.86568294,-0.0639975
-0.86548294,-0.0319988
-0.86528294,-0.0639975
-0.86508294,-0.0639975
-0.86488294,-0.0959963
-0.86468294,-0.0319988
-0.86448294,-0.0639975
-0.86428294,-0.0639975
-0.86408294,-0.0639975
-0.86388294,-0.0639975
-0.86368294,-0.0639975
-0.86348294,-0.0639975
-0.86328294,-0.0639975
-0.86308294,-0.0319988
-0.86288294,-0.0319988
-0.86268294,-0.0959963
-0.86248294,-0.0959963
-0.86228294,-0.0639975
-0.86208294,-0.0639975
-0.86188294,-0.0639975
-0.86168294,-0.0319988
-0.86148294,-0.0959963
-0.86128294,-0.0959963
-0.86108294,-0.0639975
-0.86088294,-0.0959963
-0.86068294,-0.0639975
-0.86048294,-0.0959963
-0.86028294,-0.0959963
-0.86008294,-0.0319988
-0.85988294,-0.0319988
-0.85968294,-0.0639975
-0.85948294,-0.0639975
-0.85928294,-0.0319988
-0.85908294,-0.0959963
-0.85888294,-0.0639975
-0.85868294,-0.0319988
-0.85848294,-0.0639975
-0.85828294,-0.0959963
-0.85808294,-0.0959963
-0.85788294,-0.0639975
-0.85768294,-0.0639975
-0.85748294,-0.0639975
-0.85728294,-0.0639975
-0.85708294,-0.0319988
-0.85688294,-0.0319988
-0.85668294,-0.0639975
-0.85648294,-0.0639975
-0.85628294,-0.0639975
-0.85608294,-0.0959963
-0.85588294,-0.0639975
-0.85568294,-0.0319988
-0.85548294,-0.0959963
-0.85528294,-0.0319988
-0.85508294,0
-0.85488294,-0.0639975
-0.85468294,-0.0319988
-0.85448294,-0.0319988
-0.85428294,-0.0639975
-0.85408294,-0.0639975
-0.85388294,0
-0.85368294,-0.0639975
-0.85348294,0
-0.85328294,-0.0639975
-0.85308294,-0.0639975
-0.85288294,-0.0319988
-0.85268294,-0.0319988
-0.85248294,-0.0959963
-0.85228294,-0.0639975
-0.85208294,-0.0639975
-0.85188294,-0.0319988
-0.85168294,-0.0319988
-0.85148294,0
-0.85128294,-0.0319988
-0.85108294,-0.0639975
-0.85088294,-0.0319988
-0.85068294,-0.0639975
-0.85048294,-0.0639975
-0.85028294,-0.0319988
-0.85008294,-0.0639975
-0.84988294,-0.0319988
-0.84968294,0
-0.84948294,-0.0639975
-0.84928294,0
-0.84908294,0
-0.84888294,-0.0639975
-0.84868294,-0.0319988
-0.84848294,0
-0.84828294,-0.0319988
-0.84808294,0
-0.84788294,-0.0639975
-0.84768294,-0.0319988
-0.84748294,-0.0319988
-0.84728294,-0.0319988
-0.84708294,-0.0319988
-0.84688294,-0.0319988
-0.84668294,-0.0319988
-0.84648294,-0.0319988
-0.84628294,0
-0.84608294,0
-0.84588294,-0.0639975
-0.84568294,0
-0.84548294,0
-0.84528294,0
-0.84508294,0
-0.84488294,0
-0.84468294,0
-0.84448294,0
-0.84428294,0
-0.84408294,-0.0319988
-0.84388294,0.0319988
-0.84368294,-0.0319988
-0.84348294,-0.0639975
-0.84328294,-0.0319988
-0.84308294,0.0639975
-0.84288294,0
-0.84268294,0
-0.84248294,0.0319988
-0.84228294,-0.0319988
-0.84208294,0
-0.84188294,0
-0.84168294,0
-0.84148294,0
-0.84128294,0.0319988
-0.84108294,0
-0.84088294,-0.0319988
-0.84068294,0
-0.84048294,0
-0.84028294,0
-0.84008294,0
-0.83988294,0
-0.83968294,0
-0.83948294,0.0319988
-0.83928294,0
-0.83908294,0
-0.83888294,0.0319988
-0.83868294,-0.0319988
-0.83848294,0
-0.83828294,0.0319988
-0.83808294,0
-0.83788294,0
-0.83768294,0
-0.83748294,0
-0.83728294,0
-0.83708294,0.0319988
-0.83688294,0
-0.83668294,0
-0.83648294,0.0319988
-0.83628294,0
-0.83608294,-0.0319988
-0.83588294,0.0319988
-0.83568294,-0.0319988
-0.83548294,0.0319988
-0.83528294,0
-0.83508294,-0.0319988
-0.83488294,0.0319988
-0.83468294,0
-0.83448294,0.0319988
-0.83428294,0
-0.83408294,0.0319988
-0.83388294,0
-0.83368294,0.0319988
-0.83348294,0.0639975
-0.83328294,0
-0.83308294,0
-0.83288294,0.0319988
-0.83268294,-0.0639975
-0.83248294,-0.0319988
-0.83228294,0.0319988
-0.83208294,0
-0.83188294,0
-0.83168294,0.0319988
-0.83148294,0
-0.83128294,0.0319988
-0.83108294,0
-0.83088294,-0.0319988
-0.83068294,0
-0.83048294,-0.0319988
-0.83028294,-0.0319988
-0.83008294,-0.0319988
-0.82988294,0
-0.82968294,0
-0.82948294,-0.0319988
-0.82928294,0.0319988
-0.82908294,-0.0319988
-0.82888294,0
-0.82868294,0
-0.82848294,-0.0319988
-0.82828294,0
-0.82808294,-0.0319988
-0.82788294,0
-0.82768294,0
-0.82748294,0
-0.82728294,0
-0.82708294,-0.0319988
-0.82688294,-0.0319988
-0.82668294,-0.0319988
-0.82648294,-0.0319988
-0.82628294,0.0319988
-0.82608294,-0.0319988
-0.82588294,-0.0319988
-0.82568294,0
-0.82548294,-0.0319988
-0.82528294,-0.0319988
-0.82508294,-0.0319988
-0.82488294,-0.0319988
-0.82468294,0
-0.82448294,-0.0639975
-0.82428294,-0.0319988
-0.82408294,-0.0319988
-0.82388294,-0.0319988
-0.82368294,-0.0639975
-0.82348294,0
-0.82328294,-0.0319988
-0.82308294,-0.0639975
-0.82288294,-0.0639975
-0.82268294,-0.0319988
-0.82248294,-0.0639975
-0.82228294,-0.0639975
-0.82208294,-0.0319988
-0.82188294,-0.0639975
-0.82168294,-0.0319988
-0.82148294,-0.0639975
-0.82128294,-0.0639975
-0.82108294,-0.0319988
-0.82088294,-0.0319988
-0.82068294,-0.0959963
-0.82048294,-0.0319988
-0.82028294,-0.0319988
-0.82008294,-0.0639975
-0.81988294,-0.0639975
-0.81968294,-0.0639975
-0.81948294,-0.0639975
-0.81928294,0
-0.81908294,-0.0319988
-0.81888294,-0.0639975
-0.81868294,-0.0319988
-0.81848294,-0.0319988
-0.81828294,-0.0319988
-0.81808294,0
-0.81788294,-0.0639975
-0.81768294,-0.0639975
-0.81748294,-0.0319988
-0.81728294,0
-0.81708294,-0.0319988
-0.81688294,-0.0319988
-0.81668294,-0.0319988
-0.81648294,-0.0319988
-0.81628294,-0.0639975
-0.81608294,0
-0.81588294,-0.0639975
-0.81568294,-0.0319988
-0.81548294,0
-0.81528294,-0.0639975
-0.81508294,-0.0319988
-0.81488294,0
-0.81468294,-0.0319988
-0.81448294,0
-0.81428294,0
-0.81408294,0
-0.81388294,-0.0639975
-0.81368294,0.0319988
-0.81348294,-0.0639975
-0.81328294,-0.0319988
-0.81308294,-0.0319988
-0.81288294,0
-0.81268294,0
-0.81248294,0
-0.81228294,-0.0639975
-0.81208294,-0.0319988
-0.81188294,0
-0.81168294,-0.0639975
-0.81148294,-0.0319988
-0.81128294,-0.0639975
-0.81108294,0.0319988
-0.81088294,-0.0319988
-0.81068294,-0.0319988
-0.81048294,-0.0639975
-0.81028294,-0.0639975
-0.81008294,-0.0319988
-0.80988294,-0.0639975
-0.80968294,-0.0319988
-0.80948294,-0.0319988
-0.80928294,-0.0959963
-0.80908294,-0.0639975
-0.80888294,0
-0.80868294,-0.0959963
-0.80848294,-0.0319988
-0.80828294,-0.0319988
-0.80808294,-0.0319988
-0.80788294,-0.0319988
-0.80768294,0
-0.80748294,-0.0319988
-0.80728294,-0.0639975
-0.80708294,-0.0319988
-0.80688294,-0.0319988
-0.80668294,-0.0319988
-0.80648294,-0.0319988
-0.80628294,-0.0319988
-0.80608294,-0.0639975
-0.80588294,-0.0639975
-0.80568294,-0.0639975
-0.80548294,-0.0639975
-0.80528294,-0.0639975
-0.80508294,-0.0639975
-0.80488294,-0.0639975
-0.80468294,-0.0639975
-0.80448294,-0.0959963
-0.80428294,-0.0639975
-0.80408294,-0.0639975
-0.80388294,-0.0639975
-0.80368294,-0.0639975
-0.80348294,-0.0319988
-0.80328294,-0.0639975
-0.80308294,-0.0319988
-0.80288294,-0.0639975
-0.80268294,-0.0639975
-0.80248294,-0.0319988
-0.80228294,-0.0639975
-0.80208294,-0.0959963
-0.80188294,-0.0639975
-0.80168294,0
-0.80148294,-0.0639975
-0.80128294,-0.0639975
-0.80108294,-0.0639975
-0.80088294,-0.0959963
-0.80068294,-0.0639975
-0.80048294,-0.0639975
-0.80028294,-0.0639975
-0.80008294,-0.0319988
-0.79988294,-0.0639975
-0.79968294,-0.0639975
-0.79948294,-0.0959963
-0.79928294,-0.0959963
-0.79908294,-0.0959963
-0.79888294,-0.0639975
-0.79868294,-0.0959963
-0.79848294,-0.0959963
-0.79828294,-0.0959963
-0.79808294,-0.0639975
-0.79788294,-0.127995
-0.79768294,-0.0639975
-0.79748294,-0.0959963
-0.79728294,-0.0959963
-0.79708294,-0.0959963
-0.79688294,-0.0959963
-0.79668294,-0.0959963
-0.79648294,-0.127995
-0.79628294,-0.0959963
-0.79608294,-0.127995
-0.79588294,-0.127995
-0.79568294,-0.0319988
-0.79548294,-0.127995
-0.79528294,-0.0319988
-0.79508294,-0.0959963
-0.79488294,-0.159994
-0.79468294,-0.0959963
-0.79448294,-0.0959963
-0.79428294,-0.127995
-0.79408294,-0.0639975
-0.79388294,-0.0959963
-0.79368294,-0.0959963
-0.79348294,-0.0959963
-0.79328294,-0.0959963
-0.79308294,-0.0959963
-0.79288294,-0.0959963
-0.79268294,-0.127995
-0.79248294,-0.127995
-0.79228294,-0.127995
-0.79208294,-0.0959963
-0.79188294,-0.0959963
-0.79168294,0
-0.79148294,-0.0959963
-0.79128294,-0.0959963
-0.79108294,-0.0959963
-0.79088294,-0.0959963
-0.79068294,-0.127995
-0.79048294,-0.0959963
-0.79028294,-0.0639975
-0.79008294,-0.0959963
-0.78988294,-0.0639975
-0.78968294,-0.0959963
-0.78948294,-0.0639975
-0.78928294,-0.0639975
-0.78908294,-0.0959963
-0.78888294,-0.0639975
-0.78868294,-0.0959963
-0.78848294,-0.0639975
-0.78828294,-0.127995
-0.78808294,-0.0959963
-0.78788294,-0.0639975
-0.78768294,-0.0959963
-0.78748294,-0.0959963
-0.78728294,-0.0639975
-0.78708294,-0.127995
-0.78688294,-0.127995
-0.78668294,-0.0639975
-0.78648294,-0.0959963
-0.78628294,-0.0639975
-0.78608294,-0.0959963
-0.78588294,-0.127995
-0.78568294,-0.0959963
-0.78548294,-0.0639975
-0.78528294,-0.0959963
-0.78508294,-0.0639975
-0.78488294,-0.0639975
-0.78468294,-0.159994
-0.78448294,-0.127995
-0.78428294,-0.0959963
-0.78408294,-0.127995
-0.78388294,-0.0639975
-0.78368294,-0.0959963
-0.78348294,-0.127995
-0.78328294,-0.0959963
-0.78308294,-0.0959963
-0.78288294,-0.127995
-0.78268294,-0.0639975
-0.78248294,-0.0639975
-0.78228294,-0.127995
-0.78208294,-0.0959963
-0.78188294,-0.0319988
-0.78168294,-0.0959963
-0.78148294,-0.0639975
-0.78128294,-0.0319988
-0.78108294,-0.127995
-0.78088294,-0.0959963
-0.78068294,-0.0959963
-0.78048294,-0.127995
-0.78028294,-0.0959963
-0.78008294,-0.0959963
-0.77988294,-0.159994
-0.77968294,-0.0959963
-0.77948294,-0.0639975
-0.77928294,-0.127995
-0.77908294,-0.0639975
-0.77888294,-0.0959963
-0.77868294,-0.127995
-0.77848294,-0.127995
-0.77828294,-0.0959963
-0.77808294,-0.0959963
-0.77788294,-0.127995
-0.77768294,-0.0959963
-0.77748294,-0.127995
-0.77728294,-0.0959963
-0.77708294,-0.0959963
-0.77688294,-0.159994
-0.77668294,-0.0959963
-0.77648294,-0.0959963
-0.77628294,-0.159994
-0.77608294,-0.127995
-0.77588294,-0.0639975
-0.77568294,-0.127995
-0.77548294,-0.159994
-0.77528294,-0.0959963
-0.77508294,-0.127995
-0.77488294,-0.127995
-0.77468294,-0.0959963
-0.77448294,-0.159994
-0.77428294,-0.159994
-0.77408294,-0.127995
-0.77388294,-0.159994
-0.77368294,-0.0959963
-0.77348294,-0.0959963
-0.77328294,-0.127995
-0.77308294,-0.0959963
-0.77288294,-0.127995
-0.77268294,-0.159994
-0.77248294,-0.127995
-0.77228294,-0.0959963
-0.77208294,-0.159994
-0.77188294,-0.0959963
-0.77168294,-0.0959963
-0.77148294,-0.127995
-0.77128294,-0.127995
-0.77108294,-0.0639975
-0.77088294,-0.127995
-0.77068294,-0.127995
-0.77048294,-0.0959963
-0.77028294,-0.127995
-0.77008294,-0.0959963
-0.76988294,-0.0639975
-0.76968294,-0.127995
-0.76948294,-0.0959963
-0.76928294,-0.0959963
-0.76908294,-0.0959963
-0.76888294,-0.127995
-0.76868294,-0.127995
-0.76848294,-0.127995
-0.76828294,-0.0959963
-0.76808294,-0.0959963
-0.76788294,-0.127995
-0.76768294,-0.0959963
-0.76748294,-0.0959963
-0.76728294,-0.0959963
-0.76708294,-0.0959963
-0.76688294,-0.0959963
-0.76668294,-0.0959963
-0.76648294,-0.0959963
-0.76628294,-0.0959963
-0.76608294,-0.0959963
-0.76588294,-0.0959963
-0.76568294,-0.0959963
-0.76548294,-0.0959963
-0.76528294,-0.0959963
-0.76508294,-0.0959963
-0.76488294,-0.0959963
-0.76468294,-0.0959963
-0.76448294,-0.0639975
-0.76428294,-0.159994
-0.76408294,-0.0959963
-0.76388294,-0.127995
-0.76368294,-0.159994
-0.76348294,-0.0639975
-0.76328294,-0.127995
-0.76308294,-0.0959963
-0.76288294,-0.0959963
-0.76268294,-0.0959963
-0.76248294,-0.127995
-0.76228294,-0.127995
-0.76208294,-0.0959963
-0.76188294,-0.127995
-0.76168294,-0.0639975
-0.76148294,-0.0959963
-0.76128294,-0.0959963
-0.76108294,-0.127995
-0.76088294,-0.0319988
-0.76068294,-0.127995
-0.76048294,-0.127995
-0.76028294,-0.0959963
-0.76008294,-0.159994
-0.75988294,-0.0959963
-0.75968294,-0.0639975
-0.75948294,-0.127995
-0.75928294,-0.0639975
-0.75908294,-0.0639975
-0.75888294,-0.0959963
-0.75868294,-0.0959963
-0.75848294,-0.0639975
-0.75828294,-0.0959963
-0.75808294,-0.0959963
-0.75788294,-0.0959963
-0.75768294,-0.127995
-0.75748294,-0.0959963
-0.75728294,-0.0639975
-0.75708294,-0.0959963
-0.75688294,-0.0639975
-0.75668294,-0.0639975
-0.75648294,-0.127995
-0.75628294,-0.0639975
-0.75608294,-0.0959963
-0.75588294,-0.0959963
-0.75568294,-0.0639975
-0.75548294,-0.0639975
-0.75528294,-0.0959963
-0.75508294,-0.0959963
-0.75488294,-0.0319988
-0.75468294,-0.0959963
-0.75448294,-0.0959963
-0.75428294,-0.0639975
-0.75408294,-0.0639975
-0.75388294,-0.0319988
-0.75368294,-0.0319988
-0.75348294,-0.0639975
-0.75328294,-0.0639975
-0.75308294,-0.0639975
-0.75288294,-0.0639975
-0.75268294,-0.0639975
-0.75248294,-0.0639975
-0.75228294,-0.0959963
-0.75208294,0
-0.75188294,-0.0639975
-0.75168294,-0.0639975
-0.75148294,-0.0319988
-0.75128294,-0.0319988
-0.75108294,-0.0959963
-0.75088294,-0.0639975
-0.75068294,-0.0319988
-0.75048294,-0.0959963
-0.75028294,-0.0319988
-0.75008294,-0.0319988
-0.74988294,-0.0639975
-0.74968294,0
-0.74948294,-0.0319988
-0.74928294,-0.0639975
-0.74908294,-0.0319988
-0.74888294,0
-0.74868294,-0.0959963
-0.74848294,0
-0.74828294,-0.0319988
-0.74808294,0
-0.74788294,0
-0.74768294,0
-0.74748294,-0.0639975
-0.74728294,-0.0319988
-0.74708294,0
-0.74688294,-0.0639975
-0.74668294,0
-0.74648294,-0.0319988
-0.74628294,-0.0319988
-0.74608294,0
-0.74588294,-0.0319988
-0.74568294,0
-0.74548294,0
-0.74528294,0
-0.74508294,0
-0.74488294,-0.0319988
-0.74468294,0
-0.74448294,0
-0.74428294,0.0319988
-0.74408294,0.0319988
-0.74388294,-0.0319988
-0.74368294,0
-0.74348294,0.0319988
-0.74328294,0
-0.74308294,0
-0.74288294,-0.0319988
-0.74268294,0
-0.74248294,0.0319988
-0.74228294,0.0639975
-0.74208294,0
-0.74188294,0.0319988
-0.74168294,0.0319988
-0.74148294,0.0319988
-0.74128294,0
-0.74108294,0.0639975
-0.74088294,0.0319988
-0.74068294,0.0319988
-0.74048294,0.0639975
-0.74028294,0
-0.74008294,0.0319988
-0.73988294,0.0639975
-0.73968294,0.0319988
-0.73948294,0
-0.73928294,0.0639975
-0.73908294,0.0319988
-0.73888294,0
-0.73868294,0.0319988
-0.73848294,0.0319988
-0.73828294,0.0639975
-0.73808294,0.0639975
-0.73788294,0.0639975
-0.73768294,0.0319988
-0.73748294,0.0639975
-0.73728294,0.0319988
-0.73708294,0.0959963
-0.73688294,0.0639975
-0.73668294,0.0639975
-0.73648294,0.0639975
-0.73628294,0.0639975
-0.73608294,0.0639975
-0.73588294,0.0639975
-0.73568294,0.0959963
-0.73548294,0.0639975
-0.73528294,0.0639975
-0.73508294,0.0639975
-0.73488294,0.0319988
-0.73468294,0.0959963
-0.73448294,0.0319988
-0.73428294,0.0639975
-0.73408294,0.0959963
-0.73388294,0.0639975
-0.73368294,0.0319988
-0.73348294,0.0639975
-0.73328294,0.0639975
-0.73308294,0.0959963
-0.73288294,0.0639975
-0.73268294,0.0959963
-0.73248294,0.0639975
-0.73228294,0.0639975
-0.73208294,0.0959963
-0.73188294,0.0639975
-0.73168294,0.0959963
-0.73148294,0.0959963
-0.73128294,0.0639975
-0.73108294,0.0959963
-0.73088294,0.0639975
-0.73068294,0.0639975
-0.73048294,0.0639975
-0.73028294,0.0959963
-0.73008294,0.127995
-0.72988294,0.127995
-0.72968294,0.0959963
-0.72948294,0.0959963
-0.72928294,0.0959963
-0.72908294,0.127995
-0.72888294,0.127995
-0.72868294,0.0959963
-0.72848294,0.0959963
-0.72828294,0.127995
-0.72808294,0.0959963
-0.72788294,0.0959963
-0.72768294,0.159994
-0.72748294,0.127995
-0.72728294,0.127995
-0.72708294,0.127995
-0.72688294,0.159994
-0.72668294,0.127995
-0.72648294,0.0959963
-0.72628294,0.127995
-0.72608294,0.127995
-0.72588294,0.0959963
-0.72568294,0.159994
-0.72548294,0.0959963
-0.72528294,0.127995
-0.72508294,0.159994
-0.72488294,0.159994
-0.72468294,0.159994
-0.72448294,0.159994
-0.72428294,0.159994
-0.72408294,0.159994
-0.72388294,0.223991
-0.72368294,0.159994
-0.72348294,0.191993
-0.72328294,0.127995
-0.72308294,0.191993
-0.72288294,0.159994
-0.72268294,0.127995
-0.72248294,0.159994
-0.72228294,0.223991
-0.72208294,0.159994
-0.72188294,0.127995
-0.72168294,0.191993
-0.72148294,0.159994
-0.72128294,0.127995
-0.72108294,0.159994
-0.72088294,0.223991
-0.72068294,0.159994
-0.72048294,0.191993
-0.72028294,0.223991
-0.72008294,0.159994
-0.71988294,0.191993
-0.71968294,0.25599
-0.71948294,0.127995
-0.71928294,0.191993
-0.71908294,0.191993
-0.71888294,0.191993
-0.71868294,0.159994
-0.71848294,0.159994
-0.71828294,0.191993
-0.71808294,0.191993
-0.71788294,0.191993
-0.71768294,0.191993
-0.71748294,0.223991
-0.71728294,0.191993
-0.71708294,0.191993
-0.71688294,0.223991
-0.71668294,0.191993
-0.71648294,0.223991
-0.71628294,0.191993
-0.71608294,0.191993
-0.71588294,0.191993
-0.71568294,0.191993
-0.71548294,0.191993
-0.71528294,0.191993
-0.71508294,0.191993
-0.71488294,0.25599
-0.71468294,0.191993
-0.71448294,0.191993
-0.71428294,0.191993
-0.71408294,0.159994
-0.71388294,0.223991
-0.71368294,0.25599
-0.71348294,0.191993
-0.71328294,0.159994
-0.71308294,0.191993
-0.71288294,0.159994
-0.71268294,0.191993
-0.71248294,0.191993
-0.71228294,0.191993
-0.71208294,0.191993
-0.71188294,0.159994
-0.71168294,0.191993
-0.71148294,0.159994
-0.71128294,0.223991
-0.71108294,0.223991
-0.71088294,0.191993
-0.71068294,0.191993
-0.71048294,0.191993
-0.71028294,0.191993
-0.71008294,0.223991
-0.70988294,0.191993
-0.70968294,0.223991
-0.70948294,0.159994
-0.70928294,0.191993
-0.70908294,0.191993
-0.70888294,0.191993
-0.70868294,0.191993
-0.70848294,0.159994
-0.70828294,0.223991
-0.70808294,0.159994
-0.70788294,0.191993
-0.70768294,0.223991
-0.70748294,0.191993
-0.70728294,0.159994
-0.70708294,0.223991
-0.70688294,0.223991
-0.70668294,0.191993
-0.70648294,0.25599
-0.70628294,0.159994
-0.70608294,0.223991
-0.70588294,0.223991
-0.70568294,0.191993
-0.70548294,0.223991
-0.70528294,0.191993
-0.70508294,0.191993
-0.70488294,0.159994
-0.70468294,0.223991
-0.70448294,0.191993
-0.70428294,0.191993
-0.70408294,0.191993
-0.70388294,0.159994
-0.70368294,0.191993
-0.70348294,0.191993
-0.70328294,0.191993
-0.70308294,0.223991
-0.70288294,0.223991
-0.70268294,0.191993
-0.70248294,0.223991
-0.70228294,0.25599
-0.70208294,0.191993
-0.70188294,0.223991
-0.70168294,0.223991
-0.70148294,0.191993
-0.70128294,0.223991
-0.70108294,0.25599
-0.70088294,0.223991
-0.70068294,0.223991
-0.70048294,0.223991
-0.70028294,0.191993
-0.70008294,0.223991
-0.69988294,0.223991
-0.69968294,0.223991
-0.69948294,0.223991
-0.69928294,0.25599
-0.69908294,0.191993
-0.69888294,0.191993
-0.69868294,0.223991
-0.69848294,0.159994
-0.69828294,0.223991
-0.69808294,0.191993
-0.69788294,0.159994
-0.69768294,0.223991
-0.69748294,0.223991
-0.69728294,0.191993
-0.69708294,0.191993
-0.69688294,0.223991
-0.69668294,0.191993
-0.69648294,0.159994
-0.69628294,0.191993
-0.69608294,0.191993
-0.69588294,0.191993
-0.69568294,0.191993
-0.69548294,0.191993
-0.69528294,0.223991
-0.69508294,0.191993
-0.69488294,0.223991
-0.69468294,0.191993
-0.69448294,0.223991
-0.69428294,0.191993
-0.69408294,0.223991
-0.69388294,0.223991
-0.69368294,0.191993
-0.69348294,0.191993
-0.69328294,0.223991
-0.69308294,0.191993
-0.69288294,0.191993
-0.69268294,0.223991
-0.69248294,0.191993
-0.69228294,0.223991
-0.69208294,0.223991
-0.69188294,0.191993
-0.69168294,0.191993
-0.69148294,0.223991
-0.69128294,0.159994
-0.69108294,0.191993
-0.69088294,0.191993
-0.69068294,0.25599
-0.69048294,0.191993
-0.69028294,0.223991
-0.69008294,0.191993
-0.68988294,0.159994
-0.68968294,0.223991
-0.68948294,0.191993
-0.68928294,0.191993
-0.68908294,0.191993
-0.68888294,0.191993
-0.68868294,0.223991
-0.68848294,0.191993
-0.68828294,0.223991
-0.68808294,0.191993
-0.68788294,0.191993
-0.68768294,0.191993
-0.68748294,0.159994
-0.68728294,0.159994
-0.68708294,0.223991
-0.68688294,0.223991
-0.68668294,0.223991
-0.68648294,0.191993
-0.68628294,0.191993
-0.68608294,0.159994
-0.68588294,0.191993
-0.68568294,0.191993
-0.68548294,0.191993
-0.68528294,0.191993
-0.68508294,0.191993
-0.68488294,0.223991
-0.68468294,0.159994
-0.68448294,0.25599
-0.68428294,0.223991
-0.68408294,0.191993
-0.68388294,0.191993
-0.68368294,0.191993
-0.68348294,0.159994
-0.68328294,0.191993
-0.68308294,0.159994
-0.68288294,0.191993
-0.68268294,0.191993
-0.68248294,0.191993
-0.68228294,0.191993
-0.68208294,0.223991
-0.68188294,0.223991
-0.68168294,0.223991
-0.68148294,0.223991
-0.68128294,0.25599
-0.68108294,0.191993
-0.68088294,0.191993
-0.68068294,0.223991
-0.68048294,0.191993
-0.68028294,0.223991
-0.68008294,0.25599
-0.67988294,0.191993
-0.67968294,0.223991
-0.67948294,0.25599
-0.67928294,0.159994
-0.67908294,0.191993
-0.67888294,0.223991
-0.67868294,0.223991
-0.67848294,0.223991
-0.67828294,0.25599
-0.67808294,0.223991
-0.67788294,0.25599
-0.67768294,0.223991
-0.67748294,0.223991
-0.67728294,0.223991
-0.67708294,0.25599
-0.67688294,0.25599
-0.67668294,0.223991
-0.67648294,0.223991
-0.67628294,0.223991
-0.67608294,0.287989
-0.67588294,0.223991
-0.67568294,0.223991
-0.67548294,0.223991
-0.67528294,0.25599
-0.67508294,0.223991
-0.67488294,0.223991
-0.67468294,0.223991
-0.67448294,0.191993
-0.67428294,0.223991
-0.67408294,0.223991
-0.67388294,0.25599
-0.67368294,0.223991
-0.67348294,0.223991
-0.67328294,0.223991
-0.67308294,0.191993
-0.67288294,0.25599
-0.67268294,0.223991
-0.67248294,0.223991
-0.67228294,0.223991
-0.67208294,0.159994
-0.67188294,0.223991
-0.67168294,0.223991
-0.67148294,0.223991
-0.67128294,0.191993
-0.67108294,0.223991
-0.67088294,0.191993
-0.67068294,0.159994
-0.67048294,0.191993
-0.67028294,0.191993
-0.67008294,0.159994
-0.66988294,0.223991
-0.66968294,0.191993
-0.66948294,0.223991
-0.66928294,0.25599
-0.66908294,0.191993
-0.66888294,0.191993
-0.66868294,0.191993
-0.66848294,0.159994
-0.66828294,0.191993
-0.66808294,0.191993
-0.66788294,0.159994
-0.66768294,0.223991
-0.66748294,0.159994
-0.66728294,0.191993
-0.66708294,0.191993
-0.66688294,0.223991
-0.66668294,0.159994
-0.66648294,0.159994
-0.66628294,0.223991
-0.66608294,0.191993
-0.66588294,0.191993
-0.66568294,0.159994
-0.66548294,0.159994
-0.66528294,0.191993
-0.66508294,0.191993
-0.66488294,0.191993
-0.66468294,0.191993
-0.66448294,0.191993
-0.66428294,0.191993
-0.66408294,0.159994
-0.66388294,0.25599
-0.66368294,0.159994
-0.66348294,0.191993
-0.66328294,0.159994
-0.66308294,0.159994
-0.66288294,0.191993
-0.66268294,0.191993
-0.66248294,0.159994
-0.66228294,0.191993
-0.66208294,0.223991
-0.66188294,0.127995
-0.66168294,0.191993
-0.66148294,0.159994
-0.66128294,0.127995
-0.66108294,0.159994
-0.66088294,0.159994
-0.66068294,0.159994
-0.66048294,0.191993
-0.66028294,0.191993
-0.66008294,0.159994
-0.65988294,0.159994
-0.65968294,0.191993
-0.65948294,0.127995
-0.65928294,0.191993
-0.65908294,0.191993
-0.65888294,0.159994
-0.65868294,0.159994
-0.65848294,0.159994
-0.65828294,0.159994
-0.65808294,0.191993
-0.65788294,0.159994
-0.65768294,0.159994
-0.65748294,0.191993
-0.65728294,0.191993
-0.65708294,0.191993
-0.65688294,0.191993
-0.65668294,0.127995
-0.65648294,0.159994
-0.65628294,0.191993
-0.65608294,0.223991
-0.65588294,0.159994
-0.65568294,0.191993
-0.65548294,0.159994
-0.65528294,0.191993
-0.65508294,0.127995
-0.65488294,0.191993
-0.65468294,0.159994
-0.65448294,0.159994
-0.65428294,0.159994
-0.65408294,0.159994
-0.65388294,0.159994
-0.65368294,0.159994
-0.65348294,0.159994
-0.65328294,0.191993
-0.65308294,0.191993
-0.65288294,0.159994
-0.65268294,0.159994
-0.65248294,0.191993
-0.65228294,0.127995
-0.65208294,0.191993
-0.65188294,0.191993
-0.65168294,0.159994
-0.65148294,0.127995
-0.65128294,0.191993
-0.65108294,0.159994
-0.65088294,0.159994
-0.65068294,0.159994
-0.65048294,0.159994
-0.65028294,0.191993
-0.65008294,0.191993
-0.64988294,0.159994
-0.64968294,0.159994
-0.64948294,0.159994
-0.64928294,0.127995
-0.64908294,0.159994
-0.64888294,0.127995
-0.64868294,0.127995
-0.64848294,0.159994
-0.64828294,0.191993
-0.64808294,0.0959963
-0.64788294,0.127995
-0.64768294,0.159994
-0.64748294,0.127995
-0.64728294,0.127995
-0.64708294,0.127995
-0.64688294,0.159994
-0.64668294,0.159994
-0.64648294,0.191993
-0.64628294,0.127995
-0.64608294,0.0959963
-0.64588294,0.159994
-0.64568294,0.127995
-0.64548294,0.0959963
-0.64528294,0.127995
-0.64508294,0.0959963
-0.64488294,0.127995
-0.64468294,0.159994
-0.64448294,0.127995
-0.64428294,0.159994
-0.64408294,0.127995
-0.64388294,0.159994
-0.64368294,0.159994
-0.64348294,0.159994
-0.64328294,0.0959963
-0.64308294,0.191993
-0.64288294,0.191993
-0.64268294,0.159994
-0.64248294,0.127995
-0.64228294,0.127995
-0.64208294,0.127995
-0.64188294,0.159994
-0.64168294,0.159994
-0.64148294,0.159994
-0.64128294,0.127995
-0.64108294,0.159994
-0.64088294,0.127995
-0.64068294,0.127995
-0.64048294,0.159994
-0.64028294,0.127995
-0.64008294,0.0959963
-0.63988294,0.159994
-0.63968294,0.127995
-0.63948294,0.127995
-0.63928294,0.127995
-0.63908294,0.159994
-0.63888294,0.127995
-0.63868294,0.127995
-0.63848294,0.159994
-0.63828294,0.159994
-0.63808294,0.159994
-0.63788294,0.159994
-0.63768294,0.159994
-0.63748294,0.159994
-0.63728294,0.127995
-0.63708294,0.127995
-0.63688294,0.127995
-0.63668294,0.0959963
-0.63648294,0.0959963
-0.63628294,0.127995
-0.63608294,0.127995
-0.63588294,0.159994
-0.63568294,0.127995
-0.63548294,0.127995
-0.63528294,0.127995
-0.63508294,0.159994
-0.63488294,0.159994
-0.63468294,0.127995
-0.63448294,0.127995
-0.63428294,0.127995
-0.63408294,0.127995
-0.63388294,0.159994
-0.63368294,0.127995
-0.63348294,0.0959963
-0.63328294,0.159994
-0.63308294,0.127995
-0.63288294,0.0959963
-0.63268294,0.127995
-0.63248294,0.159994
-0.63228294,0.127995
-0.63208294,0.127995
-0.63188294,0.127995
-0.63168294,0.0959963
-0.63148294,0.159994
-0.63128294,0.127995
-0.63108294,0.127995
-0.63088294,0.159994
-0.63068294,0.159994
-0.63048294,0.127995
-0.63028294,0.159994
-0.63008294,0.159994
-0.62988294,0.159994
-0.62968294,0.191993
-0.62948294,0.159994
-0.62928294,0.159994
-0.62908294,0.159994
-0.62888294,0.159994
-0.62868294,0.159994
-0.62848294,0.191993
-0.62828294,0.159994
-0.62808294,0.191993
-0.62788294,0.159994
-0.62768294,0.159994
-0.62748294,0.191993
-0.62728294,0.159994
-0.62708294,0.127995
-0.62688294,0.159994
-0.62668294,0.159994
-0.62648294,0.159994
-0.62628294,0.127995
-0.62608294,0.159994
-0.62588294,0.159994
-0.62568294,0.159994
-0.62548294,0.127995
-0.62528294,0.159994
-0.62508294,0.159994
-0.62488294,0.191993
-0.62468294,0.191993
-0.62448294,0.191993
-0.62428294,0.191993
-0.62408294,0.127995
-0.62388294,0.159994
-0.62368294,0.191993
-0.62348294,0.159994
-0.62328294,0.127995
-0.62308294,0.191993
-0.62288294,0.159994
-0.62268294,0.159994
-0.62248294,0.159994
-0.62228294,0.127995
-0.62208294,0.127995
-0.62188294,0.159994
-0.62168294,0.127995
-0.62148294,0.159994
-0.62128294,0.159994
-0.62108294,0.127995
-0.62088294,0.159994
-0.62068294,0.127995
-0.62048294,0.159994
-0.62028294,0.127995
-0.62008294,0.159994
-0.61988294,0.127995
-0.61968294,0.127995
-0.61948294,0.127995
-0.61928294,0.159994
-0.61908294,0.127995
-0.61888294,0.159994
-0.61868294,0.159994
-0.61848294,0.159994
-0.61828294,0.127995
-0.61808294,0.0959963
-0.61788294,0.127995
-0.61768294,0.159994
-0.61748294,0.0959963
-0.61728294,0.127995
-0.61708294,0.127995
-0.61688294,0.127995
-0.61668294,0.127995
-0.61648294,0.0959963
-0.61628294,0.0959963
-0.61608294,0.159994
-0.61588294,0.127995
-0.61568294,0.159994
-0.61548294,0.127995
-0.61528294,0.159994
-0.61508294,0.0959963
-0.61488294,0.0959963
-0.61468294,0.127995
-0.61448294,0.0959963
-0.61428294,0.0639975
-0.61408294,0.0959963
-0.61388294,0.0959963
-0.61368294,0.0959963
-0.61348294,0.159994
-0.61328294,0.0639975
-0.61308294,0.0639975
-0.61288294,0.0639975
-0.61268294,0.0959963
-0.61248294,0.0639975
-0.61228294,0.0959963
-0.61208294,0.0639975
-0.61188294,0.0959963
-0.61168294,0.0959963
-0.61148294,0.0959963
-0.61128294,0.0959963
-0.61108294,0.0959963
-0.61088294,0.127995
-0.61068294,0.0639975
-0.61048294,0.0959963
-0.61028294,0.0639975
-0.61008294,0.0639975
-0.60988294,0.0959963
-0.60968294,0.0959963
-0.60948294,0.0319988
-0.60928294,0.0959963
-0.60908294,0.0959963
-0.60888294,0.0959963
-0.60868294,0.127995
-0.60848294,0.0639975
-0.60828294,0.0959963
-0.60808294,0.127995
-0.60788294,0.0959963
-0.60768294,0.0959963
-0.60748294,0.0959963
-0.60728294,0.0959963
-0.60708294,0.0959963
-0.60688294,0.0639975
-0.60668294,0.0639975
-0.60648294,0.0639975
-0.60628294,0.0639975
-0.60608294,0.0959963
-0.60588294,0.0639975
-0.60568294,0.127995
-0.60548294,0.0639975
-0.60528294,0.0959963
-0.60508294,0.0959963
-0.60488294,0.0959963
-0.60468294,0.127995
-0.60448294,0.0959963
-0.60428294,0.0959963
-0.60408294,0.0959963
-0.60388294,0.127995
-0.60368294,0.0959963
-0.60348294,0.0639975
-0.60328294,0.0959963
-0.60308294,0.0959963
-0.60288294,0.0959963
-0.60268294,0.0959963
-0.60248294,0.0959963
-0.60228294,0.0959963
-0.60208294,0.127995
-0.60188294,0.127995
-0.60168294,0.0959963
-0.60148294,0.0959963
-0.60128294,0.0959963
-0.60108294,0.0959963
-0.60088294,0.0959963
-0.60068294,0.0959963
-0.60048294,0.0959963
-0.60028294,0.0959963
-0.60008294,0.0959963
-0.59988294,0.0959963
-0.59968294,0.0959963
-0.59948294,0.0959963
-0.59928294,0.0959963
-0.59908294,0.0959963
-0.59888294,0.0959963
-0.59868294,0.0959963
-0.59848294,0.127995
-0.59828294,0.0959963
-0.59808294,0.127995
-0.59788294,0.0959963
-0.59768294,0.127995
-0.59748294,0.0959963
-0.59728294,0.127995
-0.59708294,0.0959963
-0.59688294,0.127995
-0.59668294,0.127995
-0.59648294,0.127995
-0.59628294,0.127995
-0.59608294,0.127995
-0.59588294,0.127995
-0.59568294,0.127995
-0.59548294,0.0959963
-0.59528294,0.0959963
-0.59508294,0.159994
-0.59488294,0.127995
-0.59468294,0.127995
-0.59448294,0.127995
-0.59428294,0.127995
-0.59408294,0.127995
-0.59388294,0.159994
-0.59368294,0.191993
-0.59348294,0.159994
-0.59328294,0.159994
-0.59308294,0.127995
-0.59288294,0.159994
-0.59268294,0.191993
-0.59248294,0.0959963
-0.59228294,0.127995
-0.59208294,0.159994
-0.59188294,0.159994
-0.59168294,0.159994
-0.59148294,0.223991
-0.59128294,0.159994
-0.59108294,0.159994
-0.59088294,0.159994
-0.59068294,0.191993
-0.59048294,0.159994
-0.59028294,0.191993
-0.59008294,0.223991
-0.58988294,0.191993
-0.58968294,0.191993
-0.58948294,0.191993
-0.58928294,0.191993
-0.58908294,0.191993
-0.58888294,0.191993
-0.58868294,0.223991
-0.58848294,0.191993
-0.58828294,0.287989
-0.58808294,0.191993
-0.58788294,0.223991
-0.58768294,0.223991
-0.58748294,0.191993
-0.58728294,0.191993
-0.58708294,0.223991
-0.58688294,0.223991
-0.58668294,0.223991
-0.58648294,0.223991
-0.58628294,0.191993
-0.58608294,0.191993
-0.58588294,0.223991
-0.58568294,0.223991
-0.58548294,0.223991
-0.58528294,0.223991
-0.58508294,0.223991
-0.58488294,0.223991
-0.58468294,0.223991
-0.58448294,0.223991
-0.58428294,0.223991
-0.58408294,0.25599
-0.58388294,0.159994
-0.58368294,0.223991
-0.58348294,0.223991
-0.58328294,0.223991
-0.58308294,0.25599
-0.58288294,0.25599
-0.58268294,0.191993
-0.58248294,0.223991
-0.58228294,0.25599
-0.58208294,0.191993
-0.58188294,0.25599
-0.58168294,0.25599
-0.58148294,0.223991
-0.58128294,0.223991
-0.58108294,0.25599
-0.58088294,0.223991
-0.58068294,0.223991
-0.58048294,0.223991
-0.58028294,0.223991
-0.58008294,0.25599
-0.57988294,0.25599
-0.57968294,0.223991
-0.57948294,0.25599
-0.57928294,0.25599
-0.57908294,0.191993
-0.57888294,0.25599
-0.57868294,0.25599
-0.57848294,0.25599
-0.57828294,0.25599
-0.57808294,0.223991
-0.57788294,0.25599
-0.57768294,0.287989
-0.57748294,0.25599
-0.57728294,0.223991
-0.57708294,0.25599
-0.57688294,0.25599
-0.57668294,0.223991
-0.57648294,0.25599
-0.57628294,0.25599
-0.57608294,0.223991
-0.57588294,0.25599
-0.57568294,0.287989
-0.57548294,0.25599
-0.57528294,0.223991
-0.57508294,0.287989
-0.57488294,0.25599
-0.57468294,0.25599
-0.57448294,0.25599
-0.57428294,0.25599
-0.57408294,0.223991
-0.57388294,0.25599
-0.57368294,0.287989
-0.57348294,0.287989
-0.57328294,0.25599
-0.57308294,0.25599
-0.57288294,0.223991
-0.57268294,0.25599
-0.57248294,0.223991
-0.57228294,0.287989
-0.57208294,0.287989
-0.57188294,0.25599
-0.57168294,0.223991
-0.57148294,0.287989
-0.57128294,0.287989
-0.57108294,0.25599
-0.57088294,0.25599
-0.57068294,0.25599
-0.57048294,0.223991
-0.57028294,0.319988
-0.57008294,0.25599
-0.56988294,0.287989
-0.56968294,0.287989
-0.56948294,0.287989
-0.56928294,0.191993
-0.56908294,0.25599
-0.56888294,0.25599
-0.56868294,0.25599
-0.56848294,0.25599
-0.56828294,0.223991
-0.56808294,0.319988
-0.56788294,0.287989
-0.56768294,0.25599
-0.56748294,0.25599
-0.56728294,0.25599
-0.56708294,0.25599
-0.56688294,0.25599
-0.56668294,0.287989
-0.56648294,0.319988
-0.56628294,0.287989
-0.56608294,0.223991
-0.56588294,0.25599
-0.56568294,0.287989
-0.56548294,0.287989
-0.56528294,0.287989
-0.56508294,0.287989
-0.56488294,0.287989
-0.56468294,0.25599
-0.56448294,0.319988
-0.56428294,0.287989
-0.56408294,0.223991
-0.56388294,0.287989
-0.56368294,0.287989
-0.56348294,0.287989
-0.56328294,0.25599
-0.56308294,0.287989
-0.56288294,0.25599
-0.56268294,0.287989
-0.56248294,0.223991
-0.56228294,0.25599
-0.56208294,0.25599
-0.56188294,0.319988
-0.56168294,0.25599
-0.56148294,0.223991
-0.56128294,0.25599
-0.56108294,0.223991
-0.56088294,0.25599
-0.56068294,0.319988
-0.56048294,0.223991
-0.56028294,0.25599
-0.56008294,0.319988
-0.55988294,0.223991
-0.55968294,0.25599
-0.55948294,0.319988
-0.55928294,0.223991
-0.55908294,0.223991
-0.55888294,0.25599
-0.55868294,0.25599
-0.55848294,0.223991
-0.55828294,0.223991
-0.55808294,0.25599
-0.55788294,0.287989
-0.55768294,0.25599
-0.55748294,0.223991
-0.55728294,0.25599
-0.55708294,0.223991
-0.55688294,0.223991
-0.55668294,0.25599
-0.55648294,0.25599
-0.55628294,0.223991
-0.55608294,0.25599
-0.55588294,0.25599
-0.55568294,0.223991
-0.55548294,0.25599
-0.55528294,0.25599
-0.55508294,0.223991
-0.55488294,0.25599
-0.55468294,0.25599
-0.55448294,0.223991
-0.55428294,0.191993
-0.55408294,0.25599
-0.55388294,0.191993
-0.55368294,0.25599
-0.55348294,0.223991
-0.55328294,0.191993
-0.55308294,0.223991
-0.55288294,0.287989
-0.55268294,0.223991
-0.55248294,0.223991
-0.55228294,0.25599
-0.55208294,0.25599
-0.55188294,0.223991
-0.55168294,0.25599
-0.55148294,0.191993
-0.55128294,0.223991
-0.55108294,0.223991
-0.55088294,0.223991
-0.55068294,0.223991
-0.55048294,0.223991
-0.55028294,0.223991
-0.55008294,0.223991
-0.54988294,0.223991
-0.54968294,0.223991
-0.54948294,0.287989
-0.54928294,0.25599
-0.54908294,0.223991
-0.54888294,0.25599
-0.54868294,0.25599
-0.54848294,0.223991
-0.54828294,0.223991
-0.54808294,0.25599
-0.54788294,0.25599
-0.54768294,0.25599
-0.54748294,0.25599
-0.54728294,0.159994
-0.54708294,0.223991
-0.54688294,0.287989
-0.54668294,0.191993
-0.54648294,0.223991
-0.54628294,0.223991
-0.54608294,0.223991
-0.54588294,0.25599
-0.54568294,0.287989
-0.54548294,0.223991
-0.54528294,0.223991
-0.54508294,0.25599
-0.54488294,0.287989
-0.54468294,0.25599
-0.54448294,0.25599
-0.54428294,0.25599
-0.54408294,0.223991
-0.54388294,0.25599
-0.54368294,0.25599
-0.54348294,0.25599
-0.54328294,0.223991
-0.54308294,0.25599
-0.54288294,0.223991
-0.54268294,0.287989
-0.54248294,0.223991
-0.54228294,0.25599
-0.54208294,0.25599
-0.54188294,0.287989
-0.54168294,0.25599
-0.54148294,0.223991
-0.54128294,0.25599
-0.54108294,0.25599
-0.54088294,0.319988
-0.54068294,0.223991
-0.54048294,0.25599
-0.54028294,0.25599
-0.54008294,0.25599
-0.53988294,0.25599
-0.53968294,0.25599
-0.53948294,0.223991
-0.53928294,0.223991
-0.53908294,0.223991
-0.53888294,0.25599
-0.53868294,0.25599
-0.53848294,0.25599
-0.53828294,0.223991
-0.53808294,0.223991
-0.53788294,0.287989
-0.53768294,0.25599
-0.53748294,0.223991
-0.53728294,0.25599
-0.53708294,0.287989
-0.53688294,0.223991
-0.53668294,0.25599
-0.53648294,0.287989
-0.53628294,0.25599
-0.53608294,0.287989
-0.53588294,0.25599
-0.53568294,0.287989
-0.53548294,0.25599
-0.53528294,0.25599
-0.53508294,0.25599
-0.53488294,0.25599
-0.53468294,0.25599
-0.53448294,0.223991
-0.53428294,0.25599
-0.53408294,0.191993
-0.53388294,0.25599
-0.53368294,0.287989
-0.53348294,0.223991
-0.53328294,0.25599
-0.53308294,0.223991
-0.53288294,0.223991
-0.53268294,0.223991
-0.53248294,0.223991
-0.53228294,0.223991
-0.53208294,0.223991
-0.53188294,0.25599
-0.53168294,0.223991
-0.53148294,0.223991
-0.53128294,0.25599
-0.53108294,0.223991
-0.53088294,0.223991
-0.53068294,0.223991
-0.53048294,0.223991
-0.53028294,0.25599
-0.53008294,0.223991
-0.52988294,0.159994
-0.52968294,0.223991
-0.52948294,0.223991
-0.52928294,0.223991
-0.52908294,0.223991
-0.52888294,0.223991
-0.52868294,0.223991
-0.52848294,0.223991
-0.52828294,0.25599
-0.52808294,0.25599
-0.52788294,0.223991
-0.52768294,0.25599
-0.52748294,0.191993
-0.52728294,0.191993
-0.52708294,0.223991
-0.52688294,0.191993
-0.52668294,0.25599
-0.52648294,0.25599
-0.52628294,0.223991
-0.52608294,0.223991
-0.52588294,0.223991
-0.52568294,0.159994
-0.52548294,0.223991
-0.52528294,0.25599
-0.52508294,0.191993
-0.52488294,0.191993
-0.52468294,0.223991
-0.52448294,0.223991
-0.52428294,0.223991
-0.52408294,0.223991
-0.52388294,0.223991
-0.52368294,0.223991
-0.52348294,0.223991
-0.52328294,0.223991
-0.52308294,0.223991
-0.52288294,0.223991
-0.52268294,0.159994
-0.52248294,0.191993
-0.52228294,0.191993
-0.52208294,0.159994
-0.52188294,0.191993
-0.52168294,0.191993
-0.52148294,0.191993
-0.52128294,0.191993
-0.52108294,0.191993
-0.52088294,0.159994
-0.52068294,0.223991
-0.52048294,0.223991
-0.52028294,0.159994
-0.52008294,0.191993
-0.51988294,0.223991
-0.51968294,0.159994
-0.51948294,0.191993
-0.51928294,0.223991
-0.51908294,0.191993
-0.51888294,0.191993
-0.51868294,0.191993
-0.51848294,0.127995
-0.51828294,0.223991
-0.51808294,0.191993
-0.51788294,0.159994
-0.51768294,0.191993
-0.51748294,0.159994
-0.51728294,0.159994
-0.51708294,0.191993
-0.51688294,0.191993
-0.51668294,0.191993
-0.51648294,0.191993
-0.51628294,0.191993
-0.51608294,0.223991
-0.51588294,0.159994
-0.51568294,0.159994
-0.51548294,0.127995
-0.51528294,0.191993
-0.51508294,0.159994
-0.51488294,0.127995
-0.51468294,0.159994
-0.51448294,0.127995
-0.51428294,0.127995
-0.51408294,0.159994
-0.51388294,0.159994
-0.51368294,0.159994
-0.51348294,0.159994
-0.51328294,0.159994
-0.51308294,0.159994
-0.51288294,0.159994
-0.51268294,0.127995
-0.51248294,0.159994
-0.51228294,0.127995
-0.51208294,0.159994
-0.51188294,0.159994
-0.51168294,0.159994
-0.51148294,0.0959963
-0.51128294,0.159994
-0.51108294,0.127995
-0.51088294,0.159994
-0.51068294,0.127995
-0.51048294,0.159994
-0.51028294,0.159994
-0.51008294,0.0959963
-0.50988294,0.159994
-0.50968294,0.159994
-0.50948294,0.159994
-0.50928294,0.0959963
-0.50908294,0.127995
-0.50888294,0.127995
-0.50868294,0.159994
-0.50848294,0.159994
-0.50828294,0.0959963
-0.50808294,0.159994
-0.50788294,0.127995
-0.50768294,0.127995
-0.50748294,0.191993
-0.50728294,0.127995
-0.50708294,0.127995
-0.50688294,0.127995
-0.50668294,0.127995
-0.50648294,0.0959963
-0.50628294,0.127995
-0.50608294,0.0959963
-0.50588294,0.127995
-0.50568294,0.127995
-0.50548294,0.127995
-0.50528294,0.127995
-0.50508294,0.127995
-0.50488294,0.127995
-0.50468294,0.0959963
-0.50448294,0.127995
-0.50428294,0.159994
-0.50408294,0.159994
-0.50388294,0.127995
-0.50368294,0.159994
-0.50348294,0.0959963
-0.50328294,0.0959963
-0.50308294,0.159994
-0.50288294,0.159994
-0.50268294,0.191993
-0.50248294,0.127995
-0.50228294,0.0959963
-0.50208294,0.127995
-0.50188294,0.191993
-0.50168294,0.127995
-0.50148294,0.127995
-0.50128294,0.159994
-0.50108294,0.127995
-0.50088294,0.127995
-0.50068294,0.127995
-0.50048294,0.159994
-0.50028294,0.127995
-0.50008294,0.127995
-0.49988294,0.127995
-0.49968294,0.159994
-0.49948294,0.159994
-0.49928294,0.0959963
-0.49908294,0.127995
-0.49888294,0.127995
-0.49868294,0.127995
-0.49848294,0.159994
-0.49828294,0.191993
-0.49808294,0.127995
-0.49788294,0.127995
-0.49768294,0.159994
-0.49748294,0.159994
-0.49728294,0.191993
-0.49708294,0.127995
-0.49688294,0.127995
-0.49668294,0.159994
-0.49648294,0.127995
-0.49628294,0.159994
-0.49608294,0.159994
-0.49588294,0.127995
-0.49568294,0.159994
-0.49548294,0.159994
-0.49528294,0.159994
-0.49508294,0.127995
-0.49488294,0.159994
-0.49468294,0.159994
-0.49448294,0.0959963
-0.49428294,0.127995
-0.49408294,0.223991
-0.49388294,0.127995
-0.49368294,0.127995
-0.49348294,0.159994
-0.49328294,0.127995
-0.49308294,0.127995
-0.49288294,0.191993
-0.49268294,0.127995
-0.49248294,0.159994
-0.49228294,0.127995
-0.49208294,0.159994
-0.49188294,0.159994
-0.49168294,0.159994
-0.49148294,0.159994
-0.49128294,0.159994
-0.49108294,0.223991
-0.49088294,0.159994
-0.49068294,0.159994
-0.49048294,0.159994
-0.49028294,0.159994
-0.49008294,0.191993
-0.48988294,0.159994
-0.48968294,0.159994
-0.48948294,0.159994
-0.48928294,0.191993
-0.48908294,0.159994
-0.48888294,0.159994
-0.48868294,0.191993
-0.48848294,0.159994
-0.48828294,0.191993
-0.48808294,0.159994
-0.48788294,0.191993
-0.48768294,0.191993
-0.48748294,0.191993
-0.48728294,0.159994
-0.48708294,0.191993
-0.48688294,0.223991
-0.48668294,0.159994
-0.48648294,0.191993
-0.48628294,0.159994
-0.48608294,0.127995
-0.48588294,0.159994
-0.48568294,0.191993
-0.48548294,0.191993
-0.48528294,0.127995
-0.48508294,0.191993
-0.48488294,0.127995
-0.48468294,0.159994
-0.48448294,0.223991
-0.48428294,0.159994
-0.48408294,0.159994
-0.48388294,0.191993
-0.48368294,0.159994
-0.48348294,0.159994
-0.48328294,0.191993
-0.48308294,0.159994
-0.48288294,0.159994
-0.48268294,0.191993
-0.48248294,0.159994
-0.48228294,0.191993
-0.48208294,0.191993
-0.48188294,0.159994
-0.48168294,0.191993
-0.48148294,0.191993
-0.48128294,0.159994
-0.48108294,0.159994
-0.48088294,0.191993
-0.48068294,0.191993
-0.48048294,0.191993
-0.48028294,0.159994
-0.48008294,0.191993
-0.47988294,0.191993
-0.47968294,0.191993
-0.47948294,0.191993
-0.47928294,0.159994
-0.47908294,0.191993
-0.47888294,0.191993
-0.47868294,0.191993
-0.47848294,0.223991
-0.47828294,0.191993
-0.47808294,0.191993
-0.47788294,0.191993
-0.47768294,0.191993
-0.47748294,0.191993
-0.47728294,0.223991
-0.47708294,0.159994
-0.47688294,0.191993
-0.47668294,0.159994
-0.47648294,0.159994
-0.47628294,0.191993
-0.47608294,0.159994
-0.47588294,0.191993
-0.47568294,0.223991
-0.47548294,0.191993
-0.47528294,0.159994
-0.47508294,0.127995
-0.47488294,0.191993
-0.47468294,0.191993
-0.47448294,0.191993
-0.47428294,0.223991
-0.47408294,0.191993
-0.47388294,0.159994
-0.47368294,0.159994
-0.47348294,0.191993
-0.47328294,0.191993
-0.47308294,0.223991
-0.47288294,0.159994
-0.47268294,0.191993
-0.47248294,0.223991
-0.47228294,0.159994
-0.47208294,0.223991
-0.47188294,0.191993
-0.47168294,0.159994
-0.47148294,0.191993
-0.47128294,0.223991
-0.47108294,0.191993
-0.47088294,0.223991
-0.47068294,0.25599
-0.47048294,0.191993
-0.47028294,0.191993
-0.47008294,0.25599
-0.46988294,0.191993
-0.46968294,0.159994
-0.46948294,0.25599
-0.46928294,0.191993
-0.46908294,0.223991
-0.46888294,0.223991
-0.46868294,0.191993
-0.46848294,0.223991
-0.46828294,0.25599
-0.46808294,0.25599
-0.46788294,0.223991
-0.46768294,0.223991
-0.46748294,0.191993
-0.46728294,0.191993
-0.46708294,0.223991
-0.46688294,0.191993
-0.46668294,0.223991
-0.46648294,0.191993
-0.46628294,0.191993
-0.46608294,0.223991
-0.46588294,0.25599
-0.46568294,0.191993
-0.46548294,0.25599
-0.46528294,0.223991
-0.46508294,0.191993
-0.46488294,0.159994
-0.46468294,0.223991
-0.46448294,0.191993
-0.46428294,0.223991
-0.46408294,0.25599
-0.46388294,0.191993
-0.46368294,0.159994
-0.46348294,0.223991
-0.46328294,0.223991
-0.46308294,0.191993
-0.46288294,0.159994
-0.46268294,0.191993
-0.46248294,0.223991
-0.46228294,0.159994
-0.46208294,0.191993
-0.46188294,0.159994
-0.46168294,0.223991
-0.46148294,0.223991
-0.46128294,0.223991
-0.46108294,0.159994
-0.46088294,0.191993
-0.46068294,0.191993
-0.46048294,0.159994
-0.46028294,0.127995
-0.46008294,0.191993
-0.45988294,0.159994
-0.45968294,0.159994
-0.45948294,0.127995
-0.45928294,0.159994
-0.45908294,0.159994
-0.45888294,0.159994
-0.45868294,0.159994
-0.45848294,0.159994
-0.45828294,0.127995
-0.45808294,0.191993
-0.45788294,0.159994
-0.45768294,0.159994
-0.45748294,0.159994
-0.45728294,0.191993
-0.45708294,0.127995
-0.45688294,0.159994
-0.45668294,0.159994
-0.45648294,0.127995
-0.45628294,0.159994
-0.45608294,0.191993
-0.45588294,0.127995
-0.45568294,0.159994
-0.45548294,0.127995
-0.45528294,0.159994
-0.45508294,0.159994
-0.45488294,0.159994
-0.45468294,0.159994
-0.45448294,0.127995
-0.45428294,0.159994
-0.45408294,0.191993
-0.45388294,0.127995
-0.45368294,0.159994
-0.45348294,0.159994
-0.45328294,0.159994
-0.45308294,0.127995
-0.45288294,0.127995
-0.45268294,0.159994
-0.45248294,0.0959963
-0.45228294,0.127995
-0.45208294,0.127995
-0.45188294,0.127995
-0.45168294,0.159994
-0.45148294,0.0959963
-0.45128294,0.0959963
-0.45108294,0.159994
-0.45088294,0.127995
-0.45068294,0.127995
-0.45048294,0.127995
-0.45028294,0.127995
-0.45008294,0.127995
-0.44988294,0.0959963
-0.44968294,0.0959963
-0.44948294,0.0959963
-0.44928294,0.0959963
-0.44908294,0.0959963
-0.44888294,0.0959963
-0.44868294,0.0959963
-0.44848294,0.127995
-0.44828294,0.0959963
-0.44808294,0.0959963
-0.44788294,0.127995
-0.44768294,0.0639975
-0.44748294,0.127995
-0.44728294,0.0959963
-0.44708294,0.0959963
-0.44688294,0.0959963
-0.44668294,0.127995
-0.44648294,0.0959963
-0.44628294,0.0959963
-0.44608294,0.127995
-0.44588294,0.0959963
-0.44568294,0.0959963
-0.44548294,0.0639975
-0.44528294,0.0959963
-0.44508294,0.0959963
-0.44488294,0.0639975
-0.44468294,0.0959963
-0.44448294,0.0959963
-0.44428294,0.127995
-0.44408294,0.0959963
-0.44388294,0.0639975
-0.44368294,0.0959963
-0.44348294,0.0959963
-0.44328294,0.0959963
-0.44308294,0.0639975
-0.44288294,0.0959963
-0.44268294,0.0959963
-0.44248294,0.127995
-0.44228294,0.0639975
-0.44208294,0.0319988
-0.44188294,0.0959963
-0.44168294,0.0959963
-0.44148294,0.0959963
-0.44128294,0.0959963
-0.44108294,0.0959963
-0.44088294,0.0959963
-0.44068294,0.0639975
-0.44048294,0.0639975
-0.44028294,0
-0.44008294,0.127995
-0.43988294,0.0639975
-0.43968294,0.0639975
-0.43948294,0.0959963
-0.43928294,0.0959963
-0.43908294,0.0959963
-0.43888294,0.0639975
-0.43868294,0.0959963
-0.43848294,0.0319988
-0.43828294,0.0639975
-0.43808294,0.0639975
-0.43788294,0.0959963
-0.43768294,0.0639975
-0.43748294,0.0959963
-0.43728294,0.0959963
-0.43708294,0.127995
-0.43688294,0.0959963
-0.43668294,0.0959963
-0.43648294,0.0639975
-0.43628294,0.0319988
-0.43608294,0.0639975
-0.43588294,0.0639975
-0.43568294,0.0639975
-0.43548294,0.0639975
-0.43528294,0.0959963
-0.43508294,0.0959963
-0.43488294,0.0639975
-0.43468294,0.0639975
-0.43448294,0.0639975
-0.43428294,0.0639975
-0.43408294,0.0639975
-0.43388294,0.0319988
-0.43368294,0
-0.43348294,0.0319988
-0.43328294,0.0639975
-0.43308294,0.0639975
-0.43288294,0.0319988
-0.43268294,0.0319988
-0.43248294,0.0959963
-0.43228294,0.0639975
-0.43208294,0.0959963
-0.43188294,0.0959963
-0.43168294,0.0639975
-0.43148294,0.0639975
-0.43128294,0.0959963
-0.43108294,0.0959963
-0.43088294,0.0959963
-0.43068294,0.0959963
-0.43048294,0.0959963
-0.43028294,0.0959963
-0.43008294,0.0959963
-0.42988294,0.127995
-0.42968294,0.0959963
-0.42948294,0.0959963
-0.42928294,0.0639975
-0.42908294,0.0959963
-0.42888294,0.0639975
-0.42868294,0.127995
-0.42848294,0.0959963
-0.42828294,0.127995
-0.42808294,0.0959963
-0.42788294,0.0639975
-0.42768294,0.0959963
-0.42748294,0.0959963
-0.42728294,0.0639975
-0.42708294,0.0639975
-0.42688294,0.0959963
-0.42668294,0.0639975
-0.42648294,0.0639975
-0.42628294,0.0959963
-0.42608294,0.0639975
-0.42588294,0.0959963
-0.42568294,0.127995
-0.42548294,0.0639975
-0.42528294,0.0959963
-0.42508294,0.0959963
-0.42488294,0.0959963
-0.42468294,0.0959963
-0.42448294,0.0959963
-0.42428294,0.0959963
-0.42408294,0.0319988
-0.42388294,0.0959963
-0.42368294,0.0959963
-0.42348294,0.0959963
-0.42328294,0.0319988
-0.42308294,0.127995
-0.42288294,0.0639975
-0.42268294,0.0959963
-0.42248294,0.0959963
-0.42228294,0.0639975
-0.42208294,0.0639975
-0.42188294,0.0959963
-0.42168294,0.0639975
-0.42148294,0.0639975
-0.42128294,0.0959963
-0.42108294,0.0639975
-0.42088294,0.127995
-0.42068294,0.0959963
-0.42048294,0.0639975
-0.42028294,0.0959963
-0.42008294,0.0959963
-0.41988294,0.0639975
-0.41968294,0.0959963
-0.41948294,0.0959963
-0.41928294,0.0639975
-0.41908294,0.0959963
-0.41888294,0.0639975
-0.41868294,0.0959963
-0.41848294,0.0959963
-0.41828294,0.0959963
-0.41808294,0.0319988
-0.41788294,0.127995
-0.41768294,0.0639975
-0.41748294,0.0319988
-0.41728294,0.0639975
-0.41708294,0.0959963
-0.41688294,0.0319988
-0.41668294,0.0959963
-0.41648294,0.0639975
-0.41628294,0.0639975
-0.41608294,0.0959963
-0.41588294,0.0959963
-0.41568294,0.0959963
-0.41548294,0.0959963
-0.41528294,0.0639975
-0.41508294,0.0319988
-0.41488294,0.0959963
-0.41468294,0.0639975
-0.41448294,0
-0.41428294,0.0639975
-0.41408294,0.0639975
-0.41388294,0.0639975
-0.41368294,0.0319988
-0.41348294,0.0639975
-0.41328294,0
-0.41308294,0.0319988
-0.41288294,0.0639975
-0.41268294,0
-0.41248294,0.0319988
-0.41228294,0.0639975
-0.41208294,0.0319988
-0.41188294,0.0319988
-0.41168294,0.0639975
-0.41148294,-0.0319988
-0.41128294,0
-0.41108294,0
-0.41088294,-0.0319988
-0.41068294,0
-0.41048294,0.0319988
-0.41028294,0
-0.41008294,0.0319988
-0.40988294,0
-0.40968294,0.0319988
-0.40948294,-0.0319988
-0.40928294,0
-0.40908294,0
-0.40888294,0
-0.40868294,0.0639975
-0.40848294,-0.0319988
-0.40828294,0
-0.40808294,0.0319988
-0.40788294,0
-0.40768294,0
-0.40748294,0.0319988
-0.40728294,-0.0319988
-0.40708294,-0.0319988
-0.40688294,-0.0319988
-0.40668294,0
-0.40648294,0
-0.40628294,0
-0.40608294,-0.0639975
-0.40588294,0
-0.40568294,0
-0.40548294,-0.0319988
-0.40528294,-0.0639975
-0.40508294,-0.0319988
-0.40488294,-0.0319988
-0.40468294,-0.0319988
-0.40448294,0.0319988
-0.40428294,-0.0319988
-0.40408294,-0.0319988
-0.40388294,-0.0319988
-0.40368294,-0.0639975
-0.40348294,0
-0.40328294,-0.0319988
-0.40308294,-0.0639975
-0.40288294,-0.0639975
-0.40268294,-0.0319988
-0.40248294,-0.0639975
-0.40228294,-0.0319988
-0.40208294,-0.0319988
-0.40188294,-0.127995
-0.40168294,-0.0319988
-0.40148294,-0.0639975
-0.40128294,-0.0639975
-0.40108294,-0.0319988
-0.40088294,-0.0319988
-0.40068294,-0.0959963
-0.40048294,-0.0319988
-0.40028294,-0.0319988
-0.40008294,-0.0639975
-0.39988294,-0.0959963
-0.39968294,-0.0639975
-0.39948294,-0.0959963
-0.39928294,-0.0639975
-0.39908294,-0.0959963
-0.39888294,-0.0639975
-0.39868294,-0.0959963
-0.39848294,-0.0639975
-0.39828294,-0.0959963
-0.39808294,-0.0639975
-0.39788294,-0.0639975
-0.39768294,-0.0639975
-0.39748294,-0.0959963
-0.39728294,-0.0639975
-0.39708294,-0.0959963
-0.39688294,-0.0639975
-0.39668294,-0.0639975
-0.39648294,-0.127995
-0.39628294,-0.0959963
-0.39608294,-0.0639975
-0.39588294,-0.0959963
-0.39568294,-0.127995
-0.39548294,-0.0959963
-0.39528294,-0.0639975
-0.39508294,-0.127995
-0.39488294,-0.0959963
-0.39468294,-0.127995
-0.39448294,-0.0959963
-0.39428294,-0.0959963
-0.39408294,-0.0639975
-0.39388294,-0.0959963
-0.39368294,-0.0959963
-0.39348294,-0.127995
-0.39328294,-0.0639975
-0.39308294,-0.0639975
-0.39288294,-0.127995
-0.39268294,-0.0959963
-0.39248294,-0.0959963
-0.39228294,-0.159994
-0.39208294,-0.127995
-0.39188294,-0.127995
-0.39168294,-0.127995
-0.39148294,-0.127995
-0.39128294,-0.127995
-0.39108294,-0.127995
-0.39088294,-0.127995
-0.39068294,-0.0959963
-0.39048294,-0.127995
-0.39028294,-0.127995
-0.39008294,-0.0639975
-0.38988294,-0.127995
-0.38968294,-0.0959963
-0.38948294,-0.0959963
-0.38928294,-0.127995
-0.38908294,-0.127995
-0.38888294,-0.0959963
-0.38868294,-0.127995
-0.38848294,-0.0959963
-0.38828294,-0.159994
-0.38808294,-0.127995
-0.38788294,-0.159994
-0.38768294,-0.127995
-0.38748294,-0.159994
-0.38728294,-0.127995
-0.38708294,-0.159994
-0.38688294,-0.127995
-0.38668294,-0.127995
-0.38648294,-0.127995
-0.38628294,-0.159994
-0.38608294,-0.159994
-0.38588294,-0.159994
-0.38568294,-0.127995
-0.38548294,-0.159994
-0.38528294,-0.127995
-0.38508294,-0.159994
-0.38488294,-0.127995
-0.38468294,-0.159994
-0.38448294,-0.159994
-0.38428294,-0.127995
-0.38408294,-0.0959963
-0.38388294,-0.159994
-0.38368294,-0.127995
-0.38348294,-0.191993
-0.38328294,-0.159994
-0.38308294,-0.127995
-0.38288294,-0.127995
-0.38268294,-0.159994
-0.38248294,-0.127995
-0.38228294,-0.159994
-0.38208294,-0.127995
-0.38188294,-0.159994
-0.38168294,-0.127995
-0.38148294,-0.159994
-0.38128294,-0.127995
-0.38108294,-0.159994
-0.38088294,-0.159994
-0.38068294,-0.191993
-0.38048294,-0.127995
-0.38028294,-0.159994
-0.38008294,-0.0959963
-0.37988294,-0.159994
-0.37968294,-0.159994
-0.37948294,-0.159994
-0.37928294,-0.127995
-0.37908294,-0.159994
-0.37888294,-0.159994
-0.37868294,-0.159994
-0.37848294,-0.127995
-0.37828294,-0.191993
-0.37808294,-0.159994
-0.37788294,-0.191993
-0.37768294,-0.159994
-0.37748294,-0.159994
-0.37728294,-0.191993
-0.37708294,-0.191993
-0.37688294,-0.127995
-0.37668294,-0.159994
-0.37648294,-0.159994
-0.37628294,-0.0959963
-0.37608294,-0.127995
-0.37588294,-0.191993
-0.37568294,-0.127995
-0.37548294,-0.191993
-0.37528294,-0.159994
-0.37508294,-0.127995
-0.37488294,-0.159994
-0.37468294,-0.127995
-0.37448294,-0.191993
-0.37428294,-0.191993
-0.37408294,-0.191993
-0.37388294,-0.159994
-0.37368294,-0.191993
-0.37348294,-0.159994
-0.37328294,-0.191993
-0.37308294,-0.159994
-0.37288294,-0.159994
-0.37268294,-0.159994
-0.37248294,-0.191993
-0.37228294,-0.159994
-0.37208294,-0.159994
-0.37188294,-0.191993
-0.37168294,-0.159994
-0.37148294,-0.159994
-0.37128294,-0.159994
-0.37108294,-0.159994
-0.37088294,-0.191993
-0.37068294,-0.159994
-0.37048294,-0.159994
-0.37028294,-0.159994
-0.37008294,-0.159994
-0.36988294,-0.127995
-0.36968294,-0.127995
-0.36948294,-0.127995
-0.36928294,-0.159994
-0.36908294,-0.159994
-0.36888294,-0.159994
-0.36868294,-0.127995
-0.36848294,-0.0959963
-0.36828294,-0.191993
-0.36808294,-0.127995
-0.36788294,-0.127995
-0.36768294,-0.127995
-0.36748294,-0.0959963
-0.36728294,-0.0959963
-0.36708294,-0.159994
-0.36688294,-0.127995
-0.36668294,-0.0959963
-0.36648294,-0.191993
-0.36628294,-0.0959963
-0.36608294,-0.127995
-0.36588294,-0.127995
-0.36568294,-0.0959963
-0.36548294,-0.0959963
-0.36528294,-0.127995
-0.36508294,-0.0959963
-0.36488294,-0.0639975
-0.36468294,-0.127995
-0.36448294,-0.0639975
-0.36428294,-0.0639975
-0.36408294,-0.159994
-0.36388294,-0.127995
-0.36368294,-0.0959963
-0.36348294,-0.127995
-0.36328294,-0.0959963
-0.36308294,-0.0319988
-0.36288294,-0.0959963
-0.36268294,-0.0639975
-0.36248294,-0.0639975
-0.36228294,-0.0959963
-0.36208294,-0.0639975
-0.36188294,-0.0959963
-0.36168294,-0.127995
-0.36148294,-0.0959963
-0.36128294,-0.0959963
-0.36108294,-0.0959963
-0.36088294,-0.0639975
-0.36068294,-0.0639975
-0.36048294,-0.0959963
-0.36028294,-0.0959963
-0.36008294,-0.0639975
-0.35988294,-0.0959963
-0.35968294,-0.127995
-0.35948294,-0.0639975
-0.35928294,-0.0639975
-0.35908294,-0.0639975
-0.35888294,-0.0319988
-0.35868294,-0.0639975
-0.35848294,-0.0959963
-0.35828294,-0.0639975
-0.35808294,-0.0639975
-0.35788294,-0.0319988
-0.35768294,-0.0639975
-0.35748294,-0.0639975
-0.35728294,-0.0639975
-0.35708294,-0.0639975
-0.35688294,-0.0319988
-0.35668294,-0.0639975
-0.35648294,-0.0319988
-0.35628294,-0.0959963
-0.35608294,-0.0639975
-0.35588294,-0.0319988
-0.35568294,-0.0319988
-0.35548294,0
-0.35528294,-0.0319988
-0.35508294,-0.0319988
-0.35488294,0
-0.35468294,0
-0.35448294,-0.0319988
-0.35428294,0.0319988
-0.35408294,0.0319988
-0.35388294,0
-0.35368294,-0.0319988
-0.35348294,0.0319988
-0.35328294,0
-0.35308294,0
-0.35288294,0
-0.35268294,-0.0319988
-0.35248294,0.0319988
-0.35228294,0.0319988
-0.35208294,-0.0319988
-0.35188294,0.0319988
-0.35168294,0.0639975
-0.35148294,-0.0319988
-0.35128294,0.0319988
-0.35108294,0.0319988
-0.35088294,0.0639975
-0.35068294,0.0319988
-0.35048294,0.0959963
-0.35028294,0
-0.35008294,0
-0.34988294,0
-0.34968294,0.0319988
-0.34948294,0.0639975
-0.34928294,0.0319988
-0.34908294,0
-0.34888294,0
-0.34868294,0.0319988
-0.34848294,0
-0.34828294,0.0319988
-0.34808294,0.0639975
-0.34788294,0.0639975
-0.34768294,0.0319988
-0.34748294,0.0639975
-0.34728294,0.0319988
-0.34708294,0.0639975
-0.34688294,0.0639975
-0.34668294,0.0319988
-0.34648294,0.0639975
-0.34628294,0.0639975
-0.34608294,0.0319988
-0.34588294,0.0639975
-0.34568294,0.0319988
-0.34548294,0.0319988
-0.34528294,0.0639975
-0.34508294,0.0639975
-0.34488294,0.0319988
-0.34468294,0.0639975
-0.34448294,0.0959963
-0.34428294,0.0319988
-0.34408294,0.0639975
-0.34388294,0.0639975
-0.34368294,0.0639975
-0.34348294,0.0959963
-0.34328294,0.0959963
-0.34308294,0.0639975
-0.34288294,0.0959963
-0.34268294,0.0959963
-0.34248294,0.0639975
-0.34228294,0.0639975
-0.34208294,0.0959963
-0.34188294,0.0639975
-0.34168294,0.0959963
-0.34148294,0.0639975
-0.34128294,0.0639975
-0.34108294,0.0639975
-0.34088294,0.0639975
-0.34068294,0.0639975
-0.34048294,0.127995
-0.34028294,0.0959963
-0.34008294,0.0639975
-0.33988294,0.0639975
-0.33968294,0.0639975
-0.33948294,0.0319988
-0.33928294,0.0959963
-0.33908294,0.0959963
-0.33888294,0.0639975
-0.33868294,0.0959963
-0.33848294,0.0959963
-0.33828294,0.0639975
-0.33808294,0.0639975
-0.33788294,0.0959963
-0.33768294,0.0639975
-0.33748294,0.0639975
-0.33728294,0.0959963
-0.33708294,0.0639975
-0.33688294,0.0639975
-0.33668294,0.0639975
-0.33648294,0.0319988
-0.33628294,0.0319988
-0.33608294,0.0639975
-0.33588294,0.0639975
-0.33568294,0.0639975
-0.33548294,0.0639975
-0.33528294,0.0959963
-0.33508294,0.0959963
-0.33488294,0.0319988
-0.33468294,0.0319988
-0.33448294,0.0639975
-0.33428294,0.0959963
-0.33408294,0.0319988
-0.33388294,0.0959963
-0.33368294,0.0639975
-0.33348294,0.0639975
-0.33328294,0.0959963
-0.33308294,0.0639975
-0.33288294,0.0639975
-0.33268294,0.0639975
-0.33248294,0.0639975
-0.33228294,0.0639975
-0.33208294,0.0319988
-0.33188294,0.0639975
-0.33168294,0.0319988
-0.33148294,0.0639975
-0.33128294,0.0959963
-0.33108294,0.0639975
-0.33088294,0.0639975
-0.33068294,0.0639975
-0.33048294,0.0639975
-0.33028294,0.0639975
-0.33008294,0.0639975
-0.32988294,0.0639975
-0.32968294,0.0639975
-0.32948294,0.0639975
-0.32928294,0.0639975
-0.32908294,0.0639975
-0.32888294,0.0639975
-0.32868294,0.0319988
-0.32848294,0.0639975
-0.32828294,0.0639975
-0.32808294,0.0319988
-0.32788294,0.0319988
-0.32768294,0.0639975
-0.32748294,0
-0.32728294,0.0639975
-0.32708294,0.0319988
-0.32688294,0.0639975
-0.32668294,0.0639975
-0.32648294,0.0959963
-0.32628294,0
-0.32608294,0.0319988
-0.32588294,0.0319988
-0.32568294,-0.0319988
-0.32548294,0.0319988
-0.32528294,0.0319988
-0.32508294,0
-0.32488294,0.0319988
-0.32468294,0.0319988
-0.32448294,0.0319988
-0.32428294,0
-0.32408294,0.0319988
-0.32388294,0
-0.32368294,0
-0.32348294,0.0319988
-0.32328294,0
-0.32308294,-0.0319988
-0.32288294,0.0319988
-0.32268294,-0.0319988
-0.32248294,0
-0.32228294,-0.0319988
-0.32208294,0
-0.32188294,0
-0.32168294,0
-0.32148294,-0.0319988
-0.32128294,0.0319988
-0.32108294,0.0319988
-0.32088294,-0.0639975
-0.32068294,-0.0319988
-0.32048294,0
-0.32028294,-0.0639975
-0.32008294,0.0319988
-0.31988294,-0.0319988
-0.31968294,-0.0639975
-0.31948294,-0.0639975
-0.31928294,-0.0319988
-0.31908294,-0.0639975
-0.31888294,-0.0319988
-0.31868294,-0.0319988
-0.31848294,-0.0959963
-0.31828294,-0.0639975
-0.31808294,-0.0319988
-0.31788294,-0.0639975
-0.31768294,-0.0639975
-0.31748294,0
-0.31728294,-0.0959963
-0.31708294,-0.0319988
-0.31688294,-0.0319988
-0.31668294,-0.0959963
-0.31648294,-0.0639975
-0.31628294,-0.0639975
-0.31608294,-0.0639975
-0.31588294,-0.0639975
-0.31568294,-0.0319988
-0.31548294,-0.0639975
-0.31528294,-0.0639975
-0.31508294,-0.0639975
-0.31488294,-0.0639975
-0.31468294,-0.0319988
-0.31448294,-0.0639975
-0.31428294,-0.0959963
-0.31408294,-0.0639975
-0.31388294,-0.0959963
-0.31368294,-0.127995
-0.31348294,-0.0959963
-0.31328294,-0.0639975
-0.31308294,-0.0959963
-0.31288294,-0.0639975
-0.31268294,0
-0.31248294,-0.0639975
-0.31228294,-0.0959963
-0.31208294,-0.0639975
-0.31188294,-0.0959963
-0.31168294,-0.0959963
-0.31148294,-0.0639975
-0.31128294,-0.0959963
-0.31108294,-0.0959963
-0.31088294,-0.0639975
-0.31068294,-0.0959963
-0.31048294,-0.0639975
-0.31028294,-0.0959963
-0.31008294,-0.127995
-0.30988294,-0.127995
-0.30968294,-0.0959963
-0.30948294,-0.0639975
-0.30928294,-0.0959963
-0.30908294,-0.0639975
-0.30888294,-0.0639975
-0.30868294,-0.0959963
-0.30848294,-0.0959963
-0.30828294,-0.0959963
-0.30808294,-0.0639975
-0.30788294,-0.0639975
-0.30768294,-0.127995
-0.30748294,-0.0959963
-0.30728294,-0.0959963
-0.30708294,-0.0959963
-0.30688294,-0.0639975
-0.30668294,-0.0959963
-0.30648294,-0.0639975
-0.30628294,-0.127995
-0.30608294,-0.0319988
-0.30588294,-0.127995
-0.30568294,-0.0639975
-0.30548294,-0.0959963
-0.30528294,-0.0959963
-0.30508294,-0.127995
-0.30488294,-0.0959963
-0.30468294,-0.0959963
-0.30448294,-0.0639975
-0.30428294,-0.127995
-0.30408294,-0.127995
-0.30388294,-0.0639975
-0.30368294,-0.127995
-0.30348294,-0.0959963
-0.30328294,-0.0639975
-0.30308294,-0.0959963
-0.30288294,-0.0959963
-0.30268294,-0.0639975
-0.30248294,-0.0959963
-0.30228294,-0.127995
-0.30208294,-0.0639975
-0.30188294,-0.0959963
-0.30168294,-0.0959963
-0.30148294,-0.0639975
-0.30128294,-0.0959963
-0.30108294,-0.0959963
-0.30088294,-0.0639975
-0.30068294,-0.127995
-0.30048294,-0.0959963
-0.30028294,-0.0639975
-0.30008294,-0.0959963
-0.29988294,-0.127995
-0.29968294,-0.127995
-0.29948294,-0.0639975
-0.29928294,-0.0959963
-0.29908294,-0.0639975
-0.29888294,-0.0959963
-0.29868294,-0.0959963
-0.29848294,-0.0959963
-0.29828294,-0.0639975
-0.29808294,-0.127995
-0.29788294,-0.0639975
-0.29768294,-0.127995
-0.29748294,-0.127995
-0.29728294,-0.0959963
-0.29708294,-0.0639975
-0.29688294,-0.0639975
-0.29668294,-0.0959963
-0.29648294,-0.0959963
-0.29628294,-0.0959963
-0.29608294,-0.0959963
-0.29588294,-0.0639975
-0.29568294,-0.0959963
-0.29548294,-0.0959963
-0.29528294,-0.127995
-0.29508294,-0.0959963
-0.29488294,-0.0959963
-0.29468294,-0.0319988
-0.29448294,-0.0959963
-0.29428294,-0.0639975
-0.29408294,-0.0959963
-0.29388294,-0.0959963
-0.29368294,-0.0319988
-0.29348294,0
-0.29328294,-0.0639975
-0.29308294,-0.0959963
-0.29288294,-0.0639975
-0.29268294,-0.0639975
-0.29248294,-0.0639975
-0.29228294,-0.0639975
-0.29208294,-0.0959963
-0.29188294,-0.0639975
-0.29168294,-0.0639975
-0.29148294,-0.0959963
-0.29128294,-0.0319988
-0.29108294,-0.0639975
-0.29088294,-0.0639975
-0.29068294,-0.0959963
-0.29048294,-0.0959963
-0.29028294,-0.0959963
-0.29008294,-0.0639975
-0.28988294,-0.0639975
-0.28968294,-0.127995
-0.28948294,-0.0639975
-0.28928294,-0.0639975
-0.28908294,-0.0959963
-0.28888294,-0.0639975
-0.28868294,-0.0959963
-0.28848294,-0.0959963
-0.28828294,-0.0639975
-0.28808294,-0.0639975
-0.28788294,-0.0959963
-0.28768294,-0.0959963
-0.28748294,-0.0639975
-0.28728294,-0.0959963
-0.28708294,-0.0639975
-0.28688294,-0.0639975
-0.28668294,-0.0319988
-0.28648294,-0.0959963
-0.28628294,-0.0639975
-0.28608294,-0.0959963
-0.28588294,-0.0959963
-0.28568294,-0.127995
-0.28548294,-0.0639975
-0.28528294,-0.0319988
-0.28508294,-0.0959963
-0.28488294,-0.127995
-0.28468294,-0.0959963
-0.28448294,-0.0319988
-0.28428294,-0.0639975
-0.28408294,-0.0959963
-0.28388294,-0.0639975
-0.28368294,-0.127995
-0.28348294,-0.0959963
-0.28328294,-0.0639975
-0.28308294,-0.0639975
-0.28288294,-0.0319988
-0.28268294,-0.0639975
-0.28248294,-0.0959963
-0.28228294,-0.127995
-0.28208294,-0.0959963
-0.28188294,-0.0959963
-0.28168294,-0.0959963
-0.28148294,-0.0639975
-0.28128294,-0.159994
-0.28108294,-0.0639975
-0.28088294,-0.0959963
-0.28068294,-0.0639975
-0.28048294,0
-0.28028294,-0.0639975
-0.28008294,-0.0959963
-0.27988294,-0.159994
-0.27968294,-0.0959963
-0.27948294,-0.0959963
-0.27928294,-0.127995
-0.27908294,-0.0959963
-0.27888294,-0.127995
-0.27868294,-0.0959963
-0.27848294,-0.0639975
-0.27828294,-0.0959963
-0.27808294,-0.0959963
-0.27788294,-0.0639975
-0.27768294,-0.0959963
-0.27748294,-0.0959963
-0.27728294,-0.127995
-0.27708294,-0.159994
-0.27688294,-0.127995
-0.27668294,-0.0959963
-0.27648294,-0.0959963
-0.27628294,-0.0959963
-0.27608294,-0.0639975
-0.27588294,-0.127995
-0.27568294,-0.0639975
-0.27548294,-0.127995
-0.27528294,-0.127995
-0.27508294,-0.0959963
-0.27488294,-0.127995
-0.27468294,-0.127995
-0.27448294,-0.0959963
-0.27428294,-0.127995
-0.27408294,-0.159994
-0.27388294,-0.159994
-0.27368294,-0.0959963
-0.27348294,-0.191993
-0.27328294,-0.0959963
-0.27308294,-0.127995
-0.27288294,-0.127995
-0.27268294,-0.127995
-0.27248294,-0.159994
-0.27228294,-0.159994
-0.27208294,-0.127995
-0.27188294,-0.0959963
-0.27168294,-0.191993
-0.27148294,-0.127995
-0.27128294,-0.127995
-0.27108294,-0.159994
-0.27088294,-0.127995
-0.27068294,-0.127995
-0.27048294,-0.159994
-0.27028294,-0.159994
-0.27008294,-0.127995
-0.26988294,-0.159994
-0.26968294,-0.127995
-0.26948294,-0.127995
-0.26928294,-0.127995
-0.26908294,-0.159994
-0.26888294,-0.127995
-0.26868294,-0.127995
-0.26848294,-0.127995
-0.26828294,-0.0959963
-0.26808294,-0.127995
-0.26788294,-0.159994
-0.26768294,-0.0959963
-0.26748294,-0.127995
-0.26728294,-0.159994
-0.26708294,-0.127995
-0.26688294,-0.127995
-0.26668294,-0.0959963
-0.26648294,-0.127995
-0.26628294,-0.159994
-0.26608294,-0.127995
-0.26588294,-0.159994
-0.26568294,-0.191993
-0.26548294,-0.0959963
-0.26528294,-0.127995
-0.26508294,-0.159994
-0.26488294,-0.0959963
-0.26468294,-0.191993
-0.26448294,-0.159994
-0.26428294,-0.159994
-0.26408294,-0.191993
-0.26388294,-0.191993
-0.26368294,-0.127995
-0.26348294,-0.127995
-0.26328294,-0.159994
-0.26308294,-0.0959963
-0.26288294,-0.0959963
-0.26268294,-0.159994
-0.26248294,-0.127995
-0.26228294,-0.127995
-0.26208294,-0.159994
-0.26188294,-0.127995
-0.26168294,-0.159994
-0.26148294,-0.159994
-0.26128294,-0.159994
-0.26108294,-0.0959963
-0.26088294,-0.127995
-0.26068294,-0.159994
-0.26048294,-0.0959963
-0.26028294,-0.191993
-0.26008294,-0.0959963
-0.25988294,-0.159994
-0.25968294,-0.191993
-0.25948294,-0.127995
-0.25928294,-0.127995
-0.25908294,-0.159994
-0.25888294,-0.127995
-0.25868294,-0.127995
-0.25848294,-0.159994
-0.25828294,-0.127995
-0.25808294,-0.0959963
-0.25788294,-0.159994
-0.25768294,-0.127995
-0.25748294,-0.127995
-0.25728294,-0.127995
-0.25708294,-0.127995
-0.25688294,-0.127995
-0.25668294,-0.127995
-0.25648294,-0.127995
-0.25628294,-0.159994
-0.25608294,-0.127995
-0.25588294,-0.159994
-0.25568294,-0.159994
-0.25548294,-0.159994
-0.25528294,-0.127995
-0.25508294,-0.127995
-0.25488294,-0.127995
-0.25468294,-0.0959963
-0.25448294,-0.127995
-0.25428294,-0.159994
-0.25408294,-0.127995
-0.25388294,-0.0959963
-0.25368294,-0.159994
-0.25348294,-0.127995
-0.25328294,-0.127995
-0.25308294,-0.127995
-0.25288294,-0.127995
-0.25268294,-0.127995
-0.25248294,-0.127995
-0.25228294,-0.127995
-0.25208294,-0.0959963
-0.25188294,-0.127995
-0.25168294,-0.0959963
-0.25148294,-0.127995
-0.25128294,-0.127995
-0.25108294,-0.0959963
-0.25088294,-0.0959963
-0.25068294,-0.127995
-0.25048294,-0.127995
-0.25028294,-0.127995
-0.25008294,-0.159994
-0.24988294,-0.127995
-0.24968294,-0.0959963
-0.24948294,-0.159994
-0.24928294,-0.127995
-0.24908294,-0.127995
-0.24888294,-0.159994
-0.24868294,-0.127995
-0.24848294,-0.0959963
-0.24828294,-0.0959963
-0.24808294,-0.0959963
-0.24788294,-0.0959963
-0.24768294,-0.127995
-0.24748294,-0.0959963
-0.24728294,-0.0959963
-0.24708294,-0.127995
-0.24688294,-0.0959963
-0.24668294,-0.0639975
-0.24648294,-0.127995
-0.24628294,-0.0959963
-0.24608294,-0.0639975
-0.24588294,-0.127995
-0.24568294,-0.0959963
-0.24548294,-0.0959963
-0.24528294,-0.127995
-0.24508294,-0.0959963
-0.24488294,-0.0959963
-0.24468294,-0.127995
-0.24448294,-0.0959963
-0.24428294,-0.0959963
-0.24408294,-0.0639975
-0.24388294,-0.0639975
-0.24368294,-0.0959963
-0.24348294,-0.0959963
-0.24328294,-0.0319988
-0.24308294,-0.0959963
-0.24288294,-0.0959963
-0.24268294,-0.0319988
-0.24248294,-0.0959963
-0.24228294,-0.0959963
-0.24208294,-0.0959963
-0.24188294,-0.0639975
-0.24168294,-0.127995
-0.24148294,-0.0639975
-0.24128294,-0.0639975
-0.24108294,-0.0639975
-0.24088294,-0.0639975
-0.24068294,-0.0959963
-0.24048294,-0.127995
-0.24028294,-0.0959963
-0.24008294,-0.0959963
-0.23988294,-0.0959963
-0.23968294,-0.0639975
-0.23948294,-0.0959963
-0.23928294,-0.0639975
-0.23908294,-0.159994
-0.23888294,-0.0639975
-0.23868294,-0.127995
-0.23848294,-0.127995
-0.23828294,-0.0959963
-0.23808294,-0.0639975
-0.23788294,-0.0639975
-0.23768294,-0.0959963
-0.23748294,-0.0959963
-0.23728294,-0.0639975
-0.23708294,-0.0959963
-0.23688294,-0.127995
-0.23668294,-0.127995
-0.23648294,-0.127995
-0.23628294,-0.127995
-0.23608294,-0.127995
-0.23588294,-0.0959963
-0.23568294,-0.0959963
-0.23548294,-0.127995
-0.23528294,-0.0959963
-0.23508294,-0.159994
-0.23488294,-0.0959963
-0.23468294,-0.0639975
-0.23448294,-0.0959963
-0.23428294,-0.127995
-0.23408294,-0.0959963
-0.23388294,-0.127995
-0.23368294,-0.0959963
-0.23348294,-0.0959963
-0.23328294,-0.0639975
-0.23308294,-0.127995
-0.23288294,-0.0959963
-0.23268294,-0.0959963
-0.23248294,-0.127995
-0.23228294,-0.0639975
-0.23208294,-0.127995
-0.23188294,-0.0639975
-0.23168294,-0.0639975
-0.23148294,-0.127995
-0.23128294,-0.0959963
-0.23108294,-0.127995
-0.23088294,-0.0959963
-0.23068294,-0.127995
-0.23048294,-0.0959963
-0.23028294,-0.0959963
-0.23008294,-0.0639975
-0.22988294,-0.127995
-0.22968294,-0.127995
-0.22948294,-0.0959963
-0.22928294,-0.0959963
-0.22908294,-0.0959963
-0.22888294,-0.0959963
-0.22868294,-0.0639975
-0.22848294,-0.0959963
-0.22828294,-0.0639975
-0.22808294,-0.0959963
-0.22788294,-0.0959963
-0.22768294,-0.0959963
-0.22748294,-0.0639975
-0.22728294,-0.127995
-0.22708294,-0.127995
-0.22688294,-0.0959963
-0.22668294,-0.0959963
-0.22648294,-0.0639975
-0.22628294,-0.0639975
-0.22608294,-0.0959963
-0.22588294,-0.0639975
-0.22568294,-0.127995
-0.22548294,-0.127995
-0.22528294,-0.0959963
-0.22508294,-0.0639975
-0.22488294,-0.0959963
-0.22468294,-0.0639975
-0.22448294,-0.0959963
-0.22428294,-0.0959963
-0.22408294,-0.0959963
-0.22388294,-0.127995
-0.22368294,-0.0959963
-0.22348294,-0.0959963
-0.22328294,-0.0639975
-0.22308294,-0.127995
-0.22288294,-0.0959963
-0.22268294,-0.0959963
-0.22248294,-0.0639975
-0.22228294,-0.0959963
-0.22208294,-0.0639975
-0.22188294,-0.159994
-0.22168294,-0.0959963
-0.22148294,-0.0639975
-0.22128294,-0.127995
-0.22108294,-0.0959963
-0.22088294,-0.0639975
-0.22068294,-0.127995
-0.22048294,-0.0959963
-0.22028294,-0.0639975
-0.22008294,-0.0959963
-0.21988294,-0.0959963
-0.21968294,-0.0639975
-0.21948294,-0.0959963
-0.21928294,-0.0639975
-0.21908294,-0.0959963
-0.21888294,-0.0959963
-0.21868294,-0.0959963
-0.21848294,-0.0959963
-0.21828294,-0.0639975
-0.21808294,-0.0639975
-0.21788294,-0.0639975
-0.21768294,-0.0639975
-0.21748294,-0.0639975
-0.21728294,-0.0959963
-0.21708294,-0.0959963
-0.21688294,-0.0319988
-0.21668294,-0.0639975
-0.21648294,-0.0639975
-0.21628294,-0.0959963
-0.21608294,-0.0959963
-0.21588294,-0.0959963
-0.21568294,-0.0319988
-0.21548294,-0.0639975
-0.21528294,-0.0639975
-0.21508294,-0.0639975
-0.21488294,0
-0.21468294,-0.0959963
-0.21448294,-0.0959963
-0.21428294,-0.0319988
-0.21408294,-0.0639975
-0.21388294,-0.0959963
-0.21368294,-0.0319988
-0.21348294,-0.0639975
-0.21328294,-0.0639975
-0.21308294,-0.0319988
-0.21288294,-0.0319988
-0.21268294,-0.0639975
-0.21248294,-0.0639975
-0.21228294,-0.0959963
-0.21208294,-0.0639975
-0.21188294,-0.0319988
-0.21168294,-0.0959963
-0.21148294,-0.127995
-0.21128294,-0.0639975
-0.21108294,-0.0639975
-0.21088294,-0.0639975
-0.21068294,-0.0639975
-0.21048294,-0.0639975
-0.21028294,-0.0639975
-0.21008294,-0.0319988
-0.20988294,-0.0639975
-0.20968294,-0.0639975
-0.20948294,-0.0639975
-0.20928294,-0.0639975
-0.20908294,-0.0639975
-0.20888294,-0.0319988
-0.20868294,-0.0639975
-0.20848294,-0.0319988
-0.20828294,-0.0319988
-0.20808294,-0.0639975
-0.20788294,-0.0639975
-0.20768294,-0.0639975
-0.20748294,-0.0319988
-0.20728294,-0.0319988
-0.20708294,-0.0319988
-0.20688294,-0.0319988
-0.20668294,0
-0.20648294,-0.0319988
-0.20628294,-0.0319988
-0.20608294,-0.0319988
-0.20588294,0
-0.20568294,-0.0639975
-0.20548294,-0.0319988
-0.20528294,-0.0319988
-0.20508294,-0.0639975
-0.20488294,0
-0.20468294,0
-0.20448294,-0.0639975
-0.20428294,-0.0319988
-0.20408294,-0.0319988
-0.20388294,-0.0319988
-0.20368294,-0.0639975
-0.20348294,0
-0.20328294,-0.0319988
-0.20308294,-0.0639975
-0.20288294,0
-0.20268294,-0.0639975
-0.20248294,-0.0319988
-0.20228294,-0.0319988
-0.20208294,-0.0639975
-0.20188294,-0.0639975
-0.20168294,-0.0319988
-0.20148294,-0.0639975
-0.20128294,-0.0319988
-0.20108294,-0.0319988
-0.20088294,-0.0319988
-0.20068294,-0.0319988
-0.20048294,-0.0319988
-0.20028294,-0.0639975
-0.20008294,-0.0639975
-0.19988294,0.0319988
-0.19968294,-0.0639975
-0.19948294,-0.0319988
-0.19928294,-0.0319988
-0.19908294,-0.0639975
-0.19888294,-0.0639975
-0.19868294,0
-0.19848294,-0.0639975
-0.19828294,-0.0319988
-0.19808294,-0.0319988
-0.19788294,-0.0639975
-0.19768294,0
-0.19748294,-0.0639975
-0.19728294,-0.0639975
-0.19708294,-0.0319988
-0.19688294,-0.0319988
-0.19668294,-0.0319988
-0.19648294,-0.0639975
-0.19628294,0
-0.19608294,-0.0959963
-0.19588294,-0.0319988
-0.19568294,-0.0639975
-0.19548294,-0.0639975
-0.19528294,-0.0319988
-0.19508294,-0.0639975
-0.19488294,-0.0319988
-0.19468294,-0.0319988
-0.19448294,-0.0319988
-0.19428294,-0.0959963
-0.19408294,-0.0319988
-0.19388294,0
-0.19368294,-0.0639975
-0.19348294,-0.0959963
-0.19328294,-0.0319988
-0.19308294,-0.0959963
-0.19288294,-0.0639975
-0.19268294,0
-0.19248294,-0.0639975
-0.19228294,-0.0319988
-0.19208294,-0.0319988
-0.19188294,-0.0639975
-0.19168294,-0.0319988
-0.19148294,-0.0319988
-0.19128294,-0.0639975
-0.19108294,-0.0639975
-0.19088294,-0.0319988
-0.19068294,-0.0639975
-0.19048294,-0.0319988
-0.19028294,-0.0319988
-0.19008294,-0.0319988
-0.18988294,-0.0319988
-0.18968294,0
-0.18948294,-0.0639975
-0.18928294,-0.0639975
-0.18908294,-0.0959963
-0.18888294,-0.0319988
-0.18868294,-0.0639975
-0.18848294,-0.0319988
-0.18828294,-0.0319988
-0.18808294,-0.0319988
-0.18788294,-0.0319988
-0.18768294,-0.0639975
-0.18748294,-0.0639975
-0.18728294,-0.0319988
-0.18708294,-0.0959963
-0.18688294,-0.0959963
-0.18668294,0
-0.18648294,-0.0639975
-0.18628294,-0.0959963
-0.18608294,0.0319988
-0.18588294,-0.0639975
-0.18568294,-0.0639975
-0.18548294,-0.0319988
-0.18528294,-0.0319988
-0.18508294,-0.0319988
-0.18488294,0
-0.18468294,-0.0959963
-0.18448294,0
-0.18428294,-0.0319988
-0.18408294,-0.0319988
-0.18388294,-0.0319988
-0.18368294,-0.0319988
-0.18348294,-0.0319988
-0.18328294,-0.0639975
-0.18308294,-0.0319988
-0.18288294,-0.0639975
-0.18268294,0
-0.18248294,0
-0.18228294,-0.0319988
-0.18208294,0
-0.18188294,-0.0639975
-0.18168294,-0.0319988
-0.18148294,-0.0319988
-0.18128294,-0.0319988
-0.18108294,-0.0639975
-0.18088294,0
-0.18068294,0
-0.18048294,-0.0639975
-0.18028294,0
-0.18008294,0
-0.17988294,-0.0319988
-0.17968294,-0.0319988
-0.17948294,-0.0319988
-0.17928294,-0.0319988
-0.17908294,-0.0319988
-0.17888294,0
-0.17868294,-0.0319988
-0.17848294,-0.0319988
-0.17828294,-0.0639975
-0.17808294,-0.0319988
-0.17788294,0
-0.17768294,0
-0.17748294,-0.0319988
-0.17728294,-0.0319988
-0.17708294,0
-0.17688294,0
-0.17668294,-0.0319988
-0.17648294,-0.0639975
-0.17628294,0
-0.17608294,-0.0319988
-0.17588294,-0.0319988
-0.17568294,-0.0639975
-0.17548294,-0.0319988
-0.17528294,0
-0.17508294,-0.0639975
-0.17488294,-0.0319988
-0.17468294,0
-0.17448294,-0.0639975
-0.17428294,-0.0319988
-0.17408294,0.0319988
-0.17388294,0
-0.17368294,-0.0959963
-0.17348294,-0.0639975
-0.17328294,0
-0.17308294,-0.0639975
-0.17288294,-0.0319988
-0.17268294,-0.0639975
-0.17248294,0
-0.17228294,-0.0319988
-0.17208294,-0.0639975
-0.17188294,-0.0319988
-0.17168294,-0.0319988
-0.17148294,-0.0639975
-0.17128294,-0.0319988
-0.17108294,-0.0319988
-0.17088294,-0.0639975
-0.17068294,-0.0639975
-0.17048294,-0.0319988
-0.17028294,-0.0639975
-0.17008294,-0.0319988
-0.16988294,-0.0319988
-0.16968294,-0.0639975
-0.16948294,-0.0639975
-0.16928294,-0.0319988
-0.16908294,-0.0639975
-0.16888294,0
-0.16868294,-0.0639975
-0.16848294,-0.0639975
-0.16828294,0
-0.16808294,-0.0319988
-0.16788294,-0.0959963
-0.16768294,-0.0319988
-0.16748294,-0.0319988
-0.16728294,-0.0959963
-0.16708294,-0.0959963
-0.16688294,-0.0319988
-0.16668294,-0.127995
-0.16648294,-0.0639975
-0.16628294,-0.0639975
-0.16608294,-0.127995
-0.16588294,-0.0959963
-0.16568294,-0.0639975
-0.16548294,-0.0639975
-0.16528294,-0.0639975
-0.16508294,-0.0959963
-0.16488294,-0.0959963
-0.16468294,-0.0959963
-0.16448294,-0.0959963
-0.16428294,-0.0959963
-0.16408294,-0.127995
-0.16388294,-0.0959963
-0.16368294,-0.159994
-0.16348294,-0.159994
-0.16328294,-0.0959963
-0.16308294,-0.0959963
-0.16288294,-0.0319988
-0.16268294,-0.127995
-0.16248294,-0.191993
-0.16228294,-0.127995
-0.16208294,-0.127995
-0.16188294,-0.191993
-0.16168294,-0.0959963
-0.16148294,-0.0959963
-0.16128294,-0.159994
-0.16108294,-0.127995
-0.16088294,-0.127995
-0.16068294,-0.127995
-0.16048294,-0.127995
-0.16028294,-0.0959963
-0.16008294,-0.159994
-0.15988294,-0.127995
-0.15968294,-0.127995
-0.15948294,-0.127995
-0.15928294,-0.159994
-0.15908294,-0.0959963
-0.15888294,-0.159994
-0.15868294,-0.127995
-0.15848294,-0.159994
-0.15828294,-0.159994
-0.15808294,-0.159994
-0.15788294,-0.0959963
-0.15768294,-0.191993
-0.15748294,-0.0959963
-0.15728294,-0.127995
-0.15708294,-0.159994
-0.15688294,-0.127995
-0.15668294,-0.127995
-0.15648294,-0.127995
-0.15628294,-0.159994
-0.15608294,-0.127995
-0.15588294,-0.159994
-0.15568294,-0.0959963
-0.15548294,-0.159994
-0.15528294,-0.127995
-0.15508294,-0.0959963
-0.15488294,-0.127995
-0.15468294,-0.159994
-0.15448294,-0.127995
-0.15428294,-0.0959963
-0.15408294,-0.159994
-0.15388294,-0.127995
-0.15368294,-0.127995
-0.15348294,-0.159994
-0.15328294,-0.0959963
-0.15308294,-0.0959963
-0.15288294,-0.159994
-0.15268294,-0.127995
-0.15248294,-0.0959963
-0.15228294,-0.127995
-0.15208294,-0.127995
-0.15188294,-0.159994
-0.15168294,-0.159994
-0.15148294,-0.127995
-0.15128294,-0.0959963
-0.15108294,-0.191993
-0.15088294,-0.127995
-0.15068294,-0.127995
-0.15048294,-0.127995
-0.15028294,-0.127995
-0.15008294,-0.0959963
-0.14988294,-0.127995
-0.14968294,-0.0959963
-0.14948294,-0.127995
-0.14928294,-0.159994
-0.14908294,-0.127995
-0.14888294,-0.159994
-0.14868294,-0.159994
-0.14848294,-0.0959963
-0.14828294,-0.127995
-0.14808294,-0.0639975
-0.14788294,-0.127995
-0.14768294,-0.127995
-0.14748294,-0.127995
-0.14728294,-0.127995
-0.14708294,-0.159994
-0.14688294,-0.159994
-0.14668294,-0.0959963
-0.14648294,-0.0639975
-0.14628294,-0.127995
-0.14608294,-0.127995
-0.14588294,-0.0639975
-0.14568294,-0.159994
-0.14548294,-0.127995
-0.14528294,-0.0959963
-0.14508294,-0.127995
-0.14488294,-0.127995
-0.14468294,-0.127995
-0.14448294,-0.127995
-0.14428294,-0.127995
-0.14408294,-0.0959963
-0.14388294,-0.127995
-0.14368294,-0.127995
-0.14348294,-0.0959963
-0.14328294,-0.127995
-0.14308294,-0.127995
-0.14288294,-0.0639975
-0.14268294,-0.0959963
-0.14248294,-0.0639975
-0.14228294,-0.0959963
-0.14208294,-0.0959963
-0.14188294,-0.127995
-0.14168294,-0.0959963
-0.14148294,-0.0959963
-0.14128294,-0.127995
-0.14108294,-0.127995
-0.14088294,-0.127995
-0.14068294,-0.0959963
-0.14048294,-0.0959963
-0.14028294,-0.127995
-0.14008294,-0.0959963
-0.13988294,-0.0639975
-0.13968294,-0.0959963
-0.13948294,-0.127995
-0.13928294,-0.0639975
-0.13908294,-0.159994
-0.13888294,-0.0639975
-0.13868294,-0.0959963
-0.13848294,-0.127995
-0.13828294,-0.0319988
-0.13808294,-0.0959963
-0.13788294,-0.0959963
-0.13768294,-0.0959963
-0.13748294,-0.0639975
-0.13728294,-0.0959963
-0.13708294,-0.127995
-0.13688294,-0.0959963
-0.13668294,-0.127995
-0.13648294,-0.0639975
-0.13628294,-0.0639975
-0.13608294,-0.0959963
-0.13588294,-0.0639975
-0.13568294,-0.0319988
-0.13548294,-0.127995
-0.13528294,-0.0639975
-0.13508294,-0.0639975
-0.13488294,-0.0639975
-0.13468294,-0.0639975
-0.13448294,-0.0959963
-0.13428294,-0.0639975
-0.13408294,-0.0319988
-0.13388294,-0.0319988
-0.13368294,-0.0639975
-0.13348294,-0.0959963
-0.13328294,-0.0639975
-0.13308294,-0.0959963
-0.13288294,-0.0319988
-0.13268294,-0.0959963
-0.13248294,-0.0639975
-0.13228294,-0.0639975
-0.13208294,-0.0959963
-0.13188294,-0.0639975
-0.13168294,-0.0639975
-0.13148294,-0.0639975
-0.13128294,-0.0639975
-0.13108294,-0.0639975
-0.13088294,-0.0639975
-0.13068294,-0.0959963
-0.13048294,0
-0.13028294,-0.0319988
-0.13008294,-0.0319988
-0.12988294,-0.0319988
-0.12968294,-0.0319988
-0.12948294,-0.0639975
-0.12928294,-0.0639975
-0.12908294,-0.0319988
-0.12888294,-0.0639975
-0.12868294,0
-0.12848294,0
-0.12828294,-0.0639975
-0.12808294,-0.0319988
-0.12788294,0.0319988
-0.12768294,-0.0639975
-0.12748294,-0.0319988
-0.12728294,0
-0.12708294,-0.0639975
-0.12688294,-0.0639975
-0.12668294,-0.0319988
-0.12648294,-0.0639975
-0.12628294,0
-0.12608294,-0.0319988
-0.12588294,-0.0319988
-0.12568294,-0.0319988
-0.12548294,-0.0319988
-0.12528294,-0.0319988
-0.12508294,0
-0.12488294,-0.0319988
-0.12468294,-0.0639975
-0.12448294,-0.0639975
-0.12428294,-0.0319988
-0.12408294,-0.0639975
-0.12388294,-0.0319988
-0.12368294,-0.0639975
-0.12348294,-0.0639975
-0.12328294,-0.0639975
-0.12308294,-0.0319988
-0.12288294,-0.0319988
-0.12268294,-0.0639975
-0.12248294,-0.0319988
-0.12228294,-0.0639975
-0.12208294,0
-0.12188294,0
-0.12168294,-0.0639975
-0.12148294,0
-0.12128294,-0.0319988
-0.12108294,-0.0639975
-0.12088294,-0.0319988
-0.12068294,-0.0319988
-0.12048294,0
-0.12028294,-0.0319988
-0.12008294,-0.0639975
-0.11988294,0
-0.11968294,-0.0319988
-0.11948294,0
-0.11928294,-0.0639975
-0.11908294,0
-0.11888294,-0.0319988
-0.11868294,0
-0.11848294,0.0319988
-0.11828294,0
-0.11808294,-0.0639975
-0.11788294,-0.0639975
-0.11768294,0
-0.11748294,-0.0639975
-0.11728294,-0.0639975
-0.11708294,-0.0319988
-0.11688294,-0.0639975
-0.11668294,-0.0319988
-0.11648294,0
-0.11628294,-0.0639975
-0.11608294,0
-0.11588294,0
-0.11568294,-0.0319988
-0.11548294,-0.0639975
-0.11528294,0
-0.11508294,-0.0959963
-0.11488294,-0.0319988
-0.11468294,0
-0.11448294,-0.0319988
-0.11428294,0
-0.11408294,0
-0.11388294,-0.0639975
-0.11368294,0
-0.11348294,-0.0319988
-0.11328294,-0.0639975
-0.11308294,0
-0.11288294,-0.0639975
-0.11268294,-0.0319988
-0.11248294,-0.0639975
-0.11228294,-0.0959963
-0.11208294,-0.0639975
-0.11188294,-0.0639975
-0.11168294,-0.0319988
-0.11148294,-0.0319988
-0.11128294,0
-0.11108294,-0.0319988
-0.11088294,-0.0959963
-0.11068294,-0.0639975
-0.11048294,0
-0.11028294,-0.0639975
-0.11008294,-0.0319988
-0.10988294,-0.0319988
-0.10968294,-0.0639975
-0.10948294,-0.0639975
-0.10928294,0
-0.10908294,-0.0639975
-0.10888294,-0.0319988
-0.10868294,-0.0319988
-0.10848294,-0.0319988
-0.10828294,-0.0639975
-0.10808294,-0.0319988
-0.10788294,-0.0639975
-0.10768294,-0.0639975
-0.10748294,-0.0639975
-0.10728294,-0.0639975
-0.10708294,-0.0319988
-0.10688294,-0.0639975
-0.10668294,-0.0319988
-0.10648294,-0.0319988
-0.10628294,-0.0639975
-0.10608294,-0.0639975
-0.10588294,-0.0319988
-0.10568294,0
-0.10548294,0
-0.10528294,-0.0319988
-0.10508294,0
-0.10488294,-0.0639975
-0.10468294,-0.0319988
-0.10448294,-0.0319988
-0.10428294,-0.0319988
-0.10408294,-0.0639975
-0.10388294,-0.0319988
-0.10368294,-0.0319988
-0.10348294,-0.0319988
-0.10328294,-0.0319988
-0.10308294,-0.0639975
-0.10288294,-0.0319988
-0.10268294,0
-0.10248294,-0.0639975
-0.10228294,-0.0639975
-0.10208294,-0.0319988
-0.10188294,-0.0639975
-0.10168294,-0.0319988
-0.10148294,-0.0319988
-0.10128294,-0.0959963
-0.10108294,0
-0.10088294,-0.0319988
-0.10068294,-0.0639975
-0.10048294,-0.0319988
-0.10028294,-0.0319988
-0.10008294,-0.0639975
-0.099882942,-0.0319988
-0.099682942,0
-0.099482942,-0.0639975
-0.099282942,0
-0.099082942,0
-0.098882942,-0.0639975
-0.098682942,-0.0319988
-0.098482942,0
-0.098282942,0
-0.098082942,-0.0639975
-0.097882942,-0.0319988
-0.097682942,-0.0319988
-0.097482942,0
-0.097282942,0
-0.097082942,0
-0.096882942,-0.0639975
-0.096682942,0
-0.096482942,-0.0639975
-0.096282942,-0.0319988
-0.096082942,0
-0.095882942,-0.0319988
-0.095682942,-0.0639975
-0.095482942,-0.0319988
-0.095282942,0
-0.095082942,-0.0319988
-0.094882942,0
-0.094682942,0
-0.094482942,-0.0319988
-0.094282942,0
-0.094082942,0
-0.093882942,-0.0319988
-0.093682942,0
-0.093482942,-0.0319988
-0.093282942,0
-0.093082942,0.0319988
-0.092882942,0.0319988
-0.092682942,0
-0.092482942,0
-0.092282942,-0.0319988
-0.092082942,0
-0.091882942,0
-0.091682942,0.0319988
-0.091482942,0
-0.091282942,0
-0.091082942,-0.0319988
-0.090882942,-0.0319988
-0.090682942,0
-0.090482942,-0.0319988
-0.090282942,0
-0.090082942,0
-0.089882942,0
-0.089682942,0
-0.089482942,0.0639975
-0.089282942,-0.0319988
-0.089082942,0.0319988
-0.088882942,0
-0.088682942,0.0319988
-0.088482942,0.0319988
-0.088282942,0.0319988
-0.088082942,0.0319988
-0.087882942,0.0319988
-0.087682942,0.0319988
-0.087482942,0
-0.087282942,0.0319988
-0.087082942,0.0319988
-0.086882942,0.0319988
-0.086682942,0.0319988
-0.086482942,0
-0.086282942,0.0319988
-0.086082942,0
-0.085882942,0.0319988
-0.085682942,0
-0.085482942,0.0319988
-0.085282942,0.0639975
-0.085082942,0.0639975
-0.084882942,0.0959963
-0.084682942,0.0639975
-0.084482942,0
-0.084282942,0.0639975
-0.084082942,0.0319988
-0.083882942,0.0639975
-0.083682942,0.0639975
-0.083482942,0.0319988
-0.083282942,0.0319988
-0.083082942,0.0639975
-0.082882942,0.0639975
-0.082682942,0.0639975
-0.082482942,0.0639975
-0.082282942,0.0959963
-0.082082942,0
-0.081882942,0.0319988
-0.081682942,0.0639975
-0.081482942,0.0959963
-0.081282942,0.0639975
-0.081082942,0.0639975
-0.080882942,0.0959963
-0.080682942,0.0959963
-0.080482942,0.0959963
-0.080282942,0.0639975
-0.080082942,0.0959963
-0.079882942,0.0959963
-0.079682942,0.0959963
-0.079482942,0.0959963
-0.079282942,0.0639975
-0.079082942,0.0959963
-0.078882942,0.0639975
-0.078682942,0.0639975
-0.078482942,0.0959963
-0.078282942,0.0959963
-0.078082942,0.0959963
-0.077882942,0.0639975
-0.077682942,0.127995
-0.077482942,0.127995
-0.077282942,0.0959963
-0.077082942,0.0959963
-0.076882942,0.0959963
-0.076682942,0.0639975
-0.076482942,0.0959963
-0.076282942,0.0959963
-0.076082942,0.0959963
-0.075882942,0.0959963
-0.075682942,0.127995
-0.075482942,0.0959963
-0.075282942,0.127995
-0.075082942,0.127995
-0.074882942,0.0639975
-0.074682942,0.127995
-0.074482942,0.127995
-0.074282942,0.159994
-0.074082942,0.127995
-0.073882942,0.127995
-0.073682942,0.127995
-0.073482942,0.159994
-0.073282942,0.159994
-0.073082942,0.0959963
-0.072882942,0.127995
-0.072682942,0.127995
-0.072482942,0.159994
-0.072282942,0.159994
-0.072082942,0.159994
-0.071882942,0.127995
-0.071682942,0.191993
-0.071482942,0.127995
-0.071282942,0.127995
-0.071082942,0.127995
-0.070882942,0.127995
-0.070682942,0.159994
-0.070482942,0.127995
-0.070282942,0.159994
-0.070082942,0.159994
-0.069882942,0.127995
-0.069682942,0.159994
-0.069482942,0.127995
-0.069282942,0.127995
-0.069082942,0.159994
-0.068882942,0.159994
-0.068682942,0.159994
-0.068482942,0.127995
-0.068282942,0.159994
-0.068082942,0.159994
-0.067882942,0.159994
-0.067682942,0.191993
-0.067482942,0.127995
-0.067282942,0.0959963
-0.067082942,0.159994
-0.066882942,0.191993
-0.066682942,0.191993
-0.066482942,0.191993
-0.066282942,0.127995
-0.066082942,0.159994
-0.065882942,0.159994
-0.065682942,0.223991
-0.065482942,0.159994
-0.065282942,0.159994
-0.065082942,0.159994
-0.064882942,0.159994
-0.064682942,0.159994
-0.064482942,0.159994
-0.064282942,0.159994
-0.064082942,0.159994
-0.063882942,0.159994
-0.063682942,0.127995
-0.063482942,0.159994
-0.063282942,0.159994
-0.063082942,0.159994
-0.062882942,0.191993
-0.062682942,0.191993
-0.062482942,0.191993
-0.062282942,0.159994
-0.062082942,0.191993
-0.061882942,0.127995
-0.061682942,0.127995
-0.061482942,0.191993
-0.061282942,0.159994
-0.061082942,0.159994
-0.060882942,0.223991
-0.060682942,0.223991
-0.060482942,0.191993
-0.060282942,0.191993
-0.060082942,0.191993
-0.059882942,0.191993
-0.059682942,0.191993
-0.059482942,0.191993
-0.059282942,0.191993
-0.059082942,0.191993
-0.058882942,0.223991
-0.058682942,0.191993
-0.058482942,0.191993
-0.058282942,0.223991
-0.058082942,0.223991
-0.057882942,0.159994
-0.057682942,0.191993
-0.057482942,0.223991
-0.057282942,0.223991
-0.057082942,0.159994
-0.056882942,0.223991
-0.056682942,0.159994
-0.056482942,0.223991
-0.056282942,0.159994
-0.056082942,0.223991
-0.055882942,0.223991
-0.055682942,0.159994
-0.055482942,0.191993
-0.055282942,0.191993
-0.055082942,0.223991
-0.054882942,0.191993
-0.054682942,0.223991
-0.054482942,0.159994
-0.054282942,0.191993
-0.054082942,0.191993
-0.053882942,0.191993
-0.053682942,0.191993
-0.053482942,0.191993
-0.053282942,0.191993
-0.053082942,0.191993
-0.052882942,0.191993
-0.052682942,0.191993
-0.052482942,0.191993
-0.052282942,0.191993
-0.052082942,0.191993
-0.051882942,0.191993
-0.051682942,0.191993
-0.051482942,0.223991
-0.051282942,0.159994
-0.051082942,0.159994
-0.050882942,0.191993
-0.050682942,0.191993
-0.050482942,0.191993
-0.050282942,0.191993
-0.050082942,0.223991
-0.049882942,0.191993
-0.049682942,0.191993
-0.049482942,0.159994
-0.049282942,0.159994
-0.049082942,0.191993
-0.048882942,0.25599
-0.048682942,0.223991
-0.048482942,0.191993
-0.048282942,0.223991
-0.048082942,0.191993
-0.047882942,0.191993
-0.047682942,0.223991
-0.047482942,0.223991
-0.047282942,0.159994
-0.047082942,0.223991
-0.046882942,0.159994
-0.046682942,0.191993
-0.046482942,0.223991
-0.046282942,0.191993
-0.046082942,0.223991
-0.045882942,0.191993
-0.045682942,0.191993
-0.045482942,0.191993
-0.045282942,0.223991
-0.045082942,0.191993
-0.044882942,0.191993
-0.044682942,0.191993
-0.044482942,0.191993
-0.044282942,0.223991
-0.044082942,0.223991
-0.043882942,0.191993
-0.043682942,0.223991
-0.043482942,0.25599
-0.043282942,0.223991
-0.043082942,0.191993
-0.042882942,0.159994
-0.042682942,0.159994
-0.042482942,0.159994
-0.042282942,0.25599
-0.042082942,0.159994
-0.041882942,0.191993
-0.041682942,0.191993
-0.041482942,0.223991
-0.041282942,0.191993
-0.041082942,0.223991
-0.040882942,0.191993
-0.040682942,0.191993
-0.040482942,0.191993
-0.040282942,0.127995
-0.040082942,0.191993
-0.039882942,0.223991
-0.039682942,0.191993
-0.039482942,0.191993
-0.039282942,0.191993
-0.039082942,0.191993
-0.038882942,0.223991
-0.038682942,0.25599
-0.038482942,0.191993
-0.038282942,0.191993
-0.038082942,0.191993
-0.037882942,0.191993
-0.037682942,0.191993
-0.037482942,0.223991
-0.037282942,0.191993
-0.037082942,0.191993
-0.036882942,0.223991
-0.036682942,0.159994
-0.036482942,0.191993
-0.036282942,0.223991
-0.036082942,0.159994
-0.035882942,0.223991
-0.035682942,0.191993
-0.035482942,0.191993
-0.035282942,0.191993
-0.035082942,0.223991
-0.034882942,0.191993
-0.034682942,0.223991
-0.034482942,0.223991
-0.034282942,0.223991
-0.034082942,0.223991
-0.033882942,0.223991
-0.033682942,0.191993
-0.033482942,0.191993
-0.033282942,0.25599
-0.033082942,0.191993
-0.032882942,0.223991
-0.032682942,0.223991
-0.032482942,0.223991
-0.032282942,0.223991
-0.032082942,0.223991
-0.031882942,0.191993
-0.031682942,0.191993
-0.031482942,0.223991
-0.031282942,0.223991
-0.031082942,0.191993
-0.030882942,0.223991
-0.030682942,0.159994
-0.030482942,0.159994
-0.030282942,0.223991
-0.030082942,0.223991
-0.029882942,0.223991
-0.029682942,0.191993
-0.029482942,0.191993
-0.029282942,0.159994
-0.029082942,0.223991
-0.028882942,0.191993
-0.028682942,0.223991
-0.028482942,0.223991
-0.028282942,0.191993
-0.028082942,0.191993
-0.027882942,0.191993
-0.027682942,0.223991
-0.027482942,0.191993
-0.027282942,0.159994
-0.027082942,0.191993
-0.026882942,0.191993
-0.026682942,0.223991
-0.026482942,0.127995
-0.026282942,0.191993
-0.026082942,0.223991
-0.025882942,0.191993
-0.025682942,0.191993
-0.025482942,0.191993
-0.025282942,0.159994
-0.025082942,0.223991
-0.024882942,0.191993
-0.024682942,0.191993
-0.024482942,0.191993
-0.024282942,0.191993
-0.024082942,0.191993
-0.023882942,0.191993
-0.023682942,0.191993
-0.023482942,0.159994
-0.023282942,0.191993
-0.023082942,0.223991
-0.022882942,0.159994
-0.022682942,0.223991
-0.022482942,0.191993
-0.022282942,0.159994
-0.022082942,0.159994
-0.021882942,0.191993
-0.021682942,0.191993
-0.021482942,0.191993
-0.021282942,0.191993
-0.021082942,0.223991
-0.020882942,0.191993
-0.020682942,0.223991
-0.020482942,0.223991
-0.020282942,0.223991
-0.020082942,0.191993
-0.019882942,0.191993
-0.019682942,0.191993
-0.019482942,0.223991
-0.019282942,0.223991
-0.019082942,0.191993
-0.018882942,0.223991
-0.018682942,0.223991
-0.018482942,0.223991
-0.018282942,0.159994
-0.018082942,0.191993
-0.017882942,0.223991
-0.017682942,0.223991
-0.017482942,0.191993
-0.017282942,0.191993
-0.017082942,0.223991
-0.016882942,0.159994
-0.016682942,0.191993
-0.016482942,0.191993
-0.016282942,0.159994
-0.016082942,0.191993
-0.015882942,0.25599
-0.015682942,0.159994
-0.015482942,0.191993
-0.015282942,0.191993
-0.015082942,0.159994
-0.014882942,0.191993
-0.014682942,0.127995
-0.014482942,0.159994
-0.014282942,0.159994
-0.014082942,0.127995
-0.013882942,0.159994
-0.013682942,0.159994
-0.013482942,0.159994
-0.013282942,0.159994
-0.013082942,0.191993
-0.012882942,0.159994
-0.012682942,0.159994
-0.012482942,0.191993
-0.012282942,0.159994
-0.012082942,0.159994
-0.011882942,0.127995
-0.011682942,0.191993
-0.011482942,0.159994
-0.011282942,0.191993
-0.011082942,0.159994
-0.010882942,0.159994
-0.010682942,0.159994
-0.010482942,0.191993
-0.010282942,0.159994
-0.010082942,0.159994
-0.0098829425,0.159994
-0.0096829425,0.127995
-0.0094829425,0.159994
-0.0092829425,0.159994
-0.0090829425,0.159994
-0.0088829425,0.159994
-0.0086829425,0.159994
-0.0084829425,0.127995
-0.0082829425,0.159994
-0.0080829425,0.159994
-0.0078829425,0.159994
-0.0076829425,0.127995
-0.0074829425,0.127995
-0.0072829425,0.127995
-0.0070829425,0.0959963
-0.0068829425,0.159994
-0.0066829425,0.159994
-0.0064829425,0.127995
-0.0062829425,0.159994
-0.0060829425,0.127995
-0.0058829425,0.159994
-0.0056829425,0.191993
-0.0054829425,0.159994
-0.0052829425,0.0959963
-0.0050829425,0.127995
-0.0048829425,0.159994
-0.0046829425,0.127995
-0.0044829425,0.0959963
-0.0042829425,0.0959963
-0.0040829425,0.159994
-0.0038829425,0.0639975
-0.0036829425,0.127995
-0.0034829425,0.127995
-0.0032829425,0.127995
-0.0030829425,0.159994
-0.0028829425,0.127995
-0.0026829425,0.159994
-0.0024829425,0.159994
-0.0022829425,0.127995
-0.0020829425,0.127995
-0.0018829425,0.0959963
-0.0016829425,0.127995
-0.0014829425,0.127995
-0.0012829425,0.0959963
-0.0010829425,0.159994
-0.00088294249,0.159994
-0.00068294249,0.127995
-0.00048294249,0.0959963
-0.00028294249,0.0959963
-8.2942494e-005,0.127995
0.00011705751,0.0959963
