LECROYWS42Xs,24809,Waveform
Segments,1,SegmentSize,10002
Segment,TrigTime,TimeSinceSegment1
#1,19-Feb-2003 06:40:26,0                 
Time,Ampl
-2.000133,0.127995
-1.999933,0.127995
-1.999733,0.159994
-1.999533,0.127995
-1.999333,0.0959963
-1.999133,0.159994
-1.998933,0.127995
-1.998733,0.127995
-1.998533,0.0959963
-1.998333,0.0959963
-1.998133,0.127995
-1.997933,0.127995
-1.997733,0.127995
-1.997533,0.0959963
-1.997333,0.0959963
-1.997133,0.127995
-1.996933,0.0959963
-1.996733,0.0959963
-1.996533,0.127995
-1.996333,0.127995
-1.996133,0.127995
-1.995933,0.0959963
-1.995733,0.0959963
-1.995533,0.127995
-1.995333,0.127995
-1.995133,0.127995
-1.994933,0.127995
-1.994733,0.0959963
-1.994533,0.127995
-1.994333,0.127995
-1.994133,0.0959963
-1.993933,0.0639975
-1.993733,0.0959963
-1.993533,0.0959963
-1.993333,0.0639975
-1.993133,0.0959963
-1.992933,0.127995
-1.992733,0.127995
-1.992533,0.0639975
-1.992333,0.0639975
-1.992133,0.0959963
-1.991933,0.0639975
-1.991733,0.0639975
-1.991533,0.0639975
-1.991333,0.0959963
-1.991133,0.0639975
-1.990933,0.0639975
-1.990733,0.0639975
-1.990533,0.0639975
-1.990333,0.0319988
-1.990133,0.0319988
-1.989933,0.0319988
-1.989733,0
-1.989533,0.0319988
-1.989333,0.0639975
-1.989133,0.0319988
-1.988933,0.0639975
-1.988733,0.0959963
-1.988533,0.0319988
-1.988333,0.0639975
-1.988133,0.0319988
-1.987933,0
-1.987733,0
-1.987533,0.0639975
-1.987333,0.0639975
-1.987133,0.0319988
-1.986933,0.0319988
-1.986733,0
-1.986533,0.0639975
-1.986333,0.0319988
-1.986133,0.0319988
-1.985933,0.0319988
-1.985733,0
-1.985533,0
-1.985333,0
-1.985133,0.0319988
-1.984933,0
-1.984733,0
-1.984533,0
-1.984333,-0.0319988
-1.984133,0.0319988
-1.983933,0
-1.983733,-0.0319988
-1.983533,0
-1.983333,0
-1.983133,-0.0319988
-1.982933,0
-1.982733,0.0319988
-1.982533,-0.0319988
-1.982333,0
-1.982133,0
-1.981933,-0.0319988
-1.981733,-0.0319988
-1.981533,0
-1.981333,-0.0319988
-1.981133,-0.0319988
-1.980933,0
-1.980733,0
-1.980533,-0.0319988
-1.980333,-0.0319988
-1.980133,-0.0319988
-1.979933,-0.0319988
-1.979733,-0.0319988
-1.979533,-0.0319988
-1.979333,-0.0319988
-1.979133,-0.0319988
-1.978933,-0.0319988
-1.978733,-0.0639975
-1.978533,0
-1.978333,-0.0639975
-1.978133,-0.0639975
-1.977933,-0.0319988
-1.977733,-0.0959963
-1.977533,-0.0639975
-1.977333,-0.0639975
-1.977133,-0.0639975
-1.976933,0
-1.976733,-0.0319988
-1.976533,-0.0639975
-1.976333,-0.0319988
-1.976133,-0.0319988
-1.975933,-0.0959963
-1.975733,-0.0639975
-1.975533,-0.0639975
-1.975333,-0.0639975
-1.975133,-0.0319988
-1.974933,-0.0319988
-1.974733,-0.0639975
-1.974533,-0.0639975
-1.974333,-0.0639975
-1.974133,-0.0639975
-1.973933,-0.0639975
-1.973733,-0.0639975
-1.973533,-0.0639975
-1.973333,-0.0639975
-1.973133,-0.0959963
-1.972933,-0.0639975
-1.972733,-0.0639975
-1.972533,-0.127995
-1.972333,-0.0639975
-1.972133,-0.0639975
-1.971933,-0.0639975
-1.971733,-0.0639975
-1.971533,-0.0319988
-1.971333,-0.0639975
-1.971133,-0.0639975
-1.970933,-0.127995
-1.970733,-0.0639975
-1.970533,-0.0959963
-1.970333,-0.0959963
-1.970133,-0.0959963
-1.969933,-0.0959963
-1.969733,-0.0959963
-1.969533,-0.0959963
-1.969333,-0.0959963
-1.969133,-0.0639975
-1.968933,-0.127995
-1.968733,-0.0959963
-1.968533,-0.0959963
-1.968333,-0.0959963
-1.968133,-0.127995
-1.967933,-0.127995
-1.967733,-0.0959963
-1.967533,-0.127995
-1.967333,-0.127995
-1.967133,-0.0959963
-1.966933,-0.127995
-1.966733,-0.159994
-1.966533,-0.0959963
-1.966333,-0.127995
-1.966133,-0.127995
-1.965933,-0.127995
-1.965733,-0.127995
-1.965533,-0.159994
-1.965333,-0.127995
-1.965133,-0.127995
-1.964933,-0.127995
-1.964733,-0.127995
-1.964533,-0.159994
-1.964333,-0.127995
-1.964133,-0.159994
-1.963933,-0.191993
-1.963733,-0.0959963
-1.963533,-0.127995
-1.963333,-0.159994
-1.963133,-0.159994
-1.962933,-0.191993
-1.962733,-0.127995
-1.962533,-0.191993
-1.962333,-0.127995
-1.962133,-0.127995
-1.961933,-0.159994
-1.961733,-0.159994
-1.961533,-0.191993
-1.961333,-0.127995
-1.961133,-0.127995
-1.960933,-0.159994
-1.960733,-0.159994
-1.960533,-0.127995
-1.960333,-0.159994
-1.960133,-0.159994
-1.959933,-0.159994
-1.959733,-0.159994
-1.959533,-0.0959963
-1.959333,-0.127995
-1.959133,-0.127995
-1.958933,-0.159994
-1.958733,-0.127995
-1.958533,-0.159994
-1.958333,-0.127995
-1.958133,-0.127995
-1.957933,-0.159994
-1.957733,-0.159994
-1.957533,-0.127995
-1.957333,-0.127995
-1.957133,-0.159994
-1.956933,-0.127995
-1.956733,-0.159994
-1.956533,-0.127995
-1.956333,-0.0959963
-1.956133,-0.159994
-1.955933,-0.159994
-1.955733,-0.127995
-1.955533,-0.191993
-1.955333,-0.127995
-1.955133,-0.159994
-1.954933,-0.159994
-1.954733,-0.159994
-1.954533,-0.159994
-1.954333,-0.159994
-1.954133,-0.159994
-1.953933,-0.159994
-1.953733,-0.159994
-1.953533,-0.127995
-1.953333,-0.127995
-1.953133,-0.159994
-1.952933,-0.191993
-1.952733,-0.127995
-1.952533,-0.191993
-1.952333,-0.159994
-1.952133,-0.159994
-1.951933,-0.159994
-1.951733,-0.159994
-1.951533,-0.159994
-1.951333,-0.127995
-1.951133,-0.0959963
-1.950933,-0.127995
-1.950733,-0.159994
-1.950533,-0.0959963
-1.950333,-0.159994
-1.950133,-0.127995
-1.949933,-0.191993
-1.949733,-0.0959963
-1.949533,-0.127995
-1.949333,-0.127995
-1.949133,-0.127995
-1.948933,-0.159994
-1.948733,-0.127995
-1.948533,-0.127995
-1.948333,-0.127995
-1.948133,-0.127995
-1.947933,-0.159994
-1.947733,-0.127995
-1.947533,-0.127995
-1.947333,-0.0959963
-1.947133,-0.0959963
-1.946933,-0.127995
-1.946733,-0.127995
-1.946533,-0.191993
-1.946333,-0.127995
-1.946133,-0.127995
-1.945933,-0.127995
-1.945733,-0.127995
-1.945533,-0.127995
-1.945333,-0.0959963
-1.945133,-0.159994
-1.944933,-0.0959963
-1.944733,-0.127995
-1.944533,-0.0959963
-1.944333,-0.0959963
-1.944133,-0.0959963
-1.943933,-0.159994
-1.943733,-0.0959963
-1.943533,-0.127995
-1.943333,-0.127995
-1.943133,-0.0639975
-1.942933,-0.127995
-1.942733,-0.0639975
-1.942533,-0.0639975
-1.942333,-0.127995
-1.942133,-0.0639975
-1.941933,-0.0639975
-1.941733,-0.0959963
-1.941533,-0.0639975
-1.941333,-0.0639975
-1.941133,-0.0959963
-1.940933,-0.0959963
-1.940733,-0.0639975
-1.940533,-0.0959963
-1.940333,-0.0639975
-1.940133,-0.0959963
-1.939933,-0.0639975
-1.939733,-0.0639975
-1.939533,-0.0959963
-1.939333,-0.0959963
-1.939133,-0.0639975
-1.938933,-0.0959963
-1.938733,-0.0639975
-1.938533,-0.0639975
-1.938333,-0.0639975
-1.938133,-0.0639975
-1.937933,-0.0959963
-1.937733,-0.0639975
-1.937533,-0.0639975
-1.937333,-0.0639975
-1.937133,-0.0639975
-1.936933,-0.0639975
-1.936733,-0.0639975
-1.936533,-0.0639975
-1.936333,-0.0639975
-1.936133,-0.0319988
-1.935933,-0.0319988
-1.935733,-0.0959963
-1.935533,-0.0319988
-1.935333,-0.0319988
-1.935133,-0.0319988
-1.934933,-0.0639975
-1.934733,-0.0959963
-1.934533,-0.0639975
-1.934333,0
-1.934133,-0.0319988
-1.933933,-0.0319988
-1.933733,-0.0319988
-1.933533,-0.0639975
-1.933333,-0.0319988
-1.933133,-0.0319988
-1.932933,-0.0319988
-1.932733,-0.0319988
-1.932533,-0.0319988
-1.932333,0
-1.932133,-0.0319988
-1.931933,-0.0319988
-1.931733,0.0319988
-1.931533,-0.0639975
-1.931333,-0.0319988
-1.931133,0
-1.930933,-0.0639975
-1.930733,-0.0319988
-1.930533,-0.0319988
-1.930333,-0.0639975
-1.930133,-0.0319988
-1.929933,-0.0319988
-1.929733,-0.0639975
-1.929533,-0.0319988
-1.929333,-0.0639975
-1.929133,-0.0639975
-1.928933,-0.0319988
-1.928733,-0.0639975
-1.928533,-0.0959963
-1.928333,-0.0319988
-1.928133,-0.0319988
-1.927933,-0.0959963
-1.927733,-0.0319988
-1.927533,-0.0639975
-1.927333,-0.0959963
-1.927133,-0.0319988
-1.926933,-0.0639975
-1.926733,-0.127995
-1.926533,-0.0319988
-1.926333,-0.0639975
-1.926133,-0.0639975
-1.925933,-0.0639975
-1.925733,-0.0639975
-1.925533,-0.127995
-1.925333,-0.0319988
-1.925133,-0.0319988
-1.924933,-0.0319988
-1.924733,-0.0639975
-1.924533,-0.0319988
-1.924333,-0.0639975
-1.924133,0
-1.923933,0
-1.923733,-0.0639975
-1.923533,-0.0639975
-1.923333,-0.0639975
-1.923133,-0.0959963
-1.922933,-0.0959963
-1.922733,-0.0959963
-1.922533,-0.0959963
-1.922333,-0.0319988
-1.922133,-0.0639975
-1.921933,-0.0639975
-1.921733,-0.0639975
-1.921533,-0.0319988
-1.921333,-0.0639975
-1.921133,-0.0959963
-1.920933,-0.0959963
-1.920733,-0.0959963
-1.920533,-0.0959963
-1.920333,-0.127995
-1.920133,-0.0639975
-1.919933,-0.0959963
-1.919733,-0.0639975
-1.919533,-0.0319988
-1.919333,0
-1.919133,-0.0639975
-1.918933,-0.0959963
-1.918733,-0.0319988
-1.918533,-0.0319988
-1.918333,-0.0959963
-1.918133,-0.0639975
-1.917933,-0.0639975
-1.917733,-0.0959963
-1.917533,-0.0319988
-1.917333,-0.0959963
-1.917133,-0.0959963
-1.916933,-0.0959963
-1.916733,-0.0319988
-1.916533,-0.0959963
-1.916333,-0.0959963
-1.916133,-0.0639975
-1.915933,-0.0319988
-1.915733,-0.127995
-1.915533,-0.0319988
-1.915333,-0.127995
-1.915133,-0.127995
-1.914933,-0.0959963
-1.914733,-0.127995
-1.914533,-0.0639975
-1.914333,-0.0319988
-1.914133,-0.0959963
-1.913933,-0.0959963
-1.913733,-0.0639975
-1.913533,-0.0959963
-1.913333,-0.0639975
-1.913133,-0.0319988
-1.912933,-0.0959963
-1.912733,-0.0639975
-1.912533,-0.0959963
-1.912333,-0.0959963
-1.912133,-0.0319988
-1.911933,-0.0959963
-1.911733,-0.0959963
-1.911533,-0.0639975
-1.911333,-0.0959963
-1.911133,-0.0959963
-1.910933,-0.0639975
-1.910733,-0.0959963
-1.910533,-0.0959963
-1.910333,-0.0959963
-1.910133,-0.0319988
-1.909933,-0.0959963
-1.909733,-0.0319988
-1.909533,-0.0639975
-1.909333,-0.0959963
-1.909133,-0.0959963
-1.908933,-0.0959963
-1.908733,-0.0639975
-1.908533,-0.0639975
-1.908333,-0.0959963
-1.908133,-0.127995
-1.907933,-0.0959963
-1.907733,-0.0639975
-1.907533,-0.127995
-1.907333,-0.0639975
-1.907133,-0.0959963
-1.906933,-0.127995
-1.906733,-0.0639975
-1.906533,-0.0959963
-1.906333,-0.0959963
-1.906133,-0.0959963
-1.905933,-0.127995
-1.905733,-0.127995
-1.905533,-0.0959963
-1.905333,-0.0959963
-1.905133,-0.159994
-1.904933,-0.127995
-1.904733,-0.0959963
-1.904533,-0.159994
-1.904333,-0.127995
-1.904133,-0.0959963
-1.903933,-0.159994
-1.903733,-0.0959963
-1.903533,-0.127995
-1.903333,-0.127995
-1.903133,-0.159994
-1.902933,-0.127995
-1.902733,-0.159994
-1.902533,-0.159994
-1.902333,-0.0959963
-1.902133,-0.159994
-1.901933,-0.127995
-1.901733,-0.0959963
-1.901533,-0.159994
-1.901333,-0.127995
-1.901133,-0.127995
-1.900933,-0.159994
-1.900733,-0.159994
-1.900533,-0.159994
-1.900333,-0.159994
-1.900133,-0.127995
-1.899933,-0.127995
-1.899733,-0.127995
-1.899533,-0.127995
-1.899333,-0.159994
-1.899133,-0.191993
-1.898933,-0.127995
-1.898733,-0.127995
-1.898533,-0.191993
-1.898333,-0.127995
-1.898133,-0.127995
-1.897933,-0.159994
-1.897733,-0.0959963
-1.897533,-0.127995
-1.897333,-0.159994
-1.897133,-0.159994
-1.896933,-0.159994
-1.896733,-0.159994
-1.896533,-0.159994
-1.896333,-0.127995
-1.896133,-0.127995
-1.895933,-0.159994
-1.895733,-0.159994
-1.895533,-0.191993
-1.895333,-0.159994
-1.895133,-0.127995
-1.894933,-0.159994
-1.894733,-0.159994
-1.894533,-0.127995
-1.894333,-0.159994
-1.894133,-0.159994
-1.893933,-0.0959963
-1.893733,-0.159994
-1.893533,-0.159994
-1.893333,-0.159994
-1.893133,-0.191993
-1.892933,-0.159994
-1.892733,-0.191993
-1.892533,-0.159994
-1.892333,-0.127995
-1.892133,-0.159994
-1.891933,-0.127995
-1.891733,-0.191993
-1.891533,-0.127995
-1.891333,-0.159994
-1.891133,-0.127995
-1.890933,-0.127995
-1.890733,-0.159994
-1.890533,-0.159994
-1.890333,-0.0959963
-1.890133,-0.159994
-1.889933,-0.159994
-1.889733,-0.159994
-1.889533,-0.159994
-1.889333,-0.159994
-1.889133,-0.191993
-1.888933,-0.191993
-1.888733,-0.127995
-1.888533,-0.0959963
-1.888333,-0.159994
-1.888133,-0.127995
-1.887933,-0.159994
-1.887733,-0.159994
-1.887533,-0.159994
-1.887333,-0.0959963
-1.887133,-0.127995
-1.886933,-0.127995
-1.886733,-0.0959963
-1.886533,-0.127995
-1.886333,-0.127995
-1.886133,-0.0959963
-1.885933,-0.127995
-1.885733,-0.127995
-1.885533,-0.127995
-1.885333,-0.159994
-1.885133,-0.0959963
-1.884933,-0.159994
-1.884733,-0.127995
-1.884533,-0.0959963
-1.884333,-0.127995
-1.884133,-0.127995
-1.883933,-0.0959963
-1.883733,-0.0639975
-1.883533,-0.159994
-1.883333,-0.0959963
-1.883133,-0.0959963
-1.882933,-0.127995
-1.882733,-0.0639975
-1.882533,-0.0959963
-1.882333,-0.0959963
-1.882133,-0.127995
-1.881933,-0.0959963
-1.881733,-0.127995
-1.881533,-0.0959963
-1.881333,-0.127995
-1.881133,-0.127995
-1.880933,-0.127995
-1.880733,-0.0639975
-1.880533,-0.0959963
-1.880333,-0.127995
-1.880133,-0.127995
-1.879933,-0.0639975
-1.879733,-0.0959963
-1.879533,-0.127995
-1.879333,-0.0639975
-1.879133,-0.0959963
-1.878933,-0.0959963
-1.878733,-0.0959963
-1.878533,-0.0319988
-1.878333,-0.127995
-1.878133,-0.0959963
-1.877933,-0.0959963
-1.877733,-0.0959963
-1.877533,-0.0639975
-1.877333,-0.0639975
-1.877133,-0.0959963
-1.876933,-0.0639975
-1.876733,-0.0639975
-1.876533,-0.0639975
-1.876333,-0.127995
-1.876133,-0.0319988
-1.875933,-0.0639975
-1.875733,-0.0959963
-1.875533,-0.0639975
-1.875333,-0.0639975
-1.875133,-0.0959963
-1.874933,-0.0639975
-1.874733,-0.0319988
-1.874533,-0.0959963
-1.874333,-0.0319988
-1.874133,-0.0319988
-1.873933,-0.0959963
-1.873733,-0.0319988
-1.873533,-0.0959963
-1.873333,-0.0639975
-1.873133,-0.0639975
-1.872933,-0.0319988
-1.872733,-0.0639975
-1.872533,-0.0319988
-1.872333,-0.0319988
-1.872133,-0.0639975
-1.871933,0
-1.871733,-0.0319988
-1.871533,-0.0639975
-1.871333,0
-1.871133,-0.0319988
-1.870933,-0.0319988
-1.870733,-0.0639975
-1.870533,-0.0319988
-1.870333,-0.0319988
-1.870133,-0.0639975
-1.869933,0
-1.869733,0
-1.869533,-0.0319988
-1.869333,-0.0319988
-1.869133,0
-1.868933,-0.0319988
-1.868733,-0.0319988
-1.868533,-0.0319988
-1.868333,-0.0319988
-1.868133,-0.0319988
-1.867933,-0.0319988
-1.867733,0
-1.867533,-0.0319988
-1.867333,-0.0639975
-1.867133,-0.0639975
-1.866933,-0.0319988
-1.866733,-0.0319988
-1.866533,0
-1.866333,0
-1.866133,-0.0959963
-1.865933,0
-1.865733,-0.0319988
-1.865533,0
-1.865333,-0.0319988
-1.865133,-0.0319988
-1.864933,-0.0639975
-1.864733,-0.0319988
-1.864533,-0.0639975
-1.864333,-0.0639975
-1.864133,-0.0319988
-1.863933,-0.0319988
-1.863733,-0.0319988
-1.863533,-0.0319988
-1.863333,-0.0319988
-1.863133,-0.0639975
-1.862933,-0.0319988
-1.862733,-0.0319988
-1.862533,-0.0639975
-1.862333,-0.0639975
-1.862133,-0.0639975
-1.861933,-0.0639975
-1.861733,0
-1.861533,0
-1.861333,-0.0639975
-1.861133,-0.0319988
-1.860933,-0.0319988
-1.860733,-0.0319988
-1.860533,-0.0639975
-1.860333,-0.0639975
-1.860133,-0.0959963
-1.859933,-0.0319988
-1.859733,-0.0639975
-1.859533,-0.0319988
-1.859333,0
-1.859133,0
-1.858933,-0.0639975
-1.858733,0
-1.858533,-0.0319988
-1.858333,-0.0639975
-1.858133,-0.0639975
-1.857933,0
-1.857733,-0.0639975
-1.857533,-0.0639975
-1.857333,0
-1.857133,-0.0639975
-1.856933,0
-1.856733,0
-1.856533,-0.0639975
-1.856333,0
-1.856133,-0.0319988
-1.855933,-0.0319988
-1.855733,-0.0319988
-1.855533,-0.0639975
-1.855333,-0.0639975
-1.855133,0
-1.854933,0
-1.854733,-0.0639975
-1.854533,-0.0319988
-1.854333,-0.0319988
-1.854133,-0.0639975
-1.853933,-0.0319988
-1.853733,-0.0319988
-1.853533,-0.0639975
-1.853333,0
-1.853133,0
-1.852933,-0.0639975
-1.852733,-0.0319988
-1.852533,-0.0959963
-1.852333,-0.0639975
-1.852133,-0.0319988
-1.851933,-0.0319988
-1.851733,-0.0639975
-1.851533,-0.0319988
-1.851333,0
-1.851133,-0.0639975
-1.850933,0
-1.850733,-0.0319988
-1.850533,-0.0639975
-1.850333,-0.0639975
-1.850133,-0.0319988
-1.849933,-0.0319988
-1.849733,-0.0319988
-1.849533,0.0319988
-1.849333,-0.0319988
-1.849133,-0.0319988
-1.848933,-0.0319988
-1.848733,0
-1.848533,-0.0319988
-1.848333,0
-1.848133,0
-1.847933,0
-1.847733,0
-1.847533,0.0319988
-1.847333,0
-1.847133,0
-1.846933,0
-1.846733,0
-1.846533,0.0319988
-1.846333,-0.0639975
-1.846133,0
-1.845933,0
-1.845733,0
-1.845533,0
-1.845333,0
-1.845133,-0.0319988
-1.844933,0.0319988
-1.844733,0
-1.844533,0
-1.844333,-0.0319988
-1.844133,0
-1.843933,-0.0639975
-1.843733,0
-1.843533,0
-1.843333,0
-1.843133,-0.0319988
-1.842933,-0.0319988
-1.842733,0.0319988
-1.842533,0.0319988
-1.842333,0
-1.842133,0
-1.841933,-0.0319988
-1.841733,0.0319988
-1.841533,0
-1.841333,0.0639975
-1.841133,0.0319988
-1.840933,0.0319988
-1.840733,0.0639975
-1.840533,0
-1.840333,-0.0319988
-1.840133,-0.0319988
-1.839933,0.0319988
-1.839733,0
-1.839533,0.0319988
-1.839333,0
-1.839133,0.0319988
-1.838933,0
-1.838733,0
-1.838533,0
-1.838333,0.0319988
-1.838133,0
-1.837933,-0.0319988
-1.837733,0.0639975
-1.837533,0.0319988
-1.837333,-0.0319988
-1.837133,0
-1.836933,0.0319988
-1.836733,0
-1.836533,0
-1.836333,0.0319988
-1.836133,-0.0319988
-1.835933,0
-1.835733,-0.0319988
-1.835533,0
-1.835333,0.0319988
-1.835133,0
-1.834933,0
-1.834733,0
-1.834533,0
-1.834333,-0.0319988
-1.834133,0.0639975
-1.833933,0.0319988
-1.833733,-0.0319988
-1.833533,0.0319988
-1.833333,0.0319988
-1.833133,0
-1.832933,0.0319988
-1.832733,0.0319988
-1.832533,0.0319988
-1.832333,0.0319988
-1.832133,0
-1.831933,0
-1.831733,0
-1.831533,0.0639975
-1.831333,0
-1.831133,0
-1.830933,0.0639975
-1.830733,0.0319988
-1.830533,0.0319988
-1.830333,0
-1.830133,-0.0319988
-1.829933,0
-1.829733,0.0639975
-1.829533,0.0319988
-1.829333,0.0319988
-1.829133,0
-1.828933,0.0319988
-1.828733,0.0319988
-1.828533,0.0319988
-1.828333,0.0639975
-1.828133,0
-1.827933,0
-1.827733,0
-1.827533,0.0319988
-1.827333,0.0319988
-1.827133,0
-1.826933,0.0319988
-1.826733,0.0639975
-1.826533,-0.0319988
-1.826333,0
-1.826133,0.0319988
-1.825933,0.0319988
-1.825733,0
-1.825533,0.0319988
-1.825333,0
-1.825133,-0.0319988
-1.824933,0
-1.824733,0.0639975
-1.824533,0
-1.824333,0.0319988
-1.824133,0
-1.823933,0.0639975
-1.823733,0.0319988
-1.823533,0.0319988
-1.823333,0.0319988
-1.823133,0.0319988
-1.822933,0.0319988
-1.822733,0.0319988
-1.822533,0.0639975
-1.822333,0.0319988
-1.822133,0.0319988
-1.821933,0.0639975
-1.821733,0.0639975
-1.821533,0.0319988
-1.821333,0.0639975
-1.821133,0.0319988
-1.820933,0
-1.820733,0.0319988
-1.820533,0
-1.820333,0.0319988
-1.820133,0.0319988
-1.819933,0.0319988
-1.819733,0.0639975
-1.819533,0
-1.819333,0
-1.819133,0.0639975
-1.818933,0.0639975
-1.818733,0.0639975
-1.818533,0.0319988
-1.818333,0.0639975
-1.818133,0
-1.817933,0.0639975
-1.817733,0.0319988
-1.817533,0
-1.817333,0
-1.817133,0.0319988
-1.816933,0.0319988
-1.816733,0.0319988
-1.816533,0.0639975
-1.816333,0.0319988
-1.816133,0
-1.815933,0.0639975
-1.815733,0.0319988
-1.815533,0.0319988
-1.815333,0.0639975
-1.815133,0.0319988
-1.814933,0.0319988
-1.814733,0.0959963
-1.814533,0.0319988
-1.814333,0.0639975
-1.814133,0.0319988
-1.813933,0.0639975
-1.813733,0.0639975
-1.813533,0.0639975
-1.813333,0
-1.813133,0.0319988
-1.812933,0.0639975
-1.812733,0.0639975
-1.812533,0.0639975
-1.812333,0.0639975
-1.812133,0
-1.811933,0.0639975
-1.811733,0.0639975
-1.811533,0.0319988
-1.811333,0.0639975
-1.811133,0.0639975
-1.810933,0.0639975
-1.810733,0.0319988
-1.810533,0.0639975
-1.810333,0.0639975
-1.810133,0.0639975
-1.809933,0.0959963
-1.809733,0.0639975
-1.809533,0.0319988
-1.809333,0.0639975
-1.809133,0.0639975
-1.808933,0.0639975
-1.808733,0.0959963
-1.808533,0.0639975
-1.808333,0.0959963
-1.808133,0.0639975
-1.807933,0.0639975
-1.807733,0.0959963
-1.807533,0.0639975
-1.807333,0.0319988
-1.807133,0.0639975
-1.806933,0.127995
-1.806733,0.0959963
-1.806533,0.0959963
-1.806333,0.0639975
-1.806133,0.0959963
-1.805933,0.0959963
-1.805733,0.0959963
-1.805533,0.0959963
-1.805333,0.0959963
-1.805133,0.0639975
-1.804933,0.0639975
-1.804733,0.127995
-1.804533,0.0959963
-1.804333,0.0959963
-1.804133,0.0639975
-1.803933,0.0639975
-1.803733,0.0639975
-1.803533,0.0959963
-1.803333,0.0959963
-1.803133,0.0959963
-1.802933,0.159994
-1.802733,0.0639975
-1.802533,0.0639975
-1.802333,0.127995
-1.802133,0.0959963
-1.801933,0.0959963
-1.801733,0.0959963
-1.801533,0.127995
-1.801333,0.0639975
-1.801133,0.0959963
-1.800933,0.0959963
-1.800733,0.0959963
-1.800533,0.0959963
-1.800333,0.0959963
-1.800133,0.127995
-1.799933,0.0959963
-1.799733,0.127995
-1.799533,0.127995
-1.799333,0.127995
-1.799133,0.127995
-1.798933,0.0959963
-1.798733,0.127995
-1.798533,0.127995
-1.798333,0.159994
-1.798133,0.0959963
-1.797933,0.127995
-1.797733,0.127995
-1.797533,0.159994
-1.797333,0.127995
-1.797133,0.159994
-1.796933,0.127995
-1.796733,0.127995
-1.796533,0.159994
-1.796333,0.159994
-1.796133,0.0959963
-1.795933,0.159994
-1.795733,0.159994
-1.795533,0.0959963
-1.795333,0.159994
-1.795133,0.127995
-1.794933,0.159994
-1.794733,0.191993
-1.794533,0.159994
-1.794333,0.127995
-1.794133,0.159994
-1.793933,0.159994
-1.793733,0.127995
-1.793533,0.159994
-1.793333,0.159994
-1.793133,0.159994
-1.792933,0.127995
-1.792733,0.159994
-1.792533,0.0959963
-1.792333,0.159994
-1.792133,0.127995
-1.791933,0.127995
-1.791733,0.191993
-1.791533,0.159994
-1.791333,0.159994
-1.791133,0.159994
-1.790933,0.159994
-1.790733,0.127995
-1.790533,0.127995
-1.790333,0.159994
-1.790133,0.127995
-1.789933,0.159994
-1.789733,0.223991
-1.789533,0.127995
-1.789333,0.159994
-1.789133,0.159994
-1.788933,0.127995
-1.788733,0.127995
-1.788533,0.159994
-1.788333,0.127995
-1.788133,0.127995
-1.787933,0.127995
-1.787733,0.127995
-1.787533,0.159994
-1.787333,0.159994
-1.787133,0.127995
-1.786933,0.127995
-1.786733,0.127995
-1.786533,0.159994
-1.786333,0.191993
-1.786133,0.159994
-1.785933,0.159994
-1.785733,0.159994
-1.785533,0.127995
-1.785333,0.127995
-1.785133,0.127995
-1.784933,0.127995
-1.784733,0.159994
-1.784533,0.159994
-1.784333,0.159994
-1.784133,0.191993
-1.783933,0.127995
-1.783733,0.159994
-1.783533,0.127995
-1.783333,0.159994
-1.783133,0.159994
-1.782933,0.127995
-1.782733,0.127995
-1.782533,0.127995
-1.782333,0.127995
-1.782133,0.159994
-1.781933,0.159994
-1.781733,0.127995
-1.781533,0.127995
-1.781333,0.0959963
-1.781133,0.0959963
-1.780933,0.127995
-1.780733,0.127995
-1.780533,0.0959963
-1.780333,0.0959963
-1.780133,0.127995
-1.779933,0.0959963
-1.779733,0.0959963
-1.779533,0.0959963
-1.779333,0.0959963
-1.779133,0.127995
-1.778933,0.0959963
-1.778733,0.0959963
-1.778533,0.0959963
-1.778333,0.0959963
-1.778133,0.0959963
-1.777933,0.0639975
-1.777733,0.0959963
-1.777533,0.0959963
-1.777333,0.0319988
-1.777133,0.0959963
-1.776933,0.0639975
-1.776733,0.0639975
-1.776533,0.0639975
-1.776333,0.0639975
-1.776133,0.0639975
-1.775933,0.0959963
-1.775733,0.0639975
-1.775533,0.0319988
-1.775333,0.0639975
-1.775133,0.0639975
-1.774933,0.0319988
-1.774733,0.0959963
-1.774533,0.0639975
-1.774333,0.0319988
-1.774133,0.0959963
-1.773933,0.0639975
-1.773733,0.0639975
-1.773533,0.0639975
-1.773333,0.0639975
-1.773133,0.0319988
-1.772933,0.0639975
-1.772733,0.0639975
-1.772533,0.0639975
-1.772333,0.0319988
-1.772133,0.0319988
-1.771933,0.0639975
-1.771733,0.0959963
-1.771533,0.0639975
-1.771333,0.0319988
-1.771133,0.0639975
-1.770933,0.0319988
-1.770733,0.0639975
-1.770533,0
-1.770333,0.0639975
-1.770133,-0.0319988
-1.769933,0.0639975
-1.769733,0.0319988
-1.769533,0.0319988
-1.769333,0.0639975
-1.769133,0.0319988
-1.768933,0
-1.768733,0.0319988
-1.768533,0
-1.768333,0.0639975
-1.768133,0.0319988
-1.767933,0
-1.767733,0
-1.767533,0.0319988
-1.767333,0.0319988
-1.767133,0
-1.766933,0.0319988
-1.766733,0.0319988
-1.766533,0
-1.766333,0.0319988
-1.766133,0.0319988
-1.765933,0
-1.765733,-0.0319988
-1.765533,0
-1.765333,0
-1.765133,0
-1.764933,0
-1.764733,0
-1.764533,-0.0319988
-1.764333,0
-1.764133,-0.0319988
-1.763933,-0.0319988
-1.763733,-0.0319988
-1.763533,-0.0319988
-1.763333,-0.0319988
-1.763133,0
-1.762933,-0.0319988
-1.762733,-0.0319988
-1.762533,0
-1.762333,-0.0319988
-1.762133,0.0319988
-1.761933,0
-1.761733,-0.0639975
-1.761533,-0.0319988
-1.761333,0
-1.761133,-0.0639975
-1.760933,-0.0639975
-1.760733,-0.0319988
-1.760533,-0.0959963
-1.760333,-0.0319988
-1.760133,-0.0319988
-1.759933,-0.0639975
-1.759733,-0.0639975
-1.759533,-0.0639975
-1.759333,-0.0639975
-1.759133,-0.0959963
-1.758933,-0.0319988
-1.758733,-0.0639975
-1.758533,-0.0639975
-1.758333,-0.0959963
-1.758133,-0.0639975
-1.757933,-0.0639975
-1.757733,-0.0639975
-1.757533,-0.0959963
-1.757333,-0.0959963
-1.757133,-0.0959963
-1.756933,-0.127995
-1.756733,-0.0639975
-1.756533,-0.0959963
-1.756333,-0.127995
-1.756133,-0.0639975
-1.755933,-0.0959963
-1.755733,-0.0959963
-1.755533,-0.0959963
-1.755333,-0.127995
-1.755133,-0.159994
-1.754933,-0.127995
-1.754733,-0.0639975
-1.754533,-0.159994
-1.754333,-0.127995
-1.754133,-0.0959963
-1.753933,-0.159994
-1.753733,-0.127995
-1.753533,-0.127995
-1.753333,-0.127995
-1.753133,-0.127995
-1.752933,-0.127995
-1.752733,-0.159994
-1.752533,-0.159994
-1.752333,-0.159994
-1.752133,-0.191993
-1.751933,-0.159994
-1.751733,-0.159994
-1.751533,-0.159994
-1.751333,-0.191993
-1.751133,-0.127995
-1.750933,-0.159994
-1.750733,-0.159994
-1.750533,-0.159994
-1.750333,-0.159994
-1.750133,-0.191993
-1.749933,-0.191993
-1.749733,-0.191993
-1.749533,-0.191993
-1.749333,-0.159994
-1.749133,-0.159994
-1.748933,-0.25599
-1.748733,-0.159994
-1.748533,-0.159994
-1.748333,-0.191993
-1.748133,-0.0959963
-1.747933,-0.191993
-1.747733,-0.191993
-1.747533,-0.191993
-1.747333,-0.191993
-1.747133,-0.223991
-1.746933,-0.159994
-1.746733,-0.159994
-1.746533,-0.223991
-1.746333,-0.159994
-1.746133,-0.223991
-1.745933,-0.191993
-1.745733,-0.191993
-1.745533,-0.191993
-1.745333,-0.223991
-1.745133,-0.159994
-1.744933,-0.223991
-1.744733,-0.191993
-1.744533,-0.191993
-1.744333,-0.223991
-1.744133,-0.191993
-1.743933,-0.191993
-1.743733,-0.191993
-1.743533,-0.159994
-1.743333,-0.159994
-1.743133,-0.223991
-1.742933,-0.191993
-1.742733,-0.191993
-1.742533,-0.223991
-1.742333,-0.25599
-1.742133,-0.25599
-1.741933,-0.25599
-1.741733,-0.25599
-1.741533,-0.223991
-1.741333,-0.223991
-1.741133,-0.223991
-1.740933,-0.223991
-1.740733,-0.223991
-1.740533,-0.223991
-1.740333,-0.25599
-1.740133,-0.223991
-1.739933,-0.25599
-1.739733,-0.223991
-1.739533,-0.25599
-1.739333,-0.223991
-1.739133,-0.223991
-1.738933,-0.287989
-1.738733,-0.25599
-1.738533,-0.223991
-1.738333,-0.25599
-1.738133,-0.25599
-1.737933,-0.191993
-1.737733,-0.287989
-1.737533,-0.25599
-1.737333,-0.25599
-1.737133,-0.25599
-1.736933,-0.287989
-1.736733,-0.25599
-1.736533,-0.287989
-1.736333,-0.319988
-1.736133,-0.287989
-1.735933,-0.223991
-1.735733,-0.287989
-1.735533,-0.223991
-1.735333,-0.287989
-1.735133,-0.25599
-1.734933,-0.223991
-1.734733,-0.287989
-1.734533,-0.287989
-1.734333,-0.287989
-1.734133,-0.25599
-1.733933,-0.319988
-1.733733,-0.25599
-1.733533,-0.287989
-1.733333,-0.25599
-1.733133,-0.319988
-1.732933,-0.319988
-1.732733,-0.287989
-1.732533,-0.351986
-1.732333,-0.319988
-1.732133,-0.319988
-1.731933,-0.351986
-1.731733,-0.319988
-1.731533,-0.319988
-1.731333,-0.351986
-1.731133,-0.319988
-1.730933,-0.319988
-1.730733,-0.287989
-1.730533,-0.351986
-1.730333,-0.351986
-1.730133,-0.351986
-1.729933,-0.319988
-1.729733,-0.319988
-1.729533,-0.351986
-1.729333,-0.287989
-1.729133,-0.351986
-1.728933,-0.319988
-1.728733,-0.319988
-1.728533,-0.383985
-1.728333,-0.287989
-1.728133,-0.319988
-1.727933,-0.319988
-1.727733,-0.383985
-1.727533,-0.319988
-1.727333,-0.319988
-1.727133,-0.319988
-1.726933,-0.319988
-1.726733,-0.319988
-1.726533,-0.319988
-1.726333,-0.287989
-1.726133,-0.287989
-1.725933,-0.383985
-1.725733,-0.351986
-1.725533,-0.351986
-1.725333,-0.319988
-1.725133,-0.351986
-1.724933,-0.351986
-1.724733,-0.319988
-1.724533,-0.351986
-1.724333,-0.319988
-1.724133,-0.319988
-1.723933,-0.319988
-1.723733,-0.383985
-1.723533,-0.319988
-1.723333,-0.287989
-1.723133,-0.351986
-1.722933,-0.351986
-1.722733,-0.319988
-1.722533,-0.351986
-1.722333,-0.351986
-1.722133,-0.319988
-1.721933,-0.351986
-1.721733,-0.351986
-1.721533,-0.351986
-1.721333,-0.383985
-1.721133,-0.351986
-1.720933,-0.383985
-1.720733,-0.319988
-1.720533,-0.319988
-1.720333,-0.319988
-1.720133,-0.383985
-1.719933,-0.351986
-1.719733,-0.383985
-1.719533,-0.351986
-1.719333,-0.319988
-1.719133,-0.319988
-1.718933,-0.319988
-1.718733,-0.319988
-1.718533,-0.383985
-1.718333,-0.383985
-1.718133,-0.351986
-1.717933,-0.319988
-1.717733,-0.319988
-1.717533,-0.383985
-1.717333,-0.319988
-1.717133,-0.351986
-1.716933,-0.351986
-1.716733,-0.287989
-1.716533,-0.319988
-1.716333,-0.351986
-1.716133,-0.319988
-1.715933,-0.351986
-1.715733,-0.319988
-1.715533,-0.319988
-1.715333,-0.351986
-1.715133,-0.351986
-1.714933,-0.351986
-1.714733,-0.383985
-1.714533,-0.351986
-1.714333,-0.351986
-1.714133,-0.383985
-1.713933,-0.351986
-1.713733,-0.319988
-1.713533,-0.351986
-1.713333,-0.351986
-1.713133,-0.319988
-1.712933,-0.319988
-1.712733,-0.319988
-1.712533,-0.319988
-1.712333,-0.351986
-1.712133,-0.351986
-1.711933,-0.319988
-1.711733,-0.351986
-1.711533,-0.319988
-1.711333,-0.319988
-1.711133,-0.351986
-1.710933,-0.319988
-1.710733,-0.351986
-1.710533,-0.287989
-1.710333,-0.319988
-1.710133,-0.319988
-1.709933,-0.351986
-1.709733,-0.319988
-1.709533,-0.319988
-1.709333,-0.319988
-1.709133,-0.319988
-1.708933,-0.319988
-1.708733,-0.287989
-1.708533,-0.25599
-1.708333,-0.287989
-1.708133,-0.319988
-1.707933,-0.287989
-1.707733,-0.287989
-1.707533,-0.383985
-1.707333,-0.319988
-1.707133,-0.319988
-1.706933,-0.351986
-1.706733,-0.319988
-1.706533,-0.319988
-1.706333,-0.319988
-1.706133,-0.319988
-1.705933,-0.319988
-1.705733,-0.319988
-1.705533,-0.319988
-1.705333,-0.319988
-1.705133,-0.319988
-1.704933,-0.287989
-1.704733,-0.287989
-1.704533,-0.319988
-1.704333,-0.287989
-1.704133,-0.287989
-1.703933,-0.319988
-1.703733,-0.287989
-1.703533,-0.287989
-1.703333,-0.287989
-1.703133,-0.25599
-1.702933,-0.287989
-1.702733,-0.319988
-1.702533,-0.287989
-1.702333,-0.25599
-1.702133,-0.287989
-1.701933,-0.319988
-1.701733,-0.287989
-1.701533,-0.287989
-1.701333,-0.319988
-1.701133,-0.25599
-1.700933,-0.287989
-1.700733,-0.25599
-1.700533,-0.287989
-1.700333,-0.287989
-1.700133,-0.25599
-1.699933,-0.287989
-1.699733,-0.287989
-1.699533,-0.223991
-1.699333,-0.287989
-1.699133,-0.287989
-1.698933,-0.287989
-1.698733,-0.25599
-1.698533,-0.25599
-1.698333,-0.287989
-1.698133,-0.287989
-1.697933,-0.223991
-1.697733,-0.223991
-1.697533,-0.25599
-1.697333,-0.25599
-1.697133,-0.25599
-1.696933,-0.25599
-1.696733,-0.25599
-1.696533,-0.191993
-1.696333,-0.223991
-1.696133,-0.223991
-1.695933,-0.287989
-1.695733,-0.223991
-1.695533,-0.25599
-1.695333,-0.191993
-1.695133,-0.223991
-1.694933,-0.25599
-1.694733,-0.191993
-1.694533,-0.25599
-1.694333,-0.25599
-1.694133,-0.223991
-1.693933,-0.25599
-1.693733,-0.25599
-1.693533,-0.191993
-1.693333,-0.25599
-1.693133,-0.25599
-1.692933,-0.223991
-1.692733,-0.223991
-1.692533,-0.191993
-1.692333,-0.223991
-1.692133,-0.25599
-1.691933,-0.25599
-1.691733,-0.191993
-1.691533,-0.25599
-1.691333,-0.223991
-1.691133,-0.25599
-1.690933,-0.25599
-1.690733,-0.191993
-1.690533,-0.223991
-1.690333,-0.191993
-1.690133,-0.223991
-1.689933,-0.25599
-1.689733,-0.223991
-1.689533,-0.223991
-1.689333,-0.191993
-1.689133,-0.191993
-1.688933,-0.25599
-1.688733,-0.223991
-1.688533,-0.191993
-1.688333,-0.223991
-1.688133,-0.191993
-1.687933,-0.223991
-1.687733,-0.223991
-1.687533,-0.223991
-1.687333,-0.191993
-1.687133,-0.191993
-1.686933,-0.191993
-1.686733,-0.191993
-1.686533,-0.191993
-1.686333,-0.191993
-1.686133,-0.223991
-1.685933,-0.223991
-1.685733,-0.159994
-1.685533,-0.159994
-1.685333,-0.159994
-1.685133,-0.159994
-1.684933,-0.223991
-1.684733,-0.223991
-1.684533,-0.127995
-1.684333,-0.191993
-1.684133,-0.191993
-1.683933,-0.159994
-1.683733,-0.159994
-1.683533,-0.127995
-1.683333,-0.159994
-1.683133,-0.159994
-1.682933,-0.159994
-1.682733,-0.159994
-1.682533,-0.159994
-1.682333,-0.127995
-1.682133,-0.159994
-1.681933,-0.159994
-1.681733,-0.0959963
-1.681533,-0.159994
-1.681333,-0.159994
-1.681133,-0.127995
-1.680933,-0.159994
-1.680733,-0.127995
-1.680533,-0.127995
-1.680333,-0.127995
-1.680133,-0.0959963
-1.679933,-0.127995
-1.679733,-0.0959963
-1.679533,-0.0959963
-1.679333,-0.0959963
-1.679133,-0.0959963
-1.678933,-0.127995
-1.678733,-0.0959963
-1.678533,-0.127995
-1.678333,-0.127995
-1.678133,-0.127995
-1.677933,-0.127995
-1.677733,-0.159994
-1.677533,-0.0959963
-1.677333,-0.0959963
-1.677133,-0.127995
-1.676933,-0.0959963
-1.676733,-0.0959963
-1.676533,-0.127995
-1.676333,-0.0959963
-1.676133,-0.127995
-1.675933,-0.127995
-1.675733,-0.0959963
-1.675533,-0.127995
-1.675333,-0.0959963
-1.675133,-0.0959963
-1.674933,-0.0959963
-1.674733,-0.0959963
-1.674533,-0.0319988
-1.674333,-0.0639975
-1.674133,-0.127995
-1.673933,-0.0959963
-1.673733,-0.0639975
-1.673533,-0.0959963
-1.673333,-0.0959963
-1.673133,-0.0959963
-1.672933,-0.0959963
-1.672733,-0.0639975
-1.672533,-0.0639975
-1.672333,-0.0959963
-1.672133,-0.0639975
-1.671933,-0.0639975
-1.671733,-0.0959963
-1.671533,-0.0959963
-1.671333,-0.0959963
-1.671133,-0.0959963
-1.670933,-0.0639975
-1.670733,-0.0639975
-1.670533,-0.0959963
-1.670333,-0.0639975
-1.670133,-0.0639975
-1.669933,-0.0319988
-1.669733,-0.0319988
-1.669533,-0.0319988
-1.669333,-0.0639975
-1.669133,-0.0959963
-1.668933,-0.0639975
-1.668733,-0.0639975
-1.668533,-0.0319988
-1.668333,-0.0639975
-1.668133,-0.127995
-1.667933,-0.0639975
-1.667733,-0.0319988
-1.667533,-0.0959963
-1.667333,-0.0639975
-1.667133,-0.0639975
-1.666933,-0.0959963
-1.666733,-0.0639975
-1.666533,0
-1.666333,-0.0959963
-1.666133,-0.0319988
-1.665933,-0.0639975
-1.665733,-0.0959963
-1.665533,-0.0639975
-1.665333,-0.0319988
-1.665133,-0.0319988
-1.664933,-0.0639975
-1.664733,-0.0959963
-1.664533,-0.0959963
-1.664333,0
-1.664133,-0.0639975
-1.663933,-0.0959963
-1.663733,-0.0639975
-1.663533,-0.0639975
-1.663333,-0.0639975
-1.663133,-0.0319988
-1.662933,-0.0959963
-1.662733,-0.0639975
-1.662533,-0.0319988
-1.662333,-0.0639975
-1.662133,-0.0639975
-1.661933,-0.0639975
-1.661733,-0.0319988
-1.661533,-0.0639975
-1.661333,0
-1.661133,-0.0319988
-1.660933,-0.0639975
-1.660733,-0.0319988
-1.660533,-0.0319988
-1.660333,-0.0319988
-1.660133,0
-1.659933,-0.0319988
-1.659733,-0.0319988
-1.659533,0
-1.659333,-0.0319988
-1.659133,-0.0319988
-1.658933,-0.0639975
-1.658733,0
-1.658533,-0.0319988
-1.658333,-0.0319988
-1.658133,-0.0319988
-1.657933,-0.0319988
-1.657733,-0.0319988
-1.657533,0
-1.657333,-0.0639975
-1.657133,-0.0319988
-1.656933,0.0319988
-1.656733,-0.0639975
-1.656533,0
-1.656333,-0.0319988
-1.656133,-0.0319988
-1.655933,-0.0639975
-1.655733,0.0319988
-1.655533,-0.0319988
-1.655333,0
-1.655133,-0.0319988
-1.654933,-0.0319988
-1.654733,0
-1.654533,0
-1.654333,-0.0319988
-1.654133,-0.0319988
-1.653933,0.0319988
-1.653733,-0.0319988
-1.653533,0
-1.653333,-0.0319988
-1.653133,-0.0319988
-1.652933,0
-1.652733,0
-1.652533,0
-1.652333,0
-1.652133,0
-1.651933,0
-1.651733,0
-1.651533,0
-1.651333,-0.0319988
-1.651133,-0.0319988
-1.650933,0
-1.650733,0
-1.650533,0
-1.650333,0
-1.650133,-0.0319988
-1.649933,0.0319988
-1.649733,0
-1.649533,0.0319988
-1.649333,0
-1.649133,-0.0319988
-1.648933,0
-1.648733,-0.0319988
-1.648533,0.0319988
-1.648333,-0.0639975
-1.648133,0
-1.647933,0
-1.647733,-0.0319988
-1.647533,0
-1.647333,0.0319988
-1.647133,0
-1.646933,0.0639975
-1.646733,0
-1.646533,0
-1.646333,0.0319988
-1.646133,0
-1.645933,-0.0319988
-1.645733,0.0319988
-1.645533,0.0319988
-1.645333,0
-1.645133,0
-1.644933,0.0319988
-1.644733,0
-1.644533,0.0319988
-1.644333,0.0319988
-1.644133,-0.0319988
-1.643933,0
-1.643733,0
-1.643533,0
-1.643333,0.0319988
-1.643133,0.0319988
-1.642933,0
-1.642733,0.0639975
-1.642533,0.0319988
-1.642333,0
-1.642133,0.0319988
-1.641933,0
-1.641733,0
-1.641533,0.0319988
-1.641333,0.0319988
-1.641133,0.0639975
-1.640933,0
-1.640733,0.0319988
-1.640533,-0.0319988
-1.640333,0
-1.640133,0
-1.639933,0
-1.639733,0
-1.639533,0.0319988
-1.639333,0
-1.639133,0
-1.638933,0
-1.638733,0.0319988
-1.638533,0.0319988
-1.638333,0
-1.638133,-0.0319988
-1.637933,0.0319988
-1.637733,0.0319988
-1.637533,0
-1.637333,0.0639975
-1.637133,0.0319988
-1.636933,0
-1.636733,0.0319988
-1.636533,0.0639975
-1.636333,0
-1.636133,0.0639975
-1.635933,0.0319988
-1.635733,0.0319988
-1.635533,0.0319988
-1.635333,0.0319988
-1.635133,0
-1.634933,0.0319988
-1.634733,0.0639975
-1.634533,0.0319988
-1.634333,0.0319988
-1.634133,0
-1.633933,0
-1.633733,0.0639975
-1.633533,0.0319988
-1.633333,0
-1.633133,0.0319988
-1.632933,0.0319988
-1.632733,0
-1.632533,0.0319988
-1.632333,0.0319988
-1.632133,0
-1.631933,0.0319988
-1.631733,0.0639975
-1.631533,0
-1.631333,0.0319988
-1.631133,0.0319988
-1.630933,0
-1.630733,0.0639975
-1.630533,0.0319988
-1.630333,0.0319988
-1.630133,0.0319988
-1.629933,0.0639975
-1.629733,0.0319988
-1.629533,0.0319988
-1.629333,0.0319988
-1.629133,0.0319988
-1.628933,0.0639975
-1.628733,0.0639975
-1.628533,0
-1.628333,0.0639975
-1.628133,0.0639975
-1.627933,0.0319988
-1.627733,0
-1.627533,0
-1.627333,0
-1.627133,0.0319988
-1.626933,0.0319988
-1.626733,0
-1.626533,0.0319988
-1.626333,0.0319988
-1.626133,-0.0319988
-1.625933,0
-1.625733,0.0319988
-1.625533,0
-1.625333,0.0319988
-1.625133,0.0639975
-1.624933,0
-1.624733,0.0319988
-1.624533,0.0639975
-1.624333,-0.0319988
-1.624133,0.0319988
-1.623933,0.0959963
-1.623733,0
-1.623533,0.0639975
-1.623333,0.0639975
-1.623133,0
-1.622933,0.0319988
-1.622733,0.0639975
-1.622533,0
-1.622333,0.0319988
-1.622133,0.0319988
-1.621933,0.0639975
-1.621733,0.0639975
-1.621533,0
-1.621333,0
-1.621133,0.0639975
-1.620933,0.0319988
-1.620733,0.0639975
-1.620533,0.0639975
-1.620333,0.0639975
-1.620133,0.0639975
-1.619933,0.0319988
-1.619733,0.0319988
-1.619533,-0.0319988
-1.619333,0.0319988
-1.619133,0.0639975
-1.618933,0
-1.618733,0.0959963
-1.618533,0.0639975
-1.618333,0.0319988
-1.618133,0.0319988
-1.617933,0.0639975
-1.617733,0
-1.617533,0.0319988
-1.617333,0.0319988
-1.617133,0.0319988
-1.616933,0.0319988
-1.616733,0.0639975
-1.616533,0.0319988
-1.616333,0.0319988
-1.616133,0.0319988
-1.615933,0.0319988
-1.615733,0.0319988
-1.615533,0.0959963
-1.615333,0.0319988
-1.615133,0.0319988
-1.614933,0.0639975
-1.614733,0
-1.614533,0.0319988
-1.614333,0.0639975
-1.614133,0
-1.613933,0.0319988
-1.613733,0.0319988
-1.613533,0
-1.613333,0.0319988
-1.613133,0.0319988
-1.612933,0.0319988
-1.612733,0.0319988
-1.612533,0.0319988
-1.612333,0.0319988
-1.612133,0.0639975
-1.611933,0.0319988
-1.611733,0.0319988
-1.611533,0.0319988
-1.611333,0.0319988
-1.611133,0.0319988
-1.610933,0.0319988
-1.610733,0.0639975
-1.610533,0.0639975
-1.610333,0.0639975
-1.610133,0.0639975
-1.609933,0.0319988
-1.609733,0.0639975
-1.609533,0.0639975
-1.609333,0.0639975
-1.609133,0.0959963
-1.608933,0.0639975
-1.608733,0.0319988
-1.608533,0.0639975
-1.608333,0.0639975
-1.608133,0.0959963
-1.607933,0.0319988
-1.607733,0.0639975
-1.607533,0.0639975
-1.607333,0.0639975
-1.607133,0.0639975
-1.606933,0.0319988
-1.606733,0.0319988
-1.606533,0.0639975
-1.606333,0.0639975
-1.606133,0.0319988
-1.605933,0.0319988
-1.605733,0.0319988
-1.605533,0.0959963
-1.605333,0.0639975
-1.605133,0.0639975
-1.604933,0.0959963
-1.604733,0.0639975
-1.604533,0.0959963
-1.604333,0.0319988
-1.604133,0.0639975
-1.603933,0.0639975
-1.603733,0.0959963
-1.603533,0.127995
-1.603333,0.0639975
-1.603133,0.0959963
-1.602933,0.0639975
-1.602733,0
-1.602533,0.0639975
-1.602333,0.0959963
-1.602133,0.0639975
-1.601933,0.0959963
-1.601733,0.0959963
-1.601533,0.0959963
-1.601333,0.127995
-1.601133,0.0959963
-1.600933,0.0639975
-1.600733,0.0959963
-1.600533,0.0959963
-1.600333,0.0959963
-1.600133,0.0959963
-1.599933,0.0959963
-1.599733,0.127995
-1.599533,0.127995
-1.599333,0.0959963
-1.599133,0.0959963
-1.598933,0.127995
-1.598733,0.0959963
-1.598533,0.127995
-1.598333,0.159994
-1.598133,0.0959963
-1.597933,0.127995
-1.597733,0.159994
-1.597533,0.127995
-1.597333,0.0959963
-1.597133,0.0959963
-1.596933,0.0959963
-1.596733,0.127995
-1.596533,0.127995
-1.596333,0.0959963
-1.596133,0.0959963
-1.595933,0.159994
-1.595733,0.127995
-1.595533,0.127995
-1.595333,0.159994
-1.595133,0.127995
-1.594933,0.127995
-1.594733,0.159994
-1.594533,0.127995
-1.594333,0.127995
-1.594133,0.127995
-1.593933,0.127995
-1.593733,0.127995
-1.593533,0.159994
-1.593333,0.127995
-1.593133,0.127995
-1.592933,0.127995
-1.592733,0.127995
-1.592533,0.127995
-1.592333,0.127995
-1.592133,0.0959963
-1.591933,0.127995
-1.591733,0.0959963
-1.591533,0.0959963
-1.591333,0.0959963
-1.591133,0.127995
-1.590933,0.127995
-1.590733,0.127995
-1.590533,0.127995
-1.590333,0.0959963
-1.590133,0.159994
-1.589933,0.127995
-1.589733,0.127995
-1.589533,0.0959963
-1.589333,0.0959963
-1.589133,0.127995
-1.588933,0.127995
-1.588733,0.159994
-1.588533,0.127995
-1.588333,0.0959963
-1.588133,0.127995
-1.587933,0.0959963
-1.587733,0.0959963
-1.587533,0.127995
-1.587333,0.127995
-1.587133,0.0959963
-1.586933,0.127995
-1.586733,0.127995
-1.586533,0.127995
-1.586333,0.127995
-1.586133,0.127995
-1.585933,0.127995
-1.585733,0.0959963
-1.585533,0.127995
-1.585333,0.127995
-1.585133,0.0959963
-1.584933,0.159994
-1.584733,0.127995
-1.584533,0.127995
-1.584333,0.0959963
-1.584133,0.0959963
-1.583933,0.0959963
-1.583733,0.127995
-1.583533,0.0959963
-1.583333,0.127995
-1.583133,0.127995
-1.582933,0.127995
-1.582733,0.127995
-1.582533,0.127995
-1.582333,0.0639975
-1.582133,0.0639975
-1.581933,0.0959963
-1.581733,0.0319988
-1.581533,0.0959963
-1.581333,0.0639975
-1.581133,0.0639975
-1.580933,0.0639975
-1.580733,0.0959963
-1.580533,0.0639975
-1.580333,0.0639975
-1.580133,0.0959963
-1.579933,0.0639975
-1.579733,0.0639975
-1.579533,0.0319988
-1.579333,0.0319988
-1.579133,0.0639975
-1.578933,0.0639975
-1.578733,0.0639975
-1.578533,0.0319988
-1.578333,0.0319988
-1.578133,0.0639975
-1.577933,0.0319988
-1.577733,0.0959963
-1.577533,0.0319988
-1.577333,0.0639975
-1.577133,0.0959963
-1.576933,0.0319988
-1.576733,0.0959963
-1.576533,0.0639975
-1.576333,0.0319988
-1.576133,0.0319988
-1.575933,0.0639975
-1.575733,0.0639975
-1.575533,0.0639975
-1.575333,0.0319988
-1.575133,0.0319988
-1.574933,0.0639975
-1.574733,0.0639975
-1.574533,0
-1.574333,0
-1.574133,0.0639975
-1.573933,0.0639975
-1.573733,0.0319988
-1.573533,0.0639975
-1.573333,0
-1.573133,0.0639975
-1.572933,0.0639975
-1.572733,0.0319988
-1.572533,0
-1.572333,0.0319988
-1.572133,0
-1.571933,0.0319988
-1.571733,0.0319988
-1.571533,0
-1.571333,0.0639975
-1.571133,0
-1.570933,0
-1.570733,0
-1.570533,0.0319988
-1.570333,0.0319988
-1.570133,0.0319988
-1.569933,0
-1.569733,0
-1.569533,0.0319988
-1.569333,0.0319988
-1.569133,0
-1.568933,0
-1.568733,0.0319988
-1.568533,0
-1.568333,0
-1.568133,0.0319988
-1.567933,0
-1.567733,0.0319988
-1.567533,-0.0319988
-1.567333,0.0319988
-1.567133,0
-1.566933,0.0319988
-1.566733,-0.0319988
-1.566533,0
-1.566333,-0.0319988
-1.566133,-0.0319988
-1.565933,-0.0319988
-1.565733,0
-1.565533,-0.0319988
-1.565333,-0.0319988
-1.565133,0
-1.564933,-0.0319988
-1.564733,-0.0319988
-1.564533,-0.0319988
-1.564333,0
-1.564133,-0.0319988
-1.563933,-0.0319988
-1.563733,-0.0319988
-1.563533,-0.0319988
-1.563333,-0.0319988
-1.563133,-0.0319988
-1.562933,-0.0319988
-1.562733,-0.0319988
-1.562533,-0.0639975
-1.562333,0
-1.562133,-0.0319988
-1.561933,-0.0639975
-1.561733,-0.0319988
-1.561533,-0.0319988
-1.561333,-0.0319988
-1.561133,-0.0319988
-1.560933,-0.0639975
-1.560733,-0.0639975
-1.560533,-0.0639975
-1.560333,-0.0639975
-1.560133,-0.0959963
-1.559933,-0.0319988
-1.559733,-0.0639975
-1.559533,-0.0959963
-1.559333,-0.0319988
-1.559133,0
-1.558933,-0.0639975
-1.558733,-0.0319988
-1.558533,-0.0639975
-1.558333,-0.0639975
-1.558133,-0.0319988
-1.557933,-0.0319988
-1.557733,-0.0959963
-1.557533,-0.0319988
-1.557333,0
-1.557133,-0.0639975
-1.556933,-0.0319988
-1.556733,-0.0639975
-1.556533,-0.0959963
-1.556333,-0.0319988
-1.556133,-0.0639975
-1.555933,-0.0319988
-1.555733,-0.0639975
-1.555533,-0.0639975
-1.555333,-0.127995
-1.555133,-0.0319988
-1.554933,-0.0319988
-1.554733,-0.0639975
-1.554533,-0.127995
-1.554333,-0.0639975
-1.554133,-0.0959963
-1.553933,-0.0319988
-1.553733,-0.0639975
-1.553533,-0.0959963
-1.553333,-0.0319988
-1.553133,-0.0319988
-1.552933,-0.0959963
-1.552733,-0.0319988
-1.552533,0
-1.552333,-0.0959963
-1.552133,-0.0639975
-1.551933,-0.0639975
-1.551733,-0.0639975
-1.551533,-0.0639975
-1.551333,-0.0319988
-1.551133,-0.0639975
-1.550933,-0.0319988
-1.550733,-0.0319988
-1.550533,-0.0959963
-1.550333,-0.0639975
-1.550133,-0.0639975
-1.549933,-0.0959963
-1.549733,-0.0319988
-1.549533,-0.0639975
-1.549333,-0.0959963
-1.549133,-0.0319988
-1.548933,0.0319988
-1.548733,-0.0319988
-1.548533,-0.0319988
-1.548333,-0.0319988
-1.548133,-0.0639975
-1.547933,-0.0639975
-1.547733,0
-1.547533,-0.0319988
-1.547333,-0.0639975
-1.547133,0
-1.546933,-0.0639975
-1.546733,-0.0319988
-1.546533,0
-1.546333,-0.0319988
-1.546133,-0.0319988
-1.545933,0.0319988
-1.545733,-0.0639975
-1.545533,0
-1.545333,0
-1.545133,-0.0319988
-1.544933,0
-1.544733,0
-1.544533,-0.0639975
-1.544333,0
-1.544133,0
-1.543933,-0.0319988
-1.543733,0
-1.543533,0
-1.543333,-0.0319988
-1.543133,0
-1.542933,0
-1.542733,-0.0319988
-1.542533,-0.0319988
-1.542333,-0.0319988
-1.542133,-0.0319988
-1.541933,-0.0319988
-1.541733,0.0319988
-1.541533,-0.0319988
-1.541333,-0.0319988
-1.541133,0.0319988
-1.540933,0
-1.540733,-0.0319988
-1.540533,0.0319988
-1.540333,0
-1.540133,0
-1.539933,0.0639975
-1.539733,-0.0319988
-1.539533,-0.0319988
-1.539333,0.0319988
-1.539133,-0.0319988
-1.538933,0.0319988
-1.538733,0
-1.538533,0.0639975
-1.538333,0
-1.538133,0.0319988
-1.537933,0
-1.537733,0.0319988
-1.537533,0.0319988
-1.537333,0.0319988
-1.537133,0.0639975
-1.536933,0.0639975
-1.536733,0.0319988
-1.536533,0
-1.536333,0.0639975
-1.536133,0.0319988
-1.535933,0.0319988
-1.535733,0
-1.535533,0.0319988
-1.535333,0.0959963
-1.535133,0.0639975
-1.534933,0.0639975
-1.534733,0.0639975
-1.534533,0.0639975
-1.534333,0.0319988
-1.534133,0.0319988
-1.533933,0.0319988
-1.533733,0.0319988
-1.533533,0.0639975
-1.533333,0.0639975
-1.533133,0.0639975
-1.532933,0.0319988
-1.532733,0.0639975
-1.532533,0.0959963
-1.532333,0.0639975
-1.532133,0.0639975
-1.531933,0.0319988
-1.531733,0.0639975
-1.531533,0.0639975
-1.531333,0.0639975
-1.531133,0.0639975
-1.530933,0.0319988
-1.530733,0.0319988
-1.530533,0.0319988
-1.530333,0.0319988
-1.530133,0.0959963
-1.529933,0.0959963
-1.529733,0.0639975
-1.529533,0.0319988
-1.529333,0.0639975
-1.529133,0.0639975
-1.528933,0.0319988
-1.528733,0.0319988
-1.528533,0.0319988
-1.528333,0
-1.528133,0.0959963
-1.527933,0.0639975
-1.527733,0
-1.527533,0.0639975
-1.527333,0.0319988
-1.527133,0.0319988
-1.526933,-0.0319988
-1.526733,0.0639975
-1.526533,0.0319988
-1.526333,0.0639975
-1.526133,0.0319988
-1.525933,0.0639975
-1.525733,0.0319988
-1.525533,0.0639975
-1.525333,0.0319988
-1.525133,0.0319988
-1.524933,0.0319988
-1.524733,0.0639975
-1.524533,0
-1.524333,0.0319988
-1.524133,0
-1.523933,0.0319988
-1.523733,0.0319988
-1.523533,-0.0319988
-1.523333,0.0639975
-1.523133,0.0639975
-1.522933,0
-1.522733,0.0319988
-1.522533,0.0639975
-1.522333,0
-1.522133,0.0319988
-1.521933,0.0319988
-1.521733,0
-1.521533,0
-1.521333,0
-1.521133,0.0319988
-1.520933,0.0319988
-1.520733,0.0319988
-1.520533,0.0319988
-1.520333,0
-1.520133,0.0319988
-1.519933,0
-1.519733,0.0319988
-1.519533,0.0319988
-1.519333,0
-1.519133,-0.0319988
-1.518933,0
-1.518733,0.0319988
-1.518533,0
-1.518333,0.0319988
-1.518133,0.0319988
-1.517933,0
-1.517733,0.0319988
-1.517533,-0.0319988
-1.517333,0.0319988
-1.517133,0
-1.516933,0
-1.516733,-0.0319988
-1.516533,0
-1.516333,0
-1.516133,0
-1.515933,0
-1.515733,0
-1.515533,0.0319988
-1.515333,0.0319988
-1.515133,-0.0319988
-1.514933,0
-1.514733,0.0319988
-1.514533,0.0319988
-1.514333,0.0319988
-1.514133,-0.0319988
-1.513933,-0.0319988
-1.513733,-0.0319988
-1.513533,0.0319988
-1.513333,0
-1.513133,0.0319988
-1.512933,0.0639975
-1.512733,0
-1.512533,0.0319988
-1.512333,0.0319988
-1.512133,-0.0319988
-1.511933,0
-1.511733,0.0319988
-1.511533,-0.0319988
-1.511333,0
-1.511133,-0.0319988
-1.510933,-0.0319988
-1.510733,0
-1.510533,0
-1.510333,-0.0319988
-1.510133,-0.0319988
-1.509933,0
-1.509733,-0.0639975
-1.509533,-0.0319988
-1.509333,-0.0319988
-1.509133,-0.0319988
-1.508933,-0.0319988
-1.508733,-0.0319988
-1.508533,-0.0639975
-1.508333,-0.0319988
-1.508133,-0.0319988
-1.507933,-0.0639975
-1.507733,-0.0319988
-1.507533,-0.0319988
-1.507333,-0.0959963
-1.507133,-0.0319988
-1.506933,-0.0319988
-1.506733,0
-1.506533,0
-1.506333,-0.0639975
-1.506133,-0.0639975
-1.505933,-0.0319988
-1.505733,-0.0639975
-1.505533,-0.0959963
-1.505333,-0.0639975
-1.505133,-0.0639975
-1.504933,-0.0959963
-1.504733,-0.0639975
-1.504533,-0.0319988
-1.504333,-0.0639975
-1.504133,-0.0639975
-1.503933,-0.0639975
-1.503733,-0.127995
-1.503533,-0.0959963
-1.503333,-0.0639975
-1.503133,-0.0639975
-1.502933,-0.0319988
-1.502733,-0.0639975
-1.502533,-0.0639975
-1.502333,-0.0639975
-1.502133,-0.0319988
-1.501933,-0.0639975
-1.501733,-0.0959963
-1.501533,-0.0639975
-1.501333,-0.0639975
-1.501133,-0.0319988
-1.500933,-0.0959963
-1.500733,-0.0639975
-1.500533,-0.0639975
-1.500333,-0.0639975
-1.500133,-0.0959963
-1.499933,-0.0959963
-1.499733,-0.0639975
-1.499533,-0.0959963
-1.499333,-0.0639975
-1.499133,-0.0959963
-1.498933,-0.0959963
-1.498733,-0.0639975
-1.498533,-0.0959963
-1.498333,-0.0959963
-1.498133,-0.0959963
-1.497933,-0.0959963
-1.497733,-0.0959963
-1.497533,-0.0639975
-1.497333,-0.0639975
-1.497133,-0.0959963
-1.496933,-0.0639975
-1.496733,-0.0959963
-1.496533,-0.127995
-1.496333,-0.0959963
-1.496133,-0.0639975
-1.495933,-0.0959963
-1.495733,-0.0639975
-1.495533,-0.0639975
-1.495333,-0.0959963
-1.495133,-0.0959963
-1.494933,-0.0959963
-1.494733,-0.127995
-1.494533,-0.0959963
-1.494333,-0.0959963
-1.494133,-0.191993
-1.493933,-0.127995
-1.493733,-0.0639975
-1.493533,-0.159994
-1.493333,-0.127995
-1.493133,-0.0639975
-1.492933,-0.0959963
-1.492733,-0.127995
-1.492533,-0.0639975
-1.492333,-0.127995
-1.492133,-0.127995
-1.491933,-0.0959963
-1.491733,-0.159994
-1.491533,-0.0959963
-1.491333,-0.159994
-1.491133,-0.127995
-1.490933,-0.127995
-1.490733,-0.127995
-1.490533,-0.127995
-1.490333,-0.0959963
-1.490133,-0.127995
-1.489933,-0.127995
-1.489733,-0.0959963
-1.489533,-0.127995
-1.489333,-0.159994
-1.489133,-0.0959963
-1.488933,-0.127995
-1.488733,-0.159994
-1.488533,-0.127995
-1.488333,-0.127995
-1.488133,-0.127995
-1.487933,-0.0959963
-1.487733,-0.0639975
-1.487533,-0.0959963
-1.487333,-0.159994
-1.487133,-0.127995
-1.486933,-0.159994
-1.486733,-0.127995
-1.486533,-0.127995
-1.486333,-0.127995
-1.486133,-0.0959963
-1.485933,-0.127995
-1.485733,-0.127995
-1.485533,-0.0959963
-1.485333,-0.127995
-1.485133,-0.159994
-1.484933,-0.127995
-1.484733,-0.0959963
-1.484533,-0.159994
-1.484333,-0.127995
-1.484133,-0.0959963
-1.483933,-0.159994
-1.483733,-0.127995
-1.483533,-0.127995
-1.483333,-0.159994
-1.483133,-0.0959963
-1.482933,-0.0959963
-1.482733,-0.127995
-1.482533,-0.191993
-1.482333,-0.127995
-1.482133,-0.159994
-1.481933,-0.159994
-1.481733,-0.127995
-1.481533,-0.159994
-1.481333,-0.159994
-1.481133,-0.127995
-1.480933,-0.127995
-1.480733,-0.127995
-1.480533,-0.127995
-1.480333,-0.0959963
-1.480133,-0.127995
-1.479933,-0.127995
-1.479733,-0.159994
-1.479533,-0.159994
-1.479333,-0.127995
-1.479133,-0.127995
-1.478933,-0.159994
-1.478733,-0.127995
-1.478533,-0.159994
-1.478333,-0.127995
-1.478133,-0.0959963
-1.477933,-0.191993
-1.477733,-0.127995
-1.477533,-0.159994
-1.477333,-0.127995
-1.477133,-0.159994
-1.476933,-0.0959963
-1.476733,-0.159994
-1.476533,-0.127995
-1.476333,-0.127995
-1.476133,-0.127995
-1.475933,-0.127995
-1.475733,-0.127995
-1.475533,-0.127995
-1.475333,-0.127995
-1.475133,-0.0959963
-1.474933,-0.159994
-1.474733,-0.0959963
-1.474533,-0.127995
-1.474333,-0.127995
-1.474133,-0.159994
-1.473933,-0.0639975
-1.473733,-0.127995
-1.473533,-0.0959963
-1.473333,-0.127995
-1.473133,-0.0639975
-1.472933,-0.127995
-1.472733,-0.0959963
-1.472533,-0.127995
-1.472333,-0.127995
-1.472133,-0.0639975
-1.471933,-0.127995
-1.471733,-0.0959963
-1.471533,-0.127995
-1.471333,-0.127995
-1.471133,-0.127995
-1.470933,-0.0959963
-1.470733,-0.127995
-1.470533,-0.127995
-1.470333,-0.127995
-1.470133,-0.127995
-1.469933,-0.127995
-1.469733,-0.0639975
-1.469533,-0.127995
-1.469333,-0.127995
-1.469133,-0.127995
-1.468933,-0.127995
-1.468733,-0.127995
-1.468533,-0.127995
-1.468333,-0.127995
-1.468133,-0.159994
-1.467933,-0.0959963
-1.467733,-0.127995
-1.467533,-0.127995
-1.467333,-0.0639975
-1.467133,-0.127995
-1.466933,-0.0639975
-1.466733,-0.127995
-1.466533,-0.127995
-1.466333,-0.0959963
-1.466133,-0.0639975
-1.465933,-0.127995
-1.465733,-0.0639975
-1.465533,-0.127995
-1.465333,-0.0959963
-1.465133,-0.0959963
-1.464933,-0.0959963
-1.464733,-0.127995
-1.464533,-0.0639975
-1.464333,-0.127995
-1.464133,-0.0959963
-1.463933,-0.0639975
-1.463733,-0.127995
-1.463533,-0.0959963
-1.463333,-0.0639975
-1.463133,-0.0959963
-1.462933,-0.0959963
-1.462733,-0.0639975
-1.462533,-0.0639975
-1.462333,-0.0959963
-1.462133,-0.0959963
-1.461933,-0.0639975
-1.461733,-0.0639975
-1.461533,-0.127995
-1.461333,-0.0639975
-1.461133,-0.0959963
-1.460933,-0.0959963
-1.460733,-0.0319988
-1.460533,-0.0639975
-1.460333,-0.0639975
-1.460133,-0.0639975
-1.459933,-0.0639975
-1.459733,-0.0959963
-1.459533,-0.0639975
-1.459333,-0.0959963
-1.459133,-0.0319988
-1.458933,0
-1.458733,-0.0639975
-1.458533,-0.0959963
-1.458333,-0.0319988
-1.458133,-0.0639975
-1.457933,-0.0639975
-1.457733,-0.0639975
-1.457533,-0.0959963
-1.457333,-0.0639975
-1.457133,0
-1.456933,-0.0639975
-1.456733,-0.0959963
-1.456533,-0.0319988
-1.456333,-0.0959963
-1.456133,-0.0639975
-1.455933,-0.0639975
-1.455733,-0.0639975
-1.455533,0
-1.455333,0
-1.455133,-0.0639975
-1.454933,-0.0639975
-1.454733,-0.0319988
-1.454533,-0.0319988
-1.454333,-0.0319988
-1.454133,0
-1.453933,-0.0319988
-1.453733,-0.0319988
-1.453533,-0.0319988
-1.453333,-0.0319988
-1.453133,-0.0319988
-1.452933,0
-1.452733,-0.0319988
-1.452533,0
-1.452333,0.0319988
-1.452133,-0.0959963
-1.451933,0.0319988
-1.451733,0
-1.451533,0
-1.451333,0.0639975
-1.451133,0.0319988
-1.450933,-0.0319988
-1.450733,-0.0319988
-1.450533,0
-1.450333,0
-1.450133,-0.0319988
-1.449933,0.0319988
-1.449733,0.0319988
-1.449533,0.0319988
-1.449333,0.0319988
-1.449133,0.0319988
-1.448933,0.0319988
-1.448733,0.0319988
-1.448533,0
-1.448333,0.0639975
-1.448133,0.0319988
-1.447933,0
-1.447733,0.0319988
-1.447533,0.0319988
-1.447333,0.0319988
-1.447133,0.0959963
-1.446933,0.0639975
-1.446733,0.0319988
-1.446533,0.0319988
-1.446333,0.0639975
-1.446133,0.0319988
-1.445933,0.0319988
-1.445733,0.0639975
-1.445533,0
-1.445333,0.0639975
-1.445133,0.0319988
-1.444933,0.0319988
-1.444733,0.0639975
-1.444533,0.0639975
-1.444333,0.0639975
-1.444133,0.0639975
-1.443933,0.0639975
-1.443733,0.0639975
-1.443533,0.0959963
-1.443333,0.0319988
-1.443133,0
-1.442933,0.0639975
-1.442733,0.0639975
-1.442533,0.0319988
-1.442333,0.0639975
-1.442133,0.0639975
-1.441933,0.0639975
-1.441733,0.0959963
-1.441533,0.0959963
-1.441333,0.0319988
-1.441133,0.0639975
-1.440933,0.0639975
-1.440733,0.0639975
-1.440533,0.0639975
-1.440333,0.0959963
-1.440133,0.0319988
-1.439933,0.0319988
-1.439733,0.0639975
-1.439533,0.0959963
-1.439333,0.0639975
-1.439133,0.0639975
-1.438933,0.0639975
-1.438733,0.0959963
-1.438533,0.0959963
-1.438333,0.0639975
-1.438133,0.0959963
-1.437933,0.0959963
-1.437733,0.0639975
-1.437533,0.0959963
-1.437333,0.0639975
-1.437133,0.0639975
-1.436933,0.0959963
-1.436733,0.0639975
-1.436533,0.127995
-1.436333,0.0319988
-1.436133,0.0959963
-1.435933,0.127995
-1.435733,0.127995
-1.435533,0.0959963
-1.435333,0.0639975
-1.435133,0.0959963
-1.434933,0.0959963
-1.434733,0.0959963
-1.434533,0.0959963
-1.434333,0.0959963
-1.434133,0.0639975
-1.433933,0.0959963
-1.433733,0.0959963
-1.433533,0.0639975
-1.433333,0.0959963
-1.433133,0.0959963
-1.432933,0.0959963
-1.432733,0.0959963
-1.432533,0.0959963
-1.432333,0.0959963
-1.432133,0.0639975
-1.431933,0.0639975
-1.431733,0.127995
-1.431533,0.0959963
-1.431333,0.0959963
-1.431133,0.0319988
-1.430933,0.0639975
-1.430733,0.0959963
-1.430533,0.0959963
-1.430333,0.0639975
-1.430133,0.0639975
-1.429933,0.0959963
-1.429733,0.0959963
-1.429533,0.0639975
-1.429333,0.0639975
-1.429133,0.0959963
-1.428933,0.0959963
-1.428733,0.0639975
-1.428533,0.0959963
-1.428333,0.0959963
-1.428133,0.0639975
-1.427933,0.0959963
-1.427733,0.0639975
-1.427533,0.0319988
-1.427333,0.0639975
-1.427133,0.0959963
-1.426933,0.0639975
-1.426733,0.0959963
-1.426533,0.0639975
-1.426333,0.0639975
-1.426133,0.0639975
-1.425933,0.0959963
-1.425733,0.0959963
-1.425533,0.127995
-1.425333,0.0639975
-1.425133,0.0639975
-1.424933,0.0639975
-1.424733,0.0639975
-1.424533,0.0639975
-1.424333,0.0639975
-1.424133,0.0959963
-1.423933,0.0959963
-1.423733,0.0639975
-1.423533,0.0959963
-1.423333,0.0319988
-1.423133,0.0959963
-1.422933,0.0959963
-1.422733,0.0639975
-1.422533,0.0959963
-1.422333,0.127995
-1.422133,0.0639975
-1.421933,0.0959963
-1.421733,0.0959963
-1.421533,0.127995
-1.421333,0.0959963
-1.421133,0.0639975
-1.420933,0.0639975
-1.420733,0.0959963
-1.420533,0.0639975
-1.420333,0.127995
-1.420133,0.159994
-1.419933,0.0959963
-1.419733,0.0959963
-1.419533,0.0959963
-1.419333,0.0639975
-1.419133,0.0639975
-1.418933,0.0959963
-1.418733,0.0959963
-1.418533,0.0959963
-1.418333,0.0959963
-1.418133,0.0639975
-1.417933,0.0639975
-1.417733,0.0959963
-1.417533,0.0959963
-1.417333,0.127995
-1.417133,0.0639975
-1.416933,0.0639975
-1.416733,0.0639975
-1.416533,0.0959963
-1.416333,0.0959963
-1.416133,0.0959963
-1.415933,0.0959963
-1.415733,0.0959963
-1.415533,0.127995
-1.415333,0.0959963
-1.415133,0.0639975
-1.414933,0.0959963
-1.414733,0.0959963
-1.414533,0.127995
-1.414333,0.0959963
-1.414133,0.0959963
-1.413933,0.0639975
-1.413733,0.0959963
-1.413533,0.127995
-1.413333,0.0959963
-1.413133,0.127995
-1.412933,0.127995
-1.412733,0.0959963
-1.412533,0.127995
-1.412333,0.127995
-1.412133,0.0959963
-1.411933,0.127995
-1.411733,0.159994
-1.411533,0.159994
-1.411333,0.127995
-1.411133,0.127995
-1.410933,0.127995
-1.410733,0.127995
-1.410533,0.159994
-1.410333,0.159994
-1.410133,0.127995
-1.409933,0.127995
-1.409733,0.159994
-1.409533,0.159994
-1.409333,0.159994
-1.409133,0.159994
-1.408933,0.191993
-1.408733,0.191993
-1.408533,0.127995
-1.408333,0.0959963
-1.408133,0.191993
-1.407933,0.191993
-1.407733,0.159994
-1.407533,0.223991
-1.407333,0.159994
-1.407133,0.159994
-1.406933,0.191993
-1.406733,0.159994
-1.406533,0.191993
-1.406333,0.159994
-1.406133,0.191993
-1.405933,0.159994
-1.405733,0.159994
-1.405533,0.159994
-1.405333,0.159994
-1.405133,0.191993
-1.404933,0.159994
-1.404733,0.159994
-1.404533,0.159994
-1.404333,0.159994
-1.404133,0.159994
-1.403933,0.159994
-1.403733,0.191993
-1.403533,0.191993
-1.403333,0.191993
-1.403133,0.159994
-1.402933,0.191993
-1.402733,0.191993
-1.402533,0.191993
-1.402333,0.191993
-1.402133,0.159994
-1.401933,0.191993
-1.401733,0.223991
-1.401533,0.191993
-1.401333,0.159994
-1.401133,0.191993
-1.400933,0.191993
-1.400733,0.191993
-1.400533,0.191993
-1.400333,0.25599
-1.400133,0.159994
-1.399933,0.191993
-1.399733,0.223991
-1.399533,0.191993
-1.399333,0.223991
-1.399133,0.223991
-1.398933,0.191993
-1.398733,0.191993
-1.398533,0.223991
-1.398333,0.223991
-1.398133,0.223991
-1.397933,0.223991
-1.397733,0.223991
-1.397533,0.223991
-1.397333,0.191993
-1.397133,0.191993
-1.396933,0.159994
-1.396733,0.191993
-1.396533,0.191993
-1.396333,0.191993
-1.396133,0.223991
-1.395933,0.159994
-1.395733,0.223991
-1.395533,0.287989
-1.395333,0.191993
-1.395133,0.223991
-1.394933,0.223991
-1.394733,0.191993
-1.394533,0.159994
-1.394333,0.223991
-1.394133,0.191993
-1.393933,0.223991
-1.393733,0.191993
-1.393533,0.223991
-1.393333,0.223991
-1.393133,0.25599
-1.392933,0.191993
-1.392733,0.191993
-1.392533,0.25599
-1.392333,0.25599
-1.392133,0.191993
-1.391933,0.223991
-1.391733,0.223991
-1.391533,0.191993
-1.391333,0.25599
-1.391133,0.223991
-1.390933,0.223991
-1.390733,0.223991
-1.390533,0.223991
-1.390333,0.25599
-1.390133,0.25599
-1.389933,0.25599
-1.389733,0.25599
-1.389533,0.25599
-1.389333,0.25599
-1.389133,0.223991
-1.388933,0.25599
-1.388733,0.25599
-1.388533,0.223991
-1.388333,0.287989
-1.388133,0.191993
-1.387933,0.25599
-1.387733,0.287989
-1.387533,0.223991
-1.387333,0.25599
-1.387133,0.25599
-1.386933,0.25599
-1.386733,0.25599
-1.386533,0.25599
-1.386333,0.191993
-1.386133,0.25599
-1.385933,0.25599
-1.385733,0.25599
-1.385533,0.25599
-1.385333,0.25599
-1.385133,0.25599
-1.384933,0.25599
-1.384733,0.287989
-1.384533,0.25599
-1.384333,0.25599
-1.384133,0.223991
-1.383933,0.223991
-1.383733,0.25599
-1.383533,0.25599
-1.383333,0.223991
-1.383133,0.287989
-1.382933,0.319988
-1.382733,0.287989
-1.382533,0.223991
-1.382333,0.319988
-1.382133,0.25599
-1.381933,0.287989
-1.381733,0.287989
-1.381533,0.25599
-1.381333,0.287989
-1.381133,0.287989
-1.380933,0.25599
-1.380733,0.25599
-1.380533,0.287989
-1.380333,0.223991
-1.380133,0.25599
-1.379933,0.25599
-1.379733,0.223991
-1.379533,0.25599
-1.379333,0.287989
-1.379133,0.287989
-1.378933,0.25599
-1.378733,0.25599
-1.378533,0.25599
-1.378333,0.287989
-1.378133,0.223991
-1.377933,0.25599
-1.377733,0.25599
-1.377533,0.25599
-1.377333,0.25599
-1.377133,0.287989
-1.376933,0.287989
-1.376733,0.25599
-1.376533,0.25599
-1.376333,0.287989
-1.376133,0.223991
-1.375933,0.287989
-1.375733,0.287989
-1.375533,0.25599
-1.375333,0.25599
-1.375133,0.319988
-1.374933,0.25599
-1.374733,0.25599
-1.374533,0.319988
-1.374333,0.319988
-1.374133,0.287989
-1.373933,0.351986
-1.373733,0.287989
-1.373533,0.25599
-1.373333,0.287989
-1.373133,0.287989
-1.372933,0.287989
-1.372733,0.319988
-1.372533,0.287989
-1.372333,0.319988
-1.372133,0.351986
-1.371933,0.287989
-1.371733,0.287989
-1.371533,0.319988
-1.371333,0.319988
-1.371133,0.287989
-1.370933,0.319988
-1.370733,0.287989
-1.370533,0.319988
-1.370333,0.319988
-1.370133,0.287989
-1.369933,0.319988
-1.369733,0.351986
-1.369533,0.287989
-1.369333,0.287989
-1.369133,0.351986
-1.368933,0.319988
-1.368733,0.319988
-1.368533,0.319988
-1.368333,0.319988
-1.368133,0.287989
-1.367933,0.319988
-1.367733,0.319988
-1.367533,0.319988
-1.367333,0.351986
-1.367133,0.319988
-1.366933,0.351986
-1.366733,0.319988
-1.366533,0.319988
-1.366333,0.319988
-1.366133,0.287989
-1.365933,0.319988
-1.365733,0.351986
-1.365533,0.319988
-1.365333,0.319988
-1.365133,0.319988
-1.364933,0.383985
-1.364733,0.319988
-1.364533,0.319988
-1.364333,0.351986
-1.364133,0.351986
-1.363933,0.351986
-1.363733,0.351986
-1.363533,0.351986
-1.363333,0.319988
-1.363133,0.351986
-1.362933,0.351986
-1.362733,0.319988
-1.362533,0.351986
-1.362333,0.351986
-1.362133,0.319988
-1.361933,0.383985
-1.361733,0.319988
-1.361533,0.351986
-1.361333,0.351986
-1.361133,0.351986
-1.360933,0.351986
-1.360733,0.351986
-1.360533,0.351986
-1.360333,0.351986
-1.360133,0.351986
-1.359933,0.351986
-1.359733,0.351986
-1.359533,0.415984
-1.359333,0.319988
-1.359133,0.351986
-1.358933,0.383985
-1.358733,0.319988
-1.358533,0.351986
-1.358333,0.351986
-1.358133,0.415984
-1.357933,0.351986
-1.357733,0.383985
-1.357533,0.319988
-1.357333,0.287989
-1.357133,0.383985
-1.356933,0.319988
-1.356733,0.319988
-1.356533,0.351986
-1.356333,0.287989
-1.356133,0.351986
-1.355933,0.351986
-1.355733,0.287989
-1.355533,0.319988
-1.355333,0.351986
-1.355133,0.319988
-1.354933,0.319988
-1.354733,0.383985
-1.354533,0.319988
-1.354333,0.319988
-1.354133,0.319988
-1.353933,0.319988
-1.353733,0.319988
-1.353533,0.351986
-1.353333,0.319988
-1.353133,0.287989
-1.352933,0.319988
-1.352733,0.319988
-1.352533,0.351986
-1.352333,0.319988
-1.352133,0.319988
-1.351933,0.319988
-1.351733,0.351986
-1.351533,0.287989
-1.351333,0.319988
-1.351133,0.351986
-1.350933,0.351986
-1.350733,0.319988
-1.350533,0.319988
-1.350333,0.287989
-1.350133,0.287989
-1.349933,0.351986
-1.349733,0.351986
-1.349533,0.319988
-1.349333,0.319988
-1.349133,0.319988
-1.348933,0.319988
-1.348733,0.351986
-1.348533,0.287989
-1.348333,0.319988
-1.348133,0.319988
-1.347933,0.319988
-1.347733,0.287989
-1.347533,0.319988
-1.347333,0.319988
-1.347133,0.287989
-1.346933,0.287989
-1.346733,0.287989
-1.346533,0.287989
-1.346333,0.351986
-1.346133,0.319988
-1.345933,0.287989
-1.345733,0.319988
-1.345533,0.287989
-1.345333,0.287989
-1.345133,0.319988
-1.344933,0.25599
-1.344733,0.319988
-1.344533,0.351986
-1.344333,0.287989
-1.344133,0.287989
-1.343933,0.287989
-1.343733,0.287989
-1.343533,0.319988
-1.343333,0.287989
-1.343133,0.287989
-1.342933,0.287989
-1.342733,0.319988
-1.342533,0.25599
-1.342333,0.287989
-1.342133,0.287989
-1.341933,0.287989
-1.341733,0.319988
-1.341533,0.287989
-1.341333,0.25599
-1.341133,0.287989
-1.340933,0.25599
-1.340733,0.287989
-1.340533,0.25599
-1.340333,0.287989
-1.340133,0.25599
-1.339933,0.25599
-1.339733,0.287989
-1.339533,0.319988
-1.339333,0.287989
-1.339133,0.287989
-1.338933,0.287989
-1.338733,0.25599
-1.338533,0.319988
-1.338333,0.25599
-1.338133,0.287989
-1.337933,0.25599
-1.337733,0.223991
-1.337533,0.287989
-1.337333,0.287989
-1.337133,0.25599
-1.336933,0.287989
-1.336733,0.25599
-1.336533,0.25599
-1.336333,0.223991
-1.336133,0.25599
-1.335933,0.223991
-1.335733,0.223991
-1.335533,0.25599
-1.335333,0.223991
-1.335133,0.223991
-1.334933,0.287989
-1.334733,0.223991
-1.334533,0.191993
-1.334333,0.287989
-1.334133,0.25599
-1.333933,0.223991
-1.333733,0.223991
-1.333533,0.191993
-1.333333,0.223991
-1.333133,0.25599
-1.332933,0.223991
-1.332733,0.191993
-1.332533,0.223991
-1.332333,0.25599
-1.332133,0.191993
-1.331933,0.25599
-1.331733,0.159994
-1.331533,0.191993
-1.331333,0.223991
-1.331133,0.191993
-1.330933,0.191993
-1.330733,0.223991
-1.330533,0.223991
-1.330333,0.159994
-1.330133,0.191993
-1.329933,0.191993
-1.329733,0.191993
-1.329533,0.159994
-1.329333,0.159994
-1.329133,0.159994
-1.328933,0.223991
-1.328733,0.159994
-1.328533,0.159994
-1.328333,0.223991
-1.328133,0.191993
-1.327933,0.159994
-1.327733,0.25599
-1.327533,0.191993
-1.327333,0.191993
-1.327133,0.159994
-1.326933,0.191993
-1.326733,0.191993
-1.326533,0.191993
-1.326333,0.159994
-1.326133,0.191993
-1.325933,0.191993
-1.325733,0.159994
-1.325533,0.159994
-1.325333,0.223991
-1.325133,0.159994
-1.324933,0.159994
-1.324733,0.191993
-1.324533,0.191993
-1.324333,0.159994
-1.324133,0.191993
-1.323933,0.191993
-1.323733,0.191993
-1.323533,0.159994
-1.323333,0.223991
-1.323133,0.159994
-1.322933,0.159994
-1.322733,0.159994
-1.322533,0.191993
-1.322333,0.223991
-1.322133,0.191993
-1.321933,0.191993
-1.321733,0.223991
-1.321533,0.191993
-1.321333,0.159994
-1.321133,0.223991
-1.320933,0.223991
-1.320733,0.159994
-1.320533,0.159994
-1.320333,0.159994
-1.320133,0.191993
-1.319933,0.191993
-1.319733,0.191993
-1.319533,0.159994
-1.319333,0.191993
-1.319133,0.159994
-1.318933,0.191993
-1.318733,0.191993
-1.318533,0.127995
-1.318333,0.159994
-1.318133,0.191993
-1.317933,0.159994
-1.317733,0.191993
-1.317533,0.159994
-1.317333,0.159994
-1.317133,0.159994
-1.316933,0.159994
-1.316733,0.159994
-1.316533,0.127995
-1.316333,0.223991
-1.316133,0.159994
-1.315933,0.191993
-1.315733,0.191993
-1.315533,0.159994
-1.315333,0.191993
-1.315133,0.191993
-1.314933,0.159994
-1.314733,0.191993
-1.314533,0.159994
-1.314333,0.159994
-1.314133,0.191993
-1.313933,0.223991
-1.313733,0.159994
-1.313533,0.191993
-1.313333,0.191993
-1.313133,0.191993
-1.312933,0.159994
-1.312733,0.159994
-1.312533,0.127995
-1.312333,0.191993
-1.312133,0.191993
-1.311933,0.159994
-1.311733,0.191993
-1.311533,0.159994
-1.311333,0.159994
-1.311133,0.159994
-1.310933,0.191993
-1.310733,0.159994
-1.310533,0.159994
-1.310333,0.159994
-1.310133,0.159994
-1.309933,0.159994
-1.309733,0.159994
-1.309533,0.191993
-1.309333,0.0959963
-1.309133,0.191993
-1.308933,0.159994
-1.308733,0.127995
-1.308533,0.127995
-1.308333,0.159994
-1.308133,0.127995
-1.307933,0.127995
-1.307733,0.159994
-1.307533,0.127995
-1.307333,0.159994
-1.307133,0.127995
-1.306933,0.127995
-1.306733,0.159994
-1.306533,0.0959963
-1.306333,0.159994
-1.306133,0.0959963
-1.305933,0.159994
-1.305733,0.0959963
-1.305533,0.191993
-1.305333,0.159994
-1.305133,0.159994
-1.304933,0.159994
-1.304733,0.159994
-1.304533,0.127995
-1.304333,0.127995
-1.304133,0.127995
-1.303933,0.0959963
-1.303733,0.191993
-1.303533,0.127995
-1.303333,0.127995
-1.303133,0.127995
-1.302933,0.127995
-1.302733,0.127995
-1.302533,0.127995
-1.302333,0.127995
-1.302133,0.127995
-1.301933,0.127995
-1.301733,0.127995
-1.301533,0.127995
-1.301333,0.0959963
-1.301133,0.0959963
-1.300933,0.159994
-1.300733,0.127995
-1.300533,0.127995
-1.300333,0.127995
-1.300133,0.0959963
-1.299933,0.127995
-1.299733,0.127995
-1.299533,0.159994
-1.299333,0.127995
-1.299133,0.127995
-1.298933,0.127995
-1.298733,0.0959963
-1.298533,0.0959963
-1.298333,0.127995
-1.298133,0.127995
-1.297933,0.0959963
-1.297733,0.0959963
-1.297533,0.0959963
-1.297333,0.0959963
-1.297133,0.127995
-1.296933,0.0959963
-1.296733,0.0319988
-1.296533,0.0959963
-1.296333,0.0959963
-1.296133,0.127995
-1.295933,0.0959963
-1.295733,0.0959963
-1.295533,0.0639975
-1.295333,0.0959963
-1.295133,0.0959963
-1.294933,0.0959963
-1.294733,0.0959963
-1.294533,0.0959963
-1.294333,0.0959963
-1.294133,0.0639975
-1.293933,0.0639975
-1.293733,0.0639975
-1.293533,0.0639975
-1.293333,0.0959963
-1.293133,0.0639975
-1.292933,0.0639975
-1.292733,0.0639975
-1.292533,0.0319988
-1.292333,0.0319988
-1.292133,0.0959963
-1.291933,0.0319988
-1.291733,0.0639975
-1.291533,0.0639975
-1.291333,0.0959963
-1.291133,0.0319988
-1.290933,0.0639975
-1.290733,0.0319988
-1.290533,0.0639975
-1.290333,0.0319988
-1.290133,0.0319988
-1.289933,0.0639975
-1.289733,0.0639975
-1.289533,0
-1.289333,0.0319988
-1.289133,0.0319988
-1.288933,0
-1.288733,0.0319988
-1.288533,0.0319988
-1.288333,0
-1.288133,0.0319988
-1.287933,0.0319988
-1.287733,-0.0319988
-1.287533,0.0639975
-1.287333,0.0639975
-1.287133,0
-1.286933,0
-1.286733,0
-1.286533,0
-1.286333,0.0319988
-1.286133,0
-1.285933,0
-1.285733,0.0319988
-1.285533,0
-1.285333,0
-1.285133,0
-1.284933,0
-1.284733,0
-1.284533,0.0319988
-1.284333,0
-1.284133,0
-1.283933,0
-1.283733,0
-1.283533,-0.0319988
-1.283333,0
-1.283133,0.0319988
-1.282933,-0.0319988
-1.282733,0
-1.282533,0
-1.282333,-0.0639975
-1.282133,0
-1.281933,0
-1.281733,-0.0319988
-1.281533,0.0319988
-1.281333,0
-1.281133,-0.0319988
-1.280933,-0.0639975
-1.280733,0
-1.280533,-0.0319988
-1.280333,-0.0319988
-1.280133,0
-1.279933,0
-1.279733,-0.0639975
-1.279533,0
-1.279333,-0.0319988
-1.279133,-0.0319988
-1.278933,0
-1.278733,-0.0639975
-1.278533,0
-1.278333,-0.0319988
-1.278133,-0.0639975
-1.277933,-0.0319988
-1.277733,-0.0319988
-1.277533,0
-1.277333,0
-1.277133,0.0639975
-1.276933,0
-1.276733,0
-1.276533,0.0319988
-1.276333,-0.0639975
-1.276133,-0.0319988
-1.275933,0.0319988
-1.275733,-0.0639975
-1.275533,0
-1.275333,0.0319988
-1.275133,0
-1.274933,0
-1.274733,0
-1.274533,0
-1.274333,0.0319988
-1.274133,0
-1.273933,0
-1.273733,0
-1.273533,0
-1.273333,-0.0639975
-1.273133,0.0319988
-1.272933,0
-1.272733,0
-1.272533,-0.0319988
-1.272333,-0.0319988
-1.272133,0.0319988
-1.271933,-0.0319988
-1.271733,0.0319988
-1.271533,-0.0319988
-1.271333,-0.0319988
-1.271133,-0.0319988
-1.270933,-0.0319988
-1.270733,0
-1.270533,-0.0319988
-1.270333,-0.0639975
-1.270133,-0.0319988
-1.269933,0.0319988
-1.269733,-0.0319988
-1.269533,0
-1.269333,-0.0639975
-1.269133,-0.0639975
-1.268933,0
-1.268733,-0.0319988
-1.268533,-0.0639975
-1.268333,-0.0319988
-1.268133,0
-1.267933,-0.0639975
-1.267733,-0.0319988
-1.267533,-0.0959963
-1.267333,-0.0959963
-1.267133,-0.0639975
-1.266933,0
-1.266733,-0.0319988
-1.266533,-0.0319988
-1.266333,-0.0639975
-1.266133,-0.0639975
-1.265933,-0.0319988
-1.265733,-0.0639975
-1.265533,-0.0639975
-1.265333,-0.0639975
-1.265133,-0.0639975
-1.264933,-0.0959963
-1.264733,-0.0639975
-1.264533,-0.0639975
-1.264333,-0.0639975
-1.264133,-0.0639975
-1.263933,-0.0319988
-1.263733,-0.0639975
-1.263533,-0.0639975
-1.263333,-0.0319988
-1.263133,-0.0639975
-1.262933,-0.0319988
-1.262733,-0.0639975
-1.262533,-0.0319988
-1.262333,-0.0319988
-1.262133,-0.0959963
-1.261933,-0.0959963
-1.261733,-0.0319988
-1.261533,-0.0319988
-1.261333,-0.0639975
-1.261133,-0.0639975
-1.260933,-0.0639975
-1.260733,-0.0959963
-1.260533,-0.0639975
-1.260333,-0.0639975
-1.260133,-0.0639975
-1.259933,-0.0639975
-1.259733,-0.0639975
-1.259533,-0.0639975
-1.259333,-0.0639975
-1.259133,-0.0639975
-1.258933,-0.127995
-1.258733,-0.0639975
-1.258533,-0.0639975
-1.258333,-0.0959963
-1.258133,-0.0959963
-1.257933,-0.0959963
-1.257733,-0.0959963
-1.257533,-0.0639975
-1.257333,-0.0959963
-1.257133,-0.0959963
-1.256933,-0.0639975
-1.256733,-0.0319988
-1.256533,-0.0959963
-1.256333,-0.0959963
-1.256133,-0.0959963
-1.255933,-0.159994
-1.255733,-0.0639975
-1.255533,-0.0959963
-1.255333,-0.0959963
-1.255133,-0.0959963
-1.254933,-0.0639975
-1.254733,-0.0959963
-1.254533,-0.0639975
-1.254333,-0.0639975
-1.254133,-0.0959963
-1.253933,-0.0959963
-1.253733,-0.0319988
-1.253533,-0.0959963
-1.253333,-0.0639975
-1.253133,-0.0959963
-1.252933,-0.0959963
-1.252733,-0.127995
-1.252533,-0.0959963
-1.252333,-0.127995
-1.252133,-0.0639975
-1.251933,-0.0639975
-1.251733,-0.127995
-1.251533,-0.0959963
-1.251333,-0.0959963
-1.251133,-0.0959963
-1.250933,-0.0639975
-1.250733,-0.0319988
-1.250533,-0.0639975
-1.250333,-0.127995
-1.250133,-0.0639975
-1.249933,-0.0959963
-1.249733,-0.0319988
-1.249533,-0.0639975
-1.249333,-0.0959963
-1.249133,-0.0639975
-1.248933,-0.0959963
-1.248733,-0.0639975
-1.248533,-0.0959963
-1.248333,-0.0639975
-1.248133,-0.0639975
-1.247933,-0.0639975
-1.247733,-0.0959963
-1.247533,-0.0639975
-1.247333,-0.0639975
-1.247133,-0.0319988
-1.246933,-0.0959963
-1.246733,-0.0639975
-1.246533,-0.0639975
-1.246333,-0.0639975
-1.246133,-0.0639975
-1.245933,-0.0319988
-1.245733,-0.0959963
-1.245533,-0.0639975
-1.245333,-0.0319988
-1.245133,-0.0959963
-1.244933,0
-1.244733,-0.0639975
-1.244533,-0.0639975
-1.244333,-0.0639975
-1.244133,-0.0639975
-1.243933,-0.0639975
-1.243733,-0.0319988
-1.243533,0
-1.243333,-0.0319988
-1.243133,-0.0319988
-1.242933,0
-1.242733,-0.0639975
-1.242533,-0.0639975
-1.242333,-0.0639975
-1.242133,-0.0639975
-1.241933,-0.0639975
-1.241733,-0.0319988
-1.241533,-0.0639975
-1.241333,-0.0639975
-1.241133,-0.0319988
-1.240933,-0.0639975
-1.240733,0.0319988
-1.240533,-0.0319988
-1.240333,-0.0639975
-1.240133,0
-1.239933,-0.0639975
-1.239733,-0.0319988
-1.239533,0
-1.239333,0
-1.239133,-0.0639975
-1.238933,0
-1.238733,0
-1.238533,-0.0319988
-1.238333,-0.0319988
-1.238133,0.0319988
-1.237933,-0.0319988
-1.237733,0
-1.237533,0.0319988
-1.237333,-0.0319988
-1.237133,0
-1.236933,0.0319988
-1.236733,0
-1.236533,0
-1.236333,0
-1.236133,-0.0319988
-1.235933,0.0319988
-1.235733,0.0319988
-1.235533,-0.0319988
-1.235333,0
-1.235133,0.0319988
-1.234933,0
-1.234733,0
-1.234533,0.0319988
-1.234333,0.0319988
-1.234133,0
-1.233933,0.0319988
-1.233733,0.0319988
-1.233533,0.0319988
-1.233333,0.0319988
-1.233133,0
-1.232933,0
-1.232733,0.0639975
-1.232533,0
-1.232333,0
-1.232133,0.0319988
-1.231933,0
-1.231733,0
-1.231533,0.0319988
-1.231333,0
-1.231133,0
-1.230933,0
-1.230733,0
-1.230533,-0.0319988
-1.230333,0
-1.230133,0
-1.229933,0.0319988
-1.229733,0.0639975
-1.229533,0.0319988
-1.229333,0.0319988
-1.229133,0.0639975
-1.228933,-0.0319988
-1.228733,0.0319988
-1.228533,0.0319988
-1.228333,0.0319988
-1.228133,0.0639975
-1.227933,0.0319988
-1.227733,-0.0319988
-1.227533,0.0319988
-1.227333,0.0639975
-1.227133,0.0319988
-1.226933,0.0319988
-1.226733,0.0319988
-1.226533,0.0639975
-1.226333,0.0319988
-1.226133,0.0639975
-1.225933,0
-1.225733,0
-1.225533,0
-1.225333,0
-1.225133,0.0639975
-1.224933,0.0319988
-1.224733,0.0319988
-1.224533,0.0639975
-1.224333,0.0639975
-1.224133,0.0319988
-1.223933,0.0319988
-1.223733,0.0319988
-1.223533,0
-1.223333,0.0319988
-1.223133,0.0319988
-1.222933,0.0319988
-1.222733,0.0319988
-1.222533,0.0319988
-1.222333,0
-1.222133,0.0319988
-1.221933,0.0319988
-1.221733,0
-1.221533,0.0319988
-1.221333,0.0319988
-1.221133,0.0319988
-1.220933,0.0319988
-1.220733,0.0319988
-1.220533,0
-1.220333,-0.0319988
-1.220133,0.0639975
-1.219933,0.0319988
-1.219733,0.0319988
-1.219533,0.0319988
-1.219333,-0.0319988
-1.219133,0.0319988
-1.218933,0
-1.218733,0
-1.218533,0
-1.218333,0
-1.218133,-0.0319988
-1.217933,-0.0319988
-1.217733,0
-1.217533,0
-1.217333,0
-1.217133,0
-1.216933,-0.0319988
-1.216733,0
-1.216533,0
-1.216333,0
-1.216133,0
-1.215933,0.0319988
-1.215733,-0.0319988
-1.215533,-0.0319988
-1.215333,0.0319988
-1.215133,-0.0319988
-1.214933,0.0319988
-1.214733,0.0319988
-1.214533,0
-1.214333,0
-1.214133,0
-1.213933,0
-1.213733,0
-1.213533,0.0319988
-1.213333,-0.0319988
-1.213133,0.0319988
-1.212933,0.0319988
-1.212733,0.0319988
-1.212533,0
-1.212333,0.0319988
-1.212133,-0.0319988
-1.211933,0
-1.211733,0.0319988
-1.211533,-0.0319988
-1.211333,0.0319988
-1.211133,0.0319988
-1.210933,0
-1.210733,-0.0319988
-1.210533,0.0639975
-1.210333,0
-1.210133,0
-1.209933,0.0319988
-1.209733,0
-1.209533,0
-1.209333,0.0639975
-1.209133,0
-1.208933,0
-1.208733,0
-1.208533,-0.0319988
-1.208333,0
-1.208133,0
-1.207933,0
-1.207733,-0.0639975
-1.207533,0
-1.207333,-0.0319988
-1.207133,0
-1.206933,-0.0319988
-1.206733,0.0319988
-1.206533,0.0319988
-1.206333,0
-1.206133,0
-1.205933,-0.0319988
-1.205733,0
-1.205533,-0.0319988
-1.205333,-0.0319988
-1.205133,0
-1.204933,-0.0319988
-1.204733,0
-1.204533,0
-1.204333,0
-1.204133,-0.0319988
-1.203933,0
-1.203733,-0.0319988
-1.203533,0
-1.203333,0
-1.203133,0
-1.202933,0.0319988
-1.202733,0
-1.202533,-0.0639975
-1.202333,0
-1.202133,0.0319988
-1.201933,-0.0319988
-1.201733,0
-1.201533,0
-1.201333,0
-1.201133,-0.0319988
-1.200933,0
-1.200733,-0.0639975
-1.200533,-0.0319988
-1.200333,-0.0319988
-1.200133,-0.0319988
-1.199933,0
-1.199733,0
-1.199533,0
-1.199333,-0.0319988
-1.199133,-0.0319988
-1.198933,0
-1.198733,-0.0319988
-1.198533,0.0319988
-1.198333,-0.0319988
-1.198133,0
-1.197933,0.0319988
-1.197733,-0.0319988
-1.197533,-0.0319988
-1.197333,0
-1.197133,0
-1.196933,0
-1.196733,0
-1.196533,-0.0639975
-1.196333,-0.0319988
-1.196133,-0.0319988
-1.195933,-0.0319988
-1.195733,0
-1.195533,0
-1.195333,-0.0639975
-1.195133,-0.0319988
-1.194933,-0.0319988
-1.194733,-0.0319988
-1.194533,-0.0319988
-1.194333,-0.0319988
-1.194133,-0.0639975
-1.193933,-0.0639975
-1.193733,-0.0319988
-1.193533,-0.0639975
-1.193333,-0.0319988
-1.193133,-0.0319988
-1.192933,-0.0639975
-1.192733,-0.0319988
-1.192533,-0.0639975
-1.192333,-0.0639975
-1.192133,-0.0639975
-1.191933,-0.0639975
-1.191733,-0.0319988
-1.191533,-0.0639975
-1.191333,-0.0639975
-1.191133,-0.0959963
-1.190933,-0.0319988
-1.190733,-0.0319988
-1.190533,-0.0639975
-1.190333,-0.0319988
-1.190133,-0.0319988
-1.189933,-0.0319988
-1.189733,-0.0319988
-1.189533,-0.0639975
-1.189333,-0.127995
-1.189133,-0.0639975
-1.188933,-0.0319988
-1.188733,-0.0959963
-1.188533,-0.0639975
-1.188333,-0.0639975
-1.188133,-0.0959963
-1.187933,-0.0639975
-1.187733,-0.0319988
-1.187533,-0.0639975
-1.187333,-0.0319988
-1.187133,-0.0639975
-1.186933,-0.0639975
-1.186733,-0.0319988
-1.186533,-0.0639975
-1.186333,-0.0639975
-1.186133,-0.0639975
-1.185933,-0.0639975
-1.185733,-0.0639975
-1.185533,-0.0639975
-1.185333,-0.0639975
-1.185133,-0.0639975
-1.184933,-0.0639975
-1.184733,-0.0639975
-1.184533,-0.0639975
-1.184333,-0.0639975
-1.184133,-0.0319988
-1.183933,-0.0959963
-1.183733,-0.0639975
-1.183533,-0.0639975
-1.183333,-0.0959963
-1.183133,-0.0639975
-1.182933,-0.0639975
-1.182733,-0.127995
-1.182533,-0.0639975
-1.182333,-0.0319988
-1.182133,-0.0959963
-1.181933,-0.0639975
-1.181733,-0.0639975
-1.181533,-0.0639975
-1.181333,-0.0319988
-1.181133,-0.0959963
-1.180933,-0.0639975
-1.180733,-0.0639975
-1.180533,-0.0959963
-1.180333,-0.0959963
-1.180133,-0.0639975
-1.179933,-0.0639975
-1.179733,-0.0959963
-1.179533,-0.0639975
-1.179333,-0.0639975
-1.179133,-0.0639975
-1.178933,-0.127995
-1.178733,-0.0959963
-1.178533,-0.0319988
-1.178333,-0.0639975
-1.178133,-0.0639975
-1.177933,-0.0959963
-1.177733,-0.0639975
-1.177533,-0.0959963
-1.177333,-0.0959963
-1.177133,-0.0959963
-1.176933,-0.0639975
-1.176733,-0.0639975
-1.176533,-0.0959963
-1.176333,-0.0319988
-1.176133,-0.0639975
-1.175933,-0.0639975
-1.175733,-0.0639975
-1.175533,-0.0959963
-1.175333,-0.0959963
-1.175133,-0.0959963
-1.174933,-0.0959963
-1.174733,-0.0319988
-1.174533,-0.0639975
-1.174333,-0.0959963
-1.174133,-0.0639975
-1.173933,-0.0639975
-1.173733,-0.0959963
-1.173533,-0.0959963
-1.173333,-0.0319988
-1.173133,-0.0639975
-1.172933,-0.0639975
-1.172733,-0.0639975
-1.172533,-0.0639975
-1.172333,-0.0639975
-1.172133,-0.0639975
-1.171933,-0.0959963
-1.171733,-0.0639975
-1.171533,-0.0319988
-1.171333,-0.127995
-1.171133,-0.0639975
-1.170933,-0.0639975
-1.170733,-0.0639975
-1.170533,-0.0639975
-1.170333,-0.0639975
-1.170133,-0.0959963
-1.169933,-0.0639975
-1.169733,-0.0319988
-1.169533,-0.0639975
-1.169333,-0.0959963
-1.169133,-0.0639975
-1.168933,-0.0959963
-1.168733,-0.0639975
-1.168533,-0.0319988
-1.168333,-0.0639975
-1.168133,-0.0639975
-1.167933,-0.0639975
-1.167733,-0.0959963
-1.167533,-0.0319988
-1.167333,-0.0639975
-1.167133,-0.0959963
-1.166933,-0.0959963
-1.166733,-0.0639975
-1.166533,-0.0639975
-1.166333,-0.0959963
-1.166133,-0.0639975
-1.165933,-0.0959963
-1.165733,-0.0639975
-1.165533,-0.0639975
-1.165333,-0.0959963
-1.165133,-0.0639975
-1.164933,-0.0639975
-1.164733,-0.0959963
-1.164533,-0.0319988
-1.164333,-0.0639975
-1.164133,-0.0959963
-1.163933,-0.127995
-1.163733,-0.0639975
-1.163533,-0.0959963
-1.163333,-0.0959963
-1.163133,-0.127995
-1.162933,-0.127995
-1.162733,-0.0959963
-1.162533,-0.0639975
-1.162333,-0.0639975
-1.162133,-0.0639975
-1.161933,-0.0639975
-1.161733,-0.0639975
-1.161533,-0.0959963
-1.161333,-0.0959963
-1.161133,-0.0959963
-1.160933,-0.0639975
-1.160733,-0.0639975
-1.160533,-0.0959963
-1.160333,-0.0319988
-1.160133,-0.0959963
-1.159933,-0.0639975
-1.159733,-0.0639975
-1.159533,-0.0639975
-1.159333,-0.127995
-1.159133,-0.0959963
-1.158933,-0.0959963
-1.158733,-0.127995
-1.158533,-0.0639975
-1.158333,-0.0959963
-1.158133,-0.127995
-1.157933,-0.127995
-1.157733,-0.0959963
-1.157533,-0.0959963
-1.157333,-0.127995
-1.157133,-0.0959963
-1.156933,-0.127995
-1.156733,-0.0959963
-1.156533,-0.0959963
-1.156333,-0.159994
-1.156133,-0.127995
-1.155933,-0.159994
-1.155733,-0.127995
-1.155533,-0.127995
-1.155333,-0.0959963
-1.155133,-0.159994
-1.154933,-0.127995
-1.154733,-0.0959963
-1.154533,-0.159994
-1.154333,-0.127995
-1.154133,-0.0959963
-1.153933,-0.127995
-1.153733,-0.127995
-1.153533,-0.0959963
-1.153333,-0.127995
-1.153133,-0.0959963
-1.152933,-0.0959963
-1.152733,-0.159994
-1.152533,-0.127995
-1.152333,-0.0959963
-1.152133,-0.127995
-1.151933,-0.127995
-1.151733,-0.127995
-1.151533,-0.127995
-1.151333,-0.127995
-1.151133,-0.0959963
-1.150933,-0.127995
-1.150733,-0.191993
-1.150533,-0.127995
-1.150333,-0.159994
-1.150133,-0.127995
-1.149933,-0.127995
-1.149733,-0.159994
-1.149533,-0.0639975
-1.149333,-0.127995
-1.149133,-0.127995
-1.148933,-0.0959963
-1.148733,-0.0959963
-1.148533,-0.0959963
-1.148333,-0.127995
-1.148133,-0.0639975
-1.147933,-0.127995
-1.147733,-0.127995
-1.147533,-0.127995
-1.147333,-0.127995
-1.147133,-0.0959963
-1.146933,-0.127995
-1.146733,-0.0959963
-1.146533,-0.0639975
-1.146333,-0.127995
-1.146133,-0.0959963
-1.145933,-0.0959963
-1.145733,-0.127995
-1.145533,-0.159994
-1.145333,-0.0959963
-1.145133,-0.0959963
-1.144933,-0.127995
-1.144733,-0.0959963
-1.144533,-0.0959963
-1.144333,-0.159994
-1.144133,-0.0959963
-1.143933,-0.0959963
-1.143733,-0.0959963
-1.143533,-0.0959963
-1.143333,-0.0959963
-1.143133,-0.127995
-1.142933,-0.127995
-1.142733,-0.0959963
-1.142533,-0.127995
-1.142333,-0.127995
-1.142133,-0.0959963
-1.141933,-0.0959963
-1.141733,-0.127995
-1.141533,-0.127995
-1.141333,-0.0959963
-1.141133,-0.127995
-1.140933,-0.0959963
-1.140733,-0.0959963
-1.140533,-0.0959963
-1.140333,-0.0959963
-1.140133,-0.127995
-1.139933,-0.0959963
-1.139733,-0.127995
-1.139533,-0.159994
-1.139333,-0.127995
-1.139133,-0.0959963
-1.138933,-0.127995
-1.138733,-0.0959963
-1.138533,-0.0639975
-1.138333,-0.127995
-1.138133,-0.0959963
-1.137933,-0.0959963
-1.137733,-0.127995
-1.137533,-0.0639975
-1.137333,-0.0639975
-1.137133,-0.127995
-1.136933,-0.127995
-1.136733,-0.127995
-1.136533,-0.127995
-1.136333,-0.0639975
-1.136133,-0.0959963
-1.135933,-0.127995
-1.135733,-0.0639975
-1.135533,-0.0959963
-1.135333,-0.0639975
-1.135133,-0.0959963
-1.134933,-0.0639975
-1.134733,-0.159994
-1.134533,-0.0959963
-1.134333,-0.0639975
-1.134133,-0.0959963
-1.133933,-0.0959963
-1.133733,-0.0639975
-1.133533,-0.0959963
-1.133333,-0.0959963
-1.133133,-0.0319988
-1.132933,-0.159994
-1.132733,-0.127995
-1.132533,-0.0959963
-1.132333,-0.0959963
-1.132133,-0.0639975
-1.131933,-0.0959963
-1.131733,-0.0959963
-1.131533,-0.0959963
-1.131333,-0.0959963
-1.131133,-0.127995
-1.130933,-0.0639975
-1.130733,-0.0639975
-1.130533,-0.0959963
-1.130333,-0.0319988
-1.130133,-0.0959963
-1.129933,-0.127995
-1.129733,-0.0639975
-1.129533,-0.0959963
-1.129333,-0.0639975
-1.129133,-0.0639975
-1.128933,-0.0319988
-1.128733,-0.0959963
-1.128533,-0.0959963
-1.128333,-0.0639975
-1.128133,-0.0959963
-1.127933,-0.0639975
-1.127733,-0.0959963
-1.127533,-0.0959963
-1.127333,-0.0319988
-1.127133,-0.0639975
-1.126933,-0.0959963
-1.126733,-0.0639975
-1.126533,-0.0639975
-1.126333,-0.0959963
-1.126133,-0.0319988
-1.125933,-0.0639975
-1.125733,-0.0959963
-1.125533,-0.0319988
-1.125333,-0.0639975
-1.125133,-0.0959963
-1.124933,-0.0639975
-1.124733,-0.0959963
-1.124533,-0.0959963
-1.124333,-0.0319988
-1.124133,-0.0319988
-1.123933,-0.0639975
-1.123733,-0.0639975
-1.123533,-0.0639975
-1.123333,-0.0959963
-1.123133,-0.0959963
-1.122933,-0.0639975
-1.122733,-0.127995
-1.122533,-0.0319988
-1.122333,-0.0639975
-1.122133,-0.0959963
-1.121933,-0.0639975
-1.121733,-0.0639975
-1.121533,-0.0959963
-1.121333,-0.0639975
-1.121133,-0.0639975
-1.120933,-0.0959963
-1.120733,-0.0319988
-1.120533,-0.127995
-1.120333,-0.0639975
-1.120133,-0.0319988
-1.119933,-0.0639975
-1.119733,-0.0959963
-1.119533,-0.0319988
-1.119333,-0.0639975
-1.119133,-0.0959963
-1.118933,-0.0639975
-1.118733,-0.0639975
-1.118533,-0.0959963
-1.118333,-0.0959963
-1.118133,-0.0639975
-1.117933,-0.0959963
-1.117733,-0.0639975
-1.117533,-0.0639975
-1.117333,-0.127995
-1.117133,-0.0319988
-1.116933,-0.0639975
-1.116733,-0.0639975
-1.116533,-0.0319988
-1.116333,-0.0959963
-1.116133,-0.0959963
-1.115933,-0.0959963
-1.115733,-0.0959963
-1.115533,-0.0959963
-1.115333,-0.0959963
-1.115133,-0.0639975
-1.114933,-0.0959963
-1.114733,-0.0959963
-1.114533,-0.0959963
-1.114333,-0.0959963
-1.114133,-0.0959963
-1.113933,-0.0639975
-1.113733,-0.0959963
-1.113533,-0.0639975
-1.113333,-0.0959963
-1.113133,-0.0959963
-1.112933,-0.0319988
-1.112733,-0.0959963
-1.112533,-0.127995
-1.112333,-0.0959963
-1.112133,-0.0959963
-1.111933,-0.0959963
-1.111733,-0.0959963
-1.111533,-0.0639975
-1.111333,-0.127995
-1.111133,-0.0639975
-1.110933,-0.0959963
-1.110733,-0.0959963
-1.110533,-0.0959963
-1.110333,-0.0639975
-1.110133,-0.127995
-1.109933,-0.0959963
-1.109733,-0.0959963
-1.109533,-0.0959963
-1.109333,-0.159994
-1.109133,-0.0959963
-1.108933,-0.127995
-1.108733,-0.0639975
-1.108533,-0.0639975
-1.108333,-0.159994
-1.108133,-0.127995
-1.107933,-0.127995
-1.107733,-0.0959963
-1.107533,-0.0959963
-1.107333,-0.127995
-1.107133,-0.127995
-1.106933,-0.127995
-1.106733,-0.127995
-1.106533,-0.127995
-1.106333,-0.127995
-1.106133,-0.0959963
-1.105933,-0.159994
-1.105733,-0.0959963
-1.105533,-0.0959963
-1.105333,-0.127995
-1.105133,-0.127995
-1.104933,-0.0959963
-1.104733,-0.0959963
-1.104533,-0.0639975
-1.104333,-0.127995
-1.104133,-0.127995
-1.103933,-0.0959963
-1.103733,-0.0959963
-1.103533,-0.127995
-1.103333,-0.0639975
-1.103133,-0.0639975
-1.102933,-0.127995
-1.102733,-0.0959963
-1.102533,-0.0959963
-1.102333,-0.127995
-1.102133,-0.127995
-1.101933,-0.0959963
-1.101733,-0.127995
-1.101533,-0.0959963
-1.101333,-0.0959963
-1.101133,-0.0959963
-1.100933,-0.127995
-1.100733,-0.0319988
-1.100533,-0.0959963
-1.100333,-0.0959963
-1.100133,-0.0639975
-1.099933,-0.0959963
-1.099733,-0.127995
-1.099533,-0.0959963
-1.099333,-0.0959963
-1.099133,-0.0959963
-1.098933,-0.0959963
-1.098733,-0.0959963
-1.098533,-0.0959963
-1.098333,-0.0639975
-1.098133,-0.127995
-1.097933,-0.0959963
-1.097733,-0.127995
-1.097533,-0.0959963
-1.097333,-0.0959963
-1.097133,-0.0319988
-1.096933,-0.0959963
-1.096733,-0.0959963
-1.096533,-0.0319988
-1.096333,-0.127995
-1.096133,-0.0959963
-1.095933,-0.0959963
-1.095733,-0.0959963
-1.095533,-0.0959963
-1.095333,-0.0639975
-1.095133,-0.0959963
-1.094933,-0.0639975
-1.094733,-0.0959963
-1.094533,-0.0959963
-1.094333,-0.0959963
-1.094133,-0.0639975
-1.093933,-0.0959963
-1.093733,-0.0959963
-1.093533,-0.0319988
-1.093333,-0.159994
-1.093133,-0.0639975
-1.092933,-0.0959963
-1.092733,-0.127995
-1.092533,-0.0639975
-1.092333,-0.0639975
-1.092133,-0.0959963
-1.091933,-0.0319988
-1.091733,-0.127995
-1.091533,-0.0959963
-1.091333,-0.0639975
-1.091133,-0.0639975
-1.090933,-0.0959963
-1.090733,-0.0959963
-1.090533,-0.0639975
-1.090333,-0.0959963
-1.090133,-0.0639975
-1.089933,-0.0639975
-1.089733,-0.0639975
-1.089533,-0.0319988
-1.089333,-0.0639975
-1.089133,-0.0639975
-1.088933,-0.0959963
-1.088733,-0.0959963
-1.088533,-0.0959963
-1.088333,-0.0639975
-1.088133,-0.0639975
-1.087933,-0.127995
-1.087733,-0.0639975
-1.087533,-0.0639975
-1.087333,-0.0959963
-1.087133,-0.0959963
-1.086933,-0.0639975
-1.086733,-0.0959963
-1.086533,-0.0959963
-1.086333,-0.0319988
-1.086133,-0.0959963
-1.085933,-0.0959963
-1.085733,-0.0959963
-1.085533,-0.127995
-1.085333,-0.0959963
-1.085133,-0.0639975
-1.084933,-0.127995
-1.084733,-0.127995
-1.084533,-0.0639975
-1.084333,-0.127995
-1.084133,-0.0639975
-1.083933,-0.0639975
-1.083733,-0.127995
-1.083533,-0.127995
-1.083333,-0.127995
-1.083133,-0.127995
-1.082933,-0.0959963
-1.082733,-0.127995
-1.082533,-0.127995
-1.082333,-0.127995
-1.082133,-0.127995
-1.081933,-0.159994
-1.081733,-0.0959963
-1.081533,-0.0959963
-1.081333,-0.127995
-1.081133,-0.0959963
-1.080933,-0.127995
-1.080733,-0.0959963
-1.080533,-0.0959963
-1.080333,-0.0959963
-1.080133,-0.127995
-1.079933,-0.0959963
-1.079733,-0.0959963
-1.079533,-0.127995
-1.079333,-0.127995
-1.079133,-0.127995
-1.078933,-0.127995
-1.078733,-0.127995
-1.078533,-0.127995
-1.078333,-0.127995
-1.078133,-0.0959963
-1.077933,-0.0959963
-1.077733,-0.159994
-1.077533,-0.0959963
-1.077333,-0.0959963
-1.077133,-0.159994
-1.076933,-0.0959963
-1.076733,-0.0959963
-1.076533,-0.0959963
-1.076333,-0.127995
-1.076133,-0.127995
-1.075933,-0.127995
-1.075733,-0.127995
-1.075533,-0.0959963
-1.075333,-0.127995
-1.075133,-0.127995
-1.074933,-0.0959963
-1.074733,-0.127995
-1.074533,-0.127995
-1.074333,-0.0959963
-1.074133,-0.159994
-1.073933,-0.0959963
-1.073733,-0.0959963
-1.073533,-0.127995
-1.073333,-0.0959963
-1.073133,-0.0959963
-1.072933,-0.127995
-1.072733,-0.0639975
-1.072533,-0.127995
-1.072333,-0.127995
-1.072133,-0.0959963
-1.071933,-0.0959963
-1.071733,-0.159994
-1.071533,-0.0959963
-1.071333,-0.127995
-1.071133,-0.159994
-1.070933,-0.0639975
-1.070733,-0.0639975
-1.070533,-0.159994
-1.070333,-0.0959963
-1.070133,-0.0959963
-1.069933,-0.127995
-1.069733,-0.0959963
-1.069533,-0.0959963
-1.069333,-0.127995
-1.069133,-0.127995
-1.068933,-0.0639975
-1.068733,-0.127995
-1.068533,-0.0959963
-1.068333,-0.0959963
-1.068133,-0.0959963
-1.067933,-0.0959963
-1.067733,-0.0639975
-1.067533,-0.0959963
-1.067333,-0.0959963
-1.067133,-0.0639975
-1.066933,-0.127995
-1.066733,-0.0959963
-1.066533,-0.0959963
-1.066333,-0.0959963
-1.066133,-0.0319988
-1.065933,-0.0639975
-1.065733,-0.0959963
-1.065533,-0.0639975
-1.065333,-0.0959963
-1.065133,-0.0959963
-1.064933,-0.0959963
-1.064733,-0.0959963
-1.064533,-0.127995
-1.064333,-0.0639975
-1.064133,-0.0959963
-1.063933,-0.0959963
-1.063733,-0.0639975
-1.063533,-0.0959963
-1.063333,-0.0959963
-1.063133,-0.0639975
-1.062933,-0.0639975
-1.062733,-0.127995
-1.062533,-0.0639975
-1.062333,-0.0639975
-1.062133,-0.0959963
-1.061933,-0.0959963
-1.061733,-0.0319988
-1.061533,-0.127995
-1.061333,-0.0959963
-1.061133,-0.0639975
-1.060933,-0.127995
-1.060733,-0.0639975
-1.060533,-0.0639975
-1.060333,-0.0959963
-1.060133,-0.0639975
-1.059933,-0.0639975
-1.059733,-0.0959963
-1.059533,-0.0639975
-1.059333,-0.0639975
-1.059133,-0.0639975
-1.058933,-0.0959963
-1.058733,-0.0639975
-1.058533,-0.127995
-1.058333,0
-1.058133,0.0319988
-1.057933,-0.0319988
-1.057733,-0.0639975
-1.057533,-0.0639975
-1.057333,-0.0639975
-1.057133,-0.0959963
-1.056933,-0.0639975
-1.056733,-0.0959963
-1.056533,-0.0639975
-1.056333,-0.0959963
-1.056133,-0.0959963
-1.055933,-0.0639975
-1.055733,-0.0319988
-1.055533,-0.0959963
-1.055333,-0.0639975
-1.055133,-0.0639975
-1.054933,-0.0319988
-1.054733,-0.0319988
-1.054533,-0.0319988
-1.054333,-0.0959963
-1.054133,-0.0639975
-1.053933,-0.0959963
-1.053733,-0.0959963
-1.053533,-0.0959963
-1.053333,-0.0639975
-1.053133,-0.0959963
-1.052933,-0.0639975
-1.052733,-0.0319988
-1.052533,-0.0959963
-1.052333,-0.0319988
-1.052133,-0.0319988
-1.051933,-0.0639975
-1.051733,-0.0639975
-1.051533,-0.0639975
-1.051333,-0.0639975
-1.051133,-0.0639975
-1.050933,-0.0319988
-1.050733,-0.0639975
-1.050533,-0.0639975
-1.050333,-0.0639975
-1.050133,-0.0639975
-1.049933,0
-1.049733,-0.0319988
-1.049533,-0.0639975
-1.049333,-0.0639975
-1.049133,-0.0319988
-1.048933,-0.0959963
-1.048733,-0.0959963
-1.048533,-0.0639975
-1.048333,-0.0639975
-1.048133,-0.0639975
-1.047933,-0.0639975
-1.047733,-0.0959963
-1.047533,-0.0639975
-1.047333,-0.0639975
-1.047133,-0.0319988
-1.046933,-0.0639975
-1.046733,-0.0639975
-1.046533,-0.0959963
-1.046333,-0.0639975
-1.046133,-0.0319988
-1.045933,-0.0639975
-1.045733,-0.0319988
-1.045533,-0.0639975
-1.045333,-0.0639975
-1.045133,-0.0639975
-1.044933,-0.0639975
-1.044733,-0.0959963
-1.044533,-0.0959963
-1.044333,-0.0639975
-1.044133,-0.0959963
-1.043933,-0.0639975
-1.043733,-0.0639975
-1.043533,-0.0959963
-1.043333,-0.0639975
-1.043133,-0.0639975
-1.042933,-0.127995
-1.042733,-0.0959963
-1.042533,-0.0639975
-1.042333,-0.0959963
-1.042133,-0.0959963
-1.041933,-0.0959963
-1.041733,-0.0959963
-1.041533,-0.0959963
-1.041333,-0.0639975
-1.041133,-0.0959963
-1.040933,-0.0319988
-1.040733,-0.0639975
-1.040533,-0.127995
-1.040333,-0.0639975
-1.040133,-0.0639975
-1.039933,-0.0959963
-1.039733,-0.0959963
-1.039533,-0.0959963
-1.039333,-0.0959963
-1.039133,-0.0959963
-1.038933,-0.0959963
-1.038733,-0.0639975
-1.038533,-0.0959963
-1.038333,-0.0959963
-1.038133,-0.0959963
-1.037933,-0.127995
-1.037733,-0.0959963
-1.037533,-0.0959963
-1.037333,-0.0959963
-1.037133,-0.127995
-1.036933,-0.0959963
-1.036733,-0.0639975
-1.036533,-0.0319988
-1.036333,-0.127995
-1.036133,-0.0639975
-1.035933,-0.0959963
-1.035733,-0.127995
-1.035533,-0.0639975
-1.035333,-0.127995
-1.035133,-0.159994
-1.034933,-0.0639975
-1.034733,-0.0959963
-1.034533,-0.0959963
-1.034333,-0.127995
-1.034133,-0.0639975
-1.033933,-0.127995
-1.033733,-0.0959963
-1.033533,-0.0319988
-1.033333,-0.0639975
-1.033133,-0.127995
-1.032933,-0.0959963
-1.032733,-0.127995
-1.032533,-0.127995
-1.032333,-0.0639975
-1.032133,-0.127995
-1.031933,-0.0959963
-1.031733,-0.0959963
-1.031533,-0.127995
-1.031333,-0.127995
-1.031133,-0.0959963
-1.030933,-0.159994
-1.030733,-0.0959963
-1.030533,-0.0959963
-1.030333,-0.127995
-1.030133,-0.0959963
-1.029933,-0.0959963
-1.029733,-0.0959963
-1.029533,-0.0959963
-1.029333,-0.0639975
-1.029133,-0.127995
-1.028933,-0.0959963
-1.028733,-0.0639975
-1.028533,-0.127995
-1.028333,-0.0639975
-1.028133,-0.0639975
-1.027933,-0.159994
-1.027733,-0.0639975
-1.027533,-0.0639975
-1.027333,-0.0639975
-1.027133,-0.0639975
-1.026933,-0.0959963
-1.026733,-0.0639975
-1.026533,-0.0639975
-1.026333,-0.0639975
-1.026133,-0.0959963
-1.025933,-0.0959963
-1.025733,-0.0959963
-1.025533,-0.0959963
-1.025333,-0.0959963
-1.025133,-0.0639975
-1.024933,-0.0639975
-1.024733,-0.0959963
-1.024533,-0.0639975
-1.024333,-0.0959963
-1.024133,-0.0639975
-1.023933,0
-1.023733,-0.0639975
-1.023533,-0.0319988
-1.023333,-0.0639975
-1.023133,-0.0639975
-1.022933,-0.0639975
-1.022733,-0.0639975
-1.022533,-0.0959963
-1.022333,-0.0959963
-1.022133,-0.0639975
-1.021933,-0.0959963
-1.021733,-0.0639975
-1.021533,-0.0319988
-1.021333,-0.0639975
-1.021133,-0.0319988
-1.020933,-0.0639975
-1.020733,-0.0959963
-1.020533,-0.0639975
-1.020333,-0.0639975
-1.020133,-0.0639975
-1.019933,-0.0319988
-1.019733,-0.0319988
-1.019533,-0.0959963
-1.019333,-0.0319988
-1.019133,-0.0319988
-1.018933,-0.0639975
-1.018733,-0.0319988
-1.018533,-0.0639975
-1.018333,-0.0639975
-1.018133,0
-1.017933,-0.0319988
-1.017733,-0.0319988
-1.017533,0.0319988
-1.017333,0
-1.017133,0
-1.016933,0
-1.016733,-0.0319988
-1.016533,-0.0319988
-1.016333,0
-1.016133,0
-1.015933,-0.0319988
-1.015733,0
-1.015533,0.0319988
-1.015333,-0.0319988
-1.015133,0
-1.014933,0
-1.014733,-0.0319988
-1.014533,0
-1.014333,0.0319988
-1.014133,-0.0639975
-1.013933,0
-1.013733,0
-1.013533,0
-1.013333,0
-1.013133,0.0319988
-1.012933,-0.0319988
-1.012733,0.0319988
-1.012533,0.0319988
-1.012333,0
-1.012133,0
-1.011933,0
-1.011733,0
-1.011533,0.0319988
-1.011333,0.0319988
-1.011133,0
-1.010933,0
-1.010733,0.0319988
-1.010533,0
-1.010333,0.0319988
-1.010133,0.0639975
-1.009933,0
-1.009733,0.0639975
-1.009533,0
-1.009333,0
-1.009133,0.0639975
-1.008933,0
-1.008733,0.0319988
-1.008533,0
-1.008333,0.0319988
-1.008133,0
-1.007933,0
-1.007733,0.0319988
-1.007533,0
-1.007333,0.0319988
-1.007133,0.0639975
-1.006933,0
-1.006733,0.0319988
-1.006533,0.0639975
-1.006333,0
-1.006133,0.0639975
-1.005933,0.0319988
-1.005733,0.0639975
-1.005533,0.0319988
-1.005333,0.0639975
-1.005133,0.0319988
-1.004933,0.0639975
-1.004733,0.0639975
-1.004533,0.0319988
-1.004333,0.0639975
-1.004133,0.0639975
-1.003933,0.0319988
-1.003733,0.0639975
-1.003533,0.0639975
-1.003333,0.0319988
-1.003133,0.0639975
-1.002933,0.0319988
-1.002733,0
-1.002533,0.0639975
-1.002333,0.0639975
-1.002133,0.0639975
-1.001933,0.0639975
-1.001733,0.0639975
-1.001533,0.0639975
-1.001333,0.0639975
-1.001133,0.0639975
-1.000933,0.0639975
-1.000733,0.0959963
-1.000533,0.0639975
-1.000333,0.0959963
-1.000133,0.0639975
-0.99993301,0.0639975
-0.99973301,0.0639975
-0.99953301,0.0959963
-0.99933301,0.0319988
-0.99913301,0.0959963
-0.99893301,0.127995
-0.99873301,0.0959963
-0.99853301,0.0639975
-0.99833301,0.0639975
-0.99813301,0.0959963
-0.99793301,0.0639975
-0.99773301,0.0959963
-0.99753301,0.0959963
-0.99733301,0.0319988
-0.99713301,0.0639975
-0.99693301,0.0959963
-0.99673301,0.0639975
-0.99653301,0.0639975
-0.99633301,0.0959963
-0.99613301,0.0639975
-0.99593301,0.0959963
-0.99573301,0.0639975
-0.99553301,0.0639975
-0.99533301,0.0959963
-0.99513301,0.0959963
-0.99493301,0.0639975
-0.99473301,0.0639975
-0.99453301,0.0639975
-0.99433301,0.0319988
-0.99413301,0.0959963
-0.99393301,0.0639975
-0.99373301,0.0319988
-0.99353301,0.0639975
-0.99333301,0.0319988
-0.99313301,0.0319988
-0.99293301,0.0639975
-0.99273301,0.0959963
-0.99253301,0.0639975
-0.99233301,0.0639975
-0.99213301,0.0319988
-0.99193301,0.0319988
-0.99173301,0.0639975
-0.99153301,0.0639975
-0.99133301,0.0959963
-0.99113301,0.0639975
-0.99093301,0.0639975
-0.99073301,0.0639975
-0.99053301,0.0959963
-0.99033301,0.0639975
-0.99013301,0.0319988
-0.98993301,0.0639975
-0.98973301,0.0639975
-0.98953301,0.0639975
-0.98933301,0.0639975
-0.98913301,0.0959963
-0.98893301,0.0639975
-0.98873301,0.0639975
-0.98853301,0.0959963
-0.98833301,0.0959963
-0.98813301,0.0959963
-0.98793301,0.0639975
-0.98773301,0.0319988
-0.98753301,0.0639975
-0.98733301,0.0319988
-0.98713301,0.0959963
-0.98693301,0.0959963
-0.98673301,0.0959963
-0.98653301,0.0319988
-0.98633301,0.0959963
-0.98613301,0.0639975
-0.98593301,0.0959963
-0.98573301,0.0959963
-0.98553301,0.0959963
-0.98533301,0.0959963
-0.98513301,0.0959963
-0.98493301,0.0639975
-0.98473301,0.0959963
-0.98453301,0.0959963
-0.98433301,0.0959963
-0.98413301,0.0639975
-0.98393301,0.0959963
-0.98373301,0.0959963
-0.98353301,0.0639975
-0.98333301,0.0959963
-0.98313301,0.0959963
-0.98293301,0.0319988
-0.98273301,0.0959963
-0.98253301,0.0959963
-0.98233301,0.0639975
-0.98213301,0.0639975
-0.98193301,0.0639975
-0.98173301,0.0639975
-0.98153301,0.0959963
-0.98133301,0.0639975
-0.98113301,0.0959963
-0.98093301,0.0959963
-0.98073301,0.0959963
-0.98053301,0.0639975
-0.98033301,0.0959963
-0.98013301,0.0959963
-0.97993301,0.0639975
-0.97973301,0.0959963
-0.97953301,0.0959963
-0.97933301,0.0639975
-0.97913301,0.0639975
-0.97893301,0.0959963
-0.97873301,0.0959963
-0.97853301,0.0639975
-0.97833301,0.0639975
-0.97813301,0.0319988
-0.97793301,0.0639975
-0.97773301,0.0639975
-0.97753301,0.0639975
-0.97733301,0.127995
-0.97713301,0.0959963
-0.97693301,0.0959963
-0.97673301,0.0639975
-0.97653301,0.0639975
-0.97633301,0.0639975
-0.97613301,0.0639975
-0.97593301,0.0959963
-0.97573301,0.0959963
-0.97553301,0.0959963
-0.97533301,0.0639975
-0.97513301,0.0319988
-0.97493301,0.0639975
-0.97473301,0.0639975
-0.97453301,0.0319988
-0.97433301,0.0959963
-0.97413301,0.0639975
-0.97393301,0.0639975
-0.97373301,0.0639975
-0.97353301,0.0639975
-0.97333301,0.0639975
-0.97313301,0.0639975
-0.97293301,0.0639975
-0.97273301,0.0319988
-0.97253301,0.0639975
-0.97233301,0.0319988
-0.97213301,0.0639975
-0.97193301,0.0639975
-0.97173301,0.0639975
-0.97153301,0.0319988
-0.97133301,0.0959963
-0.97113301,0.0319988
-0.97093301,0.0319988
-0.97073301,0.0639975
-0.97053301,0.0639975
-0.97033301,0.0319988
-0.97013301,0
-0.96993301,0.0319988
-0.96973301,0.0319988
-0.96953301,0.0639975
-0.96933301,0.0639975
-0.96913301,0.0639975
-0.96893301,0.0319988
-0.96873301,0.0639975
-0.96853301,0.0319988
-0.96833301,0.0639975
-0.96813301,0.0639975
-0.96793301,0
-0.96773301,0
-0.96753301,0.0639975
-0.96733301,0.0319988
-0.96713301,0.0319988
-0.96693301,0.0319988
-0.96673301,0.0639975
-0.96653301,0
-0.96633301,0.0639975
-0.96613301,0.0319988
-0.96593301,0.0639975
-0.96573301,0.0639975
-0.96553301,0.0639975
-0.96533301,0.0319988
-0.96513301,0.0639975
-0.96493301,0.0319988
-0.96473301,0.0319988
-0.96453301,0.0959963
-0.96433301,0.0319988
-0.96413301,0.0319988
-0.96393301,0.0639975
-0.96373301,0
-0.96353301,0.0319988
-0.96333301,0.0319988
-0.96313301,0.0319988
-0.96293301,0.0639975
-0.96273301,0.0639975
-0.96253301,0.0319988
-0.96233301,0.0319988
-0.96213301,0.0319988
-0.96193301,0
-0.96173301,0.0319988
-0.96153301,0.0959963
-0.96133301,0.0319988
-0.96113301,0.0319988
-0.96093301,0.0639975
-0.96073301,-0.0319988
-0.96053301,0.0319988
-0.96033301,0.0319988
-0.96013301,0.0319988
-0.95993301,0.0319988
-0.95973301,0.0319988
-0.95953301,0
-0.95933301,0.0319988
-0.95913301,0
-0.95893301,0
-0.95873301,0.0319988
-0.95853301,0.0319988
-0.95833301,0
-0.95813301,0.0319988
-0.95793301,0
-0.95773301,0
-0.95753301,0.0319988
-0.95733301,0.0319988
-0.95713301,-0.0319988
-0.95693301,0
-0.95673301,0
-0.95653301,0
-0.95633301,0.0319988
-0.95613301,0
-0.95593301,0.0319988
-0.95573301,0.0319988
-0.95553301,0
-0.95533301,0
-0.95513301,0.0319988
-0.95493301,0.0319988
-0.95473301,0
-0.95453301,0.0319988
-0.95433301,0
-0.95413301,-0.0319988
-0.95393301,0
-0.95373301,0.0319988
-0.95353301,0
-0.95333301,0.0639975
-0.95313301,0.0319988
-0.95293301,0
-0.95273301,0
-0.95253301,0.0319988
-0.95233301,-0.0319988
-0.95213301,0
-0.95193301,0.0319988
-0.95173301,-0.0319988
-0.95153301,0
-0.95133301,0.0319988
-0.95113301,-0.0319988
-0.95093301,0
-0.95073301,0.0319988
-0.95053301,-0.0319988
-0.95033301,0
-0.95013301,0.0639975
-0.94993301,-0.0319988
-0.94973301,-0.0319988
-0.94953301,0.0319988
-0.94933301,-0.0319988
-0.94913301,0
-0.94893301,0
-0.94873301,0
-0.94853301,-0.0639975
-0.94833301,-0.0319988
-0.94813301,-0.0319988
-0.94793301,0
-0.94773301,0.0319988
-0.94753301,-0.0319988
-0.94733301,0
-0.94713301,0
-0.94693301,-0.0319988
-0.94673301,0
-0.94653301,0
-0.94633301,-0.0319988
-0.94613301,-0.0319988
-0.94593301,0
-0.94573301,-0.0319988
-0.94553301,-0.0319988
-0.94533301,0
-0.94513301,-0.0319988
-0.94493301,0
-0.94473301,0
-0.94453301,0
-0.94433301,0.0639975
-0.94413301,0.0319988
-0.94393301,-0.0639975
-0.94373301,0
-0.94353301,0
-0.94333301,0
-0.94313301,-0.0319988
-0.94293301,-0.0319988
-0.94273301,-0.0319988
-0.94253301,0
-0.94233301,-0.0319988
-0.94213301,-0.0319988
-0.94193301,0
-0.94173301,0
-0.94153301,-0.0319988
-0.94133301,0
-0.94113301,0
-0.94093301,0
-0.94073301,-0.0319988
-0.94053301,0
-0.94033301,0
-0.94013301,-0.0319988
-0.93993301,0
-0.93973301,0
-0.93953301,0
-0.93933301,0
-0.93913301,-0.0319988
-0.93893301,0
-0.93873301,0
-0.93853301,-0.0319988
-0.93833301,0.0319988
-0.93813301,0
-0.93793301,-0.0639975
-0.93773301,-0.0319988
-0.93753301,0
-0.93733301,0.0319988
-0.93713301,0
-0.93693301,0
-0.93673301,-0.0639975
-0.93653301,0
-0.93633301,-0.0319988
-0.93613301,-0.0319988
-0.93593301,-0.0319988
-0.93573301,0
-0.93553301,-0.0319988
-0.93533301,-0.0639975
-0.93513301,0
-0.93493301,0
-0.93473301,0
-0.93453301,0
-0.93433301,-0.0319988
-0.93413301,0
-0.93393301,0
-0.93373301,0.0319988
-0.93353301,0
-0.93333301,0.0319988
-0.93313301,-0.0639975
-0.93293301,0
-0.93273301,-0.0319988
-0.93253301,-0.0319988
-0.93233301,0
-0.93213301,0.0319988
-0.93193301,0
-0.93173301,-0.0319988
-0.93153301,0
-0.93133301,0
-0.93113301,0
-0.93093301,0
-0.93073301,-0.0319988
-0.93053301,-0.0639975
-0.93033301,0
-0.93013301,-0.0319988
-0.92993301,0
-0.92973301,0.0319988
-0.92953301,0
-0.92933301,0
-0.92913301,0
-0.92893301,0.0319988
-0.92873301,0
-0.92853301,0
-0.92833301,0
-0.92813301,0.0319988
-0.92793301,0
-0.92773301,0
-0.92753301,0.0319988
-0.92733301,0.0319988
-0.92713301,0
-0.92693301,0.0319988
-0.92673301,0.0319988
-0.92653301,0
-0.92633301,-0.0319988
-0.92613301,0.0319988
-0.92593301,-0.0319988
-0.92573301,0
-0.92553301,0
-0.92533301,0.0319988
-0.92513301,-0.0319988
-0.92493301,0
-0.92473301,-0.0319988
-0.92453301,0
-0.92433301,0.0319988
-0.92413301,-0.0319988
-0.92393301,0.0319988
-0.92373301,0.0319988
-0.92353301,-0.0319988
-0.92333301,0.0319988
-0.92313301,0.0319988
-0.92293301,0
-0.92273301,-0.0319988
-0.92253301,0.0319988
-0.92233301,0.0319988
-0.92213301,0
-0.92193301,0.0319988
-0.92173301,0.0319988
-0.92153301,0
-0.92133301,0
-0.92113301,0
-0.92093301,0
-0.92073301,0
-0.92053301,-0.0319988
-0.92033301,0
-0.92013301,0.0319988
-0.91993301,-0.0319988
-0.91973301,0.0319988
-0.91953301,0
-0.91933301,0
-0.91913301,0
-0.91893301,0.0319988
-0.91873301,-0.0319988
-0.91853301,0.0319988
-0.91833301,0
-0.91813301,0.0319988
-0.91793301,0.0319988
-0.91773301,0.0319988
-0.91753301,-0.0639975
-0.91733301,0
-0.91713301,0
-0.91693301,0
-0.91673301,0.0319988
-0.91653301,0
-0.91633301,-0.0319988
-0.91613301,0.0319988
-0.91593301,0
-0.91573301,0.0319988
-0.91553301,0.0319988
-0.91533301,0.0319988
-0.91513301,0
-0.91493301,0
-0.91473301,0
-0.91453301,0
-0.91433301,0
-0.91413301,0
-0.91393301,0
-0.91373301,0.0319988
-0.91353301,0.0319988
-0.91333301,0
-0.91313301,0
-0.91293301,0.0319988
-0.91273301,0.0319988
-0.91253301,0
-0.91233301,0
-0.91213301,0.0319988
-0.91193301,0
-0.91173301,0
-0.91153301,-0.0319988
-0.91133301,0
-0.91113301,0.0639975
-0.91093301,0
-0.91073301,0.0319988
-0.91053301,0
-0.91033301,-0.0319988
-0.91013301,0
-0.90993301,0
-0.90973301,0.0319988
-0.90953301,0
-0.90933301,0.0319988
-0.90913301,0
-0.90893301,-0.0319988
-0.90873301,-0.0319988
-0.90853301,-0.0319988
-0.90833301,-0.0319988
-0.90813301,-0.0319988
-0.90793301,-0.0319988
-0.90773301,0
-0.90753301,-0.0319988
-0.90733301,-0.0319988
-0.90713301,-0.0639975
-0.90693301,-0.0319988
-0.90673301,-0.0319988
-0.90653301,0
-0.90633301,0
-0.90613301,-0.0319988
-0.90593301,0.0319988
-0.90573301,-0.0319988
-0.90553301,-0.0319988
-0.90533301,0.0319988
-0.90513301,0
-0.90493301,-0.0319988
-0.90473301,0
-0.90453301,0
-0.90433301,-0.0639975
-0.90413301,-0.0319988
-0.90393301,0
-0.90373301,-0.0319988
-0.90353301,-0.0319988
-0.90333301,0
-0.90313301,-0.0319988
-0.90293301,0
-0.90273301,0
-0.90253301,-0.0319988
-0.90233301,-0.0639975
-0.90213301,-0.0319988
-0.90193301,-0.0319988
-0.90173301,-0.0319988
-0.90153301,-0.0319988
-0.90133301,-0.0639975
-0.90113301,0
-0.90093301,-0.0319988
-0.90073301,-0.0639975
-0.90053301,-0.0319988
-0.90033301,0
-0.90013301,-0.0639975
-0.89993301,-0.0639975
-0.89973301,-0.0639975
-0.89953301,-0.0639975
-0.89933301,-0.0639975
-0.89913301,-0.0639975
-0.89893301,-0.0959963
-0.89873301,-0.0639975
-0.89853301,-0.0639975
-0.89833301,-0.127995
-0.89813301,-0.0319988
-0.89793301,-0.0319988
-0.89773301,-0.0639975
-0.89753301,-0.0959963
-0.89733301,-0.0639975
-0.89713301,-0.0959963
-0.89693301,-0.0639975
-0.89673301,-0.0959963
-0.89653301,-0.0639975
-0.89633301,-0.0639975
-0.89613301,-0.0639975
-0.89593301,-0.0959963
-0.89573301,-0.0959963
-0.89553301,-0.0639975
-0.89533301,-0.0639975
-0.89513301,-0.0959963
-0.89493301,-0.0639975
-0.89473301,-0.0959963
-0.89453301,-0.0959963
-0.89433301,-0.0959963
-0.89413301,-0.127995
-0.89393301,-0.0959963
-0.89373301,-0.0639975
-0.89353301,-0.0959963
-0.89333301,-0.0959963
-0.89313301,-0.0959963
-0.89293301,-0.0959963
-0.89273301,-0.0639975
-0.89253301,-0.0639975
-0.89233301,-0.0959963
-0.89213301,-0.0639975
-0.89193301,-0.0319988
-0.89173301,-0.127995
-0.89153301,-0.0639975
-0.89133301,-0.0639975
-0.89113301,-0.0959963
-0.89093301,-0.0319988
-0.89073301,-0.0319988
-0.89053301,-0.0959963
-0.89033301,-0.127995
-0.89013301,-0.0639975
-0.88993301,-0.0959963
-0.88973301,-0.0639975
-0.88953301,-0.0639975
-0.88933301,-0.127995
-0.88913301,-0.0959963
-0.88893301,-0.0959963
-0.88873301,-0.159994
-0.88853301,-0.0959963
-0.88833301,-0.0639975
-0.88813301,-0.127995
-0.88793301,-0.127995
-0.88773301,-0.0959963
-0.88753301,-0.0959963
-0.88733301,-0.0959963
-0.88713301,-0.0959963
-0.88693301,-0.0959963
-0.88673301,-0.0959963
-0.88653301,-0.0959963
-0.88633301,-0.0959963
-0.88613301,-0.0959963
-0.88593301,-0.0639975
-0.88573301,-0.127995
-0.88553301,-0.0959963
-0.88533301,-0.127995
-0.88513301,-0.159994
-0.88493301,-0.0959963
-0.88473301,-0.0319988
-0.88453301,-0.127995
-0.88433301,-0.0959963
-0.88413301,-0.0959963
-0.88393301,-0.127995
-0.88373301,-0.0959963
-0.88353301,-0.0319988
-0.88333301,-0.0959963
-0.88313301,-0.0959963
-0.88293301,-0.0639975
-0.88273301,-0.127995
-0.88253301,-0.0959963
-0.88233301,-0.0959963
-0.88213301,-0.0959963
-0.88193301,-0.0959963
-0.88173301,-0.0639975
-0.88153301,-0.159994
-0.88133301,-0.0959963
-0.88113301,-0.0959963
-0.88093301,-0.127995
-0.88073301,-0.0959963
-0.88053301,-0.0959963
-0.88033301,-0.127995
-0.88013301,-0.0639975
-0.87993301,-0.0959963
-0.87973301,-0.127995
-0.87953301,-0.0639975
-0.87933301,-0.0959963
-0.87913301,-0.0959963
-0.87893301,-0.0639975
-0.87873301,-0.127995
-0.87853301,-0.127995
-0.87833301,-0.127995
-0.87813301,-0.0959963
-0.87793301,-0.0959963
-0.87773301,-0.0959963
-0.87753301,-0.0639975
-0.87733301,-0.0959963
-0.87713301,-0.0639975
-0.87693301,-0.0959963
-0.87673301,-0.0959963
-0.87653301,-0.0639975
-0.87633301,-0.0959963
-0.87613301,-0.0959963
-0.87593301,-0.0959963
-0.87573301,-0.127995
-0.87553301,-0.0959963
-0.87533301,-0.0959963
-0.87513301,-0.0639975
-0.87493301,-0.0639975
-0.87473301,-0.0959963
-0.87453301,-0.0319988
-0.87433301,-0.0959963
-0.87413301,-0.0959963
-0.87393301,-0.0639975
-0.87373301,-0.0639975
-0.87353301,-0.0639975
-0.87333301,-0.0639975
-0.87313301,-0.0959963
-0.87293301,-0.0639975
-0.87273301,-0.0319988
-0.87253301,-0.0959963
-0.87233301,-0.0639975
-0.87213301,-0.0319988
-0.87193301,-0.0959963
-0.87173301,-0.0639975
-0.87153301,-0.0319988
-0.87133301,-0.0639975
-0.87113301,-0.0639975
-0.87093301,-0.0319988
-0.87073301,-0.0639975
-0.87053301,-0.0639975
-0.87033301,-0.0319988
-0.87013301,-0.0959963
-0.86993301,-0.0639975
-0.86973301,-0.0959963
-0.86953301,-0.0959963
-0.86933301,-0.0639975
-0.86913301,-0.0959963
-0.86893301,-0.127995
-0.86873301,-0.0639975
-0.86853301,-0.0639975
-0.86833301,-0.127995
-0.86813301,-0.0639975
-0.86793301,-0.0319988
-0.86773301,-0.0639975
-0.86753301,-0.0319988
-0.86733301,-0.0319988
-0.86713301,-0.0639975
-0.86693301,-0.0639975
-0.86673301,-0.0639975
-0.86653301,-0.0959963
-0.86633301,-0.0639975
-0.86613301,-0.0319988
-0.86593301,-0.0959963
-0.86573301,-0.0319988
-0.86553301,-0.0319988
-0.86533301,-0.0639975
-0.86513301,-0.0319988
-0.86493301,-0.0319988
-0.86473301,-0.0639975
-0.86453301,-0.0319988
-0.86433301,-0.0319988
-0.86413301,-0.0639975
-0.86393301,-0.0319988
-0.86373301,-0.0639975
-0.86353301,-0.0959963
-0.86333301,-0.0319988
-0.86313301,-0.0639975
-0.86293301,-0.0319988
-0.86273301,-0.0639975
-0.86253301,-0.0319988
-0.86233301,-0.0319988
-0.86213301,-0.0639975
-0.86193301,0
-0.86173301,-0.0639975
-0.86153301,0
-0.86133301,-0.0319988
-0.86113301,-0.0959963
-0.86093301,-0.0319988
-0.86073301,-0.0639975
-0.86053301,-0.0639975
-0.86033301,-0.0639975
-0.86013301,-0.0319988
-0.85993301,-0.0319988
-0.85973301,-0.0639975
-0.85953301,-0.0639975
-0.85933301,-0.0959963
-0.85913301,-0.0639975
-0.85893301,-0.0639975
-0.85873301,-0.0319988
-0.85853301,-0.0639975
-0.85833301,-0.0319988
-0.85813301,-0.0959963
-0.85793301,-0.0319988
-0.85773301,-0.0639975
-0.85753301,-0.0959963
-0.85733301,-0.0639975
-0.85713301,-0.0959963
-0.85693301,-0.0959963
-0.85673301,-0.0639975
-0.85653301,-0.0319988
-0.85633301,-0.0639975
-0.85613301,-0.0639975
-0.85593301,-0.0959963
-0.85573301,-0.0639975
-0.85553301,-0.0639975
-0.85533301,-0.0319988
-0.85513301,-0.0959963
-0.85493301,-0.0639975
-0.85473301,-0.0639975
-0.85453301,-0.127995
-0.85433301,-0.0639975
-0.85413301,-0.0319988
-0.85393301,-0.0639975
-0.85373301,-0.0639975
-0.85353301,-0.0319988
-0.85333301,-0.0319988
-0.85313301,-0.0639975
-0.85293301,-0.0639975
-0.85273301,-0.0639975
-0.85253301,-0.0319988
-0.85233301,-0.0639975
-0.85213301,-0.0959963
-0.85193301,-0.0639975
-0.85173301,-0.0959963
-0.85153301,-0.0639975
-0.85133301,-0.0639975
-0.85113301,-0.0639975
-0.85093301,-0.0639975
-0.85073301,-0.0319988
-0.85053301,-0.0319988
-0.85033301,-0.0959963
-0.85013301,-0.0319988
-0.84993301,-0.0639975
-0.84973301,-0.0959963
-0.84953301,-0.0639975
-0.84933301,-0.0319988
-0.84913301,-0.0959963
-0.84893301,-0.0319988
-0.84873301,-0.0319988
-0.84853301,-0.0959963
-0.84833301,-0.0319988
-0.84813301,-0.0319988
-0.84793301,-0.0959963
-0.84773301,-0.0959963
-0.84753301,-0.0639975
-0.84733301,-0.127995
-0.84713301,-0.0639975
-0.84693301,-0.0319988
-0.84673301,-0.0639975
-0.84653301,-0.0959963
-0.84633301,-0.0639975
-0.84613301,-0.127995
-0.84593301,-0.0639975
-0.84573301,-0.0959963
-0.84553301,-0.0959963
-0.84533301,-0.0639975
-0.84513301,-0.0639975
-0.84493301,-0.0959963
-0.84473301,-0.0959963
-0.84453301,-0.0639975
-0.84433301,-0.0639975
-0.84413301,-0.0319988
-0.84393301,-0.0639975
-0.84373301,-0.0959963
-0.84353301,-0.0639975
-0.84333301,-0.0639975
-0.84313301,-0.127995
-0.84293301,-0.127995
-0.84273301,-0.0639975
-0.84253301,-0.0959963
-0.84233301,-0.127995
-0.84213301,-0.0639975
-0.84193301,-0.0959963
-0.84173301,-0.0639975
-0.84153301,-0.0959963
-0.84133301,-0.127995
-0.84113301,-0.0959963
-0.84093301,-0.0639975
-0.84073301,-0.0639975
-0.84053301,-0.0639975
-0.84033301,-0.0319988
-0.84013301,-0.0639975
-0.83993301,-0.0319988
-0.83973301,-0.0639975
-0.83953301,-0.0959963
-0.83933301,-0.0639975
-0.83913301,-0.0639975
-0.83893301,-0.0959963
-0.83873301,-0.0639975
-0.83853301,-0.0319988
-0.83833301,-0.0639975
-0.83813301,-0.0639975
-0.83793301,-0.0639975
-0.83773301,-0.0959963
-0.83753301,-0.0319988
-0.83733301,-0.0639975
-0.83713301,-0.0639975
-0.83693301,-0.0319988
-0.83673301,-0.0639975
-0.83653301,-0.0959963
-0.83633301,-0.0319988
-0.83613301,-0.0639975
-0.83593301,-0.0959963
-0.83573301,-0.0319988
-0.83553301,-0.0639975
-0.83533301,-0.0639975
-0.83513301,-0.0639975
-0.83493301,-0.0959963
-0.83473301,-0.0639975
-0.83453301,-0.0319988
-0.83433301,-0.0319988
-0.83413301,-0.0639975
-0.83393301,0
-0.83373301,-0.0319988
-0.83353301,-0.0959963
-0.83333301,-0.0639975
-0.83313301,-0.0319988
-0.83293301,-0.0639975
-0.83273301,-0.0319988
-0.83253301,-0.0319988
-0.83233301,-0.0639975
-0.83213301,-0.0319988
-0.83193301,-0.0639975
-0.83173301,-0.0639975
-0.83153301,-0.0319988
-0.83133301,-0.0319988
-0.83113301,-0.0959963
-0.83093301,0
-0.83073301,-0.0639975
-0.83053301,-0.0639975
-0.83033301,0
-0.83013301,-0.0319988
-0.82993301,-0.0639975
-0.82973301,-0.0319988
-0.82953301,-0.0639975
-0.82933301,-0.0639975
-0.82913301,-0.0319988
-0.82893301,-0.0639975
-0.82873301,-0.0959963
-0.82853301,-0.0319988
-0.82833301,-0.0319988
-0.82813301,-0.0639975
-0.82793301,-0.0639975
-0.82773301,-0.0319988
-0.82753301,-0.0639975
-0.82733301,-0.0319988
-0.82713301,-0.0319988
-0.82693301,-0.0639975
-0.82673301,-0.0319988
-0.82653301,-0.0639975
-0.82633301,-0.0959963
-0.82613301,-0.0639975
-0.82593301,-0.0639975
-0.82573301,-0.0319988
-0.82553301,-0.0639975
-0.82533301,-0.0639975
-0.82513301,-0.0639975
-0.82493301,-0.0639975
-0.82473301,-0.0639975
-0.82453301,-0.0639975
-0.82433301,-0.0639975
-0.82413301,-0.0639975
-0.82393301,-0.0959963
-0.82373301,-0.0639975
-0.82353301,-0.0959963
-0.82333301,-0.0319988
-0.82313301,-0.0639975
-0.82293301,-0.0319988
-0.82273301,-0.0959963
-0.82253301,-0.0959963
-0.82233301,-0.0959963
-0.82213301,-0.0639975
-0.82193301,-0.0639975
-0.82173301,-0.0959963
-0.82153301,-0.127995
-0.82133301,-0.0959963
-0.82113301,-0.0959963
-0.82093301,-0.127995
-0.82073301,-0.0959963
-0.82053301,-0.0639975
-0.82033301,-0.127995
-0.82013301,-0.0959963
-0.81993301,-0.127995
-0.81973301,-0.127995
-0.81953301,-0.0959963
-0.81933301,-0.127995
-0.81913301,-0.127995
-0.81893301,-0.127995
-0.81873301,-0.0959963
-0.81853301,-0.127995
-0.81833301,-0.0639975
-0.81813301,-0.127995
-0.81793301,-0.127995
-0.81773301,-0.127995
-0.81753301,-0.127995
-0.81733301,-0.127995
-0.81713301,-0.159994
-0.81693301,-0.127995
-0.81673301,-0.159994
-0.81653301,-0.0959963
-0.81633301,-0.127995
-0.81613301,-0.159994
-0.81593301,-0.0959963
-0.81573301,-0.127995
-0.81553301,-0.159994
-0.81533301,-0.159994
-0.81513301,-0.127995
-0.81493301,-0.159994
-0.81473301,-0.127995
-0.81453301,-0.0959963
-0.81433301,-0.159994
-0.81413301,-0.127995
-0.81393301,-0.127995
-0.81373301,-0.127995
-0.81353301,-0.127995
-0.81333301,-0.127995
-0.81313301,-0.159994
-0.81293301,-0.191993
-0.81273301,-0.127995
-0.81253301,-0.159994
-0.81233301,-0.159994
-0.81213301,-0.159994
-0.81193301,-0.159994
-0.81173301,-0.127995
-0.81153301,-0.159994
-0.81133301,-0.159994
-0.81113301,-0.159994
-0.81093301,-0.159994
-0.81073301,-0.159994
-0.81053301,-0.159994
-0.81033301,-0.159994
-0.81013301,-0.191993
-0.80993301,-0.159994
-0.80973301,-0.191993
-0.80953301,-0.191993
-0.80933301,-0.191993
-0.80913301,-0.159994
-0.80893301,-0.191993
-0.80873301,-0.191993
-0.80853301,-0.159994
-0.80833301,-0.223991
-0.80813301,-0.191993
-0.80793301,-0.159994
-0.80773301,-0.223991
-0.80753301,-0.223991
-0.80733301,-0.223991
-0.80713301,-0.223991
-0.80693301,-0.191993
-0.80673301,-0.191993
-0.80653301,-0.223991
-0.80633301,-0.223991
-0.80613301,-0.191993
-0.80593301,-0.159994
-0.80573301,-0.191993
-0.80553301,-0.191993
-0.80533301,-0.223991
-0.80513301,-0.191993
-0.80493301,-0.159994
-0.80473301,-0.223991
-0.80453301,-0.25599
-0.80433301,-0.191993
-0.80413301,-0.191993
-0.80393301,-0.191993
-0.80373301,-0.191993
-0.80353301,-0.191993
-0.80333301,-0.191993
-0.80313301,-0.223991
-0.80293301,-0.191993
-0.80273301,-0.223991
-0.80253301,-0.191993
-0.80233301,-0.159994
-0.80213301,-0.191993
-0.80193301,-0.159994
-0.80173301,-0.191993
-0.80153301,-0.191993
-0.80133301,-0.159994
-0.80113301,-0.191993
-0.80093301,-0.191993
-0.80073301,-0.191993
-0.80053301,-0.159994
-0.80033301,-0.191993
-0.80013301,-0.159994
-0.79993301,-0.223991
-0.79973301,-0.191993
-0.79953301,-0.127995
-0.79933301,-0.159994
-0.79913301,-0.159994
-0.79893301,-0.127995
-0.79873301,-0.191993
-0.79853301,-0.127995
-0.79833301,-0.159994
-0.79813301,-0.159994
-0.79793301,-0.159994
-0.79773301,-0.159994
-0.79753301,-0.127995
-0.79733301,-0.159994
-0.79713301,-0.159994
-0.79693301,-0.159994
-0.79673301,-0.191993
-0.79653301,-0.0959963
-0.79633301,-0.159994
-0.79613301,-0.159994
-0.79593301,-0.127995
-0.79573301,-0.159994
-0.79553301,-0.159994
-0.79533301,-0.159994
-0.79513301,-0.159994
-0.79493301,-0.159994
-0.79473301,-0.127995
-0.79453301,-0.159994
-0.79433301,-0.159994
-0.79413301,-0.223991
-0.79393301,-0.191993
-0.79373301,-0.191993
-0.79353301,-0.127995
-0.79333301,-0.127995
-0.79313301,-0.127995
-0.79293301,-0.0959963
-0.79273301,-0.159994
-0.79253301,-0.127995
-0.79233301,-0.127995
-0.79213301,-0.159994
-0.79193301,-0.127995
-0.79173301,-0.127995
-0.79153301,-0.127995
-0.79133301,-0.159994
-0.79113301,-0.0959963
-0.79093301,-0.159994
-0.79073301,-0.0959963
-0.79053301,-0.0959963
-0.79033301,-0.159994
-0.79013301,-0.127995
-0.78993301,-0.127995
-0.78973301,-0.127995
-0.78953301,-0.191993
-0.78933301,-0.159994
-0.78913301,-0.127995
-0.78893301,-0.127995
-0.78873301,-0.159994
-0.78853301,-0.159994
-0.78833301,-0.127995
-0.78813301,-0.127995
-0.78793301,-0.159994
-0.78773301,-0.159994
-0.78753301,-0.127995
-0.78733301,-0.159994
-0.78713301,-0.159994
-0.78693301,-0.127995
-0.78673301,-0.159994
-0.78653301,-0.127995
-0.78633301,-0.191993
-0.78613301,-0.159994
-0.78593301,-0.159994
-0.78573301,-0.159994
-0.78553301,-0.127995
-0.78533301,-0.159994
-0.78513301,-0.159994
-0.78493301,-0.191993
-0.78473301,-0.191993
-0.78453301,-0.127995
-0.78433301,-0.159994
-0.78413301,-0.191993
-0.78393301,-0.159994
-0.78373301,-0.191993
-0.78353301,-0.191993
-0.78333301,-0.127995
-0.78313301,-0.159994
-0.78293301,-0.159994
-0.78273301,-0.159994
-0.78253301,-0.191993
-0.78233301,-0.191993
-0.78213301,-0.159994
-0.78193301,-0.159994
-0.78173301,-0.159994
-0.78153301,-0.159994
-0.78133301,-0.191993
-0.78113301,-0.127995
-0.78093301,-0.159994
-0.78073301,-0.159994
-0.78053301,-0.127995
-0.78033301,-0.159994
-0.78013301,-0.159994
-0.77993301,-0.127995
-0.77973301,-0.0959963
-0.77953301,-0.191993
-0.77933301,-0.159994
-0.77913301,-0.127995
-0.77893301,-0.159994
-0.77873301,-0.127995
-0.77853301,-0.127995
-0.77833301,-0.159994
-0.77813301,-0.159994
-0.77793301,-0.127995
-0.77773301,-0.159994
-0.77753301,-0.127995
-0.77733301,-0.127995
-0.77713301,-0.191993
-0.77693301,-0.159994
-0.77673301,-0.127995
-0.77653301,-0.159994
-0.77633301,-0.0959963
-0.77613301,-0.0959963
-0.77593301,-0.127995
-0.77573301,-0.127995
-0.77553301,-0.0959963
-0.77533301,-0.127995
-0.77513301,-0.127995
-0.77493301,-0.127995
-0.77473301,-0.127995
-0.77453301,-0.127995
-0.77433301,-0.127995
-0.77413301,-0.159994
-0.77393301,-0.0639975
-0.77373301,-0.127995
-0.77353301,-0.0959963
-0.77333301,-0.127995
-0.77313301,-0.0959963
-0.77293301,-0.0959963
-0.77273301,-0.0959963
-0.77253301,-0.0639975
-0.77233301,-0.127995
-0.77213301,-0.0319988
-0.77193301,-0.159994
-0.77173301,-0.127995
-0.77153301,-0.0959963
-0.77133301,-0.159994
-0.77113301,-0.159994
-0.77093301,-0.0959963
-0.77073301,-0.0959963
-0.77053301,-0.0959963
-0.77033301,-0.0959963
-0.77013301,-0.0959963
-0.76993301,-0.0959963
-0.76973301,-0.127995
-0.76953301,-0.0319988
-0.76933301,-0.127995
-0.76913301,-0.0959963
-0.76893301,-0.127995
-0.76873301,-0.159994
-0.76853301,-0.127995
-0.76833301,-0.0959963
-0.76813301,-0.159994
-0.76793301,-0.159994
-0.76773301,-0.0639975
-0.76753301,-0.0959963
-0.76733301,-0.0959963
-0.76713301,-0.0959963
-0.76693301,-0.0959963
-0.76673301,-0.0639975
-0.76653301,-0.0959963
-0.76633301,-0.0959963
-0.76613301,-0.0959963
-0.76593301,-0.127995
-0.76573301,-0.0959963
-0.76553301,-0.0959963
-0.76533301,-0.0639975
-0.76513301,-0.0959963
-0.76493301,-0.0639975
-0.76473301,-0.0639975
-0.76453301,-0.127995
-0.76433301,-0.0639975
-0.76413301,-0.0959963
-0.76393301,-0.127995
-0.76373301,-0.0959963
-0.76353301,-0.0639975
-0.76333301,-0.0639975
-0.76313301,0
-0.76293301,-0.0959963
-0.76273301,-0.127995
-0.76253301,-0.0959963
-0.76233301,-0.0959963
-0.76213301,-0.0959963
-0.76193301,-0.0639975
-0.76173301,-0.0319988
-0.76153301,-0.0959963
-0.76133301,-0.0639975
-0.76113301,-0.0319988
-0.76093301,-0.0959963
-0.76073301,-0.0959963
-0.76053301,-0.0639975
-0.76033301,-0.0639975
-0.76013301,-0.0959963
-0.75993301,-0.0959963
-0.75973301,-0.0639975
-0.75953301,-0.0639975
-0.75933301,-0.0319988
-0.75913301,-0.0959963
-0.75893301,-0.0959963
-0.75873301,-0.0959963
-0.75853301,-0.0959963
-0.75833301,-0.0319988
-0.75813301,-0.0639975
-0.75793301,-0.0959963
-0.75773301,-0.0639975
-0.75753301,-0.0639975
-0.75733301,-0.0639975
-0.75713301,-0.0639975
-0.75693301,-0.0639975
-0.75673301,-0.0959963
-0.75653301,-0.0639975
-0.75633301,-0.0639975
-0.75613301,-0.0959963
-0.75593301,-0.0959963
-0.75573301,-0.0639975
-0.75553301,-0.0639975
-0.75533301,-0.0319988
-0.75513301,-0.0319988
-0.75493301,-0.0639975
-0.75473301,-0.0639975
-0.75453301,-0.0639975
-0.75433301,-0.127995
-0.75413301,-0.0639975
-0.75393301,-0.0319988
-0.75373301,-0.0639975
-0.75353301,-0.0319988
-0.75333301,-0.0319988
-0.75313301,-0.0639975
-0.75293301,-0.0319988
-0.75273301,-0.0319988
-0.75253301,-0.0319988
-0.75233301,-0.0319988
-0.75213301,-0.0319988
-0.75193301,-0.0639975
-0.75173301,-0.0639975
-0.75153301,-0.0319988
-0.75133301,0
-0.75113301,-0.0319988
-0.75093301,-0.0639975
-0.75073301,-0.0319988
-0.75053301,-0.0639975
-0.75033301,0.0319988
-0.75013301,-0.0639975
-0.74993301,-0.0959963
-0.74973301,-0.0639975
-0.74953301,-0.0639975
-0.74933301,-0.0639975
-0.74913301,-0.0319988
-0.74893301,-0.0639975
-0.74873301,-0.0319988
-0.74853301,-0.0319988
-0.74833301,0
-0.74813301,-0.0959963
-0.74793301,-0.0319988
-0.74773301,-0.0639975
-0.74753301,-0.0639975
-0.74733301,0.0319988
-0.74713301,-0.0959963
-0.74693301,-0.0319988
-0.74673301,-0.0639975
-0.74653301,-0.0639975
-0.74633301,-0.0639975
-0.74613301,0
-0.74593301,-0.0639975
-0.74573301,-0.0639975
-0.74553301,-0.0959963
-0.74533301,-0.0639975
-0.74513301,-0.0639975
-0.74493301,-0.0639975
-0.74473301,-0.0639975
-0.74453301,-0.0959963
-0.74433301,-0.0639975
-0.74413301,-0.0639975
-0.74393301,-0.0639975
-0.74373301,-0.0639975
-0.74353301,-0.0319988
-0.74333301,-0.0639975
-0.74313301,-0.0639975
-0.74293301,-0.0639975
-0.74273301,-0.0639975
-0.74253301,-0.0319988
-0.74233301,-0.0639975
-0.74213301,-0.0319988
-0.74193301,-0.0639975
-0.74173301,-0.0639975
-0.74153301,-0.0639975
-0.74133301,-0.0319988
-0.74113301,-0.0959963
-0.74093301,-0.0639975
-0.74073301,-0.0319988
-0.74053301,-0.0639975
-0.74033301,-0.0319988
-0.74013301,-0.0639975
-0.73993301,-0.0959963
-0.73973301,0
-0.73953301,-0.0319988
-0.73933301,-0.0639975
-0.73913301,-0.0319988
-0.73893301,-0.0639975
-0.73873301,-0.0639975
-0.73853301,-0.0319988
-0.73833301,-0.0319988
-0.73813301,-0.0639975
-0.73793301,-0.0319988
-0.73773301,-0.0319988
-0.73753301,-0.0639975
-0.73733301,0
-0.73713301,-0.0639975
-0.73693301,-0.0959963
-0.73673301,-0.0319988
-0.73653301,-0.0639975
-0.73633301,-0.0959963
-0.73613301,-0.0639975
-0.73593301,-0.0639975
-0.73573301,-0.0639975
-0.73553301,-0.0959963
-0.73533301,-0.0639975
-0.73513301,-0.0959963
-0.73493301,-0.0639975
-0.73473301,-0.0639975
-0.73453301,-0.0639975
-0.73433301,-0.0319988
-0.73413301,-0.0639975
-0.73393301,-0.0319988
-0.73373301,-0.0639975
-0.73353301,-0.0639975
-0.73333301,-0.0639975
-0.73313301,-0.0639975
-0.73293301,0
-0.73273301,-0.0639975
-0.73253301,-0.0639975
-0.73233301,-0.0319988
-0.73213301,0
-0.73193301,-0.0959963
-0.73173301,-0.0319988
-0.73153301,-0.0959963
-0.73133301,-0.0959963
-0.73113301,-0.0319988
-0.73093301,-0.0639975
-0.73073301,-0.0319988
-0.73053301,0
-0.73033301,-0.0639975
-0.73013301,-0.0639975
-0.72993301,-0.0319988
-0.72973301,0
-0.72953301,-0.0319988
-0.72933301,-0.0319988
-0.72913301,-0.0639975
-0.72893301,0
-0.72873301,0
-0.72853301,-0.0319988
-0.72833301,0
-0.72813301,0
-0.72793301,-0.0319988
-0.72773301,-0.0319988
-0.72753301,0.0319988
-0.72733301,-0.0319988
-0.72713301,0
-0.72693301,0
-0.72673301,-0.0319988
-0.72653301,0
-0.72633301,0.0639975
-0.72613301,0
-0.72593301,0.0319988
-0.72573301,0
-0.72553301,-0.0319988
-0.72533301,0
-0.72513301,0.0319988
-0.72493301,-0.0319988
-0.72473301,0.0639975
-0.72453301,0.0639975
-0.72433301,0
-0.72413301,0.0319988
-0.72393301,0.0319988
-0.72373301,0.0319988
-0.72353301,0.0639975
-0.72333301,0.0319988
-0.72313301,0
-0.72293301,0.0639975
-0.72273301,0.0319988
-0.72253301,0.0319988
-0.72233301,0.0319988
-0.72213301,0.0639975
-0.72193301,0.0319988
-0.72173301,0.0639975
-0.72153301,0.0639975
-0.72133301,0
-0.72113301,0.0959963
-0.72093301,0.0639975
-0.72073301,0.0319988
-0.72053301,0.0639975
-0.72033301,0.0319988
-0.72013301,0.0319988
-0.71993301,0.0959963
-0.71973301,0.0639975
-0.71953301,0.0959963
-0.71933301,0.0639975
-0.71913301,0.0959963
-0.71893301,0.0319988
-0.71873301,0.0639975
-0.71853301,0.0959963
-0.71833301,0.0639975
-0.71813301,0.0639975
-0.71793301,0.0959963
-0.71773301,0.0639975
-0.71753301,0.0959963
-0.71733301,0.0959963
-0.71713301,0.0639975
-0.71693301,0.0959963
-0.71673301,0.0639975
-0.71653301,0.127995
-0.71633301,0.0959963
-0.71613301,0.0959963
-0.71593301,0.0639975
-0.71573301,0.0639975
-0.71553301,0.0639975
-0.71533301,0.0959963
-0.71513301,0.127995
-0.71493301,0.0959963
-0.71473301,0.0959963
-0.71453301,0.0959963
-0.71433301,0.127995
-0.71413301,0.0959963
-0.71393301,0.0959963
-0.71373301,0.0959963
-0.71353301,0.127995
-0.71333301,0.127995
-0.71313301,0.127995
-0.71293301,0.0959963
-0.71273301,0.127995
-0.71253301,0.127995
-0.71233301,0.0959963
-0.71213301,0.127995
-0.71193301,0.127995
-0.71173301,0.0959963
-0.71153301,0.127995
-0.71133301,0.0959963
-0.71113301,0.0959963
-0.71093301,0.0959963
-0.71073301,0.127995
-0.71053301,0.0959963
-0.71033301,0.0959963
-0.71013301,0.127995
-0.70993301,0.0959963
-0.70973301,0.0959963
-0.70953301,0.0959963
-0.70933301,0.0959963
-0.70913301,0.191993
-0.70893301,0.0959963
-0.70873301,0.127995
-0.70853301,0.127995
-0.70833301,0.0959963
-0.70813301,0.127995
-0.70793301,0.159994
-0.70773301,0.127995
-0.70753301,0.0959963
-0.70733301,0.127995
-0.70713301,0.127995
-0.70693301,0.0959963
-0.70673301,0.127995
-0.70653301,0.127995
-0.70633301,0.127995
-0.70613301,0.0959963
-0.70593301,0.0959963
-0.70573301,0.159994
-0.70553301,0.127995
-0.70533301,0.0959963
-0.70513301,0.127995
-0.70493301,0.127995
-0.70473301,0.127995
-0.70453301,0.0959963
-0.70433301,0.159994
-0.70413301,0.0959963
-0.70393301,0.127995
-0.70373301,0.0959963
-0.70353301,0.127995
-0.70333301,0.127995
-0.70313301,0.127995
-0.70293301,0.159994
-0.70273301,0.127995
-0.70253301,0.127995
-0.70233301,0.0959963
-0.70213301,0.127995
-0.70193301,0.127995
-0.70173301,0.127995
-0.70153301,0.159994
-0.70133301,0.127995
-0.70113301,0.0959963
-0.70093301,0.127995
-0.70073301,0.127995
-0.70053301,0.0959963
-0.70033301,0.127995
-0.70013301,0.127995
-0.69993301,0.127995
-0.69973301,0.159994
-0.69953301,0.159994
-0.69933301,0.127995
-0.69913301,0.127995
-0.69893301,0.159994
-0.69873301,0.0959963
-0.69853301,0.127995
-0.69833301,0.159994
-0.69813301,0.127995
-0.69793301,0.127995
-0.69773301,0.159994
-0.69753301,0.127995
-0.69733301,0.127995
-0.69713301,0.127995
-0.69693301,0.127995
-0.69673301,0.127995
-0.69653301,0.127995
-0.69633301,0.0959963
-0.69613301,0.159994
-0.69593301,0.127995
-0.69573301,0.127995
-0.69553301,0.0959963
-0.69533301,0.127995
-0.69513301,0.127995
-0.69493301,0.0959963
-0.69473301,0.127995
-0.69453301,0.127995
-0.69433301,0.191993
-0.69413301,0.0959963
-0.69393301,0.0959963
-0.69373301,0.0959963
-0.69353301,0.127995
-0.69333301,0.127995
-0.69313301,0.0639975
-0.69293301,0.127995
-0.69273301,0.127995
-0.69253301,0.0959963
-0.69233301,0.0639975
-0.69213301,0.0639975
-0.69193301,0.0959963
-0.69173301,0.0639975
-0.69153301,0.0959963
-0.69133301,0.0639975
-0.69113301,0.0959963
-0.69093301,0.0959963
-0.69073301,0.0319988
-0.69053301,0.0959963
-0.69033301,0.0959963
-0.69013301,0.0959963
-0.68993301,0.0959963
-0.68973301,0.0319988
-0.68953301,0.0639975
-0.68933301,0.0959963
-0.68913301,0.0639975
-0.68893301,0.0639975
-0.68873301,0.0959963
-0.68853301,0.0639975
-0.68833301,0.0959963
-0.68813301,0.0319988
-0.68793301,0.0319988
-0.68773301,0.0639975
-0.68753301,0.0639975
-0.68733301,0.0319988
-0.68713301,0.0639975
-0.68693301,0.0319988
-0.68673301,0.0959963
-0.68653301,0.0319988
-0.68633301,0.0319988
-0.68613301,0.0639975
-0.68593301,0.0639975
-0.68573301,0.0639975
-0.68553301,0.0319988
-0.68533301,0.0319988
-0.68513301,0.0319988
-0.68493301,0.0639975
-0.68473301,0.0319988
-0.68453301,0.0639975
-0.68433301,0.0319988
-0.68413301,0
-0.68393301,0.0639975
-0.68373301,0.0319988
-0.68353301,0
-0.68333301,0
-0.68313301,0
-0.68293301,0.0319988
-0.68273301,0.0639975
-0.68253301,0.0319988
-0.68233301,-0.0319988
-0.68213301,0
-0.68193301,0.0319988
-0.68173301,0
-0.68153301,0
-0.68133301,0
-0.68113301,0.0319988
-0.68093301,0
-0.68073301,0.0319988
-0.68053301,-0.0639975
-0.68033301,0
-0.68013301,-0.0319988
-0.67993301,-0.0639975
-0.67973301,0
-0.67953301,-0.0319988
-0.67933301,-0.0639975
-0.67913301,-0.0319988
-0.67893301,0
-0.67873301,-0.0639975
-0.67853301,0
-0.67833301,-0.0319988
-0.67813301,-0.0639975
-0.67793301,-0.0639975
-0.67773301,-0.0319988
-0.67753301,-0.0639975
-0.67733301,-0.0319988
-0.67713301,-0.0959963
-0.67693301,-0.0639975
-0.67673301,-0.0639975
-0.67653301,-0.0319988
-0.67633301,-0.0639975
-0.67613301,-0.0639975
-0.67593301,-0.0959963
-0.67573301,-0.0959963
-0.67553301,-0.0639975
-0.67533301,-0.0319988
-0.67513301,-0.0639975
-0.67493301,-0.0639975
-0.67473301,-0.0319988
-0.67453301,-0.127995
-0.67433301,-0.0639975
-0.67413301,-0.0639975
-0.67393301,-0.0959963
-0.67373301,-0.0959963
-0.67353301,-0.0639975
-0.67333301,-0.127995
-0.67313301,-0.0959963
-0.67293301,-0.127995
-0.67273301,-0.0639975
-0.67253301,-0.0639975
-0.67233301,-0.0959963
-0.67213301,-0.127995
-0.67193301,-0.127995
-0.67173301,-0.0959963
-0.67153301,-0.127995
-0.67133301,-0.0639975
-0.67113301,-0.0959963
-0.67093301,-0.191993
-0.67073301,-0.0959963
-0.67053301,-0.127995
-0.67033301,-0.127995
-0.67013301,-0.159994
-0.66993301,-0.159994
-0.66973301,-0.159994
-0.66953301,-0.127995
-0.66933301,-0.127995
-0.66913301,-0.191993
-0.66893301,-0.159994
-0.66873301,-0.159994
-0.66853301,-0.191993
-0.66833301,-0.127995
-0.66813301,-0.191993
-0.66793301,-0.127995
-0.66773301,-0.223991
-0.66753301,-0.159994
-0.66733301,-0.159994
-0.66713301,-0.159994
-0.66693301,-0.191993
-0.66673301,-0.191993
-0.66653301,-0.159994
-0.66633301,-0.127995
-0.66613301,-0.223991
-0.66593301,-0.191993
-0.66573301,-0.127995
-0.66553301,-0.191993
-0.66533301,-0.159994
-0.66513301,-0.159994
-0.66493301,-0.191993
-0.66473301,-0.223991
-0.66453301,-0.191993
-0.66433301,-0.223991
-0.66413301,-0.191993
-0.66393301,-0.159994
-0.66373301,-0.25599
-0.66353301,-0.223991
-0.66333301,-0.159994
-0.66313301,-0.159994
-0.66293301,-0.191993
-0.66273301,-0.159994
-0.66253301,-0.159994
-0.66233301,-0.191993
-0.66213301,-0.191993
-0.66193301,-0.223991
-0.66173301,-0.159994
-0.66153301,-0.159994
-0.66133301,-0.223991
-0.66113301,-0.191993
-0.66093301,-0.191993
-0.66073301,-0.25599
-0.66053301,-0.223991
-0.66033301,-0.191993
-0.66013301,-0.25599
-0.65993301,-0.223991
-0.65973301,-0.223991
-0.65953301,-0.191993
-0.65933301,-0.191993
-0.65913301,-0.159994
-0.65893301,-0.25599
-0.65873301,-0.25599
-0.65853301,-0.191993
-0.65833301,-0.25599
-0.65813301,-0.287989
-0.65793301,-0.223991
-0.65773301,-0.25599
-0.65753301,-0.287989
-0.65733301,-0.25599
-0.65713301,-0.287989
-0.65693301,-0.287989
-0.65673301,-0.25599
-0.65653301,-0.25599
-0.65633301,-0.287989
-0.65613301,-0.25599
-0.65593301,-0.287989
-0.65573301,-0.287989
-0.65553301,-0.25599
-0.65533301,-0.25599
-0.65513301,-0.287989
-0.65493301,-0.223991
-0.65473301,-0.287989
-0.65453301,-0.287989
-0.65433301,-0.223991
-0.65413301,-0.25599
-0.65393301,-0.287989
-0.65373301,-0.25599
-0.65353301,-0.25599
-0.65333301,-0.25599
-0.65313301,-0.287989
-0.65293301,-0.319988
-0.65273301,-0.319988
-0.65253301,-0.287989
-0.65233301,-0.287989
-0.65213301,-0.319988
-0.65193301,-0.287989
-0.65173301,-0.287989
-0.65153301,-0.287989
-0.65133301,-0.287989
-0.65113301,-0.287989
-0.65093301,-0.319988
-0.65073301,-0.287989
-0.65053301,-0.287989
-0.65033301,-0.287989
-0.65013301,-0.319988
-0.64993301,-0.287989
-0.64973301,-0.287989
-0.64953301,-0.319988
-0.64933301,-0.287989
-0.64913301,-0.25599
-0.64893301,-0.319988
-0.64873301,-0.287989
-0.64853301,-0.351986
-0.64833301,-0.287989
-0.64813301,-0.287989
-0.64793301,-0.319988
-0.64773301,-0.319988
-0.64753301,-0.319988
-0.64733301,-0.319988
-0.64713301,-0.287989
-0.64693301,-0.319988
-0.64673301,-0.287989
-0.64653301,-0.351986
-0.64633301,-0.319988
-0.64613301,-0.351986
-0.64593301,-0.287989
-0.64573301,-0.287989
-0.64553301,-0.287989
-0.64533301,-0.287989
-0.64513301,-0.319988
-0.64493301,-0.319988
-0.64473301,-0.25599
-0.64453301,-0.319988
-0.64433301,-0.287989
-0.64413301,-0.319988
-0.64393301,-0.319988
-0.64373301,-0.319988
-0.64353301,-0.351986
-0.64333301,-0.287989
-0.64313301,-0.287989
-0.64293301,-0.351986
-0.64273301,-0.319988
-0.64253301,-0.319988
-0.64233301,-0.319988
-0.64213301,-0.319988
-0.64193301,-0.351986
-0.64173301,-0.319988
-0.64153301,-0.319988
-0.64133301,-0.319988
-0.64113301,-0.319988
-0.64093301,-0.351986
-0.64073301,-0.319988
-0.64053301,-0.319988
-0.64033301,-0.351986
-0.64013301,-0.319988
-0.63993301,-0.319988
-0.63973301,-0.319988
-0.63953301,-0.319988
-0.63933301,-0.351986
-0.63913301,-0.319988
-0.63893301,-0.351986
-0.63873301,-0.351986
-0.63853301,-0.287989
-0.63833301,-0.351986
-0.63813301,-0.25599
-0.63793301,-0.319988
-0.63773301,-0.319988
-0.63753301,-0.287989
-0.63733301,-0.319988
-0.63713301,-0.319988
-0.63693301,-0.351986
-0.63673301,-0.319988
-0.63653301,-0.287989
-0.63633301,-0.287989
-0.63613301,-0.287989
-0.63593301,-0.319988
-0.63573301,-0.287989
-0.63553301,-0.287989
-0.63533301,-0.319988
-0.63513301,-0.287989
-0.63493301,-0.319988
-0.63473301,-0.319988
-0.63453301,-0.319988
-0.63433301,-0.319988
-0.63413301,-0.287989
-0.63393301,-0.319988
-0.63373301,-0.319988
-0.63353301,-0.319988
-0.63333301,-0.351986
-0.63313301,-0.287989
-0.63293301,-0.287989
-0.63273301,-0.319988
-0.63253301,-0.319988
-0.63233301,-0.287989
-0.63213301,-0.319988
-0.63193301,-0.287989
-0.63173301,-0.319988
-0.63153301,-0.287989
-0.63133301,-0.319988
-0.63113301,-0.287989
-0.63093301,-0.319988
-0.63073301,-0.25599
-0.63053301,-0.287989
-0.63033301,-0.25599
-0.63013301,-0.287989
-0.62993301,-0.287989
-0.62973301,-0.25599
-0.62953301,-0.287989
-0.62933301,-0.287989
-0.62913301,-0.25599
-0.62893301,-0.25599
-0.62873301,-0.25599
-0.62853301,-0.223991
-0.62833301,-0.287989
-0.62813301,-0.25599
-0.62793301,-0.25599
-0.62773301,-0.25599
-0.62753301,-0.25599
-0.62733301,-0.25599
-0.62713301,-0.223991
-0.62693301,-0.191993
-0.62673301,-0.223991
-0.62653301,-0.25599
-0.62633301,-0.25599
-0.62613301,-0.223991
-0.62593301,-0.25599
-0.62573301,-0.287989
-0.62553301,-0.191993
-0.62533301,-0.223991
-0.62513301,-0.223991
-0.62493301,-0.223991
-0.62473301,-0.223991
-0.62453301,-0.223991
-0.62433301,-0.191993
-0.62413301,-0.223991
-0.62393301,-0.25599
-0.62373301,-0.223991
-0.62353301,-0.191993
-0.62333301,-0.223991
-0.62313301,-0.191993
-0.62293301,-0.25599
-0.62273301,-0.191993
-0.62253301,-0.191993
-0.62233301,-0.223991
-0.62213301,-0.191993
-0.62193301,-0.191993
-0.62173301,-0.223991
-0.62153301,-0.191993
-0.62133301,-0.191993
-0.62113301,-0.223991
-0.62093301,-0.223991
-0.62073301,-0.191993
-0.62053301,-0.191993
-0.62033301,-0.223991
-0.62013301,-0.127995
-0.61993301,-0.191993
-0.61973301,-0.191993
-0.61953301,-0.159994
-0.61933301,-0.191993
-0.61913301,-0.159994
-0.61893301,-0.191993
-0.61873301,-0.191993
-0.61853301,-0.191993
-0.61833301,-0.191993
-0.61813301,-0.223991
-0.61793301,-0.191993
-0.61773301,-0.159994
-0.61753301,-0.191993
-0.61733301,-0.191993
-0.61713301,-0.159994
-0.61693301,-0.191993
-0.61673301,-0.223991
-0.61653301,-0.159994
-0.61633301,-0.223991
-0.61613301,-0.223991
-0.61593301,-0.159994
-0.61573301,-0.191993
-0.61553301,-0.191993
-0.61533301,-0.191993
-0.61513301,-0.159994
-0.61493301,-0.127995
-0.61473301,-0.191993
-0.61453301,-0.159994
-0.61433301,-0.191993
-0.61413301,-0.159994
-0.61393301,-0.159994
-0.61373301,-0.159994
-0.61353301,-0.159994
-0.61333301,-0.223991
-0.61313301,-0.159994
-0.61293301,-0.191993
-0.61273301,-0.223991
-0.61253301,-0.159994
-0.61233301,-0.127995
-0.61213301,-0.159994
-0.61193301,-0.223991
-0.61173301,-0.191993
-0.61153301,-0.159994
-0.61133301,-0.191993
-0.61113301,-0.127995
-0.61093301,-0.223991
-0.61073301,-0.159994
-0.61053301,-0.0959963
-0.61033301,-0.159994
-0.61013301,-0.223991
-0.60993301,-0.159994
-0.60973301,-0.191993
-0.60953301,-0.127995
-0.60933301,-0.159994
-0.60913301,-0.191993
-0.60893301,-0.159994
-0.60873301,-0.159994
-0.60853301,-0.159994
-0.60833301,-0.127995
-0.60813301,-0.191993
-0.60793301,-0.159994
-0.60773301,-0.159994
-0.60753301,-0.127995
-0.60733301,-0.191993
-0.60713301,-0.127995
-0.60693301,-0.127995
-0.60673301,-0.159994
-0.60653301,-0.127995
-0.60633301,-0.159994
-0.60613301,-0.159994
-0.60593301,-0.127995
-0.60573301,-0.159994
-0.60553301,-0.223991
-0.60533301,-0.159994
-0.60513301,-0.127995
-0.60493301,-0.159994
-0.60473301,-0.191993
-0.60453301,-0.0959963
-0.60433301,-0.159994
-0.60413301,-0.0639975
-0.60393301,-0.127995
-0.60373301,-0.0959963
-0.60353301,-0.127995
-0.60333301,-0.0959963
-0.60313301,-0.159994
-0.60293301,-0.0639975
-0.60273301,-0.159994
-0.60253301,-0.127995
-0.60233301,-0.127995
-0.60213301,-0.0639975
-0.60193301,-0.159994
-0.60173301,-0.0959963
-0.60153301,-0.0319988
-0.60133301,-0.127995
-0.60113301,-0.0959963
-0.60093301,-0.127995
-0.60073301,-0.127995
-0.60053301,-0.127995
-0.60033301,-0.0959963
-0.60013301,-0.0959963
-0.59993301,-0.0959963
-0.59973301,-0.0959963
-0.59953301,-0.127995
-0.59933301,-0.0959963
-0.59913301,-0.0639975
-0.59893301,-0.0959963
-0.59873301,-0.127995
-0.59853301,-0.0639975
-0.59833301,-0.127995
-0.59813301,-0.127995
-0.59793301,-0.0959963
-0.59773301,-0.159994
-0.59753301,-0.0959963
-0.59733301,-0.0959963
-0.59713301,-0.127995
-0.59693301,-0.0959963
-0.59673301,-0.0959963
-0.59653301,-0.159994
-0.59633301,-0.127995
-0.59613301,-0.0959963
-0.59593301,-0.127995
-0.59573301,-0.0959963
-0.59553301,-0.0959963
-0.59533301,-0.127995
-0.59513301,-0.0639975
-0.59493301,-0.0959963
-0.59473301,-0.159994
-0.59453301,-0.0639975
-0.59433301,-0.127995
-0.59413301,-0.0959963
-0.59393301,-0.0639975
-0.59373301,-0.0959963
-0.59353301,-0.0959963
-0.59333301,-0.127995
-0.59313301,-0.127995
-0.59293301,-0.127995
-0.59273301,-0.0959963
-0.59253301,-0.0959963
-0.59233301,-0.0959963
-0.59213301,-0.0639975
-0.59193301,-0.0639975
-0.59173301,-0.127995
-0.59153301,-0.0959963
-0.59133301,-0.0959963
-0.59113301,-0.0959963
-0.59093301,-0.0959963
-0.59073301,-0.0959963
-0.59053301,-0.0959963
-0.59033301,-0.0639975
-0.59013301,-0.0319988
-0.58993301,-0.0959963
-0.58973301,-0.0959963
-0.58953301,-0.0319988
-0.58933301,-0.0959963
-0.58913301,-0.0639975
-0.58893301,-0.0959963
-0.58873301,-0.127995
-0.58853301,-0.0639975
-0.58833301,-0.0639975
-0.58813301,-0.0639975
-0.58793301,-0.0639975
-0.58773301,-0.0639975
-0.58753301,-0.0959963
-0.58733301,-0.0639975
-0.58713301,-0.0639975
-0.58693301,-0.0959963
-0.58673301,-0.0319988
-0.58653301,-0.0319988
-0.58633301,-0.0639975
-0.58613301,-0.0319988
-0.58593301,-0.0639975
-0.58573301,-0.0639975
-0.58553301,-0.0639975
-0.58533301,-0.0319988
-0.58513301,-0.0959963
-0.58493301,-0.0959963
-0.58473301,-0.0639975
-0.58453301,-0.0639975
-0.58433301,-0.0959963
-0.58413301,-0.0319988
-0.58393301,-0.0639975
-0.58373301,-0.0319988
-0.58353301,-0.0319988
-0.58333301,-0.0639975
-0.58313301,-0.0639975
-0.58293301,-0.0639975
-0.58273301,-0.0639975
-0.58253301,-0.0319988
-0.58233301,-0.0319988
-0.58213301,-0.0319988
-0.58193301,-0.0319988
-0.58173301,0
-0.58153301,-0.0639975
-0.58133301,-0.0319988
-0.58113301,-0.0319988
-0.58093301,-0.0319988
-0.58073301,0
-0.58053301,-0.0319988
-0.58033301,0
-0.58013301,-0.0319988
-0.57993301,-0.0639975
-0.57973301,-0.0639975
-0.57953301,0
-0.57933301,0
-0.57913301,-0.0319988
-0.57893301,0
-0.57873301,0
-0.57853301,0
-0.57833301,0.0319988
-0.57813301,0
-0.57793301,-0.0319988
-0.57773301,0
-0.57753301,0.0319988
-0.57733301,0
-0.57713301,0
-0.57693301,0.0639975
-0.57673301,0
-0.57653301,-0.0319988
-0.57633301,0.0319988
-0.57613301,0
-0.57593301,0
-0.57573301,0
-0.57553301,0
-0.57533301,0
-0.57513301,0.0319988
-0.57493301,0
-0.57473301,0.0639975
-0.57453301,0.0319988
-0.57433301,-0.0319988
-0.57413301,0.0639975
-0.57393301,0.0639975
-0.57373301,0
-0.57353301,0.0319988
-0.57333301,0.0319988
-0.57313301,0
-0.57293301,0.0319988
-0.57273301,0.0319988
-0.57253301,0.0319988
-0.57233301,0
-0.57213301,0.0319988
-0.57193301,0.0319988
-0.57173301,0.0319988
-0.57153301,0.0319988
-0.57133301,-0.0319988
-0.57113301,0.0319988
-0.57093301,0.0319988
-0.57073301,0.0319988
-0.57053301,0
-0.57033301,0.0319988
-0.57013301,0.0319988
-0.56993301,0.0319988
-0.56973301,0
-0.56953301,0
-0.56933301,0
-0.56913301,0.0319988
-0.56893301,0
-0.56873301,0
-0.56853301,0.0319988
-0.56833301,-0.0319988
-0.56813301,0.0319988
-0.56793301,0.0639975
-0.56773301,0.0319988
-0.56753301,0.0319988
-0.56733301,0
-0.56713301,0.0319988
-0.56693301,0.0639975
-0.56673301,0
-0.56653301,0
-0.56633301,0
-0.56613301,0.0639975
-0.56593301,0
-0.56573301,0.0639975
-0.56553301,0.0639975
-0.56533301,0
-0.56513301,0.0319988
-0.56493301,0.0639975
-0.56473301,0.0319988
-0.56453301,0.0639975
-0.56433301,0.0639975
-0.56413301,0
-0.56393301,0.0639975
-0.56373301,0
-0.56353301,0
-0.56333301,0.0639975
-0.56313301,0.0639975
-0.56293301,0.0319988
-0.56273301,0.0639975
-0.56253301,0.0639975
-0.56233301,0.0639975
-0.56213301,0.0639975
-0.56193301,0.0639975
-0.56173301,0.0319988
-0.56153301,0.0319988
-0.56133301,0.0639975
-0.56113301,0
-0.56093301,0.0319988
-0.56073301,0.0639975
-0.56053301,0.0639975
-0.56033301,0.0319988
-0.56013301,0.0639975
-0.55993301,0.0639975
-0.55973301,0.0639975
-0.55953301,0.0639975
-0.55933301,0.0639975
-0.55913301,0.0639975
-0.55893301,0.0639975
-0.55873301,0.0959963
-0.55853301,0.0639975
-0.55833301,0.0959963
-0.55813301,0.0639975
-0.55793301,0.0639975
-0.55773301,0.0639975
-0.55753301,0.0639975
-0.55733301,0.0959963
-0.55713301,0.0959963
-0.55693301,0.0959963
-0.55673301,0.0959963
-0.55653301,0.0959963
-0.55633301,0.0959963
-0.55613301,0.0639975
-0.55593301,0.0639975
-0.55573301,0.0959963
-0.55553301,0.0959963
-0.55533301,0.0959963
-0.55513301,0.0959963
-0.55493301,0.0959963
-0.55473301,0.0959963
-0.55453301,0.0959963
-0.55433301,0.0959963
-0.55413301,0.127995
-0.55393301,0.0639975
-0.55373301,0.127995
-0.55353301,0.127995
-0.55333301,0.127995
-0.55313301,0.127995
-0.55293301,0.0959963
-0.55273301,0.127995
-0.55253301,0.127995
-0.55233301,0.0959963
-0.55213301,0.127995
-0.55193301,0.0959963
-0.55173301,0.127995
-0.55153301,0.0959963
-0.55133301,0.127995
-0.55113301,0.0959963
-0.55093301,0.159994
-0.55073301,0.0959963
-0.55053301,0.127995
-0.55033301,0.127995
-0.55013301,0.127995
-0.54993301,0.127995
-0.54973301,0.127995
-0.54953301,0.159994
-0.54933301,0.0959963
-0.54913301,0.127995
-0.54893301,0.127995
-0.54873301,0.0959963
-0.54853301,0.159994
-0.54833301,0.159994
-0.54813301,0.127995
-0.54793301,0.0959963
-0.54773301,0.127995
-0.54753301,0.0959963
-0.54733301,0.0959963
-0.54713301,0.127995
-0.54693301,0.127995
-0.54673301,0.127995
-0.54653301,0.0959963
-0.54633301,0.127995
-0.54613301,0.127995
-0.54593301,0.159994
-0.54573301,0.159994
-0.54553301,0.127995
-0.54533301,0.159994
-0.54513301,0.127995
-0.54493301,0.159994
-0.54473301,0.191993
-0.54453301,0.127995
-0.54433301,0.159994
-0.54413301,0.127995
-0.54393301,0.127995
-0.54373301,0.159994
-0.54353301,0.127995
-0.54333301,0.127995
-0.54313301,0.127995
-0.54293301,0.191993
-0.54273301,0.159994
-0.54253301,0.159994
-0.54233301,0.223991
-0.54213301,0.159994
-0.54193301,0.159994
-0.54173301,0.159994
-0.54153301,0.191993
-0.54133301,0.223991
-0.54113301,0.159994
-0.54093301,0.191993
-0.54073301,0.159994
-0.54053301,0.191993
-0.54033301,0.159994
-0.54013301,0.159994
-0.53993301,0.25599
-0.53973301,0.191993
-0.53953301,0.223991
-0.53933301,0.223991
-0.53913301,0.191993
-0.53893301,0.191993
-0.53873301,0.191993
-0.53853301,0.191993
-0.53833301,0.191993
-0.53813301,0.223991
-0.53793301,0.191993
-0.53773301,0.25599
-0.53753301,0.25599
-0.53733301,0.223991
-0.53713301,0.25599
-0.53693301,0.223991
-0.53673301,0.223991
-0.53653301,0.223991
-0.53633301,0.191993
-0.53613301,0.191993
-0.53593301,0.223991
-0.53573301,0.223991
-0.53553301,0.191993
-0.53533301,0.25599
-0.53513301,0.25599
-0.53493301,0.25599
-0.53473301,0.159994
-0.53453301,0.287989
-0.53433301,0.223991
-0.53413301,0.25599
-0.53393301,0.25599
-0.53373301,0.25599
-0.53353301,0.287989
-0.53333301,0.25599
-0.53313301,0.191993
-0.53293301,0.25599
-0.53273301,0.25599
-0.53253301,0.25599
-0.53233301,0.25599
-0.53213301,0.287989
-0.53193301,0.287989
-0.53173301,0.25599
-0.53153301,0.25599
-0.53133301,0.287989
-0.53113301,0.25599
-0.53093301,0.25599
-0.53073301,0.287989
-0.53053301,0.287989
-0.53033301,0.287989
-0.53013301,0.319988
-0.52993301,0.25599
-0.52973301,0.319988
-0.52953301,0.287989
-0.52933301,0.287989
-0.52913301,0.319988
-0.52893301,0.319988
-0.52873301,0.319988
-0.52853301,0.25599
-0.52833301,0.287989
-0.52813301,0.319988
-0.52793301,0.287989
-0.52773301,0.351986
-0.52753301,0.319988
-0.52733301,0.351986
-0.52713301,0.287989
-0.52693301,0.287989
-0.52673301,0.319988
-0.52653301,0.287989
-0.52633301,0.319988
-0.52613301,0.351986
-0.52593301,0.287989
-0.52573301,0.319988
-0.52553301,0.319988
-0.52533301,0.319988
-0.52513301,0.319988
-0.52493301,0.319988
-0.52473301,0.287989
-0.52453301,0.319988
-0.52433301,0.319988
-0.52413301,0.351986
-0.52393301,0.319988
-0.52373301,0.351986
-0.52353301,0.319988
-0.52333301,0.319988
-0.52313301,0.351986
-0.52293301,0.351986
-0.52273301,0.351986
-0.52253301,0.383985
-0.52233301,0.351986
-0.52213301,0.319988
-0.52193301,0.383985
-0.52173301,0.319988
-0.52153301,0.351986
-0.52133301,0.351986
-0.52113301,0.319988
-0.52093301,0.287989
-0.52073301,0.351986
-0.52053301,0.319988
-0.52033301,0.319988
-0.52013301,0.351986
-0.51993301,0.351986
-0.51973301,0.383985
-0.51953301,0.319988
-0.51933301,0.351986
-0.51913301,0.319988
-0.51893301,0.351986
-0.51873301,0.351986
-0.51853301,0.351986
-0.51833301,0.383985
-0.51813301,0.287989
-0.51793301,0.351986
-0.51773301,0.351986
-0.51753301,0.351986
-0.51733301,0.287989
-0.51713301,0.351986
-0.51693301,0.319988
-0.51673301,0.319988
-0.51653301,0.351986
-0.51633301,0.319988
-0.51613301,0.351986
-0.51593301,0.351986
-0.51573301,0.319988
-0.51553301,0.351986
-0.51533301,0.351986
-0.51513301,0.319988
-0.51493301,0.351986
-0.51473301,0.351986
-0.51453301,0.319988
-0.51433301,0.319988
-0.51413301,0.383985
-0.51393301,0.319988
-0.51373301,0.351986
-0.51353301,0.351986
-0.51333301,0.319988
-0.51313301,0.351986
-0.51293301,0.351986
-0.51273301,0.319988
-0.51253301,0.351986
-0.51233301,0.351986
-0.51213301,0.319988
-0.51193301,0.319988
-0.51173301,0.351986
-0.51153301,0.351986
-0.51133301,0.319988
-0.51113301,0.351986
-0.51093301,0.319988
-0.51073301,0.319988
-0.51053301,0.383985
-0.51033301,0.319988
-0.51013301,0.287989
-0.50993301,0.383985
-0.50973301,0.351986
-0.50953301,0.319988
-0.50933301,0.351986
-0.50913301,0.287989
-0.50893301,0.351986
-0.50873301,0.351986
-0.50853301,0.351986
-0.50833301,0.319988
-0.50813301,0.383985
-0.50793301,0.319988
-0.50773301,0.287989
-0.50753301,0.351986
-0.50733301,0.319988
-0.50713301,0.287989
-0.50693301,0.383985
-0.50673301,0.319988
-0.50653301,0.319988
-0.50633301,0.383985
-0.50613301,0.319988
-0.50593301,0.319988
-0.50573301,0.351986
-0.50553301,0.287989
-0.50533301,0.287989
-0.50513301,0.351986
-0.50493301,0.351986
-0.50473301,0.319988
-0.50453301,0.319988
-0.50433301,0.319988
-0.50413301,0.319988
-0.50393301,0.319988
-0.50373301,0.319988
-0.50353301,0.319988
-0.50333301,0.351986
-0.50313301,0.287989
-0.50293301,0.319988
-0.50273301,0.351986
-0.50253301,0.319988
-0.50233301,0.287989
-0.50213301,0.351986
-0.50193301,0.287989
-0.50173301,0.319988
-0.50153301,0.319988
-0.50133301,0.319988
-0.50113301,0.287989
-0.50093301,0.25599
-0.50073301,0.319988
-0.50053301,0.25599
-0.50033301,0.287989
-0.50013301,0.287989
-0.49993301,0.319988
-0.49973301,0.319988
-0.49953301,0.319988
-0.49933301,0.287989
-0.49913301,0.287989
-0.49893301,0.25599
-0.49873301,0.319988
-0.49853301,0.287989
-0.49833301,0.287989
-0.49813301,0.25599
-0.49793301,0.287989
-0.49773301,0.25599
-0.49753301,0.287989
-0.49733301,0.319988
-0.49713301,0.25599
-0.49693301,0.287989
-0.49673301,0.287989
-0.49653301,0.25599
-0.49633301,0.287989
-0.49613301,0.319988
-0.49593301,0.223991
-0.49573301,0.287989
-0.49553301,0.287989
-0.49533301,0.25599
-0.49513301,0.287989
-0.49493301,0.287989
-0.49473301,0.287989
-0.49453301,0.25599
-0.49433301,0.287989
-0.49413301,0.25599
-0.49393301,0.25599
-0.49373301,0.25599
-0.49353301,0.25599
-0.49333301,0.223991
-0.49313301,0.287989
-0.49293301,0.223991
-0.49273301,0.25599
-0.49253301,0.287989
-0.49233301,0.25599
-0.49213301,0.25599
-0.49193301,0.287989
-0.49173301,0.223991
-0.49153301,0.25599
-0.49133301,0.25599
-0.49113301,0.25599
-0.49093301,0.25599
-0.49073301,0.25599
-0.49053301,0.25599
-0.49033301,0.25599
-0.49013301,0.25599
-0.48993301,0.223991
-0.48973301,0.25599
-0.48953301,0.25599
-0.48933301,0.223991
-0.48913301,0.25599
-0.48893301,0.223991
-0.48873301,0.25599
-0.48853301,0.223991
-0.48833301,0.223991
-0.48813301,0.223991
-0.48793301,0.223991
-0.48773301,0.25599
-0.48753301,0.223991
-0.48733301,0.191993
-0.48713301,0.223991
-0.48693301,0.223991
-0.48673301,0.223991
-0.48653301,0.25599
-0.48633301,0.223991
-0.48613301,0.223991
-0.48593301,0.287989
-0.48573301,0.191993
-0.48553301,0.25599
-0.48533301,0.191993
-0.48513301,0.223991
-0.48493301,0.191993
-0.48473301,0.223991
-0.48453301,0.223991
-0.48433301,0.223991
-0.48413301,0.25599
-0.48393301,0.223991
-0.48373301,0.223991
-0.48353301,0.223991
-0.48333301,0.159994
-0.48313301,0.25599
-0.48293301,0.223991
-0.48273301,0.191993
-0.48253301,0.191993
-0.48233301,0.159994
-0.48213301,0.127995
-0.48193301,0.223991
-0.48173301,0.223991
-0.48153301,0.223991
-0.48133301,0.223991
-0.48113301,0.223991
-0.48093301,0.191993
-0.48073301,0.191993
-0.48053301,0.191993
-0.48033301,0.223991
-0.48013301,0.191993
-0.47993301,0.223991
-0.47973301,0.159994
-0.47953301,0.191993
-0.47933301,0.191993
-0.47913301,0.191993
-0.47893301,0.191993
-0.47873301,0.191993
-0.47853301,0.191993
-0.47833301,0.191993
-0.47813301,0.191993
-0.47793301,0.159994
-0.47773301,0.159994
-0.47753301,0.159994
-0.47733301,0.159994
-0.47713301,0.191993
-0.47693301,0.191993
-0.47673301,0.159994
-0.47653301,0.159994
-0.47633301,0.191993
-0.47613301,0.159994
-0.47593301,0.191993
-0.47573301,0.191993
-0.47553301,0.159994
-0.47533301,0.191993
-0.47513301,0.127995
-0.47493301,0.127995
-0.47473301,0.159994
-0.47453301,0.127995
-0.47433301,0.159994
-0.47413301,0.159994
-0.47393301,0.159994
-0.47373301,0.191993
-0.47353301,0.191993
-0.47333301,0.127995
-0.47313301,0.159994
-0.47293301,0.0959963
-0.47273301,0.191993
-0.47253301,0.127995
-0.47233301,0.127995
-0.47213301,0.159994
-0.47193301,0.127995
-0.47173301,0.159994
-0.47153301,0.127995
-0.47133301,0.127995
-0.47113301,0.127995
-0.47093301,0.159994
-0.47073301,0.127995
-0.47053301,0.159994
-0.47033301,0.127995
-0.47013301,0.0959963
-0.46993301,0.0959963
-0.46973301,0.159994
-0.46953301,0.127995
-0.46933301,0.127995
-0.46913301,0.0959963
-0.46893301,0.0639975
-0.46873301,0.0639975
-0.46853301,0.127995
-0.46833301,0.0959963
-0.46813301,0.127995
-0.46793301,0.127995
-0.46773301,0.127995
-0.46753301,0.0639975
-0.46733301,0.127995
-0.46713301,0.0959963
-0.46693301,0.127995
-0.46673301,0.127995
-0.46653301,0.0959963
-0.46633301,0.0959963
-0.46613301,0.127995
-0.46593301,0.0959963
-0.46573301,0.0959963
-0.46553301,0.0959963
-0.46533301,0.0959963
-0.46513301,0.0319988
-0.46493301,0.0959963
-0.46473301,0.0959963
-0.46453301,0.127995
-0.46433301,0.0959963
-0.46413301,0.127995
-0.46393301,0.0959963
-0.46373301,0.127995
-0.46353301,0.0959963
-0.46333301,0.0639975
-0.46313301,0.0639975
-0.46293301,0.0959963
-0.46273301,0.0959963
-0.46253301,0.127995
-0.46233301,0.127995
-0.46213301,0.0639975
-0.46193301,0.0319988
-0.46173301,0.0639975
-0.46153301,0.0639975
-0.46133301,0.0639975
-0.46113301,0.0639975
-0.46093301,0.0319988
-0.46073301,0.0319988
-0.46053301,0.0319988
-0.46033301,0.0639975
-0.46013301,0.0639975
-0.45993301,0.0639975
-0.45973301,0.0639975
-0.45953301,0.0639975
-0.45933301,0.0319988
-0.45913301,0.0319988
-0.45893301,0.0319988
-0.45873301,0.0319988
-0.45853301,0.0639975
-0.45833301,0.0319988
-0.45813301,0
-0.45793301,0.0319988
-0.45773301,0.0319988
-0.45753301,0.0319988
-0.45733301,0.0639975
-0.45713301,0.0959963
-0.45693301,0.0639975
-0.45673301,0
-0.45653301,0.0319988
-0.45633301,0.0319988
-0.45613301,0.0319988
-0.45593301,0.0319988
-0.45573301,0.0639975
-0.45553301,0.0319988
-0.45533301,0.0959963
-0.45513301,0.0319988
-0.45493301,0
-0.45473301,0.0639975
-0.45453301,0.0639975
-0.45433301,0.0319988
-0.45413301,0.0319988
-0.45393301,0.0319988
-0.45373301,0.0639975
-0.45353301,0.0319988
-0.45333301,0.0319988
-0.45313301,0.0319988
-0.45293301,0.0319988
-0.45273301,0
-0.45253301,0.0319988
-0.45233301,0.0639975
-0.45213301,0.0319988
-0.45193301,0
-0.45173301,0
-0.45153301,0.0319988
-0.45133301,0.0639975
-0.45113301,0.0639975
-0.45093301,0.0639975
-0.45073301,0.0319988
-0.45053301,0
-0.45033301,0.0639975
-0.45013301,0.0639975
-0.44993301,0.0319988
-0.44973301,0.0319988
-0.44953301,0
-0.44933301,0.0319988
-0.44913301,0
-0.44893301,0
-0.44873301,0.0319988
-0.44853301,0.0319988
-0.44833301,0
-0.44813301,0.0319988
-0.44793301,0.0639975
-0.44773301,-0.0319988
-0.44753301,0
-0.44733301,0.0319988
-0.44713301,0
-0.44693301,0.0319988
-0.44673301,0.0319988
-0.44653301,-0.0319988
-0.44633301,0
-0.44613301,0
-0.44593301,0.0319988
-0.44573301,0.0319988
-0.44553301,0
-0.44533301,-0.0319988
-0.44513301,0.0639975
-0.44493301,0.0319988
-0.44473301,0.0319988
-0.44453301,0.0319988
-0.44433301,0
-0.44413301,-0.0319988
-0.44393301,0
-0.44373301,0.0319988
-0.44353301,0.0319988
-0.44333301,0.0319988
-0.44313301,0
-0.44293301,0.0319988
-0.44273301,0
-0.44253301,0
-0.44233301,-0.0639975
-0.44213301,0.0319988
-0.44193301,0.0319988
-0.44173301,0
-0.44153301,0.0319988
-0.44133301,0
-0.44113301,-0.0319988
-0.44093301,0
-0.44073301,0
-0.44053301,0
-0.44033301,0.0319988
-0.44013301,-0.0319988
-0.43993301,0
-0.43973301,0
-0.43953301,0.0319988
-0.43933301,0.0319988
-0.43913301,0
-0.43893301,0.0319988
-0.43873301,0
-0.43853301,0.0319988
-0.43833301,0
-0.43813301,-0.0319988
-0.43793301,0
-0.43773301,0
-0.43753301,0
-0.43733301,-0.0319988
-0.43713301,0
-0.43693301,0
-0.43673301,0
-0.43653301,-0.0319988
-0.43633301,-0.0319988
-0.43613301,-0.0319988
-0.43593301,-0.0319988
-0.43573301,-0.0639975
-0.43553301,-0.0319988
-0.43533301,0
-0.43513301,-0.0639975
-0.43493301,0
-0.43473301,-0.0319988
-0.43453301,-0.0639975
-0.43433301,-0.0319988
-0.43413301,0
-0.43393301,-0.0319988
-0.43373301,-0.0319988
-0.43353301,-0.0319988
-0.43333301,-0.0639975
-0.43313301,-0.0319988
-0.43293301,-0.0319988
-0.43273301,-0.0639975
-0.43253301,-0.0639975
-0.43233301,-0.0319988
-0.43213301,-0.0319988
-0.43193301,-0.0319988
-0.43173301,-0.0319988
-0.43153301,-0.0639975
-0.43133301,-0.0319988
-0.43113301,-0.0639975
-0.43093301,-0.0319988
-0.43073301,-0.0319988
-0.43053301,-0.0319988
-0.43033301,-0.0639975
-0.43013301,0
-0.42993301,-0.0319988
-0.42973301,0
-0.42953301,-0.0319988
-0.42933301,0.0319988
-0.42913301,-0.0319988
-0.42893301,0
-0.42873301,0.0319988
-0.42853301,-0.0319988
-0.42833301,-0.0319988
-0.42813301,0
-0.42793301,-0.0639975
-0.42773301,-0.0319988
-0.42753301,0
-0.42733301,-0.0639975
-0.42713301,-0.0319988
-0.42693301,0.0319988
-0.42673301,-0.0319988
-0.42653301,-0.0319988
-0.42633301,0
-0.42613301,-0.0319988
-0.42593301,-0.0319988
-0.42573301,0
-0.42553301,-0.0639975
-0.42533301,-0.0319988
-0.42513301,0
-0.42493301,0
-0.42473301,0
-0.42453301,0.0319988
-0.42433301,-0.0639975
-0.42413301,-0.0319988
-0.42393301,-0.0639975
-0.42373301,-0.0639975
-0.42353301,-0.0319988
-0.42333301,0
-0.42313301,-0.0319988
-0.42293301,-0.0319988
-0.42273301,-0.0319988
-0.42253301,-0.0639975
-0.42233301,0
-0.42213301,0
-0.42193301,-0.0639975
-0.42173301,-0.0319988
-0.42153301,0
-0.42133301,-0.0639975
-0.42113301,-0.0639975
-0.42093301,-0.0319988
-0.42073301,-0.0639975
-0.42053301,-0.0319988
-0.42033301,0
-0.42013301,-0.0639975
-0.41993301,-0.0319988
-0.41973301,-0.0639975
-0.41953301,-0.0639975
-0.41933301,-0.0639975
-0.41913301,-0.0319988
-0.41893301,-0.0959963
-0.41873301,-0.0319988
-0.41853301,-0.0319988
-0.41833301,-0.0639975
-0.41813301,-0.0639975
-0.41793301,-0.0639975
-0.41773301,-0.0639975
-0.41753301,-0.0319988
-0.41733301,-0.0959963
-0.41713301,-0.0639975
-0.41693301,-0.0319988
-0.41673301,-0.0319988
-0.41653301,-0.0319988
-0.41633301,-0.0639975
-0.41613301,0.0319988
-0.41593301,-0.0319988
-0.41573301,-0.0959963
-0.41553301,-0.0319988
-0.41533301,-0.0639975
-0.41513301,-0.0319988
-0.41493301,0
-0.41473301,-0.0639975
-0.41453301,-0.0639975
-0.41433301,-0.0319988
-0.41413301,-0.0959963
-0.41393301,-0.0319988
-0.41373301,-0.0639975
-0.41353301,-0.0959963
-0.41333301,-0.0639975
-0.41313301,-0.0639975
-0.41293301,-0.0639975
-0.41273301,-0.0639975
-0.41253301,-0.0319988
-0.41233301,-0.0959963
-0.41213301,0
-0.41193301,-0.0319988
-0.41173301,-0.0959963
-0.41153301,-0.0959963
-0.41133301,-0.0639975
-0.41113301,-0.0639975
-0.41093301,-0.0319988
-0.41073301,-0.0319988
-0.41053301,-0.0639975
-0.41033301,-0.0319988
-0.41013301,0
-0.40993301,-0.0319988
-0.40973301,-0.0319988
-0.40953301,-0.0319988
-0.40933301,-0.0639975
-0.40913301,-0.0319988
-0.40893301,-0.0319988
-0.40873301,-0.0639975
-0.40853301,0
-0.40833301,-0.0319988
-0.40813301,-0.0319988
-0.40793301,-0.0319988
-0.40773301,0
-0.40753301,-0.0319988
-0.40733301,-0.0319988
-0.40713301,-0.0639975
-0.40693301,-0.0319988
-0.40673301,-0.0319988
-0.40653301,-0.0319988
-0.40633301,-0.0959963
-0.40613301,-0.0639975
-0.40593301,0
-0.40573301,-0.0639975
-0.40553301,-0.0319988
-0.40533301,0
-0.40513301,-0.0959963
-0.40493301,-0.0639975
-0.40473301,-0.0319988
-0.40453301,-0.0959963
-0.40433301,-0.0959963
-0.40413301,-0.0639975
-0.40393301,-0.0959963
-0.40373301,-0.0639975
-0.40353301,-0.0959963
-0.40333301,-0.0959963
-0.40313301,-0.0639975
-0.40293301,-0.0959963
-0.40273301,-0.127995
-0.40253301,-0.0319988
-0.40233301,-0.127995
-0.40213301,-0.0959963
-0.40193301,-0.0639975
-0.40173301,-0.0959963
-0.40153301,-0.0959963
-0.40133301,-0.0319988
-0.40113301,-0.0959963
-0.40093301,-0.127995
-0.40073301,-0.0959963
-0.40053301,-0.127995
-0.40033301,-0.127995
-0.40013301,-0.0959963
-0.39993301,-0.127995
-0.39973301,-0.0959963
-0.39953301,-0.0959963
-0.39933301,-0.0959963
-0.39913301,-0.127995
-0.39893301,-0.127995
-0.39873301,-0.191993
-0.39853301,-0.159994
-0.39833301,-0.0959963
-0.39813301,-0.127995
-0.39793301,-0.127995
-0.39773301,-0.159994
-0.39753301,-0.159994
-0.39733301,-0.159994
-0.39713301,-0.127995
-0.39693301,-0.127995
-0.39673301,-0.159994
-0.39653301,-0.159994
-0.39633301,-0.159994
-0.39613301,-0.191993
-0.39593301,-0.191993
-0.39573301,-0.191993
-0.39553301,-0.191993
-0.39533301,-0.159994
-0.39513301,-0.127995
-0.39493301,-0.223991
-0.39473301,-0.191993
-0.39453301,-0.191993
-0.39433301,-0.191993
-0.39413301,-0.191993
-0.39393301,-0.159994
-0.39373301,-0.191993
-0.39353301,-0.25599
-0.39333301,-0.159994
-0.39313301,-0.223991
-0.39293301,-0.223991
-0.39273301,-0.191993
-0.39253301,-0.191993
-0.39233301,-0.191993
-0.39213301,-0.159994
-0.39193301,-0.191993
-0.39173301,-0.191993
-0.39153301,-0.159994
-0.39133301,-0.159994
-0.39113301,-0.191993
-0.39093301,-0.159994
-0.39073301,-0.223991
-0.39053301,-0.223991
-0.39033301,-0.191993
-0.39013301,-0.223991
-0.38993301,-0.191993
-0.38973301,-0.191993
-0.38953301,-0.191993
-0.38933301,-0.223991
-0.38913301,-0.191993
-0.38893301,-0.25599
-0.38873301,-0.25599
-0.38853301,-0.223991
-0.38833301,-0.25599
-0.38813301,-0.223991
-0.38793301,-0.191993
-0.38773301,-0.191993
-0.38753301,-0.223991
-0.38733301,-0.159994
-0.38713301,-0.223991
-0.38693301,-0.223991
-0.38673301,-0.223991
-0.38653301,-0.223991
-0.38633301,-0.223991
-0.38613301,-0.191993
-0.38593301,-0.223991
-0.38573301,-0.223991
-0.38553301,-0.25599
-0.38533301,-0.25599
-0.38513301,-0.287989
-0.38493301,-0.191993
-0.38473301,-0.25599
-0.38453301,-0.287989
-0.38433301,-0.223991
-0.38413301,-0.25599
-0.38393301,-0.223991
-0.38373301,-0.223991
-0.38353301,-0.25599
-0.38333301,-0.223991
-0.38313301,-0.191993
-0.38293301,-0.223991
-0.38273301,-0.191993
-0.38253301,-0.25599
-0.38233301,-0.223991
-0.38213301,-0.25599
-0.38193301,-0.191993
-0.38173301,-0.25599
-0.38153301,-0.223991
-0.38133301,-0.223991
-0.38113301,-0.25599
-0.38093301,-0.25599
-0.38073301,-0.191993
-0.38053301,-0.25599
-0.38033301,-0.25599
-0.38013301,-0.159994
-0.37993301,-0.25599
-0.37973301,-0.25599
-0.37953301,-0.191993
-0.37933301,-0.25599
-0.37913301,-0.25599
-0.37893301,-0.191993
-0.37873301,-0.191993
-0.37853301,-0.191993
-0.37833301,-0.191993
-0.37813301,-0.25599
-0.37793301,-0.223991
-0.37773301,-0.191993
-0.37753301,-0.25599
-0.37733301,-0.25599
-0.37713301,-0.191993
-0.37693301,-0.223991
-0.37673301,-0.191993
-0.37653301,-0.223991
-0.37633301,-0.25599
-0.37613301,-0.25599
-0.37593301,-0.191993
-0.37573301,-0.223991
-0.37553301,-0.191993
-0.37533301,-0.191993
-0.37513301,-0.223991
-0.37493301,-0.191993
-0.37473301,-0.191993
-0.37453301,-0.25599
-0.37433301,-0.25599
-0.37413301,-0.191993
-0.37393301,-0.191993
-0.37373301,-0.223991
-0.37353301,-0.191993
-0.37333301,-0.25599
-0.37313301,-0.25599
-0.37293301,-0.25599
-0.37273301,-0.25599
-0.37253301,-0.191993
-0.37233301,-0.223991
-0.37213301,-0.191993
-0.37193301,-0.25599
-0.37173301,-0.159994
-0.37153301,-0.191993
-0.37133301,-0.191993
-0.37113301,-0.191993
-0.37093301,-0.191993
-0.37073301,-0.223991
-0.37053301,-0.223991
-0.37033301,-0.223991
-0.37013301,-0.191993
-0.36993301,-0.191993
-0.36973301,-0.223991
-0.36953301,-0.191993
-0.36933301,-0.159994
-0.36913301,-0.191993
-0.36893301,-0.223991
-0.36873301,-0.191993
-0.36853301,-0.223991
-0.36833301,-0.25599
-0.36813301,-0.191993
-0.36793301,-0.191993
-0.36773301,-0.191993
-0.36753301,-0.159994
-0.36733301,-0.191993
-0.36713301,-0.191993
-0.36693301,-0.159994
-0.36673301,-0.191993
-0.36653301,-0.159994
-0.36633301,-0.191993
-0.36613301,-0.223991
-0.36593301,-0.159994
-0.36573301,-0.159994
-0.36553301,-0.191993
-0.36533301,-0.191993
-0.36513301,-0.127995
-0.36493301,-0.191993
-0.36473301,-0.159994
-0.36453301,-0.159994
-0.36433301,-0.25599
-0.36413301,-0.159994
-0.36393301,-0.159994
-0.36373301,-0.159994
-0.36353301,-0.159994
-0.36333301,-0.159994
-0.36313301,-0.159994
-0.36293301,-0.159994
-0.36273301,-0.191993
-0.36253301,-0.191993
-0.36233301,-0.191993
-0.36213301,-0.223991
-0.36193301,-0.159994
-0.36173301,-0.159994
-0.36153301,-0.159994
-0.36133301,-0.191993
-0.36113301,-0.191993
-0.36093301,-0.159994
-0.36073301,-0.191993
-0.36053301,-0.191993
-0.36033301,-0.127995
-0.36013301,-0.191993
-0.35993301,-0.159994
-0.35973301,-0.159994
-0.35953301,-0.159994
-0.35933301,-0.159994
-0.35913301,-0.127995
-0.35893301,-0.159994
-0.35873301,-0.127995
-0.35853301,-0.159994
-0.35833301,-0.159994
-0.35813301,-0.159994
-0.35793301,-0.127995
-0.35773301,-0.159994
-0.35753301,-0.0959963
-0.35733301,-0.159994
-0.35713301,-0.159994
-0.35693301,-0.127995
-0.35673301,-0.159994
-0.35653301,-0.191993
-0.35633301,-0.127995
-0.35613301,-0.0959963
-0.35593301,-0.127995
-0.35573301,-0.0959963
-0.35553301,-0.127995
-0.35533301,-0.159994
-0.35513301,-0.0959963
-0.35493301,-0.0639975
-0.35473301,-0.127995
-0.35453301,-0.0959963
-0.35433301,-0.0959963
-0.35413301,-0.0959963
-0.35393301,-0.127995
-0.35373301,-0.0639975
-0.35353301,-0.127995
-0.35333301,-0.127995
-0.35313301,-0.0639975
-0.35293301,-0.0959963
-0.35273301,-0.0959963
-0.35253301,-0.0639975
-0.35233301,-0.0959963
-0.35213301,-0.0959963
-0.35193301,-0.0639975
-0.35173301,-0.0959963
-0.35153301,-0.0959963
-0.35133301,-0.0639975
-0.35113301,-0.127995
-0.35093301,-0.0639975
-0.35073301,-0.0639975
-0.35053301,-0.0959963
-0.35033301,-0.0639975
-0.35013301,-0.0639975
-0.34993301,-0.0959963
-0.34973301,-0.0319988
-0.34953301,-0.0319988
-0.34933301,-0.127995
-0.34913301,-0.0319988
-0.34893301,-0.0639975
-0.34873301,-0.0959963
-0.34853301,-0.0639975
-0.34833301,-0.0319988
-0.34813301,-0.0959963
-0.34793301,-0.0319988
-0.34773301,-0.0319988
-0.34753301,-0.0639975
-0.34733301,0
-0.34713301,-0.0319988
-0.34693301,-0.0639975
-0.34673301,-0.0319988
-0.34653301,-0.0319988
-0.34633301,-0.0639975
-0.34613301,-0.0319988
-0.34593301,-0.0639975
-0.34573301,-0.0959963
-0.34553301,-0.0639975
-0.34533301,-0.0319988
-0.34513301,-0.0959963
-0.34493301,-0.0319988
-0.34473301,-0.0639975
-0.34453301,-0.0639975
-0.34433301,-0.0639975
-0.34413301,-0.0319988
-0.34393301,-0.0319988
-0.34373301,-0.0639975
-0.34353301,-0.0319988
-0.34333301,-0.0639975
-0.34313301,-0.0319988
-0.34293301,-0.0319988
-0.34273301,-0.0319988
-0.34253301,0
-0.34233301,0
-0.34213301,-0.0639975
-0.34193301,0
-0.34173301,0
-0.34153301,0
-0.34133301,0
-0.34113301,0
-0.34093301,-0.0319988
-0.34073301,-0.0319988
-0.34053301,-0.0319988
-0.34033301,-0.0639975
-0.34013301,0
-0.33993301,-0.0639975
-0.33973301,-0.0319988
-0.33953301,0
-0.33933301,0
-0.33913301,0
-0.33893301,0
-0.33873301,0
-0.33853301,-0.0319988
-0.33833301,0
-0.33813301,0
-0.33793301,0
-0.33773301,0.0319988
-0.33753301,-0.0319988
-0.33733301,0
-0.33713301,-0.0319988
-0.33693301,0
-0.33673301,-0.0639975
-0.33653301,0
-0.33633301,0.0319988
-0.33613301,-0.0639975
-0.33593301,-0.0639975
-0.33573301,-0.0319988
-0.33553301,-0.0319988
-0.33533301,-0.0319988
-0.33513301,-0.0319988
-0.33493301,0
-0.33473301,0
-0.33453301,0
-0.33433301,0
-0.33413301,0.0319988
-0.33393301,0.0319988
-0.33373301,0
-0.33353301,0
-0.33333301,0
-0.33313301,-0.0639975
-0.33293301,0
-0.33273301,-0.0639975
-0.33253301,-0.0639975
-0.33233301,0.0319988
-0.33213301,0
-0.33193301,-0.0319988
-0.33173301,-0.0319988
-0.33153301,0
-0.33133301,-0.0319988
-0.33113301,0.0319988
-0.33093301,0.0319988
-0.33073301,0
-0.33053301,0
-0.33033301,0.0319988
-0.33013301,-0.0319988
-0.32993301,0
-0.32973301,-0.0319988
-0.32953301,-0.0319988
-0.32933301,0.0319988
-0.32913301,0
-0.32893301,0
-0.32873301,0.0319988
-0.32853301,0.0639975
-0.32833301,0
-0.32813301,0
-0.32793301,0
-0.32773301,0.0319988
-0.32753301,0.0319988
-0.32733301,0.0639975
-0.32713301,0.0319988
-0.32693301,0.0319988
-0.32673301,0.0319988
-0.32653301,0.0319988
-0.32633301,0.0639975
-0.32613301,0
-0.32593301,0.0319988
-0.32573301,0.0319988
-0.32553301,0
-0.32533301,0
-0.32513301,0.0319988
-0.32493301,0.0319988
-0.32473301,0
-0.32453301,0.0319988
-0.32433301,0.0319988
-0.32413301,0
-0.32393301,0
-0.32373301,0
-0.32353301,-0.0319988
-0.32333301,0.0319988
-0.32313301,0.0319988
-0.32293301,-0.0319988
-0.32273301,0.0319988
-0.32253301,0.0639975
-0.32233301,0.0319988
-0.32213301,0
-0.32193301,0.0319988
-0.32173301,0
-0.32153301,0.0319988
-0.32133301,0.0319988
-0.32113301,0.0319988
-0.32093301,0.0319988
-0.32073301,0
-0.32053301,-0.0639975
-0.32033301,0.0319988
-0.32013301,0.0639975
-0.31993301,0
-0.31973301,0.0319988
-0.31953301,0.0319988
-0.31933301,0
-0.31913301,0
-0.31893301,0
-0.31873301,0.0319988
-0.31853301,0.0319988
-0.31833301,-0.0319988
-0.31813301,-0.0319988
-0.31793301,0
-0.31773301,-0.0319988
-0.31753301,0
-0.31733301,0
-0.31713301,0
-0.31693301,-0.0319988
-0.31673301,-0.0319988
-0.31653301,0
-0.31633301,-0.0319988
-0.31613301,0.0319988
-0.31593301,-0.0319988
-0.31573301,0
-0.31553301,0
-0.31533301,-0.0319988
-0.31513301,0
-0.31493301,0
-0.31473301,0.0319988
-0.31453301,-0.0319988
-0.31433301,0.0319988
-0.31413301,0
-0.31393301,-0.0319988
-0.31373301,0
-0.31353301,0
-0.31333301,-0.0639975
-0.31313301,0
-0.31293301,-0.0639975
-0.31273301,-0.0319988
-0.31253301,-0.0319988
-0.31233301,-0.0319988
-0.31213301,-0.0639975
-0.31193301,-0.0319988
-0.31173301,-0.0319988
-0.31153301,0
-0.31133301,-0.0319988
-0.31113301,0
-0.31093301,-0.0639975
-0.31073301,-0.0639975
-0.31053301,-0.0319988
-0.31033301,0.0319988
-0.31013301,0
-0.30993301,-0.0319988
-0.30973301,-0.0319988
-0.30953301,-0.0639975
-0.30933301,-0.0319988
-0.30913301,-0.0639975
-0.30893301,-0.0319988
-0.30873301,0
-0.30853301,-0.0639975
-0.30833301,0
-0.30813301,-0.0959963
-0.30793301,-0.0639975
-0.30773301,-0.0319988
-0.30753301,-0.0319988
-0.30733301,-0.0639975
-0.30713301,-0.0639975
-0.30693301,-0.0319988
-0.30673301,-0.0319988
-0.30653301,-0.0639975
-0.30633301,-0.0319988
-0.30613301,-0.0639975
-0.30593301,-0.0639975
-0.30573301,-0.0319988
-0.30553301,-0.0639975
-0.30533301,-0.0319988
-0.30513301,0
-0.30493301,-0.0639975
-0.30473301,-0.0639975
-0.30453301,-0.0319988
-0.30433301,-0.0639975
-0.30413301,-0.0639975
-0.30393301,0
-0.30373301,-0.0319988
-0.30353301,-0.0639975
-0.30333301,0
-0.30313301,-0.0319988
-0.30293301,-0.0319988
-0.30273301,-0.0319988
-0.30253301,-0.0319988
-0.30233301,0
-0.30213301,-0.0319988
-0.30193301,-0.0639975
-0.30173301,0
-0.30153301,-0.0319988
-0.30133301,-0.0319988
-0.30113301,-0.0639975
-0.30093301,-0.0319988
-0.30073301,-0.0319988
-0.30053301,-0.0319988
-0.30033301,0
-0.30013301,-0.0319988
-0.29993301,-0.0639975
-0.29973301,0
-0.29953301,-0.0639975
-0.29933301,-0.0639975
-0.29913301,0
-0.29893301,-0.0319988
-0.29873301,-0.0319988
-0.29853301,-0.0319988
-0.29833301,-0.0639975
-0.29813301,0
-0.29793301,0
-0.29773301,-0.0639975
-0.29753301,-0.0639975
-0.29733301,-0.0639975
-0.29713301,0
-0.29693301,-0.0319988
-0.29673301,-0.0319988
-0.29653301,-0.0639975
-0.29633301,-0.0319988
-0.29613301,0
-0.29593301,-0.0639975
-0.29573301,-0.0319988
-0.29553301,-0.0639975
-0.29533301,-0.0319988
-0.29513301,-0.0319988
-0.29493301,-0.0639975
-0.29473301,-0.0639975
-0.29453301,0
-0.29433301,0
-0.29413301,-0.0639975
-0.29393301,-0.0319988
-0.29373301,-0.0319988
-0.29353301,-0.0639975
-0.29333301,-0.0319988
-0.29313301,-0.0639975
-0.29293301,-0.0319988
-0.29273301,-0.0319988
-0.29253301,0
-0.29233301,-0.0319988
-0.29213301,-0.0319988
-0.29193301,0
-0.29173301,-0.0639975
-0.29153301,0
-0.29133301,0
-0.29113301,0
-0.29093301,0
-0.29073301,-0.0639975
-0.29053301,-0.0319988
-0.29033301,-0.0319988
-0.29013301,-0.0319988
-0.28993301,-0.0319988
-0.28973301,0
-0.28953301,0
-0.28933301,-0.0319988
-0.28913301,0.0319988
-0.28893301,0.0319988
-0.28873301,0
-0.28853301,0
-0.28833301,0.0319988
-0.28813301,-0.0319988
-0.28793301,0
-0.28773301,0.0319988
-0.28753301,-0.0639975
-0.28733301,0
-0.28713301,0.0319988
-0.28693301,0
-0.28673301,0
-0.28653301,0
-0.28633301,0.0319988
-0.28613301,0
-0.28593301,0
-0.28573301,0.0319988
-0.28553301,0
-0.28533301,0
-0.28513301,-0.0319988
-0.28493301,-0.0319988
-0.28473301,0
-0.28453301,0
-0.28433301,0
-0.28413301,0.0639975
-0.28393301,0
-0.28373301,0
-0.28353301,0.0319988
-0.28333301,0.0639975
-0.28313301,0.0319988
-0.28293301,0
-0.28273301,0
-0.28253301,0
-0.28233301,0.0319988
-0.28213301,-0.0319988
-0.28193301,0.0639975
-0.28173301,0.0319988
-0.28153301,0.0319988
-0.28133301,0.0319988
-0.28113301,0.0319988
-0.28093301,-0.0319988
-0.28073301,0.0639975
-0.28053301,0.0639975
-0.28033301,0
-0.28013301,0.0319988
-0.27993301,0.0639975
-0.27973301,0
-0.27953301,0.0319988
-0.27933301,0.0639975
-0.27913301,0
-0.27893301,0.0319988
-0.27873301,0.0639975
-0.27853301,0.0639975
-0.27833301,0
-0.27813301,0.0639975
-0.27793301,0.0959963
-0.27773301,0.0639975
-0.27753301,0.0319988
-0.27733301,0.0319988
-0.27713301,0.0639975
-0.27693301,0.0319988
-0.27673301,0.0319988
-0.27653301,0.0319988
-0.27633301,0.0639975
-0.27613301,0.0319988
-0.27593301,0.0639975
-0.27573301,0.0639975
-0.27553301,0
-0.27533301,0.0639975
-0.27513301,0.0639975
-0.27493301,0
-0.27473301,0.0639975
-0.27453301,0.0319988
-0.27433301,0.0639975
-0.27413301,0.0959963
-0.27393301,0.0319988
-0.27373301,0.0319988
-0.27353301,0.0639975
-0.27333301,0.0639975
-0.27313301,0.0639975
-0.27293301,0.0959963
-0.27273301,0.0319988
-0.27253301,0.0959963
-0.27233301,0.0959963
-0.27213301,0.0959963
-0.27193301,0.0959963
-0.27173301,0.127995
-0.27153301,0.0959963
-0.27133301,0.0959963
-0.27113301,0.0639975
-0.27093301,0.0959963
-0.27073301,0.0639975
-0.27053301,0.0639975
-0.27033301,0.0959963
-0.27013301,0.0639975
-0.26993301,0.0959963
-0.26973301,0.0959963
-0.26953301,0.0639975
-0.26933301,0.0639975
-0.26913301,0.0959963
-0.26893301,0.0959963
-0.26873301,0.127995
-0.26853301,0.0959963
-0.26833301,0.127995
-0.26813301,0.0639975
-0.26793301,0.127995
-0.26773301,0.0959963
-0.26753301,0.0959963
-0.26733301,0.0959963
-0.26713301,0.0639975
-0.26693301,0.0959963
-0.26673301,0.127995
-0.26653301,0.0639975
-0.26633301,0.127995
-0.26613301,0.127995
-0.26593301,0.127995
-0.26573301,0.0959963
-0.26553301,0.127995
-0.26533301,0.0959963
-0.26513301,0.127995
-0.26493301,0.0959963
-0.26473301,0.127995
-0.26453301,0.127995
-0.26433301,0.127995
-0.26413301,0.127995
-0.26393301,0.127995
-0.26373301,0.0959963
-0.26353301,0.127995
-0.26333301,0.127995
-0.26313301,0.127995
-0.26293301,0.127995
-0.26273301,0.127995
-0.26253301,0.127995
-0.26233301,0.159994
-0.26213301,0.191993
-0.26193301,0.127995
-0.26173301,0.0959963
-0.26153301,0.159994
-0.26133301,0.127995
-0.26113301,0.127995
-0.26093301,0.159994
-0.26073301,0.159994
-0.26053301,0.127995
-0.26033301,0.159994
-0.26013301,0.127995
-0.25993301,0.159994
-0.25973301,0.159994
-0.25953301,0.159994
-0.25933301,0.191993
-0.25913301,0.159994
-0.25893301,0.159994
-0.25873301,0.159994
-0.25853301,0.159994
-0.25833301,0.159994
-0.25813301,0.191993
-0.25793301,0.191993
-0.25773301,0.159994
-0.25753301,0.159994
-0.25733301,0.191993
-0.25713301,0.127995
-0.25693301,0.159994
-0.25673301,0.159994
-0.25653301,0.127995
-0.25633301,0.159994
-0.25613301,0.159994
-0.25593301,0.191993
-0.25573301,0.159994
-0.25553301,0.127995
-0.25533301,0.159994
-0.25513301,0.191993
-0.25493301,0.127995
-0.25473301,0.159994
-0.25453301,0.159994
-0.25433301,0.191993
-0.25413301,0.159994
-0.25393301,0.191993
-0.25373301,0.159994
-0.25353301,0.191993
-0.25333301,0.127995
-0.25313301,0.191993
-0.25293301,0.159994
-0.25273301,0.191993
-0.25253301,0.223991
-0.25233301,0.191993
-0.25213301,0.191993
-0.25193301,0.159994
-0.25173301,0.159994
-0.25153301,0.191993
-0.25133301,0.191993
-0.25113301,0.159994
-0.25093301,0.191993
-0.25073301,0.223991
-0.25053301,0.191993
-0.25033301,0.159994
-0.25013301,0.191993
-0.24993301,0.191993
-0.24973301,0.159994
-0.24953301,0.191993
-0.24933301,0.159994
-0.24913301,0.191993
-0.24893301,0.159994
-0.24873301,0.159994
-0.24853301,0.159994
-0.24833301,0.223991
-0.24813301,0.159994
-0.24793301,0.191993
-0.24773301,0.159994
-0.24753301,0.159994
-0.24733301,0.159994
-0.24713301,0.223991
-0.24693301,0.191993
-0.24673301,0.159994
-0.24653301,0.191993
-0.24633301,0.159994
-0.24613301,0.223991
-0.24593301,0.159994
-0.24573301,0.191993
-0.24553301,0.159994
-0.24533301,0.159994
-0.24513301,0.191993
-0.24493301,0.159994
-0.24473301,0.159994
-0.24453301,0.191993
-0.24433301,0.191993
-0.24413301,0.191993
-0.24393301,0.159994
-0.24373301,0.127995
-0.24353301,0.191993
-0.24333301,0.191993
-0.24313301,0.191993
-0.24293301,0.191993
-0.24273301,0.223991
-0.24253301,0.191993
-0.24233301,0.159994
-0.24213301,0.127995
-0.24193301,0.159994
-0.24173301,0.127995
-0.24153301,0.159994
-0.24133301,0.191993
-0.24113301,0.159994
-0.24093301,0.159994
-0.24073301,0.191993
-0.24053301,0.191993
-0.24033301,0.159994
-0.24013301,0.159994
-0.23993301,0.159994
-0.23973301,0.127995
-0.23953301,0.191993
-0.23933301,0.159994
-0.23913301,0.127995
-0.23893301,0.191993
-0.23873301,0.159994
-0.23853301,0.127995
-0.23833301,0.191993
-0.23813301,0.127995
-0.23793301,0.159994
-0.23773301,0.127995
-0.23753301,0.159994
-0.23733301,0.127995
-0.23713301,0.191993
-0.23693301,0.127995
-0.23673301,0.159994
-0.23653301,0.127995
-0.23633301,0.159994
-0.23613301,0.0959963
-0.23593301,0.159994
-0.23573301,0.127995
-0.23553301,0.159994
-0.23533301,0.159994
-0.23513301,0.127995
-0.23493301,0.127995
-0.23473301,0.159994
-0.23453301,0.127995
-0.23433301,0.159994
-0.23413301,0.159994
-0.23393301,0.127995
-0.23373301,0.0959963
-0.23353301,0.127995
-0.23333301,0.159994
-0.23313301,0.159994
-0.23293301,0.159994
-0.23273301,0.191993
-0.23253301,0.159994
-0.23233301,0.127995
-0.23213301,0.127995
-0.23193301,0.127995
-0.23173301,0.159994
-0.23153301,0.127995
-0.23133301,0.127995
-0.23113301,0.127995
-0.23093301,0.159994
-0.23073301,0.0959963
-0.23053301,0.0959963
-0.23033301,0.127995
-0.23013301,0.127995
-0.22993301,0.127995
-0.22973301,0.127995
-0.22953301,0.127995
-0.22933301,0.127995
-0.22913301,0.127995
-0.22893301,0.159994
-0.22873301,0.127995
-0.22853301,0.127995
-0.22833301,0.159994
-0.22813301,0.127995
-0.22793301,0.0959963
-0.22773301,0.0959963
-0.22753301,0.127995
-0.22733301,0.127995
-0.22713301,0.0959963
-0.22693301,0.0639975
-0.22673301,0.127995
-0.22653301,0.127995
-0.22633301,0.127995
-0.22613301,0.0959963
-0.22593301,0.0959963
-0.22573301,0.127995
-0.22553301,0.0639975
-0.22533301,0.0639975
-0.22513301,0.0639975
-0.22493301,0.0959963
-0.22473301,0.0959963
-0.22453301,0.0959963
-0.22433301,0.0639975
-0.22413301,0.0959963
-0.22393301,0.0959963
-0.22373301,0.0959963
-0.22353301,0.0639975
-0.22333301,0.0639975
-0.22313301,0.0639975
-0.22293301,0.0639975
-0.22273301,0.0639975
-0.22253301,0.0639975
-0.22233301,0.0639975
-0.22213301,0.0319988
-0.22193301,0.0959963
-0.22173301,0.0959963
-0.22153301,0.0959963
-0.22133301,0.0959963
-0.22113301,0.0959963
-0.22093301,0.0959963
-0.22073301,0.0639975
-0.22053301,0.0639975
-0.22033301,0.0319988
-0.22013301,0.0319988
-0.21993301,0.0639975
-0.21973301,0.0639975
-0.21953301,0.0639975
-0.21933301,0.0639975
-0.21913301,0.0319988
-0.21893301,0.0319988
-0.21873301,0.0639975
-0.21853301,0.0639975
-0.21833301,0.0959963
-0.21813301,0.0639975
-0.21793301,0.0639975
-0.21773301,0.0319988
-0.21753301,0.0319988
-0.21733301,0.0319988
-0.21713301,0.0319988
-0.21693301,0.0639975
-0.21673301,0.0319988
-0.21653301,0.0319988
-0.21633301,0.0319988
-0.21613301,0.0639975
-0.21593301,0.0639975
-0.21573301,0.0319988
-0.21553301,0.0319988
-0.21533301,0.0319988
-0.21513301,0
-0.21493301,0.0319988
-0.21473301,0
-0.21453301,0.0639975
-0.21433301,0
-0.21413301,0
-0.21393301,0.0319988
-0.21373301,0
-0.21353301,0
-0.21333301,0.0319988
-0.21313301,0.0319988
-0.21293301,0
-0.21273301,0.0319988
-0.21253301,0.0319988
-0.21233301,0.0319988
-0.21213301,0.0319988
-0.21193301,0
-0.21173301,-0.0319988
-0.21153301,0.0319988
-0.21133301,0
-0.21113301,-0.0319988
-0.21093301,0
-0.21073301,-0.0319988
-0.21053301,0
-0.21033301,0
-0.21013301,0.0319988
-0.20993301,0
-0.20973301,0
-0.20953301,-0.0319988
-0.20933301,0
-0.20913301,0
-0.20893301,0
-0.20873301,0.0319988
-0.20853301,0
-0.20833301,0
-0.20813301,0.0319988
-0.20793301,0
-0.20773301,0
-0.20753301,0.0319988
-0.20733301,0
-0.20713301,0
-0.20693301,0.0319988
-0.20673301,0.0319988
-0.20653301,0
-0.20633301,0
-0.20613301,0
-0.20593301,0.0319988
-0.20573301,0
-0.20553301,-0.0319988
-0.20533301,-0.0319988
-0.20513301,0
-0.20493301,0
-0.20473301,-0.0319988
-0.20453301,0.0319988
-0.20433301,0.0319988
-0.20413301,0.0639975
-0.20393301,-0.0319988
-0.20373301,0.0639975
-0.20353301,0
-0.20333301,0.0319988
-0.20313301,0.0319988
-0.20293301,-0.0639975
-0.20273301,0.0319988
-0.20253301,0
-0.20233301,0
-0.20213301,0.0319988
-0.20193301,0
-0.20173301,0
-0.20153301,0
-0.20133301,0.0639975
-0.20113301,0.0319988
-0.20093301,0
-0.20073301,0.0639975
-0.20053301,-0.0319988
-0.20033301,0.0319988
-0.20013301,0
-0.19993301,-0.0319988
-0.19973301,0
-0.19953301,0.0319988
-0.19933301,0
-0.19913301,0
-0.19893301,0.0319988
-0.19873301,0
-0.19853301,0
-0.19833301,0.0319988
-0.19813301,-0.0319988
-0.19793301,0.0319988
-0.19773301,0.0319988
-0.19753301,0.0319988
-0.19733301,0.0319988
-0.19713301,0.0319988
-0.19693301,-0.0319988
-0.19673301,0.0639975
-0.19653301,0
-0.19633301,0
-0.19613301,0
-0.19593301,0.0639975
-0.19573301,0
-0.19553301,0.0319988
-0.19533301,0.0319988
-0.19513301,-0.0319988
-0.19493301,0
-0.19473301,0.0319988
-0.19453301,0.0319988
-0.19433301,0.0319988
-0.19413301,0.0319988
-0.19393301,-0.0639975
-0.19373301,0
-0.19353301,0
-0.19333301,0
-0.19313301,0
-0.19293301,0
-0.19273301,0
-0.19253301,-0.0319988
-0.19233301,0
-0.19213301,0
-0.19193301,0.0639975
-0.19173301,0
-0.19153301,-0.0319988
-0.19133301,0
-0.19113301,0
-0.19093301,-0.0319988
-0.19073301,0.0319988
-0.19053301,0.0319988
-0.19033301,-0.0639975
-0.19013301,-0.0319988
-0.18993301,0
-0.18973301,0
-0.18953301,0
-0.18933301,-0.0319988
-0.18913301,-0.0319988
-0.18893301,0
-0.18873301,0
-0.18853301,-0.0319988
-0.18833301,0.0319988
-0.18813301,0.0319988
-0.18793301,-0.0639975
-0.18773301,-0.0319988
-0.18753301,0
-0.18733301,0
-0.18713301,0
-0.18693301,0
-0.18673301,-0.0319988
-0.18653301,0
-0.18633301,0.0319988
-0.18613301,-0.0319988
-0.18593301,0
-0.18573301,0
-0.18553301,0
-0.18533301,0.0319988
-0.18513301,0
-0.18493301,-0.0639975
-0.18473301,0
-0.18453301,0
-0.18433301,-0.0319988
-0.18413301,-0.0319988
-0.18393301,0
-0.18373301,-0.0319988
-0.18353301,0
-0.18333301,0
-0.18313301,0
-0.18293301,0
-0.18273301,-0.0319988
-0.18253301,-0.0319988
-0.18233301,-0.0319988
-0.18213301,0
-0.18193301,-0.0639975
-0.18173301,-0.0319988
-0.18153301,0
-0.18133301,0
-0.18113301,0
-0.18093301,0
-0.18073301,-0.0319988
-0.18053301,0.0319988
-0.18033301,0.0319988
-0.18013301,-0.0319988
-0.17993301,0
-0.17973301,0
-0.17953301,0
-0.17933301,0.0319988
-0.17913301,-0.0319988
-0.17893301,0.0319988
-0.17873301,-0.0319988
-0.17853301,-0.0319988
-0.17833301,-0.0319988
-0.17813301,0
-0.17793301,0
-0.17773301,-0.0319988
-0.17753301,0.0319988
-0.17733301,0.0319988
-0.17713301,-0.0319988
-0.17693301,0
-0.17673301,0.0319988
-0.17653301,0
-0.17633301,-0.0319988
-0.17613301,-0.0319988
-0.17593301,-0.0319988
-0.17573301,-0.0319988
-0.17553301,0
-0.17533301,0
-0.17513301,0
-0.17493301,-0.0319988
-0.17473301,0
-0.17453301,0
-0.17433301,0
-0.17413301,-0.0639975
-0.17393301,0
-0.17373301,0
-0.17353301,-0.0639975
-0.17333301,-0.0319988
-0.17313301,0
-0.17293301,0
-0.17273301,-0.0319988
-0.17253301,0.0319988
-0.17233301,-0.0639975
-0.17213301,0
-0.17193301,0.0319988
-0.17173301,-0.0319988
-0.17153301,0
-0.17133301,0
-0.17113301,0
-0.17093301,0
-0.17073301,0
-0.17053301,-0.0639975
-0.17033301,0.0319988
-0.17013301,-0.0319988
-0.16993301,-0.0319988
-0.16973301,0
-0.16953301,-0.0639975
-0.16933301,-0.0319988
-0.16913301,0
-0.16893301,0
-0.16873301,-0.0319988
-0.16853301,-0.0319988
-0.16833301,0
-0.16813301,0
-0.16793301,0
-0.16773301,0
-0.16753301,-0.0319988
-0.16733301,0
-0.16713301,0
-0.16693301,-0.0319988
-0.16673301,0
-0.16653301,0
-0.16633301,0
-0.16613301,0
-0.16593301,0
-0.16573301,-0.0319988
-0.16553301,0
-0.16533301,0.0319988
-0.16513301,-0.0319988
-0.16493301,0
-0.16473301,-0.0319988
-0.16453301,-0.0319988
-0.16433301,0
-0.16413301,0
-0.16393301,-0.0639975
-0.16373301,0
-0.16353301,0.0319988
-0.16333301,0
-0.16313301,-0.0319988
-0.16293301,-0.0319988
-0.16273301,-0.0319988
-0.16253301,0
-0.16233301,0
-0.16213301,0
-0.16193301,0
-0.16173301,-0.0319988
-0.16153301,0
-0.16133301,0
-0.16113301,-0.0319988
-0.16093301,-0.0639975
-0.16073301,0
-0.16053301,0
-0.16033301,0
-0.16013301,-0.0319988
-0.15993301,-0.0319988
-0.15973301,0
-0.15953301,-0.0319988
-0.15933301,0
-0.15913301,-0.0319988
-0.15893301,0
-0.15873301,0
-0.15853301,-0.0639975
-0.15833301,-0.0319988
-0.15813301,-0.0319988
-0.15793301,-0.0639975
-0.15773301,-0.0319988
-0.15753301,0
-0.15733301,0
-0.15713301,-0.0639975
-0.15693301,0.0319988
-0.15673301,-0.0639975
-0.15653301,-0.0319988
-0.15633301,0.0319988
-0.15613301,-0.0639975
-0.15593301,-0.0319988
-0.15573301,0
-0.15553301,-0.0959963
-0.15533301,-0.0319988
-0.15513301,0
-0.15493301,0
-0.15473301,0
-0.15453301,0
-0.15433301,-0.0319988
-0.15413301,-0.0319988
-0.15393301,-0.0319988
-0.15373301,-0.0639975
-0.15353301,-0.0639975
-0.15333301,-0.0639975
-0.15313301,-0.0639975
-0.15293301,-0.0319988
-0.15273301,-0.0319988
-0.15253301,-0.0959963
-0.15233301,-0.0319988
-0.15213301,-0.0319988
-0.15193301,-0.0639975
-0.15173301,-0.0319988
-0.15153301,-0.0319988
-0.15133301,-0.0639975
-0.15113301,-0.0639975
-0.15093301,-0.0319988
-0.15073301,-0.0319988
-0.15053301,-0.0639975
-0.15033301,-0.0639975
-0.15013301,-0.0639975
-0.14993301,-0.0319988
-0.14973301,0
-0.14953301,-0.0959963
-0.14933301,-0.0319988
-0.14913301,-0.0319988
-0.14893301,-0.0959963
-0.14873301,-0.0639975
-0.14853301,0
-0.14833301,-0.0959963
-0.14813301,-0.0319988
-0.14793301,-0.0639975
-0.14773301,-0.0959963
-0.14753301,-0.0639975
-0.14733301,0
-0.14713301,-0.0959963
-0.14693301,-0.0319988
-0.14673301,-0.0319988
-0.14653301,-0.0639975
-0.14633301,-0.0319988
-0.14613301,-0.0639975
-0.14593301,-0.0319988
-0.14573301,-0.0319988
-0.14553301,-0.0319988
-0.14533301,-0.0639975
-0.14513301,-0.0319988
-0.14493301,0
-0.14473301,-0.0639975
-0.14453301,-0.0639975
-0.14433301,-0.0319988
-0.14413301,-0.0639975
-0.14393301,-0.0639975
-0.14373301,-0.0319988
-0.14353301,-0.0959963
-0.14333301,-0.0319988
-0.14313301,0
-0.14293301,-0.0639975
-0.14273301,-0.0319988
-0.14253301,-0.0639975
-0.14233301,-0.0959963
-0.14213301,-0.0959963
-0.14193301,-0.0319988
-0.14173301,-0.0639975
-0.14153301,-0.0639975
-0.14133301,-0.0319988
-0.14113301,-0.0319988
-0.14093301,0
-0.14073301,-0.0639975
-0.14053301,-0.0639975
-0.14033301,-0.0639975
-0.14013301,-0.0639975
-0.13993301,-0.0959963
-0.13973301,-0.0319988
-0.13953301,-0.0639975
-0.13933301,-0.0959963
-0.13913301,-0.0639975
-0.13893301,0
-0.13873301,-0.0959963
-0.13853301,-0.0639975
-0.13833301,-0.0639975
-0.13813301,-0.0639975
-0.13793301,-0.0639975
-0.13773301,-0.0639975
-0.13753301,-0.0959963
-0.13733301,-0.0959963
-0.13713301,-0.0639975
-0.13693301,-0.127995
-0.13673301,-0.0639975
-0.13653301,-0.0959963
-0.13633301,-0.0959963
-0.13613301,-0.0639975
-0.13593301,-0.0639975
-0.13573301,-0.0959963
-0.13553301,-0.0319988
-0.13533301,-0.0959963
-0.13513301,-0.0959963
-0.13493301,-0.0639975
-0.13473301,-0.0959963
-0.13453301,-0.0959963
-0.13433301,-0.0959963
-0.13413301,-0.0319988
-0.13393301,-0.0639975
-0.13373301,-0.127995
-0.13353301,-0.0959963
-0.13333301,-0.127995
-0.13313301,-0.0639975
-0.13293301,-0.0959963
-0.13273301,-0.159994
-0.13253301,-0.0959963
-0.13233301,-0.0639975
-0.13213301,-0.127995
-0.13193301,-0.0319988
-0.13173301,-0.0639975
-0.13153301,-0.0959963
-0.13133301,-0.127995
-0.13113301,-0.0959963
-0.13093301,-0.0959963
-0.13073301,-0.159994
-0.13053301,-0.0639975
-0.13033301,-0.0959963
-0.13013301,-0.0959963
-0.12993301,-0.0639975
-0.12973301,-0.127995
-0.12953301,-0.127995
-0.12933301,-0.0959963
-0.12913301,-0.159994
-0.12893301,-0.0959963
-0.12873301,-0.159994
-0.12853301,-0.0959963
-0.12833301,-0.127995
-0.12813301,-0.0959963
-0.12793301,-0.127995
-0.12773301,-0.127995
-0.12753301,-0.127995
-0.12733301,-0.127995
-0.12713301,-0.159994
-0.12693301,-0.0959963
-0.12673301,-0.159994
-0.12653301,-0.0959963
-0.12633301,-0.0959963
-0.12613301,-0.0959963
-0.12593301,-0.127995
-0.12573301,-0.0959963
-0.12553301,-0.159994
-0.12533301,-0.159994
-0.12513301,-0.127995
-0.12493301,-0.127995
-0.12473301,-0.0959963
-0.12453301,-0.127995
-0.12433301,-0.159994
-0.12413301,-0.127995
-0.12393301,-0.0959963
-0.12373301,-0.127995
-0.12353301,-0.127995
-0.12333301,-0.127995
-0.12313301,-0.191993
-0.12293301,-0.0959963
-0.12273301,-0.127995
-0.12253301,-0.127995
-0.12233301,-0.127995
-0.12213301,-0.127995
-0.12193301,-0.159994
-0.12173301,-0.127995
-0.12153301,-0.127995
-0.12133301,-0.159994
-0.12113301,-0.159994
-0.12093301,-0.0959963
-0.12073301,-0.159994
-0.12053301,-0.127995
-0.12033301,-0.0959963
-0.12013301,-0.127995
-0.11993301,-0.159994
-0.11973301,-0.127995
-0.11953301,-0.159994
-0.11933301,-0.127995
-0.11913301,-0.127995
-0.11893301,-0.159994
-0.11873301,-0.191993
-0.11853301,-0.127995
-0.11833301,-0.159994
-0.11813301,-0.127995
-0.11793301,-0.127995
-0.11773301,-0.127995
-0.11753301,-0.127995
-0.11733301,-0.191993
-0.11713301,-0.159994
-0.11693301,-0.127995
-0.11673301,-0.127995
-0.11653301,-0.191993
-0.11633301,-0.159994
-0.11613301,-0.127995
-0.11593301,-0.127995
-0.11573301,-0.159994
-0.11553301,-0.127995
-0.11533301,-0.159994
-0.11513301,-0.127995
-0.11493301,-0.159994
-0.11473301,-0.191993
-0.11453301,-0.159994
-0.11433301,-0.127995
-0.11413301,-0.159994
-0.11393301,-0.159994
-0.11373301,-0.191993
-0.11353301,-0.159994
-0.11333301,-0.159994
-0.11313301,-0.159994
-0.11293301,-0.191993
-0.11273301,-0.159994
-0.11253301,-0.127995
-0.11233301,-0.223991
-0.11213301,-0.159994
-0.11193301,-0.159994
-0.11173301,-0.159994
-0.11153301,-0.159994
-0.11133301,-0.127995
-0.11113301,-0.159994
-0.11093301,-0.127995
-0.11073301,-0.127995
-0.11053301,-0.223991
-0.11033301,-0.223991
-0.11013301,-0.127995
-0.10993301,-0.223991
-0.10973301,-0.159994
-0.10953301,-0.127995
-0.10933301,-0.159994
-0.10913301,-0.159994
-0.10893301,-0.159994
-0.10873301,-0.223991
-0.10853301,-0.159994
-0.10833301,-0.127995
-0.10813301,-0.159994
-0.10793301,-0.159994
-0.10773301,-0.159994
-0.10753301,-0.223991
-0.10733301,-0.191993
-0.10713301,-0.127995
-0.10693301,-0.191993
-0.10673301,-0.127995
-0.10653301,-0.191993
-0.10633301,-0.159994
-0.10613301,-0.159994
-0.10593301,-0.127995
-0.10573301,-0.191993
-0.10553301,-0.191993
-0.10533301,-0.191993
-0.10513301,-0.191993
-0.10493301,-0.191993
-0.10473301,-0.127995
-0.10453301,-0.191993
-0.10433301,-0.191993
-0.10413301,-0.159994
-0.10393301,-0.191993
-0.10373301,-0.191993
-0.10353301,-0.127995
-0.10333301,-0.223991
-0.10313301,-0.159994
-0.10293301,-0.191993
-0.10273301,-0.223991
-0.10253301,-0.159994
-0.10233301,-0.159994
-0.10213301,-0.223991
-0.10193301,-0.223991
-0.10173301,-0.159994
-0.10153301,-0.159994
-0.10133301,-0.191993
-0.10113301,-0.159994
-0.10093301,-0.191993
-0.10073301,-0.0959963
-0.10053301,-0.159994
-0.10033301,-0.223991
-0.10013301,-0.191993
-0.099933007,-0.159994
-0.099733007,-0.191993
-0.099533007,-0.191993
-0.099333007,-0.159994
-0.099133007,-0.191993
-0.098933007,-0.159994
-0.098733007,-0.159994
-0.098533007,-0.159994
-0.098333007,-0.223991
-0.098133007,-0.159994
-0.097933007,-0.159994
-0.097733007,-0.223991
-0.097533007,-0.159994
-0.097333007,-0.159994
-0.097133007,-0.191993
-0.096933007,-0.191993
-0.096733007,-0.159994
-0.096533007,-0.191993
-0.096333007,-0.159994
-0.096133007,-0.191993
-0.095933007,-0.159994
-0.095733007,-0.159994
-0.095533007,-0.191993
-0.095333007,-0.191993
-0.095133007,-0.223991
-0.094933007,-0.191993
-0.094733007,-0.159994
-0.094533007,-0.127995
-0.094333007,-0.159994
-0.094133007,-0.159994
-0.093933007,-0.127995
-0.093733007,-0.191993
-0.093533007,-0.223991
-0.093333007,-0.191993
-0.093133007,-0.159994
-0.092933007,-0.127995
-0.092733007,-0.127995
-0.092533007,-0.159994
-0.092333007,-0.127995
-0.092133007,-0.127995
-0.091933007,-0.159994
-0.091733007,-0.159994
-0.091533007,-0.127995
-0.091333007,-0.191993
-0.091133007,-0.127995
-0.090933007,-0.127995
-0.090733007,-0.127995
-0.090533007,-0.127995
-0.090333007,-0.127995
-0.090133007,-0.159994
-0.089933007,-0.159994
-0.089733007,-0.159994
-0.089533007,-0.127995
-0.089333007,-0.127995
-0.089133007,-0.0959963
-0.088933007,-0.127995
-0.088733007,-0.0959963
-0.088533007,-0.0959963
-0.088333007,-0.159994
-0.088133007,-0.127995
-0.087933007,-0.0639975
-0.087733007,-0.0959963
-0.087533007,-0.0959963
-0.087333007,-0.0959963
-0.087133007,-0.127995
-0.086933007,-0.0959963
-0.086733007,-0.0639975
-0.086533007,-0.127995
-0.086333007,-0.0959963
-0.086133007,-0.0959963
-0.085933007,-0.0959963
-0.085733007,-0.0959963
-0.085533007,-0.0959963
-0.085333007,-0.0959963
-0.085133007,-0.0959963
-0.084933007,-0.0639975
-0.084733007,-0.0959963
-0.084533007,-0.0639975
-0.084333007,-0.127995
-0.084133007,-0.0959963
-0.083933007,-0.127995
-0.083733007,-0.0319988
-0.083533007,-0.0639975
-0.083333007,-0.0959963
-0.083133007,-0.0319988
-0.082933007,-0.0639975
-0.082733007,-0.0639975
-0.082533007,-0.0639975
-0.082333007,-0.0639975
-0.082133007,-0.0319988
-0.081933007,-0.0319988
-0.081733007,-0.0959963
-0.081533007,-0.0639975
-0.081333007,-0.0639975
-0.081133007,-0.0639975
-0.080933007,-0.0639975
-0.080733007,-0.0319988
-0.080533007,-0.0639975
-0.080333007,-0.0639975
-0.080133007,-0.0319988
-0.079933007,-0.0639975
-0.079733007,-0.0319988
-0.079533007,-0.0639975
-0.079333007,-0.0639975
-0.079133007,-0.0639975
-0.078933007,-0.0639975
-0.078733007,-0.0319988
-0.078533007,-0.0319988
-0.078333007,-0.0639975
-0.078133007,-0.0639975
-0.077933007,-0.0319988
-0.077733007,0
-0.077533007,-0.0959963
-0.077333007,-0.0319988
-0.077133007,-0.0319988
-0.076933007,-0.0639975
-0.076733007,0
-0.076533007,0.0319988
-0.076333007,-0.0639975
-0.076133007,-0.0319988
-0.075933007,0
-0.075733007,-0.0639975
-0.075533007,-0.0319988
-0.075333007,-0.0319988
-0.075133007,-0.0319988
-0.074933007,-0.0959963
-0.074733007,-0.0959963
-0.074533007,-0.0639975
-0.074333007,-0.0639975
-0.074133007,0
-0.073933007,-0.0319988
-0.073733007,-0.0639975
-0.073533007,-0.0319988
-0.073333007,0
-0.073133007,-0.0319988
-0.072933007,0
-0.072733007,-0.0639975
-0.072533007,-0.0639975
-0.072333007,0
-0.072133007,-0.0319988
-0.071933007,0
-0.071733007,-0.0319988
-0.071533007,0
-0.071333007,-0.0319988
-0.071133007,-0.0319988
-0.070933007,-0.0319988
-0.070733007,0
-0.070533007,-0.0319988
-0.070333007,-0.0319988
-0.070133007,-0.0319988
-0.069933007,-0.0319988
-0.069733007,-0.0319988
-0.069533007,0
-0.069333007,0
-0.069133007,-0.0639975
-0.068933007,-0.0639975
-0.068733007,0
-0.068533007,-0.0639975
-0.068333007,0
-0.068133007,0
-0.067933007,-0.0319988
-0.067733007,-0.0319988
-0.067533007,-0.0319988
-0.067333007,0.0319988
-0.067133007,0
-0.066933007,0
-0.066733007,0
-0.066533007,-0.0319988
-0.066333007,0
-0.066133007,0
-0.065933007,0.0319988
-0.065733007,0
-0.065533007,-0.0639975
-0.065333007,-0.0319988
-0.065133007,-0.0319988
-0.064933007,-0.0639975
-0.064733007,-0.0639975
-0.064533007,0
-0.064333007,-0.0639975
-0.064133007,0
-0.063933007,0
-0.063733007,-0.0319988
-0.063533007,0
-0.063333007,0
-0.063133007,-0.0319988
-0.062933007,0
-0.062733007,0
-0.062533007,-0.0319988
-0.062333007,0
-0.062133007,0
-0.061933007,0
-0.061733007,-0.0319988
-0.061533007,0
-0.061333007,-0.0639975
-0.061133007,-0.0319988
-0.060933007,0.0319988
-0.060733007,-0.0319988
-0.060533007,-0.0639975
-0.060333007,0
-0.060133007,-0.0319988
-0.059933007,0
-0.059733007,0
-0.059533007,-0.0319988
-0.059333007,-0.0319988
-0.059133007,-0.0319988
-0.058933007,-0.0639975
-0.058733007,0
-0.058533007,0
-0.058333007,-0.0639975
-0.058133007,-0.0319988
-0.057933007,0
-0.057733007,-0.0639975
-0.057533007,-0.0319988
-0.057333007,0
-0.057133007,-0.0319988
-0.056933007,-0.0319988
-0.056733007,-0.0319988
-0.056533007,-0.0319988
-0.056333007,-0.0319988
-0.056133007,0
-0.055933007,-0.0639975
-0.055733007,0
-0.055533007,-0.0319988
-0.055333007,-0.0319988
-0.055133007,-0.0319988
-0.054933007,0
-0.054733007,-0.0959963
-0.054533007,-0.0319988
-0.054333007,-0.0319988
-0.054133007,-0.0639975
-0.053933007,-0.0639975
-0.053733007,-0.0639975
-0.053533007,-0.0319988
-0.053333007,-0.0639975
-0.053133007,-0.0319988
-0.052933007,-0.0319988
-0.052733007,0
-0.052533007,-0.0319988
-0.052333007,-0.0639975
-0.052133007,-0.0319988
-0.051933007,-0.0639975
-0.051733007,-0.0639975
-0.051533007,-0.0639975
-0.051333007,-0.0319988
-0.051133007,-0.0639975
-0.050933007,-0.0319988
-0.050733007,-0.0319988
-0.050533007,-0.0319988
-0.050333007,-0.0639975
-0.050133007,-0.0639975
-0.049933007,-0.0639975
-0.049733007,-0.0959963
-0.049533007,-0.0639975
-0.049333007,-0.0639975
-0.049133007,-0.0959963
-0.048933007,-0.0959963
-0.048733007,-0.0959963
-0.048533007,-0.0639975
-0.048333007,-0.0319988
-0.048133007,-0.0959963
-0.047933007,-0.127995
-0.047733007,-0.0319988
-0.047533007,-0.0959963
-0.047333007,-0.0959963
-0.047133007,-0.0959963
-0.046933007,-0.0639975
-0.046733007,-0.0959963
-0.046533007,-0.0959963
-0.046333007,-0.0959963
-0.046133007,-0.0959963
-0.045933007,-0.127995
-0.045733007,-0.0959963
-0.045533007,-0.0959963
-0.045333007,-0.0959963
-0.045133007,-0.0639975
-0.044933007,-0.0639975
-0.044733007,-0.0639975
-0.044533007,-0.127995
-0.044333007,-0.127995
-0.044133007,-0.0639975
-0.043933007,-0.0959963
-0.043733007,-0.0959963
-0.043533007,-0.0959963
-0.043333007,-0.0959963
-0.043133007,-0.159994
-0.042933007,-0.0639975
-0.042733007,-0.0959963
-0.042533007,-0.127995
-0.042333007,-0.0319988
-0.042133007,-0.127995
-0.041933007,-0.159994
-0.041733007,-0.0639975
-0.041533007,-0.0959963
-0.041333007,-0.0959963
-0.041133007,-0.0639975
-0.040933007,-0.127995
-0.040733007,-0.0959963
-0.040533007,-0.0639975
-0.040333007,-0.159994
-0.040133007,-0.0959963
-0.039933007,-0.127995
-0.039733007,-0.127995
-0.039533007,-0.0959963
-0.039333007,-0.127995
-0.039133007,-0.159994
-0.038933007,-0.127995
-0.038733007,-0.159994
-0.038533007,-0.127995
-0.038333007,-0.127995
-0.038133007,-0.127995
-0.037933007,-0.127995
-0.037733007,-0.0959963
-0.037533007,-0.127995
-0.037333007,-0.127995
-0.037133007,-0.159994
-0.036933007,-0.127995
-0.036733007,-0.159994
-0.036533007,-0.127995
-0.036333007,-0.127995
-0.036133007,-0.127995
-0.035933007,-0.0959963
-0.035733007,-0.127995
-0.035533007,-0.159994
-0.035333007,-0.0959963
-0.035133007,-0.0959963
-0.034933007,-0.159994
-0.034733007,-0.159994
-0.034533007,-0.127995
-0.034333007,-0.127995
-0.034133007,-0.127995
-0.033933007,-0.127995
-0.033733007,-0.159994
-0.033533007,-0.127995
-0.033333007,-0.191993
-0.033133007,-0.127995
-0.032933007,-0.127995
-0.032733007,-0.159994
-0.032533007,-0.159994
-0.032333007,-0.127995
-0.032133007,-0.0959963
-0.031933007,-0.159994
-0.031733007,-0.0959963
-0.031533007,-0.127995
-0.031333007,-0.159994
-0.031133007,-0.127995
-0.030933007,-0.0959963
-0.030733007,-0.159994
-0.030533007,-0.0639975
-0.030333007,-0.127995
-0.030133007,-0.127995
-0.029933007,-0.0959963
-0.029733007,-0.0639975
-0.029533007,-0.0959963
-0.029333007,-0.127995
-0.029133007,-0.127995
-0.028933007,-0.159994
-0.028733007,-0.0959963
-0.028533007,-0.0959963
-0.028333007,-0.127995
-0.028133007,-0.0959963
-0.027933007,-0.0959963
-0.027733007,-0.0959963
-0.027533007,-0.0959963
-0.027333007,-0.0959963
-0.027133007,-0.0959963
-0.026933007,-0.127995
-0.026733007,-0.0959963
-0.026533007,-0.127995
-0.026333007,-0.159994
-0.026133007,-0.0959963
-0.025933007,-0.127995
-0.025733007,-0.0639975
-0.025533007,-0.0959963
-0.025333007,-0.127995
-0.025133007,-0.0639975
-0.024933007,-0.127995
-0.024733007,-0.159994
-0.024533007,-0.0959963
-0.024333007,-0.0319988
-0.024133007,-0.127995
-0.023933007,-0.0639975
-0.023733007,-0.0639975
-0.023533007,-0.0959963
-0.023333007,-0.0639975
-0.023133007,-0.0639975
-0.022933007,-0.0959963
-0.022733007,-0.127995
-0.022533007,-0.0639975
-0.022333007,-0.0959963
-0.022133007,-0.0319988
-0.021933007,-0.0639975
-0.021733007,-0.0959963
-0.021533007,-0.0319988
-0.021333007,-0.0959963
-0.021133007,-0.0639975
-0.020933007,-0.0959963
-0.020733007,-0.0639975
-0.020533007,-0.0959963
-0.020333007,-0.0319988
-0.020133007,-0.0639975
-0.019933007,-0.0639975
-0.019733007,-0.0639975
-0.019533007,-0.0319988
-0.019333007,-0.0639975
-0.019133007,-0.0319988
-0.018933007,-0.0639975
-0.018733007,-0.0959963
-0.018533007,-0.0319988
-0.018333007,-0.0639975
-0.018133007,-0.0639975
-0.017933007,0
-0.017733007,-0.0319988
-0.017533007,-0.0639975
-0.017333007,-0.0639975
-0.017133007,-0.0319988
-0.016933007,-0.0959963
-0.016733007,0
-0.016533007,-0.0639975
-0.016333007,-0.0639975
-0.016133007,-0.0319988
-0.015933007,-0.0319988
-0.015733007,-0.0639975
-0.015533007,0
-0.015333007,-0.0319988
-0.015133007,-0.0639975
-0.014933007,-0.0639975
-0.014733007,-0.0639975
-0.014533007,-0.0639975
-0.014333007,-0.0639975
-0.014133007,-0.0639975
-0.013933007,-0.0319988
-0.013733007,-0.0319988
-0.013533007,0
-0.013333007,-0.0639975
-0.013133007,-0.0639975
-0.012933007,-0.0319988
-0.012733007,-0.0319988
-0.012533007,-0.0959963
-0.012333007,-0.0639975
-0.012133007,-0.0959963
-0.011933007,-0.0639975
-0.011733007,-0.0319988
-0.011533007,-0.0639975
-0.011333007,0
-0.011133007,-0.0319988
-0.010933007,-0.0639975
-0.010733007,-0.0639975
-0.010533007,-0.0639975
-0.010333007,-0.0639975
-0.010133007,-0.0319988
-0.0099330068,-0.0319988
-0.0097330068,-0.0319988
-0.0095330068,-0.0639975
-0.0093330068,-0.0959963
-0.0091330068,-0.0639975
-0.0089330068,-0.0319988
-0.0087330068,-0.0639975
-0.0085330068,-0.0959963
-0.0083330068,-0.0319988
-0.0081330068,-0.0319988
-0.0079330068,-0.0319988
-0.0077330068,-0.0319988
-0.0075330068,0
-0.0073330068,-0.0639975
-0.0071330068,-0.0639975
-0.0069330068,-0.0319988
-0.0067330068,-0.0639975
-0.0065330068,0
-0.0063330068,-0.0639975
-0.0061330068,-0.0639975
-0.0059330068,-0.0319988
-0.0057330068,-0.0319988
-0.0055330068,-0.0639975
-0.0053330068,-0.0959963
-0.0051330068,-0.0319988
-0.0049330068,-0.0639975
-0.0047330068,0.0319988
-0.0045330068,-0.0319988
-0.0043330068,-0.0639975
-0.0041330068,-0.0319988
-0.0039330068,-0.0319988
-0.0037330068,-0.0639975
-0.0035330068,-0.0319988
-0.0033330068,-0.0319988
-0.0031330068,-0.0959963
-0.0029330068,-0.0319988
-0.0027330068,0
-0.0025330068,-0.0319988
-0.0023330068,-0.0319988
-0.0021330068,-0.0319988
-0.0019330068,-0.0319988
-0.0017330068,0.0319988
-0.0015330068,0
-0.0013330068,-0.0639975
-0.0011330068,0
-0.00093300676,0
-0.00073300676,-0.0319988
-0.00053300676,0.0319988
-0.00033300676,0
-0.00013300676,0
6.6993243e-005,0
