LECROYWS42Xs,24809,Waveform
Segments,1,SegmentSize,10002
Segment,TrigTime,TimeSinceSegment1
#1,19-Feb-2003 05:54:26,0                 
Time,Ampl
-2.0000777,0
-1.9998777,0
-1.9996777,0
-1.9994777,0.0319988
-1.9992777,0.0319988
-1.9990777,-0.0319988
-1.9988777,0
-1.9986777,0.0639975
-1.9984777,0
-1.9982777,0.0639975
-1.9980777,0
-1.9978777,-0.0319988
-1.9976777,0
-1.9974777,0
-1.9972777,0
-1.9970777,0.0319988
-1.9968777,0
-1.9966777,0
-1.9964777,0.0319988
-1.9962777,0.0319988
-1.9960777,0.0319988
-1.9958777,0.0319988
-1.9956777,0
-1.9954777,0
-1.9952777,0.0319988
-1.9950777,0
-1.9948777,0.0319988
-1.9946777,0.0319988
-1.9944777,0.0319988
-1.9942777,0
-1.9940777,0
-1.9938777,0.0319988
-1.9936777,0
-1.9934777,0.0319988
-1.9932777,0.0319988
-1.9930777,0
-1.9928777,0.0319988
-1.9926777,0
-1.9924777,0
-1.9922777,0.0319988
-1.9920777,0
-1.9918777,-0.0319988
-1.9916777,0.0319988
-1.9914777,0
-1.9912777,0.0319988
-1.9910777,0.0639975
-1.9908777,0.0319988
-1.9906777,0.0319988
-1.9904777,0
-1.9902777,0.0319988
-1.9900777,0
-1.9898777,0.0639975
-1.9896777,0.0959963
-1.9894777,0.0319988
-1.9892777,0.0319988
-1.9890777,0.0639975
-1.9888777,0
-1.9886777,0.0319988
-1.9884777,0.0319988
-1.9882777,0
-1.9880777,0
-1.9878777,0.0319988
-1.9876777,0
-1.9874777,0.0319988
-1.9872777,0.0319988
-1.9870777,0.0319988
-1.9868777,0
-1.9866777,0.0639975
-1.9864777,0.0639975
-1.9862777,0
-1.9860777,0.0639975
-1.9858777,0
-1.9856777,0.0319988
-1.9854777,0.0319988
-1.9852777,0.0319988
-1.9850777,0.0639975
-1.9848777,0.0319988
-1.9846777,-0.0319988
-1.9844777,0.0639975
-1.9842777,0.0639975
-1.9840777,0
-1.9838777,0
-1.9836777,0.0639975
-1.9834777,0.0319988
-1.9832777,0
-1.9830777,0.0959963
-1.9828777,0.0959963
-1.9826777,0.0959963
-1.9824777,0.0639975
-1.9822777,0.0319988
-1.9820777,0.0319988
-1.9818777,0.0639975
-1.9816777,0.0639975
-1.9814777,0.0319988
-1.9812777,0.0639975
-1.9810777,0.0319988
-1.9808777,0.0639975
-1.9806777,0.0639975
-1.9804777,0
-1.9802777,0.0639975
-1.9800777,0.0639975
-1.9798777,0.0639975
-1.9796777,0.0639975
-1.9794777,0.0639975
-1.9792777,0.0639975
-1.9790777,0.0959963
-1.9788777,0.0639975
-1.9786777,0.0959963
-1.9784777,0.0639975
-1.9782777,0.0959963
-1.9780777,0.0959963
-1.9778777,0.0959963
-1.9776777,0.0639975
-1.9774777,0.0639975
-1.9772777,0.0959963
-1.9770777,0.0959963
-1.9768777,0.0319988
-1.9766777,0.0639975
-1.9764777,0.0959963
-1.9762777,0.0639975
-1.9760777,0.0639975
-1.9758777,0.0959963
-1.9756777,0.0639975
-1.9754777,0.0959963
-1.9752777,0.0639975
-1.9750777,0.0639975
-1.9748777,0.0639975
-1.9746777,0.0959963
-1.9744777,0.0959963
-1.9742777,0.0639975
-1.9740777,0.0959963
-1.9738777,0.0959963
-1.9736777,0.0639975
-1.9734777,0.0959963
-1.9732777,0.0959963
-1.9730777,0.0959963
-1.9728777,0.0959963
-1.9726777,0.0319988
-1.9724777,0.0959963
-1.9722777,0.0959963
-1.9720777,0.0639975
-1.9718777,0.0639975
-1.9716777,0.0959963
-1.9714777,0.0959963
-1.9712777,0.127995
-1.9710777,0.0959963
-1.9708777,0.0639975
-1.9706777,0.0959963
-1.9704777,0.0959963
-1.9702777,0.0959963
-1.9700777,0.0959963
-1.9698777,0.0959963
-1.9696777,0.0959963
-1.9694777,0.0959963
-1.9692777,0.127995
-1.9690777,0.0959963
-1.9688777,0.127995
-1.9686777,0.127995
-1.9684777,0.127995
-1.9682777,0.127995
-1.9680777,0.0959963
-1.9678777,0.0959963
-1.9676777,0.127995
-1.9674777,0.0959963
-1.9672777,0.0959963
-1.9670777,0.0959963
-1.9668777,0.127995
-1.9666777,0.0959963
-1.9664777,0.0959963
-1.9662777,0.127995
-1.9660777,0.127995
-1.9658777,0.0959963
-1.9656777,0.127995
-1.9654777,0.0959963
-1.9652777,0.0959963
-1.9650777,0.0959963
-1.9648777,0.0639975
-1.9646777,0.0959963
-1.9644777,0.0639975
-1.9642777,0.0959963
-1.9640777,0.127995
-1.9638777,0.159994
-1.9636777,0.127995
-1.9634777,0.127995
-1.9632777,0.0959963
-1.9630777,0.0959963
-1.9628777,0.0959963
-1.9626777,0.127995
-1.9624777,0.0639975
-1.9622777,0.0959963
-1.9620777,0.127995
-1.9618777,0.0959963
-1.9616777,0.127995
-1.9614777,0.127995
-1.9612777,0.127995
-1.9610777,0.127995
-1.9608777,0.0959963
-1.9606777,0.0959963
-1.9604777,0.0959963
-1.9602777,0.127995
-1.9600777,0.127995
-1.9598777,0.127995
-1.9596777,0.127995
-1.9594777,0.127995
-1.9592777,0.159994
-1.9590777,0.159994
-1.9588777,0.127995
-1.9586777,0.127995
-1.9584777,0.159994
-1.9582777,0.159994
-1.9580777,0.159994
-1.9578777,0.127995
-1.9576777,0.159994
-1.9574777,0.127995
-1.9572777,0.127995
-1.9570777,0.191993
-1.9568777,0.159994
-1.9566777,0.127995
-1.9564777,0.127995
-1.9562777,0.159994
-1.9560777,0.159994
-1.9558777,0.127995
-1.9556777,0.159994
-1.9554777,0.127995
-1.9552777,0.0959963
-1.9550777,0.159994
-1.9548777,0.0959963
-1.9546777,0.127995
-1.9544777,0.159994
-1.9542777,0.159994
-1.9540777,0.0959963
-1.9538777,0.159994
-1.9536777,0.127995
-1.9534777,0.0959963
-1.9532777,0.159994
-1.9530777,0.127995
-1.9528777,0.159994
-1.9526777,0.159994
-1.9524777,0.127995
-1.9522777,0.159994
-1.9520777,0.159994
-1.9518777,0.127995
-1.9516777,0.159994
-1.9514777,0.159994
-1.9512777,0.159994
-1.9510777,0.127995
-1.9508777,0.127995
-1.9506777,0.159994
-1.9504777,0.159994
-1.9502777,0.159994
-1.9500777,0.127995
-1.9498777,0.0959963
-1.9496777,0.159994
-1.9494777,0.127995
-1.9492777,0.159994
-1.9490777,0.159994
-1.9488777,0.159994
-1.9486777,0.159994
-1.9484777,0.25599
-1.9482777,0.191993
-1.9480777,0.159994
-1.9478777,0.159994
-1.9476777,0.159994
-1.9474777,0.127995
-1.9472777,0.127995
-1.9470777,0.127995
-1.9468777,0.127995
-1.9466777,0.159994
-1.9464777,0.159994
-1.9462777,0.127995
-1.9460777,0.159994
-1.9458777,0.159994
-1.9456777,0.191993
-1.9454777,0.191993
-1.9452777,0.159994
-1.9450777,0.191993
-1.9448777,0.191993
-1.9446777,0.159994
-1.9444777,0.159994
-1.9442777,0.127995
-1.9440777,0.191993
-1.9438777,0.191993
-1.9436777,0.159994
-1.9434777,0.159994
-1.9432777,0.127995
-1.9430777,0.191993
-1.9428777,0.191993
-1.9426777,0.159994
-1.9424777,0.159994
-1.9422777,0.159994
-1.9420777,0.191993
-1.9418777,0.191993
-1.9416777,0.191993
-1.9414777,0.191993
-1.9412777,0.159994
-1.9410777,0.159994
-1.9408777,0.159994
-1.9406777,0.159994
-1.9404777,0.159994
-1.9402777,0.191993
-1.9400777,0.127995
-1.9398777,0.191993
-1.9396777,0.223991
-1.9394777,0.191993
-1.9392777,0.159994
-1.9390777,0.191993
-1.9388777,0.191993
-1.9386777,0.159994
-1.9384777,0.159994
-1.9382777,0.191993
-1.9380777,0.159994
-1.9378777,0.159994
-1.9376777,0.223991
-1.9374777,0.159994
-1.9372777,0.191993
-1.9370777,0.191993
-1.9368777,0.191993
-1.9366777,0.223991
-1.9364777,0.223991
-1.9362777,0.159994
-1.9360777,0.191993
-1.9358777,0.191993
-1.9356777,0.159994
-1.9354777,0.191993
-1.9352777,0.191993
-1.9350777,0.191993
-1.9348777,0.191993
-1.9346777,0.223991
-1.9344777,0.223991
-1.9342777,0.191993
-1.9340777,0.191993
-1.9338777,0.191993
-1.9336777,0.191993
-1.9334777,0.223991
-1.9332777,0.159994
-1.9330777,0.127995
-1.9328777,0.191993
-1.9326777,0.223991
-1.9324777,0.159994
-1.9322777,0.223991
-1.9320777,0.159994
-1.9318777,0.191993
-1.9316777,0.223991
-1.9314777,0.191993
-1.9312777,0.191993
-1.9310777,0.191993
-1.9308777,0.159994
-1.9306777,0.159994
-1.9304777,0.191993
-1.9302777,0.159994
-1.9300777,0.159994
-1.9298777,0.191993
-1.9296777,0.159994
-1.9294777,0.127995
-1.9292777,0.223991
-1.9290777,0.191993
-1.9288777,0.159994
-1.9286777,0.191993
-1.9284777,0.0959963
-1.9282777,0.0959963
-1.9280777,0.191993
-1.9278777,0.127995
-1.9276777,0.127995
-1.9274777,0.127995
-1.9272777,0.159994
-1.9270777,0.127995
-1.9268777,0.127995
-1.9266777,0.191993
-1.9264777,0.0959963
-1.9262777,0.159994
-1.9260777,0.127995
-1.9258777,0.0959963
-1.9256777,0.159994
-1.9254777,0.127995
-1.9252777,0.127995
-1.9250777,0.127995
-1.9248777,0.159994
-1.9246777,0.159994
-1.9244777,0.127995
-1.9242777,0.0959963
-1.9240777,0.127995
-1.9238777,0.127995
-1.9236777,0.0959963
-1.9234777,0.0959963
-1.9232777,0.127995
-1.9230777,0.0959963
-1.9228777,0.0959963
-1.9226777,0.127995
-1.9224777,0.0959963
-1.9222777,0.0959963
-1.9220777,0.0959963
-1.9218777,0.0959963
-1.9216777,0.0959963
-1.9214777,0.0959963
-1.9212777,0.0959963
-1.9210777,0.0959963
-1.9208777,0.127995
-1.9206777,0.0959963
-1.9204777,0.0639975
-1.9202777,0.127995
-1.9200777,0.127995
-1.9198777,0.127995
-1.9196777,0.127995
-1.9194777,0.0959963
-1.9192777,0.127995
-1.9190777,0.0959963
-1.9188777,0.0959963
-1.9186777,0.127995
-1.9184777,0.0959963
-1.9182777,0.0959963
-1.9180777,0.0639975
-1.9178777,0.159994
-1.9176777,0.127995
-1.9174777,0.0959963
-1.9172777,0.0959963
-1.9170777,0.0639975
-1.9168777,0.0959963
-1.9166777,0.159994
-1.9164777,0.0959963
-1.9162777,0.127995
-1.9160777,0.0959963
-1.9158777,0.127995
-1.9156777,0.127995
-1.9154777,0.0959963
-1.9152777,0.0959963
-1.9150777,0.0639975
-1.9148777,0.127995
-1.9146777,0.0959963
-1.9144777,0.0639975
-1.9142777,0.127995
-1.9140777,0.127995
-1.9138777,0.127995
-1.9136777,0.0959963
-1.9134777,0.127995
-1.9132777,0.0959963
-1.9130777,0.0959963
-1.9128777,0.0959963
-1.9126777,0.127995
-1.9124777,0.159994
-1.9122777,0.0959963
-1.9120777,0.0959963
-1.9118777,0.0959963
-1.9116777,0.0959963
-1.9114777,0.0959963
-1.9112777,0.127995
-1.9110777,0.0959963
-1.9108777,0.127995
-1.9106777,0.0959963
-1.9104777,0.0959963
-1.9102777,0.127995
-1.9100777,0.0959963
-1.9098777,0.127995
-1.9096777,0.0959963
-1.9094777,0.0959963
-1.9092777,0.0959963
-1.9090777,0.0959963
-1.9088777,0.127995
-1.9086777,0.127995
-1.9084777,0.127995
-1.9082777,0.127995
-1.9080777,0.159994
-1.9078777,0.127995
-1.9076777,0.127995
-1.9074777,0.127995
-1.9072777,0.127995
-1.9070777,0.0959963
-1.9068777,0.127995
-1.9066777,0.0639975
-1.9064777,0.0959963
-1.9062777,0.0959963
-1.9060777,0.127995
-1.9058777,0.127995
-1.9056777,0.0959963
-1.9054777,0.127995
-1.9052777,0.0959963
-1.9050777,0.0959963
-1.9048777,0.127995
-1.9046777,0.127995
-1.9044777,0.0959963
-1.9042777,0.0639975
-1.9040777,0.0959963
-1.9038777,0.127995
-1.9036777,0.0959963
-1.9034777,0.0959963
-1.9032777,0.0959963
-1.9030777,0.0959963
-1.9028777,0.0639975
-1.9026777,0.0959963
-1.9024777,0.0639975
-1.9022777,0.0959963
-1.9020777,0.0959963
-1.9018777,0.0639975
-1.9016777,0.0959963
-1.9014777,0.0959963
-1.9012777,0.0319988
-1.9010777,0.0959963
-1.9008777,0.0959963
-1.9006777,0.0319988
-1.9004777,0.0639975
-1.9002777,0.0959963
-1.9000777,0.0319988
-1.8998777,0.0959963
-1.8996777,0.0319988
-1.8994777,0.0639975
-1.8992777,0.0959963
-1.8990777,0.0639975
-1.8988777,0.0639975
-1.8986777,0.0319988
-1.8984777,0.0639975
-1.8982777,0.0639975
-1.8980777,0.0319988
-1.8978777,0.0639975
-1.8976777,0.0639975
-1.8974777,0.0319988
-1.8972777,0.0639975
-1.8970777,0.0319988
-1.8968777,0.0959963
-1.8966777,0.0319988
-1.8964777,0.0319988
-1.8962777,0.0639975
-1.8960777,0.0319988
-1.8958777,0
-1.8956777,0.0319988
-1.8954777,0.0319988
-1.8952777,0.0319988
-1.8950777,0.0639975
-1.8948777,0.0319988
-1.8946777,-0.0319988
-1.8944777,0.0319988
-1.8942777,0.0639975
-1.8940777,0.0319988
-1.8938777,0.0319988
-1.8936777,0.0639975
-1.8934777,0.0639975
-1.8932777,0.0639975
-1.8930777,0
-1.8928777,0.0319988
-1.8926777,0.0319988
-1.8924777,0.0319988
-1.8922777,0
-1.8920777,0.0639975
-1.8918777,0.0319988
-1.8916777,0.0319988
-1.8914777,0.0319988
-1.8912777,0.0639975
-1.8910777,0.0319988
-1.8908777,0.0319988
-1.8906777,0.0319988
-1.8904777,-0.0319988
-1.8902777,0.0319988
-1.8900777,0.0319988
-1.8898777,0
-1.8896777,0
-1.8894777,0.0639975
-1.8892777,-0.0319988
-1.8890777,0.0319988
-1.8888777,0.0319988
-1.8886777,0
-1.8884777,0
-1.8882777,0.0319988
-1.8880777,0
-1.8878777,0.0319988
-1.8876777,0
-1.8874777,0
-1.8872777,-0.0319988
-1.8870777,0
-1.8868777,0
-1.8866777,0.0319988
-1.8864777,0
-1.8862777,0
-1.8860777,0
-1.8858777,0
-1.8856777,0
-1.8854777,0.0319988
-1.8852777,0
-1.8850777,0
-1.8848777,0
-1.8846777,0
-1.8844777,-0.0319988
-1.8842777,0
-1.8840777,0
-1.8838777,-0.0319988
-1.8836777,0
-1.8834777,0.0319988
-1.8832777,0.0319988
-1.8830777,0
-1.8828777,0
-1.8826777,0
-1.8824777,0
-1.8822777,0.0319988
-1.8820777,0
-1.8818777,0
-1.8816777,0
-1.8814777,-0.0319988
-1.8812777,-0.0319988
-1.8810777,0.0319988
-1.8808777,0
-1.8806777,-0.0319988
-1.8804777,-0.0319988
-1.8802777,-0.0319988
-1.8800777,0
-1.8798777,0
-1.8796777,-0.0639975
-1.8794777,-0.0319988
-1.8792777,0
-1.8790777,-0.0639975
-1.8788777,0
-1.8786777,-0.0319988
-1.8784777,-0.0639975
-1.8782777,-0.0319988
-1.8780777,0
-1.8778777,-0.0959963
-1.8776777,-0.0319988
-1.8774777,-0.0319988
-1.8772777,-0.0639975
-1.8770777,0
-1.8768777,-0.0319988
-1.8766777,-0.0639975
-1.8764777,-0.0639975
-1.8762777,-0.0639975
-1.8760777,-0.0639975
-1.8758777,0
-1.8756777,-0.0639975
-1.8754777,-0.0639975
-1.8752777,-0.0639975
-1.8750777,-0.0639975
-1.8748777,-0.0639975
-1.8746777,-0.0639975
-1.8744777,-0.0319988
-1.8742777,-0.0639975
-1.8740777,-0.0319988
-1.8738777,-0.0319988
-1.8736777,-0.0959963
-1.8734777,-0.0639975
-1.8732777,-0.0319988
-1.8730777,-0.0639975
-1.8728777,-0.0319988
-1.8726777,-0.0639975
-1.8724777,-0.0319988
-1.8722777,-0.0639975
-1.8720777,-0.0319988
-1.8718777,-0.0639975
-1.8716777,-0.0319988
-1.8714777,-0.0319988
-1.8712777,-0.0959963
-1.8710777,-0.0319988
-1.8708777,-0.0319988
-1.8706777,-0.0639975
-1.8704777,-0.0639975
-1.8702777,-0.0639975
-1.8700777,-0.0959963
-1.8698777,-0.0319988
-1.8696777,-0.0319988
-1.8694777,-0.0639975
-1.8692777,-0.0639975
-1.8690777,-0.0319988
-1.8688777,-0.0959963
-1.8686777,0
-1.8684777,-0.0319988
-1.8682777,-0.0959963
-1.8680777,-0.0639975
-1.8678777,-0.0319988
-1.8676777,-0.0639975
-1.8674777,-0.0639975
-1.8672777,-0.0319988
-1.8670777,-0.0959963
-1.8668777,-0.0639975
-1.8666777,-0.0959963
-1.8664777,-0.0639975
-1.8662777,-0.0959963
-1.8660777,-0.0319988
-1.8658777,-0.0639975
-1.8656777,-0.0319988
-1.8654777,-0.0639975
-1.8652777,-0.0639975
-1.8650777,-0.0319988
-1.8648777,-0.0639975
-1.8646777,-0.0639975
-1.8644777,-0.0639975
-1.8642777,-0.0319988
-1.8640777,-0.0639975
-1.8638777,-0.0639975
-1.8636777,-0.0639975
-1.8634777,-0.127995
-1.8632777,-0.0639975
-1.8630777,-0.0639975
-1.8628777,-0.0639975
-1.8626777,-0.0639975
-1.8624777,0
-1.8622777,-0.0959963
-1.8620777,-0.0959963
-1.8618777,-0.0639975
-1.8616777,-0.0639975
-1.8614777,-0.0639975
-1.8612777,-0.127995
-1.8610777,-0.127995
-1.8608777,-0.0639975
-1.8606777,-0.0959963
-1.8604777,-0.127995
-1.8602777,-0.0639975
-1.8600777,-0.0639975
-1.8598777,-0.127995
-1.8596777,-0.0959963
-1.8594777,-0.0959963
-1.8592777,-0.0959963
-1.8590777,-0.0639975
-1.8588777,-0.0959963
-1.8586777,-0.0639975
-1.8584777,-0.0639975
-1.8582777,-0.0639975
-1.8580777,-0.127995
-1.8578777,-0.0959963
-1.8576777,-0.0959963
-1.8574777,-0.0959963
-1.8572777,-0.0959963
-1.8570777,-0.0959963
-1.8568777,-0.0959963
-1.8566777,-0.0959963
-1.8564777,-0.0639975
-1.8562777,-0.0959963
-1.8560777,-0.0959963
-1.8558777,-0.0959963
-1.8556777,-0.159994
-1.8554777,-0.0959963
-1.8552777,-0.0959963
-1.8550777,-0.127995
-1.8548777,-0.127995
-1.8546777,-0.0639975
-1.8544777,-0.159994
-1.8542777,-0.0959963
-1.8540777,-0.191993
-1.8538777,-0.127995
-1.8536777,-0.0959963
-1.8534777,-0.127995
-1.8532777,-0.159994
-1.8530777,-0.159994
-1.8528777,-0.127995
-1.8526777,-0.223991
-1.8524777,-0.0959963
-1.8522777,-0.0959963
-1.8520777,-0.159994
-1.8518777,-0.127995
-1.8516777,-0.159994
-1.8514777,-0.159994
-1.8512777,-0.159994
-1.8510777,-0.127995
-1.8508777,-0.191993
-1.8506777,-0.191993
-1.8504777,-0.127995
-1.8502777,-0.159994
-1.8500777,-0.159994
-1.8498777,-0.191993
-1.8496777,-0.159994
-1.8494777,-0.191993
-1.8492777,-0.127995
-1.8490777,-0.159994
-1.8488777,-0.159994
-1.8486777,-0.159994
-1.8484777,-0.159994
-1.8482777,-0.159994
-1.8480777,-0.127995
-1.8478777,-0.159994
-1.8476777,-0.159994
-1.8474777,-0.127995
-1.8472777,-0.159994
-1.8470777,-0.127995
-1.8468777,-0.159994
-1.8466777,-0.127995
-1.8464777,-0.159994
-1.8462777,-0.159994
-1.8460777,-0.191993
-1.8458777,-0.159994
-1.8456777,-0.191993
-1.8454777,-0.159994
-1.8452777,-0.159994
-1.8450777,-0.159994
-1.8448777,-0.223991
-1.8446777,-0.127995
-1.8444777,-0.159994
-1.8442777,-0.223991
-1.8440777,-0.191993
-1.8438777,-0.159994
-1.8436777,-0.191993
-1.8434777,-0.127995
-1.8432777,-0.159994
-1.8430777,-0.159994
-1.8428777,-0.223991
-1.8426777,-0.127995
-1.8424777,-0.159994
-1.8422777,-0.159994
-1.8420777,-0.127995
-1.8418777,-0.191993
-1.8416777,-0.223991
-1.8414777,-0.191993
-1.8412777,-0.191993
-1.8410777,-0.191993
-1.8408777,-0.191993
-1.8406777,-0.191993
-1.8404777,-0.191993
-1.8402777,-0.159994
-1.8400777,-0.191993
-1.8398777,-0.191993
-1.8396777,-0.159994
-1.8394777,-0.191993
-1.8392777,-0.159994
-1.8390777,-0.159994
-1.8388777,-0.191993
-1.8386777,-0.159994
-1.8384777,-0.191993
-1.8382777,-0.191993
-1.8380777,-0.191993
-1.8378777,-0.191993
-1.8376777,-0.159994
-1.8374777,-0.191993
-1.8372777,-0.191993
-1.8370777,-0.159994
-1.8368777,-0.191993
-1.8366777,-0.159994
-1.8364777,-0.223991
-1.8362777,-0.159994
-1.8360777,-0.159994
-1.8358777,-0.159994
-1.8356777,-0.159994
-1.8354777,-0.159994
-1.8352777,-0.159994
-1.8350777,-0.159994
-1.8348777,-0.159994
-1.8346777,-0.191993
-1.8344777,-0.127995
-1.8342777,-0.159994
-1.8340777,-0.223991
-1.8338777,-0.159994
-1.8336777,-0.191993
-1.8334777,-0.159994
-1.8332777,-0.159994
-1.8330777,-0.127995
-1.8328777,-0.223991
-1.8326777,-0.191993
-1.8324777,-0.191993
-1.8322777,-0.127995
-1.8320777,-0.191993
-1.8318777,-0.191993
-1.8316777,-0.159994
-1.8314777,-0.159994
-1.8312777,-0.191993
-1.8310777,-0.159994
-1.8308777,-0.159994
-1.8306777,-0.191993
-1.8304777,-0.191993
-1.8302777,-0.223991
-1.8300777,-0.159994
-1.8298777,-0.223991
-1.8296777,-0.159994
-1.8294777,-0.159994
-1.8292777,-0.223991
-1.8290777,-0.159994
-1.8288777,-0.191993
-1.8286777,-0.191993
-1.8284777,-0.191993
-1.8282777,-0.159994
-1.8280777,-0.223991
-1.8278777,-0.223991
-1.8276777,-0.127995
-1.8274777,-0.223991
-1.8272777,-0.223991
-1.8270777,-0.191993
-1.8268777,-0.223991
-1.8266777,-0.191993
-1.8264777,-0.159994
-1.8262777,-0.223991
-1.8260777,-0.159994
-1.8258777,-0.191993
-1.8256777,-0.191993
-1.8254777,-0.191993
-1.8252777,-0.191993
-1.8250777,-0.191993
-1.8248777,-0.191993
-1.8246777,-0.191993
-1.8244777,-0.191993
-1.8242777,-0.159994
-1.8240777,-0.159994
-1.8238777,-0.223991
-1.8236777,-0.191993
-1.8234777,-0.191993
-1.8232777,-0.191993
-1.8230777,-0.223991
-1.8228777,-0.159994
-1.8226777,-0.191993
-1.8224777,-0.191993
-1.8222777,-0.127995
-1.8220777,-0.223991
-1.8218777,-0.223991
-1.8216777,-0.191993
-1.8214777,-0.191993
-1.8212777,-0.191993
-1.8210777,-0.191993
-1.8208777,-0.223991
-1.8206777,-0.191993
-1.8204777,-0.191993
-1.8202777,-0.223991
-1.8200777,-0.223991
-1.8198777,-0.191993
-1.8196777,-0.191993
-1.8194777,-0.191993
-1.8192777,-0.191993
-1.8190777,-0.191993
-1.8188777,-0.223991
-1.8186777,-0.159994
-1.8184777,-0.223991
-1.8182777,-0.159994
-1.8180777,-0.191993
-1.8178777,-0.223991
-1.8176777,-0.223991
-1.8174777,-0.223991
-1.8172777,-0.191993
-1.8170777,-0.191993
-1.8168777,-0.223991
-1.8166777,-0.191993
-1.8164777,-0.223991
-1.8162777,-0.25599
-1.8160777,-0.223991
-1.8158777,-0.223991
-1.8156777,-0.159994
-1.8154777,-0.223991
-1.8152777,-0.223991
-1.8150777,-0.191993
-1.8148777,-0.159994
-1.8146777,-0.223991
-1.8144777,-0.25599
-1.8142777,-0.223991
-1.8140777,-0.25599
-1.8138777,-0.191993
-1.8136777,-0.191993
-1.8134777,-0.25599
-1.8132777,-0.191993
-1.8130777,-0.223991
-1.8128777,-0.25599
-1.8126777,-0.191993
-1.8124777,-0.223991
-1.8122777,-0.25599
-1.8120777,-0.191993
-1.8118777,-0.223991
-1.8116777,-0.25599
-1.8114777,-0.223991
-1.8112777,-0.223991
-1.8110777,-0.159994
-1.8108777,-0.191993
-1.8106777,-0.223991
-1.8104777,-0.191993
-1.8102777,-0.223991
-1.8100777,-0.223991
-1.8098777,-0.223991
-1.8096777,-0.191993
-1.8094777,-0.191993
-1.8092777,-0.191993
-1.8090777,-0.223991
-1.8088777,-0.25599
-1.8086777,-0.25599
-1.8084777,-0.223991
-1.8082777,-0.223991
-1.8080777,-0.223991
-1.8078777,-0.191993
-1.8076777,-0.223991
-1.8074777,-0.25599
-1.8072777,-0.191993
-1.8070777,-0.25599
-1.8068777,-0.223991
-1.8066777,-0.191993
-1.8064777,-0.25599
-1.8062777,-0.223991
-1.8060777,-0.191993
-1.8058777,-0.223991
-1.8056777,-0.25599
-1.8054777,-0.223991
-1.8052777,-0.25599
-1.8050777,-0.223991
-1.8048777,-0.191993
-1.8046777,-0.223991
-1.8044777,-0.25599
-1.8042777,-0.223991
-1.8040777,-0.25599
-1.8038777,-0.25599
-1.8036777,-0.191993
-1.8034777,-0.25599
-1.8032777,-0.191993
-1.8030777,-0.223991
-1.8028777,-0.25599
-1.8026777,-0.25599
-1.8024777,-0.25599
-1.8022777,-0.223991
-1.8020777,-0.223991
-1.8018777,-0.25599
-1.8016777,-0.25599
-1.8014777,-0.223991
-1.8012777,-0.25599
-1.8010777,-0.319988
-1.8008777,-0.25599
-1.8006777,-0.223991
-1.8004777,-0.287989
-1.8002777,-0.25599
-1.8000777,-0.223991
-1.7998777,-0.287989
-1.7996777,-0.25599
-1.7994777,-0.287989
-1.7992777,-0.287989
-1.7990777,-0.25599
-1.7988777,-0.25599
-1.7986777,-0.287989
-1.7984777,-0.287989
-1.7982777,-0.25599
-1.7980777,-0.287989
-1.7978777,-0.25599
-1.7976777,-0.223991
-1.7974777,-0.319988
-1.7972777,-0.25599
-1.7970777,-0.25599
-1.7968777,-0.287989
-1.7966777,-0.287989
-1.7964777,-0.287989
-1.7962777,-0.319988
-1.7960777,-0.25599
-1.7958777,-0.287989
-1.7956777,-0.319988
-1.7954777,-0.287989
-1.7952777,-0.319988
-1.7950777,-0.319988
-1.7948777,-0.319988
-1.7946777,-0.319988
-1.7944777,-0.287989
-1.7942777,-0.287989
-1.7940777,-0.287989
-1.7938777,-0.287989
-1.7936777,-0.287989
-1.7934777,-0.319988
-1.7932777,-0.319988
-1.7930777,-0.287989
-1.7928777,-0.287989
-1.7926777,-0.319988
-1.7924777,-0.287989
-1.7922777,-0.319988
-1.7920777,-0.287989
-1.7918777,-0.319988
-1.7916777,-0.25599
-1.7914777,-0.319988
-1.7912777,-0.319988
-1.7910777,-0.319988
-1.7908777,-0.319988
-1.7906777,-0.383985
-1.7904777,-0.319988
-1.7902777,-0.287989
-1.7900777,-0.287989
-1.7898777,-0.319988
-1.7896777,-0.287989
-1.7894777,-0.319988
-1.7892777,-0.351986
-1.7890777,-0.319988
-1.7888777,-0.287989
-1.7886777,-0.287989
-1.7884777,-0.287989
-1.7882777,-0.319988
-1.7880777,-0.319988
-1.7878777,-0.319988
-1.7876777,-0.287989
-1.7874777,-0.319988
-1.7872777,-0.287989
-1.7870777,-0.287989
-1.7868777,-0.319988
-1.7866777,-0.351986
-1.7864777,-0.287989
-1.7862777,-0.319988
-1.7860777,-0.319988
-1.7858777,-0.319988
-1.7856777,-0.351986
-1.7854777,-0.319988
-1.7852777,-0.351986
-1.7850777,-0.287989
-1.7848777,-0.287989
-1.7846777,-0.287989
-1.7844777,-0.287989
-1.7842777,-0.287989
-1.7840777,-0.319988
-1.7838777,-0.319988
-1.7836777,-0.287989
-1.7834777,-0.287989
-1.7832777,-0.25599
-1.7830777,-0.319988
-1.7828777,-0.287989
-1.7826777,-0.287989
-1.7824777,-0.287989
-1.7822777,-0.287989
-1.7820777,-0.287989
-1.7818777,-0.287989
-1.7816777,-0.25599
-1.7814777,-0.319988
-1.7812777,-0.25599
-1.7810777,-0.287989
-1.7808777,-0.25599
-1.7806777,-0.287989
-1.7804777,-0.287989
-1.7802777,-0.223991
-1.7800777,-0.25599
-1.7798777,-0.287989
-1.7796777,-0.287989
-1.7794777,-0.25599
-1.7792777,-0.25599
-1.7790777,-0.25599
-1.7788777,-0.287989
-1.7786777,-0.287989
-1.7784777,-0.223991
-1.7782777,-0.25599
-1.7780777,-0.223991
-1.7778777,-0.25599
-1.7776777,-0.25599
-1.7774777,-0.223991
-1.7772777,-0.191993
-1.7770777,-0.25599
-1.7768777,-0.25599
-1.7766777,-0.191993
-1.7764777,-0.25599
-1.7762777,-0.223991
-1.7760777,-0.223991
-1.7758777,-0.191993
-1.7756777,-0.223991
-1.7754777,-0.25599
-1.7752777,-0.25599
-1.7750777,-0.223991
-1.7748777,-0.223991
-1.7746777,-0.223991
-1.7744777,-0.223991
-1.7742777,-0.191993
-1.7740777,-0.25599
-1.7738777,-0.191993
-1.7736777,-0.223991
-1.7734777,-0.191993
-1.7732777,-0.223991
-1.7730777,-0.223991
-1.7728777,-0.223991
-1.7726777,-0.223991
-1.7724777,-0.191993
-1.7722777,-0.223991
-1.7720777,-0.191993
-1.7718777,-0.159994
-1.7716777,-0.191993
-1.7714777,-0.223991
-1.7712777,-0.159994
-1.7710777,-0.25599
-1.7708777,-0.223991
-1.7706777,-0.159994
-1.7704777,-0.159994
-1.7702777,-0.159994
-1.7700777,-0.191993
-1.7698777,-0.223991
-1.7696777,-0.191993
-1.7694777,-0.191993
-1.7692777,-0.191993
-1.7690777,-0.191993
-1.7688777,-0.159994
-1.7686777,-0.191993
-1.7684777,-0.191993
-1.7682777,-0.127995
-1.7680777,-0.191993
-1.7678777,-0.191993
-1.7676777,-0.159994
-1.7674777,-0.223991
-1.7672777,-0.223991
-1.7670777,-0.191993
-1.7668777,-0.223991
-1.7666777,-0.223991
-1.7664777,-0.159994
-1.7662777,-0.191993
-1.7660777,-0.191993
-1.7658777,-0.159994
-1.7656777,-0.159994
-1.7654777,-0.191993
-1.7652777,-0.191993
-1.7650777,-0.191993
-1.7648777,-0.191993
-1.7646777,-0.159994
-1.7644777,-0.159994
-1.7642777,-0.191993
-1.7640777,-0.191993
-1.7638777,-0.191993
-1.7636777,-0.159994
-1.7634777,-0.191993
-1.7632777,-0.191993
-1.7630777,-0.191993
-1.7628777,-0.159994
-1.7626777,-0.191993
-1.7624777,-0.223991
-1.7622777,-0.159994
-1.7620777,-0.191993
-1.7618777,-0.159994
-1.7616777,-0.159994
-1.7614777,-0.127995
-1.7612777,-0.159994
-1.7610777,-0.159994
-1.7608777,-0.191993
-1.7606777,-0.191993
-1.7604777,-0.191993
-1.7602777,-0.127995
-1.7600777,-0.159994
-1.7598777,-0.159994
-1.7596777,-0.191993
-1.7594777,-0.159994
-1.7592777,-0.159994
-1.7590777,-0.191993
-1.7588777,-0.127995
-1.7586777,-0.159994
-1.7584777,-0.191993
-1.7582777,-0.127995
-1.7580777,-0.127995
-1.7578777,-0.159994
-1.7576777,-0.127995
-1.7574777,-0.159994
-1.7572777,-0.191993
-1.7570777,-0.159994
-1.7568777,-0.127995
-1.7566777,-0.191993
-1.7564777,-0.159994
-1.7562777,-0.159994
-1.7560777,-0.191993
-1.7558777,-0.127995
-1.7556777,-0.127995
-1.7554777,-0.191993
-1.7552777,-0.159994
-1.7550777,-0.127995
-1.7548777,-0.223991
-1.7546777,-0.159994
-1.7544777,-0.127995
-1.7542777,-0.127995
-1.7540777,-0.159994
-1.7538777,-0.127995
-1.7536777,-0.159994
-1.7534777,-0.159994
-1.7532777,-0.159994
-1.7530777,-0.191993
-1.7528777,-0.127995
-1.7526777,-0.127995
-1.7524777,-0.159994
-1.7522777,-0.127995
-1.7520777,-0.127995
-1.7518777,-0.159994
-1.7516777,-0.159994
-1.7514777,-0.0959963
-1.7512777,-0.159994
-1.7510777,-0.127995
-1.7508777,-0.127995
-1.7506777,-0.159994
-1.7504777,-0.127995
-1.7502777,-0.127995
-1.7500777,-0.127995
-1.7498777,-0.127995
-1.7496777,-0.127995
-1.7494777,-0.0959963
-1.7492777,-0.159994
-1.7490777,-0.0959963
-1.7488777,-0.127995
-1.7486777,-0.0639975
-1.7484777,-0.0959963
-1.7482777,-0.127995
-1.7480777,-0.0959963
-1.7478777,-0.0959963
-1.7476777,-0.127995
-1.7474777,-0.0959963
-1.7472777,-0.0959963
-1.7470777,-0.127995
-1.7468777,-0.0959963
-1.7466777,-0.127995
-1.7464777,-0.0959963
-1.7462777,-0.0639975
-1.7460777,-0.159994
-1.7458777,-0.0959963
-1.7456777,-0.0959963
-1.7454777,-0.0639975
-1.7452777,-0.0959963
-1.7450777,-0.0639975
-1.7448777,-0.0319988
-1.7446777,-0.0639975
-1.7444777,-0.0959963
-1.7442777,-0.0639975
-1.7440777,-0.0639975
-1.7438777,-0.0959963
-1.7436777,-0.0639975
-1.7434777,-0.0639975
-1.7432777,-0.0639975
-1.7430777,-0.0319988
-1.7428777,-0.0959963
-1.7426777,-0.0319988
-1.7424777,-0.0319988
-1.7422777,-0.0959963
-1.7420777,-0.0319988
-1.7418777,-0.0639975
-1.7416777,-0.0639975
-1.7414777,-0.0319988
-1.7412777,0
-1.7410777,-0.0319988
-1.7408777,0
-1.7406777,-0.0639975
-1.7404777,-0.0639975
-1.7402777,0
-1.7400777,-0.0639975
-1.7398777,-0.0959963
-1.7396777,0
-1.7394777,-0.0639975
-1.7392777,-0.0639975
-1.7390777,-0.0639975
-1.7388777,-0.0319988
-1.7386777,-0.0319988
-1.7384777,-0.0639975
-1.7382777,-0.0319988
-1.7380777,-0.0639975
-1.7378777,-0.0319988
-1.7376777,-0.0319988
-1.7374777,-0.0959963
-1.7372777,-0.0319988
-1.7370777,0
-1.7368777,-0.0639975
-1.7366777,-0.0319988
-1.7364777,-0.0319988
-1.7362777,-0.0639975
-1.7360777,0
-1.7358777,0
-1.7356777,-0.0639975
-1.7354777,-0.0319988
-1.7352777,-0.0639975
-1.7350777,-0.0319988
-1.7348777,0
-1.7346777,0
-1.7344777,-0.0319988
-1.7342777,-0.0319988
-1.7340777,0
-1.7338777,-0.0639975
-1.7336777,0
-1.7334777,-0.0319988
-1.7332777,0
-1.7330777,0.0319988
-1.7328777,-0.0639975
-1.7326777,-0.0319988
-1.7324777,0.0319988
-1.7322777,0
-1.7320777,0
-1.7318777,-0.0319988
-1.7316777,0.0319988
-1.7314777,0
-1.7312777,0.0319988
-1.7310777,0
-1.7308777,0.0319988
-1.7306777,0.0319988
-1.7304777,0.0319988
-1.7302777,-0.0319988
-1.7300777,0
-1.7298777,0.0319988
-1.7296777,-0.0319988
-1.7294777,0.0639975
-1.7292777,0
-1.7290777,-0.0319988
-1.7288777,0
-1.7286777,0
-1.7284777,-0.0319988
-1.7282777,-0.0639975
-1.7280777,0
-1.7278777,0
-1.7276777,-0.0639975
-1.7274777,0
-1.7272777,-0.0319988
-1.7270777,0
-1.7268777,0
-1.7266777,0
-1.7264777,0
-1.7262777,-0.0319988
-1.7260777,-0.0639975
-1.7258777,0
-1.7256777,-0.0319988
-1.7254777,-0.0959963
-1.7252777,0
-1.7250777,0
-1.7248777,-0.0639975
-1.7246777,-0.0319988
-1.7244777,-0.0319988
-1.7242777,-0.0319988
-1.7240777,-0.0319988
-1.7238777,-0.0319988
-1.7236777,-0.0639975
-1.7234777,0
-1.7232777,-0.0639975
-1.7230777,-0.0319988
-1.7228777,0
-1.7226777,-0.0319988
-1.7224777,-0.0639975
-1.7222777,-0.0639975
-1.7220777,0
-1.7218777,-0.0319988
-1.7216777,-0.0639975
-1.7214777,-0.0319988
-1.7212777,-0.0319988
-1.7210777,0
-1.7208777,0.0319988
-1.7206777,-0.0319988
-1.7204777,-0.0319988
-1.7202777,-0.0319988
-1.7200777,-0.0639975
-1.7198777,0.0319988
-1.7196777,0.0319988
-1.7194777,-0.0639975
-1.7192777,0
-1.7190777,-0.0319988
-1.7188777,-0.0319988
-1.7186777,0
-1.7184777,0
-1.7182777,-0.0319988
-1.7180777,0
-1.7178777,-0.0319988
-1.7176777,0
-1.7174777,-0.0319988
-1.7172777,-0.0319988
-1.7170777,-0.0959963
-1.7168777,-0.0639975
-1.7166777,-0.0319988
-1.7164777,-0.0639975
-1.7162777,0
-1.7160777,-0.0639975
-1.7158777,-0.0959963
-1.7156777,-0.0639975
-1.7154777,-0.0319988
-1.7152777,-0.0639975
-1.7150777,-0.0319988
-1.7148777,-0.0959963
-1.7146777,-0.0639975
-1.7144777,-0.0639975
-1.7142777,-0.0639975
-1.7140777,-0.0639975
-1.7138777,-0.0639975
-1.7136777,-0.0959963
-1.7134777,-0.0639975
-1.7132777,-0.0639975
-1.7130777,-0.0959963
-1.7128777,-0.0959963
-1.7126777,-0.0959963
-1.7124777,-0.0639975
-1.7122777,-0.0959963
-1.7120777,-0.0319988
-1.7118777,-0.0319988
-1.7116777,-0.0959963
-1.7114777,-0.0639975
-1.7112777,-0.0959963
-1.7110777,-0.0959963
-1.7108777,-0.0639975
-1.7106777,-0.0639975
-1.7104777,-0.0959963
-1.7102777,-0.0319988
-1.7100777,-0.0959963
-1.7098777,-0.127995
-1.7096777,-0.0959963
-1.7094777,-0.0639975
-1.7092777,-0.0959963
-1.7090777,-0.0639975
-1.7088777,-0.0319988
-1.7086777,-0.0959963
-1.7084777,-0.0639975
-1.7082777,-0.0639975
-1.7080777,-0.127995
-1.7078777,-0.0959963
-1.7076777,-0.0959963
-1.7074777,-0.127995
-1.7072777,-0.0959963
-1.7070777,-0.0319988
-1.7068777,-0.0639975
-1.7066777,-0.0959963
-1.7064777,-0.0959963
-1.7062777,-0.0959963
-1.7060777,-0.0959963
-1.7058777,-0.0639975
-1.7056777,-0.0959963
-1.7054777,-0.0639975
-1.7052777,-0.0639975
-1.7050777,-0.127995
-1.7048777,-0.0639975
-1.7046777,-0.0959963
-1.7044777,-0.0959963
-1.7042777,-0.0639975
-1.7040777,-0.0959963
-1.7038777,-0.0959963
-1.7036777,-0.0639975
-1.7034777,-0.0959963
-1.7032777,-0.0959963
-1.7030777,-0.127995
-1.7028777,-0.0959963
-1.7026777,-0.127995
-1.7024777,-0.127995
-1.7022777,-0.127995
-1.7020777,-0.127995
-1.7018777,-0.127995
-1.7016777,-0.0639975
-1.7014777,-0.0959963
-1.7012777,-0.0639975
-1.7010777,-0.0959963
-1.7008777,-0.127995
-1.7006777,-0.127995
-1.7004777,-0.0959963
-1.7002777,-0.127995
-1.7000777,-0.127995
-1.6998777,-0.0959963
-1.6996777,-0.0959963
-1.6994777,-0.0959963
-1.6992777,-0.127995
-1.6990777,-0.127995
-1.6988777,-0.159994
-1.6986777,-0.127995
-1.6984777,-0.127995
-1.6982777,-0.0639975
-1.6980777,-0.0319988
-1.6978777,-0.159994
-1.6976777,-0.0639975
-1.6974777,-0.0959963
-1.6972777,-0.127995
-1.6970777,-0.0959963
-1.6968777,-0.127995
-1.6966777,-0.0959963
-1.6964777,-0.0959963
-1.6962777,-0.0959963
-1.6960777,-0.127995
-1.6958777,-0.159994
-1.6956777,-0.0959963
-1.6954777,-0.127995
-1.6952777,-0.0959963
-1.6950777,-0.0639975
-1.6948777,-0.127995
-1.6946777,-0.0959963
-1.6944777,-0.0959963
-1.6942777,-0.127995
-1.6940777,-0.0959963
-1.6938777,-0.0959963
-1.6936777,-0.0639975
-1.6934777,-0.0959963
-1.6932777,-0.0959963
-1.6930777,-0.0959963
-1.6928777,-0.0639975
-1.6926777,-0.0959963
-1.6924777,-0.127995
-1.6922777,-0.0959963
-1.6920777,-0.0959963
-1.6918777,-0.127995
-1.6916777,-0.0959963
-1.6914777,-0.127995
-1.6912777,-0.127995
-1.6910777,-0.0959963
-1.6908777,-0.127995
-1.6906777,-0.0959963
-1.6904777,-0.0959963
-1.6902777,-0.0959963
-1.6900777,-0.0959963
-1.6898777,-0.127995
-1.6896777,-0.127995
-1.6894777,-0.159994
-1.6892777,-0.127995
-1.6890777,-0.0959963
-1.6888777,-0.159994
-1.6886777,-0.127995
-1.6884777,-0.127995
-1.6882777,-0.127995
-1.6880777,-0.159994
-1.6878777,-0.127995
-1.6876777,-0.159994
-1.6874777,-0.0959963
-1.6872777,-0.159994
-1.6870777,-0.191993
-1.6868777,-0.0959963
-1.6866777,-0.159994
-1.6864777,-0.191993
-1.6862777,-0.127995
-1.6860777,-0.127995
-1.6858777,-0.191993
-1.6856777,-0.159994
-1.6854777,-0.191993
-1.6852777,-0.127995
-1.6850777,-0.159994
-1.6848777,-0.127995
-1.6846777,-0.159994
-1.6844777,-0.0959963
-1.6842777,-0.159994
-1.6840777,-0.0959963
-1.6838777,-0.159994
-1.6836777,-0.159994
-1.6834777,-0.159994
-1.6832777,-0.127995
-1.6830777,-0.0959963
-1.6828777,-0.159994
-1.6826777,-0.159994
-1.6824777,-0.0959963
-1.6822777,-0.127995
-1.6820777,-0.0959963
-1.6818777,-0.127995
-1.6816777,-0.159994
-1.6814777,-0.159994
-1.6812777,-0.127995
-1.6810777,-0.159994
-1.6808777,-0.159994
-1.6806777,-0.127995
-1.6804777,-0.127995
-1.6802777,-0.0959963
-1.6800777,-0.159994
-1.6798777,-0.191993
-1.6796777,-0.159994
-1.6794777,-0.127995
-1.6792777,-0.159994
-1.6790777,-0.159994
-1.6788777,-0.191993
-1.6786777,-0.127995
-1.6784777,-0.159994
-1.6782777,-0.127995
-1.6780777,-0.159994
-1.6778777,-0.127995
-1.6776777,-0.127995
-1.6774777,-0.159994
-1.6772777,-0.159994
-1.6770777,-0.127995
-1.6768777,-0.159994
-1.6766777,-0.127995
-1.6764777,-0.0959963
-1.6762777,-0.127995
-1.6760777,-0.127995
-1.6758777,-0.127995
-1.6756777,-0.127995
-1.6754777,-0.127995
-1.6752777,-0.0959963
-1.6750777,-0.159994
-1.6748777,-0.127995
-1.6746777,-0.127995
-1.6744777,-0.159994
-1.6742777,-0.127995
-1.6740777,-0.127995
-1.6738777,-0.0959963
-1.6736777,-0.0959963
-1.6734777,-0.127995
-1.6732777,-0.127995
-1.6730777,-0.159994
-1.6728777,-0.0639975
-1.6726777,-0.127995
-1.6724777,-0.127995
-1.6722777,-0.0959963
-1.6720777,-0.191993
-1.6718777,-0.127995
-1.6716777,-0.0959963
-1.6714777,-0.159994
-1.6712777,-0.0959963
-1.6710777,-0.0639975
-1.6708777,-0.159994
-1.6706777,-0.0639975
-1.6704777,-0.127995
-1.6702777,-0.159994
-1.6700777,-0.0959963
-1.6698777,-0.127995
-1.6696777,-0.159994
-1.6694777,-0.127995
-1.6692777,-0.127995
-1.6690777,-0.0959963
-1.6688777,-0.127995
-1.6686777,-0.0959963
-1.6684777,-0.127995
-1.6682777,-0.0959963
-1.6680777,-0.127995
-1.6678777,-0.159994
-1.6676777,-0.0959963
-1.6674777,-0.0959963
-1.6672777,-0.191993
-1.6670777,-0.127995
-1.6668777,-0.127995
-1.6666777,-0.159994
-1.6664777,-0.127995
-1.6662777,-0.127995
-1.6660777,-0.127995
-1.6658777,-0.127995
-1.6656777,-0.0639975
-1.6654777,-0.159994
-1.6652777,-0.127995
-1.6650777,-0.127995
-1.6648777,-0.159994
-1.6646777,-0.159994
-1.6644777,-0.159994
-1.6642777,-0.127995
-1.6640777,-0.127995
-1.6638777,-0.0959963
-1.6636777,-0.159994
-1.6634777,-0.127995
-1.6632777,-0.127995
-1.6630777,-0.127995
-1.6628777,-0.127995
-1.6626777,-0.159994
-1.6624777,-0.127995
-1.6622777,-0.191993
-1.6620777,-0.0959963
-1.6618777,-0.159994
-1.6616777,-0.127995
-1.6614777,-0.127995
-1.6612777,-0.159994
-1.6610777,-0.127995
-1.6608777,-0.127995
-1.6606777,-0.127995
-1.6604777,-0.159994
-1.6602777,-0.0959963
-1.6600777,-0.223991
-1.6598777,-0.159994
-1.6596777,-0.127995
-1.6594777,-0.159994
-1.6592777,-0.127995
-1.6590777,-0.159994
-1.6588777,-0.159994
-1.6586777,-0.127995
-1.6584777,-0.127995
-1.6582777,-0.127995
-1.6580777,-0.159994
-1.6578777,-0.127995
-1.6576777,-0.127995
-1.6574777,-0.0959963
-1.6572777,-0.0959963
-1.6570777,-0.127995
-1.6568777,-0.127995
-1.6566777,-0.159994
-1.6564777,-0.127995
-1.6562777,-0.127995
-1.6560777,-0.0959963
-1.6558777,-0.127995
-1.6556777,-0.0959963
-1.6554777,-0.127995
-1.6552777,-0.159994
-1.6550777,-0.0959963
-1.6548777,-0.127995
-1.6546777,-0.127995
-1.6544777,-0.127995
-1.6542777,-0.0959963
-1.6540777,-0.127995
-1.6538777,-0.127995
-1.6536777,-0.127995
-1.6534777,-0.127995
-1.6532777,-0.127995
-1.6530777,-0.127995
-1.6528777,-0.159994
-1.6526777,-0.0959963
-1.6524777,-0.127995
-1.6522777,-0.127995
-1.6520777,-0.159994
-1.6518777,-0.0959963
-1.6516777,-0.159994
-1.6514777,-0.127995
-1.6512777,-0.0959963
-1.6510777,-0.127995
-1.6508777,-0.0959963
-1.6506777,-0.127995
-1.6504777,-0.127995
-1.6502777,-0.127995
-1.6500777,-0.0959963
-1.6498777,-0.127995
-1.6496777,-0.127995
-1.6494777,-0.0959963
-1.6492777,-0.159994
-1.6490777,-0.127995
-1.6488777,-0.0639975
-1.6486777,-0.127995
-1.6484777,-0.0959963
-1.6482777,-0.0639975
-1.6480777,-0.0959963
-1.6478777,-0.0959963
-1.6476777,-0.0959963
-1.6474777,-0.127995
-1.6472777,-0.0959963
-1.6470777,-0.0959963
-1.6468777,-0.127995
-1.6466777,-0.0959963
-1.6464777,-0.0959963
-1.6462777,-0.159994
-1.6460777,-0.159994
-1.6458777,-0.0959963
-1.6456777,-0.159994
-1.6454777,-0.0639975
-1.6452777,-0.0959963
-1.6450777,-0.127995
-1.6448777,-0.0959963
-1.6446777,-0.0959963
-1.6444777,-0.159994
-1.6442777,-0.0959963
-1.6440777,-0.0959963
-1.6438777,-0.127995
-1.6436777,-0.0639975
-1.6434777,-0.127995
-1.6432777,-0.0959963
-1.6430777,-0.0959963
-1.6428777,-0.0959963
-1.6426777,-0.127995
-1.6424777,-0.127995
-1.6422777,-0.0959963
-1.6420777,-0.159994
-1.6418777,-0.0639975
-1.6416777,-0.0959963
-1.6414777,-0.127995
-1.6412777,-0.0639975
-1.6410777,-0.0959963
-1.6408777,-0.127995
-1.6406777,-0.127995
-1.6404777,-0.0959963
-1.6402777,-0.127995
-1.6400777,-0.0959963
-1.6398777,-0.127995
-1.6396777,-0.159994
-1.6394777,-0.0959963
-1.6392777,-0.127995
-1.6390777,-0.159994
-1.6388777,-0.127995
-1.6386777,-0.0959963
-1.6384777,-0.127995
-1.6382777,-0.0959963
-1.6380777,-0.127995
-1.6378777,-0.127995
-1.6376777,-0.127995
-1.6374777,-0.127995
-1.6372777,-0.127995
-1.6370777,-0.127995
-1.6368777,-0.0959963
-1.6366777,-0.159994
-1.6364777,-0.127995
-1.6362777,-0.0959963
-1.6360777,-0.159994
-1.6358777,-0.127995
-1.6356777,-0.0959963
-1.6354777,-0.0959963
-1.6352777,-0.0959963
-1.6350777,-0.127995
-1.6348777,-0.127995
-1.6346777,-0.0639975
-1.6344777,-0.127995
-1.6342777,-0.127995
-1.6340777,-0.0959963
-1.6338777,-0.0959963
-1.6336777,-0.159994
-1.6334777,-0.127995
-1.6332777,-0.0959963
-1.6330777,-0.127995
-1.6328777,-0.0959963
-1.6326777,-0.0639975
-1.6324777,-0.159994
-1.6322777,-0.0959963
-1.6320777,-0.0959963
-1.6318777,-0.127995
-1.6316777,-0.127995
-1.6314777,-0.0639975
-1.6312777,-0.127995
-1.6310777,-0.127995
-1.6308777,-0.127995
-1.6306777,-0.127995
-1.6304777,-0.0959963
-1.6302777,-0.0959963
-1.6300777,-0.127995
-1.6298777,-0.0959963
-1.6296777,-0.0959963
-1.6294777,-0.0959963
-1.6292777,-0.0639975
-1.6290777,-0.0959963
-1.6288777,-0.0959963
-1.6286777,-0.0959963
-1.6284777,-0.0959963
-1.6282777,-0.127995
-1.6280777,-0.0959963
-1.6278777,-0.0959963
-1.6276777,-0.127995
-1.6274777,-0.127995
-1.6272777,-0.0959963
-1.6270777,-0.0959963
-1.6268777,-0.0959963
-1.6266777,-0.127995
-1.6264777,-0.159994
-1.6262777,-0.0639975
-1.6260777,-0.0639975
-1.6258777,-0.127995
-1.6256777,-0.0959963
-1.6254777,-0.0639975
-1.6252777,-0.127995
-1.6250777,-0.0959963
-1.6248777,-0.0639975
-1.6246777,-0.0959963
-1.6244777,-0.0639975
-1.6242777,-0.0639975
-1.6240777,-0.0959963
-1.6238777,-0.0959963
-1.6236777,-0.0639975
-1.6234777,-0.0959963
-1.6232777,-0.0959963
-1.6230777,-0.0639975
-1.6228777,-0.0959963
-1.6226777,-0.0959963
-1.6224777,-0.0959963
-1.6222777,-0.0639975
-1.6220777,-0.0639975
-1.6218777,-0.0959963
-1.6216777,-0.0639975
-1.6214777,-0.0639975
-1.6212777,-0.0319988
-1.6210777,-0.127995
-1.6208777,-0.0639975
-1.6206777,-0.0959963
-1.6204777,-0.0959963
-1.6202777,-0.0639975
-1.6200777,-0.0959963
-1.6198777,-0.127995
-1.6196777,-0.0959963
-1.6194777,-0.0319988
-1.6192777,-0.127995
-1.6190777,-0.0959963
-1.6188777,-0.0639975
-1.6186777,-0.0959963
-1.6184777,-0.0639975
-1.6182777,-0.0639975
-1.6180777,-0.0959963
-1.6178777,-0.0959963
-1.6176777,-0.0639975
-1.6174777,-0.127995
-1.6172777,-0.0639975
-1.6170777,-0.0319988
-1.6168777,-0.0959963
-1.6166777,-0.0639975
-1.6164777,-0.0959963
-1.6162777,-0.0639975
-1.6160777,0
-1.6158777,-0.0639975
-1.6156777,-0.0639975
-1.6154777,-0.0319988
-1.6152777,-0.0319988
-1.6150777,-0.0639975
-1.6148777,0
-1.6146777,0
-1.6144777,-0.0639975
-1.6142777,-0.0319988
-1.6140777,-0.0319988
-1.6138777,-0.0319988
-1.6136777,0
-1.6134777,0
-1.6132777,-0.0959963
-1.6130777,-0.0319988
-1.6128777,0
-1.6126777,-0.0639975
-1.6124777,-0.0319988
-1.6122777,-0.0319988
-1.6120777,0
-1.6118777,-0.0319988
-1.6116777,0.0319988
-1.6114777,-0.0319988
-1.6112777,0
-1.6110777,-0.0319988
-1.6108777,-0.0639975
-1.6106777,-0.0319988
-1.6104777,-0.0639975
-1.6102777,0.0639975
-1.6100777,0
-1.6098777,0.0319988
-1.6096777,0
-1.6094777,-0.0319988
-1.6092777,0
-1.6090777,0
-1.6088777,-0.0319988
-1.6086777,0
-1.6084777,0.0319988
-1.6082777,0.0319988
-1.6080777,0.0319988
-1.6078777,0.0319988
-1.6076777,0.0639975
-1.6074777,0.0639975
-1.6072777,0
-1.6070777,0.0319988
-1.6068777,-0.0319988
-1.6066777,0
-1.6064777,0
-1.6062777,0.0319988
-1.6060777,0.0319988
-1.6058777,0
-1.6056777,0.0319988
-1.6054777,0
-1.6052777,0
-1.6050777,0.0639975
-1.6048777,0
-1.6046777,0.0319988
-1.6044777,0.0319988
-1.6042777,0
-1.6040777,0
-1.6038777,0.0319988
-1.6036777,0.0639975
-1.6034777,0.0319988
-1.6032777,0.0319988
-1.6030777,0
-1.6028777,0.0639975
-1.6026777,0.0319988
-1.6024777,0.0319988
-1.6022777,0.0639975
-1.6020777,0.0319988
-1.6018777,0
-1.6016777,0.0319988
-1.6014777,0
-1.6012777,0.0319988
-1.6010777,0.0319988
-1.6008777,0.0639975
-1.6006777,0
-1.6004777,0.0319988
-1.6002777,0.0639975
-1.6000777,0
-1.5998777,0.0319988
-1.5996777,0.0319988
-1.5994777,0.0319988
-1.5992777,0.0319988
-1.5990777,0.0319988
-1.5988777,0.0639975
-1.5986777,0.0319988
-1.5984777,0.0319988
-1.5982777,0.0319988
-1.5980777,0.0319988
-1.5978777,0.0639975
-1.5976777,0.0639975
-1.5974777,0.0319988
-1.5972777,0.0639975
-1.5970777,0.0319988
-1.5968777,0.0639975
-1.5966777,0.0319988
-1.5964777,0.0319988
-1.5962777,0.0639975
-1.5960777,0.0319988
-1.5958777,0.0319988
-1.5956777,0.0319988
-1.5954777,0.0319988
-1.5952777,0.0319988
-1.5950777,0.0639975
-1.5948777,0.0319988
-1.5946777,0.0319988
-1.5944777,0.0319988
-1.5942777,0.0319988
-1.5940777,0.0319988
-1.5938777,0
-1.5936777,0.0319988
-1.5934777,0.0319988
-1.5932777,0
-1.5930777,0.0319988
-1.5928777,0
-1.5926777,0.0639975
-1.5924777,0.0639975
-1.5922777,0.0319988
-1.5920777,0
-1.5918777,0.0639975
-1.5916777,0.0319988
-1.5914777,0.0319988
-1.5912777,0.0639975
-1.5910777,0
-1.5908777,0
-1.5906777,0
-1.5904777,0.0319988
-1.5902777,-0.0319988
-1.5900777,0.0319988
-1.5898777,0
-1.5896777,-0.0319988
-1.5894777,0.0319988
-1.5892777,0
-1.5890777,-0.0319988
-1.5888777,-0.0319988
-1.5886777,-0.0319988
-1.5884777,-0.0319988
-1.5882777,0
-1.5880777,-0.0639975
-1.5878777,-0.0319988
-1.5876777,-0.0319988
-1.5874777,-0.0319988
-1.5872777,0
-1.5870777,0
-1.5868777,-0.0319988
-1.5866777,-0.0319988
-1.5864777,0
-1.5862777,-0.0639975
-1.5860777,0
-1.5858777,-0.0319988
-1.5856777,-0.0639975
-1.5854777,0
-1.5852777,-0.0319988
-1.5850777,-0.0959963
-1.5848777,-0.0639975
-1.5846777,-0.0639975
-1.5844777,-0.0639975
-1.5842777,-0.0319988
-1.5840777,-0.0639975
-1.5838777,-0.0959963
-1.5836777,-0.0639975
-1.5834777,-0.0319988
-1.5832777,-0.0639975
-1.5830777,-0.0319988
-1.5828777,-0.0319988
-1.5826777,-0.0639975
-1.5824777,-0.0319988
-1.5822777,-0.0319988
-1.5820777,-0.0639975
-1.5818777,-0.0639975
-1.5816777,-0.0639975
-1.5814777,-0.0639975
-1.5812777,-0.0959963
-1.5810777,-0.0639975
-1.5808777,-0.0959963
-1.5806777,-0.0639975
-1.5804777,-0.0959963
-1.5802777,-0.0959963
-1.5800777,-0.127995
-1.5798777,-0.0959963
-1.5796777,-0.0959963
-1.5794777,-0.0639975
-1.5792777,-0.0959963
-1.5790777,-0.159994
-1.5788777,-0.127995
-1.5786777,-0.127995
-1.5784777,-0.127995
-1.5782777,-0.0959963
-1.5780777,-0.0959963
-1.5778777,-0.127995
-1.5776777,-0.0959963
-1.5774777,-0.0959963
-1.5772777,-0.127995
-1.5770777,-0.127995
-1.5768777,-0.0639975
-1.5766777,-0.127995
-1.5764777,-0.127995
-1.5762777,-0.0959963
-1.5760777,-0.159994
-1.5758777,-0.0959963
-1.5756777,-0.0959963
-1.5754777,-0.127995
-1.5752777,-0.127995
-1.5750777,-0.159994
-1.5748777,-0.159994
-1.5746777,-0.127995
-1.5744777,-0.127995
-1.5742777,-0.159994
-1.5740777,-0.127995
-1.5738777,-0.127995
-1.5736777,-0.159994
-1.5734777,-0.127995
-1.5732777,-0.159994
-1.5730777,-0.127995
-1.5728777,-0.127995
-1.5726777,-0.159994
-1.5724777,-0.159994
-1.5722777,-0.159994
-1.5720777,-0.159994
-1.5718777,-0.159994
-1.5716777,-0.191993
-1.5714777,-0.159994
-1.5712777,-0.127995
-1.5710777,-0.159994
-1.5708777,-0.191993
-1.5706777,-0.159994
-1.5704777,-0.159994
-1.5702777,-0.159994
-1.5700777,-0.159994
-1.5698777,-0.159994
-1.5696777,-0.159994
-1.5694777,-0.159994
-1.5692777,-0.191993
-1.5690777,-0.127995
-1.5688777,-0.191993
-1.5686777,-0.159994
-1.5684777,-0.159994
-1.5682777,-0.191993
-1.5680777,-0.159994
-1.5678777,-0.191993
-1.5676777,-0.223991
-1.5674777,-0.191993
-1.5672777,-0.127995
-1.5670777,-0.159994
-1.5668777,-0.191993
-1.5666777,-0.191993
-1.5664777,-0.223991
-1.5662777,-0.191993
-1.5660777,-0.191993
-1.5658777,-0.191993
-1.5656777,-0.223991
-1.5654777,-0.127995
-1.5652777,-0.159994
-1.5650777,-0.159994
-1.5648777,-0.127995
-1.5646777,-0.191993
-1.5644777,-0.191993
-1.5642777,-0.159994
-1.5640777,-0.191993
-1.5638777,-0.191993
-1.5636777,-0.159994
-1.5634777,-0.191993
-1.5632777,-0.159994
-1.5630777,-0.191993
-1.5628777,-0.159994
-1.5626777,-0.223991
-1.5624777,-0.191993
-1.5622777,-0.159994
-1.5620777,-0.223991
-1.5618777,-0.159994
-1.5616777,-0.191993
-1.5614777,-0.223991
-1.5612777,-0.191993
-1.5610777,-0.159994
-1.5608777,-0.159994
-1.5606777,-0.159994
-1.5604777,-0.191993
-1.5602777,-0.223991
-1.5600777,-0.159994
-1.5598777,-0.223991
-1.5596777,-0.191993
-1.5594777,-0.159994
-1.5592777,-0.159994
-1.5590777,-0.159994
-1.5588777,-0.159994
-1.5586777,-0.159994
-1.5584777,-0.223991
-1.5582777,-0.159994
-1.5580777,-0.191993
-1.5578777,-0.191993
-1.5576777,-0.191993
-1.5574777,-0.159994
-1.5572777,-0.159994
-1.5570777,-0.159994
-1.5568777,-0.191993
-1.5566777,-0.191993
-1.5564777,-0.159994
-1.5562777,-0.223991
-1.5560777,-0.191993
-1.5558777,-0.191993
-1.5556777,-0.159994
-1.5554777,-0.191993
-1.5552777,-0.159994
-1.5550777,-0.191993
-1.5548777,-0.223991
-1.5546777,-0.191993
-1.5544777,-0.223991
-1.5542777,-0.191993
-1.5540777,-0.159994
-1.5538777,-0.191993
-1.5536777,-0.223991
-1.5534777,-0.159994
-1.5532777,-0.191993
-1.5530777,-0.191993
-1.5528777,-0.25599
-1.5526777,-0.25599
-1.5524777,-0.191993
-1.5522777,-0.191993
-1.5520777,-0.25599
-1.5518777,-0.223991
-1.5516777,-0.191993
-1.5514777,-0.191993
-1.5512777,-0.191993
-1.5510777,-0.191993
-1.5508777,-0.223991
-1.5506777,-0.223991
-1.5504777,-0.191993
-1.5502777,-0.191993
-1.5500777,-0.159994
-1.5498777,-0.191993
-1.5496777,-0.191993
-1.5494777,-0.223991
-1.5492777,-0.159994
-1.5490777,-0.191993
-1.5488777,-0.191993
-1.5486777,-0.223991
-1.5484777,-0.191993
-1.5482777,-0.159994
-1.5480777,-0.191993
-1.5478777,-0.191993
-1.5476777,-0.191993
-1.5474777,-0.159994
-1.5472777,-0.191993
-1.5470777,-0.191993
-1.5468777,-0.159994
-1.5466777,-0.223991
-1.5464777,-0.25599
-1.5462777,-0.191993
-1.5460777,-0.25599
-1.5458777,-0.191993
-1.5456777,-0.159994
-1.5454777,-0.223991
-1.5452777,-0.191993
-1.5450777,-0.191993
-1.5448777,-0.191993
-1.5446777,-0.191993
-1.5444777,-0.159994
-1.5442777,-0.223991
-1.5440777,-0.191993
-1.5438777,-0.159994
-1.5436777,-0.223991
-1.5434777,-0.159994
-1.5432777,-0.159994
-1.5430777,-0.223991
-1.5428777,-0.159994
-1.5426777,-0.159994
-1.5424777,-0.159994
-1.5422777,-0.223991
-1.5420777,-0.159994
-1.5418777,-0.223991
-1.5416777,-0.191993
-1.5414777,-0.127995
-1.5412777,-0.191993
-1.5410777,-0.191993
-1.5408777,-0.223991
-1.5406777,-0.223991
-1.5404777,-0.191993
-1.5402777,-0.159994
-1.5400777,-0.191993
-1.5398777,-0.223991
-1.5396777,-0.191993
-1.5394777,-0.223991
-1.5392777,-0.191993
-1.5390777,-0.191993
-1.5388777,-0.223991
-1.5386777,-0.25599
-1.5384777,-0.159994
-1.5382777,-0.223991
-1.5380777,-0.191993
-1.5378777,-0.191993
-1.5376777,-0.191993
-1.5374777,-0.223991
-1.5372777,-0.159994
-1.5370777,-0.223991
-1.5368777,-0.127995
-1.5366777,-0.159994
-1.5364777,-0.223991
-1.5362777,-0.191993
-1.5360777,-0.159994
-1.5358777,-0.191993
-1.5356777,-0.191993
-1.5354777,-0.159994
-1.5352777,-0.223991
-1.5350777,-0.191993
-1.5348777,-0.191993
-1.5346777,-0.159994
-1.5344777,-0.223991
-1.5342777,-0.191993
-1.5340777,-0.223991
-1.5338777,-0.25599
-1.5336777,-0.191993
-1.5334777,-0.223991
-1.5332777,-0.223991
-1.5330777,-0.191993
-1.5328777,-0.223991
-1.5326777,-0.191993
-1.5324777,-0.223991
-1.5322777,-0.191993
-1.5320777,-0.223991
-1.5318777,-0.159994
-1.5316777,-0.223991
-1.5314777,-0.25599
-1.5312777,-0.191993
-1.5310777,-0.159994
-1.5308777,-0.223991
-1.5306777,-0.191993
-1.5304777,-0.223991
-1.5302777,-0.191993
-1.5300777,-0.223991
-1.5298777,-0.223991
-1.5296777,-0.223991
-1.5294777,-0.159994
-1.5292777,-0.191993
-1.5290777,-0.223991
-1.5288777,-0.223991
-1.5286777,-0.223991
-1.5284777,-0.191993
-1.5282777,-0.191993
-1.5280777,-0.191993
-1.5278777,-0.223991
-1.5276777,-0.159994
-1.5274777,-0.223991
-1.5272777,-0.191993
-1.5270777,-0.223991
-1.5268777,-0.223991
-1.5266777,-0.223991
-1.5264777,-0.159994
-1.5262777,-0.25599
-1.5260777,-0.223991
-1.5258777,-0.191993
-1.5256777,-0.223991
-1.5254777,-0.25599
-1.5252777,-0.191993
-1.5250777,-0.25599
-1.5248777,-0.223991
-1.5246777,-0.191993
-1.5244777,-0.223991
-1.5242777,-0.223991
-1.5240777,-0.159994
-1.5238777,-0.223991
-1.5236777,-0.191993
-1.5234777,-0.191993
-1.5232777,-0.25599
-1.5230777,-0.223991
-1.5228777,-0.191993
-1.5226777,-0.25599
-1.5224777,-0.223991
-1.5222777,-0.223991
-1.5220777,-0.25599
-1.5218777,-0.191993
-1.5216777,-0.191993
-1.5214777,-0.223991
-1.5212777,-0.223991
-1.5210777,-0.25599
-1.5208777,-0.25599
-1.5206777,-0.25599
-1.5204777,-0.223991
-1.5202777,-0.25599
-1.5200777,-0.223991
-1.5198777,-0.25599
-1.5196777,-0.25599
-1.5194777,-0.223991
-1.5192777,-0.25599
-1.5190777,-0.25599
-1.5188777,-0.25599
-1.5186777,-0.223991
-1.5184777,-0.191993
-1.5182777,-0.223991
-1.5180777,-0.191993
-1.5178777,-0.191993
-1.5176777,-0.223991
-1.5174777,-0.191993
-1.5172777,-0.223991
-1.5170777,-0.25599
-1.5168777,-0.191993
-1.5166777,-0.191993
-1.5164777,-0.223991
-1.5162777,-0.223991
-1.5160777,-0.223991
-1.5158777,-0.191993
-1.5156777,-0.223991
-1.5154777,-0.223991
-1.5152777,-0.223991
-1.5150777,-0.191993
-1.5148777,-0.223991
-1.5146777,-0.25599
-1.5144777,-0.191993
-1.5142777,-0.25599
-1.5140777,-0.25599
-1.5138777,-0.191993
-1.5136777,-0.191993
-1.5134777,-0.223991
-1.5132777,-0.191993
-1.5130777,-0.191993
-1.5128777,-0.25599
-1.5126777,-0.223991
-1.5124777,-0.223991
-1.5122777,-0.25599
-1.5120777,-0.159994
-1.5118777,-0.223991
-1.5116777,-0.191993
-1.5114777,-0.191993
-1.5112777,-0.223991
-1.5110777,-0.191993
-1.5108777,-0.159994
-1.5106777,-0.191993
-1.5104777,-0.191993
-1.5102777,-0.191993
-1.5100777,-0.191993
-1.5098777,-0.191993
-1.5096777,-0.223991
-1.5094777,-0.191993
-1.5092777,-0.191993
-1.5090777,-0.191993
-1.5088777,-0.191993
-1.5086777,-0.127995
-1.5084777,-0.159994
-1.5082777,-0.191993
-1.5080777,-0.191993
-1.5078777,-0.191993
-1.5076777,-0.191993
-1.5074777,-0.191993
-1.5072777,-0.191993
-1.5070777,-0.191993
-1.5068777,-0.191993
-1.5066777,-0.159994
-1.5064777,-0.191993
-1.5062777,-0.223991
-1.5060777,-0.191993
-1.5058777,-0.191993
-1.5056777,-0.191993
-1.5054777,-0.191993
-1.5052777,-0.223991
-1.5050777,-0.223991
-1.5048777,-0.191993
-1.5046777,-0.223991
-1.5044777,-0.159994
-1.5042777,-0.191993
-1.5040777,-0.191993
-1.5038777,-0.191993
-1.5036777,-0.159994
-1.5034777,-0.159994
-1.5032777,-0.223991
-1.5030777,-0.223991
-1.5028777,-0.191993
-1.5026777,-0.191993
-1.5024777,-0.191993
-1.5022777,-0.159994
-1.5020777,-0.25599
-1.5018777,-0.223991
-1.5016777,-0.223991
-1.5014777,-0.223991
-1.5012777,-0.191993
-1.5010777,-0.223991
-1.5008777,-0.191993
-1.5006777,-0.223991
-1.5004777,-0.191993
-1.5002777,-0.159994
-1.5000777,-0.191993
-1.4998777,-0.191993
-1.4996777,-0.25599
-1.4994777,-0.127995
-1.4992777,-0.25599
-1.4990777,-0.191993
-1.4988777,-0.159994
-1.4986777,-0.223991
-1.4984777,-0.191993
-1.4982777,-0.191993
-1.4980777,-0.159994
-1.4978777,-0.223991
-1.4976777,-0.159994
-1.4974777,-0.223991
-1.4972777,-0.223991
-1.4970777,-0.191993
-1.4968777,-0.223991
-1.4966777,-0.191993
-1.4964777,-0.191993
-1.4962777,-0.159994
-1.4960777,-0.191993
-1.4958777,-0.191993
-1.4956777,-0.191993
-1.4954777,-0.223991
-1.4952777,-0.159994
-1.4950777,-0.191993
-1.4948777,-0.25599
-1.4946777,-0.223991
-1.4944777,-0.223991
-1.4942777,-0.223991
-1.4940777,-0.191993
-1.4938777,-0.191993
-1.4936777,-0.223991
-1.4934777,-0.223991
-1.4932777,-0.191993
-1.4930777,-0.223991
-1.4928777,-0.191993
-1.4926777,-0.191993
-1.4924777,-0.25599
-1.4922777,-0.159994
-1.4920777,-0.191993
-1.4918777,-0.191993
-1.4916777,-0.159994
-1.4914777,-0.191993
-1.4912777,-0.223991
-1.4910777,-0.191993
-1.4908777,-0.191993
-1.4906777,-0.191993
-1.4904777,-0.191993
-1.4902777,-0.191993
-1.4900777,-0.191993
-1.4898777,-0.191993
-1.4896777,-0.223991
-1.4894777,-0.191993
-1.4892777,-0.191993
-1.4890777,-0.191993
-1.4888777,-0.191993
-1.4886777,-0.191993
-1.4884777,-0.191993
-1.4882777,-0.191993
-1.4880777,-0.191993
-1.4878777,-0.223991
-1.4876777,-0.223991
-1.4874777,-0.159994
-1.4872777,-0.191993
-1.4870777,-0.223991
-1.4868777,-0.191993
-1.4866777,-0.223991
-1.4864777,-0.191993
-1.4862777,-0.191993
-1.4860777,-0.191993
-1.4858777,-0.191993
-1.4856777,-0.191993
-1.4854777,-0.223991
-1.4852777,-0.159994
-1.4850777,-0.223991
-1.4848777,-0.191993
-1.4846777,-0.191993
-1.4844777,-0.191993
-1.4842777,-0.223991
-1.4840777,-0.191993
-1.4838777,-0.159994
-1.4836777,-0.159994
-1.4834777,-0.223991
-1.4832777,-0.191993
-1.4830777,-0.223991
-1.4828777,-0.191993
-1.4826777,-0.191993
-1.4824777,-0.159994
-1.4822777,-0.223991
-1.4820777,-0.191993
-1.4818777,-0.191993
-1.4816777,-0.159994
-1.4814777,-0.191993
-1.4812777,-0.223991
-1.4810777,-0.223991
-1.4808777,-0.191993
-1.4806777,-0.25599
-1.4804777,-0.191993
-1.4802777,-0.159994
-1.4800777,-0.223991
-1.4798777,-0.191993
-1.4796777,-0.223991
-1.4794777,-0.223991
-1.4792777,-0.223991
-1.4790777,-0.159994
-1.4788777,-0.191993
-1.4786777,-0.223991
-1.4784777,-0.223991
-1.4782777,-0.223991
-1.4780777,-0.223991
-1.4778777,-0.223991
-1.4776777,-0.191993
-1.4774777,-0.223991
-1.4772777,-0.223991
-1.4770777,-0.223991
-1.4768777,-0.223991
-1.4766777,-0.223991
-1.4764777,-0.223991
-1.4762777,-0.191993
-1.4760777,-0.25599
-1.4758777,-0.191993
-1.4756777,-0.191993
-1.4754777,-0.223991
-1.4752777,-0.223991
-1.4750777,-0.191993
-1.4748777,-0.191993
-1.4746777,-0.25599
-1.4744777,-0.223991
-1.4742777,-0.159994
-1.4740777,-0.191993
-1.4738777,-0.191993
-1.4736777,-0.191993
-1.4734777,-0.223991
-1.4732777,-0.223991
-1.4730777,-0.223991
-1.4728777,-0.223991
-1.4726777,-0.191993
-1.4724777,-0.159994
-1.4722777,-0.25599
-1.4720777,-0.191993
-1.4718777,-0.127995
-1.4716777,-0.191993
-1.4714777,-0.191993
-1.4712777,-0.191993
-1.4710777,-0.223991
-1.4708777,-0.159994
-1.4706777,-0.127995
-1.4704777,-0.159994
-1.4702777,-0.191993
-1.4700777,-0.159994
-1.4698777,-0.223991
-1.4696777,-0.159994
-1.4694777,-0.159994
-1.4692777,-0.127995
-1.4690777,-0.191993
-1.4688777,-0.159994
-1.4686777,-0.159994
-1.4684777,-0.159994
-1.4682777,-0.159994
-1.4680777,-0.191993
-1.4678777,-0.127995
-1.4676777,-0.127995
-1.4674777,-0.127995
-1.4672777,-0.159994
-1.4670777,-0.127995
-1.4668777,-0.159994
-1.4666777,-0.159994
-1.4664777,-0.159994
-1.4662777,-0.191993
-1.4660777,-0.127995
-1.4658777,-0.159994
-1.4656777,-0.159994
-1.4654777,-0.159994
-1.4652777,-0.159994
-1.4650777,-0.191993
-1.4648777,-0.127995
-1.4646777,-0.159994
-1.4644777,-0.159994
-1.4642777,-0.127995
-1.4640777,-0.127995
-1.4638777,-0.159994
-1.4636777,-0.127995
-1.4634777,-0.0959963
-1.4632777,-0.159994
-1.4630777,-0.127995
-1.4628777,-0.127995
-1.4626777,-0.159994
-1.4624777,-0.159994
-1.4622777,-0.127995
-1.4620777,-0.0959963
-1.4618777,-0.127995
-1.4616777,-0.159994
-1.4614777,-0.127995
-1.4612777,-0.159994
-1.4610777,-0.127995
-1.4608777,-0.0959963
-1.4606777,-0.127995
-1.4604777,-0.127995
-1.4602777,-0.159994
-1.4600777,-0.0959963
-1.4598777,-0.0639975
-1.4596777,-0.159994
-1.4594777,-0.127995
-1.4592777,-0.0959963
-1.4590777,-0.127995
-1.4588777,-0.127995
-1.4586777,-0.127995
-1.4584777,-0.0959963
-1.4582777,-0.0959963
-1.4580777,-0.127995
-1.4578777,-0.159994
-1.4576777,-0.0959963
-1.4574777,-0.0959963
-1.4572777,-0.127995
-1.4570777,-0.0959963
-1.4568777,-0.127995
-1.4566777,-0.159994
-1.4564777,-0.159994
-1.4562777,-0.127995
-1.4560777,-0.127995
-1.4558777,-0.0959963
-1.4556777,-0.0639975
-1.4554777,-0.127995
-1.4552777,-0.127995
-1.4550777,-0.0959963
-1.4548777,-0.127995
-1.4546777,-0.0959963
-1.4544777,-0.0959963
-1.4542777,-0.127995
-1.4540777,-0.0959963
-1.4538777,-0.0959963
-1.4536777,-0.127995
-1.4534777,-0.0959963
-1.4532777,-0.0959963
-1.4530777,-0.127995
-1.4528777,-0.0639975
-1.4526777,-0.0639975
-1.4524777,-0.0959963
-1.4522777,-0.0639975
-1.4520777,-0.0959963
-1.4518777,-0.127995
-1.4516777,-0.0639975
-1.4514777,-0.0639975
-1.4512777,-0.0959963
-1.4510777,-0.0639975
-1.4508777,-0.0639975
-1.4506777,-0.127995
-1.4504777,-0.0639975
-1.4502777,-0.0639975
-1.4500777,-0.127995
-1.4498777,-0.0959963
-1.4496777,-0.0959963
-1.4494777,-0.127995
-1.4492777,-0.0959963
-1.4490777,-0.0639975
-1.4488777,-0.0959963
-1.4486777,-0.0319988
-1.4484777,-0.0319988
-1.4482777,-0.0639975
-1.4480777,-0.0639975
-1.4478777,-0.0639975
-1.4476777,-0.0959963
-1.4474777,-0.0319988
-1.4472777,-0.0319988
-1.4470777,-0.0959963
-1.4468777,-0.0639975
-1.4466777,-0.0639975
-1.4464777,-0.0639975
-1.4462777,-0.0319988
-1.4460777,-0.0319988
-1.4458777,-0.0959963
-1.4456777,-0.0639975
-1.4454777,-0.0319988
-1.4452777,-0.0959963
-1.4450777,-0.0639975
-1.4448777,-0.0319988
-1.4446777,-0.0959963
-1.4444777,-0.0319988
-1.4442777,-0.0319988
-1.4440777,-0.0639975
-1.4438777,-0.0639975
-1.4436777,0
-1.4434777,-0.0639975
-1.4432777,-0.0319988
-1.4430777,-0.0319988
-1.4428777,-0.0319988
-1.4426777,-0.0639975
-1.4424777,-0.0319988
-1.4422777,-0.0639975
-1.4420777,-0.0319988
-1.4418777,-0.0319988
-1.4416777,-0.0639975
-1.4414777,-0.0639975
-1.4412777,0
-1.4410777,-0.0639975
-1.4408777,-0.0319988
-1.4406777,-0.0319988
-1.4404777,-0.0319988
-1.4402777,-0.0319988
-1.4400777,-0.0639975
-1.4398777,0
-1.4396777,-0.0319988
-1.4394777,-0.0319988
-1.4392777,-0.0639975
-1.4390777,-0.0319988
-1.4388777,0
-1.4386777,0
-1.4384777,-0.0319988
-1.4382777,0.0319988
-1.4380777,-0.0959963
-1.4378777,-0.0319988
-1.4376777,0
-1.4374777,-0.0319988
-1.4372777,0
-1.4370777,-0.0319988
-1.4368777,-0.0319988
-1.4366777,-0.0319988
-1.4364777,0.0319988
-1.4362777,0
-1.4360777,0
-1.4358777,0.0319988
-1.4356777,-0.0319988
-1.4354777,0.0319988
-1.4352777,0
-1.4350777,0
-1.4348777,-0.0319988
-1.4346777,0
-1.4344777,0
-1.4342777,0
-1.4340777,0
-1.4338777,0
-1.4336777,-0.0319988
-1.4334777,0
-1.4332777,-0.0319988
-1.4330777,-0.0319988
-1.4328777,0.0319988
-1.4326777,-0.0319988
-1.4324777,0
-1.4322777,0.0319988
-1.4320777,0.0319988
-1.4318777,0
-1.4316777,-0.0319988
-1.4314777,-0.0639975
-1.4312777,0
-1.4310777,0.0319988
-1.4308777,0
-1.4306777,-0.0319988
-1.4304777,0.0639975
-1.4302777,0
-1.4300777,0
-1.4298777,0.0319988
-1.4296777,0
-1.4294777,-0.0319988
-1.4292777,0.0639975
-1.4290777,0.0319988
-1.4288777,0
-1.4286777,0.0319988
-1.4284777,0
-1.4282777,0
-1.4280777,0.0639975
-1.4278777,0.0319988
-1.4276777,0.0319988
-1.4274777,0
-1.4272777,-0.0319988
-1.4270777,-0.0319988
-1.4268777,0.0639975
-1.4266777,0
-1.4264777,0
-1.4262777,0.0319988
-1.4260777,0.0639975
-1.4258777,0.0639975
-1.4256777,0.0639975
-1.4254777,0
-1.4252777,0.0319988
-1.4250777,0.0639975
-1.4248777,0
-1.4246777,0.0319988
-1.4244777,0.0639975
-1.4242777,0
-1.4240777,0.0319988
-1.4238777,0.0639975
-1.4236777,0
-1.4234777,0.0319988
-1.4232777,0.0319988
-1.4230777,0.0319988
-1.4228777,0.0639975
-1.4226777,0.0319988
-1.4224777,0.0639975
-1.4222777,0
-1.4220777,0.0639975
-1.4218777,0.0639975
-1.4216777,0.0319988
-1.4214777,0.0319988
-1.4212777,0.0639975
-1.4210777,0.0959963
-1.4208777,0.0639975
-1.4206777,0.0959963
-1.4204777,0.0639975
-1.4202777,0.0319988
-1.4200777,0.0319988
-1.4198777,0.0319988
-1.4196777,0.0959963
-1.4194777,0.0639975
-1.4192777,0.0639975
-1.4190777,0.0319988
-1.4188777,0.0319988
-1.4186777,0.0959963
-1.4184777,0.0639975
-1.4182777,0.0319988
-1.4180777,0.0639975
-1.4178777,0.0319988
-1.4176777,0.0319988
-1.4174777,0.0319988
-1.4172777,0.0959963
-1.4170777,0.0639975
-1.4168777,0.0639975
-1.4166777,0.0639975
-1.4164777,0.0639975
-1.4162777,0.0959963
-1.4160777,0.0959963
-1.4158777,0.0319988
-1.4156777,0.0959963
-1.4154777,0.0959963
-1.4152777,0.0319988
-1.4150777,0.0959963
-1.4148777,0.127995
-1.4146777,0.0639975
-1.4144777,0.0639975
-1.4142777,0.0639975
-1.4140777,0.0639975
-1.4138777,0.127995
-1.4136777,0.127995
-1.4134777,0.0639975
-1.4132777,0.127995
-1.4130777,0.0959963
-1.4128777,0.127995
-1.4126777,0.0959963
-1.4124777,0.0959963
-1.4122777,0.127995
-1.4120777,0.0959963
-1.4118777,0.0959963
-1.4116777,0.0959963
-1.4114777,0.0959963
-1.4112777,0.127995
-1.4110777,0.127995
-1.4108777,0.127995
-1.4106777,0.0959963
-1.4104777,0.0959963
-1.4102777,0.159994
-1.4100777,0.127995
-1.4098777,0.0959963
-1.4096777,0.127995
-1.4094777,0.127995
-1.4092777,0.127995
-1.4090777,0.127995
-1.4088777,0.159994
-1.4086777,0.0959963
-1.4084777,0.127995
-1.4082777,0.0959963
-1.4080777,0.127995
-1.4078777,0.127995
-1.4076777,0.127995
-1.4074777,0.159994
-1.4072777,0.127995
-1.4070777,0.159994
-1.4068777,0.127995
-1.4066777,0.127995
-1.4064777,0.127995
-1.4062777,0.127995
-1.4060777,0.159994
-1.4058777,0.127995
-1.4056777,0.159994
-1.4054777,0.191993
-1.4052777,0.159994
-1.4050777,0.127995
-1.4048777,0.159994
-1.4046777,0.159994
-1.4044777,0.127995
-1.4042777,0.191993
-1.4040777,0.159994
-1.4038777,0.127995
-1.4036777,0.159994
-1.4034777,0.159994
-1.4032777,0.191993
-1.4030777,0.159994
-1.4028777,0.159994
-1.4026777,0.159994
-1.4024777,0.159994
-1.4022777,0.159994
-1.4020777,0.191993
-1.4018777,0.159994
-1.4016777,0.159994
-1.4014777,0.191993
-1.4012777,0.223991
-1.4010777,0.159994
-1.4008777,0.191993
-1.4006777,0.223991
-1.4004777,0.159994
-1.4002777,0.159994
-1.4000777,0.223991
-1.3998777,0.159994
-1.3996777,0.191993
-1.3994777,0.191993
-1.3992777,0.159994
-1.3990777,0.191993
-1.3988777,0.191993
-1.3986777,0.223991
-1.3984777,0.191993
-1.3982777,0.223991
-1.3980777,0.191993
-1.3978777,0.223991
-1.3976777,0.191993
-1.3974777,0.223991
-1.3972777,0.223991
-1.3970777,0.223991
-1.3968777,0.191993
-1.3966777,0.223991
-1.3964777,0.223991
-1.3962777,0.191993
-1.3960777,0.223991
-1.3958777,0.223991
-1.3956777,0.223991
-1.3954777,0.223991
-1.3952777,0.223991
-1.3950777,0.223991
-1.3948777,0.191993
-1.3946777,0.223991
-1.3944777,0.223991
-1.3942777,0.223991
-1.3940777,0.223991
-1.3938777,0.223991
-1.3936777,0.223991
-1.3934777,0.25599
-1.3932777,0.223991
-1.3930777,0.223991
-1.3928777,0.223991
-1.3926777,0.223991
-1.3924777,0.223991
-1.3922777,0.287989
-1.3920777,0.223991
-1.3918777,0.191993
-1.3916777,0.223991
-1.3914777,0.223991
-1.3912777,0.223991
-1.3910777,0.25599
-1.3908777,0.223991
-1.3906777,0.223991
-1.3904777,0.287989
-1.3902777,0.223991
-1.3900777,0.223991
-1.3898777,0.25599
-1.3896777,0.223991
-1.3894777,0.25599
-1.3892777,0.25599
-1.3890777,0.191993
-1.3888777,0.223991
-1.3886777,0.25599
-1.3884777,0.25599
-1.3882777,0.25599
-1.3880777,0.223991
-1.3878777,0.25599
-1.3876777,0.25599
-1.3874777,0.287989
-1.3872777,0.223991
-1.3870777,0.25599
-1.3868777,0.287989
-1.3866777,0.223991
-1.3864777,0.287989
-1.3862777,0.319988
-1.3860777,0.25599
-1.3858777,0.287989
-1.3856777,0.287989
-1.3854777,0.287989
-1.3852777,0.25599
-1.3850777,0.287989
-1.3848777,0.25599
-1.3846777,0.287989
-1.3844777,0.25599
-1.3842777,0.223991
-1.3840777,0.287989
-1.3838777,0.319988
-1.3836777,0.25599
-1.3834777,0.319988
-1.3832777,0.287989
-1.3830777,0.319988
-1.3828777,0.287989
-1.3826777,0.319988
-1.3824777,0.25599
-1.3822777,0.25599
-1.3820777,0.319988
-1.3818777,0.25599
-1.3816777,0.319988
-1.3814777,0.351986
-1.3812777,0.223991
-1.3810777,0.319988
-1.3808777,0.319988
-1.3806777,0.287989
-1.3804777,0.287989
-1.3802777,0.319988
-1.3800777,0.287989
-1.3798777,0.287989
-1.3796777,0.351986
-1.3794777,0.319988
-1.3792777,0.319988
-1.3790777,0.287989
-1.3788777,0.287989
-1.3786777,0.351986
-1.3784777,0.351986
-1.3782777,0.287989
-1.3780777,0.319988
-1.3778777,0.319988
-1.3776777,0.319988
-1.3774777,0.351986
-1.3772777,0.351986
-1.3770777,0.319988
-1.3768777,0.287989
-1.3766777,0.319988
-1.3764777,0.287989
-1.3762777,0.319988
-1.3760777,0.319988
-1.3758777,0.319988
-1.3756777,0.319988
-1.3754777,0.351986
-1.3752777,0.351986
-1.3750777,0.319988
-1.3748777,0.351986
-1.3746777,0.319988
-1.3744777,0.351986
-1.3742777,0.383985
-1.3740777,0.319988
-1.3738777,0.319988
-1.3736777,0.383985
-1.3734777,0.319988
-1.3732777,0.319988
-1.3730777,0.351986
-1.3728777,0.351986
-1.3726777,0.351986
-1.3724777,0.287989
-1.3722777,0.319988
-1.3720777,0.319988
-1.3718777,0.351986
-1.3716777,0.319988
-1.3714777,0.351986
-1.3712777,0.319988
-1.3710777,0.319988
-1.3708777,0.351986
-1.3706777,0.351986
-1.3704777,0.287989
-1.3702777,0.351986
-1.3700777,0.351986
-1.3698777,0.287989
-1.3696777,0.351986
-1.3694777,0.351986
-1.3692777,0.319988
-1.3690777,0.319988
-1.3688777,0.351986
-1.3686777,0.351986
-1.3684777,0.287989
-1.3682777,0.319988
-1.3680777,0.287989
-1.3678777,0.287989
-1.3676777,0.351986
-1.3674777,0.319988
-1.3672777,0.287989
-1.3670777,0.319988
-1.3668777,0.319988
-1.3666777,0.319988
-1.3664777,0.319988
-1.3662777,0.287989
-1.3660777,0.287989
-1.3658777,0.351986
-1.3656777,0.287989
-1.3654777,0.319988
-1.3652777,0.319988
-1.3650777,0.319988
-1.3648777,0.319988
-1.3646777,0.319988
-1.3644777,0.287989
-1.3642777,0.319988
-1.3640777,0.351986
-1.3638777,0.287989
-1.3636777,0.319988
-1.3634777,0.287989
-1.3632777,0.319988
-1.3630777,0.319988
-1.3628777,0.319988
-1.3626777,0.351986
-1.3624777,0.287989
-1.3622777,0.351986
-1.3620777,0.319988
-1.3618777,0.287989
-1.3616777,0.319988
-1.3614777,0.287989
-1.3612777,0.319988
-1.3610777,0.319988
-1.3608777,0.287989
-1.3606777,0.319988
-1.3604777,0.351986
-1.3602777,0.351986
-1.3600777,0.319988
-1.3598777,0.287989
-1.3596777,0.319988
-1.3594777,0.319988
-1.3592777,0.351986
-1.3590777,0.319988
-1.3588777,0.351986
-1.3586777,0.351986
-1.3584777,0.319988
-1.3582777,0.351986
-1.3580777,0.351986
-1.3578777,0.351986
-1.3576777,0.319988
-1.3574777,0.351986
-1.3572777,0.319988
-1.3570777,0.287989
-1.3568777,0.351986
-1.3566777,0.319988
-1.3564777,0.319988
-1.3562777,0.383985
-1.3560777,0.383985
-1.3558777,0.319988
-1.3556777,0.351986
-1.3554777,0.351986
-1.3552777,0.351986
-1.3550777,0.383985
-1.3548777,0.319988
-1.3546777,0.319988
-1.3544777,0.351986
-1.3542777,0.319988
-1.3540777,0.319988
-1.3538777,0.351986
-1.3536777,0.319988
-1.3534777,0.351986
-1.3532777,0.383985
-1.3530777,0.319988
-1.3528777,0.319988
-1.3526777,0.415984
-1.3524777,0.319988
-1.3522777,0.351986
-1.3520777,0.351986
-1.3518777,0.319988
-1.3516777,0.351986
-1.3514777,0.383985
-1.3512777,0.383985
-1.3510777,0.351986
-1.3508777,0.415984
-1.3506777,0.351986
-1.3504777,0.351986
-1.3502777,0.383985
-1.3500777,0.319988
-1.3498777,0.415984
-1.3496777,0.383985
-1.3494777,0.383985
-1.3492777,0.383985
-1.3490777,0.415984
-1.3488777,0.383985
-1.3486777,0.383985
-1.3484777,0.415984
-1.3482777,0.319988
-1.3480777,0.383985
-1.3478777,0.415984
-1.3476777,0.415984
-1.3474777,0.383985
-1.3472777,0.415984
-1.3470777,0.383985
-1.3468777,0.351986
-1.3466777,0.415984
-1.3464777,0.383985
-1.3462777,0.383985
-1.3460777,0.415984
-1.3458777,0.383985
-1.3456777,0.351986
-1.3454777,0.415984
-1.3452777,0.415984
-1.3450777,0.415984
-1.3448777,0.383985
-1.3446777,0.351986
-1.3444777,0.383985
-1.3442777,0.415984
-1.3440777,0.383985
-1.3438777,0.383985
-1.3436777,0.415984
-1.3434777,0.383985
-1.3432777,0.351986
-1.3430777,0.383985
-1.3428777,0.351986
-1.3426777,0.351986
-1.3424777,0.415984
-1.3422777,0.351986
-1.3420777,0.383985
-1.3418777,0.351986
-1.3416777,0.447983
-1.3414777,0.319988
-1.3412777,0.415984
-1.3410777,0.319988
-1.3408777,0.383985
-1.3406777,0.383985
-1.3404777,0.383985
-1.3402777,0.351986
-1.3400777,0.415984
-1.3398777,0.383985
-1.3396777,0.351986
-1.3394777,0.383985
-1.3392777,0.319988
-1.3390777,0.351986
-1.3388777,0.415984
-1.3386777,0.383985
-1.3384777,0.351986
-1.3382777,0.383985
-1.3380777,0.351986
-1.3378777,0.351986
-1.3376777,0.415984
-1.3374777,0.319988
-1.3372777,0.319988
-1.3370777,0.383985
-1.3368777,0.351986
-1.3366777,0.383985
-1.3364777,0.351986
-1.3362777,0.319988
-1.3360777,0.351986
-1.3358777,0.415984
-1.3356777,0.319988
-1.3354777,0.351986
-1.3352777,0.383985
-1.3350777,0.383985
-1.3348777,0.351986
-1.3346777,0.383985
-1.3344777,0.319988
-1.3342777,0.319988
-1.3340777,0.351986
-1.3338777,0.351986
-1.3336777,0.383985
-1.3334777,0.351986
-1.3332777,0.351986
-1.3330777,0.319988
-1.3328777,0.383985
-1.3326777,0.351986
-1.3324777,0.351986
-1.3322777,0.351986
-1.3320777,0.319988
-1.3318777,0.319988
-1.3316777,0.319988
-1.3314777,0.319988
-1.3312777,0.319988
-1.3310777,0.351986
-1.3308777,0.351986
-1.3306777,0.351986
-1.3304777,0.351986
-1.3302777,0.319988
-1.3300777,0.351986
-1.3298777,0.351986
-1.3296777,0.351986
-1.3294777,0.319988
-1.3292777,0.351986
-1.3290777,0.319988
-1.3288777,0.319988
-1.3286777,0.351986
-1.3284777,0.319988
-1.3282777,0.351986
-1.3280777,0.351986
-1.3278777,0.319988
-1.3276777,0.319988
-1.3274777,0.319988
-1.3272777,0.319988
-1.3270777,0.319988
-1.3268777,0.319988
-1.3266777,0.351986
-1.3264777,0.351986
-1.3262777,0.287989
-1.3260777,0.287989
-1.3258777,0.319988
-1.3256777,0.351986
-1.3254777,0.319988
-1.3252777,0.319988
-1.3250777,0.383985
-1.3248777,0.319988
-1.3246777,0.287989
-1.3244777,0.351986
-1.3242777,0.287989
-1.3240777,0.319988
-1.3238777,0.319988
-1.3236777,0.319988
-1.3234777,0.351986
-1.3232777,0.319988
-1.3230777,0.319988
-1.3228777,0.319988
-1.3226777,0.319988
-1.3224777,0.319988
-1.3222777,0.319988
-1.3220777,0.319988
-1.3218777,0.25599
-1.3216777,0.287989
-1.3214777,0.351986
-1.3212777,0.287989
-1.3210777,0.287989
-1.3208777,0.319988
-1.3206777,0.319988
-1.3204777,0.319988
-1.3202777,0.319988
-1.3200777,0.25599
-1.3198777,0.319988
-1.3196777,0.351986
-1.3194777,0.287989
-1.3192777,0.319988
-1.3190777,0.319988
-1.3188777,0.287989
-1.3186777,0.287989
-1.3184777,0.287989
-1.3182777,0.25599
-1.3180777,0.287989
-1.3178777,0.287989
-1.3176777,0.287989
-1.3174777,0.319988
-1.3172777,0.319988
-1.3170777,0.287989
-1.3168777,0.287989
-1.3166777,0.287989
-1.3164777,0.287989
-1.3162777,0.287989
-1.3160777,0.287989
-1.3158777,0.287989
-1.3156777,0.25599
-1.3154777,0.25599
-1.3152777,0.287989
-1.3150777,0.287989
-1.3148777,0.287989
-1.3146777,0.25599
-1.3144777,0.287989
-1.3142777,0.287989
-1.3140777,0.287989
-1.3138777,0.25599
-1.3136777,0.287989
-1.3134777,0.287989
-1.3132777,0.287989
-1.3130777,0.287989
-1.3128777,0.287989
-1.3126777,0.287989
-1.3124777,0.25599
-1.3122777,0.287989
-1.3120777,0.25599
-1.3118777,0.287989
-1.3116777,0.287989
-1.3114777,0.25599
-1.3112777,0.25599
-1.3110777,0.223991
-1.3108777,0.223991
-1.3106777,0.287989
-1.3104777,0.223991
-1.3102777,0.25599
-1.3100777,0.25599
-1.3098777,0.223991
-1.3096777,0.223991
-1.3094777,0.25599
-1.3092777,0.191993
-1.3090777,0.25599
-1.3088777,0.287989
-1.3086777,0.25599
-1.3084777,0.223991
-1.3082777,0.287989
-1.3080777,0.25599
-1.3078777,0.25599
-1.3076777,0.25599
-1.3074777,0.223991
-1.3072777,0.25599
-1.3070777,0.25599
-1.3068777,0.287989
-1.3066777,0.25599
-1.3064777,0.25599
-1.3062777,0.25599
-1.3060777,0.287989
-1.3058777,0.25599
-1.3056777,0.223991
-1.3054777,0.25599
-1.3052777,0.25599
-1.3050777,0.25599
-1.3048777,0.287989
-1.3046777,0.25599
-1.3044777,0.25599
-1.3042777,0.287989
-1.3040777,0.287989
-1.3038777,0.223991
-1.3036777,0.25599
-1.3034777,0.25599
-1.3032777,0.25599
-1.3030777,0.25599
-1.3028777,0.319988
-1.3026777,0.25599
-1.3024777,0.25599
-1.3022777,0.25599
-1.3020777,0.223991
-1.3018777,0.223991
-1.3016777,0.287989
-1.3014777,0.287989
-1.3012777,0.25599
-1.3010777,0.25599
-1.3008777,0.25599
-1.3006777,0.223991
-1.3004777,0.25599
-1.3002777,0.223991
-1.3000777,0.25599
-1.2998777,0.25599
-1.2996777,0.25599
-1.2994777,0.25599
-1.2992777,0.319988
-1.2990777,0.287989
-1.2988777,0.25599
-1.2986777,0.25599
-1.2984777,0.223991
-1.2982777,0.287989
-1.2980777,0.287989
-1.2978777,0.25599
-1.2976777,0.25599
-1.2974777,0.25599
-1.2972777,0.25599
-1.2970777,0.25599
-1.2968777,0.25599
-1.2966777,0.25599
-1.2964777,0.25599
-1.2962777,0.319988
-1.2960777,0.25599
-1.2958777,0.287989
-1.2956777,0.319988
-1.2954777,0.25599
-1.2952777,0.25599
-1.2950777,0.25599
-1.2948777,0.25599
-1.2946777,0.287989
-1.2944777,0.223991
-1.2942777,0.287989
-1.2940777,0.223991
-1.2938777,0.223991
-1.2936777,0.25599
-1.2934777,0.223991
-1.2932777,0.223991
-1.2930777,0.25599
-1.2928777,0.25599
-1.2926777,0.287989
-1.2924777,0.287989
-1.2922777,0.287989
-1.2920777,0.287989
-1.2918777,0.25599
-1.2916777,0.25599
-1.2914777,0.287989
-1.2912777,0.25599
-1.2910777,0.287989
-1.2908777,0.287989
-1.2906777,0.25599
-1.2904777,0.25599
-1.2902777,0.287989
-1.2900777,0.287989
-1.2898777,0.25599
-1.2896777,0.287989
-1.2894777,0.223991
-1.2892777,0.25599
-1.2890777,0.287989
-1.2888777,0.25599
-1.2886777,0.25599
-1.2884777,0.287989
-1.2882777,0.287989
-1.2880777,0.287989
-1.2878777,0.287989
-1.2876777,0.25599
-1.2874777,0.25599
-1.2872777,0.287989
-1.2870777,0.25599
-1.2868777,0.25599
-1.2866777,0.287989
-1.2864777,0.287989
-1.2862777,0.25599
-1.2860777,0.25599
-1.2858777,0.25599
-1.2856777,0.25599
-1.2854777,0.287989
-1.2852777,0.223991
-1.2850777,0.223991
-1.2848777,0.25599
-1.2846777,0.223991
-1.2844777,0.287989
-1.2842777,0.287989
-1.2840777,0.287989
-1.2838777,0.191993
-1.2836777,0.319988
-1.2834777,0.25599
-1.2832777,0.25599
-1.2830777,0.25599
-1.2828777,0.287989
-1.2826777,0.25599
-1.2824777,0.25599
-1.2822777,0.223991
-1.2820777,0.223991
-1.2818777,0.223991
-1.2816777,0.223991
-1.2814777,0.223991
-1.2812777,0.25599
-1.2810777,0.223991
-1.2808777,0.223991
-1.2806777,0.223991
-1.2804777,0.223991
-1.2802777,0.223991
-1.2800777,0.223991
-1.2798777,0.191993
-1.2796777,0.223991
-1.2794777,0.223991
-1.2792777,0.191993
-1.2790777,0.191993
-1.2788777,0.223991
-1.2786777,0.223991
-1.2784777,0.223991
-1.2782777,0.191993
-1.2780777,0.159994
-1.2778777,0.191993
-1.2776777,0.191993
-1.2774777,0.191993
-1.2772777,0.191993
-1.2770777,0.191993
-1.2768777,0.127995
-1.2766777,0.159994
-1.2764777,0.159994
-1.2762777,0.127995
-1.2760777,0.191993
-1.2758777,0.223991
-1.2756777,0.191993
-1.2754777,0.191993
-1.2752777,0.191993
-1.2750777,0.159994
-1.2748777,0.191993
-1.2746777,0.159994
-1.2744777,0.127995
-1.2742777,0.127995
-1.2740777,0.127995
-1.2738777,0.127995
-1.2736777,0.127995
-1.2734777,0.159994
-1.2732777,0.127995
-1.2730777,0.159994
-1.2728777,0.191993
-1.2726777,0.191993
-1.2724777,0.127995
-1.2722777,0.159994
-1.2720777,0.127995
-1.2718777,0.159994
-1.2716777,0.127995
-1.2714777,0.159994
-1.2712777,0.159994
-1.2710777,0.159994
-1.2708777,0.127995
-1.2706777,0.0959963
-1.2704777,0.127995
-1.2702777,0.127995
-1.2700777,0.0959963
-1.2698777,0.0959963
-1.2696777,0.127995
-1.2694777,0.127995
-1.2692777,0.127995
-1.2690777,0.0959963
-1.2688777,0.0959963
-1.2686777,0.127995
-1.2684777,0.127995
-1.2682777,0.0639975
-1.2680777,0.127995
-1.2678777,0.127995
-1.2676777,0.0959963
-1.2674777,0.0959963
-1.2672777,0.0639975
-1.2670777,0.0639975
-1.2668777,0.0959963
-1.2666777,0.0959963
-1.2664777,0.0959963
-1.2662777,0.0639975
-1.2660777,0.0639975
-1.2658777,0.0959963
-1.2656777,0.0639975
-1.2654777,0.0639975
-1.2652777,0.0639975
-1.2650777,0.0959963
-1.2648777,0.0639975
-1.2646777,0.0639975
-1.2644777,0.0959963
-1.2642777,0.0639975
-1.2640777,0.0639975
-1.2638777,0.0639975
-1.2636777,0.0639975
-1.2634777,0.0959963
-1.2632777,0.0639975
-1.2630777,0.0959963
-1.2628777,0.0639975
-1.2626777,0.0959963
-1.2624777,0.0959963
-1.2622777,0.0639975
-1.2620777,0.0319988
-1.2618777,0.0639975
-1.2616777,0.0639975
-1.2614777,0.0959963
-1.2612777,0.0639975
-1.2610777,0.0959963
-1.2608777,0.0639975
-1.2606777,0.0639975
-1.2604777,0.0319988
-1.2602777,0.0639975
-1.2600777,0.0959963
-1.2598777,0.0319988
-1.2596777,0.0319988
-1.2594777,0.0639975
-1.2592777,0.0319988
-1.2590777,0.0639975
-1.2588777,0.0639975
-1.2586777,0.0319988
-1.2584777,0.0639975
-1.2582777,0.0639975
-1.2580777,0.0319988
-1.2578777,0.0639975
-1.2576777,0.0639975
-1.2574777,0.0319988
-1.2572777,0.0639975
-1.2570777,0.0639975
-1.2568777,0.0319988
-1.2566777,0.0319988
-1.2564777,0.0319988
-1.2562777,0.0319988
-1.2560777,0.0639975
-1.2558777,0.0639975
-1.2556777,0.0639975
-1.2554777,0.0319988
-1.2552777,0.0319988
-1.2550777,0.0319988
-1.2548777,0.0639975
-1.2546777,0.0639975
-1.2544777,0
-1.2542777,0.0319988
-1.2540777,0.0319988
-1.2538777,0
-1.2536777,0.0319988
-1.2534777,0.0639975
-1.2532777,0.0319988
-1.2530777,0.0319988
-1.2528777,0.0319988
-1.2526777,0.0319988
-1.2524777,0.0639975
-1.2522777,0.0319988
-1.2520777,0.0319988
-1.2518777,0.0319988
-1.2516777,0
-1.2514777,0
-1.2512777,0.0319988
-1.2510777,0.0639975
-1.2508777,0
-1.2506777,0.0639975
-1.2504777,0
-1.2502777,0
-1.2500777,0.0319988
-1.2498777,0.0319988
-1.2496777,0.0319988
-1.2494777,0.0639975
-1.2492777,0
-1.2490777,0.0319988
-1.2488777,0
-1.2486777,0.0319988
-1.2484777,0.0319988
-1.2482777,0.0319988
-1.2480777,0.0639975
-1.2478777,0.0639975
-1.2476777,0.0639975
-1.2474777,0.0319988
-1.2472777,0.0319988
-1.2470777,0.0959963
-1.2468777,0.0319988
-1.2466777,0.0319988
-1.2464777,0.0319988
-1.2462777,0
-1.2460777,0.0319988
-1.2458777,0.0639975
-1.2456777,0.0319988
-1.2454777,-0.0319988
-1.2452777,0
-1.2450777,0.0319988
-1.2448777,-0.0319988
-1.2446777,0
-1.2444777,0.0639975
-1.2442777,0
-1.2440777,0.0639975
-1.2438777,0.0319988
-1.2436777,0.0319988
-1.2434777,0
-1.2432777,0.0319988
-1.2430777,0
-1.2428777,0
-1.2426777,0
-1.2424777,-0.0319988
-1.2422777,0
-1.2420777,0
-1.2418777,0
-1.2416777,0
-1.2414777,0.0319988
-1.2412777,0
-1.2410777,0
-1.2408777,0.0319988
-1.2406777,0
-1.2404777,0.0319988
-1.2402777,0.0639975
-1.2400777,-0.0319988
-1.2398777,0
-1.2396777,0.0639975
-1.2394777,0
-1.2392777,0.0319988
-1.2390777,0
-1.2388777,-0.0319988
-1.2386777,0.0959963
-1.2384777,0.0319988
-1.2382777,0
-1.2380777,0.0319988
-1.2378777,0
-1.2376777,0.0319988
-1.2374777,0.0319988
-1.2372777,0.0319988
-1.2370777,0.0319988
-1.2368777,0.0319988
-1.2366777,0.0319988
-1.2364777,0.0319988
-1.2362777,0.0319988
-1.2360777,0.0319988
-1.2358777,0.0639975
-1.2356777,0.0639975
-1.2354777,0.0639975
-1.2352777,0
-1.2350777,0.0319988
-1.2348777,0.0319988
-1.2346777,0.0319988
-1.2344777,0.0319988
-1.2342777,0.0639975
-1.2340777,0.0319988
-1.2338777,0.0639975
-1.2336777,0.0639975
-1.2334777,0.0319988
-1.2332777,0.0639975
-1.2330777,0.0319988
-1.2328777,0.0319988
-1.2326777,0
-1.2324777,0.0639975
-1.2322777,0
-1.2320777,0.0319988
-1.2318777,0.0319988
-1.2316777,0
-1.2314777,0.0319988
-1.2312777,0.0319988
-1.2310777,0.0319988
-1.2308777,0
-1.2306777,0.0319988
-1.2304777,0.0639975
-1.2302777,0.0639975
-1.2300777,0.0639975
-1.2298777,0.0319988
-1.2296777,0.0319988
-1.2294777,0.0639975
-1.2292777,0.0319988
-1.2290777,0.0639975
-1.2288777,0.0319988
-1.2286777,-0.0319988
-1.2284777,0
-1.2282777,0.0319988
-1.2280777,0.0319988
-1.2278777,0.0319988
-1.2276777,0.0639975
-1.2274777,0.0319988
-1.2272777,0
-1.2270777,0
-1.2268777,0
-1.2266777,0.0319988
-1.2264777,0
-1.2262777,-0.0319988
-1.2260777,0.0319988
-1.2258777,0
-1.2256777,0.0319988
-1.2254777,0.0319988
-1.2252777,0.0639975
-1.2250777,0
-1.2248777,0
-1.2246777,0.0319988
-1.2244777,0
-1.2242777,0.0319988
-1.2240777,0.0639975
-1.2238777,0
-1.2236777,0.0319988
-1.2234777,0.0319988
-1.2232777,0.0319988
-1.2230777,0.0319988
-1.2228777,0.0639975
-1.2226777,0
-1.2224777,0
-1.2222777,0.0319988
-1.2220777,0
-1.2218777,0.0319988
-1.2216777,0
-1.2214777,0
-1.2212777,0.0319988
-1.2210777,0.0319988
-1.2208777,-0.0319988
-1.2206777,0.0319988
-1.2204777,0
-1.2202777,0
-1.2200777,0
-1.2198777,-0.0319988
-1.2196777,0.0319988
-1.2194777,0
-1.2192777,0
-1.2190777,0
-1.2188777,0.0319988
-1.2186777,0
-1.2184777,-0.0319988
-1.2182777,0
-1.2180777,0
-1.2178777,-0.0319988
-1.2176777,0.0319988
-1.2174777,0
-1.2172777,0
-1.2170777,0
-1.2168777,0
-1.2166777,-0.0319988
-1.2164777,0
-1.2162777,0
-1.2160777,-0.0319988
-1.2158777,0
-1.2156777,-0.0639975
-1.2154777,-0.0319988
-1.2152777,-0.0319988
-1.2150777,-0.0639975
-1.2148777,-0.0319988
-1.2146777,0
-1.2144777,0
-1.2142777,-0.0319988
-1.2140777,-0.0319988
-1.2138777,-0.0319988
-1.2136777,-0.0319988
-1.2134777,-0.0639975
-1.2132777,0
-1.2130777,-0.0639975
-1.2128777,-0.0319988
-1.2126777,0
-1.2124777,-0.0319988
-1.2122777,-0.0639975
-1.2120777,-0.0319988
-1.2118777,-0.0319988
-1.2116777,-0.0319988
-1.2114777,0
-1.2112777,0
-1.2110777,-0.0319988
-1.2108777,0
-1.2106777,-0.0319988
-1.2104777,0
-1.2102777,0
-1.2100777,-0.0319988
-1.2098777,-0.0319988
-1.2096777,-0.0319988
-1.2094777,-0.0639975
-1.2092777,0.0319988
-1.2090777,0
-1.2088777,-0.0639975
-1.2086777,-0.0319988
-1.2084777,0
-1.2082777,-0.0319988
-1.2080777,0
-1.2078777,0.0319988
-1.2076777,-0.0319988
-1.2074777,-0.0319988
-1.2072777,0
-1.2070777,-0.0639975
-1.2068777,-0.0319988
-1.2066777,-0.0319988
-1.2064777,-0.0959963
-1.2062777,-0.0319988
-1.2060777,-0.0319988
-1.2058777,-0.0959963
-1.2056777,0
-1.2054777,-0.0639975
-1.2052777,-0.0319988
-1.2050777,-0.0319988
-1.2048777,-0.0319988
-1.2046777,-0.0639975
-1.2044777,0
-1.2042777,-0.0319988
-1.2040777,-0.0959963
-1.2038777,-0.0639975
-1.2036777,-0.0319988
-1.2034777,-0.0959963
-1.2032777,-0.0639975
-1.2030777,-0.0319988
-1.2028777,-0.0639975
-1.2026777,-0.0639975
-1.2024777,0
-1.2022777,-0.0639975
-1.2020777,-0.0639975
-1.2018777,-0.0639975
-1.2016777,-0.0639975
-1.2014777,-0.0639975
-1.2012777,-0.0639975
-1.2010777,-0.0959963
-1.2008777,-0.0639975
-1.2006777,-0.0319988
-1.2004777,-0.0639975
-1.2002777,-0.0319988
-1.2000777,-0.0319988
-1.1998777,-0.0639975
-1.1996777,-0.0319988
-1.1994777,-0.0319988
-1.1992777,-0.0639975
-1.1990777,-0.0319988
-1.1988777,-0.0319988
-1.1986777,-0.0639975
-1.1984777,0
-1.1982777,0
-1.1980777,-0.0639975
-1.1978777,-0.0319988
-1.1976777,-0.0319988
-1.1974777,-0.0639975
-1.1972777,-0.0319988
-1.1970777,0
-1.1968777,-0.0639975
-1.1966777,-0.0319988
-1.1964777,-0.0319988
-1.1962777,-0.0959963
-1.1960777,-0.0319988
-1.1958777,-0.0639975
-1.1956777,-0.0639975
-1.1954777,-0.0639975
-1.1952777,-0.0639975
-1.1950777,-0.0639975
-1.1948777,-0.0639975
-1.1946777,-0.0639975
-1.1944777,-0.0639975
-1.1942777,-0.0639975
-1.1940777,-0.0639975
-1.1938777,-0.0639975
-1.1936777,0
-1.1934777,-0.0319988
-1.1932777,-0.0959963
-1.1930777,-0.0639975
-1.1928777,-0.0639975
-1.1926777,-0.0639975
-1.1924777,-0.0639975
-1.1922777,-0.0959963
-1.1920777,-0.0959963
-1.1918777,-0.127995
-1.1916777,-0.0639975
-1.1914777,-0.0639975
-1.1912777,-0.0639975
-1.1910777,-0.0639975
-1.1908777,-0.127995
-1.1906777,-0.0959963
-1.1904777,-0.0319988
-1.1902777,-0.159994
-1.1900777,-0.0959963
-1.1898777,-0.0959963
-1.1896777,-0.127995
-1.1894777,-0.0639975
-1.1892777,-0.127995
-1.1890777,-0.0959963
-1.1888777,-0.0959963
-1.1886777,-0.0959963
-1.1884777,-0.127995
-1.1882777,-0.159994
-1.1880777,-0.0639975
-1.1878777,-0.0959963
-1.1876777,-0.0639975
-1.1874777,-0.0959963
-1.1872777,-0.159994
-1.1870777,-0.0959963
-1.1868777,-0.0959963
-1.1866777,-0.127995
-1.1864777,-0.0959963
-1.1862777,-0.0959963
-1.1860777,-0.127995
-1.1858777,-0.0959963
-1.1856777,-0.0959963
-1.1854777,-0.127995
-1.1852777,-0.127995
-1.1850777,-0.127995
-1.1848777,-0.0959963
-1.1846777,-0.127995
-1.1844777,-0.127995
-1.1842777,-0.159994
-1.1840777,-0.127995
-1.1838777,-0.0639975
-1.1836777,-0.159994
-1.1834777,-0.127995
-1.1832777,-0.127995
-1.1830777,-0.159994
-1.1828777,-0.0959963
-1.1826777,-0.127995
-1.1824777,-0.127995
-1.1822777,-0.127995
-1.1820777,-0.127995
-1.1818777,-0.159994
-1.1816777,-0.127995
-1.1814777,-0.0959963
-1.1812777,-0.191993
-1.1810777,-0.0959963
-1.1808777,-0.127995
-1.1806777,-0.159994
-1.1804777,-0.159994
-1.1802777,-0.127995
-1.1800777,-0.191993
-1.1798777,-0.191993
-1.1796777,-0.191993
-1.1794777,-0.159994
-1.1792777,-0.159994
-1.1790777,-0.159994
-1.1788777,-0.191993
-1.1786777,-0.159994
-1.1784777,-0.127995
-1.1782777,-0.159994
-1.1780777,-0.127995
-1.1778777,-0.127995
-1.1776777,-0.191993
-1.1774777,-0.0959963
-1.1772777,-0.159994
-1.1770777,-0.159994
-1.1768777,-0.159994
-1.1766777,-0.0959963
-1.1764777,-0.159994
-1.1762777,-0.127995
-1.1760777,-0.159994
-1.1758777,-0.159994
-1.1756777,-0.127995
-1.1754777,-0.159994
-1.1752777,-0.159994
-1.1750777,-0.127995
-1.1748777,-0.127995
-1.1746777,-0.159994
-1.1744777,-0.159994
-1.1742777,-0.159994
-1.1740777,-0.159994
-1.1738777,-0.159994
-1.1736777,-0.127995
-1.1734777,-0.159994
-1.1732777,-0.191993
-1.1730777,-0.127995
-1.1728777,-0.127995
-1.1726777,-0.127995
-1.1724777,-0.127995
-1.1722777,-0.159994
-1.1720777,-0.0639975
-1.1718777,-0.127995
-1.1716777,-0.159994
-1.1714777,-0.0959963
-1.1712777,-0.0959963
-1.1710777,-0.159994
-1.1708777,-0.159994
-1.1706777,-0.159994
-1.1704777,-0.159994
-1.1702777,-0.159994
-1.1700777,-0.127995
-1.1698777,-0.191993
-1.1696777,-0.159994
-1.1694777,-0.159994
-1.1692777,-0.159994
-1.1690777,-0.127995
-1.1688777,-0.159994
-1.1686777,-0.191993
-1.1684777,-0.127995
-1.1682777,-0.191993
-1.1680777,-0.159994
-1.1678777,-0.191993
-1.1676777,-0.127995
-1.1674777,-0.159994
-1.1672777,-0.0959963
-1.1670777,-0.0959963
-1.1668777,-0.127995
-1.1666777,-0.159994
-1.1664777,-0.127995
-1.1662777,-0.159994
-1.1660777,-0.127995
-1.1658777,-0.0959963
-1.1656777,-0.127995
-1.1654777,-0.0959963
-1.1652777,-0.127995
-1.1650777,-0.159994
-1.1648777,-0.0639975
-1.1646777,-0.0959963
-1.1644777,-0.159994
-1.1642777,-0.127995
-1.1640777,-0.0959963
-1.1638777,-0.127995
-1.1636777,-0.159994
-1.1634777,-0.159994
-1.1632777,-0.159994
-1.1630777,-0.127995
-1.1628777,-0.127995
-1.1626777,-0.0959963
-1.1624777,-0.0959963
-1.1622777,-0.0959963
-1.1620777,-0.127995
-1.1618777,-0.0959963
-1.1616777,-0.127995
-1.1614777,-0.127995
-1.1612777,-0.0959963
-1.1610777,-0.0959963
-1.1608777,-0.127995
-1.1606777,-0.0959963
-1.1604777,-0.127995
-1.1602777,-0.127995
-1.1600777,-0.0959963
-1.1598777,-0.127995
-1.1596777,-0.127995
-1.1594777,-0.127995
-1.1592777,-0.0959963
-1.1590777,-0.159994
-1.1588777,-0.127995
-1.1586777,-0.127995
-1.1584777,-0.159994
-1.1582777,-0.127995
-1.1580777,-0.127995
-1.1578777,-0.159994
-1.1576777,-0.127995
-1.1574777,-0.0959963
-1.1572777,-0.159994
-1.1570777,-0.127995
-1.1568777,-0.0959963
-1.1566777,-0.127995
-1.1564777,-0.127995
-1.1562777,-0.127995
-1.1560777,-0.159994
-1.1558777,-0.0959963
-1.1556777,-0.0959963
-1.1554777,-0.127995
-1.1552777,-0.127995
-1.1550777,-0.127995
-1.1548777,-0.127995
-1.1546777,-0.0959963
-1.1544777,-0.127995
-1.1542777,-0.127995
-1.1540777,-0.0959963
-1.1538777,-0.127995
-1.1536777,-0.127995
-1.1534777,-0.127995
-1.1532777,-0.0959963
-1.1530777,-0.127995
-1.1528777,-0.127995
-1.1526777,-0.127995
-1.1524777,-0.0959963
-1.1522777,-0.127995
-1.1520777,-0.127995
-1.1518777,-0.127995
-1.1516777,-0.127995
-1.1514777,-0.159994
-1.1512777,-0.127995
-1.1510777,-0.127995
-1.1508777,-0.0959963
-1.1506777,-0.127995
-1.1504777,-0.159994
-1.1502777,-0.0959963
-1.1500777,-0.0959963
-1.1498777,-0.127995
-1.1496777,-0.127995
-1.1494777,-0.159994
-1.1492777,-0.0959963
-1.1490777,-0.0959963
-1.1488777,-0.0639975
-1.1486777,-0.127995
-1.1484777,-0.0959963
-1.1482777,-0.191993
-1.1480777,-0.127995
-1.1478777,-0.0959963
-1.1476777,-0.127995
-1.1474777,-0.0959963
-1.1472777,-0.0319988
-1.1470777,-0.127995
-1.1468777,-0.0639975
-1.1466777,-0.0959963
-1.1464777,-0.127995
-1.1462777,-0.0639975
-1.1460777,-0.0639975
-1.1458777,-0.127995
-1.1456777,-0.0959963
-1.1454777,-0.0959963
-1.1452777,-0.127995
-1.1450777,-0.0959963
-1.1448777,-0.0639975
-1.1446777,-0.127995
-1.1444777,-0.0959963
-1.1442777,-0.0639975
-1.1440777,-0.127995
-1.1438777,-0.0959963
-1.1436777,-0.0959963
-1.1434777,-0.127995
-1.1432777,-0.0639975
-1.1430777,-0.0959963
-1.1428777,-0.0959963
-1.1426777,-0.0639975
-1.1424777,-0.0639975
-1.1422777,-0.0639975
-1.1420777,-0.0959963
-1.1418777,-0.0639975
-1.1416777,-0.0959963
-1.1414777,-0.0639975
-1.1412777,-0.0319988
-1.1410777,-0.127995
-1.1408777,-0.0959963
-1.1406777,-0.0639975
-1.1404777,-0.0639975
-1.1402777,-0.0639975
-1.1400777,-0.0639975
-1.1398777,-0.0639975
-1.1396777,-0.0639975
-1.1394777,-0.127995
-1.1392777,-0.0959963
-1.1390777,-0.0959963
-1.1388777,-0.0639975
-1.1386777,-0.127995
-1.1384777,-0.0639975
-1.1382777,-0.0639975
-1.1380777,-0.0959963
-1.1378777,-0.127995
-1.1376777,-0.0639975
-1.1374777,-0.0959963
-1.1372777,-0.0959963
-1.1370777,-0.0639975
-1.1368777,-0.0959963
-1.1366777,-0.0959963
-1.1364777,-0.0319988
-1.1362777,-0.0959963
-1.1360777,-0.0959963
-1.1358777,-0.0639975
-1.1356777,-0.127995
-1.1354777,-0.0959963
-1.1352777,-0.127995
-1.1350777,-0.0959963
-1.1348777,-0.127995
-1.1346777,-0.127995
-1.1344777,-0.0959963
-1.1342777,-0.0959963
-1.1340777,-0.0959963
-1.1338777,-0.127995
-1.1336777,-0.0639975
-1.1334777,-0.0959963
-1.1332777,-0.159994
-1.1330777,-0.127995
-1.1328777,-0.0959963
-1.1326777,-0.159994
-1.1324777,-0.127995
-1.1322777,-0.127995
-1.1320777,-0.127995
-1.1318777,-0.127995
-1.1316777,-0.0959963
-1.1314777,-0.0959963
-1.1312777,-0.127995
-1.1310777,-0.0959963
-1.1308777,-0.159994
-1.1306777,-0.0959963
-1.1304777,-0.0959963
-1.1302777,-0.191993
-1.1300777,-0.0959963
-1.1298777,-0.127995
-1.1296777,-0.127995
-1.1294777,-0.127995
-1.1292777,-0.127995
-1.1290777,-0.159994
-1.1288777,-0.159994
-1.1286777,-0.127995
-1.1284777,-0.159994
-1.1282777,-0.127995
-1.1280777,-0.127995
-1.1278777,-0.191993
-1.1276777,-0.159994
-1.1274777,-0.127995
-1.1272777,-0.127995
-1.1270777,-0.127995
-1.1268777,-0.159994
-1.1266777,-0.191993
-1.1264777,-0.159994
-1.1262777,-0.159994
-1.1260777,-0.127995
-1.1258777,-0.127995
-1.1256777,-0.127995
-1.1254777,-0.159994
-1.1252777,-0.127995
-1.1250777,-0.0959963
-1.1248777,-0.159994
-1.1246777,-0.159994
-1.1244777,-0.127995
-1.1242777,-0.159994
-1.1240777,-0.127995
-1.1238777,-0.159994
-1.1236777,-0.223991
-1.1234777,-0.127995
-1.1232777,-0.159994
-1.1230777,-0.159994
-1.1228777,-0.191993
-1.1226777,-0.159994
-1.1224777,-0.127995
-1.1222777,-0.159994
-1.1220777,-0.159994
-1.1218777,-0.159994
-1.1216777,-0.0959963
-1.1214777,-0.127995
-1.1212777,-0.191993
-1.1210777,-0.127995
-1.1208777,-0.127995
-1.1206777,-0.159994
-1.1204777,-0.159994
-1.1202777,-0.159994
-1.1200777,-0.159994
-1.1198777,-0.127995
-1.1196777,-0.127995
-1.1194777,-0.191993
-1.1192777,-0.159994
-1.1190777,-0.127995
-1.1188777,-0.159994
-1.1186777,-0.159994
-1.1184777,-0.159994
-1.1182777,-0.159994
-1.1180777,-0.159994
-1.1178777,-0.159994
-1.1176777,-0.127995
-1.1174777,-0.127995
-1.1172777,-0.159994
-1.1170777,-0.159994
-1.1168777,-0.191993
-1.1166777,-0.159994
-1.1164777,-0.191993
-1.1162777,-0.127995
-1.1160777,-0.127995
-1.1158777,-0.191993
-1.1156777,-0.127995
-1.1154777,-0.191993
-1.1152777,-0.191993
-1.1150777,-0.127995
-1.1148777,-0.159994
-1.1146777,-0.127995
-1.1144777,-0.191993
-1.1142777,-0.159994
-1.1140777,-0.159994
-1.1138777,-0.127995
-1.1136777,-0.159994
-1.1134777,-0.191993
-1.1132777,-0.159994
-1.1130777,-0.127995
-1.1128777,-0.159994
-1.1126777,-0.159994
-1.1124777,-0.191993
-1.1122777,-0.191993
-1.1120777,-0.159994
-1.1118777,-0.127995
-1.1116777,-0.127995
-1.1114777,-0.191993
-1.1112777,-0.159994
-1.1110777,-0.191993
-1.1108777,-0.159994
-1.1106777,-0.191993
-1.1104777,-0.127995
-1.1102777,-0.127995
-1.1100777,-0.191993
-1.1098777,-0.159994
-1.1096777,-0.159994
-1.1094777,-0.127995
-1.1092777,-0.159994
-1.1090777,-0.159994
-1.1088777,-0.159994
-1.1086777,-0.127995
-1.1084777,-0.159994
-1.1082777,-0.159994
-1.1080777,-0.159994
-1.1078777,-0.159994
-1.1076777,-0.127995
-1.1074777,-0.191993
-1.1072777,-0.159994
-1.1070777,-0.159994
-1.1068777,-0.159994
-1.1066777,-0.159994
-1.1064777,-0.127995
-1.1062777,-0.159994
-1.1060777,-0.159994
-1.1058777,-0.159994
-1.1056777,-0.159994
-1.1054777,-0.159994
-1.1052777,-0.159994
-1.1050777,-0.191993
-1.1048777,-0.159994
-1.1046777,-0.127995
-1.1044777,-0.191993
-1.1042777,-0.127995
-1.1040777,-0.159994
-1.1038777,-0.191993
-1.1036777,-0.191993
-1.1034777,-0.127995
-1.1032777,-0.159994
-1.1030777,-0.223991
-1.1028777,-0.159994
-1.1026777,-0.191993
-1.1024777,-0.159994
-1.1022777,-0.127995
-1.1020777,-0.223991
-1.1018777,-0.191993
-1.1016777,-0.159994
-1.1014777,-0.159994
-1.1012777,-0.159994
-1.1010777,-0.191993
-1.1008777,-0.223991
-1.1006777,-0.159994
-1.1004777,-0.127995
-1.1002777,-0.223991
-1.1000777,-0.159994
-1.0998777,-0.191993
-1.0996777,-0.159994
-1.0994777,-0.159994
-1.0992777,-0.159994
-1.0990777,-0.159994
-1.0988777,-0.191993
-1.0986777,-0.25599
-1.0984777,-0.191993
-1.0982777,-0.159994
-1.0980777,-0.191993
-1.0978777,-0.223991
-1.0976777,-0.191993
-1.0974777,-0.159994
-1.0972777,-0.191993
-1.0970777,-0.191993
-1.0968777,-0.159994
-1.0966777,-0.191993
-1.0964777,-0.191993
-1.0962777,-0.191993
-1.0960777,-0.191993
-1.0958777,-0.159994
-1.0956777,-0.191993
-1.0954777,-0.191993
-1.0952777,-0.191993
-1.0950777,-0.191993
-1.0948777,-0.191993
-1.0946777,-0.223991
-1.0944777,-0.223991
-1.0942777,-0.223991
-1.0940777,-0.159994
-1.0938777,-0.127995
-1.0936777,-0.191993
-1.0934777,-0.159994
-1.0932777,-0.159994
-1.0930777,-0.191993
-1.0928777,-0.223991
-1.0926777,-0.159994
-1.0924777,-0.223991
-1.0922777,-0.191993
-1.0920777,-0.191993
-1.0918777,-0.223991
-1.0916777,-0.223991
-1.0914777,-0.191993
-1.0912777,-0.25599
-1.0910777,-0.25599
-1.0908777,-0.223991
-1.0906777,-0.223991
-1.0904777,-0.223991
-1.0902777,-0.191993
-1.0900777,-0.191993
-1.0898777,-0.159994
-1.0896777,-0.191993
-1.0894777,-0.25599
-1.0892777,-0.191993
-1.0890777,-0.191993
-1.0888777,-0.223991
-1.0886777,-0.159994
-1.0884777,-0.191993
-1.0882777,-0.223991
-1.0880777,-0.159994
-1.0878777,-0.191993
-1.0876777,-0.191993
-1.0874777,-0.159994
-1.0872777,-0.159994
-1.0870777,-0.191993
-1.0868777,-0.25599
-1.0866777,-0.191993
-1.0864777,-0.223991
-1.0862777,-0.223991
-1.0860777,-0.191993
-1.0858777,-0.191993
-1.0856777,-0.159994
-1.0854777,-0.191993
-1.0852777,-0.191993
-1.0850777,-0.191993
-1.0848777,-0.127995
-1.0846777,-0.191993
-1.0844777,-0.191993
-1.0842777,-0.159994
-1.0840777,-0.159994
-1.0838777,-0.191993
-1.0836777,-0.191993
-1.0834777,-0.191993
-1.0832777,-0.223991
-1.0830777,-0.159994
-1.0828777,-0.191993
-1.0826777,-0.159994
-1.0824777,-0.127995
-1.0822777,-0.223991
-1.0820777,-0.159994
-1.0818777,-0.159994
-1.0816777,-0.191993
-1.0814777,-0.159994
-1.0812777,-0.159994
-1.0810777,-0.191993
-1.0808777,-0.223991
-1.0806777,-0.191993
-1.0804777,-0.223991
-1.0802777,-0.223991
-1.0800777,-0.191993
-1.0798777,-0.191993
-1.0796777,-0.191993
-1.0794777,-0.191993
-1.0792777,-0.223991
-1.0790777,-0.159994
-1.0788777,-0.159994
-1.0786777,-0.191993
-1.0784777,-0.159994
-1.0782777,-0.159994
-1.0780777,-0.191993
-1.0778777,-0.191993
-1.0776777,-0.223991
-1.0774777,-0.159994
-1.0772777,-0.159994
-1.0770777,-0.223991
-1.0768777,-0.191993
-1.0766777,-0.191993
-1.0764777,-0.127995
-1.0762777,-0.159994
-1.0760777,-0.127995
-1.0758777,-0.191993
-1.0756777,-0.191993
-1.0754777,-0.127995
-1.0752777,-0.159994
-1.0750777,-0.159994
-1.0748777,-0.191993
-1.0746777,-0.159994
-1.0744777,-0.159994
-1.0742777,-0.159994
-1.0740777,-0.191993
-1.0738777,-0.191993
-1.0736777,-0.127995
-1.0734777,-0.159994
-1.0732777,-0.191993
-1.0730777,-0.127995
-1.0728777,-0.159994
-1.0726777,-0.191993
-1.0724777,-0.127995
-1.0722777,-0.159994
-1.0720777,-0.159994
-1.0718777,-0.191993
-1.0716777,-0.0959963
-1.0714777,-0.159994
-1.0712777,-0.191993
-1.0710777,-0.127995
-1.0708777,-0.159994
-1.0706777,-0.191993
-1.0704777,-0.159994
-1.0702777,-0.127995
-1.0700777,-0.191993
-1.0698777,-0.159994
-1.0696777,-0.127995
-1.0694777,-0.127995
-1.0692777,-0.191993
-1.0690777,-0.191993
-1.0688777,-0.159994
-1.0686777,-0.159994
-1.0684777,-0.191993
-1.0682777,-0.127995
-1.0680777,-0.159994
-1.0678777,-0.223991
-1.0676777,-0.191993
-1.0674777,-0.159994
-1.0672777,-0.159994
-1.0670777,-0.159994
-1.0668777,-0.191993
-1.0666777,-0.191993
-1.0664777,-0.223991
-1.0662777,-0.127995
-1.0660777,-0.191993
-1.0658777,-0.191993
-1.0656777,-0.159994
-1.0654777,-0.223991
-1.0652777,-0.127995
-1.0650777,-0.159994
-1.0648777,-0.223991
-1.0646777,-0.159994
-1.0644777,-0.159994
-1.0642777,-0.159994
-1.0640777,-0.159994
-1.0638777,-0.159994
-1.0636777,-0.191993
-1.0634777,-0.159994
-1.0632777,-0.191993
-1.0630777,-0.159994
-1.0628777,-0.159994
-1.0626777,-0.159994
-1.0624777,-0.159994
-1.0622777,-0.159994
-1.0620777,-0.159994
-1.0618777,-0.191993
-1.0616777,-0.159994
-1.0614777,-0.159994
-1.0612777,-0.159994
-1.0610777,-0.159994
-1.0608777,-0.191993
-1.0606777,-0.159994
-1.0604777,-0.159994
-1.0602777,-0.0959963
-1.0600777,-0.191993
-1.0598777,-0.191993
-1.0596777,-0.127995
-1.0594777,-0.159994
-1.0592777,-0.159994
-1.0590777,-0.159994
-1.0588777,-0.191993
-1.0586777,-0.159994
-1.0584777,-0.159994
-1.0582777,-0.223991
-1.0580777,-0.127995
-1.0578777,-0.159994
-1.0576777,-0.223991
-1.0574777,-0.159994
-1.0572777,-0.191993
-1.0570777,-0.159994
-1.0568777,-0.159994
-1.0566777,-0.159994
-1.0564777,-0.159994
-1.0562777,-0.127995
-1.0560777,-0.159994
-1.0558777,-0.191993
-1.0556777,-0.159994
-1.0554777,-0.0959963
-1.0552777,-0.191993
-1.0550777,-0.127995
-1.0548777,-0.159994
-1.0546777,-0.191993
-1.0544777,-0.191993
-1.0542777,-0.127995
-1.0540777,-0.191993
-1.0538777,-0.159994
-1.0536777,-0.159994
-1.0534777,-0.159994
-1.0532777,-0.159994
-1.0530777,-0.159994
-1.0528777,-0.191993
-1.0526777,-0.127995
-1.0524777,-0.127995
-1.0522777,-0.159994
-1.0520777,-0.191993
-1.0518777,-0.159994
-1.0516777,-0.191993
-1.0514777,-0.191993
-1.0512777,-0.127995
-1.0510777,-0.191993
-1.0508777,-0.159994
-1.0506777,-0.127995
-1.0504777,-0.159994
-1.0502777,-0.191993
-1.0500777,-0.127995
-1.0498777,-0.127995
-1.0496777,-0.191993
-1.0494777,-0.159994
-1.0492777,-0.127995
-1.0490777,-0.191993
-1.0488777,-0.159994
-1.0486777,-0.191993
-1.0484777,-0.159994
-1.0482777,-0.159994
-1.0480777,-0.159994
-1.0478777,-0.159994
-1.0476777,-0.159994
-1.0474777,-0.159994
-1.0472777,-0.191993
-1.0470777,-0.159994
-1.0468777,-0.127995
-1.0466777,-0.127995
-1.0464777,-0.159994
-1.0462777,-0.127995
-1.0460777,-0.191993
-1.0458777,-0.159994
-1.0456777,-0.223991
-1.0454777,-0.159994
-1.0452777,-0.127995
-1.0450777,-0.191993
-1.0448777,-0.159994
-1.0446777,-0.127995
-1.0444777,-0.159994
-1.0442777,-0.191993
-1.0440777,-0.127995
-1.0438777,-0.191993
-1.0436777,-0.159994
-1.0434777,-0.159994
-1.0432777,-0.159994
-1.0430777,-0.159994
-1.0428777,-0.159994
-1.0426777,-0.159994
-1.0424777,-0.159994
-1.0422777,-0.127995
-1.0420777,-0.159994
-1.0418777,-0.159994
-1.0416777,-0.159994
-1.0414777,-0.159994
-1.0412777,-0.159994
-1.0410777,-0.159994
-1.0408777,-0.159994
-1.0406777,-0.127995
-1.0404777,-0.127995
-1.0402777,-0.159994
-1.0400777,-0.159994
-1.0398777,-0.127995
-1.0396777,-0.191993
-1.0394777,-0.191993
-1.0392777,-0.127995
-1.0390777,-0.191993
-1.0388777,-0.127995
-1.0386777,-0.159994
-1.0384777,-0.159994
-1.0382777,-0.159994
-1.0380777,-0.127995
-1.0378777,-0.191993
-1.0376777,-0.159994
-1.0374777,-0.159994
-1.0372777,-0.159994
-1.0370777,-0.159994
-1.0368777,-0.159994
-1.0366777,-0.191993
-1.0364777,-0.191993
-1.0362777,-0.127995
-1.0360777,-0.159994
-1.0358777,-0.159994
-1.0356777,-0.0959963
-1.0354777,-0.159994
-1.0352777,-0.191993
-1.0350777,-0.159994
-1.0348777,-0.159994
-1.0346777,-0.127995
-1.0344777,-0.223991
-1.0342777,-0.191993
-1.0340777,-0.159994
-1.0338777,-0.127995
-1.0336777,-0.159994
-1.0334777,-0.159994
-1.0332777,-0.127995
-1.0330777,-0.159994
-1.0328777,-0.159994
-1.0326777,-0.159994
-1.0324777,-0.191993
-1.0322777,-0.191993
-1.0320777,-0.159994
-1.0318777,-0.191993
-1.0316777,-0.191993
-1.0314777,-0.127995
-1.0312777,-0.159994
-1.0310777,-0.159994
-1.0308777,-0.159994
-1.0306777,-0.159994
-1.0304777,-0.191993
-1.0302777,-0.159994
-1.0300777,-0.223991
-1.0298777,-0.191993
-1.0296777,-0.159994
-1.0294777,-0.159994
-1.0292777,-0.191993
-1.0290777,-0.159994
-1.0288777,-0.191993
-1.0286777,-0.191993
-1.0284777,-0.159994
-1.0282777,-0.191993
-1.0280777,-0.191993
-1.0278777,-0.159994
-1.0276777,-0.191993
-1.0274777,-0.159994
-1.0272777,-0.159994
-1.0270777,-0.191993
-1.0268777,-0.127995
-1.0266777,-0.159994
-1.0264777,-0.159994
-1.0262777,-0.191993
-1.0260777,-0.127995
-1.0258777,-0.159994
-1.0256777,-0.191993
-1.0254777,-0.159994
-1.0252777,-0.223991
-1.0250777,-0.159994
-1.0248777,-0.159994
-1.0246777,-0.191993
-1.0244777,-0.127995
-1.0242777,-0.127995
-1.0240777,-0.159994
-1.0238777,-0.191993
-1.0236777,-0.127995
-1.0234777,-0.223991
-1.0232777,-0.223991
-1.0230777,-0.159994
-1.0228777,-0.159994
-1.0226777,-0.191993
-1.0224777,-0.127995
-1.0222777,-0.159994
-1.0220777,-0.159994
-1.0218777,-0.159994
-1.0216777,-0.159994
-1.0214777,-0.159994
-1.0212777,-0.159994
-1.0210777,-0.127995
-1.0208777,-0.159994
-1.0206777,-0.127995
-1.0204777,-0.191993
-1.0202777,-0.159994
-1.0200777,-0.191993
-1.0198777,-0.223991
-1.0196777,-0.159994
-1.0194777,-0.127995
-1.0192777,-0.127995
-1.0190777,-0.223991
-1.0188777,-0.127995
-1.0186777,-0.159994
-1.0184777,-0.223991
-1.0182777,-0.159994
-1.0180777,-0.159994
-1.0178777,-0.159994
-1.0176777,-0.159994
-1.0174777,-0.159994
-1.0172777,-0.191993
-1.0170777,-0.159994
-1.0168777,-0.191993
-1.0166777,-0.159994
-1.0164777,-0.191993
-1.0162777,-0.191993
-1.0160777,-0.191993
-1.0158777,-0.159994
-1.0156777,-0.191993
-1.0154777,-0.191993
-1.0152777,-0.159994
-1.0150777,-0.223991
-1.0148777,-0.159994
-1.0146777,-0.159994
-1.0144777,-0.25599
-1.0142777,-0.159994
-1.0140777,-0.191993
-1.0138777,-0.159994
-1.0136777,-0.159994
-1.0134777,-0.159994
-1.0132777,-0.159994
-1.0130777,-0.159994
-1.0128777,-0.159994
-1.0126777,-0.191993
-1.0124777,-0.223991
-1.0122777,-0.159994
-1.0120777,-0.159994
-1.0118777,-0.159994
-1.0116777,-0.159994
-1.0114777,-0.127995
-1.0112777,-0.191993
-1.0110777,-0.191993
-1.0108777,-0.159994
-1.0106777,-0.127995
-1.0104777,-0.127995
-1.0102777,-0.159994
-1.0100777,-0.191993
-1.0098777,-0.159994
-1.0096777,-0.191993
-1.0094777,-0.191993
-1.0092777,-0.159994
-1.0090777,-0.191993
-1.0088777,-0.159994
-1.0086777,-0.127995
-1.0084777,-0.159994
-1.0082777,-0.0959963
-1.0080777,-0.159994
-1.0078777,-0.223991
-1.0076777,-0.159994
-1.0074777,-0.159994
-1.0072777,-0.191993
-1.0070777,-0.127995
-1.0068777,-0.191993
-1.0066777,-0.223991
-1.0064777,-0.127995
-1.0062777,-0.127995
-1.0060777,-0.191993
-1.0058777,-0.159994
-1.0056777,-0.159994
-1.0054777,-0.223991
-1.0052777,-0.127995
-1.0050777,-0.159994
-1.0048777,-0.127995
-1.0046777,-0.0959963
-1.0044777,-0.127995
-1.0042777,-0.159994
-1.0040777,-0.127995
-1.0038777,-0.0959963
-1.0036777,-0.159994
-1.0034777,-0.127995
-1.0032777,-0.0959963
-1.0030777,-0.127995
-1.0028777,-0.0639975
-1.0026777,-0.0959963
-1.0024777,-0.159994
-1.0022777,-0.127995
-1.0020777,-0.127995
-1.0018777,-0.159994
-1.0016777,-0.127995
-1.0014777,-0.0959963
-1.0012777,-0.127995
-1.0010777,-0.127995
-1.0008777,-0.0959963
-1.0006777,-0.127995
-1.0004777,-0.127995
-1.0002777,-0.0959963
-1.0000777,-0.127995
-0.99987774,-0.0959963
-0.99967774,-0.0959963
-0.99947774,-0.127995
-0.99927774,-0.0639975
-0.99907774,-0.0959963
-0.99887774,-0.0959963
-0.99867774,-0.0959963
-0.99847774,-0.127995
-0.99827774,-0.0959963
-0.99807774,-0.0959963
-0.99787774,-0.0959963
-0.99767774,-0.127995
-0.99747774,-0.0959963
-0.99727774,-0.0959963
-0.99707774,-0.127995
-0.99687774,-0.0639975
-0.99667774,-0.0959963
-0.99647774,-0.127995
-0.99627774,-0.0959963
-0.99607774,-0.0959963
-0.99587774,-0.0639975
-0.99567774,-0.127995
-0.99547774,-0.0319988
-0.99527774,-0.0959963
-0.99507774,-0.0959963
-0.99487774,-0.0959963
-0.99467774,-0.127995
-0.99447774,-0.0959963
-0.99427774,-0.127995
-0.99407774,-0.0959963
-0.99387774,-0.0639975
-0.99367774,-0.0319988
-0.99347774,-0.0959963
-0.99327774,-0.0319988
-0.99307774,-0.0959963
-0.99287774,-0.0959963
-0.99267774,-0.0639975
-0.99247774,-0.0639975
-0.99227774,-0.0959963
-0.99207774,-0.0959963
-0.99187774,-0.0959963
-0.99167774,-0.0639975
-0.99147774,-0.0319988
-0.99127774,-0.0639975
-0.99107774,-0.0639975
-0.99087774,-0.0959963
-0.99067774,-0.0959963
-0.99047774,-0.0959963
-0.99027774,-0.0639975
-0.99007774,-0.0639975
-0.98987774,-0.0639975
-0.98967774,-0.0639975
-0.98947774,-0.0639975
-0.98927774,-0.0959963
-0.98907774,-0.0319988
-0.98887774,-0.0639975
-0.98867774,-0.0639975
-0.98847774,-0.0639975
-0.98827774,-0.0319988
-0.98807774,-0.0959963
-0.98787774,-0.0319988
-0.98767774,-0.0639975
-0.98747774,-0.0639975
-0.98727774,-0.0959963
-0.98707774,0
-0.98687774,-0.0319988
-0.98667774,-0.0319988
-0.98647774,0.0319988
-0.98627774,-0.0639975
-0.98607774,-0.0639975
-0.98587774,-0.0319988
-0.98567774,-0.0639975
-0.98547774,-0.0639975
-0.98527774,-0.0319988
-0.98507774,-0.0639975
-0.98487774,-0.0959963
-0.98467774,-0.0319988
-0.98447774,-0.0319988
-0.98427774,-0.0319988
-0.98407774,-0.0319988
-0.98387774,-0.0639975
-0.98367774,0
-0.98347774,-0.0319988
-0.98327774,-0.0639975
-0.98307774,-0.0319988
-0.98287774,-0.0639975
-0.98267774,-0.0639975
-0.98247774,-0.0319988
-0.98227774,-0.0319988
-0.98207774,-0.0319988
-0.98187774,-0.0639975
-0.98167774,-0.0319988
-0.98147774,-0.0319988
-0.98127774,0
-0.98107774,-0.0319988
-0.98087774,-0.0639975
-0.98067774,-0.0319988
-0.98047774,-0.0319988
-0.98027774,-0.0319988
-0.98007774,-0.0639975
-0.97987774,-0.0639975
-0.97967774,-0.0639975
-0.97947774,-0.0639975
-0.97927774,-0.0319988
-0.97907774,-0.0639975
-0.97887774,-0.0639975
-0.97867774,-0.0639975
-0.97847774,-0.0319988
-0.97827774,-0.0639975
-0.97807774,-0.0319988
-0.97787774,-0.0319988
-0.97767774,0
-0.97747774,-0.0319988
-0.97727774,-0.0639975
-0.97707774,-0.0319988
-0.97687774,0
-0.97667774,-0.0639975
-0.97647774,0.0319988
-0.97627774,-0.0319988
-0.97607774,-0.0639975
-0.97587774,0
-0.97567774,-0.0319988
-0.97547774,-0.0639975
-0.97527774,0.0319988
-0.97507774,-0.0639975
-0.97487774,-0.0639975
-0.97467774,0
-0.97447774,0
-0.97427774,-0.0639975
-0.97407774,-0.0639975
-0.97387774,0
-0.97367774,-0.0319988
-0.97347774,-0.0639975
-0.97327774,0.0319988
-0.97307774,0
-0.97287774,0
-0.97267774,0
-0.97247774,-0.0639975
-0.97227774,-0.0319988
-0.97207774,-0.0319988
-0.97187774,-0.0319988
-0.97167774,0.0319988
-0.97147774,0
-0.97127774,0
-0.97107774,0
-0.97087774,0
-0.97067774,0
-0.97047774,-0.0639975
-0.97027774,0.0319988
-0.97007774,0
-0.96987774,-0.0319988
-0.96967774,0.0319988
-0.96947774,-0.0319988
-0.96927774,0.0319988
-0.96907774,0.0319988
-0.96887774,-0.0319988
-0.96867774,-0.0319988
-0.96847774,0.0319988
-0.96827774,0
-0.96807774,0
-0.96787774,0
-0.96767774,0
-0.96747774,0
-0.96727774,0.0319988
-0.96707774,0
-0.96687774,0
-0.96667774,0.0639975
-0.96647774,-0.0319988
-0.96627774,-0.0319988
-0.96607774,0.0319988
-0.96587774,-0.0319988
-0.96567774,0.0319988
-0.96547774,0.0319988
-0.96527774,-0.0319988
-0.96507774,0
-0.96487774,0.0319988
-0.96467774,-0.0319988
-0.96447774,0
-0.96427774,0.0319988
-0.96407774,0
-0.96387774,0
-0.96367774,0.0319988
-0.96347774,0
-0.96327774,0
-0.96307774,0.0319988
-0.96287774,0
-0.96267774,0
-0.96247774,0
-0.96227774,0
-0.96207774,0.0319988
-0.96187774,0.0319988
-0.96167774,0
-0.96147774,0
-0.96127774,0.0319988
-0.96107774,-0.0319988
-0.96087774,0
-0.96067774,0.0319988
-0.96047774,0.0319988
-0.96027774,0
-0.96007774,0.0319988
-0.95987774,0.0319988
-0.95967774,0.0319988
-0.95947774,0.0959963
-0.95927774,0.0319988
-0.95907774,0.0319988
-0.95887774,0.0639975
-0.95867774,0
-0.95847774,0.0319988
-0.95827774,0.0319988
-0.95807774,0
-0.95787774,0.0319988
-0.95767774,0.0639975
-0.95747774,-0.0319988
-0.95727774,0
-0.95707774,0.0639975
-0.95687774,-0.0319988
-0.95667774,0.0319988
-0.95647774,0.0319988
-0.95627774,0.0319988
-0.95607774,0.0319988
-0.95587774,0.0639975
-0.95567774,0.0319988
-0.95547774,0.0639975
-0.95527774,0.0639975
-0.95507774,0.0959963
-0.95487774,0.0319988
-0.95467774,0.0319988
-0.95447774,0
-0.95427774,0.0319988
-0.95407774,0.0319988
-0.95387774,0.0319988
-0.95367774,0.0639975
-0.95347774,0.0639975
-0.95327774,0.0319988
-0.95307774,0.0319988
-0.95287774,0.0639975
-0.95267774,0.0319988
-0.95247774,0.0319988
-0.95227774,0.0319988
-0.95207774,0.0639975
-0.95187774,0.0639975
-0.95167774,0.0319988
-0.95147774,0.0639975
-0.95127774,0
-0.95107774,0.0639975
-0.95087774,0.0639975
-0.95067774,0.0959963
-0.95047774,0.0639975
-0.95027774,0.0639975
-0.95007774,0.0639975
-0.94987774,0.0959963
-0.94967774,0.0639975
-0.94947774,0.0959963
-0.94927774,0.0639975
-0.94907774,0.0959963
-0.94887774,0.0639975
-0.94867774,0.0959963
-0.94847774,0.0319988
-0.94827774,0.0319988
-0.94807774,0.0639975
-0.94787774,0.0319988
-0.94767774,0.0639975
-0.94747774,0.0639975
-0.94727774,0.0639975
-0.94707774,0.0639975
-0.94687774,0.0639975
-0.94667774,0.0319988
-0.94647774,0.0319988
-0.94627774,0.0639975
-0.94607774,0.0639975
-0.94587774,0.0639975
-0.94567774,0.0959963
-0.94547774,0.0959963
-0.94527774,0.0319988
-0.94507774,0.0639975
-0.94487774,0
-0.94467774,0.0639975
-0.94447774,0.0639975
-0.94427774,0.0639975
-0.94407774,0.0639975
-0.94387774,0.0639975
-0.94367774,0.0639975
-0.94347774,0.0639975
-0.94327774,0.0639975
-0.94307774,0.0319988
-0.94287774,0.0639975
-0.94267774,0.0959963
-0.94247774,0.0319988
-0.94227774,0.0959963
-0.94207774,0.0639975
-0.94187774,0.0319988
-0.94167774,0.0319988
-0.94147774,0.0959963
-0.94127774,0.0319988
-0.94107774,0.0639975
-0.94087774,0.0639975
-0.94067774,0.0639975
-0.94047774,0.0319988
-0.94027774,0.0639975
-0.94007774,0.0639975
-0.93987774,0.0959963
-0.93967774,0.0639975
-0.93947774,0.0639975
-0.93927774,0.0639975
-0.93907774,0.0639975
-0.93887774,0.0319988
-0.93867774,0.0959963
-0.93847774,0.0639975
-0.93827774,0.0639975
-0.93807774,0.0959963
-0.93787774,0.0959963
-0.93767774,0.0959963
-0.93747774,0.0959963
-0.93727774,0.0959963
-0.93707774,0.0639975
-0.93687774,0.0959963
-0.93667774,0.0959963
-0.93647774,0.0959963
-0.93627774,0.127995
-0.93607774,0.0959963
-0.93587774,0.0639975
-0.93567774,0.0959963
-0.93547774,0.0639975
-0.93527774,0.0319988
-0.93507774,0.0959963
-0.93487774,0.0639975
-0.93467774,0.0959963
-0.93447774,0.0959963
-0.93427774,0.0959963
-0.93407774,0.0959963
-0.93387774,0.0959963
-0.93367774,0.0639975
-0.93347774,0.0959963
-0.93327774,0.0959963
-0.93307774,0.0639975
-0.93287774,0.0639975
-0.93267774,0.127995
-0.93247774,0.127995
-0.93227774,0.0959963
-0.93207774,0.0959963
-0.93187774,0.0959963
-0.93167774,0.0639975
-0.93147774,0.0959963
-0.93127774,0.0319988
-0.93107774,0.0639975
-0.93087774,0.0639975
-0.93067774,0.0959963
-0.93047774,0.0639975
-0.93027774,0.0319988
-0.93007774,0.0959963
-0.92987774,0
-0.92967774,0.0959963
-0.92947774,0.0959963
-0.92927774,0.0639975
-0.92907774,0.0959963
-0.92887774,0.0639975
-0.92867774,0.127995
-0.92847774,0.0319988
-0.92827774,0.0639975
-0.92807774,0.0639975
-0.92787774,0.0959963
-0.92767774,0.0959963
-0.92747774,0.0959963
-0.92727774,0.0959963
-0.92707774,0.0639975
-0.92687774,0.0959963
-0.92667774,0.0639975
-0.92647774,0.0639975
-0.92627774,0.0959963
-0.92607774,0.0639975
-0.92587774,0.0959963
-0.92567774,0.0639975
-0.92547774,0.0959963
-0.92527774,0.0959963
-0.92507774,0.0639975
-0.92487774,0.0639975
-0.92467774,0.0319988
-0.92447774,0.0959963
-0.92427774,0.0319988
-0.92407774,0.0639975
-0.92387774,0.0639975
-0.92367774,0.0639975
-0.92347774,0.0639975
-0.92327774,0.0639975
-0.92307774,0.0639975
-0.92287774,0.0319988
-0.92267774,0.0959963
-0.92247774,0.0319988
-0.92227774,0.0639975
-0.92207774,0
-0.92187774,0.0639975
-0.92167774,0.0639975
-0.92147774,0.0639975
-0.92127774,0.0319988
-0.92107774,0.0639975
-0.92087774,0.0319988
-0.92067774,0.0639975
-0.92047774,0.0319988
-0.92027774,0
-0.92007774,0.0639975
-0.91987774,0.0639975
-0.91967774,0.0319988
-0.91947774,0.0639975
-0.91927774,0.0639975
-0.91907774,0
-0.91887774,0.0319988
-0.91867774,0.0319988
-0.91847774,0
-0.91827774,0.0639975
-0.91807774,0.0639975
-0.91787774,0.0319988
-0.91767774,0.0639975
-0.91747774,0.0639975
-0.91727774,0.0319988
-0.91707774,0.0319988
-0.91687774,0.0319988
-0.91667774,0
-0.91647774,0.0319988
-0.91627774,0.0319988
-0.91607774,0
-0.91587774,0.0319988
-0.91567774,0.0319988
-0.91547774,-0.0639975
-0.91527774,0.0319988
-0.91507774,0.0639975
-0.91487774,0
-0.91467774,-0.0319988
-0.91447774,0.0319988
-0.91427774,-0.0319988
-0.91407774,0.0319988
-0.91387774,0.0639975
-0.91367774,0
-0.91347774,0.0639975
-0.91327774,0.0639975
-0.91307774,0.0319988
-0.91287774,0
-0.91267774,0
-0.91247774,-0.0319988
-0.91227774,-0.0319988
-0.91207774,0.0319988
-0.91187774,-0.0319988
-0.91167774,0
-0.91147774,0
-0.91127774,0
-0.91107774,0
-0.91087774,0.0319988
-0.91067774,0.0319988
-0.91047774,-0.0319988
-0.91027774,0.0319988
-0.91007774,0
-0.90987774,0.0319988
-0.90967774,0
-0.90947774,-0.0319988
-0.90927774,0
-0.90907774,-0.0639975
-0.90887774,-0.0319988
-0.90867774,0
-0.90847774,0
-0.90827774,-0.0639975
-0.90807774,0
-0.90787774,0.0319988
-0.90767774,0
-0.90747774,-0.0319988
-0.90727774,-0.0319988
-0.90707774,0
-0.90687774,0
-0.90667774,0
-0.90647774,0
-0.90627774,0
-0.90607774,0
-0.90587774,-0.0639975
-0.90567774,0
-0.90547774,-0.0319988
-0.90527774,0
-0.90507774,0
-0.90487774,-0.0319988
-0.90467774,-0.0639975
-0.90447774,-0.0319988
-0.90427774,-0.0319988
-0.90407774,-0.0319988
-0.90387774,-0.0319988
-0.90367774,0
-0.90347774,-0.0639975
-0.90327774,-0.0319988
-0.90307774,0.0319988
-0.90287774,-0.0319988
-0.90267774,-0.0639975
-0.90247774,0.0319988
-0.90227774,-0.0319988
-0.90207774,-0.0319988
-0.90187774,-0.0319988
-0.90167774,-0.0319988
-0.90147774,0
-0.90127774,-0.0319988
-0.90107774,-0.0319988
-0.90087774,0
-0.90067774,0.0319988
-0.90047774,-0.0639975
-0.90027774,0
-0.90007774,-0.0319988
-0.89987774,-0.0319988
-0.89967774,0
-0.89947774,0.0319988
-0.89927774,0
-0.89907774,0.0639975
-0.89887774,0.0319988
-0.89867774,-0.0319988
-0.89847774,0.0319988
-0.89827774,0.0319988
-0.89807774,0
-0.89787774,0
-0.89767774,0.0319988
-0.89747774,0.0319988
-0.89727774,0.0319988
-0.89707774,0.0319988
-0.89687774,-0.0319988
-0.89667774,0
-0.89647774,0.0319988
-0.89627774,0
-0.89607774,0.0319988
-0.89587774,0.0319988
-0.89567774,0
-0.89547774,0.0319988
-0.89527774,0.0319988
-0.89507774,-0.0319988
-0.89487774,0.0959963
-0.89467774,0.0319988
-0.89447774,0.0319988
-0.89427774,0
-0.89407774,0
-0.89387774,0.0319988
-0.89367774,0.0319988
-0.89347774,0
-0.89327774,0
-0.89307774,0.0639975
-0.89287774,0.0639975
-0.89267774,0
-0.89247774,0.0639975
-0.89227774,0.0639975
-0.89207774,0.0639975
-0.89187774,0.0319988
-0.89167774,0.0639975
-0.89147774,0.0639975
-0.89127774,0.0639975
-0.89107774,0.0319988
-0.89087774,0
-0.89067774,0.0639975
-0.89047774,0.0639975
-0.89027774,0.0319988
-0.89007774,0.0639975
-0.88987774,0.0959963
-0.88967774,0.0639975
-0.88947774,0.0639975
-0.88927774,0.0639975
-0.88907774,0.0639975
-0.88887774,0.127995
-0.88867774,0.0959963
-0.88847774,0.0959963
-0.88827774,0.0639975
-0.88807774,0.0639975
-0.88787774,0.0959963
-0.88767774,0.0959963
-0.88747774,0.0959963
-0.88727774,0.0959963
-0.88707774,0.0959963
-0.88687774,0.127995
-0.88667774,0.0639975
-0.88647774,0.0639975
-0.88627774,0.127995
-0.88607774,0.127995
-0.88587774,0.159994
-0.88567774,0.127995
-0.88547774,0.0959963
-0.88527774,0.127995
-0.88507774,0.0959963
-0.88487774,0.0959963
-0.88467774,0.0959963
-0.88447774,0.0959963
-0.88427774,0.0959963
-0.88407774,0.0959963
-0.88387774,0.0959963
-0.88367774,0.0959963
-0.88347774,0.0959963
-0.88327774,0.0959963
-0.88307774,0.0959963
-0.88287774,0.127995
-0.88267774,0.127995
-0.88247774,0.0959963
-0.88227774,0.0959963
-0.88207774,0.127995
-0.88187774,0.127995
-0.88167774,0.0959963
-0.88147774,0.127995
-0.88127774,0.127995
-0.88107774,0.0959963
-0.88087774,0.127995
-0.88067774,0.0639975
-0.88047774,0.0959963
-0.88027774,0.127995
-0.88007774,0.0959963
-0.87987774,0.127995
-0.87967774,0.0959963
-0.87947774,0.0959963
-0.87927774,0.127995
-0.87907774,0.127995
-0.87887774,0.127995
-0.87867774,0.159994
-0.87847774,0.0959963
-0.87827774,0.159994
-0.87807774,0.127995
-0.87787774,0.127995
-0.87767774,0.127995
-0.87747774,0.127995
-0.87727774,0.0959963
-0.87707774,0.127995
-0.87687774,0.127995
-0.87667774,0.127995
-0.87647774,0.159994
-0.87627774,0.0959963
-0.87607774,0.159994
-0.87587774,0.127995
-0.87567774,0.191993
-0.87547774,0.0959963
-0.87527774,0.159994
-0.87507774,0.191993
-0.87487774,0.127995
-0.87467774,0.127995
-0.87447774,0.159994
-0.87427774,0.127995
-0.87407774,0.159994
-0.87387774,0.191993
-0.87367774,0.159994
-0.87347774,0.127995
-0.87327774,0.159994
-0.87307774,0.159994
-0.87287774,0.159994
-0.87267774,0.191993
-0.87247774,0.159994
-0.87227774,0.159994
-0.87207774,0.159994
-0.87187774,0.159994
-0.87167774,0.191993
-0.87147774,0.159994
-0.87127774,0.191993
-0.87107774,0.191993
-0.87087774,0.191993
-0.87067774,0.127995
-0.87047774,0.191993
-0.87027774,0.191993
-0.87007774,0.191993
-0.86987774,0.25599
-0.86967774,0.191993
-0.86947774,0.223991
-0.86927774,0.191993
-0.86907774,0.191993
-0.86887774,0.191993
-0.86867774,0.191993
-0.86847774,0.191993
-0.86827774,0.223991
-0.86807774,0.191993
-0.86787774,0.223991
-0.86767774,0.191993
-0.86747774,0.25599
-0.86727774,0.223991
-0.86707774,0.191993
-0.86687774,0.191993
-0.86667774,0.223991
-0.86647774,0.223991
-0.86627774,0.191993
-0.86607774,0.25599
-0.86587774,0.191993
-0.86567774,0.191993
-0.86547774,0.223991
-0.86527774,0.223991
-0.86507774,0.223991
-0.86487774,0.25599
-0.86467774,0.25599
-0.86447774,0.223991
-0.86427774,0.223991
-0.86407774,0.191993
-0.86387774,0.223991
-0.86367774,0.223991
-0.86347774,0.191993
-0.86327774,0.223991
-0.86307774,0.25599
-0.86287774,0.223991
-0.86267774,0.287989
-0.86247774,0.287989
-0.86227774,0.223991
-0.86207774,0.25599
-0.86187774,0.25599
-0.86167774,0.223991
-0.86147774,0.287989
-0.86127774,0.25599
-0.86107774,0.25599
-0.86087774,0.25599
-0.86067774,0.25599
-0.86047774,0.223991
-0.86027774,0.25599
-0.86007774,0.25599
-0.85987774,0.287989
-0.85967774,0.223991
-0.85947774,0.287989
-0.85927774,0.223991
-0.85907774,0.25599
-0.85887774,0.223991
-0.85867774,0.25599
-0.85847774,0.25599
-0.85827774,0.287989
-0.85807774,0.25599
-0.85787774,0.223991
-0.85767774,0.25599
-0.85747774,0.223991
-0.85727774,0.223991
-0.85707774,0.25599
-0.85687774,0.25599
-0.85667774,0.223991
-0.85647774,0.25599
-0.85627774,0.223991
-0.85607774,0.287989
-0.85587774,0.191993
-0.85567774,0.223991
-0.85547774,0.223991
-0.85527774,0.25599
-0.85507774,0.223991
-0.85487774,0.223991
-0.85467774,0.25599
-0.85447774,0.159994
-0.85427774,0.223991
-0.85407774,0.223991
-0.85387774,0.223991
-0.85367774,0.223991
-0.85347774,0.287989
-0.85327774,0.223991
-0.85307774,0.191993
-0.85287774,0.287989
-0.85267774,0.25599
-0.85247774,0.25599
-0.85227774,0.25599
-0.85207774,0.25599
-0.85187774,0.223991
-0.85167774,0.223991
-0.85147774,0.25599
-0.85127774,0.223991
-0.85107774,0.25599
-0.85087774,0.191993
-0.85067774,0.223991
-0.85047774,0.223991
-0.85027774,0.223991
-0.85007774,0.223991
-0.84987774,0.223991
-0.84967774,0.223991
-0.84947774,0.25599
-0.84927774,0.25599
-0.84907774,0.25599
-0.84887774,0.25599
-0.84867774,0.25599
-0.84847774,0.191993
-0.84827774,0.223991
-0.84807774,0.25599
-0.84787774,0.25599
-0.84767774,0.223991
-0.84747774,0.25599
-0.84727774,0.25599
-0.84707774,0.223991
-0.84687774,0.25599
-0.84667774,0.25599
-0.84647774,0.223991
-0.84627774,0.191993
-0.84607774,0.223991
-0.84587774,0.223991
-0.84567774,0.25599
-0.84547774,0.25599
-0.84527774,0.223991
-0.84507774,0.287989
-0.84487774,0.223991
-0.84467774,0.223991
-0.84447774,0.25599
-0.84427774,0.223991
-0.84407774,0.223991
-0.84387774,0.25599
-0.84367774,0.191993
-0.84347774,0.223991
-0.84327774,0.223991
-0.84307774,0.191993
-0.84287774,0.25599
-0.84267774,0.223991
-0.84247774,0.25599
-0.84227774,0.25599
-0.84207774,0.25599
-0.84187774,0.191993
-0.84167774,0.191993
-0.84147774,0.223991
-0.84127774,0.223991
-0.84107774,0.25599
-0.84087774,0.223991
-0.84067774,0.25599
-0.84047774,0.191993
-0.84027774,0.223991
-0.84007774,0.191993
-0.83987774,0.223991
-0.83967774,0.25599
-0.83947774,0.223991
-0.83927774,0.25599
-0.83907774,0.287989
-0.83887774,0.223991
-0.83867774,0.223991
-0.83847774,0.25599
-0.83827774,0.223991
-0.83807774,0.25599
-0.83787774,0.25599
-0.83767774,0.25599
-0.83747774,0.191993
-0.83727774,0.223991
-0.83707774,0.191993
-0.83687774,0.191993
-0.83667774,0.287989
-0.83647774,0.191993
-0.83627774,0.223991
-0.83607774,0.223991
-0.83587774,0.223991
-0.83567774,0.159994
-0.83547774,0.223991
-0.83527774,0.25599
-0.83507774,0.223991
-0.83487774,0.223991
-0.83467774,0.25599
-0.83447774,0.25599
-0.83427774,0.287989
-0.83407774,0.223991
-0.83387774,0.223991
-0.83367774,0.25599
-0.83347774,0.223991
-0.83327774,0.223991
-0.83307774,0.25599
-0.83287774,0.223991
-0.83267774,0.191993
-0.83247774,0.25599
-0.83227774,0.223991
-0.83207774,0.191993
-0.83187774,0.223991
-0.83167774,0.223991
-0.83147774,0.191993
-0.83127774,0.25599
-0.83107774,0.191993
-0.83087774,0.191993
-0.83067774,0.223991
-0.83047774,0.223991
-0.83027774,0.223991
-0.83007774,0.223991
-0.82987774,0.191993
-0.82967774,0.223991
-0.82947774,0.223991
-0.82927774,0.191993
-0.82907774,0.191993
-0.82887774,0.25599
-0.82867774,0.191993
-0.82847774,0.223991
-0.82827774,0.223991
-0.82807774,0.25599
-0.82787774,0.223991
-0.82767774,0.223991
-0.82747774,0.191993
-0.82727774,0.191993
-0.82707774,0.223991
-0.82687774,0.223991
-0.82667774,0.223991
-0.82647774,0.25599
-0.82627774,0.223991
-0.82607774,0.223991
-0.82587774,0.223991
-0.82567774,0.223991
-0.82547774,0.223991
-0.82527774,0.287989
-0.82507774,0.223991
-0.82487774,0.191993
-0.82467774,0.287989
-0.82447774,0.191993
-0.82427774,0.223991
-0.82407774,0.25599
-0.82387774,0.223991
-0.82367774,0.223991
-0.82347774,0.25599
-0.82327774,0.191993
-0.82307774,0.25599
-0.82287774,0.25599
-0.82267774,0.25599
-0.82247774,0.191993
-0.82227774,0.25599
-0.82207774,0.223991
-0.82187774,0.191993
-0.82167774,0.223991
-0.82147774,0.191993
-0.82127774,0.223991
-0.82107774,0.25599
-0.82087774,0.223991
-0.82067774,0.159994
-0.82047774,0.287989
-0.82027774,0.191993
-0.82007774,0.223991
-0.81987774,0.223991
-0.81967774,0.191993
-0.81947774,0.223991
-0.81927774,0.223991
-0.81907774,0.223991
-0.81887774,0.191993
-0.81867774,0.223991
-0.81847774,0.25599
-0.81827774,0.191993
-0.81807774,0.223991
-0.81787774,0.191993
-0.81767774,0.191993
-0.81747774,0.159994
-0.81727774,0.159994
-0.81707774,0.191993
-0.81687774,0.223991
-0.81667774,0.191993
-0.81647774,0.223991
-0.81627774,0.191993
-0.81607774,0.191993
-0.81587774,0.191993
-0.81567774,0.191993
-0.81547774,0.191993
-0.81527774,0.159994
-0.81507774,0.159994
-0.81487774,0.191993
-0.81467774,0.159994
-0.81447774,0.159994
-0.81427774,0.159994
-0.81407774,0.159994
-0.81387774,0.191993
-0.81367774,0.159994
-0.81347774,0.127995
-0.81327774,0.159994
-0.81307774,0.159994
-0.81287774,0.159994
-0.81267774,0.159994
-0.81247774,0.127995
-0.81227774,0.159994
-0.81207774,0.191993
-0.81187774,0.159994
-0.81167774,0.159994
-0.81147774,0.191993
-0.81127774,0.159994
-0.81107774,0.191993
-0.81087774,0.191993
-0.81067774,0.127995
-0.81047774,0.191993
-0.81027774,0.191993
-0.81007774,0.159994
-0.80987774,0.159994
-0.80967774,0.191993
-0.80947774,0.159994
-0.80927774,0.159994
-0.80907774,0.127995
-0.80887774,0.127995
-0.80867774,0.191993
-0.80847774,0.159994
-0.80827774,0.127995
-0.80807774,0.127995
-0.80787774,0.159994
-0.80767774,0.127995
-0.80747774,0.0959963
-0.80727774,0.159994
-0.80707774,0.127995
-0.80687774,0.127995
-0.80667774,0.127995
-0.80647774,0.127995
-0.80627774,0.127995
-0.80607774,0.159994
-0.80587774,0.127995
-0.80567774,0.127995
-0.80547774,0.0959963
-0.80527774,0.127995
-0.80507774,0.127995
-0.80487774,0.0959963
-0.80467774,0.127995
-0.80447774,0.0959963
-0.80427774,0.127995
-0.80407774,0.127995
-0.80387774,0.127995
-0.80367774,0.127995
-0.80347774,0.127995
-0.80327774,0.127995
-0.80307774,0.0959963
-0.80287774,0.127995
-0.80267774,0.127995
-0.80247774,0.159994
-0.80227774,0.0639975
-0.80207774,0.0959963
-0.80187774,0.0959963
-0.80167774,0.127995
-0.80147774,0.0959963
-0.80127774,0.127995
-0.80107774,0.0959963
-0.80087774,0.0959963
-0.80067774,0.0959963
-0.80047774,0.0959963
-0.80027774,0.0959963
-0.80007774,0.159994
-0.79987774,0.0959963
-0.79967774,0.0959963
-0.79947774,0.0639975
-0.79927774,0.0959963
-0.79907774,0.0959963
-0.79887774,0.0639975
-0.79867774,0.0639975
-0.79847774,0.0639975
-0.79827774,0.0959963
-0.79807774,0.0959963
-0.79787774,0.0639975
-0.79767774,0.0959963
-0.79747774,0.0639975
-0.79727774,0.0959963
-0.79707774,0.0959963
-0.79687774,0.0959963
-0.79667774,0.0319988
-0.79647774,0.0959963
-0.79627774,0.0319988
-0.79607774,0.0319988
-0.79587774,0.0959963
-0.79567774,0.0639975
-0.79547774,0.0639975
-0.79527774,0.0319988
-0.79507774,0.0959963
-0.79487774,0.0319988
-0.79467774,0.0639975
-0.79447774,0.0319988
-0.79427774,0.0959963
-0.79407774,0.0319988
-0.79387774,0.0319988
-0.79367774,0.0639975
-0.79347774,0
-0.79327774,0.0319988
-0.79307774,0.0319988
-0.79287774,0.0319988
-0.79267774,0.0639975
-0.79247774,0.0319988
-0.79227774,0.0639975
-0.79207774,0.0639975
-0.79187774,0
-0.79167774,0.0319988
-0.79147774,0.0639975
-0.79127774,0.0639975
-0.79107774,0.0319988
-0.79087774,0.0639975
-0.79067774,0
-0.79047774,0.0319988
-0.79027774,0.0639975
-0.79007774,0.0319988
-0.78987774,0.0959963
-0.78967774,0.0319988
-0.78947774,0.0319988
-0.78927774,0.0639975
-0.78907774,0.0639975
-0.78887774,0
-0.78867774,0.0639975
-0.78847774,0.0319988
-0.78827774,0
-0.78807774,0.0319988
-0.78787774,0.0639975
-0.78767774,0
-0.78747774,0
-0.78727774,0.0319988
-0.78707774,0
-0.78687774,0.0319988
-0.78667774,0.0319988
-0.78647774,0.0959963
-0.78627774,0.0319988
-0.78607774,0.0639975
-0.78587774,0
-0.78567774,0.0639975
-0.78547774,0.0639975
-0.78527774,0.0319988
-0.78507774,0.0639975
-0.78487774,0.0639975
-0.78467774,0.0639975
-0.78447774,0.0639975
-0.78427774,0.0319988
-0.78407774,0.0319988
-0.78387774,0.0319988
-0.78367774,0.0639975
-0.78347774,0
-0.78327774,0
-0.78307774,0.0319988
-0.78287774,0.0319988
-0.78267774,0.0639975
-0.78247774,0.0319988
-0.78227774,0
-0.78207774,0.0639975
-0.78187774,0.0639975
-0.78167774,0
-0.78147774,0.0639975
-0.78127774,0.0639975
-0.78107774,0.0319988
-0.78087774,0.0639975
-0.78067774,0.0319988
-0.78047774,0.0319988
-0.78027774,0.0639975
-0.78007774,0.0639975
-0.77987774,0.0639975
-0.77967774,0
-0.77947774,0.0639975
-0.77927774,0.0639975
-0.77907774,0.0639975
-0.77887774,0.0639975
-0.77867774,0.0319988
-0.77847774,0.0319988
-0.77827774,0.0639975
-0.77807774,0.0639975
-0.77787774,0.0319988
-0.77767774,0.0959963
-0.77747774,0.0319988
-0.77727774,0.0639975
-0.77707774,0.0319988
-0.77687774,0.0639975
-0.77667774,0.0639975
-0.77647774,0.0639975
-0.77627774,0
-0.77607774,0.0639975
-0.77587774,0.0319988
-0.77567774,0.0639975
-0.77547774,0.0639975
-0.77527774,0.0639975
-0.77507774,0
-0.77487774,0.0639975
-0.77467774,0.0319988
-0.77447774,0
-0.77427774,0.0639975
-0.77407774,0.0639975
-0.77387774,0.0639975
-0.77367774,0.0639975
-0.77347774,0.0639975
-0.77327774,0.0639975
-0.77307774,0.0639975
-0.77287774,0.0639975
-0.77267774,0.0319988
-0.77247774,0.0319988
-0.77227774,0.0639975
-0.77207774,0.0319988
-0.77187774,0.0959963
-0.77167774,0.0639975
-0.77147774,0.0319988
-0.77127774,0.0639975
-0.77107774,0.0639975
-0.77087774,0.0319988
-0.77067774,0.0319988
-0.77047774,0.0319988
-0.77027774,0.0319988
-0.77007774,0.127995
-0.76987774,0.0639975
-0.76967774,0.0319988
-0.76947774,0.0639975
-0.76927774,0.0639975
-0.76907774,0.0319988
-0.76887774,0.0319988
-0.76867774,0.0319988
-0.76847774,0
-0.76827774,0.0319988
-0.76807774,0.0319988
-0.76787774,0.0639975
-0.76767774,0.0639975
-0.76747774,0.0639975
-0.76727774,0.0639975
-0.76707774,0.0639975
-0.76687774,0.0319988
-0.76667774,0.0319988
-0.76647774,0.0319988
-0.76627774,0.0639975
-0.76607774,0.0319988
-0.76587774,0
-0.76567774,0.0639975
-0.76547774,0
-0.76527774,0.0639975
-0.76507774,0.0959963
-0.76487774,0.0319988
-0.76467774,0.0639975
-0.76447774,0.0639975
-0.76427774,0.0319988
-0.76407774,0.0319988
-0.76387774,0.0639975
-0.76367774,0.0639975
-0.76347774,0.0639975
-0.76327774,0.0639975
-0.76307774,0.0319988
-0.76287774,0.0639975
-0.76267774,0.0639975
-0.76247774,0
-0.76227774,0.0639975
-0.76207774,0.0639975
-0.76187774,0.0319988
-0.76167774,0.0639975
-0.76147774,0.0319988
-0.76127774,0.0959963
-0.76107774,0.0639975
-0.76087774,0.0639975
-0.76067774,0.0639975
-0.76047774,0.0639975
-0.76027774,0.0639975
-0.76007774,0.0319988
-0.75987774,0.0639975
-0.75967774,0.0639975
-0.75947774,0.0639975
-0.75927774,0.0959963
-0.75907774,0.0639975
-0.75887774,0.0639975
-0.75867774,0.0959963
-0.75847774,0.0639975
-0.75827774,0.0639975
-0.75807774,0.0959963
-0.75787774,0.0959963
-0.75767774,0.0639975
-0.75747774,0.0959963
-0.75727774,0.0959963
-0.75707774,0.0959963
-0.75687774,0.0959963
-0.75667774,0.0959963
-0.75647774,0.0319988
-0.75627774,0.127995
-0.75607774,0.0639975
-0.75587774,0.0959963
-0.75567774,0.0959963
-0.75547774,0.0959963
-0.75527774,0.0959963
-0.75507774,0.127995
-0.75487774,0.127995
-0.75467774,0.127995
-0.75447774,0.127995
-0.75427774,0.127995
-0.75407774,0.0959963
-0.75387774,0.0959963
-0.75367774,0.127995
-0.75347774,0.0959963
-0.75327774,0.127995
-0.75307774,0.127995
-0.75287774,0.0959963
-0.75267774,0.127995
-0.75247774,0.127995
-0.75227774,0.127995
-0.75207774,0.127995
-0.75187774,0.127995
-0.75167774,0.127995
-0.75147774,0.127995
-0.75127774,0.159994
-0.75107774,0.127995
-0.75087774,0.127995
-0.75067774,0.159994
-0.75047774,0.159994
-0.75027774,0.127995
-0.75007774,0.127995
-0.74987774,0.127995
-0.74967774,0.159994
-0.74947774,0.0959963
-0.74927774,0.159994
-0.74907774,0.127995
-0.74887774,0.0959963
-0.74867774,0.0959963
-0.74847774,0.159994
-0.74827774,0.159994
-0.74807774,0.127995
-0.74787774,0.159994
-0.74767774,0.127995
-0.74747774,0.127995
-0.74727774,0.127995
-0.74707774,0.127995
-0.74687774,0.127995
-0.74667774,0.127995
-0.74647774,0.127995
-0.74627774,0.159994
-0.74607774,0.0959963
-0.74587774,0.127995
-0.74567774,0.127995
-0.74547774,0.159994
-0.74527774,0.159994
-0.74507774,0.159994
-0.74487774,0.127995
-0.74467774,0.127995
-0.74447774,0.127995
-0.74427774,0.159994
-0.74407774,0.159994
-0.74387774,0.127995
-0.74367774,0.191993
-0.74347774,0.127995
-0.74327774,0.127995
-0.74307774,0.127995
-0.74287774,0.159994
-0.74267774,0.127995
-0.74247774,0.0959963
-0.74227774,0.127995
-0.74207774,0.127995
-0.74187774,0.127995
-0.74167774,0.127995
-0.74147774,0.0959963
-0.74127774,0.127995
-0.74107774,0.0959963
-0.74087774,0.127995
-0.74067774,0.159994
-0.74047774,0.0959963
-0.74027774,0.159994
-0.74007774,0.159994
-0.73987774,0.127995
-0.73967774,0.0959963
-0.73947774,0.127995
-0.73927774,0.127995
-0.73907774,0.127995
-0.73887774,0.127995
-0.73867774,0.127995
-0.73847774,0.0639975
-0.73827774,0.127995
-0.73807774,0.127995
-0.73787774,0.127995
-0.73767774,0.159994
-0.73747774,0.127995
-0.73727774,0.127995
-0.73707774,0.127995
-0.73687774,0.0959963
-0.73667774,0.0959963
-0.73647774,0.127995
-0.73627774,0.127995
-0.73607774,0.0959963
-0.73587774,0.127995
-0.73567774,0.127995
-0.73547774,0.0959963
-0.73527774,0.0959963
-0.73507774,0.0959963
-0.73487774,0.0959963
-0.73467774,0.0959963
-0.73447774,0.127995
-0.73427774,0.0959963
-0.73407774,0.0639975
-0.73387774,0.127995
-0.73367774,0.0639975
-0.73347774,0.127995
-0.73327774,0.0959963
-0.73307774,0.127995
-0.73287774,0.127995
-0.73267774,0.0639975
-0.73247774,0.0639975
-0.73227774,0.0959963
-0.73207774,0.0639975
-0.73187774,0.0639975
-0.73167774,0.0639975
-0.73147774,0.0639975
-0.73127774,0.0639975
-0.73107774,0.0639975
-0.73087774,0.0639975
-0.73067774,0.0639975
-0.73047774,0.0639975
-0.73027774,0.0959963
-0.73007774,0.0319988
-0.72987774,0.0639975
-0.72967774,0.0639975
-0.72947774,0.0639975
-0.72927774,0.0639975
-0.72907774,0.0639975
-0.72887774,0.0639975
-0.72867774,0.0639975
-0.72847774,0.0639975
-0.72827774,0.0639975
-0.72807774,0.0319988
-0.72787774,0.0639975
-0.72767774,0.0319988
-0.72747774,0.0639975
-0.72727774,0.0959963
-0.72707774,0.0319988
-0.72687774,0.0639975
-0.72667774,0.0639975
-0.72647774,0.0319988
-0.72627774,0.0639975
-0.72607774,0.0319988
-0.72587774,0.0319988
-0.72567774,0.0639975
-0.72547774,0.0639975
-0.72527774,0.0639975
-0.72507774,0.0319988
-0.72487774,0.0639975
-0.72467774,0.0959963
-0.72447774,0.0639975
-0.72427774,0.0639975
-0.72407774,0.0639975
-0.72387774,0.0639975
-0.72367774,0.0639975
-0.72347774,0.0319988
-0.72327774,0.0639975
-0.72307774,0.0639975
-0.72287774,0.0639975
-0.72267774,0.0319988
-0.72247774,0.0319988
-0.72227774,0.0639975
-0.72207774,0.0639975
-0.72187774,0.0639975
-0.72167774,0.0639975
-0.72147774,0.0639975
-0.72127774,0.0639975
-0.72107774,0.0319988
-0.72087774,0.0319988
-0.72067774,0.0319988
-0.72047774,0
-0.72027774,0.0959963
-0.72007774,0.0319988
-0.71987774,0.0319988
-0.71967774,0.0639975
-0.71947774,0.0319988
-0.71927774,-0.0319988
-0.71907774,0.0639975
-0.71887774,0.0639975
-0.71867774,0.0959963
-0.71847774,0.0639975
-0.71827774,0.0959963
-0.71807774,0.0639975
-0.71787774,0.0319988
-0.71767774,0
-0.71747774,0.0639975
-0.71727774,0.0319988
-0.71707774,0.0319988
-0.71687774,0.0319988
-0.71667774,0.0959963
-0.71647774,0.0319988
-0.71627774,0.0639975
-0.71607774,0.0639975
-0.71587774,0.0639975
-0.71567774,0.0319988
-0.71547774,0.0639975
-0.71527774,0.0639975
-0.71507774,0.0639975
-0.71487774,0.0639975
-0.71467774,0.0639975
-0.71447774,0.0639975
-0.71427774,0.0639975
-0.71407774,0.0639975
-0.71387774,0.0639975
-0.71367774,0.0639975
-0.71347774,0.0639975
-0.71327774,0.0319988
-0.71307774,0.0639975
-0.71287774,0.0639975
-0.71267774,0.0319988
-0.71247774,0.0639975
-0.71227774,0.0639975
-0.71207774,0.0639975
-0.71187774,0.0319988
-0.71167774,0.0959963
-0.71147774,0.0319988
-0.71127774,0.0959963
-0.71107774,0.0639975
-0.71087774,0.0319988
-0.71067774,0.0959963
-0.71047774,0.0639975
-0.71027774,0.0639975
-0.71007774,0.0639975
-0.70987774,0.0319988
-0.70967774,0.0639975
-0.70947774,0.0639975
-0.70927774,0.0319988
-0.70907774,0.0319988
-0.70887774,0.0319988
-0.70867774,0.0639975
-0.70847774,0.0319988
-0.70827774,0.0959963
-0.70807774,0.0959963
-0.70787774,0.0639975
-0.70767774,0.0639975
-0.70747774,0.0639975
-0.70727774,0.0639975
-0.70707774,0.0639975
-0.70687774,0.0639975
-0.70667774,0.0319988
-0.70647774,0.0959963
-0.70627774,0.0639975
-0.70607774,0.0319988
-0.70587774,0.0639975
-0.70567774,0
-0.70547774,0.0319988
-0.70527774,0
-0.70507774,0.0639975
-0.70487774,0.0319988
-0.70467774,0.0639975
-0.70447774,0.0639975
-0.70427774,0
-0.70407774,0.0639975
-0.70387774,0.0319988
-0.70367774,0.0639975
-0.70347774,0.0639975
-0.70327774,0.0319988
-0.70307774,0.0319988
-0.70287774,0.0319988
-0.70267774,0.0959963
-0.70247774,0.0639975
-0.70227774,0.0319988
-0.70207774,0.0639975
-0.70187774,0.0319988
-0.70167774,0
-0.70147774,0
-0.70127774,0
-0.70107774,0.0319988
-0.70087774,0.0319988
-0.70067774,0
-0.70047774,0.0639975
-0.70027774,0.0319988
-0.70007774,0.0319988
-0.69987774,0.0319988
-0.69967774,0
-0.69947774,-0.0319988
-0.69927774,0.0319988
-0.69907774,0.0319988
-0.69887774,0
-0.69867774,0.0319988
-0.69847774,0.0319988
-0.69827774,0
-0.69807774,0.0319988
-0.69787774,0.0319988
-0.69767774,0.0319988
-0.69747774,0.0319988
-0.69727774,0
-0.69707774,0
-0.69687774,0
-0.69667774,0
-0.69647774,-0.0639975
-0.69627774,0.0319988
-0.69607774,0.0639975
-0.69587774,0
-0.69567774,0.0319988
-0.69547774,0.0319988
-0.69527774,0
-0.69507774,0
-0.69487774,0.0319988
-0.69467774,-0.0319988
-0.69447774,0
-0.69427774,0
-0.69407774,-0.0319988
-0.69387774,0
-0.69367774,0.0319988
-0.69347774,-0.0319988
-0.69327774,-0.0319988
-0.69307774,0
-0.69287774,-0.0319988
-0.69267774,0.0319988
-0.69247774,0.0319988
-0.69227774,-0.0319988
-0.69207774,-0.0319988
-0.69187774,0
-0.69167774,0
-0.69147774,0
-0.69127774,0
-0.69107774,0
-0.69087774,0.0319988
-0.69067774,0.0319988
-0.69047774,-0.0319988
-0.69027774,-0.0319988
-0.69007774,0
-0.68987774,0
-0.68967774,-0.0319988
-0.68947774,0
-0.68927774,-0.0319988
-0.68907774,0
-0.68887774,0
-0.68867774,0
-0.68847774,-0.0319988
-0.68827774,0.0319988
-0.68807774,-0.0319988
-0.68787774,0
-0.68767774,-0.0319988
-0.68747774,0
-0.68727774,-0.0319988
-0.68707774,-0.0319988
-0.68687774,-0.0319988
-0.68667774,0
-0.68647774,-0.0319988
-0.68627774,-0.0319988
-0.68607774,-0.0319988
-0.68587774,-0.0639975
-0.68567774,-0.0639975
-0.68547774,0.0319988
-0.68527774,0
-0.68507774,-0.0319988
-0.68487774,-0.0639975
-0.68467774,-0.0319988
-0.68447774,-0.0639975
-0.68427774,-0.0639975
-0.68407774,0
-0.68387774,-0.0639975
-0.68367774,-0.0319988
-0.68347774,-0.0639975
-0.68327774,-0.0639975
-0.68307774,-0.0319988
-0.68287774,-0.0639975
-0.68267774,-0.0959963
-0.68247774,-0.0319988
-0.68227774,-0.0639975
-0.68207774,-0.0959963
-0.68187774,-0.0319988
-0.68167774,-0.0639975
-0.68147774,-0.0959963
-0.68127774,-0.0639975
-0.68107774,-0.0319988
-0.68087774,-0.0639975
-0.68067774,-0.0959963
-0.68047774,-0.0319988
-0.68027774,-0.0959963
-0.68007774,-0.0639975
-0.67987774,-0.0319988
-0.67967774,-0.0959963
-0.67947774,-0.0319988
-0.67927774,-0.0319988
-0.67907774,-0.0319988
-0.67887774,-0.0639975
-0.67867774,-0.0319988
-0.67847774,-0.127995
-0.67827774,-0.0639975
-0.67807774,-0.0959963
-0.67787774,-0.0319988
-0.67767774,-0.0639975
-0.67747774,-0.0639975
-0.67727774,-0.127995
-0.67707774,-0.0639975
-0.67687774,-0.0319988
-0.67667774,-0.0959963
-0.67647774,-0.0639975
-0.67627774,-0.0959963
-0.67607774,-0.0319988
-0.67587774,-0.0639975
-0.67567774,-0.0319988
-0.67547774,-0.0319988
-0.67527774,-0.0639975
-0.67507774,-0.0319988
-0.67487774,-0.0639975
-0.67467774,-0.0319988
-0.67447774,-0.0639975
-0.67427774,-0.0319988
-0.67407774,-0.0639975
-0.67387774,-0.0639975
-0.67367774,-0.0959963
-0.67347774,-0.0639975
-0.67327774,-0.0319988
-0.67307774,-0.0639975
-0.67287774,-0.0639975
-0.67267774,-0.0639975
-0.67247774,-0.0959963
-0.67227774,-0.0639975
-0.67207774,-0.0319988
-0.67187774,-0.0639975
-0.67167774,-0.0639975
-0.67147774,-0.0639975
-0.67127774,-0.0959963
-0.67107774,-0.0319988
-0.67087774,-0.0639975
-0.67067774,-0.0319988
-0.67047774,-0.0639975
-0.67027774,0
-0.67007774,-0.0639975
-0.66987774,-0.0319988
-0.66967774,0
-0.66947774,-0.0639975
-0.66927774,-0.0959963
-0.66907774,-0.0319988
-0.66887774,-0.0959963
-0.66867774,-0.0639975
-0.66847774,-0.0959963
-0.66827774,-0.0639975
-0.66807774,-0.0319988
-0.66787774,-0.0639975
-0.66767774,-0.0639975
-0.66747774,-0.0319988
-0.66727774,-0.0639975
-0.66707774,-0.0639975
-0.66687774,-0.0319988
-0.66667774,-0.0319988
-0.66647774,-0.0639975
-0.66627774,0
-0.66607774,0.0319988
-0.66587774,-0.0319988
-0.66567774,0
-0.66547774,0
-0.66527774,-0.0319988
-0.66507774,0.0319988
-0.66487774,0
-0.66467774,0
-0.66447774,-0.0319988
-0.66427774,0.0319988
-0.66407774,0
-0.66387774,0
-0.66367774,0
-0.66347774,-0.0319988
-0.66327774,0.0319988
-0.66307774,0
-0.66287774,0
-0.66267774,0
-0.66247774,0
-0.66227774,-0.0319988
-0.66207774,0
-0.66187774,0.0319988
-0.66167774,0.0319988
-0.66147774,0
-0.66127774,0.0319988
-0.66107774,0
-0.66087774,0.0319988
-0.66067774,0.0319988
-0.66047774,0
-0.66027774,0.0319988
-0.66007774,0
-0.65987774,0.0319988
-0.65967774,0.0319988
-0.65947774,0.0639975
-0.65927774,0.0319988
-0.65907774,0.0639975
-0.65887774,0.0639975
-0.65867774,0.0639975
-0.65847774,0.0639975
-0.65827774,0.0319988
-0.65807774,0.0319988
-0.65787774,0.0639975
-0.65767774,0.0319988
-0.65747774,0.0319988
-0.65727774,0.0319988
-0.65707774,0.0319988
-0.65687774,0.0319988
-0.65667774,0.0639975
-0.65647774,0.0319988
-0.65627774,0.0319988
-0.65607774,0.0319988
-0.65587774,0.0639975
-0.65567774,0.0319988
-0.65547774,0.0959963
-0.65527774,0.0639975
-0.65507774,0.0639975
-0.65487774,0.0639975
-0.65467774,0.0639975
-0.65447774,0
-0.65427774,0.0639975
-0.65407774,0.0319988
-0.65387774,0.0959963
-0.65367774,0.0319988
-0.65347774,0.0959963
-0.65327774,0.0319988
-0.65307774,0.0319988
-0.65287774,0
-0.65267774,0.0639975
-0.65247774,0.0319988
-0.65227774,0.0639975
-0.65207774,0.0319988
-0.65187774,0.0319988
-0.65167774,0.0639975
-0.65147774,0.0319988
-0.65127774,0.0639975
-0.65107774,0.0639975
-0.65087774,0.0319988
-0.65067774,0.0959963
-0.65047774,0.0319988
-0.65027774,0.0959963
-0.65007774,0.0959963
-0.64987774,0.0639975
-0.64967774,0
-0.64947774,0.0319988
-0.64927774,0.0319988
-0.64907774,0.0319988
-0.64887774,0.0639975
-0.64867774,0.0959963
-0.64847774,0.0639975
-0.64827774,0.0959963
-0.64807774,0.0639975
-0.64787774,0.0639975
-0.64767774,0.0319988
-0.64747774,0.0639975
-0.64727774,0.0319988
-0.64707774,0.0319988
-0.64687774,0
-0.64667774,0.0319988
-0.64647774,0.0319988
-0.64627774,0.0639975
-0.64607774,0
-0.64587774,0.0319988
-0.64567774,0.0319988
-0.64547774,0.0319988
-0.64527774,0
-0.64507774,0.0639975
-0.64487774,0
-0.64467774,0.0319988
-0.64447774,0
-0.64427774,0.0319988
-0.64407774,0.0319988
-0.64387774,0.0639975
-0.64367774,0.0319988
-0.64347774,0.0959963
-0.64327774,0.0319988
-0.64307774,0.0639975
-0.64287774,0
-0.64267774,0.0639975
-0.64247774,-0.0319988
-0.64227774,0.0639975
-0.64207774,0.0319988
-0.64187774,0.0319988
-0.64167774,0.0639975
-0.64147774,0.0639975
-0.64127774,0.0319988
-0.64107774,0.0959963
-0.64087774,0.0959963
-0.64067774,0.0319988
-0.64047774,0.0639975
-0.64027774,0.0639975
-0.64007774,0.0959963
-0.63987774,0.0639975
-0.63967774,0.0639975
-0.63947774,0
-0.63927774,0.0319988
-0.63907774,0.0639975
-0.63887774,0.0319988
-0.63867774,0.0639975
-0.63847774,0.0639975
-0.63827774,0.0639975
-0.63807774,0.0639975
-0.63787774,0.0639975
-0.63767774,0.0639975
-0.63747774,0.0639975
-0.63727774,0.0639975
-0.63707774,0.0639975
-0.63687774,0.0959963
-0.63667774,0.0639975
-0.63647774,0.0319988
-0.63627774,0.0639975
-0.63607774,0.0639975
-0.63587774,0.0319988
-0.63567774,0.0319988
-0.63547774,0.0959963
-0.63527774,0.0959963
-0.63507774,0.0639975
-0.63487774,0.0639975
-0.63467774,0.0959963
-0.63447774,0.0639975
-0.63427774,0.0959963
-0.63407774,0
-0.63387774,0.0639975
-0.63367774,0.0639975
-0.63347774,0.0639975
-0.63327774,0.0319988
-0.63307774,0.0639975
-0.63287774,0.0319988
-0.63267774,0.0639975
-0.63247774,0.0639975
-0.63227774,0.0319988
-0.63207774,0.0639975
-0.63187774,0.0959963
-0.63167774,0.0319988
-0.63147774,0.0639975
-0.63127774,0.0959963
-0.63107774,0.0319988
-0.63087774,0.0639975
-0.63067774,0.0639975
-0.63047774,0.0319988
-0.63027774,0.0639975
-0.63007774,0.0319988
-0.62987774,0.0319988
-0.62967774,0.0319988
-0.62947774,0.0639975
-0.62927774,0.0319988
-0.62907774,0.0639975
-0.62887774,0.0319988
-0.62867774,0
-0.62847774,0.0639975
-0.62827774,0.0639975
-0.62807774,0
-0.62787774,0.0639975
-0.62767774,0.0959963
-0.62747774,0.0639975
-0.62727774,0.0319988
-0.62707774,0.0639975
-0.62687774,0.0319988
-0.62667774,0.0959963
-0.62647774,0.0319988
-0.62627774,0.0639975
-0.62607774,0.0959963
-0.62587774,0.0959963
-0.62567774,0.0639975
-0.62547774,0.0319988
-0.62527774,0.0639975
-0.62507774,0
-0.62487774,0.0639975
-0.62467774,0.0639975
-0.62447774,0.0639975
-0.62427774,0.0319988
-0.62407774,0.0639975
-0.62387774,0.0319988
-0.62367774,0.0959963
-0.62347774,0.0639975
-0.62327774,0.0319988
-0.62307774,0.0959963
-0.62287774,0.0959963
-0.62267774,0.0319988
-0.62247774,0.0639975
-0.62227774,0.0639975
-0.62207774,0.0639975
-0.62187774,0.0319988
-0.62167774,0.0639975
-0.62147774,0.0639975
-0.62127774,0.0639975
-0.62107774,0.0639975
-0.62087774,0.0639975
-0.62067774,0.0639975
-0.62047774,0.0639975
-0.62027774,0.0319988
-0.62007774,0.0639975
-0.61987774,0.0319988
-0.61967774,0.0639975
-0.61947774,0.0639975
-0.61927774,0.0639975
-0.61907774,0.0639975
-0.61887774,0.0639975
-0.61867774,0.0639975
-0.61847774,0.0319988
-0.61827774,0.0959963
-0.61807774,0.0959963
-0.61787774,0.0959963
-0.61767774,0.0959963
-0.61747774,0.0959963
-0.61727774,0.0639975
-0.61707774,0.0959963
-0.61687774,0.0639975
-0.61667774,0.0959963
-0.61647774,0.0319988
-0.61627774,0.0959963
-0.61607774,0.0319988
-0.61587774,0.0639975
-0.61567774,0.0639975
-0.61547774,0
-0.61527774,0.0639975
-0.61507774,0.0639975
-0.61487774,0.0959963
-0.61467774,0.127995
-0.61447774,0.127995
-0.61427774,0.0959963
-0.61407774,0.127995
-0.61387774,0.0959963
-0.61367774,0.0959963
-0.61347774,0.0959963
-0.61327774,0.0959963
-0.61307774,0.0959963
-0.61287774,0.0959963
-0.61267774,0.0639975
-0.61247774,0.127995
-0.61227774,0.127995
-0.61207774,0.0959963
-0.61187774,0.0959963
-0.61167774,0.127995
-0.61147774,0.127995
-0.61127774,0.0959963
-0.61107774,0.127995
-0.61087774,0.127995
-0.61067774,0.0959963
-0.61047774,0.127995
-0.61027774,0.0959963
-0.61007774,0.127995
-0.60987774,0.0959963
-0.60967774,0.0959963
-0.60947774,0.0959963
-0.60927774,0.127995
-0.60907774,0.0959963
-0.60887774,0.127995
-0.60867774,0.127995
-0.60847774,0.0959963
-0.60827774,0.0959963
-0.60807774,0.0959963
-0.60787774,0.127995
-0.60767774,0.0959963
-0.60747774,0.127995
-0.60727774,0.127995
-0.60707774,0.0959963
-0.60687774,0.0959963
-0.60667774,0.0959963
-0.60647774,0.0639975
-0.60627774,0.127995
-0.60607774,0.127995
-0.60587774,0.127995
-0.60567774,0.159994
-0.60547774,0.0959963
-0.60527774,0.0959963
-0.60507774,0.0639975
-0.60487774,0.127995
-0.60467774,0.127995
-0.60447774,0.127995
-0.60427774,0.0639975
-0.60407774,0.0959963
-0.60387774,0.127995
-0.60367774,0.0959963
-0.60347774,0.0959963
-0.60327774,0.127995
-0.60307774,0.0959963
-0.60287774,0.127995
-0.60267774,0.0959963
-0.60247774,0.127995
-0.60227774,0.0959963
-0.60207774,0.127995
-0.60187774,0.0959963
-0.60167774,0.127995
-0.60147774,0.127995
-0.60127774,0.127995
-0.60107774,0.0959963
-0.60087774,0.0959963
-0.60067774,0.127995
-0.60047774,0.0959963
-0.60027774,0.159994
-0.60007774,0.0959963
-0.59987774,0.0959963
-0.59967774,0.159994
-0.59947774,0.127995
-0.59927774,0.127995
-0.59907774,0.127995
-0.59887774,0.127995
-0.59867774,0.0639975
-0.59847774,0.127995
-0.59827774,0.127995
-0.59807774,0.127995
-0.59787774,0.0959963
-0.59767774,0.127995
-0.59747774,0.127995
-0.59727774,0.127995
-0.59707774,0.0959963
-0.59687774,0.0959963
-0.59667774,0.159994
-0.59647774,0.127995
-0.59627774,0.0959963
-0.59607774,0.127995
-0.59587774,0.127995
-0.59567774,0.127995
-0.59547774,0.127995
-0.59527774,0.127995
-0.59507774,0.0959963
-0.59487774,0.127995
-0.59467774,0.0959963
-0.59447774,0.127995
-0.59427774,0.127995
-0.59407774,0.127995
-0.59387774,0.0959963
-0.59367774,0.127995
-0.59347774,0.0959963
-0.59327774,0.0959963
-0.59307774,0.0959963
-0.59287774,0.0959963
-0.59267774,0.127995
-0.59247774,0.159994
-0.59227774,0.159994
-0.59207774,0.0959963
-0.59187774,0.127995
-0.59167774,0.0959963
-0.59147774,0.0959963
-0.59127774,0.127995
-0.59107774,0.159994
-0.59087774,0.191993
-0.59067774,0.127995
-0.59047774,0.127995
-0.59027774,0.127995
-0.59007774,0.127995
-0.58987774,0.127995
-0.58967774,0.159994
-0.58947774,0.159994
-0.58927774,0.127995
-0.58907774,0.127995
-0.58887774,0.159994
-0.58867774,0.127995
-0.58847774,0.159994
-0.58827774,0.127995
-0.58807774,0.159994
-0.58787774,0.159994
-0.58767774,0.191993
-0.58747774,0.127995
-0.58727774,0.159994
-0.58707774,0.159994
-0.58687774,0.0959963
-0.58667774,0.159994
-0.58647774,0.191993
-0.58627774,0.159994
-0.58607774,0.127995
-0.58587774,0.159994
-0.58567774,0.159994
-0.58547774,0.127995
-0.58527774,0.191993
-0.58507774,0.191993
-0.58487774,0.127995
-0.58467774,0.159994
-0.58447774,0.159994
-0.58427774,0.127995
-0.58407774,0.191993
-0.58387774,0.191993
-0.58367774,0.127995
-0.58347774,0.159994
-0.58327774,0.159994
-0.58307774,0.159994
-0.58287774,0.191993
-0.58267774,0.191993
-0.58247774,0.191993
-0.58227774,0.191993
-0.58207774,0.159994
-0.58187774,0.159994
-0.58167774,0.191993
-0.58147774,0.159994
-0.58127774,0.223991
-0.58107774,0.159994
-0.58087774,0.159994
-0.58067774,0.191993
-0.58047774,0.159994
-0.58027774,0.159994
-0.58007774,0.191993
-0.57987774,0.223991
-0.57967774,0.159994
-0.57947774,0.223991
-0.57927774,0.191993
-0.57907774,0.191993
-0.57887774,0.191993
-0.57867774,0.223991
-0.57847774,0.159994
-0.57827774,0.159994
-0.57807774,0.223991
-0.57787774,0.159994
-0.57767774,0.191993
-0.57747774,0.25599
-0.57727774,0.191993
-0.57707774,0.223991
-0.57687774,0.191993
-0.57667774,0.191993
-0.57647774,0.191993
-0.57627774,0.191993
-0.57607774,0.191993
-0.57587774,0.223991
-0.57567774,0.25599
-0.57547774,0.223991
-0.57527774,0.25599
-0.57507774,0.25599
-0.57487774,0.223991
-0.57467774,0.191993
-0.57447774,0.25599
-0.57427774,0.191993
-0.57407774,0.223991
-0.57387774,0.223991
-0.57367774,0.191993
-0.57347774,0.223991
-0.57327774,0.25599
-0.57307774,0.25599
-0.57287774,0.223991
-0.57267774,0.287989
-0.57247774,0.223991
-0.57227774,0.223991
-0.57207774,0.223991
-0.57187774,0.191993
-0.57167774,0.223991
-0.57147774,0.25599
-0.57127774,0.287989
-0.57107774,0.223991
-0.57087774,0.25599
-0.57067774,0.223991
-0.57047774,0.223991
-0.57027774,0.25599
-0.57007774,0.223991
-0.56987774,0.223991
-0.56967774,0.287989
-0.56947774,0.25599
-0.56927774,0.25599
-0.56907774,0.25599
-0.56887774,0.25599
-0.56867774,0.287989
-0.56847774,0.25599
-0.56827774,0.25599
-0.56807774,0.287989
-0.56787774,0.287989
-0.56767774,0.25599
-0.56747774,0.287989
-0.56727774,0.287989
-0.56707774,0.287989
-0.56687774,0.25599
-0.56667774,0.287989
-0.56647774,0.25599
-0.56627774,0.25599
-0.56607774,0.287989
-0.56587774,0.287989
-0.56567774,0.25599
-0.56547774,0.319988
-0.56527774,0.25599
-0.56507774,0.25599
-0.56487774,0.287989
-0.56467774,0.287989
-0.56447774,0.319988
-0.56427774,0.25599
-0.56407774,0.287989
-0.56387774,0.25599
-0.56367774,0.25599
-0.56347774,0.287989
-0.56327774,0.319988
-0.56307774,0.287989
-0.56287774,0.25599
-0.56267774,0.287989
-0.56247774,0.287989
-0.56227774,0.223991
-0.56207774,0.25599
-0.56187774,0.287989
-0.56167774,0.287989
-0.56147774,0.25599
-0.56127774,0.287989
-0.56107774,0.287989
-0.56087774,0.287989
-0.56067774,0.287989
-0.56047774,0.25599
-0.56027774,0.287989
-0.56007774,0.25599
-0.55987774,0.319988
-0.55967774,0.25599
-0.55947774,0.287989
-0.55927774,0.25599
-0.55907774,0.287989
-0.55887774,0.287989
-0.55867774,0.25599
-0.55847774,0.319988
-0.55827774,0.287989
-0.55807774,0.25599
-0.55787774,0.25599
-0.55767774,0.287989
-0.55747774,0.25599
-0.55727774,0.287989
-0.55707774,0.287989
-0.55687774,0.287989
-0.55667774,0.287989
-0.55647774,0.319988
-0.55627774,0.287989
-0.55607774,0.25599
-0.55587774,0.319988
-0.55567774,0.223991
-0.55547774,0.287989
-0.55527774,0.319988
-0.55507774,0.287989
-0.55487774,0.287989
-0.55467774,0.319988
-0.55447774,0.25599
-0.55427774,0.287989
-0.55407774,0.319988
-0.55387774,0.319988
-0.55367774,0.287989
-0.55347774,0.383985
-0.55327774,0.287989
-0.55307774,0.319988
-0.55287774,0.287989
-0.55267774,0.319988
-0.55247774,0.319988
-0.55227774,0.351986
-0.55207774,0.287989
-0.55187774,0.287989
-0.55167774,0.319988
-0.55147774,0.351986
-0.55127774,0.319988
-0.55107774,0.351986
-0.55087774,0.287989
-0.55067774,0.319988
-0.55047774,0.351986
-0.55027774,0.319988
-0.55007774,0.351986
-0.54987774,0.319988
-0.54967774,0.287989
-0.54947774,0.351986
-0.54927774,0.319988
-0.54907774,0.351986
-0.54887774,0.319988
-0.54867774,0.351986
-0.54847774,0.319988
-0.54827774,0.287989
-0.54807774,0.351986
-0.54787774,0.383985
-0.54767774,0.319988
-0.54747774,0.319988
-0.54727774,0.319988
-0.54707774,0.319988
-0.54687774,0.319988
-0.54667774,0.319988
-0.54647774,0.351986
-0.54627774,0.351986
-0.54607774,0.287989
-0.54587774,0.319988
-0.54567774,0.351986
-0.54547774,0.319988
-0.54527774,0.319988
-0.54507774,0.351986
-0.54487774,0.319988
-0.54467774,0.319988
-0.54447774,0.415984
-0.54427774,0.319988
-0.54407774,0.319988
-0.54387774,0.351986
-0.54367774,0.319988
-0.54347774,0.351986
-0.54327774,0.351986
-0.54307774,0.351986
-0.54287774,0.287989
-0.54267774,0.351986
-0.54247774,0.319988
-0.54227774,0.319988
-0.54207774,0.383985
-0.54187774,0.383985
-0.54167774,0.351986
-0.54147774,0.383985
-0.54127774,0.319988
-0.54107774,0.319988
-0.54087774,0.383985
-0.54067774,0.319988
-0.54047774,0.351986
-0.54027774,0.351986
-0.54007774,0.319988
-0.53987774,0.351986
-0.53967774,0.383985
-0.53947774,0.319988
-0.53927774,0.319988
-0.53907774,0.351986
-0.53887774,0.351986
-0.53867774,0.351986
-0.53847774,0.351986
-0.53827774,0.319988
-0.53807774,0.319988
-0.53787774,0.351986
-0.53767774,0.351986
-0.53747774,0.319988
-0.53727774,0.351986
-0.53707774,0.351986
-0.53687774,0.351986
-0.53667774,0.319988
-0.53647774,0.287989
-0.53627774,0.319988
-0.53607774,0.351986
-0.53587774,0.351986
-0.53567774,0.351986
-0.53547774,0.383985
-0.53527774,0.351986
-0.53507774,0.351986
-0.53487774,0.351986
-0.53467774,0.319988
-0.53447774,0.319988
-0.53427774,0.351986
-0.53407774,0.287989
-0.53387774,0.319988
-0.53367774,0.415984
-0.53347774,0.319988
-0.53327774,0.287989
-0.53307774,0.351986
-0.53287774,0.319988
-0.53267774,0.287989
-0.53247774,0.351986
-0.53227774,0.319988
-0.53207774,0.287989
-0.53187774,0.319988
-0.53167774,0.319988
-0.53147774,0.287989
-0.53127774,0.319988
-0.53107774,0.287989
-0.53087774,0.319988
-0.53067774,0.287989
-0.53047774,0.287989
-0.53027774,0.287989
-0.53007774,0.319988
-0.52987774,0.287989
-0.52967774,0.319988
-0.52947774,0.319988
-0.52927774,0.319988
-0.52907774,0.287989
-0.52887774,0.319988
-0.52867774,0.287989
-0.52847774,0.287989
-0.52827774,0.351986
-0.52807774,0.287989
-0.52787774,0.287989
-0.52767774,0.319988
-0.52747774,0.287989
-0.52727774,0.287989
-0.52707774,0.319988
-0.52687774,0.287989
-0.52667774,0.319988
-0.52647774,0.287989
-0.52627774,0.319988
-0.52607774,0.25599
-0.52587774,0.287989
-0.52567774,0.25599
-0.52547774,0.287989
-0.52527774,0.319988
-0.52507774,0.287989
-0.52487774,0.319988
-0.52467774,0.319988
-0.52447774,0.25599
-0.52427774,0.287989
-0.52407774,0.319988
-0.52387774,0.319988
-0.52367774,0.287989
-0.52347774,0.319988
-0.52327774,0.287989
-0.52307774,0.287989
-0.52287774,0.319988
-0.52267774,0.287989
-0.52247774,0.287989
-0.52227774,0.287989
-0.52207774,0.287989
-0.52187774,0.25599
-0.52167774,0.287989
-0.52147774,0.287989
-0.52127774,0.287989
-0.52107774,0.287989
-0.52087774,0.25599
-0.52067774,0.25599
-0.52047774,0.287989
-0.52027774,0.287989
-0.52007774,0.287989
-0.51987774,0.319988
-0.51967774,0.287989
-0.51947774,0.319988
-0.51927774,0.25599
-0.51907774,0.287989
-0.51887774,0.223991
-0.51867774,0.287989
-0.51847774,0.287989
-0.51827774,0.287989
-0.51807774,0.287989
-0.51787774,0.25599
-0.51767774,0.287989
-0.51747774,0.319988
-0.51727774,0.287989
-0.51707774,0.287989
-0.51687774,0.287989
-0.51667774,0.25599
-0.51647774,0.287989
-0.51627774,0.319988
-0.51607774,0.25599
-0.51587774,0.25599
-0.51567774,0.25599
-0.51547774,0.287989
-0.51527774,0.287989
-0.51507774,0.287989
-0.51487774,0.25599
-0.51467774,0.287989
-0.51447774,0.319988
-0.51427774,0.25599
-0.51407774,0.25599
-0.51387774,0.319988
-0.51367774,0.287989
-0.51347774,0.25599
-0.51327774,0.25599
-0.51307774,0.287989
-0.51287774,0.287989
-0.51267774,0.25599
-0.51247774,0.25599
-0.51227774,0.25599
-0.51207774,0.287989
-0.51187774,0.25599
-0.51167774,0.223991
-0.51147774,0.25599
-0.51127774,0.25599
-0.51107774,0.25599
-0.51087774,0.287989
-0.51067774,0.25599
-0.51047774,0.287989
-0.51027774,0.287989
-0.51007774,0.287989
-0.50987774,0.25599
-0.50967774,0.287989
-0.50947774,0.287989
-0.50927774,0.287989
-0.50907774,0.25599
-0.50887774,0.287989
-0.50867774,0.25599
-0.50847774,0.25599
-0.50827774,0.25599
-0.50807774,0.25599
-0.50787774,0.319988
-0.50767774,0.287989
-0.50747774,0.287989
-0.50727774,0.287989
-0.50707774,0.25599
-0.50687774,0.287989
-0.50667774,0.287989
-0.50647774,0.287989
-0.50627774,0.287989
-0.50607774,0.287989
-0.50587774,0.25599
-0.50567774,0.287989
-0.50547774,0.287989
-0.50527774,0.287989
-0.50507774,0.287989
-0.50487774,0.319988
-0.50467774,0.319988
-0.50447774,0.319988
-0.50427774,0.319988
-0.50407774,0.25599
-0.50387774,0.25599
-0.50367774,0.287989
-0.50347774,0.287989
-0.50327774,0.287989
-0.50307774,0.319988
-0.50287774,0.319988
-0.50267774,0.319988
-0.50247774,0.319988
-0.50227774,0.287989
-0.50207774,0.319988
-0.50187774,0.319988
-0.50167774,0.319988
-0.50147774,0.319988
-0.50127774,0.351986
-0.50107774,0.319988
-0.50087774,0.319988
-0.50067774,0.319988
-0.50047774,0.319988
-0.50027774,0.319988
-0.50007774,0.319988
-0.49987774,0.287989
-0.49967774,0.319988
-0.49947774,0.351986
-0.49927774,0.319988
-0.49907774,0.319988
-0.49887774,0.319988
-0.49867774,0.319988
-0.49847774,0.319988
-0.49827774,0.351986
-0.49807774,0.287989
-0.49787774,0.351986
-0.49767774,0.383985
-0.49747774,0.319988
-0.49727774,0.287989
-0.49707774,0.319988
-0.49687774,0.287989
-0.49667774,0.319988
-0.49647774,0.351986
-0.49627774,0.287989
-0.49607774,0.319988
-0.49587774,0.351986
-0.49567774,0.319988
-0.49547774,0.287989
-0.49527774,0.319988
-0.49507774,0.287989
-0.49487774,0.287989
-0.49467774,0.319988
-0.49447774,0.319988
-0.49427774,0.319988
-0.49407774,0.351986
-0.49387774,0.319988
-0.49367774,0.319988
-0.49347774,0.351986
-0.49327774,0.319988
-0.49307774,0.319988
-0.49287774,0.319988
-0.49267774,0.319988
-0.49247774,0.287989
-0.49227774,0.351986
-0.49207774,0.351986
-0.49187774,0.287989
-0.49167774,0.351986
-0.49147774,0.287989
-0.49127774,0.319988
-0.49107774,0.319988
-0.49087774,0.287989
-0.49067774,0.319988
-0.49047774,0.351986
-0.49027774,0.287989
-0.49007774,0.319988
-0.48987774,0.319988
-0.48967774,0.287989
-0.48947774,0.287989
-0.48927774,0.319988
-0.48907774,0.319988
-0.48887774,0.287989
-0.48867774,0.319988
-0.48847774,0.319988
-0.48827774,0.287989
-0.48807774,0.351986
-0.48787774,0.287989
-0.48767774,0.319988
-0.48747774,0.319988
-0.48727774,0.287989
-0.48707774,0.287989
-0.48687774,0.351986
-0.48667774,0.319988
-0.48647774,0.319988
-0.48627774,0.319988
-0.48607774,0.287989
-0.48587774,0.319988
-0.48567774,0.351986
-0.48547774,0.351986
-0.48527774,0.287989
-0.48507774,0.319988
-0.48487774,0.25599
-0.48467774,0.287989
-0.48447774,0.287989
-0.48427774,0.287989
-0.48407774,0.287989
-0.48387774,0.287989
-0.48367774,0.25599
-0.48347774,0.287989
-0.48327774,0.287989
-0.48307774,0.287989
-0.48287774,0.287989
-0.48267774,0.287989
-0.48247774,0.287989
-0.48227774,0.319988
-0.48207774,0.287989
-0.48187774,0.319988
-0.48167774,0.319988
-0.48147774,0.287989
-0.48127774,0.287989
-0.48107774,0.287989
-0.48087774,0.287989
-0.48067774,0.25599
-0.48047774,0.25599
-0.48027774,0.25599
-0.48007774,0.25599
-0.47987774,0.25599
-0.47967774,0.287989
-0.47947774,0.25599
-0.47927774,0.25599
-0.47907774,0.319988
-0.47887774,0.287989
-0.47867774,0.287989
-0.47847774,0.287989
-0.47827774,0.287989
-0.47807774,0.25599
-0.47787774,0.25599
-0.47767774,0.25599
-0.47747774,0.25599
-0.47727774,0.287989
-0.47707774,0.25599
-0.47687774,0.25599
-0.47667774,0.319988
-0.47647774,0.25599
-0.47627774,0.25599
-0.47607774,0.287989
-0.47587774,0.25599
-0.47567774,0.319988
-0.47547774,0.25599
-0.47527774,0.25599
-0.47507774,0.25599
-0.47487774,0.287989
-0.47467774,0.223991
-0.47447774,0.287989
-0.47427774,0.287989
-0.47407774,0.287989
-0.47387774,0.287989
-0.47367774,0.319988
-0.47347774,0.25599
-0.47327774,0.25599
-0.47307774,0.287989
-0.47287774,0.25599
-0.47267774,0.25599
-0.47247774,0.319988
-0.47227774,0.287989
-0.47207774,0.25599
-0.47187774,0.25599
-0.47167774,0.287989
-0.47147774,0.25599
-0.47127774,0.287989
-0.47107774,0.25599
-0.47087774,0.223991
-0.47067774,0.287989
-0.47047774,0.287989
-0.47027774,0.25599
-0.47007774,0.319988
-0.46987774,0.25599
-0.46967774,0.287989
-0.46947774,0.287989
-0.46927774,0.25599
-0.46907774,0.25599
-0.46887774,0.287989
-0.46867774,0.287989
-0.46847774,0.25599
-0.46827774,0.319988
-0.46807774,0.25599
-0.46787774,0.25599
-0.46767774,0.25599
-0.46747774,0.287989
-0.46727774,0.25599
-0.46707774,0.287989
-0.46687774,0.287989
-0.46667774,0.25599
-0.46647774,0.25599
-0.46627774,0.223991
-0.46607774,0.25599
-0.46587774,0.287989
-0.46567774,0.25599
-0.46547774,0.223991
-0.46527774,0.319988
-0.46507774,0.25599
-0.46487774,0.287989
-0.46467774,0.287989
-0.46447774,0.223991
-0.46427774,0.223991
-0.46407774,0.287989
-0.46387774,0.25599
-0.46367774,0.25599
-0.46347774,0.287989
-0.46327774,0.287989
-0.46307774,0.25599
-0.46287774,0.287989
-0.46267774,0.25599
-0.46247774,0.25599
-0.46227774,0.287989
-0.46207774,0.25599
-0.46187774,0.223991
-0.46167774,0.25599
-0.46147774,0.287989
-0.46127774,0.287989
-0.46107774,0.287989
-0.46087774,0.287989
-0.46067774,0.25599
-0.46047774,0.287989
-0.46027774,0.25599
-0.46007774,0.25599
-0.45987774,0.25599
-0.45967774,0.287989
-0.45947774,0.287989
-0.45927774,0.287989
-0.45907774,0.287989
-0.45887774,0.25599
-0.45867774,0.223991
-0.45847774,0.25599
-0.45827774,0.25599
-0.45807774,0.25599
-0.45787774,0.25599
-0.45767774,0.25599
-0.45747774,0.287989
-0.45727774,0.25599
-0.45707774,0.25599
-0.45687774,0.287989
-0.45667774,0.25599
-0.45647774,0.25599
-0.45627774,0.287989
-0.45607774,0.287989
-0.45587774,0.287989
-0.45567774,0.319988
-0.45547774,0.287989
-0.45527774,0.25599
-0.45507774,0.319988
-0.45487774,0.191993
-0.45467774,0.25599
-0.45447774,0.287989
-0.45427774,0.25599
-0.45407774,0.25599
-0.45387774,0.25599
-0.45367774,0.287989
-0.45347774,0.287989
-0.45327774,0.287989
-0.45307774,0.223991
-0.45287774,0.25599
-0.45267774,0.25599
-0.45247774,0.25599
-0.45227774,0.223991
-0.45207774,0.25599
-0.45187774,0.25599
-0.45167774,0.319988
-0.45147774,0.287989
-0.45127774,0.287989
-0.45107774,0.287989
-0.45087774,0.223991
-0.45067774,0.25599
-0.45047774,0.25599
-0.45027774,0.25599
-0.45007774,0.25599
-0.44987774,0.25599
-0.44967774,0.25599
-0.44947774,0.25599
-0.44927774,0.287989
-0.44907774,0.25599
-0.44887774,0.25599
-0.44867774,0.287989
-0.44847774,0.25599
-0.44827774,0.191993
-0.44807774,0.223991
-0.44787774,0.287989
-0.44767774,0.223991
-0.44747774,0.25599
-0.44727774,0.25599
-0.44707774,0.25599
-0.44687774,0.223991
-0.44667774,0.287989
-0.44647774,0.223991
-0.44627774,0.223991
-0.44607774,0.25599
-0.44587774,0.223991
-0.44567774,0.191993
-0.44547774,0.223991
-0.44527774,0.191993
-0.44507774,0.223991
-0.44487774,0.191993
-0.44467774,0.191993
-0.44447774,0.223991
-0.44427774,0.25599
-0.44407774,0.191993
-0.44387774,0.191993
-0.44367774,0.223991
-0.44347774,0.223991
-0.44327774,0.223991
-0.44307774,0.223991
-0.44287774,0.191993
-0.44267774,0.191993
-0.44247774,0.223991
-0.44227774,0.191993
-0.44207774,0.223991
-0.44187774,0.191993
-0.44167774,0.223991
-0.44147774,0.191993
-0.44127774,0.223991
-0.44107774,0.159994
-0.44087774,0.191993
-0.44067774,0.191993
-0.44047774,0.159994
-0.44027774,0.191993
-0.44007774,0.191993
-0.43987774,0.159994
-0.43967774,0.159994
-0.43947774,0.191993
-0.43927774,0.191993
-0.43907774,0.159994
-0.43887774,0.159994
-0.43867774,0.159994
-0.43847774,0.159994
-0.43827774,0.159994
-0.43807774,0.127995
-0.43787774,0.127995
-0.43767774,0.127995
-0.43747774,0.159994
-0.43727774,0.159994
-0.43707774,0.127995
-0.43687774,0.159994
-0.43667774,0.159994
-0.43647774,0.159994
-0.43627774,0.127995
-0.43607774,0.159994
-0.43587774,0.159994
-0.43567774,0.159994
-0.43547774,0.159994
-0.43527774,0.127995
-0.43507774,0.127995
-0.43487774,0.127995
-0.43467774,0.127995
-0.43447774,0.127995
-0.43427774,0.127995
-0.43407774,0.159994
-0.43387774,0.127995
-0.43367774,0.0959963
-0.43347774,0.127995
-0.43327774,0.0959963
-0.43307774,0.127995
-0.43287774,0.0959963
-0.43267774,0.0959963
-0.43247774,0.0959963
-0.43227774,0.0959963
-0.43207774,0.0959963
-0.43187774,0.0959963
-0.43167774,0.0959963
-0.43147774,0.0959963
-0.43127774,0.0959963
-0.43107774,0.0959963
-0.43087774,0.0959963
-0.43067774,0.0639975
-0.43047774,0.127995
-0.43027774,0.0959963
-0.43007774,0.0639975
-0.42987774,0.0959963
-0.42967774,0.0959963
-0.42947774,0.0959963
-0.42927774,0.0639975
-0.42907774,0.0959963
-0.42887774,0.0639975
-0.42867774,0.0959963
-0.42847774,0.0959963
-0.42827774,0.0639975
-0.42807774,0.0959963
-0.42787774,0.0959963
-0.42767774,0.0959963
-0.42747774,0.0959963
-0.42727774,0.0959963
-0.42707774,0.0959963
-0.42687774,0.0959963
-0.42667774,0.0959963
-0.42647774,0.0319988
-0.42627774,0.0959963
-0.42607774,0.0639975
-0.42587774,0.0959963
-0.42567774,0.0639975
-0.42547774,0.0639975
-0.42527774,0.0319988
-0.42507774,0.0639975
-0.42487774,0.0639975
-0.42467774,0.0319988
-0.42447774,0.0639975
-0.42427774,0.0959963
-0.42407774,0.0959963
-0.42387774,0
-0.42367774,0.0639975
-0.42347774,0.0639975
-0.42327774,0.0639975
-0.42307774,0.0639975
-0.42287774,0.0639975
-0.42267774,0.0639975
-0.42247774,0.0639975
-0.42227774,0
-0.42207774,0.0639975
-0.42187774,0.0639975
-0.42167774,0
-0.42147774,0.0639975
-0.42127774,0.0319988
-0.42107774,0.0319988
-0.42087774,0
-0.42067774,0.0319988
-0.42047774,0
-0.42027774,0.0319988
-0.42007774,0.0319988
-0.41987774,0.0319988
-0.41967774,0
-0.41947774,0.0319988
-0.41927774,0
-0.41907774,0.0319988
-0.41887774,0.0319988
-0.41867774,0.0319988
-0.41847774,0.0319988
-0.41827774,0.0639975
-0.41807774,-0.0319988
-0.41787774,0.0319988
-0.41767774,0.0319988
-0.41747774,0
-0.41727774,0
-0.41707774,0.0319988
-0.41687774,0.0319988
-0.41667774,0
-0.41647774,0.0319988
-0.41627774,-0.0319988
-0.41607774,0.0319988
-0.41587774,0.0319988
-0.41567774,0
-0.41547774,0
-0.41527774,0
-0.41507774,0.0319988
-0.41487774,0.0319988
-0.41467774,0
-0.41447774,-0.0319988
-0.41427774,0
-0.41407774,0
-0.41387774,-0.0319988
-0.41367774,0
-0.41347774,0.0319988
-0.41327774,-0.0639975
-0.41307774,-0.0319988
-0.41287774,0
-0.41267774,-0.0639975
-0.41247774,0
-0.41227774,0
-0.41207774,-0.0319988
-0.41187774,0
-0.41167774,0
-0.41147774,-0.0639975
-0.41127774,0
-0.41107774,-0.0319988
-0.41087774,-0.0639975
-0.41067774,0
-0.41047774,-0.0319988
-0.41027774,-0.0319988
-0.41007774,-0.0319988
-0.40987774,-0.0319988
-0.40967774,-0.0319988
-0.40947774,0
-0.40927774,-0.0319988
-0.40907774,-0.0639975
-0.40887774,-0.0639975
-0.40867774,-0.0639975
-0.40847774,-0.0959963
-0.40827774,-0.0319988
-0.40807774,-0.0319988
-0.40787774,-0.0639975
-0.40767774,-0.0319988
-0.40747774,-0.0319988
-0.40727774,-0.0959963
-0.40707774,0
-0.40687774,-0.0319988
-0.40667774,-0.0959963
-0.40647774,-0.0639975
-0.40627774,-0.0959963
-0.40607774,-0.127995
-0.40587774,-0.0959963
-0.40567774,-0.0639975
-0.40547774,-0.0639975
-0.40527774,-0.0639975
-0.40507774,-0.0639975
-0.40487774,-0.0639975
-0.40467774,-0.0639975
-0.40447774,-0.0639975
-0.40427774,-0.0639975
-0.40407774,-0.0639975
-0.40387774,-0.0639975
-0.40367774,-0.0319988
-0.40347774,-0.0959963
-0.40327774,-0.0639975
-0.40307774,-0.0959963
-0.40287774,-0.0959963
-0.40267774,-0.127995
-0.40247774,-0.0959963
-0.40227774,-0.0959963
-0.40207774,-0.0639975
-0.40187774,-0.127995
-0.40167774,-0.0639975
-0.40147774,-0.0639975
-0.40127774,-0.0959963
-0.40107774,-0.0639975
-0.40087774,-0.0959963
-0.40067774,-0.0639975
-0.40047774,-0.127995
-0.40027774,-0.0959963
-0.40007774,-0.159994
-0.39987774,-0.127995
-0.39967774,-0.0639975
-0.39947774,-0.159994
-0.39927774,-0.127995
-0.39907774,-0.127995
-0.39887774,-0.0959963
-0.39867774,-0.0959963
-0.39847774,-0.0959963
-0.39827774,-0.127995
-0.39807774,-0.127995
-0.39787774,-0.127995
-0.39767774,-0.127995
-0.39747774,-0.0959963
-0.39727774,-0.127995
-0.39707774,-0.127995
-0.39687774,-0.127995
-0.39667774,-0.0959963
-0.39647774,-0.127995
-0.39627774,-0.0639975
-0.39607774,-0.0959963
-0.39587774,-0.159994
-0.39567774,-0.127995
-0.39547774,-0.159994
-0.39527774,-0.159994
-0.39507774,-0.127995
-0.39487774,-0.127995
-0.39467774,-0.127995
-0.39447774,-0.127995
-0.39427774,-0.127995
-0.39407774,-0.159994
-0.39387774,-0.127995
-0.39367774,-0.159994
-0.39347774,-0.159994
-0.39327774,-0.0959963
-0.39307774,-0.0959963
-0.39287774,-0.159994
-0.39267774,-0.127995
-0.39247774,-0.127995
-0.39227774,-0.159994
-0.39207774,-0.159994
-0.39187774,-0.159994
-0.39167774,-0.127995
-0.39147774,-0.127995
-0.39127774,-0.159994
-0.39107774,-0.159994
-0.39087774,-0.127995
-0.39067774,-0.127995
-0.39047774,-0.191993
-0.39027774,-0.127995
-0.39007774,-0.127995
-0.38987774,-0.191993
-0.38967774,-0.159994
-0.38947774,-0.127995
-0.38927774,-0.191993
-0.38907774,-0.127995
-0.38887774,-0.127995
-0.38867774,-0.159994
-0.38847774,-0.127995
-0.38827774,-0.159994
-0.38807774,-0.159994
-0.38787774,-0.159994
-0.38767774,-0.127995
-0.38747774,-0.127995
-0.38727774,-0.0959963
-0.38707774,-0.127995
-0.38687774,-0.191993
-0.38667774,-0.127995
-0.38647774,-0.127995
-0.38627774,-0.159994
-0.38607774,-0.159994
-0.38587774,-0.159994
-0.38567774,-0.159994
-0.38547774,-0.127995
-0.38527774,-0.127995
-0.38507774,-0.191993
-0.38487774,-0.159994
-0.38467774,-0.159994
-0.38447774,-0.159994
-0.38427774,-0.159994
-0.38407774,-0.159994
-0.38387774,-0.127995
-0.38367774,-0.191993
-0.38347774,-0.191993
-0.38327774,-0.127995
-0.38307774,-0.159994
-0.38287774,-0.127995
-0.38267774,-0.191993
-0.38247774,-0.159994
-0.38227774,-0.127995
-0.38207774,-0.191993
-0.38187774,-0.191993
-0.38167774,-0.159994
-0.38147774,-0.191993
-0.38127774,-0.191993
-0.38107774,-0.159994
-0.38087774,-0.191993
-0.38067774,-0.159994
-0.38047774,-0.159994
-0.38027774,-0.191993
-0.38007774,-0.191993
-0.37987774,-0.159994
-0.37967774,-0.191993
-0.37947774,-0.159994
-0.37927774,-0.191993
-0.37907774,-0.159994
-0.37887774,-0.191993
-0.37867774,-0.159994
-0.37847774,-0.159994
-0.37827774,-0.191993
-0.37807774,-0.159994
-0.37787774,-0.191993
-0.37767774,-0.191993
-0.37747774,-0.159994
-0.37727774,-0.191993
-0.37707774,-0.191993
-0.37687774,-0.191993
-0.37667774,-0.223991
-0.37647774,-0.127995
-0.37627774,-0.159994
-0.37607774,-0.191993
-0.37587774,-0.159994
-0.37567774,-0.159994
-0.37547774,-0.191993
-0.37527774,-0.191993
-0.37507774,-0.191993
-0.37487774,-0.25599
-0.37467774,-0.223991
-0.37447774,-0.159994
-0.37427774,-0.191993
-0.37407774,-0.191993
-0.37387774,-0.191993
-0.37367774,-0.25599
-0.37347774,-0.223991
-0.37327774,-0.191993
-0.37307774,-0.191993
-0.37287774,-0.191993
-0.37267774,-0.223991
-0.37247774,-0.223991
-0.37227774,-0.191993
-0.37207774,-0.159994
-0.37187774,-0.223991
-0.37167774,-0.191993
-0.37147774,-0.159994
-0.37127774,-0.223991
-0.37107774,-0.223991
-0.37087774,-0.191993
-0.37067774,-0.223991
-0.37047774,-0.223991
-0.37027774,-0.159994
-0.37007774,-0.223991
-0.36987774,-0.191993
-0.36967774,-0.191993
-0.36947774,-0.223991
-0.36927774,-0.223991
-0.36907774,-0.191993
-0.36887774,-0.223991
-0.36867774,-0.25599
-0.36847774,-0.223991
-0.36827774,-0.25599
-0.36807774,-0.223991
-0.36787774,-0.191993
-0.36767774,-0.25599
-0.36747774,-0.191993
-0.36727774,-0.191993
-0.36707774,-0.223991
-0.36687774,-0.191993
-0.36667774,-0.223991
-0.36647774,-0.191993
-0.36627774,-0.159994
-0.36607774,-0.191993
-0.36587774,-0.223991
-0.36567774,-0.223991
-0.36547774,-0.191993
-0.36527774,-0.223991
-0.36507774,-0.223991
-0.36487774,-0.191993
-0.36467774,-0.191993
-0.36447774,-0.223991
-0.36427774,-0.159994
-0.36407774,-0.223991
-0.36387774,-0.223991
-0.36367774,-0.159994
-0.36347774,-0.191993
-0.36327774,-0.191993
-0.36307774,-0.191993
-0.36287774,-0.191993
-0.36267774,-0.191993
-0.36247774,-0.159994
-0.36227774,-0.223991
-0.36207774,-0.191993
-0.36187774,-0.191993
-0.36167774,-0.223991
-0.36147774,-0.191993
-0.36127774,-0.191993
-0.36107774,-0.191993
-0.36087774,-0.191993
-0.36067774,-0.223991
-0.36047774,-0.191993
-0.36027774,-0.223991
-0.36007774,-0.191993
-0.35987774,-0.223991
-0.35967774,-0.191993
-0.35947774,-0.191993
-0.35927774,-0.223991
-0.35907774,-0.191993
-0.35887774,-0.191993
-0.35867774,-0.223991
-0.35847774,-0.191993
-0.35827774,-0.159994
-0.35807774,-0.223991
-0.35787774,-0.191993
-0.35767774,-0.159994
-0.35747774,-0.223991
-0.35727774,-0.191993
-0.35707774,-0.191993
-0.35687774,-0.223991
-0.35667774,-0.191993
-0.35647774,-0.223991
-0.35627774,-0.25599
-0.35607774,-0.191993
-0.35587774,-0.25599
-0.35567774,-0.191993
-0.35547774,-0.191993
-0.35527774,-0.191993
-0.35507774,-0.25599
-0.35487774,-0.223991
-0.35467774,-0.223991
-0.35447774,-0.191993
-0.35427774,-0.191993
-0.35407774,-0.191993
-0.35387774,-0.223991
-0.35367774,-0.191993
-0.35347774,-0.191993
-0.35327774,-0.159994
-0.35307774,-0.191993
-0.35287774,-0.159994
-0.35267774,-0.191993
-0.35247774,-0.223991
-0.35227774,-0.191993
-0.35207774,-0.191993
-0.35187774,-0.191993
-0.35167774,-0.191993
-0.35147774,-0.223991
-0.35127774,-0.223991
-0.35107774,-0.191993
-0.35087774,-0.25599
-0.35067774,-0.223991
-0.35047774,-0.159994
-0.35027774,-0.191993
-0.35007774,-0.191993
-0.34987774,-0.159994
-0.34967774,-0.223991
-0.34947774,-0.223991
-0.34927774,-0.223991
-0.34907774,-0.223991
-0.34887774,-0.191993
-0.34867774,-0.223991
-0.34847774,-0.223991
-0.34827774,-0.223991
-0.34807774,-0.223991
-0.34787774,-0.191993
-0.34767774,-0.223991
-0.34747774,-0.191993
-0.34727774,-0.191993
-0.34707774,-0.191993
-0.34687774,-0.223991
-0.34667774,-0.223991
-0.34647774,-0.191993
-0.34627774,-0.191993
-0.34607774,-0.191993
-0.34587774,-0.191993
-0.34567774,-0.191993
-0.34547774,-0.191993
-0.34527774,-0.191993
-0.34507774,-0.191993
-0.34487774,-0.223991
-0.34467774,-0.159994
-0.34447774,-0.223991
-0.34427774,-0.191993
-0.34407774,-0.191993
-0.34387774,-0.191993
-0.34367774,-0.223991
-0.34347774,-0.191993
-0.34327774,-0.191993
-0.34307774,-0.159994
-0.34287774,-0.223991
-0.34267774,-0.191993
-0.34247774,-0.191993
-0.34227774,-0.159994
-0.34207774,-0.191993
-0.34187774,-0.159994
-0.34167774,-0.223991
-0.34147774,-0.127995
-0.34127774,-0.159994
-0.34107774,-0.191993
-0.34087774,-0.159994
-0.34067774,-0.191993
-0.34047774,-0.159994
-0.34027774,-0.159994
-0.34007774,-0.223991
-0.33987774,-0.159994
-0.33967774,-0.127995
-0.33947774,-0.127995
-0.33927774,-0.127995
-0.33907774,-0.127995
-0.33887774,-0.159994
-0.33867774,-0.159994
-0.33847774,-0.159994
-0.33827774,-0.159994
-0.33807774,-0.159994
-0.33787774,-0.127995
-0.33767774,-0.159994
-0.33747774,-0.159994
-0.33727774,-0.127995
-0.33707774,-0.159994
-0.33687774,-0.0959963
-0.33667774,-0.127995
-0.33647774,-0.191993
-0.33627774,-0.159994
-0.33607774,-0.159994
-0.33587774,-0.127995
-0.33567774,-0.127995
-0.33547774,-0.127995
-0.33527774,-0.0959963
-0.33507774,-0.0959963
-0.33487774,-0.0959963
-0.33467774,-0.127995
-0.33447774,-0.0959963
-0.33427774,-0.0959963
-0.33407774,-0.159994
-0.33387774,-0.0959963
-0.33367774,-0.0959963
-0.33347774,-0.0959963
-0.33327774,-0.127995
-0.33307774,-0.0639975
-0.33287774,-0.0639975
-0.33267774,-0.0639975
-0.33247774,-0.0639975
-0.33227774,-0.159994
-0.33207774,-0.0959963
-0.33187774,-0.0639975
-0.33167774,-0.0959963
-0.33147774,-0.0639975
-0.33127774,-0.0959963
-0.33107774,-0.0639975
-0.33087774,-0.0639975
-0.33067774,-0.0319988
-0.33047774,-0.0319988
-0.33027774,-0.0959963
-0.33007774,-0.0639975
-0.32987774,-0.0959963
-0.32967774,-0.0639975
-0.32947774,-0.0639975
-0.32927774,-0.0639975
-0.32907774,0
-0.32887774,-0.0319988
-0.32867774,-0.0959963
-0.32847774,-0.0319988
-0.32827774,0
-0.32807774,-0.0639975
-0.32787774,-0.0639975
-0.32767774,-0.0319988
-0.32747774,-0.0639975
-0.32727774,-0.0319988
-0.32707774,-0.0319988
-0.32687774,-0.0319988
-0.32667774,-0.0639975
-0.32647774,-0.0319988
-0.32627774,-0.0639975
-0.32607774,0
-0.32587774,-0.0319988
-0.32567774,-0.0639975
-0.32547774,0
-0.32527774,0.0319988
-0.32507774,-0.0319988
-0.32487774,-0.0639975
-0.32467774,-0.0319988
-0.32447774,-0.0639975
-0.32427774,0
-0.32407774,0
-0.32387774,-0.0319988
-0.32367774,-0.0639975
-0.32347774,-0.0319988
-0.32327774,-0.0639975
-0.32307774,0
-0.32287774,-0.0319988
-0.32267774,-0.0639975
-0.32247774,-0.0319988
-0.32227774,0
-0.32207774,-0.0319988
-0.32187774,-0.0319988
-0.32167774,0.0319988
-0.32147774,-0.0639975
-0.32127774,0
-0.32107774,-0.0319988
-0.32087774,-0.0959963
-0.32067774,0
-0.32047774,-0.0319988
-0.32027774,0
-0.32007774,-0.0319988
-0.31987774,0
-0.31967774,-0.0319988
-0.31947774,-0.0319988
-0.31927774,-0.0639975
-0.31907774,-0.0639975
-0.31887774,-0.0319988
-0.31867774,-0.0319988
-0.31847774,-0.0319988
-0.31827774,-0.0319988
-0.31807774,-0.0319988
-0.31787774,-0.0959963
-0.31767774,-0.0319988
-0.31747774,0
-0.31727774,0
-0.31707774,0
-0.31687774,-0.0319988
-0.31667774,-0.0639975
-0.31647774,0
-0.31627774,0
-0.31607774,0
-0.31587774,0.0319988
-0.31567774,0
-0.31547774,0
-0.31527774,0
-0.31507774,-0.0319988
-0.31487774,-0.0319988
-0.31467774,0
-0.31447774,0
-0.31427774,-0.0639975
-0.31407774,0
-0.31387774,0
-0.31367774,-0.0319988
-0.31347774,0.0319988
-0.31327774,0
-0.31307774,-0.0639975
-0.31287774,0
-0.31267774,0
-0.31247774,0
-0.31227774,0
-0.31207774,0
-0.31187774,0
-0.31167774,0
-0.31147774,0
-0.31127774,-0.0319988
-0.31107774,0
-0.31087774,0.0319988
-0.31067774,-0.0319988
-0.31047774,-0.0319988
-0.31027774,0
-0.31007774,-0.0319988
-0.30987774,0
-0.30967774,-0.0319988
-0.30947774,-0.0319988
-0.30927774,0
-0.30907774,0
-0.30887774,0
-0.30867774,0
-0.30847774,0.0319988
-0.30827774,-0.0319988
-0.30807774,0.0319988
-0.30787774,-0.0319988
-0.30767774,-0.0639975
-0.30747774,0
-0.30727774,0
-0.30707774,-0.0639975
-0.30687774,0
-0.30667774,0.0319988
-0.30647774,0
-0.30627774,0
-0.30607774,0
-0.30587774,-0.0319988
-0.30567774,0
-0.30547774,0.0319988
-0.30527774,-0.0319988
-0.30507774,0.0319988
-0.30487774,0
-0.30467774,-0.0319988
-0.30447774,-0.0319988
-0.30427774,0.0319988
-0.30407774,0
-0.30387774,0.0319988
-0.30367774,-0.0319988
-0.30347774,-0.0319988
-0.30327774,0
-0.30307774,0.0319988
-0.30287774,-0.0319988
-0.30267774,0
-0.30247774,0
-0.30227774,0
-0.30207774,0.0319988
-0.30187774,0.0319988
-0.30167774,0.0319988
-0.30147774,0
-0.30127774,0.0319988
-0.30107774,0
-0.30087774,0.0319988
-0.30067774,0
-0.30047774,-0.0639975
-0.30027774,0
-0.30007774,0
-0.29987774,0
-0.29967774,0.0319988
-0.29947774,0.0319988
-0.29927774,0
-0.29907774,0.0319988
-0.29887774,0.0319988
-0.29867774,0.0319988
-0.29847774,0.0639975
-0.29827774,0.0639975
-0.29807774,0.0639975
-0.29787774,0.0319988
-0.29767774,0.0639975
-0.29747774,0
-0.29727774,0.0639975
-0.29707774,0.0319988
-0.29687774,0.0319988
-0.29667774,0
-0.29647774,0.0319988
-0.29627774,0.0319988
-0.29607774,0.0639975
-0.29587774,0.0639975
-0.29567774,0.0319988
-0.29547774,0.0639975
-0.29527774,0.0319988
-0.29507774,0.0639975
-0.29487774,0.0319988
-0.29467774,0.0639975
-0.29447774,0.0319988
-0.29427774,0.0959963
-0.29407774,0.0639975
-0.29387774,0.0319988
-0.29367774,0.0959963
-0.29347774,0.0639975
-0.29327774,0.0319988
-0.29307774,0.0639975
-0.29287774,0.0959963
-0.29267774,0.0639975
-0.29247774,0.0959963
-0.29227774,0.0959963
-0.29207774,0.0959963
-0.29187774,0.0959963
-0.29167774,0.127995
-0.29147774,0.0639975
-0.29127774,0.0639975
-0.29107774,0.0959963
-0.29087774,0.0639975
-0.29067774,0.0959963
-0.29047774,0.0639975
-0.29027774,0.0959963
-0.29007774,0.127995
-0.28987774,0.0959963
-0.28967774,0.0639975
-0.28947774,0.0959963
-0.28927774,0.0959963
-0.28907774,0.0959963
-0.28887774,0.127995
-0.28867774,0.0959963
-0.28847774,0.0959963
-0.28827774,0.127995
-0.28807774,0.0959963
-0.28787774,0.0959963
-0.28767774,0.127995
-0.28747774,0.0959963
-0.28727774,0.0959963
-0.28707774,0.0959963
-0.28687774,0.0959963
-0.28667774,0.0319988
-0.28647774,0.0959963
-0.28627774,0.0959963
-0.28607774,0.127995
-0.28587774,0.0639975
-0.28567774,0.0959963
-0.28547774,0.0959963
-0.28527774,0.0959963
-0.28507774,0.0959963
-0.28487774,0.0959963
-0.28467774,0.0639975
-0.28447774,0.0959963
-0.28427774,0.0959963
-0.28407774,0.0319988
-0.28387774,0.0959963
-0.28367774,0.0639975
-0.28347774,0.0959963
-0.28327774,0.0639975
-0.28307774,0.0639975
-0.28287774,0.0639975
-0.28267774,0.0959963
-0.28247774,0.0959963
-0.28227774,0.127995
-0.28207774,0.0959963
-0.28187774,0.0959963
-0.28167774,0.0959963
-0.28147774,0.0959963
-0.28127774,0.0639975
-0.28107774,0.0959963
-0.28087774,0.0959963
-0.28067774,0.0639975
-0.28047774,0.0959963
-0.28027774,0.0959963
-0.28007774,0.0959963
-0.27987774,0.0959963
-0.27967774,0.0959963
-0.27947774,0.0959963
-0.27927774,0.0959963
-0.27907774,0.0959963
-0.27887774,0.0639975
-0.27867774,0.0639975
-0.27847774,0.0959963
-0.27827774,0.0639975
-0.27807774,0.0639975
-0.27787774,0.0319988
-0.27767774,0.0639975
-0.27747774,0.0639975
-0.27727774,0.0639975
-0.27707774,0.0959963
-0.27687774,0.0959963
-0.27667774,0.0959963
-0.27647774,0.0959963
-0.27627774,0.0639975
-0.27607774,0.0639975
-0.27587774,0.0639975
-0.27567774,0.0319988
-0.27547774,0.0639975
-0.27527774,0.0639975
-0.27507774,0.0639975
-0.27487774,0.0959963
-0.27467774,0.0319988
-0.27447774,0.0959963
-0.27427774,0.0639975
-0.27407774,0.0319988
-0.27387774,0.0959963
-0.27367774,0.0959963
-0.27347774,0.0639975
-0.27327774,0.0639975
-0.27307774,0.0319988
-0.27287774,0.0639975
-0.27267774,0.0639975
-0.27247774,0.0639975
-0.27227774,0.0639975
-0.27207774,0
-0.27187774,0.0319988
-0.27167774,0.0319988
-0.27147774,0.0639975
-0.27127774,0.0639975
-0.27107774,0
-0.27087774,0.0639975
-0.27067774,0.0639975
-0.27047774,0.0639975
-0.27027774,0.0319988
-0.27007774,0.0319988
-0.26987774,0.0639975
-0.26967774,0.0319988
-0.26947774,0.0319988
-0.26927774,0.0319988
-0.26907774,0
-0.26887774,0
-0.26867774,-0.0319988
-0.26847774,0.0319988
-0.26827774,0.0959963
-0.26807774,0.0639975
-0.26787774,0.0639975
-0.26767774,0.0639975
-0.26747774,0.0319988
-0.26727774,0.0959963
-0.26707774,0
-0.26687774,0.0319988
-0.26667774,0.0319988
-0.26647774,0.0639975
-0.26627774,0.0319988
-0.26607774,0
-0.26587774,0.0319988
-0.26567774,-0.0319988
-0.26547774,0
-0.26527774,0.0319988
-0.26507774,0
-0.26487774,0.0319988
-0.26467774,0.0639975
-0.26447774,0
-0.26427774,0.0319988
-0.26407774,0.0319988
-0.26387774,0.0319988
-0.26367774,0.0319988
-0.26347774,0.0319988
-0.26327774,-0.0319988
-0.26307774,0
-0.26287774,0
-0.26267774,-0.0319988
-0.26247774,0.0319988
-0.26227774,0.0319988
-0.26207774,0
-0.26187774,0.0319988
-0.26167774,0
-0.26147774,0
-0.26127774,0
-0.26107774,-0.0319988
-0.26087774,0
-0.26067774,0
-0.26047774,0
-0.26027774,0
-0.26007774,-0.0639975
-0.25987774,0
-0.25967774,-0.0319988
-0.25947774,-0.0319988
-0.25927774,-0.0319988
-0.25907774,-0.0639975
-0.25887774,-0.0319988
-0.25867774,0
-0.25847774,-0.0639975
-0.25827774,0
-0.25807774,0
-0.25787774,-0.0639975
-0.25767774,-0.0319988
-0.25747774,-0.0319988
-0.25727774,0
-0.25707774,0
-0.25687774,-0.0639975
-0.25667774,-0.0639975
-0.25647774,-0.0639975
-0.25627774,-0.0319988
-0.25607774,-0.0639975
-0.25587774,0
-0.25567774,-0.0319988
-0.25547774,-0.0639975
-0.25527774,-0.0319988
-0.25507774,-0.0319988
-0.25487774,-0.0319988
-0.25467774,-0.0639975
-0.25447774,-0.0319988
-0.25427774,-0.0319988
-0.25407774,-0.0319988
-0.25387774,-0.0639975
-0.25367774,-0.0639975
-0.25347774,0
-0.25327774,0.0319988
-0.25307774,-0.0639975
-0.25287774,0
-0.25267774,-0.0319988
-0.25247774,-0.0959963
-0.25227774,-0.0319988
-0.25207774,-0.0319988
-0.25187774,-0.0639975
-0.25167774,0
-0.25147774,-0.0639975
-0.25127774,-0.0319988
-0.25107774,-0.0319988
-0.25087774,-0.0639975
-0.25067774,-0.0959963
-0.25047774,-0.0319988
-0.25027774,-0.0639975
-0.25007774,-0.0319988
-0.24987774,-0.0639975
-0.24967774,-0.0319988
-0.24947774,-0.0639975
-0.24927774,-0.0319988
-0.24907774,-0.0639975
-0.24887774,-0.0959963
-0.24867774,-0.0319988
-0.24847774,0
-0.24827774,-0.0639975
-0.24807774,-0.0319988
-0.24787774,-0.0319988
-0.24767774,-0.0639975
-0.24747774,-0.0639975
-0.24727774,-0.0639975
-0.24707774,-0.0959963
-0.24687774,-0.0959963
-0.24667774,-0.0639975
-0.24647774,-0.0959963
-0.24627774,-0.0639975
-0.24607774,-0.0639975
-0.24587774,-0.0959963
-0.24567774,-0.0639975
-0.24547774,-0.0319988
-0.24527774,-0.0959963
-0.24507774,-0.0959963
-0.24487774,-0.0639975
-0.24467774,-0.0639975
-0.24447774,-0.0959963
-0.24427774,-0.0639975
-0.24407774,-0.0959963
-0.24387774,-0.0959963
-0.24367774,-0.0639975
-0.24347774,-0.0319988
-0.24327774,-0.0959963
-0.24307774,-0.0959963
-0.24287774,-0.0959963
-0.24267774,-0.0319988
-0.24247774,-0.0959963
-0.24227774,-0.127995
-0.24207774,-0.0959963
-0.24187774,-0.0959963
-0.24167774,-0.127995
-0.24147774,-0.127995
-0.24127774,-0.0639975
-0.24107774,-0.127995
-0.24087774,-0.0959963
-0.24067774,-0.0639975
-0.24047774,-0.159994
-0.24027774,-0.127995
-0.24007774,-0.0639975
-0.23987774,-0.127995
-0.23967774,-0.0959963
-0.23947774,-0.0959963
-0.23927774,-0.127995
-0.23907774,-0.0959963
-0.23887774,-0.0959963
-0.23867774,-0.0959963
-0.23847774,-0.0959963
-0.23827774,-0.0639975
-0.23807774,-0.159994
-0.23787774,-0.127995
-0.23767774,-0.0959963
-0.23747774,-0.127995
-0.23727774,-0.159994
-0.23707774,-0.127995
-0.23687774,-0.127995
-0.23667774,-0.127995
-0.23647774,-0.127995
-0.23627774,-0.127995
-0.23607774,-0.127995
-0.23587774,-0.0959963
-0.23567774,-0.127995
-0.23547774,-0.0959963
-0.23527774,-0.127995
-0.23507774,-0.127995
-0.23487774,-0.127995
-0.23467774,-0.0959963
-0.23447774,-0.0959963
-0.23427774,-0.127995
-0.23407774,-0.0959963
-0.23387774,-0.0959963
-0.23367774,-0.0959963
-0.23347774,-0.127995
-0.23327774,-0.159994
-0.23307774,-0.127995
-0.23287774,-0.127995
-0.23267774,-0.127995
-0.23247774,-0.159994
-0.23227774,-0.127995
-0.23207774,-0.127995
-0.23187774,-0.0959963
-0.23167774,-0.127995
-0.23147774,-0.127995
-0.23127774,-0.0959963
-0.23107774,-0.127995
-0.23087774,-0.159994
-0.23067774,-0.0959963
-0.23047774,-0.0959963
-0.23027774,-0.127995
-0.23007774,-0.0959963
-0.22987774,-0.0639975
-0.22967774,-0.127995
-0.22947774,-0.0959963
-0.22927774,-0.0959963
-0.22907774,-0.0959963
-0.22887774,-0.127995
-0.22867774,-0.0959963
-0.22847774,-0.127995
-0.22827774,-0.0639975
-0.22807774,-0.0959963
-0.22787774,-0.0959963
-0.22767774,-0.0959963
-0.22747774,-0.0959963
-0.22727774,-0.0959963
-0.22707774,-0.0959963
-0.22687774,-0.0319988
-0.22667774,-0.127995
-0.22647774,-0.0959963
-0.22627774,-0.0959963
-0.22607774,-0.127995
-0.22587774,-0.0959963
-0.22567774,-0.0959963
-0.22547774,-0.0959963
-0.22527774,-0.0639975
-0.22507774,-0.0959963
-0.22487774,-0.0959963
-0.22467774,-0.0319988
-0.22447774,-0.0319988
-0.22427774,-0.0959963
-0.22407774,-0.0959963
-0.22387774,-0.0639975
-0.22367774,-0.0959963
-0.22347774,-0.0639975
-0.22327774,-0.0959963
-0.22307774,-0.0639975
-0.22287774,-0.0639975
-0.22267774,-0.0639975
-0.22247774,-0.127995
-0.22227774,-0.0639975
-0.22207774,-0.0959963
-0.22187774,-0.0959963
-0.22167774,-0.0639975
-0.22147774,-0.0639975
-0.22127774,-0.0639975
-0.22107774,-0.0639975
-0.22087774,-0.0639975
-0.22067774,-0.0639975
-0.22047774,-0.0639975
-0.22027774,-0.0639975
-0.22007774,-0.0959963
-0.21987774,-0.0319988
-0.21967774,-0.0639975
-0.21947774,-0.0639975
-0.21927774,-0.0319988
-0.21907774,-0.0639975
-0.21887774,-0.0959963
-0.21867774,-0.0319988
-0.21847774,-0.0319988
-0.21827774,-0.0959963
-0.21807774,-0.0319988
-0.21787774,-0.0319988
-0.21767774,-0.0319988
-0.21747774,-0.0319988
-0.21727774,-0.0639975
-0.21707774,0
-0.21687774,-0.0319988
-0.21667774,-0.0959963
-0.21647774,-0.0639975
-0.21627774,0.0319988
-0.21607774,0
-0.21587774,-0.0639975
-0.21567774,0
-0.21547774,0
-0.21527774,-0.0639975
-0.21507774,-0.0319988
-0.21487774,-0.0319988
-0.21467774,-0.0639975
-0.21447774,-0.0319988
-0.21427774,-0.0319988
-0.21407774,-0.0639975
-0.21387774,-0.0319988
-0.21367774,0
-0.21347774,-0.0319988
-0.21327774,0
-0.21307774,-0.0319988
-0.21287774,-0.0639975
-0.21267774,0
-0.21247774,0
-0.21227774,-0.0319988
-0.21207774,0
-0.21187774,0
-0.21167774,0
-0.21147774,0
-0.21127774,0.0319988
-0.21107774,-0.0319988
-0.21087774,0.0319988
-0.21067774,0
-0.21047774,0
-0.21027774,-0.0319988
-0.21007774,0
-0.20987774,0
-0.20967774,0.0319988
-0.20947774,0.0319988
-0.20927774,0
-0.20907774,0.0319988
-0.20887774,0
-0.20867774,0
-0.20847774,0.0319988
-0.20827774,-0.0319988
-0.20807774,-0.0319988
-0.20787774,0
-0.20767774,0.0319988
-0.20747774,0.0319988
-0.20727774,0
-0.20707774,0.0319988
-0.20687774,0
-0.20667774,0
-0.20647774,0
-0.20627774,0.0319988
-0.20607774,0.0639975
-0.20587774,0
-0.20567774,0.0319988
-0.20547774,0.0639975
-0.20527774,0.0319988
-0.20507774,0.0319988
-0.20487774,0.0319988
-0.20467774,0.0639975
-0.20447774,0.0319988
-0.20427774,0.0319988
-0.20407774,0.0639975
-0.20387774,0.0639975
-0.20367774,0.0319988
-0.20347774,0.0639975
-0.20327774,0.0639975
-0.20307774,0.0319988
-0.20287774,0.0959963
-0.20267774,0.0319988
-0.20247774,0.0319988
-0.20227774,0.0639975
-0.20207774,0.0639975
-0.20187774,0.0319988
-0.20167774,0.0639975
-0.20147774,0.0639975
-0.20127774,0.0319988
-0.20107774,0.0959963
-0.20087774,0.0639975
-0.20067774,0.0639975
-0.20047774,0.0639975
-0.20027774,0.0639975
-0.20007774,0.0639975
-0.19987774,0.0639975
-0.19967774,0.0959963
-0.19947774,0.0639975
-0.19927774,0.0639975
-0.19907774,0.0959963
-0.19887774,0.0639975
-0.19867774,0.0959963
-0.19847774,0.0639975
-0.19827774,0.0959963
-0.19807774,0.0639975
-0.19787774,0.0639975
-0.19767774,0.0639975
-0.19747774,0.0639975
-0.19727774,0.0319988
-0.19707774,0.0959963
-0.19687774,0.0639975
-0.19667774,0.0319988
-0.19647774,0.0959963
-0.19627774,0.0959963
-0.19607774,0.0639975
-0.19587774,0.0959963
-0.19567774,0.0639975
-0.19547774,0.0639975
-0.19527774,0.0959963
-0.19507774,0.0639975
-0.19487774,0.0639975
-0.19467774,0.0319988
-0.19447774,0.0639975
-0.19427774,0.0639975
-0.19407774,0.0639975
-0.19387774,0.127995
-0.19367774,0.0319988
-0.19347774,0.0959963
-0.19327774,0.0959963
-0.19307774,0.0959963
-0.19287774,0.0959963
-0.19267774,0.0959963
-0.19247774,0.0639975
-0.19227774,0.0639975
-0.19207774,0.0959963
-0.19187774,0.0639975
-0.19167774,0.0639975
-0.19147774,0.0959963
-0.19127774,0.0639975
-0.19107774,0.0959963
-0.19087774,0.0959963
-0.19067774,0.0959963
-0.19047774,0.0959963
-0.19027774,0.0959963
-0.19007774,0.0959963
-0.18987774,0.0959963
-0.18967774,0.0959963
-0.18947774,0.0959963
-0.18927774,0.0959963
-0.18907774,0.127995
-0.18887774,0.0319988
-0.18867774,0.127995
-0.18847774,0.0959963
-0.18827774,0.0639975
-0.18807774,0.0959963
-0.18787774,0.0959963
-0.18767774,0.0639975
-0.18747774,0.0959963
-0.18727774,0.127995
-0.18707774,0.0959963
-0.18687774,0.0639975
-0.18667774,0.0959963
-0.18647774,0.0959963
-0.18627774,0.0319988
-0.18607774,0.0959963
-0.18587774,0.0959963
-0.18567774,0.0959963
-0.18547774,0.0639975
-0.18527774,0.0959963
-0.18507774,0.0639975
-0.18487774,0.0959963
-0.18467774,0.0639975
-0.18447774,0.0959963
-0.18427774,0.0959963
-0.18407774,0.0639975
-0.18387774,0.0959963
-0.18367774,0.0959963
-0.18347774,0.0959963
-0.18327774,0.0959963
-0.18307774,0.0959963
-0.18287774,0.0639975
-0.18267774,0.0959963
-0.18247774,0.127995
-0.18227774,0.0959963
-0.18207774,0.0959963
-0.18187774,0.0959963
-0.18167774,0.0639975
-0.18147774,0.0959963
-0.18127774,0.0959963
-0.18107774,0.0959963
-0.18087774,0.0959963
-0.18067774,0.127995
-0.18047774,0.0639975
-0.18027774,0.0959963
-0.18007774,0.0639975
-0.17987774,0.0959963
-0.17967774,0.0959963
-0.17947774,0.0639975
-0.17927774,0.0959963
-0.17907774,0.127995
-0.17887774,0.0959963
-0.17867774,0.0319988
-0.17847774,0.127995
-0.17827774,0.0959963
-0.17807774,0.0959963
-0.17787774,0.0639975
-0.17767774,0.0959963
-0.17747774,0.0959963
-0.17727774,0.0959963
-0.17707774,0.0959963
-0.17687774,0.0319988
-0.17667774,0.0639975
-0.17647774,0.0959963
-0.17627774,0.0959963
-0.17607774,0.0959963
-0.17587774,0.127995
-0.17567774,0.0639975
-0.17547774,0.0959963
-0.17527774,0.0959963
-0.17507774,0.0319988
-0.17487774,0.0959963
-0.17467774,0.0959963
-0.17447774,0.0959963
-0.17427774,0.0959963
-0.17407774,0.0959963
-0.17387774,0.0959963
-0.17367774,0.127995
-0.17347774,0.0959963
-0.17327774,0.0639975
-0.17307774,0.0959963
-0.17287774,0.0959963
-0.17267774,0.0319988
-0.17247774,0.0959963
-0.17227774,0.0959963
-0.17207774,0.0639975
-0.17187774,0.0959963
-0.17167774,0.0639975
-0.17147774,0.0319988
-0.17127774,0.0639975
-0.17107774,0.0959963
-0.17087774,0.0639975
-0.17067774,0.127995
-0.17047774,0.0639975
-0.17027774,0.0959963
-0.17007774,0.0959963
-0.16987774,0.0639975
-0.16967774,0.0319988
-0.16947774,0.0639975
-0.16927774,0.0639975
-0.16907774,0.0959963
-0.16887774,0.0639975
-0.16867774,0.0639975
-0.16847774,0.0639975
-0.16827774,0.0639975
-0.16807774,0.0959963
-0.16787774,0.127995
-0.16767774,0.0639975
-0.16747774,0.0959963
-0.16727774,0.0319988
-0.16707774,0.0639975
-0.16687774,0.0959963
-0.16667774,0.0639975
-0.16647774,0.0959963
-0.16627774,0.0959963
-0.16607774,0.0639975
-0.16587774,0.0959963
-0.16567774,0.0959963
-0.16547774,0.0639975
-0.16527774,0.0639975
-0.16507774,0.127995
-0.16487774,0.0319988
-0.16467774,0.0639975
-0.16447774,0.0959963
-0.16427774,0.0639975
-0.16407774,0.0959963
-0.16387774,0.0639975
-0.16367774,0.0319988
-0.16347774,0.0639975
-0.16327774,0.0639975
-0.16307774,0.0639975
-0.16287774,0.0959963
-0.16267774,0.0959963
-0.16247774,0.0319988
-0.16227774,0.0639975
-0.16207774,0.0959963
-0.16187774,0.0639975
-0.16167774,0.0639975
-0.16147774,0.0959963
-0.16127774,0.0639975
-0.16107774,0.127995
-0.16087774,0.127995
-0.16067774,0.127995
-0.16047774,0.0959963
-0.16027774,0.0639975
-0.16007774,0.0639975
-0.15987774,0.0319988
-0.15967774,0.0639975
-0.15947774,0.0959963
-0.15927774,0.0959963
-0.15907774,0.0959963
-0.15887774,0.0639975
-0.15867774,0.0639975
-0.15847774,0.0959963
-0.15827774,0.0639975
-0.15807774,0.0959963
-0.15787774,0.0639975
-0.15767774,0.0639975
-0.15747774,0.0959963
-0.15727774,0.0639975
-0.15707774,0.0639975
-0.15687774,0.0959963
-0.15667774,0.0639975
-0.15647774,0.0959963
-0.15627774,0.0959963
-0.15607774,0.0959963
-0.15587774,0.0959963
-0.15567774,0.127995
-0.15547774,0.0959963
-0.15527774,0.0959963
-0.15507774,0.0959963
-0.15487774,0.0959963
-0.15467774,0.0639975
-0.15447774,0.0959963
-0.15427774,0.0959963
-0.15407774,0.127995
-0.15387774,0.127995
-0.15367774,0.127995
-0.15347774,0.0639975
-0.15327774,0.127995
-0.15307774,0.0959963
-0.15287774,0.0959963
-0.15267774,0.0959963
-0.15247774,0.0959963
-0.15227774,0.0959963
-0.15207774,0.127995
-0.15187774,0.0639975
-0.15167774,0.0639975
-0.15147774,0.0959963
-0.15127774,0.0959963
-0.15107774,0.0959963
-0.15087774,0.127995
-0.15067774,0.0959963
-0.15047774,0.0959963
-0.15027774,0.0639975
-0.15007774,0.0959963
-0.14987774,0.0959963
-0.14967774,0.0959963
-0.14947774,0.0959963
-0.14927774,0.0639975
-0.14907774,0.0959963
-0.14887774,0.0959963
-0.14867774,0.0959963
-0.14847774,0.0639975
-0.14827774,0.127995
-0.14807774,0.0639975
-0.14787774,0.0639975
-0.14767774,0.0639975
-0.14747774,0.0639975
-0.14727774,0.0959963
-0.14707774,0.0639975
-0.14687774,0.0959963
-0.14667774,0.127995
-0.14647774,0.127995
-0.14627774,0.0639975
-0.14607774,0.0959963
-0.14587774,0.0959963
-0.14567774,0.0319988
-0.14547774,0.0959963
-0.14527774,0.0959963
-0.14507774,0.0639975
-0.14487774,0.0639975
-0.14467774,0.0639975
-0.14447774,0.0319988
-0.14427774,0.0639975
-0.14407774,0.0639975
-0.14387774,0.0959963
-0.14367774,0.0639975
-0.14347774,0.0639975
-0.14327774,0.0319988
-0.14307774,0.0639975
-0.14287774,0.0959963
-0.14267774,0.0319988
-0.14247774,0.0959963
-0.14227774,0.0639975
-0.14207774,0.0319988
-0.14187774,0.0639975
-0.14167774,0.0639975
-0.14147774,0.0319988
-0.14127774,0.0639975
-0.14107774,0.0639975
-0.14087774,0.0319988
-0.14067774,0.0639975
-0.14047774,0.0639975
-0.14027774,0.0319988
-0.14007774,0.0639975
-0.13987774,0.0959963
-0.13967774,0.0639975
-0.13947774,0.0639975
-0.13927774,0.0639975
-0.13907774,0.0959963
-0.13887774,0.0959963
-0.13867774,0.0639975
-0.13847774,0.0639975
-0.13827774,0.0639975
-0.13807774,0.0639975
-0.13787774,0.0319988
-0.13767774,0.0959963
-0.13747774,0.0639975
-0.13727774,0.0639975
-0.13707774,0.0959963
-0.13687774,0.0639975
-0.13667774,0.0319988
-0.13647774,0.0959963
-0.13627774,0.0639975
-0.13607774,0.0639975
-0.13587774,0.0319988
-0.13567774,0.0639975
-0.13547774,0.0639975
-0.13527774,0.0959963
-0.13507774,0.0639975
-0.13487774,0.0639975
-0.13467774,0.0639975
-0.13447774,0
-0.13427774,0.0639975
-0.13407774,0.0639975
-0.13387774,0.0319988
-0.13367774,0.0639975
-0.13347774,0.0639975
-0.13327774,0.0319988
-0.13307774,0.0319988
-0.13287774,0.0319988
-0.13267774,0.0319988
-0.13247774,0.0639975
-0.13227774,0.0319988
-0.13207774,0.0639975
-0.13187774,0
-0.13167774,0.0639975
-0.13147774,0.0639975
-0.13127774,0.0319988
-0.13107774,0.0639975
-0.13087774,0.0639975
-0.13067774,0.0639975
-0.13047774,0
-0.13027774,0.0319988
-0.13007774,0
-0.12987774,0.0639975
-0.12967774,0.0639975
-0.12947774,0.0319988
-0.12927774,0.0639975
-0.12907774,0.0639975
-0.12887774,0.0319988
-0.12867774,0.0319988
-0.12847774,0.0639975
-0.12827774,0.0639975
-0.12807774,0.0319988
-0.12787774,0.0639975
-0.12767774,0.0319988
-0.12747774,0.0319988
-0.12727774,0.0319988
-0.12707774,0.0319988
-0.12687774,0.0639975
-0.12667774,0.0319988
-0.12647774,0.0639975
-0.12627774,0.0319988
-0.12607774,0.0319988
-0.12587774,0.0319988
-0.12567774,0.0319988
-0.12547774,0.0639975
-0.12527774,0.0319988
-0.12507774,0.0639975
-0.12487774,0.0319988
-0.12467774,0.0319988
-0.12447774,0.0639975
-0.12427774,0
-0.12407774,0
-0.12387774,0.0319988
-0.12367774,0.0639975
-0.12347774,-0.0319988
-0.12327774,0
-0.12307774,0.0319988
-0.12287774,-0.0319988
-0.12267774,0
-0.12247774,0
-0.12227774,0
-0.12207774,0
-0.12187774,0
-0.12167774,-0.0319988
-0.12147774,-0.0319988
-0.12127774,0
-0.12107774,0.0319988
-0.12087774,0.0319988
-0.12067774,0
-0.12047774,0
-0.12027774,0.0319988
-0.12007774,0.0319988
-0.11987774,0
-0.11967774,0
-0.11947774,0.0319988
-0.11927774,0
-0.11907774,0
-0.11887774,0
-0.11867774,0.0319988
-0.11847774,0
-0.11827774,0.0639975
-0.11807774,0.0319988
-0.11787774,0.0319988
-0.11767774,0
-0.11747774,0.0319988
-0.11727774,0
-0.11707774,0.0319988
-0.11687774,0.0319988
-0.11667774,0
-0.11647774,0.0319988
-0.11627774,0
-0.11607774,0
-0.11587774,0.0319988
-0.11567774,0.0319988
-0.11547774,-0.0319988
-0.11527774,0.0319988
-0.11507774,-0.0319988
-0.11487774,0.0319988
-0.11467774,0.0639975
-0.11447774,-0.0639975
-0.11427774,0.0319988
-0.11407774,0
-0.11387774,0
-0.11367774,0
-0.11347774,0
-0.11327774,0
-0.11307774,0.0319988
-0.11287774,0
-0.11267774,-0.0319988
-0.11247774,0.0319988
-0.11227774,0.0319988
-0.11207774,-0.0319988
-0.11187774,0
-0.11167774,0.0319988
-0.11147774,0.0319988
-0.11127774,0.0319988
-0.11107774,0.0319988
-0.11087774,0
-0.11067774,0.0319988
-0.11047774,0
-0.11027774,-0.0319988
-0.11007774,0.0319988
-0.10987774,0
-0.10967774,0
-0.10947774,0
-0.10927774,0
-0.10907774,0
-0.10887774,0
-0.10867774,0.0319988
-0.10847774,0
-0.10827774,-0.0319988
-0.10807774,0
-0.10787774,-0.0319988
-0.10767774,-0.0319988
-0.10747774,-0.0319988
-0.10727774,-0.0319988
-0.10707774,0
-0.10687774,0
-0.10667774,-0.0639975
-0.10647774,-0.0319988
-0.10627774,0
-0.10607774,-0.0319988
-0.10587774,0.0319988
-0.10567774,0.0319988
-0.10547774,0
-0.10527774,-0.0639975
-0.10507774,0.0319988
-0.10487774,-0.0319988
-0.10467774,-0.0319988
-0.10447774,0
-0.10427774,0.0319988
-0.10407774,0
-0.10387774,0
-0.10367774,0
-0.10347774,0
-0.10327774,-0.0319988
-0.10307774,0
-0.10287774,0
-0.10267774,0.0319988
-0.10247774,0.0319988
-0.10227774,0
-0.10207774,0
-0.10187774,-0.0319988
-0.10167774,0
-0.10147774,0
-0.10127774,-0.0319988
-0.10107774,-0.0319988
-0.10087774,-0.0319988
-0.10067774,0
-0.10047774,-0.0319988
-0.10027774,-0.0319988
-0.10007774,-0.0319988
-0.099877736,0
-0.099677736,0
-0.099477736,-0.0639975
-0.099277736,-0.0319988
-0.099077736,0.0319988
-0.098877736,0
-0.098677736,0
-0.098477736,-0.0319988
-0.098277736,0
-0.098077736,0
-0.097877736,0
-0.097677736,-0.0319988
-0.097477736,-0.0319988
-0.097277736,-0.0319988
-0.097077736,-0.0319988
-0.096877736,0
-0.096677736,0.0319988
-0.096477736,-0.0639975
-0.096277736,-0.0639975
-0.096077736,0
-0.095877736,-0.0639975
-0.095677736,-0.0319988
-0.095477736,-0.0319988
-0.095277736,-0.0639975
-0.095077736,-0.0319988
-0.094877736,0
-0.094677736,-0.0639975
-0.094477736,-0.0319988
-0.094277736,0
-0.094077736,-0.0319988
-0.093877736,-0.0319988
-0.093677736,-0.0639975
-0.093477736,-0.0639975
-0.093277736,0
-0.093077736,0
-0.092877736,-0.0639975
-0.092677736,-0.0319988
-0.092477736,-0.0639975
-0.092277736,-0.0319988
-0.092077736,0
-0.091877736,-0.0319988
-0.091677736,-0.0639975
-0.091477736,-0.0319988
-0.091277736,-0.0319988
-0.091077736,-0.0319988
-0.090877736,-0.0319988
-0.090677736,0.0319988
-0.090477736,-0.0319988
-0.090277736,0.0319988
-0.090077736,0
-0.089877736,-0.0319988
-0.089677736,-0.0319988
-0.089477736,-0.0319988
-0.089277736,0
-0.089077736,-0.0319988
-0.088877736,-0.0319988
-0.088677736,-0.0319988
-0.088477736,-0.0639975
-0.088277736,-0.0319988
-0.088077736,-0.0319988
-0.087877736,0
-0.087677736,-0.0639975
-0.087477736,-0.0639975
-0.087277736,0
-0.087077736,-0.0319988
-0.086877736,-0.0959963
-0.086677736,-0.0319988
-0.086477736,0
-0.086277736,-0.0639975
-0.086077736,-0.0319988
-0.085877736,-0.0319988
-0.085677736,-0.0639975
-0.085477736,-0.0319988
-0.085277736,-0.0959963
-0.085077736,-0.0639975
-0.084877736,0
-0.084677736,0
-0.084477736,-0.0319988
-0.084277736,-0.0639975
-0.084077736,-0.0639975
-0.083877736,-0.0639975
-0.083677736,-0.0639975
-0.083477736,-0.0639975
-0.083277736,-0.0319988
-0.083077736,-0.0319988
-0.082877736,-0.0319988
-0.082677736,-0.0319988
-0.082477736,-0.0639975
-0.082277736,-0.0319988
-0.082077736,-0.0319988
-0.081877736,-0.0639975
-0.081677736,-0.0639975
-0.081477736,-0.127995
-0.081277736,-0.0639975
-0.081077736,-0.0319988
-0.080877736,-0.0959963
-0.080677736,-0.0319988
-0.080477736,-0.0639975
-0.080277736,-0.0959963
-0.080077736,-0.0639975
-0.079877736,-0.0639975
-0.079677736,-0.0959963
-0.079477736,-0.0319988
-0.079277736,-0.0319988
-0.079077736,-0.0959963
-0.078877736,-0.0639975
-0.078677736,0
-0.078477736,-0.0639975
-0.078277736,-0.0639975
-0.078077736,-0.0639975
-0.077877736,-0.0639975
-0.077677736,-0.0319988
-0.077477736,-0.0959963
-0.077277736,-0.0959963
-0.077077736,-0.0959963
-0.076877736,-0.0639975
-0.076677736,-0.0959963
-0.076477736,-0.0959963
-0.076277736,-0.0639975
-0.076077736,-0.0639975
-0.075877736,-0.0639975
-0.075677736,-0.0639975
-0.075477736,-0.127995
-0.075277736,-0.0959963
-0.075077736,-0.0639975
-0.074877736,-0.159994
-0.074677736,-0.0639975
-0.074477736,-0.0959963
-0.074277736,-0.127995
-0.074077736,-0.0639975
-0.073877736,-0.0959963
-0.073677736,-0.127995
-0.073477736,-0.127995
-0.073277736,-0.0639975
-0.073077736,-0.127995
-0.072877736,-0.0959963
-0.072677736,-0.127995
-0.072477736,-0.159994
-0.072277736,-0.127995
-0.072077736,-0.0639975
-0.071877736,-0.127995
-0.071677736,-0.0639975
-0.071477736,-0.0639975
-0.071277736,-0.127995
-0.071077736,-0.0959963
-0.070877736,-0.0959963
-0.070677736,-0.127995
-0.070477736,-0.127995
-0.070277736,-0.127995
-0.070077736,-0.127995
-0.069877736,-0.0639975
-0.069677736,-0.0959963
-0.069477736,-0.127995
-0.069277736,-0.0959963
-0.069077736,-0.0639975
-0.068877736,-0.0959963
-0.068677736,-0.127995
-0.068477736,-0.0959963
-0.068277736,-0.0639975
-0.068077736,-0.127995
-0.067877736,-0.0639975
-0.067677736,-0.127995
-0.067477736,-0.0959963
-0.067277736,-0.0639975
-0.067077736,-0.0959963
-0.066877736,-0.0959963
-0.066677736,-0.0639975
-0.066477736,-0.0959963
-0.066277736,-0.0639975
-0.066077736,-0.0959963
-0.065877736,-0.127995
-0.065677736,-0.127995
-0.065477736,-0.0959963
-0.065277736,-0.127995
-0.065077736,-0.0959963
-0.064877736,-0.0639975
-0.064677736,-0.0959963
-0.064477736,-0.0639975
-0.064277736,-0.0639975
-0.064077736,-0.0959963
-0.063877736,-0.0959963
-0.063677736,-0.0639975
-0.063477736,-0.0959963
-0.063277736,-0.0639975
-0.063077736,-0.0639975
-0.062877736,-0.0959963
-0.062677736,-0.127995
-0.062477736,-0.0959963
-0.062277736,-0.0959963
-0.062077736,-0.0639975
-0.061877736,-0.0639975
-0.061677736,-0.0959963
-0.061477736,-0.0639975
-0.061277736,-0.0319988
-0.061077736,-0.127995
-0.060877736,-0.0959963
-0.060677736,-0.0959963
-0.060477736,-0.0959963
-0.060277736,-0.0959963
-0.060077736,-0.0639975
-0.059877736,-0.127995
-0.059677736,-0.0959963
-0.059477736,-0.0639975
-0.059277736,-0.0959963
-0.059077736,-0.0639975
-0.058877736,-0.127995
-0.058677736,-0.127995
-0.058477736,-0.127995
-0.058277736,-0.0959963
-0.058077736,-0.0959963
-0.057877736,-0.0639975
-0.057677736,-0.0959963
-0.057477736,-0.0959963
-0.057277736,-0.0959963
-0.057077736,-0.0959963
-0.056877736,-0.0959963
-0.056677736,-0.0639975
-0.056477736,-0.0959963
-0.056277736,-0.127995
-0.056077736,-0.0639975
-0.055877736,-0.0639975
-0.055677736,-0.0959963
-0.055477736,-0.0639975
-0.055277736,-0.0959963
-0.055077736,-0.0959963
-0.054877736,-0.127995
-0.054677736,-0.0639975
-0.054477736,-0.127995
-0.054277736,-0.0959963
-0.054077736,-0.0959963
-0.053877736,-0.0959963
-0.053677736,-0.0319988
-0.053477736,-0.0959963
-0.053277736,-0.0959963
-0.053077736,-0.0959963
-0.052877736,-0.0639975
-0.052677736,-0.127995
-0.052477736,-0.0959963
-0.052277736,-0.0639975
-0.052077736,-0.127995
-0.051877736,-0.0639975
-0.051677736,-0.0959963
-0.051477736,-0.127995
-0.051277736,-0.0639975
-0.051077736,-0.0639975
-0.050877736,-0.0639975
-0.050677736,-0.0639975
-0.050477736,-0.0959963
-0.050277736,-0.0959963
-0.050077736,-0.0639975
-0.049877736,-0.0639975
-0.049677736,-0.127995
-0.049477736,-0.0319988
-0.049277736,-0.0639975
-0.049077736,-0.127995
-0.048877736,-0.0959963
-0.048677736,-0.0639975
-0.048477736,-0.0959963
-0.048277736,-0.0959963
-0.048077736,-0.0959963
-0.047877736,-0.0959963
-0.047677736,-0.0639975
-0.047477736,-0.127995
-0.047277736,-0.0639975
-0.047077736,-0.0959963
-0.046877736,-0.0639975
-0.046677736,-0.0959963
-0.046477736,-0.0959963
-0.046277736,-0.0959963
-0.046077736,-0.0959963
-0.045877736,-0.0959963
-0.045677736,-0.0319988
-0.045477736,-0.0959963
-0.045277736,-0.0959963
-0.045077736,-0.0639975
-0.044877736,-0.0959963
-0.044677736,-0.0959963
-0.044477736,-0.0959963
-0.044277736,-0.0959963
-0.044077736,-0.0639975
-0.043877736,-0.0639975
-0.043677736,-0.0959963
-0.043477736,-0.0319988
-0.043277736,-0.0639975
-0.043077736,-0.0959963
-0.042877736,-0.0959963
-0.042677736,-0.0319988
-0.042477736,-0.0639975
-0.042277736,-0.0319988
-0.042077736,-0.0319988
-0.041877736,-0.0639975
-0.041677736,-0.0959963
-0.041477736,-0.0639975
-0.041277736,-0.0959963
-0.041077736,-0.0639975
-0.040877736,-0.0319988
-0.040677736,-0.0639975
-0.040477736,0
-0.040277736,-0.0319988
-0.040077736,-0.0959963
-0.039877736,-0.0319988
-0.039677736,0
-0.039477736,-0.0639975
-0.039277736,-0.0639975
-0.039077736,-0.0639975
-0.038877736,-0.0639975
-0.038677736,0
-0.038477736,0
-0.038277736,-0.0639975
-0.038077736,-0.0319988
-0.037877736,-0.0319988
-0.037677736,-0.0639975
-0.037477736,-0.0319988
-0.037277736,0
-0.037077736,-0.0639975
-0.036877736,-0.0319988
-0.036677736,0
-0.036477736,-0.0319988
-0.036277736,0
-0.036077736,-0.0639975
-0.035877736,-0.0319988
-0.035677736,-0.0319988
-0.035477736,0
-0.035277736,-0.0639975
-0.035077736,0
-0.034877736,-0.0319988
-0.034677736,-0.0639975
-0.034477736,0
-0.034277736,0
-0.034077736,-0.0319988
-0.033877736,0
-0.033677736,0
-0.033477736,-0.0639975
-0.033277736,0
-0.033077736,0
-0.032877736,-0.0319988
-0.032677736,0
-0.032477736,0
-0.032277736,0
-0.032077736,0
-0.031877736,0
-0.031677736,-0.0319988
-0.031477736,0
-0.031277736,0
-0.031077736,-0.0319988
-0.030877736,0
-0.030677736,0.0319988
-0.030477736,0
-0.030277736,0.0319988
-0.030077736,0.0319988
-0.029877736,0
-0.029677736,0
-0.029477736,0.0319988
-0.029277736,0
-0.029077736,0.0319988
-0.028877736,0.0639975
-0.028677736,0.0319988
-0.028477736,0.0319988
-0.028277736,0.0639975
-0.028077736,-0.0319988
-0.027877736,0
-0.027677736,0.0319988
-0.027477736,0.0319988
-0.027277736,0.0319988
-0.027077736,0.0319988
-0.026877736,0
-0.026677736,0.0639975
-0.026477736,0.0319988
-0.026277736,0.0319988
-0.026077736,0.0319988
-0.025877736,0.0319988
-0.025677736,0.0319988
-0.025477736,0.0319988
-0.025277736,0
-0.025077736,0.0319988
-0.024877736,0.0319988
-0.024677736,0.0319988
-0.024477736,0.0319988
-0.024277736,0.0319988
-0.024077736,0.0639975
-0.023877736,0.0319988
-0.023677736,0.0319988
-0.023477736,0.0319988
-0.023277736,0.0319988
-0.023077736,0.0319988
-0.022877736,0.0319988
-0.022677736,0.0319988
-0.022477736,0.0639975
-0.022277736,0.0639975
-0.022077736,0.0639975
-0.021877736,0.0639975
-0.021677736,0.0639975
-0.021477736,0.0319988
-0.021277736,0.0319988
-0.021077736,0.0319988
-0.020877736,0.0319988
-0.020677736,0.0639975
-0.020477736,0.0639975
-0.020277736,0
-0.020077736,0.0319988
-0.019877736,0.0639975
-0.019677736,0
-0.019477736,0.0639975
-0.019277736,-0.0319988
-0.019077736,0.0319988
-0.018877736,0.0639975
-0.018677736,0.0639975
-0.018477736,0.0319988
-0.018277736,0.0319988
-0.018077736,0.0319988
-0.017877736,0
-0.017677736,0.0639975
-0.017477736,0.0639975
-0.017277736,0.0639975
-0.017077736,0.0639975
-0.016877736,0.0639975
-0.016677736,0.0639975
-0.016477736,0.0959963
-0.016277736,0.0319988
-0.016077736,0.0639975
-0.015877736,0.0639975
-0.015677736,0.0959963
-0.015477736,0.0639975
-0.015277736,0.0639975
-0.015077736,0.0639975
-0.014877736,0.0639975
-0.014677736,0.0639975
-0.014477736,0.0959963
-0.014277736,0.0319988
-0.014077736,0.0639975
-0.013877736,0.0639975
-0.013677736,0.0319988
-0.013477736,0.0959963
-0.013277736,0.0639975
-0.013077736,0.0959963
-0.012877736,0.0639975
-0.012677736,0.0639975
-0.012477736,0.0639975
-0.012277736,0.0639975
-0.012077736,0.127995
-0.011877736,0.0959963
-0.011677736,0.0959963
-0.011477736,0.0959963
-0.011277736,0.0639975
-0.011077736,0.0959963
-0.010877736,0.0639975
-0.010677736,0.0639975
-0.010477736,0.0959963
-0.010277736,0.0639975
-0.010077736,0.127995
-0.0098777357,0.0959963
-0.0096777357,0.0959963
-0.0094777357,0.0959963
-0.0092777357,0.127995
-0.0090777357,0.127995
-0.0088777357,0.0639975
-0.0086777357,0.0959963
-0.0084777357,0.0959963
-0.0082777357,0.0959963
-0.0080777357,0.0959963
-0.0078777357,0.0959963
-0.0076777357,0.0959963
-0.0074777357,0.127995
-0.0072777357,0.0639975
-0.0070777357,0.127995
-0.0068777357,0.127995
-0.0066777357,0.159994
-0.0064777357,0.127995
-0.0062777357,0.127995
-0.0060777357,0.127995
-0.0058777357,0.127995
-0.0056777357,0.0959963
-0.0054777357,0.127995
-0.0052777357,0.159994
-0.0050777357,0.127995
-0.0048777357,0.127995
-0.0046777357,0.127995
-0.0044777357,0.127995
-0.0042777357,0.159994
-0.0040777357,0.127995
-0.0038777357,0.127995
-0.0036777357,0.159994
-0.0034777357,0.159994
-0.0032777357,0.159994
-0.0030777357,0.191993
-0.0028777357,0.191993
-0.0026777357,0.159994
-0.0024777357,0.159994
-0.0022777357,0.159994
-0.0020777357,0.191993
-0.0018777357,0.159994
-0.0016777357,0.127995
-0.0014777357,0.159994
-0.0012777357,0.191993
-0.0010777357,0.191993
-0.00087773571,0.191993
-0.00067773571,0.159994
-0.00047773571,0.127995
-0.00027773571,0.159994
-7.7735705e-005,0.159994
0.00012226429,0.127995
