LECROYWS42Xs,24809,Waveform
Segments,1,SegmentSize,10002
Segment,TrigTime,TimeSinceSegment1
#1,19-Feb-2003 03:30:15,0                 
Time,Ampl
-2.0001377,-0.223991
-1.9999377,-0.25599
-1.9997377,-0.159994
-1.9995377,-0.25599
-1.9993377,-0.25599
-1.9991377,-0.159994
-1.9989377,-0.191993
-1.9987377,-0.25599
-1.9985377,-0.223991
-1.9983377,-0.223991
-1.9981377,-0.223991
-1.9979377,-0.191993
-1.9977377,-0.223991
-1.9975377,-0.25599
-1.9973377,-0.191993
-1.9971377,-0.25599
-1.9969377,-0.223991
-1.9967377,-0.223991
-1.9965377,-0.223991
-1.9963377,-0.223991
-1.9961377,-0.223991
-1.9959377,-0.223991
-1.9957377,-0.25599
-1.9955377,-0.223991
-1.9953377,-0.25599
-1.9951377,-0.25599
-1.9949377,-0.25599
-1.9947377,-0.223991
-1.9945377,-0.223991
-1.9943377,-0.223991
-1.9941377,-0.25599
-1.9939377,-0.25599
-1.9937377,-0.223991
-1.9935377,-0.25599
-1.9933377,-0.25599
-1.9931377,-0.191993
-1.9929377,-0.25599
-1.9927377,-0.25599
-1.9925377,-0.223991
-1.9923377,-0.223991
-1.9921377,-0.25599
-1.9919377,-0.223991
-1.9917377,-0.223991
-1.9915377,-0.223991
-1.9913377,-0.223991
-1.9911377,-0.223991
-1.9909377,-0.223991
-1.9907377,-0.223991
-1.9905377,-0.223991
-1.9903377,-0.191993
-1.9901377,-0.223991
-1.9899377,-0.223991
-1.9897377,-0.25599
-1.9895377,-0.191993
-1.9893377,-0.287989
-1.9891377,-0.223991
-1.9889377,-0.191993
-1.9887377,-0.25599
-1.9885377,-0.223991
-1.9883377,-0.191993
-1.9881377,-0.223991
-1.9879377,-0.25599
-1.9877377,-0.191993
-1.9875377,-0.223991
-1.9873377,-0.223991
-1.9871377,-0.223991
-1.9869377,-0.223991
-1.9867377,-0.223991
-1.9865377,-0.191993
-1.9863377,-0.223991
-1.9861377,-0.25599
-1.9859377,-0.25599
-1.9857377,-0.223991
-1.9855377,-0.191993
-1.9853377,-0.191993
-1.9851377,-0.223991
-1.9849377,-0.223991
-1.9847377,-0.191993
-1.9845377,-0.25599
-1.9843377,-0.25599
-1.9841377,-0.191993
-1.9839377,-0.223991
-1.9837377,-0.191993
-1.9835377,-0.191993
-1.9833377,-0.223991
-1.9831377,-0.223991
-1.9829377,-0.191993
-1.9827377,-0.191993
-1.9825377,-0.223991
-1.9823377,-0.191993
-1.9821377,-0.223991
-1.9819377,-0.223991
-1.9817377,-0.191993
-1.9815377,-0.223991
-1.9813377,-0.25599
-1.9811377,-0.191993
-1.9809377,-0.191993
-1.9807377,-0.191993
-1.9805377,-0.223991
-1.9803377,-0.25599
-1.9801377,-0.223991
-1.9799377,-0.191993
-1.9797377,-0.223991
-1.9795377,-0.191993
-1.9793377,-0.159994
-1.9791377,-0.191993
-1.9789377,-0.191993
-1.9787377,-0.159994
-1.9785377,-0.191993
-1.9783377,-0.191993
-1.9781377,-0.159994
-1.9779377,-0.223991
-1.9777377,-0.191993
-1.9775377,-0.127995
-1.9773377,-0.159994
-1.9771377,-0.191993
-1.9769377,-0.191993
-1.9767377,-0.159994
-1.9765377,-0.159994
-1.9763377,-0.159994
-1.9761377,-0.159994
-1.9759377,-0.191993
-1.9757377,-0.191993
-1.9755377,-0.191993
-1.9753377,-0.127995
-1.9751377,-0.159994
-1.9749377,-0.159994
-1.9747377,-0.159994
-1.9745377,-0.127995
-1.9743377,-0.191993
-1.9741377,-0.191993
-1.9739377,-0.159994
-1.9737377,-0.159994
-1.9735377,-0.159994
-1.9733377,-0.191993
-1.9731377,-0.223991
-1.9729377,-0.159994
-1.9727377,-0.159994
-1.9725377,-0.159994
-1.9723377,-0.159994
-1.9721377,-0.191993
-1.9719377,-0.191993
-1.9717377,-0.159994
-1.9715377,-0.159994
-1.9713377,-0.191993
-1.9711377,-0.191993
-1.9709377,-0.159994
-1.9707377,-0.191993
-1.9705377,-0.159994
-1.9703377,-0.191993
-1.9701377,-0.159994
-1.9699377,-0.191993
-1.9697377,-0.191993
-1.9695377,-0.191993
-1.9693377,-0.159994
-1.9691377,-0.191993
-1.9689377,-0.191993
-1.9687377,-0.159994
-1.9685377,-0.127995
-1.9683377,-0.159994
-1.9681377,-0.159994
-1.9679377,-0.191993
-1.9677377,-0.191993
-1.9675377,-0.191993
-1.9673377,-0.159994
-1.9671377,-0.191993
-1.9669377,-0.127995
-1.9667377,-0.191993
-1.9665377,-0.223991
-1.9663377,-0.191993
-1.9661377,-0.159994
-1.9659377,-0.159994
-1.9657377,-0.159994
-1.9655377,-0.127995
-1.9653377,-0.191993
-1.9651377,-0.159994
-1.9649377,-0.159994
-1.9647377,-0.159994
-1.9645377,-0.159994
-1.9643377,-0.127995
-1.9641377,-0.191993
-1.9639377,-0.159994
-1.9637377,-0.159994
-1.9635377,-0.159994
-1.9633377,-0.191993
-1.9631377,-0.159994
-1.9629377,-0.159994
-1.9627377,-0.127995
-1.9625377,-0.127995
-1.9623377,-0.191993
-1.9621377,-0.159994
-1.9619377,-0.159994
-1.9617377,-0.159994
-1.9615377,-0.159994
-1.9613377,-0.191993
-1.9611377,-0.159994
-1.9609377,-0.191993
-1.9607377,-0.159994
-1.9605377,-0.191993
-1.9603377,-0.159994
-1.9601377,-0.127995
-1.9599377,-0.159994
-1.9597377,-0.159994
-1.9595377,-0.0959963
-1.9593377,-0.159994
-1.9591377,-0.159994
-1.9589377,-0.127995
-1.9587377,-0.159994
-1.9585377,-0.159994
-1.9583377,-0.127995
-1.9581377,-0.191993
-1.9579377,-0.159994
-1.9577377,-0.159994
-1.9575377,-0.127995
-1.9573377,-0.159994
-1.9571377,-0.0959963
-1.9569377,-0.191993
-1.9567377,-0.159994
-1.9565377,-0.0959963
-1.9563377,-0.159994
-1.9561377,-0.127995
-1.9559377,-0.159994
-1.9557377,-0.159994
-1.9555377,-0.159994
-1.9553377,-0.127995
-1.9551377,-0.159994
-1.9549377,-0.127995
-1.9547377,-0.127995
-1.9545377,-0.159994
-1.9543377,-0.159994
-1.9541377,-0.127995
-1.9539377,-0.127995
-1.9537377,-0.127995
-1.9535377,-0.127995
-1.9533377,-0.159994
-1.9531377,-0.127995
-1.9529377,-0.159994
-1.9527377,-0.159994
-1.9525377,-0.127995
-1.9523377,-0.127995
-1.9521377,-0.127995
-1.9519377,-0.159994
-1.9517377,-0.127995
-1.9515377,-0.159994
-1.9513377,-0.159994
-1.9511377,-0.127995
-1.9509377,-0.159994
-1.9507377,-0.159994
-1.9505377,-0.127995
-1.9503377,-0.223991
-1.9501377,-0.159994
-1.9499377,-0.191993
-1.9497377,-0.127995
-1.9495377,-0.127995
-1.9493377,-0.159994
-1.9491377,-0.191993
-1.9489377,-0.191993
-1.9487377,-0.191993
-1.9485377,-0.191993
-1.9483377,-0.191993
-1.9481377,-0.159994
-1.9479377,-0.223991
-1.9477377,-0.159994
-1.9475377,-0.159994
-1.9473377,-0.191993
-1.9471377,-0.191993
-1.9469377,-0.159994
-1.9467377,-0.223991
-1.9465377,-0.159994
-1.9463377,-0.159994
-1.9461377,-0.223991
-1.9459377,-0.191993
-1.9457377,-0.159994
-1.9455377,-0.191993
-1.9453377,-0.127995
-1.9451377,-0.127995
-1.9449377,-0.191993
-1.9447377,-0.159994
-1.9445377,-0.127995
-1.9443377,-0.223991
-1.9441377,-0.127995
-1.9439377,-0.159994
-1.9437377,-0.191993
-1.9435377,-0.191993
-1.9433377,-0.0959963
-1.9431377,-0.159994
-1.9429377,-0.223991
-1.9427377,-0.159994
-1.9425377,-0.159994
-1.9423377,-0.159994
-1.9421377,-0.127995
-1.9419377,-0.159994
-1.9417377,-0.159994
-1.9415377,-0.159994
-1.9413377,-0.127995
-1.9411377,-0.127995
-1.9409377,-0.159994
-1.9407377,-0.159994
-1.9405377,-0.159994
-1.9403377,-0.159994
-1.9401377,-0.191993
-1.9399377,-0.127995
-1.9397377,-0.127995
-1.9395377,-0.159994
-1.9393377,-0.191993
-1.9391377,-0.127995
-1.9389377,-0.191993
-1.9387377,-0.127995
-1.9385377,-0.127995
-1.9383377,-0.127995
-1.9381377,-0.191993
-1.9379377,-0.127995
-1.9377377,-0.191993
-1.9375377,-0.127995
-1.9373377,-0.0959963
-1.9371377,-0.159994
-1.9369377,-0.159994
-1.9367377,-0.127995
-1.9365377,-0.159994
-1.9363377,-0.0959963
-1.9361377,-0.127995
-1.9359377,-0.127995
-1.9357377,-0.127995
-1.9355377,-0.159994
-1.9353377,-0.159994
-1.9351377,-0.159994
-1.9349377,-0.159994
-1.9347377,-0.191993
-1.9345377,-0.127995
-1.9343377,-0.159994
-1.9341377,-0.191993
-1.9339377,-0.191993
-1.9337377,-0.127995
-1.9335377,-0.159994
-1.9333377,-0.127995
-1.9331377,-0.0959963
-1.9329377,-0.127995
-1.9327377,-0.127995
-1.9325377,-0.127995
-1.9323377,-0.159994
-1.9321377,-0.159994
-1.9319377,-0.127995
-1.9317377,-0.159994
-1.9315377,-0.159994
-1.9313377,-0.127995
-1.9311377,-0.159994
-1.9309377,-0.127995
-1.9307377,-0.127995
-1.9305377,-0.191993
-1.9303377,-0.159994
-1.9301377,-0.127995
-1.9299377,-0.159994
-1.9297377,-0.159994
-1.9295377,-0.191993
-1.9293377,-0.0959963
-1.9291377,-0.159994
-1.9289377,-0.159994
-1.9287377,-0.159994
-1.9285377,-0.159994
-1.9283377,-0.127995
-1.9281377,-0.127995
-1.9279377,-0.0959963
-1.9277377,-0.127995
-1.9275377,-0.159994
-1.9273377,-0.159994
-1.9271377,-0.127995
-1.9269377,-0.159994
-1.9267377,-0.127995
-1.9265377,-0.0959963
-1.9263377,-0.223991
-1.9261377,-0.159994
-1.9259377,-0.191993
-1.9257377,-0.159994
-1.9255377,-0.159994
-1.9253377,-0.127995
-1.9251377,-0.127995
-1.9249377,-0.159994
-1.9247377,-0.127995
-1.9245377,-0.191993
-1.9243377,-0.159994
-1.9241377,-0.159994
-1.9239377,-0.191993
-1.9237377,-0.159994
-1.9235377,-0.127995
-1.9233377,-0.191993
-1.9231377,-0.159994
-1.9229377,-0.0959963
-1.9227377,-0.159994
-1.9225377,-0.159994
-1.9223377,-0.159994
-1.9221377,-0.159994
-1.9219377,-0.191993
-1.9217377,-0.127995
-1.9215377,-0.191993
-1.9213377,-0.159994
-1.9211377,-0.159994
-1.9209377,-0.191993
-1.9207377,-0.191993
-1.9205377,-0.127995
-1.9203377,-0.159994
-1.9201377,-0.159994
-1.9199377,-0.127995
-1.9197377,-0.191993
-1.9195377,-0.159994
-1.9193377,-0.159994
-1.9191377,-0.159994
-1.9189377,-0.159994
-1.9187377,-0.159994
-1.9185377,-0.191993
-1.9183377,-0.159994
-1.9181377,-0.159994
-1.9179377,-0.127995
-1.9177377,-0.159994
-1.9175377,-0.127995
-1.9173377,-0.191993
-1.9171377,-0.159994
-1.9169377,-0.159994
-1.9167377,-0.159994
-1.9165377,-0.127995
-1.9163377,-0.159994
-1.9161377,-0.191993
-1.9159377,-0.127995
-1.9157377,-0.159994
-1.9155377,-0.191993
-1.9153377,-0.159994
-1.9151377,-0.159994
-1.9149377,-0.159994
-1.9147377,-0.191993
-1.9145377,-0.159994
-1.9143377,-0.191993
-1.9141377,-0.191993
-1.9139377,-0.159994
-1.9137377,-0.159994
-1.9135377,-0.159994
-1.9133377,-0.191993
-1.9131377,-0.159994
-1.9129377,-0.191993
-1.9127377,-0.159994
-1.9125377,-0.159994
-1.9123377,-0.159994
-1.9121377,-0.127995
-1.9119377,-0.191993
-1.9117377,-0.127995
-1.9115377,-0.191993
-1.9113377,-0.191993
-1.9111377,-0.159994
-1.9109377,-0.159994
-1.9107377,-0.191993
-1.9105377,-0.191993
-1.9103377,-0.159994
-1.9101377,-0.159994
-1.9099377,-0.159994
-1.9097377,-0.191993
-1.9095377,-0.159994
-1.9093377,-0.159994
-1.9091377,-0.159994
-1.9089377,-0.159994
-1.9087377,-0.191993
-1.9085377,-0.159994
-1.9083377,-0.191993
-1.9081377,-0.127995
-1.9079377,-0.159994
-1.9077377,-0.159994
-1.9075377,-0.159994
-1.9073377,-0.159994
-1.9071377,-0.223991
-1.9069377,-0.0959963
-1.9067377,-0.127995
-1.9065377,-0.159994
-1.9063377,-0.159994
-1.9061377,-0.159994
-1.9059377,-0.159994
-1.9057377,-0.191993
-1.9055377,-0.0959963
-1.9053377,-0.191993
-1.9051377,-0.159994
-1.9049377,-0.127995
-1.9047377,-0.159994
-1.9045377,-0.159994
-1.9043377,-0.127995
-1.9041377,-0.159994
-1.9039377,-0.127995
-1.9037377,-0.127995
-1.9035377,-0.159994
-1.9033377,-0.191993
-1.9031377,-0.127995
-1.9029377,-0.159994
-1.9027377,-0.191993
-1.9025377,-0.127995
-1.9023377,-0.159994
-1.9021377,-0.127995
-1.9019377,-0.127995
-1.9017377,-0.127995
-1.9015377,-0.159994
-1.9013377,-0.159994
-1.9011377,-0.127995
-1.9009377,-0.127995
-1.9007377,-0.0959963
-1.9005377,-0.159994
-1.9003377,-0.159994
-1.9001377,-0.127995
-1.8999377,-0.127995
-1.8997377,-0.127995
-1.8995377,-0.159994
-1.8993377,-0.127995
-1.8991377,-0.127995
-1.8989377,-0.127995
-1.8987377,-0.159994
-1.8985377,-0.159994
-1.8983377,-0.0959963
-1.8981377,-0.191993
-1.8979377,-0.159994
-1.8977377,-0.127995
-1.8975377,-0.159994
-1.8973377,-0.127995
-1.8971377,-0.127995
-1.8969377,-0.127995
-1.8967377,-0.159994
-1.8965377,-0.0959963
-1.8963377,-0.0959963
-1.8961377,-0.127995
-1.8959377,-0.127995
-1.8957377,-0.127995
-1.8955377,-0.127995
-1.8953377,-0.127995
-1.8951377,-0.0959963
-1.8949377,-0.127995
-1.8947377,-0.0959963
-1.8945377,-0.0959963
-1.8943377,-0.0959963
-1.8941377,-0.0959963
-1.8939377,-0.127995
-1.8937377,-0.0959963
-1.8935377,-0.0959963
-1.8933377,-0.127995
-1.8931377,-0.0959963
-1.8929377,-0.0959963
-1.8927377,-0.127995
-1.8925377,-0.0639975
-1.8923377,-0.127995
-1.8921377,-0.127995
-1.8919377,-0.0959963
-1.8917377,-0.0959963
-1.8915377,-0.0959963
-1.8913377,-0.0959963
-1.8911377,-0.0959963
-1.8909377,-0.127995
-1.8907377,-0.0959963
-1.8905377,-0.0959963
-1.8903377,-0.0959963
-1.8901377,-0.127995
-1.8899377,-0.0639975
-1.8897377,-0.159994
-1.8895377,-0.0959963
-1.8893377,-0.0959963
-1.8891377,-0.127995
-1.8889377,-0.0639975
-1.8887377,-0.0639975
-1.8885377,-0.127995
-1.8883377,-0.0639975
-1.8881377,-0.0959963
-1.8879377,-0.0959963
-1.8877377,-0.0959963
-1.8875377,-0.0639975
-1.8873377,-0.127995
-1.8871377,-0.0959963
-1.8869377,-0.0319988
-1.8867377,-0.0959963
-1.8865377,-0.0959963
-1.8863377,-0.0959963
-1.8861377,-0.0639975
-1.8859377,-0.0959963
-1.8857377,-0.127995
-1.8855377,-0.159994
-1.8853377,-0.0959963
-1.8851377,-0.0959963
-1.8849377,-0.127995
-1.8847377,-0.0959963
-1.8845377,-0.0639975
-1.8843377,-0.0639975
-1.8841377,-0.0639975
-1.8839377,-0.0959963
-1.8837377,-0.0959963
-1.8835377,-0.0959963
-1.8833377,-0.0639975
-1.8831377,-0.0639975
-1.8829377,-0.0959963
-1.8827377,-0.0319988
-1.8825377,-0.0319988
-1.8823377,-0.0319988
-1.8821377,-0.0319988
-1.8819377,-0.0639975
-1.8817377,-0.0959963
-1.8815377,-0.0959963
-1.8813377,-0.0639975
-1.8811377,-0.0319988
-1.8809377,-0.0639975
-1.8807377,-0.0639975
-1.8805377,0
-1.8803377,-0.0319988
-1.8801377,-0.0639975
-1.8799377,-0.0639975
-1.8797377,-0.0319988
-1.8795377,-0.0639975
-1.8793377,-0.0319988
-1.8791377,0
-1.8789377,-0.0319988
-1.8787377,-0.0319988
-1.8785377,0.0319988
-1.8783377,-0.0319988
-1.8781377,-0.0319988
-1.8779377,0
-1.8777377,0
-1.8775377,0
-1.8773377,0.0319988
-1.8771377,-0.0319988
-1.8769377,0
-1.8767377,0
-1.8765377,0
-1.8763377,0
-1.8761377,0
-1.8759377,-0.0319988
-1.8757377,0.0319988
-1.8755377,0.0639975
-1.8753377,-0.0319988
-1.8751377,0
-1.8749377,0
-1.8747377,0.0319988
-1.8745377,-0.0319988
-1.8743377,0.0319988
-1.8741377,0
-1.8739377,0.0319988
-1.8737377,0.0319988
-1.8735377,-0.0319988
-1.8733377,0
-1.8731377,0.0319988
-1.8729377,-0.0319988
-1.8727377,0.0639975
-1.8725377,0.0319988
-1.8723377,0
-1.8721377,0.0319988
-1.8719377,0
-1.8717377,0
-1.8715377,0.0319988
-1.8713377,-0.0319988
-1.8711377,0
-1.8709377,0.0319988
-1.8707377,0.0319988
-1.8705377,0
-1.8703377,0.0319988
-1.8701377,0
-1.8699377,0.0319988
-1.8697377,0
-1.8695377,0.0319988
-1.8693377,0.0639975
-1.8691377,0
-1.8689377,0.0319988
-1.8687377,0.0319988
-1.8685377,0.0319988
-1.8683377,0.0319988
-1.8681377,0.0319988
-1.8679377,0.0319988
-1.8677377,0.0319988
-1.8675377,0
-1.8673377,0
-1.8671377,0.0319988
-1.8669377,0.0319988
-1.8667377,0.0319988
-1.8665377,0.0319988
-1.8663377,0
-1.8661377,0.0319988
-1.8659377,0
-1.8657377,0.0319988
-1.8655377,0
-1.8653377,-0.0319988
-1.8651377,-0.0319988
-1.8649377,0
-1.8647377,0
-1.8645377,0
-1.8643377,0.0319988
-1.8641377,0.0319988
-1.8639377,0
-1.8637377,0.0319988
-1.8635377,0
-1.8633377,0
-1.8631377,0.0319988
-1.8629377,0
-1.8627377,0
-1.8625377,0
-1.8623377,0.0319988
-1.8621377,-0.0319988
-1.8619377,0.0319988
-1.8617377,0.0319988
-1.8615377,-0.0639975
-1.8613377,0.0319988
-1.8611377,0
-1.8609377,0
-1.8607377,0
-1.8605377,0.0319988
-1.8603377,0
-1.8601377,0
-1.8599377,0.0319988
-1.8597377,0.0319988
-1.8595377,0
-1.8593377,0.0639975
-1.8591377,-0.0319988
-1.8589377,0.0319988
-1.8587377,0.0319988
-1.8585377,-0.0319988
-1.8583377,0.0319988
-1.8581377,0.0319988
-1.8579377,0.0319988
-1.8577377,-0.0319988
-1.8575377,0.0319988
-1.8573377,0.0319988
-1.8571377,0
-1.8569377,0.0319988
-1.8567377,0
-1.8565377,0.0319988
-1.8563377,0.0639975
-1.8561377,0
-1.8559377,0.0319988
-1.8557377,0.0639975
-1.8555377,0.0319988
-1.8553377,0.0319988
-1.8551377,0.0319988
-1.8549377,0
-1.8547377,0.0319988
-1.8545377,0.0639975
-1.8543377,0
-1.8541377,0.0319988
-1.8539377,0.0319988
-1.8537377,0.0319988
-1.8535377,0.0639975
-1.8533377,0.0639975
-1.8531377,0.0319988
-1.8529377,0.0319988
-1.8527377,0.0319988
-1.8525377,0.0319988
-1.8523377,0.0959963
-1.8521377,0.0639975
-1.8519377,0.0639975
-1.8517377,0.0319988
-1.8515377,0.0639975
-1.8513377,0.0319988
-1.8511377,0.0639975
-1.8509377,0.0639975
-1.8507377,0
-1.8505377,0.0639975
-1.8503377,0.0639975
-1.8501377,0.0639975
-1.8499377,0.0319988
-1.8497377,0.0639975
-1.8495377,0.0639975
-1.8493377,0.0319988
-1.8491377,0.0319988
-1.8489377,0.0319988
-1.8487377,0.0319988
-1.8485377,0.0639975
-1.8483377,0
-1.8481377,0.0639975
-1.8479377,0.0319988
-1.8477377,0.0319988
-1.8475377,0.0639975
-1.8473377,0.0639975
-1.8471377,0.0639975
-1.8469377,0.0319988
-1.8467377,0.0319988
-1.8465377,0.0319988
-1.8463377,0.0319988
-1.8461377,0.0639975
-1.8459377,0.0319988
-1.8457377,0.0319988
-1.8455377,0.0959963
-1.8453377,0.0319988
-1.8451377,0.0319988
-1.8449377,0.0639975
-1.8447377,0.0319988
-1.8445377,0.0639975
-1.8443377,0.0639975
-1.8441377,0.0319988
-1.8439377,0.0319988
-1.8437377,0.0639975
-1.8435377,0.0319988
-1.8433377,0.0319988
-1.8431377,0.0639975
-1.8429377,0
-1.8427377,0.0639975
-1.8425377,0.0319988
-1.8423377,0.0319988
-1.8421377,0.0639975
-1.8419377,0.0639975
-1.8417377,0.0639975
-1.8415377,0.0639975
-1.8413377,0.0639975
-1.8411377,0.0319988
-1.8409377,0.0319988
-1.8407377,0.0639975
-1.8405377,0
-1.8403377,0.0639975
-1.8401377,0.0639975
-1.8399377,0.0639975
-1.8397377,0.0319988
-1.8395377,0.0639975
-1.8393377,0.0639975
-1.8391377,0.0959963
-1.8389377,0.0319988
-1.8387377,0.0639975
-1.8385377,0.0959963
-1.8383377,0.0639975
-1.8381377,0.0639975
-1.8379377,0.0639975
-1.8377377,0.0319988
-1.8375377,0.0319988
-1.8373377,0.0319988
-1.8371377,0.0639975
-1.8369377,0.0319988
-1.8367377,0.0319988
-1.8365377,0.0639975
-1.8363377,0.0319988
-1.8361377,0
-1.8359377,0
-1.8357377,0.0639975
-1.8355377,0.0639975
-1.8353377,0.0639975
-1.8351377,0.0639975
-1.8349377,0.0959963
-1.8347377,0.0319988
-1.8345377,0
-1.8343377,0.0639975
-1.8341377,0.0639975
-1.8339377,0.0639975
-1.8337377,0.0639975
-1.8335377,0.0639975
-1.8333377,0
-1.8331377,0.0319988
-1.8329377,0
-1.8327377,0.0319988
-1.8325377,0
-1.8323377,0.0639975
-1.8321377,0.0319988
-1.8319377,0.0639975
-1.8317377,0.0639975
-1.8315377,0
-1.8313377,0.0319988
-1.8311377,0.0639975
-1.8309377,0.0319988
-1.8307377,0
-1.8305377,0.0639975
-1.8303377,0.0319988
-1.8301377,0
-1.8299377,0.0319988
-1.8297377,0.0319988
-1.8295377,0
-1.8293377,0.0639975
-1.8291377,0.0319988
-1.8289377,0.0319988
-1.8287377,0.0319988
-1.8285377,0.0319988
-1.8283377,0
-1.8281377,0.0319988
-1.8279377,0
-1.8277377,0.0319988
-1.8275377,0.0319988
-1.8273377,0.0319988
-1.8271377,0
-1.8269377,0.0639975
-1.8267377,-0.0319988
-1.8265377,0
-1.8263377,0
-1.8261377,-0.0319988
-1.8259377,0.0639975
-1.8257377,0
-1.8255377,-0.0319988
-1.8253377,0
-1.8251377,0.0319988
-1.8249377,0
-1.8247377,0
-1.8245377,0
-1.8243377,0
-1.8241377,-0.0639975
-1.8239377,-0.0319988
-1.8237377,-0.0639975
-1.8235377,-0.0319988
-1.8233377,-0.0319988
-1.8231377,-0.0639975
-1.8229377,-0.0319988
-1.8227377,0
-1.8225377,-0.0319988
-1.8223377,-0.0319988
-1.8221377,-0.0319988
-1.8219377,-0.0319988
-1.8217377,-0.0319988
-1.8215377,0
-1.8213377,-0.0639975
-1.8211377,-0.0319988
-1.8209377,-0.0319988
-1.8207377,0.0319988
-1.8205377,0
-1.8203377,-0.0319988
-1.8201377,-0.0959963
-1.8199377,-0.0639975
-1.8197377,-0.0639975
-1.8195377,-0.0639975
-1.8193377,-0.0319988
-1.8191377,-0.0639975
-1.8189377,-0.0639975
-1.8187377,-0.0639975
-1.8185377,-0.0639975
-1.8183377,-0.0639975
-1.8181377,-0.0639975
-1.8179377,-0.0319988
-1.8177377,-0.0639975
-1.8175377,-0.0319988
-1.8173377,-0.0319988
-1.8171377,-0.0639975
-1.8169377,-0.0639975
-1.8167377,0
-1.8165377,-0.0639975
-1.8163377,-0.0319988
-1.8161377,-0.0319988
-1.8159377,-0.0639975
-1.8157377,-0.0319988
-1.8155377,0
-1.8153377,0
-1.8151377,-0.0319988
-1.8149377,-0.0319988
-1.8147377,-0.0639975
-1.8145377,-0.0319988
-1.8143377,-0.0319988
-1.8141377,-0.0639975
-1.8139377,-0.0639975
-1.8137377,0
-1.8135377,-0.0639975
-1.8133377,-0.0319988
-1.8131377,0
-1.8129377,-0.0639975
-1.8127377,0
-1.8125377,-0.0319988
-1.8123377,-0.0639975
-1.8121377,-0.0639975
-1.8119377,-0.0319988
-1.8117377,-0.0639975
-1.8115377,-0.0319988
-1.8113377,-0.0319988
-1.8111377,-0.0639975
-1.8109377,-0.0639975
-1.8107377,0
-1.8105377,-0.0319988
-1.8103377,-0.0319988
-1.8101377,-0.0319988
-1.8099377,-0.0639975
-1.8097377,0
-1.8095377,-0.0319988
-1.8093377,-0.0319988
-1.8091377,-0.0319988
-1.8089377,-0.0319988
-1.8087377,-0.0639975
-1.8085377,0.0319988
-1.8083377,-0.0319988
-1.8081377,-0.0959963
-1.8079377,0
-1.8077377,0
-1.8075377,-0.0319988
-1.8073377,-0.0319988
-1.8071377,0
-1.8069377,-0.0319988
-1.8067377,-0.0319988
-1.8065377,0
-1.8063377,-0.0319988
-1.8061377,-0.0319988
-1.8059377,0
-1.8057377,-0.0639975
-1.8055377,0
-1.8053377,0
-1.8051377,0
-1.8049377,0
-1.8047377,0
-1.8045377,0
-1.8043377,0
-1.8041377,0.0319988
-1.8039377,0
-1.8037377,0
-1.8035377,0.0319988
-1.8033377,0
-1.8031377,0.0639975
-1.8029377,0.0319988
-1.8027377,0
-1.8025377,0.0319988
-1.8023377,0.0319988
-1.8021377,-0.0319988
-1.8019377,0.0319988
-1.8017377,0.0639975
-1.8015377,0
-1.8013377,0
-1.8011377,0.0319988
-1.8009377,0.0319988
-1.8007377,0.0639975
-1.8005377,0.0319988
-1.8003377,0
-1.8001377,0.0319988
-1.7999377,0.0639975
-1.7997377,0.0319988
-1.7995377,0
-1.7993377,0.0319988
-1.7991377,0.0639975
-1.7989377,0.0639975
-1.7987377,0.0639975
-1.7985377,0.0319988
-1.7983377,0.0639975
-1.7981377,0.0639975
-1.7979377,0.0639975
-1.7977377,0.0959963
-1.7975377,0.0639975
-1.7973377,0.0639975
-1.7971377,0.0959963
-1.7969377,0.0959963
-1.7967377,0.0639975
-1.7965377,0.0959963
-1.7963377,0.0639975
-1.7961377,0.0639975
-1.7959377,0.0319988
-1.7957377,0.0639975
-1.7955377,0.0319988
-1.7953377,0.0959963
-1.7951377,0.0959963
-1.7949377,0.0959963
-1.7947377,0.0639975
-1.7945377,0.0639975
-1.7943377,0.0639975
-1.7941377,0.0639975
-1.7939377,0.0639975
-1.7937377,0.0959963
-1.7935377,0.127995
-1.7933377,0.127995
-1.7931377,0.0959963
-1.7929377,0.127995
-1.7927377,0.0959963
-1.7925377,0.0639975
-1.7923377,0.0959963
-1.7921377,0.0959963
-1.7919377,0.0959963
-1.7917377,0.0959963
-1.7915377,0.0959963
-1.7913377,0.127995
-1.7911377,0.191993
-1.7909377,0.0959963
-1.7907377,0.127995
-1.7905377,0.127995
-1.7903377,0.127995
-1.7901377,0.127995
-1.7899377,0.0959963
-1.7897377,0.127995
-1.7895377,0.159994
-1.7893377,0.159994
-1.7891377,0.159994
-1.7889377,0.127995
-1.7887377,0.127995
-1.7885377,0.127995
-1.7883377,0.0959963
-1.7881377,0.127995
-1.7879377,0.127995
-1.7877377,0.127995
-1.7875377,0.127995
-1.7873377,0.127995
-1.7871377,0.127995
-1.7869377,0.127995
-1.7867377,0.159994
-1.7865377,0.127995
-1.7863377,0.127995
-1.7861377,0.159994
-1.7859377,0.159994
-1.7857377,0.127995
-1.7855377,0.127995
-1.7853377,0.159994
-1.7851377,0.159994
-1.7849377,0.127995
-1.7847377,0.159994
-1.7845377,0.127995
-1.7843377,0.127995
-1.7841377,0.159994
-1.7839377,0.127995
-1.7837377,0.159994
-1.7835377,0.159994
-1.7833377,0.159994
-1.7831377,0.127995
-1.7829377,0.127995
-1.7827377,0.191993
-1.7825377,0.159994
-1.7823377,0.127995
-1.7821377,0.127995
-1.7819377,0.159994
-1.7817377,0.127995
-1.7815377,0.159994
-1.7813377,0.191993
-1.7811377,0.159994
-1.7809377,0.159994
-1.7807377,0.159994
-1.7805377,0.191993
-1.7803377,0.159994
-1.7801377,0.159994
-1.7799377,0.191993
-1.7797377,0.191993
-1.7795377,0.159994
-1.7793377,0.159994
-1.7791377,0.159994
-1.7789377,0.191993
-1.7787377,0.159994
-1.7785377,0.191993
-1.7783377,0.191993
-1.7781377,0.191993
-1.7779377,0.191993
-1.7777377,0.191993
-1.7775377,0.191993
-1.7773377,0.191993
-1.7771377,0.159994
-1.7769377,0.191993
-1.7767377,0.223991
-1.7765377,0.25599
-1.7763377,0.223991
-1.7761377,0.159994
-1.7759377,0.191993
-1.7757377,0.223991
-1.7755377,0.223991
-1.7753377,0.223991
-1.7751377,0.191993
-1.7749377,0.191993
-1.7747377,0.223991
-1.7745377,0.223991
-1.7743377,0.191993
-1.7741377,0.223991
-1.7739377,0.223991
-1.7737377,0.223991
-1.7735377,0.223991
-1.7733377,0.223991
-1.7731377,0.223991
-1.7729377,0.191993
-1.7727377,0.223991
-1.7725377,0.223991
-1.7723377,0.223991
-1.7721377,0.223991
-1.7719377,0.223991
-1.7717377,0.223991
-1.7715377,0.191993
-1.7713377,0.287989
-1.7711377,0.191993
-1.7709377,0.25599
-1.7707377,0.287989
-1.7705377,0.191993
-1.7703377,0.25599
-1.7701377,0.223991
-1.7699377,0.25599
-1.7697377,0.25599
-1.7695377,0.223991
-1.7693377,0.25599
-1.7691377,0.25599
-1.7689377,0.287989
-1.7687377,0.25599
-1.7685377,0.25599
-1.7683377,0.25599
-1.7681377,0.25599
-1.7679377,0.25599
-1.7677377,0.287989
-1.7675377,0.25599
-1.7673377,0.287989
-1.7671377,0.287989
-1.7669377,0.25599
-1.7667377,0.287989
-1.7665377,0.287989
-1.7663377,0.287989
-1.7661377,0.25599
-1.7659377,0.25599
-1.7657377,0.25599
-1.7655377,0.25599
-1.7653377,0.319988
-1.7651377,0.25599
-1.7649377,0.287989
-1.7647377,0.25599
-1.7645377,0.25599
-1.7643377,0.25599
-1.7641377,0.287989
-1.7639377,0.287989
-1.7637377,0.319988
-1.7635377,0.287989
-1.7633377,0.25599
-1.7631377,0.25599
-1.7629377,0.287989
-1.7627377,0.25599
-1.7625377,0.287989
-1.7623377,0.319988
-1.7621377,0.25599
-1.7619377,0.319988
-1.7617377,0.287989
-1.7615377,0.25599
-1.7613377,0.25599
-1.7611377,0.319988
-1.7609377,0.25599
-1.7607377,0.287989
-1.7605377,0.287989
-1.7603377,0.25599
-1.7601377,0.287989
-1.7599377,0.319988
-1.7597377,0.287989
-1.7595377,0.287989
-1.7593377,0.319988
-1.7591377,0.287989
-1.7589377,0.287989
-1.7587377,0.319988
-1.7585377,0.287989
-1.7583377,0.25599
-1.7581377,0.319988
-1.7579377,0.287989
-1.7577377,0.287989
-1.7575377,0.319988
-1.7573377,0.25599
-1.7571377,0.25599
-1.7569377,0.287989
-1.7567377,0.287989
-1.7565377,0.25599
-1.7563377,0.319988
-1.7561377,0.25599
-1.7559377,0.287989
-1.7557377,0.319988
-1.7555377,0.287989
-1.7553377,0.287989
-1.7551377,0.287989
-1.7549377,0.287989
-1.7547377,0.287989
-1.7545377,0.319988
-1.7543377,0.25599
-1.7541377,0.287989
-1.7539377,0.25599
-1.7537377,0.287989
-1.7535377,0.319988
-1.7533377,0.319988
-1.7531377,0.319988
-1.7529377,0.287989
-1.7527377,0.287989
-1.7525377,0.319988
-1.7523377,0.287989
-1.7521377,0.287989
-1.7519377,0.287989
-1.7517377,0.319988
-1.7515377,0.319988
-1.7513377,0.287989
-1.7511377,0.25599
-1.7509377,0.319988
-1.7507377,0.287989
-1.7505377,0.287989
-1.7503377,0.287989
-1.7501377,0.223991
-1.7499377,0.25599
-1.7497377,0.25599
-1.7495377,0.25599
-1.7493377,0.319988
-1.7491377,0.287989
-1.7489377,0.25599
-1.7487377,0.25599
-1.7485377,0.25599
-1.7483377,0.25599
-1.7481377,0.287989
-1.7479377,0.287989
-1.7477377,0.287989
-1.7475377,0.287989
-1.7473377,0.287989
-1.7471377,0.287989
-1.7469377,0.223991
-1.7467377,0.319988
-1.7465377,0.287989
-1.7463377,0.25599
-1.7461377,0.287989
-1.7459377,0.287989
-1.7457377,0.287989
-1.7455377,0.287989
-1.7453377,0.25599
-1.7451377,0.25599
-1.7449377,0.25599
-1.7447377,0.223991
-1.7445377,0.287989
-1.7443377,0.319988
-1.7441377,0.25599
-1.7439377,0.25599
-1.7437377,0.287989
-1.7435377,0.25599
-1.7433377,0.287989
-1.7431377,0.287989
-1.7429377,0.25599
-1.7427377,0.25599
-1.7425377,0.287989
-1.7423377,0.287989
-1.7421377,0.287989
-1.7419377,0.287989
-1.7417377,0.287989
-1.7415377,0.25599
-1.7413377,0.287989
-1.7411377,0.25599
-1.7409377,0.25599
-1.7407377,0.287989
-1.7405377,0.25599
-1.7403377,0.287989
-1.7401377,0.25599
-1.7399377,0.287989
-1.7397377,0.287989
-1.7395377,0.287989
-1.7393377,0.287989
-1.7391377,0.287989
-1.7389377,0.319988
-1.7387377,0.25599
-1.7385377,0.25599
-1.7383377,0.319988
-1.7381377,0.25599
-1.7379377,0.25599
-1.7377377,0.319988
-1.7375377,0.287989
-1.7373377,0.223991
-1.7371377,0.287989
-1.7369377,0.287989
-1.7367377,0.287989
-1.7365377,0.287989
-1.7363377,0.223991
-1.7361377,0.287989
-1.7359377,0.25599
-1.7357377,0.223991
-1.7355377,0.25599
-1.7353377,0.319988
-1.7351377,0.25599
-1.7349377,0.25599
-1.7347377,0.287989
-1.7345377,0.25599
-1.7343377,0.287989
-1.7341377,0.287989
-1.7339377,0.223991
-1.7337377,0.25599
-1.7335377,0.25599
-1.7333377,0.25599
-1.7331377,0.287989
-1.7329377,0.287989
-1.7327377,0.223991
-1.7325377,0.287989
-1.7323377,0.287989
-1.7321377,0.25599
-1.7319377,0.287989
-1.7317377,0.319988
-1.7315377,0.25599
-1.7313377,0.223991
-1.7311377,0.287989
-1.7309377,0.25599
-1.7307377,0.25599
-1.7305377,0.287989
-1.7303377,0.25599
-1.7301377,0.25599
-1.7299377,0.25599
-1.7297377,0.25599
-1.7295377,0.25599
-1.7293377,0.287989
-1.7291377,0.287989
-1.7289377,0.25599
-1.7287377,0.25599
-1.7285377,0.223991
-1.7283377,0.223991
-1.7281377,0.25599
-1.7279377,0.25599
-1.7277377,0.25599
-1.7275377,0.287989
-1.7273377,0.223991
-1.7271377,0.25599
-1.7269377,0.25599
-1.7267377,0.223991
-1.7265377,0.25599
-1.7263377,0.223991
-1.7261377,0.223991
-1.7259377,0.25599
-1.7257377,0.25599
-1.7255377,0.25599
-1.7253377,0.223991
-1.7251377,0.25599
-1.7249377,0.191993
-1.7247377,0.223991
-1.7245377,0.25599
-1.7243377,0.223991
-1.7241377,0.287989
-1.7239377,0.223991
-1.7237377,0.25599
-1.7235377,0.223991
-1.7233377,0.223991
-1.7231377,0.223991
-1.7229377,0.25599
-1.7227377,0.25599
-1.7225377,0.191993
-1.7223377,0.191993
-1.7221377,0.223991
-1.7219377,0.223991
-1.7217377,0.191993
-1.7215377,0.223991
-1.7213377,0.191993
-1.7211377,0.191993
-1.7209377,0.191993
-1.7207377,0.191993
-1.7205377,0.223991
-1.7203377,0.223991
-1.7201377,0.191993
-1.7199377,0.25599
-1.7197377,0.191993
-1.7195377,0.191993
-1.7193377,0.223991
-1.7191377,0.25599
-1.7189377,0.191993
-1.7187377,0.25599
-1.7185377,0.25599
-1.7183377,0.191993
-1.7181377,0.191993
-1.7179377,0.223991
-1.7177377,0.223991
-1.7175377,0.223991
-1.7173377,0.191993
-1.7171377,0.25599
-1.7169377,0.191993
-1.7167377,0.25599
-1.7165377,0.223991
-1.7163377,0.25599
-1.7161377,0.191993
-1.7159377,0.191993
-1.7157377,0.191993
-1.7155377,0.223991
-1.7153377,0.223991
-1.7151377,0.191993
-1.7149377,0.223991
-1.7147377,0.191993
-1.7145377,0.223991
-1.7143377,0.25599
-1.7141377,0.287989
-1.7139377,0.191993
-1.7137377,0.223991
-1.7135377,0.191993
-1.7133377,0.191993
-1.7131377,0.191993
-1.7129377,0.159994
-1.7127377,0.223991
-1.7125377,0.191993
-1.7123377,0.191993
-1.7121377,0.191993
-1.7119377,0.25599
-1.7117377,0.223991
-1.7115377,0.223991
-1.7113377,0.25599
-1.7111377,0.191993
-1.7109377,0.191993
-1.7107377,0.25599
-1.7105377,0.159994
-1.7103377,0.191993
-1.7101377,0.223991
-1.7099377,0.159994
-1.7097377,0.191993
-1.7095377,0.223991
-1.7093377,0.159994
-1.7091377,0.191993
-1.7089377,0.159994
-1.7087377,0.191993
-1.7085377,0.191993
-1.7083377,0.223991
-1.7081377,0.191993
-1.7079377,0.159994
-1.7077377,0.25599
-1.7075377,0.159994
-1.7073377,0.191993
-1.7071377,0.223991
-1.7069377,0.191993
-1.7067377,0.191993
-1.7065377,0.191993
-1.7063377,0.159994
-1.7061377,0.191993
-1.7059377,0.191993
-1.7057377,0.191993
-1.7055377,0.191993
-1.7053377,0.191993
-1.7051377,0.191993
-1.7049377,0.159994
-1.7047377,0.191993
-1.7045377,0.159994
-1.7043377,0.223991
-1.7041377,0.191993
-1.7039377,0.191993
-1.7037377,0.191993
-1.7035377,0.191993
-1.7033377,0.191993
-1.7031377,0.159994
-1.7029377,0.191993
-1.7027377,0.159994
-1.7025377,0.159994
-1.7023377,0.191993
-1.7021377,0.191993
-1.7019377,0.159994
-1.7017377,0.191993
-1.7015377,0.159994
-1.7013377,0.191993
-1.7011377,0.127995
-1.7009377,0.159994
-1.7007377,0.127995
-1.7005377,0.159994
-1.7003377,0.127995
-1.7001377,0.127995
-1.6999377,0.191993
-1.6997377,0.127995
-1.6995377,0.159994
-1.6993377,0.127995
-1.6991377,0.159994
-1.6989377,0.159994
-1.6987377,0.191993
-1.6985377,0.159994
-1.6983377,0.159994
-1.6981377,0.127995
-1.6979377,0.127995
-1.6977377,0.0959963
-1.6975377,0.127995
-1.6973377,0.0959963
-1.6971377,0.127995
-1.6969377,0.127995
-1.6967377,0.127995
-1.6965377,0.0959963
-1.6963377,0.159994
-1.6961377,0.127995
-1.6959377,0.127995
-1.6957377,0.127995
-1.6955377,0.0959963
-1.6953377,0.127995
-1.6951377,0.127995
-1.6949377,0.127995
-1.6947377,0.0959963
-1.6945377,0.0959963
-1.6943377,0.0959963
-1.6941377,0.127995
-1.6939377,0.127995
-1.6937377,0.127995
-1.6935377,0.0959963
-1.6933377,0.127995
-1.6931377,0.127995
-1.6929377,0.0639975
-1.6927377,0.0959963
-1.6925377,0.159994
-1.6923377,0.0959963
-1.6921377,0.127995
-1.6919377,0.127995
-1.6917377,0.0959963
-1.6915377,0.0639975
-1.6913377,0.127995
-1.6911377,0.0959963
-1.6909377,0.127995
-1.6907377,0.0959963
-1.6905377,0.0959963
-1.6903377,0.127995
-1.6901377,0.127995
-1.6899377,0.0959963
-1.6897377,0.159994
-1.6895377,0.0959963
-1.6893377,0.127995
-1.6891377,0.127995
-1.6889377,0.0959963
-1.6887377,0.127995
-1.6885377,0.127995
-1.6883377,0.127995
-1.6881377,0.0959963
-1.6879377,0.127995
-1.6877377,0.0959963
-1.6875377,0.127995
-1.6873377,0.127995
-1.6871377,0.127995
-1.6869377,0.0959963
-1.6867377,0.0639975
-1.6865377,0.0959963
-1.6863377,0.127995
-1.6861377,0.127995
-1.6859377,0.0959963
-1.6857377,0.0959963
-1.6855377,0.0639975
-1.6853377,0.0959963
-1.6851377,0.127995
-1.6849377,0.0959963
-1.6847377,0.127995
-1.6845377,0.127995
-1.6843377,0.127995
-1.6841377,0.0959963
-1.6839377,0.159994
-1.6837377,0.159994
-1.6835377,0.127995
-1.6833377,0.127995
-1.6831377,0.0959963
-1.6829377,0.127995
-1.6827377,0.0959963
-1.6825377,0.127995
-1.6823377,0.159994
-1.6821377,0.0959963
-1.6819377,0.127995
-1.6817377,0.0959963
-1.6815377,0.159994
-1.6813377,0.159994
-1.6811377,0.159994
-1.6809377,0.127995
-1.6807377,0.159994
-1.6805377,0.127995
-1.6803377,0.127995
-1.6801377,0.159994
-1.6799377,0.127995
-1.6797377,0.191993
-1.6795377,0.0959963
-1.6793377,0.127995
-1.6791377,0.159994
-1.6789377,0.159994
-1.6787377,0.127995
-1.6785377,0.159994
-1.6783377,0.191993
-1.6781377,0.127995
-1.6779377,0.127995
-1.6777377,0.159994
-1.6775377,0.127995
-1.6773377,0.159994
-1.6771377,0.127995
-1.6769377,0.0959963
-1.6767377,0.127995
-1.6765377,0.127995
-1.6763377,0.159994
-1.6761377,0.191993
-1.6759377,0.191993
-1.6757377,0.191993
-1.6755377,0.159994
-1.6753377,0.159994
-1.6751377,0.159994
-1.6749377,0.0959963
-1.6747377,0.223991
-1.6745377,0.159994
-1.6743377,0.127995
-1.6741377,0.159994
-1.6739377,0.159994
-1.6737377,0.127995
-1.6735377,0.127995
-1.6733377,0.127995
-1.6731377,0.159994
-1.6729377,0.127995
-1.6727377,0.127995
-1.6725377,0.159994
-1.6723377,0.0959963
-1.6721377,0.0959963
-1.6719377,0.0959963
-1.6717377,0.191993
-1.6715377,0.127995
-1.6713377,0.159994
-1.6711377,0.127995
-1.6709377,0.127995
-1.6707377,0.159994
-1.6705377,0.159994
-1.6703377,0.159994
-1.6701377,0.159994
-1.6699377,0.191993
-1.6697377,0.127995
-1.6695377,0.159994
-1.6693377,0.159994
-1.6691377,0.159994
-1.6689377,0.159994
-1.6687377,0.159994
-1.6685377,0.127995
-1.6683377,0.159994
-1.6681377,0.127995
-1.6679377,0.159994
-1.6677377,0.191993
-1.6675377,0.159994
-1.6673377,0.159994
-1.6671377,0.127995
-1.6669377,0.159994
-1.6667377,0.159994
-1.6665377,0.159994
-1.6663377,0.127995
-1.6661377,0.159994
-1.6659377,0.127995
-1.6657377,0.159994
-1.6655377,0.127995
-1.6653377,0.127995
-1.6651377,0.159994
-1.6649377,0.127995
-1.6647377,0.159994
-1.6645377,0.127995
-1.6643377,0.127995
-1.6641377,0.159994
-1.6639377,0.159994
-1.6637377,0.127995
-1.6635377,0.0959963
-1.6633377,0.127995
-1.6631377,0.127995
-1.6629377,0.191993
-1.6627377,0.127995
-1.6625377,0.159994
-1.6623377,0.127995
-1.6621377,0.127995
-1.6619377,0.127995
-1.6617377,0.127995
-1.6615377,0.159994
-1.6613377,0.0959963
-1.6611377,0.127995
-1.6609377,0.127995
-1.6607377,0.127995
-1.6605377,0.127995
-1.6603377,0.159994
-1.6601377,0.127995
-1.6599377,0.127995
-1.6597377,0.127995
-1.6595377,0.0959963
-1.6593377,0.127995
-1.6591377,0.127995
-1.6589377,0.0959963
-1.6587377,0.0959963
-1.6585377,0.127995
-1.6583377,0.127995
-1.6581377,0.127995
-1.6579377,0.0959963
-1.6577377,0.0959963
-1.6575377,0.127995
-1.6573377,0.0959963
-1.6571377,0.127995
-1.6569377,0.127995
-1.6567377,0.127995
-1.6565377,0.0959963
-1.6563377,0.0959963
-1.6561377,0.127995
-1.6559377,0.127995
-1.6557377,0.127995
-1.6555377,0.127995
-1.6553377,0.0959963
-1.6551377,0.0959963
-1.6549377,0.0959963
-1.6547377,0.0959963
-1.6545377,0.0959963
-1.6543377,0.0959963
-1.6541377,0.0959963
-1.6539377,0.0959963
-1.6537377,0.0959963
-1.6535377,0.0959963
-1.6533377,0.0959963
-1.6531377,0.0959963
-1.6529377,0.0959963
-1.6527377,0.0639975
-1.6525377,0.0639975
-1.6523377,0.0959963
-1.6521377,0.0639975
-1.6519377,0.0639975
-1.6517377,0.0639975
-1.6515377,0.0959963
-1.6513377,0.0639975
-1.6511377,0.0639975
-1.6509377,0.0319988
-1.6507377,0.0639975
-1.6505377,0.0959963
-1.6503377,0.0319988
-1.6501377,0.0959963
-1.6499377,0.0639975
-1.6497377,0
-1.6495377,0.0639975
-1.6493377,0.0639975
-1.6491377,0
-1.6489377,0
-1.6487377,0.0319988
-1.6485377,0
-1.6483377,0.0319988
-1.6481377,-0.0319988
-1.6479377,0
-1.6477377,0.0319988
-1.6475377,0.0959963
-1.6473377,-0.0319988
-1.6471377,0
-1.6469377,0.0319988
-1.6467377,0
-1.6465377,-0.0319988
-1.6463377,0
-1.6461377,-0.0639975
-1.6459377,-0.0319988
-1.6457377,0
-1.6455377,-0.0319988
-1.6453377,0.0319988
-1.6451377,0
-1.6449377,-0.0959963
-1.6447377,-0.0319988
-1.6445377,-0.0319988
-1.6443377,-0.0319988
-1.6441377,0
-1.6439377,-0.0639975
-1.6437377,0
-1.6435377,0
-1.6433377,0
-1.6431377,-0.0319988
-1.6429377,-0.0319988
-1.6427377,0
-1.6425377,-0.0639975
-1.6423377,0
-1.6421377,0
-1.6419377,-0.0639975
-1.6417377,-0.0319988
-1.6415377,-0.0319988
-1.6413377,-0.0639975
-1.6411377,0
-1.6409377,-0.0639975
-1.6407377,-0.0639975
-1.6405377,-0.0319988
-1.6403377,-0.0319988
-1.6401377,-0.0639975
-1.6399377,-0.0639975
-1.6397377,-0.0639975
-1.6395377,-0.0639975
-1.6393377,-0.0319988
-1.6391377,-0.0639975
-1.6389377,-0.0959963
-1.6387377,-0.0959963
-1.6385377,-0.0639975
-1.6383377,-0.0639975
-1.6381377,-0.0639975
-1.6379377,-0.0319988
-1.6377377,-0.0639975
-1.6375377,-0.0959963
-1.6373377,-0.0639975
-1.6371377,-0.0639975
-1.6369377,-0.0959963
-1.6367377,-0.127995
-1.6365377,-0.0959963
-1.6363377,-0.127995
-1.6361377,-0.0639975
-1.6359377,-0.127995
-1.6357377,-0.0639975
-1.6355377,-0.127995
-1.6353377,-0.0959963
-1.6351377,-0.127995
-1.6349377,-0.0959963
-1.6347377,-0.127995
-1.6345377,-0.127995
-1.6343377,-0.127995
-1.6341377,-0.127995
-1.6339377,-0.127995
-1.6337377,-0.127995
-1.6335377,-0.159994
-1.6333377,-0.127995
-1.6331377,-0.0959963
-1.6329377,-0.127995
-1.6327377,-0.127995
-1.6325377,-0.159994
-1.6323377,-0.159994
-1.6321377,-0.159994
-1.6319377,-0.159994
-1.6317377,-0.127995
-1.6315377,-0.127995
-1.6313377,-0.159994
-1.6311377,-0.159994
-1.6309377,-0.191993
-1.6307377,-0.159994
-1.6305377,-0.159994
-1.6303377,-0.127995
-1.6301377,-0.127995
-1.6299377,-0.191993
-1.6297377,-0.159994
-1.6295377,-0.159994
-1.6293377,-0.191993
-1.6291377,-0.159994
-1.6289377,-0.159994
-1.6287377,-0.191993
-1.6285377,-0.159994
-1.6283377,-0.159994
-1.6281377,-0.223991
-1.6279377,-0.191993
-1.6277377,-0.159994
-1.6275377,-0.191993
-1.6273377,-0.159994
-1.6271377,-0.159994
-1.6269377,-0.159994
-1.6267377,-0.127995
-1.6265377,-0.191993
-1.6263377,-0.223991
-1.6261377,-0.159994
-1.6259377,-0.159994
-1.6257377,-0.159994
-1.6255377,-0.159994
-1.6253377,-0.191993
-1.6251377,-0.191993
-1.6249377,-0.191993
-1.6247377,-0.159994
-1.6245377,-0.191993
-1.6243377,-0.191993
-1.6241377,-0.191993
-1.6239377,-0.223991
-1.6237377,-0.191993
-1.6235377,-0.159994
-1.6233377,-0.223991
-1.6231377,-0.191993
-1.6229377,-0.159994
-1.6227377,-0.191993
-1.6225377,-0.191993
-1.6223377,-0.159994
-1.6221377,-0.25599
-1.6219377,-0.25599
-1.6217377,-0.191993
-1.6215377,-0.223991
-1.6213377,-0.191993
-1.6211377,-0.159994
-1.6209377,-0.223991
-1.6207377,-0.191993
-1.6205377,-0.191993
-1.6203377,-0.191993
-1.6201377,-0.191993
-1.6199377,-0.191993
-1.6197377,-0.191993
-1.6195377,-0.191993
-1.6193377,-0.159994
-1.6191377,-0.191993
-1.6189377,-0.191993
-1.6187377,-0.159994
-1.6185377,-0.191993
-1.6183377,-0.223991
-1.6181377,-0.191993
-1.6179377,-0.191993
-1.6177377,-0.223991
-1.6175377,-0.159994
-1.6173377,-0.191993
-1.6171377,-0.159994
-1.6169377,-0.191993
-1.6167377,-0.191993
-1.6165377,-0.223991
-1.6163377,-0.127995
-1.6161377,-0.191993
-1.6159377,-0.25599
-1.6157377,-0.159994
-1.6155377,-0.191993
-1.6153377,-0.159994
-1.6151377,-0.191993
-1.6149377,-0.159994
-1.6147377,-0.159994
-1.6145377,-0.191993
-1.6143377,-0.191993
-1.6141377,-0.159994
-1.6139377,-0.191993
-1.6137377,-0.191993
-1.6135377,-0.159994
-1.6133377,-0.159994
-1.6131377,-0.159994
-1.6129377,-0.191993
-1.6127377,-0.159994
-1.6125377,-0.191993
-1.6123377,-0.191993
-1.6121377,-0.191993
-1.6119377,-0.191993
-1.6117377,-0.191993
-1.6115377,-0.191993
-1.6113377,-0.191993
-1.6111377,-0.159994
-1.6109377,-0.191993
-1.6107377,-0.191993
-1.6105377,-0.159994
-1.6103377,-0.223991
-1.6101377,-0.191993
-1.6099377,-0.25599
-1.6097377,-0.159994
-1.6095377,-0.191993
-1.6093377,-0.223991
-1.6091377,-0.159994
-1.6089377,-0.223991
-1.6087377,-0.191993
-1.6085377,-0.159994
-1.6083377,-0.223991
-1.6081377,-0.159994
-1.6079377,-0.159994
-1.6077377,-0.191993
-1.6075377,-0.127995
-1.6073377,-0.191993
-1.6071377,-0.223991
-1.6069377,-0.191993
-1.6067377,-0.191993
-1.6065377,-0.191993
-1.6063377,-0.159994
-1.6061377,-0.127995
-1.6059377,-0.191993
-1.6057377,-0.191993
-1.6055377,-0.127995
-1.6053377,-0.159994
-1.6051377,-0.159994
-1.6049377,-0.159994
-1.6047377,-0.191993
-1.6045377,-0.159994
-1.6043377,-0.159994
-1.6041377,-0.159994
-1.6039377,-0.191993
-1.6037377,-0.191993
-1.6035377,-0.191993
-1.6033377,-0.159994
-1.6031377,-0.159994
-1.6029377,-0.159994
-1.6027377,-0.159994
-1.6025377,-0.159994
-1.6023377,-0.159994
-1.6021377,-0.191993
-1.6019377,-0.159994
-1.6017377,-0.191993
-1.6015377,-0.159994
-1.6013377,-0.159994
-1.6011377,-0.191993
-1.6009377,-0.223991
-1.6007377,-0.159994
-1.6005377,-0.191993
-1.6003377,-0.191993
-1.6001377,-0.127995
-1.5999377,-0.159994
-1.5997377,-0.191993
-1.5995377,-0.159994
-1.5993377,-0.191993
-1.5991377,-0.159994
-1.5989377,-0.159994
-1.5987377,-0.191993
-1.5985377,-0.159994
-1.5983377,-0.159994
-1.5981377,-0.191993
-1.5979377,-0.159994
-1.5977377,-0.127995
-1.5975377,-0.159994
-1.5973377,-0.127995
-1.5971377,-0.127995
-1.5969377,-0.159994
-1.5967377,-0.159994
-1.5965377,-0.127995
-1.5963377,-0.127995
-1.5961377,-0.127995
-1.5959377,-0.127995
-1.5957377,-0.159994
-1.5955377,-0.159994
-1.5953377,-0.159994
-1.5951377,-0.159994
-1.5949377,-0.159994
-1.5947377,-0.127995
-1.5945377,-0.159994
-1.5943377,-0.127995
-1.5941377,-0.127995
-1.5939377,-0.159994
-1.5937377,-0.0959963
-1.5935377,-0.159994
-1.5933377,-0.127995
-1.5931377,-0.127995
-1.5929377,-0.127995
-1.5927377,-0.159994
-1.5925377,-0.127995
-1.5923377,-0.0959963
-1.5921377,-0.159994
-1.5919377,-0.127995
-1.5917377,-0.127995
-1.5915377,-0.159994
-1.5913377,-0.127995
-1.5911377,-0.127995
-1.5909377,-0.159994
-1.5907377,-0.127995
-1.5905377,-0.159994
-1.5903377,-0.127995
-1.5901377,-0.127995
-1.5899377,-0.0959963
-1.5897377,-0.127995
-1.5895377,-0.127995
-1.5893377,-0.127995
-1.5891377,-0.159994
-1.5889377,-0.127995
-1.5887377,-0.0959963
-1.5885377,-0.159994
-1.5883377,-0.0959963
-1.5881377,-0.0959963
-1.5879377,-0.127995
-1.5877377,-0.0959963
-1.5875377,-0.0959963
-1.5873377,-0.159994
-1.5871377,-0.127995
-1.5869377,-0.0639975
-1.5867377,-0.159994
-1.5865377,-0.0959963
-1.5863377,-0.127995
-1.5861377,-0.127995
-1.5859377,-0.127995
-1.5857377,-0.127995
-1.5855377,-0.159994
-1.5853377,-0.0959963
-1.5851377,-0.0959963
-1.5849377,-0.127995
-1.5847377,-0.0959963
-1.5845377,-0.0639975
-1.5843377,-0.127995
-1.5841377,-0.127995
-1.5839377,-0.0959963
-1.5837377,-0.127995
-1.5835377,-0.127995
-1.5833377,-0.0959963
-1.5831377,-0.0959963
-1.5829377,-0.0959963
-1.5827377,-0.0959963
-1.5825377,-0.0959963
-1.5823377,-0.127995
-1.5821377,-0.0959963
-1.5819377,-0.0959963
-1.5817377,-0.0959963
-1.5815377,-0.0639975
-1.5813377,-0.127995
-1.5811377,-0.0639975
-1.5809377,-0.0959963
-1.5807377,-0.0959963
-1.5805377,-0.0959963
-1.5803377,-0.0959963
-1.5801377,-0.0959963
-1.5799377,-0.127995
-1.5797377,-0.0639975
-1.5795377,-0.0959963
-1.5793377,-0.0959963
-1.5791377,-0.0639975
-1.5789377,-0.127995
-1.5787377,-0.127995
-1.5785377,-0.0959963
-1.5783377,-0.0959963
-1.5781377,-0.127995
-1.5779377,-0.0959963
-1.5777377,-0.127995
-1.5775377,-0.0959963
-1.5773377,-0.0959963
-1.5771377,-0.127995
-1.5769377,-0.0959963
-1.5767377,-0.127995
-1.5765377,-0.0959963
-1.5763377,-0.0959963
-1.5761377,-0.0639975
-1.5759377,-0.0959963
-1.5757377,-0.0959963
-1.5755377,-0.0639975
-1.5753377,-0.0639975
-1.5751377,-0.0639975
-1.5749377,-0.0959963
-1.5747377,-0.127995
-1.5745377,-0.0959963
-1.5743377,-0.0959963
-1.5741377,-0.0959963
-1.5739377,-0.0639975
-1.5737377,-0.0639975
-1.5735377,-0.0959963
-1.5733377,-0.0959963
-1.5731377,-0.0639975
-1.5729377,-0.0959963
-1.5727377,-0.0959963
-1.5725377,-0.0639975
-1.5723377,-0.0959963
-1.5721377,-0.0959963
-1.5719377,-0.0959963
-1.5717377,-0.127995
-1.5715377,-0.0639975
-1.5713377,-0.0639975
-1.5711377,-0.127995
-1.5709377,-0.0959963
-1.5707377,-0.0959963
-1.5705377,-0.0639975
-1.5703377,-0.0639975
-1.5701377,-0.0959963
-1.5699377,-0.0959963
-1.5697377,-0.127995
-1.5695377,-0.0319988
-1.5693377,-0.0959963
-1.5691377,-0.0639975
-1.5689377,-0.0639975
-1.5687377,-0.0639975
-1.5685377,-0.0959963
-1.5683377,0
-1.5681377,-0.0639975
-1.5679377,-0.0319988
-1.5677377,-0.0319988
-1.5675377,-0.127995
-1.5673377,-0.0959963
-1.5671377,-0.0319988
-1.5669377,-0.127995
-1.5667377,-0.0319988
-1.5665377,-0.0639975
-1.5663377,-0.0639975
-1.5661377,-0.0639975
-1.5659377,0
-1.5657377,-0.0959963
-1.5655377,-0.0639975
-1.5653377,-0.0639975
-1.5651377,-0.0959963
-1.5649377,-0.0639975
-1.5647377,-0.0319988
-1.5645377,-0.0639975
-1.5643377,-0.0319988
-1.5641377,-0.0639975
-1.5639377,-0.0639975
-1.5637377,-0.0639975
-1.5635377,-0.0319988
-1.5633377,-0.0639975
-1.5631377,-0.0639975
-1.5629377,-0.0639975
-1.5627377,-0.0959963
-1.5625377,-0.0639975
-1.5623377,-0.0639975
-1.5621377,-0.0639975
-1.5619377,-0.0639975
-1.5617377,-0.0319988
-1.5615377,-0.0959963
-1.5613377,-0.0639975
-1.5611377,-0.0959963
-1.5609377,-0.0959963
-1.5607377,-0.0319988
-1.5605377,-0.0959963
-1.5603377,-0.0639975
-1.5601377,-0.0639975
-1.5599377,-0.0959963
-1.5597377,-0.0959963
-1.5595377,-0.0319988
-1.5593377,-0.0639975
-1.5591377,-0.0959963
-1.5589377,-0.0639975
-1.5587377,-0.0319988
-1.5585377,-0.0639975
-1.5583377,-0.0959963
-1.5581377,-0.0639975
-1.5579377,-0.0639975
-1.5577377,-0.0639975
-1.5575377,-0.0959963
-1.5573377,-0.0639975
-1.5571377,-0.0319988
-1.5569377,-0.0959963
-1.5567377,-0.0959963
-1.5565377,-0.0319988
-1.5563377,-0.0639975
-1.5561377,-0.0639975
-1.5559377,-0.0319988
-1.5557377,-0.0639975
-1.5555377,-0.0959963
-1.5553377,-0.0639975
-1.5551377,-0.0639975
-1.5549377,-0.0639975
-1.5547377,-0.0639975
-1.5545377,-0.0639975
-1.5543377,-0.0959963
-1.5541377,-0.0639975
-1.5539377,-0.0959963
-1.5537377,-0.0959963
-1.5535377,-0.0639975
-1.5533377,-0.0959963
-1.5531377,-0.0959963
-1.5529377,-0.0959963
-1.5527377,-0.127995
-1.5525377,-0.0959963
-1.5523377,-0.0959963
-1.5521377,-0.0639975
-1.5519377,-0.0959963
-1.5517377,-0.0959963
-1.5515377,-0.0319988
-1.5513377,-0.0959963
-1.5511377,-0.0959963
-1.5509377,-0.0959963
-1.5507377,-0.0959963
-1.5505377,-0.0959963
-1.5503377,-0.0959963
-1.5501377,-0.0959963
-1.5499377,-0.0959963
-1.5497377,-0.127995
-1.5495377,-0.0959963
-1.5493377,-0.127995
-1.5491377,-0.0959963
-1.5489377,-0.127995
-1.5487377,-0.0959963
-1.5485377,-0.0959963
-1.5483377,-0.127995
-1.5481377,-0.127995
-1.5479377,-0.0959963
-1.5477377,-0.159994
-1.5475377,-0.127995
-1.5473377,-0.127995
-1.5471377,-0.159994
-1.5469377,-0.0959963
-1.5467377,-0.127995
-1.5465377,-0.159994
-1.5463377,-0.127995
-1.5461377,-0.127995
-1.5459377,-0.127995
-1.5457377,-0.127995
-1.5455377,-0.0959963
-1.5453377,-0.0959963
-1.5451377,-0.159994
-1.5449377,-0.127995
-1.5447377,-0.159994
-1.5445377,-0.159994
-1.5443377,-0.159994
-1.5441377,-0.159994
-1.5439377,-0.127995
-1.5437377,-0.127995
-1.5435377,-0.159994
-1.5433377,-0.159994
-1.5431377,-0.0959963
-1.5429377,-0.191993
-1.5427377,-0.127995
-1.5425377,-0.159994
-1.5423377,-0.159994
-1.5421377,-0.159994
-1.5419377,-0.127995
-1.5417377,-0.159994
-1.5415377,-0.159994
-1.5413377,-0.127995
-1.5411377,-0.191993
-1.5409377,-0.191993
-1.5407377,-0.159994
-1.5405377,-0.191993
-1.5403377,-0.159994
-1.5401377,-0.191993
-1.5399377,-0.25599
-1.5397377,-0.191993
-1.5395377,-0.159994
-1.5393377,-0.223991
-1.5391377,-0.127995
-1.5389377,-0.191993
-1.5387377,-0.223991
-1.5385377,-0.223991
-1.5383377,-0.159994
-1.5381377,-0.223991
-1.5379377,-0.191993
-1.5377377,-0.223991
-1.5375377,-0.223991
-1.5373377,-0.25599
-1.5371377,-0.223991
-1.5369377,-0.223991
-1.5367377,-0.25599
-1.5365377,-0.191993
-1.5363377,-0.25599
-1.5361377,-0.25599
-1.5359377,-0.223991
-1.5357377,-0.223991
-1.5355377,-0.25599
-1.5353377,-0.25599
-1.5351377,-0.287989
-1.5349377,-0.287989
-1.5347377,-0.223991
-1.5345377,-0.25599
-1.5343377,-0.287989
-1.5341377,-0.319988
-1.5339377,-0.287989
-1.5337377,-0.25599
-1.5335377,-0.287989
-1.5333377,-0.287989
-1.5331377,-0.287989
-1.5329377,-0.287989
-1.5327377,-0.287989
-1.5325377,-0.25599
-1.5323377,-0.319988
-1.5321377,-0.319988
-1.5319377,-0.319988
-1.5317377,-0.319988
-1.5315377,-0.287989
-1.5313377,-0.319988
-1.5311377,-0.319988
-1.5309377,-0.319988
-1.5307377,-0.351986
-1.5305377,-0.287989
-1.5303377,-0.319988
-1.5301377,-0.383985
-1.5299377,-0.351986
-1.5297377,-0.351986
-1.5295377,-0.351986
-1.5293377,-0.351986
-1.5291377,-0.351986
-1.5289377,-0.351986
-1.5287377,-0.351986
-1.5285377,-0.351986
-1.5283377,-0.415984
-1.5281377,-0.383985
-1.5279377,-0.319988
-1.5277377,-0.383985
-1.5275377,-0.383985
-1.5273377,-0.383985
-1.5271377,-0.319988
-1.5269377,-0.383985
-1.5267377,-0.351986
-1.5265377,-0.351986
-1.5263377,-0.415984
-1.5261377,-0.383985
-1.5259377,-0.351986
-1.5257377,-0.383985
-1.5255377,-0.415984
-1.5253377,-0.415984
-1.5251377,-0.415984
-1.5249377,-0.383985
-1.5247377,-0.415984
-1.5245377,-0.383985
-1.5243377,-0.383985
-1.5241377,-0.415984
-1.5239377,-0.383985
-1.5237377,-0.383985
-1.5235377,-0.415984
-1.5233377,-0.383985
-1.5231377,-0.383985
-1.5229377,-0.415984
-1.5227377,-0.383985
-1.5225377,-0.415984
-1.5223377,-0.447983
-1.5221377,-0.383985
-1.5219377,-0.415984
-1.5217377,-0.415984
-1.5215377,-0.415984
-1.5213377,-0.383985
-1.5211377,-0.447983
-1.5209377,-0.415984
-1.5207377,-0.415984
-1.5205377,-0.447983
-1.5203377,-0.415984
-1.5201377,-0.415984
-1.5199377,-0.447983
-1.5197377,-0.415984
-1.5195377,-0.383985
-1.5193377,-0.447983
-1.5191377,-0.415984
-1.5189377,-0.415984
-1.5187377,-0.447983
-1.5185377,-0.415984
-1.5183377,-0.415984
-1.5181377,-0.447983
-1.5179377,-0.447983
-1.5177377,-0.415984
-1.5175377,-0.447983
-1.5173377,-0.415984
-1.5171377,-0.415984
-1.5169377,-0.447983
-1.5167377,-0.415984
-1.5165377,-0.447983
-1.5163377,-0.415984
-1.5161377,-0.415984
-1.5159377,-0.415984
-1.5157377,-0.447983
-1.5155377,-0.447983
-1.5153377,-0.415984
-1.5151377,-0.447983
-1.5149377,-0.447983
-1.5147377,-0.383985
-1.5145377,-0.447983
-1.5143377,-0.447983
-1.5141377,-0.415984
-1.5139377,-0.415984
-1.5137377,-0.447983
-1.5135377,-0.383985
-1.5133377,-0.447983
-1.5131377,-0.415984
-1.5129377,-0.447983
-1.5127377,-0.51198
-1.5125377,-0.447983
-1.5123377,-0.415984
-1.5121377,-0.447983
-1.5119377,-0.447983
-1.5117377,-0.447983
-1.5115377,-0.479982
-1.5113377,-0.447983
-1.5111377,-0.415984
-1.5109377,-0.447983
-1.5107377,-0.415984
-1.5105377,-0.415984
-1.5103377,-0.447983
-1.5101377,-0.415984
-1.5099377,-0.415984
-1.5097377,-0.479982
-1.5095377,-0.415984
-1.5093377,-0.447983
-1.5091377,-0.447983
-1.5089377,-0.447983
-1.5087377,-0.415984
-1.5085377,-0.447983
-1.5083377,-0.479982
-1.5081377,-0.383985
-1.5079377,-0.447983
-1.5077377,-0.415984
-1.5075377,-0.447983
-1.5073377,-0.447983
-1.5071377,-0.447983
-1.5069377,-0.415984
-1.5067377,-0.415984
-1.5065377,-0.447983
-1.5063377,-0.415984
-1.5061377,-0.447983
-1.5059377,-0.415984
-1.5057377,-0.447983
-1.5055377,-0.383985
-1.5053377,-0.447983
-1.5051377,-0.415984
-1.5049377,-0.447983
-1.5047377,-0.415984
-1.5045377,-0.415984
-1.5043377,-0.447983
-1.5041377,-0.447983
-1.5039377,-0.415984
-1.5037377,-0.415984
-1.5035377,-0.447983
-1.5033377,-0.415984
-1.5031377,-0.447983
-1.5029377,-0.447983
-1.5027377,-0.415984
-1.5025377,-0.479982
-1.5023377,-0.447983
-1.5021377,-0.383985
-1.5019377,-0.447983
-1.5017377,-0.447983
-1.5015377,-0.447983
-1.5013377,-0.447983
-1.5011377,-0.447983
-1.5009377,-0.447983
-1.5007377,-0.415984
-1.5005377,-0.447983
-1.5003377,-0.415984
-1.5001377,-0.415984
-1.4999377,-0.415984
-1.4997377,-0.447983
-1.4995377,-0.415984
-1.4993377,-0.447983
-1.4991377,-0.415984
-1.4989377,-0.447983
-1.4987377,-0.51198
-1.4985377,-0.415984
-1.4983377,-0.447983
-1.4981377,-0.447983
-1.4979377,-0.415984
-1.4977377,-0.415984
-1.4975377,-0.447983
-1.4973377,-0.383985
-1.4971377,-0.447983
-1.4969377,-0.415984
-1.4967377,-0.415984
-1.4965377,-0.447983
-1.4963377,-0.415984
-1.4961377,-0.383985
-1.4959377,-0.447983
-1.4957377,-0.447983
-1.4955377,-0.383985
-1.4953377,-0.415984
-1.4951377,-0.415984
-1.4949377,-0.415984
-1.4947377,-0.447983
-1.4945377,-0.415984
-1.4943377,-0.447983
-1.4941377,-0.415984
-1.4939377,-0.415984
-1.4937377,-0.415984
-1.4935377,-0.447983
-1.4933377,-0.383985
-1.4931377,-0.383985
-1.4929377,-0.447983
-1.4927377,-0.447983
-1.4925377,-0.383985
-1.4923377,-0.383985
-1.4921377,-0.415984
-1.4919377,-0.383985
-1.4917377,-0.415984
-1.4915377,-0.383985
-1.4913377,-0.351986
-1.4911377,-0.447983
-1.4909377,-0.351986
-1.4907377,-0.383985
-1.4905377,-0.415984
-1.4903377,-0.415984
-1.4901377,-0.383985
-1.4899377,-0.383985
-1.4897377,-0.351986
-1.4895377,-0.383985
-1.4893377,-0.415984
-1.4891377,-0.415984
-1.4889377,-0.383985
-1.4887377,-0.415984
-1.4885377,-0.351986
-1.4883377,-0.383985
-1.4881377,-0.415984
-1.4879377,-0.415984
-1.4877377,-0.383985
-1.4875377,-0.351986
-1.4873377,-0.383985
-1.4871377,-0.351986
-1.4869377,-0.383985
-1.4867377,-0.351986
-1.4865377,-0.351986
-1.4863377,-0.351986
-1.4861377,-0.383985
-1.4859377,-0.351986
-1.4857377,-0.383985
-1.4855377,-0.415984
-1.4853377,-0.351986
-1.4851377,-0.383985
-1.4849377,-0.319988
-1.4847377,-0.319988
-1.4845377,-0.383985
-1.4843377,-0.351986
-1.4841377,-0.319988
-1.4839377,-0.351986
-1.4837377,-0.319988
-1.4835377,-0.319988
-1.4833377,-0.351986
-1.4831377,-0.319988
-1.4829377,-0.287989
-1.4827377,-0.319988
-1.4825377,-0.351986
-1.4823377,-0.319988
-1.4821377,-0.319988
-1.4819377,-0.319988
-1.4817377,-0.319988
-1.4815377,-0.351986
-1.4813377,-0.319988
-1.4811377,-0.287989
-1.4809377,-0.319988
-1.4807377,-0.287989
-1.4805377,-0.287989
-1.4803377,-0.287989
-1.4801377,-0.287989
-1.4799377,-0.287989
-1.4797377,-0.287989
-1.4795377,-0.223991
-1.4793377,-0.351986
-1.4791377,-0.287989
-1.4789377,-0.287989
-1.4787377,-0.287989
-1.4785377,-0.287989
-1.4783377,-0.25599
-1.4781377,-0.287989
-1.4779377,-0.25599
-1.4777377,-0.223991
-1.4775377,-0.287989
-1.4773377,-0.25599
-1.4771377,-0.25599
-1.4769377,-0.287989
-1.4767377,-0.287989
-1.4765377,-0.223991
-1.4763377,-0.223991
-1.4761377,-0.25599
-1.4759377,-0.25599
-1.4757377,-0.25599
-1.4755377,-0.25599
-1.4753377,-0.223991
-1.4751377,-0.223991
-1.4749377,-0.223991
-1.4747377,-0.223991
-1.4745377,-0.25599
-1.4743377,-0.223991
-1.4741377,-0.223991
-1.4739377,-0.25599
-1.4737377,-0.223991
-1.4735377,-0.223991
-1.4733377,-0.25599
-1.4731377,-0.25599
-1.4729377,-0.191993
-1.4727377,-0.25599
-1.4725377,-0.191993
-1.4723377,-0.223991
-1.4721377,-0.223991
-1.4719377,-0.223991
-1.4717377,-0.191993
-1.4715377,-0.223991
-1.4713377,-0.25599
-1.4711377,-0.159994
-1.4709377,-0.191993
-1.4707377,-0.223991
-1.4705377,-0.159994
-1.4703377,-0.191993
-1.4701377,-0.223991
-1.4699377,-0.191993
-1.4697377,-0.223991
-1.4695377,-0.191993
-1.4693377,-0.191993
-1.4691377,-0.191993
-1.4689377,-0.159994
-1.4687377,-0.159994
-1.4685377,-0.223991
-1.4683377,-0.127995
-1.4681377,-0.191993
-1.4679377,-0.191993
-1.4677377,-0.191993
-1.4675377,-0.159994
-1.4673377,-0.159994
-1.4671377,-0.191993
-1.4669377,-0.191993
-1.4667377,-0.191993
-1.4665377,-0.191993
-1.4663377,-0.127995
-1.4661377,-0.159994
-1.4659377,-0.159994
-1.4657377,-0.127995
-1.4655377,-0.191993
-1.4653377,-0.127995
-1.4651377,-0.159994
-1.4649377,-0.159994
-1.4647377,-0.127995
-1.4645377,-0.159994
-1.4643377,-0.223991
-1.4641377,-0.159994
-1.4639377,-0.191993
-1.4637377,-0.159994
-1.4635377,-0.127995
-1.4633377,-0.159994
-1.4631377,-0.191993
-1.4629377,-0.127995
-1.4627377,-0.127995
-1.4625377,-0.159994
-1.4623377,-0.159994
-1.4621377,-0.127995
-1.4619377,-0.159994
-1.4617377,-0.191993
-1.4615377,-0.191993
-1.4613377,-0.159994
-1.4611377,-0.159994
-1.4609377,-0.127995
-1.4607377,-0.127995
-1.4605377,-0.159994
-1.4603377,-0.127995
-1.4601377,-0.127995
-1.4599377,-0.159994
-1.4597377,-0.0959963
-1.4595377,-0.159994
-1.4593377,-0.127995
-1.4591377,-0.127995
-1.4589377,-0.127995
-1.4587377,-0.0959963
-1.4585377,-0.0959963
-1.4583377,-0.127995
-1.4581377,-0.0959963
-1.4579377,-0.0959963
-1.4577377,-0.159994
-1.4575377,-0.127995
-1.4573377,-0.0959963
-1.4571377,-0.0959963
-1.4569377,-0.127995
-1.4567377,-0.0959963
-1.4565377,-0.127995
-1.4563377,-0.0639975
-1.4561377,-0.0639975
-1.4559377,-0.127995
-1.4557377,-0.0639975
-1.4555377,-0.0639975
-1.4553377,-0.0959963
-1.4551377,-0.0639975
-1.4549377,-0.0319988
-1.4547377,-0.0959963
-1.4545377,-0.0959963
-1.4543377,-0.0639975
-1.4541377,-0.0639975
-1.4539377,-0.0959963
-1.4537377,-0.0639975
-1.4535377,-0.0959963
-1.4533377,-0.0639975
-1.4531377,-0.0639975
-1.4529377,-0.0639975
-1.4527377,-0.0639975
-1.4525377,-0.0319988
-1.4523377,-0.0959963
-1.4521377,-0.0639975
-1.4519377,0
-1.4517377,-0.0639975
-1.4515377,-0.0319988
-1.4513377,0
-1.4511377,-0.0639975
-1.4509377,-0.0319988
-1.4507377,-0.0319988
-1.4505377,-0.0319988
-1.4503377,-0.0319988
-1.4501377,-0.0319988
-1.4499377,-0.0639975
-1.4497377,0.0319988
-1.4495377,-0.0639975
-1.4493377,-0.0319988
-1.4491377,0
-1.4489377,0
-1.4487377,-0.0319988
-1.4485377,-0.0319988
-1.4483377,0
-1.4481377,-0.0639975
-1.4479377,0
-1.4477377,-0.0319988
-1.4475377,0
-1.4473377,0
-1.4471377,0.0319988
-1.4469377,0.0319988
-1.4467377,-0.0319988
-1.4465377,0
-1.4463377,0.0319988
-1.4461377,0
-1.4459377,-0.0319988
-1.4457377,0.0319988
-1.4455377,0.0319988
-1.4453377,0.0319988
-1.4451377,0.0319988
-1.4449377,0
-1.4447377,0.0319988
-1.4445377,0
-1.4443377,0.0319988
-1.4441377,0.0319988
-1.4439377,0.0959963
-1.4437377,0.0319988
-1.4435377,0.0639975
-1.4433377,0.0319988
-1.4431377,0
-1.4429377,0.0639975
-1.4427377,0.0319988
-1.4425377,0.0959963
-1.4423377,0.0639975
-1.4421377,0.0319988
-1.4419377,0.0319988
-1.4417377,0.0319988
-1.4415377,0.0639975
-1.4413377,0.0639975
-1.4411377,0.0639975
-1.4409377,0.0319988
-1.4407377,0.0319988
-1.4405377,0.0319988
-1.4403377,0.0639975
-1.4401377,0.0319988
-1.4399377,0.0959963
-1.4397377,0.0639975
-1.4395377,0.0959963
-1.4393377,0.0959963
-1.4391377,0.0319988
-1.4389377,0.0639975
-1.4387377,0.0639975
-1.4385377,0.0319988
-1.4383377,0.0639975
-1.4381377,0.0639975
-1.4379377,0
-1.4377377,0.0639975
-1.4375377,0.0639975
-1.4373377,0.0959963
-1.4371377,0.0959963
-1.4369377,0.127995
-1.4367377,0.0959963
-1.4365377,0.0959963
-1.4363377,0.0959963
-1.4361377,0.0959963
-1.4359377,0.127995
-1.4357377,0.127995
-1.4355377,0.0959963
-1.4353377,0.0959963
-1.4351377,0.127995
-1.4349377,0.0639975
-1.4347377,0.127995
-1.4345377,0.0959963
-1.4343377,0.0959963
-1.4341377,0.0959963
-1.4339377,0.0959963
-1.4337377,0.0959963
-1.4335377,0.127995
-1.4333377,0.127995
-1.4331377,0.127995
-1.4329377,0.127995
-1.4327377,0.0959963
-1.4325377,0.127995
-1.4323377,0.0959963
-1.4321377,0.127995
-1.4319377,0.127995
-1.4317377,0.159994
-1.4315377,0.127995
-1.4313377,0.127995
-1.4311377,0.159994
-1.4309377,0.159994
-1.4307377,0.127995
-1.4305377,0.159994
-1.4303377,0.127995
-1.4301377,0.127995
-1.4299377,0.127995
-1.4297377,0.159994
-1.4295377,0.191993
-1.4293377,0.127995
-1.4291377,0.159994
-1.4289377,0.159994
-1.4287377,0.159994
-1.4285377,0.127995
-1.4283377,0.127995
-1.4281377,0.159994
-1.4279377,0.159994
-1.4277377,0.159994
-1.4275377,0.191993
-1.4273377,0.159994
-1.4271377,0.159994
-1.4269377,0.191993
-1.4267377,0.159994
-1.4265377,0.127995
-1.4263377,0.191993
-1.4261377,0.159994
-1.4259377,0.159994
-1.4257377,0.191993
-1.4255377,0.159994
-1.4253377,0.191993
-1.4251377,0.223991
-1.4249377,0.159994
-1.4247377,0.191993
-1.4245377,0.223991
-1.4243377,0.159994
-1.4241377,0.159994
-1.4239377,0.191993
-1.4237377,0.127995
-1.4235377,0.191993
-1.4233377,0.191993
-1.4231377,0.159994
-1.4229377,0.191993
-1.4227377,0.191993
-1.4225377,0.191993
-1.4223377,0.223991
-1.4221377,0.223991
-1.4219377,0.159994
-1.4217377,0.191993
-1.4215377,0.191993
-1.4213377,0.191993
-1.4211377,0.223991
-1.4209377,0.223991
-1.4207377,0.191993
-1.4205377,0.191993
-1.4203377,0.191993
-1.4201377,0.191993
-1.4199377,0.191993
-1.4197377,0.223991
-1.4195377,0.191993
-1.4193377,0.191993
-1.4191377,0.223991
-1.4189377,0.191993
-1.4187377,0.25599
-1.4185377,0.25599
-1.4183377,0.25599
-1.4181377,0.25599
-1.4179377,0.25599
-1.4177377,0.223991
-1.4175377,0.223991
-1.4173377,0.223991
-1.4171377,0.25599
-1.4169377,0.25599
-1.4167377,0.25599
-1.4165377,0.223991
-1.4163377,0.223991
-1.4161377,0.223991
-1.4159377,0.25599
-1.4157377,0.223991
-1.4155377,0.25599
-1.4153377,0.223991
-1.4151377,0.25599
-1.4149377,0.287989
-1.4147377,0.25599
-1.4145377,0.223991
-1.4143377,0.287989
-1.4141377,0.287989
-1.4139377,0.25599
-1.4137377,0.319988
-1.4135377,0.223991
-1.4133377,0.287989
-1.4131377,0.287989
-1.4129377,0.223991
-1.4127377,0.25599
-1.4125377,0.287989
-1.4123377,0.287989
-1.4121377,0.287989
-1.4119377,0.25599
-1.4117377,0.287989
-1.4115377,0.287989
-1.4113377,0.319988
-1.4111377,0.287989
-1.4109377,0.287989
-1.4107377,0.287989
-1.4105377,0.319988
-1.4103377,0.319988
-1.4101377,0.287989
-1.4099377,0.319988
-1.4097377,0.319988
-1.4095377,0.351986
-1.4093377,0.319988
-1.4091377,0.351986
-1.4089377,0.351986
-1.4087377,0.319988
-1.4085377,0.319988
-1.4083377,0.319988
-1.4081377,0.287989
-1.4079377,0.319988
-1.4077377,0.351986
-1.4075377,0.351986
-1.4073377,0.351986
-1.4071377,0.351986
-1.4069377,0.319988
-1.4067377,0.319988
-1.4065377,0.383985
-1.4063377,0.351986
-1.4061377,0.351986
-1.4059377,0.415984
-1.4057377,0.383985
-1.4055377,0.351986
-1.4053377,0.415984
-1.4051377,0.383985
-1.4049377,0.383985
-1.4047377,0.415984
-1.4045377,0.415984
-1.4043377,0.383985
-1.4041377,0.415984
-1.4039377,0.351986
-1.4037377,0.383985
-1.4035377,0.415984
-1.4033377,0.415984
-1.4031377,0.447983
-1.4029377,0.447983
-1.4027377,0.415984
-1.4025377,0.415984
-1.4023377,0.447983
-1.4021377,0.415984
-1.4019377,0.415984
-1.4017377,0.415984
-1.4015377,0.447983
-1.4013377,0.415984
-1.4011377,0.447983
-1.4009377,0.447983
-1.4007377,0.447983
-1.4005377,0.415984
-1.4003377,0.415984
-1.4001377,0.415984
-1.3999377,0.415984
-1.3997377,0.479982
-1.3995377,0.415984
-1.3993377,0.479982
-1.3991377,0.415984
-1.3989377,0.415984
-1.3987377,0.479982
-1.3985377,0.479982
-1.3983377,0.447983
-1.3981377,0.479982
-1.3979377,0.479982
-1.3977377,0.479982
-1.3975377,0.479982
-1.3973377,0.479982
-1.3971377,0.447983
-1.3969377,0.479982
-1.3967377,0.447983
-1.3965377,0.447983
-1.3963377,0.479982
-1.3961377,0.51198
-1.3959377,0.51198
-1.3957377,0.479982
-1.3955377,0.51198
-1.3953377,0.479982
-1.3951377,0.51198
-1.3949377,0.479982
-1.3947377,0.447983
-1.3945377,0.479982
-1.3943377,0.575978
-1.3941377,0.51198
-1.3939377,0.543979
-1.3937377,0.51198
-1.3935377,0.51198
-1.3933377,0.51198
-1.3931377,0.51198
-1.3929377,0.543979
-1.3927377,0.51198
-1.3925377,0.543979
-1.3923377,0.51198
-1.3921377,0.543979
-1.3919377,0.575978
-1.3917377,0.51198
-1.3915377,0.543979
-1.3913377,0.575978
-1.3911377,0.543979
-1.3909377,0.543979
-1.3907377,0.607977
-1.3905377,0.575978
-1.3903377,0.575978
-1.3901377,0.607977
-1.3899377,0.543979
-1.3897377,0.575978
-1.3895377,0.575978
-1.3893377,0.575978
-1.3891377,0.575978
-1.3889377,0.607977
-1.3887377,0.575978
-1.3885377,0.543979
-1.3883377,0.607977
-1.3881377,0.575978
-1.3879377,0.575978
-1.3877377,0.575978
-1.3875377,0.575978
-1.3873377,0.575978
-1.3871377,0.607977
-1.3869377,0.575978
-1.3867377,0.575978
-1.3865377,0.639975
-1.3863377,0.575978
-1.3861377,0.575978
-1.3859377,0.639975
-1.3857377,0.575978
-1.3855377,0.607977
-1.3853377,0.639975
-1.3851377,0.575978
-1.3849377,0.575978
-1.3847377,0.639975
-1.3845377,0.607977
-1.3843377,0.575978
-1.3841377,0.639975
-1.3839377,0.575978
-1.3837377,0.607977
-1.3835377,0.639975
-1.3833377,0.543979
-1.3831377,0.607977
-1.3829377,0.671974
-1.3827377,0.607977
-1.3825377,0.575978
-1.3823377,0.639975
-1.3821377,0.607977
-1.3819377,0.607977
-1.3817377,0.639975
-1.3815377,0.607977
-1.3813377,0.639975
-1.3811377,0.639975
-1.3809377,0.607977
-1.3807377,0.639975
-1.3805377,0.671974
-1.3803377,0.607977
-1.3801377,0.607977
-1.3799377,0.671974
-1.3797377,0.575978
-1.3795377,0.639975
-1.3793377,0.639975
-1.3791377,0.607977
-1.3789377,0.671974
-1.3787377,0.639975
-1.3785377,0.671974
-1.3783377,0.671974
-1.3781377,0.703973
-1.3779377,0.671974
-1.3777377,0.639975
-1.3775377,0.671974
-1.3773377,0.671974
-1.3771377,0.607977
-1.3769377,0.703973
-1.3767377,0.639975
-1.3765377,0.607977
-1.3763377,0.703973
-1.3761377,0.639975
-1.3759377,0.671974
-1.3757377,0.703973
-1.3755377,0.671974
-1.3753377,0.639975
-1.3751377,0.671974
-1.3749377,0.671974
-1.3747377,0.671974
-1.3745377,0.671974
-1.3743377,0.639975
-1.3741377,0.639975
-1.3739377,0.671974
-1.3737377,0.671974
-1.3735377,0.639975
-1.3733377,0.671974
-1.3731377,0.671974
-1.3729377,0.671974
-1.3727377,0.735972
-1.3725377,0.703973
-1.3723377,0.703973
-1.3721377,0.703973
-1.3719377,0.671974
-1.3717377,0.607977
-1.3715377,0.671974
-1.3713377,0.671974
-1.3711377,0.671974
-1.3709377,0.703973
-1.3707377,0.671974
-1.3705377,0.703973
-1.3703377,0.703973
-1.3701377,0.703973
-1.3699377,0.703973
-1.3697377,0.703973
-1.3695377,0.703973
-1.3693377,0.703973
-1.3691377,0.703973
-1.3689377,0.671974
-1.3687377,0.703973
-1.3685377,0.735972
-1.3683377,0.703973
-1.3681377,0.639975
-1.3679377,0.735972
-1.3677377,0.671974
-1.3675377,0.671974
-1.3673377,0.735972
-1.3671377,0.703973
-1.3669377,0.671974
-1.3667377,0.767971
-1.3665377,0.703973
-1.3663377,0.703973
-1.3661377,0.703973
-1.3659377,0.671974
-1.3657377,0.735972
-1.3655377,0.703973
-1.3653377,0.703973
-1.3651377,0.735972
-1.3649377,0.735972
-1.3647377,0.735972
-1.3645377,0.735972
-1.3643377,0.767971
-1.3641377,0.767971
-1.3639377,0.735972
-1.3637377,0.735972
-1.3635377,0.703973
-1.3633377,0.735972
-1.3631377,0.799969
-1.3629377,0.671974
-1.3627377,0.703973
-1.3625377,0.767971
-1.3623377,0.703973
-1.3621377,0.767971
-1.3619377,0.799969
-1.3617377,0.799969
-1.3615377,0.735972
-1.3613377,0.799969
-1.3611377,0.735972
-1.3609377,0.767971
-1.3607377,0.767971
-1.3605377,0.735972
-1.3603377,0.735972
-1.3601377,0.735972
-1.3599377,0.735972
-1.3597377,0.735972
-1.3595377,0.799969
-1.3593377,0.767971
-1.3591377,0.735972
-1.3589377,0.831968
-1.3587377,0.735972
-1.3585377,0.767971
-1.3583377,0.799969
-1.3581377,0.767971
-1.3579377,0.703973
-1.3577377,0.799969
-1.3575377,0.767971
-1.3573377,0.735972
-1.3571377,0.767971
-1.3569377,0.799969
-1.3567377,0.703973
-1.3565377,0.799969
-1.3563377,0.735972
-1.3561377,0.799969
-1.3559377,0.799969
-1.3557377,0.671974
-1.3555377,0.767971
-1.3553377,0.767971
-1.3551377,0.767971
-1.3549377,0.703973
-1.3547377,0.799969
-1.3545377,0.767971
-1.3543377,0.735972
-1.3541377,0.799969
-1.3539377,0.767971
-1.3537377,0.767971
-1.3535377,0.799969
-1.3533377,0.767971
-1.3531377,0.735972
-1.3529377,0.767971
-1.3527377,0.703973
-1.3525377,0.767971
-1.3523377,0.799969
-1.3521377,0.735972
-1.3519377,0.735972
-1.3517377,0.735972
-1.3515377,0.767971
-1.3513377,0.767971
-1.3511377,0.799969
-1.3509377,0.735972
-1.3507377,0.735972
-1.3505377,0.799969
-1.3503377,0.735972
-1.3501377,0.799969
-1.3499377,0.799969
-1.3497377,0.767971
-1.3495377,0.735972
-1.3493377,0.799969
-1.3491377,0.671974
-1.3489377,0.735972
-1.3487377,0.767971
-1.3485377,0.735972
-1.3483377,0.703973
-1.3481377,0.799969
-1.3479377,0.703973
-1.3477377,0.735972
-1.3475377,0.735972
-1.3473377,0.735972
-1.3471377,0.767971
-1.3469377,0.767971
-1.3467377,0.735972
-1.3465377,0.671974
-1.3463377,0.703973
-1.3461377,0.735972
-1.3459377,0.735972
-1.3457377,0.799969
-1.3455377,0.703973
-1.3453377,0.735972
-1.3451377,0.767971
-1.3449377,0.735972
-1.3447377,0.703973
-1.3445377,0.767971
-1.3443377,0.735972
-1.3441377,0.735972
-1.3439377,0.703973
-1.3437377,0.735972
-1.3435377,0.703973
-1.3433377,0.799969
-1.3431377,0.735972
-1.3429377,0.703973
-1.3427377,0.735972
-1.3425377,0.735972
-1.3423377,0.735972
-1.3421377,0.799969
-1.3419377,0.703973
-1.3417377,0.767971
-1.3415377,0.767971
-1.3413377,0.703973
-1.3411377,0.703973
-1.3409377,0.767971
-1.3407377,0.703973
-1.3405377,0.735972
-1.3403377,0.735972
-1.3401377,0.703973
-1.3399377,0.703973
-1.3397377,0.735972
-1.3395377,0.735972
-1.3393377,0.703973
-1.3391377,0.735972
-1.3389377,0.703973
-1.3387377,0.703973
-1.3385377,0.767971
-1.3383377,0.703973
-1.3381377,0.735972
-1.3379377,0.735972
-1.3377377,0.703973
-1.3375377,0.671974
-1.3373377,0.735972
-1.3371377,0.703973
-1.3369377,0.703973
-1.3367377,0.767971
-1.3365377,0.735972
-1.3363377,0.703973
-1.3361377,0.703973
-1.3359377,0.639975
-1.3357377,0.703973
-1.3355377,0.735972
-1.3353377,0.703973
-1.3351377,0.703973
-1.3349377,0.703973
-1.3347377,0.735972
-1.3345377,0.703973
-1.3343377,0.735972
-1.3341377,0.703973
-1.3339377,0.703973
-1.3337377,0.703973
-1.3335377,0.671974
-1.3333377,0.671974
-1.3331377,0.703973
-1.3329377,0.639975
-1.3327377,0.671974
-1.3325377,0.735972
-1.3323377,0.671974
-1.3321377,0.671974
-1.3319377,0.703973
-1.3317377,0.671974
-1.3315377,0.671974
-1.3313377,0.703973
-1.3311377,0.671974
-1.3309377,0.671974
-1.3307377,0.703973
-1.3305377,0.703973
-1.3303377,0.607977
-1.3301377,0.703973
-1.3299377,0.671974
-1.3297377,0.703973
-1.3295377,0.671974
-1.3293377,0.671974
-1.3291377,0.703973
-1.3289377,0.703973
-1.3287377,0.671974
-1.3285377,0.639975
-1.3283377,0.703973
-1.3281377,0.639975
-1.3279377,0.639975
-1.3277377,0.703973
-1.3275377,0.639975
-1.3273377,0.639975
-1.3271377,0.639975
-1.3269377,0.639975
-1.3267377,0.639975
-1.3265377,0.639975
-1.3263377,0.575978
-1.3261377,0.639975
-1.3259377,0.607977
-1.3257377,0.575978
-1.3255377,0.575978
-1.3253377,0.639975
-1.3251377,0.607977
-1.3249377,0.639975
-1.3247377,0.671974
-1.3245377,0.575978
-1.3243377,0.607977
-1.3241377,0.575978
-1.3239377,0.607977
-1.3237377,0.575978
-1.3235377,0.639975
-1.3233377,0.607977
-1.3231377,0.607977
-1.3229377,0.607977
-1.3227377,0.543979
-1.3225377,0.543979
-1.3223377,0.575978
-1.3221377,0.575978
-1.3219377,0.607977
-1.3217377,0.575978
-1.3215377,0.543979
-1.3213377,0.575978
-1.3211377,0.607977
-1.3209377,0.607977
-1.3207377,0.543979
-1.3205377,0.607977
-1.3203377,0.543979
-1.3201377,0.51198
-1.3199377,0.575978
-1.3197377,0.51198
-1.3195377,0.51198
-1.3193377,0.575978
-1.3191377,0.543979
-1.3189377,0.543979
-1.3187377,0.575978
-1.3185377,0.479982
-1.3183377,0.51198
-1.3181377,0.575978
-1.3179377,0.479982
-1.3177377,0.51198
-1.3175377,0.51198
-1.3173377,0.51198
-1.3171377,0.51198
-1.3169377,0.543979
-1.3167377,0.479982
-1.3165377,0.447983
-1.3163377,0.479982
-1.3161377,0.447983
-1.3159377,0.447983
-1.3157377,0.447983
-1.3155377,0.383985
-1.3153377,0.479982
-1.3151377,0.51198
-1.3149377,0.447983
-1.3147377,0.479982
-1.3145377,0.447983
-1.3143377,0.415984
-1.3141377,0.447983
-1.3139377,0.415984
-1.3137377,0.479982
-1.3135377,0.447983
-1.3133377,0.415984
-1.3131377,0.415984
-1.3129377,0.415984
-1.3127377,0.351986
-1.3125377,0.383985
-1.3123377,0.415984
-1.3121377,0.351986
-1.3119377,0.447983
-1.3117377,0.415984
-1.3115377,0.351986
-1.3113377,0.383985
-1.3111377,0.415984
-1.3109377,0.415984
-1.3107377,0.383985
-1.3105377,0.383985
-1.3103377,0.319988
-1.3101377,0.351986
-1.3099377,0.351986
-1.3097377,0.383985
-1.3095377,0.351986
-1.3093377,0.383985
-1.3091377,0.351986
-1.3089377,0.319988
-1.3087377,0.351986
-1.3085377,0.319988
-1.3083377,0.351986
-1.3081377,0.319988
-1.3079377,0.351986
-1.3077377,0.319988
-1.3075377,0.351986
-1.3073377,0.351986
-1.3071377,0.319988
-1.3069377,0.351986
-1.3067377,0.383985
-1.3065377,0.287989
-1.3063377,0.351986
-1.3061377,0.287989
-1.3059377,0.351986
-1.3057377,0.351986
-1.3055377,0.287989
-1.3053377,0.319988
-1.3051377,0.351986
-1.3049377,0.319988
-1.3047377,0.319988
-1.3045377,0.287989
-1.3043377,0.25599
-1.3041377,0.287989
-1.3039377,0.319988
-1.3037377,0.287989
-1.3035377,0.25599
-1.3033377,0.319988
-1.3031377,0.287989
-1.3029377,0.287989
-1.3027377,0.287989
-1.3025377,0.287989
-1.3023377,0.287989
-1.3021377,0.287989
-1.3019377,0.25599
-1.3017377,0.25599
-1.3015377,0.287989
-1.3013377,0.25599
-1.3011377,0.287989
-1.3009377,0.287989
-1.3007377,0.223991
-1.3005377,0.223991
-1.3003377,0.25599
-1.3001377,0.25599
-1.2999377,0.25599
-1.2997377,0.223991
-1.2995377,0.223991
-1.2993377,0.25599
-1.2991377,0.25599
-1.2989377,0.25599
-1.2987377,0.223991
-1.2985377,0.25599
-1.2983377,0.223991
-1.2981377,0.223991
-1.2979377,0.223991
-1.2977377,0.223991
-1.2975377,0.25599
-1.2973377,0.25599
-1.2971377,0.223991
-1.2969377,0.25599
-1.2967377,0.25599
-1.2965377,0.191993
-1.2963377,0.191993
-1.2961377,0.25599
-1.2959377,0.25599
-1.2957377,0.223991
-1.2955377,0.223991
-1.2953377,0.223991
-1.2951377,0.223991
-1.2949377,0.191993
-1.2947377,0.191993
-1.2945377,0.191993
-1.2943377,0.191993
-1.2941377,0.223991
-1.2939377,0.223991
-1.2937377,0.191993
-1.2935377,0.191993
-1.2933377,0.223991
-1.2931377,0.191993
-1.2929377,0.159994
-1.2927377,0.191993
-1.2925377,0.223991
-1.2923377,0.191993
-1.2921377,0.159994
-1.2919377,0.191993
-1.2917377,0.191993
-1.2915377,0.159994
-1.2913377,0.191993
-1.2911377,0.159994
-1.2909377,0.159994
-1.2907377,0.159994
-1.2905377,0.159994
-1.2903377,0.191993
-1.2901377,0.191993
-1.2899377,0.191993
-1.2897377,0.159994
-1.2895377,0.191993
-1.2893377,0.191993
-1.2891377,0.127995
-1.2889377,0.159994
-1.2887377,0.127995
-1.2885377,0.159994
-1.2883377,0.127995
-1.2881377,0.127995
-1.2879377,0.159994
-1.2877377,0.159994
-1.2875377,0.127995
-1.2873377,0.159994
-1.2871377,0.159994
-1.2869377,0.159994
-1.2867377,0.0959963
-1.2865377,0.159994
-1.2863377,0.127995
-1.2861377,0.0959963
-1.2859377,0.0959963
-1.2857377,0.127995
-1.2855377,0.127995
-1.2853377,0.127995
-1.2851377,0.127995
-1.2849377,0.0959963
-1.2847377,0.127995
-1.2845377,0.0959963
-1.2843377,0.127995
-1.2841377,0.0959963
-1.2839377,0.0959963
-1.2837377,0.0959963
-1.2835377,0.127995
-1.2833377,0.127995
-1.2831377,0.0639975
-1.2829377,0.127995
-1.2827377,0.0959963
-1.2825377,0.0639975
-1.2823377,0.0959963
-1.2821377,0.127995
-1.2819377,0.0639975
-1.2817377,0.0959963
-1.2815377,0.0639975
-1.2813377,0.0959963
-1.2811377,0.0639975
-1.2809377,0.0639975
-1.2807377,0.0959963
-1.2805377,0.0959963
-1.2803377,0.0959963
-1.2801377,0.0639975
-1.2799377,0.0959963
-1.2797377,0.0639975
-1.2795377,0.0639975
-1.2793377,0.127995
-1.2791377,0.0319988
-1.2789377,0.0639975
-1.2787377,0.0959963
-1.2785377,0.0639975
-1.2783377,0.0959963
-1.2781377,0.0959963
-1.2779377,0.0639975
-1.2777377,0.0639975
-1.2775377,0.0319988
-1.2773377,0.0639975
-1.2771377,0.0319988
-1.2769377,0.0639975
-1.2767377,0
-1.2765377,0.0639975
-1.2763377,0.0319988
-1.2761377,0.0319988
-1.2759377,0.0319988
-1.2757377,0.0319988
-1.2755377,0.0639975
-1.2753377,0
-1.2751377,0.0639975
-1.2749377,0.0639975
-1.2747377,0.0319988
-1.2745377,0.0319988
-1.2743377,0.0639975
-1.2741377,0.0319988
-1.2739377,-0.0319988
-1.2737377,0.0639975
-1.2735377,0.0319988
-1.2733377,0.0319988
-1.2731377,0.0639975
-1.2729377,0.0319988
-1.2727377,0.0639975
-1.2725377,0
-1.2723377,0.0319988
-1.2721377,0.0319988
-1.2719377,0
-1.2717377,0.0319988
-1.2715377,0
-1.2713377,0.0319988
-1.2711377,0
-1.2709377,0
-1.2707377,-0.0319988
-1.2705377,0
-1.2703377,0
-1.2701377,0
-1.2699377,-0.0319988
-1.2697377,0.0319988
-1.2695377,0
-1.2693377,-0.0319988
-1.2691377,0.0319988
-1.2689377,0.0319988
-1.2687377,-0.0319988
-1.2685377,-0.0319988
-1.2683377,-0.0319988
-1.2681377,-0.0319988
-1.2679377,0
-1.2677377,-0.0959963
-1.2675377,-0.0959963
-1.2673377,-0.0319988
-1.2671377,-0.0639975
-1.2669377,-0.0639975
-1.2667377,-0.0319988
-1.2665377,-0.0639975
-1.2663377,-0.0959963
-1.2661377,-0.0319988
-1.2659377,-0.0959963
-1.2657377,-0.0959963
-1.2655377,-0.0639975
-1.2653377,-0.0319988
-1.2651377,-0.0639975
-1.2649377,-0.0319988
-1.2647377,-0.0319988
-1.2645377,-0.0959963
-1.2643377,-0.0639975
-1.2641377,-0.0639975
-1.2639377,-0.0959963
-1.2637377,-0.0319988
-1.2635377,-0.127995
-1.2633377,-0.127995
-1.2631377,-0.0639975
-1.2629377,-0.0959963
-1.2627377,-0.127995
-1.2625377,-0.0959963
-1.2623377,-0.0959963
-1.2621377,-0.127995
-1.2619377,-0.0959963
-1.2617377,-0.0639975
-1.2615377,-0.127995
-1.2613377,-0.127995
-1.2611377,-0.0959963
-1.2609377,-0.0959963
-1.2607377,-0.127995
-1.2605377,-0.127995
-1.2603377,-0.0959963
-1.2601377,-0.127995
-1.2599377,-0.127995
-1.2597377,-0.159994
-1.2595377,-0.127995
-1.2593377,-0.127995
-1.2591377,-0.127995
-1.2589377,-0.127995
-1.2587377,-0.127995
-1.2585377,-0.127995
-1.2583377,-0.159994
-1.2581377,-0.159994
-1.2579377,-0.159994
-1.2577377,-0.127995
-1.2575377,-0.127995
-1.2573377,-0.127995
-1.2571377,-0.127995
-1.2569377,-0.127995
-1.2567377,-0.159994
-1.2565377,-0.127995
-1.2563377,-0.127995
-1.2561377,-0.127995
-1.2559377,-0.127995
-1.2557377,-0.0959963
-1.2555377,-0.159994
-1.2553377,-0.127995
-1.2551377,-0.127995
-1.2549377,-0.191993
-1.2547377,-0.0959963
-1.2545377,-0.127995
-1.2543377,-0.127995
-1.2541377,-0.191993
-1.2539377,-0.127995
-1.2537377,-0.159994
-1.2535377,-0.159994
-1.2533377,-0.127995
-1.2531377,-0.191993
-1.2529377,-0.159994
-1.2527377,-0.159994
-1.2525377,-0.191993
-1.2523377,-0.159994
-1.2521377,-0.127995
-1.2519377,-0.159994
-1.2517377,-0.159994
-1.2515377,-0.159994
-1.2513377,-0.191993
-1.2511377,-0.159994
-1.2509377,-0.127995
-1.2507377,-0.159994
-1.2505377,-0.159994
-1.2503377,-0.159994
-1.2501377,-0.191993
-1.2499377,-0.159994
-1.2497377,-0.127995
-1.2495377,-0.191993
-1.2493377,-0.191993
-1.2491377,-0.191993
-1.2489377,-0.159994
-1.2487377,-0.191993
-1.2485377,-0.223991
-1.2483377,-0.191993
-1.2481377,-0.191993
-1.2479377,-0.191993
-1.2477377,-0.191993
-1.2475377,-0.223991
-1.2473377,-0.127995
-1.2471377,-0.191993
-1.2469377,-0.191993
-1.2467377,-0.191993
-1.2465377,-0.191993
-1.2463377,-0.223991
-1.2461377,-0.191993
-1.2459377,-0.191993
-1.2457377,-0.191993
-1.2455377,-0.191993
-1.2453377,-0.191993
-1.2451377,-0.159994
-1.2449377,-0.191993
-1.2447377,-0.223991
-1.2445377,-0.191993
-1.2443377,-0.191993
-1.2441377,-0.223991
-1.2439377,-0.159994
-1.2437377,-0.159994
-1.2435377,-0.223991
-1.2433377,-0.191993
-1.2431377,-0.191993
-1.2429377,-0.223991
-1.2427377,-0.191993
-1.2425377,-0.191993
-1.2423377,-0.25599
-1.2421377,-0.25599
-1.2419377,-0.191993
-1.2417377,-0.223991
-1.2415377,-0.223991
-1.2413377,-0.159994
-1.2411377,-0.223991
-1.2409377,-0.25599
-1.2407377,-0.159994
-1.2405377,-0.223991
-1.2403377,-0.223991
-1.2401377,-0.191993
-1.2399377,-0.25599
-1.2397377,-0.223991
-1.2395377,-0.223991
-1.2393377,-0.25599
-1.2391377,-0.223991
-1.2389377,-0.223991
-1.2387377,-0.191993
-1.2385377,-0.25599
-1.2383377,-0.191993
-1.2381377,-0.25599
-1.2379377,-0.223991
-1.2377377,-0.223991
-1.2375377,-0.223991
-1.2373377,-0.25599
-1.2371377,-0.223991
-1.2369377,-0.223991
-1.2367377,-0.25599
-1.2365377,-0.191993
-1.2363377,-0.223991
-1.2361377,-0.25599
-1.2359377,-0.191993
-1.2357377,-0.25599
-1.2355377,-0.25599
-1.2353377,-0.25599
-1.2351377,-0.25599
-1.2349377,-0.223991
-1.2347377,-0.25599
-1.2345377,-0.223991
-1.2343377,-0.319988
-1.2341377,-0.25599
-1.2339377,-0.223991
-1.2337377,-0.25599
-1.2335377,-0.223991
-1.2333377,-0.25599
-1.2331377,-0.25599
-1.2329377,-0.25599
-1.2327377,-0.223991
-1.2325377,-0.287989
-1.2323377,-0.287989
-1.2321377,-0.223991
-1.2319377,-0.25599
-1.2317377,-0.223991
-1.2315377,-0.223991
-1.2313377,-0.287989
-1.2311377,-0.25599
-1.2309377,-0.287989
-1.2307377,-0.25599
-1.2305377,-0.25599
-1.2303377,-0.25599
-1.2301377,-0.25599
-1.2299377,-0.287989
-1.2297377,-0.25599
-1.2295377,-0.25599
-1.2293377,-0.223991
-1.2291377,-0.25599
-1.2289377,-0.25599
-1.2287377,-0.25599
-1.2285377,-0.223991
-1.2283377,-0.287989
-1.2281377,-0.191993
-1.2279377,-0.25599
-1.2277377,-0.25599
-1.2275377,-0.223991
-1.2273377,-0.223991
-1.2271377,-0.25599
-1.2269377,-0.223991
-1.2267377,-0.287989
-1.2265377,-0.25599
-1.2263377,-0.25599
-1.2261377,-0.25599
-1.2259377,-0.25599
-1.2257377,-0.25599
-1.2255377,-0.287989
-1.2253377,-0.25599
-1.2251377,-0.25599
-1.2249377,-0.25599
-1.2247377,-0.25599
-1.2245377,-0.223991
-1.2243377,-0.25599
-1.2241377,-0.25599
-1.2239377,-0.287989
-1.2237377,-0.287989
-1.2235377,-0.25599
-1.2233377,-0.287989
-1.2231377,-0.287989
-1.2229377,-0.287989
-1.2227377,-0.223991
-1.2225377,-0.287989
-1.2223377,-0.25599
-1.2221377,-0.287989
-1.2219377,-0.25599
-1.2217377,-0.25599
-1.2215377,-0.191993
-1.2213377,-0.287989
-1.2211377,-0.287989
-1.2209377,-0.223991
-1.2207377,-0.25599
-1.2205377,-0.319988
-1.2203377,-0.287989
-1.2201377,-0.25599
-1.2199377,-0.25599
-1.2197377,-0.223991
-1.2195377,-0.25599
-1.2193377,-0.25599
-1.2191377,-0.25599
-1.2189377,-0.287989
-1.2187377,-0.287989
-1.2185377,-0.25599
-1.2183377,-0.287989
-1.2181377,-0.223991
-1.2179377,-0.223991
-1.2177377,-0.287989
-1.2175377,-0.287989
-1.2173377,-0.287989
-1.2171377,-0.287989
-1.2169377,-0.223991
-1.2167377,-0.191993
-1.2165377,-0.25599
-1.2163377,-0.25599
-1.2161377,-0.25599
-1.2159377,-0.25599
-1.2157377,-0.25599
-1.2155377,-0.319988
-1.2153377,-0.287989
-1.2151377,-0.25599
-1.2149377,-0.191993
-1.2147377,-0.287989
-1.2145377,-0.319988
-1.2143377,-0.25599
-1.2141377,-0.287989
-1.2139377,-0.287989
-1.2137377,-0.287989
-1.2135377,-0.287989
-1.2133377,-0.25599
-1.2131377,-0.25599
-1.2129377,-0.287989
-1.2127377,-0.319988
-1.2125377,-0.287989
-1.2123377,-0.287989
-1.2121377,-0.287989
-1.2119377,-0.25599
-1.2117377,-0.287989
-1.2115377,-0.287989
-1.2113377,-0.25599
-1.2111377,-0.287989
-1.2109377,-0.287989
-1.2107377,-0.319988
-1.2105377,-0.25599
-1.2103377,-0.287989
-1.2101377,-0.287989
-1.2099377,-0.287989
-1.2097377,-0.319988
-1.2095377,-0.287989
-1.2093377,-0.287989
-1.2091377,-0.287989
-1.2089377,-0.25599
-1.2087377,-0.287989
-1.2085377,-0.287989
-1.2083377,-0.25599
-1.2081377,-0.25599
-1.2079377,-0.287989
-1.2077377,-0.319988
-1.2075377,-0.287989
-1.2073377,-0.223991
-1.2071377,-0.25599
-1.2069377,-0.287989
-1.2067377,-0.25599
-1.2065377,-0.25599
-1.2063377,-0.25599
-1.2061377,-0.25599
-1.2059377,-0.223991
-1.2057377,-0.25599
-1.2055377,-0.287989
-1.2053377,-0.287989
-1.2051377,-0.25599
-1.2049377,-0.287989
-1.2047377,-0.287989
-1.2045377,-0.287989
-1.2043377,-0.319988
-1.2041377,-0.25599
-1.2039377,-0.25599
-1.2037377,-0.287989
-1.2035377,-0.287989
-1.2033377,-0.25599
-1.2031377,-0.319988
-1.2029377,-0.287989
-1.2027377,-0.287989
-1.2025377,-0.25599
-1.2023377,-0.287989
-1.2021377,-0.287989
-1.2019377,-0.287989
-1.2017377,-0.25599
-1.2015377,-0.319988
-1.2013377,-0.287989
-1.2011377,-0.287989
-1.2009377,-0.25599
-1.2007377,-0.287989
-1.2005377,-0.25599
-1.2003377,-0.287989
-1.2001377,-0.25599
-1.1999377,-0.319988
-1.1997377,-0.287989
-1.1995377,-0.319988
-1.1993377,-0.319988
-1.1991377,-0.287989
-1.1989377,-0.319988
-1.1987377,-0.25599
-1.1985377,-0.287989
-1.1983377,-0.287989
-1.1981377,-0.191993
-1.1979377,-0.287989
-1.1977377,-0.287989
-1.1975377,-0.319988
-1.1973377,-0.319988
-1.1971377,-0.25599
-1.1969377,-0.25599
-1.1967377,-0.25599
-1.1965377,-0.287989
-1.1963377,-0.287989
-1.1961377,-0.287989
-1.1959377,-0.25599
-1.1957377,-0.287989
-1.1955377,-0.25599
-1.1953377,-0.25599
-1.1951377,-0.25599
-1.1949377,-0.287989
-1.1947377,-0.25599
-1.1945377,-0.287989
-1.1943377,-0.25599
-1.1941377,-0.25599
-1.1939377,-0.25599
-1.1937377,-0.25599
-1.1935377,-0.25599
-1.1933377,-0.223991
-1.1931377,-0.25599
-1.1929377,-0.25599
-1.1927377,-0.25599
-1.1925377,-0.191993
-1.1923377,-0.25599
-1.1921377,-0.25599
-1.1919377,-0.25599
-1.1917377,-0.25599
-1.1915377,-0.25599
-1.1913377,-0.223991
-1.1911377,-0.223991
-1.1909377,-0.223991
-1.1907377,-0.25599
-1.1905377,-0.223991
-1.1903377,-0.191993
-1.1901377,-0.223991
-1.1899377,-0.25599
-1.1897377,-0.223991
-1.1895377,-0.223991
-1.1893377,-0.223991
-1.1891377,-0.191993
-1.1889377,-0.25599
-1.1887377,-0.223991
-1.1885377,-0.223991
-1.1883377,-0.191993
-1.1881377,-0.223991
-1.1879377,-0.25599
-1.1877377,-0.287989
-1.1875377,-0.191993
-1.1873377,-0.191993
-1.1871377,-0.191993
-1.1869377,-0.25599
-1.1867377,-0.25599
-1.1865377,-0.25599
-1.1863377,-0.223991
-1.1861377,-0.191993
-1.1859377,-0.25599
-1.1857377,-0.25599
-1.1855377,-0.159994
-1.1853377,-0.223991
-1.1851377,-0.223991
-1.1849377,-0.191993
-1.1847377,-0.223991
-1.1845377,-0.223991
-1.1843377,-0.191993
-1.1841377,-0.223991
-1.1839377,-0.191993
-1.1837377,-0.191993
-1.1835377,-0.191993
-1.1833377,-0.159994
-1.1831377,-0.191993
-1.1829377,-0.191993
-1.1827377,-0.191993
-1.1825377,-0.191993
-1.1823377,-0.191993
-1.1821377,-0.223991
-1.1819377,-0.159994
-1.1817377,-0.191993
-1.1815377,-0.159994
-1.1813377,-0.159994
-1.1811377,-0.191993
-1.1809377,-0.159994
-1.1807377,-0.159994
-1.1805377,-0.159994
-1.1803377,-0.191993
-1.1801377,-0.159994
-1.1799377,-0.191993
-1.1797377,-0.159994
-1.1795377,-0.191993
-1.1793377,-0.191993
-1.1791377,-0.127995
-1.1789377,-0.191993
-1.1787377,-0.159994
-1.1785377,-0.159994
-1.1783377,-0.191993
-1.1781377,-0.159994
-1.1779377,-0.127995
-1.1777377,-0.159994
-1.1775377,-0.159994
-1.1773377,-0.159994
-1.1771377,-0.159994
-1.1769377,-0.127995
-1.1767377,-0.127995
-1.1765377,-0.127995
-1.1763377,-0.191993
-1.1761377,-0.127995
-1.1759377,-0.159994
-1.1757377,-0.159994
-1.1755377,-0.127995
-1.1753377,-0.127995
-1.1751377,-0.159994
-1.1749377,-0.127995
-1.1747377,-0.127995
-1.1745377,-0.127995
-1.1743377,-0.127995
-1.1741377,-0.159994
-1.1739377,-0.127995
-1.1737377,-0.127995
-1.1735377,-0.0959963
-1.1733377,-0.159994
-1.1731377,-0.159994
-1.1729377,-0.0959963
-1.1727377,-0.127995
-1.1725377,-0.127995
-1.1723377,-0.0959963
-1.1721377,-0.127995
-1.1719377,-0.159994
-1.1717377,-0.0959963
-1.1715377,-0.127995
-1.1713377,-0.127995
-1.1711377,-0.127995
-1.1709377,-0.127995
-1.1707377,-0.159994
-1.1705377,-0.0959963
-1.1703377,-0.0959963
-1.1701377,-0.127995
-1.1699377,-0.127995
-1.1697377,-0.127995
-1.1695377,-0.127995
-1.1693377,-0.0639975
-1.1691377,-0.0959963
-1.1689377,-0.127995
-1.1687377,-0.0959963
-1.1685377,-0.0959963
-1.1683377,-0.0639975
-1.1681377,-0.127995
-1.1679377,-0.0959963
-1.1677377,-0.0959963
-1.1675377,-0.0639975
-1.1673377,-0.159994
-1.1671377,-0.0959963
-1.1669377,-0.0959963
-1.1667377,-0.0959963
-1.1665377,-0.127995
-1.1663377,-0.0959963
-1.1661377,-0.0959963
-1.1659377,-0.0639975
-1.1657377,-0.0959963
-1.1655377,-0.127995
-1.1653377,-0.0959963
-1.1651377,-0.0959963
-1.1649377,-0.159994
-1.1647377,-0.0959963
-1.1645377,-0.0959963
-1.1643377,-0.0959963
-1.1641377,-0.127995
-1.1639377,-0.0959963
-1.1637377,-0.159994
-1.1635377,-0.0959963
-1.1633377,-0.0959963
-1.1631377,-0.127995
-1.1629377,-0.127995
-1.1627377,-0.0959963
-1.1625377,-0.127995
-1.1623377,-0.127995
-1.1621377,-0.127995
-1.1619377,-0.127995
-1.1617377,-0.127995
-1.1615377,-0.0959963
-1.1613377,-0.127995
-1.1611377,-0.127995
-1.1609377,-0.127995
-1.1607377,-0.0959963
-1.1605377,-0.127995
-1.1603377,-0.127995
-1.1601377,-0.127995
-1.1599377,-0.0959963
-1.1597377,-0.0959963
-1.1595377,-0.127995
-1.1593377,-0.127995
-1.1591377,-0.0959963
-1.1589377,-0.127995
-1.1587377,-0.0639975
-1.1585377,-0.127995
-1.1583377,-0.159994
-1.1581377,-0.159994
-1.1579377,-0.0959963
-1.1577377,-0.159994
-1.1575377,-0.159994
-1.1573377,-0.0959963
-1.1571377,-0.159994
-1.1569377,-0.127995
-1.1567377,-0.127995
-1.1565377,-0.127995
-1.1563377,-0.0959963
-1.1561377,-0.0959963
-1.1559377,-0.127995
-1.1557377,-0.127995
-1.1555377,-0.0959963
-1.1553377,-0.127995
-1.1551377,-0.0959963
-1.1549377,-0.127995
-1.1547377,-0.127995
-1.1545377,-0.159994
-1.1543377,-0.127995
-1.1541377,-0.127995
-1.1539377,-0.0959963
-1.1537377,-0.0959963
-1.1535377,-0.127995
-1.1533377,-0.0959963
-1.1531377,-0.127995
-1.1529377,-0.127995
-1.1527377,-0.127995
-1.1525377,-0.0959963
-1.1523377,-0.159994
-1.1521377,-0.0959963
-1.1519377,-0.127995
-1.1517377,-0.159994
-1.1515377,-0.127995
-1.1513377,-0.0959963
-1.1511377,-0.127995
-1.1509377,-0.127995
-1.1507377,-0.0959963
-1.1505377,-0.127995
-1.1503377,-0.127995
-1.1501377,-0.127995
-1.1499377,-0.0959963
-1.1497377,-0.127995
-1.1495377,-0.0959963
-1.1493377,-0.159994
-1.1491377,-0.0959963
-1.1489377,-0.0639975
-1.1487377,-0.159994
-1.1485377,-0.0639975
-1.1483377,-0.127995
-1.1481377,-0.159994
-1.1479377,-0.127995
-1.1477377,-0.127995
-1.1475377,-0.0959963
-1.1473377,-0.127995
-1.1471377,-0.0959963
-1.1469377,-0.0959963
-1.1467377,-0.159994
-1.1465377,-0.0959963
-1.1463377,-0.0959963
-1.1461377,-0.127995
-1.1459377,-0.0959963
-1.1457377,-0.127995
-1.1455377,-0.0959963
-1.1453377,-0.0959963
-1.1451377,-0.0959963
-1.1449377,-0.127995
-1.1447377,-0.0959963
-1.1445377,-0.127995
-1.1443377,-0.0639975
-1.1441377,-0.0959963
-1.1439377,-0.0959963
-1.1437377,-0.127995
-1.1435377,-0.0639975
-1.1433377,-0.127995
-1.1431377,-0.0959963
-1.1429377,-0.0639975
-1.1427377,-0.127995
-1.1425377,-0.0959963
-1.1423377,-0.0319988
-1.1421377,-0.127995
-1.1419377,-0.127995
-1.1417377,-0.0959963
-1.1415377,-0.127995
-1.1413377,-0.0959963
-1.1411377,-0.0639975
-1.1409377,-0.0639975
-1.1407377,-0.0959963
-1.1405377,-0.0959963
-1.1403377,-0.127995
-1.1401377,-0.0959963
-1.1399377,-0.0959963
-1.1397377,-0.0959963
-1.1395377,-0.0959963
-1.1393377,-0.0639975
-1.1391377,-0.127995
-1.1389377,-0.127995
-1.1387377,-0.0639975
-1.1385377,-0.127995
-1.1383377,-0.0639975
-1.1381377,-0.0959963
-1.1379377,-0.0959963
-1.1377377,-0.0959963
-1.1375377,-0.0959963
-1.1373377,-0.0959963
-1.1371377,-0.127995
-1.1369377,-0.0959963
-1.1367377,-0.159994
-1.1365377,-0.0959963
-1.1363377,-0.0639975
-1.1361377,-0.127995
-1.1359377,-0.127995
-1.1357377,-0.0639975
-1.1355377,-0.0959963
-1.1353377,-0.0639975
-1.1351377,-0.0639975
-1.1349377,-0.0959963
-1.1347377,-0.0959963
-1.1345377,-0.127995
-1.1343377,-0.0959963
-1.1341377,-0.0959963
-1.1339377,-0.0639975
-1.1337377,-0.0959963
-1.1335377,-0.0319988
-1.1333377,-0.0959963
-1.1331377,-0.0959963
-1.1329377,-0.0639975
-1.1327377,-0.0639975
-1.1325377,-0.0959963
-1.1323377,-0.0959963
-1.1321377,-0.0319988
-1.1319377,-0.0959963
-1.1317377,-0.0639975
-1.1315377,-0.0959963
-1.1313377,-0.0959963
-1.1311377,-0.0639975
-1.1309377,0
-1.1307377,-0.0959963
-1.1305377,-0.0639975
-1.1303377,-0.0639975
-1.1301377,-0.0959963
-1.1299377,-0.0639975
-1.1297377,-0.0639975
-1.1295377,-0.0639975
-1.1293377,-0.0319988
-1.1291377,-0.0639975
-1.1289377,-0.0639975
-1.1287377,-0.0319988
-1.1285377,-0.0639975
-1.1283377,-0.0959963
-1.1281377,-0.0959963
-1.1279377,-0.0639975
-1.1277377,-0.0639975
-1.1275377,-0.0639975
-1.1273377,-0.0639975
-1.1271377,-0.0959963
-1.1269377,-0.0639975
-1.1267377,-0.0959963
-1.1265377,-0.0959963
-1.1263377,-0.0639975
-1.1261377,-0.0639975
-1.1259377,-0.0639975
-1.1257377,-0.0319988
-1.1255377,-0.0319988
-1.1253377,-0.0959963
-1.1251377,-0.0959963
-1.1249377,-0.0639975
-1.1247377,-0.0959963
-1.1245377,-0.0639975
-1.1243377,-0.0319988
-1.1241377,-0.0959963
-1.1239377,-0.0319988
-1.1237377,0
-1.1235377,-0.0319988
-1.1233377,-0.0319988
-1.1231377,-0.0639975
-1.1229377,-0.0639975
-1.1227377,-0.0319988
-1.1225377,-0.0319988
-1.1223377,-0.0639975
-1.1221377,-0.0319988
-1.1219377,-0.0639975
-1.1217377,-0.0959963
-1.1215377,-0.0639975
-1.1213377,-0.0639975
-1.1211377,-0.0639975
-1.1209377,-0.0639975
-1.1207377,-0.0639975
-1.1205377,-0.0639975
-1.1203377,0
-1.1201377,-0.0319988
-1.1199377,-0.0639975
-1.1197377,-0.0319988
-1.1195377,0
-1.1193377,-0.0319988
-1.1191377,-0.0319988
-1.1189377,-0.0639975
-1.1187377,-0.0639975
-1.1185377,-0.0319988
-1.1183377,0.0319988
-1.1181377,0
-1.1179377,0
-1.1177377,-0.0319988
-1.1175377,-0.0319988
-1.1173377,-0.0319988
-1.1171377,-0.0319988
-1.1169377,-0.0639975
-1.1167377,-0.0319988
-1.1165377,0
-1.1163377,-0.0639975
-1.1161377,-0.0319988
-1.1159377,-0.0319988
-1.1157377,-0.0319988
-1.1155377,-0.0319988
-1.1153377,-0.0639975
-1.1151377,-0.0319988
-1.1149377,-0.0319988
-1.1147377,-0.0319988
-1.1145377,-0.0639975
-1.1143377,-0.0639975
-1.1141377,0
-1.1139377,-0.0319988
-1.1137377,0.0319988
-1.1135377,-0.0319988
-1.1133377,-0.0319988
-1.1131377,-0.0319988
-1.1129377,-0.0319988
-1.1127377,-0.0639975
-1.1125377,-0.0639975
-1.1123377,-0.0319988
-1.1121377,-0.0319988
-1.1119377,-0.0639975
-1.1117377,-0.0319988
-1.1115377,0.0319988
-1.1113377,0
-1.1111377,-0.0319988
-1.1109377,-0.0639975
-1.1107377,0
-1.1105377,-0.0319988
-1.1103377,0
-1.1101377,0
-1.1099377,0
-1.1097377,-0.0639975
-1.1095377,0
-1.1093377,0
-1.1091377,-0.0319988
-1.1089377,-0.0319988
-1.1087377,-0.0639975
-1.1085377,-0.0639975
-1.1083377,0
-1.1081377,-0.0319988
-1.1079377,-0.0639975
-1.1077377,0
-1.1075377,0.0319988
-1.1073377,0
-1.1071377,0
-1.1069377,0
-1.1067377,0
-1.1065377,0
-1.1063377,-0.0319988
-1.1061377,-0.0319988
-1.1059377,0
-1.1057377,0
-1.1055377,-0.0639975
-1.1053377,-0.0319988
-1.1051377,0.0319988
-1.1049377,0
-1.1047377,-0.0639975
-1.1045377,0.0319988
-1.1043377,-0.0319988
-1.1041377,0
-1.1039377,0
-1.1037377,-0.0959963
-1.1035377,-0.0319988
-1.1033377,0
-1.1031377,-0.0639975
-1.1029377,0
-1.1027377,-0.0639975
-1.1025377,-0.0959963
-1.1023377,-0.0319988
-1.1021377,-0.0319988
-1.1019377,-0.0319988
-1.1017377,-0.0639975
-1.1015377,-0.0639975
-1.1013377,0
-1.1011377,-0.0639975
-1.1009377,-0.0639975
-1.1007377,-0.0639975
-1.1005377,0
-1.1003377,-0.0639975
-1.1001377,-0.0319988
-1.0999377,-0.0639975
-1.0997377,-0.0639975
-1.0995377,-0.0639975
-1.0993377,-0.0639975
-1.0991377,-0.0639975
-1.0989377,-0.0959963
-1.0987377,-0.0639975
-1.0985377,-0.0319988
-1.0983377,-0.0319988
-1.0981377,-0.0319988
-1.0979377,-0.0639975
-1.0977377,-0.0959963
-1.0975377,-0.0959963
-1.0973377,-0.0639975
-1.0971377,-0.0639975
-1.0969377,-0.0639975
-1.0967377,-0.0319988
-1.0965377,-0.0639975
-1.0963377,0
-1.0961377,-0.0959963
-1.0959377,-0.0959963
-1.0957377,-0.0639975
-1.0955377,-0.0319988
-1.0953377,-0.0959963
-1.0951377,-0.0959963
-1.0949377,-0.0319988
-1.0947377,-0.0959963
-1.0945377,-0.0639975
-1.0943377,-0.0639975
-1.0941377,-0.0639975
-1.0939377,-0.0959963
-1.0937377,-0.0639975
-1.0935377,-0.0639975
-1.0933377,-0.0639975
-1.0931377,-0.0639975
-1.0929377,-0.0959963
-1.0927377,-0.0639975
-1.0925377,-0.0639975
-1.0923377,-0.127995
-1.0921377,-0.0639975
-1.0919377,-0.0639975
-1.0917377,-0.0959963
-1.0915377,-0.127995
-1.0913377,-0.0639975
-1.0911377,-0.0959963
-1.0909377,-0.0959963
-1.0907377,-0.0959963
-1.0905377,-0.0959963
-1.0903377,-0.0959963
-1.0901377,-0.0639975
-1.0899377,-0.127995
-1.0897377,-0.0639975
-1.0895377,-0.127995
-1.0893377,-0.0959963
-1.0891377,-0.127995
-1.0889377,-0.0959963
-1.0887377,-0.127995
-1.0885377,-0.127995
-1.0883377,-0.0959963
-1.0881377,-0.127995
-1.0879377,-0.0959963
-1.0877377,-0.0959963
-1.0875377,-0.0959963
-1.0873377,-0.127995
-1.0871377,-0.127995
-1.0869377,-0.0959963
-1.0867377,-0.0959963
-1.0865377,-0.0959963
-1.0863377,-0.159994
-1.0861377,-0.0959963
-1.0859377,-0.127995
-1.0857377,-0.127995
-1.0855377,-0.0959963
-1.0853377,-0.127995
-1.0851377,-0.0959963
-1.0849377,-0.127995
-1.0847377,-0.0959963
-1.0845377,-0.0959963
-1.0843377,-0.0959963
-1.0841377,-0.0959963
-1.0839377,-0.127995
-1.0837377,-0.0959963
-1.0835377,-0.0639975
-1.0833377,-0.159994
-1.0831377,-0.127995
-1.0829377,-0.0959963
-1.0827377,-0.127995
-1.0825377,-0.0639975
-1.0823377,-0.0959963
-1.0821377,-0.0959963
-1.0819377,-0.0959963
-1.0817377,-0.0639975
-1.0815377,-0.127995
-1.0813377,-0.0959963
-1.0811377,-0.0959963
-1.0809377,-0.0959963
-1.0807377,-0.0959963
-1.0805377,-0.127995
-1.0803377,-0.0959963
-1.0801377,-0.0639975
-1.0799377,-0.0959963
-1.0797377,-0.0639975
-1.0795377,-0.0639975
-1.0793377,-0.0959963
-1.0791377,-0.0959963
-1.0789377,-0.0639975
-1.0787377,-0.0959963
-1.0785377,-0.0959963
-1.0783377,-0.0959963
-1.0781377,-0.0959963
-1.0779377,-0.0959963
-1.0777377,-0.0959963
-1.0775377,-0.0959963
-1.0773377,-0.127995
-1.0771377,-0.0959963
-1.0769377,-0.0959963
-1.0767377,-0.0959963
-1.0765377,-0.0959963
-1.0763377,-0.127995
-1.0761377,-0.127995
-1.0759377,-0.0959963
-1.0757377,-0.0959963
-1.0755377,-0.0959963
-1.0753377,-0.0639975
-1.0751377,-0.0959963
-1.0749377,-0.0959963
-1.0747377,-0.0959963
-1.0745377,-0.0959963
-1.0743377,-0.127995
-1.0741377,-0.0639975
-1.0739377,-0.0959963
-1.0737377,-0.0959963
-1.0735377,-0.0959963
-1.0733377,-0.0639975
-1.0731377,-0.0639975
-1.0729377,-0.0959963
-1.0727377,-0.0639975
-1.0725377,-0.0639975
-1.0723377,-0.0319988
-1.0721377,-0.0639975
-1.0719377,-0.0639975
-1.0717377,-0.0319988
-1.0715377,-0.0639975
-1.0713377,-0.0959963
-1.0711377,-0.0959963
-1.0709377,-0.0639975
-1.0707377,-0.0959963
-1.0705377,-0.0959963
-1.0703377,-0.0639975
-1.0701377,-0.0639975
-1.0699377,-0.0639975
-1.0697377,-0.0639975
-1.0695377,-0.0959963
-1.0693377,-0.0319988
-1.0691377,-0.0319988
-1.0689377,-0.0639975
-1.0687377,-0.0639975
-1.0685377,-0.0319988
-1.0683377,-0.0639975
-1.0681377,-0.0319988
-1.0679377,-0.0639975
-1.0677377,-0.0319988
-1.0675377,-0.0319988
-1.0673377,-0.0639975
-1.0671377,-0.0959963
-1.0669377,-0.0319988
-1.0667377,-0.0639975
-1.0665377,-0.0639975
-1.0663377,0
-1.0661377,-0.0319988
-1.0659377,-0.0959963
-1.0657377,-0.0639975
-1.0655377,-0.0319988
-1.0653377,-0.0639975
-1.0651377,-0.0319988
-1.0649377,-0.0319988
-1.0647377,-0.0319988
-1.0645377,-0.0319988
-1.0643377,-0.0319988
-1.0641377,-0.0959963
-1.0639377,0
-1.0637377,0
-1.0635377,-0.0639975
-1.0633377,-0.0319988
-1.0631377,-0.0319988
-1.0629377,-0.0639975
-1.0627377,0
-1.0625377,-0.0319988
-1.0623377,-0.0319988
-1.0621377,0
-1.0619377,-0.0319988
-1.0617377,0
-1.0615377,-0.0639975
-1.0613377,-0.0319988
-1.0611377,-0.0639975
-1.0609377,-0.0319988
-1.0607377,-0.0639975
-1.0605377,-0.0639975
-1.0603377,0
-1.0601377,0
-1.0599377,0
-1.0597377,0
-1.0595377,-0.0639975
-1.0593377,-0.0319988
-1.0591377,0
-1.0589377,0
-1.0587377,0
-1.0585377,0
-1.0583377,0
-1.0581377,0.0319988
-1.0579377,0
-1.0577377,0
-1.0575377,-0.0319988
-1.0573377,0
-1.0571377,0
-1.0569377,0
-1.0567377,0
-1.0565377,0.0319988
-1.0563377,0
-1.0561377,0.0319988
-1.0559377,0
-1.0557377,0
-1.0555377,0
-1.0553377,0
-1.0551377,-0.0319988
-1.0549377,0.0319988
-1.0547377,0.0319988
-1.0545377,-0.0319988
-1.0543377,0
-1.0541377,0.0319988
-1.0539377,0.0319988
-1.0537377,0.0319988
-1.0535377,0.0319988
-1.0533377,0
-1.0531377,0
-1.0529377,0
-1.0527377,0
-1.0525377,0.0319988
-1.0523377,0.0319988
-1.0521377,-0.0319988
-1.0519377,0.0319988
-1.0517377,0.0319988
-1.0515377,0.0319988
-1.0513377,0
-1.0511377,0.0319988
-1.0509377,0
-1.0507377,0.0319988
-1.0505377,0.0319988
-1.0503377,0.0319988
-1.0501377,0
-1.0499377,0
-1.0497377,0.0319988
-1.0495377,0.0319988
-1.0493377,0.0319988
-1.0491377,0.0319988
-1.0489377,0.0319988
-1.0487377,0.0319988
-1.0485377,0
-1.0483377,0.0319988
-1.0481377,0.0639975
-1.0479377,0
-1.0477377,0.0639975
-1.0475377,0.0319988
-1.0473377,0.0639975
-1.0471377,0.0639975
-1.0469377,0.0639975
-1.0467377,0.0319988
-1.0465377,0.0959963
-1.0463377,0.0639975
-1.0461377,0.0319988
-1.0459377,0.0639975
-1.0457377,0.0319988
-1.0455377,0.0639975
-1.0453377,0.0959963
-1.0451377,0.0959963
-1.0449377,0.0959963
-1.0447377,0.0639975
-1.0445377,0.0639975
-1.0443377,0.0639975
-1.0441377,0.0959963
-1.0439377,0.0959963
-1.0437377,0.0319988
-1.0435377,0.0959963
-1.0433377,0.0959963
-1.0431377,0.0959963
-1.0429377,0.127995
-1.0427377,0.0319988
-1.0425377,0.0639975
-1.0423377,0.0959963
-1.0421377,0.0639975
-1.0419377,0.0639975
-1.0417377,0.0959963
-1.0415377,0.0959963
-1.0413377,0.0959963
-1.0411377,0.0959963
-1.0409377,0.0959963
-1.0407377,0.0959963
-1.0405377,0.0639975
-1.0403377,0.127995
-1.0401377,0.127995
-1.0399377,0.0959963
-1.0397377,0.0959963
-1.0395377,0.0959963
-1.0393377,0.0959963
-1.0391377,0.0959963
-1.0389377,0.127995
-1.0387377,0.0959963
-1.0385377,0.0959963
-1.0383377,0.127995
-1.0381377,0.0959963
-1.0379377,0.0959963
-1.0377377,0.0639975
-1.0375377,0.0959963
-1.0373377,0.127995
-1.0371377,0.0959963
-1.0369377,0.0639975
-1.0367377,0.0959963
-1.0365377,0.127995
-1.0363377,0.0959963
-1.0361377,0.0959963
-1.0359377,0.0639975
-1.0357377,0.0959963
-1.0355377,0.0959963
-1.0353377,0.0639975
-1.0351377,0.0959963
-1.0349377,0.127995
-1.0347377,0.0959963
-1.0345377,0.127995
-1.0343377,0.127995
-1.0341377,0.127995
-1.0339377,0.127995
-1.0337377,0.127995
-1.0335377,0.0959963
-1.0333377,0.127995
-1.0331377,0.0959963
-1.0329377,0.0959963
-1.0327377,0.127995
-1.0325377,0.127995
-1.0323377,0.0959963
-1.0321377,0.0959963
-1.0319377,0.127995
-1.0317377,0.0959963
-1.0315377,0.127995
-1.0313377,0.127995
-1.0311377,0.127995
-1.0309377,0.127995
-1.0307377,0.159994
-1.0305377,0.159994
-1.0303377,0.127995
-1.0301377,0.127995
-1.0299377,0.0959963
-1.0297377,0.0959963
-1.0295377,0.0959963
-1.0293377,0.0959963
-1.0291377,0.127995
-1.0289377,0.127995
-1.0287377,0.127995
-1.0285377,0.0959963
-1.0283377,0.0959963
-1.0281377,0.0959963
-1.0279377,0.0959963
-1.0277377,0.127995
-1.0275377,0.0959963
-1.0273377,0.127995
-1.0271377,0.127995
-1.0269377,0.127995
-1.0267377,0.127995
-1.0265377,0.0959963
-1.0263377,0.0959963
-1.0261377,0.0959963
-1.0259377,0.0959963
-1.0257377,0.159994
-1.0255377,0.159994
-1.0253377,0.127995
-1.0251377,0.0639975
-1.0249377,0.127995
-1.0247377,0.127995
-1.0245377,0.0959963
-1.0243377,0.127995
-1.0241377,0.127995
-1.0239377,0.127995
-1.0237377,0.159994
-1.0235377,0.127995
-1.0233377,0.127995
-1.0231377,0.159994
-1.0229377,0.127995
-1.0227377,0.159994
-1.0225377,0.159994
-1.0223377,0.127995
-1.0221377,0.0959963
-1.0219377,0.159994
-1.0217377,0.159994
-1.0215377,0.127995
-1.0213377,0.127995
-1.0211377,0.127995
-1.0209377,0.127995
-1.0207377,0.127995
-1.0205377,0.0959963
-1.0203377,0.127995
-1.0201377,0.127995
-1.0199377,0.127995
-1.0197377,0.159994
-1.0195377,0.127995
-1.0193377,0.127995
-1.0191377,0.159994
-1.0189377,0.127995
-1.0187377,0.127995
-1.0185377,0.159994
-1.0183377,0.159994
-1.0181377,0.0959963
-1.0179377,0.159994
-1.0177377,0.127995
-1.0175377,0.127995
-1.0173377,0.127995
-1.0171377,0.159994
-1.0169377,0.159994
-1.0167377,0.191993
-1.0165377,0.159994
-1.0163377,0.0959963
-1.0161377,0.159994
-1.0159377,0.159994
-1.0157377,0.127995
-1.0155377,0.159994
-1.0153377,0.127995
-1.0151377,0.127995
-1.0149377,0.127995
-1.0147377,0.127995
-1.0145377,0.127995
-1.0143377,0.127995
-1.0141377,0.127995
-1.0139377,0.127995
-1.0137377,0.0639975
-1.0135377,0.127995
-1.0133377,0.127995
-1.0131377,0.127995
-1.0129377,0.0959963
-1.0127377,0.0959963
-1.0125377,0.0959963
-1.0123377,0.127995
-1.0121377,0.0959963
-1.0119377,0.127995
-1.0117377,0.0959963
-1.0115377,0.0959963
-1.0113377,0.0959963
-1.0111377,0.0959963
-1.0109377,0.159994
-1.0107377,0.127995
-1.0105377,0.127995
-1.0103377,0.127995
-1.0101377,0.127995
-1.0099377,0.0959963
-1.0097377,0.0959963
-1.0095377,0.0959963
-1.0093377,0.0959963
-1.0091377,0.0959963
-1.0089377,0.127995
-1.0087377,0.0639975
-1.0085377,0.0639975
-1.0083377,0.0639975
-1.0081377,0.127995
-1.0079377,0.0959963
-1.0077377,0.0959963
-1.0075377,0.0959963
-1.0073377,0.0959963
-1.0071377,0.0639975
-1.0069377,0.0959963
-1.0067377,0.0639975
-1.0065377,0.0639975
-1.0063377,0.0959963
-1.0061377,0.0959963
-1.0059377,0.0639975
-1.0057377,0.0959963
-1.0055377,0.0959963
-1.0053377,0.0639975
-1.0051377,0.0959963
-1.0049377,0.0639975
-1.0047377,0.0639975
-1.0045377,0.0959963
-1.0043377,0.0639975
-1.0041377,0.0639975
-1.0039377,0.0639975
-1.0037377,0.0639975
-1.0035377,0.0639975
-1.0033377,0.0959963
-1.0031377,0.0639975
-1.0029377,0.0639975
-1.0027377,0.0639975
-1.0025377,0.0959963
-1.0023377,0.0639975
-1.0021377,0.0959963
-1.0019377,0.0959963
-1.0017377,0
-1.0015377,0.0639975
-1.0013377,0.0319988
-1.0011377,0.0319988
-1.0009377,0.0319988
-1.0007377,0.0639975
-1.0005377,0.0639975
-1.0003377,0.0319988
-1.0001377,0.0639975
-0.9999377,0.0319988
-0.9997377,0.0319988
-0.9995377,0.0639975
-0.9993377,0.0639975
-0.9991377,0.0639975
-0.9989377,0.0639975
-0.9987377,0.0319988
-0.9985377,0.0319988
-0.9983377,0.0639975
-0.9981377,0.0639975
-0.9979377,0.0639975
-0.9977377,0.0639975
-0.9975377,0.0639975
-0.9973377,0.0639975
-0.9971377,0.0319988
-0.9969377,0.0319988
-0.9967377,0.0319988
-0.9965377,0.0639975
-0.9963377,0
-0.9961377,0.0639975
-0.9959377,0.0639975
-0.9957377,0.0639975
-0.9955377,0.0959963
-0.9953377,0.0639975
-0.9951377,0.0319988
-0.9949377,0.0639975
-0.9947377,0.0639975
-0.9945377,0.0959963
-0.9943377,0.0639975
-0.9941377,0.0319988
-0.9939377,0.0639975
-0.9937377,0.127995
-0.9935377,0.0639975
-0.9933377,0
-0.9931377,0.0639975
-0.9929377,0.0639975
-0.9927377,0.0639975
-0.9925377,0.0639975
-0.9923377,0.0639975
-0.9921377,0.0319988
-0.9919377,0.0639975
-0.9917377,0.0959963
-0.9915377,0.0639975
-0.9913377,0.0639975
-0.9911377,0.0959963
-0.9909377,0.0319988
-0.9907377,0.0319988
-0.9905377,0.0639975
-0.9903377,0.0959963
-0.9901377,0.0959963
-0.9899377,0.0639975
-0.9897377,0.0639975
-0.9895377,0.0639975
-0.9893377,0.0959963
-0.9891377,0.0319988
-0.9889377,0.0639975
-0.9887377,0.0959963
-0.9885377,0.0639975
-0.9883377,0.0959963
-0.9881377,0.0639975
-0.9879377,0.0959963
-0.9877377,0.0639975
-0.9875377,0.0959963
-0.9873377,0.0959963
-0.9871377,0.0959963
-0.9869377,0.0639975
-0.9867377,0.0959963
-0.9865377,0.127995
-0.9863377,0.0959963
-0.9861377,0.127995
-0.9859377,0.0959963
-0.9857377,0.0959963
-0.9855377,0.0959963
-0.9853377,0.0639975
-0.9851377,0.0959963
-0.9849377,0.0639975
-0.9847377,0.0959963
-0.9845377,0.159994
-0.9843377,0.0959963
-0.9841377,0.0959963
-0.9839377,0.0959963
-0.9837377,0.0959963
-0.9835377,0.0959963
-0.9833377,0.0959963
-0.9831377,0.127995
-0.9829377,0.127995
-0.9827377,0.127995
-0.9825377,0.127995
-0.9823377,0.127995
-0.9821377,0.127995
-0.9819377,0.0959963
-0.9817377,0.127995
-0.9815377,0.127995
-0.9813377,0.127995
-0.9811377,0.127995
-0.9809377,0.0959963
-0.9807377,0.127995
-0.9805377,0.127995
-0.9803377,0.127995
-0.9801377,0.0639975
-0.9799377,0.127995
-0.9797377,0.0959963
-0.9795377,0.127995
-0.9793377,0.159994
-0.9791377,0.0959963
-0.9789377,0.127995
-0.9787377,0.0959963
-0.9785377,0.0959963
-0.9783377,0.127995
-0.9781377,0.127995
-0.9779377,0.159994
-0.9777377,0.127995
-0.9775377,0.127995
-0.9773377,0.0959963
-0.9771377,0.159994
-0.9769377,0.127995
-0.9767377,0.159994
-0.9765377,0.0959963
-0.9763377,0.127995
-0.9761377,0.127995
-0.9759377,0.127995
-0.9757377,0.159994
-0.9755377,0.127995
-0.9753377,0.0959963
-0.9751377,0.127995
-0.9749377,0.127995
-0.9747377,0.127995
-0.9745377,0.0959963
-0.9743377,0.159994
-0.9741377,0.127995
-0.9739377,0.127995
-0.9737377,0.159994
-0.9735377,0.127995
-0.9733377,0.159994
-0.9731377,0.127995
-0.9729377,0.159994
-0.9727377,0.159994
-0.9725377,0.127995
-0.9723377,0.159994
-0.9721377,0.191993
-0.9719377,0.159994
-0.9717377,0.159994
-0.9715377,0.127995
-0.9713377,0.127995
-0.9711377,0.159994
-0.9709377,0.127995
-0.9707377,0.127995
-0.9705377,0.127995
-0.9703377,0.127995
-0.9701377,0.159994
-0.9699377,0.159994
-0.9697377,0.127995
-0.9695377,0.159994
-0.9693377,0.127995
-0.9691377,0.159994
-0.9689377,0.159994
-0.9687377,0.0959963
-0.9685377,0.159994
-0.9683377,0.159994
-0.9681377,0.191993
-0.9679377,0.127995
-0.9677377,0.0959963
-0.9675377,0.159994
-0.9673377,0.127995
-0.9671377,0.127995
-0.9669377,0.0959963
-0.9667377,0.127995
-0.9665377,0.127995
-0.9663377,0.159994
-0.9661377,0.223991
-0.9659377,0.0959963
-0.9657377,0.0959963
-0.9655377,0.127995
-0.9653377,0.159994
-0.9651377,0.127995
-0.9649377,0.127995
-0.9647377,0.127995
-0.9645377,0.0959963
-0.9643377,0.0959963
-0.9641377,0.127995
-0.9639377,0.0959963
-0.9637377,0.159994
-0.9635377,0.127995
-0.9633377,0.159994
-0.9631377,0.0959963
-0.9629377,0.0959963
-0.9627377,0.0639975
-0.9625377,0.159994
-0.9623377,0.0959963
-0.9621377,0.127995
-0.9619377,0.127995
-0.9617377,0.127995
-0.9615377,0.159994
-0.9613377,0.159994
-0.9611377,0.0959963
-0.9609377,0.127995
-0.9607377,0.159994
-0.9605377,0.127995
-0.9603377,0.127995
-0.9601377,0.127995
-0.9599377,0.0959963
-0.9597377,0.127995
-0.9595377,0.127995
-0.9593377,0.127995
-0.9591377,0.0959963
-0.9589377,0.127995
-0.9587377,0.159994
-0.9585377,0.127995
-0.9583377,0.127995
-0.9581377,0.127995
-0.9579377,0.127995
-0.9577377,0.127995
-0.9575377,0.0959963
-0.9573377,0.127995
-0.9571377,0.127995
-0.9569377,0.0959963
-0.9567377,0.0959963
-0.9565377,0.127995
-0.9563377,0.0959963
-0.9561377,0.127995
-0.9559377,0.159994
-0.9557377,0.0959963
-0.9555377,0.127995
-0.9553377,0.127995
-0.9551377,0.0959963
-0.9549377,0.127995
-0.9547377,0.127995
-0.9545377,0.127995
-0.9543377,0.0959963
-0.9541377,0.127995
-0.9539377,0.127995
-0.9537377,0.159994
-0.9535377,0.127995
-0.9533377,0.127995
-0.9531377,0.0959963
-0.9529377,0.0959963
-0.9527377,0.0959963
-0.9525377,0.127995
-0.9523377,0.0959963
-0.9521377,0.0959963
-0.9519377,0.0959963
-0.9517377,0.127995
-0.9515377,0.0959963
-0.9513377,0.0639975
-0.9511377,0.0959963
-0.9509377,0.0959963
-0.9507377,0.0959963
-0.9505377,0.127995
-0.9503377,0.0959963
-0.9501377,0.0959963
-0.9499377,0.0639975
-0.9497377,0.0959963
-0.9495377,0.0959963
-0.9493377,0.127995
-0.9491377,0.127995
-0.9489377,0.127995
-0.9487377,0.127995
-0.9485377,0.0959963
-0.9483377,0.0959963
-0.9481377,0.127995
-0.9479377,0.127995
-0.9477377,0.0959963
-0.9475377,0.159994
-0.9473377,0.127995
-0.9471377,0.159994
-0.9469377,0.191993
-0.9467377,0.0959963
-0.9465377,0.127995
-0.9463377,0.159994
-0.9461377,0.0959963
-0.9459377,0.127995
-0.9457377,0.159994
-0.9455377,0.159994
-0.9453377,0.127995
-0.9451377,0.159994
-0.9449377,0.127995
-0.9447377,0.159994
-0.9445377,0.127995
-0.9443377,0.159994
-0.9441377,0.159994
-0.9439377,0.159994
-0.9437377,0.127995
-0.9435377,0.191993
-0.9433377,0.159994
-0.9431377,0.159994
-0.9429377,0.127995
-0.9427377,0.127995
-0.9425377,0.127995
-0.9423377,0.127995
-0.9421377,0.127995
-0.9419377,0.0639975
-0.9417377,0.127995
-0.9415377,0.159994
-0.9413377,0.127995
-0.9411377,0.159994
-0.9409377,0.191993
-0.9407377,0.127995
-0.9405377,0.127995
-0.9403377,0.191993
-0.9401377,0.159994
-0.9399377,0.159994
-0.9397377,0.127995
-0.9395377,0.159994
-0.9393377,0.159994
-0.9391377,0.159994
-0.9389377,0.159994
-0.9387377,0.127995
-0.9385377,0.191993
-0.9383377,0.159994
-0.9381377,0.159994
-0.9379377,0.191993
-0.9377377,0.159994
-0.9375377,0.159994
-0.9373377,0.159994
-0.9371377,0.159994
-0.9369377,0.159994
-0.9367377,0.159994
-0.9365377,0.127995
-0.9363377,0.159994
-0.9361377,0.159994
-0.9359377,0.159994
-0.9357377,0.191993
-0.9355377,0.159994
-0.9353377,0.191993
-0.9351377,0.191993
-0.9349377,0.159994
-0.9347377,0.191993
-0.9345377,0.159994
-0.9343377,0.159994
-0.9341377,0.159994
-0.9339377,0.159994
-0.9337377,0.159994
-0.9335377,0.223991
-0.9333377,0.159994
-0.9331377,0.159994
-0.9329377,0.159994
-0.9327377,0.25599
-0.9325377,0.159994
-0.9323377,0.191993
-0.9321377,0.159994
-0.9319377,0.223991
-0.9317377,0.159994
-0.9315377,0.191993
-0.9313377,0.159994
-0.9311377,0.191993
-0.9309377,0.191993
-0.9307377,0.191993
-0.9305377,0.159994
-0.9303377,0.191993
-0.9301377,0.191993
-0.9299377,0.191993
-0.9297377,0.191993
-0.9295377,0.191993
-0.9293377,0.191993
-0.9291377,0.159994
-0.9289377,0.191993
-0.9287377,0.191993
-0.9285377,0.159994
-0.9283377,0.191993
-0.9281377,0.191993
-0.9279377,0.223991
-0.9277377,0.191993
-0.9275377,0.191993
-0.9273377,0.159994
-0.9271377,0.191993
-0.9269377,0.127995
-0.9267377,0.191993
-0.9265377,0.191993
-0.9263377,0.127995
-0.9261377,0.159994
-0.9259377,0.191993
-0.9257377,0.159994
-0.9255377,0.159994
-0.9253377,0.191993
-0.9251377,0.127995
-0.9249377,0.159994
-0.9247377,0.191993
-0.9245377,0.191993
-0.9243377,0.159994
-0.9241377,0.191993
-0.9239377,0.159994
-0.9237377,0.191993
-0.9235377,0.191993
-0.9233377,0.159994
-0.9231377,0.223991
-0.9229377,0.159994
-0.9227377,0.191993
-0.9225377,0.159994
-0.9223377,0.223991
-0.9221377,0.223991
-0.9219377,0.159994
-0.9217377,0.159994
-0.9215377,0.159994
-0.9213377,0.191993
-0.9211377,0.159994
-0.9209377,0.159994
-0.9207377,0.223991
-0.9205377,0.223991
-0.9203377,0.127995
-0.9201377,0.191993
-0.9199377,0.223991
-0.9197377,0.191993
-0.9195377,0.191993
-0.9193377,0.191993
-0.9191377,0.159994
-0.9189377,0.191993
-0.9187377,0.159994
-0.9185377,0.191993
-0.9183377,0.159994
-0.9181377,0.223991
-0.9179377,0.191993
-0.9177377,0.191993
-0.9175377,0.223991
-0.9173377,0.159994
-0.9171377,0.127995
-0.9169377,0.159994
-0.9167377,0.159994
-0.9165377,0.159994
-0.9163377,0.191993
-0.9161377,0.191993
-0.9159377,0.159994
-0.9157377,0.159994
-0.9155377,0.159994
-0.9153377,0.159994
-0.9151377,0.191993
-0.9149377,0.159994
-0.9147377,0.159994
-0.9145377,0.191993
-0.9143377,0.127995
-0.9141377,0.191993
-0.9139377,0.159994
-0.9137377,0.159994
-0.9135377,0.159994
-0.9133377,0.191993
-0.9131377,0.127995
-0.9129377,0.191993
-0.9127377,0.159994
-0.9125377,0.191993
-0.9123377,0.191993
-0.9121377,0.191993
-0.9119377,0.159994
-0.9117377,0.159994
-0.9115377,0.159994
-0.9113377,0.159994
-0.9111377,0.127995
-0.9109377,0.159994
-0.9107377,0.159994
-0.9105377,0.159994
-0.9103377,0.159994
-0.9101377,0.159994
-0.9099377,0.127995
-0.9097377,0.191993
-0.9095377,0.159994
-0.9093377,0.191993
-0.9091377,0.191993
-0.9089377,0.0959963
-0.9087377,0.191993
-0.9085377,0.159994
-0.9083377,0.127995
-0.9081377,0.127995
-0.9079377,0.191993
-0.9077377,0.127995
-0.9075377,0.159994
-0.9073377,0.159994
-0.9071377,0.0959963
-0.9069377,0.159994
-0.9067377,0.159994
-0.9065377,0.159994
-0.9063377,0.127995
-0.9061377,0.159994
-0.9059377,0.127995
-0.9057377,0.127995
-0.9055377,0.0959963
-0.9053377,0.127995
-0.9051377,0.127995
-0.9049377,0.159994
-0.9047377,0.127995
-0.9045377,0.159994
-0.9043377,0.159994
-0.9041377,0.0959963
-0.9039377,0.127995
-0.9037377,0.159994
-0.9035377,0.0959963
-0.9033377,0.127995
-0.9031377,0.127995
-0.9029377,0.0959963
-0.9027377,0.0639975
-0.9025377,0.0959963
-0.9023377,0.0639975
-0.9021377,0.0959963
-0.9019377,0.0959963
-0.9017377,0.0959963
-0.9015377,0.0639975
-0.9013377,0.0959963
-0.9011377,0.0639975
-0.9009377,0.0959963
-0.9007377,0.0959963
-0.9005377,0.0959963
-0.9003377,0.0959963
-0.9001377,0.0959963
-0.8999377,0.0959963
-0.8997377,0.0639975
-0.8995377,0.0639975
-0.8993377,0.0639975
-0.8991377,0.0319988
-0.8989377,0.0959963
-0.8987377,0.0639975
-0.8985377,0
-0.8983377,0.0959963
-0.8981377,0.0319988
-0.8979377,0.0639975
-0.8977377,0.0319988
-0.8975377,0.0639975
-0.8973377,0.0639975
-0.8971377,0.0639975
-0.8969377,0.0639975
-0.8967377,0.0319988
-0.8965377,0.0639975
-0.8963377,0.0639975
-0.8961377,0.0639975
-0.8959377,0.0319988
-0.8957377,0.0319988
-0.8955377,0.0639975
-0.8953377,0.0319988
-0.8951377,0.0639975
-0.8949377,0.0319988
-0.8947377,0.0639975
-0.8945377,0.0639975
-0.8943377,0.0319988
-0.8941377,0.0319988
-0.8939377,0.0639975
-0.8937377,0.0319988
-0.8935377,0.0319988
-0.8933377,0.0639975
-0.8931377,0.0319988
-0.8929377,0.0639975
-0.8927377,0.0639975
-0.8925377,0.0319988
-0.8923377,0.0639975
-0.8921377,0.0319988
-0.8919377,0.0319988
-0.8917377,0.0319988
-0.8915377,0.0319988
-0.8913377,0
-0.8911377,0.0319988
-0.8909377,0.0319988
-0.8907377,0.0319988
-0.8905377,0.0319988
-0.8903377,0.0319988
-0.8901377,0
-0.8899377,0
-0.8897377,0.0319988
-0.8895377,0
-0.8893377,0
-0.8891377,0.0319988
-0.8889377,0.0319988
-0.8887377,0.0319988
-0.8885377,0.0319988
-0.8883377,0
-0.8881377,0.0639975
-0.8879377,0.0639975
-0.8877377,0
-0.8875377,0
-0.8873377,0.0319988
-0.8871377,0.0319988
-0.8869377,0
-0.8867377,0.0319988
-0.8865377,0.0319988
-0.8863377,0.0639975
-0.8861377,0.0319988
-0.8859377,-0.0319988
-0.8857377,0.0319988
-0.8855377,0.0319988
-0.8853377,0.0639975
-0.8851377,0
-0.8849377,0.0639975
-0.8847377,-0.0319988
-0.8845377,0.0319988
-0.8843377,0.0319988
-0.8841377,0.0639975
-0.8839377,0
-0.8837377,0
-0.8835377,0
-0.8833377,0
-0.8831377,0.0319988
-0.8829377,0.0319988
-0.8827377,0
-0.8825377,0.0639975
-0.8823377,-0.0319988
-0.8821377,0.0639975
-0.8819377,0.0319988
-0.8817377,0.0319988
-0.8815377,0.0639975
-0.8813377,0
-0.8811377,-0.0319988
-0.8809377,0.0319988
-0.8807377,0
-0.8805377,0
-0.8803377,0
-0.8801377,0.0639975
-0.8799377,0
-0.8797377,0.0319988
-0.8795377,0.0319988
-0.8793377,0
-0.8791377,0
-0.8789377,0.0319988
-0.8787377,0
-0.8785377,0.0319988
-0.8783377,0.0319988
-0.8781377,-0.0319988
-0.8779377,0.0319988
-0.8777377,0.0319988
-0.8775377,-0.0639975
-0.8773377,0.0639975
-0.8771377,0
-0.8769377,-0.0319988
-0.8767377,0
-0.8765377,0
-0.8763377,0.0319988
-0.8761377,-0.0319988
-0.8759377,0.0319988
-0.8757377,0.0319988
-0.8755377,0.0639975
-0.8753377,0
-0.8751377,0.0319988
-0.8749377,0
-0.8747377,0.0319988
-0.8745377,-0.0319988
-0.8743377,0.0319988
-0.8741377,0
-0.8739377,0
-0.8737377,0.0319988
-0.8735377,0.0319988
-0.8733377,0.0319988
-0.8731377,0
-0.8729377,0
-0.8727377,0
-0.8725377,-0.0319988
-0.8723377,0
-0.8721377,-0.0319988
-0.8719377,0
-0.8717377,0
-0.8715377,-0.0639975
-0.8713377,-0.0319988
-0.8711377,0.0319988
-0.8709377,-0.0639975
-0.8707377,0
-0.8705377,-0.0319988
-0.8703377,-0.0319988
-0.8701377,-0.0319988
-0.8699377,0
-0.8697377,-0.0319988
-0.8695377,0
-0.8693377,0
-0.8691377,-0.0639975
-0.8689377,-0.0319988
-0.8687377,-0.0319988
-0.8685377,-0.0319988
-0.8683377,0
-0.8681377,-0.0319988
-0.8679377,-0.0319988
-0.8677377,-0.0319988
-0.8675377,0
-0.8673377,-0.0639975
-0.8671377,-0.0319988
-0.8669377,-0.0319988
-0.8667377,-0.0959963
-0.8665377,-0.0319988
-0.8663377,-0.0639975
-0.8661377,-0.0639975
-0.8659377,-0.0319988
-0.8657377,-0.0319988
-0.8655377,-0.0959963
-0.8653377,-0.0319988
-0.8651377,-0.0639975
-0.8649377,-0.0639975
-0.8647377,-0.0319988
-0.8645377,-0.0639975
-0.8643377,-0.0639975
-0.8641377,-0.0959963
-0.8639377,-0.0639975
-0.8637377,-0.0959963
-0.8635377,-0.0319988
-0.8633377,0
-0.8631377,-0.0639975
-0.8629377,-0.0319988
-0.8627377,-0.0319988
-0.8625377,-0.0639975
-0.8623377,0
-0.8621377,-0.0639975
-0.8619377,-0.0639975
-0.8617377,-0.0639975
-0.8615377,0
-0.8613377,-0.0639975
-0.8611377,-0.0319988
-0.8609377,-0.0319988
-0.8607377,-0.0639975
-0.8605377,0
-0.8603377,-0.0319988
-0.8601377,-0.0639975
-0.8599377,-0.0319988
-0.8597377,0.0319988
-0.8595377,-0.0319988
-0.8593377,0
-0.8591377,0.0319988
-0.8589377,0
-0.8587377,0
-0.8585377,0.0319988
-0.8583377,-0.0639975
-0.8581377,0
-0.8579377,0
-0.8577377,-0.0319988
-0.8575377,0
-0.8573377,-0.0319988
-0.8571377,-0.0319988
-0.8569377,-0.0319988
-0.8567377,0
-0.8565377,0
-0.8563377,-0.0319988
-0.8561377,0.0319988
-0.8559377,0
-0.8557377,0
-0.8555377,0
-0.8553377,0.0319988
-0.8551377,-0.0319988
-0.8549377,0
-0.8547377,-0.0639975
-0.8545377,-0.0319988
-0.8543377,0
-0.8541377,-0.0319988
-0.8539377,0
-0.8537377,0.0319988
-0.8535377,-0.0319988
-0.8533377,0
-0.8531377,0
-0.8529377,0.0319988
-0.8527377,0
-0.8525377,-0.0319988
-0.8523377,-0.0319988
-0.8521377,-0.0319988
-0.8519377,0
-0.8517377,-0.0319988
-0.8515377,-0.0319988
-0.8513377,0.0319988
-0.8511377,-0.0319988
-0.8509377,0
-0.8507377,-0.0319988
-0.8505377,-0.0639975
-0.8503377,0
-0.8501377,0
-0.8499377,-0.0319988
-0.8497377,-0.0639975
-0.8495377,0
-0.8493377,-0.0959963
-0.8491377,0
-0.8489377,0
-0.8487377,-0.0319988
-0.8485377,-0.0319988
-0.8483377,0
-0.8481377,0.0319988
-0.8479377,0
-0.8477377,0
-0.8475377,0
-0.8473377,0
-0.8471377,0.0319988
-0.8469377,-0.0319988
-0.8467377,0
-0.8465377,0
-0.8463377,0
-0.8461377,0
-0.8459377,0
-0.8457377,0
-0.8455377,0
-0.8453377,0
-0.8451377,0.0319988
-0.8449377,-0.0319988
-0.8447377,0
-0.8445377,-0.0319988
-0.8443377,0
-0.8441377,0.0319988
-0.8439377,-0.0319988
-0.8437377,0.0319988
-0.8435377,0.0319988
-0.8433377,0
-0.8431377,0
-0.8429377,-0.0319988
-0.8427377,0
-0.8425377,0
-0.8423377,0
-0.8421377,-0.0319988
-0.8419377,0
-0.8417377,0.0319988
-0.8415377,-0.0319988
-0.8413377,0.0319988
-0.8411377,0.0319988
-0.8409377,0.0319988
-0.8407377,0.0319988
-0.8405377,0
-0.8403377,0
-0.8401377,0
-0.8399377,-0.0319988
-0.8397377,0
-0.8395377,-0.0319988
-0.8393377,0.0319988
-0.8391377,-0.0639975
-0.8389377,-0.0319988
-0.8387377,0.0319988
-0.8385377,-0.0319988
-0.8383377,0.0639975
-0.8381377,-0.0319988
-0.8379377,-0.0319988
-0.8377377,0.0319988
-0.8375377,0
-0.8373377,0
-0.8371377,0
-0.8369377,0
-0.8367377,-0.0639975
-0.8365377,-0.0319988
-0.8363377,0.0319988
-0.8361377,0.0319988
-0.8359377,0
-0.8357377,0.0319988
-0.8355377,0
-0.8353377,0.0319988
-0.8351377,0.0319988
-0.8349377,0.0319988
-0.8347377,-0.0319988
-0.8345377,0.0319988
-0.8343377,-0.0319988
-0.8341377,0
-0.8339377,0.0319988
-0.8337377,-0.0319988
-0.8335377,-0.0319988
-0.8333377,0.0319988
-0.8331377,-0.0319988
-0.8329377,0
-0.8327377,0
-0.8325377,0.0319988
-0.8323377,0
-0.8321377,0
-0.8319377,0
-0.8317377,0.0319988
-0.8315377,0
-0.8313377,0
-0.8311377,0
-0.8309377,0
-0.8307377,0
-0.8305377,0.0319988
-0.8303377,0
-0.8301377,0
-0.8299377,0
-0.8297377,0.0639975
-0.8295377,0
-0.8293377,0.0319988
-0.8291377,0
-0.8289377,0.0319988
-0.8287377,0
-0.8285377,0.0319988
-0.8283377,-0.0319988
-0.8281377,0
-0.8279377,0.0319988
-0.8277377,-0.0319988
-0.8275377,0
-0.8273377,0.0319988
-0.8271377,-0.0639975
-0.8269377,0
-0.8267377,0
-0.8265377,0
-0.8263377,0
-0.8261377,0.0319988
-0.8259377,0
-0.8257377,0
-0.8255377,0.0319988
-0.8253377,0.0319988
-0.8251377,0
-0.8249377,0.0319988
-0.8247377,0.0319988
-0.8245377,0.0319988
-0.8243377,0
-0.8241377,-0.0319988
-0.8239377,-0.0319988
-0.8237377,0.0639975
-0.8235377,0.0319988
-0.8233377,0
-0.8231377,0.0319988
-0.8229377,0
-0.8227377,0.0639975
-0.8225377,0
-0.8223377,0
-0.8221377,0.0639975
-0.8219377,0.0319988
-0.8217377,0.0319988
-0.8215377,0.0319988
-0.8213377,0.0319988
-0.8211377,0
-0.8209377,0.0319988
-0.8207377,0.0639975
-0.8205377,0.0639975
-0.8203377,0.0319988
-0.8201377,0.0639975
-0.8199377,0
-0.8197377,0.0319988
-0.8195377,0.0639975
-0.8193377,-0.0319988
-0.8191377,0
-0.8189377,0.0319988
-0.8187377,0.0319988
-0.8185377,0.0319988
-0.8183377,0.0639975
-0.8181377,0.0959963
-0.8179377,0.0639975
-0.8177377,0.0319988
-0.8175377,0.0639975
-0.8173377,0.0319988
-0.8171377,0.0319988
-0.8169377,0.0639975
-0.8167377,0.0319988
-0.8165377,0.0319988
-0.8163377,0.0639975
-0.8161377,0.0319988
-0.8159377,0.0639975
-0.8157377,0.0319988
-0.8155377,0.0639975
-0.8153377,0.0639975
-0.8151377,0.0319988
-0.8149377,0.0639975
-0.8147377,0.0639975
-0.8145377,0.0639975
-0.8143377,0.0639975
-0.8141377,0.0319988
-0.8139377,0.0639975
-0.8137377,0.0639975
-0.8135377,0.0959963
-0.8133377,0.0639975
-0.8131377,0.0639975
-0.8129377,0.0319988
-0.8127377,0.0639975
-0.8125377,0.0319988
-0.8123377,0.0639975
-0.8121377,0.0639975
-0.8119377,0.0319988
-0.8117377,0.0639975
-0.8115377,0.0959963
-0.8113377,0.0639975
-0.8111377,0.0959963
-0.8109377,0.0639975
-0.8107377,0.127995
-0.8105377,0.0639975
-0.8103377,0.0319988
-0.8101377,0.0639975
-0.8099377,0.0639975
-0.8097377,0.0639975
-0.8095377,0.0639975
-0.8093377,0.0639975
-0.8091377,0.0639975
-0.8089377,0.0639975
-0.8087377,0.0639975
-0.8085377,0.0319988
-0.8083377,0.0639975
-0.8081377,0.0959963
-0.8079377,0.0639975
-0.8077377,0.0639975
-0.8075377,0.0319988
-0.8073377,0.0639975
-0.8071377,0.0639975
-0.8069377,0.0639975
-0.8067377,0.0639975
-0.8065377,0.127995
-0.8063377,0.0959963
-0.8061377,0.0319988
-0.8059377,0.0959963
-0.8057377,0.0639975
-0.8055377,0.0639975
-0.8053377,0.0639975
-0.8051377,0.0639975
-0.8049377,0.0639975
-0.8047377,0.0639975
-0.8045377,0.0319988
-0.8043377,0.0319988
-0.8041377,0.0639975
-0.8039377,0.0639975
-0.8037377,0.0319988
-0.8035377,0.0959963
-0.8033377,0.0959963
-0.8031377,0.0639975
-0.8029377,0.0639975
-0.8027377,0.0319988
-0.8025377,0.0319988
-0.8023377,0.0639975
-0.8021377,0.0639975
-0.8019377,0.0639975
-0.8017377,0.0959963
-0.8015377,0.0639975
-0.8013377,0.0319988
-0.8011377,0.0319988
-0.8009377,0.0639975
-0.8007377,0.0639975
-0.8005377,0.0639975
-0.8003377,0.0639975
-0.8001377,0.0639975
-0.7999377,0.0319988
-0.7997377,0.0639975
-0.7995377,0.0319988
-0.7993377,0.0639975
-0.7991377,0.0639975
-0.7989377,0.0319988
-0.7987377,0.0639975
-0.7985377,0.0639975
-0.7983377,0.0639975
-0.7981377,0.0319988
-0.7979377,0.0639975
-0.7977377,0.0639975
-0.7975377,0.0639975
-0.7973377,0.0639975
-0.7971377,0.0639975
-0.7969377,0.0639975
-0.7967377,0.0639975
-0.7965377,0.0639975
-0.7963377,0.127995
-0.7961377,0.0319988
-0.7959377,0.0319988
-0.7957377,0.0639975
-0.7955377,0.0639975
-0.7953377,0.0319988
-0.7951377,0.0319988
-0.7949377,0.0639975
-0.7947377,0.0639975
-0.7945377,0.0639975
-0.7943377,0.0639975
-0.7941377,0.0319988
-0.7939377,0.0639975
-0.7937377,0.0639975
-0.7935377,0.0639975
-0.7933377,0.0639975
-0.7931377,0.0959963
-0.7929377,0.0319988
-0.7927377,0.0639975
-0.7925377,0.0639975
-0.7923377,0.0319988
-0.7921377,0.0959963
-0.7919377,0.0639975
-0.7917377,0.0319988
-0.7915377,0.0959963
-0.7913377,0.0639975
-0.7911377,0.0319988
-0.7909377,0.0639975
-0.7907377,0.0639975
-0.7905377,0.0319988
-0.7903377,0.0639975
-0.7901377,0
-0.7899377,0.0319988
-0.7897377,0.0319988
-0.7895377,0.0639975
-0.7893377,0.0319988
-0.7891377,0.0639975
-0.7889377,0.0639975
-0.7887377,0.0639975
-0.7885377,0.0319988
-0.7883377,0.0319988
-0.7881377,0.0959963
-0.7879377,0.0959963
-0.7877377,0.0639975
-0.7875377,0.0639975
-0.7873377,0.0639975
-0.7871377,0.0639975
-0.7869377,0.0319988
-0.7867377,0.127995
-0.7865377,0.0639975
-0.7863377,0.0319988
-0.7861377,0.0319988
-0.7859377,0.0639975
-0.7857377,0.0959963
-0.7855377,0.0639975
-0.7853377,0.0639975
-0.7851377,0.0639975
-0.7849377,0.0639975
-0.7847377,0.0639975
-0.7845377,0.0959963
-0.7843377,0.0959963
-0.7841377,0.0639975
-0.7839377,0.0639975
-0.7837377,0.0959963
-0.7835377,0.0959963
-0.7833377,0.0319988
-0.7831377,0.0639975
-0.7829377,0.0639975
-0.7827377,0.0319988
-0.7825377,0.0959963
-0.7823377,0.0639975
-0.7821377,0.0959963
-0.7819377,0.0639975
-0.7817377,0.0959963
-0.7815377,0.0319988
-0.7813377,0.0639975
-0.7811377,0.0639975
-0.7809377,0.0319988
-0.7807377,0.0639975
-0.7805377,0.0959963
-0.7803377,0.0639975
-0.7801377,0.0319988
-0.7799377,0.0959963
-0.7797377,0.0639975
-0.7795377,0.0959963
-0.7793377,0.0319988
-0.7791377,0.0319988
-0.7789377,0.0639975
-0.7787377,0.0639975
-0.7785377,0.0319988
-0.7783377,0.0319988
-0.7781377,0.0639975
-0.7779377,-0.0319988
-0.7777377,0.0639975
-0.7775377,0.0319988
-0.7773377,0.0639975
-0.7771377,0.0319988
-0.7769377,0.0639975
-0.7767377,0.0319988
-0.7765377,0.0319988
-0.7763377,0.0319988
-0.7761377,0.0319988
-0.7759377,0.0319988
-0.7757377,0
-0.7755377,-0.0319988
-0.7753377,0.0319988
-0.7751377,0.0319988
-0.7749377,0.0319988
-0.7747377,0.0639975
-0.7745377,0.0639975
-0.7743377,0
-0.7741377,0.0319988
-0.7739377,0.0639975
-0.7737377,0
-0.7735377,0.0319988
-0.7733377,0
-0.7731377,0.0319988
-0.7729377,0
-0.7727377,0
-0.7725377,-0.0319988
-0.7723377,0
-0.7721377,0
-0.7719377,-0.0319988
-0.7717377,-0.0319988
-0.7715377,-0.0319988
-0.7713377,0
-0.7711377,-0.0319988
-0.7709377,0
-0.7707377,-0.0319988
-0.7705377,-0.0639975
-0.7703377,0
-0.7701377,-0.0639975
-0.7699377,-0.0319988
-0.7697377,0
-0.7695377,-0.0319988
-0.7693377,-0.0639975
-0.7691377,-0.0319988
-0.7689377,0
-0.7687377,-0.0319988
-0.7685377,-0.0319988
-0.7683377,-0.0319988
-0.7681377,-0.0639975
-0.7679377,-0.0319988
-0.7677377,-0.0639975
-0.7675377,-0.0319988
-0.7673377,-0.0639975
-0.7671377,-0.0959963
-0.7669377,-0.0639975
-0.7667377,-0.0319988
-0.7665377,-0.0319988
-0.7663377,-0.0639975
-0.7661377,-0.0639975
-0.7659377,-0.0959963
-0.7657377,-0.0639975
-0.7655377,-0.0639975
-0.7653377,-0.0639975
-0.7651377,-0.0959963
-0.7649377,-0.0319988
-0.7647377,-0.0959963
-0.7645377,-0.0959963
-0.7643377,-0.0639975
-0.7641377,-0.0959963
-0.7639377,-0.0639975
-0.7637377,-0.0639975
-0.7635377,-0.0959963
-0.7633377,-0.0639975
-0.7631377,-0.0959963
-0.7629377,-0.127995
-0.7627377,-0.0639975
-0.7625377,-0.0319988
-0.7623377,-0.127995
-0.7621377,-0.0639975
-0.7619377,-0.0319988
-0.7617377,-0.127995
-0.7615377,-0.0639975
-0.7613377,-0.0959963
-0.7611377,-0.0959963
-0.7609377,-0.0959963
-0.7607377,-0.0639975
-0.7605377,-0.0959963
-0.7603377,-0.0639975
-0.7601377,-0.0959963
-0.7599377,-0.127995
-0.7597377,-0.0319988
-0.7595377,-0.0959963
-0.7593377,-0.127995
-0.7591377,-0.0959963
-0.7589377,-0.0959963
-0.7587377,-0.127995
-0.7585377,-0.0319988
-0.7583377,-0.0639975
-0.7581377,-0.0959963
-0.7579377,-0.0639975
-0.7577377,-0.0319988
-0.7575377,-0.0959963
-0.7573377,-0.0959963
-0.7571377,-0.0959963
-0.7569377,-0.0959963
-0.7567377,-0.0959963
-0.7565377,-0.0959963
-0.7563377,-0.0959963
-0.7561377,-0.0959963
-0.7559377,-0.0639975
-0.7557377,-0.127995
-0.7555377,-0.0959963
-0.7553377,-0.0959963
-0.7551377,-0.0959963
-0.7549377,-0.0959963
-0.7547377,-0.0959963
-0.7545377,-0.127995
-0.7543377,-0.127995
-0.7541377,-0.0959963
-0.7539377,-0.159994
-0.7537377,-0.127995
-0.7535377,-0.0959963
-0.7533377,-0.159994
-0.7531377,-0.127995
-0.7529377,-0.127995
-0.7527377,-0.0639975
-0.7525377,-0.127995
-0.7523377,-0.127995
-0.7521377,-0.127995
-0.7519377,-0.159994
-0.7517377,-0.191993
-0.7515377,-0.127995
-0.7513377,-0.159994
-0.7511377,-0.159994
-0.7509377,-0.127995
-0.7507377,-0.127995
-0.7505377,-0.127995
-0.7503377,-0.127995
-0.7501377,-0.127995
-0.7499377,-0.0959963
-0.7497377,-0.159994
-0.7495377,-0.159994
-0.7493377,-0.0959963
-0.7491377,-0.127995
-0.7489377,-0.159994
-0.7487377,-0.159994
-0.7485377,-0.159994
-0.7483377,-0.159994
-0.7481377,-0.159994
-0.7479377,-0.191993
-0.7477377,-0.127995
-0.7475377,-0.127995
-0.7473377,-0.159994
-0.7471377,-0.127995
-0.7469377,-0.159994
-0.7467377,-0.127995
-0.7465377,-0.159994
-0.7463377,-0.159994
-0.7461377,-0.191993
-0.7459377,-0.159994
-0.7457377,-0.127995
-0.7455377,-0.159994
-0.7453377,-0.159994
-0.7451377,-0.159994
-0.7449377,-0.159994
-0.7447377,-0.159994
-0.7445377,-0.127995
-0.7443377,-0.191993
-0.7441377,-0.127995
-0.7439377,-0.159994
-0.7437377,-0.191993
-0.7435377,-0.159994
-0.7433377,-0.159994
-0.7431377,-0.191993
-0.7429377,-0.191993
-0.7427377,-0.191993
-0.7425377,-0.191993
-0.7423377,-0.191993
-0.7421377,-0.223991
-0.7419377,-0.191993
-0.7417377,-0.223991
-0.7415377,-0.159994
-0.7413377,-0.223991
-0.7411377,-0.191993
-0.7409377,-0.223991
-0.7407377,-0.191993
-0.7405377,-0.223991
-0.7403377,-0.159994
-0.7401377,-0.191993
-0.7399377,-0.223991
-0.7397377,-0.191993
-0.7395377,-0.223991
-0.7393377,-0.191993
-0.7391377,-0.191993
-0.7389377,-0.223991
-0.7387377,-0.25599
-0.7385377,-0.159994
-0.7383377,-0.223991
-0.7381377,-0.223991
-0.7379377,-0.223991
-0.7377377,-0.223991
-0.7375377,-0.223991
-0.7373377,-0.223991
-0.7371377,-0.191993
-0.7369377,-0.223991
-0.7367377,-0.223991
-0.7365377,-0.191993
-0.7363377,-0.25599
-0.7361377,-0.287989
-0.7359377,-0.25599
-0.7357377,-0.223991
-0.7355377,-0.25599
-0.7353377,-0.25599
-0.7351377,-0.25599
-0.7349377,-0.25599
-0.7347377,-0.25599
-0.7345377,-0.287989
-0.7343377,-0.191993
-0.7341377,-0.223991
-0.7339377,-0.223991
-0.7337377,-0.223991
-0.7335377,-0.25599
-0.7333377,-0.25599
-0.7331377,-0.223991
-0.7329377,-0.25599
-0.7327377,-0.25599
-0.7325377,-0.191993
-0.7323377,-0.25599
-0.7321377,-0.25599
-0.7319377,-0.191993
-0.7317377,-0.25599
-0.7315377,-0.25599
-0.7313377,-0.25599
-0.7311377,-0.25599
-0.7309377,-0.287989
-0.7307377,-0.223991
-0.7305377,-0.319988
-0.7303377,-0.25599
-0.7301377,-0.25599
-0.7299377,-0.25599
-0.7297377,-0.25599
-0.7295377,-0.25599
-0.7293377,-0.223991
-0.7291377,-0.223991
-0.7289377,-0.25599
-0.7287377,-0.25599
-0.7285377,-0.25599
-0.7283377,-0.25599
-0.7281377,-0.25599
-0.7279377,-0.25599
-0.7277377,-0.223991
-0.7275377,-0.25599
-0.7273377,-0.25599
-0.7271377,-0.223991
-0.7269377,-0.25599
-0.7267377,-0.25599
-0.7265377,-0.223991
-0.7263377,-0.223991
-0.7261377,-0.25599
-0.7259377,-0.25599
-0.7257377,-0.25599
-0.7255377,-0.223991
-0.7253377,-0.25599
-0.7251377,-0.223991
-0.7249377,-0.25599
-0.7247377,-0.223991
-0.7245377,-0.25599
-0.7243377,-0.25599
-0.7241377,-0.223991
-0.7239377,-0.25599
-0.7237377,-0.25599
-0.7235377,-0.25599
-0.7233377,-0.25599
-0.7231377,-0.223991
-0.7229377,-0.223991
-0.7227377,-0.191993
-0.7225377,-0.223991
-0.7223377,-0.223991
-0.7221377,-0.191993
-0.7219377,-0.223991
-0.7217377,-0.223991
-0.7215377,-0.223991
-0.7213377,-0.223991
-0.7211377,-0.191993
-0.7209377,-0.25599
-0.7207377,-0.191993
-0.7205377,-0.191993
-0.7203377,-0.223991
-0.7201377,-0.223991
-0.7199377,-0.191993
-0.7197377,-0.223991
-0.7195377,-0.191993
-0.7193377,-0.159994
-0.7191377,-0.223991
-0.7189377,-0.159994
-0.7187377,-0.191993
-0.7185377,-0.223991
-0.7183377,-0.191993
-0.7181377,-0.191993
-0.7179377,-0.25599
-0.7177377,-0.223991
-0.7175377,-0.191993
-0.7173377,-0.223991
-0.7171377,-0.223991
-0.7169377,-0.159994
-0.7167377,-0.25599
-0.7165377,-0.159994
-0.7163377,-0.191993
-0.7161377,-0.191993
-0.7159377,-0.191993
-0.7157377,-0.159994
-0.7155377,-0.191993
-0.7153377,-0.25599
-0.7151377,-0.191993
-0.7149377,-0.223991
-0.7147377,-0.223991
-0.7145377,-0.159994
-0.7143377,-0.25599
-0.7141377,-0.223991
-0.7139377,-0.223991
-0.7137377,-0.159994
-0.7135377,-0.223991
-0.7133377,-0.159994
-0.7131377,-0.223991
-0.7129377,-0.25599
-0.7127377,-0.223991
-0.7125377,-0.223991
-0.7123377,-0.223991
-0.7121377,-0.223991
-0.7119377,-0.25599
-0.7117377,-0.191993
-0.7115377,-0.223991
-0.7113377,-0.25599
-0.7111377,-0.191993
-0.7109377,-0.191993
-0.7107377,-0.25599
-0.7105377,-0.25599
-0.7103377,-0.223991
-0.7101377,-0.223991
-0.7099377,-0.223991
-0.7097377,-0.223991
-0.7095377,-0.223991
-0.7093377,-0.223991
-0.7091377,-0.223991
-0.7089377,-0.287989
-0.7087377,-0.25599
-0.7085377,-0.223991
-0.7083377,-0.25599
-0.7081377,-0.223991
-0.7079377,-0.25599
-0.7077377,-0.223991
-0.7075377,-0.287989
-0.7073377,-0.223991
-0.7071377,-0.25599
-0.7069377,-0.25599
-0.7067377,-0.223991
-0.7065377,-0.287989
-0.7063377,-0.25599
-0.7061377,-0.287989
-0.7059377,-0.25599
-0.7057377,-0.287989
-0.7055377,-0.25599
-0.7053377,-0.25599
-0.7051377,-0.25599
-0.7049377,-0.25599
-0.7047377,-0.25599
-0.7045377,-0.287989
-0.7043377,-0.25599
-0.7041377,-0.25599
-0.7039377,-0.319988
-0.7037377,-0.287989
-0.7035377,-0.25599
-0.7033377,-0.319988
-0.7031377,-0.287989
-0.7029377,-0.287989
-0.7027377,-0.319988
-0.7025377,-0.25599
-0.7023377,-0.287989
-0.7021377,-0.287989
-0.7019377,-0.25599
-0.7017377,-0.25599
-0.7015377,-0.319988
-0.7013377,-0.319988
-0.7011377,-0.351986
-0.7009377,-0.287989
-0.7007377,-0.287989
-0.7005377,-0.319988
-0.7003377,-0.287989
-0.7001377,-0.287989
-0.6999377,-0.287989
-0.6997377,-0.319988
-0.6995377,-0.319988
-0.6993377,-0.319988
-0.6991377,-0.319988
-0.6989377,-0.351986
-0.6987377,-0.319988
-0.6985377,-0.319988
-0.6983377,-0.319988
-0.6981377,-0.287989
-0.6979377,-0.383985
-0.6977377,-0.319988
-0.6975377,-0.287989
-0.6973377,-0.319988
-0.6971377,-0.319988
-0.6969377,-0.25599
-0.6967377,-0.351986
-0.6965377,-0.319988
-0.6963377,-0.319988
-0.6961377,-0.319988
-0.6959377,-0.319988
-0.6957377,-0.319988
-0.6955377,-0.319988
-0.6953377,-0.319988
-0.6951377,-0.319988
-0.6949377,-0.351986
-0.6947377,-0.319988
-0.6945377,-0.319988
-0.6943377,-0.319988
-0.6941377,-0.319988
-0.6939377,-0.351986
-0.6937377,-0.319988
-0.6935377,-0.287989
-0.6933377,-0.319988
-0.6931377,-0.319988
-0.6929377,-0.383985
-0.6927377,-0.351986
-0.6925377,-0.319988
-0.6923377,-0.351986
-0.6921377,-0.287989
-0.6919377,-0.383985
-0.6917377,-0.351986
-0.6915377,-0.351986
-0.6913377,-0.319988
-0.6911377,-0.383985
-0.6909377,-0.319988
-0.6907377,-0.351986
-0.6905377,-0.351986
-0.6903377,-0.351986
-0.6901377,-0.351986
-0.6899377,-0.351986
-0.6897377,-0.351986
-0.6895377,-0.351986
-0.6893377,-0.383985
-0.6891377,-0.351986
-0.6889377,-0.351986
-0.6887377,-0.351986
-0.6885377,-0.319988
-0.6883377,-0.319988
-0.6881377,-0.319988
-0.6879377,-0.351986
-0.6877377,-0.351986
-0.6875377,-0.351986
-0.6873377,-0.351986
-0.6871377,-0.383985
-0.6869377,-0.383985
-0.6867377,-0.351986
-0.6865377,-0.319988
-0.6863377,-0.383985
-0.6861377,-0.319988
-0.6859377,-0.351986
-0.6857377,-0.319988
-0.6855377,-0.351986
-0.6853377,-0.383985
-0.6851377,-0.383985
-0.6849377,-0.319988
-0.6847377,-0.351986
-0.6845377,-0.383985
-0.6843377,-0.351986
-0.6841377,-0.351986
-0.6839377,-0.351986
-0.6837377,-0.383985
-0.6835377,-0.383985
-0.6833377,-0.383985
-0.6831377,-0.383985
-0.6829377,-0.383985
-0.6827377,-0.351986
-0.6825377,-0.351986
-0.6823377,-0.383985
-0.6821377,-0.351986
-0.6819377,-0.319988
-0.6817377,-0.383985
-0.6815377,-0.351986
-0.6813377,-0.383985
-0.6811377,-0.383985
-0.6809377,-0.383985
-0.6807377,-0.351986
-0.6805377,-0.351986
-0.6803377,-0.351986
-0.6801377,-0.383985
-0.6799377,-0.383985
-0.6797377,-0.383985
-0.6795377,-0.351986
-0.6793377,-0.383985
-0.6791377,-0.415984
-0.6789377,-0.383985
-0.6787377,-0.415984
-0.6785377,-0.351986
-0.6783377,-0.383985
-0.6781377,-0.383985
-0.6779377,-0.383985
-0.6777377,-0.351986
-0.6775377,-0.383985
-0.6773377,-0.383985
-0.6771377,-0.383985
-0.6769377,-0.351986
-0.6767377,-0.383985
-0.6765377,-0.383985
-0.6763377,-0.383985
-0.6761377,-0.383985
-0.6759377,-0.383985
-0.6757377,-0.383985
-0.6755377,-0.383985
-0.6753377,-0.383985
-0.6751377,-0.415984
-0.6749377,-0.383985
-0.6747377,-0.415984
-0.6745377,-0.351986
-0.6743377,-0.415984
-0.6741377,-0.351986
-0.6739377,-0.415984
-0.6737377,-0.383985
-0.6735377,-0.383985
-0.6733377,-0.383985
-0.6731377,-0.447983
-0.6729377,-0.383985
-0.6727377,-0.415984
-0.6725377,-0.383985
-0.6723377,-0.383985
-0.6721377,-0.415984
-0.6719377,-0.351986
-0.6717377,-0.383985
-0.6715377,-0.415984
-0.6713377,-0.447983
-0.6711377,-0.383985
-0.6709377,-0.415984
-0.6707377,-0.383985
-0.6705377,-0.383985
-0.6703377,-0.415984
-0.6701377,-0.383985
-0.6699377,-0.447983
-0.6697377,-0.383985
-0.6695377,-0.415984
-0.6693377,-0.383985
-0.6691377,-0.415984
-0.6689377,-0.415984
-0.6687377,-0.383985
-0.6685377,-0.319988
-0.6683377,-0.415984
-0.6681377,-0.351986
-0.6679377,-0.415984
-0.6677377,-0.383985
-0.6675377,-0.415984
-0.6673377,-0.415984
-0.6671377,-0.415984
-0.6669377,-0.383985
-0.6667377,-0.447983
-0.6665377,-0.383985
-0.6663377,-0.383985
-0.6661377,-0.383985
-0.6659377,-0.415984
-0.6657377,-0.383985
-0.6655377,-0.415984
-0.6653377,-0.415984
-0.6651377,-0.383985
-0.6649377,-0.383985
-0.6647377,-0.351986
-0.6645377,-0.415984
-0.6643377,-0.415984
-0.6641377,-0.383985
-0.6639377,-0.383985
-0.6637377,-0.415984
-0.6635377,-0.415984
-0.6633377,-0.351986
-0.6631377,-0.447983
-0.6629377,-0.383985
-0.6627377,-0.351986
-0.6625377,-0.383985
-0.6623377,-0.383985
-0.6621377,-0.351986
-0.6619377,-0.383985
-0.6617377,-0.383985
-0.6615377,-0.383985
-0.6613377,-0.415984
-0.6611377,-0.415984
-0.6609377,-0.383985
-0.6607377,-0.415984
-0.6605377,-0.447983
-0.6603377,-0.415984
-0.6601377,-0.447983
-0.6599377,-0.383985
-0.6597377,-0.383985
-0.6595377,-0.383985
-0.6593377,-0.383985
-0.6591377,-0.383985
-0.6589377,-0.415984
-0.6587377,-0.383985
-0.6585377,-0.383985
-0.6583377,-0.415984
-0.6581377,-0.383985
-0.6579377,-0.415984
-0.6577377,-0.383985
-0.6575377,-0.351986
-0.6573377,-0.383985
-0.6571377,-0.415984
-0.6569377,-0.415984
-0.6567377,-0.415984
-0.6565377,-0.415984
-0.6563377,-0.415984
-0.6561377,-0.383985
-0.6559377,-0.415984
-0.6557377,-0.447983
-0.6555377,-0.383985
-0.6553377,-0.415984
-0.6551377,-0.447983
-0.6549377,-0.383985
-0.6547377,-0.415984
-0.6545377,-0.415984
-0.6543377,-0.415984
-0.6541377,-0.447983
-0.6539377,-0.351986
-0.6537377,-0.383985
-0.6535377,-0.383985
-0.6533377,-0.415984
-0.6531377,-0.415984
-0.6529377,-0.383985
-0.6527377,-0.415984
-0.6525377,-0.447983
-0.6523377,-0.447983
-0.6521377,-0.447983
-0.6519377,-0.383985
-0.6517377,-0.447983
-0.6515377,-0.383985
-0.6513377,-0.415984
-0.6511377,-0.415984
-0.6509377,-0.383985
-0.6507377,-0.383985
-0.6505377,-0.383985
-0.6503377,-0.383985
-0.6501377,-0.383985
-0.6499377,-0.415984
-0.6497377,-0.383985
-0.6495377,-0.351986
-0.6493377,-0.383985
-0.6491377,-0.383985
-0.6489377,-0.351986
-0.6487377,-0.415984
-0.6485377,-0.383985
-0.6483377,-0.319988
-0.6481377,-0.383985
-0.6479377,-0.383985
-0.6477377,-0.351986
-0.6475377,-0.383985
-0.6473377,-0.351986
-0.6471377,-0.415984
-0.6469377,-0.351986
-0.6467377,-0.351986
-0.6465377,-0.351986
-0.6463377,-0.383985
-0.6461377,-0.351986
-0.6459377,-0.383985
-0.6457377,-0.383985
-0.6455377,-0.351986
-0.6453377,-0.351986
-0.6451377,-0.383985
-0.6449377,-0.351986
-0.6447377,-0.351986
-0.6445377,-0.383985
-0.6443377,-0.351986
-0.6441377,-0.319988
-0.6439377,-0.351986
-0.6437377,-0.383985
-0.6435377,-0.319988
-0.6433377,-0.415984
-0.6431377,-0.319988
-0.6429377,-0.319988
-0.6427377,-0.351986
-0.6425377,-0.351986
-0.6423377,-0.383985
-0.6421377,-0.351986
-0.6419377,-0.415984
-0.6417377,-0.319988
-0.6415377,-0.351986
-0.6413377,-0.383985
-0.6411377,-0.319988
-0.6409377,-0.383985
-0.6407377,-0.287989
-0.6405377,-0.319988
-0.6403377,-0.383985
-0.6401377,-0.319988
-0.6399377,-0.319988
-0.6397377,-0.351986
-0.6395377,-0.351986
-0.6393377,-0.319988
-0.6391377,-0.415984
-0.6389377,-0.351986
-0.6387377,-0.319988
-0.6385377,-0.319988
-0.6383377,-0.319988
-0.6381377,-0.319988
-0.6379377,-0.287989
-0.6377377,-0.319988
-0.6375377,-0.319988
-0.6373377,-0.351986
-0.6371377,-0.287989
-0.6369377,-0.287989
-0.6367377,-0.319988
-0.6365377,-0.319988
-0.6363377,-0.287989
-0.6361377,-0.25599
-0.6359377,-0.351986
-0.6357377,-0.319988
-0.6355377,-0.287989
-0.6353377,-0.319988
-0.6351377,-0.25599
-0.6349377,-0.287989
-0.6347377,-0.287989
-0.6345377,-0.25599
-0.6343377,-0.287989
-0.6341377,-0.287989
-0.6339377,-0.25599
-0.6337377,-0.287989
-0.6335377,-0.25599
-0.6333377,-0.25599
-0.6331377,-0.25599
-0.6329377,-0.223991
-0.6327377,-0.287989
-0.6325377,-0.287989
-0.6323377,-0.223991
-0.6321377,-0.223991
-0.6319377,-0.25599
-0.6317377,-0.223991
-0.6315377,-0.287989
-0.6313377,-0.223991
-0.6311377,-0.223991
-0.6309377,-0.287989
-0.6307377,-0.25599
-0.6305377,-0.223991
-0.6303377,-0.25599
-0.6301377,-0.223991
-0.6299377,-0.25599
-0.6297377,-0.287989
-0.6295377,-0.25599
-0.6293377,-0.191993
-0.6291377,-0.223991
-0.6289377,-0.223991
-0.6287377,-0.223991
-0.6285377,-0.25599
-0.6283377,-0.223991
-0.6281377,-0.223991
-0.6279377,-0.191993
-0.6277377,-0.191993
-0.6275377,-0.191993
-0.6273377,-0.223991
-0.6271377,-0.223991
-0.6269377,-0.223991
-0.6267377,-0.191993
-0.6265377,-0.191993
-0.6263377,-0.191993
-0.6261377,-0.191993
-0.6259377,-0.159994
-0.6257377,-0.223991
-0.6255377,-0.223991
-0.6253377,-0.223991
-0.6251377,-0.191993
-0.6249377,-0.223991
-0.6247377,-0.25599
-0.6245377,-0.191993
-0.6243377,-0.191993
-0.6241377,-0.159994
-0.6239377,-0.191993
-0.6237377,-0.191993
-0.6235377,-0.127995
-0.6233377,-0.159994
-0.6231377,-0.191993
-0.6229377,-0.191993
-0.6227377,-0.159994
-0.6225377,-0.159994
-0.6223377,-0.127995
-0.6221377,-0.159994
-0.6219377,-0.223991
-0.6217377,-0.191993
-0.6215377,-0.159994
-0.6213377,-0.191993
-0.6211377,-0.159994
-0.6209377,-0.0959963
-0.6207377,-0.191993
-0.6205377,-0.159994
-0.6203377,-0.159994
-0.6201377,-0.191993
-0.6199377,-0.159994
-0.6197377,-0.159994
-0.6195377,-0.159994
-0.6193377,-0.0959963
-0.6191377,-0.159994
-0.6189377,-0.191993
-0.6187377,-0.127995
-0.6185377,-0.0959963
-0.6183377,-0.127995
-0.6181377,-0.159994
-0.6179377,-0.159994
-0.6177377,-0.127995
-0.6175377,-0.0959963
-0.6173377,-0.0959963
-0.6171377,-0.0639975
-0.6169377,-0.0959963
-0.6167377,-0.127995
-0.6165377,-0.127995
-0.6163377,-0.127995
-0.6161377,-0.0959963
-0.6159377,-0.127995
-0.6157377,-0.127995
-0.6155377,-0.0959963
-0.6153377,-0.127995
-0.6151377,-0.0639975
-0.6149377,-0.0959963
-0.6147377,-0.0959963
-0.6145377,-0.0639975
-0.6143377,-0.0959963
-0.6141377,-0.127995
-0.6139377,-0.0959963
-0.6137377,-0.0639975
-0.6135377,-0.0959963
-0.6133377,-0.0959963
-0.6131377,-0.0639975
-0.6129377,-0.0959963
-0.6127377,-0.0639975
-0.6125377,-0.0959963
-0.6123377,-0.0959963
-0.6121377,-0.0319988
-0.6119377,-0.0959963
-0.6117377,-0.0959963
-0.6115377,-0.0639975
-0.6113377,-0.0319988
-0.6111377,-0.0959963
-0.6109377,-0.0319988
-0.6107377,-0.0639975
-0.6105377,-0.0639975
-0.6103377,-0.0639975
-0.6101377,0
-0.6099377,-0.0959963
-0.6097377,0
-0.6095377,-0.0319988
-0.6093377,-0.0639975
-0.6091377,0
-0.6089377,-0.0319988
-0.6087377,-0.0639975
-0.6085377,0
-0.6083377,-0.0319988
-0.6081377,-0.0319988
-0.6079377,-0.0319988
-0.6077377,-0.0319988
-0.6075377,-0.0319988
-0.6073377,0
-0.6071377,0
-0.6069377,-0.0319988
-0.6067377,0
-0.6065377,-0.0319988
-0.6063377,-0.0319988
-0.6061377,0
-0.6059377,0.0639975
-0.6057377,0
-0.6055377,0.0319988
-0.6053377,0.0319988
-0.6051377,0
-0.6049377,0.0319988
-0.6047377,0
-0.6045377,0
-0.6043377,0.0639975
-0.6041377,0
-0.6039377,0.0319988
-0.6037377,0.0319988
-0.6035377,0.0319988
-0.6033377,0.0319988
-0.6031377,0.0319988
-0.6029377,0.0319988
-0.6027377,0.0319988
-0.6025377,0.0319988
-0.6023377,0.0639975
-0.6021377,0.0639975
-0.6019377,0.0639975
-0.6017377,0.0639975
-0.6015377,0
-0.6013377,0.0959963
-0.6011377,0.0639975
-0.6009377,0.0639975
-0.6007377,0.0639975
-0.6005377,0.0639975
-0.6003377,0.0319988
-0.6001377,0.0959963
-0.5999377,0.0959963
-0.5997377,0.0959963
-0.5995377,0.127995
-0.5993377,0.0639975
-0.5991377,0.0959963
-0.5989377,0.0959963
-0.5987377,0.0959963
-0.5985377,0.0959963
-0.5983377,0.0959963
-0.5981377,0.0959963
-0.5979377,0.0959963
-0.5977377,0.127995
-0.5975377,0.127995
-0.5973377,0.0959963
-0.5971377,0.0959963
-0.5969377,0.0959963
-0.5967377,0.127995
-0.5965377,0.0639975
-0.5963377,0.127995
-0.5961377,0.127995
-0.5959377,0.127995
-0.5957377,0.127995
-0.5955377,0.159994
-0.5953377,0.159994
-0.5951377,0.159994
-0.5949377,0.191993
-0.5947377,0.159994
-0.5945377,0.159994
-0.5943377,0.127995
-0.5941377,0.159994
-0.5939377,0.191993
-0.5937377,0.159994
-0.5935377,0.127995
-0.5933377,0.127995
-0.5931377,0.127995
-0.5929377,0.191993
-0.5927377,0.191993
-0.5925377,0.191993
-0.5923377,0.191993
-0.5921377,0.223991
-0.5919377,0.159994
-0.5917377,0.159994
-0.5915377,0.159994
-0.5913377,0.191993
-0.5911377,0.191993
-0.5909377,0.191993
-0.5907377,0.191993
-0.5905377,0.25599
-0.5903377,0.223991
-0.5901377,0.191993
-0.5899377,0.191993
-0.5897377,0.223991
-0.5895377,0.25599
-0.5893377,0.25599
-0.5891377,0.223991
-0.5889377,0.223991
-0.5887377,0.25599
-0.5885377,0.25599
-0.5883377,0.223991
-0.5881377,0.25599
-0.5879377,0.25599
-0.5877377,0.223991
-0.5875377,0.25599
-0.5873377,0.25599
-0.5871377,0.25599
-0.5869377,0.25599
-0.5867377,0.25599
-0.5865377,0.25599
-0.5863377,0.287989
-0.5861377,0.287989
-0.5859377,0.25599
-0.5857377,0.287989
-0.5855377,0.223991
-0.5853377,0.25599
-0.5851377,0.287989
-0.5849377,0.25599
-0.5847377,0.287989
-0.5845377,0.287989
-0.5843377,0.287989
-0.5841377,0.287989
-0.5839377,0.319988
-0.5837377,0.319988
-0.5835377,0.287989
-0.5833377,0.319988
-0.5831377,0.287989
-0.5829377,0.351986
-0.5827377,0.319988
-0.5825377,0.287989
-0.5823377,0.319988
-0.5821377,0.351986
-0.5819377,0.351986
-0.5817377,0.287989
-0.5815377,0.351986
-0.5813377,0.319988
-0.5811377,0.319988
-0.5809377,0.351986
-0.5807377,0.319988
-0.5805377,0.351986
-0.5803377,0.351986
-0.5801377,0.319988
-0.5799377,0.319988
-0.5797377,0.383985
-0.5795377,0.383985
-0.5793377,0.319988
-0.5791377,0.383985
-0.5789377,0.319988
-0.5787377,0.351986
-0.5785377,0.415984
-0.5783377,0.319988
-0.5781377,0.351986
-0.5779377,0.351986
-0.5777377,0.319988
-0.5775377,0.351986
-0.5773377,0.383985
-0.5771377,0.351986
-0.5769377,0.351986
-0.5767377,0.415984
-0.5765377,0.351986
-0.5763377,0.351986
-0.5761377,0.383985
-0.5759377,0.351986
-0.5757377,0.383985
-0.5755377,0.415984
-0.5753377,0.351986
-0.5751377,0.319988
-0.5749377,0.415984
-0.5747377,0.351986
-0.5745377,0.447983
-0.5743377,0.383985
-0.5741377,0.383985
-0.5739377,0.383985
-0.5737377,0.447983
-0.5735377,0.447983
-0.5733377,0.383985
-0.5731377,0.447983
-0.5729377,0.415984
-0.5727377,0.383985
-0.5725377,0.447983
-0.5723377,0.383985
-0.5721377,0.383985
-0.5719377,0.447983
-0.5717377,0.447983
-0.5715377,0.447983
-0.5713377,0.447983
-0.5711377,0.447983
-0.5709377,0.447983
-0.5707377,0.447983
-0.5705377,0.447983
-0.5703377,0.447983
-0.5701377,0.447983
-0.5699377,0.447983
-0.5697377,0.447983
-0.5695377,0.447983
-0.5693377,0.447983
-0.5691377,0.479982
-0.5689377,0.479982
-0.5687377,0.447983
-0.5685377,0.447983
-0.5683377,0.51198
-0.5681377,0.51198
-0.5679377,0.447983
-0.5677377,0.51198
-0.5675377,0.479982
-0.5673377,0.479982
-0.5671377,0.479982
-0.5669377,0.479982
-0.5667377,0.479982
-0.5665377,0.51198
-0.5663377,0.479982
-0.5661377,0.479982
-0.5659377,0.479982
-0.5657377,0.479982
-0.5655377,0.479982
-0.5653377,0.51198
-0.5651377,0.51198
-0.5649377,0.479982
-0.5647377,0.51198
-0.5645377,0.479982
-0.5643377,0.51198
-0.5641377,0.479982
-0.5639377,0.51198
-0.5637377,0.51198
-0.5635377,0.543979
-0.5633377,0.51198
-0.5631377,0.479982
-0.5629377,0.51198
-0.5627377,0.51198
-0.5625377,0.575978
-0.5623377,0.51198
-0.5621377,0.543979
-0.5619377,0.543979
-0.5617377,0.543979
-0.5615377,0.51198
-0.5613377,0.51198
-0.5611377,0.543979
-0.5609377,0.51198
-0.5607377,0.543979
-0.5605377,0.51198
-0.5603377,0.575978
-0.5601377,0.575978
-0.5599377,0.543979
-0.5597377,0.543979
-0.5595377,0.543979
-0.5593377,0.543979
-0.5591377,0.575978
-0.5589377,0.575978
-0.5587377,0.575978
-0.5585377,0.607977
-0.5583377,0.543979
-0.5581377,0.575978
-0.5579377,0.607977
-0.5577377,0.51198
-0.5575377,0.543979
-0.5573377,0.543979
-0.5571377,0.543979
-0.5569377,0.543979
-0.5567377,0.607977
-0.5565377,0.543979
-0.5563377,0.575978
-0.5561377,0.575978
-0.5559377,0.575978
-0.5557377,0.575978
-0.5555377,0.607977
-0.5553377,0.543979
-0.5551377,0.575978
-0.5549377,0.607977
-0.5547377,0.607977
-0.5545377,0.607977
-0.5543377,0.607977
-0.5541377,0.607977
-0.5539377,0.607977
-0.5537377,0.639975
-0.5535377,0.575978
-0.5533377,0.575978
-0.5531377,0.575978
-0.5529377,0.607977
-0.5527377,0.639975
-0.5525377,0.671974
-0.5523377,0.639975
-0.5521377,0.607977
-0.5519377,0.703973
-0.5517377,0.607977
-0.5515377,0.607977
-0.5513377,0.639975
-0.5511377,0.607977
-0.5509377,0.671974
-0.5507377,0.671974
-0.5505377,0.639975
-0.5503377,0.671974
-0.5501377,0.671974
-0.5499377,0.671974
-0.5497377,0.639975
-0.5495377,0.639975
-0.5493377,0.639975
-0.5491377,0.671974
-0.5489377,0.703973
-0.5487377,0.703973
-0.5485377,0.703973
-0.5483377,0.735972
-0.5481377,0.703973
-0.5479377,0.703973
-0.5477377,0.767971
-0.5475377,0.703973
-0.5473377,0.703973
-0.5471377,0.767971
-0.5469377,0.671974
-0.5467377,0.703973
-0.5465377,0.767971
-0.5463377,0.767971
-0.5461377,0.767971
-0.5459377,0.767971
-0.5457377,0.735972
-0.5455377,0.767971
-0.5453377,0.767971
-0.5451377,0.799969
-0.5449377,0.735972
-0.5447377,0.799969
-0.5445377,0.799969
-0.5443377,0.767971
-0.5441377,0.799969
-0.5439377,0.735972
-0.5437377,0.767971
-0.5435377,0.767971
-0.5433377,0.767971
-0.5431377,0.799969
-0.5429377,0.831968
-0.5427377,0.799969
-0.5425377,0.767971
-0.5423377,0.831968
-0.5421377,0.767971
-0.5419377,0.767971
-0.5417377,0.799969
-0.5415377,0.767971
-0.5413377,0.799969
-0.5411377,0.831968
-0.5409377,0.799969
-0.5407377,0.767971
-0.5405377,0.831968
-0.5403377,0.831968
-0.5401377,0.799969
-0.5399377,0.863967
-0.5397377,0.799969
-0.5395377,0.799969
-0.5393377,0.863967
-0.5391377,0.831968
-0.5389377,0.831968
-0.5387377,0.831968
-0.5385377,0.767971
-0.5383377,0.831968
-0.5381377,0.831968
-0.5379377,0.831968
-0.5377377,0.799969
-0.5375377,0.863967
-0.5373377,0.863967
-0.5371377,0.799969
-0.5369377,0.927964
-0.5367377,0.831968
-0.5365377,0.863967
-0.5363377,0.895966
-0.5361377,0.831968
-0.5359377,0.831968
-0.5357377,0.895966
-0.5355377,0.863967
-0.5353377,0.895966
-0.5351377,0.895966
-0.5349377,0.831968
-0.5347377,0.863967
-0.5345377,0.895966
-0.5343377,0.863967
-0.5341377,0.831968
-0.5339377,0.895966
-0.5337377,0.863967
-0.5335377,0.863967
-0.5333377,0.895966
-0.5331377,0.895966
-0.5329377,0.895966
-0.5327377,0.863967
-0.5325377,0.895966
-0.5323377,0.895966
-0.5321377,0.895966
-0.5319377,0.895966
-0.5317377,0.895966
-0.5315377,0.895966
-0.5313377,0.863967
-0.5311377,0.895966
-0.5309377,0.895966
-0.5307377,0.863967
-0.5305377,0.895966
-0.5303377,0.927964
-0.5301377,0.895966
-0.5299377,0.895966
-0.5297377,0.895966
-0.5295377,0.863967
-0.5293377,0.927964
-0.5291377,0.895966
-0.5289377,0.863967
-0.5287377,0.895966
-0.5285377,0.863967
-0.5283377,0.895966
-0.5281377,0.895966
-0.5279377,0.863967
-0.5277377,0.895966
-0.5275377,0.895966
-0.5273377,0.863967
-0.5271377,0.895966
-0.5269377,0.863967
-0.5267377,0.895966
-0.5265377,0.863967
-0.5263377,0.863967
-0.5261377,0.927964
-0.5259377,0.863967
-0.5257377,0.863967
-0.5255377,0.895966
-0.5253377,0.895966
-0.5251377,0.895966
-0.5249377,0.927964
-0.5247377,0.863967
-0.5245377,0.863967
-0.5243377,0.895966
-0.5241377,0.863967
-0.5239377,0.895966
-0.5237377,0.863967
-0.5235377,0.863967
-0.5233377,0.863967
-0.5231377,0.863967
-0.5229377,0.863967
-0.5227377,0.863967
-0.5225377,0.863967
-0.5223377,0.863967
-0.5221377,0.863967
-0.5219377,0.895966
-0.5217377,0.895966
-0.5215377,0.863967
-0.5213377,0.895966
-0.5211377,0.863967
-0.5209377,0.831968
-0.5207377,0.863967
-0.5205377,0.831968
-0.5203377,0.799969
-0.5201377,0.863967
-0.5199377,0.895966
-0.5197377,0.799969
-0.5195377,0.863967
-0.5193377,0.831968
-0.5191377,0.831968
-0.5189377,0.863967
-0.5187377,0.863967
-0.5185377,0.831968
-0.5183377,0.863967
-0.5181377,0.799969
-0.5179377,0.831968
-0.5177377,0.863967
-0.5175377,0.831968
-0.5173377,0.799969
-0.5171377,0.831968
-0.5169377,0.799969
-0.5167377,0.799969
-0.5165377,0.863967
-0.5163377,0.799969
-0.5161377,0.831968
-0.5159377,0.831968
-0.5157377,0.767971
-0.5155377,0.799969
-0.5153377,0.831968
-0.5151377,0.767971
-0.5149377,0.767971
-0.5147377,0.831968
-0.5145377,0.799969
-0.5143377,0.799969
-0.5141377,0.831968
-0.5139377,0.831968
-0.5137377,0.767971
-0.5135377,0.799969
-0.5133377,0.767971
-0.5131377,0.767971
-0.5129377,0.863967
-0.5127377,0.831968
-0.5125377,0.767971
-0.5123377,0.799969
-0.5121377,0.799969
-0.5119377,0.767971
-0.5117377,0.735972
-0.5115377,0.767971
-0.5113377,0.767971
-0.5111377,0.799969
-0.5109377,0.767971
-0.5107377,0.735972
-0.5105377,0.767971
-0.5103377,0.767971
-0.5101377,0.767971
-0.5099377,0.767971
-0.5097377,0.767971
-0.5095377,0.767971
-0.5093377,0.831968
-0.5091377,0.767971
-0.5089377,0.735972
-0.5087377,0.799969
-0.5085377,0.735972
-0.5083377,0.735972
-0.5081377,0.767971
-0.5079377,0.735972
-0.5077377,0.735972
-0.5075377,0.767971
-0.5073377,0.703973
-0.5071377,0.735972
-0.5069377,0.735972
-0.5067377,0.767971
-0.5065377,0.735972
-0.5063377,0.799969
-0.5061377,0.735972
-0.5059377,0.735972
-0.5057377,0.735972
-0.5055377,0.735972
-0.5053377,0.735972
-0.5051377,0.767971
-0.5049377,0.735972
-0.5047377,0.735972
-0.5045377,0.735972
-0.5043377,0.703973
-0.5041377,0.735972
-0.5039377,0.735972
-0.5037377,0.703973
-0.5035377,0.703973
-0.5033377,0.703973
-0.5031377,0.703973
-0.5029377,0.703973
-0.5027377,0.767971
-0.5025377,0.671974
-0.5023377,0.735972
-0.5021377,0.735972
-0.5019377,0.703973
-0.5017377,0.703973
-0.5015377,0.767971
-0.5013377,0.735972
-0.5011377,0.703973
-0.5009377,0.671974
-0.5007377,0.735972
-0.5005377,0.639975
-0.5003377,0.703973
-0.5001377,0.671974
-0.4999377,0.639975
-0.4997377,0.671974
-0.4995377,0.639975
-0.4993377,0.671974
-0.4991377,0.703973
-0.4989377,0.639975
-0.4987377,0.607977
-0.4985377,0.671974
-0.4983377,0.671974
-0.4981377,0.703973
-0.4979377,0.703973
-0.4977377,0.639975
-0.4975377,0.671974
-0.4973377,0.671974
-0.4971377,0.607977
-0.4969377,0.639975
-0.4967377,0.671974
-0.4965377,0.671974
-0.4963377,0.671974
-0.4961377,0.671974
-0.4959377,0.639975
-0.4957377,0.639975
-0.4955377,0.703973
-0.4953377,0.607977
-0.4951377,0.639975
-0.4949377,0.639975
-0.4947377,0.607977
-0.4945377,0.607977
-0.4943377,0.639975
-0.4941377,0.607977
-0.4939377,0.607977
-0.4937377,0.639975
-0.4935377,0.607977
-0.4933377,0.575978
-0.4931377,0.639975
-0.4929377,0.575978
-0.4927377,0.607977
-0.4925377,0.671974
-0.4923377,0.575978
-0.4921377,0.639975
-0.4919377,0.607977
-0.4917377,0.607977
-0.4915377,0.575978
-0.4913377,0.671974
-0.4911377,0.575978
-0.4909377,0.607977
-0.4907377,0.639975
-0.4905377,0.543979
-0.4903377,0.543979
-0.4901377,0.575978
-0.4899377,0.607977
-0.4897377,0.575978
-0.4895377,0.607977
-0.4893377,0.607977
-0.4891377,0.607977
-0.4889377,0.607977
-0.4887377,0.575978
-0.4885377,0.607977
-0.4883377,0.607977
-0.4881377,0.575978
-0.4879377,0.575978
-0.4877377,0.607977
-0.4875377,0.575978
-0.4873377,0.543979
-0.4871377,0.607977
-0.4869377,0.543979
-0.4867377,0.575978
-0.4865377,0.639975
-0.4863377,0.543979
-0.4861377,0.543979
-0.4859377,0.607977
-0.4857377,0.543979
-0.4855377,0.575978
-0.4853377,0.575978
-0.4851377,0.575978
-0.4849377,0.51198
-0.4847377,0.575978
-0.4845377,0.575978
-0.4843377,0.543979
-0.4841377,0.607977
-0.4839377,0.543979
-0.4837377,0.575978
-0.4835377,0.575978
-0.4833377,0.543979
-0.4831377,0.543979
-0.4829377,0.575978
-0.4827377,0.51198
-0.4825377,0.575978
-0.4823377,0.51198
-0.4821377,0.51198
-0.4819377,0.543979
-0.4817377,0.543979
-0.4815377,0.479982
-0.4813377,0.51198
-0.4811377,0.51198
-0.4809377,0.479982
-0.4807377,0.51198
-0.4805377,0.51198
-0.4803377,0.51198
-0.4801377,0.51198
-0.4799377,0.543979
-0.4797377,0.479982
-0.4795377,0.543979
-0.4793377,0.51198
-0.4791377,0.51198
-0.4789377,0.479982
-0.4787377,0.479982
-0.4785377,0.479982
-0.4783377,0.447983
-0.4781377,0.575978
-0.4779377,0.479982
-0.4777377,0.479982
-0.4775377,0.479982
-0.4773377,0.479982
-0.4771377,0.479982
-0.4769377,0.479982
-0.4767377,0.447983
-0.4765377,0.479982
-0.4763377,0.479982
-0.4761377,0.479982
-0.4759377,0.51198
-0.4757377,0.479982
-0.4755377,0.479982
-0.4753377,0.479982
-0.4751377,0.479982
-0.4749377,0.415984
-0.4747377,0.447983
-0.4745377,0.415984
-0.4743377,0.415984
-0.4741377,0.447983
-0.4739377,0.447983
-0.4737377,0.479982
-0.4735377,0.447983
-0.4733377,0.447983
-0.4731377,0.415984
-0.4729377,0.447983
-0.4727377,0.479982
-0.4725377,0.415984
-0.4723377,0.479982
-0.4721377,0.415984
-0.4719377,0.479982
-0.4717377,0.447983
-0.4715377,0.415984
-0.4713377,0.447983
-0.4711377,0.447983
-0.4709377,0.447983
-0.4707377,0.415984
-0.4705377,0.447983
-0.4703377,0.415984
-0.4701377,0.415984
-0.4699377,0.415984
-0.4697377,0.415984
-0.4695377,0.415984
-0.4693377,0.383985
-0.4691377,0.383985
-0.4689377,0.415984
-0.4687377,0.447983
-0.4685377,0.447983
-0.4683377,0.383985
-0.4681377,0.415984
-0.4679377,0.351986
-0.4677377,0.383985
-0.4675377,0.383985
-0.4673377,0.383985
-0.4671377,0.383985
-0.4669377,0.415984
-0.4667377,0.415984
-0.4665377,0.383985
-0.4663377,0.415984
-0.4661377,0.383985
-0.4659377,0.415984
-0.4657377,0.415984
-0.4655377,0.351986
-0.4653377,0.351986
-0.4651377,0.415984
-0.4649377,0.319988
-0.4647377,0.415984
-0.4645377,0.415984
-0.4643377,0.351986
-0.4641377,0.351986
-0.4639377,0.383985
-0.4637377,0.351986
-0.4635377,0.383985
-0.4633377,0.447983
-0.4631377,0.415984
-0.4629377,0.351986
-0.4627377,0.383985
-0.4625377,0.383985
-0.4623377,0.383985
-0.4621377,0.415984
-0.4619377,0.319988
-0.4617377,0.383985
-0.4615377,0.383985
-0.4613377,0.351986
-0.4611377,0.351986
-0.4609377,0.383985
-0.4607377,0.319988
-0.4605377,0.415984
-0.4603377,0.415984
-0.4601377,0.351986
-0.4599377,0.351986
-0.4597377,0.383985
-0.4595377,0.319988
-0.4593377,0.351986
-0.4591377,0.383985
-0.4589377,0.383985
-0.4587377,0.351986
-0.4585377,0.383985
-0.4583377,0.351986
-0.4581377,0.383985
-0.4579377,0.383985
-0.4577377,0.351986
-0.4575377,0.351986
-0.4573377,0.351986
-0.4571377,0.319988
-0.4569377,0.319988
-0.4567377,0.351986
-0.4565377,0.319988
-0.4563377,0.351986
-0.4561377,0.415984
-0.4559377,0.287989
-0.4557377,0.351986
-0.4555377,0.351986
-0.4553377,0.25599
-0.4551377,0.319988
-0.4549377,0.351986
-0.4547377,0.351986
-0.4545377,0.319988
-0.4543377,0.319988
-0.4541377,0.287989
-0.4539377,0.287989
-0.4537377,0.351986
-0.4535377,0.287989
-0.4533377,0.319988
-0.4531377,0.319988
-0.4529377,0.319988
-0.4527377,0.287989
-0.4525377,0.319988
-0.4523377,0.287989
-0.4521377,0.319988
-0.4519377,0.319988
-0.4517377,0.319988
-0.4515377,0.287989
-0.4513377,0.319988
-0.4511377,0.287989
-0.4509377,0.25599
-0.4507377,0.319988
-0.4505377,0.319988
-0.4503377,0.287989
-0.4501377,0.287989
-0.4499377,0.287989
-0.4497377,0.287989
-0.4495377,0.319988
-0.4493377,0.25599
-0.4491377,0.25599
-0.4489377,0.319988
-0.4487377,0.319988
-0.4485377,0.319988
-0.4483377,0.319988
-0.4481377,0.287989
-0.4479377,0.25599
-0.4477377,0.319988
-0.4475377,0.25599
-0.4473377,0.287989
-0.4471377,0.319988
-0.4469377,0.25599
-0.4467377,0.25599
-0.4465377,0.287989
-0.4463377,0.287989
-0.4461377,0.287989
-0.4459377,0.25599
-0.4457377,0.25599
-0.4455377,0.287989
-0.4453377,0.25599
-0.4451377,0.25599
-0.4449377,0.223991
-0.4447377,0.287989
-0.4445377,0.25599
-0.4443377,0.287989
-0.4441377,0.287989
-0.4439377,0.25599
-0.4437377,0.25599
-0.4435377,0.223991
-0.4433377,0.223991
-0.4431377,0.25599
-0.4429377,0.223991
-0.4427377,0.25599
-0.4425377,0.25599
-0.4423377,0.25599
-0.4421377,0.223991
-0.4419377,0.25599
-0.4417377,0.223991
-0.4415377,0.25599
-0.4413377,0.25599
-0.4411377,0.25599
-0.4409377,0.191993
-0.4407377,0.25599
-0.4405377,0.287989
-0.4403377,0.223991
-0.4401377,0.223991
-0.4399377,0.25599
-0.4397377,0.191993
-0.4395377,0.191993
-0.4393377,0.223991
-0.4391377,0.223991
-0.4389377,0.191993
-0.4387377,0.223991
-0.4385377,0.191993
-0.4383377,0.223991
-0.4381377,0.25599
-0.4379377,0.191993
-0.4377377,0.223991
-0.4375377,0.223991
-0.4373377,0.191993
-0.4371377,0.223991
-0.4369377,0.25599
-0.4367377,0.223991
-0.4365377,0.223991
-0.4363377,0.25599
-0.4361377,0.191993
-0.4359377,0.191993
-0.4357377,0.287989
-0.4355377,0.223991
-0.4353377,0.191993
-0.4351377,0.191993
-0.4349377,0.191993
-0.4347377,0.191993
-0.4345377,0.191993
-0.4343377,0.191993
-0.4341377,0.191993
-0.4339377,0.191993
-0.4337377,0.159994
-0.4335377,0.223991
-0.4333377,0.127995
-0.4331377,0.159994
-0.4329377,0.191993
-0.4327377,0.223991
-0.4325377,0.159994
-0.4323377,0.127995
-0.4321377,0.191993
-0.4319377,0.159994
-0.4317377,0.159994
-0.4315377,0.127995
-0.4313377,0.127995
-0.4311377,0.191993
-0.4309377,0.191993
-0.4307377,0.159994
-0.4305377,0.191993
-0.4303377,0.159994
-0.4301377,0.127995
-0.4299377,0.0959963
-0.4297377,0.159994
-0.4295377,0.159994
-0.4293377,0.159994
-0.4291377,0.159994
-0.4289377,0.0959963
-0.4287377,0.159994
-0.4285377,0.127995
-0.4283377,0.127995
-0.4281377,0.0959963
-0.4279377,0.127995
-0.4277377,0.127995
-0.4275377,0.159994
-0.4273377,0.159994
-0.4271377,0.0959963
-0.4269377,0.159994
-0.4267377,0.127995
-0.4265377,0.159994
-0.4263377,0.127995
-0.4261377,0.127995
-0.4259377,0.127995
-0.4257377,0.0639975
-0.4255377,0.127995
-0.4253377,0.127995
-0.4251377,0.0959963
-0.4249377,0.127995
-0.4247377,0.0959963
-0.4245377,0.159994
-0.4243377,0.0959963
-0.4241377,0.127995
-0.4239377,0.127995
-0.4237377,0.0959963
-0.4235377,0.127995
-0.4233377,0.0959963
-0.4231377,0.159994
-0.4229377,0.0959963
-0.4227377,0.127995
-0.4225377,0.127995
-0.4223377,0.127995
-0.4221377,0.0959963
-0.4219377,0.0959963
-0.4217377,0.0959963
-0.4215377,0.127995
-0.4213377,0.0959963
-0.4211377,0.0959963
-0.4209377,0.0959963
-0.4207377,0.0959963
-0.4205377,0.0959963
-0.4203377,0.0639975
-0.4201377,0.0639975
-0.4199377,0.0639975
-0.4197377,0.0639975
-0.4195377,0.127995
-0.4193377,0.0959963
-0.4191377,0.0639975
-0.4189377,0.0319988
-0.4187377,0.0639975
-0.4185377,0.0959963
-0.4183377,0.0319988
-0.4181377,0.0319988
-0.4179377,0.0959963
-0.4177377,0.0639975
-0.4175377,0.0319988
-0.4173377,0.0319988
-0.4171377,0.0639975
-0.4169377,0.0639975
-0.4167377,0.0319988
-0.4165377,0.0639975
-0.4163377,0.0319988
-0.4161377,0.0639975
-0.4159377,0.0639975
-0.4157377,0.0319988
-0.4155377,0.0959963
-0.4153377,0.0639975
-0.4151377,0.0959963
-0.4149377,0.0639975
-0.4147377,0.0319988
-0.4145377,0.0319988
-0.4143377,0.0639975
-0.4141377,0.0319988
-0.4139377,0.0639975
-0.4137377,0.0639975
-0.4135377,0
-0.4133377,0.0639975
-0.4131377,0.0639975
-0.4129377,0.0319988
-0.4127377,0.0319988
-0.4125377,0.0319988
-0.4123377,0.0319988
-0.4121377,0.0319988
-0.4119377,0.0319988
-0.4117377,0
-0.4115377,0.0319988
-0.4113377,0
-0.4111377,0.0319988
-0.4109377,0
-0.4107377,0
-0.4105377,0
-0.4103377,0.0319988
-0.4101377,0
-0.4099377,0
-0.4097377,0
-0.4095377,0.0319988
-0.4093377,0
-0.4091377,0
-0.4089377,0
-0.4087377,0
-0.4085377,0.0639975
-0.4083377,0
-0.4081377,0.0319988
-0.4079377,0.0319988
-0.4077377,0
-0.4075377,0.0319988
-0.4073377,0.0319988
-0.4071377,-0.0319988
-0.4069377,0
-0.4067377,0
-0.4065377,0
-0.4063377,0
-0.4061377,0.0319988
-0.4059377,-0.0319988
-0.4057377,0.0319988
-0.4055377,0
-0.4053377,-0.0319988
-0.4051377,-0.0319988
-0.4049377,0
-0.4047377,-0.0639975
-0.4045377,0
-0.4043377,-0.0319988
-0.4041377,-0.0319988
-0.4039377,-0.0319988
-0.4037377,0
-0.4035377,-0.0319988
-0.4033377,0
-0.4031377,-0.0319988
-0.4029377,0
-0.4027377,0
-0.4025377,0
-0.4023377,0
-0.4021377,0
-0.4019377,0
-0.4017377,-0.0639975
-0.4015377,-0.0319988
-0.4013377,-0.0319988
-0.4011377,-0.0639975
-0.4009377,-0.0639975
-0.4007377,-0.0319988
-0.4005377,0
-0.4003377,-0.0319988
-0.4001377,-0.0319988
-0.3999377,-0.0319988
-0.3997377,-0.0639975
-0.3995377,-0.0639975
-0.3993377,-0.0639975
-0.3991377,0
-0.3989377,0
-0.3987377,-0.0639975
-0.3985377,-0.0319988
-0.3983377,0
-0.3981377,-0.0639975
-0.3979377,-0.0639975
-0.3977377,0
-0.3975377,-0.0959963
-0.3973377,-0.0319988
-0.3971377,0
-0.3969377,-0.0639975
-0.3967377,-0.0319988
-0.3965377,-0.0639975
-0.3963377,-0.0959963
-0.3961377,-0.0639975
-0.3959377,-0.0319988
-0.3957377,-0.0639975
-0.3955377,0
-0.3953377,-0.0319988
-0.3951377,-0.0639975
-0.3949377,-0.0639975
-0.3947377,-0.0639975
-0.3945377,-0.0959963
-0.3943377,-0.0319988
-0.3941377,-0.0319988
-0.3939377,-0.0639975
-0.3937377,-0.0639975
-0.3935377,-0.0959963
-0.3933377,-0.0959963
-0.3931377,-0.127995
-0.3929377,-0.127995
-0.3927377,-0.0639975
-0.3925377,-0.0639975
-0.3923377,-0.0959963
-0.3921377,-0.0639975
-0.3919377,-0.127995
-0.3917377,-0.0639975
-0.3915377,-0.127995
-0.3913377,-0.0639975
-0.3911377,-0.0639975
-0.3909377,-0.127995
-0.3907377,-0.0959963
-0.3905377,-0.0959963
-0.3903377,-0.127995
-0.3901377,-0.0959963
-0.3899377,-0.0959963
-0.3897377,-0.127995
-0.3895377,-0.0959963
-0.3893377,-0.0639975
-0.3891377,-0.127995
-0.3889377,-0.127995
-0.3887377,-0.127995
-0.3885377,-0.127995
-0.3883377,-0.127995
-0.3881377,-0.0959963
-0.3879377,-0.191993
-0.3877377,-0.127995
-0.3875377,-0.0959963
-0.3873377,-0.0959963
-0.3871377,-0.0959963
-0.3869377,-0.127995
-0.3867377,-0.0959963
-0.3865377,-0.0959963
-0.3863377,-0.0959963
-0.3861377,-0.127995
-0.3859377,-0.0959963
-0.3857377,-0.0959963
-0.3855377,-0.127995
-0.3853377,-0.127995
-0.3851377,-0.159994
-0.3849377,-0.127995
-0.3847377,-0.127995
-0.3845377,-0.127995
-0.3843377,-0.159994
-0.3841377,-0.127995
-0.3839377,-0.0959963
-0.3837377,-0.127995
-0.3835377,-0.127995
-0.3833377,-0.0959963
-0.3831377,-0.159994
-0.3829377,-0.127995
-0.3827377,-0.127995
-0.3825377,-0.159994
-0.3823377,-0.127995
-0.3821377,-0.127995
-0.3819377,-0.191993
-0.3817377,-0.127995
-0.3815377,-0.127995
-0.3813377,-0.127995
-0.3811377,-0.0959963
-0.3809377,-0.159994
-0.3807377,-0.159994
-0.3805377,-0.127995
-0.3803377,-0.127995
-0.3801377,-0.159994
-0.3799377,-0.0959963
-0.3797377,-0.127995
-0.3795377,-0.159994
-0.3793377,-0.159994
-0.3791377,-0.127995
-0.3789377,-0.159994
-0.3787377,-0.191993
-0.3785377,-0.159994
-0.3783377,-0.159994
-0.3781377,-0.159994
-0.3779377,-0.0959963
-0.3777377,-0.159994
-0.3775377,-0.127995
-0.3773377,-0.127995
-0.3771377,-0.159994
-0.3769377,-0.127995
-0.3767377,-0.0959963
-0.3765377,-0.127995
-0.3763377,-0.191993
-0.3761377,-0.159994
-0.3759377,-0.159994
-0.3757377,-0.127995
-0.3755377,-0.0959963
-0.3753377,-0.159994
-0.3751377,-0.159994
-0.3749377,-0.159994
-0.3747377,-0.159994
-0.3745377,-0.159994
-0.3743377,-0.0959963
-0.3741377,-0.159994
-0.3739377,-0.127995
-0.3737377,-0.127995
-0.3735377,-0.159994
-0.3733377,-0.159994
-0.3731377,-0.127995
-0.3729377,-0.159994
-0.3727377,-0.159994
-0.3725377,-0.127995
-0.3723377,-0.159994
-0.3721377,-0.191993
-0.3719377,-0.127995
-0.3717377,-0.159994
-0.3715377,-0.127995
-0.3713377,-0.159994
-0.3711377,-0.191993
-0.3709377,-0.127995
-0.3707377,-0.127995
-0.3705377,-0.159994
-0.3703377,-0.159994
-0.3701377,-0.127995
-0.3699377,-0.159994
-0.3697377,-0.159994
-0.3695377,-0.159994
-0.3693377,-0.159994
-0.3691377,-0.159994
-0.3689377,-0.159994
-0.3687377,-0.159994
-0.3685377,-0.0959963
-0.3683377,-0.159994
-0.3681377,-0.127995
-0.3679377,-0.191993
-0.3677377,-0.159994
-0.3675377,-0.159994
-0.3673377,-0.159994
-0.3671377,-0.159994
-0.3669377,-0.159994
-0.3667377,-0.159994
-0.3665377,-0.159994
-0.3663377,-0.159994
-0.3661377,-0.159994
-0.3659377,-0.0959963
-0.3657377,-0.159994
-0.3655377,-0.191993
-0.3653377,-0.159994
-0.3651377,-0.159994
-0.3649377,-0.191993
-0.3647377,-0.159994
-0.3645377,-0.127995
-0.3643377,-0.127995
-0.3641377,-0.159994
-0.3639377,-0.159994
-0.3637377,-0.191993
-0.3635377,-0.159994
-0.3633377,-0.191993
-0.3631377,-0.159994
-0.3629377,-0.159994
-0.3627377,-0.159994
-0.3625377,-0.223991
-0.3623377,-0.127995
-0.3621377,-0.127995
-0.3619377,-0.127995
-0.3617377,-0.127995
-0.3615377,-0.191993
-0.3613377,-0.191993
-0.3611377,-0.127995
-0.3609377,-0.0639975
-0.3607377,-0.127995
-0.3605377,-0.0959963
-0.3603377,-0.159994
-0.3601377,-0.159994
-0.3599377,-0.0959963
-0.3597377,-0.127995
-0.3595377,-0.127995
-0.3593377,-0.0959963
-0.3591377,-0.159994
-0.3589377,-0.127995
-0.3587377,-0.127995
-0.3585377,-0.127995
-0.3583377,-0.127995
-0.3581377,-0.127995
-0.3579377,-0.127995
-0.3577377,-0.127995
-0.3575377,-0.0959963
-0.3573377,-0.127995
-0.3571377,-0.127995
-0.3569377,-0.127995
-0.3567377,-0.127995
-0.3565377,-0.159994
-0.3563377,-0.127995
-0.3561377,-0.159994
-0.3559377,-0.0959963
-0.3557377,-0.159994
-0.3555377,-0.159994
-0.3553377,-0.127995
-0.3551377,-0.0959963
-0.3549377,-0.127995
-0.3547377,-0.159994
-0.3545377,-0.127995
-0.3543377,-0.159994
-0.3541377,-0.127995
-0.3539377,-0.159994
-0.3537377,-0.127995
-0.3535377,-0.127995
-0.3533377,-0.127995
-0.3531377,-0.159994
-0.3529377,-0.127995
-0.3527377,-0.0959963
-0.3525377,-0.159994
-0.3523377,-0.0959963
-0.3521377,-0.0959963
-0.3519377,-0.127995
-0.3517377,-0.0959963
-0.3515377,-0.0959963
-0.3513377,-0.127995
-0.3511377,-0.159994
-0.3509377,-0.127995
-0.3507377,-0.127995
-0.3505377,-0.127995
-0.3503377,-0.127995
-0.3501377,-0.0959963
-0.3499377,-0.0959963
-0.3497377,-0.127995
-0.3495377,-0.159994
-0.3493377,-0.127995
-0.3491377,-0.127995
-0.3489377,-0.127995
-0.3487377,-0.159994
-0.3485377,-0.0959963
-0.3483377,-0.159994
-0.3481377,-0.127995
-0.3479377,-0.127995
-0.3477377,-0.127995
-0.3475377,-0.0959963
-0.3473377,-0.0959963
-0.3471377,-0.159994
-0.3469377,-0.127995
-0.3467377,-0.127995
-0.3465377,-0.159994
-0.3463377,-0.0959963
-0.3461377,-0.0959963
-0.3459377,-0.159994
-0.3457377,-0.0959963
-0.3455377,-0.127995
-0.3453377,-0.159994
-0.3451377,-0.127995
-0.3449377,-0.127995
-0.3447377,-0.127995
-0.3445377,-0.159994
-0.3443377,-0.159994
-0.3441377,-0.127995
-0.3439377,-0.127995
-0.3437377,-0.191993
-0.3435377,-0.159994
-0.3433377,-0.159994
-0.3431377,-0.191993
-0.3429377,-0.159994
-0.3427377,-0.127995
-0.3425377,-0.159994
-0.3423377,-0.127995
-0.3421377,-0.159994
-0.3419377,-0.127995
-0.3417377,-0.191993
-0.3415377,-0.159994
-0.3413377,-0.127995
-0.3411377,-0.159994
-0.3409377,-0.159994
-0.3407377,-0.127995
-0.3405377,-0.223991
-0.3403377,-0.127995
-0.3401377,-0.127995
-0.3399377,-0.159994
-0.3397377,-0.191993
-0.3395377,-0.127995
-0.3393377,-0.127995
-0.3391377,-0.127995
-0.3389377,-0.159994
-0.3387377,-0.159994
-0.3385377,-0.159994
-0.3383377,-0.127995
-0.3381377,-0.191993
-0.3379377,-0.159994
-0.3377377,-0.191993
-0.3375377,-0.191993
-0.3373377,-0.191993
-0.3371377,-0.159994
-0.3369377,-0.159994
-0.3367377,-0.159994
-0.3365377,-0.127995
-0.3363377,-0.127995
-0.3361377,-0.159994
-0.3359377,-0.159994
-0.3357377,-0.159994
-0.3355377,-0.159994
-0.3353377,-0.127995
-0.3351377,-0.159994
-0.3349377,-0.127995
-0.3347377,-0.191993
-0.3345377,-0.191993
-0.3343377,-0.159994
-0.3341377,-0.159994
-0.3339377,-0.127995
-0.3337377,-0.159994
-0.3335377,-0.159994
-0.3333377,-0.159994
-0.3331377,-0.159994
-0.3329377,-0.159994
-0.3327377,-0.191993
-0.3325377,-0.159994
-0.3323377,-0.159994
-0.3321377,-0.159994
-0.3319377,-0.191993
-0.3317377,-0.159994
-0.3315377,-0.191993
-0.3313377,-0.191993
-0.3311377,-0.159994
-0.3309377,-0.191993
-0.3307377,-0.191993
-0.3305377,-0.159994
-0.3303377,-0.191993
-0.3301377,-0.191993
-0.3299377,-0.191993
-0.3297377,-0.191993
-0.3295377,-0.159994
-0.3293377,-0.159994
-0.3291377,-0.191993
-0.3289377,-0.191993
-0.3287377,-0.159994
-0.3285377,-0.159994
-0.3283377,-0.191993
-0.3281377,-0.159994
-0.3279377,-0.191993
-0.3277377,-0.191993
-0.3275377,-0.159994
-0.3273377,-0.191993
-0.3271377,-0.127995
-0.3269377,-0.159994
-0.3267377,-0.223991
-0.3265377,-0.191993
-0.3263377,-0.191993
-0.3261377,-0.223991
-0.3259377,-0.223991
-0.3257377,-0.191993
-0.3255377,-0.159994
-0.3253377,-0.223991
-0.3251377,-0.191993
-0.3249377,-0.159994
-0.3247377,-0.191993
-0.3245377,-0.191993
-0.3243377,-0.191993
-0.3241377,-0.159994
-0.3239377,-0.159994
-0.3237377,-0.223991
-0.3235377,-0.191993
-0.3233377,-0.159994
-0.3231377,-0.191993
-0.3229377,-0.127995
-0.3227377,-0.191993
-0.3225377,-0.191993
-0.3223377,-0.159994
-0.3221377,-0.191993
-0.3219377,-0.223991
-0.3217377,-0.191993
-0.3215377,-0.191993
-0.3213377,-0.191993
-0.3211377,-0.191993
-0.3209377,-0.191993
-0.3207377,-0.223991
-0.3205377,-0.223991
-0.3203377,-0.223991
-0.3201377,-0.25599
-0.3199377,-0.191993
-0.3197377,-0.223991
-0.3195377,-0.191993
-0.3193377,-0.191993
-0.3191377,-0.25599
-0.3189377,-0.223991
-0.3187377,-0.223991
-0.3185377,-0.223991
-0.3183377,-0.191993
-0.3181377,-0.223991
-0.3179377,-0.223991
-0.3177377,-0.25599
-0.3175377,-0.223991
-0.3173377,-0.191993
-0.3171377,-0.287989
-0.3169377,-0.223991
-0.3167377,-0.25599
-0.3165377,-0.25599
-0.3163377,-0.287989
-0.3161377,-0.223991
-0.3159377,-0.223991
-0.3157377,-0.25599
-0.3155377,-0.223991
-0.3153377,-0.25599
-0.3151377,-0.191993
-0.3149377,-0.223991
-0.3147377,-0.223991
-0.3145377,-0.287989
-0.3143377,-0.25599
-0.3141377,-0.25599
-0.3139377,-0.25599
-0.3137377,-0.223991
-0.3135377,-0.25599
-0.3133377,-0.287989
-0.3131377,-0.191993
-0.3129377,-0.25599
-0.3127377,-0.25599
-0.3125377,-0.223991
-0.3123377,-0.25599
-0.3121377,-0.287989
-0.3119377,-0.25599
-0.3117377,-0.223991
-0.3115377,-0.223991
-0.3113377,-0.223991
-0.3111377,-0.25599
-0.3109377,-0.25599
-0.3107377,-0.223991
-0.3105377,-0.25599
-0.3103377,-0.287989
-0.3101377,-0.287989
-0.3099377,-0.287989
-0.3097377,-0.25599
-0.3095377,-0.287989
-0.3093377,-0.287989
-0.3091377,-0.319988
-0.3089377,-0.25599
-0.3087377,-0.25599
-0.3085377,-0.25599
-0.3083377,-0.25599
-0.3081377,-0.25599
-0.3079377,-0.25599
-0.3077377,-0.25599
-0.3075377,-0.319988
-0.3073377,-0.287989
-0.3071377,-0.25599
-0.3069377,-0.25599
-0.3067377,-0.287989
-0.3065377,-0.287989
-0.3063377,-0.287989
-0.3061377,-0.287989
-0.3059377,-0.25599
-0.3057377,-0.319988
-0.3055377,-0.319988
-0.3053377,-0.287989
-0.3051377,-0.287989
-0.3049377,-0.25599
-0.3047377,-0.319988
-0.3045377,-0.319988
-0.3043377,-0.25599
-0.3041377,-0.287989
-0.3039377,-0.287989
-0.3037377,-0.287989
-0.3035377,-0.25599
-0.3033377,-0.287989
-0.3031377,-0.25599
-0.3029377,-0.25599
-0.3027377,-0.319988
-0.3025377,-0.287989
-0.3023377,-0.287989
-0.3021377,-0.25599
-0.3019377,-0.287989
-0.3017377,-0.223991
-0.3015377,-0.25599
-0.3013377,-0.287989
-0.3011377,-0.287989
-0.3009377,-0.287989
-0.3007377,-0.25599
-0.3005377,-0.287989
-0.3003377,-0.25599
-0.3001377,-0.287989
-0.2999377,-0.25599
-0.2997377,-0.287989
-0.2995377,-0.319988
-0.2993377,-0.25599
-0.2991377,-0.25599
-0.2989377,-0.25599
-0.2987377,-0.25599
-0.2985377,-0.25599
-0.2983377,-0.287989
-0.2981377,-0.223991
-0.2979377,-0.25599
-0.2977377,-0.25599
-0.2975377,-0.25599
-0.2973377,-0.287989
-0.2971377,-0.223991
-0.2969377,-0.25599
-0.2967377,-0.287989
-0.2965377,-0.25599
-0.2963377,-0.223991
-0.2961377,-0.25599
-0.2959377,-0.223991
-0.2957377,-0.223991
-0.2955377,-0.25599
-0.2953377,-0.287989
-0.2951377,-0.223991
-0.2949377,-0.223991
-0.2947377,-0.25599
-0.2945377,-0.191993
-0.2943377,-0.223991
-0.2941377,-0.159994
-0.2939377,-0.223991
-0.2937377,-0.223991
-0.2935377,-0.25599
-0.2933377,-0.25599
-0.2931377,-0.223991
-0.2929377,-0.223991
-0.2927377,-0.287989
-0.2925377,-0.287989
-0.2923377,-0.223991
-0.2921377,-0.223991
-0.2919377,-0.25599
-0.2917377,-0.223991
-0.2915377,-0.223991
-0.2913377,-0.223991
-0.2911377,-0.223991
-0.2909377,-0.191993
-0.2907377,-0.25599
-0.2905377,-0.223991
-0.2903377,-0.191993
-0.2901377,-0.223991
-0.2899377,-0.191993
-0.2897377,-0.191993
-0.2895377,-0.191993
-0.2893377,-0.159994
-0.2891377,-0.159994
-0.2889377,-0.223991
-0.2887377,-0.223991
-0.2885377,-0.191993
-0.2883377,-0.25599
-0.2881377,-0.191993
-0.2879377,-0.159994
-0.2877377,-0.191993
-0.2875377,-0.191993
-0.2873377,-0.159994
-0.2871377,-0.191993
-0.2869377,-0.159994
-0.2867377,-0.159994
-0.2865377,-0.191993
-0.2863377,-0.223991
-0.2861377,-0.191993
-0.2859377,-0.223991
-0.2857377,-0.191993
-0.2855377,-0.191993
-0.2853377,-0.191993
-0.2851377,-0.159994
-0.2849377,-0.159994
-0.2847377,-0.159994
-0.2845377,-0.159994
-0.2843377,-0.159994
-0.2841377,-0.159994
-0.2839377,-0.191993
-0.2837377,-0.127995
-0.2835377,-0.191993
-0.2833377,-0.191993
-0.2831377,-0.127995
-0.2829377,-0.191993
-0.2827377,-0.191993
-0.2825377,-0.191993
-0.2823377,-0.191993
-0.2821377,-0.191993
-0.2819377,-0.191993
-0.2817377,-0.191993
-0.2815377,-0.159994
-0.2813377,-0.127995
-0.2811377,-0.191993
-0.2809377,-0.127995
-0.2807377,-0.159994
-0.2805377,-0.191993
-0.2803377,-0.159994
-0.2801377,-0.191993
-0.2799377,-0.159994
-0.2797377,-0.159994
-0.2795377,-0.127995
-0.2793377,-0.191993
-0.2791377,-0.159994
-0.2789377,-0.159994
-0.2787377,-0.159994
-0.2785377,-0.159994
-0.2783377,-0.159994
-0.2781377,-0.191993
-0.2779377,-0.191993
-0.2777377,-0.159994
-0.2775377,-0.191993
-0.2773377,-0.159994
-0.2771377,-0.127995
-0.2769377,-0.159994
-0.2767377,-0.159994
-0.2765377,-0.127995
-0.2763377,-0.159994
-0.2761377,-0.191993
-0.2759377,-0.127995
-0.2757377,-0.159994
-0.2755377,-0.0959963
-0.2753377,-0.127995
-0.2751377,-0.127995
-0.2749377,-0.127995
-0.2747377,-0.0959963
-0.2745377,-0.127995
-0.2743377,-0.159994
-0.2741377,-0.127995
-0.2739377,-0.159994
-0.2737377,-0.127995
-0.2735377,-0.127995
-0.2733377,-0.0959963
-0.2731377,-0.0959963
-0.2729377,-0.127995
-0.2727377,-0.159994
-0.2725377,-0.127995
-0.2723377,-0.127995
-0.2721377,-0.159994
-0.2719377,-0.127995
-0.2717377,-0.0959963
-0.2715377,-0.159994
-0.2713377,-0.127995
-0.2711377,-0.0959963
-0.2709377,-0.159994
-0.2707377,-0.0959963
-0.2705377,-0.127995
-0.2703377,-0.0959963
-0.2701377,-0.127995
-0.2699377,-0.127995
-0.2697377,-0.127995
-0.2695377,-0.191993
-0.2693377,-0.0959963
-0.2691377,-0.159994
-0.2689377,-0.0959963
-0.2687377,-0.0959963
-0.2685377,-0.159994
-0.2683377,-0.159994
-0.2681377,-0.127995
-0.2679377,-0.159994
-0.2677377,-0.0959963
-0.2675377,-0.127995
-0.2673377,-0.191993
-0.2671377,-0.0959963
-0.2669377,-0.127995
-0.2667377,-0.127995
-0.2665377,-0.127995
-0.2663377,-0.159994
-0.2661377,-0.127995
-0.2659377,-0.127995
-0.2657377,-0.127995
-0.2655377,-0.127995
-0.2653377,-0.159994
-0.2651377,-0.0959963
-0.2649377,-0.159994
-0.2647377,-0.127995
-0.2645377,-0.0959963
-0.2643377,-0.159994
-0.2641377,-0.159994
-0.2639377,-0.127995
-0.2637377,-0.159994
-0.2635377,-0.159994
-0.2633377,-0.127995
-0.2631377,-0.127995
-0.2629377,-0.127995
-0.2627377,-0.127995
-0.2625377,-0.159994
-0.2623377,-0.127995
-0.2621377,-0.159994
-0.2619377,-0.127995
-0.2617377,-0.127995
-0.2615377,-0.0959963
-0.2613377,-0.159994
-0.2611377,-0.159994
-0.2609377,-0.127995
-0.2607377,-0.127995
-0.2605377,-0.0959963
-0.2603377,-0.0959963
-0.2601377,-0.0959963
-0.2599377,-0.159994
-0.2597377,-0.127995
-0.2595377,-0.127995
-0.2593377,-0.159994
-0.2591377,-0.127995
-0.2589377,-0.159994
-0.2587377,-0.127995
-0.2585377,-0.127995
-0.2583377,-0.159994
-0.2581377,-0.191993
-0.2579377,-0.0959963
-0.2577377,-0.127995
-0.2575377,-0.127995
-0.2573377,-0.0959963
-0.2571377,-0.159994
-0.2569377,-0.127995
-0.2567377,-0.127995
-0.2565377,-0.159994
-0.2563377,-0.127995
-0.2561377,-0.0959963
-0.2559377,-0.127995
-0.2557377,-0.0959963
-0.2555377,-0.127995
-0.2553377,-0.159994
-0.2551377,-0.127995
-0.2549377,-0.127995
-0.2547377,-0.159994
-0.2545377,-0.127995
-0.2543377,-0.0959963
-0.2541377,-0.127995
-0.2539377,-0.127995
-0.2537377,-0.159994
-0.2535377,-0.159994
-0.2533377,-0.127995
-0.2531377,-0.127995
-0.2529377,-0.127995
-0.2527377,-0.127995
-0.2525377,-0.0959963
-0.2523377,-0.159994
-0.2521377,-0.0959963
-0.2519377,-0.0959963
-0.2517377,-0.0959963
-0.2515377,-0.0959963
-0.2513377,-0.0319988
-0.2511377,-0.127995
-0.2509377,-0.0959963
-0.2507377,-0.0959963
-0.2505377,-0.0959963
-0.2503377,-0.127995
-0.2501377,-0.0959963
-0.2499377,-0.127995
-0.2497377,-0.0639975
-0.2495377,-0.0639975
-0.2493377,-0.0959963
-0.2491377,-0.0959963
-0.2489377,-0.0639975
-0.2487377,-0.0959963
-0.2485377,-0.0959963
-0.2483377,-0.0959963
-0.2481377,-0.0959963
-0.2479377,-0.0639975
-0.2477377,-0.0959963
-0.2475377,-0.127995
-0.2473377,-0.0959963
-0.2471377,-0.0639975
-0.2469377,-0.0959963
-0.2467377,-0.0639975
-0.2465377,-0.0639975
-0.2463377,-0.0959963
-0.2461377,-0.0959963
-0.2459377,-0.0639975
-0.2457377,-0.0639975
-0.2455377,-0.0639975
-0.2453377,-0.0639975
-0.2451377,-0.0959963
-0.2449377,-0.0639975
-0.2447377,-0.0639975
-0.2445377,-0.0959963
-0.2443377,-0.0639975
-0.2441377,-0.0639975
-0.2439377,-0.0639975
-0.2437377,-0.0639975
-0.2435377,-0.0639975
-0.2433377,-0.0639975
-0.2431377,-0.0639975
-0.2429377,-0.0639975
-0.2427377,-0.0639975
-0.2425377,-0.0639975
-0.2423377,-0.0639975
-0.2421377,-0.0639975
-0.2419377,-0.0639975
-0.2417377,-0.0319988
-0.2415377,-0.0639975
-0.2413377,-0.0639975
-0.2411377,-0.0319988
-0.2409377,-0.0639975
-0.2407377,0
-0.2405377,-0.0319988
-0.2403377,-0.0959963
-0.2401377,-0.0639975
-0.2399377,0
-0.2397377,-0.0319988
-0.2395377,-0.0319988
-0.2393377,0
-0.2391377,-0.0959963
-0.2389377,0.0319988
-0.2387377,-0.0319988
-0.2385377,-0.0319988
-0.2383377,0
-0.2381377,0
-0.2379377,0
-0.2377377,-0.0319988
-0.2375377,0
-0.2373377,-0.0319988
-0.2371377,-0.0319988
-0.2369377,0
-0.2367377,0
-0.2365377,0.0319988
-0.2363377,0
-0.2361377,0.0319988
-0.2359377,0.0319988
-0.2357377,0
-0.2355377,0
-0.2353377,0
-0.2351377,0.0639975
-0.2349377,-0.0319988
-0.2347377,0.0639975
-0.2345377,0
-0.2343377,0
-0.2341377,0
-0.2339377,0.0319988
-0.2337377,0
-0.2335377,0.0319988
-0.2333377,0.0319988
-0.2331377,0.0319988
-0.2329377,0.0319988
-0.2327377,0.0319988
-0.2325377,0.0319988
-0.2323377,0
-0.2321377,0.0639975
-0.2319377,0
-0.2317377,0.0319988
-0.2315377,0.0639975
-0.2313377,0.0319988
-0.2311377,0.0639975
-0.2309377,0.0319988
-0.2307377,0.0319988
-0.2305377,0.0319988
-0.2303377,0.0639975
-0.2301377,0
-0.2299377,0.0319988
-0.2297377,0.0639975
-0.2295377,0.0319988
-0.2293377,0.0639975
-0.2291377,0.0639975
-0.2289377,0.0639975
-0.2287377,0.0639975
-0.2285377,0.0639975
-0.2283377,0.0319988
-0.2281377,0.0319988
-0.2279377,0.0639975
-0.2277377,0.0319988
-0.2275377,0.0319988
-0.2273377,0.0639975
-0.2271377,0.0639975
-0.2269377,0.0639975
-0.2267377,0.0959963
-0.2265377,0.0639975
-0.2263377,0.0959963
-0.2261377,0.0639975
-0.2259377,0.0319988
-0.2257377,0.0319988
-0.2255377,0.0959963
-0.2253377,0.0639975
-0.2251377,0.0959963
-0.2249377,0.0959963
-0.2247377,0.0959963
-0.2245377,0.0959963
-0.2243377,0.0639975
-0.2241377,0.0639975
-0.2239377,0.0639975
-0.2237377,0.0959963
-0.2235377,0.0639975
-0.2233377,0.0639975
-0.2231377,0.0639975
-0.2229377,0.0639975
-0.2227377,0.0959963
-0.2225377,0.0639975
-0.2223377,0.0639975
-0.2221377,0.0639975
-0.2219377,0.0959963
-0.2217377,0.0639975
-0.2215377,0.0959963
-0.2213377,0.0959963
-0.2211377,0.0319988
-0.2209377,0.0959963
-0.2207377,0.0959963
-0.2205377,0.0639975
-0.2203377,0.0639975
-0.2201377,0.0639975
-0.2199377,0.0639975
-0.2197377,0.127995
-0.2195377,0.0959963
-0.2193377,0.0959963
-0.2191377,0.0959963
-0.2189377,0.0959963
-0.2187377,0.127995
-0.2185377,0.0959963
-0.2183377,0.0639975
-0.2181377,0.0319988
-0.2179377,0.127995
-0.2177377,0.0639975
-0.2175377,0.0959963
-0.2173377,0.0959963
-0.2171377,0.0959963
-0.2169377,0.0959963
-0.2167377,0.0639975
-0.2165377,0.0959963
-0.2163377,0.0639975
-0.2161377,0.0959963
-0.2159377,0.0959963
-0.2157377,0.0639975
-0.2155377,0.0959963
-0.2153377,0.0959963
-0.2151377,0.0959963
-0.2149377,0.127995
-0.2147377,0.0959963
-0.2145377,0.0959963
-0.2143377,0.0959963
-0.2141377,0.0639975
-0.2139377,0.0959963
-0.2137377,0.0639975
-0.2135377,0.127995
-0.2133377,0.127995
-0.2131377,0.0959963
-0.2129377,0.0959963
-0.2127377,0.0959963
-0.2125377,0.127995
-0.2123377,0.0639975
-0.2121377,0.0959963
-0.2119377,0.0639975
-0.2117377,0.0959963
-0.2115377,0.0959963
-0.2113377,0.0639975
-0.2111377,0.127995
-0.2109377,0.0959963
-0.2107377,0.127995
-0.2105377,0.0959963
-0.2103377,0.127995
-0.2101377,0.127995
-0.2099377,0.0959963
-0.2097377,0.0959963
-0.2095377,0.0959963
-0.2093377,0.127995
-0.2091377,0.127995
-0.2089377,0.127995
-0.2087377,0.0959963
-0.2085377,0.0959963
-0.2083377,0.127995
-0.2081377,0.0959963
-0.2079377,0.0959963
-0.2077377,0.127995
-0.2075377,0.127995
-0.2073377,0.127995
-0.2071377,0.0959963
-0.2069377,0.0959963
-0.2067377,0.0959963
-0.2065377,0.127995
-0.2063377,0.0959963
-0.2061377,0.127995
-0.2059377,0.0959963
-0.2057377,0.0959963
-0.2055377,0.0639975
-0.2053377,0.127995
-0.2051377,0.0959963
-0.2049377,0.127995
-0.2047377,0.0959963
-0.2045377,0.0959963
-0.2043377,0.0639975
-0.2041377,0.0959963
-0.2039377,0.0959963
-0.2037377,0.0959963
-0.2035377,0.0959963
-0.2033377,0.0639975
-0.2031377,0.0639975
-0.2029377,0.127995
-0.2027377,0.0959963
-0.2025377,0.0959963
-0.2023377,0.0639975
-0.2021377,0.0639975
-0.2019377,0.0959963
-0.2017377,0.0959963
-0.2015377,0.0639975
-0.2013377,0.159994
-0.2011377,0.0959963
-0.2009377,0.0639975
-0.2007377,0.0959963
-0.2005377,0.0639975
-0.2003377,0.0959963
-0.2001377,0.0959963
-0.1999377,0.0959963
-0.1997377,0.0639975
-0.1995377,0.0959963
-0.1993377,0.0959963
-0.1991377,0.0959963
-0.1989377,0.0639975
-0.1987377,0.0639975
-0.1985377,0.0959963
-0.1983377,0.0959963
-0.1981377,0.0959963
-0.1979377,0.0319988
-0.1977377,0.0639975
-0.1975377,0.0639975
-0.1973377,0.0639975
-0.1971377,0.0639975
-0.1969377,0.0639975
-0.1967377,0.0959963
-0.1965377,0.127995
-0.1963377,0.0959963
-0.1961377,0.0639975
-0.1959377,0.0639975
-0.1957377,0.0959963
-0.1955377,0.0639975
-0.1953377,0.0319988
-0.1951377,0.0959963
-0.1949377,0.0959963
-0.1947377,0.0319988
-0.1945377,0.0959963
-0.1943377,0.0639975
-0.1941377,0.0639975
-0.1939377,0.0959963
-0.1937377,0.0959963
-0.1935377,0.0319988
-0.1933377,0.0959963
-0.1931377,0.0639975
-0.1929377,0.0639975
-0.1927377,0.0639975
-0.1925377,0.0639975
-0.1923377,-0.0319988
-0.1921377,0.0639975
-0.1919377,0.0959963
-0.1917377,0
-0.1915377,0.0639975
-0.1913377,0.0639975
-0.1911377,0.0639975
-0.1909377,0.0319988
-0.1907377,0.0639975
-0.1905377,0.0639975
-0.1903377,0.0639975
-0.1901377,0.0639975
-0.1899377,0.0319988
-0.1897377,0.0639975
-0.1895377,0.0319988
-0.1893377,0.0639975
-0.1891377,0.0639975
-0.1889377,0.0959963
-0.1887377,0.0319988
-0.1885377,0.0639975
-0.1883377,0.0639975
-0.1881377,0.0639975
-0.1879377,0.0639975
-0.1877377,0.0959963
-0.1875377,0.0639975
-0.1873377,0.0639975
-0.1871377,0.0959963
-0.1869377,0.0639975
-0.1867377,0.0639975
-0.1865377,0.0639975
-0.1863377,0.0639975
-0.1861377,0.0639975
-0.1859377,0.127995
-0.1857377,0.0959963
-0.1855377,0.0959963
-0.1853377,0.0959963
-0.1851377,0.0959963
-0.1849377,0.0959963
-0.1847377,0.0959963
-0.1845377,0.0639975
-0.1843377,0.0959963
-0.1841377,0.0959963
-0.1839377,0.0639975
-0.1837377,0.127995
-0.1835377,0.0959963
-0.1833377,0.0959963
-0.1831377,0.0959963
-0.1829377,0.0959963
-0.1827377,0.0959963
-0.1825377,0.0959963
-0.1823377,0.0959963
-0.1821377,0.0959963
-0.1819377,0.127995
-0.1817377,0.0959963
-0.1815377,0.0959963
-0.1813377,0.0959963
-0.1811377,0.0959963
-0.1809377,0.0959963
-0.1807377,0.0959963
-0.1805377,0.127995
-0.1803377,0.127995
-0.1801377,0.0959963
-0.1799377,0.0959963
-0.1797377,0.127995
-0.1795377,0.127995
-0.1793377,0.127995
-0.1791377,0.0639975
-0.1789377,0.0959963
-0.1787377,0.0959963
-0.1785377,0.0959963
-0.1783377,0.0959963
-0.1781377,0.0959963
-0.1779377,0.0959963
-0.1777377,0.0959963
-0.1775377,0.0639975
-0.1773377,0.127995
-0.1771377,0.0959963
-0.1769377,0.127995
-0.1767377,0.0959963
-0.1765377,0.0959963
-0.1763377,0.0959963
-0.1761377,0.0639975
-0.1759377,0.127995
-0.1757377,0.0959963
-0.1755377,0.127995
-0.1753377,0.0959963
-0.1751377,0.127995
-0.1749377,0.0959963
-0.1747377,0.0959963
-0.1745377,0.0959963
-0.1743377,0.0319988
-0.1741377,0.0959963
-0.1739377,0.0959963
-0.1737377,0.0959963
-0.1735377,0.127995
-0.1733377,0.127995
-0.1731377,0.0639975
-0.1729377,0.0959963
-0.1727377,0.0639975
-0.1725377,0.0959963
-0.1723377,0.0959963
-0.1721377,0.0639975
-0.1719377,0.127995
-0.1717377,0.0959963
-0.1715377,0.0639975
-0.1713377,0.0639975
-0.1711377,0.0639975
-0.1709377,0.0959963
-0.1707377,0.0639975
-0.1705377,0.0639975
-0.1703377,0.0639975
-0.1701377,0.0639975
-0.1699377,0.0639975
-0.1697377,0.0639975
-0.1695377,0.0319988
-0.1693377,0.0639975
-0.1691377,0.0639975
-0.1689377,0.0319988
-0.1687377,0.0319988
-0.1685377,0.0959963
-0.1683377,0.0319988
-0.1681377,0.0319988
-0.1679377,0.0319988
-0.1677377,0
-0.1675377,0.0319988
-0.1673377,0.0639975
-0.1671377,0
-0.1669377,0.0319988
-0.1667377,0.0639975
-0.1665377,-0.0319988
-0.1663377,0
-0.1661377,0.0319988
-0.1659377,0.0319988
-0.1657377,0.0319988
-0.1655377,0.0319988
-0.1653377,0
-0.1651377,0
-0.1649377,0.0319988
-0.1647377,0
-0.1645377,-0.0319988
-0.1643377,0.0319988
-0.1641377,-0.0319988
-0.1639377,0
-0.1637377,0.0319988
-0.1635377,0
-0.1633377,0
-0.1631377,0
-0.1629377,-0.0319988
-0.1627377,-0.0319988
-0.1625377,0.0319988
-0.1623377,-0.0319988
-0.1621377,0
-0.1619377,0
-0.1617377,-0.0639975
-0.1615377,-0.0319988
-0.1613377,0
-0.1611377,-0.0319988
-0.1609377,-0.0319988
-0.1607377,-0.0319988
-0.1605377,-0.0639975
-0.1603377,-0.0319988
-0.1601377,-0.0639975
-0.1599377,-0.0639975
-0.1597377,0
-0.1595377,-0.0319988
-0.1593377,-0.0639975
-0.1591377,-0.0319988
-0.1589377,0
-0.1587377,-0.127995
-0.1585377,-0.0639975
-0.1583377,-0.0639975
-0.1581377,-0.0639975
-0.1579377,-0.0639975
-0.1577377,-0.0639975
-0.1575377,-0.0639975
-0.1573377,-0.0639975
-0.1571377,-0.0639975
-0.1569377,-0.0959963
-0.1567377,-0.0639975
-0.1565377,-0.0319988
-0.1563377,-0.0959963
-0.1561377,-0.0639975
-0.1559377,-0.0959963
-0.1557377,-0.0959963
-0.1555377,-0.0959963
-0.1553377,-0.0959963
-0.1551377,-0.159994
-0.1549377,-0.0639975
-0.1547377,-0.0959963
-0.1545377,-0.127995
-0.1543377,-0.127995
-0.1541377,-0.127995
-0.1539377,-0.127995
-0.1537377,-0.0959963
-0.1535377,-0.127995
-0.1533377,-0.0959963
-0.1531377,-0.127995
-0.1529377,-0.127995
-0.1527377,-0.159994
-0.1525377,-0.127995
-0.1523377,-0.0959963
-0.1521377,-0.127995
-0.1519377,-0.159994
-0.1517377,-0.127995
-0.1515377,-0.127995
-0.1513377,-0.127995
-0.1511377,-0.159994
-0.1509377,-0.127995
-0.1507377,-0.127995
-0.1505377,-0.127995
-0.1503377,-0.159994
-0.1501377,-0.127995
-0.1499377,-0.159994
-0.1497377,-0.159994
-0.1495377,-0.127995
-0.1493377,-0.0959963
-0.1491377,-0.159994
-0.1489377,-0.159994
-0.1487377,-0.127995
-0.1485377,-0.191993
-0.1483377,-0.159994
-0.1481377,-0.159994
-0.1479377,-0.127995
-0.1477377,-0.127995
-0.1475377,-0.159994
-0.1473377,-0.159994
-0.1471377,-0.159994
-0.1469377,-0.159994
-0.1467377,-0.191993
-0.1465377,-0.191993
-0.1463377,-0.191993
-0.1461377,-0.191993
-0.1459377,-0.159994
-0.1457377,-0.159994
-0.1455377,-0.159994
-0.1453377,-0.159994
-0.1451377,-0.191993
-0.1449377,-0.191993
-0.1447377,-0.191993
-0.1445377,-0.159994
-0.1443377,-0.159994
-0.1441377,-0.159994
-0.1439377,-0.191993
-0.1437377,-0.191993
-0.1435377,-0.191993
-0.1433377,-0.159994
-0.1431377,-0.159994
-0.1429377,-0.191993
-0.1427377,-0.159994
-0.1425377,-0.223991
-0.1423377,-0.159994
-0.1421377,-0.159994
-0.1419377,-0.223991
-0.1417377,-0.191993
-0.1415377,-0.191993
-0.1413377,-0.223991
-0.1411377,-0.191993
-0.1409377,-0.159994
-0.1407377,-0.223991
-0.1405377,-0.223991
-0.1403377,-0.159994
-0.1401377,-0.191993
-0.1399377,-0.191993
-0.1397377,-0.159994
-0.1395377,-0.25599
-0.1393377,-0.191993
-0.1391377,-0.159994
-0.1389377,-0.223991
-0.1387377,-0.159994
-0.1385377,-0.191993
-0.1383377,-0.223991
-0.1381377,-0.223991
-0.1379377,-0.159994
-0.1377377,-0.25599
-0.1375377,-0.25599
-0.1373377,-0.25599
-0.1371377,-0.223991
-0.1369377,-0.223991
-0.1367377,-0.191993
-0.1365377,-0.191993
-0.1363377,-0.159994
-0.1361377,-0.223991
-0.1359377,-0.223991
-0.1357377,-0.191993
-0.1355377,-0.191993
-0.1353377,-0.223991
-0.1351377,-0.223991
-0.1349377,-0.191993
-0.1347377,-0.223991
-0.1345377,-0.287989
-0.1343377,-0.191993
-0.1341377,-0.191993
-0.1339377,-0.191993
-0.1337377,-0.191993
-0.1335377,-0.223991
-0.1333377,-0.25599
-0.1331377,-0.223991
-0.1329377,-0.25599
-0.1327377,-0.25599
-0.1325377,-0.223991
-0.1323377,-0.191993
-0.1321377,-0.223991
-0.1319377,-0.191993
-0.1317377,-0.223991
-0.1315377,-0.223991
-0.1313377,-0.25599
-0.1311377,-0.25599
-0.1309377,-0.223991
-0.1307377,-0.223991
-0.1305377,-0.25599
-0.1303377,-0.223991
-0.1301377,-0.223991
-0.1299377,-0.25599
-0.1297377,-0.287989
-0.1295377,-0.287989
-0.1293377,-0.25599
-0.1291377,-0.25599
-0.1289377,-0.191993
-0.1287377,-0.287989
-0.1285377,-0.287989
-0.1283377,-0.25599
-0.1281377,-0.25599
-0.1279377,-0.287989
-0.1277377,-0.25599
-0.1275377,-0.25599
-0.1273377,-0.25599
-0.1271377,-0.25599
-0.1269377,-0.25599
-0.1267377,-0.25599
-0.1265377,-0.25599
-0.1263377,-0.25599
-0.1261377,-0.223991
-0.1259377,-0.223991
-0.1257377,-0.25599
-0.1255377,-0.25599
-0.1253377,-0.191993
-0.1251377,-0.287989
-0.1249377,-0.25599
-0.1247377,-0.223991
-0.1245377,-0.25599
-0.1243377,-0.287989
-0.1241377,-0.223991
-0.1239377,-0.25599
-0.1237377,-0.287989
-0.1235377,-0.223991
-0.1233377,-0.25599
-0.1231377,-0.25599
-0.1229377,-0.223991
-0.1227377,-0.25599
-0.1225377,-0.25599
-0.1223377,-0.287989
-0.1221377,-0.25599
-0.1219377,-0.223991
-0.1217377,-0.223991
-0.1215377,-0.25599
-0.1213377,-0.287989
-0.1211377,-0.223991
-0.1209377,-0.25599
-0.1207377,-0.25599
-0.1205377,-0.25599
-0.1203377,-0.25599
-0.1201377,-0.25599
-0.1199377,-0.223991
-0.1197377,-0.25599
-0.1195377,-0.223991
-0.1193377,-0.191993
-0.1191377,-0.287989
-0.1189377,-0.287989
-0.1187377,-0.223991
-0.1185377,-0.25599
-0.1183377,-0.287989
-0.1181377,-0.223991
-0.1179377,-0.223991
-0.1177377,-0.223991
-0.1175377,-0.223991
-0.1173377,-0.287989
-0.1171377,-0.223991
-0.1169377,-0.223991
-0.1167377,-0.25599
-0.1165377,-0.25599
-0.1163377,-0.191993
-0.1161377,-0.25599
-0.1159377,-0.287989
-0.1157377,-0.223991
-0.1155377,-0.25599
-0.1153377,-0.25599
-0.1151377,-0.223991
-0.1149377,-0.25599
-0.1147377,-0.287989
-0.1145377,-0.25599
-0.1143377,-0.25599
-0.1141377,-0.25599
-0.1139377,-0.25599
-0.1137377,-0.25599
-0.1135377,-0.25599
-0.1133377,-0.25599
-0.1131377,-0.25599
-0.1129377,-0.223991
-0.1127377,-0.25599
-0.1125377,-0.223991
-0.1123377,-0.25599
-0.1121377,-0.25599
-0.1119377,-0.25599
-0.1117377,-0.25599
-0.1115377,-0.287989
-0.1113377,-0.25599
-0.1111377,-0.223991
-0.1109377,-0.223991
-0.1107377,-0.223991
-0.1105377,-0.25599
-0.1103377,-0.223991
-0.1101377,-0.223991
-0.1099377,-0.25599
-0.1097377,-0.25599
-0.1095377,-0.287989
-0.1093377,-0.25599
-0.1091377,-0.287989
-0.1089377,-0.25599
-0.1087377,-0.25599
-0.1085377,-0.191993
-0.1083377,-0.25599
-0.1081377,-0.25599
-0.1079377,-0.25599
-0.1077377,-0.287989
-0.1075377,-0.25599
-0.1073377,-0.223991
-0.1071377,-0.25599
-0.1069377,-0.25599
-0.1067377,-0.287989
-0.1065377,-0.25599
-0.1063377,-0.287989
-0.1061377,-0.191993
-0.1059377,-0.223991
-0.1057377,-0.191993
-0.1055377,-0.223991
-0.1053377,-0.25599
-0.1051377,-0.25599
-0.1049377,-0.159994
-0.1047377,-0.191993
-0.1045377,-0.223991
-0.1043377,-0.191993
-0.1041377,-0.25599
-0.1039377,-0.25599
-0.1037377,-0.223991
-0.1035377,-0.223991
-0.1033377,-0.191993
-0.1031377,-0.191993
-0.1029377,-0.25599
-0.1027377,-0.223991
-0.1025377,-0.223991
-0.1023377,-0.223991
-0.1021377,-0.223991
-0.1019377,-0.223991
-0.1017377,-0.191993
-0.1015377,-0.223991
-0.1013377,-0.191993
-0.1011377,-0.223991
-0.1009377,-0.191993
-0.1007377,-0.191993
-0.1005377,-0.191993
-0.1003377,-0.159994
-0.1001377,-0.191993
-0.099937698,-0.191993
-0.099737698,-0.127995
-0.099537698,-0.159994
-0.099337698,-0.191993
-0.099137698,-0.159994
-0.098937698,-0.159994
-0.098737698,-0.223991
-0.098537698,-0.159994
-0.098337698,-0.191993
-0.098137698,-0.159994
-0.097937698,-0.159994
-0.097737698,-0.127995
-0.097537698,-0.159994
-0.097337698,-0.159994
-0.097137698,-0.159994
-0.096937698,-0.159994
-0.096737698,-0.191993
-0.096537698,-0.159994
-0.096337698,-0.159994
-0.096137698,-0.127995
-0.095937698,-0.127995
-0.095737698,-0.191993
-0.095537698,-0.159994
-0.095337698,-0.127995
-0.095137698,-0.159994
-0.094937698,-0.127995
-0.094737698,-0.127995
-0.094537698,-0.159994
-0.094337698,-0.127995
-0.094137698,-0.159994
-0.093937698,-0.159994
-0.093737698,-0.159994
-0.093537698,-0.127995
-0.093337698,-0.127995
-0.093137698,-0.0959963
-0.092937698,-0.127995
-0.092737698,-0.159994
-0.092537698,-0.159994
-0.092337698,-0.0959963
-0.092137698,-0.159994
-0.091937698,-0.127995
-0.091737698,-0.127995
-0.091537698,-0.127995
-0.091337698,-0.0959963
-0.091137698,-0.0959963
-0.090937698,-0.127995
-0.090737698,-0.0959963
-0.090537698,-0.0639975
-0.090337698,-0.0639975
-0.090137698,-0.0959963
-0.089937698,-0.0959963
-0.089737698,-0.0959963
-0.089537698,-0.127995
-0.089337698,-0.127995
-0.089137698,-0.127995
-0.088937698,-0.0959963
-0.088737698,-0.0639975
-0.088537698,-0.0959963
-0.088337698,-0.0959963
-0.088137698,-0.127995
-0.087937698,-0.0959963
-0.087737698,-0.0959963
-0.087537698,-0.0319988
-0.087337698,-0.0959963
-0.087137698,-0.0639975
-0.086937698,-0.0959963
-0.086737698,-0.0959963
-0.086537698,-0.0959963
-0.086337698,-0.0319988
-0.086137698,-0.0959963
-0.085937698,-0.0959963
-0.085737698,-0.0319988
-0.085537698,-0.0639975
-0.085337698,-0.0639975
-0.085137698,-0.0319988
-0.084937698,0
-0.084737698,-0.0639975
-0.084537698,-0.0319988
-0.084337698,-0.0639975
-0.084137698,-0.0319988
-0.083937698,-0.0319988
-0.083737698,-0.0319988
-0.083537698,0
-0.083337698,-0.0319988
-0.083137698,-0.0639975
-0.082937698,-0.0319988
-0.082737698,-0.0639975
-0.082537698,-0.0319988
-0.082337698,0.0319988
-0.082137698,0.0319988
-0.081937698,-0.0319988
-0.081737698,-0.0319988
-0.081537698,0
-0.081337698,0
-0.081137698,0
-0.080937698,0.0319988
-0.080737698,-0.0319988
-0.080537698,0
-0.080337698,0
-0.080137698,-0.0319988
-0.079937698,0
-0.079737698,0.0319988
-0.079537698,0
-0.079337698,0
-0.079137698,0.0319988
-0.078937698,-0.0319988
-0.078737698,0
-0.078537698,0
-0.078337698,-0.0319988
-0.078137698,0.0319988
-0.077937698,0.0319988
-0.077737698,0
-0.077537698,0
-0.077337698,0.0639975
-0.077137698,0
-0.076937698,0.0319988
-0.076737698,0
-0.076537698,0
-0.076337698,0.0639975
-0.076137698,0.0639975
-0.075937698,-0.0319988
-0.075737698,0.0319988
-0.075537698,0.0319988
-0.075337698,0.0319988
-0.075137698,0
-0.074937698,0.0639975
-0.074737698,0
-0.074537698,0.0319988
-0.074337698,0.0319988
-0.074137698,0.0319988
-0.073937698,0.0319988
-0.073737698,0.0639975
-0.073537698,0.0319988
-0.073337698,0.0319988
-0.073137698,0.0639975
-0.072937698,0
-0.072737698,0.0639975
-0.072537698,0.0319988
-0.072337698,0.0319988
-0.072137698,0.0319988
-0.071937698,0
-0.071737698,0
-0.071537698,0.0319988
-0.071337698,0.0639975
-0.071137698,0
-0.070937698,0
-0.070737698,0.0639975
-0.070537698,0.0639975
-0.070337698,0.0639975
-0.070137698,0.0639975
-0.069937698,0
-0.069737698,0.0319988
-0.069537698,0.0319988
-0.069337698,0
-0.069137698,0.0319988
-0.068937698,0.0639975
-0.068737698,0
-0.068537698,0.0319988
-0.068337698,0.0319988
-0.068137698,0.0319988
-0.067937698,0.0639975
-0.067737698,0.0319988
-0.067537698,0
-0.067337698,0.0319988
-0.067137698,0.0639975
-0.066937698,-0.0319988
-0.066737698,0.0639975
-0.066537698,0.0319988
-0.066337698,0.0639975
-0.066137698,0
-0.065937698,0.0639975
-0.065737698,0
-0.065537698,0.0319988
-0.065337698,0.0319988
-0.065137698,0.0319988
-0.064937698,0.0319988
-0.064737698,0.0319988
-0.064537698,0.0639975
-0.064337698,0.0319988
-0.064137698,0.0639975
-0.063937698,0.0319988
-0.063737698,0.0319988
-0.063537698,0.0639975
-0.063337698,0.0319988
-0.063137698,0.0319988
-0.062937698,0.0319988
-0.062737698,0.0319988
-0.062537698,0.0319988
-0.062337698,0.0319988
-0.062137698,0
-0.061937698,0.0319988
-0.061737698,0.0319988
-0.061537698,0
-0.061337698,0.0319988
-0.061137698,0
-0.060937698,0
-0.060737698,0.0319988
-0.060537698,0.0639975
-0.060337698,0
-0.060137698,0
-0.059937698,0
-0.059737698,0.0319988
-0.059537698,0.0319988
-0.059337698,0
-0.059137698,-0.0319988
-0.058937698,0
-0.058737698,0
-0.058537698,-0.0639975
-0.058337698,0
-0.058137698,-0.0319988
-0.057937698,0
-0.057737698,-0.0319988
-0.057537698,0
-0.057337698,-0.0319988
-0.057137698,-0.0319988
-0.056937698,0
-0.056737698,-0.0319988
-0.056537698,-0.0639975
-0.056337698,-0.0319988
-0.056137698,-0.0639975
-0.055937698,-0.0319988
-0.055737698,-0.0319988
-0.055537698,-0.0319988
-0.055337698,-0.0319988
-0.055137698,0
-0.054937698,-0.0639975
-0.054737698,-0.0319988
-0.054537698,-0.0319988
-0.054337698,-0.0639975
-0.054137698,-0.0319988
-0.053937698,-0.0319988
-0.053737698,-0.0639975
-0.053537698,-0.0319988
-0.053337698,0
-0.053137698,-0.0639975
-0.052937698,0
-0.052737698,-0.0639975
-0.052537698,-0.0319988
-0.052337698,0
-0.052137698,0
-0.051937698,-0.0639975
-0.051737698,-0.0639975
-0.051537698,-0.0319988
-0.051337698,-0.0639975
-0.051137698,-0.0639975
-0.050937698,-0.0639975
-0.050737698,-0.127995
-0.050537698,-0.0639975
-0.050337698,-0.0639975
-0.050137698,-0.0959963
-0.049937698,-0.0959963
-0.049737698,-0.0639975
-0.049537698,-0.0959963
-0.049337698,-0.0639975
-0.049137698,-0.0319988
-0.048937698,-0.127995
-0.048737698,-0.0639975
-0.048537698,-0.0959963
-0.048337698,-0.127995
-0.048137698,-0.0639975
-0.047937698,-0.0639975
-0.047737698,-0.127995
-0.047537698,-0.0959963
-0.047337698,-0.0639975
-0.047137698,-0.127995
-0.046937698,-0.0639975
-0.046737698,-0.0959963
-0.046537698,-0.127995
-0.046337698,-0.0959963
-0.046137698,-0.0959963
-0.045937698,-0.0959963
-0.045737698,-0.0639975
-0.045537698,-0.0959963
-0.045337698,-0.0959963
-0.045137698,-0.0959963
-0.044937698,-0.0959963
-0.044737698,-0.127995
-0.044537698,-0.127995
-0.044337698,-0.127995
-0.044137698,-0.159994
-0.043937698,-0.127995
-0.043737698,-0.0959963
-0.043537698,-0.159994
-0.043337698,-0.0959963
-0.043137698,-0.0959963
-0.042937698,-0.159994
-0.042737698,-0.127995
-0.042537698,-0.127995
-0.042337698,-0.0959963
-0.042137698,-0.127995
-0.041937698,-0.127995
-0.041737698,-0.127995
-0.041537698,-0.127995
-0.041337698,-0.0959963
-0.041137698,-0.159994
-0.040937698,-0.127995
-0.040737698,-0.127995
-0.040537698,-0.127995
-0.040337698,-0.127995
-0.040137698,-0.0959963
-0.039937698,-0.127995
-0.039737698,-0.127995
-0.039537698,-0.0319988
-0.039337698,-0.0959963
-0.039137698,-0.0959963
-0.038937698,-0.0959963
-0.038737698,-0.159994
-0.038537698,-0.0959963
-0.038337698,-0.0639975
-0.038137698,-0.127995
-0.037937698,-0.0639975
-0.037737698,-0.0959963
-0.037537698,-0.127995
-0.037337698,-0.0959963
-0.037137698,-0.0959963
-0.036937698,-0.159994
-0.036737698,-0.0959963
-0.036537698,-0.0959963
-0.036337698,-0.159994
-0.036137698,-0.0959963
-0.035937698,-0.0959963
-0.035737698,-0.159994
-0.035537698,-0.127995
-0.035337698,-0.127995
-0.035137698,-0.127995
-0.034937698,-0.159994
-0.034737698,-0.0959963
-0.034537698,-0.127995
-0.034337698,-0.159994
-0.034137698,-0.0959963
-0.033937698,-0.191993
-0.033737698,-0.159994
-0.033537698,-0.127995
-0.033337698,-0.159994
-0.033137698,-0.0959963
-0.032937698,-0.127995
-0.032737698,-0.127995
-0.032537698,-0.127995
-0.032337698,-0.159994
-0.032137698,-0.159994
-0.031937698,-0.127995
-0.031737698,-0.159994
-0.031537698,-0.127995
-0.031337698,-0.127995
-0.031137698,-0.159994
-0.030937698,-0.159994
-0.030737698,-0.191993
-0.030537698,-0.0959963
-0.030337698,-0.159994
-0.030137698,-0.159994
-0.029937698,-0.159994
-0.029737698,-0.159994
-0.029537698,-0.127995
-0.029337698,-0.191993
-0.029137698,-0.159994
-0.028937698,-0.159994
-0.028737698,-0.159994
-0.028537698,-0.223991
-0.028337698,-0.159994
-0.028137698,-0.127995
-0.027937698,-0.191993
-0.027737698,-0.159994
-0.027537698,-0.127995
-0.027337698,-0.159994
-0.027137698,-0.223991
-0.026937698,-0.127995
-0.026737698,-0.191993
-0.026537698,-0.159994
-0.026337698,-0.127995
-0.026137698,-0.191993
-0.025937698,-0.159994
-0.025737698,-0.159994
-0.025537698,-0.159994
-0.025337698,-0.191993
-0.025137698,-0.0959963
-0.024937698,-0.191993
-0.024737698,-0.191993
-0.024537698,-0.159994
-0.024337698,-0.191993
-0.024137698,-0.0959963
-0.023937698,-0.127995
-0.023737698,-0.159994
-0.023537698,-0.127995
-0.023337698,-0.191993
-0.023137698,-0.127995
-0.022937698,-0.159994
-0.022737698,-0.159994
-0.022537698,-0.191993
-0.022337698,-0.127995
-0.022137698,-0.127995
-0.021937698,-0.191993
-0.021737698,-0.159994
-0.021537698,-0.191993
-0.021337698,-0.223991
-0.021137698,-0.159994
-0.020937698,-0.191993
-0.020737698,-0.159994
-0.020537698,-0.191993
-0.020337698,-0.159994
-0.020137698,-0.159994
-0.019937698,-0.0959963
-0.019737698,-0.159994
-0.019537698,-0.191993
-0.019337698,-0.191993
-0.019137698,-0.159994
-0.018937698,-0.191993
-0.018737698,-0.159994
-0.018537698,-0.127995
-0.018337698,-0.191993
-0.018137698,-0.223991
-0.017937698,-0.159994
-0.017737698,-0.191993
-0.017537698,-0.159994
-0.017337698,-0.127995
-0.017137698,-0.191993
-0.016937698,-0.191993
-0.016737698,-0.127995
-0.016537698,-0.191993
-0.016337698,-0.159994
-0.016137698,-0.159994
-0.015937698,-0.191993
-0.015737698,-0.127995
-0.015537698,-0.159994
-0.015337698,-0.159994
-0.015137698,-0.191993
-0.014937698,-0.159994
-0.014737698,-0.191993
-0.014537698,-0.159994
-0.014337698,-0.159994
-0.014137698,-0.223991
-0.013937698,-0.127995
-0.013737698,-0.159994
-0.013537698,-0.223991
-0.013337698,-0.159994
-0.013137698,-0.159994
-0.012937698,-0.191993
-0.012737698,-0.159994
-0.012537698,-0.191993
-0.012337698,-0.191993
-0.012137698,-0.191993
-0.011937698,-0.127995
-0.011737698,-0.191993
-0.011537698,-0.159994
-0.011337698,-0.159994
-0.011137698,-0.159994
-0.010937698,-0.159994
-0.010737698,-0.159994
-0.010537698,-0.159994
-0.010337698,-0.191993
-0.010137698,-0.159994
-0.0099376977,-0.191993
-0.0097376977,-0.127995
-0.0095376977,-0.127995
-0.0093376977,-0.159994
-0.0091376977,-0.159994
-0.0089376977,-0.127995
-0.0087376977,-0.159994
-0.0085376977,-0.159994
-0.0083376977,-0.127995
-0.0081376977,-0.159994
-0.0079376977,-0.127995
-0.0077376977,-0.191993
-0.0075376977,-0.223991
-0.0073376977,-0.191993
-0.0071376977,-0.191993
-0.0069376977,-0.223991
-0.0067376977,-0.191993
-0.0065376977,-0.191993
-0.0063376977,-0.191993
-0.0061376977,-0.223991
-0.0059376977,-0.159994
-0.0057376977,-0.223991
-0.0055376977,-0.159994
-0.0053376977,-0.159994
-0.0051376977,-0.223991
-0.0049376977,-0.223991
-0.0047376977,-0.159994
-0.0045376977,-0.223991
-0.0043376977,-0.191993
-0.0041376977,-0.159994
-0.0039376977,-0.223991
-0.0037376977,-0.159994
-0.0035376977,-0.159994
-0.0033376977,-0.191993
-0.0031376977,-0.191993
-0.0029376977,-0.159994
-0.0027376977,-0.25599
-0.0025376977,-0.191993
-0.0023376977,-0.191993
-0.0021376977,-0.191993
-0.0019376977,-0.191993
-0.0017376977,-0.223991
-0.0015376977,-0.191993
-0.0013376977,-0.159994
-0.0011376977,-0.159994
-0.00093769767,-0.191993
-0.00073769767,-0.127995
-0.00053769767,-0.191993
-0.00033769767,-0.191993
-0.00013769767,-0.223991
6.2302331e-005,-0.159994
