LECROYWS42Xs,24809,Waveform
Segments,1,SegmentSize,10002
Segment,TrigTime,TimeSinceSegment1
#1,19-Feb-2003 04:11:59,0                 
Time,Ampl
-2.0001121,0.0959963
-1.9999121,0.0959963
-1.9997121,0.0319988
-1.9995121,0.0959963
-1.9993121,0.0959963
-1.9991121,0.127995
-1.9989121,0.0639975
-1.9987121,0.127995
-1.9985121,0.0959963
-1.9983121,0.0639975
-1.9981121,0.0959963
-1.9979121,0.127995
-1.9977121,0.0959963
-1.9975121,0.0959963
-1.9973121,0.0959963
-1.9971121,0.0639975
-1.9969121,0.0959963
-1.9967121,0.127995
-1.9965121,0.0639975
-1.9963121,0.0959963
-1.9961121,0.0959963
-1.9959121,0.0639975
-1.9957121,0.0959963
-1.9955121,0.0959963
-1.9953121,0.0959963
-1.9951121,0.0959963
-1.9949121,0.0639975
-1.9947121,0.0959963
-1.9945121,0.0959963
-1.9943121,0.0959963
-1.9941121,0.0639975
-1.9939121,0.0959963
-1.9937121,0.0639975
-1.9935121,0.0639975
-1.9933121,0.0959963
-1.9931121,0.0639975
-1.9929121,0.0639975
-1.9927121,0.159994
-1.9925121,0.0639975
-1.9923121,0.0959963
-1.9921121,0.0959963
-1.9919121,0.0959963
-1.9917121,0.0639975
-1.9915121,0.0959963
-1.9913121,0.0639975
-1.9911121,0.0639975
-1.9909121,0.0959963
-1.9907121,0.0959963
-1.9905121,0.0319988
-1.9903121,0.0959963
-1.9901121,0.0319988
-1.9899121,0.0319988
-1.9897121,0.0959963
-1.9895121,0.0959963
-1.9893121,0.0639975
-1.9891121,0.0959963
-1.9889121,0.0639975
-1.9887121,0.0639975
-1.9885121,0.0639975
-1.9883121,0.0639975
-1.9881121,0.0639975
-1.9879121,0.0959963
-1.9877121,0.0319988
-1.9875121,0.0639975
-1.9873121,0.0639975
-1.9871121,0.0959963
-1.9869121,0.0319988
-1.9867121,0.0639975
-1.9865121,0.0959963
-1.9863121,0.0319988
-1.9861121,0.0959963
-1.9859121,0.0959963
-1.9857121,0.0639975
-1.9855121,0.0959963
-1.9853121,0.0639975
-1.9851121,0.0639975
-1.9849121,0.0959963
-1.9847121,0.0639975
-1.9845121,0.0319988
-1.9843121,0.0319988
-1.9841121,0.0639975
-1.9839121,0.0959963
-1.9837121,0.0639975
-1.9835121,0.0639975
-1.9833121,0.0639975
-1.9831121,0.0639975
-1.9829121,0.0639975
-1.9827121,0.0639975
-1.9825121,0.0639975
-1.9823121,0.0639975
-1.9821121,0.0319988
-1.9819121,0.0639975
-1.9817121,0.0959963
-1.9815121,0.0319988
-1.9813121,0.0319988
-1.9811121,0.0639975
-1.9809121,0.0319988
-1.9807121,0.0639975
-1.9805121,0.0639975
-1.9803121,-0.0319988
-1.9801121,0.0639975
-1.9799121,0.0639975
-1.9797121,0
-1.9795121,0.0639975
-1.9793121,0.0639975
-1.9791121,0.0639975
-1.9789121,0.0639975
-1.9787121,0.0639975
-1.9785121,0.0319988
-1.9783121,0.0319988
-1.9781121,0.0639975
-1.9779121,0.0639975
-1.9777121,0.0319988
-1.9775121,0.0319988
-1.9773121,0.0319988
-1.9771121,0.0319988
-1.9769121,0.0639975
-1.9767121,0.0319988
-1.9765121,0.0319988
-1.9763121,0.0319988
-1.9761121,0.0319988
-1.9759121,0
-1.9757121,0.0319988
-1.9755121,0.0319988
-1.9753121,0.0319988
-1.9751121,0.0639975
-1.9749121,0.0639975
-1.9747121,0.0319988
-1.9745121,0
-1.9743121,0
-1.9741121,0.0319988
-1.9739121,0.0319988
-1.9737121,0
-1.9735121,0.0319988
-1.9733121,0
-1.9731121,0.0319988
-1.9729121,0.0319988
-1.9727121,0
-1.9725121,0
-1.9723121,0.0319988
-1.9721121,0.0639975
-1.9719121,-0.0319988
-1.9717121,0.0319988
-1.9715121,0.0639975
-1.9713121,0
-1.9711121,0.0319988
-1.9709121,0.0319988
-1.9707121,0.0319988
-1.9705121,0.0319988
-1.9703121,0.0319988
-1.9701121,0
-1.9699121,0.0639975
-1.9697121,0.0639975
-1.9695121,0.0319988
-1.9693121,0.0319988
-1.9691121,0.0639975
-1.9689121,0.0319988
-1.9687121,0.0319988
-1.9685121,0.0639975
-1.9683121,0.0959963
-1.9681121,0.0639975
-1.9679121,0.0319988
-1.9677121,0.0319988
-1.9675121,0.0319988
-1.9673121,0.0639975
-1.9671121,0.0639975
-1.9669121,0.0319988
-1.9667121,0.0319988
-1.9665121,-0.0319988
-1.9663121,0.0319988
-1.9661121,0.0319988
-1.9659121,0
-1.9657121,0
-1.9655121,0.0639975
-1.9653121,0
-1.9651121,0.0319988
-1.9649121,0.0319988
-1.9647121,0.0319988
-1.9645121,0
-1.9643121,0.0639975
-1.9641121,0
-1.9639121,0.0319988
-1.9637121,0.0319988
-1.9635121,0.0319988
-1.9633121,0.0319988
-1.9631121,0.0639975
-1.9629121,0
-1.9627121,0
-1.9625121,0.0639975
-1.9623121,0
-1.9621121,0.0319988
-1.9619121,0.0639975
-1.9617121,0
-1.9615121,0
-1.9613121,0.0319988
-1.9611121,0.0319988
-1.9609121,0
-1.9607121,0.0319988
-1.9605121,0
-1.9603121,0
-1.9601121,0
-1.9599121,0
-1.9597121,0.0319988
-1.9595121,0.0319988
-1.9593121,-0.0319988
-1.9591121,0
-1.9589121,0.0319988
-1.9587121,0.0319988
-1.9585121,0.0319988
-1.9583121,0
-1.9581121,0
-1.9579121,0
-1.9577121,0
-1.9575121,0
-1.9573121,0.0319988
-1.9571121,0
-1.9569121,0
-1.9567121,0
-1.9565121,0.0319988
-1.9563121,-0.0319988
-1.9561121,0.0319988
-1.9559121,0.0639975
-1.9557121,0
-1.9555121,0.0319988
-1.9553121,0.0319988
-1.9551121,0.0319988
-1.9549121,0.0319988
-1.9547121,0.0319988
-1.9545121,0.0319988
-1.9543121,0.0319988
-1.9541121,0.0639975
-1.9539121,0
-1.9537121,0
-1.9535121,0.0319988
-1.9533121,-0.0319988
-1.9531121,0.0319988
-1.9529121,0.0319988
-1.9527121,0
-1.9525121,0.0639975
-1.9523121,0.0639975
-1.9521121,-0.0319988
-1.9519121,0.0639975
-1.9517121,0
-1.9515121,0
-1.9513121,0.0319988
-1.9511121,0.0319988
-1.9509121,0.0319988
-1.9507121,0
-1.9505121,0.0319988
-1.9503121,0.0319988
-1.9501121,0.0319988
-1.9499121,0.0319988
-1.9497121,0
-1.9495121,0.0639975
-1.9493121,0.0639975
-1.9491121,0.0639975
-1.9489121,0.0639975
-1.9487121,0.0319988
-1.9485121,0
-1.9483121,0.0639975
-1.9481121,0.0639975
-1.9479121,0
-1.9477121,0.0639975
-1.9475121,0.0639975
-1.9473121,0.0319988
-1.9471121,0.0959963
-1.9469121,0.0639975
-1.9467121,0.0319988
-1.9465121,0.0639975
-1.9463121,0.0639975
-1.9461121,0.0319988
-1.9459121,0.0959963
-1.9457121,0.0959963
-1.9455121,0.0639975
-1.9453121,0.0639975
-1.9451121,0.0959963
-1.9449121,0.0959963
-1.9447121,0.127995
-1.9445121,0.0959963
-1.9443121,0.0639975
-1.9441121,0.0959963
-1.9439121,0.0959963
-1.9437121,0.0959963
-1.9435121,0.0959963
-1.9433121,0.0959963
-1.9431121,0.127995
-1.9429121,0.127995
-1.9427121,0.127995
-1.9425121,0.0959963
-1.9423121,0.127995
-1.9421121,0.0959963
-1.9419121,0.0639975
-1.9417121,0.127995
-1.9415121,0.127995
-1.9413121,0.127995
-1.9411121,0.0959963
-1.9409121,0.127995
-1.9407121,0.0639975
-1.9405121,0.0959963
-1.9403121,0.0959963
-1.9401121,0.0959963
-1.9399121,0.0959963
-1.9397121,0.0959963
-1.9395121,0.159994
-1.9393121,0.127995
-1.9391121,0.159994
-1.9389121,0.159994
-1.9387121,0.159994
-1.9385121,0.127995
-1.9383121,0.0639975
-1.9381121,0.127995
-1.9379121,0.0959963
-1.9377121,0.127995
-1.9375121,0.159994
-1.9373121,0.127995
-1.9371121,0.0959963
-1.9369121,0.127995
-1.9367121,0.127995
-1.9365121,0.159994
-1.9363121,0.0959963
-1.9361121,0.159994
-1.9359121,0.127995
-1.9357121,0.127995
-1.9355121,0.0959963
-1.9353121,0.127995
-1.9351121,0.191993
-1.9349121,0.127995
-1.9347121,0.159994
-1.9345121,0.191993
-1.9343121,0.127995
-1.9341121,0.127995
-1.9339121,0.159994
-1.9337121,0.159994
-1.9335121,0.159994
-1.9333121,0.127995
-1.9331121,0.127995
-1.9329121,0.159994
-1.9327121,0.159994
-1.9325121,0.159994
-1.9323121,0.127995
-1.9321121,0.159994
-1.9319121,0.159994
-1.9317121,0.127995
-1.9315121,0.159994
-1.9313121,0.127995
-1.9311121,0.127995
-1.9309121,0.127995
-1.9307121,0.127995
-1.9305121,0.127995
-1.9303121,0.127995
-1.9301121,0.159994
-1.9299121,0.159994
-1.9297121,0.191993
-1.9295121,0.127995
-1.9293121,0.0959963
-1.9291121,0.159994
-1.9289121,0.127995
-1.9287121,0.127995
-1.9285121,0.127995
-1.9283121,0.127995
-1.9281121,0.159994
-1.9279121,0.159994
-1.9277121,0.0959963
-1.9275121,0.159994
-1.9273121,0.159994
-1.9271121,0.159994
-1.9269121,0.0959963
-1.9267121,0.127995
-1.9265121,0.0959963
-1.9263121,0.0959963
-1.9261121,0.159994
-1.9259121,0.0959963
-1.9257121,0.159994
-1.9255121,0.127995
-1.9253121,0.127995
-1.9251121,0.159994
-1.9249121,0.191993
-1.9247121,0.159994
-1.9245121,0.127995
-1.9243121,0.159994
-1.9241121,0.127995
-1.9239121,0.127995
-1.9237121,0.159994
-1.9235121,0.0959963
-1.9233121,0.159994
-1.9231121,0.159994
-1.9229121,0.159994
-1.9227121,0.127995
-1.9225121,0.191993
-1.9223121,0.127995
-1.9221121,0.159994
-1.9219121,0.159994
-1.9217121,0.159994
-1.9215121,0.191993
-1.9213121,0.159994
-1.9211121,0.159994
-1.9209121,0.159994
-1.9207121,0.159994
-1.9205121,0.159994
-1.9203121,0.159994
-1.9201121,0.159994
-1.9199121,0.127995
-1.9197121,0.191993
-1.9195121,0.159994
-1.9193121,0.159994
-1.9191121,0.159994
-1.9189121,0.159994
-1.9187121,0.191993
-1.9185121,0.159994
-1.9183121,0.191993
-1.9181121,0.159994
-1.9179121,0.159994
-1.9177121,0.191993
-1.9175121,0.191993
-1.9173121,0.159994
-1.9171121,0.191993
-1.9169121,0.159994
-1.9167121,0.191993
-1.9165121,0.159994
-1.9163121,0.127995
-1.9161121,0.159994
-1.9159121,0.191993
-1.9157121,0.191993
-1.9155121,0.159994
-1.9153121,0.223991
-1.9151121,0.159994
-1.9149121,0.191993
-1.9147121,0.191993
-1.9145121,0.191993
-1.9143121,0.191993
-1.9141121,0.159994
-1.9139121,0.191993
-1.9137121,0.191993
-1.9135121,0.223991
-1.9133121,0.159994
-1.9131121,0.191993
-1.9129121,0.223991
-1.9127121,0.223991
-1.9125121,0.191993
-1.9123121,0.191993
-1.9121121,0.159994
-1.9119121,0.159994
-1.9117121,0.223991
-1.9115121,0.191993
-1.9113121,0.191993
-1.9111121,0.191993
-1.9109121,0.191993
-1.9107121,0.191993
-1.9105121,0.223991
-1.9103121,0.159994
-1.9101121,0.223991
-1.9099121,0.223991
-1.9097121,0.223991
-1.9095121,0.191993
-1.9093121,0.191993
-1.9091121,0.223991
-1.9089121,0.191993
-1.9087121,0.191993
-1.9085121,0.159994
-1.9083121,0.223991
-1.9081121,0.25599
-1.9079121,0.191993
-1.9077121,0.25599
-1.9075121,0.223991
-1.9073121,0.191993
-1.9071121,0.223991
-1.9069121,0.223991
-1.9067121,0.223991
-1.9065121,0.223991
-1.9063121,0.223991
-1.9061121,0.223991
-1.9059121,0.191993
-1.9057121,0.223991
-1.9055121,0.191993
-1.9053121,0.223991
-1.9051121,0.25599
-1.9049121,0.191993
-1.9047121,0.223991
-1.9045121,0.223991
-1.9043121,0.223991
-1.9041121,0.191993
-1.9039121,0.25599
-1.9037121,0.223991
-1.9035121,0.25599
-1.9033121,0.25599
-1.9031121,0.223991
-1.9029121,0.223991
-1.9027121,0.223991
-1.9025121,0.223991
-1.9023121,0.223991
-1.9021121,0.25599
-1.9019121,0.223991
-1.9017121,0.191993
-1.9015121,0.223991
-1.9013121,0.223991
-1.9011121,0.191993
-1.9009121,0.223991
-1.9007121,0.191993
-1.9005121,0.159994
-1.9003121,0.223991
-1.9001121,0.223991
-1.8999121,0.25599
-1.8997121,0.191993
-1.8995121,0.223991
-1.8993121,0.223991
-1.8991121,0.223991
-1.8989121,0.191993
-1.8987121,0.223991
-1.8985121,0.191993
-1.8983121,0.223991
-1.8981121,0.191993
-1.8979121,0.223991
-1.8977121,0.25599
-1.8975121,0.223991
-1.8973121,0.191993
-1.8971121,0.223991
-1.8969121,0.191993
-1.8967121,0.223991
-1.8965121,0.191993
-1.8963121,0.191993
-1.8961121,0.223991
-1.8959121,0.191993
-1.8957121,0.223991
-1.8955121,0.223991
-1.8953121,0.191993
-1.8951121,0.223991
-1.8949121,0.25599
-1.8947121,0.191993
-1.8945121,0.191993
-1.8943121,0.191993
-1.8941121,0.191993
-1.8939121,0.191993
-1.8937121,0.223991
-1.8935121,0.191993
-1.8933121,0.159994
-1.8931121,0.223991
-1.8929121,0.191993
-1.8927121,0.159994
-1.8925121,0.191993
-1.8923121,0.159994
-1.8921121,0.223991
-1.8919121,0.191993
-1.8917121,0.159994
-1.8915121,0.191993
-1.8913121,0.223991
-1.8911121,0.159994
-1.8909121,0.159994
-1.8907121,0.191993
-1.8905121,0.191993
-1.8903121,0.191993
-1.8901121,0.159994
-1.8899121,0.159994
-1.8897121,0.159994
-1.8895121,0.191993
-1.8893121,0.191993
-1.8891121,0.191993
-1.8889121,0.191993
-1.8887121,0.159994
-1.8885121,0.191993
-1.8883121,0.191993
-1.8881121,0.159994
-1.8879121,0.159994
-1.8877121,0.191993
-1.8875121,0.159994
-1.8873121,0.159994
-1.8871121,0.159994
-1.8869121,0.159994
-1.8867121,0.191993
-1.8865121,0.191993
-1.8863121,0.159994
-1.8861121,0.191993
-1.8859121,0.191993
-1.8857121,0.191993
-1.8855121,0.191993
-1.8853121,0.159994
-1.8851121,0.191993
-1.8849121,0.191993
-1.8847121,0.191993
-1.8845121,0.159994
-1.8843121,0.127995
-1.8841121,0.159994
-1.8839121,0.159994
-1.8837121,0.191993
-1.8835121,0.191993
-1.8833121,0.159994
-1.8831121,0.191993
-1.8829121,0.191993
-1.8827121,0.191993
-1.8825121,0.159994
-1.8823121,0.191993
-1.8821121,0.191993
-1.8819121,0.159994
-1.8817121,0.191993
-1.8815121,0.159994
-1.8813121,0.159994
-1.8811121,0.191993
-1.8809121,0.191993
-1.8807121,0.191993
-1.8805121,0.191993
-1.8803121,0.159994
-1.8801121,0.159994
-1.8799121,0.191993
-1.8797121,0.159994
-1.8795121,0.159994
-1.8793121,0.191993
-1.8791121,0.159994
-1.8789121,0.191993
-1.8787121,0.191993
-1.8785121,0.127995
-1.8783121,0.159994
-1.8781121,0.191993
-1.8779121,0.127995
-1.8777121,0.159994
-1.8775121,0.159994
-1.8773121,0.159994
-1.8771121,0.191993
-1.8769121,0.159994
-1.8767121,0.159994
-1.8765121,0.191993
-1.8763121,0.223991
-1.8761121,0.159994
-1.8759121,0.159994
-1.8757121,0.191993
-1.8755121,0.127995
-1.8753121,0.127995
-1.8751121,0.191993
-1.8749121,0.159994
-1.8747121,0.191993
-1.8745121,0.159994
-1.8743121,0.159994
-1.8741121,0.127995
-1.8739121,0.159994
-1.8737121,0.159994
-1.8735121,0.159994
-1.8733121,0.191993
-1.8731121,0.159994
-1.8729121,0.159994
-1.8727121,0.159994
-1.8725121,0.159994
-1.8723121,0.159994
-1.8721121,0.159994
-1.8719121,0.127995
-1.8717121,0.127995
-1.8715121,0.159994
-1.8713121,0.159994
-1.8711121,0.127995
-1.8709121,0.159994
-1.8707121,0.159994
-1.8705121,0.159994
-1.8703121,0.127995
-1.8701121,0.127995
-1.8699121,0.159994
-1.8697121,0.159994
-1.8695121,0.127995
-1.8693121,0.159994
-1.8691121,0.159994
-1.8689121,0.127995
-1.8687121,0.127995
-1.8685121,0.127995
-1.8683121,0.127995
-1.8681121,0.127995
-1.8679121,0.191993
-1.8677121,0.159994
-1.8675121,0.159994
-1.8673121,0.191993
-1.8671121,0.127995
-1.8669121,0.191993
-1.8667121,0.127995
-1.8665121,0.127995
-1.8663121,0.127995
-1.8661121,0.159994
-1.8659121,0.159994
-1.8657121,0.127995
-1.8655121,0.159994
-1.8653121,0.159994
-1.8651121,0.127995
-1.8649121,0.191993
-1.8647121,0.127995
-1.8645121,0.127995
-1.8643121,0.127995
-1.8641121,0.127995
-1.8639121,0.159994
-1.8637121,0.127995
-1.8635121,0.0959963
-1.8633121,0.0959963
-1.8631121,0.127995
-1.8629121,0.191993
-1.8627121,0.127995
-1.8625121,0.127995
-1.8623121,0.159994
-1.8621121,0.127995
-1.8619121,0.191993
-1.8617121,0.127995
-1.8615121,0.159994
-1.8613121,0.191993
-1.8611121,0.159994
-1.8609121,0.159994
-1.8607121,0.191993
-1.8605121,0.191993
-1.8603121,0.127995
-1.8601121,0.159994
-1.8599121,0.159994
-1.8597121,0.191993
-1.8595121,0.191993
-1.8593121,0.159994
-1.8591121,0.191993
-1.8589121,0.191993
-1.8587121,0.191993
-1.8585121,0.191993
-1.8583121,0.191993
-1.8581121,0.191993
-1.8579121,0.191993
-1.8577121,0.191993
-1.8575121,0.191993
-1.8573121,0.223991
-1.8571121,0.223991
-1.8569121,0.159994
-1.8567121,0.191993
-1.8565121,0.191993
-1.8563121,0.191993
-1.8561121,0.191993
-1.8559121,0.223991
-1.8557121,0.191993
-1.8555121,0.191993
-1.8553121,0.191993
-1.8551121,0.223991
-1.8549121,0.159994
-1.8547121,0.191993
-1.8545121,0.191993
-1.8543121,0.191993
-1.8541121,0.223991
-1.8539121,0.223991
-1.8537121,0.191993
-1.8535121,0.223991
-1.8533121,0.191993
-1.8531121,0.223991
-1.8529121,0.223991
-1.8527121,0.191993
-1.8525121,0.223991
-1.8523121,0.223991
-1.8521121,0.191993
-1.8519121,0.191993
-1.8517121,0.223991
-1.8515121,0.191993
-1.8513121,0.191993
-1.8511121,0.191993
-1.8509121,0.191993
-1.8507121,0.191993
-1.8505121,0.191993
-1.8503121,0.223991
-1.8501121,0.191993
-1.8499121,0.191993
-1.8497121,0.191993
-1.8495121,0.191993
-1.8493121,0.191993
-1.8491121,0.191993
-1.8489121,0.191993
-1.8487121,0.191993
-1.8485121,0.159994
-1.8483121,0.191993
-1.8481121,0.191993
-1.8479121,0.191993
-1.8477121,0.159994
-1.8475121,0.159994
-1.8473121,0.191993
-1.8471121,0.223991
-1.8469121,0.223991
-1.8467121,0.191993
-1.8465121,0.191993
-1.8463121,0.159994
-1.8461121,0.223991
-1.8459121,0.191993
-1.8457121,0.191993
-1.8455121,0.191993
-1.8453121,0.223991
-1.8451121,0.191993
-1.8449121,0.191993
-1.8447121,0.223991
-1.8445121,0.191993
-1.8443121,0.191993
-1.8441121,0.223991
-1.8439121,0.25599
-1.8437121,0.191993
-1.8435121,0.191993
-1.8433121,0.223991
-1.8431121,0.223991
-1.8429121,0.159994
-1.8427121,0.223991
-1.8425121,0.191993
-1.8423121,0.191993
-1.8421121,0.191993
-1.8419121,0.159994
-1.8417121,0.191993
-1.8415121,0.191993
-1.8413121,0.159994
-1.8411121,0.223991
-1.8409121,0.25599
-1.8407121,0.191993
-1.8405121,0.223991
-1.8403121,0.191993
-1.8401121,0.191993
-1.8399121,0.191993
-1.8397121,0.223991
-1.8395121,0.191993
-1.8393121,0.191993
-1.8391121,0.223991
-1.8389121,0.223991
-1.8387121,0.191993
-1.8385121,0.223991
-1.8383121,0.191993
-1.8381121,0.223991
-1.8379121,0.25599
-1.8377121,0.191993
-1.8375121,0.25599
-1.8373121,0.223991
-1.8371121,0.191993
-1.8369121,0.223991
-1.8367121,0.191993
-1.8365121,0.191993
-1.8363121,0.223991
-1.8361121,0.25599
-1.8359121,0.223991
-1.8357121,0.25599
-1.8355121,0.25599
-1.8353121,0.223991
-1.8351121,0.191993
-1.8349121,0.223991
-1.8347121,0.191993
-1.8345121,0.191993
-1.8343121,0.191993
-1.8341121,0.191993
-1.8339121,0.25599
-1.8337121,0.25599
-1.8335121,0.223991
-1.8333121,0.25599
-1.8331121,0.223991
-1.8329121,0.191993
-1.8327121,0.223991
-1.8325121,0.25599
-1.8323121,0.223991
-1.8321121,0.25599
-1.8319121,0.287989
-1.8317121,0.25599
-1.8315121,0.223991
-1.8313121,0.25599
-1.8311121,0.191993
-1.8309121,0.191993
-1.8307121,0.223991
-1.8305121,0.191993
-1.8303121,0.223991
-1.8301121,0.25599
-1.8299121,0.223991
-1.8297121,0.191993
-1.8295121,0.191993
-1.8293121,0.191993
-1.8291121,0.25599
-1.8289121,0.223991
-1.8287121,0.191993
-1.8285121,0.223991
-1.8283121,0.223991
-1.8281121,0.287989
-1.8279121,0.25599
-1.8277121,0.25599
-1.8275121,0.223991
-1.8273121,0.223991
-1.8271121,0.223991
-1.8269121,0.223991
-1.8267121,0.223991
-1.8265121,0.223991
-1.8263121,0.159994
-1.8261121,0.223991
-1.8259121,0.223991
-1.8257121,0.191993
-1.8255121,0.191993
-1.8253121,0.223991
-1.8251121,0.191993
-1.8249121,0.191993
-1.8247121,0.25599
-1.8245121,0.191993
-1.8243121,0.223991
-1.8241121,0.25599
-1.8239121,0.223991
-1.8237121,0.223991
-1.8235121,0.191993
-1.8233121,0.191993
-1.8231121,0.191993
-1.8229121,0.223991
-1.8227121,0.223991
-1.8225121,0.223991
-1.8223121,0.25599
-1.8221121,0.223991
-1.8219121,0.25599
-1.8217121,0.191993
-1.8215121,0.223991
-1.8213121,0.223991
-1.8211121,0.287989
-1.8209121,0.191993
-1.8207121,0.191993
-1.8205121,0.223991
-1.8203121,0.223991
-1.8201121,0.223991
-1.8199121,0.223991
-1.8197121,0.223991
-1.8195121,0.223991
-1.8193121,0.159994
-1.8191121,0.191993
-1.8189121,0.223991
-1.8187121,0.25599
-1.8185121,0.223991
-1.8183121,0.223991
-1.8181121,0.223991
-1.8179121,0.223991
-1.8177121,0.191993
-1.8175121,0.223991
-1.8173121,0.191993
-1.8171121,0.223991
-1.8169121,0.191993
-1.8167121,0.191993
-1.8165121,0.159994
-1.8163121,0.191993
-1.8161121,0.191993
-1.8159121,0.191993
-1.8157121,0.191993
-1.8155121,0.159994
-1.8153121,0.191993
-1.8151121,0.159994
-1.8149121,0.191993
-1.8147121,0.159994
-1.8145121,0.191993
-1.8143121,0.159994
-1.8141121,0.127995
-1.8139121,0.191993
-1.8137121,0.159994
-1.8135121,0.159994
-1.8133121,0.191993
-1.8131121,0.191993
-1.8129121,0.159994
-1.8127121,0.159994
-1.8125121,0.127995
-1.8123121,0.159994
-1.8121121,0.223991
-1.8119121,0.159994
-1.8117121,0.127995
-1.8115121,0.159994
-1.8113121,0.159994
-1.8111121,0.159994
-1.8109121,0.191993
-1.8107121,0.127995
-1.8105121,0.159994
-1.8103121,0.127995
-1.8101121,0.127995
-1.8099121,0.159994
-1.8097121,0.191993
-1.8095121,0.127995
-1.8093121,0.127995
-1.8091121,0.159994
-1.8089121,0.159994
-1.8087121,0.127995
-1.8085121,0.127995
-1.8083121,0.127995
-1.8081121,0.127995
-1.8079121,0.127995
-1.8077121,0.127995
-1.8075121,0.0959963
-1.8073121,0.127995
-1.8071121,0.127995
-1.8069121,0.127995
-1.8067121,0.127995
-1.8065121,0.127995
-1.8063121,0.127995
-1.8061121,0.127995
-1.8059121,0.0959963
-1.8057121,0.0959963
-1.8055121,0.127995
-1.8053121,0.0959963
-1.8051121,0.0959963
-1.8049121,0.0959963
-1.8047121,0.0959963
-1.8045121,0.127995
-1.8043121,0.0959963
-1.8041121,0.0959963
-1.8039121,0.0959963
-1.8037121,0.0959963
-1.8035121,0.0959963
-1.8033121,0.0639975
-1.8031121,0.0959963
-1.8029121,0.0959963
-1.8027121,0.0959963
-1.8025121,0.0959963
-1.8023121,0.0959963
-1.8021121,0.0959963
-1.8019121,0.0639975
-1.8017121,0.0639975
-1.8015121,0.127995
-1.8013121,0.0959963
-1.8011121,0.0959963
-1.8009121,0.0959963
-1.8007121,0.0959963
-1.8005121,0.0959963
-1.8003121,0.0639975
-1.8001121,0.0959963
-1.7999121,0.127995
-1.7997121,0.0639975
-1.7995121,0.0959963
-1.7993121,0.0639975
-1.7991121,0.0319988
-1.7989121,0.0639975
-1.7987121,0.0959963
-1.7985121,0.0319988
-1.7983121,0.0959963
-1.7981121,0.0639975
-1.7979121,0.0959963
-1.7977121,0.0959963
-1.7975121,0.0639975
-1.7973121,0.0319988
-1.7971121,0.0639975
-1.7969121,0.0639975
-1.7967121,0.0319988
-1.7965121,0.0639975
-1.7963121,0.0639975
-1.7961121,0.0319988
-1.7959121,0.0319988
-1.7957121,0.0639975
-1.7955121,0.0319988
-1.7953121,0.0319988
-1.7951121,0.0319988
-1.7949121,0
-1.7947121,0.0319988
-1.7945121,0.0319988
-1.7943121,0
-1.7941121,0
-1.7939121,0.0319988
-1.7937121,0
-1.7935121,0.0319988
-1.7933121,0
-1.7931121,0
-1.7929121,0.0319988
-1.7927121,0
-1.7925121,-0.0319988
-1.7923121,0
-1.7921121,0.0639975
-1.7919121,-0.0319988
-1.7917121,0
-1.7915121,0
-1.7913121,-0.0639975
-1.7911121,0.0319988
-1.7909121,-0.0319988
-1.7907121,-0.0319988
-1.7905121,-0.0319988
-1.7903121,-0.0319988
-1.7901121,-0.0639975
-1.7899121,-0.0319988
-1.7897121,-0.0319988
-1.7895121,-0.0639975
-1.7893121,-0.0639975
-1.7891121,-0.0959963
-1.7889121,-0.0959963
-1.7887121,-0.0959963
-1.7885121,-0.0639975
-1.7883121,-0.0959963
-1.7881121,-0.0639975
-1.7879121,-0.0959963
-1.7877121,-0.0959963
-1.7875121,-0.0319988
-1.7873121,-0.0639975
-1.7871121,-0.159994
-1.7869121,-0.0959963
-1.7867121,-0.0639975
-1.7865121,-0.0959963
-1.7863121,-0.0959963
-1.7861121,-0.0639975
-1.7859121,-0.127995
-1.7857121,-0.0959963
-1.7855121,-0.0959963
-1.7853121,-0.127995
-1.7851121,-0.0959963
-1.7849121,-0.127995
-1.7847121,-0.127995
-1.7845121,-0.127995
-1.7843121,-0.0959963
-1.7841121,-0.0959963
-1.7839121,-0.0959963
-1.7837121,-0.0959963
-1.7835121,-0.127995
-1.7833121,-0.127995
-1.7831121,-0.127995
-1.7829121,-0.0959963
-1.7827121,-0.0959963
-1.7825121,-0.0959963
-1.7823121,-0.127995
-1.7821121,-0.127995
-1.7819121,-0.127995
-1.7817121,-0.127995
-1.7815121,-0.127995
-1.7813121,-0.0959963
-1.7811121,-0.159994
-1.7809121,-0.159994
-1.7807121,-0.127995
-1.7805121,-0.191993
-1.7803121,-0.159994
-1.7801121,-0.127995
-1.7799121,-0.159994
-1.7797121,-0.159994
-1.7795121,-0.159994
-1.7793121,-0.159994
-1.7791121,-0.159994
-1.7789121,-0.191993
-1.7787121,-0.159994
-1.7785121,-0.191993
-1.7783121,-0.127995
-1.7781121,-0.159994
-1.7779121,-0.159994
-1.7777121,-0.127995
-1.7775121,-0.127995
-1.7773121,-0.127995
-1.7771121,-0.127995
-1.7769121,-0.191993
-1.7767121,-0.159994
-1.7765121,-0.127995
-1.7763121,-0.159994
-1.7761121,-0.191993
-1.7759121,-0.127995
-1.7757121,-0.159994
-1.7755121,-0.159994
-1.7753121,-0.159994
-1.7751121,-0.159994
-1.7749121,-0.191993
-1.7747121,-0.0959963
-1.7745121,-0.191993
-1.7743121,-0.127995
-1.7741121,-0.127995
-1.7739121,-0.191993
-1.7737121,-0.159994
-1.7735121,-0.127995
-1.7733121,-0.191993
-1.7731121,-0.159994
-1.7729121,-0.127995
-1.7727121,-0.159994
-1.7725121,-0.0959963
-1.7723121,-0.127995
-1.7721121,-0.191993
-1.7719121,-0.159994
-1.7717121,-0.0959963
-1.7715121,-0.159994
-1.7713121,-0.127995
-1.7711121,-0.127995
-1.7709121,-0.223991
-1.7707121,-0.159994
-1.7705121,-0.159994
-1.7703121,-0.127995
-1.7701121,-0.191993
-1.7699121,-0.159994
-1.7697121,-0.159994
-1.7695121,-0.159994
-1.7693121,-0.127995
-1.7691121,-0.127995
-1.7689121,-0.127995
-1.7687121,-0.159994
-1.7685121,-0.127995
-1.7683121,-0.127995
-1.7681121,-0.127995
-1.7679121,-0.191993
-1.7677121,-0.127995
-1.7675121,-0.127995
-1.7673121,-0.159994
-1.7671121,-0.159994
-1.7669121,-0.127995
-1.7667121,-0.159994
-1.7665121,-0.159994
-1.7663121,-0.127995
-1.7661121,-0.191993
-1.7659121,-0.191993
-1.7657121,-0.127995
-1.7655121,-0.191993
-1.7653121,-0.191993
-1.7651121,-0.191993
-1.7649121,-0.159994
-1.7647121,-0.159994
-1.7645121,-0.127995
-1.7643121,-0.159994
-1.7641121,-0.127995
-1.7639121,-0.159994
-1.7637121,-0.159994
-1.7635121,-0.191993
-1.7633121,-0.127995
-1.7631121,-0.159994
-1.7629121,-0.127995
-1.7627121,-0.127995
-1.7625121,-0.159994
-1.7623121,-0.127995
-1.7621121,-0.159994
-1.7619121,-0.159994
-1.7617121,-0.191993
-1.7615121,-0.159994
-1.7613121,-0.159994
-1.7611121,-0.191993
-1.7609121,-0.159994
-1.7607121,-0.159994
-1.7605121,-0.191993
-1.7603121,-0.159994
-1.7601121,-0.127995
-1.7599121,-0.127995
-1.7597121,-0.0959963
-1.7595121,-0.159994
-1.7593121,-0.159994
-1.7591121,-0.127995
-1.7589121,-0.191993
-1.7587121,-0.127995
-1.7585121,-0.127995
-1.7583121,-0.159994
-1.7581121,-0.159994
-1.7579121,-0.127995
-1.7577121,-0.127995
-1.7575121,-0.127995
-1.7573121,-0.127995
-1.7571121,-0.127995
-1.7569121,-0.127995
-1.7567121,-0.127995
-1.7565121,-0.159994
-1.7563121,-0.127995
-1.7561121,-0.0959963
-1.7559121,-0.127995
-1.7557121,-0.159994
-1.7555121,-0.127995
-1.7553121,-0.159994
-1.7551121,-0.127995
-1.7549121,-0.0959963
-1.7547121,-0.159994
-1.7545121,-0.0959963
-1.7543121,-0.127995
-1.7541121,-0.191993
-1.7539121,-0.0959963
-1.7537121,-0.0959963
-1.7535121,-0.159994
-1.7533121,-0.0959963
-1.7531121,-0.127995
-1.7529121,-0.127995
-1.7527121,-0.127995
-1.7525121,-0.127995
-1.7523121,-0.127995
-1.7521121,-0.159994
-1.7519121,-0.159994
-1.7517121,-0.159994
-1.7515121,-0.159994
-1.7513121,-0.127995
-1.7511121,-0.191993
-1.7509121,-0.0959963
-1.7507121,-0.0959963
-1.7505121,-0.159994
-1.7503121,-0.159994
-1.7501121,-0.159994
-1.7499121,-0.191993
-1.7497121,-0.191993
-1.7495121,-0.191993
-1.7493121,-0.191993
-1.7491121,-0.127995
-1.7489121,-0.159994
-1.7487121,-0.159994
-1.7485121,-0.159994
-1.7483121,-0.159994
-1.7481121,-0.159994
-1.7479121,-0.191993
-1.7477121,-0.127995
-1.7475121,-0.191993
-1.7473121,-0.191993
-1.7471121,-0.159994
-1.7469121,-0.159994
-1.7467121,-0.223991
-1.7465121,-0.127995
-1.7463121,-0.159994
-1.7461121,-0.223991
-1.7459121,-0.159994
-1.7457121,-0.191993
-1.7455121,-0.159994
-1.7453121,-0.159994
-1.7451121,-0.159994
-1.7449121,-0.159994
-1.7447121,-0.127995
-1.7445121,-0.159994
-1.7443121,-0.159994
-1.7441121,-0.191993
-1.7439121,-0.191993
-1.7437121,-0.159994
-1.7435121,-0.159994
-1.7433121,-0.191993
-1.7431121,-0.159994
-1.7429121,-0.159994
-1.7427121,-0.223991
-1.7425121,-0.223991
-1.7423121,-0.127995
-1.7421121,-0.191993
-1.7419121,-0.159994
-1.7417121,-0.159994
-1.7415121,-0.223991
-1.7413121,-0.191993
-1.7411121,-0.191993
-1.7409121,-0.191993
-1.7407121,-0.191993
-1.7405121,-0.159994
-1.7403121,-0.191993
-1.7401121,-0.223991
-1.7399121,-0.191993
-1.7397121,-0.223991
-1.7395121,-0.25599
-1.7393121,-0.159994
-1.7391121,-0.25599
-1.7389121,-0.223991
-1.7387121,-0.191993
-1.7385121,-0.25599
-1.7383121,-0.191993
-1.7381121,-0.191993
-1.7379121,-0.191993
-1.7377121,-0.191993
-1.7375121,-0.159994
-1.7373121,-0.223991
-1.7371121,-0.223991
-1.7369121,-0.25599
-1.7367121,-0.223991
-1.7365121,-0.191993
-1.7363121,-0.191993
-1.7361121,-0.223991
-1.7359121,-0.191993
-1.7357121,-0.223991
-1.7355121,-0.223991
-1.7353121,-0.191993
-1.7351121,-0.191993
-1.7349121,-0.223991
-1.7347121,-0.191993
-1.7345121,-0.223991
-1.7343121,-0.223991
-1.7341121,-0.191993
-1.7339121,-0.159994
-1.7337121,-0.223991
-1.7335121,-0.223991
-1.7333121,-0.223991
-1.7331121,-0.223991
-1.7329121,-0.191993
-1.7327121,-0.191993
-1.7325121,-0.25599
-1.7323121,-0.191993
-1.7321121,-0.159994
-1.7319121,-0.25599
-1.7317121,-0.223991
-1.7315121,-0.191993
-1.7313121,-0.223991
-1.7311121,-0.223991
-1.7309121,-0.223991
-1.7307121,-0.25599
-1.7305121,-0.223991
-1.7303121,-0.287989
-1.7301121,-0.25599
-1.7299121,-0.191993
-1.7297121,-0.25599
-1.7295121,-0.25599
-1.7293121,-0.25599
-1.7291121,-0.191993
-1.7289121,-0.223991
-1.7287121,-0.25599
-1.7285121,-0.223991
-1.7283121,-0.25599
-1.7281121,-0.25599
-1.7279121,-0.25599
-1.7277121,-0.223991
-1.7275121,-0.223991
-1.7273121,-0.223991
-1.7271121,-0.25599
-1.7269121,-0.287989
-1.7267121,-0.25599
-1.7265121,-0.25599
-1.7263121,-0.287989
-1.7261121,-0.191993
-1.7259121,-0.25599
-1.7257121,-0.25599
-1.7255121,-0.25599
-1.7253121,-0.223991
-1.7251121,-0.25599
-1.7249121,-0.25599
-1.7247121,-0.287989
-1.7245121,-0.25599
-1.7243121,-0.25599
-1.7241121,-0.223991
-1.7239121,-0.25599
-1.7237121,-0.25599
-1.7235121,-0.25599
-1.7233121,-0.287989
-1.7231121,-0.223991
-1.7229121,-0.287989
-1.7227121,-0.287989
-1.7225121,-0.25599
-1.7223121,-0.287989
-1.7221121,-0.223991
-1.7219121,-0.223991
-1.7217121,-0.25599
-1.7215121,-0.25599
-1.7213121,-0.223991
-1.7211121,-0.191993
-1.7209121,-0.223991
-1.7207121,-0.25599
-1.7205121,-0.223991
-1.7203121,-0.223991
-1.7201121,-0.223991
-1.7199121,-0.287989
-1.7197121,-0.25599
-1.7195121,-0.287989
-1.7193121,-0.25599
-1.7191121,-0.25599
-1.7189121,-0.287989
-1.7187121,-0.25599
-1.7185121,-0.25599
-1.7183121,-0.25599
-1.7181121,-0.25599
-1.7179121,-0.287989
-1.7177121,-0.287989
-1.7175121,-0.25599
-1.7173121,-0.287989
-1.7171121,-0.191993
-1.7169121,-0.25599
-1.7167121,-0.223991
-1.7165121,-0.223991
-1.7163121,-0.287989
-1.7161121,-0.287989
-1.7159121,-0.223991
-1.7157121,-0.223991
-1.7155121,-0.25599
-1.7153121,-0.223991
-1.7151121,-0.287989
-1.7149121,-0.287989
-1.7147121,-0.287989
-1.7145121,-0.25599
-1.7143121,-0.25599
-1.7141121,-0.223991
-1.7139121,-0.25599
-1.7137121,-0.223991
-1.7135121,-0.25599
-1.7133121,-0.25599
-1.7131121,-0.287989
-1.7129121,-0.223991
-1.7127121,-0.25599
-1.7125121,-0.25599
-1.7123121,-0.25599
-1.7121121,-0.25599
-1.7119121,-0.287989
-1.7117121,-0.191993
-1.7115121,-0.25599
-1.7113121,-0.287989
-1.7111121,-0.191993
-1.7109121,-0.223991
-1.7107121,-0.25599
-1.7105121,-0.223991
-1.7103121,-0.25599
-1.7101121,-0.25599
-1.7099121,-0.191993
-1.7097121,-0.25599
-1.7095121,-0.287989
-1.7093121,-0.223991
-1.7091121,-0.25599
-1.7089121,-0.25599
-1.7087121,-0.223991
-1.7085121,-0.25599
-1.7083121,-0.287989
-1.7081121,-0.223991
-1.7079121,-0.25599
-1.7077121,-0.25599
-1.7075121,-0.25599
-1.7073121,-0.223991
-1.7071121,-0.223991
-1.7069121,-0.223991
-1.7067121,-0.25599
-1.7065121,-0.25599
-1.7063121,-0.25599
-1.7061121,-0.287989
-1.7059121,-0.191993
-1.7057121,-0.223991
-1.7055121,-0.287989
-1.7053121,-0.287989
-1.7051121,-0.223991
-1.7049121,-0.25599
-1.7047121,-0.25599
-1.7045121,-0.287989
-1.7043121,-0.25599
-1.7041121,-0.25599
-1.7039121,-0.191993
-1.7037121,-0.25599
-1.7035121,-0.223991
-1.7033121,-0.223991
-1.7031121,-0.223991
-1.7029121,-0.25599
-1.7027121,-0.287989
-1.7025121,-0.25599
-1.7023121,-0.25599
-1.7021121,-0.223991
-1.7019121,-0.223991
-1.7017121,-0.287989
-1.7015121,-0.223991
-1.7013121,-0.223991
-1.7011121,-0.25599
-1.7009121,-0.223991
-1.7007121,-0.191993
-1.7005121,-0.25599
-1.7003121,-0.191993
-1.7001121,-0.191993
-1.6999121,-0.159994
-1.6997121,-0.191993
-1.6995121,-0.223991
-1.6993121,-0.223991
-1.6991121,-0.191993
-1.6989121,-0.223991
-1.6987121,-0.223991
-1.6985121,-0.223991
-1.6983121,-0.223991
-1.6981121,-0.25599
-1.6979121,-0.191993
-1.6977121,-0.191993
-1.6975121,-0.25599
-1.6973121,-0.191993
-1.6971121,-0.191993
-1.6969121,-0.223991
-1.6967121,-0.159994
-1.6965121,-0.191993
-1.6963121,-0.25599
-1.6961121,-0.191993
-1.6959121,-0.223991
-1.6957121,-0.223991
-1.6955121,-0.191993
-1.6953121,-0.223991
-1.6951121,-0.223991
-1.6949121,-0.191993
-1.6947121,-0.191993
-1.6945121,-0.191993
-1.6943121,-0.191993
-1.6941121,-0.191993
-1.6939121,-0.159994
-1.6937121,-0.191993
-1.6935121,-0.223991
-1.6933121,-0.191993
-1.6931121,-0.159994
-1.6929121,-0.191993
-1.6927121,-0.191993
-1.6925121,-0.159994
-1.6923121,-0.159994
-1.6921121,-0.191993
-1.6919121,-0.127995
-1.6917121,-0.159994
-1.6915121,-0.0959963
-1.6913121,-0.127995
-1.6911121,-0.191993
-1.6909121,-0.159994
-1.6907121,-0.159994
-1.6905121,-0.159994
-1.6903121,-0.127995
-1.6901121,-0.159994
-1.6899121,-0.127995
-1.6897121,-0.159994
-1.6895121,-0.127995
-1.6893121,-0.159994
-1.6891121,-0.127995
-1.6889121,-0.0959963
-1.6887121,-0.159994
-1.6885121,-0.127995
-1.6883121,-0.127995
-1.6881121,-0.127995
-1.6879121,-0.159994
-1.6877121,-0.0959963
-1.6875121,-0.127995
-1.6873121,-0.127995
-1.6871121,-0.127995
-1.6869121,-0.159994
-1.6867121,-0.127995
-1.6865121,-0.0639975
-1.6863121,-0.127995
-1.6861121,-0.127995
-1.6859121,-0.0959963
-1.6857121,-0.0959963
-1.6855121,-0.127995
-1.6853121,-0.0959963
-1.6851121,-0.159994
-1.6849121,-0.0959963
-1.6847121,-0.0959963
-1.6845121,-0.127995
-1.6843121,-0.0959963
-1.6841121,-0.0959963
-1.6839121,-0.127995
-1.6837121,-0.127995
-1.6835121,-0.0959963
-1.6833121,-0.159994
-1.6831121,-0.0959963
-1.6829121,-0.0319988
-1.6827121,-0.127995
-1.6825121,-0.0959963
-1.6823121,-0.0959963
-1.6821121,-0.0959963
-1.6819121,-0.127995
-1.6817121,-0.0959963
-1.6815121,-0.0959963
-1.6813121,-0.0639975
-1.6811121,-0.0639975
-1.6809121,-0.127995
-1.6807121,-0.0319988
-1.6805121,-0.0959963
-1.6803121,-0.0639975
-1.6801121,-0.0959963
-1.6799121,-0.0639975
-1.6797121,-0.0959963
-1.6795121,-0.0639975
-1.6793121,-0.0639975
-1.6791121,-0.0639975
-1.6789121,-0.0639975
-1.6787121,-0.0959963
-1.6785121,-0.0639975
-1.6783121,-0.0319988
-1.6781121,-0.0639975
-1.6779121,-0.0959963
-1.6777121,-0.0639975
-1.6775121,-0.0639975
-1.6773121,-0.0639975
-1.6771121,-0.0959963
-1.6769121,-0.0959963
-1.6767121,-0.0639975
-1.6765121,0
-1.6763121,-0.0639975
-1.6761121,-0.0639975
-1.6759121,-0.0319988
-1.6757121,-0.0639975
-1.6755121,-0.0959963
-1.6753121,-0.0639975
-1.6751121,-0.0319988
-1.6749121,-0.0959963
-1.6747121,-0.0639975
-1.6745121,-0.0959963
-1.6743121,-0.0959963
-1.6741121,-0.0639975
-1.6739121,-0.0639975
-1.6737121,-0.0959963
-1.6735121,-0.0639975
-1.6733121,-0.0639975
-1.6731121,-0.0959963
-1.6729121,-0.0639975
-1.6727121,0
-1.6725121,-0.0639975
-1.6723121,-0.0319988
-1.6721121,-0.0319988
-1.6719121,-0.0959963
-1.6717121,-0.0319988
-1.6715121,-0.0639975
-1.6713121,-0.0639975
-1.6711121,-0.0639975
-1.6709121,-0.0319988
-1.6707121,-0.0959963
-1.6705121,-0.0319988
-1.6703121,-0.0319988
-1.6701121,-0.0639975
-1.6699121,-0.0319988
-1.6697121,-0.0319988
-1.6695121,-0.0639975
-1.6693121,-0.0319988
-1.6691121,-0.0319988
-1.6689121,-0.0959963
-1.6687121,0
-1.6685121,0
-1.6683121,-0.0319988
-1.6681121,-0.0319988
-1.6679121,-0.0319988
-1.6677121,-0.0639975
-1.6675121,-0.0319988
-1.6673121,0
-1.6671121,0
-1.6669121,-0.0319988
-1.6667121,0
-1.6665121,-0.0319988
-1.6663121,-0.0319988
-1.6661121,0.0319988
-1.6659121,0
-1.6657121,0
-1.6655121,0
-1.6653121,-0.0639975
-1.6651121,0
-1.6649121,0
-1.6647121,-0.0639975
-1.6645121,0.0319988
-1.6643121,0.0319988
-1.6641121,-0.0319988
-1.6639121,0
-1.6637121,0.0319988
-1.6635121,-0.0319988
-1.6633121,0
-1.6631121,0
-1.6629121,-0.0319988
-1.6627121,0.0319988
-1.6625121,0
-1.6623121,-0.0639975
-1.6621121,0.0319988
-1.6619121,0.0319988
-1.6617121,0
-1.6615121,0
-1.6613121,0.0319988
-1.6611121,-0.0319988
-1.6609121,0.0639975
-1.6607121,0
-1.6605121,-0.0319988
-1.6603121,0.0319988
-1.6601121,0
-1.6599121,0.0319988
-1.6597121,0.0319988
-1.6595121,0
-1.6593121,0.0319988
-1.6591121,0.0319988
-1.6589121,0.0319988
-1.6587121,0
-1.6585121,0.0319988
-1.6583121,0.0319988
-1.6581121,0
-1.6579121,0.0319988
-1.6577121,0.0319988
-1.6575121,0
-1.6573121,0.0639975
-1.6571121,0.0319988
-1.6569121,0
-1.6567121,0
-1.6565121,0.0639975
-1.6563121,-0.0319988
-1.6561121,0.0319988
-1.6559121,0.0319988
-1.6557121,0
-1.6555121,0
-1.6553121,0
-1.6551121,0
-1.6549121,0.0639975
-1.6547121,0.0319988
-1.6545121,-0.0319988
-1.6543121,0
-1.6541121,0.0319988
-1.6539121,0.0319988
-1.6537121,0.0319988
-1.6535121,0.0639975
-1.6533121,0
-1.6531121,0.0319988
-1.6529121,0.0319988
-1.6527121,0
-1.6525121,0.0319988
-1.6523121,0.0319988
-1.6521121,0.0319988
-1.6519121,0.0319988
-1.6517121,0.0319988
-1.6515121,0
-1.6513121,0.0319988
-1.6511121,0.0319988
-1.6509121,-0.0319988
-1.6507121,0.0319988
-1.6505121,0.0639975
-1.6503121,0
-1.6501121,0.0319988
-1.6499121,0.0319988
-1.6497121,0.0319988
-1.6495121,0.0639975
-1.6493121,0.0319988
-1.6491121,0
-1.6489121,0.0639975
-1.6487121,0.0319988
-1.6485121,0.0319988
-1.6483121,0.0319988
-1.6481121,0.0319988
-1.6479121,-0.0319988
-1.6477121,0
-1.6475121,0.0319988
-1.6473121,0
-1.6471121,0.0319988
-1.6469121,0
-1.6467121,-0.0319988
-1.6465121,0.0639975
-1.6463121,0.0319988
-1.6461121,0
-1.6459121,0.0319988
-1.6457121,0.0319988
-1.6455121,0
-1.6453121,0
-1.6451121,0.0319988
-1.6449121,0
-1.6447121,0
-1.6445121,0.0319988
-1.6443121,0
-1.6441121,0.0319988
-1.6439121,0.0639975
-1.6437121,0
-1.6435121,0.0319988
-1.6433121,0.0639975
-1.6431121,-0.0319988
-1.6429121,0.0319988
-1.6427121,0
-1.6425121,0
-1.6423121,0.0319988
-1.6421121,0.0319988
-1.6419121,0.0319988
-1.6417121,0.0319988
-1.6415121,0
-1.6413121,0
-1.6411121,0.0319988
-1.6409121,0.0319988
-1.6407121,-0.0319988
-1.6405121,0
-1.6403121,0.0319988
-1.6401121,0.0639975
-1.6399121,0.0319988
-1.6397121,0
-1.6395121,0
-1.6393121,0.0319988
-1.6391121,0.0319988
-1.6389121,0
-1.6387121,0.0319988
-1.6385121,0
-1.6383121,-0.0319988
-1.6381121,0.0319988
-1.6379121,-0.0319988
-1.6377121,0
-1.6375121,0.0319988
-1.6373121,0.0319988
-1.6371121,0.0319988
-1.6369121,0.0319988
-1.6367121,0.0319988
-1.6365121,-0.0319988
-1.6363121,0
-1.6361121,0.0319988
-1.6359121,0
-1.6357121,0
-1.6355121,0
-1.6353121,0.0319988
-1.6351121,0.0319988
-1.6349121,0.0639975
-1.6347121,-0.0319988
-1.6345121,0.0319988
-1.6343121,0.0319988
-1.6341121,0.0319988
-1.6339121,0
-1.6337121,0
-1.6335121,0
-1.6333121,0.0639975
-1.6331121,0.0639975
-1.6329121,0
-1.6327121,0.0319988
-1.6325121,0.0319988
-1.6323121,0
-1.6321121,0.0319988
-1.6319121,0
-1.6317121,0
-1.6315121,-0.0319988
-1.6313121,0
-1.6311121,0.0319988
-1.6309121,0.0319988
-1.6307121,0
-1.6305121,0
-1.6303121,-0.0319988
-1.6301121,0.0319988
-1.6299121,-0.0319988
-1.6297121,0
-1.6295121,0
-1.6293121,0
-1.6291121,-0.0319988
-1.6289121,0
-1.6287121,-0.0319988
-1.6285121,0
-1.6283121,0.0319988
-1.6281121,0
-1.6279121,0.0319988
-1.6277121,0
-1.6275121,0.0319988
-1.6273121,0.0319988
-1.6271121,0
-1.6269121,-0.0319988
-1.6267121,0
-1.6265121,0.0319988
-1.6263121,0.0319988
-1.6261121,0.0319988
-1.6259121,0
-1.6257121,-0.0319988
-1.6255121,0.0319988
-1.6253121,0
-1.6251121,0.0319988
-1.6249121,0
-1.6247121,0
-1.6245121,-0.0319988
-1.6243121,0
-1.6241121,0
-1.6239121,-0.0319988
-1.6237121,0
-1.6235121,0.0319988
-1.6233121,0
-1.6231121,0
-1.6229121,0
-1.6227121,-0.0319988
-1.6225121,0.0639975
-1.6223121,0
-1.6221121,-0.0639975
-1.6219121,0
-1.6217121,0
-1.6215121,0
-1.6213121,0.0319988
-1.6211121,0.0319988
-1.6209121,-0.0639975
-1.6207121,0
-1.6205121,0.0319988
-1.6203121,-0.0319988
-1.6201121,0.0319988
-1.6199121,0
-1.6197121,0.0319988
-1.6195121,0.0319988
-1.6193121,0.0639975
-1.6191121,0
-1.6189121,0
-1.6187121,0
-1.6185121,-0.0319988
-1.6183121,0.0319988
-1.6181121,0
-1.6179121,0
-1.6177121,0
-1.6175121,0
-1.6173121,-0.0639975
-1.6171121,-0.0319988
-1.6169121,0
-1.6167121,0
-1.6165121,0.0319988
-1.6163121,0
-1.6161121,-0.0319988
-1.6159121,0.0319988
-1.6157121,0
-1.6155121,0
-1.6153121,0
-1.6151121,0
-1.6149121,-0.0319988
-1.6147121,0
-1.6145121,-0.0319988
-1.6143121,-0.0319988
-1.6141121,0
-1.6139121,0
-1.6137121,-0.0319988
-1.6135121,0
-1.6133121,0
-1.6131121,0
-1.6129121,-0.0319988
-1.6127121,-0.0319988
-1.6125121,-0.0639975
-1.6123121,0.0319988
-1.6121121,0
-1.6119121,-0.0319988
-1.6117121,0
-1.6115121,-0.0319988
-1.6113121,0
-1.6111121,-0.0319988
-1.6109121,0
-1.6107121,-0.0639975
-1.6105121,-0.0319988
-1.6103121,0.0319988
-1.6101121,0
-1.6099121,0
-1.6097121,0
-1.6095121,-0.0639975
-1.6093121,-0.0319988
-1.6091121,0
-1.6089121,-0.0319988
-1.6087121,0
-1.6085121,0.0319988
-1.6083121,0
-1.6081121,0
-1.6079121,-0.0319988
-1.6077121,-0.0319988
-1.6075121,0
-1.6073121,0.0319988
-1.6071121,-0.0319988
-1.6069121,0
-1.6067121,-0.0319988
-1.6065121,-0.0319988
-1.6063121,-0.0319988
-1.6061121,-0.0319988
-1.6059121,0
-1.6057121,0
-1.6055121,0
-1.6053121,-0.0319988
-1.6051121,0
-1.6049121,0
-1.6047121,-0.0639975
-1.6045121,0
-1.6043121,-0.0319988
-1.6041121,0
-1.6039121,-0.0319988
-1.6037121,-0.0319988
-1.6035121,-0.0319988
-1.6033121,0
-1.6031121,0
-1.6029121,-0.0639975
-1.6027121,-0.0319988
-1.6025121,-0.0319988
-1.6023121,-0.0639975
-1.6021121,-0.0319988
-1.6019121,-0.0639975
-1.6017121,-0.0639975
-1.6015121,-0.0319988
-1.6013121,-0.0319988
-1.6011121,-0.0639975
-1.6009121,0
-1.6007121,-0.0319988
-1.6005121,-0.0319988
-1.6003121,-0.0319988
-1.6001121,-0.0319988
-1.5999121,-0.0959963
-1.5997121,0
-1.5995121,-0.0319988
-1.5993121,-0.127995
-1.5991121,-0.0319988
-1.5989121,-0.0319988
-1.5987121,-0.0959963
-1.5985121,-0.0639975
-1.5983121,-0.0319988
-1.5981121,-0.0639975
-1.5979121,0
-1.5977121,-0.0959963
-1.5975121,-0.0639975
-1.5973121,-0.0959963
-1.5971121,-0.0639975
-1.5969121,-0.0959963
-1.5967121,-0.0639975
-1.5965121,-0.0639975
-1.5963121,-0.0959963
-1.5961121,0
-1.5959121,-0.0319988
-1.5957121,-0.0639975
-1.5955121,-0.0959963
-1.5953121,-0.0319988
-1.5951121,-0.0319988
-1.5949121,-0.0639975
-1.5947121,-0.0639975
-1.5945121,-0.0319988
-1.5943121,-0.0319988
-1.5941121,-0.0959963
-1.5939121,-0.0959963
-1.5937121,-0.0639975
-1.5935121,-0.0639975
-1.5933121,-0.0959963
-1.5931121,-0.0319988
-1.5929121,-0.0319988
-1.5927121,-0.0639975
-1.5925121,-0.0319988
-1.5923121,-0.0959963
-1.5921121,-0.0959963
-1.5919121,-0.0959963
-1.5917121,-0.0319988
-1.5915121,-0.0959963
-1.5913121,-0.0639975
-1.5911121,-0.0959963
-1.5909121,-0.0959963
-1.5907121,-0.0639975
-1.5905121,-0.0959963
-1.5903121,-0.0959963
-1.5901121,-0.0639975
-1.5899121,-0.0959963
-1.5897121,-0.0639975
-1.5895121,-0.0959963
-1.5893121,-0.0639975
-1.5891121,-0.127995
-1.5889121,-0.0639975
-1.5887121,-0.0959963
-1.5885121,-0.0959963
-1.5883121,-0.0639975
-1.5881121,-0.159994
-1.5879121,-0.127995
-1.5877121,-0.0959963
-1.5875121,-0.0639975
-1.5873121,-0.127995
-1.5871121,-0.0639975
-1.5869121,-0.0959963
-1.5867121,-0.0959963
-1.5865121,-0.0959963
-1.5863121,-0.0959963
-1.5861121,-0.127995
-1.5859121,-0.0959963
-1.5857121,-0.0959963
-1.5855121,-0.127995
-1.5853121,-0.127995
-1.5851121,-0.127995
-1.5849121,-0.159994
-1.5847121,-0.0639975
-1.5845121,-0.127995
-1.5843121,-0.127995
-1.5841121,-0.0959963
-1.5839121,-0.127995
-1.5837121,-0.127995
-1.5835121,-0.127995
-1.5833121,-0.0959963
-1.5831121,-0.127995
-1.5829121,-0.0959963
-1.5827121,-0.0959963
-1.5825121,-0.127995
-1.5823121,-0.159994
-1.5821121,-0.127995
-1.5819121,-0.159994
-1.5817121,-0.0959963
-1.5815121,-0.127995
-1.5813121,-0.0959963
-1.5811121,-0.127995
-1.5809121,-0.127995
-1.5807121,-0.159994
-1.5805121,-0.0959963
-1.5803121,-0.127995
-1.5801121,-0.159994
-1.5799121,-0.0959963
-1.5797121,-0.127995
-1.5795121,-0.127995
-1.5793121,-0.127995
-1.5791121,-0.127995
-1.5789121,-0.159994
-1.5787121,-0.127995
-1.5785121,-0.127995
-1.5783121,-0.191993
-1.5781121,-0.127995
-1.5779121,-0.127995
-1.5777121,-0.159994
-1.5775121,-0.127995
-1.5773121,-0.127995
-1.5771121,-0.127995
-1.5769121,-0.127995
-1.5767121,-0.159994
-1.5765121,-0.191993
-1.5763121,-0.159994
-1.5761121,-0.159994
-1.5759121,-0.159994
-1.5757121,-0.159994
-1.5755121,-0.159994
-1.5753121,-0.191993
-1.5751121,-0.127995
-1.5749121,-0.127995
-1.5747121,-0.159994
-1.5745121,-0.0959963
-1.5743121,-0.127995
-1.5741121,-0.191993
-1.5739121,-0.159994
-1.5737121,-0.127995
-1.5735121,-0.127995
-1.5733121,-0.127995
-1.5731121,-0.127995
-1.5729121,-0.159994
-1.5727121,-0.127995
-1.5725121,-0.0959963
-1.5723121,-0.191993
-1.5721121,-0.0959963
-1.5719121,-0.127995
-1.5717121,-0.191993
-1.5715121,-0.0959963
-1.5713121,-0.127995
-1.5711121,-0.159994
-1.5709121,-0.159994
-1.5707121,-0.127995
-1.5705121,-0.159994
-1.5703121,-0.159994
-1.5701121,-0.191993
-1.5699121,-0.191993
-1.5697121,-0.159994
-1.5695121,-0.159994
-1.5693121,-0.191993
-1.5691121,-0.159994
-1.5689121,-0.191993
-1.5687121,-0.191993
-1.5685121,-0.159994
-1.5683121,-0.191993
-1.5681121,-0.191993
-1.5679121,-0.159994
-1.5677121,-0.127995
-1.5675121,-0.191993
-1.5673121,-0.191993
-1.5671121,-0.191993
-1.5669121,-0.159994
-1.5667121,-0.159994
-1.5665121,-0.127995
-1.5663121,-0.159994
-1.5661121,-0.191993
-1.5659121,-0.0959963
-1.5657121,-0.159994
-1.5655121,-0.159994
-1.5653121,-0.159994
-1.5651121,-0.191993
-1.5649121,-0.191993
-1.5647121,-0.159994
-1.5645121,-0.223991
-1.5643121,-0.191993
-1.5641121,-0.159994
-1.5639121,-0.191993
-1.5637121,-0.159994
-1.5635121,-0.159994
-1.5633121,-0.223991
-1.5631121,-0.191993
-1.5629121,-0.191993
-1.5627121,-0.191993
-1.5625121,-0.159994
-1.5623121,-0.191993
-1.5621121,-0.191993
-1.5619121,-0.191993
-1.5617121,-0.191993
-1.5615121,-0.191993
-1.5613121,-0.191993
-1.5611121,-0.159994
-1.5609121,-0.191993
-1.5607121,-0.191993
-1.5605121,-0.191993
-1.5603121,-0.159994
-1.5601121,-0.191993
-1.5599121,-0.191993
-1.5597121,-0.191993
-1.5595121,-0.191993
-1.5593121,-0.159994
-1.5591121,-0.191993
-1.5589121,-0.223991
-1.5587121,-0.159994
-1.5585121,-0.191993
-1.5583121,-0.159994
-1.5581121,-0.127995
-1.5579121,-0.191993
-1.5577121,-0.159994
-1.5575121,-0.191993
-1.5573121,-0.159994
-1.5571121,-0.191993
-1.5569121,-0.223991
-1.5567121,-0.191993
-1.5565121,-0.159994
-1.5563121,-0.159994
-1.5561121,-0.159994
-1.5559121,-0.191993
-1.5557121,-0.159994
-1.5555121,-0.223991
-1.5553121,-0.159994
-1.5551121,-0.191993
-1.5549121,-0.223991
-1.5547121,-0.191993
-1.5545121,-0.127995
-1.5543121,-0.191993
-1.5541121,-0.191993
-1.5539121,-0.191993
-1.5537121,-0.191993
-1.5535121,-0.223991
-1.5533121,-0.191993
-1.5531121,-0.223991
-1.5529121,-0.223991
-1.5527121,-0.191993
-1.5525121,-0.223991
-1.5523121,-0.223991
-1.5521121,-0.191993
-1.5519121,-0.223991
-1.5517121,-0.223991
-1.5515121,-0.191993
-1.5513121,-0.25599
-1.5511121,-0.25599
-1.5509121,-0.191993
-1.5507121,-0.25599
-1.5505121,-0.25599
-1.5503121,-0.223991
-1.5501121,-0.223991
-1.5499121,-0.223991
-1.5497121,-0.223991
-1.5495121,-0.223991
-1.5493121,-0.25599
-1.5491121,-0.223991
-1.5489121,-0.287989
-1.5487121,-0.287989
-1.5485121,-0.25599
-1.5483121,-0.25599
-1.5481121,-0.223991
-1.5479121,-0.191993
-1.5477121,-0.25599
-1.5475121,-0.223991
-1.5473121,-0.223991
-1.5471121,-0.25599
-1.5469121,-0.25599
-1.5467121,-0.223991
-1.5465121,-0.223991
-1.5463121,-0.287989
-1.5461121,-0.25599
-1.5459121,-0.319988
-1.5457121,-0.287989
-1.5455121,-0.287989
-1.5453121,-0.287989
-1.5451121,-0.287989
-1.5449121,-0.287989
-1.5447121,-0.25599
-1.5445121,-0.287989
-1.5443121,-0.223991
-1.5441121,-0.287989
-1.5439121,-0.319988
-1.5437121,-0.287989
-1.5435121,-0.25599
-1.5433121,-0.287989
-1.5431121,-0.223991
-1.5429121,-0.25599
-1.5427121,-0.287989
-1.5425121,-0.25599
-1.5423121,-0.287989
-1.5421121,-0.25599
-1.5419121,-0.287989
-1.5417121,-0.191993
-1.5415121,-0.287989
-1.5413121,-0.25599
-1.5411121,-0.287989
-1.5409121,-0.287989
-1.5407121,-0.287989
-1.5405121,-0.287989
-1.5403121,-0.287989
-1.5401121,-0.25599
-1.5399121,-0.287989
-1.5397121,-0.319988
-1.5395121,-0.287989
-1.5393121,-0.319988
-1.5391121,-0.287989
-1.5389121,-0.319988
-1.5387121,-0.287989
-1.5385121,-0.287989
-1.5383121,-0.319988
-1.5381121,-0.287989
-1.5379121,-0.287989
-1.5377121,-0.319988
-1.5375121,-0.25599
-1.5373121,-0.319988
-1.5371121,-0.25599
-1.5369121,-0.25599
-1.5367121,-0.287989
-1.5365121,-0.25599
-1.5363121,-0.319988
-1.5361121,-0.287989
-1.5359121,-0.287989
-1.5357121,-0.319988
-1.5355121,-0.319988
-1.5353121,-0.319988
-1.5351121,-0.287989
-1.5349121,-0.319988
-1.5347121,-0.287989
-1.5345121,-0.319988
-1.5343121,-0.319988
-1.5341121,-0.287989
-1.5339121,-0.25599
-1.5337121,-0.25599
-1.5335121,-0.319988
-1.5333121,-0.319988
-1.5331121,-0.351986
-1.5329121,-0.319988
-1.5327121,-0.287989
-1.5325121,-0.351986
-1.5323121,-0.319988
-1.5321121,-0.351986
-1.5319121,-0.351986
-1.5317121,-0.319988
-1.5315121,-0.319988
-1.5313121,-0.383985
-1.5311121,-0.383985
-1.5309121,-0.351986
-1.5307121,-0.383985
-1.5305121,-0.351986
-1.5303121,-0.319988
-1.5301121,-0.351986
-1.5299121,-0.383985
-1.5297121,-0.351986
-1.5295121,-0.383985
-1.5293121,-0.383985
-1.5291121,-0.319988
-1.5289121,-0.351986
-1.5287121,-0.351986
-1.5285121,-0.319988
-1.5283121,-0.351986
-1.5281121,-0.287989
-1.5279121,-0.319988
-1.5277121,-0.383985
-1.5275121,-0.383985
-1.5273121,-0.351986
-1.5271121,-0.351986
-1.5269121,-0.351986
-1.5267121,-0.383985
-1.5265121,-0.383985
-1.5263121,-0.383985
-1.5261121,-0.319988
-1.5259121,-0.351986
-1.5257121,-0.383985
-1.5255121,-0.351986
-1.5253121,-0.383985
-1.5251121,-0.415984
-1.5249121,-0.383985
-1.5247121,-0.383985
-1.5245121,-0.383985
-1.5243121,-0.351986
-1.5241121,-0.351986
-1.5239121,-0.415984
-1.5237121,-0.351986
-1.5235121,-0.383985
-1.5233121,-0.351986
-1.5231121,-0.351986
-1.5229121,-0.319988
-1.5227121,-0.351986
-1.5225121,-0.351986
-1.5223121,-0.383985
-1.5221121,-0.383985
-1.5219121,-0.319988
-1.5217121,-0.383985
-1.5215121,-0.383985
-1.5213121,-0.351986
-1.5211121,-0.351986
-1.5209121,-0.415984
-1.5207121,-0.351986
-1.5205121,-0.351986
-1.5203121,-0.319988
-1.5201121,-0.351986
-1.5199121,-0.383985
-1.5197121,-0.415984
-1.5195121,-0.351986
-1.5193121,-0.351986
-1.5191121,-0.383985
-1.5189121,-0.383985
-1.5187121,-0.351986
-1.5185121,-0.383985
-1.5183121,-0.351986
-1.5181121,-0.383985
-1.5179121,-0.351986
-1.5177121,-0.351986
-1.5175121,-0.351986
-1.5173121,-0.415984
-1.5171121,-0.351986
-1.5169121,-0.383985
-1.5167121,-0.415984
-1.5165121,-0.415984
-1.5163121,-0.415984
-1.5161121,-0.383985
-1.5159121,-0.383985
-1.5157121,-0.383985
-1.5155121,-0.383985
-1.5153121,-0.383985
-1.5151121,-0.415984
-1.5149121,-0.415984
-1.5147121,-0.383985
-1.5145121,-0.415984
-1.5143121,-0.351986
-1.5141121,-0.351986
-1.5139121,-0.415984
-1.5137121,-0.383985
-1.5135121,-0.383985
-1.5133121,-0.415984
-1.5131121,-0.415984
-1.5129121,-0.415984
-1.5127121,-0.415984
-1.5125121,-0.383985
-1.5123121,-0.351986
-1.5121121,-0.447983
-1.5119121,-0.351986
-1.5117121,-0.415984
-1.5115121,-0.383985
-1.5113121,-0.415984
-1.5111121,-0.383985
-1.5109121,-0.383985
-1.5107121,-0.383985
-1.5105121,-0.383985
-1.5103121,-0.383985
-1.5101121,-0.383985
-1.5099121,-0.383985
-1.5097121,-0.383985
-1.5095121,-0.383985
-1.5093121,-0.351986
-1.5091121,-0.415984
-1.5089121,-0.383985
-1.5087121,-0.383985
-1.5085121,-0.383985
-1.5083121,-0.415984
-1.5081121,-0.383985
-1.5079121,-0.415984
-1.5077121,-0.383985
-1.5075121,-0.415984
-1.5073121,-0.383985
-1.5071121,-0.447983
-1.5069121,-0.351986
-1.5067121,-0.415984
-1.5065121,-0.319988
-1.5063121,-0.319988
-1.5061121,-0.415984
-1.5059121,-0.351986
-1.5057121,-0.351986
-1.5055121,-0.383985
-1.5053121,-0.383985
-1.5051121,-0.351986
-1.5049121,-0.383985
-1.5047121,-0.415984
-1.5045121,-0.383985
-1.5043121,-0.383985
-1.5041121,-0.383985
-1.5039121,-0.351986
-1.5037121,-0.351986
-1.5035121,-0.351986
-1.5033121,-0.351986
-1.5031121,-0.383985
-1.5029121,-0.351986
-1.5027121,-0.415984
-1.5025121,-0.415984
-1.5023121,-0.351986
-1.5021121,-0.351986
-1.5019121,-0.351986
-1.5017121,-0.383985
-1.5015121,-0.351986
-1.5013121,-0.319988
-1.5011121,-0.415984
-1.5009121,-0.383985
-1.5007121,-0.383985
-1.5005121,-0.383985
-1.5003121,-0.351986
-1.5001121,-0.351986
-1.4999121,-0.351986
-1.4997121,-0.319988
-1.4995121,-0.383985
-1.4993121,-0.351986
-1.4991121,-0.319988
-1.4989121,-0.287989
-1.4987121,-0.351986
-1.4985121,-0.351986
-1.4983121,-0.383985
-1.4981121,-0.319988
-1.4979121,-0.351986
-1.4977121,-0.351986
-1.4975121,-0.351986
-1.4973121,-0.319988
-1.4971121,-0.351986
-1.4969121,-0.319988
-1.4967121,-0.351986
-1.4965121,-0.319988
-1.4963121,-0.287989
-1.4961121,-0.319988
-1.4959121,-0.351986
-1.4957121,-0.351986
-1.4955121,-0.351986
-1.4953121,-0.287989
-1.4951121,-0.319988
-1.4949121,-0.319988
-1.4947121,-0.319988
-1.4945121,-0.319988
-1.4943121,-0.319988
-1.4941121,-0.319988
-1.4939121,-0.287989
-1.4937121,-0.319988
-1.4935121,-0.287989
-1.4933121,-0.25599
-1.4931121,-0.287989
-1.4929121,-0.351986
-1.4927121,-0.287989
-1.4925121,-0.287989
-1.4923121,-0.25599
-1.4921121,-0.25599
-1.4919121,-0.25599
-1.4917121,-0.319988
-1.4915121,-0.223991
-1.4913121,-0.319988
-1.4911121,-0.287989
-1.4909121,-0.319988
-1.4907121,-0.287989
-1.4905121,-0.287989
-1.4903121,-0.25599
-1.4901121,-0.25599
-1.4899121,-0.287989
-1.4897121,-0.287989
-1.4895121,-0.287989
-1.4893121,-0.287989
-1.4891121,-0.287989
-1.4889121,-0.287989
-1.4887121,-0.25599
-1.4885121,-0.25599
-1.4883121,-0.223991
-1.4881121,-0.25599
-1.4879121,-0.287989
-1.4877121,-0.287989
-1.4875121,-0.25599
-1.4873121,-0.25599
-1.4871121,-0.25599
-1.4869121,-0.223991
-1.4867121,-0.25599
-1.4865121,-0.287989
-1.4863121,-0.25599
-1.4861121,-0.25599
-1.4859121,-0.25599
-1.4857121,-0.25599
-1.4855121,-0.25599
-1.4853121,-0.287989
-1.4851121,-0.287989
-1.4849121,-0.287989
-1.4847121,-0.25599
-1.4845121,-0.223991
-1.4843121,-0.191993
-1.4841121,-0.223991
-1.4839121,-0.223991
-1.4837121,-0.25599
-1.4835121,-0.25599
-1.4833121,-0.25599
-1.4831121,-0.191993
-1.4829121,-0.191993
-1.4827121,-0.191993
-1.4825121,-0.191993
-1.4823121,-0.25599
-1.4821121,-0.191993
-1.4819121,-0.159994
-1.4817121,-0.191993
-1.4815121,-0.191993
-1.4813121,-0.223991
-1.4811121,-0.25599
-1.4809121,-0.191993
-1.4807121,-0.159994
-1.4805121,-0.25599
-1.4803121,-0.191993
-1.4801121,-0.191993
-1.4799121,-0.191993
-1.4797121,-0.159994
-1.4795121,-0.159994
-1.4793121,-0.191993
-1.4791121,-0.191993
-1.4789121,-0.159994
-1.4787121,-0.191993
-1.4785121,-0.159994
-1.4783121,-0.159994
-1.4781121,-0.127995
-1.4779121,-0.127995
-1.4777121,-0.191993
-1.4775121,-0.159994
-1.4773121,-0.159994
-1.4771121,-0.159994
-1.4769121,-0.159994
-1.4767121,-0.191993
-1.4765121,-0.159994
-1.4763121,-0.159994
-1.4761121,-0.159994
-1.4759121,-0.159994
-1.4757121,-0.159994
-1.4755121,-0.0959963
-1.4753121,-0.0959963
-1.4751121,-0.127995
-1.4749121,-0.127995
-1.4747121,-0.0639975
-1.4745121,-0.127995
-1.4743121,-0.127995
-1.4741121,-0.0959963
-1.4739121,-0.0959963
-1.4737121,-0.0959963
-1.4735121,-0.0959963
-1.4733121,-0.127995
-1.4731121,-0.0319988
-1.4729121,-0.127995
-1.4727121,-0.0959963
-1.4725121,-0.0639975
-1.4723121,-0.0639975
-1.4721121,-0.0319988
-1.4719121,0
-1.4717121,-0.0959963
-1.4715121,-0.0639975
-1.4713121,-0.0639975
-1.4711121,-0.0639975
-1.4709121,-0.0639975
-1.4707121,-0.0319988
-1.4705121,-0.0319988
-1.4703121,-0.0639975
-1.4701121,0
-1.4699121,-0.0319988
-1.4697121,0
-1.4695121,-0.0319988
-1.4693121,-0.0639975
-1.4691121,-0.0959963
-1.4689121,0
-1.4687121,0.0319988
-1.4685121,-0.0639975
-1.4683121,0.0319988
-1.4681121,0
-1.4679121,-0.0319988
-1.4677121,0
-1.4675121,0
-1.4673121,0
-1.4671121,0.0319988
-1.4669121,0.0319988
-1.4667121,0
-1.4665121,0.0319988
-1.4663121,0
-1.4661121,0
-1.4659121,0.0319988
-1.4657121,0.0319988
-1.4655121,-0.0319988
-1.4653121,0.0319988
-1.4651121,0.0319988
-1.4649121,0.0639975
-1.4647121,0.0959963
-1.4645121,0.0639975
-1.4643121,0.0639975
-1.4641121,0.0959963
-1.4639121,0.0639975
-1.4637121,0.0639975
-1.4635121,0.127995
-1.4633121,0.0959963
-1.4631121,0.0639975
-1.4629121,0.0959963
-1.4627121,0.0639975
-1.4625121,0.127995
-1.4623121,0.0959963
-1.4621121,0.0639975
-1.4619121,0.0639975
-1.4617121,0.0959963
-1.4615121,0.0639975
-1.4613121,0.0959963
-1.4611121,0.0639975
-1.4609121,0.127995
-1.4607121,0.0959963
-1.4605121,0.191993
-1.4603121,0.0959963
-1.4601121,0.127995
-1.4599121,0.127995
-1.4597121,0.127995
-1.4595121,0.127995
-1.4593121,0.159994
-1.4591121,0.159994
-1.4589121,0.127995
-1.4587121,0.127995
-1.4585121,0.127995
-1.4583121,0.0959963
-1.4581121,0.159994
-1.4579121,0.127995
-1.4577121,0.159994
-1.4575121,0.191993
-1.4573121,0.191993
-1.4571121,0.191993
-1.4569121,0.223991
-1.4567121,0.159994
-1.4565121,0.159994
-1.4563121,0.223991
-1.4561121,0.191993
-1.4559121,0.191993
-1.4557121,0.191993
-1.4555121,0.191993
-1.4553121,0.159994
-1.4551121,0.223991
-1.4549121,0.191993
-1.4547121,0.223991
-1.4545121,0.191993
-1.4543121,0.191993
-1.4541121,0.223991
-1.4539121,0.223991
-1.4537121,0.223991
-1.4535121,0.223991
-1.4533121,0.223991
-1.4531121,0.223991
-1.4529121,0.223991
-1.4527121,0.25599
-1.4525121,0.25599
-1.4523121,0.223991
-1.4521121,0.223991
-1.4519121,0.191993
-1.4517121,0.223991
-1.4515121,0.25599
-1.4513121,0.25599
-1.4511121,0.287989
-1.4509121,0.223991
-1.4507121,0.25599
-1.4505121,0.191993
-1.4503121,0.25599
-1.4501121,0.25599
-1.4499121,0.191993
-1.4497121,0.287989
-1.4495121,0.25599
-1.4493121,0.223991
-1.4491121,0.25599
-1.4489121,0.287989
-1.4487121,0.25599
-1.4485121,0.25599
-1.4483121,0.287989
-1.4481121,0.287989
-1.4479121,0.319988
-1.4477121,0.319988
-1.4475121,0.25599
-1.4473121,0.319988
-1.4471121,0.319988
-1.4469121,0.319988
-1.4467121,0.287989
-1.4465121,0.287989
-1.4463121,0.25599
-1.4461121,0.25599
-1.4459121,0.319988
-1.4457121,0.287989
-1.4455121,0.351986
-1.4453121,0.287989
-1.4451121,0.287989
-1.4449121,0.319988
-1.4447121,0.319988
-1.4445121,0.319988
-1.4443121,0.351986
-1.4441121,0.287989
-1.4439121,0.287989
-1.4437121,0.319988
-1.4435121,0.287989
-1.4433121,0.319988
-1.4431121,0.319988
-1.4429121,0.319988
-1.4427121,0.319988
-1.4425121,0.351986
-1.4423121,0.319988
-1.4421121,0.319988
-1.4419121,0.319988
-1.4417121,0.319988
-1.4415121,0.351986
-1.4413121,0.351986
-1.4411121,0.351986
-1.4409121,0.319988
-1.4407121,0.351986
-1.4405121,0.319988
-1.4403121,0.319988
-1.4401121,0.351986
-1.4399121,0.415984
-1.4397121,0.319988
-1.4395121,0.415984
-1.4393121,0.351986
-1.4391121,0.319988
-1.4389121,0.383985
-1.4387121,0.351986
-1.4385121,0.351986
-1.4383121,0.351986
-1.4381121,0.351986
-1.4379121,0.351986
-1.4377121,0.383985
-1.4375121,0.351986
-1.4373121,0.383985
-1.4371121,0.415984
-1.4369121,0.383985
-1.4367121,0.351986
-1.4365121,0.415984
-1.4363121,0.415984
-1.4361121,0.383985
-1.4359121,0.415984
-1.4357121,0.383985
-1.4355121,0.351986
-1.4353121,0.415984
-1.4351121,0.415984
-1.4349121,0.383985
-1.4347121,0.415984
-1.4345121,0.319988
-1.4343121,0.351986
-1.4341121,0.415984
-1.4339121,0.447983
-1.4337121,0.351986
-1.4335121,0.415984
-1.4333121,0.415984
-1.4331121,0.383985
-1.4329121,0.383985
-1.4327121,0.447983
-1.4325121,0.383985
-1.4323121,0.447983
-1.4321121,0.383985
-1.4319121,0.383985
-1.4317121,0.415984
-1.4315121,0.415984
-1.4313121,0.415984
-1.4311121,0.383985
-1.4309121,0.415984
-1.4307121,0.383985
-1.4305121,0.447983
-1.4303121,0.383985
-1.4301121,0.383985
-1.4299121,0.415984
-1.4297121,0.351986
-1.4295121,0.415984
-1.4293121,0.447983
-1.4291121,0.415984
-1.4289121,0.383985
-1.4287121,0.447983
-1.4285121,0.415984
-1.4283121,0.383985
-1.4281121,0.447983
-1.4279121,0.383985
-1.4277121,0.415984
-1.4275121,0.447983
-1.4273121,0.415984
-1.4271121,0.415984
-1.4269121,0.415984
-1.4267121,0.447983
-1.4265121,0.447983
-1.4263121,0.415984
-1.4261121,0.415984
-1.4259121,0.447983
-1.4257121,0.447983
-1.4255121,0.479982
-1.4253121,0.447983
-1.4251121,0.447983
-1.4249121,0.447983
-1.4247121,0.447983
-1.4245121,0.479982
-1.4243121,0.415984
-1.4241121,0.415984
-1.4239121,0.447983
-1.4237121,0.447983
-1.4235121,0.415984
-1.4233121,0.51198
-1.4231121,0.543979
-1.4229121,0.479982
-1.4227121,0.447983
-1.4225121,0.479982
-1.4223121,0.479982
-1.4221121,0.447983
-1.4219121,0.51198
-1.4217121,0.447983
-1.4215121,0.51198
-1.4213121,0.479982
-1.4211121,0.479982
-1.4209121,0.479982
-1.4207121,0.479982
-1.4205121,0.479982
-1.4203121,0.479982
-1.4201121,0.51198
-1.4199121,0.479982
-1.4197121,0.51198
-1.4195121,0.543979
-1.4193121,0.479982
-1.4191121,0.51198
-1.4189121,0.543979
-1.4187121,0.479982
-1.4185121,0.51198
-1.4183121,0.543979
-1.4181121,0.51198
-1.4179121,0.543979
-1.4177121,0.51198
-1.4175121,0.51198
-1.4173121,0.543979
-1.4171121,0.575978
-1.4169121,0.51198
-1.4167121,0.543979
-1.4165121,0.543979
-1.4163121,0.479982
-1.4161121,0.543979
-1.4159121,0.575978
-1.4157121,0.543979
-1.4155121,0.543979
-1.4153121,0.575978
-1.4151121,0.575978
-1.4149121,0.575978
-1.4147121,0.51198
-1.4145121,0.575978
-1.4143121,0.543979
-1.4141121,0.543979
-1.4139121,0.575978
-1.4137121,0.543979
-1.4135121,0.575978
-1.4133121,0.543979
-1.4131121,0.543979
-1.4129121,0.607977
-1.4127121,0.575978
-1.4125121,0.575978
-1.4123121,0.607977
-1.4121121,0.607977
-1.4119121,0.575978
-1.4117121,0.607977
-1.4115121,0.575978
-1.4113121,0.543979
-1.4111121,0.607977
-1.4109121,0.575978
-1.4107121,0.607977
-1.4105121,0.607977
-1.4103121,0.639975
-1.4101121,0.575978
-1.4099121,0.639975
-1.4097121,0.575978
-1.4095121,0.607977
-1.4093121,0.607977
-1.4091121,0.575978
-1.4089121,0.607977
-1.4087121,0.639975
-1.4085121,0.607977
-1.4083121,0.639975
-1.4081121,0.703973
-1.4079121,0.607977
-1.4077121,0.607977
-1.4075121,0.639975
-1.4073121,0.639975
-1.4071121,0.639975
-1.4069121,0.671974
-1.4067121,0.639975
-1.4065121,0.639975
-1.4063121,0.703973
-1.4061121,0.639975
-1.4059121,0.639975
-1.4057121,0.671974
-1.4055121,0.607977
-1.4053121,0.671974
-1.4051121,0.671974
-1.4049121,0.607977
-1.4047121,0.671974
-1.4045121,0.703973
-1.4043121,0.671974
-1.4041121,0.671974
-1.4039121,0.671974
-1.4037121,0.671974
-1.4035121,0.639975
-1.4033121,0.671974
-1.4031121,0.639975
-1.4029121,0.639975
-1.4027121,0.735972
-1.4025121,0.607977
-1.4023121,0.703973
-1.4021121,0.703973
-1.4019121,0.671974
-1.4017121,0.703973
-1.4015121,0.735972
-1.4013121,0.703973
-1.4011121,0.703973
-1.4009121,0.767971
-1.4007121,0.703973
-1.4005121,0.735972
-1.4003121,0.767971
-1.4001121,0.703973
-1.3999121,0.703973
-1.3997121,0.735972
-1.3995121,0.703973
-1.3993121,0.703973
-1.3991121,0.767971
-1.3989121,0.735972
-1.3987121,0.735972
-1.3985121,0.799969
-1.3983121,0.735972
-1.3981121,0.703973
-1.3979121,0.735972
-1.3977121,0.767971
-1.3975121,0.735972
-1.3973121,0.799969
-1.3971121,0.767971
-1.3969121,0.767971
-1.3967121,0.767971
-1.3965121,0.799969
-1.3963121,0.767971
-1.3961121,0.799969
-1.3959121,0.767971
-1.3957121,0.799969
-1.3955121,0.831968
-1.3953121,0.767971
-1.3951121,0.767971
-1.3949121,0.831968
-1.3947121,0.767971
-1.3945121,0.767971
-1.3943121,0.831968
-1.3941121,0.767971
-1.3939121,0.767971
-1.3937121,0.831968
-1.3935121,0.767971
-1.3933121,0.799969
-1.3931121,0.799969
-1.3929121,0.799969
-1.3927121,0.799969
-1.3925121,0.799969
-1.3923121,0.799969
-1.3921121,0.799969
-1.3919121,0.831968
-1.3917121,0.799969
-1.3915121,0.831968
-1.3913121,0.831968
-1.3911121,0.863967
-1.3909121,0.831968
-1.3907121,0.831968
-1.3905121,0.831968
-1.3903121,0.799969
-1.3901121,0.863967
-1.3899121,0.831968
-1.3897121,0.799969
-1.3895121,0.831968
-1.3893121,0.799969
-1.3891121,0.863967
-1.3889121,0.863967
-1.3887121,0.863967
-1.3885121,0.863967
-1.3883121,0.895966
-1.3881121,0.863967
-1.3879121,0.831968
-1.3877121,0.863967
-1.3875121,0.831968
-1.3873121,0.863967
-1.3871121,0.895966
-1.3869121,0.863967
-1.3867121,0.863967
-1.3865121,0.863967
-1.3863121,0.831968
-1.3861121,0.863967
-1.3859121,0.895966
-1.3857121,0.863967
-1.3855121,0.863967
-1.3853121,0.895966
-1.3851121,0.863967
-1.3849121,0.831968
-1.3847121,0.895966
-1.3845121,0.863967
-1.3843121,0.831968
-1.3841121,0.863967
-1.3839121,0.863967
-1.3837121,0.895966
-1.3835121,0.895966
-1.3833121,0.895966
-1.3831121,0.831968
-1.3829121,0.895966
-1.3827121,0.863967
-1.3825121,0.895966
-1.3823121,0.895966
-1.3821121,0.831968
-1.3819121,0.895966
-1.3817121,0.895966
-1.3815121,0.863967
-1.3813121,0.895966
-1.3811121,0.927964
-1.3809121,0.927964
-1.3807121,0.927964
-1.3805121,0.895966
-1.3803121,0.895966
-1.3801121,0.831968
-1.3799121,0.895966
-1.3797121,0.863967
-1.3795121,0.895966
-1.3793121,0.895966
-1.3791121,0.895966
-1.3789121,0.831968
-1.3787121,0.895966
-1.3785121,0.863967
-1.3783121,0.863967
-1.3781121,0.895966
-1.3779121,0.863967
-1.3777121,0.863967
-1.3775121,0.895966
-1.3773121,0.895966
-1.3771121,0.863967
-1.3769121,0.895966
-1.3767121,0.863967
-1.3765121,0.863967
-1.3763121,0.927964
-1.3761121,0.895966
-1.3759121,0.863967
-1.3757121,0.831968
-1.3755121,0.831968
-1.3753121,0.831968
-1.3751121,0.863967
-1.3749121,0.799969
-1.3747121,0.831968
-1.3745121,0.895966
-1.3743121,0.799969
-1.3741121,0.863967
-1.3739121,0.895966
-1.3737121,0.831968
-1.3735121,0.831968
-1.3733121,0.895966
-1.3731121,0.831968
-1.3729121,0.863967
-1.3727121,0.895966
-1.3725121,0.863967
-1.3723121,0.863967
-1.3721121,0.895966
-1.3719121,0.831968
-1.3717121,0.863967
-1.3715121,0.895966
-1.3713121,0.831968
-1.3711121,0.831968
-1.3709121,0.863967
-1.3707121,0.863967
-1.3705121,0.831968
-1.3703121,0.895966
-1.3701121,0.831968
-1.3699121,0.863967
-1.3697121,0.863967
-1.3695121,0.799969
-1.3693121,0.895966
-1.3691121,0.895966
-1.3689121,0.831968
-1.3687121,0.799969
-1.3685121,0.831968
-1.3683121,0.831968
-1.3681121,0.831968
-1.3679121,0.831968
-1.3677121,0.831968
-1.3675121,0.799969
-1.3673121,0.863967
-1.3671121,0.831968
-1.3669121,0.799969
-1.3667121,0.831968
-1.3665121,0.831968
-1.3663121,0.799969
-1.3661121,0.831968
-1.3659121,0.799969
-1.3657121,0.799969
-1.3655121,0.831968
-1.3653121,0.767971
-1.3651121,0.799969
-1.3649121,0.799969
-1.3647121,0.767971
-1.3645121,0.735972
-1.3643121,0.831968
-1.3641121,0.767971
-1.3639121,0.799969
-1.3637121,0.799969
-1.3635121,0.735972
-1.3633121,0.735972
-1.3631121,0.799969
-1.3629121,0.767971
-1.3627121,0.735972
-1.3625121,0.767971
-1.3623121,0.735972
-1.3621121,0.735972
-1.3619121,0.767971
-1.3617121,0.735972
-1.3615121,0.767971
-1.3613121,0.767971
-1.3611121,0.703973
-1.3609121,0.767971
-1.3607121,0.767971
-1.3605121,0.703973
-1.3603121,0.735972
-1.3601121,0.767971
-1.3599121,0.735972
-1.3597121,0.703973
-1.3595121,0.735972
-1.3593121,0.703973
-1.3591121,0.735972
-1.3589121,0.735972
-1.3587121,0.735972
-1.3585121,0.735972
-1.3583121,0.735972
-1.3581121,0.703973
-1.3579121,0.735972
-1.3577121,0.735972
-1.3575121,0.671974
-1.3573121,0.671974
-1.3571121,0.703973
-1.3569121,0.703973
-1.3567121,0.703973
-1.3565121,0.703973
-1.3563121,0.703973
-1.3561121,0.671974
-1.3559121,0.735972
-1.3557121,0.671974
-1.3555121,0.671974
-1.3553121,0.703973
-1.3551121,0.671974
-1.3549121,0.639975
-1.3547121,0.703973
-1.3545121,0.639975
-1.3543121,0.639975
-1.3541121,0.671974
-1.3539121,0.639975
-1.3537121,0.639975
-1.3535121,0.639975
-1.3533121,0.671974
-1.3531121,0.639975
-1.3529121,0.671974
-1.3527121,0.607977
-1.3525121,0.639975
-1.3523121,0.671974
-1.3521121,0.607977
-1.3519121,0.607977
-1.3517121,0.607977
-1.3515121,0.607977
-1.3513121,0.607977
-1.3511121,0.607977
-1.3509121,0.575978
-1.3507121,0.607977
-1.3505121,0.639975
-1.3503121,0.575978
-1.3501121,0.639975
-1.3499121,0.607977
-1.3497121,0.575978
-1.3495121,0.575978
-1.3493121,0.607977
-1.3491121,0.575978
-1.3489121,0.575978
-1.3487121,0.607977
-1.3485121,0.575978
-1.3483121,0.575978
-1.3481121,0.543979
-1.3479121,0.51198
-1.3477121,0.543979
-1.3475121,0.575978
-1.3473121,0.51198
-1.3471121,0.543979
-1.3469121,0.575978
-1.3467121,0.543979
-1.3465121,0.607977
-1.3463121,0.51198
-1.3461121,0.479982
-1.3459121,0.543979
-1.3457121,0.543979
-1.3455121,0.51198
-1.3453121,0.479982
-1.3451121,0.51198
-1.3449121,0.479982
-1.3447121,0.543979
-1.3445121,0.575978
-1.3443121,0.51198
-1.3441121,0.51198
-1.3439121,0.51198
-1.3437121,0.479982
-1.3435121,0.51198
-1.3433121,0.447983
-1.3431121,0.479982
-1.3429121,0.51198
-1.3427121,0.51198
-1.3425121,0.51198
-1.3423121,0.543979
-1.3421121,0.51198
-1.3419121,0.447983
-1.3417121,0.479982
-1.3415121,0.479982
-1.3413121,0.415984
-1.3411121,0.479982
-1.3409121,0.479982
-1.3407121,0.415984
-1.3405121,0.447983
-1.3403121,0.479982
-1.3401121,0.415984
-1.3399121,0.479982
-1.3397121,0.479982
-1.3395121,0.415984
-1.3393121,0.479982
-1.3391121,0.415984
-1.3389121,0.447983
-1.3387121,0.415984
-1.3385121,0.415984
-1.3383121,0.415984
-1.3381121,0.447983
-1.3379121,0.415984
-1.3377121,0.383985
-1.3375121,0.447983
-1.3373121,0.415984
-1.3371121,0.415984
-1.3369121,0.351986
-1.3367121,0.415984
-1.3365121,0.383985
-1.3363121,0.479982
-1.3361121,0.415984
-1.3359121,0.383985
-1.3357121,0.415984
-1.3355121,0.351986
-1.3353121,0.383985
-1.3351121,0.415984
-1.3349121,0.383985
-1.3347121,0.383985
-1.3345121,0.415984
-1.3343121,0.383985
-1.3341121,0.351986
-1.3339121,0.415984
-1.3337121,0.351986
-1.3335121,0.383985
-1.3333121,0.383985
-1.3331121,0.351986
-1.3329121,0.383985
-1.3327121,0.383985
-1.3325121,0.383985
-1.3323121,0.319988
-1.3321121,0.383985
-1.3319121,0.351986
-1.3317121,0.383985
-1.3315121,0.351986
-1.3313121,0.351986
-1.3311121,0.351986
-1.3309121,0.319988
-1.3307121,0.319988
-1.3305121,0.319988
-1.3303121,0.351986
-1.3301121,0.287989
-1.3299121,0.287989
-1.3297121,0.319988
-1.3295121,0.319988
-1.3293121,0.287989
-1.3291121,0.351986
-1.3289121,0.287989
-1.3287121,0.319988
-1.3285121,0.351986
-1.3283121,0.25599
-1.3281121,0.287989
-1.3279121,0.319988
-1.3277121,0.25599
-1.3275121,0.25599
-1.3273121,0.319988
-1.3271121,0.287989
-1.3269121,0.287989
-1.3267121,0.319988
-1.3265121,0.25599
-1.3263121,0.25599
-1.3261121,0.287989
-1.3259121,0.223991
-1.3257121,0.25599
-1.3255121,0.25599
-1.3253121,0.25599
-1.3251121,0.25599
-1.3249121,0.25599
-1.3247121,0.25599
-1.3245121,0.25599
-1.3243121,0.25599
-1.3241121,0.223991
-1.3239121,0.287989
-1.3237121,0.25599
-1.3235121,0.25599
-1.3233121,0.223991
-1.3231121,0.223991
-1.3229121,0.223991
-1.3227121,0.223991
-1.3225121,0.25599
-1.3223121,0.191993
-1.3221121,0.223991
-1.3219121,0.223991
-1.3217121,0.191993
-1.3215121,0.223991
-1.3213121,0.223991
-1.3211121,0.191993
-1.3209121,0.223991
-1.3207121,0.191993
-1.3205121,0.223991
-1.3203121,0.191993
-1.3201121,0.159994
-1.3199121,0.191993
-1.3197121,0.191993
-1.3195121,0.191993
-1.3193121,0.159994
-1.3191121,0.159994
-1.3189121,0.191993
-1.3187121,0.159994
-1.3185121,0.159994
-1.3183121,0.127995
-1.3181121,0.159994
-1.3179121,0.159994
-1.3177121,0.159994
-1.3175121,0.127995
-1.3173121,0.159994
-1.3171121,0.127995
-1.3169121,0.127995
-1.3167121,0.159994
-1.3165121,0.127995
-1.3163121,0.127995
-1.3161121,0.159994
-1.3159121,0.159994
-1.3157121,0.127995
-1.3155121,0.159994
-1.3153121,0.127995
-1.3151121,0.127995
-1.3149121,0.0959963
-1.3147121,0.0959963
-1.3145121,0.0959963
-1.3143121,0.0639975
-1.3141121,0.0959963
-1.3139121,0.127995
-1.3137121,0.0639975
-1.3135121,0.0959963
-1.3133121,0.127995
-1.3131121,0.0959963
-1.3129121,0.0959963
-1.3127121,0.0959963
-1.3125121,0.0959963
-1.3123121,0.0639975
-1.3121121,0.0959963
-1.3119121,0.0639975
-1.3117121,0.0639975
-1.3115121,0.0959963
-1.3113121,0.0959963
-1.3111121,0.0959963
-1.3109121,0.0319988
-1.3107121,0.0639975
-1.3105121,0.0959963
-1.3103121,0.0639975
-1.3101121,0.0639975
-1.3099121,0.0639975
-1.3097121,0.0639975
-1.3095121,0.0639975
-1.3093121,0.0639975
-1.3091121,0.0639975
-1.3089121,0.0639975
-1.3087121,0.0959963
-1.3085121,0.0639975
-1.3083121,0
-1.3081121,0.0639975
-1.3079121,0.0319988
-1.3077121,0.0319988
-1.3075121,0.0319988
-1.3073121,-0.0319988
-1.3071121,0.0319988
-1.3069121,0
-1.3067121,0
-1.3065121,0
-1.3063121,-0.0319988
-1.3061121,0
-1.3059121,0
-1.3057121,0
-1.3055121,0
-1.3053121,0
-1.3051121,0
-1.3049121,-0.0319988
-1.3047121,-0.0319988
-1.3045121,0.0319988
-1.3043121,-0.0319988
-1.3041121,0
-1.3039121,-0.0319988
-1.3037121,-0.0319988
-1.3035121,-0.0319988
-1.3033121,0
-1.3031121,-0.0319988
-1.3029121,-0.0639975
-1.3027121,-0.0319988
-1.3025121,0
-1.3023121,-0.0319988
-1.3021121,0
-1.3019121,0
-1.3017121,-0.0319988
-1.3015121,-0.0319988
-1.3013121,-0.0319988
-1.3011121,-0.0639975
-1.3009121,-0.0319988
-1.3007121,-0.0319988
-1.3005121,-0.0639975
-1.3003121,-0.0639975
-1.3001121,-0.0319988
-1.2999121,0
-1.2997121,-0.0319988
-1.2995121,-0.0319988
-1.2993121,-0.0639975
-1.2991121,-0.0639975
-1.2989121,0
-1.2987121,-0.0639975
-1.2985121,0
-1.2983121,-0.0319988
-1.2981121,-0.0319988
-1.2979121,0
-1.2977121,-0.0319988
-1.2975121,-0.0639975
-1.2973121,0
-1.2971121,-0.0639975
-1.2969121,-0.0639975
-1.2967121,-0.0319988
-1.2965121,-0.0319988
-1.2963121,-0.0639975
-1.2961121,-0.0639975
-1.2959121,-0.0639975
-1.2957121,-0.0639975
-1.2955121,-0.0319988
-1.2953121,-0.0639975
-1.2951121,-0.0639975
-1.2949121,-0.0319988
-1.2947121,-0.0639975
-1.2945121,-0.0639975
-1.2943121,-0.0639975
-1.2941121,-0.0639975
-1.2939121,-0.0959963
-1.2937121,-0.0319988
-1.2935121,-0.0959963
-1.2933121,-0.0959963
-1.2931121,-0.0639975
-1.2929121,-0.0639975
-1.2927121,-0.0959963
-1.2925121,-0.0639975
-1.2923121,-0.0319988
-1.2921121,-0.0959963
-1.2919121,-0.0639975
-1.2917121,-0.0959963
-1.2915121,-0.0959963
-1.2913121,-0.0639975
-1.2911121,-0.0639975
-1.2909121,-0.127995
-1.2907121,-0.127995
-1.2905121,-0.127995
-1.2903121,-0.0959963
-1.2901121,-0.0639975
-1.2899121,-0.0959963
-1.2897121,-0.159994
-1.2895121,-0.127995
-1.2893121,-0.127995
-1.2891121,-0.159994
-1.2889121,-0.127995
-1.2887121,-0.0959963
-1.2885121,-0.0959963
-1.2883121,-0.127995
-1.2881121,-0.127995
-1.2879121,-0.127995
-1.2877121,-0.0959963
-1.2875121,-0.159994
-1.2873121,-0.159994
-1.2871121,-0.127995
-1.2869121,-0.127995
-1.2867121,-0.159994
-1.2865121,-0.159994
-1.2863121,-0.127995
-1.2861121,-0.159994
-1.2859121,-0.127995
-1.2857121,-0.191993
-1.2855121,-0.127995
-1.2853121,-0.159994
-1.2851121,-0.127995
-1.2849121,-0.159994
-1.2847121,-0.127995
-1.2845121,-0.127995
-1.2843121,-0.191993
-1.2841121,-0.127995
-1.2839121,-0.127995
-1.2837121,-0.191993
-1.2835121,-0.191993
-1.2833121,-0.159994
-1.2831121,-0.191993
-1.2829121,-0.191993
-1.2827121,-0.223991
-1.2825121,-0.223991
-1.2823121,-0.159994
-1.2821121,-0.159994
-1.2819121,-0.223991
-1.2817121,-0.223991
-1.2815121,-0.159994
-1.2813121,-0.223991
-1.2811121,-0.191993
-1.2809121,-0.159994
-1.2807121,-0.223991
-1.2805121,-0.191993
-1.2803121,-0.191993
-1.2801121,-0.191993
-1.2799121,-0.191993
-1.2797121,-0.159994
-1.2795121,-0.191993
-1.2793121,-0.25599
-1.2791121,-0.191993
-1.2789121,-0.191993
-1.2787121,-0.223991
-1.2785121,-0.159994
-1.2783121,-0.223991
-1.2781121,-0.223991
-1.2779121,-0.223991
-1.2777121,-0.223991
-1.2775121,-0.191993
-1.2773121,-0.191993
-1.2771121,-0.223991
-1.2769121,-0.191993
-1.2767121,-0.223991
-1.2765121,-0.223991
-1.2763121,-0.191993
-1.2761121,-0.191993
-1.2759121,-0.223991
-1.2757121,-0.191993
-1.2755121,-0.191993
-1.2753121,-0.223991
-1.2751121,-0.223991
-1.2749121,-0.191993
-1.2747121,-0.191993
-1.2745121,-0.223991
-1.2743121,-0.223991
-1.2741121,-0.191993
-1.2739121,-0.223991
-1.2737121,-0.191993
-1.2735121,-0.223991
-1.2733121,-0.287989
-1.2731121,-0.191993
-1.2729121,-0.223991
-1.2727121,-0.223991
-1.2725121,-0.223991
-1.2723121,-0.25599
-1.2721121,-0.223991
-1.2719121,-0.223991
-1.2717121,-0.287989
-1.2715121,-0.25599
-1.2713121,-0.223991
-1.2711121,-0.25599
-1.2709121,-0.25599
-1.2707121,-0.223991
-1.2705121,-0.223991
-1.2703121,-0.25599
-1.2701121,-0.191993
-1.2699121,-0.287989
-1.2697121,-0.287989
-1.2695121,-0.223991
-1.2693121,-0.25599
-1.2691121,-0.25599
-1.2689121,-0.25599
-1.2687121,-0.25599
-1.2685121,-0.287989
-1.2683121,-0.287989
-1.2681121,-0.25599
-1.2679121,-0.25599
-1.2677121,-0.25599
-1.2675121,-0.25599
-1.2673121,-0.287989
-1.2671121,-0.191993
-1.2669121,-0.287989
-1.2667121,-0.25599
-1.2665121,-0.287989
-1.2663121,-0.25599
-1.2661121,-0.25599
-1.2659121,-0.351986
-1.2657121,-0.287989
-1.2655121,-0.287989
-1.2653121,-0.25599
-1.2651121,-0.287989
-1.2649121,-0.25599
-1.2647121,-0.287989
-1.2645121,-0.25599
-1.2643121,-0.287989
-1.2641121,-0.287989
-1.2639121,-0.25599
-1.2637121,-0.25599
-1.2635121,-0.319988
-1.2633121,-0.25599
-1.2631121,-0.287989
-1.2629121,-0.223991
-1.2627121,-0.287989
-1.2625121,-0.25599
-1.2623121,-0.287989
-1.2621121,-0.287989
-1.2619121,-0.25599
-1.2617121,-0.25599
-1.2615121,-0.287989
-1.2613121,-0.25599
-1.2611121,-0.25599
-1.2609121,-0.287989
-1.2607121,-0.287989
-1.2605121,-0.223991
-1.2603121,-0.287989
-1.2601121,-0.287989
-1.2599121,-0.287989
-1.2597121,-0.287989
-1.2595121,-0.25599
-1.2593121,-0.223991
-1.2591121,-0.25599
-1.2589121,-0.319988
-1.2587121,-0.25599
-1.2585121,-0.287989
-1.2583121,-0.25599
-1.2581121,-0.287989
-1.2579121,-0.287989
-1.2577121,-0.25599
-1.2575121,-0.223991
-1.2573121,-0.287989
-1.2571121,-0.223991
-1.2569121,-0.25599
-1.2567121,-0.25599
-1.2565121,-0.287989
-1.2563121,-0.25599
-1.2561121,-0.287989
-1.2559121,-0.287989
-1.2557121,-0.25599
-1.2555121,-0.287989
-1.2553121,-0.287989
-1.2551121,-0.223991
-1.2549121,-0.25599
-1.2547121,-0.319988
-1.2545121,-0.25599
-1.2543121,-0.287989
-1.2541121,-0.287989
-1.2539121,-0.287989
-1.2537121,-0.287989
-1.2535121,-0.287989
-1.2533121,-0.223991
-1.2531121,-0.25599
-1.2529121,-0.287989
-1.2527121,-0.25599
-1.2525121,-0.287989
-1.2523121,-0.25599
-1.2521121,-0.287989
-1.2519121,-0.25599
-1.2517121,-0.287989
-1.2515121,-0.287989
-1.2513121,-0.25599
-1.2511121,-0.287989
-1.2509121,-0.25599
-1.2507121,-0.287989
-1.2505121,-0.25599
-1.2503121,-0.25599
-1.2501121,-0.287989
-1.2499121,-0.319988
-1.2497121,-0.287989
-1.2495121,-0.287989
-1.2493121,-0.319988
-1.2491121,-0.25599
-1.2489121,-0.287989
-1.2487121,-0.25599
-1.2485121,-0.191993
-1.2483121,-0.223991
-1.2481121,-0.25599
-1.2479121,-0.223991
-1.2477121,-0.25599
-1.2475121,-0.223991
-1.2473121,-0.25599
-1.2471121,-0.25599
-1.2469121,-0.287989
-1.2467121,-0.287989
-1.2465121,-0.223991
-1.2463121,-0.191993
-1.2461121,-0.287989
-1.2459121,-0.223991
-1.2457121,-0.25599
-1.2455121,-0.223991
-1.2453121,-0.223991
-1.2451121,-0.25599
-1.2449121,-0.25599
-1.2447121,-0.25599
-1.2445121,-0.25599
-1.2443121,-0.191993
-1.2441121,-0.25599
-1.2439121,-0.223991
-1.2437121,-0.223991
-1.2435121,-0.223991
-1.2433121,-0.25599
-1.2431121,-0.223991
-1.2429121,-0.25599
-1.2427121,-0.191993
-1.2425121,-0.191993
-1.2423121,-0.25599
-1.2421121,-0.25599
-1.2419121,-0.223991
-1.2417121,-0.25599
-1.2415121,-0.223991
-1.2413121,-0.223991
-1.2411121,-0.191993
-1.2409121,-0.25599
-1.2407121,-0.191993
-1.2405121,-0.223991
-1.2403121,-0.223991
-1.2401121,-0.191993
-1.2399121,-0.191993
-1.2397121,-0.25599
-1.2395121,-0.191993
-1.2393121,-0.191993
-1.2391121,-0.223991
-1.2389121,-0.191993
-1.2387121,-0.223991
-1.2385121,-0.25599
-1.2383121,-0.191993
-1.2381121,-0.25599
-1.2379121,-0.223991
-1.2377121,-0.223991
-1.2375121,-0.223991
-1.2373121,-0.223991
-1.2371121,-0.223991
-1.2369121,-0.223991
-1.2367121,-0.191993
-1.2365121,-0.191993
-1.2363121,-0.191993
-1.2361121,-0.223991
-1.2359121,-0.191993
-1.2357121,-0.191993
-1.2355121,-0.191993
-1.2353121,-0.223991
-1.2351121,-0.223991
-1.2349121,-0.191993
-1.2347121,-0.191993
-1.2345121,-0.223991
-1.2343121,-0.191993
-1.2341121,-0.159994
-1.2339121,-0.223991
-1.2337121,-0.25599
-1.2335121,-0.191993
-1.2333121,-0.223991
-1.2331121,-0.223991
-1.2329121,-0.191993
-1.2327121,-0.223991
-1.2325121,-0.223991
-1.2323121,-0.191993
-1.2321121,-0.191993
-1.2319121,-0.223991
-1.2317121,-0.25599
-1.2315121,-0.191993
-1.2313121,-0.25599
-1.2311121,-0.191993
-1.2309121,-0.191993
-1.2307121,-0.223991
-1.2305121,-0.191993
-1.2303121,-0.223991
-1.2301121,-0.223991
-1.2299121,-0.191993
-1.2297121,-0.223991
-1.2295121,-0.223991
-1.2293121,-0.159994
-1.2291121,-0.223991
-1.2289121,-0.191993
-1.2287121,-0.191993
-1.2285121,-0.191993
-1.2283121,-0.159994
-1.2281121,-0.191993
-1.2279121,-0.191993
-1.2277121,-0.223991
-1.2275121,-0.287989
-1.2273121,-0.191993
-1.2271121,-0.223991
-1.2269121,-0.191993
-1.2267121,-0.223991
-1.2265121,-0.191993
-1.2263121,-0.191993
-1.2261121,-0.191993
-1.2259121,-0.191993
-1.2257121,-0.191993
-1.2255121,-0.25599
-1.2253121,-0.223991
-1.2251121,-0.191993
-1.2249121,-0.191993
-1.2247121,-0.191993
-1.2245121,-0.159994
-1.2243121,-0.191993
-1.2241121,-0.223991
-1.2239121,-0.159994
-1.2237121,-0.223991
-1.2235121,-0.223991
-1.2233121,-0.191993
-1.2231121,-0.191993
-1.2229121,-0.159994
-1.2227121,-0.191993
-1.2225121,-0.223991
-1.2223121,-0.191993
-1.2221121,-0.191993
-1.2219121,-0.159994
-1.2217121,-0.191993
-1.2215121,-0.127995
-1.2213121,-0.223991
-1.2211121,-0.223991
-1.2209121,-0.159994
-1.2207121,-0.191993
-1.2205121,-0.191993
-1.2203121,-0.191993
-1.2201121,-0.223991
-1.2199121,-0.191993
-1.2197121,-0.159994
-1.2195121,-0.159994
-1.2193121,-0.191993
-1.2191121,-0.223991
-1.2189121,-0.25599
-1.2187121,-0.191993
-1.2185121,-0.223991
-1.2183121,-0.191993
-1.2181121,-0.191993
-1.2179121,-0.159994
-1.2177121,-0.191993
-1.2175121,-0.191993
-1.2173121,-0.191993
-1.2171121,-0.223991
-1.2169121,-0.223991
-1.2167121,-0.159994
-1.2165121,-0.191993
-1.2163121,-0.159994
-1.2161121,-0.191993
-1.2159121,-0.191993
-1.2157121,-0.127995
-1.2155121,-0.191993
-1.2153121,-0.191993
-1.2151121,-0.159994
-1.2149121,-0.191993
-1.2147121,-0.223991
-1.2145121,-0.191993
-1.2143121,-0.191993
-1.2141121,-0.191993
-1.2139121,-0.191993
-1.2137121,-0.159994
-1.2135121,-0.191993
-1.2133121,-0.159994
-1.2131121,-0.159994
-1.2129121,-0.191993
-1.2127121,-0.127995
-1.2125121,-0.159994
-1.2123121,-0.191993
-1.2121121,-0.191993
-1.2119121,-0.127995
-1.2117121,-0.223991
-1.2115121,-0.191993
-1.2113121,-0.159994
-1.2111121,-0.191993
-1.2109121,-0.191993
-1.2107121,-0.191993
-1.2105121,-0.223991
-1.2103121,-0.191993
-1.2101121,-0.127995
-1.2099121,-0.223991
-1.2097121,-0.159994
-1.2095121,-0.159994
-1.2093121,-0.223991
-1.2091121,-0.159994
-1.2089121,-0.191993
-1.2087121,-0.191993
-1.2085121,-0.223991
-1.2083121,-0.0959963
-1.2081121,-0.159994
-1.2079121,-0.127995
-1.2077121,-0.159994
-1.2075121,-0.159994
-1.2073121,-0.127995
-1.2071121,-0.191993
-1.2069121,-0.191993
-1.2067121,-0.159994
-1.2065121,-0.159994
-1.2063121,-0.159994
-1.2061121,-0.159994
-1.2059121,-0.127995
-1.2057121,-0.223991
-1.2055121,-0.159994
-1.2053121,-0.127995
-1.2051121,-0.127995
-1.2049121,-0.127995
-1.2047121,-0.127995
-1.2045121,-0.159994
-1.2043121,-0.127995
-1.2041121,-0.159994
-1.2039121,-0.159994
-1.2037121,-0.127995
-1.2035121,-0.0959963
-1.2033121,-0.159994
-1.2031121,-0.0959963
-1.2029121,-0.127995
-1.2027121,-0.159994
-1.2025121,-0.127995
-1.2023121,-0.0959963
-1.2021121,-0.127995
-1.2019121,-0.0959963
-1.2017121,-0.0959963
-1.2015121,-0.0959963
-1.2013121,-0.127995
-1.2011121,-0.0959963
-1.2009121,-0.127995
-1.2007121,-0.0639975
-1.2005121,-0.0639975
-1.2003121,-0.159994
-1.2001121,-0.127995
-1.1999121,-0.127995
-1.1997121,-0.0959963
-1.1995121,-0.0639975
-1.1993121,-0.0319988
-1.1991121,-0.127995
-1.1989121,-0.0639975
-1.1987121,-0.0319988
-1.1985121,-0.0639975
-1.1983121,-0.0639975
-1.1981121,-0.0959963
-1.1979121,-0.0959963
-1.1977121,-0.0639975
-1.1975121,-0.0639975
-1.1973121,-0.0959963
-1.1971121,-0.0639975
-1.1969121,0
-1.1967121,-0.0959963
-1.1965121,-0.0639975
-1.1963121,-0.0639975
-1.1961121,-0.0959963
-1.1959121,-0.0319988
-1.1957121,-0.127995
-1.1955121,-0.0959963
-1.1953121,-0.0319988
-1.1951121,-0.0959963
-1.1949121,-0.0959963
-1.1947121,-0.0319988
-1.1945121,-0.0319988
-1.1943121,-0.0319988
-1.1941121,-0.0639975
-1.1939121,-0.0319988
-1.1937121,-0.0639975
-1.1935121,-0.0319988
-1.1933121,0
-1.1931121,-0.0319988
-1.1929121,-0.0319988
-1.1927121,-0.0639975
-1.1925121,-0.0319988
-1.1923121,-0.0639975
-1.1921121,-0.0319988
-1.1919121,-0.0639975
-1.1917121,-0.0639975
-1.1915121,-0.0319988
-1.1913121,-0.0639975
-1.1911121,-0.0319988
-1.1909121,-0.0319988
-1.1907121,-0.0319988
-1.1905121,-0.0639975
-1.1903121,0
-1.1901121,-0.0319988
-1.1899121,0
-1.1897121,-0.0319988
-1.1895121,-0.0319988
-1.1893121,-0.0319988
-1.1891121,0
-1.1889121,-0.0319988
-1.1887121,-0.0639975
-1.1885121,-0.0319988
-1.1883121,-0.0319988
-1.1881121,-0.0319988
-1.1879121,-0.0319988
-1.1877121,-0.0319988
-1.1875121,0.0319988
-1.1873121,0
-1.1871121,0
-1.1869121,0
-1.1867121,-0.0319988
-1.1865121,0
-1.1863121,-0.0319988
-1.1861121,0
-1.1859121,-0.0639975
-1.1857121,0
-1.1855121,0
-1.1853121,-0.0639975
-1.1851121,-0.0319988
-1.1849121,0
-1.1847121,-0.0319988
-1.1845121,0
-1.1843121,0
-1.1841121,-0.0319988
-1.1839121,-0.0639975
-1.1837121,0
-1.1835121,-0.0319988
-1.1833121,-0.0319988
-1.1831121,-0.0319988
-1.1829121,-0.0319988
-1.1827121,0
-1.1825121,0
-1.1823121,-0.0639975
-1.1821121,0
-1.1819121,-0.0319988
-1.1817121,-0.0319988
-1.1815121,0
-1.1813121,-0.0319988
-1.1811121,-0.0319988
-1.1809121,0
-1.1807121,-0.0319988
-1.1805121,0
-1.1803121,-0.0319988
-1.1801121,0.0319988
-1.1799121,-0.0319988
-1.1797121,0
-1.1795121,0
-1.1793121,0
-1.1791121,0
-1.1789121,-0.0319988
-1.1787121,-0.0639975
-1.1785121,0
-1.1783121,-0.0319988
-1.1781121,0
-1.1779121,0
-1.1777121,0
-1.1775121,-0.0639975
-1.1773121,0.0639975
-1.1771121,0
-1.1769121,0
-1.1767121,0
-1.1765121,0
-1.1763121,0
-1.1761121,0.0319988
-1.1759121,0
-1.1757121,0
-1.1755121,0
-1.1753121,0
-1.1751121,-0.0319988
-1.1749121,0
-1.1747121,0.0319988
-1.1745121,-0.0319988
-1.1743121,0
-1.1741121,0.0319988
-1.1739121,-0.0639975
-1.1737121,0
-1.1735121,0
-1.1733121,0
-1.1731121,0
-1.1729121,0.0639975
-1.1727121,0
-1.1725121,0.0319988
-1.1723121,0.0319988
-1.1721121,-0.0639975
-1.1719121,-0.0639975
-1.1717121,0
-1.1715121,0.0319988
-1.1713121,-0.0319988
-1.1711121,0.0319988
-1.1709121,0
-1.1707121,0
-1.1705121,0.0319988
-1.1703121,-0.0319988
-1.1701121,0
-1.1699121,0.0319988
-1.1697121,0
-1.1695121,-0.0319988
-1.1693121,0
-1.1691121,-0.0319988
-1.1689121,-0.0639975
-1.1687121,0
-1.1685121,0
-1.1683121,0
-1.1681121,0
-1.1679121,-0.0319988
-1.1677121,0.0319988
-1.1675121,0
-1.1673121,0
-1.1671121,0.0319988
-1.1669121,0
-1.1667121,0.0319988
-1.1665121,0
-1.1663121,-0.0319988
-1.1661121,0
-1.1659121,-0.0319988
-1.1657121,0.0319988
-1.1655121,-0.0319988
-1.1653121,0
-1.1651121,0
-1.1649121,-0.0639975
-1.1647121,0
-1.1645121,0
-1.1643121,0
-1.1641121,0
-1.1639121,0
-1.1637121,-0.0319988
-1.1635121,0
-1.1633121,0
-1.1631121,0.0319988
-1.1629121,-0.0319988
-1.1627121,0
-1.1625121,0
-1.1623121,0
-1.1621121,0
-1.1619121,-0.0319988
-1.1617121,0
-1.1615121,0
-1.1613121,-0.0319988
-1.1611121,0.0319988
-1.1609121,0
-1.1607121,0
-1.1605121,-0.0319988
-1.1603121,0
-1.1601121,-0.0639975
-1.1599121,0
-1.1597121,0
-1.1595121,-0.0639975
-1.1593121,0
-1.1591121,-0.0319988
-1.1589121,0
-1.1587121,0
-1.1585121,0.0319988
-1.1583121,0
-1.1581121,-0.0319988
-1.1579121,0
-1.1577121,-0.0319988
-1.1575121,0
-1.1573121,0
-1.1571121,-0.0639975
-1.1569121,-0.0319988
-1.1567121,0
-1.1565121,-0.0319988
-1.1563121,0
-1.1561121,-0.0319988
-1.1559121,0
-1.1557121,-0.0319988
-1.1555121,-0.0319988
-1.1553121,0
-1.1551121,-0.0319988
-1.1549121,0
-1.1547121,0
-1.1545121,-0.0319988
-1.1543121,0.0319988
-1.1541121,0
-1.1539121,0.0319988
-1.1537121,-0.0319988
-1.1535121,-0.0319988
-1.1533121,0.0319988
-1.1531121,0.0319988
-1.1529121,-0.0319988
-1.1527121,0.0319988
-1.1525121,-0.0319988
-1.1523121,-0.0319988
-1.1521121,0
-1.1519121,0.0319988
-1.1517121,0
-1.1515121,0.0319988
-1.1513121,-0.0319988
-1.1511121,0
-1.1509121,0
-1.1507121,0.0319988
-1.1505121,0
-1.1503121,0.0319988
-1.1501121,0.0639975
-1.1499121,0
-1.1497121,-0.0319988
-1.1495121,0
-1.1493121,0.0319988
-1.1491121,-0.0319988
-1.1489121,0
-1.1487121,0
-1.1485121,0.0319988
-1.1483121,-0.0319988
-1.1481121,0
-1.1479121,0
-1.1477121,-0.0319988
-1.1475121,-0.0319988
-1.1473121,0.0319988
-1.1471121,0.0319988
-1.1469121,0.0319988
-1.1467121,0
-1.1465121,0.0319988
-1.1463121,0
-1.1461121,0
-1.1459121,0.0319988
-1.1457121,0.0319988
-1.1455121,0
-1.1453121,0.0639975
-1.1451121,0.0319988
-1.1449121,0.0639975
-1.1447121,0
-1.1445121,0.0639975
-1.1443121,0.0639975
-1.1441121,0.0639975
-1.1439121,0.0319988
-1.1437121,0.0319988
-1.1435121,0
-1.1433121,0
-1.1431121,0.0319988
-1.1429121,0.0319988
-1.1427121,0.0319988
-1.1425121,0.0319988
-1.1423121,0.0639975
-1.1421121,0.0319988
-1.1419121,0.0319988
-1.1417121,0.0639975
-1.1415121,0
-1.1413121,0.0959963
-1.1411121,0.0639975
-1.1409121,0
-1.1407121,0.0639975
-1.1405121,0.0959963
-1.1403121,0
-1.1401121,0.0639975
-1.1399121,0.0319988
-1.1397121,0.0319988
-1.1395121,0.0639975
-1.1393121,0.0319988
-1.1391121,0.0639975
-1.1389121,0.0639975
-1.1387121,0.0639975
-1.1385121,0
-1.1383121,0.0319988
-1.1381121,0.0319988
-1.1379121,0.0639975
-1.1377121,0.0639975
-1.1375121,0.0959963
-1.1373121,0.0319988
-1.1371121,0.0639975
-1.1369121,0.0959963
-1.1367121,0.0639975
-1.1365121,0.0639975
-1.1363121,0.0639975
-1.1361121,0.0959963
-1.1359121,0.0639975
-1.1357121,0.0959963
-1.1355121,0.0639975
-1.1353121,0.0959963
-1.1351121,0.0959963
-1.1349121,0.0639975
-1.1347121,0.0639975
-1.1345121,0.0959963
-1.1343121,0.0639975
-1.1341121,0.0959963
-1.1339121,0.0959963
-1.1337121,0.127995
-1.1335121,0.0639975
-1.1333121,0.0959963
-1.1331121,0.0959963
-1.1329121,0.127995
-1.1327121,0.0319988
-1.1325121,0.0959963
-1.1323121,0.0959963
-1.1321121,0.0959963
-1.1319121,0.0959963
-1.1317121,0.0959963
-1.1315121,0.0639975
-1.1313121,0.0639975
-1.1311121,0.0959963
-1.1309121,0.0959963
-1.1307121,0.0959963
-1.1305121,0.0639975
-1.1303121,0.0959963
-1.1301121,0.0959963
-1.1299121,0.127995
-1.1297121,0.0959963
-1.1295121,0.0639975
-1.1293121,0.0959963
-1.1291121,0.0959963
-1.1289121,0.0959963
-1.1287121,0.0959963
-1.1285121,0.0639975
-1.1283121,0.0959963
-1.1281121,0.127995
-1.1279121,0.0959963
-1.1277121,0.0319988
-1.1275121,0.0959963
-1.1273121,0.0959963
-1.1271121,0.0959963
-1.1269121,0.0959963
-1.1267121,0.0959963
-1.1265121,0.0959963
-1.1263121,0.127995
-1.1261121,0.0959963
-1.1259121,0.0959963
-1.1257121,0.0959963
-1.1255121,0.0959963
-1.1253121,0.127995
-1.1251121,0.0959963
-1.1249121,0.0959963
-1.1247121,0.127995
-1.1245121,0.0959963
-1.1243121,0.0959963
-1.1241121,0.0959963
-1.1239121,0.0959963
-1.1237121,0.127995
-1.1235121,0.0959963
-1.1233121,0.127995
-1.1231121,0.0959963
-1.1229121,0.0959963
-1.1227121,0.0959963
-1.1225121,0.0959963
-1.1223121,0.0639975
-1.1221121,0.127995
-1.1219121,0.0959963
-1.1217121,0.0639975
-1.1215121,0.0959963
-1.1213121,0.0959963
-1.1211121,0.0639975
-1.1209121,0.0959963
-1.1207121,0.0959963
-1.1205121,0.0639975
-1.1203121,0.127995
-1.1201121,0.0959963
-1.1199121,0.0639975
-1.1197121,0.0959963
-1.1195121,0.127995
-1.1193121,0.0959963
-1.1191121,0.0959963
-1.1189121,0.0959963
-1.1187121,0.0959963
-1.1185121,0.127995
-1.1183121,0.0959963
-1.1181121,0.127995
-1.1179121,0.0959963
-1.1177121,0.0959963
-1.1175121,0.0639975
-1.1173121,0.0959963
-1.1171121,0.0959963
-1.1169121,0.0959963
-1.1167121,0.0959963
-1.1165121,0.0959963
-1.1163121,0.0959963
-1.1161121,0.0959963
-1.1159121,0.0959963
-1.1157121,0.0959963
-1.1155121,0.0959963
-1.1153121,0.0959963
-1.1151121,0.0959963
-1.1149121,0.0959963
-1.1147121,0.127995
-1.1145121,0.0639975
-1.1143121,0.0959963
-1.1141121,0.0959963
-1.1139121,0.0319988
-1.1137121,0.127995
-1.1135121,0.0639975
-1.1133121,0
-1.1131121,0.0959963
-1.1129121,0.0959963
-1.1127121,0.0959963
-1.1125121,0.0639975
-1.1123121,0.0959963
-1.1121121,0.0959963
-1.1119121,0.0639975
-1.1117121,0.0959963
-1.1115121,0.0639975
-1.1113121,0.0959963
-1.1111121,0.0319988
-1.1109121,0.0639975
-1.1107121,0.0959963
-1.1105121,0.0959963
-1.1103121,0.0959963
-1.1101121,0.0959963
-1.1099121,0.0959963
-1.1097121,0.0319988
-1.1095121,0.0959963
-1.1093121,0.0959963
-1.1091121,0.0319988
-1.1089121,0.0959963
-1.1087121,0.0959963
-1.1085121,0.0639975
-1.1083121,0.127995
-1.1081121,0.0959963
-1.1079121,0.0959963
-1.1077121,0.0639975
-1.1075121,0.0639975
-1.1073121,0.0639975
-1.1071121,0.0639975
-1.1069121,0.0639975
-1.1067121,0.0639975
-1.1065121,0.0319988
-1.1063121,0.0639975
-1.1061121,0.0319988
-1.1059121,0.0639975
-1.1057121,0.0639975
-1.1055121,0.0319988
-1.1053121,0.0319988
-1.1051121,0.0639975
-1.1049121,0.0639975
-1.1047121,0.0639975
-1.1045121,0.0639975
-1.1043121,0.0319988
-1.1041121,0.0639975
-1.1039121,0.0639975
-1.1037121,0.0639975
-1.1035121,0.0639975
-1.1033121,0.0319988
-1.1031121,0.0639975
-1.1029121,0.0319988
-1.1027121,0.0639975
-1.1025121,0.0319988
-1.1023121,0.0639975
-1.1021121,0.0639975
-1.1019121,0.0639975
-1.1017121,0.0639975
-1.1015121,0.0639975
-1.1013121,0.0319988
-1.1011121,0.0639975
-1.1009121,0.0639975
-1.1007121,0.0319988
-1.1005121,0.0639975
-1.1003121,0.0639975
-1.1001121,0.0319988
-1.0999121,0.0319988
-1.0997121,0.0319988
-1.0995121,0.0639975
-1.0993121,0.0319988
-1.0991121,0.0639975
-1.0989121,0
-1.0987121,0.0639975
-1.0985121,0.0639975
-1.0983121,0.0319988
-1.0981121,0.0639975
-1.0979121,0.0319988
-1.0977121,0.0319988
-1.0975121,0.0319988
-1.0973121,0.0319988
-1.0971121,0.0639975
-1.0969121,0.0639975
-1.0967121,0.0319988
-1.0965121,0.0319988
-1.0963121,0.0319988
-1.0961121,0.0959963
-1.0959121,0.0319988
-1.0957121,0.0639975
-1.0955121,0.0319988
-1.0953121,0.0639975
-1.0951121,0
-1.0949121,0.0319988
-1.0947121,0.0319988
-1.0945121,0.0319988
-1.0943121,0.0639975
-1.0941121,0
-1.0939121,0.0319988
-1.0937121,0
-1.0935121,0.0319988
-1.0933121,0.0319988
-1.0931121,0.0319988
-1.0929121,0.0639975
-1.0927121,0.0639975
-1.0925121,0
-1.0923121,0
-1.0921121,0
-1.0919121,0.0639975
-1.0917121,0.0319988
-1.0915121,0.0319988
-1.0913121,0.0319988
-1.0911121,0
-1.0909121,0.0639975
-1.0907121,0
-1.0905121,0.0319988
-1.0903121,0.0319988
-1.0901121,0.0639975
-1.0899121,0
-1.0897121,0.0319988
-1.0895121,0.0639975
-1.0893121,0
-1.0891121,0.0319988
-1.0889121,0.0319988
-1.0887121,0
-1.0885121,0.0959963
-1.0883121,0.0639975
-1.0881121,0.0319988
-1.0879121,0.0319988
-1.0877121,0.0639975
-1.0875121,0
-1.0873121,0.0319988
-1.0871121,0.0639975
-1.0869121,0
-1.0867121,0.0319988
-1.0865121,0.0639975
-1.0863121,0
-1.0861121,0
-1.0859121,0.0639975
-1.0857121,0
-1.0855121,0.0319988
-1.0853121,0.0319988
-1.0851121,0.0319988
-1.0849121,0.0319988
-1.0847121,0.0319988
-1.0845121,0
-1.0843121,0.0319988
-1.0841121,0.0639975
-1.0839121,0.0319988
-1.0837121,0.0319988
-1.0835121,0.0319988
-1.0833121,-0.0319988
-1.0831121,0.0319988
-1.0829121,0
-1.0827121,0.0639975
-1.0825121,0.0319988
-1.0823121,0.0639975
-1.0821121,0.0319988
-1.0819121,0
-1.0817121,0.0319988
-1.0815121,0
-1.0813121,0.0319988
-1.0811121,0.0319988
-1.0809121,-0.0319988
-1.0807121,0.0319988
-1.0805121,0.0319988
-1.0803121,0
-1.0801121,0.0319988
-1.0799121,0.0319988
-1.0797121,-0.0319988
-1.0795121,0
-1.0793121,0.0639975
-1.0791121,0
-1.0789121,0.0319988
-1.0787121,0.0639975
-1.0785121,0
-1.0783121,0.0639975
-1.0781121,0.0319988
-1.0779121,-0.0319988
-1.0777121,0.0319988
-1.0775121,0.0319988
-1.0773121,0.0319988
-1.0771121,0.0319988
-1.0769121,0.0639975
-1.0767121,0.0319988
-1.0765121,0.0319988
-1.0763121,0.0319988
-1.0761121,0
-1.0759121,0
-1.0757121,0.0639975
-1.0755121,0
-1.0753121,0.0319988
-1.0751121,0.0319988
-1.0749121,0
-1.0747121,0.0319988
-1.0745121,0.0319988
-1.0743121,0.0639975
-1.0741121,0.0639975
-1.0739121,0.0639975
-1.0737121,0.0319988
-1.0735121,0.0639975
-1.0733121,0.0319988
-1.0731121,0.0639975
-1.0729121,0.0959963
-1.0727121,0.0319988
-1.0725121,0.0319988
-1.0723121,0.0639975
-1.0721121,0.0319988
-1.0719121,0.0319988
-1.0717121,0.0319988
-1.0715121,0.0639975
-1.0713121,0.0319988
-1.0711121,0.0639975
-1.0709121,0.0319988
-1.0707121,0.0319988
-1.0705121,0.0319988
-1.0703121,0.0639975
-1.0701121,0.0319988
-1.0699121,0
-1.0697121,0.0639975
-1.0695121,0.0639975
-1.0693121,0.0319988
-1.0691121,0.0639975
-1.0689121,0.0319988
-1.0687121,0.0319988
-1.0685121,0.0639975
-1.0683121,0
-1.0681121,0.0319988
-1.0679121,0.0319988
-1.0677121,0
-1.0675121,0.0319988
-1.0673121,0.0639975
-1.0671121,0
-1.0669121,0.0639975
-1.0667121,0
-1.0665121,0.0319988
-1.0663121,0.0639975
-1.0661121,0.0639975
-1.0659121,0.0319988
-1.0657121,0
-1.0655121,0.0639975
-1.0653121,0
-1.0651121,0.0639975
-1.0649121,0.0319988
-1.0647121,0.0319988
-1.0645121,0.0319988
-1.0643121,0.0639975
-1.0641121,0.0319988
-1.0639121,0.0639975
-1.0637121,0.0319988
-1.0635121,0.0319988
-1.0633121,0.0319988
-1.0631121,0.0319988
-1.0629121,0.0639975
-1.0627121,0
-1.0625121,0.0639975
-1.0623121,0
-1.0621121,0.0319988
-1.0619121,0.0319988
-1.0617121,0.0639975
-1.0615121,0.0319988
-1.0613121,0
-1.0611121,0.0319988
-1.0609121,0.0319988
-1.0607121,0.0319988
-1.0605121,0.0319988
-1.0603121,0.0319988
-1.0601121,0.0639975
-1.0599121,0
-1.0597121,0.0319988
-1.0595121,0.0959963
-1.0593121,0.0319988
-1.0591121,0.0639975
-1.0589121,0.0319988
-1.0587121,0.0319988
-1.0585121,0.0639975
-1.0583121,0.0639975
-1.0581121,0.0319988
-1.0579121,0.0639975
-1.0577121,0.0319988
-1.0575121,0.0639975
-1.0573121,0.0319988
-1.0571121,0.0319988
-1.0569121,0
-1.0567121,0.0319988
-1.0565121,0.0319988
-1.0563121,0.0319988
-1.0561121,0.0639975
-1.0559121,0.0319988
-1.0557121,0.0319988
-1.0555121,0.0639975
-1.0553121,0.0319988
-1.0551121,0.0319988
-1.0549121,0
-1.0547121,0.0319988
-1.0545121,0
-1.0543121,0
-1.0541121,0.0319988
-1.0539121,0
-1.0537121,0
-1.0535121,0.0319988
-1.0533121,0
-1.0531121,0
-1.0529121,0.0319988
-1.0527121,0.0319988
-1.0525121,0.0319988
-1.0523121,0.0319988
-1.0521121,0
-1.0519121,0.0319988
-1.0517121,0.0639975
-1.0515121,0
-1.0513121,0
-1.0511121,0
-1.0509121,0.0319988
-1.0507121,0.0319988
-1.0505121,0
-1.0503121,0
-1.0501121,0.0319988
-1.0499121,-0.0319988
-1.0497121,0
-1.0495121,-0.0319988
-1.0493121,-0.0319988
-1.0491121,0.0319988
-1.0489121,0
-1.0487121,0
-1.0485121,-0.0319988
-1.0483121,0.0319988
-1.0481121,0.0319988
-1.0479121,-0.0319988
-1.0477121,0.0319988
-1.0475121,0
-1.0473121,-0.0319988
-1.0471121,0.0319988
-1.0469121,0.0319988
-1.0467121,-0.0319988
-1.0465121,0
-1.0463121,0.0639975
-1.0461121,0.0319988
-1.0459121,0
-1.0457121,0
-1.0455121,0
-1.0453121,0
-1.0451121,-0.0639975
-1.0449121,-0.0319988
-1.0447121,0
-1.0445121,-0.0319988
-1.0443121,-0.0639975
-1.0441121,0
-1.0439121,0.0319988
-1.0437121,-0.0959963
-1.0435121,0
-1.0433121,0
-1.0431121,-0.0639975
-1.0429121,-0.0319988
-1.0427121,0
-1.0425121,-0.0319988
-1.0423121,0
-1.0421121,-0.0639975
-1.0419121,-0.0319988
-1.0417121,-0.0319988
-1.0415121,0
-1.0413121,-0.0319988
-1.0411121,-0.0319988
-1.0409121,0
-1.0407121,-0.0639975
-1.0405121,0
-1.0403121,0
-1.0401121,0
-1.0399121,-0.0319988
-1.0397121,0
-1.0395121,-0.0959963
-1.0393121,-0.0319988
-1.0391121,-0.0639975
-1.0389121,-0.0319988
-1.0387121,-0.0319988
-1.0385121,-0.0319988
-1.0383121,-0.0959963
-1.0381121,-0.0319988
-1.0379121,-0.0319988
-1.0377121,-0.0639975
-1.0375121,-0.0319988
-1.0373121,-0.0319988
-1.0371121,-0.0639975
-1.0369121,-0.0319988
-1.0367121,0
-1.0365121,-0.0319988
-1.0363121,-0.0319988
-1.0361121,-0.0319988
-1.0359121,-0.0319988
-1.0357121,-0.0319988
-1.0355121,-0.0319988
-1.0353121,-0.0639975
-1.0351121,-0.0319988
-1.0349121,0
-1.0347121,-0.0959963
-1.0345121,-0.0319988
-1.0343121,0
-1.0341121,-0.0639975
-1.0339121,-0.0319988
-1.0337121,-0.0319988
-1.0335121,-0.0959963
-1.0333121,-0.0319988
-1.0331121,0
-1.0329121,-0.0639975
-1.0327121,-0.127995
-1.0325121,0
-1.0323121,-0.0319988
-1.0321121,-0.0319988
-1.0319121,-0.0319988
-1.0317121,-0.0639975
-1.0315121,-0.0319988
-1.0313121,-0.0319988
-1.0311121,-0.0639975
-1.0309121,-0.0639975
-1.0307121,-0.0319988
-1.0305121,-0.0959963
-1.0303121,-0.0319988
-1.0301121,-0.0319988
-1.0299121,-0.0319988
-1.0297121,-0.0319988
-1.0295121,0
-1.0293121,-0.0959963
-1.0291121,-0.0639975
-1.0289121,-0.0319988
-1.0287121,-0.0639975
-1.0285121,-0.0319988
-1.0283121,-0.0319988
-1.0281121,-0.0639975
-1.0279121,-0.0319988
-1.0277121,-0.0639975
-1.0275121,-0.0639975
-1.0273121,-0.0319988
-1.0271121,-0.0319988
-1.0269121,-0.0959963
-1.0267121,-0.0319988
-1.0265121,0
-1.0263121,-0.0319988
-1.0261121,-0.0639975
-1.0259121,0
-1.0257121,-0.0319988
-1.0255121,-0.0639975
-1.0253121,-0.0319988
-1.0251121,-0.0639975
-1.0249121,-0.0639975
-1.0247121,-0.0319988
-1.0245121,-0.0639975
-1.0243121,-0.0639975
-1.0241121,-0.0639975
-1.0239121,-0.0639975
-1.0237121,0
-1.0235121,-0.0319988
-1.0233121,-0.0319988
-1.0231121,-0.0639975
-1.0229121,-0.0319988
-1.0227121,-0.0319988
-1.0225121,-0.0959963
-1.0223121,0
-1.0221121,-0.0639975
-1.0219121,0
-1.0217121,0
-1.0215121,-0.0319988
-1.0213121,0
-1.0211121,0
-1.0209121,-0.0639975
-1.0207121,0
-1.0205121,-0.0319988
-1.0203121,-0.0319988
-1.0201121,-0.0319988
-1.0199121,0
-1.0197121,-0.0319988
-1.0195121,0
-1.0193121,0
-1.0191121,-0.0319988
-1.0189121,-0.0319988
-1.0187121,-0.0639975
-1.0185121,-0.0639975
-1.0183121,-0.0319988
-1.0181121,-0.0319988
-1.0179121,-0.0319988
-1.0177121,-0.0319988
-1.0175121,-0.0319988
-1.0173121,0
-1.0171121,-0.0319988
-1.0169121,-0.0319988
-1.0167121,-0.0319988
-1.0165121,0
-1.0163121,-0.0319988
-1.0161121,-0.0639975
-1.0159121,0
-1.0157121,0
-1.0155121,-0.0319988
-1.0153121,-0.0319988
-1.0151121,0
-1.0149121,-0.0639975
-1.0147121,0
-1.0145121,0
-1.0143121,-0.0319988
-1.0141121,-0.0319988
-1.0139121,0
-1.0137121,0
-1.0135121,-0.0319988
-1.0133121,0
-1.0131121,0
-1.0129121,0
-1.0127121,0.0319988
-1.0125121,0.0319988
-1.0123121,0
-1.0121121,0
-1.0119121,0
-1.0117121,0.0319988
-1.0115121,0.0319988
-1.0113121,0
-1.0111121,0
-1.0109121,-0.0319988
-1.0107121,0
-1.0105121,-0.0319988
-1.0103121,0.0319988
-1.0101121,-0.0319988
-1.0099121,0.0319988
-1.0097121,0.0319988
-1.0095121,-0.0319988
-1.0093121,0
-1.0091121,0
-1.0089121,0
-1.0087121,0.0319988
-1.0085121,0.0319988
-1.0083121,0.0319988
-1.0081121,0
-1.0079121,0.0319988
-1.0077121,-0.0319988
-1.0075121,0
-1.0073121,0
-1.0071121,0.0319988
-1.0069121,0
-1.0067121,0.0639975
-1.0065121,-0.0319988
-1.0063121,0
-1.0061121,0
-1.0059121,-0.0319988
-1.0057121,0
-1.0055121,0
-1.0053121,0
-1.0051121,0
-1.0049121,0
-1.0047121,0.0319988
-1.0045121,0.0319988
-1.0043121,0
-1.0041121,-0.0319988
-1.0039121,0
-1.0037121,0.0319988
-1.0035121,0
-1.0033121,0
-1.0031121,-0.0319988
-1.0029121,0
-1.0027121,0
-1.0025121,0.0639975
-1.0023121,-0.0639975
-1.0021121,0.0319988
-1.0019121,0.0319988
-1.0017121,-0.0639975
-1.0015121,0
-1.0013121,0
-1.0011121,0
-1.0009121,0
-1.0007121,0.0319988
-1.0005121,0.0319988
-1.0003121,0
-1.0001121,0
-0.99991207,0
-0.99971207,0
-0.99951207,0
-0.99931207,-0.0319988
-0.99911207,0.0319988
-0.99891207,0
-0.99871207,0
-0.99851207,0
-0.99831207,0
-0.99811207,0
-0.99791207,0
-0.99771207,0.0319988
-0.99751207,0.0319988
-0.99731207,0
-0.99711207,0.0319988
-0.99691207,-0.0319988
-0.99671207,0
-0.99651207,0
-0.99631207,0
-0.99611207,0.0319988
-0.99591207,0
-0.99571207,0.0319988
-0.99551207,0.0319988
-0.99531207,0
-0.99511207,0
-0.99491207,0
-0.99471207,0
-0.99451207,0
-0.99431207,0
-0.99411207,0
-0.99391207,0
-0.99371207,0
-0.99351207,0.0319988
-0.99331207,0
-0.99311207,0.0639975
-0.99291207,0
-0.99271207,-0.0319988
-0.99251207,0
-0.99231207,0.0319988
-0.99211207,0
-0.99191207,0
-0.99171207,0.0319988
-0.99151207,-0.0319988
-0.99131207,0
-0.99111207,0
-0.99091207,-0.0319988
-0.99071207,0
-0.99051207,0.0319988
-0.99031207,-0.0319988
-0.99011207,-0.0319988
-0.98991207,0
-0.98971207,0
-0.98951207,0
-0.98931207,0
-0.98911207,-0.0639975
-0.98891207,0.0319988
-0.98871207,0.0319988
-0.98851207,0
-0.98831207,0
-0.98811207,0
-0.98791207,0
-0.98771207,-0.0319988
-0.98751207,0
-0.98731207,-0.0319988
-0.98711207,-0.0319988
-0.98691207,-0.0319988
-0.98671207,-0.0639975
-0.98651207,-0.0319988
-0.98631207,0.0319988
-0.98611207,0
-0.98591207,0
-0.98571207,0
-0.98551207,-0.0319988
-0.98531207,0
-0.98511207,0
-0.98491207,0
-0.98471207,0.0319988
-0.98451207,0
-0.98431207,0
-0.98411207,-0.0319988
-0.98391207,-0.0319988
-0.98371207,-0.0639975
-0.98351207,-0.0319988
-0.98331207,-0.0319988
-0.98311207,-0.0639975
-0.98291207,-0.0319988
-0.98271207,-0.0319988
-0.98251207,-0.0319988
-0.98231207,0
-0.98211207,0
-0.98191207,-0.0319988
-0.98171207,0
-0.98151207,-0.0639975
-0.98131207,-0.0639975
-0.98111207,-0.0319988
-0.98091207,0
-0.98071207,-0.0639975
-0.98051207,-0.0319988
-0.98031207,0.0319988
-0.98011207,-0.0959963
-0.97991207,0.0319988
-0.97971207,-0.0319988
-0.97951207,-0.0639975
-0.97931207,-0.0319988
-0.97911207,-0.0319988
-0.97891207,-0.0319988
-0.97871207,0
-0.97851207,0.0319988
-0.97831207,-0.0959963
-0.97811207,0
-0.97791207,0
-0.97771207,-0.0639975
-0.97751207,0
-0.97731207,0
-0.97711207,0.0319988
-0.97691207,0
-0.97671207,0
-0.97651207,0
-0.97631207,0
-0.97611207,0
-0.97591207,-0.0319988
-0.97571207,0
-0.97551207,0.0639975
-0.97531207,0
-0.97511207,0
-0.97491207,0
-0.97471207,-0.0639975
-0.97451207,-0.0319988
-0.97431207,-0.0319988
-0.97411207,0
-0.97391207,0.0319988
-0.97371207,0.0319988
-0.97351207,-0.0639975
-0.97331207,0
-0.97311207,0
-0.97291207,-0.0319988
-0.97271207,0
-0.97251207,-0.0319988
-0.97231207,-0.0319988
-0.97211207,0
-0.97191207,0
-0.97171207,0
-0.97151207,0
-0.97131207,0.0319988
-0.97111207,0.0319988
-0.97091207,-0.0319988
-0.97071207,0.0319988
-0.97051207,0
-0.97031207,-0.0319988
-0.97011207,0
-0.96991207,0.0319988
-0.96971207,0
-0.96951207,-0.0319988
-0.96931207,-0.0319988
-0.96911207,0
-0.96891207,0.0319988
-0.96871207,-0.0319988
-0.96851207,0
-0.96831207,0
-0.96811207,-0.0319988
-0.96791207,-0.0319988
-0.96771207,0
-0.96751207,-0.0639975
-0.96731207,-0.0319988
-0.96711207,-0.0319988
-0.96691207,-0.0319988
-0.96671207,-0.0639975
-0.96651207,-0.0319988
-0.96631207,-0.0639975
-0.96611207,-0.0319988
-0.96591207,0
-0.96571207,-0.0639975
-0.96551207,0
-0.96531207,-0.0319988
-0.96511207,-0.0959963
-0.96491207,-0.0319988
-0.96471207,-0.0319988
-0.96451207,-0.0639975
-0.96431207,-0.0639975
-0.96411207,-0.0319988
-0.96391207,-0.0639975
-0.96371207,0
-0.96351207,-0.0319988
-0.96331207,-0.0639975
-0.96311207,-0.0639975
-0.96291207,-0.0319988
-0.96271207,-0.0639975
-0.96251207,-0.0639975
-0.96231207,0
-0.96211207,-0.0639975
-0.96191207,-0.0319988
-0.96171207,-0.0319988
-0.96151207,-0.0319988
-0.96131207,-0.0319988
-0.96111207,-0.0639975
-0.96091207,-0.0319988
-0.96071207,-0.0319988
-0.96051207,-0.0319988
-0.96031207,-0.0639975
-0.96011207,-0.0319988
-0.95991207,-0.0319988
-0.95971207,-0.0639975
-0.95951207,-0.0319988
-0.95931207,0.0319988
-0.95911207,-0.0639975
-0.95891207,0
-0.95871207,-0.0639975
-0.95851207,-0.0639975
-0.95831207,-0.0639975
-0.95811207,-0.0639975
-0.95791207,-0.0639975
-0.95771207,-0.0639975
-0.95751207,-0.0319988
-0.95731207,-0.0639975
-0.95711207,-0.0319988
-0.95691207,0
-0.95671207,-0.0639975
-0.95651207,-0.0319988
-0.95631207,-0.0319988
-0.95611207,-0.0319988
-0.95591207,-0.0319988
-0.95571207,-0.0639975
-0.95551207,-0.0319988
-0.95531207,-0.0319988
-0.95511207,0
-0.95491207,-0.0639975
-0.95471207,0
-0.95451207,-0.0319988
-0.95431207,-0.0639975
-0.95411207,0
-0.95391207,-0.0639975
-0.95371207,-0.0639975
-0.95351207,0
-0.95331207,-0.0639975
-0.95311207,-0.0959963
-0.95291207,-0.0319988
-0.95271207,-0.0639975
-0.95251207,-0.0959963
-0.95231207,-0.0959963
-0.95211207,-0.0319988
-0.95191207,-0.0639975
-0.95171207,-0.0319988
-0.95151207,-0.0319988
-0.95131207,-0.0639975
-0.95111207,-0.0639975
-0.95091207,-0.0319988
-0.95071207,-0.0959963
-0.95051207,-0.0639975
-0.95031207,-0.0319988
-0.95011207,-0.0319988
-0.94991207,0
-0.94971207,0
-0.94951207,-0.0639975
-0.94931207,-0.0319988
-0.94911207,-0.0639975
-0.94891207,0
-0.94871207,-0.0319988
-0.94851207,-0.0639975
-0.94831207,-0.0639975
-0.94811207,-0.0639975
-0.94791207,-0.0639975
-0.94771207,-0.0639975
-0.94751207,-0.0639975
-0.94731207,-0.0319988
-0.94711207,-0.0639975
-0.94691207,-0.0319988
-0.94671207,-0.0319988
-0.94651207,-0.0639975
-0.94631207,0
-0.94611207,-0.0639975
-0.94591207,0.0319988
-0.94571207,-0.0319988
-0.94551207,-0.0319988
-0.94531207,-0.0959963
-0.94511207,0
-0.94491207,0
-0.94471207,-0.0319988
-0.94451207,-0.0319988
-0.94431207,-0.0319988
-0.94411207,-0.0639975
-0.94391207,-0.0639975
-0.94371207,-0.0319988
-0.94351207,-0.0959963
-0.94331207,-0.0639975
-0.94311207,-0.0319988
-0.94291207,-0.0319988
-0.94271207,-0.0319988
-0.94251207,-0.0319988
-0.94231207,-0.0639975
-0.94211207,-0.0639975
-0.94191207,-0.0319988
-0.94171207,-0.0639975
-0.94151207,-0.0639975
-0.94131207,-0.0319988
-0.94111207,0
-0.94091207,0
-0.94071207,0
-0.94051207,-0.0639975
-0.94031207,-0.0319988
-0.94011207,0
-0.93991207,-0.0639975
-0.93971207,-0.0319988
-0.93951207,-0.0319988
-0.93931207,-0.0639975
-0.93911207,0
-0.93891207,-0.0319988
-0.93871207,-0.0319988
-0.93851207,-0.0319988
-0.93831207,-0.0319988
-0.93811207,-0.0959963
-0.93791207,-0.0319988
-0.93771207,-0.0319988
-0.93751207,-0.0319988
-0.93731207,0
-0.93711207,-0.0319988
-0.93691207,-0.0639975
-0.93671207,0
-0.93651207,-0.0639975
-0.93631207,-0.0319988
-0.93611207,-0.0319988
-0.93591207,0
-0.93571207,-0.0639975
-0.93551207,-0.0959963
-0.93531207,-0.0319988
-0.93511207,-0.0639975
-0.93491207,-0.0319988
-0.93471207,-0.0319988
-0.93451207,-0.0639975
-0.93431207,-0.0319988
-0.93411207,-0.0319988
-0.93391207,-0.0639975
-0.93371207,-0.0319988
-0.93351207,-0.0639975
-0.93331207,-0.0639975
-0.93311207,-0.0319988
-0.93291207,-0.0959963
-0.93271207,-0.0319988
-0.93251207,-0.0319988
-0.93231207,-0.0639975
-0.93211207,-0.0639975
-0.93191207,-0.0959963
-0.93171207,-0.0319988
-0.93151207,-0.127995
-0.93131207,-0.0319988
-0.93111207,-0.0319988
-0.93091207,-0.0639975
-0.93071207,-0.0639975
-0.93051207,-0.0319988
-0.93031207,-0.0639975
-0.93011207,-0.0959963
-0.92991207,-0.0319988
-0.92971207,-0.0959963
-0.92951207,-0.0959963
-0.92931207,-0.0319988
-0.92911207,-0.0639975
-0.92891207,-0.0639975
-0.92871207,-0.0959963
-0.92851207,-0.0639975
-0.92831207,-0.0639975
-0.92811207,-0.0639975
-0.92791207,-0.0639975
-0.92771207,-0.0959963
-0.92751207,-0.0639975
-0.92731207,-0.0959963
-0.92711207,-0.0639975
-0.92691207,-0.0639975
-0.92671207,-0.0639975
-0.92651207,-0.0639975
-0.92631207,-0.0959963
-0.92611207,-0.0639975
-0.92591207,-0.0639975
-0.92571207,-0.0639975
-0.92551207,-0.0639975
-0.92531207,-0.0319988
-0.92511207,-0.0319988
-0.92491207,-0.0639975
-0.92471207,-0.0319988
-0.92451207,-0.0319988
-0.92431207,-0.0959963
-0.92411207,-0.0639975
-0.92391207,-0.0319988
-0.92371207,-0.0639975
-0.92351207,-0.0639975
-0.92331207,-0.0319988
-0.92311207,-0.0959963
-0.92291207,-0.0639975
-0.92271207,0
-0.92251207,-0.0639975
-0.92231207,-0.0319988
-0.92211207,-0.0319988
-0.92191207,-0.0959963
-0.92171207,-0.0639975
-0.92151207,-0.0639975
-0.92131207,-0.0959963
-0.92111207,-0.0639975
-0.92091207,-0.0639975
-0.92071207,-0.0639975
-0.92051207,-0.0639975
-0.92031207,-0.0319988
-0.92011207,-0.127995
-0.91991207,-0.0639975
-0.91971207,-0.0319988
-0.91951207,-0.0959963
-0.91931207,-0.0639975
-0.91911207,-0.0319988
-0.91891207,-0.0959963
-0.91871207,-0.0639975
-0.91851207,-0.0639975
-0.91831207,-0.0959963
-0.91811207,-0.0639975
-0.91791207,-0.0959963
-0.91771207,-0.0959963
-0.91751207,-0.0959963
-0.91731207,-0.0959963
-0.91711207,-0.0959963
-0.91691207,-0.0959963
-0.91671207,-0.0639975
-0.91651207,-0.0959963
-0.91631207,-0.0959963
-0.91611207,-0.0959963
-0.91591207,-0.0959963
-0.91571207,-0.127995
-0.91551207,-0.0639975
-0.91531207,-0.127995
-0.91511207,-0.0639975
-0.91491207,-0.0639975
-0.91471207,-0.0959963
-0.91451207,-0.0639975
-0.91431207,-0.0639975
-0.91411207,-0.0959963
-0.91391207,-0.0959963
-0.91371207,-0.0319988
-0.91351207,-0.0959963
-0.91331207,-0.0959963
-0.91311207,-0.0959963
-0.91291207,-0.0959963
-0.91271207,-0.0639975
-0.91251207,-0.0639975
-0.91231207,-0.0959963
-0.91211207,-0.0639975
-0.91191207,-0.0639975
-0.91171207,-0.0959963
-0.91151207,-0.0959963
-0.91131207,-0.0959963
-0.91111207,-0.0959963
-0.91091207,-0.0639975
-0.91071207,-0.0959963
-0.91051207,-0.127995
-0.91031207,-0.0639975
-0.91011207,-0.0959963
-0.90991207,-0.0959963
-0.90971207,-0.0959963
-0.90951207,-0.0959963
-0.90931207,-0.127995
-0.90911207,-0.0959963
-0.90891207,-0.0639975
-0.90871207,-0.0959963
-0.90851207,-0.0639975
-0.90831207,-0.0639975
-0.90811207,-0.0959963
-0.90791207,-0.0959963
-0.90771207,-0.0639975
-0.90751207,-0.0959963
-0.90731207,-0.0639975
-0.90711207,-0.0639975
-0.90691207,-0.127995
-0.90671207,-0.0959963
-0.90651207,-0.0639975
-0.90631207,-0.0959963
-0.90611207,-0.0639975
-0.90591207,-0.0959963
-0.90571207,-0.159994
-0.90551207,-0.127995
-0.90531207,-0.0959963
-0.90511207,-0.0959963
-0.90491207,-0.127995
-0.90471207,-0.0639975
-0.90451207,-0.127995
-0.90431207,-0.0639975
-0.90411207,-0.0639975
-0.90391207,-0.159994
-0.90371207,-0.0959963
-0.90351207,-0.0959963
-0.90331207,-0.0639975
-0.90311207,-0.0959963
-0.90291207,-0.0959963
-0.90271207,-0.127995
-0.90251207,-0.0639975
-0.90231207,-0.127995
-0.90211207,-0.127995
-0.90191207,-0.0959963
-0.90171207,-0.0639975
-0.90151207,-0.0639975
-0.90131207,-0.0639975
-0.90111207,-0.0639975
-0.90091207,-0.0959963
-0.90071207,-0.0639975
-0.90051207,-0.0639975
-0.90031207,-0.0639975
-0.90011207,-0.0959963
-0.89991207,-0.0639975
-0.89971207,-0.127995
-0.89951207,-0.0639975
-0.89931207,-0.0959963
-0.89911207,-0.127995
-0.89891207,-0.0959963
-0.89871207,-0.0959963
-0.89851207,-0.0639975
-0.89831207,-0.0639975
-0.89811207,-0.0639975
-0.89791207,-0.0639975
-0.89771207,-0.0959963
-0.89751207,-0.0959963
-0.89731207,-0.127995
-0.89711207,-0.0959963
-0.89691207,-0.0959963
-0.89671207,-0.0959963
-0.89651207,-0.0639975
-0.89631207,-0.127995
-0.89611207,-0.0639975
-0.89591207,-0.0959963
-0.89571207,-0.0639975
-0.89551207,-0.127995
-0.89531207,-0.0639975
-0.89511207,-0.0639975
-0.89491207,-0.0959963
-0.89471207,-0.0639975
-0.89451207,-0.0639975
-0.89431207,-0.0639975
-0.89411207,-0.0959963
-0.89391207,-0.0639975
-0.89371207,-0.0959963
-0.89351207,-0.0959963
-0.89331207,-0.0959963
-0.89311207,-0.127995
-0.89291207,-0.127995
-0.89271207,-0.0639975
-0.89251207,-0.127995
-0.89231207,-0.0959963
-0.89211207,-0.0319988
-0.89191207,-0.127995
-0.89171207,-0.0959963
-0.89151207,-0.0959963
-0.89131207,-0.0959963
-0.89111207,-0.0639975
-0.89091207,-0.0639975
-0.89071207,-0.0639975
-0.89051207,-0.0959963
-0.89031207,-0.0639975
-0.89011207,-0.127995
-0.88991207,-0.0959963
-0.88971207,-0.0639975
-0.88951207,-0.0959963
-0.88931207,-0.0959963
-0.88911207,-0.127995
-0.88891207,-0.127995
-0.88871207,-0.0959963
-0.88851207,-0.0959963
-0.88831207,-0.127995
-0.88811207,-0.0639975
-0.88791207,-0.0639975
-0.88771207,-0.0639975
-0.88751207,-0.0319988
-0.88731207,-0.0639975
-0.88711207,-0.0959963
-0.88691207,-0.0959963
-0.88671207,-0.127995
-0.88651207,-0.0959963
-0.88631207,-0.0959963
-0.88611207,-0.0639975
-0.88591207,-0.0959963
-0.88571207,-0.0319988
-0.88551207,-0.0959963
-0.88531207,-0.0959963
-0.88511207,-0.0639975
-0.88491207,-0.0959963
-0.88471207,-0.0639975
-0.88451207,-0.0319988
-0.88431207,-0.0959963
-0.88411207,-0.0639975
-0.88391207,-0.0639975
-0.88371207,-0.0959963
-0.88351207,-0.127995
-0.88331207,-0.127995
-0.88311207,-0.0959963
-0.88291207,-0.159994
-0.88271207,-0.0959963
-0.88251207,-0.127995
-0.88231207,-0.0959963
-0.88211207,-0.0959963
-0.88191207,-0.127995
-0.88171207,-0.159994
-0.88151207,-0.127995
-0.88131207,-0.127995
-0.88111207,-0.127995
-0.88091207,-0.127995
-0.88071207,-0.0959963
-0.88051207,-0.127995
-0.88031207,-0.0959963
-0.88011207,-0.0959963
-0.87991207,-0.127995
-0.87971207,-0.0959963
-0.87951207,-0.127995
-0.87931207,-0.127995
-0.87911207,-0.127995
-0.87891207,-0.127995
-0.87871207,-0.159994
-0.87851207,-0.0959963
-0.87831207,-0.127995
-0.87811207,-0.127995
-0.87791207,-0.127995
-0.87771207,-0.0959963
-0.87751207,-0.159994
-0.87731207,-0.127995
-0.87711207,-0.127995
-0.87691207,-0.0639975
-0.87671207,-0.127995
-0.87651207,-0.127995
-0.87631207,-0.127995
-0.87611207,-0.159994
-0.87591207,-0.0959963
-0.87571207,-0.127995
-0.87551207,-0.159994
-0.87531207,-0.0959963
-0.87511207,-0.159994
-0.87491207,-0.127995
-0.87471207,-0.0959963
-0.87451207,-0.159994
-0.87431207,-0.0959963
-0.87411207,-0.0959963
-0.87391207,-0.127995
-0.87371207,-0.159994
-0.87351207,-0.127995
-0.87331207,-0.127995
-0.87311207,-0.127995
-0.87291207,-0.0959963
-0.87271207,-0.127995
-0.87251207,-0.127995
-0.87231207,-0.0959963
-0.87211207,-0.127995
-0.87191207,-0.127995
-0.87171207,-0.127995
-0.87151207,-0.159994
-0.87131207,-0.127995
-0.87111207,-0.127995
-0.87091207,-0.127995
-0.87071207,-0.127995
-0.87051207,-0.0959963
-0.87031207,-0.127995
-0.87011207,-0.127995
-0.86991207,-0.127995
-0.86971207,-0.127995
-0.86951207,-0.0959963
-0.86931207,-0.0639975
-0.86911207,-0.159994
-0.86891207,-0.0959963
-0.86871207,-0.127995
-0.86851207,-0.159994
-0.86831207,-0.0959963
-0.86811207,-0.0959963
-0.86791207,-0.159994
-0.86771207,-0.159994
-0.86751207,-0.159994
-0.86731207,-0.127995
-0.86711207,-0.127995
-0.86691207,-0.127995
-0.86671207,-0.159994
-0.86651207,-0.127995
-0.86631207,-0.159994
-0.86611207,-0.159994
-0.86591207,-0.127995
-0.86571207,-0.127995
-0.86551207,-0.159994
-0.86531207,-0.159994
-0.86511207,-0.127995
-0.86491207,-0.159994
-0.86471207,-0.159994
-0.86451207,-0.0959963
-0.86431207,-0.159994
-0.86411207,-0.127995
-0.86391207,-0.127995
-0.86371207,-0.159994
-0.86351207,-0.127995
-0.86331207,-0.127995
-0.86311207,-0.0959963
-0.86291207,-0.127995
-0.86271207,-0.127995
-0.86251207,-0.159994
-0.86231207,-0.159994
-0.86211207,-0.127995
-0.86191207,-0.127995
-0.86171207,-0.159994
-0.86151207,-0.127995
-0.86131207,-0.159994
-0.86111207,-0.127995
-0.86091207,-0.159994
-0.86071207,-0.159994
-0.86051207,-0.127995
-0.86031207,-0.127995
-0.86011207,-0.127995
-0.85991207,-0.191993
-0.85971207,-0.127995
-0.85951207,-0.191993
-0.85931207,-0.127995
-0.85911207,-0.159994
-0.85891207,-0.159994
-0.85871207,-0.0959963
-0.85851207,-0.159994
-0.85831207,-0.127995
-0.85811207,-0.191993
-0.85791207,-0.159994
-0.85771207,-0.191993
-0.85751207,-0.191993
-0.85731207,-0.159994
-0.85711207,-0.223991
-0.85691207,-0.191993
-0.85671207,-0.191993
-0.85651207,-0.159994
-0.85631207,-0.191993
-0.85611207,-0.159994
-0.85591207,-0.223991
-0.85571207,-0.191993
-0.85551207,-0.191993
-0.85531207,-0.191993
-0.85511207,-0.223991
-0.85491207,-0.191993
-0.85471207,-0.159994
-0.85451207,-0.223991
-0.85431207,-0.191993
-0.85411207,-0.191993
-0.85391207,-0.223991
-0.85371207,-0.191993
-0.85351207,-0.223991
-0.85331207,-0.191993
-0.85311207,-0.191993
-0.85291207,-0.25599
-0.85271207,-0.191993
-0.85251207,-0.191993
-0.85231207,-0.223991
-0.85211207,-0.223991
-0.85191207,-0.223991
-0.85171207,-0.223991
-0.85151207,-0.223991
-0.85131207,-0.25599
-0.85111207,-0.223991
-0.85091207,-0.25599
-0.85071207,-0.191993
-0.85051207,-0.223991
-0.85031207,-0.223991
-0.85011207,-0.191993
-0.84991207,-0.223991
-0.84971207,-0.25599
-0.84951207,-0.159994
-0.84931207,-0.25599
-0.84911207,-0.223991
-0.84891207,-0.223991
-0.84871207,-0.223991
-0.84851207,-0.25599
-0.84831207,-0.191993
-0.84811207,-0.223991
-0.84791207,-0.223991
-0.84771207,-0.25599
-0.84751207,-0.25599
-0.84731207,-0.223991
-0.84711207,-0.191993
-0.84691207,-0.25599
-0.84671207,-0.223991
-0.84651207,-0.159994
-0.84631207,-0.223991
-0.84611207,-0.25599
-0.84591207,-0.223991
-0.84571207,-0.223991
-0.84551207,-0.223991
-0.84531207,-0.25599
-0.84511207,-0.25599
-0.84491207,-0.25599
-0.84471207,-0.191993
-0.84451207,-0.25599
-0.84431207,-0.287989
-0.84411207,-0.25599
-0.84391207,-0.25599
-0.84371207,-0.287989
-0.84351207,-0.223991
-0.84331207,-0.287989
-0.84311207,-0.25599
-0.84291207,-0.25599
-0.84271207,-0.25599
-0.84251207,-0.287989
-0.84231207,-0.25599
-0.84211207,-0.25599
-0.84191207,-0.25599
-0.84171207,-0.191993
-0.84151207,-0.287989
-0.84131207,-0.319988
-0.84111207,-0.25599
-0.84091207,-0.25599
-0.84071207,-0.319988
-0.84051207,-0.25599
-0.84031207,-0.25599
-0.84011207,-0.25599
-0.83991207,-0.287989
-0.83971207,-0.287989
-0.83951207,-0.287989
-0.83931207,-0.159994
-0.83911207,-0.25599
-0.83891207,-0.287989
-0.83871207,-0.223991
-0.83851207,-0.25599
-0.83831207,-0.223991
-0.83811207,-0.223991
-0.83791207,-0.25599
-0.83771207,-0.25599
-0.83751207,-0.223991
-0.83731207,-0.223991
-0.83711207,-0.25599
-0.83691207,-0.25599
-0.83671207,-0.191993
-0.83651207,-0.25599
-0.83631207,-0.223991
-0.83611207,-0.25599
-0.83591207,-0.223991
-0.83571207,-0.25599
-0.83551207,-0.25599
-0.83531207,-0.191993
-0.83511207,-0.223991
-0.83491207,-0.25599
-0.83471207,-0.223991
-0.83451207,-0.223991
-0.83431207,-0.223991
-0.83411207,-0.223991
-0.83391207,-0.223991
-0.83371207,-0.223991
-0.83351207,-0.25599
-0.83331207,-0.191993
-0.83311207,-0.223991
-0.83291207,-0.223991
-0.83271207,-0.25599
-0.83251207,-0.223991
-0.83231207,-0.25599
-0.83211207,-0.25599
-0.83191207,-0.287989
-0.83171207,-0.223991
-0.83151207,-0.191993
-0.83131207,-0.25599
-0.83111207,-0.25599
-0.83091207,-0.25599
-0.83071207,-0.25599
-0.83051207,-0.223991
-0.83031207,-0.191993
-0.83011207,-0.25599
-0.82991207,-0.25599
-0.82971207,-0.25599
-0.82951207,-0.25599
-0.82931207,-0.223991
-0.82911207,-0.191993
-0.82891207,-0.25599
-0.82871207,-0.223991
-0.82851207,-0.223991
-0.82831207,-0.223991
-0.82811207,-0.223991
-0.82791207,-0.191993
-0.82771207,-0.223991
-0.82751207,-0.287989
-0.82731207,-0.223991
-0.82711207,-0.25599
-0.82691207,-0.25599
-0.82671207,-0.223991
-0.82651207,-0.223991
-0.82631207,-0.223991
-0.82611207,-0.191993
-0.82591207,-0.25599
-0.82571207,-0.25599
-0.82551207,-0.223991
-0.82531207,-0.191993
-0.82511207,-0.25599
-0.82491207,-0.287989
-0.82471207,-0.223991
-0.82451207,-0.223991
-0.82431207,-0.25599
-0.82411207,-0.223991
-0.82391207,-0.25599
-0.82371207,-0.223991
-0.82351207,-0.223991
-0.82331207,-0.223991
-0.82311207,-0.159994
-0.82291207,-0.223991
-0.82271207,-0.159994
-0.82251207,-0.191993
-0.82231207,-0.191993
-0.82211207,-0.191993
-0.82191207,-0.223991
-0.82171207,-0.25599
-0.82151207,-0.191993
-0.82131207,-0.223991
-0.82111207,-0.25599
-0.82091207,-0.223991
-0.82071207,-0.159994
-0.82051207,-0.223991
-0.82031207,-0.25599
-0.82011207,-0.191993
-0.81991207,-0.223991
-0.81971207,-0.223991
-0.81951207,-0.191993
-0.81931207,-0.223991
-0.81911207,-0.223991
-0.81891207,-0.159994
-0.81871207,-0.25599
-0.81851207,-0.159994
-0.81831207,-0.191993
-0.81811207,-0.191993
-0.81791207,-0.25599
-0.81771207,-0.191993
-0.81751207,-0.223991
-0.81731207,-0.191993
-0.81711207,-0.159994
-0.81691207,-0.159994
-0.81671207,-0.223991
-0.81651207,-0.191993
-0.81631207,-0.191993
-0.81611207,-0.191993
-0.81591207,-0.159994
-0.81571207,-0.159994
-0.81551207,-0.159994
-0.81531207,-0.159994
-0.81511207,-0.223991
-0.81491207,-0.159994
-0.81471207,-0.159994
-0.81451207,-0.191993
-0.81431207,-0.191993
-0.81411207,-0.191993
-0.81391207,-0.159994
-0.81371207,-0.191993
-0.81351207,-0.159994
-0.81331207,-0.191993
-0.81311207,-0.159994
-0.81291207,-0.127995
-0.81271207,-0.127995
-0.81251207,-0.127995
-0.81231207,-0.127995
-0.81211207,-0.191993
-0.81191207,-0.127995
-0.81171207,-0.127995
-0.81151207,-0.159994
-0.81131207,-0.127995
-0.81111207,-0.159994
-0.81091207,-0.159994
-0.81071207,-0.127995
-0.81051207,-0.127995
-0.81031207,-0.127995
-0.81011207,-0.127995
-0.80991207,-0.0959963
-0.80971207,-0.127995
-0.80951207,-0.0959963
-0.80931207,-0.0959963
-0.80911207,-0.0959963
-0.80891207,-0.159994
-0.80871207,-0.0319988
-0.80851207,-0.159994
-0.80831207,-0.127995
-0.80811207,-0.0959963
-0.80791207,-0.159994
-0.80771207,-0.127995
-0.80751207,-0.0959963
-0.80731207,-0.127995
-0.80711207,-0.127995
-0.80691207,-0.0959963
-0.80671207,-0.127995
-0.80651207,-0.127995
-0.80631207,-0.0959963
-0.80611207,-0.159994
-0.80591207,-0.127995
-0.80571207,-0.0959963
-0.80551207,-0.127995
-0.80531207,-0.0959963
-0.80511207,-0.0959963
-0.80491207,-0.127995
-0.80471207,-0.0959963
-0.80451207,-0.0959963
-0.80431207,-0.127995
-0.80411207,-0.0959963
-0.80391207,-0.0639975
-0.80371207,-0.127995
-0.80351207,-0.0959963
-0.80331207,-0.0959963
-0.80311207,-0.191993
-0.80291207,-0.0959963
-0.80271207,-0.127995
-0.80251207,-0.0959963
-0.80231207,-0.127995
-0.80211207,-0.0959963
-0.80191207,-0.127995
-0.80171207,-0.0639975
-0.80151207,-0.159994
-0.80131207,-0.159994
-0.80111207,-0.0959963
-0.80091207,-0.127995
-0.80071207,-0.0959963
-0.80051207,-0.0959963
-0.80031207,-0.127995
-0.80011207,-0.0959963
-0.79991207,-0.127995
-0.79971207,-0.0639975
-0.79951207,-0.127995
-0.79931207,-0.127995
-0.79911207,-0.0959963
-0.79891207,-0.127995
-0.79871207,-0.127995
-0.79851207,-0.0639975
-0.79831207,-0.127995
-0.79811207,-0.0959963
-0.79791207,-0.127995
-0.79771207,-0.127995
-0.79751207,-0.127995
-0.79731207,-0.0959963
-0.79711207,-0.0959963
-0.79691207,-0.0639975
-0.79671207,-0.127995
-0.79651207,-0.159994
-0.79631207,-0.0959963
-0.79611207,-0.0959963
-0.79591207,-0.127995
-0.79571207,-0.0959963
-0.79551207,-0.0959963
-0.79531207,-0.127995
-0.79511207,-0.0959963
-0.79491207,-0.0319988
-0.79471207,-0.0639975
-0.79451207,-0.0959963
-0.79431207,-0.0639975
-0.79411207,-0.159994
-0.79391207,-0.0639975
-0.79371207,-0.0319988
-0.79351207,-0.127995
-0.79331207,-0.0959963
-0.79311207,-0.0959963
-0.79291207,-0.0959963
-0.79271207,-0.127995
-0.79251207,-0.0959963
-0.79231207,-0.0959963
-0.79211207,-0.0959963
-0.79191207,-0.0959963
-0.79171207,-0.127995
-0.79151207,-0.0959963
-0.79131207,-0.0959963
-0.79111207,-0.127995
-0.79091207,-0.0639975
-0.79071207,-0.0639975
-0.79051207,-0.0959963
-0.79031207,-0.0959963
-0.79011207,-0.0639975
-0.78991207,-0.0959963
-0.78971207,-0.0639975
-0.78951207,-0.0319988
-0.78931207,-0.0959963
-0.78911207,-0.0639975
-0.78891207,-0.0319988
-0.78871207,-0.0959963
-0.78851207,-0.0959963
-0.78831207,-0.0639975
-0.78811207,-0.0959963
-0.78791207,-0.0639975
-0.78771207,0
-0.78751207,-0.0959963
-0.78731207,-0.0639975
-0.78711207,-0.0319988
-0.78691207,-0.0319988
-0.78671207,-0.0319988
-0.78651207,-0.0319988
-0.78631207,-0.0639975
-0.78611207,-0.0639975
-0.78591207,-0.0319988
-0.78571207,-0.0639975
-0.78551207,0
-0.78531207,-0.0319988
-0.78511207,-0.0639975
-0.78491207,-0.0319988
-0.78471207,0
-0.78451207,-0.0639975
-0.78431207,-0.0639975
-0.78411207,-0.0319988
-0.78391207,-0.0319988
-0.78371207,0
-0.78351207,0
-0.78331207,-0.0319988
-0.78311207,0
-0.78291207,0
-0.78271207,-0.0639975
-0.78251207,-0.0319988
-0.78231207,0
-0.78211207,-0.0319988
-0.78191207,0
-0.78171207,-0.0319988
-0.78151207,-0.0959963
-0.78131207,0
-0.78111207,0
-0.78091207,0
-0.78071207,0
-0.78051207,0
-0.78031207,-0.0639975
-0.78011207,0
-0.77991207,0
-0.77971207,-0.0959963
-0.77951207,-0.0319988
-0.77931207,0.0319988
-0.77911207,-0.0319988
-0.77891207,-0.0639975
-0.77871207,0
-0.77851207,-0.0639975
-0.77831207,-0.0319988
-0.77811207,0
-0.77791207,-0.0639975
-0.77771207,0
-0.77751207,0
-0.77731207,-0.0639975
-0.77711207,-0.0319988
-0.77691207,-0.0319988
-0.77671207,0
-0.77651207,0
-0.77631207,-0.0319988
-0.77611207,-0.0319988
-0.77591207,-0.0319988
-0.77571207,-0.0319988
-0.77551207,-0.0319988
-0.77531207,-0.0319988
-0.77511207,0
-0.77491207,-0.0639975
-0.77471207,0
-0.77451207,-0.0639975
-0.77431207,0
-0.77411207,-0.0319988
-0.77391207,0
-0.77371207,-0.0959963
-0.77351207,-0.0319988
-0.77331207,-0.0319988
-0.77311207,-0.0639975
-0.77291207,-0.0319988
-0.77271207,0
-0.77251207,-0.0639975
-0.77231207,0.0319988
-0.77211207,0
-0.77191207,-0.0319988
-0.77171207,0
-0.77151207,0
-0.77131207,-0.0319988
-0.77111207,0
-0.77091207,0.0319988
-0.77071207,-0.0319988
-0.77051207,-0.0319988
-0.77031207,-0.0319988
-0.77011207,-0.0319988
-0.76991207,-0.0319988
-0.76971207,0
-0.76951207,0
-0.76931207,0
-0.76911207,0
-0.76891207,-0.0639975
-0.76871207,0
-0.76851207,0
-0.76831207,0
-0.76811207,0
-0.76791207,0.0319988
-0.76771207,-0.0319988
-0.76751207,-0.0319988
-0.76731207,0.0319988
-0.76711207,-0.0319988
-0.76691207,0
-0.76671207,0.0319988
-0.76651207,0
-0.76631207,0
-0.76611207,0
-0.76591207,0
-0.76571207,0
-0.76551207,0.0319988
-0.76531207,-0.0319988
-0.76511207,-0.0319988
-0.76491207,0.0319988
-0.76471207,0
-0.76451207,0
-0.76431207,0
-0.76411207,-0.0319988
-0.76391207,0
-0.76371207,0
-0.76351207,-0.0319988
-0.76331207,-0.0319988
-0.76311207,0.0319988
-0.76291207,-0.0319988
-0.76271207,-0.0319988
-0.76251207,-0.0319988
-0.76231207,-0.0639975
-0.76211207,-0.0319988
-0.76191207,0
-0.76171207,0
-0.76151207,0
-0.76131207,0
-0.76111207,0
-0.76091207,0
-0.76071207,-0.0319988
-0.76051207,-0.0319988
-0.76031207,-0.0319988
-0.76011207,-0.0319988
-0.75991207,-0.0639975
-0.75971207,-0.0319988
-0.75951207,-0.0319988
-0.75931207,0
-0.75911207,0
-0.75891207,0
-0.75871207,-0.0319988
-0.75851207,-0.0319988
-0.75831207,-0.0639975
-0.75811207,-0.0319988
-0.75791207,-0.0319988
-0.75771207,-0.0319988
-0.75751207,-0.0639975
-0.75731207,-0.0639975
-0.75711207,-0.0319988
-0.75691207,-0.0319988
-0.75671207,-0.0319988
-0.75651207,-0.0639975
-0.75631207,-0.0319988
-0.75611207,-0.0319988
-0.75591207,-0.0639975
-0.75571207,-0.0639975
-0.75551207,-0.0319988
-0.75531207,-0.0319988
-0.75511207,-0.0319988
-0.75491207,-0.0319988
-0.75471207,-0.0319988
-0.75451207,-0.0639975
-0.75431207,-0.0639975
-0.75411207,0
-0.75391207,-0.0639975
-0.75371207,-0.0319988
-0.75351207,-0.0959963
-0.75331207,-0.0319988
-0.75311207,0
-0.75291207,-0.0639975
-0.75271207,-0.0639975
-0.75251207,0
-0.75231207,-0.0319988
-0.75211207,-0.0639975
-0.75191207,-0.0319988
-0.75171207,-0.0319988
-0.75151207,-0.0959963
-0.75131207,-0.0319988
-0.75111207,-0.0319988
-0.75091207,-0.0639975
-0.75071207,-0.0319988
-0.75051207,-0.0959963
-0.75031207,-0.0639975
-0.75011207,-0.0639975
-0.74991207,-0.0639975
-0.74971207,-0.0959963
-0.74951207,-0.0639975
-0.74931207,-0.0639975
-0.74911207,-0.0319988
-0.74891207,-0.0639975
-0.74871207,-0.0319988
-0.74851207,-0.0639975
-0.74831207,-0.0319988
-0.74811207,-0.0319988
-0.74791207,-0.0319988
-0.74771207,-0.0639975
-0.74751207,-0.0639975
-0.74731207,-0.0639975
-0.74711207,-0.0959963
-0.74691207,-0.0319988
-0.74671207,-0.0639975
-0.74651207,-0.0639975
-0.74631207,-0.0319988
-0.74611207,-0.0959963
-0.74591207,-0.0639975
-0.74571207,-0.0319988
-0.74551207,-0.0639975
-0.74531207,-0.0959963
-0.74511207,-0.0319988
-0.74491207,-0.0639975
-0.74471207,-0.0639975
-0.74451207,-0.0639975
-0.74431207,-0.0639975
-0.74411207,-0.0319988
-0.74391207,-0.0639975
-0.74371207,0.0319988
-0.74351207,-0.0319988
-0.74331207,-0.0319988
-0.74311207,-0.0959963
-0.74291207,-0.0639975
-0.74271207,-0.0959963
-0.74251207,-0.0319988
-0.74231207,-0.0959963
-0.74211207,-0.0319988
-0.74191207,-0.0639975
-0.74171207,-0.0319988
-0.74151207,-0.0639975
-0.74131207,-0.0639975
-0.74111207,-0.0639975
-0.74091207,-0.0639975
-0.74071207,-0.0639975
-0.74051207,-0.0639975
-0.74031207,-0.0639975
-0.74011207,-0.0639975
-0.73991207,-0.0639975
-0.73971207,-0.0639975
-0.73951207,-0.0639975
-0.73931207,-0.0959963
-0.73911207,-0.0639975
-0.73891207,-0.0639975
-0.73871207,-0.0319988
-0.73851207,-0.0319988
-0.73831207,-0.0959963
-0.73811207,-0.0639975
-0.73791207,-0.0639975
-0.73771207,-0.0959963
-0.73751207,-0.0319988
-0.73731207,-0.0639975
-0.73711207,-0.0639975
-0.73691207,-0.0639975
-0.73671207,-0.0319988
-0.73651207,-0.0959963
-0.73631207,-0.0319988
-0.73611207,-0.0639975
-0.73591207,-0.0639975
-0.73571207,-0.0319988
-0.73551207,-0.0639975
-0.73531207,-0.0959963
-0.73511207,-0.0639975
-0.73491207,-0.0639975
-0.73471207,-0.0959963
-0.73451207,-0.0639975
-0.73431207,-0.0639975
-0.73411207,-0.127995
-0.73391207,-0.0639975
-0.73371207,-0.0639975
-0.73351207,-0.127995
-0.73331207,-0.0639975
-0.73311207,-0.0639975
-0.73291207,-0.127995
-0.73271207,-0.0319988
-0.73251207,-0.0639975
-0.73231207,-0.0959963
-0.73211207,-0.0959963
-0.73191207,-0.0959963
-0.73171207,-0.127995
-0.73151207,-0.0959963
-0.73131207,-0.0639975
-0.73111207,-0.0959963
-0.73091207,-0.0639975
-0.73071207,-0.0639975
-0.73051207,-0.127995
-0.73031207,-0.0319988
-0.73011207,-0.0639975
-0.72991207,-0.0959963
-0.72971207,-0.0959963
-0.72951207,-0.0639975
-0.72931207,-0.0959963
-0.72911207,-0.0639975
-0.72891207,-0.0319988
-0.72871207,-0.159994
-0.72851207,-0.0639975
-0.72831207,-0.0959963
-0.72811207,-0.0639975
-0.72791207,-0.0639975
-0.72771207,-0.0639975
-0.72751207,-0.0959963
-0.72731207,-0.0639975
-0.72711207,-0.0959963
-0.72691207,-0.0959963
-0.72671207,-0.0639975
-0.72651207,-0.0959963
-0.72631207,-0.0319988
-0.72611207,-0.0959963
-0.72591207,-0.0959963
-0.72571207,-0.0639975
-0.72551207,-0.127995
-0.72531207,-0.0639975
-0.72511207,-0.0959963
-0.72491207,-0.127995
-0.72471207,-0.0639975
-0.72451207,-0.0639975
-0.72431207,-0.0639975
-0.72411207,-0.0959963
-0.72391207,-0.127995
-0.72371207,-0.0959963
-0.72351207,-0.0639975
-0.72331207,-0.127995
-0.72311207,-0.0639975
-0.72291207,-0.0959963
-0.72271207,-0.127995
-0.72251207,-0.0959963
-0.72231207,-0.0959963
-0.72211207,-0.127995
-0.72191207,-0.0959963
-0.72171207,-0.0959963
-0.72151207,-0.159994
-0.72131207,-0.127995
-0.72111207,-0.0959963
-0.72091207,-0.127995
-0.72071207,-0.127995
-0.72051207,-0.127995
-0.72031207,-0.127995
-0.72011207,-0.0959963
-0.71991207,-0.159994
-0.71971207,-0.159994
-0.71951207,-0.0959963
-0.71931207,-0.0639975
-0.71911207,-0.159994
-0.71891207,-0.127995
-0.71871207,-0.127995
-0.71851207,-0.159994
-0.71831207,-0.159994
-0.71811207,-0.159994
-0.71791207,-0.223991
-0.71771207,-0.127995
-0.71751207,-0.127995
-0.71731207,-0.127995
-0.71711207,-0.159994
-0.71691207,-0.0959963
-0.71671207,-0.127995
-0.71651207,-0.159994
-0.71631207,-0.127995
-0.71611207,-0.191993
-0.71591207,-0.159994
-0.71571207,-0.127995
-0.71551207,-0.159994
-0.71531207,-0.159994
-0.71511207,-0.127995
-0.71491207,-0.159994
-0.71471207,-0.159994
-0.71451207,-0.159994
-0.71431207,-0.191993
-0.71411207,-0.159994
-0.71391207,-0.159994
-0.71371207,-0.191993
-0.71351207,-0.159994
-0.71331207,-0.159994
-0.71311207,-0.159994
-0.71291207,-0.159994
-0.71271207,-0.159994
-0.71251207,-0.191993
-0.71231207,-0.127995
-0.71211207,-0.127995
-0.71191207,-0.159994
-0.71171207,-0.159994
-0.71151207,-0.127995
-0.71131207,-0.159994
-0.71111207,-0.127995
-0.71091207,-0.159994
-0.71071207,-0.191993
-0.71051207,-0.159994
-0.71031207,-0.127995
-0.71011207,-0.159994
-0.70991207,-0.127995
-0.70971207,-0.127995
-0.70951207,-0.159994
-0.70931207,-0.127995
-0.70911207,-0.127995
-0.70891207,-0.159994
-0.70871207,-0.127995
-0.70851207,-0.159994
-0.70831207,-0.159994
-0.70811207,-0.159994
-0.70791207,-0.159994
-0.70771207,-0.191993
-0.70751207,-0.159994
-0.70731207,-0.127995
-0.70711207,-0.191993
-0.70691207,-0.159994
-0.70671207,-0.127995
-0.70651207,-0.191993
-0.70631207,-0.127995
-0.70611207,-0.159994
-0.70591207,-0.159994
-0.70571207,-0.127995
-0.70551207,-0.159994
-0.70531207,-0.159994
-0.70511207,-0.127995
-0.70491207,-0.159994
-0.70471207,-0.159994
-0.70451207,-0.159994
-0.70431207,-0.159994
-0.70411207,-0.191993
-0.70391207,-0.159994
-0.70371207,-0.127995
-0.70351207,-0.191993
-0.70331207,-0.127995
-0.70311207,-0.127995
-0.70291207,-0.159994
-0.70271207,-0.159994
-0.70251207,-0.127995
-0.70231207,-0.191993
-0.70211207,-0.159994
-0.70191207,-0.159994
-0.70171207,-0.159994
-0.70151207,-0.159994
-0.70131207,-0.191993
-0.70111207,-0.159994
-0.70091207,-0.127995
-0.70071207,-0.127995
-0.70051207,-0.159994
-0.70031207,-0.127995
-0.70011207,-0.127995
-0.69991207,-0.191993
-0.69971207,-0.159994
-0.69951207,-0.127995
-0.69931207,-0.159994
-0.69911207,-0.159994
-0.69891207,-0.159994
-0.69871207,-0.159994
-0.69851207,-0.159994
-0.69831207,-0.127995
-0.69811207,-0.191993
-0.69791207,-0.127995
-0.69771207,-0.191993
-0.69751207,-0.191993
-0.69731207,-0.191993
-0.69711207,-0.191993
-0.69691207,-0.191993
-0.69671207,-0.191993
-0.69651207,-0.159994
-0.69631207,-0.191993
-0.69611207,-0.191993
-0.69591207,-0.0959963
-0.69571207,-0.223991
-0.69551207,-0.159994
-0.69531207,-0.159994
-0.69511207,-0.223991
-0.69491207,-0.223991
-0.69471207,-0.223991
-0.69451207,-0.191993
-0.69431207,-0.191993
-0.69411207,-0.191993
-0.69391207,-0.223991
-0.69371207,-0.223991
-0.69351207,-0.223991
-0.69331207,-0.223991
-0.69311207,-0.191993
-0.69291207,-0.223991
-0.69271207,-0.223991
-0.69251207,-0.191993
-0.69231207,-0.191993
-0.69211207,-0.25599
-0.69191207,-0.25599
-0.69171207,-0.25599
-0.69151207,-0.223991
-0.69131207,-0.25599
-0.69111207,-0.191993
-0.69091207,-0.223991
-0.69071207,-0.223991
-0.69051207,-0.25599
-0.69031207,-0.25599
-0.69011207,-0.25599
-0.68991207,-0.191993
-0.68971207,-0.223991
-0.68951207,-0.25599
-0.68931207,-0.223991
-0.68911207,-0.223991
-0.68891207,-0.25599
-0.68871207,-0.25599
-0.68851207,-0.223991
-0.68831207,-0.25599
-0.68811207,-0.191993
-0.68791207,-0.287989
-0.68771207,-0.223991
-0.68751207,-0.223991
-0.68731207,-0.25599
-0.68711207,-0.223991
-0.68691207,-0.25599
-0.68671207,-0.25599
-0.68651207,-0.25599
-0.68631207,-0.25599
-0.68611207,-0.25599
-0.68591207,-0.223991
-0.68571207,-0.223991
-0.68551207,-0.223991
-0.68531207,-0.25599
-0.68511207,-0.223991
-0.68491207,-0.223991
-0.68471207,-0.223991
-0.68451207,-0.25599
-0.68431207,-0.287989
-0.68411207,-0.223991
-0.68391207,-0.25599
-0.68371207,-0.319988
-0.68351207,-0.287989
-0.68331207,-0.25599
-0.68311207,-0.25599
-0.68291207,-0.287989
-0.68271207,-0.25599
-0.68251207,-0.223991
-0.68231207,-0.25599
-0.68211207,-0.287989
-0.68191207,-0.223991
-0.68171207,-0.287989
-0.68151207,-0.25599
-0.68131207,-0.287989
-0.68111207,-0.287989
-0.68091207,-0.287989
-0.68071207,-0.287989
-0.68051207,-0.25599
-0.68031207,-0.319988
-0.68011207,-0.287989
-0.67991207,-0.319988
-0.67971207,-0.319988
-0.67951207,-0.319988
-0.67931207,-0.319988
-0.67911207,-0.287989
-0.67891207,-0.287989
-0.67871207,-0.25599
-0.67851207,-0.287989
-0.67831207,-0.25599
-0.67811207,-0.319988
-0.67791207,-0.287989
-0.67771207,-0.287989
-0.67751207,-0.25599
-0.67731207,-0.287989
-0.67711207,-0.319988
-0.67691207,-0.287989
-0.67671207,-0.25599
-0.67651207,-0.287989
-0.67631207,-0.25599
-0.67611207,-0.223991
-0.67591207,-0.319988
-0.67571207,-0.287989
-0.67551207,-0.319988
-0.67531207,-0.287989
-0.67511207,-0.287989
-0.67491207,-0.351986
-0.67471207,-0.287989
-0.67451207,-0.287989
-0.67431207,-0.319988
-0.67411207,-0.287989
-0.67391207,-0.319988
-0.67371207,-0.319988
-0.67351207,-0.287989
-0.67331207,-0.319988
-0.67311207,-0.223991
-0.67291207,-0.287989
-0.67271207,-0.287989
-0.67251207,-0.287989
-0.67231207,-0.287989
-0.67211207,-0.287989
-0.67191207,-0.319988
-0.67171207,-0.287989
-0.67151207,-0.319988
-0.67131207,-0.25599
-0.67111207,-0.287989
-0.67091207,-0.351986
-0.67071207,-0.25599
-0.67051207,-0.319988
-0.67031207,-0.287989
-0.67011207,-0.351986
-0.66991207,-0.287989
-0.66971207,-0.319988
-0.66951207,-0.319988
-0.66931207,-0.287989
-0.66911207,-0.319988
-0.66891207,-0.319988
-0.66871207,-0.25599
-0.66851207,-0.287989
-0.66831207,-0.287989
-0.66811207,-0.319988
-0.66791207,-0.25599
-0.66771207,-0.287989
-0.66751207,-0.319988
-0.66731207,-0.351986
-0.66711207,-0.223991
-0.66691207,-0.287989
-0.66671207,-0.351986
-0.66651207,-0.287989
-0.66631207,-0.287989
-0.66611207,-0.287989
-0.66591207,-0.287989
-0.66571207,-0.287989
-0.66551207,-0.25599
-0.66531207,-0.319988
-0.66511207,-0.287989
-0.66491207,-0.319988
-0.66471207,-0.287989
-0.66451207,-0.287989
-0.66431207,-0.351986
-0.66411207,-0.25599
-0.66391207,-0.287989
-0.66371207,-0.287989
-0.66351207,-0.25599
-0.66331207,-0.25599
-0.66311207,-0.319988
-0.66291207,-0.223991
-0.66271207,-0.25599
-0.66251207,-0.287989
-0.66231207,-0.287989
-0.66211207,-0.287989
-0.66191207,-0.25599
-0.66171207,-0.223991
-0.66151207,-0.223991
-0.66131207,-0.287989
-0.66111207,-0.223991
-0.66091207,-0.25599
-0.66071207,-0.25599
-0.66051207,-0.25599
-0.66031207,-0.25599
-0.66011207,-0.287989
-0.65991207,-0.25599
-0.65971207,-0.25599
-0.65951207,-0.25599
-0.65931207,-0.191993
-0.65911207,-0.287989
-0.65891207,-0.25599
-0.65871207,-0.191993
-0.65851207,-0.25599
-0.65831207,-0.223991
-0.65811207,-0.25599
-0.65791207,-0.25599
-0.65771207,-0.287989
-0.65751207,-0.25599
-0.65731207,-0.25599
-0.65711207,-0.223991
-0.65691207,-0.223991
-0.65671207,-0.25599
-0.65651207,-0.223991
-0.65631207,-0.191993
-0.65611207,-0.25599
-0.65591207,-0.25599
-0.65571207,-0.191993
-0.65551207,-0.25599
-0.65531207,-0.223991
-0.65511207,-0.191993
-0.65491207,-0.287989
-0.65471207,-0.25599
-0.65451207,-0.191993
-0.65431207,-0.25599
-0.65411207,-0.25599
-0.65391207,-0.191993
-0.65371207,-0.25599
-0.65351207,-0.223991
-0.65331207,-0.191993
-0.65311207,-0.25599
-0.65291207,-0.191993
-0.65271207,-0.191993
-0.65251207,-0.223991
-0.65231207,-0.25599
-0.65211207,-0.191993
-0.65191207,-0.25599
-0.65171207,-0.25599
-0.65151207,-0.223991
-0.65131207,-0.25599
-0.65111207,-0.223991
-0.65091207,-0.223991
-0.65071207,-0.223991
-0.65051207,-0.223991
-0.65031207,-0.223991
-0.65011207,-0.25599
-0.64991207,-0.25599
-0.64971207,-0.223991
-0.64951207,-0.25599
-0.64931207,-0.223991
-0.64911207,-0.25599
-0.64891207,-0.223991
-0.64871207,-0.223991
-0.64851207,-0.159994
-0.64831207,-0.287989
-0.64811207,-0.223991
-0.64791207,-0.191993
-0.64771207,-0.25599
-0.64751207,-0.191993
-0.64731207,-0.191993
-0.64711207,-0.223991
-0.64691207,-0.223991
-0.64671207,-0.25599
-0.64651207,-0.223991
-0.64631207,-0.191993
-0.64611207,-0.223991
-0.64591207,-0.25599
-0.64571207,-0.191993
-0.64551207,-0.191993
-0.64531207,-0.223991
-0.64511207,-0.25599
-0.64491207,-0.223991
-0.64471207,-0.223991
-0.64451207,-0.223991
-0.64431207,-0.25599
-0.64411207,-0.191993
-0.64391207,-0.223991
-0.64371207,-0.191993
-0.64351207,-0.25599
-0.64331207,-0.25599
-0.64311207,-0.191993
-0.64291207,-0.223991
-0.64271207,-0.223991
-0.64251207,-0.191993
-0.64231207,-0.191993
-0.64211207,-0.223991
-0.64191207,-0.191993
-0.64171207,-0.223991
-0.64151207,-0.223991
-0.64131207,-0.223991
-0.64111207,-0.223991
-0.64091207,-0.191993
-0.64071207,-0.191993
-0.64051207,-0.223991
-0.64031207,-0.223991
-0.64011207,-0.223991
-0.63991207,-0.223991
-0.63971207,-0.223991
-0.63951207,-0.191993
-0.63931207,-0.191993
-0.63911207,-0.191993
-0.63891207,-0.127995
-0.63871207,-0.223991
-0.63851207,-0.191993
-0.63831207,-0.159994
-0.63811207,-0.223991
-0.63791207,-0.191993
-0.63771207,-0.159994
-0.63751207,-0.191993
-0.63731207,-0.191993
-0.63711207,-0.159994
-0.63691207,-0.191993
-0.63671207,-0.159994
-0.63651207,-0.25599
-0.63631207,-0.223991
-0.63611207,-0.159994
-0.63591207,-0.223991
-0.63571207,-0.191993
-0.63551207,-0.159994
-0.63531207,-0.191993
-0.63511207,-0.223991
-0.63491207,-0.191993
-0.63471207,-0.191993
-0.63451207,-0.191993
-0.63431207,-0.223991
-0.63411207,-0.191993
-0.63391207,-0.223991
-0.63371207,-0.191993
-0.63351207,-0.159994
-0.63331207,-0.191993
-0.63311207,-0.223991
-0.63291207,-0.159994
-0.63271207,-0.191993
-0.63251207,-0.191993
-0.63231207,-0.159994
-0.63211207,-0.191993
-0.63191207,-0.191993
-0.63171207,-0.191993
-0.63151207,-0.191993
-0.63131207,-0.223991
-0.63111207,-0.191993
-0.63091207,-0.159994
-0.63071207,-0.223991
-0.63051207,-0.191993
-0.63031207,-0.223991
-0.63011207,-0.191993
-0.62991207,-0.191993
-0.62971207,-0.159994
-0.62951207,-0.191993
-0.62931207,-0.159994
-0.62911207,-0.223991
-0.62891207,-0.191993
-0.62871207,-0.223991
-0.62851207,-0.191993
-0.62831207,-0.223991
-0.62811207,-0.191993
-0.62791207,-0.223991
-0.62771207,-0.223991
-0.62751207,-0.159994
-0.62731207,-0.191993
-0.62711207,-0.127995
-0.62691207,-0.159994
-0.62671207,-0.159994
-0.62651207,-0.191993
-0.62631207,-0.127995
-0.62611207,-0.223991
-0.62591207,-0.159994
-0.62571207,-0.191993
-0.62551207,-0.159994
-0.62531207,-0.191993
-0.62511207,-0.127995
-0.62491207,-0.191993
-0.62471207,-0.191993
-0.62451207,-0.127995
-0.62431207,-0.191993
-0.62411207,-0.159994
-0.62391207,-0.191993
-0.62371207,-0.159994
-0.62351207,-0.127995
-0.62331207,-0.159994
-0.62311207,-0.159994
-0.62291207,-0.127995
-0.62271207,-0.127995
-0.62251207,-0.191993
-0.62231207,-0.127995
-0.62211207,-0.0959963
-0.62191207,-0.159994
-0.62171207,-0.127995
-0.62151207,-0.127995
-0.62131207,-0.191993
-0.62111207,-0.127995
-0.62091207,-0.0639975
-0.62071207,-0.127995
-0.62051207,-0.127995
-0.62031207,-0.0959963
-0.62011207,-0.127995
-0.61991207,-0.127995
-0.61971207,-0.0959963
-0.61951207,-0.127995
-0.61931207,-0.127995
-0.61911207,-0.159994
-0.61891207,-0.159994
-0.61871207,-0.0959963
-0.61851207,-0.0959963
-0.61831207,-0.159994
-0.61811207,-0.127995
-0.61791207,-0.0959963
-0.61771207,-0.0959963
-0.61751207,-0.0959963
-0.61731207,-0.0959963
-0.61711207,-0.127995
-0.61691207,-0.127995
-0.61671207,-0.0959963
-0.61651207,-0.127995
-0.61631207,-0.0959963
-0.61611207,-0.0639975
-0.61591207,-0.127995
-0.61571207,-0.127995
-0.61551207,-0.0319988
-0.61531207,-0.0959963
-0.61511207,-0.0639975
-0.61491207,-0.0639975
-0.61471207,-0.127995
-0.61451207,-0.127995
-0.61431207,-0.127995
-0.61411207,-0.0959963
-0.61391207,-0.0639975
-0.61371207,-0.0639975
-0.61351207,-0.127995
-0.61331207,-0.0959963
-0.61311207,-0.0639975
-0.61291207,-0.0639975
-0.61271207,-0.0639975
-0.61251207,-0.0959963
-0.61231207,-0.0959963
-0.61211207,-0.0319988
-0.61191207,-0.0639975
-0.61171207,-0.0639975
-0.61151207,-0.0319988
-0.61131207,-0.0319988
-0.61111207,-0.0639975
-0.61091207,-0.0639975
-0.61071207,-0.0959963
-0.61051207,-0.0639975
-0.61031207,-0.0319988
-0.61011207,-0.0639975
-0.60991207,-0.0319988
-0.60971207,-0.0639975
-0.60951207,0
-0.60931207,-0.0639975
-0.60911207,0
-0.60891207,-0.0319988
-0.60871207,-0.0319988
-0.60851207,-0.0319988
-0.60831207,0
-0.60811207,-0.0319988
-0.60791207,-0.0319988
-0.60771207,-0.0319988
-0.60751207,-0.0319988
-0.60731207,0
-0.60711207,-0.0319988
-0.60691207,-0.0319988
-0.60671207,0
-0.60651207,0
-0.60631207,0
-0.60611207,-0.0319988
-0.60591207,0.0319988
-0.60571207,0.0319988
-0.60551207,0.0319988
-0.60531207,0
-0.60511207,-0.0319988
-0.60491207,0.0319988
-0.60471207,0
-0.60451207,0
-0.60431207,0
-0.60411207,0.0319988
-0.60391207,0
-0.60371207,0
-0.60351207,0.0319988
-0.60331207,0
-0.60311207,0.0639975
-0.60291207,0.0319988
-0.60271207,0
-0.60251207,0.0639975
-0.60231207,0
-0.60211207,0.0319988
-0.60191207,0.0319988
-0.60171207,0.0639975
-0.60151207,0.0319988
-0.60131207,0.0959963
-0.60111207,0.0639975
-0.60091207,0.0639975
-0.60071207,0.0319988
-0.60051207,0.0639975
-0.60031207,0.0959963
-0.60011207,0.0959963
-0.59991207,0.0639975
-0.59971207,0.0639975
-0.59951207,0.0639975
-0.59931207,0.0959963
-0.59911207,0.127995
-0.59891207,0.0959963
-0.59871207,0.0959963
-0.59851207,0.0959963
-0.59831207,0.0959963
-0.59811207,0.0959963
-0.59791207,0.0959963
-0.59771207,0.0959963
-0.59751207,0.0959963
-0.59731207,0.159994
-0.59711207,0.0959963
-0.59691207,0.127995
-0.59671207,0.127995
-0.59651207,0.127995
-0.59631207,0.127995
-0.59611207,0.127995
-0.59591207,0.127995
-0.59571207,0.127995
-0.59551207,0.127995
-0.59531207,0.127995
-0.59511207,0.0959963
-0.59491207,0.0959963
-0.59471207,0.159994
-0.59451207,0.127995
-0.59431207,0.127995
-0.59411207,0.159994
-0.59391207,0.159994
-0.59371207,0.127995
-0.59351207,0.127995
-0.59331207,0.159994
-0.59311207,0.159994
-0.59291207,0.159994
-0.59271207,0.159994
-0.59251207,0.159994
-0.59231207,0.191993
-0.59211207,0.159994
-0.59191207,0.191993
-0.59171207,0.159994
-0.59151207,0.159994
-0.59131207,0.159994
-0.59111207,0.223991
-0.59091207,0.159994
-0.59071207,0.191993
-0.59051207,0.223991
-0.59031207,0.159994
-0.59011207,0.191993
-0.58991207,0.191993
-0.58971207,0.223991
-0.58951207,0.191993
-0.58931207,0.191993
-0.58911207,0.191993
-0.58891207,0.223991
-0.58871207,0.223991
-0.58851207,0.223991
-0.58831207,0.223991
-0.58811207,0.191993
-0.58791207,0.223991
-0.58771207,0.223991
-0.58751207,0.191993
-0.58731207,0.223991
-0.58711207,0.223991
-0.58691207,0.25599
-0.58671207,0.223991
-0.58651207,0.25599
-0.58631207,0.287989
-0.58611207,0.223991
-0.58591207,0.223991
-0.58571207,0.25599
-0.58551207,0.25599
-0.58531207,0.25599
-0.58511207,0.25599
-0.58491207,0.223991
-0.58471207,0.287989
-0.58451207,0.25599
-0.58431207,0.25599
-0.58411207,0.25599
-0.58391207,0.287989
-0.58371207,0.25599
-0.58351207,0.25599
-0.58331207,0.287989
-0.58311207,0.287989
-0.58291207,0.25599
-0.58271207,0.25599
-0.58251207,0.25599
-0.58231207,0.25599
-0.58211207,0.25599
-0.58191207,0.287989
-0.58171207,0.287989
-0.58151207,0.287989
-0.58131207,0.223991
-0.58111207,0.287989
-0.58091207,0.287989
-0.58071207,0.25599
-0.58051207,0.25599
-0.58031207,0.287989
-0.58011207,0.287989
-0.57991207,0.25599
-0.57971207,0.287989
-0.57951207,0.287989
-0.57931207,0.287989
-0.57911207,0.319988
-0.57891207,0.287989
-0.57871207,0.25599
-0.57851207,0.351986
-0.57831207,0.287989
-0.57811207,0.287989
-0.57791207,0.319988
-0.57771207,0.351986
-0.57751207,0.287989
-0.57731207,0.319988
-0.57711207,0.287989
-0.57691207,0.319988
-0.57671207,0.287989
-0.57651207,0.287989
-0.57631207,0.319988
-0.57611207,0.319988
-0.57591207,0.287989
-0.57571207,0.287989
-0.57551207,0.319988
-0.57531207,0.319988
-0.57511207,0.287989
-0.57491207,0.319988
-0.57471207,0.287989
-0.57451207,0.287989
-0.57431207,0.287989
-0.57411207,0.287989
-0.57391207,0.287989
-0.57371207,0.319988
-0.57351207,0.287989
-0.57331207,0.287989
-0.57311207,0.287989
-0.57291207,0.25599
-0.57271207,0.287989
-0.57251207,0.319988
-0.57231207,0.319988
-0.57211207,0.319988
-0.57191207,0.319988
-0.57171207,0.319988
-0.57151207,0.287989
-0.57131207,0.287989
-0.57111207,0.287989
-0.57091207,0.319988
-0.57071207,0.319988
-0.57051207,0.319988
-0.57031207,0.287989
-0.57011207,0.319988
-0.56991207,0.319988
-0.56971207,0.319988
-0.56951207,0.383985
-0.56931207,0.319988
-0.56911207,0.319988
-0.56891207,0.383985
-0.56871207,0.319988
-0.56851207,0.351986
-0.56831207,0.383985
-0.56811207,0.319988
-0.56791207,0.319988
-0.56771207,0.351986
-0.56751207,0.319988
-0.56731207,0.319988
-0.56711207,0.351986
-0.56691207,0.351986
-0.56671207,0.287989
-0.56651207,0.383985
-0.56631207,0.319988
-0.56611207,0.351986
-0.56591207,0.351986
-0.56571207,0.319988
-0.56551207,0.319988
-0.56531207,0.383985
-0.56511207,0.319988
-0.56491207,0.319988
-0.56471207,0.383985
-0.56451207,0.383985
-0.56431207,0.383985
-0.56411207,0.415984
-0.56391207,0.351986
-0.56371207,0.351986
-0.56351207,0.383985
-0.56331207,0.383985
-0.56311207,0.383985
-0.56291207,0.351986
-0.56271207,0.383985
-0.56251207,0.351986
-0.56231207,0.415984
-0.56211207,0.351986
-0.56191207,0.383985
-0.56171207,0.383985
-0.56151207,0.383985
-0.56131207,0.415984
-0.56111207,0.415984
-0.56091207,0.383985
-0.56071207,0.351986
-0.56051207,0.383985
-0.56031207,0.351986
-0.56011207,0.383985
-0.55991207,0.383985
-0.55971207,0.351986
-0.55951207,0.351986
-0.55931207,0.415984
-0.55911207,0.383985
-0.55891207,0.383985
-0.55871207,0.415984
-0.55851207,0.383985
-0.55831207,0.383985
-0.55811207,0.383985
-0.55791207,0.383985
-0.55771207,0.351986
-0.55751207,0.383985
-0.55731207,0.447983
-0.55711207,0.415984
-0.55691207,0.383985
-0.55671207,0.415984
-0.55651207,0.383985
-0.55631207,0.415984
-0.55611207,0.351986
-0.55591207,0.383985
-0.55571207,0.447983
-0.55551207,0.383985
-0.55531207,0.383985
-0.55511207,0.447983
-0.55491207,0.415984
-0.55471207,0.383985
-0.55451207,0.415984
-0.55431207,0.351986
-0.55411207,0.383985
-0.55391207,0.447983
-0.55371207,0.383985
-0.55351207,0.383985
-0.55331207,0.415984
-0.55311207,0.415984
-0.55291207,0.415984
-0.55271207,0.383985
-0.55251207,0.415984
-0.55231207,0.383985
-0.55211207,0.447983
-0.55191207,0.447983
-0.55171207,0.415984
-0.55151207,0.447983
-0.55131207,0.415984
-0.55111207,0.415984
-0.55091207,0.415984
-0.55071207,0.415984
-0.55051207,0.447983
-0.55031207,0.415984
-0.55011207,0.415984
-0.54991207,0.447983
-0.54971207,0.447983
-0.54951207,0.447983
-0.54931207,0.415984
-0.54911207,0.479982
-0.54891207,0.415984
-0.54871207,0.415984
-0.54851207,0.447983
-0.54831207,0.415984
-0.54811207,0.415984
-0.54791207,0.447983
-0.54771207,0.479982
-0.54751207,0.447983
-0.54731207,0.447983
-0.54711207,0.383985
-0.54691207,0.383985
-0.54671207,0.447983
-0.54651207,0.447983
-0.54631207,0.415984
-0.54611207,0.415984
-0.54591207,0.447983
-0.54571207,0.447983
-0.54551207,0.447983
-0.54531207,0.447983
-0.54511207,0.415984
-0.54491207,0.447983
-0.54471207,0.415984
-0.54451207,0.447983
-0.54431207,0.447983
-0.54411207,0.447983
-0.54391207,0.415984
-0.54371207,0.415984
-0.54351207,0.479982
-0.54331207,0.447983
-0.54311207,0.479982
-0.54291207,0.447983
-0.54271207,0.479982
-0.54251207,0.447983
-0.54231207,0.447983
-0.54211207,0.447983
-0.54191207,0.479982
-0.54171207,0.51198
-0.54151207,0.447983
-0.54131207,0.447983
-0.54111207,0.479982
-0.54091207,0.447983
-0.54071207,0.479982
-0.54051207,0.447983
-0.54031207,0.447983
-0.54011207,0.479982
-0.53991207,0.479982
-0.53971207,0.447983
-0.53951207,0.447983
-0.53931207,0.479982
-0.53911207,0.447983
-0.53891207,0.479982
-0.53871207,0.51198
-0.53851207,0.447983
-0.53831207,0.447983
-0.53811207,0.51198
-0.53791207,0.447983
-0.53771207,0.415984
-0.53751207,0.51198
-0.53731207,0.447983
-0.53711207,0.51198
-0.53691207,0.479982
-0.53671207,0.479982
-0.53651207,0.51198
-0.53631207,0.543979
-0.53611207,0.51198
-0.53591207,0.447983
-0.53571207,0.543979
-0.53551207,0.479982
-0.53531207,0.51198
-0.53511207,0.447983
-0.53491207,0.447983
-0.53471207,0.479982
-0.53451207,0.51198
-0.53431207,0.447983
-0.53411207,0.479982
-0.53391207,0.51198
-0.53371207,0.447983
-0.53351207,0.479982
-0.53331207,0.479982
-0.53311207,0.479982
-0.53291207,0.51198
-0.53271207,0.51198
-0.53251207,0.51198
-0.53231207,0.479982
-0.53211207,0.51198
-0.53191207,0.479982
-0.53171207,0.479982
-0.53151207,0.479982
-0.53131207,0.51198
-0.53111207,0.479982
-0.53091207,0.51198
-0.53071207,0.51198
-0.53051207,0.479982
-0.53031207,0.543979
-0.53011207,0.479982
-0.52991207,0.479982
-0.52971207,0.479982
-0.52951207,0.51198
-0.52931207,0.543979
-0.52911207,0.51198
-0.52891207,0.51198
-0.52871207,0.543979
-0.52851207,0.51198
-0.52831207,0.479982
-0.52811207,0.543979
-0.52791207,0.479982
-0.52771207,0.447983
-0.52751207,0.51198
-0.52731207,0.543979
-0.52711207,0.51198
-0.52691207,0.51198
-0.52671207,0.575978
-0.52651207,0.543979
-0.52631207,0.543979
-0.52611207,0.543979
-0.52591207,0.51198
-0.52571207,0.51198
-0.52551207,0.575978
-0.52531207,0.51198
-0.52511207,0.51198
-0.52491207,0.543979
-0.52471207,0.51198
-0.52451207,0.51198
-0.52431207,0.575978
-0.52411207,0.543979
-0.52391207,0.543979
-0.52371207,0.575978
-0.52351207,0.543979
-0.52331207,0.51198
-0.52311207,0.607977
-0.52291207,0.51198
-0.52271207,0.543979
-0.52251207,0.543979
-0.52231207,0.543979
-0.52211207,0.543979
-0.52191207,0.607977
-0.52171207,0.51198
-0.52151207,0.543979
-0.52131207,0.575978
-0.52111207,0.51198
-0.52091207,0.543979
-0.52071207,0.543979
-0.52051207,0.543979
-0.52031207,0.543979
-0.52011207,0.607977
-0.51991207,0.575978
-0.51971207,0.543979
-0.51951207,0.607977
-0.51931207,0.543979
-0.51911207,0.543979
-0.51891207,0.543979
-0.51871207,0.543979
-0.51851207,0.575978
-0.51831207,0.575978
-0.51811207,0.575978
-0.51791207,0.575978
-0.51771207,0.575978
-0.51751207,0.575978
-0.51731207,0.607977
-0.51711207,0.639975
-0.51691207,0.543979
-0.51671207,0.543979
-0.51651207,0.607977
-0.51631207,0.575978
-0.51611207,0.575978
-0.51591207,0.607977
-0.51571207,0.543979
-0.51551207,0.575978
-0.51531207,0.639975
-0.51511207,0.575978
-0.51491207,0.575978
-0.51471207,0.607977
-0.51451207,0.575978
-0.51431207,0.607977
-0.51411207,0.639975
-0.51391207,0.543979
-0.51371207,0.575978
-0.51351207,0.607977
-0.51331207,0.575978
-0.51311207,0.639975
-0.51291207,0.639975
-0.51271207,0.607977
-0.51251207,0.575978
-0.51231207,0.639975
-0.51211207,0.607977
-0.51191207,0.575978
-0.51171207,0.639975
-0.51151207,0.575978
-0.51131207,0.607977
-0.51111207,0.639975
-0.51091207,0.607977
-0.51071207,0.607977
-0.51051207,0.607977
-0.51031207,0.607977
-0.51011207,0.607977
-0.50991207,0.607977
-0.50971207,0.575978
-0.50951207,0.607977
-0.50931207,0.639975
-0.50911207,0.607977
-0.50891207,0.607977
-0.50871207,0.639975
-0.50851207,0.543979
-0.50831207,0.639975
-0.50811207,0.671974
-0.50791207,0.575978
-0.50771207,0.607977
-0.50751207,0.671974
-0.50731207,0.607977
-0.50711207,0.575978
-0.50691207,0.639975
-0.50671207,0.575978
-0.50651207,0.639975
-0.50631207,0.639975
-0.50611207,0.607977
-0.50591207,0.607977
-0.50571207,0.671974
-0.50551207,0.607977
-0.50531207,0.575978
-0.50511207,0.639975
-0.50491207,0.639975
-0.50471207,0.607977
-0.50451207,0.639975
-0.50431207,0.671974
-0.50411207,0.639975
-0.50391207,0.639975
-0.50371207,0.607977
-0.50351207,0.607977
-0.50331207,0.671974
-0.50311207,0.607977
-0.50291207,0.671974
-0.50271207,0.639975
-0.50251207,0.639975
-0.50231207,0.639975
-0.50211207,0.703973
-0.50191207,0.639975
-0.50171207,0.639975
-0.50151207,0.671974
-0.50131207,0.607977
-0.50111207,0.639975
-0.50091207,0.639975
-0.50071207,0.639975
-0.50051207,0.639975
-0.50031207,0.703973
-0.50011207,0.639975
-0.49991207,0.671974
-0.49971207,0.671974
-0.49951207,0.639975
-0.49931207,0.671974
-0.49911207,0.671974
-0.49891207,0.607977
-0.49871207,0.671974
-0.49851207,0.703973
-0.49831207,0.607977
-0.49811207,0.671974
-0.49791207,0.639975
-0.49771207,0.639975
-0.49751207,0.607977
-0.49731207,0.671974
-0.49711207,0.671974
-0.49691207,0.639975
-0.49671207,0.671974
-0.49651207,0.639975
-0.49631207,0.671974
-0.49611207,0.671974
-0.49591207,0.607977
-0.49571207,0.639975
-0.49551207,0.671974
-0.49531207,0.639975
-0.49511207,0.607977
-0.49491207,0.671974
-0.49471207,0.575978
-0.49451207,0.607977
-0.49431207,0.671974
-0.49411207,0.607977
-0.49391207,0.639975
-0.49371207,0.607977
-0.49351207,0.607977
-0.49331207,0.671974
-0.49311207,0.671974
-0.49291207,0.607977
-0.49271207,0.607977
-0.49251207,0.671974
-0.49231207,0.639975
-0.49211207,0.607977
-0.49191207,0.671974
-0.49171207,0.639975
-0.49151207,0.607977
-0.49131207,0.639975
-0.49111207,0.575978
-0.49091207,0.607977
-0.49071207,0.671974
-0.49051207,0.575978
-0.49031207,0.671974
-0.49011207,0.671974
-0.48991207,0.607977
-0.48971207,0.639975
-0.48951207,0.703973
-0.48931207,0.607977
-0.48911207,0.607977
-0.48891207,0.671974
-0.48871207,0.607977
-0.48851207,0.639975
-0.48831207,0.639975
-0.48811207,0.639975
-0.48791207,0.607977
-0.48771207,0.671974
-0.48751207,0.607977
-0.48731207,0.639975
-0.48711207,0.671974
-0.48691207,0.607977
-0.48671207,0.639975
-0.48651207,0.607977
-0.48631207,0.575978
-0.48611207,0.607977
-0.48591207,0.639975
-0.48571207,0.575978
-0.48551207,0.607977
-0.48531207,0.639975
-0.48511207,0.575978
-0.48491207,0.607977
-0.48471207,0.639975
-0.48451207,0.575978
-0.48431207,0.607977
-0.48411207,0.575978
-0.48391207,0.575978
-0.48371207,0.639975
-0.48351207,0.639975
-0.48331207,0.607977
-0.48311207,0.607977
-0.48291207,0.575978
-0.48271207,0.575978
-0.48251207,0.575978
-0.48231207,0.639975
-0.48211207,0.575978
-0.48191207,0.543979
-0.48171207,0.575978
-0.48151207,0.575978
-0.48131207,0.575978
-0.48111207,0.575978
-0.48091207,0.543979
-0.48071207,0.575978
-0.48051207,0.607977
-0.48031207,0.543979
-0.48011207,0.51198
-0.47991207,0.575978
-0.47971207,0.543979
-0.47951207,0.543979
-0.47931207,0.575978
-0.47911207,0.543979
-0.47891207,0.51198
-0.47871207,0.575978
-0.47851207,0.51198
-0.47831207,0.543979
-0.47811207,0.575978
-0.47791207,0.575978
-0.47771207,0.575978
-0.47751207,0.575978
-0.47731207,0.543979
-0.47711207,0.543979
-0.47691207,0.575978
-0.47671207,0.51198
-0.47651207,0.575978
-0.47631207,0.575978
-0.47611207,0.479982
-0.47591207,0.51198
-0.47571207,0.51198
-0.47551207,0.51198
-0.47531207,0.479982
-0.47511207,0.543979
-0.47491207,0.479982
-0.47471207,0.479982
-0.47451207,0.575978
-0.47431207,0.447983
-0.47411207,0.479982
-0.47391207,0.479982
-0.47371207,0.479982
-0.47351207,0.447983
-0.47331207,0.479982
-0.47311207,0.479982
-0.47291207,0.479982
-0.47271207,0.415984
-0.47251207,0.447983
-0.47231207,0.479982
-0.47211207,0.479982
-0.47191207,0.383985
-0.47171207,0.447983
-0.47151207,0.479982
-0.47131207,0.383985
-0.47111207,0.447983
-0.47091207,0.415984
-0.47071207,0.383985
-0.47051207,0.447983
-0.47031207,0.447983
-0.47011207,0.415984
-0.46991207,0.479982
-0.46971207,0.415984
-0.46951207,0.415984
-0.46931207,0.383985
-0.46911207,0.351986
-0.46891207,0.415984
-0.46871207,0.447983
-0.46851207,0.383985
-0.46831207,0.351986
-0.46811207,0.415984
-0.46791207,0.383985
-0.46771207,0.351986
-0.46751207,0.415984
-0.46731207,0.383985
-0.46711207,0.383985
-0.46691207,0.383985
-0.46671207,0.383985
-0.46651207,0.351986
-0.46631207,0.415984
-0.46611207,0.319988
-0.46591207,0.383985
-0.46571207,0.383985
-0.46551207,0.287989
-0.46531207,0.287989
-0.46511207,0.351986
-0.46491207,0.319988
-0.46471207,0.319988
-0.46451207,0.383985
-0.46431207,0.351986
-0.46411207,0.351986
-0.46391207,0.351986
-0.46371207,0.287989
-0.46351207,0.319988
-0.46331207,0.351986
-0.46311207,0.25599
-0.46291207,0.319988
-0.46271207,0.319988
-0.46251207,0.287989
-0.46231207,0.319988
-0.46211207,0.319988
-0.46191207,0.287989
-0.46171207,0.287989
-0.46151207,0.287989
-0.46131207,0.319988
-0.46111207,0.287989
-0.46091207,0.319988
-0.46071207,0.223991
-0.46051207,0.287989
-0.46031207,0.287989
-0.46011207,0.25599
-0.45991207,0.223991
-0.45971207,0.25599
-0.45951207,0.223991
-0.45931207,0.25599
-0.45911207,0.25599
-0.45891207,0.223991
-0.45871207,0.223991
-0.45851207,0.25599
-0.45831207,0.191993
-0.45811207,0.25599
-0.45791207,0.25599
-0.45771207,0.25599
-0.45751207,0.191993
-0.45731207,0.191993
-0.45711207,0.159994
-0.45691207,0.191993
-0.45671207,0.25599
-0.45651207,0.191993
-0.45631207,0.159994
-0.45611207,0.191993
-0.45591207,0.127995
-0.45571207,0.191993
-0.45551207,0.191993
-0.45531207,0.191993
-0.45511207,0.159994
-0.45491207,0.223991
-0.45471207,0.159994
-0.45451207,0.223991
-0.45431207,0.159994
-0.45411207,0.159994
-0.45391207,0.191993
-0.45371207,0.159994
-0.45351207,0.127995
-0.45331207,0.191993
-0.45311207,0.191993
-0.45291207,0.191993
-0.45271207,0.159994
-0.45251207,0.159994
-0.45231207,0.127995
-0.45211207,0.127995
-0.45191207,0.127995
-0.45171207,0.159994
-0.45151207,0.127995
-0.45131207,0.127995
-0.45111207,0.0959963
-0.45091207,0.159994
-0.45071207,0.191993
-0.45051207,0.0959963
-0.45031207,0.127995
-0.45011207,0.159994
-0.44991207,0.0959963
-0.44971207,0.0959963
-0.44951207,0.159994
-0.44931207,0.127995
-0.44911207,0.127995
-0.44891207,0.0959963
-0.44871207,0.127995
-0.44851207,0.0959963
-0.44831207,0.0639975
-0.44811207,0.0959963
-0.44791207,0.0959963
-0.44771207,0.0639975
-0.44751207,0.0959963
-0.44731207,0.0959963
-0.44711207,0.0959963
-0.44691207,0.0959963
-0.44671207,0
-0.44651207,0.127995
-0.44631207,0.0959963
-0.44611207,0.0639975
-0.44591207,0.0959963
-0.44571207,0.0639975
-0.44551207,0.0959963
-0.44531207,0.0959963
-0.44511207,0.0959963
-0.44491207,0.0319988
-0.44471207,0.0959963
-0.44451207,0.0639975
-0.44431207,0.0319988
-0.44411207,0.0639975
-0.44391207,0.0639975
-0.44371207,0.0319988
-0.44351207,0.0639975
-0.44331207,0.0639975
-0.44311207,0
-0.44291207,0.0639975
-0.44271207,0.0959963
-0.44251207,0.0319988
-0.44231207,0.0319988
-0.44211207,0.0319988
-0.44191207,0.0319988
-0.44171207,0.0319988
-0.44151207,0.0319988
-0.44131207,0.0319988
-0.44111207,0.0319988
-0.44091207,0.0639975
-0.44071207,0.0319988
-0.44051207,0.0319988
-0.44031207,0.0319988
-0.44011207,0
-0.43991207,0.0319988
-0.43971207,0.0319988
-0.43951207,0.0319988
-0.43931207,0.0319988
-0.43911207,0.0639975
-0.43891207,0.0319988
-0.43871207,0.0639975
-0.43851207,0
-0.43831207,-0.0319988
-0.43811207,0
-0.43791207,0.0639975
-0.43771207,0
-0.43751207,0.0319988
-0.43731207,0
-0.43711207,-0.0319988
-0.43691207,0
-0.43671207,0
-0.43651207,-0.0319988
-0.43631207,0
-0.43611207,0.0319988
-0.43591207,-0.0319988
-0.43571207,0
-0.43551207,-0.0639975
-0.43531207,-0.0319988
-0.43511207,0
-0.43491207,0.0319988
-0.43471207,-0.0319988
-0.43451207,-0.0639975
-0.43431207,-0.0319988
-0.43411207,-0.0639975
-0.43391207,-0.0639975
-0.43371207,-0.0639975
-0.43351207,-0.0959963
-0.43331207,-0.0639975
-0.43311207,-0.0639975
-0.43291207,-0.0639975
-0.43271207,-0.0319988
-0.43251207,-0.0639975
-0.43231207,-0.0959963
-0.43211207,-0.0639975
-0.43191207,-0.0639975
-0.43171207,-0.0959963
-0.43151207,-0.0319988
-0.43131207,-0.0319988
-0.43111207,-0.127995
-0.43091207,-0.0319988
-0.43071207,-0.0639975
-0.43051207,-0.0639975
-0.43031207,-0.0639975
-0.43011207,-0.0959963
-0.42991207,-0.0959963
-0.42971207,-0.0319988
-0.42951207,-0.0319988
-0.42931207,-0.127995
-0.42911207,-0.127995
-0.42891207,-0.0639975
-0.42871207,-0.127995
-0.42851207,-0.0639975
-0.42831207,-0.0639975
-0.42811207,-0.127995
-0.42791207,-0.127995
-0.42771207,-0.0959963
-0.42751207,-0.127995
-0.42731207,-0.0639975
-0.42711207,-0.0959963
-0.42691207,-0.127995
-0.42671207,-0.127995
-0.42651207,-0.0959963
-0.42631207,-0.0959963
-0.42611207,-0.127995
-0.42591207,-0.0959963
-0.42571207,-0.127995
-0.42551207,-0.127995
-0.42531207,-0.159994
-0.42511207,-0.127995
-0.42491207,-0.0639975
-0.42471207,-0.0959963
-0.42451207,-0.127995
-0.42431207,-0.159994
-0.42411207,-0.0959963
-0.42391207,-0.127995
-0.42371207,-0.0959963
-0.42351207,-0.0959963
-0.42331207,-0.127995
-0.42311207,-0.127995
-0.42291207,-0.0639975
-0.42271207,-0.0959963
-0.42251207,-0.0959963
-0.42231207,-0.0639975
-0.42211207,-0.159994
-0.42191207,-0.127995
-0.42171207,-0.127995
-0.42151207,-0.159994
-0.42131207,-0.127995
-0.42111207,-0.0959963
-0.42091207,-0.159994
-0.42071207,-0.0959963
-0.42051207,-0.127995
-0.42031207,-0.191993
-0.42011207,-0.159994
-0.41991207,-0.127995
-0.41971207,-0.191993
-0.41951207,-0.0959963
-0.41931207,-0.159994
-0.41911207,-0.191993
-0.41891207,-0.159994
-0.41871207,-0.159994
-0.41851207,-0.223991
-0.41831207,-0.159994
-0.41811207,-0.159994
-0.41791207,-0.159994
-0.41771207,-0.127995
-0.41751207,-0.159994
-0.41731207,-0.191993
-0.41711207,-0.159994
-0.41691207,-0.127995
-0.41671207,-0.159994
-0.41651207,-0.159994
-0.41631207,-0.127995
-0.41611207,-0.191993
-0.41591207,-0.223991
-0.41571207,-0.0959963
-0.41551207,-0.223991
-0.41531207,-0.127995
-0.41511207,-0.159994
-0.41491207,-0.191993
-0.41471207,-0.191993
-0.41451207,-0.159994
-0.41431207,-0.191993
-0.41411207,-0.127995
-0.41391207,-0.127995
-0.41371207,-0.159994
-0.41351207,-0.191993
-0.41331207,-0.159994
-0.41311207,-0.191993
-0.41291207,-0.159994
-0.41271207,-0.159994
-0.41251207,-0.191993
-0.41231207,-0.223991
-0.41211207,-0.191993
-0.41191207,-0.191993
-0.41171207,-0.159994
-0.41151207,-0.159994
-0.41131207,-0.223991
-0.41111207,-0.223991
-0.41091207,-0.159994
-0.41071207,-0.223991
-0.41051207,-0.191993
-0.41031207,-0.127995
-0.41011207,-0.191993
-0.40991207,-0.191993
-0.40971207,-0.223991
-0.40951207,-0.223991
-0.40931207,-0.223991
-0.40911207,-0.191993
-0.40891207,-0.159994
-0.40871207,-0.25599
-0.40851207,-0.191993
-0.40831207,-0.191993
-0.40811207,-0.191993
-0.40791207,-0.191993
-0.40771207,-0.223991
-0.40751207,-0.191993
-0.40731207,-0.159994
-0.40711207,-0.223991
-0.40691207,-0.191993
-0.40671207,-0.191993
-0.40651207,-0.223991
-0.40631207,-0.191993
-0.40611207,-0.191993
-0.40591207,-0.223991
-0.40571207,-0.191993
-0.40551207,-0.191993
-0.40531207,-0.223991
-0.40511207,-0.191993
-0.40491207,-0.191993
-0.40471207,-0.223991
-0.40451207,-0.223991
-0.40431207,-0.191993
-0.40411207,-0.25599
-0.40391207,-0.223991
-0.40371207,-0.223991
-0.40351207,-0.191993
-0.40331207,-0.223991
-0.40311207,-0.223991
-0.40291207,-0.25599
-0.40271207,-0.223991
-0.40251207,-0.191993
-0.40231207,-0.25599
-0.40211207,-0.223991
-0.40191207,-0.191993
-0.40171207,-0.223991
-0.40151207,-0.223991
-0.40131207,-0.223991
-0.40111207,-0.25599
-0.40091207,-0.223991
-0.40071207,-0.223991
-0.40051207,-0.223991
-0.40031207,-0.25599
-0.40011207,-0.25599
-0.39991207,-0.25599
-0.39971207,-0.223991
-0.39951207,-0.223991
-0.39931207,-0.25599
-0.39911207,-0.25599
-0.39891207,-0.287989
-0.39871207,-0.287989
-0.39851207,-0.25599
-0.39831207,-0.25599
-0.39811207,-0.25599
-0.39791207,-0.319988
-0.39771207,-0.25599
-0.39751207,-0.25599
-0.39731207,-0.319988
-0.39711207,-0.25599
-0.39691207,-0.287989
-0.39671207,-0.287989
-0.39651207,-0.287989
-0.39631207,-0.319988
-0.39611207,-0.287989
-0.39591207,-0.287989
-0.39571207,-0.287989
-0.39551207,-0.319988
-0.39531207,-0.287989
-0.39511207,-0.287989
-0.39491207,-0.351986
-0.39471207,-0.319988
-0.39451207,-0.25599
-0.39431207,-0.319988
-0.39411207,-0.287989
-0.39391207,-0.319988
-0.39371207,-0.319988
-0.39351207,-0.351986
-0.39331207,-0.351986
-0.39311207,-0.319988
-0.39291207,-0.351986
-0.39271207,-0.351986
-0.39251207,-0.351986
-0.39231207,-0.351986
-0.39211207,-0.351986
-0.39191207,-0.351986
-0.39171207,-0.351986
-0.39151207,-0.351986
-0.39131207,-0.351986
-0.39111207,-0.351986
-0.39091207,-0.319988
-0.39071207,-0.319988
-0.39051207,-0.383985
-0.39031207,-0.351986
-0.39011207,-0.351986
-0.38991207,-0.287989
-0.38971207,-0.383985
-0.38951207,-0.383985
-0.38931207,-0.351986
-0.38911207,-0.319988
-0.38891207,-0.383985
-0.38871207,-0.351986
-0.38851207,-0.351986
-0.38831207,-0.383985
-0.38811207,-0.351986
-0.38791207,-0.351986
-0.38771207,-0.351986
-0.38751207,-0.383985
-0.38731207,-0.319988
-0.38711207,-0.383985
-0.38691207,-0.351986
-0.38671207,-0.351986
-0.38651207,-0.383985
-0.38631207,-0.351986
-0.38611207,-0.383985
-0.38591207,-0.383985
-0.38571207,-0.383985
-0.38551207,-0.351986
-0.38531207,-0.383985
-0.38511207,-0.383985
-0.38491207,-0.351986
-0.38471207,-0.383985
-0.38451207,-0.383985
-0.38431207,-0.319988
-0.38411207,-0.383985
-0.38391207,-0.383985
-0.38371207,-0.351986
-0.38351207,-0.351986
-0.38331207,-0.383985
-0.38311207,-0.383985
-0.38291207,-0.415984
-0.38271207,-0.383985
-0.38251207,-0.351986
-0.38231207,-0.415984
-0.38211207,-0.383985
-0.38191207,-0.383985
-0.38171207,-0.383985
-0.38151207,-0.415984
-0.38131207,-0.383985
-0.38111207,-0.383985
-0.38091207,-0.383985
-0.38071207,-0.383985
-0.38051207,-0.415984
-0.38031207,-0.383985
-0.38011207,-0.383985
-0.37991207,-0.415984
-0.37971207,-0.351986
-0.37951207,-0.351986
-0.37931207,-0.415984
-0.37911207,-0.415984
-0.37891207,-0.415984
-0.37871207,-0.383985
-0.37851207,-0.383985
-0.37831207,-0.383985
-0.37811207,-0.415984
-0.37791207,-0.415984
-0.37771207,-0.351986
-0.37751207,-0.383985
-0.37731207,-0.383985
-0.37711207,-0.383985
-0.37691207,-0.383985
-0.37671207,-0.383985
-0.37651207,-0.351986
-0.37631207,-0.415984
-0.37611207,-0.415984
-0.37591207,-0.415984
-0.37571207,-0.415984
-0.37551207,-0.415984
-0.37531207,-0.351986
-0.37511207,-0.415984
-0.37491207,-0.415984
-0.37471207,-0.383985
-0.37451207,-0.319988
-0.37431207,-0.447983
-0.37411207,-0.383985
-0.37391207,-0.415984
-0.37371207,-0.383985
-0.37351207,-0.351986
-0.37331207,-0.383985
-0.37311207,-0.415984
-0.37291207,-0.415984
-0.37271207,-0.383985
-0.37251207,-0.383985
-0.37231207,-0.383985
-0.37211207,-0.351986
-0.37191207,-0.415984
-0.37171207,-0.383985
-0.37151207,-0.351986
-0.37131207,-0.383985
-0.37111207,-0.351986
-0.37091207,-0.415984
-0.37071207,-0.351986
-0.37051207,-0.351986
-0.37031207,-0.415984
-0.37011207,-0.319988
-0.36991207,-0.383985
-0.36971207,-0.351986
-0.36951207,-0.351986
-0.36931207,-0.351986
-0.36911207,-0.319988
-0.36891207,-0.383985
-0.36871207,-0.351986
-0.36851207,-0.383985
-0.36831207,-0.351986
-0.36811207,-0.319988
-0.36791207,-0.351986
-0.36771207,-0.351986
-0.36751207,-0.319988
-0.36731207,-0.319988
-0.36711207,-0.351986
-0.36691207,-0.319988
-0.36671207,-0.319988
-0.36651207,-0.383985
-0.36631207,-0.319988
-0.36611207,-0.319988
-0.36591207,-0.383985
-0.36571207,-0.319988
-0.36551207,-0.351986
-0.36531207,-0.319988
-0.36511207,-0.351986
-0.36491207,-0.319988
-0.36471207,-0.415984
-0.36451207,-0.351986
-0.36431207,-0.351986
-0.36411207,-0.351986
-0.36391207,-0.319988
-0.36371207,-0.351986
-0.36351207,-0.351986
-0.36331207,-0.319988
-0.36311207,-0.351986
-0.36291207,-0.319988
-0.36271207,-0.287989
-0.36251207,-0.319988
-0.36231207,-0.319988
-0.36211207,-0.319988
-0.36191207,-0.319988
-0.36171207,-0.319988
-0.36151207,-0.351986
-0.36131207,-0.287989
-0.36111207,-0.287989
-0.36091207,-0.287989
-0.36071207,-0.319988
-0.36051207,-0.25599
-0.36031207,-0.287989
-0.36011207,-0.287989
-0.35991207,-0.351986
-0.35971207,-0.351986
-0.35951207,-0.319988
-0.35931207,-0.287989
-0.35911207,-0.319988
-0.35891207,-0.25599
-0.35871207,-0.319988
-0.35851207,-0.319988
-0.35831207,-0.287989
-0.35811207,-0.319988
-0.35791207,-0.287989
-0.35771207,-0.25599
-0.35751207,-0.287989
-0.35731207,-0.287989
-0.35711207,-0.287989
-0.35691207,-0.319988
-0.35671207,-0.319988
-0.35651207,-0.25599
-0.35631207,-0.319988
-0.35611207,-0.287989
-0.35591207,-0.287989
-0.35571207,-0.287989
-0.35551207,-0.25599
-0.35531207,-0.287989
-0.35511207,-0.319988
-0.35491207,-0.319988
-0.35471207,-0.319988
-0.35451207,-0.287989
-0.35431207,-0.287989
-0.35411207,-0.287989
-0.35391207,-0.25599
-0.35371207,-0.287989
-0.35351207,-0.287989
-0.35331207,-0.25599
-0.35311207,-0.25599
-0.35291207,-0.25599
-0.35271207,-0.25599
-0.35251207,-0.25599
-0.35231207,-0.25599
-0.35211207,-0.25599
-0.35191207,-0.223991
-0.35171207,-0.287989
-0.35151207,-0.223991
-0.35131207,-0.25599
-0.35111207,-0.25599
-0.35091207,-0.287989
-0.35071207,-0.25599
-0.35051207,-0.25599
-0.35031207,-0.223991
-0.35011207,-0.25599
-0.34991207,-0.287989
-0.34971207,-0.223991
-0.34951207,-0.25599
-0.34931207,-0.287989
-0.34911207,-0.223991
-0.34891207,-0.25599
-0.34871207,-0.25599
-0.34851207,-0.223991
-0.34831207,-0.25599
-0.34811207,-0.25599
-0.34791207,-0.191993
-0.34771207,-0.223991
-0.34751207,-0.223991
-0.34731207,-0.191993
-0.34711207,-0.223991
-0.34691207,-0.25599
-0.34671207,-0.223991
-0.34651207,-0.25599
-0.34631207,-0.25599
-0.34611207,-0.191993
-0.34591207,-0.191993
-0.34571207,-0.223991
-0.34551207,-0.191993
-0.34531207,-0.223991
-0.34511207,-0.223991
-0.34491207,-0.191993
-0.34471207,-0.223991
-0.34451207,-0.223991
-0.34431207,-0.191993
-0.34411207,-0.191993
-0.34391207,-0.223991
-0.34371207,-0.223991
-0.34351207,-0.223991
-0.34331207,-0.25599
-0.34311207,-0.191993
-0.34291207,-0.223991
-0.34271207,-0.223991
-0.34251207,-0.127995
-0.34231207,-0.191993
-0.34211207,-0.25599
-0.34191207,-0.159994
-0.34171207,-0.223991
-0.34151207,-0.223991
-0.34131207,-0.159994
-0.34111207,-0.191993
-0.34091207,-0.223991
-0.34071207,-0.191993
-0.34051207,-0.191993
-0.34031207,-0.191993
-0.34011207,-0.159994
-0.33991207,-0.191993
-0.33971207,-0.127995
-0.33951207,-0.159994
-0.33931207,-0.191993
-0.33911207,-0.223991
-0.33891207,-0.159994
-0.33871207,-0.159994
-0.33851207,-0.159994
-0.33831207,-0.127995
-0.33811207,-0.159994
-0.33791207,-0.159994
-0.33771207,-0.127995
-0.33751207,-0.159994
-0.33731207,-0.127995
-0.33711207,-0.159994
-0.33691207,-0.159994
-0.33671207,-0.159994
-0.33651207,-0.0959963
-0.33631207,-0.159994
-0.33611207,-0.127995
-0.33591207,-0.0959963
-0.33571207,-0.159994
-0.33551207,-0.127995
-0.33531207,-0.127995
-0.33511207,-0.127995
-0.33491207,-0.127995
-0.33471207,-0.127995
-0.33451207,-0.127995
-0.33431207,-0.127995
-0.33411207,-0.159994
-0.33391207,-0.127995
-0.33371207,-0.127995
-0.33351207,-0.0959963
-0.33331207,-0.159994
-0.33311207,-0.0959963
-0.33291207,-0.0959963
-0.33271207,-0.0959963
-0.33251207,-0.0959963
-0.33231207,-0.0639975
-0.33211207,-0.127995
-0.33191207,-0.127995
-0.33171207,-0.0959963
-0.33151207,-0.0959963
-0.33131207,-0.0959963
-0.33111207,-0.0639975
-0.33091207,-0.127995
-0.33071207,-0.0639975
-0.33051207,-0.0639975
-0.33031207,-0.0959963
-0.33011207,-0.0319988
-0.32991207,-0.0959963
-0.32971207,-0.0959963
-0.32951207,-0.0639975
-0.32931207,-0.0639975
-0.32911207,-0.0319988
-0.32891207,-0.0639975
-0.32871207,-0.0639975
-0.32851207,-0.0959963
-0.32831207,-0.0319988
-0.32811207,-0.0319988
-0.32791207,-0.0319988
-0.32771207,-0.0319988
-0.32751207,0
-0.32731207,-0.0639975
-0.32711207,-0.0319988
-0.32691207,-0.0319988
-0.32671207,-0.0639975
-0.32651207,0
-0.32631207,-0.0319988
-0.32611207,-0.0319988
-0.32591207,0
-0.32571207,0.0319988
-0.32551207,-0.0319988
-0.32531207,0.0319988
-0.32511207,0.0319988
-0.32491207,0
-0.32471207,0
-0.32451207,0
-0.32431207,0
-0.32411207,0.0319988
-0.32391207,0
-0.32371207,-0.0319988
-0.32351207,0
-0.32331207,0.0639975
-0.32311207,0
-0.32291207,0
-0.32271207,0.0319988
-0.32251207,0.0319988
-0.32231207,0.0319988
-0.32211207,0.0639975
-0.32191207,0.0319988
-0.32171207,0.0319988
-0.32151207,0.0319988
-0.32131207,0
-0.32111207,0
-0.32091207,0.0319988
-0.32071207,0.0319988
-0.32051207,0.0639975
-0.32031207,0.0319988
-0.32011207,0.0319988
-0.31991207,0.0319988
-0.31971207,0.0639975
-0.31951207,0.0639975
-0.31931207,0.0319988
-0.31911207,0
-0.31891207,0.0319988
-0.31871207,0.0319988
-0.31851207,0.0319988
-0.31831207,0.0319988
-0.31811207,0.0639975
-0.31791207,0.0639975
-0.31771207,0.0319988
-0.31751207,0.0319988
-0.31731207,0.0319988
-0.31711207,0.0319988
-0.31691207,0.0639975
-0.31671207,0.0639975
-0.31651207,0.0959963
-0.31631207,0.0959963
-0.31611207,0.0639975
-0.31591207,0.0319988
-0.31571207,0.0319988
-0.31551207,0.0319988
-0.31531207,0.0959963
-0.31511207,0.0639975
-0.31491207,0.0639975
-0.31471207,0.0319988
-0.31451207,0.0959963
-0.31431207,0.0639975
-0.31411207,0.127995
-0.31391207,0.0319988
-0.31371207,0.0959963
-0.31351207,0.0639975
-0.31331207,0.127995
-0.31311207,0.0639975
-0.31291207,0.0639975
-0.31271207,0.0959963
-0.31251207,0.0959963
-0.31231207,0.0639975
-0.31211207,0.0959963
-0.31191207,0.0959963
-0.31171207,0.0639975
-0.31151207,0.0959963
-0.31131207,0.0959963
-0.31111207,0
-0.31091207,0.0959963
-0.31071207,0.0639975
-0.31051207,0.0959963
-0.31031207,0.0959963
-0.31011207,0.0959963
-0.30991207,0.0959963
-0.30971207,0.0639975
-0.30951207,0.0959963
-0.30931207,0.0639975
-0.30911207,0.0959963
-0.30891207,0.0959963
-0.30871207,0.0959963
-0.30851207,0.127995
-0.30831207,0.0639975
-0.30811207,0.0959963
-0.30791207,0.127995
-0.30771207,0.0959963
-0.30751207,0.0319988
-0.30731207,0.0959963
-0.30711207,0.0959963
-0.30691207,0.0639975
-0.30671207,0.0959963
-0.30651207,0.0959963
-0.30631207,0.0639975
-0.30611207,0.0959963
-0.30591207,0.127995
-0.30571207,0.0959963
-0.30551207,0.0639975
-0.30531207,0.0959963
-0.30511207,0.0959963
-0.30491207,0.0959963
-0.30471207,0.0959963
-0.30451207,0.0959963
-0.30431207,0.0639975
-0.30411207,0.0959963
-0.30391207,0.0959963
-0.30371207,0.0639975
-0.30351207,0.0959963
-0.30331207,0.0959963
-0.30311207,0.127995
-0.30291207,0.0639975
-0.30271207,0.0959963
-0.30251207,0.0959963
-0.30231207,0.127995
-0.30211207,0.0639975
-0.30191207,0.0959963
-0.30171207,0.0639975
-0.30151207,0.0639975
-0.30131207,0.0639975
-0.30111207,0.0959963
-0.30091207,0.0639975
-0.30071207,0.0959963
-0.30051207,0.0639975
-0.30031207,0.0319988
-0.30011207,0.0959963
-0.29991207,0.0639975
-0.29971207,0.0639975
-0.29951207,0.0319988
-0.29931207,0.0639975
-0.29911207,0.0319988
-0.29891207,0.0319988
-0.29871207,0.0639975
-0.29851207,0.0319988
-0.29831207,0.0639975
-0.29811207,0.0319988
-0.29791207,0.0319988
-0.29771207,0.0639975
-0.29751207,0.0639975
-0.29731207,0.0319988
-0.29711207,0.0959963
-0.29691207,0.0959963
-0.29671207,0.0639975
-0.29651207,0.0319988
-0.29631207,0.0639975
-0.29611207,0.0319988
-0.29591207,0.0639975
-0.29571207,0.0639975
-0.29551207,0
-0.29531207,0.0639975
-0.29511207,0.0319988
-0.29491207,0.0319988
-0.29471207,0.0319988
-0.29451207,0.0639975
-0.29431207,0
-0.29411207,0.0319988
-0.29391207,0.0319988
-0.29371207,0.0319988
-0.29351207,0.0319988
-0.29331207,0.0959963
-0.29311207,0.0639975
-0.29291207,0.0319988
-0.29271207,0.0639975
-0.29251207,0.0319988
-0.29231207,0.0639975
-0.29211207,0.0319988
-0.29191207,0.0319988
-0.29171207,0.0319988
-0.29151207,0.0639975
-0.29131207,0.0319988
-0.29111207,0.0319988
-0.29091207,0.0319988
-0.29071207,0
-0.29051207,0.0319988
-0.29031207,0
-0.29011207,0
-0.28991207,0
-0.28971207,0.0639975
-0.28951207,0
-0.28931207,0.0319988
-0.28911207,0.0319988
-0.28891207,-0.0639975
-0.28871207,0.0319988
-0.28851207,0.0639975
-0.28831207,-0.0319988
-0.28811207,0.0319988
-0.28791207,0
-0.28771207,0.0319988
-0.28751207,0
-0.28731207,-0.0319988
-0.28711207,-0.0319988
-0.28691207,0
-0.28671207,0.0639975
-0.28651207,0
-0.28631207,0.0319988
-0.28611207,-0.0319988
-0.28591207,0.0319988
-0.28571207,0
-0.28551207,0
-0.28531207,-0.0319988
-0.28511207,0.0319988
-0.28491207,-0.0319988
-0.28471207,0
-0.28451207,0
-0.28431207,-0.0319988
-0.28411207,0
-0.28391207,-0.0319988
-0.28371207,0
-0.28351207,0
-0.28331207,0
-0.28311207,0
-0.28291207,-0.0959963
-0.28271207,0
-0.28251207,0
-0.28231207,0
-0.28211207,0
-0.28191207,0.0319988
-0.28171207,0
-0.28151207,0
-0.28131207,0
-0.28111207,0
-0.28091207,0
-0.28071207,0.0319988
-0.28051207,0.0319988
-0.28031207,0
-0.28011207,0
-0.27991207,0
-0.27971207,0
-0.27951207,0
-0.27931207,0.0319988
-0.27911207,0
-0.27891207,0.0319988
-0.27871207,0
-0.27851207,0.0319988
-0.27831207,0.0319988
-0.27811207,0
-0.27791207,0.0319988
-0.27771207,0.0319988
-0.27751207,0
-0.27731207,0.0319988
-0.27711207,0
-0.27691207,-0.0639975
-0.27671207,0
-0.27651207,0.0639975
-0.27631207,0.0319988
-0.27611207,0
-0.27591207,0.0319988
-0.27571207,0.0319988
-0.27551207,0.0319988
-0.27531207,0.0319988
-0.27511207,0
-0.27491207,0.0639975
-0.27471207,0.0319988
-0.27451207,0
-0.27431207,-0.0319988
-0.27411207,0.0319988
-0.27391207,-0.0319988
-0.27371207,0
-0.27351207,0.0319988
-0.27331207,0
-0.27311207,0
-0.27291207,0
-0.27271207,-0.0639975
-0.27251207,0.0319988
-0.27231207,0
-0.27211207,-0.0319988
-0.27191207,0.0319988
-0.27171207,0.0319988
-0.27151207,0
-0.27131207,0
-0.27111207,0
-0.27091207,0
-0.27071207,0
-0.27051207,-0.0319988
-0.27031207,-0.0319988
-0.27011207,0
-0.26991207,0
-0.26971207,-0.0319988
-0.26951207,0
-0.26931207,0.0319988
-0.26911207,-0.0639975
-0.26891207,0
-0.26871207,0.0319988
-0.26851207,-0.0319988
-0.26831207,0
-0.26811207,0
-0.26791207,0
-0.26771207,0.0319988
-0.26751207,0.0319988
-0.26731207,0
-0.26711207,0
-0.26691207,0.0319988
-0.26671207,0
-0.26651207,-0.0319988
-0.26631207,0
-0.26611207,-0.0319988
-0.26591207,0
-0.26571207,0.0319988
-0.26551207,-0.0319988
-0.26531207,0.0319988
-0.26511207,0
-0.26491207,0
-0.26471207,0
-0.26451207,0
-0.26431207,0
-0.26411207,0.0319988
-0.26391207,0
-0.26371207,0
-0.26351207,-0.0319988
-0.26331207,0.0639975
-0.26311207,-0.0319988
-0.26291207,-0.0319988
-0.26271207,-0.0319988
-0.26251207,-0.0639975
-0.26231207,-0.0319988
-0.26211207,0
-0.26191207,-0.0639975
-0.26171207,-0.0319988
-0.26151207,-0.0319988
-0.26131207,-0.0319988
-0.26111207,0
-0.26091207,-0.0319988
-0.26071207,-0.0639975
-0.26051207,-0.0319988
-0.26031207,-0.0319988
-0.26011207,-0.0639975
-0.25991207,-0.0639975
-0.25971207,0
-0.25951207,-0.0639975
-0.25931207,-0.0639975
-0.25911207,-0.0639975
-0.25891207,-0.0959963
-0.25871207,-0.0639975
-0.25851207,-0.0639975
-0.25831207,-0.0959963
-0.25811207,-0.0639975
-0.25791207,-0.0959963
-0.25771207,-0.0959963
-0.25751207,-0.0959963
-0.25731207,-0.0639975
-0.25711207,-0.0959963
-0.25691207,-0.0639975
-0.25671207,-0.0959963
-0.25651207,-0.127995
-0.25631207,-0.127995
-0.25611207,-0.127995
-0.25591207,-0.0959963
-0.25571207,-0.0959963
-0.25551207,-0.0959963
-0.25531207,-0.0959963
-0.25511207,-0.0959963
-0.25491207,-0.0959963
-0.25471207,-0.0959963
-0.25451207,-0.127995
-0.25431207,-0.159994
-0.25411207,-0.127995
-0.25391207,-0.0959963
-0.25371207,-0.0959963
-0.25351207,-0.127995
-0.25331207,-0.127995
-0.25311207,-0.159994
-0.25291207,-0.159994
-0.25271207,-0.127995
-0.25251207,-0.127995
-0.25231207,-0.159994
-0.25211207,-0.0639975
-0.25191207,-0.127995
-0.25171207,-0.127995
-0.25151207,-0.127995
-0.25131207,-0.0959963
-0.25111207,-0.191993
-0.25091207,-0.159994
-0.25071207,-0.159994
-0.25051207,-0.159994
-0.25031207,-0.159994
-0.25011207,-0.127995
-0.24991207,-0.127995
-0.24971207,-0.159994
-0.24951207,-0.0959963
-0.24931207,-0.159994
-0.24911207,-0.159994
-0.24891207,-0.127995
-0.24871207,-0.191993
-0.24851207,-0.127995
-0.24831207,-0.159994
-0.24811207,-0.159994
-0.24791207,-0.127995
-0.24771207,-0.159994
-0.24751207,-0.159994
-0.24731207,-0.159994
-0.24711207,-0.159994
-0.24691207,-0.191993
-0.24671207,-0.159994
-0.24651207,-0.127995
-0.24631207,-0.223991
-0.24611207,-0.127995
-0.24591207,-0.159994
-0.24571207,-0.223991
-0.24551207,-0.159994
-0.24531207,-0.191993
-0.24511207,-0.191993
-0.24491207,-0.159994
-0.24471207,-0.191993
-0.24451207,-0.191993
-0.24431207,-0.191993
-0.24411207,-0.159994
-0.24391207,-0.159994
-0.24371207,-0.0959963
-0.24351207,-0.159994
-0.24331207,-0.191993
-0.24311207,-0.127995
-0.24291207,-0.159994
-0.24271207,-0.223991
-0.24251207,-0.159994
-0.24231207,-0.127995
-0.24211207,-0.159994
-0.24191207,-0.127995
-0.24171207,-0.191993
-0.24151207,-0.159994
-0.24131207,-0.159994
-0.24111207,-0.159994
-0.24091207,-0.159994
-0.24071207,-0.127995
-0.24051207,-0.159994
-0.24031207,-0.191993
-0.24011207,-0.127995
-0.23991207,-0.127995
-0.23971207,-0.191993
-0.23951207,-0.127995
-0.23931207,-0.159994
-0.23911207,-0.159994
-0.23891207,-0.191993
-0.23871207,-0.159994
-0.23851207,-0.159994
-0.23831207,-0.159994
-0.23811207,-0.127995
-0.23791207,-0.127995
-0.23771207,-0.0959963
-0.23751207,-0.0959963
-0.23731207,-0.159994
-0.23711207,-0.0959963
-0.23691207,-0.0639975
-0.23671207,-0.127995
-0.23651207,-0.159994
-0.23631207,-0.127995
-0.23611207,-0.159994
-0.23591207,-0.127995
-0.23571207,-0.127995
-0.23551207,-0.159994
-0.23531207,-0.191993
-0.23511207,-0.0959963
-0.23491207,-0.159994
-0.23471207,-0.127995
-0.23451207,-0.159994
-0.23431207,-0.127995
-0.23411207,-0.0639975
-0.23391207,-0.0959963
-0.23371207,-0.127995
-0.23351207,-0.127995
-0.23331207,-0.0959963
-0.23311207,-0.127995
-0.23291207,-0.127995
-0.23271207,-0.0639975
-0.23251207,-0.127995
-0.23231207,-0.127995
-0.23211207,-0.127995
-0.23191207,-0.127995
-0.23171207,-0.0639975
-0.23151207,-0.127995
-0.23131207,-0.127995
-0.23111207,-0.0959963
-0.23091207,-0.0959963
-0.23071207,-0.127995
-0.23051207,-0.0959963
-0.23031207,-0.0639975
-0.23011207,-0.0959963
-0.22991207,-0.0959963
-0.22971207,-0.0959963
-0.22951207,-0.159994
-0.22931207,-0.0639975
-0.22911207,-0.0639975
-0.22891207,-0.0959963
-0.22871207,-0.0639975
-0.22851207,-0.0639975
-0.22831207,-0.127995
-0.22811207,-0.0319988
-0.22791207,-0.0959963
-0.22771207,-0.127995
-0.22751207,-0.0639975
-0.22731207,-0.0639975
-0.22711207,-0.0959963
-0.22691207,-0.0959963
-0.22671207,-0.0639975
-0.22651207,-0.0959963
-0.22631207,-0.0639975
-0.22611207,-0.0639975
-0.22591207,-0.0639975
-0.22571207,-0.0639975
-0.22551207,-0.0639975
-0.22531207,-0.0639975
-0.22511207,-0.0639975
-0.22491207,-0.0319988
-0.22471207,-0.0639975
-0.22451207,-0.0639975
-0.22431207,-0.0639975
-0.22411207,-0.0959963
-0.22391207,-0.0319988
-0.22371207,-0.0639975
-0.22351207,-0.0959963
-0.22331207,-0.0639975
-0.22311207,-0.0639975
-0.22291207,-0.0639975
-0.22271207,-0.0959963
-0.22251207,-0.0319988
-0.22231207,-0.0639975
-0.22211207,-0.0639975
-0.22191207,-0.0639975
-0.22171207,-0.0639975
-0.22151207,-0.0639975
-0.22131207,-0.0319988
-0.22111207,-0.0319988
-0.22091207,-0.0639975
-0.22071207,-0.0319988
-0.22051207,0
-0.22031207,-0.0319988
-0.22011207,-0.0639975
-0.21991207,-0.0959963
-0.21971207,-0.0639975
-0.21951207,-0.0319988
-0.21931207,-0.0959963
-0.21911207,-0.0639975
-0.21891207,-0.0639975
-0.21871207,-0.0639975
-0.21851207,-0.0639975
-0.21831207,-0.0639975
-0.21811207,-0.127995
-0.21791207,-0.0319988
-0.21771207,-0.0959963
-0.21751207,-0.0639975
-0.21731207,0
-0.21711207,-0.0319988
-0.21691207,-0.0639975
-0.21671207,-0.0319988
-0.21651207,0
-0.21631207,-0.0639975
-0.21611207,-0.0639975
-0.21591207,-0.0319988
-0.21571207,-0.0959963
-0.21551207,-0.0639975
-0.21531207,-0.0319988
-0.21511207,-0.0639975
-0.21491207,-0.0319988
-0.21471207,-0.0639975
-0.21451207,-0.0959963
-0.21431207,-0.0639975
-0.21411207,-0.0639975
-0.21391207,-0.0959963
-0.21371207,-0.0959963
-0.21351207,-0.0959963
-0.21331207,-0.127995
-0.21311207,-0.0639975
-0.21291207,-0.0639975
-0.21271207,-0.0959963
-0.21251207,-0.0959963
-0.21231207,-0.0639975
-0.21211207,-0.127995
-0.21191207,-0.0959963
-0.21171207,-0.0639975
-0.21151207,-0.0959963
-0.21131207,-0.0639975
-0.21111207,-0.0319988
-0.21091207,-0.0959963
-0.21071207,-0.0639975
-0.21051207,-0.0959963
-0.21031207,-0.0959963
-0.21011207,-0.127995
-0.20991207,-0.127995
-0.20971207,-0.0959963
-0.20951207,-0.127995
-0.20931207,-0.127995
-0.20911207,-0.127995
-0.20891207,-0.0959963
-0.20871207,-0.0959963
-0.20851207,-0.0959963
-0.20831207,-0.127995
-0.20811207,-0.0959963
-0.20791207,-0.0959963
-0.20771207,-0.0959963
-0.20751207,-0.0959963
-0.20731207,-0.159994
-0.20711207,-0.127995
-0.20691207,-0.0959963
-0.20671207,-0.0959963
-0.20651207,-0.0639975
-0.20631207,-0.0959963
-0.20611207,-0.127995
-0.20591207,-0.0959963
-0.20571207,-0.0959963
-0.20551207,-0.127995
-0.20531207,-0.0639975
-0.20511207,-0.0959963
-0.20491207,-0.127995
-0.20471207,-0.0959963
-0.20451207,-0.0959963
-0.20431207,-0.0959963
-0.20411207,-0.0639975
-0.20391207,-0.127995
-0.20371207,-0.127995
-0.20351207,-0.127995
-0.20331207,-0.0959963
-0.20311207,-0.0959963
-0.20291207,-0.127995
-0.20271207,-0.0959963
-0.20251207,-0.127995
-0.20231207,-0.0639975
-0.20211207,-0.0959963
-0.20191207,-0.127995
-0.20171207,-0.0959963
-0.20151207,-0.127995
-0.20131207,-0.0959963
-0.20111207,-0.0959963
-0.20091207,-0.127995
-0.20071207,-0.0959963
-0.20051207,-0.0959963
-0.20031207,-0.0639975
-0.20011207,-0.0959963
-0.19991207,-0.127995
-0.19971207,-0.0959963
-0.19951207,-0.127995
-0.19931207,-0.0639975
-0.19911207,-0.0959963
-0.19891207,-0.0959963
-0.19871207,-0.0959963
-0.19851207,-0.0959963
-0.19831207,-0.127995
-0.19811207,-0.0639975
-0.19791207,-0.127995
-0.19771207,-0.127995
-0.19751207,-0.127995
-0.19731207,-0.0959963
-0.19711207,-0.0959963
-0.19691207,-0.0959963
-0.19671207,-0.0639975
-0.19651207,-0.127995
-0.19631207,-0.127995
-0.19611207,-0.0959963
-0.19591207,-0.127995
-0.19571207,-0.0959963
-0.19551207,-0.0639975
-0.19531207,-0.159994
-0.19511207,-0.127995
-0.19491207,-0.0959963
-0.19471207,-0.159994
-0.19451207,-0.0639975
-0.19431207,-0.0959963
-0.19411207,-0.127995
-0.19391207,-0.0959963
-0.19371207,-0.0959963
-0.19351207,-0.159994
-0.19331207,-0.159994
-0.19311207,-0.0959963
-0.19291207,-0.127995
-0.19271207,-0.0959963
-0.19251207,-0.127995
-0.19231207,-0.0959963
-0.19211207,-0.0959963
-0.19191207,-0.0959963
-0.19171207,-0.159994
-0.19151207,-0.0959963
-0.19131207,-0.0959963
-0.19111207,-0.127995
-0.19091207,-0.159994
-0.19071207,-0.0959963
-0.19051207,-0.127995
-0.19031207,-0.0959963
-0.19011207,-0.127995
-0.18991207,-0.0959963
-0.18971207,-0.127995
-0.18951207,-0.0959963
-0.18931207,-0.127995
-0.18911207,-0.0959963
-0.18891207,-0.0639975
-0.18871207,-0.0959963
-0.18851207,-0.0959963
-0.18831207,-0.0959963
-0.18811207,-0.127995
-0.18791207,-0.0959963
-0.18771207,-0.0959963
-0.18751207,-0.0639975
-0.18731207,-0.0959963
-0.18711207,-0.0959963
-0.18691207,-0.127995
-0.18671207,-0.0959963
-0.18651207,-0.127995
-0.18631207,-0.127995
-0.18611207,-0.0639975
-0.18591207,-0.0959963
-0.18571207,-0.127995
-0.18551207,-0.0959963
-0.18531207,-0.0959963
-0.18511207,-0.127995
-0.18491207,-0.0639975
-0.18471207,-0.0959963
-0.18451207,-0.159994
-0.18431207,-0.0959963
-0.18411207,-0.127995
-0.18391207,-0.127995
-0.18371207,-0.0319988
-0.18351207,-0.0959963
-0.18331207,-0.127995
-0.18311207,-0.159994
-0.18291207,-0.0959963
-0.18271207,-0.159994
-0.18251207,-0.0959963
-0.18231207,-0.0959963
-0.18211207,-0.159994
-0.18191207,-0.127995
-0.18171207,-0.0959963
-0.18151207,-0.127995
-0.18131207,-0.0639975
-0.18111207,-0.0959963
-0.18091207,-0.127995
-0.18071207,-0.159994
-0.18051207,-0.0959963
-0.18031207,-0.0959963
-0.18011207,-0.0959963
-0.17991207,-0.0959963
-0.17971207,-0.127995
-0.17951207,-0.127995
-0.17931207,-0.0959963
-0.17911207,-0.127995
-0.17891207,-0.0959963
-0.17871207,-0.0959963
-0.17851207,-0.159994
-0.17831207,-0.127995
-0.17811207,-0.0639975
-0.17791207,-0.0959963
-0.17771207,-0.127995
-0.17751207,-0.0639975
-0.17731207,-0.127995
-0.17711207,-0.159994
-0.17691207,-0.0959963
-0.17671207,-0.159994
-0.17651207,-0.0959963
-0.17631207,-0.127995
-0.17611207,-0.127995
-0.17591207,-0.0959963
-0.17571207,-0.127995
-0.17551207,-0.127995
-0.17531207,-0.127995
-0.17511207,-0.0959963
-0.17491207,-0.127995
-0.17471207,-0.0959963
-0.17451207,-0.0959963
-0.17431207,-0.0959963
-0.17411207,-0.127995
-0.17391207,-0.0959963
-0.17371207,-0.0959963
-0.17351207,-0.0959963
-0.17331207,-0.0959963
-0.17311207,-0.127995
-0.17291207,-0.0639975
-0.17271207,-0.0959963
-0.17251207,-0.0959963
-0.17231207,-0.127995
-0.17211207,-0.0959963
-0.17191207,-0.0959963
-0.17171207,-0.0959963
-0.17151207,-0.0959963
-0.17131207,-0.0959963
-0.17111207,-0.127995
-0.17091207,-0.159994
-0.17071207,-0.0959963
-0.17051207,-0.0959963
-0.17031207,-0.0959963
-0.17011207,-0.127995
-0.16991207,-0.127995
-0.16971207,-0.127995
-0.16951207,-0.127995
-0.16931207,-0.0959963
-0.16911207,-0.0959963
-0.16891207,-0.0959963
-0.16871207,-0.0639975
-0.16851207,-0.0319988
-0.16831207,-0.0959963
-0.16811207,-0.0959963
-0.16791207,-0.0639975
-0.16771207,-0.0959963
-0.16751207,-0.0959963
-0.16731207,-0.0639975
-0.16711207,-0.127995
-0.16691207,-0.0639975
-0.16671207,-0.0959963
-0.16651207,-0.0639975
-0.16631207,-0.0959963
-0.16611207,-0.0319988
-0.16591207,-0.0959963
-0.16571207,-0.0639975
-0.16551207,-0.0639975
-0.16531207,-0.0639975
-0.16511207,-0.0639975
-0.16491207,-0.0639975
-0.16471207,-0.0959963
-0.16451207,-0.0959963
-0.16431207,-0.0959963
-0.16411207,-0.127995
-0.16391207,-0.0959963
-0.16371207,-0.0959963
-0.16351207,-0.0959963
-0.16331207,-0.0639975
-0.16311207,-0.0639975
-0.16291207,-0.127995
-0.16271207,-0.0639975
-0.16251207,-0.0959963
-0.16231207,-0.0639975
-0.16211207,-0.0639975
-0.16191207,-0.0639975
-0.16171207,-0.127995
-0.16151207,-0.0959963
-0.16131207,-0.0639975
-0.16111207,-0.0639975
-0.16091207,-0.0639975
-0.16071207,-0.0639975
-0.16051207,-0.127995
-0.16031207,-0.0639975
-0.16011207,-0.0639975
-0.15991207,-0.0959963
-0.15971207,-0.0319988
-0.15951207,-0.0639975
-0.15931207,-0.0639975
-0.15911207,-0.0319988
-0.15891207,-0.0319988
-0.15871207,-0.0959963
-0.15851207,-0.0639975
-0.15831207,0
-0.15811207,-0.0639975
-0.15791207,-0.0639975
-0.15771207,-0.0639975
-0.15751207,-0.0959963
-0.15731207,-0.0639975
-0.15711207,-0.0639975
-0.15691207,-0.0639975
-0.15671207,-0.0959963
-0.15651207,-0.0319988
-0.15631207,-0.0319988
-0.15611207,-0.0319988
-0.15591207,0
-0.15571207,0
-0.15551207,-0.0319988
-0.15531207,-0.0319988
-0.15511207,-0.0639975
-0.15491207,-0.0319988
-0.15471207,0
-0.15451207,-0.0319988
-0.15431207,-0.0639975
-0.15411207,-0.0319988
-0.15391207,-0.0639975
-0.15371207,-0.0639975
-0.15351207,-0.0319988
-0.15331207,-0.0639975
-0.15311207,-0.0639975
-0.15291207,-0.0639975
-0.15271207,-0.0319988
-0.15251207,-0.0639975
-0.15231207,-0.0639975
-0.15211207,-0.0639975
-0.15191207,-0.0319988
-0.15171207,-0.0319988
-0.15151207,-0.0639975
-0.15131207,-0.0319988
-0.15111207,-0.0639975
-0.15091207,-0.0319988
-0.15071207,0
-0.15051207,0
-0.15031207,-0.0319988
-0.15011207,0
-0.14991207,-0.0319988
-0.14971207,0
-0.14951207,-0.0319988
-0.14931207,-0.0319988
-0.14911207,-0.0319988
-0.14891207,-0.0319988
-0.14871207,0
-0.14851207,-0.0639975
-0.14831207,-0.0319988
-0.14811207,-0.0319988
-0.14791207,-0.0639975
-0.14771207,0
-0.14751207,0.0319988
-0.14731207,-0.0319988
-0.14711207,-0.0639975
-0.14691207,0
-0.14671207,-0.0639975
-0.14651207,-0.0639975
-0.14631207,0
-0.14611207,-0.0639975
-0.14591207,-0.0319988
-0.14571207,0
-0.14551207,-0.0639975
-0.14531207,-0.0319988
-0.14511207,-0.0319988
-0.14491207,-0.0319988
-0.14471207,-0.0319988
-0.14451207,-0.0639975
-0.14431207,-0.0639975
-0.14411207,-0.0639975
-0.14391207,0
-0.14371207,-0.0639975
-0.14351207,-0.0319988
-0.14331207,0
-0.14311207,-0.0639975
-0.14291207,-0.0319988
-0.14271207,0
-0.14251207,-0.0319988
-0.14231207,-0.0319988
-0.14211207,-0.0319988
-0.14191207,-0.0319988
-0.14171207,0
-0.14151207,-0.0319988
-0.14131207,0
-0.14111207,-0.0319988
-0.14091207,-0.0319988
-0.14071207,-0.0319988
-0.14051207,0
-0.14031207,-0.0319988
-0.14011207,-0.0959963
-0.13991207,-0.0639975
-0.13971207,0
-0.13951207,0
-0.13931207,0
-0.13911207,0
-0.13891207,0
-0.13871207,-0.0319988
-0.13851207,-0.0319988
-0.13831207,0
-0.13811207,-0.0319988
-0.13791207,-0.0319988
-0.13771207,-0.0319988
-0.13751207,0
-0.13731207,0
-0.13711207,0
-0.13691207,0
-0.13671207,0
-0.13651207,-0.0319988
-0.13631207,0.0319988
-0.13611207,0
-0.13591207,-0.0319988
-0.13571207,0
-0.13551207,0
-0.13531207,-0.0319988
-0.13511207,-0.0319988
-0.13491207,0
-0.13471207,-0.0319988
-0.13451207,0.0319988
-0.13431207,0.0319988
-0.13411207,0
-0.13391207,0
-0.13371207,-0.0639975
-0.13351207,-0.0319988
-0.13331207,0
-0.13311207,0
-0.13291207,-0.0319988
-0.13271207,0.0319988
-0.13251207,0
-0.13231207,-0.0639975
-0.13211207,0
-0.13191207,0
-0.13171207,-0.0319988
-0.13151207,0
-0.13131207,0
-0.13111207,-0.0319988
-0.13091207,0.0319988
-0.13071207,0.0319988
-0.13051207,-0.0319988
-0.13031207,0
-0.13011207,0
-0.12991207,-0.0319988
-0.12971207,0
-0.12951207,0.0319988
-0.12931207,0
-0.12911207,0
-0.12891207,0
-0.12871207,0
-0.12851207,0
-0.12831207,0.0319988
-0.12811207,-0.0319988
-0.12791207,0.0319988
-0.12771207,0.0319988
-0.12751207,0
-0.12731207,0
-0.12711207,0.0319988
-0.12691207,-0.0639975
-0.12671207,0.0319988
-0.12651207,0
-0.12631207,0.0319988
-0.12611207,0.0639975
-0.12591207,0
-0.12571207,0
-0.12551207,0
-0.12531207,0.0319988
-0.12511207,-0.0319988
-0.12491207,0
-0.12471207,0
-0.12451207,-0.0319988
-0.12431207,0
-0.12411207,0
-0.12391207,0
-0.12371207,-0.0319988
-0.12351207,0.0319988
-0.12331207,0
-0.12311207,0
-0.12291207,0.0319988
-0.12271207,0
-0.12251207,-0.0319988
-0.12231207,0.0319988
-0.12211207,-0.0319988
-0.12191207,-0.0319988
-0.12171207,0.0319988
-0.12151207,-0.0319988
-0.12131207,0
-0.12111207,0
-0.12091207,-0.0319988
-0.12071207,0
-0.12051207,0.0319988
-0.12031207,-0.0319988
-0.12011207,-0.0319988
-0.11991207,0
-0.11971207,0
-0.11951207,-0.0319988
-0.11931207,0.0319988
-0.11911207,0
-0.11891207,0
-0.11871207,0
-0.11851207,0
-0.11831207,-0.0319988
-0.11811207,0.0319988
-0.11791207,-0.0639975
-0.11771207,0.0639975
-0.11751207,0.0319988
-0.11731207,-0.0319988
-0.11711207,0
-0.11691207,0
-0.11671207,-0.0319988
-0.11651207,-0.0319988
-0.11631207,-0.0319988
-0.11611207,-0.0319988
-0.11591207,-0.0319988
-0.11571207,0
-0.11551207,0.0319988
-0.11531207,0.0319988
-0.11511207,0.0639975
-0.11491207,-0.0319988
-0.11471207,-0.0319988
-0.11451207,0.0319988
-0.11431207,-0.0319988
-0.11411207,-0.0319988
-0.11391207,0
-0.11371207,0
-0.11351207,-0.0319988
-0.11331207,0.0319988
-0.11311207,0
-0.11291207,0.0319988
-0.11271207,0.0319988
-0.11251207,-0.0319988
-0.11231207,-0.0639975
-0.11211207,0
-0.11191207,0.0319988
-0.11171207,0
-0.11151207,-0.0319988
-0.11131207,-0.0319988
-0.11111207,0.0319988
-0.11091207,0.0639975
-0.11071207,-0.0319988
-0.11051207,0
-0.11031207,0
-0.11011207,0
-0.10991207,-0.0319988
-0.10971207,0
-0.10951207,0
-0.10931207,0
-0.10911207,0.0319988
-0.10891207,0
-0.10871207,0
-0.10851207,0
-0.10831207,0
-0.10811207,0
-0.10791207,0.0319988
-0.10771207,-0.0319988
-0.10751207,-0.0319988
-0.10731207,0
-0.10711207,-0.0639975
-0.10691207,0
-0.10671207,0
-0.10651207,0
-0.10631207,0.0319988
-0.10611207,0
-0.10591207,0
-0.10571207,-0.0319988
-0.10551207,0
-0.10531207,-0.0319988
-0.10511207,0.0319988
-0.10491207,0
-0.10471207,-0.0319988
-0.10451207,0
-0.10431207,0.0639975
-0.10411207,-0.0319988
-0.10391207,0
-0.10371207,0.0319988
-0.10351207,-0.0639975
-0.10331207,0.0639975
-0.10311207,0.0639975
-0.10291207,-0.0319988
-0.10271207,0
-0.10251207,0
-0.10231207,0
-0.10211207,0.0319988
-0.10191207,0
-0.10171207,0
-0.10151207,0
-0.10131207,0
-0.10111207,0
-0.10091207,-0.0319988
-0.10071207,0.0639975
-0.10051207,0
-0.10031207,0.0319988
-0.10011207,0
-0.099912072,0
-0.099712072,-0.0319988
-0.099512072,0.0319988
-0.099312072,0.0319988
-0.099112072,0
-0.098912072,0
-0.098712072,0
-0.098512072,0.0319988
-0.098312072,0
-0.098112072,-0.0319988
-0.097912072,0
-0.097712072,0.0319988
-0.097512072,-0.0639975
-0.097312072,0.0319988
-0.097112072,0.0319988
-0.096912072,0.0319988
-0.096712072,0.0639975
-0.096512072,0.0639975
-0.096312072,-0.0319988
-0.096112072,0.0319988
-0.095912072,0.0639975
-0.095712072,0.0639975
-0.095512072,0.0639975
-0.095312072,0.0319988
-0.095112072,0.0319988
-0.094912072,0.0319988
-0.094712072,0.0639975
-0.094512072,0.0639975
-0.094312072,0.0319988
-0.094112072,0.0639975
-0.093912072,0
-0.093712072,0.0639975
-0.093512072,0.0319988
-0.093312072,0.0639975
-0.093112072,0.0319988
-0.092912072,0.0959963
-0.092712072,0.0319988
-0.092512072,0.0639975
-0.092312072,0.0639975
-0.092112072,0.0639975
-0.091912072,0.0959963
-0.091712072,0.0319988
-0.091512072,0.0639975
-0.091312072,0.0639975
-0.091112072,0.0319988
-0.090912072,0.0959963
-0.090712072,0.0639975
-0.090512072,0.0639975
-0.090312072,0.0959963
-0.090112072,0.0959963
-0.089912072,0.0639975
-0.089712072,0.0639975
-0.089512072,0.0639975
-0.089312072,0.0639975
-0.089112072,0.0319988
-0.088912072,0.0639975
-0.088712072,0.0639975
-0.088512072,0.0319988
-0.088312072,0.0639975
-0.088112072,0.0639975
-0.087912072,0.0319988
-0.087712072,0.0639975
-0.087512072,0.0319988
-0.087312072,0.0639975
-0.087112072,0.0639975
-0.086912072,0.0959963
-0.086712072,0.0639975
-0.086512072,0.0639975
-0.086312072,0.0319988
-0.086112072,0.0639975
-0.085912072,0.0639975
-0.085712072,0.0639975
-0.085512072,0.0639975
-0.085312072,0.0639975
-0.085112072,0.0639975
-0.084912072,0.0319988
-0.084712072,0.0959963
-0.084512072,0.0639975
-0.084312072,0.0319988
-0.084112072,0.0319988
-0.083912072,0.0319988
-0.083712072,0.0639975
-0.083512072,0.0639975
-0.083312072,0.0959963
-0.083112072,0.0319988
-0.082912072,0.0959963
-0.082712072,0.0639975
-0.082512072,0.0959963
-0.082312072,0.0639975
-0.082112072,0.0639975
-0.081912072,0.0639975
-0.081712072,0.0959963
-0.081512072,0.0639975
-0.081312072,0.0639975
-0.081112072,0.0319988
-0.080912072,0.0959963
-0.080712072,0.0319988
-0.080512072,0.0639975
-0.080312072,0.0639975
-0.080112072,0.0319988
-0.079912072,0.0319988
-0.079712072,0.0319988
-0.079512072,0.0319988
-0.079312072,0.0639975
-0.079112072,0.0639975
-0.078912072,0
-0.078712072,0.0959963
-0.078512072,0.0959963
-0.078312072,0.0639975
-0.078112072,0.0639975
-0.077912072,0.0639975
-0.077712072,0.0639975
-0.077512072,0.0959963
-0.077312072,0.0319988
-0.077112072,0.0319988
-0.076912072,0.0639975
-0.076712072,0.0959963
-0.076512072,0.0319988
-0.076312072,0.0639975
-0.076112072,0.0959963
-0.075912072,0.0959963
-0.075712072,0.0639975
-0.075512072,0.0639975
-0.075312072,0.0959963
-0.075112072,0.0639975
-0.074912072,0.0959963
-0.074712072,0.0319988
-0.074512072,0.0639975
-0.074312072,0.0639975
-0.074112072,0.0959963
-0.073912072,0.0639975
-0.073712072,0.0639975
-0.073512072,0.0319988
-0.073312072,0.0639975
-0.073112072,0.0639975
-0.072912072,0.0319988
-0.072712072,0.0639975
-0.072512072,0.0639975
-0.072312072,0
-0.072112072,0.0639975
-0.071912072,0.0959963
-0.071712072,0.0959963
-0.071512072,0.0959963
-0.071312072,0.0639975
-0.071112072,0.0319988
-0.070912072,0.0319988
-0.070712072,0.0639975
-0.070512072,0.0639975
-0.070312072,0.127995
-0.070112072,0.0959963
-0.069912072,0.0319988
-0.069712072,0.0639975
-0.069512072,0.0639975
-0.069312072,0.0639975
-0.069112072,0.0319988
-0.068912072,0.0639975
-0.068712072,0.0639975
-0.068512072,0.0639975
-0.068312072,0.0639975
-0.068112072,0.0639975
-0.067912072,0.0639975
-0.067712072,0.0959963
-0.067512072,0.0319988
-0.067312072,0.0639975
-0.067112072,0.0639975
-0.066912072,0.0639975
-0.066712072,0.0639975
-0.066512072,0.0639975
-0.066312072,0.127995
-0.066112072,0.0639975
-0.065912072,0.0639975
-0.065712072,0
-0.065512072,0.0639975
-0.065312072,0.0639975
-0.065112072,0.0319988
-0.064912072,0.0639975
-0.064712072,0.0959963
-0.064512072,0
-0.064312072,0.0959963
-0.064112072,0.0959963
-0.063912072,0
-0.063712072,0.0639975
-0.063512072,0.0959963
-0.063312072,0.0319988
-0.063112072,0.127995
-0.062912072,0.0639975
-0.062712072,0.0639975
-0.062512072,0.0959963
-0.062312072,0.0639975
-0.062112072,0.0639975
-0.061912072,0.0959963
-0.061712072,0.0639975
-0.061512072,0.0639975
-0.061312072,0.0639975
-0.061112072,0.0639975
-0.060912072,0.0319988
-0.060712072,0.0639975
-0.060512072,0.0639975
-0.060312072,0.0639975
-0.060112072,0.0319988
-0.059912072,0.0319988
-0.059712072,0.0639975
-0.059512072,0.0639975
-0.059312072,0.0319988
-0.059112072,0.0319988
-0.058912072,0.0639975
-0.058712072,0.0639975
-0.058512072,0.0319988
-0.058312072,0.0319988
-0.058112072,0.0639975
-0.057912072,0.0319988
-0.057712072,0.0319988
-0.057512072,0.0319988
-0.057312072,0.0319988
-0.057112072,0
-0.056912072,0.0639975
-0.056712072,0.0319988
-0.056512072,0.0959963
-0.056312072,0.0639975
-0.056112072,0
-0.055912072,0.0639975
-0.055712072,0.0639975
-0.055512072,0.0319988
-0.055312072,0.0639975
-0.055112072,0.0319988
-0.054912072,0.0319988
-0.054712072,0
-0.054512072,0.0319988
-0.054312072,0.0319988
-0.054112072,0.0319988
-0.053912072,0
-0.053712072,0
-0.053512072,0.0319988
-0.053312072,0.0319988
-0.053112072,0.0319988
-0.052912072,0
-0.052712072,0
-0.052512072,0
-0.052312072,0.0639975
-0.052112072,0.0639975
-0.051912072,0.0319988
-0.051712072,0
-0.051512072,0.0319988
-0.051312072,0
-0.051112072,0
-0.050912072,0.0319988
-0.050712072,0
-0.050512072,-0.0319988
-0.050312072,0.0319988
-0.050112072,0
-0.049912072,0
-0.049712072,0
-0.049512072,-0.0319988
-0.049312072,0.0319988
-0.049112072,-0.0319988
-0.048912072,-0.0319988
-0.048712072,0.0319988
-0.048512072,0
-0.048312072,-0.0319988
-0.048112072,0
-0.047912072,0
-0.047712072,-0.0319988
-0.047512072,0
-0.047312072,0.0319988
-0.047112072,-0.0319988
-0.046912072,-0.0639975
-0.046712072,0
-0.046512072,-0.0959963
-0.046312072,-0.0319988
-0.046112072,0
-0.045912072,-0.127995
-0.045712072,-0.0319988
-0.045512072,0.0319988
-0.045312072,-0.0639975
-0.045112072,-0.0319988
-0.044912072,-0.0319988
-0.044712072,0
-0.044512072,0
-0.044312072,0
-0.044112072,-0.0319988
-0.043912072,-0.0639975
-0.043712072,-0.0319988
-0.043512072,-0.0959963
-0.043312072,-0.0319988
-0.043112072,0
-0.042912072,-0.0959963
-0.042712072,0
-0.042512072,-0.0319988
-0.042312072,0
-0.042112072,0
-0.041912072,-0.0319988
-0.041712072,-0.0639975
-0.041512072,-0.0639975
-0.041312072,-0.0319988
-0.041112072,-0.0959963
-0.040912072,0
-0.040712072,-0.0319988
-0.040512072,-0.0319988
-0.040312072,-0.0319988
-0.040112072,-0.0319988
-0.039912072,-0.0319988
-0.039712072,-0.0639975
-0.039512072,-0.0319988
-0.039312072,-0.0959963
-0.039112072,-0.0319988
-0.038912072,-0.0319988
-0.038712072,-0.0639975
-0.038512072,-0.0959963
-0.038312072,-0.0319988
-0.038112072,-0.0959963
-0.037912072,-0.0639975
-0.037712072,-0.0319988
-0.037512072,-0.0639975
-0.037312072,-0.0959963
-0.037112072,-0.0319988
-0.036912072,-0.0959963
-0.036712072,-0.0639975
-0.036512072,-0.0959963
-0.036312072,-0.0959963
-0.036112072,-0.0639975
-0.035912072,-0.0959963
-0.035712072,-0.0639975
-0.035512072,-0.0959963
-0.035312072,-0.0959963
-0.035112072,-0.0959963
-0.034912072,-0.0639975
-0.034712072,-0.127995
-0.034512072,-0.0639975
-0.034312072,-0.0639975
-0.034112072,-0.0639975
-0.033912072,-0.0959963
-0.033712072,-0.0639975
-0.033512072,-0.0639975
-0.033312072,-0.0959963
-0.033112072,-0.0959963
-0.032912072,-0.0959963
-0.032712072,-0.127995
-0.032512072,-0.0639975
-0.032312072,-0.0639975
-0.032112072,-0.0959963
-0.031912072,-0.0639975
-0.031712072,-0.0639975
-0.031512072,-0.0959963
-0.031312072,-0.127995
-0.031112072,-0.0639975
-0.030912072,-0.0959963
-0.030712072,-0.0959963
-0.030512072,-0.0639975
-0.030312072,-0.127995
-0.030112072,-0.0959963
-0.029912072,-0.0959963
-0.029712072,-0.127995
-0.029512072,-0.0959963
-0.029312072,-0.0959963
-0.029112072,-0.127995
-0.028912072,-0.0959963
-0.028712072,-0.0959963
-0.028512072,-0.0959963
-0.028312072,-0.0639975
-0.028112072,-0.0959963
-0.027912072,-0.127995
-0.027712072,-0.0959963
-0.027512072,-0.0639975
-0.027312072,-0.127995
-0.027112072,-0.127995
-0.026912072,-0.0959963
-0.026712072,-0.127995
-0.026512072,-0.0959963
-0.026312072,-0.0959963
-0.026112072,-0.0959963
-0.025912072,-0.127995
-0.025712072,-0.127995
-0.025512072,-0.159994
-0.025312072,-0.127995
-0.025112072,-0.127995
-0.024912072,-0.127995
-0.024712072,-0.0959963
-0.024512072,-0.0959963
-0.024312072,-0.127995
-0.024112072,-0.0639975
-0.023912072,-0.0959963
-0.023712072,-0.159994
-0.023512072,-0.127995
-0.023312072,-0.127995
-0.023112072,-0.127995
-0.022912072,-0.0959963
-0.022712072,-0.127995
-0.022512072,-0.127995
-0.022312072,-0.127995
-0.022112072,-0.159994
-0.021912072,-0.159994
-0.021712072,-0.0959963
-0.021512072,-0.0959963
-0.021312072,-0.159994
-0.021112072,-0.0959963
-0.020912072,-0.127995
-0.020712072,-0.159994
-0.020512072,-0.127995
-0.020312072,-0.127995
-0.020112072,-0.159994
-0.019912072,-0.0959963
-0.019712072,-0.0959963
-0.019512072,-0.159994
-0.019312072,-0.127995
-0.019112072,-0.0959963
-0.018912072,-0.159994
-0.018712072,-0.0959963
-0.018512072,-0.0959963
-0.018312072,-0.0959963
-0.018112072,-0.0959963
-0.017912072,-0.0959963
-0.017712072,-0.0959963
-0.017512072,-0.0959963
-0.017312072,-0.127995
-0.017112072,-0.127995
-0.016912072,-0.127995
-0.016712072,-0.0959963
-0.016512072,-0.127995
-0.016312072,-0.127995
-0.016112072,-0.0639975
-0.015912072,-0.127995
-0.015712072,-0.0959963
-0.015512072,-0.0959963
-0.015312072,-0.0959963
-0.015112072,-0.0959963
-0.014912072,-0.0959963
-0.014712072,-0.0959963
-0.014512072,-0.0639975
-0.014312072,-0.0639975
-0.014112072,-0.127995
-0.013912072,-0.127995
-0.013712072,-0.0639975
-0.013512072,-0.0639975
-0.013312072,-0.0959963
-0.013112072,-0.0639975
-0.012912072,-0.0959963
-0.012712072,-0.0959963
-0.012512072,-0.0959963
-0.012312072,-0.0959963
-0.012112072,-0.0639975
-0.011912072,-0.0639975
-0.011712072,-0.0959963
-0.011512072,-0.0639975
-0.011312072,-0.0959963
-0.011112072,-0.127995
-0.010912072,-0.0319988
-0.010712072,-0.0959963
-0.010512072,-0.127995
-0.010312072,-0.0639975
-0.010112072,-0.0639975
-0.0099120724,-0.0959963
-0.0097120724,-0.0639975
-0.0095120724,-0.0959963
-0.0093120724,-0.159994
-0.0091120724,-0.0959963
-0.0089120724,-0.0639975
-0.0087120724,-0.0959963
-0.0085120724,-0.0319988
-0.0083120724,-0.0959963
-0.0081120724,-0.127995
-0.0079120724,-0.0639975
-0.0077120724,-0.127995
-0.0075120724,-0.0959963
-0.0073120724,-0.127995
-0.0071120724,-0.127995
-0.0069120724,-0.127995
-0.0067120724,-0.127995
-0.0065120724,-0.0639975
-0.0063120724,-0.0959963
-0.0061120724,-0.0959963
-0.0059120724,-0.127995
-0.0057120724,-0.159994
-0.0055120724,-0.0959963
-0.0053120724,-0.0959963
-0.0051120724,-0.127995
-0.0049120724,-0.127995
-0.0047120724,-0.0959963
-0.0045120724,-0.0959963
-0.0043120724,-0.0959963
-0.0041120724,-0.0959963
-0.0039120724,-0.127995
-0.0037120724,-0.0319988
-0.0035120724,-0.0959963
-0.0033120724,-0.0959963
-0.0031120724,-0.0959963
-0.0029120724,-0.0639975
-0.0027120724,-0.0959963
-0.0025120724,-0.0639975
-0.0023120724,-0.0959963
-0.0021120724,-0.127995
-0.0019120724,-0.0639975
-0.0017120724,-0.0959963
-0.0015120724,-0.0959963
-0.0013120724,-0.127995
-0.0011120724,-0.0639975
-0.00091207244,-0.0959963
-0.00071207244,-0.127995
-0.00051207244,-0.0639975
-0.00031207244,-0.0639975
-0.00011207244,-0.0959963
8.792756e-005,-0.0639975
