x,y
1.012023333335498876e-04,0.000000000000000000e+00
3.012023333333058162e-04,0.000000000000000000e+00
5.012023333335058339e-04,0.000000000000000000e+00
7.012023333337058517e-04,0.000000000000000000e+00
9.012023333319074681e-04,0.000000000000000000e+00
1.101202333333661798e-03,0.000000000000000000e+00
1.301202333332085459e-03,0.000000000000000000e+00
1.501202333335172057e-03,0.000000000000000000e+00
1.701202333332485495e-03,0.000000000000000000e+00
1.901202333333573691e-03,0.000000000000000000e+00
2.101202333333551664e-03,0.000000000000000000e+00
2.301202333333529637e-03,0.000000000000000000e+00
2.501202333333285566e-03,0.000000000000000000e+00
2.701202333331709227e-03,0.000000000000000000e+00
2.901202333333241512e-03,0.000000000000000000e+00
3.101202333332109262e-03,0.000000000000000000e+00
3.301202333334085637e-03,0.000000000000000000e+00
3.501202333333175432e-03,0.000000000000000000e+00
3.701202333333597494e-03,0.000000000000000000e+00
3.901202333334907735e-03,0.000000000000000000e+00
4.101202333334441619e-03,0.000000000000000000e+00
4.301202333333531413e-03,0.000000000000000000e+00
4.501202333331955074e-03,0.000000000000000000e+00
4.701202333333931449e-03,0.000000000000000000e+00
4.901202333331911021e-03,0.000000000000000000e+00
5.101202333334109440e-03,0.000000000000000000e+00
5.301202333333643324e-03,0.000000000000000000e+00
5.501202333334509476e-03,0.000000000000000000e+00
5.701202333334709493e-03,0.000000000000000000e+00
5.901202333332911110e-03,0.000000000000000000e+00
6.101202333333111127e-03,0.000000000000000000e+00
6.301202333331978878e-03,0.000000000000000000e+00
6.501202333334843431e-03,0.000000000000000000e+00
6.701202333332378913e-03,0.000000000000000000e+00
6.901202333334355288e-03,0.000000000000000000e+00
7.101202333333223038e-03,0.000000000000000000e+00
7.301202333334089190e-03,0.000000000000000000e+00
7.501202333332956940e-03,0.000000000000000000e+00
7.701202333333156957e-03,0.000000000000000000e+00
7.901202333333579020e-03,0.000000000000000000e+00
8.101202333332002681e-03,0.000000000000000000e+00
8.301202333334423145e-03,0.000000000000000000e+00
8.501202333332846806e-03,0.000000000000000000e+00
8.701202333334379091e-03,0.000000000000000000e+00
8.901202333333690930e-03,0.000000000000000000e+00
9.101202333334335037e-03,0.000000000000000000e+00
9.301202333333202787e-03,0.000000000000000000e+00
9.501202333332070538e-03,0.000000000000000000e+00
9.701202333333602823e-03,0.000000000000000000e+00
9.901202333332026484e-03,0.000000000000000000e+00
1.010120233333511308e-02,0.000000000000000000e+00
1.030120233333309265e-02,0.000000000000000000e+00
1.050120233333440289e-02,0.000000000000000000e+00
1.070120233333438087e-02,0.000000000000000000e+00
1.090120233333324862e-02,0.000000000000000000e+00
1.110120233333367068e-02,0.000000000000000000e+00
1.130120233333120616e-02,0.000000000000000000e+00
1.150120233333362663e-02,0.000000000000000000e+00
1.170120233333116211e-02,0.000000000000000000e+00
1.190120233333358257e-02,0.000000000000000000e+00
1.210120233333311646e-02,0.000000000000000000e+00
1.230120233333487079e-02,0.000000000000000000e+00
1.250120233333440467e-02,0.000000000000000000e+00
1.270120233333349447e-02,0.000000000000000000e+00
1.290120233333436062e-02,0.000000000000000000e+00
1.310120233333122997e-02,0.000000000000000000e+00
1.330120233333409452e-02,0.000000000000000000e+00
1.350120233333207409e-02,0.000000000000000000e+00
1.370120233333405046e-02,0.000000000000000000e+00
1.390120233333314026e-02,0.000000000000000000e+00
1.410120233333356232e-02,0.000000000000000000e+00
1.430120233333398438e-02,0.000000000000000000e+00
1.450120233333240805e-02,0.000000000000000000e+00
1.470120233333349624e-02,0.000000000000000000e+00
1.490120233333103172e-02,0.000000000000000000e+00
1.510120233333434037e-02,0.000000000000000000e+00
1.530120233333298607e-02,0.000000000000000000e+00
1.550120233333363018e-02,0.000000000000000000e+00
1.570120233333294202e-02,0.000000000000000000e+00
1.590120233333403021e-02,0.000000000000000000e+00
1.610120233333312001e-02,0.000000000000000000e+00
1.630120233333198776e-02,0.000000000000000000e+00
1.650120233333307596e-02,0.000000000000000000e+00
1.670120233333194371e-02,0.000000000000000000e+00
1.690120233333480826e-02,0.000000000000000000e+00
1.710120233333323192e-02,0.000000000000000000e+00
1.730120233333432012e-02,0.000000000000000000e+00
1.750120233333363196e-02,0.000000000000000000e+00
1.770120233333360993e-02,0.000000000000000000e+00
1.790120233333292177e-02,0.000000000000000000e+00
1.810120233333156747e-02,0.000000000000000000e+00
1.830120233333354385e-02,0.000000000000000000e+00
1.850120233333285569e-02,0.000000000000000000e+00
1.870120233333438797e-02,0.000000000000000000e+00
1.890120233333392186e-02,0.000000000000000000e+00
1.910120233333434392e-02,0.000000000000000000e+00
1.930120233333521007e-02,0.000000000000000000e+00
1.950120233333407782e-02,0.000000000000000000e+00
1.970120233333361170e-02,0.000000000000000000e+00
1.990120233333159128e-02,0.000000000000000000e+00
2.010120233333356765e-02,0.000000000000000000e+00
2.030120233333199131e-02,0.000000000000000000e+00
2.050120233333441178e-02,0.000000000000000000e+00
2.070120233333350157e-02,0.000000000000000000e+00
2.090120233333436772e-02,0.000000000000000000e+00
2.110120233333478978e-02,0.000000000000000000e+00
2.130120233333232527e-02,0.000000000000000000e+00
2.150120233333296937e-02,0.000000000000000000e+00
2.170120233333117099e-02,0.000000000000000000e+00
2.190120233333470168e-02,0.000000000000000000e+00
2.210120233333290329e-02,0.000000000000000000e+00
2.230120233333443558e-02,0.000000000000000000e+00
2.250120233333330333e-02,0.000000000000000000e+00
2.270120233333394744e-02,0.000000000000000000e+00
2.290120233333303723e-02,0.000000000000000000e+00
2.310120233333190498e-02,0.000000000000000000e+00
2.330120233333299318e-02,0.000000000000000000e+00
2.350120233333163888e-02,0.000000000000000000e+00
2.370120233333405935e-02,0.000000000000000000e+00
2.390120233333248301e-02,0.000000000000000000e+00
2.410120233333401529e-02,0.000000000000000000e+00
2.430120233333354918e-02,0.000000000000000000e+00
2.450120233333441533e-02,0.000000000000000000e+00
2.470120233333328308e-02,0.000000000000000000e+00
2.490120233333192878e-02,0.000000000000000000e+00
2.510120233333323903e-02,0.000000000000000000e+00
2.530120233333210678e-02,0.000000000000000000e+00
2.550120233333474928e-02,0.000000000000000000e+00
2.570120233333295090e-02,0.000000000000000000e+00
2.590120233333448319e-02,0.000000000000000000e+00
2.610120233333446116e-02,0.000000000000000000e+00
2.630120233333355095e-02,0.000000000000000000e+00
2.650120233333308484e-02,0.000000000000000000e+00
2.670120233333150850e-02,0.000000000000000000e+00
2.690120233333370692e-02,0.000000000000000000e+00
2.710120233333168649e-02,0.000000000000000000e+00
2.730120233333410695e-02,0.000000000000000000e+00
2.750120233333364084e-02,0.000000000000000000e+00
2.770120233333472903e-02,0.000000000000000000e+00
2.790120233333404087e-02,0.000000000000000000e+00
2.810120233333357476e-02,0.000000000000000000e+00
2.830120233333310864e-02,0.000000000000000000e+00
2.850120233333131026e-02,0.000000000000000000e+00
2.870120233333350868e-02,0.000000000000000000e+00
2.890120233333193234e-02,0.000000000000000000e+00
2.910120233333368667e-02,0.000000000000000000e+00
2.930120233333410873e-02,0.000000000000000000e+00
2.950120233333408670e-02,0.000000000000000000e+00
2.970120233333362059e-02,0.000000000000000000e+00
2.990120233333248834e-02,0.000000000000000000e+00
3.010120233333291040e-02,0.000000000000000000e+00
3.030120233333111202e-02,0.000000000000000000e+00
3.050120233333397657e-02,0.000000000000000000e+00
3.070120233333306636e-02,0.000000000000000000e+00
3.090120233333393251e-02,0.000000000000000000e+00
3.110120233333302231e-02,0.000000000000000000e+00
3.130120233333433255e-02,0.000000000000000000e+00
3.150120233333408848e-02,0.000000000000000000e+00
3.170120233333206805e-02,0.000000000000000000e+00
3.190120233333360034e-02,0.000000000000000000e+00
3.210120233333246809e-02,0.000000000000000000e+00
3.230120233333444446e-02,0.000000000000000000e+00
3.250120233333309017e-02,0.000000000000000000e+00
3.270120233333395632e-02,0.000000000000000000e+00
3.290120233333349020e-02,0.000000000000000000e+00
3.310120233333435635e-02,0.000000000000000000e+00
3.330120233333300206e-02,0.000000000000000000e+00
3.350120233333209185e-02,0.000000000000000000e+00
3.370120233333362414e-02,0.000000000000000000e+00
3.390120233333204780e-02,0.000000000000000000e+00
3.410120233333402417e-02,0.000000000000000000e+00
3.430120233333355806e-02,0.000000000000000000e+00
3.450120233333442421e-02,0.000000000000000000e+00
3.470120233333484627e-02,0.000000000000000000e+00
3.490120233333349198e-02,0.000000000000000000e+00
3.510120233333369200e-02,0.000000000000000000e+00
3.530120233333122748e-02,0.000000000000000000e+00
3.550120233333320385e-02,0.000000000000000000e+00
3.570120233333207160e-02,0.000000000000000000e+00
3.590120233333360389e-02,0.000000000000000000e+00
3.610120233333358186e-02,0.000000000000000000e+00
3.630120233333400392e-02,0.000000000000000000e+00
3.650120233333487008e-02,0.000000000000000000e+00
3.670120233333329374e-02,0.000000000000000000e+00
3.690120233333304967e-02,0.000000000000000000e+00
3.710120233333169537e-02,0.000000000000000000e+00
3.730120233333389379e-02,0.000000000000000000e+00
3.750120233333298359e-02,0.000000000000000000e+00
3.770120233333362769e-02,0.000000000000000000e+00
3.790120233333360567e-02,0.000000000000000000e+00
3.810120233333447182e-02,0.000000000000000000e+00
3.830120233333311752e-02,0.000000000000000000e+00
3.850120233333198527e-02,0.000000000000000000e+00
3.870120233333285142e-02,0.000000000000000000e+00
3.890120233333149713e-02,0.000000000000000000e+00
3.910120233333369555e-02,0.000000000000000000e+00
3.930120233333322943e-02,0.000000000000000000e+00
3.950120233333409558e-02,0.000000000000000000e+00
3.970120233333407356e-02,0.000000000000000000e+00
3.990120233333471766e-02,0.000000000000000000e+00
4.010120233333314133e-02,0.000000000000000000e+00
4.030120233333245316e-02,0.000000000000000000e+00
4.050120233333309727e-02,0.000000000000000000e+00
4.070120233333196502e-02,0.000000000000000000e+00
4.090120233333527366e-02,0.000000000000000000e+00
4.110120233333369733e-02,0.000000000000000000e+00
4.130120233333389734e-02,0.000000000000000000e+00
4.150120233333409736e-02,0.000000000000000000e+00
4.170120233333318716e-02,0.000000000000000000e+00
4.190120233333360922e-02,0.000000000000000000e+00
4.210120233333203288e-02,0.000000000000000000e+00
4.230120233333356516e-02,0.000000000000000000e+00
4.250120233333198883e-02,0.000000000000000000e+00
4.270120233333396520e-02,0.000000000000000000e+00
4.290120233333438726e-02,0.000000000000000000e+00
4.310120233333392115e-02,0.000000000000000000e+00
4.330120233333523139e-02,0.000000000000000000e+00
4.350120233333365505e-02,0.000000000000000000e+00
4.370120233333296689e-02,0.000000000000000000e+00
4.390120233333094646e-02,0.000000000000000000e+00
4.410120233333358897e-02,0.000000000000000000e+00
4.430120233333245672e-02,0.000000000000000000e+00
4.450120233333354491e-02,0.000000000000000000e+00
4.470120233333396698e-02,0.000000000000000000e+00
4.490120233333483313e-02,0.000000000000000000e+00
4.510120233333392292e-02,0.000000000000000000e+00
4.530120233333234658e-02,0.000000000000000000e+00
4.550120233333232456e-02,0.000000000000000000e+00
4.570120233333074822e-02,0.000000000000000000e+00
4.590120233333405686e-02,0.000000000000000000e+00
4.610120233333359074e-02,0.000000000000000000e+00
4.630120233333401281e-02,0.000000000000000000e+00
4.650120233333354669e-02,0.000000000000000000e+00
4.670120233333396875e-02,0.000000000000000000e+00
4.690120233333350264e-02,0.000000000000000000e+00
4.710120233333170425e-02,0.000000000000000000e+00
4.730120233333301449e-02,0.000000000000000000e+00
4.750120233333232633e-02,0.000000000000000000e+00
4.770120233333430271e-02,0.000000000000000000e+00
4.790120233333361455e-02,0.000000000000000000e+00
4.810120233333448070e-02,0.000000000000000000e+00
4.830120233333401458e-02,0.000000000000000000e+00
4.850120233333399256e-02,0.000000000000000000e+00
4.870120233333286031e-02,0.000000000000000000e+00
4.890120233333150601e-02,0.000000000000000000e+00
4.910120233333326034e-02,0.000000000000000000e+00
4.930120233333279423e-02,0.000000000000000000e+00
4.950120233333499264e-02,0.000000000000000000e+00
4.970120233333363835e-02,0.000000000000000000e+00
4.990120233333361632e-02,0.000000000000000000e+00
5.010120233333470452e-02,0.000000000000000000e+00
5.030120233333312818e-02,0.000000000000000000e+00
5.050120233333355024e-02,0.000000000000000000e+00
5.070120233333152981e-02,0.000000000000000000e+00
5.090120233333328414e-02,0.000000000000000000e+00
5.110120233333192985e-02,0.000000000000000000e+00
5.130120233333368418e-02,0.000000000000000000e+00
5.150120233333410624e-02,0.000000000000000000e+00
5.170120233333408422e-02,0.000000000000000000e+00
5.190120233333472832e-02,0.000000000000000000e+00
5.210120233333292994e-02,0.000000000000000000e+00
5.230120233333357405e-02,0.000000000000000000e+00
5.250120233333110953e-02,0.000000000000000000e+00
5.270120233333397408e-02,0.000000000000000000e+00
5.290120233333328592e-02,0.000000000000000000e+00
5.310120233333393003e-02,0.000000000000000000e+00
5.330120233333324187e-02,0.000000000000000000e+00
5.350120233333410802e-02,0.000000000000000000e+00
5.370120233333364190e-02,0.000000000000000000e+00
5.390120233333206556e-02,0.000000000000000000e+00
5.410120233333359785e-02,0.000000000000000000e+00
5.430120233333157742e-02,0.000000000000000000e+00
5.450120233333355380e-02,0.000000000000000000e+00
5.470120233333308768e-02,0.000000000000000000e+00
5.490120233333350974e-02,0.000000000000000000e+00
5.510120233333326567e-02,0.000000000000000000e+00
5.530120233333368773e-02,0.000000000000000000e+00
5.550120233333366571e-02,0.000000000000000000e+00
5.570120233333208937e-02,0.000000000000000000e+00
5.590120233333317756e-02,0.000000000000000000e+00
5.610120233333204531e-02,0.000000000000000000e+00
5.630120233333490987e-02,0.000000000000000000e+00
5.650120233333311148e-02,0.000000000000000000e+00
5.670120233333397763e-02,0.000000000000000000e+00
5.690120233333351152e-02,0.000000000000000000e+00
5.710120233333326745e-02,0.000000000000000000e+00
5.730120233333368951e-02,0.000000000000000000e+00
5.750120233333166908e-02,0.000000000000000000e+00
5.770120233333320137e-02,0.000000000000000000e+00
5.790120233333206912e-02,0.000000000000000000e+00
5.810120233333448958e-02,0.000000000000000000e+00
5.830120233333357938e-02,0.000000000000000000e+00
5.850120233333355735e-02,0.000000000000000000e+00
5.870120233333508963e-02,0.000000000000000000e+00
5.890120233333395738e-02,0.000000000000000000e+00
5.910120233333349127e-02,0.000000000000000000e+00
5.930120233333124879e-02,0.000000000000000000e+00
5.950120233333366926e-02,0.000000000000000000e+00
5.970120233333275905e-02,0.000000000000000000e+00
5.990120233333362521e-02,0.000000000000000000e+00
6.010120233333404727e-02,0.000000000000000000e+00
6.030120233333446933e-02,0.000000000000000000e+00
6.050120233333444730e-02,0.000000000000000000e+00
6.070120233333309301e-02,0.000000000000000000e+00
6.090120233333284894e-02,0.000000000000000000e+00
6.110120233333149464e-02,0.000000000000000000e+00
6.130120233333391511e-02,0.000000000000000000e+00
6.150120233333300490e-02,0.000000000000000000e+00
6.170120233333409310e-02,0.000000000000000000e+00
6.190120233333318289e-02,0.000000000000000000e+00
6.210120233333404904e-02,0.000000000000000000e+00
6.230120233333247270e-02,0.000000000000000000e+00
6.250120233333245068e-02,0.000000000000000000e+00
6.270120233333309478e-02,0.000000000000000000e+00
6.290120233333196254e-02,0.000000000000000000e+00
6.310120233333438300e-02,0.000000000000000000e+00
6.330120233333325075e-02,0.000000000000000000e+00
6.350120233333389486e-02,0.000000000000000000e+00
6.370120233333365078e-02,0.000000000000000000e+00
6.390120233333429489e-02,0.000000000000000000e+00
6.410120233333294060e-02,0.000000000000000000e+00
6.430120233333158630e-02,0.000000000000000000e+00
6.450120233333311859e-02,0.000000000000000000e+00
6.470120233333287452e-02,0.000000000000000000e+00
6.490120233333529498e-02,0.000000000000000000e+00
6.510120233333349660e-02,0.000000000000000000e+00
6.530120233333436275e-02,0.000000000000000000e+00
6.550120233333434072e-02,0.000000000000000000e+00
6.570120233333298643e-02,0.000000000000000000e+00
6.590120233333318644e-02,0.000000000000000000e+00
6.610120233333161011e-02,0.000000000000000000e+00
6.630120233333314239e-02,0.000000000000000000e+00
6.650120233333201014e-02,0.000000000000000000e+00
6.670120233333354243e-02,0.000000000000000000e+00
6.690120233333352040e-02,0.000000000000000000e+00
6.710120233333438655e-02,0.000000000000000000e+00
6.730120233333436452e-02,0.000000000000000000e+00
6.750120233333323227e-02,0.000000000000000000e+00
6.770120233333409843e-02,0.000000000000000000e+00
6.790120233333207800e-02,0.000000000000000000e+00
6.810120233333361028e-02,0.000000000000000000e+00
6.830120233333292212e-02,0.000000000000000000e+00
6.850120233333356623e-02,0.000000000000000000e+00
6.870120233333310011e-02,0.000000000000000000e+00
6.890120233333441035e-02,0.000000000000000000e+00
6.910120233333305606e-02,0.000000000000000000e+00
6.930120233333192381e-02,0.000000000000000000e+00
6.950120233333301201e-02,0.000000000000000000e+00
6.970120233333165771e-02,0.000000000000000000e+00
6.990120233333407818e-02,0.000000000000000000e+00
7.010120233333316797e-02,0.000000000000000000e+00
7.030120233333447821e-02,0.000000000000000000e+00
7.050120233333312392e-02,0.000000000000000000e+00
7.070120233333443416e-02,0.000000000000000000e+00
7.090120233333330191e-02,0.000000000000000000e+00
7.110120233333194761e-02,0.000000000000000000e+00
7.130120233333281377e-02,0.000000000000000000e+00
7.150120233333190356e-02,0.000000000000000000e+00
7.170120233333432402e-02,0.000000000000000000e+00
7.190120233333296973e-02,0.000000000000000000e+00
7.210120233333405793e-02,0.000000000000000000e+00
7.230120233333359181e-02,0.000000000000000000e+00
7.250120233333356978e-02,0.000000000000000000e+00
7.270120233333310367e-02,0.000000000000000000e+00
7.290120233333152733e-02,0.000000000000000000e+00
7.310120233333305961e-02,0.000000000000000000e+00
7.330120233333303759e-02,0.000000000000000000e+00
7.350120233333434783e-02,0.000000000000000000e+00
7.370120233333365967e-02,0.000000000000000000e+00
7.390120233333408173e-02,0.000000000000000000e+00
7.410120233333494788e-02,0.000000000000000000e+00
7.430120233333403768e-02,0.000000000000000000e+00
7.450120233333312747e-02,0.000000000000000000e+00
7.470120233333199522e-02,0.000000000000000000e+00
7.490120233333352751e-02,0.000000000000000000e+00
7.510120233333195117e-02,0.000000000000000000e+00
7.530120233333437163e-02,0.000000000000000000e+00
7.550120233333368347e-02,0.000000000000000000e+00
7.570120233333410553e-02,0.000000000000000000e+00
7.590120233333430555e-02,0.000000000000000000e+00
7.610120233333250717e-02,0.000000000000000000e+00
7.630120233333248514e-02,0.000000000000000000e+00
7.650120233333201902e-02,0.000000000000000000e+00
7.670120233333443949e-02,0.000000000000000000e+00
7.690120233333352928e-02,0.000000000000000000e+00
7.710120233333439543e-02,0.000000000000000000e+00
7.730120233333370727e-02,0.000000000000000000e+00
7.750120233333435138e-02,0.000000000000000000e+00
7.770120233333210891e-02,0.000000000000000000e+00
7.790120233333230892e-02,0.000000000000000000e+00
7.810120233333250894e-02,0.000000000000000000e+00
7.830120233333204283e-02,0.000000000000000000e+00
7.850120233333446329e-02,0.000000000000000000e+00
7.870120233333310900e-02,0.000000000000000000e+00
7.890120233333441924e-02,0.000000000000000000e+00
7.910120233333328699e-02,0.000000000000000000e+00
7.930120233333437518e-02,0.000000000000000000e+00
7.950120233333302089e-02,0.000000000000000000e+00
7.970120233333211068e-02,0.000000000000000000e+00
7.990120233333297683e-02,0.000000000000000000e+00
8.010120233333251072e-02,0.000000000000000000e+00
8.030120233333515323e-02,0.000000000000000000e+00
8.050120233333313280e-02,0.000000000000000000e+00
8.070120233333444304e-02,0.000000000000000000e+00
8.090120233333397692e-02,0.000000000000000000e+00
8.110120233333351081e-02,0.000000000000000000e+00
8.130120233333193447e-02,0.000000000000000000e+00
8.150120233333169040e-02,0.000000000000000000e+00
8.170120233333366677e-02,0.000000000000000000e+00
8.190120233333209043e-02,0.000000000000000000e+00
8.210120233333406681e-02,0.000000000000000000e+00
8.230120233333360069e-02,0.000000000000000000e+00
8.250120233333491093e-02,0.000000000000000000e+00
8.270120233333355664e-02,0.000000000000000000e+00
8.290120233333309052e-02,0.000000000000000000e+00
8.310120233333306849e-02,0.000000000000000000e+00
8.330120233333149216e-02,0.000000000000000000e+00
8.350120233333391262e-02,0.000000000000000000e+00
8.370120233333300241e-02,0.000000000000000000e+00
8.390120233333431266e-02,0.000000000000000000e+00
8.410120233333362449e-02,0.000000000000000000e+00
8.430120233333360247e-02,0.000000000000000000e+00
8.450120233333358044e-02,0.000000000000000000e+00
8.470120233333200410e-02,0.000000000000000000e+00
8.490120233333242616e-02,0.000000000000000000e+00
8.510120233333151596e-02,0.000000000000000000e+00
8.530120233333438051e-02,0.000000000000000000e+00
8.550120233333369235e-02,0.000000000000000000e+00
8.570120233333433646e-02,0.000000000000000000e+00
8.590120233333320421e-02,0.000000000000000000e+00
8.610120233333429240e-02,0.000000000000000000e+00
8.630120233333293811e-02,0.000000000000000000e+00
8.650120233333158382e-02,0.000000000000000000e+00
8.670120233333200588e-02,0.000000000000000000e+00
8.690120233333242794e-02,0.000000000000000000e+00
8.710120233333440432e-02,0.000000000000000000e+00
8.730120233333349411e-02,0.000000000000000000e+00
8.750120233333436026e-02,0.000000000000000000e+00
8.770120233333367210e-02,0.000000000000000000e+00
8.790120233333320598e-02,0.000000000000000000e+00
8.810120233333229578e-02,0.000000000000000000e+00
8.830120233333116353e-02,0.000000000000000000e+00
8.850120233333313990e-02,0.000000000000000000e+00
8.870120233333289583e-02,0.000000000000000000e+00
8.890120233333487221e-02,0.000000000000000000e+00
8.910120233333440609e-02,0.000000000000000000e+00
8.930120233333393998e-02,0.000000000000000000e+00
8.950120233333480613e-02,0.000000000000000000e+00
8.970120233333367388e-02,0.000000000000000000e+00
8.990120233333298572e-02,0.000000000000000000e+00
9.010120233333163142e-02,0.000000000000000000e+00
9.030120233333360780e-02,0.000000000000000000e+00
9.050120233333291964e-02,0.000000000000000000e+00
9.070120233333445192e-02,0.000000000000000000e+00
9.090120233333398581e-02,0.000000000000000000e+00
9.110120233333440787e-02,0.000000000000000000e+00
9.130120233333394175e-02,0.000000000000000000e+00
9.150120233333192132e-02,0.000000000000000000e+00
9.170120233333234339e-02,0.000000000000000000e+00
9.190120233333165523e-02,0.000000000000000000e+00
9.210120233333474182e-02,0.000000000000000000e+00
9.230120233333360957e-02,0.000000000000000000e+00
9.250120233333469777e-02,0.000000000000000000e+00
9.270120233333356552e-02,0.000000000000000000e+00
9.290120233333398758e-02,0.000000000000000000e+00
9.310120233333196715e-02,0.000000000000000000e+00
9.330120233333194513e-02,0.000000000000000000e+00
9.350120233333192310e-02,0.000000000000000000e+00
9.370120233333234516e-02,0.000000000000000000e+00
9.390120233333432154e-02,0.000000000000000000e+00
9.410120233333296724e-02,0.000000000000000000e+00
9.430120233333449953e-02,0.000000000000000000e+00
9.450120233333358932e-02,0.000000000000000000e+00
9.470120233333445547e-02,0.000000000000000000e+00
9.490120233333243505e-02,0.000000000000000000e+00
9.510120233333196893e-02,0.000000000000000000e+00
9.530120233333239099e-02,0.000000000000000000e+00
9.550120233333281305e-02,0.000000000000000000e+00
9.570120233333501147e-02,0.000000000000000000e+00
9.590120233333321309e-02,0.000000000000000000e+00
9.610120233333407924e-02,0.000000000000000000e+00
9.630120233333361313e-02,0.000000000000000000e+00
9.650120233333314701e-02,0.000000000000000000e+00
9.670120233333290294e-02,0.000000000000000000e+00
9.690120233333199273e-02,0.000000000000000000e+00
9.710120233333330297e-02,0.000000000000000000e+00
9.730120233333239277e-02,0.000000000000000000e+00
9.750120233333436914e-02,0.000000000000000000e+00
9.770120233333390303e-02,0.000000000000000000e+00
9.790120233333521327e-02,0.000000000000000000e+00
9.810120233333408102e-02,0.000000000000000000e+00
9.830120233333361490e-02,0.000000000000000000e+00
9.850120233333248265e-02,0.000000000000000000e+00
9.870120233333112836e-02,0.000000000000000000e+00
9.890120233333399291e-02,0.000000000000000000e+00
9.910120233333308271e-02,0.000000000000000000e+00
9.930120233333439295e-02,0.000000000000000000e+00
9.950120233333437092e-02,0.000000000000000000e+00
9.970120233333434889e-02,0.000000000000000000e+00
9.990120233333366073e-02,0.000000000000000000e+00
1.001012023333323064e-01,0.000000000000000000e+00
1.003012023333320624e-01,0.000000000000000000e+00
1.005012023333315963e-01,0.000000000000000000e+00
1.007012023333344608e-01,0.000000000000000000e+00
1.009012023333335506e-01,0.000000000000000000e+00
1.011012023333353049e-01,0.000000000000000000e+00
1.013012023333332845e-01,0.000000000000000000e+00
1.015012023333343727e-01,0.000000000000000000e+00
1.017012023333327964e-01,0.000000000000000000e+00
1.019012023333316641e-01,0.000000000000000000e+00
1.021012023333323082e-01,0.000000000000000000e+00
1.023012023333325082e-01,0.000000000000000000e+00
1.025012023333340405e-01,0.000000000000000000e+00
1.027012023333335744e-01,0.000000000000000000e+00
1.029012023333344406e-01,0.000000000000000000e+00
1.031012023333335303e-01,0.000000000000000000e+00
1.033012023333343965e-01,0.000000000000000000e+00
1.035012023333319320e-01,0.000000000000000000e+00
1.037012023333316879e-01,0.000000000000000000e+00
1.039012023333327761e-01,0.000000000000000000e+00
1.041012023333336423e-01,0.000000000000000000e+00
1.043012023333345084e-01,0.000000000000000000e+00
1.045012023333340423e-01,0.000000000000000000e+00
1.047012023333349084e-01,0.000000000000000000e+00
1.049012023333344423e-01,0.000000000000000000e+00
1.051012023333335321e-01,0.000000000000000000e+00
1.053012023333323999e-01,0.000000000000000000e+00
1.055012023333314897e-01,0.000000000000000000e+00
1.057012023333330220e-01,0.000000000000000000e+00
1.059012023333327779e-01,0.000000000000000000e+00
1.061012023333347543e-01,0.000000000000000000e+00
1.063012023333340661e-01,0.000000000000000000e+00
1.065012023333347102e-01,0.000000000000000000e+00
1.067012023333340220e-01,0.000000000000000000e+00
1.069012023333324457e-01,0.000000000000000000e+00
1.071012023333319796e-01,0.000000000000000000e+00
1.073012023333312914e-01,0.000000000000000000e+00
1.075012023333343780e-01,0.000000000000000000e+00
1.077012023333336899e-01,0.000000000000000000e+00
1.079012023333343340e-01,0.000000000000000000e+00
1.081012023333340899e-01,0.000000000000000000e+00
1.083012023333340679e-01,0.000000000000000000e+00
1.085012023333324915e-01,0.000000000000000000e+00
1.087012023333320254e-01,0.000000000000000000e+00
1.089012023333315593e-01,0.000000000000000000e+00
1.091012023333319814e-01,0.000000000000000000e+00
1.093012023333339577e-01,0.000000000000000000e+00
1.095012023333332696e-01,0.000000000000000000e+00
1.097012023333352460e-01,0.000000000000000000e+00
1.099012023333336696e-01,0.000000000000000000e+00
1.101012023333343137e-01,0.000000000000000000e+00
1.103012023333322933e-01,0.000000000000000000e+00
1.105012023333320492e-01,0.000000000000000000e+00
1.107012023333320272e-01,0.000000000000000000e+00
1.109012023333328933e-01,0.000000000000000000e+00
1.111012023333344256e-01,0.000000000000000000e+00
1.113012023333335154e-01,0.000000000000000000e+00
1.115012023333348257e-01,0.000000000000000000e+00
1.117012023333332493e-01,0.000000000000000000e+00
1.119012023333338934e-01,0.000000000000000000e+00
1.121012023333323171e-01,0.000000000000000000e+00
1.123012023333320730e-01,0.000000000000000000e+00
1.125012023333329392e-01,0.000000000000000000e+00
1.127012023333324731e-01,0.000000000000000000e+00
1.129012023333340053e-01,0.000000000000000000e+00
1.131012023333339833e-01,0.000000000000000000e+00
1.133012023333344054e-01,0.000000000000000000e+00
1.135012023333339393e-01,0.000000000000000000e+00
1.137012023333336952e-01,0.000000000000000000e+00
1.139012023333318968e-01,0.000000000000000000e+00
1.141012023333320968e-01,0.000000000000000000e+00
1.143012023333336291e-01,0.000000000000000000e+00
1.145012023333324969e-01,0.000000000000000000e+00
1.147012023333344732e-01,0.000000000000000000e+00
1.149012023333335630e-01,0.000000000000000000e+00
1.151012023333344292e-01,0.000000000000000000e+00
1.153012023333332969e-01,0.000000000000000000e+00
1.155012023333328308e-01,0.000000000000000000e+00
1.157012023333316986e-01,0.000000000000000000e+00
1.159012023333318986e-01,0.000000000000000000e+00
1.161012023333340970e-01,0.000000000000000000e+00
1.163012023333336309e-01,0.000000000000000000e+00
1.165012023333349411e-01,0.000000000000000000e+00
1.167012023333335868e-01,0.000000000000000000e+00
1.169012023333348971e-01,0.000000000000000000e+00
1.171012023333319885e-01,0.000000000000000000e+00
1.173012023333319664e-01,0.000000000000000000e+00
1.175012023333319444e-01,0.000000000000000000e+00
1.177012023333330326e-01,0.000000000000000000e+00
1.179012023333336767e-01,0.000000000000000000e+00
1.181012023333336547e-01,0.000000000000000000e+00
1.183012023333347429e-01,0.000000000000000000e+00
1.185012023333336106e-01,0.000000000000000000e+00
1.187012023333346988e-01,0.000000000000000000e+00
1.189012023333324564e-01,0.000000000000000000e+00
1.191012023333319902e-01,0.000000000000000000e+00
1.193012023333319682e-01,0.000000000000000000e+00
1.195012023333332785e-01,0.000000000000000000e+00
1.197012023333343667e-01,0.000000000000000000e+00
1.199012023333336785e-01,0.000000000000000000e+00
1.201012023333352108e-01,0.000000000000000000e+00
1.203012023333340785e-01,0.000000000000000000e+00
1.205012023333336124e-01,0.000000000000000000e+00
1.207012023333324802e-01,0.000000000000000000e+00
1.209012023333311259e-01,0.000000000000000000e+00
1.211012023333324361e-01,0.000000000000000000e+00
1.213012023333319700e-01,0.000000000000000000e+00
1.215012023333335023e-01,0.000000000000000000e+00
1.217012023333343684e-01,0.000000000000000000e+00
1.219012023333350125e-01,0.000000000000000000e+00
1.221012023333343244e-01,0.000000000000000000e+00
1.223012023333336362e-01,0.000000000000000000e+00
1.225012023333325040e-01,0.000000000000000000e+00
1.227012023333311497e-01,0.000000000000000000e+00
1.229012023333331260e-01,0.000000000000000000e+00
1.231012023333335481e-01,0.000000000000000000e+00
1.233012023333339702e-01,0.000000000000000000e+00
1.235012023333335041e-01,0.000000000000000000e+00
1.237012023333343702e-01,0.000000000000000000e+00
1.239012023333327939e-01,0.000000000000000000e+00
1.241012023333323278e-01,0.000000000000000000e+00
1.243012023333320837e-01,0.000000000000000000e+00
1.245012023333325057e-01,0.000000000000000000e+00
1.247012023333335939e-01,0.000000000000000000e+00
1.249012023333329058e-01,0.000000000000000000e+00
1.251012023333348822e-01,0.000000000000000000e+00
1.253012023333335279e-01,0.000000000000000000e+00
1.255012023333343940e-01,0.000000000000000000e+00
1.257012023333330397e-01,0.000000000000000000e+00
1.259012023333316854e-01,0.000000000000000000e+00
1.261012023333321075e-01,0.000000000000000000e+00
1.263012023333331957e-01,0.000000000000000000e+00
1.265012023333345059e-01,0.000000000000000000e+00
1.267012023333335957e-01,0.000000000000000000e+00
1.269012023333349060e-01,0.000000000000000000e+00
1.271012023333335517e-01,0.000000000000000000e+00
1.273012023333335296e-01,0.000000000000000000e+00
1.275012023333323974e-01,0.000000000000000000e+00
1.277012023333317092e-01,0.000000000000000000e+00
1.279012023333323533e-01,0.000000000000000000e+00
1.281012023333332195e-01,0.000000000000000000e+00
1.283012023333336415e-01,0.000000000000000000e+00
1.285012023333336195e-01,0.000000000000000000e+00
1.287012023333340416e-01,0.000000000000000000e+00
1.289012023333349077e-01,0.000000000000000000e+00
1.291012023333344416e-01,0.000000000000000000e+00
1.293012023333319771e-01,0.000000000000000000e+00
1.295012023333319551e-01,0.000000000000000000e+00
1.297012023333337094e-01,0.000000000000000000e+00
1.299012023333330212e-01,0.000000000000000000e+00
1.301012023333341094e-01,0.000000000000000000e+00
1.303012023333340874e-01,0.000000000000000000e+00
1.305012023333345095e-01,0.000000000000000000e+00
1.307012023333344874e-01,0.000000000000000000e+00
1.309012023333329111e-01,0.000000000000000000e+00
1.311012023333315568e-01,0.000000000000000000e+00
1.313012023333319789e-01,0.000000000000000000e+00
1.315012023333335112e-01,0.000000000000000000e+00
1.317012023333332671e-01,0.000000000000000000e+00
1.319012023333347994e-01,0.000000000000000000e+00
1.321012023333343333e-01,0.000000000000000000e+00
1.323012023333343112e-01,0.000000000000000000e+00
1.325012023333329569e-01,0.000000000000000000e+00
1.327012023333331570e-01,0.000000000000000000e+00
1.329012023333320247e-01,0.000000000000000000e+00
1.331012023333324468e-01,0.000000000000000000e+00
1.333012023333335350e-01,0.000000000000000000e+00
1.335012023333330689e-01,0.000000000000000000e+00
1.337012023333343791e-01,0.000000000000000000e+00
1.339012023333336909e-01,0.000000000000000000e+00
1.341012023333352232e-01,0.000000000000000000e+00
1.343012023333320926e-01,0.000000000000000000e+00
1.345012023333320705e-01,0.000000000000000000e+00
1.347012023333320485e-01,0.000000000000000000e+00
1.349012023333329147e-01,0.000000000000000000e+00
1.351012023333344469e-01,0.000000000000000000e+00
1.353012023333330927e-01,0.000000000000000000e+00
1.355012023333348470e-01,0.000000000000000000e+00
1.357012023333343809e-01,0.000000000000000000e+00
1.359012023333332486e-01,0.000000000000000000e+00
1.361012023333323384e-01,0.000000000000000000e+00
1.363012023333316503e-01,0.000000000000000000e+00
1.365012023333336266e-01,0.000000000000000000e+00
1.367012023333320503e-01,0.000000000000000000e+00
1.369012023333335826e-01,0.000000000000000000e+00
1.371012023333335605e-01,0.000000000000000000e+00
1.373012023333348708e-01,0.000000000000000000e+00
1.375012023333344047e-01,0.000000000000000000e+00
1.377012023333334945e-01,0.000000000000000000e+00
1.379012023333330283e-01,0.000000000000000000e+00
1.381012023333316741e-01,0.000000000000000000e+00
1.383012023333336504e-01,0.000000000000000000e+00
1.385012023333322961e-01,0.000000000000000000e+00
1.387012023333340505e-01,0.000000000000000000e+00
1.389012023333335843e-01,0.000000000000000000e+00
1.391012023333340064e-01,0.000000000000000000e+00
1.393012023333339844e-01,0.000000000000000000e+00
1.395012023333330742e-01,0.000000000000000000e+00
1.397012023333319419e-01,0.000000000000000000e+00
1.399012023333319199e-01,0.000000000000000000e+00
1.401012023333336742e-01,0.000000000000000000e+00
1.403012023333329861e-01,0.000000000000000000e+00
1.405012023333347404e-01,0.000000000000000000e+00
1.407012023333336082e-01,0.000000000000000000e+00
1.409012023333346963e-01,0.000000000000000000e+00
1.411012023333331200e-01,0.000000000000000000e+00
1.413012023333319878e-01,0.000000000000000000e+00
1.415012023333319657e-01,0.000000000000000000e+00
1.417012023333328319e-01,0.000000000000000000e+00
1.419012023333339201e-01,0.000000000000000000e+00
1.421012023333327878e-01,0.000000000000000000e+00
1.423012023333347642e-01,0.000000000000000000e+00
1.425012023333336320e-01,0.000000000000000000e+00
1.427012023333336099e-01,0.000000000000000000e+00
1.429012023333329218e-01,0.000000000000000000e+00
1.431012023333315675e-01,0.000000000000000000e+00
1.433012023333328777e-01,0.000000000000000000e+00
1.435012023333328557e-01,0.000000000000000000e+00
1.437012023333343880e-01,0.000000000000000000e+00
1.439012023333339219e-01,0.000000000000000000e+00
1.441012023333347880e-01,0.000000000000000000e+00
1.443012023333352101e-01,0.000000000000000000e+00
1.445012023333340778e-01,0.000000000000000000e+00
1.447012023333336117e-01,0.000000000000000000e+00
1.449012023333315913e-01,0.000000000000000000e+00
1.451012023333335677e-01,0.000000000000000000e+00
1.453012023333319913e-01,0.000000000000000000e+00
1.455012023333339677e-01,0.000000000000000000e+00
1.457012023333335016e-01,0.000000000000000000e+00
1.459012023333343677e-01,0.000000000000000000e+00
1.461012023333343457e-01,0.000000000000000000e+00
1.463012023333332134e-01,0.000000000000000000e+00
1.465012023333323032e-01,0.000000000000000000e+00
1.467012023333320592e-01,0.000000000000000000e+00
1.469012023333344796e-01,0.000000000000000000e+00
1.471012023333331253e-01,0.000000000000000000e+00
1.473012023333344356e-01,0.000000000000000000e+00
1.475012023333335254e-01,0.000000000000000000e+00
1.477012023333343915e-01,0.000000000000000000e+00
1.479012023333323711e-01,0.000000000000000000e+00
1.481012023333330152e-01,0.000000000000000000e+00
1.483012023333321050e-01,0.000000000000000000e+00
1.485012023333320830e-01,0.000000000000000000e+00
1.487012023333336153e-01,0.000000000000000000e+00
1.489012023333324830e-01,0.000000000000000000e+00
1.491012023333349035e-01,0.000000000000000000e+00
1.493012023333335492e-01,0.000000000000000000e+00
1.495012023333353035e-01,0.000000000000000000e+00
1.497012023333332831e-01,0.000000000000000000e+00
1.499012023333323729e-01,0.000000000000000000e+00
1.501012023333319068e-01,0.000000000000000000e+00
1.503012023333323288e-01,0.000000000000000000e+00
1.505012023333340831e-01,0.000000000000000000e+00
1.507012023333329509e-01,0.000000000000000000e+00
1.509012023333344832e-01,0.000000000000000000e+00
1.511012023333335730e-01,0.000000000000000000e+00
1.513012023333339950e-01,0.000000000000000000e+00
1.515012023333330848e-01,0.000000000000000000e+00
1.517012023333319526e-01,0.000000000000000000e+00
1.519012023333330408e-01,0.000000000000000000e+00
1.521012023333319085e-01,0.000000000000000000e+00
1.523012023333336629e-01,0.000000000000000000e+00
1.525012023333331967e-01,0.000000000000000000e+00
1.527012023333347290e-01,0.000000000000000000e+00
1.529012023333335968e-01,0.000000000000000000e+00
1.531012023333344629e-01,0.000000000000000000e+00
1.533012023333328866e-01,0.000000000000000000e+00
1.535012023333313103e-01,0.000000000000000000e+00
1.537012023333332866e-01,0.000000000000000000e+00
1.539012023333328205e-01,0.000000000000000000e+00
1.541012023333343528e-01,0.000000000000000000e+00
1.543012023333332206e-01,0.000000000000000000e+00
1.545012023333349749e-01,0.000000000000000000e+00
1.547012023333336206e-01,0.000000000000000000e+00
1.549012023333329324e-01,0.000000000000000000e+00
1.551012023333320222e-01,0.000000000000000000e+00
1.553012023333320002e-01,0.000000000000000000e+00
1.555012023333335325e-01,0.000000000000000000e+00
1.557012023333330664e-01,0.000000000000000000e+00
1.559012023333352648e-01,0.000000000000000000e+00
1.561012023333330223e-01,0.000000000000000000e+00
1.563012023333352207e-01,0.000000000000000000e+00
1.565012023333336444e-01,0.000000000000000000e+00
1.567012023333322901e-01,0.000000000000000000e+00
1.569012023333324901e-01,0.000000000000000000e+00
1.571012023333329122e-01,0.000000000000000000e+00
1.573012023333335563e-01,0.000000000000000000e+00
1.575012023333328681e-01,0.000000000000000000e+00
1.577012023333339563e-01,0.000000000000000000e+00
1.579012023333334902e-01,0.000000000000000000e+00
1.581012023333348004e-01,0.000000000000000000e+00
1.583012023333323359e-01,0.000000000000000000e+00
1.585012023333320919e-01,0.000000000000000000e+00
1.587012023333322919e-01,0.000000000000000000e+00
1.589012023333324919e-01,0.000000000000000000e+00
1.591012023333340242e-01,0.000000000000000000e+00
1.593012023333335581e-01,0.000000000000000000e+00
1.595012023333344242e-01,0.000000000000000000e+00
1.597012023333344022e-01,0.000000000000000000e+00
1.599012023333348242e-01,0.000000000000000000e+00
1.601012023333332479e-01,0.000000000000000000e+00
1.603012023333318936e-01,0.000000000000000000e+00
1.605012023333327598e-01,0.000000000000000000e+00
1.607012023333320716e-01,0.000000000000000000e+00
1.609012023333340480e-01,0.000000000000000000e+00
1.611012023333335819e-01,0.000000000000000000e+00
1.613012023333344480e-01,0.000000000000000000e+00
1.615012023333344260e-01,0.000000000000000000e+00
1.617012023333335158e-01,0.000000000000000000e+00
1.619012023333323835e-01,0.000000000000000000e+00
1.621012023333316954e-01,0.000000000000000000e+00
1.623012023333336717e-01,0.000000000000000000e+00
1.625012023333332056e-01,0.000000000000000000e+00
1.627012023333342938e-01,0.000000000000000000e+00
1.629012023333336057e-01,0.000000000000000000e+00
1.631012023333346939e-01,0.000000000000000000e+00
1.633012023333331175e-01,0.000000000000000000e+00
1.635012023333330955e-01,0.000000000000000000e+00
1.637012023333319632e-01,0.000000000000000000e+00
1.639012023333319412e-01,0.000000000000000000e+00
1.641012023333330294e-01,0.000000000000000000e+00
1.643012023333327853e-01,0.000000000000000000e+00
1.645012023333347617e-01,0.000000000000000000e+00
1.647012023333336295e-01,0.000000000000000000e+00
1.649012023333351618e-01,0.000000000000000000e+00
1.651012023333331413e-01,0.000000000000000000e+00
1.653012023333331193e-01,0.000000000000000000e+00
1.655012023333319870e-01,0.000000000000000000e+00
1.657012023333324091e-01,0.000000000000000000e+00
1.659012023333334973e-01,0.000000000000000000e+00
1.661012023333330312e-01,0.000000000000000000e+00
1.663012023333343414e-01,0.000000000000000000e+00
1.665012023333336533e-01,0.000000000000000000e+00
1.667012023333347415e-01,0.000000000000000000e+00
1.669012023333331651e-01,0.000000000000000000e+00
1.671012023333329211e-01,0.000000000000000000e+00
1.673012023333324549e-01,0.000000000000000000e+00
1.675012023333319888e-01,0.000000000000000000e+00
1.677012023333339652e-01,0.000000000000000000e+00
1.679012023333332770e-01,0.000000000000000000e+00
1.681012023333343652e-01,0.000000000000000000e+00
1.683012023333343432e-01,0.000000000000000000e+00
1.685012023333352094e-01,0.000000000000000000e+00
1.687012023333323008e-01,0.000000000000000000e+00
1.689012023333316126e-01,0.000000000000000000e+00
1.691012023333324787e-01,0.000000000000000000e+00
1.693012023333324567e-01,0.000000000000000000e+00
1.695012023333335449e-01,0.000000000000000000e+00
1.697012023333330788e-01,0.000000000000000000e+00
1.699012023333348331e-01,0.000000000000000000e+00
1.701012023333337009e-01,0.000000000000000000e+00
1.703012023333336789e-01,0.000000000000000000e+00
1.705012023333316584e-01,0.000000000000000000e+00
1.707012023333320805e-01,0.000000000000000000e+00
1.709012023333336128e-01,0.000000000000000000e+00
1.711012023333331467e-01,0.000000000000000000e+00
1.713012023333349010e-01,0.000000000000000000e+00
1.715012023333335467e-01,0.000000000000000000e+00
1.717012023333353010e-01,0.000000000000000000e+00
1.719012023333335026e-01,0.000000000000000000e+00
1.721012023333323704e-01,0.000000000000000000e+00
1.723012023333319043e-01,0.000000000000000000e+00
1.725012023333329925e-01,0.000000000000000000e+00
1.727012023333331925e-01,0.000000000000000000e+00
1.729012023333329484e-01,0.000000000000000000e+00
1.731012023333349248e-01,0.000000000000000000e+00
1.733012023333331264e-01,0.000000000000000000e+00
1.735012023333351028e-01,0.000000000000000000e+00
1.737012023333324162e-01,0.000000000000000000e+00
1.739012023333319501e-01,0.000000000000000000e+00
1.741012023333319281e-01,0.000000000000000000e+00
1.743012023333327942e-01,0.000000000000000000e+00
1.745012023333341045e-01,0.000000000000000000e+00
1.747012023333336384e-01,0.000000000000000000e+00
1.749012023333347265e-01,0.000000000000000000e+00
1.751012023333344825e-01,0.000000000000000000e+00
1.753012023333349045e-01,0.000000000000000000e+00
1.755012023333331062e-01,0.000000000000000000e+00
1.757012023333319739e-01,0.000000000000000000e+00
1.759012023333319519e-01,0.000000000000000000e+00
1.761012023333319299e-01,0.000000000000000000e+00
1.763012023333339062e-01,0.000000000000000000e+00
1.765012023333336622e-01,0.000000000000000000e+00
1.767012023333343063e-01,0.000000000000000000e+00
1.769012023333347283e-01,0.000000000000000000e+00
1.771012023333340402e-01,0.000000000000000000e+00
1.773012023333324638e-01,0.000000000000000000e+00
1.775012023333311095e-01,0.000000000000000000e+00
1.777012023333330859e-01,0.000000000000000000e+00
1.779012023333328418e-01,0.000000000000000000e+00
1.781012023333343741e-01,0.000000000000000000e+00
1.783012023333332419e-01,0.000000000000000000e+00
1.785012023333347742e-01,0.000000000000000000e+00
1.787012023333336419e-01,0.000000000000000000e+00
1.789012023333331758e-01,0.000000000000000000e+00
1.791012023333320435e-01,0.000000000000000000e+00
1.793012023333320215e-01,0.000000000000000000e+00
1.795012023333328877e-01,0.000000000000000000e+00
1.797012023333319775e-01,0.000000000000000000e+00
1.799012023333348420e-01,0.000000000000000000e+00
1.801012023333337098e-01,0.000000000000000000e+00
1.803012023333350200e-01,0.000000000000000000e+00
1.805012023333336657e-01,0.000000000000000000e+00
1.807012023333327555e-01,0.000000000000000000e+00
1.809012023333320673e-01,0.000000000000000000e+00
1.811012023333320453e-01,0.000000000000000000e+00
1.813012023333335776e-01,0.000000000000000000e+00
1.815012023333324453e-01,0.000000000000000000e+00
1.817012023333353099e-01,0.000000000000000000e+00
1.819012023333335115e-01,0.000000000000000000e+00
1.821012023333352658e-01,0.000000000000000000e+00
1.823012023333330234e-01,0.000000000000000000e+00
1.825012023333318911e-01,0.000000000000000000e+00
1.827012023333320911e-01,0.000000000000000000e+00
1.829012023333320691e-01,0.000000000000000000e+00
1.831012023333344896e-01,0.000000000000000000e+00
1.833012023333335794e-01,0.000000000000000000e+00
1.835012023333344455e-01,0.000000000000000000e+00
1.837012023333344235e-01,0.000000000000000000e+00
1.839012023333348456e-01,0.000000000000000000e+00
1.841012023333332692e-01,0.000000000000000000e+00
1.843012023333319149e-01,0.000000000000000000e+00
1.845012023333330031e-01,0.000000000000000000e+00
1.847012023333320929e-01,0.000000000000000000e+00
1.849012023333340693e-01,0.000000000000000000e+00
1.851012023333324930e-01,0.000000000000000000e+00
1.853012023333349134e-01,0.000000000000000000e+00
1.855012023333348914e-01,0.000000000000000000e+00
1.857012023333330930e-01,0.000000000000000000e+00
1.859012023333319608e-01,0.000000000000000000e+00
1.861012023333319387e-01,0.000000000000000000e+00
1.863012023333336931e-01,0.000000000000000000e+00
1.865012023333327829e-01,0.000000000000000000e+00
1.867012023333352033e-01,0.000000000000000000e+00
1.869012023333331829e-01,0.000000000000000000e+00
1.871012023333351593e-01,0.000000000000000000e+00
1.873012023333335829e-01,0.000000000000000000e+00
1.875012023333331168e-01,0.000000000000000000e+00
1.877012023333324287e-01,0.000000000000000000e+00
1.879012023333319625e-01,0.000000000000000000e+00
1.881012023333330507e-01,0.000000000000000000e+00
1.883012023333330287e-01,0.000000000000000000e+00
1.885012023333347830e-01,0.000000000000000000e+00
1.887012023333336508e-01,0.000000000000000000e+00
1.889012023333349610e-01,0.000000000000000000e+00
1.891012023333329406e-01,0.000000000000000000e+00
1.893012023333320304e-01,0.000000000000000000e+00
1.895012023333320084e-01,0.000000000000000000e+00
1.897012023333328745e-01,0.000000000000000000e+00
1.899012023333344068e-01,0.000000000000000000e+00
1.901012023333328305e-01,0.000000000000000000e+00
1.903012023333352509e-01,0.000000000000000000e+00
1.905012023333336746e-01,0.000000000000000000e+00
1.907012023333347628e-01,0.000000000000000000e+00
1.909012023333331864e-01,0.000000000000000000e+00
1.911012023333316101e-01,0.000000000000000000e+00
1.913012023333331424e-01,0.000000000000000000e+00
1.915012023333320101e-01,0.000000000000000000e+00
1.917012023333339865e-01,0.000000000000000000e+00
1.919012023333324102e-01,0.000000000000000000e+00
1.921012023333352747e-01,0.000000000000000000e+00
1.923012023333343645e-01,0.000000000000000000e+00
1.925012023333343425e-01,0.000000000000000000e+00
1.927012023333336543e-01,0.000000000000000000e+00
1.929012023333311898e-01,0.000000000000000000e+00
1.931012023333336103e-01,0.000000000000000000e+00
1.933012023333320339e-01,0.000000000000000000e+00
1.935012023333348985e-01,0.000000000000000000e+00
1.937012023333324340e-01,0.000000000000000000e+00
1.939012023333348544e-01,0.000000000000000000e+00
1.941012023333332781e-01,0.000000000000000000e+00
1.943012023333337002e-01,0.000000000000000000e+00
1.945012023333330120e-01,0.000000000000000000e+00
1.947012023333321018e-01,0.000000000000000000e+00
1.949012023333329680e-01,0.000000000000000000e+00
1.951012023333325018e-01,0.000000000000000000e+00
1.953012023333349223e-01,0.000000000000000000e+00
1.955012023333331239e-01,0.000000000000000000e+00
1.957012023333351003e-01,0.000000000000000000e+00
1.959012023333335240e-01,-1.826741361457561580e-02
1.961012023333319476e-01,-1.829585689282192326e-02
1.963012023333319256e-01,-1.832435417909085429e-02
1.965012023333327917e-01,-1.835290559742965011e-02
1.967012023333332138e-01,-1.838151127224879958e-02
1.969012023333320816e-01,-1.841017132832293429e-02
1.971012023333347241e-01,-1.843888589079245577e-02
1.973012023333335918e-01,-1.846765508516148846e-02
1.975012023333349021e-01,-1.849647903730235188e-02
1.977012023333331037e-01,-1.852535787345255605e-02
1.979012023333319714e-01,-1.855429172021847567e-02
1.981012023333328376e-01,-1.858328070457423292e-02
1.983012023333323715e-01,-1.861232495386191260e-02
1.985012023333343478e-01,-1.864142459579381378e-02
1.987012023333329935e-01,-1.867057975845052772e-02
1.989012023333340817e-01,-1.869979057028442818e-02
1.991012023333340597e-01,-1.872905716011707619e-02
1.993012023333351479e-01,-1.875837965714181182e-02
1.995012023333329054e-01,-1.878775819092226573e-02
1.997012023333319952e-01,-1.881719289139499249e-02
1.999012023333333055e-01,-1.884668388886782606e-02
2.001012023333321732e-01,-1.887623131401985899e-02
2.003012023333339275e-01,-1.890583529790394735e-02
2.005012023333323512e-01,-1.893549597194360903e-02
2.007012023333343276e-01,-1.896521346793682977e-02
2.009012023333343055e-01,-1.899498791805234732e-02
2.011012023333338394e-01,-1.902481945483247561e-02
2.013012023333324851e-01,-1.905470821119182451e-02
2.015012023333315749e-01,-1.908465432041771270e-02
2.017012023333331072e-01,-1.911465791616991095e-02
2.019012023333330852e-01,-1.914471913247942428e-02
2.021012023333348395e-01,-1.917483810375032044e-02
2.023012023333330411e-01,-1.920501496475698552e-02
2.025012023333347955e-01,-1.923524985064701751e-02
2.027012023333334412e-01,-1.926554289693684086e-02
2.029012023333331971e-01,-1.929589423951504762e-02
2.031012023333325089e-01,-1.932630401463932002e-02
2.033012023333324869e-01,-1.935677235893720066e-02
2.035012023333335751e-01,-1.938729940940497887e-02
2.037012023333328870e-01,-1.941788530340655267e-02
2.039012023333341972e-01,-1.944853017867429618e-02
2.041012023333332870e-01,-1.947923417330598567e-02
2.043012023333357075e-01,-1.950999742576666959e-02
2.045012023333336870e-01,-1.954082007488422423e-02
2.047012023333327768e-01,-1.957170225985243456e-02
2.049012023333323107e-01,-1.960264412022696620e-02
2.051012023333327328e-01,-1.963364579592535852e-02
2.053012023333344871e-01,-1.966470742722567500e-02
2.055012023333329108e-01,-1.969582915476443194e-02
2.057012023333342210e-01,-1.972701111953779896e-02
2.059012023333333108e-01,-1.975825346289669660e-02
2.061012023333348431e-01,-1.978955632654862823e-02
2.063012023333323786e-01,-1.982091985255286098e-02
2.065012023333319124e-01,-1.985234418332251782e-02
2.067012023333327786e-01,-1.988382946161983134e-02
2.069012023333323125e-01,-1.991537583055510291e-02
2.071012023333340668e-01,-1.994698343358617537e-02
2.073012023333327125e-01,-1.997865241451403373e-02
2.075012023333344668e-01,-2.001038291748405765e-02
2.077012023333337787e-01,-2.004217508698020317e-02
2.079012023333348669e-01,-2.007402906782621704e-02
2.081012023333330685e-01,-2.010594500518036315e-02
2.083012023333314922e-01,-2.013792304453574517e-02
2.085012023333336906e-01,-2.016996333171663242e-02
2.087012023333318922e-01,-2.020206601287402939e-02
2.089012023333340906e-01,-2.023423123448737926e-02
2.091012023333322922e-01,-2.026645914335671247e-02
2.093012023333344906e-01,-2.029874988660493318e-02
2.095012023333340245e-01,-2.033110361166996435e-02
2.097012023333335584e-01,-2.036352046630556661e-02
2.099012023333326482e-01,-2.039600059857621384e-02
2.101012023333315160e-01,-2.042854415685442862e-02
2.103012023333334923e-01,-2.046115128981786102e-02
2.105012023333328042e-01,-2.049382214644386233e-02
2.107012023333345585e-01,-2.052655687600915199e-02
2.109012023333323160e-01,-2.055935562808252140e-02
2.111012023333354026e-01,-2.059221855252554162e-02
2.113012023333340483e-01,-2.062514579948292875e-02
2.115012023333326940e-01,-2.065813751938404622e-02
2.117012023333324500e-01,-2.069119386293591031e-02
2.119012023333330941e-01,-2.072431498111928713e-02
2.121012023333332941e-01,-2.075750102518439388e-02
2.123012023333323839e-01,-2.079075214664670088e-02
2.125012023333339162e-01,-2.082406849728300757e-02
2.127012023333327839e-01,-2.085745022912452451e-02
2.129012023333347603e-01,-2.089089749445535368e-02
2.131012023333327399e-01,-2.092441044580355472e-02
2.133012023333324958e-01,-2.095798923594035384e-02
2.135012023333326958e-01,-2.099163401787160904e-02
2.137012023333328958e-01,-2.102534494483385835e-02
2.139012023333339840e-01,-2.105912217028882427e-02
2.141012023333330738e-01,-2.109296584791703344e-02
2.143012023333339400e-01,-2.112687613161381983e-02
2.145012023333336959e-01,-2.116085317548116462e-02
2.147012023333347841e-01,-2.119489713382380000e-02
2.149012023333334298e-01,-2.122900816114099004e-02
2.151012023333320755e-01,-2.126318641212242289e-02
2.153012023333333858e-01,-2.129743204164074449e-02
2.155012023333320315e-01,-2.133174520474355809e-02
2.157012023333342299e-01,-2.136612605665002065e-02
2.159012023333328756e-01,-2.140057475273975801e-02
2.161012023333341858e-01,-2.143509144855037032e-02
2.163012023333339418e-01,-2.146967629976615985e-02
2.165012023333339197e-01,-2.150432946221366576e-02
2.167012023333327875e-01,-2.153905109185257419e-02
2.169012023333320993e-01,-2.157384134476912282e-02
2.171012023333336316e-01,-2.160870037716784015e-02
2.173012023333324994e-01,-2.164362834536236874e-02
2.175012023333344757e-01,-2.167862540577037561e-02
2.177012023333328994e-01,-2.171369171490122180e-02
2.179012023333348758e-01,-2.174882742935207308e-02
2.181012023333335215e-01,-2.178403270579444551e-02
2.183012023333332774e-01,-2.181930770096984079e-02
2.185012023333323672e-01,-2.185465257167769695e-02
2.187012023333325672e-01,-2.189006747476798104e-02
2.189012023333334334e-01,-2.192555256713085016e-02
2.191012023333323011e-01,-2.196110800568718685e-02
2.193012023333347216e-01,-2.199673394738076160e-02
2.195012023333327011e-01,-2.203243054916454932e-02
2.197012023333355657e-01,-2.206819796799617053e-02
2.199012023333337673e-01,-2.210403636082126921e-02
2.201012023333333012e-01,-2.213994588456922458e-02
2.203012023333321689e-01,-2.217592669613840592e-02
2.205012023333323690e-01,-2.221197895238753717e-02
2.207012023333339013e-01,-2.224810281012366484e-02
2.209012023333323249e-01,-2.228429842609056660e-02
2.211012023333340792e-01,-2.232056595696018178e-02
2.213012023333329470e-01,-2.235690555931684267e-02
2.215012023333344793e-01,-2.239331738964992977e-02
2.217012023333331250e-01,-2.242980160433781511e-02
2.219012023333328809e-01,-2.246635835963948710e-02
2.221012023333333030e-01,-2.250298781167966999e-02
2.223012023333326148e-01,-2.253969011643683351e-02
2.225012023333339251e-01,-2.257646542973165693e-02
2.227012023333330148e-01,-2.261331390721175311e-02
2.229012023333341030e-01,-2.265023570434149258e-02
2.231012023333340810e-01,-2.268723097638566596e-02
2.233012023333345031e-01,-2.272429987839819435e-02
2.235012023333331488e-01,-2.276144256520669373e-02
2.237012023333317945e-01,-2.279865919139999197e-02
2.239012023333335488e-01,-2.283594991131336627e-02
2.241012023333321945e-01,-2.287331487901212573e-02
2.243012023333343929e-01,-2.291075424828109899e-02
2.245012023333325946e-01,-2.294826817260470220e-02
2.247012023333339048e-01,-2.298585680515718987e-02
2.249012023333336607e-01,-2.302352029878244888e-02
2.251012023333331946e-01,-2.306125880598170613e-02
2.253012023333325065e-01,-2.309907247889641385e-02
2.255012023333315963e-01,-2.313696146929244968e-02
2.257012023333342388e-01,-2.317492592854463948e-02
2.259012023333328845e-01,-2.321296600761736662e-02
2.261012023333348608e-01,-2.325108185705286254e-02
2.263012023333323963e-01,-2.328927362694855480e-02
2.265012023333350388e-01,-2.332754146694606540e-02
2.267012023333336845e-01,-2.336588552620690734e-02
2.269012023333327743e-01,-2.340430595340100769e-02
2.271012023333323082e-01,-2.344280289668533579e-02
2.273012023333331744e-01,-2.348137650368677457e-02
2.275012023333335964e-01,-2.352002692148309412e-02
2.277012023333322421e-01,-2.355875429658484815e-02
2.279012023333344406e-01,-2.359755877491775608e-02
2.281012023333330863e-01,-2.363644050179980471e-02
2.283012023333348406e-01,-2.367539962192704434e-02
2.285012023333330422e-01,-2.371443627934859133e-02
2.287012023333319100e-01,-2.375355061745152221e-02
2.289012023333332202e-01,-2.379274277893811754e-02
2.291012023333334202e-01,-2.383201290580493764e-02
2.293012023333338423e-01,-2.387136113932408071e-02
2.295012023333327100e-01,-2.391078762002081873e-02
2.297012023333340203e-01,-2.395029248765409569e-02
2.299012023333331101e-01,-2.398987588119233516e-02
2.301012023333344203e-01,-2.402953793879518407e-02
2.303012023333332881e-01,-2.406927879778799143e-02
2.305012023333321558e-01,-2.410909859464286514e-02
2.307012023333336881e-01,-2.414899746495473981e-02
2.309012023333327779e-01,-2.418897554341707667e-02
2.311012023333340881e-01,-2.422903296380242433e-02
2.313012023333322897e-01,-2.426916985893507253e-02
2.315012023333344882e-01,-2.430938636067209169e-02
2.317012023333340220e-01,-2.434968259987423805e-02
2.319012023333337780e-01,-2.439005870638655260e-02
2.321012023333328678e-01,-2.443051480901131320e-02
2.323012023333319576e-01,-2.447105103548450136e-02
2.325012023333341560e-01,-2.451166751245110326e-02
2.327012023333328017e-01,-2.455236436543740616e-02
2.329012023333338899e-01,-2.459314171883014363e-02
2.331012023333327576e-01,-2.463399969584604415e-02
2.333012023333340679e-01,-2.467493841850985220e-02
2.335012023333338238e-01,-2.471595800762445283e-02
2.337012023333324695e-01,-2.475705858274693250e-02
2.339012023333324475e-01,-2.479824026216127797e-02
2.341012023333326475e-01,-2.483950316285013851e-02
2.343012023333335136e-01,-2.488084740046846155e-02
2.345012023333326034e-01,-2.492227308931494259e-02
2.347012023333343578e-01,-2.496378034230606335e-02
2.349012023333330035e-01,-2.500536927094434286e-02
2.351012023333347578e-01,-2.504703998529442949e-02
2.353012023333329594e-01,-2.508879259394913505e-02
2.355012023333329374e-01,-2.513062720400555464e-02
2.357012023333326933e-01,-2.517254392103169397e-02
2.359012023333328933e-01,-2.521454284903885956e-02
2.361012023333337595e-01,-2.525662409045118309e-02
2.363012023333324052e-01,-2.529878774607477454e-02
2.365012023333334934e-01,-2.534103391506952602e-02
2.367012023333328052e-01,-2.538336269491487870e-02
2.369012023333345596e-01,-2.542577418138243853e-02
2.371012023333329832e-01,-2.546826846850067452e-02
2.373012023333327392e-01,-2.551084564852774267e-02
2.375012023333329392e-01,-2.555350581191611833e-02
2.377012023333326951e-01,-2.559624904728160372e-02
2.379012023333340053e-01,-2.563907544137151648e-02
2.381012023333328731e-01,-2.568198507902998487e-02
2.383012023333341833e-01,-2.572497804316818681e-02
2.385012023333334952e-01,-2.576805441472704294e-02
2.387012023333345834e-01,-2.581121427264749385e-02
2.389012023333332291e-01,-2.585445769383302658e-02
2.391012023333320968e-01,-2.589778475311882433e-02
2.393012023333340732e-01,-2.594119552323586458e-02
2.395012023333324969e-01,-2.598469007477409096e-02
2.397012023333344732e-01,-2.602826847615245104e-02
2.399012023333322308e-01,-2.607193079357743998e-02
2.401012023333344292e-01,-2.611567709101439774e-02
2.403012023333335190e-01,-2.615950743014446717e-02
2.405012023333334970e-01,-2.620342187033466302e-02
2.407012023333323647e-01,-2.624742046859761258e-02
2.409012023333318986e-01,-2.629150327955703803e-02
2.411012023333340970e-01,-2.633567035541011653e-02
2.413012023333329648e-01,-2.637992174588837252e-02
2.415012023333344970e-01,-2.642425749822474579e-02
2.417012023333329207e-01,-2.646867765711049744e-02
2.419012023333348971e-01,-2.651318226466264916e-02
2.421012023333337648e-01,-2.655777136037995242e-02
2.423012023333335208e-01,-2.660244498110970329e-02
2.425012023333328326e-01,-2.664720316100535960e-02
2.427012023333330326e-01,-2.669204593148929994e-02
2.429012023333338988e-01,-2.673697332121253295e-02
2.431012023333332106e-01,-2.678198535601501729e-02
2.433012023333342988e-01,-2.682708205888747685e-02
2.435012023333331665e-01,-2.687226344992847682e-02
2.437012023333344768e-01,-2.691752954630761974e-02
2.439012023333329005e-01,-2.696288036222072373e-02
2.441012023333328784e-01,-2.700831590885350089e-02
2.443012023333330784e-01,-2.705383619433680484e-02
2.445012023333332785e-01,-2.709944122370695416e-02
2.447012023333343667e-01,-2.714513099886408862e-02
2.449012023333325683e-01,-2.719090551852896415e-02
2.451012023333343226e-01,-2.723676477820435177e-02
2.453012023333334124e-01,-2.728270877012741943e-02
2.455012023333340565e-01,-2.732873748323249793e-02
2.457012023333327022e-01,-2.737485090310405947e-02
2.459012023333320140e-01,-2.742104901193697167e-02
2.461012023333337684e-01,-2.746733178849158213e-02
2.463012023333324141e-01,-2.751369920804874400e-02
2.465012023333341684e-01,-2.756015124237053138e-02
2.467012023333325921e-01,-2.760668785965065403e-02
2.469012023333339023e-01,-2.765330902447622405e-02
2.471012023333341023e-01,-2.770001469777805952e-02
2.473012023333343024e-01,-2.774680483678964443e-02
2.475012023333329481e-01,-2.779367939500063112e-02
2.477012023333315938e-01,-2.784063832211311484e-02
2.479012023333340142e-01,-2.788768156399632284e-02
2.481012023333328820e-01,-2.793480906263803507e-02
2.483012023333339702e-01,-2.798202075610474807e-02
2.485012023333328379e-01,-2.802931657849035835e-02
2.487012023333343702e-01,-2.807669645987490026e-02
2.489012023333336820e-01,-2.812416032627379839e-02
2.491012023333323278e-01,-2.817170809959539807e-02
2.493012023333331939e-01,-2.821933969759331598e-02
2.495012023333325057e-01,-2.826705503381778811e-02
2.497012023333335939e-01,-2.831485401757211778e-02
2.499012023333329058e-01,-2.836273655386234785e-02
2.501012023333344381e-01,-2.841070254335353526e-02
2.503012023333333058e-01,-2.845875188231843447e-02
2.505012023333348381e-01,-2.850688446259465325e-02
2.507012023333337059e-01,-2.855510017153196911e-02
2.509012023333325736e-01,-2.860339889194905491e-02
2.511012023333323295e-01,-2.865178050208318922e-02
2.513012023333329736e-01,-2.870024487554241610e-02
2.515012023333338398e-01,-2.874879188125742391e-02
2.517012023333329296e-01,-2.879742138343307015e-02
2.519012023333337957e-01,-2.884613324150160293e-02
2.521012023333331076e-01,-2.889492731007110154e-02
2.523012023333346399e-01,-2.894380343888021054e-02
2.525012023333328415e-01,-2.899276147274536253e-02
2.527012023333323754e-01,-2.904180125151671621e-02
2.529012023333330195e-01,-2.909092261002544158e-02
2.531012023333332195e-01,-2.914012537803557443e-02
2.533012023333340856e-01,-2.918940938019582917e-02
2.535012023333331754e-01,-2.923877443598887904e-02
2.537012023333338195e-01,-2.928822035968431381e-02
2.539012023333335755e-01,-2.933774696028647322e-02
2.541012023333348857e-01,-2.938735404148763372e-02
2.543012023333328653e-01,-2.943704140161549840e-02
2.545012023333319551e-01,-2.948680883358777149e-02
2.547012023333343755e-01,-2.953665612485976630e-02
2.549012023333325772e-01,-2.958658305737286998e-02
2.551012023333341094e-01,-2.963658940751106793e-02
2.553012023333323111e-01,-2.968667494604399285e-02
2.555012023333345095e-01,-2.973683943808428515e-02
2.557012023333344874e-01,-2.978708264303094044e-02
2.559012023333335772e-01,-2.983740431452490058e-02
2.561012023333328891e-01,-2.988780420039741439e-02
2.563012023333322009e-01,-2.993828204261999790e-02
2.565012023333341773e-01,-2.998883757725585159e-02
2.567012023333328230e-01,-3.003947053440720466e-02
2.569012023333339112e-01,-3.009018063817090610e-02
2.571012023333330010e-01,-3.014096760658317026e-02
2.573012023333343112e-01,-3.019183115157484526e-02
2.575012023333340672e-01,-3.024277097891759497e-02
2.577012023333331570e-01,-3.029378678817772411e-02
2.579012023333329129e-01,-3.034487827266565269e-02
2.581012023333328909e-01,-3.039604511938598375e-02
2.583012023333337570e-01,-3.044728700898909068e-02
2.585012023333330689e-01,-3.049860361572075129e-02
2.587012023333334909e-01,-3.054999460737524083e-02
2.589012023333336909e-01,-3.060145964524402587e-02
2.591012023333352232e-01,-3.065299838406862834e-02
2.593012023333332028e-01,-3.070461047198952756e-02
2.595012023333322926e-01,-3.075629555050164027e-02
2.597012023333327146e-01,-3.080805325440226505e-02
2.599012023333329147e-01,-3.085988321174333929e-02
2.601012023333340029e-01,-3.091178504378450792e-02
2.603012023333330927e-01,-3.096375836494330222e-02
2.605012023333339588e-01,-3.101580278275008554e-02
2.607012023333334927e-01,-3.106791789779683385e-02
2.609012023333339148e-01,-3.112010330369282401e-02
2.611012023333323384e-01,-3.117235858701457654e-02
2.613012023333316503e-01,-3.122468332726167223e-02
2.615012023333334046e-01,-3.127707709680798559e-02
2.617012023333329385e-01,-3.132953946085372671e-02
2.619012023333342487e-01,-3.138206997738291620e-02
2.621012023333328944e-01,-3.143466819711271398e-02
2.623012023333346487e-01,-3.148733366345241730e-02
2.625012023333339606e-01,-3.154006591245207131e-02
2.627012023333341606e-01,-3.159286447276239695e-02
2.629012023333330283e-01,-3.164572886558590648e-02
2.631012023333316741e-01,-3.169865860463429857e-02
2.633012023333336504e-01,-3.175165319608382747e-02
2.635012023333327402e-01,-3.180471213852774370e-02
2.637012023333340505e-01,-3.185783492293795677e-02
2.639012023333326962e-01,-3.191102103261587997e-02
2.641012023333340064e-01,-3.196426994315448855e-02
2.643012023333339844e-01,-3.201758112239024706e-02
2.645012023333330742e-01,-3.207095403036424458e-02
2.647012023333328301e-01,-3.212438811927911808e-02
2.649012023333319199e-01,-3.217788283345628109e-02
2.651012023333336742e-01,-3.223143760929640667e-02
2.653012023333329861e-01,-3.228505187523508096e-02
2.655012023333340743e-01,-3.233872505170687361e-02
2.657012023333333861e-01,-3.239245655110064431e-02
2.659012023333344743e-01,-3.244624577772380059e-02
2.661012023333337861e-01,-3.250009212775927664e-02
2.663012023333324318e-01,-3.255399498922973561e-02
2.665012023333326319e-01,-3.260795374195836482e-02
2.667012023333328319e-01,-3.266196775752970571e-02
2.669012023333330319e-01,-3.271603639925362711e-02
2.671012023333327878e-01,-3.277015902212795928e-02
2.673012023333340981e-01,-3.282433497280289048e-02
2.675012023333331879e-01,-3.287856358954290015e-02
2.677012023333338320e-01,-3.293284420219508291e-02
2.679012023333324777e-01,-3.298717613215030459e-02
2.681012023333320116e-01,-3.304155869231281684e-02
2.683012023333328777e-01,-3.309599118706410548e-02
2.685012023333335218e-01,-3.315047291223006953e-02
2.687012023333334998e-01,-3.320500315504937294e-02
2.689012023333336998e-01,-3.325958119414167830e-02
2.691012023333336778e-01,-3.331420629947563078e-02
2.693012023333340998e-01,-3.336887773233902094e-02
2.695012023333340778e-01,-3.342359474530805230e-02
2.697012023333327235e-01,-3.347835658221847560e-02
2.699012023333324795e-01,-3.353316247813793727e-02
2.701012023333340117e-01,-3.358801165933650301e-02
2.703012023333331015e-01,-3.364290334325870102e-02
2.705012023333339677e-01,-3.369783673850050565e-02
2.707012023333326134e-01,-3.375281104477901445e-02
2.709012023333337016e-01,-3.380782545291196456e-02
2.711012023333339016e-01,-3.386287914478876976e-02
2.713012023333332134e-01,-3.391797129335007849e-02
2.715012023333327473e-01,-3.397310106256429263e-02
2.717012023333325033e-01,-3.402826760740492590e-02
2.719012023333344796e-01,-3.408347007383017574e-02
2.721012023333335694e-01,-3.413870759876005273e-02
2.723012023333335474e-01,-3.419397931006101787e-02
2.725012023333328592e-01,-3.424928432652339649e-02
2.727012023333339474e-01,-3.430462175784593920e-02
2.729012023333337034e-01,-3.435999070461605298e-02
2.731012023333330152e-01,-3.441539025829637444e-02
2.733012023333323270e-01,-3.447081950120801236e-02
2.735012023333331932e-01,-3.452627750651670463e-02
2.737012023333336153e-01,-3.458176333821787185e-02
2.739012023333331491e-01,-3.463727605112562613e-02
2.741012023333331271e-01,-3.469281469086092640e-02
2.743012023333335492e-01,-3.474837829384024024e-02
2.745012023333344153e-01,-3.480396588726599599e-02
2.747012023333332831e-01,-3.485957648911731932e-02
2.749012023333330390e-01,-3.491520910814424616e-02
2.751012023333327949e-01,-3.497086274385853566e-02
2.753012023333334390e-01,-3.502653638652948598e-02
2.755012023333340831e-01,-3.508222901717819586e-02
2.757012023333329509e-01,-3.513793960757410906e-02
2.759012023333335950e-01,-3.519366712023423716e-02
2.761012023333333509e-01,-3.524941050841833012e-02
2.763012023333335510e-01,-3.530516871613136737e-02
2.765012023333326407e-01,-3.536094067812221853e-02
2.767012023333323967e-01,-3.541672531988716843e-02
2.769012023333337069e-01,-3.547252155767171428e-02
2.771012023333327967e-01,-3.552832829847339668e-02
2.773012023333341070e-01,-3.558414444005082028e-02
2.775012023333329747e-01,-3.563996887092499982e-02
2.777012023333333968e-01,-3.569580047039191961e-02
2.779012023333335968e-01,-3.575163810852730051e-02
2.781012023333337968e-01,-3.580748064619871524e-02
2.783012023333328866e-01,-3.586332693507580938e-02
2.785012023333319764e-01,-3.591917581764372813e-02
2.787012023333335087e-01,-3.597502612721652920e-02
2.789012023333337087e-01,-3.603087668795010301e-02
2.791012023333336867e-01,-3.608672631486129628e-02
2.793012023333332206e-01,-3.614257381384394091e-02
2.795012023333334206e-01,-3.619841798168817182e-02
2.797012023333338426e-01,-3.625425760609991832e-02
2.799012023333329324e-01,-3.631009146572242857e-02
2.801012023333329104e-01,-3.636591833016042385e-02
2.803012023333322222e-01,-3.642173696000228916e-02
2.805012023333339766e-01,-3.647754610684778021e-02
2.807012023333335105e-01,-3.653334451333170585e-02
2.809012023333337105e-01,-3.658913091315638133e-02
2.811012023333330223e-01,-3.664490403111810013e-02
2.813012023333341105e-01,-3.670066258314078067e-02
2.815012023333340885e-01,-3.675640527630570642e-02
2.817012023333329562e-01,-3.681213080888815631e-02
2.819012023333331562e-01,-3.686783787039268206e-02
2.821012023333335783e-01,-3.692352514158852433e-02
2.823012023333335563e-01,-3.697919129454920600e-02
2.825012023333330902e-01,-3.703483499269270146e-02
2.827012023333330681e-01,-3.709045489082295893e-02
2.829012023333334902e-01,-3.714604963517253305e-02
2.831012023333339123e-01,-3.720161786344738236e-02
2.833012023333325580e-01,-3.725715820487268681e-02
2.835012023333327580e-01,-3.731266928024259272e-02
2.837012023333334021e-01,-3.736814970196668945e-02
2.839012023333338242e-01,-3.742359807412251604e-02
2.841012023333340242e-01,-3.747901299250803314e-02
2.843012023333335581e-01,-3.753439304469560062e-02
2.845012023333330919e-01,-3.758973681008819651e-02
2.847012023333335140e-01,-3.764504285997660737e-02
2.849012023333334920e-01,-3.770030975759791625e-02
2.851012023333332479e-01,-3.775553605819741837e-02
2.853012023333325597e-01,-3.781072030909038428e-02
2.855012023333336479e-01,-3.786586104972726463e-02
2.857012023333329598e-01,-3.792095681175718797e-02
2.859012023333336039e-01,-3.797600611909903584e-02
2.861012023333331378e-01,-3.803100748800748721e-02
2.863012023333331157e-01,-3.808595942714670946e-02
2.865012023333342039e-01,-3.814086043766184986e-02
2.867012023333328496e-01,-3.819570901325289314e-02
2.869012023333326056e-01,-3.825050364025404936e-02
2.871012023333328056e-01,-3.830524279770888829e-02
2.873012023333343379e-01,-3.835992495745203096e-02
2.875012023333336497e-01,-3.841454858418916207e-02
2.877012023333331836e-01,-3.846911213558379394e-02
2.879012023333333836e-01,-3.852361406234031116e-02
2.881012023333335836e-01,-3.857805280829174066e-02
2.883012023333331175e-01,-3.863242681048926347e-02
2.885012023333328735e-01,-3.868673449929358604e-02
2.887012023333326294e-01,-3.874097429846728308e-02
2.889012023333334955e-01,-3.879514462527030444e-02
2.891012023333332515e-01,-3.884924389055543353e-02
2.893012023333338956e-01,-3.890327049886900534e-02
2.895012023333334295e-01,-3.895722284854922363e-02
2.897012023333336295e-01,-3.901109933183097289e-02
2.899012023333338295e-01,-3.906489833494829894e-02
2.901012023333331413e-01,-3.911861823824169110e-02
2.903012023333331193e-01,-3.917225741626702284e-02
2.905012023333328752e-01,-3.922581423790470756e-02
2.907012023333335193e-01,-3.927928706647304535e-02
2.909012023333334973e-01,-3.933267425984139642e-02
2.911012023333336973e-01,-3.938597417054792021e-02
2.913012023333327871e-01,-3.943918514591651658e-02
2.915012023333329871e-01,-3.949230552817876994e-02
2.917012023333336312e-01,-3.954533365459455413e-02
2.919012023333331651e-01,-3.959826785757700196e-02
2.921012023333329211e-01,-3.965110646481993795e-02
2.923012023333331211e-01,-3.970384779942518622e-02
2.925012023333330990e-01,-3.975649018003328539e-02
2.927012023333341872e-01,-3.980903192095681942e-02
2.929012023333334991e-01,-3.986147133231340151e-02
2.931012023333330330e-01,-3.991380672016480585e-02
2.933012023333336771e-01,-3.996603638665423286e-02
2.935012023333340991e-01,-4.001815863014698826e-02
2.937012023333331889e-01,-4.007017174537405579e-02
2.939012023333327228e-01,-4.012207402357796659e-02
2.941012023333333669e-01,-4.017386375265891152e-02
2.943012023333331229e-01,-4.022553921732380938e-02
2.945012023333331008e-01,-4.027709869923913610e-02
2.947012023333330788e-01,-4.032854047718341384e-02
2.949012023333332788e-01,-4.037986282720346098e-02
2.951012023333337009e-01,-4.043106402277200917e-02
2.953012023333330127e-01,-4.048214233494742270e-02
2.955012023333323246e-01,-4.053309603253691523e-02
2.957012023333327466e-01,-4.058392338226012030e-02
2.959012023333340569e-01,-4.063462264891522235e-02
2.961012023333340348e-01,-4.068519209554755101e-02
2.963012023333337908e-01,-4.073562998362162402e-02
2.965012023333328806e-01,-4.078593457319278082e-02
2.967012023333335247e-01,-4.083610412308358306e-02
2.969012023333339467e-01,-4.088613689105925764e-02
2.971012023333332586e-01,-4.093603113400853810e-02
2.973012023333327924e-01,-4.098578510812556780e-02
2.975012023333336586e-01,-4.103539706909321155e-02
2.977012023333331925e-01,-4.108486527226819229e-02
2.979012023333333925e-01,-4.113418797287128614e-02
2.981012023333329264e-01,-4.118336342617598400e-02
2.983012023333331264e-01,-4.123238988770231567e-02
2.985012023333342146e-01,-4.128126561341091683e-02
2.987012023333328603e-01,-4.132998885989927484e-02
2.989012023333326162e-01,-4.137855788460352569e-02
2.991012023333330383e-01,-4.142697094599718383e-02
2.993012023333339044e-01,-4.147522630379563841e-02
2.995012023333341045e-01,-4.152332221916170407e-02
2.997012023333331943e-01,-4.157125695491397516e-02
2.999012023333329502e-01,-4.161902877573724069e-02
3.001012023333338163e-01,-4.166663594839415535e-02
3.003012023333335723e-01,-4.171407674193908927e-02
3.005012023333331062e-01,-4.176134942793664762e-02
3.007012023333326400e-01,-4.180845228067932295e-02
3.009012023333335062e-01,-4.185538357740918591e-02
3.011012023333337062e-01,-4.190214159853999226e-02
3.013012023333339062e-01,-4.194872462788414025e-02
3.015012023333332181e-01,-4.199513095287919773e-02
3.017012023333331960e-01,-4.204135886481871059e-02
3.019012023333345063e-01,-4.208740665908329570e-02
3.021012023333331520e-01,-4.213327263537396117e-02
3.023012023333331300e-01,-4.217895509795130393e-02
3.025012023333328859e-01,-4.222445235587084233e-02
3.027012023333337520e-01,-4.226976272322552353e-02
3.029012023333339521e-01,-4.231488451938709983e-02
3.031012023333332639e-01,-4.235981606925211945e-02
3.033012023333330198e-01,-4.240455570348886788e-02
3.035012023333334419e-01,-4.244910175878598146e-02
3.037012023333336419e-01,-4.249345257810366316e-02
3.039012023333327317e-01,-4.253760651092746564e-02
3.041012023333329317e-01,-4.258156191352424624e-02
3.043012023333331317e-01,-4.262531714919855219e-02
3.045012023333331097e-01,-4.266887058855317605e-02
3.047012023333337538e-01,-4.271222060975093937e-02
3.049012023333332877e-01,-4.275536559877778087e-02
3.051012023333337098e-01,-4.279830394971012586e-02
3.053012023333336877e-01,-4.284103406498131206e-02
3.055012023333336657e-01,-4.288355435565262275e-02
3.057012023333331996e-01,-4.292586324168501388e-02
3.059012023333322894e-01,-4.296795915221336692e-02
3.061012023333335996e-01,-4.300984052582315642e-02
3.063012023333335776e-01,-4.305150581082665961e-02
3.065012023333335556e-01,-4.309295346554554290e-02
3.067012023333330895e-01,-4.313418195859154702e-02
3.069012023333332895e-01,-4.317518976915135642e-02
3.071012023333339336e-01,-4.321597538727196819e-02
3.073012023333332454e-01,-4.325653731414876718e-02
3.075012023333327793e-01,-4.329687406241649467e-02
3.077012023333327573e-01,-4.333698415644018226e-02
3.079012023333334014e-01,-4.337686613260931245e-02
3.081012023333340455e-01,-4.341651853963311714e-02
3.083012023333333573e-01,-4.345593993883853368e-02
3.085012023333328912e-01,-4.349512890447018026e-02
3.087012023333339794e-01,-4.353408402399107369e-02
3.089012023333335133e-01,-4.357280389838510265e-02
3.091012023333330472e-01,-4.361128714246359506e-02
3.093012023333325811e-01,-4.364953238517108036e-02
3.095012023333334472e-01,-4.368753826989436179e-02
3.097012023333334252e-01,-4.372530345477189384e-02
3.099012023333331811e-01,-4.376282661300727461e-02
3.101012023333327150e-01,-4.380010643318228702e-02
3.103012023333335812e-01,-4.383714161957302791e-02
3.105012023333340032e-01,-4.387393089246621747e-02
3.107012023333330930e-01,-4.391047298847895741e-02
3.109012023333326269e-01,-4.394676666087982131e-02
3.111012023333330490e-01,-4.398281067991023641e-02
3.113012023333339151e-01,-4.401860383310862712e-02
3.115012023333338931e-01,-4.405414492563590467e-02
3.117012023333334270e-01,-4.408943278060306614e-02
3.119012023333331829e-01,-4.412446623939962620e-02
3.121012023333338270e-01,-4.415924416202385988e-02
3.123012023333338050e-01,-4.419376542741398906e-02
3.125012023333331168e-01,-4.422802893378241507e-02
3.127012023333328727e-01,-4.426203359895007627e-02
3.129012023333335168e-01,-4.429577836068251256e-02
3.131012023333334948e-01,-4.432926217702731764e-02
3.133012023333336948e-01,-4.436248402665377011e-02
3.135012023333330067e-01,-4.439544290919268665e-02
3.137012023333332067e-01,-4.442813784557903684e-02
3.139012023333340728e-01,-4.446056787839410690e-02
3.141012023333329406e-01,-4.449273207221011994e-02
3.143012023333326965e-01,-4.452462951393712509e-02
3.145012023333328965e-01,-4.455625931316857524e-02
3.147012023333337627e-01,-4.458762060253027709e-02
3.149012023333335186e-01,-4.461871253802948689e-02
3.151012023333332746e-01,-4.464953429940612950e-02
3.153012023333328084e-01,-4.468008509048410071e-02
3.155012023333336746e-01,-4.471036413952460264e-02
3.157012023333336526e-01,-4.474037069957942370e-02
3.159012023333327424e-01,-4.477010404884677885e-02
3.161012023333324983e-01,-4.479956349102755253e-02
3.163012023333333644e-01,-4.482874835568194383e-02
3.165012023333331204e-01,-4.485765799858743019e-02
3.167012023333335424e-01,-4.488629180209885439e-02
3.169012023333330763e-01,-4.491464917550729019e-02
3.171012023333332763e-01,-4.494272955540221104e-02
3.173012023333339204e-01,-4.497053240603213209e-02
3.175012023333336764e-01,-4.499805721966784050e-02
3.177012023333334323e-01,-4.502530351696581307e-02
3.179012023333323000e-01,-4.505227084733227916e-02
3.181012023333336103e-01,-4.507895878928866451e-02
3.183012023333335883e-01,-4.510536695083590397e-02
3.185012023333331221e-01,-4.513149496982232778e-02
3.187012023333328781e-01,-4.515734251430984780e-02
3.189012023333333001e-01,-4.518290928294170505e-02
3.191012023333335001e-01,-4.520819500531023799e-02
3.193012023333332561e-01,-4.523319944232602474e-02
3.195012023333332341e-01,-4.525792238658703226e-02
3.197012023333329900e-01,-4.528236366274789038e-02
3.199012023333331900e-01,-4.530652312789045649e-02
3.201012023333338341e-01,-4.533040067189386679e-02
3.203012023333333680e-01,-4.535399621780536461e-02
3.205012023333331239e-01,-4.537730972221194065e-02
3.207012023333339901e-01,-4.540034117561148747e-02
3.209012023333339680e-01,-4.542309060278405114e-02
3.211012023333330578e-01,-4.544555806316438740e-02
3.213012023333328138e-01,-4.546774365121392797e-02
3.215012023333336799e-01,-4.548964749679281633e-02
3.217012023333332138e-01,-4.551126976553178383e-02
3.219012023333331918e-01,-4.553261065920558015e-02
3.221012023333329477e-01,-4.555367041610444007e-02
3.223012023333333698e-01,-4.557444931140679223e-02
3.225012023333335698e-01,-4.559494765755154472e-02
3.227012023333331037e-01,-4.561516580461016934e-02
3.229012023333324155e-01,-4.563510414065892473e-02
3.231012023333328376e-01,-4.565476309215082962e-02
3.233012023333339258e-01,-4.567414312428687284e-02
3.235012023333339037e-01,-4.569324474138761194e-02
3.237012023333334376e-01,-4.571206848726450805e-02
3.239012023333327495e-01,-4.573061494559035878e-02
3.241012023333338377e-01,-4.574888474026995999e-02
3.243012023333340377e-01,-4.576687853580933829e-02
3.245012023333329054e-01,-4.578459703768582301e-02
3.247012023333328834e-01,-4.580204099271694557e-02
3.249012023333339716e-01,-4.581921118942852700e-02
3.251012023333332834e-01,-4.583610845842206460e-02
3.253012023333332614e-01,-4.585273367274278478e-02
3.255012023333327953e-01,-4.586908774824517004e-02
3.257012023333332174e-01,-4.588517164395908982e-02
3.259012023333340835e-01,-4.590098636245441149e-02
3.261012023333329513e-01,-4.591653295020493852e-02
3.263012023333327072e-01,-4.593181249795214721e-02
3.265012023333331292e-01,-4.594682614106676555e-02
3.267012023333339954e-01,-4.596157505991041448e-02
3.269012023333339734e-01,-4.597606048019554914e-02
3.271012023333332852e-01,-4.599028367334510869e-02
3.273012023333328191e-01,-4.600424595685025098e-02
3.275012023333339073e-01,-4.601794869462753901e-02
3.277012023333334412e-01,-4.603139329737416380e-02
3.279012023333331971e-01,-4.604458122292322264e-02
3.281012023333327310e-01,-4.605751397659621493e-02
3.283012023333335971e-01,-4.607019311155544083e-02
3.285012023333335751e-01,-4.608262022915375622e-02
3.287012023333335531e-01,-4.609479697928439007e-02
3.289012023333330870e-01,-4.610672506072785448e-02
3.291012023333330649e-01,-4.611840622149835506e-02
3.293012023333341531e-01,-4.612984225918799475e-02
3.295012023333336870e-01,-4.614103502130922907e-02
3.297012023333334430e-01,-4.615198640563678012e-02
3.299012023333323107e-01,-4.616269836054615050e-02
3.301012023333340650e-01,-4.617317288535178338e-02
3.303012023333340430e-01,-4.618341203064218331e-02
3.305012023333331328e-01,-4.619341789861433623e-02
3.307012023333328887e-01,-4.620319264340556203e-02
3.309012023333333108e-01,-4.621273847142308433e-02
3.311012023333335108e-01,-4.622205764167222619e-02
3.313012023333326006e-01,-4.623115246608202472e-02
3.315012023333328006e-01,-4.624002530982933290e-02
3.317012023333332227e-01,-4.624867859165976425e-02
3.319012023333334227e-01,-4.625711478420720807e-02
3.321012023333338448e-01,-4.626533641431086752e-02
3.323012023333333786e-01,-4.627334606332970945e-02
3.325012023333333566e-01,-4.628114636745496446e-02
3.327012023333337787e-01,-4.628874001801955990e-02
3.329012023333337567e-01,-4.629612976180574185e-02
3.331012023333332905e-01,-4.630331840134956772e-02
3.333012023333326024e-01,-4.631030879524333094e-02
3.335012023333336906e-01,-4.631710385843480771e-02
3.337012023333336685e-01,-4.632370656252423474e-02
3.339012023333334245e-01,-4.633011993605824080e-02
3.341012023333329584e-01,-4.633634706482113452e-02
3.343012023333329363e-01,-4.634239109212333341e-02
3.345012023333338025e-01,-4.634825521908683688e-02
3.347012023333331143e-01,-4.635394270492757679e-02
3.349012023333328703e-01,-4.635945686723512427e-02
3.351012023333328482e-01,-4.636480108224894786e-02
3.353012023333334923e-01,-4.636997878513184762e-02
3.355012023333339144e-01,-4.637499347023999602e-02
3.357012023333332262e-01,-4.637984869138982169e-02
3.359012023333327601e-01,-4.638454806212187476e-02
3.361012023333340704e-01,-4.638909525596074390e-02
3.363012023333338263e-01,-4.639349400667226730e-02
3.365012023333333602e-01,-4.639774810851685777e-02
3.367012023333328941e-01,-4.640186141649962209e-02
3.369012023333337602e-01,-4.640583784661670569e-02
3.371012023333332941e-01,-4.640968137609811917e-02
3.373012023333334941e-01,-4.641339604364710936e-02
3.375012023333328059e-01,-4.641698594967548497e-02
3.377012023333330060e-01,-4.642045525653555604e-02
3.379012023333340942e-01,-4.642380818874793091e-02
3.381012023333327399e-01,-4.642704903322562165e-02
3.383012023333329399e-01,-4.643018213949443029e-02
3.385012023333333619e-01,-4.643321191990901209e-02
3.387012023333340061e-01,-4.643614284986512242e-02
3.389012023333339840e-01,-4.643897946800767951e-02
3.391012023333335179e-01,-4.644172637643513568e-02
3.393012023333330518e-01,-4.644438824089891504e-02
3.395012023333336959e-01,-4.644696979099947887e-02
3.397012023333336739e-01,-4.644947582037726314e-02
3.399012023333332078e-01,-4.645191118690021603e-02
3.401012023333329637e-01,-4.645428081284604105e-02
3.403012023333338298e-01,-4.645658968508081799e-02
3.405012023333331417e-01,-4.645884285523245449e-02
3.407012023333331197e-01,-4.646104543986022406e-02
3.409012023333328756e-01,-4.646320262061925249e-02
3.411012023333330756e-01,-4.646531964442064677e-02
3.413012023333339418e-01,-4.646740182358682913e-02
3.415012023333328095e-01,-4.646945453600206943e-02
3.417012023333330095e-01,-4.647148322525859743e-02
3.419012023333329875e-01,-4.647349340079725416e-02
3.421012023333342977e-01,-4.647549063804397307e-02
3.423012023333336096e-01,-4.647748057854072384e-02
3.425012023333331435e-01,-4.647946893007200847e-02
3.427012023333331214e-01,-4.648146146678566737e-02
3.429012023333337655e-01,-4.648346402930943894e-02
3.431012023333332994e-01,-4.648548252486163490e-02
3.433012023333328333e-01,-4.648752292735706948e-02
3.435012023333328113e-01,-4.648959127750759007e-02
3.437012023333336774e-01,-4.649169368291748705e-02
3.439012023333334334e-01,-4.649383631817339407e-02
3.441012023333336334e-01,-4.649602542492906748e-02
3.443012023333331673e-01,-4.649826731198436480e-02
3.445012023333329232e-01,-4.650056835535917865e-02
3.447012023333340114e-01,-4.650293499836173627e-02
3.449012023333335453e-01,-4.650537375165090387e-02
3.451012023333335232e-01,-4.650789119329383492e-02
3.453012023333326130e-01,-4.651049396881690168e-02
3.455012023333337012e-01,-4.651318879125193595e-02
3.457012023333336792e-01,-4.651598244117562120e-02
3.459012023333332131e-01,-4.651888176674436048e-02
3.461012023333327470e-01,-4.652189368372211531e-02
3.463012023333331690e-01,-4.652502517550347744e-02
3.465012023333333691e-01,-4.652828329312978795e-02
3.467012023333331250e-01,-4.653167515529997578e-02
3.469012023333335470e-01,-4.653520794837544272e-02
3.471012023333333030e-01,-4.653888892637830788e-02
3.473012023333335030e-01,-4.654272541098399690e-02
3.475012023333339251e-01,-4.654672479150792630e-02
3.477012023333336810e-01,-4.655089452488538754e-02
3.479012023333332149e-01,-4.655524213564563030e-02
3.481012023333340810e-01,-4.655977521587978396e-02
3.483012023333338369e-01,-4.656450142520210389e-02
3.485012023333333708e-01,-4.656942849070519475e-02
3.487012023333329047e-01,-4.657456420690891941e-02
3.489012023333339929e-01,-4.657991643570241758e-02
3.491012023333333048e-01,-4.658549310628021245e-02
3.493012023333332827e-01,-4.659130221507164216e-02
3.495012023333332607e-01,-4.659735182566367151e-02
3.497012023333336828e-01,-4.660365006871716731e-02
3.499012023333336607e-01,-4.661020514187663027e-02
3.501012023333329726e-01,-4.661702530967340441e-02
3.503012023333327285e-01,-4.662411890342195442e-02
3.505012023333329285e-01,-4.663149432110964138e-02
3.507012023333337947e-01,-4.663916002727955257e-02
3.509012023333339947e-01,-4.664712455290667692e-02
3.511012023333335286e-01,-4.665539649526769667e-02
3.513012023333326184e-01,-4.666398451780276457e-02
3.515012023333337066e-01,-4.667289734997200068e-02
3.517012023333336845e-01,-4.668214378710340562e-02
3.519012023333329964e-01,-4.669173269023525058e-02
3.521012023333329743e-01,-4.670167298595073041e-02
3.523012023333338405e-01,-4.671197366620569169e-02
3.525012023333333744e-01,-4.672264378814938723e-02
3.527012023333333524e-01,-4.673369247393856230e-02
3.529012023333328862e-01,-4.674512891054358882e-02
3.531012023333330863e-01,-4.675696234954837549e-02
3.533012023333339524e-01,-4.676920210694262420e-02
3.535012023333328202e-01,-4.678185756290674513e-02
3.537012023333332422e-01,-4.679493816159040198e-02
3.539012023333334422e-01,-4.680845341088282763e-02
3.541012023333343084e-01,-4.682241288217647845e-02
3.543012023333338423e-01,-4.683682621012313918e-02
3.545012023333333762e-01,-4.685170309238328307e-02
3.547012023333329100e-01,-4.686705328936724424e-02
3.549012023333335542e-01,-4.688288662396961071e-02
3.551012023333333101e-01,-4.689921298129610255e-02
3.553012023333332881e-01,-4.691604230838318512e-02
3.555012023333330440e-01,-4.693338461390990368e-02
3.557012023333336881e-01,-4.695124996790300126e-02
3.559012023333336661e-01,-4.696964850143339060e-02
3.561012023333336440e-01,-4.698859040630658235e-02
3.563012023333331779e-01,-4.700808593474464087e-02
3.565012023333331559e-01,-4.702814539906084029e-02
3.567012023333338000e-01,-4.704877917132706949e-02
3.569012023333328898e-01,-4.706999768303300052e-02
3.571012023333328678e-01,-4.709181142473911619e-02
3.573012023333326237e-01,-4.711423094572027293e-02
3.575012023333339339e-01,-4.713726685360344199e-02
3.577012023333339119e-01,-4.716092981399607614e-02
3.579012023333332237e-01,-4.718523055010890449e-02
3.581012023333327576e-01,-4.721017984236967197e-02
3.583012023333334017e-01,-4.723578852802950284e-02
3.585012023333333797e-01,-4.726206750076137469e-02
3.587012023333324695e-01,-4.728902771025208368e-02
3.589012023333328916e-01,-4.731668016178540437e-02
3.591012023333335357e-01,-4.734503591581765841e-02
3.593012023333335136e-01,-4.737410608754609453e-02
3.595012023333334916e-01,-4.740390184646946919e-02
3.597012023333336916e-01,-4.743443441594079324e-02
3.599012023333334476e-01,-4.746571507271193924e-02
3.601012023333340917e-01,-4.749775514647201768e-02
3.603012023333331815e-01,-4.753056601937561548e-02
3.605012023333336035e-01,-4.756415912556632986e-02
3.607012023333329154e-01,-4.759854595068953309e-02
3.609012023333337815e-01,-4.763373803140032170e-02
3.611012023333335375e-01,-4.766974695486072416e-02
3.613012023333332934e-01,-4.770658435823207227e-02
3.615012023333326052e-01,-4.774426192815798414e-02
3.617012023333328052e-01,-4.778279140024010996e-02
3.619012023333336714e-01,-4.782218455850567596e-02
3.621012023333329832e-01,-4.786245323486754827e-02
3.623012023333331832e-01,-4.790360930857841260e-02
3.625012023333329392e-01,-4.794566470567322714e-02
3.627012023333335833e-01,-4.798863139840843506e-02
3.629012023333337833e-01,-4.803252140468985965e-02
3.631012023333330951e-01,-4.807734678749536750e-02
3.633012023333328511e-01,-4.812311965428904548e-02
3.635012023333339393e-01,-4.816985215642746732e-02
3.637012023333336952e-01,-4.821755648855732823e-02
3.639012023333332291e-01,-4.826624488800862478e-02
3.641012023333332071e-01,-4.831592963417711412e-02
3.643012023333336291e-01,-4.836662304789998701e-02
3.645012023333331630e-01,-4.841833749082415095e-02
3.647012023333331410e-01,-4.847108536476787966e-02
3.649012023333328969e-01,-4.852487911107263019e-02
3.651012023333330969e-01,-4.857973120994973915e-02
3.653012023333335190e-01,-4.863565417981747380e-02
3.655012023333326088e-01,-4.869266057663163005e-02
3.657012023333323647e-01,-4.875076299320985074e-02
3.659012023333330088e-01,-4.880997405854543836e-02
3.661012023333340970e-01,-4.887030643711576944e-02
3.663012023333340750e-01,-4.893177282818277074e-02
3.665012023333336089e-01,-4.899438596508683130e-02
3.667012023333326987e-01,-4.905815861453170779e-02
3.669012023333335648e-01,-4.912310357586401055e-02
3.671012023333335428e-01,-4.918923368034149035e-02
3.673012023333332987e-01,-4.925656179039961113e-02
3.675012023333330546e-01,-4.932510079890632670e-02
3.677012023333339208e-01,-4.939486362841188916e-02
3.679012023333330106e-01,-4.946586323038862365e-02
3.681012023333334326e-01,-4.953811258446928767e-02
3.683012023333331886e-01,-4.961162469767008143e-02
3.685012023333331665e-01,-4.968641260361388728e-02
3.687012023333340327e-01,-4.976248936174235832e-02
3.689012023333329005e-01,-4.983986805652004803e-02
3.691012023333331005e-01,-4.991856179663740206e-02
3.693012023333330784e-01,-4.999858371419819286e-02
3.695012023333341666e-01,-5.007994696390719036e-02
3.697012023333337005e-01,-5.016266472224541195e-02
3.699012023333330124e-01,-5.024675018664385984e-02
3.701012023333329903e-01,-5.033221657464628795e-02
3.703012023333336344e-01,-5.041907712306552963e-02
3.705012023333331683e-01,-5.050734508713355941e-02
3.707012023333329243e-01,-5.059703373964717643e-02
3.709012023333331243e-01,-5.068815637010306435e-02
3.711012023333337684e-01,-5.078072628382764714e-02
3.713012023333335243e-01,-5.087475680110051246e-02
3.715012023333335023e-01,-5.097026125627255461e-02
3.717012023333330362e-01,-5.106725299687431274e-02
3.719012023333330141e-01,-5.116574538272117972e-02
3.721012023333343244e-01,-5.126575178500982627e-02
3.723012023333331921e-01,-5.136728558540617356e-02
3.725012023333333921e-01,-5.147036017513652306e-02
3.727012023333327040e-01,-5.157498895405798756e-02
3.729012023333337922e-01,-5.168118532973598606e-02
3.731012023333335481e-01,-5.178896271650417632e-02
3.733012023333330820e-01,-5.189833453452856460e-02
3.735012023333328379e-01,-5.200931420885828577e-02
3.737012023333332600e-01,-5.212191516847272665e-02
3.739012023333336820e-01,-5.223615084532176600e-02
3.741012023333323278e-01,-5.235203467336055350e-02
3.743012023333336380e-01,-5.246958008758288716e-02
3.745012023333336160e-01,-5.258880052303571695e-02
3.747012023333338160e-01,-5.270970941384426484e-02
3.749012023333335719e-01,-5.283232019221915932e-02
3.751012023333331058e-01,-5.295664628746393071e-02
3.753012023333333058e-01,-5.308270112497501247e-02
3.755012023333335058e-01,-5.321049812523453992e-02
3.757012023333337059e-01,-5.334005070280119221e-02
3.759012023333332397e-01,-5.347137226529209697e-02
3.761012023333327736e-01,-5.360447621236266030e-02
3.763012023333340839e-01,-5.373937593467888879e-02
3.765012023333333957e-01,-5.387608481288015672e-02
3.767012023333331516e-01,-5.401461621654961992e-02
3.769012023333329076e-01,-5.415498350316444442e-02
3.771012023333331076e-01,-5.429720001705083676e-02
3.773012023333337517e-01,-5.444127908832925578e-02
3.775012023333328415e-01,-5.458723403185581496e-02
3.777012023333328194e-01,-5.473507814616320605e-02
3.779012023333327974e-01,-5.488482471238753657e-02
3.781012023333341077e-01,-5.503648699319959453e-02
3.783012023333340856e-01,-5.519007823172263766e-02
3.785012023333333975e-01,-5.534561165045621955e-02
3.787012023333327093e-01,-5.550310045018657518e-02
3.789012023333335755e-01,-5.566255780889690224e-02
3.791012023333335534e-01,-5.582399688066740084e-02
3.793012023333330873e-01,-5.598743079458110700e-02
3.795012023333330653e-01,-5.615287265361784685e-02
3.797012023333339314e-01,-5.632033553354526267e-02
3.799012023333336874e-01,-5.648983248180430156e-02
3.801012023333329992e-01,-5.666137651639741729e-02
3.803012023333327551e-01,-5.683498062476588508e-02
3.805012023333331772e-01,-5.701065776266459051e-02
3.807012023333338213e-01,-5.718842085303389028e-02
3.809012023333326891e-01,-5.736828278486679616e-02
3.811012023333331111e-01,-5.755025641207966308e-02
3.813012023333330891e-01,-5.773435455236319153e-02
3.815012023333339553e-01,-5.792058998604785597e-02
3.817012023333334891e-01,-5.810897545495105621e-02
3.819012023333332451e-01,-5.829952366123489216e-02
3.821012023333330010e-01,-5.849224726624800696e-02
3.823012023333336451e-01,-5.868715888937219016e-02
3.825012023333336231e-01,-5.888427110686049459e-02
3.827012023333333790e-01,-5.908359645067898930e-02
3.829012023333333570e-01,-5.928514740734005389e-02
3.831012023333337790e-01,-5.948893641673419497e-02
3.833012023333337570e-01,-5.969497587095898283e-02
3.835012023333332909e-01,-5.990327811314719031e-02
3.837012023333330468e-01,-6.011385543629127470e-02
3.839012023333330248e-01,-6.032672008206331482e-02
3.841012023333338909e-01,-6.054188423963580840e-02
3.843012023333327587e-01,-6.075936004449383754e-02
3.845012023333331808e-01,-6.097915957726077890e-02
3.847012023333329367e-01,-6.120129486249727829e-02
3.849012023333342469e-01,-6.142577786752302649e-02
3.851012023333331147e-01,-6.165262050121321502e-02
3.853012023333330927e-01,-6.188183461282089487e-02
3.855012023333328486e-01,-6.211343199076704846e-02
3.857012023333334927e-01,-6.234742436145272043e-02
3.859012023333336927e-01,-6.258382338805437706e-02
3.861012023333327825e-01,-6.282264066932755076e-02
3.863012023333329825e-01,-6.306388773840784778e-02
3.865012023333336266e-01,-6.330757606160156148e-02
3.867012023333336046e-01,-6.355371703718419585e-02
3.869012023333335826e-01,-6.380232199419802464e-02
3.871012023333331165e-01,-6.405340219124198986e-02
3.873012023333330944e-01,-6.430696881526806741e-02
3.875012023333339606e-01,-6.456303298037027738e-02
3.877012023333334945e-01,-6.482160572657334752e-02
3.879012023333336945e-01,-6.508269801863159065e-02
3.881012023333330063e-01,-6.534632074480897779e-02
3.883012023333340945e-01,-6.561248471567830698e-02
3.885012023333334064e-01,-6.588120066289683552e-02
3.887012023333331623e-01,-6.615247923801030605e-02
3.889012023333326962e-01,-6.642633101123024408e-02
3.891012023333328962e-01,-6.670276647022790883e-02
3.893012023333335403e-01,-6.698179601891920965e-02
3.895012023333330742e-01,-6.726342997625295306e-02
3.897012023333332742e-01,-6.754767857500529327e-02
3.899012023333332522e-01,-6.783455196056120684e-02
3.901012023333336742e-01,-6.812406018970884602e-02
3.903012023333340963e-01,-6.841621322942589845e-02
3.905012023333334081e-01,-6.871102095567052648e-02
3.907012023333329420e-01,-6.900849315217690016e-02
3.909012023333335861e-01,-6.930863950924301409e-02
3.911012023333335641e-01,-6.961146962251954506e-02
3.913012023333330980e-01,-6.991699299181096394e-02
3.915012023333330760e-01,-7.022521901986816806e-02
3.917012023333334980e-01,-7.053615701118198800e-02
3.919012023333330319e-01,-7.084981617077973359e-02
3.921012023333330099e-01,-7.116620560302977516e-02
3.923012023333327658e-01,-7.148533431043507802e-02
3.925012023333331879e-01,-7.180721119243943518e-02
3.927012023333333879e-01,-7.213184504422637255e-02
3.929012023333329218e-01,-7.245924455552721355e-02
3.931012023333328997e-01,-7.278941830943033708e-02
3.933012023333330998e-01,-7.312237478118527312e-02
3.935012023333341880e-01,-7.345812233701741467e-02
3.937012023333334998e-01,-7.379666923293443093e-02
3.939012023333336998e-01,-7.413802361355591175e-02
3.941012023333327896e-01,-7.448219351091520113e-02
3.943012023333332117e-01,-7.482918684329463443e-02
3.945012023333340778e-01,-7.517901141403560139e-02
3.947012023333333897e-01,-7.553167491036807957e-02
3.949012023333329235e-01,-7.588718490224727331e-02
3.951012023333340117e-01,-7.624554884117873410e-02
3.953012023333331015e-01,-7.660677405904314785e-02
3.955012023333335236e-01,-7.697086776695680199e-02
3.957012023333328354e-01,-7.733783705408808773e-02
3.959012023333328134e-01,-7.770768888652035411e-02
3.961012023333339016e-01,-7.808043010608903267e-02
3.963012023333327694e-01,-7.845606742922792143e-02
3.965012023333331914e-01,-7.883460744584400159e-02
3.967012023333331694e-01,-7.921605661815211974e-02
3.969012023333344796e-01,-7.960042127955403723e-02
3.971012023333335694e-01,-7.998770763348783674e-02
3.973012023333331033e-01,-8.037792175231976699e-02
3.975012023333328592e-01,-8.077106957620081018e-02
3.977012023333335033e-01,-8.116715691195235116e-02
3.979012023333332593e-01,-8.156618943194214599e-02
3.981012023333330152e-01,-8.196817267298142640e-02
3.983012023333332152e-01,-8.237311203521052727e-02
3.985012023333340814e-01,-8.278101278099476990e-02
3.987012023333336153e-01,-8.319188003382234353e-02
3.989012023333333712e-01,-8.360571877722068612e-02
3.991012023333331271e-01,-8.402253385365635041e-02
3.993012023333328830e-01,-8.444232996345556186e-02
3.995012023333341933e-01,-8.486511166372649739e-02
3.997012023333332831e-01,-8.529088336727137787e-02
3.999012023333337051e-01,-8.571964934154438498e-02
4.001012023333330170e-01,-8.615141370755940997e-02
4.003012023333341052e-01,-8.658618043885735194e-02
4.005012023333336391e-01,-8.702395336042795249e-02
4.007012023333331729e-01,-8.746473614768776605e-02
4.009012023333327068e-01,-8.790853232542510109e-02
4.011012023333331289e-01,-8.835534526677067679e-02
4.013012023333331069e-01,-8.880517819216154907e-02
4.015012023333326407e-01,-8.925803416832638060e-02
4.017012023333335069e-01,-8.971391610726944799e-02
4.019012023333337069e-01,-9.017282676524807083e-02
4.021012023333336849e-01,-9.063476874178216791e-02
4.023012023333334408e-01,-9.109974447865056002e-02
4.025012023333336408e-01,-9.156775625890252457e-02
4.027012023333331747e-01,-9.203880620586708805e-02
4.029012023333335968e-01,-9.251289628218672956e-02
4.031012023333333527e-01,-9.299002828883208560e-02
4.033012023333331086e-01,-9.347020386415132165e-02
4.035012023333328646e-01,-9.395342448290611159e-02
4.037012023333339528e-01,-9.443969145532687959e-02
4.039012023333337087e-01,-9.492900592615749478e-02
4.041012023333332426e-01,-9.542136887373822707e-02
4.043012023333329985e-01,-9.591678110906809440e-02
4.045012023333329765e-01,-9.641524327488443236e-02
4.047012023333336206e-01,-9.691675584475237248e-02
4.049012023333327104e-01,-9.742131912215218348e-02
4.051012023333331324e-01,-9.792893323960105700e-02
4.053012023333331104e-01,-9.843959815773914435e-02
4.055012023333339766e-01,-9.895331366446789845e-02
4.057012023333335105e-01,-9.947007937405885625e-02
4.059012023333337105e-01,-9.998989472630873121e-02
4.061012023333325782e-01,-1.005127589856601583e-01
4.063012023333336664e-01,-1.010386712403784359e-01
4.065012023333334223e-01,-1.015676304016767950e-01
4.067012023333331783e-01,-1.020996352029163445e-01
4.069012023333333783e-01,-1.026346841987667291e-01
4.071012023333340224e-01,-1.031727757643923910e-01
4.073012023333331122e-01,-1.037139080946417602e-01
4.075012023333330902e-01,-1.042580792032673509e-01
4.077012023333326241e-01,-1.048052869221143685e-01
4.079012023333330461e-01,-1.053555289003586248e-01
4.081012023333339123e-01,-1.059088026037234842e-01
4.083012023333325580e-01,-1.064651053137169595e-01
4.085012023333334241e-01,-1.070244341269050159e-01
4.087012023333334021e-01,-1.075867859541275451e-01
4.089012023333340462e-01,-1.081521575197983004e-01
4.091012023333335801e-01,-1.087205453611585215e-01
4.093012023333331140e-01,-1.092919458275788264e-01
4.095012023333326479e-01,-1.098663550798430061e-01
4.097012023333332920e-01,-1.104437690894581325e-01
4.099012023333334920e-01,-1.110241836379580044e-01
4.101012023333330259e-01,-1.116075943162382483e-01
4.103012023333336700e-01,-1.121939965238916564e-01
4.105012023333340920e-01,-1.127833854685372228e-01
4.107012023333331818e-01,-1.133757561651832363e-01
4.109012023333333818e-01,-1.139711034356010178e-01
4.111012023333331378e-01,-1.145694219076760223e-01
4.113012023333328937e-01,-1.151707060148099149e-01
4.115012023333339819e-01,-1.157749499953120570e-01
4.117012023333326276e-01,-1.163821478917853591e-01
4.119012023333330497e-01,-1.169922935505817996e-01
4.121012023333332497e-01,-1.176053806211847519e-01
4.123012023333343379e-01,-1.182214025556735798e-01
4.125012023333334277e-01,-1.188403526081488193e-01
4.127012023333331836e-01,-1.194622238342192694e-01
4.129012023333327175e-01,-1.200870090904425230e-01
4.131012023333335836e-01,-1.207147010338223136e-01
4.133012023333331175e-01,-1.213452921212785501e-01
4.135012023333328735e-01,-1.219787746091741815e-01
4.137012023333332955e-01,-1.226151405528110722e-01
4.139012023333339396e-01,-1.232543818059538138e-01
4.141012023333336955e-01,-1.238964900203648328e-01
4.143012023333336735e-01,-1.245414566453592053e-01
4.145012023333332074e-01,-1.251892729273491323e-01
4.147012023333327413e-01,-1.258399299094205004e-01
4.149012023333340515e-01,-1.264934184309145504e-01
4.151012023333329193e-01,-1.271497291269940710e-01
4.153012023333337854e-01,-1.278088524282940119e-01
4.155012023333330973e-01,-1.284707785604817520e-01
4.157012023333339634e-01,-1.291354975439298614e-01
4.159012023333334973e-01,-1.298029991933128957e-01
4.161012023333330312e-01,-1.304732731172894844e-01
4.163012023333327871e-01,-1.311463087181460596e-01
4.165012023333329871e-01,-1.318220951914731709e-01
4.167012023333336312e-01,-1.325006215258492936e-01
4.169012023333331651e-01,-1.331818765025327422e-01
4.171012023333333651e-01,-1.338658486951871951e-01
4.173012023333331211e-01,-1.345525264695802692e-01
4.175012023333335431e-01,-1.352418979833343859e-01
4.177012023333335211e-01,-1.359339511856561822e-01
4.179012023333332770e-01,-1.366286738171050286e-01
4.181012023333330330e-01,-1.373260534093579122e-01
4.183012023333336771e-01,-1.380260772849934425e-01
4.185012023333336550e-01,-1.387287325572739705e-01
4.187012023333334110e-01,-1.394340061299678413e-01
4.189012023333331669e-01,-1.401418846971594634e-01
4.191012023333338110e-01,-1.408523547430835521e-01
4.193012023333331229e-01,-1.415654025419545992e-01
4.195012023333328788e-01,-1.422810141578485787e-01
4.197012023333328568e-01,-1.429991754445493479e-01
4.199012023333332788e-01,-1.437198720454385958e-01
4.201012023333337009e-01,-1.444430893933854598e-01
4.203012023333325686e-01,-1.451688127106501303e-01
4.205012023333323246e-01,-1.458970270088229548e-01
4.207012023333329687e-01,-1.466277170887312076e-01
4.209012023333345009e-01,-1.473608675403929591e-01
4.211012023333335907e-01,-1.480964627429618707e-01
4.213012023333331246e-01,-1.488344868647321073e-01
4.215012023333324365e-01,-1.495749238630856015e-01
4.217012023333335247e-01,-1.503177574845102060e-01
4.219012023333335026e-01,-1.510629712645810696e-01
4.221012023333328145e-01,-1.518105485280119293e-01
4.223012023333332365e-01,-1.525604723886827274e-01
4.225012023333343247e-01,-1.533127257496740281e-01
4.227012023333331925e-01,-1.540672913033261371e-01
4.229012023333331705e-01,-1.548241515313459882e-01
4.231012023333329264e-01,-1.555832887048522739e-01
4.233012023333331264e-01,-1.563446848845009285e-01
4.235012023333339926e-01,-1.571083219205886561e-01
4.237012023333326383e-01,-1.578741814531686716e-01
4.239012023333330603e-01,-1.586422449122282807e-01
4.241012023333332603e-01,-1.594124935177921865e-01
4.243012023333345706e-01,-1.601849082801235502e-01
4.245012023333336604e-01,-1.609594699998727063e-01
4.247012023333331943e-01,-1.617361592683096427e-01
4.249012023333327281e-01,-1.625149564674949754e-01
4.251012023333338163e-01,-1.632958417705180909e-01
4.253012023333333502e-01,-1.640787951417030377e-01
4.255012023333328841e-01,-1.648637963368906889e-01
4.257012023333333062e-01,-1.656508249036758862e-01
4.259012023333339503e-01,-1.664398601816765577e-01
4.261012023333337062e-01,-1.672308813028229868e-01
4.263012023333336842e-01,-1.680238671916670923e-01
4.265012023333332181e-01,-1.688187965656787470e-01
4.267012023333329740e-01,-1.696156479355835633e-01
4.269012023333338401e-01,-1.704143996056972088e-01
4.271012023333331520e-01,-1.712150296742625533e-01
4.273012023333331300e-01,-1.720175160338492937e-01
4.275012023333331079e-01,-1.728218363717017036e-01
4.277012023333341961e-01,-1.736279681701496935e-01
4.279012023333335080e-01,-1.744358887069917263e-01
4.281012023333330418e-01,-1.752455750559500924e-01
4.283012023333327978e-01,-1.760570040870753916e-01
4.285012023333332198e-01,-1.768701524672032510e-01
4.287012023333334199e-01,-1.776849966604062414e-01
4.289012023333325097e-01,-1.785015129284728830e-01
4.291012023333333758e-01,-1.793196773314091885e-01
4.293012023333335758e-01,-1.801394657279018485e-01
4.295012023333337758e-01,-1.809608537758655433e-01
4.297012023333335318e-01,-1.817838169329535902e-01
4.299012023333332877e-01,-1.826083304571052279e-01
4.301012023333332657e-01,-1.834343694070958986e-01
4.303012023333336877e-01,-1.842619086431046271e-01
4.305012023333332216e-01,-1.850909228272883400e-01
4.307012023333331996e-01,-1.859213864243937642e-01
4.309012023333329555e-01,-1.867532737023449019e-01
4.311012023333344878e-01,-1.875865587328836848e-01
4.313012023333337996e-01,-1.884212153921681343e-01
4.315012023333331115e-01,-1.892572173614704978e-01
4.317012023333330895e-01,-1.900945381278062452e-01
4.319012023333328454e-01,-1.909331509846085018e-01
4.321012023333334895e-01,-1.917730290324302089e-01
4.323012023333328013e-01,-1.926141451796231363e-01
4.325012023333330013e-01,-1.934564721430850343e-01
4.327012023333332014e-01,-1.942999824489553551e-01
4.329012023333338455e-01,-1.951446484333750897e-01
4.331012023333338234e-01,-1.959904422432289794e-01
4.333012023333331353e-01,-1.968373358369243653e-01
4.335012023333328912e-01,-1.976853009851720355e-01
4.337012023333337574e-01,-1.985343092717736790e-01
4.339012023333335133e-01,-1.993843320944188036e-01
4.341012023333330472e-01,-2.002353406655310031e-01
4.343012023333330252e-01,-2.010873060130873302e-01
4.345012023333338913e-01,-2.019401989814650911e-01
4.347012023333336472e-01,-2.027939902322926369e-01
4.349012023333331811e-01,-2.036486502453450087e-01
4.351012023333327150e-01,-2.045041493194153237e-01
4.353012023333333591e-01,-2.053604575732206061e-01
4.355012023333335591e-01,-2.062175449462987920e-01
4.357012023333322048e-01,-2.070753811999478944e-01
4.359012023333330710e-01,-2.079339359181828772e-01
4.361012023333332710e-01,-2.087931785086385994e-01
4.363012023333343592e-01,-2.096530782035804230e-01
4.365012023333336710e-01,-2.105136040608454884e-01
4.367012023333332049e-01,-2.113747249648705029e-01
4.369012023333331829e-01,-2.122364096276674605e-01
4.371012023333336050e-01,-2.130986265898459631e-01
4.373012023333335829e-01,-2.139613442216390937e-01
4.375012023333328948e-01,-2.148245307239522173e-01
4.377012023333335389e-01,-2.156881541294230487e-01
4.379012023333339609e-01,-2.165521823034641802e-01
4.381012023333334948e-01,-2.174165829453622856e-01
4.383012023333336948e-01,-2.182813235893754644e-01
4.385012023333332287e-01,-2.191463716058168476e-01
4.387012023333332067e-01,-2.200116942021947408e-01
4.389012023333340728e-01,-2.208772584243293147e-01
4.391012023333324965e-01,-2.217430311574817847e-01
4.393012023333326965e-01,-2.226089791275588925e-01
4.395012023333328965e-01,-2.234750689022211023e-01
4.397012023333342068e-01,-2.243412668921016540e-01
4.399012023333335186e-01,-2.252075393519677726e-01
4.401012023333332746e-01,-2.260738523819674217e-01
4.403012023333328084e-01,-2.269401719288091646e-01
4.405012023333336746e-01,-2.278064637870144404e-01
4.407012023333334305e-01,-2.286726936001308996e-01
4.409012023333322983e-01,-2.295388268620166539e-01
4.411012023333329424e-01,-2.304048289181035714e-01
4.413012023333338085e-01,-2.312706649666462499e-01
4.415012023333337865e-01,-2.321363000600326076e-01
4.417012023333335424e-01,-2.330016991060910314e-01
4.419012023333332984e-01,-2.338668268693945840e-01
4.421012023333328322e-01,-2.347316479725864991e-01
4.423012023333339204e-01,-2.355961268977279643e-01
4.425012023333332323e-01,-2.364602279876175661e-01
4.427012023333336543e-01,-2.373239154472001067e-01
4.429012023333329662e-01,-2.381871533448915168e-01
4.431012023333338323e-01,-2.390499056140052980e-01
4.433012023333338103e-01,-2.399121360541062731e-01
4.435012023333331221e-01,-2.407738083324515443e-01
4.437012023333328781e-01,-2.416348859854016706e-01
4.439012023333330781e-01,-2.424953324198427795e-01
4.441012023333335001e-01,-2.433551109146322444e-01
4.443012023333325899e-01,-2.442141846220474144e-01
4.445012023333336781e-01,-2.450725165692769214e-01
4.447012023333334341e-01,-2.459300696598470115e-01
4.449012023333336341e-01,-2.467868066751589540e-01
4.451012023333333900e-01,-2.476426902759542026e-01
4.453012023333335900e-01,-2.484976830038425066e-01
4.455012023333329019e-01,-2.493517472828054304e-01
4.457012023333335460e-01,-2.502048454207521644e-01
4.459012023333335240e-01,-2.510569396110285401e-01
4.461012023333332799e-01,-2.519079919339985985e-01
4.463012023333332579e-01,-2.527579643585985414e-01
4.465012023333339020e-01,-2.536068187439102783e-01
4.467012023333334358e-01,-2.544545168407386648e-01
4.469012023333329697e-01,-2.553010202932283201e-01
4.471012023333329477e-01,-2.561462906404550210e-01
4.473012023333331477e-01,-2.569902893180432968e-01
4.475012023333337918e-01,-2.578329776597980127e-01
4.477012023333324375e-01,-2.586743168993296260e-01
4.479012023333326376e-01,-2.595142681717380606e-01
4.481012023333332817e-01,-2.603527925152270828e-01
4.483012023333343699e-01,-2.611898508727968915e-01
4.485012023333339037e-01,-2.620254040939091755e-01
4.487012023333334376e-01,-2.628594129362000764e-01
4.489012023333323054e-01,-2.636918380671541828e-01
4.491012023333338377e-01,-2.645226400658390875e-01
4.493012023333335936e-01,-2.653517794245753292e-01
4.495012023333329054e-01,-2.661792165507206320e-01
4.497012023333331054e-01,-2.670049117683840345e-01
4.499012023333344157e-01,-2.678288253201689950e-01
4.501012023333335055e-01,-2.686509173689205499e-01
4.503012023333328173e-01,-2.694711479995306469e-01
4.505012023333330173e-01,-2.702894772206828611e-01
4.507012023333329953e-01,-2.711058649666382436e-01
4.509012023333340835e-01,-2.719202710990474281e-01
4.511012023333325072e-01,-2.727326554087238231e-01
4.513012023333331513e-01,-2.735429776175127281e-01
4.515012023333331292e-01,-2.743511973800469850e-01
4.517012023333339954e-01,-2.751572742856278064e-01
4.519012023333337513e-01,-2.759611678600322748e-01
4.521012023333332852e-01,-2.767628375673887309e-01
4.523012023333328191e-01,-2.775622428120203544e-01
4.525012023333339073e-01,-2.783593429403189434e-01
4.527012023333334412e-01,-2.791540972425967104e-01
4.529012023333327530e-01,-2.799464649550061912e-01
4.531012023333333971e-01,-2.807364052614153560e-01
4.533012023333338192e-01,-2.815238772952942670e-01
4.535012023333337972e-01,-2.823088401416427584e-01
4.537012023333331090e-01,-2.830912528389009086e-01
4.539012023333330870e-01,-2.838710743808808279e-01
4.541012023333330649e-01,-2.846482637186855680e-01
4.543012023333339311e-01,-2.854227797626645025e-01
4.545012023333330209e-01,-2.861945813843419506e-01
4.547012023333329989e-01,-2.869636274184089730e-01
4.549012023333329768e-01,-2.877298766646527728e-01
4.551012023333345091e-01,-2.884932878899526543e-01
4.553012023333338210e-01,-2.892538198302295749e-01
4.555012023333331328e-01,-2.900114311924767430e-01
4.557012023333328887e-01,-2.907660806567238798e-01
4.559012023333333108e-01,-2.915177268780456687e-01
4.561012023333335108e-01,-2.922663284885669288e-01
4.563012023333323786e-01,-2.930118440994819995e-01
4.565012023333330227e-01,-2.937542323030950531e-01
4.567012023333336668e-01,-2.944934516748149989e-01
4.569012023333336447e-01,-2.952294607752156685e-01
4.571012023333334007e-01,-2.959622181520789597e-01
4.573012023333336007e-01,-2.966916823424415872e-01
4.575012023333333566e-01,-2.974178118746456656e-01
4.577012023333337787e-01,-2.981405652704146592e-01
4.579012023333330905e-01,-2.988599010469052963e-01
4.581012023333330685e-01,-2.995757777188068349e-01
4.583012023333330465e-01,-3.002881538004014139e-01
4.585012023333343567e-01,-3.009969878076678151e-01
4.587012023333336685e-01,-3.017022382603522512e-01
4.589012023333327583e-01,-3.024038636841027694e-01
4.591012023333329584e-01,-3.031018226125555826e-01
4.593012023333327143e-01,-3.037960735894372766e-01
4.595012023333338025e-01,-3.044865751707043211e-01
4.597012023333328923e-01,-3.051732859266358400e-01
4.599012023333330923e-01,-3.058561644440014327e-01
4.601012023333332923e-01,-3.065351693281580525e-01
4.603012023333339364e-01,-3.072102592052072811e-01
4.605012023333336924e-01,-3.078813927241281778e-01
4.607012023333330042e-01,-3.085485285589373294e-01
4.609012023333327601e-01,-3.092116254108375761e-01
4.611012023333338483e-01,-3.098706420103746195e-01
4.613012023333336042e-01,-3.105255371195877467e-01
4.615012023333329161e-01,-3.111762695342004115e-01
4.617012023333331161e-01,-3.118227980857822268e-01
4.619012023333342043e-01,-3.124650816439182854e-01
4.621012023333332941e-01,-3.131030791183847528e-01
4.623012023333326059e-01,-3.137367494613589325e-01
4.625012023333328059e-01,-3.143660516695860885e-01
4.627012023333336721e-01,-3.149909447865735235e-01
4.629012023333340942e-01,-3.156113879047869331e-01
4.631012023333322958e-01,-3.162273401678507012e-01
4.633012023333329399e-01,-3.168387607727729538e-01
4.635012023333333619e-01,-3.174456089721091612e-01
4.637012023333342281e-01,-3.180478440762053993e-01
4.639012023333335399e-01,-3.186454254553935383e-01
4.641012023333332959e-01,-3.192383125422263435e-01
4.643012023333330518e-01,-3.198264648336784921e-01
4.645012023333336959e-01,-3.204098418933790660e-01
4.647012023333336739e-01,-3.209884033538256132e-01
4.649012023333327637e-01,-3.215621089186223580e-01
4.651012023333334078e-01,-3.221309183647141916e-01
4.653012023333340519e-01,-3.226947915445990689e-01
4.655012023333335858e-01,-3.232536883885760437e-01
4.657012023333331197e-01,-3.238075689069863650e-01
4.659012023333330976e-01,-3.243563931924441368e-01
4.661012023333330756e-01,-3.249001214220760825e-01
4.663012023333339418e-01,-3.254387138597701901e-01
4.665012023333325875e-01,-3.259721308584049293e-01
4.667012023333327875e-01,-3.265003328621239875e-01
4.669012023333329875e-01,-3.270232804085504430e-01
4.671012023333342977e-01,-3.275409341310558942e-01
4.673012023333336096e-01,-3.280532547609916749e-01
4.675012023333329214e-01,-3.285602031299632575e-01
4.677012023333328994e-01,-3.290617401720647983e-01
4.679012023333335435e-01,-3.295578269261320026e-01
4.681012023333332994e-01,-3.300484245379928239e-01
4.683012023333326113e-01,-3.305334942627291550e-01
4.685012023333330333e-01,-3.310129974669271391e-01
4.687012023333338995e-01,-3.314868956309234282e-01
4.689012023333336554e-01,-3.319551503510608237e-01
4.691012023333334113e-01,-3.324177233419509658e-01
4.693012023333331673e-01,-3.328745764387178174e-01
4.695012023333329232e-01,-3.333256715992536368e-01
4.697012023333342334e-01,-3.337709709064743957e-01
4.699012023333331012e-01,-3.342104365705560465e-01
4.701012023333333012e-01,-3.346440309312146422e-01
4.703012023333328351e-01,-3.350717164599270603e-01
4.705012023333339233e-01,-3.354934557622013536e-01
4.707012023333336792e-01,-3.359092115798046896e-01
4.709012023333327690e-01,-3.363189467930287613e-01
4.711012023333323029e-01,-3.367226244229276633e-01
4.713012023333329470e-01,-3.371202076335594877e-01
4.715012023333335911e-01,-3.375116597342263103e-01
4.717012023333324588e-01,-3.378969441817152863e-01
4.719012023333331030e-01,-3.382760245825487955e-01
4.721012023333335250e-01,-3.386488646951985038e-01
4.723012023333339471e-01,-3.390154284323338985e-01
4.725012023333337030e-01,-3.393756798630471749e-01
4.727012023333336810e-01,-3.397295832150859507e-01
4.729012023333329928e-01,-3.400771028770719906e-01
4.731012023333340810e-01,-3.404182034007339208e-01
4.733012023333336149e-01,-3.407528495031093008e-01
4.735012023333331488e-01,-3.410810060687806122e-01
4.737012023333329047e-01,-3.414026381520762765e-01
4.739012023333342150e-01,-3.417177109792842726e-01
4.741012023333335268e-01,-3.420261899508482695e-01
4.743012023333330607e-01,-3.423280406435861289e-01
4.745012023333328166e-01,-3.426232288128748804e-01
4.747012023333332387e-01,-3.429117203948485182e-01
4.749012023333341048e-01,-3.431934815085855850e-01
4.751012023333323064e-01,-3.434684784582905381e-01
4.753012023333327285e-01,-3.437366777354899927e-01
4.755012023333331506e-01,-3.439980460211857771e-01
4.757012023333344608e-01,-3.442525501880402405e-01
4.759012023333335506e-01,-3.445001573025321395e-01
4.761012023333335286e-01,-3.447408346271292334e-01
4.763012023333323963e-01,-3.449745496224290719e-01
4.765012023333337066e-01,-3.452012699493208214e-01
4.767012023333336845e-01,-3.454209634711132848e-01
4.769012023333329964e-01,-3.456335982556858477e-01
4.771012023333331964e-01,-3.458391425776161654e-01
4.773012023333338405e-01,-3.460375649203009663e-01
4.775012023333333744e-01,-3.462288339780765778e-01
4.777012023333329083e-01,-3.464129186583348452e-01
4.779012023333328862e-01,-3.465897880836242839e-01
4.781012023333330863e-01,-3.467594115937495114e-01
4.783012023333339524e-01,-3.469217587478626297e-01
4.785012023333328202e-01,-3.470767993265453377e-01
4.787012023333330202e-01,-3.472245033338927644e-01
4.789012023333334422e-01,-3.473648409995730990e-01
4.791012023333347525e-01,-3.474977827808952702e-01
4.793012023333338423e-01,-3.476232993648583069e-01
4.795012023333331541e-01,-3.477413616702015875e-01
4.797012023333329100e-01,-3.478519408494384901e-01
4.799012023333335542e-01,-3.479550082908858255e-01
4.801012023333337542e-01,-3.480505356206824996e-01
4.803012023333330660e-01,-3.481384947048036249e-01
4.805012023333337101e-01,-3.482188576510619749e-01
4.807012023333336881e-01,-3.482915968110991689e-01
4.809012023333341102e-01,-3.483566847823724721e-01
4.811012023333331999e-01,-3.484140944101272730e-01
4.813012023333331779e-01,-3.484637987893639544e-01
4.815012023333327118e-01,-3.485057712667904983e-01
4.817012023333340220e-01,-3.485399854427699839e-01
4.819012023333328898e-01,-3.485664151732528748e-01
4.821012023333328678e-01,-3.485850345717040888e-01
4.823012023333330678e-01,-3.485958180110157456e-01
4.825012023333341560e-01,-3.485987401254106999e-01
4.827012023333339119e-01,-3.485937758123351382e-01
4.829012023333330017e-01,-3.485809002343401852e-01
4.831012023333327576e-01,-3.485600888209513526e-01
4.833012023333329577e-01,-3.485313172705287732e-01
4.835012023333336018e-01,-3.484945615521128914e-01
4.837012023333324695e-01,-3.484497979072616602e-01
4.839012023333331136e-01,-3.483970028518719175e-01
4.841012023333339798e-01,-3.483361531779927134e-01
4.843012023333339577e-01,-3.482672259556247596e-01
4.845012023333334916e-01,-3.481901985345052797e-01
4.847012023333336916e-01,-3.481050485458825894e-01
4.849012023333330035e-01,-3.480117539042790753e-01
4.851012023333336476e-01,-3.479102928092364100e-01
4.853012023333331815e-01,-3.478006437470544943e-01
4.855012023333331594e-01,-3.476827854925089722e-01
4.857012023333331374e-01,-3.475566971105624181e-01
4.859012023333342256e-01,-3.474223579580565380e-01
4.861012023333337595e-01,-3.472797476853968224e-01
4.863012023333330713e-01,-3.471288462382132178e-01
4.865012023333330493e-01,-3.469696338590148033e-01
4.867012023333325832e-01,-3.468020910888300889e-01
4.869012023333338934e-01,-3.466261987688247781e-01
4.871012023333329832e-01,-3.464419380419190286e-01
4.873012023333329612e-01,-3.462492903543681888e-01
4.875012023333333833e-01,-3.460482374573516928e-01
4.877012023333338053e-01,-3.458387614085316475e-01
4.879012023333337833e-01,-3.456208445736013157e-01
4.881012023333330951e-01,-3.453944696278158366e-01
4.883012023333328511e-01,-3.451596195575066250e-01
4.885012023333334952e-01,-3.449162776615837256e-01
4.887012023333336952e-01,-3.446644275530210688e-01
4.889012023333330070e-01,-3.444040531603202449e-01
4.891012023333332071e-01,-3.441351387289588448e-01
4.893012023333340732e-01,-3.438576688228301981e-01
4.895012023333336071e-01,-3.435716283256605719e-01
4.897012023333329189e-01,-3.432770024424011690e-01
4.899012023333328969e-01,-3.429737767006163507e-01
4.901012023333330969e-01,-3.426619369518497660e-01
4.903012023333335190e-01,-3.423414693729694425e-01
4.905012023333323867e-01,-3.420123604675008311e-01
4.907012023333323647e-01,-3.416745970669290977e-01
4.909012023333336749e-01,-3.413281663320026915e-01
4.911012023333340970e-01,-3.409730557540096019e-01
4.913012023333340750e-01,-3.406092531560259706e-01
4.915012023333331648e-01,-3.402367466941593199e-01
4.917012023333326987e-01,-3.398555248587629141e-01
4.919012023333335648e-01,-3.394655764756410177e-01
4.921012023333337648e-01,-3.390668907072336702e-01
4.923012023333328546e-01,-3.386594570537717064e-01
4.925012023333330546e-01,-3.382432653544145129e-01
4.927012023333339208e-01,-3.378183057883845652e-01
4.929012023333336767e-01,-3.373845688760682693e-01
4.931012023333332106e-01,-3.369420454800884368e-01
4.933012023333327445e-01,-3.364907268063758172e-01
4.935012023333329445e-01,-3.360306044052080443e-01
4.937012023333338107e-01,-3.355616701722339834e-01
4.939012023333329005e-01,-3.350839163494796491e-01
4.941012023333328784e-01,-3.345973355263098803e-01
4.943012023333333005e-01,-3.341019206404082231e-01
4.945012023333346107e-01,-3.335976649787046333e-01
4.947012023333337005e-01,-3.330845621783045107e-01
4.949012023333330124e-01,-3.325626062273610573e-01
4.951012023333323242e-01,-3.320317914659690617e-01
4.953012023333334124e-01,-3.314921125870061713e-01
4.955012023333333904e-01,-3.309435646369808248e-01
4.957012023333327022e-01,-3.303861430168181235e-01
4.959012023333331243e-01,-3.298198434826525860e-01
4.961012023333339904e-01,-3.292446621466012524e-01
4.963012023333341904e-01,-3.286605954774998728e-01
4.965012023333332802e-01,-3.280676403016182796e-01
4.967012023333330362e-01,-3.274657938033510574e-01
4.969012023333330141e-01,-3.268550535259040490e-01
4.971012023333341023e-01,-3.262354173719332895e-01
4.973012023333331921e-01,-3.256068836041883796e-01
4.975012023333331701e-01,-3.249694508460835851e-01
4.977012023333329260e-01,-3.243231180823099580e-01
4.979012023333342363e-01,-3.236678846593691872e-01
4.981012023333339922e-01,-3.230037502861308751e-01
4.983012023333330820e-01,-3.223307150343127092e-01
4.985012023333326159e-01,-3.216487793389760097e-01
4.987012023333330379e-01,-3.209579439989901917e-01
4.989012023333336820e-01,-3.202582101774696932e-01
4.991012023333323278e-01,-3.195495794021873115e-01
4.993012023333331939e-01,-3.188320535659339705e-01
4.995012023333338380e-01,-3.181056349269258954e-01
4.997012023333338160e-01,-3.173703261091126437e-01
4.999012023333335719e-01,-3.166261301024944075e-01
5.001012023333331058e-01,-3.158730502634125581e-01
5.003012023333330838e-01,-3.151110903148099940e-01
5.005012023333335058e-01,-3.143402543464728360e-01
5.007012023333337059e-01,-3.135605468152430353e-01
5.009012023333332397e-01,-3.127719725452013377e-01
5.011012023333327736e-01,-3.119745367278242143e-01
5.013012023333340839e-01,-3.111682449221203628e-01
5.015012023333338398e-01,-3.103531030547649894e-01
5.017012023333331516e-01,-3.095291174201448836e-01
5.019012023333329076e-01,-3.086962946804349128e-01
5.021012023333331076e-01,-3.078546418656333827e-01
5.023012023333337517e-01,-3.070041663735632032e-01
5.025012023333326194e-01,-3.061448759698621735e-01
5.027012023333328194e-01,-3.052767787879018258e-01
5.029012023333330195e-01,-3.043998833287578920e-01
5.031012023333341077e-01,-3.035141984610801869e-01
5.033012023333340856e-01,-3.026197334209905776e-01
5.035012023333331754e-01,-3.017164978119056817e-01
5.037012023333324873e-01,-3.008045016043633946e-01
5.039012023333335755e-01,-2.998837551358189968e-01
5.041012023333335534e-01,-2.989542691104336014e-01
5.043012023333330873e-01,-2.980160545987766141e-01
5.045012023333332873e-01,-2.970691230375546166e-01
5.047012023333343755e-01,-2.961134862293000047e-01
5.049012023333336874e-01,-2.951491563420423070e-01
5.051012023333329992e-01,-2.941761459089031749e-01
5.053012023333323111e-01,-2.931944678277289551e-01
5.055012023333331772e-01,-2.922041353606534275e-01
5.057012023333338213e-01,-2.912051621336696483e-01
5.059012023333326891e-01,-2.901975621361358448e-01
5.061012023333331111e-01,-2.891813497202451733e-01
5.063012023333335332e-01,-2.881565396005429935e-01
5.065012023333341773e-01,-2.871231468533325115e-01
5.067012023333334891e-01,-2.860811869161050680e-01
5.069012023333332451e-01,-2.850306755868978748e-01
5.071012023333325569e-01,-2.839716290236827811e-01
5.073012023333332010e-01,-2.829040637436667227e-01
5.075012023333336231e-01,-2.818279966226254762e-01
5.077012023333331570e-01,-2.807434448941555916e-01
5.079012023333333570e-01,-2.796504261489130561e-01
5.081012023333337790e-01,-2.785489583338542907e-01
5.083012023333339791e-01,-2.774390597514163614e-01
5.085012023333332909e-01,-2.763207490586820358e-01
5.087012023333330468e-01,-2.751940452665019854e-01
5.089012023333330248e-01,-2.740589677386222056e-01
5.091012023333338909e-01,-2.729155361907508182e-01
5.093012023333332028e-01,-2.717637706896329775e-01
5.095012023333327367e-01,-2.706036916520330182e-01
5.097012023333333808e-01,-2.694353198437609564e-01
5.099012023333342469e-01,-2.682586763786473094e-01
5.101012023333337808e-01,-2.670737827174770596e-01
5.103012023333330927e-01,-2.658806606668852046e-01
5.105012023333324045e-01,-2.646793323782631324e-01
5.107012023333332706e-01,-2.634698203466038224e-01
5.109012023333336927e-01,-2.622521474093640337e-01
5.111012023333325605e-01,-2.610263367452392291e-01
5.113012023333329825e-01,-2.597924118729206810e-01
5.115012023333338487e-01,-2.585503966498947648e-01
5.117012023333340487e-01,-2.573003152711399455e-01
5.119012023333335826e-01,-2.560421922678128848e-01
5.121012023333328944e-01,-2.547760525059200032e-01
5.123012023333330944e-01,-2.535019211849544041e-01
5.125012023333335165e-01,-2.522198238365254697e-01
5.127012023333330504e-01,-2.509297863229348891e-01
5.129012023333332504e-01,-2.496318348357154937e-01
5.131012023333332284e-01,-2.483259958941944900e-01
5.133012023333343166e-01,-2.470122963439695674e-01
5.135012023333336284e-01,-2.456907633554273884e-01
5.137012023333331623e-01,-2.443614244221356813e-01
5.139012023333329182e-01,-2.430243073593124081e-01
5.141012023333328962e-01,-2.416794403022110571e-01
5.143012023333339844e-01,-2.403268517044858665e-01
5.145012023333328521e-01,-2.389665703365722593e-01
5.147012023333328301e-01,-2.375986252839308033e-01
5.149012023333336963e-01,-2.362230459454107145e-01
5.151012023333336742e-01,-2.348398620315030327e-01
5.153012023333340963e-01,-2.334491035625489430e-01
5.155012023333331861e-01,-2.320508008669986133e-01
5.157012023333324979e-01,-2.306449845795558451e-01
5.159012023333335861e-01,-2.292316856393647739e-01
5.161012023333335641e-01,-2.278109352881813043e-01
5.163012023333330980e-01,-2.263827650684281378e-01
5.165012023333330760e-01,-2.249472068213086151e-01
5.167012023333339421e-01,-2.235042926848734846e-01
5.169012023333336980e-01,-2.220540550920743206e-01
5.171012023333330099e-01,-2.205965267687404474e-01
5.173012023333327658e-01,-2.191317407315863108e-01
5.175012023333331879e-01,-2.176597302861814909e-01
5.177012023333336099e-01,-2.161805290248950406e-01
5.179012023333326997e-01,-2.146941708248093494e-01
5.181012023333324557e-01,-2.132006898455836019e-01
5.183012023333335438e-01,-2.117001205273572606e-01
5.185012023333341880e-01,-2.101924975886045044e-01
5.187012023333334998e-01,-2.086778560239315183e-01
5.189012023333332557e-01,-2.071562311018613212e-01
5.191012023333323455e-01,-2.056276583626530652e-01
5.193012023333336558e-01,-2.040921736160018485e-01
5.195012023333340778e-01,-2.025498129388466906e-01
5.197012023333329456e-01,-2.010006126730138343e-01
5.199012023333329235e-01,-1.994446094228960742e-01
5.201012023333342338e-01,-1.978818400531618948e-01
5.203012023333339897e-01,-1.963123416864019366e-01
5.205012023333333016e-01,-1.947361517006964970e-01
5.207012023333323913e-01,-1.931533077272524768e-01
5.209012023333328134e-01,-1.915638476479628594e-01
5.211012023333339016e-01,-1.899678095929947519e-01
5.213012023333327694e-01,-1.883652319383251339e-01
5.215012023333329694e-01,-1.867561533031889265e-01
5.217012023333333914e-01,-1.851406125476631193e-01
5.219012023333347017e-01,-1.835186487700932734e-01
5.221012023333337915e-01,-1.818903013045932437e-01
5.223012023333328813e-01,-1.802556097184104533e-01
5.225012023333326372e-01,-1.786146138093988034e-01
5.227012023333335033e-01,-1.769673536034072625e-01
5.229012023333337034e-01,-1.753138693516772539e-01
5.231012023333327932e-01,-1.736542015281756501e-01
5.233012023333329932e-01,-1.719883908269269068e-01
5.235012023333340814e-01,-1.703164781593829447e-01
5.237012023333345034e-01,-1.686385046517209774e-01
5.239012023333333712e-01,-1.669545116421196629e-01
5.241012023333329051e-01,-1.652645406780122728e-01
5.243012023333328830e-01,-1.635686335133902658e-01
5.245012023333339712e-01,-1.618668321060172111e-01
5.247012023333332831e-01,-1.601591786146910334e-01
5.249012023333332611e-01,-1.584457153963775289e-01
5.251012023333332390e-01,-1.567264850034759682e-01
5.253012023333343272e-01,-1.550015301809552493e-01
5.255012023333340831e-01,-1.532708938635636287e-01
5.257012023333329509e-01,-1.515346191729214087e-01
5.259012023333324848e-01,-1.497927494146706895e-01
5.261012023333331289e-01,-1.480453280756150736e-01
5.263012023333335510e-01,-1.462923988208322534e-01
5.265012023333326407e-01,-1.445340054907493510e-01
5.267012023333330628e-01,-1.427701920981927219e-01
5.269012023333339290e-01,-1.410010028255196390e-01
5.271012023333339069e-01,-1.392264820216451704e-01
5.273012023333334408e-01,-1.374466741990675867e-01
5.275012023333331967e-01,-1.356616240309116428e-01
5.277012023333327306e-01,-1.338713763479614238e-01
5.279012023333335968e-01,-1.320759761356408712e-01
5.281012023333333527e-01,-1.302754685310669736e-01
5.283012023333331086e-01,-1.284698988199688419e-01
5.285012023333328646e-01,-1.266593124337085374e-01
5.287012023333341748e-01,-1.248437549462243362e-01
5.289012023333341528e-01,-1.230232720710452005e-01
5.291012023333330205e-01,-1.211979096581723148e-01
5.293012023333327765e-01,-1.193677136910327452e-01
5.295012023333323103e-01,-1.175327302834569682e-01
5.297012023333338426e-01,-1.156930056765466258e-01
5.299012023333329324e-01,-1.138485862356835715e-01
5.301012023333329104e-01,-1.119995184473097510e-01
5.303012023333331104e-01,-1.101458489159383713e-01
5.305012023333341986e-01,-1.082876243610042810e-01
5.307012023333335105e-01,-1.064248916137988527e-01
5.309012023333332664e-01,-1.045576976142810893e-01
5.311012023333325782e-01,-1.026860894080326575e-01
5.313012023333334444e-01,-1.008101141430792630e-01
5.315012023333334223e-01,-9.892981906683182003e-02
5.317012023333329562e-01,-9.704525152288599743e-02
5.319012023333331562e-01,-9.515645894790807080e-02
5.321012023333340224e-01,-9.326348886851253128e-02
5.323012023333340004e-01,-9.136638889812652431e-02
5.325012023333326461e-01,-8.946520673381962163e-02
5.327012023333326241e-01,-8.755999015314018530e-02
5.329012023333330461e-01,-8.565078701103089054e-02
5.331012023333339123e-01,-8.373764523663825010e-02
5.333012023333325580e-01,-8.182061283019730069e-02
5.335012023333332021e-01,-7.989973785979065379e-02
5.337012023333336241e-01,-7.797506845832626043e-02
5.339012023333344903e-01,-7.604665282029886286e-02
5.341012023333335801e-01,-7.411453919869706586e-02
5.343012023333331140e-01,-7.217877590178596592e-02
5.345012023333326479e-01,-7.023941129002939099e-02
5.347012023333332920e-01,-6.829649377290621104e-02
5.349012023333334920e-01,-6.635007180580984598e-02
5.351012023333330259e-01,-6.440019388687223678e-02
5.353012023333332259e-01,-6.244690855382568212e-02
5.355012023333340920e-01,-6.049026438090060465e-02
5.357012023333340700e-01,-5.853030997570059929e-02
5.359012023333331598e-01,-5.656709397605015621e-02
5.361012023333329157e-01,-5.460066504687612066e-02
5.363012023333328937e-01,-5.263107187713143148e-02
5.365012023333337599e-01,-5.065836317665833172e-02
5.367012023333330717e-01,-4.868258767312946128e-02
5.369012023333326056e-01,-4.670379410888252786e-02
5.371012023333332497e-01,-4.472203123788471429e-02
5.373012023333343379e-01,-4.273734782265980331e-02
5.375012023333340938e-01,-4.074979263121396300e-02
5.377012023333331836e-01,-3.875941443393682989e-02
5.379012023333324954e-01,-3.676626200057100252e-02
5.381012023333331395e-01,-3.477038409716639439e-02
5.383012023333335616e-01,-3.277182948307406918e-02
5.385012023333328735e-01,-3.077064690788883922e-02
5.387012023333328514e-01,-2.876688510841422103e-02
5.389012023333341617e-01,-2.676059280569579452e-02
5.391012023333339176e-01,-2.475181870205433315e-02
5.393012023333336735e-01,-2.274061147802429114e-02
5.395012023333332074e-01,-2.072701978944744769e-02
5.397012023333327413e-01,-1.871109226449440416e-02
5.399012023333338295e-01,-1.669287750071275431e-02
5.401012023333329193e-01,-1.467242406216157438e-02
5.403012023333335634e-01,-1.264978047637212860e-02
5.405012023333330973e-01,-1.062499523158067297e-02
5.407012023333341855e-01,-8.598116773723973177e-03
5.409012023333334973e-01,-6.569193503681625135e-03
5.411012023333330312e-01,-4.538273774304012187e-03
5.413012023333327871e-01,-2.505405887645665783e-03
5.415012023333327651e-01,-4.706380921196198774e-04
5.417012023333336312e-01,1.565981420317982820e-03
5.419012023333327210e-01,3.604404516918605431e-03
5.421012023333331431e-01,5.644583127007872861e-03
5.423012023333335652e-01,7.686469244638215528e-03
5.425012023333337652e-01,9.730014931383656335e-03
5.427012023333335211e-01,1.177517231904756309e-02
5.429012023333332770e-01,1.382189361237049462e-02
5.431012023333325889e-01,1.587013109169526162e-02
5.433012023333336771e-01,1.791983711566533938e-02
5.435012023333336550e-01,1.997096412378603081e-02
5.437012023333334110e-01,2.202346463913631633e-02
5.439012023333331669e-01,2.407729127092401653e-02
5.441012023333340331e-01,2.613239671707980744e-02
5.443012023333337890e-01,2.818873376677143855e-02
5.445012023333328788e-01,3.024625530299962853e-02
5.447012023333330788e-01,3.230491430509845052e-02
5.449012023333330568e-01,3.436466385117822181e-02
5.451012023333337009e-01,3.642545712064854113e-02
5.453012023333325686e-01,3.848724739660334959e-02
5.455012023333327686e-01,4.054998806833302882e-02
5.457012023333334128e-01,4.261363263362118181e-02
5.459012023333345009e-01,4.467813470116589053e-02
5.461012023333340348e-01,4.674344799289621710e-02
5.463012023333331246e-01,4.880952634634575654e-02
5.465012023333322144e-01,5.087632371690932465e-02
5.467012023333330806e-01,5.294379418013291094e-02
5.469012023333335026e-01,5.501189193390235849e-02
5.471012023333332586e-01,5.708057130072195090e-02
5.473012023333332365e-01,5.914978672989547326e-02
5.475012023333343247e-01,6.121949279967736635e-02
5.477012023333336366e-01,6.328964421936955631e-02
5.479012023333331705e-01,6.536019583151858603e-02
5.481012023333329264e-01,6.743110261392387672e-02
5.483012023333329044e-01,6.950231968170977881e-02
5.485012023333339926e-01,7.157380228935747435e-02
5.487012023333328603e-01,7.364550583264556360e-02
5.489012023333330603e-01,7.571738585072945726e-02
5.491012023333332603e-01,7.778939802795456493e-02
5.493012023333345706e-01,7.986149819583693299e-02
5.495012023333341045e-01,8.193364233487186732e-02
5.497012023333331943e-01,8.400578657646359804e-02
5.499012023333327281e-01,8.607788720469095045e-02
5.501012023333333723e-01,8.814990065809322206e-02
5.503012023333333502e-01,9.022178353139853613e-02
5.505012023333331062e-01,9.229349257729384248e-02
5.507012023333333062e-01,9.436498470809284722e-02
5.509012023333339503e-01,9.643621699738430531e-02
5.511012023333341503e-01,9.850714668165486132e-02
5.513012023333336842e-01,1.005777311618984149e-01
5.515012023333332181e-01,1.026479280051789122e-01
5.517012023333327519e-01,1.047176949461416789e-01
5.519012023333338401e-01,1.067869898885317748e-01
5.521012023333333740e-01,1.088557709065911538e-01
5.523012023333331300e-01,1.109239962465860124e-01
5.525012023333331079e-01,1.129916243281327282e-01
5.527012023333341961e-01,1.150586137455868324e-01
5.529012023333339521e-01,1.171249232693265391e-01
5.531012023333330418e-01,1.191905118471130176e-01
5.533012023333325757e-01,1.212553386053214777e-01
5.535012023333329978e-01,1.233193628501553507e-01
5.537012023333334199e-01,1.253825440688284276e-01
5.539012023333327317e-01,1.274448419307333547e-01
5.541012023333333758e-01,1.295062162886004009e-01
5.543012023333340199e-01,1.315666271795078723e-01
5.545012023333339979e-01,1.336260348259793451e-01
5.547012023333335318e-01,1.356843996370009076e-01
5.549012023333335097e-01,1.377416822089995441e-01
5.551012023333325995e-01,1.397978433267580978e-01
5.553012023333336877e-01,1.418528439643914618e-01
5.555012023333332216e-01,1.439066452861103018e-01
5.557012023333336437e-01,1.459592086471871997e-01
5.559012023333329555e-01,1.480104955946517642e-01
5.561012023333340437e-01,1.500604678681531912e-01
5.563012023333340217e-01,1.521090874005811000e-01
5.565012023333331115e-01,1.541563163188516827e-01
5.567012023333326454e-01,1.562021169445456104e-01
5.569012023333324013e-01,1.582464517945035842e-01
5.571012023333334895e-01,1.602892835814420103e-01
5.573012023333330234e-01,1.623305752144491299e-01
5.575012023333330013e-01,1.643702897995899526e-01
5.577012023333332014e-01,1.664083906403116542e-01
5.579012023333338455e-01,1.684448412379124516e-01
5.581012023333338234e-01,1.704796052919294036e-01
5.583012023333331353e-01,1.725126467005326236e-01
5.585012023333324471e-01,1.745439295608540164e-01
5.587012023333330912e-01,1.765734181692842908e-01
5.589012023333332913e-01,1.786010770216958365e-01
5.591012023333332692e-01,1.806268708137193924e-01
5.593012023333336913e-01,1.826507644409167685e-01
5.595012023333338913e-01,1.846727229989163777e-01
5.597012023333340913e-01,1.866927117835518457e-01
5.599012023333331811e-01,1.887106962909213814e-01
5.601012023333327150e-01,1.907266422174721532e-01
5.603012023333329150e-01,1.927405154599704518e-01
5.605012023333335591e-01,1.947522821154838990e-01
5.607012023333330930e-01,1.967619084813107821e-01
5.609012023333335151e-01,1.987693610549322032e-01
5.611012023333334930e-01,2.007746065338094910e-01
5.613012023333343592e-01,2.027776118152775364e-01
5.615012023333336710e-01,2.047783439962767293e-01
5.617012023333332049e-01,2.067767703731945850e-01
5.619012023333327388e-01,2.087728584415312894e-01
5.621012023333331609e-01,2.107665758956232538e-01
5.623012023333335829e-01,2.127578906282717175e-01
5.625012023333331168e-01,2.147467707303843398e-01
5.627012023333335389e-01,2.167331844905902583e-01
5.629012023333339609e-01,2.187171003947428749e-01
5.631012023333341610e-01,2.206984871254746572e-01
5.633012023333336948e-01,2.226773135616746113e-01
5.635012023333330067e-01,2.246535487779542650e-01
5.637012023333323185e-01,2.266271620440569734e-01
5.639012023333336288e-01,2.285981228242655594e-01
5.641012023333331626e-01,2.305664007766827783e-01
5.643012023333331406e-01,2.325319657526688510e-01
5.645012023333331186e-01,2.344947877960465998e-01
5.647012023333344288e-01,2.364548371424020357e-01
5.649012023333339627e-01,2.384120842182497757e-01
5.651012023333332746e-01,2.403664996403148124e-01
5.653012023333325864e-01,2.423180542146373961e-01
5.655012023333327864e-01,2.442667189357238255e-01
5.657012023333332085e-01,2.462124649856244907e-01
5.659012023333327424e-01,2.481552637330151356e-01
5.661012023333331644e-01,2.500950867322683235e-01
5.663012023333340306e-01,2.520319057224136294e-01
5.665012023333342306e-01,2.539656926261325554e-01
5.667012023333335424e-01,2.558964195487228865e-01
5.669012023333330763e-01,2.578240587770253001e-01
5.671012023333321661e-01,2.597485827782856083e-01
5.673012023333336984e-01,2.616699641990688496e-01
5.675012023333332323e-01,2.635881758639919137e-01
5.677012023333340984e-01,2.655031907746759345e-01
5.679012023333331882e-01,2.674149821083902090e-01
5.681012023333340544e-01,2.693235232169317039e-01
5.683012023333338103e-01,2.712287876252262864e-01
5.685012023333331221e-01,2.731307490301241869e-01
5.687012023333328781e-01,2.750293812990429188e-01
5.689012023333326340e-01,2.769246584686009260e-01
5.691012023333332781e-01,2.788165547432668312e-01
5.693012023333330340e-01,2.807050444939192535e-01
5.695012023333332341e-01,2.825901022564765719e-01
5.697012023333336561e-01,2.844717027304023427e-01
5.699012023333340782e-01,2.863498207772465776e-01
5.701012023333333900e-01,2.882244314191402257e-01
5.703012023333335900e-01,2.900955098373135255e-01
5.705012023333324578e-01,2.919630313704848490e-01
5.707012023333328798e-01,2.938269715133837723e-01
5.709012023333333019e-01,2.956873059150769700e-01
5.711012023333335019e-01,2.975440103774142364e-01
5.713012023333337019e-01,2.993970608533934041e-01
5.715012023333339020e-01,3.012464334455064452e-01
5.717012023333341020e-01,3.030921044040738588e-01
5.719012023333329697e-01,3.049340501255461966e-01
5.721012023333329477e-01,3.067722471508443904e-01
5.723012023333324816e-01,3.086066721635647436e-01
5.725012023333335698e-01,3.104373019883072127e-01
5.727012023333331037e-01,3.122641135888343245e-01
5.729012023333330816e-01,3.140870840663908536e-01
5.731012023333335037e-01,3.159061906578440881e-01
5.733012023333345919e-01,3.177214107338960369e-01
5.735012023333339037e-01,3.195327217972320222e-01
5.737012023333334376e-01,3.213401014807472089e-01
5.739012023333320833e-01,3.231435275456217004e-01
5.741012023333329495e-01,3.249429778795211998e-01
5.743012023333335936e-01,3.267384304946261420e-01
5.745012023333331275e-01,3.285298635258006583e-01
5.747012023333335495e-01,3.303172552286984809e-01
5.749012023333344157e-01,3.321005839777954050e-01
5.751012023333335055e-01,3.338798282644646620e-01
5.753012023333330394e-01,3.356549666950915389e-01
5.755012023333323512e-01,3.374259779890551592e-01
5.757012023333325512e-01,3.391928409768084074e-01
5.759012023333336394e-01,3.409555345978815266e-01
5.761012023333329513e-01,3.427140378988877134e-01
5.763012023333333733e-01,3.444683300316072061e-01
5.765012023333333513e-01,3.462183902509035627e-01
5.767012023333344395e-01,3.479641979127853779e-01
5.769012023333339734e-01,3.497057324723331639e-01
5.771012023333332852e-01,3.514429734817536843e-01
5.773012023333328191e-01,3.531759005883161606e-01
5.775012023333330191e-01,3.549044935323320549e-01
5.777012023333332191e-01,3.566287321451140357e-01
5.779012023333334191e-01,3.583485963469560387e-01
5.781012023333336192e-01,3.600640661450876245e-01
5.783012023333338192e-01,3.617751216316328344e-01
5.785012023333340192e-01,3.634817429815644374e-01
5.787012023333331090e-01,3.651839104506494071e-01
5.789012023333328649e-01,3.668816043734343113e-01
5.791012023333321768e-01,3.685748051611492659e-01
5.793012023333332650e-01,3.702634932997105333e-01
5.795012023333336870e-01,3.719476493476059353e-01
5.797012023333336650e-01,3.736272539339094978e-01
5.799012023333334209e-01,3.753022877562128268e-01
5.801012023333340650e-01,3.769727315785887933e-01
5.803012023333340430e-01,3.786385662295215226e-01
5.805012023333331328e-01,3.802997725999003320e-01
5.807012023333328887e-01,3.819563316409904097e-01
5.809012023333326447e-01,3.836082243623687438e-01
5.811012023333335108e-01,3.852554318299316050e-01
5.813012023333328226e-01,3.868979351638285324e-01
5.815012023333336888e-01,3.885357155365280479e-01
5.817012023333336668e-01,3.901687541707148377e-01
5.819012023333340888e-01,3.917970323373658470e-01
5.821012023333336227e-01,3.934205313537044724e-01
5.823012023333333786e-01,3.950392325812557837e-01
5.825012023333324684e-01,3.966531174238342450e-01
5.827012023333331125e-01,3.982621673256163675e-01
5.829012023333330905e-01,3.998663637691212136e-01
5.831012023333339567e-01,4.014656882733280696e-01
5.833012023333332685e-01,4.030601223916777665e-01
5.835012023333339126e-01,4.046496477102186629e-01
5.837012023333336685e-01,4.062342458456093541e-01
5.839012023333332024e-01,4.078138984432799763e-01
5.841012023333329584e-01,4.093885871755161832e-01
5.843012023333324922e-01,4.109582937395781510e-01
5.845012023333335804e-01,4.125229998558616051e-01
5.847012023333335584e-01,4.140826872659961744e-01
5.849012023333330923e-01,4.156373377310719208e-01
5.851012023333332923e-01,4.171869330297984790e-01
5.853012023333339364e-01,4.187314549566866217e-01
5.855012023333336924e-01,4.202708853202640205e-01
5.857012023333330042e-01,4.218052059413264221e-01
5.859012023333320940e-01,4.233343986511686197e-01
5.861012023333329601e-01,4.248584452898636066e-01
5.863012023333333822e-01,4.263773277045002086e-01
5.865012023333335822e-01,4.278910277475334034e-01
5.867012023333335602e-01,4.293995272750847914e-01
5.869012023333337602e-01,4.309028081452860315e-01
5.871012023333335161e-01,4.324008522166268298e-01
5.873012023333326059e-01,4.338936413463461705e-01
5.875012023333328059e-01,4.353811573888431985e-01
5.877012023333327839e-01,4.368633821940619555e-01
5.879012023333334280e-01,4.383402976059732614e-01
5.881012023333331840e-01,4.398118854610054695e-01
5.883012023333333840e-01,4.412781275865722552e-01
5.885012023333333619e-01,4.427390057995456152e-01
5.887012023333342281e-01,4.441945019048194609e-01
5.889012023333337620e-01,4.456445976938280262e-01
5.891012023333332959e-01,4.470892749431791269e-01
5.893012023333321636e-01,4.485285154132183649e-01
5.895012023333332518e-01,4.499623008467027452e-01
5.897012023333336739e-01,4.513906129673866952e-01
5.899012023333336519e-01,4.528134334787697890e-01
5.901012023333336298e-01,4.542307440627832982e-01
5.903012023333340519e-01,4.556425263785232049e-01
5.905012023333338078e-01,4.570487620609980928e-01
5.907012023333331197e-01,4.584494327199400976e-01
5.909012023333328756e-01,4.598445199386121951e-01
5.911012023333321874e-01,4.612340052726371376e-01
5.913012023333334977e-01,4.626178702489001093e-01
5.915012023333332536e-01,4.639960963643863234e-01
5.917012023333336757e-01,4.653686650851880380e-01
5.919012023333332095e-01,4.667355578453954434e-01
5.921012023333342977e-01,4.680967560461360977e-01
5.923012023333336096e-01,4.694522410545231006e-01
5.925012023333331435e-01,4.708019942027751314e-01
5.927012023333324553e-01,4.721459967872385644e-01
5.929012023333328774e-01,4.734842300675211613e-01
5.931012023333332994e-01,4.748166752655994527e-01
5.933012023333330553e-01,4.761433135650035009e-01
5.935012023333336995e-01,4.774641261100263101e-01
5.937012023333338995e-01,4.787790940049198585e-01
5.939012023333340995e-01,4.800881983131818909e-01
5.941012023333334113e-01,4.813914200568313317e-01
5.943012023333329452e-01,4.826887402157504781e-01
5.945012023333324791e-01,4.839801397270186989e-01
5.947012023333337893e-01,4.852655994843235732e-01
5.949012023333331012e-01,4.865451003373291727e-01
5.951012023333339673e-01,4.878186230912125998e-01
5.953012023333332792e-01,4.890861485060606362e-01
5.955012023333337012e-01,4.903476572964635127e-01
5.957012023333336792e-01,4.916031301310060941e-01
5.959012023333327690e-01,4.928525476318834642e-01
5.961012023333327470e-01,4.940958903745252817e-01
5.963012023333327249e-01,4.953331388872158625e-01
5.965012023333333691e-01,4.965642736508054655e-01
5.967012023333331250e-01,4.977892750984024839e-01
5.969012023333335470e-01,4.990081236151600041e-01
5.971012023333335250e-01,5.002207995380232308e-01
5.973012023333339471e-01,5.014272831555780519e-01
5.975012023333337030e-01,5.026275547078791206e-01
5.977012023333332369e-01,5.038215943863579849e-01
5.979012023333323267e-01,5.050093823337294952e-01
5.981012023333331928e-01,5.061908986439653813e-01
5.983012023333336149e-01,5.073661233622428490e-01
5.985012023333338149e-01,5.085350364850071969e-01
5.987012023333331268e-01,5.096976179600078982e-01
5.989012023333339929e-01,5.108538476864153965e-01
5.991012023333335268e-01,5.120037055148936034e-01
5.993012023333330607e-01,5.131471712478160585e-01
5.995012023333328166e-01,5.142842246394291328e-01
5.997012023333327946e-01,5.154148453960807341e-01
5.999012023333336607e-01,5.165390131764888704e-01
6.001012023333331946e-01,5.176567075920155414e-01
6.003012023333331726e-01,5.187679082070344450e-01
6.005012023333331506e-01,5.198725945392574932e-01
6.007012023333342388e-01,5.209707460601523676e-01
6.009012023333335506e-01,5.220623421953425325e-01
6.011012023333333065e-01,5.231473623251186034e-01
6.013012023333323963e-01,5.242257857848908742e-01
6.015012023333330404e-01,5.252975918657533105e-01
6.017012023333332404e-01,5.263627598150071307e-01
6.019012023333332184e-01,5.274212688367924118e-01
6.021012023333334184e-01,5.284730980927043742e-01
6.023012023333338405e-01,5.295182267024536316e-01
6.025012023333333744e-01,5.305566337445564162e-01
6.027012023333329083e-01,5.315882982570783177e-01
6.029012023333324422e-01,5.326131992383780211e-01
6.031012023333328642e-01,5.336313156479093323e-01
6.033012023333339524e-01,5.346426264070318624e-01
6.035012023333330422e-01,5.356471103998633465e-01
6.037012023333336863e-01,5.366447464742073459e-01
6.039012023333336643e-01,5.376355134424116722e-01
6.041012023333343084e-01,5.386193900823653680e-01
6.043012023333336202e-01,5.395963551384446166e-01
6.045012023333329321e-01,5.405663873225559080e-01
6.047012023333329100e-01,5.415294653151592197e-01
6.049012023333331101e-01,5.424855677663369402e-01
6.051012023333335321e-01,5.434346732969028704e-01
6.053012023333332881e-01,5.443767604995285447e-01
6.055012023333337101e-01,5.453118079399181806e-01
6.057012023333336881e-01,5.462397941579770766e-01
6.059012023333341102e-01,5.471606976690526203e-01
6.061012023333329779e-01,5.480744969651574205e-01
6.063012023333329559e-01,5.489811705162828126e-01
6.065012023333324898e-01,5.498806967716604044e-01
6.067012023333335780e-01,5.507730541611309816e-01
6.069012023333331118e-01,5.516582210964637856e-01
6.071012023333330898e-01,5.525361759727905886e-01
6.073012023333335119e-01,5.534068971699863670e-01
6.075012023333341560e-01,5.542703630541163662e-01
6.077012023333339119e-01,5.551265519789025937e-01
6.079012023333330017e-01,5.559754422872218438e-01
6.081012023333327576e-01,5.568170123126255922e-01
6.083012023333329577e-01,5.576512403808688845e-01
6.085012023333336018e-01,5.584781048114861868e-01
6.087012023333329136e-01,5.592975839193762289e-01
6.089012023333331136e-01,5.601096560164393612e-01
6.091012023333337577e-01,5.609142994131934845e-01
6.093012023333335136e-01,5.617114924204412718e-01
6.095012023333334916e-01,5.625012133509710299e-01
6.097012023333332476e-01,5.632834405212505668e-01
6.099012023333325594e-01,5.640581522531622483e-01
6.101012023333334255e-01,5.648253268757664758e-01
6.103012023333331815e-01,5.655849427270465135e-01
6.105012023333340476e-01,5.663369781557430205e-01
6.107012023333331374e-01,5.670814115231290753e-01
6.109012023333340036e-01,5.678182212048923372e-01
6.111012023333337595e-01,5.685473855929396025e-01
6.113012023333328493e-01,5.692688830973111624e-01
6.115012023333326052e-01,5.699826921480647401e-01
6.117012023333325832e-01,5.706887911971768590e-01
6.119012023333336714e-01,5.713871587204877311e-01
6.121012023333332053e-01,5.720777732196306031e-01
6.123012023333331832e-01,5.727606132240270487e-01
6.125012023333333833e-01,5.734356572928454021e-01
6.127012023333335833e-01,5.741028840170081526e-01
6.129012023333337833e-01,5.747622720212065550e-01
6.131012023333330951e-01,5.754137999659287850e-01
6.133012023333324070e-01,5.760574465495139629e-01
6.135012023333334952e-01,5.766931905102092859e-01
6.137012023333332511e-01,5.773210106282268272e-01
6.139012023333336732e-01,5.779408857278630629e-01
6.141012023333334291e-01,5.785527946795747667e-01
6.143012023333336291e-01,5.791567164021111935e-01
6.145012023333336071e-01,5.797526298646281662e-01
6.147012023333329189e-01,5.803405140888333591e-01
6.149012023333328969e-01,5.809203481511424627e-01
6.151012023333328749e-01,5.814921111848279089e-01
6.153012023333335190e-01,5.820557823822024579e-01
6.155012023333332749e-01,5.826113409967910162e-01
6.157012023333332529e-01,5.831587663455375381e-01
6.159012023333336749e-01,5.836980378109951628e-01
6.161012023333340970e-01,5.842291348435395548e-01
6.163012023333340750e-01,5.847520369635876847e-01
6.165012023333331648e-01,5.852667237638253805e-01
6.167012023333324766e-01,5.857731749114454267e-01
6.169012023333331207e-01,5.862713701503854402e-01
6.171012023333335428e-01,5.867612893035684118e-01
6.173012023333335208e-01,5.872429122751673392e-01
6.175012023333334987e-01,5.877162190528619767e-01
6.177012023333339208e-01,5.881811897101048014e-01
6.179012023333336767e-01,5.886378044083845351e-01
6.181012023333332106e-01,5.890860433995086520e-01
6.183012023333327445e-01,5.895258870278773378e-01
6.185012023333325004e-01,5.899573157327657746e-01
6.187012023333338107e-01,5.903803100506109791e-01
6.189012023333331225e-01,5.907948506172848724e-01
6.191012023333335446e-01,5.912009181704092065e-01
6.193012023333330784e-01,5.915984935516236387e-01
6.195012023333341666e-01,5.919875577088933305e-01
6.197012023333337005e-01,5.923680916987866807e-01
6.199012023333330124e-01,5.927400766887861439e-01
6.201012023333323242e-01,5.931034939595699607e-01
6.203012023333331904e-01,5.934583249073135391e-01
6.205012023333333904e-01,5.938045510459689647e-01
6.207012023333331463e-01,5.941421540095698228e-01
6.209012023333331243e-01,5.944711155545165937e-01
6.211012023333335463e-01,5.947914175618606025e-01
6.213012023333335243e-01,5.951030420395898579e-01
6.215012023333335023e-01,5.954059711249160003e-01
6.217012023333330362e-01,5.957001870865468174e-01
6.219012023333327921e-01,5.959856723269658652e-01
6.221012023333336582e-01,5.962624093847026518e-01
6.223012023333331921e-01,5.965303809365927190e-01
6.225012023333338362e-01,5.967895698000525995e-01
6.227012023333331481e-01,5.970399589353228009e-01
6.229012023333337922e-01,5.972815314477293303e-01
6.231012023333337702e-01,5.975142705899203488e-01
6.233012023333330820e-01,5.977381597641093780e-01
6.235012023333326159e-01,5.979531825243081800e-01
6.237012023333328159e-01,5.981593225785493129e-01
6.239012023333332380e-01,5.983565637911024693e-01
6.241012023333329939e-01,5.985448901846851522e-01
6.243012023333336380e-01,5.987242859426685770e-01
6.245012023333338380e-01,5.988947354112623689e-01
6.247012023333338160e-01,5.990562231017065864e-01
6.249012023333335719e-01,5.992087336924415419e-01
6.251012023333331058e-01,5.993522520312772883e-01
6.253012023333326397e-01,5.994867631375473405e-01
6.255012023333332838e-01,5.996122522042565128e-01
6.257012023333332618e-01,5.997287046002114375e-01
6.259012023333336838e-01,5.998361058721515260e-01
6.261012023333329957e-01,5.999344417468579493e-01
6.263012023333340839e-01,6.000236981332606190e-01
6.265012023333338398e-01,6.001038611245219645e-01
6.267012023333329296e-01,6.001749170001231537e-01
6.269012023333329076e-01,6.002368522279264429e-01
6.271012023333328855e-01,6.002896534662300887e-01
6.273012023333337517e-01,6.003333075658108253e-01
6.275012023333332856e-01,6.003678015719502437e-01
6.277012023333332635e-01,6.003931227264521775e-01
6.279012023333330195e-01,6.004092584696438806e-01
6.281012023333341077e-01,6.004161964423623266e-01
6.283012023333340856e-01,6.004139244879307391e-01
6.285012023333329534e-01,6.004024306541166922e-01
6.287012023333324873e-01,6.003817031950769989e-01
6.289012023333331314e-01,6.003517305732886111e-01
6.291012023333335534e-01,6.003125014614646426e-01
6.293012023333335314e-01,6.002640047444558480e-01
6.295012023333332873e-01,6.002062295211325615e-01
6.297012023333339314e-01,6.001391651062563115e-01
6.299012023333336874e-01,6.000628010323344474e-01
6.301012023333329992e-01,5.999771270514560051e-01
6.303012023333323111e-01,5.998821331371153587e-01
6.305012023333329552e-01,5.997778094860145570e-01
6.307012023333335993e-01,5.996641465198558896e-01
6.309012023333331332e-01,5.995411348871128032e-01
6.311012023333335552e-01,5.994087654647837216e-01
6.313012023333335332e-01,5.992670293601327636e-01
6.315012023333335112e-01,5.991159179124090350e-01
6.317012023333334891e-01,5.989554226945519311e-01
6.319012023333330230e-01,5.987855355148783421e-01
6.321012023333325569e-01,5.986062484187490984e-01
6.323012023333332010e-01,5.984175536902209824e-01
6.325012023333336231e-01,5.982194438536839742e-01
6.327012023333333790e-01,5.980119116754722963e-01
6.329012023333335790e-01,5.977949501654615805e-01
6.331012023333337790e-01,5.975685525786519348e-01
6.333012023333339791e-01,5.973327124167261415e-01
6.335012023333330689e-01,5.970874234295936445e-01
6.337012023333330468e-01,5.968326796169109993e-01
6.339012023333325807e-01,5.965684752295931093e-01
6.341012023333336689e-01,5.962948047712942623e-01
6.343012023333336469e-01,5.960116629998841731e-01
6.345012023333336248e-01,5.957190449288880529e-01
6.347012023333333808e-01,5.954169458289233496e-01
6.349012023333342469e-01,5.951053612291069550e-01
6.351012023333337808e-01,5.947842869184551962e-01
6.353012023333330927e-01,5.944537189472476335e-01
6.355012023333324045e-01,5.941136536283866398e-01
6.357012023333332706e-01,5.937640875387300010e-01
6.359012023333336927e-01,5.934050175204141908e-01
6.361012023333327825e-01,5.930364406821458934e-01
6.363012023333334266e-01,5.926583544004704329e-01
6.365012023333338487e-01,5.922707563210487525e-01
6.367012023333336046e-01,5.918736443598844321e-01
6.369012023333335826e-01,5.914670167045422700e-01
6.371012023333328944e-01,5.910508718153556496e-01
6.373012023333328724e-01,5.906252084265997127e-01
6.375012023333335165e-01,5.901900255476584256e-01
6.377012023333330504e-01,5.897453224641697744e-01
6.379012023333339165e-01,5.892910987391345445e-01
6.381012023333332284e-01,5.888273542140410877e-01
6.383012023333340945e-01,5.883540890099238085e-01
6.385012023333336284e-01,5.878713035284572896e-01
6.387012023333327182e-01,5.873789984529754760e-01
6.389012023333326962e-01,5.868771747495087343e-01
6.391012023333328962e-01,5.863658336677953775e-01
6.393012023333335403e-01,5.858449767422626575e-01
6.395012023333330742e-01,5.853146057930022073e-01
6.397012023333332742e-01,5.847747229267059588e-01
6.399012023333336963e-01,5.842253305376098327e-01
6.401012023333336742e-01,5.836664313084025668e-01
6.403012023333334302e-01,5.830980282111103419e-01
6.405012023333329640e-01,5.825201245079774104e-01
6.407012023333324979e-01,5.819327237523146401e-01
6.409012023333331420e-01,5.813358297893358451e-01
6.411012023333335641e-01,5.807294467569820151e-01
6.413012023333337641e-01,5.801135790867091302e-01
6.415012023333335200e-01,5.794882315042695353e-01
6.417012023333334980e-01,5.788534090304707780e-01
6.419012023333336980e-01,5.782091169819197907e-01
6.421012023333327878e-01,5.775553609717493098e-01
6.423012023333323217e-01,5.768921469103083233e-01
6.425012023333329658e-01,5.762194810058591798e-01
6.427012023333333879e-01,5.755373697652503839e-01
6.429012023333333659e-01,5.748458199945545299e-01
6.431012023333331218e-01,5.741448387997023506e-01
6.433012023333335438e-01,5.734344335870943388e-01
6.435012023333341880e-01,5.727146120642021554e-01
6.437012023333334998e-01,5.719853822401461674e-01
6.439012023333330337e-01,5.712467524262376806e-01
6.441012023333323455e-01,5.704987312365393803e-01
6.443012023333332117e-01,5.697413275883735917e-01
6.445012023333334117e-01,5.689745507028509675e-01
6.447012023333333897e-01,5.681984101053327851e-01
6.449012023333333676e-01,5.674129156259141160e-01
6.451012023333342338e-01,5.666180773998725773e-01
6.453012023333337677e-01,5.658139058681193045e-01
6.455012023333333016e-01,5.650004117775911938e-01
6.457012023333321693e-01,5.641776061816757837e-01
6.459012023333325914e-01,5.633455004405746314e-01
6.461012023333336796e-01,5.625041062216942223e-01
6.463012023333332134e-01,5.616534354999936918e-01
6.465012023333336355e-01,5.607935005582889154e-01
6.467012023333333914e-01,5.599243139876088904e-01
6.469012023333344796e-01,5.590458886874629663e-01
6.471012023333335694e-01,5.581582378661631427e-01
6.473012023333328813e-01,5.572613750410441158e-01
6.475012023333326372e-01,5.563553140387489382e-01
6.477012023333332813e-01,5.554400689954507309e-01
6.479012023333337034e-01,5.545156543570831653e-01
6.481012023333332372e-01,5.535820848795308668e-01
6.483012023333336593e-01,5.526393756288083825e-01
6.485012023333340814e-01,5.516875419812536929e-01
6.487012023333338373e-01,5.507265996236687666e-01
6.489012023333333712e-01,5.497565645534561174e-01
6.491012023333329051e-01,5.487774530787457028e-01
6.493012023333324390e-01,5.477892818185036150e-01
6.495012023333335272e-01,5.467920677026156806e-01
6.497012023333332831e-01,5.457858279719925987e-01
6.499012023333339272e-01,5.447705801785841517e-01
6.501012023333336831e-01,5.437463421854706880e-01
6.503012023333341052e-01,5.427131321668550168e-01
6.505012023333340831e-01,5.416709686081100372e-01
6.507012023333329509e-01,5.406198703057617516e-01
6.509012023333324848e-01,5.395598563674641746e-01
6.511012023333329068e-01,5.384909462119901180e-01
6.513012023333335510e-01,5.374131595691833407e-01
6.515012023333330848e-01,5.363265164798971529e-01
6.517012023333335069e-01,5.352310372958986040e-01
6.519012023333339290e-01,5.341267426798128604e-01
6.521012023333336849e-01,5.330136536050027463e-01
6.523012023333334408e-01,5.318917913554427335e-01
6.525012023333331967e-01,5.307611775255981490e-01
6.527012023333325086e-01,5.296218340202765162e-01
6.529012023333333747e-01,5.284737830544466997e-01
6.531012023333333527e-01,5.273170471531047898e-01
6.533012023333339968e-01,5.261516491510320748e-01
6.535012023333333087e-01,5.249776121926349459e-01
6.537012023333339528e-01,5.237949597316776673e-01
6.539012023333337087e-01,5.226037155311017424e-01
6.541012023333327985e-01,5.214039036627388102e-01
6.543012023333327765e-01,5.201955485070512974e-01
6.545012023333323103e-01,5.189786747528826183e-01
6.547012023333338426e-01,5.177533073971274380e-01
6.549012023333331545e-01,5.165194717444878680e-01
6.551012023333335765e-01,5.152771934070701221e-01
6.553012023333331104e-01,5.140264983041307190e-01
6.555012023333337545e-01,5.127674126616696970e-01
6.557012023333335105e-01,5.114999630121219720e-01
6.559012023333330443e-01,5.102241761939393383e-01
6.561012023333325782e-01,5.089400793512214305e-01
6.563012023333332223e-01,5.076476999333050522e-01
6.565012023333334223e-01,5.063470656943674930e-01
6.567012023333336224e-01,5.050382046929700053e-01
6.569012023333333783e-01,5.037211452916269261e-01
6.571012023333340224e-01,5.023959161563327225e-01
6.573012023333335563e-01,5.010625462561216770e-01
6.575012023333326461e-01,4.997210648625404206e-01
6.577012023333324020e-01,4.983715015491640976e-01
6.579012023333330461e-01,4.970138861910878836e-01
6.581012023333336902e-01,4.956482489644008504e-01
6.583012023333330021e-01,4.942746203456401810e-01
6.585012023333340903e-01,4.928930311111974771e-01
6.587012023333334021e-01,4.915035123368269865e-01
6.589012023333338242e-01,4.901060953969680889e-01
6.591012023333335801e-01,4.887008119642237691e-01
6.593012023333328919e-01,4.872876940087010889e-01
6.595012023333326479e-01,4.858667737973921819e-01
6.597012023333332920e-01,4.844380838935406497e-01
6.599012023333334920e-01,4.830016571559944683e-01
6.601012023333336920e-01,4.815575267385113767e-01
6.603012023333338920e-01,4.801057260890880807e-01
6.605012023333340920e-01,4.786462889492607564e-01
6.607012023333336259e-01,4.771792493533931756e-01
6.609012023333329378e-01,4.757046416279379075e-01
6.611012023333329157e-01,4.742225003906988534e-01
6.613012023333324496e-01,4.727328605500894509e-01
6.615012023333335378e-01,4.712357573043260972e-01
6.617012023333330717e-01,4.697312261407020628e-01
6.619012023333334938e-01,4.682193028347055863e-01
6.621012023333336938e-01,4.667000234492731936e-01
6.623012023333338938e-01,4.651734243339225583e-01
6.625012023333336497e-01,4.636395421239203340e-01
6.627012023333327395e-01,4.620984137394166247e-01
6.629012023333324954e-01,4.605500763845567502e-01
6.631012023333331395e-01,4.589945675466133856e-01
6.633012023333335616e-01,4.574319249950791755e-01
6.635012023333328735e-01,4.558621867807370331e-01
6.637012023333335176e-01,4.542853912346955236e-01
6.639012023333339396e-01,4.527015769674965218e-01
6.641012023333339176e-01,4.511107828681051313e-01
6.643012023333336735e-01,4.495130481029327996e-01
6.645012023333327633e-01,4.479084121148485531e-01
6.647012023333322972e-01,4.462969146221456018e-01
6.649012023333336074e-01,4.446785956175222099e-01
6.651012023333329193e-01,4.430534953670787202e-01
6.653012023333342295e-01,4.414216544091491556e-01
6.655012023333330973e-01,4.397831135533585845e-01
6.657012023333339634e-01,4.381379138793832229e-01
6.659012023333334973e-01,4.364860967359784905e-01
6.661012023333325871e-01,4.348277037397528799e-01
6.663012023333325651e-01,4.331627767740556800e-01
6.665012023333327651e-01,4.314913579878371097e-01
6.667012023333336312e-01,4.298134897944461130e-01
6.669012023333331651e-01,4.281292148704671785e-01
6.671012023333335872e-01,4.264385761544542408e-01
6.673012023333335652e-01,4.247416168457691654e-01
6.675012023333337652e-01,4.230383804032909478e-01
6.677012023333335211e-01,4.213289105441836435e-01
6.679012023333330550e-01,4.196132512425994054e-01
6.681012023333325889e-01,4.178914467283903478e-01
6.683012023333332330e-01,4.161635414857891568e-01
6.685012023333334330e-01,4.144295802521085759e-01
6.687012023333340771e-01,4.126896080163513503e-01
6.689012023333336110e-01,4.109436700178868418e-01
6.691012023333338110e-01,4.091918117450176751e-01
6.693012023333335669e-01,4.074340789336339808e-01
6.695012023333328788e-01,4.056705175657600027e-01
6.697012023333324127e-01,4.039011738681214658e-01
6.699012023333326127e-01,4.021260943106989560e-01
6.701012023333337009e-01,4.003453256052553755e-01
6.703012023333332348e-01,3.985589147038672841e-01
6.705012023333336568e-01,3.967669087973481057e-01
6.707012023333334128e-01,3.949693553138001745e-01
6.709012023333345009e-01,3.931663019170006379e-01
6.711012023333335907e-01,3.913577965049176433e-01
6.713012023333331246e-01,3.895438872080265180e-01
6.715012023333324365e-01,3.877246223877875986e-01
6.717012023333330806e-01,3.859000506349781201e-01
6.719012023333335026e-01,3.840702207681002678e-01
6.721012023333337027e-01,3.822351818316800931e-01
6.723012023333336806e-01,3.803949830946048438e-01
6.725012023333341027e-01,3.785496740484183831e-01
6.727012023333334145e-01,3.766993044056337614e-01
6.729012023333327264e-01,3.748439240979511422e-01
6.731012023333324823e-01,3.729835832745349022e-01
6.733012023333329044e-01,3.711183323002346102e-01
6.735012023333335485e-01,3.692482217537969014e-01
6.737012023333330824e-01,3.673733024260532054e-01
6.739012023333335044e-01,3.654936253180490202e-01
6.741012023333337044e-01,3.636092416392499582e-01
6.743012023333345706e-01,3.617202028056242802e-01
6.745012023333336604e-01,3.598265604377989257e-01
6.747012023333327502e-01,3.579283663590785980e-01
6.749012023333325061e-01,3.560256725935632138e-01
6.751012023333331502e-01,3.541185313641910248e-01
6.753012023333335723e-01,3.522069950907752989e-01
6.755012023333331062e-01,3.502911163879967593e-01
6.757012023333337503e-01,3.483709480633700450e-01
6.759012023333335062e-01,3.464465431152773389e-01
6.761012023333339283e-01,3.445179547308429568e-01
6.763012023333330180e-01,3.425852362839310050e-01
6.765012023333327740e-01,3.406484413329806671e-01
6.767012023333323079e-01,3.387076236189603407e-01
6.769012023333333961e-01,3.367628370631819967e-01
6.771012023333333740e-01,3.348141357652179573e-01
6.773012023333337961e-01,3.328615740006434787e-01
6.775012023333337741e-01,3.309052062189096755e-01
6.777012023333339741e-01,3.289450870410904337e-01
6.779012023333335080e-01,3.269812712576802838e-01
6.781012023333330418e-01,3.250138138263101162e-01
6.783012023333323537e-01,3.230427698694972038e-01
6.785012023333327758e-01,3.210681946723273894e-01
6.787012023333334199e-01,3.190901436801778512e-01
6.789012023333331758e-01,3.171086724963633752e-01
6.791012023333338199e-01,3.151238368797503187e-01
6.793012023333340199e-01,3.131356927424419068e-01
6.795012023333337758e-01,3.111442961473394053e-01
6.797012023333333097e-01,3.091497033057374888e-01
6.799012023333332877e-01,3.071519705748875229e-01
6.801012023333325995e-01,3.051511544555645661e-01
6.803012023333332436e-01,3.031473115895440551e-01
6.805012023333332216e-01,3.011404987571769665e-01
6.807012023333340878e-01,2.991307728748004990e-01
6.809012023333331776e-01,2.971181909922810949e-01
6.811012023333340437e-01,2.951028102903552330e-01
6.813012023333342437e-01,2.930846880781783348e-01
6.815012023333324453e-01,2.910638817906601172e-01
6.817012023333324233e-01,2.890404489858101611e-01
6.819012023333324013e-01,2.870144473422141518e-01
6.821012023333334895e-01,2.849859346562960694e-01
6.823012023333332454e-01,2.829549688397121621e-01
6.825012023333336675e-01,2.809216079165797186e-01
6.827012023333332014e-01,2.788859100208491704e-01
6.829012023333338455e-01,2.768479333935031095e-01
6.831012023333338234e-01,2.748077363798834272e-01
6.833012023333329132e-01,2.727653774268711806e-01
6.835012023333324471e-01,2.707209150801025976e-01
6.837012023333328692e-01,2.686744079811895225e-01
6.839012023333335133e-01,2.666259148649016697e-01
6.841012023333334913e-01,2.645754945563163485e-01
6.843012023333336913e-01,2.625232059679412089e-01
6.845012023333338913e-01,2.604691080968671857e-01
6.847012023333340913e-01,2.584132600218618236e-01
6.849012023333322929e-01,2.563557209004798665e-01
6.851012023333324930e-01,2.542965499660527207e-01
6.853012023333329150e-01,2.522358065248634373e-01
6.855012023333331150e-01,2.501735499531096418e-01
6.857012023333330930e-01,2.481098396939317996e-01
6.859012023333335151e-01,2.460447352544151145e-01
6.861012023333334930e-01,2.439782962025969781e-01
6.863012023333343592e-01,2.419105821643976473e-01
6.865012023333336710e-01,2.398416528206364640e-01
6.867012023333329829e-01,2.377715679038875374e-01
6.869012023333322947e-01,2.357003871954587160e-01
6.871012023333331609e-01,2.336281705222651994e-01
6.873012023333338050e-01,2.315549777537696252e-01
6.875012023333331168e-01,2.294808687988161844e-01
6.877012023333337609e-01,2.274059036024574376e-01
6.879012023333339609e-01,2.253301421428849927e-01
6.881012023333341610e-01,2.232536444281899846e-01
6.883012023333330287e-01,2.211764704932212833e-01
6.885012023333325626e-01,2.190986803963336227e-01
6.887012023333323185e-01,2.170203342162358440e-01
6.889012023333336288e-01,2.149414920487214553e-01
6.891012023333329406e-01,2.128622140034982513e-01
6.893012023333333627e-01,2.107825602008168431e-01
6.895012023333331186e-01,2.087025907683248138e-01
6.897012023333344288e-01,2.066223658376972749e-01
6.899012023333335186e-01,2.045419455414506649e-01
6.901012023333328305e-01,2.024613900095130203e-01
6.903012023333323643e-01,2.003807593660013597e-01
6.905012023333330085e-01,1.983001137258609270e-01
6.907012023333334305e-01,1.962195131915610014e-01
6.909012023333327424e-01,1.941390178497201247e-01
6.911012023333336085e-01,1.920586877677155635e-01
6.913012023333340306e-01,1.899785829904003243e-01
6.915012023333340085e-01,1.878987635366555775e-01
6.917012023333330983e-01,1.858192893960279868e-01
6.919012023333328543e-01,1.837402205253070853e-01
6.921012023333326102e-01,1.816616168451621327e-01
6.923012023333336984e-01,1.795835382366841315e-01
6.925012023333330102e-01,1.775060445380275964e-01
6.927012023333343205e-01,1.754291955408622539e-01
6.929012023333334103e-01,1.733530509870882530e-01
6.931012023333340544e-01,1.712776705652223064e-01
6.933012023333338103e-01,1.692031139070921397e-01
6.935012023333329001e-01,1.671294405842833064e-01
6.937012023333322119e-01,1.650567101046932217e-01
6.939012023333326340e-01,1.629849819090642971e-01
6.941012023333335001e-01,1.609143153675223759e-01
6.943012023333332561e-01,1.588447697760848043e-01
6.945012023333336781e-01,1.567764043531289231e-01
6.947012023333336561e-01,1.547092782359615337e-01
6.949012023333340782e-01,1.526434504772717915e-01
6.951012023333333900e-01,1.505789800416755253e-01
6.953012023333333680e-01,1.485159258021493678e-01
6.955012023333324578e-01,1.464543465365932828e-01
6.957012023333331019e-01,1.443943009242427411e-01
6.959012023333333019e-01,1.423358475422434044e-01
6.961012023333335019e-01,1.402790448620650499e-01
6.963012023333332579e-01,1.382239512460197162e-01
6.965012023333339020e-01,1.361706249437156790e-01
6.967012023333341020e-01,1.341191240885860614e-01
6.969012023333327477e-01,1.320695066943394780e-01
6.971012023333325036e-01,1.300218306514056288e-01
6.973012023333324816e-01,1.279761537234919422e-01
6.975012023333337918e-01,1.259325335440098503e-01
6.977012023333331037e-01,1.238910276126241189e-01
6.979012023333333037e-01,1.218516932916302170e-01
6.981012023333332817e-01,1.198145878025458494e-01
6.983012023333343699e-01,1.177797682225367182e-01
6.985012023333339037e-01,1.157472914809743458e-01
6.987012023333332156e-01,1.137172143558520532e-01
6.989012023333323054e-01,1.116895934703394933e-01
6.991012023333329495e-01,1.096644852892559308e-01
6.993012023333335936e-01,1.076419461156310348e-01
6.995012023333331275e-01,1.056220320871814750e-01
6.997012023333335495e-01,1.036047991728037687e-01
6.999012023333341936e-01,1.015903031691579028e-01
7.001012023333335055e-01,9.957859969718244053e-02
7.003012023333328173e-01,9.756974419859477943e-02
7.005012023333323512e-01,9.556379193247784010e-02
7.007012023333325512e-01,9.356079797182048630e-02
7.009012023333336394e-01,9.156081720008354963e-02
7.011012023333327292e-01,8.956390430779964662e-02
7.013012023333333733e-01,8.757011378905665833e-02
7.015012023333333513e-01,8.557949993820809786e-02
7.017012023333344395e-01,8.359211684637542217e-02
7.019012023333337513e-01,8.160801839814164904e-02
7.021012023333332852e-01,7.962725826807684482e-02
7.023012023333323750e-01,7.764988991744359303e-02
7.025012023333330191e-01,7.567596659078620891e-02
7.027012023333336632e-01,7.370554131264651920e-02
7.029012023333331971e-01,7.173866688419114346e-02
7.031012023333336192e-01,6.977539587986489322e-02
7.033012023333338192e-01,6.781578064414439666e-02
7.035012023333342412e-01,6.585987328819983833e-02
7.037012023333331090e-01,6.390772568665169240e-02
7.039012023333330870e-01,6.195938947424217691e-02
7.041012023333323988e-01,6.001491604267160385e-02
7.043012023333337090e-01,5.807435653727860414e-02
7.045012023333332429e-01,5.613776185392788803e-02
7.047012023333336650e-01,5.420518263568305239e-02
7.049012023333336430e-01,5.227666926972369260e-02
7.051012023333340650e-01,5.035227188411714461e-02
7.053012023333340430e-01,4.843204034470746655e-02
7.055012023333331328e-01,4.651602425196238455e-02
7.057012023333322226e-01,4.460427293785104719e-02
7.059012023333326447e-01,4.269683546275920838e-02
7.061012023333335108e-01,4.079376061243895901e-02
7.063012023333326006e-01,3.889509689494550365e-02
7.065012023333336888e-01,3.700089253753216512e-02
7.067012023333341109e-01,3.511119548375521426e-02
7.069012023333340888e-01,3.322605339039141903e-02
7.071012023333331786e-01,3.134551362450031797e-02
7.073012023333331566e-01,2.946962326044723704e-02
7.075012023333324684e-01,2.759842907702834275e-02
7.077012023333331125e-01,2.573197755450094826e-02
7.079012023333328685e-01,2.387031487177469768e-02
7.081012023333339567e-01,2.201348690347288556e-02
7.083012023333334906e-01,2.016153921718718406e-02
7.085012023333339126e-01,1.831451707057064199e-02
7.087012023333338906e-01,1.647246540863721645e-02
7.089012023333327583e-01,1.463542886096086057e-02
7.091012023333322922e-01,1.280345173892451574e-02
7.093012023333324922e-01,1.097657803305052485e-02
7.095012023333338025e-01,9.154851410298670347e-03
7.097012023333331143e-01,7.338315211445659361e-03
7.099012023333335364e-01,5.527012448369147783e-03
7.101012023333332923e-01,3.720985801546580415e-03
7.103012023333339364e-01,1.920277617408170344e-03
7.105012023333336924e-01,1.249299058519127634e-04
7.107012023333330042e-01,-1.665015662323876891e-03
7.109012023333323160e-01,-3.449517757886546090e-03
7.111012023333331822e-01,-5.228535395638538724e-03
7.113012023333333822e-01,-7.002027936802575694e-03
7.115012023333335822e-01,-8.769955091479189960e-03
7.117012023333335602e-01,-1.053227692098204250e-02
7.119012023333342043e-01,-1.228895384019295170e-02
7.121012023333335161e-01,-1.403994661983435852e-02
7.123012023333326059e-01,-1.578521638879649622e-02
7.125012023333323619e-01,-1.752472463635237898e-02
7.127012023333330060e-01,-1.925843321436588457e-02
7.129012023333336501e-01,-2.098630433946705939e-02
7.131012023333329619e-01,-2.270830059520534058e-02
7.133012023333333840e-01,-2.442438493419933979e-02
7.135012023333335840e-01,-2.613452068015280003e-02
7.137012023333342281e-01,-2.783867152995117555e-02
7.139012023333335399e-01,-2.953680155563697535e-02
7.141012023333330738e-01,-3.122887520643842507e-02
7.143012023333321636e-01,-3.291485731066613046e-02
7.145012023333332518e-01,-3.459471307766866233e-02
7.147012023333338959e-01,-3.626840809964036044e-02
7.149012023333332078e-01,-3.793590835351468710e-02
7.151012023333336298e-01,-3.959718020278350098e-02
7.153012023333340519e-01,-4.125219039920778596e-02
7.155012023333338078e-01,-4.290090608458290572e-02
7.157012023333328976e-01,-4.454329479243715473e-02
7.159012023333324315e-01,-4.617932444969386624e-02
7.161012023333324095e-01,-4.780896337827593434e-02
7.163012023333334977e-01,-4.943218029670602004e-02
7.165012023333330315e-01,-5.104894432162197099e-02
7.167012023333336757e-01,-5.265922496935817460e-02
7.169012023333334316e-01,-5.426299215733696585e-02
7.171012023333342977e-01,-5.586021620557395789e-02
7.173012023333336096e-01,-5.745086783800511937e-02
7.175012023333329214e-01,-5.903491818391636003e-02
7.177012023333324553e-01,-6.061233877921885782e-02
7.179012023333330994e-01,-6.218310156774608383e-02
7.181012023333335215e-01,-6.374717890247323659e-02
7.183012023333328333e-01,-6.530454354674156137e-02
7.185012023333332554e-01,-6.685516867544269437e-02
7.187012023333338995e-01,-6.839902787609368484e-02
7.189012023333343215e-01,-6.993609514995041687e-02
7.191012023333329672e-01,-7.146634491303954784e-02
7.193012023333329452e-01,-7.298975199720852958e-02
7.195012023333324791e-01,-7.450629165101593787e-02
7.197012023333337893e-01,-7.601593954072501103e-02
7.199012023333331012e-01,-7.751867175111123998e-02
7.201012023333339673e-01,-7.901446478640727911e-02
7.203012023333335012e-01,-8.050329557100152633e-02
7.205012023333339233e-01,-8.198514145028823474e-02
7.207012023333339013e-01,-8.345998019132289114e-02
7.209012023333327690e-01,-8.492778998353552045e-02
7.211012023333323029e-01,-8.638854943938242825e-02
7.213012023333329470e-01,-8.784223759491668893e-02
7.215012023333335911e-01,-8.928883391034422856e-02
7.217012023333329029e-01,-9.072831827054952947e-02
7.219012023333335470e-01,-9.216067098560019877e-02
7.221012023333335250e-01,-9.358587279111779678e-02
7.223012023333341691e-01,-9.500390484872719976e-02
7.225012023333330369e-01,-9.641474874635552750e-02
7.227012023333332369e-01,-9.781838649860724599e-02
7.229012023333323267e-01,-9.921480054695221151e-02
7.231012023333331928e-01,-1.006039737600279427e-01
7.233012023333331708e-01,-1.019858894337465904e-01
7.235012023333338149e-01,-1.033605312915056029e-01
7.237012023333331268e-01,-1.047278834842335082e-01
7.239012023333339929e-01,-1.060879305905066405e-01
7.241012023333339709e-01,-1.074406576164961546e-01
7.243012023333323945e-01,-1.087860499959919514e-01
7.245012023333328166e-01,-1.101240935903514961e-01
7.247012023333327946e-01,-1.114547746883237239e-01
7.249012023333341048e-01,-1.127780800059671323e-01
7.251012023333329726e-01,-1.140939966863940280e-01
7.253012023333333946e-01,-1.154025122996241159e-01
7.255012023333335947e-01,-1.167036148422228026e-01
7.257012023333344608e-01,-1.179972927370381425e-01
7.259012023333335506e-01,-1.192835348328064732e-01
7.261012023333333065e-01,-1.205623304038054844e-01
7.263012023333323963e-01,-1.218336691493585033e-01
7.265012023333330404e-01,-1.230975411934003977e-01
7.267012023333336845e-01,-1.243539370839082947e-01
7.269012023333334405e-01,-1.256028477923669673e-01
7.271012023333334184e-01,-1.268442647131718670e-01
7.273012023333345066e-01,-1.280781796629704150e-01
7.275012023333338185e-01,-1.293045848799544706e-01
7.277012023333322421e-01,-1.305234730231802642e-01
7.279012023333324422e-01,-1.317348371717884936e-01
7.281012023333328642e-01,-1.329386708241609150e-01
7.283012023333335083e-01,-1.341349678971080761e-01
7.285012023333328202e-01,-1.353237227249623198e-01
7.287012023333336863e-01,-1.365049300586871073e-01
7.289012023333336643e-01,-1.376785850648502563e-01
7.291012023333343084e-01,-1.388446833246731460e-01
7.293012023333336202e-01,-1.400032208329394789e-01
7.295012023333327100e-01,-1.411541939969488957e-01
7.297012023333324660e-01,-1.422975996353718353e-01
7.299012023333331101e-01,-1.434334349770844397e-01
7.301012023333337542e-01,-1.445616976599625181e-01
7.303012023333330660e-01,-1.456823857296453140e-01
7.305012023333337101e-01,-1.467954976382805643e-01
7.307012023333339101e-01,-1.479010322431593694e-01
7.309012023333343322e-01,-1.489989888054000233e-01
7.311012023333327559e-01,-1.500893669885246529e-01
7.313012023333329559e-01,-1.511721668570780164e-01
7.315012023333324898e-01,-1.522473888750919269e-01
7.317012023333338000e-01,-1.533150339046411292e-01
7.319012023333328898e-01,-1.543751032042411375e-01
7.321012023333330898e-01,-1.554275984273428834e-01
7.323012023333335119e-01,-1.564725216206569181e-01
7.325012023333343780e-01,-1.575098752225310705e-01
7.327012023333339119e-01,-1.585396620612479768e-01
7.329012023333327797e-01,-1.595618853533263271e-01
7.331012023333323135e-01,-1.605765487017542514e-01
7.333012023333329577e-01,-1.615836560941892874e-01
7.335012023333340458e-01,-1.625832119011307308e-01
7.337012023333326916e-01,-1.635752208740531288e-01
7.339012023333335577e-01,-1.645596881435597847e-01
7.341012023333339798e-01,-1.655366192173794160e-01
7.343012023333341798e-01,-1.665060199784546557e-01
7.345012023333332696e-01,-1.674678966829264426e-01
7.347012023333330255e-01,-1.684222559581236012e-01
7.349012023333323373e-01,-1.693691048004750954e-01
7.351012023333336476e-01,-1.703084505734472343e-01
7.353012023333331815e-01,-1.712403010053722419e-01
7.355012023333340476e-01,-1.721646641873529893e-01
7.357012023333331374e-01,-1.730815485710133772e-01
7.359012023333342256e-01,-1.739909629663397572e-01
7.361012023333342036e-01,-1.748929165393684759e-01
7.363012023333326272e-01,-1.757874188099496915e-01
7.365012023333326052e-01,-1.766744796494403025e-01
7.367012023333325832e-01,-1.775541092783290698e-01
7.369012023333338934e-01,-1.784263182639008738e-01
7.371012023333332053e-01,-1.792911175178067973e-01
7.373012023333334053e-01,-1.801485182936857221e-01
7.375012023333333833e-01,-1.809985321846659112e-01
7.377012023333342494e-01,-1.818411711209108050e-01
7.379012023333335613e-01,-1.826764473670851041e-01
7.381012023333328731e-01,-1.835043735198518267e-01
7.383012023333324070e-01,-1.843249625052865714e-01
7.385012023333332731e-01,-1.851382275762986640e-01
7.387012023333336952e-01,-1.859441823100020375e-01
7.389012023333336732e-01,-1.867428406050943290e-01
7.391012023333334291e-01,-1.875342166791860721e-01
7.393012023333340732e-01,-1.883183250661143449e-01
7.395012023333338291e-01,-1.890951806132145085e-01
7.397012023333324748e-01,-1.898647984786010490e-01
7.399012023333324528e-01,-1.906271941284110039e-01
7.401012023333328749e-01,-1.913823833339976799e-01
7.403012023333341851e-01,-1.921303821691434099e-01
7.405012023333330529e-01,-1.928712070072116647e-01
7.407012023333332529e-01,-1.936048745183389375e-01
7.409012023333336749e-01,-1.943314016665188548e-01
7.411012023333343191e-01,-1.950508057067331935e-01
7.413012023333334088e-01,-1.957631041820293571e-01
7.415012023333329427e-01,-1.964683149206084833e-01
7.417012023333324766e-01,-1.971664560328517390e-01
7.419012023333331207e-01,-1.978575459083639909e-01
7.421012023333337648e-01,-1.985416032129715402e-01
7.423012023333332987e-01,-1.992186468857227166e-01
7.425012023333334987e-01,-1.998886961358727898e-01
7.427012023333339208e-01,-2.005517704398234458e-01
7.429012023333338988e-01,-2.012078895380715604e-01
7.431012023333323224e-01,-2.018570734321316895e-01
7.433012023333327445e-01,-2.024993423814617777e-01
7.435012023333327225e-01,-2.031347169003211717e-01
7.437012023333340327e-01,-2.037632177546812029e-01
7.439012023333329005e-01,-2.043848659590576933e-01
7.441012023333335446e-01,-2.049996827734023030e-01
7.443012023333335225e-01,-2.056076896998922932e-01
7.445012023333343887e-01,-2.062089084797852356e-01
7.447012023333337005e-01,-2.068033610902043906e-01
7.449012023333325683e-01,-2.073910697409585002e-01
7.451012023333323242e-01,-2.079720568713159523e-01
7.453012023333331904e-01,-2.085463451467756968e-01
7.455012023333338345e-01,-2.091139574558283920e-01
7.457012023333329243e-01,-2.096749169067129714e-01
7.459012023333335684e-01,-2.102292468241719059e-01
7.461012023333339904e-01,-2.107769707461572550e-01
7.463012023333344125e-01,-2.113181124205738004e-01
7.465012023333323921e-01,-2.118526958019813777e-01
7.467012023333325921e-01,-2.123807450483277404e-01
7.469012023333323480e-01,-2.129022845176091194e-01
7.471012023333343244e-01,-2.134173387645957876e-01
7.473012023333331921e-01,-2.139259325374828213e-01
7.475012023333338362e-01,-2.144280907746153320e-01
7.477012023333335922e-01,-2.149238386011161905e-01
7.479012023333342363e-01,-2.154132013255843914e-01
7.481012023333337702e-01,-2.158962044367369604e-01
7.483012023333328600e-01,-2.163728736000828656e-01
7.485012023333323938e-01,-2.168432346545722256e-01
7.487012023333330379e-01,-2.173073136092445179e-01
7.489012023333336820e-01,-2.177651366398739019e-01
7.491012023333323278e-01,-2.182167300856164560e-01
7.493012023333336380e-01,-2.186621204456692946e-01
7.495012023333338380e-01,-2.191013343758786425e-01
7.497012023333340380e-01,-2.195343986854094431e-01
7.499012023333329058e-01,-2.199613403333686157e-01
7.501012023333331058e-01,-2.203821864254574547e-01
7.503012023333324176e-01,-2.207969642105919728e-01
7.505012023333335058e-01,-2.212057010775637100e-01
7.507012023333332618e-01,-2.216084245516575235e-01
7.509012023333339059e-01,-2.220051622913173373e-01
7.511012023333334398e-01,-2.223959420847705371e-01
7.513012023333340839e-01,-2.227807918466914727e-01
7.515012023333340618e-01,-2.231597396148350398e-01
7.517012023333324855e-01,-2.235328135466983779e-01
7.519012023333324635e-01,-2.239000419161837063e-01
7.521012023333328855e-01,-2.242614531102426756e-01
7.523012023333341958e-01,-2.246170756255531087e-01
7.525012023333328415e-01,-2.249669380651791173e-01
7.527012023333337076e-01,-2.253110691352686601e-01
7.529012023333336856e-01,-2.256494976417061094e-01
7.531012023333345518e-01,-2.259822524868229376e-01
7.533012023333334195e-01,-2.263093626660761803e-01
7.535012023333327313e-01,-2.266308572647670327e-01
7.537012023333324873e-01,-2.269467654547369651e-01
7.539012023333335755e-01,-2.272571164910915931e-01
7.541012023333335534e-01,-2.275619397089194140e-01
7.543012023333335314e-01,-2.278612645200378817e-01
7.545012023333332873e-01,-2.281551204097296282e-01
7.547012023333343755e-01,-2.284435369335011956e-01
7.549012023333339094e-01,-2.287265437138376600e-01
7.551012023333323331e-01,-2.290041704369892295e-01
7.553012023333323111e-01,-2.292764468497534847e-01
7.555012023333327331e-01,-2.295434027562644197e-01
7.557012023333338213e-01,-2.298050680148082670e-01
7.559012023333329111e-01,-2.300614725346377676e-01
7.561012023333331111e-01,-2.303126462728167789e-01
7.563012023333335332e-01,-2.305586192310525306e-01
7.565012023333346214e-01,-2.307994214525628252e-01
7.567012023333334891e-01,-2.310350830189422111e-01
7.569012023333328010e-01,-2.312656340470590211e-01
7.571012023333318908e-01,-2.314911046859468302e-01
7.573012023333332010e-01,-2.317115251137264187e-01
7.575012023333342892e-01,-2.319269255345287606e-01
7.577012023333333790e-01,-2.321373361754471287e-01
7.579012023333335790e-01,-2.323427872835039099e-01
7.581012023333337790e-01,-2.325433091226191407e-01
7.583012023333342011e-01,-2.327389319706113513e-01
7.585012023333324027e-01,-2.329296861162055143e-01
7.587012023333330468e-01,-2.331156018560708865e-01
7.589012023333323587e-01,-2.332967094918536599e-01
7.591012023333343350e-01,-2.334730393272559379e-01
7.593012023333332028e-01,-2.336446216651028585e-01
7.595012023333331808e-01,-2.338114868044612882e-01
7.597012023333336028e-01,-2.339736650377469696e-01
7.599012023333344690e-01,-2.341311866478685833e-01
7.601012023333337808e-01,-2.342840819053846613e-01
7.603012023333326486e-01,-2.344323810656862572e-01
7.605012023333321824e-01,-2.345761143661933279e-01
7.607012023333332706e-01,-2.347153120235735135e-01
7.609012023333339148e-01,-2.348500042309804303e-01
7.611012023333325605e-01,-2.349802211553178866e-01
7.613012023333334266e-01,-2.351059929345243327e-01
7.615012023333338487e-01,-2.352273496748695791e-01
7.617012023333344928e-01,-2.353443214482865975e-01
7.619012023333329164e-01,-2.354569382897162555e-01
7.621012023333324503e-01,-2.355652301944820004e-01
7.623012023333324283e-01,-2.356692271156778373e-01
7.625012023333339606e-01,-2.357689589615877823e-01
7.627012023333330504e-01,-2.358644555931212750e-01
7.629012023333339165e-01,-2.359557468212831188e-01
7.631012023333332284e-01,-2.360428624046515267e-01
7.633012023333343166e-01,-2.361258320468958560e-01
7.635012023333340725e-01,-2.362046853943049751e-01
7.637012023333324962e-01,-2.362794520333511006e-01
7.639012023333326962e-01,-2.363501614882721480e-01
7.641012023333328962e-01,-2.364168432186791458e-01
7.643012023333339844e-01,-2.364795266171909327e-01
7.645012023333328521e-01,-2.365382410070923092e-01
7.647012023333332742e-01,-2.365930156400216644e-01
7.649012023333336963e-01,-2.366438796936769506e-01
7.651012023333338963e-01,-2.366908622695551856e-01
7.653012023333329861e-01,-2.367339923907132437e-01
7.655012023333327420e-01,-2.367732989995581516e-01
7.657012023333324979e-01,-2.368088109556604481e-01
7.659012023333338082e-01,-2.368405570335977983e-01
7.661012023333335641e-01,-2.368685659208218386e-01
7.663012023333337641e-01,-2.368928662155568299e-01
7.665012023333335200e-01,-2.369134864247202932e-01
7.667012023333341642e-01,-2.369304549618748146e-01
7.669012023333339201e-01,-2.369438001452051912e-01
7.671012023333318997e-01,-2.369535501955244428e-01
7.673012023333323217e-01,-2.369597332343080509e-01
7.675012023333329658e-01,-2.369623772817533169e-01
7.677012023333340540e-01,-2.369615102548712215e-01
7.679012023333329218e-01,-2.369571599656026817e-01
7.681012023333331218e-01,-2.369493541189650887e-01
7.683012023333335438e-01,-2.369381203112269629e-01
7.685012023333348541e-01,-2.369234860281109745e-01
7.687012023333332777e-01,-2.369054786430261628e-01
7.689012023333325896e-01,-2.368841254153278286e-01
7.691012023333319014e-01,-2.368594534886078184e-01
7.693012023333334337e-01,-2.368314898890125642e-01
7.695012023333340778e-01,-2.368002615235918484e-01
7.697012023333333897e-01,-2.367657951786746040e-01
7.699012023333333676e-01,-2.367281175182747999e-01
7.701012023333342338e-01,-2.366872550825273036e-01
7.703012023333339897e-01,-2.366432342861538030e-01
7.705012023333319693e-01,-2.365960814169557613e-01
7.707012023333323913e-01,-2.365458226343371828e-01
7.709012023333328134e-01,-2.364924839678612389e-01
7.711012023333339016e-01,-2.364360913158305988e-01
7.713012023333327694e-01,-2.363766704439025923e-01
7.715012023333331914e-01,-2.363142469837277160e-01
7.717012023333338355e-01,-2.362488464316261916e-01
7.719012023333347017e-01,-2.361804941472874786e-01
7.721012023333331253e-01,-2.361092153525041204e-01
7.723012023333328813e-01,-2.360350351299292104e-01
7.725012023333326372e-01,-2.359579784218728271e-01
7.727012023333332813e-01,-2.358780700291202570e-01
7.729012023333339254e-01,-2.357953346097848568e-01
7.731012023333330152e-01,-2.357097966781889209e-01
7.733012023333334373e-01,-2.356214806037723319e-01
7.735012023333340814e-01,-2.355304106100365724e-01
7.737012023333345034e-01,-2.354366107735142433e-01
7.739012023333324830e-01,-2.353401050227698077e-01
7.741012023333329051e-01,-2.352409171374260644e-01
7.743012023333324390e-01,-2.351390707472314767e-01
7.745012023333344153e-01,-2.350345893311422130e-01
7.747012023333330610e-01,-2.349274962164506486e-01
7.749012023333337051e-01,-2.348178145779230841e-01
7.751012023333336831e-01,-2.347055674369885048e-01
7.753012023333343272e-01,-2.345907776609416351e-01
7.755012023333340831e-01,-2.344734679621830742e-01
7.757012023333327289e-01,-2.343536608974852442e-01
7.759012023333324848e-01,-2.342313788672875652e-01
7.761012023333329068e-01,-2.341066441150265742e-01
7.763012023333337730e-01,-2.339794787264880549e-01
7.765012023333326407e-01,-2.338499046291942218e-01
7.767012023333335069e-01,-2.337179435918108616e-01
7.769012023333339290e-01,-2.335836172235981612e-01
7.771012023333339069e-01,-2.334469469738768566e-01
7.773012023333329967e-01,-2.333079541315297711e-01
7.775012023333329747e-01,-2.331666598245288324e-01
7.777012023333325086e-01,-2.330230850194970893e-01
7.779012023333335968e-01,-2.328772505212887145e-01
7.781012023333331307e-01,-2.327291769726113624e-01
7.783012023333337748e-01,-2.325788848536588516e-01
7.785012023333333087e-01,-2.324263944817916983e-01
7.787012023333341748e-01,-2.322717260112275306e-01
7.789012023333343748e-01,-2.321148994327754123e-01
7.791012023333323544e-01,-2.319559345735862643e-01
7.793012023333325544e-01,-2.317948510969312648e-01
7.795012023333323103e-01,-2.316316685020206600e-01
7.797012023333340647e-01,-2.314664061238323467e-01
7.799012023333327104e-01,-2.312990831329856389e-01
7.801012023333335765e-01,-2.311297185356176176e-01
7.803012023333331104e-01,-2.309583311733175159e-01
7.805012023333344207e-01,-2.307849397230589128e-01
7.807012023333335105e-01,-2.306095626971824686e-01
7.809012023333326002e-01,-2.304322184433820753e-01
7.811012023333323562e-01,-2.302529251447364977e-01
7.813012023333334444e-01,-2.300717008197573632e-01
7.815012023333334223e-01,-2.298885633224685976e-01
7.817012023333336224e-01,-2.297035303425022379e-01
7.819012023333333783e-01,-2.295166194052295494e-01
7.821012023333344665e-01,-2.293278478719116553e-01
7.823012023333340004e-01,-2.291372329398822516e-01
7.825012023333319799e-01,-2.289447916427444218e-01
7.827012023333326241e-01,-2.287505408505961790e-01
7.829012023333328241e-01,-2.285544972702936439e-01
7.831012023333336902e-01,-2.283566774457170823e-01
7.833012023333327800e-01,-2.281570977580783532e-01
7.835012023333336462e-01,-2.279557744262364072e-01
7.837012023333336241e-01,-2.277527235070578304e-01
7.839012023333344903e-01,-2.275479608957774735e-01
7.841012023333333580e-01,-2.273415023264035717e-01
7.843012023333328919e-01,-2.271333633721253631e-01
7.845012023333324258e-01,-2.269235594457625071e-01
7.847012023333332920e-01,-2.267121058002244949e-01
7.849012023333339361e-01,-2.264990175290012842e-01
7.851012023333332479e-01,-2.262843095666681181e-01
7.853012023333338920e-01,-2.260679966894129644e-01
7.855012023333340920e-01,-2.258500935155959566e-01
7.857012023333340700e-01,-2.256306145063176616e-01
7.859012023333324937e-01,-2.254095739660166020e-01
7.861012023333329157e-01,-2.251869860430778525e-01
7.863012023333324496e-01,-2.249628647304827700e-01
7.865012023333337599e-01,-2.247372238664520627e-01
7.867012023333330717e-01,-2.245100771351369318e-01
7.869012023333334938e-01,-2.242814380673010533e-01
7.871012023333336938e-01,-2.240513200410503836e-01
7.873012023333343379e-01,-2.238197362825628534e-01
7.875012023333336497e-01,-2.235866998668482597e-01
7.877012023333327395e-01,-2.233522237185183446e-01
7.879012023333324954e-01,-2.231163206125824638e-01
7.881012023333329175e-01,-2.228790031752608258e-01
7.883012023333335616e-01,-2.226402838848146604e-01
7.885012023333328735e-01,-2.224001750723944015e-01
7.887012023333335176e-01,-2.221586889228992223e-01
7.889012023333341617e-01,-2.219158374758703478e-01
7.891012023333343617e-01,-2.216716326263852010e-01
7.893012023333330074e-01,-2.214260861259765290e-01
7.895012023333327633e-01,-2.211792095835603267e-01
7.897012023333322972e-01,-2.209310144663959585e-01
7.899012023333340515e-01,-2.206815121010423097e-01
7.901012023333326972e-01,-2.204307136743538509e-01
7.903012023333340075e-01,-2.201786302344546087e-01
7.905012023333335414e-01,-2.199252726917771406e-01
7.907012023333344075e-01,-2.196706518200677583e-01
7.909012023333334973e-01,-2.194147782574457639e-01
7.911012023333325871e-01,-2.191576625074460882e-01
7.913012023333325651e-01,-2.188993149400965954e-01
7.915012023333327651e-01,-2.186397457930036037e-01
7.917012023333340753e-01,-2.183789651724453995e-01
7.919012023333327210e-01,-2.181169830544910926e-01
7.921012023333335872e-01,-2.178538092861079245e-01
7.923012023333337872e-01,-2.175894535863180934e-01
7.925012023333339872e-01,-2.173239255473338183e-01
7.927012023333332991e-01,-2.170572346357243498e-01
7.929012023333328329e-01,-2.167893901935842305e-01
7.931012023333325889e-01,-2.165204014397216215e-01
7.933012023333336771e-01,-2.162502774708507103e-01
7.935012023333334330e-01,-2.159790272628046848e-01
7.937012023333340771e-01,-2.157066596717406859e-01
7.939012023333338330e-01,-2.154331834353793440e-01
7.941012023333340331e-01,-2.151586071742323802e-01
7.943012023333340110e-01,-2.148829393928566589e-01
7.945012023333322126e-01,-2.146061884811087395e-01
7.947012023333328568e-01,-2.143283627154021764e-01
7.949012023333330568e-01,-2.140494702599987642e-01
7.951012023333337009e-01,-2.137695191682777440e-01
7.953012023333325686e-01,-2.134885173840359307e-01
7.955012023333336568e-01,-2.132064727427742112e-01
7.957012023333340789e-01,-2.129233929730232067e-01
7.959012023333347230e-01,-2.126392856976433154e-01
7.961012023333331467e-01,-2.123541584351550382e-01
7.963012023333331246e-01,-2.120680186010556745e-01
7.965012023333324365e-01,-2.117808735091701866e-01
7.967012023333333026e-01,-2.114927303729791375e-01
7.969012023333330585e-01,-2.112035963069778810e-01
7.971012023333332586e-01,-2.109134783280175451e-01
7.973012023333336806e-01,-2.106223833566721049e-01
7.975012023333343247e-01,-2.103303182185982112e-01
7.977012023333340807e-01,-2.100372896459063166e-01
7.979012023333320602e-01,-2.097433042785313284e-01
7.981012023333324823e-01,-2.094483686656027077e-01
7.983012023333324603e-01,-2.091524892668435998e-01
7.985012023333339926e-01,-2.088556724539377130e-01
7.987012023333326383e-01,-2.085579245119353331e-01
7.989012023333335044e-01,-2.082592516406199801e-01
7.991012023333339265e-01,-2.079596599559291881e-01
7.993012023333347926e-01,-2.076591554913339022e-01
7.995012023333336604e-01,-2.073577441992490167e-01
7.997012023333327502e-01,-2.070554319524216258e-01
7.999012023333325061e-01,-2.067522245453441987e-01
8.001012023333331502e-01,-2.064481276956567357e-01
8.003012023333335723e-01,-2.061431470455537818e-01
8.005012023333331062e-01,-2.058372881631891083e-01
8.007012023333337503e-01,-2.055305565440791460e-01
8.009012023333341723e-01,-2.052229576125200461e-01
8.011012023333345944e-01,-2.049144967229881709e-01
8.013012023333325740e-01,-2.046051791615541293e-01
8.015012023333327740e-01,-2.042950101472756075e-01
8.017012023333323079e-01,-2.039839948336259756e-01
8.019012023333338401e-01,-2.036721383098805960e-01
8.021012023333329299e-01,-2.033594456025411001e-01
8.023012023333335740e-01,-2.030459216767138142e-01
8.025012023333337741e-01,-2.027315714375347577e-01
8.027012023333344182e-01,-2.024163997315545083e-01
8.029012023333339521e-01,-2.021004113481447706e-01
8.031012023333330418e-01,-2.017836110208860445e-01
8.033012023333323537e-01,-2.014660034289630919e-01
8.035012023333329978e-01,-2.011475931985539090e-01
8.037012023333334199e-01,-2.008283849042211966e-01
8.039012023333325097e-01,-2.005083830702899250e-01
8.041012023333338199e-01,-2.001875921722202911e-01
8.043012023333340199e-01,-1.998660166380011316e-01
8.045012023333342199e-01,-1.995436608495032016e-01
8.047012023333330877e-01,-1.992205291438573223e-01
8.049012023333332877e-01,-1.988966258148059940e-01
8.051012023333323775e-01,-1.985719551140758543e-01
8.053012023333336877e-01,-1.982465212527123599e-01
8.055012023333325555e-01,-1.979203284024494969e-01
8.057012023333340878e-01,-1.975933806970223694e-01
8.059012023333336217e-01,-1.972656822335352167e-01
8.061012023333344878e-01,-1.969372370737627054e-01
8.063012023333344658e-01,-1.966080492454952422e-01
8.065012023333328894e-01,-1.962781227438461507e-01
8.067012023333328674e-01,-1.959474615325575431e-01
8.069012023333324013e-01,-1.956160695453206533e-01
8.071012023333334895e-01,-1.952839506870568953e-01
8.073012023333325793e-01,-1.949511088352243737e-01
8.075012023333338895e-01,-1.946175478410784865e-01
8.077012023333336455e-01,-1.942832715309728009e-01
8.079012023333342896e-01,-1.939482837076028920e-01
8.081012023333333794e-01,-1.936125881512846536e-01
8.083012023333329132e-01,-1.932761886211892266e-01
8.085012023333322251e-01,-1.929390888565980511e-01
8.087012023333330912e-01,-1.926012925781286356e-01
8.089012023333330692e-01,-1.922628034889708459e-01
8.091012023333334913e-01,-1.919236252760909978e-01
8.093012023333336913e-01,-1.915837616114479947e-01
8.095012023333338913e-01,-1.912432161531878727e-01
8.097012023333340913e-01,-1.909019925468336820e-01
8.099012023333322929e-01,-1.905600944264683183e-01
8.101012023333327150e-01,-1.902175254158898765e-01
8.103012023333329150e-01,-1.898742891297929003e-01
8.105012023333331150e-01,-1.895303891749023362e-01
8.107012023333322048e-01,-1.891858291511193946e-01
8.109012023333335151e-01,-1.888406126526405160e-01
8.111012023333334930e-01,-1.884947432690948221e-01
8.113012023333348033e-01,-1.881482245866294145e-01
8.115012023333334490e-01,-1.878010601890278131e-01
8.117012023333329829e-01,-1.874532536587717457e-01
8.119012023333322947e-01,-1.871048085781360504e-01
8.121012023333333829e-01,-1.867557285302384740e-01
8.123012023333338050e-01,-1.864060171001050981e-01
8.125012023333331168e-01,-1.860556778756989327e-01
8.127012023333337609e-01,-1.857047144489466228e-01
8.129012023333339609e-01,-1.853531304167681804e-01
8.131012023333341610e-01,-1.850009293820699674e-01
8.133012023333325846e-01,-1.846481149547454237e-01
8.135012023333330067e-01,-1.842946907526414879e-01
8.137012023333323185e-01,-1.839406604025493053e-01
8.139012023333340728e-01,-1.835860275411354270e-01
8.141012023333324965e-01,-1.832307958159140604e-01
8.143012023333333627e-01,-1.828749688861395495e-01
8.145012023333337847e-01,-1.825185504237614997e-01
8.147012023333344288e-01,-1.821615441143067393e-01
8.149012023333332966e-01,-1.818039536577835402e-01
8.151012023333332746e-01,-1.814457827695464820e-01
8.153012023333323643e-01,-1.810870351811799672e-01
8.155012023333330085e-01,-1.807277146413341640e-01
8.157012023333332085e-01,-1.803678249165807101e-01
8.159012023333327424e-01,-1.800073697922267568e-01
8.161012023333338306e-01,-1.796463530731271518e-01
8.163012023333340306e-01,-1.792847785844952357e-01
8.165012023333344526e-01,-1.789226501726741969e-01
8.167012023333328763e-01,-1.785599717059203617e-01
8.169012023333328543e-01,-1.781967470751450733e-01
8.171012023333326102e-01,-1.778329801946789135e-01
8.173012023333339204e-01,-1.774686750029848548e-01
8.175012023333325661e-01,-1.771038354633927003e-01
8.177012023333340984e-01,-1.767384655647719904e-01
8.179012023333336323e-01,-1.763725693222570334e-01
8.181012023333344985e-01,-1.760061507778867274e-01
8.183012023333335883e-01,-1.756392140012907332e-01
8.185012023333329001e-01,-1.752717630903146140e-01
8.187012023333328781e-01,-1.749038021716626812e-01
8.189012023333328560e-01,-1.745353354015140301e-01
8.191012023333332781e-01,-1.741663669661215330e-01
8.193012023333323679e-01,-1.737969010824058080e-01
8.195012023333336781e-01,-1.734269419985150495e-01
8.197012023333336561e-01,-1.730564939944077840e-01
8.199012023333340782e-01,-1.726855613823739255e-01
8.201012023333329459e-01,-1.723141485075827817e-01
8.203012023333329239e-01,-1.719422597485829318e-01
8.205012023333324578e-01,-1.715698995178201181e-01
8.207012023333335460e-01,-1.711970722621093954e-01
8.209012023333328578e-01,-1.708237824631242963e-01
8.211012023333335019e-01,-1.704500346378319264e-01
8.213012023333337019e-01,-1.700758333389577048e-01
8.215012023333339020e-01,-1.697011831554002259e-01
8.217012023333341020e-01,-1.693260887126506187e-01
8.219012023333323036e-01,-1.689505546731940311e-01
8.221012023333327257e-01,-1.685745857368794731e-01
8.223012023333327036e-01,-1.681981866413145288e-01
8.225012023333335698e-01,-1.678213621622005325e-01
8.227012023333322155e-01,-1.674441171136889783e-01
8.229012023333335257e-01,-1.670664563486854715e-01
8.231012023333335037e-01,-1.666883847591929535e-01
8.233012023333345919e-01,-1.663099072765797937e-01
8.235012023333336817e-01,-1.659310288718867377e-01
8.237012023333329935e-01,-1.655517545560737658e-01
8.239012023333323054e-01,-1.651720893802892387e-01
8.241012023333333936e-01,-1.647920384361011015e-01
8.243012023333331495e-01,-1.644116068557357202e-01
8.245012023333331275e-01,-1.640307998122701727e-01
8.247012023333337716e-01,-1.636496225198398879e-01
8.249012023333344157e-01,-1.632680802338218606e-01
8.251012023333339496e-01,-1.628861782510006295e-01
8.253012023333323732e-01,-1.625039219097200172e-01
8.255012023333323512e-01,-1.621213165900198261e-01
8.257012023333327733e-01,-1.617383677137741727e-01
8.259012023333336394e-01,-1.613550807447933777e-01
8.261012023333325072e-01,-1.609714611889294655e-01
8.263012023333335954e-01,-1.605875145941422222e-01
8.265012023333342395e-01,-1.602032465505948411e-01
8.267012023333348836e-01,-1.598186626906916707e-01
8.269012023333335293e-01,-1.594337686891310890e-01
8.271012023333328411e-01,-1.590485702629206299e-01
8.273012023333325970e-01,-1.586630731714069320e-01
8.275012023333330191e-01,-1.582772832162708532e-01
8.277012023333334412e-01,-1.578912062415182282e-01
8.279012023333327530e-01,-1.575048481334540562e-01
8.281012023333340633e-01,-1.571182148206350382e-01
8.283012023333344853e-01,-1.567313122738371867e-01
8.285012023333349074e-01,-1.563441465059725588e-01
8.287012023333324429e-01,-1.559567235720255574e-01
8.289012023333328649e-01,-1.555690495689378006e-01
8.291012023333323988e-01,-1.551811306355400377e-01
8.293012023333339311e-01,-1.547929729524032683e-01
8.295012023333325768e-01,-1.544045827417379613e-01
8.297012023333334430e-01,-1.540159662672170304e-01
8.299012023333340871e-01,-1.536271298338552915e-01
8.301012023333345091e-01,-1.532380797878232226e-01
8.303012023333338210e-01,-1.528488225162735192e-01
8.305012023333329108e-01,-1.524593644471446408e-01
8.307012023333328887e-01,-1.520697120489593046e-01
8.309012023333330887e-01,-1.516798718306128502e-01
8.311012023333335108e-01,-1.512898503411405360e-01
8.313012023333323786e-01,-1.508996541694819782e-01
8.315012023333336888e-01,-1.505092899442153631e-01
8.317012023333341109e-01,-1.501187643333197486e-01
8.319012023333343109e-01,-1.497280840438777183e-01
8.321012023333329566e-01,-1.493372558218011847e-01
8.323012023333329346e-01,-1.489462864515223306e-01
8.325012023333326905e-01,-1.485551827557006210e-01
8.327012023333337787e-01,-1.481639515948889874e-01
8.329012023333326464e-01,-1.477725998672193564e-01
8.331012023333335126e-01,-1.473811345080353608e-01
8.333012023333339346e-01,-1.469895624895680430e-01
8.335012023333343567e-01,-1.465978908205546882e-01
8.337012023333338906e-01,-1.462061265458737269e-01
8.339012023333323143e-01,-1.458142767461563793e-01
8.341012023333327363e-01,-1.454223485373878078e-01
8.343012023333324922e-01,-1.450303490705206477e-01
8.345012023333335804e-01,-1.446382855310403837e-01
8.347012023333322261e-01,-1.442461651385616717e-01
8.349012023333335364e-01,-1.438539951463663480e-01
8.351012023333335144e-01,-1.434617828409942009e-01
8.353012023333343805e-01,-1.430695355417614112e-01
8.355012023333330262e-01,-1.426772606003198773e-01
8.357012023333325601e-01,-1.422849654001637487e-01
8.359012023333327601e-01,-1.418926573561678228e-01
8.361012023333338483e-01,-1.415003439140901931e-01
8.363012023333329381e-01,-1.411080325500810861e-01
8.365012023333333602e-01,-1.407157307701582816e-01
8.367012023333335602e-01,-1.403234461097126740e-01
8.369012023333342043e-01,-1.399311861329713413e-01
8.371012023333335161e-01,-1.395389584324735199e-01
8.373012023333323839e-01,-1.391467706285218209e-01
8.375012023333328059e-01,-1.387546303686360005e-01
8.377012023333330060e-01,-1.383625453270071470e-01
8.379012023333336501e-01,-1.379705232039213914e-01
8.381012023333320737e-01,-1.375785717252008544e-01
8.383012023333333840e-01,-1.371866986416023226e-01
8.385012023333338060e-01,-1.367949117282647731e-01
8.387012023333348942e-01,-1.364032187840881205e-01
8.389012023333330959e-01,-1.360116276311537642e-01
8.391012023333330738e-01,-1.356201461140921771e-01
8.393012023333330518e-01,-1.352287820994979295e-01
8.395012023333336959e-01,-1.348375434752919488e-01
8.397012023333336739e-01,-1.344464381501045691e-01
8.399012023333332078e-01,-1.340554740526357091e-01
8.401012023333340739e-01,-1.336646591310159116e-01
8.403012023333344960e-01,-1.332740013521724609e-01
8.405012023333338078e-01,-1.328835087011694949e-01
8.407012023333322315e-01,-1.324931891805520567e-01
8.409012023333324315e-01,-1.321030508096823208e-01
8.411012023333328536e-01,-1.317131016240850883e-01
8.413012023333339418e-01,-1.313233496747643891e-01
8.415012023333323654e-01,-1.309338030275366549e-01
8.417012023333332316e-01,-1.305444697623258099e-01
8.419012023333343198e-01,-1.301553579725067411e-01
8.421012023333342977e-01,-1.297664757641983357e-01
8.423012023333333875e-01,-1.293778312555662335e-01
8.425012023333326994e-01,-1.289894325761239136e-01
8.427012023333328994e-01,-1.286012878660316439e-01
8.429012023333330994e-01,-1.282134052753899356e-01
8.431012023333330774e-01,-1.278257929635233103e-01
8.433012023333326113e-01,-1.274384590982657883e-01
8.435012023333339215e-01,-1.270514118552375504e-01
8.437012023333343436e-01,-1.266646594171352835e-01
8.439012023333343215e-01,-1.262782099729917173e-01
8.441012023333323011e-01,-1.258920717174562554e-01
8.443012023333327232e-01,-1.255062528500470731e-01
8.445012023333327011e-01,-1.251207615744430734e-01
8.447012023333342334e-01,-1.247356060977219683e-01
8.449012023333324350e-01,-1.243507946296434213e-01
8.451012023333335232e-01,-1.239663353818722669e-01
8.453012023333341673e-01,-1.235822365672733791e-01
8.455012023333343674e-01,-1.231985063991406087e-01
8.457012023333336792e-01,-1.228151530904558753e-01
8.459012023333327690e-01,-1.224321848531352008e-01
8.461012023333327470e-01,-1.220496098972786991e-01
8.463012023333329470e-01,-1.216674364304213551e-01
8.465012023333331470e-01,-1.212856726567740490e-01
8.467012023333322368e-01,-1.209043267764703111e-01
8.469012023333335470e-01,-1.205234069847993805e-01
8.471012023333339691e-01,-1.201429214714687110e-01
8.473012023333341691e-01,-1.197628784198265656e-01
8.475012023333330369e-01,-1.193832860061126711e-01
8.477012023333330148e-01,-1.190041523986895555e-01
8.479012023333329928e-01,-1.186254857572945492e-01
8.481012023333340810e-01,-1.182472942322702891e-01
8.483012023333327267e-01,-1.178695859638159982e-01
8.485012023333335929e-01,-1.174923690812041399e-01
8.487012023333337929e-01,-1.171156517020498777e-01
8.489012023333342150e-01,-1.167394419315301163e-01
8.491012023333335268e-01,-1.163637478616354887e-01
8.493012023333323945e-01,-1.159885775704046218e-01
8.495012023333328166e-01,-1.156139391211671863e-01
8.497012023333330166e-01,-1.152398405617972160e-01
8.499012023333336607e-01,-1.148662899239450141e-01
8.501012023333323064e-01,-1.144932952222938866e-01
8.503012023333336167e-01,-1.141208644537872602e-01
8.505012023333335947e-01,-1.137490055969064551e-01
8.507012023333344608e-01,-1.133777266108924736e-01
8.509012023333331065e-01,-1.130070354350194983e-01
8.511012023333328624e-01,-1.126369399878257432e-01
8.513012023333328404e-01,-1.122674481663886725e-01
8.515012023333337066e-01,-1.118985678455718252e-01
8.517012023333332404e-01,-1.115303068772919015e-01
8.519012023333329964e-01,-1.111626730897688486e-01
8.521012023333340846e-01,-1.107956742867976241e-01
8.523012023333345066e-01,-1.104293182470202500e-01
8.525012023333335964e-01,-1.100636127231864880e-01
8.527012023333322421e-01,-1.096985654414265460e-01
8.529012023333328862e-01,-1.093341841005256027e-01
8.531012023333330863e-01,-1.089704763712146945e-01
8.533012023333335083e-01,-1.086074498954368445e-01
8.535012023333323761e-01,-1.082451122856420006e-01
8.537012023333332422e-01,-1.078834711240616029e-01
8.539012023333341084e-01,-1.075225339620195786e-01
8.541012023333347525e-01,-1.071623083192139447e-01
8.543012023333327321e-01,-1.068028016830236682e-01
8.545012023333327100e-01,-1.064440215077943758e-01
8.547012023333329100e-01,-1.060859752141695839e-01
8.549012023333335542e-01,-1.057286701883858177e-01
8.551012023333335321e-01,-1.053721137815946673e-01
8.553012023333330660e-01,-1.050163133091762263e-01
8.555012023333341542e-01,-1.046612760500624517e-01
8.557012023333339101e-01,-1.043070092460766790e-01
8.559012023333343322e-01,-1.039535201012495025e-01
8.561012023333323118e-01,-1.036008157811732638e-01
8.563012023333329559e-01,-1.032489034123209443e-01
8.565012023333327118e-01,-1.028977900814226909e-01
8.567012023333340220e-01,-1.025474828347919254e-01
8.569012023333324457e-01,-1.021979886777050484e-01
8.571012023333330898e-01,-1.018493145737346117e-01
8.573012023333341780e-01,-1.015014674441458709e-01
8.575012023333341560e-01,-1.011544541672562830e-01
8.577012023333330237e-01,-1.008082815778119368e-01
8.579012023333330017e-01,-1.004629564663698932e-01
8.581012023333327576e-01,-1.001184855786971251e-01
8.583012023333329577e-01,-9.977487561515624437e-02
8.585012023333333797e-01,-9.943213323011081128e-02
8.587012023333324695e-01,-9.909026503133269714e-02
8.589012023333340018e-01,-9.874927757940300810e-02
8.591012023333342018e-01,-9.840917738715286578e-02
8.593012023333341798e-01,-9.806997091906623221e-02
8.595012023333332696e-01,-9.773166459072230028e-02
8.597012023333332476e-01,-9.739426476822496404e-02
8.599012023333325594e-01,-9.705777776765603382e-02
8.601012023333340917e-01,-9.672220985451167319e-02
8.603012023333327374e-01,-9.638756724317915081e-02
8.605012023333336035e-01,-9.605385609636904465e-02
8.607012023333340256e-01,-9.572108252461471178e-02
8.609012023333342256e-01,-9.538925258572968080e-02
8.611012023333335375e-01,-9.505837228429703245e-02
8.613012023333328493e-01,-9.472844757115449210e-02
8.615012023333330493e-01,-9.439948434289290036e-02
8.617012023333325832e-01,-9.407148844136373200e-02
8.619012023333334493e-01,-9.374446565317912095e-02
8.621012023333320951e-01,-9.341842170924340161e-02
8.623012023333334053e-01,-9.309336228425507676e-02
8.625012023333336053e-01,-9.276929299626539283e-02
8.627012023333342494e-01,-9.244621940619417166e-02
8.629012023333331172e-01,-9.212414701739039813e-02
8.631012023333330951e-01,-9.180308127517074201e-02
8.633012023333328511e-01,-9.148302756639481448e-02
8.635012023333334952e-01,-9.116399121902234171e-02
8.637012023333330291e-01,-9.084597750169687291e-02
8.639012023333336732e-01,-9.052899162331699834e-02
8.641012023333340952e-01,-9.021303873263865347e-02
8.643012023333340732e-01,-8.989812391786537737e-02
8.645012023333336071e-01,-8.958425220625496066e-02
8.647012023333324748e-01,-8.927142856373329605e-02
8.649012023333328969e-01,-8.895965789451054651e-02
8.651012023333330969e-01,-8.864894504071954562e-02
8.653012023333335190e-01,-8.833929478204209651e-02
8.655012023333321647e-01,-8.803071183536019528e-02
8.657012023333336970e-01,-8.772320085439345994e-02
8.659012023333338970e-01,-8.741676642938256414e-02
8.661012023333347631e-01,-8.711141308673342465e-02
8.663012023333329648e-01,-8.680714528870993318e-02
8.665012023333331648e-01,-8.650396743309696213e-02
8.667012023333331427e-01,-8.620188385291405186e-02
8.669012023333335648e-01,-8.590089881609959399e-02
8.671012023333335428e-01,-8.560101652522464355e-02
8.673012023333328546e-01,-8.530224111720452473e-02
8.675012023333339428e-01,-8.500457666301899917e-02
8.677012023333339208e-01,-8.470802716745541583e-02
8.679012023333336767e-01,-8.441259656883406959e-02
8.681012023333323224e-01,-8.411828873876399382e-02
8.683012023333327445e-01,-8.382510748188995442e-02
8.685012023333327225e-01,-8.353305653566882316e-02
8.687012023333338107e-01,-8.324213957012850662e-02
8.689012023333320123e-01,-8.295236018766069530e-02
8.691012023333331005e-01,-8.266372192278681474e-02
8.693012023333339666e-01,-8.237622824198070903e-02
8.695012023333343887e-01,-8.208988254345585267e-02
8.697012023333332564e-01,-8.180468815698271889e-02
8.699012023333327903e-01,-8.152064834370338631e-02
8.701012023333329903e-01,-8.123776629596776711e-02
8.703012023333331904e-01,-8.095604513716790629e-02
8.705012023333333904e-01,-8.067548792158121818e-02
8.707012023333327022e-01,-8.039609763422471411e-02
8.709012023333337904e-01,-8.011787719071108982e-02
8.711012023333339904e-01,-7.984082943712891844e-02
8.713012023333344125e-01,-7.956495714990813317e-02
8.715012023333323921e-01,-7.929026303571531931e-02
8.717012023333330362e-01,-7.901674973133177016e-02
8.719012023333327921e-01,-7.874441980357696491e-02
8.721012023333343244e-01,-7.847327574919846227e-02
8.723012023333323040e-01,-7.820331999480831242e-02
8.725012023333333921e-01,-7.793455489678211001e-02
8.727012023333340363e-01,-7.766698274122282863e-02
8.729012023333342363e-01,-7.740060574388350767e-02
8.731012023333331040e-01,-7.713542605012355113e-02
8.733012023333330820e-01,-7.687144573486051624e-02
8.735012023333330600e-01,-7.660866680254500849e-02
8.737012023333330379e-01,-7.634709118712824927e-02
8.739012023333330159e-01,-7.608672075204504781e-02
8.741012023333321057e-01,-7.582755729020405899e-02
8.743012023333336380e-01,-7.556960252397898481e-02
8.745012023333338380e-01,-7.531285810522808655e-02
8.747012023333340380e-01,-7.505732561529118718e-02
8.749012023333331278e-01,-7.480300656502025802e-02
8.751012023333331058e-01,-7.454990239480083214e-02
8.753012023333328617e-01,-7.429801447459602470e-02
8.755012023333335058e-01,-7.404734410398347566e-02
8.757012023333323736e-01,-7.379789251221487156e-02
8.759012023333332397e-01,-7.354966085826178390e-02
8.761012023333341059e-01,-7.330265023089771459e-02
8.763012023333340839e-01,-7.305686164876412647e-02
8.765012023333336177e-01,-7.281229606045158675e-02
8.767012023333327075e-01,-7.256895434459144367e-02
8.769012023333333516e-01,-7.232683730994927951e-02
8.771012023333328855e-01,-7.208594569553751497e-02
8.773012023333335296e-01,-7.184628017071463535e-02
8.775012023333319533e-01,-7.160784133531739037e-02
8.777012023333337076e-01,-7.137062971976843029e-02
8.779012023333339076e-01,-7.113464578523359672e-02
8.781012023333345518e-01,-7.089988992374128551e-02
8.783012023333334195e-01,-7.066636245834292951e-02
8.785012023333331754e-01,-7.043406364325756341e-02
8.787012023333329314e-01,-7.020299366404264552e-02
8.789012023333333534e-01,-6.997315263775760741e-02
8.791012023333328873e-01,-6.974454061314301623e-02
8.793012023333330873e-01,-6.951715757079753033e-02
8.795012023333335094e-01,-6.929100342337315976e-02
8.797012023333343755e-01,-6.906607801576783445e-02
8.799012023333339094e-01,-6.884238112533191956e-02
8.801012023333325551e-01,-6.861991246207246875e-02
8.803012023333327551e-01,-6.839867166887060590e-02
8.805012023333329552e-01,-6.817865832171007834e-02
8.807012023333331552e-01,-6.795987192990080028e-02
8.809012023333320229e-01,-6.774231193631793935e-02
8.811012023333331111e-01,-6.752597771763732548e-02
8.813012023333339773e-01,-6.731086858459557620e-02
8.815012023333348434e-01,-6.709698378223596937e-02
8.817012023333332671e-01,-6.688432249017489672e-02
8.819012023333332451e-01,-6.667288382285981030e-02
8.821012023333330010e-01,-6.646266682985538243e-02
8.823012023333332010e-01,-6.625367049611420589e-02
8.825012023333334010e-01,-6.604589374226638165e-02
8.827012023333327129e-01,-6.583933542490963409e-02
8.829012023333338011e-01,-6.563399433690304818e-02
8.831012023333340011e-01,-6.542986920767890346e-02
8.833012023333342011e-01,-6.522695870354253134e-02
8.835012023333326248e-01,-6.502526142799322506e-02
8.837012023333330468e-01,-6.482477592203590711e-02
8.839012023333328028e-01,-6.462550066451905328e-02
8.841012023333338909e-01,-6.442743407245482556e-02
8.843012023333323146e-01,-6.423057450136593349e-02
8.845012023333329587e-01,-6.403492024561330265e-02
8.847012023333340469e-01,-6.384046953875832653e-02
8.849012023333344690e-01,-6.364722055390827082e-02
8.851012023333331147e-01,-6.345517140407444523e-02
8.853012023333328706e-01,-6.326432014253133285e-02
8.855012023333328486e-01,-6.307466476319142923e-02
8.857012023333332706e-01,-6.288620320097364214e-02
8.859012023333332486e-01,-6.269893333218247433e-02
8.861012023333323384e-01,-6.251285297488953785e-02
8.863012023333340927e-01,-6.232795988931661563e-02
8.865012023333340707e-01,-6.214425177823932472e-02
8.867012023333344928e-01,-6.196172628736940080e-02
8.869012023333333605e-01,-6.178038100576584840e-02
8.871012023333331165e-01,-6.160021346623219263e-02
8.873012023333328724e-01,-6.142122114573372871e-02
8.875012023333339606e-01,-6.124340146580588978e-02
8.877012023333323842e-01,-6.106675179297994804e-02
8.879012023333336945e-01,-6.089126943919184048e-02
8.881012023333338945e-01,-6.071695166222572382e-02
8.883012023333343166e-01,-6.054379566613153629e-02
8.885012023333336284e-01,-6.037179860166631828e-02
8.887012023333327182e-01,-6.020095756672859399e-02
8.889012023333331403e-01,-6.003126960680198188e-02
8.891012023333328962e-01,-5.986273171540426596e-02
8.893012023333330962e-01,-5.969534083453197082e-02
8.895012023333319640e-01,-5.952909385511802320e-02
8.897012023333334962e-01,-5.936398761748157282e-02
8.899012023333339183e-01,-5.920001891179921261e-02
8.901012023333338963e-01,-5.903718447855823420e-02
8.903012023333329861e-01,-5.887548100902818132e-02
8.905012023333331861e-01,-5.871490514572776098e-02
8.907012023333329420e-01,-5.855545348290279450e-02
8.909012023333338082e-01,-5.839712256699720189e-02
8.911012023333331200e-01,-5.823990889713775293e-02
8.913012023333330980e-01,-5.808380892560898595e-02
8.915012023333335200e-01,-5.792881905834405820e-02
8.917012023333341642e-01,-5.777493565541022558e-02
8.919012023333336980e-01,-5.762215503150017182e-02
8.921012023333323437e-01,-5.747047345642308791e-02
8.923012023333329878e-01,-5.731988715559889480e-02
8.925012023333329658e-01,-5.717039231056306181e-02
8.927012023333338320e-01,-5.702198505945894197e-02
8.929012023333320336e-01,-5.687466149754787093e-02
8.931012023333335659e-01,-5.672841767770318844e-02
8.933012023333337659e-01,-5.658324961093194605e-02
8.935012023333348541e-01,-5.643915326687154455e-02
8.937012023333330557e-01,-5.629612457430992895e-02
8.939012023333330337e-01,-5.615415942168881791e-02
8.941012023333332337e-01,-5.601325365762878372e-02
8.943012023333334337e-01,-5.587340309144105815e-02
8.945012023333334117e-01,-5.573460349364661726e-02
8.947012023333329456e-01,-5.559685059649666083e-02
8.949012023333338117e-01,-5.546014009449307808e-02
8.951012023333342338e-01,-5.532446764491523450e-02
8.953012023333337677e-01,-5.518982886834165880e-02
8.955012023333324134e-01,-5.505621934917645510e-02
8.957012023333326134e-01,-5.492363463617558339e-02
8.959012023333328134e-01,-5.479207024297963469e-02
8.961012023333339016e-01,-5.466152164863925800e-02
8.963012023333323253e-01,-5.453198429815050985e-02
8.965012023333334135e-01,-5.440345360297808852e-02
8.967012023333338355e-01,-5.427592494159920455e-02
8.969012023333347017e-01,-5.414939366002900073e-02
8.971012023333331253e-01,-5.402385507236016904e-02
8.973012023333328813e-01,-5.389930446129137520e-02
8.975012023333328592e-01,-5.377573707867037978e-02
8.977012023333335033e-01,-5.365314814602621662e-02
8.979012023333332593e-01,-5.353153285510830334e-02
8.981012023333325711e-01,-5.341088636842136056e-02
8.983012023333341034e-01,-5.329120381976282933e-02
8.985012023333340814e-01,-5.317248031476627668e-02
8.987012023333345034e-01,-5.305471093143215855e-02
8.989012023333324830e-01,-5.293789072067243279e-02
8.991012023333329051e-01,-5.282201470684207839e-02
8.993012023333328830e-01,-5.270707788828619261e-02
8.995012023333341933e-01,-5.259307523787162819e-02
8.997012023333323949e-01,-5.248000170353157162e-02
8.999012023333330390e-01,-5.236785220879447422e-02
9.001012023333339052e-01,-5.225662165333233578e-02
9.003012023333343272e-01,-5.214630491349320218e-02
9.005012023333334170e-01,-5.203689684283920036e-02
9.007012023333327289e-01,-5.192839227268250535e-02
9.009012023333331509e-01,-5.182078601262346540e-02
9.011012023333331289e-01,-5.171407285108724217e-02
9.013012023333331069e-01,-5.160824755585703694e-02
9.015012023333321967e-01,-5.150330487461049489e-02
9.017012023333335069e-01,-5.139923953545081498e-02
9.019012023333339290e-01,-5.129604624744540931e-02
9.021012023333339069e-01,-5.119371970115277337e-02
9.023012023333329967e-01,-5.109225456915671842e-02
9.025012023333331967e-01,-5.099164550659467804e-02
9.027012023333325086e-01,-5.089188715169064986e-02
9.029012023333344850e-01,-5.079297412627846453e-02
9.031012023333324645e-01,-5.069490103633720463e-02
9.033012023333331086e-01,-5.059766247250515464e-02
9.035012023333339748e-01,-5.050125301061571259e-02
9.037012023333341748e-01,-5.040566721221559354e-02
9.039012023333337087e-01,-5.031089962508718955e-02
9.041012023333325764e-01,-5.021694478376950710e-02
9.043012023333332206e-01,-5.012379721007633598e-02
9.045012023333329765e-01,-5.003145141361715897e-02
9.047012023333338426e-01,-4.993990189230862464e-02
9.049012023333324883e-01,-4.984914313289368071e-02
9.051012023333333545e-01,-4.975916961144806472e-02
9.053012023333337766e-01,-4.966997579389807738e-02
9.055012023333346427e-01,-4.958155613652474869e-02
9.057012023333335105e-01,-4.949390508647426301e-02
9.059012023333330443e-01,-4.940701708225965494e-02
9.061012023333328003e-01,-4.932088655426773022e-02
9.063012023333336664e-01,-4.923550792525843017e-02
9.065012023333329783e-01,-4.915087561086653456e-02
9.067012023333331783e-01,-4.906698402009507243e-02
9.069012023333338224e-01,-4.898382755581382614e-02
9.071012023333340224e-01,-4.890140061525129200e-02
9.073012023333337783e-01,-4.881969759048472579e-02
9.075012023333324240e-01,-4.873871286892932086e-02
9.077012023333328461e-01,-4.865844083382247359e-02
9.079012023333330461e-01,-4.857887586471091451e-02
9.081012023333336902e-01,-4.850001233792898547e-02
9.083012023333318918e-01,-4.842184462708000459e-02
9.085012023333334241e-01,-4.834436710350755589e-02
9.087012023333336241e-01,-4.826757413677713882e-02
9.089012023333344903e-01,-4.819146009514042872e-02
9.091012023333326919e-01,-4.811601934600849562e-02
9.093012023333328919e-01,-4.804124625641277568e-02
9.095012023333330919e-01,-4.796713519347373111e-02
9.097012023333332920e-01,-4.789368052485808158e-02
9.099012023333334920e-01,-4.782087661923729860e-02
9.101012023333328038e-01,-4.774871784674269981e-02
9.103012023333338920e-01,-4.767719857941585954e-02
9.105012023333340920e-01,-4.760631319166100384e-02
9.107012023333340700e-01,-4.753605606068798950e-02
9.109012023333324937e-01,-4.746642156695755899e-02
9.111012023333329157e-01,-4.739740409461901116e-02
9.113012023333324496e-01,-4.732899803195145944e-02
9.115012023333342039e-01,-4.726119777179365461e-02
9.117012023333326276e-01,-4.719399771197989313e-02
9.119012023333332717e-01,-4.712739225576140917e-02
9.121012023333339158e-01,-4.706137581223743260e-02
9.123012023333343379e-01,-4.699594279677334063e-02
9.125012023333332056e-01,-4.693108763142018330e-02
9.127012023333322954e-01,-4.686680474532842200e-02
9.129012023333329395e-01,-4.680308857516066873e-02
9.131012023333333616e-01,-4.673993356550130984e-02
9.133012023333335616e-01,-4.667733416925994028e-02
9.135012023333324294e-01,-4.661528484807417327e-02
9.137012023333339616e-01,-4.655378007270610796e-02
9.139012023333341617e-01,-4.649281432344129494e-02
9.141012023333343617e-01,-4.643238209047642617e-02
9.143012023333327853e-01,-4.637247787430985591e-02
9.145012023333332074e-01,-4.631309618612359374e-02
9.147012023333322972e-01,-4.625423154816837856e-02
9.149012023333340515e-01,-4.619587849413688690e-02
9.151012023333324752e-01,-4.613803156954289497e-02
9.153012023333337854e-01,-4.608068533208511258e-02
9.155012023333339855e-01,-4.602383435202091200e-02
9.157012023333344075e-01,-4.596747321252472873e-02
9.159012023333334973e-01,-4.591159651005025794e-02
9.161012023333325871e-01,-4.585619885468485840e-02
9.163012023333327871e-01,-4.580127487050254798e-02
9.165012023333327651e-01,-4.574681919591330054e-02
9.167012023333336312e-01,-4.569282648400684044e-02
9.169012023333324990e-01,-4.563929140289520181e-02
9.171012023333335872e-01,-4.558620863604769674e-02
9.173012023333337872e-01,-4.553357288262803448e-02
9.175012023333342093e-01,-4.548137885782153195e-02
9.177012023333330770e-01,-4.542962129316309439e-02
9.179012023333332770e-01,-4.537829493685754945e-02
9.181012023333328109e-01,-4.532739455410079304e-02
9.183012023333338991e-01,-4.527691492739229634e-02
9.185012023333332110e-01,-4.522685085684841066e-02
9.187012023333334110e-01,-4.517719716050668660e-02
9.189012023333338330e-01,-4.512794867463140736e-02
9.191012023333340331e-01,-4.507910025401221099e-02
9.193012023333335669e-01,-4.503064677225957629e-02
9.195012023333322126e-01,-4.498258312209656856e-02
9.197012023333328568e-01,-4.493490421564591553e-02
9.199012023333326127e-01,-4.488760498471607019e-02
9.201012023333337009e-01,-4.484068038107854454e-02
9.203012023333323466e-01,-4.479412537674675593e-02
9.205012023333336568e-01,-4.474793496424479822e-02
9.207012023333340789e-01,-4.470210415687972394e-02
9.209012023333347230e-01,-4.465662798900282143e-02
9.211012023333331467e-01,-4.461150151627221727e-02
9.213012023333331246e-01,-4.456671981590686060e-02
9.215012023333328806e-01,-4.452227798694206873e-02
9.217012023333333026e-01,-4.447817115047642683e-02
9.219012023333330585e-01,-4.443439444991732767e-02
9.221012023333330365e-01,-4.439094305122118223e-02
9.223012023333339027e-01,-4.434781214313066044e-02
9.225012023333343247e-01,-4.430499693740827527e-02
9.227012023333340807e-01,-4.426249266906438773e-02
9.229012023333320602e-01,-4.422029459658323447e-02
9.231012023333324823e-01,-4.417839800214243967e-02
9.233012023333329044e-01,-4.413679819183301267e-02
9.235012023333339926e-01,-4.409549049587058178e-02
9.237012023333324162e-01,-4.405447026880643380e-02
9.239012023333335044e-01,-4.401373288973017828e-02
9.241012023333339265e-01,-4.397327376247513187e-02
9.243012023333345706e-01,-4.393308831581338447e-02
9.245012023333332163e-01,-4.389317200365092791e-02
9.247012023333327502e-01,-4.385352030521596362e-02
9.249012023333329502e-01,-4.381412872524673846e-02
9.251012023333333723e-01,-4.377499279417289280e-02
9.253012023333333502e-01,-4.373610806829378306e-02
9.255012023333328841e-01,-4.369747012995268964e-02
9.257012023333339723e-01,-4.365907458770710431e-02
9.259012023333339503e-01,-4.362091707649670691e-02
9.261012023333345944e-01,-4.358299325780437550e-02
9.263012023333325740e-01,-4.354529881981702294e-02
9.265012023333329960e-01,-4.350782947757818320e-02
9.267012023333323079e-01,-4.347058097314263764e-02
9.269012023333338401e-01,-4.343354907572104934e-02
9.271012023333327079e-01,-4.339672958182640150e-02
9.273012023333335740e-01,-4.336011831541081163e-02
9.275012023333339961e-01,-4.332371112800460777e-02
9.277012023333341961e-01,-4.328750389884735567e-02
9.279012023333332859e-01,-4.325149253501671398e-02
9.281012023333325978e-01,-4.321567297155316789e-02
9.283012023333330198e-01,-4.318004117158161237e-02
9.285012023333329978e-01,-4.314459312642929950e-02
9.287012023333334199e-01,-4.310932485573863021e-02
9.289012023333325097e-01,-4.307423240757845412e-02
9.291012023333338199e-01,-4.303931185854893704e-02
9.293012023333340199e-01,-4.300455931388671993e-02
9.295012023333342199e-01,-4.296997090756202176e-02
9.297012023333330877e-01,-4.293554280237542320e-02
9.299012023333332877e-01,-4.290127119004899514e-02
9.301012023333323775e-01,-4.286715229131590754e-02
9.303012023333339098e-01,-4.283318235600360596e-02
9.305012023333327775e-01,-4.279935766311755707e-02
9.307012023333334216e-01,-4.276567452091593891e-02
9.309012023333338437e-01,-4.273212926698646136e-02
9.311012023333344878e-01,-4.269871826831585226e-02
9.313012023333337996e-01,-4.266543792135767815e-02
9.315012023333324453e-01,-4.263228465209552981e-02
9.317012023333330895e-01,-4.259925491610342535e-02
9.319012023333324013e-01,-4.256634519860415938e-02
9.321012023333334895e-01,-4.253355201452069245e-02
9.323012023333325793e-01,-4.250087190852865071e-02
9.325012023333336675e-01,-4.246830145510055443e-02
9.327012023333334234e-01,-4.243583725855207961e-02
9.329012023333347337e-01,-4.240347595307963208e-02
9.331012023333333794e-01,-4.237121420279971185e-02
9.333012023333331353e-01,-4.233904870177986057e-02
9.335012023333328912e-01,-4.230697617407118416e-02
9.337012023333335353e-01,-4.227499337373424870e-02
9.339012023333330692e-01,-4.224309708486385928e-02
9.341012023333332692e-01,-4.221128412160876642e-02
9.343012023333339133e-01,-4.217955132818995700e-02
9.345012023333338913e-01,-4.214789557891494842e-02
9.347012023333336472e-01,-4.211631377818877975e-02
9.349012023333322929e-01,-4.208480286052268537e-02
9.351012023333327150e-01,-4.205335979053811957e-02
9.353012023333329150e-01,-4.202198156297067000e-02
9.355012023333331150e-01,-4.199066520266758057e-02
9.357012023333322048e-01,-4.195940776458459420e-02
9.359012023333335151e-01,-4.192820633377804945e-02
9.361012023333334930e-01,-4.189705802539673424e-02
9.363012023333343592e-01,-4.186595998466733498e-02
9.365012023333330049e-01,-4.183490938688019800e-02
9.367012023333329829e-01,-4.180390343736910264e-02
9.369012023333331829e-01,-4.177293937149142988e-02
9.371012023333333829e-01,-4.174201445460328647e-02
9.373012023333335829e-01,-4.171112598203227662e-02
9.375012023333328948e-01,-4.168027127904813667e-02
9.377012023333337609e-01,-4.164944770082940062e-02
9.379012023333339609e-01,-4.161865263242925383e-02
9.381012023333341610e-01,-4.158788348873662666e-02
9.383012023333325846e-01,-4.155713771443611537e-02
9.385012023333330067e-01,-4.152641278396368429e-02
9.387012023333323185e-01,-4.149570620146254135e-02
9.389012023333340728e-01,-4.146501550073258824e-02
9.391012023333327186e-01,-4.143433824518186204e-02
9.393012023333335847e-01,-4.140367202776978200e-02
9.395012023333337847e-01,-4.137301447095401152e-02
9.397012023333344288e-01,-4.134236322663002727e-02
9.399012023333330745e-01,-4.131171597607129209e-02
9.401012023333323864e-01,-4.128107042986436936e-02
9.403012023333328084e-01,-4.125042432784421786e-02
9.405012023333332305e-01,-4.121977543902592689e-02
9.407012023333336526e-01,-4.118912156153370363e-02
9.409012023333327424e-01,-4.115846052252827847e-02
9.411012023333338306e-01,-4.112779017813097959e-02
9.413012023333338085e-01,-4.109710841334783538e-02
9.415012023333344526e-01,-4.106641314198819503e-02
9.417012023333328763e-01,-4.103570230658447338e-02
9.419012023333330763e-01,-4.100497387830601831e-02
9.421012023333326102e-01,-4.097422585687534452e-02
9.423012023333339204e-01,-4.094345627047771274e-02
9.425012023333330102e-01,-4.091266317567267274e-02
9.427012023333336543e-01,-4.088184465729927108e-02
9.429012023333340764e-01,-4.085099882838372221e-02
9.431012023333344985e-01,-4.082012383004159084e-02
9.433012023333333662e-01,-4.078921783137980095e-02
9.435012023333329001e-01,-4.075827902939557768e-02
9.437012023333328781e-01,-4.072730564887475091e-02
9.439012023333328560e-01,-4.069629594228728331e-02
9.441012023333335001e-01,-4.066524818968082072e-02
9.443012023333319238e-01,-4.063416069857345853e-02
9.445012023333336781e-01,-4.060303180384214339e-02
9.447012023333336561e-01,-4.057185986761391999e-02
9.449012023333340782e-01,-4.054064327914982946e-02
9.451012023333329459e-01,-4.050938045473171517e-02
9.453012023333333680e-01,-4.047806983754390076e-02
9.455012023333331239e-01,-4.044670989755638768e-02
9.457012023333337680e-01,-4.041529913140338992e-02
9.459012023333333019e-01,-4.038383606226275679e-02
9.461012023333335019e-01,-4.035231923973146839e-02
9.463012023333339240e-01,-4.032074723970184571e-02
9.465012023333339020e-01,-4.028911866423470767e-02
9.467012023333334358e-01,-4.025743214143145954e-02
9.469012023333323036e-01,-4.022568632530484911e-02
9.471012023333329477e-01,-4.019387989564761343e-02
9.473012023333327036e-01,-4.016201155790158350e-02
9.475012023333335698e-01,-4.013008004302239667e-02
9.477012023333324375e-01,-4.009808410734621437e-02
9.479012023333335257e-01,-4.006602253245120787e-02
9.481012023333335037e-01,-4.003389412502239564e-02
9.483012023333345919e-01,-4.000169771671073515e-02
9.485012023333332376e-01,-3.996943216399447690e-02
9.487012023333329935e-01,-3.993709634803593866e-02
9.489012023333329715e-01,-3.990468917454058351e-02
9.491012023333333936e-01,-3.987220957361243406e-02
9.493012023333335936e-01,-3.983965649960947986e-02
9.495012023333329054e-01,-3.980702893099728745e-02
9.497012023333337716e-01,-3.977432587020152815e-02
9.499012023333335275e-01,-3.974154634346101916e-02
9.501012023333335055e-01,-3.970868940067701081e-02
9.503012023333323732e-01,-3.967575411526388929e-02
9.505012023333327953e-01,-3.964273958399695819e-02
9.507012023333329953e-01,-3.960964492686148281e-02
9.509012023333336394e-01,-3.957646928689843857e-02
9.511012023333325072e-01,-3.954321183005124474e-02
9.513012023333333733e-01,-3.950987174500943111e-02
9.515012023333337954e-01,-3.947644824305477501e-02
9.517012023333344395e-01,-3.944294055790306675e-02
9.519012023333330852e-01,-3.940934794554765142e-02
9.521012023333326191e-01,-3.937566968409993845e-02
9.523012023333337073e-01,-3.934190507363143074e-02
9.525012023333336852e-01,-3.930805343601434521e-02
9.527012023333336632e-01,-3.927411411475989489e-02
9.529012023333327530e-01,-3.924008647485807688e-02
9.531012023333338412e-01,-3.920596990261501769e-02
9.533012023333335971e-01,-3.917176380549211578e-02
9.535012023333342412e-01,-3.913746761194110413e-02
9.537012023333324429e-01,-3.910308077124226983e-02
9.539012023333330870e-01,-3.906860275333794152e-02
9.541012023333328429e-01,-3.903403304867053558e-02
9.543012023333341531e-01,-3.899937116801499570e-02
9.545012023333327988e-01,-3.896461664231512523e-02
9.547012023333332209e-01,-3.892976902251484017e-02
9.549012023333340871e-01,-3.889482787939391173e-02
9.551012023333340650e-01,-3.885979280340005199e-02
9.553012023333331548e-01,-3.882466340448109676e-02
9.555012023333329108e-01,-3.878943931191723010e-02
9.557012023333331108e-01,-3.875412017415333366e-02
9.559012023333330887e-01,-3.871870565863025360e-02
9.561012023333335108e-01,-3.868319545161575529e-02
9.563012023333323786e-01,-3.864758925803595674e-02
9.565012023333339108e-01,-3.861188680130452078e-02
9.567012023333336668e-01,-3.857608782315563589e-02
9.569012023333343109e-01,-3.854019208347146674e-02
9.571012023333329566e-01,-3.850419936011424682e-02
9.573012023333333786e-01,-3.846810944875400651e-02
9.575012023333329125e-01,-3.843192216270055472e-02
9.577012023333337787e-01,-3.839563733273082535e-02
9.579012023333328685e-01,-3.835925480692031764e-02
9.581012023333335126e-01,-3.832277445047005404e-02
9.583012023333339346e-01,-3.828619614553811779e-02
9.585012023333339126e-01,-3.824951979106740174e-02
9.587012023333336685e-01,-3.821274530261502961e-02
9.589012023333323143e-01,-3.817587261218188810e-02
9.591012023333334024e-01,-3.813890166804052850e-02
9.593012023333327143e-01,-3.810183243456670421e-02
9.595012023333335804e-01,-3.806466489206569714e-02
9.597012023333322261e-01,-3.802739903660432713e-02
9.599012023333339805e-01,-3.799003487983723670e-02
9.601012023333335144e-01,-3.795257244884010089e-02
9.603012023333343805e-01,-3.791501178593539856e-02
9.605012023333330262e-01,-3.787735294852531687e-02
9.607012023333332262e-01,-3.783959600891870223e-02
9.609012023333334263e-01,-3.780174105416362479e-02
9.611012023333334042e-01,-3.776378818587623060e-02
9.613012023333331602e-01,-3.772573752007146730e-02
9.615012023333333602e-01,-3.768758918699362248e-02
9.617012023333337822e-01,-3.764934333094754199e-02
9.619012023333337602e-01,-3.761100011012974420e-02
9.621012023333335161e-01,-3.757255969645945104e-02
9.623012023333323839e-01,-3.753402227541086100e-02
9.625012023333332500e-01,-3.749538804584424956e-02
9.627012023333330060e-01,-3.745665721984011570e-02
9.629012023333334280e-01,-3.741783002252989376e-02
9.631012023333320737e-01,-3.737890669193073140e-02
9.633012023333336060e-01,-3.733988747877677733e-02
9.635012023333335840e-01,-3.730077264635604795e-02
9.637012023333342281e-01,-3.726156247034174973e-02
9.639012023333328738e-01,-3.722225723862902791e-02
9.641012023333330738e-01,-3.718285725116801665e-02
9.643012023333332738e-01,-3.714336281980145510e-02
9.645012023333332518e-01,-3.710377426809947921e-02
9.647012023333336739e-01,-3.706409193119619694e-02
9.649012023333323196e-01,-3.702431615562736672e-02
9.651012023333340739e-01,-3.698444729916583462e-02
9.653012023333336078e-01,-3.694448573066300145e-02
9.655012023333335858e-01,-3.690443182988371873e-02
9.657012023333324535e-01,-3.686428598734765860e-02
9.659012023333330976e-01,-3.682404860416738784e-02
9.661012023333328536e-01,-3.678372009189027209e-02
9.663012023333334977e-01,-3.674330087233752817e-02
9.665012023333325875e-01,-3.670279137744702352e-02
9.667012023333336757e-01,-3.666219204911334850e-02
9.669012023333340977e-01,-3.662150333903285704e-02
9.671012023333342977e-01,-3.658072570854482147e-02
9.673012023333331655e-01,-3.653985962847636909e-02
9.675012023333329214e-01,-3.649890557898596150e-02
9.677012023333331214e-01,-3.645786404940967729e-02
9.679012023333330994e-01,-3.641673553810662045e-02
9.681012023333332994e-01,-3.637552055230507814e-02
9.683012023333326113e-01,-3.633421960795041317e-02
9.685012023333339215e-01,-3.629283322955171448e-02
9.687012023333336774e-01,-3.625136195003256234e-02
9.689012023333343215e-01,-3.620980631057788696e-02
9.691012023333329672e-01,-3.616816686048640594e-02
9.693012023333331673e-01,-3.612644415701889156e-02
9.695012023333329232e-01,-3.608463876525237063e-02
9.697012023333340114e-01,-3.604275125793050816e-02
9.699012023333324350e-01,-3.600078221531864686e-02
9.701012023333335232e-01,-3.595873222505466260e-02
9.703012023333335012e-01,-3.591660188200738318e-02
9.705012023333339233e-01,-3.587439178812916463e-02
9.707012023333336792e-01,-3.583210255231382424e-02
9.709012023333327690e-01,-3.578973479025289450e-02
9.711012023333331911e-01,-3.574728912429344513e-02
9.713012023333329470e-01,-3.570476618329809781e-02
9.715012023333331470e-01,-3.566216660250301485e-02
9.717012023333322368e-01,-3.561949102337975265e-02
9.719012023333337691e-01,-3.557674009349472838e-02
9.721012023333335250e-01,-3.553391446637416823e-02
9.723012023333339471e-01,-3.549101480136405279e-02
9.725012023333330369e-01,-3.544804176349636987e-02
9.727012023333336810e-01,-3.540499602335191176e-02
9.729012023333332149e-01,-3.536187825692806846e-02
9.731012023333336369e-01,-3.531868914550326255e-02
9.733012023333327267e-01,-3.527542937550624813e-02
9.735012023333335929e-01,-3.523209963838240533e-02
9.737012023333337929e-01,-3.518870063046530827e-02
9.739012023333339929e-01,-3.514523305284500410e-02
9.741012023333333048e-01,-3.510169761124018462e-02
9.743012023333326166e-01,-3.505809501586928251e-02
9.745012023333332607e-01,-3.501442598132384343e-02
9.747012023333327946e-01,-3.497069122644318878e-02
9.749012023333336607e-01,-3.492689147418740619e-02
9.751012023333323064e-01,-3.488302745151537765e-02
9.753012023333340608e-01,-3.483909988925824180e-02
9.755012023333335947e-01,-3.479510952200128016e-02
9.757012023333342388e-01,-3.475105708795828141e-02
9.759012023333328845e-01,-3.470694332885433664e-02
9.761012023333330845e-01,-3.466276898980352739e-02
9.763012023333332845e-01,-3.461853481919290737e-02
9.765012023333337066e-01,-3.457424156856341718e-02
9.767012023333327964e-01,-3.452988999249412272e-02
9.769012023333329964e-01,-3.448548084848515605e-02
9.771012023333340846e-01,-3.444101489684470857e-02
9.773012023333338405e-01,-3.439649290057508746e-02
9.775012023333335964e-01,-3.435191562525879289e-02
9.777012023333324642e-01,-3.430728383894805777e-02
9.779012023333331083e-01,-3.426259831205294426e-02
9.781012023333330863e-01,-3.421785981723332593e-02
9.783012023333335083e-01,-3.417306912928839979e-02
9.785012023333323761e-01,-3.412822702505020900e-02
9.787012023333336863e-01,-3.408333428327497971e-02
9.789012023333336643e-01,-3.403839168454030062e-02
9.791012023333343084e-01,-3.399340001113737575e-02
9.793012023333331761e-01,-3.394836004696942522e-02
9.795012023333329321e-01,-3.390327257744684547e-02
9.797012023333333541e-01,-3.385813838938708104e-02
9.799012023333331101e-01,-3.381295827091349709e-02
9.801012023333333101e-01,-3.376773301135471000e-02
9.803012023333328440e-01,-3.372246340114690155e-02
9.805012023333343762e-01,-3.367715023173453032e-02
9.807012023333336881e-01,-3.363179429547605986e-02
9.809012023333343322e-01,-3.358639638554470480e-02
9.811012023333323118e-01,-3.354095729583713575e-02
9.813012023333329559e-01,-3.349547782087586995e-02
9.815012023333327118e-01,-3.344995875572048111e-02
9.817012023333335780e-01,-3.340440089587258521e-02
9.819012023333324457e-01,-3.335880503718739037e-02
9.821012023333337559e-01,-3.331317197578104877e-02
9.823012023333339560e-01,-3.326750250794524577e-02
9.825012023333341560e-01,-3.322179743005656410e-02
9.827012023333330237e-01,-3.317605753849125344e-02
9.829012023333327797e-01,-3.313028362953798073e-02
9.831012023333332017e-01,-3.308447649931433449e-02
9.833012023333329577e-01,-3.303863694368269072e-02
9.835012023333336018e-01,-3.299276575816635637e-02
9.837012023333324695e-01,-3.294686373786934186e-02
9.839012023333340018e-01,-3.290093167739280289e-02
9.841012023333337577e-01,-3.285497037075885834e-02
9.843012023333341798e-01,-3.280898061132798277e-02
9.845012023333330475e-01,-3.276296319172365690e-02
9.847012023333336916e-01,-3.271691890375306305e-02
9.849012023333330035e-01,-3.267084853833383817e-02
9.851012023333340917e-01,-3.262475288541610841e-02
9.853012023333327374e-01,-3.257863273391150422e-02
9.855012023333336035e-01,-3.253248887161636765e-02
9.857012023333338036e-01,-3.248632208514339037e-02
9.859012023333337815e-01,-3.244013315984789481e-02
9.861012023333335375e-01,-3.239392287975850770e-02
9.863012023333326272e-01,-3.234769202750793771e-02
9.865012023333334934e-01,-3.230144138426380845e-02
9.867012023333325832e-01,-3.225517172966345381e-02
9.869012023333336714e-01,-3.220888384174434155e-02
9.871012023333323171e-01,-3.216257849688229642e-02
9.873012023333340714e-01,-3.211625646972267323e-02
9.875012023333333833e-01,-3.206991853312170238e-02
9.877012023333342494e-01,-3.202356545807905075e-02
9.879012023333331172e-01,-3.197719801368007625e-02
9.881012023333330951e-01,-3.193081696703170547e-02
9.883012023333330731e-01,-3.188442308320506291e-02
9.885012023333334952e-01,-3.183801712517532467e-02
9.887012023333332511e-01,-3.179159985376420194e-02
9.889012023333336732e-01,-3.174517202758204981e-02
9.891012023333340952e-01,-3.169873440297257122e-02
9.893012023333336291e-01,-3.165228773395720174e-02
9.895012023333336071e-01,-3.160583277218001474e-02
9.897012023333326969e-01,-3.155937026685544378e-02
9.899012023333331189e-01,-3.151290096471412450e-02
9.901012023333328749e-01,-3.146642560995302484e-02
9.903012023333335190e-01,-3.141994494418276496e-02
9.905012023333326088e-01,-3.137345970637935022e-02
9.907012023333336970e-01,-3.132697063283280958e-02
9.909012023333336749e-01,-3.128047845710184988e-02
9.911012023333340970e-01,-3.123398390996391313e-02
9.913012023333329648e-01,-3.118748771937049358e-02
9.915012023333331648e-01,-3.114099061039956456e-02
9.917012023333333648e-01,-3.109449330521289051e-02
9.919012023333331207e-01,-3.104799652301086510e-02
9.921012023333330987e-01,-3.100150097998934443e-02
9.923012023333330767e-01,-3.095500738929779852e-02
9.925012023333339428e-01,-3.090851646099745942e-02
9.927012023333336987e-01,-3.086202890202153007e-02
9.929012023333336767e-01,-3.081554541613399159e-02
9.931012023333323224e-01,-3.076906670389204651e-02
9.933012023333331886e-01,-3.072259346260605359e-02
9.935012023333327225e-01,-3.067612638630496519e-02
9.937012023333338107e-01,-3.062966616569668885e-02
9.939012023333329005e-01,-3.058321348813520732e-02
9.941012023333339886e-01,-3.053676903758236957e-02
9.943012023333335225e-01,-3.049033349457715494e-02
9.945012023333339446e-01,-3.044390753619913639e-02
9.947012023333328123e-01,-3.039749183603832061e-02
9.949012023333330124e-01,-3.035108706416088722e-02
9.951012023333336565e-01,-3.030469388708012871e-02
9.953012023333331904e-01,-3.025831296772546822e-02
9.955012023333331683e-01,-3.021194496541179317e-02
9.957012023333329243e-01,-3.016559053581197025e-02
9.959012023333342345e-01,-3.011925033092750087e-02
9.961012023333331022e-01,-3.007292499906310049e-02
9.963012023333339684e-01,-3.002661518479669833e-02
9.965012023333323921e-01,-2.998032152895746538e-02
9.967012023333332582e-01,-2.993404466859641774e-02
9.969012023333327921e-01,-2.988778523696602324e-02
9.971012023333341023e-01,-2.984154386349276850e-02
9.973012023333327480e-01,-2.979532117375738309e-02
9.975012023333333921e-01,-2.974911778946859320e-02
9.977012023333338142e-01,-2.970293432844503881e-02
9.979012023333337922e-01,-2.965677140459219152e-02
9.981012023333328820e-01,-2.961062962788242603e-02
9.983012023333328600e-01,-2.956450960433486957e-02
9.985012023333335041e-01,-2.951841193599717000e-02
9.987012023333330379e-01,-2.947233722092714933e-02
9.989012023333332380e-01,-2.942628605317381893e-02
9.991012023333323278e-01,-2.938025902276191620e-02
9.993012023333340821e-01,-2.933425671567343671e-02
9.995012023333336160e-01,-2.928827971383498804e-02
9.997012023333340380e-01,-2.924232859509888829e-02
9.999012023333329058e-01,-2.919640393323166133e-02
1.000101201300000131e+00,-2.915050653496448554e-02
1.000301201299999665e+00,-2.910463649157064153e-02
1.000501201300000087e+00,-2.905879460168137376e-02
1.000701201300000065e+00,-2.901298142258138674e-02
1.000901201300000931e+00,-2.896719750740412228e-02
1.001101201300000465e+00,-2.892144340512211101e-02
1.001301201299999555e+00,-2.887571966053524217e-02
1.001501201299999533e+00,-2.883002681426144465e-02
1.001701201299999067e+00,-2.878436540272829441e-02
1.001901201300000599e+00,-2.873873595816281781e-02
1.002101201299999467e+00,-2.869313900858589186e-02
1.002301201300000333e+00,-2.864757507780100326e-02
1.002501201300000311e+00,-2.860204468539103914e-02
1.002701201300001177e+00,-2.855654834670907916e-02
1.002901201299999379e+00,-2.851108657287474910e-02
1.003101201300000023e+00,-2.846565987076562707e-02
1.003301201299999335e+00,-2.842026874301637959e-02
1.003501201299999979e+00,-2.837491368801091374e-02
1.003701201299999735e+00,-2.832959519988109340e-02
1.003901201300000157e+00,-2.828431376850145187e-02
1.004101201299999691e+00,-2.823906987948790123e-02
1.004301201300000557e+00,-2.819386401419382571e-02
1.004501201300000757e+00,-2.814869664971001578e-02
1.004701201299999180e+00,-2.810356825886214244e-02
1.004901201299999824e+00,-2.805847931020889405e-02
1.005101201299999580e+00,-2.801343026804429398e-02
1.005301201300000447e+00,-2.796842159239496667e-02
1.005501201299999536e+00,-2.792345373902290276e-02
1.005701201300000180e+00,-2.787852715942380766e-02
1.005901201300000380e+00,-2.783364230083120242e-02
1.006101201300001025e+00,-2.778879960621631270e-02
1.006301201299999892e+00,-2.774399951429165276e-02
1.006501201299999648e+00,-2.769924245951200723e-02
1.006701201299999182e+00,-2.765452887207940288e-02
1.006901201299999604e+00,-2.760985917794530481e-02
1.007101201299999582e+00,-2.756523379881561583e-02
1.007301201300000004e+00,-2.752065315215394478e-02
1.007501201300000426e+00,-2.747611765118719573e-02
1.007701201300000626e+00,-2.743162770491028996e-02
1.007901201300001048e+00,-2.738718371809162333e-02
1.008101201299999250e+00,-2.734278609127979015e-02
1.008301201299999672e+00,-2.729843522080765972e-02
1.008501201299999206e+00,-2.725413149880227814e-02
1.008701201300000516e+00,-2.720987531318889985e-02
1.008901201299999606e+00,-2.716566704770115998e-02
1.009101201300000028e+00,-2.712150708188566448e-02
1.009301201300000450e+00,-2.707739579111288070e-02
1.009501201300000872e+00,-2.703333354658407281e-02
1.009701201299999962e+00,-2.698932071534085320e-02
1.009901201299999496e+00,-2.694535766027316911e-02
1.010101201299999252e+00,-2.690144474012993309e-02
1.010301201299999452e+00,-2.685758230952828632e-02
1.010501201300000318e+00,-2.681377071896370520e-02
1.010701201299999630e+00,-2.677001031482100293e-02
1.010901201300000718e+00,-2.672630143938327374e-02
1.011101201300000252e+00,-2.668264443084553475e-02
1.011301201300000674e+00,-2.663903962332338227e-02
1.011501201299999320e+00,-2.659548734686693200e-02
1.011701201299999964e+00,-2.655198792747018657e-02
1.011901201299999720e+00,-2.650854168708608252e-02
1.012101201300000364e+00,-2.646514894363647882e-02
1.012301201300000120e+00,-2.642181001102663143e-02
1.012501201300000098e+00,-2.637852519915682981e-02
1.012701201300000520e+00,-2.633529481393643776e-02
1.012901201300000942e+00,-2.629211915729738266e-02
1.013101201300000032e+00,-2.624899852720793958e-02
1.013301201299999788e+00,-2.620593321768583533e-02
1.013501201299999543e+00,-2.616292351881380901e-02
1.013701201299999521e+00,-2.611996971675335441e-02
1.013901201300000832e+00,-2.607707209375940971e-02
1.014101201299999477e+00,-2.603423092819661527e-02
1.014301201300000344e+00,-2.599144649455150183e-02
1.014501201300000321e+00,-2.594871906345152038e-02
1.014701201300000966e+00,-2.590604890167788263e-02
1.014901201299999389e+00,-2.586343627218341476e-02
1.015101201299999811e+00,-2.582088143410605705e-02
1.015301201299999567e+00,-2.577838464278813316e-02
1.015501201300000211e+00,-2.573594614979035633e-02
1.015701201299999745e+00,-2.569356620291012028e-02
1.015901201300000167e+00,-2.565124504619675436e-02
1.016101201299999701e+00,-2.560898291997010592e-02
1.016301201300000567e+00,-2.556678006083606958e-02
1.016501201300000767e+00,-2.552463670170570034e-02
1.016701201299999635e+00,-2.548255307181151313e-02
1.016901201299999835e+00,-2.544052939672480571e-02
1.017101201299999591e+00,-2.539856589837506326e-02
1.017301201300000457e+00,-2.535666279506638976e-02
1.017501201299999547e+00,-2.531482030149728724e-02
1.017701201299999969e+00,-2.527303862877670199e-02
1.017901201300000391e+00,-2.523131798444477880e-02
1.018101201300000813e+00,-2.518965857249013882e-02
1.018301201299999903e+00,-2.514806059336922514e-02
1.018501201299999881e+00,-2.510652424402413582e-02
1.018701201299999415e+00,-2.506504971790307623e-02
1.018901201299999837e+00,-2.502363720497820590e-02
1.019101201299999371e+00,-2.498228689176608744e-02
1.019301201300000015e+00,-2.494099896134557848e-02
1.019501201299999993e+00,-2.489977359337891202e-02
1.019701201300000415e+00,-2.485861096412986249e-02
1.019901201300001059e+00,-2.481751124648433338e-02
1.020101201299999039e+00,-2.477647460997042805e-02
1.020301201300000127e+00,-2.473550122077597738e-02
1.020501201299999439e+00,-2.469459124177254480e-02
1.020701201300000527e+00,-2.465374483253154198e-02
1.020901201299999617e+00,-2.461296214934766829e-02
1.021101201300000483e+00,-2.457224334525610551e-02
1.021301201300000239e+00,-2.453158857005574220e-02
1.021501201300000883e+00,-2.449099797032725997e-02
1.021701201299999529e+00,-2.445047168945559124e-02
1.021901201299999951e+00,-2.441000986764815459e-02
1.022101201299999040e+00,-2.436961264195821111e-02
1.022301201299999907e+00,-2.432928014630292984e-02
1.022501201299999884e+00,-2.428901251148654628e-02
1.022701201299999862e+00,-2.424880986521929863e-02
1.022901201300000285e+00,-2.420867233213915004e-02
1.023101201300000707e+00,-2.416860003383270242e-02
1.023301201300000685e+00,-2.412859308885610676e-02
1.023501201299998886e+00,-2.408865161275615396e-02
1.023701201299999974e+00,-2.404877571809006451e-02
1.023901201299999286e+00,-2.400896551444954216e-02
1.024101201300000374e+00,-2.396922110847850632e-02
1.024301201299999686e+00,-2.392954260389726709e-02
1.024501201300000108e+00,-2.388993010152105217e-02
1.024701201300000086e+00,-2.385038369928339091e-02
1.024901201300000952e+00,-2.381090349225594913e-02
1.025101201299999820e+00,-2.377148957267117071e-02
1.025301201299999798e+00,-2.373214202994159902e-02
1.025501201299999776e+00,-2.369286095068321926e-02
1.025701201299999532e+00,-2.365364641873574092e-02
1.025901201299999954e+00,-2.361449851518395565e-02
1.026101201299999488e+00,-2.357541731837976481e-02
1.026301201299999910e+00,-2.353640290396240634e-02
1.026501201300000332e+00,-2.349745534488100612e-02
1.026701201300000754e+00,-2.345857471141525943e-02
1.026901201299999178e+00,-2.341976107119734044e-02
1.027101201300000044e+00,-2.338101448923168499e-02
1.027301201299999578e+00,-2.334233502791911372e-02
1.027501201300000444e+00,-2.330372274707543517e-02
1.027701201299999978e+00,-2.326517770395499646e-02
1.027901201300000400e+00,-2.322669995327007395e-02
1.028101201300000156e+00,-2.318828954721386532e-02
1.028301201300000800e+00,-2.314994653548044928e-02
1.028501201300000112e+00,-2.311167096528742720e-02
1.028701201299999424e+00,-2.307346288139570240e-02
1.028901201300000068e+00,-2.303532232613150071e-02
1.029101201299999602e+00,-2.299724933940820032e-02
1.029301201300000468e+00,-2.295924395874597221e-02
1.029501201299999558e+00,-2.292130621929482082e-02
1.029701201300000202e+00,-2.288343615385350985e-02
1.029901201300000402e+00,-2.284563379289281104e-02
1.030101201300000824e+00,-2.280789916457513083e-02
1.030301201299999247e+00,-2.277023229477650665e-02
1.030501201299999448e+00,-2.273263320710594559e-02
1.030701201299999648e+00,-2.269510192292855874e-02
1.030901201299999848e+00,-2.265763846138500043e-02
1.031101201299999603e+00,-2.262024283941282965e-02
1.031301201300000026e+00,-2.258291507176687224e-02
1.031501201299999559e+00,-2.254565517104080777e-02
1.031701201300000648e+00,-2.250846314768661580e-02
1.031901201300000626e+00,-2.247133901003692258e-02
1.032101201299999271e+00,-2.243428276432422527e-02
1.032301201300000137e+00,-2.239729441470114657e-02
1.032501201300000115e+00,-2.236037396326292365e-02
1.032701201300000537e+00,-2.232352141006573032e-02
1.032901201299999627e+00,-2.228673675314846170e-02
1.033101201300000049e+00,-2.225001998855169472e-02
1.033301201300000471e+00,-2.221337111033945891e-02
1.033501201300000893e+00,-2.217679011061843286e-02
1.033701201299999539e+00,-2.214027697955865334e-02
1.033901201299999517e+00,-2.210383170541238562e-02
1.034101201299999495e+00,-2.206745427453575548e-02
1.034301201299999473e+00,-2.203114467140766808e-02
1.034501201299999451e+00,-2.199490287864986487e-02
1.034701201299999873e+00,-2.195872887704664392e-02
1.034901201300000295e+00,-2.192262264556480572e-02
1.035101201300000717e+00,-2.188658416137303359e-02
1.035301201300000695e+00,-2.185061339986160006e-02
1.035501201299998897e+00,-2.181471033466196585e-02
1.035701201299999985e+00,-2.177887493766489727e-02
1.035901201299999297e+00,-2.174310717904257353e-02
1.036101201300000385e+00,-2.170740702726466076e-02
1.036301201299999697e+00,-2.167177444912027004e-02
1.036501201300000119e+00,-2.163620940973452755e-02
1.036701201300000541e+00,-2.160071187258954042e-02
1.036901201300000963e+00,-2.156528179954229213e-02
1.037101201299999609e+00,-2.152991915084409569e-02
1.037301201299999587e+00,-2.149462388515804845e-02
1.037501201299999121e+00,-2.145939595957953305e-02
1.037701201299999987e+00,-2.142423532965318650e-02
1.037901201300000409e+00,-2.138914194939273150e-02
1.038101201299999499e+00,-2.135411577129848332e-02
1.038301201300000809e+00,-2.131915674637515148e-02
1.038501201300000343e+00,-2.128426482415204934e-02
1.038701201300000765e+00,-2.124943995269876207e-02
1.038901201299998966e+00,-2.121468207864537700e-02
1.039101201299999611e+00,-2.117999114719801637e-02
1.039301201299999589e+00,-2.114536710215941112e-02
1.039501201300000011e+00,-2.111080988594452729e-02
1.039701201299999989e+00,-2.107631943959935999e-02
1.039901201300000189e+00,-2.104189570281779151e-02
1.040101201300000167e+00,-2.100753861395960459e-02
1.040301201300000811e+00,-2.097324811006731279e-02
1.040501201300000123e+00,-2.093902412688428832e-02
1.040701201299999434e+00,-2.090486659887072149e-02
1.040901201299999634e+00,-2.087077545922143285e-02
1.041101201300000056e+00,-2.083675063988299839e-02
1.041301201300000479e+00,-2.080279207157028146e-02
1.041501201299999568e+00,-2.076889968378345386e-02
1.041701201300000212e+00,-2.073507340482379571e-02
1.041901201300000412e+00,-2.070131316181177128e-02
1.042101201300000834e+00,-2.066761888070222167e-02
1.042301201299999036e+00,-2.063399048630173635e-02
1.042501201299999902e+00,-2.060042790228311382e-02
1.042701201299999436e+00,-2.056693105120428050e-02
1.042901201300000302e+00,-2.053349985452173135e-02
1.043101201299999614e+00,-2.050013423260851897e-02
1.043301201300000036e+00,-2.046683410476825976e-02
1.043501201299999792e+00,-2.043359938925255054e-02
1.043701201300000658e+00,-2.040043000327525918e-02
1.043901201300000636e+00,-2.036732586302929249e-02
1.044101201299999282e+00,-2.033428688370117476e-02
1.044301201300000148e+00,-2.030131297948590402e-02
1.044501201300000126e+00,-2.026840406360404245e-02
1.044701201300000548e+00,-2.023556004831485872e-02
1.044901201299999638e+00,-2.020278084493273840e-02
1.045101201300000060e+00,-2.017006636384072876e-02
1.045301201300000482e+00,-2.013741651450680348e-02
1.045501201300000904e+00,-2.010483120549764330e-02
1.045701201299999550e+00,-2.007231034449374202e-02
1.045901201299999972e+00,-2.003985383830274303e-02
1.046101201299999506e+00,-2.000746159287569714e-02
1.046301201299999928e+00,-1.997513351331957343e-02
1.046501201299999462e+00,-1.994286950391276764e-02
1.046701201299999884e+00,-1.991066946811796690e-02
1.046901201299999862e+00,-1.987853330859720019e-02
1.047101201300000728e+00,-1.984646092722476551e-02
1.047301201300000262e+00,-1.981445222510191950e-02
1.047501201299998908e+00,-1.978250710256957215e-02
1.047701201299999996e+00,-1.975062545922175172e-02
1.047901201299999752e+00,-1.971880719392060666e-02
1.048101201300000396e+00,-1.968705220480767085e-02
1.048301201299999708e+00,-1.965536038931867471e-02
1.048501201300000130e+00,-1.962373164419525459e-02
1.048701201300000108e+00,-1.959216586549930583e-02
1.048901201300000752e+00,-1.956066294862478239e-02
1.049101201300000064e+00,-1.952922278831144276e-02
1.049301201299999819e+00,-1.949784527865642408e-02
1.049501201299999131e+00,-1.946653031312780766e-02
1.049701201299999997e+00,-1.943527778457624505e-02
1.049901201299999975e+00,-1.940408758524843347e-02
1.050101201299999953e+00,-1.937295960679819712e-02
1.050301201300000598e+00,-1.934189374029914726e-02
1.050501201300000353e+00,-1.931088987625707853e-02
1.050701201300000998e+00,-1.927994790462102259e-02
1.050901201299999199e+00,-1.924906771479639733e-02
1.051101201299999843e+00,-1.921824919565468665e-02
1.051301201299999599e+00,-1.918749223554759575e-02
1.051501201300000243e+00,-1.915679672231654015e-02
1.051701201299999999e+00,-1.912616254330536114e-02
1.051901201299999977e+00,-1.909558958537070639e-02
1.052101201299999955e+00,-1.906507773489383301e-02
1.052301201300000821e+00,-1.903462687779140100e-02
1.052501201300000133e+00,-1.900423689952711673e-02
1.052701201299999667e+00,-1.897390768512150633e-02
1.052901201299999201e+00,-1.894363911916369103e-02
1.053101201300000067e+00,-1.891343108582149365e-02
1.053301201300000045e+00,-1.888328346885286349e-02
1.053501201299999579e+00,-1.885319615161542423e-02
1.053701201300000445e+00,-1.882316901707704188e-02
1.053901201300000423e+00,-1.879320194782699294e-02
1.054101201300000845e+00,-1.876329482608496413e-02
1.054301201299999047e+00,-1.873344753371229687e-02
1.054501201299999913e+00,-1.870365995222032438e-02
1.054701201299999447e+00,-1.867393196278261530e-02
1.054901201300000313e+00,-1.864426344624255105e-02
1.055101201300000291e+00,-1.861465428312471249e-02
1.055301201300000047e+00,-1.858510435364332455e-02
1.055501201299999803e+00,-1.855561353771226912e-02
1.055701201300000669e+00,-1.852618171495431024e-02
1.055901201300000203e+00,-1.849680876471102367e-02
1.056101201299999737e+00,-1.846749456605099871e-02
1.056301201299999715e+00,-1.843823899777956993e-02
1.056501201300000137e+00,-1.840904193844786207e-02
1.056701201300000115e+00,-1.837990326636170652e-02
1.056901201299999649e+00,-1.835082285959026283e-02
1.057101201300000515e+00,-1.832180059597463342e-02
1.057301201300000493e+00,-1.829283635313733516e-02
1.057501201300000915e+00,-1.826393000848975517e-02
1.057701201299999560e+00,0.000000000000000000e+00
1.057901201299999761e+00,0.000000000000000000e+00
1.058101201299999516e+00,0.000000000000000000e+00
1.058301201299999938e+00,0.000000000000000000e+00
1.058501201299999472e+00,0.000000000000000000e+00
1.058701201299999894e+00,0.000000000000000000e+00
1.058901201299999650e+00,0.000000000000000000e+00
1.059101201300000739e+00,0.000000000000000000e+00
1.059301201300000717e+00,-2.315593540438787637e-02
1.059501201299999362e+00,-2.319261518385247467e-02
1.059701201300000006e+00,-2.322935577840547217e-02
1.059901201299999984e+00,-2.326615721918054436e-02
1.060101201300000406e+00,-2.330301953713343963e-02
1.060301201299999718e+00,-2.333994276304201393e-02
1.060501201300000362e+00,-2.337692692750888493e-02
1.060701201300000118e+00,-2.341397206096097056e-02
1.060901201300000762e+00,-2.345107819365246926e-02
1.061101201299999630e+00,-2.348824535566426328e-02
1.061301201299999608e+00,-2.352547357690700641e-02
1.061501201299999586e+00,-2.356276288712031569e-02
1.061701201300000008e+00,-2.360011331587477321e-02
1.061901201299999542e+00,-2.363752489257232511e-02
1.062101201300000408e+00,-2.367499764644794003e-02
1.062301201300000386e+00,-2.371253160656908859e-02
1.062501201300000808e+00,-2.375012680183783212e-02
1.062701201300000786e+00,-2.378778326099042703e-02
1.062901201299998988e+00,-2.382550101259824429e-02
1.063101201299999632e+00,-2.386328008506943821e-02
1.063301201299999610e+00,-2.390112050664688209e-02
1.063501201300000254e+00,-2.393902230541080506e-02
1.063701201299999788e+00,-2.397698550927762629e-02
1.063901201299999988e+00,-2.401501014600146422e-02
1.064101201300000410e+00,-2.405309624317309228e-02
1.064301201300000832e+00,-2.409124382822051477e-02
1.064501201299999700e+00,-2.412945292840864078e-02
1.064701201299999678e+00,-2.416772357084016193e-02
1.064901201299998768e+00,-2.420605578245373091e-02
1.065101201300000078e+00,-2.424444959002546376e-02
1.065301201300000500e+00,-2.428290502016645230e-02
1.065501201299999812e+00,-2.432142209932400267e-02
1.065701201300000456e+00,-2.436000085378104904e-02
1.065901201300000434e+00,-2.439864130965412048e-02
1.066101201300000856e+00,-2.443734349289405222e-02
1.066301201299998835e+00,-2.447610742928376520e-02
1.066501201299999035e+00,-2.451493314443956018e-02
1.066701201299999457e+00,-2.455382066380729089e-02
1.066901201300000324e+00,-2.459277001266300250e-02
1.067101201299999857e+00,-2.463178121611080129e-02
1.067301201300000280e+00,-2.467085429908268124e-02
1.067501201300000035e+00,-2.470998928633559924e-02
1.067701201300000680e+00,-2.474918620245120104e-02
1.067901201299999991e+00,-2.478844507183279589e-02
1.068101201299999747e+00,-2.482776591870512750e-02
1.068301201299998837e+00,-2.486714876711111633e-02
1.068501201300000147e+00,-2.490659364091120029e-02
1.068701201300000347e+00,-2.494610056377916454e-02
1.068901201299999659e+00,-2.498566955920189514e-02
1.069101201300000747e+00,-2.502530065047674224e-02
1.069301201300000059e+00,-2.506499386070731861e-02
1.069501201300000925e+00,-2.510474921280353780e-02
1.069701201299999127e+00,-2.514456672947602139e-02
1.069901201299999549e+00,-2.518444643323653614e-02
1.070101201299999527e+00,-2.522438834639168653e-02
1.070301201300000171e+00,-2.526439249104214801e-02
1.070501201299999927e+00,-2.530445888907808735e-02
1.070701201300000349e+00,-2.534458756217696646e-02
1.070901201299999439e+00,-2.538477853179874066e-02
1.071101201300000749e+00,-2.542503181918405464e-02
1.071301201300000727e+00,-2.546534744534793837e-02
1.071501201299999151e+00,-2.550572543107803430e-02
1.071701201299999573e+00,-2.554616579693061440e-02
1.071901201299999995e+00,-2.558666856322459188e-02
1.072101201300000417e+00,-2.562723375003869708e-02
1.072301201299999729e+00,-2.566786137720640862e-02
1.072501201300000373e+00,-2.570855146431234167e-02
1.072701201300000351e+00,-2.574930403068585033e-02
1.072901201300000773e+00,-2.579011909539772815e-02
1.073101201299999197e+00,-2.583099667725378273e-02
1.073301201299999619e+00,-2.587193679479177222e-02
1.073501201299999597e+00,-2.591293946627334921e-02
1.073701201300000019e+00,-2.595400470968074053e-02
1.073901201299999775e+00,-2.599513254270989851e-02
1.074101201300000419e+00,-2.603632298276575829e-02
1.074301201299999953e+00,-2.607757604695504910e-02
1.074501201300000375e+00,-2.611889175208173541e-02
1.074701201300000353e+00,-2.616027011463925578e-02
1.074901201299998998e+00,-2.620171115080500643e-02
1.075101201299999865e+00,-2.624321487643450218e-02
1.075301201299999843e+00,-2.628478130705245996e-02
1.075501201300000265e+00,-2.632641045784818445e-02
1.075701201299999576e+00,-2.636810234366707834e-02
1.075901201300000221e+00,-2.640985697900482057e-02
1.076101201300000421e+00,-2.645167437799833543e-02
1.076301201300000843e+00,-2.649355455441969320e-02
1.076501201299999710e+00,-2.653549752166734985e-02
1.076701201299999688e+00,-2.657750329275981871e-02
1.076901201299998778e+00,-2.661957188032570282e-02
1.077101201300000088e+00,-2.666170329659756782e-02
1.077301201300000066e+00,-2.670389755340116245e-02
1.077501201300000044e+00,-2.674615466214929141e-02
1.077701201300000911e+00,-2.678847463383201774e-02
1.077901201300000888e+00,-2.683085747900738546e-02
1.078101201300000644e+00,-2.687330320779339130e-02
1.078301201299998846e+00,-2.691581182985792325e-02
1.078501201299999490e+00,-2.695838335441090583e-02
1.078701201299999912e+00,-2.700101779019221937e-02
1.078901201300000334e+00,-2.704371514546402566e-02
1.079101201299999868e+00,-2.708647542799999530e-02
1.079301201300000290e+00,-2.712929864507608591e-02
1.079501201300000268e+00,-2.717218480345903048e-02
1.079701201300000690e+00,-2.721513390939709481e-02
1.079901201300000224e+00,-2.725814596860850342e-02
1.080101201299999314e+00,-2.730122098627153077e-02
1.080301201299998626e+00,-2.734435896701324989e-02
1.080501201300000158e+00,-2.738755991489860014e-02
1.080701201300000136e+00,-2.743082383341759189e-02
1.080901201299999670e+00,-2.747415072547608125e-02
1.081101201300000536e+00,-2.751754059338325578e-02
1.081301201300000514e+00,-2.756099343883871428e-02
1.081501201300000492e+00,-2.760450926292205842e-02
1.081701201299998694e+00,-2.764808806607936542e-02
1.081901201299999116e+00,-2.769172984811274149e-02
1.082101201299999538e+00,-2.773543460816507364e-02
1.082301201300000404e+00,-2.777920234470925703e-02
1.082501201299999938e+00,-2.782303305553419231e-02
1.082701201300000360e+00,-2.786692673773310397e-02
1.082901201299999894e+00,-2.791088338768843088e-02
1.083101201300000316e+00,-2.795490300106012044e-02
1.083301201299999850e+00,-2.799898557277034211e-02
1.083501201299999162e+00,-2.804313109699106688e-02
1.083701201299999362e+00,-2.808733956712957877e-02
1.083901201300000450e+00,-2.813161097581399345e-02
1.084101201300000428e+00,-2.817594531487869342e-02
1.084301201299999962e+00,-2.822034257535084578e-02
1.084501201300000384e+00,-2.826480274743520954e-02
1.084701201300000362e+00,-2.830932582049858898e-02
1.084901201300000562e+00,-2.835391178305571303e-02
1.085101201299999207e+00,-2.839856062275310927e-02
1.085301201299999185e+00,-2.844327232635516373e-02
1.085501201299999607e+00,-2.848804687972675623e-02
1.085701201300000474e+00,-2.853288426781843551e-02
1.085901201299999785e+00,-2.857778447464989074e-02
1.086101201300000429e+00,-2.862274748329540416e-02
1.086301201299999963e+00,-2.866777327586516461e-02
1.086501201300000830e+00,-2.871286183349121973e-02
1.086701201300000363e+00,-2.875801313630854325e-02
1.086901201299998787e+00,-2.880322716344001222e-02
1.087101201299999875e+00,-2.884850389297961143e-02
1.087301201299999853e+00,-2.889384330197282760e-02
1.087501201300000053e+00,-2.893924536640209155e-02
1.087701201300000031e+00,-2.898471006116783849e-02
1.087901201300000453e+00,-2.903023736007149386e-02
1.088101201300000431e+00,-2.907582723579702627e-02
1.088301201300000853e+00,-2.912147965989379805e-02
1.088501201299999721e+00,-2.916719460275730633e-02
1.088701201299999255e+00,-2.921297203361254008e-02
1.088901201299999233e+00,-2.925881192049400309e-02
1.089101201300000099e+00,-2.930471423022781852e-02
1.089301201299999633e+00,-2.935067892841216469e-02
1.089501201300000499e+00,-2.939670597940011176e-02
1.089701201300000477e+00,-2.944279534627828807e-02
1.089901201300000899e+00,-2.948894699084956411e-02
1.090101201300000433e+00,-2.953516087361229489e-02
1.090301201299998635e+00,-2.958143695374151200e-02
1.090501201299999945e+00,-2.962777518907027188e-02
1.090701201299999479e+00,-2.967417553606645220e-02
1.090901201299999901e+00,-2.972063794981672988e-02
1.091101201299999879e+00,-2.976716238400377995e-02
1.091301201300000745e+00,-2.981374879088757174e-02
1.091501201300000279e+00,-2.986039712128352175e-02
1.091701201300000701e+00,-2.990710732454379683e-02
1.091901201300000013e+00,-2.995387934853467257e-02
1.092101201299999325e+00,-3.000071313961742703e-02
1.092301201299998858e+00,-3.004760864262646242e-02
1.092501201299999947e+00,-3.009456580084874169e-02
1.092701201300000147e+00,-3.014158455600141756e-02
1.092901201300000125e+00,-3.018866484821217111e-02
1.093101201300000769e+00,-3.023580661599709757e-02
1.093301201300000525e+00,-3.028300979623847755e-02
1.093501201300000503e+00,-3.033027432416442876e-02
1.093701201299998704e+00,-3.037760013332561557e-02
1.093901201299999570e+00,-3.042498715557573341e-02
1.094101201299999548e+00,-3.047243532104602221e-02
1.094301201300000193e+00,-3.051994455812625032e-02
1.094501201300000170e+00,-3.056751479344066436e-02
1.094701201300000815e+00,-3.061514595182692269e-02
1.094901201299999904e+00,-3.066283795631224995e-02
1.095101201300000326e+00,-3.071059072809293258e-02
1.095301201299999860e+00,-3.075840418650936658e-02
1.095501201299999394e+00,-3.080627824902520961e-02
1.095701201299998928e+00,-3.085421283120376446e-02
1.095901201300000016e+00,-3.090220784668557333e-02
1.096101201299999994e+00,-3.095026320716418727e-02
1.096301201299999972e+00,-3.099837882236500947e-02
1.096501201300000838e+00,-3.104655460002121725e-02
1.096701201300000372e+00,-3.109479044584993745e-02
1.096901201300000350e+00,-3.114308626353071846e-02
1.097101201299998774e+00,-3.119144195468028652e-02
1.097301201299999196e+00,-3.123985741883147926e-02
1.097501201299999618e+00,-3.128833255340714159e-02
1.097701201300000040e+00,-3.133686725369845549e-02
1.097901201300000018e+00,-3.138546141284079272e-02
1.098101201300000884e+00,-3.143411492179071925e-02
1.098301201299999974e+00,-3.148282766930088350e-02
1.098501201300000840e+00,-3.153159954189899833e-02
1.098701201300000374e+00,-3.158043042386078636e-02
1.098901201299999242e+00,-3.162932019718895510e-02
1.099101201299999442e+00,-3.167826874158878592e-02
1.099301201300000308e+00,-3.172727593444330668e-02
1.099501201300000286e+00,-3.177634165079001871e-02
1.099701201299999820e+00,-3.182546576329767229e-02
1.099901201300000686e+00,-3.187464814224236220e-02
1.100101201300000220e+00,-3.192388865548212440e-02
1.100301201300000642e+00,-3.197318716843555730e-02
1.100501201299999288e+00,-3.202254354405532910e-02
1.100701201299999488e+00,-3.207195764280718758e-02
1.100901201299999244e+00,-3.212142932264319684e-02
1.101101201300000110e+00,-3.217095843898021973e-02
1.101301201299999866e+00,-3.222054484467412605e-02
1.101501201300000510e+00,-3.227018838999806682e-02
1.101701201300000044e+00,-3.231988892261665469e-02
1.101901201300000466e+00,-3.236964628756416884e-02
1.102101201300000222e+00,-3.241946032721897131e-02
1.102301201299999089e+00,-3.246933088128103884e-02
1.102501201299999734e+00,-3.251925778674871759e-02
1.102701201299999711e+00,-3.256924087789317412e-02
1.102901201299999911e+00,-3.261927998623688485e-02
1.103101201299999889e+00,-3.266937494052907925e-02
1.103301201300000534e+00,-3.271952556672291096e-02
1.103501201300000512e+00,-3.276973168795127567e-02
1.103701201300000712e+00,-3.281999312450459283e-02
1.103901201299999801e+00,-3.287030969380651257e-02
1.104101201299999557e+00,-3.292068121039214840e-02
1.104301201299998869e+00,-3.297110748588343021e-02
1.104501201299999735e+00,-3.302158832896782970e-02
1.104701201299999713e+00,-3.307212354537343579e-02
1.104901201300000135e+00,-3.312271293784840864e-02
1.105101201300000779e+00,-3.317335630613686692e-02
1.105301201300000979e+00,-3.322405344695675278e-02
1.105501201300000513e+00,-3.327480415397752328e-02
1.105701201299999159e+00,-3.332560821779784188e-02
1.105901201299999581e+00,-3.337646542592407478e-02
1.106101201299999559e+00,-3.342737556274627542e-02
1.106301201299999981e+00,-3.347833840951838780e-02
1.106501201299999959e+00,-3.352935374433514693e-02
1.106701201300000381e+00,-3.358042134211144253e-02
1.106901201300000359e+00,-3.363154097455994807e-02
1.107101201300000781e+00,-3.368271241017067180e-02
1.107301201299999871e+00,-3.373393541418882868e-02
1.107501201299999405e+00,-3.378520974859523796e-02
1.107701201299998717e+00,-3.383653517208429218e-02
1.107901201300000249e+00,-3.388791144004453526e-02
1.108101201299999783e+00,-3.393933830453581962e-02
1.108301201299999761e+00,-3.399081551427254183e-02
1.108501201300000627e+00,-3.404234281460138956e-02
1.108701201300000605e+00,-3.409391994748136451e-02
1.108901201300000583e+00,-3.414554665146552620e-02
1.109101201299999229e+00,-3.419722266168031405e-02
1.109301201299999429e+00,-3.424894770980800585e-02
1.109501201299999629e+00,-3.430072152406556107e-02
1.109701201300000051e+00,-3.435254382918748878e-02
1.109901201300000029e+00,-3.440441434640672397e-02
1.110101201300000451e+00,-3.445633279343697508e-02
1.110301201299999985e+00,-3.450829888445382937e-02
1.110501201300000629e+00,-3.456031233007835629e-02
1.110701201299999941e+00,-3.461237283735778270e-02
1.110901201299999697e+00,-3.466448010975040767e-02
1.111101201299999452e+00,-3.471663384710712424e-02
1.111301201300000319e+00,-3.476883374565568896e-02
1.111501201300000075e+00,-3.482107949798309010e-02
1.111701201300000053e+00,-3.487337079302135767e-02
1.111901201300000697e+00,-3.492570731603059087e-02
1.112101201300000453e+00,-3.497808874858321371e-02
1.112301201300000209e+00,-3.503051476855000707e-02
1.112501201299999298e+00,-3.508298505008420470e-02
1.112701201299999498e+00,-3.513549926360809428e-02
1.112901201299999698e+00,-3.518805707579740483e-02
1.113101201300000120e+00,-3.524065814956854614e-02
1.113301201299999654e+00,-3.529330214406447425e-02
1.113501201300000742e+00,-3.534598871464276343e-02
1.113701201299999610e+00,-3.539871751286029211e-02
1.113901201300000698e+00,-3.545148818646452760e-02
1.114101201300000454e+00,-3.550430037937728905e-02
1.114301201299999544e+00,-3.555715373168617799e-02
1.114501201299999744e+00,-3.561004787963246987e-02
1.114701201299999944e+00,-3.566298245559910984e-02
1.114901201299999922e+00,-3.571595708810115788e-02
1.115101201299999900e+00,-3.576897140177558165e-02
1.115301201300000544e+00,-3.582202501737139638e-02
1.115501201299999856e+00,-3.587511755173959649e-02
1.115701201300000722e+00,-3.592824861782619589e-02
1.115901201299999812e+00,-3.598141782466075106e-02
1.116101201299999346e+00,-3.603462477735150382e-02
1.116301201299999102e+00,-3.608786907707547953e-02
1.116501201300000190e+00,-3.614115032107241554e-02
1.116701201299999724e+00,-3.619446810263650394e-02
1.116901201300000590e+00,-3.624782201111274166e-02
1.117101201300000124e+00,-3.630121163188801403e-02
1.117301201300000546e+00,-3.635463654638854125e-02
1.117501201300000524e+00,-3.640809633207268969e-02
1.117701201299999170e+00,-3.646159056242761348e-02
1.117901201299999592e+00,-3.651511880696622220e-02
1.118101201299999570e+00,-3.656868063122128976e-02
1.118301201299999992e+00,-3.662227559674465643e-02
1.118501201299999748e+00,-3.667590326110346799e-02
1.118701201300000392e+00,-3.672956317787938463e-02
1.118901201300000148e+00,-3.678325489666559728e-02
1.119101201300000348e+00,-3.683697796306756311e-02
1.119301201299999882e+00,-3.689073191870115287e-02
1.119501201299999638e+00,-3.694451630119392066e-02
1.119701201299998949e+00,-3.699833064418481948e-02
1.119901201300000260e+00,-3.705217447732672004e-02
1.120101201300000016e+00,-3.710604732628557806e-02
1.120301201300000216e+00,-3.715994871274595768e-02
1.120501201300000638e+00,-3.721387815441171837e-02
1.120701201300000616e+00,-3.726783516501001869e-02
1.120901201300000372e+00,-3.732181925429553515e-02
1.121101201299999461e+00,-3.737582992805472265e-02
1.121301201299999661e+00,-3.742986668811174034e-02
1.121501201299999639e+00,-3.748392903233263573e-02
1.121701201300000283e+00,-3.753801645463331754e-02
1.121901201300000039e+00,-3.759212844498502348e-02
1.122101201300000461e+00,-3.764626448942352127e-02
1.122301201299999995e+00,-3.770042407005547158e-02
1.122501201300000417e+00,-3.775460666506896823e-02
1.122701201299999729e+00,-3.780881174874103912e-02
1.122901201299999929e+00,-3.786303879144967827e-02
1.123101201299999019e+00,-3.791728725968238067e-02
1.123301201300000329e+00,-3.797155661604993682e-02
1.123501201299999863e+00,-3.802584631929489811e-02
1.123701201299999841e+00,-3.808015582430782087e-02
1.123901201300000707e+00,-3.813448458213834769e-02
1.124101201300000241e+00,-3.818883204000880771e-02
1.124301201300000219e+00,-3.824319764133055771e-02
1.124501201299999309e+00,-3.829758082571731170e-02
1.124701201299999731e+00,-3.835198102900273798e-02
1.124901201299999709e+00,-3.840639768325499609e-02
1.125101201300000353e+00,-3.846083021679592984e-02
1.125301201300000109e+00,-3.851527805421732509e-02
1.125501201300000531e+00,-3.856974061640118523e-02
1.125701201299999399e+00,-3.862421732053716167e-02
1.125901201300000487e+00,-3.867870758014518850e-02
1.126101201300000243e+00,-3.873321080509259384e-02
1.126301201299999999e+00,-3.878772640161884389e-02
1.126501201299999977e+00,-3.884225377235603349e-02
1.126701201299999955e+00,-3.889679231635190249e-02
1.126901201299999933e+00,-3.895134142909366382e-02
1.127101201299999911e+00,-3.900590050253214397e-02
1.127301201300000333e+00,-3.906046892510703361e-02
1.127501201300000089e+00,-3.911504608177204106e-02
1.127701201300000289e+00,-3.916963135402244667e-02
1.127901201299999823e+00,-3.922422411992119995e-02
1.128101201299999801e+00,-3.927882375412800053e-02
1.128301201299999335e+00,-3.933342962792698433e-02
1.128501201300000201e+00,-3.938804110925750446e-02
1.128701201299999735e+00,-3.944265756274237950e-02
1.128901201300000601e+00,-3.949727834972165119e-02
1.129101201299999691e+00,-3.955190282828129067e-02
1.129301201300000335e+00,-3.960653035328905863e-02
1.129501201300000091e+00,-3.966116027642460629e-02
1.129701201299999624e+00,-3.971579194621585596e-02
1.129901201300000047e+00,-3.977042470807325147e-02
1.130101201299999802e+00,-3.982505790432447346e-02
1.130301201300000002e+00,-3.987969087425249914e-02
1.130501201299999980e+00,-3.993432295413137240e-02
1.130701201300000180e+00,-3.998895347726525579e-02
1.130901201299999936e+00,-4.004358177402643493e-02
1.131101201300000358e+00,-4.009820717189584854e-02
1.131301201300000336e+00,-4.015282899550239037e-02
1.131501201299999870e+00,-4.020744656666484784e-02
1.131701201299999404e+00,-4.026205920443400033e-02
1.131901201299999826e+00,-4.031666622513520315e-02
1.132101201299999804e+00,-4.037126694241138791e-02
1.132301201300000226e+00,-4.042586066726874122e-02
1.132501201300000204e+00,-4.048044670812065565e-02
1.132701201300000626e+00,-4.053502437083499055e-02
1.132901201300000160e+00,-4.058959295877972995e-02
1.133101201299999694e+00,-4.064415177287192260e-02
1.133301201299999894e+00,-4.069870011162547707e-02
1.133501201299999650e+00,-4.075323727120000461e-02
1.133701201300000072e+00,-4.080776254545229881e-02
1.133901201300000050e+00,-4.086227522598584461e-02
1.134101201300000028e+00,-4.091677460220367879e-02
1.134301201300000006e+00,-4.097125996136063986e-02
1.134501201300000428e+00,-4.102573058861685995e-02
1.134701201299999962e+00,-4.108018576709154823e-02
1.134901201299999940e+00,-4.113462477791926530e-02
1.135101201299999030e+00,-4.118904690030441434e-02
1.135301201300000340e+00,-4.124345141158000660e-02
1.135501201299999874e+00,-4.129783758726196519e-02
1.135701201299999852e+00,-4.135220470111133917e-02
1.135901201300000718e+00,-4.140655202519128580e-02
1.136101201300000030e+00,-4.146087882992696011e-02
1.136301201300000230e+00,-4.151518438416847145e-02
1.136501201299999320e+00,-4.156946795525004457e-02
1.136701201300000186e+00,-4.162372880905533534e-02
1.136901201299999498e+00,-4.167796621007772984e-02
1.137101201300000142e+00,-4.173217942148792214e-02
1.137301201300000120e+00,-4.178636770519608690e-02
1.137501201300000320e+00,-4.184053032191988042e-02
1.137701201299999632e+00,-4.189466653124981899e-02
1.137901201300000054e+00,-4.194877559171827919e-02
1.138101201299999587e+00,-4.200285676086600722e-02
1.138301201300000010e+00,-4.205690929531348543e-02
1.138501201299999765e+00,-4.211093245082889180e-02
1.138701201299999965e+00,-4.216492548240087512e-02
1.138901201300000166e+00,-4.221888764430888064e-02
1.139101201299999921e+00,-4.227281819019640396e-02
1.139301201300000566e+00,-4.232671637314444624e-02
1.139501201299999877e+00,-4.238058144574468472e-02
1.139701201299999855e+00,-4.243441266017620311e-02
1.139901201299999611e+00,-4.248820926827966832e-02
1.140101201300000033e+00,-4.254197052163503218e-02
1.140301201299999789e+00,-4.259569567163805359e-02
1.140501201300000211e+00,-4.264938396957970723e-02
1.140701201299999745e+00,-4.270303466672398240e-02
1.140901201300000389e+00,-4.275664701438919302e-02
1.141101201299999479e+00,-4.281022026402682423e-02
1.141301201300000123e+00,-4.286375366730545144e-02
1.141501201300000101e+00,-4.291724647619026001e-02
1.141701201299999857e+00,-4.297069794302818546e-02
1.141901201300000279e+00,-4.302410732063131904e-02
1.142101201300000035e+00,-4.307747386236061848e-02
1.142301201300000013e+00,-4.313079682221269973e-02
1.142501201299999547e+00,-4.318407545490510202e-02
1.142701201300000413e+00,-4.323730901596424536e-02
1.142901201299999503e+00,-4.329049676181133399e-02
1.143101201300000369e+00,-4.334363794985391510e-02
1.143301201300000125e+00,-4.339673183857194194e-02
1.143501201300000325e+00,-4.344977768761047743e-02
1.143701201299999415e+00,-4.350277475786874098e-02
1.143901201300000281e+00,-4.355572231159364482e-02
1.144101201299999593e+00,-4.360861961246937507e-02
1.144301201300000237e+00,-4.366146592571382851e-02
1.144501201299999771e+00,-4.371426051816934555e-02
1.144701201300000193e+00,-4.376700265839996579e-02
1.144901201300000171e+00,-4.381969161678471447e-02
1.145101201299999705e+00,-4.387232666561488581e-02
1.145301201300000349e+00,-4.392490707919089604e-02
1.145501201299999661e+00,-4.397743213391831080e-02
1.145701201300000083e+00,-4.402990110840853538e-02
1.145901201299999839e+00,-4.408231328357521683e-02
1.146101201300000039e+00,-4.413466794273593341e-02
1.146301201299999573e+00,-4.418696437171099056e-02
1.146501201299999995e+00,-4.423920185892604717e-02
1.146701201299999973e+00,-4.429137969551211196e-02
1.146901201300000395e+00,-4.434349717540939095e-02
1.147101201299999484e+00,-4.439555359546923374e-02
1.147301201300000351e+00,-4.444754825555979894e-02
1.147501201299999884e+00,-4.449948045866746610e-02
1.147701201299999862e+00,-4.455134951100510332e-02
1.147901201300000285e+00,-4.460315472211577592e-02
1.148101201300000040e+00,-4.465489540497952214e-02
1.148301201300000240e+00,-4.470657087612128072e-02
1.148501201299999774e+00,-4.475818045571722942e-02
1.148701201300000196e+00,-4.480972346770448200e-02
1.148901201299999730e+00,-4.486119923988849539e-02
1.149101201300000374e+00,-4.491260710405432788e-02
1.149301201299999908e+00,-4.496394639607478178e-02
1.149501201300000330e+00,-4.501521645602332700e-02
1.149701201299999642e+00,-4.506641662828325678e-02
1.149901201300000064e+00,-4.511754626166184640e-02
1.150101201299999598e+00,-4.516860470950051498e-02
1.150301201300000464e+00,-4.521959132979023327e-02
1.150501201299999776e+00,-4.527050548528267770e-02
1.150701201300000198e+00,-4.532134654360708143e-02
1.150901201299999954e+00,-4.537211387738257495e-02
1.151101201299999488e+00,-4.542280686433498860e-02
1.151301201300000354e+00,-4.547342488741261401e-02
1.151501201299999888e+00,-4.552396733490081393e-02
1.151701201300000088e+00,-4.557443360054148906e-02
1.151901201299999844e+00,-4.562482308364834011e-02
1.152101201300000044e+00,-4.567513518922591831e-02
1.152301201299999578e+00,-4.572536932808696220e-02
1.152501201300000222e+00,-4.577552491697275266e-02
1.152701201300000200e+00,-4.582560137867035255e-02
1.152901201300000400e+00,-4.587559814213429399e-02
1.153101201299999490e+00,-4.592551464260541394e-02
1.153301201300000356e+00,-4.597535032173308278e-02
1.153501201299999668e+00,-4.602510462769394961e-02
1.153701201300000090e+00,-4.607477701531628722e-02
1.153901201300000290e+00,-4.612436694619961169e-02
1.154101201300000046e+00,-4.617387388883816002e-02
1.154301201300000468e+00,-4.622329731874408321e-02
1.154501201299999780e+00,-4.627263671856911287e-02
1.154701201300000424e+00,-4.632189157823024539e-02
1.154901201299999514e+00,-4.637106139503113789e-02
1.155101201300000158e+00,-4.642014567378923567e-02
1.155301201299999914e+00,-4.646914392695768864e-02
1.155501201300000114e+00,-4.651805567475252035e-02
1.155701201299999648e+00,-4.656688044527641790e-02
1.155901201300000070e+00,-4.661561777464576228e-02
1.156101201299999826e+00,-4.666426720711532028e-02
1.156301201300000248e+00,-4.671282829520569113e-02
1.156501201299999559e+00,-4.676130059982869236e-02
1.156701201300000204e+00,-4.680968369041596522e-02
1.156901201300000182e+00,-4.685797714504388867e-02
1.157101201299999715e+00,-4.690618055056301056e-02
1.157301201300000582e+00,-4.695429350272507796e-02
1.157501201299999671e+00,-4.700231560630985239e-02
1.157701201300000093e+00,-4.705024647525579695e-02
1.157901201299999849e+00,-4.709808573278560784e-02
1.158101201300000271e+00,-4.714583301153714434e-02
1.158301201299999583e+00,-4.719348795369061877e-02
1.158501201300000227e+00,-4.724105021109922808e-02
1.158701201299999983e+00,-4.728851944541655195e-02
1.158901201300000405e+00,-4.733589532822773949e-02
1.159101201299999495e+00,-4.738317754117729597e-02
1.159301201299999917e+00,-4.743036577610100502e-02
1.159501201299999451e+00,-4.747745973515320878e-02
1.159701201299999873e+00,-4.752445913093931301e-02
1.159901201300000295e+00,-4.757136368664386522e-02
1.160101201300000051e+00,-4.761817313616191483e-02
1.160301201300000251e+00,-4.766488722422936031e-02
1.160501201299999785e+00,-4.771150570655281059e-02
1.160701201300000429e+00,-4.775802834994095220e-02
1.160901201299999741e+00,-4.780445493243369592e-02
1.161101201300000163e+00,-4.785078524343501505e-02
1.161301201299999697e+00,-4.789701908384119688e-02
1.161501201300000119e+00,-4.794315626617374343e-02
1.161701201299999875e+00,-4.798919661470846948e-02
1.161901201300000075e+00,-4.803513996560757060e-02
1.162101201299999831e+00,-4.808098616704941514e-02
1.162301201300000031e+00,-4.812673507936029993e-02
1.162501201299999565e+00,-4.817238657514417988e-02
1.162701201300000209e+00,-4.821794053941474978e-02
1.162901201300000187e+00,-4.826339686972447307e-02
1.163101201299999943e+00,-4.830875547629686489e-02
1.163301201300000809e+00,-4.835401628215654779e-02
1.163501201299999899e+00,-4.839917922325882860e-02
1.163701201300000099e+00,-4.844424424862231460e-02
1.163901201299999855e+00,-4.848921132045713733e-02
1.164101201300000277e+00,-4.853408041429673608e-02
1.164301201299999589e+00,-4.857885151912679639e-02
1.164501201300000233e+00,-4.862352463751704740e-02
1.164701201299999989e+00,-4.866809978574904161e-02
1.164901201300000189e+00,-4.871257699394788976e-02
1.165101201299999500e+00,-4.875695630621044302e-02
1.165301201299999923e+00,-4.880123778073620910e-02
1.165501201299999678e+00,-4.884542148995498628e-02
1.165701201300000101e+00,-4.888950752065755745e-02
1.165901201300000078e+00,-4.893349597412343516e-02
1.166101201300000056e+00,-4.897738696625038995e-02
1.166301201300000034e+00,-4.902118062768259787e-02
1.166501201299999790e+00,-4.906487710393897528e-02
1.166701201300000434e+00,-4.910847655554148594e-02
1.166901201299999524e+00,-4.915197915814203955e-02
1.167101201299999946e+00,-4.919538510265186043e-02
1.167301201299999924e+00,-4.923869459536666521e-02
1.167501201300000346e+00,-4.928190785809527519e-02
1.167701201299999880e+00,-4.932502512828527974e-02
1.167901201299999858e+00,-4.936804665915049684e-02
1.168101201299999836e+00,-4.941097271979628947e-02
1.168301201300000258e+00,-4.945380359534569392e-02
1.168501201299999570e+00,-4.949653958706461132e-02
1.168701201300000214e+00,-4.953918101248801220e-02
1.168901201300000192e+00,-4.958172820554308802e-02
1.169101201300000170e+00,-4.962418151667515737e-02
1.169301201300000592e+00,-4.966654131297121993e-02
1.169501201300000126e+00,-4.970880797828326758e-02
1.169701201300000104e+00,-4.975098191335268483e-02
1.169901201299999860e+00,-4.979306353593212359e-02
1.170101201300000282e+00,-4.983505328090885589e-02
1.170301201299999594e+00,-4.987695160042605880e-02
1.170501201300000238e+00,-4.991875896400592427e-02
1.170701201299999994e+00,-4.996047585866916080e-02
1.170901201300000416e+00,-5.000210278905759670e-02
1.171101201299999506e+00,-5.004364027755307809e-02
1.171301201299999928e+00,-5.008508886439917707e-02
1.171501201299999462e+00,-5.012644910781860474e-02
1.171701201300000328e+00,-5.016772158413435045e-02
1.171901201299999862e+00,-5.020890688788617884e-02
1.172101201300000284e+00,-5.025000563195074210e-02
1.172301201299999818e+00,-5.029101844765736240e-02
1.172501201299999796e+00,-5.033194598490649957e-02
1.172701201300000440e+00,-5.037278891228551270e-02
1.172901201299999752e+00,-5.041354791718435924e-02
1.173101201299999952e+00,-5.045422370591258476e-02
1.173301201299999930e+00,-5.049481700381254490e-02
1.173501201300000130e+00,-5.053532855537500035e-02
1.173701201299999664e+00,-5.057575912435236659e-02
1.173901201300000086e+00,-5.061610949387270603e-02
1.174101201300000064e+00,-5.065638046655149968e-02
1.174301201300000486e+00,-5.069657286460484136e-02
1.174501201299999353e+00,-5.073668752995993264e-02
1.174701201300000442e+00,-5.077672532436801334e-02
1.174901201299999975e+00,-5.081668712951183109e-02
1.175101201299999953e+00,-5.085657384711839840e-02
1.175301201300000375e+00,-5.089638639906645529e-02
1.175501201300000131e+00,-5.093612572749536826e-02
1.175701201300000331e+00,-5.097579279491369630e-02
1.175901201299999865e+00,-5.101538858430564038e-02
1.176101201300000287e+00,-5.105491409923883228e-02
1.176301201299999599e+00,-5.109437036396904941e-02
1.176501201300000243e+00,-5.113375842354729583e-02
1.176701201299999777e+00,-5.117307934392276159e-02
1.176901201300000199e+00,-5.121233421204871711e-02
1.177101201299999733e+00,-5.125152413598443174e-02
1.177301201299999933e+00,-5.129065024499931263e-02
1.177501201299999689e+00,-5.132971368967389342e-02
1.177701201300000333e+00,-5.136871564200225226e-02
1.177901201299999645e+00,-5.140765729549158503e-02
1.178101201300000067e+00,-5.144653986526399880e-02
1.178301201299999823e+00,-5.148536458815398953e-02
1.178501201299999579e+00,-5.152413272280859102e-02
1.178701201300000445e+00,-5.156284554978492196e-02
1.178901201299999979e+00,-5.160150437164659487e-02
1.179101201299999957e+00,-5.164011051306194311e-02
1.179301201299999935e+00,-5.167866532089862575e-02
1.179501201299999913e+00,-5.171717016431913450e-02
1.179701201299999447e+00,-5.175562643487525288e-02
1.179901201300000313e+00,-5.179403554660214071e-02
1.180101201299999847e+00,-5.183239893610999682e-02
1.180301201300000269e+00,-5.187071806267828239e-02
1.180501201299999581e+00,-5.190899440834523260e-02
1.180701201300000003e+00,-5.194722947800047702e-02
1.180901201299999537e+00,-5.198542479947324685e-02
1.181101201300000181e+00,-5.202358192362344785e-02
1.181301201300000159e+00,-5.206170242442851454e-02
1.181501201300000137e+00,-5.209978789907258878e-02
1.181701201300000115e+00,-5.213783996803281195e-02
1.181901201300000093e+00,-5.217586027516585290e-02
1.182101201300000515e+00,-5.221385048779350613e-02
1.182301201299999827e+00,-5.225181229678699940e-02
1.182501201300000027e+00,-5.228974741665214088e-02
1.182701201300000005e+00,-5.232765758561123970e-02
1.182901201299999983e+00,-5.236554456568655314e-02
1.183101201299999738e+00,-5.240341014278160348e-02
1.183301201299999938e+00,-5.244125612676256432e-02
1.183501201299999694e+00,-5.247908435153786355e-02
1.183701201300000339e+00,-5.251689667513848025e-02
1.183901201299999650e+00,-5.255469497979552845e-02
1.184101201300000294e+00,-5.259248117201983236e-02
1.184301201300000050e+00,-5.263025718267708847e-02
1.184501201299999806e+00,-5.266802496706596975e-02
1.184701201300000672e+00,-5.270578650499319062e-02
1.184901201299999762e+00,-5.274354380084748245e-02
1.185101201299999740e+00,-5.278129888367565081e-02
1.185301201299999718e+00,-5.281905380725410853e-02
1.185501201300000140e+00,-5.285681065016240021e-02
1.185701201299999452e+00,-5.289457151585447853e-02
1.185901201300000096e+00,-5.293233853273082018e-02
1.186101201300000074e+00,-5.297011385420710011e-02
1.186301201300000274e+00,-5.300789965878525967e-02
1.186501201299999586e+00,-5.304569815012127182e-02
1.186701201300000008e+00,-5.308351155709413460e-02
1.186901201299999542e+00,-5.312134213387183224e-02
1.187101201300000186e+00,-5.315919215997931546e-02
1.187301201300000164e+00,-5.319706394036292918e-02
1.187501201299999920e+00,-5.323495980545642214e-02
1.187701201300000342e+00,-5.327288211124500683e-02
1.187901201299999876e+00,-5.331083323932817725e-02
1.188101201300000520e+00,-5.334881559698384512e-02
1.188301201299999832e+00,-5.338683161722869441e-02
1.188501201300000032e+00,-5.342488375888135299e-02
1.188701201299999788e+00,-5.346297450662126916e-02
1.188901201300000210e+00,-5.350110637104979472e-02
1.189101201299999744e+00,-5.353928188874833294e-02
1.189301201300000166e+00,-5.357750362233781871e-02
1.189501201299999700e+00,-5.361577416053506240e-02
1.189701201300000344e+00,-5.365409611821115449e-02
1.189901201299999656e+00,-5.369247213644616490e-02
1.190101201300000078e+00,-5.373090488258631253e-02
1.190301201300000056e+00,-5.376939705029720740e-02
1.190501201300000034e+00,-5.380795135961904951e-02
1.190701201300000678e+00,-5.384657055701973227e-02
1.190901201299999990e+00,-5.388525741544696046e-02
1.191101201299999968e+00,-5.392401473438165199e-02
1.191301201299999946e+00,-5.396284533988789101e-02
1.191501201300000368e+00,-5.400175208466434507e-02
1.191701201299999457e+00,-5.404073784809368397e-02
1.191901201300000324e+00,-5.407980553629310877e-02
1.192101201299999857e+00,-5.411895808216100195e-02
1.192301201300000280e+00,-5.415819844542695688e-02
1.192501201299999369e+00,-5.419752961269741487e-02
1.192701201300000013e+00,-5.423695459750400849e-02
1.192901201299999325e+00,-5.427647644034752639e-02
1.193101201300000191e+00,-5.431609820874551409e-02
1.193301201299999725e+00,-5.435582299727480249e-02
1.193501201300000147e+00,-5.439565392761769314e-02
1.193701201300000125e+00,-5.443559414860370260e-02
1.193901201300000103e+00,-5.447564683625350651e-02
1.194101201300000525e+00,-5.451581519382087127e-02
1.194301201299999615e+00,-5.455610245183369067e-02
1.194501201300000037e+00,-5.459651186813646584e-02
1.194701201300000015e+00,-5.463704672792887851e-02
1.194901201299999993e+00,-5.467771034380704276e-02
1.195101201299999749e+00,-5.471850605580193955e-02
1.195301201299999949e+00,-5.475943723141873942e-02
1.195501201299999927e+00,-5.480050726567413377e-02
1.195701201300000349e+00,-5.484171958113442241e-02
1.195901201299999439e+00,-5.488307762795188727e-02
1.196101201300000083e+00,-5.492458488390240812e-02
1.196301201299999839e+00,-5.496624485441944929e-02
1.196501201300000039e+00,-5.500806107263102318e-02
1.196701201300000239e+00,-5.505003709939344098e-02
1.196901201300000217e+00,-5.509217652332592391e-02
1.197101201300000195e+00,-5.513448296084431238e-02
1.197301201299999951e+00,-5.517696005619410204e-02
1.197501201300000151e+00,-5.521961148148325088e-02
1.197701201299999685e+00,-5.526244093671398017e-02
1.197901201300000107e+00,-5.530545214981523461e-02
1.198101201300000085e+00,-5.534864887667258898e-02
1.198301201300000063e+00,-5.539203490116012540e-02
1.198501201299999597e+00,-5.543561403516981956e-02
1.198701201300000019e+00,-5.547939011864200243e-02
1.198901201299999553e+00,-5.552336701959337262e-02
1.199101201300000419e+00,-5.556754863414742340e-02
1.199301201299999731e+00,-5.561193888656079665e-02
1.199501201300000153e+00,-5.565654172925337678e-02
1.199701201299999909e+00,-5.570136114283351370e-02
1.199901201299999887e+00,-5.574640113612675668e-02
1.200101201300000309e+00,-5.579166574620136876e-02
1.200301201299999843e+00,-5.583715903839446548e-02
1.200501201300000043e+00,-5.588288510633865336e-02
1.200701201300000021e+00,-5.592884807198608699e-02
1.200901201300000221e+00,-5.597505208563410828e-02
1.201101201299999754e+00,-5.602150132594932441e-02
1.201301201300000177e+00,-5.606819999999232418e-02
1.201501201300000155e+00,-5.611515234324025020e-02
1.201701201300000355e+00,-5.616236261961119608e-02
1.201901201299999444e+00,-5.620983512148608474e-02
1.202101201300000088e+00,-5.625757416973280189e-02
1.202301201299999844e+00,-5.630558411372596495e-02
1.202501201300000044e+00,-5.635386933137114668e-02
1.202701201300000244e+00,-5.640243422912459559e-02
1.202901201300000000e+00,-5.645128324201506564e-02
1.203101201300000200e+00,-5.650042083366466072e-02
1.203301201299999956e+00,-5.654985149630865210e-02
1.203501201300000378e+00,-5.659957975081619796e-02
1.203701201299999690e+00,-5.664961014670913397e-02
1.203901201299999890e+00,-5.669994726218273440e-02
1.204101201299999868e+00,-5.675059570412327448e-02
1.204301201300000068e+00,-5.680156010812768830e-02
1.204501201299999824e+00,-5.685284513852148502e-02
1.204701201300000024e+00,-5.690445548837749778e-02
1.204901201299999780e+00,-5.695639587953268967e-02
1.205101201300000202e+00,-5.700867106260677081e-02
1.205301201299999514e+00,-5.706128581701785940e-02
1.205501201300000158e+00,-5.711424495100146659e-02
1.205701201299999914e+00,-5.716755330162456850e-02
1.205901201299999892e+00,-5.722121573480398737e-02
1.206101201300000536e+00,-5.727523714532142818e-02
1.206301201300000070e+00,-5.732962245683853597e-02
1.206501201299999826e+00,-5.738437662191397948e-02
1.206701201300000026e+00,-5.743950462201723173e-02
1.206901201300000004e+00,-5.749501146754357889e-02
1.207101201299999760e+00,-5.755090219782901112e-02
1.207301201299999960e+00,-5.760718188116453753e-02
1.207501201300000160e+00,-5.766385561480969618e-02
1.207701201300000138e+00,-5.772092852500653598e-02
1.207901201299999450e+00,-5.777840576699308506e-02
1.208101201299999872e+00,-5.783629252501704121e-02
1.208301201299999850e+00,-5.789459401234714475e-02
1.208501201300000272e+00,-5.795331547128748650e-02
1.208701201300000028e+00,-5.801246217318847126e-02
1.208901201300000228e+00,-5.807203941846010575e-02
1.209101201300000206e+00,-5.813205253658257354e-02
1.209301201300000184e+00,-5.819250688611866951e-02
1.209501201300000384e+00,-5.825340785472454819e-02
1.209701201299999695e+00,-5.831476085916033336e-02
1.209901201300000118e+00,-5.837657134530221253e-02
1.210101201300000096e+00,-5.843884478815061789e-02
1.210301201300000074e+00,-5.850158669184211263e-02
1.210501201299999607e+00,-5.856480258965823804e-02
1.210701201300000029e+00,-5.862849804403590104e-02
1.210901201299999785e+00,-5.869267864657500000e-02
1.211101201300000207e+00,-5.875735001804927027e-02
1.211301201299999297e+00,-5.882251780841283445e-02
1.211501201300000385e+00,-5.888818769681133936e-02
1.211701201300000141e+00,-5.895436539158599443e-02
1.211901201299999897e+00,-5.902105663028490296e-02
1.212101201300000541e+00,-5.908826717966884912e-02
1.212301201299999853e+00,-5.915600283571734175e-02
1.212501201300000053e+00,-5.922426942363780838e-02
1.212701201300000031e+00,-5.929307279786939083e-02
1.212901201300000231e+00,-5.936241884209049469e-02
1.213101201299999543e+00,-5.943231346922353553e-02
1.213301201300000187e+00,-5.950276262144174599e-02
1.213501201300000165e+00,-5.957377227017158355e-02
1.213701201300000143e+00,-5.964534841609964166e-02
1.213901201299999455e+00,-5.971749708917541838e-02
1.214101201300000099e+00,-5.979022434861644419e-02
1.214301201299999633e+00,-5.986353628290923268e-02
1.214501201300000055e+00,-5.993743900981537975e-02
1.214701201300000033e+00,-6.001193867637115431e-02
1.214901201300000011e+00,-6.008704145889176562e-02
1.215101201300000433e+00,-6.016275356297203641e-02
1.215301201299999967e+00,-6.023908122348722860e-02
1.215501201300000611e+00,-6.031603070459553434e-02
1.215701201299999479e+00,-6.039360829973530742e-02
1.215901201299999901e+00,-6.047182033162913639e-02
1.216101201299999879e+00,-6.055067315227862651e-02
1.216301201300000301e+00,-6.063017314296627325e-02
1.216501201299999835e+00,-6.071032671425194427e-02
1.216701201299999813e+00,-6.079114030597219248e-02
1.216901201299999791e+00,-6.087262038723596780e-02
1.217101201300000213e+00,-6.095477345642191097e-02
1.217301201299999303e+00,-6.103760604117342697e-02
1.217501201300000169e+00,-6.112112469839669354e-02
1.217701201300000147e+00,-6.120533601425126591e-02
1.217901201299999903e+00,-6.129024660414772452e-02
1.218101201300000547e+00,-6.137586311274020878e-02
1.218301201300000081e+00,-6.146219221391754917e-02
1.218501201300000059e+00,-6.154924061079829201e-02
1.218701201300000037e+00,-6.163701503571970830e-02
1.218901201300000015e+00,-6.172552225022959194e-02
1.219101201299999548e+00,-6.181476904507575421e-02
1.219301201300000193e+00,-6.190476224019621221e-02
1.219501201299999948e+00,-6.199550868470533882e-02
1.219701201300000148e+00,-6.208701525688430090e-02
1.219901201299999460e+00,-6.217928886416514145e-02
1.220101201299999882e+00,-6.227233644311961497e-02
1.220301201299999416e+00,-6.236616495944059119e-02
1.220501201300000282e+00,-6.246078140793021732e-02
1.220701201299999816e+00,-6.255619281247873364e-02
1.220901201300000238e+00,-6.265240622605139365e-02
1.221101201299999772e+00,-6.274942873066563509e-02
1.221301201299999750e+00,-6.284726743737475974e-02
1.221501201300000616e+00,-6.294592948624522233e-02
1.221701201299999706e+00,-6.304542204633396818e-02
1.221901201300000128e+00,-6.314575231566985081e-02
1.222101201300000106e+00,-6.324692752122457184e-02
1.222301201300000084e+00,-6.334895491889105945e-02
1.222501201299999840e+00,-6.345184179345601805e-02
1.222701201300000040e+00,-6.355559545857314419e-02
1.222901201300000018e+00,-6.366022325673367788e-02
1.223101201300000440e+00,-6.376573255923773109e-02
1.223301201299999308e+00,-6.387213076616135576e-02
1.223501201300000174e+00,-6.397942530632833025e-02
1.223701201299999930e+00,-6.408762363727005251e-02
1.223901201299999908e+00,-6.419673324519639679e-02
1.224101201300000330e+00,-6.430676164495639779e-02
1.224301201300000086e+00,-6.441771637999998967e-02
1.224501201300000286e+00,-6.452960502234100781e-02
1.224701201300000042e+00,-6.464243517251355708e-02
1.224901201300000242e+00,-6.475621445953223809e-02
1.225101201299999776e+00,-6.487095054084582313e-02
1.225301201300000198e+00,-6.498665110229454034e-02
1.225501201300000176e+00,-6.510332385805962796e-02
1.225701201300000154e+00,-6.522097655061741273e-02
1.225901201299999688e+00,-6.533961695068710163e-02
1.226101201300000110e+00,-6.545925285718018349e-02
1.226301201299999644e+00,-6.557989209714353007e-02
1.226501201300000288e+00,-6.570154252570768738e-02
1.226701201299999600e+00,-6.582421202602406485e-02
1.226901201300000022e+00,-6.594790850921142256e-02
1.227101201300000000e+00,-6.607263991428838357e-02
1.227301201299999756e+00,-6.619841420811400923e-02
1.227501201300000400e+00,-6.632523938532139396e-02
1.227701201299999934e+00,-6.645312346824788774e-02
1.227901201299999911e+00,-6.658207450686941253e-02
1.228101201299999889e+00,-6.671210057872531407e-02
1.228301201299999867e+00,-6.684320978884591979e-02
1.228501201299999845e+00,-6.697541026967601674e-02
1.228701201299999823e+00,-6.710871018099646979e-02
1.228901201300000245e+00,-6.724311770984367498e-02
1.229101201300000223e+00,-6.737864107042533524e-02
1.229301201299999535e+00,-6.751528850403618054e-02
1.229501201300000179e+00,-6.765306827897121789e-02
1.229701201299999713e+00,-6.779198869043051578e-02
1.229901201300000135e+00,-6.793205806043250972e-02
1.230101201300000335e+00,-6.807328473771304123e-02
1.230301201300000091e+00,-6.821567709763000364e-02
1.230501201300000069e+00,-6.835924354206249220e-02
1.230701201300000047e+00,-6.850399249930586021e-02
1.230901201300000469e+00,-6.864993242396638662e-02
1.231101201300000003e+00,-6.879707179685043417e-02
1.231301201299999981e+00,-6.894541912485548096e-02
1.231501201299999959e+00,-6.909498294085182624e-02
1.231701201299999937e+00,-6.924577180356630834e-02
1.231901201299999693e+00,-6.939779429746076311e-02
1.232101201299999893e+00,-6.955105903260869193e-02
1.232301201299999649e+00,-6.970557464456625385e-02
1.232501201299999849e+00,-6.986134979424439562e-02
1.232701201299999383e+00,-7.001839316777219713e-02
1.232901201300000249e+00,-7.017671347636410262e-02
1.233101201300000227e+00,-7.033631945617374592e-02
1.233301201299999761e+00,-7.049721986815578323e-02
1.233501201300000627e+00,-7.065942349791770605e-02
1.233701201299999717e+00,-7.082293915556428510e-02
1.233901201300000139e+00,-7.098777567555238088e-02
1.234101201299999895e+00,-7.115394191652378575e-02
1.234301201300000095e+00,-7.132144676115084736e-02
1.234501201299999629e+00,-7.149029911596659070e-02
1.234701201300000051e+00,-7.166050791120003038e-02
1.234901201300000029e+00,-7.183208210059864596e-02
1.235101201300000007e+00,-7.200503066125571450e-02
1.235301201299999541e+00,-7.217936259342747074e-02
1.235501201299999963e+00,-7.235508692035047540e-02
1.235701201299999497e+00,-7.253221268804929678e-02
1.235901201299999919e+00,-7.271074896514892472e-02
1.236101201300000341e+00,-7.289070484267286265e-02
1.236301201299999875e+00,-7.307208943384364830e-02
1.236501201300000297e+00,-7.325491187388022407e-02
1.236701201299999830e+00,-7.343918131978252606e-02
1.236901201300000697e+00,-7.362490695012371966e-02
1.237101201299999786e+00,-7.381209796482299246e-02
1.237301201299999764e+00,-7.400076358493271056e-02
1.237501201299999742e+00,-7.419091305240178846e-02
1.237701201300000164e+00,-7.438255562984757985e-02
1.237901201299999698e+00,-7.457570060031616654e-02
1.238101201300000120e+00,-7.477035726704428509e-02
1.238301201299999876e+00,-7.496653495320720895e-02
1.238501201300000076e+00,-7.516424300167184880e-02
1.238701201299999610e+00,-7.536349077473614155e-02
1.238901201300000032e+00,-7.556428765387167290e-02
1.239101201300000232e+00,-7.576664303945181145e-02
1.239301201299999544e+00,-7.597056635048266005e-02
1.239501201300000854e+00,-7.617606702432953847e-02
1.239701201299999944e+00,-7.638315451642348208e-02
1.239901201300000366e+00,-7.659183829998850168e-02
1.240101201299999900e+00,-7.680212786573531458e-02
1.240301201300000322e+00,-7.701403272157217317e-02
1.240501201299999412e+00,-7.722756239229301711e-02
1.240701201300000278e+00,-7.744272641927744949e-02
1.240901201300000034e+00,-7.765953436016354017e-02
1.241101201300000012e+00,-7.787799578853787930e-02
1.241301201299999546e+00,-7.809812029360231611e-02
1.241501201300000190e+00,-7.831991747984567986e-02
1.241701201299999724e+00,-7.854339696669938864e-02
1.241901201299999924e+00,-7.876856838820146811e-02
1.242101201299999902e+00,-7.899544139263858789e-02
1.242301201300000102e+00,-7.922402564219478693e-02
1.242501201300000524e+00,-7.945433081258637675e-02
1.242701201299999614e+00,-7.968636659269248690e-02
1.242901201300000702e+00,-7.992014268418735912e-02
1.243101201299999570e+00,-8.015566880114467774e-02
1.243301201299999992e+00,-8.039295466966822623e-02
1.243501201299999970e+00,-8.063201002748185409e-02
1.243701201299999948e+00,-8.087284462353827585e-02
1.243901201299999926e+00,-8.111546821760906578e-02
1.244101201299999904e+00,-8.135989057987119688e-02
1.244301201299999882e+00,-8.160612149048701580e-02
1.244501201300000082e+00,-8.185417073917711228e-02
1.244701201299999394e+00,-8.210404812478502845e-02
1.244901201300000038e+00,-8.235576345484187100e-02
1.245101201300000238e+00,-8.260932654511005113e-02
1.245301201299999772e+00,-8.286474721913511532e-02
1.245501201300000638e+00,-8.312203530778569660e-02
1.245701201300000172e+00,-8.338120064877560522e-02
1.245901201300000150e+00,-8.364225308619971377e-02
1.246101201299999905e+00,-8.390520247004247534e-02
1.246301201300000105e+00,-8.417005865569206213e-02
1.246501201299999639e+00,-8.443683150343905819e-02
1.246701201300000283e+00,-8.470553087797752512e-02
1.246901201300000039e+00,-8.497616664788409935e-02
1.247101201300000017e+00,-8.524874868510674830e-02
1.247301201299999551e+00,-8.552328686443141925e-02
1.247501201299999973e+00,-8.579979106295189395e-02
1.247701201299999507e+00,-8.607827115952033925e-02
1.247901201299999929e+00,-8.635873703420601788e-02
1.248101201299999907e+00,-8.664119856772824202e-02
1.248301201300000329e+00,-8.692566564089757031e-02
1.248501201299999863e+00,-8.721214813403632693e-02
1.248701201299999397e+00,-8.750065592640290935e-02
1.248901201300000707e+00,-8.779119889560055290e-02
1.249101201299999797e+00,-8.808378691696999718e-02
1.249301201300000219e+00,-8.837842986300312176e-02
1.249501201300000197e+00,-8.867513760271067413e-02
1.249701201300000175e+00,-8.897392000101095322e-02
1.249901201299999709e+00,-8.927478691809587197e-02
1.250101201300000131e+00,-8.957774820879574329e-02
1.250301201300000109e+00,-8.988281372192649665e-02
1.250501201300000087e+00,-9.018999329964125233e-02
1.250701201299999399e+00,-9.049929677676246675e-02
1.250901201300000265e+00,-9.081073398011615949e-02
1.251101201300000021e+00,-9.112431472783995290e-02
1.251301201299999777e+00,-9.144004882870748752e-02
1.251501201300000421e+00,-9.175794608142463782e-02
1.251701201299999955e+00,-9.207801627391976051e-02
1.251901201300000377e+00,-9.240026918263945233e-02
1.252101201299999911e+00,-9.272471457181345744e-02
1.252301201300000333e+00,-9.305136219273371645e-02
1.252501201299999867e+00,-9.338022178300264819e-02
1.252701201300000067e+00,-9.371130306579479596e-02
1.252901201300000045e+00,-9.404461574908842825e-02
1.253101201300000245e+00,-9.438016952490491107e-02
1.253301201299999779e+00,-9.471797406852820733e-02
1.253501201299999979e+00,-9.505803903772519492e-02
1.253701201299999735e+00,-9.540037407194419672e-02
1.253901201299999935e+00,-9.574498879151949193e-02
1.254101201299999691e+00,-9.609189279685237395e-02
1.254301201300000113e+00,-9.644109566759678787e-02
1.254501201300000091e+00,-9.679260696182145907e-02
1.254701201299999624e+00,-9.714643621517708716e-02
1.254901201300000491e+00,-9.750259294004826049e-02
1.255101201299999580e+00,-9.786108662468420705e-02
1.255301201300000002e+00,-9.822192673235194404e-02
1.255501201299999980e+00,-9.858512270044038350e-02
1.255701201299999958e+00,-9.895068393958782182e-02
1.255901201299999714e+00,-9.931861983278189587e-02
1.256101201300000136e+00,-9.968893973445931700e-02
1.256301201300000336e+00,-1.000616529695876750e-01
1.256501201300000092e+00,-1.004367688327473251e-01
1.256701201299999404e+00,-1.008142965871988428e-01
1.256901201299999826e+00,-1.011942454639448707e-01
1.257101201299999804e+00,-1.015766246607706508e-01
1.257301201299999782e+00,-1.019614433412942833e-01
1.257501201300000204e+00,-1.023487106339934921e-01
1.257701201299999960e+00,-1.027384356312245062e-01
1.257901201300000160e+00,-1.031306273882415525e-01
1.258101201300000138e+00,-1.035252949221918684e-01
1.258301201300000560e+00,-1.039224472111148351e-01
1.258501201299999872e+00,-1.043220931929197681e-01
1.258701201300000072e+00,-1.047242417643712148e-01
1.258901201300000050e+00,-1.051289017800415004e-01
1.259101201300000028e+00,-1.055360820512751818e-01
1.259301201299999784e+00,-1.059457913451319622e-01
1.259501201299999984e+00,-1.063580383833266918e-01
1.259701201299999962e+00,-1.067728318411519106e-01
1.259901201299999940e+00,-1.071901803464018893e-01
1.260101201299999474e+00,-1.076100924782771862e-01
1.260301201299999896e+00,-1.080325767662900227e-01
1.260501201300000318e+00,-1.084576416891460532e-01
1.260701201299999852e+00,-1.088852956736300892e-01
1.260901201300000718e+00,-1.093155470934839280e-01
1.261101201299999808e+00,-1.097484042682512623e-01
1.261301201300000230e+00,-1.101838754621551064e-01
1.261501201299999986e+00,-1.106219688829173514e-01
1.261701201300000186e+00,-1.110626926806114745e-01
1.261901201299999498e+00,-1.115060549464749196e-01
1.262101201300000142e+00,-1.119520637117395467e-01
1.262301201300000120e+00,-1.124007269464207120e-01
1.262501201300000098e+00,-1.128520525581308831e-01
1.262701201299999632e+00,-1.133060483908596150e-01
1.262901201299999832e+00,-1.137627222237595909e-01
1.263101201299999810e+00,-1.142220817699095420e-01
1.263301201299999788e+00,-1.146841346750822749e-01
1.263501201299999988e+00,-1.151488885164955178e-01
1.263701201299999965e+00,-1.156163508015540381e-01
1.263901201300000388e+00,-1.160865289665883593e-01
1.264101201299999921e+00,-1.165594303755743411e-01
1.264301201300000788e+00,-1.170350623188629591e-01
1.264501201299999433e+00,-1.175134320118668557e-01
1.264701201299999855e+00,-1.179945465937920490e-01
1.264901201299999833e+00,-1.184784131262964502e-01
1.265101201300000255e+00,-1.189650385921945247e-01
1.265301201299999789e+00,-1.194544298941188076e-01
1.265501201299999767e+00,-1.199465938531970588e-01
1.265701201300000189e+00,-1.204415372076998725e-01
1.265901201300000167e+00,-1.209392666116907711e-01
1.266101201299999479e+00,-1.214397886336702481e-01
1.266301201299999901e+00,-1.219431097552113180e-01
1.266501201300000323e+00,-1.224492363695718067e-01
1.266701201299999635e+00,-1.229581747803170921e-01
1.266901201300000501e+00,-1.234699311999377935e-01
1.267101201299999591e+00,-1.239845117484252857e-01
1.267301201300000235e+00,-1.245019224518954387e-01
1.267501201299999991e+00,-1.250221692411415120e-01
1.267701201300000413e+00,-1.255452579502355781e-01
1.267901201299999503e+00,-1.260711943150777670e-01
1.268101201299999925e+00,-1.265999839719794684e-01
1.268301201300000347e+00,-1.271316324561938549e-01
1.268501201300000103e+00,-1.276661452004748953e-01
1.268701201299999415e+00,-1.282035275336168567e-01
1.268901201299999837e+00,-1.287437846789873386e-01
1.269101201299999815e+00,-1.292869217530400738e-01
1.269301201300000015e+00,-1.298329437638472694e-01
1.269501201299999771e+00,-1.303818556096001946e-01
1.269701201299999971e+00,-1.309336620771209547e-01
1.269901201300000171e+00,-1.314883678403521716e-01
1.270101201299999705e+00,-1.320459774588496893e-01
1.270301201300000793e+00,-1.326064953762761123e-01
1.270501201299999661e+00,-1.331699259188525719e-01
1.270701201300000083e+00,-1.337362732938686682e-01
1.270901201300000061e+00,-1.343055415881090620e-01
1.271101201300000261e+00,-1.348777347663369097e-01
1.271301201299999795e+00,-1.354528566697343339e-01
1.271501201299999995e+00,-1.360309110143598788e-01
1.271701201300000195e+00,-1.366119013895787937e-01
1.271901201299999951e+00,-1.371958312565035587e-01
1.272101201299999484e+00,-1.377827039464261105e-01
1.272301201299999907e+00,-1.383725226592432411e-01
1.272501201300000329e+00,-1.389652904618670082e-01
1.272701201299999862e+00,-1.395610102866456925e-01
1.272901201300000507e+00,-1.401596849297810365e-01
1.273101201299999818e+00,-1.407613170497110378e-01
1.273301201300000240e+00,-1.413659091655383171e-01
1.273501201299999996e+00,-1.419734636553968976e-01
1.273701201300000418e+00,-1.425839827548655847e-01
1.273901201299999730e+00,-1.431974685553358273e-01
1.274101201300000152e+00,-1.438139230024149673e-01
1.274301201300000130e+00,-1.444333478942813054e-01
1.274501201300000108e+00,-1.450557448800762483e-01
1.274701201299999642e+00,-1.456811154582654255e-01
1.274901201299999620e+00,-1.463094609750137665e-01
1.275101201300000042e+00,-1.469407826225417601e-01
1.275301201300000020e+00,-1.475750814374859887e-01
1.275501201299999776e+00,-1.482123582992627975e-01
1.275701201299999976e+00,-1.488526139284211680e-01
1.275901201299999954e+00,-1.494958488849883471e-01
1.276101201299999710e+00,-1.501420635668257175e-01
1.276301201300000576e+00,-1.507912582079777297e-01
1.276501201299999888e+00,-1.514434328769987959e-01
1.276701201299999866e+00,-1.520985874753249811e-01
1.276901201300000288e+00,-1.527567217355909057e-01
1.277101201300000044e+00,-1.534178352199726536e-01
1.277301201299999578e+00,-1.540819273185340954e-01
1.277501201300000000e+00,-1.547489972475594999e-01
1.277701201300000422e+00,-1.554190440478785684e-01
1.277901201300000178e+00,-1.560920665832094267e-01
1.278101201299999490e+00,-1.567680635384916810e-01
1.278301201299999912e+00,-1.574470334182212772e-01
1.278501201300000112e+00,-1.581289745447682638e-01
1.278701201299999646e+00,-1.588138850567201998e-01
1.278901201300000512e+00,-1.595017629072199294e-01
1.279101201299999824e+00,-1.601926058622716031e-01
1.279301201300000468e+00,-1.608864114991095384e-01
1.279501201300000002e+00,-1.615831772044921399e-01
1.279701201300000424e+00,-1.622829001730697329e-01
1.279901201299999736e+00,-1.629855774056885864e-01
1.280101201299999936e+00,-1.636912057077547777e-01
1.280301201300000358e+00,-1.643997816875474027e-01
1.280501201300000336e+00,-1.651113017545663975e-01
1.280701201299999648e+00,-1.658257621178738372e-01
1.280901201299999403e+00,-1.665431587844397876e-01
1.281101201300000048e+00,-1.672634875574788293e-01
1.281301201299999803e+00,-1.679867440347916629e-01
1.281501201299999559e+00,-1.687129236071319427e-01
1.281701201299999759e+00,-1.694420214565471317e-01
1.281901201300000182e+00,-1.701740325547330956e-01
1.282101201299999715e+00,-1.709089516613919724e-01
1.282301201300000582e+00,-1.716467733226096359e-01
1.282501201299999671e+00,-1.723874918691898628e-01
1.282701201300000093e+00,-1.731311014150668237e-01
1.282901201300000071e+00,-1.738775958556381673e-01
1.283101201300000049e+00,-1.746269688661696295e-01
1.283301201299999583e+00,-1.753792139001671413e-01
1.283501201300000005e+00,-1.761343241877746935e-01
1.283701201300000427e+00,-1.768922927341526341e-01
1.283901201300000183e+00,-1.776531123178858307e-01
1.284101201299999495e+00,-1.784167754893900282e-01
1.284301201299999473e+00,-1.791832745693225093e-01
1.284501201299999895e+00,-1.799526016469898126e-01
1.284701201299999873e+00,-1.807247485787727426e-01
1.284901201300000295e+00,-1.814997069865654233e-01
1.285101201299999829e+00,-1.822774682561955073e-01
1.285301201300000473e+00,-1.830580235358892083e-01
1.285501201300000229e+00,-1.838413637346930918e-01
1.285701201300000651e+00,-1.846274795209621733e-01
1.285901201299999741e+00,-1.854163613207974737e-01
1.286101201299999719e+00,-1.862079993165509650e-01
1.286301201300000141e+00,-1.870023834452808620e-01
1.286501201300000119e+00,-1.877995033972513494e-01
1.286701201299999653e+00,-1.885993486144377229e-01
1.286901201299999631e+00,-1.894019082890354699e-01
1.287101201300000053e+00,-1.902071713619715443e-01
1.287301201300000031e+00,-1.910151265214326266e-01
1.287501201299999565e+00,-1.918257622014095665e-01
1.287701201299999765e+00,-1.926390665802470703e-01
1.287901201300000409e+00,-1.934550275791918905e-01
1.288101201299999943e+00,-1.942736328609618313e-01
1.288301201300000809e+00,-1.950948698283484217e-01
1.288501201299999899e+00,-1.959187256227680474e-01
1.288701201300000321e+00,-1.967451871229141114e-01
1.288901201300000299e+00,-1.975742409433251801e-01
1.289101201300000277e+00,-1.984058734330412244e-01
1.289301201299999589e+00,-1.992400706742285532e-01
1.289501201299999789e+00,-2.000768184808450478e-01
1.289701201300000433e+00,-2.009161023972871329e-01
1.289901201299999745e+00,-2.017579076970691387e-01
1.290101201299999500e+00,-2.026022193815353312e-01
1.290301201299999700e+00,-2.034490221785409947e-01
1.290501201300000123e+00,-2.042983005411777020e-01
1.290701201299999878e+00,-2.051500386465034687e-01
1.290901201300000078e+00,-2.060042203943012462e-01
1.291101201299999834e+00,-2.068608294058230934e-01
1.291301201300000479e+00,-2.077198490225849459e-01
1.291501201300000012e+00,-2.085812623051342962e-01
1.291701201300000879e+00,-2.094450520318913433e-01
1.291901201299999524e+00,-2.103112006979269699e-01
1.292101201299999946e+00,-2.111796905138602076e-01
1.292301201300000146e+00,-2.120505034046559767e-01
1.292501201300000124e+00,-2.129236210085307668e-01
1.292701201299999880e+00,-2.137990246758344759e-01
1.292901201299999636e+00,-2.146766954679564798e-01
1.293101201300000280e+00,-2.155566141562524352e-01
1.293301201300000036e+00,-2.164387612209702216e-01
1.293501201299999348e+00,-2.173231168502316457e-01
1.293701201299999770e+00,-2.182096609390049569e-01
1.293901201300000192e+00,-2.190983730880850799e-01
1.294101201299999726e+00,-2.199892326031208933e-01
1.294301201300000592e+00,-2.208822184936629629e-01
1.294501201299999904e+00,-2.217773094721803284e-01
1.294701201300000104e+00,-2.226744839531806242e-01
1.294901201300000082e+00,-2.235737200522638357e-01
1.295101201300000060e+00,-2.244749955852568257e-01
1.295301201299999816e+00,-2.253782880673405598e-01
1.295501201300000016e+00,-2.262835747122099450e-01
1.295701201300000438e+00,-2.271908324312418015e-01
1.295901201299999972e+00,-2.281000378326916711e-01
1.296101201299999506e+00,-2.290111672209259874e-01
1.296301201299999484e+00,-2.299241965956508316e-01
1.296501201299999906e+00,-2.308391016511746330e-01
1.296701201299999884e+00,-2.317558577756909932e-01
1.296901201300000084e+00,-2.326744400505972310e-01
1.297101201299999840e+00,-2.335948232498115396e-01
1.297301201299999818e+00,-2.345169818391391880e-01
1.297501201299999796e+00,-2.354408899756380846e-01
1.297701201300000662e+00,-2.363665215070302472e-01
1.297901201299999752e+00,-2.372938499711032545e-01
1.298101201299999952e+00,-2.382228485952021246e-01
1.298301201300000374e+00,-2.391534902956591602e-01
1.298501201300000130e+00,-2.400857476773091415e-01
1.298701201299999886e+00,-2.410195930330200909e-01
1.298901201299999641e+00,-2.419549983432302542e-01
1.299101201300000286e+00,-2.428919352755298799e-01
1.299301201300000042e+00,-2.438303751842437195e-01
1.299501201299999353e+00,-2.447702891100790035e-01
1.299701201299999775e+00,-2.457116477797723908e-01
1.299901201300000420e+00,-2.466544216057514893e-01
1.300101201299999731e+00,-2.475985806858474469e-01
1.300301201300000598e+00,-2.485440948030518404e-01
1.300501201299999909e+00,-2.494909334252258803e-01
1.300701201300000331e+00,-2.504390657049426760e-01
1.300901201300000309e+00,-2.513884604792549493e-01
1.301101201300000287e+00,-2.523390862695657488e-01
1.301301201299999821e+00,-2.532909112814862307e-01
1.301501201299999799e+00,-2.542439034047441759e-01
1.301701201300000221e+00,-2.551980302131019451e-01
1.301901201300000199e+00,-2.561532589643120694e-01
1.302101201299999733e+00,-2.571095566001115329e-01
1.302301201299999711e+00,-2.580668897462368716e-01
1.302501201300000133e+00,-2.590252247124601448e-01
1.302701201300000111e+00,-2.599845274926627092e-01
1.302901201299999645e+00,-2.609447637649485729e-01
1.303101201299999845e+00,-2.619058988917796205e-01
1.303301201300000045e+00,-2.628678979201268806e-01
1.303501201299999801e+00,-2.638307255816754182e-01
1.303701201300000445e+00,-2.647943462930584246e-01
1.303901201299999979e+00,-2.657587241560901981e-01
1.304101201299999957e+00,-2.667238229580878306e-01
1.304301201300000379e+00,-2.676896061721673048e-01
1.304501201299999913e+00,-2.686560369575963225e-01
1.304701201299999891e+00,-2.696230781601969273e-01
1.304901201299999869e+00,-2.705906923127407437e-01
1.305101201300000291e+00,-2.715588416354093870e-01
1.305301201300000047e+00,-2.725274880362635876e-01
1.305501201299999581e+00,-2.734965931117714355e-01
1.305701201299999781e+00,-2.744661181473487255e-01
1.305901201299999981e+00,-2.754360241179290569e-01
1.306101201299999737e+00,-2.764062716885838378e-01
1.306301201300000603e+00,-2.773768212151768719e-01
1.306501201300000137e+00,-2.783476327450146171e-01
1.306701201300000559e+00,-2.793186660176001368e-01
1.306901201300000315e+00,-2.802898804653403131e-01
1.307101201300000515e+00,-2.812612352143559757e-01
1.307301201300000049e+00,-2.822326890852739911e-01
1.307501201299999805e+00,-2.832042005940971219e-01
1.307701201300000449e+00,-2.841757279530759406e-01
1.307901201299999983e+00,-2.851472290716161595e-01
1.308101201299999738e+00,-2.861186615572599568e-01
1.308301201299999494e+00,-2.870899827166506491e-01
1.308501201299999916e+00,-2.880611495565675861e-01
1.308701201299999894e+00,-2.890321187849705931e-01
1.308901201299999650e+00,-2.900028468121096381e-01
1.309101201299999628e+00,-2.909732897516472128e-01
1.309301201300000272e+00,-2.919434034218221230e-01
1.309501201299999806e+00,-2.929131433466390932e-01
1.309701201300000672e+00,-2.938824647571350868e-01
1.309901201299999762e+00,-2.948513225926046033e-01
1.310101201300000184e+00,-2.958196715019639766e-01
1.310301201300000162e+00,-2.967874658450410652e-01
1.310501201300000140e+00,-2.977546596939906753e-01
1.310701201299999674e+00,-2.987212068346951077e-01
1.310901201299999874e+00,-2.996870607682288190e-01
1.311101201300000296e+00,-3.006521747123329091e-01
1.311301201300000052e+00,-3.016165016029459522e-01
1.311501201299999586e+00,-3.025799940957751843e-01
1.311701201299999564e+00,-3.035426045678901175e-01
1.311901201299999764e+00,-3.045042851193527911e-01
1.312101201299999964e+00,-3.054649875748953747e-01
1.312301201300000386e+00,-3.064246634856312435e-01
1.312501201299999698e+00,-3.073832641307923663e-01
1.312701201300000342e+00,-3.083407405195384143e-01
1.312901201300000098e+00,-3.092970433927367258e-01
1.313101201300000742e+00,-3.102521232248610095e-01
1.313301201299999832e+00,-3.112059302258483595e-01
1.313501201299999810e+00,-3.121584143430730651e-01
1.313701201300000232e+00,-3.131095252632795090e-01
1.313901201300000210e+00,-3.140592124146001085e-01
1.314101201299999744e+00,-3.150074249686054539e-01
1.314301201299999722e+00,-3.159541118423847550e-01
1.314501201299999922e+00,-3.168992217006549317e-01
1.314701201300000122e+00,-3.178427029579206642e-01
1.314901201299999656e+00,-3.187845037806659176e-01
1.315101201299999634e+00,-3.197245720895930399e-01
1.315301201300000500e+00,-3.206628555618797893e-01
1.315501201299999812e+00,-3.215993016334720567e-01
1.315701201300000678e+00,-3.225338575014661258e-01
1.315901201299999990e+00,-3.234664701264312603e-01
1.316101201300000190e+00,-3.243970862348815043e-01
1.316301201299999946e+00,-3.253256523216850882e-01
1.316501201300000368e+00,-3.262521146525830251e-01
1.316701201299999680e+00,-3.271764192666918314e-01
1.316901201299999880e+00,-3.280985119790991167e-01
1.317101201300000302e+00,-3.290183383834337505e-01
1.317301201300000058e+00,-3.299358438545162975e-01
1.317501201299999369e+00,-3.308509735510389294e-01
1.317701201299999791e+00,-3.317636724182786434e-01
1.317901201299999769e+00,-3.326738851908244698e-01
1.318101201299999969e+00,-3.335815563953872243e-01
1.318301201300000169e+00,-3.344866303536061514e-01
1.318501201299999703e+00,-3.353890511849086931e-01
1.318701201300000569e+00,-3.362887628094181069e-01
1.318901201300000103e+00,-3.371857089508507599e-01
1.319101201300000747e+00,-3.380798331395273859e-01
1.319301201299999615e+00,-3.389710787153260019e-01
1.319501201300000037e+00,-3.398593888307738231e-01
1.319701201300000237e+00,-3.407447064540695125e-01
1.319901201299999993e+00,-3.416269743722223362e-01
1.320101201299999971e+00,-3.425061351941938170e-01
1.320301201299999727e+00,-3.433821313540695308e-01
1.320501201300000149e+00,-3.442549051142848038e-01
1.320701201299999905e+00,-3.451243985688597915e-01
1.320901201299999439e+00,-3.459905536467017262e-01
1.321101201299999639e+00,-3.468533121149195986e-01
1.321301201300000283e+00,-3.477126155821712583e-01
1.321501201299999817e+00,-3.485684055020520922e-01
1.321701201300000461e+00,-3.494206231765392134e-01
1.321901201299999773e+00,-3.502692097594127807e-01
1.322101201300000195e+00,-3.511141062597878948e-01
1.322301201300000173e+00,-3.519552535456004216e-01
1.322501201300000151e+00,-3.527925923471908476e-01
1.322701201299999685e+00,-3.536260632608836385e-01
1.322901201299999663e+00,-3.544556067526193344e-01
1.323101201300000307e+00,-3.552811631616038524e-01
1.323301201300000063e+00,-3.561026727039939277e-01
1.323501201299999597e+00,-3.569200754766337913e-01
1.323701201299999797e+00,-3.577333114608024500e-01
1.323901201299999997e+00,-3.585423205259906654e-01
1.324101201299999975e+00,-3.593470424337273372e-01
1.324301201299999953e+00,-3.601474168414275923e-01
1.324501201299999931e+00,-3.609433833062702379e-01
1.324701201299999909e+00,-3.617348812891084675e-01
1.324901201299999887e+00,-3.625218501584117625e-01
1.325101201300000531e+00,-3.633042291942398805e-01
1.325301201299999843e+00,-3.640819575922308315e-01
1.325501201299999821e+00,-3.648549744676577444e-01
1.325701201300000243e+00,-3.656232188594665811e-01
1.325901201299999776e+00,-3.663866297343683076e-01
1.326101201300000199e+00,-3.671451459909755854e-01
1.326301201299999732e+00,-3.678987064639230864e-01
1.326501201300000377e+00,-3.686472499280708526e-01
1.326701201300000132e+00,-3.693907151026789570e-01
1.326901201299999666e+00,-3.701290406556627111e-01
1.327101201299999644e+00,-3.708621652078407105e-01
1.327301201300000066e+00,-3.715900273372172435e-01
1.327501201299999600e+00,-3.723125655832924541e-01
1.327701201300000466e+00,-3.730297184514167474e-01
1.327901201300000000e+00,-3.737414244171244349e-01
1.328101201300000200e+00,-3.744476219305576947e-01
1.328301201300000400e+00,-3.751482494208537855e-01
1.328501201300000378e+00,-3.758432453005967622e-01
1.328701201299999912e+00,-3.765325479702782974e-01
1.328901201299999446e+00,-3.772160958227879224e-01
1.329101201300000312e+00,-3.778938272479260840e-01
1.329301201300000068e+00,-3.785656806369216421e-01
1.329501201299999824e+00,-3.792315943870152584e-01
1.329701201299999580e+00,-3.798915069060231908e-01
1.329901201300000002e+00,-3.805453566169462176e-01
1.330101201299999980e+00,-3.811930819625843903e-01
1.330301201299999736e+00,-3.818346214101935310e-01
1.330501201299999714e+00,-3.824699134561465597e-01
1.330701201300000136e+00,-3.830988966306193566e-01
1.330901201299999892e+00,-3.837215095022938893e-01
1.331101201300000536e+00,-3.843376906830959783e-01
1.331301201300000070e+00,-3.849473788329226265e-01
1.331501201299999826e+00,-3.855505126644255265e-01
1.331701201300000470e+00,-3.861470309477822438e-01
1.331901201300000004e+00,-3.867368725154905484e-01
1.332101201299999982e+00,-3.873199762672032143e-01
1.332301201299999516e+00,-3.878962811745456096e-01
1.332501201300000382e+00,-3.884657262859807503e-01
1.332701201299999916e+00,-3.890282507316560889e-01
1.332901201299999672e+00,-3.895837937283104235e-01
1.333101201299999428e+00,-3.901322945841534384e-01
1.333301201299999850e+00,-3.906736927037857132e-01
1.333501201299999828e+00,-3.912079275931173994e-01
1.333701201300000250e+00,-3.917349388643166508e-01
1.333901201300000006e+00,-3.922546662407529472e-01
1.334101201300000206e+00,-3.927670495619717816e-01
1.334301201300000184e+00,-3.932720287886625199e-01
1.334501201300000606e+00,-3.937695440076542930e-01
1.334701201300000140e+00,-3.942595354369070604e-01
1.334901201299999673e+00,-3.947419434305333152e-01
1.335101201300000318e+00,-3.952167084838118516e-01
1.335301201300000074e+00,-3.956837712382106353e-01
1.335501201299999829e+00,-3.961430724864392072e-01
1.335701201299999585e+00,-3.965945531774867083e-01
1.335901201300000007e+00,-3.970381544216805558e-01
1.336101201299999985e+00,-3.974738174957429537e-01
1.336301201299999519e+00,-3.979014838478668326e-01
1.336501201299999719e+00,-3.983210951027905677e-01
1.336701201300000363e+00,-3.987325930668742524e-01
1.336901201299999897e+00,-3.991359197331852959e-01
1.337101201300000763e+00,-3.995310172866009535e-01
1.337301201299999853e+00,-3.999178281088828779e-01
1.337501201299999831e+00,-4.002962947837988006e-01
1.337701201300000253e+00,-4.006663601022054655e-01
1.337901201300000231e+00,-4.010279670671582641e-01
1.338101201299999765e+00,-4.013810588990178729e-01
1.338301201299999743e+00,-4.017255790405577787e-01
1.338501201300000165e+00,-4.020614711620673631e-01
1.338701201300000143e+00,-4.023886791664597062e-01
1.338901201299999677e+00,-4.027071471943804437e-01
1.339101201299999655e+00,-4.030168196293141269e-01
1.339301201299999855e+00,-4.033176411026833108e-01
1.339501201299999833e+00,-4.036095564989531370e-01
1.339701201300000033e+00,-4.038925109607296449e-01
1.339901201300000011e+00,-4.041664498938535299e-01
1.340101201300000433e+00,-4.044313189724931812e-01
1.340301201300000189e+00,-4.046870641442267824e-01
1.340501201300000611e+00,-4.049336316351291321e-01
1.340701201299999479e+00,-4.051709679548387566e-01
1.340901201299999901e+00,-4.053990199016367368e-01
1.341101201300000323e+00,-4.056177345674968349e-01
1.341301201300000079e+00,-4.058270593431446693e-01
1.341501201299999835e+00,-4.060269419231043453e-01
1.341701201299999813e+00,-4.062173303107317057e-01
1.341901201300000013e+00,-4.063981728232413659e-01
1.342101201300000213e+00,-4.065694180967237559e-01
1.342301201299999303e+00,-4.067310150911492839e-01
1.342501201299999725e+00,-4.068829130953667828e-01
1.342701201300000591e+00,-4.070250617320795850e-01
1.342901201299999903e+00,-4.071574109628172122e-01
1.343101201300000547e+00,-4.072799110928947974e-01
1.343301201300000081e+00,-4.073925127763495802e-01
1.343501201300000059e+00,-4.074951670208729615e-01
1.343701201300000481e+00,-4.075878251927202989e-01
1.343901201300000459e+00,-4.076704390216080442e-01
1.344101201299999993e+00,-4.077429606055946731e-01
1.344301201299999748e+00,-4.078053424159429063e-01
1.344501201300000393e+00,-4.078575373019655559e-01
1.344701201299999926e+00,-4.078994984958508874e-01
1.344901201299999460e+00,-4.079311796174736604e-01
1.345101201299999660e+00,-4.079525346791809670e-01
1.345301201299999860e+00,-4.079635180905618053e-01
1.345501201299999838e+00,-4.079640846631937823e-01
1.345701201300000038e+00,-4.079541896153691116e-01
1.345901201299999794e+00,-4.079337885767989613e-01
1.346101201299999994e+00,-4.079028375932939321e-01
1.346301201300000194e+00,-4.078612931314218870e-01
1.346501201300000616e+00,-4.078091120831420224e-01
1.346701201299999706e+00,-4.077462517704135703e-01
1.346901201299999684e+00,-4.076726699497789652e-01
1.347101201300000328e+00,-4.075883248169227535e-01
1.347301201300000084e+00,-4.074931750112037454e-01
1.347501201299999840e+00,-4.073871796201572471e-01
1.347701201299999596e+00,-4.072702981839726455e-01
1.347901201300000018e+00,-4.071424906999417948e-01
1.348101201300000218e+00,-4.070037176268784807e-01
1.348301201299999530e+00,-4.068539398895081316e-01
1.348501201299999730e+00,-4.066931188828243338e-01
1.348701201300000374e+00,-4.065212164764210323e-01
1.348901201299999908e+00,-4.063381950187897051e-01
1.349101201300000330e+00,-4.061440173415792887e-01
1.349301201300000086e+00,-4.059386467638348428e-01
1.349501201300000064e+00,-4.057220470961917513e-01
1.349701201300000264e+00,-4.054941826450429998e-01
1.349901201300000242e+00,-4.052550182166698711e-01
1.350101201299999776e+00,-4.050045191213363927e-01
1.350301201299999754e+00,-4.047426511773483115e-01
1.350501201300000176e+00,-4.044693807150779863e-01
1.350701201300000154e+00,-4.041846745809524744e-01
1.350901201299999688e+00,-4.038885001413985987e-01
1.351101201299999666e+00,-4.035808252867546519e-01
1.351301201299999866e+00,-4.032616184351447419e-01
1.351501201300000066e+00,-4.029308485363110037e-01
1.351701201299999822e+00,-4.025884850754066213e-01
1.351901201300000022e+00,-4.022344980767451617e-01
1.352101201300000000e+00,-4.018688581075182120e-01
1.352301201299999978e+00,-4.014915362814605038e-01
1.352501201300000622e+00,-4.011025042624787873e-01
1.352701201299999934e+00,-4.007017342682428485e-01
1.352901201299999911e+00,-4.002891990737141859e-01
1.353101201300000334e+00,-3.998648720146571467e-01
1.353301201299999867e+00,-3.994287269910896665e-01
1.353501201299999845e+00,-3.989807384706844928e-01
1.353701201299999823e+00,-3.985208814921418208e-01
1.353901201300000245e+00,-3.980491316685009773e-01
1.354101201300000223e+00,-3.975654651904156900e-01
1.354301201299999535e+00,-3.970698588293731235e-01
1.354501201299999735e+00,-3.965622899408678403e-01
1.354701201299999935e+00,-3.960427364675389028e-01
1.354901201299999913e+00,-3.955111769422416379e-01
1.355101201300000335e+00,-3.949675904910775470e-01
1.355301201300000091e+00,-3.944119568363813055e-01
1.355501201300000069e+00,-3.938442562996398721e-01
1.355701201300000269e+00,-3.932644698043811227e-01
1.355901201300000469e+00,-3.926725788789991456e-01
1.356101201300000003e+00,-3.920685656595321866e-01
1.356301201299999537e+00,-3.914524128923810853e-01
1.356501201300000403e+00,-3.908241039369830250e-01
1.356701201299999937e+00,-3.901836227684443159e-01
1.356901201299999915e+00,-3.895309539800806409e-01
1.357101201299999671e+00,-3.888660827859468649e-01
1.357301201299999871e+00,-3.881889950232839670e-01
1.357501201299999849e+00,-3.874996771549273911e-01
1.357701201299999383e+00,-3.867981162716488952e-01
1.357901201299999805e+00,-3.860843000944411685e-01
1.358101201300000227e+00,-3.853582169767659771e-01
1.358301201299999983e+00,-3.846198559067227629e-01
1.358501201300000627e+00,-3.838692065091611760e-01
1.358701201299999939e+00,-3.831062590477657959e-01
1.358901201299999917e+00,-3.823310044270313846e-01
1.359101201300000561e+00,-3.815434341942315344e-01
1.359301201300000095e+00,-3.807435405413066576e-01
1.359501201299999851e+00,-3.799313163066729837e-01
1.359701201299999607e+00,-3.791067549770098521e-01
1.359901201300000251e+00,-3.782698506889576873e-01
1.360101201300000007e+00,-3.774205982307828888e-01
1.360301201299999541e+00,-3.765589930439450228e-01
1.360501201299999519e+00,-3.756850312246334811e-01
1.360701201299999719e+00,-3.747987095252378054e-01
1.360901201299999919e+00,-3.739000253557483444e-01
1.361101201300000341e+00,-3.729889767850962379e-01
1.361301201299999875e+00,-3.720655625424422186e-01
1.361501201300000297e+00,-3.711297820183740437e-01
1.361701201300000275e+00,-3.701816352660888265e-01
1.361901201300000697e+00,-3.692211230024605162e-01
1.362101201300000008e+00,-3.682482466090885587e-01
1.362301201299999764e+00,-3.672630081332359797e-01
1.362501201300000186e+00,-3.662654102887515917e-01
1.362701201300000164e+00,-3.652554564569041595e-01
1.362901201299999698e+00,-3.642331506871427926e-01
1.363101201299999676e+00,-3.631984976978042123e-01
1.363301201299999876e+00,-3.621515028767635647e-01
1.363501201300000076e+00,-3.610921722820043533e-01
1.363701201299999610e+00,-3.600205126421329171e-01
1.363901201299999588e+00,-3.589365313568091409e-01
1.364101201300000232e+00,-3.578402364971406957e-01
1.364301201299999988e+00,-3.567316368059998966e-01
1.364501201300000410e+00,-3.556107416982432490e-01
1.364701201299999944e+00,-3.544775612609256110e-01
1.364901201299999922e+00,-3.533321062533794077e-01
1.365101201300000344e+00,-3.521743881072839089e-01
1.365301201300000322e+00,-3.510044189266426917e-01
1.365501201299999856e+00,-3.498222114876848310e-01
1.365701201299999834e+00,-3.486277792387091901e-01
1.365901201300000256e+00,-3.474211362998715358e-01
1.366101201300000234e+00,-3.462022974628952143e-01
1.366301201299999546e+00,-3.449712781907023906e-01
1.366501201299999746e+00,-3.437280946169822826e-01
1.366701201299999724e+00,-3.424727635457233132e-01
1.366901201300000146e+00,-3.412053024506248589e-01
1.367101201299999902e+00,-3.399257294744892910e-01
1.367301201300000102e+00,-3.386340634284985551e-01
1.367501201300000080e+00,-3.373303237914738739e-01
1.367701201300000280e+00,-3.360145307090229849e-01
1.367901201300000702e+00,-3.346867049926464110e-01
1.368101201300000014e+00,-3.333468681187748417e-01
1.368301201299999770e+00,-3.319950422277000435e-01
1.368501201300000414e+00,-3.306312501224949463e-01
1.368701201299999948e+00,-3.292555152678473540e-01
1.368901201299999926e+00,-3.278678617887748059e-01
1.369101201299999682e+00,-3.264683144693522054e-01
1.369301201299999882e+00,-3.250568987513070551e-01
1.369501201300000304e+00,-3.236336407325858811e-01
1.369701201299999394e+00,-3.221985671658416095e-01
1.369901201299999816e+00,-3.207517054568090886e-01
1.370101201300000016e+00,-3.192930836627117519e-01
1.370301201300000216e+00,-3.178227304905001938e-01
1.370501201300000194e+00,-3.163406752950775891e-01
1.370701201300000172e+00,-3.148469480774385154e-01
1.370901201300000150e+00,-3.133415794827493217e-01
1.371101201300000128e+00,-3.118246007983564438e-01
1.371301201300000328e+00,-3.102960439517244429e-01
1.371501201299999861e+00,-3.087559415083230840e-01
1.371701201299999839e+00,-3.072043266694078900e-01
1.371901201300000039e+00,-3.056412332697879819e-01
1.372101201300000239e+00,-3.040666957754895039e-01
1.372301201299999551e+00,-3.024807492813667009e-01
1.372501201299999751e+00,-3.008834295086178501e-01
1.372701201299999507e+00,-2.992747728023048559e-01
1.372901201300000151e+00,-2.976548161287161376e-01
1.373101201299999907e+00,-2.960235970727557175e-01
1.373301201299999885e+00,-2.943811538351737145e-01
1.373501201299999863e+00,-2.927275252298108810e-01
1.373701201300000063e+00,-2.910627506807328402e-01
1.373901201300000485e+00,-2.893868702193181930e-01
1.374101201300000019e+00,-2.876999244812838974e-01
1.374301201299999775e+00,-2.860019547036109500e-01
1.374501201300000419e+00,-2.842930027214578548e-01
1.374701201300000175e+00,-2.825731109650042594e-01
1.374901201299999709e+00,-2.808423224561718001e-01
1.375101201299999687e+00,-2.791006808053467791e-01
1.375301201300000109e+00,-2.773482302080228501e-01
1.375501201300000087e+00,-2.755850154413788111e-01
1.375701201299999399e+00,-2.738110818607800701e-01
1.375901201299999821e+00,-2.720264753962169935e-01
1.376101201300000021e+00,-2.702312425487432557e-01
1.376301201299999999e+00,-2.684254303867651958e-01
1.376501201299999977e+00,-2.666090865423234035e-01
1.376701201300000177e+00,-2.647822592073030834e-01
1.376901201299999933e+00,-2.629449971295930721e-01
1.377101201300000355e+00,-2.610973496091540391e-01
1.377301201300000333e+00,-2.592393664940858544e-01
1.377501201300000089e+00,-2.573710981765711669e-01
1.377701201299999401e+00,-2.554925955888068256e-01
1.377901201300000267e+00,-2.536039101988392108e-01
1.378101201300000245e+00,-2.517050940064284315e-01
1.378301201299999779e+00,-2.497961995387266154e-01
1.378501201299999757e+00,-2.478772798459893401e-01
1.378701201299999735e+00,-2.459483884972280543e-01
1.378901201300000157e+00,-2.440095795757690478e-01
1.379101201299999691e+00,-2.420609076748031496e-01
1.379301201300000113e+00,-2.401024278928119426e-01
1.379501201300000091e+00,-2.381341958290445482e-01
1.379701201300000069e+00,-2.361562675788368426e-01
1.379901201300000491e+00,-2.341686997289411098e-01
1.380101201300000024e+00,-2.321715493528062058e-01
1.380301201299999780e+00,-2.301648740057452569e-01
1.380501201300000425e+00,-2.281487317201245923e-01
1.380701201299999958e+00,-2.261231810004975806e-01
1.380901201299999936e+00,-2.240882808186006325e-01
1.381101201299999914e+00,-2.220440906084238386e-01
1.381301201299999892e+00,-2.199906702611482689e-01
1.381501201300000092e+00,-2.179280801200657869e-01
1.381701201299999626e+00,-2.158563809754629470e-01
1.381901201299999826e+00,-2.137756340594093585e-01
1.382101201299999804e+00,-2.116859010405824360e-01
1.382301201299999782e+00,-2.095872440189661401e-01
1.382501201300000204e+00,-2.074797255205485247e-01
1.382701201300000182e+00,-2.053634084919842562e-01
1.382901201300000160e+00,-2.032383562951696199e-01
1.383101201300000138e+00,-2.011046327018206070e-01
1.383301201300000560e+00,-1.989623018879838889e-01
1.383501201300000094e+00,-1.968114284285378268e-01
1.383701201299999628e+00,-1.946520772915890651e-01
1.383901201300000272e+00,-1.924843138328919401e-01
1.384101201300000028e+00,-1.903082037902457113e-01
1.384301201299999784e+00,-1.881238132777517391e-01
1.384501201299999984e+00,-1.859312087801359148e-01
1.384701201299999740e+00,-1.837304571470060321e-01
1.384901201299999940e+00,-1.815216255870334972e-01
1.385101201299999474e+00,-1.793047816621715362e-01
1.385301201299999896e+00,-1.770799932817496147e-01
1.385501201300000096e+00,-1.748473286966435725e-01
1.385701201300000074e+00,-1.726068564933128935e-01
1.385901201300000496e+00,-1.703586455878519645e-01
1.386101201300000030e+00,-1.681027652200377254e-01
1.386301201300000008e+00,-1.658392849472622443e-01
1.386501201300000208e+00,-1.635682746385380415e-01
1.386701201300000186e+00,-1.612898044684107912e-01
1.386901201299999720e+00,-1.590039449108559544e-01
1.387101201299999920e+00,-1.567107667331397169e-01
1.387301201300000120e+00,-1.544103409897024382e-01
1.387501201300000098e+00,-1.521027390159561399e-01
1.387701201299999632e+00,-1.497880324220887960e-01
1.387901201299999832e+00,-1.474662930868231858e-01
1.388101201299999587e+00,-1.451375931512111639e-01
1.388301201300000010e+00,-1.428020050123126050e-01
1.388501201299999988e+00,-1.404596013169570612e-01
1.388701201299999965e+00,-1.381104549553900940e-01
1.388901201300000166e+00,-1.357546390549642656e-01
1.389101201300000366e+00,-1.333922269737941591e-01
1.389301201300000566e+00,-1.310232922943847800e-01
1.389501201300000099e+00,-1.286479088172590712e-01
1.389701201299999855e+00,-1.262661505545364937e-01
1.389901201300000277e+00,-1.238780917235434570e-01
1.390101201300000255e+00,-1.214838067404026695e-01
1.390301201299999789e+00,-1.190833702135618843e-01
1.390501201299999767e+00,-1.166768569373467790e-01
1.390701201299999745e+00,-1.142643418855261439e-01
1.390901201300000167e+00,-1.118459002048137890e-01
1.391101201299999479e+00,-1.094216072084222835e-01
1.391301201299999901e+00,-1.069915383695041328e-01
1.391501201300000101e+00,-1.045557693147439876e-01
1.391701201300000079e+00,-1.021143758177968236e-01
1.391901201300000501e+00,-9.966743379278658610e-02
1.392101201300000035e+00,-9.721501928782608215e-02
1.392301201300000013e+00,-9.475720847844262829e-02
1.392501201300000435e+00,-9.229407766110818423e-02
1.392701201300000191e+00,-8.982570324671362849e-02
1.392901201299999947e+00,-8.735216175401211425e-02
1.393101201299999925e+00,-8.487352980312382056e-02
1.393301201300000347e+00,-8.238988410900810466e-02
1.393501201299999881e+00,-7.990130147496418700e-02
1.393701201299999637e+00,-7.740785878606507020e-02
1.393901201299999837e+00,-7.490963300268517477e-02
1.394101201299999371e+00,-7.240670115399824858e-02
1.394301201300000015e+00,-6.989914033142247130e-02
1.394501201299999993e+00,-6.738702768220485029e-02
1.394701201300000193e+00,-6.487044040285533386e-02
1.394901201300000171e+00,-6.234945573271698932e-02
1.395101201300000149e+00,-5.982415094747082357e-02
1.395301201300000571e+00,-5.729460335268153626e-02
1.395501201300000105e+00,-5.476089027737428283e-02
1.395701201299999861e+00,-5.222308906754462299e-02
1.395901201300000283e+00,-4.968127707977552238e-02
1.396101201300000039e+00,-4.713553167484232920e-02
1.396301201300000017e+00,-4.458593021126844302e-02
1.396501201299999773e+00,-4.203255003899215858e-02
1.396701201299999973e+00,-3.947546849297620813e-02
1.396901201300000173e+00,-3.691476288689210516e-02
1.397101201299999484e+00,-3.435051050678802897e-02
1.397301201299999907e+00,-3.178278860474254008e-02
1.397501201299999884e+00,-2.921167439266315891e-02
1.397701201300000085e+00,-2.663724503595070459e-02
1.397901201300000062e+00,-2.405957764730282111e-02
1.398101201300000263e+00,-2.147874928047286552e-02
1.398301201300000018e+00,-1.889483692410354881e-02
1.398501201300000218e+00,-1.630791749552769343e-02
1.398701201300000196e+00,-1.371806783466730101e-02
1.398901201300000174e+00,-1.112536469789052532e-02
1.399101201299999708e+00,-8.529884751946464894e-03
1.399301201300000130e+00,-5.931704567878275103e-03
1.399501201300000108e+00,-3.330900615054633446e-03
1.399701201299999642e+00,-7.275492551230590410e-04
1.399901201299999620e+00,1.878273263947721067e-03
1.400101201299999598e+00,4.486490813769887509e-03
1.400301201300000020e+00,7.097027391463086449e-03
1.400501201299999776e+00,9.709807125485591522e-03
1.400701201299999976e+00,1.232475428151146891e-02
1.400901201299999954e+00,1.494179326817089877e-02
1.401101201300000154e+00,1.756084864284287311e-02
1.401301201300000354e+00,2.018184511734954362e-02
1.401501201300000110e+00,2.280470756364058604e-02
1.401701201299999866e+00,2.542936101944756611e-02
1.401901201300000510e+00,2.805573069387741481e-02
1.402101201299999822e+00,3.068374197292352348e-02
1.402301201299999800e+00,3.331332042507854224e-02
1.402501201299999778e+00,3.594439180671710893e-02
1.402701201300000200e+00,3.857688206757586835e-02
1.402901201300000178e+00,4.121071735610601361e-02
1.403101201299999490e+00,4.384582402484092645e-02
1.403301201299999690e+00,4.648212863570495151e-02
1.403501201299999890e+00,4.911955796520513923e-02
1.403701201299999646e+00,5.175803900966996496e-02
1.403901201300000068e+00,5.439749899041573106e-02
1.404101201300000268e+00,5.703786535880267516e-02
1.404301201300000024e+00,5.967906580132289335e-02
1.404501201300000446e+00,6.232102824461216439e-02
1.404701201300000424e+00,6.496368086035403389e-02
1.404901201300000402e+00,6.760695207022873743e-02
1.405101201299999492e+00,7.025077055072190269e-02
1.405301201300000358e+00,7.289506523798204574e-02
1.405501201300000114e+00,7.553976533243908498e-02
1.405701201299999870e+00,7.818480030361471544e-02
1.405901201299999626e+00,8.083009989468334378e-02
1.406101201299999603e+00,8.347559412706206938e-02
1.406301201299999803e+00,8.612121330492042426e-02
1.406501201299999559e+00,8.876688801963217301e-02
1.406701201299999981e+00,9.141254915420743421e-02
1.406901201299999959e+00,9.405812788758075027e-02
1.407101201300000159e+00,9.670355569894553693e-02
1.407301201300000359e+00,9.934876437193998489e-02
1.407501201300000115e+00,1.019936859988169048e-01
1.407701201299999649e+00,1.046382529845546333e-01
1.407901201300000515e+00,1.072823980509038655e-01
1.408101201300000049e+00,1.099260542402889229e-01
1.408301201300000027e+00,1.125691549198347963e-01
1.408501201299999783e+00,1.152116337851246120e-01
1.408701201299999983e+00,1.178534248640342175e-01
1.408901201299999961e+00,1.204944625204164566e-01
1.409101201299999495e+00,1.231346814577799070e-01
1.409301201299999473e+00,1.257740167228865169e-01
1.409501201299999451e+00,1.284124037092422288e-01
1.409701201299999873e+00,1.310497781605825529e-01
1.409901201300000295e+00,1.336860761742386106e-01
1.410101201300000051e+00,1.363212342044671233e-01
1.410301201300000251e+00,1.389551890657307054e-01
1.410501201300000451e+00,1.415878779358385464e-01
1.410701201300000429e+00,1.442192383590866767e-01
1.410901201300000185e+00,1.468492082493040862e-01
1.411101201299999719e+00,1.494777258928277619e-01
1.411301201300000141e+00,1.521047299514236839e-01
1.411501201300000119e+00,1.547301594650772882e-01
1.411701201300000097e+00,1.573539538548142103e-01
1.411901201299999631e+00,1.599760529253601571e-01
1.412101201299999831e+00,1.625963968677960336e-01
1.412301201300000031e+00,1.652149262620650205e-01
1.412501201299999565e+00,1.678315820794754887e-01
1.412701201299999987e+00,1.704463056851361902e-01
1.412901201299999965e+00,1.730590388402235280e-01
1.413101201300000387e+00,1.756697237043088611e-01
1.413301201300000365e+00,1.782783028374941292e-01
1.413501201300000121e+00,1.808847192025633821e-01
1.413701201299999877e+00,1.834889161670085755e-01
1.413901201300000299e+00,1.860908375050014940e-01
1.414101201300000277e+00,1.886904273992570380e-01
1.414301201299999811e+00,1.912876304428884899e-01
1.414501201299999789e+00,1.938823916411482884e-01
1.414701201300000211e+00,1.964746564130724904e-01
1.414901201299999967e+00,1.990643705930722207e-01
1.415101201299999722e+00,2.016514804324898713e-01
1.415301201299999700e+00,2.042359326010134146e-01
1.415501201299999678e+00,2.068176741880449476e-01
1.415701201300000101e+00,2.093966527040080350e-01
1.415901201300000078e+00,2.119728160815397000e-01
1.416101201300000056e+00,2.145461126766668447e-01
1.416301201300000034e+00,2.171164912698502758e-01
1.416501201300000456e+00,2.196839010669867642e-01
1.416701201300000434e+00,2.222482917003023861e-01
1.416901201299999968e+00,2.248096132292212723e-01
1.417101201299999724e+00,2.273678161411266663e-01
1.417301201300000368e+00,2.299228513520415462e-01
1.417501201300000124e+00,2.324746702072111315e-01
1.417701201299999880e+00,2.350232244817061777e-01
1.417901201299999636e+00,2.375684663808400321e-01
1.418101201299999836e+00,2.401103485405732263e-01
1.418301201300000258e+00,2.426488240278117381e-01
1.418501201299999570e+00,2.451838463406378621e-01
1.418701201299999770e+00,2.477153694085295621e-01
1.418901201299999748e+00,2.502433475923653838e-01
1.419101201300000170e+00,2.527677356844994505e-01
1.419301201300000148e+00,2.552884889086570186e-01
1.419501201300000126e+00,2.578055629198355847e-01
1.419701201299999660e+00,2.603189138040656880e-01
1.419901201300000526e+00,2.628284980781661062e-01
1.420101201300000060e+00,2.653342726893025971e-01
1.420301201300000038e+00,2.678361950146672665e-01
1.420501201299999572e+00,2.703342228608857645e-01
1.420701201299999994e+00,2.728283144635004209e-01
1.420901201299999972e+00,2.753184284862585374e-01
1.421101201299999950e+00,2.778045240204467525e-01
1.421301201299999706e+00,2.802865605840645369e-01
1.421501201299999462e+00,2.827644981209727071e-01
1.421701201299999884e+00,2.852382969999551210e-01
1.421901201300000084e+00,2.877079180136857262e-01
1.422101201300000284e+00,2.901733223776817305e-01
1.422301201299999818e+00,2.926344717291300412e-01
1.422501201300000240e+00,2.950913281257049325e-01
1.422701201300000440e+00,2.975438540442201241e-01
1.422901201300000196e+00,2.999920123793134441e-01
1.423101201299999730e+00,3.024357664420155856e-01
1.423301201300000596e+00,3.048750799582649051e-01
1.423501201299999908e+00,3.073099170672759506e-01
1.423701201300000108e+00,3.097402423200274479e-01
1.423901201299999641e+00,3.121660206774529711e-01
1.424101201300000064e+00,3.145872175087642830e-01
1.424301201300000042e+00,3.170037985895504118e-01
1.424501201299999575e+00,3.194157300999346250e-01
1.424701201299999553e+00,3.218229786226111111e-01
1.424901201299999975e+00,3.242255111408007817e-01
1.425101201299999953e+00,3.266232950361660503e-01
1.425301201299999931e+00,3.290162980866874198e-01
1.425501201300000353e+00,3.314044884644373745e-01
1.425701201299999887e+00,3.337878347332855489e-01
1.425901201300000531e+00,3.361663058466256015e-01
1.426101201300000287e+00,3.385398711448934783e-01
1.426301201300000265e+00,3.409085003531970304e-01
1.426501201299999577e+00,3.432721635787424064e-01
1.426701201300000221e+00,3.456308313083185091e-01
1.426901201300000199e+00,3.479844744055862749e-01
1.427101201300000177e+00,3.503330641084703156e-01
1.427301201299999489e+00,3.526765720263669857e-01
1.427501201299999689e+00,3.550149701373875866e-01
1.427701201300000111e+00,3.573482307854511930e-01
1.427901201299999645e+00,3.596763266773965184e-01
1.428101201300000067e+00,3.619992308800588088e-01
1.428301201300000045e+00,3.643169168171837558e-01
1.428501201300000467e+00,3.666293582664236217e-01
1.428701201300000445e+00,3.689365293561706061e-01
1.428901201300000201e+00,3.712384045624227413e-01
1.429101201299999513e+00,3.735349587055461495e-01
1.429301201300000601e+00,3.758261669470405741e-01
1.429501201299999913e+00,3.781120047861304401e-01
1.429701201300000113e+00,3.803924480565383237e-01
1.429901201299999869e+00,3.826674729229587735e-01
1.430101201300000069e+00,3.849370558776749052e-01
1.430301201300000047e+00,3.872011737370160689e-01
1.430501201299999803e+00,3.894598036378381090e-01
1.430701201299999781e+00,3.917129230339364554e-01
1.430901201299999537e+00,3.939605096924009286e-01
1.431101201299999959e+00,3.962025416899718211e-01
1.431301201300000159e+00,3.984389974092947262e-01
1.431501201300000137e+00,4.006698555352009028e-01
1.431701201299999893e+00,4.028950950509095352e-01
1.431901201300000537e+00,4.051146952342145058e-01
1.432101201300000515e+00,4.073286356535797403e-01
1.432301201300000493e+00,4.095368961642964489e-01
1.432501201299999583e+00,4.117394569045077501e-01
1.432701201300000227e+00,4.139362982912963007e-01
1.432901201299999983e+00,4.161274010165944004e-01
1.433101201299999961e+00,4.183127460432459199e-01
1.433301201299999494e+00,4.204923146008840984e-01
1.433501201299999694e+00,4.226660881818793958e-01
1.433701201299999894e+00,4.248340485371788766e-01
1.433901201299999872e+00,4.269961776721811209e-01
1.434101201299999850e+00,4.291524578425590652e-01
1.434301201299999828e+00,4.313028715500516475e-01
1.434501201300000250e+00,4.334474015382420164e-01
1.434701201300000450e+00,4.355860307882902793e-01
1.434901201300000206e+00,4.377187425146744637e-01
1.435101201299999740e+00,4.398455201608948428e-01
1.435301201300000384e+00,4.419663473951621069e-01
1.435501201300000362e+00,4.440812081060159233e-01
1.435701201300000118e+00,4.461900863980233223e-01
1.435901201299999874e+00,4.482929665873794933e-01
1.436101201300000074e+00,4.503898331975192404e-01
1.436301201300000052e+00,4.524806709546964623e-01
1.436501201299999808e+00,4.545654647835797868e-01
1.436701201299999564e+00,4.566441998028112348e-01
1.436901201299999542e+00,4.587168613205551138e-01
1.437101201299999742e+00,4.607834348300345328e-01
1.437301201299999942e+00,4.628439060050592024e-01
1.437501201299999920e+00,4.648982606955467389e-01
1.437701201299999898e+00,4.669464849230368086e-01
1.437901201300000320e+00,4.689885648761906722e-01
1.438101201300000520e+00,4.710244869062740758e-01
1.438301201300000276e+00,4.730542375226622909e-01
1.438501201299999810e+00,4.750778033883250595e-01
1.438701201300000232e+00,4.770951713153157026e-01
1.438901201300000210e+00,4.791063282602130990e-01
1.439101201299999966e+00,4.811112613196439902e-01
1.439301201299999722e+00,4.831099577257426114e-01
1.439501201299999922e+00,4.851024048416329171e-01
1.439701201300000122e+00,4.870885901568971499e-01
1.439901201299999656e+00,4.890685012830651157e-01
1.440101201299999856e+00,4.910421259491243862e-01
1.440301201300000056e+00,4.930094519969707711e-01
1.440501201300000034e+00,4.949704673769306229e-01
1.440701201300000456e+00,4.969251601432700394e-01
1.440901201299999990e+00,4.988735184496773112e-01
1.441101201299999968e+00,5.008155305448318551e-01
1.441301201300000390e+00,5.027511847678942658e-01
1.441501201300000368e+00,5.046804695440534339e-01
1.441701201299999902e+00,5.066033733800981986e-01
1.441901201299999880e+00,5.085198848599827848e-01
1.442101201299999857e+00,5.104299926403882415e-01
1.442301201300000058e+00,5.123336854463362844e-01
1.442501201299999813e+00,5.142309520667857070e-01
1.442701201299999791e+00,5.161217813502829710e-01
1.442901201299999547e+00,5.180061622005861510e-01
1.443101201299999747e+00,5.198840835723496090e-01
1.443301201300000169e+00,5.217555344667914596e-01
1.443501201300000147e+00,5.236205039274040018e-01
1.443701201299999681e+00,5.254789810356922386e-01
1.443901201300000325e+00,5.273309549069311597e-01
1.444101201300000747e+00,5.291764146858997098e-01
1.444301201300000059e+00,5.310153495427109016e-01
1.444501201299999593e+00,5.328477486686511444e-01
1.444701201300000015e+00,5.346736012720061382e-01
1.444901201300000437e+00,5.364928965739287348e-01
1.445101201299999971e+00,5.383056238043606445e-01
1.445301201299999505e+00,5.401117721979857844e-01
1.445501201299999927e+00,5.419113309901752995e-01
1.445701201300000127e+00,5.437042894129706649e-01
1.445901201299999661e+00,5.454906366911327353e-01
1.446101201299999861e+00,5.472703620382144418e-01
1.446301201299999839e+00,5.490434546526185011e-01
1.446501201300000039e+00,5.508099037137585974e-01
1.446701201300000239e+00,5.525696983782044658e-01
1.446901201300000217e+00,5.543228277758899258e-01
1.447101201299999751e+00,5.560692810063475600e-01
1.447301201300000395e+00,5.578090471350001245e-01
1.447501201300000373e+00,5.595421151894286460e-01
1.447701201300000129e+00,5.612684741557730783e-01
1.447901201299999663e+00,5.629881129751008739e-01
1.448101201300000085e+00,5.647010205398543814e-01
1.448301201300000063e+00,5.664071856902938018e-01
1.448501201300000041e+00,5.681065972110507234e-01
1.448701201299999797e+00,5.697992438276677785e-01
1.448901201299999553e+00,5.714851142032100206e-01
1.449101201299999975e+00,5.731641969349146049e-01
1.449301201299999731e+00,5.748364805508617836e-01
1.449501201299999931e+00,5.765019535067523737e-01
1.449701201299999687e+00,5.781606041826556908e-01
1.449901201300000331e+00,5.798124208798772772e-01
1.450101201300000531e+00,5.814573918177976530e-01
1.450301201300000065e+00,5.830955051308350789e-01
1.450501201299999821e+00,5.847267488654201983e-01
1.450701201300000243e+00,5.863511109770130902e-01
1.450901201300000221e+00,5.879685793271710592e-01
1.451101201299999977e+00,5.895791416807013574e-01
1.451301201299999732e+00,5.911827857028301159e-01
1.451501201299999932e+00,5.927794989564354466e-01
1.451701201300000132e+00,5.943692688993250650e-01
1.451901201299999666e+00,5.959520828815775273e-01
1.452101201299999644e+00,5.975279281429505263e-01
1.452301201299999844e+00,5.990967918103005108e-01
1.452501201300000044e+00,6.006586608950932327e-01
1.452701201300000022e+00,6.022135222909605901e-01
1.452901201300000222e+00,6.037613627713134257e-01
1.453101201299999978e+00,6.053021689869954036e-01
1.453301201300000400e+00,6.068359274640293677e-01
1.453501201300000378e+00,6.083626246013641437e-01
1.453701201300000134e+00,6.098822466687388033e-01
1.453901201299999446e+00,6.113947798045654691e-01
1.454101201300000312e+00,6.129002100138990494e-01
1.454301201300000290e+00,6.143985231663998681e-01
1.454501201299999824e+00,6.158897049944578317e-01
1.454701201299999802e+00,6.173737410913014978e-01
1.454901201299999780e+00,6.188506169091736453e-01
1.455101201299999758e+00,6.203203177575907779e-01
1.455301201299999736e+00,6.217828288016492566e-01
1.455501201299999714e+00,6.232381350603904968e-01
1.455701201299999692e+00,6.246862214052294471e-01
1.455901201300000336e+00,6.261270725584502372e-01
1.456101201300000536e+00,6.275606730917347997e-01
1.456301201300000070e+00,6.289870074247960741e-01
1.456501201299999604e+00,6.304060598240470714e-01
1.456701201300000470e+00,6.318178144013352204e-01
1.456901201300000226e+00,6.332222551127055787e-01
1.457101201299999982e+00,6.346193657573087066e-01
1.457301201299999960e+00,6.360091299762903327e-01
1.457501201299999938e+00,6.373915312517741683e-01
1.457701201299999916e+00,6.387665529059107783e-01
1.457901201299999672e+00,6.401341780999798559e-01
1.458101201299999428e+00,6.414943898335639938e-01
1.458301201299999406e+00,6.428471709437739712e-01
1.458501201299999828e+00,6.441925041045446498e-01
1.458701201300000250e+00,6.455303718259842727e-01
1.458901201300000006e+00,6.468607564537960375e-01
1.459101201299999762e+00,6.481836401687688376e-01
1.459301201300000406e+00,6.494990049863147430e-01
1.459501201300000606e+00,6.508068327560554422e-01
1.459701201300000140e+00,6.521071051615160430e-01
1.459901201299999673e+00,6.533998037198512909e-01
1.460101201300000318e+00,6.546849097816370699e-01
1.460301201300000074e+00,6.559624045307030915e-01
1.460501201300000051e+00,6.572322689840888188e-01
1.460701201299999585e+00,6.584944839919928405e-01
1.460901201300000007e+00,6.597490302378369309e-01
1.461101201299999985e+00,6.609958882383413226e-01
1.461301201299999519e+00,6.622350383437145549e-01
1.461501201299999719e+00,6.634664607378759626e-01
1.461701201299999919e+00,6.646901354387273475e-01
1.461901201300000119e+00,6.659060422985164651e-01
1.462101201300000319e+00,6.671141610042413683e-01
1.462301201300000075e+00,6.683144710781185882e-01
1.462501201299999831e+00,6.695069518781202600e-01
1.462701201300000253e+00,6.706915825985633184e-01
1.462901201300000231e+00,6.718683422707443231e-01
1.463101201299999765e+00,6.730372097636693196e-01
1.463301201299999743e+00,6.741981637848221132e-01
1.463501201300000165e+00,6.753511828809796169e-01
1.463701201300000143e+00,6.764962454391004743e-01
1.463901201299999899e+00,6.776333296872822931e-01
1.464101201299999655e+00,6.787624136957581822e-01
1.464301201299999633e+00,6.798834753779570139e-01
1.464501201299999833e+00,6.809964924916218632e-01
1.464701201300000033e+00,6.821014426399842900e-01
1.464901201300000011e+00,6.831983032729969096e-01
1.465101201299999545e+00,6.842870516886221388e-01
1.465301201300000411e+00,6.853676650341867793e-01
1.465501201300000611e+00,6.864401203077481473e-01
1.465701201299999923e+00,6.875043943595786633e-01
1.465901201299999679e+00,6.885604638936726474e-01
1.466101201300000323e+00,6.896083054692950798e-01
1.466301201300000301e+00,6.906478955025905364e-01
1.466501201299999835e+00,6.916792102682729482e-01
1.466701201299999591e+00,6.927022259013373429e-01
1.466901201300000235e+00,6.937169183988328713e-01
1.467101201299999991e+00,6.947232636216724710e-01
1.467301201299999747e+00,6.957212372965351221e-01
1.467501201299999725e+00,6.967108150177745429e-01
1.467701201299999703e+00,6.976919722493968301e-01
1.467901201300000125e+00,6.986646843270882812e-01
1.468101201300000325e+00,6.996289264602832958e-01
1.468301201300000081e+00,7.005846737342925623e-01
1.468501201299999837e+00,7.015319011124737658e-01
1.468701201300000481e+00,7.024705834384465941e-01
1.468901201300000459e+00,7.034006954383420496e-01
1.469101201299999993e+00,7.043222117231335844e-01
1.469301201299999526e+00,7.052351067909803373e-01
1.469501201299999948e+00,7.061393550296291011e-01
1.469701201300000148e+00,7.070349307188456001e-01
1.469901201299999904e+00,7.079218080329130469e-01
1.470101201299999660e+00,7.087999610431621189e-01
1.470301201299999638e+00,7.096693637205343519e-01
1.470501201299999838e+00,7.105299899381982698e-01
1.470701201300000038e+00,7.113818134741995980e-01
1.470901201300000016e+00,7.122248080141579951e-01
1.471101201299999772e+00,7.130589471539987567e-01
1.471301201300000194e+00,7.138842044027284839e-01
1.471501201300000616e+00,7.147005531852341775e-01
1.471701201299999706e+00,7.155079668451335140e-01
1.471901201299999684e+00,7.163064186476760797e-01
1.472101201300000328e+00,7.170958817826392773e-01
1.472301201300000084e+00,7.178763293672878465e-01
1.472501201300000062e+00,7.186477344493784614e-01
1.472701201299999596e+00,7.194100700101664358e-01
1.472901201300000018e+00,7.201633089674785992e-01
1.473101201299999996e+00,7.209074241787821746e-01
1.473301201299999974e+00,7.216423884443248227e-01
1.473501201299999508e+00,7.223681745102747964e-01
1.473701201299999930e+00,7.230847550719159411e-01
1.473901201299999908e+00,7.237921027768398075e-01
1.474101201300000108e+00,7.244901902282070427e-01
1.474301201300000308e+00,7.251789899880027868e-01
1.474501201299999842e+00,7.258584745803370319e-01
1.474701201300000264e+00,7.265286164947757364e-01
1.474901201300000242e+00,7.271893881896709377e-01
1.475101201300000220e+00,7.278407620955542612e-01
1.475301201299999754e+00,7.284827106185212120e-01
1.475501201300000176e+00,7.291152061436672049e-01
1.475701201300000154e+00,7.297382210385148227e-01
1.475901201300000132e+00,7.303517276564968075e-01
1.476101201299999666e+00,7.309556983404347230e-01
1.476301201299999866e+00,7.315501054260582503e-01
1.476501201299999622e+00,7.321349212455213751e-01
1.476701201300000044e+00,7.327101181309649824e-01
1.476901201300000022e+00,7.332756684180691265e-01
1.477101201299999556e+00,7.338315444496494866e-01
1.477301201300000422e+00,7.343777185792603746e-01
1.477501201300000400e+00,7.349141631747961867e-01
1.477701201299999934e+00,7.354408506221430386e-01
1.477901201299999689e+00,7.359577533288201856e-01
1.478101201300000556e+00,7.364648437276432036e-01
1.478301201300000089e+00,7.369620942803887242e-01
1.478501201300000290e+00,7.374494774815046894e-01
1.478701201299999823e+00,7.379269658617879646e-01
1.478901201300000245e+00,7.383945319921119133e-01
1.479101201300000001e+00,7.388521484871346523e-01
1.479301201299999757e+00,7.392997880090396157e-01
1.479501201299999735e+00,7.397374232712718989e-01
1.479701201299999713e+00,7.401650270422861499e-01
1.479901201299999691e+00,7.405825721493004554e-01
1.480101201300000113e+00,7.409900314820655476e-01
1.480301201300000091e+00,7.413873779966223543e-01
1.480501201299999625e+00,7.417745847190866382e-01
1.480701201300000491e+00,7.421516247494245322e-01
1.480901201300000247e+00,7.425184712652281860e-01
1.481101201300000447e+00,7.428750975255125066e-01
1.481301201299999537e+00,7.432214768744946909e-01
1.481501201300000403e+00,7.435575827453952957e-01
1.481701201299999937e+00,7.438833886642135518e-01
1.481901201299999915e+00,7.441988682535369826e-01
1.482101201299999671e+00,7.445039952363242675e-01
1.482301201299999871e+00,7.447987434396983186e-01
1.482501201299999849e+00,7.450830867987369155e-01
1.482701201299999827e+00,7.453569993602624510e-01
1.482901201299999805e+00,7.456204552866252389e-01
1.483101201299999783e+00,7.458734288594874862e-01
1.483301201300000205e+00,7.461158944836013829e-01
1.483501201300000405e+00,7.463478266905815284e-01
1.483701201300000161e+00,7.465692001426746938e-01
1.483901201299999695e+00,7.467799896365249213e-01
1.484101201300000561e+00,7.469801701069275213e-01
1.484301201300000095e+00,7.471697166305776294e-01
1.484501201300000073e+00,7.473486044298156550e-01
1.484701201300000051e+00,7.475168088763592955e-01
1.484901201300000029e+00,7.476743054950282241e-01
1.485101201300000007e+00,7.478210699674620043e-01
1.485301201299999985e+00,7.479570781358243492e-01
1.485501201299999741e+00,7.480823060065000529e-01
1.485701201299999497e+00,7.481967297537792660e-01
1.485901201299999919e+00,7.483003257235312233e-01
1.486101201300000119e+00,7.483930704368644271e-01
1.486301201299999875e+00,7.484749405937762834e-01
1.486501201299999630e+00,7.485459130767906366e-01
1.486701201300000497e+00,7.486059649545760974e-01
1.486901201300000253e+00,7.486550734855572653e-01
1.487101201300000231e+00,7.486932161215064108e-01
1.487301201299999764e+00,7.487203705111236118e-01
1.487501201300000409e+00,7.487365145035987934e-01
1.487701201300000164e+00,7.487416261521588901e-01
1.487901201300000142e+00,7.487356837175983548e-01
1.488101201299999676e+00,7.487186656717932376e-01
1.488301201300000098e+00,7.486905507011967220e-01
1.488501201299999854e+00,7.486513177103196748e-01
1.488701201299999832e+00,7.486009458251881021e-01
1.488901201299999588e+00,7.485394143967867286e-01
1.489101201299999566e+00,7.484667030044823699e-01
1.489301201300000210e+00,7.483827914594249897e-01
1.489501201300000410e+00,7.482876598079335473e-01
1.489701201300000388e+00,7.481812883348573084e-01
1.489901201299999700e+00,7.480636575669199484e-01
1.490101201300000344e+00,7.479347482760384525e-01
1.490301201300000322e+00,7.477945414826290271e-01
1.490501201300000300e+00,7.476430184588790384e-01
1.490701201299999834e+00,7.474801607320082919e-01
1.490901201300000256e+00,7.473059500875005590e-01
1.491101201300000012e+00,7.471203685723182275e-01
1.491301201300000212e+00,7.469233984980873098e-01
1.491501201299999746e+00,7.467150224442651307e-01
1.491701201299999724e+00,7.464952232612807048e-01
1.491901201299999702e+00,7.462639840736529084e-01
1.492101201300000124e+00,7.460212882830833392e-01
1.492301201300000102e+00,7.457671195715274148e-01
1.492501201299999636e+00,7.455014619042359403e-01
1.492701201300000502e+00,7.452242995327731379e-01
1.492901201300000258e+00,7.449356169980176912e-01
1.493101201300000014e+00,7.446353991331220445e-01
1.493301201299999770e+00,7.443236310664610444e-01
1.493501201300000192e+00,7.440002982245447205e-01
1.493701201300000392e+00,7.436653863349145244e-01
1.493901201299999926e+00,7.433188814290020430e-01
1.494101201299999904e+00,7.429607698449648412e-01
1.494301201300000104e+00,7.425910382305039859e-01
1.494501201299999860e+00,7.422096735456432670e-01
1.494701201299999838e+00,7.418166630654845495e-01
1.494901201299999594e+00,7.414119943829390325e-01
1.495101201299999794e+00,7.409956554114268679e-01
1.495301201300000216e+00,7.405676343875522427e-01
1.495501201300000194e+00,7.401279198737502618e-01
1.495701201300000172e+00,7.396765007609014120e-01
1.495901201299999705e+00,7.392133662709240438e-01
1.496101201300000350e+00,7.387385059593302161e-01
1.496301201300000105e+00,7.382519097177713263e-01
1.496501201300000083e+00,7.377535677765270083e-01
1.496701201299999617e+00,7.372434707069926985e-01
1.496901201300000039e+00,7.367216094241155755e-01
1.497101201300000017e+00,7.361879751888278367e-01
1.497301201300000217e+00,7.356425596104204656e-01
1.497501201299999751e+00,7.350853546489150014e-01
1.497701201299999729e+00,7.345163526173849045e-01
1.497901201299999485e+00,7.339355461842659301e-01
1.498101201299999907e+00,7.333429283756206507e-01
1.498301201299999885e+00,7.327384925773934299e-01
1.498501201299999419e+00,7.321222325376119944e-01
1.498701201300000285e+00,7.314941423685725752e-01
1.498901201300000263e+00,7.308542165490115039e-01
1.499101201300000241e+00,7.302024499262093071e-01
1.499301201299999775e+00,7.295388377180993533e-01
1.499501201300000197e+00,7.288633755153255400e-01
1.499701201300000175e+00,7.281760592832933199e-01
1.499901201300000153e+00,7.274768853641621069e-01
1.500101201299999687e+00,7.267658504788314655e-01
1.500301201300000109e+00,7.260429517288804480e-01
1.500501201299999865e+00,7.253081865985019361e-01
1.500701201299999843e+00,7.245615529563725898e-01
1.500901201299999599e+00,7.238030490575251275e-01
1.501101201300000021e+00,7.230326735451679809e-01
1.501301201299999999e+00,7.222504254524975131e-01
1.501501201299999977e+00,7.214563042044561669e-01
1.501701201300000399e+00,7.206503096194756264e-01
1.501901201299999711e+00,7.198324419111998829e-01
1.502101201300000577e+00,7.190027016901390233e-01
1.502301201300000111e+00,7.181610899653627644e-01
1.502501201300000311e+00,7.173076081460771913e-01
1.502701201299999845e+00,7.164422580432570076e-01
1.502901201300000267e+00,7.155650418711790861e-01
1.503101201300000245e+00,7.146759622489822217e-01
1.503301201300000001e+00,7.137750222021553848e-01
1.503501201299999757e+00,7.128622251640182039e-01
1.503701201299999957e+00,7.119375749771679196e-01
1.503901201299999713e+00,7.110010758949039111e-01
1.504101201299999913e+00,7.100527325826021530e-01
1.504301201299999668e+00,7.090925501190914471e-01
1.504501201299999869e+00,7.081205339979672608e-01
1.504701201300000513e+00,7.071366901289068974e-01
1.504901201300000047e+00,7.061410248389452526e-01
1.505101201300000247e+00,7.051335448736945066e-01
1.505301201299999558e+00,7.041142573985963438e-01
1.505501201300000425e+00,7.030831700000668150e-01
1.505701201299999958e+00,7.020402906867072579e-01
1.505901201300000158e+00,7.009856278903794369e-01
1.506101201299999914e+00,6.999191904673497389e-01
1.506301201300000336e+00,6.988409876993347813e-01
1.506501201299999870e+00,6.977510292945721115e-01
1.506701201300000070e+00,6.966493253888079717e-01
1.506901201299999604e+00,6.955358865463170392e-01
1.507101201299999804e+00,6.944107237608340144e-01
1.507301201299999782e+00,6.932738484565159620e-01
1.507501201300000204e+00,6.921252724888238284e-01
1.507701201300000182e+00,6.909650081454198345e-01
1.507901201299999716e+00,6.897930681470030301e-01
1.508101201300000582e+00,6.886094656481274168e-01
1.508301201300000116e+00,6.874142142380333942e-01
1.508501201300000316e+00,6.862073279413618554e-01
1.508701201299999850e+00,6.849888212189424452e-01
1.508901201300000272e+00,6.837587089684696862e-01
1.509101201300000028e+00,6.825170065252256224e-01
1.509301201300000228e+00,6.812637296627037653e-01
1.509501201299999762e+00,6.799988945932722295e-01
1.509701201299999962e+00,6.787225179687476073e-01
1.509901201299999718e+00,6.774346168810088109e-01
1.510101201299999918e+00,6.761352088625161016e-01
1.510301201299999674e+00,6.748243118868635371e-01
1.510501201299999874e+00,6.735019443692532581e-01
1.510701201300000296e+00,6.721681251669874291e-01
1.510901201300000274e+00,6.708228735799102171e-01
1.511101201300000252e+00,6.694662093508148004e-01
1.511301201299999786e+00,6.680981526658523739e-01
1.511501201300000208e+00,6.667187241548784282e-01
1.511701201300000186e+00,6.653279448918276717e-01
1.511901201300000164e+00,6.639258363949952502e-01
1.512101201299999698e+00,6.625124206273447225e-01
1.512301201300000342e+00,6.610877199967524209e-01
1.512501201300000098e+00,6.596517573562818981e-01
1.512701201300000076e+00,6.582045560043487953e-01
1.512901201299999610e+00,6.567461396849406663e-01
1.513101201299999810e+00,6.552765325877527580e-01
1.513301201299999565e+00,6.537957593483494367e-01
1.513501201299999988e+00,6.523038450482424588e-01
1.513701201299999965e+00,6.508008152150046577e-01
1.513901201299999721e+00,6.492866958223041385e-01
1.514101201300000366e+00,6.477615132899365857e-01
1.514301201300000344e+00,6.462252944838620117e-01
1.514501201299999877e+00,6.446780667161520206e-01
1.514701201299999855e+00,6.431198577449530607e-01
1.514901201300000277e+00,6.415506957744315786e-01
1.515101201300000033e+00,6.399706094546810942e-01
1.515301201300000233e+00,6.383796278815760949e-01
1.515501201299999767e+00,6.367777805966644555e-01
1.515701201300000189e+00,6.351650975869574944e-01
1.515901201299999945e+00,6.335416092847824254e-01
1.516101201299999923e+00,6.319073465675185686e-01
1.516301201299999679e+00,6.302623407573834102e-01
1.516501201299999879e+00,6.286066236211413916e-01
1.516701201300000079e+00,6.269402273698301276e-01
1.516901201300000279e+00,6.252631846584262298e-01
1.517101201300000035e+00,6.235755285855091312e-01
1.517301201300000013e+00,6.218772926928787248e-01
1.517501201300000435e+00,6.201685109651735583e-01
1.517701201300000191e+00,6.184492178294600517e-01
1.517901201299999947e+00,6.167194481547600970e-01
1.518101201299999925e+00,6.149792372516044159e-01
1.518301201300000347e+00,6.132286208715291842e-01
1.518501201300000103e+00,6.114676352065756548e-01
1.518701201300000081e+00,6.096963168887117313e-01
1.518901201299999393e+00,6.079147029892988385e-01
1.519101201299999815e+00,6.061228310184578749e-01
1.519301201299999571e+00,6.043207389245063288e-01
1.519501201300000215e+00,6.025084650932541752e-01
1.519701201299999749e+00,6.006860483473951406e-01
1.519901201299999949e+00,5.988535279457480875e-01
1.520101201300000593e+00,5.970109435825909916e-01
1.520301201300000349e+00,5.951583353869072113e-01
1.520501201300000105e+00,5.932957439215886808e-01
1.520701201299999861e+00,5.914232101826697452e-01
1.520901201300000283e+00,5.895407755984918285e-01
1.521101201300000039e+00,5.876484820288876421e-01
1.521301201300000017e+00,5.857463717642685808e-01
1.521501201299999773e+00,5.838344875247660770e-01
1.521701201300000417e+00,5.819128724592828039e-01
1.521901201299999951e+00,5.799815701445926175e-01
1.522101201299999929e+00,5.780406245843057178e-01
1.522301201299999462e+00,5.760900802079307326e-01
1.522501201299999884e+00,5.741299818698072377e-01
1.522701201299999862e+00,5.721603748481071117e-01
1.522901201300000062e+00,5.701813048437158749e-01
1.523101201300000040e+00,5.681928179791650990e-01
1.523301201299999796e+00,5.661949607974934295e-01
1.523501201300000440e+00,5.641877802610901771e-01
1.523701201300000196e+00,5.621713237505598926e-01
1.523901201300000174e+00,5.601456390634638183e-01
1.524101201299999930e+00,5.581107744131373893e-01
1.524301201300000130e+00,5.560667784274089254e-01
1.524501201300000108e+00,5.540137001473477429e-01
1.524701201300000530e+00,5.519515890259307778e-01
1.524901201299999620e+00,5.498804949267505071e-01
1.525101201299999820e+00,5.478004681225882022e-01
1.525301201299999576e+00,5.457115592941157445e-01
1.525501201299999998e+00,5.436138195284170305e-01
1.525701201299999754e+00,5.415073003176049671e-01
1.525901201299999954e+00,5.393920535573069053e-01
1.526101201300000376e+00,5.372681315452150219e-01
1.526301201300000132e+00,5.351355869795639819e-01
1.526501201300000332e+00,5.329944729575601947e-01
1.526701201299999866e+00,5.308448429738577001e-01
1.526901201300000510e+00,5.286867509189066006e-01
1.527101201300000044e+00,5.265202510774049660e-01
1.527301201300000244e+00,5.243453981265633335e-01
1.527501201299999778e+00,5.221622471345030991e-01
1.527701201300000200e+00,5.199708535584890434e-01
1.527901201299999734e+00,5.177712732432666609e-01
1.528101201300000156e+00,5.155635624192264066e-01
1.528301201299999468e+00,5.133477777007011689e-01
1.528501201299999890e+00,5.111239760840635693e-01
1.528701201299999868e+00,5.088922149459755850e-01
1.528901201300000068e+00,5.066525520414533190e-01
1.529101201300000268e+00,5.044050455020077095e-01
1.529301201299999802e+00,5.021497538337150734e-01
1.529501201300000446e+00,4.998867359152363576e-01
1.529701201299999980e+00,4.976160509959088873e-01
1.529901201300000180e+00,4.953377586936533183e-01
1.530101201299999714e+00,4.930519189930173130e-01
1.530301201300000358e+00,4.907585922430455216e-01
1.530501201300000114e+00,4.884578391552664711e-01
1.530701201300000314e+00,4.861497208014958771e-01
1.530901201299999626e+00,4.838342986117571964e-01
1.531101201300000048e+00,4.815116343720408087e-01
1.531301201299999803e+00,4.791817902221824910e-01
1.531501201300000226e+00,4.768448286535540426e-01
1.531701201299999537e+00,4.745008125068773674e-01
1.531901201299999737e+00,4.721498049698564237e-01
1.532101201300000604e+00,4.697918695749327411e-01
1.532301201300000359e+00,4.674270701969335251e-01
1.532501201300000115e+00,4.650554710506474287e-01
1.532701201299999649e+00,4.626771366884738224e-01
1.532901201300000515e+00,4.602921319979558779e-01
1.533101201300000049e+00,4.579005221993958097e-01
1.533301201300000249e+00,4.555023728432610053e-01
1.533501201299999783e+00,4.530977498077652932e-01
1.533701201300000427e+00,4.506867192962485946e-01
1.533901201299999961e+00,4.482693478346893579e-01
1.534101201300000161e+00,4.458457022690076599e-01
1.534301201299999473e+00,4.434158497625240170e-01
1.534501201299999673e+00,4.409798577932201313e-01
1.534701201299999873e+00,4.385377941511250377e-01
1.534901201300000073e+00,4.360897269355554773e-01
1.535101201300000051e+00,4.336357245523855264e-01
1.535301201299999807e+00,4.311758557112674306e-01
1.535501201300000673e+00,4.287101894228158017e-01
1.535701201300000207e+00,4.262387949958407751e-01
1.535901201300000185e+00,4.237617420343883223e-01
1.536101201299999941e+00,4.212791004349359936e-01
1.536301201300000363e+00,4.187909403834247923e-01
1.536501201300000119e+00,4.162973323523633251e-01
1.536701201300000097e+00,4.137983470977951717e-01
1.536901201299999853e+00,4.112940556563426386e-01
1.537101201300000275e+00,4.087845293421414894e-01
1.537301201299999809e+00,4.062698397438282982e-01
1.537501201300000009e+00,4.037500587213827541e-01
1.537701201299999543e+00,4.012252584030857050e-01
1.537901201299999743e+00,3.986955111823047848e-01
1.538101201300000165e+00,3.961608897143765740e-01
1.538301201300000143e+00,3.936214669133849542e-01
1.538501201299999899e+00,3.910773159489177031e-01
1.538701201299999877e+00,3.885285102428162052e-01
1.538901201300000299e+00,3.859751234658951313e-01
1.539101201300000277e+00,3.834172295346396364e-01
1.539301201300000255e+00,3.808549026078318356e-01
1.539501201299999789e+00,3.782882170832099211e-01
1.539701201300000211e+00,3.757172475940351863e-01
1.539901201300000189e+00,3.731420690057245526e-01
1.540101201300000167e+00,3.705627564123411544e-01
1.540301201299999700e+00,3.679793851331470966e-01
1.540501201299999678e+00,3.653920307090680053e-01
1.540701201299999656e+00,3.628007688991928825e-01
1.540901201300000078e+00,3.602056756771834234e-01
1.541101201299999834e+00,3.576068272277163618e-01
1.541301201300000034e+00,3.550042999428195678e-01
1.541501201300000456e+00,3.523981704182757579e-01
1.541701201300000212e+00,3.497885154499448257e-01
1.541901201300000190e+00,3.471754120300374336e-01
1.542101201299999946e+00,3.445589373434337910e-01
1.542301201300000368e+00,3.419391687639010136e-01
1.542501201300000124e+00,3.393161838503669925e-01
1.542701201300000102e+00,3.366900603430630912e-01
1.542901201299999858e+00,3.340608761597452236e-01
1.543101201300000280e+00,3.314287093918096838e-01
1.543301201299999814e+00,3.287936383004679275e-01
1.543501201300000014e+00,3.261557413127715854e-01
1.543701201299999326e+00,3.235150970177716467e-01
1.543901201299999748e+00,3.208717841624791345e-01
1.544101201300000170e+00,3.182258816479801022e-01
1.544301201300000148e+00,3.155774685253872613e-01
1.544501201300000126e+00,3.129266239918148118e-01
1.544701201299999882e+00,3.102734273863536618e-01
1.544901201300000526e+00,3.076179581859751488e-01
1.545101201300000282e+00,3.049602960014943798e-01
1.545301201300000038e+00,3.023005205733808598e-01
1.545501201299999794e+00,2.996387117676679868e-01
1.545701201300000438e+00,2.969749495717677878e-01
1.545901201299999972e+00,2.943093140903380589e-01
1.546101201300000172e+00,2.916418855409888544e-01
1.546301201299999484e+00,2.889727442501499599e-01
1.546501201299999906e+00,2.863019706487308080e-01
1.546701201299999440e+00,2.836296452679515356e-01
1.546901201299999862e+00,2.809558487349494982e-01
1.547101201299999840e+00,2.782806617685592565e-01
1.547301201299999818e+00,2.756041651749166488e-01
1.547501201300000462e+00,2.729264398431282546e-01
1.547701201300000218e+00,2.702475667409324767e-01
1.547901201300000196e+00,2.675676269102447158e-01
1.548101201299999952e+00,2.648867014628039085e-01
1.548301201300000596e+00,2.622048715757030468e-01
1.548501201300000130e+00,2.595222184870046855e-01
1.548701201300000108e+00,2.568388234911875845e-01
1.548901201299999641e+00,2.541547679347446742e-01
1.549101201300000508e+00,2.514701332116144883e-01
1.549301201299999819e+00,2.487850007587636414e-01
1.549501201300000020e+00,2.460994520515183137e-01
1.549701201299999331e+00,2.434135685991433706e-01
1.549901201299999753e+00,2.407274319401696838e-01
1.550101201299999953e+00,2.380411236379074980e-01
1.550301201299999931e+00,2.353547252757879626e-01
1.550501201300000131e+00,2.326683184527643389e-01
1.550701201299999887e+00,2.299819847787061278e-01
1.550901201300000531e+00,2.272958058697186479e-01
1.551101201300000065e+00,2.246098633435607839e-01
1.551301201300000265e+00,2.219242388148834899e-01
1.551501201299999799e+00,2.192390138906420982e-01
1.551701201300000665e+00,2.165542701653191959e-01
1.551901201299999977e+00,2.138700892163300227e-01
1.552101201300000177e+00,2.111865525991706849e-01
1.552301201299999711e+00,2.085037418428165035e-01
1.552501201300000133e+00,2.058217384448895182e-01
1.552701201299999445e+00,2.031406238670001585e-01
1.552901201300000089e+00,2.004604795298827180e-01
1.553101201299999623e+00,1.977813868087534288e-01
1.553301201299999601e+00,1.951034270284155159e-01
1.553501201300000467e+00,1.924266814585432750e-01
1.553701201300000001e+00,1.897512313089105285e-01
1.553901201300000201e+00,1.870771577244983719e-01
1.554101201299999957e+00,1.844045417807856913e-01
1.554301201300000601e+00,1.817334644788614617e-01
1.554501201299999913e+00,1.790640067406841784e-01
1.554701201300000335e+00,1.763962494041466100e-01
1.554901201299999869e+00,1.737302732183661214e-01
1.555101201300000291e+00,1.710661588387388798e-01
1.555301201299999825e+00,1.684039868221967051e-01
1.555501201300000247e+00,1.657438376222699350e-01
1.555701201299999337e+00,1.630857915843383910e-01
1.555901201299999759e+00,1.604299289406643236e-01
1.556101201299999737e+00,1.577763298056630570e-01
1.556301201300000159e+00,1.551250741709542524e-01
1.556501201300000137e+00,1.524762419005649405e-01
1.556701201299999671e+00,1.498299127260374064e-01
1.556901201300000537e+00,1.471861662415603345e-01
1.557101201300000071e+00,1.445450818991942388e-01
1.557301201300000493e+00,1.419067390038920018e-01
1.557501201299999805e+00,1.392712167087636899e-01
1.557701201300000449e+00,1.366385940101092766e-01
1.557901201299999983e+00,1.340089497426905918e-01
1.558101201300000405e+00,1.313823625747601032e-01
1.558301201299999716e+00,1.287589110033262596e-01
1.558501201300000139e+00,1.261386733492052548e-01
1.558701201299999672e+00,1.235217277522938639e-01
1.558901201300000094e+00,1.209081521666335729e-01
1.559101201299999850e+00,1.182980243556757682e-01
1.559301201299999828e+00,1.156914218873865002e-01
1.559501201300000028e+00,1.130884221294751885e-01
1.559701201300000006e+00,1.104891022445812221e-01
1.559901201300000206e+00,1.078935391854575487e-01
1.560101201299999962e+00,1.053018096902043343e-01
1.560301201300000606e+00,1.027139902774455993e-01
1.560501201299999918e+00,1.001301572416273683e-01
1.560701201300000340e+00,9.755038664814678906e-02
1.560901201299999874e+00,9.497475432871593792e-02
1.561101201300000296e+00,9.240333587651233804e-02
1.561301201299999830e+00,8.983620664154133573e-02
1.561501201300000252e+00,8.727344172582496284e-02
1.561701201299999564e+00,8.471511597878754463e-02
1.561901201299999986e+00,8.216130399245925864e-02
1.562101201299999742e+00,7.961208009689918486e-02
1.562301201299999942e+00,7.706751835544070617e-02
1.562501201299999920e+00,7.452769256009797449e-02
1.562701201299999898e+00,7.199267622689434210e-02
1.562901201300000320e+00,6.946254259124899633e-02
1.563101201299999854e+00,6.693736460339670680e-02
1.563301201300000276e+00,6.441721492373653213e-02
1.563501201299999810e+00,6.190216591834507565e-02
1.563701201300000454e+00,5.939228965432939711e-02
1.563901201299999988e+00,5.688765789539281664e-02
1.564101201300000410e+00,5.438834209721181423e-02
1.564301201299999944e+00,5.189441340303940775e-02
1.564501201300000366e+00,4.940594263913647421e-02
1.564701201299999678e+00,4.692300031040610997e-02
1.564901201300000100e+00,4.444565659585923006e-02
1.565101201299999634e+00,4.197398134430485594e-02
1.565301201299999612e+00,3.950804406986491157e-02
1.565501201300000034e+00,3.704791394766286661e-02
1.565701201300000012e+00,3.459365980947198826e-02
1.565901201300000434e+00,3.214535013936077601e-02
1.566101201299999746e+00,2.970305306944578255e-02
1.566301201300000390e+00,2.726683637554057696e-02
1.566501201300000146e+00,2.483676747301298560e-02
1.566701201300000346e+00,2.241291341246270247e-02
1.566901201299999880e+00,1.999534087559839968e-02
1.567101201300000302e+00,1.758411617100697280e-02
1.567301201299999835e+00,1.517930523008413982e-02
1.567501201300000258e+00,1.278097360283782929e-02
1.567701201299999569e+00,1.038918645389005566e-02
1.567901201299999991e+00,8.004008558325736294e-03
1.568101201299999525e+00,5.625504297764857831e-03
1.568301201299999947e+00,3.253737656270954716e-03
1.568501201300000147e+00,8.887722164628436561e-04
1.568701201299999903e+00,-1.469328844467147899e-03
1.568901201300000547e+00,-3.820502758664209506e-03
1.569101201299999637e+00,-6.164687171423155476e-03
1.569301201300000503e+00,-8.501820145140174395e-03
1.569501201300000037e+00,-1.083184016297799104e-02
1.569701201300000459e+00,-1.315468613277864796e-02
1.569901201299999993e+00,-1.547029739069536586e-02
1.570101201300000415e+00,-1.777861370498734495e-02
1.570301201299999949e+00,-2.007957527960937613e-02
1.570501201300000149e+00,-2.237312275792908978e-02
1.570701201299999905e+00,-2.465919722625888391e-02
1.570901201299999883e+00,-2.693774021747297881e-02
1.571101201299999417e+00,-2.920869371450084129e-02
1.571301201299999839e+00,-3.147200015385699656e-02
1.571501201300000261e+00,-3.372760242904844497e-02
1.571701201299999795e+00,-3.597544389401749476e-02
1.571901201300000661e+00,-3.821546836655481671e-02
1.572101201299999751e+00,-4.044762013154561825e-02
1.572301201300000617e+00,-4.267184394440544370e-02
1.572501201299999929e+00,-4.488808503419032536e-02
1.572701201300000573e+00,-4.709628910696575521e-02
1.572901201299999885e+00,-4.929640234885711292e-02
1.573101201300000529e+00,-5.148837142931114719e-02
1.573301201299999841e+00,-5.367214350408006096e-02
1.573501201300000263e+00,-5.584766621839355738e-02
1.573701201299999797e+00,-5.801488770987238419e-02
1.573901201299999997e+00,-6.017375661158944761e-02
1.574101201299999531e+00,-6.232422205493338974e-02
1.574301201299999731e+00,-6.446623367255703563e-02
1.574501201300000153e+00,-6.659974160117664022e-02
1.574701201299999687e+00,-6.872469648438558898e-02
1.574901201300000553e+00,-7.084104947545641351e-02
1.575101201299999643e+00,-7.294875223996305502e-02
1.575301201300000509e+00,-7.504775695857694717e-02
1.575501201299999821e+00,-7.713801632954940535e-02
1.575701201300000465e+00,-7.921948357142857833e-02
1.575901201299999776e+00,-8.129211242547049188e-02
1.576101201300000421e+00,-8.335585715824009312e-02
1.576301201299999954e+00,-8.541067256394455076e-02
1.576501201300000155e+00,-8.745651396692549762e-02
1.576701201299999688e+00,-8.949333722393164325e-02
1.576901201300000110e+00,-9.152109872648145350e-02
1.577101201299999644e+00,-9.353975540305421721e-02
1.577301201299999844e+00,-9.554926472136311688e-02
1.577501201300000266e+00,-9.754958469046133562e-02
1.577701201299999578e+00,-9.954067386286220842e-02
1.577901201300000444e+00,-1.015224913366501169e-01
1.578101201299999756e+00,-1.034949967573970397e-01
1.578301201300000400e+00,-1.054581503202431797e-01
1.578501201299999712e+00,-1.074119127716983008e-01
1.578701201300000578e+00,-1.093562454116156490e-01
1.578901201299999890e+00,-1.112911100948972415e-01
1.579101201300000534e+00,-1.132164692333751249e-01
1.579301201299999846e+00,-1.151322857974171332e-01
1.579501201300000268e+00,-1.170385233176950285e-01
1.579701201299999802e+00,-1.189351458867098504e-01
1.579901201300000002e+00,-1.208221181604326872e-01
1.580101201299999536e+00,-1.226994053597578044e-01
1.580301201299999736e+00,-1.245669732720203343e-01
1.580501201299999936e+00,-1.264247882523628630e-01
1.580701201299999692e+00,-1.282728172251192400e-01
1.580901201300000336e+00,-1.301110276851381031e-01
1.581101201299999648e+00,-1.319393876989929659e-01
1.581301201300000514e+00,-1.337578659062668152e-01
1.581501201299999826e+00,-1.355664315206080439e-01
1.581701201300000470e+00,-1.373650543309405947e-01
1.581901201299999782e+00,-1.391537047024114793e-01
1.582101201300000426e+00,-1.409323535774877900e-01
1.582301201299999960e+00,-1.427009724768096288e-01
1.582501201300000160e+00,-1.444595335001676584e-01
1.582701201299999916e+00,-1.462080093272830617e-01
1.582901201300000116e+00,-1.479463732186389602e-01
1.583101201299999650e+00,-1.496745990161830187e-01
1.583301201299999850e+00,-1.513926611440514214e-01
1.583501201299999828e+00,-1.531005346091587060e-01
1.583701201299999806e+00,-1.547981950018074149e-01
1.583901201300000228e+00,-1.564856184962054308e-01
1.584101201299999762e+00,-1.581627818509237504e-01
1.584301201300000628e+00,-1.598296624093616669e-01
1.584501201299999940e+00,-1.614862381000431168e-01
1.584701201300000584e+00,-1.631324874370216615e-01
1.584901201299999896e+00,-1.647683895200497683e-01
1.585101201300000540e+00,-1.663939240348783211e-01
1.585301201299999851e+00,-1.680090712533253705e-01
1.585501201300000274e+00,-1.696138120334664268e-01
1.585701201300000029e+00,-1.712081278196095346e-01
1.585901201300000229e+00,-1.727920006423515342e-01
1.586101201299999541e+00,-1.743654131184813050e-01
1.586301201299999741e+00,-1.759283484509174822e-01
1.586501201299999941e+00,-1.774807904285037041e-01
1.586701201299999697e+00,-1.790227234258214284e-01
1.586901201300000119e+00,-1.805541324029342198e-01
1.587101201299999653e+00,-1.820750029050396956e-01
1.587301201300000519e+00,-1.835853210621492815e-01
1.587501201299999831e+00,-1.850850735886004628e-01
1.587701201300000475e+00,-1.865742477826657919e-01
1.587901201300000009e+00,-1.880528315259455130e-01
1.588101201300000431e+00,-1.895208132828629377e-01
1.588301201299999965e+00,-1.909781820999759128e-01
1.588501201300000165e+00,-1.924249276053486279e-01
1.588701201300000143e+00,-1.938610400077792340e-01
1.588901201300000121e+00,-1.952865100960411437e-01
1.589101201299999655e+00,-1.967013292380389577e-01
1.589301201299999855e+00,-1.981054893799366334e-01
1.589501201299999611e+00,-1.994989830451978641e-01
1.589701201299999589e+00,-2.008818033336261799e-01
1.589901201300000011e+00,-2.022539439203134004e-01
1.590101201299999767e+00,-2.036153990545458148e-01
1.590301201300000411e+00,-2.049661635586960684e-01
1.590501201299999723e+00,-2.063062328269903434e-01
1.590701201300000367e+00,-2.076356028243313556e-01
1.590901201299999901e+00,-2.089542700849447709e-01
1.591101201300000323e+00,-2.102622317111070005e-01
1.591301201299999857e+00,-2.115594853717068791e-01
1.591501201300000279e+00,-2.128460293008603843e-01
1.591701201300000035e+00,-2.141218622963830809e-01
1.591901201300000235e+00,-2.153869837182999514e-01
1.592101201299999769e+00,-2.166413934872341018e-01
1.592301201299999969e+00,-2.178850920828118432e-01
1.592501201299999725e+00,-2.191180805419570832e-01
1.592701201299999703e+00,-2.203403604571973484e-01
1.592901201300000125e+00,-2.215519339748813210e-01
1.593101201299999881e+00,-2.227528037933594884e-01
1.593301201300000525e+00,-2.239429731611463636e-01
1.593501201299999837e+00,-2.251224458749752633e-01
1.593701201300000481e+00,-2.262912262778960515e-01
1.593901201300000015e+00,-2.274493192572175637e-01
1.594101201300000437e+00,-2.285967302425191972e-01
1.594301201299999970e+00,-2.297334652035155078e-01
1.594501201300000393e+00,-2.308595306479633569e-01
1.594701201299999926e+00,-2.319749336194443234e-01
1.594901201300000348e+00,-2.330796816951834494e-01
1.595101201299999660e+00,-2.341737829837422513e-01
1.595301201299999860e+00,-2.352572461227543932e-01
1.595501201299999394e+00,-2.363300802765309627e-01
1.595701201299999816e+00,-2.373922951337044118e-01
1.595901201300000016e+00,-2.384439009047604197e-01
1.596101201299999772e+00,-2.394849083195798589e-01
1.596301201300000416e+00,-2.405153286249209210e-01
1.596501201299999728e+00,-2.415351735818342394e-01
1.596701201300000372e+00,-2.425444554631041583e-01
1.596901201300000128e+00,-2.435431870505568863e-01
1.597101201300000328e+00,-2.445313816324228284e-01
1.597301201300000084e+00,-2.455090530005860083e-01
1.597501201300000506e+00,-2.464762154478457312e-01
1.597701201300000040e+00,-2.474328837650941471e-01
1.597901201300000240e+00,-2.483790732385075806e-01
1.598101201299999774e+00,-2.493147996466432703e-01
1.598301201299999752e+00,-2.502400792575513733e-01
1.598501201299999508e+00,-2.511549288258067558e-01
1.598701201299999708e+00,-2.520593655895369545e-01
1.598901201299999908e+00,-2.529534072673882417e-01
1.599101201299999664e+00,-2.538370720554734006e-01
1.599301201300000530e+00,-2.547103786242875256e-01
1.599501201299999842e+00,-2.555733461155514363e-01
1.599701201300000486e+00,-2.564259941390925057e-01
1.599901201300000020e+00,-2.572683427696015324e-01
1.600101201300000442e+00,-2.581004125434426810e-01
1.600301201299999976e+00,-2.589222244553580632e-01
1.600501201300000398e+00,-2.597337999552000731e-01
1.600701201299999932e+00,-2.605351609445762939e-01
1.600901201300000354e+00,-2.613263297735176627e-01
1.601101201299999888e+00,-2.621073292370595942e-01
1.601301201300000088e+00,-2.628781825718480292e-01
1.601501201299999622e+00,-2.636389134526624933e-01
1.601701201299999600e+00,-2.643895459889566424e-01
1.601901201300000022e+00,-2.651301047213324713e-01
1.602101201299999778e+00,-2.658606146180017005e-01
1.602301201300000422e+00,-2.665811010712321183e-01
1.602501201299999734e+00,-2.672915898937272550e-01
1.602701201300000378e+00,-2.679921073150356992e-01
1.602901201299999911e+00,-2.686826799778651020e-01
1.603101201300000556e+00,-2.693633349344408123e-01
1.603301201299999867e+00,-2.700340996427713636e-01
1.603501201300000290e+00,-2.706950019629534854e-01
1.603701201300000045e+00,-2.713460701533898511e-01
1.603901201300000245e+00,-2.719873328670362467e-01
1.604101201299999779e+00,-2.726188191475840128e-01
1.604301201300000201e+00,-2.732405584256534237e-01
1.604501201299999735e+00,-2.738525805149270576e-01
1.604701201299999713e+00,-2.744549156083029851e-01
1.604901201299999691e+00,-2.750475942739879498e-01
1.605101201299999669e+00,-2.756306474515933247e-01
1.605301201300000535e+00,-2.762041064482044783e-01
1.605501201299999625e+00,-2.767680029344156134e-01
1.605701201300000491e+00,-2.773223689403845893e-01
1.605901201299999803e+00,-2.778672368518059210e-01
1.606101201300000447e+00,-2.784026394059379017e-01
1.606301201299999759e+00,-2.789286096875409626e-01
1.606501201300000403e+00,-2.794451811248627737e-01
1.606701201299999937e+00,-2.799523874855480154e-01
1.606901201300000359e+00,-2.804502628725845659e-01
1.607101201299999893e+00,-2.809388417201865717e-01
1.607301201300000093e+00,-2.814181587897035541e-01
1.607501201299999627e+00,-2.818882491654786659e-01
1.607701201299999827e+00,-2.823491482507228811e-01
1.607901201299999805e+00,-2.828008917633503261e-01
1.608101201299999561e+00,-2.832435157318182739e-01
1.608301201300000205e+00,-2.836770564909484871e-01
1.608501201299999739e+00,-2.841015506777260780e-01
1.608701201300000605e+00,-2.845170352271119141e-01
1.608901201299999917e+00,-2.849235473678080055e-01
1.609101201300000561e+00,-2.853211246180548666e-01
1.609301201300000095e+00,-2.857098047813729225e-01
1.609501201300000517e+00,-2.860896259423381105e-01
1.609701201300000051e+00,-2.864606264623111298e-01
1.609901201300000251e+00,-2.868228449751876741e-01
1.610101201300000007e+00,-2.871763203831182443e-01
1.610301201300000207e+00,-2.875210918522370096e-01
1.610501201299999741e+00,-2.878571988083706290e-01
1.610701201299999719e+00,-2.881846809327536785e-01
1.610901201299999919e+00,-2.885035781577256486e-01
1.611101201299999675e+00,-2.888139306624289970e-01
1.611301201300000097e+00,-2.891157788685063679e-01
1.611501201299999630e+00,-2.894091634357806031e-01
1.611701201300000719e+00,-2.896941252579497972e-01
1.611901201299999808e+00,-2.899707054582539856e-01
1.612101201300000453e+00,-2.902389453851714762e-01
1.612301201299999986e+00,-2.904988866080768228e-01
1.612501201300000631e+00,-2.907505709129303284e-01
1.612701201299999942e+00,-2.909940402979386276e-01
1.612901201300000364e+00,-2.912293369692391387e-01
1.613101201300000120e+00,-2.914565033365617008e-01
1.613301201300000320e+00,-2.916755820089087514e-01
1.613501201299999854e+00,-2.918866157902241798e-01
1.613701201299999832e+00,-2.920896476750723947e-01
1.613901201299999588e+00,-2.922847208443104527e-01
1.614101201299999566e+00,-2.924718786607712895e-01
1.614301201299999988e+00,-2.926511646649427867e-01
1.614501201299999744e+00,-2.928226225706534458e-01
1.614701201300000388e+00,-2.929862962607642229e-01
1.614901201299999700e+00,-2.931422297828571999e-01
1.615101201300000344e+00,-2.932904673449400756e-01
1.615301201299999878e+00,-2.934310533111426644e-01
1.615501201300000300e+00,-2.935640321974335443e-01
1.615701201300000056e+00,-2.936894486673297666e-01
1.615901201300000256e+00,-2.938073475276234969e-01
1.616101201300000012e+00,-2.939177737241093769e-01
1.616301201300000212e+00,-2.940207723373235438e-01
1.616501201299999746e+00,-2.941163885782878129e-01
1.616701201299999946e+00,-2.942046677842659608e-01
1.616901201299999702e+00,-2.942856554145250603e-01
1.617101201299999680e+00,-2.943593970461104159e-01
1.617301201300000102e+00,-2.944259383696274379e-01
1.617501201299999636e+00,-2.944853251850354514e-01
1.617701201300000502e+00,-2.945376033974535512e-01
1.617901201299999592e+00,-2.945828190129740620e-01
1.618101201300000458e+00,-2.946210181344937618e-01
1.618301201299999992e+00,-2.946522469575510450e-01
1.618501201300000414e+00,-2.946765517661804612e-01
1.618701201299999948e+00,-2.946939789287781331e-01
1.618901201300000148e+00,-2.947045748939820520e-01
1.619101201299999904e+00,-2.947083861865651966e-01
1.619301201300000326e+00,-2.947054594033443609e-01
1.619501201299999860e+00,-2.946958412091024160e-01
1.619701201299999838e+00,-2.946795783325274476e-01
1.619901201299999594e+00,-2.946567175621664925e-01
1.620101201299999794e+00,-2.946273057423959840e-01
1.620301201300000216e+00,-2.945913897694080186e-01
1.620501201299999749e+00,-2.945490165872150512e-01
1.620701201300000616e+00,-2.945002331836692466e-01
1.620901201299999705e+00,-2.944450865865035905e-01
1.621101201300000572e+00,-2.943836238593856014e-01
1.621301201300000105e+00,-2.943158920979963011e-01
1.621501201300000305e+00,-2.942419384261214521e-01
1.621701201300000061e+00,-2.941618099917667761e-01
1.621901201300000261e+00,-2.940755539632900484e-01
1.622101201300000017e+00,-2.939832175255548963e-01
1.622301201300000217e+00,-2.938848478761045269e-01
1.622501201299999751e+00,-2.937804922213548275e-01
1.622701201299999729e+00,-2.936701977728102264e-01
1.622901201299999485e+00,-2.935540117433010909e-01
1.623101201299999463e+00,-2.934319813432409441e-01
1.623301201300000107e+00,-2.933041537769074392e-01
1.623501201299999641e+00,-2.931705762387470937e-01
1.623701201300000729e+00,-2.930312959096970093e-01
1.623901201299999819e+00,-2.928863599535403983e-01
1.624101201300000463e+00,-2.927358155132699369e-01
1.624301201299999997e+00,-2.925797097074931963e-01
1.624501201300000419e+00,-2.924180896268454566e-01
1.624701201299999953e+00,-2.922510023304399907e-01
1.624901201300000375e+00,-2.920784948423315042e-01
1.625101201299999909e+00,-2.919006141480166572e-01
1.625301201300000109e+00,-2.917174071909471866e-01
1.625501201299999865e+00,-2.915289208690805545e-01
1.625701201299999843e+00,-2.913352020314464719e-01
1.625901201299999599e+00,-2.911362974747464527e-01
1.626101201299999577e+00,-2.909322539399757934e-01
1.626301201299999999e+00,-2.907231181090742522e-01
1.626501201299999755e+00,-2.905089366016044838e-01
1.626701201300000399e+00,-2.902897559714514575e-01
1.626901201299999711e+00,-2.900656227035616208e-01
1.627101201300000577e+00,-2.898365832106917783e-01
1.627301201299999667e+00,-2.896026838302094841e-01
1.627501201300000311e+00,-2.893639708208939343e-01
1.627701201299999845e+00,-2.891204903597931475e-01
1.627901201300000267e+00,-2.888722885390856421e-01
1.628101201299999801e+00,-2.886194113629904079e-01
1.628301201300000223e+00,-2.883619047446892014e-01
1.628501201299999979e+00,-2.880998145032941382e-01
1.628701201299999957e+00,-2.878331863608297736e-01
1.628901201299999713e+00,-2.875620659392569833e-01
1.629101201299999691e+00,-2.872864987575192708e-01
1.629301201300000113e+00,-2.870065302286216591e-01
1.629501201299999646e+00,-2.867222056567428345e-01
1.629701201300000513e+00,-2.864335702343673851e-01
1.629901201299999602e+00,-2.861406690394688868e-01
1.630101201300000469e+00,-2.858435470326929906e-01
1.630301201299999780e+00,-2.855422490546096759e-01
1.630501201300000425e+00,-2.852368198229574547e-01
1.630701201299999958e+00,-2.849273039299539123e-01
1.630901201300000380e+00,-2.846137458396083009e-01
1.631101201299999914e+00,-2.842961898850908664e-01
1.631301201300000114e+00,-2.839746802661110014e-01
1.631501201299999870e+00,-2.836492610463481334e-01
1.631701201300000070e+00,-2.833199761508972125e-01
1.631901201299999826e+00,-2.829868693637600519e-01
1.632101201299999804e+00,-2.826499843253577615e-01
1.632301201300000004e+00,-2.823093645300837062e-01
1.632501201299999760e+00,-2.819650533238864942e-01
1.632701201300000404e+00,-2.816170939018797226e-01
1.632901201299999716e+00,-2.812655293059995731e-01
1.633101201300000582e+00,-2.809104024226699581e-01
1.633301201299999672e+00,-2.805517559805359995e-01
1.633501201300000538e+00,-2.801896325481861849e-01
1.633701201299999850e+00,-2.798240745319567901e-01
1.633901201300000272e+00,-2.794551241737208147e-01
1.634101201300000028e+00,-2.790828235487525788e-01
1.634301201300000228e+00,-2.787072145635928200e-01
1.634501201299999984e+00,-2.783283389539695230e-01
1.634701201299999962e+00,-2.779462382827366795e-01
1.634901201299999718e+00,-2.775609539378588453e-01
1.635101201299999918e+00,-2.771725271304171789e-01
1.635301201299999896e+00,-2.767809988926622222e-01
1.635501201299999652e+00,-2.763864100760869968e-01
1.635701201300000296e+00,-2.759888013495396253e-01
1.635901201299999830e+00,-2.755882131973786398e-01
1.636101201300000696e+00,-2.751846859176365623e-01
1.636301201299999786e+00,-2.747782596202537064e-01
1.636501201300000430e+00,-2.743689742253013764e-01
1.636701201299999964e+00,-2.739568694612873334e-01
1.636901201300000386e+00,-2.735419848634483841e-01
1.637101201299999920e+00,-2.731243597721152994e-01
1.637301201300000120e+00,-2.727040333310797871e-01
1.637501201300000098e+00,-2.722810444860216395e-01
1.637701201300000076e+00,-2.718554319829490362e-01
1.637901201299999832e+00,-2.714272343666849774e-01
1.638101201299999810e+00,-2.709964899793797510e-01
1.638301201299999788e+00,-2.705632369590630359e-01
1.638501201299999765e+00,-2.701275132382247035e-01
1.638701201300000188e+00,-2.696893565424290928e-01
1.638901201299999721e+00,-2.692488043889710303e-01
1.639101201300000366e+00,-2.688058940855456713e-01
1.639301201299999899e+00,-2.683606627289809032e-01
1.639501201300000321e+00,-2.679131472039681938e-01
1.639701201299999855e+00,-2.674633841818621072e-01
1.639901201300000277e+00,-2.670114101194790424e-01
1.640101201300000033e+00,-2.665572612579607537e-01
1.640301201300000233e+00,-2.661009736216414789e-01
1.640501201299999989e+00,-2.656425830169725222e-01
1.640701201300000189e+00,-2.651821250314602141e-01
1.640901201299999945e+00,-2.647196350326528336e-01
1.641101201299999923e+00,-2.642551481671447378e-01
1.641301201299999901e+00,-2.637886993596260110e-01
1.641501201299999657e+00,-2.633203233119569830e-01
1.641701201300000079e+00,-2.628500545022738333e-01
1.641901201299999613e+00,-2.623779271841382710e-01
1.642101201300000479e+00,-2.619039753856953756e-01
1.642301201299999569e+00,-2.614282329088996604e-01
1.642501201300000435e+00,-2.609507333287227060e-01
1.642701201299999969e+00,-2.604715099924539978e-01
1.642901201300000169e+00,-2.599905960189711762e-01
1.643101201300000147e+00,-2.595080242980906116e-01
1.643301201300000125e+00,-2.590238274899203663e-01
1.643501201300000103e+00,-2.585380380242556231e-01
1.643701201300000303e+00,-2.580506881000028119e-01
1.643901201299999837e+00,-2.575618096846374883e-01
1.644101201299999815e+00,-2.570714345136819734e-01
1.644301201299999793e+00,-2.565795940902305672e-01
1.644501201299999771e+00,-2.560863196844912482e-01
1.644701201300000193e+00,-2.555916423333620124e-01
1.644901201299999727e+00,-2.550955928400434058e-01
1.645101201300000593e+00,-2.545982017736607705e-01
1.645301201299999683e+00,-2.540994994689538822e-01
1.645501201300000327e+00,-2.535995160259422176e-01
1.645701201299999861e+00,-2.530982813096811501e-01
1.645901201300000061e+00,-2.525958249499900554e-01
1.646101201300000039e+00,-2.520921763412531935e-01
1.646301201300000017e+00,-2.515873646422217003e-01
1.646501201299999995e+00,-2.510814187758572125e-01
1.646701201300000195e+00,-2.505743674291998069e-01
1.646901201299999951e+00,-2.500662390532676360e-01
1.647101201299999929e+00,-2.495570618629752158e-01
1.647301201299999907e+00,-2.490468638370930965e-01
1.647501201299999662e+00,-2.485356727182246317e-01
1.647701201300000307e+00,-2.480235160128103911e-01
1.647901201299999618e+00,-2.475104209911749842e-01
1.648101201300000485e+00,-2.469964146875669730e-01
1.648301201299999796e+00,-2.464815239002753899e-01
1.648501201300000440e+00,-2.459657751917134760e-01
1.648701201299999974e+00,-2.454491948885897390e-01
1.648901201300000174e+00,-2.449318090820499505e-01
1.649101201299999930e+00,-2.444136436278883939e-01
1.649301201300000130e+00,-2.438947241467536997e-01
1.649501201300000108e+00,-2.433750760244026978e-01
1.649701201300000086e+00,-2.428547244119616810e-01
1.649901201300000064e+00,-2.423336942262248050e-01
1.650101201299999820e+00,-2.418120101499717789e-01
1.650301201299999798e+00,-2.412896966323090087e-01
1.650501201299999554e+00,-2.407667778890404675e-01
1.650701201300000198e+00,-2.402432779030528043e-01
1.650901201299999510e+00,-2.397192204247430847e-01
1.651101201300000376e+00,-2.391946289724347086e-01
1.651301201299999688e+00,-2.386695268328680730e-01
1.651501201300000332e+00,-2.381439370616542095e-01
1.651701201299999644e+00,-2.376178824838111048e-01
1.651901201300000288e+00,-2.370913856942659936e-01
1.652101201299999822e+00,-2.365644690584339516e-01
1.652301201300000244e+00,-2.360371547127660952e-01
1.652501201300000000e+00,-2.355094645653675323e-01
1.652701201300000200e+00,-2.349814202965961329e-01
1.652901201299999956e+00,-2.344530433597138974e-01
1.653101201299999934e+00,-2.339243549815364642e-01
1.653301201299999912e+00,-2.333953761631188117e-01
1.653501201299999668e+00,-2.328661276804521729e-01
1.653701201300000090e+00,-2.323366300851829880e-01
1.653901201299999624e+00,-2.318069037053603343e-01
1.654101201300000490e+00,-2.312769686461794150e-01
1.654301201299999580e+00,-2.307468447907847775e-01
1.654501201300000446e+00,-2.302165518010363676e-01
1.654701201299999758e+00,-2.296861091183610148e-01
1.654901201300000402e+00,-2.291555359645534862e-01
1.655101201299999936e+00,-2.286248513426601958e-01
1.655301201300000358e+00,-2.280940740378240850e-01
1.655501201299999892e+00,-2.275632226181957263e-01
1.655701201300000092e+00,-2.270323154358200313e-01
1.655901201300000070e+00,-2.265013706275752214e-01
1.656101201300000048e+00,-2.259704061161039168e-01
1.656301201299999803e+00,-2.254394396107729515e-01
1.656501201299999781e+00,-2.249084886086443191e-01
1.656701201300000204e+00,-2.243775703954658529e-01
1.656901201299999737e+00,-2.238467020466796964e-01
1.657101201300000382e+00,-2.233159004284301086e-01
1.657301201299999693e+00,-2.227851821986180370e-01
1.657501201300000337e+00,-2.222545638079269081e-01
1.657701201299999649e+00,-2.217240615009152260e-01
1.657901201300000293e+00,-2.211936913170666485e-01
1.658101201299999827e+00,-2.206634690919114794e-01
1.658301201300000249e+00,-2.201334104581082196e-01
1.658501201300000005e+00,-2.196035308465849045e-01
1.658701201300000205e+00,-2.190738454876561825e-01
1.658901201299999961e+00,-2.185443694121828040e-01
1.659101201300000161e+00,-2.180151174527201197e-01
1.659301201299999917e+00,-2.174861042446994963e-01
1.659501201299999895e+00,-2.169573442276030439e-01
1.659701201300000095e+00,-2.164288516461650991e-01
1.659901201299999629e+00,-2.159006405515793148e-01
1.660101201300000273e+00,-2.153727248027079433e-01
1.660301201299999807e+00,-2.148451180673287275e-01
1.660501201300000451e+00,-2.143178338233521774e-01
1.660701201299999763e+00,-2.137908853600961889e-01
1.660901201300000185e+00,-2.132642857795210567e-01
1.661101201299999941e+00,-2.127380479975241601e-01
1.661301201300000363e+00,-2.122121847452003995e-01
1.661501201300000119e+00,-2.116867085701462647e-01
1.661701201300000097e+00,-2.111616318377462220e-01
1.661901201300000075e+00,-2.106369667324870243e-01
1.662101201300000053e+00,-2.101127252592714933e-01
1.662301201300000031e+00,-2.095889192447411009e-01
1.662501201299999787e+00,-2.090655603386096795e-01
1.662701201299999987e+00,-2.085426600149989096e-01
1.662901201299999743e+00,-2.080202295737918761e-01
1.663101201300000165e+00,-2.074982801419777700e-01
1.663301201299999699e+00,-2.069768226750242912e-01
1.663501201300000343e+00,-2.064558679582297884e-01
1.663701201299999877e+00,-2.059354266081162566e-01
1.663901201300000299e+00,-2.054155090737874167e-01
1.664101201300000055e+00,-2.048961256383350360e-01
1.664301201300000255e+00,-2.043772864202131889e-01
1.664501201300000233e+00,-2.038590013746465757e-01
1.664701201300000211e+00,-2.033412802950251286e-01
1.664901201300000189e+00,-2.028241328143128575e-01
1.665101201300000167e+00,-2.023075684064581659e-01
1.665301201299999923e+00,-2.017915963878091634e-01
1.665501201299999900e+00,-2.012762259185308655e-01
1.665701201299999878e+00,-2.007614660040304422e-01
1.665901201299999634e+00,-2.002473254963828275e-01
1.666101201300000278e+00,-1.997338130957556079e-01
1.666301201299999590e+00,-1.992209373518544213e-01
1.666501201300000456e+00,-1.987087066653357714e-01
1.666701201299999768e+00,-1.981971292892731329e-01
1.666901201300000190e+00,-1.976862133305677671e-01
1.667101201299999946e+00,-1.971759667514154934e-01
1.667301201300000146e+00,-1.966663973707321600e-01
1.667501201300000124e+00,-1.961575128656113109e-01
1.667701201300000324e+00,-1.956493207727625361e-01
1.667901201300000080e+00,-1.951418284899651689e-01
1.668101201300000280e+00,-1.946350432775097450e-01
1.668301201299999814e+00,-1.941289722596562795e-01
1.668501201300000014e+00,-1.936236224260721450e-01
1.668701201299999770e+00,-1.931190006332937081e-01
1.668901201299999748e+00,-1.926151136061658997e-01
1.669101201300000170e+00,-1.921119679392956914e-01
1.669301201299999704e+00,-1.916095700985041839e-01
1.669501201300000348e+00,-1.911079264222623753e-01
1.669701201299999660e+00,-1.906070431231565721e-01
1.669901201300000304e+00,-1.901069262893105294e-01
1.670101201299999838e+00,-1.896075818858549422e-01
1.670301201300000038e+00,-1.891090157563473095e-01
1.670501201300000016e+00,-1.886112336242286858e-01
1.670701201299999994e+00,-1.881142410942538978e-01
1.670901201299999972e+00,-1.876180436539306440e-01
1.671101201300000394e+00,-1.871226466749517925e-01
1.671301201299999928e+00,-1.866280554146325099e-01
1.671501201299999906e+00,-1.861342750173271554e-01
1.671701201299999662e+00,-1.856413105158664090e-01
1.671901201299999862e+00,-1.851491668329706963e-01
1.672101201300000062e+00,-1.846578487826755210e-01
1.672301201299999818e+00,-1.841673610717428355e-01
1.672501201300000462e+00,-1.836777083010679990e-01
1.672701201299999774e+00,-1.831888949671003353e-01
1.672901201300000196e+00,-1.827009254632251389e-01
1.673101201299999952e+00,-1.822138040811847326e-01
1.673301201300000152e+00,-1.817275350124540889e-01
1.673501201300000130e+00,-1.812421223496416545e-01
1.673701201300000108e+00,-1.807575700878673308e-01
1.673901201300000086e+00,-1.802738821261439528e-01
1.674101201300000286e+00,-1.797910622687499682e-01
1.674301201300000042e+00,-1.793091142266006743e-01
1.674501201300000020e+00,-1.788280416186053268e-01
1.674701201299999775e+00,-1.783478479730304656e-01
1.674901201299999753e+00,-1.778685367288455610e-01
1.675101201300000175e+00,-1.773901112370710187e-01
1.675301201299999709e+00,-1.769125747621198563e-01
1.675501201300000353e+00,-1.764359304831182584e-01
1.675701201299999665e+00,-1.759601814952500842e-01
1.675901201300000309e+00,-1.754853308110529142e-01
1.676101201299999621e+00,-1.750113813617548419e-01
1.676301201300000265e+00,-1.745383359985544502e-01
1.676501201299999799e+00,-1.740661974939436696e-01
1.676701201300000221e+00,-1.735949685429756528e-01
1.676901201300000199e+00,-1.731246517645664562e-01
1.677101201300000177e+00,-1.726552497027586675e-01
1.677301201299999933e+00,-1.721867648279954421e-01
1.677501201300000133e+00,-1.717191995383763048e-01
1.677701201299999889e+00,-1.712525561609160862e-01
1.677901201299999645e+00,-1.707868369527816288e-01
1.678101201300000067e+00,-1.703220441025304344e-01
1.678301201299999601e+00,-1.698581797313440944e-01
1.678501201300000467e+00,-1.693952458942340478e-01
1.678701201299999779e+00,-1.689332445812715966e-01
1.678901201300000423e+00,-1.684721777187657143e-01
1.679101201299999735e+00,-1.680120471704822094e-01
1.679301201300000157e+00,-1.675528547388033251e-01
1.679501201299999913e+00,-1.670946021659246161e-01
1.679701201300000335e+00,-1.666372911350043062e-01
1.679901201299999869e+00,-1.661809232713340190e-01
1.680101201300000291e+00,-1.657255001434724262e-01
1.680301201300000047e+00,-1.652710232643987420e-01
1.680501201300000247e+00,-1.648174940926281640e-01
1.680701201299999781e+00,-1.643649140333418857e-01
1.680901201299999759e+00,-1.639132844394871613e-01
1.681101201299999959e+00,-1.634626066128849198e-01
1.681301201299999715e+00,-1.630128818053178941e-01
1.681501201300000359e+00,-1.625641112196055393e-01
1.681701201299999671e+00,-1.621162960106864726e-01
1.681901201300000315e+00,-1.616694372866598062e-01
1.682101201299999627e+00,-1.612235361098580122e-01
1.682301201300000271e+00,-1.607785934978629983e-01
1.682501201300000027e+00,-1.603346104245582660e-01
1.682701201300000227e+00,-1.598915878211293329e-01
1.682901201299999983e+00,-1.594495265770854708e-01
1.683101201300000183e+00,-1.590084275412493586e-01
1.683301201299999938e+00,-1.585682915227523138e-01
1.683501201300000139e+00,-1.581291192920041278e-01
1.683701201299999894e+00,-1.576909115816670093e-01
1.683901201299999872e+00,-1.572536690876049914e-01
1.684101201300000072e+00,-1.568173924698328947e-01
1.684301201299999828e+00,-1.563820823534519677e-01
1.684501201300000250e+00,-1.559477393295671810e-01
1.684701201299999784e+00,-1.555143639562101554e-01
1.684901201300000206e+00,-1.550819567592278125e-01
1.685101201299999740e+00,-1.546505182331882333e-01
1.685301201300000162e+00,-1.542200488422451055e-01
1.685501201299999696e+00,-1.537905490210221271e-01
1.685701201300000340e+00,-1.533620191754550555e-01
1.685901201300000096e+00,-1.529344596836551551e-01
1.686101201300000296e+00,-1.525078708967290142e-01
1.686301201300000052e+00,-1.520822531396156807e-01
1.686501201300000252e+00,-1.516576067118906856e-01
1.686701201300000008e+00,-1.512339318885766448e-01
1.686901201299999986e+00,-1.508112289209269374e-01
1.687101201299999964e+00,-1.503894980372109391e-01
1.687301201299999720e+00,-1.499687394434806864e-01
1.687501201300000142e+00,-1.495489533243265778e-01
1.687701201299999898e+00,-1.491301398436299941e-01
1.687901201300000320e+00,-1.487122991452885512e-01
1.688101201299999632e+00,-1.482954313539519842e-01
1.688301201300000054e+00,-1.478795365757198943e-01
1.688501201299999810e+00,-1.474646148988597860e-01
1.688701201300000232e+00,-1.470506663944823045e-01
1.688901201299999988e+00,-1.466376911172322939e-01
1.689101201300000188e+00,-1.462256891059458830e-01
1.689301201300000166e+00,-1.458146603843157307e-01
1.689501201300000366e+00,-1.454046049615302649e-01
1.689701201300000122e+00,-1.449955228329124490e-01
1.689901201300000100e+00,-1.445874139805375658e-01
1.690101201299999856e+00,-1.441802783738501126e-01
1.690301201299999834e+00,-1.437741159702602689e-01
1.690501201300000034e+00,-1.433689267157358671e-01
1.690701201299999790e+00,-1.429647105453818456e-01
1.690901201300000434e+00,-1.425614673840015223e-01
1.691101201299999746e+00,-1.421591971466647231e-01
1.691301201300000168e+00,-1.417578997392354156e-01
1.691501201299999924e+00,-1.413575750589250446e-01
1.691701201300000124e+00,-1.409582229948008747e-01
1.691901201299999880e+00,-1.405598434283080456e-01
1.692101201300000302e+00,-1.401624362337636487e-01
1.692301201300000058e+00,-1.397660012788551342e-01
1.692501201300000258e+00,-1.393705384251113510e-01
1.692701201300000013e+00,-1.389760475283799424e-01
1.692901201300000213e+00,-1.385825284392780410e-01
1.693101201299999969e+00,-1.381899810036469611e-01
1.693301201299999725e+00,-1.377984050629830204e-01
1.693501201300000147e+00,-1.374078004548654197e-01
1.693701201299999681e+00,-1.370181670133775176e-01
1.693901201300000325e+00,-1.366295045695006261e-01
1.694101201299999637e+00,-1.362418129515234333e-01
1.694301201300000281e+00,-1.358550919854087380e-01
1.694501201299999815e+00,-1.354693414951872177e-01
1.694701201300000015e+00,-1.350845613033022086e-01
1.694901201299999993e+00,-1.347007512309772170e-01
1.695101201300000193e+00,-1.343179110985508740e-01
1.695301201300000171e+00,-1.339360407258146923e-01
1.695501201300000371e+00,-1.335551399323325339e-01
1.695701201299999905e+00,-1.331752085377577721e-01
1.695901201300000105e+00,-1.327962463621298328e-01
1.696101201299999861e+00,-1.324182532261761192e-01
1.696301201299999839e+00,-1.320412289515870419e-01
1.696501201300000039e+00,-1.316651733612950737e-01
1.696701201299999795e+00,-1.312900862797380386e-01
1.696901201300000217e+00,-1.309159675331089123e-01
1.697101201299999751e+00,-1.305428169496093971e-01
1.697301201300000173e+00,-1.301706343596736037e-01
1.697501201299999707e+00,-1.297994195962071939e-01
1.697701201300000129e+00,-1.294291724947905786e-01
1.697901201300000107e+00,-1.290598928938984924e-01
1.698101201300000085e+00,-1.286915806350898417e-01
1.698301201300000063e+00,-1.283242355632002452e-01
1.698501201300000263e+00,-1.279578575265213347e-01
1.698701201300000019e+00,-1.275924463769738393e-01
1.698901201299999997e+00,-1.272280019702660969e-01
1.699101201299999975e+00,-1.268645241660512624e-01
1.699301201299999953e+00,-1.265020128280708034e-01
1.699501201300000153e+00,-1.261404678242899480e-01
1.699701201299999909e+00,-1.257798890270283021e-01
1.699901201300000331e+00,-1.254202763130742582e-01
1.700101201299999643e+00,-1.250616295638036501e-01
1.700301201300000287e+00,-1.247039486652707641e-01
1.700501201299999821e+00,-1.243472335083182639e-01
1.700701201300000021e+00,-1.239914839886483988e-01
1.700901201299999776e+00,-1.236367000069129168e-01
1.701101201300000199e+00,-1.232828814687758623e-01
1.701301201300000177e+00,-1.229300282849831727e-01
1.701501201300000155e+00,-1.225781403714117784e-01
1.701701201300000132e+00,-1.222272176491198958e-01
1.701901201300000110e+00,-1.218772600443868148e-01
1.702101201299999866e+00,-1.215282674887449288e-01
1.702301201300000066e+00,-1.211802399190033130e-01
1.702501201300000266e+00,-1.208331772772691659e-01
1.702701201299999578e+00,-1.204870795109567183e-01
1.702901201300000222e+00,-1.201419465727853048e-01
1.703101201299999756e+00,-1.197977784207886892e-01
1.703301201300000178e+00,-1.194545750182895438e-01
1.703501201299999490e+00,-1.191123363338970620e-01
1.703701201299999912e+00,-1.187710623414685862e-01
1.703901201299999890e+00,-1.184307530200930658e-01
1.704101201300000312e+00,-1.180914083540439419e-01
1.704301201300000068e+00,-1.177530283327434257e-01
1.704501201300000268e+00,-1.174156129507051838e-01
1.704701201300000024e+00,-1.170791622074867366e-01
1.704901201300000224e+00,-1.167436761076205559e-01
1.705101201299999980e+00,-1.164091546605524469e-01
1.705301201299999958e+00,-1.160755978805625144e-01
1.705501201299999936e+00,-1.157430057866893902e-01
1.705701201299999692e+00,-1.154113784026439132e-01
1.705901201300000114e+00,-1.150807157567160927e-01
1.706101201299999870e+00,-1.147510178816848331e-01
1.706301201300000070e+00,-1.144222848147080224e-01
1.706501201299999604e+00,-1.140945165972237496e-01
1.706701201300000026e+00,-1.137677132748297903e-01
1.706901201300000004e+00,-1.134418748971758040e-01
1.707101201299999982e+00,-1.131170015178330213e-01
1.707301201299999960e+00,-1.127930931941709819e-01
1.707501201300000160e+00,-1.124701499872246546e-01
1.707701201300000138e+00,-1.121481719615591566e-01
1.707901201300000338e+00,-1.118271591851258961e-01
1.708101201300000094e+00,-1.115071117291202563e-01
1.708301201300000072e+00,-1.111880296678280367e-01
1.708501201300000050e+00,-1.108699130784736864e-01
1.708701201299999806e+00,-1.105527620410613476e-01
1.708901201300000228e+00,-1.102365766382101264e-01
1.709101201299999762e+00,-1.099213569549925273e-01
1.709301201300000184e+00,-1.096071030787563599e-01
1.709501201299999718e+00,-1.092938150989595791e-01
1.709701201300000140e+00,-1.089814931069825743e-01
1.709901201299999896e+00,-1.086701371959566398e-01
1.710101201300000096e+00,-1.083597474605702687e-01
1.710301201300000074e+00,-1.080503239968868129e-01
1.710501201300000274e+00,-1.077418669021493469e-01
1.710701201300000251e+00,-1.074343762745882530e-01
1.710901201300000229e+00,-1.071278522132210476e-01
1.711101201299999985e+00,-1.068222948176536374e-01
1.711301201299999963e+00,-1.065177041878740405e-01
1.711501201300000163e+00,-1.062140804240483127e-01
1.711701201299999919e+00,-1.059114236263108688e-01
1.711901201299999897e+00,-1.056097338945502645e-01
1.712101201299999875e+00,-1.053090113281976992e-01
1.712301201300000297e+00,-1.050092560260080798e-01
1.712501201299999831e+00,-1.047104680858448184e-01
1.712701201299999809e+00,-1.044126476044514307e-01
1.712901201299999787e+00,-1.041157946772350573e-01
1.713101201300000209e+00,-1.038199093980373411e-01
1.713301201300000187e+00,-1.035249918589095930e-01
1.713501201300000165e+00,-1.032310421498804920e-01
1.713701201300000143e+00,-1.029380603587272958e-01
1.713901201300000121e+00,-1.026460465707424857e-01
1.714101201300000099e+00,-1.023550008685003149e-01
1.714301201300000077e+00,-1.020649233316201915e-01
1.714501201300000055e+00,-1.017758140365305347e-01
1.714701201299999811e+00,-1.014876730562303542e-01
1.714901201300000011e+00,-1.012005004600485675e-01
1.715101201299999989e+00,-1.009142963134060100e-01
1.715301201300000189e+00,-1.006290606775709640e-01
1.715501201299999945e+00,-1.003447936094193915e-01
1.715701201299999923e+00,-1.000614951611884518e-01
1.715901201299999901e+00,-9.977916538023479109e-02
1.716101201300000101e+00,-9.949780430878893411e-02
1.716301201300000079e+00,-9.921741198371028525e-02
1.716501201300000057e+00,-9.893798843624050654e-02
1.716701201300000035e+00,-9.865953369175733956e-02
1.716901201300000235e+00,-9.838204776952813591e-02
1.717101201300000213e+00,-9.810553068246398445e-02
1.717301201300000191e+00,-9.782998243687046624e-02
1.717501201299999947e+00,-9.755540303220236464e-02
1.717701201299999703e+00,-9.728179246081525289e-02
1.717901201300000125e+00,-9.700915070771809479e-02
1.718101201299999881e+00,-9.673747775032989771e-02
1.718301201300000081e+00,-9.646677355822662336e-02
1.718501201299999837e+00,-9.619703809290124086e-02
1.718701201300000037e+00,-9.592827130751221953e-02
1.718901201300000015e+00,-9.566047314664213874e-02
1.719101201299999993e+00,-9.539364354604989993e-02
1.719301201299999970e+00,-9.512778243242744902e-02
1.719501201300000170e+00,-9.486288972315526369e-02
1.719701201300000148e+00,-9.459896532606067165e-02
1.719901201300000126e+00,-9.433600913917357389e-02
1.720101201299999882e+00,-9.407402105048677521e-02
1.720301201300000082e+00,-9.381300093771396953e-02
1.720501201299999838e+00,-9.355294866805297094e-02
1.720701201299999816e+00,-9.329386409794400425e-02
1.720901201300000238e+00,-9.303574707283480960e-02
1.721101201299999772e+00,-9.277859742694634371e-02
1.721301201300000194e+00,-9.252241498303205580e-02
1.721501201299999728e+00,-9.226719955215315072e-02
1.721701201300000150e+00,-9.201295093343803133e-02
1.721901201299999684e+00,-9.175966891386028168e-02
1.722101201300000106e+00,-9.150735326800173153e-02
1.722301201300000084e+00,-9.125600375783286811e-02
1.722501201300000284e+00,-9.100562013248145177e-02
1.722701201300000040e+00,-9.075620212801248365e-02
1.722901201300000240e+00,-9.050774946720287206e-02
1.723101201299999996e+00,-9.026026185932511936e-02
1.723301201299999974e+00,-9.001373899992498595e-02
1.723501201299999952e+00,-8.976818057060823031e-02
1.723701201299999930e+00,-8.952358623882485100e-02
1.723901201299999908e+00,-8.927995565765692310e-02
1.724101201299999886e+00,-8.903728846560872434e-02
1.724301201300000308e+00,-8.879558428639780510e-02
1.724501201299999842e+00,-8.855484272875192853e-02
1.724701201300000264e+00,-8.831506338619993235e-02
1.724901201299999798e+00,-8.807624583687824471e-02
1.725101201299999998e+00,-8.783838964332366106e-02
1.725301201299999976e+00,-8.760149435228389847e-02
1.725501201300000176e+00,-8.736555949451889347e-02
1.725701201300000154e+00,-8.713058458461210576e-02
1.725901201300000132e+00,-8.689656912077969864e-02
1.726101201300000110e+00,-8.666351258468461827e-02
1.726301201300000088e+00,-8.643141444125335138e-02
1.726501201300000066e+00,-8.620027413849393194e-02
1.726701201300000044e+00,-8.597009110731818060e-02
1.726901201300000244e+00,-8.574086476136510981e-02
1.727101201299999778e+00,-8.551259449683018543e-02
1.727301201300000200e+00,-8.528527969229027228e-02
1.727501201299999734e+00,-8.505891970854412287e-02
1.727701201300000156e+00,-8.483351388843882179e-02
1.727901201299999467e+00,-8.460906155671781004e-02
1.728101201299999889e+00,-8.438556201985256133e-02
1.728301201299999867e+00,-8.416301456589629637e-02
1.728501201300000290e+00,-8.394141846432461029e-02
1.728701201300000045e+00,-8.372077296589075512e-02
1.728901201300000245e+00,-8.350107730247488536e-02
1.729101201300000223e+00,-8.328233068694473884e-02
1.729301201300000201e+00,-8.306453231301272333e-02
1.729501201300000179e+00,-8.284768135510051090e-02
1.729701201299999935e+00,-8.263177696820447893e-02
1.729901201300000135e+00,-8.241681828776459273e-02
1.730101201299999669e+00,-8.220280442953953326e-02
1.730301201300000091e+00,-8.198973448947777243e-02
1.730501201299999847e+00,-8.177760754360316464e-02
1.730701201300000269e+00,-8.156642264789085162e-02
1.730901201299999581e+00,-8.135617883815905726e-02
1.731101201300000003e+00,-8.114687512995141794e-02
1.731301201299999537e+00,-8.093851051843738154e-02
1.731501201300000181e+00,-8.073108397829964478e-02
1.731701201299999937e+00,-8.052459446364206019e-02
1.731901201300000137e+00,-8.031904090788398454e-02
1.732101201300000337e+00,-8.011442222367191890e-02
1.732301201300000315e+00,-7.991073730278713816e-02
1.732501201300000071e+00,-7.970798501605798336e-02
1.732701201300000049e+00,-7.950616421327667827e-02
1.732901201300000027e+00,-7.930527372311961531e-02
1.733101201299999783e+00,-7.910531235307051434e-02
1.733301201300000205e+00,-7.890627888934555190e-02
1.733501201299999739e+00,-7.870817209682780258e-02
1.733701201300000161e+00,-7.851099071899456106e-02
1.733901201299999695e+00,-7.831473347786199746e-02
1.734101201300000117e+00,-7.811939907391865501e-02
1.734301201299999651e+00,-7.792498618607664185e-02
1.734501201300000073e+00,-7.773149347161274758e-02
1.734701201300000051e+00,-7.753891956612607439e-02
1.734901201300000251e+00,-7.734726308348782720e-02
1.735101201300000229e+00,-7.715652261580335791e-02
1.735301201300000207e+00,-7.696669673337133699e-02
1.735501201300000185e+00,-7.677778398465091858e-02
1.735701201299999941e+00,-7.658978289623025182e-02
1.735901201300000141e+00,-7.640269197279817015e-02
1.736101201299999897e+00,-7.621650969712229218e-02
1.736301201299999875e+00,-7.603123453002579024e-02
1.736501201299999853e+00,-7.584686491037267997e-02
1.736701201300000275e+00,-7.566339925505294328e-02
1.736901201299999808e+00,-7.548083595897485398e-02
1.737101201300000008e+00,-7.529917339505419471e-02
1.737301201299999764e+00,-7.511840991421636637e-02
1.737501201299999964e+00,-7.493854384539290481e-02
1.737701201300000164e+00,-7.475957349552826703e-02
1.737901201300000142e+00,-7.458149714958600685e-02
1.738101201300000120e+00,-7.440431307055953014e-02
1.738301201300000098e+00,-7.422801949948694411e-02
1.738501201300000076e+00,-7.405261465546890409e-02
1.738701201300000054e+00,-7.387809673568956903e-02
1.738901201300000032e+00,-7.370446391544152598e-02
1.739101201299999788e+00,-7.353171434815375385e-02
1.739301201299999988e+00,-7.335984616542233494e-02
1.739501201299999744e+00,-7.318885747704712008e-02
1.739701201300000166e+00,-7.301874637106703370e-02
1.739901201299999922e+00,-7.284951091380520438e-02
1.740101201299999900e+00,-7.268114914990977948e-02
1.740301201299999656e+00,-7.251365910240517576e-02
1.740501201300000078e+00,-7.234703877274098471e-02
1.740701201300000056e+00,-7.218128614084975969e-02
1.740901201300000034e+00,-7.201639916520150009e-02
1.741101201300000234e+00,-7.185237578286662874e-02
1.741301201300000212e+00,-7.168921390958052364e-02
1.741501201300000190e+00,-7.152691143980990929e-02
1.741701201300000168e+00,-7.136546624682432727e-02
1.741901201300000146e+00,-7.120487618276975794e-02
1.742101201299999902e+00,-7.104513907874576706e-02
1.742301201300000102e+00,-7.088625274488456751e-02
1.742501201299999858e+00,-7.072821497043624284e-02
1.742701201300000280e+00,-7.057102352385191679e-02
1.742901201300000036e+00,-7.041467615287652637e-02
1.743101201300000014e+00,-7.025917058463740372e-02
1.743301201299999770e+00,-7.010450452574210067e-02
1.743501201299999970e+00,-6.995067566237478385e-02
1.743701201299999948e+00,-6.979768166039895805e-02
1.743901201300000148e+00,-6.964552016545966229e-02
1.744101201300000126e+00,-6.949418880309174429e-02
1.744301201300000326e+00,-6.934368517882821825e-02
1.744501201300000304e+00,-6.919400687831402108e-02
1.744701201300000060e+00,-6.904515146742021270e-02
1.744901201300000038e+00,-6.889711649236210378e-02
1.745101201299999794e+00,-6.874989947982083904e-02
1.745301201300000216e+00,-6.860349793706529975e-02
1.745501201299999972e+00,-6.845790935208070915e-02
1.745701201300000172e+00,-6.831313119369397668e-02
1.745901201299999705e+00,-6.816916091170846514e-02
1.746101201300000128e+00,-6.802599593703431702e-02
1.746301201299999661e+00,-6.788363368182928625e-02
1.746501201299999861e+00,-6.774207153963279771e-02
1.746701201299999839e+00,-6.760130688551160838e-02
1.746901201300000039e+00,-6.746133707620100006e-02
1.747101201300000017e+00,-6.732215945025259163e-02
1.747301201299999995e+00,-6.718377132818197095e-02
1.747501201300000195e+00,-6.704617001262015707e-02
1.747701201300000173e+00,-6.690935278846739387e-02
1.747901201300000151e+00,-6.677331692304791511e-02
1.748101201299999907e+00,-6.663805966626841493e-02
1.748301201300000107e+00,-6.650357825077729546e-02
1.748501201299999863e+00,-6.636986989212868837e-02
1.748701201300000285e+00,-6.623693178894415889e-02
1.748901201299999819e+00,-6.610476112308252827e-02
1.749101201300000019e+00,-6.597335505980457537e-02
1.749301201299999775e+00,-6.584271074794728618e-02
1.749501201299999753e+00,-6.571282532009375954e-02
1.749701201299999731e+00,-6.558369589274924694e-02
1.749901201300000153e+00,-6.545531956651685912e-02
1.750101201299999909e+00,-6.532769342627714471e-02
1.750301201300000109e+00,-6.520081454136598953e-02
1.750501201300000087e+00,-6.507467996575924674e-02
1.750701201300000287e+00,-6.494928673825464682e-02
1.750901201300000265e+00,-6.482463188265857879e-02
1.751101201300000021e+00,-6.470071240797259371e-02
1.751301201300000221e+00,-6.457752530858210105e-02
1.751501201299999977e+00,-6.445506756444849272e-02
1.751701201300000177e+00,-6.433333614129899125e-02
1.751901201299999933e+00,-6.421232799082263187e-02
1.752101201300000133e+00,-6.409204005086351075e-02
1.752301201299999667e+00,-6.397246924561937609e-02
1.752501201299999867e+00,-6.385361248583748539e-02
1.752701201299999623e+00,-6.373546666901688806e-02
1.752901201300000045e+00,-6.361802867960661412e-02
1.753101201299999801e+00,-6.350129538921063521e-02
1.753301201300000223e+00,-6.338526365678853747e-02
1.753501201300000201e+00,-6.326993032886310542e-02
1.753701201300000179e+00,-6.315529223972417283e-02
1.753901201300000379e+00,-6.304134621163673402e-02
1.754101201299999913e+00,-6.292808905504987393e-02
1.754301201300000335e+00,-6.281551756880399129e-02
1.754501201299999869e+00,-6.270362854034489120e-02
1.754701201300000291e+00,-6.259241874593102217e-02
1.754901201299999824e+00,-6.248188495085023331e-02
1.755101201300000247e+00,-6.237202390962921783e-02
1.755301201299999780e+00,-6.226283236625172746e-02
1.755501201299999980e+00,-6.215430705437015313e-02
1.755701201299999736e+00,-6.204644469752475938e-02
1.755901201300000158e+00,-6.193924200935802676e-02
1.756101201299999914e+00,-6.183269569383467723e-02
1.756301201300000114e+00,-6.172680244545750150e-02
1.756501201300000092e+00,-6.162155894948868895e-02
1.756701201300000292e+00,-6.151696188216784766e-02
1.756901201300000270e+00,-6.141300791093352862e-02
1.757101201300000026e+00,-6.130969369464334129e-02
1.757301201300000226e+00,-6.120701588379527658e-02
1.757501201299999982e+00,-6.110497112075067433e-02
1.757701201300000182e+00,-6.100355603995515075e-02
1.757901201299999938e+00,-6.090276726816295366e-02
1.758101201300000138e+00,-6.080260142465849366e-02
1.758301201299999894e+00,-6.070305512148178873e-02
1.758501201299999872e+00,-6.060412496365043256e-02
1.758701201299999628e+00,-6.050580754938531675e-02
1.758901201300000050e+00,-6.040809947033372318e-02
1.759101201300000028e+00,-6.031099731179564993e-02
1.759301201300000228e+00,-6.021449765294668854e-02
1.759501201300000206e+00,-6.011859706706437767e-02
1.759701201300000184e+00,-6.002329212175243345e-02
1.759901201300000162e+00,-5.992857937916627048e-02
1.760101201300000140e+00,-5.983445539623807874e-02
1.760301201300000118e+00,-5.974091672490187965e-02
1.760501201299999874e+00,-5.964795991231888056e-02
1.760701201300000296e+00,-5.955558150110183691e-02
1.760901201300000052e+00,-5.946377802954147529e-02
1.761101201300000030e+00,-5.937254603182944707e-02
1.761301201299999786e+00,-5.928188203828448077e-02
1.761501201299999986e+00,-5.919178257557569656e-02
1.761701201299999520e+00,-5.910224416694821042e-02
1.761901201299999942e+00,-5.901326333244505395e-02
1.762101201299999920e+00,-5.892483658913331285e-02
1.762301201300000120e+00,-5.883696045132529029e-02
1.762501201300000098e+00,-5.874963143080269568e-02
1.762701201300000076e+00,-5.866284603703869616e-02
1.762901201300000276e+00,-5.857660077742019022e-02
1.763101201300000032e+00,-5.849089215746973436e-02
1.763301201300000232e+00,-5.840571668106595005e-02
1.763501201299999988e+00,-5.832107085066551982e-02
1.763701201300000188e+00,-5.823695116752170692e-02
1.763901201299999943e+00,-5.815335413190551861e-02
1.764101201300000143e+00,-5.807027624332313648e-02
1.764301201299999899e+00,-5.798771400073565035e-02
1.764501201299999877e+00,-5.790566390277535752e-02
1.764701201299999633e+00,-5.782412244796382439e-02
1.764901201299999833e+00,-5.774308613492711018e-02
1.765101201300000033e+00,-5.766255146261223263e-02
1.765301201300000011e+00,-5.758251493050124681e-02
1.765501201300000211e+00,-5.750297303882494215e-02
1.765701201300000189e+00,-5.742392228877661597e-02
1.765901201300000389e+00,-5.734535918272336968e-02
1.766101201300000145e+00,-5.726728022441841814e-02
1.766301201300000123e+00,-5.718968191921026956e-02
1.766501201300000101e+00,-5.711256077425326538e-02
1.766701201300000079e+00,-5.703591329871546267e-02
1.766901201300000057e+00,-5.695973600398628045e-02
1.767101201300000257e+00,-5.688402540388293183e-02
1.767301201300000013e+00,-5.680877801485616219e-02
1.767501201299999991e+00,-5.673399035619383635e-02
1.767701201299999747e+00,-5.665965895022521265e-02
1.767901201299999947e+00,-5.658578032252216394e-02
1.768101201299999925e+00,-5.651235100210119655e-02
1.768301201299999903e+00,-5.643936752162254100e-02
1.768501201300000103e+00,-5.636682641758907625e-02
1.768701201300000081e+00,-5.629472423054414365e-02
1.768901201300000281e+00,-5.622305750526722379e-02
1.769101201300000037e+00,-5.615182279096977980e-02
1.769301201300000015e+00,-5.608101664148801291e-02
1.769501201299999993e+00,-5.601063561547629799e-02
1.769701201300000193e+00,-5.594067627659767006e-02
1.769901201300000171e+00,-5.587113519371430387e-02
1.770101201300000149e+00,-5.580200894107541221e-02
1.770301201299999905e+00,-5.573329409850475563e-02
1.770501201300000105e+00,-5.566498725158605665e-02
1.770701201299999861e+00,-5.559708499184807390e-02
1.770901201299999839e+00,-5.552958391694651913e-02
1.771101201299999817e+00,-5.546248063084639746e-02
1.771301201300000017e+00,-5.539577174400158593e-02
1.771501201300000217e+00,-5.532945387353372518e-02
1.771701201300000195e+00,-5.526352364340912648e-02
1.771901201300000173e+00,-5.519797768461419396e-02
1.772101201299999929e+00,-5.513281263532977816e-02
1.772301201300000129e+00,-5.506802514110330227e-02
1.772501201299999884e+00,-5.500361185502045808e-02
1.772701201300000307e+00,-5.493956943787357827e-02
1.772901201300000062e+00,-5.487589455833073726e-02
1.773101201300000040e+00,-5.481258389310058460e-02
1.773301201299999796e+00,-5.474963412709810129e-02
1.773501201300000218e+00,-5.468704195360665765e-02
1.773701201299999752e+00,-5.462480407444081365e-02
1.773901201299999730e+00,-5.456291720010401913e-02
1.774101201299999930e+00,-5.450137804994839574e-02
1.774301201299999908e+00,-5.444018335233050815e-02
1.774501201300000108e+00,-5.437932984476578913e-02
1.774701201300000086e+00,-5.431881427408221524e-02
1.774901201300000286e+00,-5.425863339657086004e-02
1.775101201300000042e+00,-5.419878397813631538e-02
1.775301201300000242e+00,-5.413926279444369882e-02
1.775501201299999998e+00,-5.408006663106571660e-02
1.775701201300000198e+00,-5.402119228362618070e-02
1.775901201300000176e+00,-5.396263655794354686e-02
1.776101201300000154e+00,-5.390439627017101776e-02
1.776301201299999910e+00,-5.384646824693628542e-02
1.776501201300000110e+00,-5.378884932547831066e-02
1.776701201299999644e+00,-5.373153635378371401e-02
1.776901201299999844e+00,-5.367452619071941267e-02
1.777101201299999822e+00,-5.361781570616583337e-02
1.777301201300000022e+00,-5.356140178114622563e-02
1.777501201300000000e+00,-5.350528130795559334e-02
1.777701201300000200e+00,-5.344945119028667035e-02
1.777901201300000178e+00,-5.339390834335540348e-02
1.778101201300000156e+00,-5.333864969402318801e-02
1.778301201300000134e+00,-5.328367218091839552e-02
1.778501201300000112e+00,-5.322897275455548693e-02
1.778701201300000090e+00,-5.317454837745242552e-02
1.778901201300000068e+00,-5.312039602424633439e-02
1.779101201300000268e+00,-5.306651268180713477e-02
1.779301201300000024e+00,-5.301289534934974790e-02
1.779501201300000002e+00,-5.295954103854354916e-02
1.779701201299999758e+00,-5.290644677362119075e-02
1.779901201299999736e+00,-5.285360959148452387e-02
1.780101201299999714e+00,-5.280102654180937605e-02
1.780301201299999914e+00,-5.274869468714794840e-02
1.780501201299999892e+00,-5.269661110302992224e-02
1.780701201300000314e+00,-5.264477287806079708e-02
1.780901201300000292e+00,-5.259317711401981926e-02
1.781101201300000270e+00,-5.254182092595437170e-02
1.781301201300000248e+00,-5.249070144227368367e-02
1.781501201300000004e+00,-5.243981580484049360e-02
1.781701201300000204e+00,-5.238916116906014442e-02
1.781901201300000182e+00,-5.233873470396915861e-02
1.782101201300000159e+00,-5.228853359232052411e-02
1.782301201299999915e+00,-5.223855503066811290e-02
1.782501201300000115e+00,-5.218879622944852525e-02
1.782701201299999871e+00,-5.213925441306227482e-02
1.782901201299999849e+00,-5.208992681995136542e-02
1.783101201299999827e+00,-5.204081070267674303e-02
1.783301201300000027e+00,-5.199190332799277781e-02
1.783501201300000005e+00,-5.194320197692059438e-02
1.783701201299999983e+00,-5.189470394481893178e-02
1.783901201300000183e+00,-5.184640654145377531e-02
1.784101201300000161e+00,-5.179830709106600373e-02
1.784301201300000139e+00,-5.175040293243685086e-02
1.784501201300000117e+00,-5.170269141895203480e-02
1.784701201300000095e+00,-5.165516991866393737e-02
1.784901201300000073e+00,-5.160783581435179901e-02
1.785101201300000051e+00,-5.156068650358038713e-02
1.785301201300000029e+00,-5.151371939875658973e-02
1.785501201300000007e+00,-5.146693192718466980e-02
1.785701201299999985e+00,-5.142032153111913972e-02
1.785901201299999741e+00,-5.137388566781640742e-02
1.786101201299999719e+00,-5.132762180958433396e-02
1.786301201299999919e+00,-5.128152744383013967e-02
1.786501201300000119e+00,-5.123560007310676984e-02
1.786701201300000097e+00,-5.118983721515713708e-02
1.786901201300000075e+00,-5.114423640295670537e-02
1.787101201300000275e+00,-5.109879518475471394e-02
1.787301201300000253e+00,-5.105351112411327108e-02
1.787501201300000231e+00,-5.100838179994508781e-02
1.787701201299999987e+00,-5.096340480654907440e-02
1.787901201299999965e+00,-5.091857775364457689e-02
1.788101201299999943e+00,-5.087389826640401069e-02
1.788301201300000143e+00,-5.082936398548350276e-02
1.788501201299999899e+00,-5.078497256705238883e-02
1.788701201299999877e+00,-5.074072168282007383e-02
1.788901201299999855e+00,-5.069660902006244835e-02
1.789101201299999833e+00,-5.065263228164597342e-02
1.789301201300000033e+00,-5.060878918605017651e-02
1.789501201300000011e+00,-5.056507746738886366e-02
1.789701201299999989e+00,-5.052149487542929168e-02
1.789901201300000189e+00,-5.047803917561002884e-02
1.790101201300000167e+00,-5.043470814905749722e-02
1.790301201300000145e+00,-5.039149959260012801e-02
1.790501201300000123e+00,-5.034841131878189935e-02
1.790701201300000101e+00,-5.030544115587372300e-02
1.790901201300000078e+00,-5.026258694788356823e-02
1.791101201300000056e+00,-5.021984655456483010e-02
1.791301201300000034e+00,-5.017721785142362223e-02
1.791501201300000012e+00,-5.013469872972398794e-02
1.791701201299999990e+00,-5.009228709649217459e-02
1.791901201299999968e+00,-5.004998087451904137e-02
1.792101201299999724e+00,-5.000777800236133608e-02
1.792301201299999924e+00,-4.996567643434104977e-02
1.792501201299999902e+00,-4.992367414054414004e-02
1.792701201299999880e+00,-4.988176910681685339e-02
1.792901201300000080e+00,-4.983995933476133289e-02
1.793101201300000058e+00,-4.979824284172978260e-02
1.793301201300000258e+00,-4.975661766081677928e-02
1.793501201300000236e+00,-4.971508184085080689e-02
1.793701201300000214e+00,-4.967363344638396627e-02
1.793901201300000192e+00,-4.963227055768069940e-02
1.794101201300000170e+00,-4.959099127070491081e-02
1.794301201300000148e+00,-4.954979369710599268e-02
1.794501201299999904e+00,-4.950867596420347599e-02
1.794701201300000104e+00,-4.946763621497007879e-02
1.794901201299999860e+00,-4.942667260801443530e-02
1.795101201299999838e+00,-4.938578331756111189e-02
1.795301201299999816e+00,-4.934496653343078271e-02
1.795501201300000016e+00,-4.930422046101828187e-02
1.795701201299999994e+00,-4.926354332127002439e-02
1.795901201300000194e+00,-4.922293335065949793e-02
1.796101201300000172e+00,-4.918238880116249101e-02
1.796301201300000150e+00,-4.914190794023030884e-02
1.796501201300000128e+00,-4.910148905076240633e-02
1.796701201300000106e+00,-4.906113043107759170e-02
1.796901201300000084e+00,-4.902083039488426552e-02
1.797101201300000062e+00,-4.898058727124933454e-02
1.797301201300000040e+00,-4.894039940456629267e-02
1.797501201300000018e+00,-4.890026515452203237e-02
1.797701201299999996e+00,-4.886018289606266357e-02
1.797901201299999974e+00,-4.882015101935820167e-02
1.798101201299999730e+00,-4.878016792976646449e-02
1.798301201299999708e+00,-4.874023204779541485e-02
1.798501201299999908e+00,-4.870034180906519100e-02
1.798701201300000108e+00,-4.866049566426871448e-02
1.798901201300000086e+00,-4.862069207913135432e-02
1.799101201300000064e+00,-4.858092953436958517e-02
1.799301201300000264e+00,-4.854120652564890281e-02
1.799501201300000020e+00,-4.850152156354081701e-02
1.799701201300000220e+00,-4.846187317347845636e-02
1.799901201299999975e+00,-4.842225989571209005e-02
1.800101201300000175e+00,-4.838268028526273440e-02
1.800301201300000153e+00,-4.834313291187605777e-02
1.800501201300000131e+00,-4.830361635997441894e-02
1.800701201299999887e+00,-4.826412922860853078e-02
1.800901201299999865e+00,-4.822467013140820102e-02
1.801101201299999843e+00,-4.818523769653247635e-02
1.801301201299999821e+00,-4.814583056661862759e-02
1.801501201299999799e+00,-4.810644739873062153e-02
1.801701201299999999e+00,-4.806708686430659350e-02
1.801901201300000199e+00,-4.802774764910597294e-02
1.802101201300000177e+00,-4.798842845315539479e-02
1.802301201300000155e+00,-4.794912799069409037e-02
1.802501201300000133e+00,-4.790984499011873010e-02
1.802701201300000111e+00,-4.787057819392734337e-02
1.802901201300000089e+00,-4.783132635866262083e-02
1.803101201300000067e+00,-4.779208825485466855e-02
1.803301201300000045e+00,-4.775286266696292248e-02
1.803501201300000023e+00,-4.771364839331767443e-02
1.803701201300000001e+00,-4.767444424606064046e-02
1.803901201299999979e+00,-4.763524905108530022e-02
1.804101201299999957e+00,-4.759606164797638983e-02
1.804301201299999713e+00,-4.755688088994897839e-02
1.804501201299999913e+00,-4.751770564378662853e-02
1.804701201299999891e+00,-4.747853478977975827e-02
1.804901201300000091e+00,-4.743936722166257336e-02
1.805101201300000291e+00,-4.740020184655017316e-02
1.805301201300000047e+00,-4.736103758487481691e-02
1.805501201300000247e+00,-4.732187337032156549e-02
1.805701201300000225e+00,-4.728270814976404113e-02
1.805901201300000203e+00,-4.724354088319906997e-02
1.806101201300000181e+00,-4.720437054368117891e-02
1.806301201300000159e+00,-4.716519611725668304e-02
1.806501201300000137e+00,-4.712601660289730821e-02
1.806701201300000115e+00,-4.708683101243332780e-02
1.806901201300000093e+00,-4.704763837048644981e-02
1.807101201299999849e+00,-4.700843771440219032e-02
1.807301201299999827e+00,-4.696922809418187239e-02
1.807501201299999805e+00,-4.693000857241459711e-02
1.807701201300000005e+00,-4.689077822420825714e-02
1.807901201299999983e+00,-4.685153613712102205e-02
1.808101201300000183e+00,-4.681228141109157470e-02
1.808301201300000161e+00,-4.677301315836998596e-02
1.808501201300000139e+00,-4.673373050344756252e-02
1.808701201300000116e+00,-4.669443258298692362e-02
1.808901201300000094e+00,-4.665511854575146028e-02
1.809101201300000072e+00,-4.661578755253473899e-02
1.809301201300000050e+00,-4.657643877608964866e-02
1.809501201300000028e+00,-4.653707140105733941e-02
1.809701201300000006e+00,-4.649768462389593238e-02
1.809901201299999984e+00,-4.645827765280874377e-02
1.810101201299999962e+00,-4.641884970767296698e-02
1.810301201299999718e+00,-4.637940001996753575e-02
1.810501201299999696e+00,-4.633992783270111243e-02
1.810701201299999896e+00,-4.630043240033998586e-02
1.810901201300000096e+00,-4.626091298873568486e-02
1.811101201300000296e+00,-4.622136887505251535e-02
1.811301201300000052e+00,-4.618179934769513217e-02
1.811501201300000252e+00,-4.614220370623527134e-02
1.811701201300000008e+00,-4.610258126133986306e-02
1.811901201299999986e+00,-4.606293133469736151e-02
1.812101201299999964e+00,-4.602325325894524033e-02
1.812301201300000164e+00,-4.598354637759678037e-02
1.812501201300000142e+00,-4.594381004496833620e-02
1.812701201299999898e+00,-4.590404362610567973e-02
1.812901201299999876e+00,-4.586424649671130838e-02
1.813101201300000076e+00,-4.582441804307113564e-02
1.813301201299999832e+00,-4.578455766198145926e-02
1.813501201299999810e+00,-4.574466476067547138e-02
1.813701201300000010e+00,-4.570473875675043485e-02
1.813901201299999988e+00,-4.566477907809443626e-02
1.814101201300000188e+00,-4.562478516281319452e-02
1.814301201300000166e+00,-4.558475645915707752e-02
1.814501201300000144e+00,-4.554469242544804952e-02
1.814701201300000122e+00,-4.550459253000666004e-02
1.814901201300000100e+00,-4.546445625107913002e-02
1.815101201300000078e+00,-4.542428307676476401e-02
1.815301201300000056e+00,-4.538407250494282119e-02
1.815501201300000034e+00,-4.534382404320010107e-02
1.815701201300000012e+00,-4.530353720875836265e-02
1.815901201299999990e+00,-4.526321152840196566e-02
1.816101201299999968e+00,-4.522284653840529661e-02
1.816301201299999946e+00,-4.518244178446076398e-02
1.816501201299999924e+00,-4.514199682160674465e-02
1.816701201299999902e+00,-4.510151121415566927e-02
1.816901201299999880e+00,-4.506098453562208672e-02
1.817101201300000080e+00,-4.502041636865114493e-02
1.817301201300000058e+00,-4.497980630494744642e-02
1.817501201300000035e+00,-4.493915394520323070e-02
1.817701201300000236e+00,-4.489845889902761844e-02
1.817901201300000213e+00,-4.485772078487577919e-02
1.818101201300000191e+00,-4.481693922997802976e-02
1.818301201300000169e+00,-4.477611387026929346e-02
1.818501201300000147e+00,-4.473524435031908664e-02
1.818701201300000125e+00,-4.469433032326113053e-02
1.818901201300000103e+00,-4.465337145072369868e-02
1.819101201300000081e+00,-4.461236740275991569e-02
1.819301201299999837e+00,-4.457131785777836835e-02
1.819501201299999815e+00,-4.453022250247383462e-02
1.819701201299999793e+00,-4.448908103175863021e-02
1.819901201299999993e+00,-4.444789314869374008e-02
1.820101201299999971e+00,-4.440665856442059523e-02
1.820301201300000171e+00,-4.436537699809262048e-02
1.820501201300000149e+00,-4.432404817680789255e-02
1.820701201300000127e+00,-4.428267183554107644e-02
1.820901201300000105e+00,-4.424124771707628467e-02
1.821101201300000083e+00,-4.419977557194020718e-02
1.821301201300000061e+00,-4.415825515833509546e-02
1.821501201300000039e+00,-4.411668624207265577e-02
1.821701201300000017e+00,-4.407506859650754671e-02
1.821901201300000217e+00,-4.403340200247195246e-02
1.822101201299999973e+00,-4.399168624820976731e-02
1.822301201299999951e+00,-4.394992112931152273e-02
1.822501201299999929e+00,-4.390810644864928669e-02
1.822701201299999685e+00,-4.386624201631264541e-02
1.822901201300000107e+00,-4.382432764954358184e-02
1.823101201300000085e+00,-4.378236317267364397e-02
1.823301201300000285e+00,-4.374034841705937843e-02
1.823501201300000041e+00,-4.369828322101979023e-02
1.823701201300000241e+00,-4.365616742977297682e-02
1.823901201299999997e+00,-4.361400089537392777e-02
1.824101201300000197e+00,-4.357178347665197071e-02
1.824301201299999953e+00,-4.352951503914939679e-02
1.824501201300000153e+00,-4.348719545505930900e-02
1.824701201299999909e+00,-4.344482460316528155e-02
1.824901201299999887e+00,-4.340240236877976332e-02
1.825101201299999865e+00,-4.335992864368409805e-02
1.825301201300000065e+00,-4.331740332606853067e-02
1.825501201299999821e+00,-4.327482632047237321e-02
1.825701201299999799e+00,-4.323219753772444829e-02
1.825901201299999999e+00,-4.318951689488460810e-02
1.826101201299999977e+00,-4.314678431518492729e-02
1.826301201300000177e+00,-4.310399972797131912e-02
1.826501201300000155e+00,-4.306116306864609528e-02
1.826701201300000132e+00,-4.301827427861017183e-02
1.826901201300000110e+00,-4.297533330520617728e-02
1.827101201300000088e+00,-4.293234010166180337e-02
1.827301201300000066e+00,-4.288929462703329476e-02
1.827501201300000044e+00,-4.284619684614989626e-02
1.827701201300000022e+00,-4.280304672955793921e-02
1.827901201300000000e+00,-4.275984425346594786e-02
1.828101201299999978e+00,-4.271658939968978747e-02
1.828301201299999956e+00,-4.267328215559844373e-02
1.828501201299999934e+00,-4.262992251405978150e-02
1.828701201299999912e+00,-4.258651047338728179e-02
1.828901201299999890e+00,-4.254304603728653600e-02
1.829101201300000090e+00,-4.249952921480273926e-02
1.829301201300000068e+00,-4.245596002026820470e-02
1.829501201300000046e+00,-4.241233847325015516e-02
1.829701201300000024e+00,-4.236866459849937538e-02
1.829901201300000224e+00,-4.232493842589883648e-02
1.830101201300000202e+00,-4.228115999041297951e-02
1.830301201300000180e+00,-4.223732933203711015e-02
1.830501201300000158e+00,-4.219344649574748030e-02
1.830701201299999914e+00,-4.214951153145173046e-02
1.830901201300000114e+00,-4.210552449393925589e-02
1.831101201300000092e+00,-4.206148544283291879e-02
1.831301201300000070e+00,-4.201739444254008748e-02
1.831501201300000048e+00,-4.197325156220470255e-02
1.831701201299999804e+00,-4.192905687565974537e-02
1.831901201299999782e+00,-4.188481046137962349e-02
1.832101201299999982e+00,-4.184051240243363834e-02
1.832301201299999960e+00,-4.179616278643914773e-02
1.832501201300000160e+00,-4.175176170551563037e-02
1.832701201300000138e+00,-4.170730925623888918e-02
1.832901201300000116e+00,-4.166280553959555988e-02
1.833101201300000094e+00,-4.161825066093833431e-02
1.833301201300000072e+00,-4.157364472994119764e-02
1.833501201300000050e+00,-4.152898786055536640e-02
1.833701201300000028e+00,-4.148428017096532361e-02
1.833901201300000006e+00,-4.143952178354549237e-02
1.834101201299999984e+00,-4.139471282481695102e-02
1.834301201299999962e+00,-4.134985342540505038e-02
1.834501201299999940e+00,-4.130494371999682279e-02
1.834701201299999918e+00,-4.125998384729913371e-02
1.834901201299999896e+00,-4.121497394999704827e-02
1.835101201300000096e+00,-4.116991417471264902e-02
1.835301201300000074e+00,-4.112480467196434619e-02
1.835501201300000274e+00,-4.107964559612602845e-02
1.835701201300000029e+00,-4.103443710538734468e-02
1.835901201300000229e+00,-4.098917936171356247e-02
1.836101201299999985e+00,-4.094387253080662703e-02
1.836301201300000185e+00,-4.089851678206553320e-02
1.836501201299999941e+00,-4.085311228854836274e-02
1.836701201300000141e+00,-4.080765922693310732e-02
1.836901201299999897e+00,-4.076215777748055935e-02
1.837101201300000097e+00,-4.071660812399587048e-02
1.837301201300000075e+00,-4.067101045379192814e-02
1.837501201300000053e+00,-4.062536495765189243e-02
1.837701201300000031e+00,-4.057967182979295429e-02
1.837901201299999787e+00,-4.053393126782982303e-02
1.838101201299999987e+00,-4.048814347273877595e-02
1.838301201299999965e+00,-4.044230864882235321e-02
1.838501201300000165e+00,-4.039642700367369194e-02
1.838701201300000143e+00,-4.035049874814197746e-02
1.838901201300000121e+00,-4.030452409629738109e-02
1.839101201300000099e+00,-4.025850326539708729e-02
1.839301201300000077e+00,-4.021243647585114045e-02
1.839501201300000055e+00,-4.016632395118890919e-02
1.839701201300000033e+00,-4.012016591802551602e-02
1.839901201300000011e+00,-4.007396260602909266e-02
1.840101201299999989e+00,-4.002771424788770238e-02
1.840301201299999967e+00,-3.998142107927720595e-02
1.840501201299999945e+00,-3.993508333882886396e-02
1.840701201299999923e+00,-3.988870126809773015e-02
1.840901201299999901e+00,-3.984227511153090595e-02
1.841101201299999879e+00,-3.979580511643641960e-02
1.841301201300000079e+00,-3.974929153295222312e-02
1.841501201300000057e+00,-3.970273461401557791e-02
1.841701201300000035e+00,-3.965613461533246814e-02
1.841901201300000013e+00,-3.960949179534767328e-02
1.842101201300000213e+00,-3.956280641521479902e-02
1.842301201300000191e+00,-3.951607873876693267e-02
1.842501201299999947e+00,-3.946930903248705574e-02
1.842701201300000147e+00,-3.942249756547899081e-02
1.842901201300000125e+00,-3.937564460943908384e-02
1.843101201300000103e+00,-3.932875043862719272e-02
1.843301201300000081e+00,-3.928181532983862634e-02
1.843501201300000059e+00,-3.923483956237619474e-02
1.843701201300000037e+00,-3.918782341802239111e-02
1.843901201300000015e+00,-3.914076718101182351e-02
1.844101201299999993e+00,-3.909367113800413240e-02
1.844301201299999970e+00,-3.904653557805679021e-02
1.844501201299999948e+00,-3.899936079259840038e-02
1.844701201300000148e+00,-3.895214707540207988e-02
1.844901201300000126e+00,-3.890489472255934111e-02
1.845101201300000104e+00,-3.885760403245368255e-02
1.845301201300000082e+00,-3.881027530573491480e-02
1.845501201300000060e+00,-3.876290884529345893e-02
1.845701201300000038e+00,-3.871550495623490851e-02
1.845901201300000016e+00,-3.866806394585482753e-02
1.846101201300000216e+00,-3.862058612361364551e-02
1.846301201299999972e+00,-3.857307180111213540e-02
1.846501201299999950e+00,-3.852552129206624626e-02
1.846701201300000150e+00,-3.847793491228324730e-02
1.846901201299999906e+00,-3.843031297963744181e-02
1.847101201299999884e+00,-3.838265581404569360e-02
1.847301201300000084e+00,-3.833496373744410546e-02
1.847501201300000062e+00,-3.828723707376430890e-02
1.847701201300000040e+00,-3.823947614890972624e-02
1.847901201300000018e+00,-3.819168129073254037e-02
1.848101201299999996e+00,-3.814385282901047725e-02
1.848301201299999974e+00,-3.809599109542394918e-02
1.848501201300000174e+00,-3.804809642353325361e-02
1.848701201299999930e+00,-3.800016914875613272e-02
1.848901201300000130e+00,-3.795220960834490287e-02
1.849101201299999886e+00,-3.790421814136490930e-02
1.849301201300000086e+00,-3.785619508867159311e-02
1.849501201300000064e+00,-3.780814079288925822e-02
1.849701201300000042e+00,-3.776005559838883918e-02
1.849901201300000020e+00,-3.771193985126637671e-02
1.850101201299999776e+00,-3.766379389932156263e-02
1.850301201299999976e+00,-3.761561809203607665e-02
1.850501201300000176e+00,-3.756741278055286681e-02
1.850701201299999932e+00,-3.751917831765476385e-02
1.850901201299999910e+00,-3.747091505774325509e-02
1.851101201300000110e+00,-3.742262335681810492e-02
1.851301201300000088e+00,-3.737430357245657281e-02
1.851501201300000066e+00,-3.732595606379253417e-02
1.851701201300000044e+00,-3.727758119149629512e-02
1.851901201300000022e+00,-3.722917931775416439e-02
1.852101201300000000e+00,-3.718075080624818479e-02
1.852301201299999978e+00,-3.713229602213607983e-02
1.852501201299999956e+00,-3.708381533203124192e-02
1.852701201300000156e+00,-3.703530910398267900e-02
1.852901201299999911e+00,-3.698677770745562032e-02
1.853101201299999889e+00,-3.693822151331119935e-02
1.853301201300000089e+00,-3.688964089378735101e-02
1.853501201300000067e+00,-3.684103622247925092e-02
1.853701201300000045e+00,-3.679240787431966447e-02
1.853901201300000023e+00,-3.674375622555980936e-02
1.854101201300000001e+00,-3.669508165375005848e-02
1.854301201300000201e+00,-3.664638453772076782e-02
1.854501201300000179e+00,-3.659766525756341649e-02
1.854701201300000157e+00,-3.654892419461126807e-02
1.854901201300000135e+00,-3.650016173142076048e-02
1.855101201300000113e+00,-3.645137825175246565e-02
1.855301201300000091e+00,-3.640257414055248636e-02
1.855501201300000069e+00,-3.635374978393365875e-02
1.855701201300000047e+00,-3.630490556915696998e-02
1.855901201300000025e+00,-3.625604188461300365e-02
1.856101201300000003e+00,-3.620715911980342677e-02
1.856301201299999981e+00,-3.615825766532256014e-02
1.856501201299999959e+00,-3.610933791283899019e-02
1.856701201299999937e+00,-3.606040025507731284e-02
1.856901201300000137e+00,-3.601144508579966902e-02
1.857101201300000115e+00,-3.596247279978793954e-02
1.857301201300000315e+00,-3.591348379282504472e-02
1.857501201300000071e+00,-3.586447846167740983e-02
1.857701201300000049e+00,-3.581545720407625089e-02
1.857901201300000027e+00,-3.576642041870012334e-02
1.858101201300000005e+00,-3.571736850515665890e-02
1.858301201299999983e+00,-3.566830186396465624e-02
1.858501201300000183e+00,-3.561922089653617174e-02
1.858701201300000161e+00,-3.557012600515883916e-02
1.858901201300000139e+00,-3.552101759297771749e-02
1.859101201300000117e+00,-3.547189606397770090e-02
1.859301201300000095e+00,-3.542276182296574122e-02
1.859501201300000073e+00,-3.537361527555306362e-02
1.859701201300000051e+00,-3.532445682813744464e-02
1.859901201300000029e+00,-3.527528688788562905e-02
1.860101201300000007e+00,-3.522610586271557320e-02
1.860301201299999985e+00,-3.517691416127888271e-02
1.860501201300000185e+00,-3.512771219294306968e-02
1.860701201300000163e+00,-3.507850036777426794e-02
1.860901201299999919e+00,-3.502927909651935845e-02
1.861101201300000119e+00,-3.498004879058833061e-02
1.861301201300000097e+00,-3.493080986203730975e-02
1.861501201300000075e+00,-3.488156272355042581e-02
1.861701201300000053e+00,-3.483230778842263259e-02
1.861901201300000031e+00,-3.478304547054214546e-02
1.862101201300000008e+00,-3.473377618437291370e-02
1.862301201299999986e+00,-3.468450034493726630e-02
1.862501201299999964e+00,-3.463521836779835661e-02
1.862701201299999942e+00,-3.458593066904272484e-02
1.862901201299999920e+00,-3.453663766526292311e-02
1.863101201300000120e+00,-3.448733977353996005e-02
1.863301201300000098e+00,-3.443803741142609232e-02
1.863501201300000076e+00,-3.438873099692711655e-02
1.863701201300000054e+00,-3.433942094848517479e-02
1.863901201300000032e+00,-3.429010768496120604e-02
1.864101201300000010e+00,-3.424079162561761980e-02
1.864301201299999988e+00,-3.419147319010085867e-02
1.864501201300000188e+00,-3.414215279842389150e-02
1.864701201299999944e+00,-3.409283087094912984e-02
1.864901201299999922e+00,-3.404350782837047007e-02
1.865101201299999900e+00,-3.399418409169644578e-02
1.865301201299999878e+00,-3.394486008223243645e-02
1.865501201300000078e+00,-3.389553622156341040e-02
1.865701201300000056e+00,-3.384621293153664001e-02
1.865901201299999812e+00,-3.379689063424398676e-02
1.866101201300000012e+00,-3.374756975200454007e-02
1.866301201300000212e+00,-3.369825070734747824e-02
1.866501201300000190e+00,-3.364893392299448532e-02
1.866701201300000168e+00,-3.359961982184210549e-02
1.866901201300000146e+00,-3.355030882694457622e-02
1.867101201300000124e+00,-3.350100136149633534e-02
1.867301201300000102e+00,-3.345169784881452113e-02
1.867501201300000080e+00,-3.340239871232151408e-02
1.867701201300000058e+00,-3.335310437552760354e-02
1.867901201300000036e+00,-3.330381526201342535e-02
1.868101201300000014e+00,-3.325453179541249665e-02
1.868301201299999992e+00,-3.320525439939382012e-02
1.868501201300000192e+00,-3.315598349764430769e-02
1.868701201299999948e+00,-3.310671951385159989e-02
1.868901201299999926e+00,-3.305746287168602471e-02
1.869101201300000126e+00,-3.300821399478359730e-02
1.869301201299999882e+00,-3.295897330672857561e-02
1.869501201300000082e+00,-3.290974123103537763e-02
1.869701201300000060e+00,-3.286051819113187944e-02
1.869901201300000038e+00,-3.281130461034123535e-02
1.870101201300000016e+00,-3.276210091186482209e-02
1.870301201299999994e+00,-3.271290751876447522e-02
1.870501201299999972e+00,-3.266372485394511416e-02
1.870701201299999950e+00,-3.261455334013719370e-02
1.870901201299999927e+00,-3.256539339987914172e-02
1.871101201300000128e+00,-3.251624545549992168e-02
1.871301201300000105e+00,-3.246710992910153276e-02
1.871501201300000083e+00,-3.241798724254137815e-02
1.871701201300000061e+00,-3.236887781741484837e-02
1.871901201300000039e+00,-3.231978207503777983e-02
1.872101201300000017e+00,-3.227070043642892017e-02
1.872301201299999995e+00,-3.222163332229245614e-02
1.872501201299999973e+00,-3.217258115300046517e-02
1.872701201299999951e+00,-3.212354434857542934e-02
1.872901201300000151e+00,-3.207452332867270772e-02
1.873101201299999907e+00,-3.202551851256325854e-02
1.873301201299999885e+00,-3.197653031911561888e-02
1.873501201300000085e+00,-3.192755916677893213e-02
1.873701201300000063e+00,-3.187860547356539259e-02
1.873901201300000041e+00,-3.182966965703250273e-02
1.874101201300000019e+00,-3.178075213426582307e-02
1.874301201300000219e+00,-3.173185332186144458e-02
1.874501201300000197e+00,-3.168297363590873161e-02
1.874701201300000175e+00,-3.163411349197255140e-02
1.874901201300000153e+00,-3.158527330507610031e-02
1.875101201299999909e+00,-3.153645348968350803e-02
1.875301201300000109e+00,-3.148765445968213644e-02
1.875501201300000087e+00,-3.143887662836572505e-02
1.875701201300000065e+00,-3.139012040841659967e-02
1.875901201300000043e+00,-3.134138621188845703e-02
1.876101201300000021e+00,-3.129267445018908689e-02
1.876301201299999999e+00,-3.124398553406299711e-02
1.876501201299999977e+00,-3.119531987357417394e-02
1.876701201299999955e+00,-3.114667787808880761e-02
1.876901201299999933e+00,-3.109805995625804925e-02
1.877101201299999911e+00,-3.104946651600073299e-02
1.877301201300000111e+00,-3.100089796448621954e-02
1.877501201300000089e+00,-3.095235470811740983e-02
1.877701201300000067e+00,-3.090383715251324853e-02
1.877901201300000045e+00,-3.085534570249184871e-02
1.878101201300000023e+00,-3.080688076205335274e-02
1.878301201300000001e+00,-3.075844273436290771e-02
1.878501201299999979e+00,-3.071003202173360272e-02
1.878701201300000179e+00,-3.066164902560943040e-02
1.878901201300000157e+00,-3.061329414654858500e-02
1.879101201299999913e+00,-3.056496778420622618e-02
1.879301201300000113e+00,-3.051667033731760709e-02
1.879501201299999869e+00,-3.046840220368171592e-02
1.879701201300000069e+00,-3.042016378014367889e-02
1.879901201300000047e+00,-3.037195546257881462e-02
1.880101201300000024e+00,-3.032377764587534941e-02
1.880301201300000002e+00,-3.027563072391796506e-02
1.880501201300000202e+00,-3.022751508957109007e-02
1.880701201300000180e+00,-3.017943113466251687e-02
1.880901201300000158e+00,-3.013137924996655420e-02
1.881101201299999914e+00,-3.008335982518781787e-02
1.881301201299999892e+00,-3.003537324894451493e-02
1.881501201300000092e+00,-2.998741990875231078e-02
1.881701201300000070e+00,-2.993950019100802967e-02
1.881901201300000048e+00,-2.989161448097310547e-02
1.882101201300000026e+00,-2.984376316275758056e-02
1.882301201300000004e+00,-2.979594661930384802e-02
1.882501201299999982e+00,-2.974816523237062277e-02
1.882701201299999960e+00,-2.970041938251682251e-02
1.882901201299999938e+00,-2.965270944908566381e-02
1.883101201299999916e+00,-2.960503581018868180e-02
1.883301201300000116e+00,-2.955739884268988177e-02
1.883501201300000094e+00,-2.950979892219007805e-02
1.883701201300000072e+00,-2.946223642301097276e-02
1.883901201300000050e+00,-2.941471171817962305e-02
1.884101201300000028e+00,-2.936722517941288413e-02
1.884301201300000006e+00,-2.931977717710183839e-02
1.884501201299999984e+00,-2.927236808029638759e-02
1.884701201299999962e+00,-2.922499825668991441e-02
1.884901201299999940e+00,-2.917766807260400302e-02
1.885101201300000140e+00,-2.913037789297311803e-02
1.885301201300000118e+00,-2.908312808132976560e-02
1.885501201300000096e+00,-2.903591899978911692e-02
1.885701201299999852e+00,-2.898875100903425261e-02
1.885901201300000052e+00,-2.894162446830105678e-02
1.886101201300000030e+00,-2.889453973536388123e-02
1.886301201300000008e+00,-2.884749716652034585e-02
1.886501201300000208e+00,-2.880049711657690220e-02
1.886701201300000186e+00,-2.875353993883451864e-02
1.886901201300000164e+00,-2.870662598507384144e-02
1.887101201300000142e+00,-2.865975560554110541e-02
1.887301201300000120e+00,-2.861292914893386399e-02
1.887501201299999876e+00,-2.856614696238678891e-02
1.887701201300000076e+00,-2.851940939145743148e-02
1.887901201300000054e+00,-2.847271678011271956e-02
1.888101201300000254e+00,-2.842606947071456974e-02
1.888301201300000010e+00,-2.837946780400660285e-02
1.888501201299999988e+00,-2.833291211909989490e-02
1.888701201299999965e+00,-2.828640275346001182e-02
1.888901201299999943e+00,-2.823994004289316975e-02
1.889101201299999921e+00,-2.819352432153308247e-02
1.889301201299999899e+00,-2.814715592182758658e-02
1.889501201300000099e+00,-2.810083517452550972e-02
1.889701201300000077e+00,-2.805456240866389603e-02
1.889901201300000055e+00,-2.800833795155467654e-02
1.890101201300000033e+00,-2.796216212877217222e-02
1.890301201300000011e+00,-2.791603526414029868e-02
1.890501201299999989e+00,-2.786995767971998245e-02
1.890701201299999967e+00,-2.782392969579677161e-02
1.890901201300000167e+00,-2.777795163086837008e-02
1.891101201300000145e+00,-2.773202380163265063e-02
1.891301201300000123e+00,-2.768614652297525860e-02
1.891501201300000101e+00,-2.764032010795779148e-02
1.891701201300000079e+00,-2.759454486780594379e-02
1.891901201300000057e+00,-2.754882111189774219e-02
1.892101201300000035e+00,-2.750314914775191938e-02
1.892301201300000013e+00,-2.745752928101647533e-02
1.892501201299999991e+00,-2.741196181545727667e-02
1.892701201300000191e+00,-2.736644705294680527e-02
1.892901201300000169e+00,-2.732098529345323296e-02
1.893101201300000147e+00,-2.727557683502917357e-02
1.893301201299999903e+00,-2.723022197380105952e-02
1.893501201299999881e+00,-2.718492100395824076e-02
1.893701201300000081e+00,-2.713967421774262506e-02
1.893901201300000059e+00,-2.709448190543821411e-02
1.894101201300000037e+00,-2.704934435536064663e-02
1.894301201300000015e+00,-2.700426185384708841e-02
1.894501201299999993e+00,-2.695923468524631661e-02
1.894701201300000193e+00,-2.691426313190859593e-02
1.894901201299999949e+00,-2.686934747417638047e-02
1.895101201299999927e+00,-2.682448799037404075e-02
1.895301201299999905e+00,-2.677968495679897837e-02
1.895501201300000105e+00,-2.673493864771197409e-02
1.895701201300000083e+00,-2.669024933532826785e-02
1.895901201300000061e+00,-2.664561728980819819e-02
1.896101201300000039e+00,-2.660104277924852517e-02
1.896301201300000017e+00,-2.655652606967363882e-02
1.896501201299999995e+00,-2.651206742502697222e-02
1.896701201299999973e+00,-2.646766710716246321e-02
1.896901201299999951e+00,-2.642332537583636301e-02
1.897101201299999929e+00,-2.637904248869901019e-02
1.897301201300000129e+00,-2.633481870128679542e-02
1.897501201300000107e+00,-2.629065426701451130e-02
1.897701201300000085e+00,-2.624654943716732414e-02
1.897901201300000062e+00,-2.620250446089343946e-02
1.898101201299999818e+00,-2.615851958519671561e-02
1.898301201300000018e+00,-2.611459505492910727e-02
1.898501201299999996e+00,-2.607073111278417760e-02
1.898701201300000196e+00,-2.602692799928950362e-02
1.898901201300000174e+00,-2.598318595280039306e-02
1.899101201300000152e+00,-2.593950520949290378e-02
1.899301201299999908e+00,-2.589588600335760923e-02
1.899501201300000108e+00,-2.585232856619303424e-02
1.899701201299999864e+00,-2.580883312759994774e-02
1.899901201300000064e+00,-2.576539991497473620e-02
1.900101201400000051e+00,-2.572202913183446044e-02
1.900301201400000251e+00,-2.567872104452100651e-02
1.900501201400000006e+00,-2.563547585208348495e-02
1.900701201399999984e+00,-2.559229377304531386e-02
1.900901201399999962e+00,-2.554917502369843940e-02
1.901101201399999940e+00,-2.550611981809805529e-02
1.901301201399999918e+00,-2.546312836805778024e-02
1.901501201399999896e+00,-2.542020088314489445e-02
1.901701201400000096e+00,-2.537733757067581891e-02
1.901901201400000296e+00,-2.533453863571177855e-02
1.902101201400000052e+00,-2.529180428105451406e-02
1.902301201400000030e+00,-2.524913470724202830e-02
1.902501201400000008e+00,-2.520653011254497811e-02
1.902701201399999986e+00,-2.516399069296275728e-02
1.902901201399999964e+00,-2.512151664221994041e-02
1.903101201400000164e+00,-2.507910815176279951e-02
1.903301201400000142e+00,-2.503676541075627177e-02
1.903501201400000120e+00,-2.499448860608054213e-02
1.903701201400000098e+00,-2.495227792232830241e-02
1.903901201400000076e+00,-2.491013354180195843e-02
1.904101201400000054e+00,-2.486805564451101402e-02
1.904301201400000032e+00,-2.482604440816961466e-02
1.904501201400000010e+00,-2.478410000819427500e-02
1.904701201399999988e+00,-2.474222261770178677e-02
1.904901201400000188e+00,-2.470041240750717876e-02
1.905101201400000166e+00,-2.465866954612216944e-02
1.905301201399999922e+00,-2.461699419975324488e-02
1.905501201399999900e+00,-2.457538653230023976e-02
1.905701201400000100e+00,-2.453384670535525142e-02
1.905901201399999856e+00,-2.449237487820146025e-02
1.906101201400000056e+00,-2.445097120781181479e-02
1.906301201400000034e+00,-2.440963584884878190e-02
1.906501201400000234e+00,-2.436836895366315328e-02
1.906701201400000212e+00,-2.432717067229403507e-02
1.906901201399999968e+00,-2.428604115246820946e-02
1.907101201399999946e+00,-2.424498053959996124e-02
1.907301201399999924e+00,-2.420398897679134145e-02
1.907501201399999902e+00,-2.416306660483217433e-02
1.907701201400000102e+00,-2.412221356220027590e-02
1.907901201400000080e+00,-2.408142998506226581e-02
1.908101201400000058e+00,-2.404071600727383448e-02
1.908301201400000036e+00,-2.400007176038078741e-02
1.908501201400000014e+00,-2.395949737361990212e-02
1.908701201399999992e+00,-2.391899297392018758e-02
1.908901201399999970e+00,-2.387855868590401526e-02
1.909101201399999947e+00,-2.383819463188867338e-02
1.909301201400000148e+00,-2.379790093188786232e-02
1.909501201400000125e+00,-2.375767770361367562e-02
1.909701201400000103e+00,-2.371752506247822023e-02
1.909901201400000081e+00,-2.367744312159588554e-02
1.910101201400000059e+00,-2.363743199178551524e-02
1.910301201400000037e+00,-2.359749178157283592e-02
1.910501201399999793e+00,-2.355762259719296203e-02
1.910701201400000215e+00,-2.351782454259290431e-02
1.910901201400000193e+00,-2.347809771943500795e-02
1.911101201400000171e+00,-2.343844222709923208e-02
1.911301201400000149e+00,-2.339885816268670593e-02
1.911501201399999905e+00,-2.335934562102305254e-02
1.911701201400000105e+00,-2.331990469466151822e-02
1.911901201400000083e+00,-2.328053547388712202e-02
1.912101201400000061e+00,-2.324123804671991353e-02
1.912301201400000039e+00,-2.320201249891911885e-02
1.912501201400000017e+00,-2.316285891398716518e-02
1.912701201399999995e+00,-2.312377737317385801e-02
1.912901201400000195e+00,-2.308476795548069713e-02
1.913101201399999951e+00,-2.304583073766561935e-02
1.913301201399999929e+00,-2.300696579424716531e-02
1.913501201399999907e+00,-2.296817319750972877e-02
1.913701201400000107e+00,-2.292945301750817788e-02
1.913901201400000085e+00,-2.289080532207321897e-02
1.914101201400000063e+00,-2.285223017681631275e-02
1.914301201400000041e+00,-2.281372764513515256e-02
1.914501201400000019e+00,0.000000000000000000e+00
1.914701201399999997e+00,0.000000000000000000e+00
1.914901201399999975e+00,0.000000000000000000e+00
1.915101201399999953e+00,0.000000000000000000e+00
1.915301201400000153e+00,0.000000000000000000e+00
1.915501201400000131e+00,0.000000000000000000e+00
1.915701201400000109e+00,0.000000000000000000e+00
1.915901201400000087e+00,0.000000000000000000e+00
1.916101201400000065e+00,0.000000000000000000e+00
1.916301201400000043e+00,0.000000000000000000e+00
1.916501201400000021e+00,0.000000000000000000e+00
1.916701201399999999e+00,0.000000000000000000e+00
1.916901201400000199e+00,0.000000000000000000e+00
1.917101201400000177e+00,0.000000000000000000e+00
1.917301201400000155e+00,0.000000000000000000e+00
1.917501201400000133e+00,0.000000000000000000e+00
1.917701201399999889e+00,0.000000000000000000e+00
1.917901201400000089e+00,0.000000000000000000e+00
1.918101201400000066e+00,0.000000000000000000e+00
1.918301201400000044e+00,0.000000000000000000e+00
1.918501201400000022e+00,0.000000000000000000e+00
1.918701201400000000e+00,0.000000000000000000e+00
1.918901201400000200e+00,0.000000000000000000e+00
1.919101201399999956e+00,0.000000000000000000e+00
1.919301201399999934e+00,0.000000000000000000e+00
1.919501201399999912e+00,0.000000000000000000e+00
1.919701201400000112e+00,0.000000000000000000e+00
1.919901201400000090e+00,0.000000000000000000e+00
1.920101201400000068e+00,0.000000000000000000e+00
1.920301201400000046e+00,0.000000000000000000e+00
1.920501201400000024e+00,0.000000000000000000e+00
1.920701201400000002e+00,0.000000000000000000e+00
1.920901201399999980e+00,0.000000000000000000e+00
1.921101201399999958e+00,0.000000000000000000e+00
1.921301201399999936e+00,0.000000000000000000e+00
1.921501201400000136e+00,0.000000000000000000e+00
1.921701201400000114e+00,0.000000000000000000e+00
1.921901201400000092e+00,0.000000000000000000e+00
1.922101201400000070e+00,0.000000000000000000e+00
1.922301201400000048e+00,0.000000000000000000e+00
1.922501201400000026e+00,0.000000000000000000e+00
1.922701201400000004e+00,0.000000000000000000e+00
1.922901201400000204e+00,0.000000000000000000e+00
1.923101201400000182e+00,0.000000000000000000e+00
1.923301201400000160e+00,0.000000000000000000e+00
1.923501201400000138e+00,0.000000000000000000e+00
1.923701201400000116e+00,0.000000000000000000e+00
1.923901201400000094e+00,0.000000000000000000e+00
1.924101201400000072e+00,0.000000000000000000e+00
1.924301201400000050e+00,0.000000000000000000e+00
1.924501201400000028e+00,0.000000000000000000e+00
1.924701201400000006e+00,0.000000000000000000e+00
1.924901201399999984e+00,0.000000000000000000e+00
1.925101201399999962e+00,0.000000000000000000e+00
1.925301201399999940e+00,0.000000000000000000e+00
1.925501201399999918e+00,0.000000000000000000e+00
1.925701201399999896e+00,0.000000000000000000e+00
1.925901201400000096e+00,0.000000000000000000e+00
1.926101201400000074e+00,0.000000000000000000e+00
1.926301201400000052e+00,0.000000000000000000e+00
1.926501201400000030e+00,0.000000000000000000e+00
1.926701201400000008e+00,0.000000000000000000e+00
1.926901201399999985e+00,0.000000000000000000e+00
1.927101201399999963e+00,0.000000000000000000e+00
1.927301201399999941e+00,0.000000000000000000e+00
1.927501201400000141e+00,0.000000000000000000e+00
1.927701201400000119e+00,0.000000000000000000e+00
1.927901201400000097e+00,0.000000000000000000e+00
1.928101201400000075e+00,0.000000000000000000e+00
1.928301201400000053e+00,0.000000000000000000e+00
1.928501201400000031e+00,0.000000000000000000e+00
1.928701201400000009e+00,0.000000000000000000e+00
1.928901201399999987e+00,0.000000000000000000e+00
1.929101201400000187e+00,0.000000000000000000e+00
1.929301201400000165e+00,0.000000000000000000e+00
1.929501201400000143e+00,0.000000000000000000e+00
1.929701201400000121e+00,0.000000000000000000e+00
1.929901201400000099e+00,0.000000000000000000e+00
1.930101201400000077e+00,0.000000000000000000e+00
1.930301201400000055e+00,0.000000000000000000e+00
1.930501201400000033e+00,0.000000000000000000e+00
1.930701201400000011e+00,0.000000000000000000e+00
1.930901201399999989e+00,0.000000000000000000e+00
1.931101201400000189e+00,0.000000000000000000e+00
1.931301201399999945e+00,0.000000000000000000e+00
1.931501201399999923e+00,0.000000000000000000e+00
1.931701201399999901e+00,0.000000000000000000e+00
1.931901201400000101e+00,0.000000000000000000e+00
1.932101201400000079e+00,0.000000000000000000e+00
1.932301201400000057e+00,0.000000000000000000e+00
1.932501201400000035e+00,0.000000000000000000e+00
1.932701201400000013e+00,0.000000000000000000e+00
1.932901201399999991e+00,0.000000000000000000e+00
1.933101201399999969e+00,0.000000000000000000e+00
1.933301201399999947e+00,0.000000000000000000e+00
1.933501201400000147e+00,0.000000000000000000e+00
1.933701201399999903e+00,0.000000000000000000e+00
1.933901201400000103e+00,0.000000000000000000e+00
1.934101201400000081e+00,0.000000000000000000e+00
1.934301201400000059e+00,0.000000000000000000e+00
1.934501201400000037e+00,0.000000000000000000e+00
1.934701201400000015e+00,0.000000000000000000e+00
1.934901201399999993e+00,0.000000000000000000e+00
1.935101201399999971e+00,0.000000000000000000e+00
1.935301201399999949e+00,0.000000000000000000e+00
1.935501201400000149e+00,0.000000000000000000e+00
1.935701201400000127e+00,0.000000000000000000e+00
1.935901201400000105e+00,0.000000000000000000e+00
1.936101201400000082e+00,0.000000000000000000e+00
1.936301201400000060e+00,0.000000000000000000e+00
1.936501201400000038e+00,0.000000000000000000e+00
1.936701201400000016e+00,0.000000000000000000e+00
1.936901201399999994e+00,0.000000000000000000e+00
1.937101201400000194e+00,0.000000000000000000e+00
1.937301201400000172e+00,0.000000000000000000e+00
1.937501201399999928e+00,0.000000000000000000e+00
1.937701201400000128e+00,0.000000000000000000e+00
1.937901201400000106e+00,0.000000000000000000e+00
1.938101201400000084e+00,0.000000000000000000e+00
1.938301201400000062e+00,0.000000000000000000e+00
1.938501201400000040e+00,0.000000000000000000e+00
1.938701201400000018e+00,0.000000000000000000e+00
1.938901201399999996e+00,0.000000000000000000e+00
1.939101201399999974e+00,0.000000000000000000e+00
1.939301201399999952e+00,0.000000000000000000e+00
1.939501201400000152e+00,0.000000000000000000e+00
1.939701201399999908e+00,0.000000000000000000e+00
1.939901201400000108e+00,0.000000000000000000e+00
1.940101201400000086e+00,0.000000000000000000e+00
1.940301201400000064e+00,0.000000000000000000e+00
1.940501201400000042e+00,0.000000000000000000e+00
1.940701201400000020e+00,0.000000000000000000e+00
1.940901201399999998e+00,0.000000000000000000e+00
1.941101201400000198e+00,0.000000000000000000e+00
1.941301201399999954e+00,0.000000000000000000e+00
1.941501201400000154e+00,0.000000000000000000e+00
1.941701201400000132e+00,0.000000000000000000e+00
1.941901201400000110e+00,0.000000000000000000e+00
1.942101201400000088e+00,0.000000000000000000e+00
1.942301201400000066e+00,0.000000000000000000e+00
1.942501201400000044e+00,0.000000000000000000e+00
1.942701201400000022e+00,0.000000000000000000e+00
1.942901201400000000e+00,0.000000000000000000e+00
1.943101201399999978e+00,0.000000000000000000e+00
1.943301201400000178e+00,0.000000000000000000e+00
1.943501201399999934e+00,0.000000000000000000e+00
1.943701201400000134e+00,0.000000000000000000e+00
1.943901201400000112e+00,0.000000000000000000e+00
1.944101201400000090e+00,0.000000000000000000e+00
1.944301201400000068e+00,0.000000000000000000e+00
1.944501201400000046e+00,0.000000000000000000e+00
1.944701201400000024e+00,0.000000000000000000e+00
1.944901201400000001e+00,0.000000000000000000e+00
1.945101201399999979e+00,0.000000000000000000e+00
1.945301201400000179e+00,0.000000000000000000e+00
1.945501201400000157e+00,0.000000000000000000e+00
1.945701201400000135e+00,0.000000000000000000e+00
1.945901201399999891e+00,0.000000000000000000e+00
1.946101201400000091e+00,0.000000000000000000e+00
1.946301201400000069e+00,0.000000000000000000e+00
1.946501201400000047e+00,0.000000000000000000e+00
1.946701201400000025e+00,0.000000000000000000e+00
1.946901201400000003e+00,0.000000000000000000e+00
1.947101201400000203e+00,0.000000000000000000e+00
1.947301201399999959e+00,0.000000000000000000e+00
1.947501201399999937e+00,0.000000000000000000e+00
1.947701201399999915e+00,0.000000000000000000e+00
1.947901201400000115e+00,0.000000000000000000e+00
1.948101201400000093e+00,0.000000000000000000e+00
1.948301201400000071e+00,0.000000000000000000e+00
1.948501201400000049e+00,0.000000000000000000e+00
1.948701201400000027e+00,0.000000000000000000e+00
1.948901201400000005e+00,0.000000000000000000e+00
1.949101201400000205e+00,0.000000000000000000e+00
1.949301201399999961e+00,0.000000000000000000e+00
1.949501201400000161e+00,0.000000000000000000e+00
1.949701201399999917e+00,0.000000000000000000e+00
1.949901201399999895e+00,0.000000000000000000e+00
1.950101201400000095e+00,0.000000000000000000e+00
1.950301201400000073e+00,0.000000000000000000e+00
1.950501201400000051e+00,0.000000000000000000e+00
1.950701201400000029e+00,0.000000000000000000e+00
1.950901201400000007e+00,0.000000000000000000e+00
1.951101201400000207e+00,0.000000000000000000e+00
1.951301201399999963e+00,0.000000000000000000e+00
1.951501201399999941e+00,0.000000000000000000e+00
1.951701201400000141e+00,0.000000000000000000e+00
1.951901201399999897e+00,0.000000000000000000e+00
1.952101201400000097e+00,0.000000000000000000e+00
1.952301201400000075e+00,0.000000000000000000e+00
1.952501201400000053e+00,0.000000000000000000e+00
1.952701201400000031e+00,0.000000000000000000e+00
1.952901201400000009e+00,0.000000000000000000e+00
1.953101201399999987e+00,0.000000000000000000e+00
1.953301201400000187e+00,0.000000000000000000e+00
1.953501201399999943e+00,0.000000000000000000e+00
1.953701201400000143e+00,0.000000000000000000e+00
1.953901201400000121e+00,0.000000000000000000e+00
1.954101201400000098e+00,0.000000000000000000e+00
1.954301201400000076e+00,0.000000000000000000e+00
1.954501201400000054e+00,0.000000000000000000e+00
1.954701201400000032e+00,0.000000000000000000e+00
1.954901201400000010e+00,0.000000000000000000e+00
1.955101201399999988e+00,0.000000000000000000e+00
1.955301201399999966e+00,0.000000000000000000e+00
1.955501201400000166e+00,0.000000000000000000e+00
1.955701201399999922e+00,0.000000000000000000e+00
1.955901201399999900e+00,0.000000000000000000e+00
1.956101201400000100e+00,0.000000000000000000e+00
1.956301201400000078e+00,0.000000000000000000e+00
1.956501201400000056e+00,0.000000000000000000e+00
1.956701201400000034e+00,0.000000000000000000e+00
1.956901201400000012e+00,0.000000000000000000e+00
1.957101201399999990e+00,0.000000000000000000e+00
1.957301201399999968e+00,0.000000000000000000e+00
1.957501201400000168e+00,0.000000000000000000e+00
1.957701201400000146e+00,0.000000000000000000e+00
1.957901201400000124e+00,0.000000000000000000e+00
1.958101201400000102e+00,0.000000000000000000e+00
1.958301201400000080e+00,0.000000000000000000e+00
1.958501201400000058e+00,0.000000000000000000e+00
1.958701201400000036e+00,0.000000000000000000e+00
1.958901201400000014e+00,0.000000000000000000e+00
1.959101201399999992e+00,0.000000000000000000e+00
1.959301201400000192e+00,0.000000000000000000e+00
1.959501201399999948e+00,0.000000000000000000e+00
1.959701201399999926e+00,0.000000000000000000e+00
1.959901201399999904e+00,0.000000000000000000e+00
1.960101201400000104e+00,0.000000000000000000e+00
1.960301201400000082e+00,0.000000000000000000e+00
1.960501201400000060e+00,0.000000000000000000e+00
1.960701201400000038e+00,0.000000000000000000e+00
1.960901201400000016e+00,0.000000000000000000e+00
1.961101201399999994e+00,0.000000000000000000e+00
1.961301201400000194e+00,0.000000000000000000e+00
1.961501201400000172e+00,0.000000000000000000e+00
1.961701201400000150e+00,0.000000000000000000e+00
1.961901201399999906e+00,0.000000000000000000e+00
1.962101201400000106e+00,0.000000000000000000e+00
1.962301201400000084e+00,0.000000000000000000e+00
1.962501201400000062e+00,0.000000000000000000e+00
1.962701201400000039e+00,0.000000000000000000e+00
1.962901201400000017e+00,0.000000000000000000e+00
1.963101201399999995e+00,0.000000000000000000e+00
1.963301201399999973e+00,0.000000000000000000e+00
1.963501201400000173e+00,0.000000000000000000e+00
1.963701201399999929e+00,0.000000000000000000e+00
1.963901201399999907e+00,0.000000000000000000e+00
1.964101201400000107e+00,0.000000000000000000e+00
1.964301201400000085e+00,0.000000000000000000e+00
1.964501201400000063e+00,0.000000000000000000e+00
1.964701201400000041e+00,0.000000000000000000e+00
1.964901201400000019e+00,0.000000000000000000e+00
1.965101201399999997e+00,0.000000000000000000e+00
1.965301201399999975e+00,0.000000000000000000e+00
1.965501201400000175e+00,0.000000000000000000e+00
1.965701201399999931e+00,0.000000000000000000e+00
1.965901201399999909e+00,0.000000000000000000e+00
1.966101201400000109e+00,0.000000000000000000e+00
1.966301201400000087e+00,0.000000000000000000e+00
1.966501201400000065e+00,0.000000000000000000e+00
1.966701201400000043e+00,0.000000000000000000e+00
1.966901201400000021e+00,0.000000000000000000e+00
1.967101201399999999e+00,0.000000000000000000e+00
1.967301201400000199e+00,0.000000000000000000e+00
1.967501201399999955e+00,0.000000000000000000e+00
1.967701201399999933e+00,0.000000000000000000e+00
1.967901201399999911e+00,0.000000000000000000e+00
1.968101201400000111e+00,0.000000000000000000e+00
1.968301201400000089e+00,0.000000000000000000e+00
1.968501201400000067e+00,0.000000000000000000e+00
1.968701201400000045e+00,0.000000000000000000e+00
1.968901201400000023e+00,0.000000000000000000e+00
1.969101201400000001e+00,0.000000000000000000e+00
1.969301201400000201e+00,0.000000000000000000e+00
1.969501201400000179e+00,0.000000000000000000e+00
1.969701201400000157e+00,0.000000000000000000e+00
1.969901201400000135e+00,0.000000000000000000e+00
1.970101201400000113e+00,0.000000000000000000e+00
1.970301201400000091e+00,0.000000000000000000e+00
1.970501201400000069e+00,0.000000000000000000e+00
1.970701201400000047e+00,0.000000000000000000e+00
1.970901201400000025e+00,0.000000000000000000e+00
1.971101201400000003e+00,0.000000000000000000e+00
1.971301201399999981e+00,0.000000000000000000e+00
1.971501201399999958e+00,0.000000000000000000e+00
1.971701201400000159e+00,0.000000000000000000e+00
1.971901201399999914e+00,0.000000000000000000e+00
1.972101201399999892e+00,0.000000000000000000e+00
1.972301201400000092e+00,0.000000000000000000e+00
1.972501201400000070e+00,0.000000000000000000e+00
1.972701201400000048e+00,0.000000000000000000e+00
1.972901201400000026e+00,0.000000000000000000e+00
1.973101201400000004e+00,0.000000000000000000e+00
1.973301201400000204e+00,0.000000000000000000e+00
1.973501201400000182e+00,0.000000000000000000e+00
1.973701201400000160e+00,0.000000000000000000e+00
1.973901201399999916e+00,0.000000000000000000e+00
1.974101201400000116e+00,0.000000000000000000e+00
1.974301201400000094e+00,0.000000000000000000e+00
1.974501201400000072e+00,0.000000000000000000e+00
1.974701201400000050e+00,0.000000000000000000e+00
1.974901201400000028e+00,0.000000000000000000e+00
1.975101201400000006e+00,0.000000000000000000e+00
1.975301201399999984e+00,0.000000000000000000e+00
1.975501201399999962e+00,0.000000000000000000e+00
1.975701201399999940e+00,0.000000000000000000e+00
1.975901201399999918e+00,0.000000000000000000e+00
1.976101201399999896e+00,0.000000000000000000e+00
1.976301201400000096e+00,0.000000000000000000e+00
1.976501201400000074e+00,0.000000000000000000e+00
1.976701201400000052e+00,0.000000000000000000e+00
1.976901201400000030e+00,0.000000000000000000e+00
1.977101201400000008e+00,0.000000000000000000e+00
1.977301201399999986e+00,0.000000000000000000e+00
1.977501201400000186e+00,0.000000000000000000e+00
1.977701201399999942e+00,0.000000000000000000e+00
1.977901201400000142e+00,0.000000000000000000e+00
1.978101201399999898e+00,0.000000000000000000e+00
1.978301201400000098e+00,0.000000000000000000e+00
1.978501201400000076e+00,0.000000000000000000e+00
1.978701201400000054e+00,0.000000000000000000e+00
1.978901201400000032e+00,0.000000000000000000e+00
1.979101201400000010e+00,0.000000000000000000e+00
1.979301201399999988e+00,0.000000000000000000e+00
1.979501201400000188e+00,0.000000000000000000e+00
1.979701201399999944e+00,0.000000000000000000e+00
1.979901201399999922e+00,0.000000000000000000e+00
1.980101201400000122e+00,0.000000000000000000e+00
1.980301201400000100e+00,0.000000000000000000e+00
1.980501201400000078e+00,0.000000000000000000e+00
1.980701201400000055e+00,0.000000000000000000e+00
1.980901201400000033e+00,0.000000000000000000e+00
1.981101201400000011e+00,0.000000000000000000e+00
1.981301201399999989e+00,0.000000000000000000e+00
1.981501201400000189e+00,0.000000000000000000e+00
1.981701201400000167e+00,0.000000000000000000e+00
1.981901201399999923e+00,0.000000000000000000e+00
1.982101201400000123e+00,0.000000000000000000e+00
1.982301201400000101e+00,0.000000000000000000e+00
1.982501201400000079e+00,0.000000000000000000e+00
1.982701201400000057e+00,0.000000000000000000e+00
1.982901201400000035e+00,0.000000000000000000e+00
1.983101201400000013e+00,0.000000000000000000e+00
1.983301201399999991e+00,0.000000000000000000e+00
1.983501201399999969e+00,0.000000000000000000e+00
1.983701201399999947e+00,0.000000000000000000e+00
1.983901201400000147e+00,0.000000000000000000e+00
1.984101201399999903e+00,0.000000000000000000e+00
1.984301201400000103e+00,0.000000000000000000e+00
1.984501201400000081e+00,0.000000000000000000e+00
1.984701201400000059e+00,0.000000000000000000e+00
1.984901201400000037e+00,0.000000000000000000e+00
1.985101201400000015e+00,0.000000000000000000e+00
1.985301201399999993e+00,0.000000000000000000e+00
1.985501201400000193e+00,0.000000000000000000e+00
1.985701201399999949e+00,0.000000000000000000e+00
1.985901201399999927e+00,0.000000000000000000e+00
1.986101201399999905e+00,0.000000000000000000e+00
1.986301201400000105e+00,0.000000000000000000e+00
1.986501201400000083e+00,0.000000000000000000e+00
1.986701201400000061e+00,0.000000000000000000e+00
1.986901201400000039e+00,0.000000000000000000e+00
1.987101201400000017e+00,0.000000000000000000e+00
1.987301201399999995e+00,0.000000000000000000e+00
1.987501201400000195e+00,0.000000000000000000e+00
1.987701201400000173e+00,0.000000000000000000e+00
1.987901201400000151e+00,0.000000000000000000e+00
1.988101201400000129e+00,0.000000000000000000e+00
1.988301201400000107e+00,0.000000000000000000e+00
1.988501201400000085e+00,0.000000000000000000e+00
1.988701201400000063e+00,0.000000000000000000e+00
1.988901201400000041e+00,0.000000000000000000e+00
1.989101201400000019e+00,0.000000000000000000e+00
1.989301201399999997e+00,0.000000000000000000e+00
1.989501201399999974e+00,0.000000000000000000e+00
1.989701201399999952e+00,0.000000000000000000e+00
1.989901201399999930e+00,0.000000000000000000e+00
1.990101201385666707e+00,0.000000000000000000e+00
1.990301201385666685e+00,0.000000000000000000e+00
1.990501201385666663e+00,0.000000000000000000e+00
1.990701201385666641e+00,0.000000000000000000e+00
1.990901201385666619e+00,0.000000000000000000e+00
1.991101201385666597e+00,0.000000000000000000e+00
1.991301201385666797e+00,0.000000000000000000e+00
1.991501201385666775e+00,0.000000000000000000e+00
1.991701201385666753e+00,0.000000000000000000e+00
1.991901201385666731e+00,0.000000000000000000e+00
1.992101201385666709e+00,0.000000000000000000e+00
1.992301201385666687e+00,0.000000000000000000e+00
1.992501201385666665e+00,0.000000000000000000e+00
1.992701201385666643e+00,0.000000000000000000e+00
1.992901201385666621e+00,0.000000000000000000e+00
1.993101201385666599e+00,0.000000000000000000e+00
1.993301201385666799e+00,0.000000000000000000e+00
1.993501201385666777e+00,0.000000000000000000e+00
1.993701201385666755e+00,0.000000000000000000e+00
1.993901201385666733e+00,0.000000000000000000e+00
1.994101201385666711e+00,0.000000000000000000e+00
1.994301201385666689e+00,0.000000000000000000e+00
1.994501201385666667e+00,0.000000000000000000e+00
1.994701201385666645e+00,0.000000000000000000e+00
1.994901201385666623e+00,0.000000000000000000e+00
1.995101201385666601e+00,0.000000000000000000e+00
1.995301201385666801e+00,0.000000000000000000e+00
1.995501201385666779e+00,0.000000000000000000e+00
1.995701201385666756e+00,0.000000000000000000e+00
1.995901201385666734e+00,0.000000000000000000e+00
1.996101201385666712e+00,0.000000000000000000e+00
1.996301201385666690e+00,0.000000000000000000e+00
1.996501201385666668e+00,0.000000000000000000e+00
1.996701201385666646e+00,0.000000000000000000e+00
1.996901201385666624e+00,0.000000000000000000e+00
1.997101201385666602e+00,0.000000000000000000e+00
1.997301201385666802e+00,0.000000000000000000e+00
1.997501201385666780e+00,0.000000000000000000e+00
1.997701201385666758e+00,0.000000000000000000e+00
1.997901201385666736e+00,0.000000000000000000e+00
1.998101201385666714e+00,0.000000000000000000e+00
1.998301201385666692e+00,0.000000000000000000e+00
1.998501201385666670e+00,0.000000000000000000e+00
1.998701201385666648e+00,0.000000000000000000e+00
1.998901201385666626e+00,0.000000000000000000e+00
1.999101201386600080e+00,0.000000000000000000e+00
1.999301201386600058e+00,0.000000000000000000e+00
1.999501201386600036e+00,0.000000000000000000e+00
1.999701201386600014e+00,0.000000000000000000e+00
1.999901201386606653e+00,0.000000000000000000e+00
2.000101201386655259e+00,0.000000000000000000e+00
