x,result_minus_fin2ual_plus_offset
0.19370064033333367,-0.033147500847967026
0.19390064033333365,-0.033199965275493876
0.19410064033333363,-0.03325253236997905
0.1943006403333336,-0.033305202369062925
0.19450064033333403,-0.033357975510823056
0.19470064033333312,-0.033410852033763414
0.1949006403333331,-0.03346383217680563
0.1951006403333324,-0.033516916179276324
0.1953006403333335,-0.033570104280898155
0.19550064033333237,-0.033623396721775764
0.1957006403333328,-0.03367679374238791
0.19590064033333365,-0.0337302955835723
0.19610064033333408,-0.03378390248651457
0.1963006403333336,-0.03383761469273598
0.19650064033333292,-0.03389143244408046
0.19670064033333357,-0.033945355982701576
0.196900640333332,-0.03399938555104722
0.19710064033333397,-0.034053521391849646
0.1973006403333324,-0.03410776374810529
0.1975006403333337,-0.03416211286306725
0.19770064033333323,-0.034216568980223815
0.19790064033333477,-0.034271132343288296
0.19810064033333297,-0.03432580319617881
0.19830064033333317,-0.03438058178300757
0.1985006403333336,-0.034435468348059675
0.19870064033333246,-0.034490463135778325
0.19890064033333288,-0.034545566390749065
0.1991006403333324,-0.03460077835767944
0.1993006403333335,-0.03465609928138399
0.1995006403333337,-0.03471152940676329
0.1997006403333339,-0.034767068978787584
0.19990064033333232,-0.0348227182424762
0.2001006403333334,-0.03487847744288045
0.20030064033333295,-0.03493434682505979
0.20050064033333315,-0.03499032663406562
0.20070064033333312,-0.03504641711491831
0.20090064033333221,-0.03510261851258675
0.20110064033333397,-0.035158931071968255
0.2013006403333335,-0.03521535503786298
0.20150064033333437,-0.035271890654956506
0.2017006403333328,-0.035328538167792585
0.20190064033333366,-0.035385297820754585
0.2021006403333332,-0.03544216985803697
0.20230064033333295,-0.03549915452362521
0.20250064033333315,-0.035556252061269535
0.2027006403333329,-0.035613462714460094
0.202900640333334,-0.03567078672640258
0.20310064033333353,-0.03572822433999051
0.2033006403333335,-0.035785775797781555
0.20350064033333326,-0.03584344134196886
0.2037006403333319,-0.035901221214354434
0.20390064033333366,-0.03595911565632311
0.20410064033333275,-0.03601712490881019
0.20430064033333273,-0.036075249212278324
0.2045006403333336,-0.03613348880668486
0.2047006403333349,-0.036191843931453305
0.2049006403333331,-0.03625031482544234
0.2051006403333333,-0.036308901726918995
0.2053006403333335,-0.0363676048735231
0.20550064033333304,-0.03642642450223811
0.2057006403333339,-0.03648536084935987
0.20590064033333277,-0.03654441415046147
0.20610064033333408,-0.03660358464036457
0.2063006403333334,-0.03666287255310078
0.2065006403333347,-0.03672227812188303
0.2067006403333329,-0.03678180157906577
0.2069006403333331,-0.03684144315611597
0.20710064033333309,-0.03690120308357224
0.20730064033333218,-0.03696108159101169
0.20750064033333304,-0.0370210789070139
0.2077006403333319,-0.037081195259120944
0.20790064033333455,-0.03714143087380472
0.20810064033333342,-0.03720178597642203
0.20830064033333473,-0.037262260791184124
0.20850064033333293,-0.03732285554110986
0.20870064033333358,-0.03738357044799313
0.2089006403333331,-0.03744440573235628
0.2091006403333331,-0.037505361613414084
0.2093006403333333,-0.037566438309030045
0.20950064033333282,-0.037627636035675094
0.20970064033333458,-0.03768895500838668
0.2099006403333341,-0.037750395440722395
0.2101006403333341,-0.03781195754472094
0.21030064033333296,-0.03787364153085476
0.2105006403333325,-0.037935447607987796
0.21070064033333313,-0.037997375983328883
0.2109006403333331,-0.03805942686238605
0.21110064033333287,-0.03812160044892147
0.21130064033333307,-0.03818389694490422
0.21150064033333438,-0.03824631655046285
0.2117006403333337,-0.038308859463836324
0.21190064033333322,-0.038371525881328514
0.2121006403333332,-0.0384343159972568
0.2123006403333323,-0.038497230003902705
0.2125006403333336,-0.038560268091463665
0.21270064033333247,-0.03862343044799839
0.2129006403333331,-0.03868671725938104
0.2131006403333331,-0.03875012870924419
0.21330064033333462,-0.03881366497893037
0.21350064033333327,-0.038877326247435215
0.2137006403333337,-0.03894111269135904
0.21390064033333345,-0.03900502448484758
0.2141006403333321,-0.039069061799540096
0.2143006403333334,-0.03913322480451501
0.2145006403333325,-0.03919751366622976
0.2147006403333338,-0.039261928548470305
0.21490064033333311,-0.03932646961228827
0.2151006403333342,-0.03939113701594874
0.21530064033333285,-0.03945593091486713
0.2155006403333335,-0.039520851461555574
0.2157006403333328,-0.03958589880555868
0.21590064033333278,-0.039651073093397646
0.2161006403333332,-0.03971637446850755
0.21630064033333207,-0.03978180307117639
0.21650064033333405,-0.03984735903848638
0.2167006403333338,-0.03991304250424632
0.216900640333334,-0.03997885359893469
0.2171006403333331,-0.0400447924496326
0.21730064033333396,-0.04011085917996248
0.2175006403333335,-0.0401770539100206
0.21770064033333325,-0.0402433767563152
0.21790064033333323,-0.04030982783169927
0.21810064033333298,-0.04037640724530463
0.21830064033333363,-0.04044311510247582
0.21850064033333383,-0.040509951504701894
0.21870064033333358,-0.04057691654954948
0.21890064033333312,-0.040644010330594366
0.21910064033333243,-0.04071123293735234
0.2193006403333333,-0.04077858445521047
0.21950064033333283,-0.04084606496535489
0.2197006403333326,-0.040913674544703287
0.21990064033333367,-0.04098141326583232
0.2201006403333341,-0.041049281196904965
0.22030064033333407,-0.04111727840160009
0.2205006403333334,-0.04118540493903904
0.22070064033333403,-0.04125366086371314
0.22090064033333312,-0.041322046225407603
0.22110064033333354,-0.04139056106913067
0.22130064033333263,-0.041459205435035305
0.22150064033333394,-0.04152797935834742
0.22170064033333303,-0.04159688286928544
0.22190064033333434,-0.041665915992989674
0.2221006403333332,-0.041735078749439096
0.2223006403333334,-0.041804371153380204
0.2225006403333334,-0.04187379321424426
0.22270064033333248,-0.041943344936070937
0.22290064033333357,-0.0420130263174307
0.2231006403333322,-0.04208283735134119
0.2233006403333342,-0.04215277802519388
0.22350064033333306,-0.042222848320665654
0.22370064033333392,-0.042293048213646406
0.223900640333333,-0.04236337767415064
0.22410064033333366,-0.042433836666241176
0.2243006403333334,-0.042504425147942566
0.22450064033333317,-0.04257514307116156
0.22470064033333337,-0.04264599038160275
0.2249006403333329,-0.0427169670186845
0.22510064033333377,-0.04278807291545674
0.22530064033333352,-0.04285930799851377
0.2255006403333335,-0.04293067218791241
0.2257006403333337,-0.043002165397084825
0.225900640333333,-0.04307378753275304
0.2261006403333332,-0.043145538494844295
0.22630064033333275,-0.0432174181764022
0.22650064033333317,-0.04328942646350238
0.2267006403333327,-0.043361563235162756
0.226900640333334,-0.04343382836325876
0.22710064033333355,-0.04350622171243155
0.2273006403333333,-0.04357874314000386
0.2275006403333335,-0.04365139249588859
0.2277006403333326,-0.04372416962249989
0.2279006403333339,-0.04379707435466597
0.22810064033333233,-0.04387010651953478
0.2283006403333332,-0.04394326593649063
0.2285006403333334,-0.044016552417057014
0.22870064033333448,-0.04408996576481074
0.22890064033333313,-0.04416350577528755
0.2291006403333331,-0.04423717223589508
0.22930064033333353,-0.04431096492581712
0.2295006403333324,-0.044384883615923236
0.2297006403333337,-0.04445892806867909
0.22990064033333235,-0.04453309803804869
0.2301006403333341,-0.044607393269409275
0.23030064033333275,-0.04468181349945002
0.23050064033333384,-0.04475635845608786
0.23070064033333315,-0.04483102785836618
0.2309006403333338,-0.04490582141636798
0.2311006403333331,-0.044980738831117174
0.23130064033333309,-0.04505577979448886
0.23150064033333284,-0.04513094398911255
0.23170064033333193,-0.04520623108827918
0.2319006403333339,-0.045281640755848326
0.23210064033333344,-0.04535717264614898
0.23230064033333364,-0.04543282640389156
0.23250064033333384,-0.04550860166406856
0.23270064033333404,-0.04558449805186174
0.23290064033333358,-0.04566051518254657
0.2331006403333331,-0.045736652661398404
0.2333006403333331,-0.04581291008359667
0.23350064033333306,-0.04588928703412978
0.2337006403333337,-0.045965783087700926
0.2339006403333337,-0.04604239780863163
0.23410064033333366,-0.04611913075076835
0.2343006403333341,-0.04619598145738666
0.23450064033333273,-0.04627294946109503
0.23470064033333338,-0.04635003428374327
0.2349006403333329,-0.046427235436322614
0.2351006403333331,-0.04650455241887536
0.2353006403333333,-0.046581984720396985
0.2355006403333335,-0.04665953181874285
0.2357006403333337,-0.046737193180533036
0.23590064033333302,-0.04681496826105763
0.23610064033333433,-0.04689285650418392
0.23630064033333298,-0.04697085734225782
0.2365006403333345,-0.04704897019601665
0.23670064033333316,-0.04712719447448662
0.23690064033333358,-0.04720552957489786
0.23710064033333356,-0.047283974882583624
0.23730064033333376,-0.04736252977089121
0.2375006403333335,-0.047441193601086826
0.23770064033333327,-0.047519965722263864
0.2379006403333337,-0.047598845471249894
0.23810064033333256,-0.04767783217251308
0.2383006403333332,-0.047756925138073385
0.2385006403333323,-0.04783612366740627
0.23870064033333382,-0.04791542704735659
0.23890064033333291,-0.04799483455204123
0.23910064033333356,-0.048074345442765544
0.2393006403333331,-0.04815395896792663
0.23950064033333351,-0.048233674362928206
0.2397006403333335,-0.04831349085008786
0.23990064033333325,-0.04839340763854982
0.240100640333333,-0.04847342392419585
0.24030064033333232,-0.04855353888955687
0.2405006403333334,-0.04863375170372649
0.2407006403333336,-0.048714061522271014
0.2409006403333338,-0.048794467487146144
0.241100640333334,-0.04887496872660904
0.2413006403333331,-0.04895556435513283
0.2415006403333333,-0.049036253473323355
0.24170064033333305,-0.049117035167832016
0.2419006403333328,-0.04919790851127435
0.242100640333333,-0.04927887256214625
0.24230064033333365,-0.04935992636474104
0.24250064033333407,-0.04944106894906797
0.2427006403333336,-0.049522299330771215
0.2429006403333338,-0.04960361651105049
0.2431006403333329,-0.04968501947657912
0.24330064033333398,-0.04976650719942843
0.24350064033333307,-0.04984807863698504
0.24370064033333239,-0.049929732731878736
0.2439006403333337,-0.05001146841190321
0.24410064033333434,-0.05009328458993901
0.24430064033333343,-0.05017518016388106
0.24450064033333319,-0.05025715401656544
0.24470064033333405,-0.05033920501569407
0.24490064033333248,-0.05042133201376203
0.24510064033333312,-0.05050353384799112
0.24530064033333288,-0.05058580934025304
0.24550064033333352,-0.05066815729700561
0.24570064033333283,-0.050750576509220574
0.24590064033333392,-0.050833065752320286
0.24610064033333323,-0.05091562378610677
0.2463006403333341,-0.05099824935470175
0.2465006403333332,-0.05108094118647753
0.24670064033333317,-0.051163697993998905
0.24690064033333337,-0.0512465184739576
0.24710064033333246,-0.05132940130711284
0.24730064033333377,-0.05141234515823388
0.24750064033333352,-0.051495348676037014
0.24770064033333328,-0.051578410493133525
0.24790064033333392,-0.051661529225971496
0.24810064033333368,-0.051744703474780225
0.24830064033333343,-0.05182793182351934
0.2485006403333334,-0.051911212839825346
0.2487006403333336,-0.05199454507496122
0.24890064033333337,-0.05207792706376675
0.24910064033333357,-0.0521613573246118
0.2493006403333342,-0.05224483435934851
0.24950064033333352,-0.05232835665326609
0.2497006403333335,-0.05241192267504913
0.2499006403333328,-0.05249553087673273
0.2501006403333337,-0.05257917969366456
0.25030064033333277,-0.05266286754446179
0.25050064033333275,-0.05274659283097839
0.2507006403333336,-0.052830353938265295
0.25090064033333337,-0.052914149234536134
0.2511006403333331,-0.05299797707113647
0.2513006403333331,-0.053081835782510994
0.2515006403333335,-0.05316572368617399
0.2517006403333326,-0.053249639082680655
0.2519006403333337,-0.053333580255603856
0.252100640333333,-0.053417545471504395
0.2523006403333332,-0.053501532979913766
0.2525006403333341,-0.05358554101330944
0.2527006403333336,-0.05366956778709586
0.2529006403333338,-0.05375361149958946
0.2531006403333329,-0.05383767033200006
0.253300640333334,-0.05392174244842025
0.25350064033333264,-0.054005825995808776
0.2537006403333335,-0.05408991910398746
0.2539006403333326,-0.05417401988562548
0.2541006403333337,-0.05425812643624054
0.25430064033333366,-0.054342236834188345
0.2545006403333332,-0.05442634914066528
0.2547006403333334,-0.05451046139970658
0.25490064033333315,-0.054594571638187483
0.25510064033333335,-0.05467867786582892
0.2553006403333331,-0.054762778075202176
0.2555006403333331,-0.05484687024173836
0.2557006403333324,-0.05493095232373768
0.2559006403333337,-0.05501502226238408
0.2561006403333339,-0.055099077981756034
0.25630064033333344,-0.055183117388847555
0.25650064033333364,-0.055267138373586065
0.2567006403333334,-0.055351138808852604
0.2569006403333334,-0.05543511655050725
0.2571006403333336,-0.055519069437414095
0.2573006403333329,-0.055602995291469434
0.2575006403333331,-0.055686891917634186
0.2577006403333333,-0.05577075710396456
0.25790064033333393,-0.05585458862164917
0.25810064033333324,-0.05593838422504534
0.25830064033333433,-0.056022141651722646
0.2585006403333323,-0.0561058586224999
0.25870064033333384,-0.0561895328414989
0.25890064033333293,-0.05627316199618182
0.259100640333332,-0.0563567437574103
0.2593006403333338,-0.056440275779495036
0.259500640333334,-0.05652375570024783
0.2597006403333342,-0.05660718114104521
0.25990064033333327,-0.056690549706885175
0.2601006403333339,-0.056773858986453166
0.26030064033333256,-0.056857106552183824
0.2605006403333341,-0.056940289960335566
0.2607006403333332,-0.057023406751054086
0.26090064033333316,-0.057106454448453955
0.26110064033333336,-0.05718943056069034
0.2613006403333331,-0.05727233258003973
0.26150064033333376,-0.057355157982983226
0.2617006403333335,-0.057437904230289466
0.26190064033333327,-0.0575205687671044
0.2621006403333328,-0.05760314902304095
0.2623006403333332,-0.0576856424122731
0.2625006403333323,-0.0577680463336305
0.2627006403333334,-0.05785035817070136
0.2629006403333336,-0.057932575291929876
0.26310064033333336,-0.058014695050725144
0.263300640333334,-0.05809671478556832
0.26350064033333376,-0.058178631820121895
0.2637006403333335,-0.05826044346334638
0.2639006403333335,-0.05834214700961547
0.2641006403333337,-0.05842373973883675
0.26430064033333345,-0.05850521891657437
0.2645006403333332,-0.05858658179417585
0.26470064033333385,-0.05866782560890122
0.26490064033333316,-0.05874894758405394
0.2651006403333338,-0.05882994492911918
0.2653006403333331,-0.05891081483989863
0.2655006403333331,-0.0589915544986561
0.2657006403333333,-0.05907216107425944
0.2659006403333326,-0.05915263172232933
0.2661006403333337,-0.05923296358539225
0.26630064033333345,-0.059313153793031155
0.2665006403333332,-0.05939319946204705
0.26670064033333274,-0.05947309769661745
0.26690064033333405,-0.05955284558846227
0.2671006403333327,-0.059632440217007344
0.2673006403333338,-0.05971187864956173
0.2675006403333331,-0.05979115794148407
0.26770064033333285,-0.059870275136366
0.2679006403333335,-0.05994922726620951
0.26810064033333325,-0.06002801135161073
0.2683006403333339,-0.06010662440194932
0.268500640333333,-0.06018506341557589
0.2687006403333341,-0.06026332538001017
0.2689006403333325,-0.06034140727213259
0.2691006403333336,-0.06041930605839223
0.2693006403333329,-0.06049701869500286
0.2695006403333329,-0.06057454212815745
0.2697006403333335,-0.06065187329423489
0.2699006403333333,-0.0607290091200152
0.2701006403333337,-0.060805946522898655
0.2703006403333337,-0.06088268241112504
0.27050064033333343,-0.06095921368399983
0.27070064033333363,-0.06103553723212178
0.27090064033333316,-0.06111164993761387
0.27110064033333203,-0.06118754867435955
0.2713006403333329,-0.061263230308241504
0.271500640333334,-0.061338691697381424
0.2717006403333331,-0.06141392969238684
0.2719006403333333,-0.0614889411366024
0.2721006403333337,-0.061563722866358736
0.272300640333333,-0.06163827171123022
0.27250064033333343,-0.061712584494295675
0.2727006403333323,-0.061786658032398495
0.2729006403333336,-0.06186048913641752
0.2731006403333325,-0.06193407461153152
0.273300640333334,-0.06200741125749969
0.2735006403333329,-0.06208049586893143
0.27370064033333397,-0.062153325235574666
0.2739006403333326,-0.06222589614259287
0.2741006403333337,-0.06229820537086
0.2743006403333337,-0.06237024969724522
0.2745006403333321,-0.06244202589491184
0.2747006403333334,-0.06251353073361676
0.27490064033333317,-0.06258476098000719
0.2751006403333338,-0.06265571339793208
0.2753006403333331,-0.06272638474874682
0.2755006403333342,-0.06279677179162964
0.2757006403333335,-0.06286687128389326
0.2759006403333335,-0.06293667998130939
0.27610064033333326,-0.06300619463842819
0.2763006403333328,-0.0630754120089067
0.276500640333333,-0.06314432884583937
0.2767006403333334,-0.06321294190209042
0.27690064033333406,-0.06328124793063228
0.2771006403333336,-0.06334924368488543
0.2773006403333331,-0.06341692591906416
0.27750064033333355,-0.0634842913885233
0.2777006403333333,-0.06355133685010877
0.2779006403333324,-0.06361805906251368
0.27810064033333326,-0.0636844547866367
0.2783006403333337,-0.06375052078594154
0.27850064033333344,-0.06381625382682406
0.27870064033333364,-0.06388165067898079
0.27890064033333406,-0.06394670811577996
0.2791006403333336,-0.06401142291463698
0.27930064033333424,-0.06407579185739457
0.2795006403333331,-0.06413981173070255
0.2797006403333331,-0.06420347932640663
0.27990064033333284,-0.06426679144193426
0.2801006403333337,-0.06432974488068931
0.2803006403333337,-0.06439233645244549
0.2805006403333341,-0.06445456297374787
0.28070064033333364,-0.06451642126831297
0.28090064033333295,-0.06457790816743599
0.28110064033333315,-0.06463902051039937
0.28130064033333224,-0.06469975514488342
0.2815006403333331,-0.06476010892738468
0.28170064033333353,-0.06482007872363132
0.2819006403333335,-0.06487966140900717
0.28210064033333304,-0.06493885386897619
0.2823006403333337,-0.06499765299951119
0.2825006403333332,-0.06505605570752362
0.2827006403333334,-0.06511405891130037
0.28290064033333273,-0.0651716595409393
0.2831006403333325,-0.0652288545387918
0.28330064033333313,-0.06528564085990554
0.2835006403333338,-0.06534201547247097
0.283700640333334,-0.06539797535827215
0.2839006403333335,-0.06545351751313919
0.2841006403333337,-0.06550863894740458
0.284300640333333,-0.06556333668636088
0.28450064033333367,-0.0656176077707243
0.2847006403333323,-0.06567144925709656
0.28490064033333273,-0.06572485821843604
0.2851006403333334,-0.06577783174452476
0.2853006403333336,-0.0658303669424431
0.2855006403333331,-0.06588246093704593
0.285700640333334,-0.06593411087144149
0.28590064033333307,-0.06598531390747112
0.2861006403333335,-0.06603606722619612
0.286300640333333,-0.06608636802838197
0.2865006403333319,-0.06613621353498955
0.286700640333333,-0.06618560098766713
0.28690064033333407,-0.06623452764924334
0.2871006403333334,-0.06628299080422564
0.2873006403333336,-0.06633098775930088
0.2875006403333342,-0.06637851584383575
0.28770064033333287,-0.0664255724103816
0.2879006403333335,-0.06647215483518334
0.2881006403333326,-0.06651826051868572
0.28830064033333325,-0.06656388688604827
0.288500640333333,-0.06660903138765624
0.2887006403333341,-0.06665369149963946
0.28890064033333296,-0.0666978647243884
0.28910064033333405,-0.06674154859107767
0.2893006403333329,-0.06678474065618528
0.2895006403333331,-0.06682743850402104
0.2897006403333331,-0.06686963974725078
0.2899006403333324,-0.06691134202742649
0.29010064033333305,-0.06695254301551762
0.2903006403333337,-0.0669932404124426
0.29050064033333345,-0.06703343194960446
0.2907006403333332,-0.06707311538942758
0.29090064033333385,-0.0671122885258958
0.29110064033333316,-0.06715094918509189
0.2913006403333338,-0.06718909522574087
0.2915006403333331,-0.06722672453975168
0.2917006403333329,-0.067263835052764
0.2919006403333333,-0.06730042472469405
0.29210064033333394,-0.06733649155028273
0.2923006403333337,-0.06737203355964548
0.2925006403333339,-0.0674070488188239
0.2927006403333332,-0.06744153543033733
0.2929006403333332,-0.06747549153373765
0.2931006403333334,-0.06750891530616357
0.2933006403333325,-0.06754180496289716
0.2935006403333331,-0.06757415875792215
0.29370064033333354,-0.06760597498448123
0.2939006403333331,-0.06763725197563658
0.2941006403333335,-0.06766798810483085
0.2943006403333339,-0.06769818178644811
0.294500640333333,-0.06772783147637679
0.29470064033333365,-0.06775693567257376
0.2949006403333332,-0.06778549291562719
0.29510064033333294,-0.06781350178932313
0.29530064033333314,-0.06784096092121025
0.29550064033333356,-0.06786786898316634
0.29570064033333354,-0.06789422469196545
0.29590064033333396,-0.06792002680984527
0.2961006403333335,-0.06794527414507494
0.2963006403333328,-0.06796996555252352
0.2965006403333337,-0.0679940999342289
0.296700640333333,-0.0680176762399657
0.29690064033333274,-0.06804069346781588
0.2971006403333334,-0.06806315066473732
0.2973006403333336,-0.06808504692713307
0.2975006403333331,-0.06810638140142135
0.297700640333334,-0.06812715328460514
0.2979006403333331,-0.06814736182484069
0.2981006403333333,-0.06816700632200823
0.2983006403333337,-0.06818608612827962
0.2985006403333319,-0.06820460064868776
0.2987006403333332,-0.06822254934169578
0.2989006403333341,-0.06823993171976374
0.2991006403333336,-0.06825674734991702
0.29930064033333337,-0.06827299585431379
0.2995006403333338,-0.06828867691081074
0.2997006403333331,-0.06830379025352917
0.2999006403333335,-0.06831833567342085
0.3001006403333326,-0.06833231301883105
0.30030064033333304,-0.06834572219606339
0.3005006403333328,-0.06835856316994149
0.30070064033333366,-0.06837083596437091
0.3009006403333332,-0.06838254066289971
0.30110064033333384,-0.06839367740927788
0.3013006403333329,-0.06840424640801533
0.30150064033333357,-0.06841424792493934
0.30170064033333355,-0.06842368228774953
0.3019006403333322,-0.0684325498865726
0.30210064033333306,-0.0684408511745151
0.3023006403333337,-0.06844858666821409
0.30250064033333324,-0.06845575694838743
0.3027006403333341,-0.06846236266038135
0.3029006403333341,-0.06846840451471664
0.30310064033333317,-0.0684738832876331
0.3033006403333338,-0.06847879982163199
0.30350064033333357,-0.06848315502601637
0.3037006403333329,-0.06848694987742976
0.30390064033333286,-0.06849018542039233
0.30410064033333395,-0.06849286276783514
0.3043006403333337,-0.06849498310163193
0.3045006403333339,-0.06849654767312889
0.3047006403333332,-0.06849755780367159
0.304900640333333,-0.0684980148851298
0.30510064033333384,-0.06849792038041966
0.3053006403333325,-0.06849727582402317
0.3055006403333329,-0.06849608282250486
0.3057006403333331,-0.0684943430550261
0.30590064033333353,-0.06849205827385613
0.3061006403333335,-0.06848923030488036
0.30630064033333393,-0.06848586104810572
0.306500640333333,-0.06848195247816288
0.3067006403333341,-0.06847750664480518
0.30690064033333364,-0.06847252567340478
0.3071006403333332,-0.06846701176544491
0.30730064033333293,-0.06846096719900924
0.307500640333334,-0.06845439432926759
0.30770064033333355,-0.06844729558895829
0.30790064033333375,-0.06843967348886651
0.3081006403333333,-0.06843153061829968
0.3083006403333328,-0.06842286964555816
0.3085006403333337,-0.06841369331840319
0.3087006403333328,-0.06840400446452019
0.308900640333333,-0.06839380599197806
0.3091006403333334,-0.06838310088968506
0.3093006403333334,-0.06837189222784004
0.30950064033333313,-0.06836018315837951
0.3097006403333338,-0.06834797691542063
0.30990064033333264,-0.06833527681570001
0.3101006403333335,-0.06832208625900713
0.31030064033333327,-0.06830840872861497
0.3105006403333326,-0.06829424779170437
0.310700640333333,-0.0682796070997845
0.3109006403333341,-0.06826449038910884
0.3111006403333336,-0.06824890148108616
0.3113006403333336,-0.06823284428268589
0.3115006403333336,-0.06821632278683995
0.3117006403333329,-0.06819934107283848
0.31190064033333376,-0.06818190330672055
0.31210064033333307,-0.06816401374166073
0.31230064033333305,-0.06814567671834862
0.312500640333333,-0.06812689666536491
0.31270064033333367,-0.0681076780995508
0.3129006403333334,-0.06808802562637267
0.31310064033333385,-0.06806794394028046
0.31330064033333294,-0.06804743782506156
0.3135006403333336,-0.06802651215418748
0.31370064033333356,-0.06800517189115668
0.313900640333332,-0.06798342208982984
0.31410064033333307,-0.06796126789475955
0.31430064033333394,-0.06793871454151582
0.3145006403333337,-0.06791576735700282
0.31470064033333367,-0.06789243175977122
0.3149006403333341,-0.067868713260324
0.31510064033333296,-0.0678446174614162
0.3153006403333338,-0.06782015005834714
0.31550064033333314,-0.06779531683924878
0.3157006403333331,-0.0677701236853644
0.3159006403333324,-0.06774457657132354
0.3161006403333335,-0.06771868156540826
0.31630064033333305,-0.06769244482981493
0.3165006403333337,-0.06766587262090637
0.316700640333333,-0.06763897128946039
0.3169006403333332,-0.06761174728090845
0.3171006403333334,-0.06758420713557
0.3173006403333325,-0.06755635748887819
0.3175006403333329,-0.06752820507159828
0.3177006403333331,-0.06749975671004085
0.31790064033333354,-0.06747101932626562
0.3181006403333335,-0.06744199993827926
0.31830064033333416,-0.06741270566022542
0.31850064033333325,-0.06738314370256773
0.3187006403333339,-0.06735332137226432
0.31890064033333365,-0.067323246072937
0.31910064033333274,-0.06729292530503025
0.3193006403333327,-0.06726236666596394
0.31950064033333403,-0.06723157785027865
0.3197006403333338,-0.06720056664977309
0.31990064033333376,-0.06716934095363222
0.3201006403333333,-0.06713790874854957
0.3203006403333333,-0.06710627811884029
0.3205006403333337,-0.06707445724654695
0.32070064033333234,-0.06704245441153722
0.320900640333333,-0.0670102779915917
0.32110064033333297,-0.06697793646248737
0.3213006403333334,-0.06694543839806866
0.32150064033333337,-0.06691279247031315
0.321700640333334,-0.06688000744938732
0.3219006403333329,-0.06684709220369542
0.3221006403333335,-0.0668140556999173
0.3223006403333333,-0.06678090700304169
0.32250064033333303,-0.06674765527638701
0.322700640333333,-0.06671430978161612
0.32290064033333366,-0.06668087987874136
0.3231006403333341,-0.06664737502612164
0.32330064033333383,-0.06661380478044987
0.3235006403333338,-0.06658017879673223
0.3237006403333331,-0.0665465068282587
0.3239006403333331,-0.0665127987265642
0.3241006403333331,-0.06647906444138152
0.32430064033333283,-0.0664453140205849
0.32450064033333326,-0.06641155761012425
0.3247006403333337,-0.0663778054539513
0.324900640333333,-0.06634406789393596
0.3251006403333341,-0.06631035536977284
0.32530064033333317,-0.06627667841888157
0.32550064033333337,-0.06624304767629313
0.32570064033333357,-0.06620947387453197
0.3259006403333322,-0.06617596784348564
0.32610064033333286,-0.06614254051026522
0.3263006403333335,-0.06610920289905907
0.3265006403333337,-0.06607596613097405
0.3267006403333337,-0.06604284142386883
0.32690064033333366,-0.06600984009217786
0.32710064033333275,-0.06597697354672559
0.3273006403333334,-0.06594425329453052
0.3275006403333327,-0.06591169093860183
0.3277006403333331,-0.06587929817772353
0.3279006403333329,-0.06584708680623164
0.32810064033333397,-0.06581506871377973
0.3283006403333333,-0.06578325588509701
0.3285006403333339,-0.06575166039973382
0.32870064033333257,-0.06572029443180107
0.32890064033333366,-0.0656891702496957
0.3291006403333334,-0.0656583002158215
0.3293006403333325,-0.06562769678629536
0.32950064033333293,-0.06559737251064628
0.32970064033333357,-0.06556734003150486
0.32990064033333355,-0.06553761208428198
0.33010064033333375,-0.06550820149683753
0.33030064033333395,-0.06547912118914034
0.33050064033333304,-0.06545038417291768
0.3307006403333339,-0.06542200355129424
0.3309006403333332,-0.06539399251842334
0.331100640333333,-0.06536636435910537
0.33130064033333273,-0.06533913244839894
0.3315006403333345,-0.06531231025122022
0.33170064033333335,-0.0652859113219348
0.331900640333334,-0.06525994930393557
0.33210064033333264,-0.06523443792921585
0.3323006403333335,-0.06520939101792757
0.3325006403333337,-0.06518482247793417
0.33270064033333235,-0.06516074630434998
0.3329006403333332,-0.06513717657907078
0.3331006403333332,-0.06511412747029632
0.3333006403333336,-0.06509161323203971
0.3335006403333336,-0.06506964820362951
0.333700640333334,-0.06504824680920054
0.3339006403333329,-0.06502742355717556
0.3341006403333342,-0.06500719303973587
0.3343006403333335,-0.06498756993228447
0.33450064033333304,-0.06496856899289608
0.334700640333333,-0.06495020506175989
0.3349006403333341,-0.0649324930606114
0.3351006403333341,-0.06491544799215482
0.3353006403333336,-0.06489908493947483
0.3355006403333334,-0.06488341906543964
0.33570064033333313,-0.06486846561209356
0.33590064033333356,-0.06485423990003991
0.33610064033333265,-0.06484075732781472
0.33630064033333307,-0.06482803337124954
0.33650064033333327,-0.06481608358282584
0.3367006403333337,-0.06480492359101891
0.3369006403333332,-0.06479456909963237
0.3371006403333341,-0.06478503588712288
0.33730064033333274,-0.06477633980591568
0.3375006403333336,-0.0647684967817097
0.3377006403333336,-0.06476152281277442
0.3379006403333329,-0.06475543396923569
0.33810064033333265,-0.06475024639235333
0.3383006403333335,-0.06474597629378848
0.3385006403333335,-0.06474263995486203
0.3387006403333337,-0.06474025372580314
0.33890064033333345,-0.06473883402498914
0.339100640333333,-0.06473839733817516
0.33930064033333385,-0.06473896021771547
0.33950064033333294,-0.06474053928177474
0.3397006403333327,-0.06474315121353094
0.3399006403333331,-0.06474681276036806
0.34010064033333376,-0.06475154073306082
0.3403006403333335,-0.06475735200494948
0.3405006403333335,-0.06476426351110606
0.340700640333333,-0.06477229224749147
0.34090064033333345,-0.06478145527010366
0.34110064033333365,-0.064791769694117
0.3413006403333321,-0.06480325269301271
0.3415006403333327,-0.064815921497701
0.3417006403333338,-0.06482979339563354
0.34190064033333356,-0.06484488572990788
0.34210064033333354,-0.06486121589836374
0.34230064033333396,-0.06487880135266995
0.34250064033333305,-0.06489765959740254
0.3427006403333339,-0.06491780818911652
0.342900640333333,-0.06493926473540576
0.343100640333333,-0.06496204689395868
0.3433006403333323,-0.06498617237160198
0.34350064033333383,-0.06501165892333904
0.34370064033333336,-0.06503852435137755
0.34390064033333356,-0.06506678650415208
0.3441006403333329,-0.06509646327533594
0.3443006403333333,-0.06512757260284713
0.3445006403333335,-0.06516013246784459
0.34470064033333236,-0.06519416089371835
0.3449006403333328,-0.06522967594507172
0.3451006403333332,-0.06526669572669419
0.3453006403333341,-0.065305238382529
0.3455006403333336,-0.06534532209463138
0.3457006403333338,-0.06538696508212158
0.3459006403333331,-0.06543018560012766
0.346100640333334,-0.06547500193872399
0.3463006403333335,-0.06552143242185957
0.34650064033333283,-0.06556949540628232
0.3467006403333326,-0.06561920928045462
0.3469006403333339,-0.06567059246346171
0.34710064033333365,-0.06572366340391317
0.3473006403333341,-0.0657784405788401
0.34750064033333317,-0.06583494249258157
0.34770064033333337,-0.06589318767566885
0.3479006403333338,-0.06595319468369887
0.34810064033333243,-0.06601498209620382
0.3483006403333331,-0.06607856851551605
0.34850064033333306,-0.06614397256562084
0.3487006403333337,-0.06621121289101015
0.3489006403333337,-0.06628030815552483
0.34910064033333366,-0.0663512770411944
0.34930064033333297,-0.06642413824706858
0.34950064033333383,-0.06649891048804582
0.3497006403333336,-0.06657561249369089
0.3499006403333329,-0.06665426300705421
0.3501006403333329,-0.06673488078348033
0.3503006403333335,-0.06681748458941228
0.3505006403333335,-0.06690209320119059
0.3507006403333337,-0.06698872540384923
0.3509006403333337,-0.0670773999899031
0.3511006403333332,-0.06716813575813288
0.35130064033333364,-0.06726095151236508
0.35150064033333295,-0.0673558660602441
0.3517006403333327,-0.06745289821200559
0.3519006403333331,-0.06755206677923914
0.35210064033333377,-0.06765339057364965
0.3523006403333333,-0.06775688840581355
0.3525006403333335,-0.06786257908393346
0.35270064033333304,-0.06797048141258263
0.3529006403333337,-0.06808061419145264
0.35310064033333344,-0.06819299621408992
0.3533006403333323,-0.068307646266635
0.35350064033333295,-0.06842458312655592
0.3537006403333338,-0.06854382556137353
0.35390064033333357,-0.06866539232738918
0.3541006403333331,-0.06878930216840869
0.3543006403333335,-0.06891557381446001
0.35450064033333306,-0.06904422598050729
0.3547006403333337,-0.0691752773651679
0.3549006403333328,-0.0693087466494171
0.355100640333333,-0.06944465249530167
0.35530064033333275,-0.06958301354463833
0.35550064033333406,-0.06972384841772078
0.3557006403333334,-0.06986717571201308
0.3559006403333336,-0.07001301400085529
0.3561006403333329,-0.07016138183215039
0.35630064033333353,-0.07031229772706399
0.3565006403333335,-0.0704657801787088
0.35670064033333215,-0.0706218476508381
0.356900640333333,-0.07078051857653533
0.35710064033333366,-0.07094181135689201
0.35730064033333364,-0.07110574435969841
0.35750064033333384,-0.07127233591812572
0.3577006403333338,-0.07144160432940577
0.35790064033333335,-0.07161356785351286
0.358100640333334,-0.07178824471184467
0.3583006403333331,-0.07196565308589571
0.3585006403333326,-0.07214581111594298
0.3587006403333326,-0.07232873689971743
0.3589006403333339,-0.07251444849108352
0.35910064033333344,-0.0727029638987105
0.3593006403333341,-0.07289430108475821
0.35950064033333273,-0.07308847796354179
0.35970064033333315,-0.07328551240021965
0.3599006403333338,-0.0734854222094578
0.3601006403333329,-0.07368822515411112
0.3603006403333331,-0.07389393894390414
0.3605006403333333,-0.07410258123410043
0.36070064033333393,-0.07431416962418522
0.3609006403333337,-0.0745287216565403
0.3611006403333341,-0.07474625481512809
0.3613006403333332,-0.07496678652416493
0.3615006403333345,-0.07519033414681209
0.3617006403333336,-0.07541691498384322
0.36190064033333313,-0.07564654627234495
0.3621006403333329,-0.07587924518439057
0.362300640333334,-0.07611502882573203
0.3625006403333335,-0.07635391423448139
0.3627006403333335,-0.07659591837981221
0.362900640333333,-0.07684105816064177
0.363100640333333,-0.07708935040433175
0.3633006403333341,-0.07734081186538141
0.36350064033333296,-0.0775954592241218
0.36370064033333294,-0.07785330908543053
0.3639006403333329,-0.07811437797742068
0.36410064033333356,-0.07837868235015615
0.3643006403333331,-0.07864623857435388
0.3645006403333335,-0.07891706294010525
0.3647006403333326,-0.07919117165557972
0.3649006403333337,-0.07946858084575646
0.36510064033333345,-0.07974930655112897
0.36530064033333276,-0.08003336472644494
0.36550064033333274,-0.0803207712394289
0.3657006403333338,-0.08061154186951304
0.365900640333334,-0.08090569230657013
0.3661006403333338,-0.08120323814965993
0.36630064033333354,-0.08150419490576953
0.36650064033333307,-0.08180857798855927
0.36670064033333394,-0.08211640271711859
0.3669006403333328,-0.08242768431471173
0.36710064033333256,-0.08274243790755544
0.367300640333333,-0.08306067852356899
0.36750064033333407,-0.08338242109114968
0.3677006403333336,-0.08370768043794276
0.3679006403333338,-0.08403647128963174
0.3681006403333329,-0.08436880826870863
0.36830064033333354,-0.08470470589327758
0.3685006403333335,-0.08504417857583357
0.36870064033333216,-0.08538724062207292
0.3689006403333326,-0.08573390622970287
0.3691006403333337,-0.08608418948723812
0.36930064033333365,-0.08643810437282375
0.3695006403333332,-0.08679566475306243
0.36970064033333383,-0.08715688438183988
0.36990064033333314,-0.08752177689915032
0.37010064033333356,-0.08789035582995203
0.3703006403333331,-0.08826263458299662
0.37050064033333285,-0.08863862644969545
0.3707006403333324,-0.08901834460296942
0.3709006403333339,-0.08940180209612247
0.37110064033333323,-0.0897890118616956
0.37130064033333365,-0.09017998671037213
0.3715006403333332,-0.09057473932983795
0.3717006403333334,-0.09097328228369092
0.3719006403333336,-0.09137562801032803
0.37210064033333246,-0.09178178882185492
0.3723006403333329,-0.09219177690300792
0.3725006403333331,-0.09260560431005699
0.37270064033333394,-0.09302328296974785
0.3729006403333337,-0.09344482467822586
0.3731006403333339,-0.09387024109999084
0.3733006403333332,-0.09429954376683414
0.37350064033333363,-0.0947327440768092
0.37370064033333383,-0.09516985329318282
0.3739006403333329,-0.09561088254341582
0.3741006403333329,-0.0960558428181504
0.3743006403333342,-0.09650474497018811
0.3745006403333335,-0.09695759971348318
0.37470064033333395,-0.09741441762216935
0.37490064033333326,-0.09787520912954764
0.37510064033333324,-0.09833998452712896
0.37530064033333366,-0.09880875396365006
0.3755006403333323,-0.09928152744411203
0.37570064033333317,-0.09975831482884734
0.3759006403333329,-0.10023912583254194
0.37610064033333357,-0.10072397002333085
0.37630064033333355,-0.10121285682184905
0.37650064033333397,-0.10170579550032834
0.37670064033333284,-0.10220279518167391
0.3769006403333339,-0.10270386483858548
0.3771006403333337,-0.10320901329263332
0.377300640333333,-0.10371824921340496
0.37750064033333297,-0.10423158111762146
0.37770064033333384,-0.10474901736826948
0.3779006403333336,-0.10527056617374378
0.3781006403333338,-0.10579623558701548
0.37830064033333355,-0.10632603350478004
0.3785006403333331,-0.10685996766663991
0.3787006403333335,-0.10739804565428576
0.3789006403333328,-0.10794027489067756
0.3791006403333328,-0.10848666263926429
0.3793006403333332,-0.10903721600317968
0.3795006403333341,-0.10959194192446785
0.3797006403333334,-0.11015084718330766
0.3799006403333336,-0.11071393839727048
0.3801006403333329,-0.11128122202054525
0.3803006403333331,-0.11185270434321973
0.3805006403333331,-0.11242839149053137
0.3807006403333324,-0.1130082894221561
0.3809006403333328,-0.11359240393150202
0.3811006403333337,-0.1141807406449946
0.3813006403333341,-0.11477330502139137
0.38150064033333364,-0.1153701023511027
0.3817006403333336,-0.11597113775552502
0.38190064033333315,-0.11657641618636633
0.3821006403333336,-0.1171859424250095
0.3823006403333329,-0.11779972108185381
0.38250064033333264,-0.11841775659570425
0.38270064033333284,-0.11904005323313577
0.38290064033333415,-0.11966661508788935
0.38310064033333324,-0.12029744608025524
0.3833006403333341,-0.12093254995651988
0.383500640333333,-0.12157193028833696
0.3837006403333336,-0.12221559047220568
0.3839006403333336,-0.12286353372886717
0.384100640333332,-0.12351576310278023
0.3843006403333329,-0.12417228146159145
0.3845006403333333,-0.12483309149556869
0.3847006403333335,-0.12549819571711412
0.3849006403333337,-0.12616759646024478
0.3851006403333337,-0.12684129588009357
0.38530064033333344,-0.12751929595242217
0.3855006403333341,-0.12820159847314627
0.3857006403333332,-0.12888820505785187
0.38590064033333293,-0.1295791171413651
0.38610064033333247,-0.13027433597727844
0.3863006403333338,-0.1309738626375344
0.3865006403333331,-0.1316776980119675
0.38670064033333396,-0.13238584280793383
0.38690064033333305,-0.13309829754985336
0.38710064033333325,-0.1338150625788606
0.38730064033333367,-0.1345361380523825
0.3875006403333323,-0.1352615239437704
0.38770064033333296,-0.1359912200419596
0.3879006403333334,-0.13672522595107034
0.3881006403333338,-0.13746354109009168
0.3883006403333331,-0.1382061646925316
0.388500640333334,-0.13895309580611068
0.3887006403333335,-0.13970433329240933
0.38890064033333416,-0.14045987582660377
0.3891006403333337,-0.14121972189713122
0.389300640333333,-0.14198386980543232
0.389500640333333,-0.14275231766566343
0.38970064033333385,-0.1435250634044272
0.3899006403333336,-0.144302104760508
0.3901006403333338,-0.14508343928464812
0.39030064033333356,-0.1458690643392862
0.3905006403333331,-0.14665897709834264
0.3907006403333335,-0.14745317454700066
0.3909006403333326,-0.14825165348148045
0.39110064033333325,-0.14905441050887233
0.391300640333333,-0.14986144204690638
0.3915006403333332,-0.15067274432380687
0.3917006403333334,-0.15148831337809956
0.3919006403333338,-0.1523081450584588
0.39210064033333314,-0.1531322350235461
0.3923006403333338,-0.15396057874188804
0.39250064033333354,-0.15479317149170735
0.39270064033333285,-0.15563000836082738
0.39290064033333283,-0.1564710842465474
0.39310064033333325,-0.15731639385552706
0.3933006403333337,-0.15816593170369256
0.3935006403333341,-0.15901969211614897
0.3937006403333341,-0.15987766922709595
0.39390064033333294,-0.1607398569797566
0.39410064033333403,-0.16160624912633104
0.3943006403333329,-0.16247683922789147
0.39450064033333243,-0.16335162065440065
0.3947006403333331,-0.16423058658463058
0.3949006403333335,-0.1651137300061362
0.3951006403333337,-0.16600104371524732
0.3953006403333339,-0.1668925203170498
0.395500640333333,-0.16778815222537402
0.39570064033333363,-0.16868793166281973
0.3959006403333336,-0.16959185066072857
0.3961006403333325,-0.17049990105923224
0.3963006403333329,-0.171412074507285
0.39650064033333354,-0.1723283624626657
0.3967006403333335,-0.17324875619203972
0.3969006403333333,-0.1741732467710122
0.3971006403333337,-0.17510182508418043
0.397300640333333,-0.17603448182518475
0.39750064033333343,-0.1769712074968099
0.39770064033333297,-0.17791199241102584
0.39790064033333294,-0.1788568266891091
0.3981006403333325,-0.17980570026170922
0.3983006403333338,-0.1807586028689734
0.3985006403333331,-0.18171552406061092
0.3987006403333335,-0.1826764531960679
0.39890064033333283,-0.1836413794445874
0.3991006403333337,-0.1846102917853869
0.3993006403333337,-0.18558317900774293
0.3995006403333323,-0.18656002971116423
0.39970064033333297,-0.18754083230554697
0.39990064033333317,-0.1885255750112805
0.4001006403333336,-0.18951424585944826
0.4003006403333338,-0.19050683269197144
0.400500640333334,-0.19150332316178806
0.4007006403333335,-0.1925037047330209
0.40090064033333395,-0.19350796468117498
0.40110064033333326,-0.19451609009329532
0.4013006403333328,-0.19552806786819446
0.4015006403333323,-0.19654388471662632
0.4017006403333341,-0.19756352716150943
0.4019006403333336,-0.1985869815380896
0.4021006403333336,-0.19961423399422312
0.4023006403333331,-0.20064527049054226
0.4025006403333331,-0.2016800768007053
0.40270064033333397,-0.2027186385116133
0.4029006403333326,-0.20376094102362888
0.40310064033333304,-0.20480696955086652
0.403300640333333,-0.20585670912136816
0.40350064033333344,-0.20691014457739632
0.4037006403333334,-0.2079672605756611
0.40390064033333384,-0.2090280415875923
0.40410064033333337,-0.2100924718995786
0.404300640333334,-0.21116053561325943
0.40450064033333355,-0.2122322166457519
0.4047006403333331,-0.21330749872996216
0.40490064033333284,-0.21438636541483627
0.4051006403333337,-0.21546880006564706
0.4053006403333337,-0.216554785864256
0.4055006403333341,-0.21764430580943156
0.4057006403333341,-0.21873734271710704
0.40590064033333295,-0.21983387922068404
0.4061006403333338,-0.22093389777134753
0.4063006403333329,-0.22203738063830247
0.4065006403333329,-0.22314430990914755
0.4067006403333333,-0.22425466749012585
0.4069006403333335,-0.22536843510644422
0.4071006403333337,-0.22648559430258755
0.4073006403333337,-0.22760612644262204
0.407500640333333,-0.22873001271050722
0.4077006403333334,-0.22985723411042547
0.4079006403333334,-0.23098777146706606
0.4081006403333325,-0.2321216054259695
0.4083006403333329,-0.2332587164538562
0.40850064033333355,-0.2343990848389146
0.40870064033333375,-0.23554269069114728
0.4089006403333335,-0.23668951394269536
0.4091006403333337,-0.23783953434817
0.40930064033333324,-0.238992731484961
0.4095006403333341,-0.24014908475359775
0.40970064033333276,-0.2413085733780287
0.40990064033333273,-0.24247117640602753
0.41010064033333293,-0.24363687270945705
0.4103006403333336,-0.24480564098463753
0.4105006403333331,-0.24597745975266413
0.41070064033333376,-0.24715230735977373
0.41090064033333307,-0.2483301619776319
0.4111006403333335,-0.24951100160372475
0.4113006403333337,-0.2506948040616459
0.4115006403333319,-0.25188154700145254
0.411700640333333,-0.25307120790004467
0.4119006403333332,-0.2542637640614133
0.4121006403333334,-0.2554591926170557
0.4123006403333338,-0.25665747052628296
0.4125006403333338,-0.25785857457655503
0.41270064033333353,-0.25906248138383037
0.4129006403333342,-0.2602691673929011
0.41310064033333305,-0.2614786088777041
0.4133006403333328,-0.2626907819417113
0.41350064033333256,-0.26390566251821246
0.4137006403333341,-0.26512322637068786
0.4139006403333334,-0.26634344909309254
0.4141006403333338,-0.2675663061102702
0.41430064033333314,-0.26879177267820675
0.4145006403333331,-0.27001982388442347
0.41470064033333354,-0.27125043464826937
0.4149006403333324,-0.27248357972125514
0.4151006403333328,-0.273719233687424
0.415300640333333,-0.27495737096361905
0.4155006403333339,-0.276197965799856
0.41570064033333365,-0.2774409922796179
0.41590064033333407,-0.27868642432021623
0.4161006403333336,-0.2799342356730731
0.416300640333334,-0.2811843999240837
0.4165006403333338,-0.2824368904938952
0.4167006403333329,-0.28369168063825556
0.41690064033333285,-0.28494874344833143
0.4171006403333335,-0.2862080518510025
0.4173006403333337,-0.2874695786091802
0.4175006403333339,-0.28873329632213596
0.41770064033333343,-0.28999917742579356
0.4179006403333332,-0.29126719419305525
0.4181006403333336,-0.2925373187340956
0.4183006403333325,-0.2938095229966506
0.4185006403333329,-0.295083778766372
0.4187006403333331,-0.29636005766706325
0.4189006403333331,-0.2976383311610193
0.4191006403333335,-0.2989185705493165
0.4193006403333339,-0.30020074697209526
0.419500640333333,-0.3014848314088537
0.41970064033333365,-0.3027707946787706
0.4199006403333334,-0.30405860744093094
0.42010064033333294,-0.30534824019466683
0.4203006403333327,-0.3066396632798182
0.4205006403333331,-0.3079328468770157
0.42070064033333354,-0.3092277610079529
0.42090064033333396,-0.3105243755356726
0.4211006403333335,-0.31182266016483234
0.42130064033333325,-0.31312258444199403
0.4215006403333339,-0.31442411775587775
0.421700640333333,-0.31572722933761127
0.4219006403333323,-0.3170318882610429
0.42210064033333294,-0.3183380634429715
0.4223006403333336,-0.31964572364339533
0.42250064033333357,-0.3209548374657895
0.422700640333334,-0.32226537335736893
0.4229006403333333,-0.32357729960931236
0.4231006403333333,-0.32489058435705137
0.4233006403333337,-0.32620519558048466
0.4235006403333319,-0.3275211011042206
0.42370064033333277,-0.3288382685978868
0.42390064033333363,-0.330156665576272
0.4241006403333336,-0.33147625939962627
0.42430064033333337,-0.33279701727389716
0.42450064033333357,-0.33411890625095336
0.4247006403333331,-0.3354418932288061
0.4249006403333335,-0.33676594495186774
0.4251006403333326,-0.33809102801113855
0.4253006403333328,-0.339417108844488
0.42550064033333257,-0.34074415373682077
0.42570064033333366,-0.3420721288203489
0.4259006403333332,-0.3434010000747566
0.4261006403333336,-0.34473073332748627
0.42630064033333315,-0.3460612942538907
0.42650064033333357,-0.3473926483774986
0.42670064033333377,-0.34872476107018446
0.4269006403333322,-0.3500575975523955
0.42710064033333284,-0.3513911228934008
0.42730064033333326,-0.3527253020114185
0.4275006403333337,-0.3540600996738819
0.42770064033333366,-0.3553954804976228
0.42790064033333364,-0.3567314089490823
0.4281006403333336,-0.3580678493445061
0.4283006403333338,-0.35940476585014663
0.42850064033333357,-0.3607421224824565
0.4287006403333329,-0.3620798831082943
0.4289006403333324,-0.3634180114451231
0.42910064033333395,-0.3647564710612079
0.4293006403333337,-0.3660952253757656
0.4295006403333337,-0.36743423765923533
0.42970064033333366,-0.3687734710334167
0.4299006403333334,-0.37011288847167734
0.43010064033333384,-0.37145245279915273
0.4303006403333325,-0.37279212669290657
0.4305006403333329,-0.37413187268218395
0.4307006403333331,-0.37547165314852526
0.43090064033333353,-0.3768114303260096
0.4311006403333335,-0.3781511663014199
0.43130064033333393,-0.3794908230144526
0.4315006403333337,-0.38083036225788286
0.4317006403333341,-0.38216974567778494
0.43190064033333364,-0.38350893477368725
0.43210064033333273,-0.3848478908987957
0.43230064033333293,-0.3861865752601803
0.4325006403333338,-0.38752494891894573
0.43270064033333355,-0.38886297279042903
0.43290064033333375,-0.3902006076444254
0.4331006403333342,-0.3915378141053477
0.43330064033333304,-0.3928745526524257
0.4335006403333339,-0.3942107836199484
0.43370064033333255,-0.3955464671973752
0.4339006403333323,-0.39688156342963965
0.43410064033333295,-0.39821603221727575
0.4343006403333334,-0.39954983331664107
0.43450064033333335,-0.4008829263401339
0.43470064033333355,-0.4022152707564003
0.4349006403333331,-0.4035468258905293
0.4351006403333335,-0.40487755092429073
0.43530064033333327,-0.40620740489631435
0.4355006403333326,-0.40753634670233885
0.4357006403333328,-0.4088643350954292
0.4359006403333334,-0.4101913286861797
0.4361006403333336,-0.4115172859429501
0.4363006403333336,-0.4128421651921059
0.4365006403333338,-0.41416592461824575
0.43670064033333356,-0.41548852226442834
0.43690064033333376,-0.4168099160324329
0.4371006403333326,-0.41813006368297384
0.4373006403333328,-0.41944892283599733
0.437500640333333,-0.4207664509708784
0.43770064033333367,-0.42208260542671694
0.4379006403333334,-0.4233973434025752
0.43810064033333385,-0.4247106219577756
0.4383006403333334,-0.42602239801213326
0.4385006403333338,-0.4273326283462749
0.43870064033333356,-0.4286412696018772
0.43890064033333176,-0.4299482782819806
0.43910064033333285,-0.4312536107513121
0.43930064033333327,-0.4325572232364986
0.4395006403333337,-0.4338590718264508
0.43970064033333367,-0.43515911247263983
0.4399006403333341,-0.43645730098943003
0.4401006403333336,-0.43775359305438116
0.4403006403333345,-0.43904794420861587
0.44050064033333314,-0.4403403098570968
0.4407006403333329,-0.4416306452690546
0.4409006403333324,-0.4429189055782642
0.4411006403333335,-0.4442050457834548
0.44130064033333305,-0.4454890207486273
0.4415006403333337,-0.4467707852034958
0.4417006403333332,-0.44805029374380423
0.4419006403333334,-0.4493275008317741
0.4421006403333336,-0.4506023607964638
0.4423006403333325,-0.4518748278341885
0.4425006403333325,-0.4531448560089659
0.4427006403333331,-0.4544123992529007
0.44290064033333354,-0.4556774113666363
0.4431006403333335,-0.45693984601980675
0.4433006403333335,-0.45819965675149243
0.4435006403333337,-0.4594567969706782
0.44370064033333456,-0.4607112199567326
0.4439006403333341,-0.4619628788598751
0.44410064033333274,-0.4632117267017035
0.4443006403333327,-0.464457716375695
0.44450064033333403,-0.46570080064769914
0.44470064033333356,-0.46694093215646043
0.44490064033333354,-0.4681780634142104
0.4451006403333335,-0.4694121468071689
0.4453006403333335,-0.47064313459612633
0.4455006403333337,-0.471870978917016
0.44570064033333234,-0.4730956317814884
0.44590064033333277,-0.474317045077553
0.44610064033333297,-0.4755351705701256
0.4463006403333334,-0.47674995990170066
0.44650064033333337,-0.4779613645929662
0.4467006403333338,-0.47916933604346995
0.4469006403333331,-0.48037382553225927
0.44710064033333397,-0.48157478421859795
0.4473006403333335,-0.48277216314259747
0.4475006403333328,-0.48396591322598026
0.4477006403333328,-0.4851559852727715
0.44790064033333366,-0.4863423299700307
0.44810064033333363,-0.4875248978885908
0.44830064033333383,-0.48870363948384943
0.44850064033333403,-0.4898785050965203
0.44870064033333357,-0.49104944495343295
0.44890064033333377,-0.4922164091683512
0.44910064033333263,-0.4933793477427683
0.4493006403333324,-0.4945382105667877
0.44950064033333326,-0.4956929474199415
0.4497006403333337,-0.4968435079720638
0.44990064033333343,-0.49798984178419414
0.4501006403333334,-0.49913189830948107
0.45030064033333317,-0.5002696268940866
0.4505006403333338,-0.5014029767781408
0.45070064033333357,-0.5025318970966706
0.4509006403333322,-0.5036563368805955
0.45110064033333264,-0.5047762450577249
0.4513006403333335,-0.5058915704537236
0.4515006403333337,-0.5070022617931603
0.4517006403333337,-0.5081082677005574
0.45190064033333366,-0.5092095367014401
0.4521006403333334,-0.5103060172234151
0.4523006403333336,-0.5113976575972733
0.4525006403333327,-0.5124844060580889
0.4527006403333329,-0.5135662107463865
0.4529006403333329,-0.5146430197092542
0.4531006403333335,-0.5157147809015479
0.45330064033333306,-0.5167814421870565
0.4535006403333337,-0.5178429513397483
0.45370064033333324,-0.5188992560449581
0.4539006403333341,-0.5199503039006859
0.4541006403333334,-0.5209960424188137
0.45430064033333184,-0.5220364190264458
0.4545006403333327,-0.5230713810672124
0.45470064033333313,-0.5241008758025563
0.45490064033333355,-0.5251248504131348
0.45510064033333353,-0.5261432520001709
0.45530064033333395,-0.5271560275868579
0.4555006403333337,-0.528163124119757
0.4557006403333339,-0.5291644884702563
0.4559006403333332,-0.5301600674360026
0.45610064033333275,-0.5311498077424062
0.4563006403333325,-0.5321336560441219
0.4565006403333338,-0.5331115589265836
0.45670064033333335,-0.5340834629075195
0.4569006403333338,-0.5350493144385693
0.4571006403333333,-0.5360090599068196
0.45730064033333395,-0.5369626456364559
0.4575006403333337,-0.537910017890356
0.45770064033333235,-0.5388511228717717
0.4579006403333328,-0.5397859067260142
0.4581006403333332,-0.5407143155421135
0.4583006403333336,-0.5416362953545741
0.45850064033333315,-0.5425517921451061
0.4587006403333338,-0.5434607518444107
0.45890064033333355,-0.5443631203339394
0.4591006403333344,-0.5452588434477452
0.4593006403333335,-0.5461478669742776
0.4595006403333328,-0.5470301366582896
0.4597006403333328,-0.5479055982026887
0.4599006403333341,-0.5487741972704548
0.4601006403333341,-0.5496358794865543
0.4603006403333334,-0.5504905904399218
0.4605006403333338,-0.5513382756854286
0.46070064033333313,-0.5521788807458614
0.460900640333334,-0.5530123511139853
0.46110064033333265,-0.5538386322545439
0.4613006403333326,-0.5546576696063887
0.46150064033333305,-0.555469408584526
0.4617006403333337,-0.5562737945822578
0.4619006403333332,-0.5570707729733188
0.46210064033333365,-0.5578602891140599
0.4623006403333332,-0.5586422883456129
0.4625006403333336,-0.5594167159961332
0.46270064033333336,-0.5601835173830123
0.4629006403333329,-0.5609426378151627
0.46310064033333265,-0.561694022595296
0.4633006403333335,-0.5624376170222345
0.4635006403333335,-0.5631733663932361
0.4637006403333337,-0.5639012160063737
0.46390064033333367,-0.5646211111629017
0.46410064033333365,-0.5653329971696697
0.46430064033333407,-0.5660368193415519
0.46450064033333294,-0.5667325230038931
0.4647006403333327,-0.5674200534950092
0.4649006403333331,-0.5680993561686661
0.46510064033333376,-0.5687703763966131
0.4653006403333333,-0.5694330595711301
0.4655006403333335,-0.5700873511076154
0.4657006403333337,-0.5707331964471622
0.4659006403333339,-0.5713705410591908
0.46610064033333365,-0.5719993304440878
0.4663006403333321,-0.5726195101358735
0.46650064033333294,-0.5732310257049089
0.4667006403333336,-0.5738338227605753
0.46690064033333356,-0.5744278469540358
0.46710064033333354,-0.5750130439809964
0.46730064033333396,-0.5755893595844799
0.4675006403333335,-0.5761567395576314
0.4677006403333339,-0.5767151297465594
0.467900640333333,-0.5772644760531676
0.4681006403333323,-0.5778047244380502
0.4683006403333323,-0.5783358209233758
0.46850064033333383,-0.5788577115958092
0.4687006403333329,-0.5793703426094405
0.4689006403333338,-0.5798736601887803
0.46910064033333354,-0.5803676106317062
0.4693006403333335,-0.5808521403124983
0.4695006403333335,-0.5813271956848541
0.46970064033333236,-0.581792723284938
0.46990064033333256,-0.582248669734466
0.4701006403333332,-0.5826949817437785
0.4703006403333341,-0.5831316061149667
0.4705006403333336,-0.5835584897449997
0.4707006403333338,-0.5839755796288912
0.4709006403333338,-0.5843828228628603
0.471100640333334,-0.5847801666475364
0.4713006403333335,-0.5851675582911686
0.4715006403333326,-0.5855449452128678
0.4717006403333326,-0.585912274945859
0.4719006403333339,-0.5862694951407533
0.47210064033333365,-0.5866165535688385
0.4723006403333341,-0.5869533981254048
0.4725006403333334,-0.5872799768330612
0.4727006403333336,-0.5875962378450991
0.4729006403333338,-0.587902129448848
0.47310064033333243,-0.5881976000690678
0.47330064033333286,-0.5884825982713585
0.47350064033333306,-0.5887570727655689
0.47370064033333326,-0.5890209724092448
0.4739006403333337,-0.5892742462110836
0.47410064033333366,-0.5895168433344031
0.4743006403333334,-0.5897487131006359
0.47450064033333406,-0.5899698049928324
0.4747006403333336,-0.5901800686591774
0.4749006403333329,-0.590379453916535
0.4751006403333329,-0.5905679107539965
0.4753006403333335,-0.5907453893364472
0.4755006403333335,-0.5909118400081461
0.4757006403333337,-0.5910672132963282
0.4759006403333339,-0.5912114599148095
0.47610064033333344,-0.5913445307676122
0.4763006403333341,-0.5914663769526056
0.47650064033333295,-0.5915769497651485
0.4767006403333325,-0.5916762007017635
0.4769006403333329,-0.5917640814638035
0.47710064033333377,-0.5918405439611437
0.4773006403333333,-0.5919055403158792
0.4775006403333335,-0.5919590228660394
0.47770064033333326,-0.5920009441693053
0.4779006403333337,-0.5920312570067456
0.47810064033333344,-0.5920499143865576
0.4783006403333323,-0.5920568695478203
0.4785006403333325,-0.5920520759642571
0.4787006403333338,-0.5920354873480069
0.47890064033333357,-0.5920070576534043
0.47910064033333355,-0.5919667410807667
0.4793006403333335,-0.5919144920801941
0.4795006403333333,-0.5918502653553694
0.4797006403333337,-0.5917740158673712
0.4799006403333328,-0.5916856988384931
0.48010064033333255,-0.5915852697560637
0.4803006403333323,-0.5914726843762818
0.48050064033333406,-0.5913478987280469
0.48070064033333315,-0.591210869116808
0.4809006403333338,-0.5910615521283964
0.4811006403333331,-0.5908999046328884
0.48130064033333375,-0.5907258837884475
0.4815006403333335,-0.5905394470451895
0.48170064033333215,-0.5903405521490375
0.4819006403333328,-0.5901291571455805
0.4821006403333332,-0.5899052203839468
0.48230064033333364,-0.5896687005206601
0.48250064033333384,-0.5894195565235116
0.4827006403333338,-0.5891577476754228
0.4829006403333338,-0.588883233578315
0.483100640333334,-0.5885959741569745
0.4833006403333333,-0.5882959296629215
0.4835006403333326,-0.5879830606782692
0.48370064033333215,-0.5876573281195897
0.4839006403333339,-0.5873186932417714
0.48410064033333344,-0.5869671176418907
0.4843006403333341,-0.5866025632630405
0.4845006403333332,-0.586224992398206
0.4847006403333334,-0.5858343676940906
0.4849006403333338,-0.5854306521549729
0.4851006403333329,-0.5850138091465384
0.48530064033333264,-0.5845838023997008
0.4855006403333333,-0.5841405960144379
0.4857006403333337,-0.5836841544636073
0.4859006403333337,-0.5832144425967523
0.4861006403333341,-0.5827314256439025
0.48630064033333364,-0.5822350692193767
0.4865006403333345,-0.5817253393255539
0.4867006403333338,-0.5812022023566694
0.4869006403333327,-0.5806656251025581
0.4871006403333329,-0.5801155747524187
0.48730064033333376,-0.5795520188985646
0.4875006403333335,-0.5789749255401558
0.4877006403333335,-0.5783842630869056
0.4879006403333337,-0.5777800003628035
0.4881006403333332,-0.5771621066098065
0.4883006403333341,-0.5765305514915122
0.4885006403333323,-0.5758853050968501
0.4887006403333325,-0.5752263379436915
0.4889006403333329,-0.5745536209825325
0.4891006403333331,-0.5738671256000911
0.4893006403333331,-0.5731668236229168
0.4895006403333335,-0.5724526873209754
0.48970064033333327,-0.5717246894112302
0.4899006403333337,-0.5709828030611803
0.49010064033333345,-0.570227001892411
0.49030064033333276,-0.5694572599840965
0.49050064033333274,-0.568673551876496
0.4907006403333334,-0.5678758525744372
0.49090064033333336,-0.5670641375507735
0.4911006403333338,-0.5662383827497995
0.49130064033333376,-0.5653985645906846
0.4915006403333333,-0.5645446599708464
0.49170064033333394,-0.5636766462693177
0.4919006403333328,-0.5627945013501133
0.4921006403333319,-0.5618982035655087
0.492300640333333,-0.5609877317593569
0.49250064033333407,-0.5600630652703742
0.4927006403333334,-0.5591241839353658
0.4929006403333338,-0.5581710680924225
0.4931006403333331,-0.5572036985841572
0.49330064033333354,-0.5562220567608231
0.4935006403333335,-0.5552261244834881
0.49370064033333216,-0.5542158841271232
0.49390064033333303,-0.5531913185836583
0.4941006403333337,-0.5521524112650863
0.49430064033333365,-0.5510991461064401
0.49450064033333363,-0.550031507568788
0.49470064033333383,-0.5489494806421955
0.4949006403333336,-0.5478530508486563
0.495100640333334,-0.5467422042449706
0.4953006403333331,-0.5456169274256337
0.49550064033333263,-0.5444772075256253
0.49570064033333217,-0.5433230322232365
0.4959006403333339,-0.5421543897428034
0.49610064033333323,-0.5409712688574864
0.4963006403333341,-0.5397736588918711
0.4965006403333334,-0.5385615497247138
0.4967006403333336,-0.5373349317914857
0.4969006403333338,-0.5360937960870057
0.49710064033333246,-0.5348381341679697
0.4973006403333329,-0.5335679381554219
0.49750064033333286,-0.5322832007372877
0.4977006403333335,-0.5309839151707464
0.4979006403333337,-0.5296700752846568
0.4981006403333339,-0.5283416754818839
0.49830064033333343,-0.5269987107416232
0.49850064033333363,-0.5256411766216524
0.49870064033333406,-0.5242690692605809
0.4989006403333327,-0.5228823853800385
0.49910064033333246,-0.5214811222867706
0.49930064033333377,-0.5200652778747938
0.4995006403333335,-0.5186348506274597
0.49970064033333395,-0.5171898396194081
0.4999006403333337,-0.5157302445186
0.5001006403333337,-0.5142560655882021
0.5003006403333337,-0.5127673036884934
0.5005006403333323,-0.5112639602786995
0.500700640333333,-0.5097460374187399
0.5009006403333327,-0.508213537771055
0.5011006403333336,-0.5066664646022172
0.5013006403333335,-0.5051048217846504
0.501500640333334,-0.5035286137981764
0.5017006403333335,-0.5019378457316143
0.5019006403333339,-0.5003325232842439
0.5021006403333337,-0.49871265276731314
0.5023006403333328,-0.4970782411054084
0.5025006403333323,-0.4954292958378174
0.5027006403333336,-0.4937658251198451
0.5029006403333336,-0.4920878377241115
0.5031006403333338,-0.4903953430416854
0.503300640333334,-0.4886883510832952
0.5035006403333331,-0.4869668724804286
0.503700640333334,-0.48523091848634364
0.5039006403333328,-0.48348050097716516
0.5041006403333324,-0.4817156324527204
0.504300640333333,-0.4799363260375122
0.5045006403333341,-0.4781425954815535
0.5047006403333334,-0.4763344551611647
0.5049006403333336,-0.47451192007965093
0.5051006403333329,-0.472675005868071
0.5053006403333331,-0.4708237287857946
0.5055006403333335,-0.4689581057211313
0.5057006403333324,-0.46707815419183907
0.5059006403333326,-0.4651838923455352
0.5061006403333337,-0.4632753389601806
0.5063006403333341,-0.46135251344441386
0.5065006403333336,-0.4594154358378255
0.5067006403333336,-0.4574641268111985
0.5069006403333332,-0.45549860766672934
0.5071006403333338,-0.453518900338113
0.5073006403333331,-0.45152502739067757
0.5075006403333326,-0.4495170120213222
0.5077006403333326,-0.4474948780585254
0.5079006403333342,-0.4454586499622254
0.5081006403333332,-0.44340835282372515
0.5083006403333341,-0.441344012365339
0.5085006403333332,-0.43926565494028647
0.5087006403333338,-0.4371733075322078
0.5089006403333336,-0.43506699775490876
0.509100640333332,-0.4329467538518314
0.5093006403333329,-0.4308126046955221
0.5095006403333331,-0.4286645797871878
0.5097006403333335,-0.42650270925595446
0.5099006403333337,-0.42432702385824245
0.5101006403333337,-0.42213755497700567
0.5103006403333334,-0.41993433462093555
0.5105006403333341,-0.41771739542358877
0.5107006403333332,-0.4154867706425198
0.5109006403333325,-0.4132424941582164
0.511100640333332,-0.410984600473128
0.5113006403333338,-0.4087131247105245
0.5115006403333331,-0.40642810261344053
0.511700640333334,-0.4041295705432819
0.5119006403333335,-0.4018175654787284
0.5121006403333332,-0.39949212501426734
0.5123006403333337,-0.3971532873588631
0.5125006403333328,-0.39480109133451746
0.5127006403333323,-0.39243557637468174
0.5129006403333329,-0.3900567825227417
0.5131006403333338,-0.38766475043038806
0.5133006403333336,-0.38525952135591124
0.513500640333334,-0.38284113716240686
0.5137006403333335,-0.38040964031603974
0.5139006403333342,-0.3779650738840925
0.5141006403333339,-0.37550748153312496
0.514300640333333,-0.37303690752690954
0.5145006403333328,-0.37055339672439735
0.5147006403333334,-0.3680569945776383
0.5149006403333336,-0.3655477471296197
0.5151006403333338,-0.36302570101200254
0.5153006403333336,-0.3604909034428702
0.5155006403333331,-0.3579434022243685
0.5157006403333335,-0.35538324574030233
0.5159006403333326,-0.3528104829537346
0.5161006403333326,-0.3502251634043685
0.5163006403333328,-0.34762733720607053
0.5165006403333332,-0.3450170550441946
0.5167006403333336,-0.34239436817290525
0.516900640333334,-0.3397593284124286
0.5171006403333331,-0.33711198814627064
0.5173006403333336,-0.33445240031828993
0.5175006403333335,-0.33178061842989404
0.5177006403333329,-0.3290966965369926
0.5179006403333328,-0.32640068924696813
0.5181006403333333,-0.3236926517156399
0.5183006403333337,-0.32097263964410755
0.5185006403333341,-0.31824070927555204
0.5187006403333341,-0.3154969173920017
0.5189006403333334,-0.31274132131102306
0.5191006403333345,-0.30997397888233397
0.5193006403333329,-0.30719494848452766
0.5195006403333322,-0.30440428902140626
0.5197006403333329,-0.30160205991862143
0.5199006403333335,-0.2987883211200896
0.5201006403333337,-0.29596313308433797
0.5203006403333339,-0.29312655678083344
0.5205006403333332,-0.2902786536862944
0.5207006403333334,-0.2874194857808603
0.5209006403333336,-0.28454911554434625
0.5211006403333325,-0.281667605952339
0.5213006403333329,-0.27877502047220715
0.5215006403333331,-0.2758714230592575
0.5217006403333335,-0.27295687815261693
0.5219006403333335,-0.2700314506712115
0.5221006403333337,-0.2670952060096151
0.522300640333333,-0.26414821003393085
0.5225006403333341,-0.26119052907749996
0.522700640333333,-0.25822222993679933
0.5229006403333327,-0.25524337986693457
0.5231006403333325,-0.2522540465774583
0.5233006403333338,-0.24925429822788028
0.5235006403333331,-0.24624420342334521
0.523700640333334,-0.243223831209969
0.5239006403333333,-0.24019325107052159
0.5241006403333337,-0.23715253291967361
0.5243006403333339,-0.2341017470995367
0.5245006403333323,-0.23104096437495686
0.5247006403333323,-0.2279702559287454
0.5249006403333327,-0.2248896933570916
0.5251006403333336,-0.22179934866470738
0.525300640333334,-0.21869929426004917
0.525500640333334,-0.2155896029504428
0.5257006403333335,-0.2124703479372118
0.525900640333334,-0.2093416028107343
0.5261006403333337,-0.20620344154554948
0.5263006403333328,-0.20305593849529457
0.5265006403333323,-0.19989916838767974
0.5267006403333336,-0.1967332063194399
0.5269006403333336,-0.1935581277513075
0.5271006403333338,-0.19037400850274028
0.5273006403333331,-0.1871809247468697
0.5275006403333331,-0.1839789530052236
0.527700640333334,-0.18076817014256116
0.5279006403333328,-0.1775486533616451
0.528100640333333,-0.1743204801978051
0.5283006403333328,-0.17108372851380385
0.5285006403333334,-0.16783847649436073
0.5287006403333334,-0.16458480264087724
0.5289006403333338,-0.16132278576594933
0.5291006403333331,-0.15805250498802909
0.5293006403333342,-0.15477403972586018
0.529500640333334,-0.15148746969317425
0.5297006403333331,-0.14819287489303373
0.5299006403333324,-0.14489033561236914
0.5301006403333337,-0.14157993241642508
0.5303006403333339,-0.1382617461432932
0.5305006403333341,-0.13493585789817558
0.5307006403333336,-0.13160234904787999
0.530900640333333,-0.1282613012151491
0.531100640333334,-0.12491279627301119
0.5313006403333331,-0.12155691633924237
0.5315006403333324,-0.11819374377049671
0.5317006403333326,-0.114823361156739
0.5319006403333335,-0.11144585131552852
0.5321006403333337,-0.10806129728630202
0.5323006403333337,-0.10466978232459177
0.532500640333333,-0.10127138989632421
0.5327006403333334,-0.09786620367200881
0.5329006403333336,-0.09445430752106124
0.5331006403333327,-0.09103578550596358
0.5333006403333329,-0.08761072187643107
0.5335006403333331,-0.08417920106372707
0.5337006403333338,-0.0807413076747749
0.533900640333334,-0.07729712648639879
0.5341006403333337,-0.07384674243946923
0.534300640333333,-0.07039024063309833
0.5345006403333341,-0.06692770631877651
0.5347006403333332,-0.0634592248946878
0.5349006403333323,-0.05998488189967553
0.5351006403333327,-0.056504763007523454
0.5353006403333336,-0.053018954021149735
0.5355006403333331,-0.049527540866754476
0.5357006403333338,-0.04603060958789876
0.5359006403333331,-0.042528246339836345
0.5361006403333339,-0.039020537383509725
0.5363006403333337,-0.035507569079919206
0.5365006403333323,-0.031989427884162557
0.536700640333333,-0.028466200339615874
0.5369006403333332,-0.024937973072281204
0.5371006403333336,-0.021404832784837007
0.5373006403333338,-0.017866866250923416
0.5375006403333338,-0.01432416030933446
0.5377006403333331,-0.010776801858264604
0.5379006403333342,-0.007224877849488932
0.5381006403333335,-0.0036684752827742875
0.5383006403333326,-0.0001076811999468838
0.5385006403333319,0.003457417320719712
0.5387006403333336,0.007026733170262265
0.5389006403333334,0.010600179214570231
0.5391006403333338,0.01417766830030734
0.5393006403333331,0.017759113260365413
0.5395006403333331,0.021344426919647688
0.539700640333334,0.024933522100602082
0.5399006403333326,0.02852631162879127
0.5401006403333324,0.032122708338652654
0.540300640333333,0.03572262507888042
0.5405006403333339,0.03932597471802163
0.5407006403333336,0.042932670149989534
0.5409006403333336,0.04654262429961789
0.5411006403333334,0.05015575012804911
0.5413006403333342,0.05377196063824324
0.5415006403333342,0.05739116888030255
0.5417006403333329,0.06101328795695135
0.5419006403333326,0.06463823102892241
0.5421006403333335,0.06826591132019502
0.5423006403333339,0.07189624212331605
0.5425006403333337,0.0755291368047269
0.5427006403333332,0.07916450880999484
0.5429006403333334,0.08280227166902096
0.5431006403333338,0.08644233900118725
0.5433006403333325,0.09008462452049741
0.5435006403333329,0.09372904204081958
0.5437006403333329,0.09737550548075466
0.5439006403333333,0.10102392886884082
0.5441006403333339,0.10467422634847974
0.5443006403333337,0.10832631218290878
0.544500640333333,0.11198010076017471
0.5447006403333341,0.11563550659802756
0.5449006403333341,0.11929244434864744
0.5451006403333329,0.12295082880359985
0.5453006403333327,0.12661057489859096
0.5455006403333331,0.1302715977181178
0.5457006403333338,0.1339338125001922
0.545900640333334,0.13759713464098217
0.5461006403333335,0.14126147969942543
0.5463006403333328,0.14492676340178745
0.5465006403333339,0.14859290164618788
0.5467006403333332,0.1522598105069356
0.5469006403333323,0.15592740623914078
0.5471006403333325,0.15959560528298916
0.5473006403333336,0.16326432426804066
0.5475006403333336,0.16693348001750086
0.5477006403333335,0.17060298955253586
0.5479006403333331,0.17427277009636505
0.5481006403333333,0.17794273907844316
0.5483006403333337,0.18161281413848113
0.5485006403333323,0.1852829131304689
0.5487006403333328,0.18895295412678065
0.5489006403333334,0.192622855421898
0.5491006403333338,0.1962925355363937
0.5493006403333336,0.1999619132207238
0.5495006403333331,0.20363090745900536
0.5497006403333331,0.20729943747270868
0.549900640333334,0.21096742272430172
0.5501006403333335,0.21463478292079857
0.5503006403333328,0.21830143801741006
0.5505006403333323,0.22196730822095195
0.5507006403333341,0.2256323139933129
0.5509006403333334,0.22929637605467115
0.5511006403333338,0.23295941538707834
0.5513006403333329,0.23662135323745134
0.5515006403333336,0.24028211112097378
0.551700640333334,0.24394161082404736
0.5519006403333324,0.24759977440745273
0.5521006403333328,0.25125652420947053
0.5523006403333328,0.25491178284861304
0.5525006403333337,0.2585654732267058
0.5527006403333341,0.26221751853160424
0.5529006403333336,0.2658678422400301
0.5531006403333332,0.269516368120291
0.5533006403333338,0.27316302023491057
0.553500640333334,0.27680772294316136
0.5537006403333329,0.2804504009036507
0.553900640333332,0.2840909790768158
0.5541006403333335,0.2877293827272899
0.5543006403333339,0.29136553742612126
0.5545006403333337,0.2949993690532231
0.5547006403333332,0.29863080379951107
0.5549006403333334,0.3022597681690551
0.5551006403333341,0.3058861889811336
0.5553006403333329,0.3095099933722342
0.5555006403333329,0.31313110879813466
0.5557006403333329,0.316749463035627
0.5559006403333335,0.3203649841844463
0.5561006403333335,0.3239776006689602
0.5563006403333337,0.32758724123994054
0.556500640333333,0.3311938349761163
0.5567006403333341,0.3347973112858422
0.5569006403333341,0.33839759990843016
0.5571006403333334,0.34199463091574345
0.5573006403333327,0.34558833471351
0.5575006403333334,0.3491786420426355
0.5577006403333338,0.35276548398037677
0.5579006403333338,0.3563487919415936
0.5581006403333333,0.35992849767983637
0.558300640333333,0.36350453328839805
0.5585006403333344,0.36707683120129286
0.5587006403333332,0.37064532419406404
0.5589006403333328,0.3742099453848532
0.5591006403333325,0.3777706282349962
0.5593006403333329,0.3813273065498203
0.5595006403333336,0.38487991447926917
0.5597006403333336,0.3884283865185003
0.5599006403333326,0.3919726575084318
0.5601006403333335,0.3955126626362442
0.5603006403333337,0.3990483374356365
0.560500640333333,0.40257961778729223
0.5607006403333328,0.406106439919137
0.560900640333333,0.40962874040649666
0.5611006403333336,0.4131464561722663
0.5613006403333338,0.41665952448697485
0.5615006403333334,0.42016788296883445
0.5617006403333331,0.42367146958370355
0.5619006403333344,0.42717022264497173
0.5621006403333331,0.43066408081328855
0.5623006403333328,0.4341529830965716
0.5625006403333326,0.4376368688494946
0.5627006403333332,0.4411156777732569
0.5629006403333334,0.4445893499151009
0.5631006403333336,0.4480578256679122
0.5633006403333329,0.4515210457696357
0.5635006403333338,0.4549789513027699
0.563700640333334,0.4584314836935782
0.5639006403333324,0.461878584711488
0.5641006403333328,0.4653201964683883
0.564300640333333,0.46875626141762367
0.5645006403333337,0.47218672235326953
0.5647006403333334,0.4756115224091133
0.5649006403333336,0.47903060505774436
0.5651006403333332,0.4824439141094218
0.5653006403333345,0.485851393711074
0.5655006403333338,0.48925298834498043
0.5657006403333331,0.49264864282776344
0.5659006403333322,0.4960383023089912
0.5661006403333335,0.4994219122699459
0.5663006403333333,0.5027994185221043
0.5665006403333337,0.5061707672059264
0.566700640333333,0.509535904789216
0.5669006403333332,0.5128947780657308
0.5671006403333341,0.5162473341535109
0.5673006403333327,0.5195935204932522
0.5675006403333327,0.5229332848467901
0.5677006403333329,0.5262665752951968
0.5679006403333335,0.52959334023712
0.5681006403333335,0.5329135283869255
0.5683006403333333,0.5362270887728916
0.5685006403333333,0.5395339707352812
0.5687006403333339,0.5428341239243952
0.5689006403333343,0.5461274982985622
0.5691006403333332,0.5494140441221204
0.5693006403333325,0.552693711963404
0.5695006403333334,0.5559664526925581
0.5697006403333338,0.559232217479344
0.5699006403333335,0.5624909577910233
0.5701006403333333,0.565742625390105
0.5703006403333335,0.5689871723320525
0.5705006403333339,0.5722245509629638
0.5707006403333326,0.5754547139172032
0.5709006403333328,0.5786776141151301
0.5711006403333323,0.5818932047605012
0.5713006403333332,0.5851014393381726
0.5715006403333336,0.5883022716114813
0.5717006403333336,0.5914956556198115
0.5719006403333331,0.5946815456760114
0.572100640333334,0.5978598963638355
0.5723006403333339,0.6010306625352374
0.572500640333333,0.6041937993078216
0.5727006403333328,0.6073492620621586
0.5729006403333332,0.6104970064390353
0.5731006403333336,0.6136369883367379
0.5733006403333336,0.6167691639083126
0.5735006403333338,0.619893489558798
0.5737006403333331,0.6230099219423778
0.5739006403333342,0.626118417959638
0.5741006403333331,0.6292189347545543
0.5743006403333324,0.6323114297118286
0.5745006403333328,0.6353958604538626
0.5747006403333337,0.6384721848378558
0.5749006403333334,0.6415403609528818
0.5751006403333334,0.6446003471169983
0.5753006403333332,0.6476521018742095
0.5755006403333338,0.6506955839915374
0.575700640333334,0.6537307524559619
0.5759006403333324,0.6567575664714492
0.5761006403333326,0.6597759854560024
0.5763006403333331,0.6627859690384724
0.5765006403333337,0.6657874770556126
0.5767006403333337,0.6687804695489833
0.5769006403333332,0.6717649067619167
0.5771006403333334,0.6747407491364343
0.5773006403333341,0.6777079573101331
0.5775006403333331,0.6806664921130887
0.5777006403333329,0.6836163145648477
0.5779006403333324,0.6865573858712183
0.5781006403333335,0.6894896674212542
0.5783006403333333,0.6924131207840352
0.5785006403333337,0.6953277077057033
0.5787006403333328,0.6982333901062187
0.5789006403333337,0.7011301300763841
0.5791006403333336,0.7040178898745783
0.5793006403333325,0.706896631923765
0.5795006403333327,0.709766318808395
0.5797006403333329,0.7126269132712103
0.5799006403333331,0.7154783782102208
0.5801006403333338,0.7183206766756022
0.5803006403333335,0.7211537718665794
0.5805006403333333,0.7239776271284051
0.5807006403333339,0.7267922059492633
0.5809006403333341,0.7295974719571736
0.581100640333333,0.7323933889169831
0.5813006403333325,0.7351799207273603
0.5815006403333334,0.7379570314177104
0.5817006403333334,0.7407246851451399
0.5819006403333338,0.7434828461915461
0.5821006403333329,0.7462314789605391
0.5823006403333331,0.7489705479745739
0.5825006403333342,0.7517000178719009
0.5827006403333328,0.7544198534036244
0.5829006403333332,0.7571300194309287
0.5831006403333328,0.7598304809219841
0.5833006403333336,0.7625212029492237
0.5835006403333336,0.765202150686361
0.5837006403333336,0.7678732894056539
0.5839006403333331,0.7705345844750269
0.5841006403333342,0.7731860013553319
0.5843006403333342,0.7758275055974835
0.5845006403333333,0.7784590628398163
0.5847006403333326,0.7810806388053405
0.5849006403333334,0.783692199299038
0.5851006403333341,0.7862937102051584
0.5853006403333336,0.78888513748463
0.5855006403333338,0.7914664471724758
0.5857006403333331,0.7940376053751573
0.5859006403333344,0.7965985782681239
0.5861006403333331,0.7991493320931407
0.5863006403333328,0.8016898331560085
0.5865006403333326,0.8042200478239337
0.586700640333333,0.8067399425231978
0.5869006403333334,0.8092494837367248
0.5871006403333334,0.8117486380017489
0.5873006403333323,0.8142373719074912
0.5875006403333334,0.8167156520929264
0.5877006403333338,0.8191834452444101
0.5879006403333331,0.8216407180935769
0.5881006403333326,0.8240874374151588
0.5883006403333331,0.8265235700248198
0.5885006403333335,0.8289490827770505
0.5887006403333337,0.83136394256314
0.5889006403333334,0.8337681163091494
0.589100640333333,0.836161570973943
0.5893006403333343,0.8385442735472673
0.5895006403333334,0.8409161910477684
0.5897006403333327,0.843277290521286
0.5899006403333329,0.8456275390389483
0.5901006403333331,0.8479669036954104
0.5903006403333333,0.8502953516071612
0.5905006403333335,0.8526128499108333
0.590700640333333,0.8549193657615666
0.5909006403333334,0.8572148663314494
0.5911006403333341,0.8594993188079274
0.5913006403333327,0.8617726903923151
0.5915006403333329,0.8640349482984282
0.5917006403333331,0.8662860597510558
0.5919006403333338,0.868525991984686
0.5921006403333335,0.8707547122421553
0.5923006403333335,0.8729721877734313
0.592500640333333,0.8751783858343567
0.5927006403333339,0.8773732736855282
0.5929006403333337,0.8795568185911109
0.5931006403333332,0.8817289878178509
0.5933006403333323,0.8838897486340146
0.5935006403333336,0.8860390683084585
0.5937006403333331,0.8881769141096124
0.5939006403333338,0.8903032533047588
0.5941006403333331,0.8924180531590827
0.5943006403333333,0.8945212809350113
0.5945006403333339,0.8966129038914239
0.594700640333333,0.8986928892829962
0.5949006403333328,0.9007612043596485
0.5951006403333328,0.9028178163659122
0.5953006403333336,0.904862692540457
0.5955006403333336,0.9068958001155987
0.5957006403333334,0.9089171063169368
0.5959006403333331,0.910926578362975
0.5961006403333335,0.9129241834648221
0.596300640333334,0.9149098888259249
0.5965006403333333,0.9168836616418781
0.5967006403333326,0.9188454691003011
0.5969006403333337,0.9207952783807289
0.5971006403333337,0.922733056654516
0.5973006403333334,0.9246587710849251
0.5975006403333332,0.9265723888271494
0.5977006403333329,0.9284738770284269
0.597900640333334,0.9303632028282182
0.5981006403333331,0.9322403333583704
0.5983006403333333,0.9341052357434878
0.5985006403333328,0.9359578771011476
0.5987006403333333,0.9377982245423465
0.5989006403333337,0.9396262451718723
0.5991006403333337,0.9414419060888051
0.5993006403333327,0.9432451743870408
0.5995006403333336,0.9450360171558941
0.599700640333334,0.9468144014806568
0.5999006403333331,0.948580294443333
0.6001006403333329,0.9503336631233804
0.6003006403333333,0.9520744745984484
0.6005006403333335,0.9538026959452199
0.6007006403333337,0.9555182942403062
0.6009006403333337,0.9572212365611636
0.6011006403333328,0.9589114899870748
0.6013006403333341,0.9605890216002108
0.6015006403333336,0.9622537984866162
0.6017006403333329,0.9639057877374433
0.6019006403333329,0.9655449564500719
0.6021006403333331,0.9671712717293246
0.6023006403333333,0.9687847006887527
0.6025006403333335,0.9703852104519493
0.602700640333333,0.9719727681539061
0.602900640333333,0.9735473409424447
0.6031006403333341,0.9751088959796528
0.6033006403333332,0.9766574004433598
0.603500640333333,0.9781928215287599
0.6037006403333329,0.979715126449932
0.6039006403333336,0.9812242824415104
0.6041006403333338,0.9827202567603429
0.6043006403333331,0.9842030166872359
0.6045006403333331,0.985672529528725
0.6047006403333339,0.9871287626188647
0.6049006403333337,0.9885716833210725
0.6051006403333334,0.990001259030061
0.6053006403333328,0.9914174571737377
0.6055006403333336,0.9928202452152107
0.6057006403333334,0.994209590654751
0.6059006403333336,0.9955854610319133
0.6061006403333329,0.9969478239275794
0.6063006403333333,0.9982966469661319
0.6065006403333335,0.9996318978175815
0.6067006403333328,1.0009535441998025
0.606900640333333,1.0022615538807864
0.607100640333333,1.0035558946808942
0.6073006403333334,1.0048365344751968
0.6075006403333338,1.0061034411958143
0.6077006403333336,1.0073565828343054
0.6079006403333329,1.0085959274440963
0.6081006403333338,1.0098214431429402
0.608300640333334,1.0110330981153677
0.6085006403333333,1.0122308606152426
0.6087006403333322,1.0134146989683055
0.6089006403333337,1.0145845815747656
0.6091006403333334,1.0157404769118543
0.6093006403333341,1.0168823535365494
0.6095006403333327,1.0180101800881756
0.6097006403333329,1.0191239252911664
0.609900640333334,1.020223557957735
0.6101006403333331,1.0213090469906352
0.6103006403333326,1.0223803613859839
0.6105006403333328,1.0234374702360252
0.6107006403333337,1.0244803427319686
0.6109006403333337,1.0255089481668405
0.6111006403333341,1.0265232559383823
0.611300640333333,1.0275232355519195
0.6115006403333338,1.0285088566233314
0.611700640333334,1.0294800888819355
0.6119006403333336,1.030436902173496
0.6121006403333329,1.031379266463205
0.6123006403333331,1.0323071518386793
0.6125006403333335,1.0332205285129796
0.6127006403333335,1.0341193668276614
0.612900640333333,1.0350036372558344
0.613100640333333,1.0358733104052413
0.6133006403333343,1.0367283570213477
0.6135006403333334,1.0375687479904314
0.6137006403333329,1.0383944543427468
0.6139006403333327,1.0392054472556262
0.6141006403333331,1.0400016980566456
0.6143006403333335,1.0407831782267756
0.6145006403333335,1.0415498594035648
0.6147006403333326,1.0423017133843238
0.6149006403333332,1.0430387121293316
0.6151006403333339,1.043760827765017
0.6153006403333334,1.0444680325871867
0.615500640333333,1.0451602990642603
0.6157006403333332,1.0458375998404876
0.6159006403333336,1.0464999077391863
0.6161006403333338,1.0471471957659928
0.6163006403333331,1.0477794371121083
0.6165006403333328,1.0483966051575637
0.6167006403333342,1.0489986734744723
0.6169006403333337,1.0495856158302785
0.6171006403333326,1.0501574061910572
0.6173006403333328,1.0507140187247643
0.6175006403333334,1.0512554278045032
0.6177006403333334,1.0517816080118014
0.6179006403333338,1.0522925341398903
0.6181006403333329,1.0527881811969664
0.6183006403333331,1.0532685244094753
0.6185006403333342,1.05373353922537
0.6187006403333333,1.0541832013173758
0.618900640333333,1.0546174865862794
0.6191006403333332,1.0550363711641642
0.6193006403333337,1.0554398314176816
0.6195006403333341,1.0558278439513002
0.6197006403333329,1.0562003856105546
0.6199006403333329,1.0565574334852956
0.620100640333334,1.0568989649129183
0.6203006403333338,1.057224957481585
0.6205006403333333,1.0575353890334651
0.6207006403333324,1.0578302376679367
0.6209006403333339,1.0581094817447991
0.621100640333333,1.0583730998874545
0.6213006403333337,1.0586210709861148
0.6215006403333327,1.0588533742009614
0.6217006403333332,1.0590699889653235
0.621900640333334,1.0592708949888212
0.6221006403333331,1.059456072260512
0.6223006403333329,1.0596255010520257
0.6225006403333326,1.0597791619206747
0.6227006403333335,1.0599170357125607
0.6229006403333339,1.0600391035656662
0.6231006403333337,1.0601453469129254
0.6233006403333332,1.0602357474852924
0.6235006403333336,1.0603102873147798
0.623700640333334,1.0603689487374945
0.6239006403333336,1.0604117143966467
0.6241006403333325,1.0604385672455503
0.6243006403333331,1.060449490550604
0.6245006403333335,1.0604444678942493
0.624700640333334,1.0604234831779218
0.6249006403333328,1.0603865206249732
0.625100640333333,1.0603335647835805
0.6253006403333341,1.0602646005296363
0.6255006403333334,1.0601796130696197
0.6257006403333332,1.0600785879434391
0.6259006403333325,1.0599615110272715
0.6261006403333331,1.0598283685363623
0.6263006403333338,1.059679147027821
0.6265006403333335,1.059513833403385
0.6267006403333326,1.0593324149121646
0.6269006403333337,1.0591348791533641
0.6271006403333339,1.0589212140789914
0.6273006403333337,1.0586914079965288
0.6275006403333323,1.058445449571595
0.6277006403333334,1.0581833278305672
0.6279006403333338,1.057905032163211
0.6281006403333338,1.0576105523252475
0.6283006403333335,1.0572998784409238
0.6285006403333329,1.0569730010055514
0.628700640333334,1.0566299108880155
0.6289006403333337,1.056270599333275
0.6291006403333328,1.0558950579648156
0.6293006403333326,1.055503278787091
0.6295006403333336,1.0550952541879406
0.6297006403333336,1.0546709769409843
0.6299006403333334,1.0542304402079719
0.6301006403333325,1.05377363754113
0.6303006403333329,1.0533005628854661
0.6305006403333338,1.0528112105810634
0.6307006403333335,1.05230557536534
0.6309006403333328,1.0517836523752688
0.6311006403333332,1.0512454371495887
0.6313006403333334,1.0506909256309944
0.6315006403333341,1.0501201141682748
0.6317006403333332,1.049532999518454
0.6319006403333327,1.0489295788488664
0.6321006403333338,1.0483098497392418
0.6323006403333338,1.0476738101837653
0.6325006403333333,1.0470214585930648
0.6327006403333328,1.0463527937962118
0.6329006403333339,1.045667815042682
0.6331006403333332,1.0449665220043065
0.6333006403333341,1.0442489147771412
0.6335006403333323,1.0435149938833934
0.633700640333333,1.042764760273211
0.6339006403333338,1.04199821532657
0.6341006403333331,1.041215360855038
0.6343006403333331,1.0404161991035292
0.6345006403333331,1.0396007327520722
0.6347006403333335,1.038768964917503
0.6349006403333339,1.0379208991551583
0.6351006403333337,1.0370565394605307
0.6353006403333326,1.0361758902708913
0.6355006403333334,1.035278956466881
0.6357006403333341,1.0343657433741162
0.6359006403333336,1.0334362567647075
0.6361006403333322,1.032490502858776
0.6363006403333336,1.031528488325933
0.6365006403333331,1.0305502202867942
0.636700640333334,1.02955570631434
0.6369006403333328,1.028544954435388
0.637100640333333,1.0275179731319095
0.6373006403333337,1.0264747713424323
0.6375006403333334,1.0254153584633463
0.637700640333333,1.0243397443501887
0.6379006403333325,1.0232479393189242
0.6381006403333338,1.0221399541471743
0.6383006403333338,1.02101580007547
0.6385006403333335,1.0198754888083883
0.6387006403333331,1.0187190325157407
0.6389006403333333,1.0175464438336967
0.6391006403333344,1.016357735865899
0.6393006403333337,1.0151529221845588
0.6395006403333328,1.0139320168314638
0.6397006403333332,1.0126950343190302
0.6399006403333336,1.0114419896313236
0.6401006403333338,1.0101728982250062
0.6403006403333331,1.0088877760302966
0.6405006403333326,1.0075866394518733
0.640700640333334,1.0062695053697834
0.6409006403333335,1.0049363911403453
0.6411006403333337,1.0035873145969243
0.6413006403333328,1.002222294050812
0.641500640333333,1.0008413482919698
0.6417006403333336,0.9994444965898404
0.6419006403333336,0.9980317586940746
0.6421006403333325,0.9966031548352393
0.6423006403333329,0.9951587057254938
0.642500640333334,0.993698432559301
0.6427006403333335,0.9922223570140578
0.6429006403333328,0.9907305012506743
0.643100640333333,0.9892228879141957
0.6433006403333337,0.9876995401343793
0.6435006403333341,0.9861604815262293
0.6437006403333334,0.9846057361905173
0.6439006403333325,0.9830353287142634
0.644100640333334,0.981449284171205
0.644300640333334,0.9798476281223123
0.6445006403333329,0.97823038661613
0.6447006403333329,0.97659758618919
0.6449006403333335,0.9749492538664307
0.6451006403333337,0.9732854171615338
0.6453006403333337,0.9716061040772359
0.6455006403333323,0.9699113431056628
0.6457006403333327,0.9682011632285623
0.645900640333334,0.9664755939176372
0.6461006403333334,0.9647346651347694
0.6463006403333331,0.9629784073321686
0.6465006403333331,0.9612068514526394
0.6467006403333335,0.9594200289297206
0.6469006403333339,0.9576179716878479
0.647100640333333,0.9558007121424785
0.6473006403333326,0.9539682832001632
0.6475006403333334,0.9521207182586606
0.6477006403333341,0.9502580512070132
0.6479006403333336,0.9483803164255572
0.6481006403333325,0.9464875487859328
0.6483006403333338,0.9445797836510638
0.6485006403333331,0.9426570568752304
0.648700640333334,0.9407194048038691
0.6489006403333324,0.9387668642736541
0.6491006403333328,0.9367994726122497
0.6493006403333339,0.9348172676383356
0.6495006403333334,0.9328202876614246
0.649700640333333,0.9308085714816619
0.6499006403333327,0.9287821583896975
0.6501006403333336,0.9267410881664679
0.6503006403333342,0.9246854010830087
0.6505006403333331,0.9226151379001906
0.6507006403333329,0.920530339868415
0.6509006403333331,0.9184310487274071
0.6511006403333344,0.9163173067058662
0.6513006403333337,0.9141891565211983
0.6515006403333323,0.9120466413790794
0.6517006403333334,0.9098898049731191
0.6519006403333336,0.9077186914845631
0.6521006403333338,0.9055333455817706
0.6523006403333325,0.9033338124198579
0.6525006403333329,0.9011201376401673
0.652700640333334,0.8988923673699036
0.6529006403333335,0.8966505482216022
0.6531006403333337,0.8943947272925593
0.653300640333333,0.8921249521643887
0.6535006403333334,0.8898412709023884
0.6537006403333336,0.8875437320550397
0.6539006403333338,0.8852323846533636
0.6541006403333327,0.8829072782103342
0.6543006403333329,0.8805684627201793
0.6545006403333342,0.878215988657803
0.6547006403333335,0.8758499069781074
0.6549006403333328,0.873470269115197
0.6551006403333333,0.8710771269817281
0.6553006403333339,0.86867053296818
0.6555006403333341,0.8662505399420655
0.6557006403333332,0.8638172012471478
0.6559006403333327,0.8613705707026067
0.6561006403333338,0.8589107026022429
0.6563006403333336,0.8564376517136736
0.6565006403333331,0.8539514732773622
0.6567006403333329,0.851452223005783
0.6569006403333335,0.8489399570824955
0.6571006403333337,0.8464147321612367
0.6573006403333337,0.843876605364917
0.6575006403333326,0.8413256342846751
0.6577006403333323,0.8387618769788229
0.6579006403333336,0.8361853919718741
0.6581006403333336,0.8335962382535289
0.6583006403333329,0.8309944752775085
0.6585006403333331,0.8283801629605
0.6587006403333338,0.8257533616810784
0.6589006403333342,0.8231141322785438
0.6591006403333333,0.8204625360517663
0.6593006403333326,0.8177986347579592
0.6595006403333337,0.8151224906115068
0.6597006403333341,0.812434166282787
0.6599006403333332,0.8097337248968415
0.6601006403333327,0.8070212300320878
0.660300640333334,0.8042967457190559
0.6605006403333331,0.8015603364391299
0.6607006403333335,0.7988120671230234
0.6609006403333324,0.7960520031495942
0.6611006403333328,0.7932802103442802
0.6613006403333339,0.7904967549778066
0.6615006403333332,0.787701703764712
0.661700640333333,0.7848951238617847
0.6619006403333332,0.7820770828666626
0.6621006403333338,0.7792476488162778
0.6623006403333338,0.776406890185326
0.6625006403333331,0.7735548758846591
0.6627006403333326,0.7706916752596905
0.6629006403333331,0.7678173580887824
0.6631006403333339,0.7649319945816091
0.6633006403333332,0.7620356553774852
0.6635006403333326,0.7591284115435866
0.6637006403333336,0.7562103345732671
0.6639006403333334,0.7532814963843759
0.6641006403333338,0.7503419693173259
0.6643006403333327,0.7473918261334181
0.6645006403333329,0.7444311400128656
0.6647006403333335,0.7414599845530563
0.6649006403333333,0.738478433766609
0.6651006403333328,0.7354865620794164
0.665300640333333,0.732484444328717
0.6655006403333339,0.7294721557611344
0.6657006403333341,0.7264497720306771
0.6659006403333332,0.7234173691966671
0.6661006403333329,0.7203750237216561
0.6663006403333334,0.7173228124693889
0.6665006403333342,0.71426081270266
0.6667006403333335,0.7111891020811819
0.6669006403333329,0.7081077586593219
0.6671006403333333,0.7050168608839514
0.6673006403333337,0.7019164875922304
0.6675006403333339,0.6988067180092881
0.667700640333333,0.6956876317459435
0.6679006403333323,0.6925593087963289
0.6681006403333336,0.6894218295355528
0.6683006403333338,0.6862752747173877
0.6685006403333336,0.6831197254717118
0.6687006403333331,0.6799552633021164
0.6689006403333331,0.6767819700834049
0.6691006403333335,0.6735999280590909
0.6693006403333337,0.6704092198388465
0.6695006403333323,0.6672099283959207
0.6697006403333328,0.6640021370644393
0.6699006403333341,0.6607859295368995
0.6701006403333338,0.657561389861449
0.6703006403333331,0.6543286024390914
0.6705006403333331,0.6510876520210017
0.6707006403333335,0.6478386237057681
0.670900640333334,0.6445816029365664
0.6711006403333333,0.6413166754983259
0.6713006403333326,0.6380439275148051
0.6715006403333339,0.6347634454457046
0.6717006403333341,0.6314753160838258
0.6719006403333332,0.6281796265519588
0.6721006403333327,0.6248764642999001
0.6723006403333336,0.6215659171014455
0.6725006403333336,0.618248073051356
0.6727006403333335,0.614923020562144
0.6729006403333324,0.6115908483610145
0.6731006403333326,0.608251645486594
0.6733006403333339,0.6049055012858233
0.6735006403333337,0.6015525054107069
0.6737006403333332,0.5981927478149257
0.6739006403333334,0.5948263187505958
0.6741006403333338,0.5914533087649351
0.674300640333334,0.5880738086968568
0.6745006403333329,0.5846879096735639
0.6747006403333329,0.5812957031070246
0.6749006403333333,0.5778972806905976
0.6751006403333342,0.5744927343954485
0.6753006403333337,0.5710821564670332
0.6755006403333326,0.5676656394214361
0.6757006403333337,0.5642432760417498
0.6759006403333334,0.5608151593745606
0.6761006403333338,0.5573813827260513
0.6763006403333325,0.5539420396584411
0.6765006403333329,0.5504972239860441
0.6767006403333338,0.5470470297716573
0.6769006403333333,0.543591551322651
0.6771006403333331,0.5401308831870373
0.677300640333333,0.5366651201496506
0.6775006403333337,0.5331943572281787
0.6777006403333343,0.5297186896692172
0.6779006403333334,0.5262382129442622
0.6781006403333325,0.5227530227456004
0.6783006403333331,0.5192632149822893
0.678500640333334,0.5157688857761016
0.6787006403333331,0.5122701314573425
0.6789006403333324,0.508767048560596
0.6791006403333335,0.5052597338205899
0.6793006403333339,0.5017482841680176
0.6795006403333339,0.4982327967251448
0.6797006403333328,0.49471336880156
0.6799006403333328,0.4911900978897669
0.6801006403333338,0.48766308166089845
0.6803006403333338,0.48413241796030615
0.6805006403333329,0.4805982048030368
0.6807006403333329,0.47706054036937395
0.6809006403333335,0.473519523000393
0.6811006403333335,0.46997525119340655
0.6813006403333337,0.4664278235973342
0.6815006403333328,0.4628773390081786
0.681700640333333,0.4593238963642873
0.6819006403333343,0.45576759474178935
0.6821006403333336,0.4522085333499144
0.6823006403333325,0.4486468115261255
0.6825006403333334,0.44508252873142795
0.6827006403333338,0.44151578454568124
0.682900640333334,0.43794667866264697
0.6831006403333333,0.434375310885201
0.6833006403333324,0.4308017811204151
0.6835006403333339,0.4272261893746367
0.6837006403333337,0.42364863574871015
0.6839006403333334,0.4200692204327793
0.6841006403333327,0.4164880437014413
0.6843006403333334,0.41290520590864244
0.6845006403333336,0.4093208074827326
0.6847006403333336,0.4057349489212857
0.6849006403333322,0.40214773078605676
0.6851006403333326,0.398559253697748
0.6853006403333339,0.39496961833099953
0.6855006403333339,0.39137892540915636
0.6857006403333328,0.3877872756989912
0.685900640333333,0.3841947700054731
0.6861006403333336,0.3806015091666072
0.6863006403333345,0.3770075940480779
0.6865006403333331,0.37341312553799283
0.6867006403333324,0.3698182045414149
0.6869006403333338,0.366222931975131
0.687100640333334,0.3626274087623249
0.6873006403333335,0.359031735827034
0.6875006403333326,0.3554360140887946
0.6877006403333337,0.3518403444571545
0.6879006403333336,0.3482448278263479
0.6881006403333338,0.3446495650696312
0.6883006403333325,0.34105465703391313
0.6885006403333327,0.33746020453408676
0.688700640333334,0.33386630834763775
0.6889006403333331,0.3302730692090705
0.6891006403333331,0.3266805878041601
0.6893006403333333,0.32308896476453886
0.6895006403333337,0.3194983006620018
0.6897006403333339,0.3159086960028962
0.6899006403333336,0.31232025122246276
0.6901006403333327,0.30873306667917727
0.6903006403333332,0.30514724264903476
0.6905006403333342,0.30156287931994574
0.6907006403333331,0.29798007678602345
0.6909006403333324,0.2943989350417271
0.6911006403333335,0.29081955397625536
0.6913006403333333,0.28724203336785914
0.6915006403333339,0.28366647287791474
0.691700640333333,0.2800929720453366
0.6919006403333323,0.2765216302806462
0.6921006403333336,0.2729525468602622
0.6923006403333334,0.2693858209208041
0.6925006403333329,0.2658215514531086
0.6927006403333329,0.26225983729652025
0.6929006403333335,0.25870077713307177
0.6931006403333342,0.25514446948167047
0.6933006403333335,0.25159101269226625
0.6935006403333328,0.24804050493996027
0.6937006403333337,0.2444930442192103
0.6939006403333343,0.24094872833805478
0.6941006403333336,0.23740765491219556
0.6943006403333325,0.23386992135912943
0.6945006403333331,0.23033562489231169
0.6947006403333338,0.2268048625154007
0.6949006403333342,0.2232777310163103
0.6951006403333331,0.21975432696140718
0.6953006403333326,0.2162347466895813
0.6955006403333337,0.21271908630648367
0.6957006403333337,0.20920744167872196
0.6959006403333332,0.20569990842789818
0.6961006403333323,0.2021965819248407
0.6963006403333334,0.1986975572837174
0.6965006403333345,0.19520292935632794
0.6967006403333338,0.19171279272619912
0.6969006403333324,0.18822724170272492
0.6971006403333329,0.1847463703153834
0.6973006403333339,0.18127027230802353
0.6975006403333337,0.17779904113302594
0.6977006403333326,0.1743327699454646
0.6979006403333332,0.17087155159733744
0.6981006403333341,0.1674154786319184
0.6983006403333345,0.16396464327792093
0.6985006403333334,0.1605191374437816
0.6987006403333325,0.15707905271188183
0.6989006403333338,0.1536444803328837
0.6991006403333335,0.15021551122013685
0.6993006403333331,0.14679223594381335
0.6995006403333324,0.1433747447253545
0.6997006403333337,0.1399631274317631
0.6999006403333341,0.13655747357009915
0.7001006403333334,0.13315787228173767
0.7003006403333325,0.1297644123368023
0.7005006403333327,0.126377182128606
0.700700640333334,0.12299626966812885
0.7009006403333335,0.11962176257851506
0.7011006403333326,0.11625374808944391
0.7013006403333331,0.1128923130317095
0.7015006403333339,0.1095375438318106
0.7017006403333343,0.1061895265064686
0.7019006403333332,0.10284834665721843
0.7021006403333327,0.09951408946496315
0.7023006403333336,0.0961868396846946
0.7025006403333338,0.09286668164017935
0.7027006403333336,0.08955369921857168
0.7029006403333322,0.08624797586518876
0.7031006403333335,0.08294959457817647
0.7033006403333335,0.07965863790349312
0.7035006403333339,0.07637518792949996
0.7037006403333324,0.07309932628197155
0.7039006403333328,0.06983113411879853
0.7041006403333341,0.06657069212508751
0.7043006403333334,0.06331808050805078
0.7045006403333327,0.060073378991876585
0.7047006403333329,0.05683666681284148
0.7049006403333336,0.05360802271436356
0.7051006403333346,0.05038752494205981
0.7053006403333335,0.04717525123891987
0.7055006403333326,0.04397127884034348
0.7057006403333332,0.04077568446943994
0.7059006403333341,0.0375885443322936
0.7061006403333334,0.03440993411320637
0.7063006403333325,0.031239928969963242
0.7065006403333334,0.028078603529231774
0.7067006403333336,0.02492603188204789
0.7069006403333342,0.02178228757913455
0.7071006403333326,0.01864744362650769
0.7073006403333324,0.015521572480853636
0.7075006403333339,0.012404746045253712
0.7077006403333337,0.009297035664821181
0.7079006403333332,0.0061985121222292595
0.7081006403333323,0.0031092456335350682
0.7083006403333336,2.930584387104973e-05
0.7085006403333338,-0.00304123817660696
0.7087006403333338,-0.006102317937017116
0.7089006403333329,-0.009153865529753603
0.7091006403333331,-0.012195813634592979
0.7093006403333342,-0.015228095522610115
0.7095006403333337,-0.01825064506011912
0.7097006403333324,-0.021263396712643233
0.709900640333333,-0.024266285548737117
0.7101006403333341,-0.027259247243671014
0.7103006403333345,-0.030242218083235885
0.7105006403333334,-0.03321513496741775
0.7107006403333325,-0.03617793541405565
0.710900640333334,-0.03913055756237748
0.7111006403333338,-0.04207294017641173
0.7113006403333335,-0.04500502264862796
0.7115006403333324,-0.04792674500320955
0.711700640333333,-0.05083804789948918
0.7119006403333339,-0.05373887263512074
0.7121006403333341,-0.05662916114938096
0.7123006403333323,-0.059508856026321645
0.7125006403333327,-0.06237790049796849
0.7127006403333338,-0.06523623844720922
0.7129006403333338,-0.06808381441086672
0.7131006403333326,-0.07092057358265864
0.7133006403333328,-0.07374646181607802
0.7135006403333335,-0.07656142562712193
0.7137006403333346,-0.07936541219709946
0.7139006403333332,-0.08215836937526569
0.7141006403333323,-0.0849402456815668
0.7143006403333341,-0.08771099030911156
0.714500640333334,-0.0904705531265858
0.7147006403333334,-0.09321888468085854
0.7149006403333324,-0.0959559361992645
0.7151006403333331,-0.09868165959193881
0.7153006403333335,-0.10139600745399255
0.7155006403333339,-0.10409893306776456
0.7157006403333326,-0.10679039040488014
0.7159006403333328,-0.10947033412839158
0.7161006403333341,-0.11213871959463875
0.7163006403333334,-0.11479550285517845
0.7165006403333332,-0.1174406406587413
0.7167006403333329,-0.12007409045289891
0.7169006403333338,-0.12269581038583637
0.7171006403333342,-0.125305759307943
0.7173006403333335,-0.12790389677343647
0.7175006403333324,-0.13049018304187987
0.7177006403333337,-0.1330645790796336
0.7179006403333339,-0.1356270465611188
0.7181006403333334,-0.1381775478702573
0.7183006403333321,-0.14071604610164742
0.7185006403333336,-0.14324250506179143
0.7187006403333334,-0.14575688927003574
0.718900640333334,-0.14825916395980068
0.7191006403333329,-0.15074929507938026
0.7193006403333326,-0.15322724929296547
0.7195006403333339,-0.15569299398137368
0.7197006403333337,-0.15814649724277702
0.7199006403333328,-0.16058772789347978
0.7201006403333323,-0.16301665546848165
0.7203006403333336,-0.16543325022201721
0.7205006403333345,-0.16783748312798186
0.7207006403333334,-0.17022932588038195
0.7209006403333329,-0.17260875089370598
0.7211006403333335,-0.17497573130310695
0.7213006403333344,-0.17733024096460073
0.7215006403333335,-0.17967225445518764
0.7217006403333319,-0.18200174707294844
0.721900640333333,-0.18431869483700955
0.7221006403333337,-0.18662307448734988
0.7223006403333343,-0.18891486348475145
0.7225006403333327,-0.19119404001049303
0.7227006403333325,-0.19346058296614124
0.7229006403333342,-0.19571447197307462
0.7231006403333338,-0.19795568737201646
0.7233006403333333,-0.20018421022264504
0.7235006403333324,-0.2024000223029046
0.7237006403333333,-0.20460310610840732
0.7239006403333343,-0.2067934448516346
0.7241006403333337,-0.2089710224611785
0.7243006403333323,-0.21113582358091176
0.7245006403333334,-0.21328783356903963
0.7247006403333345,-0.21542703849701175
0.7249006403333338,-0.21755342514851456
0.7251006403333324,-0.21966698101834947
0.7253006403333331,-0.22176769431120433
0.7255006403333335,-0.2238555539403036
0.7257006403333344,-0.22593054952613717
0.7259006403333332,-0.22799267139498045
0.7261006403333323,-0.23004191057748458
0.7263006403333341,-0.232078258807074
0.7265006403333341,-0.23410170851825254
0.7267006403333331,-0.23611225284503365
0.7269006403333322,-0.23810988561912938
0.7271006403333338,-0.24009460136813834
0.7273006403333335,-0.2420663953135725
0.7275006403333335,-0.24402526336902616
0.7277006403333326,-0.24597120213805831
0.727900640333333,-0.2479042089121651
0.7281006403333341,-0.2498242816685621
0.7283006403333336,-0.2517314190679758
0.7285006403333327,-0.253625620452406
0.7287006403333329,-0.25550688584274384
0.728900640333334,-0.2573752159363378
0.7291006403333342,-0.2592306121045163
0.7293006403333331,-0.26107307639007304
0.7295006403333322,-0.2629026115046672
0.7297006403333339,-0.2647192208261448
0.7299006403333337,-0.26652290839573584
0.7301006403333334,-0.2683136789153885
0.7303006403333321,-0.2700915377448265
0.7305006403333341,-0.2718564908987126
0.7307006403333334,-0.2736085450435321
0.7309006403333338,-0.275347707494736
0.7311006403333322,-0.277073986213502
0.7313006403333326,-0.2787873898037013
0.7315006403333342,-0.280487927508583
0.7317006403333333,-0.2821756092075246
0.7319006403333328,-0.2838504454127806
0.7321006403333328,-0.2855124472660186
0.7323006403333336,-0.287161626534905
0.7325006403333345,-0.28879799560959507
0.7327006403333336,-0.2904215674991812
0.7329006403333329,-0.29203235582812315
0.7331006403333336,-0.2936303748325477
0.733300640333334,-0.2952156393565175
0.7335006403333331,-0.2967881648482864
0.7337006403333322,-0.29834796735649094
0.7339006403333337,-0.29989506352626605
0.7341006403333334,-0.30142947059525715
0.7343006403333341,-0.3029512063897473
0.7345006403333327,-0.30446028932053293
0.7347006403333325,-0.30595673837893433
0.734900640333334,-0.3074405731326029
0.7351006403333331,-0.30891181372132903
0.7353006403333331,-0.31037048085290886
0.7355006403333324,-0.3118165957987808
0.7357006403333337,-0.31325018038977503
0.7359006403333339,-0.31467125701167614
0.7361006403333337,-0.3160798486008824
0.736300640333333,-0.31747597863991917
0.7365006403333338,-0.3188596711529584
0.7367006403333345,-0.3202309507012374
0.7369006403333336,-0.3215898423785024
0.7371006403333324,-0.32293637180639734
0.7373006403333331,-0.324270565129781
0.7375006403333335,-0.32559244901198603
0.7377006403333342,-0.3269020506301141
0.737900640333333,-0.32819939767021555
0.7381006403333326,-0.3294845183225047
0.7383006403333343,-0.3307574412764623
0.7385006403333336,-0.3320181957158981
0.7387006403333332,-0.33326681131409963
0.7389006403333327,-0.334503318228791
0.7391006403333336,-0.33572774709715353
0.739300640333334,-0.33694012903075127
0.7395006403333335,-0.3381404956104823
0.7397006403333324,-0.3393288788814639
0.7399006403333332,-0.3405053113479004
0.7401006403333339,-0.34166982596786666
0.7403006403333336,-0.3428224561481423
0.7405006403333327,-0.3439632357389739
0.7407006403333327,-0.3450921990288134
0.7409006403333338,-0.34620938073901303
0.7411006403333342,-0.3473148160185022
0.7413006403333329,-0.3484085404384575
0.7415006403333324,-0.3494905899869477
0.7417006403333342,-0.3505610010635095
0.7419006403333339,-0.35161981047370366
0.742100640333333,-0.35266705542373017
0.7423006403333323,-0.3537027735149284
0.7425006403333334,-0.3547270027382932
0.7427006403333336,-0.3557397814689388
0.7429006403333338,-0.35674114846060745
0.7431006403333329,-0.35773114284009044
0.7433006403333329,-0.35870980410168257
0.7435006403333342,-0.35967717210157135
0.7437006403333333,-0.3606332870522201
0.743900640333333,-0.3615781895167955
0.7441006403333328,-0.36251192040348246
0.7443006403333337,-0.363434520959856
0.7445006403333341,-0.36434603276719413
0.7447006403333334,-0.3652464977348133
0.7449006403333325,-0.36613595809437977
0.7451006403333338,-0.3670144563942031
0.7453006403333342,-0.36788203549348975
0.7455006403333333,-0.3687387385566546
0.7457006403333322,-0.3695846090475788
0.7459006403333339,-0.3704196907238696
0.7461006403333337,-0.3712440276310648
0.7463006403333341,-0.37205766409694163
0.7465006403333323,-0.37286064472569613
0.7467006403333327,-0.37365301439222576
0.7469006403333345,-0.3744348182363034
0.7471006403333331,-0.375206101656808
0.7473006403333329,-0.3759669103059887
0.7475006403333326,-0.37671729008362814
0.7477006403333342,-0.3774572871312869
0.7479006403333339,-0.3781869478264898
0.7481006403333337,-0.3789063187769782
0.7483006403333323,-0.3796154468148936
0.7485006403333334,-0.38031437899102527
0.7487006403333345,-0.3810031625689877
0.7489006403333331,-0.3816818450194693
0.7491006403333325,-0.3823504740144733
0.7493006403333331,-0.38300909742152606
0.7495006403333335,-0.3836577632979125
0.749700640333334,-0.3842965198849335
0.7499006403333328,-0.38492541560214644
0.7501006403333326,-0.3855444990416401
0.7503006403333343,-0.3861538189622857
0.7505006403333336,-0.38675342428400156
0.7507006403333332,-0.3873433640820765
0.7509006403333325,-0.3879236875814389
0.7511006403333338,-0.3884944441509808
0.7513006403333342,-0.38905568329785867
0.7515006403333335,-0.3896074546618491
0.7517006403333324,-0.3901498080096944
0.7519006403333337,-0.39068279322946686
0.7521006403333343,-0.3912064603249264
0.7523006403333337,-0.3917208594099382
0.7525006403333323,-0.3922260407028798
0.7527006403333332,-0.3927220545210731
0.752900640333334,-0.39320895127521144
0.7531006403333342,-0.39368678146384306
0.7533006403333331,-0.39415559566785435
0.7535006403333324,-0.3946154445449769
0.7537006403333344,-0.39506637882431284
0.7539006403333337,-0.39550844930086404
0.754100640333333,-0.3959417068301375
0.7543006403333323,-0.39636620232271486
0.7545006403333341,-0.396781986738881
0.7547006403333338,-0.39718911108324595
0.7549006403333334,-0.39758762639943823
0.755100640333332,-0.3979775837647799
0.7553006403333329,-0.3983590342850165
0.7555006403333338,-0.3987320290890449
0.7557006403333335,-0.3990966193236991
0.7559006403333328,-0.3994528561485509
0.7561006403333328,-0.3998007907307388
0.7563006403333341,-0.4001404742398249
0.7565006403333343,-0.40047195784267897
0.7567006403333327,-0.40079529269840797
0.7569006403333325,-0.4011105299533089
0.757100640333334,-0.40141772073584137
0.7573006403333338,-0.40171691615164107
0.7575006403333329,-0.40200816727858224
0.7577006403333324,-0.4022915251618496
0.7579006403333342,-0.4025670408090576
0.7581006403333337,-0.40283476518538963
0.7583006403333337,-0.4030947492088026
0.7585006403333323,-0.4033470437452331
0.7587006403333327,-0.403591699603865
0.7589006403333345,-0.4038287675324147
0.7591006403333329,-0.40405829821246303
0.7593006403333329,-0.4042803422548387
0.7595006403333329,-0.40449495019500786
0.759700640333334,-0.4047021724885326
0.7599006403333344,-0.40490205950654895
0.7601006403333337,-0.4050946615312979
0.7603006403333326,-0.4052800287516901
0.7605006403333336,-0.4054582112589143
0.7607006403333341,-0.4056292590420764
0.7609006403333332,-0.4057932219838982
0.761100640333332,-0.4059501498564467
0.7613006403333336,-0.4061000923169068
0.7615006403333335,-0.4062430989033949
0.7617006403333342,-0.4063792190308245
0.7619006403333326,-0.4065085019868064
0.7621006403333326,-0.4066309969276007
0.7623006403333339,-0.4067467528741052
0.7625006403333334,-0.40685581870789267
0.7627006403333323,-0.40695824316729756
0.7629006403333325,-0.40705407484354217
0.763100640333334,-0.40714336217691105
0.763300640333334,-0.40722615345296964
0.7635006403333335,-0.40730249679883657
0.7637006403333326,-0.40737244017949514
0.7639006403333335,-0.4074360313941565
0.7641006403333344,-0.4074933180726674
0.7643006403333334,-0.40754434767196956
0.7645006403333323,-0.4075891674726052
0.7647006403333332,-0.4076278245752732
0.7649006403333338,-0.40766036589742805
0.765100640333334,-0.4076868381699375
0.7653006403333329,-0.4077072879337813
0.7655006403333326,-0.40772176153680406
0.7657006403333344,-0.4077303051305163
0.7659006403333335,-0.40773296466694675
0.7661006403333328,-0.40772978589554354
0.7663006403333323,-0.4077208143601283
0.7665006403333336,-0.40770609539589775
0.7667006403333343,-0.40768567412647927
0.7669006403333336,-0.4076595954610377
0.7671006403333325,-0.4076279040914297
0.7673006403333331,-0.40759064448941484
0.767500640333334,-0.40754786090391526
0.7677006403333335,-0.4074995973583282
0.7679006403333326,-0.40744589764788985
0.768100640333333,-0.40738680533709165
0.7683006403333339,-0.4073223637571508
0.7685006403333343,-0.407252616003531
0.768700640333333,-0.4071776049335153
0.7689006403333325,-0.4070973731638329
0.7691006403333345,-0.40701196306833953
0.769300640333334,-0.4069214167757512
0.7695006403333329,-0.40682577616742527
0.7697006403333322,-0.40672508287520154
0.7699006403333335,-0.40661937827929195
0.7701006403333337,-0.40650870350622853
0.7703006403333332,-0.4063930994268571
0.7705006403333328,-0.4062726066543889
0.770700640333333,-0.40614726554250513
0.770900640333334,-0.40601711618351505
0.7711006403333331,-0.4058821984065677
0.7713006403333325,-0.40574255177591134
0.7715006403333329,-0.4055982155892137
0.7717006403333335,-0.40544922887593315
0.7719006403333339,-0.4052956303957413
0.772100640333333,-0.40513745863700057
0.7723006403333326,-0.4049747518152916
0.7725006403333341,-0.4048075478719977
0.7727006403333341,-0.40463588447294657
0.7729006403333332,-0.4044597990070913
0.773100640333332,-0.4042793285852557
0.7733006403333338,-0.4040945100389282
0.7735006403333335,-0.4039053799191169
0.7737006403333335,-0.40371197449523905
0.7739006403333324,-0.40351432975408197
0.7741006403333328,-0.40331248139880155
0.7743006403333343,-0.4031064648479878
0.7745006403333334,-0.40289631523477354
0.7747006403333323,-0.40268206740598866
0.7749006403333325,-0.4024637559213802
0.775100640333334,-0.4022414150528785
0.7753006403333345,-0.40201507878391607
0.7755006403333335,-0.40178478080879076
0.7757006403333324,-0.40155055453208777
0.7759006403333335,-0.40131243306814895
0.7761006403333339,-0.40107044924060353
0.776300640333333,-0.4008246355819319
0.7765006403333323,-0.4005750243330886
0.7767006403333334,-0.4003216474431779
0.7769006403333341,-0.4000645365691823
0.777100640333334,-0.3998037230757291
0.7773006403333329,-0.39953923803491437
0.7775006403333329,-0.39927111222617323
0.7777006403333342,-0.398999376136206
0.7779006403333335,-0.3987240599589506
0.778100640333333,-0.39844519359559016
0.7783006403333323,-0.39816280665462866
0.7785006403333337,-0.3978769284520014
0.7787006403333341,-0.39758758801124633
0.7789006403333336,-0.39729481406370526
0.7791006403333325,-0.39699863504878297
0.7793006403333336,-0.39669907911424873
0.7795006403333342,-0.3963961741165997
0.7797006403333335,-0.3960899476214466
0.7799006403333324,-0.3957804269039567
0.7801006403333333,-0.3954676389493428
0.7803006403333339,-0.3951516104534072
0.7805006403333341,-0.39483236782310926
0.7807006403333332,-0.394509937177193
0.7809006403333327,-0.3941843443468507
0.781100640333334,-0.3938556148764378
0.7813006403333336,-0.39352377402423583
0.7815006403333331,-0.3931888467632337
0.7817006403333326,-0.3928508577819807
0.781900640333334,-0.3925098314854627
0.7821006403333342,-0.39216579199604007
0.7823006403333337,-0.39181876315439923
0.7825006403333321,-0.391468768520569
0.7827006403333332,-0.3911158313749616
0.7829006403333336,-0.3907599747194791
0.7831006403333334,-0.39040122127862764
0.7833006403333331,-0.39003959350068895
0.7835006403333331,-0.38967511355893086
0.7837006403333342,-0.38930780335285425
0.7839006403333342,-0.38893768450948196
0.7841006403333333,-0.3885647783846743
0.7843006403333326,-0.3881891060644912
0.7845006403333341,-0.38781068836659083
0.7847006403333341,-0.38742954584167566
0.7849006403333332,-0.38704569877494366
0.7851006403333325,-0.3866591671876024
0.785300640333334,-0.38626997083840847
0.7855006403333336,-0.38587812922525755
0.7857006403333338,-0.38548366158677083
0.7859006403333324,-0.3850865869039594
0.7861006403333328,-0.38468692390188314
0.7863006403333339,-0.3842846910513804
0.786500640333333,-0.3838799065708043
0.786700640333333,-0.3834725884277844
0.786900640333333,-0.3830627543410507
0.7871006403333336,-0.3826504217822595
0.7873006403333342,-0.38223560797786793
0.7875006403333331,-0.3818183299110302
0.7877006403333324,-0.38139860432351413
0.7879006403333335,-0.38097644771766676
0.7881006403333342,-0.38055187635840454
0.7883006403333332,-0.3801249062752162
0.7885006403333319,-0.37969555326419957
0.7887006403333336,-0.3792638328901279
0.7889006403333334,-0.37882976048856676
0.7891006403333338,-0.3783933511679572
0.7893006403333327,-0.3779546198117887
0.7895006403333329,-0.3775135810807456
0.789700640333334,-0.3770702494149194
0.7899006403333333,-0.3766246390360246
0.7901006403333328,-0.37617676394962263
0.7903006403333326,-0.37572663794740213
0.7905006403333339,-0.375274274609456
0.7907006403333341,-0.37481968730660176
0.7909006403333336,-0.3743628892026939
0.7911006403333327,-0.373903893256981
0.7913006403333334,-0.37344271222647074
0.7915006403333342,-0.37297935866833126
0.7917006403333331,-0.37251384494229367
0.7919006403333326,-0.37204618321306515
0.7921006403333333,-0.37157638545279126
0.7923006403333339,-0.37110446344351616
0.7925006403333339,-0.37063042877965735
0.792700640333333,-0.3701542928705023
0.7929006403333323,-0.3696760669427162
0.793100640333334,-0.36919576204287186
0.7933006403333338,-0.36871338904000805
0.7935006403333329,-0.36822895862815697
0.7937006403333324,-0.36774248132892795
0.7939006403333335,-0.3672539674940907
0.7941006403333344,-0.36676342730817696
0.7943006403333337,-0.3662708707910811
0.7945006403333323,-0.36577630780067494
0.7947006403333334,-0.36527974803543767
0.7949006403333341,-0.3647812010371183
0.7951006403333336,-0.36428067619336524
0.7953006403333327,-0.3637781827403902
0.7955006403333331,-0.36327372976563627
0.7957006403333338,-0.36276732621046753
0.7959006403333344,-0.36225898087284464
0.796100640333333,-0.36174870241002405
0.7963006403333326,-0.36123649934124236
0.7965006403333339,-0.36072238005043744
0.7967006403333343,-0.36020635278896734
0.796900640333333,-0.3596884256783117
0.7971006403333321,-0.3591686067127905
0.7973006403333334,-0.35864690376229935
0.7975006403333338,-0.3581233245750516
0.7977006403333335,-0.3575978767802881
0.7979006403333324,-0.35707056789102476
0.7981006403333331,-0.3565414053067788
0.7983006403333337,-0.3560103963163294
0.7985006403333332,-0.3554775481004447
0.7987006403333328,-0.354942867734617
0.798900640333333,-0.354406362191812
0.7991006403333338,-0.3538680383452105
0.799300640333334,-0.3533279029709486
0.7995006403333329,-0.35278596275085267
0.7997006403333329,-0.3522422242751675
0.799900640333334,-0.3516966940453063
0.8001006403333342,-0.35114937847658045
0.8003006403333333,-0.3506002839009176
0.8005006403333319,-0.3500494165695875
0.8007006403333337,-0.34949678265591705
0.8009006403333334,-0.34894238825803586
0.8011006403333341,-0.34838623940154095
0.8013006403333325,-0.34782834204223906
0.8015006403333331,-0.34726870206880667
0.8017006403333338,-0.34670732530552023
0.8019006403333333,-0.34614421751491925
0.8021006403333328,-0.3455793844004783
0.8023006403333326,-0.3450128316092848
0.8025006403333337,-0.3444445647346932
0.8027006403333343,-0.34387458931898685
0.8029006403333334,-0.3433029108560084
0.8031006403333325,-0.34272953479378687
0.8033006403333336,-0.34215446653716375
0.803500640333334,-0.34157771145041926
0.8037006403333331,-0.34099927485985193
0.803900640333332,-0.340419162056367
0.8041006403333333,-0.33983737829805305
0.8043006403333337,-0.3392539288127672
0.8045006403333339,-0.3386688188006568
0.8047006403333328,-0.3380820534367127
0.8049006403333328,-0.33749363787327863
0.8051006403333341,-0.33690357724257675
0.8053006403333338,-0.3363118766592057
0.8055006403333329,-0.33571854122260103
0.8057006403333322,-0.33512357601951137
0.8059006403333335,-0.3345269861264446
0.8061006403333342,-0.33392877661211795
0.8063006403333337,-0.33332895253985634
0.8065006403333326,-0.3327275189699944
0.8067006403333334,-0.3321244809622581
0.8069006403333343,-0.3315198435781504
0.8071006403333334,-0.33091361188328483
0.8073006403333325,-0.3303057909497054
0.8075006403333334,-0.32969638585820915
0.8077006403333338,-0.3290854017006503
0.8079006403333342,-0.32847284358219425
0.8081006403333333,-0.32785871662358457
0.8083006403333328,-0.3272430259633622
0.8085006403333339,-0.32662577676009097
0.8087006403333341,-0.32600697419456004
0.8089006403333332,-0.32538662347193914
0.8091006403333325,-0.3247647298239318
0.8093006403333334,-0.3241412985109099
0.8095006403333338,-0.32351633482403325
0.8097006403333336,-0.3228898440873205
0.8099006403333324,-0.32226183165971783
0.8101006403333333,-0.3216323029371313
0.8103006403333337,-0.32100126335447265
0.8105006403333337,-0.32036871838763
0.8107006403333328,-0.3197346735554496
0.810900640333333,-0.31909913442167537
0.8111006403333336,-0.3184621065968899
0.8113006403333345,-0.3178235957404053
0.8115006403333334,-0.3171836075621471
0.8117006403333329,-0.31654214782448487
0.8119006403333342,-0.3158992223440785
0.8121006403333342,-0.3152548369936889
0.812300640333333,-0.3146089977039309
0.8125006403333319,-0.3139617104650312
0.8127006403333332,-0.31331298132855284
0.8129006403333334,-0.31266281640911764
0.8131006403333336,-0.31201122188604496
0.8133006403333325,-0.3113582040050222
0.8135006403333331,-0.3107037690797015
0.813700640333334,-0.3100479234933245
0.8139006403333331,-0.30939067370027373
0.8141006403333331,-0.30873202622759693
0.8143006403333326,-0.30807198767654687
0.8145006403333337,-0.3074105647240423
0.8147006403333339,-0.30674776412415244
0.8149006403333341,-0.30608359270949853
0.8151006403333327,-0.30541805739267763
0.8153006403333338,-0.30475116516760786
0.8155006403333342,-0.3040829231109178
0.8157006403333331,-0.303413338383232
0.8159006403333322,-0.30274241823045905
0.8161006403333335,-0.3020701699850604
0.816300640333333,-0.3013966010673041
0.8165006403333339,-0.30072171898642225
0.816700640333333,-0.3000455313418324
0.816900640333333,-0.2993680458242416
0.8171006403333338,-0.2986892702167922
0.8173006403333334,-0.298009212396147
0.8175006403333329,-0.2973278803335295
0.8177006403333325,-0.29664528209576824
0.8179006403333335,-0.2959614258462877
0.8181006403333342,-0.29527631984609565
0.8183006403333335,-0.29458997245470864
0.8185006403333328,-0.29390239213105995
0.8187006403333337,-0.29321358743438747
0.8189006403333343,-0.2925235670250994
0.8191006403333332,-0.29183233966558453
0.8193006403333325,-0.2911399142209928
0.8195006403333331,-0.29044629966001684
0.8197006403333331,-0.2897515050556314
0.819900640333334,-0.28905553958577473
0.8201006403333333,-0.2883584125340489
0.8203006403333328,-0.28766013329033674
0.8205006403333339,-0.28696071135143275
0.8207006403333337,-0.28626015632164126
0.8209006403333332,-0.2855584779133032
0.8211006403333321,-0.28485568594734223
0.8213006403333332,-0.28415179035374255
0.821500640333334,-0.28344680117204707
0.8217006403333338,-0.282740728551769
0.8219006403333324,-0.28203358275280255
0.8221006403333335,-0.28132537414579123
0.8223006403333339,-0.28061611321251123
0.8225006403333337,-0.2799058105461569
0.8227006403333326,-0.2791944768516422
0.822900640333333,-0.27848212294584956
0.8231006403333334,-0.2777687597578853
0.8233006403333338,-0.27705439832926126
0.8235006403333336,-0.2763390498140761
0.8237006403333329,-0.27562272547915234
0.8239006403333342,-0.2749054367041471
0.8241006403333342,-0.27418719498166594
0.8243006403333331,-0.27346801191728703
0.8245006403333319,-0.2727478992295988
0.8247006403333332,-0.272026868750198
0.8249006403333334,-0.2713049324236879
0.8251006403333334,-0.27058210230758367
0.825300640333333,-0.26985839057224686
0.8255006403333331,-0.2691338095007633
0.8257006403333336,-0.2684083714888131
0.8259006403333331,-0.26768208904449703
0.8261006403333329,-0.26695497478813046
0.8263006403333328,-0.26622704145202997
0.8265006403333337,-0.26549830188025614
0.8267006403333339,-0.26476876902834345
0.8269006403333334,-0.2640384559629822
0.8271006403333327,-0.26330737586168756
0.8273006403333338,-0.26257554201243644
0.827500640333334,-0.2618429678133029
0.8277006403333331,-0.2611096667720193
0.8279006403333322,-0.2603756525055411
0.8281006403333335,-0.2596409387395807
0.8283006403333333,-0.25890553930814336
0.8285006403333339,-0.2581694681529639
0.8287006403333326,-0.25743273932300614
0.8289006403333332,-0.25669536697385
0.8291006403333341,-0.25595736536714375
0.8293006403333334,-0.2552187488699645
0.8295006403333327,-0.25447953195416134
0.8297006403333325,-0.2537397291957052
0.8299006403333331,-0.25299935527399064
0.8301006403333342,-0.25225842497112233
0.8303006403333335,-0.251516953171179
0.8305006403333326,-0.25077495485942625
0.8307006403333339,-0.2500324451215404
0.8309006403333341,-0.2492894391428208
0.831100640333333,-0.2485459522073236
0.8313006403333325,-0.24780199969700556
0.8315006403333334,-0.24705759709085906
0.8317006403333334,-0.24631275996401344
0.8319006403333338,-0.2455675039867874
0.8321006403333329,-0.24482184492376743
0.8323006403333331,-0.244075798632811
0.8325006403333342,-0.24332938106408247
0.8327006403333337,-0.24258260825904154
0.8329006403333332,-0.24183549634938648
0.8331006403333323,-0.24108806155602502
0.8333006403333334,-0.2403403201879819
0.8335006403333338,-0.23959228864133636
0.8337006403333338,-0.23884398339807866
0.8339006403333329,-0.23809542102498965
0.834100640333334,-0.2373466181724749
0.8343006403333342,-0.23659759157342589
0.8345006403333337,-0.23584835804199755
0.8347006403333324,-0.23509893447241184
0.8349006403333334,-0.23434933783771664
0.8351006403333341,-0.2335995851885754
0.8353006403333341,-0.23284969365197267
0.8355006403333334,-0.2320996804299415
0.8357006403333329,-0.23134956279826416
0.8359006403333342,-0.23059935810515736
0.8361006403333338,-0.22984908376996366
0.8363006403333331,-0.22909875728176513
0.8365006403333326,-0.22834839619804287
0.8367006403333337,-0.22759801814329095
0.8369006403333337,-0.2268476408076386
0.8371006403333336,-0.22609728194541212
0.8373006403333323,-0.2253469593737328
0.8375006403333336,-0.22459669097104848
0.8377006403333336,-0.22384649467572965
0.8379006403333336,-0.2230963884845512
0.8381006403333329,-0.22234639045123966
0.8383006403333328,-0.22159651868496133
0.8385006403333335,-0.22084679134882912
0.8387006403333337,-0.22009722665837925
0.8389006403333334,-0.21934784288003012
0.839100640333333,-0.21859865832954073
0.8393006403333341,-0.21784969137044727
0.8395006403333338,-0.21710096041251858
0.8397006403333334,-0.21635248391014308
0.8399006403333324,-0.2156042803607572
0.8401006403333331,-0.2148563683032313
0.8403006403333333,-0.21410876631627956
0.8405006403333335,-0.21336149301681473
0.8407006403333326,-0.21261456705833054
0.840900640333333,-0.2118680071292413
0.8411006403333341,-0.21112183195125722
0.8413006403333332,-0.21037606027771968
0.8415006403333329,-0.20963071089190694
0.8417006403333327,-0.20888580260539036
0.8419006403333336,-0.2081413542563318
0.8421006403333338,-0.20739738470780925
0.8423006403333335,-0.20665391284610013
0.8425006403333328,-0.20591095757898403
0.8427006403333339,-0.20516853783402209
0.8429006403333339,-0.2044266725568643
0.8431006403333334,-0.2036853807094943
0.8433006403333321,-0.20294468126851564
0.8435006403333336,-0.20220459322339673
0.8437006403333329,-0.20146513557477833
0.843900640333334,-0.20072632733266232
0.8441006403333331,-0.19998818751472341
0.8443006403333333,-0.1992507351445011
0.8445006403333339,-0.1985139892496813
0.8447006403333337,-0.19777796886032314
0.8449006403333328,-0.19704269300708632
0.8451006403333323,-0.19630818071946576
0.8453006403333336,-0.1955744510240238
0.8455006403333338,-0.1948415229426341
0.8457006403333338,-0.1941094154906766
0.8459006403333329,-0.19337814767528289
0.8461006403333335,-0.19264773849353872
0.846300640333334,-0.19191820693073433
0.846500640333333,-0.19118957195856515
0.8467006403333319,-0.19046185253334666
0.846900640333333,-0.18973506759423692
0.8471006403333334,-0.18900923606148018
0.8473006403333341,-0.18828437683459465
0.8475006403333332,-0.1875605087906154
0.8477006403333329,-0.18683765078229214
0.8479006403333342,-0.18611582163633145
0.8481006403333335,-0.18539504015163205
0.8483006403333331,-0.1846753250974745
0.8485006403333324,-0.18395669521177904
0.8487006403333333,-0.1832391691993197
0.8489006403333339,-0.18252276572997683
0.8491006403333341,-0.18180750343695665
0.8493006403333323,-0.1810934009150395
0.8495006403333336,-0.18038047671879504
0.8497006403333338,-0.1796687493608858
0.8499006403333338,-0.1789582373102669
0.8501006403333329,-0.17824895899046406
0.8503006403333331,-0.17754093277781868
0.8505006403333335,-0.17683417699977227
0.8507006403333339,-0.17612870993312343
0.8509006403333337,-0.17542454980230676
0.8511006403333328,-0.1747217147776698
0.8513006403333341,-0.17402022297375158
0.8515006403333341,-0.173320092447609
0.8517006403333329,-0.17262134119707928
0.8519006403333322,-0.1719239871590955
0.8521006403333335,-0.17122804820800352
0.8523006403333335,-0.17053354215389926
0.8525006403333335,-0.16984048674092367
0.8527006403333326,-0.16914889964562096
0.8529006403333332,-0.16845879847526332
0.8531006403333341,-0.16777020076622662
0.8533006403333334,-0.16708312398233885
0.8535006403333327,-0.1663975855132357
0.8537006403333327,-0.16571360267275187
0.8539006403333336,-0.16503119269730698
0.8541006403333338,-0.16435037274430556
0.8543006403333333,-0.16367115989053074
0.8545006403333328,-0.16299357113056337
0.8547006403333339,-0.16231762337520567
0.8549006403333339,-0.16164333344993514
0.8551006403333332,-0.1609707180933246
0.8553006403333321,-0.1602997939555112
0.8555006403333336,-0.1596305775966528
0.8557006403333332,-0.15896308548544338
0.855900640333334,-0.15829733399754908
0.8561006403333329,-0.1576333394141596
0.8563006403333333,-0.1569711179204561
0.8565006403333342,-0.15631068560417483
0.8567006403333337,-0.15565205845413096
0.8569006403333328,-0.15499525235875777
0.8571006403333328,-0.154340283104675
0.8573006403333334,-0.1536871663752717
0.8575006403333336,-0.15303591774929076
0.8577006403333338,-0.15238655269942158
0.8579006403333329,-0.15173908659092517
0.858100640333334,-0.15109353468024167
0.858300640333334,-0.1504499121136662
0.8585006403333333,-0.14980823392597106
0.8587006403333322,-0.14916851503908754
0.8589006403333337,-0.14853077026077816
0.859100640333333,-0.1478950142833683
0.8593006403333341,-0.14726126168240508
0.8595006403333327,-0.14662952691543607
0.8597006403333332,-0.1459998243206985
0.8599006403333342,-0.1453721681159182
0.8601006403333331,-0.14474657239706856
0.8603006403333331,-0.1441230511371318
0.8605006403333324,-0.14350161818493565
0.8607006403333337,-0.14288228726393964
0.8609006403333337,-0.14226507197110036
0.8611006403333337,-0.14164998577568585
0.8613006403333328,-0.14103704201816114
0.8615006403333338,-0.14042625390904886
0.861700640333334,-0.1398176345278553
0.8619006403333336,-0.13921119682195443
0.8621006403333324,-0.13860695360552736
0.8623006403333329,-0.13800491755849872
0.8625006403333333,-0.13740510122551725
0.8627006403333342,-0.13680751701491622
0.862900640333333,-0.1362121771977224
0.8631006403333328,-0.13561909390664412
0.8633006403333343,-0.1350282791351214
0.8635006403333336,-0.1344397447363805
0.8637006403333334,-0.13385350242246238
0.8639006403333327,-0.13326956376333374
0.8641006403333336,-0.1326879401859652
0.8643006403333335,-0.13210864297346836
0.8645006403333342,-0.1315316832642029
0.8647006403333324,-0.13095707205095275
0.8649006403333337,-0.1303848201800545
0.8651006403333339,-0.12981493835063718
0.8653006403333341,-0.1292474371137813
0.8655006403333327,-0.12868232687176334
0.8657006403333327,-0.1281196178772746
0.8659006403333334,-0.12755932023270133
0.8661006403333338,-0.12700144388939028
0.8663006403333335,-0.12644599864694
0.8665006403333326,-0.12589299415251248
0.8667006403333342,-0.1253424399001556
0.8669006403333339,-0.12479434523017996
0.867100640333333,-0.12424871932848972
0.8673006403333323,-0.12370557122598272
0.8675006403333332,-0.12316490979795232
0.8677006403333334,-0.12262674376351779
0.867900640333334,-0.12209108168504713
0.8681006403333329,-0.12155793196763251
0.8683006403333331,-0.12102730285854342
0.8685006403333335,-0.12049920244674792
0.8687006403333333,-0.1199736386624143
0.868900640333333,-0.11945061927643932
0.8691006403333326,-0.11893015190000628
0.8693006403333334,-0.11841224398414676
0.8695006403333341,-0.1178969028193408
0.8697006403333334,-0.11738413553511531
0.8699006403333329,-0.11687394909966206
0.8701006403333338,-0.11636635031948996
0.8703006403333344,-0.11586134583909294
0.8705006403333335,-0.11535894214062266
0.8707006403333319,-0.11485914554358291
0.8709006403333337,-0.11436196220454535
0.871100640333333,-0.1138673981169177
0.8713006403333343,-0.11337545911064888
0.8715006403333327,-0.11288615085204991
0.8717006403333332,-0.11239947884353957
0.871900640333334,-0.11191544842349349
0.8721006403333336,-0.11143406476605733
0.8723006403333329,-0.11095533288098666
0.8725006403333322,-0.11047925761352
0.8727006403333333,-0.11000584364425786
0.8729006403333339,-0.10953509548907664
0.8731006403333339,-0.10906701749903415
0.8733006403333328,-0.10860161386031324
0.8735006403333336,-0.10813888859416897
0.873700640333334,-0.10767884555692414
0.8739006403333334,-0.1072214884399438
0.874100640333332,-0.10676682076964752
0.8743006403333331,-0.10631484590753379
0.8745006403333331,-0.10586556705024705
0.8747006403333344,-0.1054189872296122
0.8749006403333333,-0.10497510931274392
0.875100640333333,-0.10453393600211547
0.8753006403333341,-0.10409546983569791
0.8755006403333341,-0.1036597131870934
0.875700640333333,-0.1032266682656755
0.875900640333332,-0.10279633711676034
0.8761006403333331,-0.10236872162179418
0.8763006403333338,-0.10194382349856718
0.876500640333334,-0.10152164430141924
0.8767006403333326,-0.10110218542148482
0.8769006403333337,-0.10068544808693448
0.8771006403333339,-0.10027143336327164
0.8773006403333337,-0.09986014215359794
0.8775006403333323,-0.09945157519892726
0.877700640333333,-0.09904573307849712
0.8779006403333336,-0.09864261621012466
0.8781006403333342,-0.09824222485054554
0.8783006403333335,-0.09784455909579144
0.8785006403333329,-0.09744961888156825
0.878700640333334,-0.09705740398366274
0.8789006403333339,-0.09666791401837137
0.8791006403333332,-0.09628114844291855
0.8793006403333323,-0.09589710655591308
0.8795006403333332,-0.09551578749781117
0.8797006403333338,-0.09513719025140745
0.879900640333334,-0.09476131364232111
0.8801006403333325,-0.09438815633951234
0.8803006403333331,-0.09401771685579793
0.8805006403333335,-0.0936499935484147
0.8807006403333335,-0.09328498461956006
0.8809006403333328,-0.09292268811696795
0.8811006403333328,-0.09256310193449237
0.8813006403333334,-0.09220622381271307
0.8815006403333343,-0.09185205133954927
0.8817006403333334,-0.09150058195089099
0.8819006403333327,-0.0911518129312327
0.8821006403333338,-0.09080574141433903
0.8823006403333342,-0.09046236438392194
0.8825006403333335,-0.09012167867431582
0.8827006403333322,-0.08978368097117784
0.8829006403333333,-0.0894483678121974
0.8831006403333332,-0.08911573558783738
0.8833006403333341,-0.08878578054205213
0.8835006403333323,-0.08845849877305752
0.8837006403333332,-0.08813388623407212
0.8839006403333338,-0.0878119387341223
0.8841006403333336,-0.08749265193881506
0.8843006403333329,-0.08717602137114229
0.8845006403333324,-0.08686204241229678
0.8847006403333333,-0.08655071030249897
0.8849006403333339,-0.08624202014184001
0.8851006403333337,-0.08593596689112717
0.8853006403333326,-0.08563254537274655
0.8855006403333336,-0.08533175027153327
0.8857006403333341,-0.08503357613567018
0.8859006403333338,-0.08473801737757121
0.886100640333332,-0.08444506827479416
0.8863006403333331,-0.0841547229709507
0.8865006403333331,-0.08386697547665481
0.8867006403333342,-0.083581819670442
0.8869006403333328,-0.0832992492997362
0.887100640333333,-0.08301925798179167
0.8873006403333339,-0.08274183920468108
0.8875006403333334,-0.0824669863282706
0.887700640333333,-0.08219469258520415
0.8879006403333325,-0.08192495108190997
0.8881006403333334,-0.08165775479960626
0.888300640333334,-0.08139309659532559
0.888500640333334,-0.08113096920293733
0.8887006403333326,-0.08087136523418653
0.8889006403333335,-0.08061427717973355
0.8891006403333339,-0.08035969741022184
0.8893006403333337,-0.08010761817732973
0.8895006403333323,-0.07985803161484471
0.8897006403333327,-0.07961092973973823
0.8899006403333334,-0.07936630445326254
0.890100640333334,-0.07912414754203866
0.8903006403333336,-0.07888445067916132
0.8905006403333331,-0.07864720542530572
0.890700640333334,-0.07841240322984701
0.8909006403333335,-0.07818003543198988
0.8911006403333332,-0.07795009326189034
0.8913006403333323,-0.07772256784180169
0.891500640333333,-0.07749745018721324
0.8917006403333338,-0.077274731208009
0.891900640333334,-0.07705440170962069
0.8921006403333325,-0.07683645239419232
0.8923006403333336,-0.07662087386174372
0.8925006403333338,-0.07640765661136054
0.8927006403333335,-0.07619679104236228
0.8929006403333328,-0.07598826745549385
0.8931006403333326,-0.07578207605411558
0.8933006403333337,-0.07557820694540135
0.8935006403333341,-0.07537665014154327
0.8937006403333334,-0.07517739556095335
0.8939006403333327,-0.07498043302947521
0.894100640333334,-0.0747857522816003
0.8943006403333342,-0.07459334296169315
0.8945006403333331,-0.074403194625208
0.8947006403333322,-0.0742152967399175
0.8949006403333333,-0.07402963868714624
0.8951006403333337,-0.07384620976300975
0.8953006403333339,-0.07366499917964646
0.8955006403333323,-0.0734859960664643
0.895700640333333,-0.07330918947137885
0.8959006403333336,-0.07313456836207187
0.8961006403333334,-0.07296212162723495
0.8963006403333329,-0.0727918380778231
0.8965006403333324,-0.07262370644831201
0.8967006403333333,-0.07245771539795462
0.8969006403333339,-0.07229385351204483
0.8971006403333337,-0.0721321093031762
0.8973006403333326,-0.07197247121250616
0.8975006403333337,-0.07181492761101926
0.8977006403333341,-0.07165946680080189
0.8979006403333336,-0.0715060770163033
0.898100640333332,-0.07135474642560691
0.8983006403333329,-0.07120546313169843
0.8985006403333331,-0.07105821517374465
0.8987006403333342,-0.07091299052835667
0.8989006403333328,-0.07076977711086968
0.8991006403333333,-0.07062856277660655
0.8993006403333339,-0.07048933532216065
0.8995006403333334,-0.07035208248666422
0.8997006403333327,-0.07021679195306034
0.8999006403333321,-0.0700834513493774
0.9001006403333331,-0.06995204825000016
0.9003006403333338,-0.06982257017694497
0.9005006403333338,-0.06969500460112703
0.9007006403333324,-0.0695693389436321
0.9009006403333335,-0.06944556057698273
0.9011006403333344,-0.06932365682641328
0.9013006403333337,-0.06920361497113162
0.9015006403333323,-0.0690854222455842
0.9017006403333332,-0.06896906584071992
0.9019006403333336,-0.06885453290525681
0.902100640333334,-0.0687418105469369
0.9023006403333331,-0.06863088583378757
0.9025006403333329,-0.06852174579537453
0.902700640333334,-0.06841437742405851
0.9029006403333335,-0.06830876767624755
0.9031006403333333,-0.06820490347364153
0.9033006403333319,-0.06810277170448265
0.9035006403333332,-0.0680023592247943
0.9037006403333336,-0.06790365285962788
0.9039006403333338,-0.06780663940429425
0.9041006403333325,-0.06771130562560083
0.9043006403333336,-0.06761763826307904
0.9045006403333342,-0.06752562403021731
0.9047006403333335,-0.06743524961568045
0.9049006403333324,-0.0673465016845298
0.9051006403333328,-0.06725936687943965
0.9053006403333337,-0.06717383182191133
0.9055006403333341,-0.06708988311347966
0.9057006403333341,-0.06700750733691653
0.9059006403333327,-0.06692669105743107
0.9061006403333338,-0.06684742082386251
0.906300640333334,-0.06676968316987544
0.9065006403333336,-0.06669346461514106
0.9067006403333322,-0.06661875166652012
0.9069006403333331,-0.06654553081923717
0.9071006403333337,-0.06647378855805516
0.9073006403333339,-0.06640351135843846
0.9075006403333326,-0.06633468568771436
0.9077006403333334,-0.0662672980062267
0.9079006403333336,-0.0662013347684895
0.9081006403333338,-0.06613678242432774
0.9083006403333329,-0.06607362742001784
0.9085006403333324,-0.06601185619941895
0.9087006403333335,-0.06595145520510104
0.908900640333334,-0.06589241087946651
0.9091006403333337,-0.06583470966586374
0.9093006403333328,-0.06577833800969618
0.9095006403333337,-0.06572328235952443
0.9097006403333341,-0.06566952916816414
0.9099006403333336,-0.06561706489377397
0.910100640333332,-0.06556587600093923
0.9103006403333331,-0.06551594896174721
0.9105006403333331,-0.06546727025686021
0.910700640333334,-0.06541982637657498
0.9109006403333328,-0.06537360382188132
0.9111006403333333,-0.06532858910550869
0.9113006403333339,-0.06528476875297085
0.9115006403333332,-0.06524212930359974
0.9117006403333332,-0.0652006573115721
0.9119006403333323,-0.06516033934693177
0.9121006403333332,-0.0651211619966008
0.9123006403333338,-0.06508311186538701
0.9125006403333338,-0.06504617557698072
0.9127006403333326,-0.06501033977494537
0.9129006403333335,-0.06497559112369994
0.9131006403333342,-0.06494191630949533
0.9133006403333337,-0.06490930204138065
0.9135006403333319,-0.06487773505216246
0.913700640333333,-0.06484720209935582
0.9139006403333334,-0.06481768996612958
0.914100640333334,-0.06478918546223975
0.9143006403333329,-0.06476167542495799
0.9145006403333331,-0.06473514671998945
0.914700640333334,-0.0647095862423848
0.9149006403333335,-0.06468498091744247
0.915100640333333,-0.06466131770160229
0.9153006403333324,-0.06463858358333154
0.9155006403333334,-0.06461676558400219
0.9157006403333341,-0.0645958507587603
0.9159006403333336,-0.06457582619738535
0.9161006403333325,-0.0645566790251423
0.9163006403333336,-0.06453839640362426
0.9165006403333342,-0.06452096553158745
0.9167006403333335,-0.06450437364577621
0.9169006403333326,-0.06448860802173954
0.9171006403333328,-0.06447365597463936
0.9173006403333337,-0.06445950486004964
0.9175006403333339,-0.06444614207474653
0.9177006403333332,-0.06443355505748932
0.9179006403333327,-0.06442173128979277
0.918100640333334,-0.06441065829669039
0.9183006403333338,-0.06440032364748899
0.9185006403333331,-0.06439071495651322
0.9187006403333324,-0.06438181988384188
0.9189006403333331,-0.06437362613603473
0.9191006403333342,-0.06436612146685053
0.9193006403333339,-0.06435929367795533
0.9195006403333323,-0.06435313061962185
0.9197006403333337,-0.06434762019141962
0.9199006403333341,-0.06434275034289619
0.9201006403333338,-0.06433850907424823
0.9203006403333325,-0.06433488443698429
0.9205006403333329,-0.06433186453457765
0.9207006403333338,-0.06432943752311017
0.9209006403333342,-0.0643275916119066
0.9211006403333335,-0.06432631506415962
0.9213006403333326,-0.06432559619754562
0.9215006403333339,-0.06432542338483087
0.9217006403333343,-0.06432578505446859
0.9219006403333332,-0.06432666969118664
0.9221006403333321,-0.06432806583656525
0.9223006403333331,-0.06432996208960641
0.9225006403333338,-0.06433234710729267
0.922700640333334,-0.0643352096051375
0.9229006403333326,-0.06433853835772566
0.9231006403333331,-0.06434232219924445
0.9233006403333337,-0.06434655002400547
0.9235006403333337,-0.06435121078695683
0.923700640333333,-0.0643562935041863
0.9239006403333323,-0.06436178725341479
0.9241006403333336,-0.06436768117448056
0.924300640333334,-0.06437396446981383
0.9245006403333336,-0.06438062640490241
0.9247006403333329,-0.06438765630874768
0.9249006403333335,-0.06439504357431133
0.9251006403333342,-0.06440277765895255
0.9253006403333333,-0.0644108480848561
0.9255006403333319,-0.06441924443945134
0.9257006403333334,-0.06442795637582127
0.9259006403333334,-0.06443697361310255
0.9261006403333341,-0.06444628593687685
0.9263006403333327,-0.0644558831995519
0.9265006403333336,-0.06446575532073444
0.9267006403333338,-0.06447589228759273
0.9269006403333333,-0.06448628415521107
0.9271006403333331,-0.06449692104693427
0.9273006403333324,-0.06450779315470358
0.927500640333333,-0.06451889073938301
0.9277006403333341,-0.06453020413107693
0.9279006403333336,-0.06454172372943813
0.9281006403333325,-0.06455344000396776
0.9283006403333336,-0.06456534349430539
0.928500640333334,-0.06457742481051001
0.9287006403333331,-0.06458967463333282
0.928900640333332,-0.06460208371448081
0.9291006403333331,-0.06461464287687137
0.9293006403333337,-0.0646273430148774
0.9295006403333339,-0.064640175094565
0.9297006403333332,-0.06465313015392135
0.929900640333333,-0.0646661993030741
0.9301006403333341,-0.06467937372450215
0.9303006403333336,-0.06469264467323725
0.9305006403333329,-0.06470600347705806
0.9307006403333322,-0.06471944153667449
0.9309006403333333,-0.06473295032590418
0.9311006403333342,-0.06474652139183978
0.9313006403333339,-0.06476014635500868
0.9315006403333326,-0.06477381690952363
0.9317006403333337,-0.06478752482322539
0.9319006403333341,-0.06480126193781632
0.9321006403333334,-0.06481502016898652
0.9323006403333325,-0.06482879150653162
0.9325006403333329,-0.0648425680144616
0.9327006403333338,-0.0648563418311024
0.932900640333334,-0.06487010516918848
0.9331006403333335,-0.06488385031594845
0.933300640333333,-0.0648975696331818
0.9335006403333339,-0.06491125555732787
0.9337006403333341,-0.06492490059952694
0.9339006403333336,-0.06493849734567361
0.9341006403333321,-0.06495203845646241
0.9343006403333329,-0.06496551666742544
0.934500640333334,-0.064978924788962
0.934700640333334,-0.06499225570636127
0.9349006403333324,-0.06500550237981709
0.9351006403333335,-0.06501865784443545
0.9353006403333337,-0.06503171521023343
0.9355006403333337,-0.06504466766213231
0.9357006403333328,-0.06505750845994196
0.9359006403333323,-0.06507023093833904
0.9361006403333338,-0.06508282850683686
0.936300640333334,-0.06509529464974861
0.9365006403333336,-0.06510762292614367
0.9367006403333329,-0.06511980696979637
0.936900640333334,-0.06513184048912808
0.937100640333334,-0.06514371726714188
0.9373006403333335,-0.06515543116135084
0.9375006403333319,-0.06516697610369926
0.937700640333333,-0.06517834610047733
0.9379006403333334,-0.06518953523222812
0.9381006403333338,-0.06520053765364944
0.9383006403333327,-0.06521134759348793
0.9385006403333331,-0.06522195935442734
0.938700640333334,-0.0652323673129696
0.9389006403333331,-0.06524256591930999
0.9391006403333331,-0.06525254969720624
0.9393006403333324,-0.06526231324384069
0.9395006403333337,-0.06527185122967664
0.9397006403333337,-0.06528115839830831
0.9399006403333341,-0.06529022956630508
0.9401006403333327,-0.06529905962304935
0.9403006403333338,-0.06530764353056903
0.9405006403333342,-0.06531597632336289
0.9407006403333331,-0.06532405310822165
0.9409006403333322,-0.06533186906404244
0.9411006403333333,-0.06533941944163761
0.941300640333333,-0.06534669956353784
0.9415006403333339,-0.0653537048237904
0.9417006403333332,-0.06536043068775096
0.9419006403333332,-0.06536687269187082
0.9421006403333338,-0.06537302644347813
0.9423006403333336,-0.0653788876205541
0.9425006403333331,-0.06538445197150436
0.9427006403333322,-0.06538971531492438
0.9429006403333331,-0.06539467353936063
0.9431006403333342,-0.06539932260306605
0.9433006403333335,-0.06540365853375103
0.9435006403333324,-0.0654076774283294
0.9437006403333337,-0.06541137545265957
0.9439006403333343,-0.06541474884128075
0.9441006403333336,-0.06541779389714501
0.9443006403333325,-0.0654205069913442
0.9445006403333329,-0.0654228845628327
0.9447006403333331,-0.06542492311814539
0.944900640333334,-0.06542661923111166
0.9451006403333333,-0.06542796954256458
0.9453006403333328,-0.06542897076004624
0.9455006403333339,-0.06542961965750879
0.9457006403333337,-0.06542991307501109
0.9459006403333334,-0.0654298479184117
0.9461006403333321,-0.0654294211590577
0.9463006403333329,-0.0654286298334695
0.9465006403333345,-0.06542747104302199
0.9467006403333338,-0.06542594195362195
0.9469006403333324,-0.06542403979538136
0.9471006403333335,-0.06542176186228757
0.9473006403333342,-0.06541910551186957
0.9475006403333339,-0.06541606816486105
0.9477006403333326,-0.06541264730485935
0.9479006403333323,-0.06540884047798212
0.9481006403333334,-0.0654046452925197
0.9483006403333345,-0.06540005941858461
0.9485006403333338,-0.06539508058775834
0.9487006403333329,-0.06538970659273408
0.9489006403333338,-0.06538393528695709
0.9491006403333342,-0.06537776458426221
0.9493006403333333,-0.06537119245850811
0.9495006403333319,-0.06536421694320842
0.949700640333333,-0.06535683613116103
0.9499006403333337,-0.06534904817407398
0.9501006403333341,-0.06534085128218865
0.950300640333333,-0.06533224372390106
0.9505006403333331,-0.06532322382537953
0.9507006403333336,-0.06531378997018136
0.9509006403333335,-0.06530394059886592
0.9511006403333331,-0.06529367420860585
0.9513006403333324,-0.0652829893527963
0.9515006403333337,-0.06527188464066142
0.9517006403333339,-0.0652603587368594
0.9519006403333341,-0.06524841036108481
0.9521006403333327,-0.06523603828766929
0.9523006403333336,-0.06522324134518018
0.952500640333334,-0.06521001841601773
0.9527006403333336,-0.06519636843600986
0.9529006403333322,-0.06518229039400535
0.9531006403333331,-0.06516778333146553
0.9533006403333333,-0.06515284634205468
0.9535006403333339,-0.06513747857122795
0.9537006403333326,-0.06512167921581877
0.9539006403333332,-0.06510544752362374
0.9541006403333336,-0.06508878279298733
0.9543006403333334,-0.065071684372385
0.9545006403333332,-0.06505415166000367
0.954700640333332,-0.06503618410332322
0.9549006403333331,-0.06501778119869486
0.9551006403333344,-0.06499894249092013
0.955300640333334,-0.06497966757282769
0.9555006403333324,-0.06495995608484914
0.9557006403333337,-0.06493980771459423
0.9559006403333341,-0.06491922219642657
0.9561006403333334,-0.06489819931103576
0.9563006403333325,-0.06487673888501082
0.9565006403333329,-0.06485484079041239
0.9567006403333334,-0.06483250494434464
0.9569006403333342,-0.06480973130852566
0.9571006403333333,-0.06478651988885878
0.9573006403333328,-0.06476287073500145
0.9575006403333339,-0.06473878393993573
0.9577006403333337,-0.06471425963953756
0.9579006403333332,-0.06468929801214521
0.9581006403333323,-0.06466389927812836
0.9583006403333332,-0.06463806369945613
0.9585006403333338,-0.06461179157926628
0.958700640333334,-0.06458508326143271
0.9589006403333329,-0.0645579391301342
0.9591006403333335,-0.06453035960942154
0.9593006403333342,-0.06450234516278729
0.9595006403333337,-0.06447389629273331
0.9597006403333326,-0.0644450135403393
0.9599006403333326,-0.06441569748483109
0.9601006403333334,-0.06438594874315061
0.9603006403333345,-0.06435576796952439
0.9605006403333345,-0.06432515585503354
0.9607006403333327,-0.06429411312718336
0.9609006403333338,-0.06426264054947294
0.9611006403333338,-0.06423073892096838
0.9613006403333335,-0.06419840907587179
0.9615006403333322,-0.06416565188309453
0.961700640333333,-0.06413246824582866
0.9619006403333339,-0.06409885910112173
0.9621006403333341,-0.06406482541944972
0.9623006403333327,-0.06403036820429149
0.9625006403333334,-0.06399548849170403
0.9627006403333338,-0.06396018734990001
0.9629006403333338,-0.06392446587882356
0.9631006403333329,-0.06388832520972874
0.9633006403333324,-0.06385176650475821
0.9635006403333335,-0.06381479095652338
0.9637006403333339,-0.06377739978768578
0.9639006403333337,-0.06373959425053834
0.9641006403333323,-0.06370137562658874
0.9643006403333338,-0.06366274522614283
0.964500640333334,-0.0636237043878923
0.9647006403333334,-0.06358425447849886
0.9649006403333324,-0.06354439689218305
0.9651006403333331,-0.06350413305031291
0.9653006403333335,-0.06346346440099564
0.9655006403333339,-0.06342239241866796
0.9657006403333326,-0.06338091860369029
0.965900640333333,-0.06333904448193979
0.9661006403333341,-0.06329677160440825
0.9663006403333332,-0.0632541015467992
0.9665006403333329,-0.06321103590912516
0.9667006403333325,-0.06316757631531031
0.9669006403333336,-0.06312372441279127
0.967100640333334,-0.06307948187212188
0.967300640333334,-0.06303485038657776
0.9675006403333324,-0.06298983167176359
0.9677006403333337,-0.06294442746522061
0.9679006403333339,-0.06289863952604013
0.9681006403333334,-0.06285246963447251
0.9683006403333323,-0.06280591959154272
0.9685006403333332,-0.06275899121866478
0.9687006403333334,-0.06271168635726174
0.9689006403333342,-0.0626640068683825
0.9691006403333331,-0.06261595463232528
0.9693006403333329,-0.06256753154825828
0.9695006403333335,-0.06251873953384719
0.9697006403333337,-0.062469580524881496
0.9699006403333328,-0.062420056474903396
0.9701006403333321,-0.06237016935483841
0.9703006403333336,-0.062319921152628584
0.9705006403333345,-0.062269313872869284
0.9707006403333338,-0.06221834953644462
0.9709006403333322,-0.06216703018016671
0.9711006403333331,-0.062115357856416656
0.971300640333334,-0.062063334632790526
0.971500640333333,-0.06201096259174317
0.9717006403333326,-0.06195824383023506
0.971900640333333,-0.06190518045938393
0.9721006403333337,-0.061851774604116755
0.9723006403333343,-0.06179802840282377
0.9725006403333334,-0.06174394400701543
0.9727006403333327,-0.0616895235809804
0.9729006403333338,-0.06163476930144724
0.9731006403333335,-0.06157968335724933
0.9733006403333331,-0.0615242679489882
0.9735006403333322,-0.061468525288703016
0.9737006403333333,-0.06141245759953984
0.9739006403333343,-0.06135606711542635
0.9741006403333341,-0.06129935608074566
0.9743006403333323,-0.06124232675001351
0.9745006403333334,-0.061184981387556944
0.974700640333334,-0.06112732226720044
0.9749006403333338,-0.061069351671947256
0.9751006403333324,-0.061011071893667196
0.9753006403333329,-0.060952485232785486
0.9755006403333335,-0.0608935939979766
0.9757006403333339,-0.06083440050585731
0.9759006403333339,-0.060774907080683546
0.9761006403333323,-0.06071511605405014
0.9763006403333341,-0.060655029764590467
0.9765006403333336,-0.060594650557685606
0.9767006403333331,-0.0605339807851657
0.9769006403333322,-0.060473022805022314
0.9771006403333331,-0.06041177898111848
0.977300640333334,-0.06035025168290512
0.977500640333334,-0.060288443285136245
0.977700640333333,-0.0602263561675883
0.977900640333333,-0.06016399271478186
0.9781006403333334,-0.060101355315706886
0.9783006403333334,-0.06003844636354945
0.9785006403333327,-0.0599752682554207
0.9787006403333325,-0.05991182339208882
0.9789006403333338,-0.059848114177713574
0.9791006403333342,-0.059784143019585206
0.9793006403333335,-0.05971991232786164
0.9795006403333324,-0.059655424515311806
0.9797006403333339,-0.059590681997059275
0.9799006403333339,-0.059525687190333285
0.9801006403333334,-0.059460442514214285
0.9803006403333323,-0.05939495038938897
0.9805006403333332,-0.05932921323790355
0.9807006403333336,-0.05926323348292429
0.9809006403333342,-0.059197013548495
0.9811006403333329,-0.05913055585930169
0.9813006403333329,-0.0590638628404352
0.9815006403333335,-0.05899693691716248
0.9817006403333337,-0.05892978051469556
0.981900640333333,-0.05886239605796442
0.9821006403333321,-0.058794785971392524
0.9823006403333334,-0.058726952678674615
0.9825006403333341,-0.058658898602560114
0.9827006403333338,-0.058590626164633286
0.9829006403333325,-0.058522137785100486
0.9831006403333336,-0.05845343588257683
0.983300640333334,-0.05838452287388106
0.9835006403333335,-0.05831540117382557
0.9837006403333326,-0.058246073195013154
0.983900640333333,-0.058176541347635516
0.9841006403333337,-0.05810680803927558
0.9843006403333341,-0.05803687567471008
0.9845006403333332,-0.05796674665571594
0.9847006403333327,-0.05789642338087781
0.984900640333334,-0.057825908245400404
0.9851006403333331,-0.057755203640923694
0.9853006403333331,-0.05768431195533469
0.9855006403333324,-0.057613235572590446
0.9857006403333333,-0.05754197687253575
0.9859006403333344,-0.05747053823072968
0.9861006403333341,-0.05739892201827021
0.9863006403333323,-0.05732713060162227
0.9865006403333334,-0.05725516634244737
0.986700640333334,-0.057183031597441536
0.9869006403333336,-0.057110728718167414
0.9871006403333324,-0.05703826005089272
0.9873006403333326,-0.05696562793643116
0.9875006403333335,-0.056892834709986725
0.9877006403333344,-0.056819882700998345
0.9879006403333337,-0.05674677423298777
0.9881006403333326,-0.056673511623408876
0.9883006403333341,-0.05660009718349998
0.9885006403333336,-0.056526533218142855
0.9887006403333334,-0.056452822025714305
0.9889006403333322,-0.056378965897949496
0.9891006403333329,-0.05630496711980154
0.9893006403333344,-0.05623082796930827
0.9895006403333342,-0.056156550717458044
0.9897006403333326,-0.056082137628056916
0.989900640333333,-0.05600759095759984
0.9901006403333339,-0.05593291295514688
0.9903006403333336,-0.055858105862197124
0.9905006403333327,-0.05578317191256561
0.9907006403333325,-0.055708113332264206
0.9909006403333336,-0.05563293233938424
0.9911006403333344,-0.05555763114398167
0.9913006403333338,-0.05548221194796319
0.9915006403333324,-0.055406676944974004
0.9917006403333339,-0.05533102832028895
0.9919006403333339,-0.055255268250709914
0.992100640333333,-0.05517939890445607
0.9923006403333323,-0.05510342244106318
0.9925006403333332,-0.0550273410112834
0.9927006403333338,-0.05495115675698832
0.9929006403333345,-0.05487487181107085
0.9931006403333329,-0.054798488297352704
0.9933006403333329,-0.054722008330489263
0.9935006403333335,-0.05464543401588366
0.9937006403333333,-0.05456876744959745
0.993900640333333,-0.05449201071826315
0.9941006403333323,-0.05441516589900207
0.9943006403333334,-0.05433823505934075
0.9945006403333343,-0.05426122025713383
0.994700640333334,-0.05418412354048359
0.9949006403333325,-0.054106946947664644
0.9951006403333336,-0.05402969250704807
0.9953006403333344,-0.053952362237033515
0.9955006403333335,-0.053874958145976135
0.9957006403333324,-0.053797482232117035
0.995900640333333,-0.05371993648351797
0.9961006403333337,-0.053642322877998604
0.9963006403333343,-0.05356464338307093
0.9965006403333332,-0.05348689995588034
0.9967006403333329,-0.0534090945431435
0.9969006403333336,-0.05333122908109408
0.9971006403333336,-0.05325330549542648
0.9973006403333329,-0.05317532570124098
0.9975006403333322,-0.05309729160299191
0.9977006403333333,-0.053019205094437194
0.9979006403333344,-0.05294106805859155
0.9981006403333339,-0.05286288236767797
0.9983006403333323,-0.05278464988308193
0.9985006403333332,-0.05270637245530741
0.998700640333334,-0.05262805192393854
0.9989006403333334,-0.0525496901175965
0.9991006403333325,-0.05247128885390031
0.9993006403333329,-0.05239284993943075
0.9995006403333335,-0.0523143751696962
0.9997006403333344,-0.05223586632909696
0.9999006403333337,-0.05215732519089464
1.0001006397999996,-0.05207875372674245
1.0003006397999998,-0.05200015326847792
1.0005006397999991,-0.05192152576524971
1.0007006398000007,-0.051842872945466426
1.0009006398000002,-0.05176419652626133
1.0011006398,-0.051685498213463715
1.0013006398000004,-0.051606779701580216
1.0015006398000004,-0.05152804267377445
1.0017006398000001,-0.05144928880184695
1.0019006398,-0.05137051974621813
1.0021006398,-0.051291737155912245
1.0023006398,-0.05121294266854251
1.0025006398,-0.05113413791029767
1.0027006397999998,-0.05105532449592999
1.0029006398,-0.05097650402874418
1.0031006397999995,-0.05089767810058874
1.0033006398,-0.05081884829184636
1.0035006397999995,-0.05074001617142921
1.0037006398,-0.05066118329677065
1.0039006397999994,-0.05058235121382366
1.0041006398000003,-0.05050352145705475
1.0043006398000003,-0.050424695549445356
1.0045006398,-0.05034587500248826
1.0047006398000007,-0.05026706131618884
1.0049006398000002,-0.05018825597906825
1.0051006398,-0.0501094604681637
1.0053006398,-0.05003067624903405
1.0055006397999997,-0.0499519047757646
1.0057006398000001,-0.049873147490972436
1.0059006398,-0.049794405825815166
1.0061006398,-0.049715681199997544
1.0063006398,-0.049636975021781896
1.0065006397999996,-0.04955828868799837
1.006700639800001,-0.04947962358405522
1.0069006397999996,-0.0494009810839549
1.0071006398,-0.04932236255030145
1.0073006398,-0.04924376933432098
1.0075006398000002,-0.049165202775873426
1.0077006398000004,-0.04908666420347042
1.0079006397999999,-0.049008154934292246
1.0081006397999999,-0.04892967627420542
1.0083006397999998,-0.04885122951778304
1.0085006398000003,-0.04877281594832391
1.0087006397999998,-0.048694436837874555
1.0089006397999998,-0.048616093447249174
1.0091006397999993,-0.048537787026054324
1.0093006398000002,-0.04845951881271039
1.0095006398000002,-0.04838129003447872
1.0097006398000001,-0.0483031019074837
1.0099006397999997,-0.04822495563674066
1.0101006398000005,-0.048146852416181135
1.0103006398,-0.04806879342868291
1.0105006397999998,-0.0479907798460949
1.0107006398000002,-0.04791281282926828
1.0109006398000004,-0.0478348935280862
1.0111006398000004,-0.04775702308149351
1.0113006397999995,-0.047679202617528255
1.0115006398,-0.047601433253352414
1.0117006398,-0.047523716095286855
1.0119006398,-0.047446052238842136
1.0121006397999999,-0.047368442768753495
1.0123006397999998,-0.04729088875901496
1.0125006397999994,-0.04721339127291471
1.0127006398000002,-0.04713595136306962
1.0129006398,-0.04705857007146419
1.0131006398,-0.04698124842948424
1.0133006398,-0.046903987457956445
1.0135006398000004,-0.046826788167185496
1.0137006398000001,-0.046749651556993406
1.0139006397999997,-0.04667257861675761
1.0141006398,-0.0465955703254508
1.0143006398,-0.04651862765168224
1.0145006398,-0.04644175155373689
1.0147006397999998,-0.04636494297961731
1.0149006398,-0.04628820286708485
1.0151006397999995,-0.04621153214370244
1.0153006397999995,-0.046134931726876056
1.015500639799999,-0.0460584025238988
1.0157006398,-0.0459819454319928
1.0159006397999994,-0.045905561338355674
1.0161006398000008,-0.0458292511202008
1.0163006397999998,-0.04575301564480691
1.0165006398,-0.04567685576955762
1.0167006398000002,-0.0456007723419912
1.0169006398,-0.04552476619984443
1.0171006398,-0.04544883817109854
1.0173006398,-0.0453729890740264
1.0175006398000002,-0.04529721971723882
1.0177006398000001,-0.04522153089973194
1.0179006398000001,-0.04514592341093444
1.0181006397999997,-0.04507039803075543
1.0183006398,-0.0449949555296317
1.0185006397999994,-0.044919596668577956
1.0187006398000005,-0.04484432219923225
1.0189006397999991,-0.0447691328639093
1.0191006398,-0.0446940293956436
1.0193006398,-0.04461901251824505
1.0195006398,-0.04454408294634399
1.0197006398,-0.04446924138544286
1.0199006398,-0.0443944885319659
1.0201006398000003,-0.044319825073309255
1.0203006398000003,-0.04424525168789192
1.0205006398000003,-0.044170769045205394
1.0207006398,-0.04409637780586524
1.0209006398,-0.04402207862166147
1.0211006397999998,-0.043947872135610404
1.0213006398,-0.043873758982004976
1.0215006397999997,-0.043799739786467215
1.0217006398000001,-0.04372581516599865
1.0219006397999997,-0.04365198572903348
1.0221006398000008,-0.04357825207548803
1.0223006398,-0.043504614796816346
1.0225006398000005,-0.04343107447605763
1.0227006398,-0.04335763168789264
1.0229006398000005,-0.043284286998692606
1.0231006398000004,-0.043211040966574056
1.0233006398000002,-0.043137894141449626
1.0235006398000002,-0.04306484706508072
1.0237006397999995,-0.042991900271130964
1.0239006398,-0.04291905428521691
1.0241006397999999,-0.04284630962496311
1.0243006397999999,-0.04277366680005272
1.0245006397999992,-0.04270112631228128
1.0247006398,-0.04262868865560808
1.0249006397999998,-0.042556354316211645
1.0251006398,-0.04248412377253906
1.0253006397999997,-0.042411997495361384
1.0255006398,-0.04233997594782469
1.0257006397999997,-0.0422680595855041
1.0259006398000001,-0.04219624885645523
1.0261006398000008,-0.04212454420126813
1.0263006398000005,-0.042052946053119704
1.0265006398000005,-0.04198145483782527
1.0267006398,-0.04191007097389271
1.0269006398000002,-0.04183879487257368
1.0271006397999998,-0.04176762693791765
1.0273006398,-0.04169656756682275
1.0275006397999995,-0.041625617149089876
1.0277006398,-0.04155477606747319
1.0279006397999992,-0.041484044697734715
1.0281006398000003,-0.0414134234086935
1.0283006397999996,-0.04134291256228183
1.0285006398000003,-0.04127251251359265
1.0287006398000003,-0.041202223610935715
1.0289006398,-0.04113204619588673
1.0291006398,-0.041061980603340015
1.0293006398,-0.040992027161560626
1.0295006398,-0.04092218619223523
1.0297006398000002,-0.040852458010523895
1.0299006398000001,-0.04078284292511174
1.0301006398,-0.04071334123825937
1.0303006398,-0.040643953245854764
1.0305006397999992,-0.040574679237464086
1.0307006397999998,-0.040505519496381336
1.0309006397999991,-0.04043647429968188
1.0311006398,-0.0403675439182693
1.0313006398,-0.04029872861692962
1.0315006398000004,-0.04023002865437843
1.0317006398,-0.04016144428331325
1.0319006398,-0.040092975750461717
1.0321006398000008,-0.040024623296632506
1.0323006397999999,-0.03995638715676591
1.0325006397999998,-0.03988826755998036
1.0327006398000003,-0.039820264729624584
1.0329006398,-0.039752378883326056
1.0331006398,-0.039684610233039
1.0333006398,-0.039616958985094285
1.0335006397999997,-0.03954942534024763
1.0337006398000002,-0.03948200949372771
1.0339006397999997,-0.03941471163528568
1.0341006398000006,-0.039347531949241024
1.0343006397999994,-0.03928047061453273
1.0345006398,-0.03921352780476252
1.0347006398000005,-0.039146703688246944
1.0349006397999998,-0.0390799984280622
1.0351006398,-0.03901341218209062
1.0353006398000002,-0.03894694510306965
1.0355006398000004,-0.03888059733863705
1.0357006398,-0.03881436903137824
1.0359006398,-0.038748260318871464
1.0361006397999994,-0.03868227133373516
1.0363006397999999,-0.038616402203672684
1.0365006397999992,-0.03855065305151939
1.0367006398,-0.03848502399528582
1.0369006398,-0.03841951514820574
1.0371006398000004,-0.03835412661877865
1.0373006397999998,-0.03828885851081632
1.0375006398000004,-0.03822371092348542
1.0377006398000002,-0.03815868395135441
1.0379006398000001,-0.03809377768443526
1.0381006398000006,-0.03802899220822857
1.0383006398000005,-0.0379643276037673
1.0385006398,-0.037899783947659596
1.0387006398,-0.03783536131213195
1.0389006398000005,-0.037771059765072626
1.0391006397999998,-0.03770687937007486
1.0393006398,-0.03764282018647736
1.0395006397999995,-0.03757888226940919
1.0397006398,-0.03751506566982939
1.0399006397999992,-0.037451370434571044
1.0401006398000003,-0.03738779660638005
1.0403006397999999,-0.03732434422395998
1.0405006398000003,-0.037261013322009456
1.0407006398000003,-0.03719780393126577
1.0409006398000002,-0.03713471607854396
1.0411006398,-0.03707174978677776
1.0413006398,-0.0370089050750594
1.0415006398000004,-0.03694618195867968
1.0417006398000002,-0.03688358044916798
1.0419006398000001,-0.03682110055433056
1.0421006398000006,-0.036758742278290596
1.0423006398000005,-0.03669650562152718
1.0425006397999994,-0.036634390580913494
1.0427006397999996,-0.03657239714975442
1.0429006397999996,-0.03651052531782692
1.0431006398,-0.036448775071415834
1.0433006397999995,-0.03638714639335316
1.0435006398000002,-0.0363256392630536
1.0437006398,-0.036264253656554106
1.0439006398000004,-0.036202989546548436
1.0441006398000003,-0.0361418469024259
1.0443006398000003,-0.03608082569030634
1.0445006397999999,-0.036019925873077216
1.0447006398000003,-0.0359591474104287
1.0449006397999998,-0.03589849025889088
1.0451006397999998,-0.03583795437186739
1.0453006398,-0.035777539699672005
1.0455006398,-0.03571724618956331
1.0457006398000002,-0.03565707378577903
1.0459006397999997,-0.035597022429571155
1.0461006398000006,-0.03553709205923912
1.0463006397999992,-0.03547728261016623
1.0465006398,-0.035417594014849306
1.0467006398,-0.03535802620293709
1.0469006398,-0.03529857910125984
1.0471006398,-0.035239252633864106
1.0473006398000004,-0.0351800467220449
1.0475006398000004,-0.035120961284379026
1.0477006398000004,-0.035061996236756404
1.0479006398000004,-0.035003151492412926
1.0481006398,-0.034944426961962156
1.0483006397999999,-0.034885822553426524
1.0485006397999996,-0.03482733817226951
1.0487006397999996,-0.03476897372142607
1.0489006397999998,-0.034710729101334
1.0491006398,-0.03465260420996451
1.0493006397999995,-0.03459459894285287
1.0495006398000006,-0.0345367131931275
1.0497006397999997,-0.034478946851542604
1.0499006398000004,-0.03442129980650419
1.0501006398000001,-0.03436377194410332
1.0503006398000005,-0.03430636314814261
1.0505006398,-0.0342490733001673
1.0507006398,-0.03419190227949241
1.0509006398,-0.03413484996323269
1.0511006398,-0.034077916226330364
1.0513006398000002,-0.03402110094158342
1.0515006398,-0.03396440397967386
1.0517006398,-0.033907825209194754
1.051900639799999,-0.033851364496678686
1.0521006398,-0.03379502170662337
1.0523006397999994,-0.03373879670152163
1.0525006397999999,-0.033682689341884876
1.0527006397999996,-0.033626699486272435
1.0529006398000007,-0.033570826991315875
1.0531006398,-0.03351507171174761
1.0533006398,-0.033459433500424
1.0535006398000004,-0.0334039122083533
1.0537006398000002,-0.0333485076847208
1.0539006398000001,-0.033293219776913324
1.0541006398000001,-0.03323804833054534
1.0543006398,-0.03318299318948335
1.0545006397999996,-0.03312805419587099
