x,y
9.896333333392348663e-05,0.000000000000000000e+00
2.989633333330132814e-04,0.000000000000000000e+00
4.989633333341014776e-04,0.000000000000000000e+00
6.989633333329692277e-04,0.000000000000000000e+00
8.989633333340574239e-04,0.000000000000000000e+00
1.098963333333591308e-03,0.000000000000000000e+00
1.298963333333569281e-03,0.000000000000000000e+00
1.498963333331992942e-03,0.000000000000000000e+00
1.698963333333303183e-03,0.000000000000000000e+00
1.898963333333503201e-03,0.000000000000000000e+00
2.098963333331926862e-03,0.000000000000000000e+00
2.298963333334791415e-03,0.000000000000000000e+00
2.498963333332993031e-03,0.000000000000000000e+00
2.698963333334747361e-03,0.000000000000000000e+00
2.898963333332504888e-03,0.000000000000000000e+00
3.098963333333148995e-03,0.000000000000000000e+00
3.298963333332016745e-03,0.000000000000000000e+00
3.498963333332438808e-03,0.000000000000000000e+00
3.698963333334415182e-03,0.000000000000000000e+00
3.898963333333060888e-03,0.000000000000000000e+00
4.098963333334815218e-03,0.000000000000000000e+00
4.298963333331684566e-03,0.000000000000000000e+00
4.498963333335215253e-03,0.000000000000000000e+00
4.698963333333194825e-03,0.000000000000000000e+00
4.898963333332950754e-03,0.000000000000000000e+00
5.098963333333594861e-03,0.000000000000000000e+00
5.298963333332462611e-03,0.000000000000000000e+00
5.498963333333106718e-03,0.000000000000000000e+00
5.698963333333528780e-03,0.000000000000000000e+00
5.898963333335283110e-03,0.000000000000000000e+00
6.098963333332374503e-03,0.000000000000000000e+00
6.298963333334350878e-03,0.000000000000000000e+00
6.498963333332108405e-03,0.000000000000000000e+00
6.698963333332974557e-03,0.000000000000000000e+00
6.898963333334506842e-03,0.000000000000000000e+00
7.098963333332930503e-03,0.000000000000000000e+00
7.298963333333574610e-03,0.000000000000000000e+00
7.498963333332886450e-03,0.000000000000000000e+00
7.698963333333530557e-03,0.000000000000000000e+00
7.898963333332842396e-03,0.000000000000000000e+00
8.098963333333708547e-03,0.000000000000000000e+00
8.298963333333020387e-03,0.000000000000000000e+00
8.498963333332776315e-03,0.000000000000000000e+00
8.698963333333642467e-03,0.000000000000000000e+00
8.898963333332510217e-03,0.000000000000000000e+00
9.098963333334708636e-03,0.000000000000000000e+00
9.298963333332466163e-03,0.000000000000000000e+00
9.498963333334442538e-03,0.000000000000000000e+00
9.698963333333532333e-03,0.000000000000000000e+00
9.898963333333288261e-03,0.000000000000000000e+00
1.009896333333326623e-02,0.000000000000000000e+00
1.029896333333368830e-02,0.000000000000000000e+00
1.049896333333411036e-02,0.000000000000000000e+00
1.069896333333275606e-02,0.000000000000000000e+00
1.089896333333451039e-02,0.000000000000000000e+00
1.109896333333204588e-02,0.000000000000000000e+00
1.129896333333491043e-02,0.000000000000000000e+00
1.149896333333355614e-02,0.000000000000000000e+00
1.169896333333309002e-02,0.000000000000000000e+00
1.189896333333240186e-02,0.000000000000000000e+00
1.209896333333349006e-02,0.000000000000000000e+00
1.229896333333435621e-02,0.000000000000000000e+00
1.249896333333300191e-02,0.000000000000000000e+00
1.269896333333431215e-02,0.000000000000000000e+00
1.289896333333206968e-02,0.000000000000000000e+00
1.309896333333493423e-02,0.000000000000000000e+00
1.329896333333291381e-02,0.000000000000000000e+00
1.349896333333200360e-02,0.000000000000000000e+00
1.369896333333353589e-02,0.000000000000000000e+00
1.389896333333284772e-02,0.000000000000000000e+00
1.409896333333304774e-02,0.000000000000000000e+00
1.429896333333280367e-02,0.000000000000000000e+00
1.449896333333433596e-02,0.000000000000000000e+00
1.469896333333231553e-02,0.000000000000000000e+00
1.489896333333406986e-02,0.000000000000000000e+00
1.509896333333249352e-02,0.000000000000000000e+00
1.529896333333247149e-02,0.000000000000000000e+00
1.549896333333444787e-02,0.000000000000000000e+00
1.569896333333353766e-02,0.000000000000000000e+00
1.589896333333351564e-02,0.000000000000000000e+00
1.609896333333349361e-02,0.000000000000000000e+00
1.629896333333369363e-02,0.000000000000000000e+00
1.649896333333367160e-02,0.000000000000000000e+00
1.669896333333409366e-02,0.000000000000000000e+00
1.689896333333229528e-02,0.000000000000000000e+00
1.709896333333360552e-02,0.000000000000000000e+00
1.729896333333313940e-02,0.000000000000000000e+00
1.749896333333200715e-02,0.000000000000000000e+00
1.769896333333442762e-02,0.000000000000000000e+00
1.789896333333240719e-02,0.000000000000000000e+00
1.809896333333482765e-02,0.000000000000000000e+00
1.829896333333302927e-02,0.000000000000000000e+00
1.849896333333322929e-02,0.000000000000000000e+00
1.869896333333209704e-02,0.000000000000000000e+00
1.889896333333362932e-02,0.000000000000000000e+00
1.909896333333405138e-02,0.000000000000000000e+00
1.929896333333314118e-02,0.000000000000000000e+00
1.949896333333489551e-02,0.000000000000000000e+00
1.969896333333109872e-02,0.000000000000000000e+00
1.989896333333485146e-02,0.000000000000000000e+00
2.009896333333283103e-02,0.000000000000000000e+00
2.029896333333303104e-02,0.000000000000000000e+00
2.049896333333323106e-02,0.000000000000000000e+00
2.069896333333276495e-02,0.000000000000000000e+00
2.089896333333296496e-02,0.000000000000000000e+00
2.109896333333360907e-02,0.000000000000000000e+00
2.129896333333469727e-02,0.000000000000000000e+00
2.149896333333201071e-02,0.000000000000000000e+00
2.169896333333443117e-02,0.000000000000000000e+00
2.189896333333196665e-02,0.000000000000000000e+00
2.209896333333283280e-02,0.000000000000000000e+00
2.229896333333392100e-02,0.000000000000000000e+00
2.249896333333323284e-02,0.000000000000000000e+00
2.269896333333365490e-02,0.000000000000000000e+00
2.289896333333363287e-02,0.000000000000000000e+00
2.309896333333449903e-02,0.000000000000000000e+00
2.329896333333247860e-02,0.000000000000000000e+00
2.349896333333489906e-02,0.000000000000000000e+00
2.369896333333243454e-02,0.000000000000000000e+00
2.389896333333285661e-02,0.000000000000000000e+00
2.409896333333327867e-02,0.000000000000000000e+00
2.429896333333325664e-02,0.000000000000000000e+00
2.449896333333367870e-02,0.000000000000000000e+00
2.469896333333210237e-02,0.000000000000000000e+00
2.489896333333474487e-02,0.000000000000000000e+00
2.509896333333250240e-02,0.000000000000000000e+00
2.529896333333359060e-02,0.000000000000000000e+00
2.549896333333290244e-02,0.000000000000000000e+00
2.569896333333310245e-02,0.000000000000000000e+00
2.589896333333330247e-02,0.000000000000000000e+00
2.609896333333305840e-02,0.000000000000000000e+00
2.629896333333436864e-02,0.000000000000000000e+00
2.649896333333190412e-02,0.000000000000000000e+00
2.669896333333432459e-02,0.000000000000000000e+00
2.689896333333319234e-02,0.000000000000000000e+00
2.709896333333361440e-02,0.000000000000000000e+00
2.729896333333203806e-02,0.000000000000000000e+00
2.749896333333357035e-02,0.000000000000000000e+00
2.769896333333488059e-02,0.000000000000000000e+00
2.789896333333286016e-02,0.000000000000000000e+00
2.809896333333394836e-02,0.000000000000000000e+00
2.829896333333170588e-02,0.000000000000000000e+00
2.849896333333568066e-02,0.000000000000000000e+00
2.869896333333232796e-02,0.000000000000000000e+00
2.889896333333208389e-02,0.000000000000000000e+00
2.909896333333361618e-02,0.000000000000000000e+00
2.929896333333248393e-02,0.000000000000000000e+00
2.949896333333290599e-02,0.000000000000000000e+00
2.969896333333310601e-02,0.000000000000000000e+00
2.989896333333441625e-02,0.000000000000000000e+00
3.009896333333195173e-02,0.000000000000000000e+00
3.029896333333437219e-02,0.000000000000000000e+00
3.049896333333190768e-02,0.000000000000000000e+00
3.069896333333210769e-02,0.000000000000000000e+00
3.089896333333408407e-02,0.000000000000000000e+00
3.109896333333361795e-02,0.000000000000000000e+00
3.129896333333359593e-02,0.000000000000000000e+00
3.149896333333312981e-02,0.000000000000000000e+00
3.169896333333355187e-02,0.000000000000000000e+00
3.189896333333352985e-02,0.000000000000000000e+00
3.209896333333439600e-02,0.000000000000000000e+00
3.229896333333281966e-02,0.000000000000000000e+00
3.249896333333368581e-02,0.000000000000000000e+00
3.269896333333321969e-02,0.000000000000000000e+00
3.289896333333208744e-02,0.000000000000000000e+00
3.309896333333450791e-02,0.000000000000000000e+00
3.329896333333359770e-02,0.000000000000000000e+00
3.349896333333512999e-02,0.000000000000000000e+00
3.369896333333310956e-02,0.000000000000000000e+00
3.389896333333308753e-02,0.000000000000000000e+00
3.409896333333239937e-02,0.000000000000000000e+00
3.429896333333326552e-02,0.000000000000000000e+00
3.449896333333368759e-02,0.000000000000000000e+00
3.469896333333322147e-02,0.000000000000000000e+00
3.489896333333408762e-02,0.000000000000000000e+00
3.509896333333206719e-02,0.000000000000000000e+00
3.529896333333470970e-02,0.000000000000000000e+00
3.549896333333291132e-02,0.000000000000000000e+00
3.569896333333311134e-02,0.000000000000000000e+00
3.589896333333197909e-02,0.000000000000000000e+00
3.609896333333306728e-02,0.000000000000000000e+00
3.629896333333326730e-02,0.000000000000000000e+00
3.649896333333368936e-02,0.000000000000000000e+00
3.669896333333433347e-02,0.000000000000000000e+00
3.689896333333209100e-02,0.000000000000000000e+00
3.709896333333473351e-02,0.000000000000000000e+00
3.729896333333249103e-02,0.000000000000000000e+00
3.749896333333246901e-02,0.000000000000000000e+00
3.769896333333355720e-02,0.000000000000000000e+00
3.789896333333309109e-02,0.000000000000000000e+00
3.809896333333351315e-02,0.000000000000000000e+00
3.829896333333326908e-02,0.000000000000000000e+00
3.849896333333480136e-02,0.000000000000000000e+00
3.869896333333300298e-02,0.000000000000000000e+00
3.889896333333520140e-02,0.000000000000000000e+00
3.909896333333229279e-02,0.000000000000000000e+00
3.929896333333249281e-02,0.000000000000000000e+00
3.949896333333358101e-02,0.000000000000000000e+00
3.969896333333311489e-02,0.000000000000000000e+00
3.989896333333353695e-02,0.000000000000000000e+00
4.009896333333284879e-02,0.000000000000000000e+00
4.029896333333438108e-02,0.000000000000000000e+00
4.049896333333324883e-02,0.000000000000000000e+00
4.069896333333389293e-02,0.000000000000000000e+00
4.089896333333276068e-02,0.000000000000000000e+00
4.109896333333362684e-02,0.000000000000000000e+00
4.129896333333360481e-02,0.000000000000000000e+00
4.149896333333202847e-02,0.000000000000000000e+00
4.169896333333400484e-02,0.000000000000000000e+00
4.189896333333309464e-02,0.000000000000000000e+00
4.209896333333440488e-02,0.000000000000000000e+00
4.229896333333305058e-02,0.000000000000000000e+00
4.249896333333325060e-02,0.000000000000000000e+00
4.269896333333189631e-02,0.000000000000000000e+00
4.289896333333298450e-02,0.000000000000000000e+00
4.309896333333473883e-02,0.000000000000000000e+00
4.329896333333360658e-02,0.000000000000000000e+00
4.349896333333358456e-02,0.000000000000000000e+00
4.369896333333200822e-02,0.000000000000000000e+00
4.389896333333598299e-02,0.000000000000000000e+00
4.409896333333329643e-02,0.000000000000000000e+00
4.429896333333194214e-02,0.000000000000000000e+00
4.449896333333369647e-02,0.000000000000000000e+00
4.469896333333189808e-02,0.000000000000000000e+00
4.489896333333298628e-02,0.000000000000000000e+00
4.509896333333318630e-02,0.000000000000000000e+00
4.529896333333494063e-02,0.000000000000000000e+00
4.549896333333247611e-02,0.000000000000000000e+00
4.569896333333445249e-02,0.000000000000000000e+00
4.589896333333198797e-02,0.000000000000000000e+00
4.609896333333196594e-02,0.000000000000000000e+00
4.629896333333394232e-02,0.000000000000000000e+00
4.649896333333303211e-02,0.000000000000000000e+00
4.669896333333367622e-02,0.000000000000000000e+00
4.689896333333365419e-02,0.000000000000000000e+00
4.709896333333363216e-02,0.000000000000000000e+00
4.729896333333361014e-02,0.000000000000000000e+00
4.749896333333403220e-02,0.000000000000000000e+00
4.769896333333245586e-02,0.000000000000000000e+00
4.789896333333243383e-02,0.000000000000000000e+00
4.809896333333307794e-02,0.000000000000000000e+00
4.829896333333194569e-02,0.000000000000000000e+00
4.849896333333392207e-02,0.000000000000000000e+00
4.869896333333323390e-02,0.000000000000000000e+00
4.889896333333521028e-02,0.000000000000000000e+00
4.909896333333407803e-02,0.000000000000000000e+00
4.929896333333316782e-02,0.000000000000000000e+00
4.949896333333292375e-02,0.000000000000000000e+00
4.969896333333290173e-02,0.000000000000000000e+00
4.989896333333354583e-02,0.000000000000000000e+00
5.009896333333285767e-02,0.000000000000000000e+00
5.029896333333438996e-02,0.000000000000000000e+00
5.049896333333192544e-02,0.000000000000000000e+00
5.069896333333478999e-02,0.000000000000000000e+00
5.089896333333365774e-02,0.000000000000000000e+00
5.109896333333363572e-02,0.000000000000000000e+00
5.129896333333205938e-02,0.000000000000000000e+00
5.149896333333314757e-02,0.000000000000000000e+00
5.169896333333401373e-02,0.000000000000000000e+00
5.189896333333354761e-02,0.000000000000000000e+00
5.209896333333441376e-02,0.000000000000000000e+00
5.229896333333194924e-02,0.000000000000000000e+00
5.249896333333525789e-02,0.000000000000000000e+00
5.269896333333279337e-02,0.000000000000000000e+00
5.289896333333210521e-02,0.000000000000000000e+00
5.309896333333363749e-02,0.000000000000000000e+00
5.329896333333250524e-02,0.000000000000000000e+00
5.349896333333359344e-02,0.000000000000000000e+00
5.369896333333312732e-02,0.000000000000000000e+00
5.389896333333488165e-02,0.000000000000000000e+00
5.409896333333308327e-02,0.000000000000000000e+00
5.429896333333483760e-02,0.000000000000000000e+00
5.449896333333237308e-02,0.000000000000000000e+00
5.469896333333190697e-02,0.000000000000000000e+00
5.489896333333410539e-02,0.000000000000000000e+00
5.509896333333275109e-02,0.000000000000000000e+00
5.529896333333361724e-02,0.000000000000000000e+00
5.549896333333292908e-02,0.000000000000000000e+00
5.569896333333446137e-02,0.000000000000000000e+00
5.589896333333310707e-02,0.000000000000000000e+00
5.609896333333352914e-02,0.000000000000000000e+00
5.629896333333195280e-02,0.000000000000000000e+00
5.649896333333304099e-02,0.000000000000000000e+00
5.669896333333368510e-02,0.000000000000000000e+00
5.689896333333210876e-02,0.000000000000000000e+00
5.709896333333475127e-02,0.000000000000000000e+00
5.729896333333317493e-02,0.000000000000000000e+00
5.749896333333470722e-02,0.000000000000000000e+00
5.769896333333313088e-02,0.000000000000000000e+00
5.789896333333288680e-02,0.000000000000000000e+00
5.809896333333153251e-02,0.000000000000000000e+00
5.829896333333195457e-02,0.000000000000000000e+00
5.849896333333437504e-02,0.000000000000000000e+00
5.869896333333302074e-02,0.000000000000000000e+00
5.889896333333433098e-02,0.000000000000000000e+00
5.909896333333208851e-02,0.000000000000000000e+00
5.929896333333517511e-02,0.000000000000000000e+00
5.949896333333359877e-02,0.000000000000000000e+00
5.969896333333246652e-02,0.000000000000000000e+00
5.989896333333311063e-02,0.000000000000000000e+00
6.009896333333197838e-02,0.000000000000000000e+00
6.029896333333306657e-02,0.000000000000000000e+00
6.049896333333371068e-02,0.000000000000000000e+00
6.069896333333524296e-02,0.000000000000000000e+00
6.089896333333277845e-02,0.000000000000000000e+00
6.109896333333475482e-02,0.000000000000000000e+00
6.129896333333206826e-02,0.000000000000000000e+00
6.149896333333204623e-02,0.000000000000000000e+00
6.169896333333402261e-02,0.000000000000000000e+00
6.189896333333311240e-02,0.000000000000000000e+00
6.209896333333309038e-02,0.000000000000000000e+00
6.229896333333351244e-02,0.000000000000000000e+00
6.249896333333349041e-02,0.000000000000000000e+00
6.269896333333369043e-02,0.000000000000000000e+00
6.289896333333366840e-02,0.000000000000000000e+00
6.309896333333209206e-02,0.000000000000000000e+00
6.329896333333207004e-02,0.000000000000000000e+00
6.349896333333315823e-02,0.000000000000000000e+00
6.369896333333247007e-02,0.000000000000000000e+00
6.389896333333400236e-02,0.000000000000000000e+00
6.409896333333309215e-02,0.000000000000000000e+00
6.429896333333484648e-02,0.000000000000000000e+00
6.449896333333349219e-02,0.000000000000000000e+00
6.469896333333369220e-02,0.000000000000000000e+00
6.489896333333233791e-02,0.000000000000000000e+00
6.509896333333275997e-02,0.000000000000000000e+00
6.529896333333362612e-02,0.000000000000000000e+00
6.549896333333293796e-02,0.000000000000000000e+00
6.569896333333469229e-02,0.000000000000000000e+00
6.589896333333311595e-02,0.000000000000000000e+00
6.609896333333487028e-02,0.000000000000000000e+00
6.629896333333351599e-02,0.000000000000000000e+00
6.649896333333304987e-02,0.000000000000000000e+00
6.669896333333191762e-02,0.000000000000000000e+00
6.689896333333278378e-02,0.000000000000000000e+00
6.709896333333520424e-02,0.000000000000000000e+00
6.729896333333318381e-02,0.000000000000000000e+00
6.749896333333471610e-02,0.000000000000000000e+00
6.769896333333202953e-02,0.000000000000000000e+00
6.789896333333511613e-02,0.000000000000000000e+00
6.809896333333242957e-02,0.000000000000000000e+00
6.829896333333151937e-02,0.000000000000000000e+00
6.849896333333349574e-02,0.000000000000000000e+00
6.869896333333236349e-02,0.000000000000000000e+00
6.889896333333367373e-02,0.000000000000000000e+00
6.909896333333365170e-02,0.000000000000000000e+00
6.929896333333496194e-02,0.000000000000000000e+00
6.949896333333249743e-02,0.000000000000000000e+00
6.969896333333447380e-02,0.000000000000000000e+00
6.989896333333200928e-02,0.000000000000000000e+00
7.009896333333198726e-02,0.000000000000000000e+00
7.029896333333351954e-02,0.000000000000000000e+00
7.049896333333349752e-02,0.000000000000000000e+00
7.069896333333436367e-02,0.000000000000000000e+00
7.089896333333323142e-02,0.000000000000000000e+00
7.109896333333409757e-02,0.000000000000000000e+00
7.129896333333363145e-02,0.000000000000000000e+00
7.149896333333360943e-02,0.000000000000000000e+00
7.169896333333203309e-02,0.000000000000000000e+00
7.189896333333245515e-02,0.000000000000000000e+00
7.209896333333309926e-02,0.000000000000000000e+00
7.229896333333241110e-02,0.000000000000000000e+00
7.249896333333438747e-02,0.000000000000000000e+00
7.269896333333369931e-02,0.000000000000000000e+00
7.289896333333523160e-02,0.000000000000000000e+00
7.309896333333321117e-02,0.000000000000000000e+00
7.329896333333296710e-02,0.000000000000000000e+00
7.349896333333161280e-02,0.000000000000000000e+00
7.369896333333247895e-02,0.000000000000000000e+00
7.389896333333445533e-02,0.000000000000000000e+00
7.409896333333287899e-02,0.000000000000000000e+00
7.429896333333485536e-02,0.000000000000000000e+00
7.449896333333194676e-02,0.000000000000000000e+00
7.469896333333503335e-02,0.000000000000000000e+00
7.489896333333367906e-02,0.000000000000000000e+00
7.509896333333232477e-02,0.000000000000000000e+00
7.529896333333208069e-02,0.000000000000000000e+00
7.549896333333294685e-02,0.000000000000000000e+00
7.569896333333314686e-02,0.000000000000000000e+00
7.589896333333401302e-02,0.000000000000000000e+00
7.609896333333510121e-02,0.000000000000000000e+00
7.629896333333330283e-02,0.000000000000000000e+00
7.649896333333483511e-02,0.000000000000000000e+00
7.669896333333192651e-02,0.000000000000000000e+00
7.689896333333190448e-02,0.000000000000000000e+00
7.709896333333365881e-02,0.000000000000000000e+00
7.729896333333363678e-02,0.000000000000000000e+00
7.749896333333361476e-02,0.000000000000000000e+00
7.769896333333314864e-02,0.000000000000000000e+00
7.789896333333490297e-02,0.000000000000000000e+00
7.809896333333354868e-02,0.000000000000000000e+00
7.829896333333441483e-02,0.000000000000000000e+00
7.849896333333195031e-02,0.000000000000000000e+00
7.869896333333192828e-02,0.000000000000000000e+00
7.889896333333368261e-02,0.000000000000000000e+00
7.909896333333299445e-02,0.000000000000000000e+00
7.929896333333430469e-02,0.000000000000000000e+00
7.949896333333361653e-02,0.000000000000000000e+00
7.969896333333448268e-02,0.000000000000000000e+00
7.989896333333357248e-02,0.000000000000000000e+00
8.009896333333310636e-02,0.000000000000000000e+00
8.029896333333197411e-02,0.000000000000000000e+00
8.049896333333284026e-02,0.000000000000000000e+00
8.069896333333370642e-02,0.000000000000000000e+00
8.089896333333279621e-02,0.000000000000000000e+00
8.109896333333477259e-02,0.000000000000000000e+00
8.129896333333319625e-02,0.000000000000000000e+00
8.149896333333450649e-02,0.000000000000000000e+00
8.169896333333359628e-02,0.000000000000000000e+00
8.189896333333246403e-02,0.000000000000000000e+00
8.209896333333199792e-02,0.000000000000000000e+00
8.229896333333241998e-02,0.000000000000000000e+00
8.249896333333439635e-02,0.000000000000000000e+00
8.269896333333370819e-02,0.000000000000000000e+00
8.289896333333435230e-02,0.000000000000000000e+00
8.309896333333210983e-02,0.000000000000000000e+00
8.329896333333564051e-02,0.000000000000000000e+00
8.349896333333317600e-02,0.000000000000000000e+00
8.369896333333204375e-02,0.000000000000000000e+00
8.389896333333313194e-02,0.000000000000000000e+00
8.409896333333244378e-02,0.000000000000000000e+00
8.429896333333308789e-02,0.000000000000000000e+00
8.449896333333328791e-02,0.000000000000000000e+00
8.469896333333482019e-02,0.000000000000000000e+00
8.489896333333235567e-02,0.000000000000000000e+00
8.509896333333433205e-02,0.000000000000000000e+00
8.529896333333208958e-02,0.000000000000000000e+00
8.549896333333162346e-02,0.000000000000000000e+00
8.569896333333359983e-02,0.000000000000000000e+00
8.589896333333357781e-02,0.000000000000000000e+00
8.609896333333355578e-02,0.000000000000000000e+00
8.629896333333308966e-02,0.000000000000000000e+00
8.649896333333351173e-02,0.000000000000000000e+00
8.669896333333348970e-02,0.000000000000000000e+00
8.689896333333479994e-02,0.000000000000000000e+00
8.709896333333189133e-02,0.000000000000000000e+00
8.729896333333320158e-02,0.000000000000000000e+00
8.749896333333362364e-02,0.000000000000000000e+00
8.769896333333204730e-02,0.000000000000000000e+00
8.789896333333468981e-02,0.000000000000000000e+00
8.809896333333355756e-02,0.000000000000000000e+00
8.829896333333508984e-02,0.000000000000000000e+00
8.849896333333395759e-02,0.000000000000000000e+00
8.869896333333238125e-02,0.000000000000000000e+00
8.889896333333191514e-02,0.000000000000000000e+00
8.909896333333233720e-02,0.000000000000000000e+00
8.929896333333409153e-02,0.000000000000000000e+00
8.949896333333295928e-02,0.000000000000000000e+00
8.969896333333471361e-02,0.000000000000000000e+00
8.989896333333202705e-02,0.000000000000000000e+00
9.009896333333489160e-02,0.000000000000000000e+00
9.029896333333309322e-02,0.000000000000000000e+00
9.049896333333196097e-02,0.000000000000000000e+00
9.069896333333193894e-02,0.000000000000000000e+00
9.089896333333236100e-02,0.000000000000000000e+00
9.109896333333367124e-02,0.000000000000000000e+00
9.129896333333409331e-02,0.000000000000000000e+00
9.149896333333495946e-02,0.000000000000000000e+00
9.169896333333249494e-02,0.000000000000000000e+00
9.189896333333469336e-02,0.000000000000000000e+00
9.209896333333245089e-02,0.000000000000000000e+00
9.229896333333198477e-02,0.000000000000000000e+00
9.249896333333351706e-02,0.000000000000000000e+00
9.269896333333305094e-02,0.000000000000000000e+00
9.289896333333436118e-02,0.000000000000000000e+00
9.309896333333389506e-02,0.000000000000000000e+00
9.329896333333520531e-02,0.000000000000000000e+00
9.349896333333229670e-02,0.000000000000000000e+00
9.369896333333493921e-02,0.000000000000000000e+00
9.389896333333203060e-02,0.000000000000000000e+00
9.409896333333200857e-02,0.000000000000000000e+00
9.429896333333354086e-02,0.000000000000000000e+00
9.449896333333329679e-02,0.000000000000000000e+00
9.469896333333482907e-02,0.000000000000000000e+00
9.489896333333236456e-02,0.000000000000000000e+00
9.509896333333434093e-02,0.000000000000000000e+00
9.529896333333298664e-02,0.000000000000000000e+00
9.549896333333229848e-02,0.000000000000000000e+00
9.569896333333205440e-02,0.000000000000000000e+00
9.589896333333247647e-02,0.000000000000000000e+00
9.609896333333356466e-02,0.000000000000000000e+00
9.629896333333198832e-02,0.000000000000000000e+00
9.649896333333507492e-02,0.000000000000000000e+00
9.669896333333283245e-02,0.000000000000000000e+00
9.689896333333436473e-02,0.000000000000000000e+00
9.709896333333367657e-02,0.000000000000000000e+00
9.729896333333276637e-02,0.000000000000000000e+00
9.749896333333207821e-02,0.000000000000000000e+00
9.769896333333250027e-02,0.000000000000000000e+00
9.789896333333492073e-02,0.000000000000000000e+00
9.809896333333312235e-02,0.000000000000000000e+00
9.829896333333398850e-02,0.000000000000000000e+00
9.849896333333152398e-02,0.000000000000000000e+00
9.869896333333527672e-02,0.000000000000000000e+00
9.889896333333325629e-02,0.000000000000000000e+00
9.909896333333167995e-02,0.000000000000000000e+00
9.929896333333321223e-02,0.000000000000000000e+00
9.949896333333296816e-02,0.000000000000000000e+00
9.969896333333316818e-02,0.000000000000000000e+00
9.989896333333359024e-02,0.000000000000000000e+00
1.000989633333349005e-01,0.000000000000000000e+00
1.002989633333324360e-01,0.000000000000000000e+00
1.004989633333344123e-01,0.000000000000000000e+00
1.006989633333319478e-01,0.000000000000000000e+00
1.008989633333317038e-01,0.000000000000000000e+00
1.010989633333339022e-01,0.000000000000000000e+00
1.012989633333336581e-01,0.000000000000000000e+00
1.014989633333343022e-01,0.000000000000000000e+00
1.016989633333331700e-01,0.000000000000000000e+00
1.018989633333335920e-01,0.000000000000000000e+00
1.020989633333331259e-01,0.000000000000000000e+00
1.022989633333344361e-01,0.000000000000000000e+00
1.024989633333319716e-01,0.000000000000000000e+00
1.026989633333319496e-01,0.000000000000000000e+00
1.028989633333332598e-01,0.000000000000000000e+00
1.030989633333319055e-01,0.000000000000000000e+00
1.032989633333347701e-01,0.000000000000000000e+00
1.034989633333336378e-01,0.000000000000000000e+00
1.036989633333349481e-01,0.000000000000000000e+00
1.038989633333335938e-01,0.000000000000000000e+00
1.040989633333324615e-01,0.000000000000000000e+00
1.042989633333319954e-01,0.000000000000000000e+00
1.044989633333324175e-01,0.000000000000000000e+00
1.046989633333343939e-01,0.000000000000000000e+00
1.048989633333330396e-01,0.000000000000000000e+00
1.050989633333343498e-01,0.000000000000000000e+00
1.052989633333321073e-01,0.000000000000000000e+00
1.054989633333343058e-01,0.000000000000000000e+00
1.056989633333336176e-01,0.000000000000000000e+00
1.058989633333324853e-01,0.000000000000000000e+00
1.060989633333320192e-01,0.000000000000000000e+00
1.062989633333328854e-01,0.000000000000000000e+00
1.064989633333335295e-01,0.000000000000000000e+00
1.066989633333339516e-01,0.000000000000000000e+00
1.068989633333348177e-01,0.000000000000000000e+00
1.070989633333323532e-01,0.000000000000000000e+00
1.072989633333347737e-01,0.000000000000000000e+00
1.074989633333329753e-01,0.000000000000000000e+00
1.076989633333320651e-01,0.000000000000000000e+00
1.078989633333340414e-01,0.000000000000000000e+00
1.080989633333331312e-01,0.000000000000000000e+00
1.082989633333335533e-01,0.000000000000000000e+00
1.084989633333339754e-01,0.000000000000000000e+00
1.086989633333343974e-01,0.000000000000000000e+00
1.088989633333328211e-01,0.000000000000000000e+00
1.090989633333347975e-01,0.000000000000000000e+00
1.092989633333321109e-01,0.000000000000000000e+00
1.094989633333320889e-01,0.000000000000000000e+00
1.096989633333336212e-01,0.000000000000000000e+00
1.098989633333335991e-01,0.000000000000000000e+00
1.100989633333344653e-01,0.000000000000000000e+00
1.102989633333331110e-01,0.000000000000000000e+00
1.104989633333335330e-01,0.000000000000000000e+00
1.106989633333330669e-01,0.000000000000000000e+00
1.108989633333334890e-01,0.000000000000000000e+00
1.110989633333319127e-01,0.000000000000000000e+00
1.112989633333323347e-01,0.000000000000000000e+00
1.114989633333340890e-01,0.000000000000000000e+00
1.116989633333322907e-01,0.000000000000000000e+00
1.118989633333347111e-01,0.000000000000000000e+00
1.120989633333335789e-01,0.000000000000000000e+00
1.122989633333344450e-01,0.000000000000000000e+00
1.124989633333330907e-01,0.000000000000000000e+00
1.126989633333319585e-01,0.000000000000000000e+00
1.128989633333314924e-01,0.000000000000000000e+00
1.130989633333319144e-01,0.000000000000000000e+00
1.132989633333352231e-01,0.000000000000000000e+00
1.134989633333332026e-01,0.000000000000000000e+00
1.136989633333349570e-01,0.000000000000000000e+00
1.138989633333316043e-01,0.000000000000000000e+00
1.140989633333351350e-01,0.000000000000000000e+00
1.142989633333344468e-01,0.000000000000000000e+00
1.144989633333319823e-01,0.000000000000000000e+00
1.146989633333332925e-01,0.000000000000000000e+00
1.148989633333319382e-01,0.000000000000000000e+00
1.150989633333332485e-01,0.000000000000000000e+00
1.152989633333338926e-01,0.000000000000000000e+00
1.154989633333352028e-01,0.000000000000000000e+00
1.156989633333320722e-01,0.000000000000000000e+00
1.158989633333347147e-01,0.000000000000000000e+00
1.160989633333320281e-01,0.000000000000000000e+00
1.162989633333320061e-01,0.000000000000000000e+00
1.164989633333335384e-01,0.000000000000000000e+00
1.166989633333332943e-01,0.000000000000000000e+00
1.168989633333343825e-01,0.000000000000000000e+00
1.170989633333336943e-01,0.000000000000000000e+00
1.172989633333338944e-01,0.000000000000000000e+00
1.174989633333329841e-01,0.000000000000000000e+00
1.176989633333340723e-01,0.000000000000000000e+00
1.178989633333320519e-01,0.000000000000000000e+00
1.180989633333320299e-01,0.000000000000000000e+00
1.182989633333335622e-01,0.000000000000000000e+00
1.184989633333319858e-01,0.000000000000000000e+00
1.186989633333344063e-01,0.000000000000000000e+00
1.188989633333334961e-01,0.000000000000000000e+00
1.190989633333343622e-01,0.000000000000000000e+00
1.192989633333336741e-01,0.000000000000000000e+00
1.194989633333329859e-01,0.000000000000000000e+00
1.196989633333322978e-01,0.000000000000000000e+00
1.198989633333324978e-01,0.000000000000000000e+00
1.200989633333344742e-01,0.000000000000000000e+00
1.202989633333331199e-01,0.000000000000000000e+00
1.204989633333350962e-01,0.000000000000000000e+00
1.206989633333330758e-01,0.000000000000000000e+00
1.208989633333343860e-01,0.000000000000000000e+00
1.210989633333339199e-01,0.000000000000000000e+00
1.212989633333323436e-01,0.000000000000000000e+00
1.214989633333320995e-01,0.000000000000000000e+00
1.216989633333329657e-01,0.000000000000000000e+00
1.218989633333347200e-01,0.000000000000000000e+00
1.220989633333340318e-01,0.000000000000000000e+00
1.222989633333348980e-01,0.000000000000000000e+00
1.224989633333319894e-01,0.000000000000000000e+00
1.226989633333348539e-01,0.000000000000000000e+00
1.228989633333332776e-01,0.000000000000000000e+00
1.230989633333317013e-01,0.000000000000000000e+00
1.232989633333332335e-01,0.000000000000000000e+00
1.234989633333332115e-01,0.000000000000000000e+00
1.236989633333336336e-01,0.000000000000000000e+00
1.238989633333336116e-01,0.000000000000000000e+00
1.240989633333349218e-01,0.000000000000000000e+00
1.242989633333329014e-01,0.000000000000000000e+00
1.244989633333344337e-01,0.000000000000000000e+00
1.246989633333319691e-01,0.000000000000000000e+00
1.248989633333310589e-01,0.000000000000000000e+00
1.250989633333337014e-01,0.000000000000000000e+00
1.252989633333336794e-01,0.000000000000000000e+00
1.254989633333352117e-01,0.000000000000000000e+00
1.256989633333336354e-01,0.000000000000000000e+00
1.258989633333331692e-01,0.000000000000000000e+00
1.260989633333335913e-01,0.000000000000000000e+00
1.262989633333335693e-01,0.000000000000000000e+00
1.264989633333319929e-01,0.000000000000000000e+00
1.266989633333319709e-01,0.000000000000000000e+00
1.268989633333339473e-01,0.000000000000000000e+00
1.270989633333323710e-01,0.000000000000000000e+00
1.272989633333350135e-01,0.000000000000000000e+00
1.274989633333336592e-01,0.000000000000000000e+00
1.276989633333340812e-01,0.000000000000000000e+00
1.278989633333336151e-01,0.000000000000000000e+00
1.280989633333320388e-01,0.000000000000000000e+00
1.282989633333320167e-01,0.000000000000000000e+00
1.284989633333324388e-01,0.000000000000000000e+00
1.286989633333344152e-01,0.000000000000000000e+00
1.288989633333335050e-01,0.000000000000000000e+00
1.290989633333352593e-01,0.000000000000000000e+00
1.292989633333316846e-01,0.000000000000000000e+00
1.294989633333347712e-01,0.000000000000000000e+00
1.296989633333340830e-01,0.000000000000000000e+00
1.298989633333311744e-01,0.000000000000000000e+00
1.300989633333329287e-01,0.000000000000000000e+00
1.302989633333331287e-01,0.000000000000000000e+00
1.304989633333331067e-01,0.000000000000000000e+00
1.306989633333353051e-01,0.000000000000000000e+00
1.308989633333350611e-01,0.000000000000000000e+00
1.310989633333323745e-01,0.000000000000000000e+00
1.312989633333339068e-01,0.000000000000000000e+00
1.314989633333321084e-01,0.000000000000000000e+00
1.316989633333316423e-01,0.000000000000000000e+00
1.318989633333336187e-01,0.000000000000000000e+00
1.320989633333335966e-01,0.000000000000000000e+00
1.322989633333344628e-01,0.000000000000000000e+00
1.324989633333335526e-01,0.000000000000000000e+00
1.326989633333339746e-01,0.000000000000000000e+00
1.328989633333323983e-01,0.000000000000000000e+00
1.330989633333337085e-01,0.000000000000000000e+00
1.332989633333323543e-01,0.000000000000000000e+00
1.334989633333316661e-01,0.000000000000000000e+00
1.336989633333340866e-01,0.000000000000000000e+00
1.338989633333325102e-01,0.000000000000000000e+00
1.340989633333351527e-01,0.000000000000000000e+00
1.342989633333335764e-01,0.000000000000000000e+00
1.344989633333344425e-01,0.000000000000000000e+00
1.346989633333330882e-01,0.000000000000000000e+00
1.348989633333330662e-01,0.000000000000000000e+00
1.350989633333319340e-01,0.000000000000000000e+00
1.352989633333330222e-01,0.000000000000000000e+00
1.354989633333343324e-01,0.000000000000000000e+00
1.356989633333329781e-01,0.000000000000000000e+00
1.358989633333351765e-01,0.000000000000000000e+00
1.360989633333331561e-01,0.000000000000000000e+00
1.362989633333340223e-01,0.000000000000000000e+00
1.364989633333335561e-01,0.000000000000000000e+00
1.366989633333319798e-01,0.000000000000000000e+00
1.368989633333319578e-01,0.000000000000000000e+00
1.370989633333328239e-01,0.000000000000000000e+00
1.372989633333350223e-01,0.000000000000000000e+00
1.374989633333343342e-01,0.000000000000000000e+00
1.376989633333347562e-01,0.000000000000000000e+00
1.378989633333320697e-01,0.000000000000000000e+00
1.380989633333344901e-01,0.000000000000000000e+00
1.382989633333329138e-01,0.000000000000000000e+00
1.384989633333311154e-01,0.000000000000000000e+00
1.386989633333330918e-01,0.000000000000000000e+00
1.388989633333330698e-01,0.000000000000000000e+00
1.390989633333334918e-01,0.000000000000000000e+00
1.392989633333339139e-01,0.000000000000000000e+00
1.394989633333352241e-01,0.000000000000000000e+00
1.396989633333323155e-01,0.000000000000000000e+00
1.398989633333336258e-01,0.000000000000000000e+00
1.400989633333320494e-01,0.000000000000000000e+00
1.402989633333306951e-01,0.000000000000000000e+00
1.404989633333340038e-01,0.000000000000000000e+00
1.406989633333344258e-01,0.000000000000000000e+00
1.408989633333352920e-01,0.000000000000000000e+00
1.410989633333343818e-01,0.000000000000000000e+00
1.412989633333332495e-01,0.000000000000000000e+00
1.414989633333330055e-01,0.000000000000000000e+00
1.416989633333336496e-01,0.000000000000000000e+00
1.418989633333320732e-01,0.000000000000000000e+00
1.420989633333320512e-01,0.000000000000000000e+00
1.422989633333344717e-01,0.000000000000000000e+00
1.424989633333328953e-01,0.000000000000000000e+00
1.426989633333350938e-01,0.000000000000000000e+00
1.428989633333335174e-01,0.000000000000000000e+00
1.430989633333339395e-01,0.000000000000000000e+00
1.432989633333332513e-01,0.000000000000000000e+00
1.434989633333318970e-01,0.000000000000000000e+00
1.436989633333320970e-01,0.000000000000000000e+00
1.438989633333322971e-01,0.000000000000000000e+00
1.440989633333349396e-01,0.000000000000000000e+00
1.442989633333335853e-01,0.000000000000000000e+00
1.444989633333348955e-01,0.000000000000000000e+00
1.446989633333319869e-01,0.000000000000000000e+00
1.448989633333335192e-01,0.000000000000000000e+00
1.450989633333332751e-01,0.000000000000000000e+00
1.452989633333316988e-01,0.000000000000000000e+00
1.454989633333323429e-01,0.000000000000000000e+00
1.456989633333327649e-01,0.000000000000000000e+00
1.458989633333336311e-01,0.000000000000000000e+00
1.460989633333347193e-01,0.000000000000000000e+00
1.462989633333351414e-01,0.000000000000000000e+00
1.464989633333320107e-01,0.000000000000000000e+00
1.466989633333335430e-01,0.000000000000000000e+00
1.468989633333324107e-01,0.000000000000000000e+00
1.470989633333312785e-01,0.000000000000000000e+00
1.472989633333336990e-01,0.000000000000000000e+00
1.474989633333332328e-01,0.000000000000000000e+00
1.476989633333343210e-01,0.000000000000000000e+00
1.478989633333347431e-01,0.000000000000000000e+00
1.480989633333347211e-01,0.000000000000000000e+00
1.482989633333324786e-01,0.000000000000000000e+00
1.484989633333340109e-01,0.000000000000000000e+00
1.486989633333319905e-01,0.000000000000000000e+00
1.488989633333313023e-01,0.000000000000000000e+00
1.490989633333343889e-01,0.000000000000000000e+00
1.492989633333328126e-01,0.000000000000000000e+00
1.494989633333352330e-01,0.000000000000000000e+00
1.496989633333341008e-01,0.000000000000000000e+00
1.498989633333340787e-01,0.000000000000000000e+00
1.500989633333325024e-01,0.000000000000000000e+00
1.502989633333329245e-01,0.000000000000000000e+00
1.504989633333320143e-01,0.000000000000000000e+00
1.506989633333319922e-01,0.000000000000000000e+00
1.508989633333344127e-01,0.000000000000000000e+00
1.510989633333330584e-01,0.000000000000000000e+00
1.512989633333352568e-01,0.000000000000000000e+00
1.514989633333336805e-01,0.000000000000000000e+00
1.516989633333336585e-01,0.000000000000000000e+00
1.518989633333336364e-01,0.000000000000000000e+00
1.520989633333320601e-01,0.000000000000000000e+00
1.522989633333320381e-01,0.000000000000000000e+00
1.524989633333329042e-01,0.000000000000000000e+00
1.526989633333351026e-01,0.000000000000000000e+00
1.528989633333339704e-01,0.000000000000000000e+00
1.530989633333348365e-01,0.000000000000000000e+00
1.532989633333319279e-01,0.000000000000000000e+00
1.534989633333350145e-01,0.000000000000000000e+00
1.536989633333336602e-01,0.000000000000000000e+00
1.538989633333309737e-01,0.000000000000000000e+00
1.540989633333329500e-01,0.000000000000000000e+00
1.542989633333324839e-01,0.000000000000000000e+00
1.544989633333335721e-01,0.000000000000000000e+00
1.546989633333344383e-01,0.000000000000000000e+00
1.548989633333353044e-01,0.000000000000000000e+00
1.550989633333319517e-01,0.000000000000000000e+00
1.552989633333337061e-01,0.000000000000000000e+00
1.554989633333319077e-01,0.000000000000000000e+00
1.556989633333312195e-01,0.000000000000000000e+00
1.558989633333331959e-01,0.000000000000000000e+00
1.560989633333336180e-01,0.000000000000000000e+00
1.562989633333347061e-01,0.000000000000000000e+00
1.564989633333344621e-01,0.000000000000000000e+00
1.566989633333335519e-01,0.000000000000000000e+00
1.568989633333335298e-01,0.000000000000000000e+00
1.570989633333339519e-01,0.000000000000000000e+00
1.572989633333319315e-01,0.000000000000000000e+00
1.574989633333316874e-01,0.000000000000000000e+00
1.576989633333341079e-01,0.000000000000000000e+00
1.578989633333323095e-01,0.000000000000000000e+00
1.580989633333349520e-01,0.000000000000000000e+00
1.582989633333349300e-01,0.000000000000000000e+00
1.584989633333344639e-01,0.000000000000000000e+00
1.586989633333335536e-01,0.000000000000000000e+00
1.588989633333319773e-01,0.000000000000000000e+00
1.590989633333319553e-01,0.000000000000000000e+00
1.592989633333319333e-01,0.000000000000000000e+00
1.594989633333343537e-01,0.000000000000000000e+00
1.596989633333332215e-01,0.000000000000000000e+00
1.598989633333349758e-01,0.000000000000000000e+00
1.600989633333331774e-01,0.000000000000000000e+00
1.602989633333344877e-01,0.000000000000000000e+00
1.604989633333335775e-01,0.000000000000000000e+00
1.606989633333320011e-01,0.000000000000000000e+00
1.608989633333319791e-01,0.000000000000000000e+00
1.610989633333330673e-01,0.000000000000000000e+00
1.612989633333334893e-01,0.000000000000000000e+00
1.614989633333343555e-01,0.000000000000000000e+00
1.616989633333352216e-01,0.000000000000000000e+00
1.618989633333327571e-01,0.000000000000000000e+00
1.620989633333336233e-01,0.000000000000000000e+00
1.622989633333336013e-01,0.000000000000000000e+00
1.624989633333320249e-01,0.000000000000000000e+00
1.626989633333331131e-01,0.000000000000000000e+00
1.628989633333330911e-01,0.000000000000000000e+00
1.630989633333339572e-01,0.000000000000000000e+00
1.632989633333352675e-01,0.000000000000000000e+00
1.634989633333350234e-01,0.000000000000000000e+00
1.636989633333330030e-01,0.000000000000000000e+00
1.638989633333343132e-01,0.000000000000000000e+00
1.640989633333320707e-01,0.000000000000000000e+00
1.642989633333311605e-01,0.000000000000000000e+00
1.644989633333335810e-01,0.000000000000000000e+00
1.646989633333331149e-01,0.000000000000000000e+00
1.648989633333350913e-01,0.000000000000000000e+00
1.650989633333339590e-01,0.000000000000000000e+00
1.652989633333343811e-01,0.000000000000000000e+00
1.654989633333328047e-01,0.000000000000000000e+00
1.656989633333330048e-01,0.000000000000000000e+00
1.658989633333320945e-01,0.000000000000000000e+00
1.660989633333320725e-01,0.000000000000000000e+00
1.662989633333340489e-01,0.000000000000000000e+00
1.664989633333324726e-01,0.000000000000000000e+00
1.666989633333348930e-01,0.000000000000000000e+00
1.668989633333335387e-01,0.000000000000000000e+00
1.670989633333335167e-01,0.000000000000000000e+00
1.672989633333334947e-01,0.000000000000000000e+00
1.674989633333316963e-01,0.000000000000000000e+00
1.676989633333316743e-01,0.000000000000000000e+00
1.678989633333323184e-01,0.000000000000000000e+00
1.680989633333349609e-01,0.000000000000000000e+00
1.682989633333336066e-01,0.000000000000000000e+00
1.684989633333346948e-01,0.000000000000000000e+00
1.686989633333320082e-01,0.000000000000000000e+00
1.688989633333348728e-01,0.000000000000000000e+00
1.690989633333335185e-01,0.000000000000000000e+00
1.692989633333314980e-01,0.000000000000000000e+00
1.694989633333323642e-01,0.000000000000000000e+00
1.696989633333318981e-01,0.000000000000000000e+00
1.698989633333336524e-01,0.000000000000000000e+00
1.700989633333340745e-01,0.000000000000000000e+00
1.702989633333351627e-01,0.000000000000000000e+00
1.704989633333324761e-01,0.000000000000000000e+00
1.706989633333331202e-01,0.000000000000000000e+00
1.708989633333319880e-01,0.000000000000000000e+00
1.710989633333310778e-01,0.000000000000000000e+00
1.712989633333332762e-01,0.000000000000000000e+00
1.714989633333330321e-01,0.000000000000000000e+00
1.716989633333352305e-01,0.000000000000000000e+00
1.718989633333343203e-01,0.000000000000000000e+00
1.720989633333336322e-01,0.000000000000000000e+00
1.722989633333331660e-01,0.000000000000000000e+00
1.724989633333335881e-01,0.000000000000000000e+00
1.726989633333320118e-01,0.000000000000000000e+00
1.728989633333311016e-01,0.000000000000000000e+00
1.730989633333339661e-01,0.000000000000000000e+00
1.732989633333315016e-01,0.000000000000000000e+00
1.734989633333350323e-01,0.000000000000000000e+00
1.736989633333347882e-01,0.000000000000000000e+00
1.738989633333343221e-01,0.000000000000000000e+00
1.740989633333336339e-01,0.000000000000000000e+00
1.742989633333325017e-01,0.000000000000000000e+00
1.744989633333324797e-01,0.000000000000000000e+00
1.746989633333320135e-01,0.000000000000000000e+00
1.748989633333344340e-01,0.000000000000000000e+00
1.750989633333333018e-01,0.000000000000000000e+00
1.752989633333352781e-01,0.000000000000000000e+00
1.754989633333337018e-01,0.000000000000000000e+00
1.756989633333339018e-01,0.000000000000000000e+00
1.758989633333341018e-01,0.000000000000000000e+00
1.760989633333320814e-01,0.000000000000000000e+00
1.762989633333325035e-01,0.000000000000000000e+00
1.764989633333324814e-01,0.000000000000000000e+00
1.766989633333340137e-01,0.000000000000000000e+00
1.768989633333344358e-01,0.000000000000000000e+00
1.770989633333353019e-01,0.000000000000000000e+00
1.772989633333323933e-01,0.000000000000000000e+00
1.774989633333337036e-01,0.000000000000000000e+00
1.776989633333336815e-01,0.000000000000000000e+00
1.778989633333312170e-01,0.000000000000000000e+00
1.780989633333331934e-01,0.000000000000000000e+00
1.782989633333329493e-01,0.000000000000000000e+00
1.784989633333335934e-01,0.000000000000000000e+00
1.786989633333340155e-01,0.000000000000000000e+00
1.788989633333351037e-01,0.000000000000000000e+00
1.790989633333324171e-01,0.000000000000000000e+00
1.792989633333339494e-01,0.000000000000000000e+00
1.794989633333323731e-01,0.000000000000000000e+00
1.796989633333312408e-01,0.000000000000000000e+00
1.798989633333336613e-01,0.000000000000000000e+00
1.800989633333327511e-01,0.000000000000000000e+00
1.802989633333347275e-01,0.000000000000000000e+00
1.804989633333335952e-01,0.000000000000000000e+00
1.806989633333335732e-01,0.000000000000000000e+00
1.808989633333331071e-01,0.000000000000000000e+00
1.810989633333335291e-01,0.000000000000000000e+00
1.812989633333319528e-01,0.000000000000000000e+00
1.814989633333319308e-01,0.000000000000000000e+00
1.816989633333336851e-01,0.000000000000000000e+00
1.818989633333321088e-01,0.000000000000000000e+00
1.820989633333351954e-01,0.000000000000000000e+00
1.822989633333347292e-01,0.000000000000000000e+00
1.824989633333335970e-01,0.000000000000000000e+00
1.826989633333335750e-01,0.000000000000000000e+00
1.828989633333319986e-01,0.000000000000000000e+00
1.830989633333315325e-01,0.000000000000000000e+00
1.832989633333323987e-01,0.000000000000000000e+00
1.834989633333348191e-01,0.000000000000000000e+00
1.836989633333332428e-01,0.000000000000000000e+00
1.838989633333352192e-01,0.000000000000000000e+00
1.840989633333323106e-01,0.000000000000000000e+00
1.842989633333345090e-01,0.000000000000000000e+00
1.844989633333347090e-01,0.000000000000000000e+00
1.846989633333315783e-01,0.000000000000000000e+00
1.848989633333324445e-01,0.000000000000000000e+00
1.850989633333328666e-01,0.000000000000000000e+00
1.852989633333330666e-01,0.000000000000000000e+00
1.854989633333343768e-01,0.000000000000000000e+00
1.856989633333352430e-01,0.000000000000000000e+00
1.858989633333327784e-01,0.000000000000000000e+00
1.860989633333340887e-01,0.000000000000000000e+00
1.862989633333329564e-01,0.000000000000000000e+00
1.864989633333316021e-01,0.000000000000000000e+00
1.866989633333335785e-01,0.000000000000000000e+00
1.868989633333331124e-01,0.000000000000000000e+00
1.870989633333339786e-01,0.000000000000000000e+00
1.872989633333339565e-01,0.000000000000000000e+00
1.874989633333334904e-01,0.000000000000000000e+00
1.876989633333330243e-01,0.000000000000000000e+00
1.878989633333336684e-01,0.000000000000000000e+00
1.880989633333320921e-01,0.000000000000000000e+00
1.882989633333311819e-01,0.000000000000000000e+00
1.884989633333331582e-01,0.000000000000000000e+00
1.886989633333320260e-01,0.000000000000000000e+00
1.888989633333348905e-01,0.000000000000000000e+00
1.890989633333344244e-01,0.000000000000000000e+00
1.892989633333339583e-01,0.000000000000000000e+00
1.894989633333334922e-01,0.000000000000000000e+00
1.896989633333336922e-01,0.000000000000000000e+00
1.898989633333323379e-01,0.000000000000000000e+00
1.900989633333323159e-01,0.000000000000000000e+00
1.902989633333340702e-01,0.000000000000000000e+00
1.904989633333329380e-01,0.000000000000000000e+00
1.906989633333349143e-01,0.000000000000000000e+00
1.908989633333340041e-01,0.000000000000000000e+00
1.910989633333335380e-01,0.000000000000000000e+00
1.912989633333339601e-01,0.000000000000000000e+00
1.914989633333319397e-01,0.000000000000000000e+00
1.916989633333319176e-01,0.000000000000000000e+00
1.918989633333327838e-01,0.000000000000000000e+00
1.920989633333340940e-01,0.000000000000000000e+00
1.922989633333336279e-01,0.000000000000000000e+00
1.924989633333347161e-01,0.000000000000000000e+00
1.926989633333324736e-01,0.000000000000000000e+00
1.928989633333340059e-01,0.000000000000000000e+00
1.930989633333339839e-01,0.000000000000000000e+00
1.932989633333319635e-01,0.000000000000000000e+00
1.934989633333330517e-01,0.000000000000000000e+00
1.936989633333332517e-01,0.000000000000000000e+00
1.938989633333332296e-01,0.000000000000000000e+00
1.940989633333336517e-01,0.000000000000000000e+00
1.942989633333349619e-01,0.000000000000000000e+00
1.944989633333324974e-01,0.000000000000000000e+00
1.946989633333344738e-01,0.000000000000000000e+00
1.948989633333324534e-01,0.000000000000000000e+00
1.950989633333310991e-01,0.000000000000000000e+00
1.952989633333332975e-01,0.000000000000000000e+00
1.954989633333334975e-01,0.000000000000000000e+00
1.956989633333348078e-01,0.000000000000000000e+00
1.958989633333332314e-01,0.000000000000000000e+00
1.960989633333336535e-01,0.000000000000000000e+00
1.962989633333336315e-01,0.000000000000000000e+00
1.964989633333336094e-01,0.000000000000000000e+00
1.966989633333320331e-01,0.000000000000000000e+00
1.968989633333320111e-01,0.000000000000000000e+00
1.970989633333339874e-01,0.000000000000000000e+00
1.972989633333319670e-01,0.000000000000000000e+00
1.974989633333343875e-01,0.000000000000000000e+00
1.976989633333343654e-01,0.000000000000000000e+00
1.978989633333343434e-01,0.000000000000000000e+00
1.980989633333336553e-01,0.000000000000000000e+00
1.982989633333329671e-01,0.000000000000000000e+00
1.984989633333320569e-01,0.000000000000000000e+00
1.986989633333324790e-01,0.000000000000000000e+00
1.988989633333340112e-01,0.000000000000000000e+00
1.990989633333328790e-01,0.000000000000000000e+00
1.992989633333346333e-01,0.000000000000000000e+00
1.994989633333321688e-01,0.000000000000000000e+00
1.996989633333339231e-01,0.000000000000000000e+00
1.998989633333339011e-01,0.000000000000000000e+00
2.000989633333323248e-01,0.000000000000000000e+00
2.002989633333323027e-01,0.000000000000000000e+00
2.004989633333329468e-01,0.000000000000000000e+00
2.006989633333327028e-01,0.000000000000000000e+00
2.008989633333344571e-01,0.000000000000000000e+00
2.010989633333348792e-01,0.000000000000000000e+00
2.012989633333328587e-01,0.000000000000000000e+00
2.014989633333341690e-01,0.000000000000000000e+00
2.016989633333328147e-01,0.000000000000000000e+00
2.018989633333323486e-01,-8.771533513338456572e-03
2.020989633333332147e-01,-8.786331882044065913e-03
2.022989633333334147e-01,-8.801146086806443253e-03
2.024989633333336148e-01,-8.815975958098390755e-03
2.026989633333335927e-01,-8.830821322239097368e-03
2.028989633333344589e-01,-8.845682001346364537e-03
2.030989633333331046e-01,-8.860557813288309770e-03
2.032989633333341928e-01,-8.875448571636452774e-03
2.034989633333323944e-01,-8.890354085616817073e-03
2.036989633333310401e-01,-8.905274160063703093e-03
2.038989633333336826e-01,-8.920208595371729998e-03
2.040989633333323283e-01,-8.935157187447636401e-03
2.042989633333343047e-01,-8.950119727665267755e-03
2.044989633333340606e-01,-8.965096002816417761e-03
2.046989633333340386e-01,-8.980085795065741172e-03
2.048989633333333504e-01,-8.995088881903218897e-03
2.050989633333335505e-01,-9.010105036098250281e-03
2.052989633333321962e-01,-9.025134025652947409e-03
2.054989633333323962e-01,-9.040175613756893519e-03
2.056989633333337064e-01,-9.055229558740690576e-03
2.058989633333325742e-01,-9.070295614030450537e-03
2.060989633333349946e-01,-9.085373528103469695e-03
2.062989633333340844e-01,-9.100463044441522986e-03
2.064989633333333963e-01,-9.115563901487811621e-03
2.066989633333335963e-01,-9.130675832601509861e-03
2.068989633333322420e-01,-9.145798566013472325e-03
2.070989633333317759e-01,-9.160931824782964777e-03
2.072989633333326420e-01,-9.176075326753529299e-03
2.074989633333335082e-01,-9.191228784509661298e-03
2.076989633333339302e-01,-9.206391905334064193e-03
2.078989633333343523e-01,-9.221564391165002969e-03
2.080989633333327760e-01,-9.236745938553751409e-03
2.082989633333343082e-01,-9.251936238623394149e-03
2.084989633333336201e-01,-9.267134977025921760e-03
2.086989633333318217e-01,-9.282341833902326908e-03
2.088989633333329099e-01,-9.297556483841510483e-03
2.090989633333328879e-01,-9.312778595839109677e-03
2.092989633333328658e-01,-9.328007833258470174e-03
2.094989633333335100e-01,-9.343243853790669448e-03
2.096989633333350422e-01,-9.358486309415367521e-03
2.098989633333325777e-01,-9.373734846361815587e-03
2.100989633333341100e-01,-9.388989105071961910e-03
2.102989633333320896e-01,-9.404248720160518493e-03
2.104989633333314014e-01,-9.419513320379817312e-03
2.106989633333329337e-01,-9.434782528581779973e-03
2.108989633333331337e-01,-9.450055961681549238e-03
2.110989633333342219e-01,-9.465333230622520466e-03
2.112989633333339778e-01,-9.480613940340262835e-03
2.114989633333341779e-01,-9.495897689728463251e-03
2.116989633333334897e-01,-9.511184071604171161e-03
2.118989633333339118e-01,-9.526472672674679218e-03
2.120989633333318913e-01,-9.541763073503763820e-03
2.122989633333323134e-01,-9.557054848480279682e-03
2.124989633333334016e-01,-9.572347565785106413e-03
2.126989633333324914e-01,-9.587640787360275640e-03
2.128989633333349119e-01,-9.602934068878986318e-03
2.130989633333348898e-01,-9.618226959714076124e-03
2.132989633333339796e-01,-9.633519002909964046e-03
2.134989633333335135e-01,-9.648809735153368247e-03
2.136989633333326033e-01,-9.664098686744925990e-03
2.138989633333319151e-01,-9.679385381572086847e-03
2.140989633333325592e-01,-9.694669337082238367e-03
2.142989633333336474e-01,-9.709950064256400726e-03
2.144989633333329593e-01,-9.725227067583885887e-03
2.146989633333347136e-01,-9.740499845038243926e-03
2.148989633333326932e-01,-9.755767888051967290e-03
2.150989633333340034e-01,-9.771030681495129419e-03
2.152989633333330932e-01,-9.786287703650900852e-03
2.154989633333321830e-01,-9.801538426195358783e-03
2.156989633333319389e-01,-9.816782314175860266e-03
2.158989633333325830e-01,-9.832018825990962788e-03
2.160989633333327831e-01,-9.847247413370875668e-03
2.162989633333340933e-01,-9.862467521359306183e-03
2.164989633333354035e-01,-9.877678588295184248e-03
2.166989633333331611e-01,-9.892880045795776622e-03
2.168989633333342493e-01,-9.908071318741515018e-03
2.170989633333331170e-01,-9.923251825259001013e-03
2.172989633333319848e-01,-9.938420976708110116e-03
2.174989633333328509e-01,-9.953578177667806934e-03
2.176989633333328289e-01,-9.968722825923148623e-03
2.178989633333339171e-01,-9.983854312454201740e-03
2.180989633333343392e-01,-9.998972021424515008e-03
2.182989633333356494e-01,-1.001407533017164078e-02
2.184989633333331849e-01,-1.002916360919734774e-02
2.186989633333340510e-01,-1.004423622216085027e-02
2.188989633333320306e-01,-1.005929252586971849e-02
2.190989633333315645e-01,-1.007433187027538014e-02
2.192989633333335409e-01,-1.008935359846682700e-02
2.194989633333332968e-01,-1.010435704666610285e-02
2.196989633333346070e-01,-1.011934154422601193e-02
2.198989633333336968e-01,-1.013430641362656620e-02
2.200989633333343409e-01,-1.014925097047477721e-02
2.202989633333334307e-01,-1.016417452350321451e-02
2.204989633333331867e-01,-1.017907637457161202e-02
2.206989633333324985e-01,-1.019395581866791578e-02
2.208989633333320324e-01,-1.020881214391142558e-02
2.210989633333337867e-01,-1.022364463155653845e-02
2.212989633333324324e-01,-1.023845255599697968e-02
2.214989633333350749e-01,-1.025323518477316148e-02
2.216989633333343868e-01,-1.026799177857726231e-02
2.218989633333339206e-01,-1.028272159126308524e-02
2.220989633333336766e-01,-1.029742386985427367e-02
2.222989633333321002e-01,-1.031209785455468320e-02
2.224989633333320782e-01,-1.032674277876025233e-02
2.226989633333327223e-01,-1.034135786907092701e-02
2.228989633333340326e-01,-1.035594234530465806e-02
2.230989633333335664e-01,-1.037049542051194859e-02
2.232989633333348767e-01,-1.038501630099245010e-02
2.234989633333328563e-01,-1.039950418631095663e-02
2.236989633333343885e-01,-1.041395826931723785e-02
2.238989633333337004e-01,-1.042837773616362915e-02
2.240989633333316799e-01,-1.044276176632714763e-02
2.242989633333323241e-01,-1.045710953263098188e-02
2.244989633333323020e-01,-1.047142020126680048e-02
2.246989633333331682e-01,-1.048569293181988299e-02
2.248989633333338123e-01,-1.049992687729395247e-02
2.250989633333355666e-01,-1.051412118413827881e-02
2.252989633333331021e-01,-1.052827499227490700e-02
2.254989633333339683e-01,-1.054238743512915175e-02
2.256989633333323919e-01,-1.055645763965815456e-02
2.258989633333312597e-01,-1.057048472638406032e-02
2.260989633333330140e-01,-1.058446780942624149e-02
2.262989633333327699e-01,-1.059840599653499513e-02
2.264989633333343022e-01,-1.061229838912809351e-02
2.266989633333340581e-01,-1.062614408232633555e-02
2.268989633333338141e-01,-1.063994216499247747e-02
2.270989633333335700e-01,-1.065369171976997785e-02
2.272989633333337700e-01,-1.066739182312372719e-02
2.274989633333321937e-01,-1.068104154538177322e-02
2.276989633333315055e-01,-1.069463995077896655e-02
2.278989633333332598e-01,-1.070818609750108334e-02
2.280989633333319055e-01,-1.072167903773026294e-02
2.282989633333352142e-01,-1.073511781769355064e-02
2.284989633333347481e-01,-1.074850147770935876e-02
2.286989633333340599e-01,-1.076182905223919788e-02
2.288989633333338158e-01,-1.077509956993789875e-02
2.290989633333329056e-01,-1.078831205370610856e-02
2.292989633333324395e-01,-1.080146552074447500e-02
2.294989633333317514e-01,-1.081455898260859708e-02
2.296989633333335057e-01,-1.082759144526593449e-02
2.298989633333325955e-01,-1.084056190915299103e-02
2.300989633333350159e-01,-1.085346936923592756e-02
2.302989633333334396e-01,-1.086631281506957210e-02
2.304989633333336396e-01,-1.087909123086122989e-02
2.306989633333338396e-01,-1.089180359553276745e-02
2.308989633333318192e-01,-1.090444888278594218e-02
2.310989633333320192e-01,-1.091702606116892911e-02
2.312989633333324413e-01,-1.092953409414321869e-02
2.314989633333330854e-01,-1.094197194015302139e-02
2.316989633333335075e-01,-1.095433855269553787e-02
2.318989633333352618e-01,-1.096663288039286324e-02
2.320989633333336855e-01,-1.097885386706462518e-02
2.322989633333341075e-01,-1.099100045180357102e-02
2.324989633333331973e-01,-1.100307156905033779e-02
2.326989633333320651e-01,-1.101506614867169345e-02
2.328989633333333753e-01,-1.102698311603900194e-02
2.330989633333329092e-01,-1.103882139210805510e-02
2.332989633333337753e-01,-1.105057989350133676e-02
2.334989633333341974e-01,-1.106225753259036659e-02
2.336989633333352856e-01,-1.107385321758054021e-02
2.338989633333337093e-01,-1.108536585259647760e-02
2.340989633333339093e-01,-1.109679433776996141e-02
2.342989633333323329e-01,-1.110813756932758391e-02
2.344989633333314227e-01,-1.111939443968164645e-02
2.346989633333331771e-01,-1.113056383752113881e-02
2.348989633333327109e-01,-1.114164464790425892e-02
2.350989633333349094e-01,-1.115263575235353292e-02
2.352989633333337771e-01,-1.116353602895037156e-02
2.354989633333344212e-01,-1.117434435243324156e-02
2.356989633333335110e-01,-1.118505959429509644e-02
2.358989633333334890e-01,-1.119568062288395574e-02
2.360989633333323567e-01,-1.120620630350361614e-02
2.362989633333318906e-01,-1.121663549851665588e-02
2.364989633333334229e-01,-1.122696706744833427e-02
2.366989633333318466e-01,-1.123719986709158236e-02
2.368989633333349332e-01,-1.124733275161488022e-02
2.370989633333344671e-01,-1.125736457266889035e-02
2.372989633333337789e-01,-1.126729417949750602e-02
2.374989633333337569e-01,-1.127712041904795938e-02
2.376989633333324026e-01,-1.128684213608319858e-02
2.378989633333321585e-01,-1.129645817329593370e-02
2.380989633333319144e-01,-1.130596737142318051e-02
2.382989633333336688e-01,-1.131536856936309760e-02
2.384989633333327586e-01,-1.132466060429221898e-02
2.386989633333351790e-01,-1.133384231178536858e-02
2.388989633333331586e-01,-1.134291252593496585e-02
2.390989633333349129e-01,-1.135187007947422930e-02
2.392989633333342248e-01,-1.136071380389885865e-02
2.394989633333322043e-01,-1.136944252959247968e-02
2.396989633333324043e-01,-1.137805508595216182e-02
2.398989633333321603e-01,-1.138655030151519872e-02
2.400989633333328044e-01,-1.139492700408784552e-02
2.402989633333338926e-01,-1.140318402087480039e-02
2.404989633333354249e-01,-1.141132017861030967e-02
2.406989633333334044e-01,-1.141933430369021854e-02
2.408989633333344926e-01,-1.142722522230611715e-02
2.410989633333326942e-01,-1.143499176057923700e-02
2.412989633333311179e-01,-1.144263274469737961e-02
2.414989633333330943e-01,-1.145014700105191283e-02
2.416989633333324061e-01,-1.145753335637594676e-02
2.418989633333339384e-01,-1.146479063788500945e-02
2.420989633333336943e-01,-1.147191767341726801e-02
2.422989633333343384e-01,-1.147891329157638314e-02
2.424989633333336503e-01,-1.148577632187457696e-02
2.426989633333340723e-01,-1.149250559487762641e-02
2.428989633333324960e-01,-1.149909994235039437e-02
2.430989633333311417e-01,-1.150555819740419622e-02
2.432989633333331181e-01,-1.151187919464485843e-02
2.434989633333310977e-01,-1.151806177032175735e-02
2.436989633333348504e-01,-1.152410476247912180e-02
2.438989633333343843e-01,-1.153000701110662961e-02
2.440989633333345843e-01,-1.153576735829310584e-02
2.442989633333343402e-01,-1.154138464837988799e-02
2.444989633333329859e-01,-1.154685772811589808e-02
2.446989633333327419e-01,-1.155218544681381812e-02
2.448989633333318316e-01,-1.155736665650699234e-02
2.450989633333335860e-01,-1.156240021210789073e-02
2.452989633333322317e-01,-1.156728497156698371e-02
2.454989633333355403e-01,-1.157201979603354226e-02
2.456989633333341860e-01,-1.157660355001626472e-02
2.458989633333339420e-01,-1.158103510154625919e-02
2.460989633333339199e-01,-1.158531332233985606e-02
2.462989633333316775e-01,-1.158943708796303547e-02
2.464989633333323216e-01,-1.159340527799680547e-02
2.466989633333320775e-01,-1.159721677620305195e-02
2.468989633333333877e-01,-1.160087047069200544e-02
2.470989633333333657e-01,-1.160436525408998880e-02
2.472989633333348980e-01,-1.160770002370861351e-02
2.474989633333337657e-01,-1.161087368171436277e-02
2.476989633333339658e-01,-1.161388513529953634e-02
2.478989633333341658e-01,-1.161673329685356665e-02
2.480989633333317013e-01,-1.161941708413555090e-02
2.482989633333330115e-01,-1.162193542044749964e-02
2.484989633333323233e-01,-1.162428723480815433e-02
2.486989633333329675e-01,-1.162647146212798799e-02
2.488989633333336116e-01,-1.162848704338469673e-02
2.490989633333351438e-01,-1.163033292579951708e-02
2.492989633333340116e-01,-1.163200806301428747e-02
2.494989633333342116e-01,-1.163351141526928686e-02
2.496989633333324132e-01,-1.163484194958158344e-02
2.498989633333315030e-01,-1.163599863992431996e-02
2.500989633333337014e-01,-1.163698046740643983e-02
2.502989633333323471e-01,-1.163778642045308793e-02
2.504989633333343235e-01,-1.163841549498682501e-02
2.506989633333334133e-01,-1.163886669460919426e-02
2.508989633333340574e-01,-1.163913903078299568e-02
2.510989633333344795e-01,-1.163923152301514670e-02
2.512989633333335693e-01,-1.163914319903994188e-02
2.514989633333322150e-01,-1.163887309500304806e-02
2.516989633333315268e-01,-1.163842025564583091e-02
2.518989633333335032e-01,-1.163778373449015670e-02
2.520989633333317048e-01,-1.163696259402383082e-02
2.522989633333350135e-01,-1.163595590588623920e-02
2.524989633333343253e-01,-1.163476275105458646e-02
2.526989633333343033e-01,-1.163338222003044292e-02
2.528989633333340592e-01,-1.163181341302663152e-02
2.530989633333324829e-01,-1.163005544015461440e-02
2.532989633333317947e-01,-1.162810742161199049e-02
2.534989633333319947e-01,-1.162596848787045799e-02
2.536989633333335270e-01,-1.162363777986402322e-02
2.538989633333328388e-01,-1.162111444917750952e-02
2.540989633333352593e-01,-1.161839765823508355e-02
2.542989633333336830e-01,-1.161548658048937137e-02
2.544989633333343271e-01,-1.161238040061032470e-02
2.546989633333343050e-01,-1.160907831467466664e-02
2.548989633333313964e-01,-1.160557953035522283e-02
2.550989633333320405e-01,-1.160188326711030296e-02
2.552989633333317965e-01,-1.159798875637359575e-02
2.554989633333324406e-01,-1.159389524174352440e-02
2.556989633333337508e-01,-1.158960197917322833e-02
2.558989633333355052e-01,-1.158510823716008518e-02
2.560989633333337068e-01,-1.158041329693572027e-02
2.562989633333343509e-01,-1.157551645265521290e-02
2.564989633333327745e-01,-1.157041701158730007e-02
2.566989633333316423e-01,-1.156511429430349264e-02
2.568989633333331746e-01,-1.155960763486770827e-02
2.570989633333320423e-01,-1.155389638102576576e-02
2.572989633333337967e-01,-1.154797989439402053e-02
2.574989633333337746e-01,-1.154185755064893529e-02
2.576989633333346408e-01,-1.153552873971532521e-02
2.578989633333335085e-01,-1.152899286595526762e-02
2.580989633333337085e-01,-1.152224934835592400e-02
2.582989633333319102e-01,-1.151529762071795693e-02
2.584989633333312220e-01,-1.150813713184267902e-02
2.586989633333334204e-01,-1.150076734571967713e-02
2.588989633333311779e-01,-1.149318774171389015e-02
2.590989633333349307e-01,-1.148539781475120883e-02
2.592989633333342425e-01,-1.147739707550598544e-02
2.594989633333344425e-01,-1.146918505058526841e-02
2.596989633333344205e-01,-1.146076128271472303e-02
2.598989633333332883e-01,-1.145212533092307763e-02
2.600989633333323781e-01,-1.144327677072612577e-02
2.602989633333319119e-01,-1.143421519431027378e-02
2.604989633333332222e-01,-1.142494021071547954e-02
2.606989633333323120e-01,-1.141545144601775925e-02
2.608989633333351765e-01,-1.140574854351017117e-02
2.610989633333349325e-01,-1.139583116388482101e-02
2.612989633333340223e-01,-1.138569898541202767e-02
2.614989633333348884e-01,-1.137535170412033725e-02
2.616989633333322018e-01,-1.136478903397559678e-02
2.618989633333324019e-01,-1.135401070705793422e-02
2.620989633333326019e-01,-1.134301647373997350e-02
2.622989633333330239e-01,-1.133180610286239898e-02
2.624989633333332240e-01,-1.132037938190960831e-02
2.626989633333349783e-01,-1.130873611718394983e-02
2.628989633333340681e-01,-1.129687613397977256e-02
2.630989633333344901e-01,-1.128479927675510308e-02
2.632989633333338020e-01,-1.127250540930416559e-02
2.634989633333315595e-01,-1.125999441492723033e-02
2.636989633333326477e-01,-1.124726619660003368e-02
2.638989633333324036e-01,-1.123432067714301257e-02
2.640989633333326037e-01,-1.122115779938755512e-02
2.642989633333336918e-01,-1.120777752634261222e-02
2.644989633333352241e-01,-1.119417984135962114e-02
2.646989633333340919e-01,-1.118036474829634495e-02
2.648989633333342919e-01,-1.116633227167867191e-02
2.650989633333329376e-01,-1.115208245686285723e-02
2.652989633333315833e-01,-1.113761537019462844e-02
2.654989633333328936e-01,-1.112293109916802532e-02
2.656989633333322054e-01,-1.110802975258329273e-02
2.658989633333335156e-01,-1.109291146070146700e-02
2.660989633333334936e-01,-1.107757637540021829e-02
2.662989633333339157e-01,-1.106202467032569789e-02
2.664989633333345598e-01,-1.104625654104481741e-02
2.666989633333340937e-01,-1.103027220519500404e-02
2.668989633333322953e-01,-1.101407190263273966e-02
2.670989633333318292e-01,-1.099765589558016066e-02
2.672989633333331394e-01,-1.098102446877096891e-02
2.674989633333311190e-01,-1.096417792959434104e-02
2.676989633333346497e-01,-1.094711660823535423e-02
2.678989633333344056e-01,-1.092984085781820158e-02
2.680989633333346056e-01,-1.091235105454207641e-02
2.682989633333343615e-01,-1.089464759781972811e-02
2.684989633333323411e-01,-1.087673091041230569e-02
2.686989633333320970e-01,-1.085860143856214738e-02
2.688989633333320750e-01,-1.084025965212529613e-02
2.690989633333333853e-01,-1.082170604470051450e-02
2.692989633333326971e-01,-1.080294113375767674e-02
2.694989633333348955e-01,-1.078396546076253702e-02
2.696989633333339853e-01,-1.076477959130249691e-02
2.698989633333341853e-01,-1.074538411520651118e-02
2.700989633333339413e-01,-1.072577964666665551e-02
2.702989633333319208e-01,-1.070596682435552560e-02
2.704989633333318988e-01,-1.068594631154158245e-02
2.706989633333323209e-01,-1.066571879620403958e-02
2.708989633333316327e-01,-1.064528499114402241e-02
2.710989633333338311e-01,-1.062464563409356438e-02
2.712989633333351414e-01,-1.060380148782434986e-02
2.714989633333337871e-01,-1.058275334025192069e-02
2.716989633333348753e-01,-1.056150200453806302e-02
2.718989633333335210e-01,-1.054004831919337290e-02
2.720989633333326108e-01,-1.051839314817373805e-02
2.722989633333323667e-01,-1.049653738097760733e-02
2.724989633333330108e-01,-1.047448193273948711e-02
2.726989633333332108e-01,-1.045222774432151037e-02
2.728989633333340770e-01,-1.042977578240207939e-02
2.730989633333353872e-01,-1.040712703956284818e-02
2.732989633333340329e-01,-1.038428253437314458e-02
2.734989633333340109e-01,-1.036124331147046662e-02
2.736989633333322125e-01,-1.033801044164141952e-02
2.738989633333319684e-01,-1.031458502189675289e-02
2.740989633333330566e-01,-1.029096817554668239e-02
2.742989633333319244e-01,-1.026716105227254427e-02
2.744989633333345669e-01,-1.024316482819413038e-02
2.746989633333341008e-01,-1.021898070593875961e-02
2.748989633333343008e-01,-1.019460991470221012e-02
2.750989633333345008e-01,-1.017005371031152149e-02
2.752989633333333686e-01,-1.014531337528289112e-02
2.754989633333324583e-01,-1.012039021887688704e-02
2.756989633333319922e-01,-1.009528557715178541e-02
2.758989633333333025e-01,-1.007000081301346467e-02
2.760989633333323923e-01,-1.004453731626341918e-02
2.762989633333343686e-01,-1.001889650364154970e-02
2.764989633333350127e-01,-9.993079818870069173e-03
2.766989633333341025e-01,-9.967088732690674441e-03
2.768989633333343026e-01,-9.940924742900553862e-03
2.770989633333320601e-01,-9.914589374386596071e-03
2.772989633333324822e-01,-9.888084179153560152e-03
2.774989633333324601e-01,-9.861410736353319606e-03
2.776989633333328822e-01,-9.834570652307543862e-03
2.778989633333333042e-01,-9.807565560529481197e-03
2.780989633333341704e-01,-9.780397121741873229e-03
2.782989633333337043e-01,-9.753067023892411300e-03
2.784989633333345704e-01,-9.725576982164998302e-03
2.786989633333341043e-01,-9.697928738990035588e-03
2.788989633333316398e-01,-9.670124064049261114e-03
2.790989633333325060e-01,-9.642164754278020194e-03
2.792989633333324839e-01,-9.614052633867140735e-03
2.794989633333322399e-01,-9.585789554257265893e-03
2.796989633333339942e-01,-9.557377394132786017e-03
2.798989633333348603e-01,-9.528818059412857977e-03
2.800989633333339501e-01,-9.500113483237395545e-03
2.802989633333345942e-01,-9.471265625950331044e-03
2.804989633333325738e-01,-9.442276475081940249e-03
2.806989633333321077e-01,-9.413148045323636859e-03
2.808989633333323077e-01,-9.383882378503932697e-03
2.810989633333327298e-01,-9.354481543558274340e-03
2.812989633333335959e-01,-9.324947636496362657e-03
2.814989633333337959e-01,-9.295282780366447006e-03
2.816989633333344401e-01,-9.265489125215563629e-03
2.818989633333341960e-01,-9.235568848047551876e-03
2.820989633333339519e-01,-9.205524152776275656e-03
2.822989633333323756e-01,-9.175357270176973112e-03
2.824989633333316874e-01,-9.145070457832625913e-03
2.826989633333327756e-01,-9.114666000078389119e-03
2.828989633333320874e-01,-9.084146207942591505e-03
2.830989633333347300e-01,-9.053513419081678226e-03
2.832989633333349300e-01,-9.022769997716669627e-03
2.834989633333342418e-01,-8.991918334560524903e-03
2.836989633333339977e-01,-8.960960846745878727e-03
2.838989633333324214e-01,-8.929899977748690862e-03
2.840989633333326214e-01,-8.898738197306580583e-03
2.842989633333323773e-01,-8.867478001336644156e-03
2.844989633333330215e-01,-8.836121911846774035e-03
2.846989633333332215e-01,-8.804672476845727333e-03
2.848989633333340876e-01,-8.773132270248024805e-03
2.850989633333345097e-01,-8.741503891776759502e-03
2.852989633333338215e-01,-8.709789966861801458e-03
2.854989633333335775e-01,-8.677993146534560692e-03
2.856989633333320011e-01,-8.646116107320326802e-03
2.858989633333322011e-01,-8.614161551124942945e-03
2.860989633333330673e-01,-8.582132205120638485e-03
2.862989633333321571e-01,-8.550030821626402461e-03
2.864989633333339114e-01,-8.517860177983919631e-03
2.866989633333343335e-01,-8.485623076433695608e-03
2.868989633333340894e-01,-8.453322343983086032e-03
2.870989633333347335e-01,-8.420960832273416755e-03
2.872989633333333792e-01,-8.388541417443804576e-03
2.874989633333322470e-01,-8.356066999988961963e-03
2.876989633333324470e-01,-8.323540504616000826e-03
2.878989633333328690e-01,-8.290964880096788475e-03
2.880989633333328470e-01,-8.258343099116079514e-03
2.882989633333343793e-01,-8.225678158116284111e-03
2.884989633333350234e-01,-8.192973077139934293e-03
2.886989633333336691e-01,-8.160230899666628610e-03
2.888989633333347573e-01,-8.127454692446575008e-03
2.890989633333318487e-01,-8.094647545334000133e-03
2.892989633333324928e-01,-8.061812571110063552e-03
2.894989633333329149e-01,-8.028952905310662164e-03
2.896989633333328928e-01,-7.996071706043730853e-03
2.898989633333342031e-01,-7.963172153806014064e-03
2.900989633333344031e-01,-7.930257451296815474e-03
2.902989633333341590e-01,-7.897330823225995333e-03
2.904989633333343590e-01,-7.864395516120156748e-03
2.906989633333338929e-01,-7.831454798125150885e-03
2.908989633333323166e-01,-7.798511958804082295e-03
2.910989633333320725e-01,-7.765570308932136234e-03
2.912989633333329387e-01,-7.732633180288873281e-03
2.914989633333324726e-01,-7.699703925446235719e-03
2.916989633333344489e-01,-7.666785917551554447e-03
2.918989633333348710e-01,-7.633882550110770993e-03
2.920989633333335167e-01,-7.600997236764123893e-03
2.922989633333346049e-01,-7.568133411059906057e-03
2.924989633333319183e-01,-7.535294526227458850e-03
2.926989633333318963e-01,-7.502484054940423974e-03
2.928989633333329845e-01,-7.469705489083707656e-03
2.930989633333327404e-01,-7.436962339512433878e-03
2.932989633333333845e-01,-7.404258135807865321e-03
2.934989633333344727e-01,-7.371596426031717941e-03
2.936989633333340066e-01,-7.338980776476086709e-03
2.938989633333348728e-01,-7.306414771408826364e-03
2.940989633333341846e-01,-7.273902012818439511e-03
2.942989633333321642e-01,-7.241446120152438687e-03
2.944989633333319201e-01,-7.209050730053899111e-03
2.946989633333327863e-01,-7.176719496095593231e-03
2.948989633333320981e-01,-7.144456088509668762e-03
2.950989633333340745e-01,-7.112264193912625626e-03
2.952989633333347186e-01,-7.080147515031198421e-03
2.954989633333338084e-01,-7.048109770420297321e-03
2.956989633333344525e-01,-7.016154694180095491e-03
2.958989633333324321e-01,-6.984286035671111170e-03
2.960989633333321880e-01,-6.952507559222345646e-03
2.962989633333326100e-01,-6.920823043840533192e-03
2.964989633333328101e-01,-6.889236282913550197e-03
2.966989633333330101e-01,-6.857751083911123313e-03
2.968989633333343203e-01,-6.826371268082859212e-03
2.970989633333336322e-01,-6.795100670153783259e-03
2.972989633333340542e-01,-6.763943138014510970e-03
2.974989633333340322e-01,-6.732902532411716087e-03
2.976989633333320118e-01,-6.701982726633078785e-03
2.978989633333319897e-01,-6.671187606189239727e-03
2.980989633333328559e-01,-6.640521068495264939e-03
2.982989633333315016e-01,-6.609987022547055696e-03
2.984989633333339221e-01,-6.579589388593598542e-03
2.986989633333345662e-01,-6.549332097811354225e-03
2.988989633333341001e-01,-6.519219091969744029e-03
2.990989633333347442e-01,-6.489254323097444488e-03
2.992989633333331678e-01,-6.459441753146085222e-03
2.994989633333327017e-01,-6.429785353648426877e-03
2.996989633333324576e-01,-6.400289105377210408e-03
2.998989633333331017e-01,-6.370956997998913213e-03
3.000989633333326356e-01,-6.341793029726171260e-03
3.002989633333339459e-01,-6.312801206965989315e-03
3.004989633333348120e-01,-6.283985543967996260e-03
3.006989633333339018e-01,-6.255350062467546560e-03
3.008989633333341018e-01,-6.226898791326910057e-03
3.010989633333323034e-01,-6.198635766175963902e-03
3.012989633333320594e-01,-6.170565029046918767e-03
3.014989633333333696e-01,-6.142690628010101517e-03
3.016989633333322374e-01,-6.115016616805890246e-03
3.018989633333337697e-01,-6.087547054472414870e-03
3.020989633333341917e-01,-6.060286004975252647e-03
3.022989633333341697e-01,-6.033237536830587250e-03
3.024989633333343697e-01,-6.006405722728546531e-03
3.026989633333336815e-01,-5.979794639153931252e-03
3.028989633333323273e-01,-5.953408366004241115e-03
3.030989633333323052e-01,-5.927250986205914035e-03
3.032989633333327273e-01,-5.901326585329037117e-03
3.034989633333324832e-01,-5.875639251199299418e-03
3.036989633333342375e-01,-5.850193073507528249e-03
3.038989633333351037e-01,-5.824992143419204654e-03
3.040989633333335274e-01,-5.800040553179905758e-03
3.042989633333343935e-01,-5.775342395719093927e-03
3.044989633333325951e-01,-5.750901764254856552e-03
3.046989633333319070e-01,-5.726722751892385221e-03
3.048989633333332172e-01,-5.702809451224647580e-03
3.050989633333323070e-01,-5.679165953930007810e-03
3.052989633333333952e-01,-5.655796350366507769e-03
3.054989633333340393e-01,-5.632704729167763158e-03
3.056989633333340173e-01,-5.609895176834706759e-03
3.058989633333342173e-01,-5.587371777326823399e-03
3.060989633333339732e-01,-5.565138611652146322e-03
3.062989633333321748e-01,-5.543199757455430365e-03
3.064989633333323749e-01,-5.521559288604604293e-03
3.066989633333327969e-01,-5.500221274777457314e-03
3.068989633333321088e-01,-5.479189781045270755e-03
3.070989633333343072e-01,-5.458468867455653489e-03
3.072989633333349513e-01,-5.438062588615805854e-03
3.074989633333338190e-01,-5.417974993272157980e-03
3.076989633333344631e-01,-5.398210123890224976e-03
3.078989633333328868e-01,-5.378772016234524556e-03
3.080989633333317546e-01,-5.359664698945046032e-03
3.082989633333328428e-01,-5.340892193114937098e-03
3.084989633333330428e-01,-5.322458511866858324e-03
3.086989633333330207e-01,-5.304367659927557849e-03
3.088989633333341089e-01,-5.286623633202619521e-03
3.090989633333340869e-01,-5.269230418350666356e-03
3.092989633333345090e-01,-5.252191992355914260e-03
3.094989633333344869e-01,-5.235512322101299951e-03
3.096989633333322445e-01,-5.219195363940391102e-03
3.098989633333322224e-01,-5.203245063268368414e-03
3.100989633333326445e-01,-5.187665354094268821e-03
3.102989633333315123e-01,-5.172460158611124487e-03
3.104989633333341548e-01,-5.157633386766034139e-03
3.106989633333350209e-01,-5.143188935831620456e-03
3.108989633333343328e-01,-5.129130689974809032e-03
3.110989633333343107e-01,-5.115462519827088800e-03
3.112989633333327344e-01,-5.102188282054574697e-03
3.114989633333324903e-01,-5.089311818927277561e-03
3.116989633333329124e-01,-5.076836957889333327e-03
3.118989633333328904e-01,-5.064767511128720479e-03
3.120989633333328683e-01,-5.053107275147142308e-03
3.122989633333339565e-01,-5.041860030330278658e-03
3.124989633333341565e-01,-5.031029540518490439e-03
3.126989633333343566e-01,-5.020619552577265665e-03
3.128989633333338904e-01,-5.010633795968701121e-03
3.130989633333320921e-01,-5.001075982322928520e-03
3.132989633333320700e-01,-4.991949805010196389e-03
3.134989633333324921e-01,-4.983258938713808900e-03
3.136989633333318039e-01,-4.975007039003290221e-03
3.138989633333340024e-01,-4.967197741908190717e-03
3.140989633333344244e-01,-4.959834663493270512e-03
3.142989633333341803e-01,-4.952921399433523469e-03
3.144989633333346024e-01,-4.946461524590810982e-03
3.146989633333336922e-01,-4.940458592591279868e-03
3.148989633333325600e-01,-4.934916135403435988e-03
3.150989633333327600e-01,-4.929837662917640334e-03
3.152989633333329600e-01,-4.925226662526718813e-03
3.154989633333327159e-01,-4.921086598707338777e-03
3.156989633333344702e-01,-4.917420912603033545e-03
3.158989633333351144e-01,-4.914233021608441221e-03
3.160989633333339821e-01,-4.911526318954747422e-03
3.162989633333346262e-01,-4.909304173296588636e-03
3.164989633333321617e-01,-4.907569928300749285e-03
3.166989633333323617e-01,-4.906326902235854520e-03
3.168989633333330058e-01,-4.905578387564255710e-03
3.170989633333327617e-01,-4.905327650535151046e-03
3.172989633333336279e-01,-4.905577930779687207e-03
3.174989633333340500e-01,-4.906332440907754111e-03
3.176989633333342500e-01,-4.907594366106684397e-03
3.178989633333340059e-01,-4.909366863741888853e-03
3.180989633333337618e-01,-4.911653062959438210e-03
3.182989633333324075e-01,-4.914456064290757820e-03
3.184989633333321635e-01,-4.917778939259452586e-03
3.186989633333328076e-01,-4.921624729990199676e-03
3.188989633333318974e-01,-4.925996448819903312e-03
3.190989633333336517e-01,-4.930897077911500226e-03
3.192989633333349619e-01,-4.936329568869440854e-03
3.194989633333340517e-01,-4.942296842358258335e-03
3.196989633333344738e-01,-4.948801787723521028e-03
3.198989633333322313e-01,-4.955847262614804238e-03
3.200989633333319873e-01,-4.963436092612284051e-03
3.202989633333330755e-01,-4.971571070854927110e-03
3.204989633333328314e-01,-4.980254957672021476e-03
3.206989633333332534e-01,-4.989490480217764062e-03
3.208989633333338976e-01,-4.999280332108092806e-03
3.210989633333340976e-01,-5.009627173060825223e-03
3.212989633333347417e-01,-5.020533628538888238e-03
3.214989633333340535e-01,-5.032002289396250716e-03
3.216989633333320331e-01,-5.044035711527377480e-03
3.218989633333320111e-01,-5.056636415519923794e-03
3.220989633333328772e-01,-5.069806886309875804e-03
3.222989633333315229e-01,-5.083549572840795339e-03
3.224989633333339434e-01,-5.097866887726978241e-03
3.226989633333348095e-01,-5.112761206917879053e-03
3.228989633333338993e-01,-5.128234869368628046e-03
3.230989633333343214e-01,-5.144290176712862372e-03
3.232989633333329671e-01,-5.160929392938509719e-03
3.234989633333325010e-01,-5.178154744068991233e-03
3.236989633333327010e-01,-5.195968417846464488e-03
3.238989633333329010e-01,-5.214372563419809176e-03
3.240989633333328790e-01,-5.233369291036325116e-03
3.242989633333344113e-01,-5.252960671737479104e-03
3.244989633333339452e-01,-5.273148737057743035e-03
3.246989633333339231e-01,-5.293935478729264177e-03
3.248989633333339011e-01,-5.315322848388724652e-03
3.250989633333323248e-01,-5.337312757289346121e-03
3.252989633333320807e-01,-5.359907076017633720e-03
3.254989633333329468e-01,-5.383107634212833115e-03
3.256989633333318146e-01,-5.406916220291650699e-03
3.258989633333340130e-01,-5.431334581178746956e-03
3.260989633333348792e-01,-5.456364422038027795e-03
3.262989633333341910e-01,-5.482007406012418677e-03
3.264989633333341690e-01,-5.508265153966317162e-03
3.266989633333325926e-01,-5.535139244231931238e-03
3.268989633333327927e-01,-5.562631212362435101e-03
3.270989633333323265e-01,-5.590742550887269069e-03
3.272989633333331927e-01,-5.619474709074815527e-03
3.274989633333327266e-01,-5.648829092697472271e-03
3.276989633333338148e-01,-5.678807063804278826e-03
3.278989633333344589e-01,-5.709409940495555058e-03
3.280989633333342148e-01,-5.740638996704908875e-03
3.282989633333339707e-01,-5.772495461985473197e-03
3.284989633333321724e-01,-5.804980521300549118e-03
3.286989633333323724e-01,-5.838095314821330206e-03
3.288989633333332385e-01,-5.871840937726895832e-03
3.290989633333321063e-01,-5.906218440011736653e-03
3.292989633333340826e-01,-5.941228826299493893e-03
3.294989633333340606e-01,-5.976873055657576372e-03
3.296989633333340386e-01,-6.013152041423022037e-03
3.298989633333342386e-01,-6.050066651029566839e-03
3.300989633333335505e-01,-6.087617705841593535e-03
3.302989633333326402e-01,-6.125805980994297739e-03
3.304989633333326182e-01,-6.164632205238537721e-03
3.306989633333328182e-01,-6.204097060791228385e-03
3.308989633333323521e-01,-6.244201183192119031e-03
3.310989633333341065e-01,-6.284945161166760608e-03
3.312989633333351946e-01,-6.326329536492678735e-03
3.314989633333338404e-01,-6.368354803874494430e-03
3.316989633333344845e-01,-6.411021410824769423e-03
3.318989633333324640e-01,-6.454329757546430069e-03
3.320989633333324420e-01,-6.498280196828208621e-03
3.322989633333330861e-01,-6.542873033938988170e-03
3.324989633333326200e-01,-6.588108526532535092e-03
3.326989633333337082e-01,-6.633986884558400188e-03
3.328989633333339082e-01,-6.680508270175491287e-03
3.330989633333341082e-01,-6.727672797675957050e-03
3.332989633333343082e-01,-6.775480533412495121e-03
3.334989633333336201e-01,-6.823931495732675490e-03
3.336989633333324878e-01,-6.873025654920136840e-03
3.338989633333322438e-01,-6.922762933141462377e-03
3.340989633333328879e-01,-6.973143204399050860e-03
3.342989633333317556e-01,-7.024166294490336721e-03
3.344989633333335100e-01,-7.075831980976481778e-03
3.346989633333350422e-01,-7.128139993151132864e-03
3.348989633333336879e-01,-7.181090012021395380e-03
3.350989633333341100e-01,-7.234681670295312061e-03
3.352989633333323116e-01,-7.288914552369629707e-03
3.354989633333320675e-01,-7.343788194332862701e-03
3.356989633333329337e-01,-7.399302083967239374e-03
3.358989633333326896e-01,-7.455455660761247522e-03
3.360989633333328896e-01,-7.512248315929632297e-03
3.362989633333344219e-01,-7.569679392437307641e-03
3.364989633333339558e-01,-7.627748185030307215e-03
3.366989633333343779e-01,-7.686453940277268582e-03
3.368989633333343559e-01,-7.745795856611885355e-03
3.370989633333325575e-01,-7.805773084386135457e-03
3.372989633333320914e-01,-7.866384725930663374e-03
3.374989633333322914e-01,-7.927629835617941434e-03
3.376989633333316032e-01,-7.989507419935822086e-03
3.378989633333340237e-01,-8.052016437568875612e-03
3.380989633333351119e-01,-8.115155799480418264e-03
3.382989633333339796e-01,-8.178924369009396567e-03
3.384989633333341796e-01,-8.243320961970879851e-03
3.386989633333328253e-01,-8.308344346759612836e-03
3.388989633333325813e-01,-8.373993244467834579e-03
3.390989633333327813e-01,-8.440266329003364570e-03
3.392989633333323152e-01,-8.507162227218492689e-03
3.394989633333329593e-01,-8.574679519045887849e-03
3.396989633333340475e-01,-8.642816737638815694e-03
3.398989633333338034e-01,-8.711572369520369924e-03
3.400989633333337814e-01,-8.780944854740981714e-03
3.402989633333337594e-01,-8.850932587039537364e-03
3.404989633333321830e-01,-8.921533914013495686e-03
3.406989633333321610e-01,-8.992747137297946169e-03
3.408989633333325830e-01,-9.064570512746606551e-03
3.410989633333316728e-01,-9.137002250624012833e-03
3.412989633333340933e-01,-9.210040515806303119e-03
3.414989633333347374e-01,-9.283683427980422842e-03
3.416989633333340493e-01,-9.357929061862009512e-03
3.418989633333344713e-01,-9.432775447413294795e-03
3.420989633333335611e-01,-9.508220570066897720e-03
3.422989633333328729e-01,-9.584262370962562394e-03
3.424989633333326289e-01,-9.660898747185463903e-03
3.426989633333328289e-01,-9.738127552014214788e-03
3.428989633333328069e-01,-9.815946595175071426e-03
3.430989633333343392e-01,-9.894353643104741164e-03
3.432989633333352053e-01,-9.973346419216339714e-03
3.434989633333336290e-01,-1.005292260417678732e-02
3.436989633333338290e-01,-1.013307983619151156e-02
3.438989633333324747e-01,-1.021381571128874427e-02
3.440989633333324527e-01,-1.029512778362147093e-02
3.442989633333330968e-01,-1.037701356576704176e-02
3.444989633333326307e-01,-1.045947052903875227e-02
3.446989633333334968e-01,-1.054249610380534469e-02
3.448989633333343630e-01,-1.062608767981220240e-02
3.450989633333338968e-01,-1.071024260651406296e-02
3.452989633333340969e-01,-1.079495819341474983e-02
3.454989633333334087e-01,-1.088023171040919737e-02
3.456989633333327205e-01,-1.096606038813801448e-02
3.458989633333324765e-01,-1.105244141834495902e-02
3.460989633333331206e-01,-1.113937195424272511e-02
3.462989633333322104e-01,-1.122684911088404555e-02
3.464989633333335206e-01,-1.131486996554479860e-02
3.466989633333350529e-01,-1.140343155810458545e-02
3.468989633333336986e-01,-1.149253089144145618e-02
3.470989633333338986e-01,-1.158216493183493109e-02
3.472989633333323223e-01,-1.167233060936521960e-02
3.474989633333323003e-01,-1.176302481833216632e-02
3.476989633333331664e-01,-1.185424441766971468e-02
3.478989633333329223e-01,-1.194598623137274954e-02
3.480989633333331223e-01,-1.203824704893166966e-02
3.482989633333342105e-01,-1.213102362576899684e-02
3.484989633333335224e-01,-1.222431268368366283e-02
3.486989633333343885e-01,-1.231811091130701266e-02
3.488989633333339224e-01,-1.241241496455497417e-02
3.490989633333319020e-01,-1.250722146709677338e-02
3.492989633333321020e-01,-1.260252701082634902e-02
3.494989633333327461e-01,-1.269832815633462758e-02
3.496989633333316139e-01,-1.279462143339535340e-02
3.498989633333340343e-01,-1.289140334145822547e-02
3.500989633333349005e-01,-1.298867035013586552e-02
3.502989633333339903e-01,-1.308641889971284833e-02
3.504989633333341903e-01,-1.318464540165250123e-02
3.506989633333328360e-01,-1.328334623910649645e-02
3.508989633333319258e-01,-1.338251776743936035e-02
3.510989633333327919e-01,-1.348215631475167126e-02
3.512989633333327699e-01,-1.358225818240956818e-02
3.514989633333329699e-01,-1.368281964558597588e-02
3.516989633333345022e-01,-1.378383695380166162e-02
3.518989633333335920e-01,-1.388530633147153429e-02
3.520989633333340141e-01,-1.398722397846511104e-02
3.522989633333342141e-01,-1.408958607065992526e-02
3.524989633333324157e-01,-1.419238876050961384e-02
3.526989633333321716e-01,-1.429562817761758677e-02
3.528989633333328158e-01,-1.439930042930845193e-02
3.530989633333316835e-01,-1.450340160121081981e-02
3.532989633333343260e-01,-1.460792775784953285e-02
3.534989633333347481e-01,-1.471287494322746740e-02
3.536989633333338379e-01,-1.481823918143263495e-02
3.538989633333340379e-01,-1.492401647723767474e-02
3.540989633333331277e-01,-1.503020281670409963e-02
3.542989633333328836e-01,-1.513679416779929038e-02
3.544989633333328616e-01,-1.524378648101042122e-02
3.546989633333328396e-01,-1.535117568996803919e-02
3.548989633333328175e-01,-1.545895771207283706e-02
3.550989633333336837e-01,-1.556712844912760442e-02
3.552989633333343278e-01,-1.567568378797195433e-02
3.554989633333340837e-01,-1.578461960112420223e-02
3.556989633333338396e-01,-1.589393174742729370e-02
3.558989633333324853e-01,-1.600361607269646519e-02
3.560989633333322413e-01,-1.611366841037594963e-02
3.562989633333331074e-01,-1.622408458219417454e-02
3.564989633333319752e-01,-1.633486039882553822e-02
3.566989633333339516e-01,-1.644599166056297940e-02
3.568989633333341516e-01,-1.655747415797837602e-02
3.570989633333339075e-01,-1.666930367260574183e-02
3.572989633333343296e-01,-1.678147597761582566e-02
3.574989633333336414e-01,-1.689398683849654970e-02
3.576989633333327312e-01,-1.700683201374153866e-02
3.578989633333324871e-01,-1.712000725553800007e-02
3.580989633333329092e-01,-1.723350831045860482e-02
3.582989633333324431e-01,-1.734733092015736111e-02
3.584989633333341974e-01,-1.746147082207248624e-02
3.586989633333348415e-01,-1.757592375012259275e-02
3.588989633333337093e-01,-1.769068543541779670e-02
3.590989633333339093e-01,-1.780575160696912587e-02
3.592989633333323329e-01,-1.792111799239459041e-02
3.594989633333323109e-01,-1.803678031864106024e-02
3.596989633333333991e-01,-1.815273431269595963e-02
3.598989633333327109e-01,-1.826897570230805873e-02
3.600989633333335771e-01,-1.838550021671527326e-02
3.602989633333342212e-01,-1.850230358736333625e-02
3.604989633333339771e-01,-1.861938154863697348e-02
3.606989633333341772e-01,-1.873672983859041991e-02
3.608989633333334890e-01,-1.885434419967683267e-02
3.610989633333323567e-01,-1.897222037948515308e-02
3.612989633333323347e-01,-1.909035413147594160e-02
3.614989633333329788e-01,-1.920874121571772980e-02
3.616989633333318466e-01,-1.932737739962701873e-02
3.618989633333338229e-01,-1.944625845871551448e-02
3.620989633333349111e-01,-1.956538017732371154e-02
3.622989633333337789e-01,-1.968473834937258665e-02
3.624989633333339789e-01,-1.980432877911119521e-02
3.626989633333326246e-01,-1.992414728185723169e-02
3.628989633333321585e-01,-2.004418968475288679e-02
3.630989633333330247e-01,-2.016445182751017140e-02
3.632989633333327806e-01,-2.028492956316105267e-02
3.634989633333332026e-01,-2.040561875881337361e-02
3.636989633333342908e-01,-2.052651529639953898e-02
3.638989633333338247e-01,-2.064761507342938174e-02
3.640989633333342468e-01,-2.076891400374774460e-02
3.642989633333342248e-01,-2.089040801828339830e-02
3.644989633333324264e-01,-2.101209306580564470e-02
3.646989633333319603e-01,-2.113396511368157912e-02
3.648989633333328264e-01,-2.125602014862601821e-02
3.650989633333316942e-01,-2.137825417745603876e-02
3.652989633333338926e-01,-2.150066322785281620e-02
3.654989633333347587e-01,-2.162324334910436380e-02
3.656989633333340706e-01,-2.174599061286839122e-02
3.658989633333344926e-01,-2.186890111392467140e-02
3.660989633333329163e-01,-2.199197097092268210e-02
3.662989633333322281e-01,-2.211519632714097419e-02
3.664989633333328722e-01,-2.223857335123324841e-02
3.666989633333330723e-01,-2.236209823797910903e-02
3.668989633333328282e-01,-2.248576720903575077e-02
3.670989633333339164e-01,-2.260957651368624213e-02
3.672989633333338944e-01,-2.273352242958284752e-02
3.674989633333340944e-01,-2.285760126349745472e-02
3.676989633333340723e-01,-2.298180935206222200e-02
3.678989633333324960e-01,-2.310614306251263655e-02
3.680989633333324740e-01,-2.323059879343138123e-02
3.682989633333328960e-01,-2.335517297548188320e-02
3.684989633333315417e-01,-2.347986207214701818e-02
3.686989633333339622e-01,-2.360466258046946958e-02
3.688989633333343843e-01,-2.372957103177225635e-02
3.690989633333339182e-01,-2.385458399240028213e-02
3.692989633333345623e-01,-2.397969806444437066e-02
3.694989633333332080e-01,-2.410490988646256036e-02
3.696989633333322978e-01,-2.423021613420925716e-02
3.698989633333327198e-01,-2.435561352135039159e-02
3.700989633333329198e-01,-2.448109880017951268e-02
3.702989633333324537e-01,-2.460666876233364928e-02
3.704989633333342081e-01,-2.473232023950501859e-02
3.706989633333350742e-01,-2.485805010414243038e-02
3.708989633333339420e-01,-2.498385527015981739e-02
3.710989633333339199e-01,-2.510973269363794835e-02
3.712989633333318995e-01,-2.523567937351416796e-02
3.714989633333323216e-01,-2.536169235228377325e-02
3.716989633333331877e-01,-2.548776871668004956e-02
3.718989633333324996e-01,-2.561390559836287245e-02
3.720989633333335878e-01,-2.574010017460279243e-02
3.722989633333342319e-01,-2.586634966895042312e-02
3.724989633333342098e-01,-2.599265135191299037e-02
3.726989633333339658e-01,-2.611900254162100032e-02
3.728989633333334996e-01,-2.624540060449014403e-02
3.730989633333325894e-01,-2.637184295587946883e-02
3.732989633333323454e-01,-2.649832706074545935e-02
3.734989633333329895e-01,-2.662485043428861747e-02
3.736989633333323013e-01,-2.675141064259551824e-02
3.738989633333338336e-01,-2.687800530328160464e-02
3.740989633333351438e-01,-2.700463208611621202e-02
3.742989633333340116e-01,-2.713128871365324407e-02
3.744989633333339896e-01,-2.725797296185593355e-02
3.746989633333324132e-01,-2.738468266070486629e-02
3.748989633333321692e-01,-2.751141569481495644e-02
3.750989633333337014e-01,-2.763817000403420016e-02
3.752989633333325692e-01,-2.776494358403968146e-02
3.754989633333332133e-01,-2.789173448693779006e-02
3.756989633333340795e-01,-2.801854082183976094e-02
3.758989633333338354e-01,-2.814536075544439575e-02
3.760989633333347015e-01,-2.827219251261223545e-02
3.762989633333340134e-01,-2.839903437692560192e-02
3.764989633333319929e-01,-2.852588469125219919e-02
3.766989633333321930e-01,-2.865274185829715450e-02
3.768989633333328371e-01,-2.877960434114210098e-02
3.770989633333317048e-01,-2.890647066378604704e-02
3.772989633333339032e-01,-2.903333941168044843e-02
3.774989633333347694e-01,-2.916020923224146161e-02
3.776989633333340812e-01,-2.928707883537429169e-02
3.778989633333345033e-01,-2.941394699398009946e-02
3.780989633333327049e-01,-2.954081254445067861e-02
3.782989633333320167e-01,-2.966767438716868752e-02
3.784989633333331049e-01,-2.979453148698613801e-02
3.786989633333328609e-01,-2.992138287370026128e-02
3.788989633333330609e-01,-3.004822764252694164e-02
3.790989633333339270e-01,-3.017506495455683779e-02
3.792989633333336830e-01,-3.030189403720653235e-02
3.794989633333343271e-01,-3.042871418466541397e-02
3.796989633333343050e-01,-3.055552475832547937e-02
3.798989633333325067e-01,-3.068232518720978227e-02
3.800989633333324846e-01,-3.080911496839197974e-02
3.802989633333329067e-01,-3.093589366739856947e-02
3.804989633333315524e-01,-3.106266091861051293e-02
3.806989633333339729e-01,-3.118941642565862399e-02
3.808989633333348390e-01,-3.131615996179261396e-02
3.810989633333343729e-01,-3.144289137026293895e-02
3.812989633333343509e-01,-3.156961056468030741e-02
3.814989633333329966e-01,-3.169631752936506730e-02
3.816989633333327525e-01,-3.182301231969478228e-02
3.818989633333327305e-01,-3.194969506243294788e-02
3.820989633333329305e-01,-3.207636595605478647e-02
3.822989633333329085e-01,-3.220302527105997625e-02
3.824989633333337746e-01,-3.232967335027733119e-02
3.826989633333339746e-01,-3.245631060915545041e-02
3.828989633333341747e-01,-3.258293753604894760e-02
3.830989633333337085e-01,-3.270955469248915115e-02
3.832989633333319102e-01,-3.283616271344722004e-02
3.834989633333321102e-01,-3.296276230758889147e-02
3.836989633333334204e-01,-3.308935425751053511e-02
3.838989633333318441e-01,-3.321593941997072474e-02
3.840989633333338205e-01,-3.334251872611884715e-02
3.842989633333342425e-01,-3.346909318169039027e-02
3.844989633333342205e-01,-3.359566386721649089e-02
3.846989633333344205e-01,-3.372223193820698961e-02
3.848989633333335103e-01,-3.384879862532583217e-02
3.850989633333326001e-01,-3.397536523455876173e-02
3.852989633333325781e-01,-3.410193314736558595e-02
3.854989633333330001e-01,-3.422850382082200105e-02
3.856989633333323120e-01,-3.435507878775077156e-02
3.858989633333338443e-01,-3.448165965684529127e-02
3.860989633333349325e-01,-3.460824811277068980e-02
3.862989633333340223e-01,-3.473484591626489759e-02
3.864989633333344443e-01,-3.486145490422576376e-02
3.866989633333322018e-01,-3.498807698977639963e-02
3.868989633333321798e-01,-3.511471416233653831e-02
3.870989633333334901e-01,-3.524136848766260682e-02
3.872989633333325799e-01,-3.536804210788706965e-02
3.874989633333334460e-01,-3.549473724154992432e-02
3.876989633333340901e-01,-3.562145618360355870e-02
3.878989633333340681e-01,-3.574820130541837837e-02
3.880989633333344901e-01,-3.587497505477165588e-02
3.882989633333338020e-01,-3.600177995582119067e-02
3.884989633333322256e-01,-3.612861860907248118e-02
3.886989633333324257e-01,-3.625549369133072158e-02
3.888989633333330698e-01,-3.638240795563602026e-02
3.890989633333319375e-01,-3.650936423119219981e-02
3.892989633333336918e-01,-3.663636542328579937e-02
3.894989633333347800e-01,-3.676341451317813314e-02
3.896989633333340919e-01,-3.689051455800102658e-02
3.898989633333342919e-01,-3.701766869063370657e-02
3.900989633333327156e-01,-3.714488011956059571e-02
3.902989633333320274e-01,-3.727215212872850986e-02
3.904989633333331156e-01,-3.739948807738013165e-02
3.906989633333328715e-01,-3.752689139987737399e-02
3.908989633333328495e-01,-3.765436560551875533e-02
3.910989633333341597e-01,-3.778191427833528515e-02
3.912989633333339157e-01,-3.790954107687396352e-02
3.914989633333347818e-01,-3.803724973397704101e-02
3.916989633333343157e-01,-3.816504405653483450e-02
3.918989633333320732e-01,-3.829292792523711353e-02
3.920989633333320512e-01,-3.842090529430827739e-02
3.922989633333329174e-01,-3.854898019122152131e-02
3.924989633333317851e-01,-3.867715671640842984e-02
3.926989633333335394e-01,-3.880543904295907787e-02
3.928989633333346276e-01,-3.893383141629237765e-02
3.930989633333341615e-01,-3.906233815383069324e-02
3.932989633333343615e-01,-3.919096364465447097e-02
3.934989633333327852e-01,-3.931971234913806540e-02
3.936989633333320970e-01,-3.944858879858375439e-02
3.938989633333327411e-01,-3.957759759483118339e-02
3.940989633333329412e-01,-3.970674340985859418e-02
3.942989633333326971e-01,-3.983603098537273624e-02
3.944989633333342294e-01,-3.996546513238347087e-02
3.946989633333339853e-01,-4.009505073075957798e-02
3.948989633333341853e-01,-4.022479272878370232e-02
3.950989633333339413e-01,-4.035469614268066135e-02
3.952989633333319208e-01,-4.048476605614008406e-02
3.954989633333323429e-01,-4.061500761982746177e-02
3.956989633333329870e-01,-4.074542605087065616e-02
3.958989633333316327e-01,-4.087602663234436717e-02
3.960989633333340532e-01,-4.100681471274308931e-02
3.962989633333344752e-01,-4.113779570542184377e-02
3.964989633333342312e-01,-4.126897508804916459e-02
3.966989633333348753e-01,-4.140035840202996309e-02
3.968989633333335210e-01,-4.153195125191608966e-02
3.970989633333326108e-01,-4.166375930481373835e-02
3.972989633333325887e-01,-4.179578828976568405e-02
3.974989633333330108e-01,-4.192804399712630331e-02
3.976989633333323226e-01,-4.206053227792219684e-02
3.978989633333336329e-01,-4.219325904320361115e-02
3.980989633333349431e-01,-4.232623026337247601e-02
3.982989633333340329e-01,-4.245945196750684769e-02
3.984989633333340109e-01,-4.259293024267282041e-02
3.986989633333319905e-01,-4.272667123321197136e-02
3.988989633333324125e-01,-4.286068114003214330e-02
3.990989633333332787e-01,-4.299496621986739070e-02
3.992989633333319244e-01,-4.312953278453755812e-02
3.994989633333336787e-01,-4.326438720019716577e-02
3.996989633333343228e-01,-4.339953588655377781e-02
3.998989633333343008e-01,-4.353498531609453770e-02
4.000989633333340567e-01,-4.367074201328762645e-02
4.002989633333335906e-01,-4.380681255377343042e-02
4.004989633333322363e-01,-4.394320356354323304e-02
4.006989633333322143e-01,-4.407992171810794224e-02
4.008989633333330804e-01,-4.421697374164777761e-02
4.010989633333323923e-01,-4.435436640615365855e-02
4.012989633333339246e-01,-4.449210653056148712e-02
4.014989633333350127e-01,-4.463020097985938295e-02
4.016989633333341025e-01,-4.476865666419651418e-02
4.018989633333340805e-01,-4.490748053797669753e-02
4.020989633333325042e-01,-4.504667959893078610e-02
4.022989633333324822e-01,-4.518626088719111811e-02
4.024989633333331263e-01,-4.532623148433943122e-02
4.026989633333328822e-01,-4.546659851245206385e-02
4.028989633333333042e-01,-4.560736913313323537e-02
4.030989633333341704e-01,-4.574855054653043790e-02
4.032989633333339263e-01,-4.589014999034168873e-02
4.034989633333345704e-01,-4.603217473881435207e-02
4.036989633333341043e-01,-4.617463210172332438e-02
4.038989633333320839e-01,-4.631752942334687456e-02
4.040989633333320619e-01,-4.646087408142897390e-02
4.042989633333331501e-01,-4.660467348612257199e-02
4.044989633333315737e-01,-4.674893507892806388e-02
4.046989633333337721e-01,-4.689366633162961318e-02
4.048989633333348603e-01,-4.703887474519502510e-02
4.050989633333341722e-01,-4.718456784869119736e-02
4.052989633333341501e-01,-4.733075319817676985e-02
4.054989633333325738e-01,-4.747743837557940466e-02
4.056989633333321077e-01,-4.762463098757421798e-02
4.058989633333329738e-01,-4.777233866444001442e-02
4.060989633333329518e-01,-4.792056905890969970e-02
4.062989633333331518e-01,-4.806932984501489231e-02
4.064989633333342400e-01,-4.821862871691327823e-02
4.066989633333335519e-01,-4.836847338770609156e-02
4.068989633333344180e-01,-4.851887158825451962e-02
4.070989633333341740e-01,-4.866983106597094072e-02
4.072989633333321535e-01,-4.882135958361434602e-02
4.074989633333319095e-01,-4.897346491807209184e-02
4.076989633333329976e-01,-4.912615485912459612e-02
4.078989633333316434e-01,-4.927943720820634338e-02
4.080989633333340638e-01,-4.943331977716776404e-02
4.082989633333349300e-01,-4.958781038700127430e-02
4.084989633333344639e-01,-4.974291686658743189e-02
4.086989633333342198e-01,-4.989864705141593137e-02
4.088989633333328655e-01,-5.005500878229787037e-02
4.090989633333323994e-01,-5.021200990407702347e-02
4.092989633333330435e-01,-5.036965826432410892e-02
4.094989633333332435e-01,-5.052796171202614262e-02
4.096989633333327774e-01,-5.068692809627028256e-02
4.098989633333340876e-01,-5.084656526491803524e-02
4.100989633333340656e-01,-5.100688106326368987e-02
4.102989633333338215e-01,-5.116788333269923356e-02
4.104989633333335775e-01,-5.132957990935978904e-02
4.106989633333317791e-01,-5.149197862276451432e-02
4.108989633333322011e-01,-5.165508729445702357e-02
4.110989633333335114e-01,-5.181891373662367295e-02
4.112989633333321571e-01,-5.198346575071589870e-02
4.114989633333339114e-01,-5.214875112607260388e-02
4.116989633333343335e-01,-5.231477763851020285e-02
4.118989633333343114e-01,-5.248155304893465517e-02
4.120989633333342894e-01,-5.264908510192974067e-02
4.122989633333333792e-01,-5.281738152434257982e-02
4.124989633333322470e-01,-5.298645002386648956e-02
4.126989633333324470e-01,-5.315629828761466585e-02
4.128989633333330911e-01,-5.332693398068557439e-02
4.130989633333326250e-01,-5.349836474472721703e-02
4.132989633333341573e-01,-5.367059819649875468e-02
4.134989633333350234e-01,-5.384364192641322155e-02
4.136989633333338912e-01,-5.401750349709018989e-02
4.138989633333340912e-01,-5.419219044190017737e-02
4.140989633333318487e-01,-5.436771026349095093e-02
4.142989633333324928e-01,-5.454407043233364810e-02
4.144989633333333590e-01,-5.472127838523539040e-02
4.146989633333328928e-01,-5.489934152387002109e-02
4.148989633333335370e-01,-5.507826721329991959e-02
4.150989633333341811e-01,-5.525806278048409764e-02
4.152989633333343811e-01,-5.543873551279317885e-02
4.154989633333339150e-01,-5.562029265651656507e-02
4.156989633333336709e-01,-5.580274141536743782e-02
4.158989633333320945e-01,-5.598608894898037674e-02
4.160989633333322946e-01,-5.617034237141561859e-02
4.162989633333331607e-01,-5.635550874964605911e-02
4.164989633333320285e-01,-5.654159510205191558e-02
4.166989633333335608e-01,-5.672860839691884483e-02
4.168989633333348710e-01,-5.691655555091141433e-02
4.170989633333339608e-01,-5.710544342756667530e-02
4.172989633333339388e-01,-5.729527883578153236e-02
4.174989633333323624e-01,-5.748606852828431341e-02
4.176989633333318963e-01,-5.767781920012544916e-02
4.178989633333332065e-01,-5.787053748714955648e-02
4.180989633333331845e-01,-5.806422996447142132e-02
4.182989633333331625e-01,-5.825890314496086353e-02
4.184989633333344727e-01,-5.845456347771471606e-02
4.186989633333340066e-01,-5.865121734652799235e-02
4.188989633333348728e-01,-5.884887106837974335e-02
4.190989633333339626e-01,-5.904753089189596765e-02
4.192989633333321642e-01,-5.924720299583484395e-02
4.194989633333319201e-01,-5.944789348756009811e-02
4.196989633333332304e-01,-5.964960840151298238e-02
4.198989633333320981e-01,-5.985235369768723834e-02
4.200989633333336304e-01,-6.005613526012018588e-02
4.202989633333347186e-01,-6.026095889535364181e-02
4.204989633333344745e-01,-6.046683033092487697e-02
4.206989633333344525e-01,-6.067375521384803932e-02
4.208989633333328761e-01,-6.088173910909187164e-02
4.210989633333319659e-01,-6.109078749807229231e-02
4.212989633333328321e-01,-6.130090577713453309e-02
4.214989633333330321e-01,-6.151209925604027295e-02
4.216989633333327880e-01,-6.172437315646643607e-02
4.218989633333343203e-01,-6.193773261049980577e-02
4.220989633333336322e-01,-6.215218265912600404e-02
4.222989633333344983e-01,-6.236772825074603233e-02
4.224989633333340322e-01,-6.258437423966521640e-02
4.226989633333320118e-01,-6.280212538461189820e-02
4.228989633333319897e-01,-6.302098634725050719e-02
4.230989633333330779e-01,-6.324096169068918472e-02
4.232989633333315016e-01,-6.346205587800177184e-02
4.234989633333339221e-01,-6.368427327076747746e-02
4.236989633333345662e-01,-6.390761812757542182e-02
4.238989633333343221e-01,-6.413209460258036121e-02
4.240989633333347442e-01,-6.435770674403598623e-02
4.242989633333331678e-01,-6.458445849283413198e-02
4.244989633333324797e-01,-6.481235368106702532e-02
4.246989633333329017e-01,-6.504139603057403074e-02
4.248989633333331017e-01,-6.527158915150571561e-02
4.250989633333326356e-01,-6.550293654089490991e-02
4.252989633333335018e-01,-6.573544158123409420e-02
4.254989633333348120e-01,-6.596910753905060876e-02
4.256989633333339018e-01,-6.620393756349685077e-02
4.258989633333341018e-01,-6.643993468495482113e-02
4.260989633333320814e-01,-6.667710181362443422e-02
4.262989633333320594e-01,-6.691544173815076879e-02
4.264989633333335917e-01,-6.715495712422789309e-02
4.266989633333322374e-01,-6.739565051322557454e-02
4.268989633333337697e-01,-6.763752432084105259e-02
4.270989633333344138e-01,-6.788058083571757440e-02
4.272989633333341697e-01,-6.812482221811204386e-02
4.274989633333343697e-01,-6.837025049855201264e-02
4.276989633333336815e-01,-6.861686757650006796e-02
4.278989633333321052e-01,-6.886467521903689992e-02
4.280989633333320832e-01,-6.911367505955055834e-02
4.282989633333331714e-01,-6.936386859642748592e-02
4.284989633333324832e-01,-6.961525719175996885e-02
4.286989633333340155e-01,-6.986784207007538938e-02
4.288989633333348817e-01,-7.012162431704671572e-02
4.290989633333341935e-01,-7.037660487824175248e-02
4.292989633333341715e-01,-7.063278455787334875e-02
4.294989633333321510e-01,-7.089016401754928698e-02
4.296989633333319070e-01,-7.114874377505751857e-02
4.298989633333334393e-01,-7.140852420313539839e-02
4.300989633333323070e-01,-7.166950552826260867e-02
4.302989633333333952e-01,-7.193168782948460016e-02
4.304989633333344834e-01,-7.219507103720873564e-02
4.306989633333340173e-01,-7.245965493204403751e-02
4.308989633333342173e-01,-7.272543914364763828e-02
4.310989633333335291e-01,-7.299242314956905231e-02
4.312989633333319528e-01,-7.326060627412503412e-02
4.314989633333321528e-01,-7.352998768728120915e-02
4.316989633333332410e-01,-7.380056640353746533e-02
4.318989633333316647e-01,-7.407234128083586833e-02
4.320989633333340851e-01,-7.434531101949899690e-02
4.322989633333349513e-01,-7.461947416113327847e-02
4.324989633333344852e-01,-7.489482908760211610e-02
4.326989633333340191e-01,-7.517137401998183477e-02
4.328989633333324427e-01,-7.544910701753354543e-02
4.330989633333317546e-01,-7.572802597670227898e-02
4.332989633333328428e-01,-7.600812863011717491e-02
4.334989633333330428e-01,-7.628941254560900331e-02
4.336989633333330207e-01,-7.657187512525595596e-02
4.338989633333345530e-01,-7.685551360443219904e-02
4.340989633333340869e-01,-7.714032505086533542e-02
4.342989633333345090e-01,-7.742630636373622199e-02
4.344989633333344869e-01,-7.771345427276186990e-02
4.346989633333318004e-01,-7.800176533731510709e-02
4.348989633333317784e-01,-7.829123594556727794e-02
4.350989633333330886e-01,-7.858186231361516394e-02
4.352989633333315123e-01,-7.887364048465006494e-02
4.354989633333337107e-01,-7.916656632815853578e-02
4.356989633333350209e-01,-7.946063553908741528e-02
4.358989633333343328e-01,-7.975584363708018709e-02
4.360989633333343107e-01,-8.005218596570942702e-02
4.362989633333327344e-01,-8.034965769171324712e-02
4.364989633333320462e-01,-8.064825380427650958e-02
4.366989633333329124e-01,-8.094796911430621189e-02
4.368989633333331124e-01,-8.124879825373229614e-02
4.370989633333328683e-01,-8.155073567483665797e-02
4.372989633333339565e-01,-8.185377564959119001e-02
4.374989633333341565e-01,-8.215791226900671929e-02
4.376989633333343566e-01,-8.246313944252012251e-02
4.378989633333338904e-01,-8.276945089738223238e-02
4.380989633333320921e-01,-8.307684017807406840e-02
4.382989633333320700e-01,-8.338530064574577183e-02
4.384989633333331582e-01,-8.369482547765677571e-02
4.386989633333318039e-01,-8.400540766664926773e-02
4.388989633333340024e-01,-8.431704002065784631e-02
4.390989633333344244e-01,-8.462971516218836809e-02
4.392989633333344024e-01,-8.494342552787610690e-02
4.394989633333346024e-01,-8.525816336802494178e-02
4.396989633333336922e-01,-8.557392074617564681e-02
4.398989633333323379e-01,-8.589068953870297729e-02
4.400989633333323159e-01,-8.620846143442534304e-02
4.402989633333329600e-01,-8.652722793423066328e-02
4.404989633333327159e-01,-8.684698035073093458e-02
4.406989633333340262e-01,-8.716770980794301404e-02
4.408989633333351144e-01,-8.748940724096908317e-02
4.410989633333339821e-01,-8.781206339571781538e-02
4.412989633333341821e-01,-8.813566882864928842e-02
4.414989633333319397e-01,-8.846021390651154226e-02
4.416989633333323617e-01,-8.878568880614495784e-02
4.418989633333334499e-01,-8.911208351425604912e-02
4.420989633333327617e-01,-8.943938782724972225e-02
4.422989633333334059e-01,-8.976759135108193510e-02
4.424989633333344941e-01,-9.009668350110895674e-02
4.426989633333342500e-01,-9.042665350197910679e-02
4.428989633333340059e-01,-9.075749038754775400e-02
4.430989633333337618e-01,-9.108918300080079411e-02
4.432989633333321855e-01,-9.142171999380738212e-02
4.434989633333321635e-01,-9.175508982770441690e-02
4.436989633333332517e-01,-9.208928077268113688e-02
4.438989633333318974e-01,-9.242428090799947871e-02
4.440989633333336517e-01,-9.276007812205687431e-02
4.442989633333349619e-01,-9.309666011242076489e-02
4.444989633333340517e-01,-9.343401438593432196e-02
4.446989633333340297e-01,-9.377212825883218805e-02
4.448989633333322313e-01,-9.411098885685584281e-02
4.450989633333322093e-01,-9.445058311542990637e-02
4.452989633333332975e-01,-9.479089777982359355e-02
4.454989633333330534e-01,-9.513191940535695168e-02
4.456989633333332534e-01,-9.547363435763635275e-02
4.458989633333343416e-01,-9.581602881279338568e-02
4.460989633333340976e-01,-9.615908875775426579e-02
4.462989633333347417e-01,-9.650279999054681146e-02
4.464989633333340535e-01,-9.684714812060335465e-02
4.466989633333318110e-01,-9.719211856911369463e-02
4.468989633333320111e-01,-9.753769656939352550e-02
4.470989633333330993e-01,-9.788386716725624992e-02
4.472989633333315229e-01,-9.823061522143110291e-02
4.474989633333334993e-01,-9.857792540401894010e-02
4.476989633333348095e-01,-9.892578220091616248e-02
4.478989633333338993e-01,-9.927416991232047849e-02
4.480989633333343214e-01,-9.962307265324096828e-02
4.482989633333323010e-01,-9.997247435400685722e-02
4.484989633333318348e-01,-1.003223587608470940e-01
4.486989633333327010e-01,-1.006727094364471276e-01
4.488989633333329010e-01,-1.010235097605537147e-01
4.490989633333328790e-01,-1.013747429306077197e-01
4.492989633333344113e-01,-1.017263919623900559e-01
4.494989633333339452e-01,-1.020784396906826291e-01
4.496989633333339231e-01,-1.024308687699840292e-01
4.498989633333339011e-01,-1.027836616752138693e-01
4.500989633333323248e-01,-1.031368007024591749e-01
4.502989633333320807e-01,-1.034902679697515954e-01
4.504989633333329468e-01,-1.038440454178449213e-01
4.506989633333318146e-01,-1.041981148110301403e-01
4.508989633333337910e-01,-1.045524577379936398e-01
4.510989633333348792e-01,-1.049070556126483755e-01
4.512989633333341910e-01,-1.052618896750415617e-01
4.514989633333341690e-01,-1.056169409922640551e-01
4.516989633333325926e-01,-1.059721904593695918e-01
4.518989633333325706e-01,-1.063276188003488554e-01
4.520989633333323265e-01,-1.066832065690915127e-01
4.522989633333329706e-01,-1.070389341504036779e-01
4.524989633333327266e-01,-1.073947817610249322e-01
4.526989633333338148e-01,-1.077507294506907243e-01
4.528989633333349030e-01,-1.081067571031935626e-01
4.530989633333342148e-01,-1.084628444374849399e-01
4.532989633333335266e-01,-1.088189710088037498e-01
4.534989633333315062e-01,-1.091751162098078681e-01
4.536989633333323724e-01,-1.095312592717565259e-01
4.538989633333336826e-01,-1.098873792656787640e-01
4.540989633333316622e-01,-1.102434551035957888e-01
4.542989633333336386e-01,-1.105994655397792431e-01
4.544989633333345047e-01,-1.109553891719686491e-01
4.546989633333344827e-01,-1.113112044426839975e-01
4.548989633333342386e-01,-1.116668896405223765e-01
4.550989633333335505e-01,-1.120224229014823436e-01
4.552989633333324182e-01,-1.123777822103157187e-01
4.554989633333321741e-01,-1.127329454019018046e-01
4.556989633333330403e-01,-1.130878901626379829e-01
4.558989633333323521e-01,-1.134425940318528475e-01
4.560989633333341065e-01,-1.137970344032630809e-01
4.562989633333351946e-01,-1.141511885264097637e-01
4.564989633333340624e-01,-1.145050335081570364e-01
4.566989633333340404e-01,-1.148585463142035024e-01
4.568989633333322420e-01,-1.152117037705889802e-01
4.570989633333324420e-01,-1.155644825652663576e-01
4.572989633333335302e-01,-1.159168592496509359e-01
4.574989633333326200e-01,-1.162688102402178597e-01
4.576989633333337082e-01,-1.166203118201299960e-01
4.578989633333339082e-01,-1.169713401408480624e-01
4.580989633333341082e-01,-1.173218712238040945e-01
4.582989633333343082e-01,-1.176718809620697082e-01
4.584989633333336201e-01,-1.180213451220527288e-01
4.586989633333320437e-01,-1.183702393452177731e-01
4.588989633333322438e-01,-1.187185391498273845e-01
4.590989633333331099e-01,-1.190662199326892323e-01
4.592989633333317556e-01,-1.194132569709379088e-01
4.594989633333335100e-01,-1.197596254238513236e-01
4.596989633333348202e-01,-1.201053003346390646e-01
4.598989633333339100e-01,-1.204502566322995655e-01
4.600989633333341100e-01,-1.207944691334835730e-01
4.602989633333323116e-01,-1.211379125443513421e-01
4.604989633333318455e-01,-1.214805614624917818e-01
4.606989633333331557e-01,-1.218223903788216711e-01
4.608989633333326896e-01,-1.221633736795184610e-01
4.610989633333328896e-01,-1.225034856479909340e-01
4.612989633333341999e-01,-1.228427004668369016e-01
4.614989633333335117e-01,-1.231809922198314061e-01
4.616989633333345999e-01,-1.235183348939526138e-01
4.618989633333339118e-01,-1.238547023813841852e-01
4.620989633333318913e-01,-1.241900684815788747e-01
4.622989633333320914e-01,-1.245244069033187850e-01
4.624989633333331795e-01,-1.248576912667816174e-01
4.626989633333316032e-01,-1.251898951056413245e-01
4.628989633333338016e-01,-1.255209918692026805e-01
4.630989633333348898e-01,-1.258509549244958003e-01
4.632989633333342017e-01,-1.261797575584494013e-01
4.634989633333344017e-01,-1.265073729800529068e-01
4.636989633333330474e-01,-1.268337743225217973e-01
4.638989633333319151e-01,-1.271589346455093972e-01
4.640989633333327813e-01,-1.274828269373107781e-01
4.642989633333329813e-01,-1.278054241170831773e-01
4.644989633333327372e-01,-1.281266990370999448e-01
4.646989633333340475e-01,-1.284466244850064609e-01
4.648989633333342475e-01,-1.287651731860821047e-01
4.650989633333340034e-01,-1.290823178055401366e-01
4.652989633333337594e-01,-1.293980309508233340e-01
4.654989633333319610e-01,-1.297122851739173077e-01
4.656989633333321610e-01,-1.300250529736906580e-01
4.658989633333330271e-01,-1.303363067982229728e-01
4.660989633333316728e-01,-1.306460190471668281e-01
4.662989633333336492e-01,-1.309541620741331847e-01
4.664989633333342933e-01,-1.312607081890452831e-01
4.666989633333344933e-01,-1.315656296605590692e-01
4.668989633333346934e-01,-1.318688987184618855e-01
4.670989633333335611e-01,-1.321704875560905379e-01
4.672989633333324289e-01,-1.324703683327708159e-01
4.674989633333326289e-01,-1.327685131762569859e-01
4.676989633333330509e-01,-1.330648941851839129e-01
4.678989633333325848e-01,-1.333594834315370847e-01
4.680989633333343392e-01,-1.336522529631365419e-01
4.682989633333352053e-01,-1.339431748061095662e-01
4.684989633333340731e-01,-1.342322209674012834e-01
4.686989633333338290e-01,-1.345193634372861546e-01
4.688989633333324747e-01,-1.348045741918734719e-01
4.690989633333324527e-01,-1.350878251956489084e-01
4.692989633333335409e-01,-1.353690884040013864e-01
4.694989633333326307e-01,-1.356483357657693178e-01
4.696989633333334968e-01,-1.359255392258091333e-01
4.698989633333339189e-01,-1.362006707275404960e-01
4.700989633333338968e-01,-1.364737022155297352e-01
4.702989633333340969e-01,-1.367446056380664521e-01
4.704989633333334087e-01,-1.370133529497475078e-01
4.706989633333324985e-01,-1.372799161140758895e-01
4.708989633333320324e-01,-1.375442671060595479e-01
4.710989633333331206e-01,-1.378063779148196999e-01
4.712989633333322104e-01,-1.380662205461986314e-01
4.714989633333335206e-01,-1.383237670253961438e-01
4.716989633333348308e-01,-1.385789893995771349e-01
4.718989633333339206e-01,-1.388318597405119870e-01
4.720989633333338986e-01,-1.390823501472196466e-01
4.722989633333323223e-01,-1.393304327485958560e-01
4.724989633333320782e-01,-1.395760797060731639e-01
4.726989633333333884e-01,-1.398192632162613136e-01
4.728989633333329223e-01,-1.400599555136009255e-01
4.730989633333331223e-01,-1.402981288730330567e-01
4.732989633333342105e-01,-1.405337556126511067e-01
4.734989633333335224e-01,-1.407668080963645485e-01
4.736989633333343885e-01,-1.409972587365770358e-01
4.738989633333339224e-01,-1.412250799968415849e-01
4.740989633333319020e-01,-1.414502443945427901e-01
4.742989633333323241e-01,-1.416727245035724891e-01
4.744989633333329682e-01,-1.418924929569926330e-01
4.746989633333316139e-01,-1.421095224497188891e-01
4.748989633333338123e-01,-1.423237857412062435e-01
4.750989633333349005e-01,-1.425352556581068464e-01
4.752989633333342123e-01,-1.427439050969636636e-01
4.754989633333341903e-01,-1.429497070268865022e-01
4.756989633333328360e-01,-1.431526344922219862e-01
4.758989633333317038e-01,-1.433526606152379923e-01
4.760989633333330140e-01,-1.435497585987958735e-01
4.762989633333329920e-01,-1.437439017290181309e-01
4.764989633333329699e-01,-1.439350633779718502e-01
4.766989633333345022e-01,-1.441232170063334594e-01
4.768989633333335920e-01,-1.443083361660514874e-01
4.770989633333340141e-01,-1.444903945030241443e-01
4.772989633333339921e-01,-1.446693657597488136e-01
4.774989633333324157e-01,-1.448452237779865870e-01
4.776989633333321716e-01,-1.450179425014201662e-01
4.778989633333330378e-01,-1.451874959782982755e-01
4.780989633333316835e-01,-1.453538583640827941e-01
4.782989633333341040e-01,-1.455170039241008850e-01
4.784989633333347481e-01,-1.456769070361646490e-01
4.786989633333338379e-01,-1.458335421932170362e-01
4.788989633333344820e-01,-1.459868840059551087e-01
4.790989633333329056e-01,-1.461369072054428120e-01
4.792989633333328836e-01,-1.462835866457352085e-01
4.794989633333328616e-01,-1.464268973064759560e-01
4.796989633333330616e-01,-1.465668142955028619e-01
4.798989633333328175e-01,-1.467033128514383944e-01
4.800989633333339057e-01,-1.468363683462771407e-01
4.802989633333343278e-01,-1.469659562879589154e-01
4.804989633333340837e-01,-1.470920523229413135e-01
4.806989633333336176e-01,-1.472146322387592743e-01
4.808989633333324853e-01,-1.473336719665752081e-01
4.810989633333322413e-01,-1.474491475837231280e-01
4.812989633333335515e-01,-1.475610353162389865e-01
4.814989633333319752e-01,-1.476693115413817425e-01
4.816989633333335075e-01,-1.477739527901538175e-01
4.818989633333341516e-01,-1.478749357497917138e-01
4.820989633333343516e-01,-1.479722372662652108e-01
4.822989633333343296e-01,-1.480658343467543270e-01
4.824989633333336414e-01,-1.481557041621173743e-01
4.826989633333325092e-01,-1.482418240493482142e-01
4.828989633333324871e-01,-1.483241715140204975e-01
4.830989633333329092e-01,-1.484027242327180252e-01
4.832989633333324431e-01,-1.484774600554547019e-01
4.834989633333339754e-01,-1.485483570080819993e-01
4.836989633333350636e-01,-1.486153932946779888e-01
4.838989633333339313e-01,-1.486785472999282987e-01
4.840989633333343534e-01,-1.487377975914923600e-01
4.842989633333323329e-01,-1.487931229223493912e-01
4.844989633333323109e-01,-1.488445022331389977e-01
4.846989633333333991e-01,-1.488919146544778194e-01
4.848989633333327109e-01,-1.489353395092659904e-01
4.850989633333335771e-01,-1.489747563149788623e-01
4.852989633333342212e-01,-1.490101447859382144e-01
4.854989633333339771e-01,-1.490414848355713362e-01
4.856989633333339551e-01,-1.490687565786521507e-01
4.858989633333334890e-01,-1.490919403335252413e-01
4.860989633333323567e-01,-1.491110166243130031e-01
4.862989633333327788e-01,-1.491259661831059180e-01
4.864989633333329788e-01,-1.491367699521338186e-01
4.866989633333318466e-01,-1.491434090859209693e-01
4.868989633333338229e-01,-1.491458649534213587e-01
4.870989633333346891e-01,-1.491441191401358113e-01
4.872989633333337789e-01,-1.491381534502108641e-01
4.874989633333337569e-01,-1.491279499085175209e-01
4.876989633333328467e-01,-1.491134907627112149e-01
4.878989633333321585e-01,-1.490947584852718166e-01
4.880989633333330247e-01,-1.490717357755233508e-01
4.882989633333330026e-01,-1.490444055616345631e-01
4.884989633333332026e-01,-1.490127510025972823e-01
4.886989633333340688e-01,-1.489767554901847979e-01
4.888989633333338247e-01,-1.489364026508899763e-01
4.890989633333340247e-01,-1.488916763478398408e-01
4.892989633333340027e-01,-1.488425606826906389e-01
4.894989633333328705e-01,-1.487890399975000666e-01
4.896989633333324043e-01,-1.487310988765765396e-01
4.898989633333330485e-01,-1.486687221483076471e-01
4.900989633333319162e-01,-1.486018948869661238e-01
4.902989633333334485e-01,-1.485306024144880666e-01
4.904989633333343146e-01,-1.484548303022372728e-01
4.906989633333336265e-01,-1.483745643727366892e-01
4.908989633333344926e-01,-1.482897907013796535e-01
4.910989633333329163e-01,-1.482004956181214861e-01
4.912989633333320061e-01,-1.481066657091379413e-01
4.914989633333328722e-01,-1.480082878184670880e-01
4.916989633333330723e-01,-1.479053490496253231e-01
4.918989633333328282e-01,-1.477978367671936022e-01
4.920989633333339164e-01,-1.476857385983821602e-01
4.922989633333338944e-01,-1.475690424345729168e-01
4.924989633333336503e-01,-1.474477364328282969e-01
4.926989633333340723e-01,-1.473218090173809836e-01
4.928989633333324960e-01,-1.471912488810975250e-01
4.930989633333324740e-01,-1.470560449869073583e-01
4.932989633333328960e-01,-1.469161865692186208e-01
4.934989633333315417e-01,-1.467716631352984913e-01
4.936989633333335181e-01,-1.466224644666217769e-01
4.938989633333343843e-01,-1.464685806202116192e-01
4.940989633333336961e-01,-1.463100019299306831e-01
4.942989633333345623e-01,-1.461467190077542777e-01
4.944989633333332080e-01,-1.459787227450246028e-01
4.946989633333327419e-01,-1.458060043136573669e-01
4.948989633333327198e-01,-1.456285551673402456e-01
4.950989633333331419e-01,-1.454463670426908717e-01
4.952989633333328978e-01,-1.452594319603917605e-01
4.954989633333337640e-01,-1.450677422262907079e-01
4.956989633333350742e-01,-1.448712904324817585e-01
4.958989633333334979e-01,-1.446700694583522573e-01
4.960989633333339199e-01,-1.444640724715899882e-01
4.962989633333318995e-01,-1.442532929291886201e-01
4.964989633333327657e-01,-1.440377245783875937e-01
4.966989633333334098e-01,-1.438173614576201964e-01
4.968989633333324996e-01,-1.435921978974029067e-01
4.970989633333335878e-01,-1.433622285212010627e-01
4.972989633333340098e-01,-1.431274482462812636e-01
4.974989633333342098e-01,-1.428878522845103693e-01
4.976989633333339658e-01,-1.426434361431390130e-01
4.978989633333334996e-01,-1.423941956255488361e-01
4.980989633333328115e-01,-1.421401268319719413e-01
4.982989633333323454e-01,-1.418812261601770652e-01
4.984989633333329895e-01,-1.416174903061263035e-01
4.986989633333323013e-01,-1.413489162646062169e-01
4.988989633333338336e-01,-1.410755013298095606e-01
4.990989633333346998e-01,-1.407972430959156529e-01
4.992989633333337895e-01,-1.405141394576118197e-01
4.994989633333339896e-01,-1.402261886105905520e-01
4.996989633333326353e-01,-1.399333890520327306e-01
4.998989633333326132e-01,-1.396357395810291224e-01
5.000989633333332574e-01,-1.393332392990000446e-01
5.002989633333330133e-01,-1.390258876100659013e-01
5.004989633333332133e-01,-1.387136842213838595e-01
5.006989633333340795e-01,-1.383966291434646778e-01
5.008989633333336133e-01,-1.380747226904534830e-01
5.010989633333344795e-01,-1.377479654803650255e-01
5.012989633333340134e-01,-1.374163584353145229e-01
5.014989633333322150e-01,-1.370799027816870519e-01
5.016989633333324150e-01,-1.367386000502864851e-01
5.018989633333330591e-01,-1.363924520764670800e-01
5.020989633333317048e-01,-1.360414610002123326e-01
5.022989633333339032e-01,-1.356856292661727248e-01
5.024989633333347694e-01,-1.353249596237189323e-01
5.026989633333336371e-01,-1.349594551269042431e-01
5.028989633333338372e-01,-1.345891191344203985e-01
5.030989633333331490e-01,-1.342139553095386129e-01
5.032989633333320167e-01,-1.338339676199851447e-01
5.034989633333331049e-01,-1.334491603378002711e-01
5.036989633333328609e-01,-1.330595380391801641e-01
5.038989633333330609e-01,-1.326651056042481569e-01
5.040989633333343711e-01,-1.322658682168272870e-01
5.042989633333336830e-01,-1.318618313641740647e-01
5.044989633333336609e-01,-1.314530008366547320e-01
5.046989633333340830e-01,-1.310393827274256295e-01
5.048989633333325067e-01,-1.306209834320622432e-01
5.050989633333324846e-01,-1.301978096481400393e-01
5.052989633333331287e-01,-1.297698683748214621e-01
5.054989633333315524e-01,-1.293371669123841161e-01
5.056989633333337508e-01,-1.288997128616974908e-01
5.058989633333348390e-01,-1.284575141237337403e-01
5.060989633333339288e-01,-1.280105788989714388e-01
5.062989633333339068e-01,-1.275589156867984464e-01
5.064989633333327745e-01,-1.271025332849032019e-01
5.066989633333327525e-01,-1.266414407885921023e-01
5.068989633333327305e-01,-1.261756475901141816e-01
5.070989633333329305e-01,-1.257051633779244504e-01
5.072989633333329085e-01,-1.252299981359313030e-01
5.074989633333337746e-01,-1.247501621427016955e-01
5.076989633333344187e-01,-1.242656659706490307e-01
5.078989633333335085e-01,-1.237765204851750955e-01
5.080989633333337085e-01,-1.232827368437749843e-01
5.082989633333323543e-01,-1.227843264951432867e-01
5.084989633333323322e-01,-1.222813011781994641e-01
5.086989633333334204e-01,-1.217736729211294083e-01
5.088989633333318441e-01,-1.212614540403764568e-01
5.090989633333338205e-01,-1.207446571395644208e-01
5.092989633333342425e-01,-1.202232951084791640e-01
5.094989633333342205e-01,-1.196973811219192441e-01
5.096989633333344205e-01,-1.191669286385778903e-01
5.098989633333335103e-01,-1.186319513998814468e-01
5.100989633333328221e-01,-1.180924634287803671e-01
5.102989633333325781e-01,-1.175484790285323822e-01
5.104989633333330001e-01,-1.170000127814419671e-01
5.106989633333323120e-01,-1.164470795475785747e-01
5.108989633333340663e-01,-1.158896944634384973e-01
5.110989633333351545e-01,-1.153278729406304187e-01
5.112989633333338002e-01,-1.147616306644763939e-01
5.114989633333342223e-01,-1.141909835925910000e-01
5.116989633333324239e-01,-1.136159479534853273e-01
5.118989633333328459e-01,-1.130365402450539680e-01
5.120989633333334901e-01,-1.124527772331224695e-01
5.122989633333328019e-01,-1.118646759499042076e-01
5.124989633333332240e-01,-1.112722536924370953e-01
5.126989633333343122e-01,-1.106755280210228176e-01
5.128989633333338460e-01,-1.100745167576140937e-01
5.130989633333336020e-01,-1.094692379841597507e-01
5.132989633333338020e-01,-1.088597100409556817e-01
5.134989633333328918e-01,-1.082459515249518944e-01
5.136989633333324257e-01,-1.076279812880170106e-01
5.138989633333330698e-01,-1.070058184352014607e-01
5.140989633333319375e-01,-1.063794823229704950e-01
5.142989633333336918e-01,-1.057489925573671802e-01
5.144989633333347800e-01,-1.051143689922319352e-01
5.146989633333340919e-01,-1.044756317273138613e-01
5.148989633333338478e-01,-1.038328011063856110e-01
5.150989633333327156e-01,-1.031858977153567031e-01
5.152989633333324715e-01,-1.025349423803189886e-01
5.154989633333331156e-01,-1.018799561656022201e-01
5.156989633333328715e-01,-1.012209603717897366e-01
5.158989633333328495e-01,-1.005579765336933606e-01
5.160989633333341597e-01,-9.989102641832767193e-02
5.162989633333336936e-01,-9.922013202286543432e-02
5.164989633333338936e-01,-9.854531557252088625e-02
5.166989633333343157e-01,-9.786659951847057060e-02
5.168989633333322953e-01,-9.718400653571998560e-02
5.170989633333324953e-01,-9.649755952091584876e-02
5.172989633333331394e-01,-9.580728159021488499e-02
5.174989633333317851e-01,-9.511319607706356094e-02
5.176989633333335394e-01,-9.441532652994538699e-02
5.178989633333346276e-01,-9.371369671019183500e-02
5.180989633333334954e-01,-9.300833058967586386e-02
5.182989633333343615e-01,-9.229925234850874793e-02
5.184989633333330072e-01,-9.158648637277902460e-02
5.186989633333323191e-01,-9.087005725216444618e-02
5.188989633333329632e-01,-9.014998977761140564e-02
5.190989633333329412e-01,-8.942630893896233446e-02
5.192989633333326971e-01,-8.869903992254274394e-02
5.194989633333342294e-01,-8.796820810874952934e-02
5.196989633333339853e-01,-8.723383906964296552e-02
5.198989633333335192e-01,-8.649595856645392322e-02
5.200989633333334972e-01,-8.575459254713267698e-02
5.202989633333323649e-01,-8.500976714386335176e-02
5.204989633333325649e-01,-8.426150867053000537e-02
5.206989633333327649e-01,-8.350984362021843244e-02
5.208989633333316327e-01,-8.275479866265614270e-02
5.210989633333338311e-01,-8.199640064162674880e-02
5.212989633333346973e-01,-8.123467657244776152e-02
5.214989633333335650e-01,-8.046965363932376269e-02
5.216989633333342091e-01,-7.970135919273058089e-02
5.218989633333335210e-01,-7.892982074683019267e-02
5.220989633333328328e-01,-7.815506597678192890e-02
5.222989633333328108e-01,-7.737712271610190651e-02
5.224989633333330108e-01,-7.659601895398979177e-02
5.226989633333323226e-01,-7.581178283263698137e-02
5.228989633333340770e-01,-7.502444264450261469e-02
5.230989633333351652e-01,-7.423402682963828325e-02
5.232989633333338109e-01,-7.344056397292576810e-02
5.234989633333335668e-01,-7.264408280131665063e-02
5.236989633333324345e-01,-7.184461218111751202e-02
5.238989633333328566e-01,-7.104218111518062484e-02
5.240989633333332787e-01,-7.023681874015491600e-02
5.242989633333319244e-01,-6.942855432367785184e-02
5.244989633333336787e-01,-6.861741726154188536e-02
5.246989633333343228e-01,-6.780343707494225491e-02
5.248989633333340787e-01,-6.698664340759577507e-02
5.250989633333340567e-01,-6.616706602291802519e-02
5.252989633333335906e-01,-6.534473480118770106e-02
5.254989633333329024e-01,-6.451967973667954714e-02
5.256989633333324363e-01,-6.369193093480196577e-02
5.258989633333330804e-01,-6.286151860922253864e-02
5.260989633333321702e-01,-6.202847307900209717e-02
5.262989633333339246e-01,-6.119282476566187401e-02
5.264989633333350127e-01,-6.035460419034584245e-02
5.266989633333341025e-01,-5.951384197087680739e-02
5.268989633333340805e-01,-5.867056881883549180e-02
5.270989633333327262e-01,-5.782481553668237378e-02
5.272989633333327042e-01,-5.697661301479207963e-02
5.274989633333331263e-01,-5.612599222856029524e-02
5.276989633333328822e-01,-5.527298423545538159e-02
5.278989633333333042e-01,-5.441762017206857455e-02
5.280989633333341704e-01,-5.355993125118799908e-02
5.282989633333337043e-01,-5.269994875885149199e-02
5.284989633333339043e-01,-5.183770405137356346e-02
5.286989633333336602e-01,-5.097322855242114592e-02
5.288989633333323059e-01,-5.010655375004244294e-02
5.290989633333325060e-01,-4.923771119369550059e-02
5.292989633333327060e-01,-4.836673249132072971e-02
5.294989633333315737e-01,-4.749364930635972121e-02
5.296989633333342162e-01,-4.661849335476501294e-02
5.298989633333350824e-01,-4.574129640211131720e-02
5.300989633333335060e-01,-4.486209026056346694e-02
5.302989633333337061e-01,-4.398090678591277947e-02
5.304989633333330179e-01,-4.309777787466525373e-02
5.306989633333323297e-01,-4.221273546103372631e-02
5.308989633333329738e-01,-4.132581151399040281e-02
5.310989633333329518e-01,-4.043703803432453781e-02
5.312989633333331518e-01,-3.954644705165814150e-02
5.314989633333342400e-01,-3.865407062150509609e-02
5.316989633333337739e-01,-3.775994082233287419e-02
5.318989633333337519e-01,-3.686408975258093079e-02
5.320989633333339519e-01,-3.596654952774624991e-02
5.322989633333325976e-01,-3.506735227744040007e-02
5.324989633333325756e-01,-3.416653014242644615e-02
5.326989633333329976e-01,-3.326411527172653398e-02
5.328989633333316434e-01,-3.236013981968591247e-02
5.330989633333338418e-01,-3.145463594301415450e-02
5.332989633333349300e-01,-3.054763579795138559e-02
5.334989633333340198e-01,-2.963917153729989443e-02
5.336989633333339977e-01,-2.872927530752519137e-02
5.338989633333328655e-01,-2.781797924590332163e-02
5.340989633333326214e-01,-2.690531547759708597e-02
5.342989633333325994e-01,-2.599131611281035176e-02
5.344989633333330215e-01,-2.507601324390525827e-02
5.346989633333329994e-01,-2.415943894255334276e-02
5.348989633333340876e-01,-2.324162525687068631e-02
5.350989633333345097e-01,-2.232260420860579866e-02
5.352989633333338215e-01,-2.140240779028998799e-02
5.354989633333333554e-01,-2.048106796241714114e-02
5.356989633333320011e-01,-1.955861665065645322e-02
5.358989633333324232e-01,-1.863508574302836021e-02
5.360989633333335114e-01,-1.771050708715565802e-02
5.362989633333314909e-01,-1.678491248748692488e-02
5.364989633333339114e-01,-1.585833370247270724e-02
5.366989633333345555e-01,-1.493080244193566684e-02
5.368989633333340894e-01,-1.400235036424221646e-02
5.370989633333342894e-01,-1.307300907361024812e-02
5.372989633333338233e-01,-1.214281011742348107e-02
5.374989633333329131e-01,-1.121178498351938467e-02
5.376989633333328911e-01,-1.027996509751522708e-02
5.378989633333328690e-01,-9.347381820163314092e-03
5.380989633333326250e-01,-8.414066444692063981e-03
5.382989633333341573e-01,-7.480050194169708330e-03
5.384989633333350234e-01,-6.545364218922553393e-03
5.386989633333336691e-01,-5.610039593913575262e-03
5.388989633333340912e-01,-4.674107316141408452e-03
5.390989633333322928e-01,-3.737598302141752551e-03
5.392989633333327149e-01,-2.800543385365901472e-03
5.394989633333329149e-01,-1.862973313726519996e-03
5.396989633333324488e-01,-9.249187470479827700e-04
5.398989633333335370e-01,1.358974542597143204e-05
5.400989633333341811e-01,9.525216874700535505e-04
5.402989633333339370e-01,1.891846698354964981e-03
5.404989633333336929e-01,2.831534495277758176e-03
5.406989633333336709e-01,3.771554895762829242e-03
5.408989633333327607e-01,4.711877820049668528e-03
5.410989633333322946e-01,5.652473293480250391e-03
5.412989633333329387e-01,6.593311448832801791e-03
5.414989633333320285e-01,7.534362528637235726e-03
5.416989633333337828e-01,8.475596887528295820e-03
5.418989633333348710e-01,9.416984994461348110e-03
5.420989633333335167e-01,1.035849743501686057e-02
5.422989633333339388e-01,1.130010491365972605e-02
5.424989633333328065e-01,1.224177825589142440e-02
5.426989633333325624e-01,1.318348841050534341e-02
5.428989633333332065e-01,1.412520645171706953e-02
5.430989633333327404e-01,1.506690358131183502e-02
5.432989633333331625e-01,1.600855113079390629e-02
5.434989633333344727e-01,1.695012056345513232e-02
5.436989633333337846e-01,1.789158347644283914e-02
5.438989633333342066e-01,1.883291160284900762e-02
5.440989633333335185e-01,1.977407681367890704e-02
5.442989633333326083e-01,2.071505111988732745e-02
5.444989633333323642e-01,2.165580667433475784e-02
5.446989633333327863e-01,2.259631577372798669e-02
5.448989633333320981e-01,2.353655086053469542e-02
5.450989633333340745e-01,2.447648452490961204e-02
5.452989633333347186e-01,2.541608950649747872e-02
5.454989633333338084e-01,2.635533869632551013e-02
5.456989633333340084e-01,2.729420513861038552e-02
5.458989633333330982e-01,2.823266203250525061e-02
5.460989633333326321e-01,2.917068273389639838e-02
5.462989633333328321e-01,3.010824075710719777e-02
5.464989633333328101e-01,3.104530977659911845e-02
5.466989633333330101e-01,3.198186362865466231e-02
5.468989633333343203e-01,3.291787631301603539e-02
5.470989633333336322e-01,3.385332199447863705e-02
5.472989633333336101e-01,3.478817500452191513e-02
5.474989633333338102e-01,3.572240984282380738e-02
5.476989633333324559e-01,3.665600117879581898e-02
5.478989633333324338e-01,3.758892385310781681e-02
5.480989633333328559e-01,3.852115287911627578e-02
5.482989633333315016e-01,3.945266344431300198e-02
5.484989633333337000e-01,4.038343091177386268e-02
5.486989633333345662e-01,4.131343082145303575e-02
5.488989633333336560e-01,4.224263889159807911e-02
5.490989633333343001e-01,4.317103102006275561e-02
5.492989633333331678e-01,4.409858328554391166e-02
5.494989633333329238e-01,4.502527194889471840e-02
5.496989633333329017e-01,4.595107345430476942e-02
5.498989633333328797e-01,4.687596443051003647e-02
5.500989633333328577e-01,4.779992169195255991e-02
5.502989633333339459e-01,4.872292223991442350e-02
5.504989633333348120e-01,4.964494326359907006e-02
5.506989633333339018e-01,5.056596214120798183e-02
5.508989633333334357e-01,5.148595644099398377e-02
5.510989633333323034e-01,5.240490392223064176e-02
5.512989633333329476e-01,5.332278253621517555e-02
5.514989633333333696e-01,5.423957042717011262e-02
5.516989633333322374e-01,5.515524593317321089e-02
5.518989633333337697e-01,5.606978758705423449e-02
5.520989633333344138e-01,5.698317411717567643e-02
5.522989633333339476e-01,5.789538444829312597e-02
5.524989633333339256e-01,5.880639770232524294e-02
5.526989633333339036e-01,5.971619319908090529e-02
5.528989633333329934e-01,6.062475045697814785e-02
5.530989633333323052e-01,6.153204919373479048e-02
5.532989633333327273e-01,6.243806932700459583e-02
5.534989633333324832e-01,6.334279097498016209e-02
5.536989633333340155e-01,6.424619445700519016e-02
5.538989633333348817e-01,6.514826029408156416e-02
5.540989633333335274e-01,6.604896920941083494e-02
5.542989633333335053e-01,6.694830212889590904e-02
5.544989633333330392e-01,6.784624018154361558e-02
5.546989633333327951e-01,6.874276469991687233e-02
5.548989633333334393e-01,6.963785722050738758e-02
5.550989633333323070e-01,7.053149948407221037e-02
5.552989633333333952e-01,7.142367343599655138e-02
5.554989633333344834e-01,7.231436122652185050e-02
5.556989633333333511e-01,7.320354521102619139e-02
5.558989633333337732e-01,7.409120795027090978e-02
5.560989633333339732e-01,7.497733221053629049e-02
5.562989633333323969e-01,7.586190096380168724e-02
5.564989633333325969e-01,7.674489738788894955e-02
5.566989633333327969e-01,7.762630486650530515e-02
5.568989633333321088e-01,7.850610698932750098e-02
5.570989633333340851e-01,7.938428755204125775e-02
5.572989633333347292e-01,8.026083055628044360e-02
5.574989633333335970e-01,8.113572020963497056e-02
5.576989633333335750e-01,8.200894092557653448e-02
5.578989633333331088e-01,8.288047732331971229e-02
5.580989633333324207e-01,8.375031422771128664e-02
5.582989633333332868e-01,8.461843666906015970e-02
5.584989633333328207e-01,8.548482988290888318e-02
5.586989633333330207e-01,8.634947930984190889e-02
5.588989633333343310e-01,8.721237059519264256e-02
5.590989633333336428e-01,8.807348958873856271e-02
5.592989633333338428e-01,8.893282234441431122e-02
5.594989633333340429e-01,8.979035511991011187e-02
5.596989633333329106e-01,9.064607437629582098e-02
5.598989633333328886e-01,9.149996677761720876e-02
5.600989633333328666e-01,9.235201919041204077e-02
5.602989633333315123e-01,9.320221868324092551e-02
5.604989633333337107e-01,9.405055252620075912e-02
5.606989633333347989e-01,9.489700819031302026e-02
5.608989633333341107e-01,9.574157334700700295e-02
5.610989633333340887e-01,9.658423586751047063e-02
5.612989633333331785e-01,9.742498382218506281e-02
5.614989633333329344e-01,9.826380547989133074e-02
5.616989633333329124e-01,9.910068930727319869e-02
5.618989633333328904e-01,9.993562396804328563e-02
5.620989633333328683e-01,1.007685983222303128e-01
5.622989633333339565e-01,1.015996014254004071e-01
5.624989633333341565e-01,1.024286225278292217e-01
5.626989633333336904e-01,1.032556510736844374e-01
5.628989633333334464e-01,1.040806767001515865e-01
5.630989633333323141e-01,1.049036892365273893e-01
5.632989633333327362e-01,1.057246787033183227e-01
5.634989633333327141e-01,1.065436353112564627e-01
5.636989633333318039e-01,1.073605494603453170e-01
5.638989633333340024e-01,1.081754117388648018e-01
5.640989633333344244e-01,1.089882129222840279e-01
5.642989633333335142e-01,1.097989439722593247e-01
5.644989633333339363e-01,1.106075960355346471e-01
5.646989633333336922e-01,1.114141604428014604e-01
5.648989633333332261e-01,1.122186287075885858e-01
5.650989633333327600e-01,1.130209925250873215e-01
5.652989633333329600e-01,1.138212437709641561e-01
5.654989633333329380e-01,1.146193745001380937e-01
5.656989633333340262e-01,1.154153769455558282e-01
5.658989633333348923e-01,1.162092435169080756e-01
5.660989633333335380e-01,1.170009667993490432e-01
5.662989633333335160e-01,1.177905395522083482e-01
5.664989633333326058e-01,1.185779547076098450e-01
5.666989633333328058e-01,1.193632053691517092e-01
5.668989633333332279e-01,1.201462848104954129e-01
5.670989633333327617e-01,1.209271864739709657e-01
5.672989633333336279e-01,1.217059039691627542e-01
5.674989633333340500e-01,1.224824310714308778e-01
5.676989633333338059e-01,1.232567617204607391e-01
5.678989633333337839e-01,1.240288900187681842e-01
5.680989633333337618e-01,1.247988102301761104e-01
5.682989633333328516e-01,1.255665167782809011e-01
5.684989633333326076e-01,1.263320042449086744e-01
5.686989633333328076e-01,1.270952673685228351e-01
5.688989633333318974e-01,1.278563010426301272e-01
5.690989633333336517e-01,1.286151003141907390e-01
5.692989633333349619e-01,1.293716603819374811e-01
5.694989633333336077e-01,1.301259765947524460e-01
5.696989633333338077e-01,1.308780444500160789e-01
5.698989633333328975e-01,1.316278595918674577e-01
5.700989633333330975e-01,1.323754178095416512e-01
5.702989633333332975e-01,1.331207150356139568e-01
5.704989633333328314e-01,1.338637473442730597e-01
5.706989633333332534e-01,1.346045109495691561e-01
5.708989633333343416e-01,1.353430022036253844e-01
5.710989633333332094e-01,1.360792175948442040e-01
5.712989633333340755e-01,1.368131537461380054e-01
5.714989633333338315e-01,1.375448074130557752e-01
5.716989633333329213e-01,1.382741754819878099e-01
5.718989633333324552e-01,1.390012549683054821e-01
5.720989633333328772e-01,1.397260430144932619e-01
5.722989633333315229e-01,1.404485368882630314e-01
5.724989633333334993e-01,1.411687339807035368e-01
5.726989633333345875e-01,1.418866318043161268e-01
5.728989633333336773e-01,1.426022279911446644e-01
5.730989633333340993e-01,1.433155202908531489e-01
5.732989633333334112e-01,1.440265065687513224e-01
5.734989633333325010e-01,1.447351848038773980e-01
5.736989633333331451e-01,1.454415530870291073e-01
5.738989633333329010e-01,1.461456096187755960e-01
5.740989633333328790e-01,1.468473527075042639e-01
5.742989633333344113e-01,1.475467807674194498e-01
5.744989633333335011e-01,1.482438923165239897e-01
5.746989633333337011e-01,1.489386859746569258e-01
5.748989633333336791e-01,1.496311604614342650e-01
5.750989633333323248e-01,1.503213145942433049e-01
5.752989633333323027e-01,1.510091472862239992e-01
5.754989633333329468e-01,1.516946575442063572e-01
5.756989633333318146e-01,1.523778444666714083e-01
5.758989633333337910e-01,1.530587072417316508e-01
5.760989633333348792e-01,1.537372451450195743e-01
5.762989633333335249e-01,1.544134575376640284e-01
5.764989633333335028e-01,1.550873438642340063e-01
5.766989633333330367e-01,1.557589036506298874e-01
5.768989633333332367e-01,1.564281365020377401e-01
5.770989633333329927e-01,1.570950421008324438e-01
5.772989633333329706e-01,1.577596202045099538e-01
5.774989633333327266e-01,1.584218706435920332e-01
5.776989633333338148e-01,1.590817933195499689e-01
5.778989633333340148e-01,1.597393882026962864e-01
5.780989633333339928e-01,1.603946553301157929e-01
5.782989633333330826e-01,1.610475948035602067e-01
5.784989633333321724e-01,1.616982067873649898e-01
5.786989633333332606e-01,1.623464915063552172e-01
5.788989633333336826e-01,1.629924492437340999e-01
5.790989633333321063e-01,1.636360803390106422e-01
5.792989633333336386e-01,1.642773851859248291e-01
5.794989633333345047e-01,1.649163642303086430e-01
5.796989633333335945e-01,1.655530179680355929e-01
5.798989633333337945e-01,1.661873469429387962e-01
5.800989633333335505e-01,1.668193517447018326e-01
5.802989633333330843e-01,1.674490330067978094e-01
5.804989633333326182e-01,1.680763914044077212e-01
5.806989633333328182e-01,1.687014276523491341e-01
5.808989633333325742e-01,1.693241425030010405e-01
5.810989633333341065e-01,1.699445367442558030e-01
5.812989633333347506e-01,1.705626111974356263e-01
5.814989633333336183e-01,1.711783667152598221e-01
5.816989633333335963e-01,1.717918041798037754e-01
5.818989633333329081e-01,1.724029245004324584e-01
5.820989633333331081e-01,1.730117286117904274e-01
5.822989633333335302e-01,1.736182174717582349e-01
5.824989633333326200e-01,1.742223920594364595e-01
5.826989633333337082e-01,1.748242533731519388e-01
5.828989633333339082e-01,1.754238024284207609e-01
5.830989633333334421e-01,1.760210402559811982e-01
5.832989633333334201e-01,1.766159678998019400e-01
5.834989633333336201e-01,1.772085864150987622e-01
5.836989633333324878e-01,1.777988968663680169e-01
5.838989633333329099e-01,1.783869003254477392e-01
5.840989633333328879e-01,1.789725978695441699e-01
5.842989633333319777e-01,1.795559905793157052e-01
5.844989633333335100e-01,1.801370795369562072e-01
5.846989633333348202e-01,1.807158658242543625e-01
5.848989633333336879e-01,1.812923505207130748e-01
5.850989633333336659e-01,1.818665347016765743e-01
5.852989633333327557e-01,1.824384194364238321e-01
5.854989633333327337e-01,1.830080057863330278e-01
5.856989633333333778e-01,1.835752948030175413e-01
5.858989633333326896e-01,1.841402875264917804e-01
5.860989633333328896e-01,1.847029849833677628e-01
5.862989633333344219e-01,1.852633881850329067e-01
5.864989633333335117e-01,1.858214981258518306e-01
5.866989633333339338e-01,1.863773157814234693e-01
5.868989633333339118e-01,1.869308421067843728e-01
5.870989633333325575e-01,1.874820780346815319e-01
5.872989633333329795e-01,1.880310244738532810e-01
5.874989633333329575e-01,1.885776823072905506e-01
5.876989633333318253e-01,1.891220523905617068e-01
5.878989633333338016e-01,1.896641355501418047e-01
5.880989633333351119e-01,1.902039325817183046e-01
5.882989633333335355e-01,1.907414442485725337e-01
5.884989633333341796e-01,1.912766712799705282e-01
5.886989633333330474e-01,1.918096143695117162e-01
5.888989633333325813e-01,1.923402741735818766e-01
5.890989633333330033e-01,1.928686513097603306e-01
5.892989633333329813e-01,1.933947463552712631e-01
5.894989633333331813e-01,1.939185598454620241e-01
5.896989633333340475e-01,1.944400922722849812e-01
5.898989633333338034e-01,1.949593440828016333e-01
5.900989633333335593e-01,1.954763156777230559e-01
5.902989633333335373e-01,1.959910074099504018e-01
5.904989633333321830e-01,1.965034195831410202e-01
5.906989633333328271e-01,1.970135524503163482e-01
5.908989633333330271e-01,1.975214062124463210e-01
5.910989633333318949e-01,1.980269810171010336e-01
5.912989633333336492e-01,1.985302769571140880e-01
5.914989633333342933e-01,1.990312940692255950e-01
5.916989633333336052e-01,1.995300323328107750e-01
5.918989633333342493e-01,2.000264916685984828e-01
5.920989633333335611e-01,2.005206719373938129e-01
5.922989633333330950e-01,2.010125729388679561e-01
5.924989633333328509e-01,2.015021944103326801e-01
5.926989633333328289e-01,2.019895360255562211e-01
5.928989633333325848e-01,2.024745973935968557e-01
5.930989633333338951e-01,2.029573780576687525e-01
5.932989633333349833e-01,2.034378774940097667e-01
5.934989633333336290e-01,2.039160951107955588e-01
5.936989633333336069e-01,2.043920302470844941e-01
5.938989633333324747e-01,2.048656821717432241e-01
5.940989633333328968e-01,2.053370500824517331e-01
5.942989633333330968e-01,2.058061331046839859e-01
5.944989633333326307e-01,2.062729302907489737e-01
5.946989633333334968e-01,2.067374406188455804e-01
5.948989633333343630e-01,2.071996629921266653e-01
5.950989633333336748e-01,2.076595962378079141e-01
5.952989633333336528e-01,2.081172391063045857e-01
5.954989633333340748e-01,2.085725902703698398e-01
5.956989633333329426e-01,2.090256483242741437e-01
5.958989633333326985e-01,2.094764117830227868e-01
5.960989633333331206e-01,2.099248790815682331e-01
5.962989633333322104e-01,2.103710485740674374e-01
5.964989633333335206e-01,2.108149185331781306e-01
5.966989633333348308e-01,2.112564871493398666e-01
5.968989633333336986e-01,2.116957525301180754e-01
5.970989633333338986e-01,2.121327126995768142e-01
5.972989633333327664e-01,2.125673655976347276e-01
5.974989633333329664e-01,2.129997090795009429e-01
5.976989633333333884e-01,2.134297409150915370e-01
5.978989633333331444e-01,2.138574587885012646e-01
5.980989633333331223e-01,2.142828602974948815e-01
5.982989633333339885e-01,2.147059429530188412e-01
5.984989633333333003e-01,2.151267041787358614e-01
5.986989633333335004e-01,2.155451413106104219e-01
5.988989633333339224e-01,2.159612515964851875e-01
5.990989633333325681e-01,2.163750321957061962e-01
5.992989633333323241e-01,2.167864801787823814e-01
5.994989633333331902e-01,2.171955925270425136e-01
5.996989633333320580e-01,2.176023661323352176e-01
5.998989633333338123e-01,2.180067977967775350e-01
6.000989633333344564e-01,2.184088842324731494e-01
6.002989633333335462e-01,2.188086220613164323e-01
6.004989633333335242e-01,2.192060078147971547e-01
6.006989633333332801e-01,2.196010379338180774e-01
6.008989633333323699e-01,2.199937087685618631e-01
6.010989633333332360e-01,2.203840165783799154e-01
6.012989633333329920e-01,2.207719575316857141e-01
6.014989633333329699e-01,2.211575277059111833e-01
6.016989633333345022e-01,2.215407230874600064e-01
6.018989633333333700e-01,2.219215395716860884e-01
6.020989633333335700e-01,2.222999729629345778e-01
6.022989633333337700e-01,2.226760189745564111e-01
6.024989633333324157e-01,2.230496732289843631e-01
6.026989633333326157e-01,2.234209312578342987e-01
6.028989633333332598e-01,2.237897885020060929e-01
6.030989633333319055e-01,2.241562403118326496e-01
6.032989633333341040e-01,2.245202819472654765e-01
6.034989633333347481e-01,2.248819085780346394e-01
6.036989633333336158e-01,2.252411152838968422e-01
6.038989633333340379e-01,2.255978970548765117e-01
6.040989633333331277e-01,2.259522487915188449e-01
6.042989633333328836e-01,2.263041653052030866e-01
6.044989633333330836e-01,2.266536413184494503e-01
6.046989633333330616e-01,2.270006714652662294e-01
6.048989633333330396e-01,2.273452502915198348e-01
6.050989633333336837e-01,2.276873722553272028e-01
6.052989633333341057e-01,2.280270317274691316e-01
6.054989633333340837e-01,2.283642229918346478e-01
6.056989633333331735e-01,2.286989402458842746e-01
6.058989633333324853e-01,2.290311776011424438e-01
6.060989633333331295e-01,2.293609290837057002e-01
6.062989633333335515e-01,2.296881886347750534e-01
6.064989633333319752e-01,2.300129501112175290e-01
6.066989633333335075e-01,2.303352072861613864e-01
6.068989633333341516e-01,2.306549538495726581e-01
6.070989633333336855e-01,2.309721834089055181e-01
6.072989633333341075e-01,2.312868894897483485e-01
6.074989633333340855e-01,2.315990655364874307e-01
6.076989633333329532e-01,2.319087049130080791e-01
6.078989633333327092e-01,2.322158009034130943e-01
6.080989633333329092e-01,2.325203467127540669e-01
6.082989633333328872e-01,2.328223354677931567e-01
6.084989633333337533e-01,2.331217602177875214e-01
6.086989633333346195e-01,2.334186139352853739e-01
6.088989633333339313e-01,2.337128895169502396e-01
6.090989633333336872e-01,2.340045797844112208e-01
6.092989633333325550e-01,2.342936774851163417e-01
6.094989633333327550e-01,2.345801752932258344e-01
6.096989633333329550e-01,2.348640658105067835e-01
6.098989633333327109e-01,2.351453415672620784e-01
6.100989633333337991e-01,2.354239950232757950e-01
6.102989633333344432e-01,2.357000185687671001e-01
6.104989633333333110e-01,2.359734045253770729e-01
6.106989633333335110e-01,2.362441451471744558e-01
6.108989633333334890e-01,2.365122326216605453e-01
6.110989633333325788e-01,2.367776590708146611e-01
6.112989633333327788e-01,2.370404165521500794e-01
6.114989633333332009e-01,2.373004970597789587e-01
6.116989633333320686e-01,2.375578925255057983e-01
6.118989633333333789e-01,2.378125948199413253e-01
6.120989633333346891e-01,2.380645957536120239e-01
6.122989633333335568e-01,2.383138870781075780e-01
6.124989633333337569e-01,2.385604604872466616e-01
6.126989633333332907e-01,2.388043076182337909e-01
6.128989633333326026e-01,2.390454200528590034e-01
6.130989633333330247e-01,2.392837893186993969e-01
6.132989633333330026e-01,2.395194068903350737e-01
6.134989633333332026e-01,2.397522641905893981e-01
6.136989633333342908e-01,2.399823525917744171e-01
6.138989633333331586e-01,2.402096634169519351e-01
6.140989633333340247e-01,2.404341879412231209e-01
6.142989633333340027e-01,2.406559173930032380e-01
6.144989633333324264e-01,2.408748429553384529e-01
6.146989633333324043e-01,2.410909557672242798e-01
6.148989633333330485e-01,2.413042469249300215e-01
6.150989633333319162e-01,2.415147074833443597e-01
6.152989633333334485e-01,2.417223284573416509e-01
6.154989633333347587e-01,2.419271008231341502e-01
6.156989633333336265e-01,2.421290155196626492e-01
6.158989633333344926e-01,2.423280634499918318e-01
6.160989633333331383e-01,2.425242354826996627e-01
6.162989633333324502e-01,2.427175224533065778e-01
6.164989633333328722e-01,2.429079151656897417e-01
6.166989633333330723e-01,2.430954043935192876e-01
6.168989633333330502e-01,2.432799808817054654e-01
6.170989633333339164e-01,2.434616353478532003e-01
6.172989633333338944e-01,2.436403584837221470e-01
6.174989633333336503e-01,2.438161409567039528e-01
6.176989633333336283e-01,2.439889734113026010e-01
6.178989633333324960e-01,2.441588464706219153e-01
6.180989633333324740e-01,2.443257507378693016e-01
6.182989633333328960e-01,2.444896767978561036e-01
6.184989633333317638e-01,2.446506152185132232e-01
6.186989633333339622e-01,2.448085565524180940e-01
6.188989633333346063e-01,2.449634913383101353e-01
6.190989633333332520e-01,2.451154101026359333e-01
6.192989633333343402e-01,2.452643033610915624e-01
6.194989633333336521e-01,2.454101616201582736e-01
6.196989633333329639e-01,2.455529753786673264e-01
6.198989633333327198e-01,2.456927351293520800e-01
6.200989633333329198e-01,2.458294313604132975e-01
6.202989633333328978e-01,2.459630545570861138e-01
6.204989633333337640e-01,2.460935952032157759e-01
6.206989633333348522e-01,2.462210437828315501e-01
6.208989633333334979e-01,2.463453907817289568e-01
6.210989633333336979e-01,2.464666266890589985e-01
6.212989633333318995e-01,2.465847419989084244e-01
6.214989633333329877e-01,2.466997272119006157e-01
6.216989633333331877e-01,2.468115728367792083e-01
6.218989633333324996e-01,2.469202693920127811e-01
6.220989633333335878e-01,2.470258074073927723e-01
6.222989633333342319e-01,2.471281774256299246e-01
6.224989633333335437e-01,2.472273700039608613e-01
6.226989633333335217e-01,2.473233757157519974e-01
6.228989633333334996e-01,2.474161851521024802e-01
6.230989633333330335e-01,2.475057889234509034e-01
6.232989633333323454e-01,2.475921776611818004e-01
6.234989633333329895e-01,2.476753420192327471e-01
6.236989633333323013e-01,2.477552726756981072e-01
6.238989633333338336e-01,2.478319603344403266e-01
6.240989633333346998e-01,2.479053957266893482e-01
6.242989633333337895e-01,2.479755696126518527e-01
6.244989633333335455e-01,2.480424727831147536e-01
6.246989633333328573e-01,2.481060960610449451e-01
6.248989633333330573e-01,2.481664303031922980e-01
6.250989633333332574e-01,2.482234664016865766e-01
6.252989633333330133e-01,2.482771952856347719e-01
6.254989633333334353e-01,2.483276079227158262e-01
6.256989633333340795e-01,2.483746953207707497e-01
6.258989633333331692e-01,2.484184485293915445e-01
6.260989633333340354e-01,2.484588586415074629e-01
6.262989633333335693e-01,2.484959167949648828e-01
6.264989633333328811e-01,2.485296141741068221e-01
6.266989633333324150e-01,2.485599420113469016e-01
6.268989633333330591e-01,2.485868915887388120e-01
6.270989633333319269e-01,2.486104542395421446e-01
6.272989633333336812e-01,2.486306213497835038e-01
6.274989633333347694e-01,2.486473843598118183e-01
6.276989633333336371e-01,2.486607347658497669e-01
6.278989633333338372e-01,2.486706641215395419e-01
6.280989633333331490e-01,2.486771640394822569e-01
6.282989633333324608e-01,2.486802261927717472e-01
6.284989633333331049e-01,2.486798423165236804e-01
6.286989633333328609e-01,2.486760042093964507e-01
6.288989633333332829e-01,2.486687037351067997e-01
6.290989633333345932e-01,2.486579328239388875e-01
6.292989633333336830e-01,2.486436834742458690e-01
6.294989633333336609e-01,2.486259477539442264e-01
6.296989633333340830e-01,2.486047178020017734e-01
6.298989633333325067e-01,2.485799858299173326e-01
6.300989633333327067e-01,2.485517441231923363e-01
6.302989633333331287e-01,2.485199850427963209e-01
6.304989633333317745e-01,2.484847010266226786e-01
6.306989633333335288e-01,2.484458845909355285e-01
6.308989633333348390e-01,2.484035283318110632e-01
6.310989633333337068e-01,2.483576249265677660e-01
6.312989633333339068e-01,2.483081671351863862e-01
6.314989633333329966e-01,2.482551478017268332e-01
6.316989633333334186e-01,2.481985598557274741e-01
6.318989633333327305e-01,2.481383963136038484e-01
6.320989633333329305e-01,2.480746502800303954e-01
6.322989633333329085e-01,2.480073149493176587e-01
6.324989633333337746e-01,2.479363836067761673e-01
6.326989633333339746e-01,2.478618496300732943e-01
6.328989633333335085e-01,2.477837064905779596e-01
6.330989633333330424e-01,2.477019477546938964e-01
6.332989633333323543e-01,2.476165670851866729e-01
6.334989633333327763e-01,2.475275582424948384e-01
6.336989633333334204e-01,2.474349150860355173e-01
6.338989633333318441e-01,2.473386315754959042e-01
6.340989633333338205e-01,2.472387017721099367e-01
6.342989633333342425e-01,2.471351198399365512e-01
6.344989633333335544e-01,2.470278800471115144e-01
6.346989633333339764e-01,2.469169767670951476e-01
6.348989633333335103e-01,2.468024044799113914e-01
6.350989633333332662e-01,2.466841577733681345e-01
6.352989633333328001e-01,2.465622313442711322e-01
6.354989633333330001e-01,2.464366199996224638e-01
6.356989633333327561e-01,2.463073186578114970e-01
6.358989633333338443e-01,2.461743223497862565e-01
6.360989633333347104e-01,2.460376262202220721e-01
6.362989633333335782e-01,2.458972255286706599e-01
6.364989633333335561e-01,2.457531156506949088e-01
6.366989633333324239e-01,2.456052920790025573e-01
6.368989633333330680e-01,2.454537504245518642e-01
6.370989633333332680e-01,2.452984864176600832e-01
6.372989633333328019e-01,2.451394959090862080e-01
6.374989633333334460e-01,2.449767748711053350e-01
6.376989633333343122e-01,2.448103193985748660e-01
6.378989633333334019e-01,2.446401257099809212e-01
6.380989633333336020e-01,2.444661901484705135e-01
6.382989633333335799e-01,2.442885091828803923e-01
6.384989633333328918e-01,2.441070794087417950e-01
6.386989633333328698e-01,2.439218975492751518e-01
6.388989633333330698e-01,2.437329604563758245e-01
6.390989633333321596e-01,2.435402651115813333e-01
6.392989633333336918e-01,2.433438086270206802e-01
6.394989633333345580e-01,2.431435882463665876e-01
6.396989633333334258e-01,2.429396013457554848e-01
6.398989633333338478e-01,2.427318454346971410e-01
6.400989633333329376e-01,2.425203181569864364e-01
6.402989633333329156e-01,2.423050172915770517e-01
6.404989633333331156e-01,2.420859407534617369e-01
6.406989633333328715e-01,2.418630865945281816e-01
6.408989633333332936e-01,2.416364530043992875e-01
6.410989633333343818e-01,2.414060383112677788e-01
6.412989633333332495e-01,2.411718409827132703e-01
6.414989633333338936e-01,2.409338596264927745e-01
6.416989633333340937e-01,2.406920929913428930e-01
6.418989633333329614e-01,2.404465399677450932e-01
6.420989633333327173e-01,2.401971995886812428e-01
6.422989633333331394e-01,2.399440710303862023e-01
6.424989633333322292e-01,2.396871536130762703e-01
6.426989633333335394e-01,2.394264468016568670e-01
6.428989633333344056e-01,2.391619502064387393e-01
6.430989633333332733e-01,2.388936635838161959e-01
6.432989633333339174e-01,2.386215868369338522e-01
6.434989633333332293e-01,2.383457200163622836e-01
6.436989633333323191e-01,2.380660633207264953e-01
6.438989633333329632e-01,2.377826170973403597e-01
6.440989633333329412e-01,2.374953818428293950e-01
6.442989633333331412e-01,2.372043582037203779e-01
6.444989633333342294e-01,2.369095469770333418e-01
6.446989633333335412e-01,2.366109491108575880e-01
6.448989633333332971e-01,2.363085657048975552e-01
6.450989633333334972e-01,2.360023980110263486e-01
6.452989633333325870e-01,2.356924474338127906e-01
6.454989633333325649e-01,2.353787155310285983e-01
6.456989633333327649e-01,2.350612040141574210e-01
6.458989633333320768e-01,2.347399147488762605e-01
6.460989633333336091e-01,2.344148497555201272e-01
6.462989633333346973e-01,2.340860112095531076e-01
6.464989633333331209e-01,2.337534014420018791e-01
6.466989633333342091e-01,2.334170229398704333e-01
6.468989633333335210e-01,2.330768783465829719e-01
6.470989633333332769e-01,2.327329704623548046e-01
6.472989633333330328e-01,2.323853022445936944e-01
6.474989633333330108e-01,2.320338768082631786e-01
6.476989633333327667e-01,2.316786974262418364e-01
6.478989633333340770e-01,2.313197675296596589e-01
6.480989633333349431e-01,2.309570907082362234e-01
6.482989633333333668e-01,2.305906707105873921e-01
6.484989633333335668e-01,2.302205114445126100e-01
6.486989633333328786e-01,2.298466169773039913e-01
6.488989633333330787e-01,2.294689915359962584e-01
6.490989633333332787e-01,2.290876395076362204e-01
6.492989633333319244e-01,2.287025654395215546e-01
6.494989633333336787e-01,2.283137740394164394e-01
6.496989633333343228e-01,2.279212701757943882e-01
6.498989633333336347e-01,2.275250588780140526e-01
6.500989633333336126e-01,2.271251453365090156e-01
6.502989633333335906e-01,2.267215349029693683e-01
6.504989633333331245e-01,2.263142330904951982e-01
6.506989633333328804e-01,2.259032455737387812e-01
6.508989633333328584e-01,2.254885781890395569e-01
6.510989633333323923e-01,2.250702369345407017e-01
6.512989633333339246e-01,2.246482279702843865e-01
6.514989633333345687e-01,2.242225576183198288e-01
6.516989633333334364e-01,2.237932323627627174e-01
6.518989633333336364e-01,2.233602588498536656e-01
6.520989633333331703e-01,2.229236438880258520e-01
6.522989633333331483e-01,2.224833944479227554e-01
6.524989633333331263e-01,2.220395176624291589e-01
6.526989633333328822e-01,2.215920208266762281e-01
6.528989633333333042e-01,2.211409113980328245e-01
6.530989633333341704e-01,2.206861969960926817e-01
6.532989633333332602e-01,2.202278854026436528e-01
6.534989633333336823e-01,2.197659845616055652e-01
6.536989633333341043e-01,2.193005025789940554e-01
6.538989633333329721e-01,2.188314477228386346e-01
6.540989633333325060e-01,2.183588284230879861e-01
6.542989633333327060e-01,2.178826532715260611e-01
6.544989633333320178e-01,2.174029310216589184e-01
6.546989633333337721e-01,2.169196705885744481e-01
6.548989633333346383e-01,2.164328810488338473e-01
6.550989633333332840e-01,2.159425716402990081e-01
6.552989633333337061e-01,2.154487517619616543e-01
6.554989633333336840e-01,2.149514309737954321e-01
6.556989633333327738e-01,2.144506189965471876e-01
6.558989633333329738e-01,2.139463257115331585e-01
6.560989633333325077e-01,2.134385611604408817e-01
6.562989633333331518e-01,2.129273355450824745e-01
6.564989633333342400e-01,2.124126592271712299e-01
6.566989633333331078e-01,2.118945427280674032e-01
6.568989633333333078e-01,2.113729967284924127e-01
6.570989633333339519e-01,2.108480320682792064e-01
6.572989633333328197e-01,2.103196597460738615e-01
6.574989633333330197e-01,2.097878909190168950e-01
6.576989633333329976e-01,2.092527369024541339e-01
6.578989633333320874e-01,2.087142091695959600e-01
6.580989633333336197e-01,2.081723193511694492e-01
6.582989633333344859e-01,2.076270792350954908e-01
6.584989633333333536e-01,2.070785007661033461e-01
6.586989633333339977e-01,2.065265960453458449e-01
6.588989633333335316e-01,2.059713773300443085e-01
6.590989633333330655e-01,2.054128570330595593e-01
6.592989633333330435e-01,2.048510477224934623e-01
6.594989633333327994e-01,2.042859621212669285e-01
6.596989633333329994e-01,2.037176131066777418e-01
6.598989633333340876e-01,2.031460137099582453e-01
6.600989633333340656e-01,2.025711771158222874e-01
6.602989633333333774e-01,2.019931166619816365e-01
6.604989633333333554e-01,2.014118458386679189e-01
6.606989633333322232e-01,2.008273782881502267e-01
6.608989633333328673e-01,2.002397278042074569e-01
6.610989633333332893e-01,1.996489083316397573e-01
6.612989633333321571e-01,1.990549339657232686e-01
6.614989633333336894e-01,1.984578189516567615e-01
6.616989633333343335e-01,1.978575776840494904e-01
6.618989633333334233e-01,1.972542247063275300e-01
6.620989633333340674e-01,1.966477747101570417e-01
6.622989633333338233e-01,1.960382425348876634e-01
6.624989633333333572e-01,1.954256431669305905e-01
6.626989633333328911e-01,1.948099917391614699e-01
6.628989633333328690e-01,1.941913035303005630e-01
6.630989633333328470e-01,1.935695939642867180e-01
6.632989633333339352e-01,1.929448786096294444e-01
6.634989633333348014e-01,1.923171731787703398e-01
6.636989633333334471e-01,1.916864935274150694e-01
6.638989633333340912e-01,1.910528556538392264e-01
6.640989633333322928e-01,1.904162756982505367e-01
6.642989633333331589e-01,1.897767699420377097e-01
6.644989633333329149e-01,1.891343548071229563e-01
6.646989633333328928e-01,1.884890468552018750e-01
6.648989633333335370e-01,1.878408627870358782e-01
6.650989633333341811e-01,1.871898194417160322e-01
6.652989633333334929e-01,1.865359337959136277e-01
6.654989633333336929e-01,1.858792229631087145e-01
6.656989633333336709e-01,1.852197041928441146e-01
6.658989633333332048e-01,1.845573948699320843e-01
6.660989633333329607e-01,1.838923125136658343e-01
6.662989633333329387e-01,1.832244747770245263e-01
6.664989633333324726e-01,1.825538994458638931e-01
6.666989633333335608e-01,1.818806044380850140e-01
6.668989633333346490e-01,1.812046078028251850e-01
6.670989633333330726e-01,1.805259277196095413e-01
6.672989633333339388e-01,1.798445824974704288e-01
6.674989633333336947e-01,1.791605905741435745e-01
6.676989633333330065e-01,1.784739705151536515e-01
6.678989633333332065e-01,1.777847410129460015e-01
6.680989633333327404e-01,1.770929208860098636e-01
6.682989633333331625e-01,1.763985290779569171e-01
6.684989633333344727e-01,1.757015846566287176e-01
6.686989633333331184e-01,1.750021068131840385e-01
6.688989633333337625e-01,1.743001148611292295e-01
6.690989633333335185e-01,1.735956282354345070e-01
6.692989633333330524e-01,1.728886664915475213e-01
6.694989633333328083e-01,1.721792493044487227e-01
6.696989633333330083e-01,1.714673964676842466e-01
6.698989633333320981e-01,1.707531278923955231e-01
6.700989633333336304e-01,1.700364636063086132e-01
6.702989633333344965e-01,1.693174237527810821e-01
6.704989633333331422e-01,1.685960285897688260e-01
6.706989633333340084e-01,1.678722984887960623e-01
6.708989633333330982e-01,1.671462539339846620e-01
6.710989633333330762e-01,1.664179155209679906e-01
6.712989633333330541e-01,1.656873039558872662e-01
6.714989633333328101e-01,1.649544400543257738e-01
6.716989633333330101e-01,1.642193447402499618e-01
6.718989633333343203e-01,1.634820390449445715e-01
6.720989633333331881e-01,1.627425441059519029e-01
6.722989633333331660e-01,1.620008811659449377e-01
6.724989633333338102e-01,1.612570715716738490e-01
6.726989633333328999e-01,1.605111367728555560e-01
6.728989633333328779e-01,1.597630983210386879e-01
6.730989633333328559e-01,1.590129778685129003e-01
6.732989633333319457e-01,1.582607971671685654e-01
6.734989633333337000e-01,1.575065780673435001e-01
6.736989633333345662e-01,1.567503425167207920e-01
6.738989633333334339e-01,1.559921125591396951e-01
6.740989633333340780e-01,1.552319103334245942e-01
6.742989633333336119e-01,1.544697580722587671e-01
6.744989633333335899e-01,1.537056781009640549e-01
6.746989633333329017e-01,1.529396928363421782e-01
6.748989633333328797e-01,1.521718247854605410e-01
6.750989633333330797e-01,1.514020965444667355e-01
6.752989633333339459e-01,1.506305307973678786e-01
6.754989633333343679e-01,1.498571503148225514e-01
6.756989633333336798e-01,1.490819779529075351e-01
6.758989633333334357e-01,1.483050366518772201e-01
6.760989633333327475e-01,1.475263494349411675e-01
6.762989633333329476e-01,1.467459394069973166e-01
6.764989633333333696e-01,1.459638297533925322e-01
6.766989633333322374e-01,1.451800437386557563e-01
6.768989633333337697e-01,1.443946047051993253e-01
6.770989633333344138e-01,1.436075360720949767e-01
6.772989633333335036e-01,1.428188613337470769e-01
6.774989633333337036e-01,1.420286040585977128e-01
6.776989633333336815e-01,1.412367878878568461e-01
6.778989633333334375e-01,1.404434365341744873e-01
6.780989633333323052e-01,1.396485737803352389e-01
6.782989633333325052e-01,1.388522234779239195e-01
6.784989633333324832e-01,1.380544095460252141e-01
6.786989633333340155e-01,1.372551559698615697e-01
6.788989633333344376e-01,1.364544867994839095e-01
6.790989633333333053e-01,1.356524261483983695e-01
6.792989633333335053e-01,1.348489981922081637e-01
6.794989633333337054e-01,1.340442271672846186e-01
6.796989633333327951e-01,1.332381373693829474e-01
6.798989633333332172e-01,1.324307531522571635e-01
6.800989633333323070e-01,1.316220989263164054e-01
6.802989633333336172e-01,1.308121991571946641e-01
6.804989633333340393e-01,1.300010783644131585e-01
6.806989633333333511e-01,1.291887611199449559e-01
6.808989633333331071e-01,1.283752720468180064e-01
6.810989633333339732e-01,1.275606358177178157e-01
6.812989633333330630e-01,1.267448771535855112e-01
6.814989633333325969e-01,1.259280208221636443e-01
6.816989633333327969e-01,1.251100916366009730e-01
6.818989633333321088e-01,1.242911144540221058e-01
6.820989633333340851e-01,1.234711141740646584e-01
6.822989633333345072e-01,1.226501157374920575e-01
6.824989633333333749e-01,1.218281441246996388e-01
6.826989633333340191e-01,1.210052243542683315e-01
6.828989633333337750e-01,1.201813814815482218e-01
6.830989633333326427e-01,1.193566405971637212e-01
6.832989633333328428e-01,1.185310268255509447e-01
6.834989633333328207e-01,1.177045653235142264e-01
6.836989633333332428e-01,1.168772812787280402e-01
6.838989633333343310e-01,1.160491999082705755e-01
6.840989633333331987e-01,1.152203464571532471e-01
6.842989633333333988e-01,1.143907461967953593e-01
6.844989633333340429e-01,1.135604244235792065e-01
6.846989633333329106e-01,1.127294064573438059e-01
6.848989633333328886e-01,1.118977176398603113e-01
6.850989633333326445e-01,1.110653833333696827e-01
6.852989633333319563e-01,1.102324289190556306e-01
6.854989633333337107e-01,1.093988797955282866e-01
6.856989633333343548e-01,1.085647613773518122e-01
6.858989633333334446e-01,1.077300990934902114e-01
6.860989633333340887e-01,1.068949183857872964e-01
6.862989633333334005e-01,1.060592447074852063e-01
6.864989633333331565e-01,1.052231035216564803e-01
6.866989633333329124e-01,1.043865202997055208e-01
6.868989633333324463e-01,1.035495205198294910e-01
6.870989633333330904e-01,1.027121296654803922e-01
6.872989633333339565e-01,1.018743732238469174e-01
6.874989633333334904e-01,1.010362766843108939e-01
6.876989633333336904e-01,1.001978655368911397e-01
6.878989633333336684e-01,9.935916527072921611e-02
6.880989633333327582e-01,9.852020137253394982e-02
6.882989633333322921e-01,9.768099932502913307e-02
6.884989633333327141e-01,9.684158460541944513e-02
6.886989633333322480e-01,9.600198268384818601e-02
6.888989633333337803e-01,9.516221902181926096e-02
6.890989633333342024e-01,9.432231907069117682e-02
6.892989633333332922e-01,9.348230827008834065e-02
6.894989633333341583e-01,9.264221204634633111e-02
6.896989633333339142e-01,9.180205581099754042e-02
6.898989633333336702e-01,9.096186495917472914e-02
6.900989633333327600e-01,9.012166486808062538e-02
6.902989633333327379e-01,8.928148089541533550e-02
6.904989633333327159e-01,8.844133837784032282e-02
6.906989633333340262e-01,8.760126262940280684e-02
6.908989633333348923e-01,8.676127894000201790e-02
6.910989633333335380e-01,8.592141257382004960e-02
6.912989633333335160e-01,8.508168876774388489e-02
6.914989633333326058e-01,8.424213272985622836e-02
6.916989633333328058e-01,8.340276963783896380e-02
6.918989633333330058e-01,8.256362463744916502e-02
6.920989633333327617e-01,8.172472284094989270e-02
6.922989633333336279e-01,8.088608932555182984e-02
6.924989633333340500e-01,8.004774913188328345e-02
6.926989633333335838e-01,7.920972726242175854e-02
6.928989633333335618e-01,7.837204867994240765e-02
6.930989633333337618e-01,7.753473830598421601e-02
6.932989633333335178e-01,7.669782101929954743e-02
6.934989633333326076e-01,7.586132165430620189e-02
6.936989633333328076e-01,7.502526499953887651e-02
6.938989633333323415e-01,7.418967579613197638e-02
6.940989633333336517e-01,7.335457873624956493e-02
6.942989633333342958e-01,7.251999846158761753e-02
6.944989633333331636e-01,7.168595956181542106e-02
6.946989633333340297e-01,7.085248657303008790e-02
6.948989633333331195e-01,7.001960397628130550e-02
6.950989633333330975e-01,6.918733619598846363e-02
6.952989633333330755e-01,6.835570759846092137e-02
6.954989633333328314e-01,6.752474249036242993e-02
6.956989633333336975e-01,6.669446511719302750e-02
6.958989633333338976e-01,6.586489966179716327e-02
6.960989633333332094e-01,6.503607024283739046e-02
6.962989633333340755e-01,6.420800091328628112e-02
6.964989633333338315e-01,6.338071565895947446e-02
6.966989633333333654e-01,6.255423839698466548e-02
6.968989633333322331e-01,6.172859297433128112e-02
6.970989633333328772e-01,6.090380316630686353e-02
6.972989633333319670e-01,6.007989267511123360e-02
6.974989633333334993e-01,5.925688512830604854e-02
6.976989633333339214e-01,5.843480407740434673e-02
6.978989633333332332e-01,5.761367299635830608e-02
6.980989633333340993e-01,5.679351528010171540e-02
6.982989633333334112e-01,5.597435424312906249e-02
6.984989633333329451e-01,5.515621311800150001e-02
6.986989633333329230e-01,5.433911505392897273e-02
6.988989633333329010e-01,5.352308311532817664e-02
6.990989633333331010e-01,5.270814028038473681e-02
6.992989633333344113e-01,5.189430943962706350e-02
6.994989633333332790e-01,5.108161339452760991e-02
6.996989633333337011e-01,5.027007485604059744e-02
6.998989633333339011e-01,4.945971644325010408e-02
7.000989633333329909e-01,4.865056068194308775e-02
7.002989633333323027e-01,4.784263000321161557e-02
7.004989633333329468e-01,4.703594674207726978e-02
7.006989633333320366e-01,4.623053313612821014e-02
7.008989633333340130e-01,4.542641132410299432e-02
7.010989633333348792e-01,4.462360334459107569e-02
7.012989633333333028e-01,4.382213113463280518e-02
7.014989633333335028e-01,4.302201652836075418e-02
7.016989633333337029e-01,4.222328125570680435e-02
7.018989633333336808e-01,4.142594694104094477e-02
7.020989633333329927e-01,4.063003510185578954e-02
7.022989633333327486e-01,3.983556714744571070e-02
7.024989633333327266e-01,3.904256437761280396e-02
7.026989633333340368e-01,3.825104798136014228e-02
7.028989633333340148e-01,3.746103903562424120e-02
7.030989633333335487e-01,3.667255850396802103e-02
7.032989633333335266e-01,3.588562723532584542e-02
7.034989633333326164e-01,3.510026596275259841e-02
7.036989633333332606e-01,3.431649530215027943e-02
7.038989633333332385e-01,3.353433575106090636e-02
7.040989633333323283e-01,3.275380768740999982e-02
7.042989633333336386e-01,3.197493136828113286e-02
7.044989633333345047e-01,3.119772692874145381e-02
7.046989633333335945e-01,3.042221438061399469e-02
7.048989633333340166e-01,2.964841361127650704e-02
7.050989633333337725e-01,2.887634438251950042e-02
7.052989633333335284e-01,2.810602632934851297e-02
7.054989633333323962e-01,2.733747895884300338e-02
7.056989633333325962e-01,2.657072164899253880e-02
7.058989633333325742e-01,2.580577364758823711e-02
7.060989633333341065e-01,2.504265407107202426e-02
7.062989633333343065e-01,2.428138190345496480e-02
7.064989633333333963e-01,2.352197599518691257e-02
7.066989633333338183e-01,2.276445506207128155e-02
7.068989633333333522e-01,2.200883768421397352e-02
7.070989633333331081e-01,2.125514230492806661e-02
7.072989633333326420e-01,2.050338722969927141e-02
7.074989633333326200e-01,1.975359062513537545e-02
7.076989633333337082e-01,1.900577051794171551e-02
7.078989633333343523e-01,1.825994479391391742e-02
7.080989633333334421e-01,1.751613119692439421e-02
7.082989633333336421e-01,1.677434732791963090e-02
7.084989633333336201e-01,1.603461064397141214e-02
7.086989633333331540e-01,1.529693845729307791e-02
7.088989633333329099e-01,1.456134793428875279e-02
7.090989633333328879e-01,1.382785609462097720e-02
7.092989633333319777e-01,1.309647981028710419e-02
7.094989633333335100e-01,1.236723580468741639e-02
7.096989633333345981e-01,1.164014065176630260e-02
7.098989633333332439e-01,1.091521077510168580e-02
7.100989633333341100e-01,1.019246244701387319e-02
7.102989633333331998e-01,9.471911787764438276e-03
7.104989633333327337e-01,8.753574764659767873e-03
7.106989633333329337e-01,8.037467191252395393e-03
7.108989633333326896e-01,7.323604726524230585e-03
7.110989633333331117e-01,6.612002874074030673e-03
7.112989633333344219e-01,5.902676981343076175e-03
7.114989633333335117e-01,5.195642238852707893e-03
7.116989633333334897e-01,4.490913679414460478e-03
7.118989633333339118e-01,3.788506177423008221e-03
7.120989633333332236e-01,3.088434448120623219e-03
7.122989633333329795e-01,2.390713046870801550e-03
7.124989633333322914e-01,1.695356368480732331e-03
7.126989633333320473e-01,1.002378646504918994e-03
7.128989633333338016e-01,3.117939525827274211e-04
7.130989633333348898e-01,-3.763838041962955933e-04
7.132989633333330914e-01,-1.062140877944284592e-03
7.134989633333341796e-01,-1.745463686621231275e-03
7.136989633333332694e-01,-2.426338812576185264e-03
7.138989633333330254e-01,-3.104753003198703482e-03
7.140989633333325592e-01,-3.780693171454648990e-03
7.142989633333323152e-01,-4.454146396460635995e-03
7.144989633333329593e-01,-5.125099924022487145e-03
7.146989633333344916e-01,-5.793541167158093932e-03
7.148989633333338034e-01,-6.459457706599819500e-03
7.150989633333331152e-01,-7.122837291316726736e-03
7.152989633333335373e-01,-7.783667838971022185e-03
7.154989633333328491e-01,-8.441937436372802528e-03
7.156989633333323830e-01,-9.097634339948472426e-03
7.158989633333325830e-01,-9.750746976155431900e-03
7.160989633333318949e-01,-1.040126394189176684e-02
7.162989633333340933e-01,-1.104917400491653608e-02
7.164989633333342933e-01,-1.169446610418485230e-02
7.166989633333336052e-01,-1.233712935025920582e-02
7.168989633333340272e-01,-1.297715302563981141e-02
7.170989633333340052e-01,-1.361452658508140005e-02
7.172989633333335391e-01,-1.424923965592339234e-02
7.174989633333326289e-01,-1.488128203838239363e-02
7.176989633333328289e-01,-1.551064370583774346e-02
7.178989633333328069e-01,-1.613731480508144925e-02
7.180989633333343392e-01,-1.676128565658415587e-02
7.182989633333347612e-01,-1.738254675470196978e-02
7.184989633333336290e-01,-1.800108876791073342e-02
7.186989633333338290e-01,-1.861690253900598335e-02
7.188989633333326967e-01,-1.922997908525536648e-02
7.190989633333328968e-01,-1.984030959859485119e-02
7.192989633333328747e-01,-2.044788544574541178e-02
7.194989633333326307e-01,-2.105269816835974445e-02
7.196989633333334968e-01,-2.165473948313345609e-02
7.198989633333343630e-01,-2.225400128188859128e-02
7.200989633333336748e-01,-2.285047563165797102e-02
7.202989633333336528e-01,-2.344415477475844667e-02
7.204989633333340748e-01,-2.403503112881663628e-02
7.206989633333336087e-01,-2.462309728679973331e-02
7.208989633333324765e-01,-2.520834601703349567e-02
7.210989633333328985e-01,-2.579077026319626098e-02
7.212989633333322104e-01,-2.637036314427494352e-02
7.214989633333339647e-01,-2.694711795455623227e-02
7.216989633333343868e-01,-2.752102816352930068e-02
7.218989633333332545e-01,-2.809208741584222346e-02
7.220989633333338986e-01,-2.866028953120974485e-02
7.222989633333332105e-01,-2.922562850427588149e-02
7.224989633333329664e-01,-2.978809850452003236e-02
7.226989633333329444e-01,-3.034769387609473346e-02
7.228989633333324782e-01,-3.090440913767019543e-02
7.230989633333335664e-01,-3.145823898226630250e-02
7.232989633333344326e-01,-3.200917827704124335e-02
7.234989633333333003e-01,-3.255722206309152184e-02
7.236989633333335004e-01,-3.310236555523897450e-02
7.238989633333339224e-01,-3.364460414176052849e-02
7.240989633333330122e-01,-3.418393338413849153e-02
7.242989633333323241e-01,-3.472034901679290492e-02
7.244989633333323020e-01,-3.525384694677598935e-02
7.246989633333320580e-01,-3.578442325346110897e-02
7.248989633333340343e-01,-3.631207418822791216e-02
7.250989633333344564e-01,-3.683679617409342522e-02
7.252989633333331021e-01,-3.735858580537757684e-02
7.254989633333339683e-01,-3.787743984732862279e-02
7.256989633333335021e-01,-3.839335523569883252e-02
7.258989633333328140e-01,-3.890632907636772109e-02
7.260989633333325699e-01,-3.941635864490283109e-02
7.262989633333327699e-01,-3.992344138611779447e-02
7.264989633333329699e-01,-4.042757491361480271e-02
7.266989633333345022e-01,-4.092875700931664085e-02
7.268989633333335920e-01,-4.142698562295946130e-02
7.270989633333331259e-01,-4.192225887161651204e-02
7.272989633333337700e-01,-4.241457503915417593e-02
7.274989633333330818e-01,-4.290393257569265206e-02
7.276989633333326157e-01,-4.339033009707029404e-02
7.278989633333325937e-01,-4.387376638426179060e-02
7.280989633333319055e-01,-4.435424038279420222e-02
7.282989633333341040e-01,-4.483175120216124215e-02
7.284989633333343040e-01,-4.530629811517744576e-02
7.286989633333336158e-01,-4.577788055738197387e-02
7.288989633333340379e-01,-4.624649812638106927e-02
7.290989633333335718e-01,-4.671215058117580282e-02
7.292989633333331057e-01,-4.717483784150276055e-02
7.294989633333326395e-01,-4.763455998713481132e-02
7.296989633333323955e-01,-4.809131725717819689e-02
7.298989633333328175e-01,-4.854511004935269103e-02
7.300989633333339057e-01,-4.899593891925536210e-02
7.302989633333341057e-01,-4.944380457960918795e-02
7.304989633333334176e-01,-4.988870789950641815e-02
7.306989633333333956e-01,-5.033064990363077251e-02
7.308989633333327074e-01,-5.076963177145581152e-02
7.310989633333329074e-01,-5.120565483645148075e-02
7.312989633333328854e-01,-5.163872058525224851e-02
7.314989633333321972e-01,-5.206883065683037132e-02
7.316989633333335075e-01,-5.249598684165406037e-02
7.318989633333345957e-01,-5.292019108080886491e-02
7.320989633333336855e-01,-5.334144546513491791e-02
7.322989633333341075e-01,-5.375975223434910355e-02
7.324989633333340855e-01,-5.417511377612176798e-02
7.326989633333333973e-01,-5.458753262517758442e-02
7.328989633333324871e-01,-5.499701146236569277e-02
7.330989633333324651e-01,-5.540355311372034686e-02
7.332989633333324431e-01,-5.580716054950281280e-02
7.334989633333341974e-01,-5.620783688324557104e-02
7.336989633333343974e-01,-5.660558537075930513e-02
7.338989633333337093e-01,-5.700040940916125537e-02
7.340989633333339093e-01,-5.739231253586757342e-02
7.342989633333329991e-01,-5.778129842756968976e-02
7.344989633333329770e-01,-5.816737089922378173e-02
7.346989633333327330e-01,-5.855053390299944094e-02
7.348989633333324889e-01,-5.893079152723935954e-02
7.350989633333337991e-01,-5.930814799539874116e-02
7.352989633333344432e-01,-5.968260766496400610e-02
7.354989633333335330e-01,-6.005417502637980937e-02
7.356989633333335110e-01,-6.042285470195869757e-02
7.358989633333334890e-01,-6.078865144476459925e-02
7.360989633333332449e-01,-6.115157013750456561e-02
7.362989633333327788e-01,-6.151161579140270591e-02
7.364989633333327568e-01,-6.186879354506504697e-02
7.366989633333320686e-01,-6.222310866332871060e-02
7.368989633333344891e-01,-6.257456653611785657e-02
7.370989633333346891e-01,-6.292317267725319740e-02
7.372989633333335568e-01,-6.326893272330304241e-02
7.374989633333337569e-01,-6.361185243239064757e-02
7.376989633333332907e-01,-6.395193768298826353e-02
7.378989633333330467e-01,-6.428919447272689325e-02
7.380989633333328026e-01,-6.462362891717669811e-02
7.382989633333323365e-01,-6.495524724862744570e-02
7.384989633333332026e-01,-6.528405581486142195e-02
7.386989633333342908e-01,-6.561006107790749720e-02
7.388989633333336027e-01,-6.593326961279727394e-02
7.390989633333340247e-01,-6.625368810631941663e-02
7.392989633333340027e-01,-6.657132335574163229e-02
7.394989633333330925e-01,-6.688618226754883267e-02
7.396989633333324043e-01,-6.719827185616564225e-02
7.398989633333326044e-01,-6.750759924266740153e-02
7.400989633333319162e-01,-6.781417165348396781e-02
7.402989633333336705e-01,-6.811799641911150949e-02
7.404989633333343146e-01,-6.841908097278733003e-02
7.406989633333331824e-01,-6.871743284919097638e-02
7.408989633333338265e-01,-6.901305968312616834e-02
7.410989633333333604e-01,-6.930596920817848339e-02
7.412989633333331163e-01,-6.959616925539846566e-02
7.414989633333328722e-01,-6.988366775195485603e-02
7.416989633333326282e-01,-7.016847271979269329e-02
7.418989633333326061e-01,-7.045059227428365767e-02
7.420989633333343605e-01,-7.073003462287211218e-02
7.422989633333338944e-01,-7.100680806370529563e-02
7.424989633333334282e-01,-7.128092098428420731e-02
7.426989633333336283e-01,-7.155238186008265611e-02
7.428989633333329401e-01,-7.182119925317094478e-02
7.430989633333324740e-01,-7.208738181084398122e-02
7.432989633333328960e-01,-7.235093826423272256e-02
7.434989633333317638e-01,-7.261187742691371794e-02
7.436989633333335181e-01,-7.287020819352997558e-02
7.438989633333346063e-01,-7.312593953837699667e-02
7.440989633333332520e-01,-7.337908051401660636e-02
7.442989633333338961e-01,-7.362964024988040423e-02
7.444989633333336521e-01,-7.387762795084781842e-02
7.446989633333336300e-01,-7.412305289585233159e-02
7.448989633333327198e-01,-7.436592443646303230e-02
7.450989633333329198e-01,-7.460625199547803177e-02
7.452989633333328978e-01,-7.484404506550108860e-02
7.454989633333342081e-01,-7.507931320753161164e-02
7.456989633333344081e-01,-7.531206604953677441e-02
7.458989633333334979e-01,-7.554231328503806242e-02
7.460989633333336979e-01,-7.577006467168798109e-02
7.462989633333325656e-01,-7.599533002983796526e-02
7.464989633333329877e-01,-7.621811924112451009e-02
7.466989633333329657e-01,-7.643844224703139068e-02
7.468989633333324996e-01,-7.665630904747031127e-02
7.470989633333338098e-01,-7.687172969935351929e-02
7.472989633333342319e-01,-7.708471431515789840e-02
7.474989633333337657e-01,-7.729527306150532628e-02
7.476989633333335217e-01,-7.750341615773262416e-02
7.478989633333334996e-01,-7.770915387446111766e-02
7.480989633333336997e-01,-7.791249653217031945e-02
7.482989633333323454e-01,-7.811345449976951627e-02
7.484989633333329895e-01,-7.831203819317809900e-02
7.486989633333323013e-01,-7.850825807388860100e-02
7.488989633333340556e-01,-7.870212464755639570e-02
7.490989633333344777e-01,-7.889364846256244346e-02
7.492989633333331234e-01,-7.908284010860305857e-02
7.494989633333339896e-01,-7.926971021527112748e-02
7.496989633333333014e-01,-7.945426945062737667e-02
7.498989633333332794e-01,-7.963652851979763359e-02
7.500989633333328133e-01,-7.981649816355129712e-02
7.502989633333325692e-01,-7.999418915689530951e-02
7.504989633333334353e-01,-8.016961230766485313e-02
7.506989633333340795e-01,-8.034277845511605953e-02
7.508989633333336133e-01,-8.051369846852664269e-02
7.510989633333340354e-01,-8.068238324579893317e-02
7.512989633333337913e-01,-8.084884371205919296e-02
7.514989633333331032e-01,-8.101309081827010039e-02
7.516989633333324150e-01,-8.117513553984202768e-02
7.518989633333326150e-01,-8.133498887524866217e-02
7.520989633333319269e-01,-8.149266184464487583e-02
7.522989633333339032e-01,-8.164816548849754274e-02
7.524989633333343253e-01,-8.180151086620435219e-02
7.526989633333334151e-01,-8.195270905473701906e-02
7.528989633333340592e-01,-8.210177114727801317e-02
7.530989633333335931e-01,-8.224870825185845447e-02
7.532989633333329049e-01,-8.239353149001321652e-02
7.534989633333328829e-01,-8.253625199543293545e-02
7.536989633333326388e-01,-8.267688091262200001e-02
7.538989633333330609e-01,-8.281542939556696403e-02
7.540989633333345932e-01,-8.295190860640613839e-02
7.542989633333336830e-01,-8.308632971410445656e-02
7.544989633333336609e-01,-8.321870389314502126e-02
7.546989633333340830e-01,-8.334904232221146403e-02
7.548989633333329508e-01,-8.347735618288652792e-02
7.550989633333324846e-01,-8.360365665835907401e-02
7.552989633333324626e-01,-8.372795493213006091e-02
7.554989633333319965e-01,-8.385026218673095888e-02
7.556989633333337508e-01,-8.397058960245144810e-02
7.558989633333343949e-01,-8.408894835606478546e-02
7.560989633333337068e-01,-8.420534961957359954e-02
7.562989633333339068e-01,-8.431980455895628224e-02
7.564989633333334407e-01,-8.443232433291855688e-02
7.566989633333334186e-01,-8.454292009166014532e-02
7.568989633333327305e-01,-8.465160297564353065e-02
7.570989633333324864e-01,-8.475838411437575104e-02
7.572989633333329085e-01,-8.486327462519471787e-02
7.574989633333337746e-01,-8.496628561206638619e-02
7.576989633333339746e-01,-8.506742816438962740e-02
7.578989633333335085e-01,-8.516671335581164903e-02
7.580989633333337085e-01,-8.526415224305144980e-02
7.582989633333327983e-01,-8.535975586473028287e-02
7.584989633333323322e-01,-8.545353524021628844e-02
7.586989633333323102e-01,-8.554550136847383079e-02
7.588989633333320661e-01,-8.563566522692460381e-02
7.590989633333338205e-01,-8.572403777031992189e-02
7.592989633333342425e-01,-8.581062992961771552e-02
7.594989633333335544e-01,-8.589545261087661032e-02
7.596989633333341985e-01,-8.597851669415651488e-02
7.598989633333339544e-01,-8.605983303242595306e-02
7.600989633333332662e-01,-8.613941245048711837e-02
7.602989633333323560e-01,-8.621726574390592424e-02
7.604989633333325560e-01,-8.629340367795501621e-02
7.606989633333323120e-01,-8.636783698656562425e-02
7.608989633333340663e-01,-8.644057637129422267e-02
7.610989633333344884e-01,-8.651163250029342278e-02
7.612989633333335782e-01,-8.658101600730219727e-02
7.614989633333340002e-01,-8.664873749064219699e-02
7.616989633333328680e-01,-8.671480751222400418e-02
7.618989633333326239e-01,-8.677923659657078848e-02
7.620989633333328239e-01,-8.684203522984705603e-02
7.622989633333325799e-01,-8.690321385890305284e-02
7.624989633333336680e-01,-8.696278289033040898e-02
7.626989633333340901e-01,-8.702075268952721987e-02
7.628989633333336240e-01,-8.707713357977842072e-02
7.630989633333340461e-01,-8.713193584134698577e-02
7.632989633333338020e-01,-8.718516971057499454e-02
7.634989633333331138e-01,-8.723684537900062985e-02
7.636989633333324257e-01,-8.728697299248504293e-02
7.638989633333330698e-01,-8.733556265035281874e-02
7.640989633333321596e-01,-8.738262440454280799e-02
7.642989633333336918e-01,-8.742816825877611220e-02
7.644989633333338919e-01,-8.747220416773057727e-02
7.646989633333334258e-01,-8.751474203623363368e-02
7.648989633333338478e-01,-8.755579171846501751e-02
7.650989633333333817e-01,-8.759536301717245343e-02
7.652989633333329156e-01,-8.763346568290118765e-02
7.654989633333328936e-01,-8.767010941323660766e-02
7.656989633333326495e-01,-8.770530385205899115e-02
7.658989633333332936e-01,-8.773905858881261843e-02
7.660989633333341597e-01,-8.777138315778698630e-02
7.662989633333332495e-01,-8.780228703741227436e-02
7.664989633333338936e-01,-8.783177964956856432e-02
7.666989633333343157e-01,-8.785987035890645280e-02
7.668989633333331835e-01,-8.788656847218334622e-02
7.670989633333324953e-01,-8.791188323761263412e-02
7.672989633333324733e-01,-8.793582384422596321e-02
7.674989633333320072e-01,-8.795839942124918098e-02
7.676989633333335394e-01,-8.797961903749319801e-02
7.678989633333339615e-01,-8.799949170075670180e-02
7.680989633333332733e-01,-8.801802635724435830e-02
7.682989633333343615e-01,-8.803523189099844715e-02
7.684989633333336734e-01,-8.805111712334295904e-02
7.686989633333329852e-01,-8.806569081234393026e-02
7.688989633333322971e-01,-8.807896165228190632e-02
7.690989633333327191e-01,-8.809093827313912994e-02
7.692989633333329191e-01,-8.810162924010062069e-02
7.694989633333342294e-01,-8.811104305306925732e-02
7.696989633333335412e-01,-8.811918814619505713e-02
7.698989633333335192e-01,-8.812607288741855505e-02
7.700989633333341633e-01,-8.813170557802793570e-02
7.702989633333330310e-01,-8.813609445223041794e-02
7.704989633333323429e-01,-8.813924767673872451e-02
7.706989633333323209e-01,-8.814117335036975032e-02
7.708989633333320768e-01,-8.814187950365950930e-02
7.710989633333338311e-01,-8.814137409849084892e-02
7.712989633333344752e-01,-8.813966502773575018e-02
7.714989633333331209e-01,-8.813676011491242135e-02
7.716989633333342091e-01,-8.813266711385531194e-02
7.718989633333335210e-01,-8.812739370840094733e-02
7.720989633333334989e-01,-8.812094751208630894e-02
7.722989633333328108e-01,-8.811333606786274364e-02
7.724989633333327887e-01,-8.810456684782339010e-02
7.726989633333327667e-01,-8.809464725294492704e-02
7.728989633333340770e-01,-8.808358461284353236e-02
7.730989633333340549e-01,-8.807138618554506693e-02
7.732989633333333668e-01,-8.805805915726934441e-02
7.734989633333337888e-01,-8.804361064222827882e-02
7.736989633333328786e-01,-8.802804768243893685e-02
7.738989633333328566e-01,-8.801137724754952429e-02
7.740989633333326125e-01,-8.799360623468074905e-02
7.742989633333325905e-01,-8.797474146828014596e-02
7.744989633333336787e-01,-8.795478969999101504e-02
7.746989633333341008e-01,-8.793375760853526513e-02
7.748989633333336347e-01,-8.791165179961014930e-02
7.750989633333340567e-01,-8.788847880579866989e-02
7.752989633333340347e-01,-8.786424508649481879e-02
7.754989633333335686e-01,-8.783895702784125237e-02
7.756989633333319922e-01,-8.781262094268225959e-02
7.758989633333326363e-01,-8.778524307052898434e-02
7.760989633333323923e-01,-8.775682957754039892e-02
7.762989633333339246e-01,-8.772738655651549089e-02
7.764989633333339025e-01,-8.769692002690182564e-02
7.766989633333336585e-01,-8.766543593481496144e-02
7.768989633333340805e-01,-8.763294015307306062e-02
7.770989633333333924e-01,-8.759943848124551735e-02
7.772989633333331483e-01,-8.756493664571279867e-02
7.774989633333324601e-01,-8.752944029974196738e-02
7.776989633333328822e-01,-8.749295502357429255e-02
7.778989633333335263e-01,-8.745548632452641857e-02
7.780989633333341704e-01,-8.741703963710475977e-02
7.782989633333332602e-01,-8.737762032313334259e-02
7.784989633333343484e-01,-8.733723367189250020e-02
7.786989633333341043e-01,-8.729588490027556658e-02
7.788989633333329721e-01,-8.725357915295259281e-02
7.790989633333325060e-01,-8.721032150255048077e-02
7.792989633333327060e-01,-8.716611694984535696e-02
7.794989633333320178e-01,-8.712097042396764468e-02
7.796989633333339942e-01,-8.707488678261764148e-02
7.798989633333341942e-01,-8.702787081229862443e-02
7.800989633333335060e-01,-8.697992722855613090e-02
7.802989633333341501e-01,-8.693106067623362909e-02
7.804989633333336840e-01,-8.688127572974091439e-02
7.806989633333327738e-01,-8.683057689333148477e-02
7.808989633333323077e-01,-8.677896860139447388e-02
7.810989633333329518e-01,-8.672645521875860242e-02
7.812989633333331518e-01,-8.667304104100727324e-02
7.814989633333342400e-01,-8.661873029480490760e-02
7.816989633333335519e-01,-8.656352713823733946e-02
7.818989633333337519e-01,-8.650743566116009253e-02
7.820989633333341740e-01,-8.645045988556246397e-02
7.822989633333330417e-01,-8.639260376594057322e-02
7.824989633333323535e-01,-8.633387118968091634e-02
7.826989633333325536e-01,-8.627426597745757597e-02
7.828989633333320874e-01,-8.621379188363995083e-02
7.830989633333336197e-01,-8.615245259670897826e-02
7.832989633333340418e-01,-8.609025173968912203e-02
7.834989633333335757e-01,-8.602719287058578634e-02
7.836989633333339977e-01,-8.596327948283641329e-02
7.838989633333337537e-01,-8.589851500577308507e-02
7.840989633333330655e-01,-8.583290280509267567e-02
7.842989633333321553e-01,-8.576644618333967296e-02
7.844989633333327994e-01,-8.569914838039748017e-02
7.846989633333329994e-01,-8.563101257399298449e-02
7.848989633333340876e-01,-8.556204188020632984e-02
7.850989633333340656e-01,-8.549223935399576091e-02
7.852989633333335995e-01,-8.542160798972704694e-02
7.854989633333340215e-01,-8.535015072171635298e-02
7.856989633333328893e-01,-8.527787042478270074e-02
7.858989633333324232e-01,-8.520476991480549489e-02
7.860989633333326232e-01,-8.513085194929706501e-02
7.862989633333321571e-01,-8.505611922798081426e-02
7.864989633333339114e-01,-8.498057439337769470e-02
7.866989633333343335e-01,-8.490422003140632445e-02
7.868989633333334233e-01,-8.482705867198543637e-02
7.870989633333342894e-01,-8.474909278964762316e-02
7.872989633333344894e-01,-8.467032480416558649e-02
7.874989633333333572e-01,-8.459075708118013459e-02
7.876989633333322249e-01,-8.451039193283919893e-02
7.878989633333328690e-01,-8.442923161844580193e-02
7.880989633333328470e-01,-8.434727834511497602e-02
7.882989633333339352e-01,-8.426453426843304173e-02
7.884989633333343573e-01,-8.418100149313190173e-02
7.886989633333334471e-01,-8.409668207376472249e-02
7.888989633333343132e-01,-8.401157801539027581e-02
7.890989633333322928e-01,-8.392569127427096376e-02
7.892989633333327149e-01,-8.383902375856425171e-02
7.894989633333322487e-01,-8.375157732903801278e-02
7.896989633333328928e-01,-8.366335379977768438e-02
7.898989633333339810e-01,-8.357435493890967571e-02
7.900989633333341811e-01,-8.348458246932766169e-02
7.902989633333334929e-01,-8.339403806942406738e-02
7.904989633333339150e-01,-8.330272337382944869e-02
7.906989633333338929e-01,-8.321063997416006108e-02
7.908989633333329827e-01,-8.311778941976674662e-02
7.910989633333320725e-01,-8.302417321849195342e-02
7.912989633333327166e-01,-8.292979283743251440e-02
7.914989633333326946e-01,-8.283464970370975344e-02
7.916989633333337828e-01,-8.273874520523918918e-02
7.918989633333342049e-01,-8.264208069151231240e-02
7.920989633333335167e-01,-8.254465747437809975e-02
7.922989633333341608e-01,-8.244647682883032846e-02
7.924989633333339167e-01,-8.234753999380442502e-02
7.926989633333330065e-01,-8.224784817297148276e-02
7.928989633333323184e-01,-8.214740253554125848e-02
7.930989633333327404e-01,-8.204620421706843025e-02
7.932989633333336066e-01,-8.194425432026410105e-02
7.934989633333344727e-01,-8.184155391580875960e-02
7.936989633333335625e-01,-8.173810404317136125e-02
7.938989633333342066e-01,-8.163390571142767338e-02
7.940989633333339626e-01,-8.152895990009073612e-02
7.942989633333332744e-01,-8.142326755993523069e-02
7.944989633333319201e-01,-8.131682961383057684e-02
7.946989633333323422e-01,-8.120964695757376672e-02
7.948989633333323201e-01,-8.110172046073110819e-02
7.950989633333336304e-01,-8.099305096747318189e-02
7.952989633333340525e-01,-8.088363929742220515e-02
7.954989633333333643e-01,-8.077348624649371978e-02
7.956989633333344525e-01,-8.066259258774324814e-02
7.958989633333337643e-01,-8.055095907222081797e-02
7.960989633333330762e-01,-8.043858642981578655e-02
7.962989633333323880e-01,-8.032547537011386352e-02
7.964989633333328101e-01,-8.021162658324981765e-02
7.966989633333332321e-01,-8.009704074076581803e-02
7.968989633333343203e-01,-7.998171849646612541e-02
7.970989633333334101e-01,-7.986566048727876399e-02
7.972989633333336101e-01,-7.974886733410950501e-02
7.974989633333344763e-01,-7.963133964270771581e-02
7.976989633333331220e-01,-7.951307800452647734e-02
7.978989633333319897e-01,-7.939408299757973186e-02
7.980989633333324118e-01,-7.927435518730753528e-02
7.982989633333319457e-01,-7.915389512743987999e-02
7.984989633333339221e-01,-7.903270336085307934e-02
7.986989633333345662e-01,-7.891078042043940532e-02
7.988989633333334339e-01,-7.878812682996241823e-02
7.990989633333347442e-01,-7.866474310491752830e-02
7.992989633333336119e-01,-7.854062975340107833e-02
7.994989633333333678e-01,-7.841578727695985851e-02
7.996989633333322356e-01,-7.829021617145837109e-02
7.998989633333331017e-01,-7.816391692793077384e-02
8.000989633333328577e-01,-7.803689003344485564e-02
8.002989633333335018e-01,-7.790913597195048279e-02
8.004989633333343679e-01,-7.778065522513871732e-02
8.006989633333339018e-01,-7.765144827329330257e-02
8.008989633333341018e-01,-7.752151559613872089e-02
8.010989633333327475e-01,-7.739085767369402458e-02
8.012989633333325035e-01,-7.725947498711377426e-02
8.014989633333324814e-01,-7.712736801953830323e-02
8.016989633333324594e-01,-7.699453725693308770e-02
8.018989633333339917e-01,-7.686098318892799208e-02
8.020989633333344138e-01,-7.672670630965838789e-02
8.022989633333335036e-01,-7.659170711859512870e-02
8.024989633333339256e-01,-7.645598612137576022e-02
8.026989633333339036e-01,-7.631954383063767333e-02
8.028989633333332154e-01,-7.618238076683950255e-02
8.030989633333320832e-01,-7.604449745908375968e-02
8.032989633333327273e-01,-7.590589444593390245e-02
8.034989633333324832e-01,-7.576657227623405377e-02
8.036989633333340155e-01,-7.562653150991291429e-02
8.038989633333339935e-01,-7.548577271879873540e-02
8.040989633333335274e-01,-7.534429648741511332e-02
8.042989633333343935e-01,-7.520210341378252838e-02
8.044989633333337054e-01,-7.505919411021663712e-02
8.046989633333323511e-01,-7.491556920411276965e-02
8.048989633333323290e-01,-7.477122933873306398e-02
8.050989633333327511e-01,-7.462617517399056100e-02
8.052989633333338393e-01,-7.448040738722222498e-02
8.054989633333338173e-01,-7.433392667396244990e-02
8.056989633333335732e-01,-7.418673374870583814e-02
8.058989633333342173e-01,-7.403882934566952123e-02
8.060989633333339732e-01,-7.389021421955133118e-02
8.062989633333330630e-01,-7.374088914627614788e-02
8.064989633333319308e-01,-7.359085492374159432e-02
8.066989633333325749e-01,-7.344011237255594626e-02
8.068989633333323308e-01,-7.328866233677579223e-02
8.070989633333340851e-01,-7.313650568462536083e-02
8.072989633333345072e-01,-7.298364330922645082e-02
8.074989633333335970e-01,-7.283007612930580965e-02
8.076989633333344631e-01,-7.267580508990403865e-02
8.078989633333337750e-01,-7.252083116308491451e-02
8.080989633333326427e-01,-7.236515534862252019e-02
8.082989633333321766e-01,-7.220877867469396860e-02
8.084989633333330428e-01,-7.205170219856141256e-02
8.086989633333332428e-01,-7.189392700724969720e-02
8.088989633333341089e-01,-7.173545421820984314e-02
8.090989633333336428e-01,-7.157628497998558270e-02
8.092989633333338428e-01,-7.141642047286198003e-02
8.094989633333344869e-01,-7.125586190951697929e-02
8.096989633333329106e-01,-7.109461053566137889e-02
8.098989633333317784e-01,-7.093266763066458092e-02
8.100989633333324225e-01,-7.077003450818442065e-02
8.102989633333321784e-01,-7.060671251678600491e-02
8.104989633333337107e-01,-7.044270304054359166e-02
8.106989633333343548e-01,-7.027800749965004701e-02
8.108989633333336666e-01,-7.011262735100406984e-02
8.110989633333340887e-01,-6.994656408879490472e-02
8.112989633333336226e-01,-6.977981924508529221e-02
8.114989633333329344e-01,-6.961239439037442134e-02
8.116989633333320242e-01,-6.944429113416124288e-02
8.118989633333331124e-01,-6.927551112549402978e-02
8.120989633333330904e-01,-6.910605605352054814e-02
8.122989633333339565e-01,-6.893592764801401152e-02
8.124989633333334904e-01,-6.876512767990748676e-02
8.126989633333339125e-01,-6.859365796180427743e-02
8.128989633333338904e-01,-6.842152034849353914e-02
8.130989633333327582e-01,-6.824871673744641043e-02
8.132989633333320700e-01,-6.807524906930609299e-02
8.134989633333324921e-01,-6.790111932837183950e-02
8.136989633333326921e-01,-6.772632954307358788e-02
8.138989633333340024e-01,-6.755088178643089969e-02
8.140989633333344244e-01,-6.737477817651292555e-02
8.142989633333332922e-01,-6.719802087687956615e-02
8.144989633333346024e-01,-6.702061209701384858e-02
8.146989633333343583e-01,-6.684255409275981219e-02
8.148989633333330040e-01,-6.666384916672817018e-02
8.150989633333320938e-01,-6.648449966870645378e-02
8.152989633333329600e-01,-6.630450799605773493e-02
8.154989633333329380e-01,-6.612387659411217422e-02
8.156989633333340262e-01,-6.594260795653725249e-02
8.158989633333340041e-01,-6.576070462571421971e-02
8.160989633333337601e-01,-6.557816919309010506e-02
8.162989633333346262e-01,-6.539500429952874172e-02
8.164989633333326058e-01,-6.521121263565476944e-02
8.166989633333323617e-01,-6.502679694216979833e-02
8.168989633333318956e-01,-6.484176001018489288e-02
8.170989633333327617e-01,-6.465610468151986034e-02
8.172989633333340720e-01,-6.446983384900764613e-02
8.174989633333340500e-01,-6.428295045678099340e-02
8.176989633333335838e-01,-6.409545750054734814e-02
8.178989633333342280e-01,-6.390735802785878217e-02
8.180989633333339839e-01,-6.371865513837364492e-02
8.182989633333328516e-01,-6.352935198409852269e-02
8.184989633333314973e-01,-6.333945176962701984e-02
8.186989633333330296e-01,-6.314895775236419040e-02
8.188989633333330076e-01,-6.295787324275289865e-02
8.190989633333340958e-01,-6.276620160446545749e-02
8.192989633333340738e-01,-6.257394625461060178e-02
8.194989633333336077e-01,-6.238111066391121423e-02
8.196989633333344738e-01,-6.218769835688039288e-02
8.198989633333331195e-01,-6.199371291199171075e-02
8.200989633333328754e-01,-6.179915796182102600e-02
8.202989633333321873e-01,-6.160403719320074051e-02
8.204989633333330534e-01,-6.140835434734416565e-02
8.206989633333336975e-01,-6.121211321997456489e-02
8.208989633333338976e-01,-6.101531766143095808e-02
8.210989633333334314e-01,-6.081797157677075460e-02
8.212989633333342976e-01,-6.062007892585750263e-02
8.214989633333338315e-01,-6.042164372344724366e-02
8.216989633333329213e-01,-6.022267003924942907e-02
8.218989633333315670e-01,-6.002316199798957141e-02
8.220989633333324331e-01,-5.982312377945352838e-02
8.222989633333324111e-01,-5.962255961853299424e-02
8.224989633333334993e-01,-5.942147380524130662e-02
8.226989633333339214e-01,-5.921987068473839877e-02
8.228989633333336773e-01,-5.901775465733039711e-02
8.230989633333343214e-01,-5.881513017846481950e-02
8.232989633333336332e-01,-5.861200175872016693e-02
8.234989633333329451e-01,-5.840837396377233925e-02
8.236989633333320349e-01,-5.820425141436270239e-02
8.238989633333331231e-01,-5.799963878624697644e-02
8.240989633333331010e-01,-5.779454081014517852e-02
8.242989633333341892e-01,-5.758896227166233894e-02
8.244989633333335011e-01,-5.738290801122035434e-02
8.246989633333339231e-01,-5.717638292395774147e-02
8.248989633333339011e-01,-5.696939195964018099e-02
8.250989633333323248e-01,-5.676194012254555388e-02
8.252989633333316366e-01,-5.655403247134031114e-02
8.254989633333325028e-01,-5.634567411895399780e-02
8.256989633333324807e-01,-5.613687023243960073e-02
8.258989633333342351e-01,-5.592762603281352385e-02
8.260989633333344351e-01,-5.571794679490576357e-02
8.262989633333333028e-01,-5.550783784717765179e-02
8.264989633333346131e-01,-5.529730457154004297e-02
8.266989633333337029e-01,-5.508635240317355519e-02
8.268989633333332367e-01,-5.487498683030975904e-02
8.270989633333321045e-01,-5.466321339403042850e-02
8.272989633333331927e-01,-5.445103768803706557e-02
8.274989633333331707e-01,-5.423846535842894584e-02
8.276989633333335927e-01,-5.402550210344952974e-02
8.278989633333337927e-01,-5.381215367324142240e-02
8.280989633333339928e-01,-5.359842586958120381e-02
8.282989633333339707e-01,-5.338432454560883972e-02
8.284989633333326164e-01,-5.316985560554676749e-02
8.286989633333323724e-01,-5.295502500440371629e-02
8.288989633333323503e-01,-5.273983874768123359e-02
8.290989633333327724e-01,-5.252430289105847194e-02
8.292989633333340826e-01,-5.230842354007307626e-02
8.294989633333345047e-01,-5.209220684979440352e-02
8.296989633333335945e-01,-5.187565902448092181e-02
8.298989633333349047e-01,-5.165878631722885250e-02
8.300989633333339945e-01,-5.144159502962782071e-02
8.302989633333333064e-01,-5.122409151137806427e-02
8.304989633333319521e-01,-5.100628215992555892e-02
8.306989633333328182e-01,-5.078817342006951285e-02
8.308989633333327962e-01,-5.056977178357880548e-02
8.310989633333341065e-01,-5.035108378877700686e-02
8.312989633333340844e-01,-5.013211602014145535e-02
8.314989633333336183e-01,-4.991287510787381643e-02
8.316989633333344845e-01,-4.969336772747320885e-02
8.318989633333333522e-01,-4.947360059930521609e-02
8.320989633333328861e-01,-4.925358048814292011e-02
8.322989633333319759e-01,-4.903331420272262486e-02
8.324989633333328420e-01,-4.881280859527255267e-02
8.326989633333339302e-01,-4.859207056104869471e-02
8.328989633333339082e-01,-4.837110703785058030e-02
8.330989633333334421e-01,-4.814992500553064159e-02
8.332989633333340862e-01,-4.792853148549938713e-02
8.334989633333336201e-01,-4.770693354022567667e-02
8.336989633333329319e-01,-4.748513827271733101e-02
8.338989633333320217e-01,-4.726315282600473955e-02
8.340989633333328879e-01,-4.704098438261004878e-02
8.342989633333326438e-01,-4.681864016401892509e-02
8.344989633333335100e-01,-4.659612743012648411e-02
8.346989633333341541e-01,-4.637345347869580720e-02
8.348989633333336879e-01,-4.615062564479556484e-02
8.350989633333345541e-01,-4.592765130023132580e-02
8.352989633333336439e-01,-4.570453785298261851e-02
8.354989633333327337e-01,-4.548129274661170951e-02
8.356989633333318235e-01,-4.525792345968385894e-02
8.358989633333331337e-01,-4.503443750516950006e-02
8.360989633333331117e-01,-4.481084242985206717e-02
8.362989633333339778e-01,-4.458714581370812335e-02
8.364989633333335117e-01,-4.436335526930454409e-02
8.366989633333339338e-01,-4.413947844116811181e-02
8.368989633333339118e-01,-4.391552300516745472e-02
8.370989633333330016e-01,-4.369149666787478653e-02
8.372989633333320914e-01,-4.346740716592563392e-02
8.374989633333322914e-01,-4.324326226537473367e-02
8.376989633333327134e-01,-4.301906976104642732e-02
8.378989633333335796e-01,-4.279483747587359971e-02
8.380989633333342237e-01,-4.257057326023664517e-02
8.382989633333335355e-01,-4.234628499129346191e-02
8.384989633333344017e-01,-4.212198057229984971e-02
8.386989633333334915e-01,-4.189766793194048961e-02
8.388989633333330254e-01,-4.167335502363025967e-02
8.390989633333318931e-01,-4.144904982483282874e-02
8.392989633333332034e-01,-4.122476033635638637e-02
8.394989633333334034e-01,-4.100049458166443728e-02
8.396989633333340475e-01,-4.077626060615627962e-02
8.398989633333333593e-01,-4.055206647646568408e-02
8.400989633333337814e-01,-4.032792027973638310e-02
8.402989633333342034e-01,-4.010383012291059146e-02
8.404989633333326271e-01,-3.987980413200094276e-02
8.406989633333319389e-01,-3.965585045135485570e-02
8.408989633333323610e-01,-3.943197724292926004e-02
8.410989633333327831e-01,-3.920819268555153503e-02
8.412989633333340933e-01,-3.898450497417373095e-02
8.414989633333342933e-01,-3.876092231913254305e-02
8.416989633333331611e-01,-3.853745294539430433e-02
8.418989633333346934e-01,-3.831410509179918045e-02
8.420989633333344493e-01,-3.809088701031837498e-02
8.422989633333330950e-01,-3.786780696527850681e-02
8.424989633333319627e-01,-3.764487323260318208e-02
8.426989633333330509e-01,-3.742209409904584394e-02
8.428989633333330289e-01,-3.719947786142646651e-02
8.430989633333338951e-01,-3.697703282584660633e-02
8.432989633333340951e-01,-3.675476730692348037e-02
8.434989633333336290e-01,-3.653268962700537137e-02
8.436989633333344951e-01,-3.631080811538998920e-02
8.438989633333326967e-01,-3.608913110754928544e-02
8.440989633333324527e-01,-3.586766694432752534e-02
8.442989633333324306e-01,-3.564642397116800365e-02
8.444989633333330747e-01,-3.542541053731405876e-02
8.446989633333341629e-01,-3.520463499501899629e-02
8.448989633333339189e-01,-3.498410569875244625e-02
8.450989633333336748e-01,-3.476383100439853213e-02
8.452989633333343189e-01,-3.454381926846172152e-02
8.454989633333340748e-01,-3.432407884726930425e-02
8.456989633333329426e-01,-3.410461809616532891e-02
8.458989633333318103e-01,-3.388544536870892465e-02
8.460989633333328985e-01,-3.366656901587017359e-02
8.462989633333328765e-01,-3.344799738523258903e-02
8.464989633333335206e-01,-3.322973882017565828e-02
8.466989633333334986e-01,-3.301180165907715430e-02
8.468989633333332545e-01,-3.279419423450016802e-02
8.470989633333345648e-01,-3.257692487238585122e-02
8.472989633333334325e-01,-3.236000189125223803e-02
8.474989633333323003e-01,-3.214343360137224270e-02
8.476989633333320562e-01,-3.192722830397329986e-02
8.478989633333333664e-01,-3.171139429042617308e-02
8.480989633333337885e-01,-3.149593984143929382e-02
8.482989633333339885e-01,-3.128087322624222705e-02
8.484989633333330783e-01,-3.106620270178221330e-02
8.486989633333343885e-01,-3.085193651190910880e-02
8.488989633333339224e-01,-3.063808288657941803e-02
8.490989633333330122e-01,-3.042465004103526993e-02
8.492989633333316579e-01,-3.021164617500455424e-02
8.494989633333323020e-01,-2.999907947189090970e-02
8.496989633333325020e-01,-2.978695809797614336e-02
8.498989633333335902e-01,-2.957529020160688457e-02
8.500989633333337903e-01,-2.936408391239903048e-02
8.502989633333331021e-01,-2.915334734043078385e-02
8.504989633333346344e-01,-2.894308857544094365e-02
8.506989633333339462e-01,-2.873331568604138575e-02
8.508989633333328140e-01,-2.852403671890521575e-02
8.510989633333319038e-01,-2.831525969797920456e-02
8.512989633333334361e-01,-2.810699262368744622e-02
8.514989633333334140e-01,-2.789924347214761680e-02
8.516989633333340581e-01,-2.769202019436868556e-02
8.518989633333333700e-01,-2.748533071547415441e-02
8.520989633333337920e-01,-2.727918293390836635e-02
8.522989633333344361e-01,-2.707358472066152127e-02
8.524989633333326378e-01,-2.686854391848831486e-02
8.526989633333315055e-01,-2.666406834112233087e-02
8.528989633333323717e-01,-2.646016577250938362e-02
8.530989633333325717e-01,-2.625684396603761989e-02
8.532989633333341040e-01,-2.605411064375999855e-02
8.534989633333340819e-01,-2.585197349563794073e-02
8.536989633333331717e-01,-2.565044017877016538e-02
8.538989633333344820e-01,-2.544951831663453887e-02
8.540989633333340159e-01,-2.524921549834156786e-02
8.542989633333331057e-01,-2.504953927786934820e-02
8.544989633333317514e-01,-2.485049717332149175e-02
8.546989633333332836e-01,-2.465209666617727835e-02
8.548989633333332616e-01,-2.445434520056101457e-02
8.550989633333336837e-01,-2.425725018249078047e-02
8.552989633333336617e-01,-2.406081897915412007e-02
8.554989633333340837e-01,-2.386505891817387176e-02
8.556989633333345058e-01,-2.366997728688628039e-02
8.558989633333327074e-01,-2.347558133162052502e-02
8.560989633333322413e-01,-2.328187825697489166e-02
8.562989633333324413e-01,-2.308887522511477580e-02
8.564989633333328634e-01,-2.289657935506062697e-02
8.566989633333341736e-01,-2.270499772198488614e-02
8.568989633333341516e-01,-2.251413735651789511e-02
8.570989633333332414e-01,-2.232400524404958009e-02
8.572989633333345516e-01,-2.213460832404143958e-02
8.574989633333343075e-01,-2.194595348935303447e-02
8.576989633333331753e-01,-2.175804758555320226e-02
8.578989633333320430e-01,-2.157089741025184151e-02
8.580989633333329092e-01,-2.138450971243197399e-02
8.582989633333328872e-01,-2.119889119179356810e-02
8.584989633333337533e-01,-2.101404849808855002e-02
8.586989633333335092e-01,-2.082998823047822745e-02
8.588989633333337093e-01,-2.064671693688143253e-02
8.590989633333343534e-01,-2.046424111334051860e-02
8.592989633333329991e-01,-2.028256720338873081e-02
8.594989633333323109e-01,-2.010170159741618556e-02
8.596989633333325109e-01,-1.992165063205551118e-02
8.598989633333331550e-01,-1.974242058956544518e-02
8.600989633333340212e-01,-1.956401769722052042e-02
8.602989633333339992e-01,-1.938644812671006662e-02
8.604989633333333110e-01,-1.920971799353958509e-02
8.606989633333341772e-01,-1.903383335644054375e-02
8.608989633333339331e-01,-1.885880021679289115e-02
8.610989633333325788e-01,-1.868462451804193264e-02
8.612989633333318906e-01,-1.851131214512874434e-02
8.614989633333329788e-01,-1.833886892392903173e-02
8.616989633333329568e-01,-1.816730062069950302e-02
8.618989633333338229e-01,-1.799661294152028398e-02
8.620989633333340230e-01,-1.782681153175937755e-02
8.622989633333335568e-01,-1.765790197553269297e-02
8.624989633333342010e-01,-1.748988979517499681e-02
8.626989633333339569e-01,-1.732278045072295838e-02
8.628989633333328246e-01,-1.715657933939602336e-02
8.630989633333319144e-01,-1.699129179508992310e-02
8.632989633333332247e-01,-1.682692308787708813e-02
8.634989633333336467e-01,-1.666347842351919781e-02
8.636989633333338467e-01,-1.650096294297475480e-02
8.638989633333331586e-01,-1.633938172192597044e-02
8.640989633333340247e-01,-1.617873977030507421e-02
8.642989633333342248e-01,-1.601904203183847353e-02
8.644989633333328705e-01,-1.586029338358701385e-02
8.646989633333319603e-01,-1.570249863549805225e-02
8.648989633333326044e-01,-1.554566252996942427e-02
8.650989633333328044e-01,-1.538978974141958639e-02
8.652989633333336705e-01,-1.523488487585952095e-02
8.654989633333340926e-01,-1.508095247048137078e-02
8.656989633333331824e-01,-1.492799699324904444e-02
8.658989633333344926e-01,-1.477602284249541348e-02
8.660989633333342486e-01,-1.462503434653995849e-02
8.662989633333331163e-01,-1.447503576329652042e-02
8.664989633333317620e-01,-1.432603127990137587e-02
8.666989633333335163e-01,-1.417802501234453894e-02
8.668989633333332723e-01,-1.403102100511912503e-02
8.670989633333339164e-01,-1.388502323085875553e-02
8.672989633333336723e-01,-1.374003559000476840e-02
8.674989633333340944e-01,-1.359606191046665302e-02
8.676989633333342944e-01,-1.345310594730079329e-02
8.678989633333329401e-01,-1.331117138239203135e-02
8.680989633333318078e-01,-1.317026182414268026e-02
8.682989633333322299e-01,-1.303038080717509872e-02
8.684989633333328740e-01,-1.289153179204151692e-02
8.686989633333339622e-01,-1.275371816493828941e-02
8.688989633333343843e-01,-1.261694323743350887e-02
8.690989633333332520e-01,-1.248121024619994884e-02
8.692989633333347843e-01,-1.234652235275471993e-02
8.694989633333340961e-01,-1.221288264322040185e-02
8.696989633333331859e-01,-1.208029412807428218e-02
8.698989633333320537e-01,-1.194875974192322055e-02
8.700989633333331419e-01,-1.181828234327817612e-02
8.702989633333331199e-01,-1.168886471434610330e-02
8.704989633333337640e-01,-1.156050956081746545e-02
8.706989633333335199e-01,-1.143321951167583506e-02
8.708989633333334979e-01,-1.130699711900641502e-02
8.710989633333339199e-01,-1.118184485781983234e-02
8.712989633333325656e-01,-1.105776512588303034e-02
8.714989633333323216e-01,-1.093476024355366505e-02
8.716989633333322995e-01,-1.081283245363353490e-02
8.718989633333331657e-01,-1.069198392122169133e-02
8.720989633333340318e-01,-1.057221673358195099e-02
8.722989633333340098e-01,-1.045353290001626093e-02
8.724989633333330996e-01,-1.033593435174723005e-02
8.726989633333344099e-01,-1.021942294180905667e-02
8.728989633333341658e-01,-1.010400044495422117e-02
8.730989633333332556e-01,-9.989668557556292960e-03
8.732989633333316792e-01,-9.876428897531999707e-03
8.734989633333327674e-01,-9.764283004266259558e-03
8.736989633333329675e-01,-9.653232338554161573e-03
8.738989633333338336e-01,-9.543278282539535695e-03
8.740989633333335895e-01,-9.434422139673451224e-03
8.742989633333331234e-01,-9.326665134674057972e-03
8.744989633333342116e-01,-9.220008413499031913e-03
8.746989633333335235e-01,-9.114453043329466542e-03
8.748989633333328353e-01,-9.010000012553531779e-03
8.750989633333319251e-01,-8.906650230768593801e-03
8.752989633333332353e-01,-8.804404528785635120e-03
8.754989633333336574e-01,-8.703263658649117163e-03
8.756989633333340795e-01,-8.603228293656495912e-03
8.758989633333329472e-01,-8.504299028394859267e-03
8.760989633333344795e-01,-8.406476378778636460e-03
8.762989633333342354e-01,-8.309760782107336596e-03
8.764989633333331032e-01,-8.214152597118079546e-03
8.766989633333315268e-01,-8.119652104056372666e-03
8.768989633333326150e-01,-8.026259504751272894e-03
8.770989633333328150e-01,-7.933974922705075428e-03
8.772989633333336812e-01,-7.842798403181562572e-03
8.774989633333336592e-01,-7.752729913312345761e-03
8.776989633333334151e-01,-7.663769342205341284e-03
8.778989633333347253e-01,-7.575916501064827030e-03
8.780989633333344813e-01,-7.489171123322063695e-03
8.782989633333331270e-01,-7.403532864767980309e-03
8.784989633333319947e-01,-7.319001303699342043e-03
8.786989633333333050e-01,-7.235575941071922812e-03
8.788989633333335050e-01,-7.153256200665075032e-03
8.790989633333339270e-01,-7.072041429247027944e-03
8.792989633333330168e-01,-6.991930896756572145e-03
8.794989633333336609e-01,-6.912923796486496186e-03
8.796989633333343050e-01,-6.835019245281973022e-03
8.798989633333331728e-01,-6.758216283741576291e-03
8.800989633333315965e-01,-6.682513876427376154e-03
8.802989633333324626e-01,-6.607910912084565686e-03
8.804989633333328847e-01,-6.534406203871329089e-03
8.806989633333337508e-01,-6.461998489590711769e-03
8.808989633333339508e-01,-6.390686431935861667e-03
8.810989633333332627e-01,-6.320468618740030659e-03
8.812989633333343509e-01,-6.251343563235103873e-03
8.814989633333341068e-01,-6.183309704321328371e-03
8.816989633333334186e-01,-6.116365406838623897e-03
8.818989633333318423e-01,-6.050508961850772222e-03
8.820989633333331525e-01,-5.985738586933728178e-03
8.822989633333333526e-01,-5.922052426477121545e-03
8.824989633333337746e-01,-5.859448551985446674e-03
8.826989633333337526e-01,-5.797924962393081333e-03
8.828989633333335085e-01,-5.737479584383822773e-03
8.830989633333343747e-01,-5.678110272718583929e-03
8.832989633333332424e-01,-5.619814810571999164e-03
8.834989633333321102e-01,-5.562590909872121292e-03
8.836989633333323102e-01,-5.506436211651963286e-03
8.838989633333329543e-01,-5.451348286406504373e-03
8.840989633333340425e-01,-5.397324634456156234e-03
8.842989633333340205e-01,-5.344362686318201994e-03
8.844989633333328882e-01,-5.292459803084376135e-03
8.846989633333344205e-01,-5.241613276805244526e-03
8.848989633333346205e-01,-5.191820330885235646e-03
8.850989633333332662e-01,-5.143078120478442039e-03
8.852989633333316899e-01,-5.095383732894892548e-03
8.854989633333325560e-01,-5.048734188012750368e-03
8.856989633333327561e-01,-5.003126438699226353e-03
8.858989633333340663e-01,-4.958557371233317246e-03
8.860989633333333781e-01,-4.915023805740222074e-03
8.862989633333331341e-01,-4.872522496627375299e-03
8.864989633333348884e-01,-4.831050133030971583e-03
8.866989633333330900e-01,-4.790603339268062477e-03
8.868989633333326239e-01,-4.751178675290571723e-03
8.870989633333321578e-01,-4.712772637152178729e-03
8.872989633333332460e-01,-4.675381657476163078e-03
8.874989633333338901e-01,-4.639002105932304304e-03
8.876989633333340901e-01,-4.603630289717389884e-03
8.878989633333331799e-01,-4.569262454043366423e-03
8.880989633333344901e-01,-4.535894782629688871e-03
8.882989633333340240e-01,-4.503523398204430095e-03
8.884989633333331138e-01,-4.472144363006740064e-03
8.886989633333315375e-01,-4.441753679298339474e-03
8.888989633333328477e-01,-4.412347289878396084e-03
8.890989633333330477e-01,-4.383921078606613231e-03
8.892989633333339139e-01,-4.356470870927567351e-03
8.894989633333336698e-01,-4.329992434404100754e-03
8.896989633333334258e-01,-4.304481479253371989e-03
8.898989633333342919e-01,-4.279933658889435721e-03
8.900989633333338258e-01,-4.256344570470863703e-03
8.902989633333329156e-01,-4.233709755452029488e-03
8.904989633333320054e-01,-4.212024700140683253e-03
8.906989633333330936e-01,-4.191284836259447089e-03
8.908989633333335156e-01,-4.171485541513163253e-03
8.910989633333341597e-01,-4.152622140159052677e-03
8.912989633333332495e-01,-4.134689903583229492e-03
8.914989633333338936e-01,-4.117684050880088265e-03
8.916989633333343157e-01,-4.101599749437967457e-03
8.918989633333331835e-01,-4.086432115527387221e-03
8.920989633333316071e-01,-4.072176214894127066e-03
8.922989633333324733e-01,-4.058827063356633402e-03
8.924989633333328953e-01,-4.046379627407829804e-03
8.926989633333335394e-01,-4.034828824819758353e-03
8.928989633333335174e-01,-4.024169525253119828e-03
8.930989633333330513e-01,-4.014396550870151514e-03
8.932989633333343615e-01,-4.005504676951317927e-03
8.934989633333338954e-01,-3.997488632515960177e-03
8.936989633333334293e-01,-3.990343100945748650e-03
8.938989633333320750e-01,-3.984062720612361469e-03
8.940989633333333853e-01,-3.978642085507983622e-03
8.942989633333335853e-01,-3.974075745879695337e-03
8.944989633333342294e-01,-3.970358208866264782e-03
8.946989633333330971e-01,-3.967483939138795324e-03
8.948989633333335192e-01,-3.965447359543825684e-03
8.950989633333346074e-01,-3.964242851749913421e-03
8.952989633333332531e-01,-3.963864756896563757e-03
8.954989633333318988e-01,-3.964307376246280906e-03
8.956989633333323209e-01,-3.965564971839110470e-03
8.958989633333329650e-01,-3.967631767149801258e-03
8.960989633333338311e-01,-3.970501947747583082e-03
8.962989633333344752e-01,-3.974169661958137229e-03
8.964989633333331209e-01,-3.978629021528127391e-03
8.966989633333348753e-01,-3.983874102291905944e-03
8.968989633333341871e-01,-3.989898944840079842e-03
8.970989633333334989e-01,-3.996697555190668188e-03
8.972989633333319226e-01,-4.004263905461796780e-03
8.974989633333330108e-01,-4.012591934546574923e-03
8.976989633333332108e-01,-4.021675548789283711e-03
8.978989633333336329e-01,-4.031508622663965147e-03
8.980989633333336108e-01,-4.042084999454072930e-03
8.982989633333333668e-01,-4.053398491933906528e-03
8.984989633333340109e-01,-4.065442883051512829e-03
8.986989633333328786e-01,-4.078211926612573118e-03
8.988989633333324125e-01,-4.091699347966312739e-03
8.990989633333326125e-01,-4.105898844691778515e-03
8.992989633333330346e-01,-4.120804087285514367e-03
8.994989633333339007e-01,-4.136408719850444282e-03
8.996989633333341008e-01,-4.152706360785362455e-03
8.998989633333329685e-01,-4.169690603475457308e-03
9.000989633333345008e-01,-4.187355016983855538e-03
9.002989633333344788e-01,-4.205693146742451455e-03
9.004989633333331245e-01,-4.224698515245275954e-03
9.006989633333315481e-01,-4.244364622741195886e-03
9.008989633333328584e-01,-4.264684947927224051e-03
9.010989633333330584e-01,-4.285652948641228976e-03
9.012989633333339246e-01,-4.307262062557017795e-03
9.014989633333336805e-01,-4.329505707877233378e-03
9.016989633333332144e-01,-4.352377284028072918e-03
9.018989633333343026e-01,-4.375870172352989973e-03
9.020989633333333924e-01,-4.399977736805803230e-03
9.022989633333329262e-01,-4.424693324645557341e-03
9.024989633333324601e-01,-4.450010267128837183e-03
9.026989633333331042e-01,-4.475921880203171527e-03
9.028989633333335263e-01,-4.502421465199024642e-03
9.030989633333339484e-01,-4.529502309522127901e-03
9.032989633333330382e-01,-4.557157687344409736e-03
9.034989633333339043e-01,-4.585380860295393962e-03
9.036989633333343264e-01,-4.614165078150499893e-03
9.038989633333331941e-01,-4.643503579520875946e-03
9.040989633333318398e-01,-4.673389592541536686e-03
9.042989633333327060e-01,-4.703816335557980260e-03
9.044989633333329060e-01,-4.734777017810963551e-03
9.046989633333337721e-01,-4.766264840122571428e-03
9.048989633333337501e-01,-4.798272995578164307e-03
9.050989633333332840e-01,-4.830794670209179187e-03
9.052989633333345942e-01,-4.863823043673540236e-03
9.054989633333336840e-01,-4.897351289933040558e-03
9.056989633333329959e-01,-4.931372577932933987e-03
9.058989633333323077e-01,-4.965880072275916796e-03
9.060989633333331739e-01,-5.000866933896723487e-03
9.062989633333335959e-01,-5.036326320733208045e-03
9.064989633333337959e-01,-5.072251388397400890e-03
9.066989633333331078e-01,-5.108635290843020066e-03
9.068989633333335298e-01,-5.145471181032198332e-03
9.070989633333341740e-01,-5.182752211598255082e-03
9.072989633333328197e-01,-5.220471535507649474e-03
9.074989633333316874e-01,-5.258622306720348027e-03
9.076989633333325536e-01,-5.297197680845966428e-03
9.078989633333329756e-01,-5.336190815797520887e-03
9.080989633333333977e-01,-5.375594872444773575e-03
9.082989633333340418e-01,-5.415403015263074715e-03
9.084989633333331316e-01,-5.455608412979782995e-03
9.086989633333342198e-01,-5.496204239219735360e-03
9.088989633333337537e-01,-5.537183673143951379e-03
9.090989633333335096e-01,-5.578539900090537240e-03
9.092989633333319333e-01,-5.620266112208303910e-03
9.094989633333332435e-01,-5.662355509091051425e-03
9.096989633333334435e-01,-5.704801298403956722e-03
9.098989633333340876e-01,-5.747596696512636411e-03
9.100989633333338436e-01,-5.790734929104333906e-03
9.102989633333333774e-01,-5.834209231808600016e-03
9.104989633333344656e-01,-5.878012850813494478e-03
9.106989633333328893e-01,-5.922139043476912917e-03
9.108989633333322011e-01,-5.966581078939069138e-03
9.110989633333326232e-01,-6.011332238725942967e-03
9.112989633333332673e-01,-6.056385817352124418e-03
9.114989633333339114e-01,-6.101735122919765136e-03
9.116989633333338894e-01,-6.147373477713342221e-03
9.118989633333327571e-01,-6.193294218790893618e-03
9.120989633333342894e-01,-6.239490698572255911e-03
9.122989633333344894e-01,-6.285956285419627698e-03
9.124989633333333572e-01,-6.332684364219787893e-03
9.126989633333317808e-01,-6.379668336958705527e-03
9.128989633333328690e-01,-6.426901623293245630e-03
9.130989633333330691e-01,-6.474377661116224175e-03
9.132989633333339352e-01,-6.522089907122111813e-03
9.134989633333336911e-01,-6.570031837363921740e-03
9.136989633333332250e-01,-6.618196947808980407e-03
9.138989633333343132e-01,-6.666578754888637104e-03
9.140989633333327369e-01,-6.715170796042259360e-03
9.142989633333327149e-01,-6.763966630262002039e-03
9.144989633333326928e-01,-6.812959838626030107e-03
9.146989633333331149e-01,-6.862144024832577544e-03
9.148989633333337590e-01,-6.911512815726862657e-03
9.150989633333339590e-01,-6.961059861824020478e-03
9.152989633333330488e-01,-7.010778837827347926e-03
9.154989633333339150e-01,-7.060663443142687484e-03
9.156989633333338929e-01,-7.110707402384737474e-03
9.158989633333332048e-01,-7.160904465882956399e-03
9.160989633333316284e-01,-7.211248410179570828e-03
9.162989633333327166e-01,-7.261733038524658540e-03
9.164989633333333607e-01,-7.312352181362467840e-03
9.166989633333337828e-01,-7.363099696817820145e-03
9.168989633333337608e-01,-7.413969471174126913e-03
9.170989633333330726e-01,-7.464955419347250182e-03
9.172989633333343829e-01,-7.516051485354873635e-03
9.174989633333336947e-01,-7.567251642777526183e-03
9.176989633333330065e-01,-7.618549895220046164e-03
9.178989633333320963e-01,-7.669940276762456793e-03
9.180989633333331845e-01,-7.721416852408818920e-03
9.182989633333336066e-01,-7.772973718527715487e-03
9.184989633333338066e-01,-7.824605003291289218e-03
9.186989633333328964e-01,-7.876304867105596297e-03
9.188989633333337625e-01,-7.928067503038215696e-03
9.190989633333344067e-01,-7.979887137236536115e-03
9.192989633333332744e-01,-8.031758029344391453e-03
9.194989633333316981e-01,-8.083674472912284747e-03
9.196989633333323422e-01,-8.135630795801141596e-03
9.198989633333329863e-01,-8.187621360579103863e-03
9.200989633333331863e-01,-8.239640564916203558e-03
9.202989633333338304e-01,-8.291682841971452500e-03
9.204989633333331422e-01,-8.343742660773333097e-03
9.206989633333344525e-01,-8.395814526597759897e-03
9.208989633333339864e-01,-8.447892981334952783e-03
9.210989633333335203e-01,-8.499972603857149783e-03
9.212989633333323880e-01,-8.552048010375243661e-03
9.214989633333336982e-01,-8.604113854793031535e-03
9.216989633333336762e-01,-8.656164829051680651e-03
9.218989633333340983e-01,-8.708195663473992931e-03
9.220989633333329660e-01,-8.760201127097317492e-03
9.222989633333333881e-01,-8.812176028005430997e-03
9.224989633333344763e-01,-8.864115213649603753e-03
9.226989633333331220e-01,-8.916013571166780949e-03
9.228989633333315457e-01,-8.967866027693227604e-03
9.230989633333326339e-01,-9.019667550669192846e-03
9.232989633333330559e-01,-9.071413148136867749e-03
9.234989633333337000e-01,-9.123097869036976212e-03
9.236989633333345662e-01,-9.174716803495347808e-03
9.238989633333329898e-01,-9.226265083104350645e-03
9.240989633333343001e-01,-9.277737881201508774e-03
9.242989633333338340e-01,-9.329130413134722327e-03
9.244989633333338119e-01,-9.380437936530462706e-03
9.246989633333320135e-01,-9.431655751548658970e-03
9.248989633333331017e-01,-9.482779201137356978e-03
9.250989633333330797e-01,-9.533803671274446168e-03
9.252989633333335018e-01,-9.584724591210951050e-03
9.254989633333337018e-01,-9.635537433702637614e-03
9.256989633333332357e-01,-9.686237715238125989e-03
9.258989633333341018e-01,-9.736820996260971486e-03
9.260989633333329696e-01,-9.787282881383019967e-03
9.262989633333325035e-01,-9.837619019596571465e-03
9.264989633333324814e-01,-9.887825104475372190e-03
9.266989633333329035e-01,-9.937896874372579431e-03
9.268989633333339917e-01,-9.987830112611737268e-03
9.270989633333344138e-01,-1.003762064767141360e-02
9.272989633333330595e-01,-1.008726435336457228e-02
9.274989633333339256e-01,-1.013675714901247742e-02
9.276989633333343477e-01,-1.018609499960873230e-02
9.278989633333334375e-01,-1.023527391598196001e-02
9.280989633333320832e-01,-1.028428995495052692e-02
9.282989633333325052e-01,-1.033313921947091527e-02
9.284989633333327053e-01,-1.038181785877904592e-02
9.286989633333340155e-01,-1.043032206852851675e-02
9.288989633333335494e-01,-1.047864809091933469e-02
9.290989633333330833e-01,-1.052679221482441703e-02
9.292989633333343935e-01,-1.057475077590700960e-02
9.294989633333337054e-01,-1.062252015673170041e-02
9.296989633333327951e-01,-1.067009678687356848e-02
9.298989633333323290e-01,-1.071747714301702660e-02
9.300989633333331952e-01,-1.076465774905065349e-02
9.302989633333338393e-01,-1.081163517615509745e-02
9.304989633333340393e-01,-1.085840604288657030e-02
9.306989633333331291e-01,-1.090496701525313014e-02
9.308989633333337732e-01,-1.095131480678624564e-02
9.310989633333339732e-01,-1.099744617860391391e-02
9.312989633333332851e-01,-1.104335793947104107e-02
9.314989633333319308e-01,-1.108904694585238423e-02
9.316989633333327969e-01,-1.113451010196033451e-02
9.318989633333327749e-01,-1.117974435979435244e-02
9.320989633333334190e-01,-1.122474671917914231e-02
9.322989633333338411e-01,-1.126951422779291431e-02
9.324989633333333749e-01,-1.131404398119215983e-02
9.326989633333344631e-01,-1.135833312283062585e-02
9.328989633333339970e-01,-1.140237884407015352e-02
9.330989633333330868e-01,-1.144617838418979065e-02
9.332989633333321766e-01,-1.148972903038607621e-02
9.334989633333337089e-01,-1.153302811776927422e-02
9.336989633333332428e-01,-1.157607302935159330e-02
9.338989633333336648e-01,-1.161886119603464801e-02
9.340989633333331987e-01,-1.166139009658588230e-02
9.342989633333333988e-01,-1.170365725761358597e-02
9.344989633333340429e-01,-1.174566025353375454e-02
9.346989633333331327e-01,-1.178739670653240583e-02
9.348989633333317784e-01,-1.182886428652360315e-02
9.350989633333326445e-01,-1.187006071110062108e-02
9.352989633333326225e-01,-1.191098374548053319e-02
9.354989633333330445e-01,-1.195163120244708763e-02
9.356989633333339107e-01,-1.199200094228504779e-02
9.358989633333332225e-01,-1.203209087271000545e-02
9.360989633333340887e-01,-1.207189894879489786e-02
9.362989633333340667e-01,-1.211142317288734296e-02
9.364989633333336005e-01,-1.215066159452587481e-02
9.366989633333320242e-01,-1.218961231034835710e-02
9.368989633333331124e-01,-1.222827346399721175e-02
9.370989633333330904e-01,-1.226664324601623064e-02
9.372989633333335124e-01,-1.230471989374696748e-02
9.374989633333334904e-01,-1.234250169121627744e-02
9.376989633333336904e-01,-1.237998696902104651e-02
9.378989633333338904e-01,-1.241717410420676432e-02
9.380989633333329802e-01,-1.245406152014169252e-02
9.382989633333322921e-01,-1.249064768638673099e-02
9.384989633333324921e-01,-1.252693111855926467e-02
9.386989633333329142e-01,-1.256291037819268208e-02
9.388989633333335583e-01,-1.259858407259166826e-02
9.390989633333342024e-01,-1.263395085468219450e-02
9.392989633333330701e-01,-1.266900942285675846e-02
9.394989633333346024e-01,-1.270375852081668915e-02
9.396989633333345804e-01,-1.273819693740580947e-02
9.398989633333336702e-01,-1.277232350644450995e-02
9.400989633333320938e-01,-1.280613710655609250e-02
9.402989633333327379e-01,-1.283963666099006626e-02
9.404989633333329380e-01,-1.287282113743914297e-02
9.406989633333335821e-01,-1.290568954785469707e-02
9.408989633333337821e-01,-1.293824094825563563e-02
9.410989633333330939e-01,-1.297047443853405549e-02
9.412989633333341821e-01,-1.300238916225685340e-02
9.414989633333330499e-01,-1.303398430646109281e-02
9.416989633333330278e-01,-1.306525910144900639e-02
9.418989633333325617e-01,-1.309621282057479158e-02
9.420989633333329838e-01,-1.312684478003045205e-02
9.422989633333334059e-01,-1.315715433862560402e-02
9.424989633333340500e-01,-1.318714089756473432e-02
9.426989633333333618e-01,-1.321680390021942944e-02
9.428989633333340059e-01,-1.324614283189820899e-02
9.430989633333339839e-01,-1.327515721961025977e-02
9.432989633333335178e-01,-1.330384663182774749e-02
9.434989633333314973e-01,-1.333221067824289993e-02
9.436989633333325855e-01,-1.336024900952286626e-02
9.438989633333327856e-01,-1.338796131705800342e-02
9.440989633333336517e-01,-1.341534733271058932e-02
9.442989633333340738e-01,-1.344240682855679311e-02
9.444989633333329415e-01,-1.346913961662686392e-02
9.446989633333344738e-01,-1.349554554864201839e-02
9.448989633333335636e-01,-1.352162451574547355e-02
9.450989633333337636e-01,-1.354737644823436962e-02
9.452989633333321873e-01,-1.357280131528413453e-02
9.454989633333330534e-01,-1.359789912467332038e-02
9.456989633333336975e-01,-1.362266992250174905e-02
9.458989633333338976e-01,-1.364711379290851553e-02
9.460989633333329873e-01,-1.367123085778534919e-02
9.462989633333340755e-01,-1.369502127648786552e-02
9.464989633333340535e-01,-1.371848524554214813e-02
9.466989633333333654e-01,-1.374162299835074777e-02
9.468989633333320111e-01,-1.376443480489423360e-02
9.470989633333324331e-01,-1.378692097143070783e-02
9.472989633333326331e-01,-1.380908184019145543e-02
9.474989633333332772e-01,-1.383091778907554262e-02
9.476989633333339214e-01,-1.385242923134044450e-02
9.478989633333332332e-01,-1.387361661529061541e-02
9.480989633333343214e-01,-1.389448042396401045e-02
9.482989633333340773e-01,-1.391502117481442993e-02
9.484989633333336112e-01,-1.393523941939369890e-02
9.486989633333320349e-01,-1.395513574302965215e-02
9.488989633333331231e-01,-1.397471076450314265e-02
9.490989633333331010e-01,-1.399396513572093853e-02
9.492989633333339672e-01,-1.401289954138887003e-02
9.494989633333332790e-01,-1.403151469868052156e-02
9.496989633333332570e-01,-1.404981135690566360e-02
9.498989633333339011e-01,-1.406779029717515617e-02
9.500989633333334350e-01,-1.408545233206446104e-02
9.502989633333320807e-01,-1.410279830527559966e-02
9.504989633333325028e-01,-1.411982909129680039e-02
9.506989633333329248e-01,-1.413654559505977612e-02
9.508989633333331248e-01,-1.415294875159628374e-02
9.510989633333342130e-01,-1.416903952569231739e-02
9.512989633333333028e-01,-1.418481891154044217e-02
9.514989633333341690e-01,-1.420028793239151363e-02
9.516989633333339249e-01,-1.421544764020315696e-02
9.518989633333336808e-01,-1.423029911528837094e-02
9.520989633333321045e-01,-1.424484346596168252e-02
9.522989633333331927e-01,-1.425908182818448264e-02
9.524989633333329486e-01,-1.427301536520799927e-02
9.526989633333335927e-01,-1.428664526721648564e-02
9.528989633333340148e-01,-1.429997275096776127e-02
9.530989633333335487e-01,-1.431299905943334352e-02
9.532989633333339707e-01,-1.432572546143745865e-02
9.534989633333326164e-01,-1.433815325129408555e-02
9.536989633333328165e-01,-1.435028374844448534e-02
9.538989633333327944e-01,-1.436211829709199347e-02
9.540989633333329945e-01,-1.437365826583730105e-02
9.542989633333336386e-01,-1.438490504731211247e-02
9.544989633333345047e-01,-1.439586005781217856e-02
9.546989633333331504e-01,-1.440652473692945537e-02
9.548989633333344607e-01,-1.441690054718413119e-02
9.550989633333342166e-01,-1.442698897365463084e-02
9.552989633333335284e-01,-1.443679152360855325e-02
9.554989633333321741e-01,-1.444630972613209635e-02
9.556989633333325962e-01,-1.445554513175937097e-02
9.558989633333325742e-01,-1.446449931210074327e-02
9.560989633333334403e-01,-1.447317385947149287e-02
9.562989633333340844e-01,-1.448157038651952735e-02
9.564989633333333963e-01,-1.448969052585307241e-02
9.566989633333344845e-01,-1.449753592966820590e-02
9.568989633333333522e-01,-1.450510826937556966e-02
9.570989633333331081e-01,-1.451240923522793130e-02
9.572989633333324200e-01,-1.451944053594663928e-02
9.574989633333328420e-01,-1.452620389834862261e-02
9.576989633333337082e-01,-1.453270106697325190e-02
9.578989633333339082e-01,-1.453893380370904417e-02
9.580989633333332200e-01,-1.454490388742085694e-02
9.582989633333340862e-01,-1.455061311357686710e-02
9.584989633333340642e-01,-1.455606329387576156e-02
9.586989633333331540e-01,-1.456125625587444128e-02
9.588989633333322438e-01,-1.456619384261575306e-02
9.590989633333328879e-01,-1.457087791225666895e-02
9.592989633333326438e-01,-1.457531033769669457e-02
9.594989633333332879e-01,-1.457949300620696789e-02
9.596989633333337100e-01,-1.458342781905959742e-02
9.598989633333332439e-01,-1.458711669115763873e-02
9.600989633333345541e-01,-1.459056155066567120e-02
9.602989633333336439e-01,-1.459376433864078768e-02
9.604989633333336219e-01,-1.459672700866456591e-02
9.606989633333324896e-01,-1.459945152647540087e-02
9.608989633333331337e-01,-1.460193986960192994e-02
9.610989633333331117e-01,-1.460419402699686744e-02
9.612989633333337558e-01,-1.460621599867208131e-02
9.614989633333335117e-01,-1.460800779533422827e-02
9.616989633333334897e-01,-1.460957143802158603e-02
9.618989633333339118e-01,-1.461090895774158627e-02
9.620989633333330016e-01,-1.461202239510957929e-02
9.622989633333320914e-01,-1.461291379998854237e-02
9.624989633333322914e-01,-1.461358523112998853e-02
9.626989633333327134e-01,-1.461403875581585368e-02
9.628989633333329135e-01,-1.461427644950174035e-02
9.630989633333337796e-01,-1.461430039546126811e-02
9.632989633333330914e-01,-1.461411268443179451e-02
9.634989633333341796e-01,-1.461371541426131210e-02
9.636989633333339356e-01,-1.461311068955678180e-02
9.638989633333339135e-01,-1.461230062133390267e-02
9.640989633333318931e-01,-1.461128732666816185e-02
9.642989633333329813e-01,-1.461007292834743190e-02
9.644989633333329593e-01,-1.460865955452611553e-02
9.646989633333336034e-01,-1.460704933838077174e-02
9.648989633333338034e-01,-1.460524441776732754e-02
9.650989633333331152e-01,-1.460324693487992376e-02
9.652989633333339814e-01,-1.460105903591137413e-02
9.654989633333328491e-01,-1.459868287071543203e-02
9.656989633333323830e-01,-1.459612059247060098e-02
9.658989633333325830e-01,-1.459337435734588476e-02
9.660989633333327831e-01,-1.459044632416827553e-02
9.662989633333332051e-01,-1.458733865409196986e-02
9.664989633333342933e-01,-1.458405351026963170e-02
9.666989633333331611e-01,-1.458059305752549412e-02
9.668989633333346934e-01,-1.457695946203019233e-02
9.670989633333340052e-01,-1.457315489097804964e-02
9.672989633333337611e-01,-1.456918151226575461e-02
9.674989633333321848e-01,-1.456504149417360908e-02
9.676989633333328289e-01,-1.456073700504839988e-02
9.678989633333328069e-01,-1.455627021298886922e-02
9.680989633333336730e-01,-1.455164328553276362e-02
9.682989633333340951e-01,-1.454685838934643982e-02
9.684989633333334069e-01,-1.454191768991652811e-02
9.686989633333344951e-01,-1.453682335124365649e-02
9.688989633333326967e-01,-1.453157753553888445e-02
9.690989633333328968e-01,-1.452618240292169460e-02
9.692989633333328747e-01,-1.452064011112106853e-02
9.694989633333330747e-01,-1.451495281517835648e-02
9.696989633333334968e-01,-1.450912266715268309e-02
9.698989633333339189e-01,-1.450315181582878185e-02
9.700989633333336748e-01,-1.449704240642716441e-02
9.702989633333343189e-01,-1.449079658031670464e-02
9.704989633333340748e-01,-1.448441647472990292e-02
9.706989633333333867e-01,-1.447790422248029958e-02
9.708989633333318103e-01,-1.447126195168268840e-02
9.710989633333328985e-01,-1.446449178547559895e-02
9.712989633333328765e-01,-1.445759584174686162e-02
9.714989633333332986e-01,-1.445057623286103744e-02
9.716989633333339427e-01,-1.444343506538993578e-02
9.718989633333336986e-01,-1.443617443984573923e-02
9.720989633333343427e-01,-1.442879645041646348e-02
9.722989633333332105e-01,-1.442130318470461262e-02
9.724989633333334105e-01,-1.441369672346780491e-02
9.726989633333325003e-01,-1.440597914036299138e-02
9.728989633333331444e-01,-1.439815250169250091e-02
9.730989633333335664e-01,-1.439021886615370234e-02
9.732989633333339885e-01,-1.438218028459068050e-02
9.734989633333335224e-01,-1.437403879974921694e-02
9.736989633333341665e-01,-1.436579644603422530e-02
9.738989633333337004e-01,-1.435745524927043749e-02
9.740989633333336783e-01,-1.434901722646537807e-02
9.742989633333323241e-01,-1.434048438557575592e-02
9.744989633333323020e-01,-1.433185872527613543e-02
9.746989633333327241e-01,-1.432314223473119853e-02
9.748989633333329241e-01,-1.431433689337031044e-02
9.750989633333337903e-01,-1.430544467066523044e-02
9.752989633333335462e-01,-1.429646752591084979e-02
9.754989633333346344e-01,-1.428740740800857507e-02
9.756989633333335021e-01,-1.427826625525322086e-02
9.758989633333337022e-01,-1.426904599512200320e-02
9.760989633333319038e-01,-1.425974854406757315e-02
9.762989633333334361e-01,-1.425037580731293267e-02
9.764989633333331920e-01,-1.424092967865061947e-02
9.766989633333336140e-01,-1.423141204024354345e-02
9.768989633333335920e-01,-1.422182476242991704e-02
9.770989633333335700e-01,-1.421216970353064192e-02
9.772989633333339921e-01,-1.420244870965993791e-02
9.774989633333328598e-01,-1.419266361453916207e-02
9.776989633333321716e-01,-1.418281623931317258e-02
9.778989633333325937e-01,-1.417290839237043791e-02
9.780989633333330158e-01,-1.416294186916585048e-02
9.782989633333334378e-01,-1.415291845204654821e-02
9.784989633333340819e-01,-1.414283991008103737e-02
9.786989633333333938e-01,-1.413270799889133553e-02
9.788989633333344820e-01,-1.412252446048796115e-02
9.790989633333337938e-01,-1.411229102310875179e-02
9.792989633333337718e-01,-1.410200940105975354e-02
9.794989633333321954e-01,-1.409168129456021649e-02
9.796989633333330616e-01,-1.408130838958978823e-02
9.798989633333328175e-01,-1.407089235773998324e-02
9.800989633333336837e-01,-1.406043485606735255e-02
9.802989633333341057e-01,-1.404993752695111661e-02
9.804989633333334176e-01,-1.403940199795299104e-02
9.806989633333338396e-01,-1.402882988168043486e-02
9.808989633333327074e-01,-1.401822277565341508e-02
9.810989633333329074e-01,-1.400758226217342292e-02
9.812989633333324413e-01,-1.399690990819674359e-02
9.814989633333330854e-01,-1.398620726520974876e-02
9.816989633333335075e-01,-1.397547586910814418e-02
9.818989633333341516e-01,-1.396471724007887667e-02
9.820989633333332414e-01,-1.395393288248544458e-02
9.822989633333343296e-01,-1.394312428475578611e-02
9.824989633333340855e-01,-1.393229291927439682e-02
9.826989633333333973e-01,-1.392144024227623574e-02
9.828989633333324871e-01,-1.391056769374458650e-02
9.830989633333324651e-01,-1.389967669731185726e-02
9.832989633333328872e-01,-1.388876866016339716e-02
9.834989633333333092e-01,-1.387784497294450303e-02
9.836989633333339533e-01,-1.386690700967035429e-02
9.838989633333332652e-01,-1.385595612763929063e-02
9.840989633333343534e-01,-1.384499366734871437e-02
9.842989633333325550e-01,-1.383402095241504162e-02
9.844989633333331991e-01,-1.382303928949505864e-02
9.846989633333327330e-01,-1.381204996821246145e-02
9.848989633333329330e-01,-1.380105426108544156e-02
9.850989633333335771e-01,-1.379005342345870390e-02
9.852989633333339992e-01,-1.377904869343793588e-02
9.854989633333335330e-01,-1.376804129182729493e-02
9.856989633333339551e-01,-1.375703242206997162e-02
9.858989633333334890e-01,-1.374602327019211478e-02
9.860989633333330229e-01,-1.373501500474908106e-02
9.862989633333327788e-01,-1.372400877677526151e-02
9.864989633333327568e-01,-1.371300571973659878e-02
9.866989633333329568e-01,-1.370200694948625099e-02
9.868989633333333789e-01,-1.369101356422292373e-02
9.870989633333340230e-01,-1.368002664445251010e-02
9.872989633333335568e-01,-1.366904725295246988e-02
9.874989633333339789e-01,-1.365807643473885766e-02
9.876989633333335128e-01,-1.364711521703703377e-02
9.878989633333334908e-01,-1.363616460925430943e-02
9.880989633333319144e-01,-1.362522560295639090e-02
9.882989633333332247e-01,-1.361429917184562785e-02
9.884989633333334247e-01,-1.360338627174358453e-02
9.886989633333336247e-01,-1.359248784057487391e-02
9.888989633333336027e-01,-1.358160479835487586e-02
9.890989633333335806e-01,-1.357073804717984049e-02
9.892989633333337807e-01,-1.355988847121992850e-02
9.894989633333328705e-01,-1.354905693671501314e-02
9.896989633333324043e-01,-1.353824429197297494e-02
9.898989633333328264e-01,-1.352745136737126819e-02
9.900989633333332485e-01,-1.351667897536084316e-02
9.902989633333327824e-01,-1.350592791047284212e-02
9.904989633333340926e-01,-1.349519894932779684e-02
9.906989633333331824e-01,-1.348449285064830597e-02
9.908989633333344926e-01,-1.347381035527292492e-02
9.910989633333338045e-01,-1.346315218617452972e-02
9.912989633333337824e-01,-1.345251904847945962e-02
9.914989633333322061e-01,-1.344191162949075202e-02
9.916989633333332943e-01,-1.343133059871281197e-02
9.918989633333328282e-01,-1.342077660787990845e-02
9.920989633333336943e-01,-1.341025029098573233e-02
9.922989633333338944e-01,-1.339975226431679156e-02
9.924989633333332062e-01,-1.338928312648753061e-02
9.926989633333340723e-01,-1.337884345847801387e-02
9.928989633333327181e-01,-1.336843382367479752e-02
9.930989633333324740e-01,-1.335805476791293925e-02
9.932989633333328960e-01,-1.334770681952175339e-02
9.934989633333328740e-01,-1.333739048937224343e-02
9.936989633333335181e-01,-1.332710627092694236e-02
9.938989633333343843e-01,-1.331685464029240887e-02
9.940989633333332520e-01,-1.330663605627393359e-02
9.942989633333343402e-01,-1.329645096043207027e-02
9.944989633333340961e-01,-1.328629977714275434e-02
9.946989633333336300e-01,-1.327618291365808244e-02
9.948989633333324978e-01,-1.326610076017055787e-02
9.950989633333329198e-01,-1.325605368987884530e-02
9.952989633333328978e-01,-1.324604205905642249e-02
9.954989633333330978e-01,-1.323606620712156762e-02
9.956989633333339640e-01,-1.322612645671019348e-02
9.958989633333332758e-01,-1.321622311375062787e-02
9.960989633333339199e-01,-1.320635646754007332e-02
9.962989633333325656e-01,-1.319652679082404523e-02
9.964989633333329877e-01,-1.318673433987677286e-02
9.966989633333329657e-01,-1.317697935458479568e-02
9.968989633333331657e-01,-1.316726205853157444e-02
9.970989633333335878e-01,-1.315758265908472009e-02
9.972989633333340098e-01,-1.314794134748492604e-02
9.974989633333330996e-01,-1.313833829893693884e-02
9.976989633333339658e-01,-1.312877367270219239e-02
9.978989633333341658e-01,-1.311924761219394713e-02
9.980989633333336997e-01,-1.310976024507350297e-02
9.982989633333319013e-01,-1.310031168334892769e-02
9.984989633333327674e-01,-1.309090202347485896e-02
9.986989633333329675e-01,-1.308153134645523991e-02
9.988989633333333895e-01,-1.307219971794658028e-02
9.990989633333335895e-01,-1.306290718836369998e-02
9.992989633333331234e-01,-1.305365379298698177e-02
9.994989633333342116e-01,-1.304443955207113502e-02
9.996989633333333014e-01,-1.303526447095625096e-02
9.998989633333335014e-01,-1.302612854017937138e-02
1.000098962000000480e+00,-1.301703179610394501e-02
1.000298962000000014e+00,-1.300797407871447098e-02
1.000498962000000436e+00,-1.299895539560518183e-02
1.000698961999999526e+00,-1.298997567925681135e-02
1.000898962000000170e+00,-1.298103484793187989e-02
1.001098961999999482e+00,-1.297213280579668365e-02
1.001298961999999904e+00,-1.296326944304372272e-02
1.001498962000000770e+00,-1.295444463601645550e-02
1.001698961999999860e+00,-1.294565824733487878e-02
1.001898961999999615e+00,-1.293691012602246268e-02
1.002098962000000260e+00,-1.292820010763479598e-02
1.002298962000000682e+00,-1.291952801438941631e-02
1.002498961999999327e+00,-1.291089365529668465e-02
1.002698961999999971e+00,-1.290229682629194866e-02
1.002898961999999949e+00,-1.289373731036952235e-02
1.003098962000000149e+00,-1.288521487771699531e-02
1.003298962000000127e+00,-1.287672928585141714e-02
1.003498962000000105e+00,-1.286828027975618627e-02
1.003698961999999639e+00,-1.285986759201937502e-02
1.003898962000000505e+00,-1.285149094297281802e-02
1.004098962000000039e+00,-1.284315004083284688e-02
1.004298962000000461e+00,-1.283484458184118264e-02
1.004498961999999107e+00,-1.282657425040782846e-02
1.004698961999999973e+00,-1.281833871925396572e-02
1.004898962000000839e+00,-1.281013764955685717e-02
1.005098961999999485e+00,-1.280197069109483866e-02
1.005298961999999907e+00,-1.279383748239330300e-02
1.005498962000000329e+00,-1.278573765087227115e-02
1.005698962000000307e+00,-1.277767081299396347e-02
1.005898961999999841e+00,-1.276963657441170311e-02
1.006098962000000041e+00,-1.276163453011931737e-02
1.006298962000000019e+00,-1.275366426460167874e-02
1.006498962000000219e+00,-1.274572535198555817e-02
1.006698961999999753e+00,-1.273781735619157474e-02
1.006898962000000175e+00,-1.272993983108649564e-02
1.007098961999999265e+00,-1.272209232063662571e-02
1.007298962000000353e+00,-1.271427435906114997e-02
1.007498962000000109e+00,-1.270648547098711910e-02
1.007698962000000087e+00,-1.269872517160384844e-02
1.007898961999999177e+00,-1.269099296681879679e-02
1.008098962000000043e+00,-1.268328835341333248e-02
1.008298962000000909e+00,-1.267561081919965638e-02
1.008498961999999555e+00,-1.266795984317762094e-02
1.008698961999999755e+00,-1.266033489569206270e-02
1.008898961999999955e+00,-1.265273543859099514e-02
1.009098962000000377e+00,-1.264516092538383284e-02
1.009298961999999467e+00,-1.263761080140007008e-02
1.009498962000000333e+00,-1.263008450394813992e-02
1.009698961999999645e+00,-1.262258146247515964e-02
1.009898962000000289e+00,-1.261510109872609857e-02
1.010098962000000267e+00,-1.260764282690418452e-02
1.010298962000000245e+00,-1.260020605383067004e-02
1.010498961999998890e+00,-1.259279017910548172e-02
1.010698962000000201e+00,-1.258539459526751385e-02
1.010898962000000401e+00,-1.257801868795582409e-02
1.011098961999999712e+00,-1.257066183607012493e-02
1.011298961999999690e+00,-1.256332341193189608e-02
1.011498962000000112e+00,-1.255600278144562189e-02
1.011698962000000535e+00,-1.254869930425984298e-02
1.011898961999999846e+00,-1.254141233392847173e-02
1.012098962000000490e+00,-1.253414121807184915e-02
1.012298962000000024e+00,-1.252688529853830147e-02
1.012498962000000446e+00,-1.251964391156500100e-02
1.012698961999999092e+00,-1.251241638793947758e-02
1.012898962000000402e+00,-1.250520205316028692e-02
1.013098961999999048e+00,-1.249800022759857757e-02
1.013298961999999914e+00,-1.249081022665828218e-02
1.013498962000000336e+00,-1.248363136093743296e-02
1.013698961999999870e+00,-1.247646293638839457e-02
1.013898961999998960e+00,-1.246930425447828096e-02
1.014098962000000270e+00,-1.246215461234903392e-02
1.014298962000000692e+00,-1.245501330297759703e-02
1.014498961999999560e+00,-1.244787961533536276e-02
1.014698961999999316e+00,-1.244075283454740104e-02
1.014898962000000182e+00,-1.243363224205177794e-02
1.015098962000000160e+00,-1.242651711575832284e-02
1.015298962000000138e+00,-1.241940673020675706e-02
1.015498962000000560e+00,-1.241230035672485910e-02
1.015698961999999650e+00,-1.240519726358620296e-02
1.015898962000000516e+00,-1.239809671616708131e-02
1.016098961999999162e+00,-1.239099797710365922e-02
1.016298962000000472e+00,-1.238390030644784603e-02
1.016498961999999562e+00,-1.237680296182373449e-02
1.016698961999999984e+00,-1.236970519858227209e-02
1.016898962000000628e+00,-1.236260626995665940e-02
1.017098961999999496e+00,-1.235550542721645245e-02
1.017298961999999918e+00,-1.234840191982108752e-02
1.017498962000000340e+00,-1.234129499557339894e-02
1.017698962000000762e+00,-1.233418390077200416e-02
1.017898961999999630e+00,-1.232706788036332102e-02
1.018098962000000052e+00,-1.231994617809269513e-02
1.018298962000000030e+00,-1.231281803665536592e-02
1.018498962000000230e+00,-1.230568269784622533e-02
1.018698961999999764e+00,-1.229853940270925552e-02
1.018898962000000408e+00,-1.229138739168595187e-02
1.019098961999999275e+00,-1.228422590476346485e-02
1.019298962000000142e+00,-1.227705418162128304e-02
1.019498962000000120e+00,-1.226987146177805840e-02
1.019698962000000542e+00,-1.226267698473682000e-02
1.019898961999999187e+00,-1.225546999013000724e-02
1.020098961999999609e+00,-1.224824971786305471e-02
1.020298962000000920e+00,-1.224101540825791451e-02
1.020498961999999565e+00,-1.223376630219527063e-02
1.020698961999999765e+00,-1.222650164125551123e-02
1.020898962000000187e+00,-1.221922066785982239e-02
1.021098962000000387e+00,-1.221192262540946732e-02
1.021298961999999921e+00,-1.220460675842463885e-02
1.021498962000000343e+00,-1.219727231268207153e-02
1.021698961999999877e+00,-1.218991853535215594e-02
1.021898961999999855e+00,-1.218254467513447264e-02
1.022098962000000055e+00,-1.217514998239299304e-02
1.022298962000000699e+00,-1.216773370928980399e-02
1.022498961999999345e+00,-1.216029510991818545e-02
1.022698961999999989e+00,-1.215283344043413365e-02
1.022898962000000633e+00,-1.214534795918770574e-02
1.023098961999999945e+00,-1.213783792685253077e-02
1.023298961999999701e+00,-1.213030260655453135e-02
1.023498962000000123e+00,-1.212274126399974505e-02
1.023698962000000545e+00,-1.211515316760084643e-02
1.023898961999999635e+00,-1.210753758860269591e-02
1.024098962000000501e+00,-1.209989380120648876e-02
1.024298962000000035e+00,-1.209222108269344259e-02
1.024498962000000013e+00,-1.208451871354646046e-02
1.024698961999999547e+00,-1.207678597757140190e-02
1.024898962000000413e+00,-1.206902216201671124e-02
1.025098961999999503e+00,-1.206122655769233457e-02
1.025298961999999925e+00,-1.205339845908674073e-02
1.025498962000000347e+00,-1.204553716448364051e-02
1.025698962000000325e+00,-1.203764197607678534e-02
1.025898961999999193e+00,-1.202971220008390574e-02
1.026098961999999837e+00,-1.202174714685918730e-02
1.026298962000000703e+00,-1.201374613100493483e-02
1.026498961999999793e+00,-1.200570847148164401e-02
1.026698961999999549e+00,-1.199763349171659166e-02
1.026898962000000193e+00,-1.198952051971182743e-02
1.027098962000000393e+00,-1.198136888815046902e-02
1.027298961999999705e+00,-1.197317793450168588e-02
1.027498962000000127e+00,-1.196494700112440621e-02
1.027698961999999661e+00,-1.195667543537012531e-02
1.027898962000000527e+00,-1.194836258968372256e-02
1.028098961999999617e+00,-1.194000782170370409e-02
1.028298962000000483e+00,-1.193161049436032572e-02
1.028498961999999572e+00,-1.192316997597334116e-02
1.028698961999999550e+00,-1.191468564034736319e-02
1.028898962000000417e+00,-1.190615686686675480e-02
1.029098961999999950e+00,-1.189758304058884109e-02
1.029298961999999484e+00,-1.188896355233550958e-02
1.029498962000000351e+00,-1.188029779878380099e-02
1.029698962000000551e+00,-1.187158518255525610e-02
1.029898961999999862e+00,-1.186282511230333722e-02
1.030098961999999618e+00,-1.185401700279989021e-02
1.030298962000000040e+00,-1.184516027502016504e-02
1.030498962000000018e+00,-1.183625435622648325e-02
1.030698961999999996e+00,-1.182729868005028516e-02
1.030898962000000418e+00,-1.181829268657299398e-02
1.031098961999999286e+00,-1.180923582240550607e-02
1.031298962000000152e+00,-1.180012754076590828e-02
1.031498961999999686e+00,-1.179096730155649100e-02
1.031698962000000552e+00,-1.178175457143846271e-02
1.031898961999999198e+00,-1.177248882390617875e-02
1.032098961999999842e+00,-1.176316953935884618e-02
1.032298962000000486e+00,-1.175379620517209497e-02
1.032498962000000020e+00,-1.174436831576711887e-02
1.032698961999999554e+00,-1.173488537267866616e-02
1.032898962000000198e+00,-1.172534688462177968e-02
1.033098962000000398e+00,-1.171575236755709355e-02
1.033298961999999932e+00,-1.170610134475440038e-02
1.033498961999999910e+00,-1.169639334685500243e-02
1.033698961999999888e+00,-1.168662791193270795e-02
1.033898962000000310e+00,-1.167680458555312925e-02
1.034098961999999622e+00,-1.166692292083188962e-02
1.034298962000000266e+00,-1.165698247849083352e-02
1.034498961999999356e+00,-1.164698282691366618e-02
1.034698962000000000e+00,-1.163692354219901526e-02
1.034898961999999978e+00,-1.162680420821325666e-02
1.035098962000000400e+00,-1.161662441664091695e-02
1.035298961999999268e+00,-1.160638376703431243e-02
1.035498962000000134e+00,-1.159608186686103548e-02
1.035698962000000556e+00,-1.158571833155102801e-02
1.035898961999999646e+00,-1.157529278454122804e-02
1.036098961999999846e+00,-1.156480485731911818e-02
1.036298962000000046e+00,-1.155425418946517263e-02
1.036498962000000246e+00,-1.154364042869343576e-02
1.036698961999999558e+00,-1.153296323089083794e-02
1.036898962000000424e+00,-1.152222226015494483e-02
1.037098961999999958e+00,-1.151141718883075954e-02
1.037298962000000380e+00,-1.150054769754522456e-02
1.037498961999999914e+00,-1.148961347524132814e-02
1.037698962000000780e+00,-1.147861421920978384e-02
1.037898961999999203e+00,-1.146754963512038386e-02
1.038098961999999625e+00,-1.145641943705050930e-02
1.038298962000000270e+00,-1.144522334751389876e-02
1.038498962000000247e+00,-1.143396109748673860e-02
1.038698961999999559e+00,-1.142263242643280254e-02
1.038898961999999981e+00,-1.141123708232709769e-02
1.039098962000000403e+00,-1.139977482167844891e-02
1.039298962000000159e+00,-1.138824540955027040e-02
1.039498962000000359e+00,-1.137664861957997549e-02
1.039698961999999671e+00,-1.136498423399741331e-02
1.039898962000000537e+00,-1.135325204364128274e-02
1.040098961999999405e+00,-1.134145184797509184e-02
1.040298962000000937e+00,-1.132958345510039211e-02
1.040498961999999361e+00,-1.131764668177051569e-02
1.040698962000000005e+00,-1.130564135340065071e-02
1.040898962000000205e+00,-1.129356730407892612e-02
1.041098962000000405e+00,-1.128142437657438969e-02
1.041298961999998829e+00,-1.126921242234457492e-02
1.041498961999999917e+00,-1.125693130154096708e-02
1.041698962000000561e+00,-1.124458088301445724e-02
1.041898961999999873e+00,-1.123216104431805015e-02
1.042098961999999629e+00,-1.121967167170879326e-02
1.042298962000000051e+00,-1.120711266014876029e-02
1.042498962000000029e+00,-1.119448391330436429e-02
1.042698962000000007e+00,-1.118178534354431243e-02
1.042898962000000651e+00,-1.116901687193646436e-02
1.043098961999999297e+00,-1.115617842824355443e-02
1.043298962000000163e+00,-1.114326995091683564e-02
1.043498961999999697e+00,-1.113029138708996821e-02
1.043698962000000785e+00,-1.111724269256984116e-02
1.043898961999999653e+00,-1.110412383182790910e-02
1.044098961999999631e+00,-1.109093477798852104e-02
1.044298962000000497e+00,-1.107767551281763421e-02
1.044498961999999587e+00,-1.106434602670953483e-02
1.044698961999999565e+00,-1.105094631867186220e-02
1.044898961999999987e+00,-1.103747639631059291e-02
1.045098962000000409e+00,-1.102393627581292959e-02
1.045298961999999943e+00,-1.101032598192936383e-02
1.045498962000000365e+00,-1.099664554795421953e-02
1.045698961999999899e+00,-1.098289501570572091e-02
1.045898962000000321e+00,-1.096907443550399451e-02
1.046098961999999855e+00,-1.095518386614882829e-02
1.046298962000000721e+00,-1.094122337489534906e-02
1.046498961999998922e+00,-1.092719303742975025e-02
1.046698962000000011e+00,-1.091309293784212438e-02
1.046898961999999988e+00,-1.089892316860055672e-02
1.047098962000000855e+00,-1.088468383052178939e-02
1.047298961999999278e+00,-1.087037503274259839e-02
1.047498961999999700e+00,-1.085599689268831533e-02
1.047698962000000567e+00,-1.084154953604236915e-02
1.047898961999999656e+00,-1.082703309671319974e-02
1.048098961999999634e+00,-1.081244771680020880e-02
1.048298961999999612e+00,-1.079779354655964821e-02
1.048498962000000478e+00,-1.078307074436848749e-02
1.048698962000000234e+00,-1.076827947668799849e-02
1.048898962000000878e+00,-1.075341991802544750e-02
1.049098961999999968e+00,-1.073849225089595558e-02
1.049298961999999946e+00,-1.072349666578201015e-02
1.049498961999999480e+00,-1.070843336109340155e-02
1.049698962000000346e+00,-1.069330254312496689e-02
1.049898961999999214e+00,-1.067810442601452477e-02
1.050098961999999636e+00,-1.066283923169839519e-02
1.050298962000000280e+00,-1.064750718986771233e-02
1.050498962000000258e+00,-1.063210853792256189e-02
1.050698961999999570e+00,-1.061664352092556857e-02
1.050898961999999548e+00,-1.060111239155453640e-02
1.051098962000000414e+00,-1.058551541005455648e-02
1.051298961999999726e+00,-1.056985284418901147e-02
1.051498962000000370e+00,-1.055412496918907601e-02
1.051698961999999682e+00,-1.053833206770381226e-02
1.051898962000000104e+00,-1.052247442974770485e-02
1.052098962000000082e+00,-1.050655235264897486e-02
1.052298962000000504e+00,-1.049056614099582070e-02
1.052498961999999594e+00,-1.047451610658276661e-02
1.052698962000000238e+00,-1.045840256835523646e-02
1.052898962000000216e+00,-1.044222585235469840e-02
1.053098962000000638e+00,-1.042598629166162708e-02
1.053298961999999062e+00,-1.040968422633887017e-02
1.053498961999999928e+00,-1.039332000337294185e-02
1.053698962000000350e+00,-1.037689397661651497e-02
1.053898962000000328e+00,-1.036040650672826954e-02
1.054098961999999862e+00,-1.034385796111307078e-02
1.054298961999999840e+00,-1.032724871386112193e-02
1.054498962000000262e+00,-1.031057914568671817e-02
1.054698962000000018e+00,-1.029384964386612436e-02
1.054898962000000440e+00,-1.027706060217454045e-02
1.055098961999999752e+00,-1.026021242082312407e-02
1.055298962000000174e+00,-1.024330550639441367e-02
1.055498961999999707e+00,-1.022634027177829301e-02
1.055698962000000796e+00,-1.020931713610602129e-02
1.055898961999999663e+00,-1.019223652468525740e-02
1.056098961999999641e+00,-1.017509886893250975e-02
1.056298962000000063e+00,-1.015790460630700345e-02
1.056498962000000041e+00,-1.014065418024281962e-02
1.056698961999999575e+00,-1.012334804008066524e-02
1.056898961999999997e+00,-1.010598664099917124e-02
1.057098962000000641e+00,-1.008857044394601346e-02
1.057298961999999953e+00,-1.007109991556808665e-02
1.057498961999999931e+00,-1.005357552814099831e-02
1.057698961999999909e+00,-1.003599775949889743e-02
1.057898961999999887e+00,-1.001836709296304376e-02
1.058098961999999865e+00,-1.000068401727030598e-02
1.058298962000000287e+00,-9.982949026501045792e-03
1.058498961999999377e+00,-9.965162620006903088e-03
1.058698962000000243e+00,-9.947325302337264516e-03
1.058898961999999555e+00,-9.929437583166951520e-03
1.059098962000000643e+00,-9.911499977221389576e-03
1.059298961999999289e+00,-9.893513004203765421e-03
1.059498961999999711e+00,-9.875477188719143304e-03
1.059698962000000355e+00,-9.857393060200976900e-03
1.059898962000000111e+00,-9.839261152835331384e-03
1.060098961999999645e+00,-9.821082005485336219e-03
1.060298962000000067e+00,-9.802856161615438463e-03
1.060498962000000489e+00,-9.784584169215567589e-03
1.060698962000000023e+00,-9.766266580724495411e-03
1.060898962000000445e+00,-9.747903952952914966e-03
1.061098961999999757e+00,-9.729496847007053709e-03
1.061298962000000179e+00,-9.711045828210735850e-03
1.061498961999999491e+00,-9.692551466028667684e-03
1.061698962000000579e+00,-9.674014333987889305e-03
1.061898961999999225e+00,-9.655435009600941976e-03
1.062098962000000313e+00,-9.636814074286230436e-03
1.062298962000000291e+00,-9.618152113291315169e-03
1.062498962000000713e+00,-9.599449715613134204e-03
1.062698961999999359e+00,-9.580707473920119233e-03
1.062898962000000003e+00,-9.561925984472405271e-03
1.063098962000000203e+00,-9.543105847043988413e-03
1.063298961999999737e+00,0.000000000000000000e+00
1.063498962000000159e+00,0.000000000000000000e+00
1.063698962000000137e+00,0.000000000000000000e+00
1.063898962000000559e+00,0.000000000000000000e+00
1.064098962000000093e+00,0.000000000000000000e+00
1.064298962000000515e+00,0.000000000000000000e+00
1.064498961999999604e+00,0.000000000000000000e+00
1.064698962000000027e+00,0.000000000000000000e+00
1.064898961999999116e+00,-1.080917943837658192e-02
1.065098962000000427e+00,-1.082604199252701002e-02
1.065298961999999072e+00,-1.084293596022067700e-02
1.065498961999999938e+00,-1.085986140935147302e-02
1.065698962000000805e+00,-1.087681840798721510e-02
1.065898962000000338e+00,-1.089380702437076770e-02
1.066098961999999650e+00,-1.091082732692066730e-02
1.066298961999999850e+00,-1.092787938423139815e-02
1.066498962000000272e+00,-1.094496326507369936e-02
1.066698961999999806e+00,-1.096207903839513213e-02
1.066898962000000006e+00,-1.097922677332082916e-02
1.067098961999999984e+00,-1.099640653915352415e-02
1.067298962000000406e+00,-1.101361840537432371e-02
1.067498961999999718e+00,-1.103086244164285142e-02
1.067698962000000584e+00,-1.104813871779825214e-02
1.067898961999999674e+00,-1.106544730385874975e-02
1.068098962000000096e+00,-1.108278827002315975e-02
1.068298962000000074e+00,-1.110016168667034980e-02
1.068498962000000496e+00,-1.111756762436031873e-02
1.068698961999998698e+00,-1.113500615383408027e-02
1.068898962000000008e+00,-1.115247734601510811e-02
1.069098962000001318e+00,-1.116998127200828639e-02
1.069298961999999964e+00,-1.118751800310111531e-02
1.069498961999999498e+00,-1.120508761076462537e-02
1.069698961999999920e+00,-1.122269016665289332e-02
1.069898961999999898e+00,-1.124032574260366152e-02
1.070098961999999876e+00,-1.125799441063897628e-02
1.070298962000000298e+00,-1.127569624296541860e-02
1.070498961999999388e+00,-1.129343131197427415e-02
1.070698962000000698e+00,-1.131119969024257758e-02
1.070898961999999566e+00,-1.132900145053226081e-02
1.071098962000000654e+00,-1.134683666579207675e-02
1.071298961999999744e+00,-1.136470540915631398e-02
1.071498961999999722e+00,-1.138260775394655394e-02
1.071698962000000366e+00,-1.140054377367110197e-02
1.071898961999999678e+00,-1.141851354202542274e-02
1.072098961999999434e+00,-1.143651713289292951e-02
1.072298962000000078e+00,-1.145455462034487490e-02
1.072498962000000500e+00,-1.147262607864059543e-02
1.072698961999999812e+00,-1.149073158222794176e-02
1.072898962000000456e+00,-1.150887120574388585e-02
1.073098962000000212e+00,-1.152704502401402306e-02
1.073298961999999968e+00,-1.154525311205356099e-02
1.073498961999999501e+00,-1.156349554506715289e-02
1.073698962000000368e+00,-1.158177239844944417e-02
1.073898961999999457e+00,-1.160008374778468028e-02
1.074098962000000324e+00,-1.161842966884796095e-02
1.074298961999999857e+00,-1.163681023760423060e-02
1.074498962000000724e+00,-1.165522553020962443e-02
1.074698961999999147e+00,-1.167367562301051091e-02
1.074898961999999791e+00,-1.169216059254503913e-02
1.075098962000000435e+00,-1.171068051554189325e-02
1.075298961999999747e+00,-1.172923546892115643e-02
1.075498961999999947e+00,-1.174782552979466987e-02
1.075698962000000147e+00,-1.176645077546556277e-02
1.075898962000000569e+00,-1.178511128342874144e-02
1.076098961999999659e+00,-1.180380713137071241e-02
1.076298962000000525e+00,-1.182253839717026071e-02
1.076498961999999837e+00,-1.184130515889750268e-02
1.076698962000000037e+00,-1.186010749481504478e-02
1.076898961999999571e+00,-1.187894548337712838e-02
1.077098962000000437e+00,-1.189781920323036701e-02
1.077298961999999083e+00,-1.191672873321285818e-02
1.077498961999999949e+00,-1.193567415235550870e-02
1.077698962000000371e+00,-1.195465553988052376e-02
1.077898962000000349e+00,-1.197367297520234020e-02
1.078098961999999217e+00,-1.199272653792722056e-02
1.078298961999999861e+00,-1.201181630785358792e-02
1.078498962000000283e+00,-1.203094236497113424e-02
1.078698961999999595e+00,-1.205010478946126444e-02
1.078898962000000017e+00,-1.206930366169720048e-02
1.079098961999999995e+00,-1.208853906224311749e-02
1.079298962000000417e+00,-1.210781107185460864e-02
1.079498961999999729e+00,-1.212711977147804161e-02
1.079698962000000373e+00,-1.214646524225093671e-02
1.079898961999999241e+00,-1.216584756550084800e-02
1.080098962000000107e+00,-1.218526682274631741e-02
1.080298961999999641e+00,-1.220472309569524405e-02
1.080498962000000507e+00,-1.222421646624587133e-02
1.080698961999999375e+00,-1.224374701648531932e-02
1.080898962000000019e+00,-1.226331482869052851e-02
1.081098962000000441e+00,-1.228291998532663777e-02
1.081298961999999975e+00,-1.230256256904732788e-02
1.081498961999999509e+00,-1.232224266269441558e-02
1.081698962000000153e+00,-1.234196034929732448e-02
1.081898961999999909e+00,-1.236171571207229924e-02
1.082098961999999887e+00,-1.238150883442255476e-02
1.082298962000000309e+00,-1.240133979993737236e-02
1.082498961999999620e+00,-1.242120869239151867e-02
1.082698962000000265e+00,-1.244111559574523698e-02
1.082898961999999354e+00,-1.246106059414278308e-02
1.083098962000000443e+00,-1.248104377191297000e-02
1.083298961999999754e+00,-1.250106521356717654e-02
1.083498961999999732e+00,-1.252112500380007584e-02
1.083698962000000154e+00,-1.254122322748802039e-02
1.083898962000000132e+00,-1.256135996968855972e-02
1.084098961999999666e+00,-1.258153531563985413e-02
1.084298962000000088e+00,-1.260174935075994949e-02
1.084498962000000954e+00,-1.262200216064567407e-02
1.084698962000000044e+00,-1.264229383107180228e-02
1.084898962000000022e+00,-1.266262444799087436e-02
1.085098962000000000e+00,-1.268299409753144945e-02
1.085298961999999978e+00,-1.270340286599763897e-02
1.085498961999999512e+00,-1.272385083986801724e-02
1.085698962000000822e+00,-1.274433810579496916e-02
1.085898961999999468e+00,-1.276486475060266586e-02
1.086098962000000556e+00,-1.278543086128774639e-02
1.086298961999999202e+00,-1.280603652501616230e-02
1.086498962000000290e+00,-1.282668182912412649e-02
1.086698961999999602e+00,-1.284736686111500117e-02
1.086898961999999580e+00,-1.286809170865972629e-02
1.087098962000000224e+00,-1.288885645959465462e-02
1.087298961999999980e+00,-1.290966120192038082e-02
1.087498961999999736e+00,-1.293050602380085672e-02
1.087698962000000380e+00,-1.295139101356178497e-02
1.087898962000000136e+00,-1.297231625968897628e-02
1.088098961999999670e+00,-1.299328185082745599e-02
1.088298962000000536e+00,-1.301428787577984213e-02
1.088498961999999848e+00,-1.303533442350430019e-02
1.088698962000000492e+00,-1.305642158311406606e-02
1.088898961999999582e+00,-1.307754944387466700e-02
1.089098962000000892e+00,-1.309871809520359726e-02
1.089298961999999094e+00,-1.311992762666700299e-02
1.089498961999999960e+00,-1.314117812798008822e-02
1.089698961999999938e+00,-1.316246968900323597e-02
1.089898962000000360e+00,-1.318380239974169775e-02
1.090098961999999228e+00,-1.320517635034289955e-02
1.090298961999999872e+00,-1.322659163109546343e-02
1.090498962000000294e+00,-1.324804833242615269e-02
1.090698961999999828e+00,-1.326954654489860552e-02
1.090898962000000028e+00,-1.329108635921141292e-02
1.091098962000000006e+00,-1.331266786619553222e-02
1.091298962000000428e+00,-1.333429115681262177e-02
1.091498961999999739e+00,-1.335595632215244230e-02
1.091698962000000606e+00,-1.337766345343136855e-02
1.091898961999999695e+00,-1.339941264198896836e-02
1.092098962000000117e+00,-1.342120397928709546e-02
1.092298961999999429e+00,-1.344303755690616498e-02
1.092498962000000962e+00,-1.346491346654399464e-02
1.092698961999999607e+00,-1.348683180001176291e-02
1.092898961999999585e+00,-1.350879264923345383e-02
1.093098962000000451e+00,-1.353079610624171279e-02
1.093298961999999985e+00,-1.355284226317554803e-02
1.093498961999999519e+00,-1.357493121227822119e-02
1.093698961999999941e+00,-1.359706304589406757e-02
1.093898962000000363e+00,-1.361923785646553496e-02
1.094098961999999897e+00,-1.364145573653052779e-02
1.094298962000000319e+00,-1.366371677871981022e-02
1.094498961999999853e+00,-1.368602107575327825e-02
1.094698962000000275e+00,-1.370836872043779825e-02
1.094898961999999365e+00,-1.373075980566320145e-02
1.095098962000000453e+00,-1.375319442440024395e-02
1.095298961999999765e+00,-1.377567266969594376e-02
1.095498962000000187e+00,-1.379819463467188423e-02
1.095698962000000165e+00,-1.382076041251957890e-02
1.095898962000000587e+00,-1.384337009649789715e-02
1.096098961999999677e+00,-1.386602377992898240e-02
1.096298962000000099e+00,-1.388872155619554245e-02
1.096498962000000521e+00,-1.391146351873629936e-02
1.096698961999999833e+00,-1.393424976104281482e-02
1.096898961999999589e+00,-1.395708037665601906e-02
1.097098962000000011e+00,-1.397995545916198845e-02
1.097298962000000211e+00,-1.400287510218808408e-02
1.097498962000000189e+00,-1.402583939939927582e-02
1.097698962000000389e+00,-1.404884844449406402e-02
1.097898961999999479e+00,-1.407190233120017564e-02
1.098098962000000345e+00,-1.409500115327111044e-02
1.098298961999999213e+00,-1.411814500448066792e-02
1.098498962000000301e+00,-1.414133397862037990e-02
1.098698961999999613e+00,-1.416456816949324821e-02
1.098898961999999591e+00,-1.418784767091102982e-02
1.099098962000000013e+00,-1.421117257668868573e-02
1.099298962000000213e+00,-1.423454298064004420e-02
1.099498961999999969e+00,-1.425795897657326436e-02
1.099698961999999947e+00,-1.428142065828615775e-02
1.099898962000000369e+00,-1.430492811956122177e-02
1.100098961999999680e+00,-1.432848145416060551e-02
1.100298962000000103e+00,-1.435208075582179721e-02
1.100498962000000081e+00,-1.437572611825169155e-02
1.100698962000000058e+00,-1.439941763512216262e-02
1.100898961999999814e+00,-1.442315540006453359e-02
1.101098962000000903e+00,-1.444693950666461023e-02
1.101298961999999548e+00,-1.447077004845643937e-02
1.101498962000000414e+00,-1.449464711891852893e-02
1.101698961999999504e+00,-1.451857081146627239e-02
1.101898962000000592e+00,-1.454254121944829371e-02
1.102098961999999238e+00,-1.456655843613884928e-02
1.102298961999999660e+00,-1.459062255473407566e-02
1.102498962000000304e+00,-1.461473366834434989e-02
1.102698962000000060e+00,-1.463889186998913045e-02
1.102898962000000038e+00,-1.466309725259111116e-02
1.103098961999999794e+00,-1.468734990896963452e-02
1.103298962000000438e+00,-1.471164993183483871e-02
1.103498961999999750e+00,-1.473599741378078982e-02
1.103698962000000172e+00,-1.476039244728002617e-02
1.103898961999999706e+00,-1.478483512467597405e-02
1.104098961999999906e+00,-1.480932553817734462e-02
1.104298961999999662e+00,-1.483386377985071447e-02
1.104498962000000528e+00,-1.485844994161438989e-02
1.104698961999999618e+00,-1.488308411523068912e-02
1.104898962000000040e+00,-1.490776639230027845e-02
1.105098962000000018e+00,-1.493249686425379176e-02
1.105298961999999996e+00,-1.495727562234554914e-02
1.105498961999999530e+00,-1.498210275764594659e-02
1.105698961999999952e+00,-1.500697836103446689e-02
1.105898962000000374e+00,-1.503190252319171714e-02
1.106098961999999908e+00,-1.505687533459220545e-02
1.106298962000000330e+00,-1.508189688549704290e-02
1.106498961999999864e+00,-1.510696726594542086e-02
1.106698962000000286e+00,-1.513208656574769988e-02
1.106898961999999376e+00,-1.515725487447651745e-02
1.107098962000000242e+00,-1.518247228145994110e-02
1.107298961999999332e+00,-1.520773887577182848e-02
1.107498962000000420e+00,-1.523305474622535863e-02
1.107698961999999732e+00,-1.525841998136280922e-02
1.107898962000000820e+00,-1.528383466944902187e-02
1.108098961999999466e+00,-1.530929889846091574e-02
1.108298961999999888e+00,-1.533481275608093372e-02
1.108498962000000310e+00,-1.536037632968642944e-02
1.108698962000000066e+00,-1.538598970634172391e-02
1.108898962000000044e+00,-1.541165297278918392e-02
1.109098962000000244e+00,-1.543736621543985270e-02
1.109298962000000444e+00,-1.546312952036436525e-02
1.109498961999999977e+00,-1.548894297328361203e-02
1.109698962000000400e+00,-1.551480665955968022e-02
1.109898961999999711e+00,-1.554072066418563450e-02
1.110098962000000355e+00,-1.556668507177690584e-02
1.110298961999999445e+00,-1.559269996656032636e-02
1.110498962000000311e+00,-1.561876543236575925e-02
1.110698961999999623e+00,-1.564488155261451949e-02
1.110898962000000267e+00,-1.567104841031094140e-02
1.111098961999999801e+00,-1.569726608803075074e-02
1.111298962000000223e+00,-1.572353466791202858e-02
1.111498961999999757e+00,-1.574985423164374301e-02
1.111698962000000179e+00,-1.577622486045620470e-02
1.111898962000000157e+00,-1.580264663510956569e-02
1.112098961999999691e+00,-1.582911963588365736e-02
1.112298962000000113e+00,-1.585564394256715540e-02
1.112498962000000091e+00,-1.588221963444606463e-02
1.112698962000000513e+00,-1.590884679029326565e-02
1.112898961999999603e+00,-1.593552548835671864e-02
1.113098962000000913e+00,-1.596225580634914182e-02
1.113298961999999337e+00,-1.598903782143477198e-02
1.113498962000000425e+00,-1.601587161022034050e-02
1.113698961999999071e+00,-1.604275724874060227e-02
1.113898962000000381e+00,-1.606969481244929429e-02
1.114098961999999693e+00,-1.609668437620459178e-02
1.114298962000000115e+00,-1.612372601425939717e-02
1.114498962000000093e+00,-1.615081980024757335e-02
1.114698961999999849e+00,-1.617796580717250840e-02
1.114898961999999827e+00,-1.620516410739452837e-02
1.115098962000000249e+00,-1.623241477261836568e-02
1.115298962000000227e+00,-1.625971787388037770e-02
1.115498961999999539e+00,-1.628707348153607751e-02
1.115698962000000627e+00,-1.631448166524750859e-02
1.115898962000000161e+00,-1.634194249396915197e-02
1.116098962000000583e+00,-1.636945603593635210e-02
1.116298961999999673e+00,-1.639702235865072785e-02
1.116498962000000539e+00,-1.642464152886812315e-02
1.116698961999999407e+00,-1.645231361258351482e-02
1.116898962000000051e+00,-1.648003867501937614e-02
1.117098961999999585e+00,-1.650781678061003996e-02
1.117298962000000007e+00,-1.653564799298942734e-02
1.117498961999999540e+00,-1.656353237497592071e-02
1.117698961999999963e+00,-1.659146998855928756e-02
1.117898962000000385e+00,-1.661946089488563344e-02
1.118098961999999919e+00,-1.664750515424343394e-02
1.118298961999999674e+00,-1.667560282604938979e-02
1.118498961999999874e+00,-1.670375396883345270e-02
1.118698962000000519e+00,-1.673195864022422250e-02
1.118898961999999386e+00,-1.676021689693389660e-02
1.119098962000000475e+00,-1.678852879474448251e-02
1.119298961999999786e+00,-1.681689438849075235e-02
1.119498962000000208e+00,-1.684531373204722210e-02
1.119698961999999298e+00,-1.687378687831105062e-02
1.119898962000000608e+00,-1.690231387918829375e-02
1.120098961999999698e+00,-1.693089478557635932e-02
1.120298961999999676e+00,-1.695952964735054219e-02
1.120498962000000098e+00,-1.698821851334670827e-02
1.120698962000000076e+00,-1.701696143134579994e-02
1.120898962000000054e+00,-1.704575844805808829e-02
1.121098962000000032e+00,-1.707460960910677644e-02
1.121298962000000232e+00,-1.710351495901184932e-02
1.121498961999999988e+00,-1.713247454117351395e-02
1.121698962000000188e+00,-1.716148839785605618e-02
1.121898961999999944e+00,-1.719055657017080213e-02
1.122098962000000366e+00,-1.721967909805982577e-02
1.122298961999999456e+00,-1.724885602027843162e-02
1.122498962000000322e+00,-1.727808737437937919e-02
1.122698961999999856e+00,-1.730737319669411675e-02
1.122898962000000278e+00,-1.733671352231725554e-02
1.123098961999999812e+00,-1.736610838508794233e-02
1.123298962000000456e+00,-1.739555781757350095e-02
1.123498961999999546e+00,-1.742506185105067648e-02
1.123698961999999746e+00,-1.745462051548943988e-02
1.123898962000000612e+00,-1.748423383953395110e-02
1.124098961999999924e+00,-1.751390185048487536e-02
1.124298962000000124e+00,-1.754362457428232727e-02
1.124498962000000102e+00,-1.757340203548655305e-02
1.124698962000000080e+00,-1.760323425726038893e-02
1.124898962000000058e+00,-1.763312126135073432e-02
1.125098962000000480e+00,-1.766306306807017765e-02
1.125298961999999570e+00,-1.769305969627805314e-02
1.125498961999999992e+00,-1.772311116336277789e-02
1.125698961999999081e+00,-1.775321748522158682e-02
1.125898962000000392e+00,-1.778337867624341442e-02
1.126098961999999926e+00,-1.781359474928785255e-02
1.126298961999999904e+00,-1.784386571566807383e-02
1.126498962000000326e+00,-1.787419158513045905e-02
1.126698961999999860e+00,-1.790457236583533826e-02
1.126898961999999838e+00,-1.793500806433826616e-02
1.127098961999999815e+00,-1.796549868556983690e-02
1.127298962000000238e+00,-1.799604423281647020e-02
1.127498961999999771e+00,-1.802664470770032681e-02
1.127698962000000638e+00,-1.805730011016033060e-02
1.127898962000000171e+00,-1.808801043843099449e-02
1.128098962000000149e+00,-1.811877568902381039e-02
1.128298961999999683e+00,-1.814959585670618963e-02
1.128498962000000549e+00,-1.818047093448202367e-02
1.128698961999999639e+00,-1.821140091357024982e-02
1.128898962000000061e+00,-1.824238578338629319e-02
1.129098961999999595e+00,-1.827342553151977897e-02
1.129298962000000461e+00,-1.830452014371552333e-02
1.129498961999999995e+00,-1.833566960385151628e-02
1.129698961999999751e+00,-1.836687389391958303e-02
1.129898962000000395e+00,-1.839813299400384905e-02
1.130098961999999929e+00,-1.842944688225958347e-02
1.130298961999999907e+00,-1.846081553489323929e-02
1.130498961999999885e+00,-1.849223892614057160e-02
1.130698962000000307e+00,-1.852371702824597011e-02
1.130898961999999841e+00,-1.855524981144090688e-02
1.131098962000000707e+00,-1.858683724392350828e-02
1.131298962000000019e+00,-1.861847929183587519e-02
1.131498961999999997e+00,-1.865017591924431409e-02
1.131698961999999753e+00,-1.868192708811663300e-02
1.131898962000000619e+00,-1.871373275830136990e-02
1.132098961999999709e+00,-1.874559288750529684e-02
1.132298961999999687e+00,-1.877750743127326247e-02
1.132498961999999887e+00,-1.880947634296509935e-02
1.132698962000000087e+00,-1.884149957373444997e-02
1.132898962000000065e+00,-1.887357707250691269e-02
1.133098962000000043e+00,-1.890570878595819460e-02
1.133298962000000465e+00,-1.893789465849221934e-02
1.133498961999999999e+00,-1.897013463221873530e-02
1.133698961999999977e+00,-1.900242864693212075e-02
1.133898961999999733e+00,-1.903477664008849241e-02
1.134098962000000377e+00,-1.906717854678420185e-02
1.134298961999999467e+00,-1.909963429973291632e-02
1.134498962000000777e+00,-1.913214382924490961e-02
1.134698961999999867e+00,-1.916470706320252265e-02
1.134898962000000289e+00,-1.919732392704058543e-02
1.135098961999999601e+00,-1.922999434372181515e-02
1.135298962000000689e+00,-1.926271823371634995e-02
1.135498961999999779e+00,-1.929549551497744542e-02
1.135698961999999757e+00,-1.932832610292130326e-02
1.135898962000000401e+00,-1.936120991040307313e-02
1.136098962000000157e+00,-1.939414684769473485e-02
1.136298962000000135e+00,-1.942713682246333812e-02
1.136498962000000112e+00,-1.946017973974792370e-02
1.136698961999999868e+00,-1.949327550193728775e-02
1.136898962000000068e+00,-1.952642400874764900e-02
1.137098962000000268e+00,-1.955962515719992384e-02
1.137298961999999580e+00,-1.959287884159738660e-02
1.137498962000000224e+00,-1.962618495350365935e-02
1.137698961999999536e+00,-1.965954338171916130e-02
1.137898962000000402e+00,-1.969295401226021230e-02
1.138098961999999714e+00,-1.972641672833474330e-02
1.138298961999999914e+00,-1.975993141032187858e-02
1.138498961999999892e+00,-1.979349793574787866e-02
1.138698962000000314e+00,-1.982711617926475461e-02
1.138898961999999848e+00,-1.986078601262723439e-02
1.139098961999999826e+00,-1.989450730467121412e-02
1.139298962000000248e+00,-1.992827992129080766e-02
1.139498961999999782e+00,-1.996210372541607284e-02
1.139698961999999982e+00,-1.999597857699149731e-02
1.139898961999999960e+00,-2.002990433295285047e-02
1.140098961999999938e+00,-2.006388084720573534e-02
1.140298961999999694e+00,-2.009790797060317241e-02
1.140498962000000560e+00,-2.013198555092390873e-02
1.140698961999999650e+00,-2.016611343284942237e-02
1.140898962000000516e+00,-2.020029145794381004e-02
1.141098961999999162e+00,-2.023451946462956341e-02
1.141298962000000472e+00,-2.026879728816851495e-02
1.141498962000000228e+00,-2.030312476063707988e-02
1.141698961999999984e+00,-2.033750171090708755e-02
1.141898961999999962e+00,-2.037192796462300448e-02
1.142098961999999940e+00,-2.040640334418064236e-02
1.142298961999999918e+00,-2.044092766870572037e-02
1.142498961999999896e+00,-2.047550075403260783e-02
1.142698962000000096e+00,-2.051012241268309125e-02
1.142898962000000074e+00,-2.054479245384509267e-02
1.143098962000000496e+00,-2.057951068335192243e-02
1.143298962000000030e+00,-2.061427690366080673e-02
1.143498962000000230e+00,-2.064909091383298340e-02
1.143698961999999320e+00,-2.068395250951179584e-02
1.143898962000000630e+00,-2.071886148290367699e-02
1.144098961999999720e+00,-2.075381762275542094e-02
1.144298962000000142e+00,-2.078882071433656512e-02
1.144498961999999675e+00,-2.082387053941679028e-02
1.144698962000000320e+00,-2.085896687624764698e-02
1.144898961999999631e+00,-2.089410949954106575e-02
1.145098961999999609e+00,-2.092929818045113910e-02
1.145298962000000476e+00,-2.096453268655343316e-02
1.145498961999999787e+00,-2.099981278182532635e-02
1.145698962000000209e+00,-2.103513822662809660e-02
1.145898961999999965e+00,-2.107050877768603184e-02
1.146098961999999943e+00,-2.110592418806877049e-02
1.146298961999999921e+00,-2.114138420717181360e-02
1.146498962000000565e+00,-2.117688858069821309e-02
1.146698961999999877e+00,-2.121243705063953489e-02
1.146898961999999855e+00,-2.124802935525879968e-02
1.147098961999999389e+00,-2.128366522907114075e-02
1.147298962000000477e+00,-2.131934440282702570e-02
1.147498962000000011e+00,-2.135506660349324390e-02
1.147698961999999323e+00,-2.139083155423701643e-02
1.147898962000000189e+00,-2.142663897440820128e-02
1.148098961999999723e+00,-2.146248857952120365e-02
1.148298962000000145e+00,-2.149838008124015792e-02
1.148498961999999901e+00,-2.153431318736054312e-02
1.148698962000000101e+00,-2.157028760179423646e-02
1.148898961999999857e+00,-2.160630302455245760e-02
1.149098962000000501e+00,-2.164235915173071817e-02
1.149298962000000035e+00,-2.167845567549231758e-02
1.149498962000000013e+00,-2.171459228405418079e-02
1.149698961999999547e+00,-2.175076866167082595e-02
1.149898962000000413e+00,-2.178698448862033052e-02
1.150098961999999947e+00,-2.182323944118871525e-02
1.150298961999999925e+00,-2.185953319165721137e-02
1.150498961999999903e+00,-2.189586540828715802e-02
1.150698962000000325e+00,-2.193223575530684269e-02
1.150898961999999859e+00,-2.196864389289778299e-02
1.151098961999999615e+00,-2.200508947718233035e-02
1.151298962000000259e+00,-2.204157216021039589e-02
1.151498961999999793e+00,-2.207809158994674878e-02
1.151698962000000215e+00,-2.211464741025999034e-02
1.151898961999999971e+00,-2.215123926090941178e-02
1.152098962000000171e+00,-2.218786677753475239e-02
1.152298962000000149e+00,-2.222452959164422648e-02
1.152498962000000571e+00,-2.226122733060430930e-02
1.152698962000000105e+00,-2.229795961762880835e-02
1.152898962000000083e+00,-2.233472607176953048e-02
1.153098961999999394e+00,-2.237152630790575220e-02
1.153298962000000483e+00,-2.240835993673596580e-02
1.153498961999999572e+00,-2.244522656476712064e-02
1.153698961999999550e+00,-2.248212579430850303e-02
1.153898961999999973e+00,-2.251905722346157768e-02
1.154098961999999950e+00,-2.255602044611289270e-02
1.154298962000000150e+00,-2.259301505192697415e-02
1.154498961999999906e+00,-2.263004062633886329e-02
1.154698962000000328e+00,-2.266709675054808318e-02
1.154898962000000084e+00,-2.270418300151180041e-02
1.155098962000000284e+00,-2.274129895193995055e-02
1.155298961999999818e+00,-2.277844417028909718e-02
1.155498962000000240e+00,-2.281561822075853230e-02
1.155698961999999774e+00,-2.285282066328479800e-02
1.155898962000000418e+00,-2.289005105353895952e-02
1.156098961999999730e+00,-2.292730894292172722e-02
1.156298962000000152e+00,-2.296459387856208956e-02
1.156498961999999686e+00,-2.300190540331305961e-02
1.156698962000000552e+00,-2.303924305575127257e-02
1.156898961999999642e+00,-2.307660637017353022e-02
1.157098961999999620e+00,-2.311399487659790766e-02
1.157298962000000486e+00,-2.315140810076146693e-02
1.157498962000000020e+00,-2.318884556412043052e-02
1.157698961999999998e+00,-2.322630678385162808e-02
1.157898961999999976e+00,-2.326379127285229526e-02
1.158098961999999954e+00,-2.330129853974219345e-02
1.158298961999999932e+00,-2.333882808886543828e-02
1.158498962000000576e+00,-2.337637942029315366e-02
1.158698961999999888e+00,-2.341395202982600454e-02
1.158898962000000310e+00,-2.345154540899920328e-02
1.159098961999999400e+00,-2.348915904508492095e-02
1.159298962000000710e+00,-2.352679242109918106e-02
1.159498961999999578e+00,-2.356444501580448256e-02
1.159698961999999778e+00,-2.360211630371891744e-02
1.159898962000000200e+00,-2.363980575512017804e-02
1.160098962000000178e+00,-2.367751283605368587e-02
1.160298961999999934e+00,-2.371523700834042916e-02
1.160498961999999912e+00,-2.375297772958513687e-02
1.160698962000000112e+00,-2.379073445318512225e-02
1.160898962000000090e+00,-2.382850662833983779e-02
1.161098962000000068e+00,-2.386629370006137368e-02
1.161298961999999824e+00,-2.390409510918495989e-02
1.161498962000000246e+00,-2.394191029238087326e-02
1.161698961999999780e+00,-2.397973868216584162e-02
1.161898962000000424e+00,-2.401757970691697358e-02
1.162098961999999513e+00,-2.405543279088366571e-02
1.162298962000000380e+00,-2.409329735420377358e-02
1.162498961999999025e+00,-2.413117281291593877e-02
1.162698962000000336e+00,-2.416905857897803239e-02
1.162898961999999869e+00,-2.420695406028005106e-02
1.163098961999999625e+00,-2.424485866066384415e-02
1.163298961999999825e+00,-2.428277177993933000e-02
1.163498961999999803e+00,-2.432069281390279378e-02
1.163698962000000003e+00,-2.435862115435644473e-02
1.163898961999999981e+00,-2.439655618912769594e-02
1.164098961999999959e+00,-2.443449730209003995e-02
1.164298962000000159e+00,-2.447244387318407016e-02
1.164498962000000581e+00,-2.451039527843950488e-02
1.164698961999999671e+00,-2.454835088999762771e-02
1.164898962000000093e+00,-2.458631007613588590e-02
1.165098961999999627e+00,-2.462427220129048341e-02
1.165298962000000493e+00,-2.466223662608312342e-02
1.165498961999999583e+00,-2.470020270734502726e-02
1.165698962000000005e+00,-2.473816979814576558e-02
1.165898961999999761e+00,-2.477613724781848117e-02
1.166098962000000183e+00,-2.481410440198972625e-02
1.166298961999999717e+00,-2.485207060260733597e-02
1.166498961999999917e+00,-2.489003518797137243e-02
1.166698962000000339e+00,-2.492799749276385091e-02
1.166898961999999873e+00,-2.496595684808046445e-02
1.167098962000000073e+00,-2.500391258146359916e-02
1.167298962000000051e+00,-2.504186401693450637e-02
1.167498962000000251e+00,-2.507981047502804220e-02
1.167698962000000007e+00,-2.511775127282712614e-02
1.167898962000000651e+00,-2.515568572399903141e-02
1.168098961999999741e+00,-2.519361313883095380e-02
1.168298962000000163e+00,-2.523153282426919899e-02
1.168498961999999253e+00,-2.526944408395551123e-02
1.168698962000000563e+00,-2.530734621826856087e-02
1.168898962000000097e+00,-2.534523852436149430e-02
1.169098961999999631e+00,-2.538312029620551358e-02
1.169298962000000275e+00,-2.542099082463063556e-02
1.169498961999999809e+00,-2.545884939736807809e-02
1.169698962000000009e+00,-2.549669529909543222e-02
1.169898961999999987e+00,-2.553452781148012746e-02
1.170098961999999965e+00,-2.557234621322581475e-02
1.170298961999999943e+00,-2.561014978011870794e-02
1.170498962000000365e+00,-2.564793778507526781e-02
1.170698961999999899e+00,-2.568570949819025048e-02
1.170898962000000321e+00,-2.572346418678710112e-02
1.171098961999999633e+00,-2.576120111546704658e-02
1.171298962000000277e+00,-2.579891954616204269e-02
1.171498961999999811e+00,-2.583661873818535876e-02
1.171698962000000233e+00,-2.587429794828667237e-02
1.171898961999999766e+00,-2.591195643070480850e-02
1.172098962000000411e+00,-2.594959343722453779e-02
1.172298961999999722e+00,-2.598720821723123076e-02
1.172498961999999478e+00,-2.602480001776989738e-02
1.172698962000000567e+00,-2.606236808360244683e-02
1.172898961999999656e+00,-2.609991165726643220e-02
1.173098962000000078e+00,-2.613742997913743107e-02
1.173298961999999834e+00,-2.617492228748814764e-02
1.173498962000000034e+00,-2.621238781855236150e-02
1.173698962000000012e+00,-2.624982580658747830e-02
1.173898962000000434e+00,-2.628723548393950560e-02
1.174098961999999968e+00,-2.632461608110803208e-02
1.174298961999999946e+00,-2.636196682681352446e-02
1.174498961999999480e+00,-2.639928694806409348e-02
1.174698962000000346e+00,-2.643657567022503554e-02
1.174898961999999880e+00,-2.647383221708722589e-02
1.175098961999999414e+00,-2.651105581093947394e-02
1.175298962000000280e+00,-2.654824567263960530e-02
1.175498961999999814e+00,-2.658540102168667138e-02
1.175698962000000014e+00,-2.662252107629657638e-02
1.175898961999999770e+00,-2.665960505347564000e-02
1.176098962000000192e+00,-2.669665216909786892e-02
1.176298961999999948e+00,-2.673366163798123959e-02
1.176498962000000592e+00,-2.677063267396711382e-02
1.176698961999999682e+00,-2.680756448999840891e-02
1.176898962000000104e+00,-2.684445629820186169e-02
1.177098961999999638e+00,-2.688130730996772175e-02
1.177298962000000282e+00,-2.691811673603431224e-02
1.177498961999999816e+00,-2.695488378657029394e-02
1.177698962000000016e+00,-2.699160767126122448e-02
1.177898961999999994e+00,-2.702828759939438635e-02
1.178098962000000416e+00,-2.706492277994682755e-02
1.178298961999999950e+00,-2.710151242167306226e-02
1.178498961999999484e+00,-2.713805573319532510e-02
1.178698962000000350e+00,-2.717455192309384954e-02
1.178898961999999884e+00,-2.721100019999781600e-02
1.179098961999999862e+00,-2.724739977267977634e-02
1.179298962000000062e+00,-2.728374985014845114e-02
1.179498961999999818e+00,-2.732004964174424011e-02
1.179698962000000240e+00,-2.735629835723582537e-02
1.179898962000000218e+00,-2.739249520691700371e-02
1.180098962000000196e+00,-2.742863940170585726e-02
1.180298962000000174e+00,-2.746473015324416359e-02
1.180498961999999707e+00,-2.750076667399829061e-02
1.180698962000000574e+00,-2.753674817736164598e-02
1.180898961999999885e+00,-2.757267387775672388e-02
1.181098961999999641e+00,-2.760854299074101681e-02
1.181298962000000063e+00,-2.764435473311143560e-02
1.181498962000000041e+00,-2.768010832301098095e-02
1.181698962000000019e+00,-2.771580298003701454e-02
1.181898961999999997e+00,-2.775143792534992895e-02
1.182098962000000197e+00,-2.778701238178331659e-02
1.182298961999999953e+00,-2.782252557395511333e-02
1.182498962000000375e+00,-2.785797672838038683e-02
1.182698961999999909e+00,-2.789336507358424963e-02
1.182898962000000109e+00,-2.792868984021754791e-02
1.183098961999999865e+00,-2.796395026117172097e-02
1.183298962000000287e+00,-2.799914557169681795e-02
1.183498961999999821e+00,-2.803427500951874429e-02
1.183698962000000243e+00,-2.806933781495973487e-02
1.183898961999999777e+00,-2.810433323105765435e-02
1.184098962000000643e+00,-2.813926050368898563e-02
1.184298961999999733e+00,-2.817411888169007311e-02
1.184498961999999489e+00,-2.820890761698293878e-02
1.184698962000000355e+00,-2.824362596469915873e-02
1.184898961999999667e+00,-2.827827318330591519e-02
1.185098962000000089e+00,-2.831284853473491070e-02
1.185298962000000289e+00,-2.834735128450931868e-02
1.185498961999999823e+00,-2.838178070187432137e-02
1.185698962000000023e+00,-2.841613605992818897e-02
1.185898962000000445e+00,-2.845041663575359828e-02
1.186098961999999979e+00,-2.848462171055100509e-02
1.186298962000000401e+00,-2.851875056977348083e-02
1.186498961999999713e+00,-2.855280250326100444e-02
1.186698962000000357e+00,-2.858677680537839022e-02
1.186898961999999891e+00,-2.862067277515131791e-02
1.187098961999999869e+00,-2.865448971640669612e-02
1.187298962000000069e+00,-2.868822693791146794e-02
1.187498961999999825e+00,-2.872188375351390419e-02
1.187698961999999803e+00,-2.875545948228600684e-02
1.187898961999999781e+00,-2.878895344866637049e-02
1.188098962000000203e+00,-2.882236498260472984e-02
1.188298962000000181e+00,-2.885569341970705554e-02
1.188498961999999937e+00,-2.888893810138251639e-02
1.188698962000000137e+00,-2.892209837499087541e-02
1.188898962000000115e+00,-2.895517359399098559e-02
1.189098961999999871e+00,-2.898816311809078797e-02
1.189298962000000515e+00,-2.902106631339826381e-02
1.189498962000000049e+00,-2.905388255257262964e-02
1.189698962000000471e+00,-2.908661121497843269e-02
1.189898961999999116e+00,-2.911925168683818232e-02
1.190098962000000427e+00,-2.915180336138929046e-02
1.190298961999999960e+00,-2.918426563903760845e-02
1.190498961999999494e+00,-2.921663792751698699e-02
1.190698962000000138e+00,-2.924891964204633099e-02
1.190898961999999894e+00,-2.928111020548839621e-02
1.191098961999999872e+00,-2.931320904851097628e-02
1.191298961999999850e+00,-2.934521560974741664e-02
1.191498961999999828e+00,-2.937712933595904713e-02
1.191698962000000028e+00,-2.940894968219837091e-02
1.191898962000000450e+00,-2.944067611197321438e-02
1.192098961999999984e+00,-2.947230809741168897e-02
1.192298962000000184e+00,-2.950384511942895707e-02
1.192498961999999718e+00,-2.953528666789338036e-02
1.192698962000000140e+00,-2.956663224179552352e-02
1.192898962000000118e+00,-2.959788134941614135e-02
1.193098962000000096e+00,-2.962903350849686174e-02
1.193298961999999852e+00,-2.966008824641062566e-02
1.193498962000000052e+00,-2.969104510033359484e-02
1.193698962000000030e+00,-2.972190361741753120e-02
1.193898961999999564e+00,-2.975266335496353637e-02
1.194098962000000430e+00,-2.978332388059668281e-02
1.194298961999999964e+00,-2.981388477244038479e-02
1.194498961999999942e+00,-2.984434561929377380e-02
1.194698961999999920e+00,-2.987470602080777304e-02
1.194898961999999898e+00,-2.990496558766329513e-02
1.195098962000000098e+00,-2.993512394174977290e-02
1.195298962000000298e+00,-2.996518071634467900e-02
1.195498961999999832e+00,-2.999513555629363531e-02
1.195698962000000032e+00,-3.002498811819194133e-02
1.195898961999999344e+00,-3.005473807056561336e-02
1.196098962000000432e+00,-3.008438509405510219e-02
1.196298962000000188e+00,-3.011392888159708861e-02
1.196498961999999500e+00,-3.014336913861007106e-02
1.196698962000000144e+00,-3.017270558317872164e-02
1.196898961999999678e+00,-3.020193794623863767e-02
1.197098962000000100e+00,-3.023106597176389299e-02
1.197298961999999634e+00,-3.026008941695267074e-02
1.197498962000000056e+00,-3.028900805241601518e-02
1.197698962000000034e+00,-3.031782166236501874e-02
1.197898962000000456e+00,-3.034653004480055219e-02
1.198098961999999990e+00,-3.037513301170206501e-02
1.198298961999999968e+00,-3.040363038921851946e-02
1.198498961999999946e+00,-3.043202201785834282e-02
1.198698962000000368e+00,-3.046030775268121146e-02
1.198898962000000123e+00,-3.048848746348954697e-02
1.199098961999999879e+00,-3.051656103502139311e-02
1.199298961999999857e+00,-3.054452836714306729e-02
1.199498962000000279e+00,-3.057238937504269671e-02
1.199698961999999813e+00,-3.060014398942397656e-02
1.199898961999999347e+00,-3.062779215670112173e-02
1.200098962000000213e+00,-3.065533383919358951e-02
1.200298961999999747e+00,-3.068276901532078493e-02
1.200498962000000169e+00,-3.071009767979913235e-02
1.200698961999999925e+00,-3.073731984383708260e-02
1.200898962000000125e+00,-3.076443553533259739e-02
1.201098962000000103e+00,-3.079144479906952003e-02
1.201298962000000525e+00,-3.081834769691539980e-02
1.201498962000000059e+00,-3.084514430801868490e-02
1.201698962000000037e+00,-3.087183472900736567e-02
1.201898961999999571e+00,-3.089841907418663935e-02
1.202098962000000437e+00,-3.092489747573812925e-02
1.202298961999999971e+00,-3.095127008391784437e-02
1.202498961999999505e+00,-3.097753706725637352e-02
1.202698961999999927e+00,-3.100369861275758740e-02
1.202898961999999905e+00,-3.102975492609795841e-02
1.203098962000000105e+00,-3.105570623182686216e-02
1.203298961999999861e+00,-3.108155277356592847e-02
1.203498962000000061e+00,-3.110729481420946782e-02
1.203698962000000039e+00,-3.113293263612419357e-02
1.203898962000000461e+00,-3.115846654134981839e-02
1.204098961999999773e+00,-3.118389685179887363e-02
1.204298962000000195e+00,-3.120922390945785399e-02
1.204498961999999951e+00,-3.123444807658660657e-02
1.204698962000000151e+00,-3.125956973591959009e-02
1.204898961999999685e+00,-3.128458929086559009e-02
1.205098962000000329e+00,-3.130950716570875259e-02
1.205298961999999641e+00,-3.133432380580791765e-02
1.205498962000000507e+00,-3.135903967779808676e-02
1.205698961999999819e+00,-3.138365526978897230e-02
1.205898961999999575e+00,-3.140817109156655851e-02
1.206098962000000219e+00,-3.143258767479181759e-02
1.206298961999999753e+00,-3.145690557320047348e-02
1.206498961999999953e+00,-3.148112536280304324e-02
1.206698962000000153e+00,-3.150524764208334494e-02
1.206898961999999909e+00,-3.152927303219774796e-02
1.207098961999999887e+00,-3.155320217717395154e-02
1.207298962000000531e+00,-3.157703574410923586e-02
1.207498961999999842e+00,-3.160077442336817199e-02
1.207698962000000265e+00,-3.162441892878120608e-02
1.207898961999999576e+00,-3.164796999784084963e-02
1.208098962000000665e+00,-3.167142839189970860e-02
1.208298961999999754e+00,-3.169479489636567449e-02
1.208498961999999732e+00,-3.171807032089939832e-02
1.208698961999999710e+00,-3.174125549960868375e-02
1.208898962000000132e+00,-3.176435129124403900e-02
1.209098962000000110e+00,-3.178735857939292420e-02
1.209298961999999644e+00,-3.181027827267383923e-02
1.209498962000000288e+00,-3.183311130492983559e-02
1.209698962000000044e+00,-3.185585863542052254e-02
1.209898962000000022e+00,-3.187852124901497525e-02
1.210098962000000000e+00,-3.190110015638254748e-02
1.210298962000000200e+00,-3.192359639418378137e-02
1.210498961999999956e+00,-3.194601102526022085e-02
1.210698962000000378e+00,-3.196834513882385737e-02
1.210898961999999912e+00,-3.199059985064497957e-02
1.211098962000000334e+00,-3.201277630324055046e-02
1.211298961999999424e+00,-3.203487566605998232e-02
1.211498962000000290e+00,-3.205689913567206367e-02
1.211698961999999824e+00,-3.207884793594865253e-02
1.211898961999999580e+00,-3.210072331824984082e-02
1.212098961999999780e+00,-3.212252656160634323e-02
1.212298961999999758e+00,-3.214425897290153905e-02
1.212498961999999736e+00,-3.216592188705279243e-02
1.212698962000000158e+00,-3.218751666719120441e-02
1.212898961999999692e+00,-3.220904470484035886e-02
1.213098962000000114e+00,-3.223050742009450631e-02
1.213298962000000314e+00,-3.225190626179465225e-02
1.213498961999999848e+00,-3.227324270770418752e-02
1.213698962000000492e+00,-3.229451826468344305e-02
1.213898961999999804e+00,-3.231573446886182310e-02
1.214098962000000448e+00,-3.233689288581057669e-02
1.214298961999999982e+00,-3.235799511071205808e-02
1.214498961999999960e+00,-3.237904276852975743e-02
1.214698961999999938e+00,-3.240003751417536160e-02
1.214898962000000138e+00,-3.242098103267529452e-02
1.215098961999999672e+00,-3.244187503933539801e-02
1.215298961999999428e+00,-3.246272127990459944e-02
1.215498962000000294e+00,-3.248352153073661569e-02
1.215698962000000050e+00,-3.250427759895005431e-02
1.215898962000000028e+00,-3.252499132258773740e-02
1.216098962000000006e+00,-3.254566457077356229e-02
1.216298962000000206e+00,-3.256629924386814784e-02
1.216498961999999961e+00,-3.258689727362266975e-02
1.216698962000000606e+00,-3.260746062333136353e-02
1.216898961999999917e+00,-3.262799128798142545e-02
1.217098962000000117e+00,-3.264849129440259429e-02
1.217298961999999207e+00,-3.266896270141316644e-02
1.217498962000000517e+00,-3.268940759996612905e-02
1.217698962000000051e+00,-3.270982811329105344e-02
1.217898961999999585e+00,-3.273022639703684900e-02
1.218098962000000007e+00,-3.275060463941049244e-02
1.218298961999999763e+00,-3.277096506131428610e-02
1.218498961999999963e+00,-3.279130991648193660e-02
1.218698961999999941e+00,-3.281164149161150401e-02
1.218898961999999919e+00,-3.283196210649698410e-02
1.219098962000000119e+00,-3.285227411415764937e-02
1.219298962000000319e+00,-3.287257990096498911e-02
1.219498962000000075e+00,-3.289288188676782465e-02
1.219698962000000275e+00,-3.291318252501521102e-02
1.219898961999999809e+00,-3.293348430287664635e-02
1.220098962000000231e+00,-3.295378974136084493e-02
1.220298961999999987e+00,-3.297410139543109631e-02
1.220498962000000187e+00,-3.299442185411949335e-02
1.220698961999999721e+00,-3.301475374063776030e-02
1.220898962000000143e+00,-3.303509971248650562e-02
1.221098961999999677e+00,-3.305546246156113033e-02
1.221298961999999655e+00,-3.307584471425639716e-02
1.221498962000000521e+00,-3.309624923156738452e-02
1.221698961999999611e+00,-3.311667880918825468e-02
1.221898961999999811e+00,-3.313713627760935670e-02
1.222098962000000011e+00,-3.315762450221002716e-02
1.222298962000000211e+00,-3.317814638335008642e-02
1.222498962000000189e+00,-3.319870485645808056e-02
1.222698962000000389e+00,-3.321930289211702525e-02
1.222898961999999923e+00,-3.323994349614707577e-02
1.223098962000000345e+00,-3.326062970968604593e-02
1.223298961999999435e+00,-3.328136460926600648e-02
1.223498962000000523e+00,-3.330215130688865544e-02
1.223698961999999835e+00,-3.332299295009562290e-02
1.223898961999999813e+00,-3.334389272203840127e-02
1.224098962000000013e+00,-3.336485384154297407e-02
1.224298961999999769e+00,-3.338587956317289052e-02
1.224498962000000191e+00,-3.340697317728898164e-02
1.224698961999999725e+00,-3.342813801010544733e-02
1.224898962000000147e+00,-3.344937742374404221e-02
1.225098961999999903e+00,-3.347069481628356380e-02
1.225298962000000325e+00,-3.349209362180780025e-02
1.225498962000000081e+00,-3.351357731044879440e-02
1.225698962000000281e+00,-3.353514938842813708e-02
1.225898961999999814e+00,-3.355681339809393759e-02
1.226098962000000459e+00,-3.357857291795555976e-02
1.226298961999999992e+00,-3.360043156271358411e-02
1.226498962000000192e+00,-3.362239298328820181e-02
1.226698961999999948e+00,-3.364446086684250159e-02
1.226898962000000370e+00,-3.366663893680358483e-02
1.227098961999999904e+00,-3.368893095287916334e-02
1.227298961999999438e+00,-3.371134071107180497e-02
1.227498962000000304e+00,-3.373387204368874515e-02
1.227698961999999838e+00,-3.375652881934788907e-02
1.227898962000000038e+00,-3.377931494298175297e-02
1.228098961999999794e+00,-3.380223435583584041e-02
1.228298962000000216e+00,-3.382529103546483285e-02
1.228498962000000194e+00,-3.384848899572397152e-02
1.228698962000000172e+00,-3.387183228675776092e-02
1.228898962000000150e+00,-3.389532499498398854e-02
1.229098962000000350e+00,-3.391897124307453881e-02
1.229298961999999662e+00,-3.394277518993189802e-02
1.229498962000000528e+00,-3.396674103066266159e-02
1.229698961999999840e+00,-3.399087299654550420e-02
1.229898961999999596e+00,-3.401517535499751221e-02
1.230098962000000018e+00,-3.403965240953445159e-02
1.230298961999999996e+00,-3.406430849972803127e-02
1.230498961999999974e+00,-3.408914800115936394e-02
1.230698961999999730e+00,-3.411417532536770159e-02
1.230898962000000374e+00,-3.413939491979577079e-02
1.231098961999999908e+00,-3.416481126773005667e-02
1.231298962000000330e+00,-3.419042888823842913e-02
1.231498961999999864e+00,-3.421625233610173927e-02
1.231698962000000286e+00,-3.424228620174314675e-02
1.231898961999999820e+00,-3.426853511115128537e-02
1.232098962000000242e+00,-3.429500372580117362e-02
1.232298961999999776e+00,-3.432169674256875525e-02
1.232498962000000198e+00,-3.434861889364318466e-02
1.232698961999999732e+00,-3.437577494643285353e-02
1.232898962000000598e+00,-3.440316970346883607e-02
1.233098961999999688e+00,-3.443080800230194360e-02
1.233298961999999666e+00,-3.445869471539779461e-02
1.233498962000000310e+00,-3.448683475002506382e-02
1.233698961999999621e+00,-3.451523304814031051e-02
1.233898962000000044e+00,-3.454389458626914988e-02
1.234098962000000022e+00,-3.457282437538086728e-02
1.234298962000000000e+00,-3.460202746076037478e-02
1.234498961999999977e+00,-3.463150892187445706e-02
1.234698962000000177e+00,-3.466127387223391643e-02
1.234898961999999933e+00,-3.469132745925059685e-02
1.235098962000000355e+00,-3.472167486409064030e-02
1.235298961999999667e+00,-3.475232130152159510e-02
1.235498962000000311e+00,-3.478327201975683902e-02
1.235698961999999845e+00,-3.481453230029280671e-02
1.235898961999999823e+00,-3.484610745774382318e-02
1.236098961999999801e+00,-3.487800283967051884e-02
1.236298962000000001e+00,-3.491022382640419919e-02
1.236498961999999757e+00,-3.494277583086592004e-02
1.236698961999999957e+00,-3.497566429838154523e-02
1.236898962000000379e+00,-3.500889470649069801e-02
1.237098961999999913e+00,-3.504247256475172267e-02
1.237298961999999891e+00,-3.507640341454182353e-02
1.237498962000000091e+00,-3.511069282885147941e-02
1.237698962000000069e+00,-3.514534641207432697e-02
1.237898961999999825e+00,-3.518036979979241585e-02
1.238098962000000469e+00,-3.521576865855606531e-02
1.238298962000000003e+00,-3.525154868565810728e-02
1.238498962000000425e+00,-3.528771560890502090e-02
1.238698961999999515e+00,-3.532427518638020514e-02
1.238898962000000381e+00,-3.536123320620551680e-02
1.239098961999999915e+00,-3.539859548629376712e-02
1.239298961999999449e+00,-3.543636787410008038e-02
1.239498962000000093e+00,-3.547455624636576543e-02
1.239698961999999849e+00,-3.551316650885667087e-02
1.239898961999999827e+00,-3.555220459609875761e-02
1.240098961999999805e+00,-3.559167647110599020e-02
1.240298962000000005e+00,-3.563158812510454354e-02
1.240498961999999983e+00,-3.567194557725105603e-02
1.240698962000000183e+00,-3.571275487434635854e-02
1.240898961999999939e+00,-3.575402209054304170e-02
1.241098962000000583e+00,-3.579575332704905410e-02
1.241298961999999673e+00,-3.583795471182413261e-02
1.241498962000000095e+00,-3.588063239927391512e-02
1.241698962000000073e+00,-3.592379256993497028e-02
1.241898962000000051e+00,-3.596744143015803696e-02
1.242098962000000029e+00,-3.601158521178384614e-02
1.242298962000000007e+00,-3.605623017181444623e-02
1.242498961999999540e+00,-3.610138259207891498e-02
1.242698961999999518e+00,-3.614704877889418633e-02
1.242898962000000385e+00,-3.619323506271998614e-02
1.243098961999999919e+00,-3.623994779780800868e-02
1.243298961999999896e+00,-3.628719336184780403e-02
1.243498961999999874e+00,-3.633497815560474131e-02
1.243698962000000297e+00,-3.638330860255423183e-02
1.243898962000000052e+00,-3.643219114850965168e-02
1.244098962000000252e+00,-3.648163226124603864e-02
1.244298962000000008e+00,-3.653163843011695416e-02
1.244498962000000208e+00,-3.658221616566742496e-02
1.244698961999999298e+00,-3.663337199923964727e-02
1.244898962000000386e+00,-3.668511248257649848e-02
1.245098962000000142e+00,-3.673744418741455020e-02
1.245298961999999676e+00,-3.679037370507743515e-02
1.245498962000000098e+00,-3.684390764606002011e-02
1.245698961999999632e+00,-3.689805263960761056e-02
1.245898962000000054e+00,-3.695281533329183160e-02
1.246098961999999810e+00,-3.700820239257795324e-02
1.246298962000000010e+00,-3.706422050039027971e-02
1.246498961999999988e+00,-3.712087635666888596e-02
1.246698962000000188e+00,-3.717817667792341907e-02
1.246898962000000166e+00,-3.723612819678008556e-02
1.247098962000000366e+00,-3.729473766152396202e-02
1.247298961999999900e+00,-3.735401183563527572e-02
1.247498962000000100e+00,-3.741395749732160519e-02
1.247698962000000300e+00,-3.747458143904253136e-02
1.247898962000000278e+00,-3.753589046703104115e-02
1.248098961999999812e+00,-3.759789140080842251e-02
1.248298962000000234e+00,-3.766059107269466300e-02
1.248498961999999768e+00,-3.772399632731150698e-02
1.248698961999999302e+00,-3.778811402108339657e-02
1.248898962000000612e+00,-3.785295102173066861e-02
1.249098961999999702e+00,-3.791851420775597947e-02
1.249298962000000124e+00,-3.798481046793170113e-02
1.249498962000000102e+00,-3.805184670077375875e-02
1.249698962000000080e+00,-3.811962981401662010e-02
1.249898962000000058e+00,-3.818816672407973623e-02
1.250098962000000258e+00,-3.825746435552983271e-02
1.250298962000000014e+00,-3.832752964053737221e-02
1.250498962000000214e+00,-3.839836951832895778e-02
1.250698961999999526e+00,-3.846999093463238095e-02
1.250898962000000392e+00,-3.854240084111999060e-02
1.251098961999999926e+00,-3.861560619484126489e-02
1.251298961999999459e+00,-3.868961395765724981e-02
1.251498961999999882e+00,-3.876443109566427014e-02
1.251698961999999637e+00,-3.884006457861401834e-02
1.251898962000000282e+00,-3.891652137933086786e-02
1.252098961999999815e+00,-3.899380847311963855e-02
1.252298962000000015e+00,-3.907193283717387555e-02
1.252498961999999993e+00,-3.915090144997329658e-02
1.252698962000000193e+00,-3.923072129068067709e-02
1.252898961999999949e+00,-3.931139933853110280e-02
1.253098962000000149e+00,-3.939294257221800238e-02
1.253298962000000127e+00,-3.947535796927243573e-02
1.253498962000000105e+00,-3.955865250543907918e-02
1.253698962000000083e+00,-3.964283315404647928e-02
1.253898962000000061e+00,-3.972790688537232440e-02
1.254098961999999817e+00,-3.981388066600419912e-02
1.254298962000000461e+00,-3.990076145819611980e-02
1.254498961999999995e+00,-3.998855621921747205e-02
1.254698961999999529e+00,-4.007727190070223960e-02
1.254898962000000395e+00,-4.016691544798903224e-02
1.255098961999999707e+00,-4.025749379945594425e-02
1.255298961999999907e+00,-4.034901388585721005e-02
1.255498962000000107e+00,-4.044148262964658569e-02
1.255698961999999863e+00,-4.053490694430198632e-02
1.255898961999999841e+00,-4.062929373364419783e-02
1.256098962000000263e+00,-4.072464989114978062e-02
1.256298962000000241e+00,-4.082098229926024724e-02
1.256498962000000219e+00,-4.091829782868771498e-02
1.256698961999999753e+00,-4.101660333771452172e-02
1.256898962000000175e+00,-4.111590567149021880e-02
1.257098962000000153e+00,-4.121621166132117403e-02
1.257298961999999687e+00,-4.131752812395964036e-02
1.257498962000000109e+00,-4.141986186088711386e-02
1.257698961999999643e+00,-4.152321965759034339e-02
1.257898961999999843e+00,-4.162760828283956077e-02
1.258098962000000043e+00,-4.173303448795600418e-02
1.258298962000000243e+00,-4.183950500607942768e-02
1.258498961999999999e+00,-4.194702655143002501e-02
1.258698961999999977e+00,-4.205560581856731400e-02
1.258898961999999955e+00,-4.216524948164317166e-02
1.259098962000000155e+00,-4.227596419365316216e-02
1.259298961999999911e+00,-4.238775658568169624e-02
1.259498962000000111e+00,-4.250063326614630932e-02
1.259698961999999867e+00,-4.261460082003437622e-02
1.259898962000000289e+00,-4.272966580814009652e-02
1.260098961999999823e+00,-4.284583476629340304e-02
1.260298962000000245e+00,-4.296311420459079933e-02
1.260498962000000001e+00,-4.308151060661570553e-02
1.260698961999999534e+00,-4.320103042866177412e-02
1.260898962000000179e+00,-4.332168009894968308e-02
1.261098961999999712e+00,-4.344346601683765630e-02
1.261298961999999690e+00,-4.356639455203598077e-02
1.261498962000000112e+00,-4.369047204381110161e-02
1.261698961999999868e+00,-4.381570480018877334e-02
1.261898962000000068e+00,-4.394209909715697526e-02
1.262098962000000046e+00,-4.406966117786023651e-02
1.262298962000000024e+00,-4.419839725179549456e-02
1.262498962000000446e+00,-4.432831349400272181e-02
1.262698961999999980e+00,-4.445941604425138194e-02
1.262898961999999958e+00,-4.459171100622869033e-02
1.263098961999999936e+00,-4.472520444671868045e-02
1.263298961999999914e+00,-4.485990239478302583e-02
1.263498961999999892e+00,-4.499581084093760147e-02
1.263698961999999870e+00,-4.513293573632614492e-02
1.263898961999999848e+00,-4.527128299189162042e-02
1.264098961999999826e+00,-4.541085847754511295e-02
1.264298962000000248e+00,-4.555166802133220338e-02
1.264498961999999782e+00,-4.569371740859525660e-02
1.264698961999999760e+00,-4.583701238113810361e-02
1.264898962000000182e+00,-4.598155863638207774e-02
1.265098962000000160e+00,-4.612736182652356354e-02
1.265298961999999916e+00,-4.627442755768995664e-02
1.265498962000000116e+00,-4.642276138909184197e-02
1.265698962000000094e+00,-4.657236883217233392e-02
1.265898962000000072e+00,-4.672325534975738104e-02
1.266098961999999384e+00,-4.687542635520103307e-02
1.266298962000000250e+00,-4.702888721153347662e-02
1.266498962000000228e+00,-4.718364323059837800e-02
1.266698961999999540e+00,-4.733969967219990582e-02
1.266898961999999962e+00,-4.749706174324182240e-02
1.267098961999999496e+00,-4.765573459686200941e-02
1.267298961999999918e+00,-4.781572333157481369e-02
1.267498961999999896e+00,-4.797703299040168706e-02
1.267698961999999874e+00,-4.813966856000883449e-02
1.267898962000000074e+00,-4.830363496983920701e-02
1.268098962000000052e+00,-4.846893709124334981e-02
1.268298962000000252e+00,-4.863557973661213063e-02
1.268498962000000230e+00,-4.880356765850468737e-02
1.268698961999999764e+00,-4.897290554877820751e-02
1.268898961999999964e+00,-4.914359803771729818e-02
1.269098962000000164e+00,-4.931564969315836017e-02
1.269298962000000142e+00,-4.948906501961819471e-02
1.269498961999999898e+00,-4.966384845741988324e-02
1.269698962000000098e+00,-4.984000438181859782e-02
1.269898961999999853e+00,-5.001753710212492043e-02
1.270098961999999609e+00,-5.019645086083208974e-02
1.270298962000000476e+00,-5.037674983273986162e-02
1.270498961999999565e+00,-5.055843812407459503e-02
1.270698961999999765e+00,-5.074151977162232735e-02
1.270898962000000187e+00,-5.092599874184443320e-02
1.271098962000000165e+00,-5.111187893000547489e-02
1.271298962000000143e+00,-5.129916415929835355e-02
1.271498962000000121e+00,-5.148785817996770486e-02
1.271698962000000321e+00,-5.167796466843546654e-02
1.271898962000000077e+00,-5.186948722642550219e-02
1.272098961999999611e+00,-5.206242938009086885e-02
1.272298962000000255e+00,-5.225679457914102211e-02
1.272498962000000233e+00,-5.245258619596473992e-02
1.272698961999999323e+00,-5.264980752476272619e-02
1.272898962000000189e+00,-5.284846178067793832e-02
1.273098961999999723e+00,-5.304855209891684575e-02
1.273298962000000145e+00,-5.325008153389142879e-02
1.273498961999999901e+00,-5.345305305834207460e-02
1.273698962000000101e+00,-5.365746956247735566e-02
1.273898962000000079e+00,-5.386333385310437816e-02
1.274098962000000057e+00,-5.407064865276715177e-02
1.274298962000000035e+00,-5.427941659888355086e-02
1.274498962000000013e+00,-5.448964024288426716e-02
1.274698961999999991e+00,-5.470132204935382325e-02
1.274898961999999969e+00,-5.491446439517356365e-02
1.275098962000000391e+00,-5.512906956866626962e-02
1.275298961999999925e+00,-5.534513976874036456e-02
1.275498961999999903e+00,-5.556267710404387550e-02
1.275698962000000325e+00,-5.578168359211027605e-02
1.275898961999999859e+00,-5.600216115851201770e-02
1.276098961999999393e+00,-5.622411163601961914e-02
1.276298962000000259e+00,-5.644753676375805634e-02
1.276498961999999793e+00,-5.667243818636180652e-02
1.276698961999999771e+00,-5.689881745314795403e-02
1.276898962000000193e+00,-5.712667601727477312e-02
1.277098962000000171e+00,-5.735601523491197506e-02
1.277298962000000149e+00,-5.758683636441434828e-02
1.277498962000000127e+00,-5.781914056549529446e-02
1.277698962000000327e+00,-5.805292889840509701e-02
1.277898962000000083e+00,-5.828820232311107685e-02
1.278098961999999617e+00,-5.852496169848420138e-02
1.278298962000000039e+00,-5.876320778148723389e-02
1.278498962000000017e+00,-5.900294122636234873e-02
1.278698961999999550e+00,-5.924416258383091716e-02
1.278898961999999973e+00,-5.948687230029258560e-02
1.279098961999999506e+00,-5.973107071702303539e-02
1.279298961999999928e+00,-5.997675806938832649e-02
1.279498961999999906e+00,-6.022393448604859700e-02
1.279698962000000106e+00,-6.047259998817865190e-02
1.279898962000000084e+00,-6.072275448868388187e-02
1.280098962000000062e+00,-6.097439779142628524e-02
1.280298961999999818e+00,-6.122752959045098253e-02
1.280498962000000018e+00,-6.148214946922089807e-02
1.280698962000000218e+00,-6.173825689985176085e-02
1.280898962000000196e+00,-6.199585124235584138e-02
1.281098962000000174e+00,-6.225493174388955359e-02
1.281298962000000152e+00,-6.251549753800458853e-02
1.281498961999999686e+00,-6.277754764390476583e-02
1.281698962000000108e+00,-6.304108096571159336e-02
1.281898962000000086e+00,-6.330609629172570529e-02
1.282098961999999620e+00,-6.357259229370566811e-02
1.282298962000000042e+00,-6.384056752614619690e-02
1.282498961999999576e+00,-6.411002042555646874e-02
1.282698961999999998e+00,-6.438094930975903074e-02
1.282898962000000198e+00,-6.465335237717681482e-02
1.283098961999999732e+00,-6.492722770613941485e-02
1.283298961999999932e+00,-6.520257325419222261e-02
1.283498962000000132e+00,-6.547938685740503639e-02
1.283698962000000332e+00,-6.575766622969571318e-02
1.283898962000000310e+00,-6.603740896215504197e-02
1.284098961999999844e+00,-6.631861252237968019e-02
1.284298962000000266e+00,-6.660127425381388855e-02
1.284498962000000244e+00,-6.688539137508903165e-02
1.284698961999999778e+00,-6.717096097938204946e-02
1.284898961999999756e+00,-6.745798003377394270e-02
1.285098961999999734e+00,-6.774644537861328197e-02
1.285298962000000156e+00,-6.803635372689248451e-02
1.285498961999999912e+00,-6.832770166362485409e-02
1.285698962000000112e+00,-6.862048564523796912e-02
1.285898962000000090e+00,-6.891470199896260196e-02
1.286098961999999846e+00,-6.921034692223913820e-02
1.286298962000000046e+00,-6.950741648212745150e-02
1.286498962000000246e+00,-6.980590661472219072e-02
1.286698962000000002e+00,-7.010581312457964120e-02
1.286898961999999980e+00,-7.040713168415288492e-02
1.287098962000000180e+00,-7.070985783323018026e-02
1.287298962000000158e+00,-7.101398697838497143e-02
1.287498961999999247e+00,-7.131951439243318369e-02
1.287698962000000336e+00,-7.162643521390506252e-02
1.287898962000000314e+00,-7.193474444650438393e-02
1.288098961999999403e+00,-7.224443695860520431e-02
1.288298961999999825e+00,-7.255550748274111617e-02
1.288498961999999359e+00,-7.286795061509460103e-02
1.288698962000000225e+00,-7.318176081501941155e-02
1.288898962000000203e+00,-7.349693240454388543e-02
1.289098961999999737e+00,-7.381345956790819063e-02
1.289298962000000159e+00,-7.413133635109672714e-02
1.289498962000000137e+00,-7.445055666137687100e-02
1.289698962000000115e+00,-7.477111426685950635e-02
1.289898962000000093e+00,-7.509300279605829465e-02
1.290098961999999849e+00,-7.541621573746230822e-02
1.290298962000000049e+00,-7.574074643911948845e-02
1.290498962000000249e+00,-7.606658810822498895e-02
1.290698962000000005e+00,-7.639373381072356306e-02
1.290898961999999761e+00,-7.672217647092229031e-02
1.291098961999999961e+00,-7.705190887110956177e-02
1.291298961999999939e+00,-7.738292365118397409e-02
1.291498961999999473e+00,-7.771521330829750385e-02
1.291698962000000339e+00,-7.804877019650918735e-02
1.291898961999999873e+00,-7.838358652643523383e-02
1.292098961999999851e+00,-7.871965436493544299e-02
1.292298962000000273e+00,-7.905696563478455119e-02
1.292498962000000029e+00,-7.939551211436580991e-02
1.292698962000000229e+00,-7.973528543737937180e-02
1.292898962000000207e+00,-8.007627709254946935e-02
1.293098962000000185e+00,-8.041847842335279883e-02
1.293298961999999941e+00,-8.076188062775192800e-02
1.293498961999999253e+00,-8.110647475794230399e-02
1.293698962000000341e+00,-8.145225172011319459e-02
1.293898962000000319e+00,-8.179920227420334200e-02
1.294098961999999631e+00,-8.214731703369496096e-02
1.294298962000000053e+00,-8.249658646540097839e-02
1.294498961999999587e+00,-8.284700088925837924e-02
1.294698962000000009e+00,-8.319855047815474802e-02
1.294898961999999987e+00,-8.355122525774148767e-02
1.295098961999999965e+00,-8.390501510627891568e-02
1.295298962000000165e+00,-8.425990975448106879e-02
1.295498961999999921e+00,-8.461589878537480180e-02
1.295698962000000343e+00,-8.497297163417608101e-02
1.295898962000000321e+00,-8.533111758816683268e-02
1.296098962000000077e+00,-8.569032578659724342e-02
1.296298961999999833e+00,-8.605058522059075288e-02
1.296498962000000255e+00,-8.641188473306533890e-02
1.296698961999999788e+00,-8.677421301866045100e-02
1.296898961999999766e+00,-8.713755862369082505e-02
1.297098962000000189e+00,-8.750190994609557960e-02
1.297298961999999944e+00,-8.786725523540768468e-02
1.297498961999999478e+00,-8.823358259274058368e-02
1.297698962000000567e+00,-8.860087997078197608e-02
1.297898961999999656e+00,-8.896913517378821079e-02
1.298098961999999856e+00,-8.933833585762603058e-02
1.298298962000000278e+00,-8.970846952978503430e-02
1.298498962000000034e+00,-9.007952354942999618e-02
1.298698962000000234e+00,-9.045148512746266356e-02
1.298898961999999990e+00,-9.082434132658503967e-02
1.299098962000000412e+00,-9.119807906139060227e-02
1.299298961999999946e+00,-9.157268509845252480e-02
1.299498961999999480e+00,-9.194814605644337224e-02
1.299698962000000124e+00,-9.232444840625364524e-02
1.299898962000000324e+00,-9.270157847112331373e-02
1.300098961999999414e+00,-9.307952242679762289e-02
1.300298962000000058e+00,-9.345826630169515314e-02
1.300498961999999592e+00,-9.383779597706751185e-02
1.300698962000000236e+00,-9.421809718720859650e-02
1.300898961999999770e+00,-9.459915551964033498e-02
1.301098961999999748e+00,-9.498095641534504141e-02
1.301298961999999948e+00,-9.536348516898537908e-02
1.301498962000000148e+00,-9.574672692915166261e-02
1.301698962000000126e+00,-9.613066669861988767e-02
1.301898961999999882e+00,-9.651528933462363846e-02
1.302098962000000082e+00,-9.690057954913991467e-02
1.302298962000000060e+00,-9.728652190918479770e-02
1.302498962000000482e+00,-9.767310083713137692e-02
1.302698962000000016e+00,-9.806030061103000739e-02
1.302898961999999550e+00,-9.844810536495766928e-02
1.303098962000000416e+00,-9.883649908936886774e-02
1.303298961999999950e+00,-9.922546563145620557e-02
1.303498961999999484e+00,-9.961498869554835656e-02
1.303698962000000350e+00,-1.000050518434996427e-01
1.303898961999999884e+00,-1.003956384950928649e-01
1.304098961999999862e+00,-1.007867319284812269e-01
1.304298962000000284e+00,-1.011783152806155356e-01
1.304498961999999818e+00,-1.015703715476983515e-01
1.304698962000000240e+00,-1.019628835856609961e-01
1.304898962000000218e+00,-1.023558341106327874e-01
1.305098962000000640e+00,-1.027492056994483843e-01
1.305298962000000174e+00,-1.031429807901494133e-01
1.305498961999999707e+00,-1.035371416825181939e-01
1.305698962000000130e+00,-1.039316705386127970e-01
1.305898962000000108e+00,-1.043265493833162721e-01
1.306098961999999641e+00,-1.047217601049117430e-01
1.306298961999999841e+00,-1.051172844556644281e-01
1.306498962000000041e+00,-1.055131040524128205e-01
1.306698962000000019e+00,-1.059092003771844870e-01
1.306898961999999775e+00,-1.063055547778212484e-01
1.307098961999999975e+00,-1.067021484686203614e-01
1.307298962000000175e+00,-1.070989625309856363e-01
1.307498962000000153e+00,-1.074959779140992056e-01
1.307698961999999909e+00,-1.078931754356051154e-01
1.307898961999999887e+00,-1.082905357823079895e-01
1.308098962000000309e+00,-1.086880395108841268e-01
1.308298962000000065e+00,-1.090856670486062829e-01
1.308498962000000265e+00,-1.094833986940926818e-01
1.308698962000000243e+00,-1.098812146180545291e-01
1.308898961999999777e+00,-1.102790948640711977e-01
1.309098962000000199e+00,-1.106770193493774590e-01
1.309298962000000177e+00,-1.110749678656546419e-01
1.309498961999999489e+00,-1.114729200798514896e-01
1.309698961999999911e+00,-1.118708555350149958e-01
1.309898961999999667e+00,-1.122687536511214612e-01
1.310098962000000089e+00,-1.126665937259476724e-01
1.310298962000000289e+00,-1.130643549359312272e-01
1.310498961999999601e+00,-1.134620163370619744e-01
1.310698962000000023e+00,-1.138595568657868318e-01
1.310898962000000223e+00,-1.142569553399131604e-01
1.311098962000000423e+00,-1.146541904595469175e-01
1.311298962000000179e+00,-1.150512408080323068e-01
1.311498961999999935e+00,-1.154480848529122194e-01
1.311698962000000357e+00,-1.158447009468989153e-01
1.311898962000000335e+00,-1.162410673288566676e-01
1.312098961999999869e+00,-1.166371621248073198e-01
1.312298961999999847e+00,-1.170329633489450849e-01
1.312498961999999825e+00,-1.174284489046606428e-01
1.312698962000000025e+00,-1.178235965855879974e-01
1.312898961999999781e+00,-1.182183840766586336e-01
1.313098962000000203e+00,-1.186127889551773923e-01
1.313298961999999737e+00,-1.190067886918994566e-01
1.313498961999999937e+00,-1.194003606521400751e-01
1.313698962000000137e+00,-1.197934820968774294e-01
1.313898962000000115e+00,-1.201861301838847151e-01
1.314098962000000093e+00,-1.205782819688705210e-01
1.314298962000000071e+00,-1.209699144066324061e-01
1.314498962000000493e+00,-1.213610043522262844e-01
1.314698962000000027e+00,-1.217515285621439680e-01
1.314898961999999338e+00,-1.221414636955161920e-01
1.315098962000000204e+00,-1.225307863153198562e-01
1.315298962000000405e+00,-1.229194728895911248e-01
1.315498961999999494e+00,-1.233074997926725952e-01
1.315698961999999916e+00,-1.236948433064651576e-01
1.315898961999999672e+00,-1.240814796216765936e-01
1.316098962000000316e+00,-1.244673848391136123e-01
1.316298961999999850e+00,-1.248525349709573851e-01
1.316498961999999828e+00,-1.252369059420801733e-01
1.316698962000000028e+00,-1.256204735913503956e-01
1.316898962000000228e+00,-1.260032136729655194e-01
1.317098962000000428e+00,-1.263851018577938079e-01
1.317298962000000184e+00,-1.267661137347277367e-01
1.317498961999999718e+00,-1.271462248120538707e-01
1.317698962000000140e+00,-1.275254105188335374e-01
1.317898962000000562e+00,-1.279036462062897450e-01
1.318098962000000096e+00,-1.282809071492173603e-01
1.318298961999999630e+00,-1.286571685474038607e-01
1.318498962000000052e+00,-1.290324055270562764e-01
1.318698962000000030e+00,-1.294065931422407889e-01
1.318898961999999564e+00,-1.297797063763432290e-01
1.319098961999999986e+00,-1.301517201435372084e-01
1.319298961999999964e+00,-1.305226092902555257e-01
1.319498961999999942e+00,-1.308923485966900779e-01
1.319698962000000364e+00,-1.312609127782913276e-01
1.319898961999999898e+00,-1.316282764872806210e-01
1.320098962000000098e+00,-1.319944143141849879e-01
1.320298962000000298e+00,-1.323593007893663909e-01
1.320498962000000276e+00,-1.327229103845764813e-01
1.320698961999999810e+00,-1.330852175145171845e-01
1.320898961999999344e+00,-1.334461965384139415e-01
1.321098962000000210e+00,-1.338058217616008017e-01
1.321298962000000632e+00,-1.341640674371074593e-01
1.321498961999999278e+00,-1.345209077672718800e-01
1.321698961999999700e+00,-1.348763169053650013e-01
1.321898961999999678e+00,-1.352302689571992511e-01
1.322098962000000100e+00,-1.355827379827826140e-01
1.322298961999999634e+00,-1.359336979979583193e-01
1.322498961999999834e+00,-1.362831229760727292e-01
1.322698962000000034e+00,-1.366309868496360103e-01
1.322898962000000012e+00,-1.369772635120067861e-01
1.323098962000000434e+00,-1.373219268190828124e-01
1.323298961999999968e+00,-1.376649505909954274e-01
1.323498961999999946e+00,-1.380063086138277884e-01
1.323698961999999923e+00,-1.383459746413264191e-01
1.323898962000000346e+00,-1.386839223966347956e-01
1.324098961999999879e+00,-1.390201255740270425e-01
1.324298961999999413e+00,-1.393545578406631402e-01
1.324498962000000279e+00,-1.396871928383421613e-01
1.324698961999999813e+00,-1.400180041852614465e-01
1.324898961999999347e+00,-1.403469654778048137e-01
1.325098961999999991e+00,-1.406740502923192193e-01
1.325298961999999747e+00,-1.409992321869026344e-01
1.325498962000000169e+00,-1.413224847032159281e-01
1.325698962000000147e+00,-1.416437813682820956e-01
1.325898961999999903e+00,-1.419630956963107149e-01
1.326098962000000103e+00,-1.422804011905215160e-01
1.326298962000000081e+00,-1.425956713449759716e-01
1.326498962000000503e+00,-1.429088796464227373e-01
1.326698962000000037e+00,-1.432199995761415656e-01
1.326898961999999571e+00,-1.435290046118066487e-01
1.327098962000000437e+00,-1.438358682293479629e-01
1.327298962000000415e+00,-1.441405639048162490e-01
1.327498961999999505e+00,-1.444430651162704748e-01
1.327698961999999483e+00,-1.447433453456621333e-01
1.327898961999999905e+00,-1.450413780807212061e-01
1.328098962000000327e+00,-1.453371368168581979e-01
1.328298961999999861e+00,-1.456305950590686960e-01
1.328498961999999839e+00,-1.459217263238481999e-01
1.328698962000000039e+00,-1.462105041411044803e-01
1.328898962000000239e+00,-1.464969020560825952e-01
1.329098962000000217e+00,-1.467808936312947621e-01
1.329298961999999751e+00,-1.470624524484547835e-01
1.329498962000000173e+00,-1.473415521104202985e-01
1.329698962000000151e+00,-1.476181662431330088e-01
1.329898962000000351e+00,-1.478922684975751689e-01
1.330098961999999885e+00,-1.481638325517207200e-01
1.330298961999999641e+00,-1.484328321125002736e-01
1.330498962000000285e+00,-1.486992409177630148e-01
1.330698962000000041e+00,-1.489630327382435171e-01
1.330898961999999575e+00,-1.492241813795417982e-01
1.331098961999999775e+00,-1.494826606840983785e-01
1.331298961999999975e+00,-1.497384445331733094e-01
1.331498962000000175e+00,-1.499915068488345271e-01
1.331698962000000153e+00,-1.502418215959461512e-01
1.331898961999999687e+00,-1.504893627841605297e-01
1.332098961999999887e+00,-1.507341044699155863e-01
1.332298962000000309e+00,-1.509760207584299740e-01
1.332498962000000731e+00,-1.512150858057063341e-01
1.332698962000000265e+00,-1.514512738205343600e-01
1.332898961999999798e+00,-1.516845590665002186e-01
1.333098962000000220e+00,-1.519149158639928610e-01
1.333298962000000198e+00,-1.521423185922124444e-01
1.333498961999999732e+00,-1.523667416911870798e-01
1.333698961999999710e+00,-1.525881596637863880e-01
1.333898961999999910e+00,-1.528065470777355550e-01
1.334098962000000110e+00,-1.530218785676334126e-01
1.334298961999999644e+00,-1.532341288369704069e-01
1.334498961999999844e+00,-1.534432726601502317e-01
1.334698962000000044e+00,-1.536492848845059100e-01
1.334898962000000022e+00,-1.538521404323223707e-01
1.335098962000000222e+00,-1.540518143028580811e-01
1.335298961999999978e+00,-1.542482815743636548e-01
1.335498961999999956e+00,-1.544415174061056772e-01
1.335698962000000378e+00,-1.546314970403854239e-01
1.335898962000000356e+00,-1.548181958045583562e-01
1.336098961999999890e+00,-1.550015891130561707e-01
1.336298961999999424e+00,-1.551816524694041854e-01
1.336498962000000290e+00,-1.553583614682403913e-01
1.336698962000000268e+00,-1.555316917973273427e-01
1.336898961999999358e+00,-1.557016192395723753e-01
1.337098961999999558e+00,-1.558681196750409392e-01
1.337298961999999758e+00,-1.560311690829633002e-01
1.337498962000000180e+00,-1.561907435437483449e-01
1.337698962000000158e+00,-1.563468192409882829e-01
1.337898961999999692e+00,-1.564993724634648475e-01
1.338098962000000114e+00,-1.566483796071518331e-01
1.338298962000000314e+00,-1.567938171772112754e-01
1.338498962000000514e+00,-1.569356617899924644e-01
1.338698962000000048e+00,-1.570738901750226568e-01
1.338898962000000026e+00,-1.572084791769987611e-01
1.339098962000000226e+00,-1.573394057577701677e-01
1.339298962000000426e+00,-1.574666469983216355e-01
1.339498961999999738e+00,-1.575901801007500436e-01
1.339698961999999494e+00,-1.577099823902397557e-01
1.339898961999999916e+00,-1.578260313170284923e-01
1.340098961999999894e+00,-1.579383044583718143e-01
1.340298961999999428e+00,-1.580467795205027781e-01
1.340498962000000072e+00,-1.581514343405860390e-01
1.340698961999999828e+00,-1.582522468886636280e-01
1.340898962000000028e+00,-1.583491952696010063e-01
1.341098962000000450e+00,-1.584422577250216013e-01
1.341298961999999761e+00,-1.585314126352377895e-01
1.341498962000000184e+00,-1.586166385211780216e-01
1.341698962000000162e+00,-1.586979140463012916e-01
1.341898962000000362e+00,-1.587752180185117989e-01
1.342098961999999673e+00,-1.588485293920616215e-01
1.342298961999999429e+00,-1.589178272694501959e-01
1.342498962000000295e+00,-1.589830909033133066e-01
1.342698962000000495e+00,-1.590442996983056356e-01
1.342898961999999141e+00,-1.591014332129771502e-01
1.343098961999999785e+00,-1.591544711616407204e-01
1.343298961999999763e+00,-1.592033934162289388e-01
1.343498962000000185e+00,-1.592481800081470833e-01
1.343698961999999941e+00,-1.592888111301143383e-01
1.343898961999999697e+00,-1.593252671379978835e-01
1.344098962000000341e+00,-1.593575285526371843e-01
1.344298962000000319e+00,-1.593855760616585959e-01
1.344498962000000297e+00,-1.594093905212829454e-01
1.344698962000000053e+00,-1.594289529581205678e-01
1.344898961999999809e+00,-1.594442445709583211e-01
1.345098962000000009e+00,-1.594552467325364709e-01
1.345298962000000431e+00,-1.594619409913146102e-01
1.345498961999999743e+00,-1.594643090732277835e-01
1.345698961999999721e+00,-1.594623328834320064e-01
1.345898962000000143e+00,-1.594559945080383234e-01
1.346098962000000121e+00,-1.594452762158367343e-01
1.346298961999999433e+00,-1.594301604600082412e-01
1.346498962000000077e+00,-1.594106298798250720e-01
1.346698962000000055e+00,-1.593866673023408009e-01
1.346898962000000033e+00,-1.593582557440668124e-01
1.347098962000000455e+00,-1.593253784126373307e-01
1.347298961999999989e+00,-1.592880187084634303e-01
1.347498962000000189e+00,-1.592461602263720022e-01
1.347698961999999945e+00,-1.591997867572345904e-01
1.347898962000000589e+00,-1.591488822895819055e-01
1.348098961999999901e+00,-1.590934310112063488e-01
1.348298961999999657e+00,-1.590334173107489923e-01
1.348498962000000301e+00,-1.589688257792760684e-01
1.348698962000000279e+00,-1.588996412118406365e-01
1.348898961999999369e+00,-1.588258486090295130e-01
1.349098961999999791e+00,-1.587474331784958781e-01
1.349298961999999769e+00,-1.586643803364808925e-01
1.349498962000000191e+00,-1.585766757093169110e-01
1.349698961999999725e+00,-1.584843051349186238e-01
1.349898961999999702e+00,-1.583872546642570711e-01
1.350098962000000125e+00,-1.582855105628216963e-01
1.350298962000000103e+00,-1.581790593120652177e-01
1.350498962000000525e+00,-1.580678876108322362e-01
1.350698961999999836e+00,-1.579519823767759901e-01
1.350898962000000036e+00,-1.578313307477530181e-01
1.351098962000000014e+00,-1.577059200832097718e-01
1.351298962000000436e+00,-1.575757379655462476e-01
1.351498961999999526e+00,-1.574407722014687094e-01
1.351698961999999504e+00,-1.573010108233191262e-01
1.351898962000000370e+00,-1.571564420903959203e-01
1.352098962000000126e+00,-1.570070544902546217e-01
1.352298961999999438e+00,-1.568528367399872059e-01
1.352498961999999860e+00,-1.566937777874891635e-01
1.352698961999999838e+00,-1.565298668127113602e-01
1.352898962000000260e+00,-1.563610932288865829e-01
1.353098962000000238e+00,-1.561874466837461228e-01
1.353298961999999772e+00,-1.560089170607128206e-01
1.353498962000000194e+00,-1.558254944800784303e-01
1.353698962000000172e+00,-1.556371693001656897e-01
1.353898962000000594e+00,-1.554439321184649114e-01
1.354098961999999906e+00,-1.552457737727604981e-01
1.354298961999999884e+00,-1.550426853422287587e-01
1.354498962000000084e+00,-1.548346581485279816e-01
1.354698962000000062e+00,-1.546216837568615554e-01
1.354898961999999152e+00,-1.544037539770251599e-01
1.355098961999999574e+00,-1.541808608644297252e-01
1.355298961999999996e+00,-1.539529967211163419e-01
1.355498962000000418e+00,-1.537201540967386981e-01
1.355698961999999730e+00,-1.534823257895340798e-01
1.355898961999999930e+00,-1.532395048472664500e-01
1.356098962000000130e+00,-1.529916845681615900e-01
1.356298962000000108e+00,-1.527388585018105149e-01
1.356498962000000308e+00,-1.524810204500575694e-01
1.356698961999999842e+00,-1.522181644678688994e-01
1.356898962000000264e+00,-1.519502848641749448e-01
1.357098962000000020e+00,-1.516773762027022743e-01
1.357298962000000220e+00,-1.513994333027710026e-01
1.357498961999999532e+00,-1.511164512400854365e-01
1.357698961999999732e+00,-1.508284253474882486e-01
1.357898962000000154e+00,-1.505353512157093232e-01
1.358098962000000132e+00,-1.502372246940824607e-01
1.358298961999999221e+00,-1.499340418912427642e-01
1.358498961999999644e+00,-1.496257991757989347e-01
1.358698962000000066e+00,-1.493124931769977959e-01
1.358898962000000044e+00,-1.489941207853500704e-01
1.359098962000000466e+00,-1.486706791532400040e-01
1.359298961999999555e+00,-1.483421656955204726e-01
1.359498962000000422e+00,-1.480085780900666503e-01
1.359698962000000177e+00,-1.476699142783380880e-01
1.359898962000000600e+00,-1.473261724658820049e-01
1.360098961999999911e+00,-1.469773511228464336e-01
1.360298961999999889e+00,-1.466234489844434608e-01
1.360498962000000089e+00,-1.462644650514132727e-01
1.360698962000000289e+00,-1.459003985904500644e-01
1.360898961999999379e+00,-1.455312491346114623e-01
1.361098961999999801e+00,-1.451570164836953891e-01
1.361298961999999779e+00,-1.447777007046149034e-01
1.361498961999999979e+00,-1.443933021317246879e-01
1.361698961999999957e+00,-1.440038213671420986e-01
1.361898961999999713e+00,-1.436092592810359059e-01
1.362098962000000135e+00,-1.432096170118929979e-01
1.362298961999999891e+00,-1.428048959667692075e-01
1.362498962000000535e+00,-1.423950978214996166e-01
1.362698961999999625e+00,-1.419802245209100255e-01
1.362898962000000269e+00,-1.415602782789699976e-01
1.363098962000000025e+00,-1.411352615789661924e-01
1.363298962000000447e+00,-1.407051771736071433e-01
1.363498961999999537e+00,-1.402700280851417181e-01
1.363698961999999515e+00,-1.398298176054195985e-01
1.363898961999999937e+00,-1.393845492959597254e-01
1.364098962000000359e+00,-1.389342269879743630e-01
1.364298961999999449e+00,-1.384788547823763427e-01
1.364498961999999649e+00,-1.380184370497495316e-01
1.364698962000000071e+00,-1.375529784303217151e-01
1.364898961999999827e+00,-1.370824838338898233e-01
1.365098962000000249e+00,-1.366069584397232861e-01
1.365298961999999561e+00,-1.361264076964594782e-01
1.365498962000000205e+00,-1.356408373219472052e-01
1.365698962000000183e+00,-1.351502533031012643e-01
1.365898962000000605e+00,-1.346546618956956098e-01
1.366098962000000139e+00,-1.341540696241628750e-01
1.366298962000000117e+00,-1.336484832813432666e-01
1.366498962000000095e+00,-1.331379099282330170e-01
1.366698962000000517e+00,-1.326223568936900632e-01
1.366898961999999607e+00,-1.321018317741304848e-01
1.367098961999999585e+00,-1.315763424331756470e-01
1.367298962000000007e+00,-1.310458970013085034e-01
1.367498961999999985e+00,-1.305105038754823532e-01
1.367698961999999518e+00,-1.299701717187074224e-01
1.367898961999999941e+00,-1.294249094596147120e-01
1.368098962000000363e+00,-1.288747262920063308e-01
1.368298961999999896e+00,-1.283196316743659138e-01
1.368498962000000541e+00,-1.277596353293423970e-01
1.368698961999999852e+00,-1.271947472432373716e-01
1.368898962000000274e+00,-1.266249776654220505e-01
1.369098962000000252e+00,-1.260503371077803525e-01
1.369298962000000675e+00,-1.254708363440844576e-01
1.369498961999999764e+00,-1.248864864093789939e-01
1.369698961999999742e+00,-1.242972985993067714e-01
1.369898962000000164e+00,-1.237032844694486156e-01
1.370098962000000364e+00,-1.231044558346130746e-01
1.370298961999999232e+00,-1.225008247681087237e-01
1.370498961999999654e+00,-1.218924036009790823e-01
1.370698961999999854e+00,-1.212792049212521178e-01
1.370898962000000054e+00,-1.206612415731198457e-01
1.371098962000000032e+00,-1.200385266561211917e-01
1.371298961999999566e+00,-1.194110735242919774e-01
1.371498962000000432e+00,-1.187788957852864424e-01
1.371698961999999966e+00,-1.181420072995006676e-01
1.371898962000000610e+00,-1.175004221791226544e-01
1.372098961999999922e+00,-1.168541547872195274e-01
1.372298962000000344e+00,-1.162032197367391662e-01
1.372498961999999878e+00,-1.155476318895484744e-01
1.372698962000000522e+00,-1.148874063553911584e-01
1.372898961999999612e+00,-1.142225584908781455e-01
1.373098961999999812e+00,-1.135531038983924740e-01
1.373298962000000234e+00,-1.128790584250339291e-01
1.373498961999999990e+00,-1.122004381614989665e-01
1.373698961999999302e+00,-1.115172594409460649e-01
1.373898961999999724e+00,-1.108295388378397195e-01
1.374098962000000146e+00,-1.101372931667878585e-01
1.374298961999999902e+00,-1.094405394813305621e-01
1.374498962000000546e+00,-1.087392950727115448e-01
1.374698961999999636e+00,-1.080335774686543154e-01
1.374898962000000280e+00,-1.073234044320605790e-01
1.375098961999999814e+00,-1.066087939597608614e-01
1.375298962000000902e+00,-1.058897642811618689e-01
1.375498961999999770e+00,-1.051663338569546191e-01
1.375698961999999970e+00,-1.044385213777082044e-01
1.375898961999999948e+00,-1.037063457625362617e-01
1.376098962000000370e+00,-1.029698261576705576e-01
1.376298961999999015e+00,-1.022289819350575280e-01
1.376498961999999882e+00,-1.014838326908821531e-01
1.376698961999999860e+00,-1.007343982441521874e-01
1.376898962000000282e+00,-9.998069863517008993e-02
1.377098961999999815e+00,-9.922275412405237582e-02
1.377298961999999793e+00,-9.846058518918260338e-02
1.377498962000000216e+00,-9.769421252567747627e-02
1.377698962000000193e+00,-9.692365704381672442e-02
1.377898962000000394e+00,-9.614893986744453558e-02
1.378098961999999705e+00,-9.537008233237259658e-02
1.378298962000000349e+00,-9.458710598473049624e-02
1.378498961999999883e+00,-9.380003257934792227e-02
1.378698962000000527e+00,-9.300888407804802638e-02
1.378898961999999395e+00,-9.221368264799784109e-02
1.379098961999999817e+00,-9.141445065995462693e-02
1.379298962000000239e+00,-9.061121068658251065e-02
1.379498961999999995e+00,-8.980398550068313668e-02
1.379698961999999307e+00,-8.899279807343028759e-02
1.379898961999999507e+00,-8.817767157258471489e-02
1.380098961999999929e+00,-8.735862936070415419e-02
1.380298961999999907e+00,-8.653569499331481563e-02
1.380498962000000329e+00,-8.570889221706567973e-02
1.380698961999999419e+00,-8.487824496788927420e-02
1.380898962000000285e+00,-8.404377736909598995e-02
1.381098962000000041e+00,-8.320551372952739166e-02
1.381298962000000685e+00,-8.236347854160135096e-02
1.381498961999999775e+00,-8.151769647942537500e-02
1.381698961999999975e+00,-8.066819239681284615e-02
1.381898962000000175e+00,-7.981499132536092056e-02
1.382098962000000375e+00,-7.895811847245390314e-02
1.382298961999999243e+00,-7.809759921928113857e-02
1.382498961999999665e+00,-7.723345911880466486e-02
1.382698962000000087e+00,-7.636572389377296877e-02
1.382898962000000065e+00,-7.549441943465705351e-02
1.383098961999999821e+00,-7.461957179759781678e-02
1.383298961999999577e+00,-7.374120720233859338e-02
1.383498962000000443e+00,-7.285935203013702011e-02
1.383698961999999977e+00,-7.197403282168514382e-02
1.383898962000000399e+00,-7.108527627495954404e-02
1.384098961999999489e+00,-7.019310924313390543e-02
1.384298962000000355e+00,-6.929755873239407116e-02
1.384498961999999889e+00,-6.839865189983454496e-02
1.384698962000000533e+00,-6.749641605123707366e-02
1.384898961999999401e+00,-6.659087863893844994e-02
1.385098961999999823e+00,-6.568206725958322667e-02
1.385298962000000245e+00,-6.477000965196774707e-02
1.385498962000000223e+00,-6.385473369479319206e-02
1.385698961999999312e+00,-6.293626740443930556e-02
1.385898961999999734e+00,-6.201463893270922623e-02
1.386098962000000157e+00,-6.108987656460308086e-02
1.386298961999999912e+00,-6.016200871603259032e-02
1.386498962000000335e+00,-5.923106393153818039e-02
1.386698961999999202e+00,-5.829707088202673582e-02
1.386898962000000513e+00,-5.736005836242823869e-02
1.387098962000000268e+00,-5.642005528945370774e-02
1.387298962000000468e+00,-5.547709069921125113e-02
1.387498961999999780e+00,-5.453119374492242794e-02
1.387698961999999980e+00,-5.358239369455457951e-02
1.387898961999999958e+00,-5.263071992850260061e-02
1.388098962000000380e+00,-5.167620193721240984e-02
1.388298961999999470e+00,-5.071886931883699129e-02
1.388498961999999892e+00,-4.975875177683235229e-02
1.388698961999999870e+00,-4.879587911761994190e-02
1.388898962000000292e+00,-4.783028124816556675e-02
1.389098961999999826e+00,-4.686198817360859997e-02
1.389298961999999582e+00,-4.589102999483732348e-02
1.389498962000000226e+00,-4.491743690609514839e-02
1.389698961999999982e+00,-4.394123919257512945e-02
1.389898962000000626e+00,-4.296246722797022327e-02
1.390098961999999716e+00,-4.198115147208424103e-02
1.390298962000000138e+00,-4.099732246835283145e-02
1.390498962000000116e+00,-4.001101084145532172e-02
1.390698962000000538e+00,-3.902224729483549925e-02
1.390898961999999628e+00,-3.803106260828174184e-02
1.391098961999999606e+00,-3.703748763544172096e-02
1.391298962000000250e+00,-3.604155330139942326e-02
1.391498962000000450e+00,-3.504329060020804076e-02
1.391698961999999318e+00,-3.404273059242214627e-02
1.391898961999999740e+00,-3.303990440261364570e-02
1.392098961999999940e+00,-3.203484321694638481e-02
1.392298961999999918e+00,-3.102757828067216617e-02
1.392498962000000340e+00,-3.001814089566352123e-02
1.392698961999999430e+00,-2.900656241795456294e-02
1.392898962000000296e+00,-2.799287425522721529e-02
1.393098962000000274e+00,-2.697710786438754088e-02
1.393298962000000696e+00,-2.595929474903739542e-02
1.393498961999999786e+00,-2.493946645703173925e-02
1.393698962000000208e+00,-2.391765457796006522e-02
1.393898961999999742e+00,-2.289389074071495472e-02
1.394098962000000608e+00,-2.186820661096503665e-02
1.394298961999999698e+00,-2.084063388872660003e-02
1.394498961999999675e+00,-1.981120430582927402e-02
1.394698962000000098e+00,-1.877994962348536814e-02
1.394898962000000076e+00,-1.774690162980148075e-02
1.395098961999999609e+00,-1.671209213729928783e-02
1.395298961999999587e+00,-1.567555298044500528e-02
1.395498962000000009e+00,-1.463731601319072893e-02
1.395698961999999987e+00,-1.359741310650960412e-02
1.395898962000000409e+00,-1.255587614592039089e-02
1.396098961999999499e+00,-1.151273702905218285e-02
1.396298962000000365e+00,-1.046802766315089832e-02
1.396498962000000121e+00,-9.421779962685885787e-03
1.396698962000000765e+00,-8.374025846847226243e-03
1.396898961999999411e+00,-7.324797237156279936e-03
1.397098961999999833e+00,-6.274126054969037664e-03
1.397298962000000255e+00,-5.222044219110036009e-03
1.397498962000000677e+00,-4.168583643409291134e-03
1.397698961999999323e+00,-3.113776234302477117e-03
1.397898961999999745e+00,-2.057653888381081805e-03
1.398098961999999945e+00,-1.000248490044626862e-03
1.398298962000000145e+00,5.840809093910978578e-05
1.398498962000000123e+00,1.118284001810971283e-03
1.398698961999999435e+00,2.179347409205209529e-03
1.398898962000000079e+00,3.241566501539307893e-03
1.399098962000000057e+00,4.304909491346904996e-03
1.399298962000000479e+00,5.369344617674688160e-03
1.399498961999999569e+00,6.434840148399978768e-03
1.399698962000000435e+00,7.501364382613332459e-03
1.399898961999999969e+00,8.568885652890196811e-03
1.400098962000000613e+00,9.637372327675558514e-03
1.400298961999999481e+00,1.070679281353692676e-02
1.400498961999999903e+00,1.177711555752718707e-02
1.400698962000000103e+00,1.284830904941435675e-02
1.400898962000000303e+00,1.392034182399887014e-02
1.401098961999999393e+00,1.499318246336374914e-02
1.401298961999999815e+00,1.606679959915698758e-02
1.401498962000000015e+00,1.714116191479617829e-02
1.401698962000000215e+00,1.821623814773120145e-02
1.401898962000000637e+00,1.929199709165502208e-02
1.402098961999999505e+00,2.036840759869960535e-02
1.402298962000000149e+00,2.144543858166859940e-02
1.402498962000000127e+00,2.252305901615934622e-02
1.402698962000000549e+00,2.360123794278010112e-02
1.402898961999999639e+00,2.467994446926854990e-02
1.403098961999999839e+00,2.575914777266895966e-02
1.403298962000000039e+00,2.683881710141512722e-02
1.403498962000000461e+00,2.791892177746611858e-02
1.403698961999999550e+00,2.899943119838412769e-02
1.403898961999999528e+00,3.008031483944413956e-02
1.404098961999999950e+00,3.116154225566289404e-02
1.404298962000000373e+00,3.224308308386109045e-02
1.404498961999999906e+00,3.332490704469304871e-02
1.404698961999999440e+00,3.440698394467401472e-02
1.404898962000000306e+00,3.548928367817202889e-02
1.405098962000000284e+00,3.657177622936783057e-02
1.405298962000000262e+00,3.765443167425623627e-02
1.405498961999999574e+00,3.873722018256783861e-02
1.405698962000000218e+00,3.982011201972152775e-02
1.405898961999999974e+00,4.090307754869948464e-02
1.406098962000000396e+00,4.198608723198332671e-02
1.406298961999999486e+00,4.306911163339040977e-02
1.406498961999999686e+00,4.415212141997279516e-02
1.406698962000000108e+00,4.523508736381359752e-02
1.406898962000000086e+00,4.631798034386437612e-02
1.407098961999999620e+00,4.740077134774670076e-02
1.407298961999999598e+00,4.848343147353293553e-02
1.407498962000000020e+00,4.956593193149620713e-02
1.407698961999999998e+00,5.064824404585065859e-02
1.407898962000000420e+00,5.173033925648442416e-02
1.408098961999999510e+00,5.281218912063537219e-02
1.408298962000000154e+00,5.389376531460845360e-02
1.408498962000000354e+00,5.497503963538144522e-02
1.408698962000000554e+00,5.605598400228105349e-02
1.408898961999999866e+00,5.713657045857704897e-02
1.409098961999999844e+00,5.821677117309620453e-02
1.409298962000000044e+00,5.929655844176978663e-02
1.409498962000000244e+00,6.037590468919533382e-02
1.409698961999999556e+00,6.145478247015938311e-02
1.409898961999999756e+00,6.253316447116058496e-02
1.410098961999999956e+00,6.361102351186395665e-02
1.410298962000000156e+00,6.468833254657994913e-02
1.410498961999999912e+00,6.576506466569463638e-02
1.410698961999999668e+00,6.684119309709082857e-02
1.410898962000000312e+00,6.791669120753721089e-02
1.411098962000000068e+00,6.899153250403874948e-02
1.411298962000000490e+00,7.006569063521325691e-02
1.411498961999999802e+00,7.113913939257635044e-02
1.411698962000000224e+00,7.221185271187688381e-02
1.411898961999999980e+00,7.328380467432689394e-02
1.412098962000000402e+00,7.435496950788844650e-02
1.412298961999999491e+00,7.542532158846276813e-02
1.412498961999999691e+00,7.649483544113210021e-02
1.412698961999999892e+00,7.756348574129198759e-02
1.412898962000000314e+00,7.863124731582776805e-02
1.413098961999999625e+00,7.969809514422518393e-02
1.413298961999999825e+00,8.076400435969677272e-02
1.413498961999999803e+00,8.182895025022360325e-02
1.413698962000000225e+00,8.289290825963148424e-02
1.413898962000000203e+00,8.395585398859883863e-02
1.414098961999999515e+00,8.501776319566803353e-02
1.414298962000000159e+00,8.607861179822801079e-02
1.414498962000000359e+00,8.713837587343138680e-02
1.414698962000000337e+00,8.819703165914777321e-02
1.414898962000000093e+00,8.925455555484967940e-02
1.415098962000000071e+00,9.031092412248695189e-02
1.415298961999999827e+00,9.136611408732564499e-02
1.415498962000000471e+00,9.242010233877986924e-02
1.415698961999999783e+00,9.347286593117964948e-02
1.415898961999999761e+00,9.452438208457777935e-02
1.416098961999999961e+00,9.557462818545554850e-02
1.416298961999999939e+00,9.662358178745017456e-02
1.416498961999999917e+00,9.767122061204690231e-02
1.416698961999999673e+00,9.871752254923440995e-02
1.416898962000000095e+00,9.976246565814914091e-02
1.417098962000000073e+00,1.008060281676672609e-01
1.417298962000000273e+00,1.018481884770072732e-01
1.417498961999999807e+00,1.028889251562682544e-01
1.417698962000000229e+00,1.039282169469800121e-01
1.417898962000000207e+00,1.049660427625779963e-01
1.418098962000000185e+00,1.060023816889034964e-01
1.418298961999999719e+00,1.070372129846394182e-01
1.418498961999999697e+00,1.080705160817442279e-01
1.418698962000000119e+00,1.091022705858367831e-01
1.418898962000000319e+00,1.101324562765666065e-01
1.419098961999999631e+00,1.111610531079605946e-01
1.419298961999999831e+00,1.121880412087509216e-01
1.419498961999999809e+00,1.132134008826379823e-01
1.419698962000000009e+00,1.142371126085753724e-01
1.419898961999999987e+00,1.152591570409941119e-01
1.420098961999999521e+00,1.162795150100176672e-01
1.420298962000000387e+00,1.172981675216543396e-01
1.420498961999999921e+00,1.183150957579212070e-01
1.420698962000000343e+00,1.193302810770215661e-01
1.420898961999999877e+00,1.203437050134036623e-01
1.421098962000000077e+00,1.213553492778755433e-01
1.421298961999999833e+00,1.223651957576251947e-01
1.421498962000000477e+00,1.233732265162718889e-01
1.421698961999999788e+00,1.243794237938341957e-01
1.421898961999999766e+00,1.253837700067417515e-01
1.422098962000000189e+00,1.263862477477493140e-01
1.422298962000000166e+00,1.273868397858652357e-01
1.422498961999999700e+00,1.283855290662538062e-01
1.422698961999999900e+00,1.293822987101050925e-01
1.422898962000000100e+00,1.303771320144636869e-01
1.423098962000000078e+00,1.313700124520572887e-01
1.423298962000000278e+00,1.323609236710897585e-01
1.423498961999999590e+00,1.333498494949965918e-01
1.423698962000000012e+00,1.343367739222094404e-01
1.423898961999999990e+00,1.353216811258388108e-01
1.424098962000000412e+00,1.363045554533951209e-01
1.424298961999999724e+00,1.372853814264300421e-01
1.424498961999999924e+00,1.382641437402078732e-01
1.424698961999999902e+00,1.392408272632886801e-01
1.424898962000000324e+00,1.402154170371443243e-01
1.425098961999999414e+00,1.411878982757055756e-01
1.425298961999999836e+00,1.421582563649384789e-01
1.425498961999999814e+00,1.431264768623203287e-01
1.425698962000000236e+00,1.440925454963693508e-01
1.425898961999999770e+00,1.450564481660920335e-01
1.426098961999999748e+00,1.460181709404545225e-01
1.426298962000000170e+00,1.469777000577872084e-01
1.426498962000000148e+00,1.479350219251877319e-01
1.426698962000000348e+00,1.488901231179100559e-01
1.426898961999999660e+00,1.498429903787032447e-01
1.427098962000000082e+00,1.507936106171664792e-01
1.427298961999999838e+00,1.517419709090254143e-01
1.427498962000000482e+00,1.526880584954522779e-01
1.427698961999999572e+00,1.536318607822962090e-01
1.427898961999999994e+00,1.545733653393691898e-01
1.428098961999999972e+00,1.555125598996195679e-01
1.428298962000000394e+00,1.564494323583655311e-01
1.428498961999999484e+00,1.573839707724474235e-01
1.428698961999999684e+00,1.583161633594160900e-01
1.428898961999999884e+00,1.592459984966319575e-01
1.429098962000000084e+00,1.601734647204010598e-01
1.429298962000000284e+00,1.610985507250634607e-01
1.429498961999999596e+00,1.620212453620631377e-01
1.429698962000000240e+00,1.629415376390192516e-01
1.429898961999999996e+00,1.638594167187250039e-01
1.430098962000000640e+00,1.647748719182001720e-01
1.430298961999999729e+00,1.656878927076479990e-01
1.430498961999999707e+00,1.665984687094717587e-01
1.430698961999999685e+00,1.675065896971935642e-01
1.430898962000000552e+00,1.684122455944154773e-01
1.431098961999999641e+00,1.693154264737140591e-01
1.431298961999999619e+00,1.702161225555821611e-01
1.431498961999999819e+00,1.711143242072721005e-01
1.431698962000000463e+00,1.720100219416808018e-01
1.431898961999999997e+00,1.729032064161853399e-01
1.432098961999999531e+00,1.737938684314943028e-01
1.432298962000000175e+00,1.746819989304491394e-01
1.432498961999999931e+00,1.755675889968082992e-01
1.432698962000000353e+00,1.764506298540580997e-01
1.432898961999999887e+00,1.773311128641479884e-01
1.433098962000000309e+00,1.782090295262684088e-01
1.433298961999999843e+00,1.790843714755545601e-01
1.433498962000000265e+00,1.799571304818363693e-01
1.433698961999999799e+00,1.808272984483106360e-01
1.433898961999999777e+00,1.816948674102602523e-01
1.434098962000000199e+00,1.825598295337088894e-01
1.434298962000000177e+00,1.834221771140844837e-01
1.434498961999999711e+00,1.842819025748738127e-01
1.434698961999999689e+00,1.851389984662560606e-01
1.434898962000000111e+00,1.859934574637161775e-01
1.435098962000000089e+00,1.868452723666524651e-01
1.435298962000000289e+00,1.876944360969823034e-01
1.435498961999999601e+00,1.885409416977112396e-01
1.435698962000000245e+00,1.893847823315255030e-01
1.435898962000000223e+00,1.902259512793201268e-01
1.436098962000000423e+00,1.910644419387766413e-01
1.436298961999999957e+00,1.919002478228815367e-01
1.436498961999999935e+00,1.927333625584681243e-01
1.436698961999999913e+00,1.935637798847186508e-01
1.436898962000000335e+00,1.943914936516802361e-01
1.437098961999999869e+00,1.952164978187510558e-01
1.437298961999999847e+00,1.960387864531856206e-01
1.437498961999999825e+00,1.968583537285549245e-01
1.437698962000000247e+00,1.976751939232265221e-01
1.437898962000000003e+00,1.984893014188163218e-01
1.438098961999999759e+00,1.993006706986544530e-01
1.438298962000000181e+00,2.001092963462239027e-01
1.438498961999999937e+00,2.009151730435896344e-01
1.438698962000000359e+00,2.017182955698486879e-01
1.438898961999999671e+00,2.025186587995307930e-01
1.439098962000000093e+00,2.033162577010441951e-01
1.439298962000000071e+00,2.041110873350558408e-01
1.439498962000000271e+00,2.049031428529214938e-01
1.439698961999999582e+00,2.056924194950690843e-01
1.439898961999999560e+00,2.064789125894122557e-01
1.440098961999999982e+00,2.072626175497224166e-01
1.440298962000000405e+00,2.080435298740204719e-01
1.440498961999999716e+00,2.088216451429576459e-01
1.440698961999999472e+00,2.095969590182052422e-01
1.440898961999999894e+00,2.103694672408137623e-01
1.441098962000000316e+00,2.111391656295859565e-01
1.441298962000000294e+00,2.119060500794497925e-01
1.441498961999999384e+00,2.126701165598224863e-01
1.441698962000000472e+00,2.134313611129883270e-01
1.441898962000000228e+00,2.141897798524228236e-01
1.442098962000000206e+00,2.149453689611964813e-01
1.442298961999999962e+00,2.156981246903072191e-01
1.442498961999999940e+00,2.164480433570501183e-01
1.442698961999999696e+00,2.171951213433684913e-01
1.442898962000000562e+00,2.179393550942217428e-01
1.443098961999999652e+00,2.186807411159205627e-01
1.443298961999999852e+00,2.194192759745228205e-01
1.443498962000000052e+00,2.201549562941563787e-01
1.443698962000000030e+00,2.208877787553972794e-01
1.443898961999999786e+00,2.216177400936290010e-01
1.444098961999999764e+00,2.223448370974072941e-01
1.444298962000000186e+00,2.230690666068222971e-01
1.444498961999999942e+00,2.237904255118632335e-01
1.444698962000000364e+00,2.245089107508026482e-01
1.444898961999999898e+00,2.252245193085506691e-01
1.445098962000000098e+00,2.259372482150536487e-01
1.445298962000000298e+00,2.266470945436559470e-01
1.445498962000000276e+00,2.273540554094940214e-01
1.445698961999999810e+00,2.280581279678839113e-01
1.445898961999999788e+00,2.287593094127183813e-01
1.446098961999999988e+00,2.294575969748579580e-01
1.446298962000000410e+00,2.301529879205393425e-01
1.446498961999999500e+00,2.308454795497777434e-01
1.446698961999999700e+00,2.315350691948017126e-01
1.446898961999999900e+00,2.322217542184479566e-01
1.447098962000000100e+00,2.329055320126046380e-01
1.447298962000000078e+00,2.335863999966412141e-01
1.447498961999999612e+00,2.342643556158499618e-01
1.447698962000000478e+00,2.349393963399017682e-01
1.447898962000000012e+00,2.356115196612799667e-01
1.448098962000000212e+00,2.362807230937744585e-01
1.448298961999999968e+00,2.369470041709281216e-01
1.448498961999999946e+00,2.376103604445334305e-01
1.448698961999999701e+00,2.382707894831113393e-01
1.448898962000000790e+00,2.389282888704202246e-01
1.449098961999999657e+00,2.395828562039391263e-01
1.449298961999999857e+00,2.402344890934252075e-01
1.449498962000000057e+00,2.408831851594003259e-01
1.449698962000000257e+00,2.415289420317077718e-01
1.449898961999999791e+00,2.421717573480535179e-01
1.450098961999999769e+00,2.428116287525705075e-01
1.450298962000000191e+00,2.434485538943776395e-01
1.450498962000000169e+00,2.440825304261599882e-01
1.450698962000000147e+00,2.447135560027659806e-01
1.450898961999999903e+00,2.453416282798038528e-01
1.451098962000000325e+00,2.459667449122602267e-01
1.451298962000000081e+00,2.465889035531158568e-01
1.451498962000000503e+00,2.472081018519987072e-01
1.451698961999999815e+00,2.478243374538177668e-01
1.451898962000000015e+00,2.484376079974460749e-01
1.452098961999999549e+00,2.490479111143755198e-01
1.452298962000000415e+00,2.496552444274277027e-01
1.452498961999999505e+00,2.502596055494306082e-01
1.452698961999999927e+00,2.508609920819691030e-01
1.452898961999999905e+00,2.514594016140820343e-01
1.453098962000000327e+00,2.520548317210289380e-01
1.453298961999999861e+00,2.526472799630344324e-01
1.453498961999999839e+00,2.532367438840749108e-01
1.453698962000000261e+00,2.538232210106555198e-01
1.453898962000000239e+00,2.544067088506124508e-01
1.454098962000000217e+00,2.549872048919383793e-01
1.454298961999999751e+00,2.555647066016074609e-01
1.454498962000000173e+00,2.561392114244312457e-01
1.454698961999999707e+00,2.567107167819094871e-01
1.454898962000000351e+00,2.572792200711271904e-01
1.455098961999999663e+00,2.578447186636277366e-01
1.455298961999999863e+00,2.584072099043497883e-01
1.455498961999999841e+00,2.589666911105318325e-01
1.455698962000000041e+00,2.595231595706707362e-01
1.455898961999999797e+00,2.600766125434734732e-01
1.456098961999999553e+00,2.606270472568414931e-01
1.456298961999999975e+00,2.611744609068622491e-01
1.456498961999999953e+00,2.617188506568139394e-01
1.456698962000000153e+00,2.622602136362039427e-01
1.456898961999999687e+00,2.627985469398055329e-01
1.457098962000000331e+00,2.633338476267312322e-01
1.457298962000000087e+00,2.638661127194965039e-01
1.457498962000000509e+00,2.643953392031364036e-01
1.457698961999999820e+00,2.649215240243047442e-01
1.457898961999999798e+00,2.654446640904238874e-01
1.458098961999999776e+00,2.659647562688221001e-01
1.458298962000000421e+00,2.664817973859119338e-01
1.458498961999999732e+00,2.669957842263688264e-01
1.458698961999999710e+00,2.675067135323538903e-01
1.458898961999999910e+00,2.680145820027219905e-01
1.459098962000000332e+00,2.685193862922718999e-01
1.459298962000000088e+00,2.690211230110057805e-01
1.459498961999999622e+00,2.695197887234131451e-01
1.459698962000000266e+00,2.700153799477703620e-01
1.459898961999999800e+00,2.705078931554465993e-01
1.460098962000000444e+00,2.709973247702605059e-01
1.460298961999999756e+00,2.714836711678132453e-01
1.460498962000000178e+00,2.719669286748866988e-01
1.460698961999999934e+00,2.724470935688148576e-01
1.460898962000000356e+00,2.729241620769142229e-01
1.461098961999999446e+00,2.733981303759002168e-01
1.461298961999999868e+00,2.738689945913576063e-01
1.461498961999999846e+00,2.743367507971890551e-01
1.461698962000000268e+00,2.748013950151215190e-01
1.461898961999999802e+00,2.752629232142037030e-01
1.462098961999999558e+00,2.757213313103454300e-01
1.462298962000000202e+00,2.761766151658586743e-01
1.462498962000000180e+00,2.766287705890196902e-01
1.462698962000000158e+00,2.770777933336669996e-01
1.462898961999999692e+00,2.775236790987981039e-01
1.463098962000000558e+00,2.779664235282039431e-01
1.463298962000000092e+00,2.784060222100969151e-01
1.463498962000000292e+00,2.788424706767970718e-01
1.463698962000000048e+00,2.792757644043971643e-01
1.463898962000000026e+00,2.797058988124770940e-01
1.464098961999999560e+00,2.801328692638195283e-01
1.464298962000000426e+00,2.805566710641596018e-01
1.464498961999999516e+00,2.809772994619303965e-01
1.464698961999999938e+00,2.813947496480677102e-01
1.464898961999999916e+00,2.818090167557861792e-01
1.465098962000000338e+00,2.822200958604141885e-01
1.465298961999999872e+00,2.826279819792226200e-01
1.465498961999999850e+00,2.830326700712924026e-01
1.465698962000000272e+00,2.834341550373837837e-01
1.465898961999999806e+00,2.838324317198318014e-01
1.466098962000000450e+00,2.842274949024716779e-01
1.466298961999999761e+00,2.846193393105574954e-01
1.466498962000000184e+00,2.850079596107334412e-01
1.466698961999999939e+00,2.853933504109890662e-01
1.466898962000000362e+00,2.857755062606645025e-01
1.467098961999999673e+00,2.861544216504486315e-01
1.467298961999999873e+00,2.865300910124212175e-01
1.467498961999999851e+00,2.869025087200866020e-01
1.467698962000000495e+00,2.872716690884512536e-01
1.467898961999999585e+00,2.876375663740978750e-01
1.468098961999999563e+00,2.880001947753027536e-01
1.468298961999999985e+00,2.883595484321446190e-01
1.468498961999999963e+00,2.887156214266487497e-01
1.468698962000000163e+00,2.890684077829482335e-01
1.468898961999999475e+00,2.894179014674556627e-01
1.469098962000000341e+00,2.897640963890658616e-01
1.469298961999999875e+00,2.901069863993532838e-01
1.469498962000000297e+00,2.904465652928202579e-01
1.469698962000000053e+00,2.907828268071303013e-01
1.469898962000000031e+00,2.911157646233838436e-01
1.470098961999999565e+00,2.914453723663944507e-01
1.470298962000000653e+00,2.917716436049977435e-01
1.470498961999999743e+00,2.920945718523549894e-01
1.470698961999999721e+00,2.924141505663079843e-01
1.470898961999999921e+00,2.927303731497156170e-01
1.471098962000000121e+00,2.930432329508298461e-01
1.471298961999999877e+00,2.933527232636800597e-01
1.471498961999999855e+00,2.936588373284787501e-01
1.471698962000000055e+00,2.939615683320386808e-01
1.471898962000000033e+00,2.942609094082088150e-01
1.472098962000000455e+00,2.945568536383285640e-01
1.472298961999999989e+00,2.948493940516935807e-01
1.472498962000000189e+00,2.951385236260459788e-01
1.472698961999999945e+00,2.954242352880686040e-01
1.472898962000000367e+00,2.957065219139070611e-01
1.473098961999999679e+00,2.959853763296961815e-01
1.473298961999999879e+00,2.962607913121162451e-01
1.473498961999999857e+00,2.965327595889478141e-01
1.473698962000000723e+00,2.968012738396557659e-01
1.473898961999999369e+00,2.970663266959764348e-01
1.474098961999999791e+00,2.973279107425399470e-01
1.474298961999999769e+00,2.975860185174766803e-01
1.474498962000000191e+00,2.978406425130668556e-01
1.474698962000000169e+00,2.980917751763879631e-01
1.474898961999999702e+00,2.983394089099850044e-01
1.475098962000000125e+00,2.985835360725514476e-01
1.475298962000000103e+00,2.988241489796206185e-01
1.475498962000000081e+00,2.990612399042794634e-01
1.475698961999999836e+00,2.992948010778903045e-01
1.475898962000000036e+00,2.995248246908270850e-01
1.476098961999999570e+00,2.997513028932237145e-01
1.476298962000000436e+00,2.999742277957428427e-01
1.476498961999999526e+00,3.001935914703424690e-01
1.476698961999999948e+00,3.004093859510786335e-01
1.476898961999999926e+00,3.006216032348951184e-01
1.477098962000000348e+00,3.008302352824460124e-01
1.477298961999999660e+00,3.010352740189184972e-01
1.477498961999999860e+00,3.012367113348771719e-01
1.477698962000000060e+00,3.014345390871110419e-01
1.477898962000000260e+00,3.016287490994993270e-01
1.478098962000000016e+00,3.018193331638867605e-01
1.478298961999999772e+00,3.020062830409706023e-01
1.478498962000000194e+00,3.021895904612002526e-01
1.478698961999999950e+00,3.023692471256836933e-01
1.478898962000000372e+00,3.025452447071130813e-01
1.479098961999999684e+00,3.027175748506920061e-01
1.479298962000000106e+00,3.028862291750834546e-01
1.479498961999999862e+00,3.030511992733568305e-01
1.479698962000000506e+00,3.032124767139579014e-01
1.479898961999999596e+00,3.033700530416766350e-01
1.480098962000000018e+00,3.035239197786391840e-01
1.480298961999999996e+00,3.036740684252929867e-01
1.480498962000000418e+00,3.038204904614175694e-01
1.480698961999999952e+00,3.039631773471339615e-01
1.480898961999999930e+00,3.041021205239303193e-01
1.481098962000000352e+00,3.042373114156923797e-01
1.481298961999999886e+00,3.043687414297436278e-01
1.481498962000000086e+00,3.044964019578986214e-01
1.481698961999999842e+00,3.046202843775186464e-01
1.481898962000000264e+00,3.047403800525816386e-01
1.482098961999999798e+00,3.048566803347549925e-01
1.482298962000000220e+00,3.049691765644839681e-01
1.482498961999999310e+00,3.050778600720789324e-01
1.482698962000000176e+00,3.051827221788202538e-01
1.482898962000000154e+00,3.052837541980614189e-01
1.483098962000000354e+00,3.053809474363483600e-01
1.483298961999999666e+00,3.054742931945390594e-01
1.483498961999999644e+00,3.055637827689366426e-01
1.483698962000000066e+00,3.056494074524243043e-01
1.483898962000000044e+00,3.057311585356091710e-01
1.484098962000000022e+00,3.058090273079739352e-01
1.484298961999999777e+00,3.058830050590346517e-01
1.484498962000000422e+00,3.059530830795036405e-01
1.484698961999999955e+00,3.060192526624579967e-01
1.484898962000000378e+00,3.060815051045200352e-01
1.485098961999999911e+00,3.061398317070338493e-01
1.485298961999999889e+00,3.061942237772579123e-01
1.485498961999999645e+00,3.062446726295548483e-01
1.485698962000000289e+00,3.062911695865930817e-01
1.485898961999999601e+00,3.063337059805487095e-01
1.486098961999999801e+00,3.063722731543164768e-01
1.486298961999999779e+00,3.064068624627234172e-01
1.486498962000000423e+00,3.064374652737481552e-01
1.486698961999999735e+00,3.064640729697437060e-01
1.486898961999999935e+00,3.064866769486682685e-01
1.487098962000000579e+00,3.065052686253155745e-01
1.487298962000000113e+00,3.065198394325518993e-01
1.487498962000000091e+00,3.065303808225591786e-01
1.487698961999999847e+00,3.065368842680779027e-01
1.487898962000000047e+00,3.065393412636567838e-01
1.488098962000000025e+00,3.065377433269047547e-01
1.488298962000000003e+00,3.065320819997468527e-01
1.488498961999999537e+00,3.065223488496836568e-01
1.488698961999999959e+00,3.065085354710533339e-01
1.488898961999999937e+00,3.064906334862969595e-01
1.489098962000000359e+00,3.064686345472276141e-01
1.489298961999999671e+00,3.064425303363004227e-01
1.489498961999999871e+00,3.064123125678869242e-01
1.489698962000000293e+00,3.063779729895513282e-01
1.489898962000000271e+00,3.063395033833289371e-01
1.490098961999999805e+00,3.062968955670063997e-01
1.490298961999999561e+00,3.062501413954060725e-01
1.490498962000000427e+00,3.061992327616685494e-01
1.490698962000000183e+00,3.061441615985419640e-01
1.490898962000000161e+00,3.060849198796680715e-01
1.491098961999999917e+00,3.060214996208731053e-01
1.491298962000000117e+00,3.059538928814594660e-01
1.491498961999999651e+00,3.058820917654970772e-01
1.491698962000000517e+00,3.058060884231171839e-01
1.491898961999999607e+00,3.057258750518102586e-01
1.492098962000000029e+00,3.056414438977160808e-01
1.492298962000000007e+00,3.055527872569254177e-01
1.492498962000000429e+00,3.054598974767733788e-01
1.492698961999999518e+00,3.053627669571409298e-01
1.492898961999999941e+00,3.052613881517478589e-01
1.493098962000000363e+00,3.051557535694559009e-01
1.493298962000000341e+00,3.050458557755654221e-01
1.493498962000000319e+00,3.049316873931131600e-01
1.493698961999999852e+00,3.048132411041720169e-01
1.493898962000000052e+00,3.046905096511483557e-01
1.494098962000000252e+00,3.045634858380817933e-01
1.494298962000000230e+00,3.044321625319411639e-01
1.494498961999999542e+00,3.042965326639228696e-01
1.494698961999999964e+00,3.041565892307446228e-01
1.494898961999999720e+00,3.040123252959465727e-01
1.495098962000000586e+00,3.038637339911799962e-01
1.495298961999999676e+00,3.037108085175074246e-01
1.495498961999999654e+00,3.035535421466886152e-01
1.495698961999999854e+00,3.033919282224780134e-01
1.495898962000000498e+00,3.032259601619125000e-01
1.496098962000000032e+00,3.030556314566020815e-01
1.496298961999999566e+00,3.028809356740138070e-01
1.496498962000000432e+00,3.027018664587600161e-01
1.496698962000000188e+00,3.025184175338851977e-01
1.496898962000000166e+00,3.023305827021424141e-01
1.497098961999999922e+00,3.021383558472777175e-01
1.497298961999999900e+00,3.019417309353071843e-01
1.497498961999999656e+00,3.017407020157939490e-01
1.497698962000000522e+00,3.015352632231200758e-01
1.497898961999999612e+00,3.013254087777633705e-01
1.498098962000000256e+00,3.011111329875573173e-01
1.498298961999999790e+00,3.008924302489696667e-01
1.498498962000000656e+00,3.006692950483543236e-01
1.498698961999999524e+00,3.004417219632253278e-01
1.498898962000000168e+00,3.002097056635006367e-01
1.499098962000000146e+00,2.999732409127724431e-01
1.499298962000000346e+00,2.997323225695501803e-01
1.499498962000000102e+00,2.994869455885138532e-01
1.499698961999999858e+00,2.992371050217579875e-01
1.499898962000000058e+00,2.989827960200364121e-01
1.500098962000000036e+00,2.987240138340021001e-01
1.500298962000000458e+00,2.984607538154410711e-01
1.500498961999999548e+00,2.981930114185094016e-01
1.500698961999999970e+00,2.979207822009528051e-01
1.500898961999999504e+00,2.976440618253440862e-01
1.501098962000000814e+00,2.973628460602915080e-01
1.501298961999999459e+00,2.970771307816719164e-01
1.501498961999999882e+00,2.967869119738220096e-01
1.501698961999999860e+00,2.964921857307692421e-01
1.501898962000000282e+00,2.961929482574220396e-01
1.502098961999999815e+00,2.958891958707788317e-01
1.502298961999999793e+00,2.955809250011163236e-01
1.502498962000000216e+00,2.952681321931869274e-01
1.502698962000000193e+00,2.949508141074053125e-01
1.502898962000000171e+00,2.946289675210270187e-01
1.503098961999999927e+00,2.943025893293292339e-01
1.503298962000000127e+00,2.939716765467803028e-01
1.503498961999999661e+00,2.936362263082120672e-01
1.503698962000000527e+00,2.932962358699746641e-01
1.503898961999999395e+00,2.929517026111068123e-01
1.504098962000000039e+00,2.926026240344686835e-01
1.504298961999999795e+00,2.922489977679104123e-01
1.504498962000000661e+00,2.918908215653942539e-01
1.504698961999999529e+00,2.915280933081492165e-01
1.504898961999999951e+00,2.911608110057783971e-01
1.505098962000000151e+00,2.907889727974064531e-01
1.505298962000000351e+00,2.904125769527843293e-01
1.505498961999999885e+00,2.900316218734084184e-01
1.505698961999999641e+00,2.896461060936215137e-01
1.505898962000000063e+00,2.892560282817186468e-01
1.506098962000000263e+00,2.888613872410431549e-01
1.506298962000000241e+00,2.884621819110703700e-01
1.506498961999999775e+00,2.880584113684929171e-01
1.506698961999999753e+00,2.876500748282928566e-01
1.506898961999999731e+00,2.872371716448161583e-01
1.507098962000000597e+00,2.868197013128298001e-01
1.507298961999999687e+00,2.863976634685874156e-01
1.507498962000000109e+00,2.859710578908596368e-01
1.507698961999999643e+00,2.855398845019981868e-01
1.507898962000000509e+00,2.851041433689515681e-01
1.508098961999999599e+00,2.846638347043138340e-01
1.508298962000000021e+00,2.842189588673196265e-01
1.508498962000000221e+00,2.837695163648820684e-01
1.508698962000000199e+00,2.833155078525858017e-01
1.508898961999999955e+00,2.828569341356872990e-01
1.509098961999999933e+00,2.823937961701072918e-01
1.509298961999999911e+00,2.819260950634150387e-01
1.509498961999999889e+00,2.814538320758024903e-01
1.509698962000000311e+00,2.809770086210519602e-01
1.509898961999999401e+00,2.804956262675011303e-01
1.510098962000000267e+00,2.800096867389794131e-01
1.510298961999999801e+00,2.795191919157767879e-01
1.510498962000000667e+00,2.790241438355507975e-01
1.510698961999999534e+00,2.785245446942823389e-01
1.510898961999999957e+00,2.780203968471619547e-01
1.511098961999999934e+00,2.775117028095309690e-01
1.511298962000000357e+00,2.769984652577610063e-01
1.511498961999999890e+00,2.764806870301604880e-01
1.511698961999999646e+00,2.759583711278452145e-01
1.511898962000000290e+00,2.754315207156204925e-01
1.512098962000000046e+00,2.749001391228524938e-01
1.512298962000000246e+00,2.743642298443093042e-01
1.512498962000000002e+00,2.738237965410226238e-01
1.512698961999999980e+00,2.732788430411143832e-01
1.512898961999999736e+00,2.727293733406332965e-01
1.513098962000000602e+00,2.721753916043639920e-01
1.513298961999999692e+00,2.716169021666537398e-01
1.513498962000000114e+00,2.710539095321817804e-01
1.513698961999999648e+00,2.704864183767802799e-01
1.513898962000000514e+00,2.699144335481870050e-01
1.514098962000000048e+00,2.693379600668379670e-01
1.514298961999999804e+00,2.687570031266027226e-01
1.514498962000000226e+00,2.681715680955460979e-01
1.514698962000000204e+00,2.675816605166675410e-01
1.514898962000000182e+00,2.669872861086191040e-01
1.515098961999999938e+00,2.663884507664286971e-01
1.515298962000000138e+00,2.657851605622002511e-01
1.515498962000000116e+00,2.651774217458162664e-01
1.515698962000000316e+00,2.645652407456122179e-01
1.515898961999999628e+00,2.639486241690588986e-01
1.516098962000000050e+00,2.633275788034078468e-01
1.516298961999999584e+00,2.627021116163643089e-01
1.516498962000000672e+00,2.620722297566981385e-01
1.516698961999999762e+00,2.614379405549039914e-01
1.516898961999999962e+00,2.607992515237764763e-01
1.517098961999999940e+00,2.601561703590478114e-01
1.517298962000000362e+00,2.595087049399587564e-01
1.517498962000000118e+00,2.588568633298507504e-01
1.517698961999999652e+00,2.582006537767208565e-01
1.517898962000000296e+00,2.575400847137795379e-01
1.518098962000000052e+00,2.568751647600063803e-01
1.518298962000000030e+00,2.562059027206584627e-01
1.518498962000000230e+00,2.555323075878023764e-01
1.518698962000000208e+00,2.548543885408153797e-01
1.518898961999999520e+00,2.541721549468763941e-01
1.519098962000000608e+00,2.534856163614339075e-01
1.519298961999999698e+00,2.527947825287033545e-01
1.519498962000000120e+00,2.520996633820732358e-01
1.519698961999999876e+00,2.514002690445870658e-01
1.519898962000000520e+00,2.506966098293385015e-01
1.520098961999999831e+00,2.499886962399080759e-01
1.520298962000000031e+00,2.492765389707335411e-01
1.520498962000000009e+00,2.485601489075216497e-01
1.520698962000000209e+00,2.478395371276011505e-01
1.520898962000000409e+00,2.471147149002878018e-01
1.521098961999999943e+00,2.463856936872258208e-01
1.521298961999999921e+00,2.456524851427087097e-01
1.521498962000000121e+00,2.449151011140036083e-01
1.521698962000000321e+00,2.441735536416470842e-01
1.521898961999999633e+00,2.434278549597318764e-01
1.522098962000000055e+00,2.426780174961638836e-01
1.522298961999999811e+00,2.419240538729428569e-01
1.522498962000000455e+00,2.411659769063765058e-01
1.522698961999999767e+00,2.404037996073319639e-01
1.522898961999999967e+00,2.396375351814165611e-01
1.523098961999999723e+00,2.388671970292018942e-01
1.523298962000000367e+00,2.380927987463810624e-01
1.523498961999999901e+00,2.373143541239559062e-01
1.523698961999999879e+00,2.365318771483587712e-01
1.523898962000000079e+00,2.357453820016069956e-01
1.524098962000000057e+00,2.349548830614142936e-01
1.524298962000000257e+00,2.341603949012872332e-01
1.524498962000000013e+00,2.333619322906195781e-01
1.524698961999999991e+00,2.325595101947518506e-01
1.524898961999999525e+00,2.317531437750351697e-01
1.525098962000000391e+00,2.309428483888527062e-01
1.525298961999999481e+00,2.301286395896708359e-01
1.525498962000000125e+00,2.293105331269967850e-01
1.525698961999999659e+00,2.284885449464166829e-01
1.525898962000000525e+00,2.276626911895215932e-01
1.526098961999999393e+00,2.268329881939061821e-01
1.526298961999999815e+00,2.259994524930531712e-01
1.526498961999999793e+00,2.251621008163058879e-01
1.526698962000000215e+00,2.243209500887355379e-01
1.526898962000000193e+00,2.234760174310475578e-01
1.527098961999999949e+00,2.226273201594379803e-01
1.527298962000000149e+00,2.217748757854474673e-01
1.527498962000000127e+00,2.209187020158031589e-01
1.527698962000000327e+00,2.200588167522244953e-01
1.527898961999999639e+00,2.191952380912341458e-01
1.528098962000000061e+00,2.183279843239186446e-01
1.528298961999999594e+00,2.174570739357226112e-01
1.528498962000000461e+00,2.165825256061592319e-01
1.528698961999999772e+00,2.157043582085780842e-01
1.528898961999999973e+00,2.148225908098296832e-01
1.529098961999999506e+00,2.139372426699978902e-01
1.529298962000000150e+00,2.130483332420410325e-01
1.529498961999999906e+00,2.121558821714789045e-01
1.529698961999999884e+00,2.112599092959989988e-01
1.529898962000000306e+00,2.103604346450932971e-01
1.530098962000000062e+00,2.094574784396600609e-01
1.530298962000000262e+00,2.085510610915699559e-01
1.530498961999999796e+00,2.076412032032495802e-01
1.530698962000000218e+00,2.067279255672029581e-01
1.530898961999999752e+00,2.058112491655658405e-01
1.531098962000000174e+00,2.048911951695808198e-01
1.531298961999999486e+00,2.039677849391194897e-01
1.531498962000000130e+00,2.030410400221144829e-01
1.531698961999999886e+00,2.021109821540516549e-01
1.531898962000000530e+00,2.011776332573625425e-01
1.532098961999999620e+00,2.002410154408743592e-01
1.532298961999999820e+00,1.993011509991612362e-01
1.532498962000000020e+00,1.983580624119601066e-01
1.532698962000000220e+00,1.974117723435029337e-01
1.532898962000000198e+00,1.964623036418602364e-01
1.533098961999999732e+00,1.955096793382568032e-01
1.533298962000000154e+00,1.945539226463625648e-01
1.533498961999999910e+00,1.935950569615928207e-01
1.533698962000000554e+00,1.926331058603384383e-01
1.533898961999999644e+00,1.916680930992413767e-01
1.534098962000000066e+00,1.907000426143696525e-01
1.534298961999999600e+00,1.897289785204701595e-01
1.534498962000000466e+00,1.887549251101041381e-01
1.534698961999999778e+00,1.877779068528571682e-01
1.534898962000000200e+00,1.867979483944302022e-01
1.535098961999999734e+00,1.858150745558143080e-01
1.535298962000000378e+00,1.848293103323521980e-01
1.535498961999999912e+00,1.838406808928645664e-01
1.535698961999999668e+00,1.828492115786777561e-01
1.535898962000000534e+00,1.818549279026900334e-01
1.536098962000000068e+00,1.808578555484131045e-01
1.536298962000000268e+00,1.798580203689413293e-01
1.536498961999999802e+00,1.788554483859788879e-01
1.536698962000000224e+00,1.778501657887778808e-01
1.536898961999999758e+00,1.768421989331194766e-01
1.537098962000000402e+00,1.758315743402081854e-01
1.537298961999999491e+00,1.748183186956255575e-01
1.537498962000000136e+00,1.738024588481698052e-01
1.537698961999999892e+00,1.727840218087852708e-01
1.537898962000000314e+00,1.717630347493674936e-01
1.538098961999999625e+00,1.707395250016348065e-01
1.538298961999999825e+00,1.697135200559068968e-01
1.538498962000000025e+00,1.686850475599349641e-01
1.538698962000000225e+00,1.676541353176592142e-01
1.538898962000000203e+00,1.666208112879722647e-01
1.539098961999999737e+00,1.655851035834572105e-01
1.539298962000000381e+00,1.645470404690979604e-01
1.539498961999999915e+00,1.635066503610090316e-01
1.539698962000000337e+00,1.624639618250769690e-01
1.539898961999999871e+00,1.614190035756645214e-01
1.540098962000000293e+00,1.603718044742181159e-01
1.540298961999999605e+00,1.593223935279314274e-01
1.540498962000000471e+00,1.582707998883097211e-01
1.540698961999999783e+00,1.572170528498132991e-01
1.540898961999999983e+00,1.561611818483687464e-01
1.541098961999999739e+00,1.551032164599706331e-01
1.541298962000000161e+00,1.540431863991829076e-01
1.541498961999999917e+00,1.529811215176807848e-01
1.541698961999999895e+00,1.519170518027238292e-01
1.541898962000000317e+00,1.508510073756517689e-01
1.542098961999999851e+00,1.497830184903507778e-01
1.542298962000000495e+00,1.487131155316724906e-01
1.542498961999999807e+00,1.476413290139017009e-01
1.542698962000000451e+00,1.465676895791145906e-01
1.542898961999999985e+00,1.454922279956252784e-01
1.543098962000000629e+00,1.444149751563074680e-01
1.543298961999999275e+00,1.433359620770055520e-01
1.543498962000000141e+00,1.422552198948062729e-01
1.543698961999999897e+00,1.411727798664419165e-01
1.543898962000000319e+00,1.400886733665281936e-01
1.544098961999999853e+00,1.390029318858992946e-01
1.544298961999999831e+00,1.379155870298469089e-01
1.544498961999999809e+00,1.368266705164016828e-01
1.544698962000000009e+00,1.357362141745602768e-01
1.544898962000000209e+00,1.346442499425145878e-01
1.545098961999999743e+00,1.335508098658602372e-01
1.545298962000000387e+00,1.324559260957718088e-01
1.545498961999999921e+00,1.313596308872143348e-01
1.545698962000000343e+00,1.302619565970590254e-01
1.545898961999999877e+00,1.291629356822716346e-01
1.546098962000000299e+00,1.280626006980022380e-01
1.546298961999999388e+00,1.269609842957407364e-01
1.546498962000000477e+00,1.258581192213643896e-01
1.546698961999999788e+00,1.247540383132920427e-01
1.546898962000000211e+00,1.236487745004782313e-01
1.547098961999999966e+00,1.225423608005313802e-01
1.547298962000000166e+00,1.214348303177137517e-01
1.547498961999999700e+00,1.203262162409963060e-01
1.547698961999999678e+00,1.192165518420481574e-01
1.547898962000000100e+00,1.181058704732538406e-01
1.548098962000000078e+00,1.169942055656990609e-01
1.548298962000000500e+00,1.158815906271275509e-01
1.548498962000000034e+00,1.147680592399235588e-01
1.548698962000000456e+00,1.136536450590284880e-01
1.548898961999999990e+00,1.125383818099116029e-01
1.549098962000000634e+00,1.114223032864504748e-01
1.549298961999999502e+00,1.103054433488883102e-01
1.549498962000000146e+00,1.091878359216671562e-01
1.549698961999999680e+00,1.080695149913845771e-01
1.549898962000000324e+00,1.069505146046020455e-01
1.550098961999999858e+00,1.058308688657603330e-01
1.550298962000000058e+00,1.047106119349815873e-01
1.550498961999999592e+00,1.035897780259487644e-01
1.550698962000000236e+00,1.024684014036989221e-01
1.550898962000000214e+00,1.013465163824778525e-01
1.551098961999999748e+00,1.002241573235165828e-01
1.551298962000000170e+00,9.910135863283286994e-02
1.551498961999999926e+00,9.797815475904086968e-02
1.551698962000000348e+00,9.685458019109623173e-02
1.551898961999999660e+00,9.573066945609702560e-02
1.552098962000000304e+00,9.460645711700188532e-02
1.552298961999999616e+00,9.348197777043153189e-02
1.552498962000000260e+00,9.235726604435116893e-02
1.552698961999999350e+00,9.123235659586395596e-02
1.552898961999999994e+00,9.010728410886992279e-02
1.553098961999999750e+00,8.898208329184759124e-02
1.553298962000000394e+00,8.785678887550663063e-02
1.553498961999999706e+00,8.673143561053536787e-02
1.553698961999999906e+00,8.560605826524640694e-02
1.553898961999999884e+00,8.448069162330751336e-02
1.554098962000000084e+00,8.335537048139368688e-02
1.554298962000000284e+00,8.223012964687272108e-02
1.554498961999999818e+00,8.110500393547140363e-02
1.554698962000000462e+00,7.998002816892063604e-02
1.554898961999999774e+00,7.885523717264805721e-02
1.555098962000000640e+00,7.773066577337475747e-02
1.555298961999999729e+00,7.660634879682487464e-02
1.555498962000000374e+00,7.548232106529376151e-02
1.555698961999999685e+00,7.435861739535537529e-02
1.555898962000000330e+00,7.323527259542768342e-02
1.556098961999999641e+00,7.211232146346074900e-02
1.556298962000000063e+00,7.098979878450181746e-02
1.556498961999999597e+00,6.986773932836803924e-02
1.556698962000000241e+00,6.874617784721684388e-02
1.556898961999999997e+00,6.762514907320346658e-02
1.557098961999999975e+00,6.650468771605300145e-02
1.557298962000000397e+00,6.538482846069097743e-02
1.557498962000000153e+00,6.426560596485303423e-02
1.557698962000000353e+00,6.314705485666903539e-02
1.557898961999999887e+00,6.202920973229206214e-02
1.558098962000000309e+00,6.091210515347265930e-02
1.558298961999999621e+00,5.979577564519523297e-02
1.558498962000000265e+00,5.868025569323309654e-02
1.558698961999999355e+00,5.756557974180404741e-02
1.558898962000000221e+00,5.645178219110554008e-02
1.559098961999999755e+00,5.533889739498538962e-02
1.559298962000000177e+00,5.422695965847764560e-02
1.559498961999999711e+00,5.311600323545535851e-02
1.559698961999999911e+00,5.200606232619298108e-02
1.559898962000000111e+00,5.089717107500124627e-02
1.560098962000000089e+00,4.978936356781801797e-02
1.560298962000000289e+00,4.868267382981494862e-02
1.560498961999999823e+00,4.757713582301830585e-02
1.560698962000000245e+00,4.647278344390110005e-02
1.560898962000000001e+00,4.536965052102862050e-02
1.561098962000000423e+00,4.426777081264447050e-02
1.561298961999999735e+00,4.316717800432509633e-02
1.561498962000000157e+00,4.206790570656702283e-02
1.561698961999999469e+00,4.096998745246260842e-02
1.561898962000000335e+00,3.987345669528295777e-02
1.562098961999999869e+00,3.877834680617411184e-02
1.562298962000000069e+00,3.768469107174358956e-02
1.562498961999999825e+00,3.659252269175254646e-02
1.562698962000000025e+00,3.550187477674288106e-02
1.562898962000000225e+00,3.441278034571491201e-02
1.563098961999999981e+00,3.332527232378690307e-02
1.563298962000000181e+00,3.223938353985999344e-02
1.563498961999999937e+00,3.115514672431502624e-02
1.563698962000000359e+00,3.007259450667771478e-02
1.563898961999999671e+00,2.899175941333879264e-02
1.564098962000000315e+00,2.791267386521682770e-02
1.564298961999999849e+00,2.683537017551634873e-02
1.564498962000000271e+00,2.575988054739421218e-02
1.564698961999999582e+00,2.468623707173060039e-02
1.564898962000000227e+00,2.361447172481819304e-02
1.565098961999999982e+00,2.254461636615351372e-02
1.565298962000000182e+00,2.147670273614576616e-02
1.565498961999999938e+00,2.041076245390926677e-02
1.565698961999999916e+00,1.934682701501547544e-02
1.565898962000000116e+00,1.828492778928621915e-02
1.566098961999999872e+00,1.722509601858644712e-02
1.566298962000000294e+00,1.616736281461390867e-02
1.566498961999999828e+00,1.511175915673640575e-02
1.566698962000000472e+00,1.405831588978447011e-02
1.566898961999999784e+00,1.300706372192990748e-02
1.567098962000000206e+00,1.195803322248518638e-02
1.567298961999999962e+00,1.091125481981152466e-02
1.567498962000000606e+00,9.866758799152296200e-03
1.567698961999999474e+00,8.824575300557980714e-03
1.567898962000000340e+00,7.784734316728071472e-03
1.568098961999999874e+00,6.747265690994025573e-03
1.568298962000000074e+00,5.712199115178159814e-03
1.568498962000000052e+00,4.679564127575787380e-03
1.568698962000000030e+00,3.649390110885810702e-03
1.568898962000000008e+00,2.621706290184697575e-03
1.569098961999999764e+00,1.596541730906868815e-03
1.569298962000000186e+00,5.739253368339349622e-04
1.569498961999999942e+00,-4.461141518785286929e-04
1.569698962000000142e+00,-1.463548160698389554e-03
1.569898961999999898e+00,-2.478348282653726389e-03
1.570098962000000320e+00,-3.490486280296272413e-03
1.570298961999999854e+00,-4.499934087605193637e-03
1.570498962000000276e+00,-5.506663811928450003e-03
1.570698961999999366e+00,-6.510647735840769876e-03
1.570898962000000232e+00,-7.511858319068649703e-03
1.571098961999999766e+00,-8.510268200293311103e-03
1.571298962000000188e+00,-9.505850199053356847e-03
1.571498961999999944e+00,-1.049857731752573339e-02
1.571698962000000144e+00,-1.148842274236711730e-02
1.571898962000000122e+00,-1.247535984648333318e-02
1.572098961999999878e+00,-1.345936219081503987e-02
1.572298962000000300e+00,-1.444040352609370255e-02
1.572498962000000056e+00,-1.541845779456376374e-02
1.572698962000000256e+00,-1.639349913172307924e-02
1.572898962000000012e+00,-1.736550186800046858e-02
1.573098962000000212e+00,-1.833444053045477432e-02
1.573298961999999968e+00,-1.930028984441824191e-02
1.573498962000000390e+00,-2.026302473515575325e-02
1.573698961999999479e+00,-2.122262032946282961e-02
1.573898962000000346e+00,-2.217905195730623946e-02
1.574098961999999657e+00,-2.313229515335037817e-02
1.574298962000000301e+00,-2.408232565857975488e-02
1.574498961999999835e+00,-2.502911942178468602e-02
1.574698962000000035e+00,-2.597265260112661261e-02
1.574898961999999791e+00,-2.691290156560484370e-02
1.575098961999999991e+00,-2.784984289655727599e-02
1.575298962000000191e+00,-2.878345338910240706e-02
1.575498961999999947e+00,-2.971371005358167811e-02
1.575698962000000147e+00,-3.064059011697976148e-02
1.575898961999999903e+00,-3.156407102430314887e-02
1.576098962000000103e+00,-3.248413043996730559e-02
1.576298961999999637e+00,-3.340074624912789392e-02
1.576498962000000503e+00,-3.431389655903137326e-02
1.576698961999999593e+00,-3.522355970028133443e-02
1.576898962000000237e+00,-3.612971422817304323e-02
1.577098961999999327e+00,-3.703233892389432014e-02
1.577298962000000415e+00,-3.793141279582086522e-02
1.577498961999999949e+00,-3.882691508066822561e-02
1.577698962000000149e+00,-3.971882524473938775e-02
1.577898961999999905e+00,-4.060712298505225054e-02
1.578098961999999883e+00,-4.149178823050532483e-02
1.578298962000000305e+00,-4.237280114298910827e-02
1.578498962000000061e+00,-4.325014211847870438e-02
1.578698962000000261e+00,-4.412379178812283337e-02
1.578898962000000017e+00,-4.499373101927482688e-02
1.579098962000000217e+00,-4.585994091653451676e-02
1.579298961999999751e+00,-4.672240282273344009e-02
1.579498962000000395e+00,-4.758109831993320715e-02
1.579698961999999707e+00,-4.843600923034799277e-02
1.579898962000000129e+00,-4.928711761731288665e-02
1.580098961999999441e+00,-5.013440578614661303e-02
1.580298962000000307e+00,-5.097785628507284922e-02
1.580498961999999841e+00,-5.181745190603079948e-02
1.580698962000000263e+00,-5.265317568555074462e-02
1.580898961999999797e+00,-5.348501090552212206e-02
1.581098961999999997e+00,-5.431294109400417597e-02
1.581298962000000197e+00,-5.513695002595991185e-02
1.581498961999999953e+00,-5.595702172399662222e-02
1.581698962000000153e+00,-5.677314045907669304e-02
1.581898961999999909e+00,-5.758529075118580531e-02
1.582098962000000331e+00,-5.839345737000416203e-02
1.582298961999999865e+00,-5.919762533551754108e-02
1.582498962000000287e+00,-5.999777991864754106e-02
1.582698961999999598e+00,-6.079390664180254339e-02
1.582898962000000243e+00,-6.158599127946490226e-02
1.583098961999999554e+00,-6.237401985868248205e-02
1.583298962000000421e+00,-6.315797865961461643e-02
1.583498961999999954e+00,-6.393785421596541452e-02
1.583698962000000154e+00,-6.471363331547870523e-02
1.583898961999999910e+00,-6.548530300033368612e-02
1.584098961999999888e+00,-6.625285056756592683e-02
1.584298962000000088e+00,-6.701626356943403418e-02
1.584498961999999844e+00,-6.777552981377002461e-02
1.584698962000000266e+00,-6.853063736431413977e-02
1.584898962000000022e+00,-6.928157454099738433e-02
1.585098962000000222e+00,-7.002832992023499958e-02
1.585298961999999756e+00,-7.077089233515614086e-02
1.585498962000000400e+00,-7.150925087584625306e-02
1.585698961999999712e+00,-7.224339488951750377e-02
1.585898962000000134e+00,-7.297331398071421615e-02
1.586098961999999446e+00,-7.369899801142362761e-02
1.586298962000000312e+00,-7.442043710123119604e-02
1.586498961999999846e+00,-7.513762162737813721e-02
1.586698962000000268e+00,-7.585054222486903308e-02
1.586898962000000024e+00,-7.655918978648429407e-02
1.587098962000000002e+00,-7.726355546282095976e-02
1.587298962000000202e+00,-7.796363066227450511e-02
1.587498961999999958e+00,-7.865940705100711583e-02
1.587698962000000158e+00,-7.935087655289907449e-02
1.587898961999999914e+00,-8.003803134945414177e-02
1.588098962000000114e+00,-8.072086387970418830e-02
1.588298961999999870e+00,-8.139936684006479628e-02
1.588498962000000070e+00,-8.207353318418930677e-02
1.588698961999999604e+00,-8.274335612277307350e-02
1.588898962000000248e+00,-8.340882912336285149e-02
1.589098961999999560e+00,-8.406994591010003015e-02
1.589298962000000426e+00,-8.472670046349517481e-02
1.589498961999999960e+00,-8.537908702010955919e-02
1.589698962000000160e+00,-8.602710007228360489e-02
1.589898962000000138e+00,-8.667073436778015283e-02
1.590098961999999894e+00,-8.730998490944150148e-02
1.590298962000000094e+00,-8.794484695480843384e-02
1.590498961999999850e+00,-8.857531601570933777e-02
1.590698962000000272e+00,-8.920138785784294255e-02
1.590898961999999806e+00,-8.982305850031148398e-02
1.591098962000000228e+00,-9.044032421516297326e-02
1.591298961999999761e+00,-9.105318152686975308e-02
1.591498962000000184e+00,-9.166162721182644080e-02
1.591698961999999717e+00,-9.226565829778106409e-02
1.591898962000000362e+00,-9.286527206328594464e-02
1.592098961999999451e+00,-9.346046603707808265e-02
1.592298962000000317e+00,-9.405123799749350033e-02
1.592498961999999851e+00,-9.463758597178950627e-02
1.592698962000000273e+00,-9.521950823551554588e-02
1.592898962000000029e+00,-9.579700331180021622e-02
1.593098962000000007e+00,-9.637006997066009661e-02
1.593298961999999985e+00,-9.693870722825724540e-02
1.593498961999999963e+00,-9.750291434614903607e-02
1.593698962000000163e+00,-9.806269083051122326e-02
1.593898961999999919e+00,-9.861803643133629227e-02
1.594098962000000119e+00,-9.916895114161941582e-02
1.594298961999999875e+00,-9.971543519650663545e-02
1.594498962000000075e+00,-1.002574890724401147e-01
1.594698961999999831e+00,-1.007951134862630493e-01
1.594898962000000253e+00,-1.013283093943220525e-01
1.595098961999999343e+00,-1.018570779915256158e-01
1.595298962000000209e+00,-1.023814207104160601e-01
1.595498961999999743e+00,-1.029013392201699739e-01
1.595698962000000165e+00,-1.034168354256366218e-01
1.595898962000000143e+00,-1.039279114663038406e-01
1.596098962000000121e+00,-1.044345697152799790e-01
1.596298962000000099e+00,-1.049368127782358551e-01
1.596498961999999855e+00,-1.054346434923337794e-01
1.596698962000000277e+00,-1.059280649251384682e-01
1.596898962000000033e+00,-1.064170803734979520e-01
1.597098962000000233e+00,-1.069016933624240967e-01
1.597298961999999989e+00,-1.073819076439316289e-01
1.597498961999999967e+00,-1.078577271958776618e-01
1.597698961999999723e+00,-1.083291562207675252e-01
1.597898962000000367e+00,-1.087961991445544896e-01
1.598098961999999457e+00,-1.092588606154028807e-01
1.598298962000000323e+00,-1.097171455024666675e-01
1.598498961999999635e+00,-1.101710588945993136e-01
1.598698962000000279e+00,-1.106206060991044848e-01
1.598898962000000035e+00,-1.110657926404135520e-01
1.599098962000000235e+00,-1.115066242587913620e-01
1.599298961999999991e+00,-1.119431069089917435e-01
1.599498961999999969e+00,-1.123752467589178711e-01
1.599698962000000169e+00,-1.128030501882526793e-01
1.599898961999999925e+00,-1.132265237870770797e-01
1.600098962000000125e+00,-1.136456743544773662e-01
1.600298961999999880e+00,-1.140605088971236858e-01
1.600498962000000081e+00,-1.144710346278486057e-01
1.600698961999999614e+00,-1.148772589641931519e-01
1.600898962000000258e+00,-1.152791895269567601e-01
1.601098961999999570e+00,-1.156768341387062610e-01
1.601298962000000436e+00,-1.160702008223046394e-01
1.601498961999999526e+00,-1.164592977993824247e-01
1.601698962000000170e+00,-1.168441334888426081e-01
1.601898961999999926e+00,-1.172247165053024592e-01
1.602098962000000126e+00,-1.176010556575633192e-01
1.602298961999999882e+00,-1.179731599470370956e-01
1.602498962000000082e+00,-1.183410385661780584e-01
1.602698962000000282e+00,-1.187047008968882128e-01
1.602898962000000038e+00,-1.190641565089175236e-01
1.603098962000000238e+00,-1.194194151582513297e-01
1.603298961999999994e+00,-1.197704867854778588e-01
1.603498962000000194e+00,-1.201173815141540341e-01
1.603698961999999728e+00,-1.204601096491474954e-01
1.603898962000000150e+00,-1.207986816749808401e-01
1.604098961999999684e+00,-1.211331082541458881e-01
1.604298962000000106e+00,-1.214634002254287443e-01
1.604498961999999640e+00,-1.217895686022005125e-01
1.604698962000000284e+00,-1.221116245707201536e-01
1.604898962000000040e+00,-1.224295794884031341e-01
1.605098962000000240e+00,-1.227434448821035917e-01
1.605298961999999996e+00,-1.230532324463654847e-01
1.605498961999999974e+00,-1.233589540416796249e-01
1.605698962000000174e+00,-1.236606216927206153e-01
1.605898961999999930e+00,-1.239582475865787792e-01
1.606098962000000130e+00,-1.242518440709859673e-01
1.606298961999999886e+00,-1.245414236525239360e-01
1.606498962000000308e+00,-1.248269989948356529e-01
1.606698961999999842e+00,-1.251085829168143981e-01
1.606898962000000264e+00,-1.253861883908020669e-01
1.607098961999999798e+00,-1.256598285407594107e-01
1.607298962000000220e+00,-1.259295166404499344e-01
1.607498961999999532e+00,-1.261952661115955387e-01
1.607698962000000398e+00,-1.264570905220470665e-01
1.607898961999999932e+00,-1.267150035839228195e-01
1.608098962000000354e+00,-1.269690191517683919e-01
1.608298962000000110e+00,-1.272191512206845010e-01
1.608498962000000088e+00,-1.274654139244680850e-01
1.608698962000000066e+00,-1.277078215337359157e-01
1.608898961999999822e+00,-1.279463884540477381e-01
1.609098962000000244e+00,-1.281811292240246647e-01
1.609298962000000000e+00,-1.284120585134570502e-01
1.609498962000000200e+00,-1.286391911214170847e-01
1.609698961999999733e+00,-1.288625419743561484e-01
1.609898962000000155e+00,-1.290821261242084961e-01
1.610098961999999689e+00,-1.292979587464797020e-01
1.610298962000000333e+00,-1.295100551383444043e-01
1.610498961999999645e+00,-1.297184307167251194e-01
1.610698962000000289e+00,-1.299231010163865163e-01
1.610898962000000045e+00,-1.301240816880059881e-01
1.611098962000000245e+00,-1.303213884962606262e-01
1.611298962000000001e+00,-1.305150373178973477e-01
1.611498961999999979e+00,-1.307050441398106555e-01
1.611698962000000179e+00,-1.308914250571118487e-01
1.611898961999999935e+00,-1.310741962711994002e-01
1.612098962000000135e+00,-1.312533740878295274e-01
1.612298961999999891e+00,-1.314289749151805742e-01
1.612498962000000313e+00,-1.316010152619229712e-01
1.612698961999999847e+00,-1.317695117352807588e-01
1.612898962000000269e+00,-1.319344810391019918e-01
1.613098961999999581e+00,-1.320959399719180416e-01
1.613298962000000225e+00,-1.322539054250149726e-01
1.613498961999999537e+00,-1.324083943804917896e-01
1.613698962000000403e+00,-1.325594239093343951e-01
1.613898961999999937e+00,-1.327070111694731991e-01
1.614098962000000137e+00,-1.328511734038592129e-01
1.614298962000000115e+00,-1.329919279385267661e-01
1.614498961999999871e+00,-1.331292921806666585e-01
1.614698962000000071e+00,-1.332632836166979251e-01
1.614898961999999827e+00,-1.333939198103401280e-01
1.615098962000000249e+00,-1.335212184006920599e-01
1.615298961999999783e+00,-1.336451971003066175e-01
1.615498962000000205e+00,-1.337658736932764714e-01
1.615698961999999739e+00,-1.338832660333130198e-01
1.615898962000000161e+00,-1.339973920418380260e-01
1.616098961999999695e+00,-1.341082697060700102e-01
1.616298962000000339e+00,-1.342159170771218546e-01
1.616498961999999429e+00,-1.343203522680939677e-01
1.616698962000000295e+00,-1.344215934521820199e-01
1.616898961999999829e+00,-1.345196588607756039e-01
1.617098962000000251e+00,-1.346145667815750735e-01
1.617298962000000007e+00,-1.347063355567015563e-01
1.617498961999999985e+00,-1.347949835808199270e-01
1.617698961999999963e+00,-1.348805292992619476e-01
1.617898961999999941e+00,-1.349629912061569292e-01
1.618098962000000141e+00,-1.350423878425674740e-01
1.618298961999999896e+00,-1.351187377946302948e-01
1.618498962000000319e+00,-1.351920596917043360e-01
1.618698961999999852e+00,-1.352623722045228072e-01
1.618898962000000052e+00,-1.353296940433545981e-01
1.619098961999999808e+00,-1.353940439561688303e-01
1.619298962000000230e+00,-1.354554407268090399e-01
1.619498961999999542e+00,-1.355139031731718569e-01
1.619698962000000186e+00,-1.355694501453957035e-01
1.619898961999999942e+00,-1.356221005240525468e-01
1.620098962000000142e+00,-1.356718732183526954e-01
1.620298962000000120e+00,-1.357187871643516230e-01
1.620498962000000098e+00,-1.357628613231691150e-01
1.620698962000000076e+00,-1.358041146792139386e-01
1.620898961999999832e+00,-1.358425662384176724e-01
1.621098962000000254e+00,-1.358782350264769456e-01
1.621298962000000010e+00,-1.359111400871039210e-01
1.621498962000000210e+00,-1.359413004802866032e-01
1.621698961999999966e+00,-1.359687352805561411e-01
1.621898961999999944e+00,-1.359934635752659271e-01
1.622098961999999922e+00,-1.360155044628773569e-01
1.622298962000000344e+00,-1.360348770512570526e-01
1.622498961999999656e+00,-1.360516004559826075e-01
1.622698962000000300e+00,-1.360656937986589043e-01
1.622898961999999834e+00,-1.360771762052438993e-01
1.623098962000000256e+00,-1.360860668043843147e-01
1.623298962000000234e+00,-1.360923847257627661e-01
1.623498962000000212e+00,-1.360961490984540223e-01
1.623698961999999968e+00,-1.360973790492925883e-01
1.623898961999999946e+00,-1.360960937012509198e-01
1.624098962000000146e+00,-1.360923121718288775e-01
1.624298962000000124e+00,-1.360860535714533415e-01
1.624498962000000102e+00,-1.360773370018898698e-01
1.624698961999999858e+00,-1.360661815546656550e-01
1.624898962000000058e+00,-1.360526063095032212e-01
1.625098961999999592e+00,-1.360366303327667503e-01
1.625298962000000236e+00,-1.360182726759193161e-01
1.625498961999999548e+00,-1.359975523739926917e-01
1.625698962000000192e+00,-1.359744884440682311e-01
1.625898961999999726e+00,-1.359490998837716569e-01
1.626098962000000148e+00,-1.359214056697774231e-01
1.626298962000000126e+00,-1.358914247563285105e-01
1.626498962000000326e+00,-1.358591760737662135e-01
1.626698961999999860e+00,-1.358246785270743051e-01
1.626898961999999838e+00,-1.357879509944344698e-01
1.627098962000000260e+00,-1.357490123257959480e-01
1.627298962000000015e+00,-1.357078813414578367e-01
1.627498962000000216e+00,-1.356645768306631583e-01
1.627698961999999971e+00,-1.356191175502084456e-01
1.627898962000000171e+00,-1.355715222230638173e-01
1.628098961999999705e+00,-1.355218095370098741e-01
1.628298962000000127e+00,-1.354699981432841149e-01
1.628498961999999661e+00,-1.354161066552447279e-01
1.628698962000000083e+00,-1.353601536470447342e-01
1.628898961999999617e+00,-1.353021576523233960e-01
1.629098962000000261e+00,-1.352421371629071722e-01
1.629298962000000017e+00,-1.351801106275292708e-01
1.629498962000000217e+00,-1.351160964505593587e-01
1.629698961999999973e+00,-1.350501129907498710e-01
1.629898961999999951e+00,-1.349821785599949753e-01
1.630098962000000151e+00,-1.349123114221046082e-01
1.630298961999999907e+00,-1.348405297915932499e-01
1.630498962000000107e+00,-1.347668518324812714e-01
1.630698962000000085e+00,-1.346912956571131581e-01
1.630898962000000063e+00,-1.346138793249881949e-01
1.631098961999999819e+00,-1.345346208416072498e-01
1.631298962000000241e+00,-1.344535381573327693e-01
1.631498961999999775e+00,-1.343706491662658709e-01
1.631698962000000197e+00,-1.342859717051341772e-01
1.631898961999999731e+00,-1.341995235521998564e-01
1.632098962000000153e+00,-1.341113224261765713e-01
1.632298962000000131e+00,-1.340213859851672185e-01
1.632498962000000331e+00,-1.339297318256115754e-01
1.632698962000000087e+00,-1.338363774812528773e-01
1.632898962000000065e+00,-1.337413404221159952e-01
1.633098962000000043e+00,-1.336446380535040446e-01
1.633298962000000021e+00,-1.335462877150076777e-01
1.633498961999999999e+00,-1.334463066795304464e-01
1.633698961999999977e+00,-1.333447121523295420e-01
1.633898962000000177e+00,-1.332415212700710228e-01
1.634098961999999933e+00,-1.331367510999015569e-01
1.634298961999999911e+00,-1.330304186385334875e-01
1.634498961999999667e+00,-1.329225408113472451e-01
1.634698962000000089e+00,-1.328131344715071105e-01
1.634898961999999623e+00,-1.327022163990954073e-01
1.635098962000000267e+00,-1.325898033002563259e-01
1.635298962000000023e+00,-1.324759118063633390e-01
1.635498962000000223e+00,-1.323605584731924745e-01
1.635698962000000201e+00,-1.322437597801197906e-01
1.635898961999999957e+00,-1.321255321293278440e-01
1.636098962000000157e+00,-1.320058918450303098e-01
1.636298961999999912e+00,-1.318848551727128116e-01
1.636498962000000112e+00,-1.317624382783859627e-01
1.636698962000000090e+00,-1.316386572478571992e-01
1.636898962000000068e+00,-1.315135280860157407e-01
1.637098961999999824e+00,-1.313870667161336492e-01
1.637298962000000024e+00,-1.312592889791819317e-01
1.637498961999999780e+00,-1.311302106331631856e-01
1.637698961999999980e+00,-1.309998473524566776e-01
1.637898961999999736e+00,-1.308682147271831298e-01
1.638098962000000158e+00,-1.307353282625790536e-01
1.638298961999999914e+00,-1.306012033783931492e-01
1.638498962000000336e+00,-1.304658554082903654e-01
1.638698962000000314e+00,-1.303292995992787195e-01
1.638898962000000070e+00,-1.301915511111449986e-01
1.639098962000000270e+00,-1.300526250159085850e-01
1.639298961999999804e+00,-1.299125362972916864e-01
1.639498962000000226e+00,-1.297712998501999726e-01
1.639698961999999982e+00,-1.296289304802248354e-01
1.639898962000000182e+00,-1.294854429031533360e-01
1.640098961999999938e+00,-1.293408517444997463e-01
1.640298961999999916e+00,-1.291951715390466660e-01
1.640498961999999672e+00,-1.290484167304050134e-01
1.640698962000000094e+00,-1.289006016705853686e-01
1.640898961999999628e+00,-1.287517406195889391e-01
1.641098962000000272e+00,-1.286018477450054376e-01
1.641298962000000028e+00,-1.284509371216356888e-01
1.641498962000000228e+00,-1.282990227311182896e-01
1.641698962000000206e+00,-1.281461184615801385e-01
1.641898961999999962e+00,-1.279922381072948756e-01
1.642098962000000162e+00,-1.278373953683582809e-01
1.642298961999999918e+00,-1.276816038503797990e-01
1.642498962000000340e+00,-1.275248770641834173e-01
1.642698961999999874e+00,-1.273672284255299991e-01
1.642898962000000296e+00,-1.272086712548441412e-01
1.643098961999999830e+00,-1.270492187769668158e-01
1.643298961999999808e+00,-1.268888841209102059e-01
1.643498961999999786e+00,-1.267276803196357715e-01
1.643698962000000208e+00,-1.265656203098409205e-01
1.643898961999999297e+00,-1.264027169317631927e-01
1.644098962000000164e+00,-1.262389829289908560e-01
1.644298961999999920e+00,-1.260744309483003422e-01
1.644498962000000342e+00,-1.259090735394916838e-01
1.644698962000000098e+00,-1.257429231552504856e-01
1.644898962000000076e+00,-1.255759921510140875e-01
1.645098962000000276e+00,-1.254082927848569895e-01
1.645298962000000031e+00,-1.252398372173875174e-01
1.645498962000000231e+00,-1.250706375116552027e-01
1.645698961999999987e+00,-1.249007056330765919e-01
1.645898962000000187e+00,-1.247300534493675644e-01
1.646098961999999943e+00,-1.245586927304954128e-01
1.646298961999999921e+00,-1.243866351486365152e-01
1.646498961999999899e+00,-1.242138922781531318e-01
1.646698962000000099e+00,-1.240404755955783200e-01
1.646898961999999411e+00,-1.238663964796168221e-01
1.647098962000000055e+00,-1.236916662111522680e-01
1.647298961999999811e+00,-1.235162959732777066e-01
1.647498962000000233e+00,-1.233402968513246933e-01
1.647698962000000211e+00,-1.231636798329162341e-01
1.647898962000000189e+00,-1.229864558080238646e-01
1.648098962000000167e+00,-1.228086355690405779e-01
1.648298961999999923e+00,-1.226302298108649380e-01
1.648498962000000123e+00,-1.224512491309947965e-01
1.648698962000000101e+00,-1.222717040296365798e-01
1.648898962000000079e+00,-1.220916049098216272e-01
1.649098962000000057e+00,-1.219109620775362945e-01
1.649298962000000035e+00,-1.217297857418635082e-01
1.649498961999999791e+00,-1.215480860151344211e-01
1.649698961999999991e+00,-1.213658729130904085e-01
1.649898961999999525e+00,-1.211831563550597457e-01
1.650098962000000169e+00,-1.209999461641377838e-01
1.650298961999999703e+00,-1.208162520673885798e-01
1.650498962000000125e+00,-1.206320836960436127e-01
1.650698962000000103e+00,-1.204474505857244804e-01
1.650898962000000303e+00,-1.202623621766652079e-01
1.651098962000000059e+00,-1.200768278139518197e-01
1.651298961999999815e+00,-1.198908567477670606e-01
1.651498962000000237e+00,-1.197044581336480784e-01
1.651698961999999993e+00,-1.195176410327551814e-01
1.651898962000000193e+00,-1.193304144121442312e-01
1.652098961999999949e+00,-1.191427871450564668e-01
1.652298962000000149e+00,-1.189547680112107431e-01
1.652498961999999683e+00,-1.187663656971118253e-01
1.652698962000000105e+00,-1.185775887963598230e-01
1.652898961999999639e+00,-1.183884458099790926e-01
1.653098962000000061e+00,-1.181989451467439223e-01
1.653298961999999594e+00,-1.180090951235260172e-01
1.653498962000000239e+00,-1.178189039656372394e-01
1.653698961999999995e+00,-1.176283798071953435e-01
1.653898962000000417e+00,-1.174375306914832440e-01
1.654098962000000173e+00,-1.172463645713305025e-01
1.654298961999999928e+00,-1.170548893094916776e-01
1.654498962000000351e+00,-1.168631126790396491e-01
1.654698961999999884e+00,-1.166710423637670191e-01
1.654898962000000084e+00,-1.164786859585882905e-01
1.655098962000000062e+00,-1.162860509699597256e-01
1.655298962000000040e+00,-1.160931448162983159e-01
1.655498961999999796e+00,-1.158999748284135212e-01
1.655698961999999996e+00,-1.157065482499424758e-01
1.655898961999999752e+00,-1.155128722377971595e-01
1.656098961999999952e+00,-1.153189538626123722e-01
1.656298961999999708e+00,-1.151248001092072260e-01
1.656498962000000130e+00,-1.149304178770469420e-01
1.656698962000000108e+00,-1.147358139807182764e-01
1.656898962000000530e+00,-1.145409951504039875e-01
1.657098962000000064e+00,-1.143459680323713618e-01
1.657298962000000042e+00,-1.141507391894584916e-01
1.657498962000000242e+00,-1.139553151015753607e-01
1.657698961999999998e+00,-1.137597021662058172e-01
1.657898961999999976e+00,-1.135639066989147516e-01
1.658098961999999954e+00,-1.133679349338651277e-01
1.658298962000000154e+00,-1.131717930243366921e-01
1.658498961999999910e+00,-1.129754870432533309e-01
1.658698961999999888e+00,-1.127790229837116326e-01
1.658898961999999644e+00,-1.125824067595201095e-01
1.659098961999999844e+00,-1.123856442057380306e-01
1.659298961999999822e+00,-1.121887410792245937e-01
1.659498962000000244e+00,-1.119917030591873752e-01
1.659698962000000222e+00,-1.117945357477410501e-01
1.659898962000000200e+00,-1.115972446704653065e-01
1.660098962000000178e+00,-1.113998352769712957e-01
1.660298962000000156e+00,-1.112023129414708711e-01
1.660498962000000356e+00,-1.110046829633493798e-01
1.660698962000000112e+00,-1.108069505677448940e-01
1.660898962000000090e+00,-1.106091209061269565e-01
1.661098962000000068e+00,-1.104111990568844848e-01
1.661298962000000046e+00,-1.102131900259133712e-01
1.661498961999999802e+00,-1.100150987472098413e-01
1.661698962000000002e+00,-1.098169300834648671e-01
1.661898961999999758e+00,-1.096186888266662413e-01
1.662098961999999958e+00,-1.094203796986976673e-01
1.662298961999999714e+00,-1.092220073519476753e-01
1.662498962000000136e+00,-1.090235763699144433e-01
1.662698961999999892e+00,-1.088250912678214027e-01
1.662898962000000314e+00,-1.086265564932262229e-01
1.663098962000000292e+00,-1.084279764266422447e-01
1.663298962000000047e+00,-1.082293553821538495e-01
1.663498962000000247e+00,-1.080306976080385450e-01
1.663698961999999781e+00,-1.078320072873925478e-01
1.663898962000000203e+00,-1.076332885387521338e-01
1.664098961999999959e+00,-1.074345454167266456e-01
1.664298962000000159e+00,-1.072357819126223133e-01
1.664498961999999915e+00,-1.070370019550778984e-01
1.664698961999999671e+00,-1.068382094106939822e-01
1.664898961999999649e+00,-1.066394080846687770e-01
1.665098962000000071e+00,-1.064406017214333394e-01
1.665298961999999605e+00,-1.062417940052901855e-01
1.665498962000000249e+00,-1.060429885610459644e-01
1.665698962000000005e+00,-1.058441889546579695e-01
1.665898962000000205e+00,-1.056453986938667849e-01
1.666098962000000405e+00,-1.054466212288418109e-01
1.666298962000000161e+00,-1.052478599528210712e-01
1.666498962000000361e+00,-1.050491182027516734e-01
1.666698961999999895e+00,-1.048503992599358198e-01
1.666898962000000095e+00,-1.046517063506687273e-01
1.667098961999999851e+00,-1.044530426468870121e-01
1.667298962000000051e+00,-1.042544112668069983e-01
1.667498961999999807e+00,-1.040558152755721166e-01
1.667698961999999785e+00,-1.038572576858922819e-01
1.667898961999999763e+00,-1.036587414586896683e-01
1.668098961999999963e+00,-1.034602695037399045e-01
1.668298961999999497e+00,-1.032618446803158785e-01
1.668498962000000141e+00,-1.030634697978260045e-01
1.668698961999999897e+00,-1.028651476164616774e-01
1.668898962000000319e+00,-1.026668808478306411e-01
1.669098962000000297e+00,-1.024686721556028191e-01
1.669298962000000053e+00,-1.022705241561455286e-01
1.669498962000000253e+00,-1.020724394191618728e-01
1.669698962000000009e+00,-1.018744204683299792e-01
1.669898962000000209e+00,-1.016764697819349528e-01
1.670098961999999965e+00,-1.014785897935070735e-01
1.670298962000000165e+00,-1.012807828924512099e-01
1.670498961999999921e+00,-1.010830514246819078e-01
1.670698961999999899e+00,-1.008853976932501673e-01
1.670898961999999877e+00,-1.006878239589742569e-01
1.671098962000000077e+00,-1.004903324410650889e-01
1.671298961999999388e+00,-1.002929253177526903e-01
1.671498962000000033e+00,-1.000956047269048466e-01
1.671698961999999788e+00,-9.989837276665548826e-02
1.671898962000000211e+00,-9.970123149601564649e-02
1.672098962000000189e+00,-9.950418293549656568e-02
1.672298962000000166e+00,-9.930722906771984049e-02
1.672498962000000144e+00,-9.911037183803189654e-02
1.672698961999999900e+00,-9.891361315511335017e-02
1.672898962000000100e+00,-9.871695489158527348e-02
1.673098961999999856e+00,-9.852039888461641692e-02
1.673298962000000056e+00,-9.832394693652191098e-02
1.673498962000000034e+00,-9.812760081536617274e-02
1.673698962000000012e+00,-9.793136225555673646e-02
1.673898961999999768e+00,-9.773523295843977721e-02
1.674098961999999968e+00,-9.753921459288933393e-02
1.674298961999999502e+00,-9.734330879589767060e-02
1.674498962000000146e+00,-9.714751717315561752e-02
1.674698961999999902e+00,-9.695184129964068420e-02
1.674898962000000324e+00,-9.675628272018796383e-02
1.675098962000000302e+00,-9.656084295007165419e-02
1.675298962000000280e+00,-9.636552347557246490e-02
1.675498962000000036e+00,-9.617032575454803611e-02
1.675698962000000014e+00,-9.597525121699675144e-02
1.675898962000000214e+00,-9.578030126561969115e-02
1.676098961999999970e+00,-9.558547727637892177e-02
1.676298962000000170e+00,-9.539078059904915197e-02
1.676498961999999926e+00,-9.519621255777127589e-02
1.676698961999999904e+00,-9.500177445159574408e-02
1.676898961999999882e+00,-9.480746755502753031e-02
1.677098962000000082e+00,-9.461329311856361834e-02
1.677298961999999616e+00,-9.441925236922942000e-02
1.677498962000000038e+00,-9.422534651110611725e-02
1.677698961999999794e+00,-9.403157672586279214e-02
1.677898962000000216e+00,-9.383794417327329107e-02
1.678098962000000194e+00,-9.364444999173997253e-02
1.678298962000000394e+00,-9.345109529880391008e-02
1.678498962000000150e+00,-9.325788119165784318e-02
1.678698961999999906e+00,-9.306480874764974653e-02
1.678898962000000106e+00,-9.287187902478520607e-02
1.679098961999999862e+00,-9.267909306222577026e-02
1.679298962000000062e+00,-9.248645188077855850e-02
1.679498962000000040e+00,-9.229395648338760416e-02
1.679698962000000018e+00,-9.210160785561505303e-02
1.679898961999999774e+00,-9.190940696612159844e-02
1.680098961999999974e+00,-9.171735476713951951e-02
1.680298961999999952e+00,-9.152545219494492845e-02
1.680498961999999930e+00,-9.133370017032046984e-02
1.680698961999999907e+00,-9.114209959901714564e-02
1.680898962000000108e+00,-9.095065137220940954e-02
1.681098962000000308e+00,-9.075935636694697217e-02
1.681298962000000285e+00,-9.056821544660044465e-02
1.681498962000000041e+00,-9.037722946130254120e-02
1.681698962000000019e+00,-9.018639924838428579e-02
1.681898961999999997e+00,-8.999572563280774928e-02
1.682098961999999975e+00,-8.980520942759190328e-02
1.682298961999999953e+00,-8.961485143423453259e-02
1.682498962000000153e+00,-8.942465244312890194e-02
1.682698961999999909e+00,-8.923461323397659239e-02
1.682898961999999887e+00,-8.904473457619220544e-02
1.683098961999999865e+00,-8.885501722930719271e-02
1.683298961999999843e+00,-8.866546194336560882e-02
1.683498961999999821e+00,-8.847606945931589528e-02
1.683698961999999799e+00,-8.828684050939764050e-02
1.683898962000000221e+00,-8.809777581752231690e-02
1.684098962000000199e+00,-8.790887609965150618e-02
1.684298962000000177e+00,-8.772014206416567372e-02
1.684498962000000155e+00,-8.753157441223166635e-02
1.684698962000000133e+00,-8.734317383816329883e-02
1.684898962000000111e+00,-8.715494102977720814e-02
1.685098962000000089e+00,-8.696687666874315659e-02
1.685298962000000067e+00,-8.677898143092954708e-02
1.685498962000000267e+00,-8.659125598674330404e-02
1.685698962000000023e+00,-8.640370100146572974e-02
1.685898962000000001e+00,-8.621631713558046417e-02
1.686098961999999757e+00,-8.602910504509976575e-02
1.686298961999999957e+00,-8.584206538188218771e-02
1.686498961999999935e+00,-8.565519879394858926e-02
1.686698961999999913e+00,-8.546850592578889017e-02
1.686898962000000113e+00,-8.528198741866660493e-02
1.687098962000000313e+00,-8.509564391091742341e-02
1.687298962000000291e+00,-8.490947603824192114e-02
1.687498962000000269e+00,-8.472348443399309315e-02
1.687698962000000025e+00,-8.453766972945966907e-02
1.687898962000000225e+00,-8.435203255414221168e-02
1.688098961999999981e+00,-8.416657353602799430e-02
1.688298961999999959e+00,-8.398129330185433172e-02
1.688498962000000159e+00,-8.379619247737292442e-02
1.688698962000000137e+00,-8.361127168760602857e-02
1.688898962000000115e+00,-8.342653155709660318e-02
1.689098961999999871e+00,-8.324197271015573718e-02
1.689298961999999849e+00,-8.305759577110223557e-02
1.689498961999999826e+00,-8.287340136449995731e-02
1.689698961999999804e+00,-8.268939011538720130e-02
1.689898962000000004e+00,-8.250556264950272001e-02
1.690098961999999982e+00,-8.232191959350616817e-02
1.690298962000000405e+00,-8.213846157519236191e-02
1.690498962000000160e+00,-8.195518922370349790e-02
1.690698962000000138e+00,-8.177210316973104742e-02
1.690898962000000116e+00,-8.158920404571820550e-02
1.691098961999999872e+00,-8.140649248605406896e-02
1.691298962000000072e+00,-8.122396912726234652e-02
1.691498962000000050e+00,-8.104163460818833431e-02
1.691698962000000028e+00,-8.085948957017674577e-02
1.691898962000000006e+00,-8.067753465724733508e-02
1.692098961999999762e+00,-8.049577051626488622e-02
1.692298961999999740e+00,-8.031419779710331774e-02
1.692498961999999940e+00,-8.013281715280652640e-02
1.692698961999999696e+00,-7.995162923974372116e-02
1.692898962000000118e+00,-7.977063471775762415e-02
1.693098962000000096e+00,-7.958983425031307402e-02
1.693298962000000296e+00,-7.940922850463437432e-02
1.693498962000000274e+00,-7.922881815184308618e-02
1.693698962000000030e+00,-7.904860386708828512e-02
1.693898962000000008e+00,-7.886858632967205796e-02
1.694098961999999986e+00,-7.868876622317247382e-02
1.694298961999999964e+00,-7.850914423555947763e-02
1.694498961999999942e+00,-7.832972105930716133e-02
1.694698961999999920e+00,-7.815049739150133068e-02
1.694898961999999898e+00,-7.797147393394249226e-02
1.695098961999999876e+00,-7.779265139324390010e-02
1.695298961999999854e+00,-7.761403048092586909e-02
1.695498962000000054e+00,-7.743561191350432915e-02
1.695698961999999810e+00,-7.725739641257690915e-02
1.695898962000000232e+00,-7.707938470490102723e-02
1.696098961999999988e+00,-7.690157752247334111e-02
1.696298962000000188e+00,-7.672397560259724969e-02
1.696498962000000166e+00,-7.654657968795378076e-02
1.696698962000000144e+00,-7.636939052666205652e-02
1.696898962000000122e+00,-7.619240887233919013e-02
1.697098962000000100e+00,-7.601563548415428417e-02
1.697298962000000078e+00,-7.583907112687894581e-02
1.697498962000000056e+00,-7.566271657093305569e-02
1.697698962000000034e+00,-7.548657259242703976e-02
1.697898962000000012e+00,-7.531063997319945025e-02
1.698098961999999990e+00,-7.513491950085103566e-02
1.698298961999999968e+00,-7.495941196877435597e-02
1.698498961999999946e+00,-7.478411817617965085e-02
1.698698961999999923e+00,-7.460903892811704408e-02
1.698898962000000123e+00,-7.443417503549398795e-02
1.699098961999999879e+00,-7.425952731509055660e-02
1.699298962000000301e+00,-7.408509658956757837e-02
1.699498962000000279e+00,-7.391088368747657233e-02
1.699698962000000035e+00,-7.373688944325955397e-02
1.699898962000000013e+00,-7.356311469724927110e-02
1.700098961999999991e+00,-7.338956029566537365e-02
1.700298961999999969e+00,-7.321622709060576772e-02
1.700498961999999947e+00,-7.304311594003493058e-02
1.700698962000000147e+00,-7.287022770776892255e-02
1.700898962000000125e+00,-7.269756326345701292e-02
1.701098962000000103e+00,-7.252512348255915620e-02
1.701298961999999859e+00,-7.235290924632087339e-02
1.701498962000000059e+00,-7.218092144174385882e-02
1.701698961999999815e+00,-7.200916096155564328e-02
1.701898962000000015e+00,-7.183762870417159663e-02
1.702098961999999993e+00,-7.166632557365920642e-02
1.702298962000000193e+00,-7.149525247969401587e-02
1.702498962000000171e+00,-7.132441033751671378e-02
1.702698962000000149e+00,-7.115380006788372957e-02
1.702898962000000127e+00,-7.098342259701702350e-02
1.703098961999999883e+00,-7.081327885655047671e-02
1.703298962000000083e+00,-7.064336978347178497e-02
1.703498961999999839e+00,-7.047369632006500462e-02
1.703698962000000039e+00,-7.030425941384496613e-02
1.703898962000000017e+00,-7.013506001749497676e-02
1.704098961999999995e+00,-6.996609908879629358e-02
1.704298961999999751e+00,-6.979737759055867907e-02
1.704498961999999951e+00,-6.962889649054562757e-02
1.704698961999999929e+00,-6.946065676140024403e-02
1.704898962000000129e+00,-6.929265938056429486e-02
1.705098962000000107e+00,-6.912490533019899352e-02
1.705298962000000307e+00,-6.895739559709936073e-02
1.705498962000000285e+00,-6.879013117261020827e-02
1.705698962000000263e+00,-6.862311305253582239e-02
1.705898962000000019e+00,-6.845634223705041044e-02
1.706098961999999997e+00,-6.828981973060385680e-02
1.706298961999999975e+00,-6.812354654182756208e-02
1.706498961999999953e+00,-6.795752368343617456e-02
1.706698961999999931e+00,-6.779175217212812798e-02
1.706898962000000131e+00,-6.762623302848361218e-02
1.707098961999999887e+00,-6.746096727686148875e-02
1.707298961999999865e+00,-6.729595594529198810e-02
1.707498962000000065e+00,-6.713120006537035001e-02
1.707698962000000042e+00,-6.696670067214674504e-02
1.707898961999999798e+00,-6.680245880401421144e-02
1.708098961999999998e+00,-6.663847550259512087e-02
1.708298962000000198e+00,-6.647475181262710309e-02
1.708498962000000176e+00,-6.631128878184555653e-02
1.708698962000000154e+00,-6.614808746086443814e-02
1.708898962000000132e+00,-6.598514890305688663e-02
1.709098962000000110e+00,-6.582247416443308408e-02
1.709298962000000088e+00,-6.566006430351699341e-02
1.709498961999999844e+00,-6.549792038122181914e-02
1.709698962000000044e+00,-6.533604346072255376e-02
1.709898962000000022e+00,-6.517443460733030047e-02
1.710098962000000000e+00,-6.501309488836143347e-02
1.710298961999999978e+00,-6.485202537300806258e-02
1.710498961999999956e+00,-6.469122713220626375e-02
1.710698961999999934e+00,-6.453070123850329631e-02
1.710898961999999912e+00,-6.437044876592351583e-02
1.711098961999999890e+00,-6.421047078983328771e-02
1.711298962000000312e+00,-6.405076838680438811e-02
1.711498962000000068e+00,-6.389134263447820983e-02
1.711698962000000268e+00,-6.373219461142476394e-02
1.711898962000000246e+00,-6.357332539700626117e-02
1.712098962000000002e+00,-6.341473607123539191e-02
1.712298962000000202e+00,-6.325642771463400871e-02
1.712498961999999736e+00,-6.309840140809357123e-02
1.712698962000000158e+00,-6.294065823272868010e-02
1.712898962000000136e+00,-6.278319926973839615e-02
1.713098962000000114e+00,-6.262602560025837262e-02
1.713298961999999870e+00,-6.246913830521810818e-02
1.713498961999999848e+00,-6.231253846519464734e-02
1.713698961999999826e+00,-6.215622716026769634e-02
1.713898962000000026e+00,-6.200020546987246306e-02
1.714098962000000004e+00,-6.184447447265352393e-02
1.714298962000000204e+00,-6.168903524631638713e-02
1.714498962000000182e+00,-6.153388886748105413e-02
1.714698962000000160e+00,-6.137903641153288209e-02
1.714898962000000360e+00,-6.122447895247438987e-02
1.715098962000000116e+00,-6.107021756277772329e-02
1.715298962000000316e+00,-6.091625331323329701e-02
1.715498961999999850e+00,-6.076258727280382799e-02
1.715698962000000050e+00,-6.060922050847133979e-02
1.715898961999999806e+00,-6.045615408509170952e-02
1.716098962000000006e+00,-6.030338906524154718e-02
1.716298961999999761e+00,-6.015092650907156308e-02
1.716498961999999739e+00,-5.999876747415458511e-02
1.716698961999999717e+00,-5.984691301533776736e-02
1.716898962000000139e+00,-5.969536418459184257e-02
1.717098961999999673e+00,-5.954412203086378169e-02
1.717298962000000095e+00,-5.939318759992361085e-02
1.717498962000000073e+00,-5.924256193422033911e-02
1.717698962000000273e+00,-5.909224607272884483e-02
1.717898962000000251e+00,-5.894224105080392989e-02
1.718098962000000007e+00,-5.879254790003073106e-02
1.718298961999999985e+00,-5.864316764807638721e-02
1.718498961999999963e+00,-5.849410131854369810e-02
1.718698961999999941e+00,-5.834534993082265281e-02
1.718898961999999919e+00,-5.819691449994408849e-02
1.719098961999999897e+00,-5.804879603643293279e-02
1.719298961999999875e+00,-5.790099554616251476e-02
1.719498961999999853e+00,-5.775351403020881347e-02
1.719698961999999831e+00,-5.760635248470591385e-02
1.719898962000000253e+00,-5.745951190070098386e-02
1.720098961999999787e+00,-5.731299326401233935e-02
1.720298962000000209e+00,-5.716679755508288774e-02
1.720498962000000187e+00,-5.702092574884204401e-02
1.720698962000000387e+00,-5.687537881456045108e-02
1.720898962000000143e+00,-5.673015771571122273e-02
1.721098962000000121e+00,-5.658526340982796693e-02
1.721298962000000099e+00,-5.644069684836686834e-02
1.721498962000000077e+00,-5.629645897656722353e-02
1.721698962000000055e+00,-5.615255073331369695e-02
1.721898962000000033e+00,-5.600897305099974965e-02
1.722098962000000011e+00,-5.586572685539123451e-02
1.722298961999999767e+00,-5.572281306549151797e-02
1.722498961999999967e+00,-5.558023259340675454e-02
1.722698961999999723e+00,-5.543798634421423510e-02
1.722898962000000145e+00,-5.529607521582772384e-02
1.723098961999999901e+00,-5.515450009886942867e-02
1.723298962000000323e+00,-5.501326187653641370e-02
1.723498962000000079e+00,-5.487236142447519255e-02
1.723698962000000279e+00,-5.473179961065022248e-02
1.723898962000000257e+00,-5.459157729522012142e-02
1.724098962000000235e+00,-5.445169533041010340e-02
1.724298961999999991e+00,-5.431215456038835515e-02
1.724498961999999969e+00,-5.417295582114209362e-02
1.724698962000000169e+00,-5.403409994035608677e-02
1.724898961999999925e+00,-5.389558773729204166e-02
1.725098962000000125e+00,-5.375742002266743758e-02
1.725298962000000103e+00,-5.361959759853925783e-02
1.725498961999999858e+00,-5.348212125818559148e-02
1.725698961999999614e+00,-5.334499178599001051e-02
1.725898962000000036e+00,-5.320820995732714054e-02
1.726098962000000014e+00,-5.307177653845113890e-02
1.726298961999999992e+00,-5.293569228638152213e-02
1.726498961999999970e+00,-5.279995794879459303e-02
1.726698962000000170e+00,-5.266457426391381313e-02
1.726898962000000370e+00,-5.252954196040293677e-02
1.727098962000000348e+00,-5.239486175725954764e-02
1.727298962000000104e+00,-5.226053436371043415e-02
1.727498962000000082e+00,-5.212656047910834561e-02
1.727698962000000060e+00,-5.199294079283096892e-02
1.727898961999999816e+00,-5.185967598418050883e-02
1.728098961999999794e+00,-5.172676672228458672e-02
1.728298961999999994e+00,-5.159421366599985237e-02
1.728498961999999972e+00,-5.146201746381646319e-02
1.728698961999999728e+00,-5.133017875376347933e-02
1.728898961999999928e+00,-5.119869816331637513e-02
1.729098962000000128e+00,-5.106757630930729847e-02
1.729298962000000106e+00,-5.093681379783491364e-02
1.729498962000000084e+00,-5.080641122417665911e-02
1.729698962000000062e+00,-5.067636917270315622e-02
1.729898962000000262e+00,-5.054668821679339508e-02
1.730098962000000240e+00,-5.041736891875273768e-02
1.730298961999999996e+00,-5.028841182973081692e-02
1.730498961999999974e+00,-5.015981748964225967e-02
1.730698961999999952e+00,-5.003158642708945003e-02
1.730898961999999930e+00,-4.990371915928588226e-02
1.731098961999999908e+00,-4.977621619198181052e-02
1.731298961999999886e+00,-4.964907801939144605e-02
1.731498961999999864e+00,-4.952230512412189589e-02
1.731698961999999842e+00,-4.939589797710383645e-02
1.731898961999999820e+00,-4.926985703752363027e-02
1.732098962000000020e+00,-4.914418275275753145e-02
1.732298961999999998e+00,-4.901887555830768822e-02
1.732498962000000198e+00,-4.889393587773889494e-02
1.732698962000000176e+00,-4.876936412261875103e-02
1.732898962000000376e+00,-4.864516069245761187e-02
1.733098962000000132e+00,-4.852132597465245306e-02
1.733298962000000110e+00,-4.839786034442979112e-02
1.733498962000000088e+00,-4.827476416479331567e-02
1.733698962000000066e+00,-4.815203778647104277e-02
1.733898961999999822e+00,-4.802968154786523003e-02
1.734098962000000022e+00,-4.790769577500328391e-02
1.734298962000000000e+00,-4.778608078149224059e-02
1.734498961999999755e+00,-4.766483686847246964e-02
1.734698961999999955e+00,-4.754396432457436844e-02
1.734898961999999933e+00,-4.742346342587811653e-02
1.735098961999999911e+00,-4.730333443587261821e-02
1.735298961999999889e+00,-4.718357760541803947e-02
1.735498962000000089e+00,-4.706419317270937180e-02
1.735698962000000289e+00,-4.694518136324237617e-02
1.735898962000000267e+00,-4.682654238978056077e-02
1.736098962000000245e+00,-4.670827645232404624e-02
1.736298962000000223e+00,-4.659038373808063738e-02
1.736498961999999979e+00,-4.647286442143851865e-02
1.736698962000000179e+00,-4.635571866393979612e-02
1.736898961999999713e+00,-4.623894661425823754e-02
1.737098961999999913e+00,-4.612254840817460455e-02
1.737298961999999891e+00,-4.600652416855884747e-02
1.737498961999999869e+00,-4.589087400534960087e-02
1.737698961999999847e+00,-4.577559801553793273e-02
1.737898961999999825e+00,-4.566069628315201634e-02
1.738098962000000025e+00,-4.554616887924357177e-02
1.738298962000000003e+00,-4.543201586187651381e-02
1.738498961999999981e+00,-4.531823727611622443e-02
1.738698962000000403e+00,-4.520483315402153840e-02
1.738898962000000159e+00,-4.509180351463902559e-02
1.739098962000000137e+00,-4.497914836399617700e-02
1.739298962000000337e+00,-4.486686769509975331e-02
1.739498962000000093e+00,-4.475496148793425139e-02
1.739698962000000071e+00,-4.464342970946087730e-02
1.739898961999999827e+00,-4.453227231362079375e-02
1.740098961999999805e+00,-4.442148924133755561e-02
1.740298961999999783e+00,-4.431108042052315371e-02
1.740498961999999761e+00,-4.420104576608438474e-02
1.740698961999999739e+00,-4.409138517993143463e-02
1.740898961999999717e+00,-4.398209855098807186e-02
1.741098961999999917e+00,-4.387318575520328390e-02
1.741298962000000117e+00,-4.376464665556504402e-02
1.741498962000000095e+00,-4.365648110211509114e-02
1.741698962000000295e+00,-4.354868893196511825e-02
1.741898962000000273e+00,-4.344126996931595847e-02
1.742098962000000251e+00,-4.333422402547643104e-02
1.742298962000000229e+00,-4.322755089888528912e-02
1.742498961999999985e+00,-4.312125037513407644e-02
1.742698962000000185e+00,-4.301532222699110813e-02
1.742898961999999718e+00,-4.290976621442892103e-02
1.743098961999999919e+00,-4.280458208464961445e-02
1.743298961999999896e+00,-4.269976957211640833e-02
1.743498961999999874e+00,-4.259532839858252984e-02
1.743698961999999852e+00,-4.249125827312400655e-02
1.743898961999999830e+00,-4.238755889217322992e-02
1.744098961999999808e+00,-4.228422993955396197e-02
1.744298962000000230e+00,-4.218127108651770207e-02
1.744498961999999764e+00,-4.207868199178285001e-02
1.744698962000000186e+00,-4.197646230157162789e-02
1.744898962000000164e+00,-4.187461164965414206e-02
1.745098962000000364e+00,-4.177312965738812917e-02
1.745298962000000342e+00,-4.167201593376413521e-02
1.745498962000000098e+00,-4.157127007544989677e-02
1.745698962000000076e+00,-4.147089166683680383e-02
1.745898961999999832e+00,-4.137088028008838181e-02
1.746098962000000032e+00,-4.127123547518846830e-02
1.746298961999999788e+00,-4.117195679999308827e-02
1.746498961999999988e+00,-4.107304379028060837e-02
1.746698961999999744e+00,-4.097449596980669989e-02
1.746898961999999944e+00,-4.087631285035694256e-02
1.747098961999999922e+00,-4.077849393180429938e-02
1.747298962000000344e+00,-4.068103870216457918e-02
1.747498961999999878e+00,-4.058394663765642341e-02
1.747698962000000300e+00,-4.048721720275821889e-02
1.747898962000000278e+00,-4.039084985027185937e-02
1.748098962000000256e+00,-4.029484402138224647e-02
1.748298962000000234e+00,-4.019919914572153002e-02
1.748498962000000212e+00,-4.010391464143315404e-02
1.748698962000000190e+00,-4.000898991523724191e-02
1.748898961999999946e+00,-3.991442436249739711e-02
1.749098961999999924e+00,-3.982021736728791339e-02
1.749298961999999680e+00,-3.972636830246337875e-02
1.749498962000000102e+00,-3.963287652972758562e-02
1.749698961999999858e+00,-3.953974139970622276e-02
1.749898962000000058e+00,-3.944696225201670819e-02
1.750098961999999592e+00,-3.935453841534364977e-02
1.750298962000000236e+00,-3.926246920751050307e-02
1.750498961999999992e+00,-3.917075393555797397e-02
1.750698962000000192e+00,-3.907939189581688399e-02
1.750898962000000170e+00,-3.898838237398782880e-02
1.751098962000000148e+00,-3.889772464521806111e-02
1.751298962000000348e+00,-3.880741797418097577e-02
1.751498962000000104e+00,-3.871746161515661477e-02
1.751698962000000304e+00,-3.862785481211152006e-02
1.751898961999999838e+00,-3.853859679878224309e-02
1.752098961999999815e+00,-3.844968679875628015e-02
1.752298961999999793e+00,-3.836112402555736517e-02
1.752498961999999993e+00,-3.827290768272903487e-02
1.752698961999999971e+00,-3.818503696392058777e-02
1.752898961999999949e+00,-3.809751105297262685e-02
1.753098961999999705e+00,-3.801032912400462149e-02
1.753298962000000127e+00,-3.792349034150198361e-02
1.753498962000000105e+00,-3.783699386040593332e-02
1.753698962000000083e+00,-3.775083882620136611e-02
1.753898962000000283e+00,-3.766502437500760664e-02
1.754098962000000261e+00,-3.757954963366944706e-02
1.754298962000000461e+00,-3.749441371984787996e-02
1.754498961999999995e+00,-3.740961574211335017e-02
1.754698962000000195e+00,-3.732515480003702202e-02
1.754898961999999951e+00,-3.724102998428625855e-02
1.755098961999999929e+00,-3.715724037671705449e-02
1.755298961999999685e+00,-3.707378505047003586e-02
1.755498961999999885e+00,-3.699066307006483589e-02
1.755698961999999863e+00,-3.690787349149713542e-02
1.755898962000000063e+00,-3.682541536233426005e-02
1.756098961999999819e+00,-3.674328772181312264e-02
1.756298962000000019e+00,-3.666148960093678494e-02
1.756498962000000219e+00,-3.658002002257385032e-02
1.756698962000000197e+00,-3.649887800155652423e-02
1.756898962000000175e+00,-3.641806254477963217e-02
1.757098962000000153e+00,-3.633757265130056757e-02
1.757298962000000353e+00,-3.625740731243921183e-02
1.757498962000000109e+00,-3.617756551187893688e-02
1.757698962000000087e+00,-3.609804622576667094e-02
1.757898962000000065e+00,-3.601884842281515703e-02
1.758098962000000043e+00,-3.593997106440428857e-02
1.758298961999999799e+00,-3.586141310468340254e-02
1.758498961999999777e+00,-3.578317349067345471e-02
1.758698961999999977e+00,-3.570525116237032587e-02
1.758898961999999955e+00,-3.562764505284791994e-02
1.759098961999999933e+00,-3.555035408836128979e-02
1.759298961999999911e+00,-3.547337718845071375e-02
1.759498961999999889e+00,-3.539671326604564711e-02
1.759698962000000089e+00,-3.532036122756903457e-02
1.759898962000000289e+00,-3.524431997304203895e-02
1.760098962000000267e+00,-3.516858839618872135e-02
1.760298962000000245e+00,-3.509316538454085310e-02
1.760498962000000223e+00,-3.501804981954340090e-02
1.760698962000000201e+00,-3.494324057665985223e-02
1.760898961999999957e+00,-3.486873652547778368e-02
1.761098962000000157e+00,-3.479453652981424894e-02
1.761298961999999690e+00,-3.472063944782260297e-02
1.761498961999999890e+00,-3.464704413209688388e-02
1.761698962000000090e+00,-3.457374942977956001e-02
1.761898961999999846e+00,-3.450075418266688315e-02
1.762098961999999824e+00,-3.442805722731481777e-02
1.762298962000000024e+00,-3.435565739514601091e-02
1.762498962000000002e+00,-3.428355351255606143e-02
1.762698962000000202e+00,-3.421174440101946990e-02
1.762898962000000180e+00,-3.414022887719662946e-02
1.763098962000000158e+00,-3.406900575303974110e-02
1.763298962000000136e+00,-3.399807383589953380e-02
1.763498962000000114e+00,-3.392743192863154761e-02
1.763698962000000314e+00,-3.385707882970243054e-02
1.763898962000000070e+00,-3.378701333329656858e-02
1.764098962000000048e+00,-3.371723422942160542e-02
1.764298961999999804e+00,-3.364774030401534999e-02
1.764498961999999782e+00,-3.357853033905124768e-02
1.764698961999999982e+00,-3.350960311264465641e-02
1.764898961999999960e+00,-3.344095739915874804e-02
1.765098961999999716e+00,-3.337259196930986854e-02
1.765298961999999694e+00,-3.330450559027305080e-02
1.765498962000000116e+00,-3.323669702578766622e-02
1.765698962000000094e+00,-3.316916503626285428e-02
1.765898962000000294e+00,-3.310190837888167537e-02
1.766098962000000272e+00,-3.303492580770684556e-02
1.766298962000000028e+00,-3.296821607378472296e-02
1.766498962000000228e+00,-3.290177792524970335e-02
1.766698962000000206e+00,-3.283561010742896275e-02
1.766898962000000184e+00,-3.276971136294560411e-02
1.767098962000000162e+00,-3.270408043182267133e-02
1.767298961999999696e+00,-3.263871605158654571e-02
1.767498961999999896e+00,-3.257361695736931545e-02
1.767698961999999874e+00,-3.250878188201279662e-02
1.767898961999999852e+00,-3.244420955616984792e-02
1.768098961999999830e+00,-3.237989870840700390e-02
1.768298961999999808e+00,-3.231584806530618525e-02
1.768498961999999786e+00,-3.225205635156611073e-02
1.768698962000000208e+00,-3.218852229010331356e-02
1.768898962000000186e+00,-3.212524460215335220e-02
1.769098962000000386e+00,-3.206222200737032790e-02
1.769298962000000142e+00,-3.199945322392767910e-02
1.769498962000000342e+00,-3.193693696861688719e-02
1.769698962000000098e+00,-3.187467195694763250e-02
1.769898962000000076e+00,-3.181265690324552864e-02
1.770098962000000054e+00,-3.175089052075114049e-02
1.770298961999999809e+00,-3.168937152171760058e-02
1.770498962000000009e+00,-3.162809861750774665e-02
1.770698961999999987e+00,-3.156707051869171027e-02
1.770898961999999965e+00,-3.150628593514277764e-02
1.771098961999999943e+00,-3.144574357613370841e-02
1.771298961999999921e+00,-3.138544215043220093e-02
1.771498961999999899e+00,-3.132538036639583717e-02
1.771698962000000099e+00,-3.126555693206663905e-02
1.771898962000000077e+00,-3.120597055526525693e-02
1.772098962000000277e+00,-3.114661994368399245e-02
1.772298962000000033e+00,-3.108750380498032442e-02
1.772498962000000233e+00,-3.102862084686856467e-02
1.772698962000000211e+00,-3.096996977721256511e-02
1.772898962000000189e+00,-3.091154930411631196e-02
1.773098962000000167e+00,-3.085335813601500221e-02
1.773298961999999923e+00,-3.079539498176516593e-02
1.773498961999999901e+00,-3.073765855073398029e-02
1.773698961999999879e+00,-3.068014755288867024e-02
1.773898962000000079e+00,-3.062286069888452839e-02
1.774098962000000057e+00,-3.056579670015301814e-02
1.774298961999999813e+00,-3.050895426898871110e-02
1.774498961999999791e+00,-3.045233211863571099e-02
1.774698961999999991e+00,-3.039592896337392491e-02
1.774898961999999969e+00,-3.033974351860432850e-02
1.775098962000000169e+00,-3.028377450093328732e-02
1.775298962000000147e+00,-3.022802062825698938e-02
1.775498962000000125e+00,-3.017248061984444465e-02
1.775698962000000103e+00,-3.011715319642043615e-02
1.775898962000000303e+00,-3.006203708024738838e-02
1.776098962000000281e+00,-3.000713099520703822e-02
1.776298962000000037e+00,-2.995243366688082887e-02
1.776498961999999793e+00,-2.989794382262994654e-02
1.776698961999999993e+00,-2.984366019167470144e-02
1.776898961999999971e+00,-2.978958150517350967e-02
1.777098961999999949e+00,-2.973570649630030358e-02
1.777298961999999927e+00,-2.968203390032209468e-02
1.777498961999999683e+00,-2.962856245467549235e-02
1.777698962000000105e+00,-2.957529089904216424e-02
1.777898962000000083e+00,-2.952221797542484150e-02
1.778098962000000283e+00,-2.946934242822066979e-02
1.778298962000000261e+00,-2.941666300429560815e-02
1.778498962000000239e+00,-2.936417845305696467e-02
1.778698962000000217e+00,-2.931188752652585938e-02
1.778898962000000195e+00,-2.925978897940852835e-02
1.779098962000000173e+00,-2.920788156916719752e-02
1.779298961999999928e+00,-2.915616405609005105e-02
1.779498961999999906e+00,-2.910463520336024554e-02
1.779698961999999884e+00,-2.905329377712480288e-02
1.779898961999999862e+00,-2.900213854656207707e-02
1.780098962000000062e+00,-2.895116828394874928e-02
1.780298961999999818e+00,-2.890038176472634751e-02
1.780498961999999796e+00,-2.884977776756616347e-02
1.780698961999999996e+00,-2.879935507443440179e-02
1.780898962000000196e+00,-2.874911247065607689e-02
1.781098961999999952e+00,-2.869904874497811523e-02
1.781298962000000152e+00,-2.864916268963137169e-02
1.781498962000000130e+00,-2.859945310039300678e-02
1.781698962000000108e+00,-2.854991877664663988e-02
1.781898962000000086e+00,-2.850055852144277660e-02
1.782098962000000064e+00,-2.845137114155799063e-02
1.782298962000000042e+00,-2.840235544755341165e-02
1.782498962000000020e+00,-2.835351025383249512e-02
1.782698961999999998e+00,-2.830483437869789690e-02
1.782898961999999754e+00,-2.825632664440770950e-02
1.783098961999999954e+00,-2.820798587723058470e-02
1.783298961999999932e+00,-2.815981090750078325e-02
1.783498961999999910e+00,-2.811180056967149329e-02
1.783698961999999888e+00,-2.806395370236800316e-02
1.783898962000000088e+00,-2.801626914843990956e-02
1.784098962000000066e+00,-2.796874575501268056e-02
1.784298962000000044e+00,-2.792138237353799374e-02
1.784498962000000244e+00,-2.787417785984371010e-02
1.784698962000000222e+00,-2.782713107418307436e-02
1.784898962000000200e+00,-2.778024088128268343e-02
1.785098961999999956e+00,-2.773350615039019140e-02
1.785298962000000156e+00,-2.768692575532065436e-02
1.785498961999999912e+00,-2.764049857450300018e-02
1.785698961999999890e+00,-2.759422349102440969e-02
1.785898961999999868e+00,-2.754809939267513844e-02
1.786098962000000068e+00,-2.750212517199175644e-02
1.786298962000000046e+00,-2.745629972630010684e-02
1.786498962000000024e+00,-2.741062195775695667e-02
1.786698962000000002e+00,-2.736509077339131096e-02
1.786898961999999980e+00,-2.731970508514477980e-02
1.787098962000000180e+00,-2.727446380991103286e-02
1.787298962000000158e+00,-2.722936586957486541e-02
1.787498962000000136e+00,-2.718441019104986603e-02
1.787698962000000114e+00,-2.713959570631585549e-02
1.787898962000000092e+00,-2.709492135245529856e-02
1.788098962000000069e+00,-2.705038607168897685e-02
1.788298962000000270e+00,-2.700598881141082902e-02
1.788498962000000025e+00,-2.696172852422233646e-02
1.788698961999999781e+00,-2.691760416796541017e-02
1.788898961999999981e+00,-2.687361470575525338e-02
1.789098962000000181e+00,-2.682975910601236719e-02
1.789298961999999937e+00,-2.678603634249335924e-02
1.789498961999999915e+00,-2.674244539432104467e-02
1.789698961999999893e+00,-2.669898524601438394e-02
1.789898962000000093e+00,-2.665565488751696702e-02
1.790098962000000071e+00,-2.661245331422523730e-02
1.790298962000000049e+00,-2.656937952701552905e-02
1.790498962000000027e+00,-2.652643253227066067e-02
1.790698962000000005e+00,-2.648361134190578559e-02
1.790898961999999983e+00,-2.644091497339327163e-02
1.791098962000000183e+00,-2.639834244978700797e-02
1.791298962000000161e+00,-2.635589279974608415e-02
1.791498962000000139e+00,-2.631356505755737957e-02
1.791698961999999895e+00,-2.627135826315776107e-02
1.791898962000000095e+00,-2.622927146215521532e-02
1.792098961999999851e+00,-2.618730370584994305e-02
1.792298962000000051e+00,-2.614545405125354507e-02
1.792498962000000029e+00,-2.610372156110892655e-02
1.792698962000000007e+00,-2.606210530390818195e-02
1.792898961999999985e+00,-2.602060435391060494e-02
1.793098962000000185e+00,-2.597921779115961588e-02
1.793298961999999941e+00,-2.593794470149936304e-02
1.793498962000000141e+00,-2.589678417658976273e-02
1.793698962000000119e+00,-2.585573531392217073e-02
1.793898962000000097e+00,-2.581479721683302767e-02
1.794098962000000075e+00,-2.577396899451770904e-02
1.794298962000000053e+00,-2.573324976204330664e-02
1.794498962000000031e+00,-2.569263864036082021e-02
1.794698962000000009e+00,-2.565213475631669682e-02
1.794898961999999987e+00,-2.561173724266361737e-02
1.795098961999999965e+00,-2.557144523807071065e-02
1.795298961999999943e+00,-2.553125788713303534e-02
1.795498961999999921e+00,-2.549117434038043750e-02
1.795698961999999899e+00,-2.545119375428575581e-02
1.795898961999999877e+00,-2.541131529127234334e-02
1.796098962000000077e+00,-2.537153811972090930e-02
1.796298962000000055e+00,-2.533186141397602426e-02
1.796498962000000033e+00,-2.529228435435137284e-02
1.796698962000000011e+00,-2.525280612713502390e-02
1.796898962000000211e+00,-2.521342592459363888e-02
1.797098961999999966e+00,-2.517414294497646171e-02
1.797298961999999944e+00,-2.513495639251796254e-02
1.797498962000000144e+00,-2.509586547744083532e-02
1.797698962000000122e+00,-2.505686941595777414e-02
1.797898961999999878e+00,-2.501796743027263903e-02
1.798098961999999856e+00,-2.497915874858117752e-02
1.798298962000000056e+00,-2.494044260507128144e-02
1.798498962000000034e+00,-2.490181823992251159e-02
1.798698962000000012e+00,-2.486328489930490770e-02
1.798898961999999990e+00,-2.482484183537739947e-02
1.799098962000000190e+00,-2.478648830628565544e-02
1.799298962000000168e+00,-2.474822357615939078e-02
1.799498961999999924e+00,-2.471004691510886309e-02
1.799698961999999902e+00,-2.467195759922099357e-02
1.799898962000000102e+00,-2.463395491055508230e-02
1.800098962000000080e+00,-2.459603813713785378e-02
1.800298962000000058e+00,-2.455820657295770121e-02
1.800498962000000258e+00,-2.452045951795879877e-02
1.800698962000000014e+00,-2.448279627803463115e-02
1.800898961999999992e+00,-2.444521616502051686e-02
1.801098961999999970e+00,-2.440771849668639179e-02
1.801298961999999948e+00,-2.437030259672845131e-02
1.801498962000000148e+00,-2.433296779476052177e-02
1.801698961999999904e+00,-2.429571342630512318e-02
1.801898962000000104e+00,-2.425853883278338008e-02
1.802098962000000082e+00,-2.422144336150542851e-02
1.802298962000000060e+00,-2.418442636565941439e-02
1.802498962000000038e+00,-2.414748720430054743e-02
1.802698962000000016e+00,-2.411062524233954438e-02
1.802898961999999994e+00,-2.407383985053052761e-02
1.803098962000000194e+00,-2.403713040545855592e-02
1.803298962000000172e+00,-2.400049628952678066e-02
1.803498962000000150e+00,-2.396393689094282811e-02
1.803698962000000128e+00,-2.392745160370508828e-02
1.803898961999999884e+00,-2.389103982758844502e-02
1.804098962000000084e+00,-2.385470096812932275e-02
1.804298961999999840e+00,-2.381843443661101414e-02
1.804498962000000040e+00,-2.378223965004745699e-02
1.804698962000000018e+00,-2.374611603116788192e-02
1.804898961999999996e+00,-2.371006300839994391e-02
1.805098961999999974e+00,-2.367408001585309674e-02
1.805298962000000174e+00,-2.363816649330136715e-02
1.805498961999999930e+00,-2.360232188616585847e-02
1.805698962000000130e+00,-2.356654564549638675e-02
1.805898962000000108e+00,-2.353083722795366178e-02
1.806098962000000085e+00,-2.349519609579003507e-02
1.806298962000000063e+00,-2.345962171683065728e-02
1.806498962000000041e+00,-2.342411356445387241e-02
1.806698962000000241e+00,-2.338867111757136213e-02
1.806898961999999997e+00,-2.335329386060815485e-02
1.807098961999999975e+00,-2.331798128348164592e-02
1.807298961999999731e+00,-2.328273288158112450e-02
1.807498961999999931e+00,-2.324754815574620742e-02
1.807698961999999909e+00,-2.321242661224560966e-02
1.807898962000000109e+00,-2.317736776275492253e-02
1.808098962000000087e+00,-2.314237112433466942e-02
1.808298962000000065e+00,-2.310743621940753584e-02
1.808498962000000043e+00,-2.307256257573569655e-02
1.808698962000000021e+00,-2.303774972639761540e-02
1.808898961999999999e+00,-2.300299720976460918e-02
1.809098962000000199e+00,-2.296830456947709931e-02
1.809298961999999955e+00,-2.293367135442074198e-02
1.809498961999999933e+00,-2.289909711870176737e-02
1.809698962000000133e+00,-2.286458142162276289e-02
1.809898962000000111e+00,-2.283012382765771398e-02
1.810098961999999867e+00,-2.279572390642684715e-02
1.810298961999999845e+00,-2.276138123267120242e-02
1.810498962000000045e+00,-2.272709538622709816e-02
1.810698962000000023e+00,-2.269286595200035311e-02
1.810898962000000001e+00,-2.265869251993989780e-02
1.811098961999999979e+00,-2.262457468501168079e-02
1.811298962000000179e+00,-2.259051204717184985e-02
1.811498962000000157e+00,-2.255650421134020728e-02
1.811698962000000135e+00,-2.252255078737284977e-02
1.811898961999999891e+00,-2.248865139003524555e-02
1.812098962000000091e+00,-2.245480563897434001e-02
1.812298962000000069e+00,-2.242101315869142811e-02
1.812498962000000047e+00,-2.238727357851383673e-02
1.812698962000000247e+00,-2.235358653256700953e-02
1.812898962000000225e+00,-2.231995165974630727e-02
1.813098961999999981e+00,-2.228636860368849587e-02
1.813298961999999959e+00,-2.225283701274303680e-02
1.813498961999999937e+00,-2.221935653994346060e-02
1.813698961999999915e+00,-2.218592684297830339e-02
1.813898962000000115e+00,-2.215254758416192529e-02
1.814098962000000093e+00,-2.211921843040539140e-02
1.814298962000000071e+00,-2.208593905318679759e-02
1.814498962000000049e+00,-2.205270912852177329e-02
1.814698962000000027e+00,-2.201952833693375869e-02
1.814898962000000004e+00,-2.198639636342410164e-02
1.815098961999999982e+00,-2.195331289744204342e-02
1.815298962000000182e+00,-2.192027763285446518e-02
1.815498962000000160e+00,-2.188729026791588067e-02
1.815698962000000138e+00,-2.185435050523769698e-02
1.815898962000000116e+00,-2.182145805175792971e-02
1.816098962000000094e+00,-2.178861261871049143e-02
1.816298962000000072e+00,-2.175581392159450095e-02
1.816498961999999828e+00,-2.172306168014345729e-02
1.816698962000000028e+00,-2.169035561829413261e-02
1.816898962000000006e+00,-2.165769546415591273e-02
1.817098961999999984e+00,-2.162508094997936045e-02
1.817298962000000184e+00,-2.159251181212508072e-02
1.817498962000000162e+00,-2.155998779103265872e-02
1.817698962000000140e+00,-2.152750863118895602e-02
1.817898962000000118e+00,-2.149507408109699313e-02
1.818098962000000096e+00,-2.146268389324433590e-02
1.818298962000000074e+00,-2.143033782407154086e-02
1.818498962000000052e+00,-2.139803563394060415e-02
1.818698962000000030e+00,-2.136577708710322293e-02
1.818898962000000230e+00,-2.133356195166912980e-02
1.819098961999999986e+00,-2.130138999957452775e-02
1.819298961999999964e+00,-2.126926100654985205e-02
1.819498961999999720e+00,-2.123717475208839259e-02
1.819698961999999920e+00,-2.120513101941408352e-02
1.819898961999999898e+00,-2.117312959544998680e-02
1.820098962000000098e+00,-2.114117027078598818e-02
1.820298962000000076e+00,-2.110925283964716972e-02
1.820498962000000054e+00,-2.107737709986168273e-02
1.820698962000000032e+00,-2.104554285282879411e-02
1.820898962000000010e+00,-2.101374990348698485e-02
1.821098961999999988e+00,-2.098199806028195821e-02
1.821298962000000188e+00,-2.095028713513463064e-02
1.821498961999999944e+00,-2.091861694340923020e-02
1.821698961999999922e+00,-2.088698730388110353e-02
1.821898962000000122e+00,-2.085539803870509884e-02
1.822098962000000100e+00,-2.082384897338337287e-02
1.822298961999999856e+00,-2.079233993673357608e-02
1.822498961999999834e+00,-2.076087076085677413e-02
1.822698962000000034e+00,-2.072944128110577530e-02
1.822898962000000012e+00,-2.069805133605326711e-02
1.823098961999999990e+00,-2.066670076745980369e-02
1.823298961999999968e+00,-2.063538942024216796e-02
1.823498962000000168e+00,-2.060411714244150122e-02
1.823698962000000146e+00,-2.057288378519182837e-02
1.823898962000000123e+00,-2.054168920268807652e-02
1.824098961999999879e+00,-2.051053325215470430e-02
1.824298962000000079e+00,-2.047941579381389737e-02
1.824498962000000057e+00,-2.044833669085437122e-02
1.824698962000000035e+00,-2.041729580939960487e-02
1.824898962000000013e+00,-2.038629301847660891e-02
1.825098962000000213e+00,-2.035532818998448540e-02
1.825298961999999969e+00,-2.032440119866337283e-02
1.825498961999999947e+00,-2.029351192206291232e-02
1.825698961999999925e+00,-2.026266024051137996e-02
1.825898962000000125e+00,-2.023184603708452767e-02
1.826098962000000103e+00,-2.020106919757471212e-02
1.826298962000000081e+00,-2.017032961045978415e-02
1.826498962000000281e+00,-2.013962716687244317e-02
1.826698962000000259e+00,-2.010896176056952561e-02
1.826898962000000015e+00,-2.007833328790129684e-02
1.827098961999999993e+00,-2.004774164778075005e-02
1.827298961999999971e+00,-2.001718674165348447e-02
1.827498961999999949e+00,-1.998666847346712225e-02
1.827698962000000149e+00,-1.995618674964101322e-02
1.827898962000000127e+00,-1.992574147903629356e-02
1.828098962000000105e+00,-1.989533257292556631e-02
1.828298961999999861e+00,-1.986495994496315781e-02
1.828498962000000061e+00,-1.983462351115500982e-02
1.828698961999999817e+00,-1.980432318982935924e-02
1.828898962000000017e+00,-1.977405890160665106e-02
1.829098961999999995e+00,-1.974383056937041581e-02
1.829298962000000195e+00,-1.971363811823759193e-02
1.829498962000000173e+00,-1.968348147552950733e-02
1.829698962000000151e+00,-1.965336057074248965e-02
1.829898962000000129e+00,-1.962327533551896930e-02
1.830098962000000107e+00,-1.959322570361859972e-02
1.830298962000000085e+00,-1.956321161088937083e-02
1.830498962000000063e+00,-1.953323299523907972e-02
1.830698962000000041e+00,-1.950328979660675283e-02
1.830898962000000019e+00,-1.947338195693425894e-02
1.831098962000000219e+00,-1.944350942013805400e-02
1.831298961999999975e+00,-1.941367213208124859e-02
1.831498961999999953e+00,-1.938387004054522439e-02
1.831698961999999931e+00,-1.935410309520221861e-02
1.831898961999999909e+00,-1.932437124758744351e-02
1.832098961999999887e+00,-1.929467445107154247e-02
1.832298962000000087e+00,-1.926501266083318481e-02
1.832498962000000065e+00,-1.923538583383188269e-02
1.832698962000000265e+00,-1.920579392878075595e-02
1.832898962000000243e+00,-1.917623690611974102e-02
1.833098962000000220e+00,-1.914671472798855009e-02
1.833298961999999976e+00,-1.911722735820027552e-02
1.833498961999999954e+00,-1.908777476221458144e-02
1.833698961999999932e+00,-1.905835690711168637e-02
1.833898961999999910e+00,-1.902897376156594336e-02
1.834098962000000110e+00,-1.899962529581984347e-02
1.834298962000000088e+00,-1.897031148165823772e-02
1.834498962000000066e+00,-1.894103229238249669e-02
1.834698961999999822e+00,-1.891178770278504132e-02
1.834898962000000022e+00,-1.888257768912378690e-02
1.835098962000000000e+00,-1.885340222909722557e-02
1.835298961999999978e+00,-1.882426130181905424e-02
1.835498961999999956e+00,-1.879515488779340271e-02
1.835698962000000156e+00,-1.876608296889011041e-02
1.835898962000000134e+00,-1.873704552832016965e-02
1.836098962000000112e+00,-1.870804255061123134e-02
1.836298962000000090e+00,-1.867907402158349231e-02
1.836498962000000068e+00,-1.865013992832553757e-02
1.836698961999999824e+00,-1.862124025917056419e-02
1.836898962000000024e+00,-1.859237500367245943e-02
1.837098962000000224e+00,-1.856354415258254509e-02
1.837298962000000202e+00,-1.853474769782605808e-02
1.837498961999999958e+00,-1.850598563247888434e-02
1.837698961999999936e+00,-1.847725795074457722e-02
1.837898961999999914e+00,-1.844856464793159442e-02
1.838098962000000114e+00,-1.841990572043053845e-02
1.838298962000000092e+00,-1.839128116569178212e-02
1.838498962000000070e+00,-1.836269098220297963e-02
1.838698962000000048e+00,-1.833413516946700780e-02
1.838898962000000248e+00,-1.830561372798002184e-02
1.839098962000000004e+00,-1.827712665920976087e-02
1.839298961999999982e+00,-1.824867396557364185e-02
1.839498961999999960e+00,-1.822025565041766881e-02
1.839698961999999938e+00,-1.819187171799504371e-02
1.839898962000000138e+00,-1.816352217344503403e-02
1.840098962000000116e+00,-1.813520702277230529e-02
1.840298962000000316e+00,-1.810692627282591005e-02
1.840498962000000072e+00,-1.807867993127912007e-02
1.840698962000000050e+00,-1.805046800660868936e-02
1.840898962000000028e+00,-1.802229050807504368e-02
1.841098962000000006e+00,-1.799414744570210570e-02
1.841298961999999984e+00,-1.796603883025756770e-02
1.841498962000000184e+00,-1.793796467323323721e-02
1.841698962000000162e+00,-1.790992498682570863e-02
1.841898962000000139e+00,-1.788191978391695525e-02
1.842098962000000117e+00,-1.785394907805535475e-02
1.842298962000000095e+00,-1.782601288343681895e-02
1.842498962000000073e+00,-1.779811121488603792e-02
1.842698962000000051e+00,-1.777024408783799136e-02
1.842898962000000029e+00,-1.774241151831959518e-02
1.843098962000000007e+00,-1.771461352293156322e-02
1.843298962000000207e+00,-1.768685011883038699e-02
1.843498962000000185e+00,-1.765912132371068310e-02
1.843698961999999941e+00,-1.763142715578739847e-02
1.843898961999999919e+00,-1.760376763377842144e-02
1.844098961999999897e+00,-1.757614277688745313e-02
1.844298961999999875e+00,-1.754855260478685453e-02
1.844498962000000075e+00,-1.752099713760072591e-02
1.844698962000000053e+00,-1.749347639588835074e-02
1.844898962000000253e+00,-1.746599040062747285e-02
1.845098962000000009e+00,-1.743853917319818092e-02
1.845298962000000209e+00,-1.741112273536644939e-02
1.845498961999999965e+00,-1.738374110926853289e-02
1.845698961999999943e+00,-1.735639431739479169e-02
1.845898961999999921e+00,-1.732908238257433245e-02
1.846098962000000121e+00,-1.730180532795944082e-02
1.846298962000000099e+00,-1.727456317701041993e-02
1.846498962000000077e+00,-1.724735595348034917e-02
1.846698962000000055e+00,-1.722018368140029038e-02
1.846898961999999811e+00,-1.719304638506454624e-02
1.847098962000000011e+00,-1.716594408901597757e-02
1.847298961999999989e+00,-1.713887681803189997e-02
1.847498962000000189e+00,-1.711184459710954342e-02
1.847698961999999945e+00,-1.708484745145236183e-02
1.847898962000000145e+00,-1.705788540645578749e-02
1.848098962000000123e+00,-1.703095848769396736e-02
1.848298961999999879e+00,-1.700406672090597898e-02
1.848498962000000079e+00,-1.697721013198249737e-02
1.848698962000000057e+00,-1.695038874695288522e-02
1.848898961999999813e+00,-1.692360259197193961e-02
1.849098962000000013e+00,-1.689685169330707587e-02
1.849298962000000213e+00,-1.687013607732594511e-02
1.849498962000000191e+00,-1.684345577048371526e-02
1.849698961999999947e+00,-1.681681079931084122e-02
1.849898961999999925e+00,-1.679020119040083164e-02
1.850098962000000125e+00,-1.676362697039842156e-02
1.850298962000000103e+00,-1.673708816598778321e-02
1.850498962000000081e+00,-1.671058480388071601e-02
1.850698962000000058e+00,-1.668411691080528420e-02
1.850898962000000036e+00,-1.665768451349451673e-02
1.851098962000000014e+00,-1.663128763867522189e-02
1.851298961999999992e+00,-1.660492631305705152e-02
1.851498961999999970e+00,-1.657860056332163129e-02
1.851698961999999948e+00,-1.655231041611195456e-02
1.851898961999999926e+00,-1.652605589802185609e-02
1.852098962000000126e+00,-1.649983703558566273e-02
1.852298962000000104e+00,-1.647365385526811804e-02
1.852498962000000082e+00,-1.644750638345421692e-02
1.852698962000000060e+00,-1.642139464643944946e-02
1.852898962000000038e+00,-1.639531867042005181e-02
1.853098962000000016e+00,-1.636927848148350684e-02
1.853298962000000216e+00,-1.634327410559906213e-02
1.853498961999999972e+00,-1.631730556860870596e-02
1.853698962000000172e+00,-1.629137289621768875e-02
1.853898962000000150e+00,-1.626547611398606458e-02
1.854098962000000128e+00,-1.623961524731957345e-02
1.854298962000000106e+00,-1.621379032146112037e-02
1.854498962000000084e+00,-1.618800136148232371e-02
1.854698962000000062e+00,-1.616224839227514698e-02
1.854898962000000040e+00,-1.613653143854371780e-02
1.855098962000000018e+00,-1.611085052479629964e-02
1.855298961999999996e+00,-1.608520567533742313e-02
1.855498962000000196e+00,-1.605959691426005198e-02
1.855698962000000174e+00,-1.603402426543815845e-02
1.855898961999999930e+00,-1.600848775251910439e-02
1.856098961999999908e+00,-1.598298739891627213e-02
1.856298961999999886e+00,-1.595752322780212909e-02
1.856498962000000086e+00,-1.593209526210094887e-02
1.856698962000000064e+00,-1.590670352448212213e-02
1.856898962000000042e+00,-1.588134803735321426e-02
1.857098962000000242e+00,-1.585602882285339424e-02
1.857298962000000220e+00,-1.583074590284708205e-02
1.857498961999999976e+00,-1.580549929891742617e-02
1.857698961999999954e+00,-1.578028903236008973e-02
1.857898961999999932e+00,-1.575511512417730742e-02
1.858098961999999910e+00,-1.572997759507181736e-02
1.858298962000000110e+00,-1.570487646544105331e-02
1.858498962000000088e+00,-1.567981175537154839e-02
1.858698962000000066e+00,-1.565478348463320360e-02
1.858898961999999822e+00,-1.562979167267398994e-02
1.859098962000000022e+00,-1.560483633861448755e-02
1.859298962000000000e+00,-1.557991750124296249e-02
1.859498961999999977e+00,-1.555503517901004121e-02
1.859698962000000177e+00,-1.553018939002384982e-02
1.859898961999999933e+00,-1.550538015204536851e-02
1.860098962000000133e+00,-1.548060748248339044e-02
1.860298962000000111e+00,-1.545587139839034799e-02
1.860498962000000089e+00,-1.543117191645755441e-02
1.860698961999999845e+00,-1.540650905301104052e-02
1.860898962000000045e+00,-1.538188282400715021e-02
1.861098962000000023e+00,-1.535729324502873097e-02
1.861298962000000001e+00,-1.533274033128087868e-02
1.861498962000000201e+00,-1.530822409758713851e-02
1.861698962000000179e+00,-1.528374455838586200e-02
1.861898961999999935e+00,-1.525930172772638899e-02
1.862098961999999913e+00,-1.523489561926553472e-02
1.862298962000000113e+00,-1.521052624626424536e-02
1.862498962000000091e+00,-1.518619362158428986e-02
1.862698962000000069e+00,-1.516189775768490323e-02
1.862898962000000047e+00,-1.513763866661978728e-02
1.863098962000000025e+00,-1.511341636003407825e-02
1.863298962000000003e+00,-1.508923084916145331e-02
1.863498961999999981e+00,-1.506508214482132901e-02
1.863698961999999959e+00,-1.504097025741614468e-02
1.863898961999999937e+00,-1.501689519692881586e-02
1.864098961999999915e+00,-1.499285697292019985e-02
1.864298961999999893e+00,-1.496885559452671224e-02
1.864498962000000093e+00,-1.494489107045799715e-02
1.864698962000000071e+00,-1.492096340899485250e-02
1.864898962000000049e+00,-1.489707261798692631e-02
1.865098962000000027e+00,-1.487321870485084491e-02
1.865298962000000005e+00,-1.484940167656824579e-02
1.865498962000000205e+00,-1.482562153968394400e-02
1.865698962000000183e+00,-1.480187830030427719e-02
1.865898962000000161e+00,-1.477817196409531887e-02
1.866098962000000139e+00,-1.475450253628142819e-02
1.866298962000000117e+00,-1.473087002164374416e-02
1.866498962000000095e+00,-1.470727442451881355e-02
1.866698961999999851e+00,-1.468371574879731405e-02
1.866898961999999829e+00,-1.466019399792274809e-02
1.867098962000000029e+00,-1.463670917489041760e-02
1.867298962000000007e+00,-1.461326128224644215e-02
1.867498961999999985e+00,-1.458985032208658973e-02
1.867698962000000185e+00,-1.456647629605551872e-02
1.867898962000000163e+00,-1.454313920534604058e-02
1.868098961999999919e+00,-1.451983905069828377e-02
1.868298961999999896e+00,-1.449657583239901369e-02
1.868498962000000096e+00,-1.447334955028118514e-02
1.868698962000000074e+00,-1.445016020372345486e-02
1.868898962000000052e+00,-1.442700779164962817e-02
1.869098962000000030e+00,-1.440389231252840394e-02
1.869298962000000008e+00,-1.438081376437308663e-02
1.869498962000000208e+00,-1.435777214474135734e-02
1.869698961999999964e+00,-1.433476745073526334e-02
1.869898961999999942e+00,-1.431179967900091630e-02
1.870098961999999920e+00,-1.428886882572872295e-02
1.870298962000000120e+00,-1.426597488665335041e-02
1.870498962000000098e+00,-1.424311785705395517e-02
1.870698962000000076e+00,-1.422029773175425248e-02
1.870898962000000054e+00,-1.419751450512288585e-02
1.871098962000000032e+00,-1.417476817107373756e-02
1.871298962000000010e+00,-1.415205872306632938e-02
1.871498961999999988e+00,-1.412938615410627707e-02
1.871698962000000188e+00,-1.410675045674576918e-02
1.871898962000000166e+00,-1.408415162308429384e-02
1.872098961999999922e+00,-1.406158964476908468e-02
1.872298961999999900e+00,-1.403906451299587708e-02
1.872498962000000100e+00,-1.401657621850973742e-02
1.872698962000000078e+00,-1.399412475160584715e-02
1.872898961999999834e+00,-1.397171010213033027e-02
1.873098962000000034e+00,-1.394933225948108077e-02
1.873298961999999790e+00,-1.392699121260902034e-02
1.873498961999999990e+00,-1.390468695001874713e-02
1.873698962000000190e+00,-1.388241945976995823e-02
1.873898962000000168e+00,-1.386018872947839507e-02
1.874098961999999924e+00,-1.383799474631703004e-02
1.874298962000000124e+00,-1.381583749701723041e-02
1.874498962000000102e+00,-1.379371696787026758e-02
1.874698962000000080e+00,-1.377163314472838913e-02
1.874898962000000058e+00,-1.374958601300630377e-02
1.875098962000000036e+00,-1.372757555768256907e-02
1.875298962000000014e+00,-1.370560176330106426e-02
1.875498961999999992e+00,-1.368366461397246131e-02
1.875698961999999970e+00,-1.366176409337580173e-02
1.875898961999999948e+00,-1.363990018476006483e-02
1.876098961999999926e+00,-1.361807287094579481e-02
1.876298961999999904e+00,-1.359628213432676619e-02
1.876498962000000104e+00,-1.357452795687169762e-02
1.876698962000000082e+00,-1.355281032012603873e-02
1.876898962000000060e+00,-1.353112920521366315e-02
1.877098962000000038e+00,-1.350948459283875767e-02
1.877298962000000015e+00,-1.348787646328767319e-02
1.877498962000000216e+00,-1.346630479643076000e-02
1.877698962000000193e+00,-1.344476957172444781e-02
1.877898961999999949e+00,-1.342327076821303415e-02
1.878098962000000149e+00,-1.340180836453068978e-02
1.878298962000000127e+00,-1.338038233890370340e-02
1.878498962000000105e+00,-1.335899266915227014e-02
1.878698962000000083e+00,-1.333763933269274150e-02
1.878898961999999839e+00,-1.331632230653972959e-02
1.879098962000000039e+00,-1.329504156730813326e-02
1.879298962000000017e+00,-1.327379709121558060e-02
1.879498961999999995e+00,-1.325258885408435450e-02
1.879698961999999973e+00,-1.323141683134381429e-02
1.879898962000000173e+00,-1.321028099803254856e-02
1.880098962000000151e+00,-1.318918132880077775e-02
1.880298962000000129e+00,-1.316811779791256069e-02
1.880498961999999885e+00,-1.314709037924820072e-02
1.880698962000000085e+00,-1.312609904630649901e-02
1.880898962000000063e+00,-1.310514377220735847e-02
1.881098962000000041e+00,-1.308422452969398679e-02
1.881298962000000019e+00,-1.306334129113540660e-02
1.881498961999999997e+00,-1.304249402852890316e-02
1.881698961999999975e+00,-1.302168271350251545e-02
1.881898961999999953e+00,-1.300090731731748731e-02
1.882098961999999931e+00,-1.298016781087082093e-02
1.882298961999999909e+00,-1.295946416469778706e-02
1.882498961999999887e+00,-1.293879634897447152e-02
1.882698962000000087e+00,-1.291816433352033743e-02
1.882898962000000287e+00,-1.289756808780085848e-02
1.883098962000000265e+00,-1.287700758093008810e-02
1.883298962000000021e+00,-1.285648278167324764e-02
1.883498961999999999e+00,-1.283599365844933539e-02
1.883698962000000199e+00,-1.281554017933385706e-02
1.883898962000000177e+00,-1.279512231206150243e-02
1.884098961999999933e+00,-1.277474002402870581e-02
1.884298961999999911e+00,-1.275439328229636439e-02
1.884498962000000111e+00,-1.273408205359258076e-02
1.884698962000000089e+00,-1.271380630431542293e-02
1.884898962000000067e+00,-1.269356600053551075e-02
1.885098962000000045e+00,-1.267336110799882273e-02
1.885298962000000023e+00,-1.265319159212945424e-02
1.885498962000000001e+00,-1.263305741803233059e-02
1.885698962000000201e+00,-1.261295855049597743e-02
1.885898962000000179e+00,-1.259289495399536218e-02
1.886098962000000157e+00,-1.257286659269453953e-02
1.886298961999999912e+00,-1.255287343044957094e-02
1.886498962000000112e+00,-1.253291543081114928e-02
1.886698962000000090e+00,-1.251299255702764679e-02
1.886898962000000068e+00,-1.249310477204769107e-02
1.887098962000000046e+00,-1.247325203852308120e-02
1.887298962000000024e+00,-1.245343431881160319e-02
1.887498962000000002e+00,-1.243365157497982633e-02
1.887698962000000202e+00,-1.241390376880592041e-02
1.887898961999999958e+00,-1.239419086178260125e-02
1.888098961999999936e+00,-1.237451281511973630e-02
1.888298961999999914e+00,-1.235486958974739598e-02
1.888498961999999892e+00,-1.233526114631859454e-02
1.888698962000000092e+00,-1.231568744521212982e-02
1.888898962000000070e+00,-1.229614844653550282e-02
1.889098962000000048e+00,-1.227664411012763940e-02
1.889298962000000026e+00,-1.225717439556183244e-02
1.889498962000000004e+00,-1.223773926214853994e-02
1.889698961999999982e+00,-1.221833866893825941e-02
1.889898962000000182e+00,-1.219897257472433473e-02
1.890098961999999938e+00,-1.217964093804590857e-02
1.890298962000000138e+00,-1.216034371719053840e-02
1.890498962000000116e+00,-1.214108087019733981e-02
1.890698962000000094e+00,-1.212185235485958162e-02
1.890898962000000072e+00,-1.210265812872764538e-02
1.891098962000000050e+00,-1.208349814911181992e-02
1.891298962000000028e+00,-1.206437237308516548e-02
1.891498962000000006e+00,-1.204528075748630481e-02
1.891698961999999984e+00,-1.202622325892230108e-02
1.891898961999999962e+00,-1.200719983377141614e-02
1.892098962000000162e+00,-1.198821043818597450e-02
1.892298962000000140e+00,-1.196925502809521522e-02
1.892498962000000118e+00,-1.195033355920799290e-02
1.892698962000000096e+00,-1.193144598701567638e-02
1.892898962000000074e+00,-1.191259226679490003e-02
1.893098962000000052e+00,-1.189377235361038267e-02
1.893298962000000030e+00,-1.187498620231769789e-02
1.893498962000000008e+00,-1.185623376756607741e-02
1.893698962000000208e+00,-1.183751500380113980e-02
1.893898961999999964e+00,-1.181882986526777354e-02
1.894098961999999942e+00,-1.180017830601268539e-02
1.894298961999999920e+00,-1.178156027988738058e-02
1.894498961999999898e+00,-1.176297574055078406e-02
1.894698962000000098e+00,-1.174442464147196913e-02
1.894898962000000076e+00,-1.172590693593300940e-02
1.895098962000000054e+00,-1.170742257703153398e-02
1.895298962000000031e+00,-1.168897151768355687e-02
1.895498962000000009e+00,-1.167055371062613797e-02
1.895698961999999987e+00,-1.165216910842006674e-02
1.895898962000000187e+00,-1.163381766345258396e-02
1.896098961999999943e+00,-1.161549932794008616e-02
1.896298961999999921e+00,-1.159721405393064272e-02
1.896498961999999899e+00,-1.157896179330682868e-02
1.896698962000000099e+00,-1.156074249778825391e-02
1.896898962000000077e+00,-1.154255611893430754e-02
1.897098962000000055e+00,-1.152440260814665760e-02
1.897298962000000033e+00,-1.150628191667193989e-02
1.897498962000000011e+00,-1.148819399560434967e-02
1.897698961999999989e+00,-1.147013879588823504e-02
1.897898962000000189e+00,-1.145211626832064178e-02
1.898098961999999945e+00,-1.143412636355400393e-02
1.898298962000000145e+00,-1.141616903209847003e-02
1.898498961999999901e+00,-1.139824422432475851e-02
1.898698962000000101e+00,-1.138035189046634164e-02
1.898898962000000079e+00,-1.136249198062231486e-02
1.899098962000000057e+00,-1.134466444475964488e-02
1.899298962000000035e+00,-1.132686923271578744e-02
1.899498962000000013e+00,-1.130910629420114021e-02
1.899698961999999991e+00,-1.129137557880153034e-02
1.899898962000000191e+00,-1.127367703598063792e-02
1.900098962096666622e+00,-1.125601060655152807e-02
1.900298962096666600e+00,-1.123837625681843935e-02
1.900498962096666800e+00,-1.122077392734679643e-02
1.900698962096666778e+00,-1.120320356713616454e-02
1.900898962096666533e+00,-1.118566512507605283e-02
1.901098962096666734e+00,-1.116815854994825281e-02
1.901298962096666711e+00,-1.115068379042939012e-02
1.901498962096666689e+00,-1.113324079509307556e-02
1.901698962096666667e+00,-1.111582951241234241e-02
1.901898962096666645e+00,-1.109844989076195013e-02
1.902098962096666623e+00,-1.108110187842068460e-02
1.902298962096666601e+00,-1.106378542357365491e-02
1.902498962096666801e+00,0.000000000000000000e+00
1.902698962096666779e+00,0.000000000000000000e+00
1.902898962096666757e+00,0.000000000000000000e+00
1.903098962096666735e+00,0.000000000000000000e+00
1.903298962096666713e+00,0.000000000000000000e+00
1.903498962096666691e+00,0.000000000000000000e+00
1.903698962096666669e+00,0.000000000000000000e+00
1.903898962096666647e+00,0.000000000000000000e+00
1.904098962096666625e+00,0.000000000000000000e+00
1.904298962096666603e+00,0.000000000000000000e+00
1.904498962096666803e+00,0.000000000000000000e+00
1.904698962096666781e+00,0.000000000000000000e+00
1.904898962096666759e+00,0.000000000000000000e+00
1.905098962096666737e+00,0.000000000000000000e+00
1.905298962096666715e+00,0.000000000000000000e+00
1.905498962096666693e+00,0.000000000000000000e+00
1.905698962096666671e+00,0.000000000000000000e+00
1.905898962096666649e+00,0.000000000000000000e+00
1.906098962096666849e+00,0.000000000000000000e+00
1.906298962096666605e+00,0.000000000000000000e+00
1.906498962096666805e+00,0.000000000000000000e+00
1.906698962096666783e+00,0.000000000000000000e+00
1.906898962096666539e+00,0.000000000000000000e+00
1.907098962096666739e+00,0.000000000000000000e+00
1.907298962096666717e+00,0.000000000000000000e+00
1.907498962096666695e+00,0.000000000000000000e+00
1.907698962096666673e+00,0.000000000000000000e+00
1.907898962096666651e+00,0.000000000000000000e+00
1.908098962096666629e+00,0.000000000000000000e+00
1.908298962096666607e+00,0.000000000000000000e+00
1.908498962096666585e+00,0.000000000000000000e+00
1.908698962096666785e+00,0.000000000000000000e+00
1.908898962096666763e+00,0.000000000000000000e+00
1.909098962096666741e+00,0.000000000000000000e+00
1.909298962096666719e+00,0.000000000000000000e+00
1.909498962096666697e+00,0.000000000000000000e+00
1.909698962096666897e+00,0.000000000000000000e+00
1.909898962096666652e+00,0.000000000000000000e+00
1.910098962096666630e+00,0.000000000000000000e+00
1.910298962096666608e+00,0.000000000000000000e+00
1.910498962096666808e+00,0.000000000000000000e+00
1.910698962096666786e+00,0.000000000000000000e+00
1.910898962096666764e+00,0.000000000000000000e+00
1.911098962096666742e+00,0.000000000000000000e+00
1.911298962096666720e+00,0.000000000000000000e+00
1.911498962096666698e+00,0.000000000000000000e+00
1.911698962096666676e+00,0.000000000000000000e+00
1.911898962096666654e+00,0.000000000000000000e+00
1.912098962096666854e+00,0.000000000000000000e+00
1.912298962096666610e+00,0.000000000000000000e+00
1.912498962096666588e+00,0.000000000000000000e+00
1.912698962096666788e+00,0.000000000000000000e+00
1.912898962096666766e+00,0.000000000000000000e+00
1.913098962096666522e+00,0.000000000000000000e+00
1.913298962096666722e+00,0.000000000000000000e+00
1.913498962096666700e+00,0.000000000000000000e+00
1.913698962096666678e+00,0.000000000000000000e+00
1.913898962096666656e+00,0.000000000000000000e+00
1.914098962096666634e+00,0.000000000000000000e+00
1.914298962096666612e+00,0.000000000000000000e+00
1.914498962096666812e+00,0.000000000000000000e+00
1.914698962096666790e+00,0.000000000000000000e+00
1.914898962096666768e+00,0.000000000000000000e+00
1.915098962096666746e+00,0.000000000000000000e+00
1.915298962096666724e+00,0.000000000000000000e+00
1.915498962096666702e+00,0.000000000000000000e+00
1.915698962096666680e+00,0.000000000000000000e+00
1.915898962096666658e+00,0.000000000000000000e+00
1.916098962096666636e+00,0.000000000000000000e+00
1.916298962096666614e+00,0.000000000000000000e+00
1.916498962096666592e+00,0.000000000000000000e+00
1.916698962096666792e+00,0.000000000000000000e+00
1.916898962096666770e+00,0.000000000000000000e+00
1.917098962096666748e+00,0.000000000000000000e+00
1.917298962096666726e+00,0.000000000000000000e+00
1.917498962096666704e+00,0.000000000000000000e+00
1.917698962096666682e+00,0.000000000000000000e+00
1.917898962096666660e+00,0.000000000000000000e+00
1.918098962096666638e+00,0.000000000000000000e+00
1.918298962096666616e+00,0.000000000000000000e+00
1.918498962096666816e+00,0.000000000000000000e+00
1.918698962096666794e+00,0.000000000000000000e+00
1.918898962096666772e+00,0.000000000000000000e+00
1.919098962096666749e+00,0.000000000000000000e+00
1.919298962096666727e+00,0.000000000000000000e+00
1.919498962096666705e+00,0.000000000000000000e+00
1.919698962096666683e+00,0.000000000000000000e+00
1.919898962096666661e+00,0.000000000000000000e+00
1.920098962096666639e+00,0.000000000000000000e+00
1.920298962096666617e+00,0.000000000000000000e+00
1.920498962096666595e+00,0.000000000000000000e+00
1.920698962096666573e+00,0.000000000000000000e+00
1.920898962096666773e+00,0.000000000000000000e+00
1.921098962096666751e+00,0.000000000000000000e+00
1.921298962096666729e+00,0.000000000000000000e+00
1.921498962096666707e+00,0.000000000000000000e+00
1.921698962096666685e+00,0.000000000000000000e+00
1.921898962096666663e+00,0.000000000000000000e+00
1.922098962096666641e+00,0.000000000000000000e+00
1.922298962096666619e+00,0.000000000000000000e+00
1.922498962096666597e+00,0.000000000000000000e+00
1.922698962096666797e+00,0.000000000000000000e+00
1.922898962096666775e+00,0.000000000000000000e+00
1.923098962096666753e+00,0.000000000000000000e+00
1.923298962096666731e+00,0.000000000000000000e+00
1.923498962096666709e+00,0.000000000000000000e+00
1.923698962096666687e+00,0.000000000000000000e+00
1.923898962096666665e+00,0.000000000000000000e+00
1.924098962096666643e+00,0.000000000000000000e+00
1.924298962096666621e+00,0.000000000000000000e+00
1.924498962096666599e+00,0.000000000000000000e+00
1.924698962096666799e+00,0.000000000000000000e+00
1.924898962096666777e+00,0.000000000000000000e+00
1.925098962096666755e+00,0.000000000000000000e+00
1.925298962096666733e+00,0.000000000000000000e+00
1.925498962096666711e+00,0.000000000000000000e+00
1.925698962096666689e+00,0.000000000000000000e+00
1.925898962096666667e+00,0.000000000000000000e+00
1.926098962096666645e+00,0.000000000000000000e+00
1.926298962096666623e+00,0.000000000000000000e+00
1.926498962096666601e+00,0.000000000000000000e+00
1.926698962096666801e+00,0.000000000000000000e+00
1.926898962096666779e+00,0.000000000000000000e+00
1.927098962096666757e+00,0.000000000000000000e+00
1.927298962096666735e+00,0.000000000000000000e+00
1.927498962096666713e+00,0.000000000000000000e+00
1.927698962096666691e+00,0.000000000000000000e+00
1.927898962096666668e+00,0.000000000000000000e+00
1.928098962096666646e+00,0.000000000000000000e+00
1.928298962096666624e+00,0.000000000000000000e+00
1.928498962096666824e+00,0.000000000000000000e+00
1.928698962096666802e+00,0.000000000000000000e+00
1.928898962096666780e+00,0.000000000000000000e+00
1.929098962096666758e+00,0.000000000000000000e+00
1.929298962096666736e+00,0.000000000000000000e+00
1.929498962096666714e+00,0.000000000000000000e+00
1.929698962096666692e+00,0.000000000000000000e+00
1.929898962096666670e+00,0.000000000000000000e+00
1.930098962096666648e+00,0.000000000000000000e+00
1.930298962096666626e+00,0.000000000000000000e+00
1.930498962096666604e+00,0.000000000000000000e+00
1.930698962096666804e+00,0.000000000000000000e+00
1.930898962096666782e+00,0.000000000000000000e+00
1.931098962096666760e+00,0.000000000000000000e+00
1.931298962096666516e+00,0.000000000000000000e+00
1.931498962096666716e+00,0.000000000000000000e+00
1.931698962096666694e+00,0.000000000000000000e+00
1.931898962096666894e+00,0.000000000000000000e+00
1.932098962096666650e+00,0.000000000000000000e+00
1.932298962096666628e+00,0.000000000000000000e+00
1.932498962096666606e+00,0.000000000000000000e+00
1.932698962096666584e+00,0.000000000000000000e+00
1.932898962096666562e+00,0.000000000000000000e+00
1.933098962096666762e+00,0.000000000000000000e+00
1.933298962096666740e+00,0.000000000000000000e+00
1.933498962096666718e+00,0.000000000000000000e+00
1.933698962096666696e+00,0.000000000000000000e+00
1.933898962096666674e+00,0.000000000000000000e+00
1.934098962096666652e+00,0.000000000000000000e+00
1.934298962096666630e+00,0.000000000000000000e+00
1.934498962096666608e+00,0.000000000000000000e+00
1.934698962096666808e+00,0.000000000000000000e+00
1.934898962096666786e+00,0.000000000000000000e+00
1.935098962096666764e+00,0.000000000000000000e+00
1.935298962096666742e+00,0.000000000000000000e+00
1.935498962096666720e+00,0.000000000000000000e+00
1.935698962096666698e+00,0.000000000000000000e+00
1.935898962096666676e+00,0.000000000000000000e+00
1.936098962096666654e+00,0.000000000000000000e+00
1.936298962096666632e+00,0.000000000000000000e+00
1.936498962096666832e+00,0.000000000000000000e+00
1.936698962096666587e+00,0.000000000000000000e+00
1.936898962096666788e+00,0.000000000000000000e+00
1.937098962096666765e+00,0.000000000000000000e+00
1.937298962096666743e+00,0.000000000000000000e+00
1.937498962096666721e+00,0.000000000000000000e+00
1.937698962096666699e+00,0.000000000000000000e+00
1.937898962096666677e+00,0.000000000000000000e+00
1.938098962096666877e+00,0.000000000000000000e+00
1.938298962096666633e+00,0.000000000000000000e+00
1.938498962096666611e+00,0.000000000000000000e+00
1.938698962096666811e+00,0.000000000000000000e+00
1.938898962096666789e+00,0.000000000000000000e+00
1.939098962096666767e+00,0.000000000000000000e+00
1.939298962096666745e+00,0.000000000000000000e+00
1.939498962096666723e+00,0.000000000000000000e+00
1.939698962096666701e+00,0.000000000000000000e+00
1.939898962096666679e+00,0.000000000000000000e+00
1.940098962096666657e+00,0.000000000000000000e+00
1.940298962096666857e+00,0.000000000000000000e+00
1.940498962096666613e+00,0.000000000000000000e+00
1.940698962096666591e+00,0.000000000000000000e+00
1.940898962096666791e+00,0.000000000000000000e+00
1.941098962096666769e+00,0.000000000000000000e+00
1.941298962096666747e+00,0.000000000000000000e+00
1.941498962096666725e+00,0.000000000000000000e+00
1.941698962096666703e+00,0.000000000000000000e+00
1.941898962096666681e+00,0.000000000000000000e+00
1.942098962096666659e+00,0.000000000000000000e+00
1.942298962096666637e+00,0.000000000000000000e+00
1.942498962096666615e+00,0.000000000000000000e+00
1.942698962096666593e+00,0.000000000000000000e+00
1.942898962096666793e+00,0.000000000000000000e+00
1.943098962096666771e+00,0.000000000000000000e+00
1.943298962096666749e+00,0.000000000000000000e+00
1.943498962096666727e+00,0.000000000000000000e+00
1.943698962096666705e+00,0.000000000000000000e+00
1.943898962096666683e+00,0.000000000000000000e+00
1.944098962096666661e+00,0.000000000000000000e+00
1.944298962096666639e+00,0.000000000000000000e+00
1.944498962096666617e+00,0.000000000000000000e+00
1.944698962096666595e+00,0.000000000000000000e+00
1.944898962096666795e+00,0.000000000000000000e+00
1.945098962096666773e+00,0.000000000000000000e+00
1.945298962096666751e+00,0.000000000000000000e+00
1.945498962096666729e+00,0.000000000000000000e+00
1.945698962096666707e+00,0.000000000000000000e+00
1.945898962096666684e+00,0.000000000000000000e+00
1.946098962096666662e+00,0.000000000000000000e+00
1.946298962096666640e+00,0.000000000000000000e+00
1.946498962096666618e+00,0.000000000000000000e+00
1.946698962096666596e+00,0.000000000000000000e+00
1.946898962096666796e+00,0.000000000000000000e+00
1.947098962096666774e+00,0.000000000000000000e+00
1.947298962096666752e+00,0.000000000000000000e+00
1.947498962096666730e+00,0.000000000000000000e+00
1.947698962096666708e+00,0.000000000000000000e+00
1.947898962096666686e+00,0.000000000000000000e+00
1.948098962096666664e+00,0.000000000000000000e+00
1.948298962096666642e+00,0.000000000000000000e+00
1.948498962096666620e+00,0.000000000000000000e+00
1.948698962096666820e+00,0.000000000000000000e+00
1.948898962096666798e+00,0.000000000000000000e+00
1.949098962096666776e+00,0.000000000000000000e+00
1.949298962096666754e+00,0.000000000000000000e+00
1.949498962096666732e+00,0.000000000000000000e+00
1.949698962096666710e+00,0.000000000000000000e+00
1.949898962096666688e+00,0.000000000000000000e+00
1.950098962096666666e+00,0.000000000000000000e+00
1.950298962096666644e+00,0.000000000000000000e+00
1.950498962096666844e+00,0.000000000000000000e+00
1.950698962096666600e+00,0.000000000000000000e+00
1.950898962096666800e+00,0.000000000000000000e+00
1.951098962096666778e+00,0.000000000000000000e+00
1.951298962096666756e+00,0.000000000000000000e+00
1.951498962096666734e+00,0.000000000000000000e+00
1.951698962096666712e+00,0.000000000000000000e+00
1.951898962096666690e+00,0.000000000000000000e+00
1.952098962096666668e+00,0.000000000000000000e+00
1.952298962096666646e+00,0.000000000000000000e+00
1.952498962096666624e+00,0.000000000000000000e+00
1.952698962096666602e+00,0.000000000000000000e+00
1.952898962096666802e+00,0.000000000000000000e+00
1.953098962096666780e+00,0.000000000000000000e+00
1.953298962096666758e+00,0.000000000000000000e+00
1.953498962096666736e+00,0.000000000000000000e+00
1.953698962096666714e+00,0.000000000000000000e+00
1.953898962096666692e+00,0.000000000000000000e+00
1.954098962096666670e+00,0.000000000000000000e+00
1.954298962096666648e+00,0.000000000000000000e+00
1.954498962096666625e+00,0.000000000000000000e+00
1.954698962096666603e+00,0.000000000000000000e+00
1.954898962096666803e+00,0.000000000000000000e+00
1.955098962096666781e+00,0.000000000000000000e+00
1.955298962096666759e+00,0.000000000000000000e+00
1.955498962096666737e+00,0.000000000000000000e+00
1.955698962096666715e+00,0.000000000000000000e+00
1.955898962096666693e+00,0.000000000000000000e+00
1.956098962096666671e+00,0.000000000000000000e+00
1.956298962096666649e+00,0.000000000000000000e+00
1.956498962096666627e+00,0.000000000000000000e+00
1.956698962096666605e+00,0.000000000000000000e+00
1.956898962096666805e+00,0.000000000000000000e+00
1.957098962096666783e+00,0.000000000000000000e+00
1.957298962096666761e+00,0.000000000000000000e+00
1.957498962096666739e+00,0.000000000000000000e+00
1.957698962096666717e+00,0.000000000000000000e+00
1.957898962096666695e+00,0.000000000000000000e+00
1.958098962096666673e+00,0.000000000000000000e+00
1.958298962096666651e+00,0.000000000000000000e+00
1.958498962096666629e+00,0.000000000000000000e+00
1.958698962096666607e+00,0.000000000000000000e+00
1.958898962096666807e+00,0.000000000000000000e+00
1.959098962096666785e+00,0.000000000000000000e+00
1.959298962096666763e+00,0.000000000000000000e+00
1.959498962096666741e+00,0.000000000000000000e+00
1.959698962096666719e+00,0.000000000000000000e+00
1.959898962096666697e+00,0.000000000000000000e+00
1.960098962096666675e+00,0.000000000000000000e+00
1.960298962096666653e+00,0.000000000000000000e+00
1.960498962096666631e+00,0.000000000000000000e+00
1.960698962096666609e+00,0.000000000000000000e+00
1.960898962096666587e+00,0.000000000000000000e+00
1.961098962096666787e+00,0.000000000000000000e+00
1.961298962096666765e+00,0.000000000000000000e+00
1.961498962096666743e+00,0.000000000000000000e+00
1.961698962096666721e+00,0.000000000000000000e+00
1.961898962096666699e+00,0.000000000000000000e+00
1.962098962096666677e+00,0.000000000000000000e+00
1.962298962096666655e+00,0.000000000000000000e+00
1.962498962096666633e+00,0.000000000000000000e+00
1.962698962096666611e+00,0.000000000000000000e+00
1.962898962096666811e+00,0.000000000000000000e+00
1.963098962096666789e+00,0.000000000000000000e+00
1.963298962096666767e+00,0.000000000000000000e+00
1.963498962096666745e+00,0.000000000000000000e+00
1.963698962096666722e+00,0.000000000000000000e+00
1.963898962096666700e+00,0.000000000000000000e+00
1.964098962096666678e+00,0.000000000000000000e+00
1.964298962096666656e+00,0.000000000000000000e+00
1.964498962096666634e+00,0.000000000000000000e+00
1.964698962096666612e+00,0.000000000000000000e+00
1.964898962096666590e+00,0.000000000000000000e+00
1.965098962096666790e+00,0.000000000000000000e+00
1.965298962096666768e+00,0.000000000000000000e+00
1.965498962096666746e+00,0.000000000000000000e+00
1.965698962096666724e+00,0.000000000000000000e+00
1.965898962096666702e+00,0.000000000000000000e+00
1.966098962096666680e+00,0.000000000000000000e+00
1.966298962096666658e+00,0.000000000000000000e+00
1.966498962096666636e+00,0.000000000000000000e+00
1.966698962096666614e+00,0.000000000000000000e+00
1.966898962096666814e+00,0.000000000000000000e+00
1.967098962096666792e+00,0.000000000000000000e+00
1.967298962096666770e+00,0.000000000000000000e+00
1.967498962096666748e+00,0.000000000000000000e+00
1.967698962096666726e+00,0.000000000000000000e+00
1.967898962096666704e+00,0.000000000000000000e+00
1.968098962096666682e+00,0.000000000000000000e+00
1.968298962096666660e+00,0.000000000000000000e+00
1.968498962096666638e+00,0.000000000000000000e+00
1.968698962096666838e+00,0.000000000000000000e+00
1.968898962096666594e+00,0.000000000000000000e+00
1.969098962096666794e+00,0.000000000000000000e+00
1.969298962096666772e+00,0.000000000000000000e+00
1.969498962096666750e+00,0.000000000000000000e+00
1.969698962096666728e+00,0.000000000000000000e+00
1.969898962096666706e+00,0.000000000000000000e+00
1.970098962096666684e+00,0.000000000000000000e+00
1.970298962096666662e+00,0.000000000000000000e+00
1.970498962096666640e+00,0.000000000000000000e+00
1.970698962096666618e+00,0.000000000000000000e+00
1.970898962096666596e+00,0.000000000000000000e+00
1.971098962096666796e+00,0.000000000000000000e+00
1.971298962096666774e+00,0.000000000000000000e+00
1.971498962096666752e+00,0.000000000000000000e+00
1.971698962096666730e+00,0.000000000000000000e+00
1.971898962096666708e+00,0.000000000000000000e+00
1.972098962096666686e+00,0.000000000000000000e+00
1.972298962096666664e+00,0.000000000000000000e+00
1.972498962096666641e+00,0.000000000000000000e+00
1.972698962096666619e+00,0.000000000000000000e+00
1.972898962096666597e+00,0.000000000000000000e+00
1.973098962096666797e+00,0.000000000000000000e+00
1.973298962096666775e+00,0.000000000000000000e+00
1.973498962096666753e+00,0.000000000000000000e+00
1.973698962096666731e+00,0.000000000000000000e+00
1.973898962096666709e+00,0.000000000000000000e+00
1.974098962096666687e+00,0.000000000000000000e+00
1.974298962096666665e+00,0.000000000000000000e+00
1.974498962096666643e+00,0.000000000000000000e+00
1.974698962096666621e+00,0.000000000000000000e+00
1.974898962096666599e+00,0.000000000000000000e+00
1.975098962096666799e+00,0.000000000000000000e+00
1.975298962096666777e+00,0.000000000000000000e+00
1.975498962096666755e+00,0.000000000000000000e+00
1.975698962096666733e+00,0.000000000000000000e+00
1.975898962096666711e+00,0.000000000000000000e+00
1.976098962096666689e+00,0.000000000000000000e+00
1.976298962096666667e+00,0.000000000000000000e+00
1.976498962096666645e+00,0.000000000000000000e+00
1.976698962096666623e+00,0.000000000000000000e+00
1.976898962096666601e+00,0.000000000000000000e+00
1.977098962096666801e+00,0.000000000000000000e+00
1.977298962096666779e+00,0.000000000000000000e+00
1.977498962096666757e+00,0.000000000000000000e+00
1.977698962096666735e+00,0.000000000000000000e+00
1.977898962096666713e+00,0.000000000000000000e+00
1.978098962096666691e+00,0.000000000000000000e+00
1.978298962096666669e+00,0.000000000000000000e+00
1.978498962096666647e+00,0.000000000000000000e+00
1.978698962096666625e+00,0.000000000000000000e+00
1.978898962096666603e+00,0.000000000000000000e+00
1.979098962096666803e+00,0.000000000000000000e+00
1.979298962096666781e+00,0.000000000000000000e+00
1.979498962096666759e+00,0.000000000000000000e+00
1.979698962096666737e+00,0.000000000000000000e+00
1.979898962096666715e+00,0.000000000000000000e+00
1.980098962096666693e+00,0.000000000000000000e+00
1.980298962096666671e+00,0.000000000000000000e+00
1.980498962096666649e+00,0.000000000000000000e+00
1.980698962096666627e+00,0.000000000000000000e+00
1.980898962096666605e+00,0.000000000000000000e+00
1.981098962096666805e+00,0.000000000000000000e+00
1.981298962096666783e+00,0.000000000000000000e+00
1.981498962096666761e+00,0.000000000000000000e+00
1.981698962096666738e+00,0.000000000000000000e+00
1.981898962096666716e+00,0.000000000000000000e+00
1.982098962096666694e+00,0.000000000000000000e+00
1.982298962096666672e+00,0.000000000000000000e+00
1.982498962096666650e+00,0.000000000000000000e+00
1.982698962096666628e+00,0.000000000000000000e+00
1.982898962096666606e+00,0.000000000000000000e+00
1.983098962096666806e+00,0.000000000000000000e+00
1.983298962096666784e+00,0.000000000000000000e+00
1.983498962096666762e+00,0.000000000000000000e+00
1.983698962096666740e+00,0.000000000000000000e+00
1.983898962096666718e+00,0.000000000000000000e+00
1.984098962096666696e+00,0.000000000000000000e+00
1.984298962096666674e+00,0.000000000000000000e+00
1.984498962096666652e+00,0.000000000000000000e+00
1.984698962096666630e+00,0.000000000000000000e+00
1.984898962096666608e+00,0.000000000000000000e+00
1.985098962096666808e+00,0.000000000000000000e+00
1.985298962096666786e+00,0.000000000000000000e+00
1.985498962096666764e+00,0.000000000000000000e+00
1.985698962096666742e+00,0.000000000000000000e+00
1.985898962096666720e+00,0.000000000000000000e+00
1.986098962096666698e+00,0.000000000000000000e+00
1.986298962096666676e+00,0.000000000000000000e+00
1.986498962096666654e+00,0.000000000000000000e+00
1.986698962096666632e+00,0.000000000000000000e+00
1.986898962096666610e+00,0.000000000000000000e+00
1.987098962096666810e+00,0.000000000000000000e+00
1.987298962096666788e+00,0.000000000000000000e+00
1.987498962096666766e+00,0.000000000000000000e+00
1.987698962096666744e+00,0.000000000000000000e+00
1.987898962096666722e+00,0.000000000000000000e+00
1.988098962096666700e+00,0.000000000000000000e+00
1.988298962096666678e+00,0.000000000000000000e+00
1.988498962096666656e+00,0.000000000000000000e+00
1.988698962096666634e+00,0.000000000000000000e+00
1.988898962096666612e+00,0.000000000000000000e+00
1.989098962096666590e+00,0.000000000000000000e+00
1.989298962096666790e+00,0.000000000000000000e+00
1.989498962096666768e+00,0.000000000000000000e+00
1.989698962096666746e+00,0.000000000000000000e+00
1.989898962096666724e+00,0.000000000000000000e+00
1.990098962071000122e+00,0.000000000000000000e+00
1.990298962071000100e+00,0.000000000000000000e+00
1.990498962071000078e+00,0.000000000000000000e+00
1.990698962071000055e+00,0.000000000000000000e+00
1.990898962071000033e+00,0.000000000000000000e+00
1.991098962071000011e+00,0.000000000000000000e+00
1.991298962071000211e+00,0.000000000000000000e+00
1.991498962070999967e+00,0.000000000000000000e+00
1.991698962070999945e+00,0.000000000000000000e+00
1.991898962070999923e+00,0.000000000000000000e+00
1.992098962071000123e+00,0.000000000000000000e+00
1.992298962071000101e+00,0.000000000000000000e+00
1.992498962071000079e+00,0.000000000000000000e+00
1.992698962071000057e+00,0.000000000000000000e+00
1.992898962071000035e+00,0.000000000000000000e+00
1.993098962071000013e+00,0.000000000000000000e+00
1.993298962070999991e+00,0.000000000000000000e+00
1.993498962070999969e+00,0.000000000000000000e+00
1.993698962070999947e+00,0.000000000000000000e+00
1.993898962071000147e+00,0.000000000000000000e+00
1.994098962070999903e+00,0.000000000000000000e+00
1.994298962071000103e+00,0.000000000000000000e+00
1.994498962071000081e+00,0.000000000000000000e+00
1.994698962071000059e+00,0.000000000000000000e+00
1.994898962071000037e+00,0.000000000000000000e+00
1.995098962071000015e+00,0.000000000000000000e+00
1.995298962070999993e+00,0.000000000000000000e+00
1.995498962070999971e+00,0.000000000000000000e+00
1.995698962070999949e+00,0.000000000000000000e+00
1.995898962070999927e+00,0.000000000000000000e+00
1.996098962070999905e+00,0.000000000000000000e+00
1.996298962071000105e+00,0.000000000000000000e+00
1.996498962071000083e+00,0.000000000000000000e+00
1.996698962071000061e+00,0.000000000000000000e+00
1.996898962071000039e+00,0.000000000000000000e+00
1.997098962071000017e+00,0.000000000000000000e+00
1.997298962070999995e+00,0.000000000000000000e+00
1.997498962070999973e+00,0.000000000000000000e+00
1.997698962071000173e+00,0.000000000000000000e+00
1.997898962070999929e+00,0.000000000000000000e+00
1.998098962071000129e+00,0.000000000000000000e+00
1.998298962071000107e+00,0.000000000000000000e+00
1.998498962071000085e+00,0.000000000000000000e+00
1.998698962071000063e+00,0.000000000000000000e+00
1.998898962071000041e+00,0.000000000000000000e+00
1.999098962072133334e+00,0.000000000000000000e+00
1.999298962072133312e+00,0.000000000000000000e+00
1.999498962072133290e+00,0.000000000000000000e+00
1.999698962072133490e+00,0.000000000000000000e+00
1.999898962072145681e+00,0.000000000000000000e+00
2.000098962072120123e+00,0.000000000000000000e+00
