x,result_minus_fin2ual_plus_offset
0.20189896333333235,-0.008771533513338457
0.20209896333333321,-0.008786331882044066
0.20229896333333341,-0.008801146086806443
0.20249896333333361,-0.00881597595809839
0.2026989633333336,-0.008830821322239097
0.20289896333333446,-0.008845682001346365
0.2030989633333331,-0.00886055781328831
0.2032989633333342,-0.008875448571636453
0.2034989633333324,-0.008890354085616817
0.20369896333333104,-0.008905274160063703
0.20389896333333368,-0.00892020859537173
0.20409896333333233,-0.008935157187447636
0.2042989633333343,-0.008950119727665268
0.20449896333333406,-0.008965096002816418
0.20469896333333404,-0.008980085795065741
0.20489896333333335,-0.008995088881903219
0.20509896333333355,-0.00901010503609825
0.2052989633333322,-0.009025134025652947
0.2054989633333324,-0.009040175613756894
0.2056989633333337,-0.00905522955874069
0.20589896333333257,-0.00907029561403045
0.206098963333335,-0.00908537352810347
0.20629896333333408,-0.009100463044441523
0.2064989633333334,-0.009115563901487812
0.2066989633333336,-0.00913067583260151
0.20689896333333224,-0.009145798566013472
0.20709896333333178,-0.009160931824782965
0.20729896333333264,-0.00917607532675353
0.2074989633333335,-0.009191228784509661
0.20769896333333393,-0.009206391905334064
0.20789896333333435,-0.009221564391165003
0.20809896333333278,-0.009236745938553751
0.2082989633333343,-0.009251936238623394
0.20849896333333362,-0.009267134977025922
0.20869896333333182,-0.009282341833902327
0.2088989633333329,-0.00929755648384151
0.2090989633333329,-0.00931277859583911
0.20929896333333287,-0.00932800783325847
0.2094989633333335,-0.00934324385379067
0.20969896333333504,-0.009358486309415368
0.20989896333333258,-0.009373734846361816
0.2100989633333341,-0.009388989105071962
0.2102989633333321,-0.009404248720160518
0.2104989633333314,-0.009419513320379817
0.21069896333333293,-0.00943478252858178
0.21089896333333313,-0.00945005596168155
0.21109896333333422,-0.00946533323062252
0.21129896333333398,-0.009480613940340263
0.21149896333333418,-0.009495897689728463
0.2116989633333335,-0.009511184071604171
0.2118989633333339,-0.00952647267267468
0.2120989633333319,-0.009541763073503764
0.2122989633333323,-0.00955705484848028
0.2124989633333334,-0.009572347565785106
0.2126989633333325,-0.009587640787360276
0.2128989633333349,-0.009602934068878986
0.2130989633333349,-0.009618226959714076
0.21329896333333398,-0.009633519002909964
0.2134989633333335,-0.009648809735153368
0.2136989633333326,-0.009664098686744926
0.21389896333333192,-0.009679385381572087
0.21409896333333256,-0.009694669337082238
0.21429896333333365,-0.0097099500642564
0.21449896333333296,-0.009725227067583886
0.2146989633333347,-0.009740499845038244
0.2148989633333327,-0.009755767888051967
0.215098963333334,-0.00977103068149513
0.2152989633333331,-0.0097862877036509
0.21549896333333218,-0.009801538426195359
0.21569896333333194,-0.00981678231417586
0.21589896333333258,-0.009832018825990963
0.21609896333333278,-0.009847247413370876
0.2162989633333341,-0.009862467521359306
0.2164989633333354,-0.009877678588295184
0.21669896333333316,-0.009892880045795777
0.21689896333333425,-0.009908071318741515
0.21709896333333312,-0.009923251825259001
0.21729896333333198,-0.00993842097670811
0.21749896333333285,-0.009953578177667807
0.21769896333333283,-0.009968722825923149
0.21789896333333392,-0.009983854312454202
0.21809896333333434,-0.009998972021424515
0.21829896333333565,-0.01001407533017164
0.21849896333333318,-0.010029163609197348
0.21869896333333405,-0.01004423622216085
0.21889896333333203,-0.010059292525869718
0.21909896333333156,-0.01007433187027538
0.21929896333333354,-0.010089353598466827
0.2194989633333333,-0.010104357046666103
0.2196989633333346,-0.010119341544226012
0.2198989633333337,-0.010134306413626566
0.22009896333333434,-0.010149250970474777
0.22029896333333343,-0.010164174523503215
0.2204989633333332,-0.010179076374571612
0.2206989633333325,-0.010193955818667916
0.22089896333333203,-0.010208812143911426
0.2210989633333338,-0.010223644631556538
0.22129896333333243,-0.01023845255599698
0.22149896333333507,-0.010253235184773161
0.2216989633333344,-0.010267991778577262
0.22189896333333392,-0.010282721591263085
0.22209896333333368,-0.010297423869854274
0.2222989633333321,-0.010312097854554683
0.22249896333333208,-0.010326742778760252
0.22269896333333272,-0.010341357869070927
0.22289896333333403,-0.010355942345304658
0.22309896333333357,-0.010370495420511949
0.22329896333333488,-0.01038501630099245
0.22349896333333286,-0.010399504186310957
0.2236989633333344,-0.010413958269317238
0.2238989633333337,-0.01042837773616363
0.22409896333333168,-0.010442761766327148
0.22429896333333232,-0.010457109532630982
0.2244989633333323,-0.0104714202012668
0.22469896333333317,-0.010485692931819883
0.2248989633333338,-0.010499926877293952
0.22509896333333557,-0.010514121184138279
0.2252989633333331,-0.010528274992274907
0.22549896333333397,-0.010542387435129152
0.2256989633333324,-0.010556457639658155
0.22589896333333126,-0.01057048472638406
0.22609896333333301,-0.010584467809426241
0.22629896333333277,-0.010598405996534995
0.2264989633333343,-0.010612298389128094
0.22669896333333406,-0.010626144082326336
0.22689896333333381,-0.010639942164992477
0.22709896333333357,-0.010653691719769978
0.22729896333333377,-0.010667391823123727
0.2274989633333322,-0.010681041545381773
0.2276989633333315,-0.010694639950778967
0.22789896333333326,-0.010708186097501083
0.2280989633333319,-0.010721679037730263
0.22829896333333521,-0.01073511781769355
0.22849896333333475,-0.010748501477709359
0.22869896333333406,-0.010761829052239198
0.22889896333333382,-0.010775099569937899
0.2290989633333329,-0.010788312053706109
0.22929896333333244,-0.010801465520744475
0.22949896333333175,-0.010814558982608597
0.2296989633333335,-0.010827591445265934
0.2298989633333326,-0.010840561909152991
0.23009896333333502,-0.010853469369235928
0.23029896333333344,-0.010866312815069572
0.23049896333333364,-0.01087909123086123
0.23069896333333384,-0.010891803595532767
0.23089896333333182,-0.010904448882785942
0.23109896333333202,-0.010917026061168929
0.23129896333333244,-0.010929534094143219
0.23149896333333309,-0.010941971940153021
0.2316989633333335,-0.010954338552695538
0.23189896333333526,-0.010966632880392863
0.23209896333333369,-0.010978853867064625
0.2322989633333341,-0.010991000451803571
0.2324989633333332,-0.011003071569050338
0.23269896333333207,-0.011015066148671693
0.23289896333333338,-0.011026983116039002
0.2330989633333329,-0.011038821392108055
0.23329896333333378,-0.011050579893501337
0.2334989633333342,-0.011062257532590367
0.23369896333333529,-0.01107385321758054
0.2338989633333337,-0.011085365852596478
0.2340989633333339,-0.011096794337769961
0.23429896333333233,-0.011108137569327584
0.23449896333333142,-0.011119394439681646
0.23469896333333318,-0.011130563837521139
0.2348989633333327,-0.011141644647904259
0.2350989633333349,-0.011152635752353533
0.23529896333333378,-0.011163536028950372
0.23549896333333442,-0.011174344352433242
0.2356989633333335,-0.011185059594295096
0.2358989633333335,-0.011195680622883956
0.23609896333333236,-0.011206206303503616
0.2362989633333319,-0.011216635498516656
0.23649896333333342,-0.011226967067448334
0.23669896333333185,-0.011237199867091582
0.23689896333333493,-0.01124733275161488
0.23709896333333447,-0.01125736457266889
0.23729896333333378,-0.011267294179497506
0.23749896333333376,-0.01127712041904796
0.2376989633333324,-0.011286842136083199
0.23789896333333216,-0.011296458173295934
0.23809896333333191,-0.01130596737142318
0.23829896333333367,-0.011315368569363098
0.23849896333333276,-0.011324660604292219
0.23869896333333518,-0.011333842311785369
0.23889896333333316,-0.011342912525934966
0.2390989633333349,-0.01135187007947423
0.23929896333333422,-0.011360713803898859
0.2394989633333322,-0.01136944252959248
0.2396989633333324,-0.011378055085952162
0.23989896333333216,-0.011386550301515199
0.2400989633333328,-0.011394927004087846
0.2402989633333339,-0.0114031840208748
0.24049896333333542,-0.01141132017861031
0.2406989633333334,-0.011419334303690219
0.2408989633333345,-0.011427225222306117
0.2410989633333327,-0.011434991760579237
0.24129896333333112,-0.01144263274469738
0.2414989633333331,-0.011450147001051913
0.2416989633333324,-0.011457533356375947
0.24189896333333394,-0.01146479063788501
0.2420989633333337,-0.011471917673417268
0.24229896333333434,-0.011478913291576383
0.24249896333333365,-0.011485776321874577
0.24269896333333407,-0.011492505594877626
0.2428989633333325,-0.011499099942350394
0.24309896333333114,-0.011505558197404196
0.24329896333333312,-0.011511879194644858
0.2434989633333311,-0.011518061770321757
0.24369896333333485,-0.011524104762479122
0.24389896333333438,-0.01153000701110663
0.24409896333333458,-0.011535767358293106
0.24429896333333434,-0.011541384648379888
0.24449896333333299,-0.011546857728115898
0.24469896333333274,-0.011552185446813818
0.24489896333333183,-0.011557366656506992
0.24509896333333359,-0.01156240021210789
0.24529896333333223,-0.011567284971566984
0.24549896333333554,-0.011572019796033542
0.24569896333333419,-0.011576603550016265
0.24589896333333394,-0.01158103510154626
0.24609896333333392,-0.011585313322339856
0.24629896333333168,-0.011589437087963035
0.24649896333333232,-0.011593405277996805
0.24669896333333208,-0.011597216776203052
0.2468989633333334,-0.011600870470692005
0.24709896333333337,-0.011604365254089989
0.2472989633333349,-0.011607700023708614
0.24749896333333377,-0.011610873681714363
0.24769896333333397,-0.011613885135299536
0.24789896333333417,-0.011616733296853567
0.2480989633333317,-0.011619417084135551
0.248298963333333,-0.0116219354204475
0.24849896333333232,-0.011624287234808154
0.24869896333333297,-0.011626471462127988
0.2488989633333336,-0.011628487043384697
0.24909896333333514,-0.011630332925799517
0.249298963333334,-0.011632008063014287
0.2494989633333342,-0.011633511415269287
0.2496989633333324,-0.011634841949581583
0.2498989633333315,-0.01163599863992432
0.2500989633333337,-0.01163698046740644
0.25029896333333235,-0.011637786420453088
0.2504989633333343,-0.011638415494986825
0.2506989633333334,-0.011638866694609194
0.25089896333333406,-0.011639139030782996
0.2510989633333345,-0.011639231523015147
0.25129896333333357,-0.011639143199039942
0.2514989633333322,-0.011638873095003048
0.2516989633333315,-0.011638420255645831
0.2518989633333335,-0.011637783734490157
0.2520989633333317,-0.01163696259402383
0.252298963333335,-0.01163595590588624
0.2524989633333343,-0.011634762751054586
0.2526989633333343,-0.011633382220030443
0.25289896333333406,-0.011631813413026632
0.2530989633333325,-0.011630055440154614
0.2532989633333318,-0.01162810742161199
0.253498963333332,-0.011625968487870458
0.2536989633333335,-0.011623637779864023
0.25389896333333284,-0.01162111444917751
0.25409896333333526,-0.011618397658235084
0.2542989633333337,-0.011615486580489371
0.2544989633333343,-0.011612380400610325
0.2546989633333343,-0.011609078314674667
0.2548989633333314,-0.011605579530355223
0.25509896333333204,-0.011601883267110303
0.2552989633333318,-0.011597988756373596
0.25549896333333244,-0.011593895241743524
0.25569896333333375,-0.011589601979173228
0.2558989633333355,-0.011585108237160085
0.2560989633333337,-0.01158041329693572
0.25629896333333435,-0.011575516452655213
0.2564989633333328,-0.0115704170115873
0.25669896333333164,-0.011565114294303493
0.2568989633333332,-0.011559607634867708
0.25709896333333204,-0.011553896381025766
0.2572989633333338,-0.01154797989439402
0.2574989633333338,-0.011541857550648935
0.25769896333333464,-0.011535528739715325
0.2578989633333335,-0.011528992865955268
0.2580989633333337,-0.011522249348355924
0.2582989633333319,-0.011515297620717957
0.2584989633333312,-0.011508137131842679
0.2586989633333334,-0.011500767345719677
0.2588989633333312,-0.01149318774171389
0.25909896333333493,-0.011485397814751209
0.25929896333333424,-0.011477397075505985
0.25949896333333444,-0.011469185050585268
0.2596989633333344,-0.011460761282714723
0.2598989633333333,-0.011452125330923078
0.2600989633333324,-0.011443276770726126
0.2602989633333319,-0.011434215194310274
0.2604989633333332,-0.01142494021071548
0.2606989633333323,-0.01141545144601776
0.2608989633333352,-0.011405748543510171
0.26109896333333493,-0.011395831163884821
0.261298963333334,-0.011385698985412028
0.2614989633333349,-0.011375351704120337
0.2616989633333322,-0.011364789033975597
0.2618989633333324,-0.011354010707057934
0.2620989633333326,-0.011343016473739974
0.262298963333333,-0.011331806102862399
0.2624989633333332,-0.011320379381909608
0.262698963333335,-0.01130873611718395
0.26289896333333407,-0.011296876133979773
0.2630989633333345,-0.011284799276755103
0.2632989633333338,-0.011272505409304166
0.26349896333333156,-0.01125999441492723
0.26369896333333265,-0.011247266196600034
0.2638989633333324,-0.011234320677143013
0.2640989633333326,-0.011221157799387555
0.2642989633333337,-0.011207777526342612
0.2644989633333352,-0.011194179841359621
0.2646989633333341,-0.011180364748296345
0.2648989633333343,-0.011166332271678672
0.26509896333333294,-0.011152082456862857
0.2652989633333316,-0.011137615370194628
0.2654989633333329,-0.011122931099168025
0.2656989633333322,-0.011108029752583293
0.2658989633333335,-0.011092911460701467
0.2660989633333335,-0.011077576375400218
0.2662989633333339,-0.011062024670325698
0.26649896333333456,-0.011046256541044817
0.2666989633333341,-0.011030272205195004
0.2668989633333323,-0.01101407190263274
0.26709896333333183,-0.01099765589558016
0.26729896333333314,-0.010981024468770969
0.2674989633333311,-0.010964177929594341
0.26769896333333465,-0.010947116608235354
0.2678989633333344,-0.010929840857818202
0.2680989633333346,-0.010912351054542076
0.26829896333333436,-0.010894647597819728
0.26849896333333234,-0.010876730910412306
0.2686989633333321,-0.010858601438562147
0.2688989633333321,-0.010840259652125296
0.2690989633333334,-0.010821706044700515
0.2692989633333327,-0.010802941133757677
0.2694989633333349,-0.010783965460762537
0.269698963333334,-0.010764779591302497
0.2698989633333342,-0.010745384115206511
0.27009896333333394,-0.010725779646666656
0.2702989633333319,-0.010705966824355526
0.2704989633333319,-0.010685946311541582
0.2706989633333323,-0.01066571879620404
0.27089896333333163,-0.010645284991144022
0.27109896333333383,-0.010624645634093564
0.27129896333333514,-0.01060380148782435
0.2714989633333338,-0.01058275334025192
0.2716989633333349,-0.010561502004538063
0.2718989633333335,-0.010540048319193373
0.2720989633333326,-0.010518393148173738
0.27229896333333237,-0.010496537380977607
0.272498963333333,-0.010474481932739487
0.2726989633333332,-0.01045222774432151
0.2728989633333341,-0.01042977578240208
0.2730989633333354,-0.010407127039562848
0.27329896333333403,-0.010384282534373145
0.273498963333334,-0.010361243311470467
0.2736989633333322,-0.01033801044164142
0.27389896333333197,-0.010314585021896753
0.27409896333333306,-0.010290968175546682
0.2742989633333319,-0.010267161052272544
0.27449896333333457,-0.01024316482819413
0.2746989633333341,-0.01021898070593876
0.2748989633333343,-0.01019460991470221
0.2750989633333345,-0.010170053710311521
0.27529896333333337,-0.010145313375282891
0.27549896333333246,-0.010120390218876887
0.275698963333332,-0.010095285577151785
0.2758989633333333,-0.010070000813013465
0.2760989633333324,-0.01004453731626342
0.27629896333333437,-0.01001889650364155
0.276498963333335,-0.00999307981887007
0.2766989633333341,-0.009967088732690674
0.2768989633333343,-0.009940924742900554
0.27709896333333206,-0.009914589374386596
0.2772989633333325,-0.00988808417915356
0.27749896333333246,-0.00986141073635332
0.2776989633333329,-0.009834570652307544
0.2778989633333333,-0.009807565560529481
0.27809896333333417,-0.009780397121741873
0.2782989633333337,-0.009753067023892411
0.27849896333333457,-0.009725576982164998
0.2786989633333341,-0.009697928738990036
0.27889896333333164,-0.009670124064049261
0.2790989633333325,-0.00964216475427802
0.2792989633333325,-0.00961405263386714
0.27949896333333224,-0.009585789554257266
0.279698963333334,-0.009557377394132786
0.27989896333333486,-0.009528818059412858
0.28009896333333395,-0.009500113483237396
0.2802989633333346,-0.009471265625950331
0.2804989633333326,-0.00944227647508194
0.2806989633333321,-0.009413148045323637
0.2808989633333323,-0.009383882378503933
0.28109896333333273,-0.009354481543558274
0.2812989633333336,-0.009324947636496363
0.2814989633333338,-0.009295282780366447
0.28169896333333444,-0.009265489125215564
0.2818989633333342,-0.009235568848047552
0.28209896333333395,-0.009205524152776276
0.2822989633333324,-0.009175357270176973
0.2824989633333317,-0.009145070457832626
0.2826989633333328,-0.009114666000078389
0.2828989633333321,-0.009084146207942592
0.28309896333333473,-0.009053513419081678
0.28329896333333493,-0.00902276999771667
0.28349896333333424,-0.008991918334560525
0.283698963333334,-0.008960960846745879
0.2838989633333324,-0.00892989997774869
0.2840989633333326,-0.00889873819730658
0.2842989633333324,-0.008867478001336644
0.284498963333333,-0.008836121911846774
0.2846989633333332,-0.008804672476845727
0.2848989633333341,-0.008773132270248025
0.2850989633333345,-0.00874150389177676
0.2852989633333338,-0.008709789966861801
0.2854989633333336,-0.00867799314653456
0.285698963333332,-0.008646116107320327
0.2858989633333322,-0.008614161551124943
0.28609896333333307,-0.008582132205120638
0.28629896333333216,-0.008550030821626402
0.2864989633333339,-0.00851786017798392
0.28669896333333433,-0.008485623076433696
0.2868989633333341,-0.008453322343983086
0.28709896333333473,-0.008420960832273417
0.2872989633333334,-0.008388541417443805
0.28749896333333225,-0.008356066999988962
0.28769896333333245,-0.008323540504616
0.28789896333333287,-0.008290964880096788
0.28809896333333285,-0.00825834309911608
0.2882989633333344,-0.008225678158116284
0.288498963333335,-0.008192973077139934
0.28869896333333367,-0.008160230899666629
0.28889896333333476,-0.008127454692446575
0.28909896333333185,-0.008094647545334
0.2892989633333325,-0.008061812571110064
0.2894989633333329,-0.008028952905310662
0.2896989633333329,-0.00799607170604373
0.2898989633333342,-0.007963172153806014
0.2900989633333344,-0.007930257451296815
0.29029896333333416,-0.007897330823225995
0.29049896333333436,-0.007864395516120157
0.2906989633333339,-0.007831454798125151
0.2908989633333323,-0.007798511958804082
0.2910989633333321,-0.007765570308932136
0.29129896333333294,-0.007732633180288873
0.2914989633333325,-0.007699703925446236
0.29169896333333445,-0.0076667859175515544
0.29189896333333487,-0.007633882550110771
0.2920989633333335,-0.007600997236764124
0.2922989633333346,-0.007568133411059906
0.2924989633333319,-0.007535294526227459
0.2926989633333319,-0.007502484054940424
0.292898963333333,-0.007469705489083708
0.29309896333333274,-0.007436962339512434
0.2932989633333334,-0.007404258135807865
0.2934989633333345,-0.007371596426031718
0.293698963333334,-0.007338980776476087
0.2938989633333349,-0.007306414771408826
0.2940989633333342,-0.0072739020128184395
0.29429896333333216,-0.007241446120152439
0.2944989633333319,-0.007209050730053899
0.2946989633333328,-0.007176719496095593
0.2948989633333321,-0.007144456088509669
0.2950989633333341,-0.007112264193912626
0.2952989633333347,-0.007080147515031198
0.2954989633333338,-0.007048109770420297
0.29569896333333445,-0.0070161546941800955
0.29589896333333243,-0.006984286035671111
0.2960989633333322,-0.006952507559222346
0.2962989633333326,-0.006920823043840533
0.2964989633333328,-0.00688923628291355
0.296698963333333,-0.006857751083911123
0.2968989633333343,-0.006826371268082859
0.29709896333333363,-0.006795100670153783
0.29729896333333405,-0.006763943138014511
0.29749896333333403,-0.006732902532411716
0.297698963333332,-0.006701982726633079
0.297898963333332,-0.00667118760618924
0.29809896333333286,-0.006640521068495265
0.2982989633333315,-0.006609987022547056
0.2984989633333339,-0.0065795893885935985
0.29869896333333457,-0.006549332097811354
0.2988989633333341,-0.006519219091969744
0.29909896333333474,-0.0064892543230974445
0.29929896333333317,-0.006459441753146085
0.2994989633333327,-0.006429785353648427
0.29969896333333246,-0.00640028910537721
0.2998989633333331,-0.006370956997998913
0.30009896333333264,-0.006341793029726171
0.30029896333333395,-0.006312801206965989
0.3004989633333348,-0.006283985543967996
0.3006989633333339,-0.0062553500624675466
0.3008989633333341,-0.00622689879132691
0.3010989633333323,-0.006198635766175964
0.30129896333333206,-0.006170565029046919
0.30149896333333337,-0.0061426906280101015
0.30169896333333224,-0.00611501661680589
0.30189896333333377,-0.006087547054472415
0.3020989633333342,-0.006060286004975253
0.30229896333333417,-0.006033237536830587
0.30249896333333437,-0.0060064057227285465
0.3026989633333337,-0.005979794639153931
0.3028989633333323,-0.005953408366004241
0.3030989633333323,-0.005927250986205914
0.3032989633333327,-0.005901326585329037
0.3034989633333325,-0.005875639251199299
0.30369896333333424,-0.005850193073507528
0.3038989633333351,-0.005824992143419205
0.3040989633333335,-0.005800040553179906
0.3042989633333344,-0.005775342395719094
0.3044989633333326,-0.0057509017642548566
0.3046989633333319,-0.005726722751892385
0.3048989633333332,-0.005702809451224648
0.3050989633333323,-0.005679165953930008
0.3052989633333334,-0.005655796350366508
0.30549896333333404,-0.005632704729167763
0.305698963333334,-0.005609895176834707
0.3058989633333342,-0.005587371777326823
0.306098963333334,-0.005565138611652146
0.3062989633333322,-0.00554319975745543
0.3064989633333324,-0.005521559288604604
0.3066989633333328,-0.005500221274777457
0.3068989633333321,-0.005479189781045271
0.3070989633333343,-0.0054584688674556535
0.30729896333333495,-0.005438062588615806
0.3074989633333338,-0.005417974993272158
0.30769896333333446,-0.005398210123890225
0.3078989633333329,-0.0053787720162345246
0.30809896333333175,-0.005359664698945046
0.30829896333333284,-0.005340892193114937
0.30849896333333304,-0.005322458511866858
0.308698963333333,-0.005304367659927558
0.3088989633333341,-0.0052866236332026195
0.3090989633333341,-0.005269230418350666
0.3092989633333345,-0.005252191992355914
0.3094989633333345,-0.0052355123221013
0.30969896333333224,-0.005219195363940391
0.3098989633333322,-0.005203245063268368
0.31009896333333264,-0.005187665354094269
0.3102989633333315,-0.0051724601586111245
0.31049896333333415,-0.005157633386766034
0.310698963333335,-0.0051431889358316205
0.31089896333333433,-0.005129130689974809
0.3110989633333343,-0.005115462519827089
0.31129896333333273,-0.005102188282054575
0.3114989633333325,-0.0050893118189272776
0.3116989633333329,-0.005076836957889333
0.3118989633333329,-0.0050647675111287205
0.31209896333333287,-0.005053107275147142
0.31229896333333396,-0.005041860030330279
0.31249896333333416,-0.0050310295405184904
0.31269896333333436,-0.005020619552577266
0.3128989633333339,-0.005010633795968701
0.3130989633333321,-0.0050010759823229285
0.31329896333333207,-0.004991949805010196
0.3134989633333325,-0.004983258938713809
0.3136989633333318,-0.00497500703900329
0.313898963333334,-0.004967197741908191
0.3140989633333344,-0.0049598346634932705
0.3142989633333342,-0.0049529213994335235
0.3144989633333346,-0.004946461524590811
0.3146989633333337,-0.00494045859259128
0.31489896333333256,-0.004934916135403436
0.31509896333333276,-0.00492983766291764
0.31529896333333296,-0.004925226662526719
0.3154989633333327,-0.004921086598707339
0.31569896333333447,-0.0049174209126030335
0.3158989633333351,-0.004914233021608441
0.316098963333334,-0.004911526318954747
0.3162989633333346,-0.004909304173296589
0.31649896333333216,-0.004907569928300749
0.31669896333333236,-0.0049063269022358545
0.316898963333333,-0.004905578387564256
0.31709896333333276,-0.004905327650535151
0.31729896333333363,-0.004905577930779687
0.31749896333333405,-0.004906332440907754
0.31769896333333425,-0.004907594366106684
0.317898963333334,-0.004909366863741889
0.31809896333333376,-0.004911653062959438
0.3182989633333324,-0.004914456064290758
0.31849896333333216,-0.004917778939259453
0.3186989633333328,-0.0049216247299902
0.3188989633333319,-0.004925996448819903
0.31909896333333365,-0.0049308970779115
0.31929896333333496,-0.004936329568869441
0.31949896333333405,-0.004942296842358258
0.3196989633333345,-0.004948801787723521
0.31989896333333223,-0.004955847262614804
0.320098963333332,-0.004963436092612284
0.3202989633333331,-0.004971571070854927
0.32049896333333283,-0.0049802549576720215
0.32069896333333325,-0.004989490480217764
0.3208989633333339,-0.004999280332108093
0.3210989633333341,-0.005009627173060825
0.32129896333333474,-0.005020533628538888
0.32149896333333405,-0.005032002289396251
0.32169896333333203,-0.0050440357115273775
0.321898963333332,-0.005056636415519924
0.3220989633333329,-0.005069806886309876
0.3222989633333315,-0.005083549572840795
0.32249896333333394,-0.005097866887726978
0.3226989633333348,-0.005112761206917879
0.3228989633333339,-0.005128234869368628
0.3230989633333343,-0.005144290176712862
0.32329896333333297,-0.00516092939293851
0.3234989633333325,-0.005178154744068991
0.3236989633333327,-0.0051959684178464645
0.3238989633333329,-0.005214372563419809
0.3240989633333329,-0.005233369291036325
0.3242989633333344,-0.005252960671737479
0.32449896333333395,-0.005273148737057743
0.3246989633333339,-0.005293935478729264
0.3248989633333339,-0.005315322848388725
0.3250989633333323,-0.005337312757289346
0.3252989633333321,-0.005359907076017634
0.32549896333333295,-0.005383107634212833
0.3256989633333318,-0.005406916220291651
0.325898963333334,-0.005431334581178747
0.3260989633333349,-0.005456364422038028
0.3262989633333342,-0.005482007406012419
0.32649896333333417,-0.005508265153966317
0.3266989633333326,-0.005535139244231931
0.3268989633333328,-0.005562631212362435
0.3270989633333323,-0.005590742550887269
0.3272989633333332,-0.0056194747090748155
0.3274989633333327,-0.005648829092697472
0.3276989633333338,-0.005678807063804279
0.32789896333333446,-0.005709409940495555
0.3280989633333342,-0.005740638996704909
0.32829896333333397,-0.005772495461985473
0.3284989633333322,-0.005804980521300549
0.3286989633333324,-0.00583809531482133
0.32889896333333324,-0.005871840937726896
0.3290989633333321,-0.005906218440011737
0.3292989633333341,-0.005941228826299494
0.32949896333333406,-0.005976873055657576
0.32969896333333404,-0.006013152041423022
0.32989896333333424,-0.006050066651029567
0.33009896333333355,-0.0060876177058415935
0.33029896333333264,-0.006125805980994298
0.3304989633333326,-0.006164632205238538
0.3306989633333328,-0.006204097060791228
0.33089896333333235,-0.006244201183192119
0.3310989633333341,-0.006284945161166761
0.3312989633333352,-0.006326329536492679
0.33149896333333384,-0.006368354803874494
0.3316989633333345,-0.006411021410824769
0.33189896333333246,-0.00645432975754643
0.33209896333333244,-0.006498280196828209
0.3322989633333331,-0.006542873033938988
0.3324989633333326,-0.006588108526532535
0.3326989633333337,-0.0066339868845584
0.3328989633333339,-0.006680508270175491
0.3330989633333341,-0.006727672797675957
0.3332989633333343,-0.006775480533412495
0.3334989633333336,-0.0068239314957326755
0.3336989633333325,-0.006873025654920137
0.33389896333333224,-0.006922762933141462
0.3340989633333329,-0.006973143204399051
0.33429896333333176,-0.007024166294490337
0.3344989633333335,-0.007075831980976482
0.33469896333333504,-0.007128139993151133
0.3348989633333337,-0.007181090012021395
0.3350989633333341,-0.007234681670295312
0.3352989633333323,-0.00728891455236963
0.33549896333333207,-0.007343788194332863
0.33569896333333293,-0.007399302083967239
0.3358989633333327,-0.0074554556607612475
0.3360989633333329,-0.007512248315929632
0.3362989633333344,-0.007569679392437308
0.33649896333333396,-0.007627748185030307
0.3366989633333344,-0.007686453940277269
0.33689896333333436,-0.007745795856611885
0.33709896333333256,-0.0078057730843861355
0.3372989633333321,-0.007866384725930663
0.3374989633333323,-0.007927629835617941
0.3376989633333316,-0.007989507419935822
0.337898963333334,-0.008052016437568876
0.3380989633333351,-0.008115155799480418
0.338298963333334,-0.008178924369009397
0.3384989633333342,-0.00824332096197088
0.3386989633333328,-0.008308344346759613
0.3388989633333326,-0.008373993244467835
0.3390989633333328,-0.008440266329003365
0.3392989633333323,-0.008507162227218493
0.33949896333333296,-0.008574679519045888
0.33969896333333405,-0.008642816737638816
0.3398989633333338,-0.00871157236952037
0.3400989633333338,-0.008780944854740982
0.34029896333333376,-0.008850932587039537
0.3404989633333322,-0.008921533914013496
0.34069896333333216,-0.008992747137297946
0.3408989633333326,-0.009064570512746607
0.3410989633333317,-0.009137002250624013
0.3412989633333341,-0.009210040515806303
0.34149896333333474,-0.009283683427980423
0.34169896333333405,-0.00935792906186201
0.34189896333333447,-0.009432775447413295
0.34209896333333356,-0.009508220570066898
0.3422989633333329,-0.009584262370962562
0.34249896333333263,-0.009660898747185464
0.34269896333333283,-0.009738127552014215
0.3428989633333328,-0.009815946595175071
0.34309896333333434,-0.009894353643104741
0.3432989633333352,-0.00997334641921634
0.34349896333333363,-0.010052922604176787
0.34369896333333383,-0.010133079836191512
0.3438989633333325,-0.010213815711288744
0.34409896333333245,-0.010295127783621471
0.3442989633333331,-0.010377013565767042
0.34449896333333263,-0.010459470529038752
0.3446989633333335,-0.010542496103805345
0.34489896333333436,-0.010626087679812202
0.3450989633333339,-0.010710242606514063
0.3452989633333341,-0.01079495819341475
0.3454989633333334,-0.010880231710409197
0.3456989633333327,-0.010966060388138014
0.3458989633333325,-0.011052441418344959
0.3460989633333331,-0.011139371954242725
0.3462989633333322,-0.011226849110884046
0.3464989633333335,-0.011314869965544799
0.34669896333333505,-0.011403431558104585
0.3468989633333337,-0.011492530891441456
0.3470989633333339,-0.011582164931834931
0.3472989633333323,-0.01167233060936522
0.3474989633333323,-0.011763024818332166
0.34769896333333317,-0.011854244417669715
0.3478989633333329,-0.01194598623137275
0.3480989633333331,-0.01203824704893167
0.3482989633333342,-0.012131023625768997
0.3484989633333335,-0.012224312683683663
0.3486989633333344,-0.012318110911307013
0.3488989633333339,-0.012412414964554974
0.3490989633333319,-0.012507221467096773
0.3492989633333321,-0.012602527010826349
0.34949896333333275,-0.012698328156334628
0.3496989633333316,-0.012794621433395353
0.34989896333333403,-0.012891403341458225
0.3500989633333349,-0.012988670350135866
0.350298963333334,-0.013086418899712848
0.3504989633333342,-0.013184645401652501
0.35069896333333284,-0.013283346239106496
0.3508989633333319,-0.01338251776743936
0.3510989633333328,-0.013482156314751671
0.35129896333333277,-0.013582258182409568
0.35149896333333297,-0.013682819645585976
0.3516989633333345,-0.013783836953801662
0.3518989633333336,-0.013885306331471534
0.352098963333334,-0.013987223978465111
0.3522989633333342,-0.014089586070659925
0.3524989633333324,-0.014192388760509614
0.35269896333333217,-0.014295628177617587
0.3528989633333328,-0.014399300429308452
0.3530989633333317,-0.01450340160121082
0.3532989633333343,-0.014607927757849533
0.35349896333333475,-0.014712874943227467
0.35369896333333384,-0.014818239181432635
0.35389896333333404,-0.014924016477237675
0.3540989633333331,-0.0150302028167041
0.3542989633333329,-0.01513679416779929
0.35449896333333286,-0.015243786481010421
0.35469896333333284,-0.01535117568996804
0.3548989633333328,-0.015458957712072837
0.3550989633333337,-0.015567128449127604
0.35529896333333433,-0.015675683787971954
0.3554989633333341,-0.015784619601124202
0.35569896333333384,-0.015893931747427294
0.3558989633333325,-0.016003616072696465
0.35609896333333224,-0.01611366841037595
0.3562989633333331,-0.016224084582194175
0.356498963333332,-0.016334860398825538
0.35669896333333395,-0.01644599166056298
0.35689896333333415,-0.016557474157978376
0.3570989633333339,-0.016669303672605742
0.35729896333333433,-0.016781475977615826
0.35749896333333364,-0.01689398683849655
0.35769896333333273,-0.01700683201374154
0.3578989633333325,-0.017120007255538
0.3580989633333329,-0.017233508310458605
0.35829896333333244,-0.01734733092015736
0.3584989633333342,-0.017461470822072486
0.35869896333333484,-0.017575923750122593
0.3588989633333337,-0.017690685435417797
0.3590989633333339,-0.017805751606969126
0.35929896333333233,-0.01792111799239459
0.3594989633333323,-0.01803678031864106
0.3596989633333334,-0.01815273431269596
0.3598989633333327,-0.01826897570230806
0.3600989633333336,-0.018385500216715273
0.3602989633333342,-0.018502303587363336
0.360498963333334,-0.018619381548636973
0.3606989633333342,-0.01873672983859042
0.3608989633333335,-0.018854344199676833
0.36109896333333236,-0.018972220379485153
0.36129896333333233,-0.01909035413147594
0.361498963333333,-0.01920874121571773
0.36169896333333185,-0.01932737739962702
0.3618989633333338,-0.019446258458715514
0.3620989633333349,-0.01956538017732371
0.3622989633333338,-0.019684738349372587
0.362498963333334,-0.019804328779111195
0.3626989633333326,-0.01992414728185723
0.36289896333333216,-0.020044189684752887
0.363098963333333,-0.02016445182751017
0.3632989633333328,-0.020284929563161053
0.3634989633333332,-0.020405618758813374
0.3636989633333343,-0.02052651529639954
0.3638989633333338,-0.020647615073429382
0.36409896333333425,-0.020768914003747745
0.3642989633333342,-0.0208904080182834
0.3644989633333324,-0.021012093065805645
0.36469896333333196,-0.02113396511368158
0.3648989633333328,-0.021256020148626018
0.3650989633333317,-0.02137825417745604
0.3652989633333339,-0.021500663227852816
0.36549896333333476,-0.021623243349104364
0.36569896333333407,-0.02174599061286839
0.3658989633333345,-0.02186890111392467
0.3660989633333329,-0.021991970970922682
0.36629896333333223,-0.022115196327140974
0.36649896333333287,-0.02223857335123325
0.3666989633333331,-0.02236209823797911
0.36689896333333283,-0.02248576720903575
0.3670989633333339,-0.022609576513686242
0.3672989633333339,-0.022733522429582848
0.3674989633333341,-0.022857601263497455
0.3676989633333341,-0.022981809352062222
0.3678989633333325,-0.023106143062512637
0.3680989633333325,-0.02323059879343138
0.3682989633333329,-0.023355172975481883
0.36849896333333154,-0.023479862072147018
0.36869896333333396,-0.02360466258046947
0.3688989633333344,-0.023729571031772256
0.3690989633333339,-0.023854583992400282
0.36929896333333456,-0.02397969806444437
0.3694989633333332,-0.02410490988646256
0.3696989633333323,-0.024230216134209257
0.3698989633333327,-0.02435561352135039
0.3700989633333329,-0.024481098800179513
0.37029896333333245,-0.02460666876233365
0.3704989633333342,-0.02473232023950502
0.3706989633333351,-0.02485805010414243
0.37089896333333394,-0.024983855270159817
0.3710989633333339,-0.02510973269363795
0.3712989633333319,-0.025235679373514168
0.3714989633333323,-0.025361692352283773
0.3716989633333332,-0.02548776871668005
0.3718989633333325,-0.025613905598362872
0.3720989633333336,-0.025740100174602792
0.37229896333333423,-0.025866349668950423
0.3724989633333342,-0.02599265135191299
0.37269896333333397,-0.026119002541621
0.3728989633333335,-0.026245400604490144
0.3730989633333326,-0.02637184295587947
0.37329896333333235,-0.02649832706074546
0.373498963333333,-0.026624850434288617
0.3736989633333323,-0.026751410642595518
0.37389896333333383,-0.026878005303281605
0.37409896333333514,-0.027004632086116212
0.374298963333334,-0.027131288713653244
0.374498963333334,-0.027257972961855934
0.3746989633333324,-0.027384682660704866
0.37489896333333217,-0.027511415694814956
0.3750989633333337,-0.0276381700040342
0.37529896333333257,-0.02776494358403968
0.3754989633333332,-0.02789173448693779
0.3756989633333341,-0.02801854082183976
0.37589896333333384,-0.028145360755444396
0.3760989633333347,-0.028272192512612235
0.376298963333334,-0.028399034376925602
0.376498963333332,-0.0285258846912522
0.3766989633333322,-0.028652741858297155
0.37689896333333284,-0.0287796043411421
0.3770989633333317,-0.028906470663786047
0.3772989633333339,-0.02903333941168045
0.37749896333333477,-0.02916020923224146
0.3776989633333341,-0.02928707883537429
0.3778989633333345,-0.0294139469939801
0.3780989633333327,-0.02954081254445068
0.378298963333332,-0.029667674387168688
0.3784989633333331,-0.029794531486986138
0.37869896333333286,-0.02992138287370026
0.37889896333333306,-0.03004822764252694
0.3790989633333339,-0.030175064954556838
0.3792989633333337,-0.030301894037206532
0.3794989633333343,-0.030428714184665414
0.3796989633333343,-0.03055552475832548
0.3798989633333325,-0.030682325187209782
0.3800989633333325,-0.03080911496839198
0.3802989633333329,-0.03093589366739857
0.38049896333333155,-0.031062660918610513
0.380698963333334,-0.031189416425658624
0.38089896333333484,-0.031316159961792614
0.3810989633333344,-0.03144289137026294
0.38129896333333435,-0.03156961056468031
0.381498963333333,-0.03169631752936507
0.38169896333333275,-0.03182301231969478
0.38189896333333273,-0.03194969506243295
0.38209896333333293,-0.032076365956054786
0.3822989633333329,-0.032203025271059976
0.3824989633333338,-0.03232967335027733
0.382698963333334,-0.03245631060915545
0.3828989633333342,-0.03258293753604895
0.3830989633333337,-0.03270955469248915
0.3832989633333319,-0.03283616271344722
0.3834989633333321,-0.03296276230758889
0.3836989633333334,-0.033089354257510535
0.38389896333333184,-0.033215939419970725
0.3840989633333338,-0.03334251872611885
0.38429896333333424,-0.03346909318169039
0.3844989633333342,-0.03359566386721649
0.3846989633333344,-0.03372223193820699
0.3848989633333335,-0.03384879862532583
0.3850989633333326,-0.03397536523455876
0.3852989633333326,-0.034101933147365586
0.385498963333333,-0.034228503820822
0.3856989633333323,-0.03435507878775077
0.38589896333333384,-0.03448165965684529
0.38609896333333493,-0.03460824811277069
0.386298963333334,-0.0347348459162649
0.38649896333333444,-0.034861454904225764
0.3866989633333322,-0.0349880769897764
0.3868989633333322,-0.03511471416233654
0.3870989633333335,-0.03524136848766261
0.3872989633333326,-0.03536804210788707
0.38749896333333345,-0.035494737241549924
0.3876989633333341,-0.03562145618360356
0.38789896333333407,-0.03574820130541838
0.3880989633333345,-0.035874975054771656
0.3882989633333338,-0.03600177995582119
0.3884989633333322,-0.03612861860907248
0.3886989633333324,-0.03625549369133072
0.38889896333333307,-0.03638240795563602
0.38909896333333194,-0.0365093642311922
0.3892989633333337,-0.0366363654232858
0.3894989633333348,-0.03676341451317813
0.3896989633333341,-0.03689051455800103
0.3898989633333343,-0.03701766869063371
0.3900989633333327,-0.037144880119560596
0.390298963333332,-0.03727215212872851
0.3904989633333331,-0.03739948807738013
0.39069896333333287,-0.037526891399877374
0.39089896333333285,-0.037654365605518755
0.39109896333333416,-0.037781914278335285
0.3912989633333339,-0.037909541076873964
0.3914989633333348,-0.03803724973397704
0.3916989633333343,-0.038165044056534835
0.3918989633333321,-0.038292927925237114
0.39209896333333205,-0.03842090529430828
0.3922989633333329,-0.03854898019122152
0.3924989633333318,-0.03867715671640843
0.39269896333333354,-0.03880543904295908
0.3928989633333346,-0.03893383141629238
0.39309896333333416,-0.03906233815383069
0.39329896333333436,-0.03919096364465447
0.3934989633333328,-0.039319712349138065
0.3936989633333321,-0.039448588798583754
0.39389896333333274,-0.03957759759483118
0.39409896333333294,-0.039706743409858594
0.3942989633333327,-0.039836030985372736
0.39449896333333423,-0.03996546513238347
0.394698963333334,-0.04009505073075958
0.3948989633333342,-0.0402247927287837
0.39509896333333394,-0.04035469614268066
0.3952989633333319,-0.040484766056140084
0.39549896333333234,-0.04061500761982746
0.395698963333333,-0.040745426050870656
0.39589896333333163,-0.04087602663234437
0.39609896333333405,-0.04100681471274309
0.3962989633333345,-0.041137795705421844
0.39649896333333423,-0.041268975088049165
0.3966989633333349,-0.04140035840202996
0.3968989633333335,-0.04153195125191609
0.3970989633333326,-0.04166375930481374
0.3972989633333326,-0.041795788289765684
0.397498963333333,-0.0419280439971263
0.3976989633333323,-0.0420605322779222
0.39789896333333363,-0.04219325904320361
0.39809896333333494,-0.042326230263372476
0.39829896333333403,-0.04245945196750685
0.398498963333334,-0.04259293024267282
0.398698963333332,-0.04272667123321197
0.3988989633333324,-0.04286068114003214
0.3990989633333333,-0.04299496621986739
0.3992989633333319,-0.04312953278453756
0.3994989633333337,-0.043264387200197166
0.3996989633333343,-0.04339953588655378
0.3998989633333343,-0.04353498531609454
0.40009896333333406,-0.043670742013287626
0.4002989633333336,-0.04380681255377343
0.40049896333333224,-0.04394320356354323
0.4006989633333322,-0.04407992171810794
0.4008989633333331,-0.04421697374164778
0.4010989633333324,-0.04435436640615366
0.4012989633333339,-0.04449210653056149
0.401498963333335,-0.04463020097985938
0.4016989633333341,-0.044768656664196514
0.4018989633333341,-0.0449074805379767
0.4020989633333325,-0.045046679598930786
0.4022989633333325,-0.04518626088719112
0.4024989633333331,-0.04532623148433943
0.4026989633333329,-0.045466598512452064
0.4028989633333333,-0.045607369133133235
0.40309896333333417,-0.04574855054653044
0.4032989633333339,-0.04589014999034169
0.40349896333333457,-0.04603217473881435
0.4036989633333341,-0.046174632101723324
0.4038989633333321,-0.046317529423346875
0.40409896333333206,-0.046460874081428974
0.40429896333333315,-0.04660467348612257
0.4044989633333316,-0.046748935078928064
0.40469896333333377,-0.04689366633162961
0.40489896333333486,-0.047038874745195025
0.40509896333333417,-0.0471845678486912
0.40529896333333415,-0.04733075319817677
0.4054989633333326,-0.047477438375579405
0.4056989633333321,-0.04762463098757422
0.405898963333333,-0.047772338664440014
0.40609896333333295,-0.0479205690589097
0.40629896333333315,-0.04806932984501489
0.40649896333333424,-0.04821862871691328
0.40669896333333355,-0.04836847338770609
0.4068989633333344,-0.04851887158825452
0.4070989633333342,-0.04866983106597094
0.40729896333333215,-0.048821359583614346
0.4074989633333319,-0.04897346491807209
0.407698963333333,-0.049126154859124596
0.40789896333333164,-0.04927943720820634
0.40809896333333406,-0.049433319777167764
0.40829896333333493,-0.049587810387001274
0.40849896333333446,-0.04974291686658743
0.4086989633333342,-0.04989864705141593
0.40889896333333287,-0.05005500878229787
0.4090989633333324,-0.050212009904077023
0.40929896333333304,-0.05036965826432411
0.40949896333333324,-0.05052796171202614
0.4096989633333328,-0.05068692809627028
0.4098989633333341,-0.050846565264918035
0.41009896333333407,-0.05100688106326369
0.4102989633333338,-0.051167883332699234
0.4104989633333336,-0.05132957990935979
0.4106989633333318,-0.051491978622764514
0.4108989633333322,-0.051655087294457024
0.4110989633333335,-0.05181891373662367
0.41129896333333216,-0.0519834657507159
0.4114989633333339,-0.052148751126072604
0.41169896333333433,-0.0523147776385102
0.4118989633333343,-0.052481553048934655
0.4120989633333343,-0.05264908510192974
0.4122989633333334,-0.05281738152434258
0.41249896333333225,-0.05298645002386649
0.41269896333333245,-0.053156298287614666
0.4128989633333331,-0.053326933980685574
0.4130989633333326,-0.05349836474472722
0.41329896333333416,-0.053670598196498755
0.413498963333335,-0.05384364192641322
0.4136989633333339,-0.05401750349709019
0.4138989633333341,-0.05419219044190018
0.41409896333333185,-0.05436771026349095
0.4142989633333325,-0.05454407043233365
0.41449896333333336,-0.05472127838523539
0.4146989633333329,-0.05489934152387002
0.41489896333333354,-0.05507826721329992
0.4150989633333342,-0.0552580627804841
0.4152989633333344,-0.05543873551279318
0.4154989633333339,-0.055620292656516565
0.41569896333333367,-0.05580274141536744
0.4158989633333321,-0.05598608894898038
0.4160989633333323,-0.05617034237141562
0.41629896333333316,-0.05635550874964606
0.41649896333333203,-0.056541595102051916
0.41669896333333356,-0.056728608396918845
0.41689896333333487,-0.056916555550911414
0.41709896333333396,-0.057105443427566675
0.41729896333333394,-0.05729527883578153
0.41749896333333236,-0.05748606852828431
0.4176989633333319,-0.05767781920012545
0.4178989633333332,-0.057870537487149556
0.4180989633333332,-0.05806422996447142
0.41829896333333316,-0.058258903144960864
0.4184989633333345,-0.058454563477714716
0.418698963333334,-0.05865121734652799
0.4188989633333349,-0.05884887106837974
0.41909896333333396,-0.05904753089189597
0.41929896333333216,-0.059247202995834844
0.4194989633333319,-0.0594478934875601
0.41969896333333323,-0.05964960840151298
0.4198989633333321,-0.05985235369768724
0.42009896333333363,-0.060056135260120186
0.4202989633333347,-0.06026095889535364
0.4204989633333345,-0.06046683033092488
0.42069896333333445,-0.06067375521384804
0.4208989633333329,-0.06088173910909187
0.42109896333333197,-0.06109078749807229
0.42129896333333283,-0.06130090577713453
0.42149896333333303,-0.06151209925604027
0.4216989633333328,-0.061724373156466436
0.4218989633333343,-0.061937732610499806
0.42209896333333363,-0.062152182659126004
0.4222989633333345,-0.06236772825074603
0.42249896333333403,-0.06258437423966522
0.422698963333332,-0.0628021253846119
0.422898963333332,-0.06302098634725051
0.4230989633333331,-0.06324096169068918
0.4232989633333315,-0.06346205587800177
0.4234989633333339,-0.06368427327076748
0.42369896333333457,-0.06390761812757542
0.4238989633333343,-0.06413209460258036
0.42409896333333474,-0.06435770674403599
0.42429896333333317,-0.06458445849283413
0.4244989633333325,-0.06481235368106703
0.4246989633333329,-0.06504139603057403
0.4248989633333331,-0.06527158915150572
0.42509896333333264,-0.06550293654089491
0.4252989633333335,-0.0657354415812341
0.4254989633333348,-0.06596910753905061
0.4256989633333339,-0.06620393756349685
0.4258989633333341,-0.06643993468495482
0.4260989633333321,-0.06667710181362443
0.42629896333333206,-0.06691544173815077
0.4264989633333336,-0.0671549571242279
0.42669896333333224,-0.06739565051322557
0.42689896333333377,-0.06763752432084105
0.4270989633333344,-0.06788058083571757
0.42729896333333417,-0.06812482221811204
0.42749896333333437,-0.06837025049855201
0.4276989633333337,-0.06861686757650007
0.4278989633333321,-0.0688646752190369
0.4280989633333321,-0.06911367505955056
0.42829896333333317,-0.06936386859642749
0.4284989633333325,-0.06961525719175997
0.428698963333334,-0.06986784207007539
0.4288989633333349,-0.07012162431704672
0.4290989633333342,-0.07037660487824175
0.42929896333333417,-0.07063278455787335
0.42949896333333215,-0.07089016401754929
0.4296989633333319,-0.07114874377505752
0.42989896333333344,-0.0714085242031354
0.4300989633333323,-0.07166950552826261
0.4302989633333334,-0.0719316878294846
0.4304989633333345,-0.07219507103720874
0.430698963333334,-0.07245965493204404
0.4308989633333342,-0.07272543914364764
0.43109896333333353,-0.07299242314956905
0.43129896333333195,-0.07326060627412503
0.43149896333333215,-0.07352998768728121
0.43169896333333324,-0.07380056640353747
0.43189896333333166,-0.07407234128083587
0.4320989633333341,-0.074345311019499
0.43229896333333495,-0.07461947416113328
0.4324989633333345,-0.07489482908760212
0.432698963333334,-0.07517137401998183
0.43289896333333244,-0.07544910701753355
0.43309896333333175,-0.07572802597670228
0.43329896333333284,-0.07600812863011717
0.43349896333333304,-0.076289412545609
0.433698963333333,-0.07657187512525596
0.43389896333333455,-0.0768555136044322
0.4340989633333341,-0.07714032505086534
0.4342989633333345,-0.07742630636373622
0.4344989633333345,-0.07771345427276187
0.4346989633333318,-0.07800176533731511
0.4348989633333318,-0.07829123594556728
0.4350989633333331,-0.07858186231361516
0.4352989633333315,-0.07887364048465006
0.4354989633333337,-0.07916656632815854
0.435698963333335,-0.07946063553908742
0.43589896333333433,-0.07975584363708019
0.4360989633333343,-0.08005218596570943
0.43629896333333273,-0.08034965769171325
0.43649896333333205,-0.08064825380427651
0.4366989633333329,-0.08094796911430621
0.4368989633333331,-0.0812487982537323
0.43709896333333287,-0.08155073567483666
0.43729896333333396,-0.08185377564959119
0.43749896333333416,-0.08215791226900672
0.43769896333333436,-0.08246313944252012
0.4378989633333339,-0.08276945089738223
0.4380989633333321,-0.08307684017807407
0.43829896333333207,-0.08338530064574577
0.43849896333333316,-0.08369482547765678
0.4386989633333318,-0.08400540766664927
0.438898963333334,-0.08431704002065785
0.4390989633333344,-0.08462971516218837
0.4392989633333344,-0.0849434255278761
0.4394989633333346,-0.08525816336802494
0.4396989633333337,-0.08557392074617565
0.43989896333333234,-0.08589068953870298
0.4400989633333323,-0.08620846143442534
0.44029896333333296,-0.08652722793423066
0.4404989633333327,-0.08684698035073093
0.440698963333334,-0.08716770980794301
0.4408989633333351,-0.08748940724096908
0.441098963333334,-0.08781206339571782
0.4412989633333342,-0.08813566882864929
0.44149896333333194,-0.08846021390651154
0.44169896333333236,-0.08878568880614496
0.44189896333333345,-0.08911208351425605
0.44209896333333276,-0.08943938782724972
0.4422989633333334,-0.08976759135108194
0.4424989633333345,-0.09009668350110896
0.44269896333333425,-0.0904266535019791
0.442898963333334,-0.09075749038754775
0.44309896333333376,-0.0910891830008008
0.4432989633333322,-0.09142171999380738
0.44349896333333216,-0.09175508982770442
0.44369896333333325,-0.09208928077268114
0.4438989633333319,-0.09242428090799948
0.44409896333333365,-0.09276007812205687
0.44429896333333496,-0.09309666011242076
0.44449896333333405,-0.09343401438593432
0.44469896333333403,-0.09377212825883219
0.44489896333333223,-0.09411098885685584
0.4450989633333322,-0.0944505831154299
0.4452989633333333,-0.0947908977798236
0.44549896333333305,-0.09513191940535695
0.44569896333333325,-0.09547363435763635
0.44589896333333434,-0.09581602881279339
0.4460989633333341,-0.09615908875775427
0.44629896333333474,-0.09650279999054681
0.44649896333333405,-0.09684714812060335
0.4466989633333318,-0.0971921185691137
0.446898963333332,-0.09753769656939353
0.4470989633333331,-0.09788386716725625
0.4472989633333315,-0.0982306152214311
0.4474989633333335,-0.09857792540401894
0.4476989633333348,-0.09892578220091616
0.4478989633333339,-0.09927416991232048
0.4480989633333343,-0.09962307265324097
0.4482989633333323,-0.09997247435400686
0.44849896333333183,-0.1003223587608471
0.4486989633333327,-0.10067270943644713
0.4488989633333329,-0.10102350976055371
0.4490989633333329,-0.10137474293060772
0.4492989633333344,-0.10172639196239006
0.44949896333333395,-0.10207843969068263
0.4496989633333339,-0.10243086876998403
0.4498989633333339,-0.10278366167521387
0.4500989633333323,-0.10313680070245917
0.4502989633333321,-0.1034902679697516
0.45049896333333295,-0.10384404541784492
0.4506989633333318,-0.10419811481103014
0.4508989633333338,-0.10455245773799364
0.4510989633333349,-0.10490705561264838
0.4512989633333342,-0.10526188967504156
0.45149896333333417,-0.10561694099226406
0.4516989633333326,-0.10597219045936959
0.45189896333333257,-0.10632761880034886
0.4520989633333323,-0.10668320656909151
0.45229896333333297,-0.10703893415040368
0.4524989633333327,-0.10739478176102493
0.4526989633333338,-0.10775072945069072
0.4528989633333349,-0.10810675710319356
0.4530989633333342,-0.10846284443748494
0.4532989633333335,-0.10881897100880375
0.4534989633333315,-0.10917511620980787
0.4536989633333324,-0.10953125927175653
0.4538989633333337,-0.10988737926567876
0.45409896333333166,-0.11024345510359579
0.45429896333333364,-0.11059946553977924
0.4544989633333345,-0.11095538917196865
0.4546989633333345,-0.111311204442684
0.45489896333333424,-0.11166688964052238
0.45509896333333355,-0.11202242290148234
0.4552989633333324,-0.11237778221031572
0.4554989633333322,-0.1127329454019018
0.45569896333333304,-0.11308789016263798
0.45589896333333235,-0.11344259403185285
0.4560989633333341,-0.11379703440326308
0.4562989633333352,-0.11415118852640976
0.45649896333333406,-0.11450503350815704
0.45669896333333404,-0.1148585463142035
0.45689896333333224,-0.11521170377058898
0.45709896333333244,-0.11556448256526636
0.45729896333333353,-0.11591685924965094
0.4574989633333326,-0.11626881024021786
0.4576989633333337,-0.11662031182013
0.4578989633333339,-0.11697134014084806
0.4580989633333341,-0.1173218712238041
0.4582989633333343,-0.11767188096206971
0.4584989633333336,-0.11802134512205273
0.45869896333333204,-0.11837023934521777
0.45889896333333224,-0.11871853914982738
0.4590989633333331,-0.11906621993268923
0.45929896333333176,-0.11941325697093791
0.4594989633333335,-0.11975962542385132
0.4596989633333348,-0.12010530033463906
0.4598989633333339,-0.12045025663229957
0.4600989633333341,-0.12079446913348357
0.4602989633333323,-0.12113791254435134
0.46049896333333185,-0.12148056146249178
0.46069896333333316,-0.12182239037882167
0.4608989633333327,-0.12216337367951846
0.4610989633333329,-0.12250348564799093
0.4612989633333342,-0.1228427004668369
0.4614989633333335,-0.1231809922198314
0.4616989633333346,-0.12351833489395261
0.4618989633333339,-0.12385470238138419
0.4620989633333319,-0.12419006848157887
0.4622989633333321,-0.12452440690331879
0.4624989633333332,-0.12485769126678162
0.4626989633333316,-0.12518989510564132
0.4628989633333338,-0.12552099186920268
0.4630989633333349,-0.1258509549244958
0.4632989633333342,-0.1261797575584494
0.4634989633333344,-0.1265073729800529
0.46369896333333305,-0.1268337743225218
0.4638989633333319,-0.1271589346455094
0.4640989633333328,-0.12748282693731078
0.464298963333333,-0.12780542411708318
0.46449896333333274,-0.12812669903709994
0.46469896333333405,-0.12844662448500646
0.46489896333333425,-0.1287651731860821
0.465098963333334,-0.12908231780554014
0.46529896333333376,-0.12939803095082333
0.46549896333333196,-0.1297122851739173
0.46569896333333216,-0.13002505297369066
0.465898963333333,-0.13033630679822297
0.4660989633333317,-0.13064601904716683
0.46629896333333365,-0.13095416207413318
0.4664989633333343,-0.13126070818904528
0.4666989633333345,-0.13156562966055907
0.4668989633333347,-0.13186889871846189
0.46709896333333356,-0.13217048755609054
0.46729896333333243,-0.13247036833277082
0.46749896333333263,-0.13276851317625699
0.46769896333333305,-0.1330648941851839
0.4678989633333326,-0.13335948343153708
0.46809896333333434,-0.13365225296313654
0.4682989633333352,-0.13394317480610957
0.4684989633333341,-0.13423222096740128
0.46869896333333383,-0.13451936343728615
0.4688989633333325,-0.13480457419187347
0.46909896333333245,-0.1350878251956489
0.46929896333333354,-0.1353690884040014
0.46949896333333263,-0.13564833576576932
0.4696989633333335,-0.13592553922580913
0.4698989633333339,-0.1362006707275405
0.4700989633333339,-0.13647370221552974
0.4702989633333341,-0.13674460563806645
0.4704989633333334,-0.1370133529497475
0.4706989633333325,-0.1372799161140759
0.47089896333333203,-0.13754426710605955
0.4710989633333331,-0.1378063779148197
0.4712989633333322,-0.13806622054619863
0.4714989633333335,-0.13832376702539614
0.47169896333333483,-0.13857898939957713
0.4718989633333339,-0.138831859740512
0.4720989633333339,-0.13908235014721965
0.4722989633333323,-0.13933043274859586
0.4724989633333321,-0.13957607970607316
0.4726989633333334,-0.1398192632162613
0.4728989633333329,-0.14005995551360093
0.4730989633333331,-0.14029812887303306
0.4732989633333342,-0.1405337556126511
0.4734989633333335,-0.14076680809636455
0.4736989633333344,-0.14099725873657704
0.4738989633333339,-0.14122507999684158
0.4740989633333319,-0.1414502443945428
0.4742989633333323,-0.1416727245035725
0.47449896333333297,-0.14189249295699263
0.4746989633333316,-0.1421095224497189
0.4748989633333338,-0.14232378574120624
0.4750989633333349,-0.14253525565810685
0.4752989633333342,-0.14274390509696366
0.4754989633333342,-0.1429497070268865
0.47569896333333284,-0.143152634492222
0.4758989633333317,-0.143352660615238
0.476098963333333,-0.14354975859879587
0.476298963333333,-0.14374390172901813
0.47649896333333297,-0.14393506337797185
0.4766989633333345,-0.14412321700633346
0.4768989633333336,-0.1443083361660515
0.477098963333334,-0.14449039450302414
0.477298963333334,-0.1446693657597488
0.4774989633333324,-0.1448452237779866
0.47769896333333217,-0.14501794250142017
0.47789896333333304,-0.14518749597829828
0.4780989633333317,-0.1453538583640828
0.4782989633333341,-0.14551700392410089
0.47849896333333475,-0.14567690703616465
0.47869896333333384,-0.14583354219321704
0.4788989633333345,-0.1459868840059551
0.4790989633333329,-0.1461369072054428
0.4792989633333329,-0.1462835866457352
0.47949896333333286,-0.14642689730647596
0.47969896333333306,-0.14656681429550286
0.4798989633333328,-0.1467033128514384
0.4800989633333339,-0.14683636834627714
0.48029896333333433,-0.14696595628795892
0.4804989633333341,-0.1470920523229413
0.4806989633333336,-0.14721463223875927
0.4808989633333325,-0.1473336719665752
0.48109896333333224,-0.14744914758372313
0.48129896333333355,-0.147561035316239
0.481498963333332,-0.14766931154138174
0.4816989633333335,-0.14777395279015382
0.48189896333333415,-0.1478749357497917
0.48209896333333435,-0.1479722372662652
0.48229896333333433,-0.14806583434675433
0.48249896333333364,-0.14815570416211737
0.4826989633333325,-0.14824182404934821
0.4828989633333325,-0.1483241715140205
0.4830989633333329,-0.14840272423271803
0.48329896333333244,-0.1484774600554547
0.483498963333334,-0.148548357008082
0.48369896333333506,-0.148615393294678
0.48389896333333393,-0.1486785472999283
0.48409896333333435,-0.14873779759149236
0.48429896333333233,-0.1487931229223494
0.4844989633333323,-0.148844502233139
0.4846989633333334,-0.14889191465447782
0.4848989633333327,-0.148935339509266
0.4850989633333336,-0.14897475631497886
0.4852989633333342,-0.14901014478593821
0.485498963333334,-0.14904148483557134
0.48569896333333396,-0.14906875657865215
0.4858989633333335,-0.14909194033352524
0.48609896333333236,-0.149111016624313
0.4862989633333328,-0.14912596618310592
0.486498963333333,-0.14913676995213382
0.48669896333333185,-0.14914340908592097
0.4868989633333338,-0.14914586495342136
0.4870989633333347,-0.1491441191401358
0.4872989633333338,-0.14913815345021086
0.48749896333333376,-0.14912794990851752
0.48769896333333285,-0.14911349076271121
0.48789896333333216,-0.14909475848527182
0.488098963333333,-0.14907173577552335
0.488298963333333,-0.14904440556163456
0.4884989633333332,-0.14901275100259728
0.48869896333333407,-0.1489767554901848
0.4888989633333338,-0.14893640265088998
0.489098963333334,-0.14889167634783984
0.489298963333334,-0.14884256068269064
0.48949896333333287,-0.14878903999750007
0.4896989633333324,-0.14873109887657654
0.48989896333333305,-0.14866872214830765
0.4900989633333319,-0.14860189488696612
0.49029896333333345,-0.14853060241448807
0.4904989633333343,-0.14845483030223727
0.4906989633333336,-0.1483745643727367
0.4908989633333345,-0.14828979070137965
0.4910989633333329,-0.14820049561812149
0.491298963333332,-0.14810666570913794
0.49149896333333287,-0.1480082878184671
0.4916989633333331,-0.14790534904962532
0.49189896333333283,-0.1477978367671936
0.4920989633333339,-0.14768573859838216
0.4922989633333339,-0.14756904243457292
0.49249896333333365,-0.1474477364328283
0.4926989633333341,-0.14732180901738098
0.4928989633333325,-0.14719124888109753
0.4930989633333325,-0.14705604498690736
0.4932989633333329,-0.14691618656921862
0.49349896333333154,-0.1467716631352985
0.4936989633333335,-0.14662246446662178
0.4938989633333344,-0.14646858062021162
0.4940989633333337,-0.14631000192993068
0.49429896333333456,-0.14614671900775428
0.4944989633333332,-0.1459787227450246
0.49469896333333274,-0.14580600431365737
0.4948989633333327,-0.14562855516734025
0.49509896333333314,-0.14544636704269087
0.4952989633333329,-0.14525943196039176
0.49549896333333376,-0.1450677422262907
0.4956989633333351,-0.14487129043248176
0.4958989633333335,-0.14467006945835226
0.4960989633333339,-0.14446407247159
0.4962989633333319,-0.14425329292918862
0.49649896333333277,-0.1440377245783876
0.4966989633333334,-0.1438173614576202
0.4968989633333325,-0.1435921978974029
0.4970989633333336,-0.14336222852120106
0.497298963333334,-0.14312744824628126
0.4974989633333342,-0.14288785228451037
0.49769896333333397,-0.142643436143139
0.4978989633333335,-0.14239419562554884
0.4980989633333328,-0.14214012683197194
0.49829896333333235,-0.14188122616017707
0.498498963333333,-0.1416174903061263
0.4986989633333323,-0.14134891626460622
0.49889896333333383,-0.14107550132980956
0.4990989633333347,-0.14079724309591565
0.4992989633333338,-0.14051413945761182
0.499498963333334,-0.14022618861059055
0.49969896333333264,-0.13993338905203273
0.4998989633333326,-0.13963573958102912
0.5000989633333333,-0.13933323929900004
0.500298963333333,-0.1390258876100659
0.5004989633333332,-0.13871368422138386
0.5006989633333341,-0.13839662914346468
0.5008989633333336,-0.13807472269045348
0.5010989633333345,-0.13774796548036503
0.501298963333334,-0.13741635843531452
0.5014989633333322,-0.13707990278168705
0.5016989633333324,-0.13673860005028649
0.5018989633333331,-0.13639245207646708
0.5020989633333317,-0.13604146100021233
0.5022989633333339,-0.13568562926617272
0.5024989633333348,-0.13532495962371893
0.5026989633333336,-0.13495945512690424
0.5028989633333338,-0.1345891191344204
0.5030989633333331,-0.1342139553095386
0.503298963333332,-0.13383396761998514
0.5034989633333331,-0.13344916033780027
0.5036989633333329,-0.13305953803918016
0.5038989633333331,-0.13266510560424816
0.5040989633333344,-0.1322658682168273
0.5042989633333337,-0.13186183136417406
0.5044989633333337,-0.13145300083665473
0.5046989633333341,-0.13103938272742563
0.5048989633333325,-0.13062098343206224
0.5050989633333325,-0.13019780964814004
0.5052989633333331,-0.12976986837482146
0.5054989633333316,-0.12933716691238412
0.5056989633333338,-0.1288997128616975
0.5058989633333348,-0.12845751412373374
0.5060989633333339,-0.12801057889897144
0.5062989633333339,-0.12755891568679845
0.5064989633333328,-0.1271025332849032
0.5066989633333328,-0.1266414407885921
0.5068989633333327,-0.12617564759011418
0.5070989633333329,-0.12570516337792445
0.5072989633333329,-0.1252299981359313
0.5074989633333338,-0.1247501621427017
0.5076989633333344,-0.12426566597064903
0.5078989633333335,-0.1237765204851751
0.5080989633333337,-0.12328273684377498
0.5082989633333324,-0.12278432649514329
0.5084989633333323,-0.12228130117819946
0.5086989633333334,-0.12177367292112941
0.5088989633333318,-0.12126145404037646
0.5090989633333338,-0.12074465713956442
0.5092989633333342,-0.12022329510847916
0.5094989633333342,-0.11969738112191924
0.5096989633333344,-0.11916692863857789
0.5098989633333335,-0.11863195139988145
0.5100989633333328,-0.11809246342878037
0.5102989633333326,-0.11754847902853238
0.510498963333333,-0.11700001278144197
0.5106989633333323,-0.11644707954757857
0.5108989633333341,-0.1158896944634385
0.5110989633333352,-0.11532787294063042
0.5112989633333338,-0.1147616306644764
0.5114989633333342,-0.114190983592591
0.5116989633333324,-0.11361594795348533
0.5118989633333328,-0.11303654024505397
0.5120989633333335,-0.11245277723312247
0.5122989633333328,-0.11186467594990421
0.5124989633333332,-0.1112722536924371
0.5126989633333343,-0.11067552802102282
0.5128989633333338,-0.1100745167576141
0.5130989633333336,-0.10946923798415975
0.5132989633333338,-0.10885971004095568
0.5134989633333329,-0.1082459515249519
0.5136989633333324,-0.10762798128801701
0.5138989633333331,-0.10700581843520146
0.5140989633333319,-0.1063794823229705
0.5142989633333337,-0.10574899255736718
0.5144989633333348,-0.10511436899223194
0.5146989633333341,-0.10447563172731386
0.5148989633333338,-0.10383280110638561
0.5150989633333327,-0.1031858977153567
0.5152989633333325,-0.10253494238031899
0.5154989633333331,-0.10187995616560222
0.5156989633333329,-0.10122096037178974
0.5158989633333328,-0.10055797653369336
0.5160989633333342,-0.09989102641832767
0.5162989633333337,-0.09922013202286543
0.5164989633333339,-0.09854531557252089
0.5166989633333343,-0.09786659951847057
0.5168989633333323,-0.09718400653571999
0.5170989633333325,-0.09649755952091585
0.5172989633333331,-0.09580728159021488
0.5174989633333318,-0.09511319607706356
0.5176989633333335,-0.09441532652994539
0.5178989633333346,-0.09371369671019184
0.5180989633333335,-0.09300833058967586
0.5182989633333344,-0.09229925234850875
0.518498963333333,-0.09158648637277902
0.5186989633333323,-0.09087005725216445
0.518898963333333,-0.0901499897776114
0.5190989633333329,-0.08942630893896233
0.5192989633333327,-0.08869903992254274
0.5194989633333342,-0.08796820810874953
0.519698963333334,-0.08723383906964297
0.5198989633333335,-0.08649595856645392
0.5200989633333335,-0.08575459254713268
0.5202989633333324,-0.08500976714386335
0.5204989633333326,-0.08426150867053
0.5206989633333328,-0.08350984362021843
0.5208989633333316,-0.08275479866265614
0.5210989633333338,-0.08199640064162675
0.5212989633333347,-0.08123467657244776
0.5214989633333336,-0.08046965363932376
0.5216989633333342,-0.07970135919273058
0.5218989633333335,-0.07892982074683019
0.5220989633333328,-0.07815506597678193
0.5222989633333328,-0.0773771227161019
0.522498963333333,-0.07659601895398979
0.5226989633333323,-0.07581178283263698
0.5228989633333341,-0.07502444264450261
0.5230989633333352,-0.07423402682963828
0.5232989633333338,-0.07344056397292577
0.5234989633333336,-0.07264408280131665
0.5236989633333324,-0.07184461218111751
0.5238989633333329,-0.07104218111518062
0.5240989633333333,-0.07023681874015492
0.5242989633333319,-0.06942855432367785
0.5244989633333337,-0.06861741726154189
0.5246989633333343,-0.06780343707494225
0.5248989633333341,-0.06698664340759578
0.5250989633333341,-0.06616706602291803
0.5252989633333336,-0.0653447348011877
0.5254989633333329,-0.06451967973667955
0.5256989633333324,-0.06369193093480197
0.5258989633333331,-0.06286151860922254
0.5260989633333322,-0.0620284730790021
0.5262989633333339,-0.061192824765661874
0.526498963333335,-0.06035460419034584
0.5266989633333341,-0.05951384197087681
0.5268989633333341,-0.05867056881883549
0.5270989633333327,-0.057824815536682374
0.5272989633333327,-0.05697661301479208
0.5274989633333331,-0.056125992228560295
0.5276989633333329,-0.05527298423545538
0.5278989633333333,-0.054417620172068575
0.5280989633333342,-0.053559931251188
0.5282989633333337,-0.05269994875885149
0.5284989633333339,-0.05183770405137356
0.5286989633333337,-0.050973228552421146
0.5288989633333323,-0.05010655375004244
0.5290989633333325,-0.0492377111936955
0.5292989633333327,-0.04836673249132073
0.5294989633333316,-0.04749364930635972
0.5296989633333342,-0.04661849335476501
0.5298989633333351,-0.04574129640211132
0.5300989633333335,-0.04486209026056347
0.5302989633333337,-0.04398090678591278
0.530498963333333,-0.043097777874665254
0.5306989633333323,-0.042212735461033726
0.530898963333333,-0.0413258115139904
0.531098963333333,-0.04043703803432454
0.5312989633333332,-0.03954644705165814
0.5314989633333342,-0.038654070621505096
0.5316989633333338,-0.037759940822332874
0.5318989633333338,-0.03686408975258093
0.532098963333334,-0.03596654952774625
0.5322989633333326,-0.0350673522774404
0.5324989633333326,-0.034166530142426446
0.532698963333333,-0.033264115271726534
0.5328989633333316,-0.03236013981968591
0.5330989633333338,-0.031454635943014154
0.5332989633333349,-0.030547635797951386
0.533498963333334,-0.029639171537299894
0.533698963333334,-0.02872927530752519
0.5338989633333329,-0.02781797924590332
0.5340989633333326,-0.026905315477597086
0.5342989633333326,-0.025991316112810352
0.534498963333333,-0.02507601324390526
0.534698963333333,-0.024159438942553343
0.5348989633333341,-0.023241625256870686
0.5350989633333345,-0.0223226042086058
0.5352989633333338,-0.021402407790289988
0.5354989633333334,-0.02048106796241714
0.535698963333332,-0.019558616650656453
0.5358989633333324,-0.01863508574302836
0.5360989633333335,-0.017710507087155658
0.5362989633333315,-0.016784912487486925
0.5364989633333339,-0.015858333702472707
0.5366989633333346,-0.014930802441935667
0.5368989633333341,-0.014002350364242216
0.5370989633333343,-0.013073009073610248
0.5372989633333338,-0.012142810117423481
0.5374989633333329,-0.011211784983519385
0.5376989633333329,-0.010279965097515227
0.5378989633333329,-0.009347381820163314
0.5380989633333326,-0.008414066444692064
0.5382989633333342,-0.007480050194169708
0.538498963333335,-0.006545364218922553
0.5386989633333337,-0.005610039593913575
0.5388989633333341,-0.0046741073161414085
0.5390989633333323,-0.0037375983021417526
0.5392989633333327,-0.0028005433853659015
0.5394989633333329,-0.00186297331372652
0.5396989633333324,-0.0009249187470479828
0.5398989633333335,1.3589745425971432e-05
0.5400989633333342,0.0009525216874700536
0.5402989633333339,0.001891846698354965
0.5404989633333337,0.002831534495277758
0.5406989633333337,0.0037715548957628292
0.5408989633333328,0.0047118778200496685
0.5410989633333323,0.00565247329348025
0.5412989633333329,0.006593311448832802
0.541498963333332,0.007534362528637236
0.5416989633333338,0.008475596887528296
0.5418989633333349,0.009416984994461348
0.5420989633333335,0.01035849743501686
0.5422989633333339,0.011300104913659726
0.5424989633333328,0.012241778255891424
0.5426989633333326,0.013183488410505343
0.5428989633333332,0.01412520645171707
0.5430989633333327,0.015066903581311835
0.5432989633333332,0.016008551130793906
0.5434989633333345,0.016950120563455132
0.5436989633333338,0.01789158347644284
0.5438989633333342,0.018832911602849008
0.5440989633333335,0.019774076813678907
0.5442989633333326,0.020715051119887327
0.5444989633333324,0.021655806674334758
0.5446989633333328,0.022596315773727987
0.5448989633333321,0.023536550860534695
0.5450989633333341,0.024476484524909612
0.5452989633333347,0.02541608950649748
0.5454989633333338,0.02635533869632551
0.545698963333334,0.027294205138610386
0.5458989633333331,0.02823266203250525
0.5460989633333326,0.0291706827338964
0.5462989633333328,0.030108240757107198
0.5464989633333328,0.03104530977659912
0.546698963333333,0.03198186362865466
0.5468989633333343,0.032917876313016035
0.5470989633333336,0.03385332199447864
0.5472989633333336,0.034788175004521915
0.5474989633333338,0.03572240984282381
0.5476989633333325,0.03665600117879582
0.5478989633333324,0.03758892385310782
0.5480989633333329,0.038521152879116276
0.5482989633333315,0.039452663444313
0.5484989633333337,0.04038343091177386
0.5486989633333346,0.041313430821453036
0.5488989633333337,0.04224263889159808
0.5490989633333343,0.043171031020062756
0.5492989633333332,0.04409858328554391
0.5494989633333329,0.04502527194889472
0.5496989633333329,0.04595107345430477
0.5498989633333329,0.046875964430510036
0.5500989633333329,0.04779992169195256
0.550298963333334,0.048722922239914424
0.5504989633333348,0.04964494326359907
0.5506989633333339,0.05056596214120798
0.5508989633333334,0.051485956440993984
0.5510989633333323,0.05240490392223064
0.551298963333333,0.053322782536215176
0.5514989633333334,0.05423957042717011
0.5516989633333322,0.05515524593317321
0.5518989633333338,0.056069787587054234
0.5520989633333344,0.056983174117175676
0.552298963333334,0.057895384448293126
0.5524989633333339,0.05880639770232524
0.5526989633333339,0.059716193199080905
0.552898963333333,0.06062475045697815
0.5530989633333323,0.06153204919373479
0.5532989633333327,0.062438069327004596
0.5534989633333325,0.06334279097498016
0.553698963333334,0.06424619445700519
0.5538989633333349,0.06514826029408156
0.5540989633333335,0.06604896920941083
0.5542989633333335,0.06694830212889591
0.554498963333333,0.06784624018154362
0.5546989633333328,0.06874276469991687
0.5548989633333334,0.06963785722050739
0.5550989633333323,0.07053149948407221
0.5552989633333334,0.07142367343599655
0.5554989633333345,0.07231436122652185
0.5556989633333334,0.07320354521102619
0.5558989633333338,0.07409120795027091
0.556098963333334,0.07497733221053629
0.5562989633333324,0.07586190096380169
0.5564989633333326,0.07674489738788895
0.5566989633333328,0.0776263048665053
0.5568989633333321,0.0785061069893275
0.5570989633333341,0.07938428755204126
0.5572989633333347,0.08026083055628044
0.5574989633333336,0.08113572020963497
0.5576989633333336,0.08200894092557653
0.5578989633333331,0.08288047732331971
0.5580989633333324,0.08375031422771129
0.5582989633333333,0.08461843666906016
0.5584989633333328,0.08548482988290888
0.558698963333333,0.08634947930984191
0.5588989633333343,0.08721237059519264
0.5590989633333336,0.08807348958873856
0.5592989633333338,0.08893282234441431
0.559498963333334,0.08979035511991011
0.5596989633333329,0.09064607437629582
0.5598989633333329,0.09149996677761721
0.5600989633333329,0.09235201919041204
0.5602989633333315,0.09320221868324093
0.5604989633333337,0.09405055252620076
0.5606989633333348,0.09489700819031302
0.5608989633333341,0.095741573347007
0.5610989633333341,0.09658423586751047
0.5612989633333332,0.09742498382218506
0.5614989633333329,0.09826380547989133
0.5616989633333329,0.0991006893072732
0.5618989633333329,0.09993562396804329
0.5620989633333329,0.10076859832223031
0.562298963333334,0.10159960142540041
0.5624989633333342,0.10242862252782922
0.5626989633333337,0.10325565107368444
0.5628989633333334,0.10408067670015159
0.5630989633333323,0.10490368923652739
0.5632989633333327,0.10572467870331832
0.5634989633333327,0.10654363531125646
0.5636989633333318,0.10736054946034532
0.563898963333334,0.1081754117388648
0.5640989633333344,0.10898821292228403
0.5642989633333335,0.10979894397225932
0.5644989633333339,0.11060759603553465
0.5646989633333337,0.11141416044280146
0.5648989633333332,0.11221862870758859
0.5650989633333328,0.11302099252508732
0.565298963333333,0.11382124377096416
0.5654989633333329,0.1146193745001381
0.565698963333334,0.11541537694555583
0.5658989633333349,0.11620924351690808
0.5660989633333335,0.11700096679934904
0.5662989633333335,0.11779053955220835
0.5664989633333326,0.11857795470760985
0.5666989633333328,0.11936320536915171
0.5668989633333332,0.12014628481049541
0.5670989633333328,0.12092718647397097
0.5672989633333336,0.12170590396916275
0.567498963333334,0.12248243107143088
0.5676989633333338,0.12325676172046074
0.5678989633333338,0.12402889001876818
0.5680989633333338,0.12479881023017611
0.5682989633333329,0.1255665167782809
0.5684989633333326,0.12633200424490867
0.5686989633333328,0.12709526736852284
0.5688989633333319,0.12785630104263013
0.5690989633333337,0.12861510031419074
0.569298963333335,0.12937166038193748
0.5694989633333336,0.13012597659475245
0.5696989633333338,0.13087804445001608
0.5698989633333329,0.13162785959186746
0.5700989633333331,0.13237541780954165
0.5702989633333333,0.13312071503561396
0.5704989633333328,0.13386374734427306
0.5706989633333333,0.13460451094956916
0.5708989633333343,0.13534300220362538
0.5710989633333332,0.1360792175948442
0.5712989633333341,0.136813153746138
0.5714989633333338,0.13754480741305578
0.5716989633333329,0.1382741754819878
0.5718989633333325,0.13900125496830548
0.5720989633333329,0.13972604301449326
0.5722989633333315,0.14044853688826303
0.5724989633333335,0.14116873398070354
0.5726989633333346,0.14188663180431613
0.5728989633333337,0.14260222799114466
0.5730989633333341,0.14331552029085315
0.5732989633333334,0.14402650656875132
0.5734989633333325,0.1447351848038774
0.5736989633333331,0.1454415530870291
0.5738989633333329,0.1461456096187756
0.5740989633333329,0.14684735270750426
0.5742989633333344,0.14754678076741945
0.5744989633333335,0.148243892316524
0.5746989633333337,0.14893868597465693
0.5748989633333337,0.14963116046143426
0.5750989633333323,0.1503213145942433
0.5752989633333323,0.151009147286224
0.575498963333333,0.15169465754420636
0.5756989633333318,0.1523778444666714
0.5758989633333338,0.15305870724173165
0.5760989633333349,0.15373724514501957
0.5762989633333335,0.15441345753766403
0.5764989633333335,0.155087343864234
0.576698963333333,0.1557589036506299
0.5768989633333332,0.15642813650203774
0.577098963333333,0.15709504210083244
0.577298963333333,0.15775962020450995
0.5774989633333327,0.15842187064359203
0.5776989633333338,0.15908179331954997
0.577898963333334,0.1597393882026963
0.578098963333334,0.1603946553301158
0.5782989633333331,0.1610475948035602
0.5784989633333322,0.161698206787365
0.5786989633333333,0.16234649150635522
0.5788989633333337,0.1629924492437341
0.5790989633333321,0.16363608033901064
0.5792989633333336,0.16427738518592483
0.5794989633333345,0.16491636423030864
0.5796989633333336,0.1655530179680356
0.5798989633333338,0.1661873469429388
0.5800989633333336,0.16681935174470183
0.5802989633333331,0.1674490330067978
0.5804989633333326,0.16807639140440772
0.5806989633333328,0.16870142765234913
0.5808989633333326,0.16932414250300104
0.5810989633333341,0.1699445367442558
0.5812989633333348,0.17056261119743563
0.5814989633333336,0.17117836671525982
0.5816989633333336,0.17179180417980378
0.5818989633333329,0.17240292450043246
0.5820989633333331,0.17301172861179043
0.5822989633333335,0.17361821747175823
0.5824989633333326,0.17422239205943646
0.5826989633333337,0.17482425337315194
0.5828989633333339,0.17542380242842076
0.5830989633333334,0.1760210402559812
0.5832989633333334,0.17661596789980194
0.5834989633333336,0.17720858641509876
0.5836989633333325,0.17779889686636802
0.5838989633333329,0.17838690032544774
0.5840989633333329,0.17897259786954417
0.584298963333332,0.1795559905793157
0.5844989633333335,0.1801370795369562
0.5846989633333348,0.18071586582425436
0.5848989633333337,0.18129235052071307
0.5850989633333337,0.18186653470167657
0.5852989633333328,0.18243841943642383
0.5854989633333327,0.18300800578633303
0.5856989633333334,0.18357529480301754
0.5858989633333327,0.18414028752649178
0.5860989633333329,0.18470298498336776
0.5862989633333344,0.1852633881850329
0.5864989633333335,0.18582149812585183
0.5866989633333339,0.18637731578142347
0.5868989633333339,0.18693084210678437
0.5870989633333326,0.18748207803468153
0.587298963333333,0.18803102447385328
0.587498963333333,0.18857768230729055
0.5876989633333318,0.1891220523905617
0.5878989633333338,0.1896641355501418
0.5880989633333351,0.1902039325817183
0.5882989633333335,0.19074144424857253
0.5884989633333342,0.19127667127997053
0.588698963333333,0.19180961436951172
0.5888989633333326,0.19234027417358188
0.589098963333333,0.19286865130976033
0.589298963333333,0.19339474635527126
0.5894989633333332,0.19391855984546202
0.589698963333334,0.19444009227228498
0.5898989633333338,0.19495934408280163
0.5900989633333336,0.19547631567772306
0.5902989633333335,0.1959910074099504
0.5904989633333322,0.19650341958314102
0.5906989633333328,0.19701355245031635
0.590898963333333,0.19752140621244632
0.5910989633333319,0.19802698101710103
0.5912989633333336,0.1985302769571141
0.5914989633333343,0.1990312940692256
0.5916989633333336,0.19953003233281077
0.5918989633333342,0.20002649166859848
0.5920989633333336,0.2005206719373938
0.5922989633333331,0.20101257293886796
0.5924989633333329,0.20150219441033268
0.5926989633333328,0.20198953602555622
0.5928989633333326,0.20247459739359686
0.5930989633333339,0.20295737805766875
0.593298963333335,0.20343787749400977
0.5934989633333336,0.20391609511079556
0.5936989633333336,0.2043920302470845
0.5938989633333325,0.20486568217174322
0.5940989633333329,0.20533705008245173
0.5942989633333331,0.20580613310468399
0.5944989633333326,0.20627293029074897
0.5946989633333335,0.20673744061884558
0.5948989633333344,0.20719966299212667
0.5950989633333337,0.20765959623780791
0.5952989633333337,0.20811723910630459
0.5954989633333341,0.20857259027036984
0.5956989633333329,0.20902564832427414
0.5958989633333327,0.2094764117830228
0.5960989633333331,0.20992487908156823
0.5962989633333322,0.21037104857406744
0.5964989633333335,0.21081491853317813
0.5966989633333348,0.21125648714933987
0.5968989633333337,0.21169575253011808
0.5970989633333339,0.21213271269957681
0.5972989633333328,0.21256736559763473
0.597498963333333,0.21299970907950094
0.5976989633333334,0.21342974091509154
0.5978989633333331,0.21385745878850126
0.5980989633333331,0.21428286029749488
0.598298963333334,0.21470594295301884
0.5984989633333333,0.21512670417873586
0.5986989633333335,0.21554514131061042
0.5988989633333339,0.2159612515964852
0.5990989633333326,0.2163750321957062
0.5992989633333323,0.21678648017878238
0.5994989633333332,0.2171955925270425
0.5996989633333321,0.21760236613233522
0.5998989633333338,0.21800679779677754
0.6000989633333345,0.21840888423247315
0.6002989633333335,0.21880862206131643
0.6004989633333335,0.21920600781479715
0.6006989633333333,0.21960103793381808
0.6008989633333324,0.21999370876856186
0.6010989633333332,0.22038401657837992
0.601298963333333,0.22077195753168571
0.601498963333333,0.22115752770591118
0.6016989633333345,0.22154072308746
0.6018989633333334,0.2219215395716861
0.6020989633333336,0.22229997296293458
0.6022989633333338,0.2226760189745564
0.6024989633333324,0.22304967322898436
0.6026989633333326,0.2234209312578343
0.6028989633333333,0.2237897885020061
0.6030989633333319,0.22415624031183265
0.6032989633333341,0.22452028194726548
0.6034989633333347,0.22488190857803464
0.6036989633333336,0.22524111528389684
0.603898963333334,0.2255978970548765
0.6040989633333331,0.22595224879151884
0.6042989633333329,0.2263041653052031
0.6044989633333331,0.22665364131844945
0.6046989633333331,0.22700067146526623
0.604898963333333,0.22734525029151983
0.6050989633333337,0.2276873722553272
0.6052989633333341,0.22802703172746913
0.6054989633333341,0.22836422299183465
0.6056989633333332,0.22869894024588427
0.6058989633333325,0.22903117760114244
0.6060989633333331,0.2293609290837057
0.6062989633333336,0.22968818863477505
0.606498963333332,0.23001295011121753
0.6066989633333335,0.2303352072861614
0.6068989633333342,0.23065495384957266
0.6070989633333337,0.23097218340890552
0.6072989633333341,0.23128688948974835
0.6074989633333341,0.23159906553648743
0.607698963333333,0.23190870491300808
0.6078989633333327,0.2322158009034131
0.6080989633333329,0.23252034671275407
0.6082989633333329,0.23282233546779316
0.6084989633333338,0.23312176021778752
0.6086989633333346,0.23341861393528537
0.6088989633333339,0.23371288951695024
0.6090989633333337,0.23400457978441122
0.6092989633333326,0.23429367748511634
0.6094989633333328,0.23458017529322583
0.609698963333333,0.23486406581050678
0.6098989633333327,0.23514534156726208
0.6100989633333338,0.2354239950232758
0.6102989633333344,0.2357000185687671
0.6104989633333333,0.23597340452537707
0.6106989633333335,0.23624414514717446
0.6108989633333335,0.23651223262166055
0.6110989633333326,0.23677765907081466
0.6112989633333328,0.23704041655215008
0.6114989633333332,0.23730049705977896
0.6116989633333321,0.2375578925255058
0.6118989633333334,0.23781259481994133
0.6120989633333347,0.23806459575361202
0.6122989633333336,0.23831388707810758
0.6124989633333338,0.23856046048724666
0.6126989633333333,0.2388043076182338
0.6128989633333326,0.239045420052859
0.613098963333333,0.2392837893186994
0.613298963333333,0.23951940689033507
0.6134989633333332,0.2397522641905894
0.6136989633333343,0.23998235259177442
0.6138989633333332,0.24020966341695194
0.614098963333334,0.24043418794122312
0.614298963333334,0.24065591739300324
0.6144989633333324,0.24087484295533845
0.6146989633333324,0.24109095576722428
0.614898963333333,0.24130424692493002
0.6150989633333319,0.24151470748334436
0.6152989633333334,0.24172232845734165
0.6154989633333348,0.24192710082313415
0.6156989633333336,0.24212901551966265
0.6158989633333345,0.24232806344999183
0.6160989633333331,0.24252423548269966
0.6162989633333325,0.24271752245330658
0.6164989633333329,0.24290791516568974
0.6166989633333331,0.2430954043935193
0.616898963333333,0.24327998088170547
0.6170989633333339,0.2434616353478532
0.6172989633333339,0.24364035848372215
0.6174989633333337,0.24381614095670395
0.6176989633333336,0.2439889734113026
0.6178989633333325,0.24415884647062192
0.6180989633333325,0.2443257507378693
0.6182989633333329,0.2444896767978561
0.6184989633333318,0.24465061521851322
0.618698963333334,0.2448085565524181
0.6188989633333346,0.24496349133831014
0.6190989633333333,0.24511541010263593
0.6192989633333343,0.24526430336109156
0.6194989633333337,0.24541016162015827
0.619698963333333,0.24555297537866733
0.6198989633333327,0.24569273512935208
0.6200989633333329,0.2458294313604133
0.6202989633333329,0.2459630545570861
0.6204989633333338,0.24609359520321578
0.6206989633333349,0.24622104378283155
0.6208989633333335,0.24634539078172896
0.6210989633333337,0.246466626689059
0.6212989633333319,0.24658474199890842
0.621498963333333,0.24669972721190062
0.6216989633333332,0.2468115728367792
0.6218989633333325,0.24692026939201278
0.6220989633333336,0.24702580740739277
0.6222989633333342,0.24712817742562992
0.6224989633333335,0.24722737000396086
0.6226989633333335,0.247323375715752
0.6228989633333335,0.24741618515210248
0.623098963333333,0.2475057889234509
0.6232989633333323,0.2475921776611818
0.623498963333333,0.24767534201923275
0.6236989633333323,0.2477552726756981
0.6238989633333338,0.24783196033444033
0.6240989633333347,0.24790539572668935
0.6242989633333338,0.24797556961265185
0.6244989633333335,0.24804247278311475
0.6246989633333329,0.24810609606104495
0.6248989633333331,0.2481664303031923
0.6250989633333333,0.24822346640168658
0.625298963333333,0.24827719528563477
0.6254989633333334,0.24832760792271583
0.6256989633333341,0.24837469532077075
0.6258989633333332,0.24841844852939154
0.626098963333334,0.24845885864150746
0.6262989633333336,0.24849591679496488
0.6264989633333329,0.24852961417410682
0.6266989633333324,0.2485599420113469
0.6268989633333331,0.2485868915887388
0.6270989633333319,0.24861045423954214
0.6272989633333337,0.2486306213497835
0.6274989633333348,0.24864738435981182
0.6276989633333336,0.24866073476584977
0.6278989633333338,0.24867066412153954
0.6280989633333331,0.24867716403948226
0.6282989633333325,0.24868022619277175
0.6284989633333331,0.24867984231652368
0.6286989633333329,0.24867600420939645
0.6288989633333333,0.2486687037351068
0.6290989633333346,0.2486579328239389
0.6292989633333337,0.24864368347424587
0.6294989633333337,0.24862594775394423
0.6296989633333341,0.24860471780200177
0.6298989633333325,0.24857998582991733
0.6300989633333327,0.24855174412319234
0.6302989633333331,0.24851998504279632
0.6304989633333318,0.24848470102662268
0.6306989633333335,0.24844588459093553
0.6308989633333348,0.24840352833181106
0.6310989633333337,0.24835762492656777
0.6312989633333339,0.2483081671351864
0.631498963333333,0.24825514780172683
0.6316989633333334,0.24819855985572747
0.6318989633333327,0.24813839631360385
0.6320989633333329,0.2480746502800304
0.6322989633333329,0.24800731494931766
0.6324989633333338,0.24793638360677617
0.632698963333334,0.2478618496300733
0.6328989633333335,0.24778370649057796
0.633098963333333,0.2477019477546939
0.6332989633333324,0.24761656708518667
0.6334989633333328,0.24752755824249484
0.6336989633333334,0.24743491508603552
0.6338989633333318,0.2473386315754959
0.6340989633333338,0.24723870177210994
0.6342989633333342,0.24713511983993655
0.6344989633333336,0.24702788004711151
0.634698963333334,0.24691697676709515
0.6348989633333335,0.2468024044799114
0.6350989633333333,0.24668415777336813
0.6352989633333328,0.24656223134427113
0.635498963333333,0.24643661999962246
0.6356989633333328,0.2463073186578115
0.6358989633333338,0.24617432234978626
0.6360989633333347,0.24603762622022207
0.6362989633333336,0.24589722552867066
0.6364989633333336,0.2457531156506949
0.6366989633333324,0.24560529207900256
0.6368989633333331,0.24545375042455186
0.6370989633333333,0.24529848641766008
0.6372989633333328,0.2451394959090862
0.6374989633333334,0.24497677487110534
0.6376989633333343,0.24481031939857487
0.6378989633333334,0.24464012570998092
0.6380989633333336,0.2444661901484705
0.6382989633333336,0.2442885091828804
0.6384989633333329,0.2441070794087418
0.6386989633333329,0.24392189754927515
0.6388989633333331,0.24373296045637582
0.6390989633333322,0.24354026511158133
0.6392989633333337,0.24334380862702068
0.6394989633333346,0.2431435882463666
0.6396989633333334,0.24293960134575548
0.6398989633333338,0.24273184543469714
0.6400989633333329,0.24252031815698644
0.6402989633333329,0.24230501729157705
0.6404989633333331,0.24208594075346174
0.6406989633333329,0.24186308659452818
0.6408989633333333,0.2416364530043993
0.6410989633333344,0.24140603831126778
0.6412989633333332,0.24117184098271327
0.6414989633333339,0.24093385962649277
0.6416989633333341,0.2406920929913429
0.641898963333333,0.2404465399677451
0.6420989633333327,0.24019719958868124
0.6422989633333331,0.2399440710303862
0.6424989633333322,0.23968715361307627
0.6426989633333335,0.23942644680165687
0.6428989633333344,0.23916195020643874
0.6430989633333333,0.2388936635838162
0.6432989633333339,0.23862158683693385
0.6434989633333332,0.23834572001636228
0.6436989633333323,0.2380660633207265
0.643898963333333,0.23778261709734036
0.6440989633333329,0.2374953818428294
0.6442989633333331,0.23720435820372038
0.6444989633333342,0.23690954697703334
0.6446989633333335,0.2366109491108576
0.6448989633333333,0.23630856570489756
0.6450989633333335,0.23600239801102635
0.6452989633333326,0.2356924474338128
0.6454989633333326,0.2353787155310286
0.6456989633333328,0.23506120401415742
0.6458989633333321,0.23473991474887626
0.6460989633333336,0.23441484975552013
0.6462989633333347,0.2340860112095531
0.6464989633333331,0.23375340144200188
0.6466989633333342,0.23341702293987043
0.6468989633333335,0.23307687834658297
0.6470989633333333,0.2327329704623548
0.647298963333333,0.2323853022445937
0.647498963333333,0.23203387680826318
0.6476989633333328,0.23167869742624184
0.6478989633333341,0.23131976752965966
0.6480989633333349,0.23095709070823622
0.6482989633333334,0.2305906707105874
0.6484989633333336,0.2302205114445126
0.6486989633333329,0.229846616977304
0.6488989633333331,0.22946899153599626
0.6490989633333333,0.22908763950763622
0.6492989633333319,0.22870256543952155
0.6494989633333337,0.22831377403941644
0.6496989633333343,0.2279212701757944
0.6498989633333336,0.22752505887801405
0.6500989633333336,0.22712514533650902
0.6502989633333336,0.22672153490296937
0.6504989633333331,0.2263142330904952
0.6506989633333329,0.22590324557373878
0.6508989633333329,0.22548857818903956
0.6510989633333324,0.2250702369345407
0.6512989633333339,0.2246482279702844
0.6514989633333346,0.22422255761831983
0.6516989633333334,0.22379323236276272
0.6518989633333336,0.22336025884985367
0.6520989633333332,0.22292364388802585
0.6522989633333331,0.22248339444792276
0.6524989633333331,0.22203951766242916
0.6526989633333329,0.22159202082667623
0.6528989633333333,0.22114091139803282
0.6530989633333342,0.22068619699609268
0.6532989633333333,0.22022788540264365
0.6534989633333337,0.21976598456160557
0.6536989633333341,0.21930050257899406
0.653898963333333,0.21883144772283863
0.6540989633333325,0.218358828423088
0.6542989633333327,0.21788265327152606
0.654498963333332,0.21740293102165892
0.6546989633333338,0.21691967058857445
0.6548989633333346,0.21643288104883385
0.6550989633333333,0.215942571640299
0.6552989633333337,0.21544875176196165
0.6554989633333337,0.21495143097379543
0.6556989633333328,0.2144506189965472
0.655898963333333,0.21394632571153316
0.6560989633333325,0.21343856116044088
0.6562989633333332,0.21292733554508247
0.6564989633333342,0.21241265922717123
0.6566989633333331,0.2118945427280674
0.6568989633333333,0.2113729967284924
0.657098963333334,0.2108480320682792
0.6572989633333328,0.21031965974607386
0.657498963333333,0.2097878909190169
0.657698963333333,0.20925273690245413
0.6578989633333321,0.20871420916959596
0.6580989633333336,0.20817231935116945
0.6582989633333345,0.2076270792350955
0.6584989633333334,0.20707850076610335
0.658698963333334,0.20652659604534584
0.6588989633333335,0.2059713773300443
0.6590989633333331,0.20541285703305956
0.659298963333333,0.20485104772249346
0.6594989633333328,0.20428596212126693
0.659698963333333,0.20371761310667774
0.6598989633333341,0.20314601370995825
0.6600989633333341,0.2025711771158223
0.6602989633333334,0.20199311666198164
0.6604989633333334,0.20141184583866792
0.6606989633333322,0.20082737828815023
0.6608989633333329,0.20023972780420746
0.6610989633333333,0.19964890833163976
0.6612989633333322,0.19905493396572327
0.6614989633333337,0.19845781895165676
0.6616989633333343,0.1978575776840495
0.6618989633333334,0.19725422470632753
0.6620989633333341,0.19664777471015704
0.6622989633333338,0.19603824253488766
0.6624989633333334,0.1954256431669306
0.6626989633333329,0.19480999173916147
0.6628989633333329,0.19419130353030056
0.6630989633333328,0.19356959396428672
0.6632989633333339,0.19294487860962944
0.6634989633333348,0.19231717317877034
0.6636989633333334,0.19168649352741507
0.6638989633333341,0.19105285565383923
0.6640989633333323,0.19041627569825054
0.6642989633333332,0.1897767699420377
0.6644989633333329,0.18913435480712296
0.6646989633333329,0.18848904685520187
0.6648989633333335,0.18784086278703588
0.6650989633333342,0.18718981944171603
0.6652989633333335,0.18653593379591363
0.6654989633333337,0.18587922296310871
0.6656989633333337,0.18521970419284411
0.6658989633333332,0.18455739486993208
0.666098963333333,0.18389231251366583
0.6662989633333329,0.18322447477702453
0.6664989633333325,0.1825538994458639
0.6666989633333336,0.18188060443808501
0.6668989633333346,0.18120460780282518
0.6670989633333331,0.18052592771960954
0.6672989633333339,0.17984458249747043
0.6674989633333337,0.17916059057414357
0.667698963333333,0.17847397051515365
0.6678989633333332,0.177784741012946
0.6680989633333327,0.17709292088600986
0.6682989633333332,0.17639852907795692
0.6684989633333345,0.17570158465662872
0.6686989633333331,0.17500210681318404
0.6688989633333338,0.17430011486112923
0.6690989633333335,0.1735956282354345
0.669298963333333,0.17288866649154752
0.6694989633333328,0.17217924930444872
0.669698963333333,0.17146739646768425
0.6698989633333321,0.17075312789239552
0.6700989633333336,0.1700364636063086
0.6702989633333345,0.16931742375278108
0.6704989633333331,0.16859602858976883
0.670698963333334,0.16787229848879606
0.6708989633333331,0.16714625393398466
0.6710989633333331,0.166417915520968
0.671298963333333,0.16568730395588727
0.6714989633333328,0.16495444005432577
0.671698963333333,0.16421934474024996
0.6718989633333343,0.16348203904494457
0.6720989633333332,0.1627425441059519
0.6722989633333332,0.16200088116594494
0.6724989633333338,0.16125707157167385
0.6726989633333329,0.16051113677285556
0.6728989633333329,0.1597630983210387
0.6730989633333329,0.1590129778685129
0.673298963333332,0.15826079716716857
0.6734989633333337,0.1575065780673435
0.6736989633333346,0.1567503425167208
0.6738989633333334,0.1559921125591397
0.6740989633333341,0.1552319103334246
0.6742989633333336,0.15446975807225877
0.6744989633333336,0.15370567810096405
0.6746989633333329,0.15293969283634218
0.6748989633333329,0.15217182478546054
0.6750989633333331,0.15140209654446674
0.675298963333334,0.15063053079736788
0.6754989633333344,0.14985715031482255
0.6756989633333337,0.14908197795290754
0.6758989633333334,0.14830503665187722
0.6760989633333327,0.14752634943494117
0.676298963333333,0.14674593940699732
0.6764989633333334,0.14596382975339253
0.6766989633333322,0.14518004373865576
0.6768989633333338,0.14439460470519933
0.6770989633333344,0.14360753607209498
0.6772989633333335,0.14281886133374708
0.6774989633333337,0.1420286040585977
0.6776989633333337,0.14123678788785685
0.6778989633333334,0.1404434365341745
0.6780989633333323,0.13964857378033524
0.6782989633333325,0.13885222347792392
0.6784989633333325,0.13805440954602521
0.678698963333334,0.13725515596986157
0.6788989633333344,0.1364544867994839
0.6790989633333333,0.13565242614839837
0.6792989633333335,0.13484899819220816
0.6794989633333337,0.13404422716728462
0.6796989633333328,0.13323813736938295
0.6798989633333332,0.13243075315225716
0.6800989633333323,0.1316220989263164
0.6802989633333336,0.13081219915719466
0.680498963333334,0.13000107836441316
0.6806989633333334,0.12918876111994496
0.6808989633333331,0.128375272046818
0.681098963333334,0.12756063581771782
0.6812989633333331,0.1267448771535855
0.6814989633333326,0.12592802082216364
0.6816989633333328,0.12511009163660097
0.6818989633333321,0.1242911144540221
0.6820989633333341,0.12347111417406466
0.6822989633333345,0.12265011573749206
0.6824989633333334,0.12182814412469964
0.682698963333334,0.12100522435426833
0.6828989633333338,0.12018138148154822
0.6830989633333326,0.11935664059716372
0.6832989633333328,0.11853102682555094
0.6834989633333328,0.11770456532351423
0.6836989633333332,0.11687728127872804
0.6838989633333343,0.11604919990827058
0.6840989633333332,0.11522034645715325
0.6842989633333334,0.11439074619679536
0.684498963333334,0.1135604244235792
0.6846989633333329,0.1127294064573438
0.6848989633333329,0.11189771763986031
0.6850989633333326,0.11106538333336968
0.685298963333332,0.11023242891905563
0.6854989633333337,0.10939887979552829
0.6856989633333344,0.10856476137735181
0.6858989633333334,0.10773009909349021
0.6860989633333341,0.1068949183857873
0.6862989633333334,0.1060592447074852
0.6864989633333332,0.10522310352165648
0.6866989633333329,0.10438652029970552
0.6868989633333324,0.10354952051982949
0.6870989633333331,0.10271212966548039
0.687298963333334,0.10187437322384692
0.6874989633333335,0.1010362766843109
0.6876989633333337,0.10019786553689114
0.6878989633333337,0.09935916527072922
0.6880989633333328,0.09852020137253395
0.6882989633333323,0.09768099932502913
0.6884989633333327,0.09684158460541945
0.6886989633333322,0.09600198268384819
0.6888989633333338,0.09516221902181926
0.6890989633333342,0.09432231907069118
0.6892989633333333,0.09348230827008834
0.6894989633333342,0.09264221204634633
0.6896989633333339,0.09180205581099754
0.6898989633333337,0.09096186495917473
0.6900989633333328,0.09012166486808063
0.6902989633333327,0.08928148089541534
0.6904989633333327,0.08844133837784032
0.690698963333334,0.0876012626294028
0.6908989633333349,0.08676127894000202
0.6910989633333335,0.08592141257382005
0.6912989633333335,0.08508168876774388
0.6914989633333326,0.08424213272985623
0.6916989633333328,0.08340276963783896
0.691898963333333,0.08256362463744917
0.6920989633333328,0.08172472284094989
0.6922989633333336,0.08088608932555183
0.692498963333334,0.08004774913188328
0.6926989633333336,0.07920972726242176
0.6928989633333336,0.07837204867994241
0.6930989633333338,0.07753473830598422
0.6932989633333335,0.07669782101929955
0.6934989633333326,0.0758613216543062
0.6936989633333328,0.07502526499953888
0.6938989633333323,0.07418967579613198
0.6940989633333337,0.07335457873624956
0.6942989633333343,0.07251999846158762
0.6944989633333332,0.07168595956181542
0.694698963333334,0.07085248657303009
0.6948989633333331,0.0700196039762813
0.6950989633333331,0.06918733619598846
0.6952989633333331,0.06835570759846092
0.6954989633333328,0.06752474249036243
0.6956989633333337,0.06669446511719303
0.6958989633333339,0.06586489966179716
0.6960989633333332,0.06503607024283739
0.6962989633333341,0.06420800091328628
0.6964989633333338,0.06338071565895947
0.6966989633333334,0.06255423839698467
0.6968989633333322,0.06172859297433128
0.6970989633333329,0.060903803166306864
0.697298963333332,0.060079892675111234
0.6974989633333335,0.05925688512830605
0.6976989633333339,0.05843480407740435
0.6978989633333332,0.057613672996358306
0.6980989633333341,0.056793515280101715
0.6982989633333334,0.05597435424312906
0.698498963333333,0.0551562131180015
0.6986989633333329,0.05433911505392897
0.6988989633333329,0.05352308311532818
0.6990989633333331,0.05270814028038474
0.6992989633333344,0.051894309439627063
0.6994989633333333,0.05108161339452761
0.6996989633333337,0.0502700748560406
0.6998989633333339,0.049459716443250104
0.700098963333333,0.04865056068194309
0.7002989633333323,0.047842630003211616
0.700498963333333,0.04703594674207727
0.700698963333332,0.04623053313612821
0.700898963333334,0.045426411324102994
0.7010989633333349,0.044623603344591076
0.7012989633333333,0.043822131134632805
0.7014989633333335,0.043022016528360754
0.7016989633333337,0.042223281255706804
0.7018989633333337,0.041425946941040945
0.702098963333333,0.04063003510185579
0.7022989633333327,0.03983556714744571
0.7024989633333327,0.039042564377612804
0.702698963333334,0.03825104798136014
0.702898963333334,0.03746103903562424
0.7030989633333335,0.03667255850396802
0.7032989633333335,0.035885627235325845
0.7034989633333326,0.0351002659627526
0.7036989633333333,0.03431649530215028
0.7038989633333332,0.033534335751060906
0.7040989633333323,0.03275380768741
0.7042989633333336,0.03197493136828113
0.7044989633333345,0.031197726928741454
0.7046989633333336,0.030422214380613995
0.704898963333334,0.029648413611276507
0.7050989633333338,0.0288763443825195
0.7052989633333335,0.028106026329348513
0.7054989633333324,0.027337478958843003
0.7056989633333326,0.02657072164899254
0.7058989633333326,0.025805773647588237
0.7060989633333341,0.025042654071072024
0.7062989633333343,0.024281381903454965
0.7064989633333334,0.023521975995186913
0.7066989633333338,0.02276445506207128
0.7068989633333334,0.022008837684213974
0.7070989633333331,0.021255142304928067
0.7072989633333326,0.02050338722969927
0.7074989633333326,0.019753590625135375
0.7076989633333337,0.019005770517941716
0.7078989633333344,0.018259944793913917
0.7080989633333334,0.017516131196924394
0.7082989633333336,0.01677434732791963
0.7084989633333336,0.016034610643971412
0.7086989633333332,0.015296938457293078
0.7088989633333329,0.014561347934288753
0.7090989633333329,0.013827856094620977
0.709298963333332,0.013096479810287104
0.7094989633333335,0.012367235804687416
0.7096989633333346,0.011640140651766303
0.7098989633333332,0.010915210775101686
0.7100989633333341,0.010192462447013873
0.7102989633333332,0.009471911787764438
0.7104989633333327,0.008753574764659768
0.7106989633333329,0.008037467191252395
0.7108989633333327,0.007323604726524231
0.7110989633333331,0.006612002874074031
0.7112989633333344,0.005902676981343076
0.7114989633333335,0.005195642238852708
0.7116989633333335,0.0044909136794144605
0.7118989633333339,0.0037885061774230082
0.7120989633333332,0.0030884344481206232
0.712298963333333,0.0023907130468708016
0.7124989633333323,0.0016953563684807323
0.712698963333332,0.001002378646504919
0.7128989633333338,0.0003117939525827274
0.7130989633333349,-0.0003763838041962956
0.7132989633333331,-0.0010621408779442846
0.7134989633333342,-0.0017454636866212313
0.7136989633333333,-0.0024263388125761853
0.713898963333333,-0.0031047530031987035
0.7140989633333326,-0.003780693171454649
0.7142989633333323,-0.004454146396460636
0.714498963333333,-0.005125099924022487
0.7146989633333345,-0.005793541167158094
0.7148989633333338,-0.0064594577065998195
0.7150989633333331,-0.007122837291316727
0.7152989633333335,-0.007783667838971022
0.7154989633333328,-0.008441937436372803
0.7156989633333324,-0.009097634339948472
0.7158989633333326,-0.009750746976155432
0.7160989633333319,-0.010401263941891767
0.7162989633333341,-0.011049174004916536
0.7164989633333343,-0.011694466104184852
0.7166989633333336,-0.012337129350259206
0.716898963333334,-0.012977153025639811
0.717098963333334,-0.0136145265850814
0.7172989633333335,-0.014249239655923392
0.7174989633333326,-0.014881282038382394
0.7176989633333328,-0.015510643705837743
0.7178989633333328,-0.01613731480508145
0.7180989633333343,-0.016761285656584156
0.7182989633333348,-0.01738254675470197
0.7184989633333336,-0.018001088767910733
0.7186989633333338,-0.018616902539005983
0.7188989633333327,-0.019229979085255366
0.7190989633333329,-0.01984030959859485
0.7192989633333329,-0.020447885445745412
0.7194989633333326,-0.021052698168359744
0.7196989633333335,-0.021654739483133456
0.7198989633333344,-0.02225400128188859
0.7200989633333337,-0.02285047563165797
0.7202989633333337,-0.023444154774758447
0.7204989633333341,-0.024035031128816636
0.7206989633333336,-0.024623097286799733
0.7208989633333325,-0.025208346017033496
0.7210989633333329,-0.02579077026319626
0.7212989633333322,-0.026370363144274944
0.721498963333334,-0.026947117954556232
0.7216989633333344,-0.0275210281635293
0.7218989633333333,-0.028092087415842223
0.7220989633333339,-0.028660289531209745
0.7222989633333332,-0.02922562850427588
0.722498963333333,-0.029788098504520032
0.7226989633333329,-0.030347693876094733
0.7228989633333325,-0.030904409137670195
0.7230989633333336,-0.0314582389822663
0.7232989633333344,-0.03200917827704124
0.7234989633333333,-0.03255722206309152
0.7236989633333335,-0.033102365555238975
0.7238989633333339,-0.03364460414176053
0.724098963333333,-0.03418393338413849
0.7242989633333323,-0.034720349016792905
0.7244989633333323,-0.03525384694677599
0.7246989633333321,-0.03578442325346111
0.724898963333334,-0.03631207418822791
0.7250989633333345,-0.036836796174093425
0.7252989633333331,-0.03735858580537758
0.725498963333334,-0.03787743984732862
0.7256989633333335,-0.03839335523569883
0.7258989633333328,-0.03890632907636772
0.7260989633333326,-0.03941635864490283
0.7262989633333328,-0.039923441386117794
0.726498963333333,-0.0404275749136148
0.7266989633333345,-0.04092875700931664
0.7268989633333336,-0.04142698562295946
0.7270989633333331,-0.04192225887161651
0.7272989633333338,-0.042414575039154176
0.7274989633333331,-0.04290393257569265
0.7276989633333326,-0.043390330097070294
0.7278989633333326,-0.04387376638426179
0.7280989633333319,-0.0443542403827942
0.7282989633333341,-0.04483175120216124
0.7284989633333343,-0.045306298115177446
0.7286989633333336,-0.045777880557381974
0.728898963333334,-0.04624649812638107
0.7290989633333336,-0.0467121505811758
0.7292989633333331,-0.04717483784150276
0.7294989633333326,-0.04763455998713481
0.7296989633333324,-0.0480913172571782
0.7298989633333328,-0.04854511004935269
0.7300989633333339,-0.04899593891925536
0.7302989633333341,-0.04944380457960919
0.7304989633333334,-0.04988870789950642
0.7306989633333334,-0.05033064990363077
0.7308989633333327,-0.05076963177145581
0.7310989633333329,-0.05120565483645148
0.7312989633333329,-0.05163872058525225
0.7314989633333322,-0.05206883065683037
0.7316989633333335,-0.05249598684165406
0.7318989633333346,-0.052920191080808865
0.7320989633333337,-0.05334144546513492
0.7322989633333341,-0.053759752234349104
0.7324989633333341,-0.05417511377612177
0.7326989633333334,-0.054587532625177584
0.7328989633333325,-0.05499701146236569
0.7330989633333325,-0.05540355311372035
0.7332989633333324,-0.05580716054950281
0.7334989633333342,-0.05620783688324557
0.7336989633333344,-0.056605585370759305
0.7338989633333337,-0.057000409409161255
0.7340989633333339,-0.05739231253586757
0.734298963333333,-0.05778129842756969
0.734498963333333,-0.05816737089922378
0.7346989633333327,-0.05855053390299944
0.7348989633333325,-0.05893079152723936
0.7350989633333338,-0.05930814799539874
0.7352989633333344,-0.059682607664964006
0.7354989633333335,-0.06005417502637981
0.7356989633333335,-0.0604228547019587
0.7358989633333335,-0.0607886514447646
0.7360989633333332,-0.061151570137504566
0.7362989633333328,-0.061511615791402706
0.7364989633333328,-0.06186879354506505
0.7366989633333321,-0.06222310866332871
0.7368989633333345,-0.06257456653611786
0.7370989633333347,-0.0629231726772532
0.7372989633333336,-0.06326893272330304
0.7374989633333338,-0.06361185243239065
0.7376989633333333,-0.06395193768298826
0.737898963333333,-0.0642891944727269
0.7380989633333328,-0.0646236289171767
0.7382989633333323,-0.06495524724862745
0.7384989633333332,-0.06528405581486142
0.7386989633333343,-0.0656100610779075
0.7388989633333336,-0.06593326961279727
0.739098963333334,-0.06625368810631942
0.739298963333334,-0.06657132335574163
0.7394989633333331,-0.06688618226754883
0.7396989633333324,-0.06719827185616564
0.7398989633333326,-0.0675075992426674
0.7400989633333319,-0.06781417165348397
0.7402989633333337,-0.06811799641911151
0.7404989633333343,-0.06841908097278733
0.7406989633333332,-0.06871743284919098
0.7408989633333338,-0.06901305968312617
0.7410989633333334,-0.06930596920817848
0.7412989633333331,-0.06959616925539847
0.7414989633333329,-0.06988366775195486
0.7416989633333326,-0.0701684727197927
0.7418989633333326,-0.07045059227428366
0.7420989633333344,-0.07073003462287211
0.7422989633333339,-0.0710068080637053
0.7424989633333334,-0.07128092098428421
0.7426989633333336,-0.07155238186008266
0.7428989633333329,-0.07182119925317094
0.7430989633333325,-0.07208738181084398
0.7432989633333329,-0.07235093826423272
0.7434989633333318,-0.07261187742691372
0.7436989633333335,-0.07287020819352998
0.7438989633333346,-0.073125939538377
0.7440989633333333,-0.0733790805140166
0.7442989633333339,-0.0736296402498804
0.7444989633333337,-0.07387762795084782
0.7446989633333336,-0.07412305289585233
0.7448989633333327,-0.07436592443646303
0.7450989633333329,-0.07460625199547803
0.7452989633333329,-0.07484404506550109
0.7454989633333342,-0.07507931320753161
0.7456989633333344,-0.07531206604953677
0.7458989633333335,-0.07554231328503806
0.7460989633333337,-0.07577006467168798
0.7462989633333326,-0.07599533002983797
0.746498963333333,-0.07621811924112451
0.746698963333333,-0.07643844224703139
0.7468989633333325,-0.07665630904747031
0.7470989633333338,-0.07687172969935352
0.7472989633333342,-0.0770847143151579
0.7474989633333338,-0.07729527306150533
0.7476989633333335,-0.07750341615773262
0.7478989633333335,-0.07770915387446112
0.7480989633333337,-0.07791249653217032
0.7482989633333323,-0.07811345449976952
0.748498963333333,-0.0783120381931781
0.7486989633333323,-0.0785082580738886
0.7488989633333341,-0.0787021246475564
0.7490989633333345,-0.07889364846256244
0.7492989633333331,-0.07908284010860306
0.749498963333334,-0.07926971021527113
0.7496989633333333,-0.07945426945062738
0.7498989633333333,-0.07963652851979763
0.7500989633333328,-0.0798164981635513
0.7502989633333326,-0.07999418915689531
0.7504989633333334,-0.08016961230766485
0.7506989633333341,-0.08034277845511606
0.7508989633333336,-0.08051369846852664
0.751098963333334,-0.08068238324579893
0.7512989633333338,-0.08084884371205919
0.7514989633333331,-0.0810130908182701
0.7516989633333324,-0.08117513553984203
0.7518989633333326,-0.08133498887524866
0.7520989633333319,-0.08149266184464488
0.7522989633333339,-0.08164816548849754
0.7524989633333343,-0.08180151086620435
0.7526989633333334,-0.08195270905473702
0.7528989633333341,-0.08210177114727801
0.7530989633333336,-0.08224870825185845
0.7532989633333329,-0.08239353149001322
0.7534989633333329,-0.08253625199543294
0.7536989633333326,-0.082676880912622
0.7538989633333331,-0.08281542939556696
0.7540989633333346,-0.08295190860640614
0.7542989633333337,-0.08308632971410446
0.7544989633333337,-0.08321870389314502
0.7546989633333341,-0.08334904232221146
0.754898963333333,-0.08347735618288653
0.7550989633333325,-0.08360365665835907
0.7552989633333325,-0.08372795493213006
0.755498963333332,-0.08385026218673096
0.7556989633333338,-0.08397058960245145
0.7558989633333344,-0.08408894835606479
0.7560989633333337,-0.0842053496195736
0.7562989633333339,-0.08431980455895628
0.7564989633333334,-0.08443232433291856
0.7566989633333334,-0.08454292009166015
0.7568989633333327,-0.08465160297564353
0.7570989633333325,-0.08475838411437575
0.7572989633333329,-0.08486327462519472
0.7574989633333338,-0.08496628561206639
0.757698963333334,-0.08506742816438963
0.7578989633333335,-0.08516671335581165
0.7580989633333337,-0.08526415224305145
0.7582989633333328,-0.08535975586473028
0.7584989633333323,-0.08545353524021629
0.7586989633333323,-0.08554550136847383
0.7588989633333321,-0.0856356652269246
0.7590989633333338,-0.08572403777031992
0.7592989633333342,-0.08581062992961772
0.7594989633333336,-0.08589545261087661
0.7596989633333342,-0.08597851669415651
0.759898963333334,-0.08605983303242595
0.7600989633333333,-0.08613941245048712
0.7602989633333324,-0.08621726574390592
0.7604989633333326,-0.08629340367795502
0.7606989633333323,-0.08636783698656562
0.7608989633333341,-0.08644057637129422
0.7610989633333345,-0.08651163250029342
0.7612989633333336,-0.0865810160073022
0.761498963333334,-0.0866487374906422
0.7616989633333329,-0.086714807512224
0.7618989633333326,-0.08677923659657079
0.7620989633333328,-0.08684203522984706
0.7622989633333326,-0.08690321385890305
0.7624989633333337,-0.08696278289033041
0.7626989633333341,-0.08702075268952722
0.7628989633333336,-0.08707713357977842
0.763098963333334,-0.08713193584134699
0.7632989633333338,-0.087185169710575
0.7634989633333331,-0.08723684537900063
0.7636989633333324,-0.08728697299248504
0.7638989633333331,-0.08733556265035282
0.7640989633333322,-0.08738262440454281
0.7642989633333337,-0.08742816825877611
0.7644989633333339,-0.08747220416773058
0.7646989633333334,-0.08751474203623363
0.7648989633333338,-0.08755579171846502
0.7650989633333334,-0.08759536301717245
0.7652989633333329,-0.08763346568290119
0.7654989633333329,-0.08767010941323661
0.7656989633333326,-0.08770530385205899
0.7658989633333333,-0.08773905858881262
0.7660989633333342,-0.08777138315778699
0.7662989633333332,-0.08780228703741227
0.7664989633333339,-0.08783177964956856
0.7666989633333343,-0.08785987035890645
0.7668989633333332,-0.08788656847218335
0.7670989633333325,-0.08791188323761263
0.7672989633333325,-0.08793582384422596
0.767498963333332,-0.08795839942124918
0.7676989633333335,-0.0879796190374932
0.767898963333334,-0.0879994917007567
0.7680989633333333,-0.08801802635724436
0.7682989633333344,-0.08803523189099845
0.7684989633333337,-0.08805111712334296
0.768698963333333,-0.08806569081234393
0.7688989633333323,-0.0880789616522819
0.7690989633333327,-0.08809093827313913
0.7692989633333329,-0.08810162924010062
0.7694989633333342,-0.08811104305306926
0.7696989633333335,-0.08811918814619506
0.7698989633333335,-0.08812607288741856
0.7700989633333342,-0.08813170557802794
0.770298963333333,-0.08813609445223042
0.7704989633333323,-0.08813924767673872
0.7706989633333323,-0.08814117335036975
0.7708989633333321,-0.08814187950365951
0.7710989633333338,-0.08814137409849085
0.7712989633333345,-0.08813966502773575
0.7714989633333331,-0.08813676011491242
0.7716989633333342,-0.08813266711385531
0.7718989633333335,-0.08812739370840095
0.7720989633333335,-0.08812094751208631
0.7722989633333328,-0.08811333606786274
0.7724989633333328,-0.08810456684782339
0.7726989633333328,-0.08809464725294493
0.7728989633333341,-0.08808358461284353
0.773098963333334,-0.08807138618554507
0.7732989633333334,-0.08805805915726934
0.7734989633333338,-0.08804361064222828
0.7736989633333329,-0.08802804768243894
0.7738989633333329,-0.08801137724754952
0.7740989633333326,-0.08799360623468075
0.7742989633333326,-0.08797474146828015
0.7744989633333337,-0.08795478969999102
0.7746989633333341,-0.08793375760853527
0.7748989633333336,-0.08791165179961015
0.7750989633333341,-0.08788847880579867
0.775298963333334,-0.08786424508649482
0.7754989633333336,-0.08783895702784125
0.775698963333332,-0.08781262094268226
0.7758989633333326,-0.08778524307052898
0.7760989633333324,-0.0877568295775404
0.7762989633333339,-0.08772738655651549
0.7764989633333339,-0.08769692002690183
0.7766989633333337,-0.08766543593481496
0.7768989633333341,-0.08763294015307306
0.7770989633333334,-0.08759943848124552
0.7772989633333331,-0.0875649366457128
0.7774989633333325,-0.08752944029974197
0.7776989633333329,-0.08749295502357429
0.7778989633333335,-0.08745548632452642
0.7780989633333342,-0.08741703963710476
0.7782989633333333,-0.08737762032313334
0.7784989633333343,-0.0873372336718925
0.7786989633333341,-0.08729588490027557
0.778898963333333,-0.08725357915295259
0.7790989633333325,-0.08721032150255048
0.7792989633333327,-0.08716611694984536
0.779498963333332,-0.08712097042396764
0.779698963333334,-0.08707488678261764
0.7798989633333342,-0.08702787081229862
0.7800989633333335,-0.08697992722855613
0.7802989633333342,-0.08693106067623363
0.7804989633333337,-0.08688127572974091
0.7806989633333328,-0.08683057689333148
0.7808989633333323,-0.08677896860139447
0.781098963333333,-0.0867264552187586
0.7812989633333332,-0.08667304104100727
0.7814989633333342,-0.08661873029480491
0.7816989633333336,-0.08656352713823734
0.7818989633333338,-0.08650743566116009
0.7820989633333342,-0.08645045988556246
0.782298963333333,-0.08639260376594057
0.7824989633333324,-0.08633387118968092
0.7826989633333326,-0.08627426597745758
0.7828989633333321,-0.08621379188363995
0.7830989633333336,-0.08615245259670898
0.783298963333334,-0.08609025173968912
0.7834989633333336,-0.08602719287058579
0.783698963333334,-0.08596327948283641
0.7838989633333338,-0.08589851500577309
0.7840989633333331,-0.08583290280509268
0.7842989633333322,-0.08576644618333967
0.7844989633333328,-0.08569914838039748
0.784698963333333,-0.08563101257399298
0.7848989633333341,-0.08556204188020633
0.7850989633333341,-0.08549223935399576
0.7852989633333336,-0.08542160798972705
0.785498963333334,-0.08535015072171635
0.7856989633333329,-0.0852778704247827
0.7858989633333324,-0.0852047699148055
0.7860989633333326,-0.08513085194929707
0.7862989633333322,-0.08505611922798081
0.7864989633333339,-0.0849805743933777
0.7866989633333343,-0.08490422003140632
0.7868989633333334,-0.08482705867198544
0.7870989633333343,-0.08474909278964762
0.7872989633333345,-0.08467032480416559
0.7874989633333334,-0.08459075708118013
0.7876989633333322,-0.0845103919328392
0.7878989633333329,-0.0844292316184458
0.7880989633333328,-0.08434727834511498
0.7882989633333339,-0.08426453426843304
0.7884989633333344,-0.0841810014931319
0.7886989633333334,-0.08409668207376472
0.7888989633333343,-0.08401157801539028
0.7890989633333323,-0.08392569127427096
0.7892989633333327,-0.08383902375856425
0.7894989633333322,-0.08375157732903801
0.7896989633333329,-0.08366335379977768
0.789898963333334,-0.08357435493890968
0.7900989633333342,-0.08348458246932766
0.7902989633333335,-0.08339403806942407
0.7904989633333339,-0.08330272337382945
0.7906989633333339,-0.08321063997416006
0.790898963333333,-0.08311778941976675
0.7910989633333321,-0.08302417321849195
0.7912989633333327,-0.08292979283743251
0.7914989633333327,-0.08283464970370975
0.7916989633333338,-0.08273874520523919
0.7918989633333342,-0.08264208069151231
0.7920989633333335,-0.0825446574743781
0.7922989633333342,-0.08244647682883033
0.7924989633333339,-0.08234753999380443
0.792698963333333,-0.08224784817297148
0.7928989633333323,-0.08214740253554126
0.7930989633333327,-0.08204620421706843
0.7932989633333336,-0.0819442543202641
0.7934989633333345,-0.08184155391580876
0.7936989633333336,-0.08173810404317136
0.7938989633333342,-0.08163390571142767
0.794098963333334,-0.08152895990009074
0.7942989633333333,-0.08142326755993523
0.7944989633333319,-0.08131682961383058
0.7946989633333323,-0.08120964695757377
0.7948989633333323,-0.08110172046073111
0.7950989633333336,-0.08099305096747318
0.795298963333334,-0.0808836392974222
0.7954989633333334,-0.08077348624649372
0.7956989633333345,-0.08066259258774325
0.7958989633333338,-0.08055095907222082
0.7960989633333331,-0.08043858642981579
0.7962989633333324,-0.08032547537011386
0.7964989633333328,-0.08021162658324982
0.7966989633333332,-0.08009704074076582
0.7968989633333343,-0.07998171849646613
0.7970989633333334,-0.07986566048727876
0.7972989633333336,-0.0797488673341095
0.7974989633333345,-0.07963133964270772
0.7976989633333331,-0.07951307800452648
0.797898963333332,-0.07939408299757973
0.7980989633333324,-0.07927435518730754
0.798298963333332,-0.07915389512743988
0.7984989633333339,-0.07903270336085308
0.7986989633333346,-0.0789107804204394
0.7988989633333334,-0.07878812682996242
0.7990989633333347,-0.07866474310491753
0.7992989633333336,-0.07854062975340108
0.7994989633333334,-0.07841578727695986
0.7996989633333322,-0.07829021617145837
0.7998989633333331,-0.07816391692793077
0.8000989633333329,-0.07803689003344486
0.8002989633333335,-0.07790913597195048
0.8004989633333344,-0.07778065522513872
0.8006989633333339,-0.0776514482732933
0.8008989633333341,-0.07752151559613872
0.8010989633333327,-0.07739085767369402
0.8012989633333325,-0.07725947498711377
0.8014989633333325,-0.0771273680195383
0.8016989633333325,-0.07699453725693309
0.801898963333334,-0.07686098318892799
0.8020989633333344,-0.07672670630965839
0.8022989633333335,-0.07659170711859513
0.8024989633333339,-0.07645598612137576
0.8026989633333339,-0.07631954383063767
0.8028989633333332,-0.0761823807668395
0.8030989633333321,-0.07604449745908376
0.8032989633333327,-0.0759058944459339
0.8034989633333325,-0.07576657227623405
0.803698963333334,-0.07562653150991291
0.803898963333334,-0.07548577271879874
0.8040989633333335,-0.07534429648741511
0.8042989633333344,-0.07520210341378253
0.8044989633333337,-0.07505919411021664
0.8046989633333324,-0.07491556920411277
0.8048989633333323,-0.07477122933873306
0.8050989633333328,-0.07462617517399056
0.8052989633333338,-0.07448040738722222
0.8054989633333338,-0.07433392667396245
0.8056989633333336,-0.07418673374870584
0.8058989633333342,-0.07403882934566952
0.806098963333334,-0.07389021421955133
0.8062989633333331,-0.07374088914627615
0.8064989633333319,-0.0735908549237416
0.8066989633333326,-0.07344011237255595
0.8068989633333323,-0.07328866233677579
0.8070989633333341,-0.07313650568462536
0.8072989633333345,-0.07298364330922645
0.8074989633333336,-0.07283007612930581
0.8076989633333345,-0.07267580508990404
0.8078989633333338,-0.07252083116308491
0.8080989633333326,-0.07236515534862252
0.8082989633333322,-0.07220877867469397
0.808498963333333,-0.07205170219856141
0.8086989633333332,-0.0718939270072497
0.8088989633333341,-0.07173545421820984
0.8090989633333336,-0.07157628497998558
0.8092989633333338,-0.07141642047286198
0.8094989633333345,-0.07125586190951698
0.8096989633333329,-0.07109461053566138
0.8098989633333318,-0.07093266763066458
0.8100989633333324,-0.07077003450818442
0.8102989633333322,-0.070606712516786
0.8104989633333337,-0.07044270304054359
0.8106989633333344,-0.07027800749965005
0.8108989633333337,-0.07011262735100407
0.8110989633333341,-0.0699465640887949
0.8112989633333336,-0.06977981924508529
0.8114989633333329,-0.06961239439037442
0.811698963333332,-0.06944429113416124
0.8118989633333331,-0.06927551112549403
0.8120989633333331,-0.06910605605352055
0.812298963333334,-0.06893592764801401
0.8124989633333335,-0.06876512767990749
0.8126989633333339,-0.06859365796180428
0.8128989633333339,-0.06842152034849354
0.8130989633333328,-0.06824871673744641
0.8132989633333321,-0.06807524906930609
0.8134989633333325,-0.06790111932837184
0.8136989633333327,-0.06772632954307359
0.813898963333334,-0.0675508817864309
0.8140989633333344,-0.06737477817651293
0.8142989633333333,-0.06719802087687957
0.8144989633333346,-0.06702061209701385
0.8146989633333344,-0.06684255409275981
0.814898963333333,-0.06666384916672817
0.8150989633333321,-0.06648449966870645
0.815298963333333,-0.06630450799605773
0.8154989633333329,-0.06612387659411217
0.815698963333334,-0.06594260795653725
0.815898963333334,-0.06576070462571422
0.8160989633333338,-0.0655781691930901
0.8162989633333346,-0.06539500429952874
0.8164989633333326,-0.06521121263565477
0.8166989633333324,-0.0650267969421698
0.8168989633333319,-0.06484176001018489
0.8170989633333328,-0.06465610468151986
0.8172989633333341,-0.06446983384900765
0.817498963333334,-0.064282950456781
0.8176989633333336,-0.06409545750054735
0.8178989633333342,-0.06390735802785878
0.818098963333334,-0.06371865513837364
0.8182989633333329,-0.06352935198409852
0.8184989633333315,-0.06333945176962702
0.818698963333333,-0.06314895775236419
0.818898963333333,-0.0629578732427529
0.8190989633333341,-0.06276620160446546
0.8192989633333341,-0.0625739462546106
0.8194989633333336,-0.062381110663911214
0.8196989633333345,-0.06218769835688039
0.8198989633333331,-0.06199371291199171
0.8200989633333329,-0.061799157961821026
0.8202989633333322,-0.06160403719320074
0.820498963333333,-0.061408354347344166
0.8206989633333337,-0.061212113219974565
0.8208989633333339,-0.06101531766143096
0.8210989633333334,-0.060817971576770755
0.8212989633333343,-0.0606200789258575
0.8214989633333338,-0.060421643723447244
0.8216989633333329,-0.06022267003924943
0.8218989633333316,-0.06002316199798957
0.8220989633333324,-0.05982312377945353
0.8222989633333324,-0.059622559618532994
0.8224989633333335,-0.05942147380524131
0.8226989633333339,-0.0592198706847384
0.8228989633333337,-0.0590177546573304
0.8230989633333343,-0.05881513017846482
0.8232989633333336,-0.05861200175872017
0.823498963333333,-0.05840837396377234
0.823698963333332,-0.0582042514143627
0.8238989633333331,-0.057999638786246976
0.8240989633333331,-0.05779454081014518
0.8242989633333342,-0.05758896227166234
0.8244989633333335,-0.057382908011220354
0.8246989633333339,-0.05717638292395774
0.8248989633333339,-0.05696939195964018
0.8250989633333323,-0.056761940122545554
0.8252989633333316,-0.05655403247134031
0.8254989633333325,-0.056345674118954
0.8256989633333325,-0.0561368702324396
0.8258989633333342,-0.055927626032813524
0.8260989633333344,-0.055717946794905764
0.8262989633333333,-0.05550783784717765
0.8264989633333346,-0.05529730457154004
0.8266989633333337,-0.055086352403173555
0.8268989633333332,-0.05487498683030976
0.8270989633333321,-0.05466321339403043
0.8272989633333332,-0.054451037688037066
0.8274989633333332,-0.054238465358428946
0.8276989633333336,-0.05402550210344953
0.8278989633333338,-0.05381215367324142
0.828098963333334,-0.053598425869581204
0.828298963333334,-0.05338432454560884
0.8284989633333326,-0.05316985560554677
0.8286989633333324,-0.052955025004403716
0.8288989633333324,-0.052739838747681234
0.8290989633333328,-0.05252430289105847
0.8292989633333341,-0.052308423540073076
0.8294989633333345,-0.052092206849794404
0.8296989633333336,-0.05187565902448092
0.8298989633333349,-0.05165878631722885
0.830098963333334,-0.05144159502962782
0.8302989633333333,-0.051224091511378064
0.830498963333332,-0.05100628215992556
0.8306989633333328,-0.05078817342006951
0.8308989633333328,-0.050569771783578805
0.8310989633333341,-0.05035108378877701
0.8312989633333341,-0.050132116020141455
0.8314989633333336,-0.049912875107873816
0.8316989633333345,-0.04969336772747321
0.8318989633333334,-0.049473600599305216
0.8320989633333329,-0.04925358048814292
0.832298963333332,-0.049033314202722625
0.8324989633333328,-0.04881280859527255
0.8326989633333339,-0.048592070561048695
0.8328989633333339,-0.04837110703785058
0.8330989633333334,-0.04814992500553064
0.8332989633333341,-0.04792853148549939
0.8334989633333336,-0.04770693354022568
0.8336989633333329,-0.04748513827271733
0.833898963333332,-0.04726315282600474
0.8340989633333329,-0.04704098438261005
0.8342989633333326,-0.046818640164018925
0.8344989633333335,-0.046596127430126484
0.8346989633333342,-0.04637345347869581
0.8348989633333337,-0.046150625644795565
0.8350989633333346,-0.045927651300231326
0.8352989633333336,-0.04570453785298262
0.8354989633333327,-0.04548129274661171
0.8356989633333318,-0.04525792345968386
0.8358989633333331,-0.0450344375051695
0.8360989633333331,-0.04481084242985207
0.836298963333334,-0.04458714581370812
0.8364989633333335,-0.044363355269304544
0.8366989633333339,-0.04413947844116811
0.8368989633333339,-0.043915523005167455
0.837098963333333,-0.043691496667874787
0.8372989633333321,-0.043467407165925634
0.8374989633333323,-0.043243262265374734
0.8376989633333327,-0.04301906976104643
0.8378989633333336,-0.0427948374758736
0.8380989633333342,-0.042570573260236645
0.8382989633333335,-0.04234628499129346
0.8384989633333344,-0.04212198057229985
0.8386989633333335,-0.04189766793194049
0.838898963333333,-0.04167335502363026
0.8390989633333319,-0.04144904982483283
0.8392989633333332,-0.041224760336356386
0.8394989633333334,-0.04100049458166444
0.839698963333334,-0.04077626060615628
0.8398989633333334,-0.040552066476465684
0.8400989633333338,-0.04032792027973638
0.8402989633333342,-0.04010383012291059
0.8404989633333326,-0.03987980413200094
0.8406989633333319,-0.039655850451354856
0.8408989633333324,-0.03943197724292926
0.8410989633333328,-0.039208192685551535
0.8412989633333341,-0.03898450497417373
0.8414989633333343,-0.03876092231913254
0.8416989633333332,-0.038537452945394304
0.8418989633333347,-0.03831410509179918
0.8420989633333344,-0.038090887010318375
0.8422989633333331,-0.03786780696527851
0.842498963333332,-0.03764487323260318
0.842698963333333,-0.037422094099045844
0.842898963333333,-0.037199477861426467
0.8430989633333339,-0.036977032825846606
0.8432989633333341,-0.03675476730692348
0.8434989633333336,-0.03653268962700537
0.8436989633333345,-0.03631080811538999
0.8438989633333327,-0.036089131107549285
0.8440989633333325,-0.035867666944327525
0.8442989633333324,-0.035646423971168004
0.8444989633333331,-0.03542541053731406
0.8446989633333342,-0.035204634995018996
0.8448989633333339,-0.034984105698752446
0.8450989633333337,-0.03476383100439853
0.8452989633333343,-0.03454381926846172
0.8454989633333341,-0.034324078847269304
0.8456989633333329,-0.03410461809616533
0.8458989633333318,-0.033885445368708925
0.8460989633333329,-0.033666569015870174
0.8462989633333329,-0.03344799738523259
0.8464989633333335,-0.03322973882017566
0.8466989633333335,-0.033011801659077154
0.8468989633333333,-0.03279419423450017
0.8470989633333346,-0.03257692487238585
0.8472989633333334,-0.03236000189125224
0.8474989633333323,-0.03214343360137224
0.8476989633333321,-0.0319272283039733
0.8478989633333334,-0.03171139429042617
0.8480989633333338,-0.031495939841439294
0.848298963333334,-0.03128087322624223
0.8484989633333331,-0.031066202701782213
0.8486989633333344,-0.03085193651190911
0.8488989633333339,-0.030638082886579418
0.849098963333333,-0.03042465004103527
0.8492989633333317,-0.030211646175004554
0.8494989633333323,-0.02999907947189091
0.8496989633333325,-0.029786958097976143
0.8498989633333336,-0.029575290201606885
0.8500989633333338,-0.02936408391239903
0.8502989633333331,-0.029153347340430784
0.8504989633333346,-0.028943088575440944
0.850698963333334,-0.028733315686041386
0.8508989633333328,-0.028524036718905216
0.8510989633333319,-0.028315259697979205
0.8512989633333334,-0.028106992623687446
0.8514989633333334,-0.027899243472147617
0.8516989633333341,-0.027692020194368686
0.8518989633333334,-0.027485330715474154
0.8520989633333338,-0.027279182933908366
0.8522989633333344,-0.02707358472066152
0.8524989633333326,-0.026868543918488315
0.8526989633333315,-0.02666406834112233
0.8528989633333324,-0.026460165772509384
0.8530989633333326,-0.02625684396603762
0.8532989633333341,-0.02605411064376
0.8534989633333341,-0.02585197349563794
0.8536989633333332,-0.025650440178770165
0.8538989633333345,-0.02544951831663454
0.854098963333334,-0.025249215498341568
0.8542989633333331,-0.025049539277869348
0.8544989633333318,-0.024850497173321492
0.8546989633333333,-0.02465209666617728
0.8548989633333333,-0.024454345200561015
0.8550989633333337,-0.02425725018249078
0.8552989633333337,-0.02406081897915412
0.8554989633333341,-0.023865058918173872
0.8556989633333345,-0.02366997728688628
0.8558989633333327,-0.023475581331620525
0.8560989633333322,-0.02328187825697489
0.8562989633333324,-0.023088875225114776
0.8564989633333329,-0.022896579355060627
0.8566989633333342,-0.022704997721984886
0.8568989633333342,-0.022514137356517895
0.8570989633333332,-0.02232400524404958
0.8572989633333346,-0.02213460832404144
0.8574989633333343,-0.021945953489353034
0.8576989633333332,-0.021758047585553202
0.857898963333332,-0.02157089741025184
0.8580989633333329,-0.021384509712431974
0.8582989633333329,-0.021198891191793568
0.8584989633333338,-0.02101404849808855
0.8586989633333335,-0.020829988230478227
0.8588989633333337,-0.020646716936881433
0.8590989633333344,-0.02046424111334052
0.859298963333333,-0.02028256720338873
0.8594989633333323,-0.020101701597416186
0.8596989633333325,-0.01992165063205551
0.8598989633333332,-0.019742420589565445
0.860098963333334,-0.01956401769722052
0.860298963333334,-0.019386448126710067
0.8604989633333333,-0.019209717993539585
0.8606989633333342,-0.019033833356440544
0.8608989633333339,-0.01885880021679289
0.8610989633333326,-0.018684624518041933
0.8612989633333319,-0.018511312145128744
0.861498963333333,-0.01833886892392903
0.861698963333333,-0.018167300620699503
0.8618989633333338,-0.017996612941520284
0.862098963333334,-0.017826811531759378
0.8622989633333336,-0.017657901975532693
0.8624989633333342,-0.017489889795174997
0.862698963333334,-0.01732278045072296
0.8628989633333328,-0.017156579339396023
0.8630989633333319,-0.016991291795089923
0.8632989633333332,-0.016826923087877088
0.8634989633333336,-0.016663478423519198
0.8636989633333338,-0.016500962942974755
0.8638989633333332,-0.01633938172192597
0.864098963333334,-0.016178739770305074
0.8642989633333342,-0.016019042031838474
0.8644989633333329,-0.015860293383587014
0.864698963333332,-0.015702498635498052
0.8648989633333326,-0.015545662529969424
0.8650989633333328,-0.015389789741419586
0.8652989633333337,-0.015234884875859521
0.8654989633333341,-0.01508095247048137
0.8656989633333332,-0.014927996993249044
0.8658989633333345,-0.014776022842495413
0.8660989633333342,-0.014625034346539958
0.8662989633333331,-0.01447503576329652
0.8664989633333318,-0.014326031279901376
0.8666989633333335,-0.014178025012344539
0.8668989633333333,-0.014031021005119125
0.8670989633333339,-0.013885023230858756
0.8672989633333337,-0.013740035590004768
0.8674989633333341,-0.013596061910466653
0.8676989633333343,-0.013453105947300793
0.8678989633333329,-0.013311171382392031
0.8680989633333318,-0.01317026182414268
0.8682989633333322,-0.013030380807175099
0.8684989633333329,-0.012891531792041517
0.868698963333334,-0.01275371816493829
0.8688989633333344,-0.012616943237433509
0.8690989633333333,-0.012481210246199949
0.8692989633333348,-0.01234652235275472
0.8694989633333341,-0.012212882643220402
0.8696989633333332,-0.012080294128074282
0.869898963333332,-0.01194875974192322
0.8700989633333331,-0.011818282343278176
0.8702989633333331,-0.011688864714346103
0.8704989633333338,-0.011560509560817465
0.8706989633333335,-0.011433219511675835
0.8708989633333335,-0.011306997119006415
0.8710989633333339,-0.011181844857819832
0.8712989633333326,-0.01105776512588303
0.8714989633333323,-0.010934760243553665
0.8716989633333323,-0.010812832453633535
0.8718989633333332,-0.010691983921221691
0.872098963333334,-0.010572216733581951
0.872298963333334,-0.010453532900016261
0.8724989633333331,-0.01033593435174723
0.8726989633333344,-0.010219422941809057
0.8728989633333342,-0.010104000444954221
0.8730989633333333,-0.009989668557556293
0.8732989633333317,-0.009876428897532
0.8734989633333328,-0.00976428300426626
0.873698963333333,-0.009653232338554162
0.8738989633333338,-0.009543278282539536
0.8740989633333336,-0.009434422139673451
0.8742989633333331,-0.009326665134674058
0.8744989633333342,-0.009220008413499032
0.8746989633333335,-0.009114453043329467
0.8748989633333328,-0.009010000012553532
0.8750989633333319,-0.008906650230768594
0.8752989633333332,-0.008804404528785635
0.8754989633333337,-0.008703263658649117
0.8756989633333341,-0.008603228293656496
0.875898963333333,-0.00850429902839486
0.8760989633333345,-0.008406476378778636
0.8762989633333342,-0.008309760782107337
0.8764989633333331,-0.00821415259711808
0.8766989633333315,-0.008119652104056373
0.8768989633333326,-0.008026259504751273
0.8770989633333328,-0.007933974922705075
0.8772989633333337,-0.007842798403181563
0.8774989633333337,-0.007752729913312346
0.8776989633333334,-0.007663769342205341
0.8778989633333347,-0.007575916501064827
0.8780989633333345,-0.007489171123322064
0.8782989633333331,-0.00740353286476798
0.878498963333332,-0.007319001303699342
0.8786989633333333,-0.007235575941071923
0.8788989633333335,-0.007153256200665075
0.8790989633333339,-0.007072041429247028
0.879298963333333,-0.006991930896756572
0.8794989633333337,-0.006912923796486496
0.8796989633333343,-0.006835019245281973
0.8798989633333332,-0.006758216283741576
0.8800989633333316,-0.006682513876427376
0.8802989633333325,-0.006607910912084566
0.8804989633333329,-0.006534406203871329
0.8806989633333338,-0.006461998489590712
0.880898963333334,-0.006390686431935862
0.8810989633333333,-0.006320468618740031
0.8812989633333344,-0.006251343563235104
0.8814989633333341,-0.006183309704321328
0.8816989633333334,-0.006116365406838624
0.8818989633333318,-0.006050508961850772
0.8820989633333332,-0.005985738586933728
0.8822989633333334,-0.0059220524264771215
0.8824989633333338,-0.005859448551985447
0.8826989633333338,-0.005797924962393081
0.8828989633333335,-0.005737479584383823
0.8830989633333344,-0.005678110272718584
0.8832989633333332,-0.005619814810571999
0.8834989633333321,-0.005562590909872121
0.8836989633333323,-0.005506436211651963
0.883898963333333,-0.005451348286406504
0.884098963333334,-0.005397324634456156
0.884298963333334,-0.005344362686318202
0.8844989633333329,-0.005292459803084376
0.8846989633333344,-0.0052416132768052445
0.8848989633333346,-0.005191820330885236
0.8850989633333333,-0.005143078120478442
0.8852989633333317,-0.0050953837328948925
0.8854989633333326,-0.00504873418801275
0.8856989633333328,-0.005003126438699226
0.8858989633333341,-0.004958557371233317
0.8860989633333334,-0.004915023805740222
0.8862989633333331,-0.004872522496627375
0.8864989633333349,-0.004831050133030972
0.8866989633333331,-0.0047906033392680625
0.8868989633333326,-0.004751178675290572
0.8870989633333322,-0.004712772637152179
0.8872989633333332,-0.004675381657476163
0.8874989633333339,-0.004639002105932304
0.8876989633333341,-0.00460363028971739
0.8878989633333332,-0.004569262454043366
0.8880989633333345,-0.004535894782629689
0.888298963333334,-0.00450352339820443
0.8884989633333331,-0.00447214436300674
0.8886989633333315,-0.0044417536792983395
0.8888989633333328,-0.004412347289878396
0.889098963333333,-0.004383921078606613
0.8892989633333339,-0.004356470870927567
0.8894989633333337,-0.004329992434404101
0.8896989633333334,-0.004304481479253372
0.8898989633333343,-0.004279933658889436
0.8900989633333338,-0.004256344570470864
0.8902989633333329,-0.0042337097554520295
0.890498963333332,-0.004212024700140683
0.8906989633333331,-0.004191284836259447
0.8908989633333335,-0.004171485541513163
0.8910989633333342,-0.004152622140159053
0.8912989633333332,-0.0041346899035832295
0.8914989633333339,-0.004117684050880088
0.8916989633333343,-0.0041015997494379675
0.8918989633333332,-0.004086432115527387
0.8920989633333316,-0.004072176214894127
0.8922989633333325,-0.004058827063356633
0.8924989633333329,-0.00404637962740783
0.8926989633333335,-0.004034828824819758
0.8928989633333335,-0.00402416952525312
0.893098963333333,-0.0040143965508701515
0.8932989633333344,-0.004005504676951318
0.8934989633333339,-0.00399748863251596
0.8936989633333334,-0.003990343100945749
0.8938989633333321,-0.0039840627206123615
0.8940989633333334,-0.003978642085507984
0.8942989633333336,-0.003974075745879695
0.8944989633333342,-0.003970358208866265
0.8946989633333331,-0.003967483939138795
0.8948989633333335,-0.003965447359543826
0.8950989633333346,-0.003964242851749913
0.8952989633333333,-0.003963864756896564
0.8954989633333319,-0.003964307376246281
0.8956989633333323,-0.0039655649718391105
0.895898963333333,-0.003967631767149801
0.8960989633333338,-0.003970501947747583
0.8962989633333345,-0.003974169661958137
0.8964989633333331,-0.003978629021528127
0.8966989633333349,-0.003983874102291906
0.8968989633333342,-0.00398989894484008
0.8970989633333335,-0.003996697555190668
0.8972989633333319,-0.004004263905461797
0.897498963333333,-0.004012591934546575
0.8976989633333332,-0.004021675548789284
0.8978989633333336,-0.004031508622663965
0.8980989633333336,-0.004042084999454073
0.8982989633333334,-0.0040533984919339065
0.898498963333334,-0.004065442883051513
0.8986989633333329,-0.004078211926612573
0.8988989633333324,-0.004091699347966313
0.8990989633333326,-0.0041058988446917785
0.899298963333333,-0.004120804087285514
0.8994989633333339,-0.004136408719850444
0.8996989633333341,-0.0041527063607853625
0.899898963333333,-0.004169690603475457
0.9000989633333345,-0.0041873550169838555
0.9002989633333345,-0.0042056931467424515
0.9004989633333331,-0.004224698515245276
0.9006989633333315,-0.004244364622741196
0.9008989633333329,-0.004264684947927224
0.9010989633333331,-0.004285652948641229
0.9012989633333339,-0.004307262062557018
0.9014989633333337,-0.004329505707877233
0.9016989633333332,-0.004352377284028073
0.9018989633333343,-0.00437587017235299
0.9020989633333334,-0.004399977736805803
0.9022989633333329,-0.004424693324645557
0.9024989633333325,-0.004450010267128837
0.9026989633333331,-0.0044759218802031715
0.9028989633333335,-0.004502421465199025
0.903098963333334,-0.004529502309522128
0.903298963333333,-0.00455715768734441
0.9034989633333339,-0.004585380860295394
0.9036989633333343,-0.0046141650781505
0.9038989633333332,-0.004643503579520876
0.9040989633333318,-0.004673389592541537
0.9042989633333327,-0.00470381633555798
0.9044989633333329,-0.0047347770178109636
0.9046989633333338,-0.004766264840122571
0.9048989633333338,-0.004798272995578164
0.9050989633333333,-0.004830794670209179
0.9052989633333346,-0.00486382304367354
0.9054989633333337,-0.0048973512899330406
0.905698963333333,-0.004931372577932934
0.9058989633333323,-0.004965880072275917
0.9060989633333332,-0.0050008669338967235
0.9062989633333336,-0.005036326320733208
0.9064989633333338,-0.005072251388397401
0.9066989633333331,-0.00510863529084302
0.9068989633333335,-0.005145471181032198
0.9070989633333342,-0.005182752211598255
0.9072989633333328,-0.0052204715355076495
0.9074989633333317,-0.005258622306720348
0.9076989633333326,-0.005297197680845966
0.907898963333333,-0.005336190815797521
0.9080989633333334,-0.005375594872444774
0.908298963333334,-0.005415403015263075
0.9084989633333331,-0.005455608412979783
0.9086989633333342,-0.005496204239219735
0.9088989633333338,-0.005537183673143951
0.9090989633333335,-0.005578539900090537
0.9092989633333319,-0.005620266112208304
0.9094989633333332,-0.005662355509091051
0.9096989633333334,-0.005704801298403957
0.9098989633333341,-0.005747596696512636
0.9100989633333338,-0.005790734929104334
0.9102989633333334,-0.0058342092318086
0.9104989633333345,-0.0058780128508134945
0.9106989633333329,-0.005922139043476913
0.9108989633333322,-0.005966581078939069
0.9110989633333326,-0.006011332238725943
0.9112989633333333,-0.006056385817352124
0.9114989633333339,-0.006101735122919765
0.9116989633333339,-0.006147373477713342
0.9118989633333328,-0.006193294218790894
0.9120989633333343,-0.006239490698572256
0.9122989633333345,-0.006285956285419628
0.9124989633333334,-0.006332684364219788
0.9126989633333318,-0.0063796683369587055
0.9128989633333329,-0.006426901623293246
0.9130989633333331,-0.006474377661116224
0.9132989633333339,-0.006522089907122112
0.9134989633333337,-0.006570031837363922
0.9136989633333332,-0.00661819694780898
0.9138989633333343,-0.006666578754888637
0.9140989633333327,-0.006715170796042259
0.9142989633333327,-0.006763966630262002
0.9144989633333327,-0.00681295983862603
0.9146989633333331,-0.0068621440248325775
0.9148989633333338,-0.006911512815726863
0.915098963333334,-0.0069610598618240205
0.915298963333333,-0.007010778837827348
0.9154989633333339,-0.0070606634431426875
0.9156989633333339,-0.0071107074023847375
0.9158989633333332,-0.007160904465882956
0.9160989633333316,-0.007211248410179571
0.9162989633333327,-0.0072617330385246585
0.9164989633333334,-0.007312352181362468
0.9166989633333338,-0.00736309969681782
0.9168989633333338,-0.007413969471174127
0.9170989633333331,-0.00746495541934725
0.9172989633333344,-0.007516051485354874
0.9174989633333337,-0.007567251642777526
0.917698963333333,-0.007618549895220046
0.9178989633333321,-0.007669940276762457
0.9180989633333332,-0.007721416852408819
0.9182989633333336,-0.0077729737185277155
0.9184989633333338,-0.00782460500329129
0.9186989633333329,-0.007876304867105596
0.9188989633333338,-0.007928067503038216
0.9190989633333344,-0.007979887137236536
0.9192989633333333,-0.008031758029344391
0.9194989633333317,-0.008083674472912285
0.9196989633333323,-0.008135630795801142
0.919898963333333,-0.008187621360579104
0.9200989633333332,-0.008239640564916204
0.9202989633333338,-0.008291682841971453
0.9204989633333331,-0.008343742660773333
0.9206989633333345,-0.00839581452659776
0.920898963333334,-0.008447892981334953
0.9210989633333335,-0.00849997260385715
0.9212989633333324,-0.008552048010375244
0.9214989633333337,-0.008604113854793032
0.9216989633333337,-0.00865616482905168
0.9218989633333341,-0.008708195663473993
0.922098963333333,-0.008760201127097317
0.9222989633333334,-0.008812176028005431
0.9224989633333345,-0.008864115213649604
0.9226989633333331,-0.008916013571166781
0.9228989633333315,-0.008967866027693228
0.9230989633333326,-0.009019667550669193
0.9232989633333331,-0.009071413148136868
0.9234989633333337,-0.009123097869036976
0.9236989633333346,-0.009174716803495348
0.923898963333333,-0.00922626508310435
0.9240989633333343,-0.009277737881201509
0.9242989633333338,-0.009329130413134722
0.9244989633333338,-0.009380437936530463
0.924698963333332,-0.009431655751548659
0.9248989633333331,-0.009482779201137357
0.9250989633333331,-0.009533803671274446
0.9252989633333335,-0.009584724591210951
0.9254989633333337,-0.009635537433702638
0.9256989633333332,-0.009686237715238126
0.9258989633333341,-0.009736820996260971
0.926098963333333,-0.00978728288138302
0.9262989633333325,-0.009837619019596571
0.9264989633333325,-0.009887825104475372
0.9266989633333329,-0.00993789687437258
0.926898963333334,-0.009987830112611737
0.9270989633333344,-0.010037620647671414
0.9272989633333331,-0.010087264353364572
0.9274989633333339,-0.010136757149012477
0.9276989633333343,-0.010186094999608732
0.9278989633333334,-0.01023527391598196
0.9280989633333321,-0.010284289954950527
0.9282989633333325,-0.010333139219470915
0.9284989633333327,-0.010381817858779046
0.928698963333334,-0.010430322068528517
0.9288989633333335,-0.010478648090919335
0.9290989633333331,-0.010526792214824417
0.9292989633333344,-0.01057475077590701
0.9294989633333337,-0.0106225201567317
0.9296989633333328,-0.010670096786873568
0.9298989633333323,-0.010717477143017027
0.9300989633333332,-0.010764657749050653
0.9302989633333338,-0.010811635176155097
0.930498963333334,-0.01085840604288657
0.9306989633333331,-0.01090496701525313
0.9308989633333338,-0.010951314806786246
0.931098963333334,-0.010997446178603914
0.9312989633333333,-0.011043357939471041
0.9314989633333319,-0.011089046945852384
0.9316989633333328,-0.011134510101960335
0.9318989633333328,-0.011179744359794352
0.9320989633333334,-0.011224746719179142
0.9322989633333338,-0.011269514227792914
0.9324989633333334,-0.01131404398119216
0.9326989633333345,-0.011358333122830626
0.932898963333334,-0.011402378844070154
0.9330989633333331,-0.01144617838418979
0.9332989633333322,-0.011489729030386076
0.9334989633333337,-0.011533028117769274
0.9336989633333332,-0.011576073029351593
0.9338989633333337,-0.011618861196034648
0.9340989633333332,-0.011661390096585882
0.9342989633333334,-0.011703657257613586
0.934498963333334,-0.011745660253533755
0.9346989633333331,-0.011787396706532406
0.9348989633333318,-0.011828864286523603
0.9350989633333326,-0.011870060711100621
0.9352989633333326,-0.011910983745480533
0.935498963333333,-0.011951631202447088
0.9356989633333339,-0.011992000942285048
0.9358989633333332,-0.012032090872710005
0.9360989633333341,-0.012071898948794898
0.9362989633333341,-0.012111423172887343
0.9364989633333336,-0.012150661594525875
0.936698963333332,-0.012189612310348357
0.9368989633333331,-0.012228273463997212
0.9370989633333331,-0.01226664324601623
0.9372989633333335,-0.012304719893746967
0.9374989633333335,-0.012342501691216277
0.9376989633333337,-0.012379986969021047
0.9378989633333339,-0.012417174104206764
0.938098963333333,-0.012454061520141693
0.9382989633333323,-0.012490647686386731
0.9384989633333325,-0.012526931118559265
0.9386989633333329,-0.012562910378192682
0.9388989633333336,-0.012598584072591668
0.9390989633333342,-0.012633950854682195
0.9392989633333331,-0.012669009422856758
0.9394989633333346,-0.01270375852081669
0.9396989633333346,-0.01273819693740581
0.9398989633333337,-0.01277232350644451
0.9400989633333321,-0.012806137106556092
0.9402989633333327,-0.012839636660990066
0.9404989633333329,-0.012872821137439143
0.9406989633333336,-0.012905689547854697
0.9408989633333338,-0.012938240948255636
0.9410989633333331,-0.012970474438534055
0.9412989633333342,-0.013002389162256853
0.941498963333333,-0.013033984306461093
0.941698963333333,-0.013065259101449006
0.9418989633333326,-0.013096212820574792
0.942098963333333,-0.013126844780030452
0.9422989633333334,-0.013157154338625604
0.942498963333334,-0.013187140897564734
0.9426989633333334,-0.01321680390021943
0.942898963333334,-0.013246142831898209
0.943098963333334,-0.01327515721961026
0.9432989633333335,-0.013303846631827747
0.9434989633333315,-0.0133322106782429
0.9436989633333326,-0.013360249009522866
0.9438989633333328,-0.013387961317058003
0.9440989633333337,-0.01341534733271059
0.9442989633333341,-0.013442406828556793
0.9444989633333329,-0.013469139616626864
0.9446989633333345,-0.013495545548642018
0.9448989633333336,-0.013521624515745474
0.9450989633333338,-0.01354737644823437
0.9452989633333322,-0.013572801315284135
0.945498963333333,-0.01359789912467332
0.9456989633333337,-0.013622669922501749
0.9458989633333339,-0.013647113792908516
0.946098963333333,-0.01367123085778535
0.9462989633333341,-0.013695021276487866
0.946498963333334,-0.013718485245542148
0.9466989633333334,-0.013741622998350748
0.946898963333332,-0.013764434804894234
0.9470989633333324,-0.013786920971430708
0.9472989633333326,-0.013809081840191455
0.9474989633333333,-0.013830917789075543
0.9476989633333339,-0.013852429231340445
0.9478989633333332,-0.013873616615290615
0.9480989633333343,-0.01389448042396401
0.9482989633333341,-0.01391502117481443
0.9484989633333336,-0.013935239419393699
0.948698963333332,-0.013955135743029652
0.9488989633333331,-0.013974710764503143
0.9490989633333331,-0.013993965135720939
0.949298963333334,-0.01401289954138887
0.9494989633333333,-0.014031514698680522
0.9496989633333333,-0.014049811356905664
0.9498989633333339,-0.014067790297175156
0.9500989633333334,-0.014085452332064461
0.9502989633333321,-0.0141027983052756
0.9504989633333325,-0.0141198290912968
0.9506989633333329,-0.014136545595059776
0.9508989633333331,-0.014152948751596284
0.9510989633333342,-0.014169039525692317
0.9512989633333333,-0.014184818911540442
0.9514989633333342,-0.014200287932391514
0.9516989633333339,-0.014215447640203157
0.9518989633333337,-0.014230299115288371
0.9520989633333321,-0.014244843465961683
0.9522989633333332,-0.014259081828184483
0.952498963333333,-0.014273015365208
0.9526989633333336,-0.014286645267216486
0.952898963333334,-0.014299972750967761
0.9530989633333335,-0.014312999059433344
0.953298963333334,-0.014325725461437459
0.9534989633333326,-0.014338153251294086
0.9536989633333328,-0.014350283748444485
0.9538989633333328,-0.014362118297091993
0.954098963333333,-0.014373658265837301
0.9542989633333336,-0.014384905047312112
0.9544989633333345,-0.014395860057812179
0.9546989633333332,-0.014406524736929455
0.9548989633333345,-0.014416900547184131
0.9550989633333342,-0.01442698897365463
0.9552989633333335,-0.014436791523608553
0.9554989633333322,-0.014446309726132096
0.9556989633333326,-0.014455545131759371
0.9558989633333326,-0.014464499312100743
0.9560989633333334,-0.014473173859471493
0.9562989633333341,-0.014481570386519527
0.9564989633333334,-0.014489690525853072
0.9566989633333345,-0.014497535929668206
0.9568989633333334,-0.01450510826937557
0.9570989633333331,-0.014512409235227931
0.9572989633333324,-0.01451944053594664
0.9574989633333328,-0.014526203898348623
0.9576989633333337,-0.014532701066973252
0.9578989633333339,-0.014538933803709044
0.9580989633333332,-0.014544903887420857
0.9582989633333341,-0.014550613113576867
0.9584989633333341,-0.014556063293875762
0.9586989633333332,-0.014561256255874441
0.9588989633333322,-0.014566193842615753
0.9590989633333329,-0.014570877912256669
0.9592989633333326,-0.014575310337696695
0.9594989633333333,-0.014579493006206968
0.9596989633333337,-0.014583427819059597
0.9598989633333332,-0.014587116691157639
0.9600989633333346,-0.014590561550665671
0.9602989633333336,-0.014593764338640788
0.9604989633333336,-0.014596727008664566
0.9606989633333325,-0.014599451526475401
0.9608989633333331,-0.01460193986960193
0.9610989633333331,-0.014604194026996867
0.9612989633333338,-0.014606215998672081
0.9614989633333335,-0.014608007795334228
0.9616989633333335,-0.014609571438021586
0.9618989633333339,-0.014610908957741586
0.962098963333333,-0.01461202239510958
0.9622989633333321,-0.014612913799988542
0.9624989633333323,-0.014613585231129989
0.9626989633333327,-0.014614038755815854
0.9628989633333329,-0.01461427644950174
0.9630989633333338,-0.014614300395461268
0.9632989633333331,-0.014614112684431795
0.9634989633333342,-0.014613715414261312
0.9636989633333339,-0.014613110689556782
0.9638989633333339,-0.014612300621333903
0.9640989633333319,-0.014611287326668162
0.964298963333333,-0.014610072928347432
0.964498963333333,-0.014608659554526116
0.9646989633333336,-0.014607049338380772
0.9648989633333338,-0.014605244417767328
0.9650989633333331,-0.014603246934879924
0.965298963333334,-0.014601059035911374
0.9654989633333328,-0.014598682870715432
0.9656989633333324,-0.014596120592470601
0.9658989633333326,-0.014593374357345885
0.9660989633333328,-0.014590446324168276
0.9662989633333332,-0.01458733865409197
0.9664989633333343,-0.014584053510269632
0.9666989633333332,-0.014580593057525494
0.9668989633333347,-0.014576959462030192
0.967098963333334,-0.01457315489097805
0.9672989633333338,-0.014569181512265755
0.9674989633333322,-0.014565041494173609
0.9676989633333328,-0.0145607370050484
0.9678989633333328,-0.01455627021298887
0.9680989633333337,-0.014551643285532764
0.9682989633333341,-0.01454685838934644
0.9684989633333334,-0.014541917689916528
0.9686989633333345,-0.014536823351243656
0.9688989633333327,-0.014531577535538884
0.9690989633333329,-0.014526182402921695
0.9692989633333329,-0.014520640111121069
0.9694989633333331,-0.014514952815178356
0.9696989633333335,-0.014509122667152683
0.9698989633333339,-0.014503151815828782
0.9700989633333337,-0.014497042406427164
0.9702989633333343,-0.014490796580316705
0.9704989633333341,-0.014484416474729903
0.9706989633333334,-0.0144779042224803
0.9708989633333318,-0.014471261951682688
0.9710989633333329,-0.014464491785475599
0.9712989633333329,-0.014457595841746862
0.9714989633333333,-0.014450576232861037
0.9716989633333339,-0.014443435065389936
0.9718989633333337,-0.01443617443984574
0.9720989633333343,-0.014428796450416463
0.9722989633333332,-0.014421303184704613
0.9724989633333334,-0.014413696723467805
0.9726989633333325,-0.014405979140362991
0.9728989633333331,-0.014398152501692501
0.9730989633333336,-0.014390218866153702
0.973298963333334,-0.01438218028459068
0.9734989633333335,-0.014374038799749217
0.9736989633333342,-0.014365796446034225
0.9738989633333337,-0.014357455249270437
0.9740989633333337,-0.014349017226465378
0.9742989633333323,-0.014340484385575756
0.9744989633333323,-0.014331858725276135
0.9746989633333327,-0.014323142234731199
0.9748989633333329,-0.01431433689337031
0.9750989633333338,-0.01430544467066523
0.9752989633333335,-0.01429646752591085
0.9754989633333346,-0.014287407408008575
0.9756989633333335,-0.01427826625525322
0.9758989633333337,-0.014269045995122003
0.9760989633333319,-0.014259748544067573
0.9762989633333334,-0.014250375807312933
0.9764989633333332,-0.01424092967865062
0.9766989633333336,-0.014231412040243543
0.9768989633333336,-0.014221824762429917
0.9770989633333336,-0.014212169703530642
0.977298963333334,-0.014202448709659938
0.9774989633333329,-0.014192663614539162
0.9776989633333322,-0.014182816239313173
0.9778989633333326,-0.014172908392370438
0.978098963333333,-0.01416294186916585
0.9782989633333334,-0.014152918452046548
0.9784989633333341,-0.014142839910081037
0.9786989633333334,-0.014132707998891336
0.9788989633333345,-0.014122524460487961
0.9790989633333338,-0.014112291023108752
0.9792989633333338,-0.014102009401059754
0.9794989633333322,-0.014091681294560216
0.9796989633333331,-0.014081308389589788
0.9798989633333328,-0.014070892357739983
0.9800989633333337,-0.014060434856067353
0.9802989633333341,-0.014049937526951117
0.9804989633333334,-0.014039401997952991
0.9806989633333338,-0.014028829881680435
0.9808989633333327,-0.014018222775653415
0.9810989633333329,-0.014007582262173423
0.9812989633333324,-0.013996909908196744
0.9814989633333331,-0.013986207265209749
0.9816989633333335,-0.013975475869108144
0.9818989633333342,-0.013964717240078877
0.9820989633333332,-0.013953932882485445
0.9822989633333343,-0.013943124284755786
0.9824989633333341,-0.013932292919274397
0.9826989633333334,-0.013921440242276236
0.9828989633333325,-0.013910567693744587
0.9830989633333325,-0.013899676697311857
0.9832989633333329,-0.013888768660163397
0.9834989633333333,-0.013877844972944503
0.983698963333334,-0.013866907009670354
0.9838989633333333,-0.01385595612763929
0.9840989633333344,-0.013844993667348714
0.9842989633333326,-0.013834020952415042
0.9844989633333332,-0.013823039289495059
0.9846989633333327,-0.013812049968212461
0.9848989633333329,-0.013801054261085442
0.9850989633333336,-0.013790053423458704
0.985298963333334,-0.013779048693437936
0.9854989633333335,-0.013768041291827295
0.985698963333334,-0.013757032422069972
0.9858989633333335,-0.013746023270192115
0.986098963333333,-0.013735015004749081
0.9862989633333328,-0.013724008776775262
0.9864989633333328,-0.013713005719736599
0.986698963333333,-0.013702006949486251
0.9868989633333334,-0.013691013564222924
0.987098963333334,-0.01368002664445251
0.9872989633333336,-0.01366904725295247
0.987498963333334,-0.013658076434738858
0.9876989633333335,-0.013647115217037034
0.9878989633333335,-0.01363616460925431
0.9880989633333319,-0.013625225602956391
0.9882989633333332,-0.013614299171845628
0.9884989633333334,-0.013603386271743585
0.9886989633333336,-0.013592487840574874
0.9888989633333336,-0.013581604798354876
0.9890989633333336,-0.01357073804717984
0.9892989633333338,-0.013559888471219929
0.9894989633333329,-0.013549056936715013
0.9896989633333324,-0.013538244291972975
0.9898989633333328,-0.013527451367371268
0.9900989633333332,-0.013516678975360843
0.9902989633333328,-0.013505927910472842
0.9904989633333341,-0.013495198949327797
0.9906989633333332,-0.013484492850648306
0.9908989633333345,-0.013473810355272925
0.9910989633333338,-0.01346315218617453
0.9912989633333338,-0.01345251904847946
0.9914989633333322,-0.013441911629490752
0.9916989633333333,-0.013431330598712812
0.9918989633333328,-0.013420776607879908
0.9920989633333337,-0.013410250290985732
0.9922989633333339,-0.013399752264316792
0.9924989633333332,-0.01338928312648753
0.9926989633333341,-0.013378843458478014
0.9928989633333327,-0.013368433823674798
0.9930989633333325,-0.01335805476791294
0.9932989633333329,-0.013347706819521753
0.9934989633333329,-0.013337390489372243
0.9936989633333335,-0.013327106270926942
0.9938989633333344,-0.013316854640292409
0.9940989633333333,-0.013306636056273934
0.9942989633333343,-0.01329645096043207
0.9944989633333341,-0.013286299777142754
0.9946989633333336,-0.013276182913658082
0.9948989633333325,-0.013266100760170558
0.9950989633333329,-0.013256053689878845
0.9952989633333329,-0.013246042059056422
0.9954989633333331,-0.013236066207121568
0.995698963333334,-0.013226126456710193
0.9958989633333333,-0.013216223113750628
0.9960989633333339,-0.013206356467540073
0.9962989633333326,-0.013196526790824045
0.996498963333333,-0.013186734339876773
0.996698963333333,-0.013176979354584796
0.9968989633333332,-0.013167262058531574
0.9970989633333336,-0.01315758265908472
0.997298963333334,-0.013147941347484926
0.9974989633333331,-0.013138338298936939
0.997698963333334,-0.013128773672702192
0.9978989633333342,-0.013119247612193947
0.9980989633333337,-0.013109760245073503
0.9982989633333319,-0.013100311683348928
0.9984989633333328,-0.013090902023474859
0.998698963333333,-0.01308153134645524
0.9988989633333334,-0.01307219971794658
0.9990989633333336,-0.0130629071883637
0.9992989633333331,-0.013053653792986982
0.9994989633333342,-0.013044439552071135
0.9996989633333333,-0.013035264470956251
0.9998989633333335,-0.013026128540179371
1.0000989620000005,-0.013017031796103945
1.000298962,-0.013007974078714471
1.0004989620000004,-0.012998955395605182
1.0006989619999995,-0.012989975679256811
1.0008989620000002,-0.01298103484793188
1.0010989619999995,-0.012972132805796684
1.001298962,-0.012963269443043723
1.0014989620000008,-0.012954444636016456
1.0016989619999999,-0.012945658247334879
1.0018989619999996,-0.012936910126022463
1.0020989620000003,-0.012928200107634796
1.0022989620000007,-0.012919528014389416
1.0024989619999993,-0.012910893655296685
1.002698962,-0.012902296826291949
1.002898962,-0.012893737310369522
1.0030989620000001,-0.012885214877716995
1.0032989620000001,-0.012876729285851417
1.003498962,-0.012868280279756186
1.0036989619999996,-0.012859867592019375
1.0038989620000005,-0.012851490942972818
1.004098962,-0.012843150040832847
1.0042989620000005,-0.012834844581841183
1.004498961999999,-0.012826574250407828
1.004698962,-0.012818338719253966
1.0048989620000008,-0.012810137649556857
1.0050989619999995,-0.012801970691094839
1.005298962,-0.012793837482393303
1.0054989620000003,-0.012785737650872271
1.0056989620000003,-0.012777670812993963
1.0058989619999998,-0.012769636574411703
1.006098962,-0.012761634530119317
1.006298962,-0.012753664264601679
1.0064989620000002,-0.012745725351985558
1.0066989619999998,-0.012737817356191575
1.0068989620000002,-0.012729939831086496
1.0070989619999993,-0.012722092320636626
1.0072989620000004,-0.01271427435906115
1.007498962,-0.012706485470987119
1.007698962,-0.012698725171603848
1.0078989619999992,-0.012690992966818797
1.008098962,-0.012683288353413332
1.008298962000001,-0.012675610819199656
1.0084989619999996,-0.012667959843177621
1.0086989619999998,-0.012660334895692063
1.008898962,-0.012652735438590995
1.0090989620000004,-0.012645160925383833
1.0092989619999995,-0.01263761080140007
1.0094989620000003,-0.01263008450394814
1.0096989619999996,-0.01262258146247516
1.0098989620000003,-0.012615101098726099
1.0100989620000003,-0.012607642826904185
1.0102989620000002,-0.01260020605383067
1.010498961999999,-0.012592790179105482
1.0106989620000002,-0.012585394595267514
1.0108989620000004,-0.012578018687955824
1.0110989619999997,-0.012570661836070125
1.0112989619999997,-0.012563323411931896
1.0114989620000001,-0.012556002781445622
1.0116989620000005,-0.012548699304259843
1.0118989619999998,-0.012541412333928472
1.0120989620000005,-0.01253414121807185
1.012298962,-0.012526885298538301
1.0124989620000004,-0.012519643911565001
1.012698961999999,-0.012512416387939478
1.0128989620000004,-0.012505202053160287
1.013098961999999,-0.012498000227598578
1.013298962,-0.012490810226658282
1.0134989620000003,-0.012483631360937433
1.0136989619999999,-0.012476462936388395
1.013898961999999,-0.012469304254478281
1.0140989620000003,-0.012462154612349034
1.0142989620000007,-0.012455013302977597
1.0144989619999996,-0.012447879615335363
1.0146989619999993,-0.012440752834547401
1.0148989620000002,-0.012433632242051778
1.0150989620000002,-0.012426517115758323
1.0152989620000001,-0.012419406730206757
1.0154989620000006,-0.012412300356724859
1.0156989619999996,-0.012405197263586203
1.0158989620000005,-0.012398096716167081
1.0160989619999992,-0.01239099797710366
1.0162989620000005,-0.012383900306447846
1.0164989619999996,-0.012376802961823734
1.016698962,-0.012369705198582272
1.0168989620000006,-0.01236260626995666
1.0170989619999995,-0.012355505427216452
1.017298962,-0.012348401919821088
1.0174989620000003,-0.012341294995573399
1.0176989620000008,-0.012334183900772004
1.0178989619999996,-0.012327067880363321
1.018098962,-0.012319946178092695
1.018298962,-0.012312818036655366
1.0184989620000002,-0.012305682697846225
1.0186989619999998,-0.012298539402709256
1.0188989620000004,-0.012291387391685952
1.0190989619999993,-0.012284225904763465
1.0192989620000001,-0.012277054181621283
1.0194989620000001,-0.012269871461778058
1.0196989620000005,-0.01226267698473682
1.0198989619999992,-0.012255469990130007
1.0200989619999996,-0.012248249717863055
1.020298962000001,-0.012241015408257915
1.0204989619999996,-0.01223376630219527
1.0206989619999998,-0.012226501641255511
1.0208989620000002,-0.012219220667859822
1.0210989620000004,-0.012211922625409467
1.021298962,-0.012204606758424639
1.0214989620000003,-0.012197272312682072
1.0216989619999999,-0.012189918535352156
1.0218989619999999,-0.012182544675134473
1.022098962,-0.012175149982392993
1.0222989620000007,-0.012167733709289804
1.0224989619999993,-0.012160295109918185
1.022698962,-0.012152833440434134
1.0228989620000006,-0.012145347959187706
1.023098962,-0.01213783792685253
1.0232989619999997,-0.012130302606554531
1.0234989620000001,-0.012122741263999745
1.0236989620000005,-0.012115153167600846
1.0238989619999996,-0.012107537588602696
1.0240989620000005,-0.012099893801206489
1.024298962,-0.012092221082693443
1.024498962,-0.01208451871354646
1.0246989619999995,-0.012076785977571402
1.0248989620000004,-0.012069022162016711
1.0250989619999995,-0.012061226557692335
1.025298962,-0.01205339845908674
1.0254989620000003,-0.01204553716448364
1.0256989620000003,-0.012037641976076785
1.0258989619999992,-0.012029712200083906
1.0260989619999998,-0.012021747146859187
1.0262989620000007,-0.012013746131004935
1.0264989619999998,-0.012005708471481644
1.0266989619999995,-0.011997633491716592
1.0268989620000002,-0.011989520519711827
1.0270989620000004,-0.011981368888150469
1.0272989619999997,-0.011973177934501686
1.0274989620000001,-0.011964947001124406
1.0276989619999997,-0.011956675435370125
1.0278989620000005,-0.011948362589683723
1.0280989619999996,-0.011940007821703704
1.0282989620000005,-0.011931610494360326
1.0284989619999996,-0.011923169975973341
1.0286989619999996,-0.011914685640347363
1.0288989620000004,-0.011906156866866755
1.029098962,-0.011897583040588841
1.0292989619999995,-0.01188896355233551
1.0294989620000004,-0.011880297798783801
1.0296989620000006,-0.011871585182555256
1.0298989619999999,-0.011862825112303337
1.0300989619999996,-0.01185401700279989
1.030298962,-0.011845160275020165
1.030498962,-0.011836254356226483
1.030698962,-0.011827298680050285
1.0308989620000004,-0.011818292686572994
1.0310989619999993,-0.011809235822405506
1.0312989620000002,-0.011800127540765908
1.0314989619999997,-0.011790967301556491
1.0316989620000006,-0.011781754571438463
1.0318989619999992,-0.011772488823906179
1.0320989619999998,-0.011763169539358846
1.0322989620000005,-0.011753796205172095
1.032498962,-0.011744368315767119
1.0326989619999996,-0.011734885372678666
1.0328989620000002,-0.01172534688462178
1.0330989620000004,-0.011715752367557094
1.033298962,-0.0117061013447544
1.033498962,-0.011696393346855002
1.0336989619999999,-0.011686627911932708
1.0338989620000003,-0.01167680458555313
1.0340989619999996,-0.01166692292083189
1.0342989620000003,-0.011656982478490834
1.0344989619999994,-0.011646982826913666
1.034698962,-0.011636923542199015
1.034898962,-0.011626804208213257
1.0350989620000004,-0.011616624416640917
1.0352989619999993,-0.011606383767034312
1.0354989620000001,-0.011596081866861035
1.0356989620000006,-0.011585718331551028
1.0358989619999996,-0.011575292784541228
1.0360989619999998,-0.011564804857319118
1.036298962,-0.011554254189465173
1.0364989620000002,-0.011543640428693436
1.0366989619999996,-0.011532963230890838
1.0368989620000004,-0.011522222260154945
1.037098962,-0.01151141718883076
1.0372989620000004,-0.011500547697545225
1.037498962,-0.011489613475241328
1.0376989620000008,-0.011478614219209784
1.0378989619999992,-0.011467549635120384
1.0380989619999996,-0.01145641943705051
1.0382989620000003,-0.011445223347513899
1.0384989620000002,-0.011433961097486739
1.0386989619999996,-0.011422632426432803
1.038898962,-0.011411237082327098
1.0390989620000004,-0.011399774821678449
1.0392989620000002,-0.01138824540955027
1.0394989620000004,-0.011376648619579975
1.0396989619999997,-0.011364984233997413
1.0398989620000005,-0.011353252043641283
1.0400989619999994,-0.011341451847975092
1.040298962000001,-0.011329583455100392
1.0404989619999994,-0.011317646681770516
1.040698962,-0.01130564135340065
1.0408989620000002,-0.011293567304078926
1.0410989620000004,-0.01128142437657439
1.0412989619999988,-0.011269212422344575
1.041498962,-0.011256931301540967
1.0416989620000006,-0.011244580883014457
1.0418989619999999,-0.01123216104431805
1.0420989619999996,-0.011219671671708793
1.042298962,-0.01120711266014876
1.042498962,-0.011194483913304364
1.042698962,-0.011181785343544312
1.0428989620000007,-0.011169016871936464
1.0430989619999993,-0.011156178428243554
1.0432989620000002,-0.011143269950916836
1.0434989619999997,-0.011130291387089968
1.0436989620000008,-0.011117242692569841
1.0438989619999997,-0.011104123831827909
1.0440989619999996,-0.011090934777988521
1.0442989620000005,-0.011077675512817634
1.0444989619999996,-0.011064346026709535
1.0446989619999996,-0.011050946318671862
1.044898962,-0.011037476396310593
1.0450989620000004,-0.01102393627581293
1.045298962,-0.011010325981929364
1.0454989620000004,-0.01099664554795422
1.045698962,-0.010982895015705721
1.0458989620000003,-0.010969074435503995
1.0460989619999999,-0.010955183866148828
1.0462989620000007,-0.010941223374895349
1.046498961999999,-0.01092719303742975
1.046698962,-0.010913092937842124
1.046898962,-0.010898923168600557
1.0470989620000009,-0.01088468383052179
1.0472989619999993,-0.010870375032742598
1.0474989619999997,-0.010855996892688315
1.0476989620000006,-0.01084154953604237
1.0478989619999997,-0.0108270330967132
1.0480989619999996,-0.010812447716800209
1.0482989619999996,-0.010797793546559648
1.0484989620000005,-0.010783070744368487
1.0486989620000002,-0.010768279476687998
1.0488989620000009,-0.010753419918025447
1.049098962,-0.010738492250895956
1.049298962,-0.01072349666578201
1.0494989619999995,-0.010708433361093402
1.0496989620000003,-0.010693302543124967
1.0498989619999992,-0.010678104426014525
1.0500989619999996,-0.010662839231698395
1.0502989620000003,-0.010647507189867712
1.0504989620000003,-0.010632108537922562
1.0506989619999996,-0.010616643520925569
1.0508989619999995,-0.010601112391554536
1.0510989620000004,-0.010585515410054556
1.0512989619999997,-0.010569852844189011
1.0514989620000004,-0.010554124969189076
1.0516989619999997,-0.010538332067703812
1.051898962,-0.010522474429747705
1.052098962,-0.010506552352648975
1.0522989620000005,-0.01049056614099582
1.0524989619999996,-0.010474516106582767
1.0526989620000002,-0.010458402568355236
1.0528989620000002,-0.010442225852354698
1.0530989620000006,-0.010425986291661627
1.053298961999999,-0.01040968422633887
1.053498962,-0.010393320003372942
1.0536989620000003,-0.010376893976616515
1.0538989620000003,-0.01036040650672827
1.0540989619999999,-0.01034385796111307
1.0542989619999998,-0.010327248713861122
1.0544989620000003,-0.010310579145686718
1.054698962,-0.010293849643866124
1.0548989620000004,-0.01027706060217454
1.0550989619999998,-0.010260212420823124
1.0552989620000002,-0.010243305506394414
1.0554989619999997,-0.010226340271778293
1.0556989620000008,-0.010209317136106021
1.0558989619999997,-0.010192236524685257
1.0560989619999996,-0.01017509886893251
1.056298962,-0.010157904606307003
1.056498962,-0.01014065418024282
1.0566989619999996,-0.010123348040080665
1.056898962,-0.010105986640999171
1.0570989620000006,-0.010088570443946013
1.057298962,-0.010071099915568087
1.057498962,-0.010053575528140998
1.057698962,-0.010035997759498897
1.0578989619999999,-0.010018367092963044
1.0580989619999999,-0.010000684017270306
1.0582989620000003,-0.009982949026501046
1.0584989619999994,-0.009965162620006903
1.0586989620000002,-0.009947325302337265
1.0588989619999996,-0.009929437583166952
1.0590989620000006,-0.00991149997722139
1.0592989619999993,-0.009893513004203765
1.0594989619999997,-0.009875477188719143
1.0596989620000004,-0.009857393060200977
1.0598989620000001,-0.009839261152835331
1.0600989619999996,-0.009821082005485336
1.060298962,-0.009802856161615438
1.0604989620000005,-0.009784584169215568
1.060698962,-0.009766266580724495
1.0608989620000004,-0.009747903952952915
1.0610989619999998,-0.009729496847007054
1.0612989620000002,-0.009711045828210736
1.0614989619999995,-0.009692551466028668
1.0616989620000006,-0.00967401433398789
1.0618989619999992,-0.009655435009600942
1.0620989620000003,-0.00963681407428623
1.0622989620000003,-0.009618152113291315
1.0624989620000007,-0.009599449715613134
1.0626989619999994,-0.00958070747392012
1.062898962,-0.009561925984472405
1.0630989620000002,-0.009543105847043988
