x,y
9.726983333369076945e-05,0.000000000000000000e+00
2.972698333336687426e-04,0.000000000000000000e+00
4.972698333360892065e-04,0.000000000000000000e+00
6.972698333340687782e-04,0.000000000000000000e+00
8.972698333296058593e-04,0.000000000000000000e+00
1.097269833334912903e-03,0.000000000000000000e+00
1.297269833332004296e-03,0.000000000000000000e+00
1.497269833335090894e-03,0.000000000000000000e+00
1.697269833331960243e-03,0.000000000000000000e+00
1.897269833333048439e-03,0.000000000000000000e+00
2.097269833333248457e-03,0.000000000000000000e+00
2.297269833335002787e-03,0.000000000000000000e+00
2.497269833335202804e-03,0.000000000000000000e+00
2.697269833330073752e-03,0.000000000000000000e+00
2.897269833334714662e-03,0.000000000000000000e+00
3.097269833332028099e-03,0.000000000000000000e+00
3.297269833334448563e-03,0.000000000000000000e+00
3.497269833331984046e-03,0.000000000000000000e+00
3.697269833331962019e-03,0.000000000000000000e+00
3.897269833333938394e-03,0.000000000000000000e+00
4.097269833334360456e-03,0.000000000000000000e+00
4.297269833335226608e-03,0.000000000000000000e+00
4.497269833330319599e-03,0.000000000000000000e+00
4.697269833334072331e-03,0.000000000000000000e+00
4.897269833331163724e-03,0.000000000000000000e+00
5.097269833335138500e-03,0.000000000000000000e+00
5.297269833332007849e-03,0.000000000000000000e+00
5.497269833331985822e-03,0.000000000000000000e+00
5.697269833332407885e-03,0.000000000000000000e+00
5.897269833334384259e-03,0.000000000000000000e+00
6.097269833335916545e-03,0.000000000000000000e+00
6.297269833330787492e-03,0.000000000000000000e+00
6.497269833334096134e-03,0.000000000000000000e+00
6.697269833332075706e-03,0.000000000000000000e+00
6.897269833335162303e-03,0.000000000000000000e+00
7.097269833332031652e-03,0.000000000000000000e+00
7.297269833332009625e-03,0.000000000000000000e+00
7.497269833331987599e-03,0.000000000000000000e+00
7.697269833333519884e-03,0.000000000000000000e+00
7.897269833336384437e-03,0.000000000000000000e+00
8.097269833331255384e-03,0.000000000000000000e+00
8.297269833333231759e-03,0.000000000000000000e+00
8.497269833332099509e-03,0.000000000000000000e+00
8.697269833335630196e-03,0.000000000000000000e+00
8.897269833331611366e-03,0.000000000000000000e+00
9.097269833332921607e-03,0.000000000000000000e+00
9.297269833333121625e-03,0.000000000000000000e+00
9.497269833332877553e-03,0.000000000000000000e+00
9.697269833337296419e-03,0.000000000000000000e+00
9.897269833331501232e-03,0.000000000000000000e+00
1.009726983333325556e-02,0.000000000000000000e+00
1.029726983333367762e-02,0.000000000000000000e+00
1.049726983333520991e-02,0.000000000000000000e+00
1.069726983333207926e-02,0.000000000000000000e+00
1.089726983333205723e-02,0.000000000000000000e+00
1.109726983333292338e-02,0.000000000000000000e+00
1.129726983333290136e-02,0.000000000000000000e+00
1.149726983333509978e-02,0.000000000000000000e+00
1.169726983333130299e-02,0.000000000000000000e+00
1.189726983333350141e-02,0.000000000000000000e+00
1.209726983333370143e-02,0.000000000000000000e+00
1.229726983333567780e-02,0.000000000000000000e+00
1.249726983333321328e-02,0.000000000000000000e+00
1.269726983333208103e-02,0.000000000000000000e+00
1.289726983333405741e-02,0.000000000000000000e+00
1.309726983333314720e-02,0.000000000000000000e+00
1.329726983333556767e-02,0.000000000000000000e+00
1.349726983333110475e-02,0.000000000000000000e+00
1.369726983333241499e-02,0.000000000000000000e+00
1.389726983333283705e-02,0.000000000000000000e+00
1.409726983333525752e-02,0.000000000000000000e+00
1.429726983333368118e-02,0.000000000000000000e+00
1.449726983333099462e-02,0.000000000000000000e+00
1.469726983333430326e-02,0.000000000000000000e+00
1.489726983333206078e-02,0.000000000000000000e+00
1.509726983333514738e-02,0.000000000000000000e+00
1.529726983333201673e-02,0.000000000000000000e+00
1.549726983333399311e-02,0.000000000000000000e+00
1.569726983333352699e-02,0.000000000000000000e+00
1.589726983333550336e-02,0.000000000000000000e+00
1.609726983333437111e-02,0.000000000000000000e+00
1.629726983333035228e-02,0.000000000000000000e+00
1.649726983333499319e-02,0.000000000000000000e+00
1.669726983333164050e-02,0.000000000000000000e+00
1.689726983333494914e-02,0.000000000000000000e+00
1.709726983333248462e-02,0.000000000000000000e+00
1.729726983333312873e-02,0.000000000000000000e+00
1.749726983333310670e-02,0.000000000000000000e+00
1.769726983333486103e-02,0.000000000000000000e+00
1.789726983333439492e-02,0.000000000000000000e+00
1.809726983333037609e-02,0.000000000000000000e+00
1.829726983333435086e-02,0.000000000000000000e+00
1.849726983333210839e-02,0.000000000000000000e+00
1.869726983333519499e-02,0.000000000000000000e+00
1.889726983333250843e-02,0.000000000000000000e+00
1.909726983333248640e-02,0.000000000000000000e+00
1.929726983333401868e-02,0.000000000000000000e+00
1.949726983333399666e-02,0.000000000000000000e+00
1.969726983333486281e-02,0.000000000000000000e+00
1.989726983333039989e-02,0.000000000000000000e+00
2.009726983333370853e-02,0.000000000000000000e+00
2.029726983333168810e-02,0.000000000000000000e+00
2.049726983333499675e-02,0.000000000000000000e+00
2.069726983333208814e-02,0.000000000000000000e+00
2.089726983333206611e-02,0.000000000000000000e+00
2.109726983333359840e-02,0.000000000000000000e+00
2.129726983333402046e-02,0.000000000000000000e+00
2.149726983333599684e-02,0.000000000000000000e+00
2.169726983333086778e-02,0.000000000000000000e+00
2.189726983333351029e-02,0.000000000000000000e+00
2.209726983333148986e-02,0.000000000000000000e+00
2.229726983333502055e-02,0.000000000000000000e+00
2.249726983333233399e-02,0.000000000000000000e+00
2.269726983333208992e-02,0.000000000000000000e+00
2.289726983333317811e-02,0.000000000000000000e+00
2.309726983333448835e-02,0.000000000000000000e+00
2.329726983333602064e-02,0.000000000000000000e+00
2.349726983333089159e-02,0.000000000000000000e+00
2.369726983333353409e-02,0.000000000000000000e+00
2.389726983333195776e-02,0.000000000000000000e+00
2.409726983333526640e-02,0.000000000000000000e+00
2.429726983333169166e-02,0.000000000000000000e+00
2.449726983333233576e-02,0.000000000000000000e+00
2.469726983333275783e-02,0.000000000000000000e+00
2.489726983333295784e-02,0.000000000000000000e+00
2.509726983333693262e-02,0.000000000000000000e+00
2.529726983333113743e-02,0.000000000000000000e+00
2.549726983333311381e-02,0.000000000000000000e+00
2.569726983333309178e-02,0.000000000000000000e+00
2.589726983333506816e-02,0.000000000000000000e+00
2.609726983333238159e-02,0.000000000000000000e+00
2.629726983333191548e-02,0.000000000000000000e+00
2.649726983333233754e-02,0.000000000000000000e+00
2.669726983333275960e-02,0.000000000000000000e+00
2.689726983333495802e-02,0.000000000000000000e+00
2.709726983333093919e-02,0.000000000000000000e+00
2.729726983333313761e-02,0.000000000000000000e+00
2.749726983333355967e-02,0.000000000000000000e+00
2.769726983333598014e-02,0.000000000000000000e+00
2.789726983333329358e-02,0.000000000000000000e+00
2.809726983333193928e-02,0.000000000000000000e+00
2.829726983333369361e-02,0.000000000000000000e+00
2.849726983333322750e-02,0.000000000000000000e+00
2.869726983333564796e-02,0.000000000000000000e+00
2.889726983333096300e-02,0.000000000000000000e+00
2.909726983333360550e-02,0.000000000000000000e+00
2.929726983333313939e-02,0.000000000000000000e+00
2.949726983333489372e-02,0.000000000000000000e+00
2.969726983333398351e-02,0.000000000000000000e+00
2.989726983333151900e-02,0.000000000000000000e+00
3.009726983333393946e-02,0.000000000000000000e+00
3.029726983333302925e-02,0.000000000000000000e+00
3.049726983333500563e-02,0.000000000000000000e+00
3.069726983333120884e-02,0.000000000000000000e+00
3.089726983333318522e-02,0.000000000000000000e+00
3.109726983333360728e-02,0.000000000000000000e+00
3.129726983333513957e-02,0.000000000000000000e+00
3.149726983333489549e-02,0.000000000000000000e+00
3.169726983333109871e-02,0.000000000000000000e+00
3.189726983333485144e-02,0.000000000000000000e+00
3.209726983333238692e-02,0.000000000000000000e+00
3.229726983333525148e-02,0.000000000000000000e+00
3.249726983333278696e-02,0.000000000000000000e+00
3.269726983333276493e-02,0.000000000000000000e+00
3.289726983333407517e-02,0.000000000000000000e+00
3.309726983333471928e-02,0.000000000000000000e+00
3.329726983333514134e-02,0.000000000000000000e+00
3.349726983333090047e-02,0.000000000000000000e+00
3.369726983333398707e-02,0.000000000000000000e+00
3.389726983333196664e-02,0.000000000000000000e+00
3.409726983333527528e-02,0.000000000000000000e+00
3.429726983333281076e-02,0.000000000000000000e+00
3.449726983333190056e-02,0.000000000000000000e+00
3.469726983333432102e-02,0.000000000000000000e+00
3.489726983333363286e-02,0.000000000000000000e+00
3.509726983333516515e-02,0.000000000000000000e+00
3.529726983333070223e-02,0.000000000000000000e+00
3.549726983333401087e-02,0.000000000000000000e+00
3.569726983333154635e-02,0.000000000000000000e+00
3.589726983333441090e-02,0.000000000000000000e+00
3.609726983333305661e-02,0.000000000000000000e+00
3.629726983333170232e-02,0.000000000000000000e+00
3.649726983333367869e-02,0.000000000000000000e+00
3.669726983333410075e-02,0.000000000000000000e+00
3.689726983333607713e-02,0.000000000000000000e+00
3.709726983333094807e-02,0.000000000000000000e+00
3.729726983333359058e-02,0.000000000000000000e+00
3.749726983333112607e-02,0.000000000000000000e+00
3.769726983333487880e-02,0.000000000000000000e+00
3.789726983333285837e-02,0.000000000000000000e+00
3.809726983333128203e-02,0.000000000000000000e+00
3.829726983333325840e-02,0.000000000000000000e+00
3.849726983333390251e-02,0.000000000000000000e+00
3.869726983333676706e-02,0.000000000000000000e+00
3.889726983333163801e-02,0.000000000000000000e+00
3.909726983333294825e-02,0.000000000000000000e+00
3.929726983333248214e-02,0.000000000000000000e+00
3.949726983333556873e-02,0.000000000000000000e+00
3.969726983333199399e-02,0.000000000000000000e+00
3.989726983333197197e-02,0.000000000000000000e+00
4.009726983333328221e-02,0.000000000000000000e+00
4.029726983333303814e-02,0.000000000000000000e+00
4.049726983333767905e-02,0.000000000000000000e+00
4.069726983333210590e-02,0.000000000000000000e+00
4.089726983333275001e-02,0.000000000000000000e+00
4.109726983333361616e-02,0.000000000000000000e+00
4.129726983333470436e-02,0.000000000000000000e+00
4.149726983333312802e-02,0.000000000000000000e+00
4.169726983333199577e-02,0.000000000000000000e+00
4.189726983333241783e-02,0.000000000000000000e+00
4.209726983333283989e-02,0.000000000000000000e+00
4.229726983333481627e-02,0.000000000000000000e+00
4.249726983333168562e-02,0.000000000000000000e+00
4.269726983333277381e-02,0.000000000000000000e+00
4.289726983333363997e-02,0.000000000000000000e+00
4.309726983333606043e-02,0.000000000000000000e+00
4.329726983333404000e-02,0.000000000000000000e+00
4.349726983333201957e-02,0.000000000000000000e+00
4.369726983333310777e-02,0.000000000000000000e+00
4.389726983333308574e-02,0.000000000000000000e+00
4.409726983333528416e-02,0.000000000000000000e+00
4.429726983333170942e-02,0.000000000000000000e+00
4.449726983333301966e-02,0.000000000000000000e+00
4.469726983333321968e-02,0.000000000000000000e+00
4.489726983333475197e-02,0.000000000000000000e+00
4.509726983333450789e-02,0.000000000000000000e+00
4.529726983333248747e-02,0.000000000000000000e+00
4.549726983333446384e-02,0.000000000000000000e+00
4.569726983333310955e-02,0.000000000000000000e+00
4.589726983333508592e-02,0.000000000000000000e+00
4.609726983333151118e-02,0.000000000000000000e+00
4.629726983333282142e-02,0.000000000000000000e+00
4.649726983333368757e-02,0.000000000000000000e+00
4.669726983333521986e-02,0.000000000000000000e+00
4.689726983333519783e-02,0.000000000000000000e+00
4.709726983333206718e-02,0.000000000000000000e+00
4.729726983333470969e-02,0.000000000000000000e+00
4.749726983333202313e-02,0.000000000000000000e+00
4.769726983333488768e-02,0.000000000000000000e+00
4.789726983333197907e-02,0.000000000000000000e+00
4.809726983333195705e-02,0.000000000000000000e+00
4.829726983333437751e-02,0.000000000000000000e+00
4.849726983333479957e-02,0.000000000000000000e+00
4.869726983333522163e-02,0.000000000000000000e+00
4.889726983333075871e-02,0.000000000000000000e+00
4.909726983333495554e-02,0.000000000000000000e+00
4.929726983333249102e-02,0.000000000000000000e+00
4.949726983333513353e-02,0.000000000000000000e+00
4.969726983333289105e-02,0.000000000000000000e+00
4.989726983333198085e-02,0.000000000000000000e+00
5.009726983333395722e-02,0.000000000000000000e+00
5.029726983333349111e-02,0.000000000000000000e+00
5.049726983333524544e-02,0.000000000000000000e+00
5.069726983333122661e-02,0.000000000000000000e+00
5.089726983333520138e-02,0.000000000000000000e+00
5.109726983333207073e-02,0.000000000000000000e+00
5.129726983333404711e-02,0.000000000000000000e+00
5.149726983333313690e-02,0.000000000000000000e+00
5.169726983333200465e-02,0.000000000000000000e+00
5.189726983333353694e-02,0.000000000000000000e+00
5.209726983333351491e-02,0.000000000000000000e+00
5.229726983333549128e-02,0.000000000000000000e+00
5.249726983333102837e-02,0.000000000000000000e+00
5.269726983333389292e-02,0.000000000000000000e+00
5.289726983333120636e-02,0.000000000000000000e+00
5.309726983333429295e-02,0.000000000000000000e+00
5.329726983333249457e-02,0.000000000000000000e+00
5.349726983333202845e-02,0.000000000000000000e+00
5.369726983333245052e-02,0.000000000000000000e+00
5.389726983333353871e-02,0.000000000000000000e+00
5.409726983333684736e-02,0.000000000000000000e+00
5.429726983333149626e-02,0.000000000000000000e+00
5.449726983333325059e-02,0.000000000000000000e+00
5.469726983333189629e-02,0.000000000000000000e+00
5.489726983333609311e-02,0.000000000000000000e+00
5.509726983333207428e-02,0.000000000000000000e+00
5.529726983333249635e-02,0.000000000000000000e+00
5.549726983333247432e-02,0.000000000000000000e+00
5.569726983333311843e-02,0.000000000000000000e+00
5.589726983333709320e-02,0.000000000000000000e+00
5.609726983333152006e-02,0.000000000000000000e+00
5.629726983333194212e-02,0.000000000000000000e+00
5.649726983333236419e-02,0.000000000000000000e+00
5.669726983333522874e-02,0.000000000000000000e+00
5.689726983333276422e-02,0.000000000000000000e+00
5.709726983333318628e-02,0.000000000000000000e+00
5.729726983333249812e-02,0.000000000000000000e+00
5.749726983333292019e-02,0.000000000000000000e+00
5.769726983333489656e-02,0.000000000000000000e+00
5.789726983333109978e-02,0.000000000000000000e+00
5.809726983333196593e-02,0.000000000000000000e+00
5.829726983333283208e-02,0.000000000000000000e+00
5.849726983333569663e-02,0.000000000000000000e+00
5.869726983333323211e-02,0.000000000000000000e+00
5.889726983333276600e-02,0.000000000000000000e+00
5.909726983333363215e-02,0.000000000000000000e+00
5.929726983333316603e-02,0.000000000000000000e+00
5.949726983333514241e-02,0.000000000000000000e+00
5.969726983333112358e-02,0.000000000000000000e+00
5.989726983333287791e-02,0.000000000000000000e+00
6.009726983333285588e-02,0.000000000000000000e+00
6.029726983333527635e-02,0.000000000000000000e+00
6.049726983333392205e-02,0.000000000000000000e+00
6.069726983333367798e-02,0.000000000000000000e+00
6.089726983333410004e-02,0.000000000000000000e+00
6.109726983333363393e-02,0.000000000000000000e+00
6.129726983333472212e-02,0.000000000000000000e+00
6.149726983333203556e-02,0.000000000000000000e+00
6.169726983333290171e-02,0.000000000000000000e+00
6.189726983333310173e-02,0.000000000000000000e+00
6.209726983333441197e-02,0.000000000000000000e+00
6.229726983333505608e-02,0.000000000000000000e+00
6.249726983333192543e-02,0.000000000000000000e+00
6.269726983333478998e-02,0.000000000000000000e+00
6.289726983333210342e-02,0.000000000000000000e+00
6.309726983333496797e-02,0.000000000000000000e+00
6.329726983333205936e-02,0.000000000000000000e+00
6.349726983333248143e-02,0.000000000000000000e+00
6.369726983333356962e-02,0.000000000000000000e+00
6.389726983333487986e-02,0.000000000000000000e+00
6.409726983333441375e-02,0.000000000000000000e+00
6.429726983333128310e-02,0.000000000000000000e+00
6.449726983333525787e-02,0.000000000000000000e+00
6.469726983333190518e-02,0.000000000000000000e+00
6.489726983333521382e-02,0.000000000000000000e+00
6.509726983333230521e-02,0.000000000000000000e+00
6.529726983333250523e-02,0.000000000000000000e+00
6.549726983333403751e-02,0.000000000000000000e+00
6.569726983333357140e-02,0.000000000000000000e+00
6.589726983333488164e-02,0.000000000000000000e+00
6.609726983333130690e-02,0.000000000000000000e+00
6.629726983333439350e-02,0.000000000000000000e+00
6.649726983333192898e-02,0.000000000000000000e+00
6.669726983333390535e-02,0.000000000000000000e+00
6.689726983333299515e-02,0.000000000000000000e+00
6.709726983333297312e-02,0.000000000000000000e+00
6.729726983333450541e-02,0.000000000000000000e+00
6.749726983333403929e-02,0.000000000000000000e+00
6.769726983333512749e-02,0.000000000000000000e+00
6.789726983333110866e-02,0.000000000000000000e+00
6.809726983333352912e-02,0.000000000000000000e+00
6.829726983333106460e-02,0.000000000000000000e+00
6.849726983333392916e-02,0.000000000000000000e+00
6.869726983333190873e-02,0.000000000000000000e+00
6.889726983333210875e-02,0.000000000000000000e+00
6.909726983333230876e-02,0.000000000000000000e+00
6.929726983333361900e-02,0.000000000000000000e+00
6.949726983333603947e-02,0.000000000000000000e+00
6.969726983333157655e-02,0.000000000000000000e+00
6.989726983333244270e-02,0.000000000000000000e+00
7.009726983333197659e-02,0.000000000000000000e+00
7.029726983333528523e-02,0.000000000000000000e+00
7.049726983333193253e-02,0.000000000000000000e+00
7.069726983333235459e-02,0.000000000000000000e+00
7.089726983333233257e-02,0.000000000000000000e+00
7.109726983333364281e-02,0.000000000000000000e+00
7.129726983333695145e-02,0.000000000000000000e+00
7.149726983333204444e-02,0.000000000000000000e+00
7.169726983333202242e-02,0.000000000000000000e+00
7.189726983333244448e-02,0.000000000000000000e+00
7.209726983333530903e-02,0.000000000000000000e+00
7.229726983333240042e-02,0.000000000000000000e+00
7.249726983333282249e-02,0.000000000000000000e+00
7.269726983333191228e-02,0.000000000000000000e+00
7.289726983333322252e-02,0.000000000000000000e+00
7.309726983333497685e-02,0.000000000000000000e+00
7.329726983333206825e-02,0.000000000000000000e+00
7.349726983333204622e-02,0.000000000000000000e+00
7.369726983333357850e-02,0.000000000000000000e+00
7.389726983333599897e-02,0.000000000000000000e+00
7.409726983333309036e-02,0.000000000000000000e+00
7.429726983333284629e-02,0.000000000000000000e+00
7.449726983333304631e-02,0.000000000000000000e+00
7.469726983333324632e-02,0.000000000000000000e+00
7.489726983333522270e-02,0.000000000000000000e+00
7.509726983333120387e-02,0.000000000000000000e+00
7.529726983333229207e-02,0.000000000000000000e+00
7.549726983333315822e-02,0.000000000000000000e+00
7.569726983333491255e-02,0.000000000000000000e+00
7.589726983333400234e-02,0.000000000000000000e+00
7.609726983333309214e-02,0.000000000000000000e+00
7.629726983333440238e-02,0.000000000000000000e+00
7.649726983333349217e-02,0.000000000000000000e+00
7.669726983333524650e-02,0.000000000000000000e+00
7.689726983333122767e-02,0.000000000000000000e+00
7.709726983333298200e-02,0.000000000000000000e+00
7.729726983333318202e-02,0.000000000000000000e+00
7.749726983333471431e-02,0.000000000000000000e+00
7.769726983333469228e-02,0.000000000000000000e+00
7.789726983333200572e-02,0.000000000000000000e+00
7.809726983333487027e-02,0.000000000000000000e+00
7.829726983333240575e-02,0.000000000000000000e+00
7.849726983333504826e-02,0.000000000000000000e+00
7.869726983333191761e-02,0.000000000000000000e+00
7.889726983333367194e-02,0.000000000000000000e+00
7.909726983333364991e-02,0.000000000000000000e+00
7.929726983333496015e-02,0.000000000000000000e+00
7.949726983333493813e-02,0.000000000000000000e+00
7.969726983333091930e-02,0.000000000000000000e+00
7.989726983333511612e-02,0.000000000000000000e+00
8.009726983333198547e-02,0.000000000000000000e+00
8.029726983333529411e-02,0.000000000000000000e+00
8.049726983333194141e-02,0.000000000000000000e+00
8.069726983333369574e-02,0.000000000000000000e+00
8.089726983333367372e-02,0.000000000000000000e+00
8.109726983333409578e-02,0.000000000000000000e+00
8.129726983333473989e-02,0.000000000000000000e+00
8.149726983333072106e-02,0.000000000000000000e+00
8.169726983333469583e-02,0.000000000000000000e+00
8.189726983333156518e-02,0.000000000000000000e+00
8.209726983333398564e-02,0.000000000000000000e+00
8.229726983333240931e-02,0.000000000000000000e+00
8.249726983333238728e-02,0.000000000000000000e+00
8.269726983333369752e-02,0.000000000000000000e+00
8.289726983333434163e-02,0.000000000000000000e+00
8.309726983333520778e-02,0.000000000000000000e+00
8.329726983333118895e-02,0.000000000000000000e+00
8.349726983333360941e-02,0.000000000000000000e+00
8.369726983333114489e-02,0.000000000000000000e+00
8.389726983333445354e-02,0.000000000000000000e+00
8.409726983333243311e-02,0.000000000000000000e+00
8.429726983333152290e-02,0.000000000000000000e+00
8.449726983333305519e-02,0.000000000000000000e+00
8.469726983333369930e-02,0.000000000000000000e+00
8.489726983333589772e-02,0.000000000000000000e+00
8.509726983333099071e-02,0.000000000000000000e+00
8.529726983333296708e-02,0.000000000000000000e+00
8.549726983333205688e-02,0.000000000000000000e+00
8.569726983333492143e-02,0.000000000000000000e+00
8.589726983333245691e-02,0.000000000000000000e+00
8.609726983333243489e-02,0.000000000000000000e+00
8.629726983333330104e-02,0.000000000000000000e+00
8.649726983333350105e-02,0.000000000000000000e+00
8.669726983333769788e-02,0.000000000000000000e+00
8.689726983333190269e-02,0.000000000000000000e+00
8.709726983333210271e-02,0.000000000000000000e+00
8.729726983333230272e-02,0.000000000000000000e+00
8.749726983333472319e-02,0.000000000000000000e+00
8.769726983333314685e-02,0.000000000000000000e+00
8.789726983333245869e-02,0.000000000000000000e+00
8.809726983333243666e-02,0.000000000000000000e+00
8.829726983333330281e-02,0.000000000000000000e+00
8.849726983333550123e-02,0.000000000000000000e+00
8.869726983333170445e-02,0.000000000000000000e+00
8.889726983333279264e-02,0.000000000000000000e+00
8.909726983333299266e-02,0.000000000000000000e+00
8.929726983333496904e-02,0.000000000000000000e+00
8.949726983333361474e-02,0.000000000000000000e+00
8.969726983333248249e-02,0.000000000000000000e+00
8.989726983333246046e-02,0.000000000000000000e+00
9.009726983333288253e-02,0.000000000000000000e+00
9.029726983333530299e-02,0.000000000000000000e+00
9.049726983333128416e-02,0.000000000000000000e+00
9.069726983333192827e-02,0.000000000000000000e+00
9.089726983333279442e-02,0.000000000000000000e+00
9.109726983333521488e-02,0.000000000000000000e+00
9.129726983333430468e-02,0.000000000000000000e+00
9.149726983333250629e-02,0.000000000000000000e+00
9.169726983333359449e-02,0.000000000000000000e+00
9.189726983333312837e-02,0.000000000000000000e+00
9.209726983333510475e-02,0.000000000000000000e+00
9.229726983333153001e-02,0.000000000000000000e+00
9.249726983333239616e-02,0.000000000000000000e+00
9.269726983333281822e-02,0.000000000000000000e+00
9.289726983333523869e-02,0.000000000000000000e+00
9.309726983333499462e-02,0.000000000000000000e+00
9.329726983333230805e-02,0.000000000000000000e+00
9.349726983333361829e-02,0.000000000000000000e+00
9.369726983333293013e-02,0.000000000000000000e+00
9.389726983333490651e-02,0.000000000000000000e+00
9.409726983333199790e-02,0.000000000000000000e+00
9.429726983333308610e-02,0.000000000000000000e+00
9.449726983333328612e-02,0.000000000000000000e+00
9.469726983333592862e-02,0.000000000000000000e+00
9.489726983333479637e-02,0.000000000000000000e+00
9.509726983333166572e-02,0.000000000000000000e+00
9.529726983333475232e-02,0.000000000000000000e+00
9.549726983333206576e-02,0.000000000000000000e+00
9.569726983333493031e-02,0.000000000000000000e+00
9.589726983333290988e-02,0.000000000000000000e+00
9.609726983333310990e-02,0.000000000000000000e+00
9.629726983333330992e-02,0.000000000000000000e+00
9.649726983333484220e-02,0.000000000000000000e+00
9.669726983333437609e-02,0.000000000000000000e+00
9.689726983333124544e-02,0.000000000000000000e+00
9.709726983333433203e-02,0.000000000000000000e+00
9.729726983333164547e-02,0.000000000000000000e+00
9.749726983333406594e-02,0.000000000000000000e+00
9.769726983333315573e-02,0.000000000000000000e+00
9.789726983333291166e-02,0.000000000000000000e+00
9.809726983333311168e-02,0.000000000000000000e+00
9.829726983333353374e-02,0.000000000000000000e+00
9.849726983333506602e-02,0.000000000000000000e+00
9.869726983333149128e-02,0.000000000000000000e+00
9.889726983333391175e-02,0.000000000000000000e+00
9.909726983333100314e-02,0.000000000000000000e+00
9.929726983333497792e-02,0.000000000000000000e+00
9.949726983333362362e-02,0.000000000000000000e+00
9.969726983333204728e-02,0.000000000000000000e+00
9.989726983333202526e-02,0.000000000000000000e+00
1.000972698333348898e-01,0.000000000000000000e+00
1.002972698333359780e-01,0.000000000000000000e+00
1.004972698333312930e-01,0.000000000000000000e+00
1.006972698333330474e-01,0.000000000000000000e+00
1.008972698333312490e-01,0.000000000000000000e+00
1.010972698333350017e-01,0.000000000000000000e+00
1.012972698333323152e-01,0.000000000000000000e+00
1.014972698333329593e-01,0.000000000000000000e+00
1.016972698333324931e-01,0.000000000000000000e+00
1.018972698333335813e-01,0.000000000000000000e+00
1.020972698333364459e-01,0.000000000000000000e+00
1.022972698333319830e-01,0.000000000000000000e+00
1.024972698333319610e-01,0.000000000000000000e+00
1.026972698333319389e-01,0.000000000000000000e+00
1.028972698333343594e-01,0.000000000000000000e+00
1.030972698333327831e-01,0.000000000000000000e+00
1.032972698333332051e-01,0.000000000000000000e+00
1.034972698333320729e-01,0.000000000000000000e+00
1.036972698333336051e-01,0.000000000000000000e+00
1.038972698333360256e-01,0.000000000000000000e+00
1.040972698333311186e-01,0.000000000000000000e+00
1.042972698333328729e-01,0.000000000000000000e+00
1.044972698333324068e-01,0.000000000000000000e+00
1.046972698333354934e-01,0.000000000000000000e+00
1.048972698333330289e-01,0.000000000000000000e+00
1.050972698333327848e-01,0.000000000000000000e+00
1.052972698333320967e-01,0.000000000000000000e+00
1.054972698333322967e-01,0.000000000000000000e+00
1.056972698333349392e-01,0.000000000000000000e+00
1.058972698333309204e-01,0.000000000000000000e+00
1.060972698333331188e-01,0.000000000000000000e+00
1.062972698333328747e-01,0.000000000000000000e+00
1.064972698333352952e-01,0.000000000000000000e+00
1.066972698333339409e-01,0.000000000000000000e+00
1.068972698333336968e-01,0.000000000000000000e+00
1.070972698333332307e-01,0.000000000000000000e+00
1.072972698333320984e-01,0.000000000000000000e+00
1.074972698333356291e-01,0.000000000000000000e+00
1.076972698333316103e-01,0.000000000000000000e+00
1.078972698333335867e-01,0.000000000000000000e+00
1.080972698333324544e-01,0.000000000000000000e+00
1.082972698333350969e-01,0.000000000000000000e+00
1.084972698333348529e-01,0.000000000000000000e+00
1.086972698333328324e-01,0.000000000000000000e+00
1.088972698333336986e-01,0.000000000000000000e+00
1.090972698333319002e-01,0.000000000000000000e+00
1.092972698333349868e-01,0.000000000000000000e+00
1.094972698333323002e-01,0.000000000000000000e+00
1.096972698333344987e-01,0.000000000000000000e+00
1.098972698333324782e-01,0.000000000000000000e+00
1.100972698333360089e-01,0.000000000000000000e+00
1.102972698333344326e-01,0.000000000000000000e+00
1.104972698333315240e-01,0.000000000000000000e+00
1.106972698333348326e-01,0.000000000000000000e+00
1.108972698333317020e-01,0.000000000000000000e+00
1.110972698333347886e-01,0.000000000000000000e+00
1.112972698333323240e-01,0.000000000000000000e+00
1.114972698333340784e-01,0.000000000000000000e+00
1.116972698333325020e-01,0.000000000000000000e+00
1.118972698333347005e-01,0.000000000000000000e+00
1.120972698333349005e-01,0.000000000000000000e+00
1.122972698333319919e-01,0.000000000000000000e+00
1.124972698333344123e-01,0.000000000000000000e+00
1.126972698333312817e-01,0.000000000000000000e+00
1.128972698333343683e-01,0.000000000000000000e+00
1.130972698333327919e-01,0.000000000000000000e+00
1.132972698333332140e-01,0.000000000000000000e+00
1.134972698333331920e-01,0.000000000000000000e+00
1.136972698333340581e-01,0.000000000000000000e+00
1.138972698333347022e-01,0.000000000000000000e+00
1.140972698333311275e-01,0.000000000000000000e+00
1.142972698333348802e-01,0.000000000000000000e+00
1.144972698333308614e-01,0.000000000000000000e+00
1.146972698333348362e-01,0.000000000000000000e+00
1.148972698333323716e-01,0.000000000000000000e+00
1.150972698333327937e-01,0.000000000000000000e+00
1.152972698333323276e-01,0.000000000000000000e+00
1.154972698333343040e-01,0.000000000000000000e+00
1.156972698333356142e-01,0.000000000000000000e+00
1.158972698333315954e-01,0.000000000000000000e+00
1.160972698333331277e-01,0.000000000000000000e+00
1.162972698333311072e-01,0.000000000000000000e+00
1.164972698333348600e-01,0.000000000000000000e+00
1.166972698333328395e-01,0.000000000000000000e+00
1.168972698333337057e-01,0.000000000000000000e+00
1.170972698333327955e-01,0.000000000000000000e+00
1.172972698333341057e-01,0.000000000000000000e+00
1.174972698333360821e-01,0.000000000000000000e+00
1.176972698333320633e-01,0.000000000000000000e+00
1.178972698333329294e-01,0.000000000000000000e+00
1.180972698333315751e-01,0.000000000000000000e+00
1.182972698333351058e-01,0.000000000000000000e+00
1.184972698333319752e-01,0.000000000000000000e+00
1.186972698333335074e-01,0.000000000000000000e+00
1.188972698333319311e-01,0.000000000000000000e+00
1.190972698333323532e-01,0.000000000000000000e+00
1.192972698333363279e-01,0.000000000000000000e+00
1.194972698333320871e-01,0.000000000000000000e+00
1.196972698333325091e-01,0.000000000000000000e+00
1.198972698333324871e-01,0.000000000000000000e+00
1.200972698333351296e-01,0.000000000000000000e+00
1.202972698333331092e-01,0.000000000000000000e+00
1.204972698333330872e-01,0.000000000000000000e+00
1.206972698333323990e-01,0.000000000000000000e+00
1.208972698333328211e-01,0.000000000000000000e+00
1.210972698333350195e-01,0.000000000000000000e+00
1.212972698333312227e-01,0.000000000000000000e+00
1.214972698333327550e-01,0.000000000000000000e+00
1.216972698333329550e-01,0.000000000000000000e+00
1.218972698333351534e-01,0.000000000000000000e+00
1.220972698333335771e-01,0.000000000000000000e+00
1.222972698333331110e-01,0.000000000000000000e+00
1.224972698333333110e-01,0.000000000000000000e+00
1.226972698333330669e-01,0.000000000000000000e+00
1.228972698333352653e-01,0.000000000000000000e+00
1.230972698333312465e-01,0.000000000000000000e+00
1.232972698333323347e-01,0.000000000000000000e+00
1.234972698333320906e-01,0.000000000000000000e+00
1.236972698333347331e-01,0.000000000000000000e+00
1.238972698333344891e-01,0.000000000000000000e+00
1.240972698333329127e-01,0.000000000000000000e+00
1.242972698333335568e-01,0.000000000000000000e+00
1.244972698333319805e-01,0.000000000000000000e+00
1.246972698333344010e-01,0.000000000000000000e+00
1.248972698333319364e-01,0.000000000000000000e+00
1.250972698333336908e-01,0.000000000000000000e+00
1.252972698333336687e-01,0.000000000000000000e+00
1.254972698333352010e-01,0.000000000000000000e+00
1.256972698333347349e-01,0.000000000000000000e+00
1.258972698333311602e-01,0.000000000000000000e+00
1.260972698333346909e-01,0.000000000000000000e+00
1.262972698333320043e-01,0.000000000000000000e+00
1.264972698333344248e-01,0.000000000000000000e+00
1.266972698333328484e-01,0.000000000000000000e+00
1.268972698333334925e-01,0.000000000000000000e+00
1.270972698333328044e-01,0.000000000000000000e+00
1.272972698333347807e-01,0.000000000000000000e+00
1.274972698333343146e-01,0.000000000000000000e+00
1.276972698333316281e-01,0.000000000000000000e+00
1.278972698333347147e-01,0.000000000000000000e+00
1.280972698333315840e-01,0.000000000000000000e+00
1.282972698333340045e-01,0.000000000000000000e+00
1.284972698333330943e-01,0.000000000000000000e+00
1.286972698333324061e-01,0.000000000000000000e+00
1.288972698333334943e-01,0.000000000000000000e+00
1.290972698333343605e-01,0.000000000000000000e+00
1.292972698333350046e-01,0.000000000000000000e+00
1.294972698333309857e-01,0.000000000000000000e+00
1.296972698333342944e-01,0.000000000000000000e+00
1.298972698333307196e-01,0.000000000000000000e+00
1.300972698333344724e-01,0.000000000000000000e+00
1.302972698333335622e-01,0.000000000000000000e+00
1.304972698333319858e-01,0.000000000000000000e+00
1.306972698333332961e-01,0.000000000000000000e+00
1.308972698333343843e-01,0.000000000000000000e+00
1.310972698333359165e-01,0.000000000000000000e+00
1.312972698333312316e-01,0.000000000000000000e+00
1.314972698333336520e-01,0.000000000000000000e+00
1.316972698333316316e-01,0.000000000000000000e+00
1.318972698333344962e-01,0.000000000000000000e+00
1.320972698333335860e-01,0.000000000000000000e+00
1.322972698333324537e-01,0.000000000000000000e+00
1.324972698333330978e-01,0.000000000000000000e+00
1.326972698333335199e-01,0.000000000000000000e+00
1.328972698333359403e-01,0.000000000000000000e+00
1.330972698333312554e-01,0.000000000000000000e+00
1.332972698333330097e-01,0.000000000000000000e+00
1.334972698333320995e-01,0.000000000000000000e+00
1.336972698333347420e-01,0.000000000000000000e+00
1.338972698333331657e-01,0.000000000000000000e+00
1.340972698333335877e-01,0.000000000000000000e+00
1.342972698333331216e-01,0.000000000000000000e+00
1.344972698333324335e-01,0.000000000000000000e+00
1.346972698333368523e-01,0.000000000000000000e+00
1.348972698333315012e-01,0.000000000000000000e+00
1.350972698333319233e-01,0.000000000000000000e+00
1.352972698333336776e-01,0.000000000000000000e+00
1.354972698333349879e-01,0.000000000000000000e+00
1.356972698333340777e-01,0.000000000000000000e+00
1.358972698333325013e-01,0.000000000000000000e+00
1.360972698333329234e-01,0.000000000000000000e+00
1.362972698333329014e-01,0.000000000000000000e+00
1.364972698333350998e-01,0.000000000000000000e+00
1.366972698333313030e-01,0.000000000000000000e+00
1.368972698333323912e-01,0.000000000000000000e+00
1.370972698333337014e-01,0.000000000000000000e+00
1.372972698333356778e-01,0.000000000000000000e+00
1.374972698333343235e-01,0.000000000000000000e+00
1.376972698333320810e-01,0.000000000000000000e+00
1.378972698333336133e-01,0.000000000000000000e+00
1.380972698333324811e-01,0.000000000000000000e+00
1.382972698333351236e-01,0.000000000000000000e+00
1.384972698333311047e-01,0.000000000000000000e+00
1.386972698333324150e-01,0.000000000000000000e+00
1.388972698333328371e-01,0.000000000000000000e+00
1.390972698333352575e-01,0.000000000000000000e+00
1.392972698333347914e-01,0.000000000000000000e+00
1.394972698333323269e-01,0.000000000000000000e+00
1.396972698333336371e-01,0.000000000000000000e+00
1.398972698333320608e-01,0.000000000000000000e+00
1.400972698333347033e-01,0.000000000000000000e+00
1.402972698333320167e-01,0.000000000000000000e+00
1.404972698333335490e-01,0.000000000000000000e+00
1.406972698333335270e-01,0.000000000000000000e+00
1.408972698333355034e-01,0.000000000000000000e+00
1.410972698333352593e-01,0.000000000000000000e+00
1.412972698333312405e-01,0.000000000000000000e+00
1.414972698333347711e-01,0.000000000000000000e+00
1.416972698333320846e-01,0.000000000000000000e+00
1.418972698333345051e-01,0.000000000000000000e+00
1.420972698333324846e-01,0.000000000000000000e+00
1.422972698333331287e-01,0.000000000000000000e+00
1.424972698333331067e-01,0.000000000000000000e+00
1.426972698333348610e-01,0.000000000000000000e+00
1.428972698333352831e-01,0.000000000000000000e+00
1.430972698333312643e-01,0.000000000000000000e+00
1.432972698333343509e-01,0.000000000000000000e+00
1.434972698333316643e-01,0.000000000000000000e+00
1.436972698333340848e-01,0.000000000000000000e+00
1.438972698333331746e-01,0.000000000000000000e+00
1.440972698333324864e-01,0.000000000000000000e+00
1.442972698333340187e-01,0.000000000000000000e+00
1.444972698333339967e-01,0.000000000000000000e+00
1.446972698333348628e-01,0.000000000000000000e+00
1.448972698333308440e-01,0.000000000000000000e+00
1.450972698333337085e-01,0.000000000000000000e+00
1.452972698333310220e-01,0.000000000000000000e+00
1.454972698333341086e-01,0.000000000000000000e+00
1.456972698333336425e-01,0.000000000000000000e+00
1.458972698333325102e-01,0.000000000000000000e+00
1.460972698333335984e-01,0.000000000000000000e+00
1.462972698333349086e-01,0.000000000000000000e+00
1.464972698333351087e-01,0.000000000000000000e+00
1.466972698333310898e-01,0.000000000000000000e+00
1.468972698333335103e-01,0.000000000000000000e+00
1.470972698333314899e-01,0.000000000000000000e+00
1.472972698333343544e-01,0.000000000000000000e+00
1.474972698333330001e-01,0.000000000000000000e+00
1.476972698333320899e-01,0.000000000000000000e+00
1.478972698333331781e-01,0.000000000000000000e+00
1.480972698333344884e-01,0.000000000000000000e+00
1.482972698333355765e-01,0.000000000000000000e+00
1.484972698333311136e-01,0.000000000000000000e+00
1.486972698333319798e-01,0.000000000000000000e+00
1.488972698333319578e-01,0.000000000000000000e+00
1.490972698333352664e-01,0.000000000000000000e+00
1.492972698333319137e-01,0.000000000000000000e+00
1.494972698333336680e-01,0.000000000000000000e+00
1.496972698333332019e-01,0.000000000000000000e+00
1.498972698333336240e-01,0.000000000000000000e+00
1.500972698333360444e-01,0.000000000000000000e+00
1.502972698333315815e-01,0.000000000000000000e+00
1.504972698333320036e-01,0.000000000000000000e+00
1.506972698333330918e-01,0.000000000000000000e+00
1.508972698333359563e-01,0.000000000000000000e+00
1.510972698333334918e-01,0.000000000000000000e+00
1.512972698333328037e-01,0.000000000000000000e+00
1.514972698333323375e-01,0.000000000000000000e+00
1.516972698333336478e-01,0.000000000000000000e+00
1.518972698333351801e-01,0.000000000000000000e+00
1.520972698333307171e-01,0.000000000000000000e+00
1.522972698333320274e-01,0.000000000000000000e+00
1.524972698333335597e-01,0.000000000000000000e+00
1.526972698333359801e-01,0.000000000000000000e+00
1.528972698333339597e-01,0.000000000000000000e+00
1.530972698333328275e-01,0.000000000000000000e+00
1.532972698333332495e-01,0.000000000000000000e+00
1.534972698333338936e-01,0.000000000000000000e+00
1.536972698333356480e-01,0.000000000000000000e+00
1.538972698333307410e-01,0.000000000000000000e+00
1.540972698333324953e-01,0.000000000000000000e+00
1.542972698333331394e-01,0.000000000000000000e+00
1.544972698333351158e-01,0.000000000000000000e+00
1.546972698333344276e-01,0.000000000000000000e+00
1.548972698333330733e-01,0.000000000000000000e+00
1.550972698333332733e-01,0.000000000000000000e+00
1.552972698333319190e-01,0.000000000000000000e+00
1.554972698333350056e-01,0.000000000000000000e+00
1.556972698333312088e-01,0.000000000000000000e+00
1.558972698333322970e-01,0.000000000000000000e+00
1.560972698333336073e-01,0.000000000000000000e+00
1.562972698333360277e-01,0.000000000000000000e+00
1.564972698333344514e-01,0.000000000000000000e+00
1.566972698333319869e-01,0.000000000000000000e+00
1.568972698333344074e-01,0.000000000000000000e+00
1.570972698333319428e-01,0.000000000000000000e+00
1.572972698333350294e-01,0.000000000000000000e+00
1.574972698333316767e-01,0.000000000000000000e+00
1.576972698333327649e-01,0.000000000000000000e+00
1.578972698333331870e-01,0.000000000000000000e+00
1.580972698333351634e-01,0.000000000000000000e+00
1.582972698333351413e-01,0.000000000000000000e+00
1.584972698333315666e-01,0.000000000000000000e+00
1.586972698333344312e-01,0.000000000000000000e+00
1.588972698333319666e-01,0.000000000000000000e+00
1.590972698333352753e-01,0.000000000000000000e+00
1.592972698333319226e-01,0.000000000000000000e+00
1.594972698333319006e-01,0.000000000000000000e+00
1.596972698333336549e-01,0.000000000000000000e+00
1.598972698333349651e-01,0.000000000000000000e+00
1.600972698333347211e-01,0.000000000000000000e+00
1.602972698333311463e-01,0.000000000000000000e+00
1.604972698333344550e-01,0.000000000000000000e+00
1.606972698333311023e-01,0.000000000000000000e+00
1.608972698333344109e-01,0.000000000000000000e+00
1.610972698333330566e-01,0.000000000000000000e+00
1.612972698333319244e-01,0.000000000000000000e+00
1.614972698333336787e-01,0.000000000000000000e+00
1.616972698333352110e-01,0.000000000000000000e+00
1.618972698333349669e-01,0.000000000000000000e+00
1.620972698333309481e-01,0.000000000000000000e+00
1.622972698333335906e-01,0.000000000000000000e+00
1.624972698333311261e-01,0.000000000000000000e+00
1.626972698333348788e-01,0.000000000000000000e+00
1.628972698333319702e-01,0.000000000000000000e+00
1.630972698333319482e-01,0.000000000000000000e+00
1.632972698333328143e-01,0.000000000000000000e+00
1.634972698333347907e-01,0.000000000000000000e+00
1.636972698333356568e-01,0.000000000000000000e+00
1.638972698333309719e-01,0.000000000000000000e+00
1.640972698333320601e-01,0.000000000000000000e+00
1.642972698333320380e-01,0.000000000000000000e+00
1.644972698333355687e-01,0.000000000000000000e+00
1.646972698333319940e-01,0.000000000000000000e+00
1.648972698333344145e-01,0.000000000000000000e+00
1.650972698333328381e-01,0.000000000000000000e+00
1.652972698333343704e-01,0.000000000000000000e+00
1.654972698333359027e-01,0.000000000000000000e+00
1.656972698333312177e-01,0.000000000000000000e+00
1.658972698333316398e-01,0.000000000000000000e+00
1.660972698333325059e-01,0.000000000000000000e+00
1.662972698333360366e-01,0.000000000000000000e+00
1.664972698333324619e-01,0.000000000000000000e+00
1.666972698333335501e-01,0.000000000000000000e+00
1.668972698333319737e-01,0.000000000000000000e+00
1.670972698333332840e-01,0.000000000000000000e+00
1.672972698333352604e-01,0.000000000000000000e+00
1.674972698333310195e-01,0.000000000000000000e+00
1.676972698333316636e-01,0.000000000000000000e+00
1.678972698333331959e-01,0.000000000000000000e+00
1.680972698333365045e-01,0.000000000000000000e+00
1.682972698333335959e-01,0.000000000000000000e+00
1.684972698333331298e-01,0.000000000000000000e+00
1.686972698333319975e-01,0.000000000000000000e+00
1.688972698333335298e-01,0.000000000000000000e+00
1.690972698333359503e-01,0.000000000000000000e+00
1.692972698333312653e-01,0.000000000000000000e+00
1.694972698333319094e-01,0.000000000000000000e+00
1.696972698333327756e-01,0.000000000000000000e+00
1.698972698333351961e-01,0.000000000000000000e+00
1.700972698333336197e-01,0.000000000000000000e+00
1.702972698333340418e-01,0.000000000000000000e+00
1.704972698333329095e-01,0.000000000000000000e+00
1.706972698333331095e-01,0.000000000000000000e+00
1.708972698333359741e-01,0.000000000000000000e+00
1.710972698333315112e-01,0.000000000000000000e+00
1.712972698333319332e-01,0.000000000000000000e+00
1.714972698333319112e-01,0.000000000000000000e+00
1.716972698333361080e-01,0.000000000000000000e+00
1.718972698333347537e-01,0.000000000000000000e+00
1.720972698333331774e-01,0.000000000000000000e+00
1.722972698333335995e-01,0.000000000000000000e+00
1.724972698333311349e-01,0.000000000000000000e+00
1.726972698333351097e-01,0.000000000000000000e+00
1.728972698333319791e-01,0.000000000000000000e+00
1.730972698333324011e-01,0.000000000000000000e+00
1.732972698333319350e-01,0.000000000000000000e+00
1.734972698333359098e-01,0.000000000000000000e+00
1.736972698333352216e-01,0.000000000000000000e+00
1.738972698333320910e-01,0.000000000000000000e+00
1.740972698333340674e-01,0.000000000000000000e+00
1.742972698333320469e-01,0.000000000000000000e+00
1.744972698333351335e-01,0.000000000000000000e+00
1.746972698333320029e-01,0.000000000000000000e+00
1.748972698333330911e-01,0.000000000000000000e+00
1.750972698333328470e-01,0.000000000000000000e+00
1.752972698333352675e-01,0.000000000000000000e+00
1.754972698333352454e-01,0.000000000000000000e+00
1.756972698333312266e-01,0.000000000000000000e+00
1.758972698333336471e-01,0.000000000000000000e+00
1.760972698333311826e-01,0.000000000000000000e+00
1.762972698333347132e-01,0.000000000000000000e+00
1.764972698333331369e-01,0.000000000000000000e+00
1.766972698333335590e-01,0.000000000000000000e+00
1.768972698333330928e-01,0.000000000000000000e+00
1.770972698333352913e-01,0.000000000000000000e+00
1.772972698333348252e-01,0.000000000000000000e+00
1.774972698333316945e-01,0.000000000000000000e+00
1.776972698333338929e-01,0.000000000000000000e+00
1.778972698333309843e-01,0.000000000000000000e+00
1.780972698333347370e-01,0.000000000000000000e+00
1.782972698333320505e-01,0.000000000000000000e+00
1.784972698333331387e-01,0.000000000000000000e+00
1.786972698333320064e-01,0.000000000000000000e+00
1.788972698333350930e-01,0.000000000000000000e+00
1.790972698333352930e-01,0.000000000000000000e+00
1.792972698333312742e-01,0.000000000000000000e+00
1.794972698333323624e-01,0.000000000000000000e+00
1.796972698333318963e-01,0.000000000000000000e+00
1.798972698333360931e-01,0.000000000000000000e+00
1.800972698333316302e-01,0.000000000000000000e+00
1.802972698333340507e-01,0.000000000000000000e+00
1.804972698333320302e-01,0.000000000000000000e+00
1.806972698333344507e-01,0.000000000000000000e+00
1.808972698333359830e-01,0.000000000000000000e+00
1.810972698333310760e-01,0.000000000000000000e+00
1.812972698333319421e-01,0.000000000000000000e+00
1.814972698333319201e-01,0.000000000000000000e+00
1.816972698333358949e-01,0.000000000000000000e+00
1.818972698333320981e-01,0.000000000000000000e+00
1.820972698333340745e-01,0.000000000000000000e+00
1.822972698333320540e-01,0.000000000000000000e+00
1.824972698333335863e-01,0.000000000000000000e+00
1.826972698333360068e-01,0.000000000000000000e+00
1.828972698333310998e-01,0.000000000000000000e+00
1.830972698333315218e-01,0.000000000000000000e+00
1.832972698333328321e-01,0.000000000000000000e+00
1.834972698333363628e-01,0.000000000000000000e+00
1.836972698333323439e-01,0.000000000000000000e+00
1.838972698333340983e-01,0.000000000000000000e+00
1.840972698333320778e-01,0.000000000000000000e+00
1.842972698333336101e-01,0.000000000000000000e+00
1.844972698333364747e-01,0.000000000000000000e+00
1.846972698333309015e-01,0.000000000000000000e+00
1.848972698333324338e-01,0.000000000000000000e+00
1.850972698333328559e-01,0.000000000000000000e+00
1.852972698333354984e-01,0.000000000000000000e+00
1.854972698333332559e-01,0.000000000000000000e+00
1.856972698333343441e-01,0.000000000000000000e+00
1.858972698333327678e-01,0.000000000000000000e+00
1.860972698333340780e-01,0.000000000000000000e+00
1.862972698333360544e-01,0.000000000000000000e+00
1.864972698333311474e-01,0.000000000000000000e+00
1.866972698333324576e-01,0.000000000000000000e+00
1.868972698333319915e-01,0.000000000000000000e+00
1.870972698333355222e-01,0.000000000000000000e+00
1.872972698333335018e-01,0.000000000000000000e+00
1.874972698333328136e-01,0.000000000000000000e+00
1.876972698333330136e-01,0.000000000000000000e+00
1.878972698333321034e-01,0.000000000000000000e+00
1.880972698333351900e-01,0.000000000000000000e+00
1.882972698333311712e-01,0.000000000000000000e+00
1.884972698333324814e-01,0.000000000000000000e+00
1.886972698333320153e-01,0.000000000000000000e+00
1.888972698333364342e-01,0.000000000000000000e+00
1.890972698333335256e-01,0.000000000000000000e+00
1.892972698333319492e-01,0.000000000000000000e+00
1.894972698333348138e-01,0.000000000000000000e+00
1.896972698333319052e-01,0.000000000000000000e+00
1.898972698333352138e-01,0.000000000000000000e+00
1.900972698333323052e-01,0.000000000000000000e+00
1.902972698333336155e-01,0.000000000000000000e+00
1.904972698333329273e-01,0.000000000000000000e+00
1.906972698333351257e-01,0.000000000000000000e+00
1.908972698333344375e-01,0.000000000000000000e+00
1.910972698333315289e-01,0.000000000000000000e+00
1.912972698333339494e-01,0.000000000000000000e+00
1.914972698333317069e-01,0.000000000000000000e+00
1.916972698333352376e-01,0.000000000000000000e+00
1.918972698333327731e-01,0.000000000000000000e+00
1.920972698333331952e-01,0.000000000000000000e+00
1.922972698333336172e-01,0.000000000000000000e+00
1.924972698333347054e-01,0.000000000000000000e+00
1.926972698333349054e-01,0.000000000000000000e+00
1.928972698333311087e-01,0.000000000000000000e+00
1.930972698333344173e-01,0.000000000000000000e+00
1.932972698333315087e-01,0.000000000000000000e+00
1.934972698333348173e-01,0.000000000000000000e+00
1.936972698333319087e-01,0.000000000000000000e+00
1.938972698333327749e-01,0.000000000000000000e+00
1.940972698333320867e-01,0.000000000000000000e+00
1.942972698333347292e-01,0.000000000000000000e+00
1.944972698333349292e-01,0.000000000000000000e+00
1.946972698333311325e-01,0.000000000000000000e+00
1.948972698333328868e-01,0.000000000000000000e+00
1.950972698333319766e-01,0.000000000000000000e+00
1.952972698333352852e-01,0.000000000000000000e+00
1.954972698333319325e-01,0.000000000000000000e+00
1.956972698333343530e-01,0.000000000000000000e+00
1.958972698333321105e-01,0.000000000000000000e+00
1.960972698333340869e-01,0.000000000000000000e+00
1.962972698333360633e-01,0.000000000000000000e+00
1.964972698333316004e-01,0.000000000000000000e+00
1.966972698333320224e-01,0.000000000000000000e+00
1.968972698333320004e-01,0.000000000000000000e+00
1.970972698333355311e-01,0.000000000000000000e+00
1.972972698333319563e-01,0.000000000000000000e+00
1.974972698333337107e-01,0.000000000000000000e+00
1.976972698333319123e-01,0.000000000000000000e+00
1.978972698333341107e-01,0.000000000000000000e+00
1.980972698333360871e-01,0.000000000000000000e+00
1.982972698333309580e-01,0.000000000000000000e+00
1.984972698333320462e-01,0.000000000000000000e+00
1.986972698333333565e-01,0.000000000000000000e+00
1.988972698333351108e-01,-7.746904957441657844e-03
1.990972698333326463e-01,-7.759773659933747597e-03
1.992972698333339565e-01,-7.772665855268162498e-03
1.994972698333326022e-01,-7.785581581775918858e-03
1.996972698333332463e-01,-7.798520877532135256e-03
1.998972698333356668e-01,-7.811483780339889202e-03
2.000972698333309818e-01,-7.824470327714674878e-03
2.002972698333322921e-01,-7.837480556870793369e-03
2.004972698333331582e-01,-7.850514504702909083e-03
2.006972698333349125e-01,-7.863572207771760830e-03
2.008972698333335583e-01,-7.876653702287076536e-03
2.010972698333337583e-01,-7.889759024091985012e-03
2.012972698333335142e-01,-7.902888208645288820e-03
2.014972698333330481e-01,-7.916041291005097152e-03
2.016972698333356906e-01,-7.929218305811676359e-03
2.018972698333314497e-01,-7.942419287268969938e-03
2.020972698333320938e-01,-7.955644269129223678e-03
2.022972698333334041e-01,-7.968893284672632152e-03
2.024972698333347143e-01,-7.982166366690482406e-03
2.026972698333333600e-01,-7.995463547466451909e-03
2.028972698333335600e-01,-8.008784858758603853e-03
2.030972698333337600e-01,-8.022130331779727536e-03
2.032972698333326278e-01,-8.035499997178684878e-03
2.034972698333350483e-01,-8.048893885021538366e-03
2.036972698333316956e-01,-8.062312024770670188e-03
2.038972698333334499e-01,-8.075754445267348258e-03
2.040972698333323176e-01,-8.089221174709143591e-03
2.042972698333354042e-01,-8.102712240632005403e-03
2.044972698333340499e-01,-8.116227669887772153e-03
2.046972698333320295e-01,-8.129767488625407046e-03
2.048972698333348941e-01,-8.143331722269418066e-03
2.050972698333319855e-01,-8.156920395497537293e-03
2.052972698333344059e-01,-8.170533532221956399e-03
2.054972698333323855e-01,-8.184171155564887862e-03
2.056972698333336957e-01,-8.197833287839437905e-03
2.058972698333327855e-01,-8.211519950525452208e-03
2.060972698333343178e-01,-8.225231164248969842e-03
2.062972698333340738e-01,-8.238966948758450620e-03
2.064972698333318313e-01,-8.252727322903023396e-03
2.066972698333346958e-01,-8.266512304609853132e-03
2.068972698333315652e-01,-8.280321910859301388e-03
2.070972698333344297e-01,-8.294156157664482609e-03
2.072972698333326314e-01,-8.308015060044597958e-03
2.074972698333332755e-01,-8.321898632004024951e-03
2.076972698333339196e-01,-8.335806886506497843e-03
2.078972698333336755e-01,-8.349739835451739159e-03
2.080972698333343196e-01,-8.363697489651208267e-03
2.082972698333314110e-01,-8.377679858802947882e-03
2.084972698333347196e-01,-8.391686951468258979e-03
2.086972698333313669e-01,-8.405718775044181135e-03
2.088972698333348976e-01,-8.419775335741796346e-03
2.090972698333322111e-01,-8.433856638557151592e-03
2.092972698333328552e-01,-8.447962687249201824e-03
2.094972698333326111e-01,-8.462093484311540917e-03
2.096972698333336993e-01,-8.476249030947858795e-03
2.098972698333347875e-01,-8.490429327045190266e-03
2.100972698333309907e-01,-8.504634371147585387e-03
2.102972698333329671e-01,-8.518864160431013216e-03
2.104972698333320569e-01,-8.533118690674218465e-03
2.106972698333344773e-01,-8.547397956234326077e-03
2.108972698333320128e-01,-8.561701950017742979e-03
2.110972698333337672e-01,-8.576030663455233571e-03
2.112972698333333010e-01,-8.590384086472226469e-03
2.114972698333335011e-01,-8.604762207463069468e-03
2.116972698333359215e-01,-8.619165013262557531e-03
2.118972698333316806e-01,-8.633592489117448629e-03
2.120972698333321027e-01,-8.648044618660635438e-03
2.122972698333323027e-01,-8.662521383880376555e-03
2.124972698333347232e-01,-8.677022765093621651e-03
2.126972698333324807e-01,-8.691548740916377191e-03
2.128972698333340130e-01,-8.706099288236840775e-03
2.130972698333335469e-01,-8.720674382184483153e-03
2.132972698333333028e-01,-8.735273996102752361e-03
2.134972698333355012e-01,-8.749898101519444638e-03
2.136972698333310383e-01,-8.764546668116671158e-03
2.138972698333323486e-01,-8.779219663703945534e-03
2.140972698333334368e-01,-8.793917054185820814e-03
2.142972698333347470e-01,-8.808638803534088804e-03
2.144972698333329486e-01,-8.823384873757380772e-03
2.146972698333335927e-01,-8.838155224872246141e-03
2.148972698333331266e-01,-8.852949814871908379e-03
2.150972698333331046e-01,-8.867768599697258697e-03
2.152972698333348589e-01,-8.882611533206312762e-03
2.154972698333308401e-01,-8.897478567143304873e-03
2.156972698333321503e-01,-8.912369651110375532e-03
2.158972698333327944e-01,-8.927284732534478129e-03
2.160972698333343267e-01,-8.942223756638643245e-03
2.162972698333331945e-01,-8.957186666410401482e-03
2.164972698333345047e-01,-8.972173402572107548e-03
2.166972698333331504e-01,-8.987183903548729910e-03
2.168972698333331284e-01,-9.002218105438416010e-03
2.170972698333355488e-01,-9.017275941980641002e-03
2.172972698333315300e-01,-9.032357344524684362e-03
2.174972698333326182e-01,-9.047462242000817861e-03
2.176972698333323741e-01,-9.062590560886303256e-03
2.178972698333343505e-01,-9.077742225176299237e-03
2.180972698333343285e-01,-9.092917156351285057e-03
2.182972698333340844e-01,-9.108115273346831242e-03
2.184972698333333962e-01,-9.123336492521661595e-03
2.186972698333324860e-01,-9.138580727626497563e-03
2.188972698333342404e-01,-9.153847889772829746e-03
2.190972698333317759e-01,-9.169137887400560100e-03
2.192972698333339743e-01,-9.184450626248527247e-03
2.194972698333326200e-01,-9.199786009320538860e-03
2.196972698333357066e-01,-9.215143936856467696e-03
2.198972698333345743e-01,-9.230524306298273571e-03
2.200972698333327759e-01,-9.245927012260735101e-03
2.202972698333343082e-01,-9.261351946499105786e-03
2.204972698333316217e-01,-9.276798997876742336e-03
2.206972698333344862e-01,-9.292268052335878048e-03
2.208972698333324658e-01,-9.307758992863329056e-03
2.210972698333337760e-01,-9.323271699462098647e-03
2.212972698333328658e-01,-9.338806049117511984e-03
2.214972698333346202e-01,-9.354361915767793467e-03
2.216972698333343761e-01,-9.369939170271198922e-03
2.218972698333325777e-01,-9.385537680375959785e-03
2.220972698333341100e-01,-9.401157310689033791e-03
2.222972698333307573e-01,-9.416797922643632690e-03
2.224972698333340659e-01,-9.432459374470725938e-03
2.226972698333331557e-01,-9.448141521164776443e-03
2.228972698333340219e-01,-9.463844214455894785e-03
2.230972698333337778e-01,-9.479567302776997426e-03
2.232972698333337558e-01,-9.495310631234123860e-03
2.234972698333346219e-01,-9.511074041575397209e-03
2.236972698333326015e-01,-9.526857372160168688e-03
2.238972698333343558e-01,-9.542660457929799667e-03
2.240972698333310031e-01,-9.558483130375250089e-03
2.242972698333343118e-01,-9.574325217509760053e-03
2.244972698333322914e-01,-9.590186543835248212e-03
2.246972698333331575e-01,-9.606066930315872859e-03
2.248972698333329134e-01,-9.621966194345604739e-03
2.250972698333342237e-01,-9.637884149720095037e-03
2.252972698333348678e-01,-9.653820606606248328e-03
2.254972698333308490e-01,-9.669775371513080961e-03
2.256972698333334915e-01,-9.685748247263918642e-03
2.258972698333312490e-01,-9.701739032964291909e-03
2.260972698333345576e-01,-9.717747523976702842e-03
2.262972698333316490e-01,-9.733773511888392169e-03
2.264972698333342915e-01,-9.749816784486539656e-03
2.266972698333336034e-01,-9.765877125726428465e-03
2.268972698333333593e-01,-9.781954315706052269e-03
2.270972698333355577e-01,-9.798048130637063841e-03
2.272972698333315389e-01,-9.814158342816410585e-03
2.274972698333328491e-01,-9.830284720601396159e-03
2.276972698333314948e-01,-9.846427028379253418e-03
2.278972698333343594e-01,-9.862585026542965844e-03
2.280972698333318949e-01,-9.878758471462007959e-03
2.282972698333343153e-01,-9.894947115458801665e-03
2.284972698333334051e-01,-9.911150706779382064e-03
2.286972698333333831e-01,-9.927368989569983898e-03
2.288972698333351374e-01,-9.943601703850035375e-03
2.290972698333311186e-01,-9.959848585486359360e-03
2.292972698333330950e-01,-9.976109366170297574e-03
2.294972698333315186e-01,-9.992383773389578588e-03
2.296972698333350493e-01,-1.000867153040701195e-02
2.298972698333325848e-01,-1.002497235623313852e-02
2.300972698333338951e-01,-1.004128596560566015e-02
2.302972698333336510e-01,-1.005761206896290359e-02
2.304972698333322967e-01,-1.007395037242224053e-02
2.306972698333349392e-01,-1.009030057775709213e-02
2.308972698333304763e-01,-1.010666238237260817e-02
2.310972698333331188e-01,-1.012303547928684183e-02
2.312972698333324306e-01,-1.013941955710475490e-02
2.314972698333346290e-01,-1.015581430000009854e-02
2.316972698333328307e-01,-1.017221938769181239e-02
2.318972698333339189e-01,-1.018863449542544569e-02
2.320972698333343409e-01,-1.020505929395079843e-02
2.322972698333323205e-01,-1.022149344950291742e-02
2.324972698333356291e-01,-1.023793662378313582e-02
2.326972698333316103e-01,-1.025438847393743066e-02
2.328972698333333646e-01,-1.027084865254142623e-02
2.330972698333320103e-01,-1.028731680757813752e-02
2.332972698333339867e-01,-1.030379258242307763e-02
2.334972698333339647e-01,-1.032027561582457217e-02
2.336972698333334986e-01,-1.033676554188823517e-02
2.338972698333339206e-01,-1.035326199005978318e-02
2.340972698333319002e-01,-1.036976458510853114e-02
2.342972698333343207e-01,-1.038627294711296986e-02
2.344972698333320782e-01,-1.040278669144336678e-02
2.346972698333344987e-01,-1.041930542874992122e-02
2.348972698333318121e-01,-1.043582876494539291e-02
2.350972698333355648e-01,-1.045235630119476476e-02
2.352972698333342105e-01,-1.046888763389826338e-02
2.354972698333328562e-01,-1.048542235468198115e-02
2.356972698333348326e-01,-1.050196005038409042e-02
2.358972698333310358e-01,-1.051850030304231354e-02
2.360972698333339004e-01,-1.053504268988555634e-02
2.362972698333321020e-01,-1.055158678331954633e-02
2.364972698333340784e-01,-1.056813215092036046e-02
2.366972698333320579e-01,-1.058467835542194029e-02
2.368972698333344784e-01,-1.060122495470978629e-02
2.370972698333344564e-01,-1.061777150180998400e-02
2.372972698333328800e-01,-1.063431754488327989e-02
2.374972698333348564e-01,-1.065086262721755446e-02
2.376972698333308376e-01,-1.066740628721959266e-02
2.378972698333339242e-01,-1.068394805841215052e-02
2.380972698333327919e-01,-1.070048746942457718e-02
2.382972698333341022e-01,-1.071702404399148094e-02
2.384972698333327479e-01,-1.073355730094607136e-02
2.386972698333336140e-01,-1.075008675421830311e-02
2.388972698333347022e-01,-1.076661191283056693e-02
2.390972698333329038e-01,-1.078313228089578142e-02
2.392972698333351023e-01,-1.079964735761664539e-02
2.394972698333306393e-01,-1.081615663728229676e-02
2.396972698333343921e-01,-1.083265960927151661e-02
2.398972698333319276e-01,-1.084915575804846176e-02
2.400972698333339039e-01,-1.086564456316810659e-02
2.402972698333323276e-01,-1.088212549927426893e-02
2.404972698333340819e-01,-1.089859803610468414e-02
2.406972698333345040e-01,-1.091506163849183079e-02
2.408972698333324836e-01,-1.093151576636787123e-02
2.410972698333344599e-01,-1.094795987476939250e-02
2.412972698333308852e-01,-1.096439341384060698e-02
2.414972698333341938e-01,-1.098081582884223410e-02
2.416972698333315073e-01,-1.099722656015427596e-02
2.418972698333345939e-01,-1.101362504328730514e-02
2.420972698333336837e-01,-1.103001070888675814e-02
2.422972698333334396e-01,-1.104638298274461701e-02
2.424972698333356380e-01,-1.106274128580751748e-02
2.426972698333316192e-01,-1.107908503418638183e-02
2.428972698333335956e-01,-1.109541363917001394e-02
2.430972698333304649e-01,-1.111172650723326466e-02
2.432972698333344397e-01,-1.112802304005341969e-02
2.434972698333313090e-01,-1.114430263451946304e-02
2.436972698333348397e-01,-1.116056468275063683e-02
2.438972698333339295e-01,-1.117680857210707514e-02
2.440972698333330193e-01,-1.119303368520874892e-02
2.442972698333361059e-01,-1.120923939995072116e-02
2.444972698333320871e-01,-1.122542508951923645e-02
2.446972698333338414e-01,-1.124159012241302338e-02
2.448972698333318210e-01,-1.125773386245849939e-02
2.450972698333349076e-01,-1.127385566883278012e-02
2.452972698333322210e-01,-1.128995489608123487e-02
2.454972698333346415e-01,-1.130603089414224105e-02
2.456972698333341754e-01,-1.132208300836613953e-02
2.458972698333323770e-01,-1.133811057954066739e-02
2.460972698333352415e-01,-1.135411294391445829e-02
2.462972698333310007e-01,-1.137008943322005347e-02
2.464972698333340873e-01,-1.138603937470310766e-02
2.466972698333325109e-01,-1.140196209114464898e-02
2.468972698333344873e-01,-1.141785690089222247e-02
2.470972698333324669e-01,-1.143372311788525345e-02
2.472972698333342212e-01,-1.144956005168662125e-02
2.474972698333344212e-01,-1.146536700751043733e-02
2.476972698333324008e-01,-1.148114328625431634e-02
2.478972698333352653e-01,-1.149688818453137654e-02
2.480972698333312465e-01,-1.151260099470082301e-02
2.482972698333332229e-01,-1.152828100490490247e-02
2.484972698333320906e-01,-1.154392749909970844e-02
2.486972698333336229e-01,-1.155953975709340248e-02
2.488972698333327127e-01,-1.157511705458046103e-02
2.490972698333340229e-01,-1.159065866318046908e-02
2.492972698333342230e-01,-1.160616385047477488e-02
2.494972698333317584e-01,-1.162163188004627229e-02
2.496972698333344010e-01,-1.163706201151988411e-02
2.498972698333319364e-01,-1.165245350060127583e-02
2.500972698333348010e-01,-1.166780559912157858e-02
2.502972698333314483e-01,-1.168311755507680724e-02
2.504972698333352010e-01,-1.169838861267505359e-02
2.506972698333334026e-01,-1.171361801237713260e-02
2.508972698333324924e-01,-1.172880499094550513e-02
2.510972698333353570e-01,-1.174394878148895226e-02
2.512972698333317823e-01,-1.175904861350920635e-02
2.514972698333337586e-01,-1.177410371295190689e-02
2.516972698333315162e-01,-1.178911330225252373e-02
2.518972698333341587e-01,-1.180407660038958542e-02
2.520972698333316941e-01,-1.181899282293295481e-02
2.522972698333345587e-01,-1.183386118209883361e-02
2.524972698333336485e-01,-1.184868088679983875e-02
2.526972698333331824e-01,-1.186345114270140680e-02
2.528972698333356028e-01,-1.187817115227553580e-02
2.530972698333309179e-01,-1.189284011485596849e-02
2.532972698333340045e-01,-1.190745722669768469e-02
2.534972698333324281e-01,-1.192202168103089280e-02
2.536972698333344045e-01,-1.193653266812326648e-02
2.538972698333328282e-01,-1.195098937533698932e-02
2.540972698333343605e-01,-1.196539098719156743e-02
2.542972698333343384e-01,-1.197973668542354729e-02
2.544972698333323180e-01,-1.199402564905025642e-02
2.546972698333349605e-01,-1.200825705443349378e-02
2.548972698333304976e-01,-1.202243007534216715e-02
2.550972698333344724e-01,-1.203654388302098643e-02
2.552972698333322299e-01,-1.205059764625276975e-02
2.554972698333339842e-01,-1.206459053142968849e-02
2.556972698333326299e-01,-1.207852170261852418e-02
2.558972698333343843e-01,-1.209239032163211477e-02
2.560972698333339181e-01,-1.210619554809780167e-02
2.562972698333318977e-01,-1.211993653952977285e-02
2.564972698333349843e-01,-1.213361245140116840e-02
2.566972698333309655e-01,-1.214722243721541584e-02
2.568972698333344962e-01,-1.216076564858331946e-02
2.570972698333309214e-01,-1.217424123529420137e-02
2.572972698333348962e-01,-1.218764834539570741e-02
2.574972698333330978e-01,-1.220098612526680434e-02
2.576972698333335199e-01,-1.221425371969878451e-02
2.578972698333348301e-01,-1.222745027197195099e-02
2.580972698333316995e-01,-1.224057492393554672e-02
2.582972698333338979e-01,-1.225362681608959878e-02
2.584972698333312113e-01,-1.226660508766408419e-02
2.586972698333342979e-01,-1.227950887670397478e-02
2.588972698333311673e-01,-1.229233732014974566e-02
2.590972698333349200e-01,-1.230508955392469253e-02
2.592972698333340098e-01,-1.231776471301691302e-02
2.594972698333330996e-01,-1.233036193156793886e-02
2.596972698333361862e-01,-1.234288034295864464e-02
2.598972698333315012e-01,-1.235531907989618865e-02
2.600972698333339217e-01,-1.236767727450539811e-02
2.602972698333319013e-01,-1.237995405841518445e-02
2.604972698333347658e-01,-1.239214856285194601e-02
2.606972698333323013e-01,-1.240425991872858534e-02
2.608972698333344997e-01,-1.241628725673922518e-02
2.610972698333344777e-01,-1.242822970745015645e-02
2.612972698333329014e-01,-1.244008640139535049e-02
2.614972698333357659e-01,-1.245185646917128415e-02
2.616972698333308589e-01,-1.246353904153130708e-02
2.618972698333335014e-01,-1.247513324948497718e-02
2.620972698333325912e-01,-1.248663822439236189e-02
2.622972698333339014e-01,-1.249805309806492626e-02
2.624972698333332133e-01,-1.250937700286313022e-02
2.626972698333340794e-01,-1.252060907179739641e-02
2.628972698333347235e-01,-1.253174843862821589e-02
2.630972698333324811e-01,-1.254279423796802496e-02
2.632972698333355677e-01,-1.255374560538427900e-02
2.634972698333304386e-01,-1.256460167750087301e-02
2.636972698333333032e-01,-1.257536159210504920e-02
2.638972698333319489e-01,-1.258602448824898239e-02
2.640972698333337032e-01,-1.259658950635802674e-02
2.642972698333332371e-01,-1.260705578833531786e-02
2.644972698333334371e-01,-1.261742247767005248e-02
2.646972698333347473e-01,-1.262768871954476728e-02
2.648972698333318387e-01,-1.263785366094386485e-02
2.650972698333347033e-01,-1.264791645076402196e-02
2.652972698333315726e-01,-1.265787623992243802e-02
2.654972698333339931e-01,-1.266773218146993382e-02
2.656972698333319727e-01,-1.267748343070022876e-02
2.658972698333348372e-01,-1.268712914526424693e-02
2.660972698333337050e-01,-1.269666848528119493e-02
2.662972698333327948e-01,-1.270610061345371980e-02
2.664972698333356593e-01,-1.271542469518152987e-02
2.666972698333316405e-01,-1.272463989867574259e-02
2.668972698333338389e-01,-1.273374539507630271e-02
2.670972698333313744e-01,-1.274274035856597445e-02
2.672972698333337949e-01,-1.275162396648936956e-02
2.674972698333322185e-01,-1.276039539946866030e-02
2.676972698333341949e-01,-1.276905384152329445e-02
2.678972698333339508e-01,-1.277759848018747077e-02
2.680972698333330406e-01,-1.278602850663033801e-02
2.682972698333356831e-01,-1.279434311577573938e-02
2.684972698333312202e-01,-1.280254150642196748e-02
2.686972698333340848e-01,-1.281062288136448554e-02
2.688972698333320643e-01,-1.281858644751540655e-02
2.690972698333340407e-01,-1.282643141602758489e-02
2.692972698333331305e-01,-1.283415700241576085e-02
2.694972698333337746e-01,-1.284176242668088122e-02
2.696972698333346408e-01,-1.284924691343303921e-02
2.698972698333321762e-01,-1.285660969201582980e-02
2.700972698333345967e-01,-1.286384999663147191e-02
2.702972698333310220e-01,-1.287096706646481334e-02
2.704972698333341086e-01,-1.287796014581040274e-02
2.706972698333323102e-01,-1.288482848419678084e-02
2.708972698333336204e-01,-1.289157133651443882e-02
2.710972698333338204e-01,-1.289818796314154067e-02
2.712972698333335764e-01,-1.290467763007170643e-02
2.714972698333348866e-01,-1.291103960904152644e-02
2.716972698333322001e-01,-1.291727317765821795e-02
2.718972698333352866e-01,-1.292337761952869202e-02
2.720972698333314899e-01,-1.292935222438704526e-02
2.722972698333336883e-01,-1.293519628822503015e-02
2.724972698333318899e-01,-1.294090911341986422e-02
2.726972698333340883e-01,-1.294649000886510630e-02
2.728972698333340663e-01,-1.295193829009958636e-02
2.730972698333333781e-01,-1.295725327943817069e-02
2.732972698333349104e-01,-1.296243430610200670e-02
2.734972698333315577e-01,-1.296748070634889081e-02
2.736972698333337561e-01,-1.297239182360483689e-02
2.738972698333319578e-01,-1.297716700859418218e-02
2.740972698333343782e-01,-1.298180561947186173e-02
2.742972698333319137e-01,-1.298630702195396891e-02
2.744972698333345562e-01,-1.299067058945021190e-02
2.746972698333340901e-01,-1.299489570319485587e-02
2.748972698333329578e-01,-1.299898175237922809e-02
2.750972698333358224e-01,-1.300292813428353261e-02
2.752972698333315815e-01,-1.300673425440863028e-02
2.754972698333335579e-01,-1.301039952660890293e-02
2.756972698333322036e-01,-1.301392337322368996e-02
2.758972698333344020e-01,-1.301730522521029124e-02
2.760972698333326036e-01,-1.302054452227565176e-02
2.762972698333332477e-01,-1.302364071300930043e-02
2.764972698333345580e-01,-1.302659325501523066e-02
2.766972698333332037e-01,-1.302940161504435000e-02
2.768972698333354021e-01,-1.303206526912689157e-02
2.770972698333309392e-01,-1.303458370270427213e-02
2.772972698333333597e-01,-1.303695641076178455e-02
2.774972698333328935e-01,-1.303918289796003951e-02
2.776972698333335376e-01,-1.304126267876736835e-02
2.778972698333335156e-01,-1.304319527759138439e-02
2.780972698333330495e-01,-1.304498022891078211e-02
2.782972698333348038e-01,-1.304661707740684823e-02
2.784972698333332275e-01,-1.304810537809467964e-02
2.786972698333352039e-01,-1.304944469645449683e-02
2.788972698333309630e-01,-1.305063460856236215e-02
2.790972698333336055e-01,-1.305167470122110471e-02
2.792972698333326953e-01,-1.305256457209049738e-02
2.794972698333328953e-01,-1.305330382981760746e-02
2.796972698333335394e-01,-1.305389209416659910e-02
2.798972698333332954e-01,-1.305432899614827197e-02
2.800972698333343835e-01,-1.305461417814937283e-02
2.802972698333319190e-01,-1.305474729406138658e-02
2.804972698333343395e-01,-1.305472800940916424e-02
2.806972698333314309e-01,-1.305455600147898548e-02
2.808972698333336293e-01,-1.305423095944632794e-02
2.810972698333324971e-01,-1.305375258450319070e-02
2.812972698333340293e-01,-1.305312058998493382e-02
2.814972698333337853e-01,-1.305233470149674835e-02
2.816972698333330971e-01,-1.305139465703955559e-02
2.818972698333348514e-01,-1.305030020713541031e-02
2.820972698333321649e-01,-1.304905111495251874e-02
2.822972698333339192e-01,-1.304764715642946563e-02
2.824972698333316767e-01,-1.304608812039922267e-02
2.826972698333329870e-01,-1.304437380871217335e-02
2.828972698333322988e-01,-1.304250403635899211e-02
2.830972698333344972e-01,-1.304047863159245660e-02
2.832972698333344752e-01,-1.303829743604907956e-02
2.834972698333331209e-01,-1.303596030486962355e-02
2.836972698333348752e-01,-1.303346710681922010e-02
2.838972698333315225e-01,-1.303081772440695466e-02
2.840972698333341651e-01,-1.302801205400409834e-02
2.842972698333323667e-01,-1.302505000596253758e-02
2.844972698333336769e-01,-1.302193150473145329e-02
2.846972698333332108e-01,-1.301865648897413200e-02
2.848972698333334108e-01,-1.301522491168324684e-02
2.850972698333347211e-01,-1.301163674029578998e-02
2.852972698333327006e-01,-1.300789195680710116e-02
2.854972698333342329e-01,-1.300399055788367675e-02
2.856972698333308802e-01,-1.299993255497583142e-02
2.858972698333339668e-01,-1.299571797442844456e-02
2.860972698333330566e-01,-1.299134685759212489e-02
2.862972698333337007e-01,-1.298681926093193072e-02
2.864972698333336787e-01,-1.298213525613650318e-02
2.866972698333336567e-01,-1.297729493022523051e-02
2.868972698333343008e-01,-1.297229838565503238e-02
2.870972698333329465e-01,-1.296714574042589357e-02
2.872972698333349229e-01,-1.296183712818518505e-02
2.874972698333311261e-01,-1.295637269833163109e-02
2.876972698333331024e-01,-1.295075261611685485e-02
2.878972698333326363e-01,-1.294497706274775825e-02
2.880972698333335025e-01,-1.293904623548580886e-02
2.882972698333337025e-01,-1.293296034774671192e-02
2.884972698333330143e-01,-1.292671962919800591e-02
2.886972698333343246e-01,-1.292032432585582535e-02
2.888972698333323041e-01,-1.291377470018081550e-02
2.890972698333336144e-01,-1.290707103117185589e-02
2.892972698333320380e-01,-1.290021361445997487e-02
2.894972698333349026e-01,-1.289320276239937745e-02
2.896972698333324381e-01,-1.288603880415912020e-02
2.898972698333348585e-01,-1.287872208581108437e-02
2.900972698333343924e-01,-1.287125297041947711e-02
2.902972698333325940e-01,-1.286363183812645056e-02
2.904972698333356806e-01,-1.285585908623766357e-02
2.906972698333321059e-01,-1.284793512930721381e-02
2.908972698333340823e-01,-1.283986039921854345e-02
2.910972698333318398e-01,-1.283163534526756029e-02
2.912972698333340382e-01,-1.282326043424083378e-02
2.914972698333329060e-01,-1.281473615049535941e-02
2.916972698333339942e-01,-1.280606299603426201e-02
2.918972698333346383e-01,-1.279724149058322422e-02
2.920972698333328399e-01,-1.278827217166401964e-02
2.922972698333350383e-01,-1.277915559466664963e-02
2.924972698333310195e-01,-1.276989233292139675e-02
2.926972698333341061e-01,-1.276048297776646509e-02
2.928972698333329738e-01,-1.275092813861792261e-02
2.930972698333333959e-01,-1.274122844303413049e-02
2.932972698333333739e-01,-1.273138453678152385e-02
2.934972698333333518e-01,-1.272139708389719188e-02
2.936972698333342180e-01,-1.271126676675041894e-02
2.938972698333333078e-01,-1.270099428610261399e-02
2.940972698333348401e-01,-1.269058036116500754e-02
2.942972698333317094e-01,-1.268002572965586626e-02
2.944972698333336858e-01,-1.266933114785395026e-02
2.946972698333327756e-01,-1.265849739065318981e-02
2.948972698333329756e-01,-1.264752525161257427e-02
2.950972698333333977e-01,-1.263641554300645731e-02
2.952972698333340418e-01,-1.262516909587219592e-02
2.954972698333342418e-01,-1.261378676005612057e-02
2.956972698333322214e-01,-1.260226940425787992e-02
2.958972698333346418e-01,-1.259061791607228933e-02
2.960972698333319553e-01,-1.257883320203135452e-02
2.962972698333337096e-01,-1.256691618764098003e-02
2.964972698333319112e-01,-1.255486781742000402e-02
2.966972698333341096e-01,-1.254268905493337478e-02
2.968972698333340876e-01,-1.253038088282692857e-02
2.970972698333333994e-01,-1.251794430285751471e-02
2.972972698333347097e-01,-1.250538033592260914e-02
2.974972698333320231e-01,-1.249269002208850364e-02
2.976972698333335554e-01,-1.247987442061424847e-02
2.978972698333315350e-01,-1.246693460997715108e-02
2.980972698333335114e-01,-1.245387168789243576e-02
2.982972698333319350e-01,-1.244068677133470732e-02
2.984972698333345775e-01,-1.242738099655366080e-02
2.986972698333338894e-01,-1.241395551909170274e-02
2.988972698333332012e-01,-1.240041151379579765e-02
2.990972698333353996e-01,-1.238675017482983136e-02
2.992972698333318249e-01,-1.237297271568490488e-02
2.994972698333340233e-01,-1.235908036918463224e-02
2.996972698333324470e-01,-1.234507438749345674e-02
2.998972698333337572e-01,-1.233095604211735703e-02
3.000972698333326250e-01,-1.231672662390720027e-02
3.002972698333332691e-01,-1.230238744305631009e-02
3.004972698333348013e-01,-1.228793982909865204e-02
3.006972698333332250e-01,-1.227338513090360517e-02
3.008972698333349793e-01,-1.225872471666787818e-02
3.010972698333311826e-01,-1.224395997390809523e-02
3.012972698333336030e-01,-1.222909230944666317e-02
3.014972698333331369e-01,-1.221412314940129723e-02
3.016972698333335590e-01,-1.219905393916679605e-02
3.018972698333330928e-01,-1.218388614339846118e-02
3.020972698333335149e-01,-1.216862124599133767e-02
3.022972698333343811e-01,-1.215326075005837385e-02
3.024972698333330268e-01,-1.213780617790597392e-02
3.026972698333347811e-01,-1.212225907100648349e-02
3.028972698333316504e-01,-1.210662098997107756e-02
3.030972698333331827e-01,-1.209089351451615724e-02
3.032972698333324946e-01,-1.207507824343272140e-02
3.034972698333335828e-01,-1.205917679454876490e-02
3.036972698333335607e-01,-1.204319080469280073e-02
3.038972698333335387e-01,-1.202712192965306633e-02
3.040972698333341828e-01,-1.201097184413560739e-02
3.042972698333321624e-01,-1.199474224172003556e-02
3.044972698333339167e-01,-1.197843483481173324e-02
3.046972698333318963e-01,-1.196205135459468827e-02
3.048972698333343168e-01,-1.194559355097787184e-02
3.050972698333320743e-01,-1.192906319254439552e-02
3.052972698333344947e-01,-1.191246206649270584e-02
3.054972698333340286e-01,-1.189579197858151895e-02
3.056972698333331184e-01,-1.187905475306719541e-02
3.058972698333348728e-01,-1.186225223264186432e-02
3.060972698333315201e-01,-1.184538627836956813e-02
3.062972698333332744e-01,-1.182845876961655454e-02
3.064972698333319201e-01,-1.181147160398494066e-02
3.066972698333338965e-01,-1.179442669723815978e-02
3.068972698333323201e-01,-1.177732598322928613e-02
3.070972698333340745e-01,-1.176017141382239631e-02
3.072972698333344965e-01,-1.174296495881619468e-02
3.074972698333333643e-01,-1.172570860586167121e-02
3.076972698333355627e-01,-1.170840436037894755e-02
3.078972698333310998e-01,-1.169105424547350544e-02
3.080972698333332982e-01,-1.167366030184517275e-02
3.082972698333328321e-01,-1.165622458770207426e-02
3.084972698333339203e-01,-1.163874917866523744e-02
3.086972698333330101e-01,-1.162123616767585937e-02
3.088972698333336542e-01,-1.160368766489718560e-02
3.090972698333342983e-01,-1.158610579761646005e-02
3.092972698333331660e-01,-1.156849271014313146e-02
3.094972698333346983e-01,-1.155085056370469022e-02
3.096972698333311236e-01,-1.153318153634235246e-02
3.098972698333335440e-01,-1.151548782280022859e-02
3.100972698333326338e-01,-1.149777163441838279e-02
3.102972698333335000e-01,-1.148003519901712698e-02
3.104972698333337000e-01,-1.146228076078407640e-02
3.106972698333339000e-01,-1.144451058015616418e-02
3.108972698333347662e-01,-1.142672693370055774e-02
3.110972698333327457e-01,-1.140893211399348142e-02
3.112972698333345001e-01,-1.139112842949526611e-02
3.114972698333318135e-01,-1.137331820442653504e-02
3.116972698333331238e-01,-1.135550377863730510e-02
3.118972698333317695e-01,-1.133768750747951234e-02
3.120972698333335238e-01,-1.131987176167194818e-02
3.122972698333335018e-01,-1.130205892716779070e-02
3.124972698333337018e-01,-1.128425140501608352e-02
3.126972698333347900e-01,-1.126645161122355118e-02
3.128972698333321034e-01,-1.124866197661378818e-02
3.130972698333336357e-01,-1.123088494668247547e-02
3.132972698333316153e-01,-1.121312298145448437e-02
3.134972698333335916e-01,-1.119537855533363387e-02
3.136972698333320153e-01,-1.117765415695589140e-02
3.138972698333348799e-01,-1.115995228903496339e-02
3.140972698333341917e-01,-1.114227546821133785e-02
3.142972698333330595e-01,-1.112462622489417824e-02
3.144972698333357020e-01,-1.110700710310435005e-02
3.146972698333319052e-01,-1.108942066031598506e-02
3.148972698333336595e-01,-1.107186946729132003e-02
3.150972698333323052e-01,-1.105435610792068757e-02
3.152972698333338375e-01,-1.103688317905348118e-02
3.154972698333327052e-01,-1.101945329033272164e-02
3.156972698333340155e-01,-1.100206906402328814e-02
3.158972698333348816e-01,-1.098473313484179398e-02
3.160972698333333053e-01,-1.096744814978227456e-02
3.162972698333352817e-01,-1.095021676793991525e-02
3.164972698333310408e-01,-1.093304166033578530e-02
3.166972698333339054e-01,-1.091592550973407953e-02
3.168972698333327731e-01,-1.089887101046510369e-02
3.170972698333340833e-01,-1.088188086823867542e-02
3.172972698333331731e-01,-1.086495779996172334e-02
3.174972698333333732e-01,-1.084810453355010765e-02
3.176972698333349054e-01,-1.083132380774112086e-02
3.178972698333328850e-01,-1.081461837190352340e-02
3.180972698333348614e-01,-1.079799098584420004e-02
3.182972698333315087e-01,-1.078144441961699854e-02
3.184972698333330410e-01,-1.076498145332434667e-02
3.186972698333319087e-01,-1.074860487692347322e-02
3.188972698333332190e-01,-1.073231749002511934e-02
3.190972698333331969e-01,-1.071612210169517986e-02
3.192972698333336190e-01,-1.070002153025153072e-02
3.194972698333344852e-01,-1.068401860306122594e-02
3.196972698333317986e-01,-1.066811615633563026e-02
3.198972698333337750e-01,-1.065231703492252463e-02
3.200972698333317545e-01,-1.063662409210036804e-02
3.202972698333341750e-01,-1.062104018936598990e-02
3.204972698333321546e-01,-1.060556819622626712e-02
3.206972698333347971e-01,-1.059021098998288481e-02
3.208972698333341089e-01,-1.057497145552104695e-02
3.210972698333329767e-01,-1.055985248509212771e-02
3.212972698333353971e-01,-1.054485697809768620e-02
3.214972698333320444e-01,-1.052998784087252719e-02
3.216972698333333547e-01,-1.051524798646286812e-02
3.218972698333315563e-01,-1.050064033440863825e-02
3.220972698333339768e-01,-1.048616781051897075e-02
3.222972698333319563e-01,-1.047183334665151462e-02
3.224972698333339327e-01,-1.045763988048559190e-02
3.226972698333339107e-01,-1.044359035529903584e-02
3.228972698333334446e-01,-1.042968771973992737e-02
3.230972698333356430e-01,-1.041593492759927686e-02
3.232972698333316242e-01,-1.040233493758305552e-02
3.234972698333336005e-01,-1.038889071308005813e-02
3.236972698333324683e-01,-1.037560522193371748e-02
3.238972698333337785e-01,-1.036248143620789770e-02
3.240972698333326463e-01,-1.034952233195543872e-02
3.242972698333339565e-01,-1.033673088898307696e-02
3.244972698333343786e-01,-1.032411009061777116e-02
3.246972698333330243e-01,-1.031166292347037057e-02
3.248972698333347786e-01,-1.029939237719890849e-02
3.250972698333312039e-01,-1.028730144427244392e-02
3.252972698333338464e-01,-1.027539311973088218e-02
3.254972698333327141e-01,-1.026367040094870037e-02
3.256972698333338023e-01,-1.025213628739302628e-02
3.258972698333331142e-01,-1.024079378038497516e-02
3.260972698333339803e-01,-1.022964588285768701e-02
3.262972698333346244e-01,-1.021869559911550360e-02
3.264972698333323819e-01,-1.020794593459163971e-02
3.266972698333343583e-01,-1.019739989560484138e-02
3.268972698333316718e-01,-1.018706048911766082e-02
3.270972698333332040e-01,-1.017693072249096706e-02
3.272972698333322938e-01,-1.016701360324150961e-02
3.274972698333340482e-01,-1.015731213879608047e-02
3.276972698333335821e-01,-1.014782933624755294e-02
3.278972698333335600e-01,-1.013856820210889097e-02
3.280972698333344262e-01,-1.012953174206797022e-02
3.282972698333321837e-01,-1.012072296074184585e-02
3.284972698333339380e-01,-1.011214486143001239e-02
3.286972698333316956e-01,-1.010380044586928726e-02
3.288972698333345601e-01,-1.009569271398590325e-02
3.290972698333320956e-01,-1.008782466365058805e-02
3.292972698333342940e-01,-1.008019929043021956e-02
3.294972698333338279e-01,-1.007281958734261920e-02
3.296972698333329177e-01,-1.006568854460881957e-02
3.298972698333355602e-01,-1.005880914940664866e-02
3.300972698333317634e-01,-1.005218438562462471e-02
3.302972698333335178e-01,-1.004581723361418211e-02
3.304972698333321635e-01,-1.003971066994474408e-02
3.306972698333336957e-01,-1.003386766715624011e-02
3.308972698333323414e-01,-1.002829119351400511e-02
3.310972698333336517e-01,-1.002298421276223879e-02
3.312972698333342958e-01,-1.001794968387913903e-02
3.314972698333331635e-01,-1.001319056083141944e-02
3.316972698333346958e-01,-1.000870979232942187e-02
3.318972698333311211e-01,-1.000451032158316579e-02
3.320972698333342077e-01,-1.000059508605766548e-02
3.322972698333326314e-01,-9.996967017230379282e-03
3.324972698333334975e-01,-9.993629040347428924e-03
3.326972698333332534e-01,-9.990584074181713126e-03
3.328972698333332314e-01,-9.987835030790908480e-03
3.330972698333343196e-01,-9.985384815276346360e-03
3.332972698333334094e-01,-9.983236325542651363e-03
3.334972698333347196e-01,-9.981392452057756201e-03
3.336972698333311449e-01,-9.979856077614163851e-03
3.338972698333337874e-01,-9.978630077090440420e-03
3.340972698333324331e-01,-9.977717317214201617e-03
3.342972698333330772e-01,-9.977120656325298709e-03
3.344972698333330552e-01,-9.976842944140421748e-03
3.346972698333332552e-01,-9.976887021518408838e-03
3.348972698333338993e-01,-9.977255720226641325e-03
3.350972698333316568e-01,-9.977951862708431263e-03
3.352972698333340773e-01,-9.978978261851543380e-03
3.354972698333318348e-01,-9.980337720757678083e-03
3.356972698333340333e-01,-9.982033032513423776e-03
3.358972698333317908e-01,-9.984066979961903066e-03
3.360972698333344333e-01,-9.986442335476325427e-03
3.362972698333335231e-01,-9.989161860733997839e-03
3.364972698333335011e-01,-9.992228306492517698e-03
3.366972698333350333e-01,-9.995644412366621462e-03
3.368972698333323468e-01,-9.999412906606615359e-03
3.370972698333332129e-01,-1.000353650587874899e-02
3.372972698333320807e-01,-1.000801791504607810e-02
3.374972698333336130e-01,-1.001285982695182195e-02
3.376972698333318146e-01,-1.001806492220343875e-02
3.378972698333337910e-01,-1.002363586895923565e-02
3.380972698333339910e-01,-1.002957532271537416e-02
3.382972698333333028e-01,-1.003588592609574483e-02
3.384972698333355012e-01,-1.004257030864300938e-02
3.386972698333312604e-01,-1.004963108661080518e-02
3.388972698333339029e-01,-1.005707086275959075e-02
3.390972698333323265e-01,-1.006489222615141593e-02
3.392972698333336368e-01,-1.007309775194973819e-02
3.394972698333329486e-01,-1.008169000121846882e-02
3.396972698333338148e-01,-1.009067152072489447e-02
3.398972698333340148e-01,-1.010004484274316591e-02
3.400972698333328825e-01,-1.010981248486074284e-02
3.402972698333344148e-01,-1.011997694978674159e-02
3.404972698333308401e-01,-1.013054072516126822e-02
3.406972698333339267e-01,-1.014150628336953769e-02
3.408972698333323503e-01,-1.015287608135401892e-02
3.410972698333341047e-01,-1.016465256043364365e-02
3.412972698333331945e-01,-1.017683814612071677e-02
3.414972698333336165e-01,-1.018943524794376117e-02
3.416972698333344827e-01,-1.020244625927006071e-02
3.418972698333329063e-01,-1.021587355713176985e-02
3.420972698333348827e-01,-1.022971950205495140e-02
3.422972698333317521e-01,-1.024398643788868371e-02
3.424972698333335064e-01,-1.025867669164051872e-02
3.426972698333319300e-01,-1.027379257330954254e-02
3.428972698333339064e-01,-1.028933637572693356e-02
3.430972698333336623e-01,-1.030531037439468174e-02
3.432972698333340844e-01,-1.032171682733049219e-02
3.434972698333340624e-01,-1.033855797491276506e-02
3.436972698333320420e-01,-1.035583603972947339e-02
3.438972698333337963e-01,-1.037355322643019814e-02
3.440972698333319979e-01,-1.039171172157827075e-02
3.442972698333341963e-01,-1.041031369351013564e-02
3.444972698333319538e-01,-1.042936129219208807e-02
3.446972698333348184e-01,-1.044885664908584005e-02
3.448972698333339082e-01,-1.046880187701034262e-02
3.450972698333334421e-01,-1.048919907001289592e-02
3.452972698333349744e-01,-1.051005030323880901e-02
3.454972698333316217e-01,-1.053135763280464710e-02
3.456972698333338201e-01,-1.055312309567800824e-02
3.458972698333320217e-01,-1.057534870955353923e-02
3.460972698333342201e-01,-1.059803647273999463e-02
3.462972698333324217e-01,-1.062118836404268157e-02
3.464972698333335099e-01,-1.064480634265605949e-02
3.466972698333343761e-01,-1.066889234805326950e-02
3.468972698333332438e-01,-1.069344829988286630e-02
3.470972698333347761e-01,-1.071847609786813482e-02
3.472972698333314234e-01,-1.074397762170662546e-02
3.474972698333340659e-01,-1.076995473097907066e-02
3.476972698333327116e-01,-1.079640926505273310e-02
3.478972698333337998e-01,-1.082334304299784750e-02
3.480972698333335558e-01,-1.085075786349903870e-02
3.482972698333335337e-01,-1.087865550477569790e-02
3.484972698333341778e-01,-1.090703772450271614e-02
3.486972698333332676e-01,-1.093590625973528060e-02
3.488972698333347999e-01,-1.096526282683850384e-02
3.490972698333314472e-01,-1.099510912141678232e-02
3.492972698333340897e-01,-1.102544681825344194e-02
3.494972698333322914e-01,-1.105627757124350713e-02
3.496972698333327134e-01,-1.108760301334189846e-02
3.498972698333333575e-01,-1.111942475650511131e-02
3.500972698333340016e-01,-1.115174439164224457e-02
3.502972698333344237e-01,-1.118456348856752131e-02
3.504972698333315151e-01,-1.121788359595625104e-02
3.506972698333346017e-01,-1.125170624130740482e-02
3.508972698333316931e-01,-1.128603293090156903e-02
3.510972698333338915e-01,-1.132086514977570513e-02
3.512972698333314270e-01,-1.135620436168656780e-02
3.514972698333342915e-01,-1.139205200909226487e-02
3.516972698333338254e-01,-1.142840951312373843e-02
3.518972698333333593e-01,-1.146527827357215340e-02
3.520972698333348916e-01,-1.150265966887212624e-02
3.522972698333322050e-01,-1.154055505608974144e-02
3.524972698333335153e-01,-1.157896577091999460e-02
3.526972698333314948e-01,-1.161789312767777527e-02
3.528972698333336933e-01,-1.165733841930439649e-02
3.530972698333316728e-01,-1.169730291736589822e-02
3.532972698333343153e-01,-1.173778787206772312e-02
3.534972698333340713e-01,-1.177879451225994495e-02
3.536972698333333831e-01,-1.182032404545822410e-02
3.538972698333353595e-01,-1.186237765786154336e-02
3.540972698333317847e-01,-1.190495651437296562e-02
3.542972698333339832e-01,-1.194806175863332223e-02
3.544972698333324068e-01,-1.199169451304362560e-02
3.546972698333334950e-01,-1.203585587880777116e-02
3.548972698333328069e-01,-1.208054693596544160e-02
3.550972698333336730e-01,-1.212576874343865296e-02
3.552972698333343171e-01,-1.217152233907532050e-02
3.554972698333329628e-01,-1.221780873970054054e-02
3.556972698333347171e-01,-1.226462894117240354e-02
3.558972698333309204e-01,-1.231198391843500717e-02
3.560972698333340070e-01,-1.235987462558852529e-02
3.562972698333328747e-01,-1.240830199594430278e-02
3.564972698333335188e-01,-1.245726694210402136e-02
3.566972698333328307e-01,-1.250677035602689585e-02
3.568972698333336968e-01,-1.255681310911049842e-02
3.570972698333345630e-01,-1.260739605226936927e-02
3.572972698333329866e-01,-1.265852001602084734e-02
3.574972698333351850e-01,-1.271018581057632366e-02
3.576972698333318323e-01,-1.276239422592770345e-02
3.578972698333333646e-01,-1.281514603195303345e-02
3.580972698333320103e-01,-1.286844197850703711e-02
3.582972698333337647e-01,-1.292228279553361836e-02
3.584972698333332985e-01,-1.297666919316723885e-02
3.586972698333334986e-01,-1.303160186184998751e-02
3.588972698333343647e-01,-1.308708147244420569e-02
3.590972698333319002e-01,-1.314310867635160376e-02
3.592972698333340986e-01,-1.319968410564094016e-02
3.594972698333320782e-01,-1.325680837316690550e-02
3.596972698333347207e-01,-1.331448207271069759e-02
3.598972698333315900e-01,-1.337270577910392583e-02
3.600972698333348987e-01,-1.343148004837899437e-02
3.602972698333339885e-01,-1.349080541789784288e-02
3.604972698333333003e-01,-1.355068240650872044e-02
3.606972698333352767e-01,-1.361111151469061170e-02
3.608972698333317020e-01,-1.367209322470359575e-02
3.610972698333336783e-01,-1.373362800075475509e-02
3.612972698333316579e-01,-1.379571628914627937e-02
3.614972698333340784e-01,-1.385835851845138023e-02
3.616972698333318359e-01,-1.392155509967084315e-02
3.618972698333340343e-01,-1.398530642641548569e-02
3.620972698333342343e-01,-1.404961287507016168e-02
3.622972698333331021e-01,-1.411447480497934198e-02
3.624972698333353005e-01,-1.417989255862793160e-02
3.626972698333315037e-01,-1.424586646182073382e-02
3.628972698333339242e-01,-1.431239682388288012e-02
3.630972698333325699e-01,-1.437948393783769138e-02
3.632972698333336581e-01,-1.444712808061505288e-02
3.634972698333329699e-01,-1.451532951324158160e-02
3.636972698333336140e-01,-1.458408848104905675e-02
3.638972698333344802e-01,-1.465340521387625827e-02
3.640972698333331259e-01,-1.472327992627910434e-02
3.642972698333348802e-01,-1.479371281774606930e-02
3.644972698333315275e-01,-1.486470407290645807e-02
3.646972698333335039e-01,-1.493625386176057612e-02
3.648972698333323716e-01,-1.500836233988846538e-02
3.650972698333330158e-01,-1.508102964868656554e-02
3.652972698333332158e-01,-1.515425591558875601e-02
3.654972698333340819e-01,-1.522804125430143873e-02
3.656972698333347260e-01,-1.530238576503622702e-02
3.658972698333324836e-01,-1.537728953474734248e-02
3.660972698333344599e-01,-1.545275263737651977e-02
3.662972698333317734e-01,-1.552877513408668780e-02
3.664972698333335277e-01,-1.560535707352118592e-02
3.666972698333315073e-01,-1.568249849203946084e-02
3.668972698333339277e-01,-1.576019941398210458e-02
3.670972698333336837e-01,-1.583845985191336889e-02
3.672972698333341057e-01,-1.591727980688870461e-02
3.674972698333347498e-01,-1.599665926870956836e-02
3.676972698333320633e-01,-1.607659821618651411e-02
3.678972698333338176e-01,-1.615709661741050393e-02
3.680972698333311310e-01,-1.623815443000997671e-02
3.682972698333337735e-01,-1.631977160143553360e-02
3.684972698333313090e-01,-1.640194806921745421e-02
3.686972698333346177e-01,-1.648468376125820228e-02
3.688972698333339295e-01,-1.656797859609318233e-02
3.690972698333332414e-01,-1.665183248318520201e-02
3.692972698333361059e-01,-1.673624532320138608e-02
3.694972698333320871e-01,-1.682121700829211641e-02
3.696972698333338414e-01,-1.690674742239393902e-02
3.698972698333324871e-01,-1.699283644149978192e-02
3.700972698333340194e-01,-1.707948393396575490e-02
3.702972698333324431e-01,-1.716668976079305589e-02
3.704972698333335313e-01,-1.725445377593352522e-02
3.706972698333348415e-01,-1.734277582657828970e-02
3.708972698333330431e-01,-1.743165575346000695e-02
3.710972698333350195e-01,-1.752109339115895739e-02
3.712972698333310007e-01,-1.761108856839373529e-02
3.714972698333340873e-01,-1.770164110834347021e-02
3.716972698333327330e-01,-1.779275082893259571e-02
3.718972698333338212e-01,-1.788441754315812232e-02
3.720972698333333550e-01,-1.797664105938546336e-02
3.722972698333331110e-01,-1.806942118166701347e-02
3.724972698333348653e-01,-1.816275771005164408e-02
3.726972698333326228e-01,-1.825665044089459094e-02
3.728972698333350433e-01,-1.835109916718299233e-02
3.730972698333316906e-01,-1.844610367883595461e-02
3.732972698333330008e-01,-1.854166376304093589e-02
3.734972698333320906e-01,-1.863777920455393644e-02
3.736972698333334009e-01,-1.873444978603272873e-02
3.738972698333331568e-01,-1.883167528834794879e-02
3.740972698333335789e-01,-1.892945549091135105e-02
3.742972698333340009e-01,-1.902779017199383860e-02
3.744972698333317584e-01,-1.912667910904896490e-02
3.746972698333335128e-01,-1.922612207904231610e-02
3.748972698333319364e-01,-1.932611885876448291e-02
3.750972698333343569e-01,-1.942666922517046618e-02
3.752972698333316703e-01,-1.952777295568963734e-02
3.754972698333343128e-01,-1.962942982857006011e-02
3.756972698333340688e-01,-1.973163962318557826e-02
3.758972698333331586e-01,-1.983440212037747979e-02
3.760972698333355790e-01,-1.993771710277710690e-02
3.762972698333320043e-01,-2.004158435512545799e-02
3.764972698333330925e-01,-2.014600366461772804e-02
3.766972698333312941e-01,-2.025097482121089240e-02
3.768972698333339366e-01,-2.035649761796854904e-02
3.770972698333319162e-01,-2.046257185137157972e-02
3.772972698333338926e-01,-2.056919732166355430e-02
3.774972698333343146e-01,-2.067637383316060090e-02
3.776972698333334044e-01,-2.078410119458866390e-02
3.778972698333358249e-01,-2.089237921940908030e-02
3.780972698333311399e-01,-2.100120772613368186e-02
3.782972698333335604e-01,-2.111058653867170509e-02
3.784972698333328722e-01,-2.122051548662761897e-02
3.786972698333339604e-01,-2.133099440564672003e-02
3.788972698333330502e-01,-2.144202313772515869e-02
3.790972698333339164e-01,-2.155360153154133387e-02
3.792972698333343384e-01,-2.166572944276978427e-02
3.794972698333329841e-01,-2.177840673440544633e-02
3.796972698333349605e-01,-2.189163327708618795e-02
3.798972698333313858e-01,-2.200540894939950060e-02
3.800972698333340283e-01,-2.211973363821914326e-02
3.802972698333324519e-01,-2.223460723899649966e-02
3.804972698333330960e-01,-2.235002965609733661e-02
3.806972698333330740e-01,-2.246600080309954506e-02
3.808972698333334961e-01,-2.258252060311225634e-02
3.810972698333345843e-01,-2.269958898908285352e-02
3.812972698333325638e-01,-2.281720590410302868e-02
3.814972698333343182e-01,-2.293537130172398214e-02
3.816972698333320757e-01,-2.305408514624577437e-02
3.818972698333331639e-01,-2.317334741303752124e-02
3.820972698333318096e-01,-2.329315808882126068e-02
3.822972698333340080e-01,-2.341351717198521254e-02
3.824972698333335419e-01,-2.353442467286567807e-02
3.826972698333335199e-01,-2.365588061405412418e-02
3.828972698333346081e-01,-2.377788503068177864e-02
3.830972698333319215e-01,-2.390043797070706688e-02
3.832972698333336758e-01,-2.402353949521393583e-02
3.834972698333316554e-01,-2.414718967867793276e-02
3.836972698333340759e-01,-2.427138860926826569e-02
3.838972698333316114e-01,-2.439613638910546195e-02
3.840972698333344759e-01,-2.452143313456084384e-02
3.842972698333340098e-01,-2.464727897650559330e-02
3.844972698333330996e-01,-2.477367406060011767e-02
3.846972698333355201e-01,-2.490061854755480295e-02
3.848972698333319453e-01,-2.502811261338496601e-02
3.850972698333339217e-01,-2.515615644969360770e-02
3.852972698333319013e-01,-2.528475026390215180e-02
3.854972698333340997e-01,-2.541389427952971819e-02
3.856972698333323013e-01,-2.554358873642179409e-02
3.858972698333333895e-01,-2.567383389101802332e-02
3.860972698333346997e-01,-2.580463001657996164e-02
3.862972698333331234e-01,-2.593597740343690436e-02
3.864972698333350998e-01,-2.606787635922873381e-02
3.866972698333310809e-01,-2.620032720912158358e-02
3.868972698333339455e-01,-2.633333029606170148e-02
3.870972698333328132e-01,-2.646688598096928746e-02
3.872972698333336794e-01,-2.660099464298597977e-02
3.874972698333334353e-01,-2.673565667967370621e-02
3.876972698333331913e-01,-2.687087250723579554e-02
3.878972698333349456e-01,-2.700664256072231317e-02
3.880972698333331472e-01,-2.714296729422762192e-02
3.882972698333349015e-01,-2.727984718110320478e-02
3.884972698333311047e-01,-2.741728271413203938e-02
3.886972698333330811e-01,-2.755527440574352671e-02
3.888972698333323930e-01,-2.769382278817079934e-02
3.890972698333330371e-01,-2.783292841365315323e-02
3.892972698333332371e-01,-2.797259185459875092e-02
3.894972698333334371e-01,-2.811281370376070982e-02
3.896972698333343033e-01,-2.825359457440106137e-02
3.898972698333318387e-01,-2.839493510044768104e-02
3.900972698333340372e-01,-2.853683593666135263e-02
3.902972698333317947e-01,-2.867929775876496001e-02
3.904972698333339931e-01,-2.882232126361323338e-02
3.906972698333319727e-01,-2.896590716930670314e-02
3.908972698333343931e-01,-2.911005621535048618e-02
3.910972698333339270e-01,-2.925476916275876471e-02
3.912972698333336830e-01,-2.940004679419645078e-02
3.914972698333354373e-01,-2.954588991408797077e-02
3.916972698333323066e-01,-2.969229934872318413e-02
3.918972698333329507e-01,-2.983927594638060773e-02
3.920972698333313744e-01,-2.998682057740510720e-02
3.922972698333335728e-01,-3.013493413432118129e-02
3.924972698333322185e-01,-3.028361753190200387e-02
3.926972698333337508e-01,-3.043287170727125568e-02
3.928972698333343949e-01,-3.058269761996076919e-02
3.930972698333337068e-01,-3.073309625199008993e-02
3.932972698333356831e-01,-3.088406860793022762e-02
3.934972698333312202e-01,-3.103561571494728791e-02
3.936972698333336407e-01,-3.118773862287962939e-02
3.938972698333325084e-01,-3.134043840424664135e-02
3.940972698333338187e-01,-3.149371615431681426e-02
3.942972698333329085e-01,-3.164757299111763122e-02
3.944972698333337746e-01,-3.180201005547456106e-02
3.946972698333346408e-01,-3.195702851101728248e-02
3.948972698333330644e-01,-3.211262954419426274e-02
3.950972698333345967e-01,-3.226881436428326311e-02
3.952972698333310220e-01,-3.242558420337131320e-02
3.954972698333336645e-01,-3.258294031637057331e-02
3.956972698333323102e-01,-3.274088398096927643e-02
3.958972698333336204e-01,-3.289941649763748754e-02
3.960972698333333764e-01,-3.305853918957430554e-02
3.962972698333333543e-01,-3.321825340268264037e-02
3.964972698333348866e-01,-3.337856050551844811e-02
3.966972698333328662e-01,-3.353946188923318666e-02
3.968972698333348426e-01,-3.370095896752875464e-02
3.970972698333319340e-01,-3.386305317656658487e-02
3.972972698333330221e-01,-3.402574597492019626e-02
3.974972698333318899e-01,-3.418903884346602418e-02
3.976972698333336442e-01,-3.435293328531507928e-02
3.978972698333334002e-01,-3.451743082569769944e-02
3.980972698333338222e-01,-3.468253301187287918e-02
3.982972698333344663e-01,-3.484824141300672112e-02
3.984972698333322239e-01,-3.501455762005196981e-02
3.986972698333335341e-01,-3.518148324563023788e-02
3.988972698333319578e-01,-3.534901992387697034e-02
3.990972698333341562e-01,-3.551716931031934088e-02
3.992972698333316917e-01,-3.568593308170089212e-02
3.994972698333347783e-01,-3.585531293585012685e-02
3.996972698333340901e-01,-3.602531059148087605e-02
3.998972698333336240e-01,-3.619592778804438249e-02
4.000972698333353783e-01,-3.636716628553277042e-02
4.002972698333318036e-01,-3.653902786428094018e-02
4.004972698333335579e-01,-3.671151432479069499e-02
4.006972698333319816e-01,-3.688462748749072456e-02
4.008972698333339579e-01,-3.705836919255056650e-02
4.010972698333326036e-01,-3.723274129963137502e-02
4.012972698333332477e-01,-3.740774568767598479e-02
4.014972698333345580e-01,-3.758338425465201915e-02
4.016972698333334257e-01,-3.775965891730749535e-02
4.018972698333349580e-01,-3.793657161092250929e-02
4.020972698333311612e-01,-3.811412428902513638e-02
4.022972698333340258e-01,-3.829231892314717556e-02
4.024972698333328935e-01,-3.847115750250421767e-02
4.026972698333335376e-01,-3.865064203374028728e-02
4.028972698333335156e-01,-3.883077454060714084e-02
4.030972698333332715e-01,-3.901155706366716408e-02
4.032972698333348038e-01,-3.919299165997674333e-02
4.034972698333334495e-01,-3.937508040275501664e-02
4.036972698333347598e-01,-3.955782538106683566e-02
4.038972698333314071e-01,-3.974122869946123543e-02
4.040972698333336055e-01,-3.992529247764987910e-02
4.042972698333324733e-01,-4.011001885011615531e-02
4.044972698333328953e-01,-4.029540996577899575e-02
4.046972698333330953e-01,-4.048146798759987008e-02
4.048972698333332954e-01,-4.066819509220759993e-02
4.050972698333346056e-01,-4.085559346950615872e-02
4.052972698333316970e-01,-4.104366532226752518e-02
4.054972698333336734e-01,-4.123241286574338971e-02
4.056972698333316529e-01,-4.142183832721737374e-02
4.058972698333336293e-01,-4.161194394561298221e-02
4.060972698333320530e-01,-4.180273197102891969e-02
4.062972698333344734e-01,-4.199420466432612908e-02
4.064972698333337853e-01,-4.218636429664881365e-02
4.066972698333335412e-01,-4.237921314898945163e-02
4.068972698333350735e-01,-4.257275351170906191e-02
4.070972698333319428e-01,-4.276698768405588769e-02
4.072972698333330310e-01,-4.296191797370341875e-02
4.074972698333316767e-01,-4.315754669622794137e-02
4.076972698333340972e-01,-4.335387617463487553e-02
4.078972698333320768e-01,-4.355090873882289104e-02
4.080972698333338311e-01,-4.374864672509640867e-02
4.082972698333344752e-01,-4.394709247561063431e-02
4.084972698333337870e-01,-4.414624833785459057e-02
4.086972698333350973e-01,-4.434611666410752384e-02
4.088972698333315225e-01,-4.454669981087460567e-02
4.090972698333334989e-01,-4.474800013835533025e-02
4.092972698333323667e-01,-4.495002000983975426e-02
4.094972698333338990e-01,-4.515276179116703426e-02
4.096972698333329888e-01,-4.535622785011653862e-02
4.098972698333331888e-01,-4.556042055583586770e-02
4.100972698333349431e-01,-4.576534227822976614e-02
4.102972698333329227e-01,-4.597099538734947255e-02
4.104972698333344550e-01,-4.617738225279635622e-02
4.106972698333308802e-01,-4.638450524306899497e-02
4.108972698333333007e-01,-4.659236672496864379e-02
4.110972698333330566e-01,-4.680096906291941056e-02
4.112972698333337007e-01,-4.701031461835424030e-02
4.114972698333336787e-01,-4.722040574904234206e-02
4.116972698333332126e-01,-4.743124480843396301e-02
4.118972698333349669e-01,-4.764283414499114605e-02
4.120972698333329465e-01,-4.785517610149810086e-02
4.122972698333347008e-01,-4.806827301439991346e-02
4.124972698333315702e-01,-4.828212721307788280e-02
4.126972698333331024e-01,-4.849674101918637070e-02
4.128972698333326363e-01,-4.871211674590841811e-02
4.130972698333335025e-01,-4.892825669726898891e-02
4.132972698333337025e-01,-4.914516316739642871e-02
4.134972698333336805e-01,-4.936283843980169422e-02
4.136972698333343246e-01,-4.958128478663969413e-02
4.138972698333320821e-01,-4.980050446796056157e-02
4.140972698333333923e-01,-5.002049973097479063e-02
4.142972698333324821e-01,-5.024127280927197237e-02
4.144972698333342365e-01,-5.046282592208115036e-02
4.146972698333324381e-01,-5.068516127347609534e-02
4.148972698333348585e-01,-5.090828105162532174e-02
4.150972698333343924e-01,-5.113218742797553951e-02
4.152972698333337043e-01,-5.135688255648828554e-02
4.154972698333352366e-01,-5.158236857283121646e-02
4.156972698333316618e-01,-5.180864759356355875e-02
4.158972698333331941e-01,-5.203572171535703061e-02
4.160972698333325059e-01,-5.226359301413933955e-02
4.162972698333338162e-01,-5.249226354430500119e-02
4.164972698333329060e-01,-5.272173533786366634e-02
4.166972698333337721e-01,-5.295201040362496753e-02
4.168972698333346383e-01,-5.318309072634154477e-02
4.170972698333332840e-01,-5.341497826586927983e-02
4.172972698333345942e-01,-5.364767495632383199e-02
4.174972698333312415e-01,-5.388118270520071001e-02
4.176972698333336620e-01,-5.411550339254696251e-02
4.178972698333329738e-01,-5.435063887004955990e-02
4.180972698333336179e-01,-5.458659096019952139e-02
4.182972698333335959e-01,-5.482336145538976857e-02
4.184972698333333518e-01,-5.506095211704133130e-02
4.186972698333344400e-01,-5.529936467471258804e-02
4.188972698333335298e-01,-5.553860082519797292e-02
4.190972698333343960e-01,-5.577866223164339166e-02
4.192972698333317094e-01,-5.601955052262313356e-02
4.194972698333336858e-01,-5.626126729125886794e-02
4.196972698333329976e-01,-5.650381409427188834e-02
4.198972698333329756e-01,-5.674719245109768190e-02
4.200972698333333977e-01,-5.699140384294740236e-02
4.202972698333335977e-01,-5.723644971188607961e-02
4.204972698333344638e-01,-5.748233145990553489e-02
4.206972698333328875e-01,-5.772905044798433416e-02
4.208972698333344198e-01,-5.797660799516592134e-02
4.210972698333319553e-01,-5.822500537759170425e-02
4.212972698333332655e-01,-5.847424382759032480e-02
4.214972698333319112e-01,-5.872432453269407771e-02
4.216972698333341096e-01,-5.897524863472095036e-02
4.218972698333340876e-01,-5.922701722878958436e-02
4.220972698333333994e-01,-5.947963136238607756e-02
4.222972698333347097e-01,-5.973309203439575860e-02
4.224972698333322452e-01,-5.998740019412827917e-02
4.226972698333331113e-01,-6.024255674037849034e-02
4.228972698333315350e-01,-6.049856252042575683e-02
4.230972698333335114e-01,-6.075541832909443773e-02
4.232972698333319350e-01,-6.101312490774907227e-02
4.234972698333345775e-01,-6.127168294335544330e-02
4.236972698333343335e-01,-6.153109306746496615e-02
4.238972698333334233e-01,-6.179135585526680796e-02
4.240972698333356217e-01,-6.205247182459769362e-02
4.242972698333318249e-01,-6.231444143494032500e-02
4.244972698333335792e-01,-6.257726508648382702e-02
4.246972698333324470e-01,-6.284094311908546004e-02
4.248972698333335352e-01,-6.310547581132835981e-02
4.250972698333330690e-01,-6.337086337950520454e-02
4.252972698333332691e-01,-6.363710597664956614e-02
4.254972698333348013e-01,-6.390420369153730629e-02
4.256972698333332250e-01,-6.417215654769267696e-02
4.258972698333347573e-01,-6.444096450241940111e-02
4.260972698333311826e-01,-6.471062744577747716e-02
4.262972698333336030e-01,-6.498114519963815727e-02
4.264972698333333589e-01,-6.525251751664136457e-02
4.266972698333331149e-01,-6.552474407924782640e-02
4.268972698333335369e-01,-6.579782449873147754e-02
4.270972698333332929e-01,-6.607175831419048739e-02
4.272972698333348252e-01,-6.634654499156673879e-02
4.274972698333332488e-01,-6.662218392264293576e-02
4.276972698333345591e-01,-6.689867442408120590e-02
4.278972698333320945e-01,-6.717601573640509527e-02
4.280972698333322946e-01,-6.745420702305082727e-02
4.282972698333324946e-01,-6.773324736935409929e-02
4.284972698333333607e-01,-6.801313578158574291e-02
4.286972698333335607e-01,-6.829387118596520756e-02
4.288972698333330946e-01,-6.857545242768750549e-02
4.290972698333341828e-01,-6.885787826994914373e-02
4.292972698333321624e-01,-6.914114739296223222e-02
4.294972698333336947e-01,-6.942525839300907331e-02
4.296972698333318963e-01,-6.971020978143924185e-02
4.298972698333340947e-01,-6.999599998374311793e-02
4.300972698333322963e-01,-7.028262733854745425e-02
4.302972698333344947e-01,-7.057009009670055233e-02
4.304972698333344727e-01,-7.085838642027286749e-02
4.306972698333331184e-01,-7.114751438163437192e-02
4.308972698333350948e-01,-7.143747196250110898e-02
4.310972698333315201e-01,-7.172825705296402565e-02
4.312972698333332744e-01,-7.201986745059588135e-02
4.314972698333319201e-01,-7.231230085945668240e-02
4.316972698333338965e-01,-7.260555488921051348e-02
4.318972698333323201e-01,-7.289962705415499455e-02
4.320972698333340745e-01,-7.319451477233678005e-02
4.322972698333344965e-01,-7.349021536459486581e-02
4.324972698333333643e-01,-7.378672605366928816e-02
4.326972698333355627e-01,-7.408404396329271169e-02
4.328972698333310998e-01,-7.438216611725620431e-02
4.330972698333332982e-01,-7.468108943856753557e-02
4.332972698333328321e-01,-7.498081074848886307e-02
4.334972698333336982e-01,-7.528132676570337134e-02
4.336972698333332321e-01,-7.558263410540363991e-02
4.338972698333336542e-01,-7.588472927843342708e-02
4.340972698333347424e-01,-7.618760869040769323e-02
4.342972698333331660e-01,-7.649126864084859756e-02
4.344972698333346983e-01,-7.679570532234825109e-02
4.346972698333311236e-01,-7.710091481968428528e-02
4.348972698333331000e-01,-7.740689310902734710e-02
4.350972698333328559e-01,-7.771363605704956212e-02
4.352972698333328339e-01,-7.802113942014005099e-02
4.354972698333337000e-01,-7.832939884356658611e-02
4.356972698333336780e-01,-7.863840986066156225e-02
4.358972698333349882e-01,-7.894816789202745155e-02
4.360972698333327457e-01,-7.925866824472273253e-02
4.362972698333345001e-01,-7.956990611150344117e-02
4.364972698333318135e-01,-7.988187656999884423e-02
4.366972698333331238e-01,-8.019457458199080735e-02
4.368972698333322136e-01,-8.050799499260163916e-02
4.370972698333335238e-01,-8.082213252957917704e-02
4.372972698333339459e-01,-8.113698180252353065e-02
4.374972698333337018e-01,-8.145253730216774068e-02
4.376972698333347900e-01,-8.176879339964888971e-02
4.378972698333323255e-01,-8.208574434577751988e-02
4.380972698333334137e-01,-8.240338427035978630e-02
4.382972698333316153e-01,-8.272170718145983870e-02
4.384972698333335916e-01,-8.304070696475433777e-02
4.386972698333320153e-01,-8.336037738281226739e-02
4.388972698333344358e-01,-8.368071207447412563e-02
4.390972698333341917e-01,-8.400170455414879278e-02
4.392972698333335035e-01,-8.432334821120519852e-02
4.394972698333357020e-01,-8.464563630932478433e-02
4.396972698333319052e-01,-8.496856198585636677e-02
4.398972698333336595e-01,-8.529211825125625202e-02
4.400972698333323052e-01,-8.561629798842126937e-02
4.402972698333338375e-01,-8.594109395215554503e-02
4.404972698333329273e-01,-8.626649876855019272e-02
4.406972698333331273e-01,-8.659250493444985153e-02
4.408972698333348816e-01,-8.691910481687928347e-02
4.410972698333333053e-01,-8.724629065249719928e-02
4.412972698333348376e-01,-8.757405454709400738e-02
4.414972698333310408e-01,-8.790238847503130393e-02
4.416972698333339054e-01,-8.823128427879531333e-02
4.418972698333332172e-01,-8.856073366843475458e-02
4.420972698333336393e-01,-8.889072822114267580e-02
4.422972698333336172e-01,-8.922125938075599338e-02
4.424972698333331511e-01,-8.955231845731534412e-02
4.426972698333349054e-01,-8.988389662662760182e-02
4.428972698333331071e-01,-9.021598492982162154e-02
4.430972698333346393e-01,-9.054857427297097194e-02
4.432972698333315087e-01,-9.088165542664987384e-02
4.434972698333328189e-01,-9.121521902560184025e-02
4.436972698333325749e-01,-9.154925556831584876e-02
4.438972698333332190e-01,-9.188375541670924795e-02
4.440972698333334190e-01,-9.221870879576582469e-02
4.442972698333331749e-01,-9.255410579321726727e-02
4.444972698333344852e-01,-9.288993635923126213e-02
4.446972698333320206e-01,-9.322619030609838320e-02
4.448972698333337750e-01,-9.356285730798408196e-02
4.450972698333319766e-01,-9.389992690061174652e-02
4.452972698333341750e-01,-9.423738848106255617e-02
4.454972698333321546e-01,-9.457523130748571316e-02
4.456972698333343530e-01,-9.491344449893160395e-02
4.458972698333341089e-01,-9.525201703509175721e-02
4.460972698333329767e-01,-9.559093775614765920e-02
4.462972698333353971e-01,-9.593019536258730329e-02
4.464972698333320444e-01,-9.626977841501807576e-02
4.466972698333331326e-01,-9.660967533408054697e-02
4.468972698333315563e-01,-9.694987440025967795e-02
4.470972698333339768e-01,-9.729036375382715818e-02
4.472972698333321784e-01,-9.763113139469931090e-02
4.474972698333337107e-01,-9.797216518241178007e-02
4.476972698333339107e-01,-9.831345283601149176e-02
4.478972698333334446e-01,-9.865498193404279026e-02
4.480972698333356430e-01,-9.899673991451590771e-02
4.482972698333311801e-01,-9.933871407487096516e-02
4.484972698333336005e-01,-9.968089157204584883e-02
4.486972698333324683e-01,-1.000232594224204630e-01
4.488972698333337785e-01,-1.003658045019274886e-01
4.490972698333330904e-01,-1.007085135460652342e-01
4.492972698333335124e-01,-1.010513731500054385e-01
4.494972698333346006e-01,-1.013943697686676970e-01
4.496972698333332463e-01,-1.017374897168331904e-01
4.498972698333347786e-01,-1.020807191692931215e-01
4.500972698333312039e-01,-1.024240441609587243e-01
4.502972698333336243e-01,-1.027674505870819766e-01
4.504972698333327141e-01,-1.031109242033715900e-01
4.506972698333333582e-01,-1.034544506262533720e-01
4.508972698333335583e-01,-1.037980153330538141e-01
4.510972698333330921e-01,-1.041416036622529462e-01
4.512972698333348465e-01,-1.044852008137424626e-01
4.514972698333323819e-01,-1.048287918490794085e-01
4.516972698333339142e-01,-1.051723616918199822e-01
4.518972698333316718e-01,-1.055158951277787999e-01
4.520972698333329820e-01,-1.058593768054125472e-01
4.522972698333318498e-01,-1.062027912361197812e-01
4.524972698333338261e-01,-1.065461227946516987e-01
4.526972698333335821e-01,-1.068893557194596222e-01
4.528972698333337821e-01,-1.072324741131329695e-01
4.530972698333344262e-01,-1.075754619428051645e-01
4.532972698333321837e-01,-1.079183030405954924e-01
4.534972698333334939e-01,-1.082609811040937120e-01
4.536972698333319176e-01,-1.086034796968028404e-01
4.538972698333345601e-01,-1.089457822486841476e-01
4.540972698333320956e-01,-1.092878720566256429e-01
4.542972698333342940e-01,-1.096297322850416228e-01
4.544972698333340499e-01,-1.099713459663686221e-01
4.546972698333333618e-01,-1.103126960016872493e-01
4.548972698333355602e-01,-1.106537651613051371e-01
4.550972698333317634e-01,-1.109945360853495794e-01
4.552972698333335178e-01,-1.113349912844583678e-01
4.554972698333321635e-01,-1.116751131403644348e-01
4.556972698333336957e-01,-1.120148839066296698e-01
4.558972698333325635e-01,-1.123542857092931641e-01
4.560972698333332076e-01,-1.126933005476203620e-01
4.562972698333347399e-01,-1.130319102948092458e-01
4.564972698333336076e-01,-1.133700966987461756e-01
4.566972698333346958e-01,-1.137078413827957574e-01
4.568972698333311211e-01,-1.140451258465568635e-01
4.570972698333339856e-01,-1.143819314667227915e-01
4.572972698333330754e-01,-1.147182394978442793e-01
4.574972698333334975e-01,-1.150540310732397903e-01
4.576972698333336975e-01,-1.153892872058268071e-01
4.578972698333330094e-01,-1.157239887890221253e-01
4.580972698333343196e-01,-1.160581165976532214e-01
4.582972698333334094e-01,-1.163916512888669152e-01
4.584972698333344976e-01,-1.167245734031011339e-01
4.586972698333313669e-01,-1.170568633650185819e-01
4.588972698333331213e-01,-1.173885014845341412e-01
4.590972698333328772e-01,-1.177194679577666797e-01
4.592972698333328552e-01,-1.180497428681039213e-01
4.594972698333334993e-01,-1.183793061872265295e-01
4.596972698333332552e-01,-1.187081377761696199e-01
4.598972698333338993e-01,-1.190362173864122908e-01
4.600972698333321009e-01,-1.193635246609635325e-01
4.602972698333336332e-01,-1.196900391355047027e-01
4.604972698333318348e-01,-1.200157402394923523e-01
4.606972698333338112e-01,-1.203406072973580432e-01
4.608972698333320128e-01,-1.206646195296381952e-01
4.610972698333348774e-01,-1.209877560542187425e-01
4.612972698333339672e-01,-1.213099958874955669e-01
4.614972698333335011e-01,-1.216313179456551263e-01
4.616972698333350333e-01,-1.219517010459005013e-01
4.618972698333319027e-01,-1.222711239077129836e-01
4.620972698333327688e-01,-1.225895651541778347e-01
4.622972698333320807e-01,-1.229070033132442785e-01
4.624972698333338350e-01,-1.232234168190886880e-01
4.626972698333320366e-01,-1.235387840134275633e-01
4.628972698333337910e-01,-1.238530831469157600e-01
4.630972698333342130e-01,-1.241662923804875002e-01
4.632972698333335249e-01,-1.244783897867812877e-01
4.634972698333355012e-01,-1.247893533515539027e-01
4.636972698333312604e-01,-1.250991609750894962e-01
4.638972698333332367e-01,-1.254077904737040394e-01
4.640972698333323265e-01,-1.257152195811490902e-01
4.642972698333336368e-01,-1.260214259501542255e-01
4.644972698333329486e-01,-1.263263871538955752e-01
4.646972698333338148e-01,-1.266300806875446106e-01
4.648972698333344589e-01,-1.269324839697873741e-01
4.650972698333331046e-01,-1.272335743443893941e-01
4.652972698333339707e-01,-1.275333290817787513e-01
4.654972698333308401e-01,-1.278317253806119380e-01
4.656972698333337046e-01,-1.281287403694210958e-01
4.658972698333327944e-01,-1.284243511081848976e-01
4.660972698333334385e-01,-1.287185345900210276e-01
4.662972698333331945e-01,-1.290112677428094101e-01
4.664972698333336165e-01,-1.293025274308832739e-01
4.666972698333344827e-01,-1.295922904567101130e-01
4.668972698333331284e-01,-1.298805335625964896e-01
4.670972698333344386e-01,-1.301672334324241176e-01
4.672972698333317521e-01,-1.304523666933595782e-01
4.674972698333328402e-01,-1.307359099176441386e-01
4.676972698333323741e-01,-1.310178396243230903e-01
4.678972698333339064e-01,-1.312981322810602702e-01
4.680972698333341064e-01,-1.315767643059145287e-01
4.682972698333340844e-01,-1.318537120691692377e-01
4.684972698333340624e-01,-1.321289518951531405e-01
4.686972698333324860e-01,-1.324024600640822669e-01
4.688972698333333522e-01,-1.326742128139272725e-01
4.690972698333324420e-01,-1.329441863422665682e-01
4.692972698333341963e-01,-1.332123568081948484e-01
4.694972698333323979e-01,-1.334787003341971756e-01
4.696972698333348184e-01,-1.337431930080953679e-01
4.698972698333345743e-01,-1.340058108849365714e-01
4.700972698333336641e-01,-1.342665299889658770e-01
4.702972698333351964e-01,-1.345253263155687384e-01
4.704972698333316217e-01,-1.347821758332231334e-01
4.706972698333329319e-01,-1.350370544855151178e-01
4.708972698333320217e-01,-1.352899381930866562e-01
4.710972698333339981e-01,-1.355408028556775446e-01
4.712972698333326438e-01,-1.357896243541125147e-01
4.714972698333335099e-01,-1.360363785523588942e-01
4.716972698333343761e-01,-1.362810412995431042e-01
4.718972698333336879e-01,-1.365235884320133708e-01
4.720972698333345541e-01,-1.367639957754078206e-01
4.722972698333314234e-01,-1.370022391467138334e-01
4.724972698333333998e-01,-1.372382943563812407e-01
4.726972698333331557e-01,-1.374721372103822059e-01
4.728972698333335778e-01,-1.377037435123499021e-01
4.730972698333337778e-01,-1.379330890656790265e-01
4.732972698333335337e-01,-1.381601496756591496e-01
4.734972698333341778e-01,-1.383849011516126160e-01
4.736972698333334897e-01,-1.386073193090358036e-01
4.738972698333343558e-01,-1.388273799717653634e-01
4.740972698333318913e-01,-1.390450589741293319e-01
4.742972698333334236e-01,-1.392603321631438185e-01
4.744972698333329575e-01,-1.394731754006680036e-01
4.746972698333329355e-01,-1.396835645656195890e-01
4.748972698333333575e-01,-1.398914755561627699e-01
4.750972698333335575e-01,-1.400968842919183555e-01
4.752972698333344237e-01,-1.402997667161808293e-01
4.754972698333319592e-01,-1.405000987981356309e-01
4.756972698333334915e-01,-1.406978565351051924e-01
4.758972698333316931e-01,-1.408930159547602812e-01
4.760972698333334474e-01,-1.410855531173924038e-01
4.762972698333323152e-01,-1.412754441181373333e-01
4.764972698333342915e-01,-1.414626650892566451e-01
4.766972698333344916e-01,-1.416471922023775920e-01
4.768972698333338034e-01,-1.418290016707775270e-01
4.770972698333344475e-01,-1.420080697516528656e-01
4.772972698333322050e-01,-1.421843727483908248e-01
4.774972698333328491e-01,-1.423578870128679452e-01
4.776972698333314948e-01,-1.425285889477200252e-01
4.778972698333336933e-01,-1.426964550086525785e-01
4.780972698333318949e-01,-1.428614617067183179e-01
4.782972698333343153e-01,-1.430235856106407688e-01
4.784972698333340713e-01,-1.431828033490934737e-01
4.786972698333336051e-01,-1.433390916130268256e-01
4.788972698333351374e-01,-1.434924271579701704e-01
4.790972698333311186e-01,-1.436427868063381297e-01
4.792972698333330950e-01,-1.437901474497667587e-01
4.794972698333324068e-01,-1.439344860514022717e-01
4.796972698333334950e-01,-1.440757796482445285e-01
4.798972698333332509e-01,-1.442140053534528010e-01
4.800972698333336730e-01,-1.443491403586767419e-01
4.802972698333343171e-01,-1.444811619363744470e-01
4.804972698333331849e-01,-1.446100474421363191e-01
4.806972698333340510e-01,-1.447357743170142874e-01
4.808972698333309204e-01,-1.448583200898359846e-01
4.810972698333335629e-01,-1.449776623795444586e-01
4.812972698333330968e-01,-1.450937788975008580e-01
4.814972698333335188e-01,-1.452066474498264204e-01
4.816972698333332747e-01,-1.453162459397128736e-01
4.818972698333336968e-01,-1.454225523697477707e-01
4.820972698333345630e-01,-1.455255448442305255e-01
4.822972698333332087e-01,-1.456252015714893100e-01
4.824972698333342969e-01,-1.457215008661997546e-01
4.826972698333318323e-01,-1.458144211516884670e-01
4.828972698333326985e-01,-1.459039409622531203e-01
4.830972698333324544e-01,-1.459900389454570346e-01
4.832972698333337647e-01,-1.460726938644403561e-01
4.834972698333332985e-01,-1.461518846002126670e-01
4.836972698333341647e-01,-1.462275901539529799e-01
4.838972698333339206e-01,-1.462997896492951311e-01
4.840972698333325663e-01,-1.463684623346167557e-01
4.842972698333332104e-01,-1.464335875853195468e-01
4.844972698333323002e-01,-1.464951449061018818e-01
4.846972698333340546e-01,-1.465531139332330035e-01
4.848972698333324782e-01,-1.466074744368113525e-01
4.850972698333348987e-01,-1.466582063230294219e-01
4.852972698333342105e-01,-1.467052896364172687e-01
4.854972698333335224e-01,-1.467487045620930741e-01
4.856972698333348326e-01,-1.467884314279981339e-01
4.858972698333319240e-01,-1.468244507071252425e-01
4.860972698333325681e-01,-1.468567430197448009e-01
4.862972698333323240e-01,-1.468852891356148271e-01
4.864972698333340784e-01,-1.469100699761898832e-01
4.866972698333327241e-01,-1.469310666168164026e-01
4.868972698333344784e-01,-1.469482602889228828e-01
4.870972698333342343e-01,-1.469616323821970605e-01
4.872972698333335462e-01,-1.469711644467571743e-01
4.874972698333346344e-01,-1.469768381953105996e-01
4.876972698333315037e-01,-1.469786355053038229e-01
4.878972698333332580e-01,-1.469765384210616754e-01
4.880972698333330140e-01,-1.469705291559156302e-01
4.882972698333334360e-01,-1.469605900943209698e-01
4.884972698333334140e-01,-1.469467037939632403e-01
4.886972698333336140e-01,-1.469288529878520488e-01
4.888972698333340361e-01,-1.469070205864038692e-01
4.890972698333331259e-01,-1.468811896795122751e-01
4.892972698333339920e-01,-1.468513435386044619e-01
4.894972698333315275e-01,-1.468174656186885252e-01
4.896972698333332819e-01,-1.467795395603806452e-01
4.898972698333328157e-01,-1.467375491919288844e-01
4.900972698333330158e-01,-1.466914785312128378e-01
4.902972698333332158e-01,-1.466413117877365391e-01
4.904972698333340819e-01,-1.465870333646035195e-01
4.906972698333340599e-01,-1.465286278604794323e-01
4.908972698333329276e-01,-1.464660800715372191e-01
4.910972698333337938e-01,-1.463993749933883426e-01
4.912972698333319954e-01,-1.463284978230015021e-01
4.914972698333333057e-01,-1.462534339605974787e-01
4.916972698333321734e-01,-1.461741690115400394e-01
4.918972698333339277e-01,-1.460906887881960325e-01
4.920972698333339057e-01,-1.460029793117944563e-01
4.922972698333341057e-01,-1.459110268142538025e-01
4.924972698333340837e-01,-1.458148177400029888e-01
4.926972698333325074e-01,-1.457143387477802254e-01
4.928972698333331515e-01,-1.456095767124119811e-01
4.930972698333315751e-01,-1.455005187265831779e-01
4.932972698333331074e-01,-1.453871521025738855e-01
4.934972698333317531e-01,-1.452694643739971536e-01
4.936972698333348397e-01,-1.451474432974936279e-01
4.938972698333339295e-01,-1.450210768544374085e-01
4.940972698333336854e-01,-1.448903532525886717e-01
4.942972698333352177e-01,-1.447552609277533708e-01
4.944972698333320871e-01,-1.446157885454169290e-01
4.946972698333333973e-01,-1.444719250023380197e-01
4.948972698333327092e-01,-1.443236594281597229e-01
4.950972698333337974e-01,-1.441709811869607560e-01
4.952972698333328871e-01,-1.440138798788161423e-01
4.954972698333339753e-01,-1.438523453413123598e-01
4.956972698333346194e-01,-1.436863676510641841e-01
4.958972698333330431e-01,-1.435159371251926996e-01
4.960972698333343534e-01,-1.433410443227819964e-01
4.962972698333312227e-01,-1.431616800463354489e-01
4.964972698333340873e-01,-1.429778353431666316e-01
4.966972698333333991e-01,-1.427895015068274820e-01
4.968972698333335991e-01,-1.425966700784499497e-01
4.970972698333335771e-01,-1.423993328481124032e-01
4.972972698333335551e-01,-1.421974818561587139e-01
4.974972698333344212e-01,-1.419911093945006031e-01
4.976972698333330669e-01,-1.417802080079009486e-01
4.978972698333341551e-01,-1.415647704952154862e-01
4.980972698333316906e-01,-1.413447899106422267e-01
4.982972698333325567e-01,-1.411202595649017066e-01
4.984972698333323127e-01,-1.408911730264442719e-01
4.986972698333336229e-01,-1.406575241225854755e-01
4.988972698333333788e-01,-1.404193069406521888e-01
4.990972698333338009e-01,-1.401765158290750879e-01
4.992972698333337789e-01,-1.399291453984789213e-01
4.994972698333322025e-01,-1.396771905227336408e-01
4.996972698333332907e-01,-1.394206463399760842e-01
4.998972698333321585e-01,-1.391595082536307704e-01
5.000972698333339128e-01,-1.388937719333622756e-01
5.002972698333323365e-01,-1.386234333160529242e-01
5.004972698333349790e-01,-1.383484886066927710e-01
5.006972698333340688e-01,-1.380689342793155749e-01
5.008972698333333806e-01,-1.377847670778318823e-01
5.010972698333346909e-01,-1.374959840168901160e-01
5.012972698333324484e-01,-1.372025823826995006e-01
5.014972698333328704e-01,-1.369045597337905096e-01
5.016972698333321823e-01,-1.366019139018065931e-01
5.018972698333339366e-01,-1.362946429922110014e-01
5.020972698333323603e-01,-1.359827453850163681e-01
5.022972698333343367e-01,-1.356662197354275845e-01
5.024972698333340926e-01,-1.353450649745289169e-01
5.026972698333334044e-01,-1.350192803098722027e-01
5.028972698333349367e-01,-1.346888652260785080e-01
5.030972698333315840e-01,-1.343538194854181911e-01
5.032972698333331163e-01,-1.340141431283007611e-01
5.034972698333330943e-01,-1.336698364738345968e-01
5.036972698333335163e-01,-1.333209001202617372e-01
5.038972698333332723e-01,-1.329673349454238984e-01
5.040972698333343605e-01,-1.326091421071691201e-01
5.042972698333338943e-01,-1.322463230437538328e-01
5.044972698333329841e-01,-1.318788794741857784e-01
5.046972698333340723e-01,-1.315068133985570764e-01
5.048972698333313858e-01,-1.311301270983614153e-01
5.050972698333335842e-01,-1.307488231367208709e-01
5.052972698333328960e-01,-1.303629043586837788e-01
5.054972698333330960e-01,-1.299723738913808324e-01
5.056972698333332961e-01,-1.295772351442354697e-01
5.058972698333341622e-01,-1.291774918091012636e-01
5.060972698333339181e-01,-1.287731478603884594e-01
5.062972698333325638e-01,-1.283642075551445494e-01
5.064972698333336520e-01,-1.279506754331085072e-01
5.066972698333320757e-01,-1.275325563167638565e-01
5.068972698333331639e-01,-1.271098553112965934e-01
5.070972698333320317e-01,-1.266825778046048456e-01
5.072972698333340080e-01,-1.262507294671919855e-01
5.074972698333337640e-01,-1.258143162521166702e-01
5.076972698333341860e-01,-1.253733443948270854e-01
5.078972698333334979e-01,-1.249278204130327558e-01
5.080972698333325877e-01,-1.244777511065019160e-01
5.082972698333332318e-01,-1.240231435568474594e-01
5.084972698333320995e-01,-1.235640051272925699e-01
5.086972698333340759e-01,-1.231003434623607895e-01
5.088972698333320555e-01,-1.226321664876125761e-01
5.090972698333349200e-01,-1.221594824092391701e-01
5.092972698333342318e-01,-1.216822997137687601e-01
5.094972698333337657e-01,-1.212006271675941660e-01
5.096972698333352980e-01,-1.207144738165724374e-01
5.098972698333319453e-01,-1.202238489855768366e-01
5.100972698333332556e-01,-1.197287622779398958e-01
5.102972698333325674e-01,-1.192292235750073703e-01
5.104972698333336556e-01,-1.187252430355150989e-01
5.106972698333327454e-01,-1.182168310950457157e-01
5.108972698333340556e-01,-1.177039984653707738e-01
5.110972698333344777e-01,-1.171867561338399144e-01
5.112972698333337895e-01,-1.166651153626746124e-01
5.114972698333344336e-01,-1.161390876882573142e-01
5.116972698333315250e-01,-1.156086849204160799e-01
5.118972698333339455e-01,-1.150739191415965090e-01
5.120972698333337014e-01,-1.145348027061402901e-01
5.122972698333336794e-01,-1.139913482393777877e-01
5.124972698333336574e-01,-1.134435686368020224e-01
5.126972698333336353e-01,-1.128914770631649911e-01
5.128972698333345015e-01,-1.123350869515521711e-01
5.130972698333333692e-01,-1.117744120024402876e-01
5.132972698333340134e-01,-1.112094661826837361e-01
5.134972698333315488e-01,-1.106402637245429699e-01
5.136972698333328591e-01,-1.100668191245815497e-01
5.138972698333330591e-01,-1.094891471426590046e-01
5.140972698333330371e-01,-1.089072628007762833e-01
5.142972698333332371e-01,-1.083211813819595914e-01
5.144972698333336592e-01,-1.077309184290971000e-01
5.146972698333336371e-01,-1.071364897437464825e-01
5.148972698333325049e-01,-1.065379113849108383e-01
5.150972698333333710e-01,-1.059351996677761476e-01
5.152972698333324608e-01,-1.053283711624627417e-01
5.154972698333335490e-01,-1.047174426926723023e-01
5.156972698333321947e-01,-1.041024313343977548e-01
5.158972698333346152e-01,-1.034833544144988238e-01
5.160972698333337050e-01,-1.028602295093802438e-01
5.162972698333336830e-01,-1.022330744434923611e-01
5.164972698333343271e-01,-1.016019072879277840e-01
5.166972698333327507e-01,-1.009667463589364600e-01
5.168972698333327287e-01,-1.003276102163883909e-01
5.170972698333320405e-01,-9.968451766227814925e-02
5.172972698333335728e-01,-9.903748773912651737e-02
5.174972698333322185e-01,-9.838653972843264262e-02
5.176972698333337508e-01,-9.773169314899507465e-02
5.178972698333339508e-01,-9.707296775533529043e-02
5.180972698333339288e-01,-9.641038353597639055e-02
5.182972698333350170e-01,-9.574396071176183298e-02
5.184972698333321084e-01,-9.507371973415333632e-02
5.186972698333334186e-01,-9.439968128341429121e-02
5.188972698333329525e-01,-9.372186626692555200e-02
5.190972698333335966e-01,-9.304029581730535736e-02
5.192972698333329085e-01,-9.235499129062962886e-02
5.194972698333342187e-01,-9.166597426454069220e-02
5.196972698333341967e-01,-9.097326653641160665e-02
5.198972698333335085e-01,-9.027689012140621694e-02
5.200972698333337085e-01,-8.957686725056183963e-02
5.202972698333316881e-01,-8.887322036885583754e-02
5.204972698333336645e-01,-8.816597213318067006e-02
5.206972698333327543e-01,-8.745514541042145873e-02
5.208972698333333984e-01,-8.674076327534591124e-02
5.210972698333333764e-01,-8.602284900862025574e-02
5.212972698333340205e-01,-8.530142609470163506e-02
5.214972698333337764e-01,-8.457651821976736040e-02
5.216972698333328662e-01,-8.384814926958177039e-02
5.218972698333335103e-01,-8.311634332735584607e-02
5.220972698333319340e-01,-8.238112467161554098e-02
5.222972698333328001e-01,-8.164251777396573651e-02
5.224972698333323340e-01,-8.090054729694767799e-02
5.226972698333340883e-01,-8.015523809175467695e-02
5.228972698333334002e-01,-7.940661519604308438e-02
5.230972698333344884e-01,-7.865470383160047541e-02
5.232972698333335781e-01,-7.789952940212088728e-02
5.234972698333324459e-01,-7.714111749084542891e-02
5.236972698333330900e-01,-7.637949385825408555e-02
5.238972698333324018e-01,-7.561468443973839992e-02
5.240972698333339341e-01,-7.484671534318948494e-02
5.242972698333319137e-01,-7.407561284667349422e-02
5.244972698333347783e-01,-7.330140339593643750e-02
5.246972698333340901e-01,-7.252411360210117564e-02
5.248972698333336240e-01,-7.174377023911444884e-02
5.250972698333347122e-01,-7.096040024134463164e-02
5.252972698333322477e-01,-7.017403070112201990e-02
5.254972698333331138e-01,-6.938468886617357723e-02
5.256972698333326477e-01,-6.859240213720593782e-02
5.258972698333335138e-01,-6.779719806530508375e-02
5.260972698333326036e-01,-6.699910434944643389e-02
5.262972698333339139e-01,-6.619814883388611126e-02
5.264972698333338919e-01,-6.539435950564648214e-02
5.266972698333340919e-01,-6.458776449187766944e-02
5.268972698333342919e-01,-6.377839205728291772e-02
5.270972698333318274e-01,-6.296627060150444821e-02
5.272972698333335817e-01,-6.215142865644406045e-02
5.274972698333331156e-01,-6.133389488371217974e-02
5.276972698333335376e-01,-6.051369807187700900e-02
5.278972698333339597e-01,-5.969086713384993276e-02
5.280972698333339377e-01,-5.886543110418430286e-02
5.282972698333339157e-01,-5.803741913637898431e-02
5.284972698333334495e-01,-5.720686050017910473e-02
5.286972698333340936e-01,-5.637378457884595351e-02
5.288972698333320732e-01,-5.553822086645885531e-02
5.290972698333331614e-01,-5.470019896511341823e-02
5.292972698333326953e-01,-5.385974858225532624e-02
5.294972698333328953e-01,-5.301689952784818805e-02
5.296972698333335394e-01,-5.217168171164333901e-02
5.298972698333335174e-01,-5.132412514039573492e-02
5.300972698333334954e-01,-5.047425991506500342e-02
5.302972698333319190e-01,-4.962211622803779087e-02
5.304972698333336734e-01,-4.876772436028735391e-02
5.306972698333320970e-01,-4.791111467863989198e-02
5.308972698333334073e-01,-4.705231763285194768e-02
5.310972698333324971e-01,-4.619136375288998564e-02
5.312972698333344734e-01,-4.532828364600646059e-02
5.314972698333335632e-01,-4.446310799399408320e-02
5.316972698333337632e-01,-4.359586755025415816e-02
5.318972698333339633e-01,-4.272659313701317185e-02
5.320972698333323869e-01,-4.185531564245151270e-02
5.322972698333325869e-01,-4.098206601782018732e-02
5.324972698333318988e-01,-4.010687527463080437e-02
5.326972698333334311e-01,-3.922977448173898402e-02
5.328972698333320768e-01,-3.835079476253799857e-02
5.330972698333338311e-01,-3.746996729200413601e-02
5.332972698333344752e-01,-3.658732329391779781e-02
5.334972698333340091e-01,-3.570289403792574479e-02
5.336972698333344312e-01,-3.481671083667495920e-02
5.338972698333319666e-01,-3.392880504296996030e-02
5.340972698333332769e-01,-3.303920804682354551e-02
5.342972698333328108e-01,-3.214795127267906782e-02
5.344972698333336769e-01,-3.125506617644002727e-02
5.346972698333334328e-01,-3.036058424265607875e-02
5.348972698333340769e-01,-2.946453698160226772e-02
5.350972698333344990e-01,-2.856695592643746645e-02
5.352972698333333668e-01,-2.766787263031863023e-02
5.354972698333337888e-01,-2.676731866350882255e-02
5.356972698333308802e-01,-2.586532561056452406e-02
5.358972698333333007e-01,-2.496192506737354364e-02
5.360972698333335007e-01,-2.405714863842705470e-02
5.362972698333332566e-01,-2.315102793384638327e-02
5.364972698333336787e-01,-2.224359456657417494e-02
5.366972698333341008e-01,-2.133488014953040940e-02
5.368972698333343008e-01,-2.042491629275801704e-02
5.370972698333331685e-01,-1.951373460059053350e-02
5.372972698333340347e-01,-1.860136666879486089e-02
5.374972698333320142e-01,-1.768784408180277060e-02
5.376972698333328804e-01,-1.677319840980485977e-02
5.378972698333328584e-01,-1.585746120603036616e-02
5.380972698333335025e-01,-1.494066400387407401e-02
5.382972698333337025e-01,-1.402283831413572712e-02
5.384972698333339025e-01,-1.310401562221181690e-02
5.386972698333336584e-01,-1.218422738532703824e-02
5.388972698333323041e-01,-1.126350502976009547e-02
5.390972698333329483e-01,-1.034187994806379240e-02
5.392972698333324821e-01,-9.419383496360064084e-03
5.394972698333340144e-01,-8.496046991541288465e-03
5.396972698333328822e-01,-7.571901708604621833e-03
5.398972698333348585e-01,-6.646978877848767203e-03
5.400972698333343924e-01,-5.721309682267009325e-03
5.402972698333337043e-01,-4.794925254763058101e-03
5.404972698333345704e-01,-3.867856675505721917e-03
5.406972698333321059e-01,-2.940134969287234307e-03
5.408972698333327500e-01,-2.011791102782198304e-03
5.410972698333325059e-01,-1.082855982004501776e-03
5.412972698333335941e-01,-1.533604495999128098e-04
5.414972698333331280e-01,7.766647177173220326e-04
5.416972698333344383e-01,1.707188811818231670e-03
5.418972698333344162e-01,2.638181195686662914e-03
5.420972698333335060e-01,3.569611306036519355e-03
5.422972698333339281e-01,4.501448655858645946e-03
5.424972698333316856e-01,5.433662836922528369e-03
5.426972698333334399e-01,6.366223522377343486e-03
5.428972698333331959e-01,7.299100469148796407e-03
5.430972698333333959e-01,8.232263520525954018e-03
5.432972698333338180e-01,9.165682608579974258e-03
5.434972698333337959e-01,1.009932775662744642e-02
5.436972698333339959e-01,1.103316908167288266e-02
5.438972698333333078e-01,1.196717679681014168e-02
5.440972698333335078e-01,1.290132121364099931e-02
5.442972698333319315e-01,1.383557274461810586e-02
5.444972698333332417e-01,1.476990190545794668e-02
5.446972698333332197e-01,1.570427931740238370e-02
5.448972698333329756e-01,1.663867570960251424e-02
5.450972698333333977e-01,1.757306192138926443e-02
5.452972698333340418e-01,1.850740890454352985e-02
5.454972698333342418e-01,1.944168772555550720e-02
5.456972698333322214e-01,2.037586956785290490e-02
5.458972698333339757e-01,2.130992573405277035e-02
5.460972698333321773e-01,2.224382764805089840e-02
5.462972698333330435e-01,2.317754685731272801e-02
5.464972698333325773e-01,2.411105503490468607e-02
5.466972698333343317e-01,2.504432398169618990e-02
5.468972698333340876e-01,2.597732562838367398e-02
5.470972698333338435e-01,2.691003203762750914e-02
5.472972698333335995e-01,2.784241540606102738e-02
5.474972698333322452e-01,2.877444806631771629e-02
5.476972698333328893e-01,2.970610248905421885e-02
5.478972698333317570e-01,3.063735128487192483e-02
5.480972698333330673e-01,3.156816720633397882e-02
5.482972698333321571e-01,3.249852314980908319e-02
5.484972698333345775e-01,3.342839215745680576e-02
5.486972698333338894e-01,3.435774741899456919e-02
5.488972698333336453e-01,3.528656227364382336e-02
5.490972698333347335e-01,3.621481021188833332e-02
5.492972698333324910e-01,3.714246487725145901e-02
5.494972698333331351e-01,3.806950006813539233e-02
5.496972698333328911e-01,3.899588973946028353e-02
5.498972698333335352e-01,3.992160800444445601e-02
5.500972698333332911e-01,4.084662913624272779e-02
5.502972698333334911e-01,4.177092756962938469e-02
5.504972698333345793e-01,4.269447790260368081e-02
5.506972698333334471e-01,4.361725489797299571e-02
5.508972698333340912e-01,4.453923348496861834e-02
5.510972698333314046e-01,4.546038876070879198e-02
5.512972698333336030e-01,4.638069599181045277e-02
5.514972698333333589e-01,4.730013061573572902e-02
5.516972698333331149e-01,4.821866824235766791e-02
5.518972698333337590e-01,4.913628465532836331e-02
5.520972698333335149e-01,5.005295581346370926e-02
5.522972698333339370e-01,5.096865785213056804e-02
5.524972698333330268e-01,5.188336708454487772e-02
5.526972698333338929e-01,5.279706000311028963e-02
5.528972698333320945e-01,5.370971328062874861e-02
5.530972698333322946e-01,5.462130377161419914e-02
5.532972698333329387e-01,5.553180851342947449e-02
5.534972698333335828e-01,5.644120472749512146e-02
5.536972698333335607e-01,5.734946982042790631e-02
5.538972698333339828e-01,5.825658138516302126e-02
5.540972698333335167e-01,5.916251720201614467e-02
5.542972698333323844e-01,6.006725523975191272e-02
5.544972698333332506e-01,6.097077365660572013e-02
5.546972698333325624e-01,6.187305080123110118e-02
5.548972698333340947e-01,6.277406521371524384e-02
5.550972698333322963e-01,6.367379562642605517e-02
5.552972698333344947e-01,6.457222096500250808e-02
5.554972698333344727e-01,6.546932034909336284e-02
5.556972698333331184e-01,6.636507309327561999e-02
5.558972698333344287e-01,6.725945870782970570e-02
5.560972698333321862e-01,6.815245689944018914e-02
5.562972698333328303e-01,6.904404757202634024e-02
5.564972698333323642e-01,6.993421082733398964e-02
5.566972698333336744e-01,7.082292696567588086e-02
5.568972698333327642e-01,7.171017648649993803e-02
5.570972698333342965e-01,7.259594008905578821e-02
5.572972698333344965e-01,7.348019867288291262e-02
5.574972698333335863e-01,7.436293333839749664e-02
5.576972698333344525e-01,7.524412538738482759e-02
5.578972698333322100e-01,7.612375632341891740e-02
5.580972698333330761e-01,7.700180785237831227e-02
5.582972698333330541e-01,7.787826188275237538e-02
5.584972698333336982e-01,7.875310052607673028e-02
5.586972698333336762e-01,7.962630609723080066e-02
5.588972698333340983e-01,8.049786111476155137e-02
5.590972698333340762e-01,8.136774830113238655e-02
5.592972698333331660e-01,8.223595058296859217e-02
5.594972698333338101e-01,8.310245109127040175e-02
5.596972698333315677e-01,8.396723316153975603e-02
5.598972698333331000e-01,8.483028033399474255e-02
5.600972698333328559e-01,8.569157635357263492e-02
5.602972698333332779e-01,8.655110517008804405e-02
5.604972698333337000e-01,8.740885093822348129e-02
5.606972698333343441e-01,8.826479801755224286e-02
5.608972698333341000e-01,8.911893097250211948e-02
5.610972698333327457e-01,8.997123457230568611e-02
5.612972698333338339e-01,9.082169379092069894e-02
5.614972698333320356e-01,9.167029380685252915e-02
5.616972698333331238e-01,9.251702000308266449e-02
5.618972698333324356e-01,9.336185796678912741e-02
5.620972698333341899e-01,9.420479348920796081e-02
5.622972698333339459e-01,9.504581256530672539e-02
5.624972698333339238e-01,9.588490139356527220e-02
5.626972698333336798e-01,9.672204637562056839e-02
5.628972698333323255e-01,9.755723411592878702e-02
5.630972698333329696e-01,9.839045142140522004e-02
5.632972698333320594e-01,9.922168530096964201e-02
5.634972698333331476e-01,1.000509229651627419e-01
5.636972698333324594e-01,1.008781518256137433e-01
5.638972698333348799e-01,1.017033594946037955e-01
5.640972698333341917e-01,1.025265337844507574e-01
5.642972698333335035e-01,1.033476627070290393e-01
5.644972698333345917e-01,1.041667344731312533e-01
5.646972698333323493e-01,1.049837374918207861e-01
5.648972698333334375e-01,1.057986603698533312e-01
5.650972698333327493e-01,1.066114919108963194e-01
5.652972698333338375e-01,1.074222211148980199e-01
5.654972698333333714e-01,1.082308371772808947e-01
5.656972698333340155e-01,1.090373294882209243e-01
5.658972698333344375e-01,1.098416876318056845e-01
5.660972698333335273e-01,1.106439013852204001e-01
5.662972698333339494e-01,1.114439607179036618e-01
5.664972698333317069e-01,1.122418557906177256e-01
5.666972698333336833e-01,1.130375769546032583e-01
5.668972698333334392e-01,1.138311147505391557e-01
5.670972698333336393e-01,1.146224599076611506e-01
5.672972698333340613e-01,1.154116033427151911e-01
5.674972698333333732e-01,1.161985361589393390e-01
5.676972698333340173e-01,1.169832496450300963e-01
5.678972698333331071e-01,1.177657352740278107e-01
5.680972698333337512e-01,1.185459847022553997e-01
5.682972698333315087e-01,1.193239897681338257e-01
5.684972698333328189e-01,1.200997424910964229e-01
5.686972698333330190e-01,1.208732350703207725e-01
5.688972698333332190e-01,1.216444598835853819e-01
5.690972698333334190e-01,1.224134094860105937e-01
5.692972698333338410e-01,1.231800766088051724e-01
5.694972698333338190e-01,1.239444541579803327e-01
5.696972698333322427e-01,1.247065352130447141e-01
5.698972698333328868e-01,1.254663130256948311e-01
5.700972698333324207e-01,1.262237810184157760e-01
5.702972698333335089e-01,1.269789327831541970e-01
5.704972698333328207e-01,1.277317620798737174e-01
5.706972698333347971e-01,1.284822628351843243e-01
5.708972698333343310e-01,1.292304291408334083e-01
5.710972698333334208e-01,1.299762552523021086e-01
5.712972698333340649e-01,1.307197355872907751e-01
5.714972698333324885e-01,1.314608647241891359e-01
5.716972698333329106e-01,1.321996374005977026e-01
5.718972698333322224e-01,1.329360485117208612e-01
5.720972698333335327e-01,1.336700931088466437e-01
5.722972698333324004e-01,1.344017663977063182e-01
5.724972698333339327e-01,1.351310637369273482e-01
5.726972698333339107e-01,1.358579806363361397e-01
5.728972698333341107e-01,1.365825127553665641e-01
5.730972698333343107e-01,1.373046559013653412e-01
5.732972698333322903e-01,1.380244060279086915e-01
5.734972698333333785e-01,1.387417592331354477e-01
5.736972698333331344e-01,1.394567117579665338e-01
5.738972698333331124e-01,1.401692599844264753e-01
5.740972698333335345e-01,1.408794004338651540e-01
5.742972698333341786e-01,1.415871297651938865e-01
5.744972698333339345e-01,1.422924447731000186e-01
5.746972698333332463e-01,1.429953423862569406e-01
5.748972698333336684e-01,1.436958196655090947e-01
5.750972698333316480e-01,1.443938738020217050e-01
5.752972698333331802e-01,1.450895021154902098e-01
5.754972698333329362e-01,1.457827020522111938e-01
5.756972698333329141e-01,1.464734711832783309e-01
5.758972698333335583e-01,1.471618072026690538e-01
5.760972698333342024e-01,1.478477079253516513e-01
5.762972698333335142e-01,1.485311712853801536e-01
5.764972698333328260e-01,1.492121953339870799e-01
5.766972698333336922e-01,1.498907782376452946e-01
5.768972698333323379e-01,1.505669182761086855e-01
5.770972698333329820e-01,1.512406138405063272e-01
5.772972698333327379e-01,1.519118634313301741e-01
5.774972698333338261e-01,1.525806656565056874e-01
5.776972698333338041e-01,1.532470192293790556e-01
5.778972698333340041e-01,1.539109229667568468e-01
5.780972698333337600e-01,1.545723757868895931e-01
5.782972698333324058e-01,1.552313767074736395e-01
5.784972698333328278e-01,1.558879248436499110e-01
5.786972698333323617e-01,1.565420194059553571e-01
5.788972698333336719e-01,1.571936596983312673e-01
5.790972698333323176e-01,1.578428451160509005e-01
5.792972698333342940e-01,1.584895751437381539e-01
5.794972698333340499e-01,1.591338493532525322e-01
5.796972698333338059e-01,1.597756674017029033e-01
5.798972698333348941e-01,1.604150290293666903e-01
5.800972698333322075e-01,1.610519340576144209e-01
5.802972698333332957e-01,1.616863823869102157e-01
5.804972698333326075e-01,1.623183739946650883e-01
5.806972698333336957e-01,1.629479089332409592e-01
5.808972698333330076e-01,1.635749873278294908e-01
5.810972698333336517e-01,1.641996093744243490e-01
5.812972698333342958e-01,1.648217753377131667e-01
5.814972698333340517e-01,1.654414855490192460e-01
5.816972698333340297e-01,1.660587404042312698e-01
5.818972698333320093e-01,1.666735403617117250e-01
5.820972698333337636e-01,1.672858859402573672e-01
5.822972698333332975e-01,1.678957777169636512e-01
5.824972698333332755e-01,1.685032163252146720e-01
5.826972698333339196e-01,1.691082024525769889e-01
5.828972698333332314e-01,1.697107368387303916e-01
5.830972698333343196e-01,1.703108202734227306e-01
5.832972698333334094e-01,1.709084535943680150e-01
5.834972698333338315e-01,1.715036376852271116e-01
5.836972698333320331e-01,1.720963734735072304e-01
5.838972698333328992e-01,1.726866619285530036e-01
5.840972698333330992e-01,1.732745040594468044e-01
5.842972698333328552e-01,1.738599009129985218e-01
5.844972698333334993e-01,1.744428535716976980e-01
5.846972698333336993e-01,1.750233631516681099e-01
5.848972698333336773e-01,1.756014308006511593e-01
5.850972698333323230e-01,1.761770576959751922e-01
5.852972698333329671e-01,1.767502450425564031e-01
5.854972698333327230e-01,1.773209940708602717e-01
5.856972698333333671e-01,1.778893060349312494e-01
5.858972698333329010e-01,1.784551822103764285e-01
5.860972698333339892e-01,1.790186238924045825e-01
5.862972698333339672e-01,1.795796323938221861e-01
5.864972698333335011e-01,1.801382090430915517e-01
5.866972698333339231e-01,1.806943551823652905e-01
5.868972698333325688e-01,1.812480721655271021e-01
5.870972698333327688e-01,1.817993613562816635e-01
5.872972698333323027e-01,1.823482241261967784e-01
5.874972698333331689e-01,1.828946618528149992e-01
5.876972698333324807e-01,1.834386759177241699e-01
5.878972698333335689e-01,1.839802677046960544e-01
5.880972698333344351e-01,1.845194385977746432e-01
5.882972698333335249e-01,1.850561899794239129e-01
5.884972698333346131e-01,1.855905232286865769e-01
5.886972698333323706e-01,1.861224397193029789e-01
5.888972698333332367e-01,1.866519408179393713e-01
5.890972698333327706e-01,1.871790278823129705e-01
5.892972698333334147e-01,1.877037022594387483e-01
5.894972698333333927e-01,1.882259652838149666e-01
5.896972698333335927e-01,1.887458182756703018e-01
5.898972698333344589e-01,1.892632625392000056e-01
5.900972698333331046e-01,1.897782993608186641e-01
5.902972698333335266e-01,1.902909300074627774e-01
5.904972698333315062e-01,1.908011557248426582e-01
5.906972698333332605e-01,1.913089777357999399e-01
5.908972698333330165e-01,1.918143972385745744e-01
5.910972698333332165e-01,1.923174154051994489e-01
5.912972698333336385e-01,1.928180333798316382e-01
5.914972698333336165e-01,1.933162522771357528e-01
5.916972698333344827e-01,1.938120731806849684e-01
5.918972698333331284e-01,1.943054971413589183e-01
5.920972698333339945e-01,1.947965251758055627e-01
5.922972698333324182e-01,1.952851582648502948e-01
5.924972698333328402e-01,1.957713973520105455e-01
5.926972698333328182e-01,1.962552433419470499e-01
5.928972698333336844e-01,1.967366970989972708e-01
5.930972698333336623e-01,1.972157594456880603e-01
5.932972698333340844e-01,1.976924311612994478e-01
5.934972698333336183e-01,1.981667129804196847e-01
5.936972698333324860e-01,1.986386055915451143e-01
5.938972698333329081e-01,1.991081096356918656e-01
5.940972698333328861e-01,1.995752257050125711e-01
5.942972698333335302e-01,2.000399543414664860e-01
5.944972698333328420e-01,2.005022960354795325e-01
5.946972698333343743e-01,2.009622512246603265e-01
5.948972698333345743e-01,2.014198202924888936e-01
5.950972698333336641e-01,2.018750035670822673e-01
5.952972698333343082e-01,2.023278013199534542e-01
5.954972698333325098e-01,2.027782137647757277e-01
5.956972698333331540e-01,2.032262410562259425e-01
5.958972698333324658e-01,2.036718832887753350e-01
5.960972698333335540e-01,2.041151404955779680e-01
5.962972698333330879e-01,2.045560126473182083e-01
5.964972698333335099e-01,2.049944996511383621e-01
5.966972698333343761e-01,2.054306013495429684e-01
5.968972698333339100e-01,2.058643175193503039e-01
5.970972698333341100e-01,2.062956478706748920e-01
5.972972698333316455e-01,2.067245920459033215e-01
5.974972698333336218e-01,2.071511496187480039e-01
5.976972698333331557e-01,2.075753200932389519e-01
5.978972698333335778e-01,2.079971029028435114e-01
5.980972698333342219e-01,2.084164974095297496e-01
5.982972698333330897e-01,2.088335029028891010e-01
5.984972698333341778e-01,2.092481185992949855e-01
5.986972698333334897e-01,2.096603436410399146e-01
5.988972698333339117e-01,2.100701770955593628e-01
5.990972698333318913e-01,2.104776179546218595e-01
5.992972698333334236e-01,2.108826651336034030e-01
5.994972698333334016e-01,2.112853174707135517e-01
5.996972698333327134e-01,2.116855737263235449e-01
5.998972698333338016e-01,2.120834325822750221e-01
6.000972698333340016e-01,2.124788926412113088e-01
6.002972698333339796e-01,2.128719524259629903e-01
6.004972698333324033e-01,2.132626103789331262e-01
6.006972698333334915e-01,2.136508648615314809e-01
6.008972698333323592e-01,2.140367141535933215e-01
6.010972698333332254e-01,2.144201564528860349e-01
6.012972698333327592e-01,2.148011898745744164e-01
6.014972698333340695e-01,2.151798124507715015e-01
6.016972698333344916e-01,2.155560221300640011e-01
6.018972698333333593e-01,2.159298167771021570e-01
6.020972698333337814e-01,2.163011941722034481e-01
6.022972698333324271e-01,2.166701520109604040e-01
6.024972698333326271e-01,2.170366879039166419e-01
6.026972698333319389e-01,2.174007993762227531e-01
6.028972698333332492e-01,2.177624838673590246e-01
6.030972698333323390e-01,2.181217387308444500e-01
6.032972698333340933e-01,2.184785612340194305e-01
6.034972698333340713e-01,2.188329485577941991e-01
6.036972698333340492e-01,2.191848977964835354e-01
6.038972698333346933e-01,2.195344059576258555e-01
6.040972698333324509e-01,2.198814699618349966e-01
6.042972698333330950e-01,2.202260866427072916e-01
6.044972698333328509e-01,2.205682527466982512e-01
6.046972698333332730e-01,2.209079649330814854e-01
6.048972698333336950e-01,2.212452197738954962e-01
6.050972698333336730e-01,2.215800137539328529e-01
6.052972698333343171e-01,2.219123432707514887e-01
6.054972698333340730e-01,2.222422046347036773e-01
6.056972698333336069e-01,2.225695940690033403e-01
6.058972698333313645e-01,2.228945077098038741e-01
6.060972698333335629e-01,2.232169416063237710e-01
6.062972698333330968e-01,2.235368917209478168e-01
6.064972698333330747e-01,2.238543539294225448e-01
6.066972698333334968e-01,2.241693240210199667e-01
6.068972698333336968e-01,2.244817976987478203e-01
6.070972698333338968e-01,2.247917705795858256e-01
6.072972698333336528e-01,2.250992381947376497e-01
6.074972698333340748e-01,2.254041959899163727e-01
6.076972698333320544e-01,2.257066393256380865e-01
6.078972698333326985e-01,2.260065634775704491e-01
6.080972698333328985e-01,2.263039636368574248e-01
6.082972698333330985e-01,2.265988349105131361e-01
6.084972698333332985e-01,2.268911723218136334e-01
6.086972698333339427e-01,2.271809708107191128e-01
6.088972698333336986e-01,2.274682252343157851e-01
6.090972698333330104e-01,2.277529303672867211e-01
6.092972698333332104e-01,2.280350809024014880e-01
6.094972698333327443e-01,2.283146714510220776e-01
6.096972698333336105e-01,2.285916965436465553e-01
6.098972698333327003e-01,2.288661506304536519e-01
6.100972698333342326e-01,2.291380280818978432e-01
6.102972698333344326e-01,2.294073231892889975e-01
6.104972698333339665e-01,2.296740301654308092e-01
6.106972698333343885e-01,2.299381431452582891e-01
6.108972698333319240e-01,2.301996561864949331e-01
6.110972698333330122e-01,2.304585632703566866e-01
6.112972698333323240e-01,2.307148583022302635e-01
6.114972698333336343e-01,2.309685351124255159e-01
6.116972698333327241e-01,2.312195874569010767e-01
6.118972698333338123e-01,2.314680090180509797e-01
6.120972698333342343e-01,2.317137934054723791e-01
6.122972698333339903e-01,2.319569341567838672e-01
6.124972698333335241e-01,2.321974247384480661e-01
6.126972698333323919e-01,2.324352585466147592e-01
6.128972698333337021e-01,2.326704289079903343e-01
6.130972698333327919e-01,2.329029290807067554e-01
6.132972698333332140e-01,2.331327522552413822e-01
6.134972698333340801e-01,2.333598915553214692e-01
6.136972698333336140e-01,2.335843400388661617e-01
6.138972698333338140e-01,2.338060906989460341e-01
6.140972698333335700e-01,2.340251364647485122e-01
6.142972698333335480e-01,2.342414702025731599e-01
6.144972698333315275e-01,2.344550847168342389e-01
6.146972698333330598e-01,2.346659727510946314e-01
6.148972698333330378e-01,2.348741269890873840e-01
6.150972698333330158e-01,2.350795400557902926e-01
6.152972698333334378e-01,2.352822045184913002e-01
6.154972698333340819e-01,2.354821128878752390e-01
6.156972698333340599e-01,2.356792576191300836e-01
6.158972698333329276e-01,2.358736311130658347e-01
6.160972698333337938e-01,2.360652257172516089e-01
6.162972698333322175e-01,2.362540337271542834e-01
6.164972698333330836e-01,2.364400473873175257e-01
6.166972698333323955e-01,2.366232588925219482e-01
6.168972698333339277e-01,2.368036603889919212e-01
6.170972698333339057e-01,2.369812439755867861e-01
6.172972698333341057e-01,2.371560017050307612e-01
6.174972698333340837e-01,2.373279255851374059e-01
6.176972698333325074e-01,2.374970075800552083e-01
6.178972698333327074e-01,2.376632396115282986e-01
6.180972698333320192e-01,2.378266135601574682e-01
6.182972698333328854e-01,2.379871212666899438e-01
6.184972698333321972e-01,2.381447545333032489e-01
6.186972698333341736e-01,2.382995051249199303e-01
6.188972698333341516e-01,2.384513647705100436e-01
6.190972698333336854e-01,2.386003251644284728e-01
6.192972698333347736e-01,2.387463779677481135e-01
6.194972698333327532e-01,2.388895148096011611e-01
6.196972698333336194e-01,2.390297272885490432e-01
6.198972698333327092e-01,2.391670069739337823e-01
6.200972698333337974e-01,2.393013454072678847e-01
6.202972698333331092e-01,2.394327341036091295e-01
6.204972698333335313e-01,2.395611645529643063e-01
6.206972698333346194e-01,2.396866282216855160e-01
6.208972698333337092e-01,2.398091165538830949e-01
6.210972698333336872e-01,2.399286209728496433e-01
6.212972698333316668e-01,2.400451328824800001e-01
6.214972698333336432e-01,2.401586436687155601e-01
6.216972698333333991e-01,2.402691447009737691e-01
6.218972698333331550e-01,2.403766273336090109e-01
6.220972698333335771e-01,2.404810829073626977e-01
6.222972698333331110e-01,2.405825027508254332e-01
6.224972698333337551e-01,2.406808781819086973e-01
6.226972698333335110e-01,2.407762005093138924e-01
6.228972698333337110e-01,2.408684610340171839e-01
6.230972698333323567e-01,2.409576510507511760e-01
6.232972698333325567e-01,2.410437618494982448e-01
6.234972698333327568e-01,2.411267847169815959e-01
6.236972698333331788e-01,2.412067109381682561e-01
6.238972698333333788e-01,2.412835317977701233e-01
6.240972698333335789e-01,2.413572385817540078e-01
6.242972698333337789e-01,2.414278225788515364e-01
6.244972698333328687e-01,2.414952750820737459e-01
6.246972698333330687e-01,2.415595873902314783e-01
6.248972698333328246e-01,2.416207508094527778e-01
6.250972698333336908e-01,2.416787566547094479e-01
6.252972698333325585e-01,2.417335962513408321e-01
6.254972698333340908e-01,2.417852609365850336e-01
6.256972698333340688e-01,2.418337420611043065e-01
6.258972698333333806e-01,2.418790309905212710e-01
6.260972698333342468e-01,2.419211191069496336e-01
6.262972698333328925e-01,2.419599978105279325e-01
6.264972698333330925e-01,2.419956585209569189e-01
6.266972698333324043e-01,2.420280926790320808e-01
6.268972698333334925e-01,2.420572917481828290e-01
6.270972698333325823e-01,2.420832472160055204e-01
6.272972698333336705e-01,2.421059505958026992e-01
6.274972698333343146e-01,2.421253934281162590e-01
6.276972698333338485e-01,2.421415672822644083e-01
6.278972698333347147e-01,2.421544637578751658e-01
6.280972698333324722e-01,2.421640744864194672e-01
6.282972698333335604e-01,2.421703911327442449e-01
6.284972698333328722e-01,2.421734053966016487e-01
6.286972698333330722e-01,2.421731090141790443e-01
6.288972698333339384e-01,2.421694937596244324e-01
6.290972698333339164e-01,2.421625514465727824e-01
6.292972698333338943e-01,2.421522739296669002e-01
6.294972698333334282e-01,2.421386531060777392e-01
6.296972698333336282e-01,2.421216809170206041e-01
6.298972698333318299e-01,2.421013493492701618e-01
6.300972698333335842e-01,2.420776504366683457e-01
6.302972698333328960e-01,2.420505762616349255e-01
6.304972698333328740e-01,2.420201189566675293e-01
6.306972698333332961e-01,2.419862707058426377e-01
6.308972698333334961e-01,2.419490237463106375e-01
6.310972698333339181e-01,2.419083703697872956e-01
6.312972698333327859e-01,2.418643029240396813e-01
6.314972698333336520e-01,2.418168138143673707e-01
6.316972698333327418e-01,2.417658955050820679e-01
6.318972698333327198e-01,2.417115405209764312e-01
6.320972698333324757e-01,2.416537414487924806e-01
6.322972698333335639e-01,2.415924909386824027e-01
6.324972698333339860e-01,2.415277817056653009e-01
6.326972698333335199e-01,2.414596065310752326e-01
6.328972698333334979e-01,2.413879582640061638e-01
6.330972698333328097e-01,2.413128298227495971e-01
6.332972698333330097e-01,2.412342141962254272e-01
6.334972698333323216e-01,2.411521044454081886e-01
6.336972698333336318e-01,2.410664937047431455e-01
6.338972698333324995e-01,2.409773751835619926e-01
6.340972698333340318e-01,2.408847421674803202e-01
6.342972698333342318e-01,2.407885880198030182e-01
6.344972698333337657e-01,2.406889061829085019e-01
6.346972698333348539e-01,2.405856901796324387e-01
6.348972698333328335e-01,2.404789336146470335e-01
6.350972698333336997e-01,2.403686301758187760e-01
6.352972698333325674e-01,2.402547736355802876e-01
6.354972698333336556e-01,2.401373578522694729e-01
6.356972698333331895e-01,2.400163767714831031e-01
6.358972698333331675e-01,2.398918244274030331e-01
6.360972698333344777e-01,2.397636949441274146e-01
6.362972698333340116e-01,2.396319825369894463e-01
6.364972698333337675e-01,2.394966815138608873e-01
6.366972698333319691e-01,2.393577862764581510e-01
6.368972698333339455e-01,2.392152913216260002e-01
6.370972698333330353e-01,2.390691912426324006e-01
6.372972698333330133e-01,2.389194807304266810e-01
6.374972698333341015e-01,2.387661545749115433e-01
6.376972698333331913e-01,2.386092076661982253e-01
6.378972698333345015e-01,2.384486349958423179e-01
6.380972698333335913e-01,2.382844316580905730e-01
6.382972698333331252e-01,2.381165928510941554e-01
6.384972698333319929e-01,2.379451138781318309e-01
6.386972698333335252e-01,2.377699901488082579e-01
6.388972698333330591e-01,2.375912171802595230e-01
6.390972698333330371e-01,2.374087905983248425e-01
6.392972698333332371e-01,2.372227061387293667e-01
6.394972698333334371e-01,2.370329596482457502e-01
6.396972698333336371e-01,2.368395470858472296e-01
6.398972698333325049e-01,2.366424645238524582e-01
6.400972698333331490e-01,2.364417081490510497e-01
6.402972698333329049e-01,2.362372742638357836e-01
6.404972698333331049e-01,2.360291592873032807e-01
6.406972698333326388e-01,2.358173597563593960e-01
6.408972698333343931e-01,2.356018723268016868e-01
6.410972698333339270e-01,2.353826937744085412e-01
6.412972698333336830e-01,2.351598209959901431e-01
6.414972698333341050e-01,2.349332510104526484e-01
6.416972698333329728e-01,2.347029809598432937e-01
6.418972698333329507e-01,2.344690081103731893e-01
6.420972698333324846e-01,2.342313298534489663e-01
6.422972698333333508e-01,2.339899437066731980e-01
6.424972698333328847e-01,2.337448473148502348e-01
6.426972698333335288e-01,2.334960384509619513e-01
6.428972698333339508e-01,2.332435150171514315e-01
6.430972698333339288e-01,2.329872750456796204e-01
6.432972698333343509e-01,2.327273166998763410e-01
6.434972698333325525e-01,2.324636382750835395e-01
6.436972698333336407e-01,2.321962381995678892e-01
6.438972698333327305e-01,2.319251150354588453e-01
6.440972698333333746e-01,2.316502674796254990e-01
6.442972698333337966e-01,2.313716943645863777e-01
6.444972698333337746e-01,2.310893946593778892e-01
6.446972698333339746e-01,2.308033674704206839e-01
6.448972698333330644e-01,2.305136120423774138e-01
6.450972698333332644e-01,2.302201277589864536e-01
6.452972698333319101e-01,2.299229141439024793e-01
6.454972698333334424e-01,2.296219708614952726e-01
6.456972698333327543e-01,2.293172977176790306e-01
6.458972698333331763e-01,2.290088946606760323e-01
6.460972698333338204e-01,2.286967617818155274e-01
6.462972698333337984e-01,2.283808993162932677e-01
6.464972698333337764e-01,2.280613076439230169e-01
6.466972698333333103e-01,2.277379872898819824e-01
6.468972698333335103e-01,2.274109389254345137e-01
6.470972698333323780e-01,2.270801633686562182e-01
6.472972698333330221e-01,2.267456615851227153e-01
6.474972698333325560e-01,2.264074346886187916e-01
6.476972698333334222e-01,2.260654839417969852e-01
6.478972698333334002e-01,2.257198107568587353e-01
6.480972698333340443e-01,2.253704166961918443e-01
6.482972698333333561e-01,2.250173034730223454e-01
6.484972698333328900e-01,2.246604729520280674e-01
6.486972698333330900e-01,2.242999271499592773e-01
6.488972698333328459e-01,2.239356682362403372e-01
6.490972698333339341e-01,2.235676985335486311e-01
6.492972698333323578e-01,2.231960205184045920e-01
6.494972698333338901e-01,2.228206368217038880e-01
6.496972698333340901e-01,2.224415502293029256e-01
6.498972698333338460e-01,2.220587636825247235e-01
6.500972698333340460e-01,2.216722802786912083e-01
6.502972698333326917e-01,2.212821032716371650e-01
6.504972698333337799e-01,2.208882360721892701e-01
6.506972698333326477e-01,2.204906822486768503e-01
6.508972698333335138e-01,2.200894455273674222e-01
6.510972698333330477e-01,2.196845297929553020e-01
6.512972698333332477e-01,2.192759390889791604e-01
6.514972698333338919e-01,2.188636776182673049e-01
6.516972698333340919e-01,2.184477497433510995e-01
6.518972698333338478e-01,2.180281599868655329e-01
6.520972698333324935e-01,2.176049130319431257e-01
6.522972698333340258e-01,2.171780137225793605e-01
6.524972698333328935e-01,2.167474670640265888e-01
6.526972698333330936e-01,2.163132782231046158e-01
6.528972698333339597e-01,2.158754525285679349e-01
6.530972698333332715e-01,2.154339954714234451e-01
6.532972698333336936e-01,2.149889127052271864e-01
6.534972698333334495e-01,2.145402100464023354e-01
6.536972698333336496e-01,2.140878934745067408e-01
6.538972698333322953e-01,2.136319691325181402e-01
6.540972698333336055e-01,2.131724433270696384e-01
6.542972698333329173e-01,2.127093225287291500e-01
6.544972698333328953e-01,2.122426133721925789e-01
6.546972698333337615e-01,2.117723226565243477e-01
6.548972698333332954e-01,2.112984573453612069e-01
6.550972698333332733e-01,2.108210245670882610e-01
6.552972698333323631e-01,2.103400316150332572e-01
6.554972698333336734e-01,2.098554859476126633e-01
6.556972698333323191e-01,2.093673951885119400e-01
6.558972698333334073e-01,2.088757671267801042e-01
6.560972698333324971e-01,2.083806097170003424e-01
6.562972698333344734e-01,2.078819310793552644e-01
6.564972698333335632e-01,2.073797394997728694e-01
6.566972698333335412e-01,2.068740434299601583e-01
6.568972698333335192e-01,2.063648514875091045e-01
6.570972698333326090e-01,2.058521724559420063e-01
6.572972698333330310e-01,2.053360152847471809e-01
6.574972698333325649e-01,2.048163890894275918e-01
6.576972698333334311e-01,2.042933031514960474e-01
6.578972698333322988e-01,2.037667669185030950e-01
6.580972698333333870e-01,2.032367900039937503e-01
6.582972698333340311e-01,2.027033821875206254e-01
6.584972698333337870e-01,2.021665534145843379e-01
6.586972698333342091e-01,2.016263137965821350e-01
6.588972698333328548e-01,2.010826736107612089e-01
6.590972698333334989e-01,2.005356433001131977e-01
6.592972698333328108e-01,1.999852334733193959e-01
6.594972698333336769e-01,1.994314549046107277e-01
6.596972698333336549e-01,1.988743185336814268e-01
6.598972698333334108e-01,1.983138354655344660e-01
6.600972698333338329e-01,1.977500169703450827e-01
6.602972698333333668e-01,1.971828744833104274e-01
6.604972698333331227e-01,1.966124196044633510e-01
6.606972698333315464e-01,1.960386640985025131e-01
6.608972698333335227e-01,1.954616198945680061e-01
6.610972698333335007e-01,1.948812990860780969e-01
6.612972698333332566e-01,1.942977139304526146e-01
6.614972698333339007e-01,1.937108768488967625e-01
6.616972698333336567e-01,1.931208004261562028e-01
6.618972698333336346e-01,1.925274974102335890e-01
6.620972698333331685e-01,1.919309807121235001e-01
6.622972698333335906e-01,1.913312634055087669e-01
6.624972698333324583e-01,1.907283587264708702e-01
6.626972698333331024e-01,1.901222800731427742e-01
6.628972698333328584e-01,1.895130410054101655e-01
6.630972698333335025e-01,1.889006552445344489e-01
6.632972698333332584e-01,1.882851366728163500e-01
6.634972698333336805e-01,1.876664993332021469e-01
6.636972698333329923e-01,1.870447574289165193e-01
6.638972698333327482e-01,1.864199253230425790e-01
6.640972698333329483e-01,1.857920175381225225e-01
6.642972698333329262e-01,1.851610487557284190e-01
6.644972698333340144e-01,1.845270338160122925e-01
6.646972698333331042e-01,1.838899877172737729e-01
6.648972698333341924e-01,1.832499256154547784e-01
6.650972698333341704e-01,1.826068628237048630e-01
6.652972698333337043e-01,1.819608148118515289e-01
6.654972698333336822e-01,1.813117972059043181e-01
6.656972698333323279e-01,1.806598257875430824e-01
6.658972698333336382e-01,1.800049164935559332e-01
6.660972698333329500e-01,1.793470854153384197e-01
6.662972698333335941e-01,1.786863487982783549e-01
6.664972698333331280e-01,1.780227230412258499e-01
6.666972698333335501e-01,1.773562246958722000e-01
6.668972698333339721e-01,1.766868704661724576e-01
6.670972698333332840e-01,1.760146772077225141e-01
6.672972698333339281e-01,1.753396619271180290e-01
6.674972698333325738e-01,1.746618417813448620e-01
6.676972698333341061e-01,1.739812340770772736e-01
6.678972698333331959e-01,1.732978562700724923e-01
6.680972698333331738e-01,1.726117259644256163e-01
6.682972698333340400e-01,1.719228609119161644e-01
6.684972698333333518e-01,1.712312790112973937e-01
6.686972698333331078e-01,1.705369983075520068e-01
6.688972698333335298e-01,1.698400369911794716e-01
6.690972698333335078e-01,1.691404133974476198e-01
6.692972698333325976e-01,1.684381460056248725e-01
6.694972698333336858e-01,1.677332534381978379e-01
6.696972698333334417e-01,1.670257544601182476e-01
6.698972698333323095e-01,1.663156679779677349e-01
6.700972698333338418e-01,1.656030130391475397e-01
6.702972698333338197e-01,1.648878088310915535e-01
6.704972698333333536e-01,1.641700746803802513e-01
6.706972698333331095e-01,1.634498300519100777e-01
6.708972698333339757e-01,1.627270945480255304e-01
6.710972698333330655e-01,1.620018879076560447e-01
6.712972698333337096e-01,1.612742300053892630e-01
6.714972698333327994e-01,1.605441408506128875e-01
6.716972698333341096e-01,1.598116405865502021e-01
6.718972698333340876e-01,1.590767494893819967e-01
6.720972698333331774e-01,1.583394879672633260e-01
6.722972698333331554e-01,1.575998765593785989e-01
6.724972698333326893e-01,1.568579359349892566e-01
6.726972698333331113e-01,1.561136868924333232e-01
6.728972698333324232e-01,1.553671503581538216e-01
6.730972698333332893e-01,1.546183473856633517e-01
6.732972698333326012e-01,1.538672991545655400e-01
6.734972698333339114e-01,1.531140269694767075e-01
6.736972698333338894e-01,1.523585522590342467e-01
6.738972698333334233e-01,1.516008965747984716e-01
6.740972698333342894e-01,1.508410815901976010e-01
6.742972698333324910e-01,1.500791290994721028e-01
6.744972698333340233e-01,1.493150610165220882e-01
6.746972698333328911e-01,1.485488993738857122e-01
6.748972698333330911e-01,1.477806663215382177e-01
6.750972698333335131e-01,1.470103841258201260e-01
6.752972698333330470e-01,1.462380751682760549e-01
6.754972698333339132e-01,1.454637619444878460e-01
6.756972698333332250e-01,1.446874670629422766e-01
6.758972698333340912e-01,1.439092132438095917e-01
6.760972698333318487e-01,1.431290233178078020e-01
6.762972698333340471e-01,1.423469202249237064e-01
6.764972698333338030e-01,1.415629270133032525e-01
6.766972698333331149e-01,1.407770668379362822e-01
6.768972698333339810e-01,1.399893629594540501e-01
6.770972698333330708e-01,1.391998387429027872e-01
6.772972698333334929e-01,1.384085176564374964e-01
6.774972698333332488e-01,1.376154232700965430e-01
6.776972698333336709e-01,1.368205792544860411e-01
6.778972698333329827e-01,1.360240093795118121e-01
6.780972698333331827e-01,1.352257375130470896e-01
6.782972698333329387e-01,1.344257876196447710e-01
6.784972698333331387e-01,1.336241837591883863e-01
6.786972698333335607e-01,1.328209500855671854e-01
6.788972698333330946e-01,1.320161108453265508e-01
6.790972698333330726e-01,1.312096903762946520e-01
6.792972698333326065e-01,1.304017131062307766e-01
6.794972698333332506e-01,1.295922035514254778e-01
6.796972698333330065e-01,1.287811863153329184e-01
6.798972698333336506e-01,1.279686860871392939e-01
6.800972698333329625e-01,1.271547276403812987e-01
6.802972698333340507e-01,1.263393358314862380e-01
6.804972698333340286e-01,1.255225355983838886e-01
6.806972698333331184e-01,1.247043519590274874e-01
6.808972698333337625e-01,1.238848100099432109e-01
6.810972698333324082e-01,1.230639349248013603e-01
6.812972698333332744e-01,1.222417519528867652e-01
6.814972698333328083e-01,1.214182864176801963e-01
6.816972698333336744e-01,1.205935637153086049e-01
6.818972698333327642e-01,1.197676093130931041e-01
6.820972698333340745e-01,1.189404487479845118e-01
6.822972698333338304e-01,1.181121076251049340e-01
6.824972698333333643e-01,1.172826116161646698e-01
6.826972698333344525e-01,1.164519864579434127e-01
6.828972698333324320e-01,1.156202579507712436e-01
6.830972698333335202e-01,1.147874519569005297e-01
6.832972698333334982e-01,1.139535943990297451e-01
6.834972698333330321e-01,1.131187112586660437e-01
6.836972698333343423e-01,1.122828285745576665e-01
6.838972698333334321e-01,1.114459724411356184e-01
6.840972698333334101e-01,1.106081690068600881e-01
6.842972698333331660e-01,1.097694444726610569e-01
6.844972698333335881e-01,1.089298250902979992e-01
6.846972698333322338e-01,1.080893371607598019e-01
6.848972698333331000e-01,1.072480070325941975e-01
6.850972698333333000e-01,1.064058611003258770e-01
6.852972698333328339e-01,1.055629258027710460e-01
6.854972698333337000e-01,1.047192276213886608e-01
6.856972698333336780e-01,1.038747930786476092e-01
6.858972698333336560e-01,1.030296487363296515e-01
6.860972698333327457e-01,1.021838211938768809e-01
6.862972698333336119e-01,1.013373370866894746e-01
6.864972698333329237e-01,1.004902230844797739e-01
6.866972698333331238e-01,9.964250588952995591e-02
6.868972698333324356e-01,9.879421223503519200e-02
6.870972698333335238e-01,9.794536888336197178e-02
6.872972698333335018e-01,9.709600262437964591e-02
6.874972698333332577e-01,9.624614027370394231e-02
6.876972698333330136e-01,9.539580867099335670e-02
6.878972698333327696e-01,9.454503467821957774e-02
6.880972698333329696e-01,9.369384517793113987e-02
6.882972698333325035e-01,9.284226707152398728e-02
6.884972698333333696e-01,9.199032727747788463e-02
6.886972698333329035e-01,9.113805272964159432e-02
6.888972698333344358e-01,9.028547037543437070e-02
6.890972698333335256e-01,8.943260717414749927e-02
6.892972698333335035e-01,8.857949009511623117e-02
6.894972698333343697e-01,8.772614611600135226e-02
6.896972698333325713e-01,8.687260222102033413e-02
6.898972698333336595e-01,8.601888539911946296e-02
6.900972698333331934e-01,8.516502264227827912e-02
6.902972698333336155e-01,8.431104094365676760e-02
6.904972698333333714e-01,8.345696729585762308e-02
6.906972698333331273e-01,8.260282868911258958e-02
6.908972698333342155e-01,8.174865210949915084e-02
6.910972698333335273e-01,8.089446453716929442e-02
6.912972698333339494e-01,8.004029294450956677e-02
6.914972698333317069e-01,7.918616429439738480e-02
6.916972698333339054e-01,7.833210553832618828e-02
6.918972698333334392e-01,7.747814361471017097e-02
6.920972698333336393e-01,7.662430544697571011e-02
6.922972698333345054e-01,7.577061794181425003e-02
6.924972698333329291e-01,7.491710798737447052e-02
6.926972698333335732e-01,7.406380245140774254e-02
6.928972698333331071e-01,7.321072817952589684e-02
6.930972698333335291e-01,7.235791199333441170e-02
6.932972698333328410e-01,7.150538068866113539e-02
6.934972698333332630e-01,7.065316103370983258e-02
6.936972698333332410e-01,6.980127976728281447e-02
6.938972698333329969e-01,6.894976359694529600e-02
6.940972698333336410e-01,6.809863919721739767e-02
6.942972698333333970e-01,6.724793320777912309e-02
6.944972698333329308e-01,6.639767223163636767e-02
6.946972698333329088e-01,6.554788283332133036e-02
6.948972698333328868e-01,6.469859153708773514e-02
6.950972698333330868e-01,6.384982482509504731e-02
6.952972698333335089e-01,6.300160913560511056e-02
6.954972698333332648e-01,6.215397086117973452e-02
6.956972698333343530e-01,6.130693634686058130e-02
6.958972698333341089e-01,6.046053188839925485e-02
6.960972698333331987e-01,5.961478373042384399e-02
6.962972698333336208e-01,5.876971806464945797e-02
6.964972698333327106e-01,5.792536102810887794e-02
6.966972698333331326e-01,5.708173870131768440e-02
6.968972698333328886e-01,5.623887710652728661e-02
6.970972698333335327e-01,5.539680220590384452e-02
6.972972698333328445e-01,5.455553989977594137e-02
6.974972698333337107e-01,5.371511602481811309e-02
6.976972698333336886e-01,5.287555635231876161e-02
6.978972698333334446e-01,5.203688658637289216e-02
6.980972698333343107e-01,5.119913236212493557e-02
6.982972698333322903e-01,5.036231924403038879e-02
6.984972698333336005e-01,4.952647272403205847e-02
6.986972698333333565e-01,4.869161821989548972e-02
6.988972698333331124e-01,4.785778107338627130e-02
6.990972698333342006e-01,4.702498654855456067e-02
6.992972698333335124e-01,4.619325983001373870e-02
6.994972698333334904e-01,4.536262602116655773e-02
6.996972698333332463e-01,4.453311014251465361e-02
6.998972698333334463e-01,4.370473712991750082e-02
7.000972698333320920e-01,4.287753183289513825e-02
7.002972698333334023e-01,4.205151901288305821e-02
7.004972698333333803e-01,4.122672334159014490e-02
7.006972698333329141e-01,4.040316939924979561e-02
7.008972698333340023e-01,3.958088167294760568e-02
7.010972698333337583e-01,3.875988455496558877e-02
7.012972698333335142e-01,3.794020234107163547e-02
7.014972698333328260e-01,3.712185922887860368e-02
7.016972698333336922e-01,3.630487931616959568e-02
7.018972698333327820e-01,3.548928659928015511e-02
7.020972698333329820e-01,3.467510497140995074e-02
7.022972698333327379e-01,3.386235822103340204e-02
7.024972698333333820e-01,3.305107003024586321e-02
7.026972698333335821e-01,3.224126397317095272e-02
7.028972698333335600e-01,3.143296351433733787e-02
7.030972698333330939e-01,3.062619200708987383e-02
7.032972698333326278e-01,2.982097269199794620e-02
7.034972698333328278e-01,2.901732869527958586e-02
7.036972698333328058e-01,2.821528302724054388e-02
7.038972698333336719e-01,2.741485858070265638e-02
7.040972698333327617e-01,2.661607812947910934e-02
7.042972698333340720e-01,2.581896432679610387e-02
7.044972698333340499e-01,2.502353970382287934e-02
7.046972698333338059e-01,2.422982666810774566e-02
7.048972698333342279e-01,2.343784750209301077e-02
7.050972698333328736e-01,2.264762436163404030e-02
7.052972698333339618e-01,2.185917927447785652e-02
7.054972698333328296e-01,2.107253413885441795e-02
7.056972698333336957e-01,2.028771072194816838e-02
7.058972698333330076e-01,1.950473065851696108e-02
7.060972698333332076e-01,1.872361544940389505e-02
7.062972698333340738e-01,1.794438646014932803e-02
7.064972698333336076e-01,1.716706491957778469e-02
7.066972698333340297e-01,1.639167191837824153e-02
7.068972698333320093e-01,1.561822840775786703e-02
7.070972698333339856e-01,1.484675519801239435e-02
7.072972698333330754e-01,1.407727295725762565e-02
7.074972698333330534e-01,1.330980220999276528e-02
7.076972698333343637e-01,1.254436333582407449e-02
7.078972698333332314e-01,1.178097656815122775e-02
7.080972698333336535e-01,1.101966199281884454e-02
7.082972698333336314e-01,1.026043954688021960e-02
7.084972698333336094e-01,9.503329017290862782e-03
7.086972698333326992e-01,8.748350039662764616e-03
7.088972698333337874e-01,7.995522096999671882e-03
7.090972698333330992e-01,7.244864518505694274e-03
7.092972698333328552e-01,6.496396478322227948e-03
7.094972698333339434e-01,5.750136994354393405e-03
7.096972698333332552e-01,5.006104927095831464e-03
7.098972698333330111e-01,4.264318978423629024e-03
7.100972698333323230e-01,3.524797690475390925e-03
7.102972698333331891e-01,2.787559444487853859e-03
7.104972698333327230e-01,2.052622459702770248e-03
7.106972698333333671e-01,1.320004792222188514e-03
7.108972698333329010e-01,5.897243339540196236e-04
7.110972698333339892e-01,-1.382011884974009702e-04
7.112972698333339672e-01,-8.637542148525381019e-04
7.114972698333335011e-01,-1.586917352229868725e-03
7.116972698333337011e-01,-2.307673376160460955e-03
7.118972698333327909e-01,-3.026005231584335056e-03
7.120972698333334350e-01,-3.741896033868236104e-03
7.122972698333327468e-01,-4.455329069743947656e-03
7.124972698333331689e-01,-5.166287798304626706e-03
7.126972698333324807e-01,-5.874755851908742069e-03
7.128972698333331248e-01,-6.580717037135929565e-03
7.130972698333339910e-01,-7.284155335662258896e-03
7.132972698333335249e-01,-7.985054905159112704e-03
7.134972698333341690e-01,-8.683400080177601510e-03
7.136972698333323706e-01,-9.379175372965446733e-03
7.138972698333336808e-01,-1.007236547435309132e-02
7.140972698333327706e-01,-1.076295525449957359e-02
7.142972698333331927e-01,-1.145092976375840753e-02
7.144972698333338368e-01,-1.213627423340962221e-02
7.146972698333333707e-01,-1.281897407643558390e-02
7.148972698333337927e-01,-1.349901488827524518e-02
7.150972698333331046e-01,-1.417638244752247173e-02
7.152972698333330825e-01,-1.485106271665716238e-02
7.154972698333319503e-01,-1.552304184270645974e-02
7.156972698333332605e-01,-1.619230615794168063e-02
7.158972698333332385e-01,-1.685884218048411959e-02
7.160972698333329944e-01,-1.752263661497477365e-02
7.162972698333340826e-01,-1.818367635316989195e-02
7.164972698333336165e-01,-1.884194847451529584e-02
7.166972698333338165e-01,-1.949744024674961163e-02
7.168972698333331284e-01,-2.015013912642736257e-02
7.170972698333335504e-01,-2.080003275947570410e-02
7.172972698333326402e-01,-2.144710898168193311e-02
7.174972698333330623e-01,-2.209135581921817595e-02
7.176972698333328182e-01,-2.273276148908434657e-02
7.178972698333336844e-01,-2.337131439958994861e-02
7.180972698333341064e-01,-2.400700315076620406e-02
7.182972698333336403e-01,-2.463981653479574777e-02
7.184972698333329522e-01,-2.526974353640804027e-02
7.186972698333329301e-01,-2.589677333325208011e-02
7.188972698333329081e-01,-2.652089529624681793e-02
7.190972698333328861e-01,-2.714209898992401421e-02
7.192972698333335302e-01,-2.776037417274425378e-02
7.194972698333328420e-01,-2.837571079738254731e-02
7.196972698333341523e-01,-2.898809901102914269e-02
7.198972698333345743e-01,-2.959752915560984188e-02
7.200972698333341082e-01,-3.020399176805013339e-02
7.202972698333340862e-01,-3.080747758048598545e-02
7.204972698333325098e-01,-3.140797752044568319e-02
7.206972698333338201e-01,-3.200548271105483483e-02
7.208972698333329099e-01,-3.259998447114399039e-02
7.210972698333331099e-01,-3.319147431543792437e-02
7.212972698333333099e-01,-3.377994395463240068e-02
7.214972698333335099e-01,-3.436538529550592358e-02
7.216972698333339320e-01,-3.494779044099213805e-02
7.218972698333336879e-01,-3.552715169023074743e-02
7.220972698333341100e-01,-3.610346153861190149e-02
7.222972698333320896e-01,-3.667671267777182498e-02
7.224972698333333998e-01,-3.724689799562519443e-02
7.226972698333331557e-01,-3.781401057628407114e-02
7.228972698333331337e-01,-3.837804370006120402e-02
7.230972698333348880e-01,-3.893899084338516697e-02
7.232972698333335337e-01,-3.949684567869676810e-02
7.234972698333335117e-01,-4.005160207438777931e-02
7.236972698333339338e-01,-4.060325409463395180e-02
7.238972698333336897e-01,-4.115179599926367671e-02
7.240972698333323354e-01,-4.169722224359496965e-02
7.242972698333332016e-01,-4.223952747825810566e-02
7.244972698333329575e-01,-4.277870654896211849e-02
7.246972698333324914e-01,-4.331475449629918623e-02
7.248972698333340237e-01,-4.384766655549172248e-02
7.250972698333340016e-01,-4.437743815610897119e-02
7.252972698333330914e-01,-4.490406492180944176e-02
7.254972698333328474e-01,-4.542754267002813845e-02
7.256972698333334915e-01,-4.594786741164720578e-02
7.258972698333323592e-01,-4.646503535064942791e-02
7.260972698333332254e-01,-4.697904288377995063e-02
7.262972698333327592e-01,-4.748988660012965629e-02
7.264972698333340695e-01,-4.799756328076935918e-02
7.266972698333344916e-01,-4.850206989829836807e-02
7.268972698333333593e-01,-4.900340361642513409e-02
7.270972698333331152e-01,-4.950156178951170549e-02
7.272972698333328712e-01,-4.999654196208033752e-02
7.274972698333328491e-01,-5.048834186832858867e-02
7.276972698333321610e-01,-5.097695943160886201e-02
7.278972698333332492e-01,-5.146239276390561501e-02
7.280972698333323390e-01,-5.194464016526003508e-02
7.282972698333340933e-01,-5.242370012323453732e-02
7.284972698333340713e-01,-5.289957131228142928e-02
7.286972698333338272e-01,-5.337225259317174980e-02
7.288972698333342493e-01,-5.384174301235329640e-02
7.290972698333328950e-01,-5.430804180130056891e-02
7.292972698333330950e-01,-5.477114837587427482e-02
7.294972698333324068e-01,-5.523106233561451972e-02
7.296972698333332730e-01,-5.568778346306793581e-02
7.298972698333336950e-01,-5.614131172305075745e-02
7.300972698333336730e-01,-5.659164726193099959e-02
7.302972698333340951e-01,-5.703879040687527546e-02
7.304972698333336290e-01,-5.748274166507449240e-02
7.306972698333336069e-01,-5.792350172296958227e-02
7.308972698333315865e-01,-5.836107144543551534e-02
7.310972698333335629e-01,-5.879545187498927405e-02
7.312972698333330968e-01,-5.922664423090848174e-02
7.314972698333332968e-01,-5.965464990842701126e-02
7.316972698333339409e-01,-6.007947047783807754e-02
7.318972698333339189e-01,-6.050110768361447594e-02
7.320972698333336748e-01,-6.091956344351200092e-02
7.322972698333336528e-01,-6.133483984764843966e-02
7.324972698333340748e-01,-6.174693915756977736e-02
7.326972698333329426e-01,-6.215586380529628668e-02
7.328972698333333646e-01,-6.256161639237280137e-02
7.330972698333328985e-01,-6.296419968886604601e-02
7.332972698333328765e-01,-6.336361663238752884e-02
7.334972698333335206e-01,-6.375987032707278179e-02
7.336972698333334986e-01,-6.415296404255386997e-02
7.338972698333330325e-01,-6.454290121292459437e-02
7.340972698333332325e-01,-6.492968543568330975e-02
7.342972698333332104e-01,-6.531332047065668833e-02
7.344972698333327443e-01,-6.569381023892030547e-02
7.346972698333338325e-01,-6.607115882170211396e-02
7.348972698333327003e-01,-6.644537045925467955e-02
7.350972698333342326e-01,-6.681644954975496375e-02
7.352972698333344326e-01,-6.718440064813088752e-02
7.354972698333339665e-01,-6.754922846493252586e-02
7.356972698333339444e-01,-6.791093786515632613e-02
7.358972698333323681e-01,-6.826953386705812699e-02
7.360972698333332342e-01,-6.862502164097553092e-02
7.362972698333327681e-01,-6.897740650809716656e-02
7.364972698333331902e-01,-6.932669393926738088e-02
7.366972698333327241e-01,-6.967288955373741877e-02
7.368972698333340343e-01,-7.001599911793603137e-02
7.370972698333342343e-01,-7.035602854419634178e-02
7.372972698333335462e-01,-7.069298388950287504e-02
7.374972698333341903e-01,-7.102687135421008324e-02
7.376972698333323919e-01,-7.135769728073793061e-02
7.378972698333332580e-01,-7.168546815229448477e-02
7.380972698333327919e-01,-7.201019059153264401e-02
7.382972698333329920e-01,-7.233187135925081557e-02
7.384972698333340801e-01,-7.265051735304522973e-02
7.386972698333336140e-01,-7.296613560596310055e-02
7.388972698333333700e-01,-7.327873328515795148e-02
7.390972698333337920e-01,-7.358831769051485394e-02
7.392972698333335480e-01,-7.389489625327391731e-02
7.394972698333321937e-01,-7.419847653464956005e-02
7.396972698333330598e-01,-7.449906622443945581e-02
7.398972698333332598e-01,-7.479667313960546016e-02
7.400972698333325717e-01,-7.509130522287403575e-02
7.402972698333341040e-01,-7.538297054131481989e-02
7.404972698333340819e-01,-7.567167728489529455e-02
7.406972698333333938e-01,-7.595743376505839639e-02
7.408972698333329276e-01,-7.624024841326842994e-02
7.410972698333337938e-01,-7.652012977955613415e-02
7.412972698333324395e-01,-7.679708653104888594e-02
7.414972698333333057e-01,-7.707112745051768188e-02
7.416972698333323955e-01,-7.734226143487624161e-02
7.418972698333337057e-01,-7.761049749371881634e-02
7.420972698333339057e-01,-7.787584474780698263e-02
7.422972698333334396e-01,-7.813831242758631501e-02
7.424972698333331955e-01,-7.839790987167633007e-02
7.426972698333329514e-01,-7.865464652535716916e-02
7.428972698333331515e-01,-7.890853193905442153e-02
7.430972698333322413e-01,-7.915957576681244279e-02
7.432972698333331074e-01,-7.940778776477361300e-02
7.434972698333321972e-01,-7.965317778963039441e-02
7.436972698333339515e-01,-7.989575579710372910e-02
7.438972698333341516e-01,-8.013553184037837396e-02
7.440972698333336854e-01,-8.037251606857051534e-02
7.442972698333345516e-01,-8.060671872516937675e-02
7.444972698333327532e-01,-8.083815014647099950e-02
7.446972698333336194e-01,-8.106682076003429716e-02
7.448972698333327092e-01,-8.129274108309311742e-02
7.450972698333337974e-01,-8.151592172100785572e-02
7.452972698333331092e-01,-8.173637336567475542e-02
7.454972698333335313e-01,-8.195410679396594733e-02
7.456972698333341754e-01,-8.216913286613938827e-02
7.458972698333337092e-01,-8.238146252426087335e-02
7.460972698333336872e-01,-8.259110679062389715e-02
7.462972698333316668e-01,-8.279807676615605350e-02
7.464972698333336432e-01,-8.300238362884376775e-02
7.466972698333333991e-01,-8.320403863212097462e-02
7.468972698333331550e-01,-8.340305310329895749e-02
7.470972698333340212e-01,-8.359943844196321416e-02
7.472972698333335551e-01,-8.379320611837726140e-02
7.474972698333333110e-01,-8.398436767189509933e-02
7.476972698333335110e-01,-8.417293470935993671e-02
7.478972698333337110e-01,-8.435891890350902256e-02
7.480972698333328008e-01,-8.454233199137708987e-02
7.482972698333332229e-01,-8.472318577270354645e-02
7.484972698333332009e-01,-8.490149210832929894e-02
7.486972698333331788e-01,-8.507726291860678858e-02
7.488972698333338229e-01,-8.525051018180235252e-02
7.490972698333333568e-01,-8.542124593250027820e-02
7.492972698333328907e-01,-8.558948226001321380e-02
7.494972698333328687e-01,-8.575523130678763817e-02
7.496972698333332907e-01,-8.591850526681305000e-02
7.498972698333328246e-01,-8.607931638403236441e-02
7.500972698333336908e-01,-8.623767695075923445e-02
7.502972698333325585e-01,-8.639359930608543625e-02
7.504972698333340908e-01,-8.654709583430936215e-02
7.506972698333340688e-01,-8.669817896334272578e-02
7.508972698333336027e-01,-8.684686116314462023e-02
7.510972698333338027e-01,-8.699315494414286420e-02
7.512972698333328925e-01,-8.713707285566110738e-02
7.514972698333330925e-01,-8.727862748435623319e-02
7.516972698333324043e-01,-8.741783145264844790e-02
7.518972698333334925e-01,-8.755469741716725984e-02
7.520972698333325823e-01,-8.768923806718775804e-02
7.522972698333338926e-01,-8.782146612308844302e-02
7.524972698333336485e-01,-8.795139433479301494e-02
7.526972698333338485e-01,-8.807903548023654494e-02
7.528972698333344926e-01,-8.820440236382244559e-02
7.530972698333326942e-01,-8.832750781488866998e-02
7.532972698333335604e-01,-8.844836468618696990e-02
7.534972698333328722e-01,-8.856698585234977494e-02
7.536972698333330722e-01,-8.868338420838289826e-02
7.538972698333334943e-01,-8.879757266814902739e-02
7.540972698333339164e-01,-8.890956416286482922e-02
7.542972698333336723e-01,-8.901937163960142729e-02
7.544972698333334282e-01,-8.912700805979353880e-02
7.546972698333340723e-01,-8.923248639775246960e-02
7.548972698333318299e-01,-8.933581963918497959e-02
7.550972698333335842e-01,-8.943702077972875975e-02
7.552972698333328960e-01,-8.953610282347566895e-02
7.554972698333328740e-01,-8.963307878152512731e-02
7.556972698333341842e-01,-8.972796167052846106e-02
7.558972698333339402e-01,-8.982076451124550165e-02
7.560972698333336961e-01,-8.991150032711411888e-02
7.562972698333327859e-01,-9.000018214282032303e-02
7.564972698333340961e-01,-9.008682298288248069e-02
7.566972698333322978e-01,-9.017143587023611351e-02
7.568972698333331639e-01,-9.025403382484062376e-02
7.570972698333324757e-01,-9.033462986227794311e-02
7.572972698333335639e-01,-9.041323699237542588e-02
7.574972698333337640e-01,-9.048986821782588341e-02
7.576972698333335199e-01,-9.056453653282528493e-02
7.578972698333330538e-01,-9.063725492171539888e-02
7.580972698333330317e-01,-9.070803635763705075e-02
7.582972698333330097e-01,-9.077689380119256801e-02
7.584972698333320995e-01,-9.084384019911877217e-02
7.586972698333336318e-01,-9.090888848297126734e-02
7.588972698333320555e-01,-9.097205156781296154e-02
7.590972698333340318e-01,-9.103334235092430671e-02
7.592972698333342318e-01,-9.109277371050884808e-02
7.594972698333339878e-01,-9.115035850442361476e-02
7.596972698333344098e-01,-9.120610956891171683e-02
7.598972698333328335e-01,-9.126003971734714115e-02
7.600972698333336997e-01,-9.131216173899460442e-02
7.602972698333325674e-01,-9.136248839777336150e-02
7.604972698333336556e-01,-9.141103243104070630e-02
7.606972698333327454e-01,-9.145780654837873391e-02
7.608972698333336115e-01,-9.150282343040003208e-02
7.610972698333340336e-01,-9.154609572755868785e-02
7.612972698333335675e-01,-9.158763605897751736e-02
7.614972698333339896e-01,-9.162745701128580111e-02
7.616972698333319691e-01,-9.166557113746741370e-02
7.618972698333335014e-01,-9.170199095572544035e-02
7.620972698333330353e-01,-9.173672894835219194e-02
7.622972698333336794e-01,-9.176979756061962035e-02
7.624972698333343235e-01,-9.180120919967588167e-02
7.626972698333334133e-01,-9.183097623345762295e-02
7.628972698333336133e-01,-9.185911098961513366e-02
7.630972698333335913e-01,-9.188562575444808589e-02
7.632972698333337913e-01,-9.191053277185670667e-02
7.634972698333324370e-01,-9.193384424230401086e-02
7.636972698333335252e-01,-9.195557232179368823e-02
7.638972698333330591e-01,-9.197572912085749675e-02
7.640972698333330371e-01,-9.199432670355978114e-02
7.642972698333336812e-01,-9.201137708651296876e-02
7.644972698333334371e-01,-9.202689223790758155e-02
7.646972698333329710e-01,-9.204088407655539039e-02
7.648972698333325049e-01,-9.205336447094703001e-02
7.650972698333333710e-01,-9.206434523832215944e-02
7.652972698333329049e-01,-9.207383814375429132e-02
7.654972698333337711e-01,-9.208185489924976264e-02
7.656972698333326388e-01,-9.208840716285973671e-02
7.658972698333343931e-01,-9.209350653780747076e-02
7.660972698333339270e-01,-9.209716457162840653e-02
7.662972698333336830e-01,-9.209939275532569303e-02
7.664972698333336609e-01,-9.210020252253933726e-02
7.666972698333329728e-01,-9.209960524872953802e-02
7.668972698333331728e-01,-9.209761225037493837e-02
7.670972698333320405e-01,-9.209423478418499176e-02
7.672972698333335728e-01,-9.208948404632671947e-02
7.674972698333324406e-01,-9.208337117166653929e-02
7.676972698333335288e-01,-9.207590723302598590e-02
7.678972698333335067e-01,-9.206710324045296046e-02
7.680972698333337068e-01,-9.205697014050653881e-02
7.682972698333343509e-01,-9.204551881555772530e-02
7.684972698333323304e-01,-9.203276008310443124e-02
7.686972698333336407e-01,-9.201870469510037287e-02
7.688972698333325084e-01,-9.200336333730149696e-02
7.690972698333338187e-01,-9.198674662862359186e-02
7.692972698333340187e-01,-9.196886512051834217e-02
7.694972698333337746e-01,-9.194972929636187342e-02
7.696972698333337526e-01,-9.192934957085921455e-02
7.698972698333330644e-01,-9.190773628946424800e-02
7.700972698333339306e-01,-9.188489972781326010e-02
7.702972698333316881e-01,-9.186085009117583855e-02
7.704972698333334424e-01,-9.183559751391687231e-02
7.706972698333327543e-01,-9.180915205897963172e-02
7.708972698333333984e-01,-9.178152371737692550e-02
7.710972698333344866e-01,-9.175272240770329657e-02
7.712972698333340205e-01,-9.172275797565906941e-02
7.714972698333331103e-01,-9.169164019358967688e-02
7.716972698333328662e-01,-9.165937876004140450e-02
7.718972698333335103e-01,-9.162598329933115127e-02
7.720972698333323780e-01,-9.159146336113256626e-02
7.722972698333332442e-01,-9.155582842007427280e-02
7.724972698333327781e-01,-9.151908787535800727e-02
7.726972698333334222e-01,-9.148125105038634741e-02
7.728972698333338442e-01,-9.144232719241028595e-02
7.730972698333336002e-01,-9.140232547218876680e-02
7.732972698333329120e-01,-9.136125498366425013e-02
7.734972698333328900e-01,-9.131912474365322385e-02
7.736972698333330900e-01,-9.127594369155218879e-02
7.738972698333324018e-01,-9.123172068905810450e-02
7.740972698333341562e-01,-9.118646451990237989e-02
7.742972698333330239e-01,-9.114018388960448691e-02
7.744972698333343342e-01,-9.109288742523238835e-02
7.746972698333340901e-01,-9.104458367518722395e-02
7.748972698333336240e-01,-9.099528110899479660e-02
7.750972698333340460e-01,-9.094498811711623776e-02
7.752972698333324697e-01,-9.089371301077320275e-02
7.754972698333337799e-01,-9.084146402178408519e-02
7.756972698333322036e-01,-9.078824930242183899e-02
7.758972698333341800e-01,-9.073407692527649115e-02
7.760972698333330477e-01,-9.067895488314427210e-02
7.762972698333336918e-01,-9.062289108891832812e-02
7.764972698333336698e-01,-9.056589337550513541e-02
7.766972698333340919e-01,-9.050796949574767269e-02
7.768972698333340698e-01,-9.044912712236688468e-02
7.770972698333320494e-01,-9.038937384791617680e-02
7.772972698333338037e-01,-9.032871718474727585e-02
7.774972698333328935e-01,-9.026716456499898900e-02
7.776972698333337597e-01,-9.020472334058722563e-02
7.778972698333341818e-01,-9.014140078322095684e-02
7.780972698333334936e-01,-9.007720408442432269e-02
7.782972698333332495e-01,-9.001214035557525417e-02
7.784972698333336716e-01,-8.994621662795879158e-02
7.786972698333340936e-01,-8.987943985283275428e-02
7.788972698333322953e-01,-8.981181690150788488e-02
7.790972698333336055e-01,-8.974335456543801326e-02
7.792972698333331394e-01,-8.967405955633228620e-02
7.794972698333328953e-01,-8.960393850626974244e-02
7.796972698333342056e-01,-8.953299796783481534e-02
7.798972698333332954e-01,-8.946124441426561713e-02
7.800972698333326072e-01,-8.938868423960935616e-02
7.802972698333319190e-01,-8.931532375889805753e-02
7.804972698333336734e-01,-8.924116920833213840e-02
7.806972698333323191e-01,-8.916622674548249639e-02
7.808972698333336293e-01,-8.909050244949474895e-02
7.810972698333329411e-01,-8.901400232132057611e-02
7.812972698333340293e-01,-8.893673228394700925e-02
7.814972698333340073e-01,-8.885869818265079711e-02
7.816972698333335412e-01,-8.877990578525535303e-02
7.818972698333330751e-01,-8.870036078240527144e-02
7.820972698333328310e-01,-8.862006878785178010e-02
7.822972698333328090e-01,-8.853903533874971088e-02
7.824972698333318988e-01,-8.845726589596737688e-02
7.826972698333340972e-01,-8.837476584440455418e-02
7.828972698333327429e-01,-8.829154049333182153e-02
7.830972698333331650e-01,-8.820759507672512600e-02
7.832972698333340311e-01,-8.812293475362942274e-02
7.834972698333337870e-01,-8.803756460852246724e-02
7.836972698333339871e-01,-8.795148965169186095e-02
7.838972698333328548e-01,-8.786471481962682128e-02
7.840972698333334989e-01,-8.777724497541461446e-02
7.842972698333323667e-01,-8.768908490915676424e-02
7.844972698333338990e-01,-8.760023933838431698e-02
7.846972698333336549e-01,-8.751071290849724016e-02
7.848972698333334108e-01,-8.742051019320078165e-02
7.850972698333338329e-01,-8.732963569496164646e-02
7.852972698333335888e-01,-8.723809384547170920e-02
7.854972698333342329e-01,-8.714588900611881794e-02
7.856972698333315464e-01,-8.705302546847457079e-02
7.858972698333333007e-01,-8.695950745477859511e-02
7.860972698333330566e-01,-8.686533911845389921e-02
7.862972698333332566e-01,-8.677052454460806863e-02
7.864972698333339007e-01,-8.667506775056034451e-02
7.866972698333341008e-01,-8.657897268637196331e-02
7.868972698333331905e-01,-8.648224323538541980e-02
7.870972698333336126e-01,-8.638488321477247323e-02
7.872972698333340347e-01,-8.628689637609499030e-02
7.874972698333324583e-01,-8.618828640587022916e-02
7.876972698333335465e-01,-8.608905692614260419e-02
7.878972698333330804e-01,-8.598921149507442185e-02
7.880972698333330584e-01,-8.588875360753081556e-02
7.882972698333337025e-01,-8.578768669568334615e-02
7.884972698333336805e-01,-8.568601412961804331e-02
7.886972698333329923e-01,-8.558373921794965034e-02
7.888972698333331923e-01,-8.548086520844530578e-02
7.890972698333329483e-01,-8.537739528865745386e-02
7.892972698333324821e-01,-8.527333258656040471e-02
7.894972698333340144e-01,-8.516868017119545720e-02
7.896972698333328822e-01,-8.506344105332891425e-02
7.898972698333341924e-01,-8.495761818610239602e-02
7.900972698333343924e-01,-8.485121446570961790e-02
7.902972698333337043e-01,-8.474423273206288520e-02
7.904972698333336822e-01,-8.463667576947421500e-02
7.906972698333323279e-01,-8.452854630734366048e-02
7.908972698333334161e-01,-8.441984702084684433e-02
7.910972698333325059e-01,-8.431058053164076915e-02
7.912972698333340382e-01,-8.420074940855874768e-02
7.914972698333331280e-01,-8.409035616832993831e-02
7.916972698333335501e-01,-8.397940327628534984e-02
7.918972698333335281e-01,-8.386789314708636978e-02
7.920972698333335060e-01,-8.375582814544658972e-02
7.922972698333339281e-01,-8.364321058686442767e-02
7.924972698333325738e-01,-8.353004273836096838e-02
7.926972698333336620e-01,-8.341632681921549997e-02
7.928972698333327518e-01,-8.330206500171999373e-02
7.930972698333333959e-01,-8.318725941191992823e-02
7.932972698333344841e-01,-8.307191213037570798e-02
7.934972698333333518e-01,-8.295602519291971066e-02
7.936972698333331078e-01,-8.283960059141488863e-02
7.938972698333337519e-01,-8.272264027452611024e-02
7.940972698333339519e-01,-8.260514614848989134e-02
7.942972698333321535e-01,-8.248712007788694400e-02
7.944972698333332417e-01,-8.236856388641605742e-02
7.946972698333334417e-01,-8.224947935768303631e-02
7.948972698333323095e-01,-8.212986823597726027e-02
7.950972698333338418e-01,-8.200973222705754129e-02
7.952972698333338197e-01,-8.188907299894869485e-02
7.954972698333329095e-01,-8.176789218272570436e-02
7.956972698333331095e-01,-8.164619137330994536e-02
7.958972698333341977e-01,-8.152397213026793543e-02
7.960972698333323994e-01,-8.140123597861106952e-02
7.962972698333337096e-01,-8.127798440958788895e-02
7.964972698333330214e-01,-8.115421888149945695e-02
7.966972698333341096e-01,-8.102994082049147506e-02
7.968972698333340876e-01,-8.090515162136931171e-02
7.970972698333331774e-01,-8.077985264839933344e-02
7.972972698333329333e-01,-8.065404523611809096e-02
7.974972698333333554e-01,-8.052773069014350360e-02
7.976972698333331113e-01,-8.040091028798521111e-02
7.978972698333319791e-01,-8.027358527985374581e-02
7.980972698333335114e-01,-8.014575688947071785e-02
7.982972698333326012e-01,-8.001742631488875657e-02
7.984972698333339114e-01,-7.988859472929209227e-02
7.986972698333338894e-01,-7.975926328182048053e-02
7.988972698333334233e-01,-7.962943309837400285e-02
7.990972698333342894e-01,-7.949910528242723484e-02
7.992972698333329351e-01,-7.936828091584570422e-02
7.994972698333335792e-01,-7.923696105968887349e-02
7.996972698333328911e-01,-7.910514675503134419e-02
7.998972698333337572e-01,-7.897283902376371623e-02
8.000972698333332911e-01,-7.884003886941039208e-02
8.002972698333332691e-01,-7.870674727793088021e-02
8.004972698333339132e-01,-7.857296521853089633e-02
8.006972698333332250e-01,-7.843869364446907910e-02
8.008972698333340912e-01,-7.830393349385614266e-02
8.010972698333318487e-01,-7.816868569046679649e-02
8.012972698333336030e-01,-7.803295114452686587e-02
8.014972698333335810e-01,-7.789673075352976372e-02
8.016972698333331149e-01,-7.776002540301998889e-02
8.018972698333344251e-01,-7.762283596739205649e-02
8.020972698333335149e-01,-7.748516331068824869e-02
8.022972698333332708e-01,-7.734700828737975375e-02
8.024972698333336929e-01,-7.720837174316114160e-02
8.026972698333338929e-01,-7.706925451573364005e-02
8.028972698333327607e-01,-7.692965743558705105e-02
8.030972698333331827e-01,-7.678958132677572712e-02
8.032972698333333827e-01,-7.664902700770066801e-02
8.034972698333329166e-01,-7.650799529187798931e-02
8.036972698333337828e-01,-7.636648698870736329e-02
8.038972698333330946e-01,-7.622450290424351294e-02
8.040972698333328506e-01,-7.608204384195084435e-02
8.042972698333330506e-01,-7.593911060346732189e-02
8.044972698333332506e-01,-7.579570398935761566e-02
8.046972698333325624e-01,-7.565182479986382047e-02
8.048972698333336506e-01,-7.550747383564899995e-02
8.050972698333331845e-01,-7.536265189854599034e-02
8.052972698333340507e-01,-7.521735979228673374e-02
8.054972698333344727e-01,-7.507159832324319937e-02
8.056972698333331184e-01,-7.492536830115240076e-02
8.058972698333335405e-01,-7.477867053983713874e-02
8.060972698333328523e-01,-7.463150585793337788e-02
8.062972698333332744e-01,-7.448387507959572384e-02
8.064972698333325862e-01,-7.433577903521391972e-02
8.066972698333338965e-01,-7.418721856210902521e-02
8.068972698333327642e-01,-7.403819450524179446e-02
8.070972698333336304e-01,-7.388870771789363134e-02
8.072972698333333863e-01,-7.373875906236623812e-02
8.074972698333335863e-01,-7.358834941065484081e-02
8.076972698333344525e-01,-7.343747964512867266e-02
8.078972698333324320e-01,-7.328615065920338068e-02
8.080972698333332982e-01,-7.313436335799565480e-02
8.082972698333328321e-01,-7.298211865899635609e-02
8.084972698333336982e-01,-7.282941749270990806e-02
8.086972698333338982e-01,-7.267626080330945315e-02
8.088972698333334321e-01,-7.252264954927110929e-02
8.090972698333331881e-01,-7.236858470400862886e-02
8.092972698333336101e-01,-7.221406725650095226e-02
8.094972698333338101e-01,-7.205909821191319731e-02
8.096972698333320118e-01,-7.190367859220976599e-02
8.098972698333331000e-01,-7.174780943675514167e-02
8.100972698333333000e-01,-7.159149180292574688e-02
8.102972698333328339e-01,-7.143472676669301857e-02
8.104972698333337000e-01,-7.127751542321056344e-02
8.106972698333339000e-01,-7.111985888739769113e-02
8.108972698333329898e-01,-7.096175829450632189e-02
8.110972698333331898e-01,-7.080321480068441087e-02
8.112972698333338339e-01,-7.064422958353687443e-02
8.114972698333324796e-01,-7.048480384267398480e-02
8.116972698333331238e-01,-7.032493880024713595e-02
8.118972698333331017e-01,-7.016463570149270024e-02
8.120972698333335238e-01,-7.000389581525065519e-02
8.122972698333335018e-01,-6.984272043448790102e-02
8.124972698333330356e-01,-6.968111087680661786e-02
8.126972698333327916e-01,-6.951906848494782132e-02
8.128972698333334357e-01,-6.935659462728674396e-02
8.130972698333329696e-01,-6.919369069832206898e-02
8.132972698333325035e-01,-6.903035811915041176e-02
8.134972698333335916e-01,-6.886659833793910834e-02
8.136972698333329035e-01,-6.870241283039341118e-02
8.138972698333339917e-01,-6.853780310020111954e-02
8.140972698333335256e-01,-6.837277067948994980e-02
8.142972698333335035e-01,-6.820731712925533208e-02
8.144972698333339256e-01,-6.804144403979552058e-02
8.146972698333332374e-01,-6.787515303113242360e-02
8.148972698333336595e-01,-6.770844575341897209e-02
8.150972698333327493e-01,-6.754132388735023529e-02
8.152972698333345036e-01,-6.737378914454922318e-02
8.154972698333331493e-01,-6.720584326796670560e-02
8.156972698333335714e-01,-6.703748803224209019e-02
8.158972698333331053e-01,-6.686872524408744856e-02
8.160972698333335273e-01,-6.669955674263787493e-02
8.162972698333341715e-01,-6.652998439980861711e-02
8.164972698333321510e-01,-6.636001012063737214e-02
8.166972698333336833e-01,-6.618963584360829100e-02
8.168972698333332172e-01,-6.601886354099457954e-02
8.170972698333336393e-01,-6.584769521915685708e-02
8.172972698333345054e-01,-6.567613291886027771e-02
8.174972698333333732e-01,-6.550417871557079330e-02
8.176972698333329070e-01,-6.533183471973807999e-02
8.178972698333337732e-01,-6.515910307708092097e-02
8.180972698333333071e-01,-6.498598596885939160e-02
8.182972698333326189e-01,-6.481248561212980819e-02
8.184972698333332630e-01,-6.463860426000012094e-02
8.186972698333332410e-01,-6.446434420187643899e-02
8.188972698333332190e-01,-6.428970776369161144e-02
8.190972698333336410e-01,-6.411469730813286472e-02
8.192972698333331749e-01,-6.393931523485833768e-02
8.194972698333324868e-01,-6.376356398070062714e-02
8.196972698333331309e-01,-6.358744601986471290e-02
8.198972698333328868e-01,-6.341096386412015118e-02
8.200972698333328648e-01,-6.323412006297363108e-02
8.202972698333335089e-01,-6.305691720384193344e-02
8.204972698333332648e-01,-6.287935791221357928e-02
8.206972698333343530e-01,-6.270144485179449112e-02
8.208972698333341089e-01,-6.252318072465792853e-02
8.210972698333334208e-01,-6.234456827136905521e-02
8.212972698333331767e-01,-6.216561027111203175e-02
8.214972698333329326e-01,-6.198630954180476410e-02
8.216972698333329106e-01,-6.180666894020242497e-02
8.218972698333322224e-01,-6.162669136199461217e-02
8.220972698333337547e-01,-6.144637974188735252e-02
8.222972698333328445e-01,-6.126573705369077472e-02
8.224972698333337107e-01,-6.108476631037217108e-02
8.226972698333336886e-01,-6.090347056412938331e-02
8.228972698333336666e-01,-6.072185290643098560e-02
8.230972698333340887e-01,-6.053991646806070742e-02
8.232972698333322903e-01,-6.035766441915123293e-02
8.234972698333333785e-01,-6.017509996919692683e-02
8.236972698333329124e-01,-5.999222636708267942e-02
8.238972698333337785e-01,-5.980904690107326921e-02
8.240972698333342006e-01,-5.962556489881908756e-02
8.242972698333335124e-01,-5.944178372733762566e-02
8.244972698333332684e-01,-5.925770679298935500e-02
8.246972698333336904e-01,-5.907333754144972193e-02
8.248972698333336684e-01,-5.888867945766818046e-02
8.250972698333320920e-01,-5.870373606581803794e-02
8.252972698333329582e-01,-5.851851092923295722e-02
8.254972698333333803e-01,-5.833300765035123736e-02
8.256972698333329141e-01,-5.814722987063142973e-02
8.258972698333344464e-01,-5.796118127046637897e-02
8.260972698333339803e-01,-5.777486556910007426e-02
8.262972698333326260e-01,-5.758828652451394858e-02
8.264972698333334922e-01,-5.740144793331955486e-02
8.266972698333332481e-01,-5.721435363064702323e-02
8.268972698333327820e-01,-5.702700749000752523e-02
8.270972698333329820e-01,-5.683941342316091438e-02
8.272972698333334041e-01,-5.665157537997257686e-02
8.274972698333336041e-01,-5.646349734825874961e-02
8.276972698333335821e-01,-5.627518335362519802e-02
8.278972698333335600e-01,-5.608663745929739347e-02
8.280972698333324278e-01,-5.589786376594427925e-02
8.282972698333335160e-01,-5.570886641148664609e-02
8.284972698333328278e-01,-5.551964957091404251e-02
8.286972698333323617e-01,-5.533021745606989117e-02
8.288972698333336719e-01,-5.514057431544722165e-02
8.290972698333334279e-01,-5.495072443397458484e-02
8.292972698333342940e-01,-5.476067213277974188e-02
8.294972698333340499e-01,-5.457042176896566288e-02
8.296972698333338059e-01,-5.437997773536105972e-02
8.298972698333337839e-01,-5.418934446027495744e-02
8.300972698333328736e-01,-5.399852640723971919e-02
8.302972698333332957e-01,-5.380752807474197680e-02
8.304972698333328296e-01,-5.361635399595784252e-02
8.306972698333336957e-01,-5.342500873846434128e-02
8.308972698333330076e-01,-5.323349690396162598e-02
8.310972698333336517e-01,-5.304182312796822812e-02
8.312972698333331856e-01,-5.284999207952963129e-02
8.314972698333340517e-01,-5.265800846089976894e-02
8.316972698333340297e-01,-5.246587700723427672e-02
8.318972698333324534e-01,-5.227360248626134603e-02
8.320972698333335416e-01,-5.208118969794849756e-02
8.322972698333328534e-01,-5.188864347417877082e-02
8.324972698333334975e-01,-5.169596867839151844e-02
8.326972698333343637e-01,-5.150317020524326772e-02
8.328972698333332314e-01,-5.131025298024745329e-02
8.330972698333329873e-01,-5.111722195940508751e-02
8.332972698333340755e-01,-5.092408212884159263e-02
8.334972698333336094e-01,-5.073083850443127485e-02
8.336972698333326992e-01,-5.053749613140737923e-02
8.338972698333331213e-01,-5.034406008397583621e-02
8.340972698333337654e-01,-5.015053546492373449e-02
8.342972698333328552e-01,-4.995692740521556763e-02
8.344972698333339434e-01,-4.976324106357994659e-02
8.346972698333332552e-01,-4.956948162610875369e-02
8.348972698333325670e-01,-4.937565430582512710e-02
8.350972698333329891e-01,-4.918176434226488591e-02
8.352972698333329671e-01,-4.898781700104775511e-02
8.354972698333329451e-01,-4.879381757343667636e-02
8.356972698333333671e-01,-4.859977137589804874e-02
8.358972698333331230e-01,-4.840568374965640436e-02
8.360972698333344333e-01,-4.821156006023708668e-02
8.362972698333335231e-01,-4.801740569701793554e-02
8.364972698333335011e-01,-4.782322607275403537e-02
8.366972698333328129e-01,-4.762902662312108737e-02
8.368972698333327909e-01,-4.743481280623566138e-02
8.370972698333323248e-01,-4.724059010218276122e-02
8.372972698333323027e-01,-4.704636401252924177e-02
8.374972698333336130e-01,-4.685214005983877328e-02
8.376972698333333689e-01,-4.665792378718422451e-02
8.378972698333335689e-01,-4.646372075764303167e-02
8.380972698333335469e-01,-4.626953655380451613e-02
8.382972698333339689e-01,-4.607537677726099984e-02
8.384972698333339469e-01,-4.588124704810220278e-02
8.386972698333328147e-01,-4.568715300440025218e-02
8.388972698333332367e-01,-4.549310030169015362e-02
8.390972698333327706e-01,-4.529909461245675700e-02
8.392972698333336368e-01,-4.510514162560118334e-02
8.394972698333338368e-01,-4.491124704592067141e-02
8.396972698333335927e-01,-4.471741659357087589e-02
8.398972698333329046e-01,-4.452365600353243302e-02
8.400972698333335487e-01,-4.432997102507053172e-02
8.402972698333335266e-01,-4.413636742119801670e-02
8.404972698333319503e-01,-4.394285096812538399e-02
8.406972698333328164e-01,-4.374942745470859068e-02
8.408972698333332385e-01,-4.355610268190912571e-02
8.410972698333334385e-01,-4.336288246222996801e-02
8.412972698333343047e-01,-4.316977261916063457e-02
8.414972698333340606e-01,-4.297677898662064649e-02
8.416972698333327063e-01,-4.278390740839267681e-02
8.418972698333333504e-01,-4.259116373755627433e-02
8.420972698333335504e-01,-4.239855383592879001e-02
8.422972698333328623e-01,-4.220608357348829692e-02
8.424972698333330623e-01,-4.201375882780151311e-02
8.426972698333337064e-01,-4.182158548345397964e-02
8.428972698333336844e-01,-4.162956943147250177e-02
8.430972698333336623e-01,-4.143771656874464804e-02
8.432972698333336403e-01,-4.124603279744164935e-02
8.434972698333325081e-01,-4.105452402443691973e-02
8.436972698333335963e-01,-4.086319616071800581e-02
8.438972698333324640e-01,-4.067205512081323304e-02
8.440972698333328861e-01,-4.048110682219084600e-02
8.442972698333335302e-01,-4.029035718468393368e-02
8.444972698333332861e-01,-4.009981212989718186e-02
8.446972698333345964e-01,-3.990947758061373640e-02
8.448972698333339082e-01,-3.971935946021379338e-02
8.450972698333336641e-01,-3.952946369207160915e-02
8.452972698333336421e-01,-3.933979619897119001e-02
8.454972698333327319e-01,-3.915036290251168449e-02
8.456972698333329319e-01,-3.896116972250979887e-02
8.458972698333329099e-01,-3.877222257641165654e-02
8.460972698333337760e-01,-3.858352737869276405e-02
8.462972698333333099e-01,-3.839509004026836481e-02
8.464972698333335099e-01,-3.820691646789133034e-02
8.466972698333332659e-01,-3.801901256356361725e-02
8.468972698333336879e-01,-3.783138422393599043e-02
8.470972698333341100e-01,-3.764403733971662808e-02
8.472972698333323116e-01,-3.745697779507567438e-02
8.474972698333331778e-01,-3.727021146704245086e-02
8.476972698333329337e-01,-3.708374422492571876e-02
8.478972698333340219e-01,-3.689758192970588047e-02
8.480972698333348880e-01,-3.671173043345090509e-02
8.482972698333330897e-01,-3.652619557872094358e-02
8.484972698333326235e-01,-3.634098319796926629e-02
8.486972698333334897e-01,-3.615609911296085999e-02
8.488972698333336897e-01,-3.597154913418035976e-02
8.490972698333325575e-01,-3.578733906023963407e-02
8.492972698333332016e-01,-3.560347467728764564e-02
8.494972698333336236e-01,-3.541996175843147715e-02
8.496972698333324914e-01,-3.523680606314570640e-02
8.498972698333340237e-01,-3.505401333668359265e-02
8.500972698333335575e-01,-3.487158930950760849e-02
8.502972698333328694e-01,-3.468953969669435339e-02
8.504972698333332914e-01,-3.450787019736145655e-02
8.506972698333334915e-01,-3.432658649409170426e-02
8.508972698333330253e-01,-3.414569425235419731e-02
8.510972698333332254e-01,-3.396519911992945673e-02
8.512972698333336474e-01,-3.378510672634087164e-02
8.514972698333342915e-01,-3.360542268228288582e-02
8.516972698333338254e-01,-3.342615257905488801e-02
8.518972698333333593e-01,-3.324730198799275005e-02
8.520972698333328932e-01,-3.306887645990881641e-02
8.522972698333330932e-01,-3.289088152453002734e-02
8.524972698333324050e-01,-3.271332268994243953e-02
8.526972698333321610e-01,-3.253620544203133375e-02
8.528972698333336933e-01,-3.235953524393117564e-02
8.530972698333330051e-01,-3.218331753548051011e-02
8.532972698333340933e-01,-3.200755773266306115e-02
8.534972698333336272e-01,-3.183226122707726036e-02
8.536972698333336051e-01,-3.165743338538417467e-02
8.538972698333338052e-01,-3.148307954877595238e-02
8.540972698333331170e-01,-3.130920503244020991e-02
8.542972698333330950e-01,-3.113581512502514720e-02
8.544972698333328509e-01,-3.096291508811602894e-02
8.546972698333341611e-01,-3.079051015570578864e-02
8.548972698333336950e-01,-3.061860553368070392e-02
8.550972698333336730e-01,-3.044720639929326608e-02
8.552972698333329848e-01,-3.027631790065591147e-02
8.554972698333336290e-01,-3.010594515622490308e-02
8.556972698333340510e-01,-2.993609325429962345e-02
8.558972698333318085e-01,-2.976676725251730174e-02
8.560972698333331188e-01,-2.959797217734630101e-02
8.562972698333335408e-01,-2.942971302360738658e-02
8.564972698333335188e-01,-2.926199475396991032e-02
8.566972698333343850e-01,-2.909482229846829804e-02
8.568972698333336968e-01,-2.892820055402371346e-02
8.570972698333327866e-01,-2.876213438395920294e-02
8.572972698333340968e-01,-2.859662861752819418e-02
8.574972698333340748e-01,-2.843168804945066241e-02
8.576972698333329426e-01,-2.826731743943991862e-02
8.578972698333333646e-01,-2.810352151174327212e-02
8.580972698333331206e-01,-2.794030495469175882e-02
8.582972698333330985e-01,-2.777767242024226438e-02
8.584972698333335206e-01,-2.761562852353393466e-02
8.586972698333332765e-01,-2.745417784244653936e-02
8.588972698333323663e-01,-2.729332491716147252e-02
8.590972698333332325e-01,-2.713307424972817572e-02
8.592972698333327664e-01,-2.697343030364323865e-02
8.594972698333329664e-01,-2.681439750341937239e-02
8.596972698333338325e-01,-2.665598023417355827e-02
8.598972698333333664e-01,-2.649818284121484638e-02
8.600972698333342326e-01,-2.634100962963162318e-02
8.602972698333339885e-01,-2.618446486389740258e-02
8.604972698333333003e-01,-2.602855276746744023e-02
8.606972698333335003e-01,-2.587327752238914938e-02
8.608972698333325901e-01,-2.571864326891883448e-02
8.610972698333327902e-01,-2.556465410513512199e-02
8.612972698333327681e-01,-2.541131408656935320e-02
8.614972698333340784e-01,-2.525862722583068626e-02
8.616972698333329461e-01,-2.510659749224785145e-02
8.618972698333338123e-01,-2.495522881149984940e-02
8.620972698333331241e-01,-2.480452506527488360e-02
8.622972698333335462e-01,-2.465449009091186250e-02
8.624972698333335241e-01,-2.450512768106618069e-02
8.626972698333326139e-01,-2.435644158336934192e-02
8.628972698333337021e-01,-2.420843550009660686e-02
8.630972698333327919e-01,-2.406111308784979891e-02
8.632972698333341022e-01,-2.391447795722700248e-02
8.634972698333343022e-01,-2.376853367252102639e-02
8.636972698333331699e-01,-2.362328375140422890e-02
8.638972698333324818e-01,-2.347873166462796646e-02
8.640972698333337920e-01,-2.333488083572871075e-02
8.642972698333339920e-01,-2.319173464074177765e-02
8.644972698333324157e-01,-2.304929640791273521e-02
8.646972698333330598e-01,-2.290756941741833516e-02
8.648972698333337039e-01,-2.276655690110292868e-02
8.650972698333330158e-01,-2.262626204220815826e-02
8.652972698333336599e-01,-2.248668797511141695e-02
8.654972698333336378e-01,-2.234783778507902843e-02
8.656972698333327276e-01,-2.220971450801480229e-02
8.658972698333331497e-01,-2.207232113021879646e-02
8.660972698333337938e-01,-2.193566058815692166e-02
8.662972698333331056e-01,-2.179973576823047987e-02
8.664972698333333057e-01,-2.166454950655139627e-02
8.666972698333335057e-01,-2.153010458873101662e-02
8.668972698333339277e-01,-2.139640374966771466e-02
8.670972698333336837e-01,-2.126344967334524438e-02
8.672972698333329955e-01,-2.113124499263424258e-02
8.674972698333327514e-01,-2.099979228910188109e-02
8.676972698333331735e-01,-2.086909409282865224e-02
8.678972698333327074e-01,-2.073915288223100728e-02
8.680972698333322413e-01,-2.060997108388697152e-02
8.682972698333331074e-01,-2.048155107237241424e-02
8.684972698333326413e-01,-2.035389517010497556e-02
8.686972698333341736e-01,-2.022700564718518668e-02
8.688972698333337075e-01,-2.010088472125880904e-02
8.690972698333336854e-01,-1.997553455736859884e-02
8.692972698333341075e-01,-1.985095726782647174e-02
8.694972698333331973e-01,-1.972715491208625743e-02
8.696972698333333973e-01,-1.960412949661949344e-02
8.698972698333331532e-01,-1.948188297480640124e-02
8.700972698333337974e-01,-1.936041724682392023e-02
8.702972698333331092e-01,-1.923973415954850080e-02
8.704972698333330872e-01,-1.911983550645639240e-02
8.706972698333332872e-01,-1.900072302753926662e-02
8.708972698333337092e-01,-1.888239840922036755e-02
8.710972698333339093e-01,-1.876486328427940872e-02
8.712972698333323329e-01,-1.864811923178357617e-02
8.714972698333331991e-01,-1.853216777702075546e-02
8.716972698333333991e-01,-1.841701039145037314e-02
8.718972698333338212e-01,-1.830264849264705979e-02
8.720972698333344653e-01,-1.818908344425915202e-02
8.722972698333331110e-01,-1.807631655597233961e-02
8.724972698333324228e-01,-1.796434908347439852e-02
8.726972698333339551e-01,-1.785318222843373590e-02
8.728972698333337110e-01,-1.774281713848351733e-02
8.730972698333330229e-01,-1.763325490720314345e-02
8.732972698333332229e-01,-1.752449657411551953e-02
8.734972698333332009e-01,-1.741654312468859933e-02
8.736972698333331788e-01,-1.730939549034012787e-02
8.738972698333336009e-01,-1.720305454845079754e-02
8.740972698333331348e-01,-1.709752112238459298e-02
8.742972698333322246e-01,-1.699279598151196696e-02
8.744972698333335348e-01,-1.688887984124123193e-02
8.746972698333330687e-01,-1.678577336306059237e-02
8.748972698333332687e-01,-1.668347715457514646e-02
8.750972698333336908e-01,-1.658199176956152987e-02
8.752972698333332247e-01,-1.648131770802258381e-02
8.754972698333343128e-01,-1.638145541624727586e-02
8.756972698333334026e-01,-1.628240528688343347e-02
8.758972698333331586e-01,-1.618416765900575205e-02
8.760972698333331365e-01,-1.608674281820036966e-02
8.762972698333331145e-01,-1.599013099664916074e-02
8.764972698333328704e-01,-1.589433237322183251e-02
8.766972698333328484e-01,-1.579934707357319446e-02
8.768972698333334925e-01,-1.570517517024743598e-02
8.770972698333330264e-01,-1.561181668278836809e-02
8.772972698333336705e-01,-1.551927157785197575e-02
8.774972698333329824e-01,-1.542753976933149834e-02
8.776972698333342926e-01,-1.533662111847942933e-02
8.778972698333340485e-01,-1.524651543404591941e-02
8.780972698333333604e-01,-1.515722247241147250e-02
8.782972698333335604e-01,-1.506874193773320714e-02
8.784972698333328722e-01,-1.498107348209536810e-02
8.786972698333339604e-01,-1.489421670566137834e-02
8.788972698333341604e-01,-1.480817115683833937e-02
8.790972698333336943e-01,-1.472293633243967892e-02
8.792972698333323400e-01,-1.463851167785801266e-02
8.794972698333336503e-01,-1.455489658724031313e-02
8.796972698333336282e-01,-1.447209040367487126e-02
8.798972698333327180e-01,-1.439009241937388300e-02
8.800972698333326960e-01,-1.430890187586771056e-02
8.802972698333331181e-01,-1.422851796420443807e-02
8.804972698333330960e-01,-1.414893982515249421e-02
8.806972698333335181e-01,-1.407016654940826395e-02
8.808972698333339402e-01,-1.399219717781092359e-02
8.810972698333323638e-01,-1.391503070156129007e-02
8.812972698333336741e-01,-1.383866606244226610e-02
8.814972698333332080e-01,-1.376310215305389176e-02
8.816972698333331859e-01,-1.368833781704062100e-02
8.818972698333331639e-01,-1.361437184933356193e-02
8.820972698333333639e-01,-1.354120299639268929e-02
8.822972698333340080e-01,-1.346882995645514239e-02
8.824972698333335419e-01,-1.339725137978880695e-02
8.826972698333335199e-01,-1.332646586894828400e-02
8.828972698333321656e-01,-1.325647197903935537e-02
8.830972698333339199e-01,-1.318726821798256801e-02
8.832972698333325656e-01,-1.311885304679047751e-02
8.834972698333327656e-01,-1.305122487983619711e-02
8.836972698333334097e-01,-1.298438208513940512e-02
8.838972698333331657e-01,-1.291832298464918455e-02
8.840972698333346980e-01,-1.285304585453184850e-02
8.842972698333335657e-01,-1.278854892546779295e-02
8.844972698333339878e-01,-1.272483038294421054e-02
8.846972698333332996e-01,-1.266188836756169597e-02
8.848972698333334996e-01,-1.259972097533669511e-02
8.850972698333332556e-01,-1.253832625801384534e-02
8.852972698333330115e-01,-1.247770222337852425e-02
8.854972698333336556e-01,-1.241784683557524416e-02
8.856972698333329674e-01,-1.235875801543053626e-02
8.858972698333338336e-01,-1.230043364077641754e-02
8.860972698333329234e-01,-1.224287154678304484e-02
8.862972698333337895e-01,-1.218606952628835741e-02
8.864972698333335455e-01,-1.213002533013892228e-02
8.866972698333326353e-01,-1.207473666752747338e-02
8.868972698333332794e-01,-1.202020120633782302e-02
8.870972698333330353e-01,-1.196641657349413121e-02
8.872972698333339014e-01,-1.191338035530961625e-02
8.874972698333343235e-01,-1.186109009784315840e-02
8.876972698333334133e-01,-1.180954330725602838e-02
8.878972698333325031e-01,-1.175873745017265437e-02
8.880972698333344795e-01,-1.170866995404516026e-02
8.882972698333329031e-01,-1.165933820752353828e-02
8.884972698333331032e-01,-1.161073956082094363e-02
8.886972698333330811e-01,-1.156287132609217644e-02
8.888972698333339473e-01,-1.151573077780762566e-02
8.890972698333332591e-01,-1.146931515313439134e-02
8.892972698333332371e-01,-1.142362165231682394e-02
8.894972698333334371e-01,-1.137864743906326012e-02
8.896972698333320828e-01,-1.133438964093373344e-02
8.898972698333336151e-01,-1.129084534972884385e-02
8.900972698333327049e-01,-1.124801162188650630e-02
8.902972698333335710e-01,-1.120588547887341538e-02
8.904972698333335490e-01,-1.116446390758686971e-02
8.906972698333330829e-01,-1.112374386075331428e-02
8.908972698333348372e-01,-1.108372225733157343e-02
8.910972698333337050e-01,-1.104439598292020555e-02
8.912972698333336830e-01,-1.100576189016173184e-02
8.914972698333327727e-01,-1.096781679915534088e-02
8.916972698333334169e-01,-1.093055749786682115e-02
8.918972698333327287e-01,-1.089398074254426321e-02
8.920972698333324846e-01,-1.085808325813229086e-02
8.922972698333335728e-01,-1.082286173869075399e-02
8.924972698333328847e-01,-1.078831284781521863e-02
8.926972698333335288e-01,-1.075443321905662081e-02
8.928972698333328406e-01,-1.072121945634662427e-02
8.930972698333341508e-01,-1.068866813442077845e-02
8.932972698333336847e-01,-1.065677579924707158e-02
8.934972698333332186e-01,-1.062553896845232909e-02
8.936972698333334186e-01,-1.059495413175268880e-02
8.938972698333329525e-01,-1.056501775138504393e-02
8.940972698333340407e-01,-1.053572626253862499e-02
8.942972698333337966e-01,-1.050707607379009270e-02
8.944972698333335526e-01,-1.047906356753728133e-02
8.946972698333324203e-01,-1.045168510043631080e-02
8.948972698333335085e-01,-1.042493700383818195e-02
8.950972698333337085e-01,-1.039881558422857399e-02
8.952972698333327983e-01,-1.037331712366614325e-02
8.954972698333329983e-01,-1.034843788022285146e-02
8.956972698333331984e-01,-1.032417408842622314e-02
8.958972698333340645e-01,-1.030052195970061063e-02
8.960972698333340425e-01,-1.027747768281069007e-02
8.962972698333340205e-01,-1.025503742430440915e-02
8.964972698333322221e-01,-1.023319732895791243e-02
8.966972698333335323e-01,-1.021195352021916913e-02
8.968972698333335103e-01,-1.019130210065513284e-02
8.970972698333337103e-01,-1.017123915239592433e-02
8.972972698333332442e-01,-1.015176073758181433e-02
8.974972698333332222e-01,-1.013286289880936317e-02
8.976972698333340883e-01,-1.011454165957850759e-02
8.978972698333331781e-01,-1.009679302473983492e-02
8.980972698333336002e-01,-1.007961298094092045e-02
8.982972698333320238e-01,-1.006299749707477084e-02
8.984972698333337782e-01,-1.004694252472594987e-02
8.986972698333326459e-01,-1.003144399861951447e-02
8.988972698333330680e-01,-1.001649783706652988e-02
8.990972698333339341e-01,-1.000209994241258935e-02
8.992972698333332460e-01,-9.988246201484272946e-03
8.994972698333350003e-01,-9.974932486035523183e-03
8.996972698333332019e-01,-9.962154653195203630e-03
8.998972698333338460e-01,-9.949908545911555907e-03
9.000972698333331579e-01,-9.938189993399522415e-03
9.002972698333331358e-01,-9.926994811584807787e-03
9.004972698333335579e-01,-9.916318803549151184e-03
9.006972698333328697e-01,-9.906157759974321825e-03
9.008972698333341800e-01,-9.896507459585354716e-03
9.010972698333330477e-01,-9.887363669593932092e-03
9.012972698333336918e-01,-9.878722146139700538e-03
9.014972698333325596e-01,-9.870578634732257717e-03
9.016972698333340919e-01,-9.862928870690922112e-03
9.018972698333331817e-01,-9.855768579585005851e-03
9.020972698333331596e-01,-9.849093477671631153e-03
9.022972698333338037e-01,-9.842899272333793109e-03
9.024972698333331156e-01,-9.837181662516788355e-03
9.026972698333342038e-01,-9.831936339163394739e-03
9.028972698333339597e-01,-9.827158985648492412e-03
9.030972698333334936e-01,-9.822845278211797537e-03
9.032972698333319173e-01,-9.818990886389791090e-03
9.034972698333338936e-01,-9.815591473446030890e-03
9.036972698333332055e-01,-9.812642696800617098e-03
9.038972698333331834e-01,-9.810140208457465011e-03
9.040972698333336055e-01,-9.808079655430818056e-03
9.042972698333338055e-01,-9.806456680169918505e-03
9.044972698333331174e-01,-9.805266920982231432e-03
9.046972698333335394e-01,-9.804506012454947822e-03
9.048972698333332954e-01,-9.804169585875027043e-03
9.050972698333319411e-01,-9.804253269647351943e-03
9.052972698333336954e-01,-9.804752689711367791e-03
9.054972698333325631e-01,-9.805663469955667316e-03
9.056972698333336513e-01,-9.806981232631000606e-03
9.058972698333340734e-01,-9.808701598761213752e-03
9.060972698333331632e-01,-9.810820188552397264e-03
9.062972698333346955e-01,-9.813332621800098521e-03
9.064972698333328971e-01,-9.816234518294237460e-03
9.066972698333335412e-01,-9.819521498222561623e-03
9.068972698333324090e-01,-9.823189182571273603e-03
9.070972698333334971e-01,-9.827233193524218674e-03
9.072972698333325869e-01,-9.831649154859282980e-03
9.074972698333325649e-01,-9.836432692343220069e-03
9.076972698333340972e-01,-9.841579434123694931e-03
9.078972698333331870e-01,-9.847085011119100645e-03
9.080972698333333870e-01,-9.852945057406591739e-03
9.082972698333329209e-01,-9.859155210606880548e-03
9.084972698333340091e-01,-9.865711112267468857e-03
9.086972698333330989e-01,-9.872608408242659894e-03
9.088972698333335209e-01,-9.879842749071932745e-03
9.090972698333332769e-01,-9.887409790354909772e-03
9.092972698333328108e-01,-9.895305193124485227e-03
9.094972698333343430e-01,-9.903524624217122790e-03
9.096972698333334328e-01,-9.912063756640096535e-03
9.098972698333336329e-01,-9.920918269937063078e-03
9.100972698333327227e-01,-9.930083850549883268e-03
9.102972698333338109e-01,-9.939556192178615468e-03
9.104972698333331227e-01,-9.949330996137713268e-03
9.106972698333324345e-01,-9.959403971710769493e-03
9.108972698333328566e-01,-9.969770836501370970e-03
9.110972698333335007e-01,-9.980427316781375485e-03
9.112972698333339228e-01,-9.991369147836553707e-03
9.114972698333339007e-01,-1.000259207430915023e-02
9.116972698333341008e-01,-1.001409185053755112e-02
9.118972698333320803e-01,-1.002586424089275258e-02
9.120972698333340567e-01,-1.003790502011267689e-02
9.122972698333333685e-01,-1.005020997363162069e-02
9.124972698333331245e-01,-1.006277489790916718e-02
9.126972698333331024e-01,-1.007559560075397750e-02
9.128972698333333025e-01,-1.008866790164537550e-02
9.130972698333339466e-01,-1.010198763205174405e-02
9.132972698333330364e-01,-1.011555063574542945e-02
9.134972698333336805e-01,-1.012935276911530388e-02
9.136972698333321041e-01,-1.014338990147468575e-02
9.138972698333336364e-01,-1.015765791536804921e-02
9.140972698333325042e-01,-1.017215270687190851e-02
9.142972698333331483e-01,-1.018687018589540388e-02
9.144972698333340144e-01,-1.020180627647496521e-02
9.146972698333331042e-01,-1.021695691706709166e-02
9.148972698333348585e-01,-1.023231806083812340e-02
9.150972698333332822e-01,-1.024788567594872926e-02
9.152972698333337043e-01,-1.026365574583799553e-02
9.154972698333325720e-01,-1.027962426950096778e-02
9.156972698333332161e-01,-1.029578726176556824e-02
9.158972698333329721e-01,-1.031214075356376783e-02
9.160972698333329500e-01,-1.032868079220123324e-02
9.162972698333344823e-01,-1.034540344162244649e-02
9.164972698333331280e-01,-1.036230478267203756e-02
9.166972698333339942e-01,-1.037938091335460257e-02
9.168972698333326399e-01,-1.039662794908793181e-02
9.170972698333335060e-01,-1.041404202295613708e-02
9.172972698333330399e-01,-1.043161928595603624e-02
9.174972698333327958e-01,-1.044935590724273278e-02
9.176972698333336620e-01,-1.046724807436994614e-02
9.178972698333329738e-01,-1.048529199352707039e-02
9.180972698333340620e-01,-1.050348388977375737e-02
9.182972698333340400e-01,-1.052182000726900428e-02
9.184972698333335739e-01,-1.054029660949859330e-02
9.186972698333317755e-01,-1.055890997949763925e-02
9.188972698333339739e-01,-1.057765642007069476e-02
9.190972698333330637e-01,-1.059653225400581517e-02
9.192972698333330417e-01,-1.061553382428890788e-02
9.194972698333330197e-01,-1.063465749431080458e-02
9.196972698333334417e-01,-1.065389964807274617e-02
9.198972698333334197e-01,-1.067325669038744242e-02
9.200972698333329536e-01,-1.069272504707691022e-02
9.202972698333340418e-01,-1.071230116516663604e-02
9.204972698333317993e-01,-1.073198151307500764e-02
9.206972698333337757e-01,-1.075176258080197920e-02
9.208972698333330875e-01,-1.077164088010944959e-02
9.210972698333335096e-01,-1.079161294470319492e-02
9.212972698333337096e-01,-1.081167533040697237e-02
9.214972698333332435e-01,-1.083182461533527437e-02
9.216972698333345537e-01,-1.085205740006193846e-02
9.218972698333331994e-01,-1.087237030778396944e-02
9.220972698333333994e-01,-1.089275998448414884e-02
9.222972698333320452e-01,-1.091322309908695012e-02
9.224972698333337995e-01,-1.093375634361382423e-02
9.226972698333328893e-01,-1.095435643333151493e-02
9.228972698333324232e-01,-1.097502010690054250e-02
9.230972698333339554e-01,-1.099574412651691847e-02
9.232972698333330452e-01,-1.101652527805097037e-02
9.234972698333343555e-01,-1.103736037118439699e-02
9.236972698333330012e-01,-1.105824623954027031e-02
9.238972698333340894e-01,-1.107917974081338089e-02
9.240972698333331792e-01,-1.110015775689285854e-02
9.242972698333338233e-01,-1.112117719398502541e-02
9.244972698333335792e-01,-1.114223498272935708e-02
9.246972698333331131e-01,-1.116332807831329522e-02
9.248972698333342013e-01,-1.118445346058223079e-02
9.250972698333332911e-01,-1.120560813414544360e-02
9.252972698333334911e-01,-1.122678912848042686e-02
9.254972698333328029e-01,-1.124799349803112282e-02
9.256972698333336691e-01,-1.126921832230479842e-02
9.258972698333334250e-01,-1.129046070596343224e-02
9.260972698333327369e-01,-1.131171777891335981e-02
9.262972698333331589e-01,-1.133298669639028547e-02
9.264972698333335810e-01,-1.135426463904068428e-02
9.266972698333337810e-01,-1.137554881300036590e-02
9.268972698333342031e-01,-1.139683644996918738e-02
9.270972698333335149e-01,-1.141812480728203634e-02
9.272972698333321606e-01,-1.143941116797694141e-02
9.274972698333339149e-01,-1.146069284085957790e-02
9.276972698333330047e-01,-1.148196716056272375e-02
9.278972698333336488e-01,-1.150323148760573101e-02
9.280972698333331827e-01,-1.152448320844677056e-02
9.282972698333333827e-01,-1.154571973553455630e-02
9.284972698333335828e-01,-1.156693850735488090e-02
9.286972698333328946e-01,-1.158813698847459620e-02
9.288972698333335387e-01,-1.160931266958251107e-02
9.290972698333315183e-01,-1.163046306752543897e-02
9.292972698333334947e-01,-1.165158572534382049e-02
9.294972698333330285e-01,-1.167267821229971657e-02
9.296972698333336727e-01,-1.169373812390635432e-02
9.298972698333340947e-01,-1.171476308195059865e-02
9.300972698333331845e-01,-1.173575073451401524e-02
9.302972698333344947e-01,-1.175669875599090475e-02
9.304972698333331405e-01,-1.177760484710102876e-02
9.306972698333331184e-01,-1.179846673490247445e-02
9.308972698333328744e-01,-1.181928217279801761e-02
9.310972698333335185e-01,-1.184004894054058524e-02
9.312972698333330523e-01,-1.186076484423423914e-02
9.314972698333330303e-01,-1.188142771633327738e-02
9.316972698333338965e-01,-1.190203541563706301e-02
9.318972698333327642e-01,-1.192258582728206867e-02
9.320972698333334083e-01,-1.194307686273206673e-02
9.322972698333327202e-01,-1.196350645976292787e-02
9.324972698333344745e-01,-1.198387258244717687e-02
9.326972698333335643e-01,-1.200417322113254276e-02
9.328972698333337643e-01,-1.202440639242100331e-02
9.330972698333335202e-01,-1.204457013914154301e-02
9.332972698333330541e-01,-1.206466253032229333e-02
9.334972698333339203e-01,-1.208468166115886540e-02
9.336972698333336762e-01,-1.210462565297945950e-02
9.338972698333329880e-01,-1.212449265320828320e-02
9.340972698333320778e-01,-1.214428083532509070e-02
9.342972698333338322e-01,-1.216398839882265083e-02
9.344972698333331440e-01,-1.218361356916002058e-02
9.346972698333331220e-01,-1.220315459771574053e-02
9.348972698333328779e-01,-1.222260976173551381e-02
9.350972698333333000e-01,-1.224197736427896574e-02
9.352972698333332779e-01,-1.226125573416278654e-02
9.354972698333330339e-01,-1.228044322590190682e-02
9.356972698333339000e-01,-1.229953821964775880e-02
9.358972698333323237e-01,-1.231853912112335254e-02
9.360972698333340780e-01,-1.233744436155772943e-02
9.362972698333331678e-01,-1.235625239761452276e-02
9.364972698333338119e-01,-1.237496171132209527e-02
9.366972698333331238e-01,-1.239357080999748534e-02
9.368972698333328797e-01,-1.241207822617060655e-02
9.370972698333339679e-01,-1.243048251750443652e-02
9.372972698333328356e-01,-1.244878226671295926e-02
9.374972698333337018e-01,-1.246697608147825757e-02
9.376972698333319034e-01,-1.248506259436249662e-02
9.378972698333341018e-01,-1.250304046272106458e-02
9.380972698333327475e-01,-1.252090836860925496e-02
9.382972698333327255e-01,-1.253866501869134974e-02
9.384972698333335916e-01,-1.255630914414349215e-02
9.386972698333329035e-01,-1.257383950055634969e-02
9.388972698333339917e-01,-1.259125486783587052e-02
9.390972698333326374e-01,-1.260855405010009520e-02
9.392972698333341697e-01,-1.262573587557650270e-02
9.394972698333332595e-01,-1.264279919649407766e-02
9.396972698333339036e-01,-1.265974288897672891e-02
9.398972698333336595e-01,-1.267656585293164100e-02
9.400972698333331934e-01,-1.269326701193783727e-02
9.402972698333338375e-01,-1.270984531313167423e-02
9.404972698333329273e-01,-1.272629972709027855e-02
9.406972698333331273e-01,-1.274262924771425373e-02
9.408972698333328832e-01,-1.275883289210689303e-02
9.410972698333339714e-01,-1.277490970045300211e-02
9.412972698333332833e-01,-1.279085873589462345e-02
9.414972698333332612e-01,-1.280667908440645021e-02
9.416972698333339054e-01,-1.282236985466802051e-02
9.418972698333334392e-01,-1.283793017793490726e-02
9.420972698333340833e-01,-1.285335920790859135e-02
9.422972698333338393e-01,-1.286865612060357662e-02
9.424972698333333732e-01,-1.288382011421405210e-02
9.426972698333322409e-01,-1.289885040897814292e-02
9.428972698333342173e-01,-1.291374624704125576e-02
9.430972698333330850e-01,-1.292850689231647698e-02
9.432972698333335071e-01,-1.294313163034594392e-02
9.434972698333337071e-01,-1.295761976815812400e-02
9.436972698333332410e-01,-1.297197063412525858e-02
9.438972698333332190e-01,-1.298618357781900629e-02
9.440972698333329749e-01,-1.300025796986435493e-02
9.442972698333333970e-01,-1.301419320179271130e-02
9.444972698333318206e-01,-1.302798868589301155e-02
9.446972698333335750e-01,-1.304164385506275878e-02
9.448972698333328868e-01,-1.305515816265560153e-02
9.450972698333339750e-01,-1.306853108233053604e-02
9.452972698333335089e-01,-1.308176210789719317e-02
9.454972698333332648e-01,-1.309485075316198233e-02
9.456972698333345750e-01,-1.310779655177199757e-02
9.458972698333332207e-01,-1.312059905705767991e-02
9.460972698333334208e-01,-1.313325784187575895e-02
9.462972698333325106e-01,-1.314577249844919166e-02
9.464972698333335988e-01,-1.315814263820791474e-02
9.466972698333329106e-01,-1.317036789162694121e-02
9.468972698333328886e-01,-1.318244790806520628e-02
9.470972698333335327e-01,-1.319438235560201587e-02
9.472972698333330666e-01,-1.320617092087325237e-02
9.474972698333332666e-01,-1.321781330890696091e-02
9.476972698333328005e-01,-1.322930924295739191e-02
9.478972698333341107e-01,-1.324065846433901059e-02
9.480972698333334225e-01,-1.325186073225878211e-02
9.482972698333334005e-01,-1.326291582364890267e-02
9.484972698333336005e-01,-1.327382353299770903e-02
9.486972698333331344e-01,-1.328458367218047706e-02
9.488972698333340006e-01,-1.329519607028954199e-02
9.490972698333337565e-01,-1.330566057346335013e-02
9.492972698333335124e-01,-1.331597704471561457e-02
9.494972698333323802e-01,-1.332614536376323933e-02
9.496972698333339125e-01,-1.333616542685420528e-02
9.498972698333332243e-01,-1.334603714659413944e-02
9.500972698333329802e-01,-1.335576045177370996e-02
9.502972698333327362e-01,-1.336533528719421361e-02
9.504972698333333803e-01,-1.337476161349358990e-02
9.506972698333338023e-01,-1.338403940697157138e-02
9.508972698333335583e-01,-1.339316865941469689e-02
9.510972698333339803e-01,-1.340214937792108020e-02
9.512972698333321819e-01,-1.341098158472426617e-02
9.514972698333334922e-01,-1.341966531701788493e-02
9.516972698333330261e-01,-1.342820062677848106e-02
9.518972698333334481e-01,-1.343658758058981044e-02
9.520972698333332040e-01,-1.344482625946549423e-02
9.522972698333331820e-01,-1.345291675867251770e-02
9.524972698333338261e-01,-1.346085918755385302e-02
9.526972698333331380e-01,-1.346865366935131106e-02
9.528972698333340041e-01,-1.347630034102840005e-02
9.530972698333317616e-01,-1.348379935309245922e-02
9.532972698333335160e-01,-1.349115086941793037e-02
9.534972698333323837e-01,-1.349835506706789992e-02
9.536972698333330278e-01,-1.350541213611755262e-02
9.538972698333336719e-01,-1.351232227947599986e-02
9.540972698333334279e-01,-1.351908571270916438e-02
9.542972698333342940e-01,-1.352570266386245515e-02
9.544972698333329397e-01,-1.353217337328326171e-02
9.546972698333340279e-01,-1.353849809344419459e-02
9.548972698333328957e-01,-1.354467708876561441e-02
9.550972698333335398e-01,-1.355071063543932496e-02
9.552972698333332957e-01,-1.355659902125147878e-02
9.554972698333332737e-01,-1.356234254540651316e-02
9.556972698333336957e-01,-1.356794151835080328e-02
9.558972698333325635e-01,-1.357339626159676307e-02
9.560972698333334296e-01,-1.357870710754742298e-02
9.562972698333327415e-01,-1.358387439932079964e-02
9.564972698333344958e-01,-1.358889849057530810e-02
9.566972698333331415e-01,-1.359377974533471090e-02
9.568972698333331195e-01,-1.359851853781441668e-02
9.570972698333335416e-01,-1.360311525224723421e-02
9.572972698333332975e-01,-1.360757028271005614e-02
9.574972698333339416e-01,-1.361188403295104585e-02
9.576972698333339196e-01,-1.361605691621699255e-02
9.578972698333336755e-01,-1.362008935508136551e-02
9.580972698333320992e-01,-1.362398178127280715e-02
9.582972698333342976e-01,-1.362773463550425238e-02
9.584972698333329433e-01,-1.363134836730220747e-02
9.586972698333333653e-01,-1.363482343483733011e-02
9.588972698333331213e-01,-1.363816030475481153e-02
9.590972698333335433e-01,-1.364135945200593142e-02
9.592972698333330772e-01,-1.364442135967993200e-02
9.594972698333334993e-01,-1.364734651883667271e-02
9.596972698333336993e-01,-1.365013542833995973e-02
9.598972698333319009e-01,-1.365278859469144096e-02
9.600972698333336552e-01,-1.365530653186541182e-02
9.602972698333323009e-01,-1.365768976114401997e-02
9.604972698333340553e-01,-1.365993881095368782e-02
9.606972698333331451e-01,-1.366205421670170853e-02
9.608972698333335671e-01,-1.366403652061417943e-02
9.610972698333344333e-01,-1.366588627157434149e-02
9.612972698333333010e-01,-1.366760402496184496e-02
9.614972698333335011e-01,-1.366919034249297442e-02
9.616972698333319247e-01,-1.367064579206144284e-02
9.618972698333336790e-01,-1.367197094758037558e-02
9.620972698333323248e-01,-1.367316638882479750e-02
9.622972698333329689e-01,-1.367423270127536908e-02
9.624972698333336130e-01,-1.367517047596279733e-02
9.626972698333333689e-01,-1.367598030931323205e-02
9.628972698333331248e-01,-1.367666280299461787e-02
9.630972698333328808e-01,-1.367721856376402645e-02
9.632972698333344130e-01,-1.367764820331579360e-02
9.634972698333330587e-01,-1.367795233813088457e-02
9.636972698333337028e-01,-1.367813158932703298e-02
9.638972698333336808e-01,-1.367818658250999353e-02
9.640972698333334368e-01,-1.367811794762581121e-02
9.642972698333336368e-01,-1.367792631881408968e-02
9.644972698333338368e-01,-1.367761233426229711e-02
9.646972698333333707e-01,-1.367717663606123762e-02
9.648972698333329046e-01,-1.367661987006139716e-02
9.650972698333339928e-01,-1.367594268573055737e-02
9.652972698333326385e-01,-1.367514573601243816e-02
9.654972698333326164e-01,-1.367422967718635689e-02
9.656972698333330385e-01,-1.367319516872819198e-02
9.658972698333336826e-01,-1.367204287317228158e-02
9.660972698333341047e-01,-1.367077345597459380e-02
9.662972698333336385e-01,-1.366938758537695857e-02
9.664972698333338386e-01,-1.366788593227253983e-02
9.666972698333324843e-01,-1.366626917007241447e-02
9.668972698333342386e-01,-1.366453797457332225e-02
9.670972698333328843e-01,-1.366269302382667333e-02
9.672972698333337505e-01,-1.366073499800867126e-02
9.674972698333332843e-01,-1.365866457929170753e-02
9.676972698333337064e-01,-1.365648245171690971e-02
9.678972698333336844e-01,-1.365418930106797150e-02
9.680972698333329962e-01,-1.365178581474617986e-02
9.682972698333340844e-01,-1.364927268164660770e-02
9.684972698333318419e-01,-1.364665059203581422e-02
9.686972698333335963e-01,-1.364392023743033963e-02
9.688972698333322420e-01,-1.364108231047702138e-02
9.690972698333335522e-01,-1.363813750483404766e-02
9.692972698333339743e-01,-1.363508651505367791e-02
9.694972698333332861e-01,-1.363193003646603722e-02
9.696972698333345964e-01,-1.362866876506415789e-02
9.698972698333336862e-01,-1.362530339739061701e-02
9.700972698333341082e-01,-1.362183463042496330e-02
9.702972698333329760e-01,-1.361826316147303137e-02
9.704972698333331760e-01,-1.361458968805699839e-02
9.706972698333333760e-01,-1.361081490780721021e-02
9.708972698333333540e-01,-1.360693951835503096e-02
9.710972698333337760e-01,-1.360296421722717239e-02
9.712972698333330879e-01,-1.359888970174127562e-02
9.714972698333335099e-01,-1.359471666890271768e-02
9.716972698333325997e-01,-1.359044581530309895e-02
9.718972698333339100e-01,-1.358607783701951642e-02
9.720972698333332218e-01,-1.358161342951583715e-02
9.722972698333329777e-01,-1.357705328754466208e-02
9.724972698333338439e-01,-1.357239810505107662e-02
9.726972698333333778e-01,-1.356764857507761386e-02
9.728972698333337998e-01,-1.356280538967042336e-02
9.730972698333339999e-01,-1.355786923978706884e-02
9.732972698333330897e-01,-1.355284081520547954e-02
9.734972698333324015e-01,-1.354772080443415565e-02
9.736972698333341558e-01,-1.354250989462399933e-02
9.738972698333328015e-01,-1.353720877148152299e-02
9.740972698333330015e-01,-1.353181811918281220e-02
9.742972698333334236e-01,-1.352633862028970735e-02
9.744972698333336236e-01,-1.352077095566672077e-02
9.746972698333333796e-01,-1.351511580439953945e-02
9.748972698333333575e-01,-1.350937384371483571e-02
9.750972698333335575e-01,-1.350354574890145175e-02
9.752972698333322032e-01,-1.349763219323301365e-02
9.754972698333335135e-01,-1.349163384789151508e-02
9.756972698333330474e-01,-1.348555138189306245e-02
9.758972698333336915e-01,-1.347938546201392536e-02
9.760972698333334474e-01,-1.347313675271884573e-02
9.762972698333336474e-01,-1.346680591609008409e-02
9.764972698333342915e-01,-1.346039361175816775e-02
9.766972698333331593e-01,-1.345390049683390515e-02
9.768972698333333593e-01,-1.344732722584140831e-02
9.770972698333322271e-01,-1.344067445065315509e-02
9.772972698333335373e-01,-1.343394282042550784e-02
9.774972698333324050e-01,-1.342713298153657385e-02
9.776972698333326051e-01,-1.342024557752422194e-02
9.778972698333336933e-01,-1.341328124902651554e-02
9.780972698333330051e-01,-1.340624063372292119e-02
9.782972698333334272e-01,-1.339912436627663239e-02
9.784972698333331831e-01,-1.339193307827886946e-02
9.786972698333344933e-01,-1.338466739819380372e-02
9.788972698333333611e-01,-1.337732795130540907e-02
9.790972698333337831e-01,-1.336991535966487558e-02
9.792972698333330950e-01,-1.336243024204020018e-02
9.794972698333332950e-01,-1.335487321386623176e-02
9.796972698333339391e-01,-1.334724488719666625e-02
9.798972698333336950e-01,-1.333954587065694537e-02
9.800972698333336730e-01,-1.333177676939845471e-02
9.802972698333332069e-01,-1.332393818505419117e-02
9.804972698333340730e-01,-1.331603071569544168e-02
9.806972698333327187e-01,-1.330805495579013772e-02
9.808972698333324747e-01,-1.330001149616172156e-02
9.810972698333331188e-01,-1.329190092395012360e-02
9.812972698333335408e-01,-1.328372382257348057e-02
9.814972698333335188e-01,-1.327548077169110607e-02
9.816972698333339409e-01,-1.326717234716779346e-02
9.818972698333339189e-01,-1.325879912103940413e-02
9.820972698333318984e-01,-1.325036166147956079e-02
9.822972698333340968e-01,-1.324186053276722903e-02
9.824972698333331866e-01,-1.323329629525672041e-02
9.826972698333333867e-01,-1.322466950534698441e-02
9.828972698333335867e-01,-1.321598071545381295e-02
9.830972698333331206e-01,-1.320723047398231036e-02
9.832972698333335426e-01,-1.319841932530063308e-02
9.834972698333328545e-01,-1.318954780971533236e-02
9.836972698333339427e-01,-1.318061646344708369e-02
9.838972698333317002e-01,-1.317162581860868362e-02
9.840972698333336766e-01,-1.316257640318247921e-02
9.842972698333321002e-01,-1.315346874100133817e-02
9.844972698333336325e-01,-1.314430335172793625e-02
9.846972698333338325e-01,-1.313508075083780896e-02
9.848972698333335885e-01,-1.312580144960152906e-02
9.850972698333342326e-01,-1.311646595506893095e-02
9.852972698333335444e-01,-1.310707477005449567e-02
9.854972698333335224e-01,-1.309762839312312264e-02
9.856972698333326122e-01,-1.308812731857779757e-02
9.858972698333328122e-01,-1.307857203644760893e-02
9.860972698333330122e-01,-1.306896303247740906e-02
9.862972698333334343e-01,-1.305930078811807366e-02
9.864972698333340784e-01,-1.304958578051799295e-02
9.866972698333333902e-01,-1.303981848251567488e-02
9.868972698333338123e-01,-1.302999936263290331e-02
9.870972698333331241e-01,-1.302012888506972124e-02
9.872972698333335462e-01,-1.301020750969945558e-02
9.874972698333330801e-01,-1.300023569206559815e-02
9.876972698333328360e-01,-1.299021388337892949e-02
9.878972698333339242e-01,-1.298014253051606171e-02
9.880972698333336801e-01,-1.297002207601901172e-02
9.882972698333343242e-01,-1.295985295809506943e-02
9.884972698333340801e-01,-1.294963561061850295e-02
9.886972698333331699e-01,-1.293937046313239220e-02
9.888972698333324818e-01,-1.292905794085178264e-02
9.890972698333337920e-01,-1.291869846466769250e-02
9.892972698333328818e-01,-1.290829245115228049e-02
9.894972698333326377e-01,-1.289784031256397540e-02
9.896972698333330598e-01,-1.288734245685456761e-02
9.898972698333337039e-01,-1.287679928767658175e-02
9.900972698333336819e-01,-1.286621120439161714e-02
9.902972698333332158e-01,-1.285557860207941182e-02
9.904972698333340819e-01,-1.284490187154783102e-02
9.906972698333325056e-01,-1.283418139934404054e-02
9.908972698333331497e-01,-1.282341756776535224e-02
9.910972698333331277e-01,-1.281261075487252418e-02
9.912972698333331056e-01,-1.280176133450233560e-02
9.914972698333335277e-01,-1.279086967628174573e-02
9.916972698333335057e-01,-1.277993614564267369e-02
9.918972698333339277e-01,-1.276896110383729868e-02
9.920972698333332396e-01,-1.275794490795452082e-02
9.922972698333334396e-01,-1.274688791093651734e-02
9.924972698333320853e-01,-1.273579046159688949e-02
9.926972698333331735e-01,-1.272465290463835157e-02
9.928972698333320412e-01,-1.271347558067266632e-02
9.930972698333324633e-01,-1.270225882623940775e-02
9.932972698333337735e-01,-1.269100297382705009e-02
9.934972698333333074e-01,-1.267970835189392506e-02
9.936972698333341736e-01,-1.266837528488946873e-02
9.938972698333332634e-01,-1.265700409327723611e-02
9.940972698333336854e-01,-1.264559509355717495e-02
9.942972698333332193e-01,-1.263414859828984257e-02
9.944972698333331973e-01,-1.262266491612010558e-02
9.946972698333331753e-01,-1.261114435180217541e-02
9.948972698333333753e-01,-1.259958720622485553e-02
9.950972698333340194e-01,-1.258799377643747552e-02
9.952972698333331092e-01,-1.257636435567649827e-02
9.954972698333335313e-01,-1.256469923339213930e-02
9.956972698333332872e-01,-1.255299869527645718e-02
9.958972698333332652e-01,-1.254126302329100495e-02
9.960972698333327990e-01,-1.252949249569564744e-02
9.962972698333323329e-01,-1.251768738707751891e-02
9.964972698333334211e-01,-1.250584796838056720e-02
9.966972698333338432e-01,-1.249397450693590789e-02
9.968972698333344873e-01,-1.248206726649192869e-02
9.970972698333344653e-01,-1.247012650724554222e-02
9.972972698333335551e-01,-1.245815248587345617e-02
9.974972698333322008e-01,-1.244614545556402101e-02
9.976972698333339551e-01,-1.243410566604931725e-02
9.978972698333328228e-01,-1.242203336363863903e-02
9.980972698333332449e-01,-1.240992879125031936e-02
9.982972698333336670e-01,-1.239779218844619911e-02
9.984972698333336449e-01,-1.238562379146502905e-02
9.986972698333336229e-01,-1.237342383325664395e-02
9.988972698333333788e-01,-1.236119254351670041e-02
9.990972698333335789e-01,-1.234893014872134702e-02
9.992972698333315584e-01,-1.233663687216283306e-02
9.994972698333335348e-01,-1.232431293398421682e-02
9.996972698333328466e-01,-1.231195855121659626e-02
9.998972698333334908e-01,-1.229957393781382427e-02
1.000097268533332695e+00,-1.228715938548222142e-02
1.000297268533332673e+00,-1.227471494074079857e-02
1.000497268533333095e+00,-1.226224088913141497e-02
1.000697268533333073e+00,-1.224973743266897369e-02
1.000897268533333051e+00,-1.223720477047657122e-02
1.001097268533333251e+00,-1.222464309882334219e-02
1.001297268533333895e+00,-1.221205261116236132e-02
1.001497268533333873e+00,-1.219943349816890281e-02
1.001697268533332963e+00,-1.218678594777865970e-02
1.001897268533332497e+00,-1.217411014522628079e-02
1.002097268533333585e+00,-1.216140627308420243e-02
1.002297268533334007e+00,-1.214867451130177342e-02
1.002497268533333319e+00,-1.213591503724400014e-02
1.002697268533333297e+00,-1.212312802573076338e-02
1.002897268533333719e+00,-1.211031364907643251e-02
1.003097268533334141e+00,-1.209747207712928707e-02
1.003297268533332787e+00,-1.208460347731120203e-02
1.003497268533332987e+00,-1.207170801465697052e-02
1.003697268533332743e+00,-1.205878585185482174e-02
1.003897268533334053e+00,-1.204583714928576799e-02
1.004097268533332699e+00,-1.203286206506427522e-02
1.004297268533333565e+00,-1.201986075507736201e-02
1.004497268533333099e+00,-1.200683337302591719e-02
1.004697268533333077e+00,-1.199378007046398610e-02
1.004897268533334609e+00,-1.198070099683946378e-02
1.005097268533332144e+00,-1.196759629953475859e-02
1.005297268533333233e+00,-1.195446612390583044e-02
1.005497268533333877e+00,-1.194131061332413812e-02
1.005697268533334299e+00,-1.192812990921599502e-02
1.005897268533332944e+00,-1.191492415110328301e-02
1.006097268533333366e+00,-1.190169347664335811e-02
1.006297268533334011e+00,-1.188843802167006275e-02
1.006497268533333322e+00,-1.187515792023366434e-02
1.006697268533333745e+00,-1.186185330464089790e-02
1.006897268533332390e+00,-1.184852430549578756e-02
1.007097268533332812e+00,-1.183517105173903516e-02
1.007297268533333234e+00,-1.182179367068895634e-02
1.007497268533333212e+00,-1.180839228808103041e-02
1.007697268533333412e+00,-1.179496702810792913e-02
1.007897268533333168e+00,-1.178151801345955763e-02
1.008097268533334034e+00,-1.176804536536261644e-02
1.008297268533334012e+00,-1.175454920362067369e-02
1.008497268533333102e+00,-1.174102964665338714e-02
1.008697268533332414e+00,-1.172748681153604373e-02
1.008897268533333502e+00,-1.171392081403894482e-02
1.009097268533333924e+00,-1.170033176866693871e-02
1.009297268533333458e+00,-1.168671978869806685e-02
1.009497268533333436e+00,-1.167308498622256392e-02
1.009697268533333192e+00,-1.165942747218185957e-02
1.009897268533333836e+00,-1.164574735640697134e-02
1.010097268533333148e+00,-1.163204474765730002e-02
1.010297268533333348e+00,-1.161831975365836857e-02
1.010497268533332438e+00,-1.160457248114054284e-02
1.010697268533333748e+00,-1.159080303587626398e-02
1.010897268533333726e+00,-1.157701152271865645e-02
1.011097268533333260e+00,-1.156319804563820698e-02
1.011297268533332794e+00,-1.154936270776046707e-02
1.011497268533333660e+00,-1.153550561140303209e-02
1.011697268533334526e+00,-1.152162685811268170e-02
1.011897268533332284e+00,-1.150772654870197559e-02
1.012097268533333594e+00,-1.149380478328485174e-02
1.012297268533333128e+00,-1.147986166131435316e-02
1.012497268533333994e+00,-1.146589728161713159e-02
1.012697268533332640e+00,-1.145191174243018889e-02
1.012897268533333506e+00,-1.143790514143529571e-02
1.013097268533333040e+00,-1.142387757579528713e-02
1.013297268533333462e+00,-1.140982914218798688e-02
1.013497268533334328e+00,-1.139575993684147082e-02
1.013697268533332529e+00,-1.138167005556838841e-02
1.013897268533332952e+00,-1.136755959379931805e-02
1.014097268533333152e+00,-1.135342864661761583e-02
1.014297268533333796e+00,-1.133927730879219671e-02
1.014497268533332885e+00,-1.132510567481112215e-02
1.014697268533332863e+00,-1.131091383891401521e-02
1.014897268533333730e+00,-1.129670189512511219e-02
1.015097268533333263e+00,-1.128246993728556323e-02
1.015297268533334130e+00,-1.126821805908485678e-02
1.015497268533332553e+00,-1.125394635409329019e-02
1.015697268533332975e+00,-1.123965491579224582e-02
1.015897268533333619e+00,-1.122534383760620189e-02
1.016097268533332709e+00,-1.121101321293294442e-02
1.016297268533333575e+00,-1.119666313517354503e-02
1.016497268533333109e+00,-1.118229369776314701e-02
1.016697268533333975e+00,-1.116790499419972882e-02
1.016897268533333509e+00,-1.115349711807420846e-02
1.017097268533332821e+00,-1.113907016309871427e-02
1.017297268533332577e+00,-1.112462422313546459e-02
1.017497268533333887e+00,-1.111015939222494142e-02
1.017697268533334309e+00,-1.109567576461403977e-02
1.017897268533333177e+00,-1.108117343478317619e-02
1.018097268533333377e+00,-1.106665249747329667e-02
1.018297268533333577e+00,-1.105211304771318639e-02
1.018497268533333999e+00,-1.103755518084545938e-02
1.018697268533332423e+00,-1.102297899255284819e-02
1.018897268533333289e+00,-1.100838457888315795e-02
1.019097268533332823e+00,-1.099377203627561680e-02
1.019297268533333689e+00,-1.097914146158467455e-02
1.019497268533333223e+00,-1.096449295210531576e-02
1.019697268533333645e+00,-1.094982660559644903e-02
1.019897268533332735e+00,-1.093514252030523132e-02
1.020097268533333601e+00,-1.092044079498970775e-02
1.020297268533334467e+00,-1.090572152894242995e-02
1.020497268533332003e+00,-1.089098482201276454e-02
1.020697268533333091e+00,-1.087623077462810881e-02
1.020897268533333513e+00,-1.086145948781719849e-02
1.021097268533333935e+00,-1.084667106323022184e-02
1.021297268533332803e+00,-1.083186560316027128e-02
1.021497268533333447e+00,-1.081704321056330652e-02
1.021697268533333869e+00,-1.080220398907902508e-02
1.021897268533333181e+00,-1.078734804305004832e-02
1.022097268533334269e+00,-1.077247547754103807e-02
1.022297268533332470e+00,-1.075758639835837360e-02
1.022497268533332448e+00,-1.074268091206738093e-02
1.022697268533333315e+00,-1.072775912601149628e-02
1.022897268533333737e+00,-1.071282114832947108e-02
1.023097268533333271e+00,-1.069786708797256132e-02
1.023297268533333249e+00,-1.068289705472123124e-02
1.023497268533333671e+00,-1.066791115920177890e-02
1.023697268533333649e+00,-1.065290951290229909e-02
1.023897268533333182e+00,-1.063789222818810332e-02
1.024097268533332716e+00,-1.062285941831691422e-02
1.024297268533333138e+00,-1.060781119745356042e-02
1.024497268533333560e+00,-1.059274768068452569e-02
1.024697268533333538e+00,-1.057766898403162889e-02
1.024897268533333516e+00,-1.056257522446548552e-02
1.025097268533332828e+00,-1.054746651991875055e-02
1.025297268533333916e+00,-1.053234298929844187e-02
1.025497268533333450e+00,-1.051720475249884323e-02
1.025697268533333206e+00,-1.050205193041252837e-02
1.025897268533332074e+00,-1.048688464494233405e-02
1.026097268533333162e+00,-1.047170301901187081e-02
1.026297268533333584e+00,-1.045650717657684893e-02
1.026497268533333340e+00,-1.044129724263458472e-02
1.026697268533333318e+00,-1.042607334323391970e-02
1.026897268533333740e+00,-1.041083560548466784e-02
1.027097268533334384e+00,-1.039558415756655640e-02
1.027297268533332364e+00,-1.038031912873792380e-02
1.027497268533333230e+00,-1.036504064934298634e-02
1.027697268533332764e+00,-1.034974885082095251e-02
1.027897268533333630e+00,-1.033444386571206151e-02
1.028097268533332276e+00,-1.031912582766548320e-02
1.028297268533333808e+00,-1.030379487144469572e-02
1.028497268533333564e+00,-1.028845113293499342e-02
1.028697268533333098e+00,-1.027309474914796239e-02
1.028897268533334852e+00,-1.025772585822718949e-02
1.029097268533332166e+00,-1.024234459945395220e-02
1.029297268533333032e+00,-1.022695111324989879e-02
1.029497268533333454e+00,-1.021154554118320484e-02
1.029697268533333654e+00,-1.019612802597107126e-02
1.029897268533333188e+00,-1.018069871148343658e-02
1.030097268533333166e+00,-1.016525774274575078e-02
1.030297268533334254e+00,-1.014980526594169014e-02
1.030497268533333566e+00,-1.013434142841559103e-02
1.030697268533334210e+00,-1.011886637867350815e-02
1.030897268533332412e+00,-1.010338026638563959e-02
1.031097268533332612e+00,-1.008788324238617598e-02
1.031297268533333256e+00,-1.007237545867511672e-02
1.031497268533333012e+00,-1.005685706841804791e-02
1.031697268533333656e+00,-1.004132822594584404e-02
1.031897268533333190e+00,-1.002578908675480149e-02
1.032097268533334056e+00,-1.001023980750515713e-02
1.032297268533334034e+00,-9.994680546020649411e-03
1.032497268533333123e+00,-9.979111461286445384e-03
1.032697268533332213e+00,-9.963532713447381672e-03
1.032897268533333524e+00,-9.947944463805657306e-03
1.033097268533333501e+00,-9.932346874818835311e-03
1.033297268533333035e+00,-9.916740110096081834e-03
1.033497268533333235e+00,-9.901124334395227516e-03
1.033697268533333435e+00,-9.885499713619299786e-03
1.033897268533333857e+00,-9.869866414812317884e-03
1.034097268533332947e+00,-9.854224606155249228e-03
1.034297268533332925e+00,-9.838574456960886769e-03
1.034497268533332459e+00,-9.822916137669494840e-03
1.034697268533333325e+00,-9.807249819842959668e-03
1.034897268533332859e+00,-9.791575676159796834e-03
1.035097268533333281e+00,-9.775893880408444842e-03
1.035297268533333259e+00,-9.760204607481687972e-03
1.035497268533333681e+00,-9.744508033369618516e-03
1.035697268533334769e+00,-9.728804335152996252e-03
1.035897268533332305e+00,-9.713093690996333837e-03
1.036097268533333171e+00,-9.697376280139183291e-03
1.036297268533332705e+00,-9.681652282890125180e-03
1.036497268533334015e+00,-9.665921880617142636e-03
1.036697268533333105e+00,-9.650185255740408377e-03
1.036897268533333971e+00,-9.634442591722412394e-03
1.037097268533333949e+00,-9.618694073060155697e-03
1.037297268533333483e+00,-9.602939885275109735e-03
1.037497268533334349e+00,-9.587180214903854095e-03
1.037697268533332107e+00,-9.571415249488837360e-03
1.037897268533332751e+00,-9.555645177567000798e-03
1.038097268533333173e+00,-9.539870188660960759e-03
1.038297268533333373e+00,-9.524090473267445012e-03
1.038497268533333351e+00,-9.508306222846645006e-03
1.038697268533333329e+00,-9.492517629811073748e-03
1.038897268533334195e+00,-9.476724887514161727e-03
1.039097268533333729e+00,-9.460928190238884067e-03
1.039297268533333707e+00,-9.445127733185353786e-03
1.039497268533332353e+00,-9.429323712459268536e-03
1.039697268533333219e+00,-9.413516325058848139e-03
1.039897268533333419e+00,-9.397705768863185913e-03
1.040097268533333175e+00,-9.381892242618650180e-03
1.040297268533333597e+00,-9.366075945926012614e-03
1.040497268533333353e+00,-9.350257079227434348e-03
1.040697268533333997e+00,-9.334435843792544818e-03
1.040897268533333087e+00,-9.318612441705278679e-03
1.041097268533333065e+00,-9.302787075849267701e-03
1.041297268533331710e+00,-9.286959949894446967e-03
1.041497268533333243e+00,-9.271131268281853494e-03
1.041697268533333443e+00,-9.255301236210287941e-03
1.041897268533333198e+00,-9.239470059620509546e-03
1.042097268533333176e+00,-9.223637945180745978e-03
1.042297268533333598e+00,-9.207805100271606452e-03
1.042497268533334243e+00,-9.191971732970821360e-03
1.042697268533332444e+00,-9.176138052037912524e-03
1.042897268533333310e+00,-9.160304266897768832e-03
1.043097268533332400e+00,-9.144470587626208138e-03
1.043297268533333266e+00,-9.128637224932623084e-03
1.043497268533332356e+00,-9.112804390145032990e-03
1.043697268533334110e+00,-9.096972295192613453e-03
1.043897268533333200e+00,-9.081141152590649357e-03
1.044097268533333178e+00,-9.065311175422464257e-03
1.044297268533334488e+00,-9.049482577323643070e-03
1.044497268533332246e+00,-9.033655572465302402e-03
1.044697268533333112e+00,-9.017830375535784010e-03
1.044897268533333090e+00,-9.002007201725198415e-03
1.045097268533333512e+00,-8.986186266706931020e-03
1.045297268533333046e+00,-8.970367786620862122e-03
1.045497268533333912e+00,-8.954551978055310182e-03
1.045697268533333890e+00,-8.938739058030081841e-03
1.045897268533333646e+00,-8.922929243978083846e-03
1.046097268533333846e+00,-8.907122753727727757e-03
1.046297268533332492e+00,-8.891319805485131678e-03
1.046497268533332470e+00,-8.875520617815492799e-03
1.046697268533332892e+00,-8.859725409625582304e-03
1.046897268533332870e+00,-8.843934400145195968e-03
1.047097268533333736e+00,-8.828147808908620373e-03
1.047297268533333270e+00,-8.812365855736681991e-03
1.047497268533334136e+00,-8.796588760717542060e-03
1.047697268533334114e+00,-8.780816744188898321e-03
1.047897268533332982e+00,-8.765050026718766013e-03
1.048097268533331849e+00,-8.749288829086812255e-03
1.048297268533333382e+00,-8.733533372265529088e-03
1.048497268533333582e+00,-8.717783877402051837e-03
1.048697268533333116e+00,-8.702040565798326022e-03
1.048897268533333760e+00,-8.686303658892443463e-03
1.049097268533333516e+00,-8.670573378239997478e-03
1.049297268533334160e+00,-8.654849945494445806e-03
1.049497268533333028e+00,-8.639133582388642749e-03
1.049697268533333228e+00,-8.623424510714901986e-03
1.049897268533332095e+00,-8.607722952306749026e-03
1.050097268533333628e+00,-8.592029129018716876e-03
1.050297268533333606e+00,-8.576343262708303189e-03
1.050497268533333584e+00,-8.560665575215634093e-03
1.050697268533333339e+00,-8.544996288344765614e-03
1.050897268533333317e+00,-8.529335623844221809e-03
1.051097268533335072e+00,-8.513683803387673416e-03
1.051297268533332163e+00,-8.498041048555338151e-03
1.051497268533333695e+00,-8.482407580812843101e-03
1.051697268533332785e+00,-8.466783621494385764e-03
1.051897268533333651e+00,-8.451169391781311949e-03
1.052097268533333185e+00,-8.435565112684267203e-03
1.052297268533334051e+00,-8.419971005022893612e-03
1.052497268533333585e+00,-8.404387289407413975e-03
1.052697268533333119e+00,-8.388814186218666868e-03
1.052897268533334874e+00,-8.373251915589127042e-03
1.053097268533332409e+00,-8.357700697384409794e-03
1.053297268533332609e+00,-8.342160751182440409e-03
1.053497268533333031e+00,-8.326632296256006316e-03
1.053697268533333231e+00,-8.311115551552823374e-03
1.053897268533333431e+00,-8.295610735676526779e-03
1.054097268533333187e+00,-8.280118066867771243e-03
1.054297268533334275e+00,-8.264637762985006797e-03
1.054497268533333365e+00,-8.249170041486113270e-03
1.054697268533333565e+00,-8.233715119408617500e-03
1.054897268533331989e+00,-8.218273213351844769e-03
1.055097268533333299e+00,-8.202844539457063155e-03
1.055297268533333277e+00,-8.187429313390063440e-03
1.055497268533332811e+00,-8.172027750321443976e-03
1.055697268533334121e+00,-8.156640064908269455e-03
1.055897268533333655e+00,-8.141266471276178973e-03
1.056097268533334521e+00,-8.125907182999917225e-03
1.056297268533333167e+00,-8.110562413086063599e-03
1.056497268533333145e+00,-8.095232373953636235e-03
1.056697268533332013e+00,-8.079917277416939075e-03
1.056897268533333101e+00,-8.064617334666516341e-03
1.057097268533333523e+00,-8.049332756252049886e-03
1.057297268533333057e+00,-8.034063752063754296e-03
1.057497268533333923e+00,-8.018810531314535250e-03
1.057697268533333901e+00,0.000000000000000000e+00
1.057897268533334767e+00,0.000000000000000000e+00
1.058097268533332524e+00,0.000000000000000000e+00
1.058297268533333169e+00,0.000000000000000000e+00
1.058497268533332480e+00,0.000000000000000000e+00
1.058697268533333569e+00,0.000000000000000000e+00
1.058897268533332436e+00,0.000000000000000000e+00
1.059097268533333969e+00,0.000000000000000000e+00
1.059297268533333281e+00,-1.022000275667921294e-02
1.059497268533333258e+00,-1.023579417054642018e-02
1.059697268533335013e+00,-1.025161465388499220e-02
1.059897268533332326e+00,-1.026746426758766949e-02
1.060097268533333192e+00,-1.028334307268946590e-02
1.060297268533333170e+00,-1.029925113036591830e-02
1.060497268533333592e+00,-1.031518850193489240e-02
1.060697268533333126e+00,-1.033115524885628959e-02
1.060897268533333992e+00,-1.034715143273286925e-02
1.061097268533333970e+00,-1.036317711531001620e-02
1.061297268533333060e+00,-1.037923235847660469e-02
1.061497268533333926e+00,-1.039531722426540426e-02
1.061697268533332128e+00,-1.041143177485267211e-02
1.061897268533332550e+00,-1.042757607255980802e-02
1.062097268533333194e+00,-1.044375017985244708e-02
1.062297268533332506e+00,-1.045995415934137564e-02
1.062497268533333372e+00,-1.047618807378324426e-02
1.062697268533333350e+00,-1.049245198608011326e-02
1.062897268533333994e+00,-1.050874595928059756e-02
1.063097268533333750e+00,-1.052507005657962562e-02
1.063297268533333284e+00,-1.054142434131923739e-02
1.063497268533332374e+00,-1.055780887698870053e-02
1.063697268533333240e+00,-1.057422372722512972e-02
1.063897268533333662e+00,-1.059066895581329062e-02
1.064097268533333196e+00,-1.060714462668644123e-02
1.064297268533334062e+00,-1.062365080392679677e-02
1.064497268533333152e+00,-1.064018755176520357e-02
1.064697268533334462e+00,-1.065675493458251646e-02
1.064897268533333108e+00,-1.067335301690864463e-02
1.065097268533333086e+00,-1.068998186342435229e-02
1.065297268533332176e+00,-1.070664153896038785e-02
1.065497268533333042e+00,-1.072333210849871730e-02
1.065697268533333464e+00,-1.074005363717209054e-02
1.065897268533333220e+00,-1.075680619026494339e-02
1.066097268533333642e+00,-1.077358983321369951e-02
1.066297268533333620e+00,-1.079040463160681022e-02
1.066497268533334708e+00,-1.080725065118547275e-02
1.066697268533332466e+00,-1.082412795784329015e-02
1.066897268533332888e+00,-1.084103661762796100e-02
1.067097268533332866e+00,-1.085797669673998697e-02
1.067297268533333732e+00,-1.087494826153411788e-02
1.067497268533333044e+00,-1.089195137851902556e-02
1.067697268533334132e+00,-1.090898611435842450e-02
1.067897268533333666e+00,-1.092605253587032241e-02
1.068097268533333422e+00,-1.094315071002838549e-02
1.068297268533334954e+00,-1.096028070396176321e-02
1.068497268533332267e+00,-1.097744258495481420e-02
1.068697268533332245e+00,-1.099463642044913939e-02
1.068897268533332667e+00,-1.101186227804203804e-02
1.069097268533333533e+00,-1.102912022548776377e-02
1.069297268533332845e+00,-1.104641033069748805e-02
1.069497268533333045e+00,-1.106373266174013811e-02
1.069697268533334356e+00,-1.108108728684213673e-02
1.069897268533333223e+00,-1.109847427438756008e-02
1.070097268533334312e+00,-1.111589369291945267e-02
1.070297268533332069e+00,-1.113334561113854537e-02
1.070497268533332935e+00,-1.115083009790543596e-02
1.070697268533333579e+00,-1.116834722223900185e-02
1.070897268533332447e+00,-1.118589705331766472e-02
1.071097268533333979e+00,-1.120347966048003581e-02
1.071297268533333735e+00,-1.122109511322389071e-02
1.071497268533334157e+00,-1.123874348120779479e-02
1.071697268533333691e+00,-1.125642483425042147e-02
1.071897268533333225e+00,-1.127413924233135883e-02
1.072097268533332315e+00,-1.129188677559102988e-02
1.072297268533333403e+00,-1.130966750433131524e-02
1.072497268533333603e+00,-1.132748149901504492e-02
1.072697268533332693e+00,-1.134532883026695416e-02
1.072897268533334003e+00,-1.136320956887398176e-02
1.073097268533333981e+00,-1.138112378578455194e-02
1.073297268533334403e+00,-1.139907155210989967e-02
1.073497268533332605e+00,-1.141705293912338021e-02
1.073697268533332805e+00,-1.143506801826169560e-02
1.073897268533332561e+00,-1.145311686112388157e-02
1.074097268533333649e+00,-1.147119953947245766e-02
1.074297268533332961e+00,-1.148931612523279924e-02
1.074497268533333605e+00,-1.150746669049430501e-02
1.074697268533332917e+00,-1.152565130750948970e-02
1.074897268533333339e+00,-1.154387004869512207e-02
1.075097268533334649e+00,-1.156212298663167153e-02
1.075297268533332407e+00,-1.158041019406329947e-02
1.075497268533333273e+00,-1.159873174389941877e-02
1.075697268533333251e+00,-1.161708770921281511e-02
1.075897268533334117e+00,-1.163547816324126023e-02
1.076097268533332763e+00,-1.165390317938666889e-02
1.076297268533334073e+00,-1.167236283121636173e-02
1.076497268533334051e+00,-1.169085719246162371e-02
1.076697268533333141e+00,-1.170938633701898608e-02
1.076897268533334451e+00,-1.172795033895018303e-02
1.077097268533332208e+00,-1.174654927248110041e-02
1.077297268533332630e+00,-1.176518321200378629e-02
1.077497268533333052e+00,-1.178385223207455840e-02
1.077697268533333474e+00,-1.180255640741509869e-02
1.077897268533333230e+00,-1.182129581291217757e-02
1.078097268533333208e+00,-1.184007052361787417e-02
1.078297268533334297e+00,-1.185888061474942023e-02
1.078497268533333608e+00,-1.187772616168884278e-02
1.078697268533333364e+00,-1.189660723998377245e-02
1.078897268533332454e+00,-1.191552392534661782e-02
1.079097268533333320e+00,-1.193447629365518119e-02
1.079297268533333964e+00,-1.195346442095180858e-02
1.079497268533333276e+00,-1.197248838344387029e-02
1.079697268533333698e+00,-1.199154825750388051e-02
1.079897268533333232e+00,-1.201064411966868729e-02
1.080097268533334098e+00,-1.202977604664014211e-02
1.080297268533333188e+00,-1.204894411528411452e-02
1.080497268533333610e+00,-1.206814840263139600e-02
1.080697268533332034e+00,-1.208738898587639020e-02
1.080897268533333122e+00,-1.210666594237830296e-02
1.081097268533333544e+00,-1.212597934965942148e-02
1.081297268533332634e+00,-1.214532928540596607e-02
1.081497268533333500e+00,-1.216471582746794788e-02
1.081697268533333922e+00,-1.218413905385809862e-02
1.081897268533334344e+00,-1.220359904275236836e-02
1.082097268533332546e+00,-1.222309587248916925e-02
1.082297268533332968e+00,-1.224262962157000346e-02
1.082497268533332502e+00,-1.226220036865776492e-02
1.082697268533333368e+00,-1.228180819257770374e-02
1.082897268533332902e+00,-1.230145317231608713e-02
1.083097268533333768e+00,-1.232113538702086543e-02
1.083297268533333746e+00,-1.234085491600027916e-02
1.083497268533333280e+00,-1.236061183872325456e-02
1.083697268533334590e+00,-1.238040623481886753e-02
1.083897268533332348e+00,-1.240023818407503392e-02
1.084097268533332326e+00,-1.242010776643990948e-02
1.084297268533332748e+00,-1.244001506201955487e-02
1.084497268533333170e+00,-1.245996015107837113e-02
1.084697268533332704e+00,-1.247994311403837972e-02
1.084897268533333570e+00,-1.249996403147908899e-02
1.085097268533334880e+00,-1.252002298413630067e-02
1.085297268533333526e+00,-1.254012005290164496e-02
1.085497268533334392e+00,-1.256025531882299512e-02
1.085697268533332371e+00,-1.258042886310209614e-02
1.085897268533332571e+00,-1.260064076709590739e-02
1.086097268533333438e+00,-1.262089111231426072e-02
1.086297268533332083e+00,-1.264117998041974777e-02
1.086497268533333616e+00,-1.266150745322791073e-02
1.086697268533333371e+00,-1.268187361270473219e-02
1.086897268533334238e+00,-1.270227854096764135e-02
1.087097268533333994e+00,-1.272272232028344441e-02
1.087297268533333749e+00,-1.274320503306836973e-02
1.087497268533332395e+00,-1.276372676188667135e-02
1.087697268533333705e+00,-1.278428758945050064e-02
1.087897268533333683e+00,-1.280488759861772227e-02
1.088097268533332773e+00,-1.282552687239224727e-02
1.088297268533334083e+00,-1.284620549392291589e-02
1.088497268533334061e+00,-1.286692354650156855e-02
1.088697268533334483e+00,-1.288768111356326795e-02
1.088897268533332685e+00,-1.290847827868429366e-02
1.089097268533333107e+00,-1.292931512558224277e-02
1.089297268533331975e+00,-1.295019173811338443e-02
1.089497268533333507e+00,-1.297110820027321150e-02
1.089697268533332375e+00,-1.299206459619347241e-02
1.089897268533333241e+00,-1.301306101014302295e-02
1.090097268533333441e+00,-1.303409752652480436e-02
1.090297268533333641e+00,-1.305517422987572881e-02
1.090497268533334729e+00,-1.307629120486505231e-02
1.090697268533332487e+00,-1.309744853629253754e-02
1.090897268533333575e+00,-1.311864630908876964e-02
1.091097268533332443e+00,-1.313988460831132937e-02
1.091297268533333753e+00,-1.316116351914580276e-02
1.091497268533332621e+00,-1.318248312690218325e-02
1.091697268533334153e+00,-1.320384351701549448e-02
1.091897268533334131e+00,-1.322524477504222022e-02
1.092097268533333221e+00,-1.324668698666022978e-02
1.092297268533334531e+00,-1.326817023766696177e-02
1.092497268533332289e+00,-1.328969461397657044e-02
1.092697268533332711e+00,-1.331126020162046349e-02
1.092897268533332689e+00,-1.333286708674335727e-02
1.093097268533333111e+00,-1.335451535560292988e-02
1.093297268533333089e+00,-1.337620509456742199e-02
1.093497268533333067e+00,-1.339793639011413462e-02
1.093697268533334377e+00,-1.341970932882752092e-02
1.093897268533333911e+00,-1.344152399739671939e-02
1.094097268533333889e+00,-1.346338048261463277e-02
1.094297268533332090e+00,-1.348527887137487835e-02
1.094497268533333179e+00,-1.350721925067100565e-02
1.094697268533333601e+00,-1.352920170759274593e-02
1.094897268533332912e+00,-1.355122632932515524e-02
1.095097268533334001e+00,-1.357329320314642693e-02
1.095297268533333757e+00,-1.359540241642469456e-02
1.095497268533334623e+00,-1.361755405661702230e-02
1.095697268533333713e+00,-1.363974821126591810e-02
1.095897268533333690e+00,-1.366198496799815414e-02
1.096097268533332336e+00,-1.368426441452124005e-02
1.096297268533332758e+00,-1.370658663862210115e-02
1.096497268533333180e+00,-1.372895172816344586e-02
1.096697268533332714e+00,-1.375135977108184540e-02
1.096897268533333580e+00,-1.377381085538542660e-02
1.097097268533334002e+00,-1.379630506915040938e-02
1.097297268533334647e+00,-1.381884250051910491e-02
1.097497268533333070e+00,-1.384142323769660399e-02
1.097697268533332826e+00,-1.386404736894895906e-02
1.097897268533332138e+00,-1.388671498259906253e-02
1.098097268533333004e+00,-1.390942616702479234e-02
1.098297268533332538e+00,-1.393218101065503943e-02
1.098497268533333626e+00,-1.395497960196792966e-02
1.098697268533333826e+00,-1.397782202948648703e-02
1.098897268533333804e+00,-1.400070838177644786e-02
1.099097268533334670e+00,-1.402363874744282611e-02
1.099297268533332428e+00,-1.404661321512598419e-02
1.099497268533332850e+00,-1.406963187350008734e-02
1.099697268533332828e+00,-1.409269481126758719e-02
1.099897268533333250e+00,-1.411580211715730317e-02
1.100097268533333228e+00,-1.413895387992027651e-02
1.100297268533333650e+00,-1.416215018832664950e-02
1.100497268533334294e+00,-1.418539113116175886e-02
1.100697268533333828e+00,-1.420867679722246681e-02
1.100897268533334472e+00,-1.423200727531397612e-02
1.101097268533332230e+00,-1.425538265424496423e-02
1.101297268533332430e+00,-1.427880302282548593e-02
1.101497268533333074e+00,-1.430226846986120195e-02
1.101697268533332386e+00,-1.432577908415023221e-02
1.101897268533333474e+00,-1.434933495447969845e-02
1.102097268533333008e+00,-1.437293616962030847e-02
1.102297268533334318e+00,-1.439658281832370025e-02
1.102497268533334296e+00,-1.442027498931668962e-02
1.102697268533333608e+00,-1.444401277129816509e-02
1.102897268533332475e+00,-1.446779625293424625e-02
1.103097268533333342e+00,-1.449162552285413602e-02
1.103297268533333764e+00,-1.451550066964478816e-02
1.103497268533332631e+00,-1.453942178184706308e-02
1.103697268533333942e+00,-1.456338894795154194e-02
1.103897268533333698e+00,-1.458740225639224182e-02
1.104097268533334120e+00,-1.461146179554352088e-02
1.104297268533333209e+00,-1.463556765371397915e-02
1.104497268533333409e+00,-1.465971991914255534e-02
1.104697268533332277e+00,-1.468391867999238772e-02
1.104897268533333143e+00,-1.470816402434704968e-02
1.105097268533332899e+00,-1.473245604020386769e-02
1.105297268533332655e+00,-1.475679481547002847e-02
1.105497268533333521e+00,-1.478118043795671917e-02
1.105697268533333943e+00,-1.480561299537343223e-02
1.105897268533335032e+00,-1.483009257532314981e-02
1.106097268533332789e+00,-1.485461926529585419e-02
1.106297268533332989e+00,-1.487919315266472003e-02
1.106497268533332967e+00,-1.490381432467818151e-02
1.106697268533333389e+00,-1.492848286845560764e-02
1.106897268533332923e+00,-1.495319887098076929e-02
1.107097268533333567e+00,-1.497796241909655178e-02
1.107297268533333545e+00,-1.500277359949808188e-02
1.107497268533333967e+00,-1.502763249872739529e-02
1.107697268533334611e+00,-1.505253920316675618e-02
1.107897268533332813e+00,-1.507749379903224746e-02
1.108097268533333013e+00,-1.510249637236856998e-02
1.108297268533332769e+00,-1.512754700904087382e-02
1.108497268533332747e+00,-1.515264579472948639e-02
1.108697268533332725e+00,-1.517779281492275673e-02
1.108897268533333147e+00,-1.520298815491059885e-02
1.109097268533334457e+00,-1.522823189977756328e-02
1.109297268533333991e+00,-1.525352413439559802e-02
1.109497268533333969e+00,-1.527886494341809329e-02
1.109697268533332615e+00,-1.530425441127167101e-02
1.109897268533333037e+00,-1.532969262215018967e-02
1.110097268533333681e+00,-1.535517966000630313e-02
1.110297268533332327e+00,-1.538071560854458765e-02
1.110497268533333859e+00,-1.540630055121517197e-02
1.110697268533333393e+00,-1.543193457120404545e-02
1.110897268533334259e+00,-1.545761775142773069e-02
1.111097268533333793e+00,-1.548335017452380676e-02
1.111297268533333549e+00,-1.550913192284439010e-02
1.111497268533332416e+00,-1.553496307844739327e-02
1.111697268533332839e+00,-1.556084372308932928e-02
1.111897268533333705e+00,-1.558677393821630147e-02
1.112097268533332350e+00,-1.561275380495612090e-02
1.112297268533333661e+00,-1.563878340411119228e-02
1.112497268533334083e+00,-1.566486281614808129e-02
1.112697268533334505e+00,-1.569099212119072148e-02
1.112897268533333150e+00,-1.571717139901092700e-02
1.113097268533333128e+00,-1.574340072902072687e-02
1.113297268533332440e+00,-1.576968019026227588e-02
1.113497268533332862e+00,-1.579600986140018704e-02
1.113697268533332174e+00,-1.582238982071151878e-02
1.113897268533333040e+00,-1.584882014607793405e-02
1.114097268533333462e+00,-1.587530091497521209e-02
1.114297268533334329e+00,-1.590183220446505022e-02
1.114497268533334751e+00,-1.592841409118504054e-02
1.114697268533332952e+00,-1.595504665133933020e-02
1.114897268533332930e+00,-1.598172996068995128e-02
1.115097268533333352e+00,-1.600846409454566993e-02
1.115297268533332886e+00,-1.603524912775288261e-02
1.115497268533332864e+00,-1.606208513468616872e-02
1.115697268533333508e+00,-1.608897218923771924e-02
1.115897268533334152e+00,-1.611591036480734818e-02
1.116097268533334130e+00,-1.614289973429236871e-02
1.116297268533334108e+00,-1.616994037007750060e-02
1.116497268533332532e+00,-1.619703234402397607e-02
1.116697268533332732e+00,-1.622417572745999542e-02
1.116897268533333154e+00,-1.625137059116880250e-02
1.117097268533331800e+00,-1.627861700537851924e-02
1.117297268533332666e+00,-1.630591503975224385e-02
1.117497268533333088e+00,-1.633326476337535263e-02
1.117697268533334176e+00,-1.636066624474590697e-02
1.117897268533334376e+00,-1.638811955176258661e-02
1.118097268533333466e+00,-1.641562475171400026e-02
1.118297268533332556e+00,-1.644318191126733705e-02
1.118497268533333200e+00,-1.647079109645670572e-02
1.118697268533333844e+00,-1.649845237267112338e-02
1.118897268533332490e+00,-1.652616580464313228e-02
1.119097268533333578e+00,-1.655393145643799940e-02
1.119297268533333778e+00,-1.658174939143980051e-02
1.119497268533333978e+00,-1.660961967234106038e-02
1.119697268533333734e+00,-1.663754236112987422e-02
1.119897268533333712e+00,-1.666551751907797627e-02
1.120097268533332802e+00,-1.669354520672799644e-02
1.120297268533333224e+00,-1.672162548388171632e-02
1.120497268533333202e+00,-1.674975840958647239e-02
1.120697268533332513e+00,-1.677794404212323842e-02
1.120897268533333158e+00,-1.680618243899392739e-02
1.121097268533334024e+00,-1.683447365690774605e-02
1.121297268533334446e+00,-1.686281775176870848e-02
1.121497268533333092e+00,-1.689121477866228210e-02
1.121697268533333514e+00,-1.691966479184303304e-02
1.121897268533332825e+00,-1.694816784471958604e-02
1.122097268533333025e+00,-1.697672398984285957e-02
1.122297268533332781e+00,-1.700533327889126520e-02
1.122497268533333425e+00,-1.703399576265794690e-02
1.122697268533333403e+00,-1.706271149103615048e-02
1.122897268533334270e+00,-1.709148051300622348e-02
1.123097268533334248e+00,-1.712030287662067579e-02
1.123297268533333337e+00,-1.714917862899079798e-02
1.123497268533332871e+00,-1.717810781627239491e-02
1.123697268533332627e+00,-1.720709048365099553e-02
1.123897268533333049e+00,-1.723612667532779114e-02
1.124097268533332361e+00,-1.726521643450460233e-02
1.124297268533333449e+00,-1.729435980337029610e-02
1.124497268533333871e+00,-1.732355682308449676e-02
1.124697268533334071e+00,-1.735280753376394758e-02
1.124897268533333605e+00,-1.738211197446697109e-02
1.125097268533332695e+00,-1.741147018317863032e-02
1.125297268533332895e+00,-1.744088219679558113e-02
1.125497268533333317e+00,-1.747034805111025851e-02
1.125697268533332407e+00,-1.749986778079573591e-02
1.125897268533333495e+00,-1.752944141939098699e-02
1.126097268533333473e+00,-1.755906899928364601e-02
1.126297268533333673e+00,-1.758875055169588017e-02
1.126497268533334317e+00,-1.761848610666769815e-02
1.126697268533333185e+00,-1.764827569304090737e-02
1.126897268533332941e+00,-1.767811933844409128e-02
1.127097268533333363e+00,-1.770801706927536273e-02
1.127297268533333563e+00,-1.773796891068643924e-02
1.127497268533332653e+00,-1.776797488656643373e-02
1.127697268533333741e+00,-1.779803501952596095e-02
1.127897268533333941e+00,-1.782814933087916234e-02
1.128097268533334141e+00,-1.785831784062847857e-02
1.128297268533333453e+00,-1.788854056744713927e-02
1.128497268533332987e+00,-1.791881752866285316e-02
1.128697268533332521e+00,-1.794914874024038792e-02
1.128897268533333165e+00,-1.797953421676496896e-02
1.129097268533332254e+00,-1.800997397142433884e-02
1.129297268533333121e+00,-1.804046801599308580e-02
1.129497268533333099e+00,-1.807101636081346122e-02
1.129697268533333965e+00,-1.810161901477960397e-02
1.129897268533334387e+00,-1.813227598531885407e-02
1.130097268533333033e+00,-1.816298727837470373e-02
1.130297268533333011e+00,-1.819375289838976589e-02
1.130497268533332988e+00,-1.822457284828664023e-02
1.130697268533333855e+00,-1.825544712945114875e-02
1.130897268533332722e+00,-1.828637574171341693e-02
1.131097268533333811e+00,-1.831735868333156034e-02
1.131297268533333789e+00,-1.834839595097131557e-02
1.131497268533333767e+00,-1.837948753968971297e-02
1.131697268533333745e+00,-1.841063344291596349e-02
1.131897268533332834e+00,-1.844183365243309836e-02
1.132097268533333034e+00,-1.847308815836019857e-02
1.132297268533333234e+00,-1.850439694913290356e-02
1.132497268533332324e+00,-1.853576001148533881e-02
1.132697268533332746e+00,-1.856717733043203311e-02
1.132897268533333390e+00,-1.859864888924805254e-02
1.133097268533334034e+00,-1.863017466945091072e-02
1.133297268533334901e+00,-1.866175465078163259e-02
1.133497268533333546e+00,-1.869338881118531165e-02
1.133697268533333080e+00,-1.872507712679342962e-02
1.133897268533333058e+00,-1.875681957190331040e-02
1.134097268533333924e+00,-1.878861611895974240e-02
1.134297268533333014e+00,-1.882046673853508822e-02
1.134497268533333880e+00,-1.885237139931154188e-02
1.134697268533333636e+00,-1.888433006805979864e-02
1.134897268533334280e+00,-1.891634270962147882e-02
1.135097268533333814e+00,-1.894840928688827641e-02
1.135297268533333348e+00,-1.898052976078363693e-02
1.135497268533333326e+00,-1.901270409024260685e-02
1.135697268533332860e+00,-1.904493223219210635e-02
1.135897268533333282e+00,-1.907721414153195141e-02
1.136097268533332594e+00,-1.910954977111421413e-02
1.136297268533333238e+00,-1.914193907172478948e-02
1.136497268533334104e+00,-1.917438199206232541e-02
1.136697268533333638e+00,-1.920687847871894310e-02
1.136897268533333394e+00,-1.923942847616096768e-02
1.137097268533332706e+00,-1.927203192670819132e-02
1.137297268533333128e+00,-1.930468877051469412e-02
1.137497268533333328e+00,-1.933739894554806910e-02
1.137697268533332862e+00,-1.937016238757009734e-02
1.137897268533333506e+00,-1.940297903011692360e-02
1.138097268533333262e+00,-1.943584880447812857e-02
1.138297268533333906e+00,-1.946877163967788982e-02
1.138497268533333884e+00,-1.950174746245376955e-02
1.138697268533333196e+00,-1.953477619723748351e-02
1.138897268533332952e+00,-1.956785776613469141e-02
1.139097268533332930e+00,-1.960099208890454109e-02
1.139297268533333352e+00,-1.963417908293986144e-02
1.139497268533332663e+00,-1.966741866324665799e-02
1.139697268533333085e+00,-1.970071074242496154e-02
1.139897268533333730e+00,-1.973405523064756042e-02
1.140097268533333708e+00,-1.976745203564039821e-02
1.140297268533333686e+00,-1.980090106266278391e-02
1.140497268533333219e+00,-1.983440221448678348e-02
1.140697268533332753e+00,-1.986795539137751337e-02
1.140897268533333619e+00,-1.990156049107310449e-02
1.141097268533332265e+00,-1.993521740876362525e-02
1.141297268533333575e+00,-1.996892603707332847e-02
1.141497268533333553e+00,-2.000268626603774955e-02
1.141697268533333975e+00,-2.003649798308615448e-02
1.141897268533333953e+00,-2.007036107302019937e-02
1.142097268533333043e+00,-2.010427541799453960e-02
1.142297268533333021e+00,-2.013824089749724489e-02
1.142497268533333443e+00,-2.017225738832921153e-02
1.142697268533333865e+00,-2.020632476458477517e-02
1.142897268533332955e+00,-2.024044289763176491e-02
1.143097268533333821e+00,-2.027461165609274751e-02
1.143297268533333799e+00,-2.030883090582364520e-02
1.143497268533333999e+00,-2.034310050989572224e-02
1.143697268533333311e+00,-2.037742032857512917e-02
1.143897268533332845e+00,-2.041179021930413645e-02
1.144097268533332823e+00,-2.044621003668121648e-02
1.144297268533333245e+00,-2.048067963244187134e-02
1.144497268533332779e+00,-2.051519885543914498e-02
1.144697268533332757e+00,-2.054976755162520388e-02
1.144897268533333179e+00,-2.058438556403150224e-02
1.145097268533333601e+00,-2.061905273274999145e-02
1.145297268533334245e+00,-2.065376889491439202e-02
1.145497268533333113e+00,-2.068853388468087570e-02
1.145697268533333091e+00,-2.072334753321058640e-02
1.145897268533333291e+00,-2.075820966864957984e-02
1.146097268533333713e+00,-2.079312011611102531e-02
1.146297268533332581e+00,-2.082807869765646372e-02
1.146497268533333447e+00,-2.086308523227875175e-02
1.146697268533333425e+00,-2.089813953588179687e-02
1.146897268533333403e+00,-2.093324142126436888e-02
1.147097268533333381e+00,-2.096839069810137179e-02
1.147297268533333359e+00,-2.100358717292625729e-02
1.147497268533333337e+00,-2.103883064911334783e-02
1.147697268533333093e+00,-2.107412092686032981e-02
1.147897268533333293e+00,-2.110945780317112497e-02
1.148097268533332826e+00,-2.114484107183827594e-02
1.148297268533333249e+00,-2.118027052342654620e-02
1.148497268533333671e+00,-2.121574594525534041e-02
1.148697268533334093e+00,-2.125126712138243612e-02
1.148897268533333182e+00,-2.128683383258714659e-02
1.149097268533333160e+00,-2.132244585635477419e-02
1.149297268533333138e+00,-2.135810296685925966e-02
1.149497268533333783e+00,-2.139380493494800334e-02
1.149697268533333094e+00,-2.142955152812536790e-02
1.149897268533333516e+00,-2.146534251053822812e-02
1.150097268533333272e+00,-2.150117764295907466e-02
1.150297268533333916e+00,-2.153705668277218835e-02
1.150497268533333894e+00,-2.157297938395739273e-02
1.150697268533333206e+00,-2.160894549707617282e-02
1.150897268533332962e+00,-2.164495476925700629e-02
1.151097268533332940e+00,-2.168100694418062871e-02
1.151297268533333362e+00,-2.171710176206614884e-02
1.151497268533332452e+00,-2.175323895965685511e-02
1.151697268533333318e+00,-2.178941827020771521e-02
1.151897268533333962e+00,-2.182563942347027011e-02
1.152097268533333718e+00,-2.186190214568062978e-02
1.152297268533333252e+00,-2.189820615954656338e-02
1.152497268533333230e+00,-2.193455118423473169e-02
1.152697268533333208e+00,-2.197093693535805484e-02
1.152897268533333630e+00,-2.200736312496407235e-02
1.153097268533332720e+00,-2.204382946152255024e-02
1.153297268533333364e+00,-2.208033564991523229e-02
1.153497268533332898e+00,-2.211688139142280879e-02
1.153697268533333542e+00,-2.215346638371584048e-02
1.153897268533333964e+00,-2.219009032084266753e-02
1.154097268533333054e+00,-2.222675289321974709e-02
1.154297268533333476e+00,-2.226345378762238647e-02
1.154497268533333010e+00,-2.230019268717339104e-02
1.154697268533333432e+00,-2.233696927133543841e-02
1.154897268533332966e+00,-2.237378321590068053e-02
1.155097268533333388e+00,-2.241063419298330514e-02
1.155297268533333810e+00,-2.244752187101015442e-02
1.155497268533333788e+00,-2.248444591471328649e-02
1.155697268533333544e+00,-2.252140598512243977e-02
1.155897268533333078e+00,-2.255840173955755978e-02
1.156097268533332834e+00,-2.259543283162206151e-02
1.156297268533333478e+00,-2.263249891119631027e-02
1.156497268533332567e+00,-2.266959962443089449e-02
1.156697268533333212e+00,-2.270673461374240684e-02
1.156897268533333190e+00,-2.274390351780622085e-02
1.157097268533333612e+00,-2.278110597155302494e-02
1.157297268533334256e+00,-2.281834160616353496e-02
1.157497268533333123e+00,-2.285561004906421639e-02
1.157697268533333101e+00,-2.289291092392492163e-02
1.157897268533333524e+00,-2.293024385065397727e-02
1.158097268533333501e+00,-2.296760844539593588e-02
1.158297268533332591e+00,-2.300500432052943883e-02
1.158497268533333457e+00,-2.304243108466566894e-02
1.158697268533333657e+00,-2.307988834264532857e-02
1.158897268533333635e+00,-2.311737569553917043e-02
1.159097268533333391e+00,-2.315489274064670006e-02
1.159297268533332925e+00,-2.319243907149628331e-02
1.159497268533333125e+00,-2.323001427784565295e-02
1.159697268533333325e+00,-2.326761794568230762e-02
1.159897268533332637e+00,-2.330524965722513900e-02
1.160097268533332837e+00,-2.334290899092693328e-02
1.160297268533333259e+00,-2.338059552147566181e-02
1.160497268533333903e+00,-2.341830881979802340e-02
1.160697268533334103e+00,-2.345604845306266395e-02
1.160897268533333193e+00,-2.349381398468413859e-02
1.161097268533333171e+00,-2.353160497432798745e-02
1.161297268533333149e+00,-2.356942097791468738e-02
1.161497268533334015e+00,-2.360726154762605999e-02
1.161697268533332883e+00,-2.364512623191044119e-02
1.161897268533333305e+00,-2.368301457549121941e-02
1.162097268533333283e+00,-2.372092611937186291e-02
1.162297268533333705e+00,-2.375886040084538783e-02
1.162497268533333461e+00,-2.379681695350184881e-02
1.162697268533333439e+00,-2.383479530723806028e-02
1.162897268533333417e+00,-2.387279498826669344e-02
1.163097268533332951e+00,-2.391081551912664638e-02
1.163297268533333373e+00,-2.394885641869422613e-02
1.163497268533332463e+00,-2.398691720219364026e-02
1.163697268533332885e+00,-2.402499738121064571e-02
1.163897268533333973e+00,-2.406309646370371341e-02
1.164097268533333729e+00,-2.410121395401779512e-02
1.164297268533333263e+00,-2.413934935289915179e-02
1.164497268533333241e+00,-2.417750215750933199e-02
1.164697268533333219e+00,-2.421567186144036113e-02
1.164897268533333641e+00,-2.425385795473117279e-02
1.165097268533332731e+00,-2.429205992388363752e-02
1.165297268533333375e+00,-2.433027725188125281e-02
1.165497268533333131e+00,-2.436850941820527944e-02
1.165697268533333997e+00,-2.440675589885534999e-02
1.165897268533333975e+00,-2.444501616636735042e-02
1.166097268533333065e+00,-2.448328968983465651e-02
1.166297268533333042e+00,-2.452157593492905463e-02
1.166497268533333020e+00,-2.455987436392147172e-02
1.166697268533333443e+00,-2.459818443570506094e-02
1.166897268533332532e+00,-2.463650560581769067e-02
1.167097268533332954e+00,-2.467483732646698000e-02
1.167297268533333821e+00,-2.471317904655340875e-02
1.167497268533333799e+00,-2.475153021169624809e-02
1.167697268533333332e+00,-2.478989026426012959e-02
1.167897268533332866e+00,-2.482825864338160382e-02
1.168097268533333066e+00,-2.486663478499690633e-02
1.168297268533333488e+00,-2.490501812187008446e-02
1.168497268533332356e+00,-2.494340808362234888e-02
1.168697268533333222e+00,-2.498180409676338531e-02
1.168897268533333200e+00,-2.502020558471998793e-02
1.169097268533333622e+00,-2.505861196786984824e-02
1.169297268533334044e+00,-2.509702266357289463e-02
1.169497268533333134e+00,-2.513543708620493908e-02
1.169697268533333112e+00,-2.517385464719261098e-02
1.169897268533333534e+00,-2.521227475504736817e-02
1.170097268533333512e+00,-2.525069681540171099e-02
1.170297268533332824e+00,-2.528912023104628801e-02
1.170497268533333468e+00,-2.532754440196779283e-02
1.170697268533333668e+00,-2.536596872538628145e-02
1.170897268533333868e+00,-2.540439259579581333e-02
1.171097268533333402e+00,-2.544281540500408639e-02
1.171297268533332936e+00,-2.548123654217400100e-02
1.171497268533332914e+00,-2.551965539386556736e-02
1.171697268533333336e+00,-2.555807134407880529e-02
1.171897268533332648e+00,-2.559648377429744881e-02
1.172097268533332848e+00,-2.563489206353468386e-02
1.172297268533332826e+00,-2.567329558837773765e-02
1.172497268533333692e+00,-2.571169372303555231e-02
1.172697268533334114e+00,-2.575008583938550102e-02
1.172897268533332982e+00,-2.578847130702245291e-02
1.173097268533333182e+00,-2.582684949330909391e-02
1.173297268533333604e+00,-2.586521976342484597e-02
1.173497268533334026e+00,-2.590358148041825570e-02
1.173697268533332672e+00,-2.594193400525897017e-02
1.173897268533333316e+00,-2.598027669689248476e-02
1.174097268533333516e+00,-2.601860891229224038e-02
1.174297268533333494e+00,-2.605693000651684854e-02
1.174497268533333472e+00,-2.609523933276573088e-02
1.174697268533333228e+00,-2.613353624243659398e-02
1.174897268533333428e+00,-2.617182008518398328e-02
1.175097268533333184e+00,-2.621009020897822894e-02
1.175297268533333384e+00,-2.624834596016648036e-02
1.175497268533332473e+00,-2.628658668353334865e-02
1.175697268533333117e+00,-2.632481172236463690e-02
1.175897268533333762e+00,-2.636302041850931144e-02
1.176097268533333962e+00,-2.640121211244485927e-02
1.176297268533333273e+00,-2.643938614334292656e-02
1.176497268533333473e+00,-2.647754184913618525e-02
1.176697268533333229e+00,-2.651567856658507832e-02
1.176897268533333873e+00,-2.655379563134772219e-02
1.177097268533333185e+00,-2.659189237804845951e-02
1.177297268533333163e+00,-2.662996814035032550e-02
1.177497268533333141e+00,-2.666802225102565121e-02
1.177697268533334007e+00,-2.670605404202995928e-02
1.177897268533333541e+00,-2.674406284457515187e-02
1.178097268533333297e+00,-2.678204798920611959e-02
1.178297268533333497e+00,-2.682000880587609437e-02
1.178497268533333031e+00,-2.685794462402403895e-02
1.178697268533333453e+00,-2.689585477265392030e-02
1.178897268533332543e+00,-2.693373858041317459e-02
1.179097268533332965e+00,-2.697159537567510312e-02
1.179297268533334053e+00,-2.700942448661912063e-02
1.179497268533333587e+00,-2.704722524131411912e-02
1.179697268533333343e+00,-2.708499696780363938e-02
1.179897268533333321e+00,-2.712273899418993564e-02
1.180097268533333521e+00,-2.716045064872085746e-02
1.180297268533333721e+00,-2.719813125987705429e-02
1.180497268533332811e+00,-2.723578015646076558e-02
1.180697268533333455e+00,-2.727339666768624493e-02
1.180897268533333211e+00,-2.731098012326921981e-02
1.181097268533333411e+00,-2.734852985352042437e-02
1.181297268533333833e+00,-2.738604518943806021e-02
1.181497268533333145e+00,-2.742352546280206471e-02
1.181697268533333345e+00,-2.746097000627061024e-02
1.181897268533333101e+00,-2.749837815347540640e-02
1.182097268533333523e+00,-2.753574923912085679e-02
1.182297268533332613e+00,-2.757308259908184192e-02
1.182497268533333257e+00,-2.761037757050550934e-02
1.182697268533333901e+00,-2.764763349191082242e-02
1.182897268533333435e+00,-2.768484970329208872e-02
1.183097268533333191e+00,-2.772202554622287679e-02
1.183297268533333169e+00,-2.775916036396041536e-02
1.183497268533333369e+00,-2.779625350155166125e-02
1.183697268533333569e+00,-2.783330430594060934e-02
1.183897268533332436e+00,-2.787031212607649772e-02
1.184097268533333303e+00,-2.790727631302446568e-02
1.184297268533333281e+00,-2.794419622007431742e-02
1.184497268533333703e+00,-2.798107120285431640e-02
1.184697268533334125e+00,-2.801790061944334220e-02
1.184897268533333214e+00,-2.805468383048524694e-02
1.185097268533333414e+00,-2.809142019930522399e-02
1.185297268533333614e+00,-2.812810909202520873e-02
1.185497268533333592e+00,-2.816474987768240179e-02
1.185697268533332682e+00,-2.820134192834828843e-02
1.185897268533333548e+00,-2.823788461924930243e-02
1.186097268533333748e+00,-2.827437732888691407e-02
1.186297268533333504e+00,-2.831081943916148244e-02
1.186497268533333260e+00,-2.834721033549563937e-02
1.186697268533333016e+00,-2.838354940695913403e-02
1.186897268533333660e+00,-2.841983604639520058e-02
1.187097268533333416e+00,-2.845606965054721382e-02
1.187297268533332506e+00,-2.849224962018797463e-02
1.187497268533332706e+00,-2.852837536024941181e-02
1.187697268533333350e+00,-2.856444627995259611e-02
1.187897268533333550e+00,-2.860046179294016208e-02
1.188097268533334194e+00,-2.863642131740993038e-02
1.188297268533333284e+00,-2.867232427624829064e-02
1.188497268533333484e+00,-2.870817009716719256e-02
1.188697268533333684e+00,-2.874395821283920807e-02
1.188897268533333662e+00,-2.877968806103635077e-02
1.189097268533332752e+00,-2.881535908476861446e-02
1.189297268533333396e+00,-2.885097073242496105e-02
1.189497268533333596e+00,-2.888652245791318435e-02
1.189697268533333574e+00,-2.892201372080355562e-02
1.189897268533333330e+00,-2.895744398647197987e-02
1.190097268533333530e+00,-2.899281272624495281e-02
1.190297268533333730e+00,-2.902811941754492031e-02
1.190497268533333042e+00,-2.906336354403768821e-02
1.190697268533333020e+00,-2.909854459578084182e-02
1.190897268533332554e+00,-2.913366206937215847e-02
1.191097268533332976e+00,-2.916871546810092392e-02
1.191297268533333842e+00,-2.920370430209856191e-02
1.191497268533333376e+00,-2.923862808849143208e-02
1.191697268533333132e+00,-2.927348635155530704e-02
1.191897268533333332e+00,-2.930827862286925628e-02
1.192097268533333310e+00,-2.934300444147169493e-02
1.192297268533333732e+00,-2.937766335401770582e-02
1.192497268533332822e+00,-2.941225491493646566e-02
1.192697268533333466e+00,-2.944677868659148490e-02
1.192897268533333444e+00,-2.948123423943926208e-02
1.193097268533333644e+00,-2.951562115219173721e-02
1.193297268533333622e+00,-2.954993901197800615e-02
1.193497268533333155e+00,-2.958418741450781486e-02
1.193697268533333578e+00,-2.961836596423613951e-02
1.193897268533332889e+00,-2.965247427452786383e-02
1.194097268533333311e+00,-2.968651196782531171e-02
1.194297268533332623e+00,-2.972047867581439212e-02
1.194497268533333045e+00,-2.975437403959435220e-02
1.194697268533333911e+00,-2.978819770984611828e-02
1.194897268533333445e+00,-2.982194934700290248e-02
1.195097268533333423e+00,-2.985562862142245727e-02
1.195297268533332957e+00,-2.988923521355830309e-02
1.195497268533333379e+00,-2.992276881413392930e-02
1.195697268533333357e+00,-2.995622912431621099e-02
1.195897268533332447e+00,-2.998961585589121626e-02
1.196097268533333313e+00,-3.002292873144066926e-02
1.196297268533333513e+00,-3.005616748451762563e-02
1.196497268533333269e+00,-3.008933185982579431e-02
1.196697268533333691e+00,-3.012242161339800245e-02
1.196897268533333225e+00,-3.015543651277534376e-02
1.197097268533333647e+00,-3.018837633718877284e-02
1.197297268533333403e+00,-3.022124087773955109e-02
1.197497268533333603e+00,-3.025402993758238498e-02
1.197697268533332693e+00,-3.028674333210783914e-02
1.197897268533333559e+00,-3.031938088912739318e-02
1.198097268533333981e+00,-3.035194244905668748e-02
1.198297268533333515e+00,-3.038442786510221760e-02
1.198497268533333271e+00,-3.041683700344764013e-02
1.198697268533333027e+00,-3.044916974344049482e-02
1.198897268533333449e+00,-3.048142597778041168e-02
1.199097268533333205e+00,-3.051360561270724525e-02
1.199297268533332517e+00,-3.054570856819113431e-02
1.199497268533333161e+00,-3.057773477812244373e-02
1.199697268533333139e+00,-3.060968419050180342e-02
1.199897268533333561e+00,-3.064155676763254121e-02
1.200097268533333761e+00,-3.067335248631223796e-02
1.200297268533333073e+00,-3.070507133802563571e-02
1.200497268533333495e+00,-3.073671332913847226e-02
1.200697268533333695e+00,-3.076827848109080221e-02
1.200897268533333673e+00,-3.079976683059214640e-02
1.201097268533332318e+00,-3.083117842981646442e-02
1.201297268533333629e+00,-3.086251334659902840e-02
1.201497268533333607e+00,-3.089377166463059057e-02
1.201697268533333363e+00,-3.092495348365648100e-02
1.201897268533333341e+00,-3.095605891967311007e-02
1.202097268533333541e+00,-3.098708810512594558e-02
1.202297268533333519e+00,-3.101804118910793037e-02
1.202497268533333052e+00,-3.104891833755854189e-02
1.202697268533333030e+00,-3.107971973346321595e-02
1.202897268533332786e+00,-3.111044557705275326e-02
1.203097268533333430e+00,-3.114109608600405116e-02
1.203297268533333630e+00,-3.117167149563994377e-02
1.203497268533333830e+00,-3.120217205913092262e-02
1.203697268533333142e+00,-3.123259804769594472e-02
1.203897268533333786e+00,-3.126294975080468053e-02
1.204097268533333320e+00,-3.129322747637838797e-02
1.204297268533333742e+00,-3.132343155099350657e-02
1.204497268533333054e+00,-3.135356232008284366e-02
1.204697268533333476e+00,-3.138362014813968204e-02
1.204897268533333232e+00,-3.141360541891946578e-02
1.205097268533333654e+00,-3.144351853564416460e-02
1.205297268533333632e+00,-3.147335992120472992e-02
1.205497268533333610e+00,-3.150313001836529958e-02
1.205697268533333588e+00,-3.153282928996662543e-02
1.205897268533332900e+00,-3.156245821912980615e-02
1.206097268533333100e+00,-3.159201730946064463e-02
1.206297268533332634e+00,-3.162150708525289511e-02
1.206497268533333278e+00,-3.165092809169304383e-02
1.206697268533334144e+00,-3.168028089506386841e-02
1.206897268533333234e+00,-3.170956608294828172e-02
1.207097268533333212e+00,-3.173878426443454276e-02
1.207297268533333412e+00,-3.176793607031896949e-02
1.207497268533333390e+00,-3.179702215331024762e-02
1.207697268533333812e+00,-3.182604318823365613e-02
1.207897268533332680e+00,-3.185499987223398832e-02
1.208097268533333324e+00,-3.188389292498028382e-02
1.208297268533333302e+00,-3.191272308886770881e-02
1.208497268533333502e+00,-3.194149112922206601e-02
1.208697268533333702e+00,-3.197019783450191777e-02
1.208897268533333236e+00,-3.199884401650156945e-02
1.209097268533333214e+00,-3.202743051055376156e-02
1.209297268533332748e+00,-3.205595817573127920e-02
1.209497268533333614e+00,-3.208442789504931808e-02
1.209697268533332704e+00,-3.211284057566594907e-02
1.209897268533333126e+00,-3.214119714908467845e-02
1.210097268533333992e+00,-3.216949857135366353e-02
1.210297268533333526e+00,-3.219774582326628831e-02
1.210497268533333282e+00,-3.222593991056160040e-02
1.210697268533333260e+00,-3.225408186412267314e-02
1.210897268533333238e+00,-3.228217274017562005e-02
1.211097268533333660e+00,-3.231021362048781820e-02
1.211297268533332527e+00,-3.233820561256496584e-02
1.211497268533333393e+00,-3.236614984984925031e-02
1.211697268533333371e+00,-3.239404749191385213e-02
1.211897268533333571e+00,-3.242189972466001657e-02
1.212097268533333772e+00,-3.244970776051137040e-02
1.212297268533332861e+00,-3.247747283860796808e-02
1.212497268533333283e+00,-3.250519622500037953e-02
1.212697268533333705e+00,-3.253287921284141182e-02
1.212897268533333239e+00,-3.256052312257828873e-02
1.213097268533332773e+00,-3.258812930214383119e-02
1.213297268533333417e+00,-3.261569912714640251e-02
1.213497268533333839e+00,-3.264323400105843126e-02
1.213697268533333595e+00,-3.267073535540523238e-02
1.213897268533333573e+00,-3.269820464995212839e-02
1.214097268533333107e+00,-3.272564337289025210e-02
1.214297268533333529e+00,-3.275305304102216208e-02
1.214497268533333507e+00,-3.278043519994525146e-02
1.214697268533332375e+00,-3.280779142423495554e-02
1.214897268533333019e+00,-3.283512331762714065e-02
1.215097268533333219e+00,-3.286243251319741210e-02
1.215297268533333419e+00,-3.288972067354149764e-02
1.215497268533333841e+00,-3.291698949095301502e-02
1.215697268533332931e+00,-3.294424068760010149e-02
1.215897268533333575e+00,-3.297147601570178665e-02
1.216097268533333775e+00,-3.299869725770098600e-02
1.216297268533333753e+00,-3.302590622643803570e-02
1.216497268533332843e+00,-3.305310476532190289e-02
1.216697268533333487e+00,-3.308029474850049390e-02
1.216897268533333687e+00,-3.310747808102813133e-02
1.217097268533333665e+00,-3.313465669903330885e-02
1.217297268533333421e+00,-3.316183256988380207e-02
1.217497268533333621e+00,-3.318900769235051673e-02
1.217697268533333599e+00,-3.321618409676931755e-02
1.217897268533333133e+00,-3.324336384520183013e-02
1.218097268533333111e+00,-3.327054903159421678e-02
1.218297268533332645e+00,-3.329774178193391221e-02
1.218497268533333067e+00,-3.332494425440537394e-02
1.218697268533333933e+00,-3.335215863954300169e-02
1.218897268533333467e+00,-3.337938716038297421e-02
1.219097268533333001e+00,-3.340663207261334450e-02
1.219297268533333423e+00,-3.343389566472156071e-02
1.219497268533333401e+00,-3.346118025814017599e-02
1.219697268533333823e+00,-3.348848820739106641e-02
1.219897268533332912e+00,-3.351582190022699137e-02
1.220097268533333335e+00,-3.354318375777202987e-02
1.220297268533333535e+00,-3.357057623465840163e-02
1.220497268533333735e+00,-3.359800181916261508e-02
1.220697268533333713e+00,-3.362546303333878439e-02
1.220897268533333246e+00,-3.365296243314967739e-02
1.221097268533333224e+00,-3.368050260859593859e-02
1.221297268533332758e+00,-3.370808618384242561e-02
1.221497268533333180e+00,-3.373571581734285257e-02
1.221697268533332270e+00,-3.376339420196116520e-02
1.221897268533333136e+00,-3.379112406509240940e-02
1.222097268533334002e+00,-3.381890816877818062e-02
1.222297268533333536e+00,-3.384674930982242008e-02
1.222497268533333292e+00,-3.387465031990358200e-02
1.222697268533333048e+00,-3.390261406568374075e-02
1.222897268533333470e+00,-3.393064344891606049e-02
1.223097268533333670e+00,-3.395874140654878137e-02
1.223297268533332538e+00,-3.398691091082714499e-02
1.223497268533333182e+00,-3.401515496939309241e-02
1.223697268533333382e+00,-3.404347662538021596e-02
1.223897268533333360e+00,-3.407187895750839884e-02
1.224097268533333782e+00,-3.410036508017424972e-02
1.224297268533332872e+00,-3.412893814353853972e-02
1.224497268533333738e+00,-3.415760133361225859e-02
1.224697268533333272e+00,-3.418635787233702955e-02
1.224897268533333694e+00,-3.421521101766587802e-02
1.225097268533332340e+00,-3.424416406363781085e-02
1.225297268533333206e+00,-3.427322034045254817e-02
1.225497268533333850e+00,-3.430238321453858708e-02
1.225697268533333606e+00,-3.433165608862110557e-02
1.225897268533333140e+00,-3.436104240178577962e-02
1.226097268533333118e+00,-3.439054562953886007e-02
1.226297268533333318e+00,-3.442016928386448793e-02
1.226497268533333518e+00,-3.444991691327865119e-02
1.226697268533332608e+00,-3.447979210287969304e-02
1.226897268533333030e+00,-3.450979847439649556e-02
1.227097268533333008e+00,-3.453993968623101513e-02
1.227297268533333652e+00,-3.457021943350004761e-02
1.227497268533333852e+00,-3.460064144807137310e-02
1.227697268533332942e+00,-3.463120949859777031e-02
1.227897268533333586e+00,-3.466192739054755473e-02
1.228097268533333786e+00,-3.469279896622962100e-02
1.228297268533333764e+00,-3.472382810481747240e-02
1.228497268533332409e+00,-3.475501872236779616e-02
1.228697268533333276e+00,-3.478637477183701976e-02
1.228897268533333698e+00,-3.481790024309118492e-02
1.229097268533333454e+00,-3.484959916291544696e-02
1.229297268533333209e+00,-3.488147559501813405e-02
1.229497268533333409e+00,-3.491353364003080967e-02
1.229697268533333609e+00,-3.494577743550476845e-02
1.229897268533333587e+00,-3.497821115590376423e-02
1.230097268533332677e+00,-3.501083901259280373e-02
1.230297268533332655e+00,-3.504366525382292957e-02
1.230497268533333077e+00,-3.507669416471161095e-02
1.230697268533333943e+00,-3.510993006721935261e-02
1.230897268533333921e+00,-3.514337732012225157e-02
1.231097268533333011e+00,-3.517704031898080674e-02
1.231297268533333655e+00,-3.521092349610432937e-02
1.231497268533333855e+00,-3.524503132050989945e-02
1.231697268533334055e+00,-3.527936829787936546e-02
1.231897268533332923e+00,-3.531393897051019609e-02
1.232097268533333345e+00,-3.534874791726386190e-02
1.232297268533333323e+00,-3.538379975350726403e-02
1.232497268533333745e+00,-3.541909913105251162e-02
1.232697268533333501e+00,-3.545465073809044715e-02
1.232897268533333257e+00,-3.549045929912097302e-02
1.233097268533333679e+00,-3.552652957487806989e-02
1.233297268533333213e+00,-3.556286636225031855e-02
1.233497268533333191e+00,-3.559947449419784138e-02
1.233697268533332281e+00,-3.563635883966326939e-02
1.233897268533333147e+00,-3.567352430347979497e-02
1.234097268533334013e+00,-3.571097582627244527e-02
1.234297268533333325e+00,-3.574871838435642740e-02
1.234497268533333081e+00,-3.578675698963103280e-02
1.234697268533333281e+00,-3.582509668946702586e-02
1.234897268533333703e+00,-3.586374256659054238e-02
1.235097268533333903e+00,-3.590269973896197120e-02
1.235297268533332771e+00,-3.594197335964992995e-02
1.235497268533333193e+00,-3.598156861670127882e-02
1.235697268533333393e+00,-3.602149073300395243e-02
1.235897268533333593e+00,-3.606174496614737712e-02
1.236097268533333571e+00,-3.610233660827669860e-02
1.236297268533333327e+00,-3.614327098594229126e-02
1.236497268533333305e+00,-3.618455345994436856e-02
1.236697268533333283e+00,-3.622618942517225743e-02
1.236897268533333705e+00,-3.626818431043906527e-02
1.237097268533332572e+00,-3.631054357831035168e-02
1.237297268533333217e+00,-3.635327272493016348e-02
1.237497268533333861e+00,-3.639637727983780630e-02
1.237697268533333617e+00,-3.643986280578320747e-02
1.237897268533333150e+00,-3.648373489853566631e-02
1.238097268533333128e+00,-3.652799918668726137e-02
1.238297268533333551e+00,-3.657266133145099796e-02
1.238497268533333751e+00,-3.661772702645384875e-02
1.238697268533332396e+00,-3.666320199752452075e-02
1.238897268533333040e+00,-3.670909200247721854e-02
1.239097268533333462e+00,-3.675540283088648413e-02
1.239297268533333662e+00,-3.680214030386060736e-02
1.239497268533333862e+00,-3.684931027380778518e-02
1.239697268533332952e+00,-3.689691862419659102e-02
1.239897268533333374e+00,-3.694497126931295394e-02
1.240097268533333796e+00,-3.699347415400829064e-02
1.240297268533333774e+00,-3.704243325344559745e-02
1.240497268533332420e+00,-3.709185457283808302e-02
1.240697268533333286e+00,-3.714174414718420664e-02
1.240897268533333708e+00,-3.719210804099322421e-02
1.241097268533333464e+00,-3.724295234800990839e-02
1.241297268533333220e+00,-3.729428319093120586e-02
1.241497268533332976e+00,-3.734610672111753765e-02
1.241697268533333620e+00,-3.739842911829875660e-02
1.241897268533333598e+00,-3.745125659027388754e-02
1.242097268533332466e+00,-3.750459537260655840e-02
1.242297268533332666e+00,-3.755845172831438067e-02
1.242497268533333088e+00,-3.761283194755077330e-02
1.242697268533333510e+00,-3.766774234728374054e-02
1.242897268533333932e+00,-3.772318927096751651e-02
1.243097268533333022e+00,-3.777917908820867254e-02
1.243297268533333444e+00,-3.783571819442792250e-02
1.243497268533333866e+00,-3.789281301051289352e-02
1.243697268533334288e+00,-3.795046998246850295e-02
1.243897268533332490e+00,-3.800869558105943874e-02
1.244097268533333356e+00,-3.806749630145029456e-02
1.244297268533333556e+00,-3.812687866283303445e-02
1.244497268533333534e+00,-3.818684920805630323e-02
1.244697268533333290e+00,-3.824741450324464775e-02
1.244897268533333490e+00,-3.830858113741292259e-02
1.245097268533333690e+00,-3.837035572207468659e-02
1.245297268533333224e+00,-3.843274489084497203e-02
1.245497268533333202e+00,-3.849575529903803695e-02
1.245697268533332291e+00,-3.855939362325707526e-02
1.245897268533333158e+00,-3.862366656098146361e-02
1.246097268533333580e+00,-3.868858083014369009e-02
1.246297268533333558e+00,-3.875414316870468001e-02
1.246497268533333092e+00,-3.882036033422142651e-02
1.246697268533333514e+00,-3.888723910340889656e-02
1.246897268533333936e+00,-3.895478627169511598e-02
1.247097268533333914e+00,-3.902300865277212594e-02
1.247297268533332781e+00,-3.909191307814022937e-02
1.247497268533332981e+00,-3.916150639664743582e-02
1.247697268533333403e+00,-3.923179547401996897e-02
1.247897268533333826e+00,-3.930278719239047036e-02
1.248097268533333803e+00,-3.937448844981852880e-02
1.248297268533333337e+00,-3.944690615980593618e-02
1.248497268533333759e+00,-3.952004725080648928e-02
1.248697268533333071e+00,-3.959391866572731927e-02
1.248897268533333271e+00,-3.966852736142935376e-02
1.249097268533332361e+00,-3.974388030821607298e-02
1.249297268533333005e+00,-3.981998448932247414e-02
1.249497268533334093e+00,-3.989684690039210779e-02
1.249697268533333405e+00,-3.997447454895227542e-02
1.249897268533333161e+00,-4.005287445388461959e-02
1.250097268533333139e+00,-4.013205364488522248e-02
1.250297268533333783e+00,-4.021201916192247705e-02
1.250497268533333761e+00,-4.029277805468749890e-02
1.250697268533332629e+00,-4.037433738204028455e-02
1.250897268533333051e+00,-4.045670421145042273e-02
1.251097268533333473e+00,-4.053988561842787608e-02
1.251297268533333451e+00,-4.062388868595319391e-02
1.251497268533333429e+00,-4.070872050390000885e-02
1.251697268533332963e+00,-4.079438816845103177e-02
1.251897268533333829e+00,-4.088089878151025813e-02
1.252097268533333585e+00,-4.096825945010583447e-02
1.252297268533333341e+00,-4.105647728579302908e-02
1.252497268533332431e+00,-4.114555940404604484e-02
1.252697268533333075e+00,-4.123551292364865950e-02
1.252897268533333719e+00,-4.132634496607423547e-02
1.253097268533333697e+00,-4.141806265486499411e-02
1.253297268533333231e+00,-4.151067311500414303e-02
1.253497268533333209e+00,-4.160418347228188318e-02
1.253697268533333631e+00,-4.169860085265549021e-02
1.253897268533333609e+00,-4.179393238160490631e-02
1.254097268533332699e+00,-4.189018518348287812e-02
1.254297268533333121e+00,-4.198736638086092432e-02
1.254497268533333099e+00,-4.208548309386489494e-02
1.254697268533333521e+00,-4.218454243951200860e-02
1.254897268533333721e+00,-4.228455153103715530e-02
1.255097268533333033e+00,-4.238551747721675672e-02
1.255297268533333899e+00,-4.248744738168806767e-02
1.255497268533333877e+00,-4.259034834225764593e-02
1.255697268533333855e+00,-4.269422745021284049e-02
1.255897268533332500e+00,-4.279909178962110899e-02
1.256097268533333366e+00,-4.290494843663062580e-02
1.256297268533333789e+00,-4.301180445875626285e-02
1.256497268533333322e+00,-4.311966691417100372e-02
1.256697268533333300e+00,-4.322854285098697708e-02
1.256897268533333278e+00,-4.333843930653084875e-02
1.257097268533333922e+00,-4.344936330661658408e-02
1.257297268533333456e+00,-4.356132186481042473e-02
1.257497268533332768e+00,-4.367432198169572677e-02
1.257697268533332302e+00,-4.378837064412816754e-02
1.257897268533332946e+00,-4.390347482448831579e-02
1.258097268533333590e+00,-4.401964147992796367e-02
1.258297268533334012e+00,-4.413687755161405102e-02
1.258497268533333324e+00,-4.425518996396617111e-02
1.258697268533333524e+00,-4.437458562389175187e-02
1.258897268533333946e+00,-4.449507142001157822e-02
1.259097268533333924e+00,-4.461665422188561270e-02
1.259297268533332570e+00,-4.473934087923255032e-02
1.259497268533332992e+00,-4.486313822114754851e-02
1.259697268533333414e+00,-4.498805305530761967e-02
1.259897268533333614e+00,-4.511409216718213766e-02
1.260097268533333370e+00,-4.524126231923376873e-02
1.260297268533333348e+00,-4.536957025011714717e-02
1.260497268533333992e+00,-4.549902267387177790e-02
1.260697268533333304e+00,-4.562962627910999158e-02
1.260897268533333282e+00,-4.576138772820655815e-02
1.261097268533332150e+00,-4.589431365647508171e-02
1.261297268533332794e+00,-4.602841067135084174e-02
1.261497268533333660e+00,-4.616368535155804254e-02
1.261697268533333194e+00,-4.630014424628241948e-02
1.261897268533333394e+00,-4.643779387433948774e-02
1.262097268533333150e+00,-4.657664072333157768e-02
1.262297268533334016e+00,-4.671669124881046992e-02
1.262497268533333994e+00,-4.685795187342745027e-02
1.262697268533332640e+00,-4.700042898608787489e-02
1.262897268533333062e+00,-4.714412894110019125e-02
1.263097268533333262e+00,-4.728905805731378753e-02
1.263297268533333462e+00,-4.743522261726480782e-02
1.263497268533333440e+00,-4.758262886631157984e-02
1.263697268533333196e+00,-4.773128301176921690e-02
1.263897268533333840e+00,-4.788119122204109734e-02
1.264097268533333374e+00,-4.803235962574336354e-02
1.264297268533333796e+00,-4.818479431083495107e-02
1.264497268533332441e+00,-4.833850132373278263e-02
1.264697268533332863e+00,-4.849348666843880662e-02
1.264897268533333730e+00,-4.864975630564714881e-02
1.265097268533333263e+00,-4.880731615186097161e-02
1.265297268533333241e+00,-4.896617207850571113e-02
1.265497268533333219e+00,-4.912632991103251662e-02
1.265697268533333641e+00,-4.928779542802570052e-02
1.265897268533333619e+00,-4.945057436030395742e-02
1.266097268533332265e+00,-4.961467239002129159e-02
1.266297268533332909e+00,-4.978009514976897143e-02
1.266497268533333331e+00,-4.994684822166276655e-02
1.266697268533333309e+00,-5.011493713644293163e-02
1.266897268533333509e+00,-5.028436737256455902e-02
1.267097268533333043e+00,-5.045514435528505870e-02
1.267297268533333909e+00,-5.062727345575525340e-02
1.267497268533333887e+00,-5.080075999009887877e-02
1.267697268533333643e+00,-5.097560921850262383e-02
1.267897268533332511e+00,-5.115182634429439601e-02
1.268097268533333155e+00,-5.132941651302809494e-02
1.268297268533333799e+00,-5.150838481155545212e-02
1.268497268533333555e+00,-5.168873626710847324e-02
1.268697268533333311e+00,-5.187047584637630854e-02
1.268897268533332845e+00,-5.205360845457740471e-02
1.269097268533334155e+00,-5.223813893453637530e-02
1.269297268533333689e+00,-5.242407206574935946e-02
1.269497268533332557e+00,-5.261141256346485440e-02
1.269697268533332757e+00,-5.280016507775112805e-02
1.269897268533333179e+00,-5.299033419256213295e-02
1.270097268533333601e+00,-5.318192442481017856e-02
1.270297268533333801e+00,-5.337494022343364231e-02
1.270497268533332891e+00,-5.356938596846411854e-02
1.270697268533333535e+00,-5.376526597009780029e-02
1.270897268533334401e+00,-5.396258446775537010e-02
1.271097268533333935e+00,-5.416134562915173034e-02
1.271297268533332581e+00,-5.436155354936547668e-02
1.271497268533333003e+00,-5.456321224990517277e-02
1.271697268533333425e+00,-5.476632567776899829e-02
1.271897268533333403e+00,-5.497089770451728252e-02
1.272097268533332937e+00,-5.517693212533805042e-02
1.272297268533333581e+00,-5.538443265811544142e-02
1.272497268533334225e+00,-5.559340294249261183e-02
1.272697268533333315e+00,-5.580384653894183977e-02
1.272897268533333293e+00,-5.601576692783767630e-02
1.273097268533332382e+00,-5.622916750851750939e-02
1.273297268533332804e+00,-5.644405159836002328e-02
1.273497268533333449e+00,-5.666042243184859356e-02
1.273697268533333649e+00,-5.687828315964663789e-02
1.273897268533333182e+00,-5.709763684767088510e-02
1.274097268533333605e+00,-5.731848647616667736e-02
1.274297268533334249e+00,-5.754083493877928945e-02
1.274497268533334005e+00,-5.776468504163236040e-02
1.274697268533332650e+00,-5.799003950240785854e-02
1.274897268533332850e+00,-5.821690094942831573e-02
1.275097268533333494e+00,-5.844527192073074862e-02
1.275297268533333472e+00,-5.867515486315452722e-02
1.275497268533333450e+00,-5.890655213142875074e-02
1.275697268533333428e+00,-5.913946598725678544e-02
1.275897268533333850e+00,-5.937389859840734585e-02
1.276097268533333384e+00,-5.960985203780322372e-02
1.276297268533333362e+00,-5.984732828262134818e-02
1.276497268533332230e+00,-6.008632921338224325e-02
1.276697268533332652e+00,-6.032685661305797753e-02
1.276897268533333740e+00,-6.056891216616473728e-02
1.277097268533333496e+00,-6.081249745787033895e-02
1.277297268533333252e+00,-6.105761397310736915e-02
1.277497268533333230e+00,-6.130426309567800491e-02
1.277697268533334096e+00,-6.155244610737010263e-02
1.277897268533333852e+00,-6.180216418706996340e-02
1.278097268533332720e+00,-6.205341840988887192e-02
1.278297268533332920e+00,-6.230620974628638120e-02
1.278497268533333120e+00,-6.256053906119091179e-02
1.278697268533333320e+00,-6.281640711313678238e-02
1.278897268533333520e+00,-6.307381455339729215e-02
1.279097268533333054e+00,-6.333276192512259095e-02
1.279297268533333698e+00,-6.359324966248647293e-02
1.279497268533333454e+00,-6.385527808982502385e-02
1.279697268533333654e+00,-6.411884742079713984e-02
1.279897268533332522e+00,-6.438395775753143202e-02
1.280097268533332944e+00,-6.465060908979647358e-02
1.280297268533333588e+00,-6.491880129415346368e-02
1.280497268533333788e+00,-6.518853413313219214e-02
1.280697268533333322e+00,-6.545980725440428416e-02
1.280897268533333078e+00,-6.573262018996368916e-02
1.281097268533333722e+00,-6.600697235530834928e-02
1.281297268533333700e+00,-6.628286304862703038e-02
1.281497268533332345e+00,-6.656029144999772718e-02
1.281697268533332768e+00,-6.683925662059181372e-02
1.281897268533333190e+00,-6.711975750186713330e-02
1.282097268533333390e+00,-6.740179291478799739e-02
1.282297268533333590e+00,-6.768536155904034124e-02
1.282497268533333123e+00,-6.797046201225241668e-02
1.282697268533333546e+00,-6.825709272922778070e-02
1.282897268533334190e+00,-6.854525204117346837e-02
1.283097268533333946e+00,-6.883493815494319545e-02
1.283297268533332591e+00,-6.912614915228694479e-02
1.283497268533333013e+00,-6.941888298910696420e-02
1.283697268533333657e+00,-6.971313749470756105e-02
1.283897268533333413e+00,-7.000891037106850290e-02
1.284097268533333391e+00,-7.030619919212156843e-02
1.284297268533332925e+00,-7.060500140302454486e-02
1.284497268533334235e+00,-7.090531431945609753e-02
1.284697268533333547e+00,-7.120713512689663682e-02
1.284897268533332415e+00,-7.151046087994739064e-02
1.285097268533332393e+00,-7.181528850163126920e-02
1.285297268533332815e+00,-7.212161478270631698e-02
1.285497268533333237e+00,-7.242943638099327841e-02
1.285697268533334103e+00,-7.273874982070882567e-02
1.285897268533333637e+00,-7.304955149180014651e-02
1.286097268533333615e+00,-7.336183764930165330e-02
1.286297268533334037e+00,-7.367560441268225513e-02
1.286497268533334015e+00,-7.399084776521044904e-02
1.286697268533332661e+00,-7.430756355332794605e-02
1.286897268533332639e+00,-7.462574748603531538e-02
1.287097268533333283e+00,-7.494539513427050936e-02
1.287297268533333483e+00,-7.526650193031034219e-02
1.287497268533333239e+00,-7.558906316717967089e-02
1.287697268533333439e+00,-7.591307399806572487e-02
1.287897268533334305e+00,-7.623852943573973528e-02
1.288097268533333395e+00,-7.656542435198657182e-02
1.288297268533332929e+00,-7.689375347705892927e-02
1.288497268533332019e+00,-7.722351139911598494e-02
1.288697268533332885e+00,-7.755469256369448838e-02
1.288897268533333529e+00,-7.788729127316673662e-02
1.289097268533333507e+00,-7.822130168623023239e-02
1.289297268533333485e+00,-7.855671781739639870e-02
1.289497268533333241e+00,-7.889353353648660694e-02
1.289697268533334107e+00,-7.923174256814558003e-02
1.289897268533334085e+00,-7.957133849135260284e-02
1.290097268533332731e+00,-7.991231473895894777e-02
1.290297268533332709e+00,-8.025466459723050450e-02
1.290497268533333353e+00,-8.059838120538670436e-02
1.290697268533333553e+00,-8.094345755516574314e-02
1.290897268533333531e+00,-8.128988649039907421e-02
1.291097268533333287e+00,-8.163766070658978746e-02
1.291297268533333931e+00,-8.198677275050797464e-02
1.291497268533333243e+00,-8.233721501978584489e-02
1.291697268533333443e+00,-8.268897976254581395e-02
1.291897268533332532e+00,-8.304205907701030231e-02
1.292097268533332954e+00,-8.339644491115374980e-02
1.292297268533333598e+00,-8.375212906233622800e-02
1.292497268533333576e+00,-8.410910317696887462e-02
1.292697268533333776e+00,-8.446735875018744621e-02
1.292897268533333088e+00,-8.482688712552782784e-02
1.293097268533333732e+00,-8.518767949462892342e-02
1.293297268533333710e+00,-8.554972689692488808e-02
1.293497268533332356e+00,-8.591302021937242961e-02
1.293697268533332778e+00,-8.627755019618429944e-02
1.293897268533333200e+00,-8.664330740855526181e-02
1.294097268533333400e+00,-8.701028228442685142e-02
1.294297268533333600e+00,-8.737846509825127062e-02
1.294497268533333134e+00,-8.774784597076668025e-02
1.294697268533333556e+00,-8.811841486879340435e-02
1.294897268533333756e+00,-8.849016160502780337e-02
1.295097268533333512e+00,-8.886307583786397235e-02
1.295297268533332602e+00,-8.923714707122051837e-02
1.295497268533333024e+00,-8.961236465438519871e-02
1.295697268533333446e+00,-8.998871778185842107e-02
1.295897268533333646e+00,-9.036619549322795486e-02
1.296097268533333402e+00,-9.074478667304648749e-02
1.296297268533332936e+00,-9.112448005072512625e-02
1.296497268533333802e+00,-9.150526420044079179e-02
1.296697268533333336e+00,-9.188712754104483293e-02
1.296897268533332426e+00,-9.227005833601004126e-02
1.297097268533332848e+00,-9.265404469337160109e-02
1.297297268533332826e+00,-9.303907456567755974e-02
1.297497268533333248e+00,-9.342513574997375614e-02
1.297697268533334114e+00,-9.381221588778333731e-02
1.297897268533333204e+00,-9.420030246510428806e-02
1.298097268533333626e+00,-9.458938281243806090e-02
1.298297268533334048e+00,-9.497944410479837452e-02
1.298497268533333804e+00,-9.537047336176272816e-02
1.298697268533332672e+00,-9.576245744752762135e-02
1.298897268533333094e+00,-9.615538307098292492e-02
1.299097268533333516e+00,-9.654923678578221369e-02
1.299297268533333494e+00,-9.694400499045122133e-02
1.299497268533333028e+00,-9.733967392849855738e-02
1.299697268533333450e+00,-9.773622968854420168e-02
1.299897268533333872e+00,-9.813365820445330012e-02
1.300097268533333406e+00,-9.853194525549623106e-02
1.300297268533333161e+00,-9.893107646652224418e-02
1.300497268533332473e+00,-9.933103730813640231e-02
1.300697268533332895e+00,-9.973181309690687391e-02
1.300897268533333317e+00,-1.001333889955687145e-01
1.301097268533333740e+00,-1.005357500132597337e-01
1.301297268533333273e+00,-1.009388810057600949e-01
1.301497268533333695e+00,-1.013427666757571038e-01
1.301697268533334118e+00,-1.017473915731076373e-01
1.301897268533333873e+00,-1.021527400951318110e-01
1.302097268533333185e+00,-1.025587964869169033e-01
1.302297268533332941e+00,-1.029655448416350177e-01
1.302497268533333363e+00,-1.033729691008730134e-01
1.302697268533333563e+00,-1.037810530549797550e-01
1.302897268533333319e+00,-1.041897803434326392e-01
1.303097268533333519e+00,-1.045991344552170688e-01
1.303297268533333941e+00,-1.050090987292150169e-01
1.303497268533333253e+00,-1.054196563546142829e-01
1.303697268533333453e+00,-1.058307903713411185e-01
1.303897268533332543e+00,-1.062424836704850412e-01
1.304097268533332743e+00,-1.066547189947700536e-01
1.304297268533333609e+00,-1.070674789390109877e-01
1.304497268533333143e+00,-1.074807459506006840e-01
1.304697268533333343e+00,-1.078945023300232203e-01
1.304897268533333321e+00,-1.083087302313553990e-01
1.305097268533334187e+00,-1.087234116628091329e-01
1.305297268533333721e+00,-1.091385284872679190e-01
1.305497268533332811e+00,-1.095540624228627524e-01
1.305697268533333011e+00,-1.099699950435459039e-01
1.305897268533333211e+00,-1.103863077796780612e-01
1.306097268533333189e+00,-1.108029819186453074e-01
1.306297268533333389e+00,-1.112199986054837886e-01
1.306497268533333145e+00,-1.116373388435172032e-01
1.306697268533334011e+00,-1.120549834950199386e-01
1.306897268533333323e+00,-1.124729132818760857e-01
1.307097268533333523e+00,-1.128911087862863732e-01
1.307297268533332613e+00,-1.133095504514518848e-01
1.307497268533333035e+00,-1.137282185823114411e-01
1.307697268533333457e+00,-1.141470933462595261e-01
1.307897268533333435e+00,-1.145661547739059566e-01
1.308097268533333413e+00,-1.149853827598423112e-01
1.308297268533333169e+00,-1.154047570634200715e-01
1.308497268533333813e+00,-1.158242573095523420e-01
1.308697268533333569e+00,-1.162438629895177489e-01
1.308897268533332436e+00,-1.166635534617990050e-01
1.309097268533332858e+00,-1.170833079529283449e-01
1.309297268533333058e+00,-1.175031055583335149e-01
1.309497268533333481e+00,-1.179229252432266173e-01
1.309697268533333459e+00,-1.183427458434880564e-01
1.309897268533333214e+00,-1.187625460665773514e-01
1.310097268533333636e+00,-1.191823044924548158e-01
1.310297268533334059e+00,-1.196019995745143671e-01
1.310497268533333592e+00,-1.200216096405395672e-01
1.310697268533332682e+00,-1.204411128936754560e-01
1.310897268533333104e+00,-1.208604874134122653e-01
1.311097268533333748e+00,-1.212797111565767083e-01
1.311297268533333504e+00,-1.216987619583522751e-01
1.311497268533333482e+00,-1.221176175333143210e-01
1.311697268533333016e+00,-1.225362554764671541e-01
1.311897268533334326e+00,-1.229546532643147894e-01
1.312097268533333416e+00,-1.233727882559177147e-01
1.312297268533332506e+00,-1.237906376940105108e-01
1.312497268533332484e+00,-1.242081787060921316e-01
1.312697268533333128e+00,-1.246253883055483125e-01
1.312897268533333328e+00,-1.250422433927884658e-01
1.313097268533333750e+00,-1.254587207564030749e-01
1.313297268533333284e+00,-1.258747970743229194e-01
1.313497268533333706e+00,-1.262904489150105947e-01
1.313697268533334128e+00,-1.267056527386451470e-01
1.313897268533333662e+00,-1.271203848983391560e-01
1.314097268533332752e+00,-1.275346216413678346e-01
1.314297268533332730e+00,-1.279483391104085654e-01
1.314497268533333374e+00,-1.283615133447915391e-01
1.314697268533333352e+00,-1.287741202817707653e-01
1.314897268533333108e+00,-1.291861357578146241e-01
1.315097268533333530e+00,-1.295975355099023285e-01
1.315297268533334396e+00,-1.300082951768339878e-01
1.315497268533333042e+00,-1.304183903005558531e-01
1.315697268533333020e+00,-1.308277963275201183e-01
1.315897268533332332e+00,-1.312364886100170214e-01
1.316097268533332976e+00,-1.316444424075649544e-01
1.316297268533333398e+00,-1.320516328882791468e-01
1.316497268533333376e+00,-1.324580351302800107e-01
1.316697268533333132e+00,-1.328636241231038184e-01
1.316897268533333554e+00,-1.332683747691288667e-01
1.317097268533334198e+00,-1.336722618850113564e-01
1.317297268533333732e+00,-1.340752602031394236e-01
1.317497268533332822e+00,-1.344773443731059892e-01
1.317697268533332799e+00,-1.348784889631862716e-01
1.317897268533333444e+00,-1.352786684618269564e-01
1.318097268533333644e+00,-1.356778572791544901e-01
1.318297268533333177e+00,-1.360760297484986392e-01
1.318497268533333155e+00,-1.364731601279264295e-01
1.318697268533334022e+00,-1.368692226017845515e-01
1.318897268533333555e+00,-1.372641912822536725e-01
1.319097268533333533e+00,-1.376580402109339463e-01
1.319297268533332401e+00,-1.380507433604144518e-01
1.319497268533333045e+00,-1.384422746358856815e-01
1.319697268533333911e+00,-1.388326078767309346e-01
1.319897268533333445e+00,-1.392217168581571518e-01
1.320097268533333423e+00,-1.396095752928347422e-01
1.320297268533333179e+00,-1.399961568325326922e-01
1.320497268533334267e+00,-1.403814350697851487e-01
1.320697268533333579e+00,-1.407653835395480946e-01
1.320897268533332447e+00,-1.411479757208982944e-01
1.321097268533332869e+00,-1.415291850387188910e-01
1.321297268533333291e+00,-1.419089848653964647e-01
1.321497268533333269e+00,-1.422873485225452928e-01
1.321697268533333247e+00,-1.426642492827345787e-01
1.321897268533333225e+00,-1.430396603712240644e-01
1.322097268533333869e+00,-1.434135549677152677e-01
1.322297268533333847e+00,-1.437859062081067729e-01
1.322497268533333603e+00,-1.441566871862722254e-01
1.322697268533332693e+00,-1.445258709558365773e-01
1.322897268533333115e+00,-1.448934305319742044e-01
1.323097268533333537e+00,-1.452593388932004181e-01
1.323297268533333515e+00,-1.456235689831915925e-01
1.323497268533333271e+00,-1.459860937126070679e-01
1.323697268533333027e+00,-1.463468859609200756e-01
1.323897268533334115e+00,-1.467059185782616515e-01
1.324097268533333427e+00,-1.470631643872623018e-01
1.324297268533332517e+00,-1.474185961849291682e-01
1.324497268533332939e+00,-1.477721867445079829e-01
1.324697268533332917e+00,-1.481239088173561813e-01
1.324897268533333339e+00,-1.484737351348422441e-01
1.325097268533333317e+00,-1.488216384102347134e-01
1.325297268533333073e+00,-1.491675913406131093e-01
1.325497268533333939e+00,-1.495115666087822037e-01
1.325697268533334361e+00,-1.498535368851874328e-01
1.325897268533333673e+00,-1.501934748298528188e-01
1.326097268533332318e+00,-1.505313530943193645e-01
1.326297268533333185e+00,-1.508671443235942711e-01
1.326497268533333607e+00,-1.512008211580918304e-01
1.326697268533333363e+00,-1.515323562356084564e-01
1.326897268533333119e+00,-1.518617221932893613e-01
1.327097268533333541e+00,-1.521888916696031990e-01
1.327297268533334185e+00,-1.525138373063237851e-01
1.327497268533333497e+00,-1.528365317505199217e-01
1.327697268533333030e+00,-1.531569476565593502e-01
1.327897268533332342e+00,-1.534750576881032669e-01
1.328097268533332986e+00,-1.537908345201226823e-01
1.328297268533333408e+00,-1.541042508409054546e-01
1.328497268533333608e+00,-1.544152793540856106e-01
1.328697268533333142e+00,-1.547238927806672271e-01
1.328897268533333786e+00,-1.550300638610614956e-01
1.329097268533334208e+00,-1.553337653571165711e-01
1.329297268533333742e+00,-1.556349700541669046e-01
1.329497268533332832e+00,-1.559336507630821322e-01
1.329697268533332810e+00,-1.562297803223200998e-01
1.329897268533333454e+00,-1.565233315999807473e-01
1.330097268533333432e+00,-1.568142774958693475e-01
1.330297268533333188e+00,-1.571025909435669332e-01
1.330497268533333388e+00,-1.573882449124985594e-01
1.330697268533334032e+00,-1.576712124100064782e-01
1.330897268533333344e+00,-1.579514664834265059e-01
1.331097268533333100e+00,-1.582289802221769626e-01
1.331297268533332412e+00,-1.585037267598346511e-01
1.331497268533332834e+00,-1.587756792762295421e-01
1.331697268533333478e+00,-1.590448109995288573e-01
1.331897268533333234e+00,-1.593110952083333642e-01
1.332097268533332990e+00,-1.595745052337756986e-01
1.332297268533333412e+00,-1.598350144616157431e-01
1.332497268533334278e+00,-1.600925963343393377e-01
1.332697268533333812e+00,-1.603472243532594321e-01
1.332897268533332680e+00,-1.605988720806245107e-01
1.333097268533332880e+00,-1.608475131417221871e-01
1.333297268533333302e+00,-1.610931212269792190e-01
1.333497268533333280e+00,-1.613356700940732913e-01
1.333697268533333258e+00,-1.615751335700417735e-01
1.333897268533333236e+00,-1.618114855533877572e-01
1.334097268533334102e+00,-1.620447000161908124e-01
1.334297268533333414e+00,-1.622747510062106380e-01
1.334497268533333614e+00,-1.625016126490055890e-01
1.334697268533332704e+00,-1.627252591500305823e-01
1.334897268533333126e+00,-1.629456647967550409e-01
1.335097268533333770e+00,-1.631628039607612712e-01
1.335297268533333526e+00,-1.633766510998551080e-01
1.335497268533333282e+00,-1.635871807601733119e-01
1.335697268533333260e+00,-1.637943675782843056e-01
1.335897268533333904e+00,-1.639981862832918247e-01
1.336097268533333438e+00,-1.641986116989326838e-01
1.336297268533332527e+00,-1.643956187456804274e-01
1.336497268533332949e+00,-1.645891824428398209e-01
1.336697268533333371e+00,-1.647792779106369010e-01
1.336897268533333349e+00,-1.649658803723139389e-01
1.337097268533333327e+00,-1.651489651562175476e-01
1.337297268533332861e+00,-1.653285076978824597e-01
1.337497268533333727e+00,-1.655044835421159155e-01
1.337697268533333705e+00,-1.656768683450704771e-01
1.337897268533333239e+00,-1.658456378763244199e-01
1.338097268533332773e+00,-1.660107680209496339e-01
1.338297268533333195e+00,-1.661722347815784984e-01
1.338497268533333839e+00,-1.663300142804636783e-01
1.338697268533333373e+00,-1.664840827615363394e-01
1.338897268533333129e+00,-1.666344165924606158e-01
1.339097268533333107e+00,-1.667809922666777245e-01
1.339297268533333973e+00,-1.669237864054489429e-01
1.339497268533333507e+00,-1.670627757598895091e-01
1.339697268533332375e+00,-1.671979372130028285e-01
1.339897268533332575e+00,-1.673292477817037160e-01
1.340097268533333219e+00,-1.674566846188333402e-01
1.340297268533333197e+00,-1.675802250151728900e-01
1.340497268533333397e+00,-1.676998464014497481e-01
1.340697268533333375e+00,-1.678155263503333661e-01
1.340897268533333797e+00,-1.679272425784273381e-01
1.341097268533334219e+00,-1.680349729482517041e-01
1.341297268533333753e+00,-1.681386954702191738e-01
1.341497268533332843e+00,-1.682383883046038586e-01
1.341697268533332821e+00,-1.683340297635011473e-01
1.341897268533333465e+00,-1.684255983127780354e-01
1.342097268533333221e+00,-1.685130725740164315e-01
1.342297268533333199e+00,-1.685964313264495806e-01
1.342497268533333621e+00,-1.686756535088857478e-01
1.342697268533334043e+00,-1.687507182216249901e-01
1.342897268533333133e+00,-1.688216047283659371e-01
1.343097268533333111e+00,-1.688882924581046052e-01
1.343297268533332645e+00,-1.689507610070195009e-01
1.343497268533333067e+00,-1.690089901403512007e-01
1.343697268533333489e+00,-1.690629597942681639e-01
1.343897268533333245e+00,-1.691126500777239416e-01
1.344097268533333223e+00,-1.691580412743036999e-01
1.344297268533333645e+00,-1.691991138440586684e-01
1.344497268533334067e+00,-1.692358484253300710e-01
1.344697268533333823e+00,-1.692682258365619252e-01
1.344897268533333134e+00,-1.692962270781017131e-01
1.345097268533332890e+00,-1.693198333339905048e-01
1.345297268533333535e+00,-1.693390259737388437e-01
1.345497268533333290e+00,-1.693537865540922227e-01
1.345697268533333268e+00,-1.693640968207839603e-01
1.345897268533333246e+00,-1.693699387102745868e-01
1.346097268533334113e+00,-1.693712943514788238e-01
1.346297268533333202e+00,-1.693681460674797412e-01
1.346497268533333180e+00,-1.693604763772291188e-01
1.346697268533332714e+00,-1.693482679972348470e-01
1.346897268533333136e+00,-1.693315038432336994e-01
1.347097268533334002e+00,-1.693101670318516438e-01
1.347297268533333536e+00,-1.692842408822487765e-01
1.347497268533333292e+00,-1.692537089177499898e-01
1.347697268533333048e+00,-1.692185548674620954e-01
1.347897268533333914e+00,-1.691787626678749046e-01
1.348097268533333448e+00,-1.691343164644491248e-01
1.348297268533332982e+00,-1.690852006131868257e-01
1.348497268533332960e+00,-1.690313996821878884e-01
1.348697268533333382e+00,-1.689728984531916334e-01
1.348897268533333138e+00,-1.689096819231016289e-01
1.349097268533333116e+00,-1.688417353054938452e-01
1.349297268533332872e+00,-1.687690440321107377e-01
1.349497268533333738e+00,-1.686915937543369270e-01
1.349697268533333716e+00,-1.686093703446610581e-01
1.349897268533333250e+00,-1.685223598981170356e-01
1.350097268533332784e+00,-1.684305487337116880e-01
1.350297268533333206e+00,-1.683339233958337511e-01
1.350497268533333628e+00,-1.682324706556471705e-01
1.350697268533333606e+00,-1.681261775124648916e-01
1.350897268533333362e+00,-1.680150311951056352e-01
1.351097268533333118e+00,-1.678990191632335205e-01
1.351297268533333984e+00,-1.677781291086788695e-01
1.351497268533333296e+00,-1.676523489567440239e-01
1.351697268533332608e+00,-1.675216668674830989e-01
1.351897268533333030e+00,-1.673860712369710513e-01
1.352097268533333230e+00,-1.672455506985525697e-01
1.352297268533332986e+00,-1.671000941240681770e-01
1.352497268533333408e+00,-1.669496906250638180e-01
1.352697268533333164e+00,-1.667943295539834614e-01
1.352897268533334030e+00,-1.666340005053361106e-01
1.353097268533334230e+00,-1.664686933168525451e-01
1.353297268533333320e+00,-1.662983980706128351e-01
1.353497268533332853e+00,-1.661231050941575360e-01
1.353697268533333276e+00,-1.659428049615822021e-01
1.353897268533333698e+00,-1.657574884946088623e-01
1.354097268533333231e+00,-1.655671467636365690e-01
1.354297268533333209e+00,-1.653717710887696313e-01
1.354497268533333409e+00,-1.651713530408315256e-01
1.354697268533334054e+00,-1.649658844423517456e-01
1.354897268533333143e+00,-1.647553573685375805e-01
1.355097268533332677e+00,-1.645397641482142237e-01
1.355297268533332655e+00,-1.643190973647574160e-01
1.355497268533333299e+00,-1.640933498569955851e-01
1.355697268533333055e+00,-1.638625147200951648e-01
1.355897268533333477e+00,-1.636265853064167719e-01
1.356097268533333455e+00,-1.633855552263612232e-01
1.356297268533333877e+00,-1.631394183491819416e-01
1.356497268533334077e+00,-1.628881688037849829e-01
1.356697268533333611e+00,-1.626318009795003905e-01
1.356897268533332923e+00,-1.623703095268327901e-01
1.357097268533332901e+00,-1.621036893581901950e-01
1.357297268533333323e+00,-1.618319356485929950e-01
1.357497268533333301e+00,-1.615550438363568542e-01
1.357697268533333057e+00,-1.612730096237510735e-01
1.357897268533333257e+00,-1.609858289776374962e-01
1.358097268533334123e+00,-1.606934981300869314e-01
1.358297268533333213e+00,-1.603960135789740671e-01
1.358497268533333191e+00,-1.600933720885350520e-01
1.358697268533332947e+00,-1.597855706899257711e-01
1.358897268533333147e+00,-1.594726066817357679e-01
1.359097268533333569e+00,-1.591544776304905651e-01
1.359297268533332881e+00,-1.588311813711272835e-01
1.359497268533333525e+00,-1.585027160074375385e-01
1.359697268533333503e+00,-1.581690799125084756e-01
1.359897268533334369e+00,-1.578302717291131807e-01
1.360097268533333459e+00,-1.574862903701032546e-01
1.360297268533332993e+00,-1.571371350187489857e-01
1.360497268533332971e+00,-1.567828051290827140e-01
1.360697268533333393e+00,-1.564233004262025328e-01
1.360897268533332927e+00,-1.560586209065574770e-01
1.361097268533333349e+00,-1.556887668381984335e-01
1.361297268533333327e+00,-1.553137387610236120e-01
1.361497268533333971e+00,-1.549335374869780790e-01
1.361697268533333505e+00,-1.545481641002490192e-01
1.361897268533333261e+00,-1.541576199574152817e-01
1.362097268533333239e+00,-1.537619066875916540e-01
1.362297268533332772e+00,-1.533610261925390517e-01
1.362497268533333639e+00,-1.529549806467449535e-01
1.362697268533333173e+00,-1.525437724974993692e-01
1.362897268533333595e+00,-1.521274044649124080e-01
1.363097268533333128e+00,-1.517058795419449491e-01
1.363297268533333995e+00,-1.512792009943791649e-01
1.363497268533333528e+00,-1.508473723607995087e-01
1.363697268533332618e+00,-1.504103974525119736e-01
1.363897268533333040e+00,-1.499682803534617970e-01
1.364097268533333240e+00,-1.495210254201303490e-01
1.364297268533332996e+00,-1.490686372813867511e-01
1.364497268533332974e+00,-1.486111208383260329e-01
1.364697268533333174e+00,-1.481484812640843085e-01
1.364897268533333818e+00,-1.476807240036240865e-01
1.365097268533333796e+00,-1.472078547734989029e-01
1.365297268533333330e+00,-1.467298795615845641e-01
1.365497268533333086e+00,-1.462468046267918764e-01
1.365697268533333286e+00,-1.457586364987554228e-01
1.365897268533333708e+00,-1.452653819774945010e-01
1.366097268533333464e+00,-1.447670481330501357e-01
1.366297268533333442e+00,-1.442636423050894789e-01
1.366497268533333198e+00,-1.437551721024993290e-01
1.366697268533334064e+00,-1.432416454029392661e-01
1.366897268533333598e+00,-1.427230703523911792e-01
1.367097268533332688e+00,-1.421994553646515058e-01
1.367297268533332666e+00,-1.416708091208240816e-01
1.367497268533333310e+00,-1.411371405687858183e-01
1.367697268533333066e+00,-1.405984589226216275e-01
1.367897268533333266e+00,-1.400547736620237349e-01
1.368097268533333466e+00,-1.395060945316897727e-01
1.368297268533333888e+00,-1.389524315406764909e-01
1.368497268533334310e+00,-1.383937949617389529e-01
1.368697268533333622e+00,-1.378301953306430017e-01
1.368897268533332934e+00,-1.372616434454424494e-01
1.369097268533332912e+00,-1.366881503657482733e-01
1.369297268533333556e+00,-1.361097274119661971e-01
1.369497268533332868e+00,-1.355263861645132906e-01
1.369697268533333290e+00,-1.349381384629866898e-01
1.369897268533333490e+00,-1.343449964053513024e-01
1.370097268533334134e+00,-1.337469723470617600e-01
1.370297268533333224e+00,-1.331440789001909208e-01
1.370497268533333202e+00,-1.325363289324991145e-01
1.370697268533332736e+00,-1.319237355665255351e-01
1.370897268533333158e+00,-1.313063121786102461e-01
1.371097268533333580e+00,-1.306840723979279528e-01
1.371297268533333114e+00,-1.300570301054753131e-01
1.371497268533333536e+00,-1.294251994330331001e-01
1.371697268533333514e+00,-1.287885947621313087e-01
1.371897268533334158e+00,-1.281472307229545859e-01
1.372097268533333692e+00,-1.275011221932588479e-01
1.372297268533333447e+00,-1.268502842972284161e-01
1.372497268533332981e+00,-1.261947324043447560e-01
1.372697268533333403e+00,-1.255344821282049217e-01
1.372897268533333159e+00,-1.248695493253425826e-01
1.373097268533333359e+00,-1.241999500939935386e-01
1.373297268533333337e+00,-1.235257007728718937e-01
1.373497268533333759e+00,-1.228468179398970461e-01
1.373697268533333293e+00,-1.221633184109207904e-01
1.373897268533333271e+00,-1.214752192384044860e-01
1.374097268533332805e+00,-1.207825377101060665e-01
1.374297268533333005e+00,-1.200852913477141043e-01
1.374497268533333649e+00,-1.193834979054858858e-01
1.374697268533332961e+00,-1.186771753688522502e-01
1.374897268533333383e+00,-1.179663419529803497e-01
1.375097268533333139e+00,-1.172510161013640417e-01
1.375297268533334005e+00,-1.165312164843362308e-01
1.375497268533333539e+00,-1.158069619976145603e-01
1.375697268533333073e+00,-1.150782717607696654e-01
1.375897268533333051e+00,-1.143451651157179894e-01
1.376097268533333473e+00,-1.136076616251756599e-01
1.376297268533333007e+00,-1.128657810710958498e-01
1.376497268533332985e+00,-1.121195434530681267e-01
1.376697268533332963e+00,-1.113689689867284893e-01
1.376897268533333829e+00,-1.106140781021210384e-01
1.377097268533333363e+00,-1.098548914420685585e-01
1.377297268533333341e+00,-1.090914298604789834e-01
1.377497268533333097e+00,-1.083237144206837532e-01
1.377697268533333297e+00,-1.075517663937181900e-01
1.377897268533333719e+00,-1.067756072566051206e-01
1.378097268533333253e+00,-1.059952586906114935e-01
1.378297268533333453e+00,-1.052107425794717027e-01
1.378497268533332987e+00,-1.044220810076280093e-01
1.378697268533333853e+00,-1.036292962584064725e-01
1.378897268533333165e+00,-1.028324108122313785e-01
1.379097268533332699e+00,-1.020314473447513359e-01
1.379297268533333121e+00,-1.012264287250084493e-01
1.379497268533333099e+00,-1.004173780135703548e-01
1.379697268533333077e+00,-9.960431846062584027e-02
1.379897268533333055e+00,-9.878727350408825214e-02
1.380097268533333255e+00,-9.796626676766914676e-02
1.380297268533333899e+00,-9.714132205893966088e-02
1.380497268533333877e+00,-9.631246336737937785e-02
1.380697268533333411e+00,-9.547971486239315020e-02
1.380897268533332944e+00,-9.464310089132609016e-02
1.381097268533333366e+00,-9.380264597745878452e-02
1.381297268533333789e+00,-9.295837481799597291e-02
1.381497268533333100e+00,-9.211031228202470889e-02
1.381697268533333300e+00,-9.125848340844933126e-02
1.381897268533333278e+00,-9.040291340395244235e-02
1.382097268533334145e+00,-8.954362764089193738e-02
1.382297268533333456e+00,-8.868065165523113247e-02
1.382497268533332546e+00,-8.781401114439860156e-02
1.382697268533332746e+00,-8.694373196518137559e-02
1.382897268533333390e+00,-8.606984013159801883e-02
1.383097268533333146e+00,-8.519236181274256192e-02
1.383297268533333346e+00,-8.431132333060767370e-02
1.383497268533333546e+00,-8.342675115792816398e-02
1.383697268533333968e+00,-8.253867191598215913e-02
1.383897268533333946e+00,-8.164711237239735686e-02
1.384097268533333480e+00,-8.075209943893163489e-02
1.384297268533333014e+00,-7.985366016924955179e-02
1.384497268533332992e+00,-7.895182175668827296e-02
1.384697268533333414e+00,-7.804661153201236656e-02
1.384897268533332948e+00,-7.713805696116018962e-02
1.385097268533332926e+00,-7.622618564295620402e-02
1.385297268533333348e+00,-7.531102530685021557e-02
1.385497268533334214e+00,-7.439260381062200167e-02
1.385697268533333304e+00,-7.347094913809193439e-02
1.385897268533332838e+00,-7.254608939678187929e-02
1.386097268533332816e+00,-7.161805281562735881e-02
1.386297268533333238e+00,-7.068686774264053285e-02
1.386497268533333660e+00,-6.975256264257623240e-02
1.386697268533332750e+00,-6.881516609458983302e-02
1.386897268533333616e+00,-6.787470678986012862e-02
1.387097268533333594e+00,-6.693121352927673684e-02
1.387297268533334016e+00,-6.598471522102655751e-02
1.387497268533333328e+00,-6.503524087825146571e-02
1.387697268533333084e+00,-6.408281961663765680e-02
1.387897268533333062e+00,-6.312748065205059378e-02
1.388097268533333484e+00,-6.216925329812939688e-02
1.388297268533333018e+00,-6.120816696389534683e-02
1.388497268533332996e+00,-6.024425115132538144e-02
1.388697268533333196e+00,-5.927753545295985638e-02
1.388897268533334062e+00,-5.830804954947486907e-02
1.389097268533333374e+00,-5.733582320727621806e-02
1.389297268533333130e+00,-5.636088627603972473e-02
1.389497268533333330e+00,-5.538326868631034128e-02
1.389697268533333308e+00,-5.440300044706122828e-02
1.389897268533333730e+00,-5.342011164324583783e-02
1.390097268533333041e+00,-5.243463243337377622e-02
1.390297268533333241e+00,-5.144659304703780994e-02
1.390497268533332997e+00,-5.045602378250116371e-02
1.390697268533333864e+00,-4.946295500421676872e-02
1.390897268533333175e+00,-4.846741714041168103e-02
1.391097268533332709e+00,-4.746944068059055777e-02
1.391297268533333353e+00,-4.646905617310788383e-02
1.391497268533333553e+00,-4.546629422271993015e-02
1.391697268533333087e+00,-4.446118548810984450e-02
1.391897268533333065e+00,-4.345376067943074183e-02
1.392097268533333043e+00,-4.244405055586325526e-02
1.392297268533333687e+00,-4.143208592314590044e-02
1.392497268533333887e+00,-4.041789763113290412e-02
1.392697268533333421e+00,-3.940151657132605345e-02
1.392897268533333177e+00,-3.838297367441891039e-02
1.393097268533333377e+00,-3.736229990785355781e-02
1.393297268533333799e+00,-3.633952627336857477e-02
1.393497268533333111e+00,-3.531468380455352052e-02
1.393697268533333311e+00,-3.428780356438015237e-02
1.393897268533332845e+00,-3.325891664279424786e-02
1.394097268533334155e+00,-3.222805415423603270e-02
1.394297268533333245e+00,-3.119524723525710780e-02
1.394497268533332779e+00,-3.016052704201979684e-02
1.394697268533332757e+00,-2.912392474791541605e-02
1.394897268533333401e+00,-2.808547154112484359e-02
1.395097268533333379e+00,-2.704519862220747944e-02
1.395297268533333135e+00,-2.600313720166848308e-02
1.395497268533333335e+00,-2.495931849755693085e-02
1.395697268533333535e+00,-2.391377373306838652e-02
1.395897268533333957e+00,-2.286653413413755609e-02
1.396097268533333491e+00,-2.181763092705596083e-02
1.396297268533333025e+00,-2.076709533606943547e-02
1.396497268533333225e+00,-1.971495858101097662e-02
1.396697268533333869e+00,-1.866125187493239065e-02
1.396897268533332959e+00,-1.760600642174562150e-02
1.397097268533332937e+00,-1.654925341383339105e-02
1.397297268533333581e+00,-1.549102402973853709e-02
1.397497268533334225e+00,-1.443134943181323404e-02
1.397697268533333315e+00,-1.337026076389009888e-02
1.397897268533333293e+00,-1.230778914893466101e-02
1.398097268533332826e+00,-1.124396568677417385e-02
1.398297268533333249e+00,-1.017882145176085898e-02
1.398497268533333227e+00,-9.112387490507269788e-03
1.398697268533332982e+00,-8.044694819581619388e-03
1.398897268533333405e+00,-6.975774423240408556e-03
1.399097268533333605e+00,-5.905657251180673403e-03
1.399297268533334027e+00,-4.834374216273537930e-03
1.399497268533333560e+00,-3.761956192341308139e-03
1.399697268533333316e+00,-2.688434011910803903e-03
1.399897268533333072e+00,-1.613838464017889468e-03
1.400097268533333494e+00,-5.382002919934077145e-04
1.400297268533333028e+00,5.384498087093771146e-04
1.400497268533333006e+00,1.616081192718833194e-03
1.400697268533333206e+00,2.694663266884346139e-03
1.400897268533333850e+00,3.774165492436516375e-03
1.401097268533333162e+00,4.854557387110347913e-03
1.401297268533333362e+00,5.935808527298949179e-03
1.401497268533332896e+00,7.017888550119378774e-03
1.401697268533333318e+00,8.100767155542497322e-03
1.401897268533333740e+00,9.184414108440900476e-03
1.402097268533332830e+00,1.026879924066199934e-02
1.402297268533333252e+00,1.135389245310003577e-02
1.402497268533333230e+00,1.243966371768123226e-02
1.402697268533334096e+00,1.352608307942036042e-02
1.402897268533333408e+00,1.461312065838257790e-02
1.403097268533332942e+00,1.570074665170953510e-02
1.403297268533333142e+00,1.678893133555505943e-02
1.403497268533333564e+00,1.787764506703625952e-02
1.403697268533333098e+00,1.896685828616630903e-02
1.403897268533333076e+00,2.005654151778535343e-02
1.404097268533333054e+00,2.114666537343368180e-02
1.404297268533333920e+00,2.223720055324664852e-02
1.404497268533333454e+00,2.332811784779009745e-02
1.404697268533333432e+00,2.441938813994057322e-02
1.404897268533332966e+00,2.551098240667146883e-02
1.405097268533333166e+00,2.660287172088151436e-02
1.405297268533333588e+00,2.769502725315981656e-02
1.405497268533333344e+00,2.878742027355679634e-02
1.405697268533333322e+00,2.988002215334067610e-02
1.405897268533333300e+00,3.097280436670735854e-02
1.406097268533333722e+00,3.206573849249476360e-02
1.406297268533333256e+00,3.315879621585397091e-02
1.406497268533332790e+00,3.425194932993487484e-02
1.406697268533333212e+00,3.534516973751739011e-02
1.406897268533333412e+00,3.643842945262251720e-02
1.407097268533333168e+00,3.753170060212894510e-02
1.407297268533333146e+00,3.862495542735271820e-02
1.407497268533333123e+00,3.971816628559506068e-02
1.407697268533333768e+00,4.081130565168845231e-02
1.407897268533333746e+00,4.190434611949478416e-02
1.408097268533333057e+00,4.299726040341535216e-02
1.408297268533332813e+00,4.409002133985914784e-02
1.408497268533333235e+00,4.518260188867891797e-02
1.408697268533333880e+00,4.627497513459644801e-02
1.408897268533332969e+00,4.736711428860057582e-02
1.409097268533333391e+00,4.845899268935756343e-02
1.409297268533333369e+00,4.955058380451551892e-02
1.409497268533334235e+00,5.064186123207838064e-02
1.409697268533333325e+00,5.173279870167512423e-02
1.409897268533332637e+00,5.282337007589100325e-02
1.410097268533332615e+00,5.391354935149458849e-02
1.410297268533333481e+00,5.500331066068084307e-02
1.410497268533333237e+00,5.609262827227301518e-02
1.410697268533333215e+00,5.718147659294029600e-02
1.410897268533333637e+00,5.826983016833762324e-02
1.411097268533333837e+00,5.935766368424533895e-02
1.411297268533333815e+00,6.044495196769239520e-02
1.411497268533333571e+00,6.153166998804176363e-02
1.411697268533333105e+00,6.261779285805511852e-02
1.411897268533333083e+00,6.370329583493597458e-02
1.412097268533333505e+00,6.478815432133644414e-02
1.412297268533333039e+00,6.587234386634299721e-02
1.412497268533333017e+00,6.695584016646154157e-02
1.412697268533333439e+00,6.803861906653421721e-02
1.412897268533334083e+00,6.912065656065756458e-02
1.413097268533333395e+00,7.020192879306411116e-02
1.413297268533332929e+00,7.128241205900717747e-02
1.413497268533332685e+00,7.236208280557124284e-02
1.413697268533333329e+00,7.344091763249366300e-02
1.413897268533333529e+00,7.451889329293355513e-02
1.414097268533333063e+00,7.559598669424640038e-02
1.414297268533333707e+00,7.667217489872019121e-02
1.414497268533333685e+00,7.774743512425075220e-02
1.414697268533333885e+00,7.882174474505437844e-02
1.414897268533333641e+00,7.989508129229820621e-02
1.415097268533332953e+00,8.096742245473832755e-02
1.415297268533332931e+00,8.203874607932268304e-02
1.415497268533333575e+00,8.310903017175286234e-02
1.415697268533333109e+00,8.417825289702801639e-02
1.415897268533333087e+00,8.524639257999311326e-02
1.416097268533333287e+00,8.631342770580632817e-02
1.416297268533333931e+00,8.737933692041877087e-02
1.416497268533333465e+00,8.844409903100444725e-02
1.416697268533332998e+00,8.950769300639888071e-02
1.416897268533333198e+00,9.057009797747120339e-02
1.417097268533333398e+00,9.163129323748128718e-02
1.417297268533333598e+00,9.269125824242643863e-02
1.417497268533333354e+00,9.374997261134418447e-02
1.417697268533333776e+00,9.480741612660568973e-02
1.417897268533333310e+00,9.586356873414964008e-02
1.418097268533333732e+00,9.691841054374362996e-02
1.418297268533333266e+00,9.797192182915123726e-02
1.418497268533332800e+00,9.902408302834175835e-02
1.418697268533333222e+00,1.000748747436269181e-01
1.418897268533333422e+00,1.011242777417747790e-01
1.419097268533333178e+00,1.021722729541229557e-01
1.419297268533333156e+00,1.032188414766507800e-01
1.419497268533333134e+00,1.042639645700156048e-01
1.419697268533334000e+00,1.053076236595831550e-01
1.419897268533333534e+00,1.063498003353993693e-01
1.420097268533333290e+00,1.073904763521939809e-01
1.420297268533333046e+00,1.084296336292937812e-01
1.420497268533333468e+00,1.094672542505524121e-01
1.420697268533333446e+00,1.105033204642272837e-01
1.420897268533333202e+00,1.115378146828605865e-01
1.421097268533333402e+00,1.125707194831141733e-01
1.421297268533332936e+00,1.136020176055716757e-01
1.421497268533333580e+00,1.146316919545518065e-01
1.421697268533333114e+00,1.156597255978359662e-01
1.421897268533332870e+00,1.166861017664455324e-01
1.422097268533332848e+00,1.177108038543305257e-01
1.422297268533333270e+00,1.187338154180656025e-01
1.422497268533333248e+00,1.197551201765074264e-01
1.422697268533333226e+00,1.207747020104462388e-01
1.422897268533333648e+00,1.217925449622138112e-01
1.423097268533333626e+00,1.228086332352672505e-01
1.423297268533333604e+00,1.238229511937685157e-01
1.423497268533333582e+00,1.248354833621177495e-01
1.423697268533333116e+00,1.258462144244716363e-01
1.423897268533333316e+00,1.268551292242478812e-01
1.424097268533333516e+00,1.278622127635797301e-01
1.424297268533332828e+00,1.288674502027709889e-01
1.424497268533333250e+00,1.298708268597364435e-01
1.424697268533333450e+00,1.308723282093714468e-01
1.424897268533333872e+00,1.318719398829563960e-01
1.425097268533333406e+00,1.328696476674953719e-01
1.425297268533332939e+00,1.338654375050672696e-01
1.425497268533332917e+00,1.348592954921242482e-01
1.425697268533333339e+00,1.358512078787806887e-01
1.425897268533333095e+00,1.368411610680763391e-01
1.426097268533333295e+00,1.378291416152379045e-01
1.426297268533333717e+00,1.388151362268848776e-01
1.426497268533333695e+00,1.397991317602362282e-01
1.426697268533333673e+00,1.407811152222988860e-01
1.426897268533333651e+00,1.417610737690201961e-01
1.427097268533333185e+00,1.427389947044273855e-01
1.427297268533333163e+00,1.437148654797552327e-01
1.427497268533333585e+00,1.446886736925337424e-01
1.427697268533333119e+00,1.456604070856651889e-01
1.427897268533333097e+00,1.466300535465019927e-01
1.428097268533333519e+00,1.475976011058670878e-01
1.428297268533333941e+00,1.485630379370783960e-01
1.428497268533333475e+00,1.495263523549496265e-01
1.428697268533333009e+00,1.504875328147839975e-01
1.428897268533332765e+00,1.514465679113254915e-01
1.429097268533333187e+00,1.524034463777091952e-01
1.429297268533333387e+00,1.533581570843811637e-01
1.429497268533332921e+00,1.543106890380169238e-01
1.429697268533333787e+00,1.552610313804228537e-01
1.429897268533333321e+00,1.562091733873776644e-01
1.430097268533333965e+00,1.571551044675370545e-01
1.430297268533333277e+00,1.580988141612274522e-01
1.430497268533333033e+00,1.590402921393143376e-01
1.430697268533333011e+00,1.599795282019817189e-01
1.430897268533333655e+00,1.609165122775376988e-01
1.431097268533333189e+00,1.618512344211786580e-01
1.431297268533333167e+00,1.627836848137773351e-01
1.431497268533333145e+00,1.637138537606053212e-01
1.431697268533334011e+00,1.646417316900810057e-01
1.431897268533333323e+00,1.655673091524667295e-01
1.432097268533333523e+00,1.664905768186105695e-01
1.432297268533333057e+00,1.674115254785955853e-01
1.432497268533333035e+00,1.683301460404481031e-01
1.432697268533333457e+00,1.692464295287833542e-01
1.432897268533333213e+00,1.701603670834571647e-01
1.433097268533333635e+00,1.710719499582200320e-01
1.433297268533333169e+00,1.719811695193191881e-01
1.433497268533333369e+00,1.728880172441403518e-01
1.433697268533333125e+00,1.737924847197836187e-01
1.433897268533332880e+00,1.746945636416744607e-01
1.434097268533332858e+00,1.755942458121359795e-01
1.434297268533333281e+00,1.764915231389593830e-01
1.434497268533333258e+00,1.773863876339588919e-01
1.434697268533333014e+00,1.782788314115311412e-01
1.434897268533333436e+00,1.791688466871925733e-01
1.435097268533333636e+00,1.800564257760994824e-01
1.435297268533333614e+00,1.809415610915814931e-01
1.435497268533333370e+00,1.818242451436499207e-01
1.435697268533332904e+00,1.827044705375027167e-01
1.435897268533333548e+00,1.835822299720268613e-01
1.436097268533333526e+00,1.844575162382673383e-01
1.436297268533333060e+00,1.853303222179314980e-01
1.436497268533333482e+00,1.862006408818595582e-01
1.436697268533333238e+00,1.870684652884748445e-01
1.436897268533333882e+00,1.879337885822718324e-01
1.437097268533333416e+00,1.887966039922424899e-01
1.437297268533332506e+00,1.896569048303538008e-01
1.437497268533332928e+00,1.905146844899850977e-01
1.437697268533333572e+00,1.913699364443507411e-01
1.437897268533333328e+00,1.922226542449481657e-01
1.438097268533333306e+00,1.930728315199978784e-01
1.438297268533333728e+00,1.939204619728572832e-01
1.438497268533333928e+00,1.947655393804441359e-01
1.438697268533333684e+00,1.956080575916625819e-01
1.438897268533333662e+00,1.964480105258220588e-01
1.439097268533333196e+00,1.972853921710427949e-01
1.439297268533333174e+00,1.981201965826810130e-01
1.439497268533333152e+00,1.989524178817267952e-01
1.439697268533333130e+00,1.997820502532215992e-01
1.439897268533333108e+00,2.006090879446638109e-01
1.440097268533333530e+00,2.014335252644184338e-01
1.440297268533333952e+00,2.022553565801176734e-01
1.440497268533333264e+00,2.030745763170696550e-01
1.440697268533333020e+00,2.038911789566776600e-01
1.440897268533332998e+00,2.047051590348304972e-01
1.441097268533333420e+00,2.055165111403193523e-01
1.441297268533333398e+00,2.063252299132409817e-01
1.441497268533332932e+00,2.071313100434174492e-01
1.441697268533333798e+00,2.079347462688118653e-01
1.441897268533333776e+00,2.087355333739215890e-01
1.442097268533333310e+00,2.095336661882220008e-01
1.442297268533333288e+00,2.103291395845785783e-01
1.442497268533333044e+00,2.111219484776633570e-01
1.442697268533332799e+00,2.119120878223916260e-01
1.442897268533333666e+00,2.126995526123541258e-01
1.443097268533333200e+00,2.134843378782346757e-01
1.443297268533333177e+00,2.142664386862818959e-01
1.443497268533333378e+00,2.150458501367293329e-01
1.443697268533334022e+00,2.158225673622559126e-01
1.443897268533333333e+00,2.165965855264322670e-01
1.444097268533333089e+00,2.173678998222043912e-01
1.444297268533333067e+00,2.181365054703398032e-01
1.444497268533333489e+00,2.189023977179120062e-01
1.444697268533333689e+00,2.196655718367767074e-01
1.444897268533333001e+00,2.204260231220636357e-01
1.445097268533333645e+00,2.211837468906832083e-01
1.445297268533333401e+00,2.219387384798030549e-01
1.445497268533333601e+00,2.226909932453897401e-01
1.445697268533333135e+00,2.234405065607057983e-01
1.445897268533333113e+00,2.241872738148573130e-01
1.446097268533333313e+00,2.249312904113168199e-01
1.446297268533333513e+00,2.256725517664766034e-01
1.446497268533333269e+00,2.264110533082036025e-01
1.446697268533332803e+00,2.271467904744097210e-01
1.446897268533333225e+00,2.278797587116283552e-01
1.447097268533333647e+00,2.286099534735919481e-01
1.447297268533333181e+00,2.293373702198359954e-01
1.447497268533333159e+00,2.300620044143159015e-01
1.447697268533333137e+00,2.307838515240128729e-01
1.447897268533333559e+00,2.315029070175744774e-01
1.448097268533333537e+00,2.322191663639502357e-01
1.448297268533333293e+00,2.329326250310549962e-01
1.448497268533333493e+00,2.336432784844353350e-01
1.448697268533333249e+00,2.343511221859415627e-01
1.448897268533333449e+00,2.350561515924333156e-01
1.449097268533332983e+00,2.357583621544718788e-01
1.449297268533332739e+00,2.364577493150541998e-01
1.449497268533332939e+00,2.371543085083364089e-01
1.449697268533333805e+00,2.378480351583830144e-01
1.449897268533333339e+00,2.385389246779207051e-01
1.450097268533333095e+00,2.392269724671332587e-01
1.450297268533333517e+00,2.399121739124357999e-01
1.450497268533333939e+00,2.405945243852790905e-01
1.450697268533333473e+00,2.412740192409725815e-01
1.450897268533333229e+00,2.419506538175266175e-01
1.451097268533333207e+00,2.426244234344926420e-01
1.451297268533333407e+00,2.432953233918330738e-01
1.451497268533333829e+00,2.439633489688026180e-01
1.451697268533332918e+00,2.446284954228414577e-01
1.451897268533333563e+00,2.452907579885100220e-01
1.452097268533333541e+00,2.459501318763865352e-01
1.452297268533333963e+00,2.466066122720444453e-01
1.452497268533333052e+00,2.472601943349940212e-01
1.452697268533333030e+00,2.479108731976877866e-01
1.452897268533332564e+00,2.485586439644937862e-01
1.453097268533333652e+00,2.492035017107333550e-01
1.453297268533333408e+00,2.498454414816893010e-01
1.453497268533333164e+00,2.504844582916851969e-01
1.453697268533333808e+00,2.511205471231398034e-01
1.453897268533333786e+00,2.517537029256485814e-01
1.454097268533333320e+00,2.523839206151013981e-01
1.454297268533333298e+00,2.530111950728035075e-01
1.454497268533333276e+00,2.536355211446107427e-01
1.454697268533333032e+00,2.542568936400960711e-01
1.454897268533333454e+00,2.548753073317312490e-01
1.455097268533333210e+00,2.554907569540754153e-01
1.455297268533333188e+00,2.561032372030062065e-01
1.455497268533333166e+00,2.567127427349467084e-01
1.455697268533333810e+00,2.573192681661266024e-01
1.455897268533333122e+00,2.579228080718478089e-01
1.456097268533332878e+00,2.585233569857980918e-01
1.456297268533333078e+00,2.591209093993493973e-01
1.456497268533333500e+00,2.597154597608963278e-01
1.456697268533333478e+00,2.603070024752089928e-01
1.456897268533333012e+00,2.608955319028117836e-01
1.457097268533333656e+00,2.614810423593781907e-01
1.457297268533333634e+00,2.620635281151307838e-01
1.457497268533333834e+00,2.626429833942933723e-01
1.457697268533333368e+00,2.632194023745313416e-01
1.457897268533332902e+00,2.637927791864365656e-01
1.458097268533332880e+00,2.643631079130164818e-01
1.458297268533333746e+00,2.649303825892103115e-01
1.458497268533333280e+00,2.654945972014168265e-01
1.458697268533333258e+00,2.660557456870696336e-01
1.458897268533333236e+00,2.666138219341954718e-01
1.459097268533334102e+00,2.671688197810221932e-01
1.459297268533333414e+00,2.677207330155831899e-01
1.459497268533333170e+00,2.682695553753774997e-01
1.459697268533333148e+00,2.688152805470096496e-01
1.459897268533333570e+00,2.693579021658777384e-01
1.460097268533333770e+00,2.698974138158693470e-01
1.460297268533333082e+00,2.704338090290856478e-01
1.460497268533333504e+00,2.709670812855897171e-01
1.460697268533333260e+00,2.714972240131522385e-01
1.460897268533333460e+00,2.720242305870518851e-01
1.461097268533332993e+00,2.725480943298658199e-01
1.461297268533332971e+00,2.730688085113063268e-01
1.461497268533332727e+00,2.735863663480546104e-01
1.461697268533333371e+00,2.741007610036363396e-01
1.461897268533333349e+00,2.746119855882965255e-01
1.462097268533332883e+00,2.751200331589176984e-01
1.462297268533333305e+00,2.756248967189457444e-01
1.462497268533333727e+00,2.761265692183295095e-01
1.462697268533333483e+00,2.766250435534952090e-01
1.462897268533333017e+00,2.771203125673375456e-01
1.463097268533333217e+00,2.776123690492275919e-01
1.463297268533333639e+00,2.781012057350371047e-01
1.463497268533333839e+00,2.785868153071921482e-01
1.463697268533333151e+00,2.790691903947422059e-01
1.463897268533333573e+00,2.795483235734574357e-01
1.464097268533333107e+00,2.800242073659219288e-01
1.464297268533333973e+00,2.804968342416838678e-01
1.464497268533333063e+00,2.809661966173828129e-01
1.464697268533333041e+00,2.814322868569448244e-01
1.464897268533332797e+00,2.818950972717502168e-01
1.465097268533333885e+00,2.823546201208566031e-01
1.465297268533333419e+00,2.828108476112113356e-01
1.465497268533332953e+00,2.832637718979191255e-01
1.465697268533333819e+00,2.837133850844997252e-01
1.465897268533333797e+00,2.841596792231650404e-01
1.466097268533333331e+00,2.846026463151393737e-01
1.466297268533333087e+00,2.850422783109781144e-01
1.466497268533333065e+00,2.854785671109087986e-01
1.466697268533333265e+00,2.859115045651938747e-01
1.466897268533333687e+00,2.863410824745121208e-01
1.467097268533333221e+00,2.867672925903539949e-01
1.467297268533333199e+00,2.871901266154471832e-01
1.467497268533333621e+00,2.876095762041835369e-01
1.467697268533334043e+00,2.880256329630745404e-01
1.467897268533333133e+00,2.884382884512213252e-01
1.468097268533332667e+00,2.888475341808119934e-01
1.468297268533332645e+00,2.892533616176187206e-01
1.468497268533333511e+00,2.896557621815252781e-01
1.468697268533333489e+00,2.900547272470641036e-01
1.468897268533333023e+00,2.904502481439831807e-01
1.469097268533333889e+00,2.908423161578194138e-01
1.469297268533333867e+00,2.912309225304807736e-01
1.469497268533333401e+00,2.916160584608683548e-01
1.469697268533333157e+00,2.919977151054964915e-01
1.469897268533332912e+00,2.923758835791318011e-01
1.470097268533332890e+00,2.927505549554552111e-01
1.470297268533333757e+00,2.931217202677337541e-01
1.470497268533333290e+00,2.934893705095044658e-01
1.470697268533333268e+00,2.938534966352928657e-01
1.470897268533333468e+00,2.942140895613206131e-01
1.471097268533334113e+00,2.945711401662474693e-01
1.471297268533333202e+00,2.949246392919163684e-01
1.471497268533333180e+00,2.952745777441294628e-01
1.471697268533333158e+00,2.956209462934169530e-01
1.471897268533333580e+00,2.959637356758372251e-01
1.472097268533333780e+00,2.963029365937829840e-01
1.472297268533332870e+00,2.966385397168047056e-01
1.472497268533333514e+00,2.969705356824544618e-01
1.472697268533333492e+00,2.972989150971200312e-01
1.472897268533333692e+00,2.976236685369049173e-01
1.473097268533333004e+00,2.979447865484934899e-01
1.473297268533333204e+00,2.982622596500513756e-01
1.473497268533332960e+00,2.985760783321161904e-01
1.473697268533333604e+00,2.988862330585245752e-01
1.473897268533332916e+00,2.991927142673271867e-01
1.474097268533332894e+00,2.994955123717428780e-01
1.474297268533333316e+00,2.997946177610991692e-01
1.474497268533333738e+00,3.000900208017990844e-01
1.474697268533333272e+00,3.003817118382962059e-01
1.474897268533333250e+00,3.006696811940844372e-01
1.475097268533333228e+00,3.009539191726889884e-01
1.475297268533333650e+00,3.012344160586796216e-01
1.475497268533333628e+00,3.015111621186855606e-01
1.475697268533333162e+00,3.017841476024279990e-01
1.475897268533333362e+00,3.020533627437597124e-01
1.476097268533333118e+00,3.023187977617105004e-01
1.476297268533333540e+00,3.025804428615511132e-01
1.476497268533333074e+00,3.028382882358569561e-01
1.476697268533332830e+00,3.030923240655925555e-01
1.476897268533333030e+00,3.033425405211933601e-01
1.477097268533333674e+00,3.035889277636630856e-01
1.477297268533333208e+00,3.038314759456773317e-01
1.477497268533332964e+00,3.040701752127002444e-01
1.477697268533333608e+00,3.043050157041033432e-01
1.477897268533334252e+00,3.045359875542922312e-01
1.478097268533333564e+00,3.047630808938454061e-01
1.478297268533333098e+00,3.049862858506622865e-01
1.478497268533332853e+00,3.052055925511096279e-01
1.478697268533333498e+00,3.054209911211831496e-01
1.478897268533333698e+00,3.056324716876698266e-01
1.479097268533332787e+00,3.058400243793228945e-01
1.479297268533333432e+00,3.060436393280435707e-01
1.479497268533333409e+00,3.062433066700567807e-01
1.479697268533334054e+00,3.064390165471110317e-01
1.479897268533333143e+00,3.066307591076671279e-01
1.480097268533333121e+00,3.068185245081087587e-01
1.480297268533332655e+00,3.070023029139405391e-01
1.480497268533333521e+00,3.071820845010081458e-01
1.480697268533333499e+00,3.073578594567076272e-01
1.480897268533333033e+00,3.075296179812141428e-01
1.481097268533333899e+00,3.076973502887063727e-01
1.481297268533333877e+00,3.078610466085921482e-01
1.481497268533333855e+00,3.080206971867495147e-01
1.481697268533333389e+00,3.081762922867607446e-01
1.481897268533332923e+00,3.083278221911553985e-01
1.482097268533333123e+00,3.084752772026557732e-01
1.482297268533333323e+00,3.086186476454231276e-01
1.482497268533333301e+00,3.087579238663102355e-01
1.482697268533333279e+00,3.088930962361159382e-01
1.482897268533333479e+00,3.090241551508400297e-01
1.483097268533333901e+00,3.091510910329426376e-01
1.483297268533333213e+00,3.092738943326042711e-01
1.483497268533332969e+00,3.093925555289904761e-01
1.483697268533332725e+00,3.095070651315139365e-01
1.483897268533333591e+00,3.096174136811027378e-01
1.484097268533333569e+00,3.097235917514633008e-01
1.484297268533332881e+00,3.098255899503543076e-01
1.484497268533333525e+00,3.099233989208534656e-01
1.484697268533333503e+00,3.100170093426252715e-01
1.484897268533333925e+00,3.101064119331962687e-01
1.485097268533333237e+00,3.101915974492213679e-01
1.485297268533332993e+00,3.102725566877592156e-01
1.485497268533332971e+00,3.103492804875394029e-01
1.485697268533333615e+00,3.104217597302365572e-01
1.485897268533333371e+00,3.104899853417380506e-01
1.486097268533333349e+00,3.105539482934162598e-01
1.486297268533333327e+00,3.106136396033977731e-01
1.486497268533333971e+00,3.106690503378298773e-01
1.486697268533333283e+00,3.107201716121486545e-01
1.486897268533333039e+00,3.107669945923471344e-01
1.487097268533333239e+00,3.108095104962365629e-01
1.487297268533333661e+00,3.108477105947117236e-01
1.487497268533333639e+00,3.108815862130113183e-01
1.487697268533333173e+00,3.109111287319778483e-01
1.487897268533333373e+00,3.109363295893152745e-01
1.488097268533333351e+00,3.109571802808426266e-01
1.488297268533333551e+00,3.109736723617488874e-01
1.488497268533333084e+00,3.109857974478413833e-01
1.488697268533333062e+00,3.109935472167946746e-01
1.488897268533333040e+00,3.109969134093942822e-01
1.489097268533333462e+00,3.109958878307794161e-01
1.489297268533333440e+00,3.109904623516801525e-01
1.489497268533332974e+00,3.109806289096549992e-01
1.489697268533333396e+00,3.109663795103203565e-01
1.489897268533333818e+00,3.109477062285813109e-01
1.490097268533333352e+00,3.109246012098543788e-01
1.490297268533332886e+00,3.108970566712901396e-01
1.490497268533333086e+00,3.108650649029890412e-01
1.490697268533333730e+00,3.108286182692147626e-01
1.490897268533333708e+00,3.107877092096035243e-01
1.491097268533333020e+00,3.107423302403681808e-01
1.491297268533333664e+00,3.106924739554970949e-01
1.491497268533333198e+00,3.106381330279525121e-01
1.491697268533333842e+00,3.105793002108574452e-01
1.491897268533333154e+00,3.105159683386859992e-01
1.492097268533333132e+00,3.104481303284407079e-01
1.492297268533332666e+00,3.103757791808308131e-01
1.492497268533333532e+00,3.102989079814426066e-01
1.492697268533333288e+00,3.102175099019060522e-01
1.492897268533333044e+00,3.101315782010540811e-01
1.493097268533333688e+00,3.100411062260777229e-01
1.493297268533334332e+00,3.099460874136769628e-01
1.493497268533333644e+00,3.098465152912042164e-01
1.493697268533333178e+00,3.097423834778005314e-01
1.493897268533332934e+00,3.096336856855304021e-01
1.494097268533333356e+00,3.095204157205074802e-01
1.494297268533333556e+00,3.094025674840155116e-01
1.494497268533332868e+00,3.092801349736227778e-01
1.494697268533333290e+00,3.091531122842881008e-01
1.494897268533333712e+00,3.090214936094669018e-01
1.495097268533334134e+00,3.088852732422048275e-01
1.495297268533333224e+00,3.087444455762275997e-01
1.495497268533332758e+00,3.085990051070222062e-01
1.495697268533332291e+00,3.084489464329159825e-01
1.495897268533333380e+00,3.082942642561439239e-01
1.496097268533333580e+00,3.081349533839164434e-01
1.496297268533333114e+00,3.079710087294705856e-01
1.496497268533333758e+00,3.078024253131195209e-01
1.496697268533333958e+00,3.076291982633010957e-01
1.496897268533333492e+00,3.074513228176085633e-01
1.497097268533333025e+00,3.072687943238193720e-01
1.497297268533333003e+00,3.070816082409189018e-01
1.497497268533332759e+00,3.068897601401157638e-01
1.497697268533333403e+00,3.066932457058459960e-01
1.497897268533333381e+00,3.064920607367779826e-01
1.498097268533333359e+00,3.062862011468009404e-01
1.498297268533333337e+00,3.060756629660135175e-01
1.498497268533334204e+00,3.058604423416997342e-01
1.498697268533333293e+00,3.056405355393062573e-01
1.498897268533333271e+00,3.054159389433944716e-01
1.499097268533332805e+00,3.051866490586084280e-01
1.499297268533333671e+00,3.049526625106144806e-01
1.499497268533333649e+00,3.047139760470503611e-01
1.499697268533332961e+00,3.044705865384512711e-01
1.499897268533333383e+00,3.042224909791767518e-01
1.500097268533333583e+00,3.039696864883341121e-01
1.500297268533334005e+00,3.037121703106823167e-01
1.500497268533333095e+00,3.034499398175407037e-01
1.500697268533333073e+00,3.031829925076745536e-01
1.500897268533332829e+00,3.029113260081925940e-01
1.501097268533333695e+00,3.026349380754175811e-01
1.501297268533333007e+00,3.023538265957673166e-01
1.501497268533333429e+00,3.020679895866042464e-01
1.501697268533332963e+00,3.017774251971055977e-01
1.501897268533334051e+00,3.014821317090971564e-01
1.502097268533333363e+00,3.011821075379083612e-01
1.502297268533333119e+00,3.008773512331871514e-01
1.502497268533333319e+00,3.005678614797342441e-01
1.502697268533333741e+00,3.002536370983170388e-01
1.502897268533333497e+00,2.999346770464761391e-01
1.503097268533333253e+00,2.996109804193232140e-01
1.503297268533333453e+00,2.992825464503332533e-01
1.503497268533333209e+00,2.989493745121305501e-01
1.503697268533333631e+00,2.986114641172585848e-01
1.503897268533332943e+00,2.982688149189540172e-01
1.504097268533332921e+00,2.979214267118956982e-01
1.504297268533332677e+00,2.975692994329654506e-01
1.504497268533333765e+00,2.972124331619813153e-01
1.504697268533333077e+00,2.968508281224452316e-01
1.504897268533333277e+00,2.964844846822495272e-01
1.505097268533333255e+00,2.961134033544120525e-01
1.505297268533333899e+00,2.957375847977762873e-01
1.505497268533333433e+00,2.953570298177193298e-01
1.505697268533332966e+00,2.949717393668362386e-01
1.505897268533332944e+00,2.945817145456311459e-01
1.506097268533333589e+00,2.941869566031921068e-01
1.506297268533333789e+00,2.937874669378621739e-01
1.506497268533333100e+00,2.933832470978954277e-01
1.506697268533333300e+00,2.929742987821049027e-01
1.506897268533333278e+00,2.925606238405166759e-01
1.507097268533333922e+00,2.921422242749943665e-01
1.507297268533333234e+00,2.917191022398759048e-01
1.507497268533333212e+00,2.912912600425776044e-01
1.507697268533332746e+00,2.908587001442182740e-01
1.507897268533333612e+00,2.904214251602085239e-01
1.508097268533333368e+00,2.899794378608592238e-01
1.508297268533333346e+00,2.895327411719478272e-01
1.508497268533333768e+00,2.890813381753064015e-01
1.508697268533333968e+00,2.886252321093881190e-01
1.508897268533333502e+00,2.881644263698244224e-01
1.509097268533333258e+00,2.876989245099739190e-01
1.509297268533333236e+00,2.872287302414687771e-01
1.509497268533332992e+00,2.867538474347486321e-01
1.509697268533333192e+00,2.862742801195821696e-01
1.509897268533332948e+00,2.857900324855904284e-01
1.510097268533333370e+00,2.853011088827464015e-01
1.510297268533333348e+00,2.848075138218859603e-01
1.510497268533333770e+00,2.843092519751880820e-01
1.510697268533333304e+00,2.838063281766693424e-01
1.510897268533333060e+00,2.832987474226450475e-01
1.511097268533332816e+00,2.827865148722057964e-01
1.511297268533333682e+00,2.822696358476671774e-01
1.511497268533333216e+00,2.817481158350306769e-01
1.511697268533332972e+00,2.812219604844046206e-01
1.511897268533333616e+00,2.806911756104479849e-01
1.512097268533333816e+00,2.801557671927951687e-01
1.512297268533333572e+00,2.796157413764620570e-01
1.512497268533333328e+00,2.790711044722531398e-01
1.512697268533333306e+00,2.785218629571594162e-01
1.512897268533332840e+00,2.779680234747486378e-01
1.513097268533333484e+00,2.774095928355351237e-01
1.513297268533333240e+00,2.768465780173661184e-01
1.513497268533333440e+00,2.762789861657641843e-01
1.513697268533333418e+00,2.757068245942940754e-01
1.513897268533334062e+00,2.751301007848970248e-01
1.514097268533333374e+00,2.745488223882378565e-01
1.514297268533333130e+00,2.739629972240116285e-01
1.514497268533333330e+00,2.733726332812769777e-01
1.514697268533333752e+00,2.727777387187588776e-01
1.514897268533333508e+00,2.721783218651497860e-01
1.515097268533333041e+00,2.715743912193933629e-01
1.515297268533333463e+00,2.709659554509672441e-01
1.515497268533333441e+00,2.703530234001638721e-01
1.515697268533333641e+00,2.697356040783408515e-01
1.515897268533332953e+00,2.691137066681847934e-01
1.516097268533333375e+00,2.684873405239420752e-01
1.516297268533333131e+00,2.678565151716739146e-01
1.516497268533333553e+00,2.672212403094619271e-01
1.516697268533333087e+00,2.665815258076431604e-01
1.516897268533333287e+00,2.659373817089988323e-01
1.517097268533333265e+00,2.652888182289696584e-01
1.517297268533333909e+00,2.646358457558313781e-01
1.517497268533333443e+00,2.639784748508877121e-01
1.517697268533332977e+00,2.633167162486230728e-01
1.517897268533333399e+00,2.626505808568715405e-01
1.518097268533333599e+00,2.619800797569749595e-01
1.518297268533333355e+00,2.613052242039132222e-01
1.518497268533333333e+00,2.606260256264367192e-01
1.518697268533333311e+00,2.599424956271929599e-01
1.518897268533333067e+00,2.592546459828370953e-01
1.519097268533333711e+00,2.585624886441283410e-01
1.519297268533333245e+00,2.578660357360383903e-01
1.519497268533333223e+00,2.571652995578114775e-01
1.519697268533332979e+00,2.564602925830560820e-01
1.519897268533333623e+00,2.557510274597944444e-01
1.520097268533333379e+00,2.550375170105320111e-01
1.520297268533333135e+00,2.543197742322800270e-01
1.520497268533333335e+00,2.535978122965991122e-01
1.520697268533333979e+00,2.528716445496225207e-01
1.520897268533333513e+00,2.521412845120717394e-01
1.521097268533333269e+00,2.514067458792426657e-01
1.521297268533333025e+00,2.506680425210136565e-01
1.521497268533333447e+00,2.499251884818177727e-01
1.521697268533333647e+00,2.491781979806226843e-01
1.521897268533332959e+00,2.484270854108847071e-01
1.522097268533333381e+00,2.476718653404899606e-01
1.522297268533333359e+00,2.469125525117165099e-01
1.522497268533334225e+00,2.461491618411388305e-01
1.522697268533333315e+00,2.453817084195726306e-01
1.522897268533333293e+00,2.446102075119462871e-01
1.523097268533332826e+00,2.438346745572327057e-01
1.523297268533333471e+00,2.430551251683089053e-01
1.523497268533333227e+00,2.422715751318555710e-01
1.523697268533333204e+00,2.414840404081949887e-01
1.523897268533333627e+00,2.406925371311590123e-01
1.524097268533333827e+00,2.398970816079309398e-01
1.524297268533333582e+00,2.390976903188709313e-01
1.524497268533333560e+00,2.382943799173328769e-01
1.524697268533333316e+00,2.374871672294808223e-01
1.524897268533332850e+00,2.366760692540795241e-01
1.525097268533333494e+00,2.358611031622753207e-01
1.525297268533333028e+00,2.350422862973902127e-01
1.525497268533333006e+00,2.342196361746541888e-01
1.525697268533333428e+00,2.333931704809779351e-01
1.525897268533334294e+00,2.325629070746848548e-01
1.526097268533333162e+00,2.317288639852490562e-01
1.526297268533333362e+00,2.308910594129766625e-01
1.526497268533332896e+00,2.300495117287555402e-01
1.526697268533333762e+00,2.292042394737083821e-01
1.526897268533333518e+00,2.283552613589081015e-01
1.527097268533333052e+00,2.275025962650127076e-01
1.527297268533333474e+00,2.266462632419342649e-01
1.527497268533333674e+00,2.257862815084935026e-01
1.527697268533333874e+00,2.249226704520356779e-01
1.527897268533333186e+00,2.240554496280602603e-01
1.528097268533333164e+00,2.231846387598131476e-01
1.528297268533332698e+00,2.223102577379024170e-01
1.528497268533333564e+00,2.214323266198573448e-01
1.528697268533333098e+00,2.205508656297296421e-01
1.528897268533333076e+00,2.196658951576118124e-01
1.529097268533333054e+00,2.187774357592106589e-01
1.529297268533333920e+00,2.178855081553640605e-01
1.529497268533333454e+00,2.169901332315793130e-01
1.529697268533333210e+00,2.160913320375095759e-01
1.529897268533333410e+00,2.151891257864697038e-01
1.530097268533333388e+00,2.142835358549152747e-01
1.530297268533333366e+00,2.133745837819023550e-01
1.530497268533333344e+00,2.124622912685473486e-01
1.530697268533333322e+00,2.115466801774680272e-01
1.530897268533333300e+00,2.106277725322117378e-01
1.531097268533333722e+00,2.097055905166692602e-01
1.531297268533333256e+00,2.087801564744877769e-01
1.531497268533333234e+00,2.078514929084390450e-01
1.531697268533332768e+00,2.069196224798178774e-01
1.531897268533333634e+00,2.059845680077822538e-01
1.532097268533333168e+00,2.050463524687357320e-01
1.532297268533332701e+00,2.041049989956235933e-01
1.532497268533333123e+00,2.031605308772759244e-01
1.532697268533334212e+00,2.022129715577196674e-01
1.532897268533333524e+00,2.012623446354791512e-01
1.533097268533333057e+00,2.003086738628263863e-01
1.533297268533333257e+00,1.993519831450774049e-01
1.533497268533333457e+00,1.983922965398441651e-01
1.533697268533333880e+00,1.974296382562665819e-01
1.533897268533332969e+00,1.964640326542514970e-01
1.534097268533333169e+00,1.954955042436591350e-01
1.534297268533333369e+00,1.945240776835374663e-01
1.534497268533334235e+00,1.935497777812831832e-01
1.534697268533333325e+00,1.925726294918367887e-01
1.534897268533333081e+00,1.915926579168015509e-01
1.535097268533332837e+00,1.906098883036264069e-01
1.535297268533333703e+00,1.896243460447120111e-01
1.535497268533333237e+00,1.886360566765531988e-01
1.535697268533332771e+00,1.876450458788048170e-01
1.535897268533333637e+00,1.866513394733884112e-01
1.536097268533334059e+00,1.856549634235817592e-01
1.536297268533333593e+00,1.846559438330567793e-01
1.536497268533333349e+00,1.836543069449246834e-01
1.536697268533333327e+00,1.826500791407806856e-01
1.536897268533333083e+00,1.816432869397191507e-01
1.537097268533333505e+00,1.806339569973278991e-01
1.537297268533332595e+00,1.796221161046996362e-01
1.537497268533333017e+00,1.786077911873691915e-01
1.537697268533333439e+00,1.775910093043188143e-01
1.537897268533334083e+00,1.765717976468976214e-01
1.538097268533333395e+00,1.755501835377718811e-01
1.538297268533333151e+00,1.745261944298181211e-01
1.538497268533332907e+00,1.734998579050568701e-01
1.538697268533333551e+00,1.724712016735252540e-01
1.538897268533333307e+00,1.714402535721744614e-01
1.539097268533332841e+00,1.704070415637073954e-01
1.539297268533333485e+00,1.693715937354355328e-01
1.539497268533333907e+00,1.683339382981317023e-01
1.539697268533333885e+00,1.672941035848315161e-01
1.539897268533333197e+00,1.662521180496458473e-01
1.540097268533333175e+00,1.652080102665455796e-01
1.540297268533332709e+00,1.641618089281619841e-01
1.540497268533333353e+00,1.631135428445242841e-01
1.540697268533333109e+00,1.620632409418446551e-01
1.540897268533333087e+00,1.610109322612194305e-01
1.541097268533333287e+00,1.599566459573754651e-01
1.541297268533333931e+00,1.589004112973730898e-01
1.541497268533333465e+00,1.578422576593122573e-01
1.541697268533332998e+00,1.567822145309917814e-01
1.541897268533333643e+00,1.557203115085916689e-01
1.542097268533333398e+00,1.546565782953452928e-01
1.542297268533333598e+00,1.535910447001460621e-01
1.542497268533332910e+00,1.525237406362081605e-01
1.542697268533333332e+00,1.514546961196481800e-01
1.542897268533333532e+00,1.503839412681228227e-01
1.543097268533334177e+00,1.493115062993873310e-01
1.543297268533333044e+00,1.482374215298969400e-01
1.543497268533333466e+00,1.471617173733224815e-01
1.543697268533333000e+00,1.460844243391594410e-01
1.543897268533333422e+00,1.450055730312095337e-01
1.544097268533333178e+00,1.439251941461432427e-01
1.544297268533333156e+00,1.428433184719780646e-01
1.544497268533333134e+00,1.417599768865933640e-01
1.544697268533334000e+00,1.406752003562029563e-01
1.544897268533333534e+00,1.395890199338477022e-01
1.545097268533333068e+00,1.385014667578181591e-01
1.545297268533333490e+00,1.374125720501216952e-01
1.545497268533333246e+00,1.363223671149268457e-01
1.545697268533333446e+00,1.352308833369563479e-01
1.545897268533332980e+00,1.341381521799218102e-01
1.546097268533333402e+00,1.330442051848944596e-01
1.546297268533333158e+00,1.319490739687203817e-01
1.546497268533333802e+00,1.308527902223591277e-01
1.546697268533333336e+00,1.297553857092812457e-01
1.546897268533333314e+00,1.286568922637774115e-01
1.547097268533333070e+00,1.275573417893279271e-01
1.547297268533333492e+00,1.264567662569075490e-01
1.547497268533333026e+00,1.253551977033218190e-01
1.547697268533332782e+00,1.242526682294814722e-01
1.547897268533333204e+00,1.231492099987137462e-01
1.548097268533334070e+00,1.220448552350418409e-01
1.548297268533333826e+00,1.209396362214594511e-01
1.548497268533333582e+00,1.198335852981673305e-01
1.548697268533333560e+00,1.187267348608414957e-01
1.548897268533333094e+00,1.176191173588712613e-01
1.549097268533333516e+00,1.165107652935704757e-01
1.549297268533332828e+00,1.154017112164242714e-01
1.549497268533333028e+00,1.142919877272561280e-01
1.549697268533333228e+00,1.131816274724623955e-01
1.549897268533334094e+00,1.120706631431755973e-01
1.550097268533333406e+00,1.109591274734663957e-01
1.550297268533333161e+00,1.098470532384726861e-01
1.550497268533332917e+00,1.087344732525947211e-01
1.550697268533333339e+00,1.076214203676252590e-01
1.550897268533333317e+00,1.065079274709059831e-01
1.551097268533332851e+00,1.053940274834430230e-01
1.551297268533333495e+00,1.042797533580272218e-01
1.551497268533333918e+00,1.031651380773730559e-01
1.551697268533333673e+00,1.020502146522033887e-01
1.551897268533333429e+00,1.009350161193459799e-01
1.552097268533333629e+00,9.981957553983002163e-02
1.552297268533332941e+00,9.870392599697666580e-02
1.552497268533333585e+00,9.758810059444304741e-02
1.552697268533332897e+00,9.647213245433552964e-02
1.552897268533332875e+00,9.535605471521563237e-02
1.553097268533333075e+00,9.423990053019098978e-02
1.553297268533333941e+00,9.312370306494179018e-02
1.553497268533333253e+00,9.200749549577866282e-02
1.553697268533333453e+00,9.089131100763228610e-02
1.553897268533333431e+00,8.977518279212509666e-02
1.554097268533333631e+00,8.865914404556068940e-02
1.554297268533333387e+00,8.754322796695107600e-02
1.554497268533332921e+00,8.642746775601288511e-02
1.554697268533333565e+00,8.531189661116653222e-02
1.554897268533333765e+00,8.419654772755402750e-02
1.555097268533333965e+00,8.308145429500241042e-02
1.555297268533333277e+00,8.196664949602722183e-02
1.555497268533333477e+00,8.085216650379056791e-02
1.555697268533333011e+00,7.973803848011035145e-02
1.555897268533333433e+00,7.862429857339556238e-02
1.556097268533332967e+00,7.751097991664918085e-02
1.556297268533333167e+00,7.639811562539428058e-02
1.556497268533333145e+00,7.528573879566498317e-02
1.556697268533334011e+00,7.417388250193771015e-02
1.556897268533333323e+00,7.306257979511424083e-02
1.557097268533333523e+00,7.195186370042351565e-02
1.557297268533333723e+00,7.084176721541404764e-02
1.557497268533333701e+00,6.973232330787479394e-02
1.557697268533333235e+00,6.862356491377950840e-02
1.557897268533332991e+00,6.751552493522119947e-02
1.558097268533333413e+00,6.640823623835422074e-02
1.558297268533333169e+00,6.530173165133804081e-02
1.558497268533333813e+00,6.419604396224448672e-02
1.558697268533333125e+00,6.309120591702635505e-02
1.558897268533333547e+00,6.198725021740172925e-02
1.559097268533333303e+00,6.088420951883254800e-02
1.559297268533333503e+00,5.978211642841454315e-02
1.559497268533332814e+00,5.868100350283553257e-02
1.559697268533332792e+00,5.758090324627421208e-02
1.559897268533333214e+00,5.648184810835440994e-02
1.560097268533333859e+00,5.538387048206430685e-02
1.560297268533333392e+00,5.428700270169113662e-02
1.560497268533333370e+00,5.319127704073016438e-02
1.560697268533333570e+00,5.209672570984033579e-02
1.560897268533333548e+00,5.100338085476829875e-02
1.561097268533333526e+00,4.991127455427731702e-02
1.561297268533332838e+00,4.882043881809065150e-02
1.561497268533333260e+00,4.773090558481093287e-02
1.561697268533333238e+00,4.664270671989104167e-02
1.561897268533333660e+00,4.555587401354413424e-02
1.562097268533333416e+00,4.447043917871256608e-02
1.562297268533333394e+00,4.338643384899338457e-02
1.562497268533333372e+00,4.230388957660605881e-02
1.562697268533333572e+00,4.122283783033720700e-02
1.562897268533332884e+00,4.014330999350836093e-02
1.563097268533333306e+00,3.906533736191317163e-02
1.563297268533333728e+00,3.798895114181602417e-02
1.563497268533333706e+00,3.691418244790232311e-02
1.563697268533333684e+00,3.584106230125087833e-02
1.563897268533333218e+00,3.476962162732347150e-02
1.564097268533333640e+00,3.369989125393425128e-02
1.564297268533333174e+00,3.263190190926593126e-02
1.564497268533333596e+00,3.156568421982954009e-02
1.564697268533332686e+00,3.050126870850557170e-02
1.564897268533333330e+00,2.943868579250265988e-02
1.565097268533333530e+00,2.837796578142423587e-02
1.565297268533333508e+00,2.731913887525058010e-02
1.565497268533333042e+00,2.626223516238012853e-02
1.565697268533333464e+00,2.520728461765211689e-02
1.565897268533333442e+00,2.415431710041061886e-02
1.566097268533333420e+00,2.310336235252902562e-02
1.566297268533333176e+00,2.205444999647959009e-02
1.566497268533333154e+00,2.100760953339103967e-02
1.566697268533333798e+00,1.996287034112409833e-02
1.566897268533333776e+00,1.892026167236184400e-02
1.567097268533333754e+00,1.787981265268042547e-02
1.567297268533333288e+00,1.684155227866293222e-02
1.567497268533333488e+00,1.580550941599436626e-02
1.567697268533332799e+00,1.477171279760012418e-02
1.567897268533333444e+00,1.374019102173997323e-02
1.568097268533332977e+00,1.271097255018844262e-02
1.568297268533333177e+00,1.168408570633578357e-02
1.568497268533333600e+00,1.065955867337876721e-02
1.568697268533333578e+00,9.637419492477846197e-03
1.568897268533333111e+00,8.617696060931795410e-03
1.569097268533333089e+00,7.600416130365897360e-03
1.569297268533333511e+00,6.585607304942246200e-03
1.569497268533333489e+00,5.573297039572338088e-03
1.569697268533333245e+00,4.563512638130880206e-03
1.569897268533333001e+00,3.556281251697880532e-03
1.570097268533333645e+00,2.551629876803344476e-03
1.570297268533333623e+00,1.549585353704033535e-03
1.570497268533333601e+00,5.501743646327301052e-04
1.570697268533332913e+00,-4.465765678968402997e-04
1.570897268533333557e+00,-1.440641082811871827e-03
1.571097268533333313e+00,-2.431992982132882841e-03
1.571297268533333291e+00,-3.420606232685473400e-03
1.571497268533333047e+00,-4.406454967737142778e-03
1.571697268533333247e+00,-5.389513488656059483e-03
1.571897268533333447e+00,-6.369756266533071511e-03
1.572097268533333647e+00,-7.347157943807284056e-03
1.572297268533333181e+00,-8.321693335864407265e-03
1.572497268533333159e+00,-9.293337432637452378e-03
1.572697268533333803e+00,-1.026206540016735141e-02
1.572897268533333559e+00,-1.122785258215818968e-02
1.573097268533333315e+00,-1.219067450154100868e-02
1.573297268533333071e+00,-1.315050686198520821e-02
1.573497268533333493e+00,-1.410732554941899856e-02
1.573697268533333249e+00,-1.506110663351305744e-02
1.573897268533333449e+00,-1.601182636918176833e-02
1.574097268533332761e+00,-1.695946119802454674e-02
1.574297268533333405e+00,-1.790398774980160937e-02
1.574497268533333383e+00,-1.884538284382843848e-02
1.574697268533333805e+00,-1.978362349042477736e-02
1.574897268533332895e+00,-2.071868689228322305e-02
1.575097268533333317e+00,-2.165055044588429928e-02
1.575297268533333739e+00,-2.257919174281922126e-02
1.575497268533333717e+00,-2.350458857115834965e-02
1.575697268533333251e+00,-2.442671891677659912e-02
1.575897268533333229e+00,-2.534556096466515987e-02
1.576097268533333651e+00,-2.626109310021523813e-02
1.576297268533333629e+00,-2.717329391049123910e-02
1.576497268533333607e+00,-2.808214218549701796e-02
1.576697268533332696e+00,-2.898761691939990420e-02
1.576897268533333341e+00,-2.988969731177008524e-02
1.577097268533333096e+00,-3.078836276874298908e-02
1.577297268533333519e+00,-3.168359290423989477e-02
1.577497268533332830e+00,-3.257536754109635613e-02
1.577697268533333252e+00,-3.346366671223676564e-02
1.577897268533333452e+00,-3.434847066176429514e-02
1.578097268533333652e+00,-3.522975984608638089e-02
1.578297268533332964e+00,-3.610751493498680353e-02
1.578497268533333164e+00,-3.698171681270630978e-02
1.578697268533333808e+00,-3.785234657896523885e-02
1.578897268533333786e+00,-3.871938554999415638e-02
1.579097268533333320e+00,-3.958281525954718272e-02
1.579297268533333076e+00,-4.044261745988082107e-02
1.579497268533333720e+00,-4.129877412271615311e-02
1.579697268533333254e+00,-4.215126744017001770e-02
1.579897268533333454e+00,-4.300007982570454301e-02
1.580097268533332766e+00,-4.384519391499881041e-02
1.580297268533333410e+00,-4.468659256685909853e-02
1.580497268533333610e+00,-4.552425886404656841e-02
1.580697268533333588e+00,-4.635817611414110029e-02
1.580897268533332678e+00,-4.718832785034636490e-02
1.581097268533333100e+00,-4.801469783230279814e-02
1.581297268533333744e+00,-4.883727004683633549e-02
1.581497268533333722e+00,-4.965602870872742186e-02
1.581697268533333034e+00,-5.047095826144597924e-02
1.581897268533333012e+00,-5.128204337786392009e-02
1.582097268533333878e+00,-5.208926896093432624e-02
1.582297268533333634e+00,-5.289262014435473780e-02
1.582497268533333612e+00,-5.369208229323510495e-02
1.582697268533332924e+00,-5.448764100469939697e-02
1.582897268533333346e+00,-5.527928210850743818e-02
1.583097268533333324e+00,-5.606699166761036635e-02
1.583297268533333524e+00,-5.685075597873150144e-02
1.583497268533333058e+00,-5.763056157288704018e-02
1.583697268533333480e+00,-5.840639521591525773e-02
1.583897268533333680e+00,-5.917824390894876885e-02
1.584097268533333658e+00,-5.994609488889837690e-02
1.584297268533332970e+00,-6.070993562889413775e-02
1.584497268533332948e+00,-6.146975383871872839e-02
1.584697268533334036e+00,-6.222553746519990381e-02
1.584897268533333570e+00,-6.297727469258222743e-02
1.585097268533333104e+00,-6.372495394291256832e-02
1.585297268533333082e+00,-6.446856387635491181e-02
1.585497268533333504e+00,-6.520809339150603068e-02
1.585697268533333482e+00,-6.594353162568447613e-02
1.585897268533333238e+00,-6.667486795520535803e-02
1.586097268533332771e+00,-6.740209199562094411e-02
1.586297268533333416e+00,-6.812519360194953244e-02
1.586497268533333393e+00,-6.884416286885886027e-02
1.586697268533333371e+00,-6.955899013086525029e-02
1.586897268533332905e+00,-7.026966596247477548e-02
1.587097268533333105e+00,-7.097618117832633911e-02
1.587297268533333749e+00,-7.167852683329128949e-02
1.587497268533333727e+00,-7.237669422256312601e-02
1.587697268533333039e+00,-7.307067488172946934e-02
1.587897268533333239e+00,-7.376046058681626216e-02
1.588097268533333661e+00,-7.444604335429497177e-02
1.588297268533333639e+00,-7.512741544108829383e-02
1.588497268533333173e+00,-7.580456934454776752e-02
1.588697268533332929e+00,-7.647749780240674367e-02
1.588897268533333351e+00,-7.714619379270805377e-02
1.589097268533333329e+00,-7.781065053370786466e-02
1.589297268533333529e+00,-7.847086148377309389e-02
1.589497268533333063e+00,-7.912682034123369457e-02
1.589697268533333485e+00,-7.977852104423806268e-02
1.589897268533333685e+00,-8.042595777055505657e-02
1.590097268533333441e+00,-8.106912493738371861e-02
1.590297268533332975e+00,-8.170801720112660926e-02
1.590497268533333175e+00,-8.234262945714374005e-02
1.590697268533334041e+00,-8.297295683947938927e-02
1.590897268533333797e+00,-8.359899472056854519e-02
1.591097268533333109e+00,-8.422073871093802011e-02
1.591297268533333309e+00,-8.483818465886686089e-02
1.591497268533333509e+00,-8.545132865002115496e-02
1.591697268533333487e+00,-8.606016700708661593e-02
1.591897268533333243e+00,-8.666469628936745995e-02
1.592097268533332777e+00,-8.726491329236621408e-02
1.592297268533333643e+00,-8.786081504734610803e-02
1.592497268533333621e+00,-8.845239882085273453e-02
1.592697268533333377e+00,-8.903966211424987898e-02
1.592897268533333133e+00,-8.962260266320407065e-02
1.593097268533333333e+00,-9.020121843716090437e-02
1.593297268533333533e+00,-9.077550763879452256e-02
1.593497268533333511e+00,-9.134546870344315006e-02
1.593697268533333045e+00,-9.191110029851985719e-02
1.593897268533333245e+00,-9.247240132290743264e-02
1.594097268533333889e+00,-9.302937090632128203e-02
1.594297268533333645e+00,-9.358200840866004455e-02
1.594497268533333179e+00,-9.413031341934435803e-02
1.594697268533332934e+00,-9.467428575662018009e-02
1.594897268533333579e+00,-9.521392546684975811e-02
1.595097268533333335e+00,-9.574923282377437173e-02
1.595297268533333312e+00,-9.628020832777881011e-02
1.595497268533333068e+00,-9.680685270510976104e-02
1.595697268533333268e+00,-9.732916690709379759e-02
1.595897268533333690e+00,-9.784715210932415363e-02
1.596097268533333446e+00,-9.836080971083267788e-02
1.596297268533333202e+00,-9.887014133325015830e-02
1.596497268533333180e+00,-9.937514881993411708e-02
1.596697268533333824e+00,-9.987583423508686331e-02
1.596897268533333580e+00,-1.003721998628465534e-01
1.597097268533333114e+00,-1.008642482063756146e-01
1.597297268533333314e+00,-1.013519819869160010e-01
1.597497268533333514e+00,-1.018354041428265883e-01
1.597697268533333492e+00,-1.023145178286113954e-01
1.597897268533333470e+00,-1.027893264139255192e-01
1.598097268533332782e+00,-1.032598334825599179e-01
1.598297268533333426e+00,-1.037260428314197291e-01
1.598497268533333404e+00,-1.041879584694621885e-01
1.598697268533333382e+00,-1.046455846166474413e-01
1.598897268533333138e+00,-1.050989257028490387e-01
1.599097268533333338e+00,-1.055479863667596330e-01
1.599297268533333538e+00,-1.059927714547712618e-01
1.599497268533333294e+00,-1.064332860198461544e-01
1.599697268533333050e+00,-1.068695353203710785e-01
1.599897268533333250e+00,-1.073015248189902460e-01
1.600097268533333672e+00,-1.077292601814240913e-01
1.600297268533333650e+00,-1.081527472752733393e-01
1.600497268533332962e+00,-1.085719921688091671e-01
1.600697268533333162e+00,-1.089870011297482261e-01
1.600897268533333584e+00,-1.093977806240017808e-01
1.601097268533333340e+00,-1.098043373144220874e-01
1.601297268533333318e+00,-1.102066780595334083e-01
1.601497268533333074e+00,-1.106048099122384359e-01
1.601697268533333274e+00,-1.109987401185209832e-01
1.601897268533333474e+00,-1.113884761161249709e-01
1.602097268533333674e+00,-1.117740255332271421e-01
1.602297268533332986e+00,-1.121553961870898619e-01
1.602497268533333408e+00,-1.125325960827099209e-01
1.602697268533333830e+00,-1.129056334114350857e-01
1.602897268533333586e+00,-1.132745165495859380e-01
1.603097268533332898e+00,-1.136392540570579507e-01
1.603297268533333320e+00,-1.139998546759109915e-01
1.603497268533333742e+00,-1.143563273289380094e-01
1.603697268533333720e+00,-1.147086811182341654e-01
1.603897268533333254e+00,-1.150569253237478939e-01
1.604097268533332787e+00,-1.154010694018192257e-01
1.604297268533333209e+00,-1.157411229837072147e-01
1.604497268533333409e+00,-1.160770958741006442e-01
1.604697268533333387e+00,-1.164089980496273435e-01
1.604897268533333143e+00,-1.167368396573449096e-01
1.605097268533333343e+00,-1.170606310132229211e-01
1.605297268533333543e+00,-1.173803826006110662e-01
1.605497268533333521e+00,-1.176961050687010402e-01
1.605697268533333055e+00,-1.180078092309758131e-01
1.605897268533333255e+00,-1.183155060636511824e-01
1.606097268533333899e+00,-1.186192067041009907e-01
1.606297268533333655e+00,-1.189189224492772506e-01
1.606497268533332967e+00,-1.192146647541247328e-01
1.606697268533333167e+00,-1.195064452299801488e-01
1.606897268533333589e+00,-1.197942756429601352e-01
1.607097268533333345e+00,-1.200781679123463924e-01
1.607297268533333323e+00,-1.203581341089630385e-01
1.607497268533333079e+00,-1.206341864535378228e-01
1.607697268533333501e+00,-1.209063373150640608e-01
1.607897268533333701e+00,-1.211745992091452645e-01
1.608097268533333235e+00,-1.214389847963407293e-01
1.608297268533332991e+00,-1.216995068805011848e-01
1.608497268533333191e+00,-1.219561784070930383e-01
1.608697268533333613e+00,-1.222090124615187040e-01
1.608897268533333591e+00,-1.224580222674304664e-01
1.609097268533333125e+00,-1.227032211850379306e-01
1.609297268533333325e+00,-1.229446227094093680e-01
1.609497268533333747e+00,-1.231822404687620831e-01
1.609697268533333725e+00,-1.234160882227527817e-01
1.609897268533333259e+00,-1.236461798607607632e-01
1.610097268533333015e+00,-1.238725294001653821e-01
1.610297268533333437e+00,-1.240951509846163342e-01
1.610497268533333415e+00,-1.243140588822994053e-01
1.610697268533333393e+00,-1.245292674842016223e-01
1.610897268533333149e+00,-1.247407913023668158e-01
1.611097268533333349e+00,-1.249486449681495859e-01
1.611297268533333771e+00,-1.251528432304634397e-01
1.611497268533333305e+00,-1.253534009540250571e-01
1.611697268533333061e+00,-1.255503331175997495e-01
1.611897268533333039e+00,-1.257436548122356779e-01
1.612097268533334127e+00,-1.259333812395007079e-01
1.612297268533333661e+00,-1.261195277097105494e-01
1.612497268533333195e+00,-1.263021096401648058e-01
1.612697268533333173e+00,-1.264811425533688694e-01
1.612897268533333595e+00,-1.266566420752587852e-01
1.613097268533333351e+00,-1.268286239334232013e-01
1.613297268533333328e+00,-1.269971039553261793e-01
1.613497268533332862e+00,-1.271620980665233436e-01
1.613697268533333506e+00,-1.273236222888820268e-01
1.613897268533333706e+00,-1.274816927387935617e-01
1.614097268533333240e+00,-1.276363256253919554e-01
1.614297268533332996e+00,-1.277875372487681793e-01
1.614497268533333196e+00,-1.279353439981829876e-01
1.614697268533333618e+00,-1.280797623502804294e-01
1.614897268533333374e+00,-1.282208088673019997e-01
1.615097268533333130e+00,-1.283585001953014837e-01
1.615297268533333330e+00,-1.284928530623578591e-01
1.615497268533333752e+00,-1.286238842767899737e-01
1.615697268533333730e+00,-1.287516107253720565e-01
1.615897268533333264e+00,-1.288760493715507272e-01
1.616097268533332798e+00,-1.289972172536629214e-01
1.616297268533333442e+00,-1.291151314831548436e-01
1.616497268533333198e+00,-1.292298092428005030e-01
1.616697268533333398e+00,-1.293412677849281878e-01
1.616897268533333154e+00,-1.294495244296419156e-01
1.617097268533333576e+00,-1.295545965630505447e-01
1.617297268533333776e+00,-1.296565016354951916e-01
1.617497268533333310e+00,-1.297552571597824222e-01
1.617697268533333066e+00,-1.298508807094197470e-01
1.617897268533333044e+00,-1.299433899168522533e-01
1.618097268533333910e+00,-1.300328024717049558e-01
1.618297268533333666e+00,-1.301191361190258688e-01
1.618497268533332978e+00,-1.302024086575369055e-01
1.618697268533333178e+00,-1.302826379378851929e-01
1.618897268533333822e+00,-1.303598418608984399e-01
1.619097268533333578e+00,-1.304340383758461619e-01
1.619297268533333334e+00,-1.305052454787058447e-01
1.619497268533332868e+00,-1.305734812104317744e-01
1.619697268533333512e+00,-1.306387636552298614e-01
1.619897268533333712e+00,-1.307011109388367676e-01
1.620097268533333246e+00,-1.307605412268053602e-01
1.620297268533333224e+00,-1.308170727227956909e-01
1.620497268533333202e+00,-1.308707236668693319e-01
1.620697268533333624e+00,-1.309215123337921227e-01
1.620897268533333380e+00,-1.309694570313411632e-01
1.621097268533333136e+00,-1.310145760986192731e-01
1.621297268533333114e+00,-1.310568879043745305e-01
1.621497268533333758e+00,-1.310964108453269439e-01
1.621697268533333514e+00,-1.311331633445014522e-01
1.621897268533333047e+00,-1.311671638495683911e-01
1.622097268533333025e+00,-1.311984308311906489e-01
1.622297268533333670e+00,-1.312269827813773992e-01
1.622497268533333425e+00,-1.312528382118456072e-01
1.622697268533333403e+00,-1.312760156523901933e-01
1.622897268533332937e+00,-1.312965336492594726e-01
1.623097268533333359e+00,-1.313144107635409452e-01
1.623297268533333781e+00,-1.313296655695529447e-01
1.623497268533333315e+00,-1.313423166532459163e-01
1.623697268533333071e+00,-1.313523826106117454e-01
1.623897268533333271e+00,-1.313598820461007455e-01
1.624097268533333915e+00,-1.313648335710481119e-01
1.624297268533333449e+00,-1.313672558021090064e-01
1.624497268533333205e+00,-1.313671673597023026e-01
1.624697268533333183e+00,-1.313645868664634619e-01
1.624897268533333605e+00,-1.313595329457068195e-01
1.625097268533333583e+00,-1.313520242198970567e-01
1.625297268533333339e+00,-1.313420793091301664e-01
1.625497268533332873e+00,-1.313297168296241879e-01
1.625697268533333295e+00,-1.313149553922194901e-01
1.625897268533333495e+00,-1.312978136008893237e-01
1.626097268533333251e+00,-1.312783100512599499e-01
1.626297268533333229e+00,-1.312564633291413707e-01
1.626497268533333429e+00,-1.312322920090679690e-01
1.626697268533333629e+00,-1.312058146528499725e-01
1.626897268533333385e+00,-1.311770498081351599e-01
1.627097268533333141e+00,-1.311460160069815029e-01
1.627297268533333119e+00,-1.311127317644399937e-01
1.627497268533333763e+00,-1.310772155771493530e-01
1.627697268533333741e+00,-1.310394859219413122e-01
1.627897268533332831e+00,-1.309995612544564703e-01
1.628097268533333031e+00,-1.309574600077717255e-01
1.628297268533333675e+00,-1.309132005910403351e-01
1.628497268533333209e+00,-1.308668013881418013e-01
1.628697268533333187e+00,-1.308182807563430528e-01
1.628897268533332943e+00,-1.307676570249734493e-01
1.629097268533333365e+00,-1.307149484941091955e-01
1.629297268533333565e+00,-1.306601734332717979e-01
1.629497268533333321e+00,-1.306033500801363767e-01
1.629697268533333077e+00,-1.305444966392532713e-01
1.629897268533333055e+00,-1.304836312807818588e-01
1.630097268533333921e+00,-1.304207721392359742e-01
1.630297268533333455e+00,-1.303559373122433196e-01
1.630497268533332988e+00,-1.302891448593135326e-01
1.630697268533333189e+00,-1.302204128006230754e-01
1.630897268533333833e+00,-1.301497591158106149e-01
1.631097268533333811e+00,-1.300772017427856420e-01
1.631297268533333344e+00,-1.300027585765481386e-01
1.631497268533332878e+00,-1.299264474680235093e-01
1.631697268533333300e+00,-1.298482862229087265e-01
1.631897268533333278e+00,-1.297682926005331305e-01
1.632097268533333256e+00,-1.296864843127297773e-01
1.632297268533333234e+00,-1.296028790227216898e-01
1.632497268533333434e+00,-1.295174943440209891e-01
1.632697268533333634e+00,-1.294303478393410145e-01
1.632897268533333390e+00,-1.293414570195216828e-01
1.633097268533333146e+00,-1.292508393424676716e-01
1.633297268533333124e+00,-1.291585122121011175e-01
1.633497268533333990e+00,-1.290644929773268890e-01
1.633697268533333524e+00,-1.289687989310129568e-01
1.633897268533333058e+00,-1.288714473089800916e-01
1.634097268533333036e+00,-1.287724552890097685e-01
1.634297268533333680e+00,-1.286718399898640064e-01
1.634497268533333436e+00,-1.285696184703191691e-01
1.634697268533333414e+00,-1.284658077282108402e-01
1.634897268533332948e+00,-1.283604246994969889e-01
1.635097268533333370e+00,-1.282534862573306012e-01
1.635297268533333792e+00,-1.281450092111498518e-01
1.635497268533333104e+00,-1.280350103057797118e-01
1.635697268533333082e+00,-1.279235062205458795e-01
1.635897268533333060e+00,-1.278105135684079185e-01
1.636097268533333926e+00,-1.276960488951005002e-01
1.636297268533333460e+00,-1.275801286782939081e-01
1.636497268533333216e+00,-1.274627693267617046e-01
1.636697268533333194e+00,-1.273439871795694345e-01
1.636897268533333838e+00,-1.272237985052729892e-01
1.637097268533333594e+00,-1.271022195011336509e-01
1.637297268533333128e+00,-1.269792662923429905e-01
1.637497268533332884e+00,-1.268549549312659175e-01
1.637697268533333528e+00,-1.267293013966959980e-01
1.637897268533333506e+00,-1.266023215931263990e-01
1.638097268533333262e+00,-1.264740313500310187e-01
1.638297268533333018e+00,-1.263444464211632701e-01
1.638497268533333440e+00,-1.262135824838672704e-01
1.638697268533333862e+00,-1.260814551384045468e-01
1.638897268533333396e+00,-1.259480799072930091e-01
1.639097268533333152e+00,-1.258134722346588574e-01
1.639297268533332907e+00,-1.256776474856066972e-01
1.639497268533333996e+00,-1.255406209455986466e-01
1.639697268533333530e+00,-1.254024078198540393e-01
1.639897268533333063e+00,-1.252630232327528181e-01
1.640097268533333041e+00,-1.251224822272627712e-01
1.640297268533333686e+00,-1.249807997643760382e-01
1.640497268533333441e+00,-1.248379907225611873e-01
1.640697268533333197e+00,-1.246940698972254791e-01
1.640897268533332731e+00,-1.245490520001960172e-01
1.641097268533333597e+00,-1.244029516592101425e-01
1.641297268533333575e+00,-1.242557834174259912e-01
1.641497268533333109e+00,-1.241075617329377712e-01
1.641697268533333087e+00,-1.239583009783113143e-01
1.641897268533333287e+00,-1.238080154401324934e-01
1.642097268533333709e+00,-1.236567193185673791e-01
1.642297268533333465e+00,-1.235044267269379409e-01
1.642497268533333221e+00,-1.233511516913081696e-01
1.642697268533333199e+00,-1.231969081500876029e-01
1.642897268533333843e+00,-1.230417099536457448e-01
1.643097268533333821e+00,-1.228855708639426114e-01
1.643297268533333133e+00,-1.227285045541679914e-01
1.643497268533332889e+00,-1.225705246083972771e-01
1.643697268533333311e+00,-1.224116445212613535e-01
1.643897268533333289e+00,-1.222518776976289911e-01
1.644097268533333267e+00,-1.220912374522994392e-01
1.644297268533333023e+00,-1.219297370097124078e-01
1.644497268533333445e+00,-1.217673895036678611e-01
1.644697268533333867e+00,-1.216042079770622147e-01
1.644897268533333401e+00,-1.214402053816345251e-01
1.645097268533333157e+00,-1.212753945777244463e-01
1.645297268533333135e+00,-1.211097883340477993e-01
1.645497268533334001e+00,-1.209433993274805497e-01
1.645697268533333757e+00,-1.207762401428597587e-01
1.645897268533333069e+00,-1.206083232727902799e-01
1.646097268533333269e+00,-1.204396611174693016e-01
1.646297268533333469e+00,-1.202702659845250321e-01
1.646497268533333669e+00,-1.201001500888622953e-01
1.646697268533333425e+00,-1.199293255525240298e-01
1.646897268533332515e+00,-1.197578044045638224e-01
1.647097268533333381e+00,-1.195855985809287647e-01
1.647297268533333581e+00,-1.194127199243628923e-01
1.647497268533333337e+00,-1.192391801843100396e-01
1.647697268533333315e+00,-1.190649910168366521e-01
1.647897268533333293e+00,-1.188901639845660330e-01
1.648097268533333715e+00,-1.187147105566217081e-01
1.648297268533333249e+00,-1.185386421085857650e-01
1.648497268533333227e+00,-1.183619699224632421e-01
1.648697268533333204e+00,-1.181847051866654064e-01
1.648897268533333849e+00,-1.180068589959982206e-01
1.649097268533333605e+00,-1.178284423516674922e-01
1.649297268533333138e+00,-1.176494661612889348e-01
1.649497268533332894e+00,-1.174699412389146325e-01
1.649697268533333538e+00,-1.172898783050685817e-01
1.649897268533333294e+00,-1.171092879867957903e-01
1.650097268533333272e+00,-1.169281808177156240e-01
1.650297268533333028e+00,-1.167465672380937347e-01
1.650497268533333228e+00,-1.165644575949190825e-01
1.650697268533333872e+00,-1.163818621419955013e-01
1.650897268533333406e+00,-1.161987910400424928e-01
1.651097268533333162e+00,-1.160152543568018224e-01
1.651297268533333140e+00,-1.158312620671628629e-01
1.651497268533333784e+00,-1.156468240532914915e-01
1.651697268533333540e+00,-1.154619501047742941e-01
1.651897268533333074e+00,-1.152766499187654753e-01
1.652097268533333274e+00,-1.150909331001502417e-01
1.652297268533333696e+00,-1.149048091617169837e-01
1.652497268533333674e+00,-1.147182875243372424e-01
1.652697268533333208e+00,-1.145313775171549892e-01
1.652897268533332964e+00,-1.143440883777861877e-01
1.653097268533333164e+00,-1.141564292525294455e-01
1.653297268533333586e+00,-1.139684091965839224e-01
1.653497268533333120e+00,-1.137800371742776900e-01
1.653697268533333098e+00,-1.135913220593011141e-01
1.653897268533333520e+00,-1.134022726349557253e-01
1.654097268533333720e+00,-1.132128975944083071e-01
1.654297268533333254e+00,-1.130232055409530201e-01
1.654497268533333232e+00,-1.128332049882817545e-01
1.654697268533332988e+00,-1.126429043607677233e-01
1.654897268533333854e+00,-1.124523119937504007e-01
1.655097268533333832e+00,-1.122614361338375027e-01
1.655297268533332922e+00,-1.120702849392047479e-01
1.655497268533333122e+00,-1.118788664799091614e-01
1.655697268533333544e+00,-1.116871887382148015e-01
1.655897268533333300e+00,-1.114952596089187897e-01
1.656097268533333056e+00,-1.113030868996863904e-01
1.656297268533333034e+00,-1.111106783313970253e-01
1.656497268533333456e+00,-1.109180415384955626e-01
1.656697268533333656e+00,-1.107251840693521117e-01
1.656897268533333190e+00,-1.105321133866272315e-01
1.657097268533333168e+00,-1.103388368676440634e-01
1.657297268533333146e+00,-1.101453618047717603e-01
1.657497268533333790e+00,-1.099516954058098739e-01
1.657697268533333546e+00,-1.097578447943861613e-01
1.657897268533333079e+00,-1.095638170103526154e-01
1.658097268533333501e+00,-1.093696190101946797e-01
1.658297268533333702e+00,-1.091752576674475672e-01
1.658497268533333679e+00,-1.089807397731129279e-01
1.658697268533333213e+00,-1.087860720360863676e-01
1.658897268533332969e+00,-1.085912610835888803e-01
1.659097268533333169e+00,-1.083963134616062890e-01
1.659297268533333369e+00,-1.082012356353336396e-01
1.659497268533333125e+00,-1.080060339896241062e-01
1.659697268533333325e+00,-1.078107148294438211e-01
1.659897268533333525e+00,-1.076152843803346026e-01
1.660097268533333725e+00,-1.074197487888790686e-01
1.660297268533333481e+00,-1.072241141231731615e-01
1.660497268533333237e+00,-1.070283863733012264e-01
1.660697268533333215e+00,-1.068325714518188335e-01
1.660897268533333859e+00,-1.066366751942396385e-01
1.661097268533333837e+00,-1.064407033595277802e-01
1.661297268533332927e+00,-1.062446616305920410e-01
1.661497268533333127e+00,-1.060485556147850866e-01
1.661697268533333549e+00,-1.058523908444133771e-01
1.661897268533333527e+00,-1.056561727772440118e-01
1.662097268533333061e+00,-1.054599067970175968e-01
1.662297268533332817e+00,-1.052635982139660670e-01
1.662497268533333461e+00,-1.050672522653350593e-01
1.662697268533333661e+00,-1.048708741159116303e-01
1.662897268533332973e+00,-1.046744688585503347e-01
1.663097268533333173e+00,-1.044780415147052860e-01
1.663297268533333373e+00,-1.042815970349710436e-01
1.663497268533333795e+00,-1.040851402996191555e-01
1.663697268533333551e+00,-1.038886761191432917e-01
1.663897268533333085e+00,-1.036922092348030455e-01
1.664097268533333285e+00,-1.034957443191745208e-01
1.664297268533333707e+00,-1.032992859767041666e-01
1.664497268533333685e+00,-1.031028387442630145e-01
1.664697268533332997e+00,-1.029064070917039414e-01
1.664897268533332975e+00,-1.027099954224209299e-01
1.665097268533333397e+00,-1.025136080739154631e-01
1.665297268533333375e+00,-1.023172493183607118e-01
1.665497268533333353e+00,-1.021209233631676649e-01
1.665697268533333109e+00,-1.019246343515568531e-01
1.665897268533333531e+00,-1.017283863631281843e-01
1.666097268533333731e+00,-1.015321834144385232e-01
1.666297268533333265e+00,-1.013360294595744421e-01
1.666497268533333243e+00,-1.011399283907292029e-01
1.666697268533332998e+00,-1.009438840387849035e-01
1.666897268533333865e+00,-1.007479001738895152e-01
1.667097268533333621e+00,-1.005519805060447192e-01
1.667297268533332932e+00,-1.003561286856825552e-01
1.667497268533333354e+00,-1.001603483042524112e-01
1.667697268533333554e+00,-9.996464289481041265e-02
1.667897268533333532e+00,-9.976901593260198431e-02
1.668097268533333288e+00,-9.957347083565099011e-02
1.668297268533332822e+00,-9.937801096534829015e-02
1.668497268533333466e+00,-9.918263962703940950e-02
1.668697268533333666e+00,-9.898736007061886832e-02
1.668897268533333200e+00,-9.879217549111604657e-02
1.669097268533333178e+00,-9.859708902928625285e-02
1.669297268533333378e+00,-9.840210377220418025e-02
1.669497268533333578e+00,-9.820722275385422584e-02
1.669697268533333334e+00,-9.801244895572165661e-02
1.669897268533333090e+00,-9.781778530738342858e-02
1.670097268533333290e+00,-9.762323468710021324e-02
1.670297268533333490e+00,-9.742879992240850717e-02
1.670497268533333690e+00,-9.723448379071041037e-02
1.670697268533333002e+00,-9.704028901986544442e-02
1.670897268533332980e+00,-9.684621828877766625e-02
1.671097268533333402e+00,-9.665227422798913781e-02
1.671297268533333158e+00,-9.645845942026859410e-02
1.671497268533333136e+00,-9.626477640119651680e-02
1.671697268533333114e+00,-9.607122765975596723e-02
1.671897268533333314e+00,-9.587781563891771552e-02
1.672097268533333736e+00,-9.568454273622672979e-02
1.672297268533333270e+00,-9.549141130438740244e-02
1.672497268533333248e+00,-9.529842365184390540e-02
1.672697268533333226e+00,-9.510558204336654053e-02
1.672897268533333870e+00,-9.491288870063001315e-02
1.673097268533333626e+00,-9.472034580279613258e-02
1.673297268533332938e+00,-9.452795548708801954e-02
1.673497268533333360e+00,-9.433571984936767185e-02
1.673697268533333560e+00,-9.414364094471470990e-02
1.673897268533333760e+00,-9.395172078799556015e-02
1.674097268533333072e+00,-9.375996135443745438e-02
1.674297268533332828e+00,-9.356836458019493485e-02
1.674497268533333250e+00,-9.337693236292102239e-02
1.674697268533333450e+00,-9.318566656233263912e-02
1.674897268533333206e+00,-9.299456900077306132e-02
1.675097268533333184e+00,-9.280364146377295675e-02
1.675297268533333384e+00,-9.261288570061121384e-02
1.675497268533333584e+00,-9.242230342487189887e-02
1.675697268533333339e+00,-9.223189631499867369e-02
1.675897268533333317e+00,-9.204166601484591037e-02
1.676097268533333295e+00,-9.185161413423051369e-02
1.676297268533333717e+00,-9.166174224947767901e-02
1.676497268533333695e+00,-9.147205190396726082e-02
1.676697268533332785e+00,-9.128254460867427089e-02
1.676897268533333207e+00,-9.109322184270593481e-02
1.677097268533333407e+00,-9.090408505384418858e-02
1.677297268533333163e+00,-9.071513565907435295e-02
1.677497268533333141e+00,-9.052637504511634736e-02
1.677697268533333119e+00,-9.033780456895383615e-02
1.677897268533333319e+00,-9.014942555835755988e-02
1.678097268533333741e+00,-8.996123931240770921e-02
1.678297268533333497e+00,-8.977324710201260716e-02
1.678497268533333031e+00,-8.958545017042202074e-02
1.678697268533333231e+00,-8.939784973373954280e-02
1.678897268533333653e+00,-8.921044698143321128e-02
1.679097268533333409e+00,-8.902324307683960602e-02
1.679297268533332943e+00,-8.883623915766407364e-02
1.679497268533333365e+00,-8.864943633647959231e-02
1.679697268533333565e+00,-8.846283570122445705e-02
1.679897268533333543e+00,-8.827643831569000066e-02
1.680097268533333299e+00,-8.809024522000984125e-02
1.680297268533333055e+00,-8.790425743114310686e-02
1.680497268533333255e+00,-8.771847594335509257e-02
1.680697268533333677e+00,-8.753290172869436503e-02
1.680897268533333211e+00,-8.734753573746605049e-02
1.681097268533333189e+00,-8.716237889869722644e-02
1.681297268533333611e+00,-8.697743212060594920e-02
1.681497268533333589e+00,-8.679269629106169115e-02
1.681697268533333345e+00,-8.660817227804101792e-02
1.681897268533333101e+00,-8.642386093008141978e-02
1.682097268533333079e+00,-8.623976307673110464e-02
1.682297268533333501e+00,-8.605587952899375337e-02
1.682497268533333701e+00,-8.587221107977066614e-02
1.682697268533333013e+00,-8.568875850429694130e-02
1.682897268533333435e+00,-8.550552256057175615e-02
1.683097268533333413e+00,-8.532250398979281114e-02
1.683297268533333391e+00,-8.513970351677577209e-02
1.683497268533333147e+00,-8.495712185037694597e-02
1.683697268533333125e+00,-8.477475968390787986e-02
1.683897268533333547e+00,-8.459261769554798915e-02
1.684097268533333747e+00,-8.441069654875259232e-02
1.684297268533333281e+00,-8.422899689265470058e-02
1.684497268533333036e+00,-8.404751936246288024e-02
1.684697268533333236e+00,-8.386626457985726923e-02
1.684897268533333659e+00,-8.368523315337932089e-02
1.685097268533333636e+00,-8.350442567881705136e-02
1.685297268533333170e+00,-8.332384273958522158e-02
1.685497268533333592e+00,-8.314348490710123107e-02
1.685697268533333348e+00,-8.296335274116090064e-02
1.685897268533333770e+00,-8.278344679030079367e-02
1.686097268533333082e+00,-8.260376759216678244e-02
1.686297268533333060e+00,-8.242431567386637736e-02
1.686497268533333260e+00,-8.224509155232792579e-02
1.686697268533333460e+00,-8.206609573464784813e-02
1.686897268533333216e+00,-8.188732871843582006e-02
1.687097268533333416e+00,-8.170879099215357100e-02
1.687297268533333394e+00,-8.153048303545311348e-02
1.687497268533333816e+00,-8.135240531950532761e-02
1.687697268533333350e+00,-8.117455830732908661e-02
1.687897268533333328e+00,-8.099694245410921090e-02
1.688097268533333306e+00,-8.081955820751744735e-02
1.688297268533333728e+00,-8.064240600802258241e-02
1.688497268533333706e+00,-8.046548628920049961e-02
1.688697268533333018e+00,-8.028879947803563288e-02
1.688897268533333218e+00,-8.011234599521856181e-02
1.689097268533333418e+00,-7.993612625544374573e-02
1.689297268533333618e+00,-7.976014066769593347e-02
1.689497268533333152e+00,-7.958438963553637890e-02
1.689697268533333130e+00,-7.940887355738049380e-02
1.689897268533333552e+00,-7.923359282677600035e-02
1.690097268533333752e+00,-7.905854783267318719e-02
1.690297268533333064e+00,-7.888373895969066907e-02
1.690497268533333264e+00,-7.870916658837430468e-02
1.690697268533333464e+00,-7.853483109545912610e-02
1.690897268533333664e+00,-7.836073285411790379e-02
1.691097268533333420e+00,-7.818687223421032229e-02
1.691297268533333176e+00,-7.801324960252468965e-02
1.691497268533333376e+00,-7.783986532301703787e-02
1.691697268533333576e+00,-7.766671975704594888e-02
1.691897268533333776e+00,-7.749381326360021971e-02
1.692097268533332866e+00,-7.732114619952536183e-02
1.692297268533333066e+00,-7.714871891973934526e-02
1.692497268533333266e+00,-7.697653177745422681e-02
1.692697268533333466e+00,-7.680458512438317897e-02
1.692897268533333222e+00,-7.663287931094821259e-02
1.693097268533333200e+00,-7.646141468648093298e-02
1.693297268533333622e+00,-7.629019159942106165e-02
1.693497268533333822e+00,-7.611921039751023965e-02
1.693697268533333355e+00,-7.594847142797893358e-02
1.693897268533333111e+00,-7.577797503773008037e-02
1.694097268533333089e+00,-7.560772157352013689e-02
1.694297268533333511e+00,-7.543771138213370420e-02
1.694497268533333489e+00,-7.526794481055507080e-02
1.694697268533333023e+00,-7.509842220613308084e-02
1.694897268533333445e+00,-7.492914391674279639e-02
1.695097268533333423e+00,-7.476011029094671578e-02
1.695297268533333623e+00,-7.459132167814369607e-02
1.695497268533333157e+00,-7.442277842872165039e-02
1.695697268533332913e+00,-7.425448089419899034e-02
1.695897268533333335e+00,-7.408642942736756720e-02
1.696097268533333535e+00,-7.391862438242922939e-02
1.696297268533333291e+00,-7.375106611512655119e-02
1.696497268533333269e+00,-7.358375498287042515e-02
1.696697268533333469e+00,-7.341669134486535075e-02
1.696897268533333669e+00,-7.324987556222832541e-02
1.697097268533333203e+00,-7.308330799810482115e-02
1.697297268533333181e+00,-7.291698901777846076e-02
1.697497268533333381e+00,-7.275091898878069396e-02
1.697697268533333581e+00,-7.258509828099328487e-02
1.697897268533333781e+00,-7.241952726674762142e-02
1.698097268533332871e+00,-7.225420632092097173e-02
1.698297268533333293e+00,-7.208913582102401130e-02
1.698497268533333271e+00,-7.192431614729538625e-02
1.698697268533333471e+00,-7.175974768277924853e-02
1.698897268533333227e+00,-7.159543081340852266e-02
1.699097268533333205e+00,-7.143136592807886043e-02
1.699297268533333405e+00,-7.126755341872217930e-02
1.699497268533333827e+00,-7.110399368037487178e-02
1.699697268533333361e+00,-7.094068711124330850e-02
1.699897268533333117e+00,-7.077763411276248584e-02
1.700097268533333317e+00,-7.061483508965546441e-02
1.700297268533333739e+00,-7.045229044998742307e-02
1.700497268533333495e+00,-7.029000060521552185e-02
1.700697268533333029e+00,-7.012796597023415734e-02
1.700897268533333451e+00,-6.996618696341884436e-02
1.701097268533333429e+00,-6.980466400666787696e-02
1.701297268533333629e+00,-6.964339752543541318e-02
1.701497268533333163e+00,-6.948238794876687718e-02
1.701697268533333141e+00,-6.932163570932557695e-02
1.701897268533333341e+00,-6.916114124342136182e-02
1.702097268533333541e+00,-6.900090499103250785e-02
1.702297268533333074e+00,-6.884092739582531317e-02
1.702497268533333274e+00,-6.868120890516858645e-02
1.702697268533333474e+00,-6.852174997014975899e-02
1.702897268533333675e+00,-6.836255104558275342e-02
1.703097268533333430e+00,-6.820361259001556098e-02
1.703297268533333408e+00,-6.804493506573275341e-02
1.703497268533333164e+00,-6.788651893875800869e-02
1.703697268533333586e+00,-6.772836467884954526e-02
1.703897268533333786e+00,-6.757047275949744358e-02
1.704097268533332876e+00,-6.741284365791404276e-02
1.704297268533333298e+00,-6.725547785501996556e-02
1.704497268533333276e+00,-6.709837583543630524e-02
1.704697268533333476e+00,-6.694153808746240719e-02
1.704897268533333232e+00,-6.678496510305922951e-02
1.705097268533333210e+00,-6.662865737782518172e-02
1.705297268533333632e+00,-6.647261541097235216e-02
1.705497268533333610e+00,-6.631683970529925198e-02
1.705697268533333144e+00,-6.616133076715927097e-02
1.705897268533333122e+00,-6.600608910642766225e-02
1.706097268533333100e+00,-6.585111523646787479e-02
1.706297268533333744e+00,-6.569640967409189070e-02
1.706497268533333500e+00,-6.554197293952256087e-02
1.706697268533333034e+00,-6.538780555634712832e-02
1.706897268533333456e+00,-6.523390805147401272e-02
1.707097268533333434e+00,-6.508028095508709698e-02
1.707297268533333634e+00,-6.492692480059301940e-02
1.707497268533333168e+00,-6.477384012457169937e-02
1.707697268533333146e+00,-6.462102746671953557e-02
1.707897268533333124e+00,-6.446848736979583772e-02
1.708097268533333324e+00,-6.431622037956259696e-02
1.708297268533333302e+00,-6.416422704472508898e-02
1.708497268533333280e+00,-6.401250791686821651e-02
1.708697268533333480e+00,-6.386106355039240789e-02
1.708897268533333680e+00,-6.370989450244750329e-02
1.709097268533333214e+00,-6.355900133286422615e-02
1.709297268533333192e+00,-6.340838460408232402e-02
1.709497268533333170e+00,-6.325804488108069390e-02
1.709697268533333592e+00,-6.310798273130181768e-02
1.709897268533333570e+00,-6.295819872457754374e-02
1.710097268533333104e+00,-6.280869343305009456e-02
1.710297268533333304e+00,-6.265946743109276906e-02
1.710497268533333504e+00,-6.251052129523128331e-02
1.710697268533333482e+00,-6.236185560406001804e-02
1.710897268533333238e+00,-6.221347093815807194e-02
1.711097268533333216e+00,-6.206536788000379529e-02
1.711297268533333416e+00,-6.191754701388864357e-02
1.711497268533333838e+00,-6.177000892582853314e-02
1.711697268533333149e+00,-6.162275420347514132e-02
1.711897268533333349e+00,-6.147578343602143336e-02
1.712097268533333327e+00,-6.132909721411412135e-02
1.712297268533333749e+00,-6.118269612975643645e-02
1.712497268533333283e+00,-6.103658077621607059e-02
1.712697268533333261e+00,-6.089075174792576289e-02
1.712897268533333461e+00,-6.074520964038923609e-02
1.713097268533333439e+00,-6.059995505008185235e-02
1.713297268533333639e+00,-6.045498857435052664e-02
1.713497268533333173e+00,-6.031031081131498633e-02
1.713697268533333151e+00,-6.016592235976384734e-02
1.713897268533333351e+00,-6.002182381905486058e-02
1.714097268533333551e+00,-5.987801578901060656e-02
1.714297268533333307e+00,-5.973449886981457152e-02
1.714497268533333285e+00,-5.959127366190495462e-02
1.714697268533333485e+00,-5.944834076587077881e-02
1.714897268533333907e+00,-5.930570078234415066e-02
1.715097268533333219e+00,-5.916335431189445604e-02
1.715297268533333419e+00,-5.902130195491701176e-02
1.715497268533332953e+00,-5.887954431152903761e-02
1.715697268533333819e+00,-5.873808198145584469e-02
1.715897268533333575e+00,-5.859691556392632172e-02
1.716097268533333109e+00,-5.845604565755724985e-02
1.716297268533333309e+00,-5.831547286024488241e-02
1.716497268533333287e+00,-5.817519776905475531e-02
1.716697268533333265e+00,-5.803522098010781977e-02
1.716897268533333465e+00,-5.789554308846935754e-02
1.717097268533332999e+00,-5.775616468803685538e-02
1.717297268533333421e+00,-5.761708637142495815e-02
1.717497268533333621e+00,-5.747830872985582734e-02
1.717697268533333377e+00,-5.733983235304311588e-02
1.717897268533333355e+00,-5.720165782907842694e-02
1.718097268533333333e+00,-5.706378574431881373e-02
1.718297268533333533e+00,-5.692621668327167012e-02
1.718497268533333289e+00,-5.678895122848169608e-02
1.718697268533333267e+00,-5.665198996041502510e-02
1.718897268533333467e+00,-5.651533345734643249e-02
1.719097268533333445e+00,-5.637898229524480886e-02
1.719297268533333423e+00,-5.624293704765824520e-02
1.719497268533333401e+00,-5.610719828560015165e-02
1.719697268533333157e+00,-5.597176657743516137e-02
1.719897268533333357e+00,-5.583664248876438196e-02
1.720097268533333335e+00,-5.570182658231277728e-02
1.720297268533333312e+00,-5.556731941781398176e-02
1.720497268533333290e+00,-5.543312155189725893e-02
1.720697268533333268e+00,-5.529923353797408514e-02
1.720897268533333690e+00,-5.516565592612476809e-02
1.721097268533333446e+00,-5.503238926298666817e-02
1.721297268533333202e+00,-5.489943409163953320e-02
1.721497268533333180e+00,-5.476679095149485088e-02
1.721697268533333602e+00,-5.463446037818342482e-02
1.721897268533333580e+00,-5.450244290344482406e-02
1.722097268533333114e+00,-5.437073905501498688e-02
1.722297268533333314e+00,-5.423934935651525402e-02
1.722497268533333514e+00,-5.410827432734442721e-02
1.722697268533333492e+00,-5.397751448256733753e-02
1.722897268533333470e+00,-5.384707033280600186e-02
1.723097268533333004e+00,-5.371694238413154965e-02
1.723297268533333204e+00,-5.358713113795484512e-02
1.723497268533333404e+00,-5.345763709092139770e-02
1.723697268533333382e+00,-5.332846073480286553e-02
1.723897268533333138e+00,-5.319960255639130664e-02
1.724097268533333338e+00,-5.307106303739327069e-02
1.724297268533333760e+00,-5.294284265432619430e-02
1.724497268533333072e+00,-5.281494187841435234e-02
1.724697268533333272e+00,-5.268736117548283165e-02
1.724897268533333250e+00,-5.256010100585913752e-02
1.725097268533333450e+00,-5.243316182426820127e-02
1.725297268533333428e+00,-5.230654407973345243e-02
1.725497268533333184e+00,-5.218024821547543463e-02
1.725697268533333162e+00,-5.205427466881286380e-02
1.725897268533333362e+00,-5.192862387106458172e-02
1.726097268533333118e+00,-5.180329624745238365e-02
1.726297268533333318e+00,-5.167829221700288855e-02
1.726497268533333074e+00,-5.155361219245416238e-02
1.726697268533333496e+00,-5.142925658015844170e-02
1.726897268533333474e+00,-5.130522577999110934e-02
1.727097268533333452e+00,-5.118152018525586044e-02
1.727297268533333208e+00,-5.105814018259390019e-02
1.727497268533333186e+00,-5.093508615189273198e-02
1.727697268533333608e+00,-5.081235846619693713e-02
1.727897268533333364e+00,-5.068995749162016201e-02
1.728097268533333120e+00,-5.056788358725585603e-02
1.728297268533333542e+00,-5.044613710509172899e-02
1.728497268533333298e+00,-5.032471838992574192e-02
1.728697268533333498e+00,-5.020362777927901698e-02
1.728897268533333254e+00,-5.008286560331567938e-02
1.729097268533333009e+00,-4.996243218475873715e-02
1.729297268533333209e+00,-4.984232783881012430e-02
1.729497268533333632e+00,-4.972255287307153493e-02
1.729697268533333387e+00,-4.960310758746602072e-02
1.729897268533333365e+00,-4.948399227415930385e-02
1.730097268533333565e+00,-4.936520721748540591e-02
1.730297268533333543e+00,-4.924675269387168014e-02
1.730497268533333299e+00,-4.912862897176464155e-02
1.730697268533333277e+00,-4.901083631155778164e-02
1.730897268533333255e+00,-4.889337496552130513e-02
1.731097268533333455e+00,-4.877624517773166551e-02
1.731297268533333433e+00,-4.865944718400381369e-02
1.731497268533332967e+00,-4.854298121182350906e-02
1.731697268533333389e+00,-4.842684748028077552e-02
1.731897268533333367e+00,-4.831104620000786776e-02
1.732097268533333345e+00,-4.819557757311340035e-02
1.732297268533333323e+00,-4.808044179312186139e-02
1.732497268533333301e+00,-4.796563904491282088e-02
1.732697268533333501e+00,-4.785116950466170027e-02
1.732897268533333701e+00,-4.773703333978217972e-02
1.733097268533333235e+00,-4.762323070886996523e-02
1.733297268533333213e+00,-4.750976176164638937e-02
1.733497268533333191e+00,-4.739662663890650135e-02
1.733697268533333613e+00,-4.728382547246561679e-02
1.733897268533333369e+00,-4.717135838510948254e-02
1.734097268533333347e+00,-4.705922549054304682e-02
1.734297268533333547e+00,-4.694742689334378133e-02
1.734497268533333525e+00,-4.683596268891475345e-02
1.734697268533333503e+00,-4.672483296343882264e-02
1.734897268533333259e+00,-4.661403779383519602e-02
1.735097268533333015e+00,-4.650357724771665008e-02
1.735297268533333437e+00,-4.639345138334837609e-02
1.735497268533333415e+00,-4.628366024960957337e-02
1.735697268533333393e+00,-4.617420388595356445e-02
1.735897268533333371e+00,-4.606508232237194883e-02
1.736097268533333571e+00,-4.595629557935911047e-02
1.736297268533333771e+00,-4.584784366787855725e-02
1.736497268533333305e+00,-4.573972658933048857e-02
1.736697268533333283e+00,-4.563194433551967522e-02
1.736897268533333039e+00,-4.552449688862771765e-02
1.737097268533333683e+00,-4.541738422118297980e-02
1.737297268533333439e+00,-4.531060629603643475e-02
1.737497268533333195e+00,-4.520416306633360387e-02
1.737697268533333173e+00,-4.509805447549222052e-02
1.737897268533333595e+00,-4.499228045717969249e-02
1.738097268533333351e+00,-4.488684093529284047e-02
1.738297268533333328e+00,-4.478173582393669278e-02
1.738497268533333084e+00,-4.467696502740812342e-02
1.738697268533333506e+00,-4.457252844017772081e-02
1.738897268533333484e+00,-4.446842594687669403e-02
1.739097268533333240e+00,-4.436465742228092035e-02
1.739297268533333218e+00,-4.426122273129950990e-02
1.739497268533333418e+00,-4.415812172896421695e-02
1.739697268533333618e+00,-4.405535426041959357e-02
1.739897268533333152e+00,-4.395292016091539161e-02
1.740097268533333352e+00,-4.385081925579837475e-02
1.740297268533333330e+00,-4.374905136050939031e-02
1.740497268533333530e+00,-4.364761628057765852e-02
1.740697268533333286e+00,-4.354651381161962764e-02
1.740897268533333264e+00,-4.344574373933658695e-02
1.741097268533333242e+00,-4.334530583951641536e-02
1.741297268533333442e+00,-4.324519987803432386e-02
1.741497268533333198e+00,-4.314542561085687317e-02
1.741697268533333620e+00,-4.304598278404509620e-02
1.741897268533333376e+00,-4.294687113376243620e-02
1.742097268533333576e+00,-4.284809038627968719e-02
1.742297268533333776e+00,-4.274964025798543010e-02
1.742497268533333088e+00,-4.265152045539544190e-02
1.742697268533333066e+00,-4.255373067516273616e-02
1.742897268533333044e+00,-4.245627060409228049e-02
1.743097268533333910e+00,-4.235913991915327831e-02
1.743297268533333222e+00,-4.226233828749679372e-02
1.743497268533333200e+00,-4.216586536646840105e-02
1.743697268533333400e+00,-4.206972080362973015e-02
1.743897268533333378e+00,-4.197390423677635485e-02
1.744097268533333356e+00,-4.187841529395803369e-02
1.744297268533333334e+00,-4.178325359350087975e-02
1.744497268533332868e+00,-4.168841874403043241e-02
1.744697268533333512e+00,-4.159391034449504837e-02
1.744897268533333712e+00,-4.149972798419370584e-02
1.745097268533333246e+00,-4.140587124280087350e-02
1.745297268533333224e+00,-4.131233969039448117e-02
1.745497268533333202e+00,-4.121913288748652732e-02
1.745697268533333624e+00,-4.112625038505272890e-02
1.745897268533333158e+00,-4.103369172456505093e-02
1.746097268533333358e+00,-4.094145643802294537e-02
1.746297268533333114e+00,-4.084954404798953748e-02
1.746497268533333536e+00,-4.075795406762514062e-02
1.746697268533333292e+00,-4.066668600072542022e-02
1.746897268533333270e+00,-4.057573934175722624e-02
1.747097268533333247e+00,-4.048511357589856807e-02
1.747297268533333447e+00,-4.039480817907806914e-02
1.747497268533333425e+00,-4.030482261801624638e-02
1.747697268533333403e+00,-4.021515635026712970e-02
1.747897268533333381e+00,-4.012580882426202561e-02
1.748097268533333359e+00,-4.003677947935343345e-02
1.748297268533333781e+00,-3.994806774586050907e-02
1.748497268533333315e+00,-3.985967304511627701e-02
1.748697268533333293e+00,-3.977159478951339255e-02
1.748897268533333049e+00,-3.968383238255458745e-02
1.749097268533333693e+00,-3.959638521890063850e-02
1.749297268533333227e+00,-3.950925268442310317e-02
1.749497268533333205e+00,-3.942243415625299591e-02
1.749697268533333183e+00,-3.933592900283578581e-02
1.749897268533333605e+00,-3.924973658398377835e-02
1.750097268533333361e+00,-3.916385625093155021e-02
1.750297268533333339e+00,-3.907828734639001017e-02
1.750497268533333095e+00,-3.899302920460432503e-02
1.750697268533333295e+00,-3.890808115141007606e-02
1.750897268533333495e+00,-3.882344250429245469e-02
1.751097268533333251e+00,-3.873911257244515294e-02
1.751297268533333451e+00,-3.865509065682966316e-02
1.751497268533333207e+00,-3.857137605023763793e-02
1.751697268533333851e+00,-3.848796803735089062e-02
1.751897268533333163e+00,-3.840486589480645446e-02
1.752097268533333363e+00,-3.832206889125686772e-02
1.752297268533333119e+00,-3.823957628743758497e-02
1.752497268533333763e+00,-3.815738733622963536e-02
1.752697268533333297e+00,-3.807550128272785273e-02
1.752897268533333275e+00,-3.799391736430483141e-02
1.753097268533333253e+00,-3.791263481068062741e-02
1.753297268533333453e+00,-3.783165284398967709e-02
1.753497268533333431e+00,-3.775097067885046370e-02
1.753697268533333409e+00,-3.767058752243456626e-02
1.753897268533333387e+00,-3.759050257453717264e-02
1.754097268533333365e+00,-3.751071502764836280e-02
1.754297268533333787e+00,-3.743122406702434346e-02
1.754497268533333321e+00,-3.735202887076094491e-02
1.754697268533333299e+00,-3.727312860986468218e-02
1.754897268533333055e+00,-3.719452244832857635e-02
1.755097268533333699e+00,-3.711620954320456883e-02
1.755297268533333011e+00,-3.703818904468089007e-02
1.755497268533333211e+00,-3.696046009615414074e-02
1.755697268533333411e+00,-3.688302183430847148e-02
1.755897268533333611e+00,-3.680587338919078660e-02
1.756097268533333589e+00,-3.672901388428820996e-02
1.756297268533333122e+00,-3.665244243660582130e-02
1.756497268533333322e+00,-3.657615815674442050e-02
1.756697268533333300e+00,-3.650016014898052608e-02
1.756897268533333722e+00,-3.642444751134438913e-02
1.757097268533333256e+00,-3.634901933570099108e-02
1.757297268533333456e+00,-3.627387470782851564e-02
1.757497268533333434e+00,-3.619901270750087302e-02
1.757697268533333634e+00,-3.612443240856764298e-02
1.757897268533333390e+00,-3.605013287903621744e-02
1.758097268533333368e+00,-3.597611318115316592e-02
1.758297268533333124e+00,-3.590237237148719701e-02
1.758497268533333546e+00,-3.582890950101111360e-02
1.758697268533333302e+00,-3.575572361518619680e-02
1.758897268533333280e+00,-3.568281375404405015e-02
1.759097268533333258e+00,-3.561017895227152480e-02
1.759297268533333458e+00,-3.553781823929430539e-02
1.759497268533333658e+00,-3.546573063936158537e-02
1.759697268533333192e+00,-3.539391517163098522e-02
1.759897268533333392e+00,-3.532237085025233259e-02
1.760097268533333370e+00,-3.525109668445480099e-02
1.760297268533333792e+00,-3.518009167863083569e-02
1.760497268533333326e+00,-3.510935483242330624e-02
1.760697268533333304e+00,-3.503888514080973071e-02
1.760897268533333282e+00,-3.496868159419019156e-02
1.761097268533333704e+00,-3.489874317847273949e-02
1.761297268533333016e+00,-3.482906887516099004e-02
1.761497268533333216e+00,-3.475965766143897240e-02
1.761697268533333416e+00,-3.469050851026026644e-02
1.761897268533333616e+00,-3.462162039043380213e-02
1.762097268533333372e+00,-3.455299226671157409e-02
1.762297268533333128e+00,-3.448462309987540553e-02
1.762497268533333328e+00,-3.441651184682476688e-02
1.762697268533333306e+00,-3.434865746066464998e-02
1.762897268533333506e+00,-3.428105889079242907e-02
1.763097268533333262e+00,-3.421371508298637343e-02
1.763297268533333240e+00,-3.414662497949236264e-02
1.763497268533333440e+00,-3.407978751911254489e-02
1.763697268533333862e+00,-3.401320163729282947e-02
1.763897268533333174e+00,-3.394686626621111480e-02
1.764097268533333152e+00,-3.388078033486367074e-02
1.764297268533333130e+00,-3.381494276915489317e-02
1.764497268533333552e+00,-3.374935249198372789e-02
1.764697268533333308e+00,-3.368400842333250933e-02
1.764897268533333285e+00,-3.361890948035337057e-02
1.765097268533333263e+00,-3.355405457745703340e-02
1.765297268533333463e+00,-3.348944262639980129e-02
1.765497268533333441e+00,-3.342507253637148901e-02
1.765697268533333197e+00,-3.336094321408240859e-02
1.765897268533333175e+00,-3.329705356385088966e-02
1.766097268533333597e+00,-3.323340248769034166e-02
1.766297268533333575e+00,-3.316998888539691992e-02
1.766497268533333331e+00,-3.310681165463563724e-02
1.766697268533333087e+00,-3.304386969102740546e-02
1.766897268533333509e+00,-3.298116188823564665e-02
1.767097268533333487e+00,-3.291868713805336244e-02
1.767297268533333021e+00,-3.285644433048848928e-02
1.767497268533333221e+00,-3.279443235384994770e-02
1.767697268533333421e+00,-3.273265009483444787e-02
1.767897268533333621e+00,-3.267109643861135226e-02
1.768097268533333155e+00,-3.260977026890839875e-02
1.768297268533333133e+00,-3.254867046809628572e-02
1.768497268533333333e+00,-3.248779591727445765e-02
1.768697268533333311e+00,-3.242714549635535709e-02
1.768897268533333511e+00,-3.236671808414865598e-02
1.769097268533333489e+00,-3.230651255844578518e-02
1.769297268533333245e+00,-3.224652779610333309e-02
1.769497268533333445e+00,-3.218676267312663847e-02
1.769697268533333645e+00,-3.212721606475339026e-02
1.769897268533333179e+00,-3.206788684553641550e-02
1.770097268533333157e+00,-3.200877388942550972e-02
1.770297268533333135e+00,-3.194987606985075224e-02
1.770497268533333779e+00,-3.189119225980361488e-02
1.770697268533333313e+00,-3.183272133191942382e-02
1.770897268533333291e+00,-3.177446215855698336e-02
1.771097268533333269e+00,-3.171641361188085734e-02
1.771297268533333469e+00,-3.165857456394101377e-02
1.771497268533333447e+00,-3.160094388675321192e-02
1.771697268533333203e+00,-3.154352045237834856e-02
1.771897268533333181e+00,-3.148630313300164463e-02
1.772097268533333381e+00,-3.142929080101172779e-02
1.772297268533333581e+00,-3.137248232907887541e-02
1.772497268533333337e+00,-3.131587659023300774e-02
1.772697268533333315e+00,-3.125947245794086227e-02
1.772897268533333293e+00,-3.120326880618349077e-02
1.773097268533333715e+00,-3.114726450953258369e-02
1.773297268533333249e+00,-3.109145844322710669e-02
1.773497268533333227e+00,-3.103584948324785223e-02
1.773697268533333427e+00,-3.098043650639377769e-02
1.773897268533333627e+00,-3.092521839035626205e-02
1.774097268533333382e+00,-3.087019401379342484e-02
1.774297268533333360e+00,-3.081536225640336274e-02
1.774497268533333116e+00,-3.076072199899811468e-02
1.774697268533333316e+00,-3.070627212357562516e-02
1.774897268533333516e+00,-3.065201151339260258e-02
1.775097268533333272e+00,-3.059793905303585110e-02
1.775297268533333250e+00,-3.054405362849309247e-02
1.775497268533333450e+00,-3.049035412722398558e-02
1.775697268533333650e+00,-3.043683943823014687e-02
1.775897268533333406e+00,-3.038350845212454271e-02
1.776097268533333384e+00,-3.033036006120014977e-02
1.776297268533333362e+00,-3.027739315949878537e-02
1.776497268533333340e+00,-3.022460664287870621e-02
1.776697268533333318e+00,-3.017199940908186356e-02
1.776897268533333296e+00,-3.011957035780054096e-02
1.777097268533333274e+00,-3.006731839074352694e-02
1.777297268533333474e+00,-3.001524241170139620e-02
1.777497268533333452e+00,-2.996334132661188782e-02
1.777697268533333208e+00,-2.991161404362365980e-02
1.777897268533333186e+00,-2.986005947316014431e-02
1.778097268533333386e+00,-2.980867652798293091e-02
1.778297268533333586e+00,-2.975746412325402240e-02
1.778497268533333342e+00,-2.970642117659787196e-02
1.778697268533333542e+00,-2.965554660816221988e-02
1.778897268533333520e+00,-2.960483934067941608e-02
1.779097268533333498e+00,-2.955429829952584825e-02
1.779297268533333254e+00,-2.950392241278163019e-02
1.779497268533333232e+00,-2.945371061128920775e-02
1.779697268533333210e+00,-2.940366182871159695e-02
1.779897268533333632e+00,-2.935377500158972003e-02
1.780097268533333388e+00,-2.930404906939969994e-02
1.780297268533333366e+00,-2.925448297460813904e-02
1.780497268533333344e+00,-2.920507566272854960e-02
1.780697268533333322e+00,-2.915582608237578949e-02
1.780897268533333522e+00,-2.910673318532036591e-02
1.781097268533333278e+00,-2.905779592654225349e-02
1.781297268533333478e+00,-2.900901326428324822e-02
1.781497268533333234e+00,-2.896038416009999450e-02
1.781697268533333434e+00,-2.891190757891476046e-02
1.781897268533333190e+00,-2.886358248906713622e-02
1.782097268533333390e+00,-2.881540786236356025e-02
1.782297268533333368e+00,-2.876738267412762284e-02
1.782497268533333346e+00,-2.871950590324844413e-02
1.782697268533333324e+00,-2.867177653222907976e-02
1.782897268533333301e+00,-2.862419354723417728e-02
1.783097268533333279e+00,-2.857675593813681705e-02
1.783297268533333479e+00,-2.852946269856455191e-02
1.783497268533333457e+00,-2.848231282594538075e-02
1.783697268533333213e+00,-2.843530532155210538e-02
1.783897268533333413e+00,-2.838843919054657994e-02
1.784097268533333391e+00,-2.834171344202371379e-02
1.784297268533333369e+00,-2.829512708905360108e-02
1.784497268533333347e+00,-2.824867914872400756e-02
1.784697268533333325e+00,-2.820236864218180622e-02
1.784897268533333303e+00,-2.815619459467354549e-02
1.785097268533333281e+00,-2.811015603558577117e-02
1.785297268533333481e+00,-2.806425199848415833e-02
1.785497268533333459e+00,-2.801848152115244892e-02
1.785697268533333215e+00,-2.797284364563030340e-02
1.785897268533333415e+00,-2.792733741825047591e-02
1.786097268533333393e+00,-2.788196188967599631e-02
1.786297268533333593e+00,-2.783671611493552037e-02
1.786497268533333349e+00,-2.779159915345905812e-02
1.786697268533333327e+00,-2.774661006911213063e-02
1.786897268533333527e+00,-2.770174793023003415e-02
1.787097268533333283e+00,-2.765701180965112263e-02
1.787297268533333261e+00,-2.761240078474882370e-02
1.787497268533333461e+00,-2.756791393746402599e-02
1.787697268533333439e+00,-2.752355035433614455e-02
1.787897268533333417e+00,-2.747930912653344035e-02
1.788097268533333395e+00,-2.743518934988294772e-02
1.788297268533333373e+00,-2.739119012489966629e-02
1.788497268533333351e+00,-2.734731055681494799e-02
1.788697268533333329e+00,-2.730354975560434980e-02
1.788897268533333529e+00,-2.725990683601467457e-02
1.789097268533333507e+00,-2.721638091759063377e-02
1.789297268533333485e+00,-2.717297112470032361e-02
1.789497268533333241e+00,-2.712967658656058323e-02
1.789697268533333441e+00,-2.708649643726114553e-02
1.789897268533333419e+00,-2.704342981578890942e-02
1.790097268533333397e+00,-2.700047586605062652e-02
1.790297268533333375e+00,-2.695763373689546299e-02
1.790497268533333353e+00,-2.691490258213694725e-02
1.790697268533333331e+00,-2.687228156057396011e-02
1.790897268533333309e+00,-2.682976983601128088e-02
1.791097268533333509e+00,-2.678736657727939785e-02
1.791297268533333265e+00,-2.674507095825394420e-02
1.791497268533333465e+00,-2.670288215787370439e-02
1.791697268533333220e+00,-2.666079936015919999e-02
1.791897268533333420e+00,-2.661882175422926322e-02
1.792097268533333398e+00,-2.657694853431835647e-02
1.792297268533333376e+00,-2.653517889979199046e-02
1.792497268533333354e+00,-2.649351205516236457e-02
1.792697268533333554e+00,-2.645194721010302522e-02
1.792897268533333310e+00,-2.641048357946313221e-02
1.793097268533333288e+00,-2.636912038328052821e-02
1.793297268533333266e+00,-2.632785684679504745e-02
1.793497268533333466e+00,-2.628669220046049235e-02
1.793697268533333444e+00,-2.624562567995648160e-02
1.793897268533333200e+00,-2.620465652619921593e-02
1.794097268533333400e+00,-2.616378398535190372e-02
1.794297268533333378e+00,-2.612300730883493002e-02
1.794497268533333356e+00,-2.608232575333464809e-02
1.794697268533333112e+00,-2.604173858081222648e-02
1.794897268533333534e+00,-2.600124505851138593e-02
1.795097268533333512e+00,-2.596084445896643458e-02
1.795297268533333490e+00,-2.592053606000842628e-02
1.795497268533333246e+00,-2.588031914477188430e-02
1.795697268533333446e+00,-2.584019300170008540e-02
1.795897268533333424e+00,-2.580015692455075657e-02
1.796097268533333402e+00,-2.576021021240006842e-02
1.796297268533333380e+00,-2.572035216964685053e-02
1.796497268533333358e+00,-2.568058210601602623e-02
1.796697268533333336e+00,-2.564089933656141240e-02
1.796897268533333314e+00,-2.560130318166806834e-02
1.797097268533333292e+00,-2.556179296705396800e-02
1.797297268533333270e+00,-2.552236802377131492e-02
1.797497268533333470e+00,-2.548302768820714242e-02
1.797697268533333226e+00,-2.544377130208362939e-02
1.797897268533333426e+00,-2.540459821245722935e-02
1.798097268533333404e+00,-2.536550777171836524e-02
1.798297268533333604e+00,-2.532649933758950034e-02
1.798497268533333360e+00,-2.528757227312354583e-02
1.798697268533333560e+00,-2.524872594670087358e-02
1.798897268533333316e+00,-2.520995973202697429e-02
1.799097268533333294e+00,-2.517127300812831495e-02
1.799297268533333272e+00,-2.513266515934884510e-02
1.799497268533333250e+00,-2.509413557534521597e-02
1.799697268533333228e+00,-2.505568365108189199e-02
1.799897268533333428e+00,-2.501730878682562401e-02
1.800097268533333406e+00,-2.497901038813967259e-02
1.800297268533333384e+00,-2.494078786587710164e-02
1.800497268533333584e+00,-2.490264063617400603e-02
1.800697268533333339e+00,-2.486456812044228470e-02
1.800897268533333317e+00,-2.482656974536149794e-02
1.801097268533333295e+00,-2.478864494287078349e-02
1.801297268533333495e+00,-2.475079315016006504e-02
1.801497268533333251e+00,-2.471301380966100733e-02
1.801697268533333451e+00,-2.467530636903689928e-02
1.801897268533333429e+00,-2.463767028117323094e-02
1.802097268533333407e+00,-2.460010500416664331e-02
1.802297268533333385e+00,-2.456261000131426328e-02
1.802497268533333363e+00,-2.452518474110229260e-02
1.802697268533333341e+00,-2.448782869719416319e-02
1.802897268533333319e+00,-2.445054134841839061e-02
1.803097268533333519e+00,-2.441332217875592792e-02
1.803297268533333497e+00,-2.437617067732731832e-02
1.803497268533333475e+00,-2.433908633837901514e-02
1.803697268533333231e+00,-2.430206866126981280e-02
1.803897268533333431e+00,-2.426511715045638271e-02
1.804097268533333409e+00,-2.422823131547915954e-02
1.804297268533333387e+00,-2.419141067094691608e-02
1.804497268533333365e+00,-2.415465473652170930e-02
1.804697268533333565e+00,-2.411796303690302845e-02
1.804897268533333321e+00,-2.408133510181201253e-02
1.805097268533333299e+00,-2.404477046597459575e-02
1.805297268533333277e+00,-2.400826866910511087e-02
1.805497268533333255e+00,-2.397182925588907040e-02
1.805697268533333455e+00,-2.393545177596558340e-02
1.805897268533333433e+00,-2.389913578390985213e-02
1.806097268533333189e+00,-2.386288083921470071e-02
1.806297268533333389e+00,-2.382668650627219400e-02
1.806497268533333589e+00,-2.379055235435512811e-02
1.806697268533333345e+00,-2.375447795759776104e-02
1.806897268533333323e+00,-2.371846289497614446e-02
1.807097268533333523e+00,-2.368250675028881966e-02
1.807297268533333501e+00,-2.364660911213670169e-02
1.807497268533333479e+00,-2.361076957390254721e-02
1.807697268533333457e+00,-2.357498773373059575e-02
1.807897268533333213e+00,-2.353926319450556567e-02
1.808097268533333413e+00,-2.350359556383139689e-02
1.808297268533333391e+00,-2.346798445401011499e-02
1.808497268533333147e+00,-2.343242948201979328e-02
1.808697268533333347e+00,-2.339693026949253227e-02
1.808897268533333325e+00,-2.336148644269261596e-02
1.809097268533333303e+00,-2.332609763249359272e-02
1.809297268533333281e+00,-2.329076347435570307e-02
1.809497268533333481e+00,-2.325548360830278008e-02
1.809697268533333459e+00,-2.322025767889922612e-02
1.809897268533333436e+00,-2.318508533522626799e-02
1.810097268533333192e+00,-2.314996623085841670e-02
1.810297268533333392e+00,-2.311490002383934095e-02
1.810497268533333370e+00,-2.307988637665807363e-02
1.810697268533333348e+00,-2.304492495622425044e-02
1.810897268533333326e+00,-2.301001543384372308e-02
1.811097268533333304e+00,-2.297515748519368683e-02
1.811297268533333504e+00,-2.294035079029778379e-02
1.811497268533333260e+00,-2.290559503350092507e-02
1.811697268533333238e+00,-2.287088990344361347e-02
1.811897268533333216e+00,-2.283623509303681076e-02
1.812097268533333416e+00,-2.280163029943585093e-02
1.812297268533333394e+00,-2.276707522401474199e-02
1.812497268533333372e+00,-2.273256957233987796e-02
1.812697268533333350e+00,-2.269811305414383765e-02
1.812897268533333328e+00,-2.266370538329899251e-02
1.813097268533333306e+00,-2.262934627779087174e-02
1.813297268533333284e+00,-2.259503545969139549e-02
1.813497268533333484e+00,-2.256077265513200744e-02
1.813697268533333240e+00,-2.252655759427674154e-02
1.813897268533333218e+00,-2.249239001129474044e-02
1.814097268533333418e+00,-2.245826964433322512e-02
1.814297268533333618e+00,-2.242419623549000290e-02
1.814497268533333374e+00,-2.239016953078582645e-02
1.814697268533333352e+00,-2.235618928013659648e-02
1.814897268533333330e+00,-2.232225523732576586e-02
1.815097268533333308e+00,-2.228836715997629947e-02
1.815297268533333508e+00,-2.225452480952256132e-02
1.815497268533333486e+00,-2.222072795118245139e-02
1.815697268533333242e+00,-2.218697635392883130e-02
1.815897268533333442e+00,-2.215326979046124134e-02
1.816097268533333420e+00,-2.211960803717780838e-02
1.816297268533333398e+00,-2.208599087414632456e-02
1.816497268533333376e+00,-2.205241808507581169e-02
1.816697268533333354e+00,-2.201888945728794345e-02
1.816897268533333332e+00,-2.198540478168809972e-02
1.817097268533333532e+00,-2.195196385273665354e-02
1.817297268533333510e+00,-2.191856646842018502e-02
1.817497268533333266e+00,-2.188521243022236232e-02
1.817697268533333244e+00,-2.185190154309489541e-02
1.817897268533333444e+00,-2.181863361542867030e-02
1.818097268533333200e+00,-2.178540845902463691e-02
1.818297268533333400e+00,-2.175222588906433954e-02
1.818497268533333378e+00,-2.171908572408114829e-02
1.818697268533333355e+00,-2.168598778593071666e-02
1.818897268533333333e+00,-2.165293189976182781e-02
1.819097268533333311e+00,-2.161991789398703262e-02
1.819297268533333511e+00,-2.158694560025339187e-02
1.819497268533333267e+00,-2.155401485341316981e-02
1.819697268533333245e+00,-2.152112549149421891e-02
1.819897268533333223e+00,-2.148827735567088171e-02
1.820097268533333423e+00,-2.145547029023441368e-02
1.820297268533333401e+00,-2.142270414256373934e-02
1.820497268533333379e+00,-2.138997876309580923e-02
1.820697268533333357e+00,-2.135729400529640110e-02
1.820897268533333335e+00,-2.132464972563057753e-02
1.821097268533333313e+00,-2.129204578353333793e-02
1.821297268533333513e+00,-2.125948204138017328e-02
1.821497268533333269e+00,-2.122695836445789852e-02
1.821697268533333469e+00,-2.119447462093482920e-02
1.821897268533333447e+00,-2.116203068183197811e-02
1.822097268533333203e+00,-2.112962642099336721e-02
1.822297268533333403e+00,-2.109726171505672820e-02
1.822497268533333381e+00,-2.106493644342451871e-02
1.822697268533333359e+00,-2.103265048823441466e-02
1.822897268533333337e+00,-2.100040373433019469e-02
1.823097268533333315e+00,-2.096819606923261067e-02
1.823297268533333515e+00,-2.093602738311018188e-02
1.823497268533333493e+00,-2.090389756875028066e-02
1.823697268533333471e+00,-2.087180652152990923e-02
1.823897268533333227e+00,-2.083975413938686863e-02
1.824097268533333427e+00,-2.080774032279064656e-02
1.824297268533333405e+00,-2.077576497471386729e-02
1.824497268533333383e+00,-2.074382800060320386e-02
1.824697268533333361e+00,-2.071192930835070306e-02
1.824897268533333339e+00,-2.068006880826516597e-02
1.825097268533333317e+00,-2.064824641304348340e-02
1.825297268533333295e+00,-2.061646203774210317e-02
1.825497268533333495e+00,-2.058471559974851123e-02
1.825697268533333473e+00,-2.055300701875302852e-02
1.825897268533333229e+00,-2.052133621672026093e-02
1.826097268533333429e+00,-2.048970311786085102e-02
1.826297268533333185e+00,-2.045810764860369127e-02
1.826497268533333385e+00,-2.042654973756731496e-02
1.826697268533333363e+00,-2.039502931553241818e-02
1.826897268533333341e+00,-2.036354631541368448e-02
1.827097268533333319e+00,-2.033210067223205353e-02
1.827297268533333519e+00,-2.030069232308700025e-02
1.827497268533333497e+00,-2.026932120712910193e-02
1.827697268533333474e+00,-2.023798726553226179e-02
1.827897268533333452e+00,-2.020669044146652243e-02
1.828097268533333208e+00,-2.017543068007070575e-02
1.828297268533333408e+00,-2.014420792842511881e-02
1.828497268533333386e+00,-2.011302213552475238e-02
1.828697268533333364e+00,-2.008187325225201103e-02
1.828897268533333120e+00,-2.005076123135007132e-02
1.829097268533333320e+00,-2.001968602739585476e-02
1.829297268533333298e+00,-1.998864759677389247e-02
1.829497268533333276e+00,-1.995764589764931901e-02
1.829697268533333476e+00,-1.992668088994174747e-02
1.829897268533333454e+00,-1.989575253529899876e-02
1.830097268533333432e+00,-1.986486079707087959e-02
1.830297268533333410e+00,-1.983400564028317895e-02
1.830497268533333388e+00,-1.980318703161186578e-02
1.830697268533333588e+00,-1.977240493935719309e-02
1.830897268533333344e+00,-1.974165933341833976e-02
1.831097268533333322e+00,-1.971095018526751105e-02
1.831297268533333300e+00,-1.968027746792491012e-02
1.831497268533333278e+00,-1.964964115593342484e-02
1.831697268533333256e+00,-1.961904122533349518e-02
1.831897268533333234e+00,-1.958847765363819909e-02
1.832097268533333212e+00,-1.955795041980843557e-02
1.832297268533333412e+00,-1.952745950422828114e-02
1.832497268533333390e+00,-1.949700488868049558e-02
1.832697268533333368e+00,-1.946658655632204499e-02
1.832897268533333346e+00,-1.943620449165994399e-02
1.833097268533333324e+00,-1.940585868052716739e-02
1.833297268533333524e+00,-1.937554911005866243e-02
1.833497268533333280e+00,-1.934527576866772874e-02
1.833697268533333480e+00,-1.931503864602205842e-02
1.833897268533333458e+00,-1.928483773302064677e-02
1.834097268533333436e+00,-1.925467302177015505e-02
1.834297268533333414e+00,-1.922454450556185940e-02
1.834497268533333392e+00,-1.919445217884863455e-02
1.834697268533333370e+00,-1.916439603722203469e-02
1.834897268533333126e+00,-1.913437607738968649e-02
1.835097268533333326e+00,-1.910439229715252263e-02
1.835297268533333082e+00,-1.907444469538273346e-02
1.835497268533333504e+00,-1.904453327200111151e-02
1.835697268533333482e+00,-1.901465802795547499e-02
1.835897268533333460e+00,-1.898481896519828641e-02
1.836097268533333216e+00,-1.895501608666521481e-02
1.836297268533333416e+00,-1.892524939625329916e-02
1.836497268533333393e+00,-1.889551889879987137e-02
1.836697268533333594e+00,-1.886582460006097292e-02
1.836897268533333571e+00,-1.883616650669050346e-02
1.837097268533333327e+00,-1.880654462621913700e-02
1.837297268533333305e+00,-1.877695896703353989e-02
1.837497268533333283e+00,-1.874740953835597398e-02
1.837697268533333483e+00,-1.871789635022370890e-02
1.837897268533333017e+00,-1.868841941346894436e-02
1.838097268533333217e+00,-1.865897873969830228e-02
1.838297268533333195e+00,-1.862957434127352971e-02
1.838497268533333395e+00,-1.860020623129125458e-02
1.838697268533333373e+00,-1.857087442356367135e-02
1.838897268533333351e+00,-1.854157893259898715e-02
1.839097268533333329e+00,-1.851231977358229822e-02
1.839297268533333529e+00,-1.848309696235638649e-02
1.839497268533333507e+00,-1.845391051540308178e-02
1.839697268533333485e+00,-1.842476044982423178e-02
1.839897268533333685e+00,-1.839564678332333489e-02
1.840097268533333441e+00,-1.836656953418725272e-02
1.840297268533333419e+00,-1.833752872126766936e-02
1.840497268533333397e+00,-1.830852436396342500e-02
1.840697268533333375e+00,-1.827955648220247475e-02
1.840897268533333131e+00,-1.825062509642426389e-02
1.841097268533333331e+00,-1.822173022756207530e-02
1.841297268533333087e+00,-1.819287189702600491e-02
1.841497268533333287e+00,-1.816405012668536462e-02
1.841697268533333487e+00,-1.813526493885209839e-02
1.841897268533333465e+00,-1.810651635626377154e-02
1.842097268533333443e+00,-1.807780440206686531e-02
1.842297268533333643e+00,-1.804912909980038033e-02
1.842497268533333621e+00,-1.802049047337965157e-02
1.842697268533333599e+00,-1.799188854707999691e-02
1.842897268533333577e+00,-1.796332334552090682e-02
1.843097268533333333e+00,-1.793479489365026880e-02
1.843297268533333533e+00,-1.790630321672860570e-02
1.843497268533333289e+00,-1.787784834031397319e-02
1.843697268533333267e+00,-1.784943029024627786e-02
1.843897268533333023e+00,-1.782104909263251824e-02
1.844097268533333223e+00,-1.779270477383163365e-02
1.844297268533332979e+00,-1.776439736044004014e-02
1.844497268533333401e+00,-1.773612687927662857e-02
1.844697268533333379e+00,-1.770789335736890763e-02
1.844897268533333357e+00,-1.767969682193828301e-02
1.845097268533333335e+00,-1.765153730038621777e-02
1.845297268533333535e+00,-1.762341482028029552e-02
1.845497268533333513e+00,-1.759532940934061332e-02
1.845697268533333713e+00,-1.756728109542599406e-02
1.845897268533333468e+00,-1.753926990652088583e-02
1.846097268533333446e+00,-1.751129587072182067e-02
1.846297268533333424e+00,-1.748335901622465743e-02
1.846497268533333180e+00,-1.745545937131158520e-02
1.846697268533333380e+00,-1.742759696433829678e-02
1.846897268533333136e+00,-1.739977182372176578e-02
1.847097268533333336e+00,-1.737198397792741322e-02
1.847297268533333092e+00,-1.734423345545738071e-02
1.847497268533333292e+00,-1.731652028483800926e-02
1.847697268533333270e+00,-1.728884449460837622e-02
1.847897268533333470e+00,-1.726120611330824242e-02
1.848097268533333448e+00,-1.723360516946676607e-02
1.848297268533333426e+00,-1.720604169159086275e-02
1.848497268533333404e+00,-1.717851570815413786e-02
1.848697268533333604e+00,-1.715102724758574629e-02
1.848897268533333582e+00,-1.712357633825957459e-02
1.849097268533333560e+00,-1.709616300848333312e-02
1.849297268533333538e+00,-1.706878728648810600e-02
1.849497268533333294e+00,-1.704144920041786651e-02
1.849697268533333272e+00,-1.701414877831915196e-02
1.849897268533333472e+00,-1.698688604813104394e-02
1.850097268533333228e+00,-1.695966103767526656e-02
1.850297268533333206e+00,-1.693247377464611111e-02
1.850497268533333184e+00,-1.690532428660108943e-02
1.850697268533333384e+00,-1.687821260095124370e-02
1.850897268533333362e+00,-1.685113874495201142e-02
1.851097268533333340e+00,-1.682410274569378500e-02
1.851297268533333318e+00,-1.679710463009306820e-02
1.851497268533333518e+00,-1.677014442488347981e-02
1.851697268533333496e+00,-1.674322215660718760e-02
1.851897268533333474e+00,-1.671633785160611674e-02
1.852097268533333452e+00,-1.668949153601365087e-02
1.852297268533333430e+00,-1.666268323574631935e-02
1.852497268533333408e+00,-1.663591297649564399e-02
1.852697268533333164e+00,-1.660918078372022183e-02
1.852897268533333364e+00,-1.658248668263765171e-02
1.853097268533333342e+00,-1.655583069821722764e-02
1.853297268533333320e+00,-1.652921285517202146e-02
1.853497268533333298e+00,-1.650263317795163526e-02
1.853697268533333276e+00,-1.647609169073489116e-02
1.853897268533333476e+00,-1.644958841742270167e-02
1.854097268533333454e+00,-1.642312338163116892e-02
1.854297268533333432e+00,-1.639669660668455903e-02
1.854497268533333409e+00,-1.637030811560870672e-02
1.854697268533333609e+00,-1.634395793112439904e-02
1.854897268533333365e+00,-1.631764607564107489e-02
1.855097268533333565e+00,-1.629137257125018445e-02
1.855297268533333321e+00,-1.626513743971946119e-02
1.855497268533333299e+00,-1.623894070248647903e-02
1.855697268533333277e+00,-1.621278238065304578e-02
1.855897268533333255e+00,-1.618666249497925647e-02
1.856097268533333233e+00,-1.616058106587794571e-02
1.856297268533333211e+00,-1.613453811340913313e-02
1.856497268533333411e+00,-1.610853365727461795e-02
1.856697268533333389e+00,-1.608256771681283726e-02
1.856897268533333367e+00,-1.605664031099358208e-02
1.857097268533333567e+00,-1.603075145841306726e-02
1.857297268533333323e+00,-1.600490117728915751e-02
1.857497268533333301e+00,-1.597908948545634367e-02
1.857697268533333501e+00,-1.595331640036135729e-02
1.857897268533333257e+00,-1.592758193905866732e-02
1.858097268533333457e+00,-1.590188611820579981e-02
1.858297268533333435e+00,-1.587622895405945214e-02
1.858497268533333413e+00,-1.585061046247106947e-02
1.858697268533333169e+00,-1.582503065888291385e-02
1.858897268533333147e+00,-1.579948955832406743e-02
1.859097268533333347e+00,-1.577398717540672013e-02
1.859297268533333103e+00,-1.574852352432256491e-02
1.859497268533333303e+00,-1.572309861883886342e-02
1.859697268533333281e+00,-1.569771247229544836e-02
1.859897268533333259e+00,-1.567236509760100774e-02
1.860097268533333459e+00,-1.564705650723000052e-02
1.860297268533333437e+00,-1.562178671321955842e-02
1.860497268533333415e+00,-1.559655572716632868e-02
1.860697268533333393e+00,-1.557136356022364825e-02
1.860897268533333371e+00,-1.554621022309870572e-02
1.861097268533333571e+00,-1.552109572604981960e-02
1.861297268533333549e+00,-1.549602007888390386e-02
1.861497268533333305e+00,-1.547098329095387102e-02
1.861697268533333283e+00,-1.544598537115621922e-02
1.861897268533333261e+00,-1.542102632792884641e-02
1.862097268533333461e+00,-1.539610616924873970e-02
1.862297268533333217e+00,-1.537122490263003252e-02
1.862497268533333417e+00,-1.534638253512167830e-02
1.862697268533333173e+00,-1.532157907330596903e-02
1.862897268533333373e+00,-1.529681452329629578e-02
1.863097268533333573e+00,-1.527208889073578164e-02
1.863297268533333328e+00,-1.524740218079551589e-02
1.863497268533333306e+00,-1.522275439817287121e-02
1.863697268533333506e+00,-1.519814554709028077e-02
1.863897268533333484e+00,-1.517357563129386432e-02
1.864097268533333462e+00,-1.514904465405201434e-02
1.864297268533333662e+00,-1.512455261815431710e-02
1.864497268533333418e+00,-1.510009952591055866e-02
1.864697268533333396e+00,-1.507568537914945675e-02
1.864897268533333152e+00,-1.505131017921803455e-02
1.865097268533333352e+00,-1.502697392698053303e-02
1.865297268533333108e+00,-1.500267662281793563e-02
1.865497268533333308e+00,-1.497841826662696732e-02
1.865697268533333286e+00,-1.495419885781981706e-02
1.865897268533333486e+00,-1.493001839532339357e-02
1.866097268533333464e+00,-1.490587687757908078e-02
1.866297268533333442e+00,-1.488177430254219134e-02
1.866497268533333420e+00,-1.485771066768183657e-02
1.866697268533333398e+00,-1.483368596998065579e-02
1.866897268533333376e+00,-1.480970020593471229e-02
1.867097268533333576e+00,-1.478575337155339960e-02
1.867297268533333554e+00,-1.476184546235957164e-02
1.867497268533333310e+00,-1.473797647338950106e-02
1.867697268533333510e+00,-1.471414639919301284e-02
1.867897268533333488e+00,-1.469035523383393181e-02
1.868097268533333244e+00,-1.466660297089016594e-02
1.868297268533333222e+00,-1.464288960345409320e-02
1.868497268533333422e+00,-1.461921512413308540e-02
1.868697268533333400e+00,-1.459557952505002518e-02
1.868897268533333378e+00,-1.457198279784372580e-02
1.869097268533333356e+00,-1.454842493366964237e-02
1.869297268533333334e+00,-1.452490592320057616e-02
1.869497268533333312e+00,-1.450142575662737368e-02
1.869697268533333290e+00,-1.447798442365978364e-02
1.869897268533333490e+00,-1.445458191352726879e-02
1.870097268533333468e+00,-1.443121821498004158e-02
1.870297268533333446e+00,-1.440789331628991587e-02
1.870497268533333424e+00,-1.438460720525142587e-02
1.870697268533333402e+00,-1.436135986918292591e-02
1.870897268533333380e+00,-1.433815129492771977e-02
1.871097268533333358e+00,-1.431498146885528192e-02
1.871297268533333336e+00,-1.429185037686252213e-02
1.871497268533333314e+00,-1.426875800437508654e-02
1.871697268533333292e+00,-1.424570433634873845e-02
1.871897268533333270e+00,-1.422268935727076522e-02
1.872097268533333247e+00,-1.419971305116143022e-02
1.872297268533333225e+00,-1.417677540157551500e-02
1.872497268533333425e+00,-1.415387639160383022e-02
1.872697268533333403e+00,-1.413101600387494348e-02
1.872897268533333381e+00,-1.410819422055665726e-02
1.873097268533333581e+00,-1.408541102335781822e-02
1.873297268533333337e+00,-1.406266639353013527e-02
1.873497268533333537e+00,-1.403996031186969390e-02
1.873697268533333293e+00,-1.401729275871917493e-02
1.873897268533333271e+00,-1.399466371396933598e-02
1.874097268533333249e+00,-1.397207315706120584e-02
1.874297268533333449e+00,-1.394952106698788517e-02
1.874497268533333205e+00,-1.392700742229669580e-02
1.874697268533333183e+00,-1.390453220109093974e-02
1.874897268533333383e+00,-1.388209538103221327e-02
1.875097268533333361e+00,-1.385969693934248001e-02
1.875297268533333339e+00,-1.383733685280607965e-02
1.875497268533333317e+00,-1.381501509777200397e-02
1.875697268533333517e+00,-1.379273165015607559e-02
1.875897268533333495e+00,-1.377048648544325522e-02
1.876097268533333473e+00,-1.374827957868980828e-02
1.876297268533333451e+00,-1.372611090452567802e-02
1.876497268533333429e+00,-1.370398043715682392e-02
1.876697268533333407e+00,-1.368188815036757225e-02
1.876897268533333385e+00,-1.365983401752304642e-02
1.877097268533333141e+00,-1.363781801157157823e-02
1.877297268533333341e+00,-1.361584010504707232e-02
1.877497268533333319e+00,-1.359390027007172444e-02
1.877697268533333297e+00,-1.357199847835829226e-02
1.877897268533333275e+00,-1.355013470121275987e-02
1.878097268533333475e+00,-1.352830890953682884e-02
1.878297268533333453e+00,-1.350652107383062787e-02
1.878497268533333209e+00,-1.348477116419518826e-02
1.878697268533333409e+00,-1.346305915033506675e-02
1.878897268533333387e+00,-1.344138500156119576e-02
1.879097268533333587e+00,-1.341974868679333965e-02
1.879297268533333343e+00,-1.339815017456297448e-02
1.879497268533333321e+00,-1.337658943301580326e-02
1.879697268533333299e+00,-1.335506642991471024e-02
1.879897268533333499e+00,-1.333358113264235950e-02
1.880097268533333255e+00,-1.331213350820415267e-02
1.880297268533333455e+00,-1.329072352323074080e-02
1.880497268533333211e+00,-1.326935114398119023e-02
1.880697268533333411e+00,-1.324801633634544069e-02
1.880897268533333389e+00,-1.322671906584753192e-02
1.881097268533333366e+00,-1.320545929764814150e-02
1.881297268533333344e+00,-1.318423699654764150e-02
1.881497268533333322e+00,-1.316305212698893300e-02
1.881697268533333300e+00,-1.314190465306036733e-02
1.881897268533333278e+00,-1.312079453849863270e-02
1.882097268533333478e+00,-1.309972174669170666e-02
1.882297268533333456e+00,-1.307868624068184681e-02
1.882497268533333434e+00,-1.305768798316843046e-02
1.882697268533333412e+00,-1.303672693651099224e-02
1.882897268533333612e+00,-1.301580306273216955e-02
1.883097268533333368e+00,-1.299491632352079221e-02
1.883297268533333346e+00,-1.297406668023464230e-02
1.883497268533333324e+00,-1.295325409390367735e-02
1.883697268533333302e+00,-1.293247852523294814e-02
1.883897268533333280e+00,-1.291173993460560492e-02
1.884097268533333258e+00,-1.289103828208595232e-02
1.884297268533333236e+00,-1.287037352742246080e-02
1.884497268533333436e+00,-1.284974563005077640e-02
1.884697268533333414e+00,-1.282915454909686059e-02
1.884897268533333392e+00,-1.280860024337989074e-02
1.885097268533333592e+00,-1.278808267141539994e-02
1.885297268533333570e+00,-1.276760179141836829e-02
1.885497268533333326e+00,-1.274715756130618757e-02
1.885697268533333526e+00,-1.272674993870170218e-02
1.885897268533333504e+00,-1.270637888093644613e-02
1.886097268533333482e+00,-1.268604434505352617e-02
1.886297268533333238e+00,-1.266574628781078592e-02
1.886497268533333216e+00,-1.264548466568378438e-02
1.886697268533333194e+00,-1.262525943486898436e-02
1.886897268533333394e+00,-1.260507055128673101e-02
1.887097268533333372e+00,-1.258491797058440206e-02
1.887297268533333350e+00,-1.256480164813937248e-02
1.887497268533333328e+00,-1.254472153906215776e-02
1.887697268533333306e+00,-1.252467759819944279e-02
1.887897268533333506e+00,-1.250466978013715751e-02
1.888097268533333484e+00,-1.248469803920360631e-02
1.888297268533333462e+00,-1.246476232947240498e-02
1.888497268533333440e+00,-1.244486260476560663e-02
1.888697268533333418e+00,-1.242499881865676351e-02
1.888897268533333396e+00,-1.240517092447395928e-02
1.889097268533333374e+00,-1.238537887530285000e-02
1.889297268533333352e+00,-1.236562262398974155e-02
1.889497268533333330e+00,-1.234590212314457154e-02
1.889697268533333308e+00,-1.232621732514398855e-02
1.889897268533333285e+00,-1.230656818213435658e-02
1.890097268533333263e+00,-1.228695464603478220e-02
1.890297268533333241e+00,-1.226737666854015030e-02
1.890497268533333219e+00,-1.224783420112407484e-02
1.890697268533333197e+00,-1.222832719504197974e-02
1.890897268533333397e+00,-1.220885560133400799e-02
1.891097268533333375e+00,-1.218941937082813724e-02
1.891297268533333575e+00,-1.217001845414297789e-02
1.891497268533333553e+00,-1.215065280169095631e-02
1.891697268533333531e+00,-1.213132236368108519e-02
1.891897268533333509e+00,-1.211202709012204788e-02
1.892097268533333487e+00,-1.209276693082509194e-02
1.892297268533333243e+00,-1.207354183540700239e-02
1.892497268533333221e+00,-1.205435175329295713e-02
1.892697268533333199e+00,-1.203519663371955747e-02
1.892897268533333399e+00,-1.201607642573762451e-02
1.893097268533333377e+00,-1.199699107821523836e-02
1.893297268533333355e+00,-1.197794053984046515e-02
1.893497268533333333e+00,-1.195892475912435117e-02
1.893697268533333311e+00,-1.193994368440374695e-02
1.893897268533333289e+00,-1.192099726384417656e-02
1.894097268533333489e+00,-1.190208544544265820e-02
1.894297268533333467e+00,-1.188320817703062901e-02
1.894497268533333445e+00,-1.186436540627663384e-02
1.894697268533333423e+00,-1.184555708068923442e-02
1.894897268533333401e+00,-1.182678314761977101e-02
1.895097268533333379e+00,-1.180804355426516225e-02
1.895297268533333357e+00,-1.178933824767066860e-02
1.895497268533333335e+00,-1.177066717473267479e-02
1.895697268533333313e+00,-1.175203028220141339e-02
1.895897268533333291e+00,-1.173342751668371951e-02
1.896097268533333269e+00,-1.171485882464574566e-02
1.896297268533333469e+00,-1.169632415241565401e-02
1.896497268533333225e+00,-1.167782344618640937e-02
1.896697268533333425e+00,-1.165935665201824761e-02
1.896897268533333403e+00,-1.164092371584162129e-02
1.897097268533333603e+00,-1.162252458345960915e-02
1.897297268533333359e+00,-1.160415920055076627e-02
1.897497268533333337e+00,-1.158582751267152149e-02
1.897697268533333315e+00,-1.156752946525899280e-02
1.897897268533333515e+00,-1.154926500363346459e-02
1.898097268533333493e+00,-1.153103407300106950e-02
1.898297268533333249e+00,-1.151283661845625174e-02
1.898497268533333227e+00,-1.149467258498433099e-02
1.898697268533333427e+00,-1.147654191746410278e-02
1.898897268533333405e+00,-1.145844456067037637e-02
1.899097268533333382e+00,-1.144038045927636867e-02
1.899297268533333360e+00,-1.142234955785628898e-02
1.899497268533333338e+00,-1.140435180088777457e-02
1.899697268533333316e+00,-1.138638713275437822e-02
1.899897268533333516e+00,-1.136845549774796044e-02
1.900097268615000168e+00,-1.135055683276933736e-02
1.900297268615000146e+00,-1.133269109655154691e-02
1.900497268615000124e+00,-1.131485822581067800e-02
1.900697268615000102e+00,-1.129705816449611162e-02
1.900897268615000080e+00,-1.127929085647757027e-02
1.901097268615000058e+00,-1.126155624554743724e-02
1.901297268615000036e+00,-1.124385427542309857e-02
1.901497268615000014e+00,-1.122618488974927095e-02
1.901697268614999992e+00,-1.120854803210027950e-02
1.901897268615000192e+00,-1.119094364598233887e-02
1.902097268614999948e+00,-1.117337167483588647e-02
1.902297268614999926e+00,-1.115583206203767802e-02
1.902497268614999903e+00,-1.113832475090317103e-02
1.902697268615000104e+00,-1.112084968468866550e-02
1.902897268615000081e+00,-1.110340680659355726e-02
1.903097268615000059e+00,-1.108599605976243359e-02
1.903297268615000037e+00,-1.106861738728728839e-02
1.903497268615000015e+00,-1.105127073220969237e-02
1.903697268614999993e+00,-1.103395603752287818e-02
1.903897268614999971e+00,-1.101667324617387235e-02
1.904097268615000171e+00,-1.099942230106557353e-02
1.904297268615000149e+00,-1.098220314505891394e-02
1.904497268614999905e+00,-1.096501572097480920e-02
1.904697268615000105e+00,-1.094785997159619488e-02
1.904897268615000083e+00,-1.093073583967022963e-02
1.905097268615000061e+00,0.000000000000000000e+00
1.905297268615000039e+00,0.000000000000000000e+00
1.905497268615000017e+00,0.000000000000000000e+00
1.905697268614999995e+00,0.000000000000000000e+00
1.905897268615000195e+00,0.000000000000000000e+00
1.906097268615000173e+00,0.000000000000000000e+00
1.906297268615000151e+00,0.000000000000000000e+00
1.906497268615000129e+00,0.000000000000000000e+00
1.906697268615000107e+00,0.000000000000000000e+00
1.906897268615000085e+00,0.000000000000000000e+00
1.907097268615000063e+00,0.000000000000000000e+00
1.907297268615000041e+00,0.000000000000000000e+00
1.907497268615000019e+00,0.000000000000000000e+00
1.907697268614999997e+00,0.000000000000000000e+00
1.907897268615000197e+00,0.000000000000000000e+00
1.908097268615000175e+00,0.000000000000000000e+00
1.908297268614999931e+00,0.000000000000000000e+00
1.908497268614999909e+00,0.000000000000000000e+00
1.908697268615000109e+00,0.000000000000000000e+00
1.908897268615000087e+00,0.000000000000000000e+00
1.909097268615000065e+00,0.000000000000000000e+00
1.909297268615000043e+00,0.000000000000000000e+00
1.909497268615000021e+00,0.000000000000000000e+00
1.909697268614999999e+00,0.000000000000000000e+00
1.909897268614999977e+00,0.000000000000000000e+00
1.910097268615000177e+00,0.000000000000000000e+00
1.910297268614999933e+00,0.000000000000000000e+00
1.910497268614999911e+00,0.000000000000000000e+00
1.910697268615000111e+00,0.000000000000000000e+00
1.910897268615000089e+00,0.000000000000000000e+00
1.911097268615000067e+00,0.000000000000000000e+00
1.911297268615000045e+00,0.000000000000000000e+00
1.911497268614999800e+00,0.000000000000000000e+00
1.911697268615000000e+00,0.000000000000000000e+00
1.911897268614999978e+00,0.000000000000000000e+00
1.912097268615000178e+00,0.000000000000000000e+00
1.912297268614999934e+00,0.000000000000000000e+00
1.912497268615000134e+00,0.000000000000000000e+00
1.912697268615000112e+00,0.000000000000000000e+00
1.912897268615000090e+00,0.000000000000000000e+00
1.913097268615000068e+00,0.000000000000000000e+00
1.913297268615000046e+00,0.000000000000000000e+00
1.913497268615000024e+00,0.000000000000000000e+00
1.913697268615000002e+00,0.000000000000000000e+00
1.913897268615000202e+00,0.000000000000000000e+00
1.914097268615000180e+00,0.000000000000000000e+00
1.914297268615000158e+00,0.000000000000000000e+00
1.914497268614999914e+00,0.000000000000000000e+00
1.914697268614999892e+00,0.000000000000000000e+00
1.914897268615000092e+00,0.000000000000000000e+00
1.915097268615000070e+00,0.000000000000000000e+00
1.915297268615000048e+00,0.000000000000000000e+00
1.915497268615000026e+00,0.000000000000000000e+00
1.915697268615000004e+00,0.000000000000000000e+00
1.915897268615000204e+00,0.000000000000000000e+00
1.916097268614999960e+00,0.000000000000000000e+00
1.916297268615000160e+00,0.000000000000000000e+00
1.916497268614999916e+00,0.000000000000000000e+00
1.916697268615000116e+00,0.000000000000000000e+00
1.916897268615000094e+00,0.000000000000000000e+00
1.917097268615000072e+00,0.000000000000000000e+00
1.917297268615000050e+00,0.000000000000000000e+00
1.917497268615000028e+00,0.000000000000000000e+00
1.917697268615000006e+00,0.000000000000000000e+00
1.917897268614999984e+00,0.000000000000000000e+00
1.918097268614999962e+00,0.000000000000000000e+00
1.918297268614999940e+00,0.000000000000000000e+00
1.918497268614999918e+00,0.000000000000000000e+00
1.918697268614999896e+00,0.000000000000000000e+00
1.918897268615000096e+00,0.000000000000000000e+00
1.919097268615000074e+00,0.000000000000000000e+00
1.919297268615000052e+00,0.000000000000000000e+00
1.919497268615000030e+00,0.000000000000000000e+00
1.919697268615000008e+00,0.000000000000000000e+00
1.919897268614999986e+00,0.000000000000000000e+00
1.920097268615000186e+00,0.000000000000000000e+00
1.920297268615000164e+00,0.000000000000000000e+00
1.920497268614999919e+00,0.000000000000000000e+00
1.920697268614999897e+00,0.000000000000000000e+00
1.920897268615000097e+00,0.000000000000000000e+00
1.921097268615000075e+00,0.000000000000000000e+00
1.921297268615000053e+00,0.000000000000000000e+00
1.921497268615000031e+00,0.000000000000000000e+00
1.921697268615000009e+00,0.000000000000000000e+00
1.921897268614999987e+00,0.000000000000000000e+00
1.922097268615000187e+00,0.000000000000000000e+00
1.922297268615000165e+00,0.000000000000000000e+00
1.922497268615000143e+00,0.000000000000000000e+00
1.922697268614999899e+00,0.000000000000000000e+00
1.922897268615000099e+00,0.000000000000000000e+00
1.923097268615000077e+00,0.000000000000000000e+00
1.923297268615000055e+00,0.000000000000000000e+00
1.923497268615000033e+00,0.000000000000000000e+00
1.923697268614999789e+00,0.000000000000000000e+00
1.923897268615000211e+00,0.000000000000000000e+00
1.924097268614999967e+00,0.000000000000000000e+00
1.924297268614999945e+00,0.000000000000000000e+00
1.924497268614999923e+00,0.000000000000000000e+00
1.924697268614999901e+00,0.000000000000000000e+00
1.924897268615000101e+00,0.000000000000000000e+00
1.925097268615000079e+00,0.000000000000000000e+00
1.925297268615000057e+00,0.000000000000000000e+00
1.925497268615000035e+00,0.000000000000000000e+00
1.925697268615000013e+00,0.000000000000000000e+00
1.925897268614999991e+00,0.000000000000000000e+00
1.926097268614999969e+00,0.000000000000000000e+00
1.926297268615000169e+00,0.000000000000000000e+00
1.926497268614999925e+00,0.000000000000000000e+00
1.926697268614999903e+00,0.000000000000000000e+00
1.926897268615000103e+00,0.000000000000000000e+00
1.927097268615000081e+00,0.000000000000000000e+00
1.927297268615000059e+00,0.000000000000000000e+00
1.927497268615000037e+00,0.000000000000000000e+00
1.927697268615000015e+00,0.000000000000000000e+00
1.927897268614999993e+00,0.000000000000000000e+00
1.928097268614999971e+00,0.000000000000000000e+00
1.928297268614999949e+00,0.000000000000000000e+00
1.928497268615000149e+00,0.000000000000000000e+00
1.928697268614999905e+00,0.000000000000000000e+00
1.928897268615000105e+00,0.000000000000000000e+00
1.929097268615000083e+00,0.000000000000000000e+00
1.929297268615000061e+00,0.000000000000000000e+00
1.929497268615000038e+00,0.000000000000000000e+00
1.929697268615000016e+00,0.000000000000000000e+00
1.929897268614999994e+00,0.000000000000000000e+00
1.930097268614999972e+00,0.000000000000000000e+00
1.930297268614999950e+00,0.000000000000000000e+00
1.930497268614999928e+00,0.000000000000000000e+00
1.930697268615000128e+00,0.000000000000000000e+00
1.930897268615000106e+00,0.000000000000000000e+00
1.931097268615000084e+00,0.000000000000000000e+00
1.931297268615000062e+00,0.000000000000000000e+00
1.931497268615000040e+00,0.000000000000000000e+00
1.931697268615000018e+00,0.000000000000000000e+00
1.931897268614999996e+00,0.000000000000000000e+00
1.932097268614999974e+00,0.000000000000000000e+00
1.932297268614999952e+00,0.000000000000000000e+00
1.932497268614999930e+00,0.000000000000000000e+00
1.932697268614999908e+00,0.000000000000000000e+00
1.932897268614999886e+00,0.000000000000000000e+00
1.933097268615000086e+00,0.000000000000000000e+00
1.933297268615000064e+00,0.000000000000000000e+00
1.933497268615000042e+00,0.000000000000000000e+00
1.933697268615000020e+00,0.000000000000000000e+00
1.933897268614999998e+00,0.000000000000000000e+00
1.934097268615000198e+00,0.000000000000000000e+00
1.934297268614999954e+00,0.000000000000000000e+00
1.934497268615000154e+00,0.000000000000000000e+00
1.934697268615000132e+00,0.000000000000000000e+00
1.934897268615000110e+00,0.000000000000000000e+00
1.935097268615000088e+00,0.000000000000000000e+00
1.935297268615000066e+00,0.000000000000000000e+00
1.935497268615000044e+00,0.000000000000000000e+00
1.935697268615000022e+00,0.000000000000000000e+00
1.935897268615000000e+00,0.000000000000000000e+00
1.936097268614999978e+00,0.000000000000000000e+00
1.936297268614999956e+00,0.000000000000000000e+00
1.936497268615000156e+00,0.000000000000000000e+00
1.936697268615000134e+00,0.000000000000000000e+00
1.936897268615000112e+00,0.000000000000000000e+00
1.937097268615000090e+00,0.000000000000000000e+00
1.937297268615000068e+00,0.000000000000000000e+00
1.937497268615000046e+00,0.000000000000000000e+00
1.937697268615000024e+00,0.000000000000000000e+00
1.937897268615000002e+00,0.000000000000000000e+00
1.938097268614999980e+00,0.000000000000000000e+00
1.938297268614999957e+00,0.000000000000000000e+00
1.938497268614999935e+00,0.000000000000000000e+00
1.938697268614999913e+00,0.000000000000000000e+00
1.938897268614999891e+00,0.000000000000000000e+00
1.939097268615000091e+00,0.000000000000000000e+00
1.939297268615000069e+00,0.000000000000000000e+00
1.939497268615000047e+00,0.000000000000000000e+00
1.939697268615000025e+00,0.000000000000000000e+00
1.939897268615000003e+00,0.000000000000000000e+00
1.940097268615000203e+00,0.000000000000000000e+00
1.940297268615000181e+00,0.000000000000000000e+00
1.940497268614999937e+00,0.000000000000000000e+00
1.940697268615000137e+00,0.000000000000000000e+00
1.940897268615000115e+00,0.000000000000000000e+00
1.941097268615000093e+00,0.000000000000000000e+00
1.941297268615000071e+00,0.000000000000000000e+00
1.941497268615000049e+00,0.000000000000000000e+00
1.941697268615000027e+00,0.000000000000000000e+00
1.941897268615000005e+00,0.000000000000000000e+00
1.942097268615000205e+00,0.000000000000000000e+00
1.942297268615000183e+00,0.000000000000000000e+00
1.942497268615000161e+00,0.000000000000000000e+00
1.942697268614999917e+00,0.000000000000000000e+00
1.942897268615000117e+00,0.000000000000000000e+00
1.943097268615000095e+00,0.000000000000000000e+00
1.943297268615000073e+00,0.000000000000000000e+00
1.943497268615000051e+00,0.000000000000000000e+00
1.943697268615000029e+00,0.000000000000000000e+00
1.943897268615000007e+00,0.000000000000000000e+00
1.944097268615000207e+00,0.000000000000000000e+00
1.944297268614999963e+00,0.000000000000000000e+00
1.944497268614999941e+00,0.000000000000000000e+00
1.944697268614999919e+00,0.000000000000000000e+00
1.944897268614999897e+00,0.000000000000000000e+00
1.945097268615000097e+00,0.000000000000000000e+00
1.945297268615000075e+00,0.000000000000000000e+00
1.945497268615000053e+00,0.000000000000000000e+00
1.945697268615000031e+00,0.000000000000000000e+00
1.945897268615000009e+00,0.000000000000000000e+00
1.946097268614999987e+00,0.000000000000000000e+00
1.946297268614999965e+00,0.000000000000000000e+00
1.946497268614999943e+00,0.000000000000000000e+00
1.946697268615000143e+00,0.000000000000000000e+00
1.946897268614999899e+00,0.000000000000000000e+00
1.947097268615000099e+00,0.000000000000000000e+00
1.947297268615000077e+00,0.000000000000000000e+00
1.947497268615000054e+00,0.000000000000000000e+00
1.947697268615000032e+00,0.000000000000000000e+00
1.947897268615000010e+00,0.000000000000000000e+00
1.948097268614999988e+00,0.000000000000000000e+00
1.948297268615000188e+00,0.000000000000000000e+00
1.948497268614999944e+00,0.000000000000000000e+00
1.948697268615000144e+00,0.000000000000000000e+00
1.948897268615000122e+00,0.000000000000000000e+00
1.949097268615000100e+00,0.000000000000000000e+00
1.949297268615000078e+00,0.000000000000000000e+00
1.949497268615000056e+00,0.000000000000000000e+00
1.949697268615000034e+00,0.000000000000000000e+00
1.949897268615000012e+00,0.000000000000000000e+00
1.950097268614999990e+00,0.000000000000000000e+00
1.950297268614999968e+00,0.000000000000000000e+00
1.950497268614999946e+00,0.000000000000000000e+00
1.950697268614999924e+00,0.000000000000000000e+00
1.950897268614999902e+00,0.000000000000000000e+00
1.951097268615000102e+00,0.000000000000000000e+00
1.951297268615000080e+00,0.000000000000000000e+00
1.951497268615000058e+00,0.000000000000000000e+00
1.951697268615000036e+00,0.000000000000000000e+00
1.951897268615000014e+00,0.000000000000000000e+00
1.952097268614999992e+00,0.000000000000000000e+00
1.952297268614999970e+00,0.000000000000000000e+00
1.952497268614999948e+00,0.000000000000000000e+00
1.952697268615000148e+00,0.000000000000000000e+00
1.952897268615000126e+00,0.000000000000000000e+00
1.953097268615000104e+00,0.000000000000000000e+00
1.953297268615000082e+00,0.000000000000000000e+00
1.953497268615000060e+00,0.000000000000000000e+00
1.953697268615000038e+00,0.000000000000000000e+00
1.953897268615000016e+00,0.000000000000000000e+00
1.954097268614999994e+00,0.000000000000000000e+00
1.954297268615000194e+00,0.000000000000000000e+00
1.954497268615000172e+00,0.000000000000000000e+00
1.954697268615000150e+00,0.000000000000000000e+00
1.954897268614999906e+00,0.000000000000000000e+00
1.955097268615000106e+00,0.000000000000000000e+00
1.955297268615000084e+00,0.000000000000000000e+00
1.955497268615000062e+00,0.000000000000000000e+00
1.955697268615000040e+00,0.000000000000000000e+00
1.955897268615000018e+00,0.000000000000000000e+00
1.956097268614999996e+00,0.000000000000000000e+00
1.956297268614999973e+00,0.000000000000000000e+00
1.956497268615000173e+00,0.000000000000000000e+00
1.956697268615000151e+00,0.000000000000000000e+00
1.956897268614999907e+00,0.000000000000000000e+00
1.957097268615000107e+00,0.000000000000000000e+00
1.957297268615000085e+00,0.000000000000000000e+00
1.957497268615000063e+00,0.000000000000000000e+00
1.957697268615000041e+00,0.000000000000000000e+00
1.957897268615000019e+00,0.000000000000000000e+00
1.958097268614999997e+00,0.000000000000000000e+00
1.958297268614999975e+00,0.000000000000000000e+00
1.958497268614999953e+00,0.000000000000000000e+00
1.958697268614999931e+00,0.000000000000000000e+00
1.958897268615000131e+00,0.000000000000000000e+00
1.959097268614999887e+00,0.000000000000000000e+00
1.959297268615000087e+00,0.000000000000000000e+00
1.959497268615000065e+00,0.000000000000000000e+00
1.959697268615000043e+00,0.000000000000000000e+00
1.959897268615000021e+00,0.000000000000000000e+00
1.960097268614999999e+00,0.000000000000000000e+00
1.960297268615000199e+00,0.000000000000000000e+00
1.960497268615000177e+00,0.000000000000000000e+00
1.960697268614999933e+00,0.000000000000000000e+00
1.960897268615000133e+00,0.000000000000000000e+00
1.961097268615000111e+00,0.000000000000000000e+00
1.961297268615000089e+00,0.000000000000000000e+00
1.961497268615000067e+00,0.000000000000000000e+00
1.961697268615000045e+00,0.000000000000000000e+00
1.961897268615000023e+00,0.000000000000000000e+00
1.962097268615000001e+00,0.000000000000000000e+00
1.962297268614999979e+00,0.000000000000000000e+00
1.962497268615000179e+00,0.000000000000000000e+00
1.962697268615000157e+00,0.000000000000000000e+00
1.962897268614999913e+00,0.000000000000000000e+00
1.963097268615000113e+00,0.000000000000000000e+00
1.963297268615000091e+00,0.000000000000000000e+00
1.963497268615000069e+00,0.000000000000000000e+00
1.963697268615000047e+00,0.000000000000000000e+00
1.963897268615000025e+00,0.000000000000000000e+00
1.964097268615000003e+00,0.000000000000000000e+00
1.964297268614999981e+00,0.000000000000000000e+00
1.964497268614999959e+00,0.000000000000000000e+00
1.964697268614999937e+00,0.000000000000000000e+00
1.964897268615000137e+00,0.000000000000000000e+00
1.965097268614999892e+00,0.000000000000000000e+00
1.965297268615000092e+00,0.000000000000000000e+00
1.965497268615000070e+00,0.000000000000000000e+00
1.965697268615000048e+00,0.000000000000000000e+00
1.965897268615000026e+00,0.000000000000000000e+00
1.966097268615000004e+00,0.000000000000000000e+00
1.966297268614999982e+00,0.000000000000000000e+00
1.966497268615000182e+00,0.000000000000000000e+00
1.966697268614999938e+00,0.000000000000000000e+00
1.966897268615000138e+00,0.000000000000000000e+00
1.967097268614999894e+00,0.000000000000000000e+00
1.967297268615000094e+00,0.000000000000000000e+00
1.967497268615000072e+00,0.000000000000000000e+00
1.967697268615000050e+00,0.000000000000000000e+00
1.967897268615000028e+00,0.000000000000000000e+00
1.968097268615000006e+00,0.000000000000000000e+00
1.968297268614999984e+00,0.000000000000000000e+00
1.968497268615000184e+00,0.000000000000000000e+00
1.968697268615000162e+00,0.000000000000000000e+00
1.968897268614999918e+00,0.000000000000000000e+00
1.969097268614999896e+00,0.000000000000000000e+00
1.969297268615000096e+00,0.000000000000000000e+00
1.969497268615000074e+00,0.000000000000000000e+00
1.969697268615000052e+00,0.000000000000000000e+00
1.969897268615000030e+00,0.000000000000000000e+00
1.970097268615000008e+00,0.000000000000000000e+00
1.970297268615000208e+00,0.000000000000000000e+00
1.970497268614999964e+00,0.000000000000000000e+00
1.970697268614999942e+00,0.000000000000000000e+00
1.970897268615000142e+00,0.000000000000000000e+00
1.971097268615000120e+00,0.000000000000000000e+00
1.971297268615000098e+00,0.000000000000000000e+00
1.971497268615000076e+00,0.000000000000000000e+00
1.971697268615000054e+00,0.000000000000000000e+00
1.971897268615000032e+00,0.000000000000000000e+00
1.972097268615000010e+00,0.000000000000000000e+00
1.972297268614999988e+00,0.000000000000000000e+00
1.972497268615000188e+00,0.000000000000000000e+00
1.972697268614999944e+00,0.000000000000000000e+00
1.972897268614999922e+00,0.000000000000000000e+00
1.973097268615000122e+00,0.000000000000000000e+00
1.973297268615000100e+00,0.000000000000000000e+00
1.973497268615000078e+00,0.000000000000000000e+00
1.973697268615000056e+00,0.000000000000000000e+00
1.973897268615000034e+00,0.000000000000000000e+00
1.974097268615000011e+00,0.000000000000000000e+00
1.974297268614999989e+00,0.000000000000000000e+00
1.974497268615000189e+00,0.000000000000000000e+00
1.974697268614999945e+00,0.000000000000000000e+00
1.974897268615000145e+00,0.000000000000000000e+00
1.975097268614999901e+00,0.000000000000000000e+00
1.975297268615000101e+00,0.000000000000000000e+00
1.975497268615000079e+00,0.000000000000000000e+00
1.975697268615000057e+00,0.000000000000000000e+00
1.975897268615000035e+00,0.000000000000000000e+00
1.976097268615000013e+00,0.000000000000000000e+00
1.976297268614999991e+00,0.000000000000000000e+00
1.976497268614999969e+00,0.000000000000000000e+00
1.976697268615000169e+00,0.000000000000000000e+00
1.976897268615000147e+00,0.000000000000000000e+00
1.977097268614999903e+00,0.000000000000000000e+00
1.977297268615000103e+00,0.000000000000000000e+00
1.977497268615000081e+00,0.000000000000000000e+00
1.977697268615000059e+00,0.000000000000000000e+00
1.977897268615000037e+00,0.000000000000000000e+00
1.978097268615000015e+00,0.000000000000000000e+00
1.978297268614999993e+00,0.000000000000000000e+00
1.978497268614999971e+00,0.000000000000000000e+00
1.978697268614999949e+00,0.000000000000000000e+00
1.978897268614999927e+00,0.000000000000000000e+00
1.979097268615000127e+00,0.000000000000000000e+00
1.979297268615000105e+00,0.000000000000000000e+00
1.979497268615000083e+00,0.000000000000000000e+00
1.979697268615000061e+00,0.000000000000000000e+00
1.979897268615000039e+00,0.000000000000000000e+00
1.980097268615000017e+00,0.000000000000000000e+00
1.980297268614999995e+00,0.000000000000000000e+00
1.980497268614999973e+00,0.000000000000000000e+00
1.980697268615000173e+00,0.000000000000000000e+00
1.980897268614999929e+00,0.000000000000000000e+00
1.981097268614999907e+00,0.000000000000000000e+00
1.981297268615000107e+00,0.000000000000000000e+00
1.981497268615000085e+00,0.000000000000000000e+00
1.981697268615000063e+00,0.000000000000000000e+00
1.981897268615000041e+00,0.000000000000000000e+00
1.982097268615000019e+00,0.000000000000000000e+00
1.982297268614999997e+00,0.000000000000000000e+00
1.982497268614999975e+00,0.000000000000000000e+00
1.982697268615000175e+00,0.000000000000000000e+00
1.982897268614999930e+00,0.000000000000000000e+00
1.983097268615000131e+00,0.000000000000000000e+00
1.983297268615000108e+00,0.000000000000000000e+00
1.983497268615000086e+00,0.000000000000000000e+00
1.983697268615000064e+00,0.000000000000000000e+00
1.983897268615000042e+00,0.000000000000000000e+00
1.984097268615000020e+00,0.000000000000000000e+00
1.984297268614999998e+00,0.000000000000000000e+00
1.984497268614999976e+00,0.000000000000000000e+00
1.984697268614999954e+00,0.000000000000000000e+00
1.984897268614999932e+00,0.000000000000000000e+00
1.985097268614999910e+00,0.000000000000000000e+00
1.985297268615000110e+00,0.000000000000000000e+00
1.985497268615000088e+00,0.000000000000000000e+00
1.985697268615000066e+00,0.000000000000000000e+00
1.985897268615000044e+00,0.000000000000000000e+00
1.986097268615000022e+00,0.000000000000000000e+00
1.986297268615000000e+00,0.000000000000000000e+00
1.986497268615000200e+00,0.000000000000000000e+00
1.986697268614999956e+00,0.000000000000000000e+00
1.986897268615000156e+00,0.000000000000000000e+00
1.987097268614999912e+00,0.000000000000000000e+00
1.987297268615000112e+00,0.000000000000000000e+00
1.987497268615000090e+00,0.000000000000000000e+00
1.987697268615000068e+00,0.000000000000000000e+00
1.987897268615000046e+00,0.000000000000000000e+00
1.988097268615000024e+00,0.000000000000000000e+00
1.988297268615000002e+00,0.000000000000000000e+00
1.988497268615000202e+00,0.000000000000000000e+00
1.988697268614999958e+00,0.000000000000000000e+00
1.988897268614999936e+00,0.000000000000000000e+00
1.989097268614999914e+00,0.000000000000000000e+00
1.989297268614999892e+00,0.000000000000000000e+00
1.989497268615000092e+00,0.000000000000000000e+00
1.989697268615000070e+00,0.000000000000000000e+00
1.989897268615000048e+00,0.000000000000000000e+00
1.990097268589499979e+00,0.000000000000000000e+00
1.990297268589500179e+00,0.000000000000000000e+00
1.990497268589499935e+00,0.000000000000000000e+00
1.990697268589500135e+00,0.000000000000000000e+00
1.990897268589499891e+00,0.000000000000000000e+00
1.991097268589500091e+00,0.000000000000000000e+00
1.991297268589500069e+00,0.000000000000000000e+00
1.991497268589500047e+00,0.000000000000000000e+00
1.991697268589500025e+00,0.000000000000000000e+00
1.991897268589500003e+00,0.000000000000000000e+00
1.992097268589499981e+00,0.000000000000000000e+00
1.992297268589500181e+00,0.000000000000000000e+00
1.992497268589500159e+00,0.000000000000000000e+00
1.992697268589500137e+00,0.000000000000000000e+00
1.992897268589500115e+00,0.000000000000000000e+00
1.993097268589500093e+00,0.000000000000000000e+00
1.993297268589500071e+00,0.000000000000000000e+00
1.993497268589500049e+00,0.000000000000000000e+00
1.993697268589500027e+00,0.000000000000000000e+00
1.993897268589500005e+00,0.000000000000000000e+00
1.994097268589499983e+00,0.000000000000000000e+00
1.994297268589499961e+00,0.000000000000000000e+00
1.994497268589499939e+00,0.000000000000000000e+00
1.994697268589499917e+00,0.000000000000000000e+00
1.994897268589499895e+00,0.000000000000000000e+00
1.995097268589500095e+00,0.000000000000000000e+00
1.995297268589500073e+00,0.000000000000000000e+00
1.995497268589500051e+00,0.000000000000000000e+00
1.995697268589500029e+00,0.000000000000000000e+00
1.995897268589500007e+00,0.000000000000000000e+00
1.996097268589499985e+00,0.000000000000000000e+00
1.996297268589500185e+00,0.000000000000000000e+00
1.996497268589500163e+00,0.000000000000000000e+00
1.996697268589500140e+00,0.000000000000000000e+00
1.996897268589499896e+00,0.000000000000000000e+00
1.997097268589500096e+00,0.000000000000000000e+00
1.997297268589500074e+00,0.000000000000000000e+00
1.997497268589500052e+00,0.000000000000000000e+00
1.997697268589500030e+00,0.000000000000000000e+00
1.997897268589500008e+00,0.000000000000000000e+00
1.998097268589500208e+00,0.000000000000000000e+00
1.998297268589500186e+00,0.000000000000000000e+00
1.998497268589500164e+00,0.000000000000000000e+00
1.998697268589499920e+00,0.000000000000000000e+00
1.998897268589499898e+00,0.000000000000000000e+00
1.999097268591299992e+00,0.000000000000000000e+00
1.999297268591299970e+00,0.000000000000000000e+00
1.999497268591300170e+00,0.000000000000000000e+00
1.999697268591299926e+00,0.000000000000000000e+00
1.999897268591139143e+00,0.000000000000000000e+00
2.000097268591341404e+00,0.000000000000000000e+00
