x,result_minus_fin2ual_plus_offset
0.19590120233333352,-0.018267413614575616
0.19610120233333195,-0.018295856892821923
0.19630120233333193,-0.018324354179090854
0.1965012023333328,-0.01835290559742965
0.1967012023333332,-0.0183815112722488
0.19690120233333208,-0.018410171328322934
0.19710120233333472,-0.018438885890792456
0.1973012023333336,-0.01846765508516149
0.1975012023333349,-0.018496479037302352
0.1977012023333331,-0.018525357873452556
0.19790120233333197,-0.018554291720218476
0.19810120233333284,-0.018583280704574233
0.19830120233333237,-0.018612324953861913
0.19850120233333435,-0.018641424595793814
0.198701202333333,-0.018670579758450528
0.19890120233333408,-0.018699790570284428
0.19910120233333406,-0.018729057160117076
0.19930120233333515,-0.018758379657141812
0.1995012023333329,-0.018787758190922266
0.199701202333332,-0.018817192891394992
0.1999012023333333,-0.018846683888867826
0.20010120233333217,-0.01887623131401986
0.20030120233333393,-0.018905835297903947
0.20050120233333235,-0.01893549597194361
0.20070120233333433,-0.01896521346793683
0.2009012023333343,-0.018994987918052347
0.20110120233333384,-0.019024819454832476
0.20130120233333249,-0.019054708211191825
0.20150120233333157,-0.019084654320417713
0.2017012023333331,-0.01911465791616991
0.20190120233333309,-0.019144719132479424
0.20210120233333484,-0.01917483810375032
0.20230120233333304,-0.019205014964756986
0.2025012023333348,-0.019235249850647018
0.20270120233333344,-0.01926554289693684
0.2029012023333332,-0.019295894239515048
0.2031012023333325,-0.01932630401463932
0.2033012023333325,-0.0193567723589372
0.20350120233333358,-0.01938729940940498
0.2037012023333329,-0.019417885303406553
0.2039012023333342,-0.019448530178674296
0.2041012023333333,-0.019479234173305986
0.2043012023333357,-0.01950999742576667
0.2045012023333337,-0.019540820074884224
0.20470120233333278,-0.019571702259852435
0.2049012023333323,-0.019602644120226966
0.20510120233333273,-0.01963364579592536
0.2053012023333345,-0.019664707427225675
0.2055012023333329,-0.019695829154764432
0.20570120233333422,-0.0197270111195378
0.2059012023333333,-0.019758253462896697
0.20610120233333484,-0.019789556326548628
0.20630120233333238,-0.01982091985255286
0.2065012023333319,-0.019852344183322518
0.20670120233333278,-0.01988382946161983
0.2069012023333323,-0.019915375830555103
0.20710120233333407,-0.019946983433586175
0.2073012023333327,-0.019978652414514034
0.20750120233333447,-0.020010382917484058
0.20770120233333378,-0.020042175086980203
0.20790120233333487,-0.020074029067826217
0.20810120233333307,-0.020105945005180363
0.2083012023333315,-0.020137923044535745
0.2085012023333337,-0.020169963331716632
0.2087012023333319,-0.02020206601287403
0.2089012023333341,-0.02023423123448738
0.2091012023333323,-0.020266459143356712
0.2093012023333345,-0.020298749886604933
0.20950120233333402,-0.020331103611669964
0.20970120233333356,-0.020363520466305567
0.20990120233333265,-0.020396000598576214
0.21010120233333152,-0.02042854415685443
0.2103012023333335,-0.02046115128981786
0.2105012023333328,-0.020493822146443862
0.21070120233333456,-0.020526556876009152
0.21090120233333232,-0.02055935562808252
0.2111012023333354,-0.02059221855252554
0.21130120233333405,-0.02062514579948293
0.2115012023333327,-0.020658137519384046
0.21170120233333245,-0.02069119386293591
0.2119012023333331,-0.020724314981119287
0.2121012023333333,-0.020757501025184394
0.21230120233333238,-0.0207907521466467
0.21250120233333392,-0.020824068497283008
0.21270120233333278,-0.020857450229124525
0.21290120233333476,-0.020890897494455354
0.21310120233333274,-0.020924410445803555
0.2133012023333325,-0.020957989235940354
0.2135012023333327,-0.02099163401787161
0.2137012023333329,-0.02102534494483386
0.21390120233333398,-0.021059122170288824
0.21410120233333307,-0.021092965847917033
0.21430120233333394,-0.02112687613161382
0.2145012023333337,-0.021160853175481165
0.21470120233333478,-0.0211948971338238
0.21490120233333343,-0.02122900816114099
0.21510120233333208,-0.021263186412122423
0.21530120233333339,-0.021297432041640744
0.21550120233333203,-0.021331745204743558
0.21570120233333423,-0.02136612605665002
0.21590120233333288,-0.021400574752739758
0.21610120233333419,-0.02143509144855037
0.21630120233333394,-0.02146967629976616
0.21650120233333392,-0.021504329462213666
0.2167012023333328,-0.021539051091852574
0.2169012023333321,-0.021573841344769123
0.21710120233333363,-0.02160870037716784
0.2173012023333325,-0.02164362834536237
0.21750120233333448,-0.021678625405770376
0.2177012023333329,-0.021713691714901222
0.21790120233333488,-0.021748827429352073
0.21810120233333352,-0.021784032705794446
0.21830120233333328,-0.02181930770096984
0.21850120233333237,-0.021854652571677697
0.21870120233333257,-0.02189006747476798
0.21890120233333343,-0.02192555256713085
0.2191012023333323,-0.021961108005687187
0.21930120233333472,-0.02199673394738076
0.2195012023333327,-0.02203243054916455
0.21970120233333557,-0.02206819796799617
0.21990120233333377,-0.02210403636082127
0.2201012023333333,-0.022139945884569225
0.22030120233333217,-0.022175926696138406
0.22050120233333237,-0.022211978952387537
0.2207012023333339,-0.022248102810123665
0.22090120233333232,-0.022284298426090567
0.22110120233333408,-0.022320565956960182
0.22130120233333295,-0.022356905559316843
0.22150120233333448,-0.02239331738964993
0.22170120233333312,-0.022429801604337815
0.22190120233333288,-0.022466358359639487
0.2221012023333333,-0.02250298781167967
0.22230120233333261,-0.022539690116436834
0.22250120233333393,-0.022576465429731657
0.22270120233333301,-0.022613313907211753
0.2229012023333341,-0.022650235704341493
0.22310120233333408,-0.022687230976385666
0.2233012023333345,-0.022724299878398194
0.22350120233333315,-0.022761442565206694
0.2237012023333318,-0.022798659191399992
0.22390120233333355,-0.022835949911313366
0.2241012023333322,-0.022873314879012126
0.2243012023333344,-0.0229107542482811
0.2245012023333326,-0.022948268172604702
0.2247012023333339,-0.02298585680515719
0.22490120233333366,-0.02302352029878245
0.2251012023333332,-0.023061258805981706
0.2253012023333325,-0.023099072478896414
0.2255012023333316,-0.02313696146929245
0.22570120233333424,-0.02317492592854464
0.22590120233333288,-0.023212966007617367
0.22610120233333486,-0.023251081857052863
0.2263012023333324,-0.023289273626948555
0.22650120233333504,-0.023327541466946065
0.22670120233333368,-0.023365885526206907
0.22690120233333277,-0.023404305953401008
0.2271012023333323,-0.023442802896685336
0.22730120233333317,-0.023481376503686775
0.2275012023333336,-0.023520026921483094
0.22770120233333224,-0.023558754296584848
0.22790120233333444,-0.023597558774917756
0.2281012023333331,-0.023636440501799805
0.22830120233333484,-0.023675399621927044
0.22850120233333304,-0.02371443627934859
0.2287012023333319,-0.023753550617451522
0.22890120233333322,-0.023792742778938118
0.22910120233333342,-0.023832012905804938
0.22930120233333384,-0.02387136113932408
0.2295012023333327,-0.02391078762002082
0.22970120233333402,-0.023950292487654096
0.2299012023333331,-0.023989875881192335
0.23010120233333442,-0.024029537938795184
0.2303012023333333,-0.02406927879778799
0.23050120233333216,-0.024109098594642865
0.2307012023333337,-0.02414899746495474
0.23090120233333278,-0.024188975543417077
0.2311012023333341,-0.024229032963802424
0.2313012023333323,-0.024269169858935073
0.2315012023333345,-0.02430938636067209
0.23170120233333402,-0.024349682599874238
0.23190120233333378,-0.024390058706386553
0.23210120233333287,-0.024430514809011313
0.23230120233333196,-0.0244710510354845
0.23250120233333416,-0.024511667512451103
0.2327012023333328,-0.024552364365437406
0.2329012023333339,-0.024593141718830144
0.23310120233333276,-0.024633999695846044
0.23330120233333407,-0.024674938418509852
0.23350120233333382,-0.024715958007624453
0.23370120233333247,-0.024757058582746932
0.23390120233333245,-0.024798240262161278
0.23410120233333265,-0.02483950316285014
0.2343012023333335,-0.02488084740046846
0.2345012023333326,-0.024922273089314943
0.23470120233333436,-0.024963780342306063
0.234901202333333,-0.025005369270944343
0.23510120233333476,-0.02504703998529443
0.23530120233333296,-0.025088792593949135
0.23550120233333294,-0.025130627204005555
0.2357012023333327,-0.025172543921031694
0.2359012023333329,-0.02521454284903886
0.23610120233333376,-0.025256624090451183
0.2363012023333324,-0.025298787746074775
0.2365012023333335,-0.025341033915069526
0.2367012023333328,-0.02538336269491488
0.23690120233333456,-0.02542577418138244
0.23710120233333298,-0.025468268468500675
0.23730120233333274,-0.025510845648527743
0.23750120233333294,-0.02555350581191612
0.2377012023333327,-0.025596249047281604
0.237901202333334,-0.025639075441371516
0.23810120233333287,-0.025681985079029985
0.23830120233333418,-0.025724978043168187
0.2385012023333335,-0.025768054414727043
0.23870120233333458,-0.025811214272647494
0.23890120233333323,-0.025854457693833027
0.2391012023333321,-0.025897784753118824
0.23930120233333407,-0.025941195523235865
0.2395012023333325,-0.02598469007477409
0.23970120233333447,-0.02602826847615245
0.23990120233333223,-0.02607193079357744
0.24010120233333443,-0.026115677091014398
0.24030120233333352,-0.026159507430144467
0.2405012023333335,-0.026203421870334663
0.24070120233333236,-0.026247420468597613
0.2409012023333319,-0.026291503279557038
0.2411012023333341,-0.026335670355410117
0.24130120233333296,-0.026379921745888373
0.2415012023333345,-0.026424257498224746
0.24170120233333292,-0.026468677657110497
0.2419012023333349,-0.02651318226466265
0.24210120233333376,-0.026557771360379952
0.24230120233333352,-0.026602444981109703
0.24250120233333283,-0.02664720316100536
0.24270120233333303,-0.0266920459314893
0.2429012023333339,-0.026736973321212533
0.2431012023333332,-0.026781985356015017
0.2433012023333343,-0.026827082058887477
0.24350120233333317,-0.026872263449928477
0.24370120233333448,-0.02691752954630762
0.2439012023333329,-0.026962880362220724
0.24410120233333288,-0.0270083159088535
0.24430120233333308,-0.027053836194336805
0.24450120233333328,-0.027099441223706954
0.24470120233333437,-0.02714513099886409
0.24490120233333257,-0.027190905518528964
0.24510120233333432,-0.027236764778204352
0.2453012023333334,-0.02728270877012742
0.24550120233333406,-0.027328737483232498
0.2457012023333327,-0.02737485090310406
0.24590120233333201,-0.02742104901193697
0.24610120233333377,-0.027467331788491582
0.24630120233333241,-0.027513699208048744
0.24650120233333417,-0.02756015124237053
0.2467012023333326,-0.027606687859650654
0.2469012023333339,-0.027653309024476224
0.2471012023333341,-0.02770001469777806
0.2473012023333343,-0.027746804836789644
0.24750120233333295,-0.02779367939500063
0.2477012023333316,-0.027840638322113115
0.24790120233333401,-0.027887681563996323
0.24810120233333288,-0.027934809062638035
0.24830120233333397,-0.027982020756104748
0.24850120233333284,-0.02802931657849036
0.24870120233333437,-0.0280766964598749
0.24890120233333368,-0.0281241603262738
0.24910120233333233,-0.028171708099595398
0.2493012023333332,-0.028219339697593316
0.2495012023333325,-0.028267055033817788
0.2497012023333336,-0.028314854017572118
0.2499012023333329,-0.028362736553862348
0.25010120233333444,-0.028410702543353535
0.2503012023333333,-0.028458751882318434
0.25050120233333484,-0.028506884462594653
0.2507012023333337,-0.02855510017153197
0.2509012023333326,-0.028603398891949055
0.25110120233333233,-0.02865178050208319
0.251301202333333,-0.028700244875542416
0.25150120233333384,-0.028748791881257424
0.25170120233333293,-0.02879742138343307
0.2519012023333338,-0.028846133241501603
0.2521012023333331,-0.0288949273100711
0.25230120233333464,-0.02894380343888021
0.25250120233333284,-0.028992761472745363
0.2527012023333324,-0.029041801251516716
0.252901202333333,-0.02909092261002544
0.2531012023333332,-0.029140125378035574
0.2533012023333341,-0.02918940938019583
0.2535012023333332,-0.02923877443598888
0.2537012023333338,-0.029288220359684314
0.2539012023333336,-0.029337746960286473
0.2541012023333349,-0.029387354041487634
0.25430120233333287,-0.0294370414016155
0.25450120233333196,-0.02948680883358777
0.2547012023333344,-0.029536656124859766
0.2549012023333326,-0.02958658305737287
0.2551012023333341,-0.029636589407511068
0.2553012023333323,-0.029686674946043993
0.2555012023333345,-0.029736839438084285
0.2557012023333345,-0.02978708264303094
0.2559012023333336,-0.0298374043145249
0.2561012023333329,-0.029887804200397414
0.2563012023333322,-0.029938282042619998
0.2565012023333342,-0.02998883757725585
0.2567012023333328,-0.030039470534407205
0.2569012023333339,-0.030090180638170906
0.257101202333333,-0.03014096760658317
0.2573012023333343,-0.030191831151574845
0.25750120233333407,-0.030242770978917595
0.25770120233333316,-0.030293786788177724
0.2579012023333329,-0.030344878272665653
0.2581012023333329,-0.030396045119385984
0.25830120233333376,-0.03044728700898909
0.25850120233333307,-0.03049860361572075
0.2587012023333335,-0.03054999460737524
0.2589012023333337,-0.030601459645244026
0.2591012023333352,-0.03065299838406863
0.2593012023333332,-0.030704610471989528
0.2595012023333323,-0.03075629555050164
0.2597012023333327,-0.030808053254402265
0.2599012023333329,-0.03085988321174334
0.260101202333334,-0.030911785043784508
0.2603012023333331,-0.030963758364943302
0.26050120233333396,-0.031015802782750086
0.2607012023333335,-0.031067917897796834
0.2609012023333339,-0.031120103303692824
0.26110120233333234,-0.031172358587014577
0.26130120233333165,-0.031224683327261672
0.2615012023333334,-0.031277077096807986
0.26170120233333294,-0.03132953946085373
0.26190120233333425,-0.031382069977382916
0.2621012023333329,-0.031434668197112714
0.26230120233333465,-0.03148733366345242
0.26250120233333396,-0.03154006591245207
0.26270120233333416,-0.0315928644727624
0.26290120233333303,-0.031645728865585906
0.2631012023333317,-0.0316986586046343
0.26330120233333365,-0.03175165319608383
0.26350120233333274,-0.031804712138527744
0.26370120233333405,-0.03185783492293796
0.2639012023333327,-0.03191102103261588
0.264101202333334,-0.03196426994315449
0.264301202333334,-0.03201758112239025
0.2645012023333331,-0.032070954030364245
0.26470120233333283,-0.03212438811927912
0.2649012023333319,-0.03217788283345628
0.2651012023333337,-0.03223143760929641
0.265301202333333,-0.03228505187523508
0.2655012023333341,-0.032338725051706874
0.2657012023333334,-0.032392456551100644
0.2659012023333345,-0.0324462457777238
0.2661012023333338,-0.03250009212775928
0.26630120233333243,-0.032553994989229736
0.26650120233333263,-0.032607953741958365
0.26670120233333283,-0.032661967757529706
0.26690120233333303,-0.03271603639925363
0.2671012023333328,-0.03277015902212796
0.2673012023333341,-0.03282433497280289
0.2675012023333332,-0.0328785635895429
0.26770120233333383,-0.03293284420219508
0.2679012023333325,-0.032987176132150305
0.268101202333332,-0.03304155869231282
0.2683012023333329,-0.033095991187064105
0.2685012023333335,-0.03315047291223007
0.2687012023333335,-0.03320500315504937
0.2689012023333337,-0.03325958119414168
0.2691012023333337,-0.03331420629947563
0.2693012023333341,-0.03336887773233902
0.2695012023333341,-0.03342359474530805
0.2697012023333327,-0.033478356582218476
0.2699012023333325,-0.03353316247813794
0.270101202333334,-0.0335880116593365
0.2703012023333331,-0.0336429033432587
0.27050120233333397,-0.033697836738500506
0.2707012023333326,-0.033752811044779014
0.2709012023333337,-0.033807825452911965
0.2711012023333339,-0.03386287914478877
0.2713012023333332,-0.03391797129335008
0.27150120233333275,-0.03397310106256429
0.2717012023333325,-0.034028267607404926
0.2719012023333345,-0.034083470073830176
0.27210120233333357,-0.03413870759876005
0.27230120233333355,-0.03419397931006102
0.27250120233333286,-0.034249284326523396
0.27270120233333395,-0.03430462175784594
0.2729012023333337,-0.03435999070461605
0.273101202333333,-0.034415390258296374
0.2733012023333323,-0.03447081950120801
0.2735012023333332,-0.034526277506516705
0.2737012023333336,-0.03458176333821787
0.27390120233333315,-0.034637276051125626
0.2741012023333331,-0.034692814690860926
0.27430120233333355,-0.03474837829384024
0.2745012023333344,-0.034803965887265996
0.2747012023333333,-0.03485957648911732
0.27490120233333304,-0.034915209108144246
0.2751012023333328,-0.034970862743858536
0.27530120233333344,-0.035026536386529486
0.2755012023333341,-0.035082229017178196
0.27570120233333295,-0.03513793960757411
0.2759012023333336,-0.03519366712023424
0.27610120233333335,-0.03524941050841833
0.27630120233333355,-0.03530516871613137
0.27650120233333264,-0.03536094067812222
0.2767012023333324,-0.03541672531988717
0.2769012023333337,-0.035472521557671714
0.2771012023333328,-0.0355283282984734
0.2773012023333341,-0.03558414444005082
0.277501202333333,-0.035639968870925
0.2777012023333334,-0.03569580047039192
0.2779012023333336,-0.0357516381085273
0.2781012023333338,-0.035807480646198715
0.2783012023333329,-0.03586332693507581
0.278501202333332,-0.03591917581764373
0.2787012023333335,-0.03597502612721653
0.2789012023333337,-0.0360308766879501
0.2791012023333337,-0.036086726314861296
0.2793012023333332,-0.03614257381384394
0.2795012023333334,-0.03619841798168817
0.27970120233333384,-0.03625425760609992
0.27990120233333293,-0.03631009146572243
0.2801012023333329,-0.036365918330160424
0.2803012023333322,-0.03642173696000229
0.280501202333334,-0.03647754610684778
0.2807012023333335,-0.036533344513331706
0.2809012023333337,-0.03658913091315638
0.281101202333333,-0.0366449040311181
0.2813012023333341,-0.03670066258314078
0.2815012023333341,-0.036756405276305706
0.28170120233333296,-0.036812130808888156
0.28190120233333316,-0.03686783787039268
0.2821012023333336,-0.036923525141588524
0.28230120233333356,-0.036979191294549206
0.2825012023333331,-0.0370348349926927
0.28270120233333307,-0.03709045489082296
0.2829012023333335,-0.03714604963517253
0.2831012023333339,-0.03720161786344738
0.28330120233333256,-0.03725715820487269
0.28350120233333276,-0.03731266928024259
0.2837012023333334,-0.03736814970196669
0.2839012023333338,-0.037423598074122516
0.284101202333334,-0.03747901299250803
0.28430120233333356,-0.0375343930446956
0.2845012023333331,-0.037589736810088197
0.2847012023333335,-0.03764504285997661
0.2849012023333335,-0.037700309757597916
0.28510120233333325,-0.03775553605819742
0.28530120233333256,-0.037810720309090384
0.28550120233333365,-0.037865861049727265
0.28570120233333296,-0.03792095681175719
0.2859012023333336,-0.037976006119099036
0.28610120233333314,-0.03803100748800749
0.2863012023333331,-0.03808595942714671
0.2865012023333342,-0.03814086043766185
0.28670120233333285,-0.03819570901325289
0.2869012023333326,-0.03825050364025405
0.2871012023333328,-0.03830524279770889
0.28730120233333434,-0.03835992495745203
0.28750120233333365,-0.03841454858418916
0.2877012023333332,-0.038469112135583794
0.2879012023333334,-0.03852361406234031
0.2881012023333336,-0.03857805280829174
0.2883012023333331,-0.03863242681048926
0.2885012023333329,-0.038686734499293586
0.28870120233333263,-0.03874097429846728
0.2889012023333335,-0.038795144625270304
0.28910120233333325,-0.038849243890555434
0.2893012023333339,-0.038903270498869005
0.28950120233333343,-0.038957222848549224
0.28970120233333363,-0.03901109933183097
0.28990120233333383,-0.0390648983349483
0.29010120233333314,-0.03911861823824169
0.2903012023333331,-0.03917225741626702
0.2905012023333329,-0.03922581423790471
0.2907012023333335,-0.039279287066473045
0.2909012023333335,-0.039332674259841396
0.2911012023333337,-0.03938597417054792
0.2913012023333328,-0.03943918514591652
0.291501202333333,-0.03949230552817877
0.29170120233333363,-0.039545333654594554
0.29190120233333317,-0.039598267857577
0.2921012023333329,-0.03965110646481994
0.2923012023333331,-0.039703847799425186
0.2925012023333331,-0.039756490180033285
0.2927012023333342,-0.03980903192095682
0.2929012023333335,-0.0398614713323134
0.29310120233333303,-0.039913806720164806
0.2933012023333337,-0.03996603638665423
0.2935012023333341,-0.04001815863014699
0.2937012023333332,-0.040070171745374056
0.2939012023333327,-0.04012207402357797
0.29410120233333337,-0.04017386375265891
0.2943012023333331,-0.04022553921732381
0.2945012023333331,-0.040277098699239136
0.2947012023333331,-0.040328540477183414
0.2949012023333333,-0.04037986282720346
0.2951012023333337,-0.04043106402277201
0.295301202333333,-0.04048214233494742
0.2955012023333323,-0.040533096032536915
0.29570120233333275,-0.04058392338226012
0.29590120233333406,-0.04063462264891522
0.29610120233333403,-0.04068519209554755
0.2963012023333338,-0.040735629983621624
0.2965012023333329,-0.04078593457319278
0.2967012023333335,-0.04083610412308358
0.29690120233333395,-0.04088613689105926
0.29710120233333326,-0.04093603113400854
0.2973012023333328,-0.04098578510812557
0.29750120233333366,-0.04103539706909321
0.2977012023333332,-0.04108486527226819
0.2979012023333334,-0.041134187972871286
0.2981012023333329,-0.041183363426175984
0.2983012023333331,-0.041232389887702316
0.2985012023333342,-0.04128126561341092
0.29870120233333286,-0.041329988859899275
0.2989012023333326,-0.041378557884603526
0.29910120233333304,-0.041426970945997184
0.2993012023333339,-0.04147522630379564
0.2995012023333341,-0.041523322219161704
0.2997012023333332,-0.041571256954913975
0.29990120233333295,-0.04161902877573724
0.3001012023333338,-0.041666635948394155
0.3003012023333336,-0.04171407674193909
0.3005012023333331,-0.04176134942793665
0.30070120233333264,-0.04180845228067932
0.3009012023333335,-0.041855383577409186
0.3011012023333337,-0.04190214159853999
0.3013012023333339,-0.04194872462788414
0.3015012023333332,-0.0419951309528792
0.3017012023333332,-0.04204135886481871
0.3019012023333345,-0.042087406659083296
0.30210120233333315,-0.04213327263537396
0.30230120233333313,-0.042178955097951304
0.3025012023333329,-0.04222445235587084
0.30270120233333375,-0.042269762723225524
0.30290120233333395,-0.0423148845193871
0.30310120233333326,-0.04235981606925212
0.303301202333333,-0.04240455570348887
0.30350120233333344,-0.04244910175878598
0.30370120233333364,-0.04249345257810366
0.30390120233333273,-0.042537606510927466
0.30410120233333293,-0.042581561913524246
0.30430120233333313,-0.04262531714919855
0.3045012023333331,-0.042668870588553176
0.30470120233333375,-0.04271222060975094
0.3049012023333333,-0.04275536559877778
0.3051012023333337,-0.042798303949710126
0.3053012023333337,-0.04284103406498131
0.30550120233333367,-0.04288355435565262
0.3057012023333332,-0.042925863241685014
0.3059012023333323,-0.04296795915221337
0.3061012023333336,-0.043009840525823156
0.3063012023333336,-0.04305150581082666
0.30650120233333356,-0.04309295346554554
0.3067012023333331,-0.04313418195859155
0.3069012023333333,-0.043175189769151356
0.30710120233333393,-0.04321597538727197
0.30730120233333325,-0.04325653731414877
0.3075012023333328,-0.043296874062416495
0.30770120233333276,-0.04333698415644018
0.3079012023333334,-0.04337686613260931
0.30810120233333405,-0.04341651853963312
0.30830120233333336,-0.043455939938838534
0.3085012023333329,-0.04349512890447018
0.308701202333334,-0.043534084023991074
0.3089012023333335,-0.0435728038983851
0.30910120233333305,-0.043611287142463595
0.3093012023333326,-0.04364953238517108
0.30950120233333345,-0.04368753826989436
0.3097012023333334,-0.043725303454771894
0.3099012023333332,-0.043762826613007275
0.3101012023333327,-0.04380010643318229
0.3103012023333336,-0.04383714161957303
0.310501202333334,-0.04387393089246622
0.3107012023333331,-0.04391047298847896
0.3109012023333326,-0.04394676666087982
0.31110120233333305,-0.043982810679910236
0.3113012023333339,-0.04401860383310863
0.3115012023333339,-0.044054144925635905
0.3117012023333334,-0.044089432780603066
0.3119012023333332,-0.044124466239399626
0.3121012023333338,-0.04415924416202386
0.3123012023333338,-0.04419376542741399
0.3125012023333331,-0.044228028933782415
0.3127012023333329,-0.044262033598950076
0.3129012023333335,-0.04429577836068251
0.3131012023333335,-0.04432926217702732
0.3133012023333337,-0.04436248402665377
0.313501202333333,-0.04439544290919269
0.3137012023333332,-0.04442813784557904
0.3139012023333341,-0.04446056787839411
0.31410120233333294,-0.04449273207221012
0.3143012023333327,-0.044524629513937125
0.3145012023333329,-0.044556259313168575
0.31470120233333376,-0.04458762060253028
0.3149012023333335,-0.04461871253802949
0.3151012023333333,-0.04464953429940613
0.3153012023333328,-0.0446800850904841
0.3155012023333337,-0.0447103641395246
0.31570120233333365,-0.044740370699579424
0.31590120233333274,-0.04477010404884678
0.3161012023333325,-0.04479956349102755
0.31630120233333336,-0.044828748355681944
0.3165012023333331,-0.04485765799858743
0.31670120233333354,-0.044886291802098854
0.3169012023333331,-0.04491464917550729
0.3171012023333333,-0.04494272955540221
0.3173012023333339,-0.04497053240603213
0.3175012023333337,-0.04499805721966784
0.31770120233333343,-0.04502530351696581
0.3179012023333323,-0.04505227084733228
0.3181012023333336,-0.045078958789288665
0.3183012023333336,-0.045105366950835904
0.3185012023333331,-0.04513149496982233
0.3187012023333329,-0.04515734251430985
0.3189012023333333,-0.045182909282941705
0.3191012023333335,-0.04520819500531024
0.31930120233333326,-0.045233199442326025
0.31950120233333323,-0.04525792238658703
0.319701202333333,-0.04528236366274789
0.3199012023333332,-0.045306523127890456
0.32010120233333383,-0.04533040067189387
0.32030120233333337,-0.045353996217805365
0.3205012023333331,-0.04537730972221194
0.320701202333334,-0.04540034117561149
0.32090120233333397,-0.04542309060278405
0.32110120233333306,-0.04544555806316439
0.3213012023333328,-0.04546774365121393
0.3215012023333337,-0.045489647496792816
0.3217012023333332,-0.045511269765531784
0.3219012023333332,-0.04553261065920558
0.32210120233333295,-0.04555367041610444
0.32230120233333337,-0.04557444931140679
0.32250120233333357,-0.045594947657551545
0.3227012023333331,-0.04561516580461017
0.3229012023333324,-0.045635104140658925
0.32310120233333284,-0.04565476309215083
0.3233012023333339,-0.04567414312428687
0.3235012023333339,-0.04569324474138761
0.32370120233333344,-0.04571206848726451
0.32390120233333275,-0.04573061494559036
0.32410120233333384,-0.04574888474026996
0.32430120233333404,-0.04576687853580934
0.3245012023333329,-0.04578459703768582
0.3247012023333329,-0.045802040992716946
0.32490120233333397,-0.04581921118942853
0.3251012023333333,-0.045836108458422065
0.32530120233333326,-0.045852733672742785
0.3255012023333328,-0.04586908774824517
0.3257012023333332,-0.04588517164395909
0.3259012023333341,-0.04590098636245441
0.32610120233333295,-0.04591653295020494
0.3263012023333327,-0.04593181249795215
0.32650120233333313,-0.045946826141066766
0.326701202333334,-0.045961575059910414
0.326901202333334,-0.04597606048019555
0.3271012023333333,-0.04599028367334511
0.3273012023333328,-0.04600424595685025
0.3275012023333339,-0.04601794869462754
0.32770120233333344,-0.046031393297374164
0.3279012023333332,-0.04604458122292322
0.32810120233333273,-0.046057513976596215
0.3283012023333336,-0.04607019311155544
0.3285012023333336,-0.046082620229153756
0.32870120233333355,-0.04609479697928439
0.3289012023333331,-0.046106725060727854
0.32910120233333306,-0.046118406221498355
0.32930120233333415,-0.046129842259187995
0.3295012023333337,-0.04614103502130923
0.32970120233333344,-0.04615198640563678
0.3299012023333323,-0.04616269836054615
0.33010120233333407,-0.04617317288535178
0.33030120233333404,-0.04618341203064218
0.33050120233333313,-0.046193417898614336
0.3307012023333329,-0.04620319264340556
0.3309012023333333,-0.046212738471423084
0.3311012023333335,-0.046222057641672226
0.3313012023333326,-0.046231152466082025
0.3315012023333328,-0.04624002530982933
0.3317012023333332,-0.046248678591659764
0.3319012023333334,-0.04625711478420721
0.33210120233333384,-0.04626533641431087
0.3323012023333334,-0.04627334606332971
0.33250120233333336,-0.046281146367454964
0.3327012023333338,-0.04628874001801956
0.33290120233333376,-0.04629612976180574
0.3331012023333333,-0.04630331840134957
0.3333012023333326,-0.04631030879524333
0.3335012023333337,-0.04631710385843481
0.33370120233333367,-0.046323706562524235
0.3339012023333334,-0.04633011993605824
0.33410120233333296,-0.046336347064821135
0.33430120233333294,-0.04634239109212333
0.3345012023333338,-0.04634825521908684
0.3347012023333331,-0.04635394270492758
0.33490120233333287,-0.046359456867235124
0.33510120233333285,-0.04636480108224895
0.3353012023333335,-0.04636997878513185
0.3355012023333339,-0.046374993470239996
0.3357012023333332,-0.04637984869138982
0.33590120233333276,-0.046384548062121875
0.33610120233333407,-0.046389095255960744
0.3363012023333338,-0.04639349400667227
0.33650120233333336,-0.04639774810851686
0.3367012023333329,-0.04640186141649962
0.33690120233333376,-0.046405837846616706
0.3371012023333333,-0.04640968137609812
0.3373012023333335,-0.04641339604364711
0.3375012023333328,-0.046416985949675485
0.337701202333333,-0.046420455256535556
0.3379012023333341,-0.04642380818874793
0.33810120233333274,-0.04642704903322562
0.33830120233333294,-0.04643018213949443
0.33850120233333336,-0.04643321191990901
0.338701202333334,-0.04643614284986512
0.338901202333334,-0.04643897946800768
0.3391012023333335,-0.046441726376435136
0.33930120233333305,-0.046444388240898915
0.3395012023333337,-0.04644696979099948
0.3397012023333337,-0.04644947582037726
0.3399012023333332,-0.046451911186900216
0.34010120233333296,-0.04645428081284604
0.34030120233333383,-0.04645658968508082
0.34050120233333314,-0.046458842855232454
0.3407012023333331,-0.046461045439860224
0.3409012023333329,-0.04646320262061925
0.3411012023333331,-0.04646531964442065
0.34130120233333394,-0.04646740182358683
0.3415012023333328,-0.04646945453600207
0.341701202333333,-0.0464714832252586
0.341901202333333,-0.046473493400797254
0.3421012023333343,-0.04647549063804397
0.3423012023333336,-0.046477480578540724
0.34250120233333314,-0.04647946893007201
0.3427012023333331,-0.04648146146678567
0.34290120233333377,-0.04648346402930944
0.3431012023333333,-0.046485482524861635
0.34330120233333283,-0.04648752292735707
0.3435012023333328,-0.04648959127750759
0.3437012023333337,-0.04649169368291749
0.34390120233333343,-0.046493836318173394
0.34410120233333363,-0.04649602542492907
0.34430120233333317,-0.046498267311984365
0.3445012023333329,-0.04650056835535918
0.344701202333334,-0.046502934998361736
0.34490120233333355,-0.046505373751650904
0.3451012023333335,-0.046507891193293835
0.3453012023333326,-0.0465104939688169
0.3455012023333337,-0.046513188791251936
0.3457012023333337,-0.04651598244117562
0.3459012023333332,-0.04651888176674436
0.34610120233333275,-0.046521893683722115
0.34630120233333317,-0.04652502517550348
0.34650120233333337,-0.04652828329312979
0.3467012023333331,-0.046531675155299976
0.34690120233333355,-0.04653520794837544
0.3471012023333333,-0.04653888892637831
0.3473012023333335,-0.046542725410984
0.3475012023333339,-0.046546724791507926
0.3477012023333337,-0.04655089452488539
0.3479012023333332,-0.04655524213564563
0.3481012023333341,-0.046559775215879784
0.34830120233333384,-0.046564501425202104
0.34850120233333337,-0.046569428490705195
0.3487012023333329,-0.04657456420690892
0.348901202333334,-0.04657991643570242
0.3491012023333333,-0.04658549310628021
0.3493012023333333,-0.04659130221507164
0.34950120233333326,-0.04659735182566367
0.3497012023333337,-0.04660365006871717
0.34990120233333366,-0.04661020514187663
0.350101202333333,-0.046617025309673404
0.35030120233333273,-0.046624118903421954
0.35050120233333293,-0.04663149432110964
0.3507012023333338,-0.04663916002727955
0.350901202333334,-0.04664712455290668
0.35110120233333353,-0.0466553964952677
0.3513012023333326,-0.046663984517802765
0.3515012023333337,-0.046672897349972
0.3517012023333337,-0.046682143787103406
0.351901202333333,-0.04669173269023525
0.352101202333333,-0.04670167298595073
0.35230120233333384,-0.04671197366620569
0.3525012023333334,-0.04672264378814939
0.35270120233333335,-0.04673369247393856
0.3529012023333329,-0.04674512891054359
0.3531012023333331,-0.046756962349548375
0.35330120233333395,-0.046769202106942624
0.3535012023333328,-0.046781857562906745
0.35370120233333324,-0.0467949381615904
0.35390120233333344,-0.04680845341088283
0.3541012023333343,-0.04682241288217648
0.35430120233333384,-0.04683682621012314
0.3545012023333334,-0.04685170309238328
0.3547012023333329,-0.046867053289367244
0.35490120233333355,-0.04688288662396961
0.3551012023333333,-0.0468992129812961
0.3553012023333333,-0.046916042308383185
0.35550120233333304,-0.046933384613909904
0.3557012023333337,-0.046951249967903
0.35590120233333367,-0.04696964850143339
0.35610120233333364,-0.04698859040630658
0.3563012023333332,-0.04700808593474464
0.35650120233333316,-0.04702814539906084
0.3567012023333338,-0.04704877917132707
0.3569012023333329,-0.047069997683033
0.35710120233333287,-0.047091811424739116
0.3573012023333326,-0.04711423094572027
0.35750120233333393,-0.04713726685360344
0.3577012023333339,-0.047160929813996076
0.3579012023333332,-0.047185230550108904
0.35810120233333276,-0.04721017984236967
0.3583012023333334,-0.0472357885280295
0.3585012023333334,-0.047262067500761375
0.35870120233333247,-0.047289027710252084
0.3589012023333329,-0.047316680161785404
0.35910120233333354,-0.04734503591581766
0.3593012023333335,-0.047374106087546095
0.3595012023333335,-0.04740390184646947
0.3597012023333337,-0.04743443441594079
0.35990120233333345,-0.04746571507271194
0.3601012023333341,-0.04749775514647202
0.3603012023333332,-0.047530566019375615
0.3605012023333336,-0.04756415912556633
0.3607012023333329,-0.04759854595068953
0.3609012023333338,-0.04763373803140032
0.36110120233333354,-0.047669746954860724
0.3613012023333333,-0.04770658435823207
0.3615012023333326,-0.047744261928157984
0.3617012023333328,-0.04778279140024011
0.36190120233333367,-0.047822184558505676
0.362101202333333,-0.04786245323486755
0.3623012023333332,-0.04790360930857841
0.36250120233333294,-0.04794566470567323
0.3627012023333336,-0.047988631398408435
0.3629012023333338,-0.04803252140468986
0.3631012023333331,-0.04807734678749537
0.36330120233333285,-0.048123119654289045
0.36350120233333394,-0.04816985215642747
0.3637012023333337,-0.04821755648855733
0.36390120233333323,-0.048266244888008625
0.3641012023333332,-0.048315929634177114
0.36430120233333363,-0.04836662304789999
0.36450120233333316,-0.04841833749082415
0.36470120233333314,-0.04847108536476788
0.3649012023333329,-0.04852487911107263
0.3651012023333331,-0.04857973120994974
0.3653012023333335,-0.048635654179817474
0.3655012023333326,-0.04869266057663163
0.36570120233333236,-0.04875076299320985
0.365901202333333,-0.04880997405854544
0.3661012023333341,-0.04887030643711577
0.3663012023333341,-0.04893177282818277
0.3665012023333336,-0.04899438596508683
0.3667012023333327,-0.04905815861453171
0.36690120233333356,-0.04912310357586401
0.36710120233333354,-0.04918923368034149
0.3673012023333333,-0.04925656179039961
0.36750120233333305,-0.04932510079890633
0.3677012023333339,-0.04939486362841189
0.367901202333333,-0.049465863230388624
0.36810120233333343,-0.04953811258446929
0.3683012023333332,-0.04961162469767008
0.36850120233333317,-0.04968641260361389
0.36870120233333403,-0.04976248936174236
0.3689012023333329,-0.04983986805652005
0.3691012023333331,-0.0499185617966374
0.3693012023333331,-0.04999858371419819
0.36950120233333417,-0.05007994696390719
0.3697012023333337,-0.05016266472224541
0.369901202333333,-0.05024675018664386
0.370101202333333,-0.05033221657464629
0.37030120233333363,-0.05041907712306553
0.37050120233333317,-0.05050734508713356
0.3707012023333329,-0.050597033739647176
0.3709012023333331,-0.050688156370103064
0.37110120233333377,-0.05078072628382765
0.3713012023333335,-0.05087475680110051
0.3715012023333335,-0.050970261256272555
0.37170120233333304,-0.05106725299687431
0.371901202333333,-0.05116574538272118
0.3721012023333343,-0.051265751785009826
0.3723012023333332,-0.051367285585406174
0.3725012023333334,-0.05147036017513652
0.3727012023333327,-0.05157498895405799
0.3729012023333338,-0.051681185329735986
0.37310120233333355,-0.051788962716504176
0.3733012023333331,-0.051898334534528565
0.37350120233333284,-0.052009314208858286
0.37370120233333326,-0.05212191516847273
0.3739012023333337,-0.052236150845321766
0.3741012023333323,-0.052352034673360553
0.37430120233333364,-0.05246958008758289
0.3745012023333336,-0.05258880052303572
0.3747012023333338,-0.052709709413844265
0.37490120233333357,-0.05283232019221916
0.3751012023333331,-0.05295664628746393
0.3753012023333333,-0.05308270112497501
0.3755012023333335,-0.05321049812523454
0.3757012023333337,-0.05334005070280119
0.37590120233333324,-0.0534713722652921
0.3761012023333328,-0.05360447621236266
0.3763012023333341,-0.05373937593467889
0.3765012023333334,-0.05387608481288016
0.37670120233333315,-0.05401461621654962
0.3769012023333329,-0.054154983503164444
0.3771012023333331,-0.05429720001705084
0.37730120233333375,-0.054441279088329256
0.37750120233333284,-0.054587234031855815
0.3777012023333328,-0.054735078146163206
0.3779012023333328,-0.05488482471238754
0.3781012023333341,-0.055036486993199595
0.3783012023333341,-0.05519007823172264
0.3785012023333334,-0.05534561165045622
0.3787012023333327,-0.055503100450186575
0.3789012023333336,-0.0556625578088969
0.37910120233333355,-0.0558239968806674
0.3793012023333331,-0.05598743079458111
0.37950120233333307,-0.05615287265361785
0.37970120233333393,-0.05632033553354526
0.3799012023333337,-0.0564898324818043
0.380101202333333,-0.05666137651639742
0.38030120233333276,-0.056834980624765885
0.3805012023333332,-0.05701065776266459
0.3807012023333338,-0.05718842085303389
0.3809012023333327,-0.057368282784866796
0.3811012023333331,-0.05755025641207966
0.3813012023333331,-0.05773435455236319
0.38150120233333396,-0.057920589986047856
0.3817012023333335,-0.058108975454951056
0.38190120233333325,-0.05829952366123489
0.382101202333333,-0.05849224726624801
0.38230120233333365,-0.05868715888937219
0.3825012023333336,-0.058884271106860495
0.3827012023333334,-0.05908359645067899
0.38290120233333336,-0.059285147407340054
0.3831012023333338,-0.059488936416734195
0.38330120233333376,-0.05969497587095898
0.3835012023333333,-0.05990327811314719
0.38370120233333305,-0.060113855436291275
0.383901202333333,-0.060326720082063315
0.3841012023333339,-0.06054188423963581
0.38430120233333276,-0.06075936004449384
0.3845012023333332,-0.06097915957726078
0.38470120233333294,-0.06120129486249728
0.38490120233333425,-0.061425777867523026
0.3851012023333331,-0.061652620501213215
0.3853012023333331,-0.061881834612820895
0.38550120233333285,-0.06211343199076705
0.3857012023333335,-0.06234742436145272
0.3859012023333337,-0.06258382338805438
0.3861012023333328,-0.06282264066932755
0.386301202333333,-0.06306388773840785
0.3865012023333336,-0.06330757606160156
0.3867012023333336,-0.0635537170371842
0.3869012023333336,-0.06380232199419802
0.3871012023333331,-0.06405340219124199
0.3873012023333331,-0.06430696881526807
0.38750120233333396,-0.06456303298037028
0.3877012023333335,-0.06482160572657335
0.3879012023333337,-0.06508269801863159
0.388101202333333,-0.06534632074480898
0.3883012023333341,-0.06561248471567831
0.3885012023333334,-0.06588120066289684
0.38870120233333316,-0.0661524792380103
0.3889012023333327,-0.06642633101123024
0.3891012023333329,-0.06670276647022791
0.38930120233333354,-0.06698179601891921
0.3895012023333331,-0.06726342997625295
0.3897012023333333,-0.0675476785750053
0.38990120233333325,-0.0678345519605612
0.3901012023333337,-0.06812406018970885
0.3903012023333341,-0.0684162132294259
0.3905012023333334,-0.06871102095567053
0.39070120233333294,-0.0690084931521769
0.3909012023333336,-0.06930863950924301
0.39110120233333356,-0.06961146962251955
0.3913012023333331,-0.06991699299181096
0.3915012023333331,-0.07022521901986817
0.3917012023333335,-0.07053615701118199
0.39190120233333303,-0.07084981617077973
0.392101202333333,-0.07116620560302978
0.39230120233333277,-0.07148533431043508
0.3925012023333332,-0.07180721119243944
0.3927012023333334,-0.07213184504422637
0.3929012023333329,-0.07245924455552721
0.3931012023333329,-0.07278941830943034
0.3933012023333331,-0.07312237478118527
0.3935012023333342,-0.07345812233701741
0.3937012023333335,-0.07379666923293443
0.3939012023333337,-0.07413802361355591
0.3941012023333328,-0.0744821935109152
0.3943012023333332,-0.07482918684329463
0.3945012023333341,-0.0751790114140356
0.3947012023333334,-0.07553167491036808
0.3949012023333329,-0.07588718490224727
0.395101202333334,-0.07624554884117873
0.3953012023333331,-0.07660677405904315
0.3955012023333335,-0.0769708677669568
0.39570120233333284,-0.07733783705408809
0.3959012023333328,-0.07770768888652035
0.3961012023333339,-0.07808043010608903
0.39630120233333277,-0.07845606742922792
0.3965012023333332,-0.078834607445844
0.39670120233333317,-0.07921605661815212
0.3969012023333345,-0.07960042127955404
0.39710120233333357,-0.07998770763348784
0.3973012023333331,-0.08037792175231977
0.39750120233333286,-0.08077106957620081
0.3977012023333335,-0.08116715691195235
0.39790120233333326,-0.08156618943194215
0.398101202333333,-0.08196817267298143
0.3983012023333332,-0.08237311203521053
0.3985012023333341,-0.08278101278099477
0.3987012023333336,-0.08319188003382234
0.39890120233333337,-0.08360571877722069
0.3991012023333331,-0.08402253385365635
0.3993012023333329,-0.08444232996345556
0.3995012023333342,-0.0848651116637265
0.3997012023333333,-0.08529088336727138
0.3999012023333337,-0.08571964934154438
0.400101202333333,-0.08615141370755941
0.4003012023333341,-0.08658618043885735
0.40050120233333364,-0.08702395336042795
0.4007012023333332,-0.08746473614768777
0.4009012023333327,-0.0879085323254251
0.40110120233333313,-0.08835534526677068
0.4013012023333331,-0.08880517819216155
0.40150120233333264,-0.08925803416832638
0.4017012023333335,-0.08971391610726945
0.4019012023333337,-0.09017282676524807
0.4021012023333337,-0.09063476874178217
0.40230120233333344,-0.09109974447865056
0.40250120233333364,-0.09156775625890252
0.4027012023333332,-0.09203880620586709
0.4029012023333336,-0.09251289628218673
0.40310120233333335,-0.09299002828883209
0.4033012023333331,-0.09347020386415132
0.40350120233333286,-0.09395342448290611
0.40370120233333395,-0.09443969145532688
0.4039012023333337,-0.0949290059261575
0.40410120233333324,-0.09542136887373823
0.404301202333333,-0.0959167811090681
0.404501202333333,-0.09641524327488443
0.4047012023333336,-0.09691675584475237
0.4049012023333327,-0.09742131912215218
0.40510120233333313,-0.09792893323960106
0.4053012023333331,-0.09843959815773914
0.405501202333334,-0.0989533136644679
0.4057012023333335,-0.09947007937405886
0.4059012023333337,-0.09998989472630873
0.4061012023333326,-0.10051275898566016
0.40630120233333367,-0.10103867124037844
0.4065012023333334,-0.1015676304016768
0.4067012023333332,-0.10209963520291634
0.4069012023333334,-0.10263468419876673
0.407101202333334,-0.10317277576439239
0.4073012023333331,-0.10371390809464176
0.4075012023333331,-0.10425807920326735
0.4077012023333326,-0.10480528692211437
0.40790120233333305,-0.10535552890035862
0.4081012023333339,-0.10590880260372348
0.40830120233333256,-0.10646510531371696
0.4085012023333334,-0.10702443412690502
0.4087012023333334,-0.10758678595412755
0.40890120233333405,-0.1081521575197983
0.4091012023333336,-0.10872054536115852
0.4093012023333331,-0.10929194582757883
0.40950120233333265,-0.109866355079843
0.4097012023333333,-0.11044376908945813
0.4099012023333335,-0.111024183637958
0.410101202333333,-0.11160759431623825
0.41030120233333367,-0.11219399652389166
0.4105012023333341,-0.11278338546853722
0.4107012023333332,-0.11337575616518324
0.4109012023333334,-0.11397110343560102
0.41110120233333314,-0.11456942190767602
0.4113012023333329,-0.11517070601480991
0.411501202333334,-0.11577494999531206
0.4117012023333326,-0.11638214789178536
0.41190120233333305,-0.1169922935505818
0.41210120233333325,-0.11760538062118475
0.41230120233333434,-0.11822140255567358
0.4125012023333334,-0.11884035260814882
0.4127012023333332,-0.11946222383421927
0.4129012023333327,-0.12008700909044252
0.4131012023333336,-0.12071470103382231
0.4133012023333331,-0.12134529212127855
0.4135012023333329,-0.12197877460917418
0.4137012023333333,-0.12261514055281107
0.41390120233333394,-0.12325438180595381
0.4141012023333337,-0.12389649002036483
0.4143012023333337,-0.1245414566453592
0.4145012023333332,-0.12518927292734913
0.41470120233333274,-0.1258399299094205
0.41490120233333405,-0.12649341843091455
0.4151012023333329,-0.12714972912699407
0.4153012023333338,-0.127808852428294
0.4155012023333331,-0.12847077856048175
0.41570120233333396,-0.12913549754392986
0.4159012023333335,-0.1298029991933129
0.41610120233333303,-0.13047327311728948
0.4163012023333328,-0.13114630871814606
0.416501202333333,-0.13182209519147317
0.41670120233333363,-0.1325006215258493
0.41690120233333317,-0.13318187650253274
0.41710120233333337,-0.1338658486951872
0.4173012023333331,-0.13455252646958027
0.41750120233333354,-0.13524189798333439
0.4177012023333335,-0.13593395118565618
0.4179012023333333,-0.13662867381710503
0.41810120233333303,-0.1373260534093579
0.4183012023333337,-0.13802607728499344
0.41850120233333366,-0.13872873255727397
0.4187012023333334,-0.13943400612996784
0.41890120233333317,-0.14014188469715946
0.4191012023333338,-0.14085235474308355
0.4193012023333331,-0.1415654025419546
0.4195012023333329,-0.14228101415784858
0.41970120233333286,-0.14299917544454935
0.4199012023333333,-0.1437198720454386
0.4201012023333337,-0.14444308939338546
0.42030120233333257,-0.14516881271065013
0.4205012023333323,-0.14589702700882295
0.42070120233333297,-0.1466277170887312
0.4209012023333345,-0.14736086754039296
0.4211012023333336,-0.14809646274296187
0.4213012023333331,-0.1488344868647321
0.42150120233333244,-0.1495749238630856
0.4217012023333335,-0.1503177574845102
0.4219012023333335,-0.15106297126458107
0.4221012023333328,-0.15181054852801193
0.42230120233333324,-0.15256047238868273
0.4225012023333343,-0.15331272574967403
0.4227012023333332,-0.15406729130332614
0.42290120233333317,-0.154824151531346
0.4231012023333329,-0.15558328870485227
0.4233012023333331,-0.15634468488450093
0.423501202333334,-0.15710832192058866
0.42370120233333264,-0.15787418145316867
0.42390120233333306,-0.15864224491222828
0.42410120233333326,-0.1594124935177922
0.42430120233333457,-0.16018490828012355
0.42450120233333366,-0.1609594699998727
0.4247012023333332,-0.16173615926830964
0.42490120233333273,-0.16251495646749498
0.4251012023333338,-0.1632958417705181
0.42530120233333335,-0.16407879514170304
0.4255012023333329,-0.1648637963368907
0.4257012023333333,-0.1656508249036759
0.42590120233333395,-0.16643986018167656
0.4261012023333337,-0.167230881302823
0.4263012023333337,-0.1680238671916671
0.4265012023333332,-0.16881879656567875
0.426701202333333,-0.16961564793558356
0.42690120233333384,-0.1704143996056972
0.42710120233333315,-0.17121502967426255
0.42730120233333313,-0.1720175160338493
0.4275012023333331,-0.1728218363717017
0.4277012023333342,-0.1736279681701497
0.4279012023333335,-0.17443588870699173
0.42810120233333304,-0.1752455750559501
0.4283012023333328,-0.1760570040870754
0.4285012023333332,-0.17687015246720325
0.4287012023333334,-0.17768499666040624
0.4289012023333325,-0.17850151292847288
0.4291012023333334,-0.1793196773314092
0.4293012023333336,-0.18013946572790185
0.4295012023333338,-0.18096085377586554
0.42970120233333353,-0.1817838169329536
0.4299012023333333,-0.18260833045710523
0.43010120233333327,-0.1834343694070959
0.4303012023333337,-0.18426190864310463
0.4305012023333332,-0.18509092282728834
0.4307012023333332,-0.18592138642439376
0.43090120233333296,-0.1867532737023449
0.4311012023333345,-0.18758655873288368
0.4313012023333338,-0.18842121539216813
0.4315012023333331,-0.1892572173614705
0.4317012023333331,-0.19009453812780625
0.43190120233333285,-0.1909331509846085
0.4321012023333335,-0.1917730290324302
0.4323012023333328,-0.19261414517962314
0.432501202333333,-0.19345647214308503
0.4327012023333332,-0.19429998244895536
0.43290120233333385,-0.1951446484333751
0.4331012023333338,-0.19599044224322898
0.43330120233333314,-0.19683733583692437
0.4335012023333329,-0.19768530098517204
0.43370120233333376,-0.19853430927177368
0.4339012023333335,-0.1993843320944188
0.43410120233333305,-0.200235340665531
0.434301202333333,-0.20108730601308733
0.4345012023333339,-0.2019401989814651
0.43470120233333365,-0.20279399023229264
0.4349012023333332,-0.203648650245345
0.4351012023333327,-0.20450414931941532
0.43530120233333336,-0.2053604575732206
0.43550120233333356,-0.2062175449462988
0.4357012023333322,-0.2070753811999479
0.43590120233333307,-0.20793393591818288
0.43610120233333327,-0.2087931785086386
0.43630120233333436,-0.20965307820358042
0.43650120233333367,-0.2105136040608455
0.4367012023333332,-0.2113747249648705
0.4369012023333332,-0.21223640962766746
0.4371012023333336,-0.21309862658984596
0.4373012023333336,-0.2139613442216391
0.4375012023333329,-0.21482453072395222
0.43770120233333354,-0.21568815412942305
0.43790120233333396,-0.21655218230346418
0.4381012023333335,-0.21741658294536229
0.4383012023333337,-0.21828132358937546
0.43850120233333323,-0.21914637160581685
0.4387012023333332,-0.22001169420219474
0.4389012023333341,-0.22087725842432931
0.4391012023333325,-0.22174303115748178
0.4393012023333327,-0.2226089791275589
0.4395012023333329,-0.2234750689022211
0.4397012023333342,-0.22434126689210165
0.4399012023333335,-0.22520753935196777
0.4401012023333333,-0.22607385238196742
0.4403012023333328,-0.22694017192880916
0.4405012023333337,-0.22780646378701444
0.44070120233333343,-0.2286726936001309
0.4409012023333323,-0.22953882686201665
0.44110120233333294,-0.23040482891810357
0.4413012023333338,-0.23127066496664625
0.4415012023333338,-0.2321363000600326
0.44170120233333354,-0.23300169910609103
0.4419012023333333,-0.23386682686939458
0.44210120233333283,-0.2347316479725865
0.4423012023333339,-0.23559612689772796
0.44250120233333323,-0.23646022798761757
0.44270120233333365,-0.2373239154472001
0.44290120233333297,-0.23818715334489152
0.44310120233333383,-0.2390499056140053
0.4433012023333338,-0.23991213605410627
0.4435012023333331,-0.24077380833245154
0.4437012023333329,-0.24163488598540167
0.4439012023333331,-0.24249533241984278
0.4441012023333335,-0.24335511091463224
0.4443012023333326,-0.24421418462204741
0.4445012023333337,-0.24507251656927692
0.44470120233333343,-0.245930069659847
0.44490120233333363,-0.24678680667515895
0.4451012023333334,-0.2476426902759542
0.4453012023333336,-0.2484976830038425
0.4455012023333329,-0.24935174728280543
0.44570120233333355,-0.25020484542075216
0.4459012023333335,-0.25105693961102854
0.4461012023333333,-0.2519079919339986
0.44630120233333326,-0.25275796435859854
0.4465012023333339,-0.2536068187439103
0.44670120233333344,-0.25445451684073866
0.44690120233333297,-0.2553010202932283
0.44710120233333295,-0.256146290640455
0.44730120233333315,-0.2569902893180433
0.4475012023333338,-0.257832977659798
0.44770120233333244,-0.2586743168993296
0.44790120233333264,-0.25951426817173806
0.4481012023333333,-0.2603527925152271
0.44830120233333437,-0.2611898508727969
0.4485012023333339,-0.2620254040939092
0.44870120233333344,-0.2628594129362001
0.4489012023333323,-0.2636918380671542
0.44910120233333384,-0.2645226400658391
0.4493012023333336,-0.26535177942457533
0.4495012023333329,-0.26617921655072063
0.4497012023333331,-0.26700491176838403
0.4499012023333344,-0.267828825320169
0.4501012023333335,-0.26865091736892055
0.4503012023333328,-0.26947114799953065
0.450501202333333,-0.27028947722068286
0.450701202333333,-0.27110586496663824
0.4509012023333341,-0.27192027109904743
0.4511012023333325,-0.2727326554087238
0.45130120233333315,-0.27354297761751273
0.45150120233333313,-0.274351197380047
0.451701202333334,-0.2751572742856278
0.45190120233333375,-0.2759611678600323
0.4521012023333333,-0.27676283756738873
0.4523012023333328,-0.27756224281202035
0.4525012023333339,-0.27835934294031894
0.45270120233333344,-0.2791540972425967
0.45290120233333275,-0.2799464649550062
0.4531012023333334,-0.28073640526141536
0.4533012023333338,-0.28152387729529427
0.4535012023333338,-0.28230884014164276
0.4537012023333331,-0.2830912528389009
0.4539012023333331,-0.28387107438088083
0.45410120233333306,-0.28464826371868557
0.45430120233333393,-0.2854227797626645
0.454501202333333,-0.28619458138434195
0.454701202333333,-0.286963627418409
0.454901202333333,-0.2877298766646528
0.4551012023333345,-0.28849328788995265
0.4553012023333338,-0.2892538198302296
0.45550120233333313,-0.29001143119247674
0.4557012023333329,-0.2907660806567239
0.4559012023333333,-0.29151772687804567
0.4561012023333335,-0.29226632848856693
0.4563012023333324,-0.293011844099482
0.456501202333333,-0.29375423230309505
0.45670120233333367,-0.294493451674815
0.45690120233333364,-0.29522946077521567
0.4571012023333334,-0.29596221815207896
0.4573012023333336,-0.2966916823424416
0.45750120233333336,-0.29741781187464567
0.4577012023333338,-0.29814056527041466
0.4579012023333331,-0.2988599010469053
0.45810120233333307,-0.29957577771880683
0.45830120233333305,-0.3002881538004014
0.45850120233333436,-0.3009969878076678
0.45870120233333367,-0.30170223826035225
0.45890120233333276,-0.30240386368410277
0.45910120233333296,-0.3031018226125556
0.4593012023333327,-0.3037960735894373
0.4595012023333338,-0.3044865751707043
0.4597012023333329,-0.30517328592663584
0.4599012023333331,-0.30585616444400143
0.4601012023333333,-0.30653516932815805
0.46030120233333394,-0.3072102592052073
0.4605012023333337,-0.3078813927241282
0.460701202333333,-0.30854852855893733
0.46090120233333276,-0.3092116254108376
0.46110120233333385,-0.3098706420103746
0.4613012023333336,-0.31052553711958775
0.4615012023333329,-0.3111762695342004
0.4617012023333331,-0.3118227980857822
0.4619012023333342,-0.3124650816439183
0.4621012023333333,-0.31310307911838475
0.4623012023333326,-0.31373674946135893
0.4625012023333328,-0.3143660516695861
0.46270120233333367,-0.3149909447865735
0.4629012023333341,-0.31561138790478693
0.4631012023333323,-0.3162273401678507
0.46330120233333294,-0.31683876077277295
0.46350120233333336,-0.31744560897210916
0.46370120233333423,-0.3180478440762054
0.46390120233333354,-0.31864542545539354
0.4641012023333333,-0.31923831254222634
0.46430120233333305,-0.3198264648336785
0.4645012023333337,-0.32040984189337907
0.4647012023333337,-0.3209884033538256
0.46490120233333276,-0.32156210891862236
0.4651012023333334,-0.3221309183647142
0.46530120233333405,-0.32269479154459907
0.4655012023333336,-0.32325368838857604
0.4657012023333331,-0.32380756890698636
0.4659012023333331,-0.32435639319244414
0.4661012023333331,-0.3249001214220761
0.46630120233333394,-0.3254387138597702
0.4665012023333326,-0.32597213085840493
0.4667012023333328,-0.326500332862124
0.466901202333333,-0.32702328040855044
0.4671012023333343,-0.3275409341310559
0.4673012023333336,-0.3280532547609917
0.4675012023333329,-0.32856020312996326
0.4677012023333329,-0.3290617401720648
0.46790120233333354,-0.329557826926132
0.4681012023333333,-0.3300484245379928
0.4683012023333326,-0.33053349426272916
0.46850120233333303,-0.33101299746692714
0.4687012023333339,-0.33148689563092343
0.46890120233333366,-0.3319551503510608
0.4691012023333334,-0.33241772334195097
0.46930120233333317,-0.3328745764387178
0.4695012023333329,-0.33332567159925364
0.46970120233333423,-0.3337709709064744
0.4699012023333331,-0.33421043657055605
0.4701012023333333,-0.33464403093121464
0.47030120233333284,-0.33507171645992706
0.4705012023333339,-0.33549345576220135
0.4707012023333337,-0.3359092115798047
0.47090120233333277,-0.33631894679302876
0.4711012023333323,-0.33672262442292766
0.47130120233333295,-0.3371202076335595
0.4715012023333336,-0.3375116597342263
0.47170120233333246,-0.3378969441817153
0.4719012023333331,-0.3382760245825488
0.4721012023333335,-0.3386488646951985
0.47230120233333395,-0.3390154284323339
0.4725012023333337,-0.3393756798630472
0.4727012023333337,-0.33972958321508595
0.472901202333333,-0.340077102877072
0.4731012023333341,-0.3404182034007339
0.4733012023333336,-0.3407528495031093
0.47350120233333315,-0.3410810060687806
0.4737012023333329,-0.3414026381520763
0.4739012023333342,-0.3417177109792843
0.4741012023333335,-0.34202618995084827
0.47430120233333306,-0.34232804064358613
0.4745012023333328,-0.3426232288128749
0.47470120233333324,-0.3429117203948485
0.4749012023333341,-0.3431934815085856
0.4751012023333323,-0.34346847845829054
0.47530120233333273,-0.34373667773549
0.47550120233333315,-0.3439980460211858
0.47570120233333446,-0.34425255018804024
0.47590120233333355,-0.34450015730253214
0.47610120233333353,-0.34474083462712923
0.4763012023333324,-0.34497454962242907
0.4765012023333337,-0.3452012699493208
0.4767012023333337,-0.3454209634711133
0.476901202333333,-0.34563359825568585
0.4771012023333332,-0.34583914257761617
0.47730120233333384,-0.34603756492030097
0.4775012023333334,-0.3462288339780766
0.4777012023333329,-0.34641291865833485
0.4779012023333329,-0.3465897880836243
0.4781012023333331,-0.3467594115937495
0.47830120233333395,-0.34692175874786263
0.4785012023333328,-0.34707679932654534
0.478701202333333,-0.34722450333389276
0.47890120233333344,-0.3473648409995731
0.47910120233333475,-0.34749778278089527
0.47930120233333384,-0.3476232993648583
0.47950120233333315,-0.3477413616702016
0.4797012023333329,-0.3478519408494385
0.47990120233333355,-0.3479550082908858
0.48010120233333375,-0.3480505356206825
0.48030120233333307,-0.3481384947048036
0.4805012023333337,-0.348218857651062
0.4807012023333337,-0.34829159681109917
0.4809012023333341,-0.34835668478237247
0.4811012023333332,-0.3484140944101273
0.4813012023333332,-0.34846379878936395
0.4815012023333327,-0.3485057712667905
0.481701202333334,-0.34853998544277
0.4819012023333329,-0.3485664151732529
0.48210120233333287,-0.3485850345717041
0.48230120233333307,-0.34859581801101575
0.48250120233333416,-0.3485987401254107
0.4827012023333339,-0.34859377581233514
0.482901202333333,-0.3485809002343402
0.48310120233333276,-0.34856008882095135
0.48330120233333296,-0.3485313172705288
0.4835012023333336,-0.3484945615521129
0.48370120233333247,-0.34844979790726166
0.4839012023333331,-0.3483970028518719
0.484101202333334,-0.3483361531779927
0.48430120233333396,-0.34826722595562476
0.4845012023333335,-0.3481901985345053
0.4847012023333337,-0.3481050485458826
0.484901202333333,-0.3480117539042791
0.48510120233333365,-0.3479102928092364
0.4853012023333332,-0.3478006437470545
0.48550120233333316,-0.347682785492509
0.48570120233333314,-0.3475566971105624
0.4859012023333342,-0.34742235795805654
0.48610120233333376,-0.3472797476853968
0.48630120233333307,-0.3471288462382132
0.48650120233333305,-0.3469696338590148
0.4867012023333326,-0.3468020910888301
0.4869012023333339,-0.3466261987688248
0.487101202333333,-0.34644193804191903
0.48730120233333296,-0.3462492903543682
0.4875012023333334,-0.3460482374573517
0.4877012023333338,-0.34583876140853165
0.4879012023333338,-0.3456208445736013
0.4881012023333331,-0.34539446962781584
0.48830120233333285,-0.3451596195575066
0.4885012023333335,-0.3449162776615837
0.4887012023333337,-0.34466442755302107
0.488901202333333,-0.34440405316032024
0.4891012023333332,-0.34413513872895884
0.4893012023333341,-0.3438576688228302
0.4895012023333336,-0.34357162832566057
0.4897012023333329,-0.34327700244240117
0.4899012023333329,-0.34297377670061635
0.4901012023333331,-0.34266193695184977
0.4903012023333335,-0.34234146937296944
0.4905012023333324,-0.34201236046750083
0.49070120233333236,-0.3416745970669291
0.4909012023333337,-0.3413281663320027
0.4911012023333341,-0.3409730557540096
0.4913012023333341,-0.34060925315602597
0.49150120233333316,-0.3402367466941593
0.4917012023333327,-0.3398555248587629
0.49190120233333356,-0.339465576475641
0.49210120233333376,-0.33906689070723367
0.49230120233333285,-0.3386594570537717
0.49250120233333305,-0.3382432653544145
0.4927012023333339,-0.33781830578838457
0.4929012023333337,-0.33738456887606827
0.4931012023333332,-0.33694204548008844
0.49330120233333274,-0.3364907268063758
0.49350120233333294,-0.33603060440520804
0.4937012023333338,-0.335561670172234
0.4939012023333329,-0.33508391634947965
0.4941012023333329,-0.3345973355263099
0.4943012023333333,-0.3341019206404082
0.4945012023333346,-0.33359766497870463
0.4947012023333337,-0.3330845621783045
0.494901202333333,-0.33256260622736106
0.4951012023333323,-0.33203179146596906
0.4953012023333334,-0.33149211258700617
0.4955012023333334,-0.3309435646369808
0.4957012023333327,-0.3303861430168181
0.4959012023333331,-0.3298198434826526
0.496101202333334,-0.32924466214660125
0.4963012023333342,-0.3286605954774999
0.4965012023333333,-0.3280676403016183
0.49670120233333304,-0.32746579380335106
0.496901202333333,-0.32685505352590405
0.4971012023333341,-0.3262354173719333
0.4973012023333332,-0.3256068836041884
0.49750120233333317,-0.3249694508460836
0.4977012023333329,-0.32432311808230996
0.49790120233333424,-0.3236678846593692
0.498101202333334,-0.3230037502861309
0.4983012023333331,-0.3223307150343127
0.4985012023333326,-0.321648779338976
0.49870120233333304,-0.3209579439989902
0.4989012023333337,-0.3202582101774697
0.4991012023333323,-0.3195495794021873
0.4993012023333332,-0.31883205356593397
0.49950120233333384,-0.3181056349269259
0.4997012023333338,-0.31737032610911264
0.49990120233333357,-0.3166261301024944
0.5001012023333331,-0.31587305026341256
0.5003012023333331,-0.31511109031481
0.5005012023333335,-0.31434025434647284
0.5007012023333337,-0.31356054681524304
0.5009012023333332,-0.31277197254520134
0.5011012023333328,-0.3119745367278242
0.5013012023333341,-0.31116824492212036
0.5015012023333338,-0.310353103054765
0.5017012023333332,-0.3095291174201449
0.5019012023333329,-0.3086962946804349
0.5021012023333331,-0.3078546418656334
0.5023012023333338,-0.3070041663735632
0.5025012023333326,-0.3061448759698622
0.5027012023333328,-0.3052767787879018
0.502901202333333,-0.3043998833287579
0.5031012023333341,-0.3035141984610802
0.5033012023333341,-0.3026197334209906
0.5035012023333332,-0.3017164978119057
0.5037012023333325,-0.3008045016043634
0.5039012023333336,-0.299883755135819
0.5041012023333336,-0.2989542691104336
0.5043012023333331,-0.2980160545987766
0.5045012023333333,-0.2970691230375546
0.5047012023333344,-0.2961134862293
0.5049012023333337,-0.2951491563420423
0.505101202333333,-0.2941761459089032
0.5053012023333323,-0.29319446782772896
0.5055012023333332,-0.2922041353606534
0.5057012023333338,-0.29120516213366965
0.5059012023333327,-0.29019756213613584
0.5061012023333331,-0.2891813497202452
0.5063012023333335,-0.288156539600543
0.5065012023333342,-0.2871231468533325
0.5067012023333335,-0.28608118691610507
0.5069012023333332,-0.2850306755868979
0.5071012023333326,-0.2839716290236828
0.5073012023333332,-0.2829040637436667
0.5075012023333336,-0.2818279966226255
0.5077012023333332,-0.2807434448941556
0.5079012023333334,-0.27965042614891306
0.5081012023333338,-0.2785489583338543
0.508301202333334,-0.27743905975141636
0.5085012023333333,-0.27632074905868204
0.508701202333333,-0.275194045266502
0.508901202333333,-0.2740589677386222
0.5091012023333339,-0.2729155361907508
0.5093012023333332,-0.271763770689633
0.5095012023333327,-0.270603691652033
0.5097012023333334,-0.26943531984376096
0.5099012023333342,-0.2682586763786473
0.5101012023333338,-0.26707378271747706
0.5103012023333331,-0.2658806606668852
0.5105012023333324,-0.26467933237826313
0.5107012023333333,-0.2634698203466038
0.5109012023333337,-0.26225214740936403
0.5111012023333326,-0.26102633674523923
0.511301202333333,-0.2597924118729207
0.5115012023333338,-0.25855039664989476
0.511701202333334,-0.25730031527113995
0.5119012023333336,-0.2560421922678129
0.5121012023333329,-0.25477605250592
0.5123012023333331,-0.2535019211849544
0.5125012023333335,-0.25221982383652547
0.512701202333333,-0.2509297863229349
0.5129012023333333,-0.2496318348357155
0.5131012023333332,-0.2483259958941945
0.5133012023333343,-0.24701229634396957
0.5135012023333336,-0.2456907633554274
0.5137012023333332,-0.24436142442213568
0.5139012023333329,-0.2430243073593124
0.5141012023333329,-0.24167944030221106
0.514301202333334,-0.24032685170448587
0.5145012023333329,-0.23896657033657226
0.5147012023333328,-0.2375986252839308
0.5149012023333337,-0.23622304594541071
0.5151012023333337,-0.23483986203150303
0.5153012023333341,-0.23344910356254894
0.5155012023333332,-0.2320508008669986
0.5157012023333325,-0.23064498457955585
0.5159012023333336,-0.22923168563936477
0.5161012023333336,-0.2278109352881813
0.5163012023333331,-0.22638276506842814
0.5165012023333331,-0.22494720682130862
0.5167012023333339,-0.22350429268487348
0.5169012023333337,-0.22205405509207432
0.517101202333333,-0.22059652676874045
0.5173012023333328,-0.2191317407315863
0.5175012023333332,-0.2176597302861815
0.5177012023333336,-0.21618052902489504
0.5179012023333327,-0.21469417082480935
0.5181012023333325,-0.2132006898455836
0.5183012023333335,-0.21170012052735726
0.5185012023333342,-0.2101924975886045
0.5187012023333335,-0.20867785602393152
0.5189012023333333,-0.20715623110186132
0.5191012023333323,-0.20562765836265307
0.5193012023333337,-0.20409217361600185
0.5195012023333341,-0.2025498129388467
0.519701202333333,-0.20100061267301383
0.5199012023333329,-0.19944460942289607
0.5201012023333342,-0.1978818400531619
0.520301202333334,-0.19631234168640194
0.5205012023333333,-0.1947361517006965
0.5207012023333324,-0.19315330772725248
0.5209012023333328,-0.19156384764796286
0.5211012023333339,-0.18996780959299475
0.5213012023333328,-0.18836523193832513
0.521501202333333,-0.18675615330318893
0.5217012023333334,-0.18514061254766312
0.5219012023333347,-0.18351864877009327
0.5221012023333338,-0.18189030130459324
0.5223012023333329,-0.18025560971841045
0.5225012023333326,-0.1786146138093988
0.5227012023333335,-0.17696735360340726
0.5229012023333337,-0.17531386935167725
0.5231012023333328,-0.17365420152817565
0.523301202333333,-0.1719883908269269
0.5235012023333341,-0.17031647815938294
0.5237012023333345,-0.16863850465172098
0.5239012023333334,-0.16695451164211966
0.5241012023333329,-0.16526454067801227
0.5243012023333329,-0.16356863351339027
0.524501202333334,-0.1618668321060172
0.5247012023333333,-0.16015917861469103
0.5249012023333333,-0.15844571539637753
0.5251012023333332,-0.15672648500347597
0.5253012023333343,-0.15500153018095525
0.5255012023333341,-0.15327089386356363
0.525701202333333,-0.1515346191729214
0.5259012023333325,-0.1497927494146707
0.5261012023333331,-0.14804532807561507
0.5263012023333336,-0.14629239882083225
0.5265012023333326,-0.14453400549074935
0.5267012023333331,-0.14277019209819272
0.5269012023333339,-0.14100100282551964
0.5271012023333339,-0.13922648202164517
0.5273012023333334,-0.1374466741990676
0.5275012023333332,-0.13566162403091164
0.5277012023333327,-0.13387137634796142
0.5279012023333336,-0.13207597613564087
0.5281012023333334,-0.13027546853106697
0.5283012023333331,-0.12846989881996884
0.5285012023333329,-0.12665931243370854
0.5287012023333342,-0.12484375494622434
0.5289012023333342,-0.1230232720710452
0.529101202333333,-0.12119790965817231
0.5293012023333328,-0.11936771369103275
0.5295012023333323,-0.11753273028345697
0.5297012023333338,-0.11569300567654663
0.5299012023333329,-0.11384858623568357
0.5301012023333329,-0.11199951844730975
0.5303012023333331,-0.11014584891593837
0.5305012023333342,-0.10828762436100428
0.5307012023333335,-0.10642489161379885
0.5309012023333333,-0.10455769761428109
0.5311012023333326,-0.10268608940803266
0.5313012023333334,-0.10081011414307926
0.5315012023333334,-0.09892981906683182
0.531701202333333,-0.097045251522886
0.5319012023333332,-0.09515645894790807
0.532101202333334,-0.09326348886851253
0.532301202333334,-0.09136638889812652
0.5325012023333326,-0.08946520673381962
0.5327012023333326,-0.08755999015314019
0.532901202333333,-0.08565078701103089
0.5331012023333339,-0.08373764523663825
0.5333012023333326,-0.0818206128301973
0.5335012023333332,-0.07989973785979065
0.5337012023333336,-0.07797506845832626
0.5339012023333345,-0.07604665282029886
0.5341012023333336,-0.07411453919869707
0.5343012023333331,-0.07217877590178597
0.5345012023333326,-0.07023941129002939
0.5347012023333333,-0.06829649377290621
0.5349012023333335,-0.06635007180580985
0.535101202333333,-0.06440019388687224
0.5353012023333332,-0.06244690855382568
0.5355012023333341,-0.060490264380900605
0.5357012023333341,-0.0585303099757006
0.5359012023333332,-0.056567093976050156
0.5361012023333329,-0.05460066504687612
0.5363012023333329,-0.05263107187713143
0.5365012023333338,-0.05065836317665833
0.5367012023333331,-0.04868258767312946
0.5369012023333326,-0.04670379410888253
0.5371012023333332,-0.044722031237884714
0.5373012023333343,-0.0427373478226598
0.5375012023333341,-0.04074979263121396
0.5377012023333332,-0.03875941443393683
0.5379012023333325,-0.036766262000571
0.5381012023333331,-0.034770384097166394
0.5383012023333336,-0.03277182948307407
0.5385012023333329,-0.03077064690788884
0.5387012023333329,-0.02876688510841422
0.5389012023333342,-0.026760592805695795
0.5391012023333339,-0.024751818702054333
0.5393012023333337,-0.02274061147802429
0.5395012023333332,-0.020727019789447448
0.5397012023333327,-0.018711092264494404
0.5399012023333338,-0.016692877500712754
0.5401012023333329,-0.014672424062161574
0.5403012023333336,-0.012649780476372129
0.5405012023333331,-0.010624995231580673
0.5407012023333342,-0.008598116773723973
0.5409012023333335,-0.006569193503681625
0.541101202333333,-0.004538273774304012
0.5413012023333328,-0.0025054058876456658
0.5415012023333328,-0.0004706380921196199
0.5417012023333336,0.0015659814203179828
0.5419012023333327,0.0036044045169186054
0.5421012023333331,0.005644583127007873
0.5423012023333336,0.0076864692446382155
0.5425012023333338,0.009730014931383656
0.5427012023333335,0.011775172319047563
0.5429012023333333,0.013821893612370495
0.5431012023333326,0.01587013109169526
0.5433012023333337,0.01791983711566534
0.5435012023333337,0.01997096412378603
0.5437012023333334,0.022023464639136316
0.5439012023333332,0.024077291270924017
0.544101202333334,0.026132396717079807
0.5443012023333338,0.02818873376677144
0.5445012023333329,0.03024625530299963
0.5447012023333331,0.03230491430509845
0.5449012023333331,0.03436466385117822
0.5451012023333337,0.03642545712064854
0.5453012023333326,0.03848724739660335
0.5455012023333328,0.04054998806833303
0.5457012023333334,0.04261363263362118
0.5459012023333345,0.04467813470116589
0.546101202333334,0.04674344799289622
0.5463012023333331,0.04880952634634576
0.5465012023333322,0.050876323716909325
0.5467012023333331,0.05294379418013291
0.5469012023333335,0.05501189193390236
0.5471012023333333,0.05708057130072195
0.5473012023333332,0.05914978672989547
0.5475012023333343,0.061219492799677366
0.5477012023333336,0.06328964421936956
0.5479012023333332,0.06536019583151859
0.5481012023333329,0.06743110261392388
0.5483012023333329,0.06950231968170978
0.548501202333334,0.07157380228935747
0.5487012023333329,0.07364550583264556
0.5489012023333331,0.07571738585072946
0.5491012023333333,0.07778939802795456
0.5493012023333346,0.07986149819583693
0.5495012023333341,0.08193364233487187
0.5497012023333332,0.0840057865764636
0.5499012023333327,0.08607788720469095
0.5501012023333334,0.08814990065809322
0.5503012023333334,0.09022178353139854
0.5505012023333331,0.09229349257729384
0.5507012023333333,0.09436498470809285
0.550901202333334,0.0964362169973843
0.5511012023333342,0.09850714668165486
0.5513012023333337,0.10057773116189841
0.5515012023333332,0.10264792800517891
0.5517012023333328,0.10471769494614168
0.5519012023333338,0.10678698988853177
0.5521012023333334,0.10885577090659115
0.5523012023333331,0.11092399624658601
0.5525012023333331,0.11299162432813273
0.5527012023333342,0.11505861374558683
0.552901202333334,0.11712492326932654
0.553101202333333,0.11919051184711302
0.5533012023333326,0.12125533860532148
0.553501202333333,0.12331936285015535
0.5537012023333334,0.12538254406882843
0.5539012023333327,0.12744484193073335
0.5541012023333334,0.1295062162886004
0.554301202333334,0.13156662717950787
0.554501202333334,0.13362603482597935
0.5547012023333335,0.1356843996370009
0.5549012023333335,0.13774168220899954
0.5551012023333326,0.1397978433267581
0.5553012023333337,0.14185284396439146
0.5555012023333332,0.1439066452861103
0.5557012023333336,0.1459592086471872
0.555901202333333,0.14801049559465176
0.556101202333334,0.1500604678681532
0.556301202333334,0.1521090874005811
0.5565012023333331,0.15415631631885168
0.5567012023333326,0.1562021169445456
0.5569012023333324,0.15824645179450358
0.5571012023333335,0.160289283581442
0.557301202333333,0.16233057521444913
0.557501202333333,0.16437028979958995
0.5577012023333332,0.16640839064031165
0.5579012023333338,0.16844484123791245
0.5581012023333338,0.1704796052919294
0.5583012023333331,0.17251264670053262
0.5585012023333324,0.17454392956085402
0.5587012023333331,0.1765734181692843
0.5589012023333333,0.17860107702169584
0.5591012023333333,0.1806268708137194
0.5593012023333337,0.18265076444091677
0.5595012023333339,0.18467272299891638
0.5597012023333341,0.18669271178355185
0.5599012023333332,0.18871069629092138
0.5601012023333327,0.19072664221747215
0.5603012023333329,0.19274051545997045
0.5605012023333336,0.1947522821154839
0.5607012023333331,0.19676190848131078
0.5609012023333335,0.1987693610549322
0.5611012023333335,0.2007746065338095
0.5613012023333344,0.20277761181527754
0.5615012023333337,0.20477834399627673
0.5617012023333332,0.20677677037319458
0.5619012023333327,0.2087728584415313
0.5621012023333332,0.21076657589562325
0.5623012023333336,0.21275789062827172
0.5625012023333331,0.21474677073038434
0.5627012023333335,0.21673318449059026
0.562901202333334,0.21871710039474287
0.5631012023333342,0.22069848712547466
0.5633012023333337,0.2226773135616746
0.563501202333333,0.22465354877795427
0.5637012023333323,0.22662716204405697
0.5639012023333336,0.22859812282426556
0.5641012023333332,0.23056640077668278
0.5643012023333331,0.23253196575266885
0.5645012023333331,0.2344947877960466
0.5647012023333344,0.23645483714240204
0.564901202333334,0.23841208421824978
0.5651012023333333,0.2403664996403148
0.5653012023333326,0.2423180542146374
0.5655012023333328,0.24426671893572383
0.5657012023333332,0.2462124649856245
0.5659012023333327,0.24815526373301514
0.5661012023333332,0.2500950867322683
0.566301202333334,0.25203190572241363
0.5665012023333342,0.25396569262613256
0.5667012023333335,0.2558964195487229
0.5669012023333331,0.2578240587770253
0.5671012023333322,0.2597485827782856
0.5673012023333337,0.26166996419906885
0.5675012023333332,0.2635881758639919
0.5677012023333341,0.26550319077467593
0.5679012023333332,0.2674149821083902
0.568101202333334,0.2693235232169317
0.5683012023333338,0.2712287876252263
0.5685012023333331,0.2731307490301242
0.5687012023333329,0.2750293812990429
0.5689012023333326,0.2769246584686009
0.5691012023333333,0.27881655474326683
0.569301202333333,0.28070504449391925
0.5695012023333332,0.28259010225647657
0.5697012023333337,0.28447170273040234
0.5699012023333341,0.2863498207772466
0.5701012023333334,0.2882244314191402
0.5703012023333336,0.2900955098373135
0.5705012023333325,0.29196303137048485
0.5707012023333329,0.2938269715133838
0.5709012023333333,0.29568730591507697
0.5711012023333335,0.29754401037741424
0.5713012023333337,0.2993970608533934
0.5715012023333339,0.30124643344550645
0.5717012023333341,0.30309210440407386
0.571901202333333,0.3049340501255462
0.572101202333333,0.3067722471508444
0.5723012023333325,0.30860667216356474
0.5725012023333336,0.3104373019883072
0.5727012023333331,0.3122641135888343
0.5729012023333331,0.31408708406639085
0.5731012023333335,0.3159061906578441
0.5733012023333346,0.31772141073389604
0.5735012023333339,0.319532721797232
0.5737012023333334,0.3213401014807472
0.5739012023333321,0.3231435275456217
0.574101202333333,0.3249429778795212
0.5743012023333336,0.32673843049462614
0.5745012023333331,0.32852986352580066
0.5747012023333335,0.3303172552286985
0.5749012023333344,0.3321005839777954
0.5751012023333335,0.33387982826446466
0.575301202333333,0.33565496669509154
0.5755012023333324,0.33742597798905516
0.5757012023333326,0.3391928409768084
0.5759012023333336,0.3409555345978815
0.576101202333333,0.3427140378988877
0.5763012023333334,0.3444683300316072
0.5765012023333334,0.34621839025090356
0.5767012023333344,0.3479641979127854
0.576901202333334,0.34970573247233316
0.5771012023333333,0.3514429734817537
0.5773012023333328,0.35317590058831616
0.577501202333333,0.35490449353233205
0.5777012023333332,0.35662873214511404
0.5779012023333334,0.35834859634695604
0.5781012023333336,0.3600640661450876
0.5783012023333338,0.36177512163163283
0.578501202333334,0.36348174298156444
0.5787012023333331,0.3651839104506494
0.5789012023333329,0.3668816043734343
0.5791012023333322,0.36857480516114927
0.5793012023333333,0.37026349329971053
0.5795012023333337,0.37194764934760594
0.5797012023333337,0.3736272539339095
0.5799012023333334,0.3753022877562128
0.5801012023333341,0.3769727315785888
0.580301202333334,0.3786385662295215
0.5805012023333331,0.38029977259990033
0.5807012023333329,0.3819563316409904
0.5809012023333326,0.38360822436236874
0.5811012023333335,0.3852554318299316
0.5813012023333328,0.38689793516382853
0.5815012023333337,0.38853571553652805
0.5817012023333337,0.39016875417071484
0.5819012023333341,0.39179703233736585
0.5821012023333336,0.3934205313537045
0.5823012023333334,0.3950392325812558
0.5825012023333325,0.39665311742383424
0.5827012023333331,0.39826216732561637
0.5829012023333331,0.3998663637691212
0.583101202333334,0.40146568827332807
0.5833012023333333,0.40306012239167777
0.5835012023333339,0.40464964771021866
0.5837012023333337,0.40623424584560935
0.5839012023333332,0.40781389844328
0.584101202333333,0.4093885871755162
0.5843012023333325,0.41095829373957815
0.5845012023333336,0.4125229998558616
0.5847012023333336,0.4140826872659962
0.5849012023333331,0.4156373377310719
0.5851012023333333,0.4171869330297985
0.5853012023333339,0.4187314549566866
0.5855012023333337,0.420270885320264
0.585701202333333,0.4218052059413264
0.5859012023333321,0.4233343986511686
0.586101202333333,0.4248584452898636
0.5863012023333334,0.4263773277045002
0.5865012023333336,0.4278910277475334
0.5867012023333336,0.4293995272750848
0.5869012023333338,0.43090280814528603
0.5871012023333335,0.43240085221662683
0.5873012023333326,0.43389364134634617
0.5875012023333328,0.4353811573888432
0.5877012023333328,0.43686338219406196
0.5879012023333334,0.43834029760597326
0.5881012023333332,0.43981188546100547
0.5883012023333334,0.44127812758657226
0.5885012023333334,0.4427390057995456
0.5887012023333342,0.44419450190481946
0.5889012023333338,0.445644597693828
0.5891012023333333,0.4470892749431791
0.5893012023333322,0.44852851541321836
0.5895012023333333,0.44996230084670275
0.5897012023333337,0.4513906129673867
0.5899012023333337,0.4528134334787698
0.5901012023333336,0.4542307440627833
0.590301202333334,0.4556425263785232
0.5905012023333338,0.4570487620609981
0.5907012023333331,0.4584494327199401
0.5909012023333329,0.4598445199386122
0.5911012023333322,0.46123400527263714
0.5913012023333335,0.4626178702489001
0.5915012023333333,0.4639960963643863
0.5917012023333337,0.46536866508518804
0.5919012023333332,0.46673555784539544
0.5921012023333343,0.4680967560461361
0.5923012023333336,0.4694522410545231
0.5925012023333331,0.47080199420277513
0.5927012023333325,0.47214599678723856
0.5929012023333329,0.47348423006752116
0.5931012023333333,0.47481667526559945
0.593301202333333,0.4761433135650035
0.5935012023333337,0.4774641261100263
0.5937012023333339,0.47877909400491986
0.5939012023333341,0.4800881983131819
0.5941012023333334,0.48139142005683133
0.594301202333333,0.4826887402157505
0.5945012023333325,0.4839801397270187
0.5947012023333338,0.4852655994843236
0.5949012023333331,0.4865451003373292
0.595101202333334,0.4878186230912126
0.5953012023333333,0.48908614850606064
0.5955012023333337,0.4903476572964635
0.5957012023333337,0.4916031301310061
0.5959012023333328,0.49285254763188346
0.5961012023333327,0.4940958903745253
0.5963012023333327,0.49533313888721586
0.5965012023333334,0.49656427365080547
0.5967012023333331,0.4977892750984025
0.5969012023333335,0.49900812361516
0.5971012023333335,0.5002207995380232
0.597301202333334,0.501427283155578
0.5975012023333337,0.5026275547078791
0.5977012023333332,0.503821594386358
0.5979012023333323,0.5050093823337295
0.5981012023333332,0.5061908986439654
0.5983012023333336,0.5073661233622428
0.5985012023333338,0.5085350364850072
0.5987012023333331,0.5096976179600079
0.598901202333334,0.5108538476864154
0.5991012023333335,0.5120037055148936
0.5993012023333331,0.5131471712478161
0.5995012023333328,0.5142842246394291
0.5997012023333328,0.5154148453960807
0.5999012023333337,0.5165390131764889
0.6001012023333332,0.5176567075920155
0.6003012023333332,0.5187679082070344
0.6005012023333332,0.5198725945392575
0.6007012023333342,0.5209707460601524
0.6009012023333336,0.5220623421953425
0.6011012023333333,0.5231473623251186
0.6013012023333324,0.5242257857848909
0.601501202333333,0.5252975918657533
0.6017012023333332,0.5263627598150071
0.6019012023333332,0.5274212688367924
0.6021012023333334,0.5284730980927044
0.6023012023333338,0.5295182267024536
0.6025012023333334,0.5305566337445564
0.6027012023333329,0.5315882982570783
0.6029012023333324,0.532613199238378
0.6031012023333329,0.5336313156479093
0.603301202333334,0.5346426264070319
0.603501202333333,0.5356471103998633
0.6037012023333337,0.5366447464742073
0.6039012023333337,0.5376355134424117
0.6041012023333343,0.5386193900823654
0.6043012023333336,0.5395963551384446
0.6045012023333329,0.5405663873225559
0.6047012023333329,0.5415294653151592
0.6049012023333331,0.5424855677663369
0.6051012023333335,0.5434346732969029
0.6053012023333333,0.5443767604995285
0.6055012023333337,0.5453118079399182
0.6057012023333337,0.5462397941579771
0.6059012023333341,0.5471606976690526
0.606101202333333,0.5480744969651574
0.606301202333333,0.5489811705162828
0.6065012023333325,0.5498806967716604
0.6067012023333336,0.550773054161131
0.6069012023333331,0.5516582210964638
0.6071012023333331,0.5525361759727906
0.6073012023333335,0.5534068971699864
0.6075012023333342,0.5542703630541164
0.6077012023333339,0.5551265519789026
0.607901202333333,0.5559754422872218
0.6081012023333328,0.5568170123126256
0.608301202333333,0.5576512403808689
0.6085012023333336,0.5584781048114862
0.6087012023333329,0.5592975839193762
0.6089012023333331,0.5601096560164394
0.6091012023333338,0.5609142994131935
0.6093012023333335,0.5617114924204413
0.6095012023333335,0.562501213350971
0.6097012023333332,0.5632834405212506
0.6099012023333326,0.5640581522531622
0.6101012023333334,0.5648253268757665
0.6103012023333332,0.5655849427270465
0.610501202333334,0.566336978155743
0.6107012023333331,0.5670814115231291
0.610901202333334,0.5678182212048923
0.6111012023333338,0.5685473855929396
0.6113012023333328,0.5692688830973112
0.6115012023333326,0.5699826921480647
0.6117012023333326,0.5706887911971769
0.6119012023333337,0.5713871587204877
0.6121012023333332,0.5720777732196306
0.6123012023333332,0.572760613224027
0.6125012023333334,0.5734356572928454
0.6127012023333336,0.5741028840170082
0.6129012023333338,0.5747622720212066
0.6131012023333331,0.5754137999659288
0.6133012023333324,0.576057446549514
0.6135012023333335,0.5766931905102093
0.6137012023333333,0.5773210106282268
0.6139012023333337,0.5779408857278631
0.6141012023333334,0.5785527946795748
0.6143012023333336,0.5791567164021112
0.6145012023333336,0.5797526298646282
0.6147012023333329,0.5803405140888334
0.6149012023333329,0.5809203481511425
0.6151012023333329,0.5814921111848279
0.6153012023333335,0.5820557823822025
0.6155012023333333,0.582611340996791
0.6157012023333333,0.5831587663455375
0.6159012023333337,0.5836980378109952
0.6161012023333341,0.5842291348435396
0.6163012023333341,0.5847520369635877
0.6165012023333332,0.5852667237638254
0.6167012023333325,0.5857731749114454
0.6169012023333331,0.5862713701503854
0.6171012023333335,0.5867612893035684
0.6173012023333335,0.5872429122751673
0.6175012023333335,0.587716219052862
0.6177012023333339,0.5881811897101048
0.6179012023333337,0.5886378044083845
0.6181012023333332,0.5890860433995087
0.6183012023333327,0.5895258870278773
0.6185012023333325,0.5899573157327658
0.6187012023333338,0.590380310050611
0.6189012023333331,0.5907948506172849
0.6191012023333335,0.5912009181704092
0.6193012023333331,0.5915984935516236
0.6195012023333342,0.5919875577088933
0.6197012023333337,0.5923680916987867
0.619901202333333,0.5927400766887861
0.6201012023333323,0.59310349395957
0.6203012023333332,0.5934583249073135
0.6205012023333334,0.593804551045969
0.6207012023333331,0.5941421540095698
0.6209012023333331,0.5944711155545166
0.6211012023333335,0.5947914175618606
0.6213012023333335,0.5951030420395899
0.6215012023333335,0.595405971124916
0.621701202333333,0.5957001870865468
0.6219012023333328,0.5959856723269659
0.6221012023333337,0.5962624093847027
0.6223012023333332,0.5965303809365927
0.6225012023333338,0.5967895698000526
0.6227012023333331,0.5970399589353228
0.6229012023333338,0.5972815314477293
0.6231012023333338,0.5975142705899203
0.6233012023333331,0.5977381597641094
0.6235012023333326,0.5979531825243082
0.6237012023333328,0.5981593225785493
0.6239012023333332,0.5983565637911025
0.624101202333333,0.5985448901846852
0.6243012023333336,0.5987242859426686
0.6245012023333338,0.5988947354112624
0.6247012023333338,0.5990562231017066
0.6249012023333336,0.5992087336924415
0.6251012023333331,0.5993522520312773
0.6253012023333326,0.5994867631375473
0.6255012023333333,0.5996122522042565
0.6257012023333333,0.5997287046002114
0.6259012023333337,0.5998361058721515
0.626101202333333,0.599934441746858
0.6263012023333341,0.6000236981332606
0.6265012023333338,0.600103861124522
0.6267012023333329,0.6001749170001232
0.6269012023333329,0.6002368522279264
0.6271012023333329,0.6002896534662301
0.6273012023333338,0.6003333075658108
0.6275012023333333,0.6003678015719502
0.6277012023333333,0.6003931227264522
0.627901202333333,0.6004092584696439
0.6281012023333341,0.6004161964423623
0.6283012023333341,0.6004139244879307
0.628501202333333,0.6004024306541167
0.6287012023333325,0.600381703195077
0.6289012023333331,0.6003517305732886
0.6291012023333336,0.6003125014614646
0.6293012023333335,0.6002640047444558
0.6295012023333333,0.6002062295211326
0.6297012023333339,0.6001391651062563
0.6299012023333337,0.6000628010323344
0.630101202333333,0.599977127051456
0.6303012023333323,0.5998821331371154
0.630501202333333,0.5997778094860146
0.6307012023333336,0.5996641465198559
0.6309012023333331,0.5995411348871128
0.6311012023333336,0.5994087654647837
0.6313012023333335,0.5992670293601328
0.6315012023333335,0.599115917912409
0.6317012023333335,0.5989554226945519
0.631901202333333,0.5987855355148783
0.6321012023333326,0.5986062484187491
0.6323012023333332,0.598417553690221
0.6325012023333336,0.598219443853684
0.6327012023333334,0.5980119116754723
0.6329012023333336,0.5977949501654616
0.6331012023333338,0.5975685525786519
0.633301202333334,0.5973327124167261
0.6335012023333331,0.5970874234295936
0.633701202333333,0.596832679616911
0.6339012023333326,0.5965684752295931
0.6341012023333337,0.5962948047712943
0.6343012023333336,0.5960116629998842
0.6345012023333336,0.595719044928888
0.6347012023333334,0.5954169458289233
0.6349012023333342,0.595105361229107
0.6351012023333338,0.5947842869184552
0.6353012023333331,0.5944537189472476
0.6355012023333324,0.5941136536283866
0.6357012023333333,0.59376408753873
0.6359012023333337,0.5934050175204142
0.6361012023333328,0.5930364406821459
0.6363012023333334,0.5926583544004704
0.6365012023333338,0.5922707563210488
0.6367012023333336,0.5918736443598844
0.6369012023333336,0.5914670167045423
0.6371012023333329,0.5910508718153556
0.6373012023333329,0.5906252084265997
0.6375012023333335,0.5901900255476584
0.637701202333333,0.5897453224641698
0.6379012023333339,0.5892910987391345
0.6381012023333332,0.5888273542140411
0.6383012023333341,0.5883540890099238
0.6385012023333336,0.5878713035284573
0.6387012023333327,0.5873789984529755
0.6389012023333327,0.5868771747495087
0.6391012023333329,0.5863658336677954
0.6393012023333335,0.5858449767422627
0.6395012023333331,0.5853146057930022
0.6397012023333333,0.584774722926706
0.6399012023333337,0.5842253305376098
0.6401012023333337,0.5836664313084026
0.6403012023333334,0.5830980282111103
0.640501202333333,0.5825201245079774
0.6407012023333325,0.5819327237523146
0.6409012023333331,0.5813358297893358
0.6411012023333336,0.580729446756982
0.6413012023333338,0.5801135790867091
0.6415012023333335,0.5794882315042695
0.6417012023333335,0.5788534090304708
0.6419012023333337,0.5782091169819198
0.6421012023333328,0.5775553609717493
0.6423012023333323,0.5768921469103083
0.642501202333333,0.5762194810058592
0.6427012023333334,0.5755373697652504
0.6429012023333334,0.5748458199945545
0.6431012023333331,0.5741448387997024
0.6433012023333335,0.5734344335870943
0.6435012023333342,0.5727146120642022
0.6437012023333335,0.5719853822401462
0.643901202333333,0.5712467524262377
0.6441012023333323,0.5704987312365394
0.6443012023333332,0.5697413275883736
0.6445012023333334,0.568974550702851
0.6447012023333334,0.5681984101053328
0.6449012023333334,0.5674129156259141
0.6451012023333342,0.5666180773998726
0.6453012023333338,0.5658139058681193
0.6455012023333333,0.5650004117775912
0.6457012023333322,0.5641776061816758
0.6459012023333326,0.5633455004405746
0.6461012023333337,0.5625041062216942
0.6463012023333332,0.5616534354999937
0.6465012023333336,0.5607935005582889
0.6467012023333334,0.5599243139876089
0.6469012023333345,0.559045888687463
0.6471012023333336,0.5581582378661631
0.6473012023333329,0.5572613750410441
0.6475012023333326,0.5563553140387489
0.6477012023333333,0.5554400689954507
0.6479012023333337,0.5545156543570832
0.6481012023333332,0.5535820848795309
0.6483012023333337,0.5526393756288084
0.6485012023333341,0.5516875419812537
0.6487012023333338,0.5507265996236688
0.6489012023333334,0.5497565645534561
0.6491012023333329,0.5487774530787457
0.6493012023333324,0.5477892818185036
0.6495012023333335,0.5467920677026157
0.6497012023333333,0.5457858279719926
0.6499012023333339,0.5447705801785842
0.6501012023333337,0.5437463421854707
0.6503012023333341,0.542713132166855
0.6505012023333341,0.54167096860811
0.650701202333333,0.5406198703057618
0.6509012023333325,0.5395598563674642
0.6511012023333329,0.5384909462119901
0.6513012023333336,0.5374131595691833
0.6515012023333331,0.5363265164798972
0.6517012023333335,0.5352310372958986
0.6519012023333339,0.5341267426798129
0.6521012023333337,0.5330136536050027
0.6523012023333334,0.5318917913554427
0.6525012023333332,0.5307611775255981
0.6527012023333325,0.5296218340202765
0.6529012023333334,0.5284737830544467
0.6531012023333334,0.5273170471531048
0.653301202333334,0.5261516491510321
0.6535012023333333,0.524977612192635
0.653701202333334,0.5237949597316777
0.6539012023333337,0.5226037155311017
0.6541012023333328,0.5214039036627388
0.6543012023333328,0.5201955485070513
0.6545012023333323,0.5189786747528826
0.6547012023333338,0.5177533073971274
0.6549012023333332,0.5165194717444879
0.6551012023333336,0.5152771934070701
0.6553012023333331,0.5140264983041307
0.6555012023333338,0.5127674126616697
0.6557012023333335,0.511499963012122
0.655901202333333,0.5102241761939393
0.6561012023333326,0.5089400793512214
0.6563012023333332,0.507647699933305
0.6565012023333334,0.5063470656943675
0.6567012023333336,0.50503820469297
0.6569012023333334,0.5037211452916269
0.657101202333334,0.5023959161563327
0.6573012023333336,0.5010625462561217
0.6575012023333326,0.4997210648625404
0.6577012023333324,0.4983715015491641
0.657901202333333,0.4970138861910879
0.6581012023333337,0.49564824896440085
0.658301202333333,0.4942746203456402
0.6585012023333341,0.4928930311111975
0.6587012023333334,0.491503512336827
0.6589012023333338,0.4901060953969681
0.6591012023333336,0.48870081196422377
0.6593012023333329,0.4872876940087011
0.6595012023333326,0.4858667737973922
0.6597012023333333,0.48443808389354065
0.6599012023333335,0.48300165715599447
0.6601012023333337,0.4815575267385114
0.6603012023333339,0.4801057260890881
0.6605012023333341,0.47864628894926076
0.6607012023333336,0.4771792493533932
0.6609012023333329,0.4757046416279379
0.6611012023333329,0.47422250039069885
0.6613012023333324,0.47273286055008945
0.6615012023333335,0.4712357573043261
0.6617012023333331,0.46973122614070206
0.6619012023333335,0.4682193028347056
0.6621012023333337,0.4667000234492732
0.6623012023333339,0.46517342433392256
0.6625012023333336,0.46363954212392033
0.6627012023333327,0.4620984137394166
0.6629012023333325,0.46055007638455675
0.6631012023333331,0.4589945675466134
0.6633012023333336,0.4574319249950792
0.6635012023333329,0.45586218678073703
0.6637012023333335,0.4542853912346955
0.6639012023333339,0.4527015769674965
0.6641012023333339,0.45111078286810513
0.6643012023333337,0.4495130481029328
0.6645012023333328,0.44790841211484855
0.6647012023333323,0.4462969146221456
0.6649012023333336,0.4446785956175222
0.6651012023333329,0.4430534953670787
0.6653012023333342,0.44142165440914916
0.6655012023333331,0.4397831135533586
0.665701202333334,0.4381379138793832
0.6659012023333335,0.4364860967359785
0.6661012023333326,0.4348277037397529
0.6663012023333326,0.4331627767740557
0.6665012023333328,0.4314913579878371
0.6667012023333336,0.4298134897944461
0.6669012023333332,0.4281292148704672
0.6671012023333336,0.42643857615445424
0.6673012023333336,0.42474161684576917
0.6675012023333338,0.42303838040329095
0.6677012023333335,0.42132891054418364
0.667901202333333,0.4196132512425994
0.6681012023333326,0.41789144672839035
0.6683012023333332,0.41616354148578916
0.6685012023333334,0.4144295802521086
0.6687012023333341,0.41268960801635135
0.6689012023333336,0.41094367001788684
0.6691012023333338,0.4091918117450177
0.6693012023333336,0.407434078933634
0.6695012023333329,0.40567051756576
0.6697012023333324,0.40390117386812147
0.6699012023333326,0.40212609431069896
0.6701012023333337,0.4003453256052554
0.6703012023333332,0.3985589147038673
0.6705012023333337,0.3967669087973481
0.6707012023333334,0.3949693553138002
0.6709012023333345,0.39316630191700064
0.6711012023333336,0.39135779650491764
0.6713012023333331,0.3895438872080265
0.6715012023333324,0.3877246223877876
0.6717012023333331,0.3859000506349781
0.6719012023333335,0.38407022076810027
0.6721012023333337,0.3822351818316801
0.6723012023333337,0.38039498309460484
0.6725012023333341,0.3785496740484184
0.6727012023333334,0.37669930440563376
0.6729012023333327,0.37484392409795114
0.6731012023333325,0.3729835832745349
0.6733012023333329,0.3711183323002346
0.6735012023333335,0.3692482217537969
0.6737012023333331,0.3673733024260532
0.6739012023333335,0.365493625318049
0.6741012023333337,0.36360924163924996
0.6743012023333346,0.3617202028056243
0.6745012023333337,0.3598265604377989
0.6747012023333328,0.3579283663590786
0.6749012023333325,0.3560256725935632
0.6751012023333332,0.354118531364191
0.6753012023333336,0.3522069950907753
0.6755012023333331,0.35029111638799676
0.6757012023333338,0.34837094806337005
0.6759012023333335,0.34644654311527734
0.6761012023333339,0.34451795473084296
0.676301202333333,0.342585236283931
0.6765012023333328,0.34064844133298067
0.6767012023333323,0.33870762361896034
0.6769012023333334,0.336762837063182
0.6771012023333334,0.33481413576521796
0.6773012023333338,0.3328615740006435
0.6775012023333338,0.3309052062189097
0.677701202333334,0.32894508704109043
0.6779012023333335,0.3269812712576803
0.678101202333333,0.3250138138263101
0.6783012023333324,0.3230427698694972
0.6785012023333328,0.3210681946723274
0.6787012023333334,0.31909014368017785
0.6789012023333332,0.3171086724963634
0.6791012023333338,0.3151238368797503
0.679301202333334,0.3131356927424419
0.6795012023333338,0.3111442961473394
0.6797012023333333,0.3091497033057375
0.6799012023333333,0.3071519705748875
0.6801012023333326,0.30515115445556457
0.6803012023333332,0.30314731158954406
0.6805012023333332,0.30114049875717697
0.6807012023333341,0.2991307728748005
0.6809012023333332,0.2971181909922811
0.681101202333334,0.29510281029035523
0.6813012023333342,0.29308468807817833
0.6815012023333324,0.2910638817906601
0.6817012023333324,0.28904044898581016
0.6819012023333324,0.28701444734221415
0.6821012023333335,0.28498593465629607
0.6823012023333332,0.28295496883971216
0.6825012023333337,0.2809216079165797
0.6827012023333332,0.27888591002084917
0.6829012023333338,0.2768479333935031
0.6831012023333338,0.2748077363798834
0.6833012023333329,0.2727653774268712
0.6835012023333324,0.2707209150801026
0.6837012023333329,0.2686744079811895
0.6839012023333335,0.26662591486490167
0.6841012023333335,0.26457549455631635
0.6843012023333337,0.2625232059679412
0.6845012023333339,0.2604691080968672
0.6847012023333341,0.2584132600218618
0.6849012023333323,0.25635572090047987
0.6851012023333325,0.2542965499660527
0.6853012023333329,0.25223580652486344
0.6855012023333331,0.25017354995310964
0.6857012023333331,0.2481098396939318
0.6859012023333335,0.24604473525441511
0.6861012023333335,0.24397829620259698
0.6863012023333344,0.24191058216439765
0.6865012023333337,0.23984165282063646
0.686701202333333,0.23777156790388754
0.6869012023333323,0.23570038719545872
0.6871012023333332,0.2336281705222652
0.6873012023333338,0.23155497775376963
0.6875012023333331,0.22948086879881618
0.6877012023333338,0.22740590360245744
0.687901202333334,0.225330142142885
0.6881012023333342,0.22325364442818998
0.688301202333333,0.22117647049322128
0.6885012023333326,0.21909868039633362
0.6887012023333323,0.21702033421623584
0.6889012023333336,0.21494149204872146
0.6891012023333329,0.21286221400349825
0.6893012023333334,0.21078256020081684
0.6895012023333331,0.2087025907683248
0.6897012023333344,0.20662236583769727
0.6899012023333335,0.20454194554145066
0.6901012023333328,0.20246139000951302
0.6903012023333324,0.20038075936600136
0.690501202333333,0.19830011372586093
0.6907012023333334,0.196219513191561
0.6909012023333327,0.19413901784972012
0.6911012023333336,0.19205868776771556
0.691301202333334,0.18997858299040032
0.691501202333334,0.18789876353665558
0.6917012023333331,0.185819289396028
0.6919012023333329,0.18374022052530709
0.6921012023333326,0.18166161684516213
0.6923012023333337,0.17958353823668413
0.692501202333333,0.1775060445380276
0.6927012023333343,0.17542919554086225
0.6929012023333334,0.17335305098708825
0.693101202333334,0.1712776705652223
0.6933012023333338,0.16920311390709214
0.6935012023333329,0.1671294405842833
0.6937012023333322,0.16505671010469322
0.6939012023333326,0.1629849819090643
0.6941012023333335,0.16091431536752238
0.6943012023333333,0.1588447697760848
0.6945012023333337,0.15677640435312892
0.6947012023333337,0.15470927823596153
0.6949012023333341,0.1526434504772718
0.6951012023333334,0.15057898004167553
0.6953012023333334,0.14851592580214937
0.6955012023333325,0.14645434653659328
0.6957012023333331,0.14439430092424274
0.6959012023333333,0.1423358475422434
0.6961012023333335,0.14027904486206505
0.6963012023333333,0.13822395124601972
0.6965012023333339,0.13617062494371568
0.6967012023333341,0.13411912408858606
0.6969012023333327,0.13206950669433948
0.6971012023333325,0.13002183065140563
0.6973012023333325,0.12797615372349194
0.6975012023333338,0.12593253354400985
0.6977012023333331,0.12389102761262412
0.6979012023333333,0.12185169329163022
0.6981012023333333,0.11981458780254585
0.6983012023333344,0.11777976822253672
0.6985012023333339,0.11574729148097435
0.6987012023333332,0.11371721435585205
0.6989012023333323,0.1116895934703395
0.699101202333333,0.10966448528925593
0.6993012023333336,0.10764194611563103
0.6995012023333331,0.10562203208718147
0.6997012023333335,0.10360479917280377
0.6999012023333342,0.1015903031691579
0.7001012023333335,0.09957859969718244
0.7003012023333328,0.09756974419859478
0.7005012023333324,0.09556379193247784
0.7007012023333326,0.09356079797182049
0.7009012023333336,0.09156081720008355
0.7011012023333327,0.08956390430779965
0.7013012023333334,0.08757011378905666
0.7015012023333334,0.0855794999382081
0.7017012023333344,0.08359211684637542
0.7019012023333338,0.08160801839814165
0.7021012023333333,0.07962725826807684
0.7023012023333324,0.07764988991744359
0.702501202333333,0.07567596659078621
0.7027012023333337,0.07370554131264652
0.7029012023333332,0.07173866688419114
0.7031012023333336,0.0697753958798649
0.7033012023333338,0.0678157806441444
0.7035012023333342,0.06585987328819984
0.7037012023333331,0.06390772568665169
0.7039012023333331,0.06195938947424218
0.7041012023333324,0.060014916042671604
0.7043012023333337,0.058074356537278604
0.7045012023333332,0.05613776185392789
0.7047012023333337,0.05420518263568305
0.7049012023333336,0.05227666926972369
0.7051012023333341,0.050352271884117145
0.705301202333334,0.04843204034470747
0.7055012023333331,0.046516024251962385
0.7057012023333322,0.04460427293785105
0.7059012023333326,0.04269683546275921
0.7061012023333335,0.04079376061243896
0.7063012023333326,0.038895096894945504
0.7065012023333337,0.037000892537532165
0.7067012023333341,0.035111195483755214
0.7069012023333341,0.03322605339039142
0.7071012023333332,0.03134551362450032
0.7073012023333332,0.029469623260447237
0.7075012023333325,0.027598429077028343
0.7077012023333331,0.025731977554500948
0.7079012023333329,0.023870314871774698
0.708101202333334,0.022013486903472886
0.7083012023333335,0.020161539217187184
0.7085012023333339,0.018314517070570642
0.7087012023333339,0.016472465408637216
0.7089012023333328,0.01463542886096086
0.7091012023333323,0.012803451738924516
0.7093012023333325,0.010976578033050525
0.7095012023333338,0.00915485141029867
0.7097012023333331,0.007338315211445659
0.7099012023333335,0.005527012448369148
0.7101012023333333,0.0037209858015465804
0.7103012023333339,0.0019202776174081703
0.7105012023333337,0.00012492990585191276
0.710701202333333,-0.0016650156623238769
0.7109012023333323,-0.003449517757886546
0.7111012023333332,-0.005228535395638539
0.7113012023333334,-0.007002027936802576
0.7115012023333336,-0.00876995509147919
0.7117012023333336,-0.010532276920982043
0.7119012023333342,-0.012288953840192952
0.7121012023333335,-0.014039946619834359
0.7123012023333326,-0.015785216388796496
0.7125012023333324,-0.01752472463635238
0.712701202333333,-0.019258433214365885
0.7129012023333337,-0.02098630433946706
0.713101202333333,-0.02270830059520534
0.7133012023333334,-0.02442438493419934
0.7135012023333336,-0.0261345206801528
0.7137012023333342,-0.027838671529951176
0.7139012023333335,-0.029536801555636975
0.7141012023333331,-0.031228875206438425
0.7143012023333322,-0.03291485731066613
0.7145012023333333,-0.03459471307766866
0.7147012023333339,-0.03626840809964036
0.7149012023333332,-0.03793590835351469
0.7151012023333336,-0.0395971802027835
0.715301202333334,-0.041252190399207786
0.7155012023333338,-0.042900906084582906
0.7157012023333329,-0.044543294792437155
0.7159012023333324,-0.046179324449693866
0.7161012023333324,-0.047808963378275934
0.7163012023333335,-0.04943218029670602
0.716501202333333,-0.05104894432162197
0.7167012023333337,-0.052659224969358175
0.7169012023333334,-0.054262992157336966
0.7171012023333343,-0.05586021620557396
0.7173012023333336,-0.05745086783800512
0.7175012023333329,-0.05903491818391636
0.7177012023333325,-0.06061233877921886
0.7179012023333331,-0.062183101567746084
0.7181012023333335,-0.06374717890247324
0.7183012023333328,-0.06530454354674156
0.7185012023333333,-0.0668551686754427
0.7187012023333339,-0.06839902787609368
0.7189012023333343,-0.06993609514995042
0.719101202333333,-0.07146634491303955
0.719301202333333,-0.07298975199720853
0.7195012023333325,-0.07450629165101594
0.7197012023333338,-0.07601593954072501
0.7199012023333331,-0.07751867175111124
0.720101202333334,-0.07901446478640728
0.7203012023333335,-0.08050329557100153
0.7205012023333339,-0.08198514145028823
0.7207012023333339,-0.08345998019132289
0.7209012023333328,-0.08492778998353552
0.7211012023333323,-0.08638854943938243
0.721301202333333,-0.08784223759491669
0.7215012023333336,-0.08928883391034423
0.7217012023333329,-0.09072831827054953
0.7219012023333335,-0.0921606709856002
0.7221012023333335,-0.0935858727911178
0.7223012023333342,-0.0950039048487272
0.722501202333333,-0.09641474874635553
0.7227012023333332,-0.09781838649860725
0.7229012023333323,-0.09921480054695221
0.7231012023333332,-0.10060397376002794
0.7233012023333332,-0.10198588943374659
0.7235012023333338,-0.1033605312915056
0.7237012023333331,-0.10472788348423351
0.723901202333334,-0.10608793059050664
0.724101202333334,-0.10744065761649615
0.7243012023333324,-0.10878604999599195
0.7245012023333328,-0.1101240935903515
0.7247012023333328,-0.11145477468832372
0.7249012023333341,-0.11277808000596713
0.725101202333333,-0.11409399668639403
0.7253012023333334,-0.11540251229962412
0.7255012023333336,-0.1167036148422228
0.7257012023333345,-0.11799729273703814
0.7259012023333336,-0.11928353483280647
0.7261012023333333,-0.12056233040380548
0.7263012023333324,-0.1218336691493585
0.726501202333333,-0.1230975411934004
0.7267012023333337,-0.1243539370839083
0.7269012023333334,-0.12560284779236697
0.7271012023333334,-0.12684426471317187
0.7273012023333345,-0.12807817966297042
0.7275012023333338,-0.12930458487995447
0.7277012023333322,-0.13052347302318026
0.7279012023333324,-0.1317348371717885
0.7281012023333329,-0.13293867082416091
0.7283012023333335,-0.13413496789710808
0.7285012023333328,-0.13532372272496232
0.7287012023333337,-0.1365049300586871
0.7289012023333337,-0.13767858506485026
0.7291012023333343,-0.13884468332467315
0.7293012023333336,-0.14000322083293948
0.7295012023333327,-0.1411541939969489
0.7297012023333325,-0.14229759963537184
0.7299012023333331,-0.14343343497708444
0.7301012023333338,-0.14456169765996252
0.7303012023333331,-0.14568238572964531
0.7305012023333337,-0.14679549763828056
0.7307012023333339,-0.14790103224315937
0.7309012023333343,-0.14899898880540002
0.7311012023333328,-0.15008936698852465
0.731301202333333,-0.15117216685707802
0.7315012023333325,-0.15224738887509193
0.7317012023333338,-0.15331503390464113
0.7319012023333329,-0.15437510320424114
0.7321012023333331,-0.15542759842734288
0.7323012023333335,-0.15647252162065692
0.7325012023333344,-0.15750987522253107
0.7327012023333339,-0.15853966206124798
0.7329012023333328,-0.15956188535332633
0.7331012023333323,-0.16057654870175425
0.733301202333333,-0.1615836560941893
0.733501202333334,-0.16258321190113073
0.7337012023333327,-0.16357522087405313
0.7339012023333336,-0.16455968814355978
0.734101202333334,-0.16553661921737942
0.7343012023333342,-0.16650601997845466
0.7345012023333333,-0.16746789668292644
0.734701202333333,-0.1684222559581236
0.7349012023333323,-0.1693691048004751
0.7351012023333336,-0.17030845057344723
0.7353012023333332,-0.17124030100537224
0.735501202333334,-0.172164664187353
0.7357012023333331,-0.17308154857101338
0.7359012023333342,-0.17399096296633976
0.7361012023333342,-0.17489291653936848
0.7363012023333326,-0.1757874188099497
0.7365012023333326,-0.1766744796494403
0.7367012023333326,-0.17755410927832907
0.7369012023333339,-0.17842631826390087
0.7371012023333332,-0.1792911175178068
0.7373012023333334,-0.18014851829368572
0.7375012023333334,-0.1809985321846659
0.7377012023333342,-0.1818411711209108
0.7379012023333336,-0.1826764473670851
0.7381012023333329,-0.18350437351985183
0.7383012023333324,-0.18432496250528657
0.7385012023333333,-0.18513822757629866
0.7387012023333337,-0.18594418231000204
0.7389012023333337,-0.18674284060509433
0.7391012023333334,-0.18753421667918607
0.7393012023333341,-0.18831832506611434
0.7395012023333338,-0.1890951806132145
0.7397012023333325,-0.18986479847860105
0.7399012023333325,-0.190627194128411
0.7401012023333329,-0.19138238333399768
0.7403012023333342,-0.1921303821691434
0.740501202333333,-0.19287120700721166
0.7407012023333333,-0.19360487451833894
0.7409012023333337,-0.19433140166651885
0.7411012023333343,-0.1950508057067332
0.7413012023333334,-0.19576310418202936
0.7415012023333329,-0.19646831492060848
0.7417012023333325,-0.19716645603285174
0.7419012023333331,-0.197857545908364
0.7421012023333338,-0.19854160321297154
0.7423012023333333,-0.19921864688572272
0.7425012023333335,-0.1998886961358728
0.7427012023333339,-0.20055177043982345
0.7429012023333339,-0.20120788953807156
0.7431012023333323,-0.2018570734321317
0.7433012023333327,-0.20249934238146178
0.7435012023333327,-0.20313471690032117
0.743701202333334,-0.2037632177546812
0.7439012023333329,-0.2043848659590577
0.7441012023333335,-0.2049996827734023
0.7443012023333335,-0.2056076896998923
0.7445012023333344,-0.20620890847978524
0.7447012023333337,-0.2068033610902044
0.7449012023333326,-0.2073910697409585
0.7451012023333323,-0.20797205687131595
0.7453012023333332,-0.2085463451467757
0.7455012023333338,-0.2091139574558284
0.7457012023333329,-0.20967491690671297
0.7459012023333336,-0.2102292468241719
0.746101202333334,-0.21077697074615726
0.7463012023333344,-0.2113181124205738
0.7465012023333324,-0.21185269580198138
0.7467012023333326,-0.21238074504832774
0.7469012023333323,-0.21290228451760912
0.7471012023333343,-0.2134173387645958
0.7473012023333332,-0.21392593253748282
0.7475012023333338,-0.21442809077461533
0.7477012023333336,-0.2149238386011162
0.7479012023333342,-0.2154132013255844
0.7481012023333338,-0.21589620443673696
0.7483012023333329,-0.21637287360008287
0.7485012023333324,-0.21684323465457223
0.748701202333333,-0.21730731360924452
0.7489012023333337,-0.2177651366398739
0.7491012023333323,-0.21821673008561646
0.7493012023333336,-0.2186621204456693
0.7495012023333338,-0.21910133437587864
0.749701202333334,-0.21953439868540944
0.7499012023333329,-0.21996134033336862
0.7501012023333331,-0.22038218642545745
0.7503012023333324,-0.22079696421059197
0.7505012023333335,-0.2212057010775637
0.7507012023333333,-0.22160842455165752
0.7509012023333339,-0.22200516229131734
0.7511012023333334,-0.22239594208477054
0.7513012023333341,-0.22278079184669147
0.7515012023333341,-0.22315973961483504
0.7517012023333325,-0.22353281354669838
0.7519012023333325,-0.2239000419161837
0.7521012023333329,-0.22426145311024268
0.7523012023333342,-0.2246170756255531
0.7525012023333328,-0.22496693806517912
0.7527012023333337,-0.22531106913526866
0.7529012023333337,-0.2256494976417061
0.7531012023333346,-0.22598225248682294
0.7533012023333334,-0.22630936266607618
0.7535012023333327,-0.22663085726476703
0.7537012023333325,-0.22694676545473697
0.7539012023333336,-0.2272571164910916
0.7541012023333336,-0.22756193970891941
0.7543012023333335,-0.22786126452003788
0.7545012023333333,-0.22815512040972963
0.7547012023333344,-0.2284435369335012
0.7549012023333339,-0.22872654371383766
0.7551012023333323,-0.22900417043698923
0.7553012023333323,-0.22927644684975348
0.7555012023333327,-0.22954340275626442
0.7557012023333338,-0.22980506801480827
0.7559012023333329,-0.23006147253463777
0.7561012023333331,-0.23031264627281678
0.7563012023333335,-0.23055861923105253
0.7565012023333346,-0.23079942145256283
0.7567012023333335,-0.2310350830189422
0.7569012023333328,-0.23126563404705902
0.7571012023333319,-0.23149110468594683
0.7573012023333332,-0.23171152511372642
0.7575012023333343,-0.23192692553452876
0.7577012023333334,-0.23213733617544713
0.7579012023333336,-0.2323427872835039
0.7581012023333338,-0.23254330912261914
0.7583012023333342,-0.23273893197061135
0.7585012023333324,-0.23292968611620551
0.758701202333333,-0.2331156018560709
0.7589012023333324,-0.23329670949185366
0.7591012023333343,-0.23347303932725594
0.7593012023333332,-0.23364462166510286
0.7595012023333332,-0.2338114868044613
0.7597012023333336,-0.23397366503774697
0.7599012023333345,-0.23413118664786858
0.7601012023333338,-0.23428408190538466
0.7603012023333326,-0.23443238106568626
0.7605012023333322,-0.23457611436619333
0.7607012023333333,-0.2347153120235735
0.7609012023333339,-0.23485000423098043
0.7611012023333326,-0.2349802211553179
0.7613012023333334,-0.23510599293452433
0.7615012023333338,-0.23522734967486958
0.7617012023333345,-0.2353443214482866
0.7619012023333329,-0.23545693828971626
0.7621012023333325,-0.235565230194482
0.7623012023333324,-0.23566922711567784
0.762501202333334,-0.23576895896158778
0.762701202333333,-0.23586445559312127
0.7629012023333339,-0.23595574682128312
0.7631012023333332,-0.23604286240465153
0.7633012023333343,-0.23612583204689586
0.7635012023333341,-0.23620468539430498
0.7637012023333325,-0.2362794520333511
0.7639012023333327,-0.23635016148827215
0.7641012023333329,-0.23641684321867915
0.764301202333334,-0.23647952661719093
0.7645012023333329,-0.2365382410070923
0.7647012023333333,-0.23659301564002166
0.7649012023333337,-0.23664387969367695
0.7651012023333339,-0.23669086226955519
0.765301202333333,-0.23673399239071324
0.7655012023333327,-0.23677329899955815
0.7657012023333325,-0.23680881095566045
0.7659012023333338,-0.2368405570335978
0.7661012023333336,-0.23686856592082184
0.7663012023333338,-0.23689286621555683
0.7665012023333335,-0.2369134864247203
0.7667012023333342,-0.23693045496187481
0.7669012023333339,-0.2369438001452052
0.7671012023333319,-0.23695355019552444
0.7673012023333323,-0.23695973323430805
0.767501202333333,-0.23696237728175332
0.767701202333334,-0.23696151025487122
0.7679012023333329,-0.23695715996560268
0.7681012023333331,-0.2369493541189651
0.7683012023333335,-0.23693812031122696
0.7685012023333349,-0.23692348602811097
0.7687012023333333,-0.23690547864302616
0.7689012023333326,-0.23688412541532783
0.7691012023333319,-0.23685945348860782
0.7693012023333334,-0.23683148988901256
0.7695012023333341,-0.23680026152359185
0.7697012023333334,-0.2367657951786746
0.7699012023333334,-0.2367281175182748
0.7701012023333342,-0.2366872550825273
0.770301202333334,-0.2366432342861538
0.770501202333332,-0.23659608141695576
0.7707012023333324,-0.23654582263433718
0.7709012023333328,-0.23649248396786124
0.7711012023333339,-0.2364360913158306
0.7713012023333328,-0.2363766704439026
0.7715012023333332,-0.23631424698372772
0.7717012023333338,-0.2362488464316262
0.7719012023333347,-0.23618049414728748
0.7721012023333331,-0.23610921535250412
0.7723012023333329,-0.2360350351299292
0.7725012023333326,-0.23595797842187283
0.7727012023333333,-0.23587807002912026
0.7729012023333339,-0.23579533460978486
0.773101202333333,-0.23570979667818892
0.7733012023333334,-0.23562148060377233
0.7735012023333341,-0.23553041061003657
0.7737012023333345,-0.23543661077351424
0.7739012023333325,-0.2353401050227698
0.7741012023333329,-0.23524091713742606
0.7743012023333324,-0.23513907074723148
0.7745012023333344,-0.2350345893311422
0.7747012023333331,-0.23492749621645065
0.7749012023333337,-0.23481781457792308
0.7751012023333337,-0.2347055674369885
0.7753012023333343,-0.23459077766094164
0.7755012023333341,-0.23447346796218307
0.7757012023333327,-0.23435366089748524
0.7759012023333325,-0.23423137886728757
0.7761012023333329,-0.23410664411502657
0.7763012023333338,-0.23397947872648805
0.7765012023333326,-0.23384990462919422
0.7767012023333335,-0.23371794359181086
0.7769012023333339,-0.23358361722359816
0.7771012023333339,-0.23344694697387686
0.777301202333333,-0.23330795413152977
0.777501202333333,-0.23316665982452883
0.7777012023333325,-0.2330230850194971
0.7779012023333336,-0.23287725052128871
0.7781012023333331,-0.23272917697261136
0.7783012023333338,-0.23257888485365885
0.7785012023333333,-0.2324263944817917
0.7787012023333342,-0.23227172601122753
0.7789012023333344,-0.2321148994327754
0.7791012023333324,-0.23195593457358626
0.7793012023333326,-0.23179485109693126
0.7795012023333323,-0.23163166850202066
0.7797012023333341,-0.23146640612383235
0.7799012023333327,-0.23129908313298564
0.7801012023333336,-0.23112971853561762
0.7803012023333331,-0.23095833117331752
0.7805012023333344,-0.2307849397230589
0.7807012023333335,-0.23060956269718247
0.7809012023333326,-0.23043221844338208
0.7811012023333324,-0.2302529251447365
0.7813012023333334,-0.23007170081975736
0.7815012023333334,-0.2298885633224686
0.7817012023333336,-0.22970353034250224
0.7819012023333334,-0.22951661940522955
0.7821012023333345,-0.22932784787191166
0.782301202333334,-0.22913723293988225
0.782501202333332,-0.22894479164274442
0.7827012023333326,-0.22875054085059618
0.7829012023333328,-0.22855449727029364
0.7831012023333337,-0.22835667744571708
0.7833012023333328,-0.22815709775807835
0.7835012023333336,-0.2279557744262364
0.7837012023333336,-0.22775272350705783
0.7839012023333345,-0.22754796089577747
0.7841012023333334,-0.22734150232640357
0.7843012023333329,-0.22713336337212536
0.7845012023333324,-0.2269235594457625
0.7847012023333333,-0.2267121058002245
0.7849012023333339,-0.22649901752900128
0.7851012023333332,-0.22628430956666812
0.7853012023333339,-0.22606799668941296
0.7855012023333341,-0.22585009351559596
0.7857012023333341,-0.22563061450631766
0.7859012023333325,-0.2254095739660166
0.7861012023333329,-0.22518698604307785
0.7863012023333324,-0.22496286473048277
0.7865012023333338,-0.22473722386645206
0.7867012023333331,-0.22451007713513693
0.7869012023333335,-0.22428143806730105
0.7871012023333337,-0.22405132004105038
0.7873012023333343,-0.22381973628256285
0.7875012023333336,-0.22358669986684826
0.7877012023333327,-0.22335222371851834
0.7879012023333325,-0.22311632061258246
0.7881012023333329,-0.22287900317526083
0.7883012023333336,-0.22264028388481466
0.7885012023333329,-0.2224001750723944
0.7887012023333335,-0.22215868892289922
0.7889012023333342,-0.22191583747587035
0.7891012023333344,-0.2216716326263852
0.789301202333333,-0.22142608612597653
0.7895012023333328,-0.22117920958356033
0.7897012023333323,-0.22093101446639596
0.789901202333334,-0.2206815121010423
0.7901012023333327,-0.22043071367435385
0.790301202333334,-0.2201786302344546
0.7905012023333335,-0.21992527269177714
0.7907012023333344,-0.21967065182006776
0.7909012023333335,-0.21941477825744576
0.7911012023333326,-0.2191576625074461
0.7913012023333326,-0.2188993149400966
0.7915012023333328,-0.2186397457930036
0.7917012023333341,-0.2183789651724454
0.7919012023333327,-0.2181169830544911
0.7921012023333336,-0.21785380928610792
0.7923012023333338,-0.2175894535863181
0.792501202333334,-0.21732392554733382
0.7927012023333333,-0.21705723463572435
0.7929012023333328,-0.21678939019358423
0.7931012023333326,-0.21652040143972162
0.7933012023333337,-0.2162502774708507
0.7935012023333334,-0.21597902726280468
0.7937012023333341,-0.21570665967174069
0.7939012023333338,-0.21543318343537934
0.794101202333334,-0.21515860717423238
0.794301202333334,-0.21488293939285666
0.7945012023333322,-0.21460618848110874
0.7947012023333329,-0.21432836271540218
0.7949012023333331,-0.21404947025999876
0.7951012023333337,-0.21376951916827774
0.7953012023333326,-0.21348851738403593
0.7955012023333337,-0.2132064727427742
0.7957012023333341,-0.2129233929730232
0.7959012023333347,-0.21263928569764332
0.7961012023333331,-0.21235415843515504
0.7963012023333331,-0.21206801860105567
0.7965012023333324,-0.2117808735091702
0.7967012023333333,-0.21149273037297914
0.7969012023333331,-0.21120359630697788
0.7971012023333333,-0.21091347832801755
0.7973012023333337,-0.2106223833566721
0.7975012023333343,-0.2103303182185982
0.7977012023333341,-0.21003728964590632
0.7979012023333321,-0.20974330427853133
0.7981012023333325,-0.2094483686656027
0.7983012023333325,-0.2091524892668436
0.798501202333334,-0.2088556724539377
0.7987012023333326,-0.20855792451193533
0.7989012023333335,-0.20825925164061998
0.7991012023333339,-0.2079596599559292
0.7993012023333348,-0.2076591554913339
0.7995012023333337,-0.20735774419924902
0.7997012023333328,-0.20705543195242163
0.7999012023333325,-0.2067522245453442
0.8001012023333332,-0.20644812769565674
0.8003012023333336,-0.20614314704555378
0.8005012023333331,-0.2058372881631891
0.8007012023333338,-0.20553055654407915
0.8009012023333342,-0.20522295761252005
0.8011012023333346,-0.20491449672298817
0.8013012023333326,-0.20460517916155413
0.8015012023333328,-0.2042950101472756
0.8017012023333323,-0.20398399483362598
0.8019012023333338,-0.2036721383098806
0.8021012023333329,-0.2033594456025411
0.8023012023333336,-0.20304592167671381
0.8025012023333338,-0.20273157143753476
0.8027012023333344,-0.2024163997315545
0.802901202333334,-0.20210041134814477
0.803101202333333,-0.20178361102088604
0.8033012023333324,-0.2014660034289631
0.803501202333333,-0.2011475931985539
0.8037012023333334,-0.2008283849042212
0.8039012023333325,-0.20050838307028993
0.8041012023333338,-0.2001875921722203
0.804301202333334,-0.19986601663800113
0.8045012023333342,-0.1995436608495032
0.8047012023333331,-0.19922052914385732
0.8049012023333333,-0.198896625814806
0.8051012023333324,-0.19857195511407585
0.8053012023333337,-0.19824652125271236
0.8055012023333326,-0.1979203284024495
0.8057012023333341,-0.19759338069702237
0.8059012023333336,-0.19726568223353522
0.8061012023333345,-0.1969372370737627
0.8063012023333345,-0.19660804924549524
0.8065012023333329,-0.19627812274384615
0.8067012023333329,-0.19594746153255754
0.8069012023333324,-0.19561606954532065
0.8071012023333335,-0.1952839506870569
0.8073012023333326,-0.19495110883522437
0.8075012023333339,-0.1946175478410785
0.8077012023333336,-0.1942832715309728
0.8079012023333343,-0.1939482837076029
0.8081012023333334,-0.19361258815128465
0.8083012023333329,-0.19327618862118923
0.8085012023333322,-0.19293908885659805
0.8087012023333331,-0.19260129257812864
0.8089012023333331,-0.19226280348897085
0.8091012023333335,-0.191923625276091
0.8093012023333337,-0.191583761611448
0.8095012023333339,-0.19124321615318787
0.8097012023333341,-0.19090199254683368
0.8099012023333323,-0.19056009442646832
0.8101012023333327,-0.19021752541588988
0.8103012023333329,-0.1898742891297929
0.8105012023333331,-0.18953038917490234
0.8107012023333322,-0.1891858291511194
0.8109012023333335,-0.18884061265264052
0.8111012023333335,-0.18849474326909482
0.8113012023333348,-0.18814822458662941
0.8115012023333334,-0.1878010601890278
0.811701202333333,-0.18745325365877175
0.8119012023333323,-0.18710480857813605
0.8121012023333334,-0.18675572853023847
0.8123012023333338,-0.1864060171001051
0.8125012023333331,-0.18605567787569893
0.8127012023333338,-0.18570471444894662
0.812901202333334,-0.18535313041676818
0.8131012023333342,-0.18500092938206997
0.8133012023333326,-0.18464811495474542
0.813501202333333,-0.1842946907526415
0.8137012023333323,-0.1839406604025493
0.8139012023333341,-0.18358602754113543
0.8141012023333325,-0.18323079581591406
0.8143012023333334,-0.18287496888613955
0.8145012023333338,-0.1825185504237615
0.8147012023333344,-0.18216154411430674
0.8149012023333333,-0.18180395365778354
0.8151012023333333,-0.18144578276954648
0.8153012023333324,-0.18108703518117997
0.815501202333333,-0.18072771464133416
0.8157012023333332,-0.1803678249165807
0.8159012023333327,-0.18000736979222676
0.8161012023333338,-0.17964635307312715
0.816301202333334,-0.17928477858449524
0.8165012023333345,-0.1789226501726742
0.8167012023333329,-0.17855997170592036
0.8169012023333329,-0.17819674707514507
0.8171012023333326,-0.1778329801946789
0.8173012023333339,-0.17746867500298485
0.8175012023333326,-0.1771038354633927
0.8177012023333341,-0.176738465564772
0.8179012023333336,-0.17637256932225703
0.8181012023333345,-0.17600615077788673
0.8183012023333336,-0.17563921400129073
0.8185012023333329,-0.17527176309031461
0.8187012023333329,-0.17490380217166268
0.8189012023333329,-0.17453533540151403
0.8191012023333333,-0.17416636696612153
0.8193012023333324,-0.1737969010824058
0.8195012023333337,-0.17342694199851505
0.8197012023333337,-0.17305649399440778
0.8199012023333341,-0.17268556138237393
0.820101202333333,-0.17231414850758278
0.8203012023333329,-0.17194225974858293
0.8205012023333325,-0.17156989951782012
0.8207012023333335,-0.1711970722621094
0.8209012023333329,-0.1708237824631243
0.8211012023333335,-0.17045003463783193
0.8213012023333337,-0.1700758333389577
0.8215012023333339,-0.16970118315540023
0.8217012023333341,-0.16932608871265062
0.8219012023333323,-0.16895055467319403
0.8221012023333327,-0.16857458573687947
0.8223012023333327,-0.16819818664131453
0.8225012023333336,-0.16782136216220053
0.8227012023333322,-0.16744411711368898
0.8229012023333335,-0.16706645634868547
0.8231012023333335,-0.16668838475919295
0.8233012023333346,-0.1663099072765798
0.8235012023333337,-0.16593102887188674
0.823701202333333,-0.16555175455607377
0.8239012023333323,-0.16517208938028924
0.8241012023333334,-0.1647920384361011
0.8243012023333331,-0.16441160685573572
0.8245012023333331,-0.16403079981227017
0.8247012023333338,-0.1636496225198399
0.8249012023333344,-0.16326808023382186
0.825101202333334,-0.16288617825100063
0.8253012023333324,-0.16250392190972002
0.8255012023333324,-0.16212131659001983
0.8257012023333328,-0.16173836771377417
0.8259012023333336,-0.16135508074479338
0.8261012023333325,-0.16097146118892947
0.8263012023333336,-0.16058751459414222
0.8265012023333342,-0.16020324655059484
0.8267012023333349,-0.15981866269069167
0.8269012023333335,-0.1594337686891311
0.8271012023333328,-0.15904857026292063
0.8273012023333326,-0.15866307317140693
0.827501202333333,-0.15827728321627085
0.8277012023333334,-0.15789120624151823
0.8279012023333328,-0.15750484813345406
0.8281012023333341,-0.15711821482063504
0.8283012023333345,-0.1567313122738372
0.8285012023333349,-0.15634414650597256
0.8287012023333324,-0.15595672357202556
0.8289012023333329,-0.1555690495689378
0.8291012023333324,-0.15518113063554004
0.8293012023333339,-0.15479297295240327
0.8295012023333326,-0.15440458274173796
0.8297012023333334,-0.15401596626721703
0.8299012023333341,-0.1536271298338553
0.8301012023333345,-0.15323807978782322
0.8303012023333338,-0.15284882251627352
0.8305012023333329,-0.15245936444714464
0.8307012023333329,-0.1520697120489593
0.8309012023333331,-0.15167987183061285
0.8311012023333335,-0.15128985034114054
0.8313012023333324,-0.15089965416948198
0.8315012023333337,-0.15050928994421536
0.8317012023333341,-0.15011876433331975
0.8319012023333343,-0.14972808404387772
0.832101202333333,-0.14933725582180118
0.8323012023333329,-0.14894628645152233
0.8325012023333327,-0.14855518275570062
0.8327012023333338,-0.148163951594889
0.8329012023333326,-0.14777259986721936
0.8331012023333335,-0.14738113450803536
0.8333012023333339,-0.14698956248956804
0.8335012023333344,-0.1465978908205547
0.8337012023333339,-0.14620612654587373
0.8339012023333323,-0.14581427674615638
0.8341012023333327,-0.1454223485373878
0.8343012023333325,-0.14503034907052065
0.8345012023333336,-0.14463828553104038
0.8347012023333322,-0.14424616513856167
0.8349012023333335,-0.14385399514636635
0.8351012023333335,-0.1434617828409942
0.8353012023333344,-0.1430695355417614
0.835501202333333,-0.14267726060031988
0.8357012023333326,-0.14228496540016375
0.8359012023333328,-0.14189265735616782
0.8361012023333338,-0.1415003439140902
0.8363012023333329,-0.1411080325500811
0.8365012023333334,-0.14071573077015828
0.8367012023333336,-0.14032344610971267
0.8369012023333342,-0.13993118613297134
0.8371012023333335,-0.13953895843247352
0.8373012023333324,-0.13914677062852182
0.8375012023333328,-0.138754630368636
0.837701202333333,-0.13836254532700715
0.8379012023333337,-0.1379705232039214
0.8381012023333321,-0.13757857172520085
0.8383012023333334,-0.13718669864160232
0.8385012023333338,-0.13679491172826477
0.8387012023333349,-0.13640321878408812
0.8389012023333331,-0.13601162763115376
0.8391012023333331,-0.13562014611409218
0.839301202333333,-0.13522878209949793
0.8395012023333337,-0.13483754347529195
0.8397012023333337,-0.13444643815010457
0.8399012023333332,-0.1340554740526357
0.8401012023333341,-0.1336646591310159
0.8403012023333345,-0.13327400135217246
0.8405012023333338,-0.1328835087011695
0.8407012023333322,-0.13249318918055206
0.8409012023333324,-0.13210305080968232
0.8411012023333329,-0.1317131016240851
0.8413012023333339,-0.1313233496747644
0.8415012023333324,-0.13093380302753665
0.8417012023333332,-0.1305444697623258
0.8419012023333343,-0.13015535797250674
0.8421012023333343,-0.12976647576419834
0.8423012023333334,-0.12937783125556623
0.8425012023333327,-0.1289894325761239
0.8427012023333329,-0.12860128786603164
0.8429012023333331,-0.12821340527538994
0.8431012023333331,-0.1278257929635233
0.8433012023333326,-0.1274384590982658
0.8435012023333339,-0.12705141185523755
0.8437012023333343,-0.12666465941713528
0.8439012023333343,-0.12627820997299172
0.8441012023333323,-0.12589207171745626
0.8443012023333327,-0.12550625285004707
0.8445012023333327,-0.12512076157444307
0.8447012023333342,-0.12473560609772197
0.8449012023333324,-0.12435079462964342
0.8451012023333335,-0.12396633538187227
0.8453012023333342,-0.12358223656727338
0.8455012023333344,-0.12319850639914061
0.8457012023333337,-0.12281515309045588
0.8459012023333328,-0.1224321848531352
0.8461012023333327,-0.1220496098972787
0.846301202333333,-0.12166743643042136
0.8465012023333331,-0.12128567265677405
0.8467012023333322,-0.12090432677647031
0.8469012023333335,-0.12052340698479938
0.847101202333334,-0.12014292147146871
0.8473012023333342,-0.11976287841982657
0.847501202333333,-0.11938328600611267
0.847701202333333,-0.11900415239868956
0.847901202333333,-0.11862548575729455
0.8481012023333341,-0.11824729423227029
0.8483012023333327,-0.117869585963816
0.8485012023333336,-0.11749236908120414
0.8487012023333338,-0.11711565170204988
0.8489012023333342,-0.11673944193153012
0.8491012023333335,-0.11636374786163549
0.8493012023333324,-0.11598857757040462
0.8495012023333328,-0.11561393912116719
0.849701202333333,-0.11523984056179722
0.8499012023333337,-0.11486628992394501
0.8501012023333323,-0.11449329522229389
0.8503012023333336,-0.11412086445378726
0.8505012023333336,-0.11374900559690646
0.8507012023333345,-0.11337772661089247
0.8509012023333331,-0.1130070354350195
0.8511012023333329,-0.11263693998782574
0.8513012023333328,-0.11226744816638867
0.8515012023333337,-0.11189856784557183
0.8517012023333332,-0.1115303068772919
0.851901202333333,-0.11116267308976885
0.8521012023333341,-0.11079567428679762
0.8523012023333345,-0.11042931824702025
0.8525012023333336,-0.11006361272318649
0.8527012023333322,-0.10969856544142655
0.8529012023333329,-0.1093341841005256
0.8531012023333331,-0.1089704763712147
0.8533012023333335,-0.10860744989543684
0.8535012023333324,-0.108245112285642
0.8537012023333332,-0.1078834711240616
0.8539012023333341,-0.10752253396201958
0.8541012023333348,-0.10716230831921394
0.8543012023333327,-0.10680280168302367
0.8545012023333327,-0.10644402150779438
0.8547012023333329,-0.10608597521416958
0.8549012023333336,-0.10572867018838582
0.8551012023333335,-0.10537211378159467
0.8553012023333331,-0.10501631330917623
0.8555012023333342,-0.10466127605006245
0.8557012023333339,-0.10430700924607668
0.8559012023333343,-0.1039535201012495
0.8561012023333323,-0.10360081578117326
0.856301202333333,-0.10324890341232094
0.8565012023333327,-0.10289779008142269
0.856701202333334,-0.10254748283479193
0.8569012023333324,-0.10219798867770505
0.8571012023333331,-0.10184931457373461
0.8573012023333342,-0.10150146744414587
0.8575012023333342,-0.10115445416725628
0.857701202333333,-0.10080828157781194
0.857901202333333,-0.1004629564663699
0.8581012023333328,-0.10011848557869713
0.858301202333333,-0.09977487561515624
0.8585012023333334,-0.09943213323011081
0.8587012023333325,-0.0990902650313327
0.858901202333334,-0.09874927757940301
0.8591012023333342,-0.09840917738715287
0.8593012023333342,-0.09806997091906623
0.8595012023333333,-0.0977316645907223
0.8597012023333332,-0.09739426476822496
0.8599012023333326,-0.09705777776765603
0.8601012023333341,-0.09672220985451167
0.8603012023333327,-0.09638756724317915
0.8605012023333336,-0.09605385609636904
0.860701202333334,-0.09572108252461471
0.8609012023333342,-0.09538925258572968
0.8611012023333335,-0.09505837228429703
0.8613012023333328,-0.09472844757115449
0.861501202333333,-0.0943994843428929
0.8617012023333326,-0.09407148844136373
0.8619012023333334,-0.09374446565317912
0.8621012023333321,-0.0934184217092434
0.8623012023333334,-0.09309336228425508
0.8625012023333336,-0.09276929299626539
0.8627012023333342,-0.09244621940619417
0.8629012023333331,-0.0921241470173904
0.8631012023333331,-0.09180308127517074
0.8633012023333329,-0.09148302756639481
0.8635012023333335,-0.09116399121902234
0.863701202333333,-0.09084597750169687
0.8639012023333337,-0.090528991623317
0.8641012023333341,-0.09021303873263865
0.8643012023333341,-0.08989812391786538
0.8645012023333336,-0.08958425220625496
0.8647012023333325,-0.0892714285637333
0.8649012023333329,-0.08895965789451055
0.8651012023333331,-0.08864894504071955
0.8653012023333335,-0.0883392947820421
0.8655012023333322,-0.0880307118353602
0.8657012023333337,-0.08772320085439346
0.8659012023333339,-0.08741676642938256
0.8661012023333348,-0.08711141308673342
0.866301202333333,-0.08680714528870993
0.8665012023333332,-0.08650396743309696
0.8667012023333331,-0.08620188385291405
0.8669012023333336,-0.0859008988160996
0.8671012023333335,-0.08560101652522464
0.8673012023333329,-0.08530224111720452
0.8675012023333339,-0.085004576663019
0.8677012023333339,-0.08470802716745542
0.8679012023333337,-0.08441259656883407
0.8681012023333323,-0.084118288738764
0.8683012023333327,-0.08382510748188995
0.8685012023333327,-0.08353305653566882
0.8687012023333338,-0.0832421395701285
0.868901202333332,-0.0829523601876607
0.8691012023333331,-0.08266372192278681
0.869301202333334,-0.08237622824198071
0.8695012023333344,-0.08208988254345585
0.8697012023333333,-0.08180468815698272
0.8699012023333328,-0.08152064834370339
0.870101202333333,-0.08123776629596777
0.8703012023333332,-0.0809560451371679
0.8705012023333334,-0.08067548792158122
0.8707012023333327,-0.08039609763422471
0.8709012023333338,-0.08011787719071109
0.871101202333334,-0.07984082943712892
0.8713012023333344,-0.07956495714990813
0.8715012023333324,-0.07929026303571532
0.871701202333333,-0.07901674973133177
0.8719012023333328,-0.07874441980357696
0.8721012023333343,-0.07847327574919846
0.8723012023333323,-0.07820331999480831
0.8725012023333334,-0.07793455489678211
0.872701202333334,-0.07766698274122283
0.8729012023333342,-0.07740060574388351
0.8731012023333331,-0.07713542605012355
0.8733012023333331,-0.07687144573486052
0.8735012023333331,-0.07660866680254501
0.873701202333333,-0.07634709118712825
0.873901202333333,-0.07608672075204505
0.8741012023333321,-0.07582755729020406
0.8743012023333336,-0.07556960252397898
0.8745012023333338,-0.07531285810522809
0.874701202333334,-0.07505732561529119
0.8749012023333331,-0.07480300656502026
0.8751012023333331,-0.07454990239480083
0.8753012023333329,-0.07429801447459602
0.8755012023333335,-0.07404734410398348
0.8757012023333324,-0.07379789251221487
0.8759012023333332,-0.07354966085826178
0.8761012023333341,-0.07330265023089771
0.8763012023333341,-0.07305686164876413
0.8765012023333336,-0.07281229606045159
0.8767012023333327,-0.07256895434459144
0.8769012023333334,-0.07232683730994928
0.8771012023333329,-0.07208594569553751
0.8773012023333335,-0.07184628017071464
0.877501202333332,-0.07160784133531739
0.8777012023333337,-0.07137062971976843
0.8779012023333339,-0.0711346457852336
0.8781012023333346,-0.07089988992374129
0.8783012023333334,-0.07066636245834293
0.8785012023333332,-0.07043406364325756
0.8787012023333329,-0.07020299366404265
0.8789012023333334,-0.06997315263775761
0.8791012023333329,-0.06974454061314302
0.8793012023333331,-0.06951715757079753
0.8795012023333335,-0.06929100342337316
0.8797012023333344,-0.06906607801576783
0.8799012023333339,-0.06884238112533192
0.8801012023333326,-0.06861991246207247
0.8803012023333328,-0.0683986716688706
0.880501202333333,-0.06817865832171008
0.8807012023333332,-0.0679598719299008
0.880901202333332,-0.06774231193631794
0.8811012023333331,-0.06752597771763733
0.881301202333334,-0.06731086858459558
0.8815012023333348,-0.06709698378223597
0.8817012023333333,-0.0668843224901749
0.8819012023333332,-0.06667288382285981
0.882101202333333,-0.06646266682985538
0.8823012023333332,-0.0662536704961142
0.8825012023333334,-0.06604589374226638
0.8827012023333327,-0.06583933542490963
0.8829012023333338,-0.06563399433690305
0.883101202333334,-0.0654298692076789
0.8833012023333342,-0.06522695870354253
0.8835012023333326,-0.06502526142799323
0.883701202333333,-0.06482477592203591
0.8839012023333328,-0.06462550066451905
0.8841012023333339,-0.06442743407245483
0.8843012023333323,-0.06423057450136593
0.884501202333333,-0.0640349202456133
0.884701202333334,-0.06384046953875833
0.8849012023333345,-0.06364722055390827
0.8851012023333331,-0.06345517140407445
0.8853012023333329,-0.06326432014253133
0.8855012023333328,-0.06307466476319143
0.8857012023333333,-0.06288620320097364
0.8859012023333332,-0.06269893333218247
0.8861012023333323,-0.06251285297488954
0.8863012023333341,-0.062327959889316616
0.8865012023333341,-0.062144251778239325
0.8867012023333345,-0.0619617262873694
0.8869012023333334,-0.06178038100576585
0.8871012023333331,-0.06160021346623219
0.8873012023333329,-0.06142122114573373
0.887501202333334,-0.06124340146580589
0.8877012023333324,-0.06106675179297995
0.8879012023333337,-0.06089126943919184
0.8881012023333339,-0.060716951662225724
0.8883012023333343,-0.060543795666131536
0.8885012023333336,-0.06037179860166632
0.8887012023333327,-0.060200957566728594
0.8889012023333331,-0.06003126960680198
0.8891012023333329,-0.059862731715404266
0.8893012023333331,-0.05969534083453197
0.889501202333332,-0.05952909385511802
0.8897012023333335,-0.05936398761748157
0.8899012023333339,-0.05920001891179921
0.8901012023333339,-0.059037184478558234
0.890301202333333,-0.05887548100902818
0.8905012023333332,-0.05871490514572776
0.8907012023333329,-0.058555453482902795
0.8909012023333338,-0.0583971225669972
0.8911012023333331,-0.05823990889713775
0.8913012023333331,-0.058083808925608986
0.8915012023333335,-0.05792881905834406
0.8917012023333342,-0.057774935655410226
0.8919012023333337,-0.05762215503150017
0.8921012023333323,-0.05747047345642309
0.892301202333333,-0.057319887155598895
0.892501202333333,-0.05717039231056306
0.8927012023333338,-0.05702198505945894
0.892901202333332,-0.05687466149754787
0.8931012023333336,-0.05672841767770319
0.8933012023333338,-0.056583249610931946
0.8935012023333349,-0.056439153266871545
0.8937012023333331,-0.05629612457430993
0.893901202333333,-0.05615415942168882
0.8941012023333332,-0.056013253657628784
0.8943012023333334,-0.05587340309144106
0.8945012023333334,-0.05573460349364662
0.894701202333333,-0.05559685059649666
0.8949012023333338,-0.05546014009449308
0.8951012023333342,-0.055324467644915234
0.8953012023333338,-0.05518982886834166
0.8955012023333324,-0.055056219349176455
0.8957012023333326,-0.05492363463617558
0.8959012023333328,-0.054792070242979635
0.8961012023333339,-0.05466152164863926
0.8963012023333323,-0.05453198429815051
0.8965012023333334,-0.05440345360297809
0.8967012023333338,-0.054275924941599205
0.8969012023333347,-0.054149393660029
0.8971012023333331,-0.05402385507236017
0.8973012023333329,-0.053899304461291375
0.8975012023333329,-0.05377573707867038
0.8977012023333335,-0.05365314814602622
0.8979012023333333,-0.0535315328551083
0.8981012023333326,-0.05341088636842136
0.8983012023333341,-0.05329120381976283
0.8985012023333341,-0.05317248031476628
0.8987012023333345,-0.05305471093143216
0.8989012023333325,-0.05293789072067243
0.8991012023333329,-0.05282201470684208
0.8993012023333329,-0.05270707788828619
0.8995012023333342,-0.05259307523787163
0.8997012023333324,-0.05248000170353157
0.899901202333333,-0.052367852208794474
0.9001012023333339,-0.052256621653332336
0.9003012023333343,-0.0521463049134932
0.9005012023333334,-0.0520368968428392
0.9007012023333327,-0.051928392272682505
0.9009012023333332,-0.051820786012623465
0.9011012023333331,-0.05171407285108724
0.9013012023333331,-0.05160824755585704
0.9015012023333322,-0.051503304874610495
0.9017012023333335,-0.051399239535450815
0.9019012023333339,-0.05129604624744541
0.9021012023333339,-0.05119371970115277
0.902301202333333,-0.05109225456915672
0.9025012023333332,-0.05099164550659468
0.9027012023333325,-0.05089188715169065
0.9029012023333345,-0.050792974126278465
0.9031012023333325,-0.050694901036337205
0.9033012023333331,-0.050597662472505155
0.903501202333334,-0.05050125301061571
0.9037012023333342,-0.050405667212215594
0.9039012023333337,-0.05031089962508719
0.9041012023333326,-0.05021694478376951
0.9043012023333332,-0.050123797210076336
0.904501202333333,-0.05003145141361716
0.9047012023333338,-0.049939901892308625
0.9049012023333325,-0.04984914313289368
0.9051012023333334,-0.049759169611448065
0.9053012023333338,-0.04966997579389808
0.9055012023333346,-0.04958155613652475
0.9057012023333335,-0.04949390508647426
0.905901202333333,-0.049407017082259655
0.9061012023333328,-0.04932088655426773
0.9063012023333337,-0.04923550792525843
0.906501202333333,-0.049150875610866535
0.9067012023333332,-0.04906698402009507
0.9069012023333338,-0.048983827555813826
0.907101202333334,-0.04890140061525129
0.9073012023333338,-0.048819697590484726
0.9075012023333324,-0.04873871286892932
0.9077012023333328,-0.048658440833822474
0.907901202333333,-0.048578875864710915
0.9081012023333337,-0.048500012337928985
0.9083012023333319,-0.048421844627080005
0.9085012023333334,-0.048344367103507556
0.9087012023333336,-0.04826757413677714
0.9089012023333345,-0.04819146009514043
0.9091012023333327,-0.048116019346008496
0.9093012023333329,-0.048041246256412776
0.9095012023333331,-0.04796713519347373
0.9097012023333333,-0.04789368052485808
0.9099012023333335,-0.0478208766192373
0.9101012023333328,-0.0477487178467427
0.9103012023333339,-0.04767719857941586
0.9105012023333341,-0.047606313191661004
0.9107012023333341,-0.04753605606068799
0.9109012023333325,-0.04746642156695756
0.9111012023333329,-0.04739740409461901
0.9113012023333324,-0.04732899803195146
0.9115012023333342,-0.047261197771793655
0.9117012023333326,-0.04719399771197989
0.9119012023333333,-0.04712739225576141
0.9121012023333339,-0.04706137581223743
0.9123012023333343,-0.04699594279677334
0.9125012023333332,-0.04693108763142018
0.9127012023333323,-0.04686680474532842
0.9129012023333329,-0.04680308857516067
0.9131012023333334,-0.04673993356550131
0.9133012023333336,-0.04667733416925994
0.9135012023333324,-0.04661528484807417
0.913701202333334,-0.04655378007270611
0.9139012023333342,-0.046492814323441295
0.9141012023333344,-0.046432382090476426
0.9143012023333328,-0.046372477874309856
0.9145012023333332,-0.046313096186123594
0.9147012023333323,-0.04625423154816838
0.914901202333334,-0.04619587849413689
0.9151012023333325,-0.046138031569542895
0.9153012023333338,-0.04608068533208511
0.915501202333334,-0.04602383435202091
0.9157012023333344,-0.04596747321252473
0.9159012023333335,-0.04591159651005026
0.9161012023333326,-0.04585619885468486
0.9163012023333328,-0.04580127487050255
0.9165012023333328,-0.0457468191959133
0.9167012023333336,-0.04569282648400684
0.9169012023333325,-0.0456392914028952
0.9171012023333336,-0.0455862086360477
0.9173012023333338,-0.045533572882628034
0.9175012023333342,-0.04548137885782153
0.9177012023333331,-0.045429621293163094
0.9179012023333333,-0.04537829493685755
0.9181012023333328,-0.04532739455410079
0.9183012023333339,-0.045276914927392296
0.9185012023333332,-0.04522685085684841
0.9187012023333334,-0.04517719716050669
0.9189012023333338,-0.04512794867463141
0.919101202333334,-0.04507910025401221
0.9193012023333336,-0.045030646772259576
0.9195012023333322,-0.04498258312209657
0.9197012023333329,-0.044934904215645916
0.9199012023333326,-0.04488760498471607
0.9201012023333337,-0.044840680381078545
0.9203012023333323,-0.044794125376746756
0.9205012023333337,-0.0447479349642448
0.9207012023333341,-0.044702104156879724
0.9209012023333347,-0.04465662798900282
0.9211012023333331,-0.04461150151627222
0.9213012023333331,-0.04456671981590686
0.9215012023333329,-0.04452227798694207
0.9217012023333333,-0.04447817115047643
0.9219012023333331,-0.04443439444991733
0.922101202333333,-0.04439094305122118
0.9223012023333339,-0.04434781214313066
0.9225012023333343,-0.044304996937408275
0.9227012023333341,-0.04426249266906439
0.9229012023333321,-0.044220294596583234
0.9231012023333325,-0.04417839800214244
0.9233012023333329,-0.04413679819183301
0.923501202333334,-0.04409549049587058
0.9237012023333324,-0.044054470268806434
0.9239012023333335,-0.04401373288973018
0.9241012023333339,-0.04397327376247513
0.9243012023333346,-0.043933088315813384
0.9245012023333332,-0.04389317200365093
0.9247012023333328,-0.043853520305215964
0.924901202333333,-0.04381412872524674
0.9251012023333334,-0.04377499279417289
0.9253012023333334,-0.04373610806829378
0.9255012023333329,-0.04369747012995269
0.925701202333334,-0.043659074587707104
0.925901202333334,-0.04362091707649671
0.9261012023333346,-0.043582993257804375
0.9263012023333326,-0.04354529881981702
0.926501202333333,-0.04350782947757818
0.9267012023333323,-0.04347058097314264
0.9269012023333338,-0.04343354907572105
0.9271012023333327,-0.0433967295818264
0.9273012023333336,-0.04336011831541081
0.927501202333334,-0.04332371112800461
0.9277012023333342,-0.043287503898847356
0.9279012023333333,-0.043251492535016714
0.9281012023333326,-0.04321567297155317
0.928301202333333,-0.04318004117158161
0.928501202333333,-0.0431445931264293
0.9287012023333334,-0.04310932485573863
0.9289012023333325,-0.043074232407578454
0.9291012023333338,-0.04303931185854894
0.929301202333334,-0.04300455931388672
0.9295012023333342,-0.04296997090756202
0.9297012023333331,-0.04293554280237542
0.9299012023333333,-0.042901271190048995
0.9301012023333324,-0.04286715229131591
0.9303012023333339,-0.042833182356003606
0.9305012023333328,-0.04279935766311756
0.9307012023333334,-0.04276567452091594
0.9309012023333338,-0.04273212926698646
0.9311012023333345,-0.04269871826831585
0.9313012023333338,-0.04266543792135768
0.9315012023333324,-0.04263228465209553
0.9317012023333331,-0.042599254916103425
0.9319012023333324,-0.04256634519860416
0.9321012023333335,-0.04253355201452069
0.9323012023333326,-0.04250087190852865
0.9325012023333337,-0.042468301455100554
0.9327012023333334,-0.04243583725855208
0.9329012023333347,-0.04240347595307963
0.9331012023333334,-0.04237121420279971
0.9333012023333331,-0.04233904870177986
0.9335012023333329,-0.042306976174071184
0.9337012023333335,-0.04227499337373425
0.9339012023333331,-0.04224309708486386
0.9341012023333333,-0.042211284121608766
0.9343012023333339,-0.04217955132818996
0.9345012023333339,-0.04214789557891495
0.9347012023333336,-0.04211631377818878
0.9349012023333323,-0.042084802860522685
0.9351012023333327,-0.04205335979053812
0.9353012023333329,-0.04202198156297067
0.9355012023333331,-0.04199066520266758
0.9357012023333322,-0.041959407764584594
0.9359012023333335,-0.04192820633377805
0.9361012023333335,-0.041897058025396734
0.9363012023333344,-0.041865959984667335
0.936501202333333,-0.0418349093868802
0.936701202333333,-0.0418039034373691
0.9369012023333332,-0.04177293937149143
0.9371012023333334,-0.041742014454603286
0.9373012023333336,-0.04171112598203228
0.9375012023333329,-0.04168027127904814
0.9377012023333338,-0.0416494477008294
0.937901202333334,-0.041618652632429254
0.9381012023333342,-0.04158788348873663
0.9383012023333326,-0.041557137714436115
0.938501202333333,-0.041526412783963684
0.9387012023333323,-0.04149570620146254
0.9389012023333341,-0.04146501550073259
0.9391012023333327,-0.04143433824518186
0.9393012023333336,-0.04140367202776978
0.9395012023333338,-0.04137301447095401
0.9397012023333344,-0.04134236322663003
0.9399012023333331,-0.04131171597607129
0.9401012023333324,-0.04128107042986437
0.9403012023333328,-0.04125042432784422
0.9405012023333332,-0.04121977543902593
0.9407012023333337,-0.041189121561533704
0.9409012023333327,-0.04115846052252828
0.9411012023333338,-0.04112779017813098
0.9413012023333338,-0.041097108413347835
0.9415012023333345,-0.041066413141988195
0.9417012023333329,-0.04103570230658447
0.9419012023333331,-0.04100497387830602
0.9421012023333326,-0.040974225856875345
0.9423012023333339,-0.04094345627047771
0.942501202333333,-0.04091266317567267
0.9427012023333337,-0.04088184465729927
0.9429012023333341,-0.04085099882838372
0.9431012023333345,-0.04082012383004159
0.9433012023333334,-0.0407892178313798
0.9435012023333329,-0.04075827902939558
0.9437012023333329,-0.04072730564887475
0.9439012023333329,-0.04069629594228728
0.9441012023333335,-0.04066524818968082
0.9443012023333319,-0.04063416069857346
0.9445012023333337,-0.04060303180384214
0.9447012023333337,-0.04057185986761392
0.9449012023333341,-0.04054064327914983
0.945101202333333,-0.040509380454731715
0.9453012023333334,-0.0404780698375439
0.9455012023333331,-0.04044670989755639
0.9457012023333338,-0.04041529913140339
0.9459012023333333,-0.04038383606226276
0.9461012023333335,-0.04035231923973147
0.9463012023333339,-0.040320747239701846
0.9465012023333339,-0.04028911866423471
0.9467012023333334,-0.04025743214143146
0.9469012023333323,-0.04022568632530485
0.947101202333333,-0.04019387989564761
0.9473012023333327,-0.040162011557901584
0.9475012023333336,-0.0401300800430224
0.9477012023333324,-0.040098084107346214
0.9479012023333335,-0.04006602253245121
0.9481012023333335,-0.040033894125022396
0.9483012023333346,-0.040001697716710735
0.9485012023333332,-0.03996943216399448
0.948701202333333,-0.03993709634803594
0.948901202333333,-0.039904689174540584
0.9491012023333334,-0.039872209573612434
0.9493012023333336,-0.03983965649960948
0.9495012023333329,-0.03980702893099729
0.9497012023333338,-0.03977432587020153
0.9499012023333335,-0.03974154634346102
0.9501012023333335,-0.03970868940067701
0.9503012023333324,-0.03967575411526389
0.9505012023333328,-0.03964273958399696
0.950701202333333,-0.03960964492686148
0.9509012023333336,-0.03957646928689844
0.9511012023333325,-0.039543211830051245
0.9513012023333334,-0.03950987174500943
0.9515012023333338,-0.039476448243054775
0.9517012023333344,-0.03944294055790307
0.9519012023333331,-0.03940934794554765
0.9521012023333326,-0.03937566968409994
0.9523012023333337,-0.03934190507363143
0.9525012023333337,-0.039308053436014345
0.9527012023333337,-0.039274114114759895
0.9529012023333328,-0.03924008647485808
0.9531012023333338,-0.03920596990261502
0.9533012023333336,-0.039171763805492116
0.9535012023333342,-0.039137467611941104
0.9537012023333324,-0.03910308077124227
0.9539012023333331,-0.03906860275333794
0.9541012023333328,-0.039034033048670536
0.9543012023333342,-0.038999371168014996
0.9545012023333328,-0.038964616642315125
0.9547012023333332,-0.03892976902251484
0.9549012023333341,-0.03889482787939391
0.9551012023333341,-0.03885979280340005
0.9553012023333332,-0.0388246634044811
0.9555012023333329,-0.03878943931191723
0.9557012023333331,-0.038754120174153334
0.9559012023333331,-0.038718705658630254
0.9561012023333335,-0.038683195451615755
0.9563012023333324,-0.03864758925803596
0.9565012023333339,-0.03861188680130452
0.9567012023333337,-0.038576087823155636
0.9569012023333343,-0.03854019208347147
0.957101202333333,-0.03850419936011425
0.9573012023333334,-0.038468109448754007
0.9575012023333329,-0.038431922162700555
0.9577012023333338,-0.038395637332730825
0.9579012023333329,-0.03835925480692032
0.9581012023333335,-0.038322774450470054
0.9583012023333339,-0.03828619614553812
0.9585012023333339,-0.0382495197910674
0.9587012023333337,-0.03821274530261503
0.9589012023333323,-0.03817587261218189
0.9591012023333334,-0.03813890166804053
0.9593012023333327,-0.038101832434566704
0.9595012023333336,-0.0380646648920657
0.9597012023333322,-0.03802739903660433
0.959901202333334,-0.03799003487983724
0.9601012023333335,-0.0379525724488401
0.9603012023333344,-0.0379150117859354
0.960501202333333,-0.03787735294852532
0.9607012023333332,-0.0378395960089187
0.9609012023333334,-0.037801741054163625
0.9611012023333334,-0.03776378818587623
0.9613012023333332,-0.03772573752007147
0.9615012023333334,-0.03768758918699362
0.9617012023333338,-0.03764934333094754
0.9619012023333338,-0.037611000110129744
0.9621012023333335,-0.03757255969645945
0.9623012023333324,-0.03753402227541086
0.9625012023333333,-0.03749538804584425
0.962701202333333,-0.037456657219840116
0.9629012023333334,-0.037417830022529894
0.9631012023333321,-0.03737890669193073
0.9633012023333336,-0.03733988747877678
0.9635012023333336,-0.03730077264635605
0.9637012023333342,-0.03726156247034175
0.9639012023333329,-0.03722225723862903
0.9641012023333331,-0.03718285725116802
0.9643012023333333,-0.037143362819801455
0.9645012023333333,-0.03710377426809948
0.9647012023333337,-0.0370640919311962
0.9649012023333323,-0.03702431615562737
0.9651012023333341,-0.036984447299165835
0.9653012023333336,-0.036944485730663
0.9655012023333336,-0.03690443182988372
0.9657012023333325,-0.03686428598734766
0.9659012023333331,-0.03682404860416739
0.9661012023333329,-0.03678372009189027
0.9663012023333335,-0.03674330087233753
0.9665012023333326,-0.036702791377447024
0.9667012023333337,-0.03666219204911335
0.9669012023333341,-0.03662150333903286
0.9671012023333343,-0.03658072570854482
0.9673012023333332,-0.03653985962847637
0.9675012023333329,-0.03649890557898596
0.9677012023333331,-0.03645786404940968
0.9679012023333331,-0.03641673553810662
0.9681012023333333,-0.03637552055230508
0.9683012023333326,-0.03633421960795041
0.9685012023333339,-0.036292833229551714
0.9687012023333337,-0.03625136195003256
0.9689012023333343,-0.03620980631057789
0.969101202333333,-0.036168166860486406
0.9693012023333332,-0.03612644415701889
0.9695012023333329,-0.03608463876525237
0.969701202333334,-0.03604275125793051
0.9699012023333324,-0.03600078221531865
0.9701012023333335,-0.03595873222505466
0.9703012023333335,-0.03591660188200738
0.9705012023333339,-0.035874391788129165
0.9707012023333337,-0.035832102552313824
0.9709012023333328,-0.035789734790252895
0.9711012023333332,-0.035747289124293445
0.971301202333333,-0.0357047661832981
0.9715012023333331,-0.035662166602503015
0.9717012023333322,-0.03561949102337975
0.9719012023333338,-0.03557674009349473
0.9721012023333335,-0.03553391446637417
0.972301202333334,-0.03549101480136405
0.972501202333333,-0.03544804176349637
0.9727012023333337,-0.03540499602335191
0.9729012023333332,-0.03536187825692807
0.9731012023333336,-0.03531868914550326
0.9733012023333327,-0.03527542937550625
0.9735012023333336,-0.035232099638382405
0.9737012023333338,-0.03518870063046531
0.973901202333334,-0.035145233052845004
0.9741012023333333,-0.035101697611240185
0.9743012023333326,-0.03505809501586928
0.9745012023333333,-0.03501442598132384
0.9747012023333328,-0.03497069122644319
0.9749012023333337,-0.034926891474187406
0.9751012023333323,-0.03488302745151538
0.9753012023333341,-0.03483909988925824
0.9755012023333336,-0.03479510952200128
0.9757012023333342,-0.03475105708795828
0.9759012023333329,-0.03470694332885434
0.9761012023333331,-0.03466276898980353
0.9763012023333333,-0.03461853481919291
0.9765012023333337,-0.03457424156856342
0.9767012023333328,-0.03452988999249412
0.976901202333333,-0.034485480848485156
0.9771012023333341,-0.03444101489684471
0.9773012023333338,-0.03439649290057509
0.9775012023333336,-0.03435191562525879
0.9777012023333325,-0.03430728383894806
0.9779012023333331,-0.034262598312052944
0.9781012023333331,-0.034217859817233326
0.9783012023333335,-0.0341730691292884
0.9785012023333324,-0.03412822702505021
0.9787012023333337,-0.03408333428327498
0.9789012023333337,-0.0340383916845403
0.9791012023333343,-0.033993400011137376
0.9793012023333332,-0.033948360046969425
0.9795012023333329,-0.033903272577446845
0.9797012023333334,-0.03385813838938708
0.9799012023333331,-0.0338129582709135
0.9801012023333333,-0.03376773301135471
0.9803012023333328,-0.0337224634011469
0.9805012023333344,-0.03367715023173453
0.9807012023333337,-0.03363179429547606
0.9809012023333343,-0.033586396385544705
0.9811012023333323,-0.033540957295837136
0.981301202333333,-0.03349547782087587
0.9815012023333327,-0.03344995875572048
0.9817012023333336,-0.033404400895872585
0.9819012023333324,-0.03335880503718739
0.9821012023333338,-0.03331317197578105
0.982301202333334,-0.033267502507945246
0.9825012023333342,-0.033221797430056564
0.982701202333333,-0.03317605753849125
0.9829012023333328,-0.03313028362953798
0.9831012023333332,-0.033084476499314334
0.983301202333333,-0.03303863694368269
0.9835012023333336,-0.032992765758166356
0.9837012023333325,-0.03294686373786934
0.983901202333334,-0.0329009316773928
0.9841012023333338,-0.03285497037075886
0.9843012023333342,-0.03280898061132798
0.984501202333333,-0.03276296319172366
0.9847012023333337,-0.03271691890375306
0.984901202333333,-0.03267084853833384
0.9851012023333341,-0.03262475288541611
0.9853012023333327,-0.032578632733911504
0.9855012023333336,-0.03253248887161637
0.9857012023333338,-0.03248632208514339
0.9859012023333338,-0.032440133159847895
0.9861012023333335,-0.03239392287975851
0.9863012023333326,-0.03234769202750794
0.9865012023333335,-0.03230144138426381
0.9867012023333326,-0.032255171729663454
0.9869012023333337,-0.03220888384174434
0.9871012023333323,-0.032162578496882296
0.9873012023333341,-0.03211625646972267
0.9875012023333334,-0.0320699185331217
0.9877012023333342,-0.03202356545807905
0.9879012023333331,-0.031977198013680076
0.9881012023333331,-0.031930816967031705
0.9883012023333331,-0.03188442308320506
0.9885012023333335,-0.031838017125175325
0.9887012023333333,-0.0317915998537642
0.9889012023333337,-0.03174517202758205
0.9891012023333341,-0.03169873440297257
0.9893012023333336,-0.0316522877339572
0.9895012023333336,-0.031605832772180015
0.9897012023333327,-0.031559370266855444
0.9899012023333331,-0.031512900964714124
0.9901012023333329,-0.031466425609953025
0.9903012023333335,-0.031419944944182765
0.9905012023333326,-0.03137345970637935
0.9907012023333337,-0.03132697063283281
0.9909012023333337,-0.03128047845710185
0.9911012023333341,-0.031233983909963913
0.991301202333333,-0.031187487719370494
0.9915012023333332,-0.031140990610399565
0.9917012023333334,-0.03109449330521289
0.9919012023333331,-0.031047996523010865
0.9921012023333331,-0.031001500979989344
0.9923012023333331,-0.0309550073892978
0.9925012023333339,-0.03090851646099746
0.9927012023333337,-0.03086202890202153
0.9929012023333337,-0.03081554541613399
0.9931012023333323,-0.030769066703892047
0.9933012023333332,-0.030722593462606054
0.9935012023333327,-0.030676126386304965
0.9937012023333338,-0.03062966616569669
0.9939012023333329,-0.030583213488135207
0.994101202333334,-0.03053676903758237
0.9943012023333335,-0.030490333494577155
0.994501202333334,-0.030443907536199136
0.9947012023333328,-0.03039749183603832
0.994901202333333,-0.030351087064160887
0.9951012023333337,-0.03030469388708013
0.9953012023333332,-0.030258312967725468
0.9955012023333332,-0.030211944965411793
0.9957012023333329,-0.03016559053581197
0.9959012023333342,-0.0301192503309275
0.9961012023333331,-0.0300729249990631
0.996301202333334,-0.0300266151847967
0.9965012023333324,-0.029980321528957465
0.9967012023333333,-0.029934044668596418
0.9969012023333328,-0.029887785236966023
0.9971012023333341,-0.02984154386349277
0.9973012023333327,-0.029795321173757383
0.9975012023333334,-0.029749117789468593
0.9977012023333338,-0.02970293432844504
0.9979012023333338,-0.02965677140459219
0.9981012023333329,-0.029610629627882426
0.9983012023333329,-0.02956450960433487
0.9985012023333335,-0.02951841193599717
0.998701202333333,-0.02947233722092715
0.9989012023333332,-0.02942628605317382
0.9991012023333323,-0.029380259022761916
0.9993012023333341,-0.029334256715673437
0.9995012023333336,-0.029288279713834988
0.999701202333334,-0.02924232859509889
0.9999012023333329,-0.02919640393323166
1.0001012013000001,-0.029150506534964486
1.0003012012999997,-0.02910463649157064
1.0005012013,-0.029058794601681374
1.0007012013,-0.029012981422581387
1.000901201300001,-0.028967197507404122
1.0011012013000005,-0.02892144340512211
1.0013012012999996,-0.028875719660535242
1.0015012012999995,-0.028830026814261445
1.001701201299999,-0.028784365402728294
1.0019012013000006,-0.028738735958162818
1.0021012012999995,-0.028693139008585892
1.0023012013000003,-0.028647575077801003
1.0025012013000003,-0.02860204468539104
1.0027012013000012,-0.02855654834670908
1.0029012012999994,-0.02851108657287475
1.0031012013,-0.028465659870765627
1.0033012012999993,-0.02842026874301638
1.0035012013,-0.028374913688010914
1.0037012012999997,-0.028329595199881093
1.0039012013000002,-0.028284313768501452
1.0041012012999997,-0.0282390698794879
1.0043012013000006,-0.028193864014193826
1.0045012013000008,-0.028148696649710016
1.0047012012999992,-0.028103568258862142
1.0049012012999998,-0.028058479310208894
1.0051012012999996,-0.028013430268044294
1.0053012013000004,-0.027968421592394967
1.0055012012999995,-0.027923453739022903
1.0057012013000002,-0.027878527159423808
1.0059012013000004,-0.027833642300831202
1.006101201300001,-0.027788799606216313
1.0063012013,-0.027743999514291653
1.0065012012999996,-0.027699242459512007
1.0067012012999992,-0.027654528872079403
1.0069012012999996,-0.027609859177945305
1.0071012012999996,-0.027565233798815616
1.0073012013,-0.027520653152153945
1.0075012013000004,-0.027476117651187196
1.0077012013000006,-0.02743162770491029
1.007901201300001,-0.027387183718091623
1.0081012012999992,-0.02734278609127979
1.0083012012999997,-0.02729843522080766
1.0085012012999992,-0.027254131498802278
1.0087012013000005,-0.0272098753131889
1.0089012012999996,-0.02716566704770116
1.0091012013,-0.027121507081885664
1.0093012013000005,-0.02707739579111288
1.0095012013000009,-0.027033333546584073
1.0097012013,-0.026989320715340853
1.0099012012999995,-0.02694535766027317
1.0101012012999993,-0.026901444740129933
1.0103012012999995,-0.026857582309528286
1.0105012013000003,-0.026813770718963705
1.0107012012999996,-0.026770010314821003
1.0109012013000007,-0.026726301439383274
1.0111012013000003,-0.026682644430845535
1.0113012013000007,-0.026639039623323382
1.0115012012999993,-0.026595487346866932
1.0117012013,-0.026551987927470187
1.0119012012999997,-0.026508541687086083
1.0121012013000004,-0.02646514894363648
1.0123012013000001,-0.02642181001102663
1.0125012013,-0.02637852519915683
1.0127012013000005,-0.026335294813936438
1.012901201300001,-0.026292119157297383
1.0131012013,-0.02624899852720794
1.0133012012999998,-0.026205933217685835
1.0135012012999995,-0.02616292351881381
1.0137012012999995,-0.026119969716753354
1.0139012013000008,-0.02607707209375941
1.0141012012999995,-0.026034230928196615
1.0143012013000003,-0.025991446494551502
1.0145012013000003,-0.02594871906345152
1.014701201300001,-0.025906048901677883
1.0149012012999994,-0.025863436272183415
1.0151012012999998,-0.025820881434106057
1.0153012012999996,-0.025778384642788133
1.0155012013000002,-0.025735946149790356
1.0157012012999997,-0.02569356620291012
1.0159012013000002,-0.025651245046196754
1.0161012012999997,-0.025608982919970106
1.0163012013000006,-0.02556678006083607
1.0165012013000008,-0.0255246367017057
1.0167012012999996,-0.025482553071811513
1.0169012012999998,-0.025440529396724806
1.0171012012999996,-0.025398565898375063
1.0173012013000005,-0.02535666279506639
1.0175012012999995,-0.025314820301497287
1.0177012013,-0.025273038628776702
1.0179012013000004,-0.02523131798444478
1.0181012013000008,-0.02518965857249014
1.0183012013,-0.025148060593369225
1.0185012012999999,-0.025106524244024136
1.0187012012999994,-0.025065049717903076
1.0189012012999998,-0.025023637204978206
1.0191012012999994,-0.024982286891766087
1.0193012013,-0.02494099896134558
1.0195012013,-0.024899773593378912
1.0197012013000004,-0.024858610964129862
1.019901201300001,-0.024817511246484333
1.020101201299999,-0.024776474609970428
1.0203012013000001,-0.024735501220775977
1.0205012012999994,-0.024694591241772545
1.0207012013000005,-0.024653744832531542
1.0209012012999996,-0.02461296214934767
1.0211012013000005,-0.024572243345256106
1.0213012013000002,-0.024531588570055742
1.0215012013000009,-0.02449099797032726
1.0217012012999995,-0.02445047168945559
1.0219012013,-0.024410009867648155
1.022101201299999,-0.02436961264195821
1.0223012013,-0.02432928014630293
1.0225012012999999,-0.024289012511486546
1.0227012012999999,-0.0242488098652193
1.0229012013000003,-0.02420867233213915
1.0231012013000007,-0.024168600033832702
1.0233012013000007,-0.024128593088856107
1.0235012012999989,-0.024088651612756154
1.0237012013,-0.024048775718090065
1.0239012012999993,-0.024008965514449542
1.0241012013000004,-0.023969221108478506
1.0243012012999997,-0.023929542603897267
1.0245012013,-0.023889930101521052
1.0247012013,-0.02385038369928339
1.024901201300001,-0.02381090349225595
1.0251012012999998,-0.02377148957267117
1.0253012012999998,-0.0237321420299416
1.0255012012999998,-0.02369286095068322
1.0257012012999995,-0.02365364641873574
1.0259012013,-0.023614498515183956
1.0261012012999995,-0.023575417318379765
1.0263012013,-0.023536402903962406
1.0265012013000003,-0.023497455344881006
1.0267012013000008,-0.02345857471141526
1.0269012012999992,-0.02341976107119734
1.0271012013,-0.023381014489231685
1.0273012012999996,-0.023342335027919114
1.0275012013000004,-0.023303722747075435
1.0277012013,-0.023265177703954996
1.0279012013000004,-0.023226699953270074
1.0281012013000002,-0.023188289547213865
1.0283012013000008,-0.02314994653548045
1.0285012013000001,-0.023111670965287427
1.0287012012999994,-0.023073462881395702
1.0289012013,-0.0230353223261315
1.0291012012999996,-0.0229972493394082
1.0293012013000005,-0.022959243958745972
1.0295012012999996,-0.02292130621929482
1.0297012013000002,-0.02288343615385351
1.0299012013000004,-0.02284563379289281
1.0301012013000008,-0.02280789916457513
1.0303012012999992,-0.022770232294776507
1.0305012012999994,-0.022732633207105946
1.0307012012999996,-0.02269510192292856
1.0309012012999998,-0.022657638461385
1.0311012012999996,-0.02262024283941283
1.0313012013,-0.022582915071766872
1.0315012012999996,-0.022545655171040808
1.0317012013000006,-0.022508463147686616
1.0319012013000006,-0.022471339010036923
1.0321012012999993,-0.022434282764324225
1.0323012013000001,-0.022397294414701147
1.0325012013000001,-0.022360373963262924
1.0327012013000005,-0.02232352141006573
1.0329012012999996,-0.02228673675314846
1.0331012013,-0.022250019988551695
1.0333012013000005,-0.02221337111033946
1.033501201300001,-0.022176790110618433
1.0337012012999995,-0.022140276979558653
1.0339012012999995,-0.022103831705412386
1.0341012012999995,-0.022067454274535755
1.0343012012999995,-0.022031144671407668
1.0345012012999995,-0.021994902878649865
1.0347012012999999,-0.021958728877046644
1.0349012013000003,-0.021922622645564806
1.0351012013000007,-0.021886584161373034
1.0353012013000007,-0.0218506133998616
1.035501201299999,-0.021814710334661966
1.0357012013,-0.021778874937664897
1.0359012012999993,-0.021743107179042574
1.0361012013000004,-0.02170740702726466
1.0363012012999997,-0.02167177444912027
1.0365012013000001,-0.021636209409734528
1.0367012013000005,-0.02160071187258954
1.036901201300001,-0.021565281799542292
1.0371012012999996,-0.021529919150844096
1.0373012012999996,-0.02149462388515805
1.0375012012999991,-0.021459395959579533
1.0377012013,-0.021424235329653186
1.0379012013000004,-0.02138914194939273
1.0381012012999995,-0.021354115771298483
1.0383012013000008,-0.02131915674637515
1.0385012013000003,-0.02128426482415205
1.0387012013000008,-0.021249439952698762
1.038901201299999,-0.021214682078645377
1.0391012012999996,-0.021179991147198016
1.0393012012999996,-0.02114536710215941
1.0395012013,-0.021110809885944527
1.0397012013,-0.02107631943959936
1.0399012013000002,-0.02104189570281779
1.0401012013000002,-0.021007538613959605
1.0403012013000008,-0.020973248110067313
1.0405012013000001,-0.02093902412688429
1.0407012012999994,-0.02090486659887072
1.0409012012999996,-0.020870775459221433
1.0411012013,-0.020836750639883
1.0413012013000005,-0.02080279207157028
1.0415012012999996,-0.020768899683783454
1.0417012013000002,-0.020735073404823796
1.0419012013000004,-0.02070131316181177
1.0421012013000008,-0.02066761888070222
1.042301201299999,-0.020633990486301736
1.0425012013,-0.020600427902283114
1.0427012012999994,-0.02056693105120428
1.0429012013000003,-0.02053349985452173
1.0431012012999996,-0.02050013423260852
1.0433012013,-0.02046683410476826
1.0435012012999998,-0.02043359938925255
1.0437012013000007,-0.02040043000327526
1.0439012013000006,-0.020367325863029292
1.0441012012999993,-0.020334286883701175
1.0443012013000001,-0.020301312979485904
1.0445012013000001,-0.020268404063604042
1.0447012013000005,-0.02023556004831486
1.0449012012999996,-0.02020278084493274
1.0451012013,-0.02017006636384073
1.0453012013000005,-0.020137416514506803
1.045501201300001,-0.020104831205497643
1.0457012012999995,-0.020072310344493742
1.0459012013,-0.020039853838302743
1.0461012012999995,-0.020007461592875697
1.0463012013,-0.019975133513319573
1.0465012012999995,-0.019942869503912768
1.0467012012999999,-0.019910669468117967
1.0469012012999999,-0.0198785333085972
1.0471012013000007,-0.019846460927224766
1.0473012013000003,-0.01981445222510192
1.047501201299999,-0.019782507102569572
1.0477012013,-0.01975062545922175
1.0479012012999998,-0.019718807193920607
1.0481012013000004,-0.01968705220480767
1.0483012012999997,-0.019655360389318675
1.0485012013000001,-0.019623731644195255
1.0487012013,-0.019592165865499306
1.0489012013000008,-0.019560662948624782
1.0491012013,-0.019529222788311443
1.0493012012999998,-0.019497845278656424
1.0495012012999991,-0.019466530313127808
1.0497012013,-0.019435277784576245
1.0499012013,-0.019404087585248433
1.0501012013,-0.019372959606798197
1.0503012013000006,-0.019341893740299147
1.0505012013000004,-0.01931088987625708
1.050701201300001,-0.019279947904621023
1.0509012012999992,-0.019249067714796397
1.0511012012999998,-0.019218249195654687
1.0513012012999996,-0.019187492235547596
1.0515012013000002,-0.01915679672231654
1.0517012013,-0.01912616254330536
1.0519012013,-0.019095589585370706
1.0521012013,-0.019065077734893833
1.0523012013000008,-0.0190346268777914
1.0525012013000001,-0.019004236899527117
1.0527012012999997,-0.018973907685121506
1.0529012012999992,-0.01894363911916369
1.0531012013,-0.018913431085821494
1.0533012013,-0.018883283468852863
1.0535012012999996,-0.018853196151615424
1.0537012013000004,-0.018823169017077042
1.0539012013000004,-0.018793201947826993
1.0541012013000008,-0.018763294826084964
1.054301201299999,-0.018733447533712297
1.0545012013,-0.018703659952220324
1.0547012012999994,-0.018673931962782615
1.0549012013000003,-0.01864426344624255
1.0551012013000003,-0.018614654283124712
1.0553012013,-0.018585104353643325
1.0555012012999998,-0.01855561353771227
1.0557012013000007,-0.01852618171495431
1.0559012013000002,-0.018496808764711024
1.0561012012999997,-0.018467494566051
1.0563012012999997,-0.01843823899777957
1.0565012013000001,-0.018409041938447862
1.0567012013000001,-0.018379903266361707
1.0569012012999996,-0.018350822859590263
1.0571012013000005,-0.018321800595974633
1.0573012013000005,-0.018292836353137335
1.057501201300001,-0.018263930008489755
