x,result_minus_fin2ual_plus_offset
0.1947037383333321,-0.06706957607875952
0.1949037383333323,-0.06717318966697192
0.19510373833333317,-0.06727698972961976
0.19530373833333403,-0.06738097640933793
0.19550373833333357,-0.06748514984427921
0.19570373833333288,-0.06758951016804832
0.19590373833333397,-0.06769405750963325
0.19610373833333283,-0.06779879199333334
0.1963037383333348,-0.0679037137386982
0.19650373833333168,-0.06800882286044674
0.1967037383333332,-0.06811411946841385
0.19690373833333297,-0.06821960366746233
0.1971037383333336,-0.06832527555742575
0.19730373833333492,-0.0684311352330311
0.1975037383333329,-0.06853718278382699
0.19770373833333355,-0.06864341829411909
0.1979037383333333,-0.06874984184288768
0.19810373833333306,-0.06885645350372234
0.19830373833333104,-0.06896325334474535
0.19850373833333368,-0.06907024142854397
0.19870373833333366,-0.06917741781208496
0.19890373833333408,-0.06928478254665338
0.1991037383333345,-0.06939233567777052
0.19930373833333315,-0.06950007724512021
0.1995037383333349,-0.06960800728247765
0.1997037383333331,-0.0697161258176243
0.1999037383333322,-0.06982443287228367
0.2001037383333324,-0.06993292846203682
0.2003037383333337,-0.07004161259624787
0.20050373833333435,-0.07015048527798594
0.20070373833333433,-0.07025954650394967
0.2009037383333343,-0.07036879626438892
0.2011037383333325,-0.0704782345430248
0.20130373833333381,-0.07058786131697645
0.2015037383333329,-0.07069767655667292
0.201703738333332,-0.07080768022578382
0.20190373833333286,-0.07091787228113558
0.20210373833333395,-0.07102825267263031
0.2023037383333337,-0.07113882134316754
0.20250373833333368,-0.07124957822856567
0.20270373833333366,-0.07136052325747878
0.20290373833333364,-0.07147165635131697
0.20310373833333406,-0.07158297742416522
0.2033037383333316,-0.07169448638269993
0.20350373833333313,-0.07180618312611489
0.20370373833333355,-0.07191806754602725
0.20390373833333375,-0.07203013952640526
0.20410373833333395,-0.0721423989434823
0.20430373833333304,-0.07225484566567413
0.20450373833333368,-0.07236747955349862
0.20470373833333344,-0.07248030045948811
0.2049037383333343,-0.07259330822811141
0.20510373833333118,-0.07270650269568393
0.20530373833333337,-0.07281988369029638
0.20550373833333357,-0.0729334510317133
0.2057037383333329,-0.07304720453130337
0.2059037383333342,-0.07316114399195169
0.20610373833333262,-0.07327526920796992
0.20630373833333437,-0.07338957996502286
0.20650373833333302,-0.07350407604003015
0.20670373833333278,-0.0736187572010951
0.2069037383333321,-0.07373362320741055
0.20710373833333384,-0.07384867380917973
0.20730373833333404,-0.07396390874752487
0.20750373833333402,-0.07407932775440919
0.20770373833333444,-0.07419493055254825
0.20790373833333287,-0.07431071685532335
0.20810373833333418,-0.07442668636670222
0.20830373833333393,-0.07454283878114439
0.2085037383333317,-0.07465917378352298
0.20870373833333256,-0.0747756910490408
0.20890373833333342,-0.07489239024313657
0.20910373833333318,-0.07500927102140559
0.2093037383333345,-0.07512633302951535
0.20950373833333336,-0.07524357590311397
0.2097037383333331,-0.07536099926775308
0.20990373833333442,-0.07547860273879661
0.2101037383333324,-0.0755963859213338
0.2103037383333315,-0.07571434841010262
0.2105037383333337,-0.07583248978939787
0.2107037383333339,-0.07595080963298304
0.21090373833333342,-0.07606930750401361
0.21110373833333362,-0.07618798295494816
0.21130373833333382,-0.07630683552746244
0.21150373833333336,-0.07642586475236603
0.21170373833333422,-0.07654507014951914
0.2119037383333311,-0.07666445122774256
0.21210373833333285,-0.0767840074847462
0.21230373833333305,-0.07690373840702748
0.2125037383333339,-0.07702364346980173
0.212703738333335,-0.07714372213691188
0.21290373833333276,-0.07726397386074482
0.21310373833333385,-0.07738439808215605
0.21330373833333294,-0.07750499423037366
0.21350373833333314,-0.0776257617229276
0.21370373833333112,-0.07774669996555852
0.2139037383333331,-0.07786780835214543
0.21410373833333352,-0.07798908626461051
0.2143037383333335,-0.07811053307284924
0.21450373833333436,-0.07823214813464495
0.214703738333333,-0.07835393079558527
0.21490373833333432,-0.07847588038898917
0.21510373833333318,-0.07859799623581586
0.21530373833333183,-0.0787202776445955
0.21550373833333203,-0.07884272391134511
0.21570373833333312,-0.07896533431948863
0.2159037383333342,-0.07908810813977926
0.2161037383333344,-0.07921104463022202
0.21630373833333394,-0.07933414303599633
0.21650373833333303,-0.07945740258937847
0.2167037383333339,-0.07958082250966599
0.21690373833333298,-0.07970440200309678
0.21710373833333207,-0.07982814026278014
0.21730373833333294,-0.07995203646861854
0.21750373833333403,-0.08007608978723073
0.21770373833333378,-0.08020029937187996
0.21790373833333399,-0.08032466436240253
0.21810373833333352,-0.080449183885131
0.21830373833333327,-0.08057385705282505
0.21850373833333392,-0.0806986829645985
0.21870373833333168,-0.0808236607058456
0.21890373833333276,-0.08094878934817983
0.2191037383333332,-0.08107406794935157
0.2193037383333345,-0.08119949555318895
0.21950373833333403,-0.08132507118952362
0.21970373833333312,-0.08145079387412829
0.21990373833333354,-0.08157666260864775
0.22010373833333308,-0.08170267638053008
0.22030373833333483,-0.0818288341629673
0.2205037383333308,-0.08195513491482039
0.220703738333333,-0.08208157758057566
0.2209037383333332,-0.08220816109025603
0.2211037383333334,-0.0823348843593789
0.22130373833333472,-0.0824617462888875
0.22150373833333248,-0.0825887457650879
0.22170373833333423,-0.08271588165960102
0.22190373833333288,-0.08284315282928714
0.22210373833333286,-0.08297055811620516
0.2223037383333315,-0.08309809634754409
0.2225037383333337,-0.08322576633557702
0.2227037383333339,-0.08335356687759499
0.22290373833333432,-0.08348149675586508
0.22310373833333408,-0.08360955473757098
0.2233037383333325,-0.08373773957476359
0.22350373833333448,-0.08386605000431409
0.22370373833333357,-0.08399448474785372
0.223903738333332,-0.0841230425117383
0.2241037383333322,-0.08425172198699596
0.2243037383333335,-0.0843805218492787
0.2245037383333337,-0.08450944075881875
0.2247037383333339,-0.08463847736038803
0.22490373833333321,-0.0847676302832522
0.22510373833333275,-0.08489689814113205
0.2253037383333345,-0.08502627953216264
0.22550373833333248,-0.08515577303884911
0.22570373833333224,-0.08528537722804125
0.2259037383333331,-0.08541509065088641
0.22610373833333397,-0.08554491184279783
0.2263037383333335,-0.08567483932342147
0.2265037383333337,-0.08580487159660602
0.22670373833333435,-0.08593500715036831
0.22690373833333366,-0.08606524445686442
0.2271037383333343,-0.08619558197236524
0.22730373833333117,-0.08632601813722217
0.2275037383333327,-0.0864565513758554
0.2277037383333329,-0.08658718009671221
0.22790373833333444,-0.08671790269225957
0.22810373833333464,-0.08684871753895435
0.22830373833333328,-0.08697962299722885
0.2285037383333337,-0.08711061741147402
0.2287037383333328,-0.08724169911001674
0.22890373833333344,-0.08737286640511321
0.22910373833333142,-0.08750411759292748
0.2293037383333334,-0.08763545095353174
0.2295037383333336,-0.08776686475088134
0.22970373833333335,-0.08789835723281951
0.229903738333334,-0.08802992663106615
0.23010373833333264,-0.08816157116121047
0.23030373833333484,-0.08829328902271621
0.23050373833333304,-0.08842507839890609
0.2307037383333319,-0.08855693745697912
0.2309037383333321,-0.08868886434800198
0.23110373833333364,-0.08882085720691527
0.23130373833333362,-0.08895291415253793
0.23150373833333449,-0.08908503328758034
0.2317037383333338,-0.08921721269864691
0.2319037383333329,-0.08934945045625334
0.23210373833333464,-0.08948174461483835
0.2323037383333333,-0.0896140932127721
0.2325037383333317,-0.08974649427238474
0.23270373833333258,-0.08987894579997961
0.2329037383333341,-0.09001144578585131
0.23310373833333342,-0.09014399220431109
0.23330373833333407,-0.0902765830137166
0.23350373833333338,-0.09040921615649081
0.23370373833333313,-0.09054188955915786
0.2339037383333349,-0.09067460113237116
0.23410373833333242,-0.0908073487709416
0.23430373833333262,-0.09094013035388665
0.23450373833333282,-0.09107294374445273
0.2347037383333339,-0.09120578679016346
0.23490373833333367,-0.09133865732285687
0.23510373833333342,-0.0914715531587337
0.23530373833333362,-0.09160447209840053
0.23550373833333338,-0.09173741192691767
0.23570373833333513,-0.09187037041385274
0.23590373833333111,-0.09200334531332448
0.23610373833333265,-0.09213633436407712
0.23630373833333307,-0.092269335289513
0.23650373833333327,-0.09240234579776913
0.23670373833333458,-0.0925353635817743
0.23690373833333256,-0.09266838631930929
0.2371037383333341,-0.09280141167308456
0.23730373833333385,-0.09293443729079381
0.2375037383333336,-0.09306746080519787
0.23770373833333158,-0.09320047983419143
0.2379037383333329,-0.09333349198088621
0.23810373833333376,-0.09346649483367896
0.23830373833333396,-0.09359948596634074
0.23850373833333416,-0.09373246293809857
0.23870373833333325,-0.09386542329371991
0.23890373833333456,-0.09399836456360491
0.23910373833333365,-0.09413128426386963
0.23930373833333163,-0.09426417989644814
0.23950373833333205,-0.09439704894918677
0.23970373833333314,-0.09452988889593755
0.23990373833333356,-0.09466269719666315
0.2401037383333342,-0.0947954712975421
0.2403037383333333,-0.09492820863107179
0.24050373833333283,-0.095060906616182
0.24070373833333392,-0.09519356265834339
0.24090373833333278,-0.0953261741496794
0.2411037383333321,-0.09545873846909055
0.24130373833333274,-0.09559125298236906
0.24150373833333338,-0.09572371504232069
0.2417037383333338,-0.09585612198889235
0.24190373833333378,-0.09598847114929906
0.24210373833333398,-0.09612075983815532
0.24230373833333418,-0.09625298535760725
0.24250373833333394,-0.09638514499746918
0.2427037383333317,-0.09651723603536204
0.24290373833333234,-0.09664925573686008
0.24310373833333299,-0.09678120135562607
0.24330373833333407,-0.09691307013356584
0.2435037383333345,-0.09704485930097542
0.24370373833333314,-0.0971765660766952
0.24390373833333423,-0.09730818766826897
0.2441037383333331,-0.09743972127209377
0.24430373833333352,-0.09757116407359259
0.24450373833333106,-0.0977025132473684
0.2447037383333326,-0.09783376595738374
0.24490373833333323,-0.09796491935711668
0.24510373833333343,-0.09809597058974481
0.24530373833333408,-0.09822691678831844
0.24550373833333317,-0.09835775507593758
0.24570373833333492,-0.09848848256593995
0.2459037383333338,-0.09861909636207569
0.2461037383333322,-0.0987495935587068
0.24630373833333197,-0.09887997124099282
0.24650373833333306,-0.09901022648508377
0.24670373833333392,-0.0991403563583176
0.24690373833333457,-0.09927035791942207
0.2471037383333341,-0.09940022821871619
0.2473037383333334,-0.09952996429831805
0.24750373833333472,-0.09965956319235351
0.24770373833333448,-0.0997890219271637
0.24790373833333113,-0.09991833752152533
0.2481037383333322,-0.10004750698687329
0.2483037383333333,-0.10017652732750831
0.24850373833333306,-0.10030539554083115
0.2487037383333348,-0.10043410861757063
0.24890373833333368,-0.10056266354200605
0.24910373833333366,-0.10069105729221159
0.2493037383333343,-0.10081928684028421
0.2495037383333325,-0.10094734915258458
0.24970373833333204,-0.1010752411899859
0.2499037383333329,-0.10120295990811277
0.25010373833333377,-0.10133050225759183
0.2503037383333335,-0.10145786518430461
0.2505037383333335,-0.10158504562964421
0.2507037383333339,-0.10171204053077096
0.2509037383333339,-0.10183884682087394
0.25110373833333477,-0.10196546142943741
0.25130373833333075,-0.1020918812825023
0.2515037383333325,-0.10221810330295185
0.2517037383333327,-0.10234412441076338
0.2519037383333338,-0.10246994152330272
0.2521037383333342,-0.10259555155559533
0.25230373833333264,-0.10272095142061194
0.25250373833333395,-0.10284613802955851
0.2527037383333337,-0.10297110829215558
0.2529037383333337,-0.10309585911694016
0.2531037383333312,-0.10322038741155479
0.2533037383333332,-0.10334469008305414
0.2535037383333334,-0.10346876403819304
0.25370373833333404,-0.10359260618374411
0.25390373833333424,-0.10371621342679843
0.2541037383333331,-0.10383958267507817
0.25430373833333464,-0.10396271083725353
0.2545037383333335,-0.10408559482325075
0.25470373833333193,-0.10420823154458264
0.2549037383333317,-0.10433061791466637
0.255103738333333,-0.10445275084914923
0.2553037383333341,-0.10457462726623712
0.25550373833333473,-0.10469624408702899
0.2557037383333336,-0.1048175982358504
0.25590373833333313,-0.10493868664059448
0.256103738333334,-0.10505950623305993
0.2563037383333331,-0.10518005394929376
0.2565037383333315,-0.1053003267299435
0.2567037383333328,-0.10542032152060607
0.2569037383333337,-0.10554003527217523
0.25710373833333344,-0.10565946494120362
0.25730373833333364,-0.10577860749026127
0.2575037383333336,-0.10589745988829484
0.25770373833333404,-0.1060160191109949
0.25790373833333424,-0.10613428214116166
0.2581037383333311,-0.10625224596907537
0.2583037383333324,-0.10636990759287751
0.25850373833333307,-0.10648726401893326
0.25870373833333393,-0.10660431226222188
0.2589037383333339,-0.10672104934671409
0.2591037383333332,-0.10683747230575907
0.2593037383333341,-0.10695357818247245
0.25950373833333407,-0.10706936403012299
0.2597037383333345,-0.10718482691253087
0.25990373833333136,-0.1072999639044585
0.2601037383333329,-0.10741477209201938
0.26030373833333287,-0.10752924857306428
0.2605037383333335,-0.10764339045759881
0.2607037383333344,-0.1077571948681838
0.2609037383333328,-0.10787065894034537
0.26110373833333456,-0.10798377982299294
0.2613037383333334,-0.10809655467882281
0.2615037383333323,-0.10820898068474748
0.26170373833333116,-0.1083210550323089
0.2619037383333329,-0.10843277492810459
0.26210373833333356,-0.10854413759420696
0.2623037383333342,-0.10865514026859804
0.26250373833333396,-0.10876578020559571
0.26270373833333305,-0.1088760546762879
0.2629037383333348,-0.10898596096896893
0.2631037383333339,-0.10909549638957057
0.26330373833333165,-0.10920465826211062
0.2635037383333323,-0.10931344392913264
0.26370373833333316,-0.10942185075214575
0.2639037383333327,-0.1095298761120758
0.2641037383333351,-0.10963751740971728
0.26430373833333354,-0.10974477206617562
0.2645037383333333,-0.10985163752333357
0.2647037383333346,-0.10995811124429802
0.2649037383333326,-0.11006419071385803
0.2651037383333319,-0.11016987343895315
0.265303738333333,-0.11027515694912837
0.2655037383333343,-0.11038003879700004
0.2657037383333336,-0.11048451655872306
0.2659037383333338,-0.11058858783446264
0.2661037383333338,-0.11069225024886012
0.266303738333334,-0.11079550145150849
0.2665037383333344,-0.11089833911742597
0.26670373833333083,-0.1110007609475304
0.2669037383333319,-0.11110276466912641
0.26710373833333234,-0.11120434803637178
0.26730373833333365,-0.11130550883077003
0.26750373833333474,-0.11140624486164927
0.2677037383333334,-0.11150655396664853
0.2679037383333336,-0.11160643401220834
0.2681037383333338,-0.1117058828940539
0.2683037383333331,-0.11180489853768832
0.2685037383333315,-0.11190347889888491
0.2687037383333333,-0.11200162196418215
0.2689037383333337,-0.1120993257513725
0.2691037383333339,-0.11219658831000578
0.2693037383333341,-0.11229340772188416
0.2695037383333332,-0.11238978210156104
0.2697037383333345,-0.11248570959684448
0.2699037383333336,-0.11258118838929335
0.27010373833333157,-0.11267621669472697
0.2703037383333322,-0.11277079276372798
0.2705037383333331,-0.11286491488214398
0.2707037383333335,-0.11295858137159781
0.2709037383333346,-0.11305179058999568
0.2711037383333337,-0.11314454093203327
0.2713037383333332,-0.11323683082970978
0.2715037383333341,-0.11332865875283568
0.27170373833333317,-0.11342002320954366
0.27190373833333137,-0.11351092274680451
0.27210373833333246,-0.11360135595094052
0.2723037383333331,-0.11369132144813475
0.2725037383333335,-0.11378081790495134
0.2727037383333346,-0.1138698440288495
0.2729037383333337,-0.11395839856869829
0.2731037383333339,-0.11404648031529738
0.2733037383333343,-0.11413408810189019
0.2735037383333323,-0.11422122080468318
0.27370373833333206,-0.11430787734336761
0.27390373833333315,-0.11439405668163362
0.27410373833333357,-0.11447975782769049
0.2743037383333342,-0.11456497983478822
0.2745037383333335,-0.11464972180173477
0.2747037383333335,-0.11473398287341842
0.27490373833333437,-0.11481776224132588
0.27510373833333457,-0.11490105914406186
0.275303738333331,-0.1149838728678699
0.2755037383333323,-0.11506620274715763
0.27570373833333295,-0.11514804816500623
0.27590373833333315,-0.11522940855369872
0.27610373833333446,-0.11531028339523754
0.27630373833333355,-0.11539067222186208
0.2765037383333342,-0.11547057461657248
0.27670373833333395,-0.11554999021364308
0.27690373833333304,-0.11562891869914502
0.27710373833333124,-0.1157073598114623
0.277303738333333,-0.11578531334181213
0.2775037383333341,-0.11586277913475626
0.27770373833333384,-0.1159397570887224
0.27790373833333404,-0.11601624715651926
0.27810373833333335,-0.11609224934584964
0.27830373833333444,-0.11616776371982723
0.27850373833333464,-0.11624279039748657
0.2787037383333313,-0.11631732955429713
0.2789037383333317,-0.11639138142267907
0.2791037383333328,-0.11646494629250566
0.279303738333333,-0.1165380245116175
0.27950373833333475,-0.11661061648633123
0.2797037383333334,-0.11668272268194281
0.2799037383333336,-0.11675434362323925
0.2801037383333349,-0.11682547989499778
0.2803037383333331,-0.11689613214248941
0.280503738333332,-0.11696630107198498
0.2807037383333326,-0.11703598745125107
0.28090373833333393,-0.11710519211004917
0.2811037383333337,-0.1171739159406329
0.2813037383333341,-0.1172421598982451
0.2815037383333341,-0.11730992500160871
0.2817037383333345,-0.11737721233342036
0.2819037383333345,-0.11744402304083891
0.2821037383333309,-0.11751035833597323
0.2823037383333318,-0.11757621949637224
0.2825037383333324,-0.11764160786550143
0.2827037383333342,-0.11770652485323022
0.2829037383333348,-0.1177709719363086
0.283103738333333,-0.11783495065884579
0.28330373833333367,-0.11789846263278708
0.2835037383333341,-0.11796150953838175
0.2837037383333336,-0.11802409312465623
0.2839037383333316,-0.11808621520988145
0.2841037383333329,-0.11814787768203938
0.2843037383333331,-0.1182090824992809
0.28450373833333353,-0.11826983169039
0.2847037383333335,-0.11833012735523893
0.2849037383333335,-0.11838997166524237
0.285103738333335,-0.11844936686380979
0.28530373833333367,-0.11850831526679062
0.28550373833333165,-0.11856681926292392
0.28570373833333185,-0.11862488131427847
0.28590373833333316,-0.11868250395669036
0.2861037383333338,-0.11873968980020036
0.2863037383333349,-0.11879644152948655
0.28650373833333376,-0.11885276190429246
0.2867037383333335,-0.1189086537598548
0.2869037383333348,-0.11896412000732423
0.2871037383333339,-0.11901916363418275
0.287303738333331,-0.11907378770466145
0.2875037383333323,-0.11912799536015282
0.28770373833333296,-0.11918178981961361
0.28790373833333316,-0.11923517437997258
0.28810373833333447,-0.11928815241653053
0.28830373833333356,-0.11934072738335384
0.28850373833333465,-0.11939290281367049
0.28870373833333396,-0.11944468232025351
0.2889037383333324,-0.11949606959580858
0.28910373833333125,-0.11954706841335225
0.2893037383333328,-0.11959768262658795
0.28950373833333365,-0.11964791617027486
0.2897037383333343,-0.11969777306059759
0.2899037383333336,-0.1197472573955269
0.2901037383333338,-0.11979637335517818
0.2903037383333349,-0.11984512520216413
0.29050373833333465,-0.11989351728194231
0.2907037383333311,-0.11994155402316026
0.29090373833333194,-0.11998923993799643
0.2911037383333326,-0.12003657962248905
0.29130373833333323,-0.12008357775686967
0.29150373833333476,-0.12013023910588623
0.29170373833333363,-0.12017656851912134
0.29190373833333405,-0.12022257093130892
0.2921037383333345,-0.12026825136264051
0.2923037383333329,-0.12031361491907011
0.29250373833333176,-0.12035866679261352
0.2927037383333331,-0.1204034122616407
0.2929037383333335,-0.12044785669116205
0.2931037383333337,-0.12049200553311332
0.2933037383333339,-0.1205358643266306
0.2935037383333341,-0.12057943869832219
0.2937037383333341,-0.12062273436253343
0.2939037383333345,-0.12066575712160726
0.29410373833333114,-0.12070851286613665
0.29430373833333157,-0.1207510075752161
0.29450373833333243,-0.12079324731667967
0.2947037383333335,-0.12083523824733955
0.29490373833333483,-0.12087698661321616
0.29510373833333325,-0.1209184987497612
0.2953037383333339,-0.1209597810820787
0.2955037383333341,-0.1210008401251329
0.2957037383333334,-0.12104168248395637
0.29590373833333095,-0.12108231485384857
0.2961037383333325,-0.12112274402057006
0.2963037383333331,-0.1211629768605259
0.29650373833333377,-0.12120302034094865
0.29670373833333397,-0.1212428815200707
0.2969037383333344,-0.12128256754729135
0.2971037383333348,-0.12132208566333684
0.2973037383333339,-0.12136144320041403
0.29750373833333144,-0.12140064758235747
0.29770373833333164,-0.1214397063247699
0.2979037383333327,-0.1214786270351536
0.29810373833333403,-0.12151741741303786
0.29830373833333446,-0.12155608525009803
0.29850373833333377,-0.12159463843026819
0.29870373833333397,-0.12163308492984595
0.29890373833333395,-0.12167143281759028
0.29910373833333326,-0.12170969025481232
0.29930373833333124,-0.12174786549545984
0.29950373833333277,-0.12178596688619366
0.29970373833333297,-0.12182400286645478
0.2999037383333334,-0.12186198196852847
0.3001037383333345,-0.12189991281759754
0.30030373833333357,-0.12193780413178876
0.3005037383333349,-0.12197566472221401
0.3007037383333344,-0.12201350349299903
0.3009037383333315,-0.12205132944131042
0.3011037383333317,-0.12208915165737205
0.30130373833333257,-0.12212697932447172
0.30150373833333366,-0.12216482171896405
0.3017037383333343,-0.12220268821026321
0.30190373833333406,-0.12224058826082906
0.3021037383333338,-0.12227853142614481
0.3023037383333349,-0.12231652735468668
0.30250373833333444,-0.12235458578788497
0.30270373833333153,-0.12239271656007897
0.30290373833333195,-0.1224309295984645
0.3031037383333328,-0.12246923492302769
0.30330373833333324,-0.12250764264647801
0.3035037383333343,-0.12254616297416923
0.30370373833333364,-0.12258480620401188
0.3039037383333345,-0.12262358272638094
0.30410373833333404,-0.12266250302401005
0.3043037383333329,-0.12270157767188254
0.3045037383333311,-0.12274081733711124
0.30470373833333264,-0.12278023277881153
0.3049037383333335,-0.12281983484796288
0.30510373833333393,-0.12285963448726694
0.3053037383333339,-0.12289964273099357
0.3055037383333341,-0.12293987070481995
0.3057037383333343,-0.12298032962566033
0.3059037383333345,-0.1230210308014881
0.30610373833333115,-0.12306198563114805
0.3063037383333318,-0.1231032056041642
0.3065037383333329,-0.12314470230053133
0.3067037383333333,-0.12318648739050522
0.30690373833333484,-0.12322857263438197
0.30710373833333326,-0.12327096988226573
0.3073037383333339,-0.12331369107383451
0.30750373833333433,-0.12335674823808863
0.307703738333333,-0.12340015349309744
0.3079037383333316,-0.12344391904573505
0.3081037383333327,-0.12348805719140671
0.30830373833333313,-0.12353258031376568
0.3085037383333338,-0.12357750088442418
0.3087037383333342,-0.12362283146265349
0.30890373833333395,-0.12366858469507533
0.3091037383333346,-0.1237147733153458
0.3093037383333339,-0.1237614101438279
0.3095037383333312,-0.1238085080872583
0.30970373833333165,-0.12385608013840482
0.3099037383333323,-0.12390413937571079
0.3101037383333336,-0.12395269896293687
0.3103037383333349,-0.12400177214878944
0.31050373833333356,-0.12405137226654209
0.31070373833333353,-0.12410151273364976
0.31090373833333396,-0.12415220705134922
0.31110373833333305,-0.12420346880425485
0.3113037383333317,-0.1242553116599451
0.31150373833333234,-0.12430774936853897
0.311703738333333,-0.12436079576226257
0.3119037383333336,-0.12441446475500981
0.3121037383333338,-0.12446877034189184
0.312303738333334,-0.124523726598779
0.3125037383333349,-0.12457934768183303
0.31270373833333376,-0.12463564782702982
0.3129037383333315,-0.124692641349676
0.3131037383333315,-0.12475034264391481
0.313303738333333,-0.1248087661822214
0.3135037383333339,-0.12486792651489162
0.3137037383333343,-0.1249278382695231
0.3139037383333334,-0.12498851615048476
0.31410373833333405,-0.1250499749383802
0.31430373833333447,-0.1251122294894984
0.3145037383333331,-0.12517529473525985
0.3147037383333311,-0.1252391856816526
0.3149037383333324,-0.12530391740865998
0.31510373833333305,-0.12536950506967487
0.31530373833333325,-0.12543596389091366
0.31550373833333434,-0.1255033091708158
0.31570373833333365,-0.1255715562794351
0.31590373833333474,-0.12564072065782605
0.31610373833333405,-0.12571081781741525
0.31630373833333203,-0.12578186333937144
0.31650373833333156,-0.12585387287396288
0.3167037383333329,-0.12592686213990556
0.3169037383333335,-0.12600084692370367
0.31710373833333416,-0.12607584307898478
0.3173037383333339,-0.12615186652582214
0.3175037383333339,-0.12622893325005158
0.3177037383333343,-0.12630705930257838
0.3179037383333343,-0.12638626079867601
0.3181037383333314,-0.1264665539172767
0.3183037383333318,-0.12654795490025822
0.3185037383333329,-0.1266304800517114
0.3187037383333329,-0.12671414573720993
0.31890373833333485,-0.12679896838307042
0.3191037383333335,-0.12688496447559655
0.31930373833333436,-0.1269721505603293
0.3195037383333339,-0.1270605432412723
0.319703738333333,-0.12715015918012373
0.31990373833333163,-0.12724101509549174
0.3201037383333325,-0.12733312776210676
0.3203037383333336,-0.12742651401001978
0.32050373833333357,-0.1275211907238
0.320703738333334,-0.12761717484172208
0.32090373833333397,-0.12771448335494326
0.32110373833333417,-0.12781313330667665
0.32130373833333437,-0.12791314179135396
0.3215037383333317,-0.12801452595378077
0.32170373833333143,-0.12811730298829155
0.3219037383333323,-0.12822149013788306
0.32210373833333383,-0.12832710469335287
0.3223037383333347,-0.12843416399242513
0.3225037383333331,-0.12854268541887015
0.322703738333334,-0.12865268640162134
0.3229037383333342,-0.12876418441387208
0.32310373833333306,-0.12887719697218022
0.32330373833333126,-0.12899174163555846
0.3235037383333328,-0.1291078360045601
0.3237037383333332,-0.12922549772034964
0.32390373833333364,-0.12934474446378186
0.32410373833333384,-0.12946559395446183
0.3243037383333345,-0.12958806394980327
0.3245037383333349,-0.12971217224407855
0.32470373833333377,-0.1298379366674629
0.3249037383333313,-0.12996537508507366
0.32510373833333195,-0.13009450539600406
0.3253037383333326,-0.13022534553233991
0.3255037383333339,-0.13035791345818684
0.3257037383333343,-0.13049222716867834
0.3259037383333341,-0.13062830468898545
0.3261037383333336,-0.13076616407331684
0.3263037383333338,-0.1309058234039132
0.3265037383333331,-0.13104730079003454
0.3267037383333311,-0.1311906143669459
0.3269037383333324,-0.13133578229489773
0.32710373833333284,-0.13148282275808792
0.3273037383333337,-0.1316317539636387
0.32750373833333457,-0.13178259414055193
0.3277037383333341,-0.13193536153866614
0.32790373833333475,-0.13209007442761003
0.32810373833333406,-0.13224675109574138
0.3283037383333314,-0.13240540984909224
0.3285037383333318,-0.1325660690103076
0.3287037383333329,-0.13272874691756484
0.32890373833333375,-0.1328934619235069
0.3291037383333344,-0.13306023239416226
0.32930373833333415,-0.13322907670785997
0.3295037383333339,-0.13340001325414308
0.32970373833333455,-0.13357306043267475
0.3299037383333341,-0.1337482366521388
0.3301037383333314,-0.1339255603291408
0.33030373833333204,-0.1341050498871088
0.3305037383333329,-0.1342867237551696
0.3307037383333329,-0.13447060036704434
0.33090373833333464,-0.13465669815993375
0.33110373833333395,-0.13484503557338634
0.3313037383333344,-0.13503563104818758
0.3315037383333339,-0.13522850302521938
0.33170373833333233,-0.1354236699443345
0.3319037383333321,-0.13562115024322308
0.3321037383333325,-0.13582096235626803
0.3323037383333336,-0.1360231247134076
0.332503738333334,-0.1362276557389886
0.332703738333334,-0.13643457385062177
0.332903738333334,-0.13664389745802988
0.3331037383333346,-0.13685564496189542
0.3333037383333346,-0.1370698347527018
0.33350373833333125,-0.13728648520957598
0.3337037383333319,-0.13750561469914035
0.3339037383333323,-0.13772724157432648
0.3341037383333332,-0.13795138417322766
0.3343037383333347,-0.1381780608179261
0.3345037383333336,-0.13840728981332007
0.3347037383333342,-0.13863908944596615
0.3349037383333344,-0.13887347798288976
0.3351037383333326,-0.1391104736704193
0.3353037383333315,-0.13935009473301424
0.3355037383333328,-0.1395923593720824
0.3357037383333332,-0.13983728576479587
0.33590373833333365,-0.14008489206292238
0.33610373833333407,-0.1403351963916386
0.33630373833333405,-0.14058821684834882
0.33650373833333447,-0.14084397150150452
0.336703738333334,-0.14110247838941647
0.33690373833333154,-0.1413637555190741
0.3371037383333315,-0.14162782086496795
0.3373037383333324,-0.14189469236788954
0.3375037383333337,-0.14216438793375624
0.337703738333335,-0.14243692543242403
0.33790373833333365,-0.14271232269649908
0.3381037383333336,-0.14299059752016563
0.33830373833333405,-0.14327176765798438
0.33850373833333314,-0.1435558508237138
0.3387037383333311,-0.14384286468912985
0.3389037383333322,-0.1441328268828455
0.33910373833333285,-0.1444257549891109
0.33930373833333394,-0.14472166654664864
0.3395037383333339,-0.14502057904746274
0.3397037383333339,-0.14532250993566592
0.3399037383333343,-0.14562747660629588
0.34010373833333385,-0.14593549640413567
0.3403037383333316,-0.14624658662254075
0.3405037383333318,-0.14656076450227146
0.3407037383333329,-0.14687804723030323
0.340903738333334,-0.14719845193866443
0.3411037383333346,-0.1475219957032675
0.34130373833333394,-0.14784869554273863
0.3415037383333339,-0.148178568417259
0.34170373833333434,-0.1485116312273925
0.34190373833333343,-0.14884790081292615
0.3421037383333312,-0.14918739395171676
0.3423037383333325,-0.1495301273585413
0.3425037383333327,-0.1498761176839183
0.3427037383333331,-0.15022538151298445
0.34290373833333443,-0.15057793536433584
0.3431037383333335,-0.15093379568887802
0.3433037383333346,-0.1512929788687043
0.3435037383333339,-0.15165550121593094
0.3437037383333319,-0.15202137897158435
0.34390373833333165,-0.15239062830446726
0.34410373833333274,-0.15276326531002066
0.3443037383333336,-0.15313930600920383
0.3445037383333345,-0.15351876634738088
0.344703738333334,-0.15390166219319795
0.34490373833333354,-0.15428800933748055
0.34510373833333463,-0.15467782349212061
0.3453037383333344,-0.15507112028896541
0.3455037383333317,-0.15546791527873013
0.3457037383333317,-0.1558682239299134
0.3459037383333323,-0.1562720616276813
0.34610373833333297,-0.15667944367279912
0.3463037383333347,-0.15709038528055355
0.3465037383333338,-0.15750490157966368
0.34670373833333423,-0.15792300761123762
0.3469037383333342,-0.15834471832768077
0.34710373833333286,-0.15877004859164978
0.3473037383333315,-0.15919901317500273
0.34750373833333237,-0.15963162675774825
0.3477037383333337,-0.16006790392699272
0.34790373833333366,-0.1605078591759119
0.3481037383333343,-0.16095150690272916
0.34830373833333383,-0.16139886140967435
0.3485037383333345,-0.16184993690198216
0.34870373833333446,-0.16230474748686224
0.34890373833333177,-0.16276330717250137
0.3491037383333315,-0.1632256298670811
0.3493037383333324,-0.16369172937775348
0.3495037383333337,-0.1641616194096706
0.349703738333335,-0.16463531356500438
0.34990373833333344,-0.1651128253419668
0.3501037383333341,-0.16559416813386912
0.3503037383333345,-0.16607935522812595
0.35050373833333337,-0.16656839980532334
0.3507037383333311,-0.16706131493827667
0.3509037383333329,-0.16755811359110007
0.3511037383333331,-0.16805880861823863
0.3513037383333335,-0.16856341276359046
0.3515037383333339,-0.1690719386595687
0.3517037383333339,-0.16958439882619875
0.35190373833333477,-0.17010080567022387
0.3521037383333341,-0.1706211714841993
0.3523037383333316,-0.17114550844562412
0.3525037383333314,-0.1716738286160714
0.35270373833333224,-0.1722061439402956
0.35290373833333377,-0.17274246624538903
0.35310373833333464,-0.17328280723992628
0.3533037383333335,-0.17382717851312438
0.3535037383333337,-0.1743755915340208
0.3537037383333337,-0.1749280576506227
0.35390373833333344,-0.17548458808910672
0.35410373833333164,-0.1760451939530032
0.35430373833333206,-0.17660988622241458
0.3545037383333327,-0.17717867575319413
0.3547037383333336,-0.17775157327618624
0.3549037383333349,-0.1783285893964483
0.35510373833333375,-0.17890973459247786
0.3553037383333346,-0.17949501921548786
0.3555037383333344,-0.18008445348861862
0.3557037383333317,-0.18067804750622837
0.35590373833333167,-0.1812758112331809
0.35610373833333275,-0.1818777545040893
0.3563037383333336,-0.18248388702262833
0.3565037383333345,-0.18309421836084053
0.356703738333334,-0.18370875795843777
0.3569037383333338,-0.1843275151221359
0.35710373833333486,-0.18495049902497546
0.35730373833333395,-0.18557771870564974
0.35750373833333127,-0.1862091830678792
0.3577037383333319,-0.18684490087977706
0.35790373833333256,-0.18748488077317668
0.358103738333333,-0.1881291312430483
0.35830373833333473,-0.18877766064688492
0.3585037383333336,-0.18943047720407835
0.35870373833333447,-0.19008758899537764
0.3589037383333342,-0.19074900396225394
0.3591037383333324,-0.19141472990636615
0.3593037383333313,-0.19208477448900196
0.3595037383333326,-0.19275914523051915
0.3597037383333337,-0.19343784950979304
0.3599037383333339,-0.19412089456371096
0.3601037383333341,-0.19480828748665263
0.3603037383333336,-0.1955000352299724
0.3605037383333347,-0.19619614460151855
0.3607037383333347,-0.19689662226511961
0.3609037383333311,-0.19760147474012615
0.36110373833333176,-0.19831070840098186
0.3613037383333326,-0.19902432947669063
0.36150373833333327,-0.1997423440504279
0.3617037383333348,-0.20046475805909858
0.36190373833333345,-0.20119157729289341
0.3621037383333341,-0.20192280739492433
0.3623037383333343,-0.2026584538607662
0.36250373833333294,-0.2033985220380973
0.3627037383333316,-0.20414301712632454
0.3629037383333329,-0.20489194417620893
0.3631037383333331,-0.20564530808947884
0.3633037383333335,-0.2064031136185249
0.36350373833333416,-0.20716536536604047
0.3637037383333339,-0.20793206778469447
0.36390373833333456,-0.2087032251768327
0.3641037383333343,-0.20947884169414777
0.36430373833333163,-0.21025892133739923
0.3645037383333316,-0.21104346795615692
0.3647037383333325,-0.21183248524847462
0.36490373833333356,-0.21262597676066006
0.3651037383333351,-0.2134239458870229
0.3653037383333333,-0.21422639586961484
0.3655037383333335,-0.21503332979805287
0.3657037383333339,-0.21584475060923544
0.36590373833333323,-0.21666066108716436
0.36610373833333143,-0.217481063862751
0.3663037383333323,-0.21830596141363945
0.36650373833333294,-0.21913535606398737
0.3667037383333338,-0.21996924998434159
0.366903738333334,-0.2208076451914633
0.367103738333334,-0.2216505435481948
0.36730373833333463,-0.2224979467633217
0.3675037383333335,-0.22334985639143357
0.3677037383333317,-0.22420627383283895
0.3679037383333319,-0.22506720033345573
0.3681037383333323,-0.22593263698469135
0.3683037383333341,-0.2268025847233941
0.3685037383333345,-0.2276770443317504
0.3687037383333336,-0.22855601643725243
0.3689037383333338,-0.22943950151264592
0.3691037383333342,-0.2303274998758633
0.3693037383333333,-0.23122001169000422
0.36950373833333106,-0.23211703696332442
0.3697037383333326,-0.23301857554924119
0.3699037383333328,-0.2339246271462631
0.37010373833333343,-0.2348351912980755
0.3703037383333343,-0.2357502673935195
0.3705037383333334,-0.2366698546666211
0.3707037383333347,-0.2375939521966651
0.37090373833333423,-0.23852255890817886
0.371103738333332,-0.2394556735710442
0.3713037383333315,-0.24039329480056318
0.37150373833333306,-0.24133542105750205
0.3717037383333339,-0.24228205064817956
0.37190373833333434,-0.2432331817245881
0.37210373833333366,-0.24418881228448075
0.37230373833333363,-0.24514894017150124
0.3725037383333347,-0.24611356307528753
0.37270373833333403,-0.24708267853159427
0.3729037383333311,-0.24805628392246082
0.37310373833333177,-0.24903437647637985
0.37330373833333264,-0.25001695326837936
0.37350373833333306,-0.2510040112202483
0.3737037383333348,-0.25199554710071037
0.3739037383333337,-0.2529915575255658
0.3741037383333341,-0.25399203895795663
0.3743037383333343,-0.2549969877084938
0.3745037383333327,-0.2560063999354967
0.3747037383333316,-0.25702027164522967
0.3749037383333329,-0.2580385986921051
0.37510373833333377,-0.2590613767788944
0.37530373833333397,-0.26008860145700496
0.37550373833333395,-0.2611202681267205
0.3757037383333339,-0.2621563720374505
0.37590373833333435,-0.26319690828799797
0.3761037383333343,-0.2642418718268204
0.3763037383333312,-0.2652912574523068
0.3765037383333316,-0.26634505981312073
0.3767037383333325,-0.267403273408393
0.37690373833333357,-0.2684658925880869
0.3771037383333349,-0.26953291155329107
0.3773037383333331,-0.2706043243565127
0.37750373833333395,-0.2716801249020638
0.37770373833333437,-0.27276030694629144
0.37790373833333324,-0.2738448640979682
0.3781037383333312,-0.2749337898186289
0.37830373833333275,-0.27602707742292726
0.3785037383333332,-0.2771247200789163
0.3787037383333338,-0.278226710808486
0.378903738333334,-0.27933304248768365
0.3791037383333338,-0.2804437078470953
0.37930373833333486,-0.28155869947222556
0.37950373833333395,-0.2826780098038378
0.3797037383333317,-0.28380163113838935
0.3799037383333317,-0.2849295556284131
0.38010373833333233,-0.28606177528286847
0.3803037383333341,-0.28719828196757785
0.38050373833333473,-0.28833906740560533
0.3807037383333336,-0.2894841231776873
0.3809037383333338,-0.29063344072265807
0.3811037383333338,-0.2917870113378179
0.3813037383333333,-0.2929448261793872
0.3815037383333313,-0.29410687626291987
0.3817037383333324,-0.29527315246376873
0.381903738333333,-0.29644364551743685
0.38210373833333366,-0.29761834602008364
0.3823037383333341,-0.29879724442893696
0.38250373833333384,-0.2999803310627376
0.38270373833333493,-0.3011675961022
0.382903738333334,-0.3023590295904142
0.3831037383333311,-0.3035546214333479
0.38330373833333176,-0.3047543614003135
0.38350373833333284,-0.3059582391243388
0.3837037383333337,-0.30716624410269144
0.3839037383333346,-0.3083783656973302
0.38410373833333344,-0.3095945931353473
0.3843037383333341,-0.310814915509483
0.38450373833333473,-0.31203932177852023
0.3847037383333338,-0.31326780076778893
0.38490373833333136,-0.31450034116964115
0.3851037383333322,-0.31573693154394306
0.38530373833333287,-0.31697756031846264
0.3855037383333333,-0.3182222157894151
0.3857037383333348,-0.3194708861219224
0.3859037383333337,-0.32072355935044655
0.38610373833333456,-0.3219802233793454
0.3863037383333341,-0.32324086598324686
0.38650373833333207,-0.3245054748075882
0.38670373833333116,-0.3257740373690922
0.3869037383333327,-0.3270465410562112
0.38710373833333356,-0.3283229731295809
0.3873037383333342,-0.3296033207225445
0.3875037383333335,-0.3308875708415897
0.3877037383333335,-0.33217571036685206
0.3879037383333348,-0.33346772605255365
0.38810373833333434,-0.33476360452745635
0.3883037383333312,-0.33606333229536783
0.38850373833333185,-0.33736689573564005
0.3887037383333325,-0.338674281103519
0.38890373833333314,-0.3399854745306972
0.3891037383333349,-0.3413004620257565
0.3893037383333331,-0.34261922947457946
0.3895037383333342,-0.3439417626409161
0.3897037383333344,-0.3452680471666964
0.3899037383333328,-0.3465980685725656
0.3901037383333317,-0.3479318122583325
0.39030373833333276,-0.3492692635033915
0.3905037383333336,-0.35061040746713584
0.39070373833333405,-0.35195522918943933
0.39090373833333425,-0.3533037135910773
0.391103738333334,-0.3546558454741515
0.3913037383333342,-0.3560116095225259
0.3915037383333342,-0.3573709903022313
0.3917037383333315,-0.3587339722618813
0.3919037383333317,-0.36010053973315365
0.39210373833333234,-0.3614706769310881
0.39230373833333365,-0.3628443679545662
0.39250373833333496,-0.36422159678668403
0.3927037383333334,-0.36560234729513946
0.3929037383333338,-0.36698660323268945
0.39310373833333423,-0.3683743482374337
0.3933037383333331,-0.3697655658332436
0.3935037383333315,-0.3711602394301504
0.3937037383333324,-0.37255835232470746
0.39390373833333303,-0.3739598877002992
0.3941037383333339,-0.375364828627558
0.3943037383333341,-0.3767731580646811
0.3945037383333341,-0.37818485885779335
0.3947037383333345,-0.37959991374127433
0.39490373833333337,-0.3810183053380674
0.39510373833333157,-0.3824400161600431
0.39530373833333177,-0.3838650286083054
0.39550373833333285,-0.38529332497346186
0.39570373833333394,-0.3867248874359525
0.39590373833333437,-0.38815969806634393
0.3961037383333337,-0.3895977388256164
0.39630373833333365,-0.3910389915654557
0.3965037383333343,-0.3924834380284958
0.39670373833333294,-0.3939310598485751
0.39690373833333137,-0.3953818385510426
0.39710373833333246,-0.3968357555529801
0.3973037383333329,-0.3982927921633884
0.3975037383333335,-0.39975292958348924
0.3977037383333344,-0.40121614890691354
0.3979037383333337,-0.4026824311199031
0.3981037383333348,-0.40415175710156775
0.3983037383333341,-0.40562410762398793
0.3985037383333323,-0.4070994633524854
0.3987037383333316,-0.40857780484577544
0.39890373833333315,-0.4100591125561171
0.39910373833333357,-0.4115433668294429
0.39930373833333443,-0.4130305479055761
0.39950373833333397,-0.41452063591830757
0.3997037383333335,-0.416013610895571
0.3999037383333348,-0.41750945275954027
0.4001037383333339,-0.41900814132669156
0.40030373833333166,-0.4205096563079795
0.4005037383333321,-0.422013977308911
0.4007037383333327,-0.4235210838295511
0.4009037383333329,-0.42503095526465046
0.4011037383333349,-0.42654357090370815
0.40130373833333355,-0.4280589099309417
0.4015037383333342,-0.4295769514254533
0.40170373833333395,-0.43109767436111235
0.4019037383333328,-0.4326210576066519
0.4021037383333317,-0.4341470799256552
0.40230373833333277,-0.43567571997654797
0.40250373833333364,-0.4372069563125316
0.40270373833333384,-0.4387407673816018
0.4029037383333338,-0.4402771315264946
0.4031037383333338,-0.4418160269846243
0.40330373833333444,-0.4433574318880199
0.4035037383333344,-0.4449013242632285
0.4037037383333315,-0.44644768203123136
0.4039037383333317,-0.44799648300741496
0.4041037383333326,-0.4495477049013255
0.4043037383333332,-0.45110132531662195
0.404503738333335,-0.4526573217509415
0.4047037383333332,-0.45421567159568754
0.40490373833333404,-0.45577635213599693
0.40510373833333424,-0.45733934055040915
0.4053037383333331,-0.4589046139107716
0.40550373833333153,-0.4604721491820366
0.40570373833333284,-0.4620419232220531
0.40590373833333326,-0.4636139127812715
0.4061037383333339,-0.4651880945026022
0.4063037383333341,-0.4667644449211129
0.40650373833333364,-0.46834294046378777
0.4067037383333345,-0.46992355744926895
0.4069037383333338,-0.47150627208751267
0.4071037383333318,-0.4730910604795576
0.40730373833333156,-0.47467789861721094
0.40750373833333264,-0.47626676238267474
0.40770373833333395,-0.47785762754823435
0.4079037383333348,-0.4794504697759181
0.4081037383333337,-0.48104526461712677
0.40830373833333367,-0.48264198751230447
0.4085037383333341,-0.4842406137904859
0.4087037383333332,-0.48584111866891944
0.4089037383333316,-0.48744347725268394
0.4091037383333327,-0.4890476645342681
0.4093037383333331,-0.49065365539305894
0.409503738333334,-0.49226142459498295
0.40970373833333396,-0.49387094679198923
0.40990373833333393,-0.49548219652161296
0.4101037383333348,-0.49709514820647316
0.4103037383333332,-0.4987097761537391
0.41050373833333165,-0.5003260545546989
0.41070373833333207,-0.5019439574841877
0.41090373833333294,-0.5035634589000267
0.4111037383333338,-0.5051845326425108
0.4113037383333349,-0.5068071524338476
0.41150373833333376,-0.5084312918775549
0.4117037383333335,-0.510056924457945
0.4119037383333344,-0.5116840235394582
0.41210373833333325,-0.5133125623660499
0.41230373833333145,-0.5149425140606332
0.4125037383333323,-0.5165738516244256
0.41270373833333274,-0.5182065479362374
0.4129037383333334,-0.5198405757518945
0.4131037383333347,-0.5214759077035407
0.41330373833333356,-0.5231125162989292
0.41350373833333465,-0.524750373920823
0.4137037383333335,-0.5263894528261546
0.4139037383333324,-0.5280297251454384
0.4141037383333317,-0.5296711628819789
0.4143037383333328,-0.5313137379111517
0.41450373833333365,-0.5329574219796229
0.4147037383333343,-0.534602186704633
0.4149037383333338,-0.5362480035732012
0.4151037383333338,-0.5378948439413743
0.41530373833333445,-0.5395426790334006
0.415503738333334,-0.5411914799409241
0.4157037383333315,-0.5428412176221948
0.41590373833333194,-0.5444918629012849
0.4161037383333326,-0.5461433864671452
0.41630373833333323,-0.5477957588728447
0.4165037383333352,-0.5494489505347081
0.4167037383333334,-0.5511029317313869
0.41690373833333383,-0.5527576726031318
0.41710373833333403,-0.5544131431507459
0.4173037383333329,-0.5560693132347753
0.41750373833333176,-0.5577261525746151
0.41770373833333285,-0.5593836307475875
0.4179037383333335,-0.5610417171879716
0.4181037383333337,-0.5627003811861397
0.4183037383333339,-0.5643595918876008
0.4185037383333341,-0.5660193182920465
0.4187037383333341,-0.5676795292524007
0.41890373833333405,-0.5693401934738611
0.4191037383333316,-0.5710012795129048
0.4193037383333318,-0.5726627557763928
0.41950373833333243,-0.5743245905204641
0.4197037383333335,-0.5759867518496182
0.41990373833333505,-0.5776492077156998
0.42010373833333325,-0.5793119259168584
0.4203037383333337,-0.5809748740966431
0.4205037383333341,-0.5826380197428397
0.42070373833333297,-0.5843013301865136
0.4209037383333314,-0.5859647726009937
0.4211037383333325,-0.5876283140008257
0.4213037383333331,-0.5892919212406609
0.421503738333334,-0.5909555610142849
0.4217037383333342,-0.5926191998535204
0.42190373833333394,-0.5942828041271857
0.4221037383333346,-0.5959463400400283
0.4223037383333337,-0.5976097736316146
0.42250373833333166,-0.5992730707753079
0.4227037383333321,-0.6009361971771918
0.4229037383333327,-0.6025991183749105
0.42310373833333403,-0.6042617997366544
0.42330373833333446,-0.6059242064600262
0.42350373833333377,-0.6075863035709775
0.42370373833333397,-0.6092480559227158
0.42390373833333395,-0.6109094281945631
0.42410373833333304,-0.6125703848908794
0.4243037383333317,-0.6142308903399645
0.42450373833333277,-0.6158909086929625
0.42470373833333297,-0.6175504039226799
0.4249037383333336,-0.6192093398225662
0.4251037383333345,-0.6208676800055507
0.42530373833333357,-0.6225253879029278
0.4255037383333349,-0.6241824267633075
0.42570373833333397,-0.6258387596513852
0.4259037383333315,-0.6274943494469363
0.4261037383333317,-0.6291491588436916
0.426303738333333,-0.6308031503481478
0.42650373833333366,-0.6324562862785004
0.4267037383333343,-0.6341085287635535
0.42690373833333406,-0.635759839741578
0.4271037383333338,-0.6374101809592303
0.42730373833333446,-0.6390595139704314
0.4275037383333342,-0.6407078001352394
0.42770373833333153,-0.6423550006187737
0.42790373833333195,-0.6440010763901709
0.4281037383333326,-0.6456459882213625
0.42830373833333324,-0.6472896966860723
0.42850373833333477,-0.6489321621587157
0.4287037383333334,-0.6505733448132685
0.4289037383333345,-0.6522132046222986
0.4291037383333336,-0.6538517013557354
0.4293037383333329,-0.6554887945799347
0.4295037383333311,-0.65712444365653
0.42970373833333264,-0.658758607741448
0.4299037383333335,-0.6603912457837393
0.43010373833333415,-0.6620223165246368
0.4303037383333339,-0.6636517784964695
0.43050373833333366,-0.6652795900216492
0.4307037383333343,-0.6669057092116328
0.4309037383333345,-0.6685300939658844
0.4311037383333318,-0.6701527019708737
0.4313037383333318,-0.6717734906991466
0.43150373833333244,-0.6733924174082065
0.4317037383333333,-0.6750094391396
0.43190373833333506,-0.6766245127179403
0.43210373833333326,-0.6782375947498891
0.4323037383333339,-0.6798486416233267
0.4325037383333341,-0.6814576095062487
0.432703738333333,-0.6830644543459198
0.4329037383333316,-0.6846691318679476
0.4331037383333327,-0.686271597575369
0.43330373833333335,-0.6878718067476881
0.433503738333334,-0.6894697144400604
0.4337037383333342,-0.6910652754823814
0.4339037383333335,-0.6926584444784297
0.43410373833333415,-0.694249175805037
0.4343037383333337,-0.695837423611191
0.43450373833333145,-0.6974231418172641
0.43470373833333165,-0.6990062841142279
0.4349037383333323,-0.7005868039627691
0.4351037383333336,-0.702164654592575
0.4353037383333349,-0.7037397890015475
0.43550373833333356,-0.7053121599550388
0.43570373833333376,-0.7068817199851926
0.43590373833333396,-0.7084484213901234
0.4361037383333328,-0.710012216233264
0.4363037383333317,-0.7115730563427003
0.4365037383333319,-0.7131308933104834
0.4367037383333332,-0.7146856784919682
0.43690373833333407,-0.7162373630051837
0.43710373833333405,-0.7177858977302416
0.437303738333334,-0.7193312333087392
0.43750373833333445,-0.7208733201431747
0.4377037383333331,-0.7224121083963726
0.4379037383333315,-0.7239475479909983
0.43810373833333216,-0.7254795886090194
0.438303738333333,-0.7270081796911687
0.4385037383333339,-0.7285332704365204
0.43870373833333476,-0.7300548098020214
0.43890373833333385,-0.7315727465020461
0.4391037383333338,-0.7330870290080345
0.43930373833333447,-0.7345976055480467
0.4395037383333331,-0.7361044241064026
0.43970373833333154,-0.7376074324233919
0.4399037383333322,-0.7391065779949253
0.44010373833333283,-0.7406018080721999
0.4403037383333337,-0.7420930696614805
0.4405037383333348,-0.7435803095238337
0.4407037383333332,-0.7450634741748838
0.4409037383333343,-0.7465425098846982
0.4411037383333336,-0.748017362677482
0.4413037383333325,-0.7494879783315449
0.44150373833333156,-0.7509543023791347
0.4417037383333329,-0.7524162801063562
0.4419037383333335,-0.7538738565530569
0.4421037383333344,-0.7553269765128507
0.4423037383333339,-0.7567755845330579
0.4425037383333337,-0.7582196249147597
0.4427037383333343,-0.7596590417128107
0.4429037383333343,-0.7610937787358978
0.4431037383333316,-0.7625237795466543
0.4433037383333318,-0.763948987461841
0.44350373833333245,-0.7653693455523939
0.4437037383333331,-0.7667847966436797
0.4439037383333353,-0.7681952833157126
0.4441037383333335,-0.7696007479033349
0.4443037383333339,-0.7710011324966255
0.4445037383333339,-0.7723963789410626
0.444703738333333,-0.773786428837939
0.44490373833333163,-0.7751712235447199
0.4451037383333327,-0.776550704175456
0.4453037383333336,-0.7779248116011609
0.445503738333334,-0.7792934864503287
0.445703738333334,-0.7806566691094173
0.4459037383333335,-0.7820142997233754
0.44610373833333417,-0.7833663181962165
0.4463037383333339,-0.7847126641915774
0.4465037383333319,-0.7860532771333837
0.44670373833333143,-0.7873880962065292
0.4469037383333323,-0.7887170603575222
0.44710373833333383,-0.7900401082952389
0.44730373833333514,-0.7913571784916889
0.4475037383333331,-0.7926682091828035
0.44770373833333377,-0.7939731383693466
0.4479037383333335,-0.7952719038176618
0.4481037383333333,-0.7965644430606705
0.4483037383333317,-0.7978506933987726
0.44850373833333257,-0.7991305919008699
0.4487037383333332,-0.8004040754053063
0.4489037383333341,-0.8016710805209826
0.4491037383333345,-0.8029315436284136
0.4493037383333338,-0.8041854008808613
0.4495037383333349,-0.8054325882055198
0.44970373833333355,-0.806673041304645
0.44990373833333197,-0.8079066956568772
0.45010373833333195,-0.8091334865184701
0.4503037383333326,-0.8103533489245922
0.4505037383333339,-0.8115662176906957
0.45070373833333477,-0.8127720274138934
0.4509037383333341,-0.8139707124743938
0.4511037383333336,-0.8151622070369808
0.4513037383333338,-0.8163464450524944
0.4515037383333331,-0.8175233602593692
0.4517037383333318,-0.8186928861852378
0.4519037383333324,-0.8198549561485586
0.45210373833333284,-0.8210095032602305
0.4523037383333337,-0.8221564604253406
0.45250373833333457,-0.8232957603448808
0.45270373833333366,-0.8244273355175251
0.4529037383333343,-0.8255511182414883
0.45310373833333384,-0.8266670406163203
0.45330373833333204,-0.8277750345448558
0.4535037383333318,-0.8288750317351565
0.4537037383333329,-0.8299669637024598
0.45390373833333375,-0.8310507617712068
0.4541037383333346,-0.8321263570771245
0.4543037383333337,-0.8331936805693048
0.4545037383333337,-0.8342526630123852
0.45470373833333455,-0.8353032349886935
0.45490373833333364,-0.8363453269004741
0.45510373833333184,-0.8373788689721857
0.45530373833333204,-0.8384037912528011
0.45550373833333246,-0.8394200236181208
0.4557037383333331,-0.8404274957731974
0.45590373833333486,-0.8414261372547598
0.4561037383333335,-0.8424158774336551
0.4563037383333344,-0.8433966455174372
0.45650373833333324,-0.8443683705528254
0.4567037383333328,-0.8453309814283814
0.4569037383333321,-0.8462844068770956
0.4571037383333325,-0.8472285754790937
0.4573037383333338,-0.8481634156643403
0.45750373833333424,-0.8490888557153979
0.457703738333334,-0.8500048237702483
0.45790373833333375,-0.8509112478251298
0.4581037383333344,-0.8518080557374188
0.45830373833333415,-0.852695175228547
0.4585037383333317,-0.8535725338869808
0.4587037383333319,-0.854440059171258
0.4589037383333323,-0.8552976784129749
0.4591037383333334,-0.8561453188199275
0.45930373833333493,-0.8569829074792241
0.45950373833333336,-0.8578103713604497
0.4597037383333342,-0.8586276373189317
0.459903738333334,-0.859434632098919
0.46010373833333285,-0.8602312823369311
0.4603037383333315,-0.8610175145650808
0.4605037383333328,-0.8617932552144567
0.46070373833333345,-0.8625584306185092
0.4609037383333341,-0.8633129670165474
0.46110373833333407,-0.864056790557214
0.4613037383333338,-0.8647898273020362
0.46150373833333447,-0.8655120032289972
0.4617037383333338,-0.8662232442361415
0.46190373833333176,-0.866923476145252
0.4621037383333315,-0.8676126247055468
0.4623037383333324,-0.868290615597393
0.4625037383333337,-0.8689573744360931
0.462703738333335,-0.8696128267757011
0.46290373833333365,-0.8702568981128642
0.46310373833333385,-0.870889513890746
0.4633037383333338,-0.8715105995029112
0.4635037383333329,-0.8721200802973184
0.4637037383333318,-0.8727178815803234
0.4639037383333322,-0.8733039286207234
0.46410373833333307,-0.8738781466538237
0.46430373833333416,-0.8744404608855673
0.4645037383333339,-0.8749907964966842
0.4647037383333339,-0.8755290786468946
0.4649037383333343,-0.8760552324791215
0.4651037383333332,-0.8765691831237588
0.4653037383333316,-0.8770708557029796
0.4655037383333318,-0.8775601753350681
0.4657037383333329,-0.8780370671387834
0.465903738333334,-0.8785014562377691
0.4661037383333346,-0.8789532677649985
0.4663037383333335,-0.8793924268672464
0.4665037383333339,-0.8798188587096123
0.46670373833333434,-0.8802324884800403
0.4669037383333332,-0.8806332413939104
0.46710373833333163,-0.8810210426986532
0.4673037383333325,-0.8813958176783915
0.4675037383333327,-0.8817574916586004
0.46770373833333356,-0.8821059900108379
0.4679037383333349,-0.8824412381574724
0.4681037383333333,-0.882763161576452
0.4683037383333346,-0.8830716858061283
0.4685037383333337,-0.883366736450056
0.46870373833333234,-0.8836482391818882
0.46890373833333165,-0.8839161197502549
0.46910373833333274,-0.8841703039836892
0.4693037383333336,-0.8844107177955762
0.4695037383333345,-0.8846372871891413
0.469703738333334,-0.8848499382624556
0.46990373833333354,-0.8850485972134784
0.4701037383333342,-0.8852331903451185
0.47030373833333394,-0.8854036440703237
0.4705037383333317,-0.8855598849172064
0.4707037383333319,-0.8857018395341888
0.4709037383333323,-0.8858294346951661
0.4711037383333334,-0.8859425973047086
0.47130373833333494,-0.8860412544032827
0.47150373833333337,-0.8861253331724921
0.471703738333334,-0.8861947609403552
0.471903738333334,-0.8862494651865878
0.47210373833333286,-0.8862893735479249
0.4723037383333315,-0.8863144138234562
0.4725037383333326,-0.8863245139799865
0.4727037383333337,-0.8863196021574157
0.4729037383333341,-0.886299606674142
0.4731037383333343,-0.8862644560324824
0.47330373833333383,-0.8862140789241173
0.47350373833333403,-0.886148404235549
0.473703738333334,-0.8860673610535831
0.473903738333332,-0.8859708786708287
0.4741037383333315,-0.8858588865912074
0.4743037383333324,-0.8857313145354946
0.4745037383333339,-0.8855880924468645
0.47470373833333523,-0.8854291504964579
0.47490373833333344,-0.8852544190889621
0.4751037383333341,-0.8850638288682003
0.4753037383333336,-0.8848573107227553
0.4755037383333329,-0.884634795791581
0.4757037383333311,-0.8843962154696448
0.4759037383333329,-0.8841415014135696
0.4761037383333331,-0.883870585547312
0.47630373833333395,-0.8835834000678144
0.4765037383333339,-0.8832798774507027
0.4767037383333339,-0.8829599504559689
0.47690373833333477,-0.8826235521336796
0.4771037383333334,-0.8822706158296925
0.47730373833333184,-0.8819010751913615
0.4775037383333314,-0.8815148641732726
0.4777037383333329,-0.8811119170429778
0.477903738333334,-0.8806921683867412
0.47810373833333486,-0.8802555531152755
0.4783037383333335,-0.8798020064694998
0.4785037383333337,-0.8793314640262798
0.4787037383333337,-0.8788438617042099
0.478903738333333,-0.8783391357693617
0.47910373833333164,-0.8778172228410509
0.4793037383333325,-0.8772780598975942
0.47950373833333315,-0.8767215842821
0.4797037383333338,-0.8761477337082162
0.4799037383333349,-0.8755564462659008
0.48010373833333375,-0.8749476604272013
0.4803037383333346,-0.8743213150519872
0.4805037383333337,-0.8736773493937586
0.4807037383333317,-0.8730157031053669
0.4809037383333321,-0.8723363162447754
0.4811037383333332,-0.8716391292808354
0.48130373833333384,-0.8709240830990153
0.4815037383333347,-0.8701911190071348
0.4817037383333338,-0.8694401787411168
0.4819037383333338,-0.8686712044706848
0.48210373833333464,-0.8678841388051088
0.4823037383333335,-0.8670789247989177
0.48250373833333127,-0.8662555059575754
0.4827037383333319,-0.8654138262431688
0.4829037383333328,-0.864553830080131
0.4831037383333332,-0.8636754623608751
0.48330373833333495,-0.8627786684514469
0.4835037383333334,-0.8618633941972065
0.48370373833333447,-0.8609295859283825
0.4839037383333338,-0.8599771904657827
0.48410373833333287,-0.85900615512632
0.4843037383333313,-0.8580164277286328
0.4845037383333326,-0.857007956598623
0.4847037383333339,-0.8559806905750624
0.4849037383333339,-0.8549345790150813
0.4851037383333341,-0.8538695717996799
0.4853037383333334,-0.8527856193392479
0.4855037383333345,-0.8516826725790076
0.48570373833333425,-0.8505606830045197
0.48590373833333156,-0.8494196026470704
0.48610373833333176,-0.8482593840890592
0.4863037383333324,-0.847079980469463
0.48650373833333327,-0.8458813454891461
0.48670373833333525,-0.8446634334162016
0.48690373833333345,-0.8434261990913101
0.4871037383333341,-0.8421695979329199
0.48730373833333407,-0.8408935859426375
0.48750373833333294,-0.8395981197103854
0.4877037383333316,-0.8382831564196138
0.4879037383333329,-0.8369486538524753
0.48810373833333354,-0.8355945703950247
0.48830373833333396,-0.8342208650422699
0.48850373833333416,-0.8328274974032868
0.4887037383333339,-0.8314144277062696
0.48890373833333434,-0.8299816168035448
0.4891037383333341,-0.8285290261765834
0.48930373833333163,-0.8270566179409424
0.48950373833333183,-0.8255643548511358
0.4897037383333325,-0.8240522003056159
0.48990373833333356,-0.8225201183515588
0.4901037383333351,-0.8209680736896889
0.4903037383333335,-0.8193960316790843
0.4905037383333335,-0.8178039583418204
0.4907037383333339,-0.8161918203677787
0.490903738333333,-0.8145595851192642
0.49110373833333143,-0.8129072206356006
0.4913037383333323,-0.8112346956377061
0.49150373833333316,-0.809541979532697
0.49170373833333403,-0.8078290424183152
0.49190373833333445,-0.8060958550874042
0.492103738333334,-0.8043423890323118
0.4923037383333344,-0.8025686164492358
0.4925037383333333,-0.8007745102425985
0.4927037383333317,-0.7989600440292512
0.4929037383333319,-0.7971251921427238
0.493103738333333,-0.7952699296374395
0.4933037383333341,-0.7933942322928247
0.49350373833333494,-0.791498076617384
0.4937037383333338,-0.7895814398527599
0.4939037383333338,-0.7876442999776532
0.4941037383333342,-0.785686635711847
0.4943037383333331,-0.7837084265200669
0.4945037383333313,-0.7817096526157741
0.4947037383333326,-0.7796902949649482
0.4949037383333328,-0.777650335289926
0.49510373833333365,-0.7755897560729377
0.49530373833333474,-0.7735085405598138
0.4955037383333334,-0.7714066727635553
0.4957037383333345,-0.7692841374677435
0.4959037383333338,-0.7671409202301746
0.49610373833333243,-0.7649770073861124
0.4963037383333315,-0.7627923860516859
0.49650373833333283,-0.7605870441271735
0.4967037383333337,-0.7583609703002903
0.49690373833333457,-0.7561141540492774
0.4971037383333341,-0.7538465856460701
0.49730373833333363,-0.751558256159303
0.4975037383333345,-0.7492491574573326
0.49770373833333403,-0.7469192822112192
0.49790373833333157,-0.7445686238975311
0.498103738333332,-0.742197176801114
0.4983037383333324,-0.7398049360179957
0.4985037383333333,-0.737391897457945
0.49870373833333503,-0.7349580578471343
0.4989037383333337,-0.7325034147307534
0.4991037383333341,-0.7300279664753466
0.49930373833333364,-0.7275317122714434
0.49950373833333317,-0.7250146521357912
0.4997037383333316,-0.7224767869137265
0.4999037383333329,-0.7199181182813216
0.5001037383333338,-0.7173386487477109
0.5003037383333342,-0.7147383816570629
0.500503738333334,-0.7121173211906604
0.5007037383333337,-0.7094754723688537
0.5009037383333339,-0.7068128410529788
0.5011037383333341,-0.7041294339471987
0.5013037383333321,-0.7014252586002789
0.5015037383333318,-0.6987003234071782
0.5017037383333325,-0.69595463761082
0.5019037383333336,-0.6931882113035817
0.5021037383333351,-0.6904010554287763
0.5023037383333331,-0.6875931817821341
0.5025037383333335,-0.6847646030129507
0.5027037383333337,-0.6819153326256204
0.5029037383333332,-0.6790453849806881
0.5031037383333314,-0.6761547752960144
0.5033037383333328,-0.6732435196477567
0.5035037383333332,-0.6703116349715517
0.5037037383333345,-0.6673591390632224
0.5039037383333345,-0.6643860505797653
0.5041037383333338,-0.6613923890400122
0.504303738333334,-0.658378174825357
0.5045037383333335,-0.6553434291804364
0.5047037383333319,-0.6522881742136126
0.5049037383333317,-0.6492124328974205
0.5051037383333323,-0.6461162290690529
0.5053037383333336,-0.6429995874306388
0.5055037383333352,-0.6398625335494997
0.505703738333334,-0.6367050938583604
0.5059037383333336,-0.6335272956553112
0.5061037383333336,-0.6303291671039875
0.5063037383333329,-0.627110737233476
0.5065037383333315,-0.6238720359381602
0.5067037383333324,-0.6206130939774861
0.506903738333333,-0.6173339429758209
0.5071037383333341,-0.6140346154219617
0.5073037383333343,-0.6107151446687917
0.5075037383333338,-0.6073755649327158
0.5077037383333345,-0.6040159112930794
0.5079037383333331,-0.6006362196916211
0.5081037383333318,-0.5972365269315701
0.5083037383333318,-0.5938168706769354
0.5085037383333328,-0.5903772894516348
0.5087037383333337,-0.586917822638527
0.508903738333335,-0.5834385104783211
0.5091037383333341,-0.5799393940685527
0.5093037383333341,-0.5764205153622377
0.5095037383333345,-0.5728819171667682
0.5097037383333334,-0.5693236431425335
0.5099037383333318,-0.5657457378014219
0.5101037383333322,-0.5621482465053554
0.5103037383333324,-0.5585312154648266
0.5105037383333333,-0.5548946917371148
0.5107037383333353,-0.5512387232246252
0.5109037383333337,-0.5475633586731794
0.5111037383333343,-0.5438686476698549
0.5113037383333334,-0.540154640641404
0.5115037383333323,-0.5364213888519612
0.5117037383333312,-0.5326689444010564
0.5119037383333327,-0.5288973602213756
0.512103738333334,-0.5251066900766623
0.5123037383333344,-0.5212969885592479
0.5125037383333342,-0.5174683110876784
0.5127037383333335,-0.5136207139042589
0.5129037383333344,-0.5097542540724728
0.5131037383333339,-0.5058689894744908
0.5133037383333321,-0.5019649788083282
0.5135037383333318,-0.4980422815850756
0.5137037383333325,-0.4941009581261858
0.5139037383333334,-0.4901410695604922
0.5141037383333351,-0.4861626778211975
0.5143037383333335,-0.48216584564294007
0.514503738333334,-0.4781506365583781
0.5147037383333335,-0.4741171148953414
0.514903738333333,-0.4700653457733226
0.5151037383333317,-0.46599539510024535
0.5153037383333323,-0.4619073295689369
0.5155037383333336,-0.45780121665381046
0.515703738333334,-0.4536771246072301
0.5159037383333342,-0.4495351224558378
0.516103738333334,-0.4453752799969264
0.5163037383333342,-0.44119766779463937
0.5165037383333335,-0.43700235717621144
0.5167037383333319,-0.4327894202279986
0.5169037383333317,-0.42855892979149757
0.5171037383333323,-0.42431095945941744
0.5173037383333337,-0.420045583571525
0.5175037383333352,-0.41576287721049043
0.5177037383333338,-0.41146291619771436
0.5179037383333338,-0.40714577708881977
0.5181037383333331,-0.4028115371695875
0.5183037383333331,-0.3984602744513291
0.518503738333332,-0.3940920676665438
0.5187037383333324,-0.38970699626420746
0.5189037383333333,-0.38530514040534214
0.5191037383333339,-0.38088658095825395
0.5193037383333343,-0.37645139949379847
0.5195037383333341,-0.37199967828060987
0.5197037383333345,-0.367531500280202
0.5199037383333331,-0.3630469491421789
0.520103738333332,-0.35854610919908236
0.5203037383333318,-0.3540290654614908
0.5205037383333329,-0.34949590361291105
0.5207037383333335,-0.3449467100046782
0.5209037383333348,-0.3403815716506433
0.5211037383333339,-0.33580057622207393
0.5213037383333337,-0.331203812042122
0.5215037383333341,-0.32659136808065725
0.521703738333333,-0.3219633339488364
0.5219037383333316,-0.31731979989349857
0.5221037383333325,-0.3126608567916987
0.5223037383333329,-0.30798659614528
0.5225037383333335,-0.3032971100750519
0.5227037383333346,-0.2985924913152026
0.5229037383333337,-0.2938728332076296
0.5231037383333343,-0.2891382296959616
0.5233037383333341,-0.2843887753200215
0.5235037383333323,-0.27962456520977674
0.5237037383333316,-0.2748456950793863
0.5239037383333331,-0.2700522612213596
0.5241037383333331,-0.2652443605006326
0.5243037383333349,-0.2604220903482317
0.5245037383333335,-0.2555855487555535
0.5247037383333335,-0.2507348342678073
0.5249037383333344,-0.24587004597818354
0.5251037383333339,-0.24099128352156474
0.5253037383333317,-0.23609864706818426
0.5255037383333321,-0.23119223731725494
0.5257037383333325,-0.22627215549093077
0.5259037383333329,-0.2213385033276983
0.5261037383333349,-0.21639138307599862
0.5263037383333335,-0.21143089748798158
0.5265037383333342,-0.20645714981261976
0.5267037383333335,-0.20147024378966324
0.5269037383333328,-0.19647028364276825
0.5271037383333317,-0.1914573740730818
0.5273037383333326,-0.18643162025251672
0.5275037383333341,-0.18139312781728462
0.5277037383333341,-0.17634200286115687
0.527903738333334,-0.1712783519286516
0.5281037383333338,-0.16620228200845308
0.5283037383333342,-0.16111390052658806
0.5285037383333342,-0.15601331533973245
0.5287037383333322,-0.15090063472837048
0.5289037383333317,-0.14577596738983192
0.5291037383333326,-0.14063942243166988
0.5293037383333332,-0.13549110936473407
0.529503738333335,-0.13033113809617017
0.5297037383333334,-0.12515961892273533
0.5299037383333345,-0.11997666252345172
0.5301037383333336,-0.11478237995320285
0.5303037383333331,-0.10957688263531225
0.5305037383333315,-0.10436028235484988
0.5307037383333326,-0.09913269125139496
0.5309037383333333,-0.093894221812343
0.5311037383333337,-0.0886449868656179
0.5313037383333341,-0.08338509957272257
0.5315037383333341,-0.07811467342170869
0.5317037383333345,-0.07283382222006744
0.5319037383333336,-0.06754266008776802
0.532103738333332,-0.06224130145004698
0.5323037383333316,-0.05692986103035947
0.5325037383333322,-0.05160845384336791
0.5327037383333335,-0.04627719518780985
0.5329037383333348,-0.04093620063939444
0.5331037383333337,-0.035585586043739056
0.5333037383333341,-0.03022546750904489
0.5335037383333336,-0.024855961399333472
0.5337037383333332,-0.01947718432707711
0.5339037383333318,-0.014089253146228716
0.5341037383333322,-0.008692284944970933
0.5343037383333331,-0.003286397038818053
0.5345037383333335,0.0021282930366082094
0.5347037383333342,0.007551667532700928
0.5349037383333339,0.012983608494870489
0.5351037383333348,0.018423997769762786
0.535303738333333,0.023872717012093203
0.5355037383333321,0.029329647692073073
0.5357037383333318,0.03479467110216783
0.5359037383333329,0.04026766836427317
0.5361037383333336,0.04574852043666191
0.5363037383333349,0.051237108121156505
0.5365037383333338,0.056733312069946695
0.536703738333334,0.06223701279289463
0.5369037383333344,0.06774809066419353
0.5371037383333332,0.07326642592945251
0.5373037383333314,0.0787918987127389
0.5375037383333323,0.08432438902350496
0.5377037383333323,0.08986377676324377
0.5379037383333332,0.09540994173272113
0.5381037383333347,0.10096276363864515
0.5383037383333338,0.10652212210049333
0.5385037383333346,0.11208789665762464
0.5387037383333335,0.11765996677565758
0.5389037383333324,0.12323821185363525
0.5391037383333313,0.1288225112305617
0.5393037383333328,0.13441274419226182
0.5395037383333334,0.14000878997783311
0.5397037383333343,0.14561052778662276
0.5399037383333338,0.1512178367846651
0.5401037383333338,0.15683059611146424
0.5403037383333349,0.16244868488645137
0.540503738333334,0.16807198221545994
0.5407037383333315,0.1737003671974488
0.5409037383333319,0.1793337189310003
0.5411037383333326,0.18497191652045586
0.541303738333333,0.1906148390825929
0.541503738333335,0.19626236575300365
0.5417037383333336,0.20191437569218385
0.5419037383333345,0.20757074809231926
0.5421037383333336,0.21323136218298497
0.5423037383333329,0.21889609723781
0.5425037383333315,0.22456483258040796
0.5427037383333324,0.23023744759071108
0.5429037383333335,0.23591382171082378
0.5431037383333337,0.2415938344512453
0.5433037383333339,0.2472773653969142
0.5435037383333341,0.2529642942130987
0.5437037383333341,0.25865450065133744
0.5439037383333338,0.2643478645553332
0.5441037383333318,0.2700442658667333
0.5443037383333316,0.27574358463110427
0.5445037383333324,0.28144570100340294
0.5447037383333335,0.2871504952537769
0.544903738333335,0.29285784777324264
0.5451037383333337,0.2985676390791374
0.5453037383333339,0.3042797498209814
0.5455037383333337,0.30999406078555547
0.5457037383333334,0.3157104529025887
0.5459037383333314,0.32142880725000356
0.5461037383333325,0.32714900505949596
0.5463037383333331,0.3328709277213754
0.5465037383333335,0.33859445679013067
0.5467037383333342,0.34431947398948926
0.5469037383333339,0.3500458612174703
0.5471037383333346,0.35577350055156076
0.5473037383333337,0.36150227425350256
0.5475037383333321,0.3672320647744401
0.5477037383333321,0.37296275475973867
0.547903738333333,0.3786942270536769
0.5481037383333334,0.38442636470426705
0.5483037383333345,0.39015905096803805
0.5485037383333338,0.39589216931449994
0.548703738333334,0.40162560343096226
0.548903738333334,0.4073592372267948
0.549103738333333,0.41309295483799463
0.5493037383333317,0.41882664063159347
0.5495037383333323,0.42456017921000816
0.5497037383333327,0.4302934554151071
0.5499037383333332,0.43602635433261233
0.5501037383333347,0.4417587612961849
0.5503037383333336,0.447490561891329
0.5505037383333349,0.453221641959787
0.5507037383333335,0.45895188760292716
0.5509037383333322,0.4646811851861328
0.5511037383333317,0.4704094213423292
0.5513037383333332,0.47613648297578165
0.5515037383333334,0.4818622572656303
0.5517037383333343,0.48758663166977506
0.5519037383333338,0.49330949392814283
0.552103738333334,0.499030732066386
0.5523037383333349,0.5047502343991097
0.5525037383333338,0.5104678895331859
0.5527037383333318,0.5161835863711988
0.552903738333332,0.5218972141145899
0.5531037383333326,0.5276086622665861
0.5533037383333328,0.5333178206354203
0.553503738333335,0.5390245793373895
0.5537037383333332,0.544728828799434
0.5539037383333345,0.5504304597626004
0.5541037383333336,0.5561293632840917
0.5543037383333329,0.5618254307405495
0.5545037383333311,0.5675185538303642
0.5547037383333329,0.5732086245765189
0.5549037383333335,0.5788955353286519
0.5551037383333342,0.5845791787659118
0.5553037383333339,0.5902594478990943
0.5555037383333341,0.5959362360730474
0.5557037383333343,0.6016094369687728
0.5559037383333341,0.6072789446056227
0.556103738333332,0.6129446533433482
0.5563037383333318,0.6186064578842669
0.5565037383333329,0.6242642532749473
0.5567037383333333,0.6299179349081385
0.5569037383333348,0.6355673985247151
0.5571037383333333,0.6412125402151263
0.5573037383333344,0.6468532564214973
0.5575037383333341,0.652489443938655
0.5577037383333334,0.6581209999160555
0.5579037383333314,0.6637478218590394
0.5581037383333327,0.6693698076304111
0.5583037383333331,0.6749868554513362
0.5585037383333338,0.6805988639029784
0.558703738333334,0.6862057319274645
0.558903738333334,0.6918073588290568
0.5591037383333344,0.6974036442751668
0.5593037383333337,0.7029944882972453
0.5595037383333323,0.7085797912917888
0.5597037383333316,0.7141594540211337
0.5599037383333323,0.7197333776141697
0.5601037383333329,0.7253014635669925
0.5603037383333349,0.7308636137436549
0.5605037383333336,0.736419730376483
0.560703738333334,0.7419697160670035
0.5609037383333335,0.747513473785878
0.561103738333333,0.75305090687358
0.5613037383333319,0.7585819190405411
0.5615037383333323,0.7641064143675043
0.561703738333333,0.769624297305509
0.5619037383333336,0.7751354726761199
0.562103738333334,0.7806398456714316
0.562303738333334,0.7861373218540434
0.5625037383333344,0.7916278071569969
0.5627037383333331,0.7971112078835108
0.562903738333332,0.8025874307069687
0.5631037383333315,0.8080563826704843
0.563303738333333,0.8135179711866338
0.5635037383333337,0.8189721040369202
0.5637037383333348,0.8244186893715513
0.5639037383333334,0.8298576357086913
0.564103738333334,0.8352888519342063
0.5643037383333345,0.8407122473006509
0.5645037383333331,0.8461277314267797
0.5647037383333315,0.8515352142968711
0.5649037383333324,0.8569346062598695
0.5651037383333326,0.8623258180283435
0.5653037383333332,0.8677087606778471
0.5655037383333348,0.8730833456458202
0.5657037383333336,0.8784494847304809
0.5659037383333343,0.883807090090077
0.5661037383333336,0.8891560742413418
0.5663037383333325,0.8944963500586329
0.5665037383333311,0.899827830772577
0.5667037383333329,0.905150429968896
0.5669037383333333,0.9104640615867896
0.5671037383333344,0.9157686399179433
0.5673037383333337,0.9210640796048116
0.5675037383333339,0.9263502956394052
0.5677037383333343,0.9316272033615501
0.5679037383333341,0.9368947184574091
0.5681037383333316,0.9421527569578629
0.5683037383333318,0.9474012352370464
0.5685037383333325,0.9526400700102998
0.5687037383333329,0.9578691783326585
0.5689037383333351,0.9630884775971043
0.5691037383333335,0.9682978855324815
0.5693037383333339,0.9734973202021273
0.5695037383333337,0.978686700001463
0.5697037383333332,0.9838659436563533
0.5699037383333312,0.9890349702210097
0.5701037383333325,0.9941936990761855
0.5703037383333336,0.9993420499267487
0.570503738333334,1.0044799427999034
0.5707037383333338,1.0096072980430029
0.570903738333334,1.0147240363214205
0.5711037383333344,1.0198300786163041
0.5713037383333339,1.0249253462223789
0.5715037383333319,1.0300097607457377
0.5717037383333314,1.0350832441016538
0.5719037383333323,1.0401457185121012
0.5721037383333334,1.0451971065034882
0.5723037383333351,1.0502373309043656
0.5725037383333338,1.0552663148429002
0.5727037383333342,1.060283981744794
0.5729037383333335,1.0652902553304424
0.5731037383333335,1.0702850596127929
0.573303738333331,1.0752683188946341
0.5735037383333326,1.0802399577664585
0.5737037383333332,1.0851999011034288
0.5739037383333341,1.0901480740632747
0.5741037383333338,1.0950844020835295
0.5743037383333338,1.1000088108790864
0.5745037383333349,1.1049212264395378
0.5747037383333335,1.1098215750264726
0.574903738333332,1.1147097831711148
0.5751037383333315,1.1195857776715257
0.5753037383333326,1.124449485589968
0.5755037383333337,1.1293008342502224
0.5757037383333348,1.134139751235012
0.5759037383333341,1.1389661643832483
0.5761037383333338,1.1437800017874897
0.5763037383333338,1.1485811917910955
0.5765037383333331,1.1533696629855767
0.5767037383333316,1.1581453442079237
0.5769037383333322,1.1629081645379649
0.5771037383333328,1.1676580532954532
0.5773037383333337,1.1723949400375364
0.5775037383333346,1.177118754555976
0.5777037383333337,1.1818294268744078
0.5779037383333343,1.1865268872457846
0.5781037383333338,1.191211066149402
0.578303738333332,1.1958818942883842
0.5785037383333318,1.2005393025869957
0.5787037383333331,1.2051832221877947
0.5789037383333335,1.209813584448948
0.5791037383333346,1.2144303209416867
0.5793037383333337,1.219033363447432
0.5795037383333339,1.2236226439553477
0.579703738333335,1.2281980946594637
0.5799037383333336,1.23275964795602
0.5801037383333316,1.23730723644101
0.580303738333332,1.2418407929074564
0.5805037383333329,1.2463602503426405
0.5807037383333331,1.2508655419256312
0.5809037383333346,1.2553566010247355
0.5811037383333335,1.259833361194718
0.5813037383333344,1.264295756174562
0.5815037383333332,1.268743719884537
0.5817037383333328,1.2731771864240111
0.5819037383333314,1.2775960900686996
0.5821037383333327,1.2820003652683811
0.5823037383333336,1.2863899466441677
0.5825037383333342,1.2907647689862785
0.5827037383333336,1.295124767251512
0.582903738333334,1.299469876560947
0.5831037383333346,1.3038000321974206
0.5833037383333342,1.3081151696032323
0.5835037383333319,1.3124152243778415
0.5837037383333319,1.3167001322756557
0.5839037383333328,1.320969829203538
0.584103738333333,1.3252242512186738
0.5843037383333347,1.3294633345264366
0.5845037383333334,1.3336870154779807
0.5847037383333342,1.337895230568435
0.584903738333334,1.3420879164343886
0.5851037383333333,1.3462650098520639
0.5853037383333315,1.3504264477351426
0.5855037383333328,1.3545721671328694
0.5857037383333334,1.3587021052277923
0.5859037383333336,1.3628161993340528
0.5861037383333336,1.3669143868953826
0.5863037383333345,1.3709966054832345
0.5865037383333342,1.3750627927948522
0.586703738333334,1.379112886651588
0.5869037383333322,1.3831468249970091
0.5871037383333315,1.3871645458953061
0.5873037383333326,1.3911659875294737
0.5875037383333332,1.3951510881996345
0.5877037383333348,1.3991197863215616
0.5879037383333336,1.4030720204249332
0.5881037383333341,1.4070077291520566
0.5883037383333338,1.4109268512561006
0.5885037383333331,1.4148293255998254
0.5887037383333318,1.418715091154125
0.5889037383333324,1.4225840869967388
0.5891037383333333,1.4264362523107932
0.5893037383333335,1.4302715263836447
0.5895037383333339,1.4340898486056743
0.5897037383333339,1.4378911584690492
0.5899037383333343,1.441675395566654
0.5901037383333334,1.445442499590932
0.590303738333332,1.4491924103329552
0.590503738333332,1.4529250676814027
0.5907037383333329,1.4566404116215685
0.5909037383333335,1.4603383822345022
0.5911037383333346,1.4640189196962203
0.5913037383333335,1.467681964276819
0.5915037383333339,1.4713274563399206
0.5917037383333343,1.4749553363417633
0.5919037383333334,1.4785655448306734
0.5921037383333316,1.4821580224465007
0.5923037383333325,1.4857327099201125
0.5925037383333327,1.4892895480727248
0.5927037383333331,1.4928284778156768
0.5929037383333344,1.4963494401499666
0.5931037383333333,1.4998523761658609
0.5933037383333346,1.5033372270428358
0.5935037383333337,1.5068039340490396
0.5937037383333326,1.5102524385414124
0.5939037383333314,1.513682681965421
0.594103738333333,1.5170946058550707
0.5943037383333332,1.5204881518327389
0.5945037383333345,1.5238632616094492
0.5947037383333336,1.5272198769847565
0.594903738333334,1.530557939847117
0.5951037383333344,1.5338773921738993
0.5953037383333339,1.53717817603173
0.5955037383333319,1.5404602335768074
0.5957037383333319,1.5437235070553403
0.5959037383333323,1.5469679388038082
0.596103738333333,1.5501934712495578
0.5963037383333347,1.5534000469113236
0.5965037383333336,1.5565876083997174
0.596703738333334,1.5597560984180885
0.5969037383333335,1.5629054597629664
0.5971037383333331,1.566035635324981
0.5973037383333313,1.5691465680895698
0.5975037383333328,1.5722382011379694
0.5977037383333337,1.575310477647898
0.5979037383333341,1.5783633408947195
0.5981037383333341,1.5813967342523916
0.5983037383333341,1.5844106011945571
0.598503738333334,1.5874048852956433
0.5987037383333342,1.5903795302320631
0.598903738333332,1.593334479783397
0.599103738333332,1.5962696778338263
0.5993037383333324,1.5991850683732747
0.5995037383333333,1.6020805954989135
0.5997037383333352,1.6049562034165932
0.5999037383333334,1.607811836442247
0.6001037383333341,1.6106474390036756
0.6003037383333336,1.613462955641848
0.6005037383333336,1.6162583310127638
0.6007037383333311,1.6190335098890176
0.6009037383333329,1.6217884371617437
0.6011037383333331,1.6245230578421166
0.601303738333334,1.627237317063479
0.6015037383333339,1.62993116008309
0.6017037383333339,1.6326045322841485
0.6019037383333343,1.6352573791777618
0.6021037383333336,1.6378896464049695
0.6023037383333321,1.6405012797388905
0.6025037383333314,1.643092225086861
0.6027037383333329,1.6456624284925985
0.6029037383333338,1.6482118361383957
0.6031037383333349,1.650740394347502
0.6033037383333335,1.6532480495863646
0.6035037383333339,1.65573474846713
0.6037037383333337,1.6582004377498976
0.603903738333333,1.6606450643453017
0.6041037383333316,1.6630685753169807
0.6043037383333325,1.665470917884171
0.6045037383333332,1.667852039424202
0.6047037383333336,1.670211887475229
0.6049037383333349,1.672550409738895
0.6051037383333338,1.674867554082985
0.6053037383333344,1.6771632685443318
0.6055037383333337,1.6794375013314427
0.6057037383333319,1.6816902008274646
0.6059037383333317,1.6839213155930552
0.6061037383333332,1.686130794369246
0.6063037383333336,1.6883185860803953
0.6065037383333347,1.6904846398372635
0.6067037383333338,1.692628904939954
0.606903738333334,1.6947513308810793
0.6071037383333346,1.69685186734877
0.6073037383333335,1.6989304642298335
0.6075037383333317,1.7009870716129751
0.6077037383333319,1.7030216397919855
0.6079037383333328,1.7050341192689233
0.608103738333333,1.7070244607574228
0.6083037383333347,1.7089926151860326
0.6085037383333334,1.7109385337014484
0.6087037383333345,1.7128621676720326
0.6089037383333331,1.714763468691015
0.6091037383333329,1.7166423885800917
0.6093037383333311,1.7184988793927312
0.6095037383333328,1.7203328934177846
0.6097037383333337,1.722144383182823
0.6099037383333343,1.7239333014578069
0.6101037383333341,1.725699601258575
0.6103037383333338,1.7274432358504486
0.6105037383333345,1.7291641587518192
0.6107037383333342,1.7308623237377478
0.610903738333332,1.7325376848436453
0.611103738333332,1.7341901963689725
0.6113037383333328,1.7358198128808362
0.611503738333333,1.7374264892177511
0.6117037383333348,1.7390101804933888
0.6119037383333334,1.7405708421002464
0.6121037383333341,1.7421084297135356
0.6123037383333338,1.7436228992948262
0.6125037383333334,1.745114207095932
0.6127037383333314,1.7465823096626814
0.6129037383333329,1.7480271638388007
0.6131037383333335,1.7494487267696446
0.6133037383333335,1.7508469559061481
0.6135037383333335,1.7522218090086619
0.6137037383333339,1.7535732441508263
0.6139037383333343,1.754901219723454
0.6141037383333336,1.7562056944384274
0.6143037383333321,1.7574866273326226
0.6145037383333318,1.7587439777718268
0.6147037383333327,1.75997770545463
0.6149037383333331,1.7611877704163708
0.6151037383333351,1.762374133033094
0.6153037383333333,1.7635367540254314
0.6155037383333339,1.7646755944626613
0.6157037383333337,1.7657906157665308
0.6159037383333332,1.7668817797152887
0.6161037383333314,1.7679490484476155
0.6163037383333323,1.7689923844666038
0.6165037383333334,1.770011750643671
0.6167037383333338,1.7710071102225466
0.616903738333334,1.7719784268232392
0.617103738333334,1.7729256644459768
0.6173037383333344,1.7738487874751692
0.617503738333333,1.7747477606833426
0.6177037383333319,1.7756225492351183
0.6179037383333317,1.7764731186911351
0.618103738333333,1.777299435011988
0.6183037383333341,1.7781014645621576
0.6185037383333349,1.778879174113947
0.6187037383333334,1.7796325308513905
0.6189037383333342,1.7803615023741985
0.6191037383333338,1.781066056701599
0.6193037383333329,1.7817461622762847
0.6195037383333313,1.7824017879682699
0.6197037383333326,1.7830329030787828
0.6199037383333332,1.7836394773440922
0.6201037383333334,1.7842214809393913
0.6203037383333347,1.784778884482621
0.6205037383333336,1.7853116590382858
0.6207037383333345,1.7858197761212908
0.6209037383333336,1.786303207700696
0.6211037383333324,1.786761926203529
0.6213037383333315,1.7871959045185348
0.6215037383333333,1.787605115999928
0.6217037383333337,1.7879895344711054
0.6219037383333346,1.7883491342283822
0.6221037383333337,1.7886838900446698
0.6223037383333341,1.7889937771731639
0.6225037383333345,1.7892787713509817
0.6227037383333338,1.7895388488028083
0.6229037383333316,1.7897739862445095
0.623103738333332,1.7899841608867268
0.6233037383333329,1.7901693504384397
0.6235037383333331,1.790329533110518
0.6237037383333348,1.7904646876192518
0.6239037383333337,1.7905747931898461
0.6241037383333341,1.7906598295599065
0.6243037383333336,1.7907197769828838
0.624503738333333,1.7907546162315073
0.6247037383333311,1.7907643286011867
0.6249037383333331,1.7907488959133855
0.6251037383333338,1.7907083005189726
0.6253037383333342,1.790642525301547
0.625503738333334,1.7905515536807302
0.6257037383333339,1.7904353696154316
0.6259037383333339,1.7902939576070902
0.6261037383333341,1.7901273027028837
0.6263037383333321,1.7899353904989093
0.6265037383333316,1.7897182071433275
0.6267037383333327,1.7894757393394918
0.6269037383333331,1.789207974349036
0.6271037383333351,1.7889148999949265
0.6273037383333333,1.788596504664505
0.6275037383333342,1.7882527773124557
0.6277037383333337,1.7878837074638034
0.6279037383333332,1.787489285216818
0.6281037383333312,1.787069501245926
0.6283037383333328,1.786624346804557
0.6285037383333336,1.7861538137280102
0.6287037383333338,1.7856578944362214
0.6289037383333342,1.7851365819365306
0.629103738333334,1.784589869826422
0.6293037383333344,1.7840177522962044
0.6295037383333335,1.7834202241316854
0.6297037383333319,1.7827972807167807
0.6299037383333317,1.7821489180360994
0.6301037383333328,1.7814751326775125
0.6303037383333336,1.7807759218346637
0.630503738333335,1.7800512833094384
0.6307037383333336,1.7793012155144265
0.6309037383333338,1.7785257174752902
0.6311037383333336,1.7777247888331755
0.6313037383333333,1.7768984298470234
0.6315037383333315,1.776046641395868
0.6317037383333324,1.7751694249810728
0.6319037383333332,1.774266782728593
0.6321037383333337,1.7733387173911246
0.6323037383333343,1.7723852323502478
0.6325037383333338,1.7714063316185447
0.6327037383333345,1.7704020198416424
0.6329037383333331,1.7693723023002796
0.633103738333332,1.7683171849122445
0.6333037383333315,1.7672366742343588
0.6335037383333333,1.7661307774643713
0.6337037383333337,1.7649995024428695
0.633903738333335,1.763842857655045
0.6341037383333334,1.7626608522325578
0.6343037383333341,1.7614534959552037
0.6345037383333345,1.7602207992527203
0.6347037383333334,1.7589627732064155
0.6349037383333318,1.757679429550798
0.6351037383333322,1.7563707806751678
0.6353037383333331,1.7550368396252178
0.6355037383333333,1.7536776201045174
0.6357037383333348,1.7522931364759733
0.6359037383333337,1.7508834037633276
0.6361037383333346,1.7494484376524544
0.6363037383333334,1.7479882544928396
0.6365037383333323,1.746502871298795
0.6367037383333312,1.7449923057507937
0.6369037383333329,1.7434565761966752
0.6371037383333336,1.741895701652915
0.6373037383333344,1.7403097018056954
0.6375037383333335,1.738698597012092
0.6377037383333339,1.737062408301086
0.6379037383333344,1.7354011573746824
0.6381037383333339,1.7337148666088722
0.6383037383333321,1.7320035590545992
0.6385037383333318,1.7302672584386518
0.6387037383333329,1.7285059891646066
0.6389037383333331,1.7267197763136635
0.6391037383333351,1.724908645645389
0.6393037383333331,1.7230726235986062
0.6395037383333342,1.7212117372919287
0.6397037383333335,1.7193260145246703
0.6399037383333337,1.7174154837773274
0.6401037383333317,1.7154801742123083
0.6403037383333328,1.7135201156743705
0.6405037383333336,1.7115353386913246
0.640703738333334,1.7095258744744166
0.6409037383333338,1.7074917549188164
0.641103738333334,1.7054330126040265
0.641303738333334,1.7033496807942952
0.6415037383333335,1.7012417934389399
0.6417037383333319,1.699109385172669
0.6419037383333317,1.6969524913158087
0.6421037383333328,1.6947711478745968
0.6423037383333337,1.692565391541374
0.6425037383333352,1.690335259694696
0.6427037383333338,1.6880807903995345
0.642903738333334,1.6858020224072225
0.6431037383333336,1.6834989951556711
0.6433037383333331,1.681171748769271
0.6435037383333315,1.6788203240589274
0.6437037383333326,1.67644476252192
0.6439037383333337,1.6740451063419428
0.6441037383333339,1.67162139838888
0.6443037383333341,1.6691736822186358
0.6445037383333341,1.6667020020729688
0.6447037383333345,1.6642064028792343
0.6449037383333334,1.6616869302501573
0.6451037383333322,1.6591436304834448
0.6453037383333311,1.6565765505615169
0.6455037383333329,1.653985738151068
0.6457037383333335,1.6513712416027893
0.6459037383333348,1.6487331099507605
0.6461037383333337,1.6460713929121151
0.6463037383333337,1.6433861408863726
0.6465037383333341,1.6406774049550448
0.646703738333333,1.6379452368810157
0.6469037383333314,1.635189689107877
0.6471037383333325,1.6324108147592948
0.6473037383333329,1.6296086676384545
0.6475037383333335,1.6267833022272018
0.6477037383333346,1.6239347736853735
0.6479037383333337,1.6210631378500535
0.6481037383333343,1.6181684512346417
0.6483037383333337,1.6152507710281983
0.6485037383333327,1.6123101550944257
0.6487037383333316,1.6093466619708445
0.6489037383333331,1.606360350867799
0.6491037383333331,1.6033512816676505
0.6493037383333349,1.600319514923562
0.6495037383333335,1.5972651118587138
0.6497037383333335,1.5941881343649853
0.6499037383333344,1.5910886450020842
0.6501037383333339,1.5879667069963883
0.6503037383333321,1.584822384239736
0.6505037383333321,1.5816557412882435
0.6507037383333327,1.5784668433612088
0.6509037383333329,1.5752557563398195
0.6511037383333351,1.5720225467658282
0.6513037383333335,1.5687672818404512
0.6515037383333342,1.5654900294227279
0.6517037383333335,1.5621908580285115
0.6519037383333333,1.558869836828852
0.6521037383333312,1.5555270356487438
0.652303738333333,1.5521625249654876
0.6525037383333336,1.5487763759075373
0.6527037383333341,1.5453686602527366
0.652903738333334,1.5419394504269106
0.6531037383333342,1.538488819502287
0.653303738333334,1.5350168411959584
0.653503738333334,1.5315235898682338
0.6537037383333322,1.528009140521074
0.6539037383333317,1.5244735687963025
0.6541037383333326,1.520916950974061
0.6543037383333332,1.51733936397107
0.654503738333335,1.5137408853388152
0.6547037383333334,1.5101215932619296
0.6549037383333345,1.506481566556114
0.6551037383333336,1.5028208846666948
0.6553037383333336,1.49913962766645
0.6555037383333313,1.4954378762539824
0.6557037383333326,1.4917157117515463
0.6559037383333333,1.4879732161034724
0.6561037383333337,1.4842104718739444
0.6563037383333341,1.4804275622451084
0.6565037383333341,1.4766245710150863
0.6567037383333338,1.4728015825959082
0.6569037383333336,1.4689586820114833
0.657103738333332,1.465095954895534
0.6573037383333316,1.4612134874894005
0.6575037383333324,1.4573113666400115
0.6577037383333335,1.4533896797977153
0.6579037383333348,1.4494485150140475
0.6581037383333337,1.4454879609395928
0.6583037383333341,1.4415081068215703
0.6585037383333334,1.4375090425018309
0.6587037383333334,1.4334908584143573
0.6589037383333318,1.4294536455831155
0.6591037383333327,1.4253974956195172
0.6593037383333331,1.4213225007203207
0.6595037383333335,1.4172287536650363
0.6597037383333344,1.4131163478135833
0.6599037383333339,1.4089853771038978
0.6601037383333339,1.4048359360493516
0.660303738333333,1.4006681197364008
0.6605037383333321,1.3964820238219622
0.6607037383333314,1.3922777445309382
0.6609037383333329,1.3880553786535983
0.6611037383333334,1.3838150235431443
0.6613037383333349,1.3795567771128632
0.6615037383333338,1.3752807378337386
0.6617037383333342,1.3709870047314847
0.6619037383333342,1.366675677384162
0.6621037383333332,1.362346855919297
0.6623037383333314,1.35800064101117
0.6625037383333323,1.3536371338779787
0.6627037383333327,1.3492564362792698
0.6629037383333332,1.344858650512908
0.6631037383333351,1.340443879412283
0.6633037383333338,1.3360122263436152
0.6635037383333342,1.3315637952026962
0.6637037383333335,1.3270986904123776
0.6639037383333326,1.3226170169193634
0.6641037383333313,1.3181188801913553
0.6643037383333328,1.3136043862139513
0.6645037383333332,1.309073641487878
0.6647037383333343,1.3045267530256484
0.664903738333334,1.2999638283487092
0.6651037383333342,1.2953849754841769
0.6653037383333342,1.2907903029618553
0.6655037383333338,1.2861799198110284
0.665703738333332,1.2815539355573087
0.6659037383333319,1.2769124602193351
0.6661037383333326,1.2722556043057391
0.6663037383333332,1.2675834788117855
0.666503738333335,1.2628961952160669
0.6667037383333334,1.2581938654773752
0.666903738333334,1.2534766020310046
0.6671037383333336,1.2487445177858445
0.6673037383333331,1.2439977261206843
0.6675037383333315,1.2392363408809655
0.6677037383333329,1.2344604763751719
0.6679037383333335,1.229670247371673
0.6681037383333339,1.2248657690949623
0.6683037383333339,1.2200471572222573
0.6685037383333341,1.21521452787992
0.6687037383333341,1.2103679976399422
0.6689037383333338,1.2055076835163134
0.669103738333332,1.2006337029614431
0.6693037383333318,1.195746173862377
0.6695037383333329,1.1908452145373092
0.6697037383333335,1.1859309437318395
0.6699037383333353,1.1810034806151282
0.6701037383333337,1.1760629447763682
0.6703037383333339,1.1711094562206192
0.6705037383333332,1.1661431353654284
0.6707037383333334,1.1611641030366875
0.6709037383333314,1.1561724804650049
0.6711037383333327,1.1511683892814724
0.6713037383333331,1.1461519515142078
0.671503738333334,1.141123289584025
0.6717037383333342,1.1360825263006598
0.6719037383333339,1.1310297848586717
0.6721037383333339,1.1259651888334379
0.6723037383333332,1.1208888621771438
0.6725037383333321,1.115800929214633
0.6727037383333312,1.1107015146393064
0.672903738333333,1.1055907435089511
0.6731037383333334,1.1004687412417775
0.6733037383333349,1.0953356336118927
0.6735037383333338,1.0901915467454018
0.673703738333334,1.0850366071157924
0.6739037383333335,1.0798709415400074
0.6741037383333328,1.0746946771739179
0.6743037383333317,1.069507941508066
0.6745037383333323,1.0643108623632154
0.6747037383333327,1.0591035678861318
0.6749037383333336,1.053886186544981
0.6751037383333347,1.0486588471249692
0.6753037383333338,1.0434216787238935
0.6755037383333342,1.038174810747436
0.6757037383333335,1.0329183729049247
0.6759037383333322,1.0276524952045425
0.6761037383333313,1.022377307948792
0.676303738333333,1.0170929417298626
0.6765037383333334,1.0117995274251765
0.6767037383333347,1.0064971961923808
0.6769037383333338,1.0011860794649494
0.677103738333334,0.9958663089471347
0.6773037383333342,0.9905380166094975
0.6775037383333338,0.9852013346839836
0.6777037383333318,0.9798563956591274
0.677903738333332,0.9745033322750699
0.6781037383333326,0.9691422775189619
0.6783037383333332,0.9637733646198753
0.6785037383333352,0.9583967270438623
0.6787037383333334,0.9530124984892152
0.6789037383333345,0.9476208128809944
0.6791037383333332,0.9422218043666535
0.6793037383333329,0.9368156073104325
0.6795037383333311,0.9314023562887009
0.6797037383333329,0.9259821860844799
0.6799037383333335,0.9205552316827954
0.6801037383333344,0.9151216282650996
0.6803037383333339,0.9096815112043337
0.6805037383333341,0.9042350160595477
0.6807037383333336,0.8987822785708559
0.6809037383333338,0.893323434654014
0.6811037383333325,0.8878586203953036
0.6813037383333318,0.8823879720460024
0.6815037383333329,0.8769116260171949
0.6817037383333333,0.8714297188744764
0.6819037383333351,0.8659423873323429
0.6821037383333333,0.8604497682490835
0.6823037383333339,0.8549519986208507
0.6825037383333334,0.8494492155767532
0.6827037383333334,0.8439415563729581
0.6829037383333314,0.838429158387422
0.6831037383333327,0.832912159114024
0.6833037383333331,0.8273906961574717
0.683503738333334,0.8218649072272923
0.6837037383333342,0.816334930132434
0.6839037383333342,0.810800902775512
0.6841037383333337,0.8052629631472039
0.6843037383333337,0.79972124932051
0.6845037383333319,0.794175899445154
0.6847037383333316,0.7886270517416076
0.6849037383333323,0.7830748444955912
0.6851037383333336,0.7775194160521698
0.6853037383333351,0.7719609048099632
0.6855037383333338,0.7663994492153864
0.685703738333334,0.7608351877565133
0.6859037383333331,0.7552682589576125
0.686103738333333,0.7496988013729251
0.6863037383333319,0.7441269535809907
0.6865037383333323,0.73855285417847
0.6867037383333332,0.7329766417744216
0.6869037383333336,0.7273984549842144
0.6871037383333345,0.7218184324234873
0.687303738333334,0.7162367127022552
0.6875037383333342,0.7106534344186931
0.6877037383333331,0.7050687361532983
0.6879037383333322,0.6994827564626039
0.6881037383333315,0.6938956338732329
0.688303738333333,0.6883075068756841
0.6885037383333334,0.6827185139184133
0.6887037383333352,0.6771287934013747
0.6889037383333336,0.6715384836702215
0.6891037383333345,0.6659477230096362
0.6893037383333338,0.6603566496377019
0.6895037383333331,0.6547654016992644
0.689703738333332,0.6491741172599164
0.6899037383333324,0.6435829342996361
0.6901037383333326,0.6379919907067041
0.6903037383333337,0.6324014242712526
0.6905037383333352,0.6268113726791031
0.6907037383333336,0.621221973505519
0.6909037383333343,0.615633364208561
0.6911037383333332,0.6100456821232771
0.6913037383333327,0.6044590644549301
0.6915037383333316,0.5988736482729402
0.6917037383333329,0.5932895705043026
0.6919037383333333,0.5877069679275272
0.6921037383333344,0.5821259771659496
0.6923037383333339,0.5765467346815875
0.6925037383333343,0.5709693767685151
0.6927037383333341,0.5653940395467055
0.6929037383333341,0.5598208589554403
0.6931037383333325,0.5542499707470385
0.6933037383333318,0.5486815104802412
0.6935037383333325,0.5431156135139577
0.6937037383333331,0.5375524150008227
0.6939037383333351,0.5319920498806353
0.6941037383333333,0.5264346528741664
0.6943037383333339,0.520880358476217
0.694503738333333,0.5153293009497644
0.6947037383333332,0.5097816143190387
0.6949037383333316,0.5042374323634028
0.6951037383333327,0.4986968886105377
0.6953037383333334,0.49316011633039203
0.695503738333334,0.48762724852841366
0.695703738333334,0.4820984179392172
0.695903738333334,0.4765737570200527
0.6961037383333335,0.47105339794441553
0.6963037383333339,0.4655374725955057
0.6965037383333323,0.4600261125599364
0.6967037383333321,0.45451944912099296
0.6969037383333323,0.4490176132524687
0.6971037383333334,0.4435207356120661
0.6973037383333351,0.4380289465350085
0.6975037383333331,0.4325423760277016
0.697703738333334,0.4270611537608813
0.6979037383333333,0.4215854090637971
0.6981037383333335,0.4161152709173033
0.6983037383333317,0.4106508679477816
0.6985037383333328,0.40519232842038244
0.6987037383333332,0.3997397802330744
0.6989037383333341,0.3942933509099043
0.6991037383333345,0.388853167594805
0.6993037383333338,0.38341935704517327
0.6995037383333338,0.3779920456254609
0.6997037383333331,0.37257135930098495
0.6999037383333324,0.3671574236314653
0.7001037383333315,0.36175036376479147
0.7003037383333326,0.356350304430634
0.7005037383333337,0.35095736993434373
0.700703738333335,0.34557168415050904
0.7009037383333341,0.34019337051683596
0.7011037383333338,0.3348225520277022
0.7013037383333331,0.32945935122818876
0.7015037383333331,0.3241038902077153
0.7017037383333318,0.31875629059400423
0.7019037383333324,0.31341667354669456
0.7021037383333328,0.30808515975149287
0.7023037383333337,0.3027618694138297
0.7025037383333348,0.29744692225286284
0.7027037383333337,0.29214043749543783
0.7029037383333341,0.2868425338698118
0.7031037383333334,0.28155332959996154
0.7033037383333325,0.2762729423993137
0.7035037383333316,0.27100148946487823
0.7037037383333331,0.26573908747121905
0.7039037383333335,0.2604858525647425
0.7041037383333348,0.25524190035749333
0.7043037383333337,0.2500073459215697
0.7045037383333339,0.24478230378295143
0.7047037383333341,0.2395668879160064
0.7049037383333336,0.23436121173755342
0.7051037383333318,0.22916538810112513
0.705303738333332,0.2239795292911403
0.7055037383333329,0.21880374701743843
0.7057037383333331,0.21363815240949646
0.7059037383333353,0.2084828560107022
0.7061037383333335,0.20333796777308538
0.7063037383333339,0.1982035970512255
0.706503738333333,0.19307985259729069
0.7067037383333328,0.1879668425551597
0.7069037383333314,0.18286467445521026
0.7071037383333325,0.17777345520867122
0.7073037383333336,0.17269329110253745
0.7075037383333345,0.1676242877940221
0.707703738333334,0.16256655030533756
0.707903738333334,0.15752018301834225
0.7081037383333335,0.15248528966946273
0.7083037383333342,0.14746197334438776
0.7085037383333324,0.14245033647312288
0.7087037383333319,0.13745048082458539
0.7089037383333328,0.13246250750183391
0.7091037383333334,0.12748651693700444
0.7093037383333349,0.12252260888624524
0.7095037383333334,0.11757088242499075
0.7097037383333338,0.11263143594273875
0.7099037383333331,0.10770436713865408
0.7101037383333335,0.10278977301645491
0.7103037383333315,0.097887749879953
0.7105037383333324,0.09299839332801377
0.7107037383333334,0.08812179825033226
0.7109037383333341,0.08325805882260383
0.7111037383333341,0.07840726850202535
0.7113037383333345,0.07356952002278974
0.7115037383333336,0.06874490539175146
0.7117037383333336,0.06393351588387867
0.7119037383333322,0.05913544203812421
0.7121037383333315,0.0543507736529399
0.7123037383333326,0.04957959978217298
0.7125037383333337,0.04482200873094346
0.7127037383333352,0.040078088051403615
0.7129037383333336,0.03534792453882358
0.7131037383333336,0.03063160422729586
0.7133037383333329,0.025929212386141695
0.7135037383333331,0.021240833515763696
0.7137037383333318,0.016566551343992084
0.7139037383333322,0.011906448822075814
0.7141037383333333,0.007260608121199382
0.7143037383333339,0.0026291106287144386
0.7145037383333346,-0.00198796305549891
0.7147037383333339,-0.0065905331225021915
0.7149037383333341,-0.01117852055790363
0.7151037383333332,-0.015751847145106544
0.7153037383333325,-0.020310435468844278
0.7155037383333314,-0.024854208918360904
0.7157037383333329,-0.029383091690783375
0.7159037383333338,-0.03389700879406721
0.7161037383333351,-0.0383958860503589
0.7163037383333335,-0.04287965009884749
0.7165037383333339,-0.04734822839903737
0.7167037383333339,-0.05180154923332338
0.7169037383333332,-0.05623954171006674
0.7171037383333316,-0.06066213576633864
0.7173037383333325,-0.0650692621707299
0.7175037383333327,-0.06946085252579431
0.7177037383333336,-0.07383683927088797
0.7179037383333349,-0.0781971556845683
0.7181037383333335,-0.08254173588703131
0.7183037383333342,-0.08687051484274357
0.7185037383333337,-0.09118342836243276
0.7187037383333326,-0.09548041310559793
0.7189037383333314,-0.09976140658263288
0.719103738333333,-0.10402634715699019
0.7193037383333332,-0.1082751740470541
0.7195037383333345,-0.11250782732841176
0.7197037383333342,-0.1167242479355243
0.719903738333334,-0.1209243776637772
0.7201037383333335,-0.1251081591711331
0.7203037383333339,-0.12927553597990699
0.7205037383333319,-0.13342645247828788
0.7207037383333317,-0.1375608539221558
0.7209037383333323,-0.1416786864363179
0.7211037383333332,-0.14577989701604813
0.7213037383333349,-0.1498644335284649
0.7215037383333336,-0.15393224471369354
0.721703738333334,-0.15798328018635763
0.7219037383333331,-0.16201749043637367
0.7221037383333333,-0.16603482683029785
0.7223037383333315,-0.17003524161209718
0.7225037383333328,-0.1740186879043515
0.7227037383333337,-0.17798511970876746
0.7229037383333341,-0.1819344919072034
0.7231037383333343,-0.18586676026230714
0.7233037383333341,-0.18978188141813884
0.7235037383333336,-0.19367981290074776
0.723703738333334,-0.19756051311866868
0.7239037383333322,-0.20142394136323774
0.7241037383333315,-0.2052700578091388
0.7243037383333326,-0.20909882351449557
0.7245037383333333,-0.21291020042106212
0.724703738333335,-0.21670415135447138
0.7249037383333334,-0.22048064002409515
0.7251037383333341,-0.22423963102332245
0.7253037383333332,-0.22798108982909268
0.7255037383333336,-0.23170498280202323
0.7257037383333311,-0.2354112771859063
0.7259037383333329,-0.23909994110772853
0.7261037383333331,-0.24277094357682893
0.726303738333334,-0.24642425448481728
0.7265037383333344,-0.25005984460482406
0.7267037383333343,-0.25367768559096565
0.7269037383333334,-0.2572777499776285
0.7271037383333336,-0.26086001117875957
0.7273037383333325,-0.2644244434869072
0.7275037383333312,-0.2679710220724562
0.7277037383333329,-0.27149972298262237
0.7279037383333338,-0.27501052314022856
0.7281037383333351,-0.27850340034280296
0.7283037383333335,-0.2819783332612032
0.7285037383333339,-0.28543530143856716
0.7287037383333337,-0.2888742852886953
0.7289037383333332,-0.2922952660948178
0.7291037383333316,-0.29569822600802986
0.7293037383333325,-0.2990831480458268
0.7295037383333329,-0.30245001609028765
0.7297037383333338,-0.3057988148865441
0.7299037383333349,-0.30912953004092103
0.730103738333334,-0.31244214801907677
0.730303738333334,-0.3157366561442013
0.7305037383333333,-0.31901304259487046
0.7307037383333319,-0.32227129640308677
0.7309037383333314,-0.3255114074521487
0.7311037383333328,-0.32873336647441587
0.7313037383333336,-0.33193716504900184
0.7315037383333349,-0.3351227955995361
0.731703738333334,-0.3382902513916508
0.731903738333334,-0.3414395265306535
0.7321037383333342,-0.34457061595883
0.7323037383333335,-0.34768351545288745
0.7325037383333319,-0.3507782216212975
0.7327037383333319,-0.35385473190156924
0.7329037383333328,-0.35691304455734874
0.7331037383333334,-0.35995315867558
0.733303738333335,-0.36297507416359825
0.7335037383333336,-0.3659787917460088
0.733703738333334,-0.3689643129618075
0.7339037383333331,-0.37193164016099484
0.7341037383333329,-0.37488077650155893
0.7343037383333311,-0.37781172594606377
0.7345037383333326,-0.3807244932584781
0.7347037383333337,-0.3836190840005441
0.7349037383333346,-0.38649550452849957
0.7351037383333343,-0.38935376198947586
0.7353037383333338,-0.3921938643179523
0.7355037383333336,-0.39501582023207127
0.7357037383333342,-0.3978196392299395
0.7359037383333322,-0.4006053315857912
0.7361037383333315,-0.40337290834632133
0.7363037383333326,-0.40612238132663747
0.7365037383333335,-0.4088537631063253
0.736703738333335,-0.41156706702551066
0.7369037383333334,-0.41426230718068896
0.7371037383333341,-0.41693949842078565
0.7373037383333334,-0.41959865634272786
0.7375037383333334,-0.4222397972874023
0.7377037383333316,-0.4248629383352224
0.7379037383333322,-0.4274680973019255
0.7381037383333335,-0.43005529273399834
0.738303738333334,-0.43262454390430116
0.7385037383333346,-0.435175870807581
0.7387037383333344,-0.4377092941558439
0.7389037383333337,-0.44022483537378065
0.7391037383333341,-0.44272251659408957
0.7393037383333321,-0.44520236065267527
0.7395037383333314,-0.44766439108402767
0.7397037383333331,-0.45010863211627467
0.7399037383333336,-0.4525351086662806
0.7401037383333351,-0.45494384633485846
0.7403037383333335,-0.4573348714016429
0.7405037383333335,-0.4597082108202587
0.740703738333333,-0.4620638922130663
0.7409037383333332,-0.4644019438661689
0.7411037383333314,-0.4667223947241718
0.7413037383333323,-0.469025274385109
0.7415037383333336,-0.4713106130950311
0.741703738333334,-0.4735784417428052
0.7419037383333349,-0.4758287918548011
0.7421037383333342,-0.4780616955894469
0.7423037383333335,-0.48027718573188893
0.7425037383333333,-0.4824752956884814
0.7427037383333319,-0.48465605948127743
0.7429037383333312,-0.4868195117425506
0.7431037383333328,-0.48896568770917803
0.7433037383333341,-0.49109462321698627
0.7435037383333354,-0.49320635469517027
0.7437037383333338,-0.4953009191605444
0.7439037383333338,-0.4973783542119263
0.7441037383333331,-0.49943869802423213
0.7443037383333331,-0.5014819893427876
0.7445037383333315,-0.5035082674774295
0.7447037383333319,-0.5055175722967381
0.7449037383333328,-0.5075099442220357
0.7451037383333341,-0.5094854242215299
0.7453037383333347,-0.5114440538043332
0.7455037383333336,-0.5133858750144892
0.7457037383333338,-0.5153109304249999
0.7459037383333336,-0.5172192631316964
0.7461037383333329,-0.5191109167472341
0.7463037383333313,-0.5209859353949746
0.7465037383333328,-0.5228443637029103
0.7467037383333337,-0.5246862467974029
0.7469037383333348,-0.5265116302971286
0.7471037383333341,-0.5283205603068111
0.7473037383333341,-0.5301130834110721
0.7475037383333338,-0.5318892466681202
0.747703738333334,-0.5336490976035322
0.747903738333332,-0.5353926842039292
0.7481037383333318,-0.5371200549107622
0.7483037383333326,-0.5388312586138916
0.7485037383333335,-0.5405263446452855
0.748703738333335,-0.542205362772684
0.7489037383333332,-0.5438683631931706
0.7491037383333341,-0.5455153965269057
0.7493037383333336,-0.5471465138105593
0.7495037383333336,-0.5487617664910209
0.7497037383333311,-0.5503612064188859
0.7499037383333329,-0.5519448858421239
0.7501037383333335,-0.5535128573994523
0.7503037383333344,-0.55506517411402
0.7505037383333342,-0.5566018893868551
0.7507037383333339,-0.5581230569904203
0.7509037383333332,-0.5596287310620863
0.7511037383333343,-0.5611189660976645
0.7513037383333323,-0.5625938169448206
0.7515037383333314,-0.5640533387966845
0.7517037383333329,-0.565497587185236
0.7519037383333336,-0.5669266179747725
0.7521037383333349,-0.5683404873554441
0.7523037383333333,-0.5697392518366544
0.752503738333334,-0.5711229682406216
0.7527037383333337,-0.5724916936957232
0.7529037383333337,-0.5738454856300499
0.7531037383333312,-0.5751844017648124
0.7533037383333328,-0.5765085001078941
0.7535037383333332,-0.577817838947179
0.7537037383333345,-0.579112476844146
0.7539037383333345,-0.5803924726272678
0.754103738333334,-0.581657885385533
0.7543037383333335,-0.582908774461907
0.7545037383333335,-0.5841451994468218
0.7547037383333322,-0.5853672201716542
0.7549037383333312,-0.5865748967022661
0.7551037383333328,-0.5877682893324885
0.7553037383333336,-0.5889474585776108
0.7555037383333352,-0.5901124651679636
0.7557037383333336,-0.5912633700424005
0.7559037383333338,-0.592400234341927
0.7561037383333336,-0.5935231194031689
0.7563037383333335,-0.5946320867520019
0.7565037383333315,-0.5957271980971077
0.7567037383333322,-0.5968085153236249
0.7569037383333332,-0.5978761004866914
0.7571037383333341,-0.5989300158051182
0.7573037383333343,-0.5999703236550316
0.7575037383333338,-0.6009970865635348
0.757703738333334,-0.6020103672023964
0.7579037383333334,-0.6030102283817271
0.7581037383333322,-0.6039967330437225
0.7583037383333311,-0.6049699442563935
0.7585037383333328,-0.6059299252073358
0.7587037383333337,-0.6068767391974662
0.758903738333335,-0.6078104496348828
0.7591037383333341,-0.6087311200286452
0.7593037383333341,-0.6096388139826692
0.7595037383333341,-0.6105335951895534
0.759703738333334,-0.6114155274244986
0.7599037383333318,-0.6122846745392155
0.7601037383333318,-0.6131411004559136
0.7603037383333329,-0.61398486916122
0.7605037383333335,-0.6148160447002056
0.7607037383333348,-0.6156346911704298
0.7609037383333337,-0.616440872715968
0.7611037383333339,-0.6172346535215465
0.7613037383333334,-0.6180160978066082
0.7615037383333327,-0.6187852698194958
0.7617037383333312,-0.6195422338316151
0.7619037383333327,-0.6202870541316706
0.7621037383333336,-0.6210197950198603
0.7623037383333344,-0.6217405208021999
0.7625037383333342,-0.6224492957848105
0.7627037383333339,-0.6231461842682737
0.7629037383333339,-0.6238312505420054
0.7631037383333343,-0.6245045588786695
0.7633037383333321,-0.6251661735286184
0.7635037383333314,-0.6258161587144149
0.7637037383333327,-0.6264545786253204
0.7639037383333334,-0.6270814974118589
0.7641037383333349,-0.6276969791804377
0.7643037383333331,-0.6283010879879593
0.764503738333334,-0.6288938878365427
0.7647037383333335,-0.6294754426681823
0.7649037383333339,-0.6300458163595543
0.7651037383333317,-0.6306050727167782
0.7653037383333323,-0.6311532754702991
0.7655037383333334,-0.6316904882697204
0.7657037383333338,-0.6322167746787555
0.7659037383333342,-0.6327321981701939
0.7661037383333344,-0.633236822120901
0.766303738333334,-0.6337307098068767
0.7665037383333342,-0.634213924398356
0.7667037383333324,-0.6346865289549347
0.7669037383333313,-0.6351485864207818
0.7671037383333328,-0.6356001596198539
0.7673037383333337,-0.6360413112511658
0.767503738333335,-0.6364721038841341
0.7677037383333338,-0.6368925999539325
0.7679037383333338,-0.6373028617569296
0.7681037383333336,-0.6377029514461315
0.7683037383333338,-0.6380929310267105
0.7685037383333315,-0.6384728623515532
0.7687037383333324,-0.6388428071168976
0.7689037383333337,-0.6392028268579575
0.7691037383333339,-0.6395529829446509
0.7693037383333341,-0.6398933365773602
0.7695037383333341,-0.6402239487827339
0.7697037383333338,-0.6405448804095486
0.7699037383333334,-0.6408561921246162
0.7701037383333322,-0.6411579444087465
0.7703037383333311,-0.64145019755276
0.7705037383333331,-0.6417330116535531
0.7707037383333335,-0.6420064466101989
0.7709037383333353,-0.6422705621201379
0.7711037383333337,-0.6425254176753754
0.7713037383333341,-0.6427710725587794
0.7715037383333341,-0.6430075858403819
0.7717037383333334,-0.643235016373771
0.7719037383333318,-0.6434534227925228
0.772103738333332,-0.6436628635066868
0.7723037383333329,-0.643863396699321
0.7725037383333335,-0.644055080323093
0.7727037383333346,-0.6442379720969253
0.7729037383333337,-0.6444121295026968
0.7731037383333339,-0.6445776097820097
0.7733037383333337,-0.6447344699329898
0.7735037383333327,-0.6448827667071626
0.7737037383333314,-0.6450225566063761
0.7739037383333329,-0.6451538958797786
0.7741037383333331,-0.6452768405208467
0.7743037383333349,-0.6453914462644874
0.7745037383333335,-0.6454977685841707
0.7747037383333342,-0.6455958626891449
0.7749037383333339,-0.6456857835216823
0.7751037383333339,-0.6457675857543996
0.7753037383333321,-0.6458413237876269
0.7755037383333316,-0.6459070517468336
0.7757037383333327,-0.6459648234801123
0.7759037383333334,-0.6460146925557158
0.7761037383333349,-0.646056712259657
0.7763037383333331,-0.6460909355933576
0.776503738333334,-0.6461174152713611
0.7767037383333331,-0.6461362037190953
0.7769037383333337,-0.6461473530706981
0.7771037383333312,-0.6461509151668943
0.7773037383333328,-0.6461469415529336
0.7775037383333336,-0.6461354834765825
0.7777037383333345,-0.6461165918861749
0.777903738333334,-0.6460903174287185
0.7781037383333342,-0.6460567104480566
0.7783037383333336,-0.64601582098309
0.7785037383333342,-0.645967698766052
0.7787037383333324,-0.645912393220843
0.7789037383333317,-0.6458499534614184
0.779103738333333,-0.6457804282902344
0.7793037383333332,-0.645703866196756
0.7795037383333343,-0.6456203153560085
0.7797037383333334,-0.6455298236271982
0.779903738333334,-0.6454324385523798
0.7801037383333336,-0.6453282073551885
0.7803037383333338,-0.645217176939619
0.7805037383333313,-0.6450993938888687
0.7807037383333326,-0.6449749044642257
0.7809037383333333,-0.6448437546040309
0.7811037383333339,-0.6447059899226739
0.7813037383333341,-0.6445616557096597
0.7815037383333341,-0.6444107969287227
0.7817037383333336,-0.6442534582169993
0.7819037383333336,-0.6440896838842531
0.7821037383333325,-0.6439195179121586
0.7823037383333311,-0.6437430039536328
0.7825037383333331,-0.6435601853322247
0.7827037383333335,-0.6433711050415684
0.7829037383333353,-0.6431758057448657
0.7831037383333337,-0.6429743297744528
0.7833037383333341,-0.6427667191313877
0.7835037383333332,-0.6425530154851256
0.7837037383333334,-0.6423332601732158
0.7839037383333318,-0.6421074942010767
0.7841037383333325,-0.6418757582417984
0.7843037383333331,-0.6416380926360258
0.784503738333334,-0.6413945373918689
0.7847037383333344,-0.6411451321848778
0.7849037383333339,-0.6408899163580661
0.7851037383333337,-0.6406289289219819
0.785303738333333,-0.6403622085548392
0.7855037383333321,-0.6400897936026879
0.7857037383333312,-0.6398117220796428
0.7859037383333332,-0.6395280316681552
0.7861037383333336,-0.639238759719353
0.7863037383333351,-0.6389439432533948
0.7865037383333338,-0.6386436189599132
0.786703738333334,-0.6383378231984654
0.7869037383333342,-0.6380265919990769
0.7871037383333337,-0.6377099610627975
0.7873037383333319,-0.6373879657623216
0.7875037383333321,-0.6370606411426429
0.787703738333333,-0.6367280219217822
0.7879037383333334,-0.6363901424915338
0.7881037383333342,-0.6360470369182667
0.7883037383333336,-0.6356987389437836
0.7885037383333342,-0.6353452819861993
0.7887037383333335,-0.6349866991409011
0.7889037383333326,-0.6346230231815153
0.7891037383333313,-0.6342542865609446
0.789303738333333,-0.6338805214124308
0.7895037383333332,-0.6335017595506942
0.7897037383333343,-0.6331180324730624
0.7899037383333338,-0.6327293713606948
0.7901037383333342,-0.632335807079808
0.790303738333334,-0.631937370182976
0.790503738333334,-0.6315340909104474
0.7907037383333322,-0.6311259991915207
0.7909037383333315,-0.6307131246459383
0.7911037383333328,-0.6302954965853484
0.7913037383333332,-0.6298731440147934
0.7915037383333348,-0.6294460956342234
0.7917037383333334,-0.6290143798400798
0.791903738333334,-0.6285780247268694
0.7921037383333336,-0.628137058088842
0.7923037383333331,-0.6276915074216404
0.7925037383333311,-0.6272413999240323
0.7927037383333329,-0.6267867624996399
0.7929037383333335,-0.6263276217587668
0.7931037383333339,-0.6258640040201827
0.7933037383333339,-0.6253959353129972
0.7935037383333341,-0.6249234413785484
0.7937037383333334,-0.6244465476723332
0.7939037383333338,-0.6239652793659557
0.7941037383333325,-0.6234796613491389
0.7943037383333311,-0.622989718231725
0.7945037383333329,-0.6224954743457412
0.7947037383333335,-0.6219969537475069
0.794903738333335,-0.6214941802197211
0.7951037383333337,-0.6209871772736397
0.7953037383333339,-0.6204759681512195
0.7955037383333332,-0.6199605758273652
0.7957037383333334,-0.6194410230121371
0.7959037383333312,-0.6189173321530412
0.7961037383333327,-0.618389525437284
0.7963037383333331,-0.6178576247941465
0.796503738333334,-0.6173216518972853
0.796703738333334,-0.6167816281671312
0.7969037383333339,-0.6162375747732733
0.7971037383333337,-0.6156895126368928
0.7973037383333337,-0.6151374624332062
0.7975037383333323,-0.6145814445939464
0.797703738333331,-0.6140214793098444
0.797903738333333,-0.6134575865331504
0.7981037383333334,-0.612889785980206
0.7983037383333349,-0.6123180971339621
0.7985037383333338,-0.6117425392466037
0.7987037383333344,-0.6111631313421142
0.7989037383333335,-0.6105798922189463
0.7991037383333333,-0.6099928404526314
0.7993037383333319,-0.6094019943984696
0.7995037383333323,-0.6088073721941909
0.799703738333333,-0.6082089917626817
0.7999037383333336,-0.607606870814688
0.8001037383333347,-0.6070010268515538
0.8003037383333338,-0.6063914771679835
0.8005037383333338,-0.6057782388547881
0.8007037383333335,-0.6051613288016956
0.8009037383333322,-0.6045407637001372
0.8011037383333313,-0.6039165600460561
0.8013037383333332,-0.6032887341427354
0.8015037383333334,-0.6026573021036669
0.8017037383333347,-0.6020222798553565
0.8019037383333336,-0.6013836831402319
0.802103738333334,-0.6007415275194784
0.802303738333334,-0.6000958283759652
0.8025037383333338,-0.5994466009171209
0.8027037383333318,-0.598793860177852
0.802903738333332,-0.5981376210234366
0.8031037383333328,-0.597477898152489
0.8033037383333332,-0.5968147060998708
0.8035037383333348,-0.5961480592396292
0.8037037383333336,-0.5954779717879712
0.8039037383333345,-0.5948044578061753
0.8041037383333332,-0.5941275312036094
0.8043037383333329,-0.5934472057406462
0.8045037383333309,-0.592763495031681
0.8047037383333333,-0.5920764125480582
0.8049037383333335,-0.5913859716211266
0.8051037383333342,-0.5906921854451507
0.8053037383333339,-0.589995067080343
0.8055037383333343,-0.5892946294558306
0.8057037383333336,-0.588590885372671
0.8059037383333338,-0.5878838475068191
0.8061037383333325,-0.587173528412153
0.8063037383333316,-0.586459940523436
0.8065037383333329,-0.5857430961593286
0.8067037383333333,-0.585023007525401
0.8069037383333344,-0.5842996867170899
0.8071037383333337,-0.583573145722724
0.8073037383333344,-0.5828433964264763
0.8075037383333334,-0.582110450611394
0.8077037383333334,-0.5813743199623417
0.8079037383333314,-0.5806350160690178
0.8081037383333329,-0.5798925504288828
0.8083037383333334,-0.5791469344501974
0.8085037383333338,-0.5783981794549298
0.808703738333334,-0.5776462966817415
0.8089037383333344,-0.5768912972889371
0.8091037383333337,-0.5761331923574176
0.8093037383333337,-0.5753719928936047
0.8095037383333319,-0.5746077098324023
0.8097037383333312,-0.5738403540400835
0.8099037383333332,-0.5730699363172337
0.8101037383333336,-0.5722964674016755
0.8103037383333349,-0.5715199579713194
0.8105037383333338,-0.5707404186470993
0.810703738333334,-0.5699578599958037
0.8109037383333333,-0.5691722925329903
0.811103738333333,-0.5683837267258084
0.8113037383333319,-0.5675921729958662
0.8115037383333328,-0.5667976417220364
0.8117037383333334,-0.5660001432433149
0.8119037383333336,-0.5651996878615987
0.812103738333334,-0.5643962858444836
0.812303738333334,-0.5635899474280557
0.8125037383333338,-0.5627806828196456
0.8127037383333331,-0.5619685022005871
0.812903738333332,-0.5611534157289505
0.8131037383333313,-0.5603354335422613
0.8133037383333332,-0.5595145657602019
0.8135037383333337,-0.5586908224873347
0.813703738333335,-0.5578642138157194
0.8139037383333336,-0.5570347498276205
0.8141037383333345,-0.5562024405980874
0.8143037383333338,-0.5553672961976427
0.8145037383333331,-0.554529326694829
0.814703738333332,-0.5536885421588216
0.8149037383333324,-0.5528449526619751
0.815103738333333,-0.5519985682823936
0.8153037383333332,-0.5511493991064399
0.8155037383333343,-0.5502974552312355
0.8157037383333341,-0.5494427467671714
0.8159037383333341,-0.5485852838403401
0.8161037383333332,-0.5477250765950094
0.8163037383333325,-0.5468621351960238
0.8165037383333311,-0.5459964698312236
0.8167037383333331,-0.5451280907137953
0.8169037383333333,-0.5442570080846898
0.8171037383333344,-0.5433832322148827
0.8173037383333339,-0.5425067734077439
0.8175037383333343,-0.5416276420012812
0.8177037383333337,-0.5407458483704468
0.8179037383333336,-0.5398614029293439
0.818103738333332,-0.5389743161334762
0.818303738333332,-0.5380845984819018
0.8185037383333329,-0.5371922605194408
0.8187037383333331,-0.5362973128388064
0.8189037383333349,-0.5353997660827037
0.8191037383333335,-0.5344996309459691
0.8193037383333339,-0.533596918177564
0.819503738333333,-0.532691638582697
0.8197037383333332,-0.5317838030247762
0.8199037383333316,-0.5308734224274483
0.8201037383333332,-0.5299605077765015
0.8203037383333338,-0.5290450701218762
0.820503738333334,-0.5281271205795143
0.8207037383333342,-0.5272066703332587
0.820903738333334,-0.5262837306367122
0.8211037383333333,-0.525358312815056
0.8213037383333337,-0.5244304282668435
0.8215037383333323,-0.5235000884657983
0.8217037383333314,-0.5225673049625105
0.821903738333333,-0.5216320893861741
0.8221037383333334,-0.5206944534462968
0.8223037383333347,-0.5197544089343047
0.8225037383333338,-0.5188119677252162
0.8227037383333342,-0.5178671417791845
0.8229037383333333,-0.516919943143128
0.8231037383333335,-0.5159703839522134
0.8233037383333313,-0.515018476431417
0.823503738333333,-0.5140642328969278
0.8237037383333337,-0.5131076657576987
0.8239037383333341,-0.5121487875167828
0.8241037383333345,-0.5111876107727517
0.8243037383333345,-0.5102241482210553
0.8245037383333336,-0.509258412655347
0.8247037383333335,-0.5082904169687675
0.8249037383333324,-0.5073201741552436
0.8251037383333313,-0.5063476973106876
0.8253037383333328,-0.5053729996342118
0.8255037383333337,-0.5043960944293391
0.8257037383333343,-0.5034169951050973
0.8259037383333336,-0.5024357151771578
0.8261037383333341,-0.5014522682688902
0.8263037383333336,-0.5004666681124527
0.8265037383333331,-0.49947892854977155
0.8267037383333318,-0.4984890635335529
0.8269037383333326,-0.49749708712820906
0.8271037383333331,-0.4965030135108286
0.8273037383333333,-0.49550685697202856
0.8275037383333346,-0.4945086319168224
0.8277037383333341,-0.49350835286547523
0.8279037383333336,-0.49250603445425767
0.8281037383333334,-0.4915016914362422
0.8283037383333325,-0.4904953386820362
0.8285037383333316,-0.4894869911804691
0.8287037383333331,-0.48847666403926315
0.8289037383333335,-0.4874643724857123
0.8291037383333346,-0.4864501318672313
0.8293037383333337,-0.4854339576519817
0.8295037383333344,-0.484415865429362
0.8297037383333341,-0.4833958709105808
0.8299037383333336,-0.48237398992909297
0.8301037383333318,-0.48135023844107416
0.830303738333332,-0.4803246325258043
0.8305037383333329,-0.4792971883861038
0.8307037383333329,-0.47826792234866333
0.8309037383333346,-0.47723685086434514
0.8311037383333335,-0.47620399050853457
0.8313037383333339,-0.4751693579813162
0.8315037383333332,-0.47413297010778716
0.8317037383333332,-0.47309484383819567
0.8319037383333314,-0.47205499624815317
0.8321037383333332,-0.47101344453870875
0.8323037383333336,-0.46997020603654704
0.832503738333334,-0.46892529819397916
0.832703738333334,-0.4678787385890263
0.8329037383333342,-0.4668305449254179
0.8331037383333335,-0.46578073503259104
0.8333037383333342,-0.4647293268656145
0.8335037383333324,-0.46367633850515916
0.8337037383333319,-0.46262178815731975
0.833903738333333,-0.4615656941535331
0.834103738333333,-0.46050807495040813
0.8343037383333345,-0.45944894912948264
0.8345037383333334,-0.4583883353970603
0.8347037383333342,-0.45732625258386905
0.8349037383333335,-0.4562627196448662
0.8351037383333335,-0.455197755658846
0.8353037383333315,-0.4541313798281513
0.835503738333333,-0.4530636114782302
0.8357037383333334,-0.45199447005733
0.8359037383333336,-0.45092397513598015
0.8361037383333341,-0.4498521464065663
0.8363037383333345,-0.4487790036828393
0.8365037383333336,-0.44770456689940363
0.8367037383333338,-0.4466288561111438
0.8369037383333324,-0.44555189149270025
0.8371037383333315,-0.4444736933378153
0.8373037383333333,-0.4433942820587303
0.8375037383333337,-0.4423136781855632
0.8377037383333348,-0.44123190236556364
0.8379037383333336,-0.44014897536245756
0.8381037383333338,-0.4390649180556548
0.8383037383333334,-0.43797975143954837
0.8385037383333336,-0.4368934966226792
0.838703738333332,-0.43580617482696055
0.8389037383333326,-0.43471780738677973
0.8391037383333335,-0.4336284157482025
0.8393037383333335,-0.4325380214680415
0.8395037383333339,-0.43144664621293266
0.8397037383333339,-0.4303543117584188
0.8399037383333334,-0.42926103998796583
0.8401037383333334,-0.4281668528919726
0.8403037383333325,-0.42707177256677176
0.8405037383333314,-0.42597582121356936
0.8407037383333331,-0.4248790211373775
0.8409037383333335,-0.42378139474598403
0.8411037383333346,-0.42268296454876586
0.8413037383333335,-0.4215837531556198
0.8415037383333344,-0.4204837832757403
0.8417037383333339,-0.4193830777165216
0.8419037383333334,-0.4182816593822917
0.8421037383333321,-0.4171795512731269
0.8423037383333325,-0.41607677648357777
0.8425037383333329,-0.414973358201446
0.8427037383333331,-0.4138693197064661
0.8429037383333344,-0.41276468436899877
0.8431037383333335,-0.41165947564873495
0.8433037383333335,-0.41055371709328864
0.8435037383333337,-0.4094474323368828
0.8437037383333326,-0.40834064509894724
0.8439037383333314,-0.4072333791826874
0.8441037383333332,-0.4061256584736674
0.8443037383333336,-0.4050175069384093
0.8445037383333345,-0.40390894862285787
0.8447037383333336,-0.40280000765095253
0.8449037383333342,-0.40169070822307273
0.8451037383333335,-0.4005810746145844
0.8453037383333339,-0.39947113117423927
0.8455037383333324,-0.39836090232268223
0.8457037383333319,-0.3972504125508145
0.8459037383333328,-0.39613968641825836
0.8461037383333332,-0.39502874855174697
0.8463037383333347,-0.39391762364347666
0.8465037383333334,-0.39280633644952
0.846703738333334,-0.3916949117880965
0.8469037383333335,-0.39058337453799796
0.8471037383333335,-0.38947174963684045
0.8473037383333315,-0.3883600620794158
0.8475037383333333,-0.387248336915915
0.8477037383333339,-0.38613659925030974
0.8479037383333341,-0.3850248742385267
0.8481037383333341,-0.3839131870867292
0.8483037383333341,-0.38280156304955404
0.8485037383333336,-0.3816900274283378
0.848703738333334,-0.38057860556931733
0.8489037383333329,-0.37946732286186036
0.8491037383333315,-0.37835620473661075
0.8493037383333331,-0.37724527666367974
0.8495037383333333,-0.37613456415086005
0.8497037383333346,-0.3750240927417051
0.8499037383333334,-0.37391388801374476
0.8501037383333341,-0.3728039755765432
0.8503037383333334,-0.37169438106990804
0.8505037383333336,-0.37058513016193645
0.8507037383333311,-0.3694762485471832
0.8509037383333329,-0.3683677619446689
0.8511037383333335,-0.36725969609609543
0.8513037383333335,-0.3661520767638258
0.8515037383333339,-0.36504492972898805
0.8517037383333337,-0.36393828078955626
0.8519037383333334,-0.362832155758387
0.8521037383333334,-0.3617265804612841
0.8523037383333325,-0.3606215807350481
0.8525037383333312,-0.3595171824254991
0.8527037383333329,-0.3584134113855037
0.852903738333334,-0.35731029347305615
0.8531037383333346,-0.356207854549242
0.8533037383333335,-0.35510612047628365
0.8535037383333339,-0.3540051171155191
0.8537037383333337,-0.3529048703254673
0.8539037383333334,-0.3518054059597855
0.8541037383333321,-0.35070674986529515
0.8543037383333327,-0.34960892787994646
0.8545037383333334,-0.34851196583086463
0.8547037383333336,-0.3474158895323026
0.8549037383333349,-0.34632072478362996
0.8551037383333338,-0.345226497367357
0.8553037383333335,-0.3441332330470549
0.8555037383333333,-0.34304095756539954
0.8557037383333324,-0.3419496966421305
0.8559037383333314,-0.34085947597202476
0.8561037383333332,-0.33977032122287604
0.8563037383333336,-0.33868225803352064
0.8565037383333345,-0.3375953120117519
0.8567037383333336,-0.3365095087323536
0.856903738333334,-0.3354248737350308
0.8571037383333342,-0.3343414325224476
0.8573037383333335,-0.33325921055817925
0.8575037383333319,-0.3321782332647012
0.8577037383333324,-0.3310985260213619
0.857903738333333,-0.3300201141624146
0.8581037383333332,-0.3289430229749773
0.8583037383333345,-0.32786727769702234
0.8585037383333332,-0.326792903515413
0.8587037383333338,-0.3257199255638322
0.8589037383333331,-0.3246483689208746
0.8591037383333331,-0.3235782586079831
0.8593037383333313,-0.32250961958751473
0.859503738333333,-0.3214424767606925
0.8597037383333337,-0.32037685496572166
0.8599037383333339,-0.31931277897573496
0.8601037383333341,-0.31825027349685503
0.8603037383333343,-0.317189363166233
0.8605037383333336,-0.3161300725500947
0.8607037383333338,-0.3150724261417718
0.8609037383333324,-0.3140164483597949
0.861103738333332,-0.3129621635459079
0.8613037383333328,-0.3119095959631742
0.8615037383333333,-0.31085876979405624
0.8617037383333346,-0.3098097091384703
0.861903738333333,-0.30876243801192405
0.8621037383333336,-0.30771698034354195
0.8623037383333334,-0.3066733599742651
0.8625037383333338,-0.30563160065489925
0.8627037383333316,-0.3045917260442932
0.8629037383333331,-0.30355375970739473
0.8631037383333338,-0.3025177251135056
0.8633037383333335,-0.3014836456343529
0.8635037383333335,-0.30045154454227063
0.8637037383333339,-0.29942144500838397
0.8639037383333334,-0.2983933701007975
0.8641037383333334,-0.297367342782766
0.8643037383333323,-0.29634338591093023
0.8645037383333314,-0.2953215222335017
0.8647037383333334,-0.2943017743884986
0.8649037383333336,-0.29328416490202885
0.8651037383333346,-0.2922687161864649
0.8653037383333335,-0.2912554505387739
0.8655037383333339,-0.2902443901387261
0.8657037383333333,-0.2892355570472501
0.8659037383333337,-0.288228973204674
0.8661037383333321,-0.28722466042908906
0.866303738333333,-0.2862226404146092
0.8665037383333336,-0.28522293472978266
0.8667037383333336,-0.2842255648158969
0.8669037383333342,-0.2832305519853441
0.867103738333334,-0.28223791742002485
0.8673037383333333,-0.2812476821697145
0.8675037383333333,-0.2802598671504776
0.8677037383333326,-0.27927449314310326
0.8679037383333317,-0.27829158079152005
0.8681037383333332,-0.27731115060124367
0.8683037383333341,-0.27633322293788176
0.8685037383333345,-0.2753578180255685
0.8687037383333334,-0.27438495594548273
0.8689037383333342,-0.2734146566343297
0.8691037383333338,-0.2724469398829232
0.8693037383333331,-0.2714818253346724
0.8695037383333319,-0.27051933248416793
0.8697037383333326,-0.2695594806757374
0.869903738333333,-0.26860228910206724
0.8701037383333332,-0.2676477768027802
0.8703037383333343,-0.2666959626630617
0.8705037383333336,-0.2657468654123229
0.8707037383333336,-0.2648005036228163
0.8709037383333331,-0.26385689570834825
0.8711037383333329,-0.2629160599229463
0.8713037383333315,-0.26197801435958346
0.8715037383333333,-0.26104277694886896
0.8717037383333337,-0.26011036545785704
0.8719037383333343,-0.25918079748873923
0.8721037383333334,-0.25825409047766584
0.8723037383333341,-0.2573302616935037
0.8725037383333338,-0.2564093282366988
0.8727037383333338,-0.2554913070380671
0.872903738333332,-0.2545762148576744
0.8731037383333322,-0.2536640682836657
0.8733037383333329,-0.2527548837312026
0.8735037383333333,-0.25184867744134115
0.8737037383333346,-0.25094546547995156
0.8739037383333332,-0.25004526373669267
0.8741037383333341,-0.24914808792391258
0.8743037383333332,-0.248253953575709
0.8745037383333336,-0.24736287604685808
0.8747037383333318,-0.24647487051189462
0.8749037383333331,-0.24558995196408168
0.875103738333334,-0.24470813521454707
0.875303738333334,-0.24382943489130762
0.875503738333334,-0.242953865438374
0.8757037383333339,-0.2420814411148762
0.8759037383333337,-0.24121217599419653
0.8761037383333341,-0.24034608396311974
0.8763037383333323,-0.23948317872102845
0.8765037383333318,-0.2386234737790549
0.8767037383333329,-0.23776698245933725
0.8769037383333331,-0.2369137178942514
0.8771037383333342,-0.23606369302563623
0.8773037383333331,-0.23521692060410698
0.8775037383333342,-0.23437341318829716
0.8777037383333337,-0.23353318314423932
0.8779037383333337,-0.23269624264464164
0.8781037383333317,-0.2318626036682854
0.8783037383333332,-0.23103227799934783
0.8785037383333336,-0.23020527722687362
0.8787037383333338,-0.2293816127441249
0.8789037383333338,-0.2285612957480433
0.879103738333334,-0.22774433723870086
0.8793037383333333,-0.22693074801878466
0.8795037383333335,-0.2261205386930745
0.8797037383333324,-0.22531371966798922
0.8799037383333317,-0.22451030115109016
0.880103738333333,-0.22371029315065688
0.8803037383333336,-0.22291370547528083
0.8805037383333347,-0.22212054773343115
0.8807037383333336,-0.221330829333104
0.8809037383333342,-0.2205445594814193
0.8811037383333336,-0.21976174718433597
0.8813037383333333,-0.21898240124628215
0.881503738333332,-0.2182065302698893
0.881703738333333,-0.21743414265567804
0.8819037383333332,-0.2166652466018458
0.8821037383333334,-0.21589985010398438
0.8823037383333343,-0.21513796095487786
0.8825037383333338,-0.2143795867443125
0.8827037383333336,-0.21362473485887581
0.8829037383333331,-0.21287341248181707
0.8831037383333322,-0.2121256265929015
0.8833037383333315,-0.21138138396828887
0.8835037383333333,-0.21064069118043288
0.8837037383333337,-0.20990355459803028
0.8839037383333344,-0.20916998038592027
0.8841037383333334,-0.20843997450507812
0.8843037383333343,-0.2077135427125648
0.8845037383333341,-0.20699069056156977
0.8847037383333334,-0.20627142340139523
0.884903738333332,-0.20555574637751373
0.8851037383333324,-0.20484366443161375
0.8853037383333329,-0.20413518230170496
0.8855037383333331,-0.20343030452219557
0.8857037383333346,-0.20272903542401016
0.8859037383333337,-0.20203137913475286
0.8861037383333339,-0.20133733957881866
0.8863037383333332,-0.20064692047761534
0.8865037383333327,-0.19996012534972823
0.8867037383333314,-0.1992769575111525
0.8869037383333334,-0.19859742007550144
0.8871037383333336,-0.19792151595430713
0.8873037383333342,-0.1972492478572355
0.8875037383333342,-0.19658061829241125
0.8877037383333346,-0.19591562956670794
0.8879037383333339,-0.1952542837860903
0.8881037383333337,-0.19459658285594045
0.8883037383333323,-0.19394252848144133
0.8885037383333321,-0.19329212216793634
0.8887037383333327,-0.19264536522134823
0.8889037383333331,-0.19200225874859328
0.8891037383333349,-0.1913628036580034
0.8893037383333335,-0.1907270006598092
0.889503738333334,-0.19009485026656064
0.8897037383333335,-0.18946635279367047
0.8899037383333339,-0.18884150835988195
0.8901037383333317,-0.18822031688782298
0.890303738333333,-0.18760277810450013
0.8905037383333336,-0.1869888915419185
0.8907037383333336,-0.18637865653761246
0.8909037383333338,-0.18577207223524628
0.891103738333334,-0.1851691375852299
0.8913037383333335,-0.1845698513453414
0.8915037383333335,-0.18397421208136233
0.8917037383333326,-0.1833822181677484
0.8919037383333317,-0.18279386778828935
0.8921037383333328,-0.18220915893680356
0.8923037383333332,-0.18162808941786088
0.8925037383333347,-0.18105065684747815
0.8927037383333336,-0.18047685865388663
0.892903738333334,-0.17990669207824575
0.8931037383333331,-0.17934015417545662
0.8933037383333335,-0.1787772418149089
0.893503738333332,-0.17821795168131416
0.893703738333333,-0.17766228027547976
0.8939037383333337,-0.17711022391518352
0.8941037383333337,-0.1765617787359871
0.8943037383333341,-0.17601694069209936
0.8945037383333341,-0.17547570555725897
0.8947037383333332,-0.17493806892561387
0.8949037383333334,-0.17440402621261875
0.8951037383333329,-0.1738735726559663
0.8953037383333318,-0.17334670331650176
0.8955037383333331,-0.17282341307916269
0.8957037383333335,-0.17230369665395975
0.8959037383333346,-0.17178754857691786
0.8961037383333337,-0.17127496321108185
0.8963037383333341,-0.1707659347474867
0.8965037383333336,-0.1702604572061956
0.8967037383333332,-0.16975852443729994
0.896903738333332,-0.1692601301219647
0.8971037383333329,-0.1687652677734635
0.8973037383333329,-0.16827393073825858
0.8975037383333333,-0.16778611219704775
0.8977037383333346,-0.16730180516586024
0.8979037383333337,-0.16682100249715628
0.8981037383333337,-0.16634369688091083
0.8983037383333334,-0.16586988084575516
0.898503738333333,-0.1653995467600931
0.8987037383333318,-0.16493268683324458
0.8989037383333331,-0.16446929311658604
0.8991037383333331,-0.1640093575047369
0.8993037383333342,-0.1635528717367005
0.8995037383333335,-0.16309982739707307
0.8997037383333342,-0.16265021591720974
0.8999037383333339,-0.16220402857645355
0.9001037383333339,-0.16176125650332712
0.9003037383333323,-0.16132189067676952
0.9005037383333321,-0.1608859219273502
0.9007037383333325,-0.16045334093852825
0.9009037383333334,-0.16002413824789352
0.9011037383333349,-0.15959830424842558
0.9013037383333331,-0.1591758291897707
0.9015037383333335,-0.15875670317949012
0.9017037383333335,-0.1583409161843815
0.9019037383333337,-0.15792845803174818
0.9021037383333317,-0.15751931841071348
0.9023037383333332,-0.1571134868735062
0.9025037383333336,-0.15671095283681652
0.9027037383333341,-0.1563117055830865
0.9029037383333338,-0.15591573426185723
0.9031037383333342,-0.1555230278911009
0.9033037383333336,-0.1551335753585763
0.903503738333334,-0.1547473654231677
0.9037037383333328,-0.15436438671626196
0.9039037383333319,-0.1539846277430968
0.9041037383333326,-0.15360807688414185
0.9043037383333332,-0.1532347223964824
0.9045037383333343,-0.15286455241519423
0.9047037383333332,-0.1524975549547433
0.9049037383333338,-0.15213371791036406
0.9051037383333336,-0.1517730290594847
0.9053037383333338,-0.1514154760631144
0.9055037383333318,-0.15106104646726942
0.9057037383333328,-0.1507097277043682
0.9059037383333333,-0.15036150709468268
0.9061037383333337,-0.15001637184774044
0.9063037383333341,-0.1496743090637636
0.9065037383333341,-0.14933530573510287
0.9067037383333332,-0.1489993487476748
0.9069037383333336,-0.14866642488239987
0.9071037383333325,-0.14833652081666115
0.9073037383333316,-0.14800962312573762
0.9075037383333329,-0.14768571828426358
0.9077037383333335,-0.14736479266769348
0.9079037383333348,-0.14704683255374507
0.9081037383333337,-0.14673182412387575
0.9083037383333337,-0.14641975346472832
0.9085037383333334,-0.14611060656961633
0.9087037383333334,-0.1458043693399821
0.9089037383333325,-0.14550102758687355
0.9091037383333329,-0.14520056703240888
0.9093037383333331,-0.14490297331126262
0.9095037383333335,-0.14460823197213296
0.9097037383333342,-0.14431632847922313
0.9099037383333339,-0.14402724821372181
0.9101037383333332,-0.14374097647527834
0.9103037383333332,-0.1434574984834865
0.9105037383333323,-0.14317679937936958
0.9107037383333321,-0.14289886422685566
0.9109037383333332,-0.1426236780142655
0.9111037383333336,-0.14235122565579825
0.9113037383333344,-0.14208149199300674
0.9115037383333331,-0.14181446179628993
0.9117037383333335,-0.14155011976636164
0.9119037383333335,-0.14128845053575073
0.9121037383333332,-0.14102943867027123
0.9123037383333319,-0.1407730686705087
0.9125037383333323,-0.1405193249732939
0.9127037383333327,-0.14026819195319373
0.9129037383333332,-0.14001965392398083
0.9131037383333342,-0.1397736951401122
0.9133037383333336,-0.1395302997982093
0.9135037383333335,-0.13928945203852225
0.9137037383333333,-0.13905113594641194
0.913903738333333,-0.1388153355538148
0.9141037383333319,-0.13858203484071366
0.9143037383333332,-0.13835121773659734
0.9145037383333334,-0.13812286812193728
0.9147037383333343,-0.13789696982963395
0.9149037383333338,-0.13767350664648603
0.9151037383333338,-0.1374524623146375
0.9153037383333336,-0.13723382053303673
0.9155037383333338,-0.1370175649588823
0.9157037383333326,-0.13680367920907277
0.9159037383333322,-0.13659214686164353
0.9161037383333326,-0.13638295145721147
0.9163037383333332,-0.13617607650041036
0.9165037383333348,-0.13597150546131972
0.9167037383333332,-0.13576922177689948
0.9169037383333338,-0.13556920885239965
0.9171037383333336,-0.1353714500627977
0.9173037383333338,-0.13517592875420126
0.917503738333332,-0.1349826282452674
0.9177037383333333,-0.13479153182859768
0.9179037383333335,-0.1346026227721561
0.9181037383333339,-0.13441588432065188
0.9183037383333339,-0.13423129969693842
0.9185037383333341,-0.1340488521033969
0.9187037383333334,-0.1338685247233206
0.9189037383333336,-0.1336903007222872
0.9191037383333329,-0.13351416324953513
0.919303738333332,-0.13334009543932349
0.9195037383333329,-0.13316808041229256
0.9197037383333335,-0.13299810127682227
0.9199037383333348,-0.13283014113037384
0.9201037383333337,-0.13266418306083747
0.9203037383333339,-0.13250021014785895
0.9205037383333332,-0.13233820546417963
0.9207037383333334,-0.13217815207695108
0.9209037383333318,-0.13202003304905888
0.9211037383333331,-0.1318638314404226
0.9213037383333331,-0.13170953030931232
0.921503738333334,-0.1315571127136328
0.9217037383333342,-0.13140656171222115
0.9219037383333339,-0.13125786036612508
0.9221037383333333,-0.13111099173988
0.9223037383333337,-0.13096593890277589
0.9225037383333328,-0.1308226849301224
0.9227037383333316,-0.13068121290449697
0.922903738333333,-0.13054150591699287
0.9231037383333334,-0.13040354706846233
0.9233037383333349,-0.1302673194707403
0.9235037383333338,-0.1301328062478746
0.923703738333334,-0.1299999905373326
0.9239037383333335,-0.12986885549121768
0.9241037383333333,-0.1297393842774627
0.9243037383333323,-0.1296115600810245
0.9245037383333328,-0.12948536610506395
0.924703738333333,-0.12936078557212463
0.9249037383333336,-0.12923780172529648
0.9251037383333347,-0.12911639782937495
0.9253037383333336,-0.12899655717201242
0.9255037383333335,-0.12887826306485353
0.9257037383333335,-0.12876149884467428
0.9259037383333326,-0.12864624787450302
0.9261037383333319,-0.1285324935447339
0.9263037383333332,-0.12842021927423425
0.9265037383333334,-0.12830940851144473
0.9267037383333343,-0.12820004473546193
0.9269037383333336,-0.12809211145712243
0.927103738333334,-0.1279855922200681
0.9273037383333338,-0.12788047060181224
0.9275037383333338,-0.1277767302147867
0.9277037383333322,-0.1276743547073878
0.927903738333332,-0.12757332776500505
0.9281037383333326,-0.1274736331110491
0.9283037383333337,-0.12737525450796383
0.9285037383333348,-0.12727817575823147
0.9287037383333332,-0.12718238070536814
0.9289037383333336,-0.12708785323490507
0.9291037383333332,-0.12699457727537145
0.9293037383333334,-0.12690253679925464
0.9295037383333318,-0.1268117158239606
0.9297037383333333,-0.12672209841275517
0.9299037383333335,-0.12663366867570813
0.9301037383333344,-0.12654641077061313
0.9303037383333339,-0.126460308903909
0.9305037383333341,-0.1263753473315833
0.9307037383333334,-0.1262915103600723
0.9309037383333338,-0.12620878234714503
0.9311037383333325,-0.1261271477027836
0.9313037383333318,-0.12604659089004538
0.9315037383333329,-0.12596709642592283
0.9317037383333333,-0.12588864888219023
0.9319037383333344,-0.1258112328862373
0.9321037383333333,-0.12573483312189832
0.9323037383333337,-0.12565943433026366
0.9325037383333332,-0.12558502131049004
0.9327037383333336,-0.12551157892059212
0.9329037383333318,-0.12543909207823037
0.9331037383333329,-0.1253675457614813
0.9333037383333331,-0.12529692500960737
0.9335037383333338,-0.12522721492380628
0.9337037383333342,-0.1251584006679565
0.933903738333334,-0.12509046746934996
0.9341037383333333,-0.12502340061941422
0.9343037383333337,-0.12495718547442475
0.9345037383333326,-0.12489180745620848
0.9347037383333316,-0.1248272520528321
0.9349037383333327,-0.12476350481928469
0.9351037383333334,-0.1247005513781494
0.9353037383333349,-0.12463837742026085
0.9355037383333338,-0.1245769687053574
0.935703738333334,-0.12451631106271621
0.9359037383333333,-0.12445639039178621
0.9361037383333335,-0.12439719266280305
0.9363037383333324,-0.12433870391739898
0.9365037383333328,-0.12428091026919752
0.9367037383333334,-0.12422379790440255
0.9369037383333336,-0.12416735308237349
0.9371037383333345,-0.12411156213619048
0.9373037383333338,-0.1240564114732113
0.9375037383333331,-0.12400188757561392
0.9377037383333331,-0.12394797700093274
0.9379037383333326,-0.12389466638258254
0.9381037383333315,-0.12384194243037139
0.938303738333333,-0.12378979193100317
0.9385037383333334,-0.1237382017485732
0.9387037383333343,-0.12368715882504765
0.9389037383333336,-0.12363665018073752
0.939103738333334,-0.12358666291475884
0.9393037383333342,-0.12353718420548582
0.9395037383333331,-0.12348820131099142
0.9397037383333322,-0.1234397015694773
0.9399037383333324,-0.1233916723996954
0.9401037383333326,-0.12334410130135884
0.940303738333333,-0.12329697585554113
0.9405037383333346,-0.1232502837250663
0.9407037383333336,-0.12320401265489016
0.9409037383333341,-0.12315815047246731
0.9411037383333334,-0.12311268508811377
0.9413037383333329,-0.12306760449535434
0.9415037383333316,-0.12302289677126366
0.9417037383333329,-0.12297855007679404
0.9419037383333331,-0.12293455265709768
0.9421037383333344,-0.1228908928418335
0.9423037383333337,-0.1228475590454691
0.9425037383333343,-0.12280453976756824
0.9427037383333337,-0.12276182359307353
0.9429037383333336,-0.12271939919257406
0.9431037383333327,-0.12267725532256801
0.943303738333332,-0.12263538082571195
0.9435037383333322,-0.12259376463106227
0.9437037383333331,-0.12255239575430674
0.9439037383333346,-0.12251126329798656
0.9441037383333333,-0.12247035645170873
0.9443037383333339,-0.12242966449234648
0.9445037383333337,-0.12238917678423629
0.9447037383333337,-0.12234888277935872
0.9449037383333321,-0.12230877201751439
0.9451037383333332,-0.12226883412648777
0.9453037383333334,-0.12222905882220497
0.9455037383333338,-0.12218943590887857
0.9457037383333342,-0.12214995527914571
0.945903738333334,-0.12211060691419624
0.9461037383333335,-0.12207138088389219
0.9463037383333337,-0.12203226734687686
0.946503738333333,-0.12199325655067769
0.9467037383333317,-0.12195433883179677
0.9469037383333327,-0.12191550461579442
0.9471037383333334,-0.12187674441736529
0.9473037383333345,-0.12183804884040206
0.9475037383333331,-0.12179940857805396
0.947703738333334,-0.12176081441277316
0.9479037383333333,-0.12172225721635713
0.9481037383333335,-0.12168372794997707
0.9483037383333319,-0.12164521766420336
0.9485037383333328,-0.12160671749901661
0.9487037383333334,-0.12156821868381687
0.9489037383333341,-0.12152971253741891
0.9491037383333345,-0.12149119046804235
0.9493037383333338,-0.12145264397329289
0.9495037383333331,-0.12141406464013446
0.9497037383333331,-0.12137544414485485
0.9499037383333326,-0.1213367742530227
0.9501037383333315,-0.12129804681943618
0.9503037383333328,-0.12125925378806336
0.9505037383333337,-0.12122038719197717
0.9507037383333343,-0.12118143915327931
0.9509037383333334,-0.12114240188301872
0.9511037383333345,-0.121103267681101
0.9513037383333336,-0.12106402893619281
0.9515037383333331,-0.12102467812561447
0.9517037383333324,-0.12098520781522959
0.9519037383333329,-0.1209456106593245
0.9521037383333331,-0.12090587940048166
0.9523037383333337,-0.12086600686944511
0.9525037383333346,-0.12082598598497944
0.9527037383333337,-0.12078580975372119
0.9529037383333336,-0.12074547127002278
0.9531037383333334,-0.12070496371579098
0.9533037383333329,-0.12066428036031714
0.9535037383333318,-0.12062341456010098
0.9537037383333331,-0.12058235975866727
0.9539037383333335,-0.12054110948637808
0.9541037383333342,-0.12049965736023399
0.9543037383333337,-0.12045799708367363
0.9545037383333339,-0.12041612244636259
0.9547037383333341,-0.12037402732397931
0.9549037383333336,-0.12033170567799281
0.9551037383333325,-0.12028915155543404
0.9553037383333325,-0.12024635908866145
0.9555037383333325,-0.12020332249512179
0.9557037383333329,-0.12016003607710221
0.9559037383333344,-0.12011649422147849
0.9561037383333335,-0.12007269139945759
0.9563037383333337,-0.12002862216631077
0.9565037383333332,-0.11998428116110679
0.9567037383333334,-0.11993966310643427
0.9569037383333323,-0.11989476280812185
0.9571037383333332,-0.11984957515494975
0.9573037383333332,-0.11980409511836004
0.957503738333334,-0.11975831775215673
0.957703738333334,-0.11971223819220494
0.9579037383333342,-0.11966585165612102
0.9581037383333335,-0.11961915344296063
0.9583037383333337,-0.11957213893289931
0.9585037383333328,-0.11952480358691059
0.9587037383333319,-0.119477142946436
0.9589037383333328,-0.11942915263305284
0.9591037383333332,-0.11938082834813692
0.9593037383333345,-0.11933216587251827
0.9595037383333334,-0.11928316106613579
0.9597037383333338,-0.11923380986768264
0.9599037383333331,-0.11918410829425298
0.9601037383333335,-0.1191340524409783
0.9603037383333324,-0.11908363848066499
0.960503738333333,-0.11903286266342206
0.9607037383333332,-0.1189817213162902
0.9609037383333341,-0.11893021084286191
0.9611037383333341,-0.11887832772290108
0.961303738333334,-0.11882606851195625
0.9615037383333331,-0.11877342984097136
0.9617037383333331,-0.11872040841589133
0.9619037383333329,-0.11866700101726643
0.9621037383333315,-0.1186132044998498
0.962303738333333,-0.11855901579219204
0.9625037383333337,-0.11850443189623605
0.9627037383333346,-0.11844944988690251
0.9629037383333336,-0.11839406691167609
0.9631037383333341,-0.11833828019018552
0.9633037383333329,-0.11828208701378448
0.9635037383333336,-0.11822548474512369
0.9637037383333324,-0.11816847081772618
0.9639037383333331,-0.11811104273555269
0.9641037383333333,-0.11805319807257086
0.9643037383333335,-0.11799493447231645
0.9645037383333344,-0.1179362496474537
0.9647037383333339,-0.11787714137933379
0.9649037383333332,-0.11781760751754838
0.9651037383333332,-0.11775764597948199
0.9653037383333332,-0.11769725474986245
0.965503738333332,-0.11763643188030753
0.9657037383333331,-0.11757517548886814
0.9659037383333335,-0.11751348375957389
0.9661037383333344,-0.11745135494197008
0.9663037383333335,-0.11738878735065751
0.9665037383333339,-0.11732577936482586
0.9667037383333337,-0.11726232942779048
0.9669037383333334,-0.11719843604652114
0.9671037383333327,-0.11713409779117329
0.9673037383333327,-0.11706931329461481
0.9675037383333327,-0.11700408125195327
0.9677037383333331,-0.11693840042005865
0.9679037383333344,-0.11687226961708691
0.9681037383333333,-0.11680568772200173
0.9683037383333335,-0.11673865367409028
0.9685037383333333,-0.11667116647248561
0.9687037383333332,-0.11660322517568002
0.9689037383333323,-0.1165348289010419
0.9691037383333334,-0.11646597682432752
0.9693037383333332,-0.11639666817919703
0.9695037383333345,-0.11632690225672146
0.9697037383333336,-0.116256678404898
0.969903738333334,-0.11618599602815374
0.9701037383333335,-0.1161148545868588
0.9703037383333335,-0.11604325359683068
0.9705037383333328,-0.11597119262884228
0.9707037383333323,-0.11589867130812675
0.9709037383333323,-0.11582568931388272
0.971103738333333,-0.11575224637877875
0.9713037383333345,-0.11567834228845665
0.9715037383333329,-0.11560397688103664
0.9717037383333338,-0.11552915004661432
0.9719037383333331,-0.11545386172677011
0.9721037383333335,-0.11537811191406509
0.9723037383333324,-0.11530190065154652
0.9725037383333337,-0.11522522803224489
0.9727037383333337,-0.11514809419868001
0.9729037383333341,-0.11507049934235683
0.9731037383333341,-0.11499244370326908
0.9733037383333338,-0.11491392756939872
0.9735037383333336,-0.1148349512762164
0.9737037383333331,-0.11475551520618288
0.9739037383333329,-0.11467561978824888
0.9741037383333322,-0.11459526549735696
0.9743037383333328,-0.11451445285394099
0.9745037383333333,-0.1144331824234299
0.9747037383333343,-0.11435145481574727
0.974903738333333,-0.11426927068481563
0.9751037383333343,-0.11418663072805413
0.9753037383333332,-0.11410353568588909
0.9755037383333336,-0.11401998634124919
0.9757037383333322,-0.11393598351907658
0.9759037383333331,-0.11385152808582535
0.9761037383333331,-0.11376662094897255
0.9763037383333335,-0.11368126305651982
0.9765037383333339,-0.11359545539650218
0.9767037383333337,-0.11350919899649525
0.9769037383333334,-0.11342249492312298
0.9771037383333332,-0.11333534428156758
0.9773037383333327,-0.11324774821507963
0.9775037383333318,-0.11315970790448909
0.9777037383333329,-0.11307122456771654
0.9779037383333331,-0.11298229945928967
0.9781037383333344,-0.11289293386985333
0.9783037383333335,-0.11280312912568947
0.9785037383333339,-0.11271288658822877
0.9787037383333337,-0.11262220765357359
0.9789037383333334,-0.11253109375201394
0.9791037383333328,-0.11243954634754959
0.979303738333333,-0.1123475669374106
0.9795037383333332,-0.11225515705158262
0.9797037383333334,-0.11216231825233004
0.9799037383333342,-0.11206905213372222
0.9801037383333338,-0.11197536032116301
0.9803037383333335,-0.1118812444709168
0.9805037383333328,-0.11178670626964245
0.9807037383333328,-0.11169174743392332
0.9809037383333323,-0.1115963697098038
0.9811037383333334,-0.11150057487232226
0.9813037383333334,-0.11140436472505229
0.9815037383333338,-0.11130774109963795
0.9817037383333336,-0.11121070585533782
0.981903738333334,-0.11111326087856573
0.9821037383333338,-0.11101540808243776
0.9823037383333335,-0.11091714940631675
0.9825037383333328,-0.11081848681536219
0.9827037383333326,-0.11071942230007983
0.9829037383333328,-0.1106199578758749
0.9831037383333328,-0.11052009558260678
0.9833037383333341,-0.1104198374841438
0.9835037383333332,-0.11031918566792591
0.9837037383333338,-0.11021814224451867
0.9839037383333331,-0.1101167093471835
0.9841037383333331,-0.11001488913143659
0.9843037383333324,-0.10991268377462027
0.9845037383333335,-0.10981009547546872
0.9847037383333337,-0.10970712645368415
0.9849037383333339,-0.10960377894950613
0.9851037383333341,-0.10950005522329004
0.9853037383333338,-0.10939595755508527
0.9855037383333336,-0.109291488244215
0.9857037383333336,-0.10918664960886046
0.9859037383333329,-0.10908144398564618
0.9861037383333324,-0.10897587372922676
0.9863037383333328,-0.10886994121187815
0.986503738333333,-0.10876364882309103
0.9867037383333339,-0.10865699896916409
0.986903738333333,-0.10854999407280447
0.9871037383333341,-0.1084426365727229
0.987303738333333,-0.10833492892324384
0.9875037383333338,-0.10822687359390196
0.9877037383333325,-0.10811847306905892
0.9879037383333331,-0.10800972984750458
0.9881037383333331,-0.10790064644207824
0.9883037383333335,-0.10779122537927836
0.9885037383333342,-0.1076814691988835
0.9887037383333337,-0.10757138045357291
0.9889037383333332,-0.10746096170854808
0.989103738333333,-0.10735021554116067
0.989303738333333,-0.10723914454054087
0.989503738333332,-0.10712775130722937
0.9897037383333334,-0.1070160384528086
0.9899037383333331,-0.10690400859954594
0.9901037383333344,-0.1067916643800254
0.9903037383333335,-0.106679008436798
0.9905037383333342,-0.10656604342201859
0.990703738333333,-0.10645277199710221
0.9909037383333337,-0.10633919683236676
0.991103738333333,-0.10622532060669418
0.9913037383333334,-0.10611114600717977
0.9915037383333334,-0.10599667572879685
0.9917037383333334,-0.1058819124740552
0.9919037383333342,-0.1057668589526665
0.9921037383333338,-0.10565151788121424
0.9923037383333333,-0.10553589198282015
0.992503738333333,-0.10541998398682027
0.992703738333333,-0.10530379662844042
0.9929037383333319,-0.1051873326484759
0.9931037383333334,-0.10507059479296961
0.9933037383333334,-0.10495358581290448
0.9935037383333345,-0.10483630846388237
0.9937037383333334,-0.10471876550582201
0.993903738333334,-0.1046009597026448
0.9941037383333335,-0.10448289382197921
0.9943037383333335,-0.10436457063485341
0.9945037383333326,-0.10424599291540175
0.994703738333333,-0.1041271634405658
0.994903738333333,-0.10400808498980682
0.995103738333333,-0.10388876034481281
0.9953037383333343,-0.10376919228921308
0.9955037383333334,-0.10364938360829822
0.9957037383333336,-0.1035293370887327
0.9959037383333331,-0.10340905551828446
0.9961037383333331,-0.10328854168554547
0.9963037383333326,-0.10316779837966296
0.9965037383333335,-0.10304682839006768
0.9967037383333333,-0.10292563450621234
0.9969037383333339,-0.10280421951730324
0.9971037383333334,-0.10268258621204535
0.9973037383333336,-0.10256073737838042
0.9975037383333338,-0.1024386758032364
0.9977037383333336,-0.10231640427227462
0.9979037383333329,-0.10219392556964087
0.9981037383333329,-0.10207124247771979
0.9983037383333326,-0.10194835777689383
0.9985037383333331,-0.10182527424530116
0.9987037383333339,-0.10170199465860058
0.9989037383333328,-0.1015785217897382
0.9991037383333341,-0.10145485840871055
0.9993037383333332,-0.10133100728234626
0.9995037383333338,-0.10120697117406974
0.9997037383333325,-0.10108275284368834
0.9999037383333336,-0.10095835504716315
1.000103738633333,-0.1008337803494096
1.0003037386333316,-0.10070903187178748
1.0005037386333338,-0.10058411217071433
1.0007037386333333,-0.10045902398465237
1.0009037386333342,-0.10033377004716001
1.0011037386333341,-0.10020835308669952
1.001303738633334,-0.10008277582643127
1.0015037386333345,-0.09995704098401856
1.0017037386333327,-0.09983115127143515
1.0019037386333327,-0.09970510939476747
1.0021037386333322,-0.09957891805403393
1.0023037386333338,-0.09945257994299185
1.0025037386333335,-0.09932609774896117
1.0027037386333335,-0.09919947415263633
1.002903738633333,-0.09907271182791358
1.0031037386333348,-0.09894581344171223
1.0033037386333332,-0.09881878165380939
1.0035037386333332,-0.09869161911665864
1.0037037386333316,-0.0985643284752344
1.003903738633333,-0.09843691236685802
1.0041037386333334,-0.09830937342104581
1.004303738633334,-0.09818171425934198
1.0045037386333338,-0.09805393749516647
1.0047037386333337,-0.0979260457336585
1.0049037386333344,-0.09779804157152726
1.0051037386333328,-0.09766992759690507
1.0053037386333323,-0.09754170638919533
1.0055037386333323,-0.09741338051893567
1.005703738633334,-0.09728495254765326
1.0059037386333332,-0.0971564250277316
1.0061037386333336,-0.0970278005022657
1.0063037386333331,-0.09689908150493831
1.0065037386333344,-0.09677027055988209
1.006703738633333,-0.09664137018155917
1.006903738633333,-0.09651238287462552
1.0071037386333324,-0.09638331113381693
1.0073037386333328,-0.09625415744382203
1.0075037386333336,-0.09612492427916808
1.0077037386333338,-0.09599561410410354
1.0079037386333336,-0.09586622937248385
1.0081037386333336,-0.09573677252766054
1.0083037386333347,-0.09560724600237315
1.0085037386333333,-0.09547765221864538
1.0087037386333322,-0.09534799358767475
1.0089037386333324,-0.09521827250973575
1.0091037386333337,-0.09508849137408046
1.0093037386333332,-0.09495865255884248
1.009503738633334,-0.0948287584309366
1.0097037386333327,-0.09469881134597455
1.0099037386333345,-0.0945688136481648
1.0101037386333336,-0.09443876767023769
1.0103037386333331,-0.09430867573334675
1.0105037386333324,-0.09417854014699326
1.0107037386333326,-0.09404836320894175
1.0109037386333335,-0.09391814720514258
1.0111037386333335,-0.09378789440965524
1.0113037386333332,-0.09365760708457112
1.0115037386333332,-0.0935272874799426
1.0117037386333352,-0.09339693783371131
1.011903738633333,-0.09326656037164588
1.012103738633333,-0.09313615730726219
1.012303738633332,-0.09300573084177342
1.0125037386333333,-0.09287528316401754
1.0127037386333333,-0.09274481645040544
1.0129037386333342,-0.0926143328648549
1.0131037386333337,-0.09248383455874058
1.0133037386333337,-0.09235332367083463
1.013503738633334,-0.09222280232725791
1.0137037386333332,-0.09209227264142994
1.0139037386333323,-0.09196173671401699
1.0141037386333327,-0.0918311966328878
1.0143037386333336,-0.09170065447307038
1.0145037386333335,-0.09157011229670795
1.014703738633333,-0.09143957215301676
1.014903738633333,-0.0913090360782479
1.0151037386333348,-0.09117850609565001
1.0153037386333332,-0.0910479842154381
1.0155037386333332,-0.09091747243474971
1.015703738633332,-0.09078697273762393
1.0159037386333334,-0.09065648709496256
1.0161037386333336,-0.0905260174645103
1.016303738633334,-0.0903955657908203
1.0165037386333338,-0.09026513400523362
1.0167037386333333,-0.09013472402585382
1.0169037386333342,-0.09000433775752513
1.017103738633333,-0.08987397709181671
1.0173037386333328,-0.08974364390699666
1.0175037386333323,-0.089613340068022
1.017703738633334,-0.08948306742651865
1.0179037386333334,-0.08935282782077451
1.0181037386333336,-0.08922262307571771
1.0183037386333331,-0.08909245500291432
1.0185037386333344,-0.08896232540055367
1.018703738633333,-0.08883223605344764
1.0189037386333335,-0.08870218873301466
1.0191037386333324,-0.08857218519728564
1.0193037386333332,-0.08844222719089152
1.0195037386333334,-0.08831231644506986
1.0197037386333339,-0.08818245467765834
1.0199037386333336,-0.08805264359309915
1.0201037386333334,-0.0879228848824395
1.0203037386333342,-0.08779318022333585
1.0205037386333333,-0.0876635312800622
1.0207037386333322,-0.08753393970351092
1.0209037386333324,-0.08740440713120348
1.0211037386333341,-0.08727493518730037
1.0213037386333332,-0.08714552548261348
1.0215037386333337,-0.08701617961460931
1.0217037386333327,-0.08688689916743177
1.0219037386333345,-0.08675768571190717
1.0221037386333336,-0.08662854080557023
1.0223037386333336,-0.0864994659926684
1.0225037386333324,-0.08637046280418893
1.0227037386333326,-0.0862415327578711
1.022903738633333,-0.08611267735823143
1.0231037386333335,-0.08598389809658152
1.023303738633334,-0.08585519645105082
1.0235037386333332,-0.08572657388661051
1.0237037386333343,-0.08559803185509457
1.0239037386333332,-0.08546957179523199
1.024103738633333,-0.08534119513266405
1.0243037386333325,-0.08521290327997919
1.0245037386333335,-0.08508469763673643
1.0247037386333329,-0.08495657958950012
1.024903738633334,-0.08482855051186236
1.0251037386333333,-0.0847006117644833
1.0253037386333341,-0.08457276469511445
1.0255037386333337,-0.0844450106386398
1.0257037386333332,-0.08431735091710366
1.0259037386333327,-0.08418978683974868
1.0261037386333327,-0.08406231970305068
1.0263037386333334,-0.08393495079075568
1.026503738633333,-0.08380768137391828
1.0267037386333335,-0.08368051271093681
1.026903738633333,-0.08355344604759657
1.0271037386333348,-0.08342648261710454
1.027303738633333,-0.0832996236401387
1.027503738633333,-0.08317287032487694
1.027703738633332,-0.08304622386705124
1.0279037386333334,-0.08291968544998171
1.0281037386333332,-0.08279325624462842
1.028303738633334,-0.08266693740962736
1.028503738633334,-0.08254073009134223
1.0287037386333338,-0.08241463542390574
1.0289037386333342,-0.08228865452926738
1.0291037386333333,-0.08216278851724244
1.0293037386333326,-0.08203703848555557
1.0295037386333328,-0.08191140551989179
1.029703738633334,-0.08178589069394517
1.0299037386333332,-0.08166049506947008
1.0301037386333334,-0.08153521969632496
1.0303037386333327,-0.08141006561253031
1.0305037386333349,-0.08128503384431275
1.030703738633333,-0.08116012540616731
1.0309037386333335,-0.08103534130089438
1.0311037386333317,-0.08091068251966749
1.0313037386333332,-0.08078615004207351
1.0315037386333334,-0.08066174483617894
1.0317037386333339,-0.08053746785857366
1.0319037386333336,-0.08041332005443125
1.0321037386333334,-0.08028930235756113
1.032303738633334,-0.08016541569046516
1.0325037386333333,-0.08004166096439531
1.0327037386333324,-0.07991803907940627
1.0329037386333324,-0.07979455092441383
1.0331037386333342,-0.0796711973772523
1.033303738633333,-0.07954797930473523
1.0335037386333332,-0.07942489756270407
1.0337037386333328,-0.07930195299609578
1.033903738633334,-0.07917914643899468
1.0341037386333332,-0.07905647871469781
1.0343037386333331,-0.0789339506357658
1.0345037386333327,-0.07881156300408926
1.034703738633333,-0.07868931661094408
1.034903738633333,-0.07856721223705468
1.035103738633334,-0.07844525065265087
1.0353037386333335,-0.07832343261753207
1.0355037386333332,-0.07820175888112368
1.0357037386333343,-0.07808023018254039
1.0359037386333332,-0.07795884725064993
1.0361037386333325,-0.07783761080412785
1.0363037386333325,-0.07771652155152427
1.036503738633334,-0.0775955801913237
1.0367037386333329,-0.07747478741201062
1.036903738633334,-0.07735414389212256
1.0371037386333326,-0.07723365030032411
1.0373037386333341,-0.07711330729545711
1.0375037386333337,-0.07699311552661547
1.0377037386333334,-0.07687307563319742
1.0379037386333327,-0.07675318824497437
1.0381037386333323,-0.07663345398215095
1.0383037386333331,-0.07651387345542884
1.0385037386333336,-0.07639444726607164
1.0387037386333335,-0.0762751760059653
1.038903738633333,-0.07615606025768232
1.0391037386333348,-0.07603710059454351
1.0393037386333333,-0.07591829758068785
1.0395037386333328,-0.07579965177112494
1.039703738633332,-0.07568116371180778
1.0399037386333332,-0.0755628339396909
1.0401037386333332,-0.07544466298279873
1.040303738633334,-0.0753266513602831
1.0405037386333333,-0.07520879958249246
1.0407037386333338,-0.07509110815102968
1.0409037386333337,-0.07497357755882086
1.0411037386333333,-0.07485620829017564
1.0413037386333324,-0.07473900082085136
1.0415037386333328,-0.07462195561811552
1.0417037386333337,-0.0745050731408116
1.0419037386333334,-0.07438835383942141
1.0421037386333332,-0.07427179815612617
1.0423037386333331,-0.07415540652487196
1.042503738633335,-0.07403917937143144
1.042703738633333,-0.07392311711347169
1.0429037386333335,-0.07380722016060673
1.0431037386333317,-0.07369148891447277
1.0433037386333333,-0.07357592376877933
1.0435037386333335,-0.07346052510938349
1.0437037386333339,-0.07334529331434297
1.0439037386333336,-0.07323022875398374
1.0441037386333336,-0.07311533179095975
1.044303738633334,-0.0730006027803165
1.0445037386333333,-0.07288604206955401
1.0447037386333324,-0.07277164999868603
1.0449037386333324,-0.07265742690030326
1.045103738633334,-0.07254337309963535
1.0453037386333333,-0.07242948891461462
1.0455037386333337,-0.07231577465593084
1.0457037386333332,-0.07220223062709943
1.0459037386333345,-0.07208885712451682
1.046103738633333,-0.07197565443752793
1.0463037386333334,-0.0718626228484774
1.046503738633332,-0.07174976263278028
1.046703738633333,-0.07163707405897278
1.0469037386333335,-0.07152455738878107
1.047103738633334,-0.07141221287717481
1.0473037386333335,-0.07130004077242989
1.0475037386333335,-0.07118804131618564
1.0477037386333343,-0.07107621474350592
1.0479037386333332,-0.07096456128293938
1.0481037386333325,-0.07085308115657342
1.048303738633333,-0.07074177458009688
1.048503738633334,-0.0706306417628578
1.0487037386333333,-0.0705196829079221
1.0489037386333333,-0.0704088982121277
1.0491037386333328,-0.0702982878661467
1.0493037386333344,-0.07018785205453883
1.0495037386333332,-0.0700775909558146
1.0497037386333337,-0.06996750474248328
1.0499037386333328,-0.06985759358111825
1.0501037386333332,-0.06974785763240662
1.0503037386333336,-0.06963829705121038
1.0505037386333336,-0.06952891198661978
1.050703738633333,-0.06941970258200891
1.050903738633333,-0.06931066897509092
1.0511037386333344,-0.06920181129797359
1.0513037386333335,-0.06909312967721642
1.0515037386333328,-0.06898462423387947
1.0517037386333328,-0.06887629508358187
1.0519037386333339,-0.06876814233655487
1.0521037386333332,-0.06866016609769705
1.0523037386333338,-0.06855236646662262
1.052503738633333,-0.06844474353772127
1.052703738633334,-0.0683372974002039
1.0529037386333338,-0.06823002813816251
1.0531037386333333,-0.06812293583061618
1.0533037386333328,-0.06801602055156586
1.0535037386333328,-0.0679092823700454
1.0537037386333337,-0.06780272135017298
1.0539037386333332,-0.06769633755120338
1.0541037386333332,-0.06759013102757538
1.0543037386333332,-0.06748410182896522
1.054503738633335,-0.06737825000033443
1.0547037386333327,-0.06727257558198473
1.054903738633333,-0.06716707860959698
1.0551037386333324,-0.0670617591142924
1.0553037386333335,-0.0669566171226724
1.0555037386333335,-0.06685165265687351
1.0557037386333339,-0.0667468657346105
1.0559037386333336,-0.06664225636922774
1.0561037386333336,-0.06653782456974455
