x,result_minus_fin2ual
42.604,0.007597315888783086
42.606,0.007595016323822512
42.608,0.007592711231108698
42.61,0.007590400595080565
42.612,0.007588084400127375
42.614,0.007585762630588555
42.616,0.00758343527075348
42.618,0.007581102304861363
42.62,0.007578763717101038
42.622,0.007576419491610766
42.624,0.0075740696124781065
42.626,0.007571714063739699
42.628,0.007569352829381084
42.63,0.0075669858933365575
42.632,0.007564613239488953
42.634,0.007562234851669469
42.636,0.007559850713657499
42.638,0.007557460809180443
42.64,0.007555065121913503
42.642,0.007552663635479534
42.644,0.007550256333448847
42.646,0.007547843199338983
42.648,0.0075454242166145945
42.65,0.007542999368687217
42.652,0.007540568638915066
42.654,0.007538132010602899
42.656,0.007535689467001791
42.658,0.007533240991308924
42.66,0.007530786566667461
42.662,0.007528326176166278
42.664,0.0075258598028398365
42.666,0.007523387429667964
42.668,0.0075209090395756285
42.67,0.007518424615432806
42.672,0.0075159341400542505
42.674,0.007513437596199274
42.676,0.007510934966571603
42.678,0.007508426233819157
42.68,0.007505911380533816
42.682,0.0075033903892512835
42.684,0.007500863242450852
42.686,0.007498329922555185
42.688,0.007495790411930155
42.69,0.00749324469288463
42.692,0.007490692747670234
42.694,0.0074881345584811975
42.696,0.007485570107454132
42.698,0.007482999376667789
42.7,0.007480422348142915
42.702,0.007477839003842012
42.704,0.007475249325669111
42.706,0.007472653295469608
42.708,0.0074700508950300325
42.71,0.0074674421060778136
42.712,0.007464826910281109
42.714,0.007462205289248591
42.716,0.007459577224529176
42.718,0.007456942697611893
42.72,0.00745430168992563
42.722,0.007451654182838886
42.724,0.007449000157659632
42.726,0.007446339595635007
42.728,0.0074436724779511805
42.73,0.007440998785733095
42.732,0.007438318500044219
42.734,0.0074356316018863895
42.736,0.007432938072199558
42.738,0.007430237891861542
42.74,0.007427531041687862
42.742,0.0074248175024314795
42.744,0.00742209725478256
42.746,0.007419370279368292
42.748,0.0074166365567526335
42.75,0.007413896067436062
42.752,0.0074111487918554035
42.754,0.007408394710383575
42.756,0.007405633803329314
42.758,0.007402866050937022
42.76,0.007400091433386503
42.762,0.00739730993079269
42.764,0.007394521523205481
42.766,0.007391726190609467
42.768,0.007388923912923683
42.77,0.00738611467000141
42.772,0.007383298441629921
42.774,0.00738047520753022
42.776,0.007377644947356843
42.778,0.007374807640697614
42.78,0.00737196326707335
42.782,0.007369111805937702
42.784,0.007366253236676841
42.786,0.007363387538609261
42.788,0.007360514690985523
42.79,0.0073576346729879874
42.792,0.007354747463730599
42.794,0.007351853042258632
42.796,0.007348951387548416
42.798,0.007346042478507127
42.8,0.007343126293972519
42.802,0.007340202812712654
42.804,0.007337272013425678
42.806,0.007334333874739581
42.808,0.007331388375211868
42.81,0.007328435493329408
42.812,0.0073254752075081146
42.814,0.00732250749609267
42.816,0.007319532337356336
42.818,0.007316549709500652
42.82,0.007313559590655154
42.822,0.007310561958877169
42.824,0.007307556792151526
42.826,0.007304544068390262
42.828,0.007301523765432413
42.83,0.00729849586104373
42.832,0.007295460332916376
42.834,0.007292417158668714
42.836,0.007289366315845029
42.838,0.0072863077819151955
42.84,0.0072832415342745024
42.842,0.0072801675502433315
42.844,0.007277085807066855
42.846,0.0072739962819148435
42.848,0.007270898951881306
42.85,0.007267793793984275
42.852,0.007264680785165522
42.854,0.007261559902290222
42.856,0.007258431122146764
42.858,0.007255294421446419
42.86,0.0072521497768230385
42.862,0.007248997164832828
42.864,0.0072458365619540496
42.866,0.007242667944586681
42.868,0.00723949128905221
42.87,0.00723630657159332
42.872,0.007233113768373561
42.874,0.007229912855477118
42.876,0.007226703808908515
42.878,0.0072234866045922715
42.88,0.007220261218372673
42.882,0.007217027626013461
42.884,0.007213785803197492
42.886,0.007210535725526525
42.888,0.007207277368520867
42.89,0.007204010707619068
42.892,0.00720073571817767
42.894,0.007197452375470888
42.896,0.007194160654690259
42.898,0.007190860530944428
42.9,0.007187551979258794
42.902,0.007184234974575179
42.904,0.007180909491751585
42.906,0.007177575505561865
42.908,0.0071742329906953626
42.91,0.007170881921756704
42.912,0.007167522273265376
42.914,0.0071641540196555106
42.916,0.007160777135275529
42.918,0.0071573915943877915
42.92,0.007153997371168362
42.922,0.007150594439706645
42.924,0.00714718277400504
42.926,0.007143762347978695
42.928,0.007140333135455144
42.93,0.007136895110173955
42.932,0.007133448245786478
42.934,0.007129992515855487
42.936,0.007126527893854816
42.938,0.007123054353169112
42.94,0.007119571867093461
42.942,0.00711608040883303
42.944,0.0071125799515028105
42.946,0.007109070468127246
42.948,0.007105551931639872
42.95,0.0071020243148830495
42.952,0.007098487590607589
42.954,0.007094941731472386
42.956,0.007091386710044158
42.958,0.007087822498797063
42.96,0.007084249070112324
42.962,0.007080666396277968
42.964,0.007077074449488437
42.966,0.0070734732018442135
42.968,0.007069862625351553
42.97,0.007066242691922092
42.972,0.007062613373372471
42.974,0.007058974641424068
42.976,0.0070553264677025536
42.978,0.00705166882373762
42.98,0.0070480016809626
42.982,0.007044325010714066
42.984,0.007040638784231557
42.986,0.007036942972657188
42.988,0.0070332375470352395
42.99,0.0070295224783118926
42.992,0.007025797737334815
42.994,0.007022063294852776
42.996,0.007018319121515343
42.998,0.007014565187872501
43.0,0.007010801464374222
43.002,0.0070070279213702005
43.004,0.007003244529109431
43.006,0.0069994512577398055
43.008,0.006995648077307818
43.01,0.006991834957758161
43.012,0.006988011868933301
43.014,0.006984178780573188
43.016,0.006980335662314845
43.018,0.006976482483691947
43.02,0.006972619214134519
43.022,0.006968745822968525
43.024,0.006964862279415428
43.026,0.006960968552591916
43.028,0.006957064611509457
43.03,0.006953150425073875
43.032,0.006949225962085068
43.034,0.006945291191236502
43.036,0.006941346081114926
43.038,0.006937390600199931
43.04,0.006933424716863529
43.042,0.006929448399369828
43.044,0.0069254616158746125
43.046,0.00692146433442489
43.048,0.006917456522958595
43.05,0.006913438149304129
43.052,0.006909409181179941
43.054,0.00690536958619419
43.056,0.006901319331844318
43.058,0.006897258385516593
43.06,0.006893186714485791
43.062,0.006889104285914756
43.064,0.006885011066853941
43.066,0.006880907024241081
43.068,0.0068767921249007595
43.07,0.006872666335543934
43.072,0.006868529622767622
43.074,0.006864381953054436
43.076,0.0068602232927721316
43.078,0.006856053608173278
43.08,0.006851872865394796
43.082,0.006847681030457491
43.084,0.006843478069265729
43.086,0.006839263947606965
43.088,0.006835038631151281
43.09,0.006830802085451048
43.092,0.006826554275940457
43.094,0.006822295167935052
43.096,0.006818024726631399
43.098,0.006813742917106551
43.1,0.006809449704317705
43.102,0.006805145053101752
43.104,0.006800828928174769
43.106,0.0067965012941317016
43.108,0.006792162115445869
43.11,0.006787811356468493
43.112,0.0067834489814283475
43.114,0.00677907495443127
43.116,0.006774689239459685
43.118,0.0067702918003722575
43.12,0.006765882600903399
43.122,0.006761461604662771
43.124,0.006757028775134959
43.126,0.006752584075678957
43.128,0.006748127469527685
43.13,0.006743658919787645
43.132,0.006739178389438401
43.134,0.006734685841332112
43.136,0.006730181238193157
43.138,0.006725664542617643
43.14,0.006721135717072906
43.142,0.006716594723897146
43.144,0.006712041525298949
43.146,0.006707476083356744
43.148,0.006702898360018484
43.15,0.00669830831710111
43.152,0.006693705916290064
43.154,0.006689091119138915
43.156,0.006684463887068864
43.158,0.0066798241813682095
43.16,0.006675171963192032
43.162,0.0066705071935615826
43.164,0.006665829833363929
43.166,0.006661139843351455
43.168,0.006656437184141339
43.17,0.006651721816215188
43.172,0.006646993699918521
43.174,0.006642252795460256
43.176,0.006637499062912332
43.178,0.006632732462209193
43.18,0.006627952953147285
43.182,0.006623160495384651
43.184,0.006618355048440444
43.186,0.0066135365716943825
43.188,0.006608705024386388
43.19,0.006603860365616054
43.192,0.0065990025543421335
43.194,0.006594131549382156
43.196,0.0065892473094119
43.198,0.00658434979296487
43.2,0.0065794389584319275
43.202,0.006574514764060754
43.204,0.006569577167955318
43.206,0.006564626128075519
43.208,0.006559661602236637
43.21,0.006554683548108812
43.212,0.0065496919232166636
43.214,0.006544686684938771
43.216,0.006539667790507115
43.218,0.0065346351970067326
43.22,0.006529588861375161
43.222,0.006524528740401912
43.224,0.006519454790728118
43.226,0.006514366968845895
43.228,0.006509265231098
43.23,0.006504149533677287
43.232,0.0064990198326261624
43.234,0.006493876083836234
43.236,0.006488718243047744
43.238,0.006483546265849056
43.24,0.006478360107676268
43.242,0.006473159723812673
43.244,0.0064679450693882305
43.246,0.006462716099379182
43.248,0.0064574727686075185
43.25,0.006452215031740443
43.252,0.006446942843289992
43.254,0.0064416561576125
43.256,0.006436354928908056
43.258,0.006431039111220147
43.26,0.006425708658435097
43.262,0.0064203635242815384
43.264,0.006415003662330049
43.266,0.0064096290259926
43.268,0.006404239568522025
43.27,0.006398835243011651
43.272,0.006393416002394757
43.274,0.006387981799444031
43.276,0.006382532586771223
43.278,0.0063770683168265785
43.28,0.006371588941898325
43.282,0.006366094414112315
43.284,0.006360584685431396
43.286,0.006355059707655063
43.288,0.006349519432418929
43.29,0.006343963811194184
43.292,0.006338392795287241
43.294,0.006332806335839188
43.296,0.006327204383825273
43.298,0.006321586890054527
43.3,0.006315953805169245
43.302,0.006310305079644444
43.304,0.0063046406637875235
43.306,0.006298960507737714
43.308,0.006293264561465554
43.31,0.006287552774772558
43.312,0.006281825097290655
43.314,0.006276081478481679
43.316,0.0062703218676370305
43.318,0.006264546213877123
43.32,0.006258754466150885
43.322,0.006252946573235402
43.324,0.006247122483735396
43.326,0.006241282146082701
43.328,0.006235425508535924
43.33,0.006229552519179926
43.332,0.0062236631259253074
43.334,0.0062177572765080655
43.336,0.006211834918489072
43.338,0.006205895999253576
43.34,0.006199940466010853
43.342,0.006193968265793704
43.344,0.0061879793454579415
43.346,0.006181973651682074
43.348,0.00617595113096671
43.35,0.006169911729634241
43.352,0.006163855393828347
43.354,0.006157782069513475
43.356,0.006151691702474539
43.358,0.006145584238316411
43.36,0.0061394596224634106
43.362,0.006133317800158996
43.364,0.006127158716465289
43.366,0.0061209823162625375
43.368,0.006114788544248845
43.37,0.0061085773449396545
43.372,0.006102348662667266
43.374,0.006096102441580533
43.376,0.0060898386256443724
43.378,0.006083557158639282
43.38,0.0060772579841610426
43.382,0.006070941045620227
43.384,0.006064606286241732
43.386,0.006058253649064475
43.388,0.006051883076940932
43.39,0.006045494512536635
43.392,0.006039087898329912
43.394,0.006032663176611412
43.396,0.006026220289483613
43.398,0.0060197591788605665
43.4,0.006013279786467418
43.402,0.0060067820538399486
43.404,0.0060002659223242875
43.406,0.005993731333076475
43.408,0.005987178227061973
43.41,0.005980606545055448
43.412,0.005974016227640178
43.414,0.00596740721520784
43.416,0.005960779447958042
43.418,0.00595413286589787
43.42,0.005947467408841637
43.422,0.005940783016410435
43.424,0.005934079628031677
43.426,0.005927357182938875
43.428,0.005920615620171167
43.43,0.005913854878572885
43.432,0.005907074896793325
43.434,0.005900275613286288
43.436,0.005893456966309658
43.438,0.00588661889392515
43.44,0.0058797613339979056
43.442,0.00587288422419602
43.444,0.005865987501990345
43.446,0.0058590711046540445
43.448,0.005852134969262161
43.45,0.005845179032691404
43.452,0.005838203231619717
43.454,0.005831207502525849
43.456,0.00582419178168914
43.458,0.005817156005189106
43.46,0.005810100108905004
43.462,0.005803024028515622
43.464,0.005795927699498863
43.466,0.005788811057131327
43.468,0.005781674036488089
43.47,0.005774516572442314
43.472,0.005767338599664798
43.474,0.00576014005262381
43.476,0.005752920865584564
43.478,0.005745680972609029
43.48,0.00573842030755552
43.482,0.005731138804078276
43.484,0.0057238363956272735
43.486,0.005716513015447799
43.488,0.005709168596580044
43.49,0.0057018030718589095
43.492,0.005694416373913585
43.494,0.005687008435167135
43.496,0.005679579187836303
43.498,0.005672128563931112
43.5,0.005664656495254414
43.502,0.0056571629134017365
43.504,0.0056496477497608374
43.506,0.0056421109355112836
43.508,0.00563455240162428
43.51,0.005626972078862229
43.512,0.00561936989777831
43.514,0.005611745788716283
43.516,0.005604099681810075
43.518,0.005596431506983329
43.52,0.005588741193949232
43.522,0.005581028672210057
43.524,0.005573293871056742
43.526,0.005565536719568688
43.528,0.005557757146613317
43.53,0.0055499550808456154
43.532,0.005542130450707975
43.534,0.0055342831844295975
43.536,0.0055264132100263045
43.538,0.00551852045530009
43.54,0.005510604847838647
43.542,0.00550266631501517
43.544,0.005494704783987857
43.546,0.005486720181699449
43.548,0.005478712434877001
43.55,0.00547068147003139
43.552,0.005462627213456837
43.554,0.005454549591230647
43.556,0.005446448529212726
43.558,0.005438323953045058
43.56,0.00543017578815145
43.562,0.005422003959737033
43.564,0.005413808392787704
43.566,0.0054055890120698665
43.568,0.00539734574212989
43.57,0.005389078507293563
43.572,0.005380787231665786
43.574,0.005372471839130019
43.576,0.005364132253347696
43.578,0.005355768397757926
43.58,0.005347380195576875
43.582,0.005338967569797192
43.584,0.005330530443187639
43.586,0.005322068738292493
43.588,0.005313582377430892
43.59,0.005305071282696493
43.592,0.005296535375956773
43.594,0.005287974578852408
43.596,0.005279388812796869
43.598,0.0052707779989756
43.6,0.0052621420583456
43.602,0.005253480911634722
43.604,0.00524479447934093
43.606,0.005236082681731847
43.608,0.005227345438843987
43.61,0.0052185826704819836
43.612,0.005209794296218086
43.614,0.005200980235391341
43.616,0.005192140407106788
43.618,0.005183274730234897
43.62,0.005174383123410707
43.622,0.005165465505032979
43.624,0.005156521793263552
43.626,0.005147551906026469
43.628,0.005138555761007024
43.63,0.00512953327565112
43.632,0.005120484367164295
43.634,0.0051114089525107235
43.636,0.005102306948412509
43.638,0.005093178271348653
43.64,0.00508402283755399
43.642,0.005074840563018412
43.644,0.0050656313634857624
43.646,0.0050563951544527206
43.648,0.0050471318511679415
43.65,0.005037841368630877
43.652,0.005028523621590588
43.654,0.005019178524544801
43.656,0.005009805991738671
43.658,0.005000405937163487
43.66,0.004990978274555703
43.662,0.004981522917395426
43.664,0.004972039778905394
43.666,0.004962528772049566
43.668,0.0049529898095317
43.67,0.004943422803794194
43.672,0.004933827667016595
43.674,0.004924204311114069
43.676,0.004914552647736152
43.678,0.004904872588265151
43.68,0.004895164043814517
43.682,0.004885426925227495
43.684,0.004875661143075409
43.686,0.004865866607655936
43.688,0.004856043228991629
43.69,0.00484619091682811
43.692,0.004836309580632209
43.694,0.0048263991295903865
43.696,0.004816459472606781
43.698,0.004806490518301255
43.7,0.004796492175007667
43.702,0.004786464350771809
43.704,0.004776406953349319
43.706,0.004766319890203801
43.708,0.004756203068504668
43.71,0.004746056395124859
43.712,0.004735879776638894
43.714,0.004725673119320495
43.716,0.004715436329140212
43.718,0.00470516931176331
43.72,0.004694871972547249
43.722,0.004684544216539151
43.724,0.004674185948473555
43.726,0.0046637970727695785
43.728,0.004653377493528575
43.73,0.0046429271145313694
43.732,0.004632445839235418
43.734,0.004621933570772288
43.736,0.00461139021194468
43.738,0.004600815665223465
43.74,0.004590209832744929
43.742,0.004579572616307669
43.744,0.004568903917369401
43.746,0.004558203637044051
43.748,0.004547471676098439
43.75,0.004536707934948911
43.752,0.0045259123136582174
43.754,0.004515084711932025
43.756,0.004504225029115313
43.758,0.004493333164189076
43.76,0.004482409015766612
43.762,0.0044714524820897205
43.764,0.0044604634610251855
43.766,0.004449441850060838
43.768,0.004438387546301553
43.77,0.00442730044646549
43.772,0.004416180446879958
43.774,0.004405027443477145
43.776,0.004393841331790169
43.778,0.004382622006948668
43.78,0.004371369363674322
43.782,0.004360083296276682
43.784,0.004348763698648328
43.786,0.004337410464260539
43.788,0.004326023486158479
43.79,0.004314602656956288
43.792,0.00430314786883246
43.794,0.004291659013524772
43.796,0.004280135982325102
43.798,0.004268578666074563
43.8,0.004256986955158134
43.802,0.004245360739499224
43.804,0.004233699908554527
43.806,0.004222004351308366
43.808,0.004210273956266981
43.81,0.004198508611453091
43.812,0.004186708204399974
43.814,0.004174872622145426
43.816,0.0041630017512260635
43.818,0.004151095477671063
43.82,0.004139153686995875
43.822,0.004127176264196166
43.824,0.004115163093741299
43.826,0.004103114059567701
43.828,0.0040910290450725025
43.83,0.004078907933106714
43.832,0.004066750605968258
43.834,0.004054556945395295
43.836,0.004042326832559065
43.838,0.004030060148056599
43.84,0.004017756771903719
43.842,0.004005416583527533
43.844,0.003993039461758811
43.846,0.003980625284824685
43.848,0.00396817393034061
43.85,0.003955685275302785
43.852,0.0039431591960801165
43.854,0.003930595568405995
43.856,0.003917994267370373
43.858,0.0039053551674113262
43.86,0.003892678142306488
43.862,0.003879963065164772
43.864,0.00386720980841757
43.866,0.0038544182438097962
43.868,0.0038415882423912667
43.87,0.0038287196745075006
43.872,0.0038158124097904186
43.874,0.003802866317149326
43.876,0.003789881264761338
43.878,0.0037768571200616947
43.88,0.003763793749734363
43.882,0.0037506910197020824
43.884,0.00373754879511629
43.886,0.0037243669403473154
43.888,0.0037111453189740684
43.89,0.003697883793773531
43.892,0.003684582226710591
43.894,0.003671240478927304
43.896,0.003657858410732017
43.898,0.003644435881588773
43.9,0.0036309727501061878
43.902,0.003617468874026161
43.904,0.003603924110212887
43.906,0.0035903383146413054
43.908,0.003576711342385427
43.91,0.0035630430476069758
43.912,0.0035493332835431803
43.914,0.0035355819024951787
43.916,0.0035217887558157655
43.918,0.00350795369389702
43.92,0.003494076566158225
43.922,0.0034801572210332327
43.924,0.00346619550595765
43.926,0.003452191267356371
43.928,0.0034381443506304905
43.93,0.0034240546001441056
43.932,0.0034099218592114214
43.934,0.0033957459700832485
43.936,0.0033815267739333915
43.938,0.003367264110845332
43.94,0.003352957819798325
43.942,0.0033386077386533593
43.944,0.003324213704139437
43.946,0.003309775551839248
43.948,0.0032952931161747212
43.95,0.003280766230392895
43.952,0.0032661947265511795
43.954,0.0032515784355024975
43.956,0.003236917186880752
43.958,0.003222210809085674
43.96,0.003207459129267563
43.962,0.003192661973312351
43.964,0.00317781916582605
43.966,0.0031629305301190897
43.968,0.003147995888190986
43.97,0.003133015060714399
43.972,0.003117987867019079
43.974,0.003102914125076181
43.976,0.0030877936514816873
43.978,0.003072626261440496
43.98,0.003057411768749829
43.982,0.003042149985782531
43.984,0.00302684072347074
43.986,0.003011483791288917
43.988,0.002996078997236789
43.99,0.0029806261478226466
43.992,0.002965125048046022
43.994,0.0029495755013802735
43.996,0.00293397730975553
43.998,0.0029183302735410347
44.0,0.002902634191527374
44.002,0.002886888860909106
44.004,0.0028710940772667497
44.006,0.002855249634548718
44.008,0.0028393553250535926
44.01,0.002823410939411834
44.012,0.002807416266567387
44.014,0.0027913710937596528
44.016,0.002775275206504926
44.018,0.0027591283885776714
44.02,0.002742930421992265
44.022,0.0027266810869841134
44.024,0.002710380161990696
44.026,0.00269402742363302
44.028,0.0026776226466965107
44.03,0.002661165604111786
44.032,0.0026446560669359537
44.034,0.0026280938043329715
44.036,0.0026114785835547943
44.038,0.002594810169921874
44.04,0.002578088326803599
44.042,0.0025613128155992084
44.044,0.0025444833957180965
44.046,0.0025275998245600888
44.048,0.002510661857496185
44.05,0.0024936692478487255
44.052,0.0024766217468714883
44.054,0.002459519103730356
44.056,0.0024423610654833033
44.058,0.00242514737706044
44.06,0.0024078777812445128
44.062,0.002390552018650888
44.064,0.0023731698277074473
44.066,0.002355730944635078
44.068,0.002338235103427546
44.07,0.002320682035831429
44.072,0.0023030714713265163
44.074,0.0022854031371057227
44.076,0.0022676767580549753
44.078,0.00224989205673366
44.08,0.0022320487533545657
44.082,0.002214146565763772
44.084,0.002196185209421238
44.086,0.002178164397380708
44.088,0.0021600838402697957
44.09,0.002141943246270579
44.092,0.0021237423210997194
44.094,0.002105480767988592
44.096,0.002087158287664148
44.098,0.002068774578328861
44.1,0.0020503293356416872
44.102,0.0020318222526984854
44.104,0.002013253020012485
44.106,0.001994621325495445
44.108,0.0019759268544383033
44.11,0.0019571692894919147
44.112,0.0019383483106485098
44.114,0.0019194635952226409
44.116,0.0019005148178322462
44.118,0.0018815016503804533
44.12,0.0018624237620368808
44.122,0.0018432808192191102
44.124,0.001824072485574849
44.126,0.0018047984219636964
44.128,0.0017854582864390168
44.13,0.0017660517342306045
44.132,0.0017465784177269168
44.134,0.0017270379864574338
44.136,0.0017074300870758832
44.138,0.0016877543633429934
44.14,0.0016680104561094377
44.142,0.001648198003299647
44.144,0.001628316639895165
44.146,0.0016083659979182537
44.148,0.0015883457064163348
44.15,0.0015682553914460606
44.152,0.0015480946760575908
44.154,0.001527863180279792
44.156,0.0015075605211050478
44.158,0.0014871863124743118
44.16,0.0014667401652631914
44.162,0.0014462216872671982
44.164,0.001425630483188423
44.166,0.0014049661546217136
44.168,0.0013842283000412379
44.17,0.0013634165147879693
44.172,0.0013425303910568707
44.174,0.0013215695178843924
44.176,0.0013005334811369718
44.178,0.0012794218634992627
44.18,0.0012582342444626736
44.182,0.001236970200314969
44.184,0.001215629304129607
44.186,0.001194211125755392
44.188,0.0011727152318072934
44.19,0.0011511411856569209
44.192,0.00112948854742345
44.194,0.0011077568739656495
44.196,0.0010859457188736573
44.198,0.0010640546324612171
44.2,0.0010420831617590246
44.202,0.0010200308505078802
44.204,0.0009978972391523101
44.206,0.0009756818648353465
44.208,0.0009533842613931292
44.21,0.0009310039593499915
44.212,0.0009085404859147748
44.214,0.0008859933649769513
44.216,0.0008633621171032883
44.218,0.0008406462595357649
44.22,0.0008178453061893284
44.222,0.0007949587676502005
44.224,0.0007719861511755917
44.226,0.0007489269606927376
44.228,0.0007257806967998215
44.23,0.000702546856766597
44.232,0.0006792249345357066
44.234,0.0006558144207253012
44.236,0.0006323148026315967
44.238,0.0006087255642320509
44.24,0.0005850461861899581
44.242,0.0005612761458589494
44.244,0.0005374149172881742
44.246,0.0005134619712289235
44.248,0.0004894167751411955
44.25,0.00046527879320096277
44.252,0.0004410474863089306
44.254,0.00041672231209923666
44.256,0.00039230272494893137
44.258,0.0003677881759889187
44.26,0.0003431781131149475
44.262,0.0003184719809993259
44.264,0.00029366922110419906
44.266,0.00026876927169488564
44.268,0.00024377156785393254
44.27,0.0002186755414968558
44.272,0.00019348062138783463
44.274,0.00016818623315630228
44.276,0.0001427917993151208
44.278,0.00011729673927887187
44.28,9.17004693829198e-05
44.282,6.600240290435301e-05
44.284,4.0201950082349724e-05
44.286,1.4298518140890698e-05
44.288,-1.1708488688621718e-05
44.29,-3.781966914376267e-05
44.292,-6.403562490577518e-05
44.294,-9.035696057415124e-05
44.296,-0.00011678428364025363
44.298,-0.00014331820445918388
44.3,-0.00016995933622148893
44.302,-0.0001967082949239276
44.304,-0.00022356569933839818
44.306,-0.0002505321709807256
44.308,-0.0002776083340784649
44.31,-0.00030479481553681576
44.312,-0.0003320922449044049
44.314,-0.00035950125433801584
44.316,-0.0003870224785654606
44.318,-0.000414656554848224
44.32,-0.00044240412294311443
44.322,-0.00047026582506192426
44.324,-0.0004982423058309138
44.326,-0.000526334212249284
44.328,-0.0005545421936455647
44.33,-0.0005828669016338852
44.332,-0.0006113089900691357
44.334,-0.0006398691150000697
44.336,-0.0006685479346222444
44.338,-0.0006973461092298332
44.34,-0.0007262643011653625
44.342,-0.0007553031747692691
44.344,-0.0007844633963282784
44.346,-0.0008137456340216211
44.348,-0.0008431505578676435
44.35,-0.000872678839667667
44.352,-0.000902331152949791
44.354,-0.0009321081729114118
44.356,-0.0009620105763597023
44.358,-0.0009920390416518435
44.36,-0.0010221942486339855
44.362,-0.0010524768785781513
44.364,-0.0010828876141188316
44.366,-0.0011134271391884092
44.368,-0.0011440961389503589
44.37,-0.001174895299732236
44.372,-0.001205825308957447
44.374,-0.001236886855074771
44.376,-0.001268080627487669
44.378,-0.001299407316482367
44.38,-0.0013308676131536783
44.382,-0.001362462209330598
44.384,-0.0013941917975006535
44.386,-0.0014260570707320137
44.388,-0.0014580587225953238
44.39,-0.0014901974470843526
44.392,-0.0015224739385343005
44.394,-0.0015548888915399139
44.396,-0.0015874430008723604
44.398,-0.001620136961393754
44.4,-0.0016529714679715483
44.402,-0.0016859472153915814
44.404,-0.0017190648982688891
44.406,-0.001752325210958276
44.408,-0.0017857288474636395
44.41,-0.0018192765013448527
44.412,-0.0018529688656251774
44.414,-0.001886806632695642
44.416,-0.0019207904942193446
44.418,-0.0019549211410345366
44.42,-0.0019891992630553454
44.422,-0.0020236255491723355
44.424,-0.002058200687151887
44.426,-0.0020929253635331626
44.428,-0.002127800263524991
44.43,-0.002162826070901503
44.432,-0.0021980034678954243
44.434,-0.0022333331350912807
44.436,-0.0022688157513173716
44.438,-0.002304451993535416
44.44,-0.0023402425367301197
44.442,-0.0023761880537975302
44.444,-0.0024122892154311
44.446,-0.0024485466900076407
44.448,-0.0024849611434721846
44.45,-0.0025215332392204415
44.452,-0.0025582636379813083
44.454,-0.0025951529976981583
44.456,-0.002632201973407945
44.458,-0.002669411217120169
44.46,-0.0027067813776948182
44.462,-0.0027443131007180693
44.464,-0.002782007028377916
44.466,-0.002819863799338806
44.468,-0.002857884048613984
44.47,-0.002896068407437941
44.472,-0.0029344175031378126
44.474,-0.002972931959002372
44.476,-0.003011612394152036
44.478,-0.0030504594234057967
44.48,-0.003089473657148508
44.482,-0.0031286557011971604
44.484,-0.0031680061566649736
44.486,-0.0032075256198257577
44.488,-0.003247214681977268
44.49,-0.003287073929302456
44.492,-0.0033271039427309797
44.494,-0.003367305297799902
44.496,-0.003407678564512113
44.498,-0.0034482243071952794
44.5,-0.0034889430843598676
44.502,-0.0035298354485550805
44.504,-0.0035709019462252505
44.506,-0.0036121431175654417
44.508,-0.003653559496375018
44.51,-0.0036951516099116687
44.512,-0.00373691997874483
44.514,-0.003778865116606937
44.516,-0.0038209875302453993
44.518,-0.0038632877192738904
44.52,-0.0039057661760216102
44.522,-0.003948423385383298
44.524,-0.0039912598246686585
44.526,-0.004034275963449805
44.528,-0.004077472263409538
44.53,-0.004120849178189095
44.532,-0.004164407153233839
44.534,-0.004208146625640799
44.536,-0.0042520680240034185
44.538,-0.0042961717682574365
44.54,-0.004340458269526316
44.542,-0.004384927929965003
44.544,-0.004429581142604607
44.546,-0.00447441829119684
44.548,-0.004519439750056741
44.55,-0.004564645883906511
44.552,-0.004610037047719161
44.554,-0.004655613586560501
44.556,-0.004701375835432347
44.558,-0.004747324119115654
44.56,-0.004793458752012028
44.562,-0.004839780037986607
44.564,-0.004886288270210919
44.566,-0.004932983731004214
44.568,-0.004979866691676294
44.57,-0.005026937412370373
44.572,-0.005074196141904519
44.574,-0.005121643117614717
44.576,-0.005169278565198049
44.578,-0.005217102698554545
44.58,-0.0052651157196307394
44.582,-0.0053133178182635035
44.584,-0.0053617091720225985
44.586,-0.0054102899460550715
44.588,-0.005459060292930008
44.59,-0.005508020352482138
44.592,-0.005557170251657346
44.594,-0.005606510104358744
44.596,-0.005656040011291363
44.598,-0.00570576005981013
44.6,-0.005755670323765666
44.602,-0.005805770863352513
44.604,-0.005856061724957989
44.606,-0.005906542941010097
44.608,-0.005957214529827809
44.61,-0.006008076495472041
44.612,-0.006059128827595869
44.614,-0.006110371501297144
44.616,-0.006161804476972031
44.618,-0.006213427700167799
44.62,-0.006265241101438199
44.622,-0.006317244596199858
44.624,-0.006369438084588034
44.626,-0.00642182145131511
44.628,-0.006474394565530199
44.63,-0.006527157280678243
44.632,-0.006580109434361957
44.634,-0.006633250848205069
44.636,-0.006686581327715057
44.638,-0.006740100662148991
44.64,-0.006793808624380665
44.642,-0.0068477049707674955
44.644,-0.0069017894410204825
44.646,-0.00695606175807576
44.648,-0.007010521627965855
44.65,-0.007065168739694318
44.652,-0.007120002765111912
44.654,-0.007175023358792762
44.656,-0.007230230157913867
44.658,-0.007285622782136446
44.66,-0.0073412008334870615
44.662,-0.007396963896243468
44.664,-0.007452911536819441
44.666,-0.007509043303653425
44.668,-0.007565358727099174
44.67,-0.007621857319316569
44.672,-0.007678538574166232
44.674,-0.007735401967106276
44.676,-0.007792446955089287
44.678,-0.007849672976463351
44.68,-0.0079070794508752
44.682,-0.007964665779173805
44.684,-0.008022431343318096
44.686,-0.008080375506286975
44.688,-0.008138497611989818
44.69,-0.008196796985181307
44.692,-0.0082552729313786
44.694,-0.008313924736779204
44.696,-0.00837275166818317
44.698,-0.00843175297291791
44.7,-0.008490927878763661
44.702,-0.008550275593883539
44.704,-0.008609795306756214
44.706,-0.008669486186109434
44.708,-0.008729347380858187
44.71,-0.00878937802004566
44.712,-0.008849577212785127
44.714,-0.008909944048206567
44.716,-0.008970477595406229
44.718,-0.009031176903397206
44.72,-0.00909204100106488
44.722,-0.009153068897125388
44.724,-0.009214259580085007
44.726,-0.009275612018205776
44.728,-0.009337125159471084
44.73,-0.009398797931556468
44.732,-0.009460629241803648
44.734,-0.009522617977195814
44.736,-0.009584763004338078
44.738,-0.009647063169441222
44.74,-0.009709517298306766
44.742,-0.009772124196317341
44.744,-0.009834882648430448
44.746,-0.00989779141917358
44.748,-0.009960849252644767
44.75,-0.010024054872516584
44.752,-0.010087406982041618
44.754,-0.010150904264063398
44.756,-0.010214545381030931
44.758,-0.01027832897501468
44.76,-0.010342253667728177
44.762,-0.010406318060553255
44.764,-0.010470520734566797
44.766,-0.010534860250573218
44.768,-0.010599335149140552
44.77,-0.010663943950638216
44.772,-0.010728685155280512
44.774,-0.0107935572431738
44.776,-0.010858558674365401
44.778,-0.010923687888898255
44.78,-0.010988943306869402
44.782,-0.011054323328489872
44.784,-0.011119826334151863
44.786,-0.011185450684496251
44.788,-0.011251194720486246
44.79,-0.011317056763484785
44.792,-0.0113830351153338
44.794,-0.011449128058439322
44.796,-0.011515333855860455
44.798,-0.011581650751400135
44.8,-0.011648076969701836
44.802,-0.011714610716350089
44.804,-0.011781250177972874
44.806,-0.011847993522349855
44.808,-0.011914838898524623
44.81,-0.01198178443691857
44.812,-0.012048828249450798
44.814,-0.01211596842966195
44.816,-0.012183203052839684
44.818,-0.01225053017615016
44.82,-0.012317947838773432
44.822,-0.012385454062040462
44.824,-0.012453046849576141
44.826,-0.012520724187446177
44.828,-0.012588484044305575
44.83,-0.0126563243715531
44.832,-0.012724243103489526
44.834,-0.0127922381574775
44.836,-0.01286030743410731
44.838,-0.01292844881736636
44.84,-0.012996660174810284
44.842,-0.013064939357739794
44.844,-0.013133284201381327
44.846,-0.013201692525068835
44.848,-0.01327016213243284
44.85,-0.013338690811589535
44.852,-0.013407276335335776
44.854,-0.013475916461347649
44.856,-0.013544608932380395
44.858,-0.013613351476473995
44.86,-0.01368214180716212
44.862,-0.013750977623682435
44.864,-0.013819856611192342
44.866,-0.013888776440988158
44.868,-0.013957734770725342
44.87,-0.014026729244644171
44.872,-0.014095757493798676
44.874,-0.014164817136286504
44.876,-0.01423390577748414
44.878,-0.014303021010285154
44.88,-0.014372160415339395
44.882,-0.014441321561297186
44.884,-0.01451050200505666
44.886,-0.014579699292011578
44.888,-0.014648910956304322
44.89,-0.014718134521081557
44.892,-0.014787367498750453
44.894,-0.014856607391239745
44.896,-0.014925851690263394
44.898,-0.014995097877584535
44.9,-0.015064343425284184
44.902,-0.015133585796032205
44.904,-0.015202822443358587
44.906,-0.015272050811929002
44.908,-0.01534126833782272
44.91,-0.015410472448810095
44.912,-0.015479660564635865
44.914,-0.01554883009730063
44.916,-0.015617978451346846
44.918,-0.015687103024146512
44.92,-0.01575620120618846
44.922,-0.015825270381369515
44.924,-0.015894307927287202
44.926,-0.01596331121553187
44.928,-0.01603227761198221
44.93,-0.016101204477102372
44.932,-0.01617008916623794
44.934,-0.016238929029915306
44.936,-0.016307721414142176
44.938,-0.01637646366070671
44.94,-0.016445153107479904
44.942,-0.016513787088718677
44.944,-0.016582362935367346
44.946,-0.016650877975362098
44.948,-0.016719329533935796
44.95,-0.016787714933921036
44.952,-0.01685603149605567
44.954,-0.016924276539288508
44.956,-0.016992447381082937
44.958,-0.01706054133772271
44.96,-0.017128555724617522
44.962,-0.017196487856606227
44.964,-0.017264335048261935
44.966,-0.017332094614196512
44.968,-0.01739976386936244
44.97,-0.017467340129356072
44.972,-0.01753482071072021
44.974,-0.017602202931243184
44.976,-0.017669484110260668
44.978,-0.017736661568952622
44.98,-0.017803732630641386
44.982,-0.017870694621088416
44.984,-0.01793754486878729
44.986,-0.01800428070525726
44.988,-0.01807089946533503
44.99,-0.018137398487462514
44.992,-0.018203775113974658
44.994,-0.018270026691385197
44.996,-0.018336150570667935
44.998,-0.01840214410753787
45.0,-0.018468004662729597
45.002,-0.0185337296022711
45.004,-0.018599316297756803
45.006,-0.018664762126617704
45.008,-0.01873006447238633
45.01,-0.01879522072496055
45.012,-0.018860228280864248
45.014,-0.01892508454350218
45.016,-0.018989786923413535
45.018,-0.019054332838521655
45.02,-0.019118719714377792
45.022,-0.01918294498440304
45.024,-0.01924700609012592
45.026,-0.01931090048141386
45.028,-0.019374625616702078
45.03,-0.019438178963218034
45.032,-0.01950155799719884
45.034,-0.0195647602041073
45.036,-0.01962778307883943
45.038,-0.019690624125929212
45.04,-0.01975328085974807
45.042,-0.01981575080469684
45.044,-0.0198780314953943
45.046,-0.01994012047685986
45.048,-0.02000201530468855
45.05,-0.020063713545221972
45.052,-0.02012521277571303
45.054,-0.020186510584482592
45.056,-0.020247604571071543
45.058,-0.020308492346386348
45.06,-0.02036917153283605
45.062,-0.020429639764464207
45.064,-0.020489894687073965
45.066,-0.020549933958344098
45.068,-0.020609755247939565
45.07,-0.020669356237614872
45.072,-0.020728734621307747
45.074,-0.020787888105227286
45.076,-0.020846814407934074
45.078,-0.02090551126041047
45.08,-0.02096397640612488
45.082,-0.021022207601087473
45.084,-0.021080202613895968
45.086,-0.02113795922577446
45.088,-0.021195475230603934
45.09,-0.021252748434941827
45.092,-0.021309776658034796
45.094,-0.02136655773182214
45.096,-0.02142308950092832
45.098,-0.021479369822648958
45.1,-0.021535396566924506
45.102,-0.021591167616306303
45.104,-0.02164668086591292
45.106,-0.02170193422337488
45.108,-0.021756925608771318
45.11,-0.02181165295455641
45.112,-0.021866114205473908
45.114,-0.021920307318463138
45.116,-0.0219742302625545
45.118,-0.02202788101875281
45.12,-0.022081257579911404
45.122,-0.022134357950595863
45.124,-0.022187180146934667
45.126,-0.02223972219646104
45.128,-0.022291982137943117
45.13,-0.022343958021201753
45.132,-0.022395647906918177
45.134,-0.022447049866430563
45.136,-0.02249816198151723
45.138,-0.022548982344169854
45.14,-0.022599509056354924
45.142,-0.022649740229761874
45.144,-0.022699673985540684
45.146,-0.02274930845402767
45.148,-0.02279864177445736
45.15,-0.02284767209466392
45.152,-0.02289639757077018
45.154,-0.022944816366862884
45.156,-0.02299292665465678
45.158,-0.023040726613146573
45.16,-0.023088214428244117
45.162,-0.023135388292405933
45.164,-0.023182246404245075
45.166,-0.02322878696813222
45.168,-0.023275008193783565
45.17,-0.02332090829583453
45.172,-0.023366485493401895
45.174,-0.023411738009632817
45.176,-0.02345666407123952
45.178,-0.02350126190802197
45.18,-0.023545529752377673
45.182,-0.02358946583879668
45.184,-0.023633068403344663
45.186,-0.023676335683132908
45.188,-0.023719265915773398
45.19,-0.023761857338822003
45.192,-0.023804108189208306
45.194,-0.023846016702650522
45.196,-0.02388758111305857
45.198,-0.02392879965192351
45.2,-0.023969670547692286
45.202,-0.024010192025130363
45.204,-0.024050362304670832
45.206,-0.02409017960174871
45.208,-0.024129642126123348
45.21,-0.024168748081187005
45.212,-0.024207495663258975
45.214,-0.024245883060867553
45.216,-0.024283908454018458
45.218,-0.02432157001344875
45.22,-0.02435886589986857
45.222,-0.024395794263189663
45.224,-0.02443235324173917
45.226,-0.024468540961462233
45.228,-0.02450435553510944
45.23,-0.024539795061412368
45.232,-0.02457485762424614
45.234,-0.024609541291777698
45.236,-0.024643844115602363
45.238,-0.024677764129867275
45.24,-0.02471129935038126
45.242,-0.02474444777371264
45.244,-0.024777207376274597
45.246,-0.024809576113396875
45.248,-0.024841551918385968
45.25,-0.02487313270157297
45.252,-0.02490431634934793
45.254,-0.024935100723183338
45.256,-0.024965483658645225
45.258,-0.02499546296439139
45.26,-0.0250250364211588
45.262,-0.025054201780739208
45.264,-0.025082956764942183
45.266,-0.025111299064547666
45.268,-0.025139226338247195
45.27,-0.025166736211572897
45.272,-0.025193826275816587
45.274,-0.025220494086937592
45.276,-0.025246737164459465
45.278,-0.02527255299035653
45.28,-0.025297939007930238
45.282,-0.02532289262067445
45.284,-0.025347411191131864
45.286,-0.02537149203973932
45.288,-0.025395132443664294
45.29,-0.025418329635631932
45.292,-0.025441080802742044
45.294,-0.025463383085277697
45.296,-0.025485233575505035
45.298,-0.02550662931646369
45.3,-0.025527567300749416
45.302,-0.02554804446928864
45.304,-0.025568057710104262
45.306,-0.025587603857074405
45.308,-0.025606679688683655
45.31,-0.02562528192676649
45.312,-0.025643407235244275
45.314,-0.02566105221885546
45.316,-0.025678213421878916
45.318,-0.025694887326851348
45.32,-0.02571107035327901
45.322,-0.02572675885634319
45.324,-0.025741949125600728
45.326,-0.025756637383679608
45.328,-0.025770819784969076
45.33,-0.025784492414306054
45.332,-0.02579765128565709
45.334,-0.02581029234079609
45.336,-0.025822411447978977
45.338,-0.025834004400615125
45.34,-0.025845066915935383
45.342,-0.02585559463365803
45.344,-0.025865583114652445
45.346,-0.025875027839600502
45.348,-0.02588392420765699
45.35,-0.025892267535108284
45.352,-0.02590005305403059
45.354,-0.025907275910947648
45.356,-0.02591393116548809
45.358,-0.025920013789043364
45.36,-0.025925518663426305
45.362,-0.025930440579530402
45.364,-0.025934774235990957
45.366,-0.025938514237847737
45.368,-0.025941655095209966
45.37,-0.02594419122192394
45.372,-0.025946116934243722
45.374,-0.025947426449505092
45.376,-0.025948113884803628
45.378,-0.025948173255676905
45.38,-0.025947598474791427
45.382,-0.025946383350634764
45.384,-0.02594452158621327
45.386,-0.025942006777755797
45.388,-0.025938832413423873
45.39,-0.025934991872028863
45.392,-0.025930478421756567
45.394,-0.025925285218899453
45.396,-0.025919405306597476
45.398,-0.025912831613587477
45.4,-0.02590555695296195
45.402,-0.025897574020937352
45.404,-0.02588887539563306
45.406,-0.025879453535860512
45.408,-0.025869300779923828
45.41,-0.025858409344432128
45.412,-0.02584677132312395
45.414,-0.025834378685704398
45.416,-0.025821223276695518
45.418,-0.025807296814300176
45.42,-0.025792590889280567
45.422,-0.025777096963851116
45.424,-0.025760806370586555
45.426,-0.02574371031134639
45.428,-0.025725799856215002
45.43,-0.025707065942458723
45.432,-0.025687499373500858
45.434,-0.02566709081791393
45.436,-0.025645830808430546
45.438,-0.025623709740973766
45.44,-0.025600717873706477
45.442,-0.025576845326100755
45.444,-0.025552082078028737
45.446,-0.025526417968873876
45.448,-0.025499842696663957
45.45,-0.02547234581722739
45.452,-0.02544391674337135
45.454,-0.02541454474408362
45.456,-0.02538421894375916
45.458,-0.025352928321450568
45.46,-0.02532066171014347
45.462,-0.025287407796058883
45.464,-0.0252531551179808
45.466,-0.025217892066610674
45.468,-0.025181606883950464
45.47,-0.025144287662712646
45.472,-0.02510592234575905
45.474,-0.025066498725569923
45.476,-0.025026004443741107
45.478,-0.02498442699051353
45.48,-0.024941753704332346
45.482,-0.02489797177143769
45.484,-0.024853068225488915
45.486,-0.02480702994722022
45.488,-0.024759843664129717
45.49,-0.024711495950203843
45.492,-0.02466197322567486
45.494,-0.024611261756813448
45.496,-0.024559347655758644
45.498,-0.024506216880382615
45.5,-0.024451855234192105
45.502,-0.024396248366269208
45.504,-0.02433938177124858
45.506,-0.024281240789333355
45.508,-0.02422181060635185
45.51,-0.024161076253852696
45.512,-0.024099022609240253
45.514,-0.02403563439595289
45.516,-0.023970896183681062
45.518,-0.023904792388627725
45.52,-0.023837307273813137
45.522,-0.023768424949421618
45.524,-0.02369812937319158
45.526,-0.02362640435085269
45.528,-0.023553233536605926
45.53,-0.023478600433648952
45.532,-0.023402488394750683
45.534,-0.02332488062286864
45.536,-0.023245760171817478
45.538,-0.0231651099469829
45.54,-0.023082912706084126
45.542,-0.022999151059987795
45.544,-0.02291380747356891
45.546,-0.022826864266621907
45.548,-0.02273830361482515
45.55,-0.022648107550753895
45.552,-0.022556257964944842
45.554,-0.022462736607016056
45.556,-0.022367525086836614
45.558,-0.022270604875749594
45.56,-0.022171957307851892
45.562,-0.02207156358132546
45.564,-0.021969404759823077
45.566,-0.021865461773913016
45.568,-0.021759715422575966
45.57,-0.021652146374758385
45.572,-0.021542735170986108
45.574,-0.02143146222503159
45.576,-0.021318307825639114
45.578,-0.021203252138311396
45.58,-0.02108627520715154
45.582,-0.02096735695676389
45.584,-0.02084647719421814
45.586,-0.020723615611069585
45.588,-0.02059875178543981
45.59,-0.020471865184161872
45.592,-0.02034293516498289
45.594,-0.020211940978828
45.596,-0.020078861772130956
45.598,-0.019943676589219965
45.6,-0.019806364374773316
45.602,-0.019666903976333458
45.604,-0.019525274146883997
45.606,-0.019381453547495264
45.608,-0.01923542075002927
45.61,-0.01908715423990904
45.612,-0.018936632418956982
45.614,-0.018783833608294047
45.616,-0.018628736051303482
45.618,-0.018471317916665356
45.62,-0.018311557301451745
45.622,-0.018149432234287853
45.624,-0.01798492067858453
45.626,-0.017818000535832025
45.628,-0.01764864964896031
45.63,-0.017476845805771662
45.632,-0.01730256674243473
45.634,-0.017125790147045874
45.636,-0.016946493663263233
45.638,-0.01676465489400277
45.64,-0.016580251405201713
45.642,-0.016393260729655527
45.644,-0.016203660370916848
45.646,-0.01601142780726207
45.648,-0.015816540495731935
45.65,-0.015618975876233978
45.652,-0.015418711375712723
45.654,-0.015215724412394408
45.656,-0.015009992400092934
45.658,-0.014801492752584026
45.66,-0.014590202888054248
45.662,-0.01437610023360698
45.664,-0.014159162229847127
45.666,-0.01393936633552608
45.668,-0.01371669003225389
45.67,-0.013491110829285951
45.672,-0.013262606268369809
45.674,-0.013031153928658834
45.676,-0.012796731431699997
45.678,-0.01255931644648104
45.68,-0.01231888669454366
45.682,-0.012075419955170565
45.684,-0.011828894070630647
45.686,-0.011579286951489442
45.688,-0.011326576581992834
45.69,-0.011070741025507383
45.692,-0.01081175843002534
45.694,-0.010549607033741408
45.696,-0.010284265170685418
45.698,-0.010015711276417625
45.7,-0.009743923893795484
45.702,-0.009468881678793934
45.704,-0.009190563406387428
45.706,-0.008908947976501646
45.708,-0.008624014420017314
45.71,-0.008335741904833511
45.712,-0.008044109741999778
45.714,-0.007749097391897542
45.716,-0.007450684470479696
45.718,-0.007148850755576738
45.72,-0.006843576193250281
45.722,-0.006534840904202099
45.724,-0.006222625190249326
45.726,-0.005906909540837302
45.728,-0.005587674639622614
45.73,-0.005264901371097478
45.732,-0.004938570827265634
45.734,-0.004608664314379474
45.736,-0.004275163359716479
45.738,-0.00393804971840446
45.74,-0.0035973053803052286
45.742,-0.003252912576934353
45.744,-0.002904853788426528
45.746,-0.0025531117505564766
45.748,-0.0021976694617923953
45.75,-0.0018385101903915183
45.752,-0.0014756174815481297
45.754,-0.0011089751645701595
45.756,-0.0007385673600942156
45.758,-0.00036437848734965743
45.76,1.3606728552890968e-05
45.762,0.00039540324929867275
45.764,0.0007810257160005274
45.766,0.0011704884418106479
45.768,0.0015638054045023341
45.77,0.0019609902390101868
45.772,0.0023620562299552774
45.774,0.0027670163041447716
45.776,0.0031758830230342594
45.778,0.0035886685751802174
45.78,0.0040053847686717225
45.782,0.0044260430235279116
45.784,0.004850654364100077
45.786,0.00527922941143554
45.788,0.005711778375642158
45.79,0.006148311048240828
45.792,0.006588836794493734
45.794,0.007033364545737535
45.796,0.0074819027917103036
45.798,0.00793445957285938
45.8,0.008391042472660577
45.802,0.00885165860993698
45.804,0.009316314631164268
45.806,0.009785016702793975
45.808,0.010257770503582547
45.81,0.010734581216912842
45.812,0.011215453523140385
45.814,0.011700391591951968
45.816,0.01218939907472288
45.818,0.012682479096906108
45.82,0.01317963425044046
45.822,0.013680866586164115
45.824,0.014186177606267322
45.826,0.014695568256771247
45.828,0.015209038920018979
45.83,0.015726589407213335
45.832,0.016248218950988276
45.834,0.01677392619799941
45.836,0.017303709201569435
45.838,0.017837565414374597
45.84,0.01837549168115775
45.842,0.01891748423150442
45.844,0.01946353867266796
45.846,0.020013649982426676
45.848,0.020567812502024434
45.85,0.02112601992913883
45.852,0.021688265310928566
45.854,0.022254541037143645
45.856,0.022824838833282686
45.858,0.02339914975383639
45.86,0.023977464175602252
45.862,0.0245597717910546
45.864,0.025146061601809922
45.866,0.0257363219121719
45.868,0.0263305403227405
45.87,0.026928703724125168
45.872,0.027530798290746963
45.874,0.028136809474713097
45.876,0.02874672199980506
45.878,0.029360519855564596
45.88,0.02997818629146098
45.882,0.03059970381118117
45.884,0.031225054167027273
45.886,0.03185421835440382
45.888,0.0324871766064378
45.89,0.03312390838871515
45.892,0.03376439239411598
45.894,0.03440860653779249
45.896,0.03505652795227226
45.898,0.035708132982669755
45.9,0.03636339718205002
45.902,0.03702229530692715
45.904,0.037684801312880205
45.906,0.03835088835033075
45.908,0.039020528760465086
45.91,0.03969369407128005
45.912,0.040370354993815014
45.914,0.04105048141850171
45.916,0.04173404241169481
45.918,0.0424210062123625
45.92,0.04311134022891801
45.922,0.043805011036239454
45.924,0.04450198437285851
45.926,0.04520222513829952
45.928,0.04590569739061572
45.93,0.04661236434410415
45.932,0.04732218836717929
45.934,0.04803513098045342
45.936,0.048751152855004504
45.938,0.0494702138108115
45.94,0.05019227281540553
45.942,0.05091728798271722
45.944,0.05164521657210008
45.946,0.05237601498757832
45.948,0.05310963877729983
45.95,0.05384604263317256
45.952,0.05458518039073487
45.954,0.05532700502923834
45.956,0.05607146867192261
45.958,0.05681852258653162
45.96,0.05756811718605086
45.962,0.05832020202964362
45.964,0.05907472582383681
45.966,0.05983163642393488
45.968,0.06059088083564022
45.97,0.06135240521693007
45.972,0.062116154880168806
45.974,0.0628820742944304
45.976,0.06365010708810082
45.978,0.06442019605168112
45.98,0.06519228314086153
45.982,0.06596630947984089
45.984,0.06674221536486881
45.986,0.06751994026806198
45.988,0.06829942284147116
45.99,0.06908060092137659
45.992,0.06986341153286202
45.994,0.0706477908946451
45.996,0.07143367442413984
45.998,0.07222099674280309
46.0,0.07300969168174087
46.002,0.07379969228755107
46.004,0.07459093082845346
46.006,0.07538333880068353
46.008,0.07617684693512537
46.01,0.07697138520423508
46.012,0.07776688282923053
46.014,0.07856326828752236
46.016,0.07936046932043789
46.018,0.08015841294121295
46.02,0.08095702544322658
46.022,0.08175623240852982
46.024,0.08255595871664316
46.026,0.08335612855359772
46.028,0.08415666542127068
46.03,0.0849574921469893
46.032,0.08575853089337558
46.034,0.08655970316850148
46.036,0.08736092983626927
46.038,0.08816213112708773
46.04,0.08896322664881498
46.042,0.08976413539794126
46.044,0.09056477577106235
46.046,0.0913650655766172
46.048,0.09216492204686201
46.05,0.09296426185013235
46.052,0.09376300110336462
46.054,0.09456105538485111
46.056,0.09535833974727745
46.058,0.09615476873101556
46.06,0.09695025637764434
46.062,0.09774471624374759
46.064,0.09853806141496115
46.066,0.09933020452024183
46.068,0.10012105774640656
46.07,0.1009105328529141
46.072,0.10169854118686072
46.074,0.10248499369823848
46.076,0.10326980095542777
46.078,0.1040528731608955
46.08,0.10483412016714679
46.082,0.10561345149290136
46.084,0.10639077633946642
46.086,0.10716600360735251
46.088,0.10793904191310369
46.09,0.10870979960631362
46.092,0.10947818478687293
46.094,0.11024410532241982
46.096,0.11100746886596169
46.098,0.11176818287373197
46.1,0.1125261546231968
46.102,0.11328129123127383
46.104,0.11403349967273237
46.106,0.11478268679874572
46.108,0.11552875935563858
46.11,0.11627162400380162
46.112,0.1170111873367431
46.114,0.11774735590032069
46.116,0.11848003621212423
46.118,0.11920913478098065
46.12,0.11993455812662186
46.122,0.12065621279948792
46.124,0.12137400540063448
46.126,0.12208784260178723
46.128,0.12279763116551257
46.13,0.1235032779654765
46.132,0.12420469000683093
46.134,0.12490177444669844
46.136,0.12559443861472655
46.138,0.12628259003375042
46.14,0.12696613644053412
46.142,0.1276449858065632
46.144,0.12831904635892435
46.146,0.12898822660124493
46.148,0.1296524353346623
46.15,0.13031158167886114
46.152,0.13096557509314813
46.154,0.1316143253975373
46.156,0.1322577427938808
46.158,0.13289573788701622
46.16,0.1335282217059011
46.162,0.13415510572478379
46.164,0.13477630188433573
46.166,0.13539172261279442
46.168,0.13600128084708488
46.17,0.1366048900538964
46.172,0.1372024642507424
46.174,0.13779391802697857
46.176,0.1383791665647519
46.178,0.13895812565991122
46.18,0.13953071174285198
46.182,0.14009684189927019
46.184,0.14065643389085378
46.186,0.14120940617588568
46.188,0.14175567792973315
46.19,0.14229516906525078
46.192,0.14282780025307237
46.194,0.1433534929417662
46.196,0.14387216937788042
46.198,0.14438375262585423
46.2,0.1448881665877699
46.202,0.14538533602297127
46.204,0.14587518656752504
46.206,0.14635764475350085
46.208,0.1468326380280942
46.21,0.1473000947725697
46.212,0.14775994432100054
46.214,0.1482121169788287
46.216,0.14865654404122214
46.218,0.1490931578112077
46.22,0.14952189161760113
46.222,0.14994267983271276
46.224,0.15035545788980642
46.226,0.15076016230034212
46.228,0.15115673067095114
46.23,0.15154510172017346
46.232,0.15192521529493486
46.234,0.15229701238674637
46.236,0.15266043514764308
46.238,0.1530154269058427
46.24,0.1533619321811078
46.242,0.15369989669982684
46.244,0.1540292674097967
46.246,0.1543499924946894
46.248,0.15466202138822027
46.25,0.15496530478799794
46.252,0.15525979466904286
46.254,0.15554544429698774
46.256,0.1558222082409444
46.258,0.15609004238602187
46.26,0.15634890394551063
46.262,0.15659875147271654
46.264,0.1568395448724323
46.266,0.1570712454120584
46.268,0.15729381573235982
46.27,0.15750721985784713
46.272,0.1577114232067922
46.274,0.15790639260086675
46.276,0.15809209627439333
46.278,0.15826850388321845
46.28,0.15843558651319561
46.282,0.1585933166882713
46.284,0.15874166837818346
46.286,0.1588806170057529
46.288,0.15901013945377823
46.29,0.15913021407152617
46.292,0.1592408206808091
46.294,0.15934194058165818
46.296,0.15943355655758276
46.298,0.15951565288041225
46.3,0.15958821531472484
46.302,0.15965123112185758
46.304,0.1597046890634938
46.306,0.1597485794048319
46.308,0.15978289391733122
46.31,0.15980762588103217
46.312,0.1598227700864539
46.314,0.15982832283606627
46.316,0.159824281945335
46.318,0.15981064674334225
46.32,0.1597874180729799
46.322,0.15975459829071764
46.324,0.15971219126594446
46.326,0.15966020237988476
46.328,0.15959863852409106
46.33,0.15952750809851104
46.332,0.15944682100913218
46.334,0.1593565886652061
46.336,0.15925682397605095
46.338,0.1591475413474347
46.34,0.15902875667754432
46.342,0.15890048735253698
46.344,0.15876275224167818
46.346,0.1586155716920736
46.348,0.15845896752298577
46.35,0.15829296301975287
46.352,0.1581175829272995
46.354,0.15793285344324787
46.356,0.15773880221063785
46.358,0.15753545831024784
46.36,0.15732285225252682
46.362,0.15710101596914577
46.364,0.1568699828041613
46.366,0.15662978750480008
46.368,0.1563804662118774
46.37,0.15612205644983787
46.372,0.15585459711643138
46.374,0.15557812847203578
46.376,0.15529269212861618
46.378,0.1549983310383321
46.38,0.1546950894818083
46.382,0.1543830130560556
46.384,0.15406214866205517
46.386,0.15373254449202356
46.388,0.15339425001634216
46.39,0.15304731597016805
46.392,0.15269179433974228
46.394,0.15232773834837965
46.396,0.15195520244215766
46.398,0.1515742422753209
46.4,0.15118491469538578
46.402,0.15078727772796155
46.404,0.1503813905613079
46.406,0.14996731353061
46.408,0.1495451081019907
46.41,0.14911483685628002
46.412,0.14867656347251312
46.414,0.14823035271120782
46.416,0.14777627039739138
46.418,0.14731438340339612
46.42,0.1468447596314499
46.422,0.14636746799603517
46.424,0.1458825784060407
46.426,0.14539016174672778
46.428,0.14489028986148778
46.43,0.1443830355334129
46.432,0.14386847246670442
46.434,0.1433466752678936
46.436,0.14281771942689742
46.438,0.14228168129793523
46.44,0.14173863808027853
46.442,0.14118866779885939
46.444,0.1406318492847613
46.446,0.14006826215556573
46.448,0.13949798679557937
46.45,0.1389211043359669
46.452,0.13833769663476148
46.454,0.1377478462567779
46.456,0.13715163645345455
46.458,0.1365491511425947
46.46,0.13594047488803296
46.462,0.13532569287925317
46.464,0.13470489091092747
46.466,0.13407815536240206
46.468,0.13344557317715797
46.47,0.1328072318422135
46.472,0.13216321936749545
46.474,0.13151362426521018
46.476,0.13085853552916302
46.478,0.13019804261410292
46.48,0.12953223541504255
46.482,0.1288612042465814
46.484,0.12818503982226265
46.486,0.12750383323392697
46.488,0.12681767593109103
46.49,0.12612665970038003
46.492,0.12543087664497699
46.494,0.12473041916411684
46.496,0.12402537993265438
46.498,0.12331585188066853
46.5,0.12260192817313038
46.502,0.12188370218966489
46.504,0.1211612675043666
46.506,0.12043471786569825
46.508,0.11970414717650163
46.51,0.11896964947407986
46.512,0.1182313189103805
46.514,0.11748924973230829
46.516,0.11674353626212657
46.518,0.11599427287797603
46.52,0.1152415539945403
46.522,0.1144854740438157
46.524,0.11372612745601457
46.526,0.112963608640631
46.528,0.11219801196762651
46.53,0.11142943174876292
46.532,0.11065796221911667
46.534,0.10988369751870954
46.536,0.10910673167434268
46.538,0.10832715858157016
46.54,0.10754507198684365
46.542,0.10676056546985695
46.544,0.1059737324260452
46.546,0.10518466604926742
46.548,0.10439345931470115
46.55,0.10360020496190303
46.552,0.10280499547806386
46.554,0.10200792308148679
46.556,0.10120907970524182
46.558,0.10040855698102495
46.56,0.09960644622325021
46.562,0.09880283841332746
46.564,0.09799782418415376
46.566,0.09719149380484667
46.568,0.09638393716567137
46.57,0.09557524376318911
46.572,0.09476550268565614
46.574,0.09395480259862268
46.576,0.09314323173076088
46.578,0.09233087785994956
46.58,0.09151782829956533
46.582,0.09070416988500846
46.584,0.08988998896049132
46.586,0.08907537136603824
46.588,0.08826040242472506
46.59,0.08744516693018563
46.592,0.08662974913433409
46.594,0.0858142327353309
46.596,0.08499870086582166
46.598,0.08418323608137829
46.6,0.08336792034922962
46.602,0.08255283503720984
46.604,0.081738060902955
46.606,0.08092367808337314
46.608,0.08010976608433723
46.61,0.07929640377062724
46.612,0.07848366935614695
46.614,0.07767164039436439
46.616,0.07686039376900154
46.618,0.07605000568499945
46.62,0.07524055165970622
46.622,0.07443210651431466
46.624,0.07362474436557367
46.626,0.07281853861772258
46.628,0.07201356195467294
46.63,0.07120988633246352
46.632,0.07040758297193586
46.634,0.0696067223516557
46.636,0.06880737420110496
46.638,0.06800960749409227
46.64,0.06721349044240645
46.642,0.06641909048973767
46.644,0.06562647430581385
46.646,0.06483570778077703
46.648,0.06404685601982332
46.65,0.06325998333805465
46.652,0.06247515325556646
46.654,0.061692428492794646
46.656,0.060911870966069925
46.658,0.060133541783403834
46.66,0.059357501240531435
46.662,0.0585838088171406
46.664,0.05781252317336861
46.666,0.057043702146495456
46.668,0.05627740274785954
46.67,0.055513681160018195
46.672,0.05475259273410246
46.674,0.05399419198738807
46.676,0.05323853260110527
46.678,0.052485667418436674
46.68,0.051735648442725185
46.682,0.050988526835914094
46.684,0.050244352917168875
46.686,0.04950317616170242
46.688,0.04876504519982548
46.69,0.04803000781617191
46.692,0.047298110949120835
46.694,0.04656940069043626
46.696,0.045843922285074855
46.698,0.045121720131183415
46.7,0.044402837780305876
46.702,0.043687317937751866
46.704,0.04297520246314686
46.706,0.04226653237118479
46.708,0.04156134783253402
46.71,0.040859688174918155
46.712,0.040161591884390495
46.714,0.03946709660675502
46.716,0.03877623914915393
46.718,0.03808905548184093
46.72,0.03740558074009349
46.722,0.03672584922628352
46.724,0.03604989441212812
46.726,0.03537774894105718
46.728,0.03470944463076732
46.73,0.03404501247589976
46.732,0.03338448265086313
46.734,0.03272788451282021
46.736,0.03207524660479269
46.738,0.03142659665890344
46.74,0.030781961599773686
46.742,0.03014136754803104
46.744,0.02950483982394668
46.746,0.028872402951219216
46.748,0.028244080660861537
46.75,0.02761989589520904
46.752,0.026999870812066
46.754,0.026384026788947544
46.756,0.02577238442743466
46.758,0.025164963557659563
46.76,0.024561783242878697
46.762,0.02396286178415132
46.764,0.02336821672513979
46.766,0.022777864856990473
46.768,0.022191822223312285
46.77,0.021610104125268873
46.772,0.021032725126744128
46.774,0.020459699059597762
46.776,0.019891039029026503
46.778,0.019326757418991466
46.78,0.018766865897728163
46.782,0.01821137542335626
46.784,0.017660296249536737
46.786,0.01711363793123381
46.788,0.016571409330529693
46.79,0.016033618622509585
46.792,0.015500273301231918
46.794,0.014971380185746699
46.796,0.014446945426177176
46.798,0.0139269745098792
46.8,0.013411472267642409
46.802,0.012900442879947835
46.804,0.01239388988329608
46.806,0.011891816176570837
46.808,0.011394224027452576
46.81,0.010901115078895487
46.812,0.010412490355634022
46.814,0.009928350270732817
46.816,0.009448694632193565
46.818,0.008973522649585284
46.82,0.008502832940711929
46.822,0.008036623538330501
46.824,0.007574891896886715
46.826,0.007117634899282318
46.828,0.006664848863686384
46.83,0.006216529550358808
46.832,0.005772672168499943
46.834,0.005333271383137691
46.836,0.004898321322022205
46.838,0.004467815582540623
46.84,0.004041747238663944
46.842,0.003620108847896223
46.844,0.003202892458238726
46.846,0.0027900896151819713
46.848,0.002381691368686623
46.85,0.001977688280196301
46.852,0.0015780704296435846
46.854,0.0011828274224625762
46.856,0.0007919483966191531
46.858,0.0004054220296314786
46.86,2.3236545592638172e-05
46.862,-0.00035462027779417996
46.864,-0.0007281611021943881
46.866,-0.0010973990216227424
46.868,-0.001462347555416743
46.87,-0.0018230206412272482
46.872,-0.0021794326280158635
46.874,-0.0025315982690490638
46.876,-0.0028795327149134554
46.878,-0.0032232515065417355
46.88,-0.0035627705682396236
46.882,-0.0038981062007374997
46.884,-0.004229275074256286
46.886,-0.004556294221578645
46.888,-0.0048791810311478515
46.89,-0.005197953240184664
46.892,-0.005512628927813285
46.894,-0.005823226508217988
46.896,-0.006129764723821219
46.898,-0.006432262638474118
46.9,-0.006730739630681005
46.902,-0.007025215386847954
46.904,-0.007315709894547792
46.906,-0.007602243435821086
46.908,-0.007884836580504644
46.91,-0.008163510179578452
46.912,-0.008438285358556947
46.914,-0.008709183510895932
46.916,-0.008976226291440455
46.918,-0.009239435609904543
46.92,-0.009498833624375452
46.922,-0.009754442734859963
46.924,-0.010006285576865238
46.926,-0.010254385015006518
46.928,-0.010498764136659235
46.93,-0.010739446245647573
46.932,-0.010976454855962707
46.934,-0.011209813685527101
46.936,-0.011439546649997336
46.938,-0.011665677856599102
46.94,-0.011888231598009698
46.942,-0.012107232346281267
46.944,-0.012322704746797962
46.946,-0.012534673612282636
46.948,-0.012743163916845482
46.95,-0.01294820079006916
46.952,-0.013149809511144353
46.954,-0.013348015503049138
46.956,-0.013542844326766624
46.958,-0.013734321675554256
46.96,-0.01392247336925829
46.962,-0.014107325348668487
46.964,-0.014288903669925208
46.966,-0.01446723449897341
46.968,-0.014642344106057971
46.97,-0.014814258860272718
46.972,-0.014983005224157329
46.974,-0.015148609748336608
46.976,-0.015311099066217606
46.978,-0.015470499888726895
46.98,-0.015626838999103426
46.982,-0.015780143247740727
46.984,-0.015930439547074394
46.986,-0.016077754866524928
46.988,-0.016222116227490965
46.99,-0.016363550698388876
46.992,-0.016502085389747935
46.994,-0.016637747449357067
46.996,-0.016770564057458463
46.998,-0.016900562421997667
47.0,-0.017027769773925346
47.002,-0.017152213362547165
47.004,-0.017273920450930284
47.006,-0.017392918311362054
47.008,-0.0175092342208576
47.01,-0.01762289545672415
47.012,-0.017733929292178145
47.014,-0.017842362992011664
47.016,-0.01794822380831589
47.018,-0.018051538976257553
47.02,-0.018152335709905345
47.022,-0.01825064119811328
47.024,-0.018346482600457258
47.026,-0.018439887043222206
47.028,-0.018530881615445957
47.03,-0.01861949336501647
47.032,-0.01870574929481979
47.034,-0.018789676358946336
47.036,-0.018871301458946044
47.038,-0.01895065144014061
47.04,-0.019027753087989104
47.042,-0.019102633124504918
47.044,-0.019175318204728647
47.046,-0.019245834913254777
47.048,-0.019314209760809522
47.05,-0.019380469180884596
47.052,-0.019444639526424213
47.054,-0.019506747066563624
47.056,-0.01956681798342303
47.058,-0.019624878368954584
47.06,-0.01968095422184083
47.062,-0.01973507144444809
47.064,-0.01978725583983266
47.066,-0.019837533108798436
47.068,-0.01988592884700871
47.07,-0.01993246854215072
47.072,-0.019977177571151188
47.074,-0.020020081197445715
47.076,-0.02006120456830046
47.078,-0.020100572712184253
47.08,-0.02013821053619448
47.082,-0.02017414282353418
47.084,-0.02020839423104001
47.086,-0.020240989286762344
47.088,-0.020271952387597124
47.09,-0.02030130779696727
47.092,-0.020329079642556296
47.094,-0.020355291914092296
47.096,-0.02037996846118176
47.098,-0.02040313299119478
47.1,-0.02042480906719902
47.102,-0.020445020105944636
47.104,-0.020463789375898378
47.106,-0.020481139995326643
47.108,-0.02049709493042839
47.11,-0.020511676993516706
47.112,-0.02052490884124865
47.114,-0.020536812972904057
47.116,-0.020547411728712283
47.118,-0.02055672728822669
47.12,-0.020564781668746975
47.122,-0.020571596723788898
47.124,-0.020577194141600752
47.126,-0.020581595443727153
47.128,-0.02058482198361898
47.13,-0.020586894945289695
47.132,-0.020587835342017618
47.134,-0.0205876640150939
47.136,-0.020586401632615832
47.138,-0.02058406868832517
47.14,-0.020580685500491296
47.142,-0.02057627221083883
47.144,-0.020570848783519266
47.146,-0.020564435004126642
47.148,-0.020557050478756427
47.15,-0.020548714633107923
47.152,-0.020539446711629064
47.154,-0.02052926577670431
47.156,-0.02051819070788424
47.158,-0.020506240201157072
47.16,-0.020493432768262043
47.162,-0.02047978673604348
47.164,-0.020465320245846
47.166,-0.02045005125295008
47.168,-0.02043399752604761
47.17,-0.020417176646757584
47.172,-0.020399606009180754
47.174,-0.020381302819493425
47.176,-0.020362284095580368
47.178,-0.02034256666670549
47.18,-0.02032216717322042
47.182,-0.02030110206631142
47.184,-0.020279387607782664
47.186,-0.02025703986987651
47.188,-0.020234074735130846
47.19,-0.020210507896271688
47.192,-0.020186354856141762
47.194,-0.020161630927664726
47.196,-0.020136351233843934
47.198,-0.020110530707795476
47.2,-0.020084184092816284
47.202,-0.02005732594248511
47.204,-0.020029970620796905
47.206,-0.02000213230233099
47.208,-0.01997382497245095
47.21,-0.019945062427536648
47.212,-0.019915858275249
47.214,-0.019886225934825096
47.216,-0.019856178637404444
47.218,-0.019825729426386524
47.22,-0.019794891157817688
47.222,-0.019763676500807896
47.224,-0.01973209793797769
47.226,-0.01970016776593258
47.228,-0.01966789809576764
47.23,-0.019635300853599158
47.232,-0.019602387781123852
47.234,-0.01956917043620658
47.236,-0.019535660193493887
47.238,-0.019501868245053906
47.24,-0.019467805601043706
47.242,-0.019433483090400824
47.244,-0.019398911361560404
47.246,-0.019364100883198013
47.248,-0.019329061944996093
47.25,-0.019293804658434072
47.252,-0.01925833895760335
47.254,-0.019222674600044502
47.256,-0.019186821167606997
47.258,-0.019150788067332544
47.26,-0.01911458453235927
47.262,-0.019078219622847413
47.264,-0.019041702226927113
47.266,-0.019005041061666145
47.268,-0.01896824467405757
47.27,-0.01893132144202857
47.272,-0.018894279575467736
47.274,-0.01885712711727111
47.276,-0.018819871944408356
47.278,-0.01878252176900586
47.28,-0.018745084139447588
47.282,-0.01870756644149486
47.284,-0.01866997589942113
47.286,-0.018632319577165168
47.288,-0.018594604379499363
47.29,-0.01855683705321372
47.292,-0.018519024188316573
47.294,-0.0184811722192488
47.296,-0.018443287426113036
47.298,-0.018405375935917935
47.3,-0.01836744372383537
47.302,-0.01832949661447063
47.304,-0.018291540283147258
47.306,-0.018253580257202986
47.308,-0.01821562191729803
47.31,-0.0181776704987364
47.312,-0.01813973109279745
47.314,-0.018101808648078456
47.316,-0.01806390797184918
47.318,-0.018026033731415328
47.32,-0.017988190455492034
47.322,-0.017950382535588134
47.324,-0.017912614227398198
47.326,-0.017874889652203574
47.328,-0.0178372127982827
47.33,-0.017799587522328707
47.332,-0.01776201755087414
47.334,-0.017724506481724647
47.336,-0.01768705778539802
47.338,-0.017649674806570134
47.34,-0.017612360765527885
47.342,-0.01757511875962728
47.344,-0.017537951764756452
47.346,-0.01750086263680561
47.348,-0.017463854113139502
47.35,-0.017426928814076394
47.352,-0.01739008924436987
47.354,-0.017353337794694234
47.356,-0.01731667674313455
47.358,-0.017280108256678847
47.36,-0.0172436343927125
47.362,-0.01720725710051675
47.364,-0.01717097822276778
47.366,-0.017134799497037615
47.368,-0.017098722557297823
47.37,-0.017062748935422707
47.372,-0.01702688006269385
47.374,-0.01699111727130578
47.376,-0.016955461795871023
47.378,-0.01691991477492477
47.38,-0.01688447725243043
47.382,-0.01684915017928305
47.384,-0.016813934414812035
47.386,-0.01677883072828329
47.388,-0.0167438398003989
47.39,-0.016708962224794677
47.392,-0.01667419850953675
47.394,-0.016639549078614535
47.396,-0.016605014273430904
47.398,-0.016570594354290414
47.4,-0.01653628950188316
47.402,-0.016502099818765013
47.404,-0.016468025330835235
47.406,-0.016434065988808606
47.408,-0.016400221669683624
47.41,-0.016366492178206803
47.412,-0.01633287724833081
47.414,-0.016299376544668766
47.416,-0.01626598966394255
47.418,-0.016232716136424994
47.42,-0.016199555427377697
47.422,-0.016166506938481505
47.424,-0.016133570009260776
47.426,-0.016100743918502247
47.428,-0.01606802788566594
47.43,-0.016035421072289308
47.432,-0.016002922583385218
47.434,-0.015970531468831338
47.436,-0.01593824672475224
47.438,-0.01590606729489452
47.44,-0.015873992071993054
47.442,-0.01584201989912897
47.444,-0.01581014957108034
47.446,-0.01577837983566332
47.448,-0.01574670939506445
47.45,-0.01571513690716524
47.452,-0.01568366098685643
47.454,-0.01565228020734316
47.456,-0.015620993101441624
47.458,-0.015589798162865206
47.46,-0.015558693847500759
47.462,-0.015527678574676023
47.464,-0.015496750728416055
47.466,-0.015465908658689291
47.468,-0.0154351506826444
47.47,-0.015404475085835475
47.472,-0.01537388012343682
47.474,-0.015343364021447795
47.476,-0.015312924977885351
47.478,-0.015282561163967062
47.48,-0.015252270725281859
47.482,-0.015222051782949626
47.484,-0.015191902434770348
47.486,-0.015161820756360746
47.488,-0.01513180480227929
47.49,-0.015101852607140632
47.492,-0.015071962186717044
47.494,-0.015042131539028095
47.496,-0.015012358645419279
47.498,-0.0149826414716276
47.5,-0.014952977968834881
47.502,-0.01492336607470991
47.504,-0.014893803714437283
47.506,-0.01486428880173373
47.508,-0.014834819239853067
47.51,-0.01480539292257748
47.512,-0.014776007735196424
47.514,-0.014746661555473536
47.516,-0.014717352254600094
47.518,-0.014688077698135623
47.52,-0.014658835746936499
47.522,-0.014629624258070968
47.524,-0.014600441085720985
47.526,-0.014571284082072252
47.528,-0.014542151098190147
47.53,-0.014513039984882731
47.532,-0.014483948593551694
47.534,-0.01445487477702869
47.536,-0.014425816390400015
47.538,-0.014396771291817205
47.54,-0.014367737343294516
47.542,-0.01433871241149405
47.544,-0.014309694368496884
47.546,-0.014280681092560936
47.548,-0.014251670468866648
47.55,-0.01422266039024853
47.552,-0.0141936487579134
47.554,-0.014164633482146607
47.556,-0.014135612483003912
47.558,-0.01410658369099031
47.56,-0.014077545047726665
47.562,-0.01404849450660221
47.564,-0.0140194300334139
47.566,-0.013990349606993756
47.568,-0.013961251219821976
47.57,-0.013932132878627199
47.572,-0.013902992604974568
47.574,-0.01387382843583993
47.576,-0.013844638424171102
47.578,-0.013815420639437026
47.58,-0.013786173168163359
47.582,-0.01375689411445496
47.584,-0.013727581600506775
47.586,-0.013698233767100838
47.588,-0.013668848774090744
47.59,-0.013639424800874343
47.592,-0.01360996004685299
47.594,-0.013580452731878075
47.596,-0.013550901096686446
47.598,-0.013521303403321548
47.6,-0.013491657935544054
47.602,-0.013461962999228947
47.604,-0.013432216922750567
47.606,-0.013402418057356352
47.608,-0.013372564777527669
47.61,-0.013342655481328557
47.612,-0.013312688590743568
47.614,-0.013282662552002758
47.616,-0.013252575835894983
47.618,-0.013222426938070493
47.62,-0.013192214379330798
47.622,-0.013161936705907288
47.624,-0.01313159248972913
47.626,-0.013101180328679109
47.628,-0.013070698846837975
47.63,-0.013040146694718858
47.632,-0.013009522549489389
47.634,-0.012978825115183085
47.636,-0.012948053122900715
47.638,-0.012917205330999895
47.64,-0.01288628052527408
47.642,-0.012855277519121917
47.644,-0.012824195153705167
47.646,-0.012793032298096231
47.648,-0.012761787849416376
47.65,-0.012730460732962873
47.652,-0.012699049902325977
47.654,-0.012667554339497093
47.656,-0.012635973054965933
47.658,-0.012604305087808102
47.66,-0.01257254950576403
47.662,-0.012540705405306858
47.664,-0.012508771911702441
47.666,-0.012476748179059168
47.668,-0.012444633390368325
47.67,-0.012412426757536666
47.672,-0.012380127521408907
47.674,-0.01234773495178135
47.676,-0.012315248347408029
47.678,-0.012282667035996895
47.68,-0.012249990374197894
47.682,-0.012217217747583463
47.684,-0.012184348570619896
47.686,-0.012151382286630496
47.688,-0.012118318367751856
47.69,-0.012085156314881213
47.692,-0.01205189565761599
47.694,-0.012018535954186761
47.696,-0.011985076791381796
47.698,-0.011951517784463989
47.7,-0.011917858577081785
47.702,-0.011884098841171772
47.704,-0.011850238276854316
47.706,-0.011816276612323361
47.708,-0.011782213603728376
47.71,-0.011748049035049644
47.712,-0.011713782717968127
47.714,-0.011679414491727819
47.716,-0.011644944222991865
47.718,-0.011610371805693584
47.72,-0.011575697160880286
47.722,-0.011540920236551388
47.724,-0.011506041007491766
47.726,-0.011471059475097698
47.728,-0.011435975667199115
47.73,-0.011400789637875134
47.732,-0.011365501467264399
47.734,-0.011330111261371291
47.736,-0.011294619151865984
47.738,-0.011259025295879611
47.74,-0.011223329875795668
47.742,-0.011187533099035717
47.744,-0.011151635197840385
47.746,-0.011115636429047185
47.748,-0.01107953707386281
47.75,-0.011043337437631178
47.752,-0.01100703784959866
47.754,-0.010970638662674023
47.756,-0.010934140253184687
47.758,-0.010897543020630271
47.76,-0.01086084738743145
47.762,-0.010824053798675261
47.764,-0.010787162721858192
47.766,-0.01075017464662488
47.768,-0.010713090084503551
47.77,-0.010675909568639686
47.772,-0.010638633653525553
47.774,-0.010601262914726855
47.776,-0.010563797948607949
47.778,-0.010526239372053195
47.78,-0.010488587822185874
47.782,-0.01045084395608602
47.784,-0.010413008450503974
47.786,-0.0103750820015738
47.788,-0.010337065324523309
47.79,-0.01029895915338206
47.792,-0.01026076424068882
47.794,-0.010222481357195995
47.796,-0.010184111291572416
47.798,-0.010145654850105816
47.8,-0.010107112856402721
47.802,-0.010068486151086783
47.804,-0.010029775591497368
47.806,-0.009990982051385537
47.808,-0.009952106420609133
47.81,-0.009913149604828059
47.812,-0.00987411252519749
47.814,-0.00983499611806032
47.816,-0.00979580133464019
47.818,-0.009756529140732623
47.82,-0.009717180516395781
47.822,-0.009677756455641957
47.824,-0.009638257966127568
47.826,-0.009598686068842868
47.828,-0.00955904179780288
47.83,-0.009519326199736859
47.832,-0.009479540333777896
47.834,-0.009439685271153875
47.836,-0.009399762094877332
47.838,-0.00935977189943557
47.84,-0.009319715790482472
47.842,-0.009279594884529356
47.844,-0.009239410308636455
47.846,-0.0091991632001063
47.848,-0.009158854706175659
47.85,-0.009118485983710378
47.852,-0.009078058198899544
47.854,-0.009037572526950534
47.856,-0.008997030151786309
47.858,-0.008956432265742408
47.86,-0.008915780069265035
47.862,-0.008875074770611557
47.864,-0.008834317585550958
47.866,-0.008793509737065518
47.868,-0.008752652455055156
47.87,-0.00871174697604185
47.872,-0.008670794542875535
47.874,-0.008629796404442771
47.876,-0.008588753815375758
47.878,-0.008547668035762889
47.88,-0.008506540330862351
47.882,-0.008465371970816172
47.884,-0.008424164230365957
47.886,-0.008382918388571943
47.888,-0.008341635728532464
47.89,-0.008300317537105455
47.892,-0.008258965104633266
47.894,-0.008217579724668134
47.896,-0.008176162693699807
47.898,-0.008134715310886574
47.9,-0.008093238877787134
47.902,-0.008051734698094722
47.904,-0.008010204077374794
47.906,-0.007968648322803638
47.908,-0.007927068742909407
47.91,-0.007885466647316906
47.912,-0.007843843346492633
47.914,-0.007802200151494439
47.916,-0.007760538373722226
47.918,-0.007718859324671102
47.92,-0.007677164315688465
47.922,-0.00763545465773229
47.924,-0.007593731661132015
47.926,-0.007551996635353416
47.928,-0.00751025088876478
47.93,-0.007468495728405791
47.932,-0.007426732459760426
47.934,-0.007384962386531271
47.936,-0.007343186810416591
47.938,-0.007301407030891506
47.94,-0.007259624344990636
47.942,-0.007217840047093584
47.944,-0.00717605542871454
47.946,-0.007134271778293474
47.948,-0.007092490380990168
47.95,-0.007050712518482449
47.952,-0.007008939468766054
47.954,-0.006967172505957348
47.956,-0.0069254129001003525
47.958,-0.006883661916975384
47.96,-0.006841920817910583
47.962,-0.006800190859597859
47.964,-0.0067584732939103675
47.966,-0.006716769367722999
47.968,-0.006675080322737236
47.97,-0.006633407395307631
47.972,-0.006591751816271292
47.974,-0.006550114810781861
47.976,-0.006508497598144269
47.978,-0.0064669013916547734
47.98,-0.006425327398442459
47.982,-0.006383776819313812
47.984,-0.0063422508486016185
47.986,-0.006300750674015566
47.988,-0.0062592774764958364
47.99,-0.006217832430071067
47.992,-0.006176416701717983
47.994,-0.006135031451224043
47.996,-0.006093677831054415
47.998,-0.006052356986220617
48.0,-0.006011070054152171
48.002,-0.005969818164572559
48.004,-0.005928602439376809
48.006,-0.005887423992512098
48.008,-0.0058462839298626355
48.01,-0.0058051833491361265
48.012,-0.005764123339753263
48.014,-0.0057231049827414105
48.016,-0.0056821293506298925
48.018,-0.005641197507348261
48.02,-0.0056003105081286805
48.022,-0.005559469399409966
48.024,-0.005518675218744471
48.026,-0.005477928994709121
48.028,-0.005437231746818006
48.03,-0.005396584485437814
48.032,-0.005355988211707491
48.034,-0.005315443917458574
48.036,-0.005274952585140415
48.038,-0.005234515187746799
48.04,-0.005194132688745242
48.042,-0.005153806042010335
48.044,-0.005113536191758536
48.046,-0.005073324072485593
48.048,-0.0050331706089079675
48.05,-0.004993076715905624
48.052,-0.004953043298467406
48.054,-0.004913071251640391
48.056,-0.00487316146048042
48.058,-0.004833314800005343
48.06,-0.004793532135151969
48.062,-0.004753814320734325
48.064,-0.004714162201404387
48.066,-0.00467457661161658
48.068,-0.00463505837559345
48.07,-0.004595608307293775
48.072,-0.004556227210384303
48.074,-0.0045169158782126795
48.076,-0.004477675093782687
48.078,-0.004438505629733086
48.08,-0.004399408248317487
48.082,-0.004360383701386543
48.084,-0.0043214327303736245
48.086,-0.004282556066281473
48.088,-0.0042437544296710615
48.09,-0.004205028530653899
48.092,-0.00416637906888521
48.094,-0.004127806733559256
48.096,-0.004089312203408149
48.098,-0.004050896146700629
48.1,-0.004012559221244993
48.102,-0.00397430207439264
48.104,-0.00393612534304362
48.106,-0.00389802965365537
48.108,-0.003860015622252152
48.11,-0.0038220838544363884
48.112,-0.0037842349454031404
48.114,-0.003746469479955175
48.116,-0.0037087880325198767
48.118,-0.0036711911671691334
48.12,-0.0036336794376398297
48.122,-0.003596253387356054
48.124,-0.0035589135494542203
48.126,-0.0035216604468086346
48.128,-0.0034844945920587955
48.13,-0.0034474164876394514
48.132,-0.0034104266258110673
48.134,-0.003373525488691893
48.136,-0.0033367135482927184
48.138,-0.0032999912665519927
48.14,-0.0032633590953723927
48.142,-0.003226817476660057
48.144,-0.0031903668423640293
48.146,-0.0031540076145171684
48.148,-0.003117740205279499
48.15,-0.0030815650169818565
48.152,-0.0030454824421707223
48.154,-0.0030094928636556113
48.156,-0.0029735966545564995
48.158,-0.0029377941783524947
48.16,-0.002902085788932994
48.162,-0.0028664718306480926
48.164,-0.0028309526383620658
48.166,-0.0027955285375066766
48.168,-0.0027601998441356204
48.17,-0.00272496686498111
48.172,-0.0026898298975103797
48.174,-0.002654789229983268
48.176,-0.0026198451415118257
48.178,-0.002584997902119777
48.18,-0.002550247772802966
48.182,-0.00251559500559175
48.184,-0.0024810398436131958
48.186,-0.002446582521154145
48.188,-0.002412223263726157
48.19,-0.0023779622881302098
48.192,-0.0023437998025221344
48.194,-0.002309736006479905
48.196,-0.0022757710910705584
48.198,-0.002241905238917846
48.2,-0.002208138624271584
48.202,-0.0021744714130766257
48.204,-0.0021409037630424066
48.206,-0.0021074358237142352
48.208,-0.0020740677365440295
48.21,-0.0020407996349616053
48.212,-0.0020076316444476144
48.214,-0.0019745638826058863
48.216,-0.0019415964592362223
48.218,-0.0019087294764087784
48.22,-0.0018759630285377898
48.222,-0.0018432972024556987
48.224,-0.0018107320774888615
48.226,-0.0017782677255318638
48.228,-0.0017459042111239668
48.23,-0.001713641591524668
48.232,-0.0016814799167895796
48.234,-0.001649419229847661
48.236,-0.0016174595665776632
48.238,-0.0015856009558847858
48.24,-0.0015538434197786243
48.242,-0.0015221869734502822
48.244,-0.0014906316253496636
48.246,-0.0014591773772639413
48.248,-0.001427824224395165
48.25,-0.0013965721554379945
48.252,-0.0013654211526585268
48.254,-0.0013343711919722393
48.256,-0.00130342224302195
48.258,-0.0012725742692569035
48.26,-0.001241827228010797
48.262,-0.0012111810705799277
48.264,-0.0011806357423022502
48.266,-0.0011501911826354311
48.268,-0.001119847325234945
48.27,-0.0010896040980329837
48.272,-0.0010594614233164126
48.274,-0.0010294192178046235
48.276,-0.0009994773927282149
48.278,-0.0009696358539066259
48.28,-0.0009398945018256558
48.282,-0.0009102532317158546
48.284,-0.000880711933629208
48.286,-0.0008512704925172105
48.288,-0.0008219287883076964
48.29,-0.0007926866959814694
48.292,-0.0007635440856496745
48.294,-0.0007345008226299962
48.296,-0.000705556767522578
48.298,-0.0006767117762866703
48.3,-0.0006479657003160694
48.302,-0.0006193183865142466
48.304,-0.0005907696773701544
48.306,-0.0005623194110327464
48.308,-0.0005339674213852702
48.31,-0.0005057135381200811
48.312,-0.0004775575868121943
48.314,-0.00044949938899256983
48.316,-0.0004215387622218663
48.318,-0.0003936755201629609
48.32,-0.00036590947265308614
48.322,-0.0003382404257764645
48.324,-0.000310668181935668
48.326,-0.0002831925399225596
48.328,-0.0002558132949897086
48.33,-0.00022853023892050427
48.332,-0.00020134316009882101
48.334,-0.0001742518435791339
48.336,-0.00014725607115532655
48.338,-0.000120355621428982
48.34,-9.355026987814888e-05
48.342,-6.683978892473193e-05
48.344,-4.022394800141417e-05
48.346,-1.3702513619035309e-05
48.348,1.272475056793114e-05
48.35,3.905808369497436e-05
48.352,6.529772762262423e-05
48.354,9.144392687201151e-05
48.356,0.00011749692856008985
48.358,0.00014345698233625588
48.36,0.00016932434031947594
48.362,0.00019509925703510046
48.364,0.00022078198935308012
48.366,0.00024637279642667625
48.368,0.00027187193963093895
48.37,0.00029727968250251556
48.372,0.00032259629068006127
48.374,0.00034782203184434944
48.376,0.0003729571756597577
48.378,0.00039800199371636986
48.38,0.0004229567594717567
48.382,0.0004478217481942281
48.384,0.00047259723690656723
48.386,0.0004972835043296087
48.388,0.0005218808308271611
48.39,0.000546389498351528
48.392,0.0005708097903887946
48.394,0.0005951419919055217
48.396,0.0006193863892960168
48.398,0.0006435432703293716
48.4,0.0006676129240979715
48.402,0.0006915956409664602
48.404,0.0007154917125206262
48.406,0.0007393014315176388
48.408,0.0007630250918368234
48.41,0.000786662988430253
48.412,0.0008102154172751376
48.414,0.0008336826753256275
48.416,0.0008570650604659575
48.418,0.0008803628714642584
48.42,0.0009035764079261951
48.422,0.000926705970249928
48.424,0.0009497518595816858
48.426,0.0009727143777712097
48.428,0.0009955938273284873
48.43,0.001018390511381119
48.432,0.0010411047336315194
48.434,0.0010637367983154606
48.436,0.001086287010161181
48.438,0.0011087556743483813
48.44,0.0011311430964685131
48.442,0.0011534495824856664
48.444,0.0011756754386973139
48.446,0.0011978209716963523
48.448,0.001219886488333738
48.45,0.0012418722956809734
48.452,0.001263778700993882
48.454,0.0012856060116769692
48.456,0.001307354535247638
48.458,0.001329024579301675
48.46,0.0013506164514793086
48.462,0.0013721304594311572
48.464,0.0013935669107853653
48.466,0.0014149261131153864
48.468,0.0014362083739075564
48.47,0.0014574140005299673
48.472,0.0014785433002018405
48.474,0.0014995965799627252
48.476,0.0015205741466433487
48.478,0.0015414763068358926
48.48,0.0015623033668655676
48.482,0.0015830556327626746
48.484,0.001603733410234582
48.486,0.0016243370046388692
48.488,0.0016448667209569843
48.49,0.0016653228637677842
48.492,0.001685705737222233
48.494,0.001706015645018607
48.496,0.0017262528903775713
48.498,0.0017464177760183946
48.5,0.0017665106041356753
48.502,0.001786531676375924
48.504,0.0018064812938152486
48.506,0.0018263597569375652
48.508,0.0018461673656126436
48.51,0.0018659044190752422
48.512,0.0018855712159047628
48.514,0.0019051680540047057
48.516,0.0019246952305832466
48.518,0.001944153042134254
48.52,0.001963541784418172
48.522,0.0019828617524439308
48.524,0.0020021132404513626
48.526,0.0020212965418933936
48.528,0.0020404119494193277
48.53,0.0020594597548585563
48.532,0.0020784402492039864
48.534,0.0020973537225969846
48.536,0.002116200464311653
48.538,0.002134980762740246
48.54,0.002153694905378975
48.542,0.0021723431788136325
48.544,0.002190925868706209
48.546,0.0022094432597819296
48.548,0.0022278956358160427
48.55,0.0022462832796216626
48.552,0.0022646064730379323
48.554,0.002282865496918006
48.556,0.0023010606311179875
48.558,0.002319192154486266
48.56,0.002337260344852582
48.562,0.0023552654790180766
48.564,0.0023732078327457044
48.566,0.00239108768075037
48.568,0.0024089052966900374
48.57,0.002426660953157185
48.572,0.002444354921669975
48.574,0.002461987472664365
48.576,0.002479558875486563
48.578,0.002497069398385193
48.58,0.002514519308504393
48.582,0.002531908871877179
48.584,0.002549238353418609
48.586,0.002566508016919773
48.588,0.0025837181250420987
48.59,0.002600868939311403
48.592,0.002617960720112779
48.594,0.002634993726685772
48.596,0.002651968217119237
48.598,0.0026688844483473686
48.6,0.0026857426761451135
48.602,0.0027025431551244558
48.604,0.0027192861387309395
48.606,0.002735971879239957
48.608,0.002752600627753791
48.61,0.0027691726341989246
48.612,0.0027856881473230692
48.614,0.0028021474146929506
48.616,0.002818550682692376
48.618,0.002834898196519927
48.62,0.00285119020018749
48.622,0.002867426936518979
48.624,0.002883608647148747
48.626,0.0028997355725207553
48.628,0.0029158079518879386
48.63,0.0029318260233112724
48.632,0.0029477900236595774
48.634,0.00296370018860948
48.636,0.00297955675264509
48.638,0.0029953599490583982
48.64,0.003011110009949817
48.642,0.003026807166228422
48.644,0.0030424516476129093
48.646,0.0030580436826326595
48.648,0.0030735834986285546
48.65,0.003089071321754399
48.652,0.003104507376978546
48.654,0.003119891888085172
48.656,0.0031352250776762137
48.658,0.00315050716717345
48.66,0.003165738376820197
48.662,0.0031809189256839622
48.664,0.0031960490316584357
48.666,0.00321112891146616
48.668,0.003226158780661333
48.67,0.00324113885363225
48.672,0.0032560693436043996
48.674,0.003270950462643636
48.676,0.00328578242165903
48.678,0.0033005654304063027
48.68,0.003315299697491378
48.682,0.003329985430373589
48.684,0.0033446228353694275
48.686,0.003359212117656462
48.688,0.00337375348127685
48.69,0.00338824712914141
48.692,0.003402693263033824
48.694,0.0034170920836144557
48.696,0.0034314437904247293
48.698,0.003445748581891581
48.7,0.0034600066553315606
48.702,0.003474218206955465
48.704,0.0034883834318730437
48.706,0.0035025025240973543
48.708,0.0035165756765495994
48.71,0.0035306030810641122
48.712,0.0035445849283928695
48.714,0.0035585214082105993
48.716,0.0035724127091199117
48.718,0.003586259018656064
48.72,0.0036000605232922164
48.722,0.0036138174084447633
48.724,0.003627529858478214
48.726,0.0036411980567108574
48.728,0.003654822185419785
48.73,0.003668402425846373
48.732,0.0036819389582019007
48.734,0.003695431961672704
48.736,0.00370888161442584
48.738,0.003722288093614792
48.74,0.0037356515753847602
48.742,0.0037489722348784506
48.744,0.0037622502462418533
48.746,0.0037754857826296775
48.748,0.0037886790162111857
48.75,0.0038018301181760965
48.752,0.0038149392587400917
48.754,0.003828006607150729
48.756,0.0038410323316934187
48.758,0.003854016599696969
48.76,0.0038669595775396087
48.762,0.0038798614306549796
48.764,0.0038927223235377577
48.766,0.0039055424197496956
48.768,0.003918321881925671
48.77,0.003931060871779347
48.772,0.0039437595501092375
48.774,0.003956418076804779
48.776,0.003969036610852022
48.778,0.003981615310339705
48.78,0.003994154332465339
48.782,0.0040066538335408654
48.784,0.004019113968998955
48.786,0.004031534893398665
48.788,0.004043916760431501
48.79,0.004056259722927514
48.792,0.004068563932860981
48.794,0.0040808295413564625
48.796,0.004093056698694862
48.798,0.004105245554319092
48.8,0.004117396256840106
48.802,0.004129508954042939
48.804,0.004141583792892319
48.806,0.0041536209195386885
48.808,0.004165620479324175
48.81,0.004177582616788191
48.812,0.004189507475673388
48.814,0.0042013951989316
48.816,0.004213245928729371
48.818,0.0042250598064538705
48.82,0.00423683697271877
48.822,0.004248577567369725
48.824,0.004260281729490217
48.826,0.004271949597407377
48.828,0.004283581308697387
48.83,0.004295177000191273
48.832,0.004306736807980642
48.834,0.004318260867423017
48.836,0.00432974931314756
48.838,0.004341202279060715
48.84,0.004352619898351498
48.842,0.004364002303497104
48.844,0.0043753496262684865
48.846,0.004386661997735516
48.848,0.004397939548272712
48.85,0.004409182407564322
48.852,0.004420390704609809
48.854,0.004431564567729264
48.856,0.004442704124568473
48.858,0.00445380950210427
48.86,0.004464880826649892
48.862,0.004475918223859916
48.864,0.004486921818735558
48.866,0.004497891735629879
48.868,0.004508828098252668
48.87,0.004519731029675608
48.872,0.004530600652337404
48.874,0.004541437088048564
48.876,0.004552240457996432
48.878,0.004563010882750257
48.88,0.004573748482265822
48.882,0.004584453375890423
48.884,0.0045951256823677875
48.886,0.0046057655198426225
48.888,0.004616373005865479
48.89,0.004626948257397563
48.892,0.004637491390815176
48.894,0.004648002521914471
48.896,0.004658481765916149
48.898,0.004668929237469803
48.9,0.0046793450506585526
48.902,0.004689729319003642
48.904,0.004700082155468654
48.906,0.004710403672464055
48.908,0.0047206939818516674
48.91,0.004730953194948758
48.912,0.004741181422532616
48.914,0.004751378774844592
48.916,0.004761545361594405
48.918,0.004771681291964461
48.92,0.0047817866746137794
48.922,0.004791861617682221
48.924,0.0048019062287946775
48.926,0.004811920615064896
48.928,0.004821904883099588
48.93,0.004831859139002518
48.932,0.0048417834883782065
48.934,0.004851678036335937
48.936,0.004861542887493735
48.938,0.004871378145981948
48.94,0.004881183915447172
48.942,0.004890960299056076
48.944,0.0049007073994989285
48.946,0.004910425318993361
48.948,0.004920114159288128
48.95,0.004929774021666496
48.952,0.004939405006949919
48.954,0.004949007215501679
48.956,0.004958580747230171
48.958,0.004968125701592485
48.96,0.004977642177597917
48.962,0.004987130273811178
48.964,0.00499659008835584
48.966,0.005006021718917772
48.968,0.005015425262748223
48.97,0.005024800816667187
48.972,0.005034148477066714
48.974,0.0050434683399138746
48.976,0.005052760500754179
48.978,0.005062025054714463
48.98,0.0050712620965060904
48.982,0.0050804717204280874
48.984,0.005089654020369984
48.986,0.005098809089814901
48.988,0.005107937021842604
48.99,0.005117037909132238
48.992,0.005126111843965317
48.994,0.005135158918228692
48.996,0.005144179223417179
48.998,0.00515317285063647
49.0,0.005162139890605991
49.002,0.005171080433661468
49.004,0.0051799945697577005
49.006,0.005188882388471372
49.008,0.005197743979003491
49.01,0.005206579430182103
49.012,0.00521538883046501
49.014,0.0052241722679421
49.016,0.005232929830338013
49.018,0.00524166160501471
49.02,0.005250367678973803
49.022,0.00525904813885905
49.024,0.005267703070958918
49.026,0.005276332561208758
49.028,0.0052849366951932845
49.03,0.0052935155581490066
49.032,0.005302069234966322
49.034,0.005310597810192051
49.036,0.0053191013680314965
49.038,0.005327579992350756
49.04,0.005336033766679035
49.042,0.005344462774210658
49.044,0.0053528670978072925
49.046,0.005361246820000215
49.048,0.005369602022992212
49.05,0.00537793278865977
49.052,0.0053862391985552305
49.054,0.005394521333908645
49.056,0.005402779275629897
49.058,0.005411013104310764
49.06,0.005419222900226725
49.062,0.0054274087433390005
49.064,0.0054355707132965544
49.066,0.005443708889437836
49.068,0.005451823350792742
49.07,0.005459914176084569
49.072,0.005467981443731687
49.074,0.0054760252318494275
49.076,0.005484045618251979
49.078,0.0054920426804540064
49.08,0.005500016495672464
49.082,0.00550796714082845
49.084,0.0055158946925487305
49.086,0.005523799227167548
49.088,0.0055316808207283505
49.09,0.005539539548985327
49.092,0.005547375487405098
49.094,0.005555188711168444
49.096,0.005562979295171707
49.098,0.005570747314028597
49.1,0.00557849284207158
49.102,0.005586215953353506
49.104,0.005593916721649224
49.106,0.005601595220456944
49.108,0.005609251522999805
49.11,0.005616885702227467
49.112,0.005624497830817386
49.114,0.005632087981176381
49.116,0.0056396562254421145
49.118,0.005647202635484393
49.12,0.005654727282906608
49.122,0.0056622302390472515
49.124,0.0056697115749811
49.126,0.005677171361520668
49.128,0.005684609669217626
49.13,0.005692026568363985
49.132,0.005699422128993487
49.134,0.005706796420882982
49.136,0.005714149513553576
49.138,0.005721481476271963
49.14,0.005728792378051795
49.142,0.005736082287654746
49.144,0.005743351273591862
49.146,0.005750599404124822
49.148,0.005757826747267034
49.15,0.0057650333707848795
49.152,0.005772219342199011
49.154,0.00577938472878534
49.156,0.005786529597576301
49.158,0.0057936540153620784
49.16,0.005800758048691551
49.162,0.005807841763873651
49.164,0.005814905226978284
49.166,0.005821948503837526
49.168,0.005828971660046782
49.17,0.0058359747609657425
49.172,0.005842957871719514
49.174,0.005849921057199772
49.176,0.005856864382065659
49.178,0.005863787910744921
49.18,0.005870691707434995
49.182,0.0058775758361039095
49.184,0.005884440360491356
49.186,0.005891285344109791
49.188,0.00589811085024527
49.19,0.005904916941958518
49.192,0.005911703682085991
49.194,0.005918471133240691
49.196,0.0059252193578132085
49.198,0.005931948417972746
49.2,0.0059386583756679285
49.202,0.005945349292627807
49.204,0.005952021230362871
49.206,0.005958674250165817
49.208,0.0059653084131125415
49.21,0.005971923780063124
49.212,0.005978520411662578
49.214,0.00598509836834182
49.216,0.005991657710318624
49.218,0.0059981984975983615
49.22,0.006004720789974944
49.222,0.006011224647031753
49.224,0.0060177101281423395
49.226,0.0060241772924714675
49.228,0.006030626198975781
49.23,0.006037056906404733
49.232,0.006043469473301464
49.234,0.006049863958003511
49.236,0.006056240418643681
49.238,0.006062598913150948
49.24,0.00606893949925111
49.242,0.006075262234467668
49.244,0.006081567176122696
49.246,0.006087854381337476
49.248,0.006094123907033382
49.25,0.006100375809932697
49.252,0.0061066101465592736
49.254,0.00611282697323936
49.256,0.0061190263461024415
49.258,0.006125208321081859
49.26,0.006131372953915625
49.262,0.006137520300147253
49.264,0.006143650415126363
49.266,0.0061497633540094805
49.268,0.006155859171760853
49.27,0.006161937923153033
49.272,0.006167999662767685
49.274,0.00617404444499636
49.276,0.0061800723240410865
49.278,0.006186083353915153
49.28,0.0061920775884438724
49.282,0.006198055081265155
49.284,0.006204015885830352
49.286,0.006209960055404827
49.288,0.0062158876430687005
49.29,0.006221798701717601
49.292,0.006227693284063238
49.294,0.006233571442634126
49.296,0.006239433229776334
49.298,0.006245278697654037
49.3,0.006251107898250247
49.302,0.006256920883367536
49.304,0.006262717704628579
49.306,0.006268498413476878
49.308,0.006274263061177472
49.31,0.00628001169881748
49.312,0.0062857443773067945
49.314,0.006291461147378805
49.316,0.006297162059590905
49.318,0.006302847164325211
49.32,0.006308516511789234
49.322,0.006314170152016425
49.324,0.006319808134866824
49.326,0.006325430510027797
49.328,0.006331037327014495
49.33,0.0063366286351705745
49.332,0.006342204483668842
49.334,0.006347764921511774
49.336,0.006353309997532186
49.338,0.006358839760393895
49.34,0.006364354258592215
49.342,0.006369853540454622
49.344,0.006375337654141406
49.346,0.006380806647646154
49.348,0.0063862605687964764
49.35,0.006391699465254494
49.352,0.006397123384517466
49.354,0.006402532373918453
49.356,0.006407926480626776
49.358,0.006413305751648673
49.36,0.0064186702338279306
49.362,0.0064240199738463495
49.364,0.00642935501822438
49.366,0.006434675413321762
49.368,0.006439981205337975
49.37,0.00644527244031287
49.372,0.006450549164127297
49.374,0.006455811422503553
49.376,0.006461059261006012
49.378,0.0064662927250417335
49.38,0.006471511859860916
49.382,0.006476716710557514
49.384,0.006481907322069844
49.386,0.0064870837391810265
49.388,0.0064922460065195975
49.39,0.006497394168560114
49.392,0.00650252826962359
49.394,0.006507648353878095
49.396,0.006512754465339353
49.398,0.00651784664787118
49.4,0.006522924945186075
49.402,0.006527989400845806
49.404,0.006533040058261854
49.406,0.0065380769606959805
49.408,0.006543100151260836
49.41,0.006548109672920337
49.412,0.006553105568490369
49.414,0.006558087880639166
49.416,0.00656305665188789
49.418,0.0065680119246112265
49.42,0.006572953741037774
49.422,0.006577882143250632
49.424,0.006582797173187963
49.426,0.006587698872643417
49.428,0.00659258728326668
49.43,0.006597462446564047
49.432,0.006602324403898835
49.434,0.006607173196491933
49.436,0.006612008865422363
49.438,0.0066168314516276885
49.44,0.006621640995904561
49.442,0.006626437538909277
49.444,0.006631221121158187
49.446,0.006635991783028222
49.448,0.006640749564757463
49.45,0.006645494506445518
49.452,0.006650226648054085
49.454,0.006654946029407471
49.456,0.006659652690193009
49.458,0.006664346669961571
49.46,0.006669028008128122
49.462,0.0066736967439721025
49.464,0.0066783529166379585
49.466,0.0066829965651356744
49.468,0.0066876277283411546
49.47,0.006692246444996759
49.472,0.0066968527537118175
49.474,0.006701446692963006
49.476,0.006706028301094934
49.478,0.006710597616320525
49.48,0.006715154676721511
49.482,0.006719699520248977
49.484,0.006724232184723717
49.486,0.006728752707836747
49.488,0.00673326112714983
49.49,0.006737757480095832
49.492,0.006742241803979245
49.494,0.006746714135976677
49.496,0.006751174513137236
49.498,0.006755622972383022
49.5,0.006760059550509635
49.502,0.00676448428418653
49.504,0.006768897209957531
49.506,0.006773298364241311
49.508,0.006777687783331763
49.51,0.00678206550339849
49.512,0.006786431560487296
49.514,0.006790785990520539
49.516,0.0067951288292976315
49.518,0.006799460112495519
49.52,0.0068037798756690315
49.522,0.00680808815425137
49.524,0.006812384983554591
49.526,0.0068166703987699515
49.528,0.006820944434968389
49.53,0.006825207127101001
49.532,0.006829458509999384
49.534,0.006833698618376155
49.536,0.006837927486825313
49.538,0.00684214514982268
49.54,0.006846351641726401
49.542,0.00685054699677725
49.544,0.006854731249099127
49.546,0.006858904432699506
49.548,0.006863066581469779
49.55,0.006867217729185706
49.552,0.006871357909507893
49.554,0.0068754871559821105
49.556,0.006879605502039759
49.558,0.00688371298099832
49.56,0.006887809626061692
49.562,0.006891895470320626
49.564,0.006895970546753203
49.566,0.006900034888225138
49.568,0.006904088527490238
49.57,0.006908131497190851
49.572,0.006912163829858174
49.574,0.006916185557912718
49.576,0.006920196713664731
49.578,0.006924197329314527
49.58,0.0069281874369529275
49.582,0.0069321670685616905
49.584,0.006936136256013827
49.586,0.006940095031074046
49.588,0.006944043425399176
49.59,0.006947981470538482
49.592,0.006951909197934097
49.594,0.006955826638921453
49.596,0.006959733824729559
49.598,0.006963630786481524
49.6,0.006967517555194821
49.602,0.006971394161781724
49.604,0.006975260637049729
49.606,0.006979117011701857
49.608,0.0069829633163370625
49.61,0.0069867995814506655
49.612,0.006990625837434644
49.614,0.006994442114578045
49.616,0.006998248443067409
49.618,0.007002044852987045
49.62,0.007005831374319466
49.622,0.007009608036945784
49.624,0.007013374870645997
49.626,0.007017131905099406
49.628,0.0070208791698850226
49.63,0.007024616694481836
49.632,0.0070283445082692415
49.634,0.007032062640527428
49.636,0.007035771120437661
49.638,0.007039469977082685
49.64,0.007043159239447122
49.642,0.007046838936417748
49.644,0.007050509096783888
49.646,0.007054169749237813
49.648,0.00705782092237501
49.65,0.007061462644694587
49.652,0.007065094944599632
49.654,0.007068717850397533
49.656,0.00707233139030031
49.658,0.00707593559242505
49.66,0.007079530484794127
49.662,0.007083116095335673
49.664,0.007086692451883819
49.666,0.007090259582179074
49.668,0.007093817513868711
49.67,0.007097366274507037
49.672,0.007100905891555749
49.674,0.007104436392384321
49.676,0.007107957804270271
49.678,0.007111470154399526
49.68,0.007114973469866781
49.682,0.007118467777675785
49.684,0.00712195310473968
49.686,0.007125429477881385
49.688,0.007128896923833845
49.69,0.007132355469240393
49.692,0.007135805140655129
49.694,0.007139245964543142
49.696,0.0071426779672808935
49.698,0.007146101175156577
49.7,0.007149515614370344
49.702,0.007152921311034687
49.704,0.0071563182911747805
49.706,0.007159706580728727
49.708,0.007163086205547916
49.71,0.0071664571913973634
49.712,0.007169819563955971
49.714,0.007173173348816862
49.716,0.007176518571487726
49.718,0.007179855257391073
49.72,0.007183183431864566
49.722,0.007186503120161368
49.724,0.007189814347450376
49.726,0.0071931171388165994
49.728,0.007196411519261403
49.73,0.007199697513702844
49.732,0.007202975146975993
49.734,0.007206244443833184
49.736,0.007209505428944343
49.738,0.007212758126897318
49.74,0.007216002562198114
49.742,0.007219238759271218
49.744,0.007222466742459938
49.746,0.007225686536026619
49.748,0.007228898164152981
49.75,0.007232101650940434
49.752,0.007235297020410314
49.754,0.007238484296504193
49.756,0.007241663503084219
49.758,0.007244834663933319
49.76,0.007247997802755535
49.762,0.007251152943176331
49.764,0.00725430010874282
49.766,0.007257439322924074
49.768,0.007260570609111446
49.77,0.007263693990618778
49.772,0.007266809490682726
49.774,0.007269917132463064
49.776,0.007273016939042892
49.778,0.0072761089334289555
49.78,0.007279193138551956
49.782,0.007282269577266737
49.784,0.007285338272352659
49.786,0.00728839924651379
49.788,0.007291452522379206
49.79,0.007294498122503306
49.792,0.007297536069366012
49.794,0.007300566385373056
49.796,0.0073035890928563095
49.798,0.0073066042140739595
49.8,0.0073096117712108215
49.802,0.007312611786378625
49.804,0.0073156042816162285
49.806,0.007318589278889901
49.808,0.007321566800093627
49.81,0.007324536867049283
49.812,0.007327499501506956
49.814,0.00733045472514522
49.816,0.00733340255957133
49.818,0.007336343026321511
49.82,0.007339276146861249
49.822,0.007342201942585483
49.824,0.007345120434818884
49.826,0.007348031644816145
49.828,0.007350935593762172
49.83,0.007353832302772362
49.832,0.007356721792892887
49.834,0.0073596040851008765
49.836,0.007362479200304698
49.838,0.007365347159344249
49.84,0.007368207982991116
49.842,0.007371061691948871
49.844,0.007373908306853339
49.846,0.007376747848272772
49.848,0.007379580336708167
49.85,0.007382405792593448
49.852,0.007385224236295726
49.854,0.007388035688115581
49.856,0.007390840168287218
49.858,0.007393637696978764
49.86,0.00739642829429252
49.862,0.007399211980265129
49.864,0.007401988774867862
49.866,0.007404758698006858
49.868,0.00740752176952332
49.87,0.007410278009193772
49.872,0.007413027436730299
49.874,0.0074157700717807536
49.876,0.007418505933928986
49.878,0.007421235042695113
49.88,0.007423957417535701
49.882,0.007426673077843994
49.884,0.007429382042950194
49.886,0.007432084332121616
49.888,0.007434779964562946
49.89,0.007437468959416491
49.892,0.0074401513357623475
49.894,0.007442827112618652
49.896,0.007445496308941823
49.898,0.007448158943626733
49.9,0.007450815035506959
49.902,0.0074534646033550195
49.904,0.0074561076658825436
49.906,0.0074587442417405085
49.908,0.0074613743495195
49.91,0.007463998007749835
49.912,0.007466615234901879
49.914,0.007469226049386182
49.916,0.007471830469553713
49.918,0.007474428513696111
49.92,0.007477020200045838
49.922,0.0074796055467764135
49.924,0.007482184572002653
49.926,0.007484757293780824
49.928,0.007487323730108879
49.93,0.007489883898926694
49.932,0.007492437818116211
49.934,0.00749498550550169
49.936,0.007497526978849916
49.938,0.007500062255870366
49.94,0.0075025913542154385
49.942,0.007505114291480674
49.944,0.007507631085204915
49.946,0.0075101417528705165
49.948,0.007512646311903598
49.95,0.007515144779674165
49.952,0.007517637173496349
49.954,0.0075201235106286245
49.956,0.007522603808273963
49.958,0.007525078083580042
49.96,0.0075275463536394836
49.962,0.007530008635489978
49.964,0.007532464946114517
49.966,0.007534915302441613
49.968,0.007537359721345439
49.97,0.007539798219646038
49.972,0.007542230814109551
49.974,0.007544657521448343
49.976,0.007547078358321261
49.978,0.007549493341333763
49.98,0.007551902487038139
49.982,0.007554305811933705
49.984,0.007556703332466969
49.986,0.007559095065031811
49.988,0.007561481025969718
49.99,0.0075638612315699055
49.992,0.00756623569806953
49.994,0.007568604441653902
49.996,0.007570967478456603
49.998,0.007573324824559724
