x,result_minus_fin2ual_plus_offset
1.0593012013000007,-0.023155935404387876
1.0595012012999994,-0.023192615183852475
1.0597012013,-0.023229355778405472
1.0599012013,-0.023266157219180544
1.0601012013000004,-0.02330301953713344
1.0603012012999997,-0.023339942763042014
1.0605012013000004,-0.023376926927508885
1.0607012013000001,-0.02341397206096097
1.0609012013000008,-0.02345107819365247
1.0611012012999996,-0.023488245355664263
1.0613012012999996,-0.023525473576907006
1.0615012012999996,-0.023562762887120316
1.0617012013,-0.023600113315874773
1.0619012012999995,-0.023637524892572325
1.0621012013000004,-0.02367499764644794
1.0623012013000004,-0.02371253160656909
1.0625012013000008,-0.023750126801837832
1.0627012013000008,-0.023787783260990427
1.062901201299999,-0.023825501012598244
1.0631012012999996,-0.023863280085069438
1.0633012012999996,-0.023901120506646882
1.0635012013000003,-0.023939022305410805
1.0637012012999998,-0.023976985509277626
1.0639012013,-0.024015010146001464
1.0641012013000004,-0.024053096243173092
1.0643012013000008,-0.024091243828220515
1.0645012012999997,-0.02412945292840864
1.0647012012999997,-0.024167723570840162
1.0649012012999988,-0.02420605578245373
1.0651012013,-0.024244449590025464
1.0653012013000005,-0.024282905020166452
1.0655012012999998,-0.024321422099324003
1.0657012013000005,-0.02436000085378105
1.0659012013000004,-0.02439864130965412
1.0661012013000009,-0.024437343492894052
1.0663012012999988,-0.024476107429283765
1.066501201299999,-0.02451493314443956
1.0667012012999995,-0.02455382066380729
1.0669012013000003,-0.024592770012663002
1.0671012012999999,-0.0246317812161108
1.0673012013000003,-0.02467085429908268
1.0675012013,-0.0247099892863356
1.0677012013000007,-0.0247491862024512
1.0679012013,-0.024788445071832796
1.0681012012999997,-0.024827765918705128
1.0683012012999988,-0.024867148767111116
1.0685012013000001,-0.0249065936409112
1.0687012013000003,-0.024946100563779165
1.0689012012999997,-0.024985669559201895
1.0691012013000007,-0.025025300650476742
1.0693012013,-0.02506499386070732
1.069501201300001,-0.025104749212803538
1.0697012012999991,-0.02514456672947602
1.0699012012999995,-0.025184446433236536
1.0701012012999995,-0.025224388346391687
1.0703012013000002,-0.025264392491042148
1.0705012013,-0.025304458889078087
1.0707012013000003,-0.025344587562176966
1.0709012012999994,-0.02538477853179874
1.0711012013000007,-0.025425031819184055
1.0713012013000007,-0.02546534744534794
1.0715012012999992,-0.025505725431078034
1.0717012012999996,-0.025546165796930614
1.0719012013,-0.025586668563224592
1.0721012013000004,-0.025627233750038697
1.0723012012999997,-0.02566786137720641
1.0725012013000004,-0.02570855146431234
1.0727012013000004,-0.02574930403068585
1.0729012013000008,-0.025790119095397728
1.0731012012999992,-0.025830996677253783
1.0733012012999996,-0.025871936794791772
1.0735012012999996,-0.02591293946627335
1.0737012013,-0.02595400470968074
1.0739012012999998,-0.0259951325427099
1.0741012013000004,-0.02603632298276576
1.0743012013,-0.02607757604695505
1.0745012013000004,-0.026118891752081735
1.0747012013000004,-0.026160270114639256
1.074901201299999,-0.026201711150805006
1.0751012012999999,-0.026243214876434502
1.0753012012999998,-0.02628478130705246
1.0755012013000003,-0.026326410457848184
1.0757012012999996,-0.02636810234366708
1.0759012013000002,-0.02640985697900482
1.0761012013000004,-0.026451674377998335
1.0763012013000008,-0.026493554554419693
1.0765012012999997,-0.02653549752166735
1.0767012012999997,-0.02657750329275982
1.0769012012999988,-0.026619571880325703
1.0771012013,-0.026661703296597568
1.0773012013,-0.026703897553401162
1.0775012013,-0.02674615466214929
1.077701201300001,-0.026788474633832018
1.0779012013000009,-0.026830857479007385
1.0781012013000006,-0.02687330320779339
1.0783012012999988,-0.026915811829857923
1.0785012012999995,-0.026958383354410906
1.0787012013,-0.02700101779019222
1.0789012013000003,-0.027043715145464026
1.0791012012999999,-0.027086475427999995
1.0793012013000003,-0.027129298645076086
1.0795012013000003,-0.02717218480345903
1.0797012013000007,-0.027215133909397095
1.0799012013000002,-0.027258145968608503
1.0801012012999993,-0.02730122098627153
1.0803012012999986,-0.02734435896701325
1.0805012013000002,-0.0273875599148986
1.0807012013000001,-0.027430823833417592
1.0809012012999997,-0.02747415072547608
1.0811012013000005,-0.027517540593383256
1.0813012013000005,-0.027560993438838714
1.0815012013000005,-0.02760450926292206
1.0817012012999987,-0.027648088066079365
1.0819012012999991,-0.02769172984811274
1.0821012012999995,-0.027735434608165074
1.0823012013000004,-0.027779202344709257
1.0825012013,-0.027823033055534192
1.0827012013000004,-0.027866926737733104
1.0829012013,-0.02791088338768843
1.0831012013000003,-0.02795490300106012
1.0833012012999998,-0.027998985572770342
1.0835012012999992,-0.028043131096991067
1.0837012012999994,-0.02808733956712958
1.0839012013000004,-0.028131610975813993
1.0841012013000004,-0.028175945314878693
1.0843012013,-0.028220342575350846
1.0845012013000004,-0.02826480274743521
1.0847012013000004,-0.02830932582049859
1.0849012013000006,-0.028353911783055713
1.0851012012999992,-0.02839856062275311
1.0853012012999992,-0.028443272326355164
1.0855012012999996,-0.028488046879726756
1.0857012013000005,-0.028532884267818436
1.0859012012999998,-0.02857778447464989
1.0861012013000004,-0.028622747483295404
1.0863012013,-0.028667773275865165
1.0865012013000008,-0.02871286183349122
1.0867012013000004,-0.028758013136308543
1.0869012012999988,-0.028803227163440012
1.0871012012999999,-0.02884850389297961
1.0873012012999999,-0.028893843301972828
1.0875012013,-0.02893924536640209
1.0877012013,-0.02898471006116784
1.0879012013000005,-0.029030237360071494
1.0881012013000004,-0.029075827235797026
1.0883012013000009,-0.029121479659893798
1.0885012012999997,-0.029167194602757306
1.0887012012999993,-0.02921297203361254
1.0889012012999992,-0.029258811920494003
1.0891012013,-0.02930471423022782
1.0893012012999996,-0.029350678928412165
1.0895012013000005,-0.029396705979400112
1.0897012013000005,-0.029442795346278288
1.089901201300001,-0.029488946990849564
1.0901012013000004,-0.029535160873612295
1.0903012012999986,-0.029581436953741512
1.0905012013,-0.029627775189070272
1.0907012012999995,-0.029674175536066452
1.0909012013,-0.02972063794981673
1.0911012012999999,-0.02976716238400378
1.0913012013000007,-0.029813748790887572
1.0915012013000003,-0.029860397121283522
1.0917012013000007,-0.029907107324543797
1.0919012013,-0.029953879348534673
1.0921012012999993,-0.030000713139617427
1.0923012012999989,-0.030047608642626462
1.0925012013,-0.03009456580084874
1.0927012013000001,-0.030141584556001418
1.0929012013000001,-0.03018866484821217
1.0931012013000008,-0.030235806615997098
1.0933012013000005,-0.030283009796238478
1.0935012013000005,-0.03033027432416443
1.0937012012999987,-0.030377600133325616
1.0939012012999996,-0.030424987155575733
1.0941012012999995,-0.030472435321046022
1.0943012013000002,-0.03051994455812625
1.0945012013000002,-0.030567514793440664
1.0947012013000008,-0.030615145951826923
1.0949012013,-0.03066283795631225
1.0951012013000003,-0.030710590728092933
1.0953012012999999,-0.030758404186509367
1.0955012012999994,-0.03080627824902521
1.095701201299999,-0.030854212831203764
1.0959012013,-0.030902207846685573
1.0961012013,-0.030950263207164187
1.0963012013,-0.03099837882236501
1.0965012013000008,-0.031046554600021217
1.0967012013000004,-0.031094790445849937
1.0969012013000004,-0.03114308626353072
1.0971012012999988,-0.031191441954680287
1.0973012012999992,-0.03123985741883148
1.0975012012999996,-0.03128833255340714
1.0977012013,-0.031336867253698455
1.0979012013,-0.03138546141284079
1.0981012013000009,-0.03143411492179072
1.0983012013,-0.031482827669300883
1.0985012013000008,-0.031531599541899
1.0987012013000004,-0.031580430423860786
1.0989012012999992,-0.031629320197188955
1.0991012012999994,-0.031678268741588786
1.0993012013000003,-0.03172727593444331
1.0995012013000003,-0.03177634165079002
1.0997012012999998,-0.03182546576329767
1.0999012013000007,-0.03187464814224236
1.1001012013000002,-0.031923888655482124
1.1003012013000006,-0.03197318716843556
1.1005012012999993,-0.03202254354405533
1.1007012012999995,-0.03207195764280719
1.1009012012999992,-0.0321214293226432
1.1011012013,-0.03217095843898022
1.1013012012999999,-0.032220544844674126
1.1015012013000005,-0.03227018838999807
1.1017012013,-0.032319888922616655
1.1019012013000005,-0.03236964628756417
1.1021012013000002,-0.03241946032721897
1.102301201299999,-0.03246933088128104
1.1025012012999997,-0.03251925778674872
1.1027012012999997,-0.032569240877893174
1.1029012013,-0.032619279986236885
1.1031012013,-0.03266937494052908
1.1033012013000005,-0.03271952556672291
1.1035012013000005,-0.032769731687951276
1.1037012013000007,-0.03281999312450459
1.1039012012999998,-0.03287030969380651
1.1041012012999996,-0.03292068121039215
1.1043012012999989,-0.03297110748588343
1.1045012012999997,-0.03302158832896783
1.1047012012999997,-0.033072123545373436
1.1049012013000001,-0.03312271293784841
1.1051012013000008,-0.03317335630613687
1.105301201300001,-0.03322405344695675
1.1055012013000005,-0.03327480415397752
1.1057012012999992,-0.03332560821779784
1.1059012012999996,-0.033376465425924075
1.1061012012999996,-0.033427375562746275
1.1063012013,-0.03347833840951839
1.1065012013,-0.03352935374433515
1.1067012013000004,-0.03358042134211144
1.1069012013000004,-0.03363154097455995
1.1071012013000008,-0.03368271241017067
1.1073012012999999,-0.03373393541418883
1.1075012012999994,-0.03378520974859524
1.1077012012999987,-0.03383653517208429
1.1079012013000002,-0.033887911440044535
1.1081012012999998,-0.03393933830453582
1.1083012012999998,-0.03399081551427254
1.1085012013000006,-0.03404234281460139
1.1087012013000006,-0.034093919947481365
1.1089012013000006,-0.034145546651465526
1.1091012012999992,-0.034197222661680314
1.1093012012999994,-0.034248947709808006
1.1095012012999996,-0.03430072152406556
1.1097012013,-0.03435254382918749
1.1099012013,-0.034404414346406724
1.1101012013000005,-0.034456332793436975
1.1103012013,-0.03450829888445383
1.1105012013000006,-0.034560312330078356
1.1107012013,-0.03461237283735778
1.1109012012999997,-0.03466448010975041
1.1111012012999995,-0.034716633847107124
1.1113012013000003,-0.03476883374565569
1.1115012013,-0.03482107949798309
1.1117012013,-0.03487337079302136
1.1119012013000007,-0.03492570731603059
1.1121012013000005,-0.034978088748583214
1.1123012013000002,-0.03503051476855001
1.1125012012999993,-0.035082985050084205
1.1127012012999995,-0.035135499263608094
1.1129012012999997,-0.035188057075797405
1.1131012013000001,-0.035240658149568546
1.1133012012999997,-0.035293302144064474
1.1135012013000007,-0.03534598871464276
1.1137012012999996,-0.03539871751286029
1.1139012013000007,-0.03545148818646453
1.1141012013000005,-0.03550430037937729
1.1143012012999995,-0.03555715373168618
1.1145012012999997,-0.03561004787963247
1.1147012013,-0.03566298245559911
1.1149012013,-0.03571595708810116
1.1151012013,-0.03576897140177558
1.1153012013000005,-0.035822025017371396
1.1155012012999999,-0.035875117551739596
1.1157012013000007,-0.035928248617826196
1.1159012012999998,-0.03598141782466075
1.1161012012999993,-0.036034624777351504
1.116301201299999,-0.03608786907707548
1.1165012013000002,-0.036141150321072416
1.1167012012999997,-0.036194468102636504
1.1169012013000006,-0.03624782201111274
1.1171012013000001,-0.036301211631888014
1.1173012013000005,-0.03635463654638854
1.1175012013000005,-0.03640809633207269
1.1177012012999992,-0.036461590562427613
1.1179012012999996,-0.03651511880696622
1.1181012012999996,-0.03656868063122129
1.1183012013,-0.036622275596744656
1.1185012012999997,-0.03667590326110347
1.1187012013000004,-0.036729563177879385
1.1189012013000001,-0.0367832548966656
1.1191012013000003,-0.03683697796306756
1.1193012012999999,-0.03689073191870115
1.1195012012999996,-0.03694451630119392
1.119701201299999,-0.03699833064418482
1.1199012013000003,-0.03705217447732672
1.1201012013,-0.03710604732628558
1.1203012013000002,-0.03715994871274596
1.1205012013000006,-0.03721387815441172
1.1207012013000006,-0.03726783516501002
1.1209012013000004,-0.037321819254295535
1.1211012012999995,-0.03737582992805472
1.1213012012999997,-0.03742986668811174
1.1215012012999996,-0.037483929032332636
1.1217012013000003,-0.03753801645463332
1.1219012013,-0.037592128444985023
1.1221012013000005,-0.03764626448942352
1.1223012013,-0.03770042407005547
1.1225012013000004,-0.03775460666506897
1.1227012012999997,-0.03780881174874104
1.1229012013,-0.03786303879144968
1.123101201299999,-0.03791728725968238
1.1233012013000003,-0.03797155661604994
1.1235012012999999,-0.0380258463192949
1.1237012012999998,-0.03808015582430782
1.1239012013000007,-0.03813448458213835
1.1241012013000002,-0.03818883204000881
1.1243012013000002,-0.03824319764133056
1.1245012012999993,-0.03829758082571731
1.1247012012999997,-0.03835198102900274
1.1249012012999997,-0.038406397683254996
1.1251012013000004,-0.03846083021679593
1.1253012013,-0.038515278054217325
1.1255012013000005,-0.038569740616401185
1.1257012012999994,-0.03862421732053716
1.1259012013000005,-0.03867870758014519
1.1261012013000002,-0.038733210805092594
1.1263012013,-0.038787726401618844
1.1265012013,-0.038842253772356033
1.1267012013,-0.0388967923163519
1.1269012013,-0.038951341429093664
1.1271012013,-0.039005900502532144
1.1273012013000003,-0.039060468925107034
1.1275012013,-0.03911504608177204
1.1277012013000003,-0.03916963135402245
1.1279012012999998,-0.0392242241199212
1.1281012012999998,-0.039278823754128
1.1283012012999993,-0.039333429627926984
1.1285012013000002,-0.039388041109257504
1.1287012012999997,-0.03944265756274238
1.1289012013000006,-0.03949727834972165
1.1291012012999997,-0.03955190282828129
1.1293012013000003,-0.03960653035328906
1.1295012013,-0.039661160276424606
1.1297012012999996,-0.039715791946215856
1.1299012013,-0.03977042470807325
1.1301012012999998,-0.03982505790432447
1.1303012013,-0.0398796908742525
1.1305012013,-0.03993432295413137
1.1307012013000002,-0.039988953477265256
1.1309012013,-0.040043581774026435
1.1311012013000004,-0.04009820717189585
1.1313012013000003,-0.04015282899550239
1.1315012012999999,-0.04020744656666485
1.1317012012999994,-0.040262059204434
1.1319012012999998,-0.0403166662251352
1.1321012012999998,-0.04037126694241139
1.1323012013000002,-0.04042586066726874
1.1325012013000002,-0.040480446708120656
1.1327012013000006,-0.04053502437083499
1.1329012013000002,-0.04058959295877973
1.1331012012999997,-0.04064415177287192
1.1333012013,-0.04069870011162548
1.1335012012999997,-0.040753237271200005
1.1337012013,-0.0408077625454523
1.1339012013,-0.040862275225985845
1.1341012013,-0.04091677460220368
1.1343012013,-0.04097125996136064
1.1345012013000004,-0.04102573058861686
1.1347012013,-0.04108018576709155
1.1349012013,-0.041134624777919265
1.135101201299999,-0.041189046900304414
1.1353012013000003,-0.04124345141158001
1.1355012012999999,-0.041297837587261965
1.1357012012999999,-0.04135220470111134
1.1359012013000007,-0.041406552025191286
1.1361012013,-0.04146087882992696
1.1363012013000002,-0.04151518438416847
1.1365012012999993,-0.041569467955250045
1.1367012013000002,-0.041623728809055335
1.1369012012999995,-0.04167796621007773
1.1371012013000001,-0.04173217942148792
1.1373012013000001,-0.04178636770519609
1.1375012013000003,-0.04184053032191988
1.1377012012999996,-0.04189466653124982
1.1379012013,-0.04194877559171828
1.1381012012999996,-0.04200285676086601
1.1383012013,-0.042056909295313485
1.1385012012999998,-0.04211093245082889
1.1387012013,-0.042164925482400875
1.1389012013000002,-0.04221888764430888
1.1391012013,-0.042272818190196404
1.1393012013000006,-0.042326716373144446
1.1395012012999999,-0.042380581445744685
1.1397012012999999,-0.0424344126601762
1.1399012012999996,-0.04248820926827967
1.1401012013,-0.04254197052163503
1.1403012012999998,-0.042595695671638054
1.1405012013000002,-0.04264938396957971
1.1407012012999997,-0.04270303466672398
1.1409012013000004,-0.04275664701438919
1.1411012012999995,-0.042810220264026824
1.1413012013000001,-0.04286375366730545
1.1415012013,-0.04291724647619026
1.1417012012999999,-0.042970697943028185
1.1419012013000003,-0.04302410732063132
1.1421012013,-0.04307747386236062
1.1423012013,-0.0431307968222127
1.1425012012999995,-0.0431840754549051
1.1427012013000004,-0.043237309015964245
1.1429012012999995,-0.043290496761811334
1.1431012013000004,-0.043343637949853915
1.1433012013000001,-0.04339673183857194
1.1435012013000003,-0.04344977768761048
1.1437012012999994,-0.04350277475786874
1.1439012013000003,-0.043555722311593645
1.1441012012999996,-0.043608619612469375
1.1443012013000002,-0.04366146592571383
1.1445012012999998,-0.043714260518169346
1.1447012013000002,-0.043767002658399966
1.1449012013000002,-0.043819691616784714
1.1451012012999997,-0.043872326665614886
1.1453012013000003,-0.043924907079190896
1.1455012012999997,-0.04397743213391831
1.1457012013,-0.044029901108408535
1.1459012012999998,-0.04408231328357522
1.1461012013,-0.04413466794273593
1.1463012012999996,-0.04418696437171099
1.1465012013,-0.04423920185892605
1.1467012013,-0.04429137969551211
1.1469012013000004,-0.04434349717540939
1.1471012012999995,-0.044395553595469234
1.1473012013000004,-0.0444475482555598
1.1475012012999999,-0.044499480458667466
1.1477012012999999,-0.0445513495110051
1.1479012013000003,-0.044603154722115776
1.1481012013,-0.04465489540497952
1.1483012013000002,-0.04470657087612128
1.1485012012999998,-0.04475818045571723
1.1487012013000002,-0.04480972346770448
1.1489012012999997,-0.044861199239888495
1.1491012013000004,-0.04491260710405433
1.1493012013,-0.04496394639607478
1.1495012013000003,-0.04501521645602333
1.1497012012999996,-0.04506641662828326
1.1499012013,-0.045117546261661846
1.1501012012999996,-0.045168604709500515
1.1503012013000005,-0.04521959132979023
1.1505012012999998,-0.04527050548528268
1.1507012013000002,-0.04532134654360708
1.1509012013,-0.045372113877382575
1.1511012012999995,-0.04542280686433499
1.1513012013000004,-0.045473424887412614
1.1515012012999999,-0.045523967334900814
1.1517012013,-0.04557443360054149
1.1519012012999998,-0.04562482308364834
1.1521012013,-0.04567513518922592
1.1523012012999996,-0.04572536932808696
1.1525012013000002,-0.04577552491697275
1.1527012013000002,-0.04582560137867035
1.1529012013000004,-0.045875598142134294
1.1531012012999995,-0.045925514642605414
1.1533012013000004,-0.04597535032173308
1.1535012012999997,-0.04602510462769395
1.1537012013,-0.04607477701531629
1.1539012013000003,-0.04612436694619961
1.1541012013,-0.04617387388883816
1.1543012013000005,-0.04622329731874408
1.1545012012999998,-0.04627263671856911
1.1547012013000004,-0.046321891578230245
1.1549012012999995,-0.04637106139503114
1.1551012013000002,-0.046420145673789236
1.1553012013,-0.04646914392695769
1.1555012013000001,-0.04651805567475252
1.1557012012999996,-0.04656688044527642
1.1559012013,-0.04661561777464576
1.1561012012999998,-0.04666426720711532
1.1563012013000002,-0.04671282829520569
1.1565012012999996,-0.04676130059982869
1.1567012013000002,-0.046809683690415965
1.1569012013000002,-0.04685797714504389
1.1571012012999997,-0.04690618055056301
1.1573012013000006,-0.04695429350272508
1.1575012012999997,-0.04700231560630985
1.1577012013,-0.0470502464752558
1.1579012012999998,-0.04709808573278561
1.1581012013000003,-0.047145833011537144
1.1583012012999996,-0.04719348795369062
1.1585012013000002,-0.04724105021109923
1.1587012013,-0.04728851944541655
1.1589012013000004,-0.04733589532822774
1.1591012012999995,-0.047383177541177296
1.1593012013,-0.047430365776101005
1.1595012012999995,-0.04747745973515321
1.1597012012999999,-0.04752445913093931
1.1599012013000003,-0.047571363686643865
1.1601012013,-0.047618173136161915
1.1603012013000003,-0.04766488722422936
1.1605012012999998,-0.04771150570655281
1.1607012013000004,-0.04775802834994095
1.1609012012999997,-0.047804454932433696
1.1611012013000002,-0.047850785243435015
1.1613012012999997,-0.0478970190838412
1.1615012013000001,-0.04794315626617374
1.1617012012999999,-0.04798919661470847
1.1619012013,-0.04803513996560757
1.1621012012999998,-0.048080986167049415
1.1623012013,-0.0481267350793603
1.1625012012999996,-0.04817238657514418
1.1627012013000002,-0.04821794053941475
1.1629012013000002,-0.04826339686972447
1.1631012013,-0.048308755476296865
1.1633012013000008,-0.04835401628215655
1.1635012013,-0.04839917922325883
1.1637012013,-0.048444244248622315
1.1639012012999999,-0.04848921132045714
1.1641012013000003,-0.048534080414296736
1.1643012012999996,-0.048578851519126796
1.1645012013000002,-0.04862352463751705
1.1647012013,-0.04866809978574904
1.1649012013000002,-0.04871257699394789
1.1651012012999995,-0.04875695630621044
1.1653012013,-0.04880123778073621
1.1655012012999997,-0.048845421489954986
1.1657012013,-0.04888950752065756
1.1659012013,-0.048933495974123435
1.1661012013,-0.04897738696625039
1.1663012013,-0.0490211806276826
1.1665012012999998,-0.049064877103938975
1.1667012013000004,-0.049108476555541486
1.1669012012999995,-0.04915197915814204
1.1671012013,-0.04919538510265186
1.1673012013,-0.049238694595366665
1.1675012013000003,-0.049281907858095275
1.1677012012999999,-0.04932502512828528
1.1679012012999999,-0.0493680466591505
1.1681012012999998,-0.04941097271979629
1.1683012013000003,-0.049453803595345694
1.1685012012999996,-0.04949653958706461
1.1687012013000002,-0.04953918101248801
1.1689012013000002,-0.04958172820554309
1.1691012013000002,-0.04962418151667516
1.1693012013000006,-0.04966654131297122
1.1695012013000001,-0.04970880797828327
1.1697012013,-0.049750981913352685
1.1699012012999999,-0.049793063535932124
1.1701012013000003,-0.049835053280908856
1.1703012012999996,-0.04987695160042606
1.1705012013000002,-0.049918758964005924
1.1707012013,-0.04996047585866916
1.1709012013000004,-0.0500021027890576
1.1711012012999995,-0.05004364027755308
1.1713012013,-0.05008508886439918
1.1715012012999995,-0.050126449107818605
1.1717012013000003,-0.05016772158413435
1.1719012012999999,-0.05020890688788618
1.1721012013000003,-0.05025000563195074
1.1723012012999998,-0.05029101844765736
1.1725012012999998,-0.0503319459849065
1.1727012013000004,-0.05037278891228551
1.1729012012999998,-0.05041354791718436
1.1731012013,-0.050454223705912585
1.1733012013,-0.050494817003812545
1.1735012013000001,-0.050535328555375
1.1737012012999997,-0.05057575912435237
1.1739012013,-0.050616109493872706
1.1741012013,-0.0506563804665515
1.1743012013000005,-0.05069657286460484
1.1745012012999994,-0.05073668752995993
1.1747012013000004,-0.05077672532436801
1.1749012013,-0.05081668712951183
1.1751012013,-0.0508565738471184
1.1753012013000004,-0.050896386399066455
1.1755012013000001,-0.05093612572749537
1.1757012013000003,-0.050975792794913696
1.1759012012999999,-0.05101538858430564
1.1761012013000003,-0.05105491409923883
1.1763012012999996,-0.05109437036396905
1.1765012013000002,-0.051133758423547296
1.1767012012999998,-0.05117307934392276
1.1769012013000002,-0.05121233421204872
1.1771012012999997,-0.05125152413598443
1.1773012013,-0.05129065024499931
1.1775012012999997,-0.05132971368967389
1.1777012013000003,-0.05136871564200225
1.1779012012999996,-0.051407657295491585
1.1781012013,-0.051446539865264
1.1783012012999998,-0.05148536458815399
1.1785012012999996,-0.05152413272280859
1.1787012013000004,-0.05156284554978492
1.1789012013,-0.051601504371646595
1.1791012013,-0.05164011051306194
1.1793012013,-0.051678665320898626
1.1795012013,-0.051717170164319134
1.1797012012999994,-0.05175562643487525
1.1799012013000003,-0.05179403554660214
1.1801012012999998,-0.05183239893611
1.1803012013000003,-0.05187071806267828
1.1805012012999996,-0.05190899440834523
1.1807012013,-0.05194722947800048
1.1809012012999995,-0.05198542479947325
1.1811012013000002,-0.05202358192362345
1.1813012013000002,-0.052061702424428515
1.1815012013000001,-0.05209978789907259
1.1817012013000001,-0.05213783996803281
1.1819012013,-0.05217586027516585
1.1821012013000005,-0.052213850487793506
1.1823012012999998,-0.052251812296787
1.1825012013,-0.05228974741665214
1.1827012013,-0.05232765758561124
1.1829012013,-0.05236554456568655
1.1831012012999997,-0.052403410142781603
1.1833012013,-0.052441256126762564
1.1835012012999997,-0.052479084351537864
1.1837012013000003,-0.05251689667513848
1.1839012012999997,-0.05255469497979553
1.1841012013000003,-0.05259248117201983
1.1843012013,-0.05263025718267709
1.1845012012999998,-0.05266802496706597
1.1847012013000007,-0.05270578650499319
1.1849012012999998,-0.05274354380084748
1.1851012012999997,-0.05278129888367565
1.1853012012999997,-0.05281905380725411
1.1855012013000001,-0.0528568106501624
1.1857012012999995,-0.05289457151585448
1.1859012013,-0.05293233853273082
1.1861012013,-0.0529701138542071
1.1863012013000003,-0.05300789965878526
1.1865012012999996,-0.05304569815012127
1.1867012013,-0.053083511557094135
1.1869012012999995,-0.05312134213387183
1.1871012013000002,-0.053159192159979315
1.1873012013000002,-0.05319706394036293
1.1875012013,-0.05323495980545642
1.1877012013000003,-0.05327288211124501
1.1879012012999999,-0.05331083323932818
1.1881012013000005,-0.053348815596983845
1.1883012012999998,-0.053386831617228694
1.1885012013,-0.05342488375888135
1.1887012012999998,-0.05346297450662127
1.1889012013000002,-0.053501106371049795
1.1891012012999997,-0.05353928188874833
1.1893012013000002,-0.05357750362233782
1.1895012012999997,-0.05361577416053506
1.1897012013000003,-0.053654096118211154
1.1899012012999997,-0.053692472136446165
1.1901012013,-0.05373090488258631
1.1903012013,-0.05376939705029721
1.1905012013,-0.05380795135961905
1.1907012013000007,-0.05384657055701973
1.1909012013,-0.05388525741544696
1.1911012013,-0.05392401473438165
1.1913012013,-0.05396284533988789
1.1915012013000004,-0.054001752084664345
1.1917012012999995,-0.054040737848093684
1.1919012013000003,-0.05407980553629311
1.1921012012999999,-0.054118958082161
1.1923012013000003,-0.05415819844542696
1.1925012012999994,-0.054197529612697415
1.1927012013,-0.05423695459750401
1.1929012012999993,-0.054276476440347526
1.1931012013000002,-0.054316098208745514
1.1933012012999997,-0.0543558229972748
1.1935012013000001,-0.05439565392761769
1.1937012013000001,-0.0544355941486037
1.1939012013,-0.054475646836253507
1.1941012013000005,-0.05451581519382087
1.1943012012999996,-0.05455610245183369
1.1945012013,-0.054596511868136466
1.1947012013,-0.05463704672792888
1.1949012013,-0.05467771034380704
1.1951012012999997,-0.05471850605580194
1.1953012013,-0.05475943723141874
1.1955012013,-0.054800507265674134
1.1957012013000003,-0.05484171958113442
1.1959012012999994,-0.05488307762795189
1.1961012013,-0.05492458488390241
1.1963012012999998,-0.05496624485441945
1.1965012013,-0.05500806107263102
1.1967012013000002,-0.05505003709939344
1.1969012013000002,-0.055092176523325924
1.1971012013000002,-0.05513448296084431
1.1973012013,-0.0551769600561941
1.1975012013000002,-0.05521961148148325
1.1977012012999997,-0.05526244093671398
1.1979012013,-0.055305452149815235
1.1981012013,-0.05534864887667259
1.1983012013,-0.055392034901160125
1.1985012012999996,-0.05543561403516982
1.1987012013,-0.055479390118642
1.1989012012999996,-0.05552336701959337
1.1991012013000004,-0.05556754863414742
1.1993012012999997,-0.0556119388865608
1.1995012013000002,-0.05565654172925338
1.1997012013,-0.055701361142833514
1.1999012012999999,-0.05574640113612676
1.2001012013000003,-0.05579166574620137
1.2003012012999998,-0.055837159038394465
1.2005012013,-0.05588288510633865
1.2007012013,-0.05592884807198609
1.2009012013000002,-0.05597505208563411
1.2011012012999998,-0.056021501325949324
1.2013012013000002,-0.056068199999992324
1.2015012013000002,-0.05611515234324025
1.2017012013000004,-0.056162362619611196
1.2019012012999994,-0.056209835121486085
1.2021012013,-0.0562575741697328
1.2023012012999998,-0.056305584113725965
1.2025012013,-0.05635386933137115
1.2027012013000002,-0.056402434229124596
1.2029012013,-0.056451283242015066
1.2031012013000002,-0.05650042083366466
1.2033012013,-0.05654985149630865
1.2035012013000004,-0.0565995797508162
1.2037012012999997,-0.056649610146709134
1.2039012013,-0.056699947262182734
1.2041012012999999,-0.056750595704123274
1.2043012013,-0.05680156010812769
1.2045012012999998,-0.056852845138521485
1.2047012013,-0.0569044554883775
1.2049012012999998,-0.05695639587953269
1.2051012013000002,-0.05700867106260677
1.2053012012999995,-0.05706128581701786
1.2055012013000002,-0.05711424495100147
1.2057012013,-0.05716755330162457
1.2059012013,-0.05722121573480399
1.2061012013000005,-0.05727523714532143
1.2063012013,-0.057329622456838536
1.2065012012999998,-0.05738437662191398
1.2067012013,-0.05743950462201723
1.2069012013,-0.05749501146754358
1.2071012012999998,-0.05755090219782901
1.2073012013,-0.05760718188116454
1.2075012013000002,-0.057663855614809696
1.2077012013000001,-0.057720928525006536
1.2079012012999994,-0.057778405766993085
1.2081012012999999,-0.05783629252501704
1.2083012012999998,-0.057894594012347145
1.2085012013000003,-0.057953315471287487
1.2087012013,-0.05801246217318847
1.2089012013000002,-0.058072039418460106
1.2091012013000002,-0.058132052536582574
1.2093012013000002,-0.05819250688611867
1.2095012013000004,-0.05825340785472455
1.2097012012999997,-0.05831476085916033
1.2099012013000001,-0.05837657134530221
1.2101012013,-0.05843884478815062
1.2103012013,-0.05850158669184211
1.2105012012999996,-0.05856480258965824
1.2107012013,-0.0586284980440359
1.2109012012999998,-0.058692678646575
1.2111012013000002,-0.05875735001804927
1.2113012012999993,-0.058822517808412834
1.2115012013000004,-0.05888818769681134
1.2117012013000001,-0.058954365391585994
1.2119012013,-0.0590210566302849
1.2121012013000005,-0.05908826717966885
1.2123012012999999,-0.05915600283571734
1.2125012013,-0.05922426942363781
1.2127012013,-0.05929307279786939
1.2129012013000002,-0.059362418842090495
1.2131012012999995,-0.059432313469223536
1.2133012013000002,-0.059502762621441746
1.2135012013000002,-0.059573772270171584
1.2137012013000001,-0.05964534841609964
1.2139012012999995,-0.05971749708917542
1.2141012013,-0.059790224348616444
1.2143012012999996,-0.05986353628290923
1.2145012013,-0.05993743900981538
1.2147012013,-0.060011938676371154
1.2149012013,-0.060087041458891766
1.2151012013000004,-0.060162753562972036
1.2153012013,-0.06023908122348723
1.2155012013000006,-0.060316030704595534
1.2157012012999995,-0.06039360829973531
1.2159012013,-0.060471820331629136
1.2161012012999999,-0.060550673152278627
1.2163012013000003,-0.06063017314296627
1.2165012012999998,-0.060710326714251944
1.2167012012999998,-0.06079114030597219
1.2169012012999998,-0.06087262038723597
1.2171012013000002,-0.06095477345642191
1.2173012012999993,-0.06103760604117343
1.2175012013000002,-0.061121124698396694
1.2177012013000001,-0.061205336014251266
1.2179012013,-0.061290246604147725
1.2181012013000005,-0.06137586311274021
1.2183012013,-0.06146219221391755
1.2185012013,-0.06154924061079829
1.2187012013,-0.06163701503571971
1.2189012013,-0.06172552225022959
1.2191012012999995,-0.061814769045075754
1.2193012013000002,-0.06190476224019621
1.2195012013,-0.06199550868470534
1.2197012013000001,-0.0620870152568843
1.2199012012999995,-0.06217928886416514
1.2201012012999999,-0.062272336443119615
1.2203012012999994,-0.06236616495944059
1.2205012013000003,-0.06246078140793022
1.2207012012999998,-0.06255619281247873
1.2209012013000002,-0.0626524062260514
1.2211012012999998,-0.06274942873066564
1.2213012012999998,-0.06284726743737476
1.2215012013000006,-0.06294592948624522
1.2217012012999997,-0.06304542204633397
1.2219012013000001,-0.06314575231566985
1.2221012013,-0.06324692752122457
1.2223012013,-0.06334895491889106
1.2225012012999998,-0.06345184179345602
1.2227012013,-0.06355559545857314
1.2229012013,-0.06366022325673368
1.2231012013000004,-0.06376573255923773
1.2233012012999993,-0.06387213076616136
1.2235012013000002,-0.06397942530632833
1.2237012013,-0.06408762363727005
1.2239012013,-0.0641967332451964
1.2241012013000003,-0.0643067616449564
1.2243012013,-0.06441771637999999
1.2245012013000003,-0.06452960502234101
1.2247012013,-0.06464243517251356
1.2249012013000002,-0.06475621445953224
1.2251012012999998,-0.06487095054084582
1.2253012013000002,-0.06498665110229454
1.2255012013000002,-0.06510332385805963
1.2257012013000002,-0.06522097655061741
1.2259012012999997,-0.0653396169506871
1.2261012013,-0.06545925285718018
1.2263012012999996,-0.06557989209714353
1.2265012013000003,-0.06570154252570769
1.2267012012999996,-0.06582421202602406
1.2269012013,-0.06594790850921142
1.2271012013,-0.06607263991428838
1.2273012012999998,-0.06619841420811401
1.2275012013000004,-0.0663252393853214
1.2277012013,-0.06645312346824789
1.2279012013,-0.06658207450686941
1.2281012013,-0.06671210057872531
1.2283012012999999,-0.06684320978884592
1.2285012012999998,-0.06697541026967602
1.2287012012999998,-0.06710871018099647
1.2289012013000002,-0.06724311770984367
1.2291012013000002,-0.06737864107042534
1.2293012012999995,-0.06751528850403618
1.2295012013000002,-0.06765306827897122
1.2297012012999997,-0.06779198869043052
1.2299012013000001,-0.06793205806043251
1.2301012013000003,-0.06807328473771304
1.2303012013,-0.06821567709763
1.2305012013,-0.06835924354206249
1.2307012013,-0.06850399249930586
1.2309012013000005,-0.06864993242396639
1.2311012013,-0.06879707179685043
1.2313012013,-0.06894541912485548
1.2315012013,-0.06909498294085183
1.2317012013,-0.06924577180356631
1.2319012012999997,-0.06939779429746076
1.2321012013,-0.06955105903260869
1.2323012012999996,-0.06970557464456625
1.2325012012999998,-0.0698613497942444
1.2327012012999994,-0.0700183931677722
1.2329012013000002,-0.0701767134763641
1.2331012013000002,-0.07033631945617375
1.2333012012999998,-0.07049721986815578
1.2335012013000006,-0.0706594234979177
1.2337012012999997,-0.07082293915556429
1.2339012013000001,-0.07098777567555238
1.2341012013,-0.07115394191652379
1.2343012013,-0.07132144676115085
1.2345012012999996,-0.07149029911596659
1.2347012013,-0.07166050791120003
1.2349012013,-0.07183208210059865
1.2351012013,-0.07200503066125571
1.2353012012999995,-0.07217936259342747
1.2355012013,-0.07235508692035048
1.2357012012999995,-0.0725322126880493
1.2359012013,-0.07271074896514892
1.2361012013000003,-0.07289070484267286
1.2363012012999999,-0.07307208943384365
1.2365012013000003,-0.07325491187388022
1.2367012012999998,-0.07343918131978253
1.2369012013000007,-0.07362490695012372
1.2371012012999998,-0.07381209796482299
1.2373012012999998,-0.07400076358493271
1.2375012012999997,-0.07419091305240179
1.2377012013000002,-0.07438255562984758
1.2379012012999997,-0.07457570060031617
1.2381012013000001,-0.07477035726704429
1.2383012012999999,-0.07496653495320721
1.2385012013,-0.07516424300167185
1.2387012012999996,-0.07536349077473614
1.2389012013,-0.07556428765387167
1.2391012013000002,-0.07576664303945181
1.2393012012999995,-0.07597056635048266
1.2395012013000009,-0.07617606702432954
1.2397012013,-0.07638315451642348
1.2399012013000004,-0.0765918382999885
1.2401012013,-0.07680212786573531
1.2403012013000003,-0.07701403272157217
1.2405012012999994,-0.07722756239229302
1.2407012013000003,-0.07744272641927745
1.2409012013,-0.07765953436016354
1.2411012013,-0.07787799578853788
1.2413012012999995,-0.07809812029360232
1.2415012013000002,-0.07831991747984568
1.2417012012999997,-0.07854339696669939
1.2419012013,-0.07876856838820147
1.2421012013,-0.07899544139263859
1.2423012013,-0.07922402564219479
1.2425012013000005,-0.07945433081258638
1.2427012012999996,-0.07968636659269249
1.2429012013000007,-0.07992014268418736
1.2431012012999996,-0.08015566880114468
1.2433012013,-0.08039295466966823
1.2435012013,-0.08063201002748185
1.2437012013,-0.08087284462353828
1.2439012013,-0.08111546821760907
1.2441012013,-0.0813598905798712
1.2443012012999999,-0.08160612149048702
1.2445012013,-0.08185417073917711
1.2447012012999994,-0.08210404812478503
1.2449012013,-0.08235576345484187
1.2451012013000002,-0.08260932654511005
1.2453012012999998,-0.08286474721913512
1.2455012013000006,-0.0831220353077857
1.2457012013000002,-0.0833812006487756
1.2459012013000001,-0.08364225308619971
1.2461012013,-0.08390520247004248
1.2463012013,-0.08417005865569206
1.2465012012999996,-0.08443683150343906
1.2467012013000003,-0.08470553087797753
1.2469012013,-0.0849761666478841
1.2471012013,-0.08524874868510675
1.2473012012999996,-0.08552328686443142
1.2475012013,-0.0857997910629519
1.2477012012999995,-0.08607827115952034
1.2479012013,-0.08635873703420602
1.2481012013,-0.08664119856772824
1.2483012013000003,-0.08692566564089757
1.2485012012999999,-0.08721214813403633
1.2487012012999994,-0.08750065592640291
1.2489012013000007,-0.08779119889560055
1.2491012012999998,-0.08808378691697
1.2493012013000002,-0.08837842986300312
1.2495012013000002,-0.08867513760271067
1.2497012013000002,-0.08897392000101095
1.2499012012999997,-0.08927478691809587
1.2501012013000001,-0.08957774820879574
1.2503012013,-0.0898828137219265
1.2505012013,-0.09018999329964125
1.2507012012999994,-0.09049929677676247
1.2509012013000003,-0.09081073398011616
1.2511012013,-0.09112431472783995
1.2513012012999998,-0.09144004882870749
1.2515012013000004,-0.09175794608142464
1.2517012013,-0.09207801627391976
1.2519012013000004,-0.09240026918263945
1.2521012013,-0.09272471457181346
1.2523012013000003,-0.09305136219273372
1.2525012012999999,-0.09338022178300265
1.2527012013,-0.0937113030657948
1.2529012013,-0.09404461574908843
1.2531012013000002,-0.09438016952490491
1.2533012012999998,-0.09471797406852821
1.2535012013,-0.0950580390377252
1.2537012012999997,-0.0954003740719442
1.2539012013,-0.09574498879151949
1.2541012012999997,-0.09609189279685237
1.2543012013000001,-0.09644109566759679
1.2545012013,-0.09679260696182146
1.2547012012999996,-0.09714643621517709
1.2549012013000005,-0.09750259294004826
1.2551012012999996,-0.09786108662468421
1.2553012013,-0.09822192673235194
1.2555012013,-0.09858512270044038
1.2557012013,-0.09895068393958782
1.2559012012999997,-0.0993186198327819
1.2561012013000001,-0.09968893973445932
1.2563012013000003,-0.10006165296958767
1.2565012013,-0.10043676883274733
1.2567012012999994,-0.10081429658719884
1.2569012012999998,-0.10119424546394487
1.2571012012999998,-0.10157662466077065
1.2573012012999998,-0.10196144334129428
1.2575012013000002,-0.10234871063399349
1.2577012013,-0.1027384356312245
1.2579012013000002,-0.10313062738824155
1.2581012013000001,-0.10352529492219187
1.2583012013000006,-0.10392244721111484
1.2585012012999999,-0.10432209319291977
1.2587012013,-0.10472424176437121
1.2589012013,-0.1051289017800415
1.2591012013,-0.10553608205127518
1.2593012012999998,-0.10594579134513196
1.2595012013,-0.10635803838332669
1.2597012013,-0.10677283184115191
1.2599012013,-0.10719018034640189
1.2601012012999995,-0.10761009247827719
1.2603012013,-0.10803257676629002
1.2605012013000003,-0.10845764168914605
1.2607012012999999,-0.10888529567363009
1.2609012013000007,-0.10931554709348393
1.2611012012999998,-0.10974840426825126
1.2613012013000002,-0.1101838754621551
1.2615012013,-0.11062196888291735
1.2617012013000002,-0.11106269268061147
1.2619012012999995,-0.11150605494647492
1.2621012013000001,-0.11195206371173955
1.2623012013000001,-0.11240072694642071
1.2625012013,-0.11285205255813088
1.2627012012999996,-0.11330604839085961
1.2629012012999998,-0.11376272222375959
1.2631012012999998,-0.11422208176990954
1.2633012012999998,-0.11468413467508227
1.2635012013,-0.11514888851649552
1.2637012013,-0.11561635080155404
1.2639012013000004,-0.11608652896658836
1.2641012013,-0.11655943037557434
1.2643012013000008,-0.11703506231886296
1.2645012012999994,-0.11751343201186686
1.2647012012999999,-0.11799454659379205
1.2649012012999998,-0.11847841312629645
1.2651012013000003,-0.11896503859219452
1.2653012012999998,-0.11945442989411881
1.2655012012999998,-0.11994659385319706
1.2657012013000002,-0.12044153720769987
1.2659012013000002,-0.12093926661169077
1.2661012012999995,-0.12143978863367025
1.2663012013,-0.12194310975521132
1.2665012013000003,-0.1224492363695718
1.2667012012999996,-0.12295817478031709
1.2669012013000005,-0.1234699311999378
1.2671012012999996,-0.12398451174842529
1.2673012013000002,-0.12450192245189544
1.2675012013,-0.1250221692411415
1.2677012013000004,-0.12554525795023558
1.2679012012999995,-0.12607119431507777
1.2681012013,-0.12659998397197947
1.2683012013000003,-0.12713163245619385
1.2685012013,-0.1276661452004749
1.2687012012999994,-0.12820352753361686
1.2689012012999998,-0.12874378467898734
1.2691012012999998,-0.12928692175304007
1.2693012013,-0.12983294376384727
1.2695012012999998,-0.1303818556096002
1.2697012013,-0.13093366207712095
1.2699012013000002,-0.13148836784035217
1.2701012012999997,-0.1320459774588497
1.2703012013000008,-0.1326064953762761
1.2705012012999997,-0.13316992591885257
1.2707012013,-0.13373627329386867
1.2709012013,-0.13430554158810906
1.2711012013000003,-0.1348777347663369
1.2713012012999998,-0.13545285666973433
1.2715012013,-0.13603091101435988
1.2717012013000002,-0.1366119013895788
1.2719012013,-0.13719583125650356
1.2721012012999995,-0.1377827039464261
1.2723012013,-0.13837252265924324
1.2725012013000003,-0.138965290461867
1.2727012012999999,-0.1395610102866457
1.2729012013000005,-0.14015968492978104
1.2731012012999998,-0.14076131704971104
1.2733012013000002,-0.14136590916553832
1.2735012013,-0.1419734636553969
1.2737012013000004,-0.14258398275486558
1.2739012012999997,-0.14319746855533583
1.2741012013000002,-0.14381392300241497
1.2743012013000001,-0.1444333478942813
1.2745012013,-0.14505574488007625
1.2747012012999996,-0.14568111545826543
1.2749012012999996,-0.14630946097501377
1.2751012013,-0.14694078262254176
1.2753012013,-0.147575081437486
1.2755012012999998,-0.1482123582992628
1.2757012013,-0.14885261392842117
1.2759012013,-0.14949584888498835
1.2761012012999997,-0.15014206356682572
1.2763012013000006,-0.15079125820797773
1.2765012012999999,-0.1514434328769988
1.2767012012999999,-0.15209858747532498
1.2769012013000003,-0.1527567217355909
1.2771012013,-0.15341783521997265
1.2773012012999996,-0.1540819273185341
1.2775012013,-0.1547489972475595
1.2777012013000004,-0.15541904404787857
1.2779012013000002,-0.15609206658320943
1.2781012012999995,-0.15676806353849168
1.2783012013,-0.15744703341822128
1.2785012013000001,-0.15812897454476826
1.2787012012999996,-0.1588138850567202
1.2789012013000005,-0.15950176290721993
1.2791012012999998,-0.1601926058622716
1.2793012013000005,-0.16088641149910954
1.2795012013,-0.16158317720449214
1.2797012013000004,-0.16228290017306973
1.2799012012999997,-0.1629855774056886
1.2801012013,-0.16369120570775478
1.2803012013000004,-0.1643997816875474
1.2805012013000003,-0.1651113017545664
1.2807012012999996,-0.16582576211787384
1.2809012012999994,-0.1665431587844398
1.2811012013,-0.16726348755747883
1.2813012012999998,-0.16798674403479166
1.2815012012999996,-0.16871292360713194
1.2817012012999998,-0.16944202145654713
1.2819012013000002,-0.1701740325547331
1.2821012012999997,-0.17090895166139197
1.2823012013000006,-0.17164677332260964
1.2825012012999997,-0.17238749186918986
1.2827012013,-0.17313110141506682
1.2829012013,-0.17387759585563817
1.2831012013,-0.17462696886616963
1.2833012012999996,-0.17537921390016714
1.2835012013,-0.1761343241877747
1.2837012013000004,-0.17689229273415263
1.2839012013000002,-0.17765311231788583
1.2841012012999995,-0.17841677548939003
1.2843012012999995,-0.1791832745693225
1.2845012013,-0.1799526016469898
1.2847012012999999,-0.18072474857877274
1.2849012013000003,-0.18149970698656542
1.2851012012999998,-0.1822774682561955
1.2853012013000005,-0.1830580235358892
1.2855012013000002,-0.1838413637346931
1.2857012013000007,-0.18462747952096217
1.2859012012999997,-0.18541636132079747
1.2861012012999997,-0.18620799931655097
1.2863012013000001,-0.18700238344528086
1.2865012013000001,-0.18779950339725135
1.2867012012999997,-0.18859934861443772
1.2869012012999996,-0.18940190828903547
1.2871012013,-0.19020717136197154
1.2873012013,-0.19101512652143263
1.2875012012999996,-0.19182576220140957
1.2877012012999998,-0.19263906658024707
1.2879012013000004,-0.1934550275791919
1.2881012013,-0.19427363286096183
1.2883012013000008,-0.19509486982834842
1.2885012013,-0.19591872562276805
1.2887012013000003,-0.1967451871229141
1.2889012013000003,-0.19757424094332518
1.2891012013000003,-0.19840587343304122
1.2893012012999996,-0.19924007067422855
1.2895012012999998,-0.20007681848084505
1.2897012013000004,-0.20091610239728713
1.2899012012999997,-0.20175790769706914
1.2901012012999995,-0.20260221938153533
1.2903012012999997,-0.203449022178541
1.2905012013000001,-0.2042983005411777
1.2907012012999999,-0.20515003864650347
1.2909012013,-0.20600422039430125
1.2911012012999998,-0.2068608294058231
1.2913012013000005,-0.20771984902258495
1.2915012013,-0.2085812623051343
1.2917012013000009,-0.20944505203189134
1.2919012012999995,-0.21031120069792697
1.2921012013,-0.2111796905138602
1.2923012013000001,-0.21205050340465598
1.2925012013000001,-0.21292362100853077
1.2927012012999999,-0.21379902467583448
1.2929012012999996,-0.21467669546795648
1.2931012013000003,-0.21555661415625244
1.2933012013,-0.21643876122097022
1.2935012012999993,-0.21732311685023165
1.2937012012999998,-0.21820966093900496
1.2939012013000002,-0.21909837308808508
1.2941012012999997,-0.2199892326031209
1.2943012013000006,-0.22088221849366296
1.2945012013,-0.22177730947218033
1.2947012013,-0.22267448395318062
1.2949012013,-0.22357372005226384
1.2951012013,-0.22447499558525683
1.2953012012999998,-0.22537828806734056
1.2955012013,-0.22628357471220995
1.2957012013000004,-0.2271908324312418
1.2959012013,-0.22810003783269167
1.2961012012999995,-0.229011167220926
1.2963012012999995,-0.22992419659565083
1.2965012013,-0.23083910165117463
1.2967012012999999,-0.231755857775691
1.2969012013,-0.23267444005059723
1.2971012012999998,-0.23359482324981154
1.2973012012999998,-0.2345169818391392
1.2975012012999998,-0.23544088997563808
1.2977012013000007,-0.23636652150703025
1.2979012012999998,-0.23729384997110325
1.2981012013,-0.23822284859520212
1.2983012013000004,-0.23915349029565916
1.2985012013000001,-0.24008574767730914
1.2987012012999999,-0.2410195930330201
1.2989012012999996,-0.24195499834323025
1.2991012013000003,-0.24289193527552988
1.2993012013,-0.24383037518424372
1.2995012012999994,-0.244770289110079
1.2997012012999998,-0.2457116477797724
1.2999012013000004,-0.2466544216057515
1.3001012012999997,-0.24759858068584745
1.3003012013000006,-0.24854409480305184
1.3005012013,-0.24949093342522588
1.3007012013000003,-0.2504390657049427
1.3009012013000003,-0.25138846047925495
1.3011012013000003,-0.25233908626956575
1.3013012012999998,-0.25329091128148623
1.3015012012999998,-0.2542439034047442
1.3017012013000002,-0.25519803021310195
1.3019012013000002,-0.25615325896431207
1.3021012012999997,-0.25710955660011153
1.3023012012999997,-0.25806688974623687
1.3025012013000001,-0.25902522471246014
1.3027012013000001,-0.2599845274926627
1.3029012012999996,-0.2609447637649486
1.3031012012999998,-0.2619058988917796
1.3033012013,-0.2628678979201269
1.3035012012999998,-0.2638307255816754
1.3037012013000004,-0.2647943462930584
1.3039012013,-0.2657587241560902
1.3041012013,-0.26672382295808783
1.3043012013000004,-0.2676896061721673
1.3045012013,-0.2686560369575963
1.3047012013,-0.2696230781601969
1.3049012012999999,-0.27059069231274074
1.3051012013000003,-0.2715588416354094
1.3053012013,-0.2725274880362636
1.3055012012999996,-0.27349659311177144
1.3057012012999998,-0.2744661181473487
1.3059012013,-0.27543602411792906
1.3061012012999997,-0.27640627168858384
1.3063012013000006,-0.27737682121517687
1.3065012013000001,-0.2783476327450146
1.3067012013000006,-0.27931866601760014
1.3069012013000003,-0.2802898804653403
1.3071012013000005,-0.281261235214356
1.3073012013,-0.282232689085274
1.3075012012999998,-0.2832042005940971
1.3077012013000004,-0.28417572795307594
1.3079012013,-0.28514722907161616
1.3081012012999997,-0.28611866155725996
1.3083012012999995,-0.28708998271665065
1.3085012013,-0.2880611495565676
1.3087012013,-0.2890321187849706
1.3089012012999997,-0.29000284681210964
1.3091012012999996,-0.2909732897516472
1.3093012013000003,-0.2919434034218221
1.3095012012999998,-0.2929131433466391
1.3097012013000007,-0.2938824647571351
1.3099012012999998,-0.2948513225926046
1.3101012013000002,-0.295819671501964
1.3103012013000002,-0.29678746584504107
1.3105012013000001,-0.2977546596939907
1.3107012012999997,-0.2987212068346951
1.3109012012999999,-0.2996870607682288
1.3111012013000003,-0.3006521747123329
1.3113012013,-0.30161650160294595
1.3115012012999996,-0.3025799940957752
1.3117012012999996,-0.3035426045678901
1.3119012012999998,-0.3045042851193528
1.3121012013,-0.3054649875748954
1.3123012013000004,-0.30642466348563124
1.3125012012999997,-0.30738326413079237
1.3127012013000003,-0.3083407405195384
1.3129012013,-0.3092970433927367
1.3131012013000007,-0.310252123224861
1.3133012012999998,-0.31120593022584836
1.3135012012999998,-0.31215841434307307
1.3137012013000002,-0.3131095252632795
1.3139012013000002,-0.3140592124146001
1.3141012012999997,-0.31500742496860545
1.3143012012999997,-0.31595411184238475
1.3145012013,-0.31689922170065493
1.3147012013000001,-0.31784270295792066
1.3149012012999997,-0.3187845037806659
1.3151012012999996,-0.31972457208959304
1.3153012013000005,-0.3206628555618798
1.3155012012999998,-0.32159930163347206
1.3157012013000007,-0.3225338575014661
1.3159012013,-0.32346647012643126
1.3161012013000002,-0.3243970862348815
1.3163012013,-0.3253256523216851
1.3165012013000004,-0.326252114652583
1.3167012012999997,-0.32717641926669183
1.3169012012999999,-0.3280985119790991
1.3171012013000003,-0.32901833838343375
1.3173012013,-0.3299358438545163
1.3175012012999994,-0.33085097355103893
1.3177012012999998,-0.33176367241827864
1.3179012012999998,-0.33267388519082447
1.3181012013,-0.3335815563953872
1.3183012013000002,-0.33448663035360615
1.3185012012999997,-0.3353890511849087
1.3187012013000006,-0.3362887628094181
1.3189012013,-0.33718570895085076
1.3191012013000007,-0.3380798331395274
1.3193012012999996,-0.338971078715326
1.3195012013,-0.3398593888307738
1.3197012013000002,-0.3407447064540695
1.3199012013,-0.34162697437222234
1.3201012013,-0.3425061351941938
1.3203012012999997,-0.34338213135406953
1.3205012013000001,-0.3442549051142848
1.3207012013,-0.3451243985688598
1.3209012012999994,-0.3459905536467017
1.3211012012999996,-0.3468533121149196
1.3213012013000003,-0.34771261558217126
1.3215012012999998,-0.3485684055020521
1.3217012013000005,-0.3494206231765392
1.3219012012999998,-0.3502692097594128
1.3221012013000002,-0.3511141062597879
1.3223012013000002,-0.3519552535456004
1.3225012013000002,-0.35279259234719085
1.3227012012999997,-0.35362606326088364
1.3229012012999997,-0.35445560675261933
1.3231012013000003,-0.35528116316160385
1.3233012013,-0.3561026727039939
1.3235012012999996,-0.3569200754766338
1.3237012012999998,-0.35773331146080245
1.3239012013,-0.35854232052599067
1.3241012013,-0.35934704243372734
1.3243012013,-0.3601474168414276
1.3245012013,-0.36094338330627024
1.3247012013,-0.36173488128910847
1.3249012012999999,-0.36252185015841176
1.3251012013000005,-0.3633042291942399
1.3253012012999998,-0.36408195759223083
1.3255012012999998,-0.36485497446765774
1.3257012013000002,-0.3656232188594666
1.3259012012999998,-0.3663866297343683
1.3261012013000002,-0.3671451459909756
1.3263012012999997,-0.3678987064639231
1.3265012013000004,-0.36864724992807085
1.3267012013000001,-0.36939071510267896
1.3269012012999997,-0.3701290406556627
1.3271012012999996,-0.3708621652078407
1.3273012013,-0.37159002733721724
1.3275012012999996,-0.37231256558329245
1.3277012013000005,-0.37302971845141675
1.3279012013,-0.37374142441712443
1.3281012013000002,-0.3744476219305577
1.3283012013000004,-0.3751482494208538
1.3285012013000004,-0.37584324530059676
1.3287012013,-0.3765325479702783
1.3289012012999994,-0.3772160958227879
1.3291012013000003,-0.3778938272479261
1.3293012013,-0.37856568063692164
1.3295012012999998,-0.37923159438701526
1.3297012012999996,-0.3798915069060232
1.3299012013,-0.3805453566169462
1.3301012013,-0.3811930819625844
1.3303012012999997,-0.38183462141019353
1.3305012012999997,-0.38246991345614656
1.3307012013000001,-0.38309889663061936
1.3309012013,-0.3837215095022939
1.3311012013000005,-0.384337690683096
1.3313012013,-0.3849473788329226
1.3315012012999998,-0.3855505126644255
1.3317012013000005,-0.38614703094778224
1.3319012013,-0.38673687251549055
1.3321012013,-0.3873199762672032
1.3323012012999995,-0.3878962811745456
1.3325012013000004,-0.38846572628598075
1.3327012013,-0.3890282507316561
1.3329012012999997,-0.3895837937283104
1.3331012012999994,-0.39013229458415344
1.3333012012999998,-0.3906736927037857
1.3335012012999998,-0.3912079275931174
1.3337012013000002,-0.39173493886431665
1.3339012013,-0.39225466624075295
1.3341012013000002,-0.3927670495619718
1.3343012013000002,-0.3932720287886625
1.3345012013000006,-0.3937695440076543
1.3347012013000001,-0.39425953543690706
1.3349012012999997,-0.3947419434305333
1.3351012013000003,-0.39521670848381185
1.3353012013,-0.39568377123821064
1.3355012012999998,-0.3961430724864392
1.3357012012999996,-0.3965945531774867
1.3359012013,-0.39703815442168056
1.3361012013,-0.39747381749574295
1.3363012012999995,-0.39790148384786683
1.3365012012999997,-0.39832109510279057
1.3367012013000004,-0.39873259306687425
1.3369012013,-0.3991359197331853
1.3371012013000008,-0.39953101728660095
1.3373012012999999,-0.3999178281088829
1.3375012012999998,-0.4002962947837988
1.3377012013000003,-0.40066636010220547
1.3379012013000002,-0.40102796706715826
1.3381012012999998,-0.4013810588990179
1.3383012012999997,-0.4017255790405578
1.3385012013000002,-0.40206147116206736
1.3387012013000001,-0.4023886791664597
1.3389012012999997,-0.40270714719438044
1.3391012012999997,-0.4030168196293141
1.3393012012999999,-0.4033176411026833
1.3395012012999998,-0.40360955649895314
1.3397012013,-0.40389251096072964
1.3399012013,-0.40416644989385353
1.3401012013000004,-0.4044313189724932
1.3403012013000002,-0.4046870641442268
1.3405012013000006,-0.40493363163512913
1.3407012012999995,-0.40517096795483876
1.3409012013,-0.40539901990163674
1.3411012013000003,-0.40561773456749683
1.3413012013,-0.40582705934314467
1.3415012012999998,-0.40602694192310435
1.3417012012999998,-0.4062173303107317
1.3419012013,-0.40639817282324137
1.3421012013000002,-0.40656941809672376
1.3423012012999993,-0.4067310150911493
1.3425012012999997,-0.4068829130953668
1.3427012013000006,-0.4070250617320796
1.3429012013,-0.4071574109628172
1.3431012013000005,-0.4072799110928948
1.3433012013,-0.4073925127763496
1.3435012013,-0.40749516702087296
1.3437012013000005,-0.4075878251927203
1.3439012013000005,-0.40767043902160804
1.3441012013,-0.4077429606055947
1.3443012012999997,-0.4078053424159429
1.3445012013000004,-0.40785753730196556
1.3447012013,-0.4078994984958509
1.3449012012999995,-0.40793117961747366
1.3451012012999997,-0.40795253467918097
1.3453012012999999,-0.4079635180905618
1.3455012012999998,-0.4079640846631938
1.3457012013,-0.4079541896153691
1.3459012012999998,-0.40793378857679896
1.3461012013,-0.40790283759329393
1.3463012013000002,-0.4078612931314219
1.3465012013000006,-0.407809112083142
1.3467012012999997,-0.40774625177041357
1.3469012012999997,-0.40767266994977897
1.3471012013000003,-0.40758832481692275
1.3473012013,-0.40749317501120375
1.3475012012999998,-0.40738717962015725
1.3477012012999996,-0.40727029818397265
1.3479012013,-0.4071424906999418
1.3481012013000002,-0.4070037176268785
1.3483012012999995,-0.40685393988950813
1.3485012012999997,-0.40669311888282433
1.3487012013000004,-0.40652121647642103
1.3489012013,-0.4063381950187897
1.3491012013000003,-0.4061440173415793
1.3493012013,-0.40593864676383484
1.3495012013,-0.40572204709619175
1.3497012013000003,-0.405494182645043
1.3499012013000002,-0.40525501821666987
1.3501012012999998,-0.4050045191213364
1.3503012012999998,-0.4047426511773483
1.3505012013000002,-0.404469380715078
1.3507012013000002,-0.4041846745809525
1.3509012012999997,-0.4038885001413986
1.3511012012999997,-0.40358082528675465
1.3513012012999999,-0.40326161843514474
1.3515012013,-0.402930848536311
1.3517012012999998,-0.4025884850754066
1.3519012013,-0.40223449807674516
1.3521012013,-0.4018688581075182
1.3523012013,-0.4014915362814605
1.3525012013000006,-0.4011025042624788
1.3527012013,-0.40070173426824285
1.3529012013,-0.4002891990737142
1.3531012013000003,-0.39986487201465715
1.3533012012999999,-0.39942872699108967
1.3535012012999998,-0.3989807384706845
1.3537012012999998,-0.3985208814921418
1.3539012013000002,-0.398049131668501
1.3541012013000002,-0.3975654651904157
1.3543012012999995,-0.3970698588293731
1.3545012012999997,-0.39656228994086784
1.3547012013,-0.3960427364675389
1.3549012013,-0.39551117694224164
1.3551012013000003,-0.39496759049107755
1.3553012013,-0.3944119568363813
1.3555012013,-0.39384425629963987
1.3557012013000003,-0.3932644698043811
1.3559012013000005,-0.39267257887899915
1.3561012013,-0.3920685656595322
1.3563012012999995,-0.3914524128923811
1.3565012013000004,-0.390824103936983
1.3567012013,-0.3901836227684443
1.3569012013,-0.38953095398008064
1.3571012012999997,-0.38886608278594686
1.3573012012999999,-0.38818899502328397
1.3575012012999998,-0.3874996771549274
1.3577012012999994,-0.3867981162716489
1.3579012012999998,-0.38608430009444117
1.3581012013000002,-0.385358216976766
1.3583012013,-0.38461985590672276
1.3585012013000006,-0.3838692065091612
1.3587012013,-0.3831062590477658
1.3589012013,-0.3823310044270314
1.3591012013000006,-0.38154343419423153
1.3593012013,-0.38074354054130666
1.3595012012999999,-0.379931316306673
1.3597012012999996,-0.37910675497700985
1.3599012013000003,-0.3782698506889577
1.3601012013,-0.3774205982307829
1.3603012012999995,-0.376558993043945
1.3605012012999995,-0.3756850312246335
1.3607012012999997,-0.3747987095252378
1.3609012013,-0.37390002535574834
1.3611012013000003,-0.37298897678509624
1.3613012012999999,-0.3720655625424422
1.3615012013000003,-0.37112978201837404
1.3617012013000003,-0.3701816352660888
1.3619012013000007,-0.3692211230024605
1.3621012013,-0.36824824660908856
1.3623012012999998,-0.367263008133236
1.3625012013000002,-0.3662654102887516
1.3627012013000002,-0.36525545645690416
1.3629012012999997,-0.3642331506871428
1.3631012012999997,-0.3631984976978042
1.3633012012999999,-0.36215150287676356
1.3635012013,-0.36109217228200435
1.3637012012999996,-0.3600205126421329
1.3639012012999996,-0.35893653135680914
1.3641012013000002,-0.3578402364971407
1.3643012013,-0.3567316368059999
1.3645012013000004,-0.35561074169824325
1.3647012013,-0.3544775612609256
1.3649012013,-0.3533321062533794
1.3651012013000003,-0.3521743881072839
1.3653012013000003,-0.3510044189266427
1.3655012012999999,-0.34982221148768483
1.3657012012999998,-0.3486277792387092
1.3659012013000003,-0.34742113629987154
1.3661012013000002,-0.3462022974628952
1.3663012012999995,-0.3449712781907024
1.3665012012999997,-0.3437280946169823
1.3667012012999997,-0.3424727635457233
1.3669012013000001,-0.34120530245062486
1.3671012013,-0.3399257294744893
1.3673012013,-0.33863406342849856
1.3675012013,-0.3373303237914739
1.3677012013000003,-0.336014530709023
1.3679012013000007,-0.3346867049926464
1.3681012013,-0.33334686811877484
1.3683012012999998,-0.33199504222770004
1.3685012013000004,-0.33063125012249495
1.3687012013,-0.32925551526784735
1.3689012013,-0.3278678617887748
1.3691012012999997,-0.3264683144693522
1.3693012012999999,-0.32505689875130706
1.3695012013000003,-0.3236336407325859
1.3697012012999994,-0.3221985671658416
1.3699012012999998,-0.3207517054568091
1.3701012013,-0.31929308366271175
1.3703012013000002,-0.3178227304905002
1.3705012013000002,-0.3163406752950776
1.3707012013000002,-0.3148469480774385
1.3709012013000001,-0.3133415794827493
1.3711012013000001,-0.31182460079835644
1.3713012013000003,-0.31029604395172444
1.3715012012999999,-0.3087559415083231
1.3717012012999998,-0.3072043266694079
1.3719012013,-0.305641233269788
1.3721012013000002,-0.3040666957754895
1.3723012012999996,-0.3024807492813667
1.3725012012999998,-0.30088342950861785
1.3727012012999995,-0.29927477280230486
1.3729012013000002,-0.29765481612871614
1.3731012013,-0.2960235970727557
1.3733012012999999,-0.2943811538351737
1.3735012012999999,-0.2927275252298109
1.3737012013,-0.29106275068073284
1.3739012013000005,-0.2893868702193182
1.3741012013,-0.2876999244812839
1.3743012012999998,-0.28600195470361095
1.3745012013000004,-0.28429300272145785
1.3747012013000002,-0.28257311096500426
1.3749012012999997,-0.2808423224561718
1.3751012012999997,-0.2791006808053468
1.3753012013,-0.27734823020802285
1.3755012013,-0.2755850154413788
1.3757012012999994,-0.27381108186078007
1.3759012012999998,-0.272026475396217
1.3761012013,-0.27023124254874326
1.3763012013,-0.2684254303867652
1.3765012013,-0.2666090865423234
1.3767012013000002,-0.2647822592073031
1.3769012013,-0.26294499712959307
1.3771012013000004,-0.26109734960915404
1.3773012013000003,-0.25923936649408585
1.3775012013,-0.25737109817657117
1.3777012012999994,-0.2554925955888068
1.3779012013000003,-0.2536039101988392
1.3781012013000002,-0.25170509400642843
1.3783012012999998,-0.24979619953872662
1.3785012012999998,-0.24787727984598934
1.3787012012999997,-0.24594838849722805
1.3789012013000002,-0.24400957957576905
1.3791012012999997,-0.24206090767480315
1.3793012013000001,-0.24010242789281194
1.3795012013,-0.23813419582904455
1.3797012013,-0.23615626757883684
1.3799012013000005,-0.2341686997289411
1.3801012013,-0.2321715493528062
1.3803012012999998,-0.23016487400574526
1.3805012013000004,-0.2281487317201246
1.3807012013,-0.22612318100049758
1.3809012013,-0.22408828081860063
1.3811012013,-0.22204409060842384
1.3813012013,-0.21999067026114827
1.3815012013,-0.2179280801200658
1.3817012012999996,-0.21585638097546295
1.3819012012999998,-0.21377563405940936
1.3821012012999998,-0.21168590104058244
1.3823012012999998,-0.20958724401896614
1.3825012013000002,-0.20747972552054852
1.3827012013000002,-0.20536340849198426
1.3829012013000002,-0.20323835629516962
1.3831012013000001,-0.2011046327018206
1.3833012013000006,-0.1989623018879839
1.3835012013,-0.19681142842853783
1.3837012012999996,-0.19465207729158907
1.3839012013000003,-0.19248431383289194
1.3841012013,-0.1903082037902457
1.3843012012999998,-0.18812381327775174
1.3845012013,-0.18593120878013591
1.3847012012999997,-0.18373045714700603
1.3849012013,-0.1815216255870335
1.3851012012999995,-0.17930478166217154
1.3853012013,-0.17707999328174961
1.3855012013,-0.17484732869664357
1.3857012013,-0.1726068564933129
1.3859012013000005,-0.17035864558785196
1.3861012013,-0.16810276522003773
1.3863012013,-0.16583928494726224
1.3865012013000002,-0.16356827463853804
1.3867012013000002,-0.1612898044684108
1.3869012012999997,-0.15900394491085595
1.3871012013,-0.15671076673313972
1.3873012013000001,-0.15441034098970244
1.3875012013,-0.15210273901595614
1.3877012012999996,-0.1497880324220888
1.3879012012999998,-0.14746629308682319
1.3881012012999996,-0.14513759315121116
1.3883012013,-0.1428020050123126
1.3885012013,-0.14045960131695706
1.3887012013,-0.1381104549553901
1.3889012013000002,-0.13575463905496427
1.3891012013000004,-0.13339222697379416
1.3893012013000006,-0.13102329229438478
1.3895012013,-0.12864790881725907
1.3897012012999999,-0.1262661505545365
1.3899012013000003,-0.12387809172354346
1.3901012013000003,-0.12148380674040267
1.3903012012999998,-0.11908337021356188
1.3905012012999998,-0.11667685693734678
1.3907012012999997,-0.11426434188552614
1.3909012013000002,-0.11184590020481379
1.3911012012999995,-0.10942160720842228
1.3913012013,-0.10699153836950413
1.3915012013,-0.10455576931474399
1.3917012013,-0.10211437581779682
1.3919012013000005,-0.09966743379278659
1.3921012013,-0.09721501928782608
1.3923012013,-0.09475720847844263
1.3925012013000004,-0.09229407766110818
1.3927012013000002,-0.08982570324671363
1.3929012013,-0.08735216175401211
1.3931012013,-0.08487352980312382
1.3933012013000003,-0.0823898841090081
1.3935012012999999,-0.07990130147496419
1.3937012012999996,-0.07740785878606507
1.3939012012999998,-0.07490963300268517
1.3941012012999994,-0.07240670115399825
1.3943012013,-0.06989914033142247
1.3945012013,-0.06738702768220485
1.3947012013000002,-0.06487044040285533
1.3949012013000002,-0.06234945573271699
1.3951012013000001,-0.059824150947470824
1.3953012013000006,-0.057294603352681536
1.3955012013,-0.05476089027737428
1.3957012012999999,-0.05222308906754462
1.3959012013000003,-0.04968127707977552
1.3961012013,-0.04713553167484233
1.3963012013,-0.04458593021126844
1.3965012012999998,-0.04203255003899216
1.3967012013,-0.03947546849297621
1.3969012013000002,-0.036914762886892105
1.3971012012999995,-0.03435051050678803
1.3973012013,-0.03178278860474254
1.3975012012999999,-0.02921167439266316
1.3977012013,-0.026637245035950705
1.3979012013,-0.02405957764730282
1.3981012013000003,-0.021478749280472866
1.3983012013,-0.01889483692410355
1.3985012013000002,-0.016307917495527693
1.3987012013000002,-0.013718067834667301
1.3989012013000002,-0.011125364697890525
1.3991012012999997,-0.008529884751946465
1.3993012013000001,-0.005931704567878275
1.3995012013,-0.0033309006150546334
1.3997012012999996,-0.000727549255123059
1.3999012012999996,0.001878273263947721
1.4001012012999996,0.0044864908137698875
1.4003012013,0.0070970273914630864
1.4005012012999998,0.009709807125485592
1.4007012013,0.012324754281511469
1.4009012013,0.014941793268170899
1.4011012013000002,0.017560848642842873
1.4013012013000004,0.020181845117349544
1.4015012013,0.022804707563640586
1.4017012012999999,0.025429361019447566
1.4019012013000005,0.028055730693877415
1.4021012012999998,0.030683741972923523
1.4023012012999998,0.03331332042507854
1.4025012012999998,0.03594439180671711
1.4027012013000002,0.03857688206757587
1.4029012013000002,0.041210717356106014
1.4031012012999995,0.043845824024840926
1.4033012012999997,0.04648212863570495
1.4035012013,0.04911955796520514
1.4037012012999996,0.051758039009669965
1.4039012013,0.05439749899041573
1.4041012013000003,0.057037865358802675
1.4043012013,0.05967906580132289
1.4045012013000004,0.062321028244612164
1.4047012013000004,0.06496368086035403
1.4049012013000004,0.06760695207022874
1.4051012012999995,0.0702507705507219
1.4053012013000004,0.07289506523798205
1.4055012013000001,0.07553976533243908
1.4057012012999999,0.07818480030361472
1.4059012012999996,0.08083009989468334
1.4061012012999996,0.08347559412706207
1.4063012012999998,0.08612121330492042
1.4065012012999996,0.08876688801963217
1.4067012013,0.09141254915420743
1.4069012013,0.09405812788758075
1.4071012013000002,0.09670355569894554
1.4073012013000004,0.09934876437193998
1.4075012013000001,0.1019936859988169
1.4077012012999996,0.10463825298455463
1.4079012013000005,0.10728239805090387
1.4081012013,0.10992605424028892
1.4083012013,0.1125691549198348
1.4085012012999998,0.11521163378512461
1.4087012013,0.11785342486403422
1.4089012013,0.12049446252041646
1.4091012012999995,0.12313468145777991
1.4093012012999995,0.12577401672288652
1.4095012012999995,0.12841240370924223
1.4097012012999999,0.13104977816058255
1.4099012013000003,0.1336860761742386
1.4101012013,0.13632123420446712
1.4103012013000003,0.1389551890657307
1.4105012013000005,0.14158787793583855
1.4107012013000004,0.14421923835908668
1.4109012013000002,0.1468492082493041
1.4111012012999997,0.14947772589282776
1.4113012013000001,0.15210472995142368
1.4115012013000001,0.1547301594650773
1.4117012013,0.1573539538548142
1.4119012012999996,0.15997605292536016
1.4121012012999998,0.16259639686779603
1.4123012013,0.16521492626206502
1.4125012012999996,0.1678315820794755
1.4127012013,0.1704463056851362
1.4129012013,0.17305903884022353
1.4131012013000004,0.17566972370430886
1.4133012013000004,0.17827830283749413
1.4135012013000001,0.18088471920256338
1.4137012012999999,0.18348891616700858
1.4139012013000003,0.1860908375050015
1.4141012013000003,0.18869042739925704
1.4143012012999998,0.1912876304428885
1.4145012012999998,0.1938823916411483
1.4147012013000002,0.1964746564130725
1.4149012013,0.19906437059307222
1.4151012012999997,0.20165148043248987
1.4153012012999997,0.20423593260101341
1.4155012012999997,0.20681767418804495
1.4157012013,0.20939665270400803
1.4159012013,0.2119728160815397
1.4161012013,0.21454611267666684
1.4163012013,0.21711649126985028
1.4165012013000005,0.21968390106698676
1.4167012013000004,0.22224829170030239
1.4169012013,0.22480961322922127
1.4171012012999997,0.22736781614112667
1.4173012013000004,0.22992285135204155
1.4175012013000001,0.23247467020721113
1.4177012012999999,0.23502322448170618
1.4179012012999996,0.23756846638084003
1.4181012012999998,0.24011034854057323
1.4183012013000003,0.24264882402781174
1.4185012012999996,0.24518384634063786
1.4187012012999998,0.24771536940852956
1.4189012012999997,0.2502433475923654
1.4191012013000002,0.25276773568449945
1.4193012013000001,0.255288488908657
1.4195012013000001,0.2578055629198356
1.4197012012999997,0.2603189138040657
1.4199012013000005,0.2628284980781661
1.4201012013,0.2653342726893026
1.4203012013,0.26783619501466727
1.4205012012999996,0.27033422286088576
1.4207012013,0.2728283144635004
1.4209012013,0.27531842848625854
1.4211012013,0.27780452402044675
1.4213012012999997,0.28028656058406454
1.4215012012999995,0.2827644981209727
1.4217012012999999,0.2852382969999551
1.4219012013,0.2877079180136857
1.4221012013000003,0.29017332237768173
1.4223012012999998,0.29263447172913004
1.4225012013000002,0.29509132812570493
1.4227012013000004,0.2975438540442201
1.4229012013000002,0.29999201237931344
1.4231012012999997,0.3024357664420156
1.4233012013000006,0.3048750799582649
1.4235012013,0.30730991706727595
1.4237012013,0.30974024232002745
1.4239012012999996,0.31216602067745297
1.4241012013,0.3145872175087643
1.4243012013,0.3170037985895504
1.4245012012999996,0.3194157300999346
1.4247012012999996,0.3218229786226111
1.4249012013,0.3242255111408008
1.4251012013,0.32662329503616605
1.4253012013,0.3290162980866874
1.4255012013000004,0.3314044884644374
1.4257012012999999,0.33378783473328555
1.4259012013000005,0.3361663058466256
1.4261012013000003,0.3385398711448935
1.4263012013000003,0.34090850035319703
1.4265012012999996,0.3432721635787424
1.4267012013000002,0.3456308313083185
1.4269012013000002,0.3479844744055863
1.4271012013000002,0.3503330641084703
1.4273012012999995,0.352676572026367
1.4275012012999997,0.3550149701373876
1.4277012013000001,0.3573482307854512
1.4279012012999996,0.3596763266773965
1.4281012013,0.3619992308800588
1.4283012013,0.36431691681718376
1.4285012013000005,0.3666293582664236
1.4287012013000004,0.3689365293561706
1.4289012013000002,0.37123840456242274
1.4291012012999995,0.37353495870554615
1.4293012013000006,0.3758261669470406
1.4295012013,0.37811200478613044
1.4297012013000001,0.3803924480565383
1.4299012012999999,0.3826674729229588
1.4301012013,0.3849370558776749
1.4303012013,0.38720117373701607
1.4305012012999998,0.3894598036378381
1.4307012012999998,0.39171292303393646
1.4309012012999995,0.39396050969240093
1.4311012013,0.3962025416899718
1.4313012013000002,0.3984389974092947
1.4315012013000001,0.4006698555352009
1.4317012013,0.40289509505090954
1.4319012013000005,0.4051146952342145
1.4321012013000005,0.40732863565357974
1.4323012013000005,0.40953689616429645
1.4325012012999996,0.41173945690450775
1.4327012013000002,0.4139362982912963
1.4329012013,0.4161274010165944
1.4331012013,0.4183127460432459
1.4333012012999995,0.4204923146008841
1.4335012012999997,0.4226660881818794
1.4337012013,0.4248340485371789
1.4339012012999999,0.4269961776721811
1.4341012012999999,0.42915245784255907
1.4343012012999998,0.43130287155005165
1.4345012013000003,0.433447401538242
1.4347012013000005,0.4355860307882903
1.4349012013000002,0.43771874251467446
1.4351012012999997,0.43984552016089484
1.4353012013000004,0.4419663473951621
1.4355012013000004,0.4440812081060159
1.4357012013000001,0.4461900863980233
1.4359012012999999,0.4482929665873795
1.4361012013,0.45038983319751924
1.4363012013,0.45248067095469646
1.4365012012999998,0.4545654647835798
1.4367012012999996,0.45664419980281123
1.4369012012999995,0.4587168613205551
1.4371012012999997,0.46078343483003453
1.4373012013,0.4628439060050592
1.4375012013,0.46489826069554674
1.4377012013,0.4669464849230368
1.4379012013000003,0.46898856487619067
1.4381012013000005,0.4710244869062741
1.4383012013000003,0.4730542375226623
1.4385012012999998,0.47507780338832506
1.4387012013000002,0.4770951713153157
1.4389012013000002,0.4791063282602131
1.4391012013,0.481111261319644
1.4393012012999997,0.4831099577257426
1.4395012013,0.4851024048416329
1.4397012013000001,0.48708859015689715
1.4399012012999997,0.4890685012830651
1.4401012012999999,0.4910421259491244
1.4403012013,0.49300945199697077
1.4405012013,0.4949704673769306
1.4407012013000005,0.49692516014327004
1.4409012013,0.4988735184496773
1.4411012013,0.5008155305448319
1.4413012013000004,0.5027511847678943
1.4415012013000004,0.5046804695440534
1.4417012013,0.5066033733800982
1.4419012012999999,0.5085198848599828
1.4421012012999999,0.5104299926403882
1.4423012013,0.5123336854463363
1.4425012012999998,0.5142309520667857
1.4427012012999998,0.516121781350283
1.4429012012999995,0.5180061622005862
1.4431012012999997,0.5198840835723496
1.4433012013000002,0.5217555344667915
1.4435012013000001,0.523620503927404
1.4437012012999997,0.5254789810356922
1.4439012013000003,0.5273309549069312
1.4441012013000007,0.5291764146858997
1.4443012013,0.5310153495427109
1.4445012012999996,0.5328477486686511
1.4447012013,0.5346736012720061
1.4449012013000004,0.5364928965739287
1.4451012013,0.5383056238043606
1.4453012012999995,0.5401117721979858
1.4455012013,0.5419113309901753
1.4457012013000001,0.5437042894129707
1.4459012012999997,0.5454906366911327
1.4461012012999999,0.5472703620382144
1.4463012012999998,0.5490434546526185
1.4465012013,0.5508099037137586
1.4467012013000002,0.5525696983782045
1.4469012013000002,0.5543228277758899
1.4471012012999998,0.5560692810063476
1.4473012013000004,0.5578090471350001
1.4475012013000004,0.5595421151894286
1.4477012013000001,0.5612684741557731
1.4479012012999997,0.5629881129751009
1.4481012013,0.5647010205398544
1.4483012013,0.5664071856902938
1.4485012013,0.5681065972110507
1.4487012012999998,0.5697992438276678
1.4489012012999996,0.57148511420321
1.4491012013,0.5731641969349146
1.4493012012999997,0.5748364805508618
1.4495012013,0.5765019535067524
1.4497012012999997,0.5781606041826557
1.4499012013000003,0.5798124208798773
1.4501012013000005,0.5814573918177977
1.4503012013,0.5830955051308351
1.4505012012999998,0.5847267488654202
1.4507012013000002,0.5863511109770131
1.4509012013000002,0.5879685793271711
1.4511012013,0.5895791416807014
1.4513012012999997,0.5911827857028301
1.4515012013,0.5927794989564354
1.4517012013000001,0.5943692688993251
1.4519012012999997,0.5959520828815775
1.4521012012999996,0.5975279281429505
1.4523012012999998,0.5990967918103005
1.4525012013,0.6006586608950932
1.4527012013,0.6022135222909606
1.4529012013000002,0.6037613627713134
1.4531012013,0.6053021689869954
1.4533012013000004,0.6068359274640294
1.4535012013000004,0.6083626246013641
1.4537012013000001,0.6098822466687388
1.4539012012999994,0.6113947798045655
1.4541012013000003,0.612900210013899
1.4543012013000003,0.6143985231663999
1.4545012012999998,0.6158897049944578
1.4547012012999998,0.6173737410913015
1.4549012012999998,0.6188506169091736
1.4551012012999998,0.6203203177575908
1.4553012012999997,0.6217828288016493
1.4555012012999997,0.6232381350603905
1.4557012012999997,0.6246862214052294
1.4559012013000003,0.6261270725584502
1.4561012013000005,0.6275606730917348
1.4563012013,0.6289870074247961
1.4565012012999996,0.6304060598240471
1.4567012013000005,0.6318178144013352
1.4569012013000002,0.6332222551127056
1.4571012013,0.6346193657573087
1.4573012013,0.6360091299762903
1.4575012013,0.6373915312517742
1.4577012013,0.6387665529059108
1.4579012012999997,0.6401341780999799
1.4581012012999994,0.641494389833564
1.4583012012999994,0.642847170943774
1.4585012012999998,0.6441925041045446
1.4587012013000002,0.6455303718259843
1.4589012013,0.646860756453796
1.4591012012999998,0.6481836401687688
1.4593012013000004,0.6494990049863147
1.4595012013000006,0.6508068327560554
1.4597012013000001,0.652107105161516
1.4599012012999997,0.6533998037198513
1.4601012013000003,0.6546849097816371
1.4603012013,0.6559624045307031
1.4605012013,0.6572322689840888
1.4607012012999996,0.6584944839919928
1.4609012013,0.6597490302378369
1.4611012013,0.6609958882383413
1.4613012012999995,0.6622350383437146
1.4615012012999997,0.663466460737876
1.4617012013,0.6646901354387273
1.4619012013000001,0.6659060422985165
1.4621012013000003,0.6671141610042414
1.4623012013,0.6683144710781186
1.4625012012999998,0.6695069518781203
1.4627012013000003,0.6706915825985633
1.4629012013000002,0.6718683422707443
1.4631012012999998,0.6730372097636693
1.4633012012999997,0.6741981637848221
1.4635012013000002,0.6753511828809796
1.4637012013000001,0.6764962454391005
1.4639012013,0.6776333296872823
1.4641012012999997,0.6787624136957582
1.4643012012999996,0.679883475377957
1.4645012012999998,0.6809964924916219
1.4647012013,0.6821014426399843
1.4649012013,0.6831983032729969
1.4651012012999995,0.6842870516886221
1.4653012013000004,0.6853676650341868
1.4655012013000006,0.6864401203077481
1.4657012013,0.6875043943595787
1.4659012012999997,0.6885604638936726
1.4661012013000003,0.6896083054692951
1.4663012013000003,0.6906478955025905
1.4665012012999998,0.691679210268273
1.4667012012999996,0.6927022259013373
1.4669012013000002,0.6937169183988329
1.4671012013,0.6947232636216725
1.4673012012999997,0.6957212372965351
1.4675012012999997,0.6967108150177745
1.4677012012999997,0.6976919722493968
1.4679012013000001,0.6986646843270883
1.4681012013000003,0.6996289264602833
1.4683012013,0.7005846737342926
1.4685012012999998,0.7015319011124738
1.4687012013000005,0.7024705834384466
1.4689012013000005,0.703400695438342
1.4691012013,0.7043222117231336
1.4693012012999995,0.7052351067909803
1.4695012013,0.7061393550296291
1.4697012013000001,0.7070349307188456
1.4699012013,0.707921808032913
1.4701012012999997,0.7087999610431621
1.4703012012999996,0.7096693637205344
1.4705012012999998,0.7105299899381983
1.4707012013,0.7113818134741996
1.4709012013,0.712224808014158
1.4711012012999998,0.7130589471539988
1.4713012013000002,0.7138842044027285
1.4715012013000006,0.7147005531852342
1.4717012012999997,0.7155079668451335
1.4719012012999997,0.7163064186476761
1.4721012013000003,0.7170958817826393
1.4723012013,0.7178763293672878
1.4725012013,0.7186477344493785
1.4727012012999996,0.7194100700101664
1.4729012013,0.7201633089674786
1.4731012013,0.7209074241787822
1.4733012013,0.7216423884443248
1.4735012012999995,0.7223681745102748
1.4737012013,0.7230847550719159
1.4739012013,0.7237921027768398
1.4741012013,0.724490190228207
1.4743012013000003,0.7251789899880028
1.4745012012999998,0.725858474580337
1.4747012013000003,0.7265286164947757
1.4749012013000002,0.7271893881896709
1.4751012013000002,0.7278407620955543
1.4753012012999998,0.7284827106185212
1.4755012013000002,0.7291152061436672
1.4757012013000002,0.7297382210385148
1.4759012013000001,0.7303517276564968
1.4761012012999997,0.7309556983404347
1.4763012012999999,0.7315501054260583
1.4765012012999996,0.7321349212455214
1.4767012013,0.732710118130965
1.4769012013,0.7332756684180691
1.4771012012999996,0.7338315444496495
1.4773012013000004,0.7343777185792604
1.4775012013000004,0.7349141631747962
1.4777012013,0.735440850622143
1.4779012012999997,0.7359577533288202
1.4781012013000006,0.7364648437276432
1.4783012013,0.7369620942803887
1.4785012013000003,0.7374494774815047
1.4787012012999998,0.737926965861788
1.4789012013000002,0.7383945319921119
1.4791012013,0.7388521484871347
1.4793012012999998,0.7392997880090396
1.4795012012999997,0.7397374232712719
1.4797012012999997,0.7401650270422861
1.4799012012999997,0.7405825721493005
1.4801012013000001,0.7409900314820655
1.4803012013,0.7413873779966224
1.4805012012999996,0.7417745847190866
1.4807012013000005,0.7421516247494245
1.4809012013000002,0.7425184712652282
1.4811012013000004,0.7428750975255125
1.4813012012999995,0.7432214768744947
1.4815012013000004,0.7435575827453953
1.4817012013,0.7438833886642136
1.4819012013,0.744198868253537
1.4821012012999997,0.7445039952363243
1.4823012012999999,0.7447987434396983
1.4825012012999998,0.7450830867987369
1.4827012012999998,0.7453569993602625
1.4829012012999998,0.7456204552866252
1.4831012012999998,0.7458734288594875
1.4833012013000002,0.7461158944836014
1.4835012013000004,0.7463478266905815
1.4837012013000002,0.7465692001426747
1.4839012012999997,0.7467799896365249
1.4841012013000006,0.7469801701069275
1.4843012013,0.7471697166305776
1.4845012013,0.7473486044298157
1.4847012013,0.7475168088763593
1.4849012013,0.7476743054950282
1.4851012013,0.747821069967462
1.4853012013,0.7479570781358243
1.4855012012999997,0.7480823060065
1.4857012012999995,0.7481967297537793
1.4859012013,0.7483003257235312
1.4861012013000001,0.7483930704368644
1.4863012012999999,0.7484749405937763
1.4865012012999996,0.7485459130767906
1.4867012013000005,0.7486059649545761
1.4869012013000003,0.7486550734855573
1.4871012013000002,0.7486932161215064
1.4873012012999998,0.7487203705111236
1.4875012013000004,0.7487365145035988
1.4877012013000002,0.7487416261521589
1.4879012013000001,0.7487356837175984
1.4881012012999997,0.7487186656717932
1.4883012013,0.7486905507011967
1.4885012012999999,0.7486513177103197
1.4887012012999998,0.7486009458251881
1.4889012012999996,0.7485394143967867
1.4891012012999996,0.7484667030044824
1.4893012013000002,0.748382791459425
1.4895012013000004,0.7482876598079335
1.4897012013000004,0.7481812883348573
1.4899012012999997,0.74806365756692
1.4901012013000003,0.7479347482760385
1.4903012013000003,0.747794541482629
1.4905012013000003,0.747643018458879
1.4907012012999998,0.7474801607320083
1.4909012013000003,0.7473059500875006
1.4911012013,0.7471203685723182
1.4913012013000002,0.7469233984980873
1.4915012012999997,0.7467150224442651
1.4917012012999997,0.7464952232612807
1.4919012012999997,0.7462639840736529
1.4921012013000001,0.7460212882830833
1.4923012013,0.7457671195715274
1.4925012012999996,0.7455014619042359
1.4927012013000005,0.7452242995327731
1.4929012013000003,0.7449356169980177
1.4931012013,0.744635399133122
1.4933012012999998,0.744323631066461
1.4935012013000002,0.7440002982245447
1.4937012013000004,0.7436653863349145
1.4939012013,0.743318881429002
1.4941012013,0.7429607698449648
1.4943012013,0.742591038230504
1.4945012012999999,0.7422096735456433
1.4947012012999998,0.7418166630654845
1.4949012012999996,0.741411994382939
1.4951012012999998,0.7409956554114269
1.4953012013000002,0.7405676343875522
1.4955012013000002,0.7401279198737503
1.4957012013000002,0.7396765007609014
1.4959012012999997,0.739213366270924
1.4961012013000003,0.7387385059593302
1.4963012013,0.7382519097177713
1.4965012013,0.737753567776527
1.4967012012999996,0.7372434707069927
1.4969012013,0.7367216094241156
1.4971012013,0.7361879751888278
1.4973012013000002,0.7356425596104205
1.4975012012999998,0.735085354648915
1.4977012012999997,0.7345163526173849
1.4979012012999995,0.7339355461842659
1.4981012013,0.7333429283756207
1.4983012012999999,0.7327384925773934
1.4985012012999994,0.732122232537612
1.4987012013000003,0.7314941423685726
1.4989012013000003,0.7308542165490115
1.4991012013000002,0.7302024499262093
1.4993012012999998,0.7295388377180994
1.4995012013000002,0.7288633755153255
1.4997012013000002,0.7281760592832933
1.4999012013000002,0.7274768853641621
1.5001012012999997,0.7267658504788315
1.5003012013,0.7260429517288804
1.5005012012999999,0.7253081865985019
1.5007012012999998,0.7245615529563726
1.5009012012999996,0.7238030490575251
1.5011012013,0.723032673545168
1.5013012013,0.7222504254524975
1.5015012013,0.7214563042044562
1.5017012013000004,0.7206503096194756
1.5019012012999997,0.7198324419111999
1.5021012013000006,0.719002701690139
1.5023012013,0.7181610899653628
1.5025012013000003,0.7173076081460772
1.5027012012999998,0.716442258043257
1.5029012013000003,0.7155650418711791
1.5031012013000002,0.7146759622489822
1.5033012013,0.7137750222021554
1.5035012012999998,0.7128622251640182
1.5037012013,0.7119375749771679
1.5039012012999997,0.7110010758949039
1.5041012013,0.7100527325826022
1.5043012012999997,0.7090925501190914
1.5045012012999999,0.7081205339979673
1.5047012013000005,0.7071366901289069
1.5049012013,0.7061410248389453
1.5051012013000002,0.7051335448736945
1.5053012012999996,0.7041142573985963
1.5055012013000004,0.7030831700000668
1.5057012013,0.7020402906867073
1.5059012013000002,0.7009856278903794
1.5061012013,0.6999191904673497
1.5063012013000003,0.6988409876993348
1.5065012012999999,0.6977510292945721
1.5067012013,0.696649325388808
1.5069012012999996,0.695535886546317
1.5071012012999998,0.694410723760834
1.5073012012999998,0.693273848456516
1.5075012013000002,0.6921252724888238
1.5077012013000002,0.6909650081454198
1.5079012012999997,0.689793068147003
1.5081012013000006,0.6886094656481274
1.5083012013000001,0.6874142142380334
1.5085012013000003,0.6862073279413619
1.5087012012999999,0.6849888212189424
1.5089012013000003,0.6837587089684697
1.5091012013,0.6825170065252256
1.5093012013000002,0.6812637296627038
1.5095012012999998,0.6799988945932722
1.5097012013,0.6787225179687476
1.5099012012999997,0.6774346168810088
1.5101012013,0.6761352088625161
1.5103012012999997,0.6748243118868635
1.5105012012999999,0.6735019443692533
1.5107012013000003,0.6721681251669874
1.5109012013000003,0.6708228735799102
1.5111012013000003,0.6694662093508148
1.5113012012999998,0.6680981526658524
1.5115012013000002,0.6667187241548784
1.5117012013000002,0.6653279448918277
1.5119012013000002,0.6639258363949953
1.5121012012999997,0.6625124206273447
1.5123012013000003,0.6610877199967524
1.5125012013,0.6596517573562819
1.5127012013,0.6582045560043488
1.5129012012999996,0.6567461396849407
1.5131012012999998,0.6552765325877528
1.5133012012999996,0.6537957593483494
1.5135012013,0.6523038450482425
1.5137012013,0.6508008152150047
1.5139012012999997,0.6492866958223041
1.5141012013000004,0.6477615132899366
1.5143012013000003,0.646225294483862
1.5145012012999999,0.644678066716152
1.5147012012999999,0.6431198577449531
1.5149012013000003,0.6415506957744316
1.5151012013,0.6399706094546811
1.5153012013000002,0.6383796278815761
1.5155012012999998,0.6367777805966645
1.5157012013000002,0.6351650975869575
1.5159012013,0.6335416092847824
1.5161012013,0.6319073465675186
1.5163012012999997,0.6302623407573834
1.5165012012999999,0.6286066236211414
1.5167012013,0.6269402273698301
1.5169012013000003,0.6252631846584262
1.5171012013,0.6235755285855091
1.5173012013,0.6218772926928787
1.5175012013000004,0.6201685109651736
1.5177012013000002,0.61844921782946
1.5179012013,0.6167194481547601
1.5181012013,0.6149792372516044
1.5183012013000003,0.6132286208715292
1.5185012013,0.6114676352065757
1.5187012013,0.6096963168887117
1.5189012012999994,0.6079147029892988
1.5191012012999998,0.6061228310184579
1.5193012012999996,0.6043207389245063
1.5195012013000002,0.6025084650932542
1.5197012012999997,0.6006860483473951
1.5199012013,0.5988535279457481
1.5201012013000006,0.597010943582591
1.5203012013000003,0.5951583353869072
1.5205012013,0.5932957439215887
1.5207012012999999,0.5914232101826697
1.5209012013000003,0.5895407755984918
1.5211012013,0.5876484820288876
1.5213012013,0.5857463717642686
1.5215012012999998,0.5838344875247661
1.5217012013000004,0.5819128724592828
1.5219012013,0.5799815701445926
1.5221012013,0.5780406245843057
1.5223012012999995,0.5760900802079307
1.5225012012999999,0.5741299818698072
1.5227012012999999,0.5721603748481071
1.5229012013,0.5701813048437159
1.5231012013,0.5681928179791651
1.5233012012999998,0.5661949607974934
1.5235012013000004,0.5641877802610902
1.5237012013000002,0.5621713237505599
1.5239012013000002,0.5601456390634638
1.5241012013,0.5581107744131374
1.5243012013000001,0.5560667784274089
1.5245012013,0.5540137001473477
1.5247012013000005,0.5519515890259308
1.5249012012999996,0.5498804949267505
1.5251012012999998,0.5478004681225882
1.5253012012999996,0.5457115592941157
1.5255012013,0.543613819528417
1.5257012012999998,0.541507300317605
1.5259012013,0.5393920535573069
1.5261012013000004,0.537268131545215
1.5263012013000001,0.535135586979564
1.5265012013000003,0.5329944729575602
1.5267012012999999,0.5308448429738577
1.5269012013000005,0.5286867509189066
1.5271012013,0.526520251077405
1.5273012013000002,0.5243453981265633
1.5275012012999998,0.5221622471345031
1.5277012013000002,0.519970853558489
1.5279012012999997,0.5177712732432667
1.5281012013000002,0.5155635624192264
1.5283012012999995,0.5133477777007012
1.5285012013,0.5111239760840636
1.5287012012999999,0.5088922149459756
1.5289012013,0.5066525520414533
1.5291012013000003,0.5044050455020077
1.5293012012999998,0.5021497538337151
1.5295012013000004,0.49988673591523636
1.5297012013,0.4976160509959089
1.5299012013000002,0.4953377586936533
1.5301012012999997,0.4930519189930173
1.5303012013000004,0.4907585922430455
1.5305012013000001,0.48845783915526647
1.5307012013000003,0.4861497208014959
1.5309012012999996,0.4838342986117572
1.5311012013,0.4815116343720408
1.5313012012999998,0.4791817902221825
1.5315012013000002,0.47684482865355404
1.5317012012999995,0.47450081250687737
1.5319012012999997,0.4721498049698564
1.5321012013000006,0.46979186957493274
1.5323012013000004,0.4674270701969335
1.5325012013000001,0.46505547105064743
1.5327012012999996,0.4626771366884738
1.5329012013000005,0.4602921319979559
1.5331012013,0.4579005221993958
1.5333012013000002,0.455502372843261
1.5335012012999998,0.4530977498077653
1.5337012013000004,0.4506867192962486
1.5339012013,0.44826934783468936
1.5341012013000002,0.44584570226900766
1.5343012012999995,0.443415849762524
1.5345012012999997,0.44097985779322013
1.5347012012999999,0.43853779415112504
1.5349012013,0.4360897269355555
1.5351012013,0.4336357245523855
1.5353012012999998,0.43117585571126743
1.5355012013000007,0.4287101894228158
1.5357012013000002,0.4262387949958408
1.5359012013000002,0.4237617420343883
1.5361012013,0.421279100434936
1.5363012013000004,0.4187909403834248
1.5365012013000001,0.4162973323523633
1.5367012013,0.41379834709779517
1.5369012012999999,0.41129405565634264
1.5371012013000003,0.4087845293421415
1.5373012012999998,0.4062698397438283
1.5375012013,0.40375005872138275
1.5377012012999995,0.4012252584030857
1.5379012012999997,0.3986955111823048
1.5381012013000002,0.3961608897143766
1.5383012013000001,0.39362146691338495
1.5385012013,0.3910773159489177
1.5387012012999999,0.3885285102428162
1.5389012013000003,0.38597512346589513
1.5391012013000003,0.38341722953463964
1.5393012013000003,0.38085490260783184
1.5395012012999998,0.3782882170832099
1.5397012013000002,0.3757172475940352
1.5399012013000002,0.37314206900572455
1.5401012013000002,0.37056275641234115
1.5403012012999997,0.3679793851331471
1.5405012012999997,0.365392030709068
1.5407012012999997,0.3628007688991929
1.5409012013,0.3602056756771834
1.5411012012999998,0.35760682722771636
1.5413012013,0.35500429994281957
1.5415012013000005,0.35239817041827576
1.5417012013000002,0.3497885154499448
1.5419012013000002,0.34717541203003743
1.5421012013,0.3445589373434338
1.5423012013000004,0.341939168763901
1.5425012013000001,0.339316183850367
1.5427012013,0.3366900603430631
1.5429012012999999,0.3340608761597452
1.5431012013000003,0.3314287093918097
1.5433012012999998,0.3287936383004679
1.5435012013,0.3261557413127716
1.5437012012999993,0.32351509701777165
1.5439012012999997,0.32087178416247913
1.5441012013000002,0.3182258816479801
1.5443012013000001,0.31557746852538726
1.5445012013000001,0.3129266239918148
1.5447012012999999,0.31027342738635366
1.5449012013000005,0.30761795818597515
1.5451012013000003,0.3049602960014944
1.5453012013,0.30230052057338086
1.5455012012999998,0.299638711767668
1.5457012013000004,0.2969749495717678
1.5459012013,0.29430931409033806
1.5461012013000002,0.29164188554098885
1.5463012012999995,0.28897274425014996
1.5465012013,0.2863019706487308
1.5467012012999994,0.28362964526795154
1.5469012012999999,0.2809558487349495
1.5471012012999998,0.27828066176855926
1.5473012012999998,0.27560416517491665
1.5475012013000005,0.27292643984312825
1.5477012013000002,0.2702475667409325
1.5479012013000002,0.2675676269102447
1.5481012013,0.2648867014628039
1.5483012013000006,0.26220487157570305
1.5485012013000001,0.2595222184870047
1.5487012013,0.2568388234911876
1.5489012012999996,0.2541547679347447
1.5491012013000005,0.2514701332116145
1.5493012012999998,0.24878500075876364
1.5495012013,0.2460994520515183
1.5497012012999993,0.24341356859914337
1.5499012012999998,0.24072743194016968
1.5501012013,0.2380411236379075
1.5503012013,0.23535472527578796
1.5505012013000001,0.23266831845276434
1.5507012012999999,0.22998198477870613
1.5509012013000005,0.22729580586971865
1.5511012013,0.22460986334356078
1.5513012013000003,0.2219242388148835
1.5515012012999998,0.2192390138906421
1.5517012013000007,0.2165542701653192
1.5519012013,0.21387008921633002
1.5521012013000002,0.21118655259917068
1.5523012012999997,0.2085037418428165
1.5525012013000001,0.20582173844488952
1.5527012012999994,0.20314062386700016
1.5529012013,0.20046047952988272
1.5531012012999996,0.19778138680875343
1.5533012012999996,0.19510342702841552
1.5535012013000005,0.19242668145854327
1.5537012013,0.18975123130891053
1.5539012013000002,0.18707715772449837
1.5541012013,0.1844045417807857
1.5543012013000006,0.18173346447886146
1.5545012013,0.17906400674068418
1.5547012013000003,0.1763962494041466
1.5549012012999999,0.17373027321836612
1.5551012013000003,0.17106615883873888
1.5553012012999998,0.1684039868221967
1.5555012013000002,0.16574383762226993
1.5557012012999993,0.1630857915843384
1.5559012012999998,0.16042992894066432
1.5561012012999997,0.15777632980566306
1.5563012013000002,0.15512507417095425
1.5565012013000001,0.15247624190056494
1.5567012012999997,0.1498299127260374
1.5569012013000005,0.14718616624156033
1.5571012013,0.14454508189919424
1.5573012013000005,0.141906739003892
1.5575012012999998,0.1392712167087637
1.5577012013000004,0.13663859401010928
1.5579012013,0.1340089497426906
1.5581012013000004,0.1313823625747601
1.5583012012999997,0.12875891100332626
1.5585012013000001,0.12613867334920525
1.5587012012999997,0.12352172775229386
1.5589012013,0.12090815216663357
1.5591012012999999,0.11829802435567577
1.5593012012999998,0.1156914218873865
1.5595012013,0.11308842212947519
1.5597012013,0.11048910224458122
1.5599012013000002,0.10789353918545755
1.5601012013,0.10530180969020433
1.5603012013000006,0.1027139902774456
1.5605012013,0.10013015724162737
1.5607012013000003,0.09755038664814679
1.5609012012999999,0.09497475432871594
1.5611012013000003,0.09240333587651234
1.5613012012999998,0.08983620664154134
1.5615012013000003,0.08727344172582496
1.5617012012999996,0.08471511597878754
1.5619012013,0.08216130399245926
1.5621012012999997,0.07961208009689918
1.5623012013,0.0770675183554407
1.5625012013,0.07452769256009797
1.5627012013,0.07199267622689434
1.5629012013000003,0.069462542591249
1.5631012012999999,0.0669373646033967
1.5633012013000003,0.06441721492373653
1.5635012012999998,0.061902165918345076
1.5637012013000005,0.0593922896543294
1.5639012013,0.05688765789539282
1.5641012013000004,0.054388342097211814
1.5643012013,0.05189441340303941
1.5645012013000004,0.049405942639136474
1.5647012012999997,0.04692300031040611
1.5649012013,0.04444565659585923
1.5651012012999996,0.041973981344304856
1.5653012012999996,0.03950804406986491
1.5655012013,0.03704791394766287
1.5657012013,0.03459365980947199
1.5659012013000004,0.032145350139360776
1.5661012012999997,0.029703053069445783
1.5663012013000004,0.027266836375540577
1.5665012013000001,0.024836767473012986
1.5667012013000003,0.022412913412462702
1.5669012012999999,0.0199953408755984
1.5671012013000003,0.017584116171006973
1.5673012012999998,0.01517930523008414
1.5675012013000003,0.01278097360283783
1.5677012012999996,0.010389186453890056
1.5679012013,0.008004008558325736
1.5681012012999995,0.005625504297764858
1.5683012013,0.0032537376562709547
1.5685012013000001,0.0008887722164628437
1.5687012013,-0.001469328844467148
1.5689012013000005,-0.0038205027586642095
1.5691012012999996,-0.0061646871714231555
1.5693012013000005,-0.008501820145140174
1.5695012013,-0.010831840162977991
1.5697012013000005,-0.013154686132778648
1.5699012013,-0.015470297390695366
1.5701012013000004,-0.017778613704987345
1.5703012013,-0.020079575279609376
1.5705012013000001,-0.02237312275792909
1.5707012013,-0.024659197226258884
1.5709012012999999,-0.02693774021747298
1.5711012012999994,-0.02920869371450084
1.5713012012999998,-0.031472000153857
1.5715012013000003,-0.033727602429048445
1.5717012012999998,-0.035975443894017495
1.5719012013000007,-0.03821546836655482
1.5721012012999998,-0.04044762013154562
1.5723012013000006,-0.042671843944405444
1.5725012013,-0.044888085034190325
1.5727012013000006,-0.047096289106965755
1.5729012012999999,-0.04929640234885711
1.5731012013000005,-0.05148837142931115
1.5733012012999998,-0.05367214350408006
1.5735012013000003,-0.05584766621839356
1.5737012012999998,-0.058014887709872384
1.5739012013,-0.06017375661158945
1.5741012012999995,-0.06232422205493339
1.5743012012999997,-0.06446623367255704
1.5745012013000002,-0.06659974160117664
1.5747012012999997,-0.06872469648438559
1.5749012013000006,-0.07084104947545641
1.5751012012999996,-0.07294875223996306
1.5753012013000005,-0.07504775695857695
1.5755012012999998,-0.0771380163295494
1.5757012013000005,-0.07921948357142858
1.5759012012999998,-0.08129211242547049
1.5761012013000004,-0.0833558571582401
1.5763012013,-0.08541067256394455
1.5765012013000002,-0.0874565139669255
1.5767012012999997,-0.08949333722393164
1.5769012013,-0.09152109872648145
1.5771012012999996,-0.09353975540305422
1.5773012012999998,-0.09554926472136312
1.5775012013000003,-0.09754958469046134
1.5777012012999996,-0.09954067386286221
1.5779012013000004,-0.10152249133665012
1.5781012012999998,-0.10349499675739704
1.5783012013000004,-0.10545815032024318
1.5785012012999997,-0.1074119127716983
1.5787012013000006,-0.10935624541161565
1.5789012013,-0.11129111009489724
1.5791012013000005,-0.11321646923337512
1.5793012012999998,-0.11513228579741713
1.5795012013000003,-0.11703852331769503
1.5797012012999998,-0.11893514588670985
1.5799012013,-0.12082211816043269
1.5801012012999995,-0.1226994053597578
1.5803012012999997,-0.12456697327202033
1.5805012013,-0.12642478825236286
1.5807012012999997,-0.12827281722511924
1.5809012013000003,-0.1301110276851381
1.5811012012999996,-0.13193938769899297
1.5813012013000005,-0.13375786590626682
1.5815012012999998,-0.13556643152060804
1.5817012013000005,-0.1373650543309406
1.5819012012999998,-0.13915370470241148
1.5821012013000004,-0.1409323535774878
1.5823012013,-0.14270097247680963
1.5825012013000002,-0.14445953350016766
1.5827012013,-0.14620800932728306
1.5829012013000001,-0.14794637321863896
1.5831012012999996,-0.14967459901618302
1.5833012012999998,-0.15139266114405142
1.5835012012999998,-0.1531005346091587
1.5837012012999998,-0.15479819500180741
1.5839012013000002,-0.15648561849620543
1.5841012012999998,-0.15816278185092375
1.5843012013000006,-0.15982966240936167
1.5845012013,-0.16148623810004312
1.5847012013000006,-0.16313248743702166
1.5849012013,-0.16476838952004977
1.5851012013000005,-0.16639392403487832
1.5853012012999999,-0.16800907125332537
1.5855012013000003,-0.16961381203346643
1.5857012013,-0.17120812781960953
1.5859012013000002,-0.17279200064235153
1.5861012012999995,-0.1743654131184813
1.5863012012999997,-0.17592834845091748
1.5865012013,-0.1774807904285037
1.5867012012999997,-0.17902272342582143
1.5869012013000001,-0.18055413240293422
1.5871012012999997,-0.1820750029050397
1.5873012013000005,-0.18358532106214928
1.5875012012999998,-0.18508507358860046
1.5877012013000005,-0.1865742477826658
1.5879012013,-0.1880528315259455
1.5881012013000004,-0.18952081328286294
1.5883012013,-0.1909781820999759
1.5885012013000002,-0.19242492760534863
1.5887012013000001,-0.19386104000777923
1.5889012013000001,-0.19528651009604114
1.5891012012999997,-0.19670132923803896
1.5893012012999999,-0.19810548937993663
1.5895012012999996,-0.19949898304519786
1.5897012012999996,-0.20088180333362618
1.5899012013,-0.2022539439203134
1.5901012012999998,-0.20361539905454581
1.5903012013000004,-0.20496616355869607
1.5905012012999997,-0.20630623282699034
1.5907012013000004,-0.20763560282433136
1.5909012013,-0.20895427008494477
1.5911012013000003,-0.210262231711107
1.5913012012999999,-0.21155948537170688
1.5915012013000003,-0.21284602930086038
1.5917012013,-0.21412186229638308
1.5919012013000002,-0.21538698371829995
1.5921012012999998,-0.2166413934872341
1.5923012013,-0.21788509208281184
1.5925012012999997,-0.21911808054195708
1.5927012012999997,-0.22034036045719735
1.5929012013000001,-0.22155193397488132
1.5931012012999999,-0.2227528037933595
1.5933012013000005,-0.22394297316114636
1.5935012012999998,-0.22512244587497526
1.5937012013000005,-0.22629122627789605
1.5939012013,-0.22744931925721756
1.5941012013000004,-0.2285967302425192
1.5943012013,-0.2297334652035155
1.5945012013000004,-0.23085953064796336
1.5947012013,-0.23197493361944432
1.5949012013000003,-0.23307968169518345
1.5951012012999997,-0.23417378298374225
1.5953012012999999,-0.2352572461227544
1.5955012012999994,-0.23633008027653096
1.5957012012999998,-0.2373922951337044
1.5959012013,-0.23844390090476042
1.5961012012999998,-0.23948490831957986
1.5963012013000004,-0.24051532862492092
1.5965012012999997,-0.24153517358183424
1.5967012013000004,-0.24254445546310416
1.5969012013000001,-0.2435431870505569
1.5971012013000003,-0.24453138163242283
1.5973012013,-0.245509053000586
1.5975012013000005,-0.24647621544784573
1.5977012013,-0.24743288376509415
1.5979012013000002,-0.24837907323850758
1.5981012012999998,-0.24931479964664327
1.5983012012999998,-0.2502400792575514
1.5985012012999995,-0.25115492882580676
1.5987012012999997,-0.25205936558953695
1.5989012013,-0.25295340726738824
1.5991012012999997,-0.2538370720554734
1.5993012013000005,-0.2547103786242875
1.5995012012999998,-0.25557334611555144
1.5997012013000005,-0.2564259941390925
1.5999012013,-0.25726834276960153
1.6001012013000004,-0.2581004125434427
1.6003012013,-0.25892222445535806
1.6005012013000004,-0.2597337999552001
1.6007012013,-0.2605351609445763
1.6009012013000004,-0.26132632977351766
1.6011012012999999,-0.2621073292370596
1.6013012013,-0.26287818257184803
1.6015012012999996,-0.2636389134526625
1.6017012012999996,-0.26438954598895664
1.6019012013,-0.26513010472133247
1.6021012012999998,-0.2658606146180017
1.6023012013000004,-0.2665811010712321
1.6025012012999997,-0.26729158989372725
1.6027012013000004,-0.2679921073150357
1.6029012013,-0.2686826799778651
1.6031012013000006,-0.2693633349344408
1.6033012012999999,-0.27003409964277136
1.6035012013000003,-0.2706950019629535
1.6037012013,-0.27134607015338985
1.6039012013000002,-0.27198733286703625
1.6041012012999998,-0.272618819147584
1.6043012013000002,-0.2732405584256534
1.6045012012999997,-0.27385258051492706
1.6047012012999997,-0.274454915608303
1.6049012012999997,-0.27504759427398795
1.6051012012999997,-0.2756306474515933
1.6053012013000005,-0.2762041064482045
1.6055012012999996,-0.2767680029344156
1.6057012013000005,-0.2773223689403846
1.6059012012999998,-0.2778672368518059
1.6061012013000004,-0.2784026394059379
1.6063012012999998,-0.27892860968754096
1.6065012013000004,-0.2794451811248628
1.6067012013,-0.279952387485548
1.6069012013000004,-0.28045026287258457
1.6071012013,-0.28093884172018657
1.6073012013,-0.28141815878970355
1.6075012012999996,-0.28188824916547867
1.6077012012999998,-0.2823491482507229
1.6079012012999998,-0.2828008917633503
1.6081012012999996,-0.2832435157318183
1.6083012013000002,-0.2836770564909485
1.6085012012999997,-0.2841015506777261
1.6087012013000006,-0.2845170352271119
1.6089012013,-0.284923547367808
1.6091012013000006,-0.28532112461805487
1.6093012013,-0.2857098047813729
1.6095012013000005,-0.2860896259423381
1.6097012013,-0.28646062646231113
1.6099012013000003,-0.2868228449751877
1.6101012013,-0.28717632038311824
1.6103012013000002,-0.287521091852237
1.6105012012999997,-0.28785719880837063
1.6107012012999997,-0.2881846809327537
1.6109012013,-0.28850357815772565
1.6111012012999997,-0.288813930662429
1.6113012013,-0.28911577886850637
1.6115012012999996,-0.2894091634357806
1.6117012013000007,-0.2896941252579498
1.6119012012999998,-0.289970705458254
1.6121012013000005,-0.2902389453851715
1.6123012013,-0.2904988866080768
1.6125012013000006,-0.29075057091293033
1.6127012013,-0.2909940402979386
1.6129012013000004,-0.29122933696923914
1.6131012013000001,-0.2914565033365617
1.6133012013000003,-0.29167558200890875
1.6135012012999999,-0.2918866157902242
1.6137012012999998,-0.2920896476750724
1.6139012012999996,-0.29228472084431045
1.6141012012999996,-0.2924718786607713
1.6143012013,-0.2926511646649428
1.6145012012999997,-0.29282262257065345
1.6147012013000004,-0.2929862962607642
1.6149012012999997,-0.2931422297828572
1.6151012013000003,-0.2932904673449401
1.6153012012999999,-0.29343105331114266
1.6155012013000003,-0.29356403219743354
1.6157012013,-0.29368944866732977
1.6159012013000003,-0.2938073475276235
1.6161012013,-0.2939177737241094
1.6163012013000002,-0.29402077233732354
1.6165012012999997,-0.2941163885782878
1.6167012013,-0.29420466778426596
1.6169012012999997,-0.29428565541452506
1.6171012012999997,-0.2943593970461104
1.6173012013,-0.29442593836962744
1.6175012012999996,-0.29448532518503545
1.6177012013000005,-0.29453760339745355
1.6179012012999996,-0.29458281901297406
1.6181012013000005,-0.29462101813449376
1.6183012013,-0.29465224695755105
1.6185012013000004,-0.29467655176618046
1.6187012013,-0.29469397892877813
1.6189012013000001,-0.29470457489398205
1.6191012013,-0.2947083861865652
1.6193012013000003,-0.29470545940334436
1.6195012012999999,-0.2946958412091024
1.6197012012999998,-0.29467957833252745
1.6199012012999996,-0.2946567175621665
1.6201012012999998,-0.294627305742396
1.6203012013000002,-0.294591389769408
1.6205012012999997,-0.29454901658721505
1.6207012013000006,-0.29450023318366925
1.6209012012999997,-0.2944450865865036
1.6211012013000006,-0.2943836238593856
1.6213012013,-0.2943158920979963
1.6215012013000003,-0.29424193842612145
1.6217012013,-0.2941618099917668
1.6219012013000003,-0.29407555396329005
1.6221012013,-0.2939832175255549
1.6223012013000002,-0.2938848478761045
1.6225012012999998,-0.2937804922213548
1.6227012012999997,-0.2936701977728102
1.6229012012999995,-0.2935540117433011
1.6231012012999995,-0.29343198134324094
1.6233012013,-0.29330415377690744
1.6235012012999996,-0.2931705762387471
1.6237012013000007,-0.293031295909697
1.6239012012999998,-0.2928863599535404
1.6241012013000005,-0.29273581551326994
1.6243012013,-0.2925797097074932
1.6245012013000004,-0.29241808962684546
1.6247012013,-0.29225100233044
1.6249012013000004,-0.2920784948423315
1.6251012013,-0.29190061414801666
1.6253012013,-0.2917174071909472
1.6255012012999999,-0.29152892086908055
1.6257012012999998,-0.29133520203144647
1.6259012012999996,-0.29113629747474645
1.6261012012999996,-0.2909322539399758
1.6263012013,-0.29072311810907425
1.6265012012999998,-0.2905089366016045
1.6267012013000004,-0.29028975597145146
1.6269012012999997,-0.2900656227035616
1.6271012013000006,-0.2898365832106918
1.6273012012999997,-0.2896026838302095
1.6275012013000003,-0.28936397082089393
1.6277012012999998,-0.28912049035979315
1.6279012013000003,-0.28887228853908564
1.6281012012999998,-0.2886194113629904
1.6283012013000002,-0.2883619047446892
1.6285012013,-0.28809981450329414
1.6287012013,-0.2878331863608298
1.6289012012999997,-0.287562065939257
1.6291012012999997,-0.28728649875751927
1.6293012013000001,-0.28700653022862166
1.6295012012999996,-0.28672220565674283
1.6297012013000005,-0.2864335702343674
1.6299012012999996,-0.2861406690394689
1.6301012013000005,-0.285843547032693
1.6303012012999998,-0.2855422490546097
1.6305012013000004,-0.28523681982295745
1.6307012013,-0.2849273039299539
1.6309012013000004,-0.2846137458396083
1.6311012013,-0.28429618988509087
1.6313012013000001,-0.283974680266111
1.6315012012999999,-0.28364926104634813
1.6317012013,-0.2833199761508972
1.6319012012999998,-0.28298686936376005
1.6321012012999998,-0.28264998432535776
1.6323012013,-0.2823093645300837
1.6325012012999998,-0.2819650533238865
1.6327012013000004,-0.2816170939018797
1.6329012012999997,-0.2812655293059996
1.6331012013000006,-0.28091040242266996
1.6333012012999997,-0.280551755980536
1.6335012013000005,-0.2801896325481862
1.6337012012999999,-0.2798240745319568
1.6339012013000003,-0.2794551241737208
1.6341012013,-0.2790828235487526
1.6343012013000002,-0.2787072145635928
1.6345012013,-0.2783283389539695
1.6347012013,-0.2779462382827367
1.6349012012999997,-0.27756095393785885
1.6351012013,-0.2771725271304172
1.6353012013,-0.2767809988926622
1.6355012012999997,-0.276386410076087
1.6357012013000003,-0.2759888013495396
1.6359012012999998,-0.27558821319737864
1.6361012013000007,-0.27518468591763656
1.6363012012999998,-0.2747782596202537
1.6365012013000004,-0.2743689742253014
1.6367012013,-0.27395686946128733
1.6369012013000004,-0.2735419848634484
1.6371012013,-0.2731243597721153
1.6373012013000001,-0.2727040333310798
1.6375012013,-0.27228104448602164
1.6377012013,-0.27185543198294904
1.6379012012999998,-0.271427234366685
1.6381012012999998,-0.27099648997937975
1.6383012012999998,-0.27056323695906304
1.6385012012999998,-0.2701275132382247
1.6387012013000002,-0.2696893565424291
1.6389012012999997,-0.26924880438897103
1.6391012013000004,-0.26880589408554567
1.6393012013,-0.2683606627289809
1.6395012013000003,-0.2679131472039682
1.6397012012999999,-0.2674633841818621
1.6399012013000003,-0.26701141011947904
1.6401012013,-0.26655726125796075
1.6403012013000002,-0.2661009736216415
1.6405012013,-0.2656425830169725
1.6407012013000002,-0.2651821250314602
1.6409012013,-0.26471963503265283
1.6411012013,-0.26425514816714474
1.6413012013,-0.263788699359626
1.6415012012999997,-0.263320323311957
1.6417012013,-0.26285005450227383
1.6419012012999996,-0.26237792718413827
1.6421012013000005,-0.2619039753856954
1.6423012012999996,-0.26142823290889966
1.6425012013000004,-0.2609507333287227
1.6427012013,-0.260471509992454
1.6429012013000002,-0.2599905960189712
1.6431012013000001,-0.2595080242980906
1.6433012013000001,-0.25902382748992037
1.6435012013,-0.2585380380242556
1.6437012013000003,-0.2580506881000028
1.6439012012999998,-0.2575618096846375
1.6441012012999998,-0.257071434513682
1.6443012012999998,-0.25657959409023057
1.6445012012999998,-0.25608631968449125
1.6447012013000002,-0.255591642333362
1.6449012012999997,-0.2550955928400434
1.6451012013000006,-0.25459820177366077
1.6453012012999997,-0.2540994994689539
1.6455012013000003,-0.2535995160259422
1.6457012012999999,-0.25309828130968115
1.6459012013,-0.25259582494999006
1.6461012013,-0.2520921763412532
1.6463012013,-0.2515873646422217
1.6465012013,-0.2510814187758572
1.6467012013000002,-0.2505743674291998
1.6469012013,-0.25006623905326764
1.6471012013,-0.24955706186297522
1.6473012013,-0.2490468638370931
1.6475012012999997,-0.24853567271822463
1.6477012013000003,-0.2480235160128104
1.6479012012999996,-0.24751042099117498
1.6481012013000005,-0.24699641468756697
1.6483012012999998,-0.2464815239002754
1.6485012013000004,-0.24596577519171348
1.6487012013,-0.24544919488858974
1.6489012013000002,-0.24493180908204995
1.6491012013,-0.2444136436278884
1.6493012013000001,-0.2438947241467537
1.6495012013,-0.2433750760244027
1.6497012013,-0.24285472441196168
1.6499012013,-0.2423336942262248
1.6501012012999998,-0.24181201014997178
1.6503012012999998,-0.241289696632309
1.6505012012999996,-0.24076677788904047
1.6507012013000002,-0.2402432779030528
1.6509012012999995,-0.23971922042474308
1.6511012013000004,-0.2391946289724347
1.6513012012999997,-0.23866952683286807
1.6515012013000003,-0.2381439370616542
1.6517012012999996,-0.2376178824838111
1.6519012013000003,-0.237091385694266
1.6521012012999998,-0.23656446905843395
1.6523012013000002,-0.2360371547127661
1.6525012013,-0.23550946456536753
1.6527012013000002,-0.23498142029659613
1.6529012013,-0.2344530433597139
1.6531012013,-0.23392435498153646
1.6533012013,-0.2333953761631188
1.6535012012999997,-0.23286612768045217
1.6537012013,-0.232336630085183
1.6539012012999996,-0.23180690370536033
1.6541012013000005,-0.23127696864617941
1.6543012012999996,-0.23074684479078478
1.6545012013000004,-0.23021655180103637
1.6547012012999998,-0.22968610911836101
1.6549012013000004,-0.2291555359645535
1.6551012013,-0.2286248513426602
1.6553012013000004,-0.22809407403782408
1.6555012013,-0.22756322261819573
1.6557012013,-0.22703231543582003
1.6559012013,-0.22650137062757522
1.6561012013,-0.22597040611610392
1.6563012012999998,-0.22543943961077295
1.6565012012999998,-0.22490848860864432
1.6567012013000002,-0.22437757039546585
1.6569012012999997,-0.2238467020466797
1.6571012013000004,-0.2233159004284301
1.6573012012999997,-0.22278518219861804
1.6575012013000003,-0.2222545638079269
1.6577012012999996,-0.22172406150091523
1.6579012013000003,-0.22119369131706665
1.6581012012999998,-0.22066346909191148
1.6583012013000002,-0.22013341045810822
1.6585012013,-0.2196035308465849
1.6587012013000002,-0.21907384548765618
1.6589012013,-0.2185443694121828
1.6591012013000002,-0.21801511745272012
1.6593012013,-0.2174861042446995
1.6595012013,-0.21695734422760304
1.6597012013,-0.2164288516461651
1.6599012012999996,-0.21590064055157931
1.6601012013000003,-0.21537272480270794
1.6603012012999998,-0.21484511806732873
1.6605012013000005,-0.21431783382335218
1.6607012012999998,-0.2137908853600962
1.6609012013000002,-0.21326428577952106
1.6611012013,-0.21273804799752416
1.6613012013000004,-0.2122121847452004
1.6615012013000001,-0.21168670857014626
1.6617012013,-0.21116163183774622
1.6619012013,-0.21063696673248702
1.6621012013,-0.2101127252592715
1.6623012013,-0.2095889192447411
1.6625012012999998,-0.20906556033860968
1.6627012013,-0.2085426600149989
1.6629012012999997,-0.20802022957379188
1.6631012013000002,-0.20749828014197777
1.6633012012999997,-0.2069768226750243
1.6635012013000003,-0.2064558679582298
1.6637012012999999,-0.20593542660811626
1.6639012013000003,-0.20541550907378742
1.6641012013,-0.20489612563833504
1.6643012013000003,-0.2043772864202132
1.6645012013000002,-0.20385900137464658
1.6647012013000002,-0.20334128029502513
1.6649012013000002,-0.20282413281431286
1.6651012013000002,-0.20230756840645817
1.6653012013,-0.20179159638780916
1.6655012013,-0.20127622591853087
1.6657012012999999,-0.20076146600403044
1.6659012012999996,-0.20024732549638283
1.6661012013000003,-0.1997338130957556
1.6663012012999996,-0.19922093735185442
1.6665012013000005,-0.19870870666533577
1.6667012012999998,-0.19819712928927313
1.6669012013000002,-0.19768621333056777
1.6671012013,-0.1971759667514155
1.6673012013000001,-0.19666639737073216
1.6675012013000001,-0.1961575128656113
1.6677012013000003,-0.19564932077276254
1.6679012013,-0.19514182848996517
1.6681012013000003,-0.19463504327750974
1.6683012012999998,-0.19412897225965628
1.6685012013,-0.19362362242607215
1.6687012012999998,-0.1931190006332937
1.6689012012999997,-0.1926151136061659
1.6691012013000002,-0.1921119679392957
1.6693012012999997,-0.19160957009850418
1.6695012013000003,-0.19110792642226238
1.6697012012999997,-0.19060704312315657
1.6699012013000003,-0.19010692628931053
1.6701012012999998,-0.18960758188585494
1.6703012013,-0.1891090157563473
1.6705012013,-0.18861123362422869
1.6707012013,-0.1881142410942539
1.6709012013,-0.18761804365393064
1.6711012013000004,-0.1871226466749518
1.6713012013,-0.1866280554146325
1.6715012013,-0.18613427501732716
1.6717012012999997,-0.1856413105158664
1.6719012012999999,-0.1851491668329707
1.6721012013,-0.18465784878267552
1.6723012012999998,-0.18416736107174284
1.6725012013000005,-0.183677708301068
1.6727012012999998,-0.18318889496710034
1.6729012013000002,-0.18270092546322514
1.6731012013,-0.18221380408118473
1.6733012013000002,-0.1817275350124541
1.6735012013000001,-0.18124212234964165
1.6737012013,-0.18075757008786733
1.6739012013,-0.18027388212614395
1.6741012013000003,-0.17979106226874997
1.6743012013,-0.17930911422660067
1.6745012013,-0.17882804161860533
1.6747012012999998,-0.17834784797303047
1.6749012012999998,-0.17786853672884556
1.6751012013000002,-0.17739011123707102
1.6753012012999997,-0.17691257476211986
1.6755012013000004,-0.17643593048311826
1.6757012012999997,-0.17596018149525008
1.6759012013000003,-0.17548533081105291
1.6761012012999996,-0.17501138136175484
1.6763012013000003,-0.17453833599855445
1.6765012012999998,-0.17406619749394367
1.6767012013000002,-0.17359496854297565
1.6769012013000002,-0.17312465176456646
1.6771012013000002,-0.17265524970275867
1.6773012013,-0.17218676482799544
1.6775012013000001,-0.1717191995383763
1.6777012013,-0.1712525561609161
1.6779012012999996,-0.17078683695278163
1.6781012013,-0.17032204410253043
1.6783012012999996,-0.1698581797313441
1.6785012013000005,-0.16939524589423405
1.6787012012999998,-0.1689332445812716
1.6789012013000004,-0.16847217771876571
1.6791012012999997,-0.1680120471704822
1.6793012013000002,-0.16755285473880333
1.6795012013,-0.16709460216592462
1.6797012013000003,-0.1666372911350043
1.6799012012999999,-0.16618092327133402
1.6801012013000003,-0.16572550014347243
1.6803012013,-0.16527102326439874
1.6805012013000002,-0.16481749409262816
1.6807012012999998,-0.16436491403334189
1.6809012012999998,-0.16391328443948716
1.6811012013,-0.16346260661288492
1.6813012012999997,-0.1630128818053179
1.6815012013000004,-0.16256411121960554
1.6817012012999997,-0.16211629601068647
1.6819012013000003,-0.1616694372866598
1.6821012012999996,-0.161223536109858
1.6823012013000003,-0.160778593497863
1.6825012013,-0.16033461042455827
1.6827012013000002,-0.15989158782112933
1.6829012013,-0.15944952657708547
1.6831012013000002,-0.15900842754124936
1.6833012013,-0.1585682915227523
1.6835012013000001,-0.15812911929200413
1.6837012013,-0.157690911581667
1.6839012012999999,-0.157253669087605
1.6841012013,-0.1568173924698329
1.6843012012999998,-0.15638208235345197
1.6845012013000003,-0.15594773932956718
1.6847012012999998,-0.15551436395621016
1.6849012013000002,-0.1550819567592278
1.6851012012999997,-0.15465051823318823
1.6853012013000002,-0.1542200488422451
1.6855012012999997,-0.15379054902102213
1.6857012013000003,-0.15336201917545506
1.6859012013,-0.15293445968365516
1.6861012013000003,-0.15250787089672901
1.6863012013,-0.15208225313961568
1.6865012013000003,-0.15165760671189069
1.6867012013,-0.15123393188857664
1.6869012013,-0.15081122892092694
1.6871012013,-0.15038949803721094
1.6873012012999997,-0.1499687394434807
1.6875012013000001,-0.14954895332432658
1.6877012013,-0.14913013984363
1.6879012013000003,-0.14871229914528855
1.6881012012999996,-0.14829543135395198
1.6883012013,-0.1478795365757199
1.6885012012999998,-0.14746461489885979
1.6887012013000002,-0.1470506663944823
1.6889012013,-0.1466376911172323
1.6891012013000002,-0.14622568910594588
1.6893012013000002,-0.14581466038431573
1.6895012013000004,-0.14540460496153026
1.6897012013000001,-0.14499552283291245
1.6899012013,-0.14458741398053757
1.6901012012999999,-0.1441802783738501
1.6903012012999998,-0.14377411597026027
1.6905012013,-0.14336892671573587
1.6907012012999998,-0.14296471054538185
1.6909012013000004,-0.14256146738400152
1.6911012012999997,-0.14215919714666472
1.6913012013000002,-0.14175789973923542
1.6915012013,-0.14135757505892504
1.6917012013000001,-0.14095822299480087
1.6919012012999999,-0.14055984342830805
1.6921012013000003,-0.14016243623376365
1.6923012013,-0.13976600127885513
1.6925012013000003,-0.13937053842511135
1.6927012013,-0.13897604752837994
1.6929012013000002,-0.13858252843927804
1.6931012013,-0.13818998100364696
1.6933012012999997,-0.13779840506298302
1.6935012013000001,-0.13740780045486542
1.6937012012999997,-0.13701816701337752
1.6939012013000003,-0.13662950456950063
1.6941012012999996,-0.13624181295152343
1.6943012013000003,-0.13585509198540874
1.6945012012999998,-0.13546934149518722
1.6947012013,-0.1350845613033022
1.6949012013,-0.13470075123097722
1.6951012013000002,-0.13431791109855087
1.6953012013000002,-0.1339360407258147
1.6955012013000004,-0.13355513993233253
1.6957012013,-0.13317520853775777
1.6959012013,-0.13279624636212983
1.6961012012999999,-0.13241825322617612
1.6963012012999998,-0.13204122895158704
1.6965012013,-0.13166517336129507
1.6967012012999998,-0.13129008627973804
1.6969012013000002,-0.1309159675331089
1.6971012012999998,-0.1305428169496094
1.6973012013000002,-0.1301706343596736
1.6975012012999997,-0.1297994195962072
1.6977012013000001,-0.12942917249479058
1.6979012013,-0.1290598928938985
1.6981012013,-0.12869158063508984
1.6983012013,-0.12832423556320025
1.6985012013000003,-0.12795785752652133
1.6987012013,-0.12759244637697384
1.6989012013,-0.1272280019702661
1.6991012013,-0.12686452416605126
1.6993012013,-0.1265020128280708
1.6995012013000002,-0.12614046782428995
1.6997012013,-0.1257798890270283
1.6999012013000003,-0.12542027631307426
1.7001012012999996,-0.12506162956380365
1.7003012013000003,-0.12470394866527076
1.7005012012999998,-0.12434723350831826
1.7007012013,-0.1239914839886484
1.7009012012999998,-0.12363670000691292
1.7011012013000002,-0.12328288146877586
1.7013012013000002,-0.12293002828498317
1.7015012013000002,-0.12257814037141178
1.7017012013000001,-0.1222272176491199
1.7019012013,-0.12187726004438681
1.7021012012999999,-0.12152826748874493
1.7023012013,-0.12118023991900331
1.7025012013000003,-0.12083317727726917
1.7027012012999996,-0.12048707951095672
1.7029012013000002,-0.1201419465727853
1.7031012012999998,-0.11979777842078869
1.7033012013000002,-0.11945457501828954
1.7035012012999995,-0.11911233633389706
1.7037012013,-0.11877106234146859
1.7039012013,-0.11843075302009307
1.7041012013000003,-0.11809140835404394
1.7043012013,-0.11775302833274343
1.7045012013000003,-0.11741561295070518
1.7047012013,-0.11707916220748674
1.7049012013000002,-0.11674367610762056
1.7051012013,-0.11640915466055245
1.7053012013,-0.11607559788056251
1.7055012013,-0.11574300578668939
1.7057012012999997,-0.11541137840264391
1.7059012013000001,-0.11508071575671609
1.7061012012999999,-0.11475101788168483
1.7063012013,-0.11442228481470802
1.7065012012999996,-0.11409451659722375
1.7067012013,-0.11376771327482979
1.7069012013,-0.1134418748971758
1.7071012013,-0.11311700151783302
1.7073012013,-0.11279309319417098
1.7075012013000002,-0.11247014998722465
1.7077012013000001,-0.11214817196155916
1.7079012013000003,-0.1118271591851259
1.7081012013,-0.11150711172912026
1.7083012013,-0.11118802966782804
1.7085012013,-0.11086991307847369
1.7087012012999998,-0.11055276204106135
1.7089012013000002,-0.11023657663821013
1.7091012012999998,-0.10992135695499253
1.7093012013000002,-0.10960710307875636
1.7095012012999997,-0.10929381509895958
1.7097012013000001,-0.10898149310698257
1.7099012013,-0.10867013719595664
1.7101012013,-0.10835974746057027
1.7103012013,-0.10805032399688681
1.7105012013000003,-0.10774186690214935
1.7107012013000003,-0.10743437627458825
1.7109012013000002,-0.10712785221322105
1.7111012013,-0.10682229481765364
1.7113012013,-0.10651770418787404
1.7115012013000002,-0.10621408042404831
1.7117012013,-0.10591142362631087
1.7119012013,-0.10560973389455026
1.7121012012999999,-0.1053090113281977
1.7123012013000003,-0.10500925602600808
1.7125012012999998,-0.10471046808584482
1.7127012012999998,-0.10441264760445143
1.7129012012999998,-0.10411579467723506
1.7131012013000002,-0.10381990939803734
1.7133012013000002,-0.10352499185890959
1.7135012013000002,-0.10323104214988049
1.7137012013000001,-0.1029380603587273
1.7139012013000001,-0.10264604657074249
1.7141012013,-0.10235500086850031
1.7143012013,-0.10206492333162019
1.7145012013,-0.10177581403653053
1.7147012012999998,-0.10148767305623035
1.7149012013,-0.10120050046004857
1.7151012013,-0.10091429631340601
1.7153012013000002,-0.10062906067757096
1.7155012013,-0.10034479360941939
1.7157012013,-0.10006149516118845
1.7159012013,-0.09977916538023479
1.7161012013,-0.09949780430878893
1.7163012013,-0.09921741198371029
1.7165012013,-0.0989379884362405
1.7167012013,-0.09865953369175734
1.7169012013000002,-0.09838204776952814
1.7171012013000002,-0.09810553068246398
1.7173012013000002,-0.09782998243687047
1.7175012013,-0.09755540303220236
1.7177012012999997,-0.09728179246081525
1.7179012013000001,-0.0970091507077181
1.7181012012999999,-0.0967374777503299
1.7183012013,-0.09646677355822662
1.7185012012999998,-0.09619703809290124
1.7187012013,-0.09592827130751222
1.7189012013,-0.09566047314664214
1.7191012013,-0.0953936435460499
1.7193012013,-0.09512778243242745
1.7195012013000002,-0.09486288972315526
1.7197012013000001,-0.09459896532606067
1.7199012013000001,-0.09433600913917357
1.7201012012999999,-0.09407402105048678
1.7203012013,-0.09381300093771397
1.7205012012999998,-0.09355294866805297
1.7207012012999998,-0.093293864097944
1.7209012013000002,-0.09303574707283481
1.7211012012999998,-0.09277859742694634
1.7213012013000002,-0.09252241498303206
1.7215012012999997,-0.09226719955215315
1.7217012013000002,-0.09201295093343803
1.7219012012999997,-0.09175966891386028
1.7221012013,-0.09150735326800173
1.7223012013,-0.09125600375783287
1.7225012013000003,-0.09100562013248145
1.7227012013,-0.09075620212801248
1.7229012013000002,-0.09050774946720287
1.7231012013,-0.09026026185932512
1.7233012013,-0.09001373899992499
1.7235012013,-0.08976818057060823
1.7237012013,-0.08952358623882485
1.7239012013,-0.08927995565765692
1.7241012012999999,-0.08903728846560872
1.7243012013000003,-0.0887955842863978
1.7245012012999998,-0.08855484272875193
1.7247012013000003,-0.08831506338619993
1.7249012012999998,-0.08807624583687824
1.7251012013,-0.08783838964332366
1.7253012013,-0.0876014943522839
1.7255012013000002,-0.0873655594945189
1.7257012013000002,-0.0871305845846121
1.7259012013000001,-0.0868965691207797
1.7261012013,-0.08666351258468462
1.7263012013,-0.08643141444125335
1.7265012013,-0.08620027413849393
1.7267012013,-0.08597009110731818
1.7269012013000002,-0.08574086476136511
1.7271012012999998,-0.08551259449683019
1.7273012013000002,-0.08528527969229027
1.7275012012999997,-0.08505891970854412
1.7277012013000002,-0.08483351388843882
1.7279012012999995,-0.08460906155671781
1.7281012013,-0.08438556201985256
1.7283012012999999,-0.0841630145658963
1.7285012013000003,-0.08394141846432461
1.7287012013,-0.08372077296589076
1.7289012013000002,-0.08350107730247489
1.7291012013000002,-0.08328233068694474
1.7293012013000002,-0.08306453231301272
1.7295012013000002,-0.08284768135510051
1.7297012013,-0.08263177696820448
1.7299012013000001,-0.08241681828776459
1.7301012012999997,-0.08220280442953953
1.7303012013,-0.08198973448947777
1.7305012012999998,-0.08177760754360316
1.7307012013000003,-0.08156642264789085
1.7309012012999996,-0.08135617883815906
1.7311012013,-0.08114687512995142
1.7313012012999995,-0.08093851051843738
1.7315012013000002,-0.08073108397829964
1.7317012013,-0.08052459446364206
1.7319012013000001,-0.08031904090788398
1.7321012013000003,-0.08011442222367192
1.7323012013000003,-0.07991073730278714
1.7325012013,-0.07970798501605798
1.7327012013,-0.07950616421327668
1.7329012013,-0.07930527372311962
1.7331012012999998,-0.07910531235307051
1.7333012013000002,-0.07890627888934555
1.7335012012999997,-0.0787081720968278
1.7337012013000002,-0.07851099071899456
1.7339012012999997,-0.078314733477862
1.7341012013000001,-0.07811939907391866
1.7343012012999997,-0.07792498618607664
1.7345012013,-0.07773149347161275
1.7347012013,-0.07753891956612607
1.7349012013000003,-0.07734726308348783
1.7351012013000002,-0.07715652261580336
1.7353012013000002,-0.07696669673337134
1.7355012013000002,-0.07677778398465092
1.7357012013,-0.07658978289623025
1.7359012013000001,-0.07640269197279817
1.7361012013,-0.07621650969712229
1.7363012012999999,-0.07603123453002579
1.7365012012999999,-0.07584686491037268
1.7367012013000003,-0.07566339925505294
1.7369012012999998,-0.07548083595897485
1.7371012013,-0.0752991733950542
1.7373012012999998,-0.07511840991421637
1.7375012013,-0.0749385438453929
1.7377012013000002,-0.07475957349552827
1.7379012013000001,-0.074581497149586
1.7381012013000001,-0.07440431307055953
1.7383012013,-0.07422801949948694
1.7385012013,-0.0740526146554689
1.7387012013,-0.07387809673568957
1.7389012013,-0.07370446391544153
1.7391012012999998,-0.07353171434815375
1.7393012013,-0.07335984616542233
1.7395012012999997,-0.07318885747704712
1.7397012013000002,-0.07301874637106703
1.7399012013,-0.0728495109138052
1.7401012013,-0.07268114914990978
1.7403012012999997,-0.07251365910240518
1.7405012013,-0.07234703877274098
1.7407012013,-0.07218128614084976
1.7409012013,-0.0720163991652015
1.7411012013000002,-0.07185237578286663
1.7413012013000002,-0.07168921390958052
1.7415012013000002,-0.07152691143980991
1.7417012013000002,-0.07136546624682433
1.7419012013000001,-0.07120487618276976
1.7421012013,-0.07104513907874577
1.7423012013,-0.07088625274488457
1.7425012012999999,-0.07072821497043624
1.7427012013000003,-0.07057102352385192
1.7429012013,-0.07041467615287653
1.7431012013,-0.0702591705846374
1.7433012012999998,-0.0701045045257421
1.7435012013,-0.06995067566237478
1.7437012013,-0.06979768166039896
1.7439012013000001,-0.06964552016545966
1.7441012013000001,-0.06949418880309174
1.7443012013000003,-0.06934368517882822
1.7445012013000003,-0.06919400687831402
1.7447012013,-0.06904515146742021
1.7449012013,-0.0688971164923621
1.7451012012999998,-0.06874989947982084
1.7453012013000002,-0.0686034979370653
1.7455012013,-0.06845790935208071
1.7457012013000002,-0.06831313119369398
1.7459012012999997,-0.06816916091170847
1.7461012013000001,-0.06802599593703432
1.7463012012999997,-0.06788363368182929
1.7465012012999999,-0.0677420715396328
1.7467012012999998,-0.06760130688551161
1.7469012013,-0.067461337076201
1.7471012013,-0.06732215945025259
1.7473012013,-0.06718377132818197
1.7475012013000002,-0.06704617001262016
1.7477012013000002,-0.0669093527884674
1.7479012013000002,-0.06677331692304792
1.7481012013,-0.06663805966626841
1.7483012013,-0.0665035782507773
1.7485012012999999,-0.06636986989212869
1.7487012013000003,-0.06623693178894416
1.7489012012999998,-0.06610476112308253
1.7491012013,-0.06597335505980458
1.7493012012999998,-0.06584271074794729
1.7495012012999998,-0.06571282532009376
1.7497012012999997,-0.06558369589274925
1.7499012013000002,-0.06545531956651686
1.7501012013,-0.06532769342627714
1.7503012013,-0.06520081454136599
1.7505012013,-0.06507467996575925
1.7507012013000003,-0.06494928673825465
1.7509012013000003,-0.06482463188265858
1.7511012013,-0.0647007124079726
1.7513012013000002,-0.0645775253085821
1.7515012013,-0.06445506756444849
1.7517012013000002,-0.06433333614129899
1.7519012013,-0.06421232799082263
1.7521012013000001,-0.06409204005086351
1.7523012012999997,-0.06397246924561938
1.7525012012999999,-0.06385361248583749
1.7527012012999996,-0.06373546666901689
1.7529012013,-0.06361802867960661
1.7531012012999998,-0.06350129538921064
1.7533012013000002,-0.06338526365678854
1.7535012013000002,-0.0632699303288631
1.7537012013000002,-0.06315529223972417
1.7539012013000004,-0.06304134621163673
1.7541012013,-0.06292808905504987
1.7543012013000003,-0.06281551756880399
1.7545012012999999,-0.06270362854034489
1.7547012013000003,-0.06259241874593102
1.7549012012999998,-0.06248188495085023
1.7551012013000002,-0.06237202390962922
1.7553012012999998,-0.06226283236625173
1.7555012013,-0.06215430705437015
1.7557012012999997,-0.06204644469752476
1.7559012013000002,-0.06193924200935803
1.7561012013,-0.06183269569383468
1.7563012013000001,-0.0617268024454575
1.7565012013,-0.06162155894948869
1.7567012013000003,-0.06151696188216785
1.7569012013000003,-0.06141300791093353
1.7571012013,-0.06130969369464334
1.7573012013000002,-0.06120701588379528
1.7575012013,-0.061104971120750674
1.7577012013000002,-0.06100355603995515
1.7579012013,-0.060902767268162954
1.7581012013000001,-0.060802601424658494
1.7583012013,-0.06070305512148179
1.7585012012999999,-0.06060412496365043
1.7587012012999996,-0.06050580754938532
1.7589012013,-0.06040809947033372
1.7591012013,-0.06031099731179565
1.7593012013000002,-0.06021449765294669
1.7595012013000002,-0.06011859706706438
1.7597012013000002,-0.06002329212175243
1.7599012013000002,-0.05992857937916627
1.7601012013000001,-0.05983445539623808
1.7603012013000001,-0.05974091672490188
1.7605012012999999,-0.05964795991231888
1.7607012013000003,-0.05955558150110184
1.7609012013,-0.059463778029541475
1.7611012013,-0.05937254603182945
1.7613012012999998,-0.05928188203828448
1.7615012013,-0.0591917825755757
1.7617012012999995,-0.05910224416694821
1.7619012013,-0.059013263332445054
1.7621012013,-0.05892483658913331
1.7623012013000001,-0.05883696045132529
1.7625012013,-0.058749631430802696
1.7627012013,-0.058662846037038696
1.7629012013000003,-0.05857660077742019
1.7631012013,-0.058490892157469734
1.7633012013000002,-0.05840571668106595
1.7635012013,-0.05832107085066552
1.7637012013000002,-0.05823695116752171
1.7639012013,-0.05815335413190552
1.7641012013000001,-0.058070276243323136
1.7643012013,-0.05798771400073565
1.7645012012999999,-0.05790566390277536
1.7647012012999996,-0.057824122447963824
1.7649012012999998,-0.05774308613492711
1.7651012013,-0.05766255146261223
1.7653012013,-0.05758251493050125
1.7655012013000002,-0.05750297303882494
1.7657012013000002,-0.057423922288776616
1.7659012013000004,-0.05734535918272337
1.7661012013000001,-0.05726728022441842
1.7663012013000001,-0.05718968191921027
1.7665012013,-0.057112560774253265
1.7667012013,-0.05703591329871546
1.7669012013,-0.05695973600398628
1.7671012013000003,-0.05688402540388293
1.7673012013,-0.05680877801485616
1.7675012013,-0.056733990356193836
1.7677012012999997,-0.05665965895022521
1.7679012013,-0.056585780322522164
1.7681012013,-0.0565123510021012
1.7683012013,-0.05643936752162254
1.7685012013,-0.056366826417589076
1.7687012013,-0.056294724230544144
1.7689012013000003,-0.056223057505267224
1.7691012013,-0.05615182279096978
1.7693012013,-0.05608101664148801
1.7695012013,-0.0560106356154763
1.7697012013000002,-0.05594067627659767
1.7699012013000002,-0.055871135193714304
1.7701012013000001,-0.05580200894107541
1.7703012013,-0.055733294098504756
1.7705012013,-0.05566498725158606
1.7707012012999999,-0.055597084991848074
1.7709012012999998,-0.05552958391694652
1.7711012012999998,-0.0554624806308464
1.7713012013,-0.055395771744001586
1.7715012013000002,-0.055329453873533725
1.7717012013000002,-0.055263523643409126
1.7719012013000002,-0.055197977684614194
1.7721012013,-0.05513281263532978
1.7723012013000001,-0.0550680251411033
1.7725012012999999,-0.05500361185502046
1.7727012013000003,-0.05493956943787358
1.7729012013,-0.05487589455833074
1.7731012013,-0.054812583893100585
1.7733012012999998,-0.0547496341270981
1.7735012013000002,-0.05468704195360666
1.7737012012999998,-0.054624804074440814
1.7739012012999997,-0.05456291720010402
1.7741012013,-0.054501378049948396
1.7743012013,-0.05444018335233051
1.7745012013,-0.05437932984476579
1.7747012013,-0.054318814274082215
1.7749012013000003,-0.05425863339657086
1.7751012013,-0.054198783978136315
1.7753012013000002,-0.0541392627944437
1.7755012013,-0.05408006663106572
1.7757012013000002,-0.05402119228362618
1.7759012013000002,-0.05396263655794355
1.7761012013000002,-0.05390439627017102
1.7763012013,-0.053846468246936285
1.7765012013,-0.05378884932547831
1.7767012012999996,-0.053731536353783714
1.7769012012999998,-0.05367452619071941
1.7771012012999998,-0.05361781570616583
1.7773012013,-0.053561401781146226
1.7775012013,-0.05350528130795559
1.7777012013000002,-0.05344945119028667
1.7779012013000002,-0.053393908343355403
1.7781012013000002,-0.05333864969402319
1.7783012013000001,-0.053283672180918396
1.7785012013000001,-0.05322897275455549
1.7787012013,-0.053174548377452426
1.7789012013,-0.053120396024246334
1.7791012013000003,-0.053066512681807135
1.7793012013,-0.05301289534934975
1.7795012013,-0.05295954103854355
1.7797012012999998,-0.05290644677362119
1.7799012012999997,-0.052853609591484524
1.7801012012999997,-0.052801026541809376
1.7803012013,-0.05274869468714795
1.7805012013,-0.05269661110302992
1.7807012013000003,-0.0526447728780608
1.7809012013000003,-0.05259317711401982
1.7811012013000003,-0.05254182092595437
1.7813012013000002,-0.052490701442273684
1.7815012013,-0.052439815804840494
1.7817012013000002,-0.052389161169060144
1.7819012013000002,-0.05233873470396916
1.7821012013000002,-0.052288533592320524
1.7823012013,-0.05223855503066811
1.7825012013000001,-0.052188796229448525
1.7827012012999999,-0.052139254413062275
1.7829012012999998,-0.052089926819951365
1.7831012012999998,-0.05204081070267674
1.7833012013,-0.05199190332799278
1.7835012013,-0.051943201976920594
1.7837012013,-0.05189470394481893
1.7839012013000002,-0.051846406541453775
1.7841012013000002,-0.051798307091066004
1.7843012013000001,-0.05175040293243685
1.7845012013000001,-0.051702691418952035
1.7847012013,-0.05165516991866394
1.7849012013,-0.0516078358143518
1.7851012013,-0.05156068650358039
1.7853012013,-0.05151371939875659
1.7855012013,-0.05146693192718467
1.7857012013,-0.05142032153111914
1.7859012012999997,-0.05137388566781641
1.7861012012999997,-0.051327621809584334
1.7863012013,-0.05128152744383014
1.7865012013000001,-0.05123560007310677
1.7867012013,-0.05118983721515714
1.7869012013,-0.051144236402956705
1.7871012013000003,-0.051098795184754714
1.7873012013000003,-0.05105351112411327
1.7875012013000002,-0.05100838179994509
1.7877012013,-0.050963404806549074
1.7879012013,-0.05091857775364458
1.7881012013,-0.05087389826640401
1.7883012013000001,-0.0508293639854835
1.7885012013,-0.05078497256705239
1.7887012012999999,-0.050740721682820074
1.7889012012999999,-0.05069660902006245
1.7891012012999998,-0.05065263228164597
1.7893012013,-0.050608789186050177
1.7895012013,-0.050565077467388864
1.7897012013,-0.05052149487542929
1.7899012013000002,-0.05047803917561003
1.7901012013000002,-0.0504347081490575
1.7903012013000001,-0.05039149959260013
1.7905012013000001,-0.0503484113187819
1.7907012013,-0.05030544115587372
1.7909012013,-0.05026258694788357
1.7911012013,-0.05021984655456483
1.7913012013,-0.05017721785142362
1.7915012013,-0.05013469872972399
1.7917012013,-0.050092287096492175
1.7919012013,-0.05004998087451904
1.7921012012999997,-0.050007778002361336
1.7923012013,-0.04996567643434105
1.7925012013,-0.04992367414054414
1.7927012012999999,-0.04988176910681685
1.7929012013,-0.04983995933476133
1.7931012013,-0.04979824284172978
1.7933012013000003,-0.04975661766081678
1.7935012013000002,-0.04971508184085081
1.7937012013000002,-0.049673633446383966
1.7939012013000002,-0.0496322705576807
1.7941012013000002,-0.04959099127070491
1.7943012013000001,-0.04954979369710599
1.7945012013,-0.049508675964203476
1.7947012013,-0.04946763621497008
1.7949012012999999,-0.049426672608014435
1.7951012012999998,-0.04938578331756111
1.7953012012999998,-0.04934496653343078
1.7955012013,-0.04930422046101828
1.7957012013,-0.049263543321270024
1.7959012013000002,-0.0492229333506595
1.7961012013000002,-0.04918238880116249
1.7963012013000001,-0.04914190794023031
1.7965012013000001,-0.049101489050762406
1.7967012013,-0.04906113043107759
1.7969012013,-0.049020830394884266
1.7971012013,-0.048980587271249335
1.7973012013,-0.04894039940456629
1.7975012013,-0.04890026515452203
1.7977012013,-0.048860182896062664
1.7979012013,-0.0488201510193582
1.7981012012999997,-0.048780167929766464
1.7983012012999997,-0.048740232047795415
1.7985012013,-0.04870034180906519
1.7987012013,-0.048660495664268714
1.7989012013,-0.048620692079131354
1.7991012013,-0.048580929534369585
1.7993012013000003,-0.0485412065256489
1.7995012013,-0.04850152156354082
1.7997012013000002,-0.048461873173478456
1.7999012013,-0.04842225989571209
1.8001012013000002,-0.048382680285262734
1.8003012013000002,-0.04834313291187606
1.8005012013000001,-0.04830361635997442
1.8007012012999999,-0.04826412922860853
1.8009012012999999,-0.0482246701314082
1.8011012012999998,-0.048185237696532476
1.8013012012999998,-0.04814583056661863
1.8015012012999998,-0.04810644739873062
1.8017012013,-0.048067086864306593
1.8019012013000002,-0.04802774764910597
1.8021012013000002,-0.047988428453155395
1.8023012013000002,-0.04794912799069409
1.8025012013000001,-0.04790984499011873
1.8027012013000001,-0.04787057819392734
1.8029012013,-0.04783132635866262
1.8031012013,-0.04779208825485467
1.8033012013,-0.04775286266696292
1.8035012013,-0.047713648393317674
1.8037012013,-0.04767444424606064
1.8039012013,-0.0476352490510853
1.8041012013,-0.04759606164797639
1.8043012012999997,-0.04755688088994898
1.8045012013,-0.04751770564378663
1.8047012013,-0.04747853478977976
1.8049012013,-0.04743936722166257
1.8051012013000003,-0.04740020184655017
1.8053012013,-0.04736103758487482
1.8055012013000002,-0.047321873370321565
1.8057012013000002,-0.04728270814976404
1.8059012013000002,-0.04724354088319907
1.8061012013000002,-0.04720437054368118
1.8063012013000002,-0.04716519611725668
1.8065012013000001,-0.04712601660289731
1.8067012013000001,-0.04708683101243333
1.8069012013,-0.04704763837048645
1.8071012012999998,-0.04700843771440219
1.8073012012999998,-0.04696922809418187
1.8075012012999998,-0.0469300085724146
1.8077012013,-0.04689077822420826
1.8079012013,-0.04685153613712102
1.8081012013000002,-0.046812281411091575
1.8083012013000002,-0.046773013158369986
1.8085012013000001,-0.04673373050344756
1.8087012013000001,-0.046694432582986924
1.8089012013,-0.04665511854575146
1.8091012013,-0.04661578755253474
1.8093012013,-0.04657643877608965
1.8095012013,-0.04653707140105734
1.8097012013,-0.04649768462389593
1.8099012013,-0.046458277652808744
1.8101012013,-0.04641884970767297
1.8103012012999997,-0.046379400019967536
1.8105012012999997,-0.04633992783270111
1.8107012013,-0.046300432400339986
1.8109012013,-0.046260912988735685
1.8111012013000003,-0.046221368875052515
1.8113012013,-0.04618179934769513
1.8115012013000003,-0.04614220370623527
1.8117012013,-0.04610258126133986
1.8119012013,-0.04606293133469736
1.8121012013,-0.04602325325894524
1.8123012013000002,-0.04598354637759678
1.8125012013000001,-0.045943810044968336
1.8127012013,-0.04590404362610568
1.8129012012999999,-0.04586424649671131
1.8131012013,-0.045824418043071136
1.8133012012999998,-0.04578455766198146
1.8135012012999998,-0.04574466476067547
1.8137012013,-0.045704738756750435
1.8139012013,-0.045664779078094436
1.8141012013000002,-0.045624785162813195
1.8143012013000002,-0.04558475645915708
1.8145012013000001,-0.04554469242544805
1.8147012013000001,-0.04550459253000666
1.8149012013,-0.04546445625107913
1.8151012013,-0.045424283076764764
1.8153012013,-0.04538407250494282
1.8155012013,-0.0453438240432001
1.8157012013,-0.04530353720875836
1.8159012013,-0.045263211528401966
1.8161012013,-0.0452228465384053
1.8163012013,-0.045182441784460764
1.8165012013,-0.045141996821606745
1.8167012013,-0.04510151121415567
1.8169012012999999,-0.04506098453562209
1.8171012013,-0.045020416368651145
1.8173012013,-0.044979806304947446
1.8175012013,-0.04493915394520323
1.8177012013000002,-0.04489845889902762
1.8179012013000002,-0.04485772078487578
1.8181012013000002,-0.04481693922997803
1.8183012013000002,-0.04477611387026929
1.8185012013000001,-0.04473524435031909
1.8187012013000001,-0.04469433032326113
1.8189012013,-0.0446533714507237
1.8191012013,-0.044612367402759916
1.8193012012999998,-0.04457131785777837
1.8195012012999998,-0.044530222502473835
1.8197012012999998,-0.04448908103175863
1.8199012013,-0.04444789314869374
1.8201012013,-0.044406658564420595
1.8203012013000002,-0.04436537699809262
1.8205012013000001,-0.04432404817680789
1.8207012013000001,-0.044282671835541076
1.8209012013,-0.044241247717076285
1.8211012013,-0.04419977557194021
1.8213012013,-0.044158255158335095
1.8215012013,-0.044116686242072656
1.8217012013,-0.04407506859650755
1.8219012013000002,-0.04403340200247195
1.8221012013,-0.04399168624820977
1.8223012013,-0.04394992112931152
1.8225012013,-0.04390810644864929
1.8227012012999997,-0.043866242016312645
1.8229012013,-0.04382432764954358
1.8231012013,-0.043782363172673644
1.8233012013000003,-0.04374034841705938
1.8235012013,-0.04369828322101979
1.8237012013000002,-0.04365616742977298
1.8239012013,-0.04361400089537393
1.8241012013000002,-0.04357178347665197
1.8243012013,-0.0435295150391494
1.8245012013000002,-0.04348719545505931
1.8247012013,-0.04344482460316528
1.8249012012999999,-0.04340240236877976
1.8251012012999999,-0.0433599286436841
1.8253012013,-0.04331740332606853
1.8255012012999998,-0.04327482632047237
1.8257012012999998,-0.04323219753772445
1.8259012013,-0.04318951689488461
1.8261012013,-0.04314678431518493
1.8263012013000002,-0.04310399972797132
1.8265012013000002,-0.043061163068646095
1.8267012013000001,-0.04301827427861017
1.8269012013,-0.04297533330520618
1.8271012013,-0.0429323401016618
1.8273012013,-0.042889294627033295
1.8275012013,-0.042846196846149896
1.8277012013,-0.04280304672955794
1.8279012013,-0.04275984425346595
1.8281012013,-0.04271658939968979
1.8283012013,-0.042673282155598444
1.8285012013,-0.04262992251405978
1.8287012013,-0.04258651047338728
1.8289012013,-0.042543046037286536
1.8291012013,-0.04249952921480274
1.8293012013,-0.042455960020268205
1.8295012013,-0.042412338473250155
1.8297012013,-0.042368664598499375
1.8299012013000002,-0.042324938425898836
1.8301012013000002,-0.04228115999041298
1.8303012013000002,-0.04223732933203711
1.8305012013000002,-0.04219344649574748
1.8307012013,-0.04214951153145173
1.8309012013000001,-0.042105524493939256
1.8311012013,-0.04206148544283292
1.8313012013,-0.04201739444254009
1.8315012013,-0.0419732515622047
1.8317012012999998,-0.041929056875659745
1.8319012012999998,-0.041884810461379623
1.8321012013,-0.04184051240243364
1.8323012013,-0.04179616278643915
1.8325012013000002,-0.04175176170551563
1.8327012013000001,-0.04170730925623889
1.8329012013000001,-0.04166280553959556
1.8331012013,-0.041618250660938334
1.8333012013,-0.0415736447299412
1.8335012013,-0.041528987860555366
1.8337012013,-0.041484280170965324
1.8339012013,-0.04143952178354549
1.8341012013,-0.04139471282481695
1.8343012013,-0.04134985342540505
1.8345012013,-0.04130494371999682
1.8347012013,-0.041259983847299134
1.8349012013,-0.04121497394999705
1.8351012013,-0.04116991417471265
1.8353012013,-0.041124804671964346
1.8355012013000003,-0.04107964559612603
1.8357012013,-0.041034437105387345
1.8359012013000002,-0.04098917936171356
1.8361012013,-0.04094387253080663
1.8363012013000002,-0.04089851678206553
1.8365012013,-0.04085311228854836
1.8367012013000001,-0.04080765922693311
1.8369012013,-0.04076215777748056
1.8371012013,-0.04071660812399587
1.8373012013,-0.04067101045379193
1.8375012013,-0.04062536495765189
1.8377012013,-0.040579671829792954
1.8379012012999998,-0.04053393126782982
1.8381012013,-0.040488143472738776
1.8383012013,-0.04044230864882235
1.8385012013000002,-0.04039642700367369
1.8387012013000001,-0.04035049874814198
1.8389012013000001,-0.04030452409629738
1.8391012013,-0.04025850326539709
1.8393012013,-0.04021243647585114
1.8395012013,-0.04016632395118891
1.8397012013,-0.040120165918025516
1.8399012013,-0.04007396260602909
1.8401012013,-0.0400277142478877
1.8403012013,-0.039981421079277206
1.8405012013,-0.039935083338828864
1.8407012013,-0.03988870126809773
1.8409012013,-0.039842275111530906
1.8411012012999999,-0.03979580511643642
1.8413012013,-0.03974929153295222
1.8415012013,-0.03970273461401558
1.8417012013,-0.03965613461533247
1.8419012013,-0.03960949179534767
1.8421012013000002,-0.0395628064152148
1.8423012013000002,-0.03951607873876693
1.8425012013,-0.039469309032487056
1.8427012013000001,-0.03942249756547899
1.8429012013000001,-0.039375644609439084
1.8431012013,-0.03932875043862719
1.8433012013,-0.039281815329838626
1.8435012013,-0.039234839562376195
1.8437012013,-0.03918782341802239
1.8439012013,-0.039140767181011824
1.8441012013,-0.03909367113800413
1.8443012013,-0.03904653557805679
1.8445012013,-0.0389993607925984
1.8447012013000001,-0.03895214707540208
1.8449012013000001,-0.03890489472255934
1.8451012013,-0.03885760403245368
1.8453012013,-0.038810275305734915
1.8455012013,-0.03876290884529346
1.8457012013,-0.03871550495623491
1.8459012013,-0.03866806394585483
1.8461012013000002,-0.038620586123613646
1.8463012013,-0.038573071801112135
1.8465012013,-0.038525521292066246
1.8467012013000002,-0.03847793491228325
1.8469012013,-0.03843031297963744
1.8471012012999999,-0.038382655814045694
1.8473012013,-0.038334963737444105
1.8475012013,-0.03828723707376431
1.8477012013,-0.038239476148909726
1.8479012013,-0.03819168129073254
1.8481012013,-0.03814385282901048
1.8483012013,-0.03809599109542395
1.8485012013000002,-0.038048096423533254
1.8487012013,-0.03800016914875613
1.8489012013000001,-0.0379522096083449
1.8491012012999999,-0.03790421814136491
1.8493012013,-0.03785619508867159
1.8495012013,-0.03780814079288926
1.8497012013,-0.03776005559838884
1.8499012013,-0.03771193985126638
1.8501012012999998,-0.03766379389932156
1.8503012013,-0.03761561809203608
1.8505012013000002,-0.03756741278055287
1.8507012013,-0.037519178317654764
1.8509012013,-0.037470915057743255
1.8511012013,-0.037422623356818105
1.8513012013,-0.03737430357245657
1.8515012013,-0.037325956063792534
1.8517012013,-0.037277581191496295
1.8519012013,-0.037229179317754164
1.8521012013,-0.037180750806248185
1.8523012013,-0.03713229602213608
1.8525012013,-0.03708381533203124
1.8527012013000002,-0.03703530910398268
1.8529012013,-0.03698677770745562
1.8531012013,-0.0369382215133112
1.8533012013,-0.03688964089378735
1.8535012013,-0.03684103622247925
1.8537012013,-0.036792407874319664
1.8539012013,-0.03674375622555981
1.8541012013,-0.03669508165375006
1.8543012013000002,-0.03664638453772077
1.8545012013000002,-0.036597665257563416
1.8547012013000002,-0.03654892419461127
1.8549012013000001,-0.03650016173142076
1.8551012013000001,-0.036451378251752466
1.8553012013,-0.036402574140552486
1.8555012013,-0.03635374978393366
1.8557012013,-0.03630490556915697
1.8559012013,-0.036256041884613004
1.8561012013,-0.03620715911980343
1.8563012013,-0.03615825766532256
1.8565012013,-0.03610933791283899
1.8567012013,-0.03606040025507731
1.8569012013000001,-0.03601144508579967
1.8571012013000001,-0.03596247279978794
1.8573012013000003,-0.035913483792825045
1.8575012013,-0.03586447846167741
1.8577012013,-0.03581545720407625
1.8579012013,-0.03576642041870012
1.8581012013,-0.03571736850515666
1.8583012013,-0.035668301863964656
1.8585012013000002,-0.03561922089653617
1.8587012013000002,-0.03557012600515884
1.8589012013000001,-0.03552101759297772
1.8591012013000001,-0.0354718960639777
1.8593012013,-0.03542276182296574
1.8595012013,-0.035373615275553064
1.8597012013,-0.035324456828137445
1.8599012013,-0.03527528688788563
1.8601012013,-0.03522610586271557
1.8603012013,-0.03517691416127888
1.8605012013000002,-0.03512771219294307
1.8607012013000002,-0.03507850036777427
1.8609012013,-0.03502927909651936
1.8611012013000001,-0.03498004879058833
1.8613012013,-0.03493080986203731
1.8615012013,-0.034881562723550426
1.8617012013,-0.03483230778842263
1.8619012013,-0.034783045470542145
1.8621012013,-0.034733776184372914
1.8623012013,-0.034684500344937266
1.8625012013,-0.03463521836779836
1.8627012013,-0.034585930669042725
1.8629012013,-0.03453663766526292
1.8631012013000001,-0.03448733977353996
1.8633012013,-0.03443803741142609
1.8635012013,-0.03438873099692712
1.8637012013,-0.034339420948485175
1.8639012013,-0.034290107684961206
1.8641012013,-0.03424079162561762
1.8643012013,-0.03419147319010086
1.8645012013000002,-0.03414215279842389
1.8647012013,-0.03409283087094913
1.8649012013,-0.03404350782837047
1.8651012013,-0.033994184091696446
1.8653012012999999,-0.033944860082232436
1.8655012013,-0.03389553622156341
1.8657012013,-0.03384621293153664
1.8659012012999998,-0.03379689063424399
1.8661012013,-0.03374756975200454
1.8663012013000002,-0.03369825070734748
1.8665012013000002,-0.033648933922994485
1.8667012013000002,-0.033599619821842105
1.8669012013000001,-0.033550308826944576
1.8671012013000001,-0.033501001361496335
1.8673012013,-0.03345169784881452
1.8675012013,-0.033402398712321514
1.8677012013,-0.033353104375527604
1.8679012013,-0.033303815262013425
1.8681012013,-0.0332545317954125
1.8683012013,-0.03320525439939382
1.8685012013000002,-0.03315598349764431
1.8687012013,-0.0331067195138516
1.8689012013,-0.033057462871686025
1.8691012013000001,-0.0330082139947836
1.8693012012999999,-0.032958973306728576
1.8695012013,-0.03290974123103538
1.8697012013,-0.03286051819113188
1.8699012013,-0.032811304610341235
1.8701012013,-0.03276210091186482
1.8703012013,-0.032712907518764475
1.8705012013,-0.032663724853945114
1.8707012013,-0.032614553340137194
1.8709012013,-0.03256539339987914
1.8711012013000001,-0.03251624545549992
1.8713012013,-0.03246710992910153
1.8715012013,-0.03241798724254138
1.8717012013,-0.03236887781741485
1.8719012013,-0.03231978207503778
1.8721012013,-0.03227070043642892
1.8723012013,-0.032221633322292456
1.8725012013,-0.032172581153000465
1.8727012013,-0.03212354434857543
1.8729012013000002,-0.03207452332867271
1.8731012013,-0.03202551851256326
1.8733012012999999,-0.03197653031911562
1.8735012013,-0.03192755916677893
1.8737012013,-0.03187860547356539
1.8739012013,-0.0318296696570325
1.8741012013,-0.03178075213426582
1.8743012013000002,-0.031731853321861445
1.8745012013000002,-0.03168297363590873
1.8747012013000002,-0.03163411349197255
1.8749012013000002,-0.0315852733050761
1.8751012013,-0.03153645348968351
1.8753012013,-0.031487654459682136
1.8755012013,-0.031438876628365725
1.8757012013,-0.0313901204084166
1.8759012013,-0.03134138621188846
1.8761012013,-0.03129267445018909
1.8763012013,-0.031243985534062997
1.8765012013,-0.031195319873574174
1.8767012013,-0.031146677878088808
1.8769012013,-0.03109805995625805
1.8771012013,-0.031049466516000733
1.8773012013,-0.03100089796448622
1.8775012013,-0.03095235470811741
1.8777012013,-0.03090383715251325
1.8779012013,-0.03085534570249185
1.8781012013,-0.030806880762053353
1.8783012013,-0.030758442734362908
1.8785012013,-0.030710032021733603
1.8787012013000002,-0.03066164902560943
1.8789012013000002,-0.030613294146548585
1.8791012013,-0.030564967784206226
1.8793012013000001,-0.030516670337317607
1.8795012012999999,-0.030468402203681716
1.8797012013,-0.03042016378014368
1.8799012013,-0.030371955462578815
1.8801012013,-0.03032377764587535
1.8803012013,-0.030275630723917965
1.8805012013000002,-0.03022751508957109
1.8807012013000002,-0.030179431134662517
1.8809012013000002,-0.030131379249966554
1.8811012013,-0.030083359825187818
1.8813012013,-0.030035373248944515
1.8815012013,-0.02998741990875231
1.8817012013,-0.02993950019100803
1.8819012013,-0.029891614480973105
1.8821012013,-0.02984376316275758
1.8823012013,-0.029795946619303848
1.8825012013,-0.029748165232370623
1.8827012013,-0.029700419382516823
1.8829012013,-0.029652709449085664
1.8831012013,-0.029605035810188682
1.8833012013000001,-0.029557398842689882
1.8835012013,-0.029509798922190078
1.8837012013,-0.029462236423010973
1.8839012013,-0.029414711718179623
1.8841012013,-0.029367225179412884
1.8843012013,-0.02931977717710184
1.8845012013,-0.029272368080296388
1.8847012013,-0.029224998256689914
1.8849012013,-0.029177668072604003
1.8851012013000001,-0.029130377892973118
1.8853012013000001,-0.029083128081329766
1.8855012013,-0.029035918999789117
1.8857012012999999,-0.028988751009034253
1.8859012013,-0.028941624468301057
1.8861012013,-0.02889453973536388
1.8863012013,-0.028847497166520346
1.8865012013000002,-0.028800497116576902
1.8867012013000002,-0.02875353993883452
1.8869012013000002,-0.02870662598507384
1.8871012013000001,-0.028659755605541105
1.8873012013000001,-0.028612929148933864
1.8875012012999999,-0.02856614696238679
1.8877012013,-0.02851940939145743
1.8879012013,-0.02847271678011272
1.8881012013000003,-0.02842606947071457
1.8883012013,-0.028379467804006603
1.8885012013,-0.028332912119099895
1.8887012013,-0.028286402753460012
1.8889012013,-0.02823994004289317
1.8891012013,-0.028193524321533082
1.8893012013,-0.028147155921827587
1.8895012013,-0.02810083517452551
1.8897012013,-0.028054562408663896
1.8899012013,-0.028008337951554677
1.8901012013,-0.027962162128772172
1.8903012013,-0.0279160352641403
1.8905012013,-0.027869957679719982
1.8907012013,-0.02782392969579677
1.8909012013000002,-0.02777795163086837
1.8911012013000001,-0.02773202380163265
1.8913012013000001,-0.02768614652297526
1.8915012013,-0.02764032010795779
1.8917012013,-0.027594544867805944
1.8919012013,-0.027548821111897742
1.8921012013,-0.02750314914775192
1.8923012013,-0.027457529281016475
1.8925012013,-0.027411961815457277
1.8927012013000002,-0.027366447052946805
1.8929012013000002,-0.027320985293453233
1.8931012013000001,-0.027275576835029174
1.8933012013,-0.02723022197380106
1.8935012012999999,-0.02718492100395824
1.8937012013,-0.027139674217742625
1.8939012013,-0.027094481905438214
1.8941012013,-0.027049344355360647
1.8943012013,-0.02700426185384709
1.8945012013,-0.026959234685246317
1.8947012013000002,-0.026914263131908596
1.8949012013,-0.02686934747417638
1.8951012013,-0.02682448799037404
1.8953012013,-0.02677968495679898
1.8955012013,-0.026734938647711974
1.8957012013,-0.026690249335328268
1.8959012013,-0.026645617289808198
1.8961012013,-0.026601042779248525
1.8963012013,-0.02655652606967364
1.8965012013,-0.026512067425026972
1.8967012013,-0.026467667107162463
1.8969012013,-0.026423325375836363
1.8971012013,-0.02637904248869901
1.8973012013000001,-0.026334818701286795
1.8975012013,-0.02629065426701451
1.8977012013,-0.026246549437167324
1.8979012013,-0.02620250446089344
1.8981012012999998,-0.026158519585196716
1.8983012013,-0.026114595054929107
1.8985012013,-0.026070731112784178
1.8987012013000002,-0.026026927999289504
1.8989012013000002,-0.025983185952800393
1.8991012013000002,-0.025939505209492904
1.8993012013,-0.02589588600335761
1.8995012013,-0.025852328566193034
1.8997012012999999,-0.025808833127599948
1.8999012013,-0.025765399914974736
1.9001012014,-0.02572202913183446
1.9003012014000003,-0.025678721044521007
1.9005012014,-0.025635475852083485
1.9007012014,-0.025592293773045314
1.9009012014,-0.02554917502369844
1.9011012014,-0.025506119818098055
1.9013012014,-0.02546312836805778
1.9015012014,-0.025420200883144894
1.9017012014,-0.02537733757067582
1.9019012014000003,-0.02533453863571178
1.9021012014,-0.025291804281054514
1.9023012014,-0.02524913470724203
1.9025012014,-0.025206530112544978
1.9027012014,-0.025163990692962757
1.9029012014,-0.02512151664221994
1.9031012014000002,-0.0250791081517628
1.9033012014000001,-0.025036765410756272
1.9035012014000001,-0.024994488606080542
1.9037012014,-0.024952277922328302
1.9039012014,-0.02491013354180196
1.9041012014,-0.024868055644511014
1.9043012014,-0.024826044408169615
1.9045012014,-0.024784100008194275
1.9047012014,-0.024742222617701787
1.9049012014000002,-0.02470041240750718
1.9051012014000002,-0.02465866954612217
1.9053012014,-0.024616994199753245
1.9055012014,-0.02457538653230024
1.9057012014,-0.02453384670535525
1.9059012013999999,-0.02449237487820146
1.9061012014,-0.024450971207811815
1.9063012014,-0.024409635848848782
1.9065012014000002,-0.024368368953663153
1.9067012014000002,-0.024327170672294035
1.9069012014,-0.02428604115246821
1.9071012014,-0.02424498053959996
1.9073012014,-0.02420398897679134
1.9075012014,-0.024163066604832174
1.9077012014,-0.024122213562200276
1.9079012014,-0.024081429985062266
1.9081012014,-0.024040716007273834
1.9083012014,-0.024000071760380787
1.9085012014,-0.023959497373619902
1.9087012014,-0.023918992973920188
1.9089012014,-0.023878558685904015
1.9091012014,-0.023838194631888673
1.9093012014000001,-0.023797900931887862
1.9095012014000001,-0.023757677703613676
1.9097012014,-0.02371752506247822
1.9099012014,-0.023677443121595886
1.9101012014,-0.023637431991785515
1.9103012014,-0.023597491781572836
1.9105012013999998,-0.023557622597192962
1.9107012014000002,-0.023517824542592904
1.9109012014000002,-0.023478097719435008
1.9111012014000002,-0.023438442227099232
1.9113012014000001,-0.023398858162686706
1.9115012014,-0.023359345621023053
1.9117012014,-0.023319904694661518
1.9119012014,-0.023280535473887122
1.9121012014,-0.023241238046719914
1.9123012014,-0.02320201249891912
1.9125012014,-0.023162858913987165
1.9127012014,-0.023123777373173858
1.9129012014000002,-0.023084767955480697
1.9131012014,-0.02304583073766562
1.9133012014,-0.023006965794247165
1.9135012014,-0.02296817319750973
1.9137012014,-0.022929453017508178
1.9139012014,-0.02289080532207322
1.9141012014,-0.022852230176816313
1.9143012014,-0.022813727645135153
