x,y_zeroed,y_bestfit
9.954666666711631e-05,-0.026869936607239832,0.0
0.00029954666666642815,-0.02886995110953386,0.0
0.0004995466666668502,-0.023136938111827775,0.0
0.0006995466666668282,-0.0255369734474551,0.0
0.0008995466666670282,-0.02380380003308242,0.0
0.0010995466666678944,-0.02273726911870964,0.0
0.001299546666666762,-0.02220406987100356,0.0
0.0014995466666656299,-0.027004001456630886,0.0
0.001699546666666718,-0.02393755179225821,0.0
0.001899546666666474,-0.024604294627885527,0.0
0.0020995466666655638,-0.024204407463512753,0.0
0.002299546666667096,-0.026337764465806667,0.0
0.002499546666667074,-0.026871187718100688,0.0
0.002699546666667496,-0.024471408887061313,0.0
0.002899546666667252,-0.020604997556021933,0.0
0.0030995466666656757,-0.022471677891649153,0.0
0.0032995466666656537,-0.025671669060609876,0.0
0.003499546666666964,-0.025138450229570397,0.0
0.00369954666666672,-0.02540522473186442,0.0
0.0038995466666664758,-0.02327205715082504,0.0
0.00409954666666712,-0.02513877081978566,0.0
0.004299546666666876,-0.027672103238746283,0.0
0.00449954666666752,-0.028605507741040204,0.0
0.004699546666667498,-0.023005829743334122,0.0
0.0048995466666659215,-0.026739125495628145,0.0
0.005099546666666344,-0.024472648331255367,0.0
0.005299546666666766,-0.025272736583549386,0.0
0.005499546666665633,-0.02673943066917671,0.0
0.00569954666666761,-0.025939570588137232,0.0
0.005899546666667144,-0.02660630884043115,0.0
0.00609954666666801,-0.026073110426058477,0.0
0.006299546666667544,-0.02473992451168579,0.0
0.006499546666665523,-0.025673334847313115,0.0
0.006699546666666389,-0.02594010101627374,0.0
0.0068995466666670335,-0.02647351801856766,0.0
0.007099546666666345,-0.023807047937528275,0.0
0.007299546666666101,-0.027007039939822203,0.0
0.0074995466666669675,-0.02834043152544952,0.0
0.007699546666666945,-0.02234075977774344,0.0
0.007899546666667145,-0.025007420530037364,0.0
0.008099546666666901,-0.025140867115664784,0.0
0.008299546666665991,-0.025007638284625308,0.0
0.008499546666665525,-0.02567438570358593,0.0
0.00869954666666728,-0.02594116353921325,0.0
0.008899546666665703,-0.022741375958173868,0.0
0.00909954666666768,-0.023941438377134493,0.0
0.009299546666666991,-0.02567479912942841,0.0
0.009499546666667191,-0.026208226965055738,0.0
0.009699546666667613,-0.025541681884016357,0.0
0.009899546666666481,-0.027141733886310374,0.0
0.010099546666666015,-0.0247419096386043,0.0
0.010299546666667103,-0.024475375807564922,0.0
0.010499546666666415,-0.02500880947652554,0.0
0.010699546666665949,-0.024875573145486163,0.0
0.010899546666667703,-0.027275582647780083,0.0
0.011099546666667681,-0.026742382566740705,0.0
0.011299546666667215,-0.021676012069034627,0.0
0.011499546666667193,-0.02474266323799525,0.0
0.011699546666665617,-0.025009419823622564,0.0
0.011899546666665595,-0.02407623557591649,0.0
0.012099546666667127,-0.02620958174487711,0.0
0.012299546666666439,-0.02234317499717113,0.0
0.012499546666667305,-0.026076450332798352,0.0
0.012699546666667283,-0.021943401918425674,0.0
0.012899546666667261,-0.027943256420719598,0.0
0.013099546666667239,-0.023676861339680222,0.0
0.013299546666667217,-0.02554357875864084,0.0
0.01349954666666564,-0.022877120344268156,0.0
0.013699546666667173,-0.023143878596562084,0.0
0.013899546666666707,-0.0239439489321894,0.0
0.014099546666665574,-0.025677318851150023,0.0
0.014299546666667107,-0.023544155020110646,0.0
0.014499546666667085,-0.02421091410573796,0.0
0.014699546666667063,-0.026210947358031887,0.0
0.01489954666666704,-0.022877843943659208,0.0
0.015099546666665686,-0.025811167612619826,0.0
0.015299546666665664,-0.024477991698247048,0.0
0.015499546666667197,-0.020611588283874372,0.0
0.01569954666666673,-0.02047836820283499,0.0
0.01589954666666671,-0.024211645621795612,0.0
0.01609954666666691,-0.024078443040756233,0.0
0.01629954666666711,-0.025678482126383552,0.0
0.016499546666667975,-0.02167872537867748,0.0
0.016699546666667286,-0.0230121140476381,0.0
0.01689954666666571,-0.021812287716598718,0.0
0.0170995466666668,-0.026345543052225945,0.0
0.01729954666666611,-0.022745762971186665,0.0
0.017499546666665644,-0.02181257622348058,0.0
0.017699546666667176,-0.024479250309107907,0.0
0.017899546666666932,-0.023546066894735127,0.0
0.018099546666667576,-0.024746123480362446,0.0
0.018299546666668,-0.024612887982656373,0.0
0.018499546666665534,-0.024879650818283687,0.0
0.01869954666666529,-0.022346529903911012,0.0
0.018899546666667044,-0.024746533572871633,0.0
0.019099546666666356,-0.022480053908498852,0.0
0.019299546666666334,-0.026480023410792877,0.0
0.0194995466666672,-0.0248802008297535,0.0
0.019699546666666734,-0.02208038699871412,0.0
0.019899546666667156,-0.021413870667674736,0.0
0.020099546666667134,-0.025813797669968663,0.0
0.020299546666665558,-0.02208070425559598,0.0
0.02049954666666598,-0.0238140720912232,0.0
0.020699546666666402,-0.023680857010183822,0.0
0.02089954666666549,-0.020481089845811144,0.0
0.02109954666666769,-0.023014411848105064,0.0
0.021299546666667224,-0.026214403433732384,0.0
0.021499546666667646,-0.02221464960269301,0.0
0.021699546666667624,-0.02448134535498693,0.0
0.021899546666665604,-0.024881441523947553,0.0
0.02209954666666558,-0.02114834144290817,0.0
0.022299546666666892,-0.022881724278535492,0.0
0.022499546666666426,-0.024615105030829417,0.0
0.02269954666666596,-0.023815242866456733,0.0
0.022899546666667492,-0.021415431535417362,0.0
0.023099546666667692,-0.02434874895437798,0.0
0.023299546666667226,-0.0199490434566719,0.0
0.023499546666667204,-0.023015677542299225,0.0
0.023699546666665627,-0.025149049127926537,0.0
0.023899546666665605,-0.02048264238022046,0.0
0.024099546666666694,-0.020882748132514388,0.0
0.024299546666666005,-0.020482875134808405,0.0
0.024499546666667094,-0.022482897970435727,0.0
0.024699546666667294,-0.020483092889396252,0.0
0.024899546666667494,-0.02554966280835687,0.0
0.02509954666666725,-0.020083313560650892,0.0
0.02529954666666634,-0.02048337639627811,0.0
0.025499546666666095,-0.02048350756523873,0.0
0.02569954666666674,-0.020483606650866057,0.0
0.02589954666666605,-0.01861712115316008,0.0
0.026099546666666473,-0.022483746072120593,0.0
0.02629954666666756,-0.022483855157747923,0.0
0.026499546666667095,-0.02275060216004184,0.0
0.026699546666667295,-0.020350812912335862,0.0
0.026899546666667273,-0.021684204081296482,0.0
0.027099546666665697,-0.0207509831669237,0.0
0.027299546666665675,-0.022751040585884327,0.0
0.027499546666667207,-0.019817912171511645,0.0
0.027699546666666963,-0.02101799625713897,0.0
0.02789954666666672,-0.020618092842766188,0.0
0.028099546666666697,-0.020618220678393515,0.0
0.028299546666666897,-0.019818349347354134,0.0
0.028499546666667985,-0.021418373016314753,0.0
0.028699546666666853,-0.017285311268608675,0.0
0.0288995466666655,-0.02221855118756929,0.0
0.029099546666667253,-0.024085261523196615,0.0
0.029299546666666343,-0.02115215644215724,0.0
0.0294995466666661,-0.01941896886111786,0.0
0.029699546666667187,-0.017685810863411783,0.0
0.029899546666667165,-0.0216857899490391,0.0
0.03009954666666692,-0.018352669867999723,0.0
0.03029954666666712,-0.015952876870293644,0.0
0.0304995466666651,-0.018752857622587663,0.0
0.0306995466666653,-0.017153017541548285,0.0
0.030899546666667277,-0.018886401210508906,0.0
0.031099546666667255,-0.019553160296136126,0.0
0.03129954666666679,-0.020086553131763447,0.0
0.03149954666666721,-0.019820015134057373,0.0
0.03169954666666697,-0.01888682921968469,0.0
0.031899546666668055,-0.02048684997197861,0.0
0.032099546666667145,-0.019020351974272633,0.0
0.03229954666666557,-0.01688722814323326,0.0
0.032499546666666435,-0.018353922228860474,0.0
0.03269954666666641,-0.0182207204811545,0.0
0.0328995466666655,-0.020620712900115117,0.0
0.0330995466666677,-0.01475437573574234,0.0
0.03329954666666768,-0.020220957321369665,0.0
0.0334995466666681,-0.020087715990330286,0.0
0.033699546666667635,-0.016754615909290907,0.0
0.033899546666665614,-0.01888797416158483,0.0
0.03409954666666559,-0.017821459913878845,0.0
0.0342995466666669,-0.019154832749506065,0.0
0.034499546666666436,-0.01742170266846669,0.0
0.034699546666666414,-0.017688445504094007,0.0
0.03489954666666706,-0.017021903339721332,0.0
0.035099546666667036,-0.015422065342015253,0.0
0.035299546666667236,-0.016622133594309176,0.0
0.03549954666666699,-0.014755643929936495,0.0
0.03569954666666564,-0.01755564384889712,0.0
0.035899546666665616,-0.01795574376785774,0.0
0.036099546666666704,-0.016622555353485058,0.0
0.03629954666666557,-0.01862256902244568,0.0
0.036499546666667104,-0.0174227331080729,0.0
0.03669954666666708,-0.016489532610366925,0.0
0.036899546666667504,-0.018356240445994144,0.0
0.037099546666667704,-0.017289722031621463,0.0
0.03729954666666635,-0.01902308195058209,0.0
0.03749954666666566,-0.017023269369542706,0.0
0.03769954666666697,-0.016756702205170025,0.0
0.03789954666666673,-0.015156897540797252,0.0
0.038099546666666484,-0.015956962876424573,0.0
0.03829954666666757,-0.015557083212051894,0.0
0.03849954666666755,-0.01662379979767912,0.0
0.038699546666667084,-0.016757253466639737,0.0
0.038899546666667506,-0.018357303385600356,0.0
0.03909954666666571,-0.01689077247122768,0.0
0.039299546666665686,-0.015024278223521597,0.0
0.039499546666666996,-0.01449108230914892,0.0
0.039699546666667196,-0.015691141394776245,0.0
0.03989954666666695,-0.01795782339707016,0.0
0.04009954666666693,-0.017424608732697487,0.0
0.04029954666666713,-0.014624816984991405,0.0
0.04049954666666711,-0.015824903153952026,0.0
0.040699546666666864,-0.01622497682291265,0.0
0.04089954666666551,-0.015691767158539968,0.0
0.04109954666666704,-0.01742514124416719,0.0
0.0412995466666668,-0.015025343246461213,0.0
0.04149954666666611,-0.015025445248755133,0.0
0.0416995466666672,-0.016625474334382453,0.0
0.04189954666666762,-0.013025738836676376,0.0
0.042099546666667154,-0.014225773338970297,0.0
0.04229954666666713,-0.017159117424597616,0.0
0.04249954666666511,-0.015825937760224937,0.0
0.04269954666666553,-0.01742596892918556,0.0
0.042899546666667066,-0.015559503014812784,0.0
0.043099546666667043,-0.017959495433773405,0.0
0.0432995466666668,-0.012893122436067425,0.0
0.04349954666666678,-0.015293147355028047,0.0
0.04369954666666698,-0.014226632690655267,0.0
0.043899546666668066,-0.01556001552628259,0.0
0.044099546666667155,-0.01609344877857651,0.0
0.04429954666666558,-0.015026902030870532,0.0
0.044499546666666445,-0.01556032319983115,0.0
0.04469954666666642,-0.016360396452125073,0.0
0.04489954666666596,-0.015960518871085697,0.0
0.04509954666666727,-0.015960625873379618,0.0
0.04529954666666702,-0.01609405745900694,0.0
0.04549954666666722,-0.016094168211300858,0.0
0.0456995466666672,-0.011161123963594878,0.0
0.04589954666666518,-0.016761024299222098,0.0
0.04609954666666516,-0.01729442963484942,0.0
0.04629954666666691,-0.016894559137143342,0.0
0.04649954666666645,-0.013694781972770666,0.0
0.046699546666666425,-0.016628114808397983,0.0
0.04689954666666751,-0.014761621810691907,0.0
0.047099546666666825,-0.017428297979652528,0.0
0.04729954666666769,-0.017561700815279847,0.0
0.047499546666667225,-0.01556190573424047,0.0
0.047699546666665205,-0.013828727319867692,0.0
0.04789954666666563,-0.017428700155495015,0.0
0.048099546666666715,-0.014628911741122333,0.0
0.04829954666666558,-0.01622896082674956,0.0
0.04849954666666756,-0.01729568532904358,0.0
0.04869954666666709,-0.0147625602480042,0.0
0.048899546666667515,-0.015295981000298118,0.0
0.04909954666666749,-0.01689603758592544,0.0
0.049299546666665695,-0.01516284583821936,0.0
0.04949954666666567,-0.015829589923846685,0.0
0.049699546666667205,-0.014763079009473906,0.0
0.04989954666666674,-0.017829737261767925,0.0
0.050099546666666495,-0.016096570514061846,0.0
0.05029954666666714,-0.01583003293302247,0.0
0.050499546666666895,-0.01583013160198309,0.0
0.050699546666667095,-0.01463029318761041,0.0
0.050899546666667295,-0.01396375435657103,0.0
0.051099546666665496,-0.016897081775531654,0.0
0.05129954666666525,-0.015563898777825574,0.0
0.05149954666666701,-0.013564084530119496,0.0
0.05169954666666632,-0.012497539865746816,0.0
0.051899546666667185,-0.01623085686804074,0.0
0.05209954666666694,-0.013431055120334759,0.0
0.05229954666666714,-0.015031117539295383,0.0
0.05249954666666712,-0.0140978895415893,0.0
0.05269954666666643,-0.014497991543883223,0.0
0.05289954666666552,-0.012631492712843842,0.0
0.053099546666667274,-0.015431513465137867,0.0
0.053299546666666364,-0.016098259634098486,0.0
0.053499546666666786,-0.01583170038639241,0.0
0.05369954666666721,-0.01543182530535303,0.0
0.053899546666667186,-0.016498549390980347,0.0
0.054099546666667164,-0.01449873139327427,0.0
0.05429954666666714,-0.016898748812234892,0.0
0.054499546666665566,-0.012899012481195512,0.0
0.054699546666665544,-0.014232407816822836,0.0
0.0548995466666673,-0.014499157735783457,0.0
0.055099546666667276,-0.009832778488077377,0.0
0.05529954666666703,-0.013566078407038001,0.0
0.05549954666666723,-0.016766064575998624,0.0
0.05569954666666699,-0.01623283574495924,0.0
0.05589954666666719,-0.014766336913919863,0.0
0.05609954666666672,-0.014233146416213783,0.0
0.05629954666666559,-0.013566585085174405,0.0
0.0564995466666669,-0.012500077087468428,0.0
0.05669954666666688,-0.015966708673095645,0.0
0.05689954666666641,-0.01343360150872297,0.0
0.0570995466666675,-0.014233668511016892,0.0
0.057299546666667256,-0.015033735929977513,0.0
0.05749954666666701,-0.013700557098938134,0.0
0.05769954666666721,-0.011434090767898752,0.0
0.05789954666666519,-0.015700681520192775,0.0
0.05809954666666517,-0.014234189772486696,0.0
0.0582995466666667,-0.01156774094144732,0.0
0.0584995466666669,-0.016634310443741238,0.0
0.05869954666666688,-0.01543445077936856,0.0
0.0588995466666673,-0.014234603198329181,0.0
0.059099546666666836,-0.0183678697839565,0.0
0.059299546666667924,-0.013568183452917123,0.0
0.05949954666666768,-0.013301621288544344,0.0
0.05969954666666566,-0.015701627874171665,0.0
0.0598995466666663,-0.014368454876465589,0.0
0.0600995466666665,-0.01343525229542621,0.0
0.06029954666666559,-0.016368591797720232,0.0
0.060499546666668014,-0.014902083383347453,0.0
0.06069954666666799,-0.013835568718974775,0.0
0.060899546666667304,-0.013702326554602094,0.0
0.061099546666667504,-0.013169116890229317,0.0
0.06129954666666526,-0.014235863475856635,0.0
0.06149954666666502,-0.017835832144817258,0.0
0.061699546666667215,-0.01383609414711118,0.0
0.06189954666666675,-0.013969523232738501,0.0
0.062099546666666505,-0.01543623398503242,0.0
0.06229954666666715,-0.011436499737326442,0.0
0.062499546666666905,-0.014503148822953662,0.0
0.0626995466666671,-0.011970011241914286,0.0
0.0628995466666673,-0.013836721577541605,0.0
0.06309954666666484,-0.014770107746502226,0.0
0.06329954666666571,-0.015170200998796146,0.0
0.06349954666666635,-0.012103758001090169,0.0
0.06369954666666611,-0.013437153753384092,0.0
0.0638995466666672,-0.01437054450567801,0.0
0.06409954666666717,-0.013170710674638635,0.0
0.0642995466666676,-0.012104191010265957,0.0
0.06449954666666713,-0.013970885095893277,0.0
0.06469954666666644,-0.0139709875148539,0.0
0.06489954666666553,-0.013037799517147817,0.0
0.06509954666666729,-0.01623778443610844,0.0
0.06529954666666682,-0.013171326021735763,0.0
0.06549954666666635,-0.010371545107362982,0.0
0.06569954666666766,-0.013571515442990305,0.0
0.06589954666666764,-0.013038324528617626,0.0
0.06609954666666717,-0.010505206947578245,0.0
0.06629954666666715,-0.01277187603320547,0.0
0.06649954666666558,-0.01250532178549949,0.0
0.06669954666666555,-0.009305555454460109,0.0
0.06689954666666686,-0.01477211912342073,0.0
0.06709954666666706,-0.010639029459047952,0.0
0.06729954666666704,-0.014905642294675274,0.0
0.06749954666666724,-0.016239035130302594,0.0
0.06769954666666722,-0.011972629215929816,0.0
0.0678995466666672,-0.012372732051557138,0.0
0.06809954666666673,-0.01543939030385106,0.0
0.0682995466666656,-0.013439561472811678,0.0
0.06849954666666691,-0.013972986808439001,0.0
0.06869954666666644,-0.014239736310732921,0.0
0.06889954666666642,-0.013973194146360243,0.0
0.06909954666666729,-0.009040141565320863,0.0
0.06929954666666771,-0.013840074817614786,0.0
0.06949954666666702,-0.011173594736575409,0.0
0.06969954666666722,-0.009973766738869428,0.0
0.06989954666666498,-0.013173740407830049,0.0
0.07009954666666518,-0.01050727782679067,0.0
0.07029954666666693,-0.012507309829084592,0.0
0.07049954666666713,-0.013707365164711913,0.0
0.07069954666666689,-0.011574237167005834,0.0
0.07089954666666642,-0.011574340419299755,0.0
0.07109954666666729,-0.01570761658826038,0.0
0.07129954666666793,-0.012641164423887699,0.0
0.0714995466666668,-0.012774588509515022,0.0
0.071699546666665,-0.013974647178475642,0.0
0.07189954666666631,-0.012108165014102862,0.0
0.07209954666666674,-0.012641606599730184,0.0
0.07229954666666605,-0.012641692768690803,0.0
0.07249954666666714,-0.009575246020984727,0.0
0.07269954666666711,-0.010508650106612047,0.0
0.07289954666666709,-0.011975366275572668,0.0
0.07309954666666729,-0.011842139111199992,0.0
0.07329954666666527,-0.01050895986349391,0.0
0.07349954666666503,-0.011042363532454531,0.0
0.07369954666666678,-0.011709120118081852,0.0
0.0738995466666672,-0.011975895037042474,0.0
0.0740995466666663,-0.010642720789336398,0.0
0.07429954666666716,-0.009042873624963617,0.0
0.0744995466666667,-0.008776329377257638,0.0
0.07469954666666756,-0.01170964346288496,0.0
0.0748995466666671,-0.009709838381845482,0.0
0.07509954666666507,-0.0131764712174728,0.0
0.07529954666666594,-0.010909981136433423,0.0
0.07549954666666725,-0.009310169805394045,0.0
0.0756995466666659,-0.008376969724354666,0.0
0.07589954666666765,-0.010776983393315287,0.0
0.07609954666666718,-0.00837719164560921,0.0
0.0762995466666676,-0.00957723614790323,0.0
0.07649954666666758,-0.011177290233530552,0.0
0.07669954666666556,-0.009444120152491173,0.0
0.0768995466666651,-0.009310904654785094,0.0
0.0770995466666673,-0.011044247490412315,0.0
0.07729954666666727,-0.010377724909373038,0.0
0.07749954666666636,-0.009044566911666956,0.0
0.07769954666666723,-0.01317782808062758,0.0
0.07789954666666721,-0.0087780975829215,0.0
0.07809954666666719,-0.009844833751882122,0.0
0.07829954666666694,-0.009444960337509443,0.0
0.07849954666666559,-0.0074451465064700635,0.0
0.07869954666666512,-0.008911850175430683,0.0
0.0788995466666671,-0.010111913011058005,0.0
0.07909954666666641,-0.008778740013351927,0.0
0.07929954666666728,-0.010778757015645847,0.0
0.07949954666666725,-0.009045606934606468,0.0
0.07969954666666723,-0.01104564935356709,0.0
0.07989954666666721,-0.007712519689194413,0.0
0.0800995466666663,-0.009045921691488332,0.0
0.08029954666666561,-0.006912771610448952,0.0
0.08049954666666692,-0.008912805279409575,0.0
0.0806995466666669,-0.011846123948370197,0.0
0.08089954666666688,-0.00824636178399752,0.0
0.08109954666666752,-0.006646531286291439,0.0
0.0812995466666675,-0.011046479955252061,0.0
0.08149954666666703,-0.008913322374212683,0.0
0.08169954666666723,-0.010513370626506605,0.0
0.08189954666666566,-0.009446839712133923,0.0
0.08209954666666563,-0.009713602547761246,0.0
0.08229954666666717,-0.006380513300055166,0.0
0.08249954666666692,-0.008380532802349188,0.0
0.08269954666666712,-0.007980653554643108,0.0
0.08289954666666688,-0.00931404472360373,0.0
0.0830995466666673,-0.009047495059231052,0.0
0.08329954666666795,-0.009847545394858272,0.0
0.08349954666666726,-0.007581094480485596,0.0
0.08369954666666501,-0.009314452732779515,0.0
0.08389954666666721,-0.008914588068406839,0.0
0.08409954666666675,-0.0071814259040341565,0.0
0.08429954666666606,-0.00838149165632808,0.0
0.08449954666666715,-0.010514823241955401,0.0
0.08469954666666712,-0.008248363994249322,0.0
0.0848995466666671,-0.009848396829876642,0.0
0.0850995466666673,-0.008915200915503867,0.0
0.08529954666666528,-0.007582034584464487,0.0
0.08549954666666526,-0.009448729503425105,0.0
0.08569954666666724,-0.006515592339052431,0.0
0.08589954666666699,-0.00958229225801305,0.0
0.08609954666666675,-0.006515814260306972,0.0
0.08629954666666673,-0.008382520429267591,0.0
0.0864995466666667,-0.008115979098228214,0.0
0.08669954666666801,-0.010782639017188834,0.0
0.08689954666666755,-0.006916231019482855,0.0
0.0870995466666653,-0.006649680105110075,0.0
0.0872995466666664,-0.005583147524070698,0.0
0.08749954666666637,-0.005716574526364721,0.0
0.0876995466666659,-0.00625002027865864,0.0
0.08789954666666722,-0.00798337853095256,0.0
0.08809954666666764,-0.009183424283246585,0.0
0.08829954666666717,-0.006650305035540505,0.0
0.08849954666666804,-0.006250427037834424,0.0
0.08869954666666557,-0.005850555706795045,0.0
0.08889954666666555,-0.008117229375755666,0.0
0.0890995466666673,-0.005717433044716289,0.0
0.08929954666666684,-0.01038401046367691,0.0
0.08949954666666637,-0.00851752829930423,0.0
0.08969954666666724,-0.008917634051598155,0.0
0.089899546666667,-0.0046512073038921745,0.0
0.0900995466666672,-0.007717869722852797,0.0
0.09029954666666717,-0.006118030058480018,0.0
0.09049954666666493,-0.008918039977440636,0.0
0.09069954666666558,-0.007184871146401256,0.0
0.09089954666666644,-0.0077183102320285794,0.0
0.09109954666666553,-0.003851879734322503,0.0
0.09129954666666751,-0.006785217153283125,0.0
0.09149954666666726,-0.007051953738910443,0.0
0.09169954666666769,-0.006518781574537764,0.0
0.09189954666666766,-0.007852158160164987,0.0
0.09209954666666631,-0.0054523384957923075,0.0
0.09229954666666562,-0.00651906383141963,0.0
0.09249954666666671,-0.00571921375038025,0.0
0.09269954666666691,-0.007319267002674171,0.0
0.09289954666666644,-0.009852579838301491,0.0
0.09309954666666753,-0.005586218090595415,0.0
0.09329954666666751,-0.007319560926222737,0.0
0.09349954666666727,-0.0049197825118499575,0.0
0.09369954666666769,-0.008386418264143979,0.0
0.09389954666666567,-0.0057199398497712,0.0
0.09409954666666565,-0.004120104768731821,0.0
0.09429954666666673,-0.004520220104359143,0.0
0.09449954666666671,-0.008653491273319764,0.0
0.09469954666666713,-0.006387019108947085,0.0
0.09489954666666689,-0.008120379444574307,0.0
0.09509954666666709,-0.006920530196868327,0.0
0.09529954666666707,-0.004920717615828848,0.0
0.09549954666666638,-0.006654074201456167,0.0
0.09569954666666569,-0.00865411370375009,0.0
0.09589954666666678,-0.008654219039377412,0.0
0.0960995466666672,-0.003054534375004735,0.0
0.09629954666666629,-0.006521182210632056,0.0
0.09649954666666716,-0.006921267129592675,0.0
0.09669954666666714,-0.0045214562152198975,0.0
0.09689954666666711,-0.00812141655084722,0.0
0.09709954666666798,-0.00478833230314114,0.0
0.09729954666666552,-0.0050551047221017616,0.0
0.09749954666666505,-0.0054551842243957815,0.0
0.09769954666666703,-0.005721952060023001,0.0
0.09789954666666723,-0.006122023645650326,0.0
0.09809954666666698,-0.004388867314610948,0.0
0.09829954666666674,-0.005588929316904865,0.0
0.09849954666666672,-0.004922397569198787,0.0
0.09869954666666803,-0.0034558904048261115,0.0
0.0988995466666669,-0.0019893911571201312,0.0
0.0990995466666651,-0.0027894619094140493,0.0
0.0992995466666664,-0.004789484328374671,0.0
0.09949954666666683,-0.0035896375806685945,0.0
0.09969954666666636,-0.003989717916295916,0.0
0.09989954666666723,-0.0037231620019231373,0.0
0.10009954666666698,-0.004256591920883757,0.0
0.10029954666666696,-0.002256767673177779,0.0
0.1004995466666676,-0.004923435092138401,0.0
0.10069954666666514,-0.003323596261099019,0.0
0.10089954666666512,-0.005856960346726241,0.0
0.10109954666666687,-0.004123782765686965,0.0
0.10129954666666685,-0.0007907060179808863,0.0
0.10149954666666683,-0.0017240942702748067,0.0
0.10169954666666725,-0.003990782105902129,0.0
0.10189954666666678,-0.002657595774862749,0.0
0.10209954666666765,-0.00399097777715667,0.0
0.10229954666666718,-0.001991165196117292,0.0
0.10249954666666516,-0.002657919281744612,0.0
0.10269954666666559,-0.0027913437840385337,0.0
0.10289954666666645,-0.004658040369665854,0.0
0.10309954666666599,-0.0027915573719597755,0.0
0.10329954666666752,-0.0005250835409203979,0.0
0.1034995466666675,-0.002125124293214318,0.0
0.1036995466666677,-0.003191855878841642,0.0
0.1038995466666679,-0.004258584964468964,0.0
0.1040995466666661,-0.0046586886334295825,0.0
0.10429954666666563,0.0012076610309430975,0.0
0.10449954666666672,0.00027427194531587547,0.0
0.1046995466666667,-0.0026590717236447455,0.0
0.1048995466666669,-0.0011925583092720696,0.0
0.1050995466666671,-0.004259210728232689,0.0
0.1052995466666673,-0.004392650647193309,0.0
0.10549954666666728,-0.0038594297328205292,0.0
0.10569954666666703,-0.003059575485114551,0.0
0.10589954666666568,-0.0030596716540751724,0.0
0.10609954666666566,-0.001859826156369095,0.0
0.10629954666666674,0.0002733130913368832,0.0
0.10649954666666561,-0.0021267030776236373,0.0
0.10669954666666759,-0.0007935117465843588,0.0
0.1068995466666669,-0.003060187915544882,0.0
0.1070995466666671,0.0005395592488277989,0.0
0.10729954666666752,0.001072758913200477,0.0
0.10749954666666639,-0.0021272110057601445,0.0
0.1076995466666657,-0.001194030924720764,0.0
0.10789954666666723,-0.00026082584368138616,0.0
0.10809954666666632,-0.00039425534597530704,0.0
0.10829954666666675,-0.0013276802649359286,0.0
0.10849954666666761,-0.0013277660172298523,0.0
0.10869954666666715,0.0002720611471428297,0.0
0.10889954666666712,-0.002394607521817794,0.0
0.10909954666666755,-0.0002614691074451156,0.0
0.10929954666666553,-0.0005282244430723348,0.0
0.1094995466666655,-0.0009283085286996545,0.0
0.10969954666666637,0.0009381903023397229,0.0
0.10989954666666724,-0.0015951512832875995,0.0
0.11009954666666721,-0.003195201618914921,0.0
0.11029954666666675,-0.0029286507045421413,0.0
0.11049954666666695,-0.0011954972901694633,0.0
0.11069954666666715,-0.0031955184591300843,0.0
0.1108995466666669,0.0016041899552426946,0.0
0.1110995466666651,0.00040414336961537393,0.0
0.11129954666666686,-0.0011959057160119465,0.0
0.1114995466666664,0.0016038868650274304,0.0
0.11169954666666637,-0.0007961559705998884,0.0
0.11189954666666724,-0.00279615672289381,0.0
0.11209954666666722,-0.0033295874751877313,0.0
0.11229954666666697,-0.0006631178108150535,0.0
0.11249954666666717,-0.0037297868964423758,0.0
0.1126995466666656,-0.00013004098206959545,0.0
0.11289954666666557,-0.0019967229843636178,0.0
0.11309954666666688,-0.0031967624866575377,0.0
0.1132995466666673,-0.001596954072284761,0.0
0.11349954666666728,-0.001997040657912081,0.0
0.11369954666666726,-0.002530450993539402,0.0
0.1138995466666668,-0.0010639454958333242,0.0
0.1140995466666681,-0.0021306737481273444,0.0
0.11429954666666808,-0.0061306270004212685,0.0
0.11449954666666562,-0.0029308585860484872,0.0
0.11469954666666671,2.235661657490687e-06,0.0
0.11489954666666646,-0.0007978042573031294,0.0
0.11509954666666555,0.0004020137404029487,0.0
0.11529954666666731,-0.0006646915952243735,0.0
0.11549954666666706,-0.0014647656808515937,0.0
0.11569954666666704,-0.002264862683145614,0.0
0.11589954666666791,-0.0005316996854395368,0.0
0.11609954666666567,-0.0026650462710668572,0.0
0.1162995466666652,-0.0031984670233607786,0.0
0.11649954666666673,0.0002679668076786008,0.0
0.11669954666666671,-0.000532120611282022,0.0
0.11689954666666691,-0.0035987876135760433,0.0
0.11709954666666711,-0.001598952532536663,0.0
0.11729954666666731,-0.002265704951497284,0.0
0.11749954666666729,0.0006674259628754939,0.0
0.11769954666666727,-0.00039930937275182814,0.0
0.11789954666666502,-0.0014660472083790465,0.0
0.11809954666666567,0.0016003999559936304,0.0
0.11829954666666676,-0.001599592879633691,0.0
0.11849954666666562,-0.0014663515485943118,0.0
0.1186995466666676,0.00013348394911176682,0.0
0.11889954666666691,-0.0010665976365155563,0.0
0.11909954666666711,-0.0025333063054761764,0.0
0.11929954666666798,-0.0014667820577700975,0.0
0.11949954666666684,-0.0017335528100641193,0.0
0.11969954666666549,0.0006662672709753601,0.0
0.11989954666666724,0.0014661331853480387,0.0
0.12009954666666678,-0.0022671563169459827,0.0
0.12029954666666676,-0.002267283319239902,0.0
0.12049954666666718,-0.0004007761548672252,0.0
0.12069954666666716,-0.0014675202404944472,0.0
0.12089954666666713,-0.000667652242788367,0.0
0.12109954666666756,0.0007988578382509097,0.0
0.12129954666666554,0.00013209958595698963,0.0
0.12149954666666529,-0.0013346169996703294,0.0
0.12169954666666682,-0.001734711501964253,0.0
0.12189954666666725,0.0006651185790751257,0.0
0.12209954666666722,-0.0009349330065520963,0.0
0.1222995466666672,0.0011982195744872845,0.0
0.12249954666666696,-0.0012018128444733385,0.0
0.12269954666666716,0.0006646976532326421,0.0
0.12289954666666691,-0.00200198143239458,0.0
0.12309954666666556,-0.0018687563513551993,0.0
0.12329954666666687,-0.00026892002031582256,0.0
0.12349954666666685,0.001330905060723456,0.0
0.12369954666666638,0.0002641738917628367,0.0
0.12389954666666769,-0.0014691835271977843,0.0
0.12409954666666723,-0.0001360201128250086,0.0
0.1242995466666672,-0.0009360921151189295,0.0
0.12449954666666718,-0.0014695037007462497,0.0
0.1246995466666656,0.0010636247136264296,0.0
0.12489954666666514,0.0019968077113325083,0.0
0.1250995466666669,0.0007967677923718854,0.0
0.1252995466666671,-0.0006699492099220342,0.0
0.1254995466666673,-0.0013367041288826573,0.0
0.12569954666666683,-0.0016034652978432762,0.0
0.1258995466666668,0.0018629651998627022,0.0
0.1260995466666679,-0.0016036705524312186,0.0
0.1262995466666672,-0.0021370858880585385,0.0
0.12649954666666563,0.0030626058596475384,0.0
0.12669954666666672,0.0017292159406869165,0.0
0.1268995466666667,-0.0038706793949404034,0.0
0.12709954666666645,-0.0018708484805676252,0.0
0.12729954666666754,0.0009289257671383517,0.0
0.12749954666666707,0.0014621366815111315,0.0
0.12769954666666727,0.0019953471792171096,0.0
0.1278995466666677,0.0011952822602564889,0.0
0.12809954666666568,-0.0032046564087041315,0.0
0.128299546666665,0.0011950824223352485,0.0
0.12849954666666674,0.0010616300033746261,0.0
0.12869954666666672,0.0009282005010807035,0.0
0.1288995466666667,0.0013280876654533837,0.0
0.12909954666666712,-0.0009386176701739399,0.0
0.12929954666666643,-0.0013386763391345577,0.0
0.12949954666666752,0.0027943866585715196,0.0
0.1296995466666675,0.001994300489610898,0.0
0.1298995466666657,-0.00027237526268302295,0.0
0.13009954666666634,0.0017274302350229562,0.0
0.13029954666666677,0.0013273544827290332,0.0
0.13049954666666608,-0.0026726066862315864,0.0
0.13069954666666805,-0.0009394549385255083,0.0
0.13089954666666714,0.0014603563925138698,0.0
0.13109954666666712,0.0013269335568865497,0.0
0.131299546666668,-0.0009397780287407707,0.0
0.1314995466666664,-0.0010732033643679941,0.0
0.1316995466666655,-0.003073223699995315,0.0
0.1318995466666668,-0.0021400236189559347,0.0
0.1320995466666668,-0.0010735214545832556,0.0
0.13229954666666677,-0.0022735709568771773,0.0
0.13249954666666697,0.0005262253741622012,0.0
0.13269954666666672,-0.0001405257947984205,0.0
0.13289954666666715,-0.0014739136304257432,0.0
0.13309954666666712,0.002392506450613738,0.0
0.133299546666666,-0.0016074572183469842,0.0
0.13349954666666553,-7.610887307604036e-06,0.0
0.13369954666666728,0.0018588691937318734,0.0
0.13389954666666593,-0.00014116739189544598,0.0
0.13409954666666768,-0.0017411910608560698,0.0
0.134299546666667,0.0038584719368500095,0.0
0.1344995466666672,-0.002274739232110712,0.0
0.13469954666666717,0.0006584004322620681,0.0
0.1348995466666667,0.0005249584299680463,0.0
0.13509954666666557,0.0022581122610074254,0.0
0.1352995466666671,-0.000941872657953197,0.0
0.13549954666666642,0.0010579603397528822,0.0
0.13569954666666684,0.00012456667079226158,0.0
0.1358995466666677,0.00025779258516503943,0.0
0.13609954666666724,0.003590885166204318,0.0
0.13629954666666722,-0.0008090580860896021,0.0
0.1364995466666672,0.00039079324494977613,0.0
0.13669954666666562,0.004523863325989155,0.0
0.1368995466666656,0.0030571509070285337,0.0
0.1370995466666669,0.0014571139047346113,0.0
0.1372995466666671,0.003323595235773991,0.0
0.1374995466666673,0.00025694448347996987,0.0
0.13769954666666684,0.0025234187311860487,0.0
0.13789954666666726,0.003856587978892127,0.0
0.13809954666666702,0.0003899597265981051,0.0
0.138299546666667,0.0003898477243041848,0.0
0.13849954666666564,0.0022563594720102637,0.0
0.13869954666666695,0.001456263303049642,0.0
0.1388995466666667,0.0041227308840890205,0.0
0.13909954666666646,0.005455900131795099,0.0
0.1392995466666671,0.003989179796167778,0.0
0.13949954666666708,0.0027891369605404573,0.0
0.13969954666666728,0.0038556412082465345,0.0
0.1398995466666677,0.003455560455952616,0.0
0.1400995466666657,-0.0002777402963414048,0.0
0.14029954666666522,0.0030553602013646732,0.0
0.1404995466666672,0.0021219815324040516,0.0
0.14069954666666695,0.00038857828011012834,0.0
0.14089954666666693,0.0038550062778161098,0.0
0.1410995466666669,0.0057215063588554865,0.0
0.14129954666666644,-1.1706893438432828e-05,0.0
0.14149954666666797,0.004388026104267546,0.0
0.1416995466666673,0.003454624101973622,0.0
0.1418995466666657,0.001721255849679703,0.0
0.1420995466666668,0.005321000930719081,0.0
0.14229954666666678,0.0042542672617584595,0.0
0.1424995466666661,0.0013209465094644393,0.0
0.14269954666666718,0.005320673673837217,0.0
0.1428995466666667,0.004520620004876597,0.0
0.14309954666666713,0.004387175085915974,0.0
0.143299546666668,0.008253591416955353,0.0
0.14349954666666553,0.006253572747994733,0.0
0.1436995466666653,0.002520271162367412,0.0
0.14389954666666727,0.005186719576740089,0.0
0.1440995466666668,0.004786626741112869,0.0
0.14429954666666678,0.001853331822152247,0.0
0.14449954666666698,0.005186397736524927,0.0
0.14469954666666673,0.004253015734231005,0.0
0.14489954666666716,0.0038529249819370826,0.0
0.14509954666666713,0.0063860629796430625,0.0
0.14529954666666556,0.003186072227349143,0.0
0.14549954666666598,0.0035859535583885205,0.0
0.1456995466666664,0.0085189819727612,0.0
0.1458995466666655,0.004252373303800579,0.0
0.1460995466666677,0.004252290884839955,0.0
0.14629954666666722,0.008252020132546035,0.0
0.1464995466666672,0.006385322296918712,0.0
0.14669954666666718,0.0038519940446247927,0.0
0.1468995466666667,0.005718462458997471,0.0
0.14709954666666558,0.0037184337900368503,0.0
0.1472995466666669,0.005851600121076229,0.0
0.14749954666666643,0.005851494785449008,0.0
0.1476995466666664,0.006384699866488286,0.0
0.1478995466666675,0.003584721197527764,0.0
0.14809954666666725,0.008384396695233743,0.0
0.14829954666666723,0.004651110109606423,0.0
0.1484995466666672,0.004384356023979201,0.0
0.14869954666666563,0.00518421485501858,0.0
0.1488995466666656,0.006517387019391259,0.0
0.1490995466666667,0.005450665433764039,0.0
0.149299546666666,0.007850464264803316,0.0
0.14949954666666754,0.007317051012509394,0.0
0.1496995466666673,0.0046503865102154734,0.0
0.14989954666666705,0.006383524091254852,0.0
0.15009954666666703,0.006916751672294231,0.0
0.15029954666666723,0.004916725503333611,0.0
0.15049954666666565,0.00931644600103969,0.0
0.15069954666666674,0.0057164752487456685,0.0
0.15089954666666672,0.005316394079785047,0.0
0.1510995466666667,0.008249507077491124,0.0
0.15129954666666756,0.0058494738251971025,0.0
0.1514995466666671,0.008249295989569881,0.0
0.1516995466666673,0.010915741487275862,0.0
0.15189954666666727,0.00958237240164864,0.0
0.1520995466666657,0.0070490128993547195,0.0
0.15229954666666567,0.008648860897060698,0.0
0.15249954666666699,0.008648759728100076,0.0
0.15269954666666696,0.009981933142472754,0.0
0.15289954666666716,0.008115223640178835,0.0
0.1530995466666667,0.010115045387884911,0.0
0.1532995466666669,0.007181732135590892,0.0
0.15349954666666799,0.00758160138329697,0.0
0.1536995466666673,0.008381469797669648,0.0
0.15389954666666528,0.006381446962042427,0.0
0.1540995466666668,0.0075812841264151064,0.0
0.1542995466666668,0.008647788790787883,0.0
0.15449954666666632,0.006647778455160564,0.0
0.1546995466666672,0.010380868952866542,0.0
0.15489954666666716,0.006914236950572621,0.0
0.15509954666666692,0.0051808536982787,0.0
0.15529954666666712,0.008647284195984678,0.0
0.15549954666666554,0.013446986777024158,0.0
0.1556995466666653,0.006647146024730138,0.0
0.1558995466666664,0.008646958189102816,0.0
0.1560995466666668,0.008513541186808894,0.0
0.156299546666667,0.009313402517848273,0.0
0.1564995466666672,0.011179888015554352,0.0
0.15669954666666674,0.00957984059659373,0.0
0.1568995466666676,0.008379790677633107,0.0
0.1570995466666676,0.009312968258672488,0.0
0.15729954666666557,0.009179542923045167,0.0
0.15749954666666643,0.008779451754084545,0.0
0.1576995466666664,0.009179332251790625,0.0
0.15789954666666595,0.011979106916163305,0.0
0.1580995466666677,0.009845756163869382,0.0
0.15829954666666768,0.00824572457824206,0.0
0.1584995466666672,0.009312232992614838,0.0
0.15869954666666763,0.008112184323654119,0.0
0.15889954666666606,0.009978664821360197,0.0
0.1590995466666656,0.009178584485732975,0.0
0.1592995466666669,0.007578569983438954,0.0
0.15949954666666644,0.010511675064478334,0.0
0.15969954666666686,0.013178127228851012,0.0
0.15989954666666728,0.00931149564322379,0.0
0.16009954666666726,0.00957806822426317,0.0
0.16029954666666724,0.007578014971969247,0.0
0.16049954666666721,0.006644617553008526,0.0
0.16069954666666564,0.009311081384048006,0.0
0.16089954666666562,0.012510861465087385,0.0
0.1610995466666667,0.011844122379460063,0.0
0.16129954666666557,0.008510782460499442,0.0
0.16149954666666755,0.00944398045820552,0.0
0.16169954666666708,0.0078439613725782,0.0
0.16189954666666706,0.009043787703617578,0.0
0.1620995466666677,0.009310358201323657,0.0
0.16229954666666702,0.009176942032363036,0.0
0.16249954666666566,0.011710063780069016,0.0
0.16269954666666675,0.010376673027775094,0.0
0.16289954666666673,0.010509883525481172,0.0
0.1630995466666667,0.01170973735652055,0.0
0.16329954666666802,0.008909749520893228,0.0
0.1634995466666671,0.008109681268599307,0.0
0.16369954666666708,0.008776203849638686,0.0
0.1638995466666675,0.010776007264011365,0.0
0.1640995466666657,0.008109347761717345,0.0
0.16429954666666569,0.008109244509423423,0.0
0.16449954666666633,0.007042515840462801,0.0
0.16469954666666675,0.006109113838168879,0.0
0.16489954666666762,0.007575603919208259,0.0
0.16509954666666693,0.008775468583580939,0.0
0.1652995466666669,0.010108656581287017,0.0
0.1654995466666671,0.012508450412326396,0.0
0.16569954666666709,0.009175137576699074,0.0
0.1658995466666655,0.007841763074405154,0.0
0.16609954666666638,0.010108216072111131,0.0
0.1662995466666668,0.008908160319817211,0.0
0.16649954666666633,0.007041475400856589,0.0
0.1666995466666672,0.008507968815229267,0.0
0.16689954666666718,0.008507873479602048,0.0
0.16709954666666693,0.008774416477308125,0.0
0.16729954666666713,0.009974273641680804,0.0
0.16749954666666556,0.007440916222720183,0.0
0.1676995466666651,0.010240715887092862,0.0
0.16789954666666684,0.01037393971813224,0.0
0.16809954666666727,0.00717394938250502,0.0
0.16829954666666724,0.010107072380210996,0.0
0.16849954666666722,0.010373627461250378,0.0
0.16869954666666676,0.007840283792289755,0.0
0.16889954666666807,0.008240158456662533,0.0
0.16909954666666716,0.010506650621035212,0.0
0.16929954666666558,0.008773259035407894,0.0
0.16949954666666645,0.00823985286644727,0.0
0.16969954666666642,0.010239670030820049,0.0
0.1698995466666664,0.009039606778526029,0.0
0.17009954666666727,0.0073062489428987075,0.0
0.17029954666666725,0.010639313190604786,0.0
0.17049954666666722,0.009172639521644163,0.0
0.1706995466666672,0.009439171269350243,0.0
0.17089954666666562,0.007172509267056223,0.0
0.17109954666666516,0.010905586848095701,0.0
0.1712995466666667,0.006372311512468379,0.0
0.17149954666666645,0.009572088260174458,0.0
0.1716995466666671,0.007972041257880437,0.0
0.1718995466666675,0.006238677172253215,0.0
0.17209954666666682,0.011171725586625894,0.0
0.17229954666666725,0.008771701917665273,0.0
0.17249954666666723,0.009838222415371252,0.0
0.1726995466666652,0.009304811246410631,0.0
0.17289954666666563,0.00997132424411671,0.0
0.1730995466666665,0.009437916825156089,0.0
0.17329954666666558,0.010904410656195466,0.0
0.173499546666668,0.008904393237234845,0.0
0.17369954666666754,0.005571077901607624,0.0
0.17389954666666751,0.009837480899313602,0.0
0.1740995466666675,0.008370765563686381,0.0
0.1742995466666668,0.0059707518947256615,0.0
0.17449954666666567,0.01063711655909844,0.0
0.17469954666666676,0.008103792056804518,0.0
0.1748995466666663,0.007703720054510497,0.0
0.17509954666666672,0.009303545552216574,0.0
0.17529954666666714,0.007836832716589255,0.0
0.17549954666666712,0.009303323630961933,0.0
0.1756995466666671,0.008903231212001412,0.0
0.1758995466666673,0.00823649337637409,0.0
0.1760995466666655,0.011169615540746771,0.0
0.1762995466666657,0.010636192705119549,0.0
0.17649954666666634,0.007436211536158826,0.0
0.1766995466666661,0.006369469950531607,0.0
0.17689954666666763,0.009969228364904284,0.0
0.17709954666666716,0.008235865945943662,0.0
0.17729954666666714,0.011035638526983043,0.0
0.1774995466666669,0.01023556444135582,0.0
0.17769954666666687,0.0086355266057285,0.0
0.17789954666666552,0.005435572103434479,0.0
0.17809954666666683,0.009168637184473957,0.0
0.17829954666666636,0.005568668515513237,0.0
0.1784995466666668,0.007435152346552614,0.0
0.17869954666666765,0.007568393677591993,0.0
0.1788995466666672,0.008101590425298073,0.0
0.17909954666666694,0.004634963839670851,0.0
0.17929954666666714,0.009567992670710129,0.0
0.17949954666666557,0.007434639001749608,0.0
0.17969954666666554,0.008501166582788888,0.0
0.1798995466666673,0.007034447080494966,0.0
0.1800995466666664,0.009567569661534344,0.0
0.1802995466666677,0.010234105992573721,0.0
0.180499546666667,0.008367419406946401,0.0
0.1806995466666672,0.007433985737985781,0.0
0.18089954666666674,0.00863386331902526,0.0
0.18109954666666694,0.008767073816731238,0.0
0.1812995466666656,0.007433708064437318,0.0
0.1814995466666669,0.007566929812143396,0.0
0.18169954666666643,0.008900110726516074,0.0
0.1818995466666664,0.007433371640888755,0.0
0.1820995466666675,0.0071666175552614324,0.0
0.1822995466666677,0.00903310638630081,0.0
0.182499546666667,0.007433056884006891,0.0
0.1826995466666672,0.007699610715046269,0.0
0.18289954666666564,0.009566095796085649,0.0
0.18309954666666517,0.006099474627125026,0.0
0.1832995466666667,0.0056993934581644045,0.0
0.1834995466666669,0.007432535205870484,0.0
0.1836995466666671,0.007032444453576562,0.0
0.18389954666666708,0.0038324591179492405,0.0
0.18409954666666684,0.006232274615655221,0.0
0.1842995466666677,0.006365502613361298,0.0
0.18449954666666768,0.005965415194400676,0.0
0.18469954666666566,0.005698640275440056,0.0
0.18489954666666608,0.004231929523146136,0.0
0.1850995466666665,0.005031770854185514,0.0
0.1852995466666656,0.006498294685224892,0.0
0.185499546666668,0.00476492059959757,0.0
0.185699546666668,0.0043648394306369485,0.0
0.1858995466666673,0.008231236595009628,0.0
0.1860995466666675,0.0050312508427157055,0.0
0.18629954666666637,0.006497762590421787,0.0
0.18649954666666502,0.005164387254794466,0.0
0.18669954666666633,0.0055642502525005445,0.0
0.1868995466666663,0.003297571583539922,0.0
0.18709954666666673,0.005964032497912601,0.0
0.18729954666666715,0.00409734382895198,0.0
0.1874995466666669,0.003830562243324658,0.0
0.1876995466666671,0.0032971494076974375,0.0
0.1878995466666673,0.0024970769887368155,0.0
0.1880995466666655,0.003163609986442795,0.0
0.1882995466666657,0.004230135484148873,0.0
0.1884995466666659,0.0056966418151882525,0.0
0.18869954666666566,0.004629920646227631,0.0
0.18889954666666764,0.0038298353106003095,0.0
0.18909954666666717,0.002229792474973088,0.0
0.18929954666666715,0.005696207556012467,0.0
0.18949954666666713,0.001562938053718545,0.0
0.1896995466666671,0.0031627764680912246,0.0
0.18989954666666553,0.0027626823824639032,0.0
0.19009954666666729,0.0042291887135032825,0.0
0.19029954666666682,0.0023625025445426617,0.0
0.19049954666666724,0.0034290209589154397,0.0
0.19069954666666766,0.0031622718732881184,0.0
0.19089954666666764,0.0002289365376607986,0.0
0.19109954666666717,0.0040953545353668765,0.0
0.19129954666666715,0.003961912116406254,0.0
0.19149954666666558,0.0030285105307789346,0.0
0.19169954666666555,0.0015617885284850141,0.0
0.19189954666666642,0.0003617319428576918,0.0
0.19209954666666684,0.001428256190563769,0.0
0.19229954666666726,0.003561406688269847,0.0
0.19249954666666724,0.0019613655193091283,0.0
0.192699546666667,9.466518368190548e-05,0.0
0.19289954666666698,0.002627790264721286,0.0
0.19309954666666718,0.0015610665957606629,0.0
0.1932995466666656,0.0030275554268000427,0.0
0.1934995466666669,0.0020941684245061216,0.0
0.19369954666666644,0.0015607435055453988,0.0
0.19389954666666642,0.0004940240032514798,0.0
0.1940995466666673,0.0010272240842908575,0.0
0.1942995466666677,0.0011604479153302354,0.0
0.19449954666666702,0.0024936171630363154,0.0
0.19469954666666722,0.001960213077408993,0.0
0.19489954666666565,0.003293382325115073,0.0
0.19509954666666518,0.0018266499061544515,0.0
0.1952995466666667,0.0031598249871938287,0.0
0.1954995466666667,0.0012931504848998094,0.0
0.1956995466666671,-0.0016401698507274142,0.0
0.19589954666666687,0.00022631273031196476,0.0
0.19609954666666685,0.0031594244780180462,0.0
0.19629954666666793,0.0032926433090574234,0.0
0.19649954666666725,-0.00017398619323659784,0.0
0.19669954666666523,0.0011591880544694812,0.0
0.1968995466666661,-0.0013741493644911403,0.0
0.19709954666666674,-0.0007076176167851601,0.0
0.19729954666666605,0.003692097880920918,0.0
0.19749954666666714,0.00035879712862699545,0.0
0.19769954666666711,0.001958632626332975,0.0
0.1978995466666671,0.0012918777073723537,0.0
0.1980995466666673,0.0006251394550784335,0.0
0.1982995466666655,0.0016916641194512118,0.0
0.1984995466666657,0.00022493503382389063,0.0
0.19869954666666656,-0.0013750886351367314,0.0
0.19889954666666632,-0.0003085793874307522,0.0
0.19909954666666674,0.0031578427769420273,0.0
0.19929954666666716,-0.0028420242253518954,0.0
0.19949954666666647,0.0008910658556873837,0.0
0.19969954666666712,0.0023575655200601623,0.0
0.1998995466666671,0.0008908589344328414,0.0
0.20009954666666552,0.0018240535988056205,0.0
0.20029954666666594,9.066909651159888e-05,0.0
0.20049954666666636,0.0014238575108842765,0.0
0.20069954666666567,0.00035713467525705714,0.0
0.2008995466666681,0.0027569401729630356,0.0
0.2010995466666674,0.0004902360873358137,0.0
0.20129954666666738,-0.00030982924829150646,0.0
0.20149954666666736,0.0024899524994145706,0.0
0.20169954666666623,-0.0007100336695460494,0.0
0.20189954666666554,0.001023140578160029,0.0
0.20209954666666663,0.0016896785758660077,0.0
0.20229954666666639,0.00022294282357208754,0.0
0.20249954666666636,0.0012894791546114656,0.0
0.20269954666666723,0.0020893442356508425,0.0
0.2028995466666672,0.0007559580666902238,0.0
0.2030995466666674,0.001289150647729602,0.0
0.20329954666666694,-0.0012441955212310202,0.0
0.2034995466666658,0.0007556316431416594,0.0
0.20369954666666512,-0.0005777578591522614,0.0
0.20389954666666643,0.001288743055220417,0.0
0.20409954666666552,-0.0009779376970735047,0.0
0.2042995466666675,-4.475469936752671e-05,0.0
0.20449954666666725,0.002488363298338552,0.0
0.20469954666666723,0.0010216621293779315,0.0
0.204899546666667,-0.0011116952895826888,0.0
0.20509954666666674,0.0008881181247899893,0.0
0.2052995466666656,8.804028916276942e-05,0.0
0.2054995466666667,0.0006212712035354468,0.0
0.20569954666666623,-0.0003121320487584744,0.0
0.20589954666666643,-0.002045508217719094,0.0
0.20609954666666752,0.0018209081133202833,0.0
0.2062995466666675,0.0027540961110262604,0.0
0.20649954666666703,-0.0028458158912676584,0.0
0.206699546666667,-0.0007126683102282819,0.0
0.20689954666666543,0.00048719843747779823,0.0
0.20709954666666563,-0.000446198148149524,0.0
0.20729954666666672,-0.0019129122337767455,0.0
0.20749954666666648,0.0004868507639292346,0.0
0.20769954666666712,0.0006200945949686124,0.0
0.2078995466666671,0.00035334009267469144,0.0
0.20809954666666686,-0.0005800602429526288,0.0
0.20829954666666728,-0.0020467689119132507,0.0
0.20849954666666703,-0.0020468784142071705,0.0
0.20869954666666568,0.002886152916832207,0.0
0.20889954666666632,-0.003647032418795113,0.0
0.2090995466666663,0.0006193551622442652,0.0
0.20929954666666606,0.0003526069099503426,0.0
0.20949954666666715,-0.0015140805090102794,0.0
0.20969954666666712,-0.00018092126130419932,0.0
0.20989954666666688,0.0006189425697351782,0.0
0.21009954666666686,-0.0009811010992255408,0.0
0.21029954666666528,-0.0003145547681861621,0.0
0.2104995466666657,-4.8002187146784295e-05,0.0
0.21069954666666657,-0.0009814075227740065,0.0
0.21089954666666633,0.0006184250582653723,0.0
0.21109954666666697,0.003418198889304752,0.0
0.21129954666666695,-0.0004484218629892695,0.0
0.21149954666666693,-0.0020484617819498917,0.0
0.21169954666666757,0.0014179728824228882,0.0
0.21189954666666755,-0.0032486224532044337,0.0
0.21209954666666575,-0.0020487836221650523,0.0
0.2122995466666664,-0.0009822535411256744,0.0
0.21249954666666637,-0.0013823538767529977,0.0
0.21269954666666568,0.0014174257876197818,0.0
0.21289954666666722,0.00035069336865915963,0.0
0.21309954666666764,8.395928303183905e-05,0.0
0.2132995466666674,-0.0009827773025954823,0.0
0.21349954666666737,-0.001116209721556103,0.0
0.21369954666666602,-0.0008496600571833227,0.0
0.21389954666666555,-0.001383079976143944,0.0
0.21409954666666686,0.00021677302156203164,0.0
0.21429954666666617,0.0007499547692681116,0.0
0.2144995466666666,-0.0013833772330258103,0.0
0.21469954666666724,-0.00045019298531983123,0.0
0.214899546666667,-0.0023169037376137534,0.0
0.2150995466666672,-0.002450330323241075,0.0
0.21529954666666695,0.0019493880911317062,0.0
0.2154995466666656,0.000349350255504385,0.0
0.2156995466666658,-0.002050658413456235,0.0
0.21589954666666622,0.0006158020842498418,0.0
0.2160995466666653,0.0023489567486225226,0.0
0.2162995466666675,-0.0012509794203381022,0.0
0.2164995466666677,-0.00018449392263202198,0.0
0.2166995466666677,-0.0008512225915926451,0.0
0.21689954666666722,-0.0027179195938866647,0.0
0.21709954666666675,0.0007484738204861143,0.0
0.21729954666666584,-0.0011181960984745064,0.0
0.2174995466666667,0.0024815627325648713,0.0
0.21769954666666624,0.003948048646937551,0.0
0.2178995466666669,0.0016813670613102308,0.0
0.21809954666666753,0.0018146000590163087,0.0
0.2182995466666675,0.0008811984733889857,0.0
0.21849954666666704,0.0006144356377617653,0.0
0.21869954666666724,0.0020809315521344435,0.0
0.21889954666666545,0.0038140916331738245,0.0
0.21909954666666565,0.0015474187975465011,0.0
0.21929954666666673,-0.0019192223714141199,0.0
0.2194995466666667,8.058145962525944e-05,0.0
0.21969954666666736,-0.0005861592926686612,0.0
0.2198995466666671,-0.001119567961629285,0.0
0.2200995466666671,0.0014135521194100966,0.0
0.22029954666666685,-0.001653074049550526,0.0
0.2204995466666666,-0.0008532135518444454,0.0
0.2206995466666659,0.0022132036125282317,0.0
0.22089954666666656,-0.0008534442230990896,0.0
0.22109954666666676,0.0015463871079402901,0.0
0.2212995466666663,0.0014129321889796674,0.0
0.22149954666666716,0.0015461622700190473,0.0
0.22169954666666758,0.0007460902677251264,0.0
0.2218995466666671,0.0014126070154312047,0.0
0.2220995466666671,-0.0015206887368628165,0.0
0.22229954666666552,7.912426084326352e-05,0.0
0.2224995466666655,0.0008789976752159416,0.0
0.22269954666666703,-0.002054324327077979,0.0
0.22289954666666678,-0.0021877688293719024,0.0
0.2230995466666672,0.0014119862516674773,0.0
0.22329954666666718,0.002078519666040156,0.0
0.2234995466666665,-0.0019214194195870636,0.0
0.22369954666666714,-0.0003216005885476863,0.0
0.2238995466666669,0.0023448740758249924,0.0
0.22409954666666554,0.0003448562401976718,0.0
0.22429954666666663,0.00141136257123705,0.0
0.22449954666666638,-0.0011219756810568696,0.0
0.22469954666666592,-0.002722024766684192,0.0
0.22489954666666723,0.0035443023976884855,0.0
0.2250995466666672,-0.00032231627127203566,0.0
0.22529954666666696,-0.0005890799402326567,0.0
0.22549954666666716,0.000344126807473321,0.0
0.22569954666666514,-0.0005892939448205979,0.0
0.22589954666666556,0.0010105448862187793,0.0
0.22609954666666687,0.00021046330059145725,0.0
0.2262995466666664,0.00021035879829753822,0.0
0.22649954666666683,-0.0009896977873297859,0.0
0.22669954666666725,-0.0005898268729571041,0.0
0.22689954666666656,-0.0011232305419176265,0.0
0.2270995466666672,-0.00019003462754494868,0.0
0.22729954666666718,0.0003431567034944318,0.0
0.22749954666666583,-0.001256887798799589,0.0
0.22769954666666603,-0.0015236410510935123,0.0
0.22789954666666645,0.0011428202799458678,0.0
0.22809954666666576,-0.0008572154723480545,0.0
0.22829954666666796,0.0035425050253579237,0.0
0.2284995466666675,0.0016758105230640034,0.0
0.22869954666666725,-0.0005908648125633187,0.0
0.228899546666667,-0.0012576134815239382,0.0
0.22909954666666632,-0.0029910013171511596,0.0
0.22929954666666608,-0.001257833319445182,0.0
0.22949954666666672,-0.002724532821739104,0.0
0.22969954666666648,7.52289259669768e-05,0.0
0.22989954666666645,0.0027417006736729557,0.0
0.2300995466666671,-0.0008582650786209661,0.0
0.23029954666666685,0.0020748654190851125,0.0
0.23049954666666683,7.482383345779053e-05,0.0
0.2306995466666668,-0.002325179835502832,0.0
0.23089954666666568,-0.0007253472544634515,0.0
0.23109954666666566,-0.004991956756757374,0.0
0.2312995466666663,-0.0031254779257179933,0.0
0.2314995466666656,7.429673865468576e-05,0.0
0.2316995466666676,0.0026074322363607624,0.0
0.23189954666666712,-0.004059101015933257,0.0
0.2320995466666671,-0.0013926226015604799,0.0
0.23229954666666686,-0.002059364187187801,0.0
0.2324995466666664,0.0010070763105182786,0.0
0.23269954666666592,-0.001659579441775744,0.0
0.232899546666667,-0.002059683944069666,0.0
0.23309954666666632,-0.004459704696363583,0.0
0.2332995466666663,0.0023399303846757934,0.0
0.2334995466666676,-0.0016600182842848275,0.0
0.23369954666666737,-0.0029933986199121507,0.0
0.23389954666666712,-0.001526889788872771,0.0
0.2340995466666671,-0.00259361845783339,0.0
0.23429954666666553,-0.0027270467101273097,0.0
0.23449954666666595,-0.0023271812124213316,0.0
0.23469954666666637,-0.002460616548048555,0.0
0.23489954666666635,-0.0008607960503425761,0.0
0.23509954666666744,-0.000860871385969797,0.0
0.2352995466666672,0.0004722945284028803,0.0
0.23549954666666695,0.0003388675261089616,0.0
0.2356995466666667,7.20913571483385e-05,0.0
0.2358995466666669,-0.0025945756451456834,0.0
0.23609954666666555,-0.0013947197307729049,0.0
0.23629954666666686,-0.0015281521497335256,0.0
0.2364995466666664,-0.0009949512353608463,0.0
0.23669954666666593,-0.0021949944876547677,0.0
0.23689954666666724,0.00047147101005121095,0.0
0.23709954666666744,-0.0023285405755760127,0.0
0.23729954666666697,-0.00112868716120333,0.0
0.23749954666666673,-0.0003288166634972528,0.0
0.23769954666666537,-0.002462194915791173,0.0
0.2378995466666658,-0.001395662751418494,0.0
0.23809954666666688,0.003937355246287485,0.0
0.23829954666666664,-0.0012625388393397372,0.0
0.23849954666666684,0.0011372666583662414,0.0
0.23869954666666704,-0.0013960686772609785,0.0
0.2388995466666668,-0.0025961427628883003,0.0
0.23909954666666766,0.0011369473181510777,0.0
0.23929954666666742,-0.0003297659341428439,0.0
0.2394995466666665,-0.00046321501977016587,0.0
0.23969954666666649,-0.004329839938730786,0.0
0.23989954666666646,-0.0008633765243581063,0.0
0.24009954666666578,0.0002031331400146729,0.0
0.2402995466666673,-0.00019696386227935,0.0
0.2404995466666675,-0.00033039919790657166,0.0
0.24069954666666704,-0.0017971282835338928,0.0
0.24089954666666724,-0.0019305332024945124,0.0
0.24109954666666567,-0.000864022704788435,0.0
0.24129954666666564,-0.0033973734570824556,0.0
0.24149954666666673,-0.0008642242093763776,0.0
0.2416995466666665,0.0016688900383297015,0.0
0.24189954666666647,-0.0019310669639643185,0.0
0.2420995466666671,-0.0016645152162582423,0.0
0.24229954666666687,-6.467638521886164e-05,0.0
0.24249954666666707,-0.0017980571375127829,0.0
0.24269954666666704,-0.00019822497314010527,0.0
0.2428995466666657,0.001934925941232575,0.0
0.2430995466666661,-0.0007317439777280478,0.0
0.2432995466666663,-0.0027317863966886662,0.0
0.2434995466666654,-0.0025985458989825905,0.0
0.24369954666666738,-0.00139872206794321,0.0
0.24389954666666758,-0.002998734903570534,0.0
0.24409954666666756,-0.002732171905864455,0.0
0.2442995466666671,-0.0013990155748250747,0.0
0.24449954666666662,-0.0021990971604523967,0.0
0.24469954666666593,0.0004673791705870848,0.0
0.2448995466666668,-0.0015326761650402386,0.0
0.24509954666666633,-0.0031327010840008582,0.0
0.2452995466666663,-6.623641962818019e-05,0.0
0.2454995466666674,-0.0005996775885888025,0.0
0.24569954666666738,-0.0041996375075494235,0.0
0.24589954666666713,0.0004667446568232536,0.0
0.2460995466666669,0.0020665605711960335,0.0
0.2462995466666651,-0.0006000893477645861,0.0
0.24649954666666596,6.643656660809162e-05,0.0
0.2466995466666666,-0.002200258352352529,0.0
0.2468995466666668,-0.003933639937979851,0.0
0.24709954666666722,0.00033277430972622826,0.0
0.24729954666666698,-0.0035338497759010955,0.0
0.24749954666666696,0.0005992282218049861,0.0
0.24769954666666671,0.0005991208028443638,0.0
0.24789954666666691,-0.0015342499494495586,0.0
0.24809954666666578,-0.0004677048684101782,0.0
0.2482995466666671,-0.0026010706207041986,0.0
0.24849954666666663,-0.00046792178966481926,0.0
0.24869954666666616,-0.0015346683752920434,0.0
0.24889954666666725,0.0005984837890806362,0.0
0.24909954666666745,-0.0003349119632132837,0.0
0.2492995466666672,-0.004201538548840606,0.0
0.24949954666666674,-0.0003351268011345266,0.0
0.24969954666666538,-0.002068497553428547,0.0
0.2498995466666658,-0.002201914139055768,0.0
0.2500995466666671,-6.878405801639086e-05,0.0
0.25029954666666643,-0.0028687852269770105,0.0
0.2504995466666671,-0.0007356330626043343,0.0
0.25069954666666705,-0.0015356925648982549,0.0
0.2508995466666668,-0.0010025124838588754,0.0
0.2510995466666677,-0.0023358849028194996,0.0
0.2512995466666663,-0.0038025902384468194,0.0
0.25149954666666563,-0.0014028089074074393,0.0
0.2516995466666667,-0.0016695613263680593,0.0
0.2518995466666665,-0.0024696420786619808,0.0
0.252099546666666,-0.0012697969976226027,0.0
0.2522995466666671,-0.0004699369165832249,0.0
0.2524995466666675,0.002196541081122754,0.0
0.2526995466666675,0.001529780328828832,0.0
0.2528995466666666,-0.005403370006798488,0.0
0.2530995466666657,-0.002603582425759107,0.0
0.25329954666666543,-0.00407032567805303,0.0
0.25349954666666696,-0.004337078513680351,0.0
0.2536995466666665,-0.0006039980159742719,0.0
0.2538995466666667,-0.0016707275182681926,0.0
0.2540995466666671,-0.0026041249372288165,0.0
0.2542995466666669,-0.002204227356189437,0.0
0.2544995466666673,0.0004622135581832422,0.0
0.25469954666666705,-0.002204462610777379,0.0
0.2548995466666659,-7.128294640460116e-05,0.0
0.25509954666666634,-0.0032712766153653212,0.0
0.2552995466666663,-0.0030047307009925424,0.0
0.25549954666666563,-0.0019382122866198632,0.0
0.2556995466666676,0.00019493321108621404,0.0
0.2558995466666676,-0.0028717267078744065,0.0
0.2560995466666671,-0.00473842162683503,0.0
0.2562995466666671,-0.0024719390457956514,0.0
0.2564995466666655,-0.0044719814647562715,0.0
0.2566995466666655,-0.0028721351337168896,0.0
0.25689954666666703,-0.002605582969344213,0.0
0.25709954666666635,-0.001005750388304836,0.0
0.2572995466666663,-0.0022058073905987553,0.0
0.25749954666666697,-0.0032725552262260777,0.0
0.25769954666666695,-0.00567254347852,0.0
0.2578995466666667,-0.0004728533974806184,0.0
0.2580995466666669,6.032835022535925e-05,0.0
0.25829954666666555,-0.0038062728187352613,0.0
0.25849954666666597,-0.001139816071029181,0.0
0.25869954666666684,-0.002073232656656503,0.0
0.2588995466666657,-0.0007400621589504254,0.0
0.2590995466666677,-0.003006704577911048,0.0
0.25929954666666744,-0.0014068919968716672,0.0
0.2594995466666672,-0.0014069989991655884,0.0
0.2596995466666667,-0.001540431418126209,0.0
0.2598995466666665,-0.0030071575870868304,0.0
0.2600995466666658,-0.0030072600060474537,0.0
0.2602995466666671,0.0012591550749919255,0.0
0.2604995466666664,-0.0034074302606353947,0.0
0.2606995466666666,-0.0026075576795960165,0.0
0.2608995466666677,-0.001941045931889939,0.0
0.2610995466666677,-0.0016744808508505592,0.0
0.261299546666667,-0.00287453743647788,0.0
0.26149954666666697,-0.0007413969387718034,0.0
0.2616995466666654,-0.0015414826910658229,0.0
0.2618995466666665,-0.004608112193359744,0.0
0.2620995466666671,-0.0024750046123203657,0.0
0.26229954666666644,-0.001141816614614287,0.0
0.2624995466666673,-0.0047417602835749095,0.0
0.2626995466666673,-0.00034203603586882916,0.0
0.26289954666666704,-0.0015421188714961516,0.0
0.2630995466666666,-0.0023421425404567715,0.0
0.2632995466666668,-0.0028755945427507926,0.0
0.26349954666666564,-0.0031423565450447114,0.0
0.26369954666666695,-0.004209067714005334,0.0
0.2638995466666667,-0.0007426717996325567,0.0
0.264099546666666,-0.0012760750519265774,0.0
0.2642995466666671,-0.0024761362208871977,0.0
0.26449954666666753,-0.0012762853065145224,0.0
0.26469954666666684,-0.00580955314214174,0.0
0.2648995466666668,-0.0038097047277690643,0.0
0.2650995466666657,5.669201993701613e-05,0.0
0.26529954666666566,-0.003676623315690306,0.0
0.265499546666667,-0.004610003234650929,0.0
0.26569954666666673,-0.002343548986944846,0.0
0.26589954666666693,0.0013895498440945307,0.0
0.2660995466666669,-0.004477006324866091,0.0
0.2662995466666669,-0.0010105704104934124,0.0
0.26649954666666753,-0.0020772978294540338,0.0
0.26669954666666684,-0.0024773998317479517,0.0
0.2668995466666657,-0.002210838500708575,0.0
0.2670995466666666,-0.005410809253002595,0.0
0.26729954666666655,-0.0036776820886298186,0.0
0.2674995466666661,-0.0014111845075904378,0.0
0.2676995466666674,-0.0032778985932177627,0.0
0.2678995466666676,-0.0035446426788450797,0.0
0.2680995466666676,-0.0016781646811390022,0.0
0.2682995466666669,0.0001883362332337768,0.0
0.26849954666666553,-0.004744931602393544,0.0
0.2686995466666655,0.0005880968119791347,0.0
0.2688995466666668,-0.0019452414403147884,0.0
0.26909954666666636,-0.005945203442608809,0.0
0.26929954666666656,-0.0044786721115694286,0.0
0.2694995466666674,-0.0038121378638633525,0.0
0.2696995466666672,-0.003678929449490673,0.0
0.26989954666666693,0.0005874697982154072,0.0
0.2700995466666667,-0.003812459704078515,0.0
0.27029954666666556,-0.0026126000397058355,0.0
0.270499546666666,0.0003204954580002424,0.0
0.2706995466666666,-0.0035461152942937793,0.0
0.2708995466666655,-0.0016796310465876998,0.0
0.2710995466666677,-0.0024797072155483216,0.0
0.27129954666666767,-0.0006132050511755433,0.0
0.2714995466666674,-0.001679940803469563,0.0
0.2716995466666672,-0.0030133444724301846,0.0
0.2718995466666665,-0.0010135056413908047,0.0
0.2720995466666658,-0.003146870143684727,0.0
0.2722995466666669,-0.0008803975626453502,0.0
0.27249954666666665,-0.0031470766482726686,0.0
0.2726995466666664,-0.005013779067233291,0.0
0.2728995466666675,-0.002880628569527215,0.0
0.2730995466666679,-0.0011474497384878352,0.0
0.2732995466666672,5.237450921814421e-05,0.0
0.273499546666667,-0.0022143095764090744,0.0
0.2736995466666654,-0.004614318245369698,0.0
0.2738995466666658,-0.0028811660809970174,0.0
0.2740995466666667,-0.0023479355832909388,0.0
0.274299546666666,-0.00448130425225156,0.0
0.27449954666666754,-0.004614736671212184,0.0
0.2746995466666673,-0.0018149503401728023,0.0
0.27489954666666705,-0.004214963592466826,0.0
0.2750995466666668,-0.005281697678094046,0.0
0.27529954666666634,-0.001948592180388068,0.0
0.27549954666666565,-0.000882077516015288,0.0
0.2756995466666672,-0.00394871160164261,0.0
0.2758995466666667,-0.00301551360393653,0.0
0.2760995466666665,-0.0023490014395638505,0.0
0.2762995466666671,-0.005415646358524475,0.0
0.27649954666666776,-0.003415831277485095,0.0
0.2766995466666671,-0.003415941613112417,0.0
0.27689954666666683,-0.006349254448739636,0.0
0.2770995466666657,-0.005016084367700258,0.0
0.2772995466666657,-0.002482955536660881,0.0
0.2774995466666672,-0.0024830521222882016,0.0
0.2776995466666663,-0.002749816207915522,0.0
0.27789954666666716,-0.002883249876876142,0.0
0.27809954666666714,-0.0035499968791700646,0.0
0.2782995466666669,-0.004616705548130687,0.0
0.2784995466666671,-0.003416880050424606,0.0
0.2786995466666664,-0.004883603302718628,0.0
0.2788995466666653,-0.0068836028050125505,0.0
0.2790995466666668,-0.005817109390639872,0.0
0.27929954666666656,-0.0031506434762670933,0.0
0.2794995466666661,-0.0036840421452277155,0.0
0.2796995466666672,-0.0035508312308550373,0.0
0.2798995466666674,-0.005817506566482358,0.0
0.2800995466666669,-0.0022177777354429763,0.0
0.2802995466666671,-0.005017765987736898,0.0
0.2804995466666651,-0.003817909656697519,0.0
0.2806995466666655,-0.0010181137423248415,0.0
0.28089954666666683,-0.0016848686612854612,0.0
0.2810995466666666,-0.004084886496912684,0.0
0.281299546666667,-0.0030183668325400037,0.0
0.28149954666666677,-0.005018388001500626,0.0
0.28169954666666697,-0.003151896253794549,0.0
0.28189954666666717,-0.0026186974227551674,0.0
0.28209954666666714,-0.00261880734171579,0.0
0.28229954666666557,-0.0030188793440098106,0.0
0.28249954666666643,-0.0006190842629703319,0.0
0.2826995466666664,-0.001685828765264354,0.0
0.2828995466666655,-0.005819092434224975,0.0
0.2830995466666679,-0.001152706936518897,0.0
0.2832995466666679,-0.002619433938812919,0.0
0.28349954666666743,-0.004886115107773438,0.0
0.28369954666666697,-0.004352898360067459,0.0
0.2838995466666654,-0.0024864241123613816,0.0
0.2840995466666658,-0.002353194447988703,0.0
0.2842995466666669,-0.005153191033616025,0.0
0.28449954666666644,0.0011131207140900549,0.0
0.28469954666666664,0.00017972162846273398,0.0
0.2848995466666673,-0.0026202662071644865,0.0
0.28509954666666704,-0.003553667792791808,0.0
0.2852995466666668,0.00017941562158096946,0.0
0.2854995466666663,-0.00435382888071305,0.0
0.2856995466666654,-0.002620701299673671,0.0
0.28589954666666606,-0.002887452051967592,0.0
0.28609954666666715,-0.004220848220928214,0.0
0.2862995466666658,-0.0028876693898888337,0.0
0.28649954666666777,-0.0015544997255161567,0.0
0.2866995466666673,-0.002487891727810077,0.0
0.2868995466666673,-0.0023546620634374016,0.0
0.28709954666666704,-0.002354773649064619,0.0
0.28729954666666635,-0.001954895234691943,0.0
0.28749954666666566,-0.002088330986985862,0.0
0.28769954666666697,0.0003114878440535155,0.0
0.2878995466666665,-0.002488524574907206,0.0
0.2880995466666667,-0.003688579493867727,0.0
0.28829954666666757,-0.001955426079495049,0.0
0.28849954666666777,-0.001022221415122369,0.0
0.28869954666666686,-0.0018223075840829907,0.0
0.28889954666666706,-0.0014224279197103118,0.0
0.28909954666666504,-0.0012891945053375327,0.0
0.2892995466666659,-0.0010226448409648547,0.0
0.289499546666667,-0.0008894143432587771,0.0
0.2896995466666663,-0.0018228259288860967,0.0
0.2898995466666676,-0.003556185431180017,0.0
0.2900995466666674,-0.0018230166001406388,0.0
0.29029954666666713,-0.0035564040191012614,0.0
0.2904995466666669,-0.0008899497713951831,0.0
0.29069954666666664,-0.0026233121903558015,0.0
0.2908995466666655,0.001776407474016875,0.0
0.2910995466666668,-0.004356802028277146,0.0
0.2912995466666668,4.29326360956335e-05,0.0
0.29149954666666633,0.0020427352171350117,0.0
0.2916995466666672,-0.0006239230351590113,0.0
0.2918995466666676,-0.0007573650374529308,0.0
0.29209954666666693,4.251296025314759e-05,0.0
0.2922995466666669,-0.0022241507087074723,0.0
0.2924995466666651,-0.002090967711001493,0.0
0.29269954666666553,0.0012421277867045843,0.0
0.29289954666666707,-0.0011578646322560372,0.0
0.2930995466666668,0.0008419475321166416,0.0
0.293299546666667,-0.0006247640535105795,0.0
0.2934995466666672,0.0012417393608620993,0.0
0.2936995466666672,0.0007083115252347772,0.0
0.29389954666666784,0.0011081911896075568,0.0
0.29409954666666693,-0.0003585287293530644,0.0
0.29429954666666536,-0.0002252936483136854,0.0
0.29449954666666645,-0.0008920573172743074,0.0
0.29469954666666665,0.0005744394304317713,0.0
0.2948995466666655,-0.0036921379885288506,0.0
0.29509954666666705,0.003640809175843829,0.0
0.2952995466666677,4.082217354980759e-05,0.0
0.2954995466666672,0.00044069933792258674,0.0
0.295699546666667,0.0017738919189619652,0.0
0.2958995466666652,0.0013738095000013443,0.0
0.2960995466666654,0.0005737220810407232,0.0
0.2962995466666669,0.0025735338287468015,0.0
0.2964995466666662,0.0005735222431194811,0.0
0.29669954666666665,0.0009733956574921598,0.0
0.2968995466666675,0.0023065632385315376,0.0
0.2970995466666666,0.0019064866529043163,0.0
0.297299546666667,0.0035063254839435946,0.0
0.2974995466666668,0.0009729838983163746,0.0
0.2976995466666652,0.0012395256460223554,0.0
0.2978995466666663,-0.0006271630229382676,0.0
0.2980995466666667,-0.0016938883585654908,0.0
0.2982995466666656,0.003772432555807191,0.0
0.29849954666666756,0.002572384303513267,0.0
0.29869954666666776,0.003638907717885947,0.0
0.2988995466666675,0.004838755715592025,0.0
0.29909954666666727,0.0007054870466314048,0.0
0.2992995466666659,0.0029719529610040835,0.0
0.2994995466666659,0.0023052188753768625,0.0
0.29969954666666676,0.00403838062308284,0.0
0.2998995466666663,0.002838316954122221,0.0
0.3000995466666665,0.0027048795351615994,0.0
0.30029954666666736,0.0003048829495343776,0.0
0.3004995466666671,0.0008380846972403551,0.0
0.3006995466666671,0.0023045818616130344,0.0
0.30089954666666685,0.0007045315259858135,0.0
0.3010995466666655,0.0011044203570251925,0.0
0.3012995466666659,0.0012376466880645708,0.0
0.301499546666667,-0.0006290490642294512,0.0
0.3016995466666661,0.0049706256001433285,0.0
0.3018995466666674,0.0004373573478494066,0.0
0.3020995466666674,0.002837162845555385,0.0
0.30229954666666736,0.0040370054265947645,0.0
0.3024995466666669,0.0011037000909674428,0.0
0.3026995466666662,0.0029701705886735225,0.0
0.3028995466666655,0.002970056086379602,0.0
0.3030995466666673,0.004169924500752278,0.0
0.3032995466666659,0.0007032891651250588,0.0
0.30349954666666634,0.003236406329497737,0.0
0.30369954666666743,0.0015030489105371143,0.0
0.3038995466666681,0.0055027769082430945,0.0
0.30409954666666694,0.002836113655949173,0.0
0.3042995466666667,0.003635987486988552,0.0
0.30449954666666557,0.0019026046513613316,0.0
0.30469954666666577,0.0031024455657340105,0.0
0.3048995466666673,0.003102343146773389,0.0
0.3050995466666664,0.003768890727812767,0.0
0.30529954666666703,0.0032354737255187466,0.0
0.30549954666666723,0.0020354004732248236,0.0
0.3056995466666672,0.002168635137597602,-3.165819763516293e-08
0.30589954666666674,0.0025685127186369817,-4.69001562604737e-06
0.3060995466666665,0.0031017248830096603,-9.236862644520816e-06
0.30629954666666537,0.0016349991307157401,-1.367226491724944e-05
0.3064995466666669,0.002968180878421718,-1.799630062698516e-05
0.3066995466666669,0.004834676792794396,-2.2209060581497156e-05
0.30689954666666597,0.0028346418738337768,-2.6310648320128526e-05
0.3070995466666673,0.004567803621539855,-3.0301180219680867e-05
0.3072995466666677,0.0037677207859125317,-3.4180785599668924e-05
0.307499546666667,0.001234391700285312,-3.794960682751849e-05
0.30769954666666677,0.005500781364657991,-4.160779942312041e-05
0.3078995466666652,0.00243410977903067,-4.515553216273114e-05
0.3080995466666654,0.0029673381934034494,-4.859298718273958e-05
0.30829954666666715,0.0019006241077761266,-5.1920360082620375e-05
0.3084995466666669,0.004833730438815506,-5.51378600273956e-05
0.3086995466666669,0.0035003396865215843,-5.8245709849887396e-05
0.3088995466666671,0.0064334414342275634,-6.124414615195906e-05
0.30909954666666706,0.002700156515267043,-6.41334194054821e-05
0.3092995466666677,0.00456664284630642,-6.69137940526732e-05
0.309499546666667,0.0033665791773457993,-6.958554860570379e-05
0.30969954666666544,0.005499737591718479,-7.214897574594995e-05
0.3098995466666663,0.0020331097560911584,-7.460438242242692e-05
0.3100995466666665,0.004166230253797237,-7.69520899495018e-05
0.3102995466666656,0.0016328907515033159,-7.919243410424816e-05
0.3104995466666671,0.0034993774992092934,-8.132576522293878e-05
0.3106995466666682,0.0008327246635820729,-8.335244829676566e-05
0.3108995466666675,0.00469914641128805,-8.527286306712118e-05
0.3110995466666673,0.00256577607566073,-8.7087404119966e-05
0.3112995466666657,0.00429893407336681,-8.879648097953648e-05
0.3114995466666657,0.004298841654406188,-9.040051820131861e-05
0.3116995466666672,0.005365352985445566,-9.189995546424788e-05
0.3118995466666661,0.0032320051498183466,-9.329524766209886e-05
0.3120995466666665,0.0036318789808577247,-9.458686499426514e-05
0.31229954666666715,0.003098465311897102,-9.577529305547229e-05
0.3124995466666671,0.0038983312262697804,-9.686103292488232e-05
0.3126995466666671,0.00376489130730916,-9.7844601254346e-05
0.31289954666666664,0.004031448888348539,-9.872653035570302e-05
0.3130995466666653,0.002964718969387917,-9.950736828732306e-05
0.31329954666666615,0.004964536550427296,-0.00010018767893973715
0.31349954666666635,0.0040311328814666755,-0.00010076804212044443
0.31369954666666544,0.0036310333791727545,-0.00010124905363785889
0.31389954666666764,0.007630794710212032,-0.00010163132538387332
0.3140995466666676,0.00269754354125141,-0.00010191548541620769
0.3142995466666676,0.006030638205624189,-0.0001021021780397482
0.31449954666666713,0.0024306699533302688,-0.00010219206388581409
0.31469954666666644,0.006830392951036247,-0.00010218581999221683
0.31489954666666575,0.004697033865409027,-0.00010208413988082923
0.3150995466666673,0.007630156029781704,-0.00010188773363514684
0.3152995466666666,0.004563487360821085,-0.0001015973279761898
0.31549954666666635,0.005630029525193762,-0.00010121366633764361
0.31569954666666766,0.00402997502289984,-0.0001007375089400742
0.3158995466666681,0.00402986718727252,-0.00010016963286390787
0.3160995466666672,0.004829736018311898,-9.951083212135652e-05
0.31629954666666693,0.005629598599351278,-9.87619177274026e-05
0.31649954666666513,0.006429467430390658,-9.792371776958425e-05
0.316699546666666,0.006962681678096735,-9.699707747659223e-05
0.31689954666666664,0.0061626117591361135,-9.598285928596464e-05
0.3170995466666662,0.003495912673508794,-9.488194291044245e-05
0.31729954666666726,0.0037624785878814723,-9.369522540327538e-05
0.31749954666666724,0.00429570491892085,-9.242362122237913e-05
0.31769954666666744,0.005762200833293627,-9.106806229330395e-05
0.3178995466666663,0.004028811330999608,-8.962949807094169e-05
0.3180995466666665,0.007228586828705686,-8.810889560015951e-05
0.3182995466666656,0.006295189409745066,-8.650723957517336e-05
0.3184995466666669,0.005361786990784444,-8.482553239761792e-05
0.31869954666666644,0.0028284520718238233,-8.306479423357241e-05
0.318899546666666,0.003761640486196602,-8.122606306906326e-05
0.31909954666666684,0.004961485150569279,-7.931039476456952e-05
0.3192995466666677,0.005361365648275258,-7.731886310812771e-05
0.31949954666666724,0.005094599895981338,-7.525255986716037e-05
0.3196995466666668,0.003627904560354016,-7.31125948389611e-05
0.3198995466666652,0.005227720891393395,-7.090009590002234e-05
0.3200995466666656,0.0021610734724328753,-6.861620905383198e-05
0.32029954666666716,0.006427478136805552,-6.626209847756035e-05
0.3204995466666667,0.006294043634511632,-6.383894656728111e-05
0.3206995466666669,0.006427254132217609,-6.13479539817259e-05
0.3208995466666671,0.004160582129923689,-5.8790339684938677e-05
0.32109954666666707,0.004960438877629668,-5.616734098733787e-05
0.3212995466666675,0.004293696875335746,-5.348021358546209e-05
0.3214995466666666,0.004426935706375125,-5.07302316003686e-05
0.32169954666666545,0.006560080370747805,-4.791868761447858e-05
0.3218995466666663,0.002026799618453883,-4.504689270711231e-05
0.32209954666666674,0.004693261366159961,-4.2116176488683796e-05
0.3222995466666656,0.0033598789471993417,-3.9127887133197774e-05
0.3224995466666669,0.0042930748615720195,-3.608339140946242e-05
0.3226995466666678,0.002693034525944797,-3.298407471090805e-05
0.32289954666666754,0.005092833356984076,-2.9831341083753668e-05
0.32309954666666685,0.002826139688023456,-2.6626613253771832e-05
0.3232995466666655,0.006159238935729535,-2.3371332651625664e-05
0.3234995466666659,0.006692442766768914,-2.0066959436555107e-05
0.323699546666667,0.005625717847808291,-1.6714972518793245e-05
0.3238995466666663,0.005092305428847671,-1.3316869580228572e-05
0.3240995466666663,0.00455888092655375,-9.87416709356604e-06
0.3242995466666676,0.0017588826742597277,-6.388400340098028e-06
0.32449954666666714,0.006291937755299107,-2.861123425901745e-06
0.3246995466666671,0.00029207033633858563,7.060907037713254e-07
0.32489954666666687,0.0024252175007112627,4.311650251281507e-06
0.3250995466666653,0.003091751331750643,7.953944555242242e-06
0.3252995466666664,0.0008250759961233207,1.1631344080689667e-05
0.3254995466666668,0.002424886077162701,1.5342200410634173e-05
0.3256995466666657,0.005491353658202079,1.9084846239487615e-05
0.32589954666666743,0.0041579795725748565,2.2857595368057943e-05
0.32609954666666785,0.004824505070280835,2.6658742699793367e-05
0.3262995466666676,0.004024423901320216,3.0486564239168937e-05
0.3264995466666669,0.006557553149026294,3.433931709135199e-05
0.3266995466666658,0.002690920313398973,3.821523946357858e-05
0.326899546666666,0.002424158727771653,4.211255066820158e-05
0.32709954666666685,0.0034906788088111314,4.6029451127301926e-05
0.3272995466666666,0.0024239543065171093,4.9964122378994726e-05
0.32749954666666636,0.0026905152208897883,5.391472708546126e-05
0.32769954666666723,0.004956986135262567,5.787940904258897e-05
0.3278995466666672,0.0044235712163019445,6.185629319110125e-05
0.3280995466666674,0.004290119214007923,6.584348562968333e-05
0.3282995466666665,0.0037567292950474035,6.983907362954741e-05
0.32849954666666537,0.0022899918760866823,7.384112565076246e-05
0.32869954666666623,0.0048231373737927605,7.784769136029284e-05
0.3288995466666671,0.0014898166214988382,8.185680165157377e-05
0.3290995466666655,0.0021563558692049185,8.586646866596379e-05
0.3292995466666675,0.003356200116910896,8.987468581598152e-05
0.32949954666666725,0.001889496447950275,9.387942780973874e-05
0.32969954666666723,0.004155955695656355,9.787865067780999e-05
0.32989954666666677,2.2688276695732174e-05,0.00010187029180116652
0.3300995466666663,0.0020224979410684123,0.00010585226994125713
0.33029954666666583,0.002555696355441091,0.00010982248527157257
0.33049954666666737,0.005622158936480569,0.00011377881941096614
0.33069954666666623,-0.000511044732480051,0.00011771913545879414
0.330899546666666,0.0032220453485592264,0.00012164127803159022
0.3310995466666673,0.002555292512932005,0.0001255430733016741
0.33129954666666794,-0.0011779949060286166,0.00012942232903751332
0.33149954666666703,0.00028848809167736356,0.00013327683464550225
0.33169954666666657,0.0005550623393834418,0.0001371043612135652
0.33189954666666543,0.00388815700375612,0.0001409026615572156
0.3320995466666661,0.00028818958479559856,0.00014466947026583131
0.33229954666666717,0.002154682582501578,0.0001484025037522506
0.3324995466666665,0.0020212505802076567,0.00015209946030316458
0.3326995466666671,0.0013545127445803353,0.00015575802013156147
0.3328995466666671,0.00015443990895311517,0.00015937584543065873
0.3330995466666671,0.002554244573325792,0.00016295058042986235
0.33329954666666683,-0.005045572845634828,0.0001664798514526948
0.3334995466666666,0.0016207443187378507,0.00016996126697535195
0.3336995466666657,-0.0013125785168893681,0.00017339241768841334
0.33389954666666677,0.0002872432308166084,0.0001767708765595285
0.3340995466666663,0.0028203783118559873,0.00018009419889749721
0.33429954666666584,0.0017536275595620657,0.000183359922419003
0.3344995466666667,-0.0014463190260652556,0.00018656556731646356
0.3346995466666678,-0.0014464260283591785,0.00018970863632754702
0.3348995466666669,-0.0007798967806530981,0.00019278661480651857
0.3350995466666664,0.0010865903837195805,0.000195796970797948
0.3352995466666653,0.0006864917147589595,0.00019873715511084078
0.3354995466666657,-0.0015801940375350602,0.00020160460139597537
0.335699546666667,-0.003980194373162285,0.00020439672622337533
0.3358995466666663,-0.0018470434587896031,0.00020711092916283265
0.3360995466666663,-0.0003805375444168261,0.00020974459286548732
0.3362995466666674,0.002019242536622553,0.00021229508314732777
0.33649954666666715,1.9240117661831896e-05,0.0002147597490740867
0.3366995466666671,1.9123948701210702e-05,0.00021713592304805666
0.3368995466666671,-0.003314192220259412,0.00021942092089687103
0.33709954666666575,0.0013521899441133675,0.0002216120419631974
0.3372995466666664,0.002552044608486046,0.00022370656919691286
0.3374995466666664,-0.0006479369771411735,0.00022570176924872174
0.3376995466666657,-0.0023813148127684973,0.00022759489256488988
0.3378995466666672,-0.0015814480650624182,0.00022938317348454584
0.3380995466666681,-0.0009149004840231408,0.00023106383033779054
0.3382995466666674,0.001351554180349641,0.00023263406554625612
0.33849954666666693,-0.0018484257386109787,0.00023409106572454432
0.3386995466666656,-0.0011818694075716018,0.00023543200178378456
0.338899546666666,-0.0010486580765322207,0.0002366540290368644
0.3390995466666671,-0.000648785912159543,0.00023775428730471297
0.33929954666666595,-0.0011822004144534642,0.00023872990102500937
0.3394995466666666,-0.0010489765834140862,0.00023957797936193304
0.3396995466666677,-0.002115705669041408,0.0002402956163173102
0.339899546666667,-0.000649195588002029,0.00024087989084438903
0.34009954666666675,-0.0010492767569626488,0.0002413278669619488
0.3402995466666665,-0.0009160566759232706,0.00024163659387085786
0.3404995466666656,-0.0029160974282171903,0.00024180310607144388
0.34069954666666624,-0.0001163115138445147,0.00024182442348357256
0.3408995466666669,-0.004116255182805135,0.00024169755156687141
0.3410995466666653,-0.002249758851765756,0.00024141948144362684
0.3412995466666675,-0.0030498387707263794,0.00024098719002237106
0.34149954666666793,-0.0037165828563536993,0.00024039764012367352
0.3416995466666677,-0.004383312358647621,0.0002396477806072432
0.3418995466666668,-0.0023835126942748416,0.00023873454649983223
0.3420995466666663,-0.0003837084465688617,0.00023765485912579732
0.34229954666666607,-0.0011837616988627855,0.00023640562623837777
0.34249954666666715,-0.0011838799511568066,0.0002349837421524439
0.34269954666666647,-0.005983801536784026,0.00023338608787902112
0.34289954666666644,-0.003983987705744648,0.00023160953126096786
0.34309954666666753,-0.001450853458038569,0.00022965092711032674
0.34329954666666795,-0.004917478376999192,0.00022750711734691385
0.3434995466666668,-0.0037176312126265126,0.00022517493113847556
0.34369954666666636,-0.005184354881587132,0.00022265118504172582
0.34389954666666545,-0.0037178431338810557,0.00021993268314564188
0.3440995466666661,-0.008917753469508375,0.00021701621721545441
0.34429954666666673,-0.0038513954718023963,0.00021389856683814087
0.34449954666666605,-0.00651805580742962,0.00021057649956916972
0.34469954666666736,-0.007584786976390239,0.0002070467710810529
0.34489954666666756,-0.0033183814786841605,0.00020330612531255492
0.3450995466666671,-0.004118447647644781,0.00019935129461961287
0.3452995466666662,-0.0037185813166055025,0.00019517899992732644
0.34549954666666616,-0.002252087902232726,0.00019078595088335346
0.3456995466666659,-0.006785347821193343,0.00018616884601262807
0.345899546666667,-0.004918865240153966,0.00018132437287307775
0.34609954666666676,-0.003452348492447889,0.00017624920821285853
0.34629954666666607,-0.004519089244741908,0.00017094001812825366
0.34649954666666694,-0.004385868747035832,0.00016539345822353275
0.3466995466666678,-0.005052596165996452,0.00015960617377146867
0.3468995466666669,-0.005186038584957073,0.0001535747998752074
0.34709954666666665,-0.0046528385039176934,0.00014729596163121002
0.3472995466666655,-0.0065195388395450134,0.00014076627429321324
0.34749954666666594,-0.006386302925172338,0.00013398234343738944
0.34769954666666725,-0.006919722010799557,0.00012694076512915128
0.3478995466666668,-0.006519839013093479,0.00011963812608987874
0.348099546666667,-0.0059866264320542,0.00011207100386595833
0.3482995466666674,-0.009186610517681422,0.00010423596699767918
0.34849954666666694,-0.005720191686642043,9.612957519039095e-05
0.34869954666666714,-0.005853627438936065,8.77483794853544e-05
0.3488995466666669,-0.007587008607896684,7.908892243297598e-05
0.34909954666666554,-0.0061204743601906055,7.014773826588558e-05
0.3492995466666666,-0.004920634695817827,6.092135307337177e-05
0.3494995466666666,-0.009720551698111847,5.1406284977231424e-05
0.3496995466666657,-0.007454082867072472,4.159904430771689e-05
0.349899546666667,-0.008520818202699693,3.1496133780685326e-05
0.3500995466666681,-0.011187485621660316,2.1094048676265447e-05
0.3502995466666674,-0.008387703040620935,1.0389277017488036e-05
0.3504995466666665,-0.007187855876248256,-6.217002499593739e-07
0.3506995466666656,-0.006921286211875575,-1.1942409076792851e-05
0.350899546666666,-0.008254672380836197,-2.357638212885245e-05
0.3510995466666671,-0.007854811049796817,-3.552715860447967e-05
0.3512995466666662,-0.01052145971875744,-4.77982840515829e-05
0.3514995466666666,-0.0069217208877180615,-6.039331018420605e-05
0.35169954666666725,-0.008921744556678683,-7.331579469734891e-05
0.3518995466666668,-0.011188445308972606,-8.656930108194847e-05
0.352099546666667,-0.006522060227933224,-0.00010015739843909686
0.35229954666666696,-0.006922154313560547,-0.00011408366129309771
0.35249954666666583,-0.011322086315854468,-0.0001283516694041224
0.3526995466666665,-0.006922337484815088,-0.000142965007580756
0.3528995466666669,-0.007322442403775711,-0.00015792726549069267
0.3530995466666651,-0.00798917273940303,-0.00017324203747184173
0.3532995466666675,-0.006389348075030252,-0.00018891292234343655
0.35349954666666794,-0.008389367577324275,-0.0002049435232137927
0.35369954666666725,-0.009322776662951495,-0.00022133744729120283
0.3538995466666668,-0.012522771581912118,-0.00023809830569229565
0.3540995466666663,-0.008656354834206136,-0.00025522971324944447
0.3542995466666661,-0.01132303391983336,-0.00027273528831886067
0.35449954666666716,-0.00958985300546068,-0.0002906186525881346
0.3546995466666665,-0.0102565950077547,-0.0003088834308820861
0.35489954666666645,-0.009456739926715222,-0.0003275332509702859
0.3550995466666671,-0.009056839845675846,-0.00034657174337212595
0.3552995466666673,-0.010523575597969865,-0.0003660025411628138
0.35549954666666683,-0.012123619683597086,-0.0003858292797783306
0.3556995466666666,-0.012257048352557707,-0.0004060555968207205
0.3558995466666657,-0.009323931188185027,-0.00042668513186243953
0.3560995466666661,-0.009857343607145647,-0.0004477215262508929
0.35629954666666697,-0.009724135192772971,-0.0004691684229119311
0.3564995466666656,-0.011857490111733591,-0.0004910294661539616
0.3566995466666676,-0.017190716697360914,-0.0005133083014722642
0.3568995466666671,-0.012390998282988135,-0.0005360085753505539
0.3570995466666671,-0.011724477368615458,-0.0005591339350660805
0.35729954666666663,-0.013324523954242776,-0.00058268802849144
0.3574995466666664,-0.01332461928987,-0.0006066745038979008
0.3576995466666659,-0.010124850458830619,-0.0006310970097579264
0.3578995466666668,-0.013591482877791241,-0.0006559591945482961
0.3580995466666663,-0.014124904880085264,-0.000681264706551566
0.3582995466666661,-0.013591695632379183,-0.0007070171936601107
0.3584995466666674,-0.014125122634673106,-0.0007332203031776419
0.3586995466666676,-0.013591898386967128,-0.0007598776816213347
0.3588995466666669,-0.011992072055927746,-0.0007869929745251283
0.35909954666666644,-0.013992103641554968,-0.0008145698262419835
0.3592995466666651,-0.01025901356051559,-0.0008426118797461277
0.35949954666666617,-0.01385897639614291,-0.0008711227764363539
0.3596995466666677,-0.017725600065103535,-0.0009001061559374529
0.35989954666666635,-0.017325721234064156,-0.0009295656559034469
0.3600995466666672,-0.013059315736358075,-0.0009595049118220334
0.3602995466666674,-0.015459342321985398,-0.000989927556815536
0.36049954666666717,-0.013726177240946016,-0.0010208372214452455
0.3606995466666667,-0.01492623090990664,-0.0010522375335146241
0.36089954666666646,-0.01625962416220056,-0.001084132117873097
0.36109954666666555,-0.015859734081161182,-0.001116524596219895
0.36129954666666686,-0.0165264727501218,-0.001149418586908234
0.3614995466666666,-0.015459960585749123,-0.0011828177047489125
0.3616995466666659,-0.015460073421376345,-0.0012167255608163427
0.3618995466666668,-0.017593429173670364,-0.0012511457622531134
0.36209954666666766,-0.015726937425964288,-0.0012860819120745716
0.36229954666666697,-0.016926995678258307,-0.0013215376089751275
0.3624995466666665,-0.01719376601388553,-0.0013575164471347023
0.3626995466666654,-0.01852715093284615,-0.001394022016024463
0.3628995466666658,-0.020127176685140066,-0.0014310579002145309
0.3630995466666671,-0.01626077077076739,-0.00146862767918044
0.36329954666666664,-0.018127478606394715,-0.0015067349271102415
0.36349954666666684,-0.01759424769202203,-0.0015453832127152848
0.36369954666666726,-0.01999426261098266,-0.0015845760990365301
0.363899546666667,-0.018261116696609882,-0.0016243171432544323
0.3640995466666672,-0.0178612253655705,-0.001664609896499065
0.364299546666667,-0.01679471028453112,-0.001705457903660171
0.3644995466666656,-0.01586152312015844,-0.0017468647031975255
0.3646995466666665,-0.02119474887245236,-0.0017888338269540008
0.3648995466666669,-0.020394886708079686,-0.0018313687999647788
0.36509954666666555,-0.01959503829370701,-0.0018744731402722847
0.3652995466666673,-0.016528565712667524,-0.0019181503587398052
0.3654995466666675,-0.017595308131628247,-0.0019624039588624544
0.3656995466666677,-0.022128598467255466,-0.0020072374365848657
0.3658995466666668,-0.019995421302882788,-0.002052654280114912
0.36609954666666567,-0.018528923721843414,-0.0020986579697402433
0.36629954666666564,-0.019995644474137337,-0.0021452519776451206
0.3664995466666672,-0.01852913814309795,-0.0021924397677271063
0.3666995466666665,-0.02172911972872528,-0.002240224795414901
0.36689954666666647,-0.022795857564352495,-0.002288610507489263
0.3670995466666671,-0.019729413733313217,-0.0023376003419011697
0.3672995466666671,-0.01972950615227384,-0.0023871977275920996
0.36749954666666684,-0.02052958732123446,-0.002437406084316589
0.3676995466666668,-0.02092966307352838,-0.002488228822463826
0.3678995466666657,-0.021596425909155705,-0.002539669342880002
0.36809954666666633,-0.019596598744782923,-0.002591731036694076
0.36829954666666676,-0.022529909913743547,-0.002644417285140002
0.3684995466666654,-0.02093010191603757,-0.0026977314593837347
0.3686995466666674,-0.024130072668331486,-0.002751676920351541
0.3688995466666676,-0.02173026675395881,-0.002806257018552754
0.36909954666666756,-0.022930334172919432,-0.0028614750939131768
0.36929954666666687,-0.02399707659188005,-0.0029173344756013124
0.3694995466666662,-0.021730582344173972,-0.0029738384818604317
0.3696995466666655,-0.020664069763134594,-0.0030309904198385887
0.36989954666666724,-0.023730741765428512,-0.0030887935854220024
0.37009954666666656,-0.020130943767722537,-0.0031472512630656814
0.3702995466666661,-0.02226430660334976,-0.0032063667256317166
0.3704995466666674,-0.02439766943897708,-0.003266143234222327
0.3706995466666678,-0.025864400607937703,-0.003326584038014923
0.37089954666666713,-0.01973140552689832,-0.0033876923741012646
0.37109954666666645,-0.02226474461252554,-0.003449471467326442
0.3712995466666651,-0.023598130781486266,-0.003511924530126194
0.3714995466666662,-0.021598296117113485,-0.0035750547623698255
0.37169954666666727,-0.025998243952740807,-0.0036388653511990623
0.3718995466666659,-0.022931791371701427,-0.0037033594708718006
0.3720995466666672,-0.02333188629066205,-0.003768540282608993
0.3722995466666674,-0.026931862459622667,-0.0038344109344338835
0.3724995466666674,-0.024398726128583292,-0.0039009745610225077
0.3726995466666665,-0.022265581880877214,-0.003968234283548987
0.37289954666666647,-0.02439893554983783,-0.0040361932095349246
0.3730995466666658,-0.025998968385465157,-0.004104854432696849
0.3732995466666671,-0.02466581538775908,-0.004174221032799653
0.3734995466666666,-0.025599206140052996,-0.004244296075504489
0.37369954666666616,-0.02413268230901372,-0.0043150826122256725
0.3738995466666668,-0.027332680561307637,-0.004386583679983089
0.37409954666666767,-0.023199613813601562,-0.0044588023012562105
0.3742995466666672,-0.027332884149228888,-0.004531741483841878
0.3744995466666663,-0.025599727401522804,-0.004605404220712229
0.3746995466666654,-0.027466419820483423,-0.004679793489872807
0.3748995466666658,-0.02639992307277735,-0.004754912254223427
0.37509954666666756,-0.02333346632507137,-0.004830763461417948
0.37529954666666643,-0.02333355957736529,-0.004907350043725732
0.37549954666666685,-0.024533622412992607,-0.00498467491790048
0.3756995466666673,-0.024533731498619933,-0.005062740985039422
0.37589954666666703,-0.026000435167580452,-0.005141551130451438
0.3760995466666677,-0.027467169253207777,-0.0052211082235255135
0.3762995466666663,-0.026267316255501792,-0.005301415117596427
0.3764995466666652,-0.027334044507795717,-0.005382474649817929
0.3766995466666667,-0.02866743401008964,-0.0054642896410324006
0.3768995466666667,-0.02600096642905026,-0.005546862895639412
0.3770995466666658,-0.02653439218134418,-0.005630197201474474
0.3772995466666669,-0.028801088350304805,-0.005714295329682004
0.3774995466666675,-0.024134689935932124,-0.005799160034588619
0.3776995466666675,-0.02853462652155945,-0.005884794053582927
0.3778995466666666,-0.024534892273853363,-0.005971200106992894
0.3780995466666657,-0.02813483552614729,-0.006058380897966018
0.37829954666666565,-0.028001623361774607,-0.006146339112349457
0.3784995466666674,-0.02600180244740193,-0.00623507741857183
0.3786995466666665,-0.026668554449695847,-0.0063245984675246725
0.3788995466666665,-0.027601972285323177,-0.006414904892451518
0.3790995466666671,-0.028535369287617088,-0.0065059993088295905
0.3792995466666669,-0.028802113789911016,-0.006597884314256588
0.3794995466666673,-0.02586900495887174,-0.006690562488341438
0.37969954666666705,-0.028269017377832356,-0.006784036392590468
0.3798995466666657,-0.02866911729679298,-0.006878308570299252
0.38009954666666657,-0.029335858882420195,-0.006973381546446089
0.38029954666666677,-0.025736099634714217,-0.007069257827579528
0.3804995466666654,-0.02773611830367484,-0.007165939901716879
0.38069954666666717,-0.030002822389302065,-0.007263430238240083
0.3808995466666678,-0.028269644808262683,-0.007361731287786048
0.3810995466666678,-0.02826974931055671,-0.007460845482149797
0.3812995466666671,-0.026003280896183926,-0.007560775234181105
0.3814995466666662,-0.028936604565144547,-0.007661522937684378
0.3816995466666655,-0.02680345865077187,-0.007763090967319528
0.38189954666666703,-0.027736865653065792,-0.00786548167850441
0.38209954666666635,-0.02867025265535981,-0.007968697407314448
0.3822995466666663,-0.027470415490987034,-0.00807274047039291
0.38249954666666697,-0.027203866659947656,-0.00817761316485218
0.38269954666666695,-0.029203888245574974,-0.008283317768179812
0.38289954666666715,-0.027070741914535595,-0.008389856538148867
0.38309954666666646,-0.027070849750162915,-0.008497231712723192
0.3832995466666651,-0.02440439925245684,-0.00860544550996981
0.3834995466666662,-0.026404415004750763,-0.00871450012796959
0.3836995466666673,-0.02800446075704478,-0.008824397744724983
0.3838995466666657,-0.027471259426005402,-0.008935140518074938
0.38409954666666724,-0.02800467684496593,-0.009046730585614088
0.38429954666666744,-0.030138033847259948,-0.009159170064596281
0.3844995466666674,-0.027471561266220565,-0.009272461051860048
0.38469954666666695,-0.028271639101847892,-0.009386605623740404
0.3848995466666665,-0.027738429854141808,-0.009501605835988136
0.3850995466666658,-0.028805171856435732,-0.009617463723687068
0.3852995466666671,-0.026405363442063054,-0.009734181301176325
0.3854995466666664,-0.028405399194356973,-0.009851760561963858
0.38569954666666617,-0.029472122863317594,-0.009970203478657073
0.38589954666666704,-0.026539010698944914,-0.010089512002878602
0.3860995466666677,-0.030538956867905538,-0.010209688065190108
0.3862995466666672,-0.02867247262019946,-0.010330733575016527
0.38649954666666675,-0.02813927378916008,-0.010452650420572768
0.3866995466666652,-0.028406025791454,-0.010575440468785391
0.3868995466666658,-0.03040604404374802,-0.01069910556522419
0.3870995466666678,-0.029206191879375346,-0.010823647534022667
0.387299546666666,-0.027873003465002565,-0.010949068177806503
0.3874995466666671,-0.028006455883963187,-0.011075369277631466
0.3876995466666673,-0.026806616219590507,-0.011202552592899241
0.38789954666666726,-0.030806558221884425,-0.011330619861295823
0.3880995466666668,-0.03014002189084515,-0.011459572798719756
0.38829954666666655,-0.026406943059805673,-0.011589413099213434
0.3884995466666654,-0.031073528395432988,-0.01172014243489394
0.38869954666666695,-0.029873687481060313,-0.01185176245588901
0.3888995466666667,-0.03214035448335424,-0.011984274790262345
0.389099546666666,-0.031340506068981554,-0.01211768104395576
0.3892995466666669,-0.026940778071275477,-0.012251982800720347
0.38949954666666753,-0.0281408296569028,-0.0123871816220478
0.3896995466666673,-0.029740876659196717,-0.012523279047109178
0.3898995466666668,-0.03067427866149064,-0.012660276592689677
0.3900995466666657,-0.029607760247117962,-0.012798175753124887
0.39029954666666566,-0.031607776416078585,-0.012936978000237551
0.3904995466666674,-0.03107457841837251,-0.0130766847832738
0.39069954666666673,-0.027341481670666523,-0.013217297528836628
0.3908995466666665,-0.03080812325629375,-0.013358817640832528
0.39109954666666713,-0.03214151234192107,-0.013501246500402485
0.3912995466666671,-0.029208405177548386,-0.013644585465860991
0.39149954666666775,-0.03094177842984231,-0.013788835872637118
0.3916995466666673,-0.028408663348802928,-0.013933999033210482
0.39189954666666504,-0.029475367851096848,-0.014080076237051521
0.3920995466666666,-0.030675427353390773,-0.014227068750566368
0.3922995466666668,-0.029075581855684794,-0.014374977817022492
0.39249954666666564,-0.028942382191312115,-0.014523804656500574
0.3926995466666665,-0.03134239294360604,-0.014673550465832555
0.3928995466666676,-0.028275942029233257,-0.014824216418535487
0.3930995466666676,-0.03080928694819398,-0.014975803664755346
0.3932995466666669,-0.0324093218671546,-0.015128313331207817
0.39349954666666553,-0.03120947511944852,-0.015281746521116713
0.3936995466666653,-0.026143103371742443,-0.015436104314155949
0.39389954666666704,-0.030943013290703064,-0.015591387766386815
0.39409954666666636,-0.028676567376330384,-0.015747597910194717
0.39429954666666633,-0.030009954795291005,-0.015904735754238283
0.3944995466666674,-0.03147664763091823,-0.016062802283382104
0.3946995466666672,-0.03054347296654555,-0.016221798458635084
0.39489954666666716,-0.03227685121883947,-0.01638172521709531
0.3950995466666667,-0.030943653221133495,-0.016542583471884333
0.3952995466666651,-0.02974381147342741,-0.016704374112087892
0.3954995466666664,-0.032810478892388036,-0.016867098002698075
0.39569954666666707,-0.03174394839468196,-0.017030755984541256
0.3958995466666655,-0.032677337063642675,-0.01719534887422456
0.3960995466666677,-0.0309442007326032,-0.01736087746407746
0.39629954666666767,-0.03347752648489722,-0.017527342522072886
0.39649954666666765,-0.03147769807052444,-0.017694744791781104
0.3966995466666672,-0.029611223822818465,-0.01786308499229626
0.3968995466666665,-0.030811277908445785,-0.018032363818175842
0.3970995466666658,-0.030811391994073005,-0.018202581939374858
0.3972995466666669,-0.03321140982970033,-0.01837374000118215
0.3974995466666664,-0.028678340998660946,-0.018545838624149272
0.3976995466666662,-0.030011735500954866,-0.018718878404031837
0.39789954666666705,-0.03121178583658219,-0.01889285991171873
0.3980995466666677,-0.033478473672209505,-0.019067783693162227
0.3982995466666672,-0.030412026924503434,-0.01924365026931272
0.3984995466666663,-0.03241206559346405,-0.019420460136049623
0.3986995466666652,-0.033345458012424674,-0.01959821376411094
0.39889954666666605,-0.030812333348051994,-0.019776911599024446
0.3990995466666676,-0.033745657433679216,-0.01995655406103079
0.39929954666666556,-0.032545784852639835,-0.020137141545012508
0.3994995466666671,-0.03214592268826716,-0.02031867442043361
0.3996995466666675,-0.030946077190561083,-0.020501153031243998
0.3998995466666675,-0.031212818359521704,-0.020684577695821
0.4000995466666666,-0.034012838695149025,-0.02086894870688684
0.40029954666666634,-0.03094638903077634,-0.02105426633143529
0.40049954666666543,-0.031346481033070264,-0.0212405308106479
0.40069954666666674,-0.031213267618697485,-0.021427742359823487
0.4008995466666667,-0.0328133087876582,-0.021615901168286482
0.4010995466666665,-0.03361337037328543,-0.02180500739931683
0.4012995466666669,-0.034680097792246053,-0.02199506119006293
0.40149954666666776,-0.03241362479453998,-0.022186062651457467
0.4016995466666673,-0.03521363346350069,-0.02237801186813176
0.4018995466666664,-0.030947229632461215,-0.022570908898334484
0.4020995466666657,-0.03214728788475524,-0.022764753773841084
0.4022995466666659,-0.03281403822038246,-0.022959546499865868
0.40249954666666743,-0.03068089230600978,-0.023155287054971708
0.4026995466666663,-0.031080977641637097,-0.02335197539097485
0.40289954666666694,-0.03308100714393102,-0.023549611432864624
0.40309954666666736,-0.03121451997955834,-0.02374819507869533
0.4032995466666671,-0.034281158231852266,-0.023947726199498295
0.4034995466666671,-0.033481312317479583,-0.024148204639185204
0.4036995466666664,-0.03108150306977351,-0.02434963021444574
0.4038995466666653,-0.03374817173873412,-0.024552002714651595
0.4040995466666666,-0.03548155540769475,-0.02475532190175521
0.404299546666667,-0.03174845740998877,-0.024959587510179446
0.40449954666666565,-0.033615163578949385,-0.025164799246720305
0.40469954666666674,-0.03841508349790991,-0.02537095679044399
0.4048995466666676,-0.03348202800020394,-0.025578059792566114
0.4050995466666676,-0.03454877708583115,-0.02578610787635212
0.40529954666666645,-0.034282206171458475,-0.025995100637003072
0.4054995466666651,-0.035082283590419094,-0.02620503764154424
0.4056995466666655,-0.03388243017604642,-0.026415918428709474
0.4058995466666673,-0.03428253301167364,-0.026627742508821595
0.4060995466666668,-0.03334933543063426,-0.02684050936367222
0.4062995466666668,-0.03628267826626158,-0.02705421844641194
0.4064995466666672,-0.0346828302685555,-0.027268869181418406
0.40669954666666674,-0.03441627977084953,-0.0274844609641737
0.4068995466666674,-0.037082944273143445,-0.02770099316114355
0.4070995466666669,-0.037083057108770766,-0.02791846510964037
0.4072995466666651,-0.03255001244439809,-0.02813687611770091
0.40749954666666643,-0.03535001194669201,-0.02835622546395733
0.40769954666666686,-0.03601673186565263,-0.02857651239748784
0.4078995466666655,-0.03401692470127986,-0.028797736137694794
0.40809954666666726,-0.03868351087024057,-0.029019895874168287
0.4082995466666679,-0.037083693289201095,-0.02924299076653065
0.4084995466666681,-0.03468389612482842,-0.02946701994430896
0.40869954666666697,-0.03615060062712234,-0.029691982506784283
0.40889954666666606,-0.03641737262941626,-0.029917877522849183
0.4090995466666656,-0.036017484215043576,-0.0301447040308549
0.4092995466666671,-0.0377508591340043,-0.03037246103846397
0.4094995466666669,-0.03921755655296483,-0.030601147522489082
0.4096995466666664,-0.03401787355525884,-0.03083076242875042
0.40989954666666706,-0.03575124555755276,-0.031061304671912114
0.41009954666666704,-0.03575135880984669,-0.03129277313531843
0.4102995466666668,-0.037084741645474005,-0.031525166670838954
0.4104995466666663,-0.03575156656443463,-0.03175848409870046
0.41069954666666475,-0.03721826398339524,-0.03199272420732041
0.41089954666666606,-0.03841834515235587,-0.03222788575314498
0.4110995466666678,-0.03601852507131649,-0.032463967460463976
0.4112995466666658,-0.038951835823610406,-0.03270096802124294
0.4114995466666671,-0.03841866365923773,-0.0329388860949641
0.4116995466666675,-0.038685393578198356,-0.03317772030841916
0.4118995466666675,-0.04175206849715898,-0.03341746925554967
0.4120995466666668,-0.0357524100827863,-0.03365813149725581
0.4122995466666659,-0.039485704585080224,-0.033899705561215
0.41249954666666544,-0.04081908950404084,-0.034142189941690874
0.41269954666666697,-0.03868594983966816,-0.03438558309934631
0.41289954666666717,-0.037619420591962084,-0.034629883461042114
0.4130995466666665,-0.0381528217609227,-0.03487508941965284
0.41329954666666735,-0.038686251263216724,-0.03512119933386793
0.41349954666666777,-0.04081961118217735,-0.0353682115279826
0.4136995466666673,-0.039219766517804566,-0.03561612429170363
0.4138995466666664,-0.03735327477009849,-0.03586493587994338
0.4140995466666648,-0.040686597605725815,-0.036114644512609886
0.4142995466666659,-0.04241996335801973,-0.03636524837440343
0.41449954666666744,-0.038286902443647054,-0.03661674561459186
0.4146995466666663,-0.041753522779274375,-0.036869134346802064
0.4148995466666672,-0.042020294781568296,-0.03712241264881244
0.4150995466666674,-0.04055379511719562,-0.0373765785623166
0.4152995466666676,-0.03988725461948954,-0.0376316300927108
0.4154995466666669,-0.04042067287178356,-0.03788756520886683
0.4156995466666664,-0.04082076070741078,-0.03814438184290619
0.4158995466666653,-0.04388741187637141,-0.03840207788996652
0.41609954666666704,-0.04335421346199872,-0.03866065120797789
0.416299546666667,-0.04122107546429264,-0.03892009961741102
0.4164995466666661,-0.04428771704991996,-0.039180420901057764
0.4166995466666663,-0.041221265302213886,-0.03944161280378642
0.4168995466666676,-0.04255466147117451,-0.039703673032293975
0.4170995466666674,-0.044421363473468534,-0.03996659925486296
0.41729954666666647,-0.04482143630909575,-0.04023038910111953
0.4174995466666651,-0.043488284144723076,-0.04049504016178075
0.41769954666666576,-0.04282174114701699,-0.04076054998840462
0.4178995466666675,-0.045088415232644216,-0.04102691609312938
0.41809954666666704,-0.04375523473493824,-0.041294135948416986
0.4182995466666668,-0.04428866548723216,-0.04156220698680544
0.4184995466666672,-0.042688836656192775,-0.041831126600635676
0.4186995466666672,-0.0430889361584868,-0.042100892141789144
0.4188995466666676,-0.04348900316078072,-0.04237150092142461
0.4190995466666665,-0.04882224307974124,-0.04264295020970433
0.41929954666666536,-0.045622473832035264,-0.04291523723552927
0.4194995466666669,-0.04628924458432929,-0.04318835918626513
0.4196995466666671,-0.0480225920032899,-0.04346231320745249
0.4198995466666655,-0.04415619275558383,-0.043737096402545375
0.4200995466666666,-0.045089586007877755,-0.04401270583263056
0.4202995466666677,-0.04948950592683837,-0.044289138516129166
0.42049954666666767,-0.045889738762465694,-0.044566391428523165
0.420699546666667,-0.04895641034809301,-0.04484446150206873
0.4208995466666656,-0.05068978235038693,-0.04512334562550229
0.42109954666666516,-0.04722337393601425,-0.045403040643753875
0.42129954666666714,-0.04789009885497487,-0.04568354335764872
0.42149954666666645,-0.05002346419060209,-0.04596485052360429
0.4216995466666664,-0.04922358035956281,-0.04624695885335064
0.4218995466666675,-0.04855703736185674,-0.04652986501361666
0.4220995466666666,-0.05122370311415066,-0.046813565625825476
0.4222995466666677,-0.05015719053311129,-0.047098057265805036
0.4224995466666668,-0.051223928368738604,-0.0473833364634613
0.422699546666665,-0.05469056703769923,-0.0476693997024878
0.42289954666666607,-0.05149079112332654,-0.04795624342005167
0.42309954666666716,-0.05162423562562047,-0.048243864006469
0.42329954666666536,-0.050824380961247695,-0.04853225780489927
0.4234995466666671,-0.050957813796875,-0.04882142111104325
0.42369954666666776,-0.04895795663250233,-0.04911135017279537
0.4238995466666675,-0.05389122155146295,-0.049402041189948495
0.42409954666666727,-0.051758068970423565,-0.04969349031386474
0.4242995466666659,-0.0505582376393842,-0.049985693647149616
0.4244995466666657,-0.05442487714167811,-0.050278647243334695
0.424699546666667,-0.053091690810638734,-0.050572347106544104
0.42489954666666674,-0.053358416146266054,-0.05086678919116357
0.4250995466666665,-0.05429183439855999,-0.05116196940152311
0.42529954666666714,-0.0537586222341873,-0.05145788359155803
0.4254995466666671,-0.05415869673648122,-0.051754527564474566
0.4256995466666671,-0.053492182905441846,-0.05205189707242133
0.4258995466666664,-0.05229234115773576,-0.05234998781614954
0.42609954666666505,-0.055892296076696484,-0.052648795444680006
0.4262995466666659,-0.05322584349565701,-0.05294831555496714
0.4264995466666677,-0.05495920716461773,-0.05324854369154974
0.4266995466666661,-0.05402601041691165,-0.053549475346212426
0.4268995466666674,-0.05495942450253888,-0.05385110595766448
0.4270995466666676,-0.056959444421499486,-0.05415343091116481
0.42729954666666736,-0.059226138090460116,-0.05445644553820226
0.4274995466666669,-0.058026282592754136,-0.05476014511614196
0.4276995466666662,-0.05629313209504805,-0.05506452486788008
0.4278995466666653,-0.05482661784734207,-0.0553695799614979
0.4280995466666666,-0.057759944016302606,-0.055675305509918185
0.4282995466666668,-0.058426678935263224,-0.055981696570543346
0.42849954666666634,-0.05856011260422384,-0.056288748144922164
0.428699546666667,-0.05696029710651776,-0.05659645517839631
0.4288995466666674,-0.05802701077547848,-0.05690481255974223
0.4290995466666674,-0.0578938077777724,-0.057213815120827446
0.4292995466666665,-0.06056047436339963,-0.05752345763625746
0.4294995466666651,-0.05922728136569355,-0.05783373482302472
0.42969954666666577,-0.058960735867987564,-0.0581446413401592
0.4298995466666675,-0.06149407662028149,-0.05845617178836677
0.4300995466666664,-0.058294312372575416,-0.058768320709676955
0.43029954666666703,-0.06082764895820273,-0.05908108258710848
0.4304995466666677,-0.06042778096049675,-0.059394451844292484
0.4306995466666672,-0.06069453462945737,-0.05970842284513068
0.43089954666666674,-0.062294565798418,-0.06002298989344404
0.4310995466666665,-0.06669450113404522,-0.06033814723261525
0.43129954666666515,-0.06269476313633923,-0.06065388904523479
0.4314995466666669,-0.06242819763863316,-0.060970209452759154
0.4316995466666671,-0.06269498505759379,-0.06128710251513537
0.4318995466666655,-0.0642950283098878,-0.061604562230470436
0.43209954666666706,-0.06616172531218172,-0.06192258253468007
0.4322995466666677,-0.06469520731447564,-0.06224115730111575
0.4324995466666677,-0.06576194473343626,-0.06256028034023438
0.4326995466666663,-0.06429543965239688,-0.06287994539924058
0.43289954666666497,-0.06642879332135751,-0.06320014616174198
0.4330995466666654,-0.06749553699031813,-0.0635208762473973
0.43329954666666715,-0.06749564690927874,-0.06384212921156573
0.4334995466666669,-0.06896234807823938,-0.06416389854495744
0.4336995466666669,-0.0662958838305333,-0.06448617767330342
0.4338995466666675,-0.0690958749994939,-0.06480895995699665
0.43409954666666706,-0.06829602116845464,-0.06513223869075022
0.4342995466666677,-0.06549622692074855,-0.06545600710326359
0.434499546666667,-0.07029615100637587,-0.0657802583568678
0.434699546666665,-0.06936294009200311,-0.06610498554719806
0.4348995466666663,-0.06762979417763042,-0.06643018170285911
0.43509954666666695,-0.06722989742992444,-0.06675583978506677
0.43529954666666537,-0.07242982484888505,-0.06708195268733179
0.4354995466666669,-0.06736346726784559,-0.06740851323513303
0.4356995466666682,-0.0713634076034729,-0.06773551418556255
0.4358995466666675,-0.07296344335576682,-0.06806294822701103
0.43609954666666706,-0.06949701702472755,-0.06839080797884613
0.4362995466666657,-0.07456360527702147,-0.06871908599107357
0.436499546666665,-0.07323042519598208,-0.06904777474402576
0.4366995466666672,-0.07309720011494271,-0.0693768666480355
0.4368995466666663,-0.07589719420057003,-0.06970635404310578
0.4370995466666665,-0.07669725078619724,-0.0700362291986201
0.43729954666666737,-0.07256420612182458,-0.0703664843130091
0.4374995466666671,-0.0741642352074519,-0.07069711151344042
0.4376995466666671,-0.07536432762641243,-0.07102810285552189
0.43789954666666664,-0.07256450629537305,-0.07135945032298434
0.43809954666666484,-0.07549783579766706,-0.07169114582738453
0.43829954666666615,-0.07589794904996107,-0.07202318120781248
0.438499546666667,-0.0749647456355883,-0.07235554823057543
0.43869954666666544,-0.07629813472121552,-0.07268823858891733
0.4388995466666674,-0.07563157797350956,-0.07302124390274209
0.4390995466666676,-0.07576503330913686,-0.07335455571829282
0.4392995466666678,-0.07669842406143079,-0.07368816550790026
0.4394995466666669,-0.078165149397058,-0.07402206466968546
0.43969954666666644,-0.07936520014935203,-0.07435624452729368
0.43989954666666553,-0.07816534840164605,-0.07469069632961205
0.44009954666666706,-0.07989871165393997,-0.07502541125051375
0.4402995466666666,-0.0790988811562339,-0.07536038038857133
0.44049954666666635,-0.08296547899186112,-0.0756955947668225
0.4406995466666672,-0.08229896432748852,-0.07603104533249712
0.4408995466666681,-0.07629928007978236,-0.07636672295676739
0.4410995466666672,-0.08203249958207638,-0.07670261843449748
0.4412995466666665,-0.08429919075103699,-0.07703872248401106
0.4414995466666649,-0.08203270525333092,-0.07737502574683801
0.441699546666666,-0.08309944433895824,-0.07771151878749398
0.44189954666666753,-0.08323286467458556,-0.07804819209323226
0.4420995466666666,-0.0845662604268795,-0.07838503607382755
0.44229954666666704,-0.0853663320125068,-0.07872204106136682
0.4424995466666677,-0.08683305443146742,-0.07905919731001722
0.44269954666666744,-0.08669983601709465,-0.07939649499581992
0.4428995466666663,-0.08496665176938857,-0.07973392421649109
0.4430995466666665,-0.08736668918834918,-0.080071474991221
0.4432995466666654,-0.08550020119064322,-0.0804091372604682
0.4434995466666669,-0.08683359444293723,-0.08074690088579073
0.4436995466666669,-0.08856696227856445,-0.0810847556496376
0.4438995466666662,-0.08723378428085839,-0.0814226912551922
0.44409954666666684,-0.0889671550331524,-0.08176069732619472
0.4442995466666677,-0.08736730203544632,-0.0820987634067688
0.44449954666666724,-0.08723409987107364,-0.08243687896126545
0.44469954666666656,-0.08950079520670086,-0.0827750333741145
0.4448995466666652,-0.09150081054232818,-0.0831132159496693
0.44509954666666585,-0.08883433837795551,-0.083451415912073
0.4452995466666676,-0.08963442746358273,-0.08378962240511262
0.4454995466666669,-0.09203442863254334,-0.08412782449209023
0.4456995466666669,-0.09296783938483727,-0.08446601115571832
0.4458995466666671,-0.08936807847046459,-0.08480417129798482
0.44609954666666707,-0.0925680629727585,-0.0851422937400525
0.4462995466666675,-0.08883497330838583,-0.08548036722215646
0.4464995466666666,-0.09110166114401315,-0.08581838040350519
0.446699546666665,-0.09070179231297378,-0.08615632186219921
0.4468995466666663,-0.09270181181526768,-0.08649418009515197
0.44709954666666696,-0.09496848631756172,-0.08683194351799851
0.4472995466666656,-0.09390197248652234,-0.08716960046504542
0.4474995466666667,-0.09550202198881616,-0.08750713918921844
0.4476995466666678,-0.09643542565777688,-0.08784454786198807
0.44789954666666754,-0.0948355572434042,-0.08818181457334145
0.44809954666666685,-0.09176913049569801,-0.08851892733174706
0.44829954666666527,-0.09470246583132545,-0.08885587406412061
0.44849954666666525,-0.09630251575028596,-0.08919264261581158
0.448699546666667,-0.09603596108591328,-0.08952922075058405
0.4488995466666663,-0.09550276058820731,-0.08986559615060626
0.4490995466666663,-0.09923603092383453,-0.09020175641647697
0.4492995466666676,-0.09456964542612845,-0.09053768906721926
0.44949954666666714,-0.09790297617842247,-0.09087338154030059
0.4496995466666671,-0.09803640734738309,-0.09120882119167618
0.44989954666666687,-0.0971032389330103,-0.09154399529581349
0.4500995466666653,-0.09870326926863764,-0.09187889104574269
0.4502995466666664,-0.09830338918759826,-0.09221349555312061
0.45049954666666703,-0.09723684410655888,-0.0925477958482753
0.4506995466666657,-0.0977702561088529,-0.09288177888029206
0.450899546666667,-0.10030360227781351,-0.09321543151710428
0.45109954666666785,-0.09857043011344073,-0.0935487405455598
0.4512995466666676,-0.09883723336573477,-0.0938816926715394
0.4514995466666669,-0.10403711411802868,-0.09421427452006395
0.4516995466666658,-0.1005706819536559,-0.09454647263540958
0.45189954666666554,-0.10030415645594994,-0.09487827348123896
0.45209954666666685,-0.10177083887491055,-0.09520966344073652
0.4522995466666664,-0.10070433546053777,-0.09554062881674934
0.45249954666666636,-0.0983045462128318,-0.09587115583196115
0.45269954666666723,-0.10270445029845911,-0.09620123062904556
0.45289954666666765,-0.10283792980075303,-0.09653083927084422
0.4530995466666674,-0.09897149930304695,-0.09685996774055608
0.4532995466666665,-0.10177146547200767,-0.0971886019419349
0.45349954666666514,-0.1037714953909682,-0.09751672769949415
0.45369954666666623,-0.10110507114326223,-0.09784433075872827
0.45389954666666776,-0.10323840856222284,-0.09817139678632739
0.4540995466666653,-0.10217188223118336,-0.09849791137041866
0.4542995466666673,-0.10390526840014408,-0.09882386002083864
0.4544995466666677,-0.1045720020691047,-0.09914922816934763
0.4546995466666677,-0.10337215615473191,-0.09947400116993244
0.45489954666666677,-0.10697212857369255,-0.09979816429907247
0.4550995466666663,-0.10577226640931987,-0.10012170275603428
0.4552995466666656,-0.10630568632828048,-0.1004446016631664
0.4554995466666667,-0.1068391062472411,-0.10076684606621901
0.45569954666666646,-0.10697253449953513,-0.10108842093465235
0.455899546666666,-0.10457273858516235,-0.10140931116198636
0.4560995466666671,-0.10643942767078968,-0.10172950156613778
0.45629954666666794,-0.1084394463397502,-0.10204897688976995
0.45649954666666726,-0.10417306125871081,-0.10236772180066488
0.45669954666666635,-0.10777305534433815,-0.1026857208921045
0.456899546666665,-0.11003971276329876,-0.10300295868325277
0.4570995466666661,-0.10963983268225938,-0.10331941961956326
0.4572995466666676,-0.10764001635122,-0.10363508807317694
0.4574995466666665,-0.10737346418684732,-0.1039499483433531
0.4576995466666671,-0.10857352410580794,-0.10426398465691504
0.4578995466666671,-0.10857362944143525,-0.1045771811686738
0.4580995466666671,-0.10950703769372919,-0.10488952196190222
0.45829954666666683,-0.1097738038626897,-0.10520099104879654
0.4584995466666666,-0.11097385753165043,-0.10551157237095807
0.45869954666666524,-0.11124063620061106,-0.1058212497998856
0.45889954666666677,-0.10577425528623836,-0.10613000713748592
0.45909954666666697,-0.11097415937186558,-0.10643782811657186
0.4592995466666656,-0.11270752762415961,-0.1067446964014065
0.4594995466666667,-0.10950776629312013,-0.10705059558824498
0.45969954666666757,-0.10910788496208085,-0.10735550920586678
0.4598995466666671,-0.11324118946437478,-0.1076594207161539
0.4600995466666664,-0.11484121188333539,-0.10796231351466534
0.4602995466666653,-0.114441351802296,-0.10826417093122002
0.4604995466666657,-0.11164153630458995,-0.10856497623050065
0.4606995466666677,-0.11044170455688397,-0.1088647126126594
0.4608995466666663,-0.11630824072584459,-0.10916336321393603
0.4610995466666663,-0.1147083877281386,-0.10946091110731643
0.46129954666666717,-0.11430853098043244,-0.10975733930315698
0.4614995466666669,-0.11510858298272633,-0.1100526307498503
0.46169954666666757,-0.11444205540168706,-0.11034676833450542
0.4618995466666669,-0.1140421944873143,-0.11063973488362056
0.4620995466666653,-0.1141756244062749,-0.11093151316378817
0.4622995466666664,-0.11337575224190224,-0.11122208588240597
0.46249954666666704,-0.11190925924419616,-0.11151143568838194
0.4626995466666657,-0.11430925666315678,-0.11179954517288107
0.4628995466666668,-0.1175092394987842,-0.11208639687007586
0.46309954666666764,-0.11350950983441131,-0.11237197325788677
0.46329954666666784,-0.11684280267003863,-0.11265625675876341
0.46349954666666715,-0.11777620675566597,-0.11293922974046666
0.463699546666666,-0.11737632959129328,-0.11322087451686201
0.46389954666666555,-0.11910969534358709,-0.11350117334872734
0.4640995466666671,-0.12070972901254784,-0.11378010844457101
0.4642995466666664,-0.12044319684817505,-0.11405766196145628
0.4644995466666664,-0.11977663551713566,-0.11433381600586169
0.4646995466666677,-0.1219099962694297,-0.11460855263452496
0.4648995466666672,-0.12151015785505691,-0.1148818538553091
0.465099546666667,-0.11964363569068423,-0.1151537016280951
0.4652995466666665,-0.11964374352631155,-0.11542407786566462
0.46549954666666493,-0.11977717844527218,-0.11569296443460823
0.46569954666666624,-0.12084391044756618,-0.1159603431562491
0.4658995466666671,-0.11831078578319343,-0.11622619580755754
0.4660995466666653,-0.11977746736882074,-0.11649050412210264
0.46629954666666706,-0.12271085020444805,-0.1167532497910172
0.4664995466666677,-0.12324422470674187,-0.11701441446393707
0.4666995466666679,-0.12204438379236919,-0.11727397975000185
0.466899546666667,-0.12391109412799653,-0.1175319272188356
0.4670995466666663,-0.12177794821362384,-0.11778823840155389
0.4672995466666656,-0.12217803646591775,-0.11804289479177339
0.46749954666666693,-0.12311144388487849,-0.1182958778466432
0.4676995466666669,-0.12391151630383912,-0.11854716898787314
0.4678995466666662,-0.12137839163946633,-0.11879674960279644
0.46809954666666753,-0.12231178072509363,-0.11904460104542869
0.46829954666666795,-0.12271186606072088,-0.11929070463753211
0.46849954666666704,-0.1237786022296815,-0.11953504166971213
0.46869954666666636,-0.1269785921486421,-0.11977759340251261
0.4688995466666652,-0.12537877165093603,-0.12001834106752153
0.4690995466666661,-0.12431223823656336,-0.12025726586849703
0.4692995466666676,-0.12471230732219057,-0.12049434898249128
0.46949954666666605,-0.12391245349115128,-0.12072957156099606
0.46969954666666713,-0.1251125154934452,-0.12096291473111305
0.4698995466666671,-0.12497929124573914,-0.12119435959669635
0.4700995466666671,-0.12711263283136637,-0.12142388723954906
0.4702995466666666,-0.12617945775032696,-0.12165147872060322
0.47049954666666616,-0.1289794668359543,-0.12187711508112464
0.4706995466666657,-0.12711296717158163,-0.12210077734392179
0.47089954666666656,-0.12444648875720894,-0.12232244651457119
0.4710995466666672,-0.12644652825950298,-0.12254210358264575
0.47129954666666607,-0.1259133160951301,-0.12275972952296246
0.4714995466666667,-0.1264467564307574,-0.12297530529684407
0.47169954666666736,-0.12698016093305142,-0.12318881185337298
0.4718995466666671,-0.12631362293534545,-0.12340023013067482
0.47209954666666665,-0.12618038660430597,-0.1236095410572068
0.4722995466666653,-0.12804710443993328,-0.12381672555305284
0.4724995466666655,-0.1288471793588938,-0.12402176453123495
0.4726995466666677,-0.12471409677785454,-0.12422463889902796
0.4728995466666668,-0.12791408336348176,-0.12442532955928418
0.473099546666667,-0.1269808936991091,-0.12462381741178744
0.4732995466666674,-0.12618103778473638,-0.12482008335458686
0.4734995466666667,-0.12911436228703033,-0.1250141082853614
0.47369954666666714,-0.13284765762265766,-0.1252058731027916
0.4738995466666669,-0.12858123920828485,-0.12539535870793114
0.4740995466666651,-0.1295146620439123,-0.1255825460055988
0.47429954666666685,-0.1291147486295395,-0.1257674159057819
0.4744995466666668,-0.1292481802151667,-0.1259499493250266
0.4746995466666657,-0.13004829305079404,-0.1261301271878697
0.4748995466666668,-0.13191497421975457,-0.12630793042826147
0.4750995466666674,-0.131381762055382,-0.1264833399909915
0.4752995466666676,-0.13031525239100922,-0.12665633683313957
0.4754995466666665,-0.13418186189330306,-0.12682690192552581
0.4756995466666656,-0.13084875014559724,-0.12699501625417234
0.4758995466666651,-0.1312488604812244,-0.1271606608217713
0.4760995466666671,-0.1345821754001851,-0.1273238166491639
0.47629954666666663,-0.12951580656914571,-0.1274844647768197
0.4764995466666666,-0.13071588648810625,-0.12764258626634334
0.47669954666666725,-0.13111594057373377,-0.127798162201967
0.47689954666666656,-0.1289828038260276,-0.12795117369206213
0.477099546666667,-0.1332494074949882,-0.12810160187066189
0.47729954666666674,-0.13191623824728205,-0.1282494278989796
0.47749954666666583,-0.13164966608290943,-0.12839463296694734
0.4776995466666665,-0.13098316225187007,-0.12853719829475507
0.4778995466666671,-0.134583089254164,-0.1286771051343946
0.47809954666666554,-0.1321833066731247,-0.1288143347712161
0.4782995466666671,-0.13245007700875183,-0.12894886852549475
0.4784995466666675,-0.13391677151104575,-0.12908068775398762
0.47869954666666725,-0.13285025559667316,-0.12920977385151683
0.478899546666667,-0.13525027926563368,-0.12933610825254926
0.4790995466666661,-0.13445041668459443,-0.12945967243278078
0.4792995466666661,-0.13271725993688832,-0.12958044791073325
0.47949954666666716,-0.13458396193918237,-0.12969841624935083
0.4796995466666665,-0.1328507922748096,-0.12981355905760456
0.47989954666666645,-0.1349841359437702,-0.1299258579921071
0.4800995466666671,-0.13458427127939743,-0.13003529475872483
0.4802995466666673,-0.13191783244835806,-0.1301418511141997
0.48049954666666683,-0.13311784361731885,-0.1302455088677769
0.48069954666666637,-0.1352512010362793,-0.13034624988283536
0.4808995466666657,-0.13311809137190672,-0.13044405607852405
0.4810995466666661,-0.1351181071242006,-0.13053890943140245
0.48129954666666763,-0.13445157995982784,-0.1306307919770847
0.4814995466666656,-0.13205177654545508,-0.1307196858118872
0.48169954666666737,-0.1329851664644157,-0.13080557309448942
0.4818995466666671,-0.1324519651333765,-0.13088843604757927
0.48209954666666754,-0.13631860755233705,-0.13096825695952274
0.48229954666666686,-0.13405207830463095,-0.13104501818602382
0.4824995466666664,-0.1329855848902582,-0.13111870215179344
0.4826995466666657,-0.1311191052258855,-0.13118929135221832
0.4828995466666668,-0.13498571389484612,-0.13125676835503644
0.4830995466666663,-0.13618579173047343,-0.1313211158020093
0.4832995466666661,-0.13405262414943409,-0.1313823164106044
0.48349954666666717,-0.13311944281839477,-0.13144035297567377
0.4836995466666678,-0.1321862535706886,-0.13149520837113648
0.4838995466666671,-0.13578621015631592,-0.1315468655516643
0.4840995466666669,-0.13178647632527654,-0.131595307554368
0.4842995466666651,-0.13378650332757047,-0.13164051750048422
0.48449954666666617,-0.1329866303298643,-0.1316824785970669
0.4846995466666677,-0.134719997748825,-0.1317211741386742
0.48489954666666635,-0.13658670141778564,-0.13175658750906122
0.4850995466666672,-0.13512020133674624,-0.1317887021828733
0.4852995466666674,-0.13325372833904037,-0.1318175017273356
0.48549954666666717,-0.1316538649246675,-0.13184296980394708
0.4856995466666665,-0.1325872990102948,-0.13186509017017226
0.48589954666666646,-0.13272070892925553,-0.13188384668113404
0.48609954666666555,-0.13312079926488277,-0.13189922329130524
0.4862995466666673,-0.13338754251717658,-0.1319112040561998
0.48649954666666684,-0.12938784285280389,-0.13191977313406328
0.4866995466666659,-0.13445439402176462,-0.13192491478756224
0.4868995466666668,-0.13285458060739183,-0.13192661338547265
0.48709954666666744,-0.13352134177635247,-0.13192485340436577
0.48729954666666697,-0.13192149127864639,-0.1319196194302935
0.4874995466666665,-0.134854808697607,-0.13191089616047147
0.4876995466666658,-0.13285498861656772,-0.13189866840495953
0.4878995466666658,-0.13312174395219495,-0.13188292108833993
0.4880995466666671,-0.13525509762115545,-0.13186363925139383
0.48829954666666686,-0.12912211212344968,-0.1318408080527739
0.48849954666666684,-0.13098883037574352,-0.13181441277067374
0.48869954666666704,-0.13312218737803733,-0.1317844388044952
0.488899546666667,-0.13272228979699816,-0.13175087167651142
0.4890995466666668,-0.13245573471595867,-0.13171369703352576
0.4892995466666663,-0.1331224754682526,-0.1316729006485273
0.4894995466666665,-0.1328559278872132,-0.13162846842234197
0.48969954666666693,-0.13085612780617395,-0.13158038638527986
0.4898995466666669,-0.13538937980846785,-0.13152864069877715
0.4900995466666658,-0.13058967931076187,-0.13147321765703238
0.4902995466666664,-0.13232305631305583,-0.13141410368863857
0.4904995466666675,-0.134856384148683,-0.13135128535821167
0.49069954666666704,-0.13338988448431024,-0.13128474936801052
0.4908995466666668,-0.1299234589866043,-0.13121448255955098
0.49109954666666567,-0.1315234989055649,-0.1311404719152172
0.4912995466666652,-0.1301903242411922,-0.13106270455986216
0.4914995466666672,-0.13112373582681944,-0.13098116776240562
0.4916995466666665,-0.13325708199578004,-0.1308958489374262
0.49189954666666647,-0.12965731566474079,-0.1308067356467379
0.4920995466666671,-0.1316573351670346,-0.13071381560096954
0.4922995466666671,-0.13152411508599532,-0.13061707666113365
0.4924995466666666,-0.13125757792162263,-0.13051650684018348
0.4926995466666666,-0.13019104575724996,-0.13041209430456654
0.4928995466666657,-0.13059113942621048,-0.13030382737576993
0.49309954666666655,-0.1308578760118378,-0.13019169453185317
0.49329954666666676,-0.12792478176413183,-0.13007568440897913
0.4934995466666654,-0.13152477459975903,-0.12995578580292946
0.49369954666666716,-0.13232481951871966,-0.12983198767061072
0.49389954666666736,-0.133258246104347,-0.12970427913156327
0.4940995466666671,-0.1324583776899741,-0.12957264946944166
0.49429954666666687,-0.12592540219226822,-0.1294370881334992
0.4944995466666662,-0.12752543044456227,-0.12929758474005834
0.49469954666666593,-0.13325865119685606,-0.1291541290739689
0.49489954666666724,-0.13245879653248338,-0.12900671109005807
0.4950995466666668,-0.13059232103477733,-0.1288553209145727
0.4952995466666663,-0.12805914887040462,-0.12869994884660022
0.49549954666666696,-0.12792594962269865,-0.12854058535948842
0.4956995466666678,-0.12832602370832588,-0.12837722110225228
0.4958995466666667,-0.1316593140439531,-0.12820984690096668
0.49609954666666645,-0.12899288271291381,-0.12803845376014183
0.4962995466666651,-0.12979296554854106,-0.12786303286410197
0.4964995466666664,-0.12832645171750165,-0.12768357557833193
0.4966995466666675,-0.12845988621979568,-0.12750007345083303
0.4968995466666659,-0.127659996555423,-0.12731251821344805
0.4970995466666672,-0.13072663689105013,-0.1271209017831727
0.4972995466666672,-0.12819353639334424,-0.12692521626347705
0.4974995466666674,-0.12672702714563808,-0.12672545394558274
0.4976995466666665,-0.12926037748126548,-0.126521607309749
0.49789954666666647,-0.1260606011502261,-0.12631366902653093
0.498099546666666,-0.12432742856918662,-0.12610163195803506
0.4982995466666671,-0.12726075057148065,-0.1258854891591485
0.4984995466666666,-0.12606091924044127,-0.12566523387876885
0.4986995466666664,-0.12592769415940192,-0.12544085956099926
0.498899546666667,-0.12926099616169592,-0.1252123598463452
0.49909954666666745,-0.12566123316398983,-0.12497972857289195
0.499299546666667,-0.12606135183295047,-0.12474295977746154
0.4994995466666663,-0.12726139216857776,-0.12450204769675692
0.4996995466666656,-0.12499492750420502,-0.12425698676849135
0.49989954666666647,-0.12379507783983233,-0.12400777163250043
0.5000995466666671,-0.12592841275879293,-0.1237543971318425
0.5002995466666669,-0.12499522892775358,-0.12349685831387373
0.5004995466666669,-0.12046220093004749,-0.12323515043131043
0.5006995466666673,-0.12366216959900811,-0.12296926894327745
0.5008995466666668,-0.12432890618463543,-0.12269920951633856
0.501099546666667,-0.12072915693692944,-0.12242496802550229
0.5012995466666663,-0.12632903893922345,-0.12214654055522337
0.5014995466666656,-0.12192933052485061,-0.12186392340037235
0.5016995466666672,-0.11859621419381121,-0.1215771130671942
0.5018995466666669,-0.12139620827943853,-0.12128610627426056
0.5020995466666658,-0.11872976528173246,-0.12099089995337488
0.5022995466666669,-0.12152974561735987,-0.12069149125047997
0.5024995466666675,-0.1192632805363204,-0.12038787752655464
0.5026995466666668,-0.11713013295528102,-0.12008005635846794
0.5028995466666659,-0.12313000954090823,-0.11976802553982627
0.5030995466666659,-0.12033021279320225,-0.11945178308180288
0.5032995466666657,-0.1195303514621629,-0.11913132721395109
0.5034995466666674,-0.11993046263112352,-0.11880665638498218
0.5036995466666665,-0.11833060546675081,-0.11847776926355202
0.5038995466666667,-0.11753074080237816,-0.11814466473898433
0.5040995466666671,-0.11659752780467207,-0.11780734192202144
0.5042995466666669,-0.11726428730696598,-0.11746580014552405
0.5044995466666664,-0.11766438389259332,-0.11712003896515802
0.5046995466666666,-0.11646453422822074,-0.11677005816006254
0.5048995466666659,-0.11366475331384784,-0.11641585773350187
0.5050995466666668,-0.11766469698280849,-0.1160574379134796
0.505299546666667,-0.11566487856843581,-0.11569479915335955
0.5054995466666654,-0.1171316147373963,-0.11532794213243679
0.5056995466666669,-0.11393182257302364,-0.11495686775649264
0.5058995466666678,-0.11539854957531766,-0.11458157715836034
0.5060995466666671,-0.11393204532761148,-0.11420207169842451
0.5062995466666669,-0.1100656385799055,-0.1138183529651151
0.506499546666666,-0.11193230433219951,-0.11343042277539607
0.5066995466666655,-0.11153244050116015,-0.11303828317520682
0.506899546666667,-0.11553239458678738,-0.11264193643989609
0.5070995466666663,-0.11006605658908139,-0.1122413850746431
0.5072995466666663,-0.1117994181747087,-0.11183663181481679
0.5074995466666672,-0.11113289809366925,-0.11142767962635879
0.5076995466666672,-0.10873308342929655,-0.11101453170612272
0.5078995466666667,-0.10926649209825717,-0.110597191482182
0.5080995466666662,-0.1080666507672178,-0.11017566261412996
0.5082995466666655,-0.10660013651951182,-0.1097499489933513
0.5084995466666664,-0.10566696477180573,-0.10932005474326535
0.5086995466666673,-0.10553375052409955,-0.10888598421956236
0.5088995466666657,-0.10606711419306038,-0.10844774201039839
0.5090995466666672,-0.1048672916120209,-0.1080053329365548
0.5092995466666674,-0.10286747111431482,-0.10755876205163147
0.5094995466666674,-0.10566747061660885,-0.107108034642143
0.5096995466666667,-0.10486761845223616,-0.10665315622764074
0.5098995466666665,-0.10020122003786339,-0.10619413256078894
0.510099546666666,-0.10153460495682401,-0.10573096962743032
0.5102995466666671,-0.09900148404245132,-0.1052636736466113
0.5104995466666664,-0.10326808812807864,-0.1047922510706103
0.5106995466666662,-0.09926834804703927,-0.10431670858489854
0.5108995466666673,-0.1022016637993331,-0.10383705310811811
0.5110995466666679,-0.0971352978849605,-0.10335329179202263
0.511299546666667,-0.09953530905392104,-0.10286543202138283
0.5114995466666663,-0.10006874897288165,-0.10237348141386936
0.5116995466666654,-0.10020215305850898,-0.10187744781992888
0.5118995466666667,-0.09473583006080301,-0.1013773393226113
0.5120995466666678,-0.09753582247976351,-0.1008731642374035
0.5122995466666664,-0.09700260156539094,-0.1003649311120073
0.5124995466666669,-0.09313619565101816,-0.0998526487260878
0.5126995466666675,-0.09593620348664539,-0.0993363260910456
0.512899546666667,-0.0942030184056061,-0.09881597244971682
0.5130995466666659,-0.09566975915790003,-0.09829159727606003
0.5132995466666666,-0.09260331282686064,-0.09776321027482109
0.5134995466666661,-0.09260341482915467,-0.09723082138119322
0.5136995466666672,-0.09100357349811529,-0.09669444076040462
0.5138995466666669,-0.09007038675040921,-0.09615407880733862
0.5140995466666658,-0.09033714083603643,-0.09560974614607604
0.5142995466666669,-0.08887063325499715,-0.09506145362943788
0.5144995466666675,-0.09033734900729097,-0.09450921233852382
0.5146995466666668,-0.08700425434291839,-0.09395303358218353
0.5148995466666664,-0.08380445967854562,-0.09339292889647972
0.5150995466666657,-0.08607116459750613,-0.09282891004414233
0.5152995466666661,-0.08380470284980016,-0.09226098901397303
0.5154995466666674,-0.08500475776876079,-0.09168917802024625
0.5156995466666667,-0.08353824310438811,-0.09111348950207804
0.5158995466666665,-0.08407165260668202,-0.09053393612274568
0.5160995466666671,-0.08313845335897604,-0.08995053076902183
0.5162995466666669,-0.08447184244460326,-0.08936328655046945
0.5164995466666669,-0.08060545986356388,-0.08877221679869185
0.5166995466666668,-0.07713902103252451,-0.08817733506658731
0.5168995466666657,-0.08167226678481854,-0.08757865512756423
0.517099546666667,-0.07887249628711245,-0.08697619097471618
0.517299546666667,-0.07820595828940648,-0.08636995682002625
0.5174995466666656,-0.081139274458367,-0.08575996709347541
0.5176995466666665,-0.07713952104399431,-0.08514623644216199
0.5178995466666676,-0.07767294971295494,-0.08452877972942201
0.5180995466666671,-0.07673976921524896,-0.08390761203388176
0.5182995466666669,-0.07247338705087618,-0.08328274864849217
0.5184995466666658,-0.0720734803031701,-0.08265420507956829
0.518699546666666,-0.07447347813879743,-0.08202199704576593
0.5188995466666673,-0.07060708180775814,-0.08138614047707303
0.5190995466666664,-0.06887392631005196,-0.08074665151375912
0.5192995466666663,-0.07194057914567929,-0.08010354650526808
0.5194995466666674,-0.0683408294813066,-0.07945684200914882
0.5196995466666672,-0.06994086356693394,-0.07880655478993041
0.5198995466666667,-0.07060759848589455,-0.07815270181795485
0.5200995466666665,-0.06980774090485507,-0.07749530026821722
0.5202995466666658,-0.06687461457381569,-0.07683436751917705
0.5204995466666669,-0.06687471449277632,-0.07616992115152257
0.5206995466666668,-0.06580822316173703,-0.07550197894695755
0.5208995466666655,-0.06367505724736425,-0.07483055888691187
0.5210995466666672,-0.06460846966632489,-0.07415567915124541
0.5212995466666679,-0.0659418658352855,-0.07347735811698326
0.521499546666667,-0.06700859325424602,-0.07279561435694072
0.5216995466666667,-0.06500875942320675,-0.07211046663837063
0.5218995466666665,-0.059542411425500666,-0.07142193392160374
0.522099546666666,-0.06087580217779468,-0.07073003535863695
0.5222995466666671,-0.0610092383467552,-0.07003479029170433
0.5224995466666664,-0.060476048265715926,-0.0693362182518574
0.5226995466666662,-0.06114278568467655,-0.06863433895746042
0.5228995466666673,-0.06060954602030377,-0.06792917231272522
0.5230995466666679,-0.05567653135593109,-0.067220738406207
0.5232995466666668,-0.05460998627489171,-0.06650905750925996
0.5234995466666661,-0.05661003702718563,-0.0657941500744742
0.5236995466666654,-0.05461022027947955,-0.0650760367341235
0.5238995466666665,-0.05367702144844027,-0.06435473829855175
0.5240995466666676,-0.054610431367400805,-0.06363027575457957
0.5242995466666656,-0.05114398753636151,-0.06290267026385911
0.5244995466666671,-0.05394398245532204,-0.062171943161176774
0.5246995466666675,-0.05514405445761607,-0.06143811595285339
0.524899546666667,-0.052477599793243374,-0.06070121031498847
0.5250995466666664,-0.049277828878870604,-0.05996124809175961
0.5252995466666663,-0.05194449588116452,-0.059218251293686935
0.5254995466666661,-0.05087798413345854,-0.05847224209588518
0.5256995466666672,-0.045411631135752466,-0.057723242836273184
0.5258995466666667,-0.04714498647137978,-0.056971276013806436
0.5260995466666658,-0.045411838057007006,-0.05621636428663214
0.5262995466666669,-0.04541194589263432,-0.055458530470269385
0.5264995466666678,-0.04634534289492835,-0.05469779753578196
0.5266995466666671,-0.042745584480555675,-0.053934188607890704
0.5268995466666664,-0.041945715232849595,-0.05316772696308054
0.5270995466666657,-0.044479063485143515,-0.05239843602771501
0.5272995466666663,-0.041012636737437436,-0.051626339376105196
0.5274995466666674,-0.03607959040639806,-0.05085146072858659
0.5276995466666663,-0.041012836992025375,-0.05007382394956343
0.5278995466666669,-0.0362131273276526,-0.04929345304550574
0.5280995466666676,-0.03634655474661322,-0.04851037216301035
0.5282995466666669,-0.03581335383224054,-0.047724605586774174
0.5284995466666664,-0.03528013125120116,-0.046936177737566045
0.5286995466666662,-0.03634686658682848,-0.046145113170209306
0.5288995466666655,-0.0338137602557891,-0.04535143657152907
0.529099546666667,-0.03541379225808303,-0.04455517275827134
0.5292995466666666,-0.033013983010376946,-0.0437563466750643
0.5294995466666657,-0.03181413917933757,-0.0429549833922742
0.5296995466666672,-0.03034763493163159,-0.04215110810391443
0.529899546666668,-0.02874779443392551,-0.04134474612555244
0.5300995466666669,-0.02994784435288613,-0.04053592289214382
0.530299546666666,-0.02874801802184675,-0.03972466395587456
0.5304995466666658,-0.024881612107474076,-0.03891099498402114
0.5306995466666662,-0.027681577859768,-0.0380949417567694
0.5308995466666673,-0.02248189694539532,-0.03727653016502571
0.5310995466666666,-0.027148493531022534,-0.03645578620822643
0.5312995466666668,-0.02314874344998326,-0.035632735992095835
0.5314995466666672,-0.022482220868943886,-0.034807405726456506
0.531699546666667,-0.0232823057879045,-0.033979821722982764
0.5318995466666665,-0.020349172373531725,-0.033150010392947654
0.5320995466666665,-0.020349271459159043,-0.03231799824497162
0.532299546666666,-0.019016105544786263,-0.031483811882762815
0.5324995466666669,-0.01634963671374699,-0.03064747800282243
0.5326995466666669,-0.01421649913270761,-0.029809023392186357
0.5328995466666655,-0.01528323155166813,-0.028968474926104062
0.533099546666667,-0.01435003688729545,-0.02812585956572196
0.5332995466666679,-0.015950067222922772,-0.027281204355821254
0.5334995466666674,-0.014216919225216696,-0.02643453642245031
0.5336995466666663,-0.013417058727510716,-0.02558588297060054
0.5338995466666661,-0.012083859063137935,-0.024735271281871456
0.5340995466666658,-0.012617283982098555,-0.023882728712134305
0.5342995466666669,-0.008484226401059178,-0.023028282689163817
0.5344995466666664,-0.0067510650700197995,-0.022171960710303
0.5346995466666666,-0.009017739572313822,-0.021313790340057624
0.5348995466666673,-0.007951211991274342,-0.020453799207755113
0.5350995466666673,-0.008217977326901663,-0.0195920150051601
0.5352995466666668,-0.007418118912528984,-0.018728465484080244
0.5354995466666661,-0.005951610081489608,-0.017863178453983136
0.5356995466666654,-0.005551730833783528,-0.01699618177960189
0.5358995466666667,-0.003151925752744148,-0.016127503378529702
0.5360995466666678,-0.0006188040050381701,-0.015257171218842507
0.5362995466666651,-0.0014188847573320899,-0.01438521331668074
0.5364995466666671,-0.0023522642596260114,-0.013511657733781289
0.5366995466666675,-0.0007524183452533341,-0.012636532575180739
0.5368995466666673,0.0019140242357860455,-0.011759865986705384
0.5370995466666666,0.0013806076501587244,-0.010881686152586839
0.5372995466666666,0.003647075647864803,-0.010002021293035427
0.5374995466666661,0.004980241145570882,-0.009120899661832313
0.5376995466666672,0.003646868726610259,-0.008238349543883278
0.5378995466666665,0.00471339714098294,-0.007354399252832111
0.5380995466666665,0.009113113888689017,-0.006469077128587097
0.5382995466666674,0.009379663136394996,-0.005582411534931878
0.5384995466666678,0.0072463107174343755,-0.004694430857097808
0.5386995466666669,0.010579418298473753,-0.003805163499331171
0.5388995466666664,0.010579304629513234,-0.0029146378824603993
0.5390995466666653,0.012579112210552613,-0.002022882441498301
0.5392995466666666,0.015645572291591792,-0.0011299256231902253
0.539499546666667,0.01297891195596467,-0.00023579588364312917
0.5396995466666661,0.01377877162033735,0.0006594783141322631
0.5398995466666672,0.017645187118043328,0.0015558685026393858
0.5400995466666674,0.015111848865749405,0.0024533462122612363
0.5402995466666671,0.018044951446788783,0.0033518829737105476
0.5404995466666662,0.020711418611161464,0.0042514503204156675
0.5406995466666664,0.01817807660886754,0.005152019790932051
0.540899546666666,0.01937792418990692,0.006053562931310138
0.5410995466666673,0.022977671354279597,0.006956051297525553
0.5412995466666666,0.02204427268531898,0.0078594564578119
0.5414995466666661,0.024977387766358355,0.008763749995098085
0.5416995466666668,0.026310570347397734,0.009668903509348384
0.5418995466666676,0.022577269178437113,0.010574888619928407
0.5420995466666669,0.026310350509476492,0.011481676967967586
0.5422995466666662,0.02604359059051587,0.012389240218737014
0.5424995466666656,0.02817674233822195,0.013297550063968839
0.5426995466666662,0.02937658283592793,0.014206578224211333
0.5428995466666673,0.03084310916696731,0.01511629645114269
0.5430995466666666,0.026309833414673387,0.016026676529897962
0.5432995466666668,0.030442885579046064,0.016937690281411125
0.5434995466666674,0.03230938566008544,0.017849309564683467
0.543699546666667,0.03097600699112482,0.01876150627908848
0.5438995466666667,0.0321758479054976,0.019674252366675107
0.5440995466666665,0.03670890673653688,0.020587519814423857
0.5442995466666658,0.03630882015090966,0.021501280656515614
0.5444995466666669,0.03604205231528234,0.022415506976603765
0.5446995466666666,0.03644193781298842,0.023330170910016768
0.5448995466666655,0.0380417645606944,0.02424524464602957
0.5450995466666668,0.03844163922506717,0.025160700430085916
0.5452995466666677,0.03817489430610655,0.026076510565958458
0.5454995466666672,0.03617486647047923,0.02699264741798443
0.5456995466666663,0.04337446655151861,0.027909083413246605
0.5458995466666663,0.04377436038255799,0.028825791043735484
0.546099546666666,0.04284096796359737,0.029742742868492638
0.5462995466666671,0.04350748679463674,0.030659911515775677
0.5464995466666662,0.04644060062567612,0.031577269685150594
0.5466995466666666,0.047240474873382204,0.03249479014965878
0.5468995466666675,0.04830698537108828,0.033412445757864784
0.5470995466666666,0.04790689545212766,0.0343302094359531
0.5472995466666666,0.04830678261650034,0.03524805418982425
0.5474995466666666,0.04937330061420642,0.03616595310710816
0.5476995466666661,0.054173014445245804,0.037083879359218225
0.5478995466666667,0.05083971077628518,0.038001806203378195
0.5480995466666667,0.05510610085732445,0.03891970698460061
0.5482995466666656,0.05377271843836394,0.039837555137693444
0.5484995466666669,0.05643917310273661,0.04075532418924158
0.5486995466666678,0.056839052767109294,0.04167298775950922
0.5488995466666671,0.05763890284814867,0.04259051956441072
0.5490995466666666,0.05630551834585475,0.0435078934174321
0.5492995466666659,0.058038672176894124,0.04442508323149989
0.5494995466666659,0.059771843091266805,0.045342063020879765
0.5496995466666672,0.059771744422306185,0.04625880690302317
0.5498995466666663,0.06070492325334556,0.04717528910039361
0.5500995466666665,0.06363804875105164,0.04809148394233212
0.5502995466666674,0.06457125049875762,0.04900736586681046
0.5504995466666671,0.0624378947464637,0.049922909422221114
0.5506995466666669,0.06537100774416978,0.050838089269155715
0.5508995466666662,0.06550422324187576,0.051752880182123255
0.5510995466666655,0.06750404707291514,0.05266725705127818
0.5512995466666666,0.06657065757062121,0.053581194884118825
0.5514995466666677,0.0695037568183273,0.05449466880713932
0.5516995466666661,0.07137024273269997,0.05540765406749558
0.5518995466666674,0.07470335114707274,0.05632012603467647
0.5520995466666676,0.07203669414477873,0.05723206020203259
0.5522995466666671,0.07403650547581811,0.05814343218842568
0.5524995466666662,0.07536966514019079,0.059054217739771306
0.5526995466666669,0.07416962105456357,0.0599643927305881
0.5528995466666662,0.07643608988560295,0.060873933165485575
0.5530995466666668,0.07723596663330892,0.06178281518070481
0.5532995466666659,0.07790247713101502,0.06269101504553964
0.5534995466666663,0.08016897596205438,0.06359850916383353
0.553699546666667,0.08110215104309376,0.06450527407535893
0.5538995466666676,0.08003543779079983,0.06541128645723732
0.5540995466666667,0.08323520037183922,0.06631652312530316
0.554299546666666,0.0829684375362119,0.06722096103547484
0.554499546666666,0.08123506845058469,0.06812457728505747
0.5546995466666669,0.08323489061495735,0.06902734911404798
0.5548995466666675,0.08736795902933003,0.06992925390640381
0.5550995466666664,0.08723452744370282,0.07083026919129835
0.555299546666667,0.0873677537747422,0.07173037264436448
0.5554995466666677,0.08830092552244827,0.07262954208885007
0.5556995466666663,0.08936745227015426,0.07352775549681077
0.5558995466666663,0.08790074568452692,0.07442499099028063
0.5560995466666665,0.09163383534889971,0.07532122684234835
0.5562995466666658,0.09110041959660568,0.07621644147826982
0.5564995466666671,0.08950035842764506,0.07711061347655362
0.5566995466666669,0.09510003850868444,0.07800372156995353
0.556899546666666,0.09469994775639053,0.07889574464653093
0.5570995466666668,0.09309990867076319,0.0797866617506283
0.5572995466666677,0.09749962541846918,0.08067645208380302
0.5574995466666668,0.09843285591617536,0.0815650950057762
0.5576995466666661,0.09803276474721473,0.08245257003535927
0.5578995466666661,0.09749931982825401,0.08333885685130259
0.5580995466666665,0.1017657390759601,0.08422393529315225
0.5582995466666676,0.09949902874033277,0.08510778536207672
0.5584995466666665,0.09923227632137226,0.08599038722164602
0.5586995466666669,0.10483196098574493,0.08687172119864144
0.5588995466666673,0.1040318773167843,0.08775176778374223
0.5590995466666666,0.10389844114782369,0.08863050763226246
0.5592995466666664,0.10056514122886306,0.08950792156484101
0.5594995466666668,0.10629814214323584,0.09038399056808472
0.5596995466666661,0.10429811347427512,0.09125869579518686
0.559899546666667,0.1078978835553146,0.09213201856655504
0.5600995466666667,0.10709779196968719,0.09300394037034236
0.5602995466666656,0.10709766913405996,0.09387444286302082
0.5604995466666669,0.10896419046509934,0.09474350786989819
0.5606995466666678,0.11029737471280542,0.09561111738556229
0.5608995466666673,0.1105638989605114,0.09647725357437317
0.5610995466666666,0.10976384070821747,0.09734189877089194
0.5612995466666664,0.11296362328925685,0.09820503548026957
0.5614995466666659,0.11416345128696292,0.09906664637861456
0.5616995466666672,0.11416336886800231,0.09992671431335308
0.5618995466666663,0.1136299601990417,0.10078522230350585
0.5620995466666665,0.11522976694674776,0.10164215354002985
0.5622995466666674,0.11602963577778705,0.10249749138603181
0.5624995466666671,0.11402961460882644,0.10335121937700277
0.5626995466666664,0.1173627067731992,0.1042033212210372
0.5628995466666662,0.11802925560423849,0.10505378079899477
0.5630995466666655,0.12096237360194458,0.10590258216463473
0.563299546666667,0.12016228784965054,0.10674970954475413
0.5634995466666666,0.11962888834735662,0.10759514733922947
0.5636995466666654,0.11816216592839611,0.10843888012112815
0.5638995466666674,0.12376184100943538,0.1092808926367253
0.5640995466666676,0.12336173234047486,0.11012116980545801
0.5642995466666669,0.12229503242151414,0.11095969671996071
0.5644995466666662,0.1254947991692202,0.1117964586459856
0.5646995466666664,0.12269478883359289,0.11263144102232066
0.5648995466666664,0.12429465141463228,0.11346462946067024
0.5650995466666673,0.12642777899567176,0.1142960097455349
0.5652995466666666,0.12616102032671112,0.11512556783402138
0.5654995466666668,0.1294941216577505,0.11595328985568357
0.5656995466666672,0.1282940579887898,0.11677916211226726
0.5658995466666676,0.13002721598649597,0.1176031710774771
0.5660995466666667,0.12896048981753525,0.11842530339669521
0.566299546666666,0.13082694656524133,0.11924554588669073
0.5664995466666656,0.13256013747961398,0.12006388553527382
0.5666995466666669,0.13096009964398667,0.12088030950094958
0.5668995466666673,0.13242660430835945,0.12169480511251037
0.5670995466666662,0.13375978022273213,0.12250735986865006
0.5672995466666673,0.13442632572043822,0.12331796143753587
0.5674995466666672,0.13549284330147748,0.12412659765629717
0.567699546666667,0.13469276088251686,0.12493325653058128
0.5678995466666661,0.14029244846355635,0.12573792623401356
0.5680995466666665,0.13615915604459572,0.1265405951076708
0.5682995466666665,0.1365590265423017,0.12734125165948673
0.5684995466666674,0.1413587599566745,0.1281398845636863
0.5686995466666664,0.13962536337104728,0.12893648266013724
0.5688995466666662,0.13815866928541987,0.12973103495374144
0.5690995466666668,0.14042514603312592,0.1305235306137359
0.5692995466666677,0.1386917636141653,0.13131395897300277
0.5694995466666668,0.1422915253618714,0.13210230952734897
0.5696995466666659,0.14295805752624408,0.13288857193477968
0.5698995466666661,0.14522452760728344,0.1336727360147165
0.570099546666667,0.14349116977165613,0.1344547917471974
0.5702995466666674,0.1454909961026956,0.1352347292720659
0.5704995466666667,0.14642416951706827,0.13601253888813486
0.5706995466666669,0.14735735293144106,0.13678821105233163
0.5708995466666671,0.14735725967914703,0.1375617363787896
0.5710995466666664,0.14815711976018642,0.13833310563795054
0.5712995466666666,0.1484236735912258,0.13910230975563992
0.5714995466666664,0.14869021367226518,0.13986933981209396
0.5716995466666659,0.15002340458663785,0.14063418704099687
0.5718995466666672,0.15068993383434384,0.14139684282848364
0.5720995466666667,0.1553563243320499,0.14215729871209182
0.5722995466666656,0.15268965024642267,0.14291554637975737
0.5724995466666667,0.15082294824412878,0.14367157766874036
0.5726995466666671,0.15388937957516804,0.1444253845645121
0.5728995466666669,0.15322263382287413,0.14517695919968232
0.5730995466666662,0.1548225022372468,0.14592629385286407
0.5732995466666664,0.15508904231828607,0.14667338094753174
0.5734995466666664,0.15735552031599226,0.14741821305084027
0.5736995466666674,0.15735540456369834,0.1481607828724614
0.5738995466666663,0.15815526714473763,0.14890108326334947
0.5740995466666663,0.15975511222577699,0.14963910721456483
0.5742995466666676,0.16162158272348298,0.15037484785599153
0.5744995466666665,0.15988821488785585,0.1511082984550759
0.574699546666666,0.16242134413556192,0.15183945241558805
0.5748995466666664,0.16215459921660122,0.1525683032762903
0.575099546666666,0.16295444346430718,0.15329484470962496
0.5752995466666668,0.16468761479534666,0.1540190705204114
0.5754995466666668,0.16362090154305275,0.15474097464445982
0.5756995466666657,0.16748729912409213,0.1554605511472383
0.575899546666667,0.16775384712179808,0.15617779422249453
0.5760995466666678,0.1677537426195041,0.15689269819082596
0.5762995466666667,0.16695366103387685,0.15760525749829524
0.5764995466666665,0.16895349903158283,0.15831546671501573
0.5766995466666662,0.17002000161262232,0.1590233205336805
0.5768995466666664,0.1717531658603283,0.1597288137681254
0.5770995466666673,0.17081976344136776,0.16043194135185346
0.5772995466666664,0.17015301893907375,0.1611326983365433
0.5774995466666664,0.17255282402011313,0.16183107989057877
0.5776995466666672,0.1725527157678193,0.16252708129751228
0.5778995466666668,0.1737525766821919,0.16322069795454383
0.578099546666667,0.17241916509656458,0.16391192537100738
0.5782995466666658,0.17188575017760394,0.16460075916679598
0.5784995466666656,0.17388557567531004,0.16528719507083145
0.5786995466666669,0.175752084923016,0.1659712289194735
0.5788995466666675,0.17908519833738878,0.16665285665493493
0.5790995466666655,0.17681849841842806,0.16733207432370092
0.5792995466666673,0.17841830808280085,0.16800887807495285
0.5794995466666677,0.17775160108050692,0.1686832641588928
0.5796995466666668,0.1780181103282129,0.16935522892517477
0.5798995466666661,0.17975129665925227,0.17002476882126497
0.5800995466666663,0.18188444007362495,0.17069188039079308
0.5802995466666665,0.18401758890466444,0.17135656027190338
0.5804995466666674,0.18268420065237043,0.17201880519560944
0.5806995466666662,0.1828174132334099,0.17267861198411516
0.5808995466666664,0.18268398956444917,0.17333597754917512
0.5810995466666671,0.18388383922882195,0.173990898890384
0.5812995466666675,0.18615032014319463,0.17464337309350705
0.5814995466666668,0.18375028522423392,0.17529339732878976
0.5816995466666659,0.1844168553052732,0.17594096884926835
0.5818995466666661,0.19214976121964616,0.17658608498906475
0.5820995466666667,0.18614990630068545,0.17722874316167234
0.5822995466666676,0.1882830488817248,0.17786894085825522
0.5824995466666665,0.18694965646276418,0.17850667564592412
0.5826995466666671,0.1880161769604703,0.17914194516604384
0.5828995466666671,0.19041597329150955,0.17977474713247354
0.5830995466666666,0.19201579337254904,0.18040507932986763
0.583299546666666,0.19028242220358843,0.18103293961194347
0.5834995466666666,0.1929488993679612,0.18165832589975245
0.5836995466666659,0.19548202986566726,0.18228123617993203
0.5838995466666672,0.19068211828003986,0.18290166850300396
0.5840995466666667,0.19121532586107934,0.18351962098159946
0.5842995466666661,0.1954817017754521,0.18413509178876195
0.5844995466666667,0.1929484168564914,0.18474807915619557
0.5846995466666676,0.19414819985419737,0.18535858137252
0.5848995466666669,0.19948123535190335,0.18596659678154273
0.585099546666666,0.19548128626627614,0.18657212378053487
0.5852995466666655,0.1948145334306487,0.1871751608184863
0.5854995466666666,0.20041420392835488,0.1877757063943772
0.5856995466666677,0.19934748609272768,0.1883737590554383
0.5858995466666663,0.20188058284043353,0.18896931739542824
0.5860995466666663,0.19988058250480634,0.1895623800529298
0.5862995466666674,0.20334703841917912,0.19015294570959632
0.5864995466666665,0.20201363016688506,0.19074101308843613
0.5866995466666665,0.20001361441459115,0.19132658095212404
0.5868995466666669,0.20374666782896383,0.19190964810126188
0.5870995466666658,0.2041465770766698,0.19249021337267708
0.5872995466666673,0.204013128824376,0.19306827563774306
0.5874995466666668,0.2057463009887487,0.19364383380063868
0.5876995466666657,0.20441291148645485,0.19421688679669952
0.5878995466666668,0.2081459882341608,0.1947874335907203
0.5880995466666681,0.2050793399818668,0.19535547317525573
0.588299546666667,0.20667915922957278,0.19592100456896105
0.5884995466666667,0.20947896972727886,0.19648402681494495
0.5886995466666662,0.20841222772498494,0.19704453897908056
0.588899546666666,0.20881213030602422,0.19760254014837228
0.5890995466666673,0.21027861455373031,0.19815802942931054
0.5892995466666664,0.21067849213476977,0.19871100594622026
0.5894995466666668,0.21294498221580904,0.19926146883966994
0.5896995466666672,0.2122782206301818,0.1998094172648202
0.5898995466666668,0.20841160779455453,0.20035485038983042
0.5900995466666663,0.2142779478755939,0.20089776739426518
0.5902995466666665,0.21161124253996658,0.20143816746749976
0.5904995466666656,0.21427772345433915,0.2019760498071363
0.5906995466666671,0.21401097228537863,0.20251141361745767
0.5908995466666669,0.21561079319975152,0.20304425810783558
0.5910995466666655,0.2140107570307907,0.2035745824912198
0.5912995466666671,0.21614389586183017,0.20410238598259958
0.5914995466666677,0.21667710927620296,0.20462766779745228
0.5916995466666668,0.21654367477390893,0.2051504271502637
0.5918995466666666,0.2181435219382815,0.205670663253029
0.5920995466666663,0.21894336910265438,0.20618837531375314
0.5922995466666665,0.21507674335036045,0.2067035625349906
0.5924995466666674,0.21720988676473324,0.2072162241123832
0.5926995466666665,0.21907637809577252,0.20772635923320903
0.5928995466666662,0.2193429385934786,0.20823396707497185
0.5930995466666671,0.22107608200785128,0.2087390468039665
0.5932995466666675,0.22360921250555726,0.2092415975738766
0.5934995466666668,0.21894264091992993,0.209741618524396
0.5936995466666659,0.2209424555843027,0.21023910877985558
0.5938995466666654,0.2241422306653421,0.2107340674478636
0.5940995466666668,0.22374214449638147,0.21122649361796544
0.5942995466666674,0.22400871249408735,0.21171638636030715
0.594499546666666,0.22587515757512694,0.2122037447243358
0.5946995466666671,0.2253417722394996,0.21268856773752165
0.5948995466666676,0.22454168815387227,0.21317085440404215
0.5950995466666669,0.22467488448491196,0.21365060370355093
0.595299546666666,0.22787467873261785,0.21412781458992955
0.5954995466666666,0.2273412638136572,0.21460248599005916
0.5956995466666664,0.2260078959780298,0.2150746168026006
0.5958995466666674,0.22680771147573578,0.21554420589682324
0.5960995466666668,0.22600766322344196,0.21601125211140806
0.5962995466666663,0.23134068705448144,0.21647575425331603
0.5964995466666667,0.22987398213552082,0.21693771109663676
0.5966995466666674,0.2296072047165601,0.21739712138146797
0.5968995466666669,0.23414024854759938,0.21785398381281854
0.5970995466666662,0.23067364112863886,0.21830829705953217
0.5972995466666655,0.2289402449596782,0.21876005975321897
0.5974995466666668,0.2336066367073844,0.21920927048721658
0.5976995466666677,0.2317399442884236,0.21965592781555435
0.597899546666667,0.22920658811946296,0.22010003025195926
0.598099546666667,0.23240635695050235,0.22054157626887724
0.5982995466666672,0.23280625244820852,0.2209805642964942
0.5984995466666665,0.2330728196125812,0.22141699272179502
0.5986995466666662,0.23467262094362049,0.221850859887647
0.5988995466666664,0.23080601435799325,0.22228216409188545
0.599099546666666,0.23160590902236602,0.2227109035864309
0.5992995466666673,0.23480566410340542,0.2231370765764352
0.599499546666667,0.2322722933511115,0.22356068121941922
0.5996995466666659,0.23320549468215077,0.2239817156244708
0.5998995466666668,0.23840518809652347,0.22440017785144029
0.6000995466666672,0.23547186109422955,0.2248160659101448
0.6002995466666667,0.237871668675269,0.22522937775962407
0.600499546666666,0.2353383570896417,0.22564011130740144
0.600699546666666,0.23907141300401435,0.22604826440876521
0.6008995466666662,0.23720471391838693,0.22645383486607082
0.6010995466666675,0.23600464399942644,0.22685682042807367
0.6012995466666666,0.2409376649137992,0.22725721878926453
0.6014995466666668,0.23733772541150516,0.22765502758926326
0.6016995466666673,0.24160411049254468,0.22805024441218782
0.6018995466666663,0.23720416932358393,0.22844286678607503
0.6020995466666663,0.24240388357128992,0.22883289218232508
0.6022995466666663,0.2425371086523293,0.22922031801514572
0.6024995466666658,0.24227034373336886,0.2296051416410382
0.6026995466666669,0.24080364923107475,0.22998736035830328
0.6028995466666671,0.24240345222878085,0.23036697140655082
0.6030995466666658,0.2416033968931534,0.23074397196625898
0.6032995466666671,0.24426986155752628,0.23111835915834644
0.6034995466666675,0.24360307122189898,0.23149013004374058
0.603699546666667,0.24200306171960514,0.2318592816230082
0.6038995466666666,0.24400287138397792,0.23222581083598953
0.6040995466666663,0.2422694768816837,0.23258971456144853
0.6042995466666663,0.24440263612938978,0.2329509896167542
0.6044995466666674,0.24600250871042936,0.23330963275758462
0.6046995466666665,0.24760230712480194,0.23366564067764162
0.6048995466666669,0.24666892553917463,0.23401901000841466
0.6050995466666671,0.2458688247868806,0.23436973731892963
0.6052995466666669,0.24493543445125338,0.23471781911555029
0.6054995466666668,0.24426867453229287,0.23506325184178994
0.6056995466666659,0.24640182877999853,0.23540603187814113
0.6058995466666657,0.24346851844437153,0.23574615554194137
0.606099546666667,0.24586830769207768,0.23608361908724526
0.6062995466666676,0.24920143777311696,0.2364184187047222
0.6064995466666656,0.24760139202082315,0.23675055052158506
0.6066995466666674,0.24720127460186242,0.2370800106015489
0.6068995466666671,0.2486678021829018,0.23740679494476358
0.6070995466666669,0.24986764351394108,0.23773089948783557
0.6072995466666662,0.24960087567831388,0.238052320103822
0.6074995466666666,0.25040075659268657,0.2383710526022703
0.6076995466666659,0.2509339316737259,0.23868709272926236
0.6078995466666677,0.2500005425880986,0.23900043616750602
0.6080995466666663,0.25040042475247126,0.23931107853640837
0.6082995466666663,0.25240024775017755,0.23961901539222366
0.608499546666667,0.25320010241454993,0.23992424222817035
0.6086995466666674,0.2512000824955894,0.24022675447459868
0.6088995466666671,0.2523999096599622,0.24052654749917465
0.609099546666666,0.2539997597410017,0.240823616607082
0.6092995466666655,0.2518664123220409,0.241117957041249
0.6094995466666666,0.2534662507364137,0.24140956398258928
0.609699546666667,0.2537327737341196,0.241698432550264
0.6098995466666666,0.2539993646484924,0.24198455780197473
0.6100995466666674,0.25426589472953176,0.24226793473427083
0.6102995466666676,0.25533241397723777,0.24254855828286734
0.6104995466666665,0.2539990319749437,0.24282642332299822
0.6106995466666665,0.2541322566393166,0.24310152466978702
0.6108995466666662,0.25506544505368917,0.24337385707862377
0.611099546666666,0.25453203596806195,0.2436434152455783
0.6112995466666673,0.2562651918824349,0.2439101938078274
0.6114995466666671,0.25613175988014075,0.24417418734409163
0.6116995466666659,0.2539984028778466,0.24443539037511153
0.6118995466666663,0.2570648662922196,0.24469379736412902
0.6120995466666674,0.2543981709565922,0.24494940271738433
0.6122995466666667,0.2566646522876314,0.2452022007846406
0.6124995466666661,0.256664537368671,0.2454521858597309
0.612699546666666,0.2549311820330437,0.24569935218111102
0.6128995466666665,0.2557310487807496,0.24594369393243828
0.6130995466666671,0.25959743511178923,0.24618520524316675
0.6132995466666669,0.256264163109495,0.24642388018916078
0.6134995466666668,0.2581306456905346,0.24665971279332996
0.6136995466666673,0.2559972841049073,0.24689269702627484
0.6138995466666664,0.2583970496026133,0.2471228268069517
0.6140995466666666,0.25719701676698586,0.24735009600336366
0.6142995466666663,0.2590635214313588,0.24757449843325235
0.6144995466666656,0.26106332026239804,0.2477960278648219
0.6146995466666669,0.25892996909343746,0.24801467801747365
0.6148995466666669,0.26039648000781024,0.24823044256254914
0.615099546666666,0.25892974717218287,0.2484433151241069
0.6152995466666664,0.2578630364198887,0.24865328927970318
0.6154995466666675,0.2602628098342617,0.24886035856118718
0.615699546666667,0.2617293415819677,0.2490645164555165
0.6158995466666668,0.26052925874634036,0.2492657564055928
0.6160995466666663,0.2619957759107131,0.24946407181110206
0.6162995466666661,0.2589291147417524,0.2496594560293769
0.6164995466666672,0.2611955939894587,0.24985190237627247
0.6166995466666665,0.26226213032049794,0.25004140412705145
0.6168995466666669,0.26292867540153736,0.25022795451729835
0.6170995466666676,0.2611952779825769,0.2504115467438283
0.6172995466666669,0.2618618143136161,0.25059217396562317
0.6174995466666666,0.2589284977279887,0.2507698293047803
0.6176995466666664,0.26386151780902817,0.2509445058474683
0.6178995466666657,0.26359478247340085,0.25111619664490153
0.618099546666667,0.26186142005444024,0.25128489471432813
0.6182995466666668,0.261327983468813,0.2514505930400221
0.6184995466666656,0.26306117688318564,0.25161328457430315
0.6186995466666674,0.26106112779755847,0.25177296223855894
0.6188995466666678,0.260794358711931,0.25192961892427307
0.6190995466666669,0.2617275387929704,0.2520832474940821
0.6192995466666666,0.2625274267906765,0.2522338407828332
0.6194995466666666,0.264793901871716,0.25238139159865214
0.6196995466666662,0.2653271207027553,0.25252589272402737
0.6198995466666672,0.2638604199504612,0.2526673369169042
0.6200995466666666,0.2598604166981674,0.25280571691178494
0.6202995466666663,0.2602602934458736,0.2529410254208492
0.6204995466666672,0.26079353394357946,0.25307325513507467
0.6206995466666674,0.26625986069128543,0.25320239872537115
0.6208995466666669,0.2661264616056582,0.25332844884372774
0.621099546666666,0.26239313918669743,0.2534513981243664
0.6212995466666651,0.26372632510107036,0.2535712391849051
0.6214995466666666,0.26559281226544307,0.25368796462753107
0.6216995466666673,0.26305946734648245,0.2538015670401789
0.6218995466666659,0.2646593282608552,0.2539120389977239
0.6220995466666672,0.2643925525085611,0.25401937306318306
0.6222995466666674,0.26425909175626716,0.2541235617889147
0.6224995466666663,0.26532565183730644,0.25422459771783756
0.622699546666666,0.2637255752516792,0.25432247338465414
0.6228995466666665,0.26385882824938534,0.2544171813170769
0.6230995466666664,0.2665252824970913,0.25450871403706576
0.6232995466666671,0.2639919329947973,0.25459706406207444
0.6234995466666666,0.26052529265916996,0.25468222390629763
0.6236995466666666,0.2666583198235428,0.25476418608193113
0.6238995466666668,0.2611917294879157,0.25484294310043254
0.6240995466666672,0.2635915354022882,0.2549184874737924
0.624299546666667,0.26545804048332755,0.25499081171580795
0.6244995466666661,0.26465795931436703,0.2550599083433651
0.6246995466666658,0.2626579043954063,0.25512576987772423
0.6248995466666669,0.2627911361431124,0.2551883888458109
0.6250995466666671,0.2634576858074851,0.2552477577815107
0.6252995466666669,0.26332421463852446,0.25530386922697285
0.6254995466666671,0.26345747180289714,0.2553567157339128
0.6256995466666673,0.26785720396727003,0.2554062898649232
0.6258995466666664,0.2659905111316427,0.25545258419478517
0.6260995466666666,0.26639035121268206,0.2554955913117879
0.6262995466666661,0.26719025129372137,0.2555353038190465
0.6264995466666661,0.26345692970809403,0.25557171433582837
0.6266995466666672,0.2641234810391334,0.25560481549887787
0.6268995466666669,0.2661233044535063,0.25563459996374777
0.627099546666666,0.26545655036787885,0.25566106040613035
0.6272995466666669,0.2651898112822516,0.2556841895231936
0.6274995466666675,0.2642563980299577,0.2557039800349172
0.6276995466666668,0.2638562864443303,0.25572042468543144
0.6278995466666659,0.26372287485870316,0.25573351624435947
0.6280995466666659,0.26585600993974234,0.25574324750815813
0.6282995466666663,0.2649226104374484,0.25574961130146195
0.6284995466666674,0.2642558788518212,0.25575260047842907
0.6286995466666665,0.2677222968495272,0.25575220792408615
0.6288995466666669,0.2631890435972333,0.2557484265556746
0.6290995466666678,0.26358888742827286,0.2557412493239988
0.6292995466666662,0.2663887079259789,0.25573066921477305
0.6294995466666662,0.263855355507018,0.25571667924996844
0.6296995466666664,0.26518850475472394,0.2556992724891615
0.6298995466666659,0.2655884277524303,0.2556784420308807
0.630099546666667,0.25985519825013637,0.25565418101395304
0.630299546666667,0.2653215520811755,0.25562648261885146
0.6304995466666656,0.2642548063288816,0.2555953400690385
0.6306995466666667,0.2639880684932544,0.2555607466323103
0.6308995466666678,0.26385461232429364,0.2555226956221423
0.6310995466666669,0.26452114657199977,0.25548118039902784
0.6312995466666669,0.2634544441530391,0.2554361943718194
0.6314995466666662,0.26358763798407847,0.2553877309990672
0.6316995466666666,0.2645208313984515,0.2553357837903535
0.631899546666667,0.26345411481282394,0.2552803463076299
0.6320995466666663,0.26252072156053,0.2552214121665468
0.6322995466666663,0.2659871370582361,0.25515897503778273
0.6324995466666672,0.26118724213927547,0.25509302864837097
0.6326995466666667,0.26385368263698133,0.2550235667830262
0.6328995466666667,0.262120307718021,0.25495058328545994
0.6330995466666658,0.2603869332157268,0.2548740720597033
0.6332995466666655,0.2638533682967663,0.25479402707141713
0.6334995466666671,0.2621199904611392,0.2547104423492053
0.6336995466666673,0.26025332470884494,0.25462331198592264
0.6338995466666657,0.26225307895655114,0.2545326301399754
0.6340995466666672,0.2621196386209238,0.2544383910366194
0.6342995466666674,0.2609196007852966,0.25434058896926187
0.6344995466666667,0.2626527600330025,0.2542392183007454
0.6346995466666665,0.2625193321973754,0.2541342734646362
0.6348995466666665,0.25825274769508133,0.2540257489665071
0.6350995466666665,0.2594525969427874,0.25391363938521405
0.6352995466666675,0.2621190486904935,0.25379793937416745
0.6354995466666664,0.25745244668819955,0.2536786436626015
0.6356995466666666,0.2595856055192388,0.25355574705683126
0.635899546666667,0.26238537435027826,0.25342924444151466
0.6360995466666677,0.2591854052646509,0.25329913078090033
0.6362995466666668,0.2613185540956905,0.25316540112007563
0.6364995466666661,0.2589185137600631,0.25302805058620237
0.6366995466666656,0.2598517496744359,0.252887074389754
0.6368995466666669,0.2593183464221418,0.252742467825742
0.6370995466666671,0.2597182044198477,0.252594226274941
0.6372995466666664,0.26038471158422055,0.2524423452050997
0.6374995466666671,0.26185122749859324,0.2522868201721505
0.6376995466666675,0.25945119466296596,0.25212764682141603
0.6378995466666666,0.2598511030773386,0.25196482088880257
0.6380995466666659,0.2577177419083782,0.2517983382019872
0.6382995466666663,0.2603842011560842,0.2516281946816032
0.6384995466666663,0.25678422123712336,0.2514543863424163
0.6386995466666674,0.25758407673482964,0.25127690929448904
0.6388995466666669,0.25851730556586894,0.25109575974434795
0.6390995466666662,0.2561173106469083,0.2509109339961298
0.6392995466666669,0.25838374656128105,0.25072242845273185
0.6394995466666671,0.2598502628923203,0.2505302396169536
0.6396995466666666,0.25611698755669304,0.2503343640926233
0.6398995466666662,0.25731681347106583,0.25013479858572274
0.6400995466666659,0.2573167127187717,0.24993153990550307
0.6402995466666668,0.25491670488314444,0.2497245849655922
0.6404995466666674,0.25611655288085067,0.2495139307850969
0.6406995466666667,0.2586496821285566,0.2492995744896919
0.6408995466666669,0.25504970845959607,0.2490815133126999
0.6410995466666674,0.255449581457302,0.24885974459617224
0.6412995466666664,0.25584948737167484,0.24863426579195474
0.6414995466666664,0.2569159928693807,0.2484050744627388
0.6416995466666662,0.252782714617087,0.24817216828311942
0.6418995466666664,0.2550491751147928,0.2479355450406305
0.6420995466666677,0.2537158097791656,0.24769520263677705
0.642299546666667,0.2569155777768717,0.24745113908806415
0.6424995466666661,0.25464888244124423,0.24720335252700013
0.6426995466666665,0.2535821725222836,0.24695184120310693
0.6428995466666672,0.2538487084366563,0.24669660348391964
0.6430995466666665,0.25664849726769584,0.24643763785596995
0.6432995466666662,0.25144860401540176,0.24617494292575853
0.6434995466666664,0.25144848076310805,0.24590851742072994
0.6436995466666662,0.2538482841774806,0.24563836019022933
0.6438995466666673,0.25251490842518665,0.2453644702064472
0.6440995466666664,0.2529147839228928,0.2450868465653686
0.6442995466666668,0.25344799317059874,0.24480548848768727
0.6444995466666676,0.24931472741830482,0.24452039531974004
0.6446995466666663,0.2527811241660109,0.2442315665344141
0.644899546666666,0.25291436258038347,0.24393900173203653
0.6450995466666662,0.25011437891142274,0.24364270064127697
0.645299546666666,0.25131421190912895,0.24334266312002506
0.6454995466666671,0.2505141315735016,0.24303888915625407
0.6456995466666668,0.25118067832120766,0.242731378868893
0.6458995466666655,0.25038059173558047,0.24242013250866462
0.6460995466666668,0.24984716973328663,0.24210515045892417
0.6462995466666679,0.24798049356432594,0.24178643323650367
0.6464995466666663,0.2498469690620319,0.2414639814925214
0.6466995466666663,0.25011352872640447,0.241137796013178
0.6468995466666667,0.24784684672411067,0.24080787772057502
0.6470995466666665,0.24531349555515003,0.2404742276734922
0.6472995466666676,0.2474466648028561,0.24013684706816057
0.6474995466666664,0.2498464265505621,0.2397957372390412
0.6476995466666664,0.2490463812149349,0.23945089965956004
0.6478995466666673,0.24931291129597413,0.23910233594286948
0.6480995466666677,0.24784620887701353,0.23875004784257736
0.6482995466666663,0.2478460881247195,0.23839403725346864
0.6484995466666661,0.24504612320575897,0.2380343062122078
0.6486995466666658,0.24651262120346498,0.2376708568980551
0.6488995466666669,0.24584585503450454,0.23730369163354287
0.6490995466666674,0.24517912803221042,0.23693281288516593
0.649299546666666,0.24131247144658322,0.2365582232640394
0.6494995466666671,0.24384561902762247,0.2361799255265469
0.6496995466666675,0.24571211827532868,0.235797922575008
0.6498995466666666,0.24117887002303465,0.2354122174582934
0.6500995466666659,0.2434453509374074,0.2350228133724467
0.6502995466666663,0.2433118985184468,0.23462971366129967
0.6504995466666668,0.24317846568281948,0.23423292181707428
0.6506995466666674,0.24291169243052566,0.23383244148096313
0.6508995466666665,0.24344494042823162,0.23342827644371103
0.6510995466666665,0.24477810134260422,0.2330204306461668
0.6512995466666669,0.2425113918403104,0.2326089081798499
0.6514995466666671,0.2423779640046831,0.2321937132874854
0.6516995466666666,0.23837802575238914,0.23177485036353118
0.6518995466666659,0.2389112345834286,0.23135232395469416
0.6520995466666659,0.24157769966446793,0.2309261387604355
0.652299546666667,0.2422442484955073,0.23049629963346555
0.6524995466666672,0.24077748482654657,0.2300628115802294
0.6526995466666663,0.23971079115758595,0.22962567976136677
0.6528995466666669,0.23664412873862542,0.22918490949216727
0.6530995466666674,0.239310590902998,0.22874050624302844
0.6532995466666665,0.2355772905673709,0.2282924756398808
0.653499546666666,0.24024369273174356,0.22784082346460136
0.6536995466666666,0.23744368656278272,0.227385555655431
0.6538995466666664,0.23731026664382213,0.22692667830737445
0.6540995466666673,0.2345102525581948,0.22646419767256837
0.6542995466666666,0.23611010305590108,0.2259981201606721
0.6544995466666661,0.23650995397027386,0.2255284523392074
0.6546995466666667,0.23304334446797972,0.2250552009339142
0.6548995466666674,0.2338432103823525,0.2245783728290893
0.6550995466666665,0.2343764012967253,0.22409797506790471
0.6552995466666662,0.23370966346109798,0.22361401485270338
0.6554995466666662,0.23450952395880395,0.2231264995453135
0.6556995466666669,0.23317610070651013,0.22263543666732255
0.6558995466666673,0.23130942745421612,0.2221408339003544
0.6560995466666664,0.23184266461858877,0.22164269908632198
0.656299546666667,0.23104258719962797,0.22114104022766526
0.6564995466666672,0.23144246353066744,0.22063586548760453
0.6566995466666663,0.22864244569504022,0.22012718319034372
0.6568995466666658,0.2305089320260795,0.2196150018212761
0.6570995466666667,0.22810891252378568,0.21909933002718415
0.6572995466666665,0.22810884760482494,0.2185801766164285
0.6574995466666671,0.22984198226919786,0.21805755055909407
0.6576995466666669,0.22744196443357043,0.21753146098716777
0.6578995466666655,0.22717518659794309,0.21700191719466416
0.6580995466666666,0.22744175792898247,0.21646892863775016
0.6582995466666677,0.22464174384335536,0.21593250493488397
0.6584995466666663,0.22584159767439452,0.21539265586690282
0.6586995466666663,0.22344158192210062,0.21484939137709555
0.6588995466666667,0.2231748461698068,0.21430272157130395
0.6590995466666665,0.22304138291751285,0.21375265671797686
0.6592995466666671,0.22424122966521876,0.21319920724820915
0.6594995466666662,0.21917468099625823,0.21264238375579553
0.6596995466666666,0.2199745402439643,0.2120821969972268
0.6598995466666673,0.22424094949167028,0.21151865789172408
0.6600995466666668,0.22090763415604306,0.21095177752122363
0.6602995466666663,0.22010757423708233,0.21038156713035014
0.6604995466666661,0.22090741765145502,0.20980803812639404
0.6606995466666656,0.2182407710658278,0.20923120207926557
0.660899546666667,0.22037390906353377,0.20865107072142536
0.6610995466666671,0.21997381414457337,0.2080676559478333
0.6612995466666658,0.21717380464227934,0.2074809698158401
0.6614995466666671,0.2158404384733186,0.20689102454507968
0.6616995466666675,0.2174402523043581,0.20629783251739148
0.6618995466666666,0.21544022030206406,0.2057014062766606
0.6620995466666664,0.21477349663310333,0.20510175852867635
0.6622995466666666,0.21264014129747613,0.2044989021409916
0.6624995466666666,0.2141066480451822,0.2038928501427461
0.6626995466666676,0.21543981895955497,0.20328361572447573
0.6628995466666665,0.21330646112392757,0.20267121223793547
0.6630995466666667,0.21197308995496705,0.20205565319585106
0.6632995466666671,0.2089064242026731,0.20143695227172922
0.6634995466666676,0.2099729509503792,0.20081512329959997
0.6636995466666664,0.20637297186475187,0.20019018027377028
0.6638995466666662,0.21077269194579124,0.19956213734853787
0.6640995466666657,0.20903932827683055,0.19893100883793322
0.664299546666667,0.2071726304412034,0.19829680921540288
0.664499546666667,0.20823917052224258,0.19765955311352193
0.6646995466666663,0.20597245893661528,0.19701925532364348
0.6648995466666672,0.20437240193432143,0.19637593079556512
0.6650995466666674,0.2070388799320274,0.19572959463719516
0.6652995466666669,0.20490552709640023,0.19508026211416218
0.665499546666666,0.20597203051077298,0.19442794864944127
0.6656995466666664,0.20330534767514566,0.19377266982295116
0.6658995466666666,0.20543849567285155,0.1931144413711591
0.6660995466666677,0.2018385653372244,0.1924532791866381
0.6662995466666666,0.20370503666826378,0.19178919931764823
0.6664995466666663,0.1981051434159698,0.1911222179676481
0.6666995466666663,0.19957164349700907,0.19045235149485973
0.6668995466666672,0.1973049664947152,0.18977961641176813
0.6670995466666665,0.19783819074242123,0.1891040293846397
0.6672995466666662,0.197704747906794,0.18842560723298318
0.6674995466666664,0.19850460382116655,0.18774436692904656
0.6676995466666671,0.19730452931887277,0.18706032559726782
0.6678995466666675,0.19783776606657874,0.18637350051372303
0.6680995466666666,0.1946377669809515,0.1856839091055547
0.6682995466666668,0.1962376158119911,0.1849915689503738
0.6684995466666674,0.19183768630969686,0.18429649777568305
0.6686995466666663,0.19330416639073633,0.1835987134582599
0.6688995466666663,0.18903757563844242,0.18289823402350092
0.6690995466666665,0.1905040861361484,0.1821950776448142
0.6692995466666665,0.1898373570505213,0.18148926264294596
0.6694995466666671,0.19103717671489395,0.18078080748530398
0.6696995466666669,0.19023711512926644,0.1800697307852863
0.669899546666666,0.188503725210306,0.17935605130156415
0.6700995466666666,0.1902368665413453,0.17863978793736637
0.6702995466666672,0.18890350828905136,0.177920959739768
0.6704995466666659,0.18837010628675743,0.177199585898937
0.6706995466666663,0.18503680053446353,0.17647568574734782
0.6708995466666663,0.18663662019883612,0.17574927875905566
0.6710995466666665,0.1879697890298756,0.1750203845488701
0.6712995466666674,0.18596976702758178,0.1742890228715682
0.6714995466666662,0.18263647835862115,0.17355521362108536
0.6716995466666666,0.18330298552299373,0.1728189768296496
0.6718995466666675,0.1822362606040331,0.1720803326669759
0.6720995466666662,0.1813028652684059,0.17133930143939144
0.6722995466666657,0.18290266201611197,0.170595903588938
0.6724995466666666,0.17890272668048465,0.16985015969250847
0.6726995466666661,0.18050257926152402,0.1691020904609475
0.672899546666667,0.17996915309256328,0.16835171673810057
0.6730995466666667,0.17916908734026937,0.16759905949991988
0.6732995466666658,0.17556911325464214,0.1668441398534882
0.6734995466666669,0.1763689766690149,0.16608697903605898
0.6736995466666678,0.173835655916721,0.165327598414108
0.6738995466666666,0.17410220224776038,0.1645660194823231
0.6740995466666664,0.17383544024546638,0.16380226386258412
0.6742995466666668,0.17356866657650566,0.16303635330297384
0.6744995466666668,0.17410188540754504,0.16226830967673722
0.6746995466666674,0.17543504257191772,0.1614981549812235
0.6748995466666663,0.1718350851529572,0.16072591133684674
0.6750995466666667,0.16956840023399655,0.1599516009859765
0.6752995466666674,0.17023492739836957,0.15917524629188884
0.6754995466666669,0.16743494997940872,0.15839686973764602
0.6756995466666664,0.1670348583937813,0.15761649392497057
0.675899546666666,0.16703476889148738,0.15683414157312967
0.6760995466666659,0.16450140938919347,0.1560498355177841
0.6762995466666668,0.16396798988689965,0.1552635987098335
0.676499546666667,0.16650109871793892,0.15447545421425227
0.6766995466666661,0.1639677733823117,0.15368542520889272
0.6768995466666674,0.16410099054668437,0.15289353498327654
0.6770995466666676,0.16370093479439035,0.15209980693742373
0.6772995466666665,0.16250085737542974,0.15130426458058902
0.677499546666666,0.1586342103731359,0.15050693153002717
0.6776995466666664,0.1634339467041753,0.14970783150975597
0.6778995466666669,0.15956731595188128,0.14890698834929011
0.6780995466666673,0.15730063186625404,0.1481044259823539
0.6782995466666659,0.16023375903062684,0.14730016844560131
0.6784995466666666,0.1606336424449995,0.14649423987728238
0.678699546666667,0.1553003921093722,0.14568666451597279
0.6788995466666672,0.15583359802374488,0.1448774666992106
0.6790995466666665,0.15703344060478425,0.14406667086216554
0.6792995466666658,0.15436677318582362,0.14325430153627558
0.6794995466666665,0.15383336535019632,0.1424403833478823
0.6796995466666669,0.15409991459790237,0.14162494101686554
0.6798995466666673,0.15036661551227515,0.14080799935523136
0.6800995466666664,0.15476635225998125,0.13998958326572097
0.6802995466666673,0.1483664835910205,0.13916971774036904
0.6804995466666672,0.14796637867205997,0.13834842785911727
0.6806995466666663,0.14769963958643267,0.13752573878833746
0.6808995466666661,0.14916613800080525,0.13670167577938486
0.6810995466666665,0.14623282099851131,0.13587626416714485
0.6812995466666665,0.14703267232955072,0.1350495293685559
0.6814995466666671,0.1460992711605901,0.13422149688110752
0.6816995466666669,0.14356593249162947,0.1333921922813614
0.681899546666666,0.14396583007266886,0.13256164122342246
0.6820995466666671,0.1434324026537082,0.13172986943741416
0.6822995466666673,0.1424990019014143,0.13089690272797902
0.6824995466666663,0.1423655582324537,0.13006276697270228
0.6826995466666663,0.14103219623015967,0.12922748812055493
0.6828995466666667,0.13863216964453243,0.12839109219035227
0.6830995466666667,0.13903205764223853,0.1275536052691678
0.6832995466666671,0.1359653973066112,0.1267150535107375
0.6834995466666662,0.13609861988765057,0.1258754631338824
0.6836995466666671,0.13689848371868996,0.1250348604208692
0.6838995466666673,0.1342318050497293,0.1241932717158384
0.6840995466666662,0.13316508429743532,0.12335072342314538
0.6842995466666659,0.1326316718784748,0.12250724200572187
0.6844995466666668,0.13116494529284747,0.12166285398344541
0.6846995466666663,0.12996488120722013,0.12081758593149182
0.6848995466666672,0.13183137212159293,0.11997146447863453
0.6850995466666665,0.13089798136929892,0.11912451630561595
0.6852995466666658,0.1287646547836717,0.11827676814342254
0.6854995466666669,0.12929783403137765,0.11742824677161028
0.6856995466666671,0.12983104661241704,0.11657897901662315
0.6858995466666664,0.12729771086012312,0.11572899175005616
0.6860995466666666,0.1259643171911625,0.11487831188693665
0.6862995466666666,0.12383096768886857,0.11402696638402296
0.6864995466666666,0.12449749526990796,0.11317498223805018
0.6866995466666672,0.12516404618428065,0.1123223864839922
0.6868995466666661,0.12196403918198662,0.11146920619332722
0.6870995466666667,0.12196395717969269,0.11061546847224207
0.6872995466666674,0.12209715059406548,0.10976120045991539
0.6874995466666669,0.12236368984177144,0.1089064293267205
0.6876995466666664,0.11623052825614423,0.10805118227243977
0.6878995466666664,0.12103019958718361,0.10719548652449117
0.6880995466666662,0.11903019550155629,0.10633936933613777
0.6882995466666668,0.11316365308259567,0.10548285798467619
0.6884995466666666,0.11876332774696835,0.10462597976965136
0.6886995466666661,0.11742993824467442,0.10376876201102259
0.6888995466666672,0.1134299966590471,0.1029112320473513
0.6890995466666674,0.11382988465675317,0.10205341723400091
0.6892995466666665,0.11329646182112585,0.10119534494128068
0.6894995466666665,0.11356300606883193,0.10033704255261146
0.6896995466666669,0.11156297406653802,0.0994785374627064
0.6898995466666669,0.11076290581424399,0.0986198570757176
0.6900995466666673,0.10996284422861688,0.09776102880337827
0.6902995466666662,0.10929607972632276,0.09690208006316835
0.6904995466666664,0.10822934814069553,0.09604303827642334
0.6906995466666672,0.10502937655506821,0.0951839308665082
0.6908995466666672,0.10516260163610759,0.09432478525693923
0.6910995466666665,0.10422917588381356,0.09346562886950305
0.691299546666666,0.10476240429818634,0.0926064891223873
0.6914995466666658,0.10422897729589242,0.09174739342831044
0.6916995466666669,0.1036955702935984,0.09088836919263263
0.6918995466666666,0.10369546870797118,0.09002944381149382
0.6920995466666666,0.10356202670567717,0.08917064466989255
0.6922995466666673,0.10036204012004993,0.08831199913982296
0.6924995466666672,0.09729537103442262,0.08745353457838312
0.6926995466666668,0.0968953015321287,0.08659527832587066
0.6928995466666661,0.09596190536316807,0.0857372577038921
0.6930995466666665,0.09622845377754076,0.08487950001346481
0.6932995466666669,0.09582836010858013,0.08402203253313151
0.6934995466666674,0.09356167227295281,0.08316488251704725
0.6936995466666664,0.09129498193732559,0.08230807719308912
0.6938995466666664,0.09316148118503158,0.0814516437609345
0.6940995466666668,0.09009481793273764,0.08059560939018592
0.6942995466666673,0.09302793884711033,0.0797400012184581
0.6944995466666664,0.09022794142814981,0.07888484634947875
0.6946995466666663,0.09022784400918908,0.07803017185117035
0.6948995466666663,0.08876112450689516,0.07717600475377202
0.6950995466666672,0.08809439500460124,0.07632237204792264
0.6952995466666672,0.08702765300230732,0.07546930068277714
0.6954995466666667,0.08742754058334659,0.07461681756408485
0.6956995466666671,0.08702743691438608,0.07376494955230127
0.6958995466666671,0.08636068907875877,0.07291372346070431
0.6960995466666664,0.08182743999313144,0.07206316605348112
0.6962995466666664,0.08222730590750421,0.07121330404383582
0.6964995466666664,0.08409379932187688,0.07036416409211543
0.6966995466666668,0.08142713815291627,0.06951577280390449
0.696899546666667,0.07849381073395566,0.06866815672815074
0.6970995466666667,0.08102692873166162,0.06782134235527541
0.6972995466666658,0.0792935750627011,0.06697535611529513
0.6974995466666667,0.07809351139374039,0.06613022437593391
0.6976995466666669,0.07822673022477986,0.06528597344078255
0.6978995466666662,0.07382680572248584,0.06444262954739882
0.6980995466666664,0.07396001372019183,0.06360021886544455
0.6982995466666666,0.07315993171789789,0.06275876749484095
0.6984995466666666,0.07355981388227067,0.061918301463903785
0.6986995466666672,0.07382637437997666,0.061078846727484766
0.6988995466666661,0.07075969821101603,0.060240429165145284
0.6990995466666667,0.07249288245872211,0.05940307457927631
0.6992995466666678,0.0674263171230948,0.05856680869330689
0.6994995466666662,0.06795948762080088,0.05773165714986076
0.699699546666666,0.06929269103517355,0.05689764550889543
0.6998995466666666,0.06889260653287962,0.05606479924593033
0.7000995466666664,0.06902581286391901,0.055233143750224645
0.7002995466666668,0.06422589919495839,0.05440270432294756
0.7004995466666668,0.06462578094266447,0.05357350617540926
0.7006995466666659,0.06529233727370384,0.052745574427252626
0.7008995466666674,0.06182568235474323,0.05191893410465683
0.7010995466666678,0.0639588274357826,0.05109361013860399
0.7012995466666665,0.06329206710015528,0.050269627363071674
0.7014995466666665,0.060092091764528066,0.04944701051326342
0.7016995466666669,0.05915869476223404,0.04862578422389403
0.7018995466666669,0.05982524109327342,0.04780597302742228
0.7020995466666673,0.05915847409097949,0.04698760135231236
0.7022995466666662,0.057558462505352175,0.046170693521323594
0.7024995466666664,0.058491623003058255,0.04535527374976138
0.7026995466666677,0.05729157516743093,0.04454136614380057
0.7028995466666668,0.05529153024847031,0.043728994698788826
0.7030995466666663,0.05489143991284309,0.04291818329751553
0.703299546666666,0.05249144457721577,0.04210895570857303
0.703499546666666,0.05542454049158845,0.04130133558467322
0.7036995466666669,0.05235789598929452,0.04049534646098674
0.7038995466666669,0.04795797732033391,0.03969101175350816
0.7040995466666662,0.05155772240137328,0.0388883547574004
0.7042995466666673,0.04755778456574597,0.03808739864536843
0.7044995466666677,0.04862429673011875,0.0372881664660725
0.7046995466666666,0.04729088889449142,0.03649068114249892
0.7048995466666663,0.048624081475530795,0.03569496547036362
0.7050995466666663,0.04555742697323688,0.03490104211655398
0.7052995466666669,0.04342406872094286,0.03410893361754865
0.7054995466666669,0.04795711796864893,0.03331866237787234
0.705699546666666,0.04462382346635502,0.032530250668541885
0.7058995466666664,0.042357133964060996,0.03174372062553124
0.7060995466666671,0.045423560295100376,0.030959094248277873
0.706299546666667,0.043290224126139754,0.03017639339816498
0.7064995466666666,0.04355676337384583,0.029395639797027525
0.7066995466666659,0.03889020053821851,0.028616855025680586
0.7068995466666663,0.03809010811925789,0.027840060522451558
0.7070995466666667,0.038090008200297266,0.02706527758174542
0.7072995466666667,0.03942319036467005,0.026292527352597784
0.7074995466666665,0.038089789612376024,0.02552183083725412
0.7076995466666671,0.0408895876100821,0.024753208889765274
0.7078995466666675,0.03662297352445478,0.023986682214603827
0.7080995466666666,0.03515626777216086,0.02322227136528391
0.7082995466666662,0.03395618701986684,0.022459996742985423
0.7084995466666664,0.035956005434239616,0.02169987859522903
0.7086995466666666,0.03408933134861229,0.020941937014539506
0.7088995466666672,0.03262260767965167,0.02018619193712512
0.7090995466666663,0.033955795260691056,0.019432663141591932
0.7092995466666661,0.03102247159173043,0.018681370247635616
0.7094995466666667,0.02982239083943651,0.017932332714797796
0.7096995466666671,0.03115556925380919,0.0171855698412135
0.7098995466666664,0.027422280584848573,0.01644110076237065
0.7100995466666664,0.027555489415887948,0.015698944449883942
0.7102995466666662,0.027155412830260628,0.01495911971031422
0.7104995466666668,0.030355188327966708,0.014221645183967124
0.710699546666667,0.025555257159006084,0.013486539343743258
0.7108995466666663,0.027155077240045462,0.012753820493976517
0.7110995466666667,0.02782165482108484,0.012023506769296814
0.7112995466666674,0.024754990318790922,0.01129561613353532
0.7114995466666665,0.0227549453998303,0.010570166378620072
0.7116995466666662,0.023288157980869677,0.009847175123480618
0.7118995466666669,0.021954780561909058,0.009126659813008224
0.7120995466666669,0.019954724809615035,0.008408637717012774
0.7122995466666673,0.020887946973987815,0.00769312592918312
0.7124995466666664,0.019154562888360496,0.006980141366100179
0.7126995466666659,0.023820934636066573,0.006269700766227643
0.7128995466666668,0.01808771888377255,0.0055618206889587124
0.7130995466666676,0.01888759063147863,0.004856517513671176
0.7132995466666665,0.01795419862918471,0.004153807438790947
0.7134995466666667,0.014354229960224186,0.0034537064808591927
0.7136995466666665,0.014887429207930066,0.0027562304736761115
0.7138995466666664,0.015820626788969443,0.0020613950674018672
0.7140995466666669,0.013420618120009024,0.0013692157277115527
0.714299546666666,0.013953827367715003,0.0006797077349667219
0.7144995466666666,0.01262043203208768,-7.113816622725645e-06
0.7146995466666677,0.013286972113127158,-0.0006912340197638403
0.714899546666667,0.014486818444166438,-0.0013726381548662809
0.7150995466666663,0.010486852691872519,-0.002051311690815239
0.7152995466666665,0.008886823606245195,-0.0027272402856900425
0.7154995466666665,0.009820014937284675,-0.0034004097874761603
0.7156995466666669,0.012619802934990654,-0.00407080623477387
0.7158995466666664,0.009419826349363433,-0.004738415857458461
0.7160995466666658,0.005286555597069411,-0.0054032250773523435
0.7162995466666673,0.00968625817810879,-0.0060652205088545935
0.7164995466666677,0.006352956175814868,-0.006724388959532307
0.7166995466666668,0.007552808756854248,-0.007380717430742299
0.7168995466666663,0.006486084671226926,-0.008034193118200654
0.7170995466666668,0.0035527564189330035,-0.008684803412523558
0.7172995466666667,-4.7221000027616866e-05,-0.00933253589975712
0.7174995466666672,0.004619161581011761,-0.009977378361901145
0.7176995466666662,-0.0005807529212822574,-0.010619318777382898
0.7178995466666664,8.579424309052008e-05,-0.011258345321547828
0.7180995466666675,0.0027522593241298982,-0.011894446367085244
0.7182995466666673,0.0014188719051692767,-0.012527610484457734
0.7184995466666666,0.0022187299028752563,-0.013157826442322693
0.7186995466666664,0.0015519941505813348,-0.01378508320790686
0.7188995466666659,-0.000581367018379287,-0.014409369947365575
0.7190995466666663,-0.0019147502706732093,-0.015030676026135186
0.7192995466666663,-0.0009815639396338286,-0.015648991009240883
0.719499546666666,-0.003514890108594451,-0.01626430466160958
0.7196995466666674,-0.006448219610888473,-0.016876606948348197
0.7198995466666676,-0.004181739529849092,-0.017485888034982928
0.7200995466666669,-0.0028485648654763152,-0.018092138287717604
0.720299546666666,-0.006581865617770336,-0.01869534827364148
0.7204995466666666,-0.005515341370064257,-0.019295508760924295
0.720699546666667,-0.0052488012890248795,-0.019892610718975103
0.720899546666667,-0.008448778707985499,-0.020486645318608634
0.7210995466666661,-0.00978217279361282,-0.021077603932167944
0.7212995466666663,-0.006449046462573441,-0.021665478133644077
0.7214995466666672,-0.009915705964867362,-0.022250259698744942
0.7216995466666671,-0.010449134633827985,-0.022831940604968064
0.7218995466666664,-0.012182492052788603,-0.02341051303165175
0.7220995466666662,-0.011515946138415925,-0.023985969359995366
0.7222995466666664,-0.010182781474043147,-0.024558302173056955
0.7224995466666668,-0.010582858476337168,-0.02512750425573647
0.722699546666667,-0.013516188811964392,-0.025693568594733242
0.7228995466666663,-0.01231633706425841,-0.026256488378487645
0.7230995466666672,-0.016582959483219032,-0.02681625699710527
0.7232995466666676,-0.013516501485512955,-0.027372868042231855
0.7234995466666665,-0.013383279321140274,-0.027926315306944876
0.7236995466666662,-0.018716507990100897,-0.02847659278561445
0.7238995466666664,-0.016050052909061516,-0.029023694673717966
0.7240995466666666,-0.01338359782802214,-0.029567615367659096
0.7242995466666668,-0.015516941080316059,-0.03010834946456522
0.7244995466666662,-0.019916891832609983,-0.030645891762047094
0.7246995466666659,-0.0156504892515706,-0.031180237257962422
0.724899546666667,-0.016850554587197926,-0.03171138115013666
0.7250995466666672,-0.018317252422825146,-0.03223931883606139
0.7252995466666663,-0.020317295675119168,-0.032764045912600445
0.7254995466666665,-0.01698420059407979,-0.03328555817565325
0.7256995466666667,-0.021117476763040408,-0.03380385161979087
0.7258995466666669,-0.020050945432001026,-0.03431892243789127
0.7260995466666669,-0.01965107493429495,-0.03483076702074326
0.726299546666666,-0.021117781519922173,-0.03533938195663216
0.7264995466666668,-0.01925129643888289,-0.03584476403091383
0.7266995466666679,-0.022051294691176816,-0.03634691022554411
0.7268995466666666,-0.02205140711013744,-0.03684581771860928
0.7270995466666661,-0.02085155327909806,-0.0373414838838545
0.7272995466666663,-0.02565147569805868,-0.03783390629014101
0.7274995466666667,-0.025118267283686,-0.03832308270092563
0.7276995466666669,-0.02205182470264662,-0.03880901107370551
0.7278995466666665,-0.02445183670494054,-0.03929168955944923
0.7280995466666658,-0.026718514957234464,-0.0397711165020038
0.7282995466666675,-0.024052057792861785,-0.040247290437489494
0.7284995466666675,-0.02431881437848911,-0.04072021009364828
0.7286995466666668,-0.026585513047449723,-0.04118987438922296
0.7288995466666666,-0.024452370049743648,-0.04165628243327775
0.7290995466666668,-0.02778566746870427,-0.04211943352450905
0.7292995466666667,-0.02725248280433159,-0.04257932715054172
0.7294995466666669,-0.025652628556625513,-0.04303596298720953
0.7296995466666658,-0.026452698058919432,-0.04348934089780682
0.7298995466666665,-0.025786161727880154,-0.04393946093234336
0.7300995466666675,-0.026319582063507374,-0.044386323326744304
0.7302995466666669,-0.027919614482467995,-0.044829928502065464
0.7304995466666664,-0.030452956068095317,-0.04527027706368896
0.7306995466666659,-0.02991976765372264,-0.045707369800475475
0.7308995466666659,-0.029919859656016564,-0.04614120768392607
0.7310995466666663,-0.02858668915831048,-0.04657179186731022
0.7312995466666663,-0.025653582410604503,-0.04699912368478232
0.7314995466666658,-0.03218674774623173,-0.04742320465048623
0.7316995466666674,-0.03098690391519234,-0.04784403645763751
0.7318995466666678,-0.029253745084152967,-0.04826162097757758
0.7320995466666669,-0.03338702791978029,-0.04867596025883579
0.7322995466666662,-0.03098722533874091,-0.049087056526163624
0.7324995466666666,-0.03072067400770153,-0.04949491217954432
0.7326995466666668,-0.032720698509995455,-0.049899529793189804
0.732899546666667,-0.033920760512289476,-0.0503009121145352
0.7330995466666661,-0.030587680431250097,-0.05069906206319986
0.7332995466666661,-0.03298766826687732,-0.051093982729950256
0.7334995466666674,-0.03418773151917124,-0.05148567737562945
0.7336995466666669,-0.03365450560479856,-0.05187414943007389
0.7338995466666669,-0.03712115594042588,-0.05225940249104144
0.7340995466666662,-0.0352546546093865,-0.05264144032308549
0.734299546666666,-0.03218822536168042,-0.05302026685644279
0.7344995466666668,-0.03525487319730774,-0.05339588618589556
0.7346995466666664,-0.03805485603293506,-0.053768302569613055
0.7348995466666659,-0.03512176386856229,-0.05413752042800103
0.7350995466666674,-0.036721803787522905,-0.0545035443425168
0.7352995466666681,-0.037521884539816926,-0.054866379054467514
0.7354995466666667,-0.03432210945877745,-0.05522602946381701
0.735699546666666,-0.03685544562773807,-0.05558250062796881
0.7358995466666665,-0.037922185546698794,-0.05593579776052438
0.7360995466666669,-0.03672234046565931,-0.05628592623003893
0.7362995466666673,-0.03618911371795333,-0.05663289155876927
0.7364995466666664,-0.038055824886913954,-0.05697669942139726
0.7366995466666659,-0.036456004805874576,-0.05731735564375681
0.7368995466666672,-0.040189275558168494,-0.057654866201532304
0.7370995466666672,-0.04112269089379582,-0.05798923721894553
0.7372995466666663,-0.034456373312756444,-0.0583204749674502
0.7374995466666661,-0.04072291448171706,-0.05864858586439958
0.7376995466666665,-0.04378955606734439,-0.05897357647169898
0.7378995466666671,-0.04072312848630491,-0.059295453494459034
0.7380995466666669,-0.04352310798859892,-0.059614223779628814
0.7382995466666662,-0.04192329207422615,-0.05992989431462772
0.7384995466666668,-0.039390167409853474,-0.060242472225961984
0.7386995466666677,-0.04299011941214739,-0.06055196477782267
0.7388995466666668,-0.046056782664441416,-0.0608583793706859
0.7390995466666666,-0.04059041550006873,-0.06116172353990683
0.7392995466666663,-0.04259045333569595,-0.061462004954285394
0.7394995466666667,-0.046323743671323275,-0.06175923141463928
0.7396995466666669,-0.04445725317361719,-0.06205341085236103
0.7398995466666665,-0.04645729100924452,-0.06234455132796709
0.7400995466666658,-0.044590805928205135,-0.06263266102964225
0.7402995466666666,-0.044990903763832454,-0.06291774827177145
0.7404995466666671,-0.04392437118279298,-0.06319982149345711
0.7406995466666664,-0.044724446935086995,-0.06347888925704367
0.7408995466666659,-0.04579117977071432,-0.06375496024662707
0.7410995466666666,-0.046591260939674944,-0.06402804326655279
0.7412995466666668,-0.04712466294196886,-0.06429814723990597
0.7414995466666672,-0.04552481786092948,-0.06456528120700701
0.741699546666666,-0.04712485611322341,-0.06482945432388448
0.7418995466666662,-0.04979155769885063,-0.06509067586075835
0.7420995466666678,-0.04499183553447805,-0.06534895520049755
0.7422995466666671,-0.046858531286771976,-0.06560430183708107
0.7424995466666664,-0.0499251928723992,-0.06585672537406462
0.7426995466666664,-0.04619211862469321,-0.06610623552302172
0.7428995466666664,-0.04992538437698713,-0.06635284210198919
0.743099546666667,-0.04792558012928107,-0.06659655503390786
0.7432995466666663,-0.04699237671490838,-0.06683738434505371
0.7434995466666656,-0.049259076633869005,-0.06707534016347506
0.7436995466666672,-0.04872586613616292,-0.06731043271741421
0.7438995466666678,-0.04685939355512364,-0.06754267233372042
0.7440995466666669,-0.05072600805741757,-0.06777206943627795
0.7442995466666664,-0.05165940047637808,-0.06799863454441823
0.7444995466666666,-0.05125952039533871,-0.06822237827132534
0.7446995466666668,-0.05125962531429933,-0.06844331132244266
0.7448995466666672,-0.05219303189992664,-0.06866144449387968
0.7450995466666663,-0.048193308068887275,-0.06887678867080839
0.7452995466666663,-0.05445980673784789,-0.06908935482586773
0.7454995466666674,-0.05379328374014191,-0.06929915401755411
0.7456995466666669,-0.05032684449243584,-0.06950619738861241
0.7458995466666665,-0.05206021066139645,-0.06971049616443636
0.746099546666666,-0.05406025849702368,-0.06991206165145242
0.7462995466666658,-0.0536603621659843,-0.07011090523550971
0.7464995466666666,-0.05579371291827831,-0.07030703838026815
0.7466995466666666,-0.05419389283723893,-0.07050047262558169
0.7468995466666659,-0.05326071233953286,-0.07069121958588909
0.7470995466666674,-0.05419409892516018,-0.07087929094859853
0.7472995466666674,-0.056060803427454196,-0.07106469847246522
0.747499546666667,-0.05392766584641473,-0.0712474539859863
0.747699546666666,-0.05339445576537534,-0.07142756938578036
0.7478995466666665,-0.05659445901766926,-0.07160505663497599
0.7480995466666669,-0.054727924769963285,-0.07177992776159306
0.7482995466666671,-0.0565946384389239,-0.07195219485693395
0.7484995466666666,-0.06099456002455123,-0.07212187007396989
0.7486995466666666,-0.05592823327684515,-0.07228896562573309
0.7488995466666672,-0.05579498402913907,-0.0724534937837038
0.749099546666667,-0.05686173186476639,-0.07261546687620438
0.7492995466666663,-0.054595249700393714,-0.07277489728679518
0.7494995466666663,-0.056728598786020934,-0.07293179745267121
0.7496995466666665,-0.06272848412164825,-0.07308617986306011
0.7498995466666671,-0.05792876612394218,-0.07323805705762497
0.7500995466666669,-0.0583288610429028,-0.07338744162486785
0.7502995466666664,-0.06326209471186353,-0.07353434620054008
0.7504995466666671,-0.05819572921415744,-0.07367878346605297
0.7506995466666675,-0.05819584038311797,-0.07382076614688907
0.7508995466666668,-0.06019587196874528,-0.0739603070110236
0.7510995466666666,-0.059262673137705904,-0.07409741886734782
0.7512995466666663,-0.05926278847333323,-0.07423211456409191
0.7514995466666667,-0.06259609422562715,-0.07436440698725866
0.7516995466666669,-0.05952967914458787,-0.07449430905905607
0.7518995466666665,-0.05979640739688179,-0.07462183373633904
0.7520995466666662,-0.0641963577325091,-0.07474699400905542
0.7522995466666669,-0.05939663848480303,-0.0748698028986938
0.7524995466666671,-0.06059669965376366,-0.07499027345673984
0.7526995466666666,-0.06299671248939087,-0.0751084187631371
0.7528995466666664,-0.0611302278250182,-0.07522425192475536
0.7530995466666668,-0.062063638160645515,-0.07533778607386148
0.7532995466666668,-0.06139709724627284,-0.07544903436659853
0.7534995466666667,-0.058463971331900066,-0.07555800998147197
0.7536995466666665,-0.06353054916752739,-0.07566472611784049
0.7538995466666667,-0.06099742366982131,-0.07576919599441534
0.7540995466666678,-0.061530834838781925,-0.07587143284776485
0.7542995466666669,-0.06486415184107584,-0.07597144993082602
0.7544995466666662,-0.06366429551003647,-0.0760692605114276
0.7546995466666664,-0.06233112167899719,-0.07616487787081466
0.7548995466666666,-0.0633978357646244,-0.07625831530218297
0.7550995466666666,-0.06433124860025173,-0.07634958610922302
0.7552995466666663,-0.06259807935254566,-0.07643870360467056
0.7554995466666661,-0.06459810760483957,-0.0765256811088652
0.7556995466666669,-0.06446488585713359,-0.076610531948318
0.7558995466666674,-0.06339837035942752,-0.07669326945428567
0.7560995466666669,-0.062198528195054836,-0.07677390696135644
0.7562995466666669,-0.06859838103068215,-0.07685245780604372
0.7564995466666666,-0.06206540636630938,-0.076928935325387
0.7566995466666666,-0.0636654517019367,-0.07700335285556403
0.756899546666667,-0.06366554703756402,-0.07707572373051134
0.7570995466666659,-0.06539893237319125,-0.07714606128055441
0.7572995466666663,-0.06486573062548516,-0.0772143788310492
0.7574995466666672,-0.06699908012777918,-0.07728068970102966
0.757699546666667,-0.06473260796340652,-0.07734500720186772
0.7578995466666667,-0.06299943954903373,-0.07740734463594534
0.7580995466666665,-0.06659938280132775,-0.07746771529533292
0.758299546666666,-0.06406628438695497,-0.07752613246047954
0.7584995466666666,-0.06539964888924889,-0.07758260939891588
0.7586995466666664,-0.06673303755820961,-0.07763715936396347
0.7588995466666657,-0.06339994206050353,-0.07768979559345929
0.7590995466666672,-0.06340004906279746,-0.07774053130849003
0.7592995466666674,-0.06753330106509148,-0.07778937971213366
0.7594995466666667,-0.0656668351507187,-0.07783635398821845
0.7596995466666665,-0.06366701923634602,-0.07788146730008957
0.7598995466666667,-0.06673367040530664,-0.07792473278938733
0.7600995466666665,-0.06713374157426735,-0.0779661635748378
0.7602995466666669,-0.06660053774322788,-0.0780057727510562
0.760499546666666,-0.0683339101621885,-0.07804357338735884
0.7606995466666662,-0.06580078716448254,-0.07807957852659182
0.7608995466666673,-0.06393429708344316,-0.07811380118396727
0.761099546666667,-0.06726759908573707,-0.07814625434591409
0.7612995466666668,-0.06726770275469768,-0.0781769509689419
0.7614995466666663,-0.06580120142365832,-0.0782059039785151
0.7616995466666661,-0.06833455009261884,-0.07823312626794106
0.7618995466666665,-0.06566808417824614,-0.0782586306972706
0.7620995466666669,-0.06726814659720688,-0.07828243009221061
0.762299546666666,-0.0690014919328342,-0.07830453724305086
0.7624995466666673,-0.06726835560179473,-0.07832496490360276
0.7626995466666673,-0.06593517010408864,-0.07834372579015066
0.7628995466666668,-0.06740187418971597,-0.07836083258041776
0.7630995466666666,-0.06913524535867657,-0.07837629791254455
0.7632995466666668,-0.0646021831943039,-0.07839013438408
0.7634995466666668,-0.07020207977993112,-0.07840235455098679
0.763699546666667,-0.06860225053222514,-0.07841297092665991
0.7638995466666667,-0.06700241378451907,-0.07842199598095843
0.7640995466666662,-0.07113569370347969,-0.07842944213925221
0.7642995466666669,-0.06940254153910701,-0.07843532178148008
0.7644995466666666,-0.06873600729140103,-0.07843964724122389
0.7646995466666666,-0.06780280596036155,-0.07844243080479492
0.7648995466666664,-0.06820289962932216,-0.07844368471033575
0.7650995466666666,-0.0664697174649495,-0.07844342114693431
0.765299546666667,-0.07060299446724341,-0.07844165225375294
0.7654995466666668,-0.07060312771953733,-0.07843839011917225
0.7656995466666665,-0.06873663347183126,-0.07843364677994719
0.7658995466666669,-0.06980334964079198,-0.07842743422037945
0.7660995466666671,-0.0676702224764193,-0.07841976437150244
0.7662995466666664,-0.06833695906204652,-0.07841064911028162
0.7664995466666669,-0.07273690314767384,-0.07840010025882856
0.7666995466666668,-0.07260367389996776,-0.07838812958362996
0.7668995466666666,-0.06740397090226179,-0.0783747487947906
0.767099546666667,-0.0724705670712223,-0.07835996954529041
0.7672995466666663,-0.06700422157351632,-0.07834380343025805
0.7674995466666661,-0.06900423065914366,-0.07832626198625564
0.7676995466666665,-0.07007095349477087,-0.07830735669058143
0.7678995466666667,-0.06927110258039819,-0.07828709896058512
0.7680995466666665,-0.0702045037493588,-0.07826550015299782
0.7682995466666669,-0.07060457866831943,-0.07824257156327812
0.7684995466666666,-0.06687152442061335,-0.07821832442497088
0.7686995466666666,-0.06953818433957398,-0.07819276990908199
0.7688995466666668,-0.0739381059252012,-0.07816591912346775
0.7690995466666659,-0.07073834917749522,-0.07813778311223836
0.7692995466666666,-0.06927185492978913,-0.07810837285517608
0.7694995466666676,-0.07140519401541637,-0.07807769926716959
0.7696995466666663,-0.06687213601771037,-0.07804577319766169
0.7698995466666665,-0.0716720513533377,-0.07801260543011021
0.7700995466666669,-0.07380539668896503,-0.07797820668146836
0.7702995466666664,-0.07393885910792554,-0.07794258760167518
0.7704995466666666,-0.06993908402688626,-0.0779057587731626
0.7706995466666664,-0.07473902061251349,-0.07786773071037778
0.7708995466666655,-0.07087262678147421,-0.07782851385931884
0.7710995466666672,-0.07207266128376813,-0.07778811859708547
0.7712995466666677,-0.07087283078606206,-0.07774655523144682
0.7714995466666663,-0.07113958362168937,-0.07770383400042005
0.7716995466666667,-0.06953973604065,-0.07765996507186476
0.7718995466666667,-0.07300639720961062,-0.07761495854309525
0.7720995466666667,-0.06993994254523783,-0.07756882444050255
0.7722995466666671,-0.06954006871419846,-0.0775215727191946
0.7724995466666662,-0.07314004196649239,-0.07747321326264965
0.7726995466666664,-0.0715402077187864,-0.07742375588238297
0.7728995466666673,-0.07154031222108043,-0.07737321031763089
0.7730995466666668,-0.07394031547337425,-0.07732158623504751
0.7732995466666663,-0.06980725705900157,-0.07726889322841522
0.7734995466666663,-0.06967400614462887,-0.07721514081837057
0.7736995466666658,-0.07154072731358951,-0.0771603384521453
0.7738995466666665,-0.07300746598255013,-0.07710449550331949
0.7740995466666665,-0.07127426256817744,-0.07704762127159119
0.7742995466666662,-0.07327430623713807,-0.07698972498255878
0.7744995466666671,-0.0716744886560987,-0.076930815787517
0.7746995466666673,-0.07034129649172591,-0.0768709027632702
0.7748995466666666,-0.07340796432735323,-0.07680999491195574
0.7750995466666664,-0.06994152049631386,-0.07674810116088251
0.7752995466666668,-0.07194154499860778,-0.07668523036238552
0.775499546666667,-0.07314160741756841,-0.07662139129369255
0.7756995466666663,-0.06754192775319572,-0.0765565926568037
0.775899546666666,-0.06940861892215634,-0.07649084307838622
0.7760995466666665,-0.07300859925778366,-0.07642415110968294
0.7762995466666671,-0.06954217001007758,-0.07635652522643381
0.7764995466666669,-0.0699422499290382,-0.07628797382881147
0.7766995466666669,-0.07220894651466553,-0.07621850524136842
0.7768995466666664,-0.06994248185029285,-0.0761481277130005
0.7770995466666666,-0.06900926843592006,-0.0760768494169212
0.777299546666667,-0.0723425733548808,-0.0760046784506511
0.7774995466666663,-0.07060940744050802,-0.0759316228360193
0.7776995466666663,-0.07047619777613523,-0.07585769051917711
0.7778995466666672,-0.07407615436176256,-0.07578288937062676
0.7780995466666674,-0.06674323303072317,-0.07570722718526267
0.7782995466666665,-0.0726097812830171,-0.0756307116824236
0.7784995466666669,-0.07274319453531113,-0.07555335050595736
0.7786995466666666,-0.07167669195427163,-0.07547515122430402
0.7788995466666664,-0.06807693478989905,-0.07539612133058231
0.7790995466666668,-0.07207687679219299,-0.07531626824269586
0.7792995466666663,-0.0684771121278203,-0.07523559930344945
0.7794995466666661,-0.06701059746344752,-0.07515412178067536
0.779699546666667,-0.06994390946574155,-0.07507184286737512
0.7798995466666667,-0.06941072438470207,-0.07498876968187242
0.7800995466666665,-0.06834421430366279,-0.07490490926797591
0.7802995466666669,-0.0730107788059566,-0.07482026859515599
0.7804995466666669,-0.06927772080825063,-0.07473485455873344
0.7806995466666669,-0.06794452072721124,-0.07464867398007763
0.7808995466666664,-0.06901127022950518,-0.07456173360681898
0.7810995466666666,-0.06687812514846589,-0.07447404011306909
0.781299546666667,-0.06714488881742642,-0.07438560009965722
0.7814995466666672,-0.07021152040305373,-0.0742964200943735
0.7816995466666663,-0.06834506657201436,-0.07420650655222512
0.7818995466666665,-0.06661186732430828,-0.07411586585570176
0.7820995466666669,-0.0695452172432689,-0.07402450431505633
0.7822995466666669,-0.06567878716222952,-0.0739324281685911
0.7824995466666669,-0.06941210249785684,-0.07383964358295661
0.7826995466666664,-0.06874555950015075,-0.07374615665346207
0.782899546666666,-0.06861232275244479,-0.07365197340439451
0.7830995466666666,-0.06674584933807201,-0.07355709978934766
0.7832995466666668,-0.06794589800703262,-0.07346154169156525
0.7834995466666668,-0.06847930084265995,-0.07336530492428749
0.7836995466666667,-0.06981267076162057,-0.07326839523111241
0.783899546666667,-0.06927948943058118,-0.07317081828636524
0.7840995466666665,-0.06861295434954182,-0.07307257969547862
0.7842995466666665,-0.06727976843516903,-0.07297368499537857
0.7844995466666662,-0.06754654627079634,-0.07287413965488487
0.7846995466666666,-0.06461345202309038,-0.07277394907511722
0.7848995466666673,-0.06861336194205099,-0.07267311858991107
0.7850995466666668,-0.06768017936101162,-0.07257165346624446
0.7852995466666666,-0.06821360552997215,-0.07246955890466833
0.7854995466666668,-0.06768039128226616,-0.07236684003975238
0.7856995466666661,-0.06874713328456007,-0.07226350194053498
0.7858995466666665,-0.0651473698701874,-0.07215954961098112
0.7860995466666665,-0.06674741020581472,-0.07205498799045365
0.786299546666666,-0.06728081345810864,-0.07194982195418534
0.7864995466666671,-0.06434771712706927,-0.07184405631376292
0.7866995466666675,-0.06714772412936319,-0.07173769581762249
0.7868995466666666,-0.06648117696499051,-0.07163074515154463
0.7870995466666668,-0.06728123980061773,-0.07152320893916124
0.787299546666667,-0.06634805721957836,-0.0714150917424724
0.7874995466666666,-0.06634814172187237,-0.07130639806236644
0.7876995466666663,-0.0667482612241664,-0.07119713233914733
0.7878995466666665,-0.06474842989312692,-0.0710872989530714
0.7880995466666667,-0.06621514689542093,-0.07097690222489016
0.7882995466666671,-0.06728187681438147,-0.0708659464163979
0.7884995466666669,-0.06368211673334218,-0.07075443573098862
0.7886995466666666,-0.06648208915230269,-0.0706423743142164
0.7888995466666666,-0.06661556990459673,-0.07052976625436497
0.7890995466666657,-0.06768227232355735,-0.07041661558302179
0.7892995466666664,-0.06741572265918457,-0.07030292627565608
0.7894995466666661,-0.06621587966147857,-0.07018870225220954
0.7896995466666663,-0.0666159687471058,-0.07007394737768305
0.7898995466666676,-0.06914930408273312,-0.06995866546273644
0.7900995466666674,-0.06568287358502714,-0.0698428602642927
0.7902995466666669,-0.06688294517065438,-0.06972653548614159
0.7904995466666664,-0.06528310467294829,-0.06960969477955495
0.7906995466666666,-0.06394993084190892,-0.06949234174390445
0.7908995466666664,-0.06408337201086964,-0.06937447992728459
0.7910995466666668,-0.06768334276316355,-0.06925611282713834
0.7912995466666664,-0.06448358184879077,-0.06913724389089071
0.7914995466666668,-0.0656836263510847,-0.06901787651658252
0.7916995466666668,-0.06675035335337881,-0.0688980140535131
0.7918995466666667,-0.06435056577233933,-0.06877765980288275
0.7920995466666669,-0.06915045402463327,-0.06865681701844087
0.7922995466666669,-0.06808397102692718,-0.06853548890713891
0.7924995466666671,-0.06408423552922121,-0.06841367862978492
0.7926995466666671,-0.06448428919818183,-0.06829138930170285
0.7928995466666664,-0.06795094203380915,-0.06816862399339473
0.7930995466666666,-0.06288456903610307,-0.06804538573120461
0.7932995466666672,-0.063817968538397,-0.06792167749798932
0.7934995466666672,-0.06301809804069101,-0.06779750223378891
0.7936995466666668,-0.06128494170965163,-0.06767286283649894
0.7938995466666667,-0.06341830746194556,-0.06754776216254779
0.7940995466666665,-0.06568499654757287,-0.06742220302757707
0.7942995466666667,-0.06395181396653349,-0.06729618820712024
0.7944995466666664,-0.06355194971882742,-0.06716972043728807
0.7946995466666662,-0.06835186838778803,-0.06704280241545227
0.7948995466666662,-0.06475212039008195,-0.06691543680093318
0.7950995466666666,-0.06448557114237598,-0.06678762621568836
0.7952995466666668,-0.0639523427280032,-0.06665937324500423
0.7954995466666666,-0.06475243514696381,-0.06653068043818557
0.795699546666667,-0.06355258714925785,-0.0664015503092492
0.795899546666667,-0.061552754984885064,-0.06627198533761969
0.7960995466666665,-0.06115287907051239,-0.06614198796882247
0.7962995466666665,-0.062352953989473,-0.0660115606151794
0.7964995466666662,-0.06155310057510033,-0.0658807056565083
0.7966995466666669,-0.06208649132739425,-0.06574942544081588
0.7968995466666675,-0.06328655374635497,-0.06561772228499985
0.7970995466666664,-0.06435327991531549,-0.06548559847554469
0.7972995466666666,-0.06328675608427611,-0.06535305626921599
0.7974995466666672,-0.06115361016990343,-0.0652200978937649
0.7976995466666663,-0.06368695425553066,-0.06508672554862385
0.7978995466666661,-0.060753840007824675,-0.06495294140559989
0.7980995466666665,-0.061287249926785296,-0.0648187476095773
0.798299546666666,-0.06608719151241252,-0.06468414627921272
0.7984995466666676,-0.06142079643137324,-0.06454913950762797
0.7986995466666678,-0.06342083176700047,-0.06441372936311192
0.7988995466666668,-0.06462088501929439,-0.06427791788980762
0.799099546666667,-0.062221078271588404,-0.06414170710840778
0.7992995466666668,-0.06195452527388232,-0.06400509901684982
0.7994995466666666,-0.06395457227617635,-0.06386809559100244
0.7996995466666663,-0.05862151094513686,-0.06373069878535662
0.7998995466666663,-0.06195483836409759,-0.06359291053371338
0.8000995466666665,-0.06462149828305812,-0.06345473274986865
0.8002995466666671,-0.060755081535352126,-0.06331616732829827
0.8004995466666669,-0.06115518478764615,-0.06317721614484116
0.8006995466666669,-0.06328853595660668,-0.06303788105737544
0.8008995466666666,-0.058622140042234,-0.06289816390650038
0.8010995466666659,-0.057955622461194616,-0.06275806651620988
0.8012995466666659,-0.06355551238015524,-0.06261759069456489
0.8014995466666659,-0.05822247521578246,-0.062476738234366044
0.8016995466666663,-0.05942255346807638,-0.062335510913819996
0.8018995466666676,-0.05915598880370371,-0.06219391049720383
0.8020995466666676,-0.059289416639331016,-0.06205193873553022
0.8022995466666667,-0.06102279489162494,-0.06190959736720269
0.8024995466666669,-0.05755636481058567,-0.061766888118671495
0.8026995466666669,-0.05875642056287958,-0.06162381270509049
0.8028995466666666,-0.05715659131517351,-0.0614803728309625
0.8030995466666664,-0.06022324290080083,-0.061336570190786886
0.8032995466666659,-0.056223521569761445,-0.06119240646970076
0.8034995466666666,-0.055290327322055376,-0.06104788334411745
0.803699546666667,-0.05969024557434939,-0.060903002482363876
0.8038995466666663,-0.05742376799331002,-0.06075776554530845
0.8040995466666669,-0.05782386832893723,-0.06061217418698697
0.8042995466666667,-0.058357279081231256,-0.0604662300552303
0.8044995466666669,-0.052890925666858477,-0.06031993479227697
0.8046995466666662,-0.0559575780858191,-0.06017329003539235
0.804899546666666,-0.05649098717144642,-0.06002629741747434
0.8050995466666666,-0.05702440667374034,-0.059878958567661046
0.8052995466666677,-0.05475794825936766,-0.05973127511193145
0.805499546666667,-0.057424591928328286,-0.05958324867370273
0.8056995466666668,-0.051424932680622204,-0.05943488087441581
0.8058995466666667,-0.05702483551624953,-0.05928617333412796
0.8060995466666667,-0.05675827293521016,-0.059137127672091186
0.8062995466666665,-0.052891866604170765,-0.0589877455073291
0.8064995466666665,-0.05675848902313139,-0.058838028459208117
0.8066995466666662,-0.056491936858758716,-0.0586879781480031
0.8068995466666664,-0.05315883552771923,-0.05853759619545794
0.8070995466666671,-0.05435889169667985,-0.05838688422534124
0.8072995466666668,-0.05502564203230718,-0.0582358438639967
0.8074995466666668,-0.0520925136179345,-0.058084476740884204
0.8076995466666672,-0.05622580728689513,-0.05793278448912165
0.8078995466666667,-0.05595925970585574,-0.057780768746017286
0.8080995466666667,-0.05502607670814977,-0.057628431153593916
0.8082995466666665,-0.05355957579377697,-0.05747577335911405
0.8084995466666669,-0.05382630904607091,-0.057322797015590884
0.8086995466666671,-0.05142652271503152,-0.05716950378230235
0.8088995466666669,-0.05049333805065884,-0.057015895325289806
0.8090995466666666,-0.05502657296961947,-0.05686197331785665
0.8092995466666666,-0.05076018622191339,-0.056707739441059245
0.809499546666667,-0.05196026030754071,-0.05655319538419114
0.8096995466666661,-0.055026890643167924,-0.05639834284526269
0.8098995466666663,-0.05196044847879526,-0.056243183531467615
0.8100995466666665,-0.052493892564422565,-0.05608771915965506
0.8102995466666665,-0.05196066956671649,-0.05593195145678332
0.8104995466666669,-0.05009418198567711,-0.05577588216037391
0.8106995466666671,-0.05209422398797113,-0.055619513018957255
0.8108995466666669,-0.052627625156931764,-0.05546284579250992
0.8110995466666668,-0.05076112215922568,-0.055305882252886754
0.8112995466666668,-0.04889465582818629,-0.0551486241842481
0.8114995466666663,-0.05089465199714693,-0.05499107338347608
0.8116995466666663,-0.047828241916107544,-0.05483323166058601
0.8118995466666663,-0.05356144600173486,-0.054675100839131546
0.8120995466666667,-0.05302824133736208,-0.05451668275660248
0.8122995466666671,-0.04676191375632281,-0.05435797926481431
0.8124995466666669,-0.049828586175283324,-0.05419899223029227
0.8126995466666669,-0.050495326094243946,-0.054039723534645825
0.8128995466666669,-0.04849550476320458,-0.05388017507494001
0.8130995466666662,-0.04676234134883189,-0.053720348764055924
0.8132995466666662,-0.050495622517792514,-0.053560246531044124
0.8134995466666659,-0.047029209936753136,-0.05339987032147506
0.8136995466666663,-0.04796262027238035,-0.053239222097775867
0.8138995466666676,-0.04636277977467438,-0.05307830383956472
0.8140995466666676,-0.0442296317769683,-0.05291711754397747
0.8142995466666667,-0.04982953086259562,-0.05275566522598231
0.8144995466666671,-0.04769638536488954,-0.05259394891868921
0.8146995466666671,-0.04796313945051686,-0.0524319706736589
0.8148995466666662,-0.046096668119477484,-0.05226973256119396
0.8150995466666662,-0.046363392205104804,-0.05210723667062579
0.8152995466666666,-0.04876341420739873,-0.051944485110598106
0.815499546666667,-0.04756356412635935,-0.05178148000933901
0.8156995466666672,-0.04863031154531997,-0.0516182235149256
0.8158995466666663,-0.043697271464280596,-0.05145471779554275
0.816099546666667,-0.04609730096657451,-0.05129096503972998
0.8162995466666669,-0.04743066213553514,-0.05112696745663049
0.8164995466666658,-0.04303093413782915,-0.050962727276220594
0.816699546666666,-0.045830950306789776,-0.050798246749536966
0.8168995466666658,-0.047964270642417,-0.05063352814890131
0.8170995466666666,-0.043297909311377614,-0.05046857376812674
0.8172995466666677,-0.04556460964700494,-0.05030338592272627
0.8174995466666672,-0.045031386649298864,-0.05013796695010964
0.8176995466666668,-0.04383154865159288,-0.049972319209766594
0.8178995466666668,-0.0444982864872202,-0.049806445083454894
0.8180995466666667,-0.04409840598951402,-0.049640346975371306
0.8182995466666665,-0.04436516090847464,-0.04947402731231833
0.8184995466666662,-0.04263200374410197,-0.04930748854386166
0.8186995466666669,-0.04289877699639588,-0.04914073314248111
0.8188995466666671,-0.04156558774868991,-0.04897376360371628
0.8190995466666671,-0.04423225433431713,-0.048806582446298555
0.8192995466666668,-0.04436568341994446,-0.04863919221228059
0.8194995466666668,-0.041165920005571774,-0.04847159546715564
0.8196995466666668,-0.04396590659119899,-0.04830379479997245
0.8198995466666663,-0.04316606817682632,-0.04813579282343727
0.8200995466666667,-0.03716639559578693,-0.047967592174012384
0.8202995466666665,-0.043432924681414256,-0.0477991955120081
0.8204995466666669,-0.041833082517041584,-0.04763060552166092
0.8206995466666671,-0.0418331686860021,-0.047461824911212
0.8208995466666669,-0.04169996985496272,-0.04729285641297268
0.8210995466666666,-0.043566676857256736,-0.04712370278338354
0.8212995466666675,-0.04250014094288406,-0.04695436680306693
0.8214995466666664,-0.044766816278511284,-0.04678485127687585
0.8216995466666659,-0.044500281614138604,-0.046615159033922215
0.8218995466666661,-0.04263379569976593,-0.0464452929276158
0.8220995466666663,-0.04116728478539315,-0.04627525583568241
0.8222995466666665,-0.042900665537687066,-0.04610505066017986
0.8224995466666667,-0.04076751462331439,-0.04593468032750638
0.8226995466666669,-0.04303418495894162,-0.045764147788399316
0.8228995466666666,-0.04036773237790233,-0.04559345601793174
0.8230995466666671,-0.041701128130196254,-0.04542260801549401
0.8232995466666668,-0.03770137054915687,-0.045251606804777876
0.8234995466666666,-0.03970140130145079,-0.04508045543374374
0.8236995466666659,-0.041034791220411516,-0.04490915697458793
0.8238995466666668,-0.041568219472705434,-0.04473771452369688
0.824099546666667,-0.04223495564166606,-0.04456613120160455
0.8242995466666672,-0.039568485560626684,-0.04439441015292759
0.8244995466666667,-0.0410352175629206,-0.04422255454630753
0.8246995466666669,-0.04143533248188122,-0.04405056757433685
0.8248995466666669,-0.04130205740084185,-0.04387845245348414
0.8250995466666662,-0.041168871486469166,-0.04370621242400943
0.8252995466666659,-0.040368996405429784,-0.04353385074987105
0.8254995466666664,-0.03756920465772371,-0.04336137071863006
0.8256995466666666,-0.04103583916001763,-0.043188775641346884
0.8258995466666676,-0.03836939907897825,-0.04301606885246682
0.8260995466666674,-0.03970276274793898,-0.042843253709706784
0.8262995466666665,-0.03836959600023289,-0.0426703335939264
0.8264995466666671,-0.03690309466919352,-0.04249731190899841
0.8266995466666669,-0.03956977333815414,-0.04232419208167607
0.8268995466666664,-0.040903139923781355,-0.04215097756144335
0.8270995466666662,-0.03983663400940868,-0.041977671820368136
0.8272995466666668,-0.0377034635117026,-0.04180427835294557
0.8274995466666668,-0.037970225930663216,-0.041630800675936976
0.827699546666667,-0.035703765432957245,-0.04145724232819836
0.8278995466666663,-0.03783711035191786,-0.04128360687050869
0.828099546666667,-0.03917050277087848,-0.041109897885385153
0.8282995466666667,-0.038104001856505705,-0.04093611897690193
0.8284995466666658,-0.03890405260879973,-0.04076227377049328
0.828699546666666,-0.03797087461109365,-0.04058836591275426
0.828899546666666,-0.037970990780054274,-0.04041439907124063
0.8290995466666666,-0.038504384032348196,-0.04024037693425452
0.8292995466666675,-0.03930446020130891,-0.04006630321063155
0.8294995466666677,-0.039571215536936134,-0.03989218162951821
0.8296995466666666,-0.036238116289230154,-0.039718015940144534
0.8298995466666672,-0.039838089124857375,-0.03954380991158838
0.8300995466666667,-0.039838187793818,-0.039369567332545874
0.8302995466666665,-0.03543846937944532,-0.03919529201107954
0.8304995466666665,-0.03663852888173924,-0.03902098777437425
0.8306995466666662,-0.03730527505069986,-0.03884665846848263
0.8308995466666669,-0.03383884621966049,-0.03867230795806366
0.8310995466666671,-0.034505601138621105,-0.03849794012612404
0.8312995466666664,-0.03650562439091503,-0.03832355887374347
0.8314995466666668,-0.034505796393209054,-0.03814916811980172
0.8316995466666668,-0.035705857145502964,-0.037974771800703556
0.8318995466666663,-0.036372607897796894,-0.037800373870090484
0.8320995466666663,-0.03263952198342421,-0.03762597829855371
0.8322995466666656,-0.03437288231905153,-0.03745158907334276
0.8324995466666667,-0.038106193488012155,-0.037277210198063966
0.8326995466666676,-0.033039812990306075,-0.03710284569238374
0.8328995466666671,-0.035173186242600095,-0.036928499591718476
0.8330995466666666,-0.03463996907822732,-0.03675417594692223
0.8332995466666666,-0.03650667941385464,-0.03657987882397329
0.8334995466666666,-0.034373520999481856,-0.036405612303655896
0.8336995466666663,-0.03544026091844257,-0.03623138048123536
0.8338995466666663,-0.029573897087403198,-0.036057187466129
0.8340995466666663,-0.035307124923030425,-0.03588303738157738
0.8342995466666667,-0.03304066734199104,-0.035708934364305986
0.8344995466666667,-0.028240947260951665,-0.035534882564189255
0.8346995466666669,-0.032374233013245685,-0.0353608861439032
0.8348995466666669,-0.032507682098872906,-0.03518694927858236
0.8350995466666673,-0.030907827434500226,-0.035013076155466824
0.8352995466666668,-0.03344117277012745,-0.03483927097355143
0.8354995466666668,-0.032374659772421474,-0.034665537943224155
0.8356995466666659,-0.02677496177471539,-0.034491881285910415
0.8358995466666668,-0.030508264610342714,-0.03431830523370335
0.8360995466666672,-0.028508438279303338,-0.03414481402900401
0.836299546666667,-0.030775124448263955,-0.03397141192414575
0.8364995466666665,-0.03330848020055788,-0.03379810318102283
0.8366995466666669,-0.031175331369518496,-0.03362489207071203
0.8368995466666669,-0.02957547337181242,-0.03345178287309904
0.8370995466666664,-0.03050889537410644,-0.03327877987649193
0.8372995466666664,-0.02970904570973376,-0.033105887377236465
0.8374995466666664,-0.02717590396202768,-0.032933109679333265
0.8376995466666668,-0.028509292214321608,-0.03276045109404387
0.8378995466666666,-0.030242654216615622,-0.03258791593950184
0.838099546666667,-0.02744287330224285,-0.03241550854031488
0.8382995466666665,-0.02757629947120347,-0.03224323322717222
0.8384995466666672,-0.03064295772349749,-0.03207109433644146
0.8386995466666669,-0.026376556392458013,-0.031899096209771674
0.8388995466666664,-0.025710042561418633,-0.03172724319368673
0.839099546666666,-0.027843384563712652,-0.031555539639181826
0.8392995466666666,-0.025176903649339874,-0.03138398990131563
0.839499546666667,-0.026643634818300597,-0.031212598338804368
0.8396995466666672,-0.028910326820594516,-0.03104136931360832
0.8398995466666663,-0.024243922156221842,-0.03087030719052126
0.8400995466666668,-0.027977228741849058,-0.030699416336753042
0.840299546666667,-0.024110811994143083,-0.030528701121521753
0.840499546666666,-0.026510816496437002,-0.030358165915632278
0.840699546666666,-0.027710899748730925,-0.03018781509105665
0.8408995466666662,-0.025977730917691545,-0.03001765302052036
0.8410995466666666,-0.024644563753318867,-0.029847684077078294
0.8412995466666673,-0.027711194922279487,-0.02967791263369544
0.8414995466666677,-0.02584470067457341,-0.029508343062823537
0.8416995466666666,-0.023978224343534034,-0.02933897973597991
0.8418995466666672,-0.022911722595827955,-0.029169827023316823
0.8420995466666672,-0.025845044598121973,-0.029000889293207897
0.8422995466666665,-0.022778579100415898,-0.02883217091181415
0.8424995466666665,-0.02597855568604322,-0.028663676242659322
0.8426995466666669,-0.023845414771670535,-0.028495409646206258
0.8428995466666671,-0.02357884719063106,-0.02832737547942958
0.8430995466666671,-0.02091241294292508,-0.02815957809538587
0.8432995466666666,-0.023045779945219003,-0.027992021842788324
0.8434995466666668,-0.021045947364179626,-0.027824711065578014
0.8436995466666668,-0.022645980616473542,-0.027657650102497804
0.8438995466666657,-0.021046167618767563,-0.027490843286663777
0.8440995466666661,-0.021179589621061482,-0.02732429494513415
0.8442995466666661,-0.020246395790022104,-0.027158009398488774
0.8444995466666669,-0.019579867792316026,-0.02699199096039457
0.8446995466666678,-0.022113187711276655,-0.026826243937183757
0.8448995466666671,-0.021446656796903968,-0.026660772627425222
0.8450995466666664,-0.02051348296586459,-0.026495581321495217
0.8452995466666671,-0.01918028496815861,-0.026330674301154492
0.8454995466666668,-0.021580300303785833,-0.026166055839125766
0.8456995466666664,-0.02424697147274646,-0.026001730198663277
0.8458995466666659,-0.016780717225040476,-0.025837701633132506
0.8460995466666663,-0.020247357977334395,-0.02567397438558559
0.846299546666667,-0.021314074979628318,-0.02551055268834106
0.8464995466666667,-0.01878092531525564,-0.02534744076256198
0.8466995466666662,-0.01931435815088286,-0.025184642817833915
0.8468995466666664,-0.021181049319843583,-0.02502216305174691
0.8470995466666671,-0.017847951738804203,-0.024860005649478
0.8472995466666666,-0.019448008324431422,-0.024698174783376176
0.8474995466666662,-0.015714903660058746,-0.024536674612542657
0.8476995466666657,-0.020914810245685964,-0.02437550928242002
0.8478995466666672,-0.017181747247979988,-0.024214682924377347
0.8480995466666674,-0.01744850716694061,-0.02405419965530482
0.848299546666667,-0.017048608752567935,-0.02389406357719716
0.8484995466666665,-0.01958195867152855,-0.023734278776748087
0.8486995466666671,-0.017048833590489178,-0.023574849324945298
0.8488995466666669,-0.015048993509449793,-0.023415779276667346
0.8490995466666662,-0.018648984678410314,-0.023257072670277584
0.8492995466666662,-0.017449119180704336,-0.023098733527225433
0.8494995466666664,-0.018115874099664954,-0.022940765851648223
0.8496995466666666,-0.017449350685292284,-0.022783173629974195
0.8498995466666666,-0.0177161072709195,-0.022625960830528057
0.8500995466666663,-0.014249678023213424,-0.022469131403138182
0.8502995466666663,-0.018382946275507447,-0.022312689278746935
0.8504995466666674,-0.014916532444468066,-0.022156638369022093
0.8506995466666671,-0.014383313613428686,-0.022000982565974863
0.8508995466666669,-0.015050082699056005,-0.021845725741571318
0.851099546666666,-0.017050084701349926,-0.02169087174735594
0.8512995466666671,-0.01091710753697715,-0.02153642441407026
0.8514995466666673,-0.01358377745593787,-0.021382387551282907
0.851699546666667,-0.013050569041565093,-0.021228764947011283
0.8518995466666659,-0.014250597293859114,-0.021075560367354224
0.8520995466666668,-0.015450686379486335,-0.020922777556120827
0.8522995466666672,-0.014784140465113657,-0.02077042023447324
0.8524995466666665,-0.011184375384074276,-0.020618492100559518
0.852699546666666,-0.013851059886368198,-0.02046699682915405
0.8528995466666662,-0.01358450480532882,-0.02031593807130453
0.8530995466666669,-0.013451275140956141,-0.020165319453979026
0.8532995466666675,-0.014784666309916763,-0.020015144579715035
0.853499546666667,-0.012518189978877384,-0.019865417026274472
0.8536995466666659,-0.013851586564504706,-0.01971614034629793
0.853899546666667,-0.011585095650131926,-0.019567318066963376
0.8540995466666672,-0.013985133485759247,-0.01941895368965645
0.8542995466666663,-0.01105199882138647,-0.019271050689629542
0.854499546666666,-0.013852004157013788,-0.0191236125156725
0.8546995466666667,-0.011718846992641111,-0.018976642589788054
0.8548995466666669,-0.010252355244935032,-0.018830144306869086
0.8550995466666671,-0.009585826413895653,-0.0186841210343756
0.855299546666666,-0.009452585082856275,-0.018538576112021334
0.8554995466666668,-0.010919299168483595,-0.018393512851455764
0.855699546666667,-0.007586204087444218,-0.018248934535964052
0.8558995466666659,-0.012652778173071538,-0.01810484442015396
0.8560995466666661,-0.00998632767536546,-0.01796124572965444
0.8562995466666663,-0.007319865927659382,-0.017818141660822497
0.8564995466666667,-0.009053221679953405,-0.017675535380444647
0.8566995466666678,-0.008786678265580626,-0.017533430025448063
0.8568995466666671,-0.008786791934541245,-0.01739182870261565
0.8570995466666662,-0.010920135186835263,-0.01725073448829921
0.8572995466666671,-0.008387005105795887,-0.01711015042814211
0.8574995466666673,-0.005720548774756508,-0.016970079536809485
0.8576995466666664,-0.006653962027050431,-0.016830524797711494
0.8578995466666663,-0.008253989029344351,-0.01669148916273714
0.8580995466666663,-0.007854119364971672,-0.016552975551995443
0.858299546666667,-0.009454171783932295,-0.016414986853553203
0.858499546666667,-0.0019878921195596155,-0.016277525923183492
0.858699546666666,-0.005454526205186836,-0.016140595584113075
0.8588995466666669,-0.007987862374147458,-0.016004198626775084
0.8590995466666669,-0.00438810270977478,-0.01586833780857291
0.859299546666666,-0.006121471378735399,-0.01573301585363711
0.8594995466666662,-0.007188227131029321,-0.015598235452592443
0.8596995466666659,-0.002521834133323242,-0.015463999262332688
0.859899546666667,-0.006388453218950563,-0.015330309905791121
0.8600995466666677,-0.0041219806379111865,-0.01519716997172474
0.8602995466666672,-0.0019888430568718064,-0.015064582014495228
0.8604995466666665,-0.003988848809165826,-0.014932548553857217
0.8606995466666667,-0.00638886414479305,-0.014801072074751368
0.8608995466666669,-0.00012254489708707003,-0.014670155027103591
0.861099546666666,1.0667267285708118e-05,-0.014539799825625506
0.8612995466666666,-0.007989113901674913,-0.014410008849617406
0.8614995466666666,-0.003322750903968833,-0.014280784442785053
0.861699546666667,-0.001589567072929456,-0.014152128913049344
0.8618995466666668,-0.0030562911585567763,-0.014024044532369434
0.8620995466666663,0.0013434355891492021,-0.013896533536564297
0.8622995466666667,-0.0006565889131447174,-0.013769598125142677
0.8624995466666667,-0.0021233150821053388,-0.013643240461137384
0.8626995466666671,-0.0009234700010659607,-0.013517462670941012
0.8628995466666669,-0.0019901895033598814,-0.013392266844151063
0.8630995466666656,-0.0022569415056539043,-0.013267655033414094
0.8632995466666671,0.0033427252420521747,-0.013143629254277015
0.8634995466666675,-0.0010572071769084455,-0.01302019148504922
0.8636995466666668,-0.00012400376253566756,-0.012897343666657714
0.8638995466666659,0.003342411318503713,-0.012775087702512728
0.8640995466666668,0.0018757047328763904,-0.012653425458379646
0.864299546666667,-0.0007909743527509307,-0.012532358762256307
0.8644995466666665,0.003608758228288449,-0.012411889404248203
0.8646995466666665,-0.001191177107338872,-0.012292019136453907
0.8648995466666665,-0.0006579545262994941,-0.012172749672855367
0.8650995466666669,0.0020084880547399844,-0.012054082689209794
0.8652995466666666,-0.0019914639475540376,-0.011936019822949819
0.8654995466666666,0.0020082823834853426,-0.011818562673083144
0.8656995466666664,0.001208192464524721,-0.01170171280010357
0.865899546666667,0.00027482962889749905,-0.011585471725900421
0.8660995466666674,0.001474672626603479,-0.011469840933678007
0.8662995466666668,0.004674446457642856,-0.011354821867875767
0.8664995466666658,0.0041410111220155366,-0.011240415934093627
0.8666995466666669,-0.00012559421361168534,-0.011126624499023198
0.8668995466666669,0.0032075000340943925,-0.011013448890387446
0.8670995466666669,7.543031800371844e-06,-0.01090089039687429
0.8672995466666664,0.0008073839461730497,-0.010788950268086753
0.8674995466666668,0.006007075277212429,-0.0106776297144892
0.867699546666667,0.005873648691585208,-0.010566929907364289
0.8678995466666664,0.006140212939291286,-0.010456851978770101
0.8680995466666661,0.0014736113536639658,-0.01034739702150346
0.8682995466666661,0.005740020184703345,-0.010238566089069047
0.8684995466666667,0.003340004015742722,-0.010130360195651257
0.8686995466666674,0.006006442846782102,-0.010022780316092857
0.8688995466666676,0.00547303834448808,-0.009915827385875845
0.8690995466666664,0.0032063463421941607,-0.009809502301108403
0.8692995466666673,0.008672703089900237,-0.00970380591851306
0.8694995466666671,0.005606031920939615,-0.009598739055428657
0.8696995466666664,0.003739359501978996,-0.009494302489804898
0.8698995466666664,0.006672467499684974,-0.009390496960208702
0.8700995466666668,0.005872394664057753,-0.00928732316583424
0.8702995466666672,0.007605555995097132,-0.009184781766516445
0.870499546666667,0.008538757326136511,-0.009082873382748624
0.8706995466666665,0.00467212532384249,-0.008981598595705253
0.8708995466666667,0.01027181123821527,-0.008880957947268625
0.8710995466666669,0.008671760485921247,-0.00878095194006208
0.8712995466666658,0.004271821816960626,-0.008681581037484986
0.8714995466666662,0.006404978148000003,-0.008582845663751155
0.8716995466666659,0.007604831562372784,-0.008484746203937505
0.8718995466666672,0.005871459560078762,-0.008387283004029276
0.8720995466666677,0.008271250474451541,-0.008290456370977308
0.8722995466666672,0.01120435972215752,-0.008194266572752514
0.8724995466666663,0.010004323136530298,-0.00809871383840874
0.8726995466666669,0.008404264050902976,-0.008003798358148883
0.8728995466666671,0.009070804131942355,-0.007909520283397309
0.8730995466666669,0.006004141712981734,-0.00781587972687263
0.8732995466666658,0.0061373555440211135,-0.00772287676266728
0.8734995466666662,0.008270516875060491,-0.0076305114263290775
0.873699546666667,0.006137172372766571,-0.007538783714951496
0.873899546666667,0.008136972870472551,-0.0074476935872636665
0.8740995466666659,0.010803434201511928,-0.007357240963724893
0.8742995466666663,0.007870108032551308,-0.007267425726623542
0.8744995466666667,0.007336709363590686,-0.0071782477201839945
0.8746995466666667,0.012536378611296764,-0.0070897067506713795
0.8748995466666665,0.010269708275669445,-0.00700180258650361
0.8750995466666656,0.007736375856708922,-0.006914534958367332
0.8752995466666671,0.0117361038544149,-0.006827903559335689
0.8754995466666673,0.00986939435212098,-0.006741908044995324
0.875699546666667,0.0074693985998269576,-0.006656548033569947
0.8758995466666659,0.012135778680866337,-0.006571823106052553
0.876099546666667,0.011602373761905815,-0.0064877328063390844
0.8762995466666668,0.008669036342945094,-0.006404276641370308
0.8764995466666667,0.014268692673984474,-0.006321454081270209
0.8766995466666665,0.009468799005023853,-0.0062392645594938415
0.8768995466666665,0.01253523783606333,-0.006157707472976802
0.8770995466666669,0.01226846541710271,-0.006076782182287836
0.8772995466666669,0.013734990914808688,-0.005996488011787288
0.8774995466666662,0.012268264329181468,-0.005916824249785588
0.8776995466666664,0.010534908160220745,-0.0058377901487075366
0.8778995466666673,0.009868155741260123,-0.005759384925260711
0.8780995466666677,0.013867892488966204,-0.005681607760606341
0.878299546666667,0.011601182986672282,-0.005604457800532912
0.8784995466666661,0.010134501817711661,-0.005527934155633418
0.8786995466666669,0.00986772398208434,-0.00545203590148639
0.8788995466666674,0.013467475729790417,-0.005376762078842911
0.8790995466666669,0.011734134144163098,-0.00530211169381127
0.879299546666666,0.009867403808535777,-0.005228083718048126
0.8794995466666664,0.012133884722908555,-0.005154677088953061
0.879699546666667,0.012267121887281233,-0.005081890709866797
0.8798995466666668,0.010000435301653912,-0.005009723450270676
0.8800995466666659,0.014266838299359992,-0.0049381741459894836
0.8802995466666663,0.01200014046373267,-0.00486724159939749
0.8804995466666667,0.011333400961438748,-0.004796924579630416
0.8806995466666669,0.015466453125811328,-0.004727221822795403
0.8808995466666667,0.013733096123517505,-0.004658132032187658
0.8810995466666662,0.011999721204556885,-0.004589653878507497
0.8812995466666669,0.013866217535596264,-0.004521786000082238
0.8814995466666673,0.012399505949968942,-0.004454527003090037
0.8816995466666668,0.014266008114341722,-0.004387875461786779
0.8818995466666659,0.0141325402787144,-0.004321829918734272
0.8820995466666666,0.011199245359753779,-0.004256388885032489
0.882299546666667,0.013199055024126457,-0.004191550840555719
0.882499546666667,0.0145322180218325,-0.004127314234188441
0.8826995466666661,0.011198917269538616,-0.004063677484065279
0.8828995466666665,0.012798752350577994,-0.00400063897781255
0.8830995466666671,0.015065220348283871,-0.003938197072794793
0.8832995466666664,0.01439848376265675,-0.0038763500963612594
0.883499546666666,0.015065008010362629,-0.0038150963460942076
0.8836995466666662,0.01199836517473551,-0.003754434090061819
0.8838995466666668,0.015198141505774787,-0.0036943615670729218
0.8840995466666677,0.010398214503480866,-0.0036348769869324815
0.8842995466666672,0.014664615001186845,-0.0035759785307010244
0.8844995466666661,0.012931254665559623,-0.0035176643509545486
0.884699546666667,0.012531153913265702,-0.0034599325720468858
0.8848995466666676,0.01519761066097168,-0.0034027812903774887
0.8850995466666665,0.016797448658677758,-0.003346208574656223
0.885299546666666,0.01226418123971714,-0.0032902124661716788
0.8854995466666662,0.012130746320756516,-0.0032347909790640017
0.8856995466666668,0.012263976818462596,-0.0031799421005972747
0.8858995466666673,0.012930510232835275,-0.003125663791433861
0.8860995466666659,0.017063572397207953,-0.0030719539859113106
0.8862995466666661,0.009197117894914134,-0.00301881059231915
0.886499546666667,0.013596834642620112,-0.002966231493181378
0.8866995466666665,0.01373005680699289,-0.002914214545537186
0.8868995466666665,0.01226334647136557,-0.0028627575812231517
0.8870995466666658,0.012929878635738247,-0.002811858407159794
0.8872995466666671,0.012663119133444325,-0.00276151480563649
0.8874995466666675,0.013462996297817005,-0.002711724534601577
0.8876995466666673,0.013729536795523084,-0.002662485327949891
0.8878995466666662,0.012129484793229063,-0.002613794895814463
0.8880995466666668,0.01226272362426844,-0.0025656509248577633
0.888299546666667,0.010929349121974519,-0.0025180510785672247
0.8884995466666663,0.016395664203013798,-0.00247099299754881
0.8886995466666658,0.010795798450719978,-0.002424474299822304
0.8888995466666665,0.013995558531759357,-0.0023784925811200968
0.8890995466666671,0.013595463612798736,-0.0023330454151851273
0.8892995466666671,0.011862100777171413,-0.00228813035407023
0.8894995466666662,0.009595420858210793,-0.0022437449284386144
0.8896995466666664,0.015195104689250071,-0.0021998866478652036
0.889899546666667,0.011861794353622848,-0.0021565530011403247
0.890099546666667,0.01119504360132893,-0.002113741456572416
0.890299546666667,0.014794796182368206,-0.0020714494622923255
0.8904995466666656,0.015461356680074288,-0.0020296744465590627
0.8906995466666672,0.013727973011113765,-0.0019884138180642683
0.8908995466666674,0.014261181008819743,-0.0019476649662422169
0.8910995466666671,0.014794369839859023,-0.0019074252615744022
0.8912995466666662,0.0158608803375651,-0.001867692055898711
0.8914995466666666,0.011727621251937981,-0.001828462682717952
0.8916995466666673,0.018127268416310557,-0.0017897344575098454
0.8918995466666666,0.017193856830683238,-0.00175150467803727
0.8920995466666659,0.017460414411722615,-0.001713770624656856
0.8922995466666661,0.013993773659428794,-0.0016765295606315754
0.892499546666667,0.014926964157134672,-0.0016397787324418244
0.8926995466666665,0.012660277154840853,-0.001603515370096897
0.8928995466666665,0.01559338681921343,-0.001567736687446398
0.893099546666666,0.01639325815025281,-0.0015324398824936045
0.8932995466666671,0.01545985323129219,-0.0014976221377069273
0.8934995466666673,0.011859887062331667,-0.0014632806203341538
0.8936995466666668,0.010793167143371047,-0.0014294124827137376
0.8938995466666662,0.014926234724410325,-0.001396014862589
0.8940995466666668,0.014259484388783205,-0.0013630848834201394
0.8942995466666672,0.013992711553155882,-0.0013306196546990965
0.8944995466666674,0.01439261080086196,-0.0012986162722612195
0.8946995466666658,0.01532579171523454,-0.001267071818599463
0.8948995466666665,0.012259151379607418,-0.0012359833631758893
0.8950995466666674,0.015725578543979997,-0.0012053479627366442
0.8952995466666669,0.013058905708352777,-0.0011751626616238347
0.895499546666666,0.011325530372725556,-0.0011454244920878478
0.8956995466666662,0.013325365870431535,-0.0011161304745996765
0.895899546666667,0.012925257618137613,-0.0010872776181638697
0.8960995466666672,0.01265849769917699,-0.001058862920629979
0.8962995466666674,0.016124925280216272,-0.0010308833690032635
0.8964995466666663,0.015591499111255649,-0.0010033359397568949
0.896699546666667,0.011458239192295128,-0.0009762175991413869
0.8968995466666672,0.013458053023334506,-0.0009495253034962553
0.8970995466666667,0.014924556021040385,-0.0009232559995586501
0.8972995466666662,0.011991227352079964,-0.0008974066247723552
0.8974995466666666,0.01652428618311924,-0.0008719741075971619
0.8976995466666671,0.01625751709749192,-0.0008469553678164911
0.897899546666667,0.0119909117618647,-0.0008223473168445848
0.8980995466666659,0.010524209759570781,-0.0007981468580336462
0.8982995466666663,0.014657282757276659,-0.00077435088697886
0.8984995466666668,0.011857282004982837,-0.0007509562918245067
0.8986995466666661,0.014257085002688916,-0.0007279599535683783
0.898899546666666,0.014390298000394893,-0.0007053587463644706
0.8990995466666662,0.015323480581434172,-0.0006831495378268094
0.8992995466666671,0.016390011495806954,-0.0006613291893306353
0.8994995466666678,0.01572325449351293,-0.0006398945563137014
0.8996995466666673,0.013989885407885809,-0.0006188424885763355
0.8998995466666659,0.016256376738925087,-0.0005981698305799779
0.900099546666667,0.013989705569964567,-0.0005778734217454322
0.900299546666667,0.011456344817670643,-0.0005579500967503614
0.9004995466666668,0.015322761565376524,-0.000538396685824517
0.9006995466666661,0.015722641646415902,-0.0005192100150447143
0.9008995466666665,0.013722606727455382,-0.0005003869066282964
0.9010995466666671,0.01492245930849466,-0.00048192417922626686
0.9012995466666671,0.014922330639534038,-0.0004638186482138355
0.901499546666666,0.01598887863724012,-0.00044606712598064196
0.9016995466666664,0.013188877468279596,-0.0004286664222195695
0.9018995466666666,0.016388636715985574,-0.0004116133442144564
0.9020995466666666,0.014655267630358255,-0.0003949046971259352
0.9022995466666666,0.013855195211397732,-0.0003785372842763544
0.9024995466666661,0.014255077375770413,-0.00036250790743343095
0.9026995466666672,0.01238837412347649,-0.00034681336709167565
0.9028995466666674,0.013454920871182469,-0.00033145046275419554
0.9030995466666671,0.011721543868888549,-0.0003164159932105272
0.903299546666666,0.012388042283261328,-0.00030170675681509904
0.9034995466666669,0.015987817364300605,-0.00028731955176289787
0.9036995466666669,0.015854382862006584,-0.0002732511763647735
0.9038995466666668,0.01452099419304603,-0.00025949842931995853
0.9040995466666664,0.014520895107418741,-0.0002460581099876957
0.9042995466666663,0.01585406060512472,-0.00023292701865710067
0.904499546666667,0.0142540198528309,-0.00022010195681540748
0.9046995466666667,0.009320782850536877,-0.00020757972741476403
0.9048995466666665,0.014920462931576155,-0.0001953571351365743
0.9050995466666665,0.011987142595949036,-0.00018343098665515105
0.9052995466666671,0.014520273093655013,-0.00017179809089929346
0.9054995466666669,0.014653489841360992,-0.00016045525931135258
0.9056995466666671,0.008120304505733773,-0.00014939930610585733
0.9058995466666664,0.01265336083677315,-0.0001386270485252952
0.906099546666667,0.01558647008447913,-0.00012813530709434668
0.9062995466666677,0.011586525165518608,-0.00011792090587278261
0.9064995466666668,0.012386382329891286,-0.00010798067270574027
0.9066995466666661,0.013852892827597366,-9.831143947261626e-05
0.9068995466666661,0.009452952075303445,-8.891004233365253e-05
0.9070995466666669,0.014252670906342824,-7.977332197534998e-05
0.9072995466666665,0.013185920154048902,-7.089812385330188e-05
0.907499546666666,0.011585888985088182,-6.228129843303194e-05
0.9076995466666664,0.013319049482794259,-5.391970142921294e-05
0.9078995466666671,0.011985669563833637,-4.581019404289374e-05
0.9080995466666664,0.010652278394873017,-3.794964319643845e-05
0.9082995466666668,0.015718650142578994,-3.0334921766520572e-05
0.9084995466666661,0.012518663973618475,-2.2962908815369695e-05
0.908699546666667,0.008252061971324453,-1.5830489819476855e-05
0.908899546666667,0.013851751219030532,-8.934556896780118e-06
0.9090995466666669,0.01371830171673661,-2.272009031228235e-06
0.909299546666666,0.013451534297775989,4.160247704367894e-06
0.9094995466666669,0.010518218962148667,1.0365299927937499e-05
0.9096995466666671,0.012784693626521348,1.6346226729331357e-05
0.9098995466666671,0.013184567457560725,2.2106099454363332e-05
0.9100995466666659,0.014384433371933505,2.7647981490435605e-05
0.9102995466666663,0.011584428869639583,3.297492805471478e-05
0.9104995466666672,0.009317750200678862,3.808998598415087e-05
0.9106995466666663,0.011717534448384942,4.2996193527902525e-05
0.9108995466666665,0.01211741161275772,4.7696580142094864e-05
0.9110995466666665,0.010517372110463698,5.219416628644124e-05
0.9112995466666671,0.011850530941503078,5.649196322336845e-05
0.9114995466666671,0.012383761022542456,6.059297281927101e-05
0.9116995466666673,0.008517135270248534,6.45001873480948e-05
0.911899546666666,0.015050110767954414,6.821658929703178e-05
0.912099546666667,0.012783438348993892,7.174515117475195e-05
0.9122995466666672,0.00891680301336667,7.508883532149996e-05
0.9124995466666666,0.01104996517773935,7.825059372191648e-05
0.9126995466666661,0.011983157758778729,8.12333678199139e-05
0.9128995466666665,0.010916429923151507,8.404008833585542e-05
0.9130995466666672,0.011449622920857485,8.66736750861075e-05
0.9132995466666671,0.010382890918563564,8.91370368048963e-05
0.913499546666666,0.009449496416269644,9.143307096848513e-05
0.9136995466666662,0.013582563163975622,9.356466362172615e-05
0.9138995466666668,0.011182545328348401,9.553468920681591e-05
0.9140995466666659,0.01211573249272108,9.734601039452496e-05
0.9142995466666664,0.01398222174042706,9.900147791776585e-05
0.9144995466666663,0.011982205571466537,0.00010050393040733025
0.9146995466666672,0.006248985235839215,0.00010185619423065703
0.9148995466666674,0.012648639066878593,0.00010306108333140796
0.9150995466666672,0.010915248731251274,0.00010412139907352047
0.915299546666666,0.009581876728957352,0.0001050399300859642
0.9154995466666664,0.00824849097666333,0.00010581945211061506
0.9156995466666669,0.009714988974369409,0.00010646272785236028
0.9158995466666666,0.006914998638742189,0.00010697250683125233
0.9160995466666662,0.012114692886448168,0.00010735152523784132
0.9162995466666664,0.009848005884154246,0.00010760250579023964
0.9164995466666674,0.009581232215193624,0.00010772815759349752
0.916699546666667,0.008781178546233004,0.0001077311760018083
0.9168995466666665,0.010247681543938982,0.00010761424248288115
0.9170995466666665,0.01024757829164506,0.00010738002448452566
0.9172995466666669,0.008914181706017838,0.00010703117530399558
0.9174995466666669,0.00984738137039052,0.00010657033395956853
0.9176995466666671,0.007580693951429897,0.00010600012506413882
0.9178995466666662,0.009847156949135877,0.00010532315870172682
0.918099546666667,0.009447073696841956,0.00010454203030621583
0.9182995466666677,0.008646994194548032,0.00010365932054212743
0.918499546666667,0.00824691094225401,0.00010267759518851269
0.9186995466666661,0.009446765189960092,0.00010159940502428904
0.9188995466666663,0.006646756104332768,0.00010042728571663986
0.9190995466666672,0.007313309518705549,9.916375771153718e-05
0.9192995466666667,0.008779804599744926,9.781132612658887e-05
0.9194995466666662,0.005313180097450907,9.637248064649214e-05
0.9196995466666662,0.008112960595156985,9.484969542047367e-05
0.9198995466666671,0.007446219426196363,9.324542896237843e-05
0.9200995466666662,0.006912799923902443,9.156212405297146e-05
0.9202995466666664,0.005579416254941821,8.980220764465061e-05
0.9204995466666659,0.008379193835981201,8.796809076844577e-05
0.920699546666667,0.0067791626670205786,8.606216844339137e-05
0.9208995466666672,0.009045638998059956,8.408681958823876e-05
0.9210995466666672,0.008645531579099336,8.204440693542396e-05
0.9212995466666665,0.008645435826805315,7.993727694745416e-05
0.9214995466666669,0.005178810907844793,7.776775973547312e-05
0.9216995466666671,0.007711919738884173,7.553816898029008e-05
0.9218995466666671,0.00811179898659015,7.325080185558703e-05
0.9220995466666655,0.00677840198429623,7.090793895344266e-05
0.9222995466666659,0.010244838315335607,6.8511844212138e-05
0.9224995466666672,0.007578172563041686,6.606476484626875e-05
0.9226995466666663,0.006378135144080966,6.356893127917593e-05
0.9228995466666658,0.008644590641787044,6.102655707738008e-05
0.9230995466666665,0.007044559472826423,5.8439838887583585e-05
0.9232995466666671,0.009044359970532503,5.5810956375753896e-05
0.9234995466666669,0.007444322551571881,5.314207216844115e-05
0.9236995466666675,0.008777493049277859,5.043533179632463e-05
0.923899546666666,0.00824410021365064,4.769286364004882e-05
0.9240995466666668,0.008243989044690016,4.491677887804229e-05
0.9242995466666672,0.010110457875729397,4.210917143691098e-05
0.924499546666667,0.005043898790102074,3.927211794359067e-05
0.9246995466666663,0.010376916787808155,3.640767767996483e-05
0.9248995466666663,0.0073102589521808325,3.3517892539513636e-05
0.9250995466666667,0.00837678278322021,3.0604786986153607e-05
0.9252995466666671,0.008243337864259589,2.7670368015238198e-05
0.9254995466666662,0.006376646695298969,2.4716625116623394e-05
0.9256995466666662,0.008776439276338348,2.17455302398501e-05
0.9258995466666669,0.009576322690711027,1.8759037761518777e-05
0.9260995466666664,0.0063763523550838044,1.575908445473728e-05
0.9262995466666664,0.009042803269456483,1.2747589460483315e-05
0.9264995466666663,0.0066427741838291626,9.726454261272757e-06
0.926699546666667,0.00650935634820194,6.697562656750549e-06
0.9268995466666676,0.00784253309590802,3.662780741315473e-06
0.9270995466666676,0.007309118593613998,6.239568838770232e-07
0.927299546666666,0.007975647841320078,-2.4170782905408673e-06
0.9274995466666669,0.006242274589026056,-5.458511917082838e-06
0.9276995466666671,0.008775396753398834,-8.498548905231276e-06
0.9278995466666669,0.008375312667771515,-1.1535411951284044e-05
0.9280995466666662,0.007441928165477592,-1.4567341548694583e-05
0.9282995466666659,0.008108447413183572,-1.7592595996446813e-05
0.9284995466666668,0.00477513249422295,-2.0609451405603234e-05
0.928699546666667,0.006908275908595728,-2.3616201703785404e-05
0.9288995466666661,0.006508187656301708,-2.661115863790475e-05
0.9290995466666665,0.008774664820674486,-2.9592651774983462e-05
0.9292995466666667,0.006907954485047165,-3.255902850090451e-05
0.9294995466666669,0.008374484566086544,-3.5508654017598236e-05
0.9296995466666669,0.005574495897125923,-3.84399113381349e-05
0.929899546666666,0.010240851394832003,-4.135120128012244e-05
0.930099546666667,0.01064072189253808,-4.424094245734195e-05
0.9302995466666677,0.007707424056910758,-4.710757126927858e-05
0.9304995466666672,0.009707229137950135,-4.9949541889307026e-05
0.9306995466666663,0.007573870052322816,-5.276532625077954e-05
0.9308995466666663,0.008107090133362194,-5.555341403152037e-05
0.9310995466666667,0.008640293131068275,-5.831231263646584e-05
0.9312995466666669,0.0074402277954409525,-6.104054717874849e-05
0.9314995466666665,0.008906733293147031,-6.373666045886453e-05
0.9316995466666664,0.00677338295751971,-6.639921294241805e-05
0.9318995466666669,0.008373234705225788,-6.902678273592573e-05
0.9320995466666664,0.007973139369598467,-7.161796556114592e-05
0.9322995466666664,0.0063730832006378465,-7.41713747277081e-05
0.9324995466666663,0.007972911615010625,-7.66856411041392e-05
0.9326995466666672,0.007572832112716604,-7.915941308725988e-05
0.9328995466666672,0.008772660943755981,-8.159135656996648e-05
0.9330995466666672,0.00717261810812866,-8.398015490758867e-05
0.9332995466666665,0.00730586568916804,-8.632450888248981e-05
0.9334995466666671,0.008772355770207518,-8.862313666729495e-05
0.9336995466666671,0.007572299601246798,-9.087477378647673e-05
0.9338995466666669,0.006638916348952877,-9.307817307653728e-05
0.9340995466666664,0.005838818096658956,-9.523210464468015e-05
0.9342995466666659,0.009305251927698334,-9.733535582595292e-05
0.9344995466666668,0.008105195758737712,-9.93867311390805e-05
0.9346995466666668,0.009438374589777091,-0.0001013850522405715
0.9348995466666663,0.00650504550414977,-0.00010332915787788627
0.9350995466666665,0.00690493433518915,-0.00010521790384079995
0.9352995466666667,0.008104772749561829,-0.00010705016291145498
0.9354995466666662,0.010637901580601206,-0.00010882482481326847
0.9356995466666669,0.008237874161640686,-0.00011054079615804399
0.9358995466666662,0.009837730076013365,-0.00011219700039269142
0.9360995466666668,0.008504325990386042,-0.00011379237774318243
0.9362995466666673,0.009970836488092123,-0.00011532588515870366
0.936499546666667,0.0083707953191315,-0.0001167964962535572
0.9366995466666663,0.0069040637335041795,-0.00011820320124819476
0.9368995466666663,0.0075706354812102574,-0.00011954500690903661
0.937099546666667,0.007037205978916236,-0.00012082093648664784
0.9372995466666669,0.008237060226622316,-0.00012203002965362524
0.9374995466666669,0.006770333640994994,-0.00012317134244011757
0.9376995466666664,0.009436794972034373,-0.00012424394716912878
0.9378995466666669,0.008236747969740452,-0.0001252469323904209
0.9380995466666664,0.00850328346744653,-0.00012617940281286444
0.9382995466666664,0.008636489381819209,-0.00012704047923636593
0.9384995466666666,0.009303052379525289,-0.0001278292984818545
0.938699546666667,0.0073030182938979655,-0.00012854501332142134
0.938899546666667,0.007702892541604046,-0.00012918679240599392
0.9390995466666674,0.008636095122643423,-0.00012975382019320445
0.9392995466666665,0.007569355203682804,-0.00013024529687319218
0.9394995466666669,0.008502559868055481,-0.00013066043829420974
0.9396995466666671,0.01063570494909486,-0.00013099847588674243
0.9398995466666669,0.00916898169680094,-0.00013125865658718874
0.9400995466666666,0.011168799694506917,-0.00013144024275993434
0.9402995466666664,0.008368812692212999,-0.00013154251211869945
0.9404995466666668,0.008768692773252375,-0.00013156475764755264
0.9406995466666668,0.007968606604291753,-0.00013150628752043865
0.9408995466666663,0.007701847935331133,-0.00013136642501941623
0.9410995466666661,0.005035179683037211,-0.00013114450845330081
0.9412995466666667,0.0074349835140765895,-0.00013083989107458123
0.9414995466666662,0.00796818192844927,-0.00013045194099519798
0.9416995466666669,0.009701341176155348,-0.00012998004110265267
0.9418995466666662,0.014767735007194627,-0.0001294235889742001
0.9420995466666671,0.012501042171567407,-0.0001287819967910644
0.942299546666667,0.009701044335940084,-0.00012805469125131384
0.9424995466666672,0.011700851916979461,-0.00012724111348243056
0.9426995466666663,0.013967332831352241,-0.00012634071895294418
0.9428995466666668,0.00956740082905822,-0.00012535297738345684
0.9430995466666667,0.0114338784100976,-0.00012427737265701197
0.9432995466666669,0.013567030991136977,-0.00012311340272848253
0.9434995466666665,0.009700398988843058,-0.00012186057953377285
0.9436995466666664,0.008900345319882435,-0.00012051842889820727
0.9438995466666669,0.011300137484255214,-0.00011908649044415072
0.9440995466666664,0.009833432565294493,-0.00011756431749812283
0.9442995466666664,0.012099879729667272,-0.00011595147699755537
0.9444995466666664,0.010499848144039951,-0.00011424754939659299
0.944699546666667,0.009299793225079329,-0.00011245212857184588
0.9448995466666668,0.012232914556118708,-0.00011056482172674777
0.9450995466666676,0.014766043387157986,-0.00010858524929675474
0.9452995466666665,0.011832715134864166,-0.00010651304485238533
0.9454995466666669,0.014232522299236843,-0.00010434785500341096
0.9456995466666671,0.011165860713609524,-0.00010208933930147787
0.9458995466666671,0.011565751211315601,-9.973717014253717e-05
0.9460995466666662,0.012898915042354981,-9.729103266927672e-05
0.9462995466666666,0.01223218345672766,-9.475062467228417e-05
0.9464995466666666,0.010232155621100438,-9.21156564918913e-05
0.9466995466666668,0.012098653202139816,-8.93858509186989e-05
0.9468995466666663,0.013165158699845796,-8.656094309424523e-05
0.9470995466666663,0.009698509614218576,-8.364068041108763e-05
0.9472995466666669,0.013964926361924554,-8.062482241270927e-05
0.947499546666666,0.0144981206096306,-7.751314069307067e-05
0.9476995466666669,0.00943154819067001,-7.430541879567616e-05
0.9478995466666664,0.013164638271709389,-7.100145211268357e-05
0.9480995466666673,0.015164456269415367,-6.760104778337572e-05
0.9482995466666673,0.012631112600454847,-6.410402459272203e-05
0.9484995466666672,0.012231035598160925,-6.0510212869362824e-05
0.9486995466666659,0.013697537345866906,-5.6819454383637107e-05
0.948899546666667,0.013164103260239684,-5.3031602245163964e-05
0.949099546666667,0.012897348341279062,-4.914652080053995e-05
0.9492995466666669,0.01076400133898504,-4.516408553047517e-05
0.9494995466666662,0.013297120586691118,-4.108418294701214e-05
0.949699546666666,0.014763634001063699,-3.690671049049306e-05
0.9498995466666669,0.013830238248769878,-3.263157642640443e-05
0.9500995466666666,0.011830197496475955,-2.8258699742191002e-05
0.9502995466666659,0.015429957577515134,-2.3788010043742273e-05
0.9504995466666666,0.011830001408554613,-1.921944745187542e-05
0.9506995466666668,0.010096624822927391,-1.4552962498961683e-05
0.9508995466666663,0.011163147403966771,-9.788516025061143e-06
0.9510995466666672,0.013296298318339448,-4.926079074263391e-06
0.9512995466666665,0.012496217566045529,0.0
0.9514995466666669,0.012762770980418206,0.0
0.9516995466666671,0.011829363978124285,0.0
0.9518995466666671,0.011829257392496965,0.0
0.9520995466666666,0.014895711223536242,0.0
0.9522995466666666,0.012362355887909023,0.0
0.9524995466666666,0.0122289234689484,0.0
0.9526995466666668,0.01409541146665448,0.0
0.9528995466666663,0.01196206196436056,0.0
0.9530995466666663,0.012228617462066537,0.0
0.9532995466666665,0.012628514209772616,0.0
0.953499546666666,0.011028455957478695,0.0
0.9536995466666665,0.011694993955184772,0.0
0.9538995466666669,0.012628176536224053,0.0
0.9540995466666671,0.012361423283930131,0.0
0.954299546666667,0.01316127503163621,0.0
0.9544995466666677,0.012894526779342186,0.0
0.9546995466666663,0.012627769360381567,0.0
0.954899546666667,0.011961028608087645,0.0
0.9550995466666672,0.015294118272460225,0.0
0.9552995466666669,0.014094060853499703,0.0
0.9554995466666665,0.013293980517872483,0.0
0.9556995466666662,0.012360574765578562,0.0
0.9558995466666669,0.01396040234661794,0.0
0.9560995466666666,0.01009378617765732,0.0
0.9562995466666662,0.016760114592029897,0.0
0.9564995466666666,0.013160131339736076,0.0
0.9566995466666668,0.013560013920775355,0.0
0.9568995466666663,0.012759934835148132,0.0
0.9570995466666667,0.011959859499520813,0.0
0.9572995466666665,0.012759728747226891,0.0
0.9574995466666669,0.01342627549493297,0.0
0.9576995466666671,0.014226127242638949,0.0
0.9578995466666671,0.013826041073678326,0.0
0.9580995466666664,0.013825940321384407,0.0
0.9582995466666666,0.015159104569090285,0.0
0.9584995466666668,0.013292412150129863,0.0
0.9586995466666666,0.011025719314502542,0.0
0.9588995466666663,0.012492245645541921,0.0
0.9590995466666663,0.0134254240599146,0.0
0.9592995466666667,0.01609187872428718,0.0
0.959499546666666,0.015025155055326558,0.0
0.9596995466666665,0.012625135553032737,0.0
0.9598995466666664,0.013291672300738815,0.0
0.9600995466666673,0.01609146488177809,0.0
0.9602995466666668,0.013558109129484172,0.0
0.9604995466666677,0.012891385043856951,0.0
0.9606995466666663,0.01275794512489633,0.0
0.960899546666667,0.013691143539269009,0.0
0.9610995466666672,0.016624258203641686,0.0
0.961299546666667,0.012624315368014467,0.0
0.9614995466666665,0.016090735449053744,0.0
0.9616995466666662,0.013824050113426524,0.0
0.9618995466666669,0.016623843527799203,0.0
0.9620995466666666,0.01142391527550528,0.0
0.9622995466666664,0.01075719077321136,0.0
0.9624995466666664,0.014890242937583939,0.0
0.9626995466666668,0.014490157601956719,0.0
0.9628995466666661,0.015690022266329397,0.0
0.9630995466666668,0.014356626097368874,0.0
0.9632995466666665,0.014756502011741454,0.0
0.9634995466666669,0.012889793759447632,0.0
0.9636995466666671,0.01262302842382031,0.0
0.9638995466666671,0.01408953725485969,0.0
0.9640995466666664,0.011689530252565769,0.0
0.9642995466666666,0.014489315750271745,0.0
0.964499546666667,0.012889264581311226,0.0
0.9646995466666668,0.015955712995683803,0.0
0.9648995466666668,0.014488990160056553,0.0
0.9650995466666661,0.012355644824429362,0.0
0.9652995466666667,0.01288884032213534,0.0
0.9654995466666665,0.01408869998650812,0.0
0.9656995466666662,0.013021954650880798,0.0
0.9658995466666669,0.015955098065253377,0.0
0.9660995466666671,0.012221784812959557,0.0
0.9662995466666666,0.012088348227332235,0.0
0.9664995466666677,0.010354980808371612,0.0
0.9666995466666664,0.015421357972744193,0.0
0.966899546666667,0.012088050970450372,0.0
0.9670995466666672,0.01475450980148965,0.0
0.967299546666667,0.013954429049195829,0.0
0.9674995466666665,0.011821068713568507,0.0
0.9676995466666665,0.015020840461274486,0.0
0.9678995466666669,0.013154143875647263,0.0
0.9680995466666666,0.011954086873353344,0.0
0.9682995466666666,0.01568718320439262,0.0
0.9684995466666662,0.012620515785432102,0.0
0.9686995466666668,0.01435367503313808,0.0
0.9688995466666659,0.01262030303084416,0.0
0.9690995466666668,0.016086739778550137,0.0
0.9692995466666663,0.011153479026256217,0.0
0.9694995466666672,0.014753245773962195,0.0
0.9696995466666671,0.016486408771668272,0.0
0.9698995466666671,0.013419762186041052,0.0
0.9700995466666664,0.014619595183747032,0.0
0.9702995466666668,0.01115294943145311,0.0
0.9704995466666668,0.013286117012492488,0.0
0.9706995466666668,0.015419254593531868,0.0
0.9708995466666663,0.014885841757904545,0.0
0.9710995466666661,0.013152470588944025,0.0
0.9712995466666667,0.013685664003316703,0.0
0.9714995466666665,0.012752277417689384,0.0
0.9716995466666662,0.013552142915395462,0.0
0.9718995466666664,0.012485410079768139,0.0
0.9720995466666671,0.012885288494140917,0.0
0.9722995466666664,0.011418563575180297,0.0
0.9724995466666673,0.012485096989552975,0.0
0.9726995466666664,0.012618319987259055,0.0
0.972899546666667,0.011551579651631734,0.0
0.9730995466666672,0.015551325149337712,0.0
0.973299546666667,0.015417894813710392,0.0
0.9734995466666665,0.01315120614474987,0.0
0.9736995466666665,0.014084396642455949,0.0
0.9738995466666669,0.012351049223495328,0.0
0.9740995466666669,0.011417635137868006,0.0
0.9742995466666666,0.013950765218907386,0.0
0.9744995466666664,0.010617457383280064,0.0
0.9746995466666666,0.012217277880986144,0.0
0.9748995466666659,0.012883812545358921,0.0
0.9750995466666663,0.0123504051263983,0.0
0.9752995466666663,0.011283671040770979,0.0
0.9754995466666672,0.012350186538476957,0.0
0.9756995466666671,0.014216682036183035,0.0
0.9758995466666671,0.011416681283889115,0.0
0.9760995466666664,0.012083215531595094,0.0
0.9762995466666671,0.013683066029301172,0.0
0.976499546666667,0.010616388193673852,0.0
0.9766995466666668,0.012082889524713229,0.0
0.9768995466666666,0.01168281293908601,0.0
0.9770995466666661,0.011682713020125388,0.0
0.9772995466666667,0.011549286017831367,0.0
0.9774995466666665,0.011549164015537445,0.0
0.9776995466666665,0.009949111596576823,0.0
0.9778995466666665,0.013148902510949504,0.0
0.9780995466666669,0.011548844258655582,0.0
0.9782995466666664,0.00994880933969496,0.0
0.978499546666667,0.014215203170734339,0.0
0.9786995466666659,0.008215335751773719,0.0
0.978899546666667,0.009948495832813098,0.0
0.979099546666667,0.01448155883051911,0.0
0.9792995466666672,0.008348341411558553,0.0
0.9794995466666665,0.008081583159264532,0.0
0.9796995466666665,0.011281356990303911,0.0
0.9798995466666669,0.01061460540467669,0.0
0.9800995466666664,0.009947885069049369,0.0
0.9802995466666669,0.012747645150088747,0.0
0.9804995466666664,0.015147463981128028,0.0
0.9806995466666668,0.008347596562167506,0.0
0.9808995466666659,0.009547466226540185,0.0
0.9810995466666668,0.012880566307579663,0.0
0.9812995466666663,0.010747208471952341,0.0
0.9814995466666672,0.011413748136325019,0.0
0.9816995466666669,0.0123469307173644,0.0
0.9818995466666671,0.008213656631737077,0.0
0.9820995466666662,0.013280023796109857,0.0
0.9822995466666669,0.010613349293815836,0.0
0.9824995466666671,0.008879984791521913,0.0
0.9826995466666668,0.009679843205894594,0.0
0.9828995466666666,0.011013027036934072,0.0
0.9830995466666661,0.01354615420130675,0.0
0.9832995466666667,0.011546146782346129,0.0
0.9834995466666665,0.010346066030052108,0.0
0.9836995466666665,0.010079303611091488,0.0
0.9838995466666662,0.011945803692130864,0.0
0.9840995466666669,0.012345686273170245,0.0
0.984299546666666,0.0066124584375430225,0.0
0.9844995466666668,0.010878867685249,0.0
0.9846995466666664,0.01247868901628848,0.0
0.984899546666667,0.006878813263994459,0.0
0.985099546666667,0.012078491261700538,0.0
0.9852995466666672,0.008611871759406618,0.0
0.9854995466666667,0.009011731007112594,0.0
0.9856995466666667,0.009544951504818676,0.0
0.9858995466666669,0.012344720335858053,0.0
0.9860995466666669,0.007678127083564131,0.0
0.9862995466666669,0.012477839664603411,0.0
0.9864995466666662,0.01007783391230949,0.0
0.9866995466666668,0.01181099941001557,0.0
0.9868995466666659,0.011810891574388246,0.0
0.9870995466666668,0.009144221238760925,0.0
0.9872995466666663,0.007944149236467003,0.0
0.987499546666667,0.011943905984173083,0.0
0.9876995466666667,0.010210532731879062,0.0
0.9878995466666671,0.00794384656291854,0.0
0.9880995466666662,0.013010219143957818,0.0
0.9882995466666671,0.009543588808330599,0.0
0.9884995466666673,0.010076783472703276,0.0
0.9886995466666666,0.013009895637075955,0.0
0.9888995466666668,0.008743298218115335,0.0
0.9890995466666663,0.009543157882488112,0.0
0.9892995466666668,0.011142982963527493,0.0
0.9894995466666665,0.00914295721123357,0.0
0.9896995466666665,0.00967616937560625,0.0
0.9898995466666665,0.011809320706645629,0.0
0.9900995466666669,0.0076760191210183066,0.0
0.9902995466666658,0.007409284202057686,0.0
0.9904995466666668,0.012608969699763764,0.0
0.9906995466666664,0.008209021030803142,0.0
0.990899546666667,0.009142219445175823,0.0
0.9910995466666672,0.0118086703595485,0.0
0.9912995466666672,0.008608700857254578,0.0
0.9914995466666665,0.009408571771627358,0.0
0.9916995466666667,0.011008407269333336,0.0
0.9918995466666669,0.012208250267039415,0.0
0.9920995466666669,0.009941560764745495,0.0
0.9922995466666669,0.011541397512451472,0.0
0.9924995466666662,0.009808016760157552,0.0
0.9926995466666668,0.01100788975786353,0.0
0.9928995466666664,0.01380767442223631,0.0
0.9930995466666663,0.008741079086608988,0.0
0.9932995466666663,0.010607587084315067,0.0
0.993499546666667,0.013540697582021047,0.0
0.9936995466666667,0.009007437246393824,0.0
0.9938995466666676,0.008207347744099903,0.0
0.9940995466666664,0.011007150325139183,0.0
0.9942995466666669,0.011007038322845261,0.0
0.9944995466666671,0.009406997987218038,0.0
0.9946995466666668,0.010740178901590718,0.0
0.9948995466666668,0.008206825232630097,0.0
0.9950995466666663,0.005673494897002775,0.0
0.9952995466666663,0.012606455394708855,0.0
0.9954995466666663,0.007406543809081534,0.0
0.9956995466666665,0.007273105556787612,0.0
0.9958995466666662,0.01260615188782699,0.0
0.9960995466666669,0.00927283280219967,0.0
0.9962995466666658,0.008472747466572448,0.0
0.9964995466666666,0.010872555047611827,0.0
0.9966995466666666,0.010205805545317807,0.0
0.9968995466666672,0.010872353959690485,0.0
0.997099546666667,0.011005571957396564,0.0
0.9972995466666672,0.008072249121769341,0.0
0.9974995466666663,0.008072145869475321,0.0
0.9976995466666669,0.0126051926171814,0.0
0.9978995466666669,0.009271891448220777,0.0
0.9980995466666669,0.008205145279260157,0.0
0.9982995466666664,0.011938238276966136,0.0
0.998499546666666,0.009138239608005517,0.0
0.9986995466666668,0.008738148022378295,0.0
0.9988995466666659,0.011937926020084371,0.0
0.9990995466666663,0.007404656517790351,0.0
0.9992995466666663,0.008604499932163029,0.0
0.999499546666667,0.012604265846535808,0.0
0.9996995466666665,0.009537600927575187,0.0
0.9998995466666671,0.011804071008614567,0.0
1.000099544833334,0.011403991090615701,0.0
1.0002995448333334,0.007004048254988381,0.0
1.0004995448333334,0.009270503336027759,0.0
1.0006995448333327,0.010470368833733838,0.0
1.0008995448333338,0.005670447248106517,0.0
1.0010995448333329,0.011003462745812596,0.0
1.001299544833333,0.009803414910185274,0.0
1.0014995448333335,0.011269922491224653,0.0
1.0016995448333332,0.009669867988930731,0.0
1.0018995448333328,0.01233633473663671,0.0
1.0020995448333334,0.010602960651009487,0.0
1.0022995448333336,0.009936221982048868,0.0
1.002499544833333,0.011002729146421546,0.0
1.002699544833334,0.009936019227460924,0.0
1.0028995448333335,0.008735943891833603,0.0
1.0030995448333333,0.013002337722872983,0.0
1.0032995448333328,0.008202431137245763,0.0
1.0034995448333337,0.010068929134951742,0.0
1.0036995448333332,0.00913552629932452,0.0
1.0038995448333334,0.011402001380363899,0.0
1.0040995448333332,0.007402036044736576,0.0
1.0042995448333336,0.009001865292442656,0.0
1.0044995448333327,0.008735122456815334,0.0
1.0046995448333331,0.007935025871188014,0.0
1.0048995448333335,0.010868152618894091,0.0
1.005099544833333,0.00873478186660017,0.0
1.0052995448333335,0.00753472569763955,0.0
1.0054995448333335,0.010734514112012228,0.0
1.0056995448333335,0.0078011858597183065,0.0
1.0058995448333332,0.007134425524090986,0.0
1.0060995448333336,0.012600798521797064,0.0
1.0062995448333332,0.009267474436169744,0.0
1.0064995448333336,0.008334066183875822,0.0
1.006699544833333,0.0126004666815819,0.0
1.0068995448333335,0.00873384217928788,0.0
1.0070995448333329,0.008867063093660558,0.0
1.0072995448333333,0.009533601091366636,0.0
1.0074995448333333,0.009266854922406016,0.0
1.0076995448333337,0.010733369586778794,0.0
1.0078995448333328,0.014733097584484673,0.0
1.0080995448333334,0.009666524748857552,0.0
1.0082995448333336,0.00993307857989683,0.0
1.0084995448333332,0.01046628074426961,0.0
1.0086995448333336,0.00939953165864229,0.0
1.008899544833333,0.008199486323015068,0.0
1.0090995448333335,0.013932494320721045,0.0
1.009299544833333,0.011532486485093724,0.0
1.009499544833334,0.009132467816133104,0.0
1.0096995448333332,0.013532197480505883,0.0
1.0098995448333334,0.00806563922821196,0.0
1.0100995448333328,0.00886549764258464,0.0
1.0102995448333338,0.011131970223624018,0.0
1.0104995448333325,0.009398614054663398,0.0
1.0106995448333334,0.010465124552369476,0.0
1.0108995448333336,0.012598269216742154,0.0
1.0110995448333333,0.006731735547781534,0.0
1.0112995448333333,0.007798249378820911,0.0
1.0114995448333337,0.00939807820986029,0.0
1.0116995448333337,0.00899798620756627,0.0
1.0118995448333332,0.009931174621939048,0.0
1.0120995448333336,0.008731125119645028,0.0
1.0122995448333332,0.006997746867351106,0.0
1.0124995448333336,0.011397476531723884,0.0
1.0126995448333327,0.011397367862763163,0.0
1.012899544833334,0.009930637527135942,0.0
1.0130995448333326,0.009263903858175321,0.0
1.0132995448333335,0.0140636168558814,0.0
1.013499544833333,0.01073030110358738,0.0
1.0136995448333335,0.008196973684626758,0.0
1.0138995448333326,0.013796658765666136,0.0
1.0140995448333334,0.009130050513372215,0.0
1.0142995448333336,0.008463319344411593,0.0
1.0144995448333332,0.011929739425450971,0.0
1.0146995448333336,0.009263069506490352,0.0
1.0148995448333336,0.00832964625419633,0.0
1.0150995448333333,0.011396093835235708,0.0
1.0152995448333333,0.009396077666275086,0.0
1.0154995448333337,0.007129387330647866,0.0
1.0156995448333332,0.011262463245020546,0.0
1.0158995448333337,0.010329065826059924,0.0
1.0160995448333328,0.009395663823766004,0.0
1.016299544833334,0.011395484738138681,0.0
1.0164995448333327,0.00752885315251136,0.0
1.0166995448333331,0.00912870281688414,0.0
1.0168995448333336,0.011928491647923516,0.0
1.017099544833333,0.009928456312296195,0.0
1.017299544833333,0.010728318476668976,0.0
1.0174995448333335,0.012728138141041654,0.0
1.0176995448333335,0.012994677805414332,0.0
1.0178995448333332,0.009661381219787012,0.0
1.0180995448333339,0.00806132796749309,0.0
1.0182995448333336,0.010461130548532468,0.0
1.0184995448333336,0.011260990212905147,0.0
1.0186995448333325,0.011794199043944527,0.0
1.018899544833334,0.008994206208317305,0.0
1.0190995448333329,0.009660751289356683,0.0
1.0192995448333333,0.009793973453729364,0.0
1.019499544833333,0.01112715645143544,0.0
1.0196995448333337,0.007260520699141519,0.0
1.0198995448333326,0.0113935920301808,0.0
1.0200995448333332,0.011660152944553578,0.0
1.0202995448333336,0.007526860108926255,0.0
1.0204995448333332,0.008193387273299036,0.0
1.0206995448333331,0.010459862771005014,0.0
1.0208995448333336,0.008326522435377792,0.0
1.0210995448333335,0.00805976543308377,0.0
1.021299544833333,0.009126285097456551,0.0
1.021499544833334,0.006059616428495829,0.0
1.0216995448333333,0.011925949009535306,0.0
1.0218995448333332,0.007659354923907987,0.0
1.0220995448333328,0.010059153754947366,0.0
1.0222995448333339,0.009259078419320043,0.0
1.022499544833333,0.011525537250359423,0.0
1.0226995448333334,0.006725628998065501,0.0
1.0228995448333336,0.00819213616243818,0.0
1.0230995448333333,0.007125394160144259,0.0
1.0232995448333333,0.008858567157850338,0.0
1.0234995448333333,0.010191758488889617,0.0
1.0236995448333337,0.008325051069928995,0.0
1.0238995448333332,0.008058290734301773,0.0
1.024099544833334,0.012324682482007753,0.0
1.0242995448333332,0.00939135006304713,0.0
1.0244995448333332,0.00619137639408651,0.0
1.0246995448333327,0.008991168141792589,0.0
1.024899544833334,0.008991055306165268,0.0
1.0250995448333327,0.009124293303871347,0.0
1.0252995448333335,0.008190882968244025,0.0
1.025499544833333,0.009657386799283504,0.0
1.025699544833334,0.006457407713656183,0.0
1.0258995448333326,0.007790595711362163,0.0
1.026099544833333,0.00832379412573494,0.0
1.0262995448333336,0.00885699879010762,0.0
1.0264995448333332,0.010190181787813696,0.0
1.0266995448333336,0.007523503952186377,0.0
1.0268995448333336,0.008590035699892456,0.0
1.0270995448333338,0.008856580780931832,0.0
1.0272995448333333,0.006723219611971212,0.0
1.0274995448333342,0.005656479276343891,0.0
1.0276995448333333,0.009122925190716571,0.0
1.0278995448333337,0.005922941105089348,0.0
1.0280995448333328,0.008189411186128728,0.0
1.028299544833334,0.008722622100501407,0.0
1.0284995448333327,0.006455930514874085,0.0
1.0286995448333331,0.008989062262580165,0.0
1.0288995448333331,0.010855545260286242,0.0
1.0290995448333335,0.008322219924658921,0.0
1.0292995448333326,0.0073888204223650005,0.0
1.029499544833333,0.007655375920071078,0.0
1.0296995448333335,0.007655266834443758,0.0
1.0298995448333332,0.006455204832149836,0.0
1.0300995448333339,0.008055044496522515,0.0
1.0302995448333332,0.006054998327561895,0.0
1.0304995448333334,0.007521521325267973,0.0
1.030699544833333,0.011387920989640652,0.0
1.030899544833334,0.006854669820680031,0.0
1.0310995448333329,0.006721230735052709,0.0
1.0312995448333337,0.009387690399425386,0.0
1.0314995448333333,0.008587617147131466,0.0
1.0316995448333337,0.007654210144837545,0.0
1.0318995448333326,0.005520863142543624,0.0
1.032099544833333,0.008053982806916302,0.0
1.0322995448333336,0.007253919137955681,0.0
1.0324995448333334,0.008453760052328362,0.0
1.0326995448333331,0.004987130966701038,0.0
1.0328995448333336,0.0032537447977404182,0.0
1.0330995448333335,0.008586764878779796,0.0
1.0332995448333335,0.008986642459819274,0.0
1.0334995448333335,0.003920067124191955,0.0
1.033699544833333,0.009519752621898032,0.0
1.0338995448333335,0.005386465619604012,0.0
1.0340995448333328,0.004053092783976791,0.0
1.0342995448333339,0.0071195236983494685,0.0
1.034499544833333,0.006319453779388848,0.0
1.0346995448333334,0.008452630110428226,0.0
1.0348995448333334,0.008985817691467606,0.0
1.0350995448333336,0.0061858098558402845,0.0
1.0352995448333326,0.0065856932702129615,0.0
1.0354995448333333,0.008452187517919041,0.0
1.0356995448333337,0.00698547218229182,0.0
1.0358995448333332,0.007518690596664498,0.0
1.0360995448333332,0.009118511511037177,0.0
1.0362995448333334,0.006451857842076556,0.0
1.0364995448333334,0.005251789589782636,0.0
1.0366995448333332,0.011918082170822015,0.0
1.036899544833334,0.008451455585194691,0.0
1.037099544833333,0.004451511916234071,0.0
1.0372995448333335,0.01005119616394015,0.0
1.0374995448333328,0.010184418328312829,0.0
1.037699544833334,0.003917869242685609,0.0
1.0378995448333328,0.007917628490391586,0.0
1.038099544833333,0.006984223154764366,0.0
1.0382995448333336,0.008050756569137044,0.0
1.0384995448333336,0.008850595816843122,0.0
1.038699544833333,0.009650464647882401,0.0
1.0388995448333336,0.00858373806225518,0.0
1.0390995448333336,0.01045023355996116,0.0
1.0392995448333333,0.007116912391000638,0.0
1.0394995448333337,0.005516896638706616,0.0
1.0396995448333333,0.007250041719745996,0.0
1.0398995448333337,0.008316560134118774,0.0
1.0400995448333328,0.010849698965158153,0.0
1.040299544833334,0.008849656546197432,0.0
1.0404995448333327,0.01138279412723681,0.0
1.0406995448333334,0.005649566291609589,0.0
1.0408995448333327,0.009515988455982269,0.0
1.0410995448333338,0.011915796870355046,0.0
1.0412995448333324,0.008982466951394326,0.0
1.041499544833333,0.010315644532433704,0.0
1.0416995448333335,0.009648888363473183,0.0
1.0418995448333335,0.008048868861179162,0.0
1.0420995448333332,0.00884871602555184,0.0
1.0422995448333332,0.00964857068992462,0.0
1.0424995448333334,0.008848502854297297,0.0
1.0426995448333332,0.011248304185336677,0.0
1.042899544833334,0.008714964683042756,0.0
1.043099544833333,0.006448286847415434,0.0
1.0432995448333333,0.011247998595121513,0.0
1.0434995448333328,0.006581406176160891,0.0
1.0436995448333342,0.010314487923866869,0.0
1.0438995448333328,0.009247753838239649,0.0
1.044099544833333,0.009114326419279027,0.0
1.0442995448333334,0.008314250666985108,0.0
1.0444995448333334,0.006580877414691086,0.0
1.0446995448333332,0.009647324995730464,0.0
1.0448995448333334,0.008447268410103244,0.0
1.0450995448333336,0.012047031824475921,0.0
1.045299544833333,0.010580293988848601,0.0
1.045499544833334,0.005247073653221279,0.0
1.0456995448333335,0.011246741234260758,0.0
1.0458995448333335,0.006713483815300137,0.0
1.0460995448333328,0.010446556813006116,0.0
1.0462995448333339,0.012046388144045494,0.0
1.046499544833333,0.007779780725084873,0.0
1.0466995448333336,0.007646349139457552,0.0
1.046899544833333,0.006712934637163631,0.0
1.0470995448333338,0.00697950721820301,0.0
1.0472995448333324,0.005912772715909089,0.0
1.0474995448333329,0.007245924046948468,0.0
1.0476995448333337,0.006979180377987846,0.0
1.0478995448333333,0.008312362125693825,0.0
1.0480995448333332,0.011645445123399904,0.0
1.0482995448333334,0.005512244371105982,0.0
1.0484995448333336,0.00657878778547866,0.0
1.0486995448333334,0.00924524369985144,0.0
1.048899544833334,0.008845136697557418,0.0
1.0490995448333331,0.006311816778596798,0.0
1.0492995448333335,0.009778236859636176,0.0
1.0494995448333326,0.005644954024008855,0.0
1.049699544833334,0.006711464521714933,0.0
1.0498995448333328,0.007111347519421013,0.0
1.0500995448333332,0.00564465218379369,0.0
1.0502995448333332,0.006311173098166369,0.0
1.0504995448333336,0.007377699845872447,0.0
1.050699544833333,0.006844281593578527,0.0
1.0508995448333334,0.005244229174617905,0.0
1.0510995448333336,0.006710723422323985,0.0
1.0512995448333333,0.0060439847533633635,0.0
1.051499544833334,0.001777396501069341,0.0
1.0516995448333337,0.006310441165442122,0.0
1.0518995448333333,0.0035104508298147985,0.0
1.0520995448333328,0.0025770488275208784,0.0
1.052299544833334,0.006976768908560257,0.0
1.052499544833333,0.004443425656266237,0.0
1.0526995448333336,0.008443164487305616,0.0
1.0528995448333331,0.004843204151678392,0.0
1.053099544833334,0.003376500066051072,0.0
1.0532995448333324,0.0056429588970904505,0.0
1.053499544833333,0.006442839394796529,0.0
1.0536995448333335,0.0036428407258359084,0.0
1.0538995448333335,0.004975994973541887,0.0
1.0540995448333332,0.007375814221247965,0.0
1.0542995448333334,0.004442479302287345,0.0
1.0544995448333336,-9.077270000657639e-05,0.0
1.0546995448333332,0.006308869464366103,0.0
1.054899544833334,0.00017566162873878036,0.0
1.0550995448333333,0.0017754975431114595,0.0
1.0552995448333333,0.006708538874150939,0.0
1.0554995448333329,0.0053751410385236165,0.0
1.055699544833334,0.005375049869562994,0.0
1.0558995448333328,0.0011084449506023747,0.0
1.0560995448333332,0.002974938781641753,0.0
1.0562995448333332,0.003641461779347833,0.0
1.0564995448333336,0.00484132644372051,0.0
1.0566995448333327,0.00284129735809319,0.0
1.0568995448333334,0.0025745249391325685,0.0
1.0570995448333336,0.003774367520171946,0.0
1.057299544833333,0.004707565101211326,0.0
1.057499544833334,0.002574214765584004,0.0
1.0576995448333335,0.003907392763290083,0.0
1.057899544833333,0.004573938677662863,0.0
1.058099544833333,0.00204058750870224,0.0
1.0582995448333339,0.005240363839741519,0.0
1.058499544833333,0.004440301837447598,0.0
1.0586995448333336,-0.0011596043315130235,0.0
1.058899544833333,0.0036401082495263557,0.0
1.059099544833334,0.005506574580565735,0.0
1.0592995448333324,0.0012399904949385136,0.0
1.0594995448333329,0.0009732255759777927,0.0
1.0596995448333337,0.002173069823683871,0.0
1.0598995448333337,0.0015063244880566488,0.0
1.0600995448333332,0.004439442902429329,0.0
1.0602995448333337,3.95213168020072e-05,0.0
1.0604995448333336,0.0024393130645080866,0.0
1.0606995448333334,0.002572529395547465,0.0
1.0608995448333338,0.0039057136432535423,0.0
1.0610995448333331,0.0009723783076262225,0.0
1.0612995448333336,0.0035055158886656,0.0
1.0614995448333326,0.0004388638863716803,0.0
1.0616995448333342,-0.000627876032589042,0.0
1.0618995448333324,0.0025719027984504386,0.0
1.0620995448333335,0.0017718178794897156,0.0
1.062299544833333,0.0013717371271957952,0.0
1.0624995448333336,0.005104827624901873,0.0
1.0626995448333325,0.004171426872607952,0.0
1.0628995448333334,0.004171314870313931,0.0
1.0630995448333336,0.0031045753680200103,0.0
1.0632995448333333,0.000704585865725988,0.0
1.0634995448333333,0.0025710634467654685,0.0
1.0636995448333337,0.004437553944471446,0.0
1.0638995448333337,0.006037385692177525,0.0
1.0640995448333332,0.0003041645232169047,0.0
1.064299544833334,0.0023039787709228828,0.0
1.064499544833333,0.0019038942686289625,0.0
1.0646995448333336,0.0012371501830017399,0.0
1.0648995448333327,0.003770284014041019,0.0
1.065099544833334,0.0028368886784137966,0.0
1.0652995448333327,0.001636832092786476,0.0
1.065499544833333,0.002303357590492555,0.0
1.0656995448333335,0.0013699443381985348,0.0
1.0658995448333335,0.002303138169238012,0.0
1.0660995448333332,0.001503056583610692,0.0
1.0662995448333334,0.0031029108313167693,0.0
1.0664995448333336,0.0003029129956894482,0.0
1.0666995448333332,0.0021693930767288285,0.0
1.0668995448333338,0.0012359927411015065,0.0
1.0670995448333334,0.0016358903221408844,0.0
1.0672995448333336,0.0039023624865135633,0.0
1.0674995448333329,0.0019023242342196423,0.0
1.067699544833334,0.00030229348192572017,0.0
1.0678995448333326,0.0020354443962983994,0.0
1.0680995448333337,0.000968700727337778,0.0
1.068299544833333,0.0023018741417104582,0.0
1.0684995448333336,0.0008351908894165365,0.0
1.0686995448333323,0.0017683684704559166,0.0
1.0688995448333332,0.002301565218161994,0.0
1.0690995448333338,0.003501422382534673,0.0
1.0692995448333331,0.0007014282969073516,0.0
1.069499544833333,-0.0006319524553865703,0.0
1.0696995448333335,0.0007012142923195075,0.0
1.0698995448333335,-0.00023219145997441237,0.0
1.0700995448333335,-0.0010322655456017332,0.0
1.070299544833334,0.0017675174521042444,0.0
1.0704995448333328,0.0009674441998103241,0.0
1.0706995448333336,-0.0018325353024835987,0.0
1.070899544833333,0.0028338485285557824,0.0
1.071099544833334,3.3842776261760674e-05,0.0
1.071299544833333,-0.0008995754760321596,0.0
1.0714995448333333,0.0031001862716739173,0.0
1.0716995448333337,-0.0019664132306200025,0.0
1.0718995448333333,-9.990856624732432e-05,0.0
1.072099544833333,0.004566469431458654,0.0
1.0722995448333332,-0.003566670070835269,0.0
1.0724995448333337,-0.0006335508231291882,0.0
1.0726995448333332,0.0010996292579101893,0.0
1.072899544833334,3.289600561616826e-05,0.0
1.0730995448333336,-0.0010338405800110525,0.0
1.0732995448333331,-0.00036730174897167504,0.0
1.0734995448333327,0.000565895832067705,0.0
1.073699544833334,0.0002991196631070836,0.0
1.0738995448333328,-0.0009009444225202366,0.0
1.0740995448333335,0.00016558690851914241,0.0
1.0742995448333328,-0.0034343663437747807,0.0
1.0744995448333339,-0.0017012116794021016,0.0
1.0746995448333325,0.0010985725683039776,0.0
1.074899544833333,-0.0001014944339900424,0.0
1.0750995448333336,-0.0006348964362839649,0.0
1.0752995448333333,-0.0013016659385778877,0.0
1.0754995448333333,-0.001968412107538507,0.0
1.0756995448333337,-0.0015685203598325287,0.0
1.0758995448333337,0.0001646447212069503,0.0
1.0760995448333333,-0.0015687206144203696,0.0
1.0762995448333341,0.0014977177999523084,0.0
1.0764995448333332,0.002297584130991688,0.0
1.0766995448333334,-0.0022356778713022354,0.0
1.0768995448333327,0.00016412429307044278,0.0
1.077099544833334,-0.002769204375890179,0.0
1.0772995448333327,-0.002902625544850797,0.0
1.077499544833333,0.0009637707861885787,0.0
1.077699544833333,-0.000502944549438741,0.0
1.0778995448333335,-0.002902956135065962,0.0
1.0780995448333328,0.0016301168626400176,0.0
1.0782995448333335,-0.00010326763965390513,0.0
1.0784995448333334,-0.002236644641947826,0.0
1.0786995448333332,0.00016318543909155277,0.0
1.0788995448333338,0.0010963684367975308,0.0
1.0790995448333334,-0.0025036006488296896,0.0
1.0792995448333336,0.0012295035988763893,0.0
1.0794995448333329,-0.0018371629867509343,0.0
1.079699544833334,-0.005170474989044951,0.0
1.0798995448333328,0.0002958725919944248,0.0
1.0800995448333337,-0.0018374719102994957,0.0
1.0802995448333328,-0.0026375526625934155,0.0
1.080499544833334,-0.00037107508155403805,0.0
1.0806995448333327,-0.0021044633338480594,0.0
1.0808995448333332,-0.001837892002808681,0.0
1.0810995448333336,0.00016190307823069766,0.0
1.0812995448333331,-0.0003714868407298233,0.0
1.0814995448333335,-0.003304818426357145,0.0
1.0816995448333335,0.0017615499880155334,0.0
1.0818995448333335,-0.003305029097611786,0.0
1.082099544833333,-0.0023718465165724102,0.0
1.082299544833334,-0.0014386585188663273,0.0
1.0824995448333332,-0.0017054126044936512,0.0
1.0826995448333332,-0.0022388262734542724,0.0
1.082899544833333,-0.0006390053590814935,0.0
1.083099544833334,-0.000239134028042114,0.0
1.0832995448333325,-0.005705673530336136,0.0
1.0834995448333333,-0.001439275949296756,0.0
1.0836995448333333,-0.0019726942015906804,0.0
1.0838995448333337,-0.004106048287217999,0.0
1.0840995448333328,-0.0007729640395119208,0.0
1.0842995448333337,-0.0023729885418058445,0.0
1.0844995448333337,-0.004373023877433163,0.0
1.0846995448333332,-0.0014399004630604832,0.0
1.0848995448333336,-0.0007733807986877051,0.0
1.0850995448333336,-0.004373331134315027,0.0
1.0852995448333336,-0.004373453969942348,0.0
1.0854995448333327,-0.0038402313889029684,0.0
1.085699544833334,-0.00850682047453019,0.0
1.085899544833333,-0.006640323310157513,0.0
1.0860995448333335,-0.0037072032291181334,0.0
1.0862995448333328,-0.0050405948147453535,0.0
1.0864995448333339,-0.004107418067039374,0.0
1.0866995448333328,-0.0019742617359999985,0.0
1.0868995448333332,-0.006374207904960617,0.0
1.0870995448333336,-0.005707675323921238,0.0
1.0872995448333334,-0.005441117326215161,0.0
1.0874995448333333,-0.005841196828509181,0.0
1.0876995448333338,-0.0019747971641364045,0.0
1.0878995448333337,-0.003574835416430326,0.0
1.0880995448333333,-0.005308204502057646,0.0
1.0882995448333341,-0.003975020671018266,0.0
1.0884995448333332,-0.004775096006645588,0.0
1.0886995448333336,-0.00650847800893951,0.0
1.088899544833333,-0.004242004177900131,0.0
1.089099544833334,-0.005842038680194152,0.0
1.0892995448333327,-0.005575481515821372,0.0
1.0894995448333336,-0.004375642684781996,0.0
1.089699544833333,-0.005175713853742615,0.0
1.0898995448333335,-0.008509031272703239,0.0
1.0900995448333326,-0.002509342858330557,0.0
1.0902995448333332,-0.005709331527291179,0.0
1.0904995448333334,-0.0058427731129185,0.0
1.0906995448333332,-0.0007764138652124209,0.0
1.0908995448333336,-0.005443007534173044,0.0
1.0910995448333336,-0.008509669953133667,0.0
1.0912995448333336,-0.006509841122094285,0.0
1.0914995448333333,-0.007443236874388208,0.0
1.0916995448333342,-0.00677668929334883,0.0
1.0918995448333333,-0.00344359462897615,0.0
1.0920995448333337,-0.00557696288127007,0.0
1.0922995448333326,-0.007310339466897393,0.0
1.0924995448333341,-0.005577173969191312,0.0
1.0926995448333328,-0.007843869721485333,0.0
1.0928995448333332,-0.006244016723779255,0.0
1.0930995448333336,-0.006777442476073179,0.0
1.0932995448333336,-0.0071775373950337985,0.0
1.0934995448333331,-0.00864424398066112,0.0
1.0936995448333335,-0.003844545566288441,0.0
1.0938995448333335,-0.00611123131858236,0.0
1.094099544833333,-0.006511316237542983,0.0
1.094299544833334,-0.005578123239836903,0.0
1.0944995448333332,-0.008511419408797526,0.0
1.0946995448333336,-0.008644885161091546,0.0
1.094899544833333,-0.006911717580052169,0.0
1.095099544833334,-0.005978523749012688,0.0
1.095299544833333,-0.0071785840846400086,0.0
1.0954995448333336,-0.003578820670267333,0.0
1.0956995448333329,-0.007578764339227951,0.0
1.0958995448333337,-0.008645513841521874,0.0
1.0960995448333326,-0.005445736677149196,0.0
1.0962995448333333,-0.007312441596109815,0.0
1.0964995448333337,-0.008645816515070438,0.0
1.0966995448333332,-0.004779407684031059,0.0
1.0968995448333332,-0.008379393852991681,0.0
1.0970995448333336,-0.007579505021952301,0.0
1.0972995448333336,-0.005179703690912923,0.0
1.0974995448333331,-0.007446389859873543,0.0
1.097699544833334,-0.010379716028834165,0.0
1.0978995448333329,-0.0026467855311280847,0.0
1.0980995448333335,-0.008646672533422108,0.0
1.0982995448333328,-0.007713470369049328,0.0
1.098499544833334,-0.002380445288009951,0.0
1.0986995448333328,-0.007580338956970573,0.0
1.0988995448333332,-0.008647095959264594,0.0
1.0990995448333332,-0.0026474233782252145,0.0
1.0992995448333334,-0.005714062047185836,0.0
1.0994995448333331,-0.009714019466146457,0.0
1.0996995448333333,-0.006380928551773676,0.0
1.0998995448333335,-0.0083809409707343,0.0
1.1000995448333333,-0.007181100056361621,0.0
1.100299544833334,-0.004247997475322243,0.0
1.1004995448333332,-0.008514608644282863,0.0
1.1006995448333334,-0.006381452313243484,0.0
1.1008995448333327,-0.0030483455655374043,0.0
1.101099544833334,-0.008648237567831427,0.0
1.1012995448333327,-0.008648318320125347,0.0
1.1014995448333336,-0.006115207822419269,0.0
1.101699544833333,-0.005715318574713191,0.0
1.1018995448333337,-0.00878197349367381,0.0
1.1020995448333326,-0.005848870912634531,0.0
1.102299544833333,-0.004782339581595154,0.0
1.102499544833334,-0.004382467833889075,0.0
1.1026995448333334,-0.005315867336182995,0.0
1.1028995448333334,-0.005449306838477018,0.0
1.1030995448333334,-0.00678267425743764,0.0
1.1032995448333338,-0.004649550426398261,0.0
1.1034995448333333,-0.005182975762025484,0.0
1.103699544833334,-0.007049659847652802,0.0
1.1038995448333329,-0.005716483516613425,0.0
1.1040995448333333,-0.006649883852240744,0.0
1.1042995448333328,-0.008516579604534665,0.0
1.1044995448333341,-0.0046501820234952865,0.0
1.1046995448333328,-0.007983488192455908,0.0
1.1048995448333332,-0.00905021477808323,0.0
1.1050995448333332,-0.005717118030377149,0.0
1.1052995448333336,-0.0031839721160043712,0.0
1.105499544833333,-0.006783955368298393,0.0
1.1056995448333335,-0.004384123620592314,0.0
1.1058995448333335,-0.005984179789552938,0.0
1.106099544833333,-0.007584236791846857,0.0
1.106299544833334,-0.001984542960807578,0.0
1.1064995448333332,-0.005851174546434799,0.0
1.1066995448333337,-0.009984451965395422,0.0
1.1068995448333327,-0.005718058134356042,0.0
1.107099544833334,-0.007051436803316663,0.0
1.107299544833333,-0.009051478805610686,0.0
1.1074995448333338,-0.003585122891237906,0.0
1.1076995448333329,-0.004785173226865228,0.0
1.1078995448333337,-0.00945177147915915,0.0
1.1080995448333326,-0.005852008898119772,0.0
1.1082995448333333,-0.007718709650413692,0.0
1.1084995448333337,-0.007718817486041014,0.0
1.1086995448333332,-0.005718996988334935,0.0
1.1088995448333332,-0.005052461073962254,0.0
1.1090995448333336,-0.006785846409589577,0.0
1.1092995448333336,-0.0054526542452167995,0.0
1.1094995448333331,-0.0041194808308441175,0.0
1.109699544833334,-0.007052809499804741,0.0
1.109899544833333,-0.005319651085432061,0.0
1.1100995448333335,-0.009052940171059284,0.0
1.110299544833333,-0.006119843423353304,0.0
1.110499544833334,-0.006253260425647224,0.0
1.1106995448333326,-0.008253281594607847,0.0
1.1108995448333334,-0.008920024013568468,0.0
1.111099544833333,-0.003987011015862388,0.0
1.1112995448333334,-0.004920387184823009,0.0
1.1114995448333327,-0.00652044877045033,0.0
1.1116995448333333,-0.0025207066060776526,0.0
1.1118995448333333,-0.006920633191704871,0.0
1.1120995448333333,-0.007720711443998895,0.0
1.1122995448333337,-0.0023876959462928154,0.0
1.1124995448333332,-0.007320922948586836,0.0
1.1126995448333337,-0.0049211099508807594,0.0
1.112899544833333,-0.0035879615365079776,0.0
1.113099544833334,-0.005054648122135302,0.0
1.1132995448333327,-0.007188035541095924,0.0
1.1134995448333336,-0.005854853376723243,0.0
1.1136995448333327,-0.006388262879017165,0.0
1.113899544833334,-0.0071883469646444875,0.0
1.1140995448333326,-0.004121906883605107,0.0
1.114299544833333,-0.006388577219232328,0.0
1.1144995448333335,-0.004522090054859651,0.0
1.1146995448333334,0.00027760710951302975,0.0
1.114899544833333,-0.006922197392780894,0.0
1.1150995448333338,-0.005989017728408213,0.0
1.1152995448333338,-0.0018559488973688351,0.0
1.1154995448333334,-0.0021227017329961545,0.0
1.115699544833334,-0.005322690401956676,0.0
1.115899544833333,-0.0033228719875839988,0.0
1.1160995448333337,-0.0035896323232113177,0.0
1.1162995448333328,-0.008122891408838642,0.0
1.1164995448333341,-0.005589767577799262,0.0
1.1166995448333326,-0.005989854580093185,0.0
1.1168995448333336,-0.006256612832387104,0.0
1.1170995448333332,-0.0010569181680144257,0.0
1.1172995448333336,-0.006123499336975046,0.0
1.1174995448333327,-0.004790314672602266,0.0
1.1176995448333333,-0.00452377667489629,0.0
1.1178995448333335,-0.0031905857605235115,0.0
1.1180995448333335,-0.005590611096150834,0.0
1.118299544833333,-0.0029241439317781535,0.0
1.1184995448333335,-0.0057241288507387765,0.0
1.1186995448333337,-0.002124384186366096,0.0
1.1188995448333334,-0.002657811188660016,0.0
1.119099544833334,-0.00359120277428724,0.0
1.1192995448333327,-0.00452462060991456,0.0
1.1194995448333334,-0.00519135386220858,0.0
1.1196995448333327,-0.005591446697835801,0.0
1.119899544833334,-0.0058581999501298235,0.0
1.1200995448333328,-0.004925018202423744,0.0
1.120299544833333,-0.003991803538050965,0.0
1.1204995448333337,-0.003991922207011587,0.0
1.1206995448333334,-0.00239210337597231,0.0
1.1208995448333332,-0.00385880121159953,0.0
1.1210995448333336,-0.0067921336305601515,0.0
1.1212995448333336,-0.0022590872995207727,0.0
1.1214995448333331,-0.006792345968481392,0.0
1.121699544833334,-0.006259147137442016,0.0
1.121899544833333,-0.002926035806402636,0.0
1.1220995448333335,-0.004126087392029956,0.0
1.1222995448333328,-0.007059410644323876,0.0
1.122499544833334,-0.0018597184799512,0.0
1.1226995448333326,-0.003859741315578421,0.0
1.1228995448333334,-0.0054597845678724406,0.0
1.123099544833333,-0.0038599544868330622,0.0
1.1232995448333336,-0.006126632322460286,0.0
1.1234995448333327,-0.005993425158087604,0.0
1.1236995448333331,-0.006260176327048228,0.0
1.1238995448333338,-0.007060244162675547,0.0
1.1240995448333333,-0.005593745748302769,0.0
1.1242995448333333,-0.00266062858393009,0.0
1.1244995448333335,-0.006793909336224011,0.0
1.1246995448333337,-0.010127217588518032,0.0
1.1248995448333332,-0.005727497090811955,0.0
1.125099544833334,-0.0066608949264392765,0.0
1.125299544833333,-0.005327721095399899,0.0
1.1254995448333334,-0.004661188097693817,0.0
1.1256995448333327,-0.006794537183321139,0.0
1.125899544833334,-0.00839458418561506,0.0
1.1260995448333326,-0.004128174937908983,0.0
1.126299544833333,-0.007994811523536302,0.0
1.1264995448333335,-0.007328263942496922,0.0
1.1266995448333335,-0.008661665111457545,0.0
1.1268995448333332,-0.0077284658637514665,0.0
1.1270995448333334,-0.005328676616045486,0.0
1.1272995448333334,-0.004795457368339409,0.0
1.1274995448333331,-0.006795488120633431,0.0
1.127699544833334,-0.011328736372927351,0.0
1.1278995448333333,-0.007062352541887975,0.0
1.1280995448333335,-0.007729095794181894,0.0
1.1282995448333328,-0.0053292861298092145,0.0
1.128499544833334,-0.007329311465436439,0.0
1.1286995448333328,-0.007729408467730457,0.0
1.1288995448333337,-0.011196049636691081,0.0
1.1290995448333332,-0.0079962737223183,0.0
1.1292995448333336,-0.008129716974612322,0.0
1.1294995448333327,-0.009596434810239541,0.0
1.129699544833333,-0.007329954312533565,0.0
1.1298995448333338,-0.007596706731494185,0.0
1.1300995448333333,-0.009596734150454806,0.0
1.130299544833333,-0.009196856569415428,0.0
1.1304995448333335,-0.010663590655042651,0.0
1.1306995448333337,-0.009197061407336669,0.0
1.1308995448333334,-0.006663949242963891,0.0
1.131099544833334,-0.010130571661924515,0.0
1.131299544833333,-0.010264009080885135,0.0
1.1314995448333334,-0.008130866499845756,0.0
1.131699544833333,-0.009330929752139776,0.0
1.131899544833334,-0.0091976996711004,0.0
1.1320995448333329,-0.005197960423394319,0.0
1.1322995448333333,-0.00946457450902164,0.0
1.1324995448333333,-0.00866470276131556,0.0
1.1326995448333332,-0.009064813513609481,0.0
1.132899544833333,-0.011331464265903504,0.0
1.1330995448333332,-0.012264892518197427,0.0
1.1332995448333336,-0.012664979937158047,0.0
1.1334995448333334,-0.00866525318945197,0.0
1.1336995448333338,-0.01226520352507929,0.0
1.133899544833333,-0.007998793860706609,0.0
1.1340995448333335,-0.009865495029667232,0.0
1.134299544833333,-0.009865598698627853,0.0
1.134499544833334,-0.008665753617588473,0.0
1.134699544833333,-0.010799121869882397,0.0
1.1348995448333334,-0.011465855955509717,0.0
1.1350995448333328,-0.009866024207803638,0.0
1.1352995448333338,-0.01226603412676426,0.0
1.1354995448333327,-0.01573268404572488,0.0
1.135699544833333,-0.007866413548018801,0.0
1.1358995448333338,-0.009999774716979522,0.0
1.1360995448333333,-0.010933181719273443,0.0
1.1362995448333333,-0.011733244554900765,0.0
1.1364995448333337,-0.010666727390527988,0.0
1.1366995448333335,-0.011866788559488608,0.0
1.1368995448333332,-0.010666932228449229,0.0
1.1370995448333339,-0.012000325897409849,0.0
1.137299544833333,-0.011333783733037173,0.0
1.1374995448333334,-0.010933907401997792,0.0
1.1376995448333331,-0.010267377737625016,0.0
1.137899544833334,-0.009067527656585736,0.0
1.1380995448333326,-0.010534242992212957,0.0
1.1382995448333335,-0.01226762207784028,0.0
1.1384995448333333,-0.010267800746800898,0.0
1.1386995448333335,-0.011334526499094822,0.0
1.1388995448333328,-0.00933469308472214,0.0
1.1390995448333332,-0.011734716337016062,0.0
1.1392995448333336,-0.010268213339309985,0.0
1.1394995448333334,-0.012001593674937305,0.0
1.1396995448333331,-0.011201708177231326,0.0
1.1398995448333333,-0.010001876846191849,0.0
1.1400995448333335,-0.00826871551515257,0.0
1.1402995448333333,-0.009468762517446492,0.0
1.1404995448333342,-0.012002102853073814,0.0
1.140699544833333,-0.010935589855367734,0.0
1.1408995448333337,-0.012002327690994954,0.0
1.1410995448333328,-0.008535894693288975,0.0
1.141299544833334,-0.010269274195582895,0.0
1.141499544833333,-0.013335919114543515,0.0
1.1416995448333331,-0.010402800283504139,0.0
1.1418995448333336,-0.009336287702464762,0.0
1.1420995448333333,-0.01306957928809208,0.0
1.142299544833333,-0.009869810040386002,0.0
1.1424995448333335,-0.010669871626013325,0.0
1.1426995448333335,-0.010269994461640643,0.0
1.1428995448333334,-0.008803482297267866,0.0
1.1430995448333339,-0.013203435549561889,0.0
1.1432995448333332,-0.009603665051855809,0.0
1.1434995448333334,-0.009870432887483032,0.0
1.143699544833333,-0.01093716863977705,0.0
1.1438995448333338,-0.012270548975404274,0.0
1.1440995448333326,-0.011470673894364892,0.0
1.1442995448333333,-0.009604180896658916,0.0
1.1444995448333333,-0.013604137482286238,0.0
1.1446995448333335,-0.009604409484580159,0.0
1.1448995448333328,-0.01053781940354078,0.0
1.1450995448333332,-0.011337879739168,0.0
1.1452995448333336,-0.00987137924146202,0.0
1.1454995448333332,-0.011071425827089242,0.0
1.1456995448333331,-0.012138165329383261,0.0
1.1458995448333336,-0.011871626915010584,0.0
1.1460995448333335,-0.012805016000637806,0.0
1.1462995448333333,-0.011338513836265126,0.0
1.146499544833334,-0.011738593755225749,0.0
1.146699544833333,-0.012805331590853068,0.0
1.1468995448333332,-0.010405513176480292,0.0
1.147099544833333,-0.009338996845440914,0.0
1.1472995448333339,-0.012538988014401535,0.0
1.147499544833333,-0.011472452933362154,0.0
1.147699544833333,-0.011205915352322775,0.0
1.1478995448333338,-0.009872747771283396,0.0
1.148099544833333,-0.01320602685691072,0.0
1.1482995448333333,-0.009606293859204638,0.0
1.1484995448333333,-0.00960640044483196,0.0
1.1486995448333337,-0.011606425780459282,0.0
1.1488995448333332,-0.009873262366086504,0.0
1.1490995448333339,-0.012139952285047124,0.0
1.1492995448333332,-0.010940098870674445,0.0
1.1494995448333334,-0.010006891289635068,0.0
1.1496995448333331,-0.01254025704192899,0.0
1.149899544833334,-0.015073571544222912,0.0
1.1500995448333329,-0.008807267296516931,0.0
1.1502995448333335,-0.012540548465477554,0.0
1.1504995448333335,-0.014673907551104873,0.0
1.1506995448333335,-0.010274179553398795,0.0
1.1508995448333326,-0.011340907389026116,0.0
1.151099544833333,-0.011741007724653339,0.0
1.1512995448333339,-0.014007690976947358,0.0
1.1514995448333332,-0.01254118339590798,0.0
1.1516995448333334,-0.012941275814868501,0.0
1.1518995448333336,-0.011741439900495825,0.0
1.1520995448333338,-0.012408170652789844,0.0
1.1522995448333333,-0.013741545988417064,0.0
1.152499544833334,-0.009875147157377686,0.0
1.152699544833333,-0.011608529576338308,0.0
1.1528995448333332,-0.01014201991196563,0.0
1.153099544833333,-0.013741984414259549,0.0
1.1532995448333339,-0.011075521833220173,0.0
1.1534995448333327,-0.014942139668847493,0.0
1.1536995448333331,-0.011075743754474714,0.0
1.1538995448333333,-0.012009129923435334,0.0
1.154099544833333,-0.013342527759062655,0.0
1.154299544833333,-0.008676142678023278,0.0
1.1544995448333333,-0.013476058430317298,0.0
1.1546995448333337,-0.011876240015944518,0.0
1.1548995448333335,-0.01227630576823854,0.0
1.1550995448333339,-0.015076304020532465,0.0
1.155299544833333,-0.011343226022826383,0.0
1.1554995448333336,-0.013343247608453707,0.0
1.1556995448333331,-0.012410053777414325,0.0
1.1558995448333338,-0.014410092863041646,-1.7810798870250322e-07
1.1560995448333329,-0.013210242365335566,-2.6418408991283213e-05
1.1562995448333335,-0.012010399784296188,-5.263358259737043e-05
1.156499544833333,-0.015477013869923511,-7.882338304276033e-05
1.1566995448333337,-0.01521048878888403,-0.00010498756707251468
1.1568995448333328,-0.014543950374511352,-0.00013112589398336363
1.1570995448333328,-0.013077428210138672,-0.00015723812566923332
1.1572995448333339,-0.011210922295765995,-0.00018332402666385034
1.1574995448333332,-0.01147770763139322,-0.0002093833641854569
1.1576995448333331,-0.014144382133687239,-0.0002354159081818436
1.1578995448333336,-0.015077768719314459,-0.0002614214313733643
1.1580995448333335,-0.01241132197160848,-0.0002873997092986373
1.1582995448333333,-0.011744759807235702,-0.000313350520358154
1.158499544833334,-0.008944990559529622,-0.00033927364585990886
1.158699544833333,-0.014411557145156942,-0.0003651688700626999
1.1588995448333335,-0.014278316230784266,-0.00039103598022288135
1.159099544833333,-0.014145119483078188,-0.00041687476663734526
1.159299544833334,-0.011478646068705509,-0.00044268502268998163
1.1594995448333325,-0.013212001404332731,-0.0004684665448952331
1.1596995448333334,-0.013345467989960053,-0.000494219132945372
1.1598995448333334,-0.01681207374225397,-0.0005199425897531978
1.1600995448333333,-0.012812358244547992,-0.0005456367214989587
1.1602995448333329,-0.012145805246841914,-0.0005713013376750837
1.1604995448333333,-0.014679157249135938,-0.0005969362511318024
1.1606995448333337,-0.012545999251429858,-0.0006225412781222128
1.1608995448333332,-0.016279290420390478,-0.0006481162383475876
1.1610995448333332,-0.010946284089351098,-0.0006736609550038842
1.1612995448333332,-0.013746285674978419,-0.0006991752548262893
1.1614995448333336,-0.012013116010605642,-0.0007246589681348839
1.1616995448333332,-0.014946440096232963,-0.0007501119288808166
1.161899544833334,-0.011746666681860286,-0.0007755339746920596
1.1620995448333329,-0.012680079100820908,-0.0008009249469177527
1.1622995448333335,-0.012813498603114827,-0.0008262846906761452
1.1624995448333326,-0.014013551438742148,-0.0008516130548981295
1.162699544833334,-0.01281372094103607,-0.0008769098923748672
1.1628995448333328,-0.012813833359996689,-0.0009021750598016813
1.163099544833333,-0.014147182028957312,-0.000927408417826198
1.1632995448333336,-0.013880666947917935,-0.0009526098310919685
1.1634995448333334,-0.012147492283545253,-0.000977779168285502
1.1636995448333332,-0.013347558869172478,-0.0010029163021819055
1.1638995448333336,-0.011481066704799796,-0.001028021109690717
1.1640995448333338,-0.01521435329042702,-0.0010530934719013623
1.1642995448333333,-0.013747848209387641,-0.0010781332741296977
1.1644995448333337,-0.01401462729501496,-0.0011031404059632817
1.164699544833333,-0.01334808513064228,-0.0011281147613071934
1.1648995448333335,-0.014548136299602903,-0.0011530562384306567
1.1650995448333332,-0.01628149621856352,-0.001177964740011478
1.1652995448333339,-0.012281774887524147,-0.0012028401731829794
1.1654995448333325,-0.014681791889818066,-0.0012276824495789458
1.1656995448333336,-0.011215355558778688,-0.0012524914853803942
1.1658995448333331,-0.012948728811072709,-0.0012772672013598885
1.1660995448333333,-0.01374880581336663,-0.001302009522928494
1.1662995448333326,-0.01414888656566055,-0.0013267183801803457
1.166499544833333,-0.014415670651287871,-0.0013513937079394677
1.166699544833334,-0.013882450570248495,-0.001376035445804131
1.1668995448333335,-0.012549265905875817,-0.0014006435381925932
1.1670995448333332,-0.011482757491503038,-0.0014252179343896003
1.1672995448333334,-0.013616094493796957,-0.0014497585885906055
1.1674995448333336,-0.011616286079424281,-0.0014742654599477919
1.1676995448333334,-0.0110830993317183,-0.0014987385126149582
1.1678995448333338,-0.013483093834012222,-0.001523177715793286
1.168099544833333,-0.010549985002972842,-0.0015475830437761983
1.1682995448333333,-0.015483241588600065,-0.0015719544759947163
1.1684995448333328,-0.013616721090894086,-0.0015962919970621615
1.168699544833334,-0.012550211009854706,-0.0016205955968198243
1.1688995448333328,-0.01268366342881533,-0.0016448652703808183
1.1690995448333328,-0.01335038959777595,-0.0016691010181763674
1.169299544833334,-0.014550456600069872,-0.0016933028459997451
1.1694995448333332,-0.014417236519030494,-0.0017174707650501996
1.1696995448333332,-0.013350731854657813,-0.0017416047919797866
1.1698995448333334,-0.013750804273618435,-0.0017657049489357046
1.1700995448333336,-0.014817519609245757,-0.0017897712636060176
1.1702995448333333,-0.010017829111539677,-0.0018138037692635883
1.170499544833334,-0.011884518613833599,-0.0018378025048104373
1.170699544833333,-0.01081799019946092,-0.0018617675148216153
1.1708995448333335,-0.01201806220175484,-0.0018856988495903097
1.171099544833333,-0.012551478370715463,-0.0019095965651705013
1.1712995448333339,-0.014151515789676081,-0.001933460723421774
1.1714995448333327,-0.011485045291970005,-0.001957291392052526
1.1716995448333334,-0.014951698127597328,-0.001981088644664411
1.1718995448333334,-0.013485180546557948,-0.0020048525607949553
1.1720995448333336,-0.014018628798851967,-0.0020285832259617463
1.1722995448333327,-0.013085409967812487,-0.0020522807317053643
1.1724995448333329,-0.01268554322010651,-0.002075945175633068
1.1726995448333337,-0.013752273972400432,-0.002099576661461484
1.1728995448333333,-0.010152503891361053,-0.002123175299059595
1.1730995448333332,-0.011752561726988374,-0.0021467412044919453
1.1732995448333334,-0.014285904979282296,-0.0021702745000614088
1.1734995448333336,-0.009352851148242915,-0.0021937753143513017
1.1736995448333334,-0.01241949898387024,-0.002217243782268508
1.173899544833334,-0.012419612652830859,-0.0022406800450856085
1.174099544833333,-0.008419885905124781,-0.0022640842504826316
1.1742995448333333,-0.012153161240752101,-0.0022874565525904706
1.174499544833333,-0.012286595743046021,-0.002310797112031428
1.174699544833334,-0.012286697328673346,-0.0023341060959620368
1.1748995448333328,-0.012420145164300565,-0.0023573836781139923
1.175099544833333,-0.008687061333261185,-0.0023806300388367037
1.1752995448333339,-0.010420433752221807,-0.0024038453651379858
1.175499544833333,-0.01388706242118243,-0.0024270298507250566
1.175699544833333,-0.011487256506809752,-0.002450183696046989
1.1758995448333331,-0.011087375592437072,-0.0024733071083343954
1.1760995448333336,-0.012420768428064293,-0.002496400301640965
1.1762995448333333,-0.010020972930358314,-0.002519463496883682
1.176499544833334,-0.010421048265985534,-0.0025424969218842647
1.1766995448333333,-0.013754376518279559,-0.0025655008114083095
1.1768995448333335,-0.012554503103906777,-0.0025884754072070673
1.1770995448333332,-0.0101547163562008,-0.0026114209580561927
1.1772995448333337,-0.011621423775161422,-0.00263433771979627
1.177499544833333,-0.012421506610788642,-0.0026572259553726907
1.1776995448333334,-0.009488384446415962,-0.002680085934875412
1.1778995448333334,-0.011355096865376583,-0.0027029179355779107
1.1780995448333336,-0.012555135117670606,-0.002725722241977057
1.1782995448333327,-0.009622012119964527,-0.002748499145831724
1.1784995448333329,-0.013888636622258446,-0.002771248946202647
1.178699544833334,-0.012688788207885769,-0.0027939719494906646
1.178899544833333,-0.01268888229351299,-0.00281666846947486
1.179099544833333,-0.01282232596247361,-0.0028393388273528454
1.1792995448333337,-0.014555698381434232,-0.0028619833517773085
1.1794995448333334,-0.011755902467061555,-0.002884602378895068
1.1796995448333334,-0.012422653636022175,-0.002907196252385288
1.1798995448333338,-0.012156097721649496,-0.0029297653234969085
1.1800995448333333,-0.010289615140610118,-0.0029523099510865587
1.1802995448333333,-0.01655616547623734,-0.0029748305016559923
1.1804995448333333,-0.011356453728531361,-0.0029973273493899538
1.180699544833334,-0.01002327948082528,-0.0030198008761927694
1.1808995448333328,-0.012289970233119202,-0.0030422514717255303
1.1810995448333332,-0.013356687652079823,-0.0030646795334438354
1.1812995448333334,-0.012023523821040544,-0.0030870854666330758
1.1814995448333332,-0.011090312073334468,-0.0031094696844462142
1.1816995448333332,-0.014290311575628389,-0.0031318326079396927
1.1818995448333331,-0.013490428577922308,-0.003154174666109725
1.1820995448333336,-0.011490604746882932,-0.0031764962959283253
1.1822995448333333,-0.011757375082510253,-0.0031987979423792785
1.1824995448333337,-0.013757399584804172,-0.0032210800584941365
1.1826995448333333,-0.013357511170431493,-0.0032433431053872064
1.1828995448333335,-0.014557559422725415,-0.003265587552291732
1.1830995448333332,-0.013624406841686037,-0.0032878138765943905
1.1832995448333339,-0.011357905510646657,-0.003310022563871203
1.183499544833333,-0.014557893762940678,-0.003332214107921233
1.1836995448333336,-0.013091387015234598,-0.003354389010803289
1.1838995448333332,-0.011091569017528521,-0.0033765477828684247
1.1840995448333338,-0.013224927269822544,-0.0033986909427959917
1.1842995448333329,-0.008958536772116464,-0.0034208190176268794
1.1844995448333329,-0.011358530441077085,-0.003442932542798522
1.184699544833334,-0.014825188693371006,-0.003465032062178325
1.1848995448333333,-0.009092188612331728,-0.0034871181280972607
1.1850995448333332,-0.012425477281292249,-0.0035091913013844405
1.1852995448333339,-0.012292262200252872,-0.0035312521513999103
1.1854995448333334,-0.012159032952546892,-0.003553301256067791
1.1856995448333336,-0.012959109121507514,-0.0035753392019106487
1.1858995448333336,-0.014425837373801433,-0.0035973665840812585
1.1860995448333331,-0.014159294792762057,-0.0036193840063959448
1.1862995448333336,-0.014692698878389376,-0.0036413920813681204
1.1864995448333333,-0.012559543797349996,-0.003663391430239321
1.186699544833334,-0.01242632163297722,-0.003685382683013335
1.1868995448333326,-0.01322639488527124,-0.0037073664784871853
1.1870995448333335,-0.01282653313756516,-0.003729343464284649
1.1872995448333334,-0.014293238473192485,-0.003751314296886575
1.187499544833333,-0.013360041308819702,-0.003773279641664272
1.187699544833333,-0.014826766227780326,-0.0037952401729108042
1.1878995448333332,-0.011493664063407646,-0.0038171965738724163
1.1880995448333338,-0.015626934815701567,-0.0038391495367801477
1.1882995448333333,-0.014560430567995589,-0.0038610997628810303
1.1884995448333333,-0.011760634236956209,-0.0038830479624696935
1.1886995448333335,-0.011094103322583433,-0.003904994854919228
1.1888995448333335,-0.01096086199154405,-0.003926941168711912
1.1890995448333332,-0.011094315660504674,-0.0039488876414705745
1.1892995448333339,-0.014427611412798694,-0.003970835019988973
1.1894995448333332,-0.013361102165092616,-0.003992784060262117
1.1896995448333336,-0.014961148750719936,-0.00401473552751759
1.189899544833333,-0.014427922419680559,-0.004036690196244747
1.1900995448333336,-0.012428104421974479,-0.004058648850226526
1.1902995448333331,-0.0152281072576018,-0.004080612282567552
1.1904995448333326,-0.012028330509895721,-0.004102581295725759
1.190699544833334,-0.010561840845523043,-0.004124556701542373
1.190899544833333,-0.013895145764483665,-0.004146539321269716
1.191099544833333,-0.015761852766777586,-0.004168529985603562
1.1912995448333334,-0.01482864435240491,-0.004190529534710953
1.1914995448333334,-0.011895540938032127,-0.004212538818260169
1.1916995448333334,-0.015895484190326152,-0.004234558695450303
1.1918995448333338,-0.015762259525953372,-0.004256590035040452
1.1920995448333334,-0.014029103194913992,-0.004278633715378739
1.1922995448333333,-0.015895805197208013,-0.004300690624431766
1.1924995448333333,-0.014429290532835235,-0.004322761659813594
1.1926995448333337,-0.013496103368462554,-0.004344847728814144
1.1928995448333328,-0.014162850370756477,-0.004366949748428917
1.1930995448333332,-0.013629624456383797,-0.004389068645387297
1.1932995448333332,-0.014296375208677721,-0.004411205356181275
1.1934995448333332,-0.01496313304430504,-0.004433360827094027
1.1936995448333327,-0.015496549629932363,-0.004455536014228803
1.193899544833333,-0.016296615798892983,-0.004477731883537258
1.1940995448333338,-0.014296802384520206,-0.004499949410847696
1.1942995448333331,-0.014296908970147527,-0.0045221895818936125
1.194499544833333,-0.014163691805774849,-0.004544453392342088
1.1946995448333335,-0.016563697974735468,-0.004566741847822101
1.1948995448333335,-0.014830548727029389,-0.004589055963952038
1.1950995448333335,-0.013764019479323313,-0.0046113967663690214
1.195299544833334,-0.015897368564950633,-0.004633765290755914
1.1954995448333332,-0.016697462233911255,-0.004656162582869868
1.1956995448333334,-0.016030911736205175,-0.004678589698570728
1.195899544833333,-0.016964314988499193,-0.0047010477038478965
1.1960995448333338,-0.01709775407412642,-0.00472353767484952
1.1962995448333331,-0.016164566909753736,-0.004746060697909334
1.1964995448333329,-0.01416473141204776,-0.004768617869575337
1.1966995448333337,-0.013231549664341683,-0.004791210296637287
1.1968995448333328,-0.015364905416635601,-0.004813839096153995
1.1970995448333333,-0.015498312835596224,-0.0048365053954824
1.1972995448333332,-0.017231701504556846,-0.004859210332304083
1.1974995448333337,-0.014831904340184167,-0.00488195505465348
1.1976995448333332,-0.018565182175811386,-0.004904740720945955
1.1978995448333338,-0.016165400011438708,-0.0049275685000050974
1.1980995448333334,-0.01629881201373263,-0.004950439571090391
1.1982995448333333,-0.01749888359935995,-0.004973355123925321
1.1984995448333333,-0.013232473518320572,-0.0049963163587249315
1.1986995448333337,-0.01656579302061449,-0.005019324486223181
1.198899544833333,-0.019632435856241817,-0.005042380727701164
1.1990995448333335,-0.015099398691869135,-0.0050654863150149275
1.1992995448333335,-0.017099410277496355,-0.00508864249062216
1.1994995448333334,-0.016566205196456976,-0.005111850507611172
1.1996995448333327,-0.017232958865417602,-0.005135111629728259
1.1998995448333327,-0.01563312045104492,-0.005158427131405074
1.2000995448333338,-0.016166545786672246,-0.005181798297787048
1.200299544833333,-0.016699951955632862,-0.0052052264247603825
1.2004995448333333,-0.013100213124593484,-0.005228712818980944
1.2006995448333335,-0.017500130126887406,-0.005252258797901152
1.2008995448333337,-0.013233749629181326,-0.005275865689798579
1.2010995448333333,-0.013500497881475348,-0.005299534833803454
1.2012995448333341,-0.018300411967102574,-0.005323267579927105
1.2014995448333332,-0.018567178136063192,-0.0053470652890890554
1.2016995448333334,-0.015900730138357213,-0.005370929333146214
1.2018995448333332,-0.018834040473984435,-0.005394861094920337
1.202099544833334,-0.015500959559611756,-0.0054188619682261525
1.202299544833333,-0.01723429864523908,-0.005442933357899229
1.202499544833333,-0.018034386480866294,-0.005467076679825657
1.202699544833333,-0.01523462764982692,-0.0054912933609683875
1.202899544833333,-0.01510138840212094,-0.0055155848393968416
1.203099544833333,-0.01710141748774816,-0.005539952564314945
1.203299544833333,-0.017768157406708777,-0.005564397996089543
1.2034995448333334,-0.016968290659002808,-0.0055889226062790336
1.2036995448333334,-0.018834992661296724,-0.00561352787766193
1.2038995448333338,-0.01643519383025735,-0.005638215304265281
1.2040995448333334,-0.01683529958255127,-0.005662986391393604
1.2042995448333336,-0.015102127001511888,-0.005687842655657963
1.2044995448333333,-0.01870208567047251,-0.005712785625003947
1.2046995448333337,-0.01750225225609983,-0.005737816838741624
1.204899544833333,-0.016702363008393752,-0.005762937847573509
1.2050995448333337,-0.01736911834402107,-0.005788150213624849
1.2052995448333332,-0.015635961179648397,-0.005813455510471386
1.2054995448333337,-0.014169457765275617,-0.005838855323169598
1.2056995448333327,-0.017102762684236335,-0.005864351248285693
1.2058995448333327,-0.01816952426986356,-0.005889944893924904
1.2060995448333338,-0.018836258772157482,-0.00591563787976119
1.2062995448333331,-0.018836371191118202,-0.00594143183706608
1.206499544833333,-0.01683655444341212,-0.005967328408739353
1.2066995448333337,-0.01910323061237274,-0.0059933292493381946
1.2068995448333335,-0.018703353031333365,-0.0060194360251066845
1.2070995448333335,-0.018170142950293986,-0.006045650414006153
1.207299544833334,-0.01603699495258791,-0.006071974105745063
1.207499544833333,-0.017903696538215226,-0.006098408801808941
1.2076995448333334,-0.01683716812384245,-0.006124956215490721
1.2078995448333332,-0.016837274292803073,-0.006151618071920464
1.2080995448333338,-0.014704138378430393,-0.006178396108096339
1.208299544833333,-0.014170931214057714,-0.006205292072914419
1.2084995448333333,-0.018170868633018332,-0.006232307727199907
1.2086995448333333,-0.019237618551978954,-0.006259444843736679
1.2088995448333333,-0.016971140970939578,-0.006286705207298845
1.2090995448333328,-0.0185711788065668,-0.00631409061468092
1.209299544833333,-0.01737131622552742,-0.006341602874729328
1.2094995448333337,-0.01403823031115474,-0.006369243808372344
1.2096995448333332,-0.01857148023011536,-0.006397015248651777
1.2098995448333336,-0.01817160973240938,-0.006424919040754143
1.2100995448333332,-0.018305034234703307,-0.006452957042041086
1.2102995448333336,-0.022171655820330524,-0.0064811311220815924
1.2104995448333333,-0.017105307822624552,-0.0065094431626823174
1.210699544833334,-0.018572040658251767,-0.006537895057919888
1.210899544833333,-0.014838927243879089,-0.006566488714171536
1.2110995448333335,-0.01843888924617311,-0.006595226050147663
1.211299544833333,-0.01803901249846703,-0.006624108996922249
1.2114995448333339,-0.021772317000760953,-0.006653139497965723
1.2116995448333328,-0.018972517336388276,-0.0066823195091753685
1.211899544833333,-0.014972776838682195,-0.006711650998908949
1.2120995448333336,-0.017639459674309514,-0.006741135948014898
1.2122995448333331,-0.02123942209327014,-0.006770776349864751
1.2124995448333329,-0.01897295867889736,-0.006800574210386142
1.2126995448333338,-0.02137295609785808,-0.00683053154809369
1.2128995448333333,-0.0189731489334853,-0.006860650394121018
1.2130995448333335,-0.021906475935779324,-0.006890932792254229
1.2132995448333337,-0.021906572938073243,-0.00692138079896286
1.2134995448333332,-0.020040097857033864,-0.0069519964834322545
1.2136995448333336,-0.021506815275994483,-0.006982781927596872
1.2138995448333334,-0.018173709361621708,-0.007013739226171227
1.2140995448333338,-0.018440468447249028,-0.007044870486683446
1.2142995448333327,-0.021640438782876352,-0.007076177829506483
1.2144995448333336,-0.021373915368503672,-0.007107663387892045
1.214699544833333,-0.019107413620797594,-0.007139329308001079
1.2148995448333333,-0.021640760206424914,-0.007171177748938113
1.2150995448333326,-0.021640889292052136,-0.007203210882782058
1.215299544833333,-0.020041024627679458,-0.007235430894620196
1.215499544833334,-0.018841192463306677,-0.0072678399825794335
1.2156995448333334,-0.0180413282156007,-0.007300440357858574
1.2158995448333332,-0.02150798021789462,-0.007333234244762345
1.2160995448333334,-0.019908136386855242,-0.007366223880731973
1.2162995448333338,-0.019508255055815868,-0.00739941151637878
1.2164995448333333,-0.02244157664144318,-0.007432799415515428
1.216699544833334,-0.019241799893737102,-0.00746638985518954
1.2168995448333333,-0.021641809812697727,-0.007500185125714614
1.2170995448333335,-0.02257519973165835,-0.007534187530703306
1.2172995448333328,-0.020842061317285672,-0.007568399387098814
1.217499544833334,-0.02190877290291289,-0.007602823025207776
1.2176995448333328,-0.02257552240520691,-0.00763746078873058
1.2178995448333332,-0.01870912524083413,-0.007672315034795739
1.2180995448333336,-0.023109060993128153,-0.007707388133989653
1.2182995448333331,-0.022175860078755473,-0.0077426824703890375
1.2184995448333331,-0.0231092670810494,-0.007778200441593128
1.2186995448333335,-0.02457598616667672,-0.007813944458753991
1.2188995448333335,-0.021909531502303937,-0.00784991694660916
1.2190995448333335,-0.01964304725459786,-0.007886120343511762
1.2192995448333337,-0.02417631884022518,-0.007922557101462512
1.2194995448333334,-0.0219098270925192,-0.007959229686139898
1.2196995448333339,-0.019776692011479823,-0.00799614057693197
1.2198995448333334,-0.025376572763773742,-0.008033292266965671
1.2200995448333338,-0.022176807266067668,-0.008070687263138733
1.220299544833333,-0.02071029426836169,-0.008108328086148147
1.2204995448333336,-0.023243630020655607,-0.008146217270522482
1.2206995448333333,-0.024043713272949532,-0.008184357364649446
1.2208995448333333,-0.020177274025243552,-0.008222750930806929
1.2210995448333324,-0.02031072811087077,-0.008261400545191836
1.2212995448333328,-0.02057750886316479,-0.008300308797949919
1.2214995448333337,-0.021777555865458716,-0.008339478293203492
1.221699544833333,-0.024044241201086038,-0.008378911649080466
1.221899544833333,-0.02284438570337996,-0.008418611497743577
1.2220995448333334,-0.02257785062234058,-0.008458580485417288
1.2222995448333336,-0.0233779130413012,-0.008498821272415837
1.2224995448333336,-0.02364467171026182,-0.008539336533170828
1.222699544833334,-0.024978079129222445,-0.00858012895625866
1.222899544833333,-0.02231160404818306,-0.00862120124442569
1.2230995448333335,-0.023378342717143688,-0.008662556114617232
1.223299544833333,-0.021511835136104305,-0.008704196298000809
1.223499544833334,-0.024445165471731624,-0.0087461245399938
1.2236995448333325,-0.02391196539069225,-0.008788343600286845
1.2238995448333332,-0.02284543822631947,-0.00883085625287119
1.2240995448333334,-0.022445557728613487,-0.008873665286060232
1.224299544833333,-0.022312341397574112,-0.008916773502515067
1.2244995448333331,-0.021245821733201335,-0.00896018371926803
1.224699544833333,-0.024179121652161954,-0.009003898767744871
1.2248995448333335,-0.025245860321122575,-0.009047921493787709
1.2250995448333333,-0.0229793985734166,-0.009092254757676917
1.2252995448333337,-0.022712843075710518,-0.009136901434152897
1.2254995448333332,-0.024846182578004444,-0.009181864412436328
1.2256995448333337,-0.023113037080298462,-0.009227146596249479
1.2258995448333332,-0.026313018665925683,-0.00927275090383493
1.2260995448333338,-0.025779804834886302,-0.009318680267975924
1.2262995448333331,-0.022980025170513625,-0.009364937636013638
1.2264995448333336,-0.025246703422807548,-0.009411525969866788
1.2266995448333335,-0.02524681417510157,-0.00945844824604729
1.2268995448333335,-0.024180291594062084,-0.009505707455678181
1.2270995448333326,-0.02311378109635611,-0.009553306604508814
1.2272995448333328,-0.024713815181983432,-0.009601248712930983
1.227499544833334,-0.02244734468427735,-0.009649536815992909
1.227699544833333,-0.021647488353237973,-0.00969817396341209
1.2278995448333332,-0.021514260355531892,-0.009747163219591388
1.2280995448333334,-0.025247544024492516,-0.00979650766362791
1.2282995448333338,-0.025647628110119836,-0.009846210389326782
1.2284995448333333,-0.02338115761241376,-0.009896274505210781
1.2286995448333338,-0.026581138364707678,-0.009946703134530948
1.228899544833333,-0.0261812595336684,-0.009997499415274752
1.2290995448333337,-0.02204818986929562,-0.010048666500175737
1.2292995448333333,-0.022714948538256244,-0.010100207556718156
1.2294995448333337,-0.024581634707216866,-0.010152125767146102
1.2296995448333328,-0.02404842087617749,-0.010204424328467207
1.2298995448333332,-0.022448566211804806,-0.010257106452458016
1.2300995448333336,-0.027381851130765432,-0.01031017536566656
1.2302995448333331,-0.024715378133059348,-0.010363634309414976
1.230499544833333,-0.02418217263535337,-0.010417486539801759
1.230699544833333,-0.024048962137647296,-0.01047173532770158
1.2308995448333337,-0.022849096223274617,-0.010526383958764138
1.2310995448333333,-0.022715893225568537,-0.010581435733412801
1.2312995448333337,-0.024182603144529156,-0.010636893966842217
1.231499544833333,-0.024982663480156375,-0.010692761989012872
1.2316995448333337,-0.0236495108991171,-0.010749043144647868
1.2318995448333332,-0.02271631331807772,-0.010805740793224109
1.2320995448333338,-0.02511629240370494,-0.010862858308967353
1.232299544833333,-0.024316442739332263,-0.010920399080840365
1.2324995448333338,-0.028183075991626186,-0.010978366512536197
1.2326995448333333,-0.024849968827253502,-0.011036764022463355
1.2328995448333337,-0.027249987079547427,-0.011095595043735994
1.2330995448333328,-0.026316811165174748,-0.01115486302415729
1.2332995448333328,-0.024450288167468665,-0.011214571426207272
1.233499544833334,-0.02618366850309599,-0.011274723727022515
1.233699544833333,-0.02751705508872331,-0.011335323418379445
1.2338995448333332,-0.02498395167435053,-0.01139637400667621
1.2340995448333336,-0.025117374509977856,-0.011457879012909105
1.2342995448333336,-0.028050699428938477,-0.01151984197265097
1.2344995448333334,-0.026850851014565795,-0.011582266436027517
1.2346995448333336,-0.02498436093352642,-0.011645155967691523
1.234899544833333,-0.02698437668582034,-0.01170851414679473
1.2350995448333335,-0.02458457035478096,-0.011772344566960363
1.2352995448333333,-0.026851251107074883,-0.0118366508362515
1.2354995448333337,-0.0289846231093689,-0.011901436577139888
1.2356995448333328,-0.028051423861662823,-0.011966705426471023
1.2358995448333334,-0.026451586697290044,-0.012032461035430876
1.2360995448333332,-0.027918319116250766,-0.012098707069505651
1.2362995448333332,-0.026985123201877986,-0.012165447208445486
1.2364995448333327,-0.02898512895417201,-0.012232685146222033
1.2366995448333333,-0.026052035123132634,-0.012300424590987097
1.2368995448333338,-0.02351891670875985,-0.012368669265026748
1.2370995448333333,-0.025785568294387176,-0.012437422904716094
1.237299544833333,-0.02991887279668109,-0.012506689260471505
1.2374995448333332,-0.029385667298975113,-0.012576472096699258
1.2376995448333337,-0.024985941801269042,-0.012646775191744149
1.2378995448333332,-0.029119228386896352,-0.01271760233783466
1.2380995448333338,-0.02805270622252358,-0.01278895734102883
1.2382995448333332,-0.025652876974817596,-0.012860844021153141
1.2384995448333336,-0.027919576060444817,-0.012933266211745792
1.238699544833333,-0.02565309514607214,-0.013006227759990288
1.2388995448333338,-0.029119755065032765,-0.01307973252665548
1.239099544833333,-0.026586597067326682,-0.013153784386024407
1.2392995448333328,-0.029119972819620706,-0.013228387225829473
1.239499544833334,-0.030453323155247927,-0.01330354494717919
1.239699544833333,-0.026853564324208545,-0.013379261464483842
1.239899544833333,-0.029653575493169174,-0.013455540705383453
1.2400995448333334,-0.026053799162129788,-0.013532386610666795
1.2402995448333336,-0.02778720574775711,-0.013609803134191845
1.2404995448333334,-0.025520715666717736,-0.013687794242803702
1.2406995448333338,-0.02445418808567835,-0.01376636391624974
1.2408995448333333,-0.026987524254638975,-0.013845516147090444
1.2410995448333337,-0.0291209079235996,-0.0139252549406123
1.2412995448333333,-0.027654410342560217,-0.014005584314732311
1.2414995448333337,-0.028054461928187537,-0.014086508299905686
1.241699544833333,-0.027121288930481463,-0.014168030939025762
1.2418995448333336,-0.028454670099442084,-0.014250156287327133
1.2420995448333332,-0.028588098768402702,-0.014332888412278597
1.2422995448333332,-0.025921647437363325,-0.01441623139348257
1.2424995448333327,-0.028321663189657245,-0.014500189322563094
1.2426995448333331,-0.026188508108617864,-0.014584766303057613
1.242899544833334,-0.026988578027578494,-0.014669966450302092
1.243099544833333,-0.027388674613205807,-0.014755793891314005
1.243299544833333,-0.02658880411549973,-0.014842252764676716
1.2434995448333335,-0.028855503201127054,-0.014929347220413731
1.243699544833334,-0.025255757286754374,-0.015017081419865396
1.2438995448333334,-0.027522429289048293,-0.015105459535561356
1.2440995448333338,-0.028189178374675616,-0.015194485751090444
1.2442995448333334,-0.02645600162696954,-0.015284164260965174
1.2444995448333334,-0.02858936904593016,-0.015374499270488106
1.2446995448333331,-0.026856217298224083,-0.015465494995609492
1.2448995448333338,-0.024723065967184703,-0.015557155662786782
1.245099544833333,-0.025123140886145326,-0.015649485508836568
1.2452995448333328,-0.02832312872177264,-0.015742488780788932
1.245499544833334,-0.027656598640733263,-0.01583616973573387
1.2456995448333328,-0.028590012309693887,-0.015930532640663308
1.2458995448333332,-0.028856767228654507,-0.016025581772319705
1.2460995448333332,-0.02752356381428183,-0.016121321417027774
1.2462995448333336,-0.029123616649909048,-0.016217755870533274
1.2464995448333331,-0.028057099902203075,-0.01631488943783351
1.2466995448333336,-0.026190607737830295,-0.016412726433008108
1.2468995448333335,-0.027657312656790917,-0.016511271179040523
1.2470995448333335,-0.026990792159084936,-0.016610528007643992
1.2472995448333335,-0.024724307078045557,-0.016710501259077016
1.2474995448333335,-0.025924369497006182,-0.01681119528196018
1.2476995448333332,-0.025924465249300095,-0.016912614433087236
1.2478995448333334,-0.027257863918260718,-0.017014763077232906
1.2480995448333334,-0.029124569670554643,-0.01711764558695753
1.2482995448333334,-0.025524787506181958,-0.017221266342408652
1.248499544833333,-0.026191546175142584,-0.01732562973111784
1.2486995448333327,-0.025391680677436506,-0.01743074014779547
1.2488995448333338,-0.02619177184639712,-0.017536601994120715
1.2490995448333329,-0.02712515884869115,-0.01764321967852554
1.2492995448333333,-0.02472535376765177,-0.017750597615982737
1.2494995448333337,-0.025925408269945688,-0.01785874022778089
1.2496995448333337,-0.02565885027223961,-0.017967651941300747
1.2498995448333334,-0.025925638107866935,-0.018077337189788312
1.2500995448333336,-0.02925893761016085,-0.018187800412121723
1.2502995448333332,-0.023792594195788178,-0.018299046052574403
1.2504995448333336,-0.026592577031415498,-0.018411078560578113
1.2506995448333333,-0.027392651533709414,-0.018523902390475428
1.2508995448333338,-0.02832606145267004,-0.018637522001276167
1.251099544833333,-0.02445963803829736,-0.01875194185640214
1.251299544833333,-0.02659301295725798,-0.01886716642343603
1.2514995448333335,-0.024593185792885205,-0.018983200173858343
1.2516995448333328,-0.02792648946184582,-0.019100047582784323
1.2518995448333332,-0.025926665630806443,-0.019217713128700742
1.2520995448333332,-0.026326782633100468,-0.01933620129318853
1.2522995448333334,-0.02752681880206109,-0.019455516560651816
1.2524995448333334,-0.02939351497102171,-0.01957566341803619
1.2526995448333336,-0.024193824473315632,-0.01969664635454617
1.2528995448333333,-0.02779377939227625,-0.019818469861356186
1.2530995448333335,-0.026327299311236875,-0.01994113843131999
1.2532995448333335,-0.030060598396864195,-0.020064656558673594
1.2534995448333335,-0.02606084289915811,-0.020189028738735553
1.2536995448333332,-0.028060867401452035,-0.02031425946760193
1.2538995448333334,-0.028594309820412656,-0.02044035324183776
1.2540995448333334,-0.029527683489373374,-0.020567314558164334
1.2542995448333336,-0.0273945354916673,-0.02069514791314172
1.2544995448333327,-0.026861339160627922,-0.020823857802845777
1.2546995448333327,-0.02592813324625514,-0.0209534487225464
1.254899544833334,-0.027261520665215762,-0.021083925166372995
1.255099544833333,-0.024861721000843082,-0.021215291626979094
1.255299544833333,-0.025261808836470404,-0.021347552595210366
1.255499544833334,-0.02526192208876433,-0.021480712559753836
1.2556995448333335,-0.028995228674391648,-0.021614776006792714
1.2558995448333334,-0.02819534692668557,-0.02174974741965666
1.2560995448333334,-0.02739547309564619,-0.021885631278461996
1.2562995448333334,-0.02619561426460681,-0.022022432059752184
1.2564995448333334,-0.027262365016900734,-0.022160154236131914
1.2566995448333333,-0.029395730352528057,-0.02229880227589794
1.2568995448333333,-0.027929237354821976,-0.022438380642663933
1.2570995448333329,-0.028329291023782593,-0.022578893794981465
1.2572995448333333,-0.029796015526076622,-0.022720346185958574
1.2574995448333335,-0.02699623419503724,-0.02286274226286828
1.2576995448333328,-0.028596274947331163,-0.02300608646675822
1.2578995448333328,-0.029663013199625082,-0.023150383232055528
1.2580995448333332,-0.0281965218685857,-0.023295636986162115
1.2582995448333336,-0.026063357620879725,-0.02344185214904934
1.2584995448333334,-0.03179657670650695,-0.023589033132847558
1.2586995448333334,-0.029263447458800863,-0.023737184341432745
1.2588995448333336,-0.030463504461094887,-0.02388631017000385
1.2590995448333335,-0.026597096880055515,-0.024036415004659382
1.2592995448333333,-0.02553057429901613,-0.024187503221968873
1.2594995448333335,-0.02739727921797675,-0.0243395791885394
1.2596995448333335,-0.026597398720270674,-0.024492647260575727
1.2598995448333334,-0.027797477805897995,-0.024646711783439496
1.2600995448333332,-0.030064153558192017,-0.024801777091200516
1.2602995448333334,-0.028597650560485837,-0.024957847506185023
1.260499544833333,-0.029397717562779854,-0.025114927338518583
1.260699544833333,-0.02513131706507378,-0.025273020885666225
1.2608995448333338,-0.0293979219840344,-0.025432132431965078
1.261099544833333,-0.02873140856966172,-0.025592266248151287
1.2612995448333328,-0.028998140988622342,-0.02575342659089243
1.2614995448333337,-0.029798227990916266,-0.025915617702299915
1.2616995448333335,-0.029931659576543583,-0.026078843809446688
1.2618995448333337,-0.028998442412170908,-0.026243109123881475
1.2620995448333334,-0.02939857816446483,-0.02640841784112988
1.2622995448333334,-0.028065393916758746,-0.026574774140201363
1.2624995448333336,-0.03099871925238607,-0.026742182183081543
1.2626995448333336,-0.028198925004679996,-0.02691064611422746
1.2628995448333336,-0.029798988256973913,-0.027080170060055607
1.263099544833333,-0.030332387759267936,-0.027250758128422568
1.2632995448333335,-0.03219908517822855,-0.027422414408108504
1.2634995448333333,-0.028199353847189176,-0.02759514296828505
1.263699544833333,-0.030732677932816498,-0.02776894785799034
1.2638995448333328,-0.03033279993511042,-0.027943833105591367
1.2640995448333334,-0.03086623902073774,-0.02811980271824524
1.2642995448333338,-0.030732997689698366,-0.028296860681354008
1.2644995448333334,-0.03179971927532558,-0.02847501095801677
1.264699544833333,-0.0311331941942862,-0.02865425748847814
1.2648995448333336,-0.03259991077991352,-0.028834604189569027
1.2650995448333335,-0.032200014032207444,-0.029016054954143153
1.2652995448333333,-0.03353343645116807,-0.029198613650514377
1.2654995448333337,-0.03086694553679539,-0.029382284121882214
1.2656995448333335,-0.03513357503908931,-0.02956707018575778
1.2658995448333334,-0.032600447458049936,-0.02975297563338496
1.2660995448333332,-0.03340051154367725,-0.029940004229154663
1.2662995448333336,-0.03446724062930457,-0.030128159710017453
1.2664995448333332,-0.0348673534649318,-0.03031744578488841
1.2666995448333327,-0.03580073671722572,-0.030507866134053454
1.2668995448333338,-0.03633414163618644,-0.030699424408567277
1.2670995448333329,-0.03380103447181366,-0.030892124229640765
1.267299544833333,-0.03326780897410768,-0.03108596918804284
1.2674995448333335,-0.037934403476401604,-0.03128096284347574
1.2676995448333335,-0.03380134089536222,-0.03147710872396126
1.2678995448333334,-0.03500139039765615,-0.03167441032521814
1.2680995448333334,-0.033401559483283466,-0.031872871110032966
1.2682995448333336,-0.03620156273557739,-0.032072494507632686
1.2684995448333336,-0.036734974737871406,-0.032273283913045625
1.2686995448333334,-0.03580177674016533,-0.03247524268646525
1.2688995448333333,-0.03486860749245925,-0.03267837415260641
1.2690995448333333,-0.03700194282808657,-0.032882681600057445
1.2692995448333335,-0.03726872399704719,-0.03308816828062979
1.2694995448333333,-0.03446894516600782,-0.03329483740870309
1.2696995448333332,-0.036602280084968436,-0.03350269216056511
1.2698995448333328,-0.033935822087262354,-0.03371173567375083
1.2700995448333332,-0.035535849506222975,-0.03392197104637598
1.2702995448333336,-0.0350026423418503,-0.03413340133646397
1.270499544833333,-0.03540274517747762,-0.03434602956127216
1.270699544833333,-0.03620282509643814,-0.03455985869662112
1.2708995448333336,-0.03700288543206546,-0.03477489167620266
1.2710995448333335,-0.03766965368435948,-0.0349911313909008
1.2712995448333335,-0.0368697740199867,-0.035208580688103154
1.2714995448333335,-0.03793649893894732,-0.035427242371007146
1.2716995448333335,-0.03900323677457465,-0.03564711919792617
1.2718995448333335,-0.037136737110201865,-0.03586821388158788
1.2720995448333334,-0.03940342702916259,-0.036090529088434624
1.2722995448333336,-0.04393669694812311,-0.03631406743791636
1.2724995448333334,-0.03687040978375043,-0.03653883150178026
1.272699544833333,-0.036870504702711054,-0.03676482380336124
1.2728995448333336,-0.03847056712167168,-0.03699204681686704
1.2730995448333329,-0.03687072495729899,-0.037220502966652726
1.273299544833333,-0.039270718209592916,-0.03745019462650912
1.2734995448333333,-0.03780421937855354,-0.03768112411893081
1.2736995448333335,-0.03767098888084746,-0.03791329371439005
1.2738995448333335,-0.04087098421647478,-0.03814670563060768
1.2740995448333337,-0.041271058718768704,-0.038381362031818786
1.2742995448333336,-0.039671256554396024,-0.038617265028036155
1.2744995448333334,-0.04100462814002335,-0.03885441667431187
1.2746995448333336,-0.042204672225650566,-0.039092818969996106
1.2748995448333336,-0.03847161006127789,-0.03933247385799131
1.2750995448333335,-0.04153825289690521,-0.03957338322400663
1.2752995448333335,-0.040871739482532435,-0.03981554889580745
1.2754995448333335,-0.03767194065149315,-0.04005897264246592
1.2756995448333335,-0.04487178223712037,-0.04030365617360416
1.2758995448333328,-0.043271940906081,-0.040549601138638584
1.2760995448333325,-0.03833890540837492,-0.04079680912602406
1.2762995448333339,-0.04087223241066894,-0.04104528166249108
1.276499544833333,-0.045405491912962864,-0.041295020212275
1.276699544833333,-0.040072466415256774,-0.04154602617636974
1.2768995448333338,-0.045272408834217404,-0.041798300891744536
1.2770995448333338,-0.04633912541984472,-0.042051845630578705
1.2772995448333333,-0.042072699505472044,-0.04230666159949607
1.2774995448333333,-0.04273947817443267,-0.04256274993879001
1.2776995448333337,-0.04393952392672658,-0.04282011172164945
1.2778995448333332,-0.043006340095687205,-0.04307874795337887
1.2780995448333332,-0.04620632834798113,-0.043338659570631724
1.2782995448333334,-0.045539785350275155,-0.04359984744062303
1.2784995448333332,-0.043006662769235766,-0.043862312360352276
1.2786995448333331,-0.045006670188196395,-0.04412605505582356
1.2788995448333333,-0.04367348677382361,-0.044391076181263645
1.2790995448333327,-0.042340330442784235,-0.044657376318334954
1.279299544833333,-0.046206938278411554,-0.044924955975358664
1.2794995448333333,-0.04767366736403887,-0.045193815586520254
1.2796995448333335,-0.045407169366332795,-0.045463955511090795
1.2798995448333335,-0.047673873451960114,-0.045735376032636256
1.2800995448333334,-0.04834061087092074,-0.046008077358231585
1.2802995448333334,-0.04660745120654796,-0.04628205961767379
1.2804995448333334,-0.04900746362550858,-0.046557322862689356
1.2806995448333336,-0.049407556461135906,-0.04683386706615031
1.2808995448333333,-0.045674467213429826,-0.04711169212128127
1.2810995448333333,-0.04727450504905714,-0.04739079784087147
1.2812995448333333,-0.046607985801351066,-0.047671183956484904
1.281499544833333,-0.048741331136978386,-0.04795285011767041
1.2816995448333333,-0.0494080568892723,-0.048235795891173966
1.2818995448333328,-0.049141527224899624,-0.04852002076014371
1.2820995448333328,-0.05034158631052696,-0.04880552412335092
1.2822995448333336,-0.049808402062820875,-0.04909230529439004
1.282499544833333,-0.0510084282317815,-0.04938036350089442
1.2826995448333331,-0.04820864648407541,-0.04966969788375499
1.282899544833334,-0.05447517390303604,-0.04996030749632263
1.2830995448333335,-0.05180871465533005,-0.05025219130362616
1.2832995448333335,-0.04954223415762399,-0.05054534818158994
1.2834995448333335,-0.05220890240991789,-0.05083977691624513
1.2836995448333337,-0.05540890024554523,-0.05113547620294724
1.2838995448333335,-0.051142494331172544,-0.05143244464559262
1.2840995448333334,-0.054075830916799766,-0.051730680755840266
1.2842995448333334,-0.05594252916909379,-0.052030182952329314
1.2844995448333332,-0.054209359921387715,-0.052330949559899906
1.2846995448333334,-0.05087624984034833,-0.05263297880882152
1.2848995448333334,-0.05367627142597565,-0.05293626883401113
1.2850995448333329,-0.055409633844936274,-0.05324081767426385
1.2852995448333329,-0.05527639709723019,-0.05354662327148291
1.2854995448333333,-0.054343230349524214,-0.05385368346990658
1.2856995448333337,-0.05434331068515144,-0.05416199601534199
1.2858995448333332,-0.06020987518744546,-0.054471558554401375
1.286099544833333,-0.05594346927307268,-0.05478236863373869
1.2862995448333336,-0.05647690294203331,-0.05509442369929275
1.2864995448333336,-0.05927689161099392,-0.05540772109551938
1.2866995448333336,-0.05381053277995455,-0.05572225806464994
1.2868995448333336,-0.058610448948915164,-0.05603803174593053
1.2870995448333336,-0.05834389636787578,-0.05635503917487374
1.2872995448333335,-0.05954394962016981,-0.056673277282516366
1.287499544833333,-0.055677551622463725,-0.05699274289467143
1.2876995448333335,-0.06207740612475765,-0.057313432731194325
1.287899544833333,-0.057677677293718276,-0.05763534340523758
1.2880995448333328,-0.05901107804601219,-0.057958471422528836
1.2882995448333334,-0.059677820881639504,-0.05828281318063498
1.2884995448333327,-0.05727802621726683,-0.05860836496823352
1.2886995448333334,-0.06074466280289406,-0.05893512296440349
1.2888995448333338,-0.06034477563852138,-0.05926308323789296
1.2890995448333333,-0.061011518057482,-0.05959224174641361
1.2892995448333338,-0.05914503755977592,-0.0599225943359346
1.2894995448333335,-0.06354496789540323,-0.06025413673996753
1.2896995448333337,-0.06167848281436387,-0.06058686457887748
1.2898995448333335,-0.06114527064999108,-0.06092077335917582
1.2900995448333334,-0.0628786559856184,-0.061255858472840416
1.2902995448333334,-0.061412140904579124,-0.0615921151966199
1.2904995448333332,-0.059012322073539646,-0.061929538691356666
1.2906995448333334,-0.06594549699250027,-0.06226812400131385
1.2908995448333331,-0.06381235607812759,-0.06260786605349533
1.2910995448333331,-0.06487909099708822,-0.06294875965699075
1.2912995448333329,-0.06567917299938213,-0.06329079950230725
1.291499544833333,-0.06354601500167614,-0.06363398016071987
1.2916995448333337,-0.06501271533730338,-0.06397829608362023
1.291899544833333,-0.067679414006264,-0.06432374160187077
1.292099544833333,-0.06674622475855801,-0.06467031092517848
1.2922995448333336,-0.06141318384418524,-0.06501799814145165
1.2924995448333334,-0.06781303209647926,-0.06536679721618072
1.2926995448333336,-0.06741315826543988,-0.06571670199182199
1.2928995448333334,-0.0682132444344005,-0.06606770618718098
1.2930995448333338,-0.06514679060336112,-0.06641980339681457
1.2932995448333333,-0.06901342427232174,-0.06677298709042159
1.293499544833333,-0.06514701169128226,-0.06712725061226509
1.2936995448333337,-0.07048022411024289,-0.06748258718057605
1.2938995448333332,-0.0672804556958702,-0.0678389898869797
1.2940995448333328,-0.06434736186483084,-0.06819645169593021
1.2942995448333336,-0.06754733803379145,-0.06855496544414495
1.2944995448333327,-0.07034732670275216,-0.06891452384004093
1.2946995448333332,-0.06968081787171268,-0.06927511946320644
1.2948995448333336,-0.07021420404067341,-0.06963674476384078
1.2950995448333333,-0.07074764812630063,-0.06999939206223522
1.2952995448333335,-0.06834781137859455,-0.07036305354824757
1.2954995448333335,-0.07141447838088857,-0.070727721280782
1.2956995448333335,-0.0718145595498492,-0.07109338718728665
1.2958995448333333,-0.07008140988547643,-0.07146004306325182
1.2960995448333337,-0.07354803230443704,-0.07182768057172363
1.2962995448333334,-0.07234819930673096,-0.07219629124281406
1.2964995448333334,-0.06954840464235829,-0.07256586647324044
1.2966995448333334,-0.07381501581131891,-0.0729363975258515
1.2968995448333334,-0.07288180948027963,-0.0733078755291776
1.2970995448333333,-0.07381522314924013,-0.07368029147698366
1.2972995448333329,-0.07381532890153407,-0.07405363622783301
1.2974995448333329,-0.07274882298716139,-0.07442790050466395
1.2976995448333337,-0.0730155512394554,-0.07480307489436874
1.2978995448333333,-0.07368230115841604,-0.07517914984738336
1.298099544833333,-0.07608232024404325,-0.07555611567729965
1.2982995448333337,-0.07448250849633727,-0.07593396256047358
1.2984995448333334,-0.0754158929986312,-0.07631268053563876
1.2986995448333336,-0.07768260458425852,-0.076692259503556
1.2988995448333334,-0.07341617908655243,-0.07707268922664219
1.2990995448333338,-0.07741612900551297,-0.07745395932863389
1.299299544833333,-0.07901617434114037,-0.07783605929424035
1.2994995448333333,-0.0736831621767677,-0.07821897846883502
1.2996995448333335,-0.07608317167906163,-0.07860270605812497
1.2998995448333335,-0.07768320409802225,-0.07898723112785619
1.300099544833333,-0.07821661610031626,-0.07937254260352043
1.3002995448333334,-0.08074995310261018,-0.07975862927007701
1.3004995448333327,-0.07995009677157071,-0.08014547977167315
1.3006995448333334,-0.08288341460719803,-0.08053308261140255
1.300899544833333,-0.07821704952615875,-0.0809214261510418
1.3010995448333333,-0.08008374777845258,-0.08131049861082901
1.3012995448333333,-0.08195045603074659,-0.08170028806923242
1.3014995448333335,-0.08288384469970712,-0.08209078246274457
1.3016995448333337,-0.08021738961866784,-0.08248196958568181
1.3018995448333333,-0.08008417370429505,-0.0828738370899945
1.3020995448333337,-0.08261750778992238,-0.0832663724851017
1.3022995448333334,-0.0806176852088831,-0.08365956313771708
1.3024995448333336,-0.08235106221117691,-0.08405339627170963
1.3026995448333332,-0.08208452754680425,-0.08444785896796198
1.3028995448333331,-0.08328457579909816,-0.08484293816424814
1.3030995448333336,-0.08168473446805888,-0.08523862065512351
1.303299544833333,-0.08355143063701939,-0.0856348930918205
1.3034995448333326,-0.08448483013931332,-0.08603174198217299
1.3036995448333337,-0.08168503422494064,-0.08642915369054306
1.303899544833333,-0.08101852747723456,-0.08682711443774754
1.304099544833333,-0.08528510489619519,-0.08722561030103773
1.3042995448333339,-0.08408527356515591,-0.0876246272140515
1.3044995448333334,-0.08795188598411652,-0.08802415096679249
1.3046995448333336,-0.08768534256974375,-0.08842416720564228
1.3048995448333334,-0.08248564790537107,-0.08882466143335682
1.3050995448333338,-0.0852856519909983,-0.0892256190090951
1.3052995448333333,-0.08675237440995902,-0.08962702514845251
1.3054995448333333,-0.08661912307891964,-0.09002886492352208
1.3056995448333335,-0.08715254799788025,-0.09043112326295125
1.3058995448333333,-0.08848593041684089,-0.09083378495202743
1.306099544833333,-0.0882193886691348,-0.09123683463277192
1.3062995448333332,-0.08955275733809542,-0.09164025680404954
1.3064995448333332,-0.09115280725705614,-0.09204403582169354
1.3066995448333332,-0.08821968467601667,-0.09244815589864215
1.3068995448333331,-0.0898197395949773,-0.09285260110509734
1.3070995448333336,-0.08715327493060461,-0.09325735536868966
1.3072995448333335,-0.08875332193289853,-0.09366240247465965
1.3074995448333335,-0.09008673518519245,-0.09406772606606524
1.3076995448333335,-0.09155343760415317,-0.09447330964398809
1.3078995448333335,-0.0876870141897803,-0.09487913656776661
1.3080995448333337,-0.088887064108741,-0.09528519005523865
1.3082995448333334,-0.09275368277770164,-0.09569145318300343
1.3084995448333334,-0.08915394061332886,-0.09609790888669768
1.3086995448333334,-0.09208724969895628,-0.09650453996128495
1.3088995448333332,-0.0938206112845836,-0.09691132906136343
1.3090995448333334,-0.09182082828687742,-0.09731825870149094
1.3092995448333329,-0.09168757612250474,-0.09772531125651772
1.3094995448333326,-0.09395427104146536,-0.09813246896194935
1.3096995448333335,-0.09142115471042599,-0.09853971391431271
1.309899544833333,-0.0939544862960533,-0.09894702807153606
1.3100995448333332,-0.09422124038168053,-0.09935439325336608
1.3102995448333339,-0.09302139946730785,-0.09976179114177684
1.3104995448333332,-0.09355481146960186,-0.10016920328140232
1.3106995448333336,-0.0968881238885624,-0.10057661108000181
1.3108995448333336,-0.09582159880752311,-0.10098399580891096
1.311099544833334,-0.09675500330981703,-0.10139133860353716
1.3112995448333333,-0.09742173739544435,-0.10179862046385496
1.3114995448333335,-0.09462196273107158,-0.10220582225492966
1.3116995448333335,-0.0944887426500322,-0.10261292470744214
1.3118995448333333,-0.09782203048565952,-0.10301990841824778
1.312099544833333,-0.09622222915462014,-0.10342675385093932
1.3122995448333332,-0.09488902782358076,-0.10383344133643375
1.312499544833333,-0.09902231899254128,-0.10423995107356714
1.312699544833333,-0.0970225068281686,-0.10464626312972312
1.312899544833333,-0.09782256716379602,-0.10505235744145756
1.3130995448333334,-0.09968928541608985,-0.10545821381515627
1.3132995448333333,-0.09862275950171717,-0.10586381192769774
1.313499544833333,-0.10035612775401108,-0.10626913132714681
1.3136995448333337,-0.10222280100630511,-0.10667415143345339
1.3138995448333335,-0.10062299925859904,-0.10707885153916685
1.3140995448333337,-0.10088977542755964,-0.10748321081018497
1.3142995448333334,-0.09928992451318697,-0.10788720828649477
1.3144995448333336,-0.1004899865154809,-0.10829082288295667
1.3146995448333332,-0.10182336268444152,-0.10869403339008132
1.3148995448333332,-0.10102348343673553,-0.10909681847484363
1.3150995448333336,-0.09982365002236276,-0.1094991566815031
1.3152995448333331,-0.10675680869132338,-0.10990102643243947
1.3154995448333326,-0.1024904065269508,-0.11030240602901914
1.3156995448333333,-0.10209053894591122,-0.11070327365246611
1.315899544833333,-0.10342393511487184,-0.11110360736474655
1.3160995448333335,-0.10422398503383257,-0.11150338510949293
1.3162995448333334,-0.10715730453612658,-0.11190258471291722
1.3164995448333334,-0.10142434195508711,-0.11230118388476393
1.3166995448333334,-0.10489096437404774,-0.1126991602192679
1.3168995448333336,-0.10395777304300835,-0.11309649119613402
1.3170995448333338,-0.10342455587863567,-0.11349315418153258
1.3172995448333333,-0.106224564964263,-0.11388912642911071
1.3174995448333333,-0.10582469488322352,-0.11428438508103246
1.3176995448333335,-0.10609145688551753,-0.11467890716901498
1.3178995448333335,-0.10475824847114484,-0.11507266961540158
1.3180995448333332,-0.10609167672343878,-0.11546564923424
1.318299544833333,-0.1066250649757327,-0.11585782273238907
1.3184995448333332,-0.10889174531136002,-0.11624916671062951
1.318699544833333,-0.10622529939698734,-0.11663965766479893
1.3188995448333327,-0.10742535431594787,-0.11702927198694851
1.3190995448333336,-0.11089198090157518,-0.11741798596651161
1.3192995448333331,-0.10849217498720251,-0.1178057757914792
1.319499544833333,-0.11022556157282973,-0.11819261754962052
1.319699544833334,-0.11009233732512375,-0.11857848722969147
1.3198995448333335,-0.10969247932741767,-0.11896336072267193
1.3200995448333335,-0.11182580966304499,-0.11934721382302901
1.3202995448333337,-0.1132925237486723,-0.11973002222998155
1.3204995448333339,-0.10929277950096623,-0.12011176154879001
1.320699544833333,-0.11142614775326017,-0.12049240729206137
1.3208995448333332,-0.11342617725555418,-0.1208719348810769
1.3210995448333336,-0.1127596296745148,-0.12125031964712561
1.3212995448333333,-0.11302639667680871,-0.12162753683285783
1.3214995448333329,-0.11235986367910264,-0.12200356159366497
1.3216995448333333,-0.11209329151472996,-0.12237836899906869
1.321899544833333,-0.11356002310035727,-0.12275193403411737
1.3220995448333333,-0.1151600621859846,-0.12312423160082019
1.3222995448333332,-0.11316028002161183,-0.12349523651957939
1.3224995448333332,-0.11409365827390573,-0.12386492353064471
1.3226995448333334,-0.11476038527619975,-0.124233267295592
1.3228995448333336,-0.11409386311182698,-0.1246002423988021
1.3230995448333338,-0.1138273201141209,-0.12496582334897317
1.3232995448333331,-0.11822725503308162,-0.12532998458063233
1.3234995448333335,-0.11756072078537555,-0.1256927004556847
1.3236995448333335,-0.11636087778766947,-0.12605394526494998
1.3238995448333335,-0.11929418937329678,-0.12641369322974183
1.324099544833333,-0.11969429262559081,-0.12677191850344652
1.324299544833333,-0.11782779962788474,-0.12712859517312655
1.3244995448333334,-0.11969446954684534,-0.12748369726113135
1.324699544833333,-0.12009458529913927,-0.12783719872672727
1.3248995448333327,-0.1198280356347665,-0.12818907346775038
1.3250995448333334,-0.12022811347039392,-0.12853929532226244
1.3252995448333331,-0.11969490880602116,-0.12888783807022366
1.3254995448333333,-0.12062833414164846,-0.1292346754351945
1.3256995448333337,-0.1186284869772758,-0.1295797810860333
1.3258995448333333,-0.1202285481462364,-0.12992312863861938
1.3260995448333335,-0.11849538139853032,-0.1302646916575955
1.3262995448333337,-0.11996208756749094,-0.13060444365810792
1.3264995448333339,-0.12049551623645147,-0.1309423581075811
1.3266995448333332,-0.12036229157207888,-0.1312784084274892
1.3268995448333332,-0.12009573565770612,-0.1316125679951606
1.3270995448333336,-0.12396236265999994,-0.1319448101455754
1.3272995448333333,-0.12169589716229405,-0.13227510817318935
1.3274995448333329,-0.12249595916458797,-0.1326034353337758
1.327699544833333,-0.1228960574168819,-0.1329297648462708
1.327899544833333,-0.12236283108584252,-0.13325406989463576
1.3280995448333333,-0.12676276017146973,-0.13357632362973565
1.328299544833333,-0.12422965384043035,-0.13389649917122767
1.3284995448333334,-0.1240964408427243,-0.13421456960946823
1.3286995448333334,-0.12356323076168499,-0.13453050800742095
1.3288995448333338,-0.12356332026397891,-0.1348442874025967
1.3290995448333336,-0.12356342393293955,-0.13515588080898464
1.3292995448333333,-0.12689673093523346,-0.1354652612190149
1.3294995448333338,-0.12489693168752737,-0.13577240160552045
1.3296995448333337,-0.12329710868982131,-0.13607727492371632
1.3298995448333337,-0.12609709819211543,-0.136379854113194
1.3300995448333333,-0.12876375852774266,-0.1366801120999201
1.330299544833333,-0.12529733094670337,-0.13697802179825336
1.3304995448333334,-0.12903062544899718,-0.13727355611297248
1.3306995448333332,-0.12703081203462452,-0.13756668794130789
1.3308995448333327,-0.12476433070358513,-0.1378573901749976
1.3310995448333334,-0.12929759812254557,-0.13814563570234512
1.3312995448333331,-0.12703110387483968,-0.1384313974102834
1.3314995448333335,-0.1246313021271337,-0.13871464818646917
1.331699544833334,-0.12783131412942753,-0.13899536092136297
1.331899544833333,-0.12769806946505496,-0.13927350851033557
1.3320995448333335,-0.12716485646734885,-0.13954906385578703
1.3322995448333335,-0.12889824430297608,-0.1398219998692553
1.3324995448333339,-0.1276983792219368,-0.14009228947356167
1.3326995448333334,-0.1292984262242307,-0.1403599056049421
1.3328995448333334,-0.12929854489319126,-0.14062482121520603
1.3330995448333336,-0.13023194272881858,-0.1408870092738915
1.3332995448333333,-0.12836544598111257,-0.14114644277043434
1.3334995448333329,-0.13169877131673982,-0.14140309471634846
1.3336995448333329,-0.13076555040236723,-0.14165693814741132
1.333899544833333,-0.12863243698799434,-0.1419079461258552
1.3340995448333333,-0.13023248274028829,-0.14215609174257396
1.334299544833333,-0.1282326434925824,-0.1424013481193302
1.3344995448333332,-0.1319659404948763,-0.14264368841097758
1.3346995448333332,-0.13116608541383684,-0.1428830858076806
1.3348995448333336,-0.13329944366613086,-0.14311951353715208
1.3350995448333336,-0.12809973358509147,-0.14335294486688996
1.3352995448333331,-0.1318330455873855,-0.1435833531064252
1.3354995448333336,-0.12809993967301272,-0.1438107116095772
1.3356995448333335,-0.12916666750864003,-0.14403499377670656
1.3358995448333337,-0.13329995576093387,-0.14425617305698685
1.336099544833333,-0.1319667740132279,-0.14447422295067133
1.336299544833333,-0.1317002439321886,-0.1446891170113756
1.3364995448333334,-0.13503353260114923,-0.14490082884835276
1.3366995448333332,-0.13290038668677645,-0.14510933212878388
1.3368995448333325,-0.12956728327240385,-0.14531460058007192
1.337099544833333,-0.1359671490246977,-0.14551660799213795
1.3372995448333334,-0.13463397852699172,-0.14571532821971886
1.3374995448333333,-0.12970092011261894,-0.14591073518467626
1.3376995448333338,-0.13330088836491286,-0.14610280287830563
1.337899544833333,-0.1347676187005402,-0.1462915053636467
1.3380995448333337,-0.1341010848695008,-0.1464768167778049
1.3382995448333337,-0.13516780187179472,-0.14665871133426328
1.3384995448333339,-0.13463459012408865,-0.14683716332521204
1.3386995448333332,-0.13330142795971606,-0.14701214712386843
1.3388995448333336,-0.1362347524620099,-0.1471836371868083
1.3390995448333336,-0.13703481488097052,-0.1473516080562917
1.3392995448333334,-0.1369015685499312,-0.14751603436259556
1.3394995448333331,-0.13596839138555855,-0.14767689082634844
1.339699544833333,-0.13556851463785247,-0.1478341522608621
1.339899544833333,-0.13503531997347967,-0.14798779357446779
1.340099544833333,-0.13316885155910702,-0.14813778977285205
1.3402995448333328,-0.1350355256447343,-0.1482841159613931
1.3404995448333334,-0.13530228848036155,-0.1484267473474992
1.3406995448333334,-0.13556905798265567,-0.14856565924294207
1.3408995448333334,-0.13476918956828282,-0.14870082706619597
1.3410995448333338,-0.1346359703205768,-0.14883222634477394
1.3412995448333334,-0.13276947940620415,-0.14895983271755914
1.3414995448333336,-0.13530280182516474,-0.14908362193714395
1.3416995448333335,-0.1341029688274586,-0.1492035698721573
1.3418995448333337,-0.136769632913086,-0.14931965250959925
1.342099544833333,-0.13636972658204655,-0.14943184595716658
1.3422995448333332,-0.13556988608434054,-0.1495401264455825
1.3424995448333337,-0.13796990433663447,-0.14964447033091835
1.3426995448333332,-0.1343701471722618,-0.14974485409691393
1.3428995448333327,-0.1351702045912224,-0.14984125435729911
1.3430995448333332,-0.13637030284351634,-0.14993364785810542
1.3432995448333331,-0.13703703734581024,-0.15002201147997712
1.3434995448333333,-0.13903704518143756,-0.15010632224047993
1.3436995448333335,-0.1374372276003981,-0.15018655729640223
1.343899544833333,-0.1365040283526922,-0.1502626939460534
1.3440995448333337,-0.13610415535498624,-0.15033470963155887
1.3442995448333335,-0.14063743652394667,-0.15040258194114545
1.344499544833334,-0.13810429894290738,-0.15046628861142658
1.344699544833333,-0.1366377880285348,-0.15052580752967826
1.3448995448333334,-0.13650455128082853,-0.15058111673611096
1.3450995448333334,-0.13690464494978924,-0.15063219442613343
1.3452995448333334,-0.13623810070208325,-0.15067901895261182
1.345499544833333,-0.1386381210377105,-0.15072156882812043
1.3456995448333329,-0.13743826887333768,-0.15075982272718677
1.3458995448333333,-0.13810500129229833,-0.15079375948852738
1.3460995448333328,-0.13863844954459226,-0.15082335811727698
1.3462995448333328,-0.13810522029688616,-0.15084859778721038
1.3464995448333332,-0.1354387635491802,-0.1508694578429537
1.3466995448333332,-0.13877207846814102,-0.15088591780218927
1.3468995448333332,-0.13810554838710143,-0.1508979573578501
1.347099544833334,-0.13530575663939545,-0.15090555638030634
1.3472995448333334,-0.139039057808356,-0.1509086949195409
1.3474995448333336,-0.13730589481064998,-0.15090735320731608
1.3476995448333333,-0.1395725580629439,-0.15090151165933022
1.347899544833334,-0.14023932048190454,-0.15089115087736332
1.348099544833333,-0.13717287956753185,-0.1508762516514125
1.3482995448333335,-0.1371729603198258,-0.1508567949618154
1.3484995448333335,-0.13743974315545313,-0.15083276198136467
1.3486995448333332,-0.1379731605744138,-0.150804134077408
1.3488995448333327,-0.13677332466004105,-0.15077089281393838
1.3490995448333332,-0.14063994041233507,-0.1507330199536703
1.349299544833333,-0.13757348699796218,-0.1506904974601064
1.3494995448333333,-0.137306936916923,-0.15064330749958776
1.3496995448333333,-0.13944030391921683,-0.15059143244333398
1.3498995448333333,-0.13824044758817736,-0.15053485486946866
1.3500995448333335,-0.13797390584047156,-0.15047355756503084
1.3502995448333337,-0.1381073103427653,-0.15040752352797448
1.350499544833334,-0.13464090734505932,-0.1503367359691508
1.350699544833333,-0.13744088476401994,-0.1502611783142793
1.3508995448333336,-0.14050754343298047,-0.1501808342059004
1.3510995448333334,-0.14024098126860787,-0.15009568750531754
1.3512995448333336,-0.1367745491042352,-0.1500057222945187
1.351499544833333,-0.13757463193986252,-0.14991092287808783
1.351699544833333,-0.13570815852548965,-0.14981127378509418
1.3518995448333333,-0.13904143219445037,-0.14970675977097148
1.352099544833333,-0.1383749325300777,-0.14959736581937727
1.3522995448333326,-0.1358417949490383,-0.14948307714403486
1.3524995448333335,-0.13637521653466553,-0.14936387919055974
1.3526995448333332,-0.13757528520362627,-0.14923975763827063
1.3528995448333334,-0.13890865678925346,-0.1491106984019771
1.3530995448333338,-0.1375754671248807,-0.14897668763375488
1.3532995448333334,-0.13450906246050803,-0.14883771172470217
1.3534995448333338,-0.13744233529613542,-0.1486937573066719
1.3536995448333333,-0.13810908729842936,-0.14854481125399546
1.353899544833334,-0.13757590180072318,-0.14839086068517598
1.354099544833333,-0.13370950005301718,-0.1482318929645745
1.3542995448333337,-0.13357625913864452,-0.14806789570406156
1.3544995448333335,-0.13557629530760515,-0.14789885676466813
1.3546995448333332,-0.13544307397656574,-0.14772476425819683
1.3548995448333325,-0.13517650681219298,-0.14754560654882706
1.3550995448333332,-0.13584327256448692,-0.14736137225469184
1.3552995448333331,-0.13677665540011433,-0.1471720502494405
1.3554995448333333,-0.13584347156907495,-0.14697762966377215
1.355699544833333,-0.13784351232136888,-0.14677809988695384
1.3558995448333333,-0.13544367265699608,-0.1465734505683143
1.3560995448333335,-0.1327772388259567,-0.1463636716187188
1.3562995448333335,-0.13651054541158406,-0.1461487532120183
1.356499544833334,-0.13331076366387795,-0.14592868578647739
1.356699544833333,-0.13251089274950528,-0.14570346004618415
1.3568995448333339,-0.1349109097517993,-0.14547306696242432
1.3570995448333334,-0.1325111021707599,-0.14523749777505424
1.3572995448333338,-0.13157790500638714,-0.14499674399382545
1.357499544833333,-0.13651116575868108,-0.1447507973997065
1.3576995448333333,-0.13517796942764168,-0.1444996500461639
1.3578995448333333,-0.13291150476326902,-0.14424329426043886
1.358099544833333,-0.13251165718222963,-0.14398172264477824
1.3582995448333324,-0.13144512501785693,-0.14371492807765576
1.3584995448333332,-0.13077855577015096,-0.14344290371496213
1.3586995448333332,-0.1335785777724447,-0.14316564299117843
1.3588995448333332,-0.1309120764414054,-0.14288313962051039
1.359099544833334,-0.13357876094369933,-0.14259538759800666
1.3592995448333332,-0.13304559127932666,-0.14230238120065783
1.3594995448333338,-0.13064577494828716,-0.14200411498844723
1.3596995448333336,-0.1302458957005813,-0.1417005838054069
1.359899544833334,-0.13117930478620854,-0.1413917827806189
1.3600995448333328,-0.13024609553850264,-0.14107770732921043
1.3602995448333335,-0.12731296754079646,-0.14075835315330343
1.3604995448333335,-0.1291796762097571,-0.1404337162429642
1.3606995448333334,-0.12891311904538438,-0.1401037928770968
1.3608995448333328,-0.12757996854767822,-0.13976857962432948
1.361099544833333,-0.13011329013330564,-0.13942807334386217
1.361299544833333,-0.12411362088559955,-0.13908227118629754
1.361499544833333,-0.1255803299712269,-0.1387311705944348
1.3616995448333333,-0.1285136669735209,-0.13837476930403772
1.361899544833333,-0.12611386772581473,-0.13801306534458024
1.3620995448333333,-0.12331407222810875,-0.13764605703995306
1.362299544833333,-0.12691404173040266,-0.13727374300915726
1.3624995448333341,-0.12678081456603008,-0.1368961221669502
1.3626995448333332,-0.12051450698499061,-0.1365131937244882
1.3628995448333339,-0.1266476994039512,-0.13612495718990442
1.3630995448333336,-0.12144800765624514,-0.13573141236889855
1.363299544833334,-0.1221147750752058,-0.13533255936526525
1.363499544833333,-0.12678137332749978,-0.13492839858141525
1.363699544833333,-0.12184831741312713,-0.13451893071884036
1.3638995448333335,-0.11944849191542103,-0.13410415677858745
1.364099544833333,-0.12158185891771496,-0.1336840780616686
1.3642995448333326,-0.12358189758667568,-0.1332586961694553
1.364499544833333,-0.1207821120889696,-0.13282801300404043
1.3646995448333334,-0.11944893367459682,-0.13239203076857786
1.364899544833333,-0.11824908192689074,-0.131950751967581
1.3650995448333338,-0.11744920976251808,-0.13150417940718784
1.365299544833333,-0.1195825463481454,-0.1310523161954225
1.3654995448333338,-0.11851604626710602,-0.1305951657423794
1.3656995448333333,-0.11691622493606663,-0.13013273176043416
1.3658995448333342,-0.11998284443836064,-0.1296650182643668
1.366099544833333,-0.11678311852398787,-0.12919202957150513
1.3662995448333337,-0.11624988219294849,-0.12871377030178555
1.3664995448333332,-0.11718329752857583,-0.12823024537784564
1.3666995448333334,-0.11385018078086973,-0.12774146002501457
1.366899544833333,-0.11211704694983038,-0.1272474197713378
1.3670995448333332,-0.115316998118791,-0.12674813044751781
1.3672995448333332,-0.115850422621085,-0.12624359818686695
1.3674995448333331,-0.11118403629004553,-0.12573382942519548
1.3676995448333331,-0.11385069412567285,-0.1252188309006847
1.367899544833333,-0.11291751112796686,-0.12469860965372849
1.3680995448333335,-0.1097177710469274,-0.12417317302673678
1.368299544833333,-0.1123844180492214,-0.1236425286639171
1.3684995448333341,-0.10865134255151533,-0.1231066845110037
1.368699544833333,-0.10918477872047594,-0.12256564881499657
1.3688995448333339,-0.11065147238943658,-0.12201943012380315
1.3690995448333334,-0.10505176772506389,-0.12146803728593192
1.3692995448333338,-0.10585186889402451,-0.1209114794500678
1.369499544833333,-0.10865184631298513,-0.12034976606469068
1.3696995448333333,-0.10371881581527906,-0.11978290687760004
1.3698995448333335,-0.10491887823423957,-0.11921091193546283
1.3700995448333333,-0.105852282319867,-0.11863379158328725
1.3702995448333326,-0.10265251682216082,-0.11805155646388406
1.3704995448333332,-0.10145265132445473,-0.11746421751728843
1.3706995448333332,-0.10705253041008217,-0.11687178598017002
1.3708995448333332,-0.10478606366237608,-0.11627427338517633
1.3710995448333336,-0.0995863798313367,-0.11567169156027474
1.3712995448333332,-0.10545290391696403,-0.11506405262805232
1.3714995448333338,-0.10051987133592465,-0.11445136900496831
1.3716995448333336,-0.09825340958821857,-0.11383365340061481
1.371899544833334,-0.1009200932571792,-0.11321091881689455
1.372099544833333,-0.10038687609280651,-0.1125831785472188
1.372299544833334,-0.09692045392843372,-0.11195044617561418
1.3724995448333335,-0.10065372676406106,-0.11131273557587441
1.3726995448333337,-0.09892058168302167,-0.11067006091059835
1.3728995448333328,-0.0961207916019823,-0.11002243663026483
1.3730995448333334,-0.09585423277094292,-0.10936987747222399
1.3732995448333332,-0.09638764185657014,-0.10871239845970469
1.373499544833333,-0.09132129635886416,-0.10805001490074567
1.3736995448333327,-0.09332132002782478,-0.10738274238713069
1.373899544833333,-0.0922547924467854,-0.10671059679326521
1.3740995448333333,-0.09172158944907932,-0.10603359427505546
1.374299544833333,-0.09238832520137336,-0.10535175126871323
1.3744995448333341,-0.09025519220366726,-0.10466508448956505
1.3746995448333332,-0.09065529462262778,-0.10397361093082998
1.3748995448333337,-0.08972210537492191,-0.10327734786232416
1.3750995448333332,-0.08758893904388243,-0.10257631282919873
1.375299544833334,-0.08825569521284295,-0.10187052365059138
1.375499544833333,-0.08905575138180367,-0.10115999841829408
1.3756995448333336,-0.0867892863007643,-0.10044475549533428
1.3758995448333333,-0.083056211219725,-0.09972481351459883
1.3760995448333335,-0.08732280530535225,-0.09900019137735634
1.3762995448333324,-0.08358972939097956,-0.09827090825180222
1.3764995448333333,-0.08412316847660678,-0.09753698357153354
1.376699544833333,-0.08385657131223409,-0.09679843703404485
1.3768995448333332,-0.08105681414786142,-0.09605528859913365
1.3770995448333334,-0.08025696948348864,-0.09530755848732714
1.377299544833333,-0.08305692981911597,-0.09455526717825595
1.3774995448333338,-0.0822570847380766,-0.09379843540899147
1.3776995448333336,-0.0814572175737039,-0.09303708417239422
1.3778995448333338,-0.07919073874266452,-0.09227123471537291
1.3780995448333329,-0.07839087199495845,-0.09150090853717999
1.378299544833334,-0.07532442816391907,-0.09072612738760961
1.3784995448333333,-0.0777244222495464,-0.08994691326525381
1.378699544833334,-0.07519132133517362,-0.08916328841563871
1.3788995448333328,-0.07305818042080094,-0.08837527532940719
1.3790995448333334,-0.07745809825642824,-0.08758289674041483
1.3792995448333332,-0.06959183984205548,-0.08678617562386808
1.3794995448333331,-0.07572503976101609,-0.08598513519435598
1.3796995448333325,-0.07239194176331001,-0.08517979890392124
1.379899544833333,-0.07199206459893734,-0.08437019044005399
1.3800995448333335,-0.06985889326789806,-0.08355633372371503
1.380299544833333,-0.06959235735352527,-0.08273825290727983
1.380499544833334,-0.06932579310581921,-0.08191597237247134
1.380699544833333,-0.06852596427477982,-0.08108951672830815
1.3808995448333339,-0.06892604377707376,-0.08025891080894333
1.3810995448333334,-0.06692622786270107,-0.07942417967158462
1.3812995448333343,-0.06505971819832838,-0.07858534859428097
1.3814995448333327,-0.067193073117289,-0.07774244307378887
1.3816995448333338,-0.06492661178624963,-0.07689548882329673
1.3818995448333333,-0.062126823371876846,-0.07604451177027315
1.3820995448333335,-0.06092695579083748,-0.07518953805413332
1.3822995448333326,-0.056393900709798196,-0.07433059402400914
1.382499544833333,-0.05932725187875881,-0.07346770623640925
1.3826995448333332,-0.05932734846438604,-0.07260090145292758
1.382899544833333,-0.05812750421668005,-0.07173020663786593
1.3830995448333332,-0.05959419788564067,-0.0708556489558694
1.383299544833333,-0.0579943761379346,-0.06997725576953948
1.383499544833334,-0.05346132647356193,-0.06909505463699828
1.3836995448333334,-0.05199480722585584,-0.06820907330948878
1.383899544833334,-0.05626142922814977,-0.06731933972886414
1.384099544833333,-0.05226167373044379,-0.06642588202516217
1.384299544833334,-0.050661854066071,-0.06552872851405142
1.3844995448333335,-0.05439512773503162,-0.06462790769436745
1.384699544833334,-0.04972876223732565,-0.06372344824551941
1.3848995448333326,-0.048795561739619575,-0.06281537902497668
1.3850995448333334,-0.04772905040858019,-0.061903729065637014
1.3852995448333334,-0.048662467410874106,-0.060988527573291484
1.3854995448333332,-0.044929351079834735,-0.06006980392395801
1.3856995448333325,-0.04866266766546205,-0.05914758766126805
1.385899544833333,-0.04186301883442268,-0.05822190849380026
1.3860995448333335,-0.04266308542005,-0.057292796292435735
1.386299544833333,-0.044129786589010525,-0.056360281087646305
1.3864995448333342,-0.04013007817463784,-0.05542439306678937
1.3866995448333328,-0.039730196010265166,-0.05448516257142164
1.3868995448333339,-0.03866366301255908,-0.053542620094494224
1.3870995448333336,-0.0357305554315198,-0.05259679627768528
1.387299544833334,-0.037197283683813726,-0.05164772190855773
1.3874995448333327,-0.03879730318610764,-0.050695427917828016
1.3876995448333336,-0.03399761852173497,-0.0497399453765163
1.3878995448333336,-0.033997714274028895,-0.048781305493193816
1.3880995448333335,-0.035464415859656206,-0.04781953961111464
1.3882995448333326,-0.03319795702861683,-0.04685467920538924
1.388499544833333,-0.030931470280910756,-0.04588675588011907
1.388699544833333,-0.029198301866538073,-0.044915801365559976
1.3888995448333332,-0.029998404285498693,-0.04394184751521389
1.3890995448333332,-0.031065113371126017,-0.04296492630295596
1.389299544833333,-0.029331952456753234,-0.041985069820123996
1.3894995448333338,-0.02346563070904726,-0.041002310272606264
1.3896995448333331,-0.02479900604467448,-0.0400166799779333
1.3898995448333342,-0.0269323617969685,-0.03902821136230515
1.3900995448333329,-0.02533252171592902,-0.038036936957708635
1.3902995448333337,-0.023599361634889748,-0.03704288939888165
1.3904995448333333,-0.021999528220516963,-0.036046101420441116
1.390699544833334,-0.021199669806144288,-0.03504660585382789
1.3908995448333328,-0.02053312347510491,-0.0340444356243983
1.3910995448333332,-0.017466683394065527,-0.03303962374836652
1.3912995448333336,-0.01880008206302615,-0.0320322033298696
1.3914995448333334,-0.01720023906532007,-0.03102220755793451
1.3916995448333327,-0.016533687317613992,-0.03000966970346973
1.3918995448333331,-0.012533963069908014,-0.028994623116242915
1.3920995448333333,-0.015600633405535237,-0.02797710122188662
1.392299544833333,-0.013200825824495856,-0.026957137518847242
1.392499544833334,-0.01026769741012318,-0.025934765575349544
1.392699544833333,-0.0121344031624172,-0.024910019026392467
1.392899544833334,-0.010534578498044421,-0.0238829315706523
1.3930995448333334,-0.008268098833671743,-0.02285353696750388
1.393299544833334,-0.007868220002632365,-0.021821869033915982
1.393499544833333,-0.007068354504926284,-0.02078796164144512
1.3936995448333338,-0.004001921090553607,-0.019751848713131487
1.3938995448333333,-0.003602034342847527,-0.018713564220509894
1.3940995448333335,-0.00600204926180815,-0.01767314218048954
1.3942995448333328,-0.00173564584743547,-0.016630616652343437
1.3944995448333333,-0.003602357433062692,-0.015586021734605935
1.3946995448333332,-0.0008025515186900131,-0.014539391562069019
1.3948995448333332,0.0018638848123493663,-0.01349076030266968
1.3950995448333332,0.003597067393388746,-0.012440162154467804
1.395299544833333,0.0001304258077614237,-0.011387631342574788
1.3954995448333336,0.005463454222134203,-0.010333202116090711
1.3956995448333331,0.0017301484698401814,-0.009276908745086014
1.395899544833334,0.005196574384212858,-0.008218785517493471
1.396099544833333,0.00812968363191894,-0.007158866736131712
1.3962995448333337,0.006396324129625017,-0.006097186715580117
1.3964995448333335,0.007196192960664397,-0.00503377977921588
1.396699544833334,0.009862638458370475,-0.0039686802561149795
1.3968995448333326,0.011462484789409755,-0.0029019224780750153
1.3970995448333334,0.013195636120449133,-0.0018335407765209526
1.3972995448333334,0.01586209870148851,-0.0007635694795622317
1.3974995448333334,0.012795440449194591,0.00030795709108406497
1.3976995448333327,0.013195319280233968,0.0013810046230669757
1.3978995448333333,0.017728390194606546,0.0024555388164377505
1.3980995448333333,0.014528402775646028,0.0035315253865969365
1.3982995448333333,0.013461667440018804,0.004608930067322125
1.3984995448333337,0.019194666271058085,0.005687718613735572
1.3986995448333328,0.018261285102097465,0.006767856805253243
1.3988995448333337,0.01999444893313684,0.00784931044859107
1.3990995448333337,0.023194219430842822,0.008932045380659061
1.3992995448333339,0.0225274582618823,0.010016027471556901
1.3994995448333327,0.023993962092921678,0.011101222627459021
1.399699544833334,0.028393692590627656,0.012187596793591205
1.3998995448333331,0.028526924755000432,0.013275115957058313
1.4000995448333335,0.024526959419373114,0.014363746149832067
1.4002995448333326,0.028260057000412495,0.015453453451563242
1.4004995448333335,0.026260035414785173,0.01654420399251196
1.400699544833333,0.03012644716249125,0.0176359639563484
1.400899544833333,0.03292621391019733,0.018728699583051938
1.4010995448333325,0.03159283232457001,0.01982237717171531
1.4012995448333332,0.032259400738942685,0.020916963083377954
1.4014995448333334,0.038125718736648766,0.022012423743805642
1.4016995448333334,0.032392482151021446,0.02310872564630531
1.4018995448333342,0.03679222431539422,0.02420583535448742
1.402099544833333,0.040125333979766906,0.025303719505007965
1.4022995448333335,0.03985855031080628,0.026402344810353078
1.4024995448333335,0.04252501664184566,0.027501678061509216
1.402699544833334,0.04572479880621834,0.028601686130702717
1.4028995448333328,0.039991564303924414,0.029702335974069512
1.4030995448333337,0.04425797771829709,0.03080359463436747
1.4032995448333332,0.04612445113266987,0.03190542924355584
1.4034995448333336,0.04399110704704255,0.03300780702551124
1.4036995448333327,0.047057553378081936,0.034110695298569714
1.403899544833333,0.05065729179245461,0.03521406147818494
1.404099544833333,0.04799062895682739,0.03631787307945643
1.4042995448333333,0.04999044403786677,0.03742209771970232
1.4044995448333333,0.052790233285572745,0.038526703120996625
1.404699544833333,0.05399008753327883,0.03963165711267665
1.4048995448333337,0.05372332761431821,0.04073692763383949
1.4050995448333334,0.058389691028690884,0.041842482735795265
1.4052995448333339,0.05438977235973036,0.04294829058454406
1.405499544833333,0.056122918690769644,0.04405431946316365
1.4056995448333338,0.061989242105142416,0.0451605377742589
1.4058995448333333,0.057455992602848394,0.046266914042277174
1.4060995448333338,0.06078909351722118,0.047373416915926815
1.4062995448333329,0.061855611514927154,0.04848001517045363
1.4064995448333333,0.061588853262633234,0.04958667770999694
1.4066995448333333,0.0635886625103392,0.05069337356982537
1.4068995448333332,0.06585513717471199,0.05180007191861672
1.4070995448333328,0.06492173892241807,0.052906742060690196
1.4072995448333332,0.06532162192012404,0.0540133534382032
1.4074995448333332,0.06985467241783012,0.05511987563332513
1.4076995448333331,0.06905460624886951,0.05622627837040744
1.407899544833334,0.06985445216324218,0.05733253151809864
1.4080995448333329,0.07078764557761497,0.058438605091417635
1.4082995448333335,0.07118752940865425,0.059544469253892354
1.4084995448333335,0.07505394740636032,0.060650094319525456
1.408699544833334,0.0795870037373997,0.06175545075485738
1.4088995448333328,0.07505373048510577,0.06286050918092868
1.4090995448333334,0.07638692389947846,0.06396524037527247
1.4092995448333332,0.07838672773051783,0.06506961527379554
1.4094995448333334,0.07798664447822391,0.06617360497271567
1.409699544833333,0.07865318622592998,0.06727718073041457
1.4098995448333334,0.08438618589030257,0.06838031396929359
1.410099544833333,0.08238615472134195,0.06948297627755837
1.4102995448333333,0.08491931855238144,0.07058513941103028
1.4104995448333333,0.0871857586334208,0.07168677529487105
1.410699544833333,0.08571905371446019,0.07278785602531594
1.4108995448333337,0.08771886379549956,0.07388835387136358
1.4110995448333332,0.08811875887653885,0.07498824127640928
1.4112995448333339,0.08985192937424492,0.07608749085991182
1.4114995448333332,0.0933183552886177,0.07718607541893235
1.4116995448333338,0.09385155578632377,0.07828396792975578
1.4118995448333336,0.08958495045069646,0.07938114154936432
1.4120995448333336,0.09598458553173575,0.0804775696169729
1.4122995448333329,0.09785109561277512,0.08157322565546833
1.4124995448333335,0.0961177090271479,0.08266808337286598
1.4126995448333335,0.09478431910818728,0.08376211666366869
1.4128995448333332,0.10065067043922665,0.08485529961026735
1.413099544833333,0.09718403510359944,0.08594760648425599
1.4132995448333332,0.10305037601797212,0.08703901174773214
1.4134995448333334,0.10465020693234478,0.08812949005455298
1.4136995448333334,0.09985028659671757,0.08921901625157146
1.413899544833334,0.10358336959442355,0.09030756537983509
1.4140995448333329,0.10664980467546292,0.09139511267572278
1.4142995448333338,0.10451644892316901,0.09248163357212237
1.4144995448333337,0.10478299858754168,0.09356710369945213
1.4146995448333337,0.10864940950191436,0.09465149888677361
1.414899544833333,0.10731604583295375,0.09573479516278392
1.4150995448333337,0.11024914341399322,0.09681696875682566
1.4152995448333332,0.1119823043283659,0.09789799609979977
1.4154995448333334,0.11118222607607188,0.09897785382512365
1.4156995448333332,0.11384868407377796,0.10005651876957922
1.4158995448333331,0.11691512415481733,0.1011339679741824
1.4160995448333331,0.11091525798585672,0.10221017868497179
1.416299544833333,0.11504834181689609,0.10328512835379379
1.416499544833333,0.11891475773126876,0.10435879463903193
1.416699544833333,0.11638141572897474,0.10543115540631948
1.4168995448333335,0.11744791206001423,0.10650218872919477
1.4170995448333332,0.1215809983910536,0.10757187288973129
1.4172995448333339,0.12038092888875959,0.10864018637914157
1.4174995448333332,0.12011416646979897,0.10970710789830573
1.4176995448333336,0.12584716196750503,0.11077261635834303
1.4178995448333336,0.12264722121521113,0.11183669088103931
1.4180995448333338,0.1262469554629172,0.11289931079933409
1.4182995448333329,0.12958005929395658,0.11396045565770911
1.4184995448333333,0.12384683854166266,0.11502010521259455
1.4186995448333333,0.12731326028936862,0.1160782394326591
1.4188995448333332,0.13371291120374132,0.11713483849916527
1.4190995448333328,0.1263797687847807,0.11818988280619042
1.4192995448333332,0.13091282094915346,0.11924335296089468
1.4194995448333332,0.13277928811352616,0.12029522978368415
1.4196995448333332,0.13224589361123212,0.1213454943083823
1.4198995448333336,0.13357906160893832,0.12239412778235134
1.4200995448333331,0.13891209377331099,0.12344111166656709
1.4202995448333338,0.13584542802101698,0.12448642763568238
1.4204995448333335,0.13544533560205635,0.12553005757801627
1.4206995448333337,0.13877841818309583,0.12657198359555463
1.420899544833333,0.1363784336808018,0.12761218800386498
1.4210995448333337,0.13917820251184118,0.1286506533320299
1.4212995448333332,0.14357792675954728,0.12968736232247335
1.4214995448333334,0.13851136809058665,0.13072229793083193
1.421699544833333,0.1454443310882926,0.131755443325723
1.4218995448333334,0.1451775590859987,0.13278678188852938
1.4220995448333331,0.14491080916703808,0.13381629721308705
1.422299544833333,0.14357740883141074,0.13484397310541313
1.4224995448333329,0.15064368516245025,0.13586979358332882
1.4226995448333333,0.1459771056601562,0.136893742876103
1.4228995448333335,0.14877689240786218,0.13791580542400708
1.4230995448333332,0.14917677748890168,0.13893596587788146
1.4232995448333337,0.15024330881994105,0.1399542090986497
1.4234995448333332,0.1502431909843137,0.14097052015677747
1.4236995448333336,0.15490957731535313,0.14198488433174114
1.4238995448333336,0.1502429786463925,0.1429972871114113
1.4240995448333338,0.15437602997743177,0.14400771419144662
1.4242995448333329,0.15784247922513786,0.14501615147462002
1.4244995448333335,0.1551758022228439,0.14602258507014776
1.424699544833333,0.1571756168872167,0.1470270012929203
1.4248995448333335,0.16090871780158927,0.14802938666278856
1.425099544833333,0.15784206496596215,0.1490297279037326
1.4252995448333334,0.15650868004700141,0.15002801194305995
1.425499544833333,0.162375003461374,0.15102422591052034
1.4256995448333334,0.16064163854241348,0.15201835713744058
1.4258995448333334,0.16317475612345295,0.15301039315577258
1.426099544833333,0.16530791662115896,0.15400032169714592
1.4262995448333335,0.16384121920219813,0.15498813069188933
1.4264995448333335,0.1675742796999043,0.15597380826797919
1.4266995448333337,0.168774138114277,0.156957342750016
1.426899544833333,0.16450754236198295,0.15793872265811512
1.4270995448333337,0.16517405702635574,0.1589179367068235
1.4272995448333332,0.16784052210739522,0.15989497380391676
1.4274995448333336,0.16824039635510118,0.16086982304928807
1.427699544833333,0.1709068468528073,0.16184247373368343
1.4278995448333334,0.17130673318384657,0.16281291533750558
1.4280995448333331,0.17050665368155263,0.16378113752951598
1.4282995448333333,0.17157316667925862,0.1647471301655574
1.4284995448333329,0.176372889260298,0.16571088328721276
1.428699544833333,0.17303958517467077,0.1666723871204723
1.4288995448333333,0.17557271233904348,0.16763163207432377
1.4290995448333335,0.17810584867008283,0.16858860873935283
1.4292995448333339,0.1757058304177889,0.16954330788631103
1.4294995448333332,0.1787723054988283,0.17049572046462966
1.4296995448333338,0.17850549682986766,0.17144583760095558
1.4298995448333334,0.18010534857757365,0.17239365059758846
1.4300995448333338,0.18237181990861304,0.17333915093097813
1.4302995448333329,0.1827717220729858,0.17428233025010445
1.4304995448333333,0.18063833215402517,0.17522318037493112
1.4306995448333328,0.18183817806839778,0.17616169329472406
1.4308995448333337,0.18490461814943723,0.17709786116644907
1.431099544833333,0.18343790864714332,0.17803167631305708
1.4312995448333332,0.1867710008115159,0.1789631312218195
1.431499544833333,0.1875708692258886,0.17989221854257859
1.4316995448333334,0.18583749889026135,0.18081893108601904
1.4318995448333334,0.18663737688796744,0.1817432618218824
1.4320995448333331,0.1905037840523401,0.18266520387718535
1.4322995448333335,0.18890374996671278,0.1835847505344001
1.4324995448333333,0.19170350796441898,0.18450189522961274
1.432699544833334,0.19250338054545835,0.18541663155067728
1.4328995448333333,0.19236996687649763,0.18632895323530996
1.4330995448333337,0.1933031648742037,0.1872388541692256
1.4332995448333332,0.19583628953857637,0.18814632838417508
1.4334995448333334,0.19450289711961585,0.18905137005603567
1.433699544833333,0.19610274511732184,0.1899539735028313
1.4338995448333334,0.19663593478169442,0.19085413318276337
1.4340995448333334,0.1982357773627341,0.19175184369220105
1.4342995448333333,0.20276884411043988,0.19264709976367336
1.4344995448333329,0.20023548085814585,0.1935398962638282
1.4346995448333333,0.19956872177251864,0.19443022819138955
1.4348995448333333,0.20290183477022472,0.1953180906750683
1.4350995448333332,0.2037016890179307,0.19620347897149903
1.4352995448333339,0.20356827451563686,0.1970863884631283
1.4354995448333332,0.20236819501334286,0.1979668146560788
1.4356995448333336,0.20650126467771543,0.19884475317806283
1.4358995448333336,0.2029012989254217,0.19972019977618485
1.4360995448333336,0.204767786506461,0.20059315031480826
1.436299544833333,0.20650096575416696,0.20146360077337463
1.4364995448333335,0.20676750500187305,0.2023315472442184
1.436699544833333,0.20490080966624574,0.20319698593034807
1.4368995448333333,0.2101004697472853,0.20405991314326066
1.4370995448333332,0.21010039941165778,0.20492032530068977
1.437299544833333,0.20796705240936386,0.20577821892438397
1.437499544833333,0.21330006665706985,0.20663359063785752
1.4376995448333334,0.2113000400714427,0.20748643716412493
1.4378995448333334,0.21143326348581531,0.20833675532343776
1.438099544833333,0.21489970981685458,0.2091845420310066
1.4382995448333336,0.21116638239789434,0.21002979429472157
1.4384995448333333,0.21316620789560023,0.21087250921283493
1.4386995448333337,0.216232653809973,0.2117126839716874
1.4388995448333333,0.21676586472434567,0.21255031584337056
1.4390995448333337,0.21836571313871847,0.2133854021834349
1.4392995448333334,0.21783230196975784,0.21421794042854006
1.4394995448333336,0.21943212455079703,0.21504792809414472
1.4396995448333327,0.2211652958818365,0.21587536277215433
1.4398995448333334,0.21916527221287588,0.21670024212860758
1.4400995448333334,0.22196503729391515,0.21752256390129335
1.4402995448333333,0.22316487529162124,0.21834232589742797
1.440499544833333,0.22663130953932742,0.2191595259912959
1.440699544833333,0.2220980183703668,0.21997416212189447
1.4408995448333335,0.22476450053473948,0.22078623229057331
1.4410995448333335,0.22796429228244547,0.22159573455867013
1.441299544833334,0.22223106194681813,0.22240266704516073
1.441499544833333,0.22623079536119092,0.22320702792427824
1.4416995448333338,0.2256973987755637,0.2240088154231762
1.4418995448333336,0.22476398802326966,0.2248080278195301
1.4420995448333336,0.22903040060430907,0.2256046634392024
1.442299544833333,0.23036355360201513,0.22639872065386762
1.4424995448333335,0.2254302870163876,0.22719019787866207
1.4426995448333333,0.229163393764094,0.2279790935697997
1.4428995448333335,0.23089657092846658,0.2287654062222508
1.443099544833333,0.23049648434283934,0.22954913436735544
1.4432995448333332,0.23236296400721212,0.2303302765705024
1.4434995448333332,0.2339627911715846,0.2311088314287552
1.4436995448333332,0.23249608041929068,0.23188479756853378
1.4438995448333332,0.23582917716699667,0.23265817364326385
1.4440995448333331,0.23449580808136944,0.23342895833104618
1.4442995448333336,0.2346290298290754,0.2341971503323408
1.444499544833333,0.236095517410115,0.23496274836762995
1.444699544833334,0.24022859415782108,0.2357257511751302
1.4448995448333333,0.23782859340552703,0.23648615750845384
1.4450995448333335,0.23769514848656645,0.23724396613435084
1.4452995448333334,0.2402282827342726,0.2379991758303829
1.4454995448333336,0.2379616069819786,0.23875178538267022
1.445699544833333,0.24102803539635137,0.23950179358359963
1.4458995448333334,0.24182792756072405,0.2402491992295852
1.4460995448333331,0.24102782930843003,0.24099400111879038
1.4462995448333333,0.2443609364728026,0.24173619804891228
1.4464995448333329,0.24382748697050877,0.242475788814929
1.446699544833333,0.24409406413488144,0.24321277220690712
1.4468995448333333,0.24382732296592094,0.2439471470077705
1.4470995448333333,0.24796036221362672,0.24467891199111927
1.4472995448333337,0.2446270785446662,0.24540806591905276
1.4474995448333332,0.24702687404237228,0.24613460753998537
1.4476995448333336,0.24849336995674495,0.24685853558651463
1.4478995448333336,0.24795994837111773,0.2475798487732635
1.4480995448333336,0.2514263651188237,0.24829854579476524
1.4482995448333331,0.24835974603319638,0.24901462532334936
1.4484995448333335,0.25355945611423586,0.2497280860070542
1.448699544833333,0.25222601327860833,0.2504389264675331
1.4488995448333337,0.2514259775263145,0.2511471452980156
1.449099544833333,0.24982591635735402,0.25185274106123373
1.4492995448333332,0.2535590010217268,0.25255571228742646
1.449499544833333,0.2554255015194328,0.2532560574723003
1.449699544833333,0.25289217285047216,0.25395377507505434
1.449899544833333,0.25422532543151144,0.2546488635163998
1.4500995448333331,0.2551585317625508,0.25534132117660946
1.4502995448333333,0.25582506559359036,0.2560311463935757
1.4504995448333333,0.25435829984129626,0.2567183374608959
1.4506995448333337,0.25875808700566916,0.2574028926259817
1.4508995448333333,0.258091325003375,0.25808481008817624
1.4510995448333337,0.2590245025844145,0.258764087996906
1.4512995448333332,0.2602243697487871,0.25944072444983457
1.4514995448333339,0.25675772399649316,0.26011471749107007
1.451699544833333,0.25809089574419924,0.2607860651093447
1.4518995448333336,0.25982405624190524,0.26145476523628414
1.4520995448333327,0.260757268406278,0.2621208157446252
1.4522995448333336,0.26209041723731724,0.26278421444652167
1.452499544833333,0.26249030606835666,0.26344495909181465
1.452699544833333,0.2636901736493961,0.2641030473663895
1.452899544833333,0.2658232883137688,0.26475847689049803
1.4530995448333335,0.2647565988114749,0.2654112452171413
1.4532995448333335,0.2643564855591812,0.2660613498304591
1.453499544833333,0.26768957147355354,0.2667087881441585
1.4536995448333339,0.2651562223879263,0.26735355749996187
1.4538995448333334,0.2639561899689658,0.2679956551660563
1.4540995448333338,0.26848922421667193,0.2686350783356286
1.4542995448333333,0.27182233138104456,0.26927182412534817
1.4544995448333338,0.26728906479541714,0.2699058895739527
1.4546995448333333,0.2700888561264566,0.2705372716407931
1.4548995448333337,0.27368862579082937,0.2711659672044618
1.4550995448333328,0.26955533045520214,0.27179197306140207
1.4552995448333335,0.2734217351195747,0.2724152859245869
1.455499544833333,0.27368832645061425,0.27303590242217607
1.4556995448333332,0.2720882606983203,0.2736538190962591
1.4558995448333332,0.2747547095293597,0.27426903240157546
1.4560995448333331,0.27315466461039895,0.27488153870428933
1.4562995448333336,0.27382123260810504,0.275491334280793
1.456499544833333,0.27448775602247777,0.2760984153165209
1.456699544833334,0.27488762818685053,0.2767027779048237
1.4568995448333333,0.2746208620178899,0.2773044180458272
1.4570995448333337,0.27835397084892943,0.2779033316453763
1.4572995448333335,0.2772872200966354,0.2784995145139522
1.4574995448333339,0.27515387267767477,0.2790929623656652
1.457699544833333,0.2779536510920475,0.2796836708172376
1.4578995448333334,0.27968678825642007,0.2802716353870647
1.458099544833333,0.28128665750412596,0.2808568514942501
1.4582995448333336,0.28048659466849885,0.28143931445772036
1.458499544833333,0.2792865576662049,0.2820190194953329
1.4586995448333333,0.28168631608057765,0.2825959617230498
1.458899544833333,0.2851527340782835,0.28317013615410697
1.4590995448333333,0.28328603332598956,0.28374153769824345
1.4592995448333337,0.28288597424036244,0.2843101611609437
1.4594995448333332,0.2843524747380683,0.28487600124271356
1.4596995448333336,0.28221910940244105,0.2854390525384045
1.4598995448333332,0.28421892281681366,0.2859993095365392
1.460099544833334,0.28555212081451975,0.28655676661870294
1.4602995448333331,0.2846187121455592,0.2871114180589279
1.4604995448333338,0.2843519472265988,0.28766325802315845
1.460699544833333,0.28715172522430465,0.28821228056868836
1.4608995448333335,0.28848495072201064,0.2887584796436901
1.4610995448333328,0.2839516266363833,0.28930184908672685
1.4612995448333335,0.28675144005075603,0.2898423826263364
1.461499544833333,0.2871513034651289,0.29038007388060494
1.4616995448333334,0.2899511052128348,0.2909149163568214
1.461899544833333,0.28928434446054085,0.2914469034511163
1.462099544833333,0.2902175612082468,0.29197602844817344
1.4622995448333334,0.2892841421226199,0.29250228452094307
1.4624995448333333,0.2915506080369924,0.29302566473040265
1.462699544833334,0.2939504302013652,0.2935461620253514
1.462899544833333,0.29128374819907105,0.2940637692422228
1.463099544833334,0.2923502599467771,0.29457847910495616
1.4632995448333332,0.28981692461115,0.2950902842248576
1.4634995448333337,0.29195006510885607,0.29559917710054556
1.463699544833333,0.2944832222732286,0.29610515011788086
1.4638995448333336,0.29488308402093466,0.296608195549965
1.464099544833333,0.2907498036853075,0.29710830555714
1.4642995448333336,0.2919496741830136,0.2976054721870526
1.464499544833333,0.29714935509738616,0.2980996873747144
1.4646995448333335,0.2951493068450921,0.29859094294263394
1.464899544833333,0.29621582025946475,0.29907923060093594
1.4650995448333333,0.29848231992383745,0.2995645419475591
1.4652995448333332,0.2955489625048768,0.300046868468444
1.4654995448333332,0.2955488863359161,0.30052620153778214
1.4656995448333339,0.29434880975028915,0.3010025324182804
1.465899544833333,0.2936820731646617,0.30147585226146023
1.4660995448333338,0.29421529241236805,0.30194615210800074
1.4662995448333334,0.2948818320767407,0.3024134228880832
1.4664995448333336,0.29621499049111316,0.30287765542180645
1.466699544833333,0.29834813723881926,0.303338840419594
1.4668995448333337,0.2990146685698585,0.3037969684826682
1.4670995448333328,0.2960813478175648,0.3042520301035144
1.4672995448333337,0.3010144028986042,0.30470401566642813
1.467499544833333,0.2987477100629768,0.3051529154480294
1.4676995448333332,0.29728100056068285,0.30559871961787477
1.467899544833333,0.2979475306417221,0.3060414182390392
1.4680995448333332,0.3004806494727614,0.30648100126876887
1.4682995448333334,0.2980806378871341,0.3069174585591457
1.4684995448333331,0.30088043921817376,0.30735077985778225
1.4686995448333338,0.30234692221587967,0.30778095480855683
1.468899544833333,0.29941361979691933,0.3082079729523563
1.469099544833334,0.30101344654462525,0.3086318237278822
1.4692995448333332,0.30367988745899793,0.30905249647243976
1.4694995448333337,0.3026131621233707,0.30946998042280727
1.469699544833333,0.3051463180377432,0.30988426471608294
1.4698995448333336,0.3016796777021159,0.310295338390608
1.470099544833333,0.3019462352831554,0.31070319038687333
1.4702995448333338,0.30181278619752827,0.31110780954849315
1.470499544833333,0.3024793341952341,0.3115091846231691
1.4706995448333333,0.3048791367762736,0.3119073042637241
1.4708995448333329,0.3064789397739795,0.31230215702911673
1.4710995448333333,0.3047455640216853,0.3126937313855248
1.4712995448333333,0.30127894326939175,0.3130820157074202
1.4714995448333332,0.30794524335043083,0.3134669982786984
1.4716995448333337,0.3054118867648038,0.31384866729381833
1.4718995448333332,0.30447847142917644,0.3142270108589659
1.4720995448333338,0.3067449577602157,0.31460201699326157
1.4722995448333331,0.30781148909125516,0.31497367362996403
1.4724995448333336,0.30514484875562814,0.31534196861773417
1.472699544833333,0.3068779942533342,0.31570688972188726
1.4728995448333337,0.30807783391770666,0.3160684246257016
1.4730995448333328,0.30701110441541263,0.3164265609317247
1.4732995448333337,0.30914428366311886,0.3167812861631319
1.473499544833333,0.30661090249415823,0.3171325877650711
1.4736995448333334,0.30861073799186417,0.3174804531060753
1.473899544833333,0.30967724223957027,0.31782486947945515
1.4740995448333334,0.30901048648727625,0.31816582410474975
1.474299544833333,0.3096770457349825,0.31850330412917227
1.4744995448333333,0.30807702039935525,0.3188372966290987
1.4746995448333335,0.3067435875637278,0.31916778861156175
1.4748995448333333,0.3107433555614338,0.3194947670157786
1.4750995448333337,0.3106099135591399,0.31981821871469657
1.4752995448333333,0.3114097932235124,0.3201381305165487
1.4754995448333337,0.31034307913788517,0.3204544891664522
1.4756995448333332,0.3110096042189247,0.32076728134799987
1.4758995448333336,0.31087614013329745,0.32107649368490043
1.4760995448333327,0.3118093772976702,0.3213821127426058
1.4762995448333338,0.312209217795376,0.32168412502999544
1.476499544833333,0.3131424349597488,0.3219825170010356
1.4766995448333335,0.31074243212412156,0.32227727505650494
1.4768995448333329,0.3150088172051609,0.32256838554569134
1.4770995448333335,0.30994222811953354,0.3228558347681476
1.477299544833333,0.3130086744505731,0.3231396089754306
1.4774995448333335,0.31434183161494567,0.3234196943728845
1.4776995448333334,0.3127417883626519,0.32369607712142157
1.4778995448333334,0.31234172469369137,0.32396874333933057
1.4780995448333338,0.31340821727473045,0.3242376791040966
1.4782995448333334,0.31367478568910323,0.3245028704542338
1.4784995448333338,0.3150079611868092,0.32476430339114537
1.478699544833333,0.31287460543451506,0.32502196388097826
1.4788995448333337,0.31194121884888804,0.3252758378565176
1.4790995448333328,0.31367439392992746,0.3255259112190669
1.4792995448333337,0.3156741606776332,0.3257721698403736
1.4794995448333328,0.315007479092006,0.32601459956453405
1.4796995448333337,0.31447404875637885,0.32625318620994864
1.479899544833333,0.31300730925408493,0.32648791557124873
1.4800995448333334,0.3148738047517907,0.32671877342127736
1.480299544833333,0.31434037524949704,0.32694574551304706
1.4804995448333333,0.31674018449720287,0.32716881758173477
1.4806995448333335,0.31674008749490906,0.32738797534666925
1.4808995448333333,0.3140734188259484,0.3276032045133426
1.481099544833334,0.3148732822403209,0.32781449077542746
1.481299544833333,0.3126065673213605,0.3280218198167989
1.4814995448333337,0.3136731528190666,0.3282251773135807
1.4816995448333332,0.31553961456677254,0.3284245489361805
1.4818995448333339,0.312872927147812,0.32861992035135573
1.482099544833333,0.3147394347288512,0.32881127722426784
1.4822995448333336,0.31513931105989057,0.3289986052205649
1.4824995448333327,0.3140725790575967,0.3291818900084516
1.4826995448333335,0.31540576080530286,0.3293611172607871
1.4828995448333329,0.3155389879696756,0.3295362726571687
1.4830995448333333,0.3167387918007147,0.3297073418860463
1.4832995448333328,0.3140721681317545,0.3298743106468182
1.4834995448333332,0.31287211071279364,0.33003716465195587
1.4836995448333332,0.3122053603771664,0.33019588962911567
1.4838995448333332,0.31553845754153903,0.33035047132326995
1.4840995448333338,0.3142050747059117,0.33050089549883416
1.4842995448333332,0.3172715097869513,0.3306471479418022
1.4844995448333338,0.31473817861799064,0.33078921446188664
1.484699544833333,0.3162047003656967,0.33092708089466
1.4848995448333338,0.3160712350300692,0.3310607331037026
1.485099544833333,0.3104713680277754,0.3311901569827503
1.4852995448333335,0.3163376672754814,0.3313153384578497
1.4854995448333328,0.31380436485652075,0.3314362634895092
1.4856995448333334,0.3134042520208935,0.33155291807486015
1.485899544833333,0.31593740293526607,0.33166528824980945
1.4860995448333334,0.31647061093297196,0.33177336009120706
1.486299544833333,0.31460391309734487,0.33187711971899914
1.4864995448333334,0.3152704390117175,0.3319765532983954
1.4866995448333333,0.314737002842757,0.3320716470420275
1.4868995448333333,0.3159368479237965,0.3321623872121125
1.4870995448333337,0.31553677258816903,0.33224876012261334
1.4872995448333333,0.31113681225254153,0.33233075214139957
1.4874995448333337,0.31180337441691447,0.33240834969240785
1.4876995448333332,0.3148698311646204,0.3324815392577975
1.4878995448333336,0.3186028895789934,0.33255030738011077
1.4880995448333332,0.31260302174336607,0.3326146406644233
1.4882995448333336,0.316336128491072,0.3326745257804984
1.4884995448333327,0.3139360948221116,0.3327299494649343
1.4886995448333336,0.3151359765698175,0.33278089852331233
1.4888995448333329,0.31593584081752357,0.3328273598323371
1.4890995448333335,0.31353580339856285,0.33286932034197686
1.489299544833333,0.3147356393129354,0.33290676707759737
1.4894995448333332,0.3156688518939748,0.33293968714209304
1.4896995448333334,0.3148687457250144,0.33296806771801196
1.4898995448333334,0.3124687670560537,0.33299189606967683
1.4900995448333338,0.3170018279704266,0.3330111595453005
1.4902995448333332,0.31353517596813224,0.3330258455790947
1.4904995448333338,0.3140683839658384,0.333035941693375
1.4906995448333333,0.3146015986302112,0.33304143550065834
1.4908995448333338,0.31460150996125075,0.3330423147057526
1.491099544833333,0.31260145920895654,0.3330385671078419
1.4912995448333337,0.31553459928999616,0.33303018060256345
1.4914995448333328,0.3124679189543687,0.33301714318407716
1.4916995448333337,0.3103345844520747,0.33299944294712713
1.491899544833333,0.31473430411644754,0.33297706808909555
1.4920995448333336,0.318200731697487,0.33295000691204935
1.492299544833333,0.3123341876118597,0.3329182478247755
1.4924995448333334,0.3167338910262321,0.3328817793448103
1.4926995448333333,0.3143338877739384,0.3328405901004583
1.492899544833333,0.31380047243831105,0.3327946688328026
1.4930995448333337,0.3131337275193507,0.33274400439770274
1.4932995448333333,0.3138002646837232,0.33268858576778815
1.493499544833334,0.3131335047647624,0.33262840203443456
1.4936995448333332,0.3134000781791353,0.33256344240973684
1.4938995448333334,0.31220000492684136,0.3324936962284651
1.4940995448333332,0.31246654792454753,0.3324191529500148
1.4942995448333338,0.3124664792555869,0.3323398021603413
1.494499544833333,0.31139974016995936,0.3322556335738881
1.4946995448333338,0.31339956400099866,0.33216663703549637
1.4948995448333329,0.31073285699870506,0.3320728025223116
1.4950995448333335,0.3155326208297443,0.3319741201456678
1.4952995448333328,0.3119325900774505,0.33187058015297083
1.4954995448333332,0.31459909640848976,0.3317621729295567
1.4956995448333332,0.3140656256561956,0.33164888900054745
1.4958995448333332,0.3115323149039019,0.3315307190326893
1.4960995448333336,0.31379878165160774,0.3314076538361771
1.4962995448333332,0.3116654588159806,0.33127968436646743
1.496499544833334,0.3119319922303532,0.3311468017260742
1.4966995448333333,0.3125985135613926,0.33100899716635845
1.4968995448333335,0.3132650657257654,0.33086626208929243
1.497099544833333,0.3107317058068048,0.33071858804921966
1.4972995448333337,0.3123315475545108,0.33056596675459454
1.4974995448333328,0.31193143971888354,0.3304083900697123
1.4976995448333337,0.3079314872999228,0.3302458500164137
1.497899544833333,0.3108646373809622,0.330078338775792
1.4980995448333334,0.3104645337120018,0.3299058486898648
1.498299544833333,0.3095311083763742,0.3297283722632473
1.4984995448333334,0.31046429054074715,0.3295459021647975
1.4986995448333331,0.31153085812178655,0.3293584312292566
1.4988995448333333,0.3085974911194926,0.3291659524588611
1.4990995448333335,0.3121972766171985,0.3289684590249516
1.4992995448333333,0.30966396086490444,0.3287659442695556
1.4994995448333337,0.30526401761261085,0.3285584017069564
1.4996995448333332,0.3091303981103166,0.3283458250252524
1.4998995448333337,0.3061971094413563,0.328128208087884
1.5000995448333332,0.30793027285572877,0.32790554493516433
1.5002995448333338,0.30779683377010136,0.32767782978576965
1.5004995448333327,0.3059301059344742,0.3274450570382381
1.500699544833334,0.3065966239321801,0.32720722127242274
1.5008995448333329,0.3085964765132198,0.32696431725095904
1.5010995448333337,0.30766308576092577,0.3267163399206786
1.5012995448333328,0.30819627000863187,0.3264632844140431
1.5014995448333335,0.3057962738396711,0.32620514605052525
1.501699544833333,0.30686279350404383,0.3259419203380019
1.5018995448333334,0.3061960781684168,0.3256736029741031
1.5020995448333334,0.3063292374161225,0.32540018984756386
1.5022995448333334,0.31019571208049557,0.32512167703954475
1.5024995448333338,0.3051291009115347,0.3248380608249358
1.5026995448333333,0.3032623972425739,0.3245493376736507
1.5028995448333338,0.3051289089902802,0.32425550425188654
1.5030995448333333,0.29979565823798626,0.32395655742338214
1.5032995448333337,0.30526201165235894,0.32365249425064135
1.5034995448333328,0.30632855173339824,0.3233433119961547
1.503699544833334,0.3045951855644376,0.3230290081235779
1.5038995448333328,0.3040617510621438,0.32270958029892555
1.5040995448333336,0.3051282994765163,0.3223850263917023
1.504299544833333,0.30046169997422256,0.32205534447606154
1.5044995448333334,0.30366144255526184,0.32172053283189794
1.504699544833333,0.306061264302968,0.32138058994596574
1.5048995448333333,0.30339460063400725,0.3210355145129351
1.5050995448333335,0.30179454863171334,0.3206853054364659
1.5052995448333333,0.3045943457960862,0.320329961830233
1.5054995448333337,0.30432757462712534,0.31996948301894923
1.5056995448333332,0.3004609509581649,0.3196038685393628
1.5058995448333337,0.3008608164558711,0.319233118141228
1.5060995448333334,0.2991274669535771,0.31885723178827613
1.5062995448333338,0.2991273620346162,0.31847620965913587
1.506499544833333,0.300460512948989,0.31809005214826747
1.5066995448333336,0.2961939326133618,0.3176987598668427
1.5068995448333327,0.29859373061106786,0.31730233364364036
1.5070995448333337,0.30206015194210706,0.31690077452588
1.507299544833333,0.2967269303564799,0.31649408378008714
1.5074995448333335,0.2969934758541857,0.31608226289287555
1.507699544833333,0.2952600988518919,0.31566531357177496
1.5078995448333334,0.29632662226626455,0.3152432377459791
1.5080995448333332,0.29539321984730404,0.31481603756712023
1.5082995448333334,0.2948597795116765,0.31438371540998705
1.5084995448333336,0.2925931187593829,0.31394627387325186
1.5086995448333334,0.29565956009042205,0.3135037157801538
1.5088995448333338,0.2944595005881282,0.3130560441791716
1.5090995448333333,0.2925927840025008,0.31260326234468394
1.5092995448333337,0.2944592699168737,0.31214537377758333
1.509499544833333,0.294859162497913,0.3116823822059082
1.5096995448333335,0.29005927466228576,0.3112142915854073
1.5098995448333328,0.2915257539099918,0.3107411061001338
1.5100995448333336,0.28979237649103123,0.31026283016296763
1.5102995448333332,0.2903255561554039,0.3097794684161672
1.5104995448333336,0.28939218790311,0.30929102573185224
1.510699544833333,0.28925875506748255,0.30879750721251226
1.5108995448333333,0.2887253305651886,0.3082989181914459
1.5110995448333333,0.2891251918962282,0.30779526423322945
1.5112995448333333,0.28845849906060084,0.3072865511341234
1.5114995448333337,0.2869917245583069,0.30677278492247656
1.5116995448333332,0.2873916563060129,0.3062539718591211
1.5118995448333337,0.28779151930371893,0.3057301184377075
1.5120995448333332,0.2848581864680916,0.30520123138507355
1.5122995448333336,0.2848580369657975,0.30466731766153443
1.512499544833333,0.2840579987135036,0.3041283844612099
1.5126995448333336,0.2836579237945431,0.3035844392122701
1.5128995448333329,0.2829911947089158,0.30303548957722437
1.5130995448333338,0.2839243543732886,0.3024815434531255
1.513299544833333,0.2813910232043278,0.3019226089718158
1.5134995448333335,0.28272422286870064,0.30135869450008895
1.513699544833333,0.28045751378307326,0.30078980863989324
1.5138995448333334,0.28152400594744614,0.3002159602284591
1.5140995448333334,0.274724201445152,0.299637158338451
1.5142995448333334,0.2788572611095246,0.29905341227806526
1.5144995448333338,0.27459065035723085,0.2984647315911236
1.5146995448333334,0.2775237783549368,0.29787112605715144
1.5148995448333338,0.27739031926930974,0.2972726056914105
1.5150995448333333,0.274190363100349,0.2966691807449447
1.5152995448333337,0.27619016651472156,0.2960608617045725
1.515499544833333,0.27659005326242775,0.2954476592928926
1.5156995448333337,0.2739233725101338,0.2948295844682245
1.5158995448333328,0.2713900655078398,0.29420664842459054
1.5160995448333336,0.2741898093388792,0.293578862591599
1.516299544833333,0.27312311066991846,0.292946238634397
1.5164995448333336,0.27325632616762446,0.29230878845350566
1.5166995448333331,0.27258956583199734,0.29166652418473304
1.5168995448333333,0.26965625424636996,0.2910194581989763
1.5170995448333333,0.26885617641074266,0.29036760310207615
1.5172995448333333,0.2707226444084489,0.2897109717346056
1.5174995448333337,0.26885594657282147,0.289049577171655
1.5176995448333332,0.2675225883205275,0.2883834327226042
1.517899544833334,0.26885572631823357,0.28771255193084705
1.5180995448333334,0.26672237973260626,0.28703694857354145
1.5182995448333334,0.26458904731364563,0.2863566366612832
1.5184995448333332,0.26485560281135173,0.2856716304378109
1.5186995448333338,0.26552214830905785,0.2849819443796577
1.5188995448333327,0.263255457140097,0.2842875931958061
1.5190995448333338,0.26392194680446995,0.28358859182728274
1.519299544833333,0.26312191980217586,0.28288495544680997
1.5194995448333337,0.2633884494665486,0.2821766994583327
1.519699544833333,0.26552160746425474,0.2814638394966381
1.5198995448333334,0.260721670045294,0.28074639142684904
1.5200995448333332,0.26032156429299996,0.28002437134399005
1.5202995448333332,0.26125478812403935,0.27929779557246137
1.5204995448333336,0.2565881865384119,0.27856668066554563
1.5206995448333334,0.2561881095361181,0.277831043404865
1.5208995448333338,0.2577879450338243,0.2770909007998232
1.5210995448333333,0.2573878426148636,0.27634627008704793
1.5212995448333335,0.25658777061256993,0.2755971687297746
1.5214995448333333,0.2580543086102759,0.27484361441726424
1.5216995448333337,0.2521877478579816,0.2740856250641462
1.5218995448333328,0.25512085793902106,0.2733232188097931
1.5220995448333337,0.24952094302006053,0.2725564140176191
1.522299544833333,0.25245407601776654,0.2717852292744408
1.5224995448333336,0.2513873360988059,0.2710096833897131
1.522699544833333,0.2501872949298455,0.270229795394858
1.5228995448333333,0.24898724584421797,0.2694455845424743
1.523099544833333,0.24858714759192416,0.2686570703056123
1.5232995448333333,0.2481870543396302,0.2678642723769642
1.5234995448333333,0.2451204102540028,0.2670672106680811
1.5236995448333335,0.24565361200170907,0.2662659053085443
1.5238995448333337,0.24552018041608165,0.2654603766451335
1.5240995448333334,0.24392013591378756,0.2646506452409706
1.5242995448333336,0.2419201043281604,0.2638367318746373
1.5244995448333332,0.2440532381591997,0.26301865753930137
1.5246995448333338,0.24471978282357248,0.26219644344177717
1.5248995448333327,0.23991990165461174,0.26137011100163693
1.5250995448333338,0.2383198463189848,0.2605396818502114
1.5252995448333329,0.24165293181669062,0.25970517782968944
1.5254995448333337,0.23845296439772998,0.2588666209920676
1.5256995448333328,0.24125276114543606,0.2580240335982134
1.5258995448333335,0.23591951080980897,0.2571774381167884
1.526099544833333,0.23765267255751474,0.2563268572232661
1.5262995448333334,0.2369859351385542,0.2554723137988324
1.5264995448333334,0.23218602521959358,0.2546138309293538
1.5266995448333334,0.23151925030063286,0.2537514319042578
1.5268995448333338,0.23605231038167254,0.25288514021544384
1.5270995448333333,0.23191904087937842,0.2520149795561642
1.5272995448333337,0.2316522809604179,0.25114097381986306
1.5274995448333333,0.22991890979145718,0.2502631470990483
1.5276995448333337,0.22818555612249655,0.24938152368408642
1.5278995448333328,0.23138531287020253,0.24849612806204519
1.5280995448333339,0.2256520871179086,0.24760698491544128
1.5282995448333327,0.225518667198948,0.24671411912108018
1.5284995448333336,0.22725179311332058,0.2458175557487315
1.528699544833333,0.22538512944436018,0.2449173200599591
1.5288995448333336,0.22445173994206605,0.244013437506768
1.5290995448333329,0.22285165460643871,0.2431059337303786
1.5292995448333333,0.2224516021874784,0.24219483455986626
1.5294995448333333,0.22098487393518426,0.24128016601088154
1.5296995448333335,0.22365131734955704,0.24036195428427787
1.5298995448333337,0.2191180574305962,0.23944022576477994
1.5300995448333332,0.218451299594969,0.2385150070196005
1.5302995448333339,0.21938450175934177,0.23758632479704478
1.5304995448333332,0.21818445267371456,0.23665420602514034
1.5306995448333338,0.21685104358808724,0.23571867781017142
1.530899544833333,0.21391774158579321,0.23477976743529438
1.5310995448333338,0.2151175691668326,0.23383750235903714
1.5312995448333326,0.21325087216453859,0.23289191021389966
1.5314995448333337,0.21298410641224455,0.23194301880478882
1.5316995448333328,0.21245069315995074,0.23099085610761977
1.5318995448333335,0.2108506399076567,0.23003545026772046
1.5320995448333328,0.20871731332202947,0.22907682959836875
1.5322995448333332,0.2095171825697356,0.22811502257920732
1.5324995448333332,0.20485055973410826,0.2271500578547282
1.5326995448333334,0.20618375189848093,0.2261819642326758
1.5328995448333336,0.2067169657295203,0.22521077068247833
1.5330995448333333,0.2056502262272264,0.22423650633364722
1.5332995448333337,0.20618345214159917,0.22325920047415654
1.5334995448333333,0.20578333472263866,0.22227888254883965
1.533699544833334,0.20298336355367794,0.22129558215771244
1.533899544833333,0.2007166486347174,0.22030932905437198
1.5340995448333337,0.2025831407990901,0.21932015314426495
1.5342995448333328,0.19964982129679615,0.21832808448307736
1.5344995448333338,0.19858309887783543,0.21733315327496364
1.534699544833333,0.20004961312554154,0.21633538987092088
1.5348995448333336,0.1960496377899144,0.21533482476698648
1.5350995448333329,0.19644952828762047,0.21433148860257492
1.5352995448333333,0.19818268670199315,0.21332541215867215
1.5354995448333333,0.19404940678303242,0.21231662635612117
1.5356995448333333,0.1925827076974052,0.21130516225381885
1.5358995448333337,0.19418253194511131,0.21029105104694515
1.5360995448333334,0.19071589244281717,0.2092743240651634
1.5362995448333339,0.19098242794052334,0.20825501277079522
1.5364995448333332,0.18924904760489603,0.20723314875703028
1.5366995448333338,0.1893822985192689,0.20620876374605018
1.536899544833333,0.18578232901697486,0.20518188958722428
1.5370995448333336,0.18498223743134756,0.20415255825520406
1.5372995448333326,0.18431549626238694,0.20312080184810966
1.5374995448333337,0.18604866134342632,0.20208665258558248
1.537699544833333,0.1865818585077989,0.20105014280696637
1.5378995448333335,0.18458186567217177,0.20001130496932557
1.538099544833333,0.18084855700321115,0.19897017164559502
1.5382995448333332,0.18244837708425043,0.19792677552260898
1.5384995448333334,0.17471525466528992,0.19688114939919227
1.5386995448333334,0.17738170766299588,0.19583332618419777
1.5388995448333338,0.17831488982736857,0.19478333889454424
1.5390995448333333,0.17244835907507455,0.19373122065326764
1.539299544833334,0.17498147582278073,0.1926770046875108
1.5394995448333333,0.17324812048715332,0.1916207243265747
1.5396995448333337,0.17284801806819278,0.19056241299987142
1.539899544833333,0.16991469148256536,0.18950210423496494
1.5400995448333337,0.17044790906360485,0.18843983165550357
1.5402995448333328,0.1685812220613107,0.187375628979245
1.5404995448333338,0.1692477304756836,0.18630953001595624
1.540699544833333,0.16711437014005628,0.18524156866544217
1.5408995448333336,0.16524770980442896,0.18417177891540923
1.5410995448333331,0.16391431446880173,0.1831001948394736
1.541299544833333,0.16311419746650774,0.18202685059503884
1.541499544833333,0.1629808004642137,0.18095178042123577
1.5416995448333333,0.16111410096191986,0.17987501863683034
1.5418995448333337,0.15991405145962595,0.17879659963812503
1.5420995448333334,0.15938063362399854,0.1777165578968574
1.5422995448333339,0.1565806307883713,0.17663492795806873
1.5424995448333334,0.15871377045274399,0.17555174443801713
1.5426995448333338,0.15791370636711677,0.17446704202200067
1.5428995448333331,0.15338044936482273,0.1733808554622793
1.5430995448333338,0.15071376902919542,0.17229321957586707
1.5432995448333326,0.1503136857769015,0.17120416924245607
1.5434995448333337,0.15258015710794098,0.1701137394021728
1.543699544833333,0.15284669677231366,0.16902196505350986
1.5438995448333335,0.15071334060335304,0.16792888125107008
1.544099544833333,0.147246723601059,0.16683452310345337
1.5442995448333332,0.1465799707654318,0.1657389257710348
1.5444995448333332,0.1484464441798045,0.16464212446380158
1.5446995448333332,0.14431319134417714,0.16354415443914616
1.5448995448333336,0.14137984767521664,0.1624450509996664
1.5450995448333333,0.14324636025625592,0.16134484949097777
1.545299544833334,0.141113000753962,0.16024358529947688
1.5454995448333335,0.14031290916833478,0.15914129385016124
1.5456995448333337,0.13897952216604084,0.1580380106043711
1.5458995448333333,0.1379127676637469,0.15693377105760323
1.5460995448333337,0.1343128177447862,0.15582861073724885
1.5462995448333328,0.13711258282582559,0.15472256520040434
1.5464995448333336,0.13777915374019825,0.153615670031573
1.546699544833333,0.13457916007123763,0.1525079608405023
1.5468995448333336,0.1345790443189437,0.1513994732598646
1.547099544833333,0.1303124510666498,0.15029024294307697
1.5472995448333333,0.13084566281435578,0.14918030556199188
1.547499544833333,0.13004556414539525,0.14806969680469656
1.5476995448333333,0.12684562672643454,0.1469584523732178
1.5478995448333335,0.12804545014080732,0.14584660798128857
1.5480995448333335,0.1257787464718467,0.1447341993520777
1.5482995448333339,0.12471202488621927,0.14362126221592336
1.5484995448333334,0.12444526246725876,0.14250783230808495
1.5486995448333338,0.12217859004829812,0.14139394536644678
1.5488995448333331,0.1224451426293375,0.1402796371292937
1.549099544833334,0.1212450789603769,0.13916494333298846
1.5492995448333329,0.11844510195808296,0.13804989970976259
1.5494995448333337,0.11684505578912234,0.13693454198537422
1.5496995448333326,0.11577829837016172,0.1358189058769179
1.5498995448333337,0.11604487261786779,0.1347030270904633
1.5500995448333328,0.11444481644890718,0.1335869413188754
1.5502995448333334,0.10951156694661326,0.13247068423944972
1.550499544833333,0.11337798911098593,0.1313542915117245
1.5506995448333334,0.11097797252535861,0.13023779877513508
1.5508995448333334,0.1085779721897313,0.12912124164679917
1.5510995448333336,0.10951115810410407,0.12800465571921033
1.5512995448333338,0.10724447485181006,0.12688807655798495
1.5514995448333333,0.10644439784951623,0.12577153969959173
1.551699544833334,0.10444438376388891,0.12465508064906806
1.5518995448333333,0.10257764676159489,0.12353873487779138
1.5520995448333337,0.10231091225930097,0.12242253782116376
1.5522995448333328,0.10257745734034034,0.12130652487640964
1.5524995448333339,0.09951078283804643,0.12019073140025067
1.5526995448333327,0.09831073875241911,0.11907519270672356
1.5528995448333336,0.09711067925012518,0.11795994406484263
1.5530995448333327,0.09751057474783116,0.11684502069643582
1.5532995448333335,0.09377726024553724,0.11573045777381188
1.5534995448333329,0.09657704824324331,0.11461629041759698
1.5536995448333333,0.0928437549909493,0.11350255369441557
1.5538995448333333,0.09191034340532209,0.11238928261472227
1.5540995448333335,0.09297688223636147,0.11127651213052075
1.5542995448333337,0.09004354565073414,0.11016427713315732
1.5544995448333334,0.08724355989844011,0.10905261245109793
1.5546995448333338,0.09030999747947949,0.10794155284768484
1.5548995448333331,0.08377680422718557,0.1068311330189651
1.5550995448333338,0.08391003430822495,0.10572138759142251
1.5552995448333329,0.08550987230593102,0.10461235111984521
1.5554995448333337,0.080309970303637,0.10350405808504574
1.5556995448333328,0.08430970413467649,0.10239654289175353
1.5558995448333337,0.08084307088238246,0.10128983986634528
1.5560995448333328,0.07737641179675524,0.10018398325474265
1.5562995448333334,0.07630970812779463,0.09907900722016656
1.556499544833333,0.07884282987550059,0.09797494584103385
1.5566995448333334,0.07377623412320668,0.0968718331087384
1.5568995448333334,0.07564274462091276,0.0957697029255514
1.5570995448333333,0.07617595220195203,0.09466858910243786
1.5572995448333338,0.07190934644965821,0.09356852535692696
1.5574995448333333,0.0717759165306975,0.09246954531100417
1.5576995448333337,0.07324242369507017,0.09137168248894467
1.5578995448333333,0.06750919794277625,0.0902749703152491
1.558099544833334,0.06950900469048232,0.08917944211249128
1.558299544833333,0.06604236977152161,0.088085131099269
1.5584995448333336,0.06604227276922779,0.086992070388058
1.5586995448333327,0.06364226493360048,0.08590029298319768
1.5588995448333338,0.06190889334797314,0.08480983177875626
1.559099544833333,0.06270874176234592,0.08372071955653665
1.5592995448333336,0.06217534809338521,0.08263298898395532
1.5594995448333329,0.05977532400775798,0.08154667261207105
1.5596995448333333,0.06017519742213076,0.08046180287349271
1.5598995448333333,0.05804185916983674,0.079378412080409
1.5600995448333335,0.057641755917542815,0.0782965324225466
1.5602995448333337,0.054175095998582196,0.07721619596518088
1.5604995448333332,0.05404169107962148,0.07613743464716279
1.5606995448333338,0.051775015743994256,0.07506028027890711
1.5608995448333332,0.051774904158366934,0.07398476454047519
1.5610995448333338,0.05377471048940631,0.0729109189795643
1.561299544833333,0.05110802515377899,0.07183877500962908
1.5614995448333338,0.04964133898481847,0.07076836390788951
1.5616995448333328,0.04964123448252445,0.0696997168134733
1.5618995448333337,0.048841142480230526,0.06863286472544856
1.562099544833333,0.04150801797793661,0.06756783850099497
1.5622995448333334,0.043507820142309285,0.066504668853468
1.562499544833333,0.044441016056681965,0.06544338635057588
1.5626995448333334,0.042307662387721344,0.06438402141249251
1.5628995448333334,0.04124092496876072,0.06332660431004697
1.5630995448333334,0.041507465883133504,0.0622711651628709
1.5632995448333336,0.03764084221417288,0.0612177339376027
1.5634995448333333,0.03950734021187886,0.06016634044608782
1.563699544833334,0.03764064154291824,0.05911701434358157
1.5638995448333333,0.03617392245729092,0.05806978512700271
1.5640995448333337,0.036440482121663696,0.05702468213314602
1.5642995448333332,0.03750699220270307,0.05598173453697733
1.5644995448333336,0.032573743117075754,0.054940971349875675
1.5646995448333327,0.03044039694811513,0.05390242141795143
1.5648995448333336,0.03044029494582121,0.052866113420313166
1.5650995448333331,0.02964022377686059,0.0518320758674413
1.5652995448333336,0.030440080941233266,0.05080033709946995
1.565499544833333,0.027373423522272646,0.049770925284582
1.5656995448333333,0.02670667318664542,0.0487438684173331
1.5658995448333333,0.0249732986843514,0.047719194317083165
1.5660995448333332,0.026706465015390785,0.04669693062636114
1.5662995448333337,0.02150657759643016,0.045677104809294135
1.5664995448333334,0.024839666010802938,0.04465974415004712
1.5666995448333338,0.021106354425175618,0.04364487575125736
1.5668995448333334,0.021506247422881694,0.04263252653252296
1.5670995448333338,0.019639538337254375,0.04162272322885625
1.5672995448333331,0.019372791751627053,0.04061549238922652
1.5674995448333338,0.015506150582666432,0.03961086037503365
1.5676995448333328,0.01710599858037251,0.03860885335869484
1.5678995448333337,0.01630591949474519,0.03760949732214191
1.568099544833333,0.01297260874245137,0.03661281805545661
1.5682995448333334,0.011372569240157348,0.035618841155403126
1.5684995448333332,0.013505713071196726,0.0346275920240828
1.5686995448333332,0.009372440652236105,0.03363909586752564
1.5688995448333334,0.010572287816608884,0.032653377694364424
1.5690995448333334,0.009638879147648261,0.03167046231448161
1.5692995448333336,0.0077721733953543416,0.030690374337696957
1.5694995448333335,0.00977199055972702,0.029713138172478643
1.569699544833334,0.006172025224099698,0.02873877802464495
1.5698995448333333,0.004971971138472479,0.02776731789613154
1.5700995448333337,0.004571905802845156,0.026798781583717082
1.5702995448333332,0.006038388383884536,0.02583319267784197
1.5704995448333336,0.002038443881590614,0.024870574561369027
1.5706995448333327,0.0039049339626298935,0.023910950408438793
1.5708995448333338,0.002038234043669372,0.022954343183262504
1.571099544833333,0.0003048657913753503,0.02200077563904197
1.5712995448333336,0.0013713662890814295,0.021050270316776473
1.5714995448333333,-0.002628580296545894,0.02010284954422627
1.5716995448333333,-0.001295390215506514,0.019158535434785583
1.5718995448333333,-0.003962056801133736,0.01821734988644489
1.5720995448333333,-0.004762144220094456,0.0172793145807442
1.5722995448333335,-0.006762159972388375,0.016344450981748054
1.5724995448333334,-0.004762356141348999,0.0154127803350609
1.5726995448333339,-0.005695746476976321,0.014484323666829786
1.5728995448333334,-0.009962350145936941,0.013559101782806548
1.5730995448333336,-0.009695800481564163,0.012637135267387346
1.5732995448333333,-0.008495956650524786,0.011718444482723129
1.5734995448333335,-0.012762562402818804,0.010803049567803192
1.5736995448333329,-0.010762748571779427,0.009890970437602347
1.5738995448333337,-0.010896188490740045,0.008982226782196935
1.5740995448333328,-0.01489612174303397,0.008076838065986879
1.5742995448333337,-0.01329629124532789,0.007174823526818857
1.574499544833333,-0.016096276580955207,0.006276202175269157
1.5746995448333334,-0.015696410666582533,0.005380992793812793
1.5748995448333332,-0.018229757252209752,0.0044892139361308765
1.5750995448333334,-0.01742987050450378,0.003600883926349047
1.5752995448333336,-0.017429994590130993,0.00271602085836672
1.5754995448333335,-0.018496727842425016,0.0018346425951565528
1.5756995448333337,-0.02049673567805224,0.0009567667681155671
1.5758995448333333,-0.021963459347012854,8.24107764339986e-05
1.5760995448333337,-0.023830187182640183,-0.0007884082135345424
1.5762995448333332,-0.022763657518267505,-0.0016556732688387493
1.5764995448333337,-0.024363687020561423,-0.00251936769052921
1.5766995448333327,-0.025963737772855343,-0.003379475014173093
1.5768995448333336,-0.028363767275149367,-0.004235979010419737
1.5770995448333327,-0.023830680110776582,-0.005088863685452306
1.5772995448333336,-0.02769732544640391,-0.00593811328152817
1.577499544833333,-0.027164107448697832,-0.006783712277374582
1.5776995448333335,-0.02956410570099175,-0.007625645388685339
1.577899544833333,-0.028630941036619076,-0.008463897568485416
1.5780995448333335,-0.029697663455579695,-0.009298454007563328
1.5782995448333335,-0.03143104004120701,-0.010129300134804429
1.5784995448333334,-0.034897677043500934,-0.010956421617562795
1.5786995448333336,-0.033697816545794956,-0.011779804361982314
1.5788995448333334,-0.034231245214755575,-0.012599434513288746
1.5790995448333338,-0.0354313047170495,-0.013415298456085249
1.5792995448333331,-0.035698046302676825,-0.01422738281459067
1.5794995448333335,-0.03569815455497074,-0.015035674452903117
1.5796995448333329,-0.036498234890598065,-0.015840160475178163
1.5798995448333337,-0.04169813272622529,-0.016640828225861805
1.5800995448333328,-0.040764943478519305,-0.01743766528980797
1.5802995448333337,-0.03876513714747993,-0.018230659492480514
1.580499544833333,-0.03676532039977384,-0.019019798900026877
1.5806995448333336,-0.04049860323540107,-0.01980507181942448
1.580899544833333,-0.042498628154361694,-0.020586466798517798
1.5810995448333334,-0.043698687239989015,-0.02136397262611705
1.5812995448333336,-0.04343213215894963,-0.02213757833199986
1.5814995448333333,-0.04463221249457695,-0.022907273186939407
1.5816995448333335,-0.04489896908020427,-0.02367304670270048
1.5818995448333333,-0.044632384832498095,-0.024434888631995593
1.5820995448333337,-0.04916568183479212,-0.025192788968447094
1.5822995448333332,-0.04969910133708604,-0.025946737946488774
1.5824995448333337,-0.04943256500604676,-0.026696726041300422
1.582699544833333,-0.047966057425007286,-0.027442743968653167
1.5828995448333334,-0.048899429010634606,-0.028184782684808646
1.5830995448333327,-0.050366166846261926,-0.028922833386314947
1.5832995448333338,-0.05023293718188915,-0.029656887509862697
1.583499544833333,-0.055166186267516466,-0.030386936732035047
1.5836995448333335,-0.05249973785314378,-0.03111297296912795
1.583899544833333,-0.05383311735543771,-0.031834988376859406
1.5840995448333333,-0.05463318977439833,-0.032552975350129194
1.5842995448333335,-0.05543326969335895,-0.033266926522707775
1.5844995448333332,-0.05716663294565287,-0.03397683476692663
1.5846995448333336,-0.0566334391146135,-0.034682693193357664
1.5848995448333332,-0.05503361361690752,-0.03538449515043403
1.5850995448333336,-0.05476702853586804,-0.036082234224094935
1.5852995448333331,-0.05383386012149536,-0.03677590423737394
1.5854995448333336,-0.05916709837378928,-0.03746549924998942
1.585699544833333,-0.0606337937094166,-0.038151013557892494
1.5858995448333335,-0.05916729487837722,-0.03883244169282606
1.5860995448333328,-0.06063400229733784,-0.0395097784218202
1.5862995448333337,-0.06276736596629846,-0.04018301874671882
1.586499544833333,-0.061967485885259084,-0.04085215790362288
1.5866995448333336,-0.06156763788755301,-0.04151719136238785
1.5868995448333332,-0.06450094030651363,-0.04217811482602302
1.5870995448333334,-0.06423439355880764,-0.042834924230141076
1.5872995448333336,-0.06770103139443487,-0.04348761574233373
1.5874995448333333,-0.0686344196467289,-0.04413618576155753
1.5876995448333335,-0.0682345633156895,-0.04478063091749593
1.5878995448333333,-0.06596807365131674,-0.045420948069886884
1.5880995448333337,-0.06636816648694405,-0.04605713430785418
1.5882995448333332,-0.06810154098923799,-0.04668918694919108
1.5884995448333334,-0.0718348221581986,-0.047317103539660385
1.588699544833333,-0.07290155916049262,-0.04794088185223193
1.5888995448333336,-0.07130172282945324,-0.04856051988635065
1.589099544833333,-0.07263512483174717,-0.04917601586713037
1.5892995448333336,-0.07023529808404118,-0.04978736824458691
1.5894995448333331,-0.0726353171696684,-0.05039457569279862
1.5896995448333335,-0.07396873292196234,-0.05099763710909492
1.5898995448333333,-0.07516877659092294,-0.05159655161318782
1.5900995448333333,-0.07476890734321696,-0.05219131854631337
1.5902995448333335,-0.0774355810121775,-0.05278193747034063
1.5904995448333332,-0.07623571801447161,-0.053368408166864334
1.5906995448333336,-0.07916904168343213,-0.05395073063628932
1.5908995448333334,-0.07823583868572606,-0.05452890509687792
1.5910995448333338,-0.07890259318802008,-0.055102931983806766
1.5912995448333331,-0.08063597644031399,-0.05567281194817506
1.5914995448333336,-0.08050274427594133,-0.05623854585603246
1.5916995448333329,-0.07890289169490183,-0.05680013478734523
1.5918995448333337,-0.08130290703052925,-0.05735758003499998
1.5920995448333328,-0.08170300069948988,-0.0579108831037247
1.5922995448333337,-0.0814364660351172,-0.05846004570906946
1.5924995448333332,-0.08210320470407771,-0.05900506977629371
1.5926995448333336,-0.08530318628970494,-0.05954595743930866
1.5928995448333332,-0.08530330829199907,-0.06008271103953986
1.5930995448333332,-0.08610336237762628,-0.060615333124828155
1.5932995448333334,-0.08597013354658692,-0.06114382644827879
1.5934995448333333,-0.08877012596554754,-0.06166819396710484
1.5936995448333335,-0.09050351046784144,-0.06218843884146989
1.5938995448333335,-0.09103693163680207,-0.0627045644332914
1.594099544833334,-0.0914370228057627,-0.06321657430505269
1.5942995448333332,-0.09117044564139001,-0.06372447221857515
1.5944995448333334,-0.08717072889368394,-0.06422826213381018
1.594699544833333,-0.09010403964597785,-0.06472794820757402
1.5948995448333334,-0.09077078873160517,-0.06522353479231188
1.5950995448333327,-0.0911708899005658,-0.06571502643480841
1.5952995448333338,-0.09343758190285982,-0.0662024278749267
1.5954995448333331,-0.09570426848848704,-0.06668574404427988
1.5956995448333335,-0.09437107090744767,-0.06716498006495396
1.5958995448333333,-0.09650442665974168,-0.067640141248156
1.5960995448333333,-0.0966378499120356,-0.06811123309289467
1.5962995448333335,-0.09557133358099623,-0.06857826128462279
1.5964995448333332,-0.09743803808329025,-0.06904123169387526
1.5966995448333337,-0.09863810675225086,-0.06950015037489982
1.5968995448333336,-0.09930486750454479,-0.06995502356426234
1.5970995448333338,-0.09677171117350541,-0.07040585767945659
1.5972995448333334,-0.09783844359246603,-0.07085265931748705
1.5974995448333333,-0.09943849476142666,-0.0712954352534534
1.597699544833333,-0.10037190801372058,-0.07173419243911396
1.5978995448333335,-0.10290523793268119,-0.07216893800144197
1.5980995448333328,-0.10357197118497513,-0.0725996792411687
1.5982995448333337,-0.09983887527060244,-0.07302642363132815
1.598499544833333,-0.10357217977289646,-0.0734491788157614
1.5986995448333337,-0.10117238594185707,-0.0738679526076555
1.5988995448333332,-0.1033057458608177,-0.07428275298802131
1.5990995448333334,-0.10423915411311162,-0.07469358810421173
1.5992995448333334,-0.10663915694873885,-0.07510046626838814
1.5994995448333333,-0.10690591978436617,-0.07550339595600278
1.5996995448333335,-0.10703935178666019,-0.07590238580426698
1.5998995448333333,-0.1063728046222874,-0.07629744461060106
1.6000995448333335,-0.10823952745791464,-0.07668858133109215
1.6002995448333333,-0.10783964112687534,-0.07707580507892228
1.6004995448333335,-0.10730643104583597,-0.07745912512281211
1.600699544833333,-0.1095731042981299,-0.077838550885433
1.6008995448333334,-0.11130648630042381,-0.07821409194183412
1.601099544833333,-0.10864001621938453,-0.07858575801783767
1.6012995448333336,-0.11090670780501176,-0.07895355898845473
1.6014995448333327,-0.11543997189063906,-0.07931750487625908
1.6016995448333338,-0.1123735251429331,-0.07967760584979897
1.601899544833333,-0.11237363464522702,-0.08003387222194736
1.6020995448333335,-0.11064047331418764,-0.08038631444830455
1.6022995448333333,-0.11077390656648146,-0.08073494312554115
1.6024995448333332,-0.11224062106877548,-0.0810797689897734
1.6026995448333334,-0.11397399098773611,-0.08142080291491421
1.6028995448333334,-0.11304082507336342,-0.08175805591101999
1.6030995448333334,-0.11584080415899074,-0.0820915391226384
1.6032995448333334,-0.11464095574461797,-0.08242126382714549
1.6034995448333336,-0.11544103233024529,-0.08274724143307893
1.603699544833333,-0.1146411580825392,-0.08306948347846806
1.6038995448333333,-0.11477461050149984,-0.08338800162916095
1.604099544833333,-0.11357473375379375,-0.08370280767713828
1.6042995448333337,-0.1165080599227545,-0.08401391353883944
1.6044995448333328,-0.117574811091715,-0.08432133125345978
1.6046995448333337,-0.1195748422606757,-0.0846250729812818
1.604899544833333,-0.11357516509630296,-0.08492515100195441
1.6050995448333336,-0.11944168459859686,-0.08522157771282049
1.6052995448333331,-0.11677523743422429,-0.08551436562719486
1.6054995448333333,-0.12077521735318482,-0.08580352737267627
1.6056995448333335,-0.11984199977214552,-0.08608907568943314
1.6058995448333333,-0.11957547844110604,-0.08637102342849708
1.6060995448333335,-0.11610901836006665,-0.08664938355005533
1.6062995448333333,-0.1197089903623606,-0.08692416912173379
1.6064995448333337,-0.12037574569798802,-0.08719539331689004
1.606699544833333,-0.11850927395028193,-0.08746306941288717
1.6068995448333334,-0.11970932136924245,-0.08772721078939155
1.607099544833333,-0.12117604878820316,-0.08798783092664293
1.6072995448333334,-0.12090949620716368,-0.08824494340374485
1.607499544833333,-0.11957627362612441,-0.0884985618969387
1.6076995448333338,-0.12237629271175164,-0.0887487001778929
1.607899544833333,-0.12264305013071225,-0.08899537211197335
1.6080995448333337,-0.1230431717163395,-0.08923859165653661
1.6082995448333333,-0.1247765228853001,-0.08947837285919849
1.6084995448333335,-0.11784355822092751,-0.08971472985612719
1.6086995448333334,-0.12211017355655474,-0.08994767687031613
1.6088995448333332,-0.12291022889218196,-0.09017722820987327
1.6090995448333336,-0.12291035756114269,-0.09040339826630457
1.6092995448333334,-0.12264382331343662,-0.09062620151279734
1.6094995448333336,-0.12531047198239714,-0.09084565250251025
1.609699544833333,-0.12237734856802443,-0.09106176586686117
1.6098995448333338,-0.12211078390365177,-0.09127455631381946
1.6100995448333328,-0.12384416007261238,-0.09148403862619536
1.6102995448333335,-0.1251775370749063,-0.09169022765994407
1.610499544833333,-0.12251110324386683,-0.09189313834245179
1.6106995448333337,-0.12584440857949436,-0.09209278567084919
1.6108995448333332,-0.12557785016512157,-0.09228918471030484
1.6110995448333334,-0.1295777959174155,-0.09248235059234002
1.6112995448333332,-0.12624471125304282,-0.09267229851313404
1.6114995448333334,-0.12717808450533674,-0.09285904373184206
1.6116995448333336,-0.12824484442429746,-0.09304260156890977
1.6118995448333333,-0.127311666843258,-0.09322298740439584
1.6120995448333337,-0.1241118730122186,-0.09340021667630014
1.6122995448333333,-0.12704519709784592,-0.0935743048788894
1.6124995448333337,-0.12624535535013992,-0.0937452675610374
1.6126995448333332,-0.12437885318576705,-0.09391312032455816
1.6128995448333336,-0.12637886977139448,-0.09407787882255671
1.613099544833333,-0.1285122351070217,-0.09423955875777129
1.6132995448333336,-0.12664575169264894,-0.0943981758809366
1.613499544833333,-0.13277893286160955,-0.09455374598913316
1.6136995448333336,-0.12717925694723697,-0.09470628492416415
1.613899544833333,-0.1279793406161976,-0.09485580857091651
1.6140995448333335,-0.12864608470182481,-0.0950023328557472
1.6142995448333333,-0.12997946212078543,-0.09514587374485892
1.6144995448333332,-0.13251280953974595,-0.09528644724269611
1.6146995448333334,-0.13024632987537338,-0.0954240693903376
1.6148995448333334,-0.1302464518776673,-0.09555875626390044
1.6150995448333336,-0.12771330804662792,-0.09569052397295058
1.6152995448333334,-0.12838002546558866,-0.09581938865891779
1.6154995448333338,-0.13144669205121579,-0.09594536649352176
1.6156995448333333,-0.1291802411368431,-0.09606847367720092
1.6158995448333335,-0.13011360480580372,-0.09618872643755388
1.616099544833333,-0.129980371391431,-0.09630614102778236
1.6162995448333337,-0.13051382464372485,-0.0964207337251492
1.6164995448333328,-0.12971395081268558,-0.09653252082943545
1.6166995448333337,-0.1306473682316462,-0.09664151866141739
1.6168995448333332,-0.12771424315060692,-0.0967477435613364
1.6170995448333336,-0.13291416056956745,-0.09685121188739383
1.6172995448333334,-0.13438085715519474,-0.09695194001424068
1.6174995448333334,-0.13038110749082196,-0.09704994433148487
1.6176995448333333,-0.13344777782644932,-0.09714524124220215
1.6178995448333333,-0.1323812577454099,-0.09723784716145922
1.6180995448333335,-0.13118141308103723,-0.09732777851484391
1.6182995448333335,-0.13464803883333107,-0.09741505173700563
1.618499544833334,-0.13491481916895848,-0.09749968327020545
1.6186995448333332,-0.13211504700458582,-0.0975816895628738
1.6188995448333334,-0.13038185817354633,-0.09766108706818173
1.619099544833333,-0.13238188434250703,-0.09773789224261649
1.6192995448333336,-0.13384859384480097,-0.09781212154457324
1.619499544833333,-0.1291822208470949,-0.09788379143294966
1.6196995448333336,-0.1321155420160556,-0.09795291836575935
1.6198995448333333,-0.13064905610168284,-0.09801951879874622
1.6200995448333335,-0.13131579227064336,-0.09808360918401753
1.6202995448333333,-0.13558238135627065,-0.09814520596868119
1.6204995448333332,-0.1295827171085647,-0.0982043255934981
1.6206995448333334,-0.13398264786085862,-0.09826098449154247
1.6208995448333332,-0.13278281402981942,-0.0983151990868742
1.6210995448333336,-0.12878305894877995,-0.09836698579322224
1.6212995448333336,-0.1318497430344072,-0.09841636101267827
1.6214995448333336,-0.1327831033700344,-0.09846334113440312
1.6216995448333333,-0.13184991578899521,-0.09850794253334216
1.6218995448333333,-0.12998345195795566,-0.09855018156895427
1.622099544833333,-0.13078353104358295,-0.09859007458395112
1.6222995448333335,-0.13238356762921027,-0.0986276379030482
1.622499544833333,-0.13185035754817093,-0.09866288783172766
1.6226995448333337,-0.13331707371713153,-0.09869584065501297
1.622899544833333,-0.13038397530275886,-0.09872651263625497
1.6230995448333336,-0.1311840139717194,-0.09875492001593118
1.6232995448333334,-0.1341173722240133,-0.09878107901045462
1.6234995448333334,-0.130784248392974,-0.0988050058109977
1.6236995448333333,-0.13238429497860124,-0.09882671658232646
1.6238995448333333,-0.13265106281422864,-0.09884622746164676
1.6240995448333335,-0.13038460981652247,-0.09886355455746465
1.6242995448333335,-0.1319846264021498,-0.09887871394845733
1.6244995448333337,-0.1309181029877772,-0.09889172168235787
1.6246995448333335,-0.13225150457340445,-0.09890259377485114
1.6248995448333334,-0.13105164240903167,-0.0989113462084839
1.625099544833333,-0.13078509649465897,-0.09891799493158634
1.6252995448333334,-0.13065188349695292,-0.09892255585720727
1.625499544833333,-0.13118530424924693,-0.09892504486206116
1.6256995448333336,-0.12971879791820753,-0.09892547778548907
1.625899544833333,-0.12798561075383466,-0.09892387042843186
1.6260995448333337,-0.1322522298394621,-0.09892023855241648
1.6262995448333333,-0.1341189147584226,-0.09891459787855522
1.6264995448333335,-0.12571938176071665,-0.09890696408655825
1.6266995448333332,-0.13011927501301065,-0.09889735281375936
1.6268995448333332,-0.13078603159863797,-0.09888577965415465
1.6270995448333334,-0.1302528502675985,-0.09887226015745385
1.6272995448333334,-0.12998628518655914,-0.09885680982814647
1.6274995448333336,-0.12945308343885303,-0.09883944412457961
1.6276995448333333,-0.13038647877448037,-0.09882017845804988
1.6278995448333335,-0.1277200245267744,-0.09879902819190853
1.6280995448333333,-0.1317199565290683,-0.09877600864068019
1.6282995448333333,-0.12772023311469552,-0.09875113506919452
1.628499544833333,-0.12945361553365617,-0.09872442269173193
1.6286995448333335,-0.13012035086928347,-0.0986958866711816
1.628899544833333,-0.13305367370491078,-0.0986655421182153
1.6290995448333336,-0.1299872182072047,-0.09863340409047175
1.6292995448333332,-0.13025398062616533,-0.09859948759175699
1.6294995448333336,-0.12758752471179255,-0.09856380757125642
1.6296995448333333,-0.1282542558807533,-0.09852637892276259
1.6298995448333333,-0.1294543274663804,-0.09848721648391345
1.6300995448333335,-0.13105438696867452,-0.09844633503544756
1.6302995448333333,-0.12945454980430174,-0.09840374930047073
1.6304995448333335,-0.12865468930659585,-0.09835947394373636
1.6306995448333335,-0.128521455892223,-0.09831352357094057
1.6308995448333337,-0.12892154247785031,-0.09826591272802955
1.6310995448333332,-0.12878832531347761,-0.09821665590052196
1.6312995448333334,-0.12932173523243826,-0.09816576751284271
1.6314995448333331,-0.12825520098473228,-0.09811326192767347
1.6316995448333333,-0.12825531423702607,-0.09805915344531345
1.6318995448333329,-0.12612217790598682,-0.09800345630305647
1.6320995448333335,-0.12932214365828065,-0.09794618467457941
1.6322995448333333,-0.12932227107724126,-0.09788735266934619
1.6324995448333337,-0.12732245932953518,-0.09782697433202293
1.6326995448333332,-0.1306557529984959,-0.09776506364191073
1.6328995448333332,-0.1306558687507899,-0.0977016345123853
1.6330995448333334,-0.12732278616975043,-0.09763670079035723
1.6332995448333334,-0.12892281275537776,-0.09757027625574097
1.6334995448333336,-0.12812295267433838,-0.09750237462093886
1.6336995448333334,-0.1237232280099658,-0.09743300953033918
1.6338995448333336,-0.12558988834559304,-0.09736219455982528
1.6340995448333333,-0.12985651493122025,-0.09728994321630122
1.6342995448333335,-0.12692339651684767,-0.09721626893722768
1.634499544833333,-0.1270568410191415,-0.09714118509017401
1.6346995448333335,-0.1275902563547688,-0.09706470497237987
1.634899544833333,-0.12785701210706274,-0.09698684181033532
1.6350995448333336,-0.12932373619269005,-0.09690760875936703
1.6352995448333332,-0.12759057777831725,-0.09682701890324585
1.6354995448333336,-0.1261240622806114,-0.09674508525379907
1.6356995448333334,-0.1258575242829052,-0.09666182075054314
1.6358995448333333,-0.12692424586853263,-0.09657723826032345
1.6360995448333335,-0.12772428953749315,-0.09649135057697134
1.6362995448333333,-0.12679111528978718,-0.09640417042097145
1.6364995448333337,-0.12919115187541438,-0.09631571043914199
1.6366995448333335,-0.12385809637770842,-0.09622598320433114
1.6368995448333337,-0.12745809963000213,-0.09613500121511961
1.6370995448333332,-0.12785819454896286,-0.09604277689554346
1.6372995448333332,-0.1267916448845903,-0.09594932259482282
1.637499544833333,-0.12492515063688421,-0.0958546505871086
1.6376995448333334,-0.1259918959725115,-0.09575877307123692
1.637899544833333,-0.12572536672480544,-0.09566170217050084
1.6380995448333335,-0.12479215789376606,-0.09556344993242899
1.638299544833333,-0.1277254853127266,-0.09546402832858238
1.6384995448333335,-0.1231924310650207,-0.09536344925435711
1.6386995448333335,-0.12452582223398133,-0.09526172452880585
1.6388995448333332,-0.12839244590294185,-0.09515886589446519
1.6390995448333336,-0.12372607373856917,-0.09505488501719934
1.6392995448333334,-0.1241261457408631,-0.09494979348605506
1.6394995448333334,-0.1271927944098237,-0.09484360281312512
1.6396995448333334,-0.12492631932878434,-0.09473632443342846
1.6398995448333338,-0.12612637091441165,-0.09462796970479813
1.6400995448333333,-0.12612649666670558,-0.0945185499077841
1.6402995448333333,-0.1237266799189996,-0.09440807624556313
1.640499544833333,-0.12439344733796022,-0.09429655984386588
1.6406995448333335,-0.12546015267358754,-0.09418401175090933
1.640899544833333,-0.12586026092588148,-0.09407044293734755
1.6410995448333336,-0.12332714459484208,-0.09395586429622409
1.6412995448333332,-0.1251938107638027,-0.09384028664294757
1.6414995448333336,-0.12252737109942992,-0.09372372071526484
1.6416995448333334,-0.12346075768505736,-0.09360617717325827
1.6418995448333333,-0.12386084593735117,-0.09348766659934243
1.6420995448333335,-0.12452762335631178,-0.09336819949828044
1.6422995448333333,-0.1223944653586058,-0.09324778629720543
1.6424995448333335,-0.12412780527756642,-0.0931264373456541
1.6426995448333335,-0.12052807936319375,-0.09300416291561255
1.6428995448333337,-0.12092818011548769,-0.09288097320156917
1.6430995448333334,-0.12372814170111499,-0.09275687832058088
1.6432995448333334,-0.1218616645367422,-0.09263188831234746
1.6434995448333332,-0.12279508737236954,-0.09250601313929706
1.6436995448333334,-0.12266184604133015,-0.09237926268668134
1.643899544833333,-0.12426188179362398,-0.09225164676268115
1.6440995448333335,-0.12172875421258482,-0.09212317509851906
1.6442995448333333,-0.12452876079821201,-0.09199385734858778
1.6444995448333335,-0.12266226196717263,-0.09186370309057967
1.6446995448333335,-0.12292901313613326,-0.09173272182563515
1.6448995448333334,-0.12292913472176059,-0.09160092297849066
1.6450995448333334,-0.12266257839072121,-0.09146831589764466
1.6452995448333332,-0.12106274997634843,-0.09133490985552697
1.6454995448333336,-0.12586266906197574,-0.09120071404867874
1.6456995448333336,-0.12119630939760297,-0.09106573759794448
1.6458995448333338,-0.1210630388998969,-0.09092998954866673
1.6460995448333333,-0.12279641465219102,-0.09079347887089514
1.6462995448333335,-0.11733007957115153,-0.09065621445959993
1.6464995448333333,-0.12093003824011227,-0.09051820513489837
1.6466995448333333,-0.12386336940907278,-0.09037945964228473
1.646899544833333,-0.11986362557803339,-0.09023998665287193
1.6470995448333334,-0.11959708674699403,-0.09009979476363969
1.647299544833333,-0.12199707124928794,-0.08995889249769305
1.6474995448333334,-0.12053057491824855,-0.08981728830452262
1.6476995448333334,-0.11839743192054247,-0.08967499056028334
1.6478995448333333,-0.1191975097561698,-0.08953200756806876
1.6480995448333335,-0.11599775300846372,-0.08938834755820226
1.6482995448333333,-0.11879774626075773,-0.08924401868853159
1.6484995448333335,-0.11839784826305166,-0.0890990290447298
1.6486995448333335,-0.11959791984867908,-0.08895338664060799
1.6488995448333337,-0.11826475018430621,-0.08880709941842957
1.6490995448333334,-0.12079808593660024,-0.08866017524923578
1.6492995448333334,-0.12026487710556084,-0.08851262193317487
1.6494995448333332,-0.11866503244118817,-0.08836444719984177
1.6496995448333331,-0.11813184527681539,-0.08821565870862026
1.649899544833333,-0.11679865186244272,-0.08806626404903489
1.6500995448333333,-0.11706542303140333,-0.08791627074110783
1.650299544833333,-0.11813215128369728,-0.08776568623572245
1.6504995448333335,-0.11559902078599117,-0.08761451791499164
1.6506995448333333,-0.1177323702882852,-0.08746277309263645
1.6508995448333337,-0.11826579354057912,-0.08731045901436282
1.6510995448333334,-0.11626596220953973,-0.08715758285825499
1.6512995448333334,-0.11466613087850036,-0.08700415173516297
1.6514995448333334,-0.11919940329746109,-0.08685017268910425
1.6516995448333334,-0.11426637863308832,-0.08669565269766795
1.6518995448333336,-0.11746633313538224,-0.0865405986724222
1.6520995448333333,-0.11693314347100955,-0.08638501745933135
1.6522995448333333,-0.11253342422330347,-0.08622891583917323
1.652499544833333,-0.11346681705893069,-0.08607230052796583
1.6526995448333333,-0.12000002156122472,-0.08591517817739523
1.6528995448333328,-0.11266704856351863,-0.08575755537525206
1.6530995448333332,-0.11586704598247935,-0.08559943864586685
1.653299544833333,-0.11466717840143997,-0.08544083445055774
1.6534995448333336,-0.1117340762370672,-0.08528174918807425
1.6536995448333334,-0.1149340532393612,-0.08512218919505314
1.6538995448333336,-0.11400084649165515,-0.08496216074647044
1.6540995448333335,-0.11413429974394908,-0.08480167005610466
1.6542995448333335,-0.11480105216290978,-0.08464072327699973
1.6544995448333335,-0.11266786291520373,-0.0844793265019331
1.6546995448333335,-0.11186803408416433,-0.08431748576388656
1.6548995448333335,-0.11040152816979154,-0.08415520703652284
1.6550995448333334,-0.11506811558875218,-0.0839924962346622
1.6552995448333334,-0.1089351396743795,-0.08382935921476563
1.6554995448333332,-0.11120179001000671,-0.08366580177541917
1.6556995448333331,-0.11320185367896743,-0.08350182965782203
1.6558995448333331,-0.10973539693126136,-0.0833374485462771
1.6560995448333333,-0.11173543935022198,-0.08317266406868637
1.656299544833333,-0.11133557843584929,-0.08300748179704658
1.6564995448333335,-0.10920241210480983,-0.08284190724794589
1.6566995448333333,-0.10840253702377053,-0.08267594588307152
1.6568995448333337,-0.11440241652606448,-0.08250960310970737
1.6570995448333334,-0.10973603936169178,-0.08234288428124537
1.6572995448333334,-0.1090695038639858,-0.08217579469769008
1.6574995448333336,-0.11213616794961304,-0.08200833960617153
1.6576995448333334,-0.10746978578524025,-0.08184052420145828
1.6578995448333336,-0.10506997528753417,-0.08167235362646867
1.6580995448333333,-0.11106984395649488,-0.08150383297279007
1.6582995448333335,-0.10760341845878871,-0.08133496728119383
1.658499544833333,-0.10867015212774953,-0.08116576154215724
1.6586995448333333,-0.10707029954671005,-0.08099622069638024
1.658899544833333,-0.10693707279900398,-0.08082634963531099
1.659099544833333,-0.10733719063463129,-0.08065615320166553
1.659299544833333,-0.106803965553592,-0.0804856361899545
1.6594995448333334,-0.10640407005588594,-0.08031480334700461
1.6596995448333334,-0.10373762997484656,-0.08014365937248859
1.6598995448333338,-0.10653763822714049,-0.07997220891944737
1.6600995448333336,-0.1074710231461011,-0.07980045659482081
1.6602995448333335,-0.10413792889839502,-0.07962840695997231
1.6604995448333335,-0.10613794631735565,-0.07945606453121785
1.6606995448333333,-0.10573807248631627,-0.07928343378035589
1.6608995448333337,-0.10587150740527689,-0.07911051913519275
1.6610995448333334,-0.1068049094075709,-0.07893732498007501
1.6612995448333334,-0.10307181307653143,-0.07876385565641414
1.6614995448333332,-0.10613846591215875,-0.0785901154632188
1.6616995448333332,-0.10453863791445267,-0.07841610865762035
1.661899544833333,-0.09907229908341329,-0.07824183945540202
1.662099544833333,-0.10133898358570731,-0.07806731203152714
1.662299544833333,-0.10213904558800123,-0.07789253052066626
1.6624995448333335,-0.10080586175696186,-0.07771749901772239
1.6626995448333333,-0.10000600334258918,-0.07754222157835973
1.6628995448333335,-0.10120607117821649,-0.0773667022195247
1.6630995448333337,-0.09933957026384363,-0.07719094491997505
1.6632995448333334,-0.10147293351613765,-0.07701495362080059
1.6634995448333336,-0.10213968593509826,-0.07683873222594442
1.6636995448333334,-0.0994732212707256,-0.07666228460272842
1.6638995448333336,-0.1029398357730196,-0.07648561458236791
1.6640995448333333,-0.10173999652531353,-0.07630872596049512
1.6642995448333335,-0.09987351436094076,-0.07613162249767302
1.6644995448333333,-0.10080691719656808,-0.07595430791991414
1.6646995448333333,-0.10134033461552869,-0.07577678591919176
1.6648995448333328,-0.09854054453448932,-0.07559906015395573
1.6650995448333332,-0.09774068528678323,-0.0754211342496397
1.6652995448333332,-0.09814078353907725,-0.07524301179917432
1.6654995448333336,-0.09494102012470448,-0.07506469636349129
1.6656995448333332,-0.0986743058769984,-0.07488619147203038
1.6658995448333336,-0.09534121037929241,-0.07470750062324007
1.6660995448333336,-0.09534129571491964,-0.07452862728508235
1.6662995448333335,-0.09734132063388036,-0.07434957489552835
1.6664995448333335,-0.09640813055284098,-0.07417034686305564
1.6666995448333333,-0.09720822088846831,-0.07399094656714321
1.6668995448333335,-0.09507505497409553,-0.07381137735876218
1.6670995448333334,-0.09854170905972284,-0.07363164256086595
1.6672995448333336,-0.09374200022868337,-0.07345174546887523
1.6674995448333334,-0.09414207848097739,-0.07327168935116449
1.6676995448333332,-0.093742218399938,-0.0730914774495395
1.667899544833333,-0.09334233248556534,-0.07291111297971885
1.6680995448333333,-0.09480904657119256,-0.07273059913180834
1.6682995448333329,-0.09600909899015317,-0.0725499390707743
1.6684995448333335,-0.0953425551591137,-0.07236913593691013
1.6686995448333333,-0.09507600341140772,-0.0721881928463092
1.6688995448333337,-0.09574275249703504,-0.07200711289132007
1.6690995448333334,-0.09080971866599566,-0.07182589914101423
1.6692995448333334,-0.09160980566828958,-0.07164455464163728
1.6694995448333336,-0.0932098272539169,-0.07146308241706642
1.6696995448333334,-0.09121002300621092,-0.07128148546925943
1.6698995448333336,-0.09307671167517155,-0.07109976677870032
1.6700995448333333,-0.09307681909413217,-0.07091792930484477
1.6702995448333338,-0.0906770152630928,-0.07073597598655797
1.6704995448333333,-0.09227707101538671,-0.07055390974255386
1.6706995448333333,-0.09174384385101403,-0.07037173347182314
1.670899544833333,-0.08934405501997464,-0.07018945005406664
1.6710995448333332,-0.08747755285560198,-0.0700070623501168
1.6712995448333328,-0.0917441681912293,-0.06982457320236335
1.6714995448333334,-0.0898776751935231,-0.06964198543516413
1.6716995448333332,-0.08934446594581714,-0.06945930185526691
1.6718995448333338,-0.09147782961477775,-0.06927652525221159
1.6720995448333336,-0.09041132495040499,-0.06909365839874114
1.6722995448333335,-0.0896114536193655,-0.06891070405119906
1.6724995448333333,-0.08947822103832632,-0.06872766494993039
1.6726995448333333,-0.08547847304062024,-0.06854454381967189
1.6728995448333337,-0.08974508962624747,-0.06836134336994397
1.6730995448333335,-0.08947853371187488,-0.06817806629543555
1.6732995448333337,-0.0861454307141687,-0.06799471527638144
1.6734995448333334,-0.08667884104979603,-0.06781129297894378
1.6736995448333332,-0.08827891388542335,-0.06762780205558035
1.6738995448333331,-0.08601241797105057,-0.06744424514541332
1.6740995448333331,-0.08854575747334449,-0.06726062487459401
1.674299544833333,-0.0877458782256386,-0.06707694385666067
1.6744995448333333,-0.08587940647793242,-0.0668932046928935
1.674699544833333,-0.08827940348022646,-0.06670940997266495
1.6748995448333335,-0.08787953964918707,-0.06652556227378331
1.6750995448333335,-0.08627971748481439,-0.0663416641628377
1.6752995448333337,-0.08761309407044172,-0.0661577181955303
1.6754995448333334,-0.08467998148940224,-0.06597372691701148
1.6756995448333334,-0.08361345724169615,-0.06578969286220399
1.6758995448333334,-0.08361355507732358,-0.06560561855612823
1.6760995448333336,-0.0844136491629508,-0.06542150651421946
1.6762995448333335,-0.08494704783191143,-0.06523735924263985
1.6764995448333333,-0.08494716650087206,-0.06505317923858868
1.6766995448333333,-0.08761382433649936,-0.06486896899060436
1.6768995448333333,-0.08054754800545999,-0.0646847309788652
1.6770995448333332,-0.08201424500775391,-0.06450046767548268
1.6772995448333332,-0.08441427617671453,-0.06431618154479102
1.6774995448333332,-0.08228112359567515,-0.06413187504363273
1.6776995448333332,-0.08081461809796908,-0.06394755062163665
1.6778995448333336,-0.08454791801692979,-0.06376321072149498
1.6780995448333333,-0.07868158793589031,-0.06357885777923346
1.6782995448333335,-0.08254819618818435,-0.06339449422447374
1.6784995448333335,-0.08121502694047826,-0.06321012248069884
1.6786995448333335,-0.08081515560943878,-0.06302574496550323
1.6788995448333335,-0.08001528927839949,-0.06284136409084888
1.6790995448333335,-0.08294862003069352,-0.0626569822633074
1.6792995448333334,-0.08054879619965404,-0.062472601884302786
1.6794995448333334,-0.08041558695194806,-0.062288225350346865
1.6796995448333334,-0.0793490597875754,-0.062103855053270964
1.6798995448333331,-0.0794825067898692,-0.06191949338045167
1.6800995448333331,-0.07974923795882993,-0.06173514271503281
1.6802995448333333,-0.07921605621112394,-0.061550805436141
1.6804995448333333,-0.07828286779675117,-0.06136648391909867
1.6806995448333333,-0.07468310438237838,-0.06118218053563003
1.6808995448333337,-0.08161626263467242,-0.06099789765406129
1.6810995448333335,-0.07921646588696633,-0.06081363763952148
1.6812995448333337,-0.07708330288926035,-0.060629402854129426
1.6814995448333334,-0.08014997072488748,-0.06044519565718582
1.6816995448333334,-0.07615024106051489,-0.06026101840535096
1.6818995448333334,-0.07815024806280882,-0.06007687345282499
1.6820995448333333,-0.07735041298176944,-0.059892763151520506
1.6822995448333333,-0.07295065831739667,-0.059708689851227535
1.6824995448333335,-0.07548400573635738,-0.059524655899779004
1.6826995448333333,-0.0789506635719846,-0.05934066364320794
1.6828995448333333,-0.07708415349094522,-0.059156715425899384
1.683099544833333,-0.07495102257657255,-0.05897281359073999
1.6832995448333332,-0.07601775249553316,-0.05878896047926134
1.6834995448333332,-0.0720180040811604,-0.05860515843177785
1.6836995448333334,-0.0714848056667877,-0.058421409787521174
1.6838995448333334,-0.07575140183574834,-0.05823771688477072
1.6840995448333336,-0.07028505092137566,-0.05805408206097471
1.6842995448333338,-0.07548496667366957,-0.05787050765287304
1.6844995448333333,-0.0749517507592969,-0.05768699599661184
1.6846995448333333,-0.07361856901159082,-0.05750354942785087
1.6848995448333333,-0.07281869851388473,-0.057320170281873264
1.6850995448333335,-0.07561871468284537,-0.05713686089368326
1.6852995448333334,-0.07201895085180599,-0.05695362359810447
1.6854995448333336,-0.0721523874374333,-0.056770460729871436
1.6856995448333334,-0.07121919110639392,-0.0565873746237163
1.6858995448333334,-0.06668613185868795,-0.05640436761444975
1.6860995448333331,-0.07175270386098186,-0.056221442037043455
1.686299544833333,-0.07281945252994249,-0.056038600226698564
1.686499544833333,-0.06641978203223631,-0.055855844518918646
1.6866995448333333,-0.07028640653453043,-0.0556731772495726
1.6868995448333335,-0.07228643853682436,-0.055490600754955315
1.6870995448333335,-0.06508681970578498,-0.0553081173718433
1.6872995448333337,-0.06548690920807888,-0.055125729437545595
1.6874995448333334,-0.07468664537703952,-0.05494343928995271
1.6876995448333334,-0.06588710529600014,-0.054761249267576875
1.6878995448333334,-0.06748715771496075,-0.05457916170959184
1.6880995448333334,-0.07202041138392139,-0.054397178955867626
1.6882995448333333,-0.065220786302882,-0.054215303346999845
1.6884995448333335,-0.06548755538850931,-0.054033537224335584
1.6886995448333333,-0.06868752697413665,-0.05385188292999603
1.6888995448333333,-0.06788764397643056,-0.05367034280689137
1.689099544833333,-0.06428789764539108,-0.05348891919873829
1.6892995448333332,-0.0698877908976851,-0.053307614450065356
1.6894995448333332,-0.06388811498331243,-0.053126430906222676
1.6896995448333332,-0.06455487448560635,-0.052945370913378635
1.6898995448333336,-0.06802153565456698,-0.052764436818521276
1.6900995448333334,-0.06602169432352759,-0.052583630969450866
1.6902995448333336,-0.06308856632582151,-0.05240295571476784
1.6904995448333335,-0.06402197707811552,-0.05222241340386104
1.6906995448333335,-0.06362209949707606,-0.05204200638688852
1.6908995448333333,-0.06628876566603677,-0.05186173701475708
1.6910995448333335,-0.06575556183499728,-0.051681607639094865
1.6912995448333334,-0.06615565092062473,-0.05150162061222504
1.6914995448333334,-0.062022568756251936,-0.05132177828713114
1.6916995448333334,-0.06548921992521256,-0.05114208301742135
1.6918995448333334,-0.06282276234417318,-0.05096253715728977
1.6920995448333331,-0.0585563685131338,-0.05078314306147138
1.6922995448333331,-0.06535621176542783,-0.05060390308519603
1.6924995448333333,-0.06482298501772175,-0.05042481958413895
1.692699544833333,-0.06255652118668237,-0.050245894914367914
1.6928995448333335,-0.06615648193897627,-0.05006713143228137
1.6930995448333332,-0.06029014810793691,-0.04988853149455741
1.6932995448333337,-0.06069024302689753,-0.04971009745807995
1.6934995448333334,-0.06442353752919144,-0.04953183167988147
1.6936995448333334,-0.06109044828148548,-0.04935373651706552
1.6938995448333334,-0.06029057278377939,-0.049175814326738954
1.6940995448333334,-0.06482385770274,-0.048998067465934735
1.6942995448333333,-0.058957513455033944,-0.04882049829153141
1.6944995448333335,-0.058024311290661254,-0.04864310916017278
1.6946995448333335,-0.06189094495962188,-0.04846590242818308
1.6948995448333333,-0.0606910561285825,-0.04828888045147831
1.6950995448333332,-0.05962455896420982,-0.04811204558547562
1.695299544833333,-0.061357938049837045,-0.04793540018500139
1.6954995448333332,-0.05789152130213107,-0.047758946604192574
1.6956995448333332,-0.05775827163775829,-0.04758268719640154
1.6958995448333336,-0.0578917407233857,-0.0474066243140905
1.6960995448333334,-0.05935842980901292,-0.04723076030873066
1.6962995448333336,-0.057358611394640144,-0.04705509753069428
1.6964995448333333,-0.05922531673026748,-0.04687963832914537
1.6966995448333333,-0.05602553248256139,-0.04670438505192843
1.6968995448333333,-0.05602564656818872,-0.04652934004545465
1.6970995448333335,-0.05815901398714934,-0.046354505654585494
1.6972995448333335,-0.05735913890610995,-0.046179884222514476
1.6974995448333334,-0.05469268215840388,-0.046005478090645445
1.6976995448333336,-0.05762600249403119,-0.04583128959846931
1.6978995448333336,-0.05469289491299182,-0.04565732108344104
1.6980995448333331,-0.057092892331952444,-0.04548357488084996
1.6982995448333333,-0.05682635391757976,-0.04531005332368931
1.698499544833333,-0.05815973716987368,-0.045136758742529225
1.698699544833333,-0.055226605838834306,-0.044963693465378984
1.6988995448333335,-0.05722665325779493,-0.0447908598175536
1.6990995448333333,-0.058693359843422145,-0.04461826012153785
1.6992995448333335,-0.05389365517904947,-0.04444589669684354
1.6994995448333334,-0.06002685509801019,-0.04427377185987346
1.6996995448333334,-0.055627124600304105,-0.04410188792377466
1.6998995448333334,-0.05202736618593133,-0.043930247198297565
1.7000995448333334,-0.05669396818822535,-0.04375885198964835
1.7002995448333333,-0.05469414852385258,-0.04358770460034246
1.7004995448333335,-0.05416094385947989,-0.043416807329054806
1.7006995448333335,-0.055760993778440515,-0.04324616247047209
1.7008995448333333,-0.05229454369740114,-0.04307577231513714
1.7010995448333333,-0.056294517783028464,-0.04290563914929884
1.7012995448333332,-0.05456136770198908,-0.04273576525475784
1.7014995448333332,-0.0528281755376163,-0.042566152908708195
1.7016995448333332,-0.05442823253991032,-0.0423968043835835
1.7018995448333334,-0.05469501245887094,-0.0422277219468976
1.7020995448333334,-0.05562837154449816,-0.04205890786108469
1.7022995448333336,-0.05402855896345879,-0.041890364383340914
1.7024995448333333,-0.0550953080490862,-0.04172209376546159
1.7026995448333335,-0.05269547421804673,-0.04155409825367874
1.7028995448333335,-0.05416220038700735,-0.04138638008850034
1.7030995448333333,-0.05456229780596797,-0.041218941504543055
1.7032995448333335,-0.056295661474928586,-0.04105178473036968
1.7034995448333334,-0.04976268181055582,-0.040884911988323266
1.7036995448333334,-0.05136274047951653,-0.04071832549435974
1.7038995448333334,-0.052829443315143755,-0.040552027457881716
1.7040995448333334,-0.051896250317437775,-0.04038602008157021
1.7042995448333331,-0.05269631440306499,-0.04022030556121715
1.704499544833333,-0.04842992723869232,-0.04005488608555561
1.7046995448333333,-0.05082993382431955,-0.039889763836091274
1.7048995448333333,-0.052963311243280256,-0.03972494098693303
1.7050995448333335,-0.04923019532890748,-0.03956041970462095
1.7052995448333337,-0.050296943997868104,-0.03939620214795816
1.7054995448333334,-0.05309695433349543,-0.03923229046783863
1.7056995448333334,-0.051763760085789444,-0.03906868680707576
1.7058995448333332,-0.050430598338083374,-0.03890539330023262
1.7060995448333334,-0.051497315340377284,-0.038742412073448355
1.7062995448333333,-0.04776422484267121,-0.038579745244268764
1.7064995448333333,-0.050964216428298535,-0.03841739492147314
1.7066995448333335,-0.04923104884725915,-0.03825536320490284
1.7068995448333335,-0.04723123334955308,-0.03809365218529019
1.7070995448333335,-0.04629803410184699,-0.03793226394408615
1.7072995448333332,-0.05123127943747431,-0.037771200553288815
1.7074995448333332,-0.04803151227310164,-0.03761046407527183
1.7076995448333334,-0.04829826094206226,-0.03745005656261341
1.7078995448333332,-0.05109826669435619,-0.03728998005792682
1.7080995448333334,-0.046165224946650096,-0.037130236593684585
1.7082995448333336,-0.045232069032277424,-0.03697082819205524
1.7084995448333335,-0.048298698534571444,-0.03681175686472718
1.7086995448333335,-0.04629885637019866,-0.03665302461274183
1.7088995448333333,-0.047232271289159286,-0.036494633426323204
1.7090995448333333,-0.04816567120811991,-0.03633658528471004
1.7092995448333335,-0.04536590404374723,-0.03617888215598648
1.7094995448333332,-0.04736593479604115,-0.03602152599691557
1.7096995448333334,-0.04749936388166847,-0.035864518752769955
1.7098995448333334,-0.04496622088396239,-0.035707862357167885
1.7100995448333336,-0.04456636455292301,-0.03555155873190522
1.7102995448333334,-0.049099615721883635,-0.03539560978679174
1.710499544833333,-0.04576650439084426,-0.03524001741948524
1.710699544833333,-0.043766684309804876,-0.03508478351532886
1.7108995448333333,-0.0452333958954322,-0.03492990994718817
1.7110995448333333,-0.043633578731059525,-0.03477539857528916
1.7112995448333335,-0.04270038948335344,-0.03462125124705644
1.7114995448333334,-0.045367061902314064,-0.03446746979695459
1.7116995448333334,-0.04483383515460798,-0.034314056046326806
1.7118995448333334,-0.0452339525735686,-0.034161011803238106
1.7120995448333334,-0.048433910825862625,-0.03400833886231873
1.7122995448333334,-0.04256757907815645,-0.03385603900460578
1.7124995448333333,-0.04176771608045047,-0.03370411399739031
1.7126995448333335,-0.047234264749411094,-0.03355256559406258
1.7128995448333335,-0.04376784175170511,-0.03340139553395938
1.7130995448333335,-0.04376795417066563,-0.033250605542212056
1.7132995448333332,-0.04656794742295965,-0.03310019732959817
1.7134995448333332,-0.04096827525858698,-0.032950172592388624
1.7136995448333332,-0.0457681851775476,-0.03280053301220413
1.7138995448333332,-0.04443500801317482,-0.03265128025586626
1.7140995448333334,-0.043501822098802136,-0.03250241597525242
1.7142995448333336,-0.04310194118442946,-0.032353941807153556
1.7144995448333333,-0.043902015686723375,-0.032205859373130856
1.7146995448333335,-0.0405689160223507,-0.032058170279374736
1.7148995448333335,-0.042035641357977924,-0.031910876116566
1.7150995448333335,-0.04483562002693854,-0.03176397845973775
1.7152995448333335,-0.041902498279232564,-0.03161747886813892
1.7154995448333332,-0.043635904031526486,-0.03147137888509979
1.7156995448333334,-0.0453692564504871,-0.0313256800378981
1.7158995448333334,-0.04376942720278103,-0.03118038383762835
1.7160995448333334,-0.04110297462174165,-0.031035491779071153
1.7162995448333334,-0.04456957662403567,-0.03089100534056467
1.7164995448333333,-0.0401698502929962,-0.030746925983878633
1.7166995448333329,-0.042569900628623515,-0.03060325515408927
1.7168995448333333,-0.04350328013091753,-0.030459994279454044
1.7170995448333333,-0.040570175466544754,-0.030317144771294446
1.7172995448333337,-0.03883700830217208,-0.03017470802387188
1.7174995448333334,-0.0451035444711327,-0.030032685414272592
1.7176995448333336,-0.04070380980676002,-0.02989107830228893
1.7178995448333334,-0.040570605975720646,-0.0297498880303085
1.7180995448333334,-0.04470389381134796,-0.02960911592319833
1.7182995448333334,-0.041370766646975185,-0.029468763288195768
1.7184995448333333,-0.03977094031593581,-0.029328831414800378
1.7186995448333333,-0.042570936901563126,-0.02918932157466604
1.7188995448333333,-0.04070444723719035,-0.02905023502149671
1.7190995448333335,-0.038837960906150965,-0.02891157299094319
1.7192995448333332,-0.04190461040844499,-0.02877333670050309
1.7194995448333332,-0.04057141699407221,-0.02863552734942003
1.719699544833333,-0.04217147357969954,-0.028498146118588575
1.7198995448333334,-0.04110495641532676,-0.028361194170457748
1.7200995448333332,-0.03803851133428748,-0.02822467264893989
1.7202995448333336,-0.039771880003247995,-0.02808858267931811
1.7204995448333333,-0.03883868783887532,-0.02795292536815847
1.7206995448333338,-0.038438813174502644,-0.02781770180322205
1.7208995448333333,-0.039238899343463265,-0.027682913053382906
1.7210995448333333,-0.041905567595757184,-0.027548560168541465
1.7212995448333335,-0.038039137931384505,-0.02741464417954785
1.7214995448333335,-0.040972470350345125,-0.027281166098121826
1.7216995448333334,-0.04590570360263905,-0.027148126916776916
1.7218995448333332,-0.03697283143826637,-0.027015527608746176
1.7220995448333334,-0.038572887607226984,-0.026883369127909718
1.7222995448333331,-0.04110621544285431,-0.026751652408727174
1.7224995448333333,-0.037773088695148234,-0.02662037836616718
1.722699544833333,-0.03563996986410885,-0.0264895478956447
1.7228995448333333,-0.037773339366402876,-0.026359161872956
1.7230995448333333,-0.03457356803536349,-0.026229221154218586
1.7232995448333335,-0.03844017337099071,-0.026099726575811992
1.7234995448333335,-0.03724031787328464,-0.025970678954322358
1.7236995448333337,-0.03750707362557866,-0.02584207908648582
1.7238995448333334,-0.03577392687787258,-0.02571392774913896
1.7240995448333334,-0.040307168880166604,-0.02558622569916745
1.7242995448333334,-0.03710740088246052,-0.025458973673458757
1.7244995448333333,-0.03510760788475444,-0.025332172388856725
1.7246995448333333,-0.03617431197038177,-0.025205822542118825
1.7248995448333333,-0.03644110022267569,-0.025079924809874986
1.7250995448333335,-0.037107825141636304,-0.024954479848588677
1.7252995448333333,-0.03844123964393023,-0.02482948829452171
1.7254995448333332,-0.03430815372955755,-0.02470495076369826
1.7256995448333332,-0.03457493239851817,-0.024580867851874858
1.7258995448333332,-0.0384415231508121,-0.024457240134510193
1.7260995448333332,-0.03457513015310612,-0.024334068166736906
1.7262995448333334,-0.035775180488733335,-0.024211352483337775
1.7264995448333333,-0.03604194832436066,-0.02408909359872321
1.7266995448333335,-0.033508809909987974,-0.023967292006908916
1.7268995448333335,-0.035375523578948596,-0.02384594818149983
1.7270995448333335,-0.03670890308124252,-0.02372506257567196
1.7272995448333335,-0.03204250300020314,-0.02360463562216112
1.7274995448333335,-0.033242575835830464,-0.023484667733249576
1.7276995448333332,-0.03670922950479109,-0.023365159300757422
1.7278995448333334,-0.0353760298404183,-0.023246110696035823
1.7280995448333334,-0.03404286809271233,-0.023127522269962595
1.7282995448333334,-0.03644288176167295,-0.023009394352939166
1.7284995448333333,-0.03217647709730027,-0.022891727254890214
1.7286995448333333,-0.03484313576626079,-0.022774521265266877
1.7288995448333333,-0.037643138185221414,-0.022657776653049976
1.7290995448333333,-0.03630997810418203,-0.022541493666756986
1.7292995448333333,-0.031243593439809356,-0.022425672534450377
1.7294995448333335,-0.036710168775436675,-0.022310313463749457
1.7296995448333334,-0.0324437761943973,-0.0221954166418425
1.7298995448333336,-0.03231053903002462,-0.022080982235502592
1.7300995448333336,-0.03551052894898524,-0.021967010391105688
1.7302995448333334,-0.03457732011794576,-0.021853501234649925
1.7304995448333333,-0.033777457536906384,-0.021740454871776598
1.730699544833333,-0.03577750453920041,-0.02162787138779637
1.7308995448333333,-0.033244369458161026,-0.02151575084771371
1.7310995448333333,-0.031377864793788346,-0.021404093296256504
1.7312995448333333,-0.03671110012941557,-0.021292898757906062
1.731499544833333,-0.034444637131709484,-0.021182167236930376
1.7316995448333332,-0.03031155830067011,-0.02107189871741794
1.731899544833333,-0.032711574052964126,-0.02096209316331617
1.7320995448333334,-0.03191170647192475,-0.02085275051846882
1.7322995448333334,-0.030045219307551975,-0.020743870706659544
1.7324995448333336,-0.03284523172651259,-0.020635453631652062
1.7326995448333335,-0.030845406228806514,-0.020527499177238194
1.7328995448333335,-0.03204545989776724,-0.020420007207283805
1.7330995448333335,-0.03417881315006115,-0.020312977565778417
1.7332995448333335,-0.031245706402355078,-0.02020641007688741
1.7334995448333335,-0.029512543821315802,-0.020100304545004714
1.7336995448333332,-0.03404579499027632,-0.019994660754808522
1.7338995448333332,-0.03164599782590364,-0.019889478471319184
1.7340995448333332,-0.03124612316153096,-0.019784757439958056
1.7342995448333334,-0.03124622099715818,-0.019680497386609236
1.7344995448333331,-0.03324625049945211,-0.019576698017683743
1.734699544833333,-0.027779895418412724,-0.019473359020183007
1.734899544833333,-0.031646510337373444,-0.019370480061767996
1.7350995448333333,-0.030846679839667372,-0.019268060790827272
1.7352995448333333,-0.02818020559196129,-0.019166100836548603
1.7354995448333335,-0.030846874677588614,-0.019064599808991604
1.7356995448333334,-0.028180426263215937,-0.018963557299162676
1.7358995448333336,-0.028447169098843154,-0.018862972879091715
1.7360995448333334,-0.032180473184470475,-0.018762846101910254
1.7362995448333334,-0.0296473176867644,-0.018663176501931777
1.7364995448333334,-0.02684754593905842,-0.018563963594734095
1.7366995448333333,-0.02884756335801894,-0.01846520687724324
1.7368995448333333,-0.026581102026979664,-0.018366905827818414
1.7370995448333333,-0.02751451736260688,-0.01826905990634039
1.7372995448333333,-0.030847823948234203,-0.018171668554299015
1.7374995448333332,-0.026848071783861525,-0.018074731194885816
1.7376995448333332,-0.027781475036155447,-0.0179782472330852
1.7378995448333332,-0.02684829995511607,-0.01788221605576877
1.7380995448333332,-0.027915005290743387,-0.017786637031791605
1.7382995448333334,-0.026981796459704006,-0.017691509512088477
1.7384995448333334,-0.028715212628664534,-0.01759683282977477
1.7386995448333336,-0.02258220338095855,-0.017502606300245003
1.7388995448333335,-0.02484886621658587,-0.017408829221276817
1.7390995448333335,-0.0284488311355465,-0.01731550087313283
1.7392995448333335,-0.025649051887840415,-0.017222620518667752
1.7394995448333335,-0.027115769723467735,-0.017130187403433954
1.7396995448333334,-0.03178236797576166,-0.017038200755789906
1.7398995448333332,-0.02378277331138898,-0.016946659787010404
1.7400995448333334,-0.028316035313682902,-0.016855563691396812
1.7402995448333334,-0.028316153565976825,-0.01676491164639101
1.7404995448333334,-0.026316343068270843,-0.016674702812688017
1.7406995448333333,-0.02751636882056476,-0.016584936334352138
1.740899544833333,-0.025783226239525385,-0.016495611338933958
1.741099544833333,-0.025250023241819308,-0.016406726937587483
1.7412995448333333,-0.02751668816077993,-0.016318282225190456
1.7414995448333335,-0.029916725579740552,-0.01623027628046512
1.7416995448333337,-0.024050393832034573,-0.01614270816609977
1.7418995448333336,-0.02325051916766189,-0.016055576928872183
1.7420995448333336,-0.026583813253289117,-0.015968881599774297
1.7422995448333336,-0.024317352755583135,-0.01588262119413772
1.7424995448333334,-0.022717515591210352,-0.01579679471176074
1.7426995448333333,-0.02471754217683768,-0.015711401137036455
1.742899544833333,-0.022051071262464993,-0.015626439439082245
1.7430995448333333,-0.026317707014758822,-0.015541908571869703
1.7432995448333333,-0.027117770267052844,-0.015457807474356617
1.7434995448333332,-0.022451389352680158,-0.015374135070619402
1.7436995448333332,-0.02311812760497408,-0.015290890269986063
1.7438995448333332,-0.026851423357268003,-0.015208071967172363
1.7440995448333332,-0.024851609526228724,-0.015125679042415713
1.7442995448333334,-0.02258514361185595,-0.015043710361613383
1.7444995448333334,-0.02765171769748327,-0.014962164776459288
1.7446995448333336,-0.024318597199777185,-0.014881041124582587
1.7448995448333335,-0.021918812535404508,-0.014800338229688221
1.7450995448333337,-0.026718726621031832,-0.014720054901695498
1.7452995448333335,-0.022718990706659052,-0.014640189936881848
1.7454995448333335,-0.022452449375619674,-0.014560742118022364
1.7456995448333334,-0.023785833877913696,-0.014481710214535076
1.7458995448333332,-0.025252547963540914,-0.014403092982623319
1.7460995448333332,-0.02378606163250154,-0.014324889165420757
1.7462995448333332,-0.02578607030146216,-0.01424709749313749
1.7464995448333334,-0.023519578970422783,-0.01416971668320464
1.7466995448333331,-0.022586395139383403,-0.01409274544042328
1.746899544833333,-0.02338647005834402,-0.01401618245710944
1.747099544833333,-0.017920114560638044,-0.013940026413244691
1.7472995448333335,-0.023120041979598667,-0.013864275976623352
1.7474995448333333,-0.02445340106522589,-0.013788929803003686
1.7476995448333337,-0.021386958484186508,-0.013713986536255503
1.7478995448333334,-0.020853760069813834,-0.013639444808514093
1.7480995448333336,-0.02365374832210775,-0.013565303240328083
1.7482995448333334,-0.021520626991068374,-0.013491560440814104
1.7484995448333334,-0.022587349410028996,-0.013418215007807132
1.7486995448333333,-0.022054128078989613,-0.013345265528014584
1.7488995448333333,-0.017921062581283634,-0.013272710577168872
1.7490995448333333,-0.02272099875024426,-0.013200548720181346
1.7492995448333333,-0.021121151169204877,-0.013128778511296473
1.7494995448333335,-0.019787959838165503,-0.013057398494246582
1.7496995448333332,-0.02138802392379272,-0.012986407202406725
1.7498995448333332,-0.021121456342753343,-0.012915803158949255
1.7500995448333332,-0.01738837376171396,-0.012845584877000927
1.7502995448333334,-0.021388325764007985,-0.012775750859797536
1.7504995448333334,-0.020588469432968604,-0.012706299600840847
1.7506995448333336,-0.018588639351929226,-0.012637229584055082
1.7508995448333335,-0.022055285937556447,-0.012568539283943659
1.7510995448333335,-0.01685558043985047,-0.01250022716574572
1.7512995448333335,-0.01712234285881109,-0.012432291685594362
1.7514995448333335,-0.018589065277771714,-0.012364731290672929
1.7516995448333335,-0.02018910478006563,-0.012297544419373484
1.7518995448333334,-0.016456013865692953,-0.012230729501453928
1.7520995448333332,-0.016989447951320177,-0.012164284958196329
1.7522995448333332,-0.018722802036947497,-0.012098209202564313
1.7524995448333334,-0.018456274039241417,-0.012032500639361237
1.7526995448333333,-0.017656411041535442,-0.011967157665388889
1.7528995448333333,-0.01912311262716266,-0.011902178669604475
1.7530995448333333,-0.012856795046123281,-0.011837562033279785
1.7532995448333333,-0.017256721215083898,-0.01177330613015863
1.7534995448333333,-0.017790149884044523,-0.011709409326615232
1.7536995448333335,-0.01725695563633855,-0.01164586998181237
1.7538995448333337,-0.016057080971965766,-0.01158268644785898
1.7540995448333336,-0.019123752974259785,-0.011519857069968635
1.7542995448333336,-0.01565729955988701,-0.011457380186616637
1.7544995448333336,-0.018590629895514327,-0.011395254129698508
1.7546995448333333,-0.018724070647808254,-0.01133347722468685
1.7548995448333333,-0.017390906400102272,-0.011272047790788685
1.755099544833333,-0.018857618402396192,-0.011210964141103334
1.7552995448333333,-0.017657757904690118,-0.011150224582778305
1.7554995448333333,-0.015391289906984136,-0.011089827417167693
1.7556995448333332,-0.01672468357594476,-0.011029770939987022
1.7558995448333332,-0.016724760578238677,-0.01097005344147033
1.7560995448333332,-0.015391612163866,-0.010910673206525888
1.7562995448333332,-0.019391547082826623,-0.01085162851489224
1.7564995448333334,-0.017925037001787242,-0.010792917641293058
1.7566995448333333,-0.015925230254081164,-0.010734538855592751
1.7568995448333335,-0.013792081423041785,-0.010676490422950605
1.7570995448333335,-0.015525445508669107,-0.010618770603975572
1.7572995448333337,-0.012325696677629727,-0.010561377654879673
1.7574995448333335,-0.015658999513257048,-0.01050430982763211
1.7576995448333335,-0.016859054432217573,-0.01044756537011176
1.7578995448333334,-0.01339262768451159,-0.010391142526260513
1.7580995448333332,-0.01739258302013881,-0.010335039536234847
1.7582995448333334,-0.013792820439099433,-0.010279254636557832
1.7584995448333332,-0.012459639108060054,-0.01022378606027081
1.7586995448333334,-0.016326260693687377,-0.0101686320370832
1.758899544833333,-0.0157930589459813,-0.010113790793523555
1.759099544833333,-0.01325992303160862,-0.010059260553088659
1.7592995448333333,-0.01379335295056924,-0.010005039536393178
1.7594995448333335,-0.015393400369529861,-0.009951125961317895
1.7596995448333332,-0.014193536538490483,-0.009897518043157763
1.7598995448333337,-0.012460370207451103,-0.009844213994769313
1.7600995448333334,-0.015527008043078425,-0.009791212026717339
1.7602995448333336,-0.011793944212039045,-0.009738510347421033
1.7604995448333336,-0.013793988297666267,-0.009686107163299637
1.7606995448333334,-0.014460706133293588,-0.00963400067891707
1.7608995448333333,-0.01072765063558751,-0.009582189097125979
1.7610995448333333,-0.01099438972121483,-0.00953067061921185
1.7612995448333333,-0.013127735056842154,-0.009479443445034685
1.7614995448333333,-0.008994675809136073,-0.009428505773172325
1.7616995448333332,-0.011528026144763394,-0.009377855801060708
1.7618995448333332,-0.015927948563724016,-0.00932749172513495
1.7620995448333332,-0.012061548482684637,-0.009277411740969101
1.7622995448333332,-0.011528342568311858,-0.00922761404341511
1.7624995448333334,-0.01406166915393918,-0.009178096826741162
1.7626995448333334,-0.013261812822899802,-0.009128858284769427
1.7628995448333336,-0.010462023575193722,-0.009079896611011965
1.7630995448333335,-0.014328643494154344,-0.009031209998807443
1.7632995448333335,-0.008862294246448365,-0.008982796641455851
1.7634995448333335,-0.009795694582075588,-0.00893465473235202
1.7636995448333335,-0.012462376167702908,-0.008886782465120436
1.7638995448333334,-0.009795912753330228,-0.008839178033746144
1.7640995448333334,-0.011129297255624152,-0.008791839632707153
1.7642995448333334,-0.00806283634125147,-0.008744765457105274
1.7644995448333334,-0.010996180426878693,-0.008697953702795374
1.7646995448333334,-0.008196382429172715,-0.008651402566514657
1.7648995448333333,-0.008996457764799936,-0.008605110246010328
1.7650995448333333,-0.010463171433760556,-0.008559074940167158
1.765299544833333,-0.012196558019387876,-0.008513294849133098
1.7654995448333333,-0.0104633758550152,-0.008467768174444659
1.7656995448333335,-0.00686363244064242,-0.008422493119151025
1.7658995448333334,-0.00913029652626974,-0.008377467887937546
1.7660995448333336,-0.010463702695230363,-0.00833269068724751
1.7662995448333336,-0.010063810114190986,-0.008288159725404276
1.7664995448333336,-0.006864042949818305,-0.008243873212730242
1.7666995448333336,-0.008597414952112225,-0.008199829361667453
1.7668995448333336,-0.010197461121072846,-0.008156026386895285
1.7670995448333333,-0.008864282706700168,-0.00811246250544767
1.7672995448333333,-0.012730897208994089,-0.008069135936829187
1.7674995448333333,-0.00886448796128801,-0.008026044903130972
1.7676995448333332,-0.012197786213582033,-0.00798318762914411
1.7678995448333332,-0.010597954882542653,-0.007940562342473083
1.768099544833333,-0.010064747718169875,-0.007898167273647925
1.7682995448333332,-0.009264895137130497,-0.007856000656234928
1.7684995448333332,-0.012331560889424519,-0.007814060726947016
1.7686995448333334,-0.00966508622505174,-0.007772345725752009
1.7688995448333333,-0.00886523906067906,-0.0077308538959809815
1.7690995448333338,-0.007532045646306381,-0.007689583484434851
1.7692995448333335,-0.008332114731933604,-0.007648532741489702
1.7694995448333337,-0.010332162150894221,-0.007607699921201338
1.7696995448333335,-0.010332259986521545,-0.007567083281409224
1.7698995448333334,-0.007399137822148868,-0.007526681083837882
1.7700995448333334,-0.009799159824442788,-0.007486491594199004
1.7702995448333332,-0.007132686410070109,-0.007446513082291034
1.7704995448333334,-0.006466159662364031,-0.007406743822097949
1.7706995448333331,-0.0068662487479913496,-0.007367182091887876
1.7708995448333333,-0.008999605333618575,-0.0073278261743087375
1.771099544833333,-0.008199744835912594,-0.0072886743564847985
1.7712995448333333,-0.007799852254873214,-0.007249724930110154
1.771499544833333,-0.010066546340500434,-0.00721097619154318
1.7716995448333335,-0.007400095842794458,-0.007172426441897346
1.7718995448333332,-0.0074001786784216785,-0.00713407398713375
1.7720995448333337,-0.006866982764049,-0.007095917138149274
1.7722995448333334,-0.005000486016342922,-0.007057954210866912
1.7724995448333336,-0.007800497601970243,-0.007020183526321896
1.7726995448333336,-0.007133945020930862,-0.006982603410749176
1.7728995448333336,-0.006734083273224785,-0.006945212195668405
1.7730995448333333,-0.006467524442185405,-0.0069080082179675244
1.7732995448333333,-0.005534322694479428,-0.006870989819985881
1.7734995448333333,-0.005534423863440049,-0.006834155349596641
1.7736995448333333,-0.0066011816990672705,-0.0067975031602862815
1.7738995448333332,-0.004468022451361292,-0.006761031611235071
1.7740995448333332,-0.004068135703655213,-0.006724739067394416
1.7742995448333332,-0.009401370205949132,-0.006688623899564717
1.7744995448333332,-0.004601652208243155,-0.006652684484470729
1.7746995448333334,-0.0019352104605370752,-0.0066169192048362675
1.7748995448333333,-0.004201897046164398,-0.006581326449458578
1.7750995448333335,-0.00726854529845832,-0.006545904613279727
1.7752995448333335,-0.004202091884085638,-0.0065106520974586085
1.7754995448333335,-0.010468655553046262,-0.006475567309440502
1.7756995448333335,-0.007402177555340183,-0.006440648663026121
1.7758995448333335,-0.004335742474300802,-0.006405894578439767
1.7760995448333334,-0.006202437393261425,-0.006371303482395177
1.7762995448333334,-0.005669229812222044,-0.006336873808161307
1.7764995448333334,-0.0023361126478493675,-0.006302603995626863
1.7766995448333334,-0.004602807983476589,-0.006268492491362691
1.7768995448333333,-0.005669537069103909,-0.006234537748684362
1.7770995448333333,-0.003003094488064533,-0.00620073822771215
1.7772995448333333,-0.00260320024035845,-0.0061670923954314704
1.777499544833333,-0.0026033089093190735,-0.006133598725750896
1.7776995448333333,-0.0007368209116130949,-0.0061002556995590354
1.7778995448333332,-0.003136825413907014,-0.006067061804781786
1.7780995448333334,-0.0012703178328676377,-0.006034015536435716
1.7782995448333336,-0.002470390251828259,-0.0060011153966834365
1.7784995448333336,-0.004870413920788878,-0.005968359894885384
1.7786995448333336,-0.0008706792564161011,-0.005935747547651452
1.7788995448333336,-0.0006041216753768213,-0.005903276878891494
1.7790995448333335,-0.004204089511004044,-0.0058709464198648115
1.7792995448333335,-0.0012709773466313655,-0.005838754709227901
1.7794995448333333,-0.0028710243489252843,-0.005806700293081484
1.7796995448333333,-0.0026044559345526092,-0.005774781725016735
1.7798995448333332,-0.0020712329368465284,-0.005742997566159523
1.7800995448333332,-0.0016713770224738508,-0.005711346385214451
1.7802995448333332,-7.154735810117017e-05,-0.005679826758507264
1.7804995448333332,-0.0011382785270616924,-0.00564843727002604
1.7806995448333331,0.0009948528039775868,-0.005617176511461637
1.7808995448333333,-0.002338453364983034,-0.00558604308224699
1.7810995448333333,-0.0028718541172769573,-0.005555035589595087
1.7812995448333335,0.0012612147137624225,-0.005524152648535796
1.7814995448333335,0.0004611377114685025,-0.005493392881952015
1.7816995448333337,0.0005943677925078807,-0.005462754920614575
1.7818995448333335,-0.002472284626452742,-0.005432237403215719
1.7820995448333334,0.00046082587125323773,-0.0054018389764017875
1.7822995448333334,0.0011273609522926154,-0.005371558294805014
1.7824995448333332,0.0013939139499986961,-0.005341394021074127
1.7826995448333334,6.0533197704774194e-05,-0.005311344825903381
1.7828995448333331,0.0008603841120774537,-0.0052814093880614735
1.7830995448333333,0.004193495443116832,-0.005251586394418547
1.783299544833333,-0.002873012809177091,-0.005221874539973043
1.7834995448333333,0.0004600918551955907,-0.005192272527876222
1.7836995448333333,0.0007266556862349678,-0.005162779069457065
1.7838995448333335,0.0016598416006076457,-0.005133392884245476
1.7840995448333334,0.004192982514980426,-0.005104112699994317
1.7842995448333336,0.004726156762686404,-0.005074937252700487
1.7844995448333334,0.0008595526770591826,-0.005045865286625673
1.7846995448333336,0.0009927823414318613,-0.005016895554314834
1.7848995448333336,0.003792569089137941,-0.004988026816615245
1.7850995448333333,0.0012592166701773204,-0.004959257842692887
1.7852995448333333,0.0003258234178833974,-0.004930587410049311
1.7854995448333333,0.0059254947489226755,-0.004902014304536982
1.7856995448333333,0.0007255981632954562,-0.004873537320373014
1.7858995448333332,-0.00020780633899846607,-0.004845155260152974
1.7860995448333332,0.003925262908707514,-0.004816866934863209
1.7862995448333332,-0.00020802742691980805,-0.004788671163892514
1.7864995448333332,0.0023251201541195695,-0.004760566775042321
1.7866995448333332,0.0045915869018256505,-0.004732552604536269
1.7868995448333334,0.002324911149531728,-0.004704627497029189
1.7870995448333333,0.001658165397237706,-0.0046767903056148434
1.7872995448333335,0.0036579808949437857,-0.004649039891832507
1.7874995448333335,0.004457848892649864,-0.004621375125673234
1.7876995448333335,0.002591150640355944,-0.004593794885584609
1.7878995448333335,0.001124422388061921,-0.004566298058475269
1.7880995448333334,-0.0019422396142319987,-0.004538883539717837
1.7882995448333334,0.003657453800140679,-0.004511550233151742
1.7884995448333334,0.005657260964513357,-0.004484297051084553
1.7886995448333334,0.0021906277122194385,-0.004457122914292474
1.7888995448333334,0.0008572407099255164,-0.004430026752020888
1.7890995448333333,0.006990231207631494,-0.0044030075019825645
1.7892995448333333,0.0003237342053375742,-0.004376064110356559
1.7894995448333333,0.003923482203043652,-0.0043491955317854
1.7896995448333333,0.00352338853408303,-0.004322400729371095
1.7898995448333332,0.0060565169484557094,-0.004295678674671807
1.7900995448333334,0.008322987862828488,-0.004269028347696168
1.7902995448333334,0.004323052527201167,-0.004242448736897746
1.7904995448333336,0.006189535524907246,-0.004215938839168269
1.7906995448333336,0.005122794772613223,-0.004189497659830492
1.7908995448333336,0.004322716103652603,-0.004163124212629732
1.7910995448333336,0.003122684518025382,-0.004136817519725236
1.7912995448333333,0.002455928349064761,-0.004110576611680222
1.7914995448333335,0.007922268430104039,-0.004084400527451983
1.7916995448333333,0.005388934761143417,-0.00405828831438032
1.7918995448333332,0.0033889002588494976,-0.00403223902817597
1.7920995448333332,0.004188762423222275,-0.004006251732907945
1.7922995448333334,0.004055334170928253,-0.0039803255009903315
1.7924995448333332,0.005921811751967633,-0.003954459413168304
1.7926995448333334,0.004455103083007011,-0.00392865255850334
1.7928995448333331,0.004988310247379791,-0.003902904034358369
1.7930995448333333,0.007121468245085769,-0.003877212946381181
1.7932995448333333,0.005388092492791848,-0.003851578408488383
1.7934995448333335,0.005387987990497828,-0.003825999542847415
1.7936995448333335,0.005521206821537205,-0.003800475479859216
1.7938995448333337,0.008454322319243285,-0.003775005358139588
1.7940995448333334,0.004321044066949364,-0.00374958832449949
1.7942995448333334,0.007254148731322041,-0.003724223533925619
1.7944995448333334,0.009520628812361421,-0.0036989101495601188
1.7946995448333332,0.0052540226434008,-0.0036736473426791545
1.7948995448333334,0.006453877307773477,-0.0036484342926712443
1.7950995448333331,0.005520464472146257,-0.003623270187015625
1.7952995448333333,0.009120234553185636,-0.0035981542212589353
1.7954995448333333,0.008186828800891714,-0.003573085598992175
1.7956995448333333,0.008186717215264393,-0.0035480635318264984
1.7958995448333333,0.006320020629637072,-0.003523087239368883
1.7960995448333335,0.007786534460676451,-0.003498155949197403
1.7962995448333334,0.005386516208382529,-0.003473268896835287
1.7964995448333336,0.005386414622755209,-0.003448425325725307
1.7966995448333334,0.009386163453794588,-0.003423624487202681
1.7968995448333336,0.009386046034833964,-0.003398865640468462
1.7970995448333333,0.007119370699206646,-0.003374148052561875
1.7972995448333333,0.008585870780246023,-0.0033494709983321043
1.7974995448333333,0.006452512527952101,-0.0033248337604099565
1.7976995448333333,0.005919093858991481,-0.0033002356291788036
1.7978995448333333,0.006318982273364159,-0.0032756759027450172
1.7980995448333332,0.008985424021070238,-0.0032511538869081404
1.7982995448333332,0.007652044102109617,-0.003226668895130777
1.7984995448333332,0.008318580433148995,-0.0032022202485074217
1.7986995448333334,0.008051810930855075,-0.0031778072757332946
1.7988995448333331,0.006851757678561053,-0.0031534293130729392
1.7990995448333333,0.0060516852596004325,-0.003129085704328007
1.7992995448333333,0.006318241173973211,-0.003104775800804749
1.7994995448333335,0.00418486417167919,-0.0030804989612814703
1.7996995448333335,0.009384593836051969,-0.003056254551975025
1.7998995448333335,0.006584570583757947,-0.0030320419465071314
1.8000995448333335,0.009117715664797325,-0.0030078605258707005
1.8002995448333334,0.008984271995836804,-0.0029837096783953483
1.8004995448333334,0.008850847910209483,-0.00295958879971264
1.8006995448333334,0.006184171741248863,-0.0029354972927212956
1.8008995448333334,0.005917423488954842,-0.0029114345675517344
1.8010995448333333,0.007383917736660919,-0.002887400041529925
1.8012995448333333,0.008983765317700298,-0.0028633931391422274
1.8014995448333333,0.008050348732073078,-0.002839413291998456
1.8016995448333333,0.008050265479779058,-0.0028154599387953585
1.8018995448333333,0.0032503268108184345,-0.0027915325252799252
1.8020995448333335,0.007916715641857813,-0.002767630504211674
1.8022995448333332,0.010316499472897193,-0.0027437533353262835
1.8024995448333334,0.005383258720603272,-0.0027199004852960103
1.8026995448333336,0.010049646301642649,-0.0026960714276936656
1.8028995448333336,0.008316273882682029,-0.0026722656429529553
1.8030995448333336,0.008982804797054707,-0.0026484826183303936
1.8032995448333335,0.007916079461427486,-0.002624721847866881
1.8034995448333335,0.009515914125800166,-0.002600982832348025
1.8036995448333335,0.008315838790172843,-0.0025772650792653317
1.8038995448333333,0.004849198454545622,-0.002553568102776928
1.8040995448333332,0.006182408952251601,-0.0025298914236675405
1.8042995448333332,0.00604896569995768,-0.002506234569308866
1.8044995448333334,0.009648729947663758,-0.002482597073619361
1.8046995448333334,0.010315255862036438,-0.0024589784770241343
1.8048995448333334,0.008315242193075816,-0.0024353783264148246
1.8050995448333333,0.007781804357448495,-0.002411796175108346
1.8052995448333333,0.006981728605154573,-0.0023882315828064626
1.8054995448333333,0.006448305352860553,-0.002364684115555263
1.8056995448333335,0.008714783350566632,-0.0023411533457032853
1.8058995448333335,0.00711474843160601,-0.002317638851861066
1.8060995448333337,0.007647964762645389,-0.002294140218859592
1.8062995448333334,0.009781094010351467,-0.0022706570377083513
1.8064995448333334,0.010447632841390846,-0.0022471889055542785
1.8066995448333336,0.006847679589096925,-0.00222373542563977
1.8068995448333334,0.007780850503469604,-0.002200296207261205
1.8070995448333333,0.008980705584508981,-0.002176870865726402
1.807299544833333,0.005914060248881661,-0.002153459022313257
1.8074995448333333,0.008580508663254442,-0.002130060304226928
1.8076995448333333,0.009513703327627118,-0.002106674344558156
1.8078995448333333,0.008580305491999797,-0.002083300782241003
1.8080995448333332,0.009913486823039178,-0.0020599392620097756
1.8082995448333334,0.009246750654078555,-0.0020365894343578376
1.8084995448333334,0.007113389485117934,-0.002013250955493724
1.8086995448333334,0.0076465987328240125,-0.0019899234872999623
1.8088995448333334,0.00924643006386339,-0.0019666066972891466
1.8090995448333336,0.00764636931156947,-0.001943300258562415
1.8092995448333333,0.009379543142608748,-0.0019200038497663731
1.8094995448333335,0.0059129015569815285,-0.0018967171550502038
1.8096995448333335,0.009246010388020906,-0.001873439864023247
1.8098995448333335,0.006179347969060285,-0.0018501716717121278
1.8100995448333332,0.008845817216766264,-0.0018269122785183889
1.8102995448333332,0.009912321464472343,-0.0018036613901747252
1.8104995448333332,0.0075123157121784224,-0.0017804187177036456
1.8106995448333332,0.009512127876551101,-0.0017571839773735352
1.8108995448333334,0.008578723790923778,-0.0017339568906567268
1.8110995448333334,0.009378601371963158,-0.0017107371841864388
1.8112995448333333,0.008578526036335937,-0.0016875245897136888
1.8114995448333333,0.0044452594507086145,-0.0016643188440656138
1.8116995448333335,0.007778331615081394,-0.001641119689101826
1.8118995448333335,0.005245007529454072,-0.0016179268716724339
1.8120995448333335,0.0077781271938267525,-0.0015947401435755042
1.8122995448333334,0.008844655191532831,-0.0015715592615137316
1.8124995448333334,0.01017783610590551,-0.0015483839870533325
1.8126995448333334,0.008711106603611588,-0.0015252140865801328
1.8128995448333334,0.007111071684650966,-0.0015020493312587872
1.8130995448333334,0.007910943015690345,-0.001478889496989149
1.8132995448333333,0.009377454346729725,-0.0014557343643647619
1.8134995448333333,0.008577370261102401,-0.0014325837186306754
1.8136995448333333,0.007910623258808482,-0.0014094373496409997
1.8138995448333333,0.00857714542318116,-0.0013862950518177847
1.8140995448333332,0.008310401337553838,-0.0013631566241078352
1.8142995448333334,0.009510243085259919,-0.0013400218699426228
1.8144995448333332,0.005510303999632597,-0.0013168905971946503
1.8146995448333334,0.009376719080671975,-0.001293762618137716
1.8148995448333334,0.007909997495044754,-0.0012706377494040104
1.8150995448333334,0.004709997992750733,-0.0012475158119434934
1.8152995448333336,0.007376484323790212,-0.0012243966309825045
1.8154995448333335,0.00750968315482949,-0.0012012800359826085
1.8156995448333335,0.011509444485868868,-0.001178165860599316
1.8158995448333335,0.009109440816908348,-0.0011550539426413414
1.8160995448333332,0.011642560897947626,-0.0011319441240303621
1.8162995448333332,0.008042595562320405,-0.0011088362507591977
1.8164995448333332,0.010842388560026384,-0.0010857301728525136
1.8166995448333334,0.012575536974399162,-0.0010626257443256137
1.8168995448333332,0.009242229555438542,-0.0010395228231447457
1.8170995448333334,0.00684223046981122,-0.0010164212711865428
1.8172995448333333,0.0087087030508506,-0.0009933209541988987
1.8174995448333333,0.010308554381889977,-0.0009702217417599528
1.8176995448333333,0.009775138629596055,-0.000947123507239706
1.8178995448333335,0.012708252460635436,-0.0009240261277595513
1.8180995448333335,0.009908247541674815,-0.0009009294841540714
1.8182995448333334,0.010574777206047492,-0.0008778334609305498
1.8184995448333334,0.010441343537086872,-0.0008547379462309826
1.8186995448333334,0.01097456320145955,-0.0008316428317930452
1.8188995448333334,0.01057446536583233,-0.0008085480129115211
1.8190995448333334,0.011107680030205007,-0.0007854533883993902
1.8192995448333333,0.011107571777911086,-0.0007623588605501187
1.819499544833333,0.010307487275617066,-0.0007392643350993481
1.8196995448333333,0.011773998189989844,-0.0007161697211867839
1.8198995448333333,0.010840590354362523,-0.0006930749313190149
1.8200995448333332,0.010707169185401901,-0.0006699798813310027
1.8202995448333332,0.010440404266441279,-0.0006468844903500103
1.8204995448333334,0.00990697393081406,-0.0006237886807569852
1.8206995448333334,0.010840178595186737,-0.000600692378151295
1.8208995448333334,0.012173363676226116,-0.0005775955113122902
1.8210995448333334,0.009240035840598796,-0.0005544980121636498
1.8212995448333336,0.009906575921638173,-0.0005313998157370108
1.8214995448333333,0.011239738086010954,-0.0005083008601354065
1.8216995448333333,0.012706241500383632,-0.0004852010864978038
1.8218995448333335,0.01270614908142301,-0.0004621004389626424
1.8220995448333335,0.01243937374579569,-0.00043899886463308037
1.8222995448333332,0.011905957576835068,-0.00041589631354124724
1.8224995448333332,0.013239139324541148,-0.0003927927386127753
1.8226995448333332,0.010972437322247225,-0.0003696880956325945
1.8228995448333332,0.011105674486619904,-0.0003465823432098879
1.8230995448333334,0.012038865817659283,-0.0003234754427434408
1.8232995448333333,0.014172001315365161,-0.00030036735838774624
1.8234995448333335,0.01283863389640464,-0.00027725805701845225
1.8236995448333335,0.013638493560777419,-0.00025414750819929306
1.8238995448333335,0.012305104475150097,-0.00023103568414746067
1.8240995448333335,0.013771603722856178,-0.00020792255970123304
1.8242995448333335,0.013904852553895555,-0.00018480811228599217
1.8244995448333334,0.011904798884934934,-0.000161692321881944
1.8246995448333334,0.013637972299307613,-0.00013857517099075516
1.8248995448333334,0.009904666130346991,-0.00011545664460408822
1.8250995448333334,0.014437730378052972,-9.233673016998328e-05
1.8252995448333333,0.01537091629242565,-6.921541756175187e-05
1.8254995448333333,0.014170867623465028,-4.6092699045978335e-05
1.8256995448333333,0.015770702287837807,-2.2968569250942117e-05
1.8258995448333333,0.012970699868877285,0.0
1.8260995448333333,0.015503846199916564,0.0
1.8262995448333332,0.014437105030955842,0.0
1.8264995448333334,0.013637033445328722,0.0
1.8266995448333334,0.015236865609701302,0.0
1.8268995448333336,0.01590340027407408,0.0
1.8270995448333336,0.01643659410511346,0.0
1.8272995448333333,0.014303259602819437,0.0
1.8274995448333333,0.013769828850525615,0.0
1.8276995448333335,0.013503064764898294,0.0
1.8278995448333335,0.016702839012604272,0.0
1.8280995448333335,0.016302734510310352,0.0
1.8282995448333332,0.012036160424683131,0.0
1.8284995448333332,0.01390265217238911,0.0
1.8286995448333334,0.015769118086761787,0.0
1.8288995448333334,0.012302482751134568,0.0
1.8290995448333331,0.014435635332173844,0.0
1.8292995448333333,0.017368738746546625,0.0
1.8294995448333335,0.013368788827586003,0.0
1.8296995448333335,0.014968635575291982,0.0
1.8298995448333335,0.016035127322998062,0.0
1.8300995448333335,0.01683500823737074,0.0
1.8302995448333335,0.01763489331841012,0.0
1.8304995448333334,0.015101526316116196,0.0
1.8306995448333332,0.013501498897155675,0.0
1.8308995448333334,0.016301287728194953,0.0
1.8310995448333336,0.017901103225901032,0.0
1.8312995448333333,0.015634432890273713,0.0
1.8314995448333333,0.01416773422131309,0.0
1.8316995448333333,0.01376761846901917,0.0
1.8318995448333333,0.012967559383391948,0.0
1.832099544833333,0.017500608631097928,0.0
1.8322995448333332,0.016167209962137306,0.0
1.8324995448333334,0.014700519209843286,0.0
1.8326995448333334,0.014833727624216062,0.0
1.8328995448333334,0.014166978121922042,0.0
1.8330995448333336,0.01763340778629482,0.0
1.8332995448333333,0.0160333645340008,0.0
1.8334995448333333,0.01789985003170688,0.0
1.8336995448333333,0.014833205112746257,0.0
1.8338995448333333,0.015633058110452337,0.0
1.8340995448333335,0.017232896524825014,0.0
1.8342995448333335,0.013766256189197792,0.0
1.8344995448333334,0.015899397936903772,0.0
1.8346995448333332,0.01643261051794315,0.0
1.8348995448333332,0.01683249893231583,0.0
1.8350995448333332,0.017099048596688607,0.0
1.8352995448333331,0.015498996594394587,0.0
1.8354995448333333,0.015498895842100667,0.0
1.8356995448333335,0.017765363839806744,0.0
1.8358995448333335,0.018965217670846024,0.0
1.8360995448333335,0.014698609418552102,0.0
1.8362995448333335,0.01616512366625818,0.0
1.8364995448333334,0.01509839166396426,0.0
1.8366995448333334,0.015364920911670238,0.0
1.8368995448333334,0.017098091409376317,0.0
1.8370995448333334,0.014298097740415697,0.0
1.8372995448333336,0.013898010738121774,0.0
1.8374995448333333,0.015764520819161052,0.0
1.8376995448333333,0.017630993816867134,0.0
1.8378995448333333,0.01429768473123991,0.0
1.8380995448333333,0.01549751939561259,0.0
1.8382995448333332,0.01869730655998527,0.0
1.8384995448333332,0.016563955807691346,0.0
1.8386995448333334,0.013097312138730827,0.0
1.8388995448333336,0.014830453886436805,0.0
1.8390995448333336,0.015230343967476183,0.0
1.8392995448333334,0.015630221965182163,0.0
1.8394995448333333,0.01803001537955494,0.0
1.8396995448333333,0.016296661293927622,0.0
1.8398995448333335,0.0172298572083003,0.0
1.8400995448333335,0.018696360622673075,0.0
1.8402995448333335,0.014829735703712457,0.0
1.8404995448333334,0.014429664534751835,0.0
1.8406995448333334,0.018029384199124514,0.0
1.8408995448333334,0.013896127613497292,0.0
1.8410995448333332,0.01762921644453657,0.0
1.8412995448333331,0.01682913402557595,0.0
1.8414995448333333,0.013895819939948829,0.0
1.8416995448333335,0.017495577520988105,0.0
1.8418995448333335,0.019228728435360786,0.0
1.8420995448333335,0.019495293516400163,0.0
1.8422995448333335,0.014962021514106144,0.0
1.8424995448333334,0.016428521595145622,0.0
1.8426995448333334,0.014828480426185,0.0
1.8428995448333334,0.01882822967389098,0.0
1.8430995448333334,0.01909478267159706,0.0
1.8432995448333336,0.017361420252636435,0.0
1.8434995448333333,0.015494709500342416,0.0
1.8436995448333333,0.020294403331381793,0.0
1.8438995448333333,0.015494503412421173,0.0
1.8440995448333333,0.015494393910127252,0.0
1.8442995448333332,0.01682757774116663,0.0
1.8444995448333332,0.01669413032220601,0.0
1.8446995448333334,0.014960760819912088,0.0
1.8448995448333334,0.018027190900951468,0.0
1.8450995448333334,0.016027189315324146,0.0
1.8452995448333336,0.018560312313030222,0.0
1.8454995448333333,0.016560263227402904,0.0
1.8456995448333333,0.01629353497510898,0.0
1.8458995448333333,0.01855998838948166,0.0
1.8460995448333335,0.018826525553854438,0.0
1.8462995448333335,0.014826606051560418,0.0
1.8464995448333335,0.016959727799266498,0.0
1.8466995448333332,0.017626273713639177,0.0
1.8468995448333332,0.015892906711345255,0.0
1.8470995448333332,0.015892812209051234,0.0
1.8472995448333331,0.014159425206757312,0.0
1.8474995448333333,0.015225957787796692,0.0
1.8476995448333333,0.01989232036883607,0.0
1.8478995448333335,0.018292292533208847,0.0
1.8480995448333335,0.015092311364248228,0.0
1.8482995448333335,0.013892259778621007,0.0
1.8484995448333335,0.017358664442993586,0.0
1.8486995448333334,0.017625244524032965,0.0
1.8488995448333334,0.019625060438405742,0.0
1.8490995448333334,0.015091780936111722,0.0
1.8492995448333334,0.0160249922671511,0.0
1.8494995448333333,0.01655818776485718,0.0
1.8496995448333333,0.01695807159589656,0.0
1.8498995448333333,0.016157997093602536,0.0
1.8500995448333333,0.017624521757975315,0.0
1.8502995448333333,0.014824506005681394,0.0
1.8504995448333332,0.01642435025338737,0.0
1.8506995448333332,0.017224212834426753,0.0
1.8508995448333334,0.01682411749879953,0.0
1.8510995448333336,0.015757366329838807,0.0
1.8512995448333334,0.01735720599421159,0.0
1.8514995448333333,0.015090527325250966,0.0
1.8516995448333333,0.015357079906290346,0.0
1.8518995448333335,0.015490311237329723,0.0
1.8520995448333335,0.018156750485035702,0.0
1.8522995448333335,0.015623408899408482,0.0
1.8524995448333335,0.01522333773044786,0.0
1.8526995448333334,0.01815643781148724,0.0
1.8528995448333334,0.017756365809193316,0.0
1.8530995448333334,0.017756259640232596,0.0
1.8532995448333334,0.020156053471271976,0.0
1.8534995448333331,0.014289516052311454,0.0
1.8536995448333333,0.015489342800017434,0.0
1.8538995448333333,0.015089264964390212,0.0
1.8540995448333335,0.01948899046209619,0.0
1.8542995448333335,0.01308912054313567,0.0
1.8544995448333335,0.018955465624174946,0.0
1.8546995448333334,0.019222016955214326,0.0
1.8548995448333334,0.016155364952920404,0.0
1.8550995448333334,0.018021848367293085,0.0
1.8552995448333334,0.020821639698332464,0.0
1.8554995448333336,0.01842162061270524,0.0
1.8556995448333333,0.01802152986041122,0.0
1.8558995448333333,0.0172214691081173,0.0
1.8560995448333333,0.017754682105823278,0.0
1.8562995448333333,0.015887976353529357,0.0
1.8564995448333332,0.018687763517902037,0.0
1.8566995448333334,0.014821139015608113,0.0
1.8568995448333334,0.017487596596647493,0.0
1.8570995448333334,0.01668751292768687,0.0
1.8572995448333334,0.01428749842539295,0.0
1.8574995448333333,0.01655397642309903,0.0
1.8576995448333333,0.017753806920805006,0.0
1.8578995448333333,0.017753743251844388,0.0
1.8580995448333333,0.016953654166217164,0.0
1.8582995448333335,0.016953544663923143,0.0
1.8584995448333335,0.017620068494962525,0.0
1.8586995448333334,0.0176199727426686,0.0
1.8588995448333332,0.019486467407041283,0.0
1.8590995448333334,0.016953127488080658,0.0
1.8592995448333334,0.020819526319120037,0.0
1.8594995448333334,0.021486071400159415,0.0
1.8596995448333333,0.015352871064532096,0.0
1.8598995448333333,0.019352623228904874,0.0
1.8600995448333335,0.019085867893277552,0.0
1.8602995448333335,0.019619050474316932,0.0
1.8604995448333335,0.01828567805535631,0.0
1.8606995448333332,0.014419065219728988,0.0
1.8608995448333334,0.017485506967435067,0.0
1.8610995448333334,0.017218726631807846,0.0
1.8612995448333334,0.016685321712847125,0.0
1.8614995448333334,0.017351868460553206,0.0
1.8616995448333333,0.01908500270825928,0.0
1.8618995448333333,0.016684981539298663,0.0
1.8620995448333333,0.019084797037004643,0.0
1.8622995448333333,0.018551387118044018,0.0
1.8624995448333332,0.0174846517824168,0.0
1.8626995448333332,0.017617886863456177,0.0
1.8628995448333332,0.017751095277828855,0.0
1.8630995448333334,0.016684380775534934,0.0
1.8632995448333334,0.015350985439907613,0.0
1.8634995448333334,0.01815074843761369,0.0
1.8636995448333333,0.01721736643531967,0.0
1.8638995448333333,0.01721726568302575,0.0
1.8640995448333335,0.018683758680731827,0.0
1.8642995448333335,0.015750431261771208,0.0
1.8644995448333335,0.018283575509477186,0.0
1.8646995448333334,0.018416782673849965,0.0
1.8648995448333334,0.017883378588222643,0.0
1.8650995448333334,0.01881656866926202,0.0
1.8652995448333334,0.0196164266669681,0.0
1.8654995448333334,0.01748307508134078,0.0
1.8656995448333333,0.01521639724571346,0.0
1.8658995448333333,0.019082801493419538,0.0
1.8660995448333333,0.016016156157792213,0.0
1.8662995448333335,0.018415968322164994,0.0
1.8664995448333332,0.019749133403204375,0.0
1.8666995448333332,0.018682407650910452,0.0
1.8668995448333332,0.016949019815283132,0.0
1.8670995448333334,0.020282134062989208,0.0
1.8672995448333334,0.01748211539402849,0.0
1.8674995448333334,0.021215207975067967,0.0
1.8676995448333336,0.018015222639440644,0.0
1.8678995448333335,0.017615119387146626,0.0
1.8680995448333335,0.020814914051519404,0.0
1.8682995448333333,0.021081469132558782,0.0
1.8684995448333335,0.01574824171359816,0.0
1.8686995448333334,0.018281378461304138,0.0
1.8688995448333334,0.020147836459010218,0.0
1.8690995448333334,0.017481177790049596,0.0
1.8692995448333334,0.016014477037755676,0.0
1.8694995448333334,0.017880960868795055,0.0
1.8696995448333333,0.017614197616501032,0.0
1.8698995448333333,0.017747419364207113,0.0
1.8700995448333333,0.02121384861191319,0.0
1.8702995448333335,0.02121374619295257,0.0
1.8704995448333335,0.01841375627399195,0.0
1.8706995448333334,0.018146989688364625,0.0
1.8708995448333334,0.016146966436070706,0.0
1.8710995448333334,0.019213410267110084,0.0
1.8712995448333334,0.019079963681482764,0.0
1.8714995448333334,0.015746652512522143,0.0
1.8716995448333333,0.01974640467689492,0.0
1.8718995448333333,0.0181463568412676,0.0
1.8720995448333335,0.018946233172306978,0.0
1.8722995448333335,0.018279482420013055,0.0
1.8724995448333335,0.017479405417719036,0.0
1.8726995448333332,0.017612626332091815,0.0
1.8728995448333332,0.017745855996464492,0.0
1.8730995448333334,0.01894569857750387,0.0
1.8732995448333334,0.01921223740854325,0.0
1.8734995448333334,0.01761221957291593,0.0
1.8736995448333333,0.021478633403955307,0.0
1.8738995448333333,0.017745327234994685,0.0
1.8740995448333333,0.020545118149367467,0.0
1.8742995448333333,0.021478314480406845,0.0
1.8744995448333333,0.017611690394779524,0.0
1.8746995448333332,0.0173449233924856,0.0
1.8748995448333334,0.02227797264019158,0.0
1.8750995448333334,0.02107790438789766,0.0
1.8752995448333334,0.01801125446893704,0.0
1.8754995448333334,0.022277649133309714,0.0
1.8756995448333333,0.017211070881015797,0.0
1.8758995448333333,0.018677569295388476,0.0
1.8760995448333333,0.020944056876427853,0.0
1.8762995448333335,0.019077353207467233,0.0
1.8764995448333335,0.01814396037184001,0.0
1.8766995448333332,0.01947713378621269,0.0
1.8768995448333334,0.018010399700585367,0.0
1.8770995448333334,0.02054353269829145,0.0
1.8772995448333334,0.019210169862664127,0.0
1.8774995448333334,0.017610114943703504,0.0
1.8776995448333333,0.016676703774742882,0.0
1.8778995448333333,0.020543128855782262,0.0
1.8780995448333335,0.01680983227015504,0.0
1.8782995448333335,0.018009680267861018,0.0
1.8784995448333335,0.020142831182233797,0.0
1.8786995448333332,0.019209416263273178,0.0
1.8788995448333332,0.020142630094312556,0.0
1.8790995448333334,0.022675734342018534,0.0
1.8792995448333334,0.015742567756391213,0.0
1.8794995448333334,0.019608986587430693,0.0
1.8796995448333333,0.019075573335136674,0.0
1.8798995448333333,0.01840881549950935,0.0
1.8800995448333333,0.019342025997215427,0.0
1.8802995448333335,0.016542004828254808,0.0
1.8804995448333333,0.018275173659294187,0.0
1.8806995448333332,0.019475024157000264,0.0
1.8808995448333334,0.019074931321372945,0.0
1.8810995448333334,0.01760823015241232,0.0
1.8812995448333334,0.0169414739834517,0.0
1.8814995448333334,0.01934128614782438,0.0
1.8816995448333333,0.01840786706219716,0.0
1.8818995448333333,0.017207809226569837,0.0
1.8820995448333333,0.019207623474275917,0.0
1.8822995448333333,0.018940871471981896,0.0
1.8824995448333333,0.018274128219687973,0.0
1.8826995448333335,0.018807338717394054,0.0
1.8828995448333334,0.01747393713176673,0.0
1.8830995448333334,0.01494061512947281,0.0
1.8832995448333334,0.019207000210512186,0.0
1.8834995448333334,0.019073569458218267,0.0
1.8836995448333334,0.016006934122590945,0.0
1.8838995448333333,0.019873320453630328,0.0
1.8840995448333333,0.017339990951336304,0.0
1.8842995448333335,0.01653991936570908,0.0
1.8844995448333335,0.01747311236341516,0.0
1.8846995448333335,0.01907293369445454,0.0
1.8848995448333332,0.01773957252549392,0.0
1.8850995448333332,0.016406164273199898,0.0
1.8852995448333334,0.017872660604239275,0.0
1.8854995448333334,0.016405968601945355,0.0
1.8856995448333336,0.018805747016318035,0.0
1.8858995448333333,0.015472455847357411,0.0
1.8860995448333333,0.01800558759506349,0.0
1.8862995448333333,0.018272137259436168,0.0
1.8864995448333333,0.01813870859047555,0.0
1.8866995448333335,0.01867191825484823,0.0
1.8868995448333332,0.018138483752554307,0.0
1.8870995448333334,0.015205168000260385,0.0
1.8872995448333334,0.015071729331299764,0.0
1.8874995448333334,0.017738197329005743,0.0
1.8876995448333334,0.01600481116004512,0.0
1.8878995448333333,0.0164047074910845,0.0
1.8880995448333333,0.019204488822123878,0.0
1.8882995448333335,0.016137838486496657,0.0
1.8884995448333333,0.015604412317536035,0.0
1.8886995448333335,0.016270946148575414,0.0
1.8888995448333334,0.014004261229614822,0.0
1.8890995448333334,0.016404062143987472,0.0
1.8892995448333334,0.01733726805836025,0.0
1.8894995448333334,0.01413727772273293,0.0
1.8896995448333334,0.015603784470438909,0.0
1.8898995448333333,0.01800359621814499,0.0
1.8900995448333333,0.013337020049184467,0.0
1.8902995448333335,0.014670184713557046,0.0
1.8904995448333335,0.017203304377929822,0.0
1.8906995448333335,0.016136569458969203,0.0
1.8908995448333332,0.014003219123341942,0.0
1.8910995448333332,0.01640302378771466,0.0
1.8912995448333334,0.01320305136875404,0.0
1.8914995448333334,0.015736171033126717,0.0
1.8916995448333334,0.018535959030832695,0.0
1.8918995448333333,0.015602641195205475,0.0
1.8920995448333333,0.015735857942911453,0.0
1.8922995448333335,0.014669125940617533,0.0
1.8924995448333335,0.012269115188323711,0.0
1.8926995448333332,0.01600220901936299,0.0
1.8928995448333334,0.01546878576706897,0.0
1.8930995448333332,0.015602007514775047,0.0
1.8932995448333334,0.014001974679147825,0.0
1.8934995448333334,0.015468483926853805,0.0
1.8936995448333334,0.016534986507893184,0.0
1.8938995448333333,0.012268384922265963,0.0
1.8940995448333333,0.016134802919971943,0.0
1.8942995448333333,0.012534827584344821,0.0
1.8944995448333333,0.014801310582050699,0.0
1.8946995448333335,0.014401208996423377,0.0
1.8948995448333334,0.013201156994129557,0.0
1.8950995448333334,0.017467558325168834,0.0
1.8952995448333334,0.013734247989541615,0.0
1.8954995448333334,0.01760067557058089,0.0
1.8956995448333334,0.015600651484953671,0.0
1.8958995448333333,0.01640048823265965,0.0
1.8960995448333333,0.015067127063699028,0.0
1.8962995448333335,0.015333677144738407,0.0
1.8964995448333335,0.017866788059111186,0.0
1.8966995448333335,0.012933530640150665,0.0
1.8968995448333335,0.014400058221189943,0.0
1.8970995448333334,0.013333321218896122,0.0
1.8972995448333334,0.0129332487999354,0.0
1.8974995448333334,0.013999769714308111,0.0
1.8976995448333334,0.01373300896201426,0.0
1.8978995448333336,0.013332908209720237,0.0
1.8980995448333333,0.015866058707426217,0.0
1.8982995448333333,0.013732685038465696,0.0
1.8984995448333335,0.013865912619505075,0.0
1.8986995448333333,0.014532469367210952,0.0
1.8988995448333335,0.01399903319825043,0.0
1.8990995448333332,0.01266562994595651,0.0
1.8992995448333334,0.013598843776995889,0.0
1.8994995448333334,0.015065346358035166,0.0
1.8996995448333334,0.011732040605741347,0.0
1.8998995448333333,0.014531840686780624,0.0
1.9000995449875,0.01653163910107243,0.0
1.9002995449875,0.01613153751544521,0.0
1.9004995449875002,0.014798174263151186,0.0
1.9006995449875,0.015464699760857266,0.0
1.9008995449875,0.015997894841896645,0.0
1.9010995449875,0.01639778658960262,0.0
1.9012995449875,0.016397674170642102,0.0
1.9014995449875,0.01626424008501478,0.0
1.9016995449875,0.015197517666054159,0.0
1.9018995449875,0.013464153163760238,0.0
1.9020995449875,0.012797381578133015,0.0
1.9022995449875,0.014663892909172296,0.0
1.9024995449875,0.014130476740211674,0.0
1.9026995449875002,0.013863702237917752,0.0
1.9028995449875,0.015596871068957033,0.0
1.9030995449875001,0.018130004483329812,0.0
1.9032995449875,0.01719660581436919,0.0
1.9034995449875,0.014796577978741867,0.0
1.9036995449875,0.016129753476447947,0.0
1.9038995449875,0.013996413974154024,0.0
1.9040995449875,0.015596252388526704,0.0
1.9042995449875002,0.01719607246956608,0.0
1.9044995449875002,0.013729438800605561,0.0
1.9046995449875,0.01599592013164484,0.0
1.9048995449875,0.01759575271268422,0.0
1.9050995449875001,0.015729054460390197,0.0
1.9052995449875,0.014662312458096276,0.0
1.9054995449875,0.015995488372468957,0.0
1.9056995449875,0.017461995953508433,0.0
1.9058995449875,0.015461985201214414,0.0
1.9060995449875,0.01946171028225379,0.0
1.9062995449875,0.01599507911329317,0.0
1.9064995449875,0.01772823711099925,0.0
1.9066995449875,0.01706149844203863,0.0
1.9068995449875,0.014928119356411305,0.0
1.9070995449875001,0.016394638187450686,0.0
1.9072995449875,0.014927925351823364,0.0
1.9074995449875,0.017327734182862743,0.0
1.9076995449875,0.014527735513902221,0.0
1.9078995449875,0.0173275072616082,0.0
1.9080995449875,0.01572747567598088,0.0
1.9082995449875,0.016260673257020356,0.0
1.9084995449875,0.01879381333805974,0.0
1.9086995449875002,0.017193761335765716,0.0
1.9088995449875,0.016926998916805092,0.0
1.9090995449875001,0.015193630664511173,0.0
1.9092995449875,0.01572683782888385,0.0
1.9094995449875,0.01692668624325653,0.0
1.9096995449875,0.01812655674096261,0.0
1.9098995449875,0.017593117238668687,0.0
1.9100995449875,0.018126335236374667,0.0
1.9102995449875002,0.017592914900747447,0.0
1.9104995449875,0.017592794565120126,0.0
1.9106995449875,0.015326132146159504,0.0
1.9108995449875,0.015592680143865582,0.0
1.9110995449875,0.017059181891571563,0.0
1.9112995449875,0.01679241572261094,0.0
1.9114995449875,0.015059053720317017,0.0
1.9116995449875,0.018392156301356398,0.0
1.9118995449875,0.012658934715729176,0.0
1.9120995449875,0.019725220630101854,0.0
1.9122995449875,0.015058631544474533,0.0
1.9124995449875,0.01732509662551391,0.0
1.9126995449875002,0.015591735873219992,0.0
1.9128995449875001,0.01625827595425937,0.0
1.9130995449875,0.017058131451965348,0.0
1.9132995449875,0.015591424033004727,0.0
1.9134995449875,0.013458052447377605,0.0
1.9136995449875,0.015057886695083485,0.0
1.9138995449875,0.018391004276122863,0.0
1.9140995449875,0.01612431102382894,0.0
1.9142995449875,0.017990800688201622,0.0
1.9144995449875002,0.0165240803525744,0.0
1.9146995449875002,0.016790635016947077,0.0
1.9148995449875001,0.015323917181319858,0.0
1.9150995449875,0.013457210179025935,0.0
1.9152995449875,0.017590300260065216,0.0
1.9154995449875,0.013590340757771394,0.0
1.9156995449875,0.01519017750547727,0.0
1.9158995449875,0.013990114253183413,0.0
1.9160995449875,0.01758988516755603,0.0
1.9162995449875,0.01692313774859541,0.0
1.9164995449875,0.018256303246301488,0.0
1.9166995449875002,0.017322902077340864,0.0
1.9168995449875,0.017056147991713545,0.0
1.9170995449875,0.014122813906086324,0.0
1.9172995449875,0.015056006070459002,0.0
1.9174995449875,0.01892241031816508,0.0
1.9176995449875,0.01865566539920446,0.0
1.9178995449875,0.01238913548024394,0.0
1.9180995449875,0.01892210056128322,0.0
1.9182995449875,0.017188737725655896,0.0
1.9184995449875,0.015988681556695274,0.0
1.9186995449875,0.017188545387734653,0.0
1.9188995449875001,0.015055174635440732,0.0
1.9190995449875,0.013321789299813511,0.0
1.9192995449875,0.018388163964186188,0.0
1.9194995449875,0.016654793211892168,0.0
1.9196995449875,0.014254773292931547,0.0
1.9198995449875,0.012521410457304425,0.0
1.9200995449875,0.014387887205010304,0.0
1.9202995449875,0.013587813119383183,0.0
1.9204995449875002,0.017187590283755765,0.0
1.9206995449875002,0.01598752161479514,0.0
1.9208995449875,0.01305420086250122,0.0
1.9210995449875,0.0153206755268739,0.0
1.9212995449875,0.014787255607913276,0.0
1.9214995449875,0.016253764022285955,0.0
1.9216995449875,0.013453756603325435,0.0
1.9218995449875,0.016520199184364714,0.0
1.9220995449875,0.012653575932070893,0.0
1.9222995449875,0.01798659892977687,0.0
1.9224995449875,0.015853252344149547,0.0
1.9226995449875,0.013186573258522329,0.0
1.9228995449875002,0.016386352922894906,0.0
1.9230995449875,0.013719682170601086,0.0
1.9232995449875,0.015186191834973665,0.0
1.9234995449875,0.013852808166013243,0.0
1.9236995449875,0.015719281580385824,0.0
1.9238995449875,0.013719270828092,0.0
1.9240995449875,0.01705235632579788,0.0
1.9242995449875,0.01625229224017066,0.0
1.9244995449875,0.016118863987876635,0.0
1.9246995449875,0.016118741985582715,0.0
1.9248995449875,0.012385451649955494,0.0
1.9250995449875001,0.013985285064328175,0.0
1.9252995449875001,0.017585031812034153,0.0
1.9254995449875,0.0139850868930736,0.0
1.9256995449875,0.01065175697411301,0.0
1.9258995449875,0.016918071221818987,0.0
1.9260995449875,0.014784732552858367,0.0
1.9262995449875,0.015051283467231046,0.0
1.9264995449875,0.018117731048270424,0.0
1.9266995449875002,0.013184486962643304,0.0
1.9268995449875002,0.013984344543682584,0.0
1.9270995449875,0.015050863374721961,0.0
1.9272995449875001,0.012917518455761341,0.0
1.9274995449875,0.01251742687013412,0.0
1.9276995449875,0.014650558201173397,0.0
1.9278995449875,0.013183841615546176,0.0
1.9280995449875,0.013850392946585554,0.0
1.9282995449875,0.015983535944291534,0.0
1.9284995449875002,0.013450192691997612,0.0
1.9286995449875,0.014783366939703592,0.0
1.9288995449875002,0.01611655577074297,0.0
1.9290995449875001,0.01611644710178235,0.0
1.9292995449875,0.013449777182821828,0.0
1.9294995449875,0.015982905597194508,0.0
1.9296995449875,0.016382775678233884,0.0
1.9298995449875,0.015316054925939864,0.0
1.9300995449875,0.01718254209031264,0.0
1.9302995449875,0.01584915842135202,0.0
1.9304995449875,0.0121158605857248,0.0
1.9306995449875,0.014515663583430679,0.0
1.9308995449875,0.015315545747803458,0.0
1.9310995449875,0.013448834162176236,0.0
1.9312995449875001,0.013315389659882314,0.0
1.9314995449875,0.015848526407588295,0.0
1.9316995449875,0.013181859821961073,0.0
1.9318995449875,0.015315002819667052,0.0
1.9320995449875,0.01611487040070633,0.0
1.9322995449875,0.012781565065079208,0.0
1.9324995449875,0.016781292229451787,0.0
1.9326995449875002,0.017314497310491166,0.0
1.9328995449875,0.015314500308197244,0.0
1.9330995449875,0.015847694555903326,0.0
1.9332995449875,0.014780964220276003,0.0
1.9334995449875,0.014780867634648682,0.0
1.9336995449875,0.01678066354902146,0.0
1.9338995449875,0.01598060321339414,0.0
1.9340995449875,0.014113905794433518,0.0
1.9342995449875,0.017713663792139595,0.0
1.9344995449875,0.013180395123178975,0.0
1.9346995449875002,0.013046965204218454,0.0
1.9348995449875,0.01664670986859103,0.0
1.9350995449875,0.013980045782963775,0.0
1.9352995449875,0.01251333586400319,0.0
1.9354995449875,0.01757969511170917,0.0
1.9356995449875,0.015179679359415148,0.0
1.9358995449875,0.007713199857121326,0.0
1.9360995449875,0.017179412021493905,0.0
1.9362995449875,0.015312703769199984,0.0
1.9364995449875,0.012512705933572862,0.0
1.9366995449875,0.014379190181278742,0.0
1.9368995449875,0.013445809012318219,0.0
1.9370995449875,0.0134456815933576,0.0
1.9372995449875001,0.017045459174396878,0.0
1.9374995449875,0.014912104255436256,0.0
1.9376995449875,0.013045371836475736,0.0
1.9378995449875,0.018511724834181714,0.0
1.9380995449875,0.012911840748554492,0.0
1.9382995449875,0.008778558746260571,0.0
1.9384995449875,0.01424490382729985,0.0
1.9386995449875002,0.01477809474167253,0.0
1.9388995449875,0.011978129406045408,0.0
1.9390995449875,0.015311223653751288,0.0
1.9392995449875,0.012111240818124066,0.0
1.9394995449875,0.009711234232496844,0.0
1.9396995449875,0.017444163063536123,0.0
1.9398995449875,0.013444216061242301,0.0
1.9400995449875,0.01131086447561498,0.0
1.9402995449875,0.01437729788998756,0.0
1.9404995449875,0.011043982137693737,0.0
1.9406995449875,0.009177285968733115,0.0
1.9408995449875,0.010910438133105795,0.0
1.9410995449875001,0.013843559464145174,0.0
1.9412995449875,0.013176808711851253,0.0
1.9414995449875,0.013576697542890632,0.0
1.9416995449875,0.01157666345726331,0.0
1.9418995449875,0.00957663187163599,0.0
1.9420995449875,0.012909737786008768,0.0
1.9422995449875,0.009976407033714748,0.0
1.9424995449875,0.010109648364754125,0.0
1.9426995449875,0.013176083029126904,0.0
1.9428995449875,0.013042655610166284,0.0
1.9430995449875,0.008509390274538961,0.0
1.9432995449875001,0.01424237743891164,0.0
1.9434995449875,0.01370896418661772,0.0
1.9436995449875,0.010642322184323798,0.0
1.9438995449875,0.012775473515363176,0.0
1.9440995449875,0.012775347346402555,0.0
1.9442995449875,0.009975365344108533,0.0
1.9444995449875,0.011308539591814614,0.0
1.9446995449875,0.01317502258952069,0.0
1.9448995449875002,0.011441653920560072,0.0
1.9450995449875002,0.01010826483493275,0.0
1.9452995449875001,0.009574859082638828,0.0
1.9454995449875,0.008374794580344808,0.0
1.9456995449875,0.013174497994717585,0.0
1.9458995449875,0.011441128492423663,0.0
1.9460995449875,0.010374388573463043,0.0
1.9462995449875,0.012374216154502321,0.0
1.9464995449875,0.011040841235541702,0.0
1.9466995449875,0.010774060899914478,0.0
1.9468995449875,0.011973913064287158,0.0
1.9470995449875002,0.010773855645326538,0.0
1.9472995449875,0.010240440309699214,0.0
1.9474995449875,0.009973687890738596,0.0
1.9476995449875,0.009706916305111373,0.0
1.9478995449875,0.009040165136150751,0.0
1.9480995449875,0.013306578550523432,0.0
1.9482995449875,0.009839930298229509,0.0
1.9484995449875,0.007839910795935486,0.0
1.9486995449875002,0.012639614626974967,0.0
1.9488995449875,0.007306384291347645,0.0
1.9490995449875002,0.012506071872387024,0.0
1.9492995449875,0.011972666536759703,0.0
1.9494995449875,0.009039339534465781,0.0
1.9496995449875,0.009572549198838461,0.0
1.9498995449875,0.01490555219654444,0.0
1.9500995449875,0.012505558944250518,0.0
1.9502995449875,0.009972214441956596,0.0
1.9504995449875,0.009572127022995975,0.0
1.9506995449875,0.011038634187368754,0.0
1.9508995449875002,0.009305271351741433,0.0
1.9510995449875,0.01210505184944741,0.0
1.9512995449875,0.013971529013820124,0.0
1.9514995449875001,0.007571687844859569,0.0
1.9516995449875,0.012904700842565649,0.0
1.9518995449875,0.007971454256938328,0.0
1.9520995449875,0.009704601837977705,0.0
1.9522995449875,0.012104430252350385,0.0
1.9524995449875,0.009571082000056463,0.0
1.9526995449875,0.010104282497762542,0.0
1.9528995449875002,0.00930422716213522,0.0
1.9530995449875002,0.012237335576507899,0.0
1.9532995449875001,0.008104034824213978,0.0
1.9534995449875001,0.013703718238586658,0.0
1.9536995449875,0.010370406236292734,0.0
1.9538995449875,0.010770282150665415,0.0
1.9540995449875,0.010103553065038193,0.0
1.9542995449875,0.010503420646077472,0.0
1.9544995449875,0.008370077393783551,0.0
1.9546995449875002,0.011436509141489628,0.0
1.9548995449875,0.009969797972529008,0.0
1.9550995449875,0.008236434303568387,0.0
1.9552995449875,0.010636241467941066,0.0
1.9554995449875001,0.010502801132313744,0.0
1.9556995449875,0.013035929130019823,0.0
1.9558995449875,0.010769254211059202,0.0
1.9560995449875,0.01130245679209858,0.0
1.9562995449875,0.010502380623137958,0.0
1.9564995449875,0.01263552862084404,0.0
1.9566995449875002,0.010235523285216716,0.0
1.9568995449875,0.010635387949589396,0.0
1.9570995449875002,0.010368630113962175,0.0
1.9572995449875001,0.012101805195001553,0.0
1.9574995449875001,0.010368433192707633,0.0
1.9576995449875,0.012101589107080311,0.0
1.9578995449875,0.01156816543811969,0.0
1.9580995449875,0.009301480519159067,0.0
1.9582995449875,0.008634731016865047,0.0
1.9584995449875,0.009834585264571125,0.0
1.9586995449875,0.008767867845610504,0.0
1.9588995449875,0.012634258759983282,0.0
1.9590995449875,0.010767568007689262,0.0
1.9592995449875001,0.01196741808872864,0.0
1.9594995449875,0.010367377336434721,0.0
1.9596995449875,0.010500594084140698,0.0
1.9598995449875,0.011433783748513476,0.0
1.9600995449875,0.014100253412886057,0.0
1.9602995449875,0.011966900160592235,0.0
1.9604995449875,0.010633501074964915,0.0
1.9606995449875,0.012100004906004292,0.0
1.9608995449875002,0.00956666373704367,0.0
1.9610995449875002,0.012499790484749751,0.0
1.9612995449875001,0.015299571399122329,0.0
1.9614995449875001,0.011432941063495107,0.0
1.9616995449875,0.011032869061201187,0.0
1.9618995449875,0.014632624975573865,0.0
1.9620995449875,0.010366015056613343,0.0
1.9622995449875,0.013832445137652622,0.0
1.9624995449875,0.0131656956353587,0.0
1.9626995449875,0.01089900279973148,0.0
1.9628995449875,0.010765578297437458,0.0
1.9630995449875002,0.01676524504514344,0.0
1.9632995449875,0.013165287209516216,0.0
1.9634995449875,0.012098550623888895,0.0
1.9636995449875,0.014498340704928274,0.0
1.9638995449875,0.010631716202634353,0.0
1.9640995449875,0.012364888783673731,0.0
1.9642995449875,0.01489802261471301,0.0
1.9644995449875,0.012631324362419188,0.0
1.9646995449875,0.010764623610125168,0.0
1.9648995449875002,0.014897702857831145,0.0
1.9650995449875002,0.012764339188870624,0.0
1.9652995449875001,0.013164224686576704,0.0
1.9654995449875001,0.013564094350949381,0.0
1.9656995449875,0.014897289431988661,0.0
1.9658995449875,0.01476383784636144,0.0
1.9660995449875,0.014497076677400817,0.0
1.9662995449875,0.011563752591773597,0.0
1.9664995449875,0.011963638089479676,0.0
1.9666995449875,0.014230097337185554,0.0
1.9668995449875002,0.013030059084891734,0.0
1.9670995449875,0.011830005832597811,0.0
1.9672995449875,0.013429844246970492,0.0
1.9674995449875001,0.01262976682800987,0.0
1.9676995449875,0.013429625242382549,0.0
1.9678995449875,0.010762966990088628,0.0
1.9680995449875,0.012762771237794606,0.0
1.9682995449875,0.012229350485500685,0.0
1.9684995449875,0.014629148483206664,0.0
1.9686995449875,0.013029130647579441,0.0
1.9688995449875,0.012362374061952121,0.0
1.9690995449875002,0.0131622349763249,0.0
1.9692995449875,0.012095506307364277,0.0
1.9694995449875001,0.009695485971736958,0.0
1.9696995449875,0.013561897719443036,0.0
1.9698995449875,0.010361939050482416,0.0
1.9700995449875,0.010495141631521793,0.0
1.9702995449875,0.014361560462561072,0.0
1.9704995449875,0.01449477721026705,0.0
1.9706995449875,0.011161462707973229,0.0
1.9708995449875,0.014761234872345909,0.0
1.9710995449875,0.012094558286718687,0.0
1.9712995449875002,0.013427743784424765,0.0
1.9714995449875,0.012227680532130745,0.0
1.9716995449875,0.013560868946503423,0.0
1.9718995449875,0.010894201110876202,0.0
1.9720995449875,0.012494023691915582,0.0
1.9722995449875,0.01289390877295496,0.0
1.9724995449875,0.00929393635399434,0.0
1.9726995449875,0.010760437268367017,0.0
1.9728995449875002,0.013560210266073095,0.0
1.9730995449875002,0.011160226180445775,0.0
1.9732995449875002,0.013026705428151854,0.0
1.9734995449875001,0.013959906759191166,0.0
1.9736995449875,0.01475975142356381,0.0
1.9738995449875,0.01209308775460329,0.0
1.9740995449875,0.010893045335642669,0.0
1.9742995449875,0.009293016666682048,0.0
1.9744995449875,0.012492755914388125,0.0
1.9746995449875,0.009959439328760806,0.0
1.9748995449875,0.009825993993133584,0.0
1.9750995449875002,0.012492441157506263,0.0
1.9752995449875,0.010092430821878941,0.0
1.9754995449875001,0.01009230465291832,0.0
1.9756995449875001,0.011292187233957699,0.0
1.9758995449875,0.008358846481663778,0.0
1.9760995449875,0.008225420729369756,0.0
1.9762995449875,0.006358720393742535,0.0
1.9764995449875,0.010358458808115213,0.0
1.9766995449875,0.007291820972487893,0.0
1.9768995449875,0.010491580636860672,0.0
1.9770995449875002,0.013024706967900049,0.0
1.9772995449875,0.01102469288227273,0.0
1.9774995449875,0.010491264629978807,0.0
1.9776995449875,0.010757826794351487,0.0
1.9778995449875,0.010357725625390866,0.0
1.9780995449875,0.011824240289763643,0.0
1.9782995449875,0.011824125787469622,0.0
1.9784995449875,0.007424193368509001,0.0
1.9786995449875,0.012090570949548381,0.0
1.9788995449875,0.008757278113921059,0.0
1.9790995449875,0.008623804028293838,0.0
1.9792995449875002,0.010623633692666517,0.0
1.9794995449875001,0.007956980023705894,0.0
1.9796995449875001,0.007690215938078573,0.0
1.9798995449875,0.011823295602451354,0.0
1.9800995449875,0.01062322318349073,0.0
1.9802995449875,0.007423236597863411,0.0
1.9804995449875,0.011156329178902788,0.0
1.9806995449875,0.007289693009942167,0.0
1.9808995449875,0.005956294340981548,0.0
1.9810995449875,0.009422744422020925,0.0
1.9812995449875002,0.008622663253060305,0.0
1.9814995449875001,0.007822602917432982,0.0
1.9816995449875001,0.009289100081805762,0.0
1.9818995449875,0.0031558989128451405,0.0
1.9820995449875,0.006089006910551118,0.0
1.9822995449875,0.008355497824923896,0.0
1.9824995449875,0.007022100405963277,0.0
1.9826995449875,0.007421980903669255,0.0
1.9828995449875,0.008488529318042035,0.0
1.9830995449875,0.006621808982414713,0.0
1.9832995449875002,0.007954991980120792,0.0
1.9834995449875001,0.006221615811160171,0.0
1.9836995449875001,0.005288211725532848,0.0
1.9838995449875,0.007288034306572228,0.0
1.9840995449875,0.0060879756376116066,0.0
1.9842995449875,0.006221179468650985,0.0
1.9844995449875,0.008887636633023764,0.0
1.9846995449875,0.007954263380729742,0.0
1.9848995449875,0.006620855128435821,0.0
1.9850995449875,0.005154161042808501,0.0
1.9852995449875002,0.006487342790514578,0.0
1.9854995449875,0.008620475788220557,0.0
1.9856995449875001,0.005953798369259937,0.0
1.9858995449875,0.007686969700299314,0.0
1.9860995449875,0.0063535643646720945,0.0
1.9862995449875,0.005020199862378073,0.0
1.9864995449875,0.006220042860084153,0.0
1.9866995449875,0.00368669377445683,0.0
1.9868995449875,0.0054198642721629085,0.0
1.9870995449875,0.006353067269868989,0.0
1.9872995449875002,0.003553053184241666,0.0
1.9874995449875001,0.007286135765281044,0.0
1.9876995449875001,0.003552851679653725,0.0
1.9878995449875,0.007685927594026503,0.0
1.9880995449875,0.005685892675065883,0.0
1.9882995449875,0.00315254608943856,0.0
1.9884995449875,0.0031524365871446382,0.0
1.9886995449875,0.0010190737515173177,0.0
1.9888995449875,0.006085457582556696,0.0
1.9890995449875,0.003018803913596076,0.0
1.9892995449875002,0.004751954411302155,0.0
1.9894995449875,0.005018509075674832,0.0
1.9896995449875,0.005818382490047612,0.0
1.9898995449875,0.004884976321086891,0.0
1.9900995449533334,0.005684842235477593,0.0
1.9902995449533334,0.007018008566516971,0.0
1.9904995449533334,0.0010181365642229507,0.0
1.9906995449533333,0.004484574978595729,0.0
1.9908995449533333,0.002084557142968407,0.0
1.9910995449533333,0.004884342224007788,0.0
1.9912995449533335,0.004884245221713865,0.0
1.9914995449533335,0.001684253636086543,0.0
1.9916995449533335,0.0014174878837926227,0.0
1.9918995449533334,0.004617278381498701,0.0
1.9920995449533334,-0.00031600362079532013,0.0
1.9922995449533334,0.0012838418769107601,0.0
1.9924995449533334,0.0023503765412834377,0.0
1.9926995449533333,0.0019502778723228167,0.0
1.9928995449533333,0.0040834150366954956,0.0
1.9930995449533333,0.0023500772010682756,0.0
1.9932995449533335,0.00035002394877425326,0.0
1.9934995449533335,0.001016577363147031,0.0
1.9936995449533335,0.0019497620275197112,0.0
1.9938995449533334,0.00194965585855909,0.0
1.9940995449533334,-0.0004503619770681328,0.0
1.9942995449533334,0.0026160947706378463,0.0
1.9944995449533334,0.0015493498516772255,0.0
1.9946995449533333,-0.0005840104839499958,0.0
1.9948995449533333,0.0038157300137559823,0.0
1.9950995449533333,0.0018157059281286615,0.0
1.9952995449533335,-5.101690749855815e-05,0.0
1.9954995449533335,0.0016821448402075199,0.0
1.9956995449533335,-0.0005845238287531009,0.0
1.9958995449533334,0.0011486225022861764,0.0
1.9960995449533334,0.0011485375833255543,0.0
1.9962995449533334,0.0007484343310316353,0.0
1.9964995449533334,-0.0016515826712622875,0.0
1.9966995449533333,-0.0007183855068896086,0.0
1.9968995449533333,0.0008814541574830703,0.0
1.9970995449533333,-0.0023185228448108514,0.0
1.9972995449533335,-0.0021852977637714724,0.0
1.9974995449533335,-0.0012521205993986928,0.0
1.9976995449533335,-0.0016521971850260147,0.0
1.9978995449533334,-0.002852251270653335,0.0
1.9980995449533334,-0.0028523520229472576,0.0
1.9982995449533334,-0.001119214858574578,0.0
1.9984995449533334,-0.0008526501942018993,0.0
1.9986995449533334,-0.0020527101131625203,0.0
1.9988995449533333,-0.0031194333654564407,0.0
1.9990995449549585,0.0004803179655820857,0.0
1.9992995449549584,-0.001653046120045137,0.0
1.9994995449549584,-0.0017864856223391602,0.0
1.9996995449549584,-0.004186486374633078,0.0
1.9998995449549406,-0.005519872960260391,0.0
2.0000995449550216,-0.0031200832958876556,0.0
