LECROYWS42Xs,24809,Waveform
Segments,1,SegmentSize,10002
Segment,TrigTime,TimeSinceSegment1
#1,18-Feb-2003 23:14:54,0                 
Time,Ampl
-2.0000481,-0.127995
-1.9998481,-0.127995
-1.9996481,-0.0959963
-1.9994481,-0.127995
-1.9992481,-0.0959963
-1.9990481,-0.127995
-1.9988481,-0.127995
-1.9986481,-0.127995
-1.9984481,-0.0959963
-1.9982481,-0.0959963
-1.9980481,-0.127995
-1.9978481,-0.127995
-1.9976481,-0.159994
-1.9974481,-0.0959963
-1.9972481,-0.159994
-1.9970481,-0.159994
-1.9968481,-0.159994
-1.9966481,-0.127995
-1.9964481,-0.127995
-1.9962481,-0.0639975
-1.9960481,-0.127995
-1.9958481,-0.159994
-1.9956481,-0.127995
-1.9954481,-0.0959963
-1.9952481,-0.127995
-1.9950481,-0.127995
-1.9948481,-0.127995
-1.9946481,-0.159994
-1.9944481,-0.127995
-1.9942481,-0.127995
-1.9940481,-0.159994
-1.9938481,-0.127995
-1.9936481,-0.0959963
-1.9934481,-0.159994
-1.9932481,-0.127995
-1.9930481,-0.127995
-1.9928481,-0.127995
-1.9926481,-0.159994
-1.9924481,-0.127995
-1.9922481,-0.159994
-1.9920481,-0.159994
-1.9918481,-0.127995
-1.9916481,-0.159994
-1.9914481,-0.191993
-1.9912481,-0.159994
-1.9910481,-0.159994
-1.9908481,-0.159994
-1.9906481,-0.127995
-1.9904481,-0.159994
-1.9902481,-0.159994
-1.9900481,-0.191993
-1.9898481,-0.191993
-1.9896481,-0.191993
-1.9894481,-0.159994
-1.9892481,-0.127995
-1.9890481,-0.127995
-1.9888481,-0.159994
-1.9886481,-0.223991
-1.9884481,-0.191993
-1.9882481,-0.127995
-1.9880481,-0.191993
-1.9878481,-0.191993
-1.9876481,-0.191993
-1.9874481,-0.191993
-1.9872481,-0.191993
-1.9870481,-0.127995
-1.9868481,-0.191993
-1.9866481,-0.223991
-1.9864481,-0.191993
-1.9862481,-0.191993
-1.9860481,-0.159994
-1.9858481,-0.159994
-1.9856481,-0.191993
-1.9854481,-0.191993
-1.9852481,-0.159994
-1.9850481,-0.159994
-1.9848481,-0.159994
-1.9846481,-0.191993
-1.9844481,-0.159994
-1.9842481,-0.159994
-1.9840481,-0.159994
-1.9838481,-0.159994
-1.9836481,-0.191993
-1.9834481,-0.191993
-1.9832481,-0.191993
-1.9830481,-0.191993
-1.9828481,-0.191993
-1.9826481,-0.191993
-1.9824481,-0.191993
-1.9822481,-0.159994
-1.9820481,-0.191993
-1.9818481,-0.191993
-1.9816481,-0.159994
-1.9814481,-0.191993
-1.9812481,-0.191993
-1.9810481,-0.159994
-1.9808481,-0.191993
-1.9806481,-0.191993
-1.9804481,-0.191993
-1.9802481,-0.223991
-1.9800481,-0.159994
-1.9798481,-0.223991
-1.9796481,-0.223991
-1.9794481,-0.191993
-1.9792481,-0.159994
-1.9790481,-0.191993
-1.9788481,-0.191993
-1.9786481,-0.191993
-1.9784481,-0.191993
-1.9782481,-0.191993
-1.9780481,-0.223991
-1.9778481,-0.191993
-1.9776481,-0.25599
-1.9774481,-0.223991
-1.9772481,-0.159994
-1.9770481,-0.223991
-1.9768481,-0.191993
-1.9766481,-0.223991
-1.9764481,-0.223991
-1.9762481,-0.191993
-1.9760481,-0.223991
-1.9758481,-0.223991
-1.9756481,-0.191993
-1.9754481,-0.191993
-1.9752481,-0.191993
-1.9750481,-0.159994
-1.9748481,-0.191993
-1.9746481,-0.223991
-1.9744481,-0.159994
-1.9742481,-0.223991
-1.9740481,-0.223991
-1.9738481,-0.159994
-1.9736481,-0.223991
-1.9734481,-0.159994
-1.9732481,-0.191993
-1.9730481,-0.191993
-1.9728481,-0.191993
-1.9726481,-0.159994
-1.9724481,-0.223991
-1.9722481,-0.191993
-1.9720481,-0.127995
-1.9718481,-0.191993
-1.9716481,-0.191993
-1.9714481,-0.191993
-1.9712481,-0.191993
-1.9710481,-0.191993
-1.9708481,-0.127995
-1.9706481,-0.191993
-1.9704481,-0.191993
-1.9702481,-0.159994
-1.9700481,-0.191993
-1.9698481,-0.191993
-1.9696481,-0.191993
-1.9694481,-0.191993
-1.9692481,-0.191993
-1.9690481,-0.127995
-1.9688481,-0.159994
-1.9686481,-0.159994
-1.9684481,-0.159994
-1.9682481,-0.223991
-1.9680481,-0.159994
-1.9678481,-0.159994
-1.9676481,-0.223991
-1.9674481,-0.191993
-1.9672481,-0.127995
-1.9670481,-0.191993
-1.9668481,-0.159994
-1.9666481,-0.159994
-1.9664481,-0.191993
-1.9662481,-0.159994
-1.9660481,-0.127995
-1.9658481,-0.191993
-1.9656481,-0.191993
-1.9654481,-0.127995
-1.9652481,-0.159994
-1.9650481,-0.191993
-1.9648481,-0.127995
-1.9646481,-0.159994
-1.9644481,-0.159994
-1.9642481,-0.159994
-1.9640481,-0.223991
-1.9638481,-0.159994
-1.9636481,-0.159994
-1.9634481,-0.159994
-1.9632481,-0.159994
-1.9630481,-0.127995
-1.9628481,-0.191993
-1.9626481,-0.159994
-1.9624481,-0.159994
-1.9622481,-0.159994
-1.9620481,-0.159994
-1.9618481,-0.159994
-1.9616481,-0.191993
-1.9614481,-0.159994
-1.9612481,-0.127995
-1.9610481,-0.159994
-1.9608481,-0.191993
-1.9606481,-0.127995
-1.9604481,-0.159994
-1.9602481,-0.159994
-1.9600481,-0.127995
-1.9598481,-0.191993
-1.9596481,-0.159994
-1.9594481,-0.127995
-1.9592481,-0.159994
-1.9590481,-0.223991
-1.9588481,-0.191993
-1.9586481,-0.191993
-1.9584481,-0.159994
-1.9582481,-0.127995
-1.9580481,-0.159994
-1.9578481,-0.127995
-1.9576481,-0.223991
-1.9574481,-0.159994
-1.9572481,-0.159994
-1.9570481,-0.127995
-1.9568481,-0.191993
-1.9566481,-0.159994
-1.9564481,-0.127995
-1.9562481,-0.223991
-1.9560481,-0.127995
-1.9558481,-0.159994
-1.9556481,-0.159994
-1.9554481,-0.127995
-1.9552481,-0.191993
-1.9550481,-0.191993
-1.9548481,-0.127995
-1.9546481,-0.127995
-1.9544481,-0.159994
-1.9542481,-0.127995
-1.9540481,-0.191993
-1.9538481,-0.159994
-1.9536481,-0.127995
-1.9534481,-0.159994
-1.9532481,-0.191993
-1.9530481,-0.127995
-1.9528481,-0.127995
-1.9526481,-0.159994
-1.9524481,-0.159994
-1.9522481,-0.159994
-1.9520481,-0.223991
-1.9518481,-0.159994
-1.9516481,-0.0959963
-1.9514481,-0.159994
-1.9512481,-0.159994
-1.9510481,-0.127995
-1.9508481,-0.159994
-1.9506481,-0.159994
-1.9504481,-0.127995
-1.9502481,-0.159994
-1.9500481,-0.159994
-1.9498481,-0.159994
-1.9496481,-0.159994
-1.9494481,-0.159994
-1.9492481,-0.127995
-1.9490481,-0.127995
-1.9488481,-0.191993
-1.9486481,-0.127995
-1.9484481,-0.159994
-1.9482481,-0.127995
-1.9480481,-0.159994
-1.9478481,-0.159994
-1.9476481,-0.159994
-1.9474481,-0.127995
-1.9472481,-0.159994
-1.9470481,-0.159994
-1.9468481,-0.127995
-1.9466481,-0.159994
-1.9464481,-0.159994
-1.9462481,-0.159994
-1.9460481,-0.159994
-1.9458481,-0.159994
-1.9456481,-0.127995
-1.9454481,-0.159994
-1.9452481,-0.159994
-1.9450481,-0.159994
-1.9448481,-0.191993
-1.9446481,-0.159994
-1.9444481,-0.127995
-1.9442481,-0.159994
-1.9440481,-0.159994
-1.9438481,-0.127995
-1.9436481,-0.191993
-1.9434481,-0.191993
-1.9432481,-0.159994
-1.9430481,-0.159994
-1.9428481,-0.191993
-1.9426481,-0.127995
-1.9424481,-0.191993
-1.9422481,-0.159994
-1.9420481,-0.127995
-1.9418481,-0.191993
-1.9416481,-0.159994
-1.9414481,-0.127995
-1.9412481,-0.191993
-1.9410481,-0.159994
-1.9408481,-0.159994
-1.9406481,-0.159994
-1.9404481,-0.159994
-1.9402481,-0.159994
-1.9400481,-0.191993
-1.9398481,-0.191993
-1.9396481,-0.159994
-1.9394481,-0.191993
-1.9392481,-0.191993
-1.9390481,-0.159994
-1.9388481,-0.191993
-1.9386481,-0.127995
-1.9384481,-0.159994
-1.9382481,-0.191993
-1.9380481,-0.223991
-1.9378481,-0.159994
-1.9376481,-0.191993
-1.9374481,-0.191993
-1.9372481,-0.191993
-1.9370481,-0.191993
-1.9368481,-0.191993
-1.9366481,-0.159994
-1.9364481,-0.159994
-1.9362481,-0.191993
-1.9360481,-0.159994
-1.9358481,-0.191993
-1.9356481,-0.159994
-1.9354481,-0.127995
-1.9352481,-0.223991
-1.9350481,-0.159994
-1.9348481,-0.159994
-1.9346481,-0.191993
-1.9344481,-0.159994
-1.9342481,-0.127995
-1.9340481,-0.159994
-1.9338481,-0.159994
-1.9336481,-0.127995
-1.9334481,-0.159994
-1.9332481,-0.127995
-1.9330481,-0.127995
-1.9328481,-0.127995
-1.9326481,-0.159994
-1.9324481,-0.127995
-1.9322481,-0.0959963
-1.9320481,-0.159994
-1.9318481,-0.127995
-1.9316481,-0.127995
-1.9314481,-0.127995
-1.9312481,-0.127995
-1.9310481,-0.127995
-1.9308481,-0.127995
-1.9306481,-0.127995
-1.9304481,-0.159994
-1.9302481,-0.127995
-1.9300481,-0.0959963
-1.9298481,-0.159994
-1.9296481,-0.127995
-1.9294481,-0.0959963
-1.9292481,-0.127995
-1.9290481,-0.0959963
-1.9288481,-0.127995
-1.9286481,-0.159994
-1.9284481,-0.127995
-1.9282481,-0.0959963
-1.9280481,-0.127995
-1.9278481,-0.0639975
-1.9276481,-0.127995
-1.9274481,-0.159994
-1.9272481,-0.0959963
-1.9270481,-0.159994
-1.9268481,-0.127995
-1.9266481,-0.127995
-1.9264481,-0.127995
-1.9262481,-0.159994
-1.9260481,-0.159994
-1.9258481,-0.127995
-1.9256481,-0.159994
-1.9254481,-0.0639975
-1.9252481,-0.159994
-1.9250481,-0.0959963
-1.9248481,-0.127995
-1.9246481,-0.127995
-1.9244481,-0.159994
-1.9242481,-0.0959963
-1.9240481,-0.0959963
-1.9238481,-0.159994
-1.9236481,-0.127995
-1.9234481,-0.127995
-1.9232481,-0.127995
-1.9230481,-0.127995
-1.9228481,-0.0959963
-1.9226481,-0.159994
-1.9224481,-0.127995
-1.9222481,-0.127995
-1.9220481,-0.127995
-1.9218481,-0.127995
-1.9216481,-0.0959963
-1.9214481,-0.159994
-1.9212481,-0.0639975
-1.9210481,-0.0639975
-1.9208481,-0.127995
-1.9206481,-0.0959963
-1.9204481,-0.0639975
-1.9202481,-0.127995
-1.9200481,-0.0959963
-1.9198481,-0.0959963
-1.9196481,-0.159994
-1.9194481,-0.0639975
-1.9192481,-0.0959963
-1.9190481,-0.0639975
-1.9188481,-0.159994
-1.9186481,-0.127995
-1.9184481,-0.127995
-1.9182481,-0.0959963
-1.9180481,-0.0959963
-1.9178481,-0.127995
-1.9176481,-0.0959963
-1.9174481,-0.0959963
-1.9172481,-0.127995
-1.9170481,-0.0959963
-1.9168481,-0.0959963
-1.9166481,-0.127995
-1.9164481,-0.127995
-1.9162481,-0.0959963
-1.9160481,-0.127995
-1.9158481,-0.0959963
-1.9156481,-0.0639975
-1.9154481,-0.0959963
-1.9152481,-0.127995
-1.9150481,-0.0639975
-1.9148481,-0.127995
-1.9146481,-0.0639975
-1.9144481,-0.0959963
-1.9142481,-0.127995
-1.9140481,-0.0639975
-1.9138481,-0.127995
-1.9136481,-0.0959963
-1.9134481,-0.0959963
-1.9132481,-0.0959963
-1.9130481,-0.127995
-1.9128481,-0.0959963
-1.9126481,-0.127995
-1.9124481,-0.0959963
-1.9122481,-0.0959963
-1.9120481,-0.0959963
-1.9118481,-0.127995
-1.9116481,-0.0959963
-1.9114481,-0.0959963
-1.9112481,-0.127995
-1.9110481,-0.0959963
-1.9108481,-0.0959963
-1.9106481,-0.0959963
-1.9104481,-0.0959963
-1.9102481,-0.0639975
-1.9100481,-0.0639975
-1.9098481,-0.0639975
-1.9096481,-0.0639975
-1.9094481,-0.0959963
-1.9092481,-0.127995
-1.9090481,-0.0959963
-1.9088481,-0.0959963
-1.9086481,-0.0639975
-1.9084481,-0.0639975
-1.9082481,-0.127995
-1.9080481,-0.0959963
-1.9078481,-0.0959963
-1.9076481,-0.0959963
-1.9074481,-0.0319988
-1.9072481,-0.0639975
-1.9070481,-0.0959963
-1.9068481,-0.0639975
-1.9066481,-0.0639975
-1.9064481,-0.0639975
-1.9062481,-0.0959963
-1.9060481,-0.0319988
-1.9058481,-0.0959963
-1.9056481,-0.0639975
-1.9054481,-0.0639975
-1.9052481,-0.0639975
-1.9050481,-0.0639975
-1.9048481,-0.0639975
-1.9046481,-0.0639975
-1.9044481,-0.0639975
-1.9042481,-0.0639975
-1.9040481,-0.0639975
-1.9038481,-0.0319988
-1.9036481,-0.0319988
-1.9034481,-0.0639975
-1.9032481,-0.0639975
-1.9030481,-0.0639975
-1.9028481,-0.0959963
-1.9026481,-0.0639975
-1.9024481,-0.0319988
-1.9022481,-0.0959963
-1.9020481,-0.0639975
-1.9018481,-0.0639975
-1.9016481,-0.0959963
-1.9014481,-0.0639975
-1.9012481,-0.0959963
-1.9010481,-0.0639975
-1.9008481,-0.0959963
-1.9006481,-0.0639975
-1.9004481,-0.0639975
-1.9002481,-0.0639975
-1.9000481,-0.0639975
-1.8998481,-0.0959963
-1.8996481,-0.0959963
-1.8994481,-0.0319988
-1.8992481,-0.127995
-1.8990481,-0.0639975
-1.8988481,-0.0959963
-1.8986481,-0.127995
-1.8984481,-0.0639975
-1.8982481,-0.0639975
-1.8980481,-0.0959963
-1.8978481,-0.0639975
-1.8976481,-0.0959963
-1.8974481,-0.0639975
-1.8972481,-0.0639975
-1.8970481,-0.0959963
-1.8968481,-0.127995
-1.8966481,-0.0639975
-1.8964481,-0.0319988
-1.8962481,-0.0959963
-1.8960481,-0.0639975
-1.8958481,-0.0639975
-1.8956481,-0.0959963
-1.8954481,-0.0639975
-1.8952481,-0.0319988
-1.8950481,-0.0959963
-1.8948481,-0.0319988
-1.8946481,-0.0639975
-1.8944481,-0.0959963
-1.8942481,-0.0639975
-1.8940481,-0.0639975
-1.8938481,-0.0639975
-1.8936481,-0.0319988
-1.8934481,-0.0639975
-1.8932481,-0.0959963
-1.8930481,-0.0639975
-1.8928481,-0.0639975
-1.8926481,-0.0639975
-1.8924481,-0.0639975
-1.8922481,-0.0319988
-1.8920481,-0.0959963
-1.8918481,-0.0959963
-1.8916481,-0.0319988
-1.8914481,-0.0959963
-1.8912481,-0.127995
-1.8910481,-0.0639975
-1.8908481,-0.127995
-1.8906481,-0.0639975
-1.8904481,-0.0319988
-1.8902481,-0.0959963
-1.8900481,-0.0639975
-1.8898481,-0.0639975
-1.8896481,-0.0639975
-1.8894481,-0.0639975
-1.8892481,-0.0639975
-1.8890481,-0.127995
-1.8888481,-0.0959963
-1.8886481,-0.0639975
-1.8884481,-0.0959963
-1.8882481,-0.0959963
-1.8880481,-0.0639975
-1.8878481,-0.0959963
-1.8876481,-0.0959963
-1.8874481,-0.0639975
-1.8872481,-0.0639975
-1.8870481,-0.0319988
-1.8868481,-0.0959963
-1.8866481,-0.0959963
-1.8864481,-0.0639975
-1.8862481,-0.0319988
-1.8860481,-0.0639975
-1.8858481,-0.0639975
-1.8856481,-0.0639975
-1.8854481,-0.0959963
-1.8852481,-0.0639975
-1.8850481,-0.127995
-1.8848481,-0.0639975
-1.8846481,-0.0639975
-1.8844481,-0.0639975
-1.8842481,-0.127995
-1.8840481,-0.0639975
-1.8838481,-0.0639975
-1.8836481,-0.0959963
-1.8834481,-0.0959963
-1.8832481,-0.0959963
-1.8830481,-0.0959963
-1.8828481,-0.0959963
-1.8826481,-0.0639975
-1.8824481,-0.0959963
-1.8822481,-0.0319988
-1.8820481,-0.0959963
-1.8818481,-0.0639975
-1.8816481,-0.0959963
-1.8814481,-0.0639975
-1.8812481,-0.0959963
-1.8810481,-0.0959963
-1.8808481,-0.0639975
-1.8806481,-0.127995
-1.8804481,-0.127995
-1.8802481,-0.0639975
-1.8800481,-0.0959963
-1.8798481,-0.0639975
-1.8796481,-0.0639975
-1.8794481,-0.0959963
-1.8792481,-0.0639975
-1.8790481,-0.0959963
-1.8788481,-0.0959963
-1.8786481,-0.0959963
-1.8784481,-0.0639975
-1.8782481,-0.0959963
-1.8780481,-0.0639975
-1.8778481,-0.0319988
-1.8776481,-0.0959963
-1.8774481,-0.0959963
-1.8772481,-0.0639975
-1.8770481,-0.0959963
-1.8768481,-0.0959963
-1.8766481,-0.0639975
-1.8764481,-0.0959963
-1.8762481,-0.0959963
-1.8760481,-0.0639975
-1.8758481,-0.0959963
-1.8756481,-0.127995
-1.8754481,-0.0639975
-1.8752481,-0.0959963
-1.8750481,-0.0959963
-1.8748481,-0.0959963
-1.8746481,-0.0639975
-1.8744481,-0.127995
-1.8742481,-0.0959963
-1.8740481,-0.0959963
-1.8738481,-0.0639975
-1.8736481,-0.0639975
-1.8734481,-0.127995
-1.8732481,-0.127995
-1.8730481,-0.127995
-1.8728481,-0.0959963
-1.8726481,-0.0959963
-1.8724481,-0.0639975
-1.8722481,-0.0959963
-1.8720481,-0.0639975
-1.8718481,-0.0959963
-1.8716481,-0.0959963
-1.8714481,-0.0639975
-1.8712481,-0.0959963
-1.8710481,-0.0959963
-1.8708481,-0.0959963
-1.8706481,-0.0639975
-1.8704481,-0.127995
-1.8702481,-0.0639975
-1.8700481,-0.0959963
-1.8698481,-0.0959963
-1.8696481,-0.0639975
-1.8694481,-0.0639975
-1.8692481,-0.0959963
-1.8690481,-0.0319988
-1.8688481,-0.0639975
-1.8686481,-0.0959963
-1.8684481,-0.0639975
-1.8682481,-0.0639975
-1.8680481,-0.127995
-1.8678481,-0.127995
-1.8676481,-0.0639975
-1.8674481,-0.127995
-1.8672481,-0.0639975
-1.8670481,-0.0959963
-1.8668481,-0.0959963
-1.8666481,-0.0639975
-1.8664481,-0.0319988
-1.8662481,-0.0959963
-1.8660481,-0.0959963
-1.8658481,-0.0639975
-1.8656481,-0.127995
-1.8654481,-0.0959963
-1.8652481,-0.0959963
-1.8650481,-0.0959963
-1.8648481,-0.0319988
-1.8646481,-0.0959963
-1.8644481,-0.0639975
-1.8642481,-0.0639975
-1.8640481,-0.0319988
-1.8638481,-0.0959963
-1.8636481,-0.0639975
-1.8634481,-0.0959963
-1.8632481,-0.0639975
-1.8630481,-0.0639975
-1.8628481,-0.0639975
-1.8626481,-0.0639975
-1.8624481,-0.0959963
-1.8622481,-0.0959963
-1.8620481,-0.127995
-1.8618481,-0.0639975
-1.8616481,-0.0959963
-1.8614481,-0.0639975
-1.8612481,-0.0959963
-1.8610481,-0.0639975
-1.8608481,-0.0959963
-1.8606481,-0.127995
-1.8604481,-0.0639975
-1.8602481,-0.0959963
-1.8600481,-0.0639975
-1.8598481,-0.0639975
-1.8596481,-0.0959963
-1.8594481,-0.0959963
-1.8592481,-0.0639975
-1.8590481,-0.0639975
-1.8588481,-0.0639975
-1.8586481,-0.0639975
-1.8584481,-0.0959963
-1.8582481,-0.0639975
-1.8580481,-0.0319988
-1.8578481,-0.0639975
-1.8576481,-0.0319988
-1.8574481,-0.0319988
-1.8572481,-0.0959963
-1.8570481,-0.0639975
-1.8568481,-0.0319988
-1.8566481,-0.0959963
-1.8564481,-0.0959963
-1.8562481,-0.0319988
-1.8560481,-0.0959963
-1.8558481,-0.0639975
-1.8556481,-0.0959963
-1.8554481,-0.0959963
-1.8552481,-0.0639975
-1.8550481,-0.0639975
-1.8548481,-0.0639975
-1.8546481,-0.0639975
-1.8544481,-0.0639975
-1.8542481,-0.0639975
-1.8540481,-0.0639975
-1.8538481,-0.0319988
-1.8536481,-0.0959963
-1.8534481,0
-1.8532481,-0.0639975
-1.8530481,-0.0639975
-1.8528481,-0.0319988
-1.8526481,-0.0319988
-1.8524481,-0.0959963
-1.8522481,-0.0959963
-1.8520481,-0.0639975
-1.8518481,-0.0959963
-1.8516481,-0.0639975
-1.8514481,-0.0639975
-1.8512481,-0.0639975
-1.8510481,-0.0639975
-1.8508481,-0.0639975
-1.8506481,-0.0959963
-1.8504481,-0.0639975
-1.8502481,-0.0639975
-1.8500481,-0.0639975
-1.8498481,-0.0639975
-1.8496481,-0.0319988
-1.8494481,-0.0639975
-1.8492481,-0.0319988
-1.8490481,-0.0319988
-1.8488481,-0.0639975
-1.8486481,-0.0319988
-1.8484481,-0.0639975
-1.8482481,-0.0639975
-1.8480481,-0.0319988
-1.8478481,-0.0319988
-1.8476481,0
-1.8474481,-0.0639975
-1.8472481,0
-1.8470481,-0.0639975
-1.8468481,0
-1.8466481,-0.0639975
-1.8464481,-0.0319988
-1.8462481,-0.0319988
-1.8460481,0
-1.8458481,0.0319988
-1.8456481,0
-1.8454481,0
-1.8452481,0
-1.8450481,-0.0319988
-1.8448481,0
-1.8446481,0
-1.8444481,0
-1.8442481,0
-1.8440481,-0.0319988
-1.8438481,0.0319988
-1.8436481,0
-1.8434481,0
-1.8432481,0
-1.8430481,0.0319988
-1.8428481,0
-1.8426481,0.0319988
-1.8424481,0.0319988
-1.8422481,0.0319988
-1.8420481,0
-1.8418481,0
-1.8416481,0.0319988
-1.8414481,0
-1.8412481,0
-1.8410481,0.0319988
-1.8408481,0.0319988
-1.8406481,0.0319988
-1.8404481,-0.0319988
-1.8402481,0
-1.8400481,0
-1.8398481,0
-1.8396481,0
-1.8394481,0
-1.8392481,0
-1.8390481,0
-1.8388481,0.0319988
-1.8386481,0
-1.8384481,0.0319988
-1.8382481,0
-1.8380481,0
-1.8378481,0.0319988
-1.8376481,0.0319988
-1.8374481,0.0319988
-1.8372481,0.0319988
-1.8370481,-0.0319988
-1.8368481,0.0319988
-1.8366481,0.0319988
-1.8364481,0.0319988
-1.8362481,-0.0319988
-1.8360481,0.0319988
-1.8358481,0
-1.8356481,-0.0319988
-1.8354481,0
-1.8352481,0.0639975
-1.8350481,0.0319988
-1.8348481,0
-1.8346481,0.0639975
-1.8344481,0
-1.8342481,0
-1.8340481,0
-1.8338481,0.0319988
-1.8336481,0
-1.8334481,0.0319988
-1.8332481,0.0319988
-1.8330481,0
-1.8328481,0.0639975
-1.8326481,0
-1.8324481,0
-1.8322481,0.0319988
-1.8320481,0
-1.8318481,0.0319988
-1.8316481,0
-1.8314481,0.0319988
-1.8312481,0.0319988
-1.8310481,0.0319988
-1.8308481,-0.0319988
-1.8306481,0.0319988
-1.8304481,0.0319988
-1.8302481,0
-1.8300481,0.0319988
-1.8298481,0.0639975
-1.8296481,0.0319988
-1.8294481,0.0319988
-1.8292481,0.0319988
-1.8290481,0.0319988
-1.8288481,0.0319988
-1.8286481,0.0639975
-1.8284481,0.0319988
-1.8282481,0.0639975
-1.8280481,0.0639975
-1.8278481,0
-1.8276481,0.0319988
-1.8274481,0.0319988
-1.8272481,0.0319988
-1.8270481,0
-1.8268481,0
-1.8266481,0.0319988
-1.8264481,0.0319988
-1.8262481,0.0319988
-1.8260481,0.0319988
-1.8258481,0.0639975
-1.8256481,0.0639975
-1.8254481,0
-1.8252481,0.0319988
-1.8250481,0.0319988
-1.8248481,0.0319988
-1.8246481,0
-1.8244481,0.0319988
-1.8242481,0.0319988
-1.8240481,0.0319988
-1.8238481,0
-1.8236481,0
-1.8234481,0
-1.8232481,0.0639975
-1.8230481,0.0319988
-1.8228481,0.0319988
-1.8226481,0.0639975
-1.8224481,0.0639975
-1.8222481,0.0319988
-1.8220481,0.0319988
-1.8218481,0
-1.8216481,0.0319988
-1.8214481,0.0639975
-1.8212481,0.0319988
-1.8210481,0.0319988
-1.8208481,0.0639975
-1.8206481,0
-1.8204481,0.0959963
-1.8202481,0.0959963
-1.8200481,0.0639975
-1.8198481,0.0959963
-1.8196481,0.0639975
-1.8194481,0.0639975
-1.8192481,0.0959963
-1.8190481,0.0959963
-1.8188481,0.0639975
-1.8186481,0.0959963
-1.8184481,0.0639975
-1.8182481,0.0959963
-1.8180481,0.0959963
-1.8178481,0.0959963
-1.8176481,0.0959963
-1.8174481,0.127995
-1.8172481,0.0959963
-1.8170481,0.0639975
-1.8168481,0.0639975
-1.8166481,0.0639975
-1.8164481,0.0319988
-1.8162481,0.0639975
-1.8160481,0.0959963
-1.8158481,0.0959963
-1.8156481,0.0639975
-1.8154481,0.0959963
-1.8152481,0.0959963
-1.8150481,0.0639975
-1.8148481,0.0639975
-1.8146481,0.0959963
-1.8144481,0.0959963
-1.8142481,0.0959963
-1.8140481,0.0959963
-1.8138481,0.127995
-1.8136481,0.0959963
-1.8134481,0.0319988
-1.8132481,0.0639975
-1.8130481,0.0959963
-1.8128481,0.0959963
-1.8126481,0.0639975
-1.8124481,0.0959963
-1.8122481,0.0639975
-1.8120481,0.0639975
-1.8118481,0.0639975
-1.8116481,0.0959963
-1.8114481,0.0959963
-1.8112481,0.127995
-1.8110481,0.0959963
-1.8108481,0.0959963
-1.8106481,0.0959963
-1.8104481,0.0959963
-1.8102481,0.0959963
-1.8100481,0.0639975
-1.8098481,0.0959963
-1.8096481,0.0639975
-1.8094481,0.0959963
-1.8092481,0.127995
-1.8090481,0.127995
-1.8088481,0.0959963
-1.8086481,0.0639975
-1.8084481,0.0639975
-1.8082481,0.0959963
-1.8080481,0.0959963
-1.8078481,0.0639975
-1.8076481,0.0959963
-1.8074481,0.0639975
-1.8072481,0.0959963
-1.8070481,0.0959963
-1.8068481,0.0959963
-1.8066481,0.127995
-1.8064481,0.127995
-1.8062481,0.0959963
-1.8060481,0.0959963
-1.8058481,0.0639975
-1.8056481,0.0639975
-1.8054481,0.0959963
-1.8052481,0.0639975
-1.8050481,0.127995
-1.8048481,0.0639975
-1.8046481,0.0639975
-1.8044481,0.0639975
-1.8042481,0.0959963
-1.8040481,0.0639975
-1.8038481,0.0319988
-1.8036481,0.0639975
-1.8034481,0.0639975
-1.8032481,0.0639975
-1.8030481,0.0959963
-1.8028481,0.0639975
-1.8026481,0.0959963
-1.8024481,0.127995
-1.8022481,0.0959963
-1.8020481,0.0639975
-1.8018481,0.0959963
-1.8016481,0.0639975
-1.8014481,0.0639975
-1.8012481,0.0959963
-1.8010481,0.0959963
-1.8008481,0.0959963
-1.8006481,0.0959963
-1.8004481,0.0639975
-1.8002481,0.0319988
-1.8000481,0.0959963
-1.7998481,0.0639975
-1.7996481,0.0639975
-1.7994481,0.0639975
-1.7992481,0.0319988
-1.7990481,0.0319988
-1.7988481,0.0639975
-1.7986481,0.0959963
-1.7984481,0.0639975
-1.7982481,0.0959963
-1.7980481,0.0639975
-1.7978481,0.0319988
-1.7976481,0.0639975
-1.7974481,0.0639975
-1.7972481,-0.0319988
-1.7970481,0.0639975
-1.7968481,0.0959963
-1.7966481,0.0959963
-1.7964481,0.0959963
-1.7962481,0.0639975
-1.7960481,0.0639975
-1.7958481,0.0639975
-1.7956481,0.0639975
-1.7954481,0.0639975
-1.7952481,0.0639975
-1.7950481,0.0639975
-1.7948481,0.0639975
-1.7946481,0.0639975
-1.7944481,0.0639975
-1.7942481,0.0319988
-1.7940481,0.0959963
-1.7938481,0.0639975
-1.7936481,0.0319988
-1.7934481,0.0959963
-1.7932481,0.0639975
-1.7930481,0.0959963
-1.7928481,0.0639975
-1.7926481,0.0639975
-1.7924481,0.0959963
-1.7922481,0.0639975
-1.7920481,0.0959963
-1.7918481,0.0319988
-1.7916481,0.0639975
-1.7914481,0.0639975
-1.7912481,0.0319988
-1.7910481,0.0639975
-1.7908481,0.0639975
-1.7906481,0.0319988
-1.7904481,0.0639975
-1.7902481,0.0639975
-1.7900481,0.0319988
-1.7898481,0.0639975
-1.7896481,0.0639975
-1.7894481,0.0639975
-1.7892481,0.0319988
-1.7890481,0.0319988
-1.7888481,0.0319988
-1.7886481,0.0639975
-1.7884481,0.0639975
-1.7882481,0
-1.7880481,0.0319988
-1.7878481,0.0319988
-1.7876481,0
-1.7874481,0
-1.7872481,0
-1.7870481,0
-1.7868481,0.0319988
-1.7866481,0.0319988
-1.7864481,0
-1.7862481,-0.0319988
-1.7860481,0.0319988
-1.7858481,0
-1.7856481,0
-1.7854481,0
-1.7852481,-0.0319988
-1.7850481,-0.0319988
-1.7848481,0.0319988
-1.7846481,-0.0319988
-1.7844481,0.0319988
-1.7842481,0.0319988
-1.7840481,-0.0639975
-1.7838481,0.0319988
-1.7836481,-0.0319988
-1.7834481,-0.0639975
-1.7832481,0
-1.7830481,-0.0319988
-1.7828481,-0.0319988
-1.7826481,0
-1.7824481,-0.0319988
-1.7822481,-0.0319988
-1.7820481,0
-1.7818481,-0.0319988
-1.7816481,-0.0639975
-1.7814481,0
-1.7812481,0
-1.7810481,-0.0319988
-1.7808481,-0.0319988
-1.7806481,-0.0319988
-1.7804481,-0.0319988
-1.7802481,-0.0319988
-1.7800481,-0.0319988
-1.7798481,-0.0639975
-1.7796481,0
-1.7794481,-0.0639975
-1.7792481,-0.0639975
-1.7790481,-0.0319988
-1.7788481,-0.0319988
-1.7786481,-0.0639975
-1.7784481,-0.0319988
-1.7782481,-0.0319988
-1.7780481,-0.0639975
-1.7778481,-0.0319988
-1.7776481,-0.0639975
-1.7774481,-0.0319988
-1.7772481,-0.0959963
-1.7770481,-0.0319988
-1.7768481,-0.0639975
-1.7766481,-0.0639975
-1.7764481,-0.0639975
-1.7762481,-0.0639975
-1.7760481,-0.0639975
-1.7758481,-0.0639975
-1.7756481,-0.0959963
-1.7754481,-0.0639975
-1.7752481,-0.0639975
-1.7750481,-0.0959963
-1.7748481,-0.0639975
-1.7746481,-0.0959963
-1.7744481,-0.127995
-1.7742481,-0.0639975
-1.7740481,-0.0959963
-1.7738481,-0.0959963
-1.7736481,-0.0639975
-1.7734481,-0.0959963
-1.7732481,-0.127995
-1.7730481,-0.0959963
-1.7728481,-0.0319988
-1.7726481,-0.127995
-1.7724481,-0.0639975
-1.7722481,-0.0959963
-1.7720481,-0.0959963
-1.7718481,-0.0959963
-1.7716481,-0.0959963
-1.7714481,-0.0959963
-1.7712481,-0.0959963
-1.7710481,-0.0959963
-1.7708481,-0.0639975
-1.7706481,-0.0959963
-1.7704481,-0.0959963
-1.7702481,-0.127995
-1.7700481,-0.0959963
-1.7698481,-0.127995
-1.7696481,-0.159994
-1.7694481,-0.127995
-1.7692481,-0.127995
-1.7690481,-0.127995
-1.7688481,-0.127995
-1.7686481,-0.0959963
-1.7684481,-0.127995
-1.7682481,-0.0959963
-1.7680481,-0.0959963
-1.7678481,-0.159994
-1.7676481,-0.0959963
-1.7674481,-0.127995
-1.7672481,-0.159994
-1.7670481,-0.0959963
-1.7668481,-0.0959963
-1.7666481,-0.159994
-1.7664481,-0.127995
-1.7662481,-0.159994
-1.7660481,-0.127995
-1.7658481,-0.0959963
-1.7656481,-0.0959963
-1.7654481,-0.159994
-1.7652481,-0.0959963
-1.7650481,-0.127995
-1.7648481,-0.159994
-1.7646481,-0.127995
-1.7644481,-0.127995
-1.7642481,-0.159994
-1.7640481,-0.127995
-1.7638481,-0.159994
-1.7636481,-0.159994
-1.7634481,-0.159994
-1.7632481,-0.191993
-1.7630481,-0.191993
-1.7628481,-0.127995
-1.7626481,-0.159994
-1.7624481,-0.191993
-1.7622481,-0.223991
-1.7620481,-0.191993
-1.7618481,-0.159994
-1.7616481,-0.159994
-1.7614481,-0.159994
-1.7612481,-0.159994
-1.7610481,-0.191993
-1.7608481,-0.191993
-1.7606481,-0.223991
-1.7604481,-0.159994
-1.7602481,-0.159994
-1.7600481,-0.191993
-1.7598481,-0.191993
-1.7596481,-0.127995
-1.7594481,-0.191993
-1.7592481,-0.159994
-1.7590481,-0.191993
-1.7588481,-0.223991
-1.7586481,-0.223991
-1.7584481,-0.159994
-1.7582481,-0.191993
-1.7580481,-0.191993
-1.7578481,-0.159994
-1.7576481,-0.191993
-1.7574481,-0.159994
-1.7572481,-0.223991
-1.7570481,-0.191993
-1.7568481,-0.191993
-1.7566481,-0.223991
-1.7564481,-0.223991
-1.7562481,-0.223991
-1.7560481,-0.223991
-1.7558481,-0.223991
-1.7556481,-0.223991
-1.7554481,-0.191993
-1.7552481,-0.191993
-1.7550481,-0.25599
-1.7548481,-0.223991
-1.7546481,-0.223991
-1.7544481,-0.223991
-1.7542481,-0.223991
-1.7540481,-0.25599
-1.7538481,-0.223991
-1.7536481,-0.191993
-1.7534481,-0.191993
-1.7532481,-0.223991
-1.7530481,-0.191993
-1.7528481,-0.223991
-1.7526481,-0.25599
-1.7524481,-0.223991
-1.7522481,-0.223991
-1.7520481,-0.25599
-1.7518481,-0.25599
-1.7516481,-0.25599
-1.7514481,-0.223991
-1.7512481,-0.223991
-1.7510481,-0.223991
-1.7508481,-0.25599
-1.7506481,-0.223991
-1.7504481,-0.25599
-1.7502481,-0.25599
-1.7500481,-0.191993
-1.7498481,-0.223991
-1.7496481,-0.223991
-1.7494481,-0.223991
-1.7492481,-0.223991
-1.7490481,-0.25599
-1.7488481,-0.25599
-1.7486481,-0.25599
-1.7484481,-0.25599
-1.7482481,-0.223991
-1.7480481,-0.223991
-1.7478481,-0.223991
-1.7476481,-0.223991
-1.7474481,-0.25599
-1.7472481,-0.223991
-1.7470481,-0.223991
-1.7468481,-0.25599
-1.7466481,-0.25599
-1.7464481,-0.223991
-1.7462481,-0.223991
-1.7460481,-0.223991
-1.7458481,-0.191993
-1.7456481,-0.223991
-1.7454481,-0.223991
-1.7452481,-0.223991
-1.7450481,-0.223991
-1.7448481,-0.287989
-1.7446481,-0.25599
-1.7444481,-0.25599
-1.7442481,-0.25599
-1.7440481,-0.223991
-1.7438481,-0.25599
-1.7436481,-0.25599
-1.7434481,-0.25599
-1.7432481,-0.287989
-1.7430481,-0.25599
-1.7428481,-0.223991
-1.7426481,-0.25599
-1.7424481,-0.223991
-1.7422481,-0.25599
-1.7420481,-0.223991
-1.7418481,-0.25599
-1.7416481,-0.287989
-1.7414481,-0.25599
-1.7412481,-0.25599
-1.7410481,-0.191993
-1.7408481,-0.223991
-1.7406481,-0.25599
-1.7404481,-0.25599
-1.7402481,-0.25599
-1.7400481,-0.25599
-1.7398481,-0.159994
-1.7396481,-0.287989
-1.7394481,-0.25599
-1.7392481,-0.223991
-1.7390481,-0.25599
-1.7388481,-0.223991
-1.7386481,-0.191993
-1.7384481,-0.25599
-1.7382481,-0.223991
-1.7380481,-0.25599
-1.7378481,-0.25599
-1.7376481,-0.223991
-1.7374481,-0.25599
-1.7372481,-0.25599
-1.7370481,-0.223991
-1.7368481,-0.191993
-1.7366481,-0.25599
-1.7364481,-0.223991
-1.7362481,-0.223991
-1.7360481,-0.25599
-1.7358481,-0.223991
-1.7356481,-0.223991
-1.7354481,-0.25599
-1.7352481,-0.191993
-1.7350481,-0.223991
-1.7348481,-0.191993
-1.7346481,-0.223991
-1.7344481,-0.191993
-1.7342481,-0.223991
-1.7340481,-0.223991
-1.7338481,-0.191993
-1.7336481,-0.223991
-1.7334481,-0.223991
-1.7332481,-0.191993
-1.7330481,-0.191993
-1.7328481,-0.223991
-1.7326481,-0.159994
-1.7324481,-0.159994
-1.7322481,-0.159994
-1.7320481,-0.191993
-1.7318481,-0.223991
-1.7316481,-0.223991
-1.7314481,-0.191993
-1.7312481,-0.223991
-1.7310481,-0.25599
-1.7308481,-0.159994
-1.7306481,-0.191993
-1.7304481,-0.191993
-1.7302481,-0.191993
-1.7300481,-0.223991
-1.7298481,-0.191993
-1.7296481,-0.191993
-1.7294481,-0.191993
-1.7292481,-0.127995
-1.7290481,-0.159994
-1.7288481,-0.159994
-1.7286481,-0.191993
-1.7284481,-0.191993
-1.7282481,-0.223991
-1.7280481,-0.223991
-1.7278481,-0.223991
-1.7276481,-0.191993
-1.7274481,-0.191993
-1.7272481,-0.159994
-1.7270481,-0.191993
-1.7268481,-0.191993
-1.7266481,-0.191993
-1.7264481,-0.191993
-1.7262481,-0.191993
-1.7260481,-0.191993
-1.7258481,-0.159994
-1.7256481,-0.223991
-1.7254481,-0.159994
-1.7252481,-0.191993
-1.7250481,-0.191993
-1.7248481,-0.159994
-1.7246481,-0.159994
-1.7244481,-0.191993
-1.7242481,-0.191993
-1.7240481,-0.159994
-1.7238481,-0.191993
-1.7236481,-0.159994
-1.7234481,-0.159994
-1.7232481,-0.159994
-1.7230481,-0.191993
-1.7228481,-0.191993
-1.7226481,-0.191993
-1.7224481,-0.159994
-1.7222481,-0.223991
-1.7220481,-0.159994
-1.7218481,-0.159994
-1.7216481,-0.159994
-1.7214481,-0.159994
-1.7212481,-0.191993
-1.7210481,-0.159994
-1.7208481,-0.127995
-1.7206481,-0.159994
-1.7204481,-0.191993
-1.7202481,-0.127995
-1.7200481,-0.159994
-1.7198481,-0.191993
-1.7196481,-0.127995
-1.7194481,-0.191993
-1.7192481,-0.159994
-1.7190481,-0.159994
-1.7188481,-0.127995
-1.7186481,-0.191993
-1.7184481,-0.159994
-1.7182481,-0.127995
-1.7180481,-0.159994
-1.7178481,-0.127995
-1.7176481,-0.159994
-1.7174481,-0.191993
-1.7172481,-0.159994
-1.7170481,-0.159994
-1.7168481,-0.159994
-1.7166481,-0.191993
-1.7164481,-0.159994
-1.7162481,-0.159994
-1.7160481,-0.159994
-1.7158481,-0.127995
-1.7156481,-0.159994
-1.7154481,-0.127995
-1.7152481,-0.127995
-1.7150481,-0.159994
-1.7148481,-0.159994
-1.7146481,-0.127995
-1.7144481,-0.159994
-1.7142481,-0.159994
-1.7140481,-0.159994
-1.7138481,-0.191993
-1.7136481,-0.127995
-1.7134481,-0.159994
-1.7132481,-0.127995
-1.7130481,-0.159994
-1.7128481,-0.159994
-1.7126481,-0.159994
-1.7124481,-0.159994
-1.7122481,-0.127995
-1.7120481,-0.191993
-1.7118481,-0.159994
-1.7116481,-0.159994
-1.7114481,-0.127995
-1.7112481,-0.127995
-1.7110481,-0.127995
-1.7108481,-0.159994
-1.7106481,-0.127995
-1.7104481,-0.127995
-1.7102481,-0.0959963
-1.7100481,-0.127995
-1.7098481,-0.127995
-1.7096481,-0.127995
-1.7094481,-0.0959963
-1.7092481,-0.0959963
-1.7090481,-0.127995
-1.7088481,-0.127995
-1.7086481,-0.159994
-1.7084481,-0.159994
-1.7082481,-0.191993
-1.7080481,-0.127995
-1.7078481,-0.127995
-1.7076481,-0.127995
-1.7074481,-0.0959963
-1.7072481,-0.127995
-1.7070481,-0.127995
-1.7068481,-0.127995
-1.7066481,-0.159994
-1.7064481,-0.159994
-1.7062481,-0.0959963
-1.7060481,-0.127995
-1.7058481,-0.127995
-1.7056481,-0.0959963
-1.7054481,-0.159994
-1.7052481,-0.127995
-1.7050481,-0.159994
-1.7048481,-0.127995
-1.7046481,-0.127995
-1.7044481,-0.127995
-1.7042481,-0.127995
-1.7040481,-0.127995
-1.7038481,-0.127995
-1.7036481,-0.159994
-1.7034481,-0.127995
-1.7032481,-0.127995
-1.7030481,-0.159994
-1.7028481,-0.127995
-1.7026481,-0.127995
-1.7024481,-0.159994
-1.7022481,-0.127995
-1.7020481,-0.0959963
-1.7018481,-0.127995
-1.7016481,-0.127995
-1.7014481,-0.127995
-1.7012481,-0.191993
-1.7010481,-0.127995
-1.7008481,-0.127995
-1.7006481,-0.159994
-1.7004481,-0.0959963
-1.7002481,-0.127995
-1.7000481,-0.159994
-1.6998481,-0.127995
-1.6996481,-0.159994
-1.6994481,-0.127995
-1.6992481,-0.0959963
-1.6990481,-0.127995
-1.6988481,-0.159994
-1.6986481,-0.0959963
-1.6984481,-0.127995
-1.6982481,-0.159994
-1.6980481,-0.159994
-1.6978481,-0.0959963
-1.6976481,-0.159994
-1.6974481,-0.0959963
-1.6972481,-0.0959963
-1.6970481,-0.159994
-1.6968481,-0.159994
-1.6966481,-0.0959963
-1.6964481,-0.159994
-1.6962481,-0.159994
-1.6960481,-0.0959963
-1.6958481,-0.127995
-1.6956481,-0.0959963
-1.6954481,-0.0959963
-1.6952481,-0.127995
-1.6950481,-0.0959963
-1.6948481,-0.0639975
-1.6946481,-0.127995
-1.6944481,-0.127995
-1.6942481,-0.0959963
-1.6940481,-0.127995
-1.6938481,-0.0959963
-1.6936481,-0.0959963
-1.6934481,-0.127995
-1.6932481,-0.0959963
-1.6930481,-0.0959963
-1.6928481,-0.127995
-1.6926481,-0.0959963
-1.6924481,-0.127995
-1.6922481,-0.159994
-1.6920481,-0.0639975
-1.6918481,-0.0959963
-1.6916481,-0.159994
-1.6914481,-0.127995
-1.6912481,-0.0959963
-1.6910481,-0.127995
-1.6908481,-0.127995
-1.6906481,-0.0959963
-1.6904481,-0.0959963
-1.6902481,-0.0959963
-1.6900481,-0.127995
-1.6898481,-0.127995
-1.6896481,-0.0639975
-1.6894481,-0.159994
-1.6892481,-0.127995
-1.6890481,-0.0959963
-1.6888481,-0.0959963
-1.6886481,-0.127995
-1.6884481,-0.0639975
-1.6882481,-0.0639975
-1.6880481,-0.127995
-1.6878481,-0.0959963
-1.6876481,-0.0959963
-1.6874481,-0.127995
-1.6872481,-0.127995
-1.6870481,-0.127995
-1.6868481,-0.127995
-1.6866481,-0.0959963
-1.6864481,-0.0959963
-1.6862481,-0.159994
-1.6860481,-0.0639975
-1.6858481,-0.0959963
-1.6856481,-0.0959963
-1.6854481,-0.0959963
-1.6852481,-0.0639975
-1.6850481,-0.0959963
-1.6848481,-0.127995
-1.6846481,-0.159994
-1.6844481,-0.127995
-1.6842481,-0.127995
-1.6840481,-0.0959963
-1.6838481,-0.127995
-1.6836481,-0.127995
-1.6834481,-0.0959963
-1.6832481,-0.0959963
-1.6830481,-0.127995
-1.6828481,-0.0959963
-1.6826481,-0.0959963
-1.6824481,-0.0959963
-1.6822481,-0.0639975
-1.6820481,-0.127995
-1.6818481,-0.0959963
-1.6816481,-0.127995
-1.6814481,-0.127995
-1.6812481,-0.0959963
-1.6810481,-0.0639975
-1.6808481,-0.127995
-1.6806481,-0.0639975
-1.6804481,-0.0959963
-1.6802481,-0.127995
-1.6800481,-0.127995
-1.6798481,-0.0959963
-1.6796481,-0.127995
-1.6794481,-0.0959963
-1.6792481,-0.0959963
-1.6790481,-0.159994
-1.6788481,-0.0959963
-1.6786481,-0.127995
-1.6784481,-0.127995
-1.6782481,-0.127995
-1.6780481,-0.0959963
-1.6778481,-0.191993
-1.6776481,-0.127995
-1.6774481,-0.127995
-1.6772481,-0.127995
-1.6770481,-0.0639975
-1.6768481,-0.127995
-1.6766481,-0.159994
-1.6764481,-0.127995
-1.6762481,-0.0959963
-1.6760481,-0.0959963
-1.6758481,-0.127995
-1.6756481,-0.0639975
-1.6754481,-0.127995
-1.6752481,-0.159994
-1.6750481,-0.127995
-1.6748481,-0.127995
-1.6746481,-0.159994
-1.6744481,-0.127995
-1.6742481,-0.0959963
-1.6740481,-0.127995
-1.6738481,-0.0959963
-1.6736481,-0.127995
-1.6734481,-0.127995
-1.6732481,-0.0959963
-1.6730481,-0.0959963
-1.6728481,-0.127995
-1.6726481,-0.0959963
-1.6724481,-0.0959963
-1.6722481,-0.127995
-1.6720481,-0.0959963
-1.6718481,-0.159994
-1.6716481,-0.0639975
-1.6714481,-0.0639975
-1.6712481,-0.159994
-1.6710481,-0.0959963
-1.6708481,-0.0959963
-1.6706481,-0.127995
-1.6704481,-0.0959963
-1.6702481,-0.0959963
-1.6700481,-0.127995
-1.6698481,-0.0639975
-1.6696481,-0.0959963
-1.6694481,-0.0959963
-1.6692481,-0.159994
-1.6690481,-0.127995
-1.6688481,-0.127995
-1.6686481,-0.0959963
-1.6684481,-0.159994
-1.6682481,-0.159994
-1.6680481,-0.0959963
-1.6678481,-0.127995
-1.6676481,-0.159994
-1.6674481,-0.0959963
-1.6672481,-0.127995
-1.6670481,-0.127995
-1.6668481,-0.127995
-1.6666481,-0.0959963
-1.6664481,-0.127995
-1.6662481,-0.127995
-1.6660481,-0.127995
-1.6658481,-0.159994
-1.6656481,-0.127995
-1.6654481,-0.127995
-1.6652481,-0.127995
-1.6650481,-0.159994
-1.6648481,-0.0959963
-1.6646481,-0.159994
-1.6644481,-0.159994
-1.6642481,-0.0959963
-1.6640481,-0.191993
-1.6638481,-0.159994
-1.6636481,-0.159994
-1.6634481,-0.159994
-1.6632481,-0.159994
-1.6630481,-0.127995
-1.6628481,-0.159994
-1.6626481,-0.127995
-1.6624481,-0.159994
-1.6622481,-0.159994
-1.6620481,-0.127995
-1.6618481,-0.159994
-1.6616481,-0.191993
-1.6614481,-0.127995
-1.6612481,-0.127995
-1.6610481,-0.127995
-1.6608481,-0.159994
-1.6606481,-0.127995
-1.6604481,-0.159994
-1.6602481,-0.159994
-1.6600481,-0.127995
-1.6598481,-0.191993
-1.6596481,-0.159994
-1.6594481,-0.127995
-1.6592481,-0.159994
-1.6590481,-0.159994
-1.6588481,-0.159994
-1.6586481,-0.159994
-1.6584481,-0.159994
-1.6582481,-0.159994
-1.6580481,-0.159994
-1.6578481,-0.159994
-1.6576481,-0.159994
-1.6574481,-0.223991
-1.6572481,-0.159994
-1.6570481,-0.127995
-1.6568481,-0.191993
-1.6566481,-0.223991
-1.6564481,-0.159994
-1.6562481,-0.191993
-1.6560481,-0.191993
-1.6558481,-0.127995
-1.6556481,-0.159994
-1.6554481,-0.223991
-1.6552481,-0.191993
-1.6550481,-0.223991
-1.6548481,-0.223991
-1.6546481,-0.191993
-1.6544481,-0.223991
-1.6542481,-0.191993
-1.6540481,-0.191993
-1.6538481,-0.223991
-1.6536481,-0.191993
-1.6534481,-0.223991
-1.6532481,-0.223991
-1.6530481,-0.223991
-1.6528481,-0.159994
-1.6526481,-0.223991
-1.6524481,-0.25599
-1.6522481,-0.223991
-1.6520481,-0.159994
-1.6518481,-0.191993
-1.6516481,-0.223991
-1.6514481,-0.25599
-1.6512481,-0.25599
-1.6510481,-0.191993
-1.6508481,-0.223991
-1.6506481,-0.223991
-1.6504481,-0.25599
-1.6502481,-0.223991
-1.6500481,-0.223991
-1.6498481,-0.25599
-1.6496481,-0.191993
-1.6494481,-0.223991
-1.6492481,-0.223991
-1.6490481,-0.223991
-1.6488481,-0.223991
-1.6486481,-0.191993
-1.6484481,-0.223991
-1.6482481,-0.223991
-1.6480481,-0.191993
-1.6478481,-0.223991
-1.6476481,-0.223991
-1.6474481,-0.223991
-1.6472481,-0.191993
-1.6470481,-0.223991
-1.6468481,-0.191993
-1.6466481,-0.223991
-1.6464481,-0.287989
-1.6462481,-0.25599
-1.6460481,-0.25599
-1.6458481,-0.25599
-1.6456481,-0.191993
-1.6454481,-0.223991
-1.6452481,-0.223991
-1.6450481,-0.223991
-1.6448481,-0.223991
-1.6446481,-0.223991
-1.6444481,-0.191993
-1.6442481,-0.25599
-1.6440481,-0.25599
-1.6438481,-0.25599
-1.6436481,-0.25599
-1.6434481,-0.223991
-1.6432481,-0.223991
-1.6430481,-0.25599
-1.6428481,-0.191993
-1.6426481,-0.25599
-1.6424481,-0.287989
-1.6422481,-0.223991
-1.6420481,-0.25599
-1.6418481,-0.223991
-1.6416481,-0.287989
-1.6414481,-0.25599
-1.6412481,-0.25599
-1.6410481,-0.223991
-1.6408481,-0.25599
-1.6406481,-0.25599
-1.6404481,-0.25599
-1.6402481,-0.287989
-1.6400481,-0.287989
-1.6398481,-0.319988
-1.6396481,-0.191993
-1.6394481,-0.25599
-1.6392481,-0.287989
-1.6390481,-0.191993
-1.6388481,-0.25599
-1.6386481,-0.223991
-1.6384481,-0.191993
-1.6382481,-0.25599
-1.6380481,-0.287989
-1.6378481,-0.191993
-1.6376481,-0.287989
-1.6374481,-0.25599
-1.6372481,-0.287989
-1.6370481,-0.25599
-1.6368481,-0.25599
-1.6366481,-0.25599
-1.6364481,-0.25599
-1.6362481,-0.25599
-1.6360481,-0.25599
-1.6358481,-0.287989
-1.6356481,-0.287989
-1.6354481,-0.25599
-1.6352481,-0.287989
-1.6350481,-0.287989
-1.6348481,-0.25599
-1.6346481,-0.287989
-1.6344481,-0.25599
-1.6342481,-0.25599
-1.6340481,-0.287989
-1.6338481,-0.223991
-1.6336481,-0.25599
-1.6334481,-0.287989
-1.6332481,-0.287989
-1.6330481,-0.191993
-1.6328481,-0.25599
-1.6326481,-0.287989
-1.6324481,-0.287989
-1.6322481,-0.25599
-1.6320481,-0.287989
-1.6318481,-0.25599
-1.6316481,-0.223991
-1.6314481,-0.287989
-1.6312481,-0.25599
-1.6310481,-0.25599
-1.6308481,-0.25599
-1.6306481,-0.25599
-1.6304481,-0.287989
-1.6302481,-0.223991
-1.6300481,-0.287989
-1.6298481,-0.287989
-1.6296481,-0.287989
-1.6294481,-0.191993
-1.6292481,-0.25599
-1.6290481,-0.223991
-1.6288481,-0.287989
-1.6286481,-0.25599
-1.6284481,-0.25599
-1.6282481,-0.223991
-1.6280481,-0.25599
-1.6278481,-0.287989
-1.6276481,-0.287989
-1.6274481,-0.287989
-1.6272481,-0.25599
-1.6270481,-0.191993
-1.6268481,-0.223991
-1.6266481,-0.25599
-1.6264481,-0.287989
-1.6262481,-0.25599
-1.6260481,-0.287989
-1.6258481,-0.25599
-1.6256481,-0.25599
-1.6254481,-0.287989
-1.6252481,-0.25599
-1.6250481,-0.25599
-1.6248481,-0.223991
-1.6246481,-0.25599
-1.6244481,-0.287989
-1.6242481,-0.25599
-1.6240481,-0.223991
-1.6238481,-0.287989
-1.6236481,-0.287989
-1.6234481,-0.25599
-1.6232481,-0.25599
-1.6230481,-0.25599
-1.6228481,-0.191993
-1.6226481,-0.25599
-1.6224481,-0.25599
-1.6222481,-0.191993
-1.6220481,-0.191993
-1.6218481,-0.25599
-1.6216481,-0.223991
-1.6214481,-0.25599
-1.6212481,-0.287989
-1.6210481,-0.25599
-1.6208481,-0.287989
-1.6206481,-0.287989
-1.6204481,-0.191993
-1.6202481,-0.25599
-1.6200481,-0.287989
-1.6198481,-0.223991
-1.6196481,-0.25599
-1.6194481,-0.287989
-1.6192481,-0.287989
-1.6190481,-0.25599
-1.6188481,-0.287989
-1.6186481,-0.25599
-1.6184481,-0.25599
-1.6182481,-0.25599
-1.6180481,-0.223991
-1.6178481,-0.25599
-1.6176481,-0.287989
-1.6174481,-0.25599
-1.6172481,-0.287989
-1.6170481,-0.25599
-1.6168481,-0.287989
-1.6166481,-0.287989
-1.6164481,-0.287989
-1.6162481,-0.223991
-1.6160481,-0.287989
-1.6158481,-0.287989
-1.6156481,-0.25599
-1.6154481,-0.25599
-1.6152481,-0.25599
-1.6150481,-0.25599
-1.6148481,-0.25599
-1.6146481,-0.25599
-1.6144481,-0.287989
-1.6142481,-0.223991
-1.6140481,-0.287989
-1.6138481,-0.25599
-1.6136481,-0.287989
-1.6134481,-0.287989
-1.6132481,-0.287989
-1.6130481,-0.25599
-1.6128481,-0.287989
-1.6126481,-0.287989
-1.6124481,-0.287989
-1.6122481,-0.25599
-1.6120481,-0.25599
-1.6118481,-0.25599
-1.6116481,-0.25599
-1.6114481,-0.287989
-1.6112481,-0.287989
-1.6110481,-0.287989
-1.6108481,-0.25599
-1.6106481,-0.287989
-1.6104481,-0.287989
-1.6102481,-0.287989
-1.6100481,-0.25599
-1.6098481,-0.25599
-1.6096481,-0.25599
-1.6094481,-0.287989
-1.6092481,-0.287989
-1.6090481,-0.25599
-1.6088481,-0.25599
-1.6086481,-0.319988
-1.6084481,-0.223991
-1.6082481,-0.25599
-1.6080481,-0.287989
-1.6078481,-0.25599
-1.6076481,-0.287989
-1.6074481,-0.287989
-1.6072481,-0.25599
-1.6070481,-0.287989
-1.6068481,-0.287989
-1.6066481,-0.287989
-1.6064481,-0.25599
-1.6062481,-0.25599
-1.6060481,-0.287989
-1.6058481,-0.287989
-1.6056481,-0.351986
-1.6054481,-0.319988
-1.6052481,-0.287989
-1.6050481,-0.319988
-1.6048481,-0.319988
-1.6046481,-0.287989
-1.6044481,-0.319988
-1.6042481,-0.319988
-1.6040481,-0.287989
-1.6038481,-0.351986
-1.6036481,-0.351986
-1.6034481,-0.351986
-1.6032481,-0.351986
-1.6030481,-0.287989
-1.6028481,-0.319988
-1.6026481,-0.319988
-1.6024481,-0.351986
-1.6022481,-0.319988
-1.6020481,-0.383985
-1.6018481,-0.287989
-1.6016481,-0.319988
-1.6014481,-0.383985
-1.6012481,-0.319988
-1.6010481,-0.319988
-1.6008481,-0.351986
-1.6006481,-0.383985
-1.6004481,-0.351986
-1.6002481,-0.351986
-1.6000481,-0.351986
-1.5998481,-0.319988
-1.5996481,-0.351986
-1.5994481,-0.351986
-1.5992481,-0.319988
-1.5990481,-0.383985
-1.5988481,-0.383985
-1.5986481,-0.319988
-1.5984481,-0.383985
-1.5982481,-0.351986
-1.5980481,-0.383985
-1.5978481,-0.319988
-1.5976481,-0.383985
-1.5974481,-0.383985
-1.5972481,-0.383985
-1.5970481,-0.383985
-1.5968481,-0.319988
-1.5966481,-0.319988
-1.5964481,-0.383985
-1.5962481,-0.415984
-1.5960481,-0.383985
-1.5958481,-0.351986
-1.5956481,-0.351986
-1.5954481,-0.319988
-1.5952481,-0.415984
-1.5950481,-0.383985
-1.5948481,-0.383985
-1.5946481,-0.415984
-1.5944481,-0.383985
-1.5942481,-0.383985
-1.5940481,-0.383985
-1.5938481,-0.351986
-1.5936481,-0.415984
-1.5934481,-0.383985
-1.5932481,-0.383985
-1.5930481,-0.415984
-1.5928481,-0.383985
-1.5926481,-0.351986
-1.5924481,-0.383985
-1.5922481,-0.415984
-1.5920481,-0.415984
-1.5918481,-0.415984
-1.5916481,-0.447983
-1.5914481,-0.383985
-1.5912481,-0.447983
-1.5910481,-0.383985
-1.5908481,-0.447983
-1.5906481,-0.415984
-1.5904481,-0.415984
-1.5902481,-0.383985
-1.5900481,-0.447983
-1.5898481,-0.415984
-1.5896481,-0.415984
-1.5894481,-0.479982
-1.5892481,-0.415984
-1.5890481,-0.383985
-1.5888481,-0.447983
-1.5886481,-0.415984
-1.5884481,-0.415984
-1.5882481,-0.447983
-1.5880481,-0.479982
-1.5878481,-0.447983
-1.5876481,-0.479982
-1.5874481,-0.447983
-1.5872481,-0.447983
-1.5870481,-0.479982
-1.5868481,-0.415984
-1.5866481,-0.479982
-1.5864481,-0.479982
-1.5862481,-0.447983
-1.5860481,-0.415984
-1.5858481,-0.479982
-1.5856481,-0.479982
-1.5854481,-0.447983
-1.5852481,-0.479982
-1.5850481,-0.479982
-1.5848481,-0.447983
-1.5846481,-0.51198
-1.5844481,-0.51198
-1.5842481,-0.479982
-1.5840481,-0.479982
-1.5838481,-0.447983
-1.5836481,-0.479982
-1.5834481,-0.447983
-1.5832481,-0.479982
-1.5830481,-0.51198
-1.5828481,-0.479982
-1.5826481,-0.479982
-1.5824481,-0.51198
-1.5822481,-0.51198
-1.5820481,-0.543979
-1.5818481,-0.51198
-1.5816481,-0.51198
-1.5814481,-0.51198
-1.5812481,-0.51198
-1.5810481,-0.543979
-1.5808481,-0.51198
-1.5806481,-0.543979
-1.5804481,-0.575978
-1.5802481,-0.543979
-1.5800481,-0.543979
-1.5798481,-0.543979
-1.5796481,-0.575978
-1.5794481,-0.51198
-1.5792481,-0.575978
-1.5790481,-0.543979
-1.5788481,-0.575978
-1.5786481,-0.543979
-1.5784481,-0.575978
-1.5782481,-0.575978
-1.5780481,-0.639975
-1.5778481,-0.607977
-1.5776481,-0.575978
-1.5774481,-0.575978
-1.5772481,-0.607977
-1.5770481,-0.575978
-1.5768481,-0.607977
-1.5766481,-0.639975
-1.5764481,-0.607977
-1.5762481,-0.607977
-1.5760481,-0.639975
-1.5758481,-0.639975
-1.5756481,-0.639975
-1.5754481,-0.671974
-1.5752481,-0.575978
-1.5750481,-0.639975
-1.5748481,-0.639975
-1.5746481,-0.639975
-1.5744481,-0.607977
-1.5742481,-0.607977
-1.5740481,-0.607977
-1.5738481,-0.639975
-1.5736481,-0.607977
-1.5734481,-0.639975
-1.5732481,-0.607977
-1.5730481,-0.639975
-1.5728481,-0.639975
-1.5726481,-0.671974
-1.5724481,-0.639975
-1.5722481,-0.639975
-1.5720481,-0.607977
-1.5718481,-0.607977
-1.5716481,-0.639975
-1.5714481,-0.671974
-1.5712481,-0.607977
-1.5710481,-0.639975
-1.5708481,-0.671974
-1.5706481,-0.639975
-1.5704481,-0.639975
-1.5702481,-0.703973
-1.5700481,-0.703973
-1.5698481,-0.671974
-1.5696481,-0.703973
-1.5694481,-0.703973
-1.5692481,-0.703973
-1.5690481,-0.671974
-1.5688481,-0.703973
-1.5686481,-0.703973
-1.5684481,-0.671974
-1.5682481,-0.703973
-1.5680481,-0.671974
-1.5678481,-0.703973
-1.5676481,-0.703973
-1.5674481,-0.703973
-1.5672481,-0.703973
-1.5670481,-0.735972
-1.5668481,-0.703973
-1.5666481,-0.735972
-1.5664481,-0.735972
-1.5662481,-0.735972
-1.5660481,-0.703973
-1.5658481,-0.735972
-1.5656481,-0.735972
-1.5654481,-0.735972
-1.5652481,-0.703973
-1.5650481,-0.735972
-1.5648481,-0.767971
-1.5646481,-0.735972
-1.5644481,-0.767971
-1.5642481,-0.799969
-1.5640481,-0.703973
-1.5638481,-0.767971
-1.5636481,-0.735972
-1.5634481,-0.735972
-1.5632481,-0.831968
-1.5630481,-0.799969
-1.5628481,-0.735972
-1.5626481,-0.767971
-1.5624481,-0.767971
-1.5622481,-0.767971
-1.5620481,-0.767971
-1.5618481,-0.799969
-1.5616481,-0.767971
-1.5614481,-0.735972
-1.5612481,-0.767971
-1.5610481,-0.767971
-1.5608481,-0.799969
-1.5606481,-0.799969
-1.5604481,-0.767971
-1.5602481,-0.767971
-1.5600481,-0.799969
-1.5598481,-0.799969
-1.5596481,-0.799969
-1.5594481,-0.799969
-1.5592481,-0.799969
-1.5590481,-0.799969
-1.5588481,-0.799969
-1.5586481,-0.799969
-1.5584481,-0.799969
-1.5582481,-0.799969
-1.5580481,-0.831968
-1.5578481,-0.799969
-1.5576481,-0.799969
-1.5574481,-0.799969
-1.5572481,-0.831968
-1.5570481,-0.831968
-1.5568481,-0.831968
-1.5566481,-0.831968
-1.5564481,-0.863967
-1.5562481,-0.831968
-1.5560481,-0.831968
-1.5558481,-0.831968
-1.5556481,-0.831968
-1.5554481,-0.831968
-1.5552481,-0.863967
-1.5550481,-0.831968
-1.5548481,-0.863967
-1.5546481,-0.863967
-1.5544481,-0.831968
-1.5542481,-0.799969
-1.5540481,-0.895966
-1.5538481,-0.831968
-1.5536481,-0.863967
-1.5534481,-0.863967
-1.5532481,-0.831968
-1.5530481,-0.863967
-1.5528481,-0.863967
-1.5526481,-0.799969
-1.5524481,-0.895966
-1.5522481,-0.863967
-1.5520481,-0.863967
-1.5518481,-0.863967
-1.5516481,-0.927964
-1.5514481,-0.863967
-1.5512481,-0.863967
-1.5510481,-0.863967
-1.5508481,-0.895966
-1.5506481,-0.895966
-1.5504481,-0.895966
-1.5502481,-0.895966
-1.5500481,-0.895966
-1.5498481,-0.895966
-1.5496481,-0.895966
-1.5494481,-0.895966
-1.5492481,-0.895966
-1.5490481,-0.895966
-1.5488481,-0.895966
-1.5486481,-0.895966
-1.5484481,-0.895966
-1.5482481,-0.895966
-1.5480481,-0.927964
-1.5478481,-0.895966
-1.5476481,-0.895966
-1.5474481,-0.895966
-1.5472481,-0.895966
-1.5470481,-0.895966
-1.5468481,-0.863967
-1.5466481,-0.895966
-1.5464481,-0.895966
-1.5462481,-0.863967
-1.5460481,-0.863967
-1.5458481,-0.927964
-1.5456481,-0.895966
-1.5454481,-0.895966
-1.5452481,-0.927964
-1.5450481,-0.927964
-1.5448481,-0.895966
-1.5446481,-0.927964
-1.5444481,-0.927964
-1.5442481,-0.863967
-1.5440481,-0.895966
-1.5438481,-0.895966
-1.5436481,-0.927964
-1.5434481,-0.927964
-1.5432481,-0.895966
-1.5430481,-0.927964
-1.5428481,-0.895966
-1.5426481,-0.927964
-1.5424481,-0.895966
-1.5422481,-0.927964
-1.5420481,-0.895966
-1.5418481,-0.895966
-1.5416481,-0.927964
-1.5414481,-0.863967
-1.5412481,-0.927964
-1.5410481,-0.895966
-1.5408481,-0.927964
-1.5406481,-0.927964
-1.5404481,-0.895966
-1.5402481,-0.927964
-1.5400481,-0.895966
-1.5398481,-0.927964
-1.5396481,-0.895966
-1.5394481,-0.927964
-1.5392481,-0.863967
-1.5390481,-0.895966
-1.5388481,-0.895966
-1.5386481,-0.927964
-1.5384481,-0.895966
-1.5382481,-0.895966
-1.5380481,-0.927964
-1.5378481,-0.895966
-1.5376481,-0.895966
-1.5374481,-0.895966
-1.5372481,-0.895966
-1.5370481,-0.895966
-1.5368481,-0.927964
-1.5366481,-0.895966
-1.5364481,-0.927964
-1.5362481,-0.927964
-1.5360481,-0.895966
-1.5358481,-0.863967
-1.5356481,-0.927964
-1.5354481,-0.895966
-1.5352481,-0.927964
-1.5350481,-0.895966
-1.5348481,-0.895966
-1.5346481,-0.927964
-1.5344481,-0.863967
-1.5342481,-0.927964
-1.5340481,-0.927964
-1.5338481,-0.895966
-1.5336481,-0.927964
-1.5334481,-0.863967
-1.5332481,-0.895966
-1.5330481,-0.895966
-1.5328481,-0.895966
-1.5326481,-0.895966
-1.5324481,-0.895966
-1.5322481,-0.895966
-1.5320481,-0.863967
-1.5318481,-0.895966
-1.5316481,-0.927964
-1.5314481,-0.927964
-1.5312481,-0.927964
-1.5310481,-0.895966
-1.5308481,-0.895966
-1.5306481,-0.863967
-1.5304481,-0.895966
-1.5302481,-0.895966
-1.5300481,-0.895966
-1.5298481,-0.863967
-1.5296481,-0.927964
-1.5294481,-0.863967
-1.5292481,-0.895966
-1.5290481,-0.927964
-1.5288481,-0.863967
-1.5286481,-0.863967
-1.5284481,-0.895966
-1.5282481,-0.895966
-1.5280481,-0.895966
-1.5278481,-0.927964
-1.5276481,-0.895966
-1.5274481,-0.863967
-1.5272481,-0.895966
-1.5270481,-0.863967
-1.5268481,-0.895966
-1.5266481,-0.927964
-1.5264481,-0.927964
-1.5262481,-0.863967
-1.5260481,-0.895966
-1.5258481,-0.895966
-1.5256481,-0.895966
-1.5254481,-0.863967
-1.5252481,-0.927964
-1.5250481,-0.863967
-1.5248481,-0.895966
-1.5246481,-0.895966
-1.5244481,-0.895966
-1.5242481,-0.927964
-1.5240481,-0.895966
-1.5238481,-0.927964
-1.5236481,-0.863967
-1.5234481,-0.895966
-1.5232481,-0.895966
-1.5230481,-0.895966
-1.5228481,-0.831968
-1.5226481,-0.831968
-1.5224481,-0.927964
-1.5222481,-0.895966
-1.5220481,-0.895966
-1.5218481,-0.895966
-1.5216481,-0.863967
-1.5214481,-0.863967
-1.5212481,-0.895966
-1.5210481,-0.895966
-1.5208481,-0.895966
-1.5206481,-0.863967
-1.5204481,-0.863967
-1.5202481,-0.927964
-1.5200481,-0.895966
-1.5198481,-0.895966
-1.5196481,-0.863967
-1.5194481,-0.863967
-1.5192481,-0.863967
-1.5190481,-0.863967
-1.5188481,-0.895966
-1.5186481,-0.863967
-1.5184481,-0.895966
-1.5182481,-0.895966
-1.5180481,-0.863967
-1.5178481,-0.895966
-1.5176481,-0.863967
-1.5174481,-0.831968
-1.5172481,-0.895966
-1.5170481,-0.895966
-1.5168481,-0.895966
-1.5166481,-0.895966
-1.5164481,-0.895966
-1.5162481,-0.895966
-1.5160481,-0.863967
-1.5158481,-0.927964
-1.5156481,-0.895966
-1.5154481,-0.895966
-1.5152481,-0.863967
-1.5150481,-0.895966
-1.5148481,-0.895966
-1.5146481,-0.895966
-1.5144481,-0.831968
-1.5142481,-0.863967
-1.5140481,-0.927964
-1.5138481,-0.863967
-1.5136481,-0.863967
-1.5134481,-0.863967
-1.5132481,-0.895966
-1.5130481,-0.895966
-1.5128481,-0.895966
-1.5126481,-0.863967
-1.5124481,-0.863967
-1.5122481,-0.863967
-1.5120481,-0.895966
-1.5118481,-0.927964
-1.5116481,-0.927964
-1.5114481,-0.863967
-1.5112481,-0.895966
-1.5110481,-0.895966
-1.5108481,-0.927964
-1.5106481,-0.927964
-1.5104481,-0.895966
-1.5102481,-0.895966
-1.5100481,-0.863967
-1.5098481,-0.863967
-1.5096481,-0.863967
-1.5094481,-0.895966
-1.5092481,-0.895966
-1.5090481,-0.895966
-1.5088481,-0.863967
-1.5086481,-0.895966
-1.5084481,-0.895966
-1.5082481,-0.863967
-1.5080481,-0.895966
-1.5078481,-0.895966
-1.5076481,-0.895966
-1.5074481,-0.863967
-1.5072481,-0.831968
-1.5070481,-0.927964
-1.5068481,-0.927964
-1.5066481,-0.863967
-1.5064481,-0.895966
-1.5062481,-0.831968
-1.5060481,-0.895966
-1.5058481,-0.895966
-1.5056481,-0.895966
-1.5054481,-0.895966
-1.5052481,-0.863967
-1.5050481,-0.895966
-1.5048481,-0.863967
-1.5046481,-0.863967
-1.5044481,-0.863967
-1.5042481,-0.895966
-1.5040481,-0.863967
-1.5038481,-0.895966
-1.5036481,-0.895966
-1.5034481,-0.831968
-1.5032481,-0.895966
-1.5030481,-0.895966
-1.5028481,-0.863967
-1.5026481,-0.863967
-1.5024481,-0.831968
-1.5022481,-0.831968
-1.5020481,-0.831968
-1.5018481,-0.831968
-1.5016481,-0.863967
-1.5014481,-0.863967
-1.5012481,-0.831968
-1.5010481,-0.831968
-1.5008481,-0.831968
-1.5006481,-0.831968
-1.5004481,-0.831968
-1.5002481,-0.831968
-1.5000481,-0.831968
-1.4998481,-0.831968
-1.4996481,-0.799969
-1.4994481,-0.831968
-1.4992481,-0.863967
-1.4990481,-0.831968
-1.4988481,-0.799969
-1.4986481,-0.831968
-1.4984481,-0.799969
-1.4982481,-0.799969
-1.4980481,-0.767971
-1.4978481,-0.831968
-1.4976481,-0.799969
-1.4974481,-0.831968
-1.4972481,-0.799969
-1.4970481,-0.831968
-1.4968481,-0.831968
-1.4966481,-0.799969
-1.4964481,-0.799969
-1.4962481,-0.767971
-1.4960481,-0.767971
-1.4958481,-0.799969
-1.4956481,-0.799969
-1.4954481,-0.767971
-1.4952481,-0.767971
-1.4950481,-0.799969
-1.4948481,-0.767971
-1.4946481,-0.799969
-1.4944481,-0.767971
-1.4942481,-0.767971
-1.4940481,-0.767971
-1.4938481,-0.767971
-1.4936481,-0.799969
-1.4934481,-0.799969
-1.4932481,-0.767971
-1.4930481,-0.767971
-1.4928481,-0.767971
-1.4926481,-0.767971
-1.4924481,-0.799969
-1.4922481,-0.735972
-1.4920481,-0.767971
-1.4918481,-0.735972
-1.4916481,-0.735972
-1.4914481,-0.799969
-1.4912481,-0.735972
-1.4910481,-0.735972
-1.4908481,-0.703973
-1.4906481,-0.735972
-1.4904481,-0.767971
-1.4902481,-0.735972
-1.4900481,-0.735972
-1.4898481,-0.735972
-1.4896481,-0.735972
-1.4894481,-0.735972
-1.4892481,-0.735972
-1.4890481,-0.703973
-1.4888481,-0.703973
-1.4886481,-0.703973
-1.4884481,-0.671974
-1.4882481,-0.671974
-1.4880481,-0.671974
-1.4878481,-0.671974
-1.4876481,-0.671974
-1.4874481,-0.703973
-1.4872481,-0.703973
-1.4870481,-0.703973
-1.4868481,-0.703973
-1.4866481,-0.671974
-1.4864481,-0.639975
-1.4862481,-0.639975
-1.4860481,-0.639975
-1.4858481,-0.671974
-1.4856481,-0.671974
-1.4854481,-0.671974
-1.4852481,-0.671974
-1.4850481,-0.607977
-1.4848481,-0.639975
-1.4846481,-0.607977
-1.4844481,-0.639975
-1.4842481,-0.639975
-1.4840481,-0.575978
-1.4838481,-0.575978
-1.4836481,-0.607977
-1.4834481,-0.607977
-1.4832481,-0.575978
-1.4830481,-0.575978
-1.4828481,-0.543979
-1.4826481,-0.543979
-1.4824481,-0.607977
-1.4822481,-0.543979
-1.4820481,-0.575978
-1.4818481,-0.575978
-1.4816481,-0.575978
-1.4814481,-0.575978
-1.4812481,-0.575978
-1.4810481,-0.51198
-1.4808481,-0.543979
-1.4806481,-0.51198
-1.4804481,-0.51198
-1.4802481,-0.575978
-1.4800481,-0.51198
-1.4798481,-0.51198
-1.4796481,-0.543979
-1.4794481,-0.543979
-1.4792481,-0.51198
-1.4790481,-0.543979
-1.4788481,-0.543979
-1.4786481,-0.51198
-1.4784481,-0.51198
-1.4782481,-0.51198
-1.4780481,-0.479982
-1.4778481,-0.51198
-1.4776481,-0.51198
-1.4774481,-0.479982
-1.4772481,-0.447983
-1.4770481,-0.447983
-1.4768481,-0.447983
-1.4766481,-0.447983
-1.4764481,-0.479982
-1.4762481,-0.447983
-1.4760481,-0.479982
-1.4758481,-0.479982
-1.4756481,-0.415984
-1.4754481,-0.415984
-1.4752481,-0.479982
-1.4750481,-0.447983
-1.4748481,-0.383985
-1.4746481,-0.383985
-1.4744481,-0.383985
-1.4742481,-0.415984
-1.4740481,-0.415984
-1.4738481,-0.351986
-1.4736481,-0.415984
-1.4734481,-0.351986
-1.4732481,-0.351986
-1.4730481,-0.415984
-1.4728481,-0.351986
-1.4726481,-0.351986
-1.4724481,-0.351986
-1.4722481,-0.383985
-1.4720481,-0.351986
-1.4718481,-0.383985
-1.4716481,-0.351986
-1.4714481,-0.319988
-1.4712481,-0.351986
-1.4710481,-0.351986
-1.4708481,-0.319988
-1.4706481,-0.319988
-1.4704481,-0.319988
-1.4702481,-0.25599
-1.4700481,-0.319988
-1.4698481,-0.351986
-1.4696481,-0.287989
-1.4694481,-0.319988
-1.4692481,-0.25599
-1.4690481,-0.287989
-1.4688481,-0.287989
-1.4686481,-0.25599
-1.4684481,-0.25599
-1.4682481,-0.287989
-1.4680481,-0.287989
-1.4678481,-0.287989
-1.4676481,-0.223991
-1.4674481,-0.191993
-1.4672481,-0.223991
-1.4670481,-0.191993
-1.4668481,-0.159994
-1.4666481,-0.223991
-1.4664481,-0.223991
-1.4662481,-0.191993
-1.4660481,-0.223991
-1.4658481,-0.191993
-1.4656481,-0.191993
-1.4654481,-0.191993
-1.4652481,-0.159994
-1.4650481,-0.127995
-1.4648481,-0.159994
-1.4646481,-0.127995
-1.4644481,-0.127995
-1.4642481,-0.191993
-1.4640481,-0.159994
-1.4638481,-0.127995
-1.4636481,-0.127995
-1.4634481,-0.0639975
-1.4632481,-0.0959963
-1.4630481,-0.0959963
-1.4628481,-0.0959963
-1.4626481,-0.0639975
-1.4624481,-0.0959963
-1.4622481,-0.0959963
-1.4620481,-0.0639975
-1.4618481,-0.0639975
-1.4616481,-0.0319988
-1.4614481,-0.0319988
-1.4612481,-0.0319988
-1.4610481,-0.0319988
-1.4608481,0.0319988
-1.4606481,0.0319988
-1.4604481,-0.0319988
-1.4602481,-0.0319988
-1.4600481,-0.0639975
-1.4598481,0.0319988
-1.4596481,0.0639975
-1.4594481,0.0639975
-1.4592481,0.0639975
-1.4590481,0.0639975
-1.4588481,0.0319988
-1.4586481,0.0639975
-1.4584481,0.0639975
-1.4582481,0.0639975
-1.4580481,0.0639975
-1.4578481,0.0639975
-1.4576481,0.0959963
-1.4574481,0.0959963
-1.4572481,0.127995
-1.4570481,0.127995
-1.4568481,0.127995
-1.4566481,0.127995
-1.4564481,0.0959963
-1.4562481,0.159994
-1.4560481,0.127995
-1.4558481,0.159994
-1.4556481,0.159994
-1.4554481,0.191993
-1.4552481,0.159994
-1.4550481,0.191993
-1.4548481,0.191993
-1.4546481,0.191993
-1.4544481,0.191993
-1.4542481,0.159994
-1.4540481,0.159994
-1.4538481,0.25599
-1.4536481,0.25599
-1.4534481,0.25599
-1.4532481,0.223991
-1.4530481,0.223991
-1.4528481,0.25599
-1.4526481,0.25599
-1.4524481,0.25599
-1.4522481,0.287989
-1.4520481,0.287989
-1.4518481,0.319988
-1.4516481,0.287989
-1.4514481,0.351986
-1.4512481,0.287989
-1.4510481,0.287989
-1.4508481,0.287989
-1.4506481,0.319988
-1.4504481,0.351986
-1.4502481,0.319988
-1.4500481,0.319988
-1.4498481,0.383985
-1.4496481,0.383985
-1.4494481,0.319988
-1.4492481,0.351986
-1.4490481,0.415984
-1.4488481,0.383985
-1.4486481,0.383985
-1.4484481,0.415984
-1.4482481,0.383985
-1.4480481,0.383985
-1.4478481,0.447983
-1.4476481,0.447983
-1.4474481,0.447983
-1.4472481,0.447983
-1.4470481,0.447983
-1.4468481,0.447983
-1.4466481,0.479982
-1.4464481,0.447983
-1.4462481,0.479982
-1.4460481,0.479982
-1.4458481,0.543979
-1.4456481,0.51198
-1.4454481,0.51198
-1.4452481,0.479982
-1.4450481,0.543979
-1.4448481,0.543979
-1.4446481,0.479982
-1.4444481,0.479982
-1.4442481,0.607977
-1.4440481,0.607977
-1.4438481,0.575978
-1.4436481,0.575978
-1.4434481,0.607977
-1.4432481,0.575978
-1.4430481,0.607977
-1.4428481,0.639975
-1.4426481,0.575978
-1.4424481,0.607977
-1.4422481,0.639975
-1.4420481,0.639975
-1.4418481,0.671974
-1.4416481,0.639975
-1.4414481,0.607977
-1.4412481,0.671974
-1.4410481,0.703973
-1.4408481,0.671974
-1.4406481,0.671974
-1.4404481,0.639975
-1.4402481,0.671974
-1.4400481,0.703973
-1.4398481,0.767971
-1.4396481,0.703973
-1.4394481,0.703973
-1.4392481,0.735972
-1.4390481,0.703973
-1.4388481,0.735972
-1.4386481,0.799969
-1.4384481,0.767971
-1.4382481,0.767971
-1.4380481,0.799969
-1.4378481,0.767971
-1.4376481,0.831968
-1.4374481,0.831968
-1.4372481,0.799969
-1.4370481,0.767971
-1.4368481,0.831968
-1.4366481,0.799969
-1.4364481,0.831968
-1.4362481,0.863967
-1.4360481,0.799969
-1.4358481,0.863967
-1.4356481,0.863967
-1.4354481,0.863967
-1.4352481,0.863967
-1.4350481,0.895966
-1.4348481,0.863967
-1.4346481,0.895966
-1.4344481,0.927964
-1.4342481,0.895966
-1.4340481,0.895966
-1.4338481,0.927964
-1.4336481,0.927964
-1.4334481,0.959963
-1.4332481,0.927964
-1.4330481,0.927964
-1.4328481,0.959963
-1.4326481,0.959963
-1.4324481,0.895966
-1.4322481,0.991962
-1.4320481,0.991962
-1.4318481,0.959963
-1.4316481,0.959963
-1.4314481,0.991962
-1.4312481,0.991962
-1.4310481,0.959963
-1.4308481,0.991962
-1.4306481,0.991962
-1.4304481,0.959963
-1.4302481,1.02396
-1.4300481,1.02396
-1.4298481,1.02396
-1.4296481,1.02396
-1.4294481,1.02396
-1.4292481,1.05596
-1.4290481,1.02396
-1.4288481,1.05596
-1.4286481,1.02396
-1.4284481,1.05596
-1.4282481,1.02396
-1.4280481,1.05596
-1.4278481,1.05596
-1.4276481,1.11996
-1.4274481,1.08796
-1.4272481,1.08796
-1.4270481,1.02396
-1.4268481,1.11996
-1.4266481,1.08796
-1.4264481,1.11996
-1.4262481,1.11996
-1.4260481,1.08796
-1.4258481,1.05596
-1.4256481,1.11996
-1.4254481,1.08796
-1.4252481,1.11996
-1.4250481,1.11996
-1.4248481,1.15196
-1.4246481,1.15196
-1.4244481,1.15196
-1.4242481,1.18395
-1.4240481,1.18395
-1.4238481,1.18395
-1.4236481,1.11996
-1.4234481,1.15196
-1.4232481,1.18395
-1.4230481,1.11996
-1.4228481,1.18395
-1.4226481,1.15196
-1.4224481,1.18395
-1.4222481,1.21595
-1.4220481,1.21595
-1.4218481,1.21595
-1.4216481,1.24795
-1.4214481,1.21595
-1.4212481,1.21595
-1.4210481,1.21595
-1.4208481,1.21595
-1.4206481,1.27995
-1.4204481,1.24795
-1.4202481,1.31195
-1.4200481,1.24795
-1.4198481,1.24795
-1.4196481,1.24795
-1.4194481,1.27995
-1.4192481,1.27995
-1.4190481,1.24795
-1.4188481,1.31195
-1.4186481,1.24795
-1.4184481,1.27995
-1.4182481,1.34395
-1.4180481,1.27995
-1.4178481,1.27995
-1.4176481,1.31195
-1.4174481,1.27995
-1.4172481,1.31195
-1.4170481,1.31195
-1.4168481,1.31195
-1.4166481,1.34395
-1.4164481,1.34395
-1.4162481,1.27995
-1.4160481,1.31195
-1.4158481,1.37595
-1.4156481,1.34395
-1.4154481,1.27995
-1.4152481,1.34395
-1.4150481,1.31195
-1.4148481,1.37595
-1.4146481,1.37595
-1.4144481,1.34395
-1.4142481,1.37595
-1.4140481,1.40795
-1.4138481,1.37595
-1.4136481,1.37595
-1.4134481,1.40795
-1.4132481,1.31195
-1.4130481,1.37595
-1.4128481,1.40795
-1.4126481,1.40795
-1.4124481,1.40795
-1.4122481,1.47194
-1.4120481,1.40795
-1.4118481,1.40795
-1.4116481,1.43994
-1.4114481,1.40795
-1.4112481,1.40795
-1.4110481,1.43994
-1.4108481,1.43994
-1.4106481,1.47194
-1.4104481,1.50394
-1.4102481,1.43994
-1.4100481,1.47194
-1.4098481,1.47194
-1.4096481,1.47194
-1.4094481,1.47194
-1.4092481,1.50394
-1.4090481,1.47194
-1.4088481,1.47194
-1.4086481,1.50394
-1.4084481,1.50394
-1.4082481,1.47194
-1.4080481,1.50394
-1.4078481,1.47194
-1.4076481,1.50394
-1.4074481,1.50394
-1.4072481,1.47194
-1.4070481,1.50394
-1.4068481,1.53594
-1.4066481,1.47194
-1.4064481,1.50394
-1.4062481,1.53594
-1.4060481,1.50394
-1.4058481,1.50394
-1.4056481,1.50394
-1.4054481,1.47194
-1.4052481,1.47194
-1.4050481,1.56794
-1.4048481,1.47194
-1.4046481,1.56794
-1.4044481,1.53594
-1.4042481,1.53594
-1.4040481,1.53594
-1.4038481,1.59994
-1.4036481,1.50394
-1.4034481,1.56794
-1.4032481,1.56794
-1.4030481,1.53594
-1.4028481,1.53594
-1.4026481,1.53594
-1.4024481,1.53594
-1.4022481,1.56794
-1.4020481,1.56794
-1.4018481,1.53594
-1.4016481,1.53594
-1.4014481,1.53594
-1.4012481,1.56794
-1.4010481,1.59994
-1.4008481,1.59994
-1.4006481,1.56794
-1.4004481,1.56794
-1.4002481,1.59994
-1.4000481,1.59994
-1.3998481,1.56794
-1.3996481,1.59994
-1.3994481,1.56794
-1.3992481,1.59994
-1.3990481,1.59994
-1.3988481,1.56794
-1.3986481,1.59994
-1.3984481,1.66394
-1.3982481,1.56794
-1.3980481,1.59994
-1.3978481,1.59994
-1.3976481,1.63194
-1.3974481,1.59994
-1.3972481,1.63194
-1.3970481,1.63194
-1.3968481,1.66394
-1.3966481,1.63194
-1.3964481,1.63194
-1.3962481,1.63194
-1.3960481,1.66394
-1.3958481,1.66394
-1.3956481,1.63194
-1.3954481,1.69593
-1.3952481,1.63194
-1.3950481,1.63194
-1.3948481,1.63194
-1.3946481,1.63194
-1.3944481,1.66394
-1.3942481,1.66394
-1.3940481,1.69593
-1.3938481,1.66394
-1.3936481,1.66394
-1.3934481,1.66394
-1.3932481,1.69593
-1.3930481,1.66394
-1.3928481,1.69593
-1.3926481,1.69593
-1.3924481,1.72793
-1.3922481,1.69593
-1.3920481,1.69593
-1.3918481,1.69593
-1.3916481,1.69593
-1.3914481,1.66394
-1.3912481,1.69593
-1.3910481,1.72793
-1.3908481,1.69593
-1.3906481,1.69593
-1.3904481,1.69593
-1.3902481,1.72793
-1.3900481,1.69593
-1.3898481,1.72793
-1.3896481,1.66394
-1.3894481,1.69593
-1.3892481,1.72793
-1.3890481,1.72793
-1.3888481,1.72793
-1.3886481,1.72793
-1.3884481,1.75993
-1.3882481,1.72793
-1.3880481,1.75993
-1.3878481,1.75993
-1.3876481,1.72793
-1.3874481,1.75993
-1.3872481,1.72793
-1.3870481,1.72793
-1.3868481,1.75993
-1.3866481,1.75993
-1.3864481,1.75993
-1.3862481,1.75993
-1.3860481,1.72793
-1.3858481,1.72793
-1.3856481,1.75993
-1.3854481,1.75993
-1.3852481,1.75993
-1.3850481,1.79193
-1.3848481,1.82393
-1.3846481,1.79193
-1.3844481,1.75993
-1.3842481,1.75993
-1.3840481,1.75993
-1.3838481,1.75993
-1.3836481,1.79193
-1.3834481,1.79193
-1.3832481,1.75993
-1.3830481,1.75993
-1.3828481,1.79193
-1.3826481,1.79193
-1.3824481,1.75993
-1.3822481,1.72793
-1.3820481,1.82393
-1.3818481,1.79193
-1.3816481,1.82393
-1.3814481,1.79193
-1.3812481,1.75993
-1.3810481,1.82393
-1.3808481,1.82393
-1.3806481,1.79193
-1.3804481,1.72793
-1.3802481,1.79193
-1.3800481,1.79193
-1.3798481,1.82393
-1.3796481,1.75993
-1.3794481,1.82393
-1.3792481,1.79193
-1.3790481,1.79193
-1.3788481,1.75993
-1.3786481,1.79193
-1.3784481,1.82393
-1.3782481,1.79193
-1.3780481,1.82393
-1.3778481,1.82393
-1.3776481,1.79193
-1.3774481,1.75993
-1.3772481,1.79193
-1.3770481,1.79193
-1.3768481,1.82393
-1.3766481,1.79193
-1.3764481,1.79193
-1.3762481,1.79193
-1.3760481,1.79193
-1.3758481,1.79193
-1.3756481,1.82393
-1.3754481,1.79193
-1.3752481,1.85593
-1.3750481,1.79193
-1.3748481,1.85593
-1.3746481,1.82393
-1.3744481,1.79193
-1.3742481,1.79193
-1.3740481,1.82393
-1.3738481,1.82393
-1.3736481,1.85593
-1.3734481,1.82393
-1.3732481,1.82393
-1.3730481,1.82393
-1.3728481,1.79193
-1.3726481,1.82393
-1.3724481,1.79193
-1.3722481,1.82393
-1.3720481,1.79193
-1.3718481,1.82393
-1.3716481,1.79193
-1.3714481,1.79193
-1.3712481,1.82393
-1.3710481,1.82393
-1.3708481,1.85593
-1.3706481,1.79193
-1.3704481,1.85593
-1.3702481,1.79193
-1.3700481,1.85593
-1.3698481,1.82393
-1.3696481,1.82393
-1.3694481,1.85593
-1.3692481,1.79193
-1.3690481,1.79193
-1.3688481,1.79193
-1.3686481,1.82393
-1.3684481,1.82393
-1.3682481,1.82393
-1.3680481,1.82393
-1.3678481,1.82393
-1.3676481,1.85593
-1.3674481,1.79193
-1.3672481,1.85593
-1.3670481,1.82393
-1.3668481,1.79193
-1.3666481,1.82393
-1.3664481,1.82393
-1.3662481,1.79193
-1.3660481,1.82393
-1.3658481,1.79193
-1.3656481,1.82393
-1.3654481,1.85593
-1.3652481,1.79193
-1.3650481,1.82393
-1.3648481,1.82393
-1.3646481,1.85593
-1.3644481,1.82393
-1.3642481,1.82393
-1.3640481,1.85593
-1.3638481,1.85593
-1.3636481,1.82393
-1.3634481,1.82393
-1.3632481,1.85593
-1.3630481,1.82393
-1.3628481,1.85593
-1.3626481,1.85593
-1.3624481,1.82393
-1.3622481,1.82393
-1.3620481,1.82393
-1.3618481,1.85593
-1.3616481,1.82393
-1.3614481,1.82393
-1.3612481,1.85593
-1.3610481,1.85593
-1.3608481,1.82393
-1.3606481,1.85593
-1.3604481,1.82393
-1.3602481,1.82393
-1.3600481,1.88793
-1.3598481,1.79193
-1.3596481,1.82393
-1.3594481,1.82393
-1.3592481,1.82393
-1.3590481,1.82393
-1.3588481,1.85593
-1.3586481,1.82393
-1.3584481,1.82393
-1.3582481,1.85593
-1.3580481,1.85593
-1.3578481,1.85593
-1.3576481,1.82393
-1.3574481,1.82393
-1.3572481,1.82393
-1.3570481,1.85593
-1.3568481,1.85593
-1.3566481,1.85593
-1.3564481,1.85593
-1.3562481,1.85593
-1.3560481,1.88793
-1.3558481,1.85593
-1.3556481,1.82393
-1.3554481,1.79193
-1.3552481,1.85593
-1.3550481,1.79193
-1.3548481,1.82393
-1.3546481,1.82393
-1.3544481,1.82393
-1.3542481,1.82393
-1.3540481,1.82393
-1.3538481,1.79193
-1.3536481,1.79193
-1.3534481,1.75993
-1.3532481,1.75993
-1.3530481,1.79193
-1.3528481,1.82393
-1.3526481,1.79193
-1.3524481,1.82393
-1.3522481,1.82393
-1.3520481,1.75993
-1.3518481,1.75993
-1.3516481,1.79193
-1.3514481,1.82393
-1.3512481,1.79193
-1.3510481,1.75993
-1.3508481,1.79193
-1.3506481,1.79193
-1.3504481,1.72793
-1.3502481,1.75993
-1.3500481,1.75993
-1.3498481,1.72793
-1.3496481,1.72793
-1.3494481,1.75993
-1.3492481,1.75993
-1.3490481,1.75993
-1.3488481,1.72793
-1.3486481,1.75993
-1.3484481,1.72793
-1.3482481,1.69593
-1.3480481,1.72793
-1.3478481,1.72793
-1.3476481,1.72793
-1.3474481,1.69593
-1.3472481,1.72793
-1.3470481,1.66394
-1.3468481,1.75993
-1.3466481,1.69593
-1.3464481,1.69593
-1.3462481,1.69593
-1.3460481,1.66394
-1.3458481,1.66394
-1.3456481,1.66394
-1.3454481,1.69593
-1.3452481,1.63194
-1.3450481,1.66394
-1.3448481,1.66394
-1.3446481,1.66394
-1.3444481,1.59994
-1.3442481,1.59994
-1.3440481,1.63194
-1.3438481,1.63194
-1.3436481,1.59994
-1.3434481,1.59994
-1.3432481,1.66394
-1.3430481,1.63194
-1.3428481,1.59994
-1.3426481,1.59994
-1.3424481,1.56794
-1.3422481,1.56794
-1.3420481,1.59994
-1.3418481,1.56794
-1.3416481,1.56794
-1.3414481,1.59994
-1.3412481,1.56794
-1.3410481,1.53594
-1.3408481,1.59994
-1.3406481,1.53594
-1.3404481,1.56794
-1.3402481,1.56794
-1.3400481,1.53594
-1.3398481,1.50394
-1.3396481,1.53594
-1.3394481,1.56794
-1.3392481,1.53594
-1.3390481,1.53594
-1.3388481,1.53594
-1.3386481,1.53594
-1.3384481,1.53594
-1.3382481,1.50394
-1.3380481,1.47194
-1.3378481,1.50394
-1.3376481,1.50394
-1.3374481,1.56794
-1.3372481,1.50394
-1.3370481,1.50394
-1.3368481,1.47194
-1.3366481,1.47194
-1.3364481,1.50394
-1.3362481,1.47194
-1.3360481,1.43994
-1.3358481,1.43994
-1.3356481,1.43994
-1.3354481,1.43994
-1.3352481,1.43994
-1.3350481,1.47194
-1.3348481,1.43994
-1.3346481,1.34395
-1.3344481,1.37595
-1.3342481,1.37595
-1.3340481,1.37595
-1.3338481,1.37595
-1.3336481,1.40795
-1.3334481,1.37595
-1.3332481,1.40795
-1.3330481,1.43994
-1.3328481,1.37595
-1.3326481,1.37595
-1.3324481,1.34395
-1.3322481,1.31195
-1.3320481,1.34395
-1.3318481,1.37595
-1.3316481,1.34395
-1.3314481,1.37595
-1.3312481,1.40795
-1.3310481,1.31195
-1.3308481,1.31195
-1.3306481,1.34395
-1.3304481,1.27995
-1.3302481,1.27995
-1.3300481,1.37595
-1.3298481,1.27995
-1.3296481,1.27995
-1.3294481,1.31195
-1.3292481,1.27995
-1.3290481,1.31195
-1.3288481,1.31195
-1.3286481,1.24795
-1.3284481,1.24795
-1.3282481,1.24795
-1.3280481,1.21595
-1.3278481,1.21595
-1.3276481,1.27995
-1.3274481,1.24795
-1.3272481,1.21595
-1.3270481,1.27995
-1.3268481,1.21595
-1.3266481,1.21595
-1.3264481,1.21595
-1.3262481,1.21595
-1.3260481,1.21595
-1.3258481,1.21595
-1.3256481,1.15196
-1.3254481,1.15196
-1.3252481,1.21595
-1.3250481,1.18395
-1.3248481,1.15196
-1.3246481,1.15196
-1.3244481,1.15196
-1.3242481,1.15196
-1.3240481,1.11996
-1.3238481,1.11996
-1.3236481,1.15196
-1.3234481,1.11996
-1.3232481,1.11996
-1.3230481,1.11996
-1.3228481,1.08796
-1.3226481,1.05596
-1.3224481,1.02396
-1.3222481,1.08796
-1.3220481,1.08796
-1.3218481,1.08796
-1.3216481,1.05596
-1.3214481,1.11996
-1.3212481,1.05596
-1.3210481,1.08796
-1.3208481,1.02396
-1.3206481,1.02396
-1.3204481,1.02396
-1.3202481,1.02396
-1.3200481,0.991962
-1.3198481,1.05596
-1.3196481,1.02396
-1.3194481,1.02396
-1.3192481,1.02396
-1.3190481,0.991962
-1.3188481,0.959963
-1.3186481,0.991962
-1.3184481,1.02396
-1.3182481,0.959963
-1.3180481,0.959963
-1.3178481,0.959963
-1.3176481,0.959963
-1.3174481,0.991962
-1.3172481,0.959963
-1.3170481,0.959963
-1.3168481,0.959963
-1.3166481,0.927964
-1.3164481,0.927964
-1.3162481,0.927964
-1.3160481,0.959963
-1.3158481,0.927964
-1.3156481,0.959963
-1.3154481,0.927964
-1.3152481,0.895966
-1.3150481,0.895966
-1.3148481,0.863967
-1.3146481,0.895966
-1.3144481,0.895966
-1.3142481,0.895966
-1.3140481,0.927964
-1.3138481,0.927964
-1.3136481,0.895966
-1.3134481,0.863967
-1.3132481,0.895966
-1.3130481,0.895966
-1.3128481,0.831968
-1.3126481,0.927964
-1.3124481,0.831968
-1.3122481,0.863967
-1.3120481,0.863967
-1.3118481,0.831968
-1.3116481,0.863967
-1.3114481,0.863967
-1.3112481,0.831968
-1.3110481,0.831968
-1.3108481,0.863967
-1.3106481,0.831968
-1.3104481,0.831968
-1.3102481,0.895966
-1.3100481,0.863967
-1.3098481,0.895966
-1.3096481,0.863967
-1.3094481,0.831968
-1.3092481,0.767971
-1.3090481,0.831968
-1.3088481,0.799969
-1.3086481,0.767971
-1.3084481,0.831968
-1.3082481,0.799969
-1.3080481,0.767971
-1.3078481,0.799969
-1.3076481,0.767971
-1.3074481,0.735972
-1.3072481,0.799969
-1.3070481,0.767971
-1.3068481,0.703973
-1.3066481,0.767971
-1.3064481,0.703973
-1.3062481,0.735972
-1.3060481,0.735972
-1.3058481,0.703973
-1.3056481,0.735972
-1.3054481,0.703973
-1.3052481,0.703973
-1.3050481,0.703973
-1.3048481,0.703973
-1.3046481,0.671974
-1.3044481,0.703973
-1.3042481,0.703973
-1.3040481,0.671974
-1.3038481,0.703973
-1.3036481,0.703973
-1.3034481,0.639975
-1.3032481,0.639975
-1.3030481,0.639975
-1.3028481,0.639975
-1.3026481,0.639975
-1.3024481,0.671974
-1.3022481,0.607977
-1.3020481,0.671974
-1.3018481,0.671974
-1.3016481,0.607977
-1.3014481,0.575978
-1.3012481,0.639975
-1.3010481,0.575978
-1.3008481,0.543979
-1.3006481,0.607977
-1.3004481,0.575978
-1.3002481,0.543979
-1.3000481,0.639975
-1.2998481,0.575978
-1.2996481,0.543979
-1.2994481,0.575978
-1.2992481,0.51198
-1.2990481,0.51198
-1.2988481,0.543979
-1.2986481,0.479982
-1.2984481,0.51198
-1.2982481,0.543979
-1.2980481,0.479982
-1.2978481,0.51198
-1.2976481,0.415984
-1.2974481,0.447983
-1.2972481,0.479982
-1.2970481,0.479982
-1.2968481,0.447983
-1.2966481,0.447983
-1.2964481,0.479982
-1.2962481,0.479982
-1.2960481,0.447983
-1.2958481,0.447983
-1.2956481,0.415984
-1.2954481,0.447983
-1.2952481,0.415984
-1.2950481,0.383985
-1.2948481,0.383985
-1.2946481,0.415984
-1.2944481,0.415984
-1.2942481,0.383985
-1.2940481,0.383985
-1.2938481,0.383985
-1.2936481,0.383985
-1.2934481,0.319988
-1.2932481,0.319988
-1.2930481,0.319988
-1.2928481,0.319988
-1.2926481,0.319988
-1.2924481,0.351986
-1.2922481,0.351986
-1.2920481,0.319988
-1.2918481,0.351986
-1.2916481,0.287989
-1.2914481,0.287989
-1.2912481,0.287989
-1.2910481,0.319988
-1.2908481,0.287989
-1.2906481,0.319988
-1.2904481,0.25599
-1.2902481,0.287989
-1.2900481,0.287989
-1.2898481,0.223991
-1.2896481,0.287989
-1.2894481,0.25599
-1.2892481,0.223991
-1.2890481,0.25599
-1.2888481,0.25599
-1.2886481,0.223991
-1.2884481,0.223991
-1.2882481,0.25599
-1.2880481,0.223991
-1.2878481,0.191993
-1.2876481,0.191993
-1.2874481,0.191993
-1.2872481,0.223991
-1.2870481,0.25599
-1.2868481,0.159994
-1.2866481,0.159994
-1.2864481,0.191993
-1.2862481,0.191993
-1.2860481,0.127995
-1.2858481,0.191993
-1.2856481,0.0959963
-1.2854481,0.127995
-1.2852481,0.159994
-1.2850481,0.159994
-1.2848481,0.159994
-1.2846481,0.159994
-1.2844481,0.127995
-1.2842481,0.159994
-1.2840481,0.127995
-1.2838481,0.0959963
-1.2836481,0.0319988
-1.2834481,0.0959963
-1.2832481,0.0639975
-1.2830481,0.127995
-1.2828481,0.0959963
-1.2826481,0.0959963
-1.2824481,0.0959963
-1.2822481,0.127995
-1.2820481,0.0639975
-1.2818481,0.0639975
-1.2816481,0.0319988
-1.2814481,0.0319988
-1.2812481,0.0639975
-1.2810481,0.0639975
-1.2808481,0.0639975
-1.2806481,0
-1.2804481,0
-1.2802481,0.0319988
-1.2800481,0
-1.2798481,0.0319988
-1.2796481,0.0319988
-1.2794481,-0.0319988
-1.2792481,0
-1.2790481,0
-1.2788481,0.0319988
-1.2786481,0
-1.2784481,0.0319988
-1.2782481,0.0639975
-1.2780481,-0.0319988
-1.2778481,-0.0319988
-1.2776481,-0.0639975
-1.2774481,-0.0319988
-1.2772481,-0.0319988
-1.2770481,-0.0319988
-1.2768481,-0.0639975
-1.2766481,-0.0319988
-1.2764481,-0.0319988
-1.2762481,-0.0319988
-1.2760481,-0.0639975
-1.2758481,-0.0959963
-1.2756481,-0.0639975
-1.2754481,-0.0639975
-1.2752481,-0.0639975
-1.2750481,-0.0639975
-1.2748481,-0.0639975
-1.2746481,-0.0639975
-1.2744481,-0.0959963
-1.2742481,-0.0959963
-1.2740481,-0.127995
-1.2738481,-0.0639975
-1.2736481,-0.0959963
-1.2734481,-0.0639975
-1.2732481,-0.0959963
-1.2730481,-0.0959963
-1.2728481,-0.127995
-1.2726481,-0.127995
-1.2724481,-0.0959963
-1.2722481,-0.127995
-1.2720481,-0.127995
-1.2718481,-0.159994
-1.2716481,-0.159994
-1.2714481,-0.127995
-1.2712481,-0.127995
-1.2710481,-0.159994
-1.2708481,-0.127995
-1.2706481,-0.127995
-1.2704481,-0.191993
-1.2702481,-0.159994
-1.2700481,-0.127995
-1.2698481,-0.191993
-1.2696481,-0.159994
-1.2694481,-0.159994
-1.2692481,-0.159994
-1.2690481,-0.159994
-1.2688481,-0.159994
-1.2686481,-0.159994
-1.2684481,-0.191993
-1.2682481,-0.191993
-1.2680481,-0.25599
-1.2678481,-0.191993
-1.2676481,-0.127995
-1.2674481,-0.223991
-1.2672481,-0.191993
-1.2670481,-0.191993
-1.2668481,-0.223991
-1.2666481,-0.191993
-1.2664481,-0.191993
-1.2662481,-0.25599
-1.2660481,-0.191993
-1.2658481,-0.223991
-1.2656481,-0.25599
-1.2654481,-0.223991
-1.2652481,-0.191993
-1.2650481,-0.25599
-1.2648481,-0.25599
-1.2646481,-0.223991
-1.2644481,-0.223991
-1.2642481,-0.319988
-1.2640481,-0.287989
-1.2638481,-0.223991
-1.2636481,-0.25599
-1.2634481,-0.25599
-1.2632481,-0.287989
-1.2630481,-0.223991
-1.2628481,-0.287989
-1.2626481,-0.287989
-1.2624481,-0.25599
-1.2622481,-0.25599
-1.2620481,-0.287989
-1.2618481,-0.319988
-1.2616481,-0.25599
-1.2614481,-0.287989
-1.2612481,-0.287989
-1.2610481,-0.287989
-1.2608481,-0.25599
-1.2606481,-0.25599
-1.2604481,-0.287989
-1.2602481,-0.319988
-1.2600481,-0.287989
-1.2598481,-0.287989
-1.2596481,-0.319988
-1.2594481,-0.287989
-1.2592481,-0.319988
-1.2590481,-0.319988
-1.2588481,-0.351986
-1.2586481,-0.319988
-1.2584481,-0.319988
-1.2582481,-0.351986
-1.2580481,-0.351986
-1.2578481,-0.319988
-1.2576481,-0.319988
-1.2574481,-0.351986
-1.2572481,-0.319988
-1.2570481,-0.319988
-1.2568481,-0.383985
-1.2566481,-0.287989
-1.2564481,-0.351986
-1.2562481,-0.319988
-1.2560481,-0.383985
-1.2558481,-0.383985
-1.2556481,-0.351986
-1.2554481,-0.351986
-1.2552481,-0.383985
-1.2550481,-0.383985
-1.2548481,-0.351986
-1.2546481,-0.383985
-1.2544481,-0.351986
-1.2542481,-0.351986
-1.2540481,-0.415984
-1.2538481,-0.415984
-1.2536481,-0.383985
-1.2534481,-0.415984
-1.2532481,-0.383985
-1.2530481,-0.351986
-1.2528481,-0.447983
-1.2526481,-0.415984
-1.2524481,-0.415984
-1.2522481,-0.383985
-1.2520481,-0.415984
-1.2518481,-0.383985
-1.2516481,-0.447983
-1.2514481,-0.383985
-1.2512481,-0.383985
-1.2510481,-0.415984
-1.2508481,-0.447983
-1.2506481,-0.447983
-1.2504481,-0.447983
-1.2502481,-0.447983
-1.2500481,-0.447983
-1.2498481,-0.447983
-1.2496481,-0.447983
-1.2494481,-0.383985
-1.2492481,-0.447983
-1.2490481,-0.447983
-1.2488481,-0.447983
-1.2486481,-0.447983
-1.2484481,-0.479982
-1.2482481,-0.447983
-1.2480481,-0.447983
-1.2478481,-0.51198
-1.2476481,-0.415984
-1.2474481,-0.479982
-1.2472481,-0.447983
-1.2470481,-0.447983
-1.2468481,-0.479982
-1.2466481,-0.447983
-1.2464481,-0.479982
-1.2462481,-0.479982
-1.2460481,-0.479982
-1.2458481,-0.479982
-1.2456481,-0.51198
-1.2454481,-0.447983
-1.2452481,-0.415984
-1.2450481,-0.479982
-1.2448481,-0.447983
-1.2446481,-0.51198
-1.2444481,-0.51198
-1.2442481,-0.447983
-1.2440481,-0.51198
-1.2438481,-0.51198
-1.2436481,-0.51198
-1.2434481,-0.479982
-1.2432481,-0.51198
-1.2430481,-0.543979
-1.2428481,-0.51198
-1.2426481,-0.575978
-1.2424481,-0.447983
-1.2422481,-0.479982
-1.2420481,-0.543979
-1.2418481,-0.543979
-1.2416481,-0.543979
-1.2414481,-0.543979
-1.2412481,-0.575978
-1.2410481,-0.51198
-1.2408481,-0.543979
-1.2406481,-0.543979
-1.2404481,-0.575978
-1.2402481,-0.575978
-1.2400481,-0.543979
-1.2398481,-0.51198
-1.2396481,-0.575978
-1.2394481,-0.543979
-1.2392481,-0.543979
-1.2390481,-0.575978
-1.2388481,-0.543979
-1.2386481,-0.543979
-1.2384481,-0.575978
-1.2382481,-0.575978
-1.2380481,-0.543979
-1.2378481,-0.575978
-1.2376481,-0.575978
-1.2374481,-0.543979
-1.2372481,-0.575978
-1.2370481,-0.575978
-1.2368481,-0.575978
-1.2366481,-0.575978
-1.2364481,-0.543979
-1.2362481,-0.575978
-1.2360481,-0.575978
-1.2358481,-0.575978
-1.2356481,-0.543979
-1.2354481,-0.607977
-1.2352481,-0.575978
-1.2350481,-0.607977
-1.2348481,-0.607977
-1.2346481,-0.639975
-1.2344481,-0.543979
-1.2342481,-0.607977
-1.2340481,-0.607977
-1.2338481,-0.607977
-1.2336481,-0.607977
-1.2334481,-0.575978
-1.2332481,-0.639975
-1.2330481,-0.607977
-1.2328481,-0.607977
-1.2326481,-0.607977
-1.2324481,-0.639975
-1.2322481,-0.607977
-1.2320481,-0.639975
-1.2318481,-0.639975
-1.2316481,-0.639975
-1.2314481,-0.575978
-1.2312481,-0.671974
-1.2310481,-0.607977
-1.2308481,-0.639975
-1.2306481,-0.639975
-1.2304481,-0.671974
-1.2302481,-0.639975
-1.2300481,-0.639975
-1.2298481,-0.607977
-1.2296481,-0.607977
-1.2294481,-0.639975
-1.2292481,-0.607977
-1.2290481,-0.639975
-1.2288481,-0.639975
-1.2286481,-0.671974
-1.2284481,-0.639975
-1.2282481,-0.671974
-1.2280481,-0.639975
-1.2278481,-0.607977
-1.2276481,-0.671974
-1.2274481,-0.639975
-1.2272481,-0.639975
-1.2270481,-0.639975
-1.2268481,-0.671974
-1.2266481,-0.671974
-1.2264481,-0.639975
-1.2262481,-0.671974
-1.2260481,-0.639975
-1.2258481,-0.639975
-1.2256481,-0.671974
-1.2254481,-0.639975
-1.2252481,-0.671974
-1.2250481,-0.671974
-1.2248481,-0.671974
-1.2246481,-0.671974
-1.2244481,-0.671974
-1.2242481,-0.671974
-1.2240481,-0.639975
-1.2238481,-0.703973
-1.2236481,-0.639975
-1.2234481,-0.671974
-1.2232481,-0.671974
-1.2230481,-0.671974
-1.2228481,-0.671974
-1.2226481,-0.671974
-1.2224481,-0.703973
-1.2222481,-0.671974
-1.2220481,-0.671974
-1.2218481,-0.671974
-1.2216481,-0.671974
-1.2214481,-0.703973
-1.2212481,-0.671974
-1.2210481,-0.671974
-1.2208481,-0.703973
-1.2206481,-0.703973
-1.2204481,-0.671974
-1.2202481,-0.703973
-1.2200481,-0.671974
-1.2198481,-0.703973
-1.2196481,-0.671974
-1.2194481,-0.671974
-1.2192481,-0.703973
-1.2190481,-0.703973
-1.2188481,-0.703973
-1.2186481,-0.703973
-1.2184481,-0.735972
-1.2182481,-0.703973
-1.2180481,-0.703973
-1.2178481,-0.671974
-1.2176481,-0.703973
-1.2174481,-0.735972
-1.2172481,-0.703973
-1.2170481,-0.703973
-1.2168481,-0.703973
-1.2166481,-0.671974
-1.2164481,-0.671974
-1.2162481,-0.735972
-1.2160481,-0.703973
-1.2158481,-0.703973
-1.2156481,-0.703973
-1.2154481,-0.703973
-1.2152481,-0.735972
-1.2150481,-0.703973
-1.2148481,-0.703973
-1.2146481,-0.671974
-1.2144481,-0.703973
-1.2142481,-0.703973
-1.2140481,-0.735972
-1.2138481,-0.703973
-1.2136481,-0.703973
-1.2134481,-0.735972
-1.2132481,-0.703973
-1.2130481,-0.703973
-1.2128481,-0.703973
-1.2126481,-0.703973
-1.2124481,-0.735972
-1.2122481,-0.671974
-1.2120481,-0.735972
-1.2118481,-0.703973
-1.2116481,-0.735972
-1.2114481,-0.735972
-1.2112481,-0.735972
-1.2110481,-0.735972
-1.2108481,-0.703973
-1.2106481,-0.703973
-1.2104481,-0.671974
-1.2102481,-0.703973
-1.2100481,-0.735972
-1.2098481,-0.735972
-1.2096481,-0.735972
-1.2094481,-0.703973
-1.2092481,-0.767971
-1.2090481,-0.703973
-1.2088481,-0.735972
-1.2086481,-0.735972
-1.2084481,-0.735972
-1.2082481,-0.735972
-1.2080481,-0.735972
-1.2078481,-0.767971
-1.2076481,-0.735972
-1.2074481,-0.735972
-1.2072481,-0.767971
-1.2070481,-0.703973
-1.2068481,-0.767971
-1.2066481,-0.767971
-1.2064481,-0.703973
-1.2062481,-0.735972
-1.2060481,-0.767971
-1.2058481,-0.735972
-1.2056481,-0.799969
-1.2054481,-0.735972
-1.2052481,-0.735972
-1.2050481,-0.767971
-1.2048481,-0.767971
-1.2046481,-0.735972
-1.2044481,-0.735972
-1.2042481,-0.735972
-1.2040481,-0.767971
-1.2038481,-0.735972
-1.2036481,-0.735972
-1.2034481,-0.767971
-1.2032481,-0.767971
-1.2030481,-0.767971
-1.2028481,-0.735972
-1.2026481,-0.767971
-1.2024481,-0.735972
-1.2022481,-0.767971
-1.2020481,-0.735972
-1.2018481,-0.735972
-1.2016481,-0.703973
-1.2014481,-0.767971
-1.2012481,-0.767971
-1.2010481,-0.735972
-1.2008481,-0.767971
-1.2006481,-0.703973
-1.2004481,-0.735972
-1.2002481,-0.767971
-1.2000481,-0.767971
-1.1998481,-0.735972
-1.1996481,-0.735972
-1.1994481,-0.767971
-1.1992481,-0.735972
-1.1990481,-0.767971
-1.1988481,-0.735972
-1.1986481,-0.799969
-1.1984481,-0.767971
-1.1982481,-0.767971
-1.1980481,-0.703973
-1.1978481,-0.767971
-1.1976481,-0.735972
-1.1974481,-0.735972
-1.1972481,-0.767971
-1.1970481,-0.703973
-1.1968481,-0.703973
-1.1966481,-0.703973
-1.1964481,-0.735972
-1.1962481,-0.735972
-1.1960481,-0.703973
-1.1958481,-0.735972
-1.1956481,-0.735972
-1.1954481,-0.767971
-1.1952481,-0.767971
-1.1950481,-0.735972
-1.1948481,-0.767971
-1.1946481,-0.767971
-1.1944481,-0.735972
-1.1942481,-0.703973
-1.1940481,-0.767971
-1.1938481,-0.735972
-1.1936481,-0.735972
-1.1934481,-0.735972
-1.1932481,-0.703973
-1.1930481,-0.767971
-1.1928481,-0.767971
-1.1926481,-0.703973
-1.1924481,-0.735972
-1.1922481,-0.735972
-1.1920481,-0.703973
-1.1918481,-0.703973
-1.1916481,-0.767971
-1.1914481,-0.703973
-1.1912481,-0.703973
-1.1910481,-0.735972
-1.1908481,-0.735972
-1.1906481,-0.735972
-1.1904481,-0.767971
-1.1902481,-0.767971
-1.1900481,-0.703973
-1.1898481,-0.735972
-1.1896481,-0.735972
-1.1894481,-0.735972
-1.1892481,-0.767971
-1.1890481,-0.703973
-1.1888481,-0.735972
-1.1886481,-0.671974
-1.1884481,-0.767971
-1.1882481,-0.735972
-1.1880481,-0.735972
-1.1878481,-0.703973
-1.1876481,-0.703973
-1.1874481,-0.767971
-1.1872481,-0.671974
-1.1870481,-0.703973
-1.1868481,-0.767971
-1.1866481,-0.735972
-1.1864481,-0.735972
-1.1862481,-0.703973
-1.1860481,-0.703973
-1.1858481,-0.703973
-1.1856481,-0.703973
-1.1854481,-0.703973
-1.1852481,-0.671974
-1.1850481,-0.703973
-1.1848481,-0.703973
-1.1846481,-0.671974
-1.1844481,-0.703973
-1.1842481,-0.671974
-1.1840481,-0.639975
-1.1838481,-0.703973
-1.1836481,-0.671974
-1.1834481,-0.703973
-1.1832481,-0.703973
-1.1830481,-0.671974
-1.1828481,-0.703973
-1.1826481,-0.703973
-1.1824481,-0.671974
-1.1822481,-0.639975
-1.1820481,-0.671974
-1.1818481,-0.671974
-1.1816481,-0.639975
-1.1814481,-0.639975
-1.1812481,-0.671974
-1.1810481,-0.639975
-1.1808481,-0.671974
-1.1806481,-0.703973
-1.1804481,-0.671974
-1.1802481,-0.671974
-1.1800481,-0.671974
-1.1798481,-0.639975
-1.1796481,-0.671974
-1.1794481,-0.607977
-1.1792481,-0.607977
-1.1790481,-0.639975
-1.1788481,-0.671974
-1.1786481,-0.607977
-1.1784481,-0.607977
-1.1782481,-0.639975
-1.1780481,-0.639975
-1.1778481,-0.639975
-1.1776481,-0.639975
-1.1774481,-0.639975
-1.1772481,-0.607977
-1.1770481,-0.639975
-1.1768481,-0.607977
-1.1766481,-0.607977
-1.1764481,-0.607977
-1.1762481,-0.575978
-1.1760481,-0.639975
-1.1758481,-0.607977
-1.1756481,-0.607977
-1.1754481,-0.639975
-1.1752481,-0.639975
-1.1750481,-0.607977
-1.1748481,-0.671974
-1.1746481,-0.607977
-1.1744481,-0.607977
-1.1742481,-0.607977
-1.1740481,-0.607977
-1.1738481,-0.575978
-1.1736481,-0.607977
-1.1734481,-0.607977
-1.1732481,-0.607977
-1.1730481,-0.639975
-1.1728481,-0.607977
-1.1726481,-0.607977
-1.1724481,-0.607977
-1.1722481,-0.575978
-1.1720481,-0.543979
-1.1718481,-0.607977
-1.1716481,-0.575978
-1.1714481,-0.575978
-1.1712481,-0.575978
-1.1710481,-0.575978
-1.1708481,-0.575978
-1.1706481,-0.575978
-1.1704481,-0.575978
-1.1702481,-0.51198
-1.1700481,-0.575978
-1.1698481,-0.543979
-1.1696481,-0.575978
-1.1694481,-0.607977
-1.1692481,-0.575978
-1.1690481,-0.51198
-1.1688481,-0.575978
-1.1686481,-0.575978
-1.1684481,-0.575978
-1.1682481,-0.575978
-1.1680481,-0.575978
-1.1678481,-0.543979
-1.1676481,-0.543979
-1.1674481,-0.575978
-1.1672481,-0.543979
-1.1670481,-0.543979
-1.1668481,-0.543979
-1.1666481,-0.479982
-1.1664481,-0.543979
-1.1662481,-0.51198
-1.1660481,-0.543979
-1.1658481,-0.575978
-1.1656481,-0.543979
-1.1654481,-0.543979
-1.1652481,-0.51198
-1.1650481,-0.479982
-1.1648481,-0.51198
-1.1646481,-0.543979
-1.1644481,-0.479982
-1.1642481,-0.479982
-1.1640481,-0.543979
-1.1638481,-0.51198
-1.1636481,-0.479982
-1.1634481,-0.543979
-1.1632481,-0.51198
-1.1630481,-0.447983
-1.1628481,-0.479982
-1.1626481,-0.447983
-1.1624481,-0.447983
-1.1622481,-0.479982
-1.1620481,-0.479982
-1.1618481,-0.447983
-1.1616481,-0.479982
-1.1614481,-0.447983
-1.1612481,-0.415984
-1.1610481,-0.479982
-1.1608481,-0.479982
-1.1606481,-0.447983
-1.1604481,-0.479982
-1.1602481,-0.447983
-1.1600481,-0.447983
-1.1598481,-0.479982
-1.1596481,-0.447983
-1.1594481,-0.447983
-1.1592481,-0.479982
-1.1590481,-0.447983
-1.1588481,-0.415984
-1.1586481,-0.415984
-1.1584481,-0.383985
-1.1582481,-0.415984
-1.1580481,-0.479982
-1.1578481,-0.479982
-1.1576481,-0.415984
-1.1574481,-0.447983
-1.1572481,-0.447983
-1.1570481,-0.415984
-1.1568481,-0.383985
-1.1566481,-0.383985
-1.1564481,-0.383985
-1.1562481,-0.383985
-1.1560481,-0.415984
-1.1558481,-0.383985
-1.1556481,-0.415984
-1.1554481,-0.415984
-1.1552481,-0.351986
-1.1550481,-0.383985
-1.1548481,-0.415984
-1.1546481,-0.351986
-1.1544481,-0.351986
-1.1542481,-0.383985
-1.1540481,-0.351986
-1.1538481,-0.351986
-1.1536481,-0.383985
-1.1534481,-0.351986
-1.1532481,-0.351986
-1.1530481,-0.351986
-1.1528481,-0.351986
-1.1526481,-0.319988
-1.1524481,-0.319988
-1.1522481,-0.319988
-1.1520481,-0.383985
-1.1518481,-0.319988
-1.1516481,-0.319988
-1.1514481,-0.383985
-1.1512481,-0.351986
-1.1510481,-0.287989
-1.1508481,-0.319988
-1.1506481,-0.287989
-1.1504481,-0.351986
-1.1502481,-0.287989
-1.1500481,-0.287989
-1.1498481,-0.319988
-1.1496481,-0.319988
-1.1494481,-0.287989
-1.1492481,-0.319988
-1.1490481,-0.319988
-1.1488481,-0.287989
-1.1486481,-0.319988
-1.1484481,-0.319988
-1.1482481,-0.25599
-1.1480481,-0.25599
-1.1478481,-0.25599
-1.1476481,-0.287989
-1.1474481,-0.25599
-1.1472481,-0.319988
-1.1470481,-0.287989
-1.1468481,-0.25599
-1.1466481,-0.287989
-1.1464481,-0.25599
-1.1462481,-0.25599
-1.1460481,-0.25599
-1.1458481,-0.25599
-1.1456481,-0.25599
-1.1454481,-0.25599
-1.1452481,-0.191993
-1.1450481,-0.25599
-1.1448481,-0.223991
-1.1446481,-0.223991
-1.1444481,-0.25599
-1.1442481,-0.25599
-1.1440481,-0.25599
-1.1438481,-0.25599
-1.1436481,-0.25599
-1.1434481,-0.191993
-1.1432481,-0.223991
-1.1430481,-0.287989
-1.1428481,-0.223991
-1.1426481,-0.25599
-1.1424481,-0.223991
-1.1422481,-0.223991
-1.1420481,-0.223991
-1.1418481,-0.223991
-1.1416481,-0.25599
-1.1414481,-0.25599
-1.1412481,-0.223991
-1.1410481,-0.191993
-1.1408481,-0.223991
-1.1406481,-0.191993
-1.1404481,-0.191993
-1.1402481,-0.223991
-1.1400481,-0.223991
-1.1398481,-0.223991
-1.1396481,-0.223991
-1.1394481,-0.223991
-1.1392481,-0.159994
-1.1390481,-0.191993
-1.1388481,-0.191993
-1.1386481,-0.191993
-1.1384481,-0.25599
-1.1382481,-0.191993
-1.1380481,-0.191993
-1.1378481,-0.191993
-1.1376481,-0.159994
-1.1374481,-0.159994
-1.1372481,-0.191993
-1.1370481,-0.159994
-1.1368481,-0.159994
-1.1366481,-0.191993
-1.1364481,-0.159994
-1.1362481,-0.159994
-1.1360481,-0.127995
-1.1358481,-0.127995
-1.1356481,-0.127995
-1.1354481,-0.159994
-1.1352481,-0.127995
-1.1350481,-0.127995
-1.1348481,-0.191993
-1.1346481,-0.159994
-1.1344481,-0.159994
-1.1342481,-0.191993
-1.1340481,-0.159994
-1.1338481,-0.127995
-1.1336481,-0.127995
-1.1334481,-0.191993
-1.1332481,-0.127995
-1.1330481,-0.159994
-1.1328481,-0.159994
-1.1326481,-0.127995
-1.1324481,-0.159994
-1.1322481,-0.159994
-1.1320481,-0.127995
-1.1318481,-0.159994
-1.1316481,-0.159994
-1.1314481,-0.127995
-1.1312481,-0.191993
-1.1310481,-0.159994
-1.1308481,-0.127995
-1.1306481,-0.159994
-1.1304481,-0.159994
-1.1302481,-0.191993
-1.1300481,-0.191993
-1.1298481,-0.127995
-1.1296481,-0.127995
-1.1294481,-0.191993
-1.1292481,-0.191993
-1.1290481,-0.127995
-1.1288481,-0.159994
-1.1286481,-0.191993
-1.1284481,-0.127995
-1.1282481,-0.159994
-1.1280481,-0.159994
-1.1278481,-0.159994
-1.1276481,-0.127995
-1.1274481,-0.127995
-1.1272481,-0.127995
-1.1270481,-0.159994
-1.1268481,-0.0959963
-1.1266481,-0.159994
-1.1264481,-0.159994
-1.1262481,-0.191993
-1.1260481,-0.127995
-1.1258481,-0.0959963
-1.1256481,-0.127995
-1.1254481,-0.127995
-1.1252481,-0.127995
-1.1250481,-0.127995
-1.1248481,-0.0959963
-1.1246481,-0.159994
-1.1244481,-0.159994
-1.1242481,-0.0959963
-1.1240481,-0.159994
-1.1238481,-0.127995
-1.1236481,-0.127995
-1.1234481,-0.0959963
-1.1232481,-0.159994
-1.1230481,-0.159994
-1.1228481,-0.127995
-1.1226481,-0.127995
-1.1224481,-0.0959963
-1.1222481,-0.159994
-1.1220481,-0.159994
-1.1218481,-0.127995
-1.1216481,-0.159994
-1.1214481,-0.127995
-1.1212481,-0.127995
-1.1210481,-0.159994
-1.1208481,-0.127995
-1.1206481,-0.0959963
-1.1204481,-0.0959963
-1.1202481,-0.0959963
-1.1200481,-0.127995
-1.1198481,-0.127995
-1.1196481,-0.127995
-1.1194481,-0.127995
-1.1192481,-0.159994
-1.1190481,-0.127995
-1.1188481,-0.0959963
-1.1186481,-0.127995
-1.1184481,-0.159994
-1.1182481,-0.0959963
-1.1180481,-0.159994
-1.1178481,-0.159994
-1.1176481,-0.0959963
-1.1174481,-0.127995
-1.1172481,-0.159994
-1.1170481,-0.127995
-1.1168481,-0.159994
-1.1166481,-0.159994
-1.1164481,-0.159994
-1.1162481,-0.159994
-1.1160481,-0.159994
-1.1158481,-0.127995
-1.1156481,-0.159994
-1.1154481,-0.159994
-1.1152481,-0.127995
-1.1150481,-0.159994
-1.1148481,-0.127995
-1.1146481,-0.159994
-1.1144481,-0.159994
-1.1142481,-0.0959963
-1.1140481,-0.127995
-1.1138481,-0.159994
-1.1136481,-0.0959963
-1.1134481,-0.159994
-1.1132481,-0.159994
-1.1130481,-0.127995
-1.1128481,-0.127995
-1.1126481,-0.159994
-1.1124481,-0.127995
-1.1122481,-0.127995
-1.1120481,-0.127995
-1.1118481,-0.127995
-1.1116481,-0.0959963
-1.1114481,-0.127995
-1.1112481,-0.0959963
-1.1110481,-0.159994
-1.1108481,-0.127995
-1.1106481,-0.0959963
-1.1104481,-0.0959963
-1.1102481,-0.159994
-1.1100481,-0.159994
-1.1098481,-0.127995
-1.1096481,-0.127995
-1.1094481,-0.0959963
-1.1092481,-0.127995
-1.1090481,-0.159994
-1.1088481,-0.127995
-1.1086481,-0.0959963
-1.1084481,-0.0959963
-1.1082481,-0.159994
-1.1080481,-0.0959963
-1.1078481,-0.127995
-1.1076481,-0.0959963
-1.1074481,-0.127995
-1.1072481,-0.159994
-1.1070481,-0.159994
-1.1068481,-0.159994
-1.1066481,-0.127995
-1.1064481,-0.0959963
-1.1062481,-0.127995
-1.1060481,-0.127995
-1.1058481,-0.159994
-1.1056481,-0.127995
-1.1054481,-0.159994
-1.1052481,-0.0959963
-1.1050481,-0.0959963
-1.1048481,-0.127995
-1.1046481,-0.0959963
-1.1044481,-0.0959963
-1.1042481,-0.0959963
-1.1040481,-0.127995
-1.1038481,-0.0959963
-1.1036481,-0.127995
-1.1034481,-0.0959963
-1.1032481,-0.0959963
-1.1030481,-0.159994
-1.1028481,-0.127995
-1.1026481,-0.127995
-1.1024481,-0.159994
-1.1022481,-0.127995
-1.1020481,-0.127995
-1.1018481,-0.127995
-1.1016481,-0.159994
-1.1014481,-0.0959963
-1.1012481,-0.159994
-1.1010481,-0.127995
-1.1008481,-0.127995
-1.1006481,-0.127995
-1.1004481,-0.127995
-1.1002481,-0.0959963
-1.1000481,-0.127995
-1.0998481,-0.127995
-1.0996481,-0.127995
-1.0994481,-0.191993
-1.0992481,-0.127995
-1.0990481,-0.0959963
-1.0988481,-0.159994
-1.0986481,-0.159994
-1.0984481,-0.0959963
-1.0982481,-0.159994
-1.0980481,-0.0959963
-1.0978481,-0.127995
-1.0976481,-0.159994
-1.0974481,-0.159994
-1.0972481,-0.159994
-1.0970481,-0.159994
-1.0968481,-0.127995
-1.0966481,-0.127995
-1.0964481,-0.0959963
-1.0962481,-0.0639975
-1.0960481,-0.0959963
-1.0958481,-0.159994
-1.0956481,-0.127995
-1.0954481,-0.0959963
-1.0952481,-0.127995
-1.0950481,-0.0959963
-1.0948481,-0.127995
-1.0946481,-0.127995
-1.0944481,-0.127995
-1.0942481,-0.127995
-1.0940481,-0.191993
-1.0938481,-0.159994
-1.0936481,-0.0959963
-1.0934481,-0.159994
-1.0932481,-0.127995
-1.0930481,-0.127995
-1.0928481,-0.159994
-1.0926481,-0.159994
-1.0924481,-0.0959963
-1.0922481,-0.159994
-1.0920481,-0.127995
-1.0918481,-0.127995
-1.0916481,-0.127995
-1.0914481,-0.159994
-1.0912481,-0.127995
-1.0910481,-0.159994
-1.0908481,-0.127995
-1.0906481,-0.127995
-1.0904481,-0.159994
-1.0902481,-0.159994
-1.0900481,-0.127995
-1.0898481,-0.159994
-1.0896481,-0.127995
-1.0894481,-0.127995
-1.0892481,-0.127995
-1.0890481,-0.159994
-1.0888481,-0.159994
-1.0886481,-0.127995
-1.0884481,-0.159994
-1.0882481,-0.0959963
-1.0880481,-0.127995
-1.0878481,-0.127995
-1.0876481,-0.127995
-1.0874481,-0.127995
-1.0872481,-0.127995
-1.0870481,-0.0959963
-1.0868481,-0.127995
-1.0866481,-0.0959963
-1.0864481,-0.127995
-1.0862481,-0.159994
-1.0860481,-0.127995
-1.0858481,-0.127995
-1.0856481,-0.191993
-1.0854481,-0.159994
-1.0852481,-0.0959963
-1.0850481,-0.127995
-1.0848481,-0.0959963
-1.0846481,-0.127995
-1.0844481,-0.159994
-1.0842481,-0.127995
-1.0840481,-0.127995
-1.0838481,-0.191993
-1.0836481,-0.127995
-1.0834481,-0.127995
-1.0832481,-0.159994
-1.0830481,-0.0959963
-1.0828481,-0.159994
-1.0826481,-0.159994
-1.0824481,-0.191993
-1.0822481,-0.127995
-1.0820481,-0.127995
-1.0818481,-0.159994
-1.0816481,-0.127995
-1.0814481,-0.127995
-1.0812481,-0.127995
-1.0810481,-0.159994
-1.0808481,-0.159994
-1.0806481,-0.127995
-1.0804481,-0.127995
-1.0802481,-0.159994
-1.0800481,-0.127995
-1.0798481,-0.127995
-1.0796481,-0.159994
-1.0794481,-0.159994
-1.0792481,-0.127995
-1.0790481,-0.159994
-1.0788481,-0.159994
-1.0786481,-0.127995
-1.0784481,-0.191993
-1.0782481,-0.127995
-1.0780481,-0.127995
-1.0778481,-0.159994
-1.0776481,-0.127995
-1.0774481,-0.127995
-1.0772481,-0.159994
-1.0770481,-0.159994
-1.0768481,-0.127995
-1.0766481,-0.159994
-1.0764481,-0.159994
-1.0762481,-0.159994
-1.0760481,-0.159994
-1.0758481,-0.159994
-1.0756481,-0.159994
-1.0754481,-0.159994
-1.0752481,-0.159994
-1.0750481,-0.159994
-1.0748481,-0.159994
-1.0746481,-0.159994
-1.0744481,-0.159994
-1.0742481,-0.159994
-1.0740481,-0.127995
-1.0738481,-0.127995
-1.0736481,-0.223991
-1.0734481,-0.191993
-1.0732481,-0.159994
-1.0730481,-0.191993
-1.0728481,-0.159994
-1.0726481,-0.159994
-1.0724481,-0.159994
-1.0722481,-0.159994
-1.0720481,-0.127995
-1.0718481,-0.191993
-1.0716481,-0.159994
-1.0714481,-0.159994
-1.0712481,-0.127995
-1.0710481,-0.127995
-1.0708481,-0.127995
-1.0706481,-0.191993
-1.0704481,-0.159994
-1.0702481,-0.159994
-1.0700481,-0.191993
-1.0698481,-0.159994
-1.0696481,-0.159994
-1.0694481,-0.127995
-1.0692481,-0.191993
-1.0690481,-0.159994
-1.0688481,-0.191993
-1.0686481,-0.25599
-1.0684481,-0.127995
-1.0682481,-0.191993
-1.0680481,-0.191993
-1.0678481,-0.191993
-1.0676481,-0.191993
-1.0674481,-0.223991
-1.0672481,-0.159994
-1.0670481,-0.159994
-1.0668481,-0.159994
-1.0666481,-0.159994
-1.0664481,-0.191993
-1.0662481,-0.191993
-1.0660481,-0.159994
-1.0658481,-0.191993
-1.0656481,-0.223991
-1.0654481,-0.159994
-1.0652481,-0.223991
-1.0650481,-0.191993
-1.0648481,-0.191993
-1.0646481,-0.191993
-1.0644481,-0.223991
-1.0642481,-0.159994
-1.0640481,-0.191993
-1.0638481,-0.191993
-1.0636481,-0.191993
-1.0634481,-0.191993
-1.0632481,-0.191993
-1.0630481,-0.159994
-1.0628481,-0.191993
-1.0626481,-0.191993
-1.0624481,-0.159994
-1.0622481,-0.223991
-1.0620481,-0.191993
-1.0618481,-0.223991
-1.0616481,-0.223991
-1.0614481,-0.223991
-1.0612481,-0.191993
-1.0610481,-0.223991
-1.0608481,-0.191993
-1.0606481,-0.159994
-1.0604481,-0.223991
-1.0602481,-0.191993
-1.0600481,-0.191993
-1.0598481,-0.223991
-1.0596481,-0.159994
-1.0594481,-0.159994
-1.0592481,-0.25599
-1.0590481,-0.191993
-1.0588481,-0.191993
-1.0586481,-0.191993
-1.0584481,-0.159994
-1.0582481,-0.191993
-1.0580481,-0.223991
-1.0578481,-0.223991
-1.0576481,-0.191993
-1.0574481,-0.223991
-1.0572481,-0.223991
-1.0570481,-0.25599
-1.0568481,-0.223991
-1.0566481,-0.223991
-1.0564481,-0.223991
-1.0562481,-0.223991
-1.0560481,-0.223991
-1.0558481,-0.223991
-1.0556481,-0.25599
-1.0554481,-0.25599
-1.0552481,-0.25599
-1.0550481,-0.25599
-1.0548481,-0.223991
-1.0546481,-0.191993
-1.0544481,-0.25599
-1.0542481,-0.287989
-1.0540481,-0.223991
-1.0538481,-0.25599
-1.0536481,-0.287989
-1.0534481,-0.223991
-1.0532481,-0.25599
-1.0530481,-0.25599
-1.0528481,-0.223991
-1.0526481,-0.223991
-1.0524481,-0.223991
-1.0522481,-0.25599
-1.0520481,-0.223991
-1.0518481,-0.25599
-1.0516481,-0.25599
-1.0514481,-0.25599
-1.0512481,-0.223991
-1.0510481,-0.287989
-1.0508481,-0.25599
-1.0506481,-0.25599
-1.0504481,-0.191993
-1.0502481,-0.223991
-1.0500481,-0.25599
-1.0498481,-0.223991
-1.0496481,-0.25599
-1.0494481,-0.25599
-1.0492481,-0.223991
-1.0490481,-0.223991
-1.0488481,-0.287989
-1.0486481,-0.25599
-1.0484481,-0.223991
-1.0482481,-0.25599
-1.0480481,-0.25599
-1.0478481,-0.25599
-1.0476481,-0.25599
-1.0474481,-0.223991
-1.0472481,-0.223991
-1.0470481,-0.25599
-1.0468481,-0.223991
-1.0466481,-0.25599
-1.0464481,-0.287989
-1.0462481,-0.223991
-1.0460481,-0.25599
-1.0458481,-0.287989
-1.0456481,-0.223991
-1.0454481,-0.25599
-1.0452481,-0.287989
-1.0450481,-0.223991
-1.0448481,-0.223991
-1.0446481,-0.25599
-1.0444481,-0.25599
-1.0442481,-0.25599
-1.0440481,-0.25599
-1.0438481,-0.25599
-1.0436481,-0.25599
-1.0434481,-0.287989
-1.0432481,-0.25599
-1.0430481,-0.25599
-1.0428481,-0.25599
-1.0426481,-0.287989
-1.0424481,-0.25599
-1.0422481,-0.25599
-1.0420481,-0.223991
-1.0418481,-0.25599
-1.0416481,-0.25599
-1.0414481,-0.223991
-1.0412481,-0.25599
-1.0410481,-0.223991
-1.0408481,-0.25599
-1.0406481,-0.25599
-1.0404481,-0.319988
-1.0402481,-0.223991
-1.0400481,-0.25599
-1.0398481,-0.223991
-1.0396481,-0.191993
-1.0394481,-0.25599
-1.0392481,-0.287989
-1.0390481,-0.25599
-1.0388481,-0.25599
-1.0386481,-0.287989
-1.0384481,-0.25599
-1.0382481,-0.223991
-1.0380481,-0.223991
-1.0378481,-0.25599
-1.0376481,-0.223991
-1.0374481,-0.25599
-1.0372481,-0.223991
-1.0370481,-0.25599
-1.0368481,-0.25599
-1.0366481,-0.223991
-1.0364481,-0.287989
-1.0362481,-0.287989
-1.0360481,-0.191993
-1.0358481,-0.191993
-1.0356481,-0.25599
-1.0354481,-0.223991
-1.0352481,-0.223991
-1.0350481,-0.25599
-1.0348481,-0.25599
-1.0346481,-0.25599
-1.0344481,-0.287989
-1.0342481,-0.191993
-1.0340481,-0.25599
-1.0338481,-0.25599
-1.0336481,-0.191993
-1.0334481,-0.223991
-1.0332481,-0.223991
-1.0330481,-0.191993
-1.0328481,-0.25599
-1.0326481,-0.25599
-1.0324481,-0.25599
-1.0322481,-0.223991
-1.0320481,-0.191993
-1.0318481,-0.223991
-1.0316481,-0.223991
-1.0314481,-0.223991
-1.0312481,-0.191993
-1.0310481,-0.223991
-1.0308481,-0.25599
-1.0306481,-0.191993
-1.0304481,-0.223991
-1.0302481,-0.223991
-1.0300481,-0.223991
-1.0298481,-0.223991
-1.0296481,-0.25599
-1.0294481,-0.191993
-1.0292481,-0.25599
-1.0290481,-0.223991
-1.0288481,-0.191993
-1.0286481,-0.223991
-1.0284481,-0.223991
-1.0282481,-0.191993
-1.0280481,-0.25599
-1.0278481,-0.191993
-1.0276481,-0.223991
-1.0274481,-0.223991
-1.0272481,-0.223991
-1.0270481,-0.159994
-1.0268481,-0.191993
-1.0266481,-0.191993
-1.0264481,-0.191993
-1.0262481,-0.223991
-1.0260481,-0.223991
-1.0258481,-0.191993
-1.0256481,-0.159994
-1.0254481,-0.159994
-1.0252481,-0.159994
-1.0250481,-0.191993
-1.0248481,-0.159994
-1.0246481,-0.159994
-1.0244481,-0.191993
-1.0242481,-0.191993
-1.0240481,-0.191993
-1.0238481,-0.191993
-1.0236481,-0.159994
-1.0234481,-0.159994
-1.0232481,-0.191993
-1.0230481,-0.191993
-1.0228481,-0.159994
-1.0226481,-0.191993
-1.0224481,-0.159994
-1.0222481,-0.159994
-1.0220481,-0.127995
-1.0218481,-0.159994
-1.0216481,-0.127995
-1.0214481,-0.191993
-1.0212481,-0.159994
-1.0210481,-0.159994
-1.0208481,-0.191993
-1.0206481,-0.191993
-1.0204481,-0.159994
-1.0202481,-0.159994
-1.0200481,-0.159994
-1.0198481,-0.159994
-1.0196481,-0.127995
-1.0194481,-0.159994
-1.0192481,-0.159994
-1.0190481,-0.191993
-1.0188481,-0.159994
-1.0186481,-0.127995
-1.0184481,-0.159994
-1.0182481,-0.159994
-1.0180481,-0.0959963
-1.0178481,-0.159994
-1.0176481,-0.127995
-1.0174481,-0.127995
-1.0172481,-0.159994
-1.0170481,-0.159994
-1.0168481,-0.127995
-1.0166481,-0.127995
-1.0164481,-0.159994
-1.0162481,-0.0959963
-1.0160481,-0.159994
-1.0158481,-0.127995
-1.0156481,-0.127995
-1.0154481,-0.159994
-1.0152481,-0.127995
-1.0150481,-0.0959963
-1.0148481,-0.159994
-1.0146481,-0.0959963
-1.0144481,-0.0319988
-1.0142481,-0.0959963
-1.0140481,-0.0639975
-1.0138481,-0.0959963
-1.0136481,-0.0959963
-1.0134481,-0.127995
-1.0132481,-0.0639975
-1.0130481,-0.0639975
-1.0128481,-0.0959963
-1.0126481,-0.0639975
-1.0124481,-0.0959963
-1.0122481,-0.0959963
-1.0120481,-0.0639975
-1.0118481,-0.0959963
-1.0116481,-0.0959963
-1.0114481,-0.0639975
-1.0112481,-0.0639975
-1.0110481,-0.0319988
-1.0108481,-0.0319988
-1.0106481,-0.0959963
-1.0104481,-0.0319988
-1.0102481,-0.0639975
-1.0100481,-0.0959963
-1.0098481,-0.0639975
-1.0096481,0
-1.0094481,-0.0639975
-1.0092481,-0.0639975
-1.0090481,-0.0639975
-1.0088481,-0.0959963
-1.0086481,-0.0639975
-1.0084481,0
-1.0082481,-0.0319988
-1.0080481,-0.0319988
-1.0078481,-0.0319988
-1.0076481,-0.0959963
-1.0074481,-0.0959963
-1.0072481,-0.0319988
-1.0070481,-0.0319988
-1.0068481,-0.0639975
-1.0066481,-0.0319988
-1.0064481,-0.0319988
-1.0062481,-0.0319988
-1.0060481,0
-1.0058481,0
-1.0056481,-0.0639975
-1.0054481,0
-1.0052481,-0.0319988
-1.0050481,-0.0319988
-1.0048481,0
-1.0046481,0
-1.0044481,0.0319988
-1.0042481,0
-1.0040481,-0.0319988
-1.0038481,0
-1.0036481,0.0319988
-1.0034481,-0.0639975
-1.0032481,-0.0319988
-1.0030481,-0.0319988
-1.0028481,-0.0319988
-1.0026481,0
-1.0024481,0.0319988
-1.0022481,-0.0319988
-1.0020481,-0.0319988
-1.0018481,0.0319988
-1.0016481,0
-1.0014481,0.0319988
-1.0012481,0
-1.0010481,0
-1.0008481,0.0639975
-1.0006481,0.0319988
-1.0004481,0.0319988
-1.0002481,0.0319988
-1.0000481,0.0319988
-0.99984814,0
-0.99964814,0
-0.99944814,0.0959963
-0.99924814,-0.0319988
-0.99904814,0
-0.99884814,0.0319988
-0.99864814,0
-0.99844814,0
-0.99824814,0
-0.99804814,0.0319988
-0.99784814,0.0319988
-0.99764814,0.0639975
-0.99744814,0.0319988
-0.99724814,0.0319988
-0.99704814,0.0959963
-0.99684814,0.0319988
-0.99664814,-0.0319988
-0.99644814,0.0319988
-0.99624814,0
-0.99604814,0.0319988
-0.99584814,0.0639975
-0.99564814,-0.0319988
-0.99544814,0.0319988
-0.99524814,0.0319988
-0.99504814,0.0319988
-0.99484814,0.0319988
-0.99464814,0.0319988
-0.99444814,0.0319988
-0.99424814,0.0639975
-0.99404814,0.0319988
-0.99384814,0.0319988
-0.99364814,0.0319988
-0.99344814,0.0319988
-0.99324814,-0.0319988
-0.99304814,0.0319988
-0.99284814,0.0319988
-0.99264814,0
-0.99244814,0.0639975
-0.99224814,0
-0.99204814,0.0319988
-0.99184814,0
-0.99164814,0.0639975
-0.99144814,-0.0319988
-0.99124814,0.0319988
-0.99104814,0.0639975
-0.99084814,0.0319988
-0.99064814,0.0639975
-0.99044814,0.0639975
-0.99024814,0.0639975
-0.99004814,0.0639975
-0.98984814,0.0639975
-0.98964814,0.0319988
-0.98944814,0.0639975
-0.98924814,0.0639975
-0.98904814,0.0319988
-0.98884814,0.0959963
-0.98864814,0.0639975
-0.98844814,0.0319988
-0.98824814,0.0639975
-0.98804814,0
-0.98784814,0.0319988
-0.98764814,0.0639975
-0.98744814,0.0319988
-0.98724814,0.0319988
-0.98704814,0.0319988
-0.98684814,0.0319988
-0.98664814,0.0319988
-0.98644814,0.0319988
-0.98624814,0.0639975
-0.98604814,0.0319988
-0.98584814,0.0319988
-0.98564814,0.0639975
-0.98544814,0
-0.98524814,0.0319988
-0.98504814,0.0319988
-0.98484814,0
-0.98464814,0.0319988
-0.98444814,0.0319988
-0.98424814,0.0639975
-0.98404814,0.0319988
-0.98384814,0.0639975
-0.98364814,0
-0.98344814,0
-0.98324814,0.0639975
-0.98304814,0
-0.98284814,0.0639975
-0.98264814,0.0639975
-0.98244814,0.0319988
-0.98224814,0.0319988
-0.98204814,0.0319988
-0.98184814,0
-0.98164814,0.0639975
-0.98144814,0.0319988
-0.98124814,0
-0.98104814,0
-0.98084814,0
-0.98064814,0.0319988
-0.98044814,0
-0.98024814,0.0319988
-0.98004814,0
-0.97984814,0.0319988
-0.97964814,0.0319988
-0.97944814,0
-0.97924814,0
-0.97904814,0
-0.97884814,0
-0.97864814,0.0319988
-0.97844814,0.0319988
-0.97824814,-0.0319988
-0.97804814,0
-0.97784814,0
-0.97764814,-0.0319988
-0.97744814,0
-0.97724814,0.0319988
-0.97704814,0
-0.97684814,-0.0319988
-0.97664814,0.0319988
-0.97644814,0
-0.97624814,0
-0.97604814,0.0319988
-0.97584814,0
-0.97564814,0
-0.97544814,0
-0.97524814,0
-0.97504814,0.0639975
-0.97484814,0.0639975
-0.97464814,-0.0319988
-0.97444814,0
-0.97424814,0
-0.97404814,0.0639975
-0.97384814,0
-0.97364814,0.0319988
-0.97344814,0
-0.97324814,0.0319988
-0.97304814,0.0319988
-0.97284814,-0.0639975
-0.97264814,0
-0.97244814,0.0319988
-0.97224814,0
-0.97204814,0.0319988
-0.97184814,0.0319988
-0.97164814,-0.0319988
-0.97144814,0
-0.97124814,-0.0319988
-0.97104814,0
-0.97084814,0
-0.97064814,0.0319988
-0.97044814,-0.0639975
-0.97024814,-0.0319988
-0.97004814,0
-0.96984814,0
-0.96964814,0.0319988
-0.96944814,0
-0.96924814,-0.0319988
-0.96904814,0
-0.96884814,0
-0.96864814,-0.0319988
-0.96844814,0
-0.96824814,0
-0.96804814,-0.0319988
-0.96784814,0
-0.96764814,0
-0.96744814,-0.0319988
-0.96724814,0
-0.96704814,0.0319988
-0.96684814,-0.0319988
-0.96664814,0.0319988
-0.96644814,-0.0319988
-0.96624814,-0.0319988
-0.96604814,-0.0319988
-0.96584814,-0.0319988
-0.96564814,-0.0319988
-0.96544814,0
-0.96524814,0
-0.96504814,0.0319988
-0.96484814,-0.0319988
-0.96464814,0
-0.96444814,-0.0319988
-0.96424814,-0.0319988
-0.96404814,0
-0.96384814,-0.0319988
-0.96364814,-0.0319988
-0.96344814,0.0319988
-0.96324814,-0.0319988
-0.96304814,-0.0319988
-0.96284814,0
-0.96264814,-0.0319988
-0.96244814,0
-0.96224814,0
-0.96204814,0.0319988
-0.96184814,0
-0.96164814,-0.0319988
-0.96144814,0
-0.96124814,-0.0319988
-0.96104814,0
-0.96084814,0
-0.96064814,0
-0.96044814,0
-0.96024814,-0.0639975
-0.96004814,0
-0.95984814,-0.0319988
-0.95964814,-0.0319988
-0.95944814,-0.0319988
-0.95924814,-0.0319988
-0.95904814,-0.0959963
-0.95884814,0
-0.95864814,-0.0639975
-0.95844814,-0.0319988
-0.95824814,-0.0319988
-0.95804814,0.0319988
-0.95784814,-0.0639975
-0.95764814,-0.0319988
-0.95744814,0
-0.95724814,-0.0319988
-0.95704814,0
-0.95684814,-0.0319988
-0.95664814,-0.0319988
-0.95644814,0
-0.95624814,-0.0319988
-0.95604814,-0.0319988
-0.95584814,-0.0319988
-0.95564814,0
-0.95544814,-0.0639975
-0.95524814,-0.0639975
-0.95504814,0
-0.95484814,-0.0639975
-0.95464814,-0.0319988
-0.95444814,-0.0319988
-0.95424814,-0.0319988
-0.95404814,-0.0319988
-0.95384814,-0.0319988
-0.95364814,0
-0.95344814,-0.0319988
-0.95324814,-0.0319988
-0.95304814,-0.0319988
-0.95284814,-0.0319988
-0.95264814,-0.0319988
-0.95244814,-0.0319988
-0.95224814,-0.0319988
-0.95204814,0
-0.95184814,-0.0639975
-0.95164814,-0.0319988
-0.95144814,-0.0319988
-0.95124814,0
-0.95104814,0
-0.95084814,0
-0.95064814,-0.0639975
-0.95044814,0
-0.95024814,0
-0.95004814,-0.0319988
-0.94984814,0
-0.94964814,0.0319988
-0.94944814,0
-0.94924814,0.0319988
-0.94904814,0
-0.94884814,0.0319988
-0.94864814,0
-0.94844814,0
-0.94824814,0
-0.94804814,-0.0319988
-0.94784814,0
-0.94764814,0
-0.94744814,0.0319988
-0.94724814,0
-0.94704814,0
-0.94684814,-0.0319988
-0.94664814,0.0319988
-0.94644814,-0.0319988
-0.94624814,0
-0.94604814,0.0319988
-0.94584814,0
-0.94564814,0.0319988
-0.94544814,0.0319988
-0.94524814,0
-0.94504814,0.0319988
-0.94484814,0.0319988
-0.94464814,0
-0.94444814,0.0319988
-0.94424814,-0.0319988
-0.94404814,0.0319988
-0.94384814,0
-0.94364814,0.0319988
-0.94344814,0
-0.94324814,0
-0.94304814,0
-0.94284814,0.0319988
-0.94264814,0
-0.94244814,0.0319988
-0.94224814,0
-0.94204814,0
-0.94184814,0.0639975
-0.94164814,0
-0.94144814,0.0319988
-0.94124814,0
-0.94104814,0.0319988
-0.94084814,0.0319988
-0.94064814,0.0639975
-0.94044814,0.0319988
-0.94024814,0.0319988
-0.94004814,0.0319988
-0.93984814,0.0319988
-0.93964814,0
-0.93944814,0.0319988
-0.93924814,0
-0.93904814,0.0639975
-0.93884814,0.0639975
-0.93864814,0.0319988
-0.93844814,0.0319988
-0.93824814,0.0639975
-0.93804814,0
-0.93784814,0.0639975
-0.93764814,0.0639975
-0.93744814,0.0319988
-0.93724814,0.0639975
-0.93704814,0.0639975
-0.93684814,0.0319988
-0.93664814,0.0319988
-0.93644814,0.0639975
-0.93624814,0.0639975
-0.93604814,0.0319988
-0.93584814,0.0319988
-0.93564814,0.0959963
-0.93544814,0.0639975
-0.93524814,0.0639975
-0.93504814,0.0639975
-0.93484814,0.0319988
-0.93464814,0.0639975
-0.93444814,0.0639975
-0.93424814,0.0959963
-0.93404814,0.0319988
-0.93384814,0.0319988
-0.93364814,0.0959963
-0.93344814,0.0639975
-0.93324814,0.0319988
-0.93304814,0.0639975
-0.93284814,0.0319988
-0.93264814,0.0319988
-0.93244814,0.0319988
-0.93224814,0.0639975
-0.93204814,0.0639975
-0.93184814,0.0639975
-0.93164814,0.0639975
-0.93144814,0.0319988
-0.93124814,0.0639975
-0.93104814,0.0639975
-0.93084814,0
-0.93064814,0.0639975
-0.93044814,0.0639975
-0.93024814,0.0319988
-0.93004814,0.0639975
-0.92984814,0.0319988
-0.92964814,0.0319988
-0.92944814,0.0319988
-0.92924814,0.0639975
-0.92904814,0.0319988
-0.92884814,0.0639975
-0.92864814,0.0639975
-0.92844814,0.0639975
-0.92824814,0.0319988
-0.92804814,0.0639975
-0.92784814,0.0639975
-0.92764814,0.0639975
-0.92744814,0.0639975
-0.92724814,0.0639975
-0.92704814,0.0319988
-0.92684814,0.0639975
-0.92664814,0.0319988
-0.92644814,0.0319988
-0.92624814,0.0639975
-0.92604814,-0.0319988
-0.92584814,0.0639975
-0.92564814,0.0639975
-0.92544814,0.0319988
-0.92524814,0.0319988
-0.92504814,0
-0.92484814,0
-0.92464814,0
-0.92444814,0.0319988
-0.92424814,0.0319988
-0.92404814,0.0319988
-0.92384814,0.0319988
-0.92364814,0
-0.92344814,0.0319988
-0.92324814,0.0319988
-0.92304814,0.0319988
-0.92284814,0.0319988
-0.92264814,0
-0.92244814,0
-0.92224814,0.0319988
-0.92204814,0
-0.92184814,0.0319988
-0.92164814,0.0319988
-0.92144814,0.0319988
-0.92124814,-0.0319988
-0.92104814,0.0319988
-0.92084814,0
-0.92064814,-0.0319988
-0.92044814,0
-0.92024814,0.0319988
-0.92004814,-0.0319988
-0.91984814,0.0319988
-0.91964814,0.0319988
-0.91944814,0.0319988
-0.91924814,-0.0319988
-0.91904814,0.0319988
-0.91884814,-0.0639975
-0.91864814,0
-0.91844814,0
-0.91824814,-0.0319988
-0.91804814,0
-0.91784814,0
-0.91764814,-0.0319988
-0.91744814,-0.0319988
-0.91724814,0
-0.91704814,-0.0319988
-0.91684814,0.0319988
-0.91664814,0.0319988
-0.91644814,-0.0319988
-0.91624814,-0.0319988
-0.91604814,0
-0.91584814,-0.0319988
-0.91564814,-0.0319988
-0.91544814,-0.0639975
-0.91524814,-0.0639975
-0.91504814,-0.0319988
-0.91484814,0
-0.91464814,-0.0639975
-0.91444814,-0.0319988
-0.91424814,-0.0319988
-0.91404814,-0.0319988
-0.91384814,-0.0319988
-0.91364814,-0.0639975
-0.91344814,-0.0319988
-0.91324814,-0.0319988
-0.91304814,-0.0319988
-0.91284814,-0.0319988
-0.91264814,-0.0319988
-0.91244814,-0.0639975
-0.91224814,-0.0959963
-0.91204814,-0.0319988
-0.91184814,0
-0.91164814,-0.0319988
-0.91144814,-0.0319988
-0.91124814,-0.0319988
-0.91104814,-0.0959963
-0.91084814,-0.0319988
-0.91064814,0
-0.91044814,-0.0319988
-0.91024814,-0.0319988
-0.91004814,-0.0319988
-0.90984814,-0.0639975
-0.90964814,-0.0319988
-0.90944814,-0.0319988
-0.90924814,-0.0639975
-0.90904814,-0.0319988
-0.90884814,-0.0319988
-0.90864814,-0.0639975
-0.90844814,-0.0639975
-0.90824814,-0.0319988
-0.90804814,-0.0639975
-0.90784814,-0.0319988
-0.90764814,-0.0319988
-0.90744814,-0.0639975
-0.90724814,-0.0319988
-0.90704814,-0.0319988
-0.90684814,-0.0319988
-0.90664814,0
-0.90644814,-0.0639975
-0.90624814,-0.0959963
-0.90604814,0
-0.90584814,-0.0319988
-0.90564814,-0.0319988
-0.90544814,-0.0639975
-0.90524814,-0.0639975
-0.90504814,-0.0959963
-0.90484814,0
-0.90464814,0
-0.90444814,-0.0639975
-0.90424814,-0.0319988
-0.90404814,-0.0639975
-0.90384814,-0.0639975
-0.90364814,-0.0319988
-0.90344814,-0.0319988
-0.90324814,-0.0639975
-0.90304814,-0.0319988
-0.90284814,-0.0319988
-0.90264814,-0.0959963
-0.90244814,0
-0.90224814,0
-0.90204814,-0.0639975
-0.90184814,-0.0319988
-0.90164814,0
-0.90144814,-0.0319988
-0.90124814,-0.0319988
-0.90104814,0
-0.90084814,-0.0319988
-0.90064814,-0.0319988
-0.90044814,0
-0.90024814,-0.0319988
-0.90004814,0
-0.89984814,0
-0.89964814,0
-0.89944814,0
-0.89924814,0
-0.89904814,-0.0319988
-0.89884814,0.0319988
-0.89864814,0.0319988
-0.89844814,-0.0319988
-0.89824814,0
-0.89804814,0
-0.89784814,0
-0.89764814,-0.0319988
-0.89744814,0.0319988
-0.89724814,0
-0.89704814,0
-0.89684814,0
-0.89664814,-0.0319988
-0.89644814,0
-0.89624814,0.0319988
-0.89604814,0
-0.89584814,0.0319988
-0.89564814,-0.0319988
-0.89544814,-0.0319988
-0.89524814,0.0319988
-0.89504814,0
-0.89484814,0
-0.89464814,0.0319988
-0.89444814,0.0319988
-0.89424814,-0.0319988
-0.89404814,0.0319988
-0.89384814,0.0319988
-0.89364814,0
-0.89344814,-0.0319988
-0.89324814,0
-0.89304814,0
-0.89284814,0.0319988
-0.89264814,0.0319988
-0.89244814,0.0319988
-0.89224814,0
-0.89204814,0
-0.89184814,0
-0.89164814,0
-0.89144814,0.0319988
-0.89124814,0.0319988
-0.89104814,0.0319988
-0.89084814,0.0319988
-0.89064814,0
-0.89044814,0.0319988
-0.89024814,0.0319988
-0.89004814,0.0319988
-0.88984814,0.0639975
-0.88964814,0.0639975
-0.88944814,0.0639975
-0.88924814,0.0319988
-0.88904814,0.0639975
-0.88884814,0.0639975
-0.88864814,0.0639975
-0.88844814,0.0639975
-0.88824814,0.0319988
-0.88804814,0.0639975
-0.88784814,0.0319988
-0.88764814,0.0639975
-0.88744814,0.0639975
-0.88724814,0.0319988
-0.88704814,0.0319988
-0.88684814,0.0639975
-0.88664814,0.0319988
-0.88644814,0.0639975
-0.88624814,0.0639975
-0.88604814,0.0639975
-0.88584814,0
-0.88564814,0.0319988
-0.88544814,0.0319988
-0.88524814,0.0319988
-0.88504814,0.0319988
-0.88484814,0.0639975
-0.88464814,0.0319988
-0.88444814,0.0639975
-0.88424814,0.0639975
-0.88404814,0.0639975
-0.88384814,0.0319988
-0.88364814,0.0639975
-0.88344814,0.0319988
-0.88324814,0.0639975
-0.88304814,0.0639975
-0.88284814,0.0639975
-0.88264814,0.0959963
-0.88244814,0.0639975
-0.88224814,0.0639975
-0.88204814,0.0639975
-0.88184814,0.0639975
-0.88164814,0.0319988
-0.88144814,0.0319988
-0.88124814,0.0639975
-0.88104814,0.0639975
-0.88084814,0.0639975
-0.88064814,0.0639975
-0.88044814,0.0319988
-0.88024814,0.0639975
-0.88004814,0.0639975
-0.87984814,0.0319988
-0.87964814,0.0639975
-0.87944814,0.0639975
-0.87924814,0.0639975
-0.87904814,0.0639975
-0.87884814,0.0639975
-0.87864814,0.0639975
-0.87844814,0.0319988
-0.87824814,0.0639975
-0.87804814,0
-0.87784814,0
-0.87764814,0.0319988
-0.87744814,-0.0319988
-0.87724814,0.0319988
-0.87704814,0.0319988
-0.87684814,-0.0319988
-0.87664814,0.0639975
-0.87644814,0.0639975
-0.87624814,0.0639975
-0.87604814,0
-0.87584814,0
-0.87564814,0.0319988
-0.87544814,0
-0.87524814,0
-0.87504814,0
-0.87484814,0.0319988
-0.87464814,0.0319988
-0.87444814,0
-0.87424814,0.0319988
-0.87404814,0.0639975
-0.87384814,0.0319988
-0.87364814,0.0319988
-0.87344814,0
-0.87324814,0.0319988
-0.87304814,0.0319988
-0.87284814,0.0959963
-0.87264814,0
-0.87244814,0.0319988
-0.87224814,0.0319988
-0.87204814,-0.0319988
-0.87184814,0
-0.87164814,0.0319988
-0.87144814,0.0319988
-0.87124814,0.0319988
-0.87104814,0
-0.87084814,0
-0.87064814,0
-0.87044814,0
-0.87024814,-0.0639975
-0.87004814,-0.0319988
-0.86984814,0.0319988
-0.86964814,-0.0639975
-0.86944814,-0.0319988
-0.86924814,0.0319988
-0.86904814,0
-0.86884814,0
-0.86864814,-0.0319988
-0.86844814,-0.0639975
-0.86824814,0
-0.86804814,0
-0.86784814,-0.0639975
-0.86764814,-0.0319988
-0.86744814,0
-0.86724814,-0.0639975
-0.86704814,-0.0319988
-0.86684814,-0.0319988
-0.86664814,-0.0639975
-0.86644814,-0.0319988
-0.86624814,-0.0319988
-0.86604814,-0.0639975
-0.86584814,-0.0319988
-0.86564814,0
-0.86544814,-0.0959963
-0.86524814,-0.0319988
-0.86504814,0
-0.86484814,-0.0639975
-0.86464814,-0.0639975
-0.86444814,0
-0.86424814,-0.0319988
-0.86404814,0
-0.86384814,-0.0319988
-0.86364814,-0.0639975
-0.86344814,-0.0639975
-0.86324814,0
-0.86304814,-0.0639975
-0.86284814,-0.0319988
-0.86264814,-0.0639975
-0.86244814,-0.0639975
-0.86224814,-0.0639975
-0.86204814,-0.0639975
-0.86184814,-0.0319988
-0.86164814,-0.0319988
-0.86144814,-0.0639975
-0.86124814,-0.0319988
-0.86104814,-0.0319988
-0.86084814,0
-0.86064814,-0.0959963
-0.86044814,-0.0319988
-0.86024814,-0.0639975
-0.86004814,-0.0639975
-0.85984814,-0.0639975
-0.85964814,-0.0959963
-0.85944814,-0.0959963
-0.85924814,-0.0319988
-0.85904814,-0.0639975
-0.85884814,-0.0639975
-0.85864814,-0.0319988
-0.85844814,-0.0639975
-0.85824814,-0.0639975
-0.85804814,-0.0319988
-0.85784814,-0.0639975
-0.85764814,-0.0319988
-0.85744814,-0.0319988
-0.85724814,-0.0639975
-0.85704814,-0.0639975
-0.85684814,0
-0.85664814,-0.0639975
-0.85644814,-0.0959963
-0.85624814,-0.0639975
-0.85604814,-0.0959963
-0.85584814,-0.0639975
-0.85564814,-0.0319988
-0.85544814,-0.0639975
-0.85524814,-0.0959963
-0.85504814,-0.0639975
-0.85484814,-0.0319988
-0.85464814,-0.0959963
-0.85444814,-0.0639975
-0.85424814,-0.0639975
-0.85404814,-0.0639975
-0.85384814,-0.127995
-0.85364814,-0.0639975
-0.85344814,-0.127995
-0.85324814,-0.0639975
-0.85304814,-0.0639975
-0.85284814,-0.0639975
-0.85264814,-0.0639975
-0.85244814,-0.0639975
-0.85224814,-0.0639975
-0.85204814,-0.0959963
-0.85184814,-0.0639975
-0.85164814,-0.127995
-0.85144814,-0.0639975
-0.85124814,-0.0639975
-0.85104814,-0.0959963
-0.85084814,0
-0.85064814,-0.0959963
-0.85044814,-0.0959963
-0.85024814,-0.0319988
-0.85004814,-0.0639975
-0.84984814,-0.0959963
-0.84964814,-0.0959963
-0.84944814,-0.0959963
-0.84924814,-0.127995
-0.84904814,-0.0639975
-0.84884814,-0.0639975
-0.84864814,-0.0639975
-0.84844814,-0.0639975
-0.84824814,-0.0319988
-0.84804814,-0.0959963
-0.84784814,-0.0639975
-0.84764814,-0.0639975
-0.84744814,-0.0639975
-0.84724814,-0.0959963
-0.84704814,-0.0959963
-0.84684814,-0.127995
-0.84664814,-0.0959963
-0.84644814,-0.0639975
-0.84624814,-0.0959963
-0.84604814,-0.0639975
-0.84584814,-0.0959963
-0.84564814,-0.0639975
-0.84544814,-0.0639975
-0.84524814,-0.0639975
-0.84504814,-0.127995
-0.84484814,-0.127995
-0.84464814,-0.0639975
-0.84444814,-0.0959963
-0.84424814,-0.127995
-0.84404814,-0.0639975
-0.84384814,-0.0959963
-0.84364814,-0.0319988
-0.84344814,-0.0959963
-0.84324814,-0.127995
-0.84304814,-0.0959963
-0.84284814,-0.0639975
-0.84264814,-0.0959963
-0.84244814,-0.0959963
-0.84224814,-0.0639975
-0.84204814,-0.0959963
-0.84184814,-0.0959963
-0.84164814,-0.0639975
-0.84144814,-0.0959963
-0.84124814,-0.127995
-0.84104814,-0.127995
-0.84084814,-0.127995
-0.84064814,-0.0959963
-0.84044814,-0.0959963
-0.84024814,-0.0959963
-0.84004814,-0.127995
-0.83984814,-0.0959963
-0.83964814,-0.127995
-0.83944814,-0.0959963
-0.83924814,-0.127995
-0.83904814,-0.127995
-0.83884814,-0.0959963
-0.83864814,-0.127995
-0.83844814,-0.127995
-0.83824814,-0.0959963
-0.83804814,-0.0959963
-0.83784814,-0.0959963
-0.83764814,-0.0959963
-0.83744814,-0.159994
-0.83724814,-0.127995
-0.83704814,-0.0959963
-0.83684814,-0.0959963
-0.83664814,-0.127995
-0.83644814,-0.0959963
-0.83624814,-0.0639975
-0.83604814,-0.127995
-0.83584814,-0.0639975
-0.83564814,-0.0639975
-0.83544814,-0.0959963
-0.83524814,-0.0959963
-0.83504814,-0.0639975
-0.83484814,-0.0959963
-0.83464814,-0.127995
-0.83444814,-0.0959963
-0.83424814,-0.0959963
-0.83404814,-0.0639975
-0.83384814,-0.0959963
-0.83364814,-0.127995
-0.83344814,-0.0959963
-0.83324814,-0.0639975
-0.83304814,-0.127995
-0.83284814,-0.127995
-0.83264814,-0.0959963
-0.83244814,-0.159994
-0.83224814,-0.159994
-0.83204814,-0.127995
-0.83184814,-0.127995
-0.83164814,-0.127995
-0.83144814,-0.127995
-0.83124814,-0.191993
-0.83104814,-0.127995
-0.83084814,-0.0959963
-0.83064814,-0.159994
-0.83044814,-0.0959963
-0.83024814,-0.127995
-0.83004814,-0.127995
-0.82984814,-0.127995
-0.82964814,-0.0959963
-0.82944814,-0.127995
-0.82924814,-0.159994
-0.82904814,-0.127995
-0.82884814,-0.127995
-0.82864814,-0.127995
-0.82844814,-0.127995
-0.82824814,-0.127995
-0.82804814,-0.127995
-0.82784814,-0.0959963
-0.82764814,-0.0959963
-0.82744814,-0.0959963
-0.82724814,-0.127995
-0.82704814,-0.159994
-0.82684814,-0.0959963
-0.82664814,-0.127995
-0.82644814,-0.127995
-0.82624814,-0.127995
-0.82604814,-0.0959963
-0.82584814,-0.0959963
-0.82564814,-0.0639975
-0.82544814,-0.0639975
-0.82524814,-0.0959963
-0.82504814,-0.127995
-0.82484814,-0.127995
-0.82464814,-0.127995
-0.82444814,-0.127995
-0.82424814,-0.127995
-0.82404814,-0.191993
-0.82384814,-0.0959963
-0.82364814,-0.0959963
-0.82344814,-0.159994
-0.82324814,-0.127995
-0.82304814,-0.0959963
-0.82284814,-0.127995
-0.82264814,-0.159994
-0.82244814,-0.127995
-0.82224814,-0.127995
-0.82204814,-0.0959963
-0.82184814,-0.0959963
-0.82164814,-0.159994
-0.82144814,-0.127995
-0.82124814,-0.127995
-0.82104814,-0.127995
-0.82084814,-0.127995
-0.82064814,-0.127995
-0.82044814,-0.127995
-0.82024814,-0.0959963
-0.82004814,-0.127995
-0.81984814,-0.0959963
-0.81964814,-0.127995
-0.81944814,-0.159994
-0.81924814,-0.159994
-0.81904814,-0.159994
-0.81884814,-0.191993
-0.81864814,-0.159994
-0.81844814,-0.127995
-0.81824814,-0.127995
-0.81804814,-0.159994
-0.81784814,-0.191993
-0.81764814,-0.127995
-0.81744814,-0.159994
-0.81724814,-0.223991
-0.81704814,-0.127995
-0.81684814,-0.159994
-0.81664814,-0.127995
-0.81644814,-0.127995
-0.81624814,-0.191993
-0.81604814,-0.159994
-0.81584814,-0.159994
-0.81564814,-0.159994
-0.81544814,-0.159994
-0.81524814,-0.159994
-0.81504814,-0.191993
-0.81484814,-0.191993
-0.81464814,-0.159994
-0.81444814,-0.159994
-0.81424814,-0.127995
-0.81404814,-0.159994
-0.81384814,-0.159994
-0.81364814,-0.223991
-0.81344814,-0.159994
-0.81324814,-0.191993
-0.81304814,-0.223991
-0.81284814,-0.191993
-0.81264814,-0.191993
-0.81244814,-0.159994
-0.81224814,-0.127995
-0.81204814,-0.191993
-0.81184814,-0.223991
-0.81164814,-0.223991
-0.81144814,-0.191993
-0.81124814,-0.159994
-0.81104814,-0.159994
-0.81084814,-0.191993
-0.81064814,-0.191993
-0.81044814,-0.159994
-0.81024814,-0.191993
-0.81004814,-0.191993
-0.80984814,-0.159994
-0.80964814,-0.191993
-0.80944814,-0.223991
-0.80924814,-0.159994
-0.80904814,-0.159994
-0.80884814,-0.223991
-0.80864814,-0.223991
-0.80844814,-0.127995
-0.80824814,-0.159994
-0.80804814,-0.191993
-0.80784814,-0.223991
-0.80764814,-0.191993
-0.80744814,-0.159994
-0.80724814,-0.223991
-0.80704814,-0.191993
-0.80684814,-0.159994
-0.80664814,-0.191993
-0.80644814,-0.191993
-0.80624814,-0.223991
-0.80604814,-0.223991
-0.80584814,-0.223991
-0.80564814,-0.191993
-0.80544814,-0.223991
-0.80524814,-0.223991
-0.80504814,-0.223991
-0.80484814,-0.223991
-0.80464814,-0.191993
-0.80444814,-0.191993
-0.80424814,-0.223991
-0.80404814,-0.25599
-0.80384814,-0.191993
-0.80364814,-0.25599
-0.80344814,-0.191993
-0.80324814,-0.191993
-0.80304814,-0.223991
-0.80284814,-0.223991
-0.80264814,-0.191993
-0.80244814,-0.25599
-0.80224814,-0.223991
-0.80204814,-0.223991
-0.80184814,-0.223991
-0.80164814,-0.191993
-0.80144814,-0.159994
-0.80124814,-0.191993
-0.80104814,-0.223991
-0.80084814,-0.223991
-0.80064814,-0.159994
-0.80044814,-0.223991
-0.80024814,-0.191993
-0.80004814,-0.25599
-0.79984814,-0.191993
-0.79964814,-0.191993
-0.79944814,-0.223991
-0.79924814,-0.25599
-0.79904814,-0.25599
-0.79884814,-0.25599
-0.79864814,-0.191993
-0.79844814,-0.191993
-0.79824814,-0.223991
-0.79804814,-0.25599
-0.79784814,-0.191993
-0.79764814,-0.223991
-0.79744814,-0.25599
-0.79724814,-0.191993
-0.79704814,-0.25599
-0.79684814,-0.223991
-0.79664814,-0.223991
-0.79644814,-0.223991
-0.79624814,-0.25599
-0.79604814,-0.223991
-0.79584814,-0.287989
-0.79564814,-0.287989
-0.79544814,-0.25599
-0.79524814,-0.25599
-0.79504814,-0.287989
-0.79484814,-0.191993
-0.79464814,-0.25599
-0.79444814,-0.287989
-0.79424814,-0.159994
-0.79404814,-0.223991
-0.79384814,-0.25599
-0.79364814,-0.223991
-0.79344814,-0.25599
-0.79324814,-0.223991
-0.79304814,-0.191993
-0.79284814,-0.25599
-0.79264814,-0.319988
-0.79244814,-0.223991
-0.79224814,-0.287989
-0.79204814,-0.287989
-0.79184814,-0.223991
-0.79164814,-0.25599
-0.79144814,-0.25599
-0.79124814,-0.287989
-0.79104814,-0.223991
-0.79084814,-0.25599
-0.79064814,-0.25599
-0.79044814,-0.223991
-0.79024814,-0.223991
-0.79004814,-0.25599
-0.78984814,-0.223991
-0.78964814,-0.25599
-0.78944814,-0.223991
-0.78924814,-0.287989
-0.78904814,-0.287989
-0.78884814,-0.287989
-0.78864814,-0.287989
-0.78844814,-0.223991
-0.78824814,-0.223991
-0.78804814,-0.223991
-0.78784814,-0.25599
-0.78764814,-0.191993
-0.78744814,-0.223991
-0.78724814,-0.223991
-0.78704814,-0.223991
-0.78684814,-0.25599
-0.78664814,-0.223991
-0.78644814,-0.191993
-0.78624814,-0.191993
-0.78604814,-0.223991
-0.78584814,-0.191993
-0.78564814,-0.223991
-0.78544814,-0.25599
-0.78524814,-0.223991
-0.78504814,-0.223991
-0.78484814,-0.25599
-0.78464814,-0.223991
-0.78444814,-0.223991
-0.78424814,-0.223991
-0.78404814,-0.191993
-0.78384814,-0.191993
-0.78364814,-0.191993
-0.78344814,-0.223991
-0.78324814,-0.223991
-0.78304814,-0.223991
-0.78284814,-0.191993
-0.78264814,-0.223991
-0.78244814,-0.223991
-0.78224814,-0.159994
-0.78204814,-0.223991
-0.78184814,-0.223991
-0.78164814,-0.191993
-0.78144814,-0.223991
-0.78124814,-0.25599
-0.78104814,-0.159994
-0.78084814,-0.223991
-0.78064814,-0.223991
-0.78044814,-0.159994
-0.78024814,-0.191993
-0.78004814,-0.223991
-0.77984814,-0.159994
-0.77964814,-0.191993
-0.77944814,-0.223991
-0.77924814,-0.191993
-0.77904814,-0.159994
-0.77884814,-0.191993
-0.77864814,-0.191993
-0.77844814,-0.223991
-0.77824814,-0.191993
-0.77804814,-0.159994
-0.77784814,-0.191993
-0.77764814,-0.191993
-0.77744814,-0.159994
-0.77724814,-0.191993
-0.77704814,-0.159994
-0.77684814,-0.159994
-0.77664814,-0.159994
-0.77644814,-0.191993
-0.77624814,-0.159994
-0.77604814,-0.223991
-0.77584814,-0.191993
-0.77564814,-0.159994
-0.77544814,-0.159994
-0.77524814,-0.159994
-0.77504814,-0.191993
-0.77484814,-0.191993
-0.77464814,-0.191993
-0.77444814,-0.159994
-0.77424814,-0.191993
-0.77404814,-0.127995
-0.77384814,-0.191993
-0.77364814,-0.159994
-0.77344814,-0.159994
-0.77324814,-0.159994
-0.77304814,-0.191993
-0.77284814,-0.191993
-0.77264814,-0.191993
-0.77244814,-0.191993
-0.77224814,-0.223991
-0.77204814,-0.223991
-0.77184814,-0.191993
-0.77164814,-0.191993
-0.77144814,-0.159994
-0.77124814,-0.191993
-0.77104814,-0.191993
-0.77084814,-0.159994
-0.77064814,-0.159994
-0.77044814,-0.223991
-0.77024814,-0.191993
-0.77004814,-0.223991
-0.76984814,-0.223991
-0.76964814,-0.191993
-0.76944814,-0.223991
-0.76924814,-0.223991
-0.76904814,-0.191993
-0.76884814,-0.223991
-0.76864814,-0.223991
-0.76844814,-0.191993
-0.76824814,-0.25599
-0.76804814,-0.223991
-0.76784814,-0.191993
-0.76764814,-0.25599
-0.76744814,-0.223991
-0.76724814,-0.223991
-0.76704814,-0.223991
-0.76684814,-0.25599
-0.76664814,-0.191993
-0.76644814,-0.25599
-0.76624814,-0.25599
-0.76604814,-0.191993
-0.76584814,-0.25599
-0.76564814,-0.223991
-0.76544814,-0.191993
-0.76524814,-0.25599
-0.76504814,-0.25599
-0.76484814,-0.191993
-0.76464814,-0.191993
-0.76444814,-0.287989
-0.76424814,-0.223991
-0.76404814,-0.25599
-0.76384814,-0.287989
-0.76364814,-0.25599
-0.76344814,-0.25599
-0.76324814,-0.25599
-0.76304814,-0.223991
-0.76284814,-0.25599
-0.76264814,-0.287989
-0.76244814,-0.25599
-0.76224814,-0.287989
-0.76204814,-0.287989
-0.76184814,-0.319988
-0.76164814,-0.25599
-0.76144814,-0.287989
-0.76124814,-0.223991
-0.76104814,-0.287989
-0.76084814,-0.319988
-0.76064814,-0.287989
-0.76044814,-0.287989
-0.76024814,-0.319988
-0.76004814,-0.319988
-0.75984814,-0.287989
-0.75964814,-0.319988
-0.75944814,-0.319988
-0.75924814,-0.287989
-0.75904814,-0.287989
-0.75884814,-0.319988
-0.75864814,-0.287989
-0.75844814,-0.287989
-0.75824814,-0.319988
-0.75804814,-0.287989
-0.75784814,-0.351986
-0.75764814,-0.319988
-0.75744814,-0.287989
-0.75724814,-0.287989
-0.75704814,-0.287989
-0.75684814,-0.287989
-0.75664814,-0.319988
-0.75644814,-0.319988
-0.75624814,-0.351986
-0.75604814,-0.351986
-0.75584814,-0.319988
-0.75564814,-0.351986
-0.75544814,-0.319988
-0.75524814,-0.319988
-0.75504814,-0.319988
-0.75484814,-0.287989
-0.75464814,-0.351986
-0.75444814,-0.351986
-0.75424814,-0.351986
-0.75404814,-0.351986
-0.75384814,-0.351986
-0.75364814,-0.415984
-0.75344814,-0.287989
-0.75324814,-0.351986
-0.75304814,-0.383985
-0.75284814,-0.319988
-0.75264814,-0.351986
-0.75244814,-0.351986
-0.75224814,-0.351986
-0.75204814,-0.351986
-0.75184814,-0.351986
-0.75164814,-0.319988
-0.75144814,-0.351986
-0.75124814,-0.351986
-0.75104814,-0.383985
-0.75084814,-0.351986
-0.75064814,-0.351986
-0.75044814,-0.319988
-0.75024814,-0.351986
-0.75004814,-0.351986
-0.74984814,-0.383985
-0.74964814,-0.351986
-0.74944814,-0.319988
-0.74924814,-0.383985
-0.74904814,-0.351986
-0.74884814,-0.383985
-0.74864814,-0.383985
-0.74844814,-0.351986
-0.74824814,-0.383985
-0.74804814,-0.351986
-0.74784814,-0.351986
-0.74764814,-0.383985
-0.74744814,-0.383985
-0.74724814,-0.383985
-0.74704814,-0.383985
-0.74684814,-0.415984
-0.74664814,-0.351986
-0.74644814,-0.383985
-0.74624814,-0.415984
-0.74604814,-0.383985
-0.74584814,-0.383985
-0.74564814,-0.383985
-0.74544814,-0.351986
-0.74524814,-0.383985
-0.74504814,-0.383985
-0.74484814,-0.351986
-0.74464814,-0.383985
-0.74444814,-0.415984
-0.74424814,-0.383985
-0.74404814,-0.447983
-0.74384814,-0.415984
-0.74364814,-0.415984
-0.74344814,-0.415984
-0.74324814,-0.415984
-0.74304814,-0.415984
-0.74284814,-0.415984
-0.74264814,-0.383985
-0.74244814,-0.415984
-0.74224814,-0.415984
-0.74204814,-0.415984
-0.74184814,-0.383985
-0.74164814,-0.447983
-0.74144814,-0.415984
-0.74124814,-0.415984
-0.74104814,-0.415984
-0.74084814,-0.447983
-0.74064814,-0.415984
-0.74044814,-0.415984
-0.74024814,-0.447983
-0.74004814,-0.415984
-0.73984814,-0.447983
-0.73964814,-0.447983
-0.73944814,-0.415984
-0.73924814,-0.447983
-0.73904814,-0.415984
-0.73884814,-0.447983
-0.73864814,-0.447983
-0.73844814,-0.415984
-0.73824814,-0.415984
-0.73804814,-0.447983
-0.73784814,-0.447983
-0.73764814,-0.479982
-0.73744814,-0.447983
-0.73724814,-0.447983
-0.73704814,-0.415984
-0.73684814,-0.479982
-0.73664814,-0.415984
-0.73644814,-0.415984
-0.73624814,-0.479982
-0.73604814,-0.447983
-0.73584814,-0.447983
-0.73564814,-0.479982
-0.73544814,-0.447983
-0.73524814,-0.479982
-0.73504814,-0.479982
-0.73484814,-0.447983
-0.73464814,-0.479982
-0.73444814,-0.479982
-0.73424814,-0.447983
-0.73404814,-0.479982
-0.73384814,-0.479982
-0.73364814,-0.51198
-0.73344814,-0.447983
-0.73324814,-0.51198
-0.73304814,-0.51198
-0.73284814,-0.479982
-0.73264814,-0.51198
-0.73244814,-0.447983
-0.73224814,-0.479982
-0.73204814,-0.51198
-0.73184814,-0.479982
-0.73164814,-0.51198
-0.73144814,-0.479982
-0.73124814,-0.51198
-0.73104814,-0.51198
-0.73084814,-0.51198
-0.73064814,-0.51198
-0.73044814,-0.51198
-0.73024814,-0.51198
-0.73004814,-0.479982
-0.72984814,-0.51198
-0.72964814,-0.543979
-0.72944814,-0.575978
-0.72924814,-0.543979
-0.72904814,-0.51198
-0.72884814,-0.575978
-0.72864814,-0.51198
-0.72844814,-0.543979
-0.72824814,-0.543979
-0.72804814,-0.543979
-0.72784814,-0.575978
-0.72764814,-0.51198
-0.72744814,-0.51198
-0.72724814,-0.543979
-0.72704814,-0.575978
-0.72684814,-0.51198
-0.72664814,-0.575978
-0.72644814,-0.575978
-0.72624814,-0.575978
-0.72604814,-0.575978
-0.72584814,-0.607977
-0.72564814,-0.575978
-0.72544814,-0.543979
-0.72524814,-0.607977
-0.72504814,-0.543979
-0.72484814,-0.575978
-0.72464814,-0.607977
-0.72444814,-0.575978
-0.72424814,-0.543979
-0.72404814,-0.575978
-0.72384814,-0.575978
-0.72364814,-0.575978
-0.72344814,-0.607977
-0.72324814,-0.575978
-0.72304814,-0.639975
-0.72284814,-0.543979
-0.72264814,-0.575978
-0.72244814,-0.575978
-0.72224814,-0.607977
-0.72204814,-0.607977
-0.72184814,-0.575978
-0.72164814,-0.607977
-0.72144814,-0.607977
-0.72124814,-0.607977
-0.72104814,-0.607977
-0.72084814,-0.575978
-0.72064814,-0.607977
-0.72044814,-0.575978
-0.72024814,-0.575978
-0.72004814,-0.607977
-0.71984814,-0.639975
-0.71964814,-0.607977
-0.71944814,-0.575978
-0.71924814,-0.607977
-0.71904814,-0.639975
-0.71884814,-0.607977
-0.71864814,-0.575978
-0.71844814,-0.575978
-0.71824814,-0.639975
-0.71804814,-0.575978
-0.71784814,-0.639975
-0.71764814,-0.639975
-0.71744814,-0.607977
-0.71724814,-0.607977
-0.71704814,-0.607977
-0.71684814,-0.607977
-0.71664814,-0.607977
-0.71644814,-0.607977
-0.71624814,-0.607977
-0.71604814,-0.639975
-0.71584814,-0.639975
-0.71564814,-0.639975
-0.71544814,-0.639975
-0.71524814,-0.639975
-0.71504814,-0.639975
-0.71484814,-0.607977
-0.71464814,-0.607977
-0.71444814,-0.639975
-0.71424814,-0.639975
-0.71404814,-0.639975
-0.71384814,-0.607977
-0.71364814,-0.639975
-0.71344814,-0.639975
-0.71324814,-0.639975
-0.71304814,-0.639975
-0.71284814,-0.639975
-0.71264814,-0.671974
-0.71244814,-0.671974
-0.71224814,-0.639975
-0.71204814,-0.671974
-0.71184814,-0.607977
-0.71164814,-0.671974
-0.71144814,-0.671974
-0.71124814,-0.639975
-0.71104814,-0.671974
-0.71084814,-0.671974
-0.71064814,-0.639975
-0.71044814,-0.671974
-0.71024814,-0.639975
-0.71004814,-0.607977
-0.70984814,-0.671974
-0.70964814,-0.671974
-0.70944814,-0.671974
-0.70924814,-0.671974
-0.70904814,-0.703973
-0.70884814,-0.671974
-0.70864814,-0.671974
-0.70844814,-0.671974
-0.70824814,-0.671974
-0.70804814,-0.671974
-0.70784814,-0.671974
-0.70764814,-0.703973
-0.70744814,-0.671974
-0.70724814,-0.703973
-0.70704814,-0.703973
-0.70684814,-0.703973
-0.70664814,-0.671974
-0.70644814,-0.703973
-0.70624814,-0.703973
-0.70604814,-0.703973
-0.70584814,-0.671974
-0.70564814,-0.703973
-0.70544814,-0.671974
-0.70524814,-0.671974
-0.70504814,-0.671974
-0.70484814,-0.703973
-0.70464814,-0.671974
-0.70444814,-0.703973
-0.70424814,-0.703973
-0.70404814,-0.703973
-0.70384814,-0.735972
-0.70364814,-0.703973
-0.70344814,-0.735972
-0.70324814,-0.767971
-0.70304814,-0.703973
-0.70284814,-0.703973
-0.70264814,-0.735972
-0.70244814,-0.703973
-0.70224814,-0.671974
-0.70204814,-0.735972
-0.70184814,-0.703973
-0.70164814,-0.671974
-0.70144814,-0.735972
-0.70124814,-0.703973
-0.70104814,-0.703973
-0.70084814,-0.703973
-0.70064814,-0.735972
-0.70044814,-0.767971
-0.70024814,-0.735972
-0.70004814,-0.735972
-0.69984814,-0.767971
-0.69964814,-0.735972
-0.69944814,-0.735972
-0.69924814,-0.735972
-0.69904814,-0.703973
-0.69884814,-0.735972
-0.69864814,-0.767971
-0.69844814,-0.767971
-0.69824814,-0.735972
-0.69804814,-0.767971
-0.69784814,-0.767971
-0.69764814,-0.767971
-0.69744814,-0.767971
-0.69724814,-0.799969
-0.69704814,-0.767971
-0.69684814,-0.799969
-0.69664814,-0.799969
-0.69644814,-0.799969
-0.69624814,-0.799969
-0.69604814,-0.767971
-0.69584814,-0.799969
-0.69564814,-0.799969
-0.69544814,-0.831968
-0.69524814,-0.767971
-0.69504814,-0.831968
-0.69484814,-0.799969
-0.69464814,-0.735972
-0.69444814,-0.831968
-0.69424814,-0.799969
-0.69404814,-0.863967
-0.69384814,-0.831968
-0.69364814,-0.863967
-0.69344814,-0.799969
-0.69324814,-0.831968
-0.69304814,-0.863967
-0.69284814,-0.831968
-0.69264814,-0.831968
-0.69244814,-0.831968
-0.69224814,-0.863967
-0.69204814,-0.863967
-0.69184814,-0.863967
-0.69164814,-0.831968
-0.69144814,-0.863967
-0.69124814,-0.863967
-0.69104814,-0.863967
-0.69084814,-0.863967
-0.69064814,-0.895966
-0.69044814,-0.863967
-0.69024814,-0.895966
-0.69004814,-0.863967
-0.68984814,-0.863967
-0.68964814,-0.831968
-0.68944814,-0.895966
-0.68924814,-0.927964
-0.68904814,-0.863967
-0.68884814,-0.895966
-0.68864814,-0.831968
-0.68844814,-0.895966
-0.68824814,-0.895966
-0.68804814,-0.927964
-0.68784814,-0.959963
-0.68764814,-0.895966
-0.68744814,-0.895966
-0.68724814,-0.927964
-0.68704814,-0.895966
-0.68684814,-0.927964
-0.68664814,-0.927964
-0.68644814,-0.895966
-0.68624814,-0.927964
-0.68604814,-0.895966
-0.68584814,-0.927964
-0.68564814,-0.927964
-0.68544814,-0.895966
-0.68524814,-0.863967
-0.68504814,-0.927964
-0.68484814,-0.927964
-0.68464814,-0.959963
-0.68444814,-0.927964
-0.68424814,-0.959963
-0.68404814,-0.927964
-0.68384814,-0.959963
-0.68364814,-0.959963
-0.68344814,-0.959963
-0.68324814,-0.927964
-0.68304814,-0.959963
-0.68284814,-0.959963
-0.68264814,-0.927964
-0.68244814,-1.02396
-0.68224814,-0.991962
-0.68204814,-0.959963
-0.68184814,-0.991962
-0.68164814,-0.959963
-0.68144814,-0.991962
-0.68124814,-0.959963
-0.68104814,-0.959963
-0.68084814,-0.959963
-0.68064814,-0.959963
-0.68044814,-0.991962
-0.68024814,-0.959963
-0.68004814,-1.05596
-0.67984814,-0.959963
-0.67964814,-0.991962
-0.67944814,-1.02396
-0.67924814,-0.959963
-0.67904814,-0.927964
-0.67884814,-0.959963
-0.67864814,-0.991962
-0.67844814,-0.991962
-0.67824814,-1.02396
-0.67804814,-0.991962
-0.67784814,-0.991962
-0.67764814,-0.991962
-0.67744814,-1.02396
-0.67724814,-0.991962
-0.67704814,-0.959963
-0.67684814,-0.991962
-0.67664814,-1.02396
-0.67644814,-0.991962
-0.67624814,-1.02396
-0.67604814,-1.02396
-0.67584814,-1.02396
-0.67564814,-0.991962
-0.67544814,-0.991962
-0.67524814,-1.02396
-0.67504814,-0.959963
-0.67484814,-0.991962
-0.67464814,-1.02396
-0.67444814,-1.02396
-0.67424814,-1.02396
-0.67404814,-1.05596
-0.67384814,-0.991962
-0.67364814,-1.02396
-0.67344814,-1.05596
-0.67324814,-1.05596
-0.67304814,-1.05596
-0.67284814,-1.08796
-0.67264814,-1.02396
-0.67244814,-1.02396
-0.67224814,-1.05596
-0.67204814,-1.08796
-0.67184814,-1.05596
-0.67164814,-1.05596
-0.67144814,-1.05596
-0.67124814,-1.08796
-0.67104814,-1.08796
-0.67084814,-1.05596
-0.67064814,-1.08796
-0.67044814,-1.05596
-0.67024814,-1.11996
-0.67004814,-1.05596
-0.66984814,-1.05596
-0.66964814,-1.02396
-0.66944814,-1.08796
-0.66924814,-1.05596
-0.66904814,-1.05596
-0.66884814,-1.08796
-0.66864814,-1.05596
-0.66844814,-1.08796
-0.66824814,-1.08796
-0.66804814,-1.08796
-0.66784814,-1.05596
-0.66764814,-1.08796
-0.66744814,-1.05596
-0.66724814,-1.05596
-0.66704814,-1.05596
-0.66684814,-1.05596
-0.66664814,-1.05596
-0.66644814,-1.08796
-0.66624814,-1.08796
-0.66604814,-1.08796
-0.66584814,-1.08796
-0.66564814,-1.08796
-0.66544814,-1.05596
-0.66524814,-1.08796
-0.66504814,-1.08796
-0.66484814,-1.08796
-0.66464814,-1.05596
-0.66444814,-1.08796
-0.66424814,-1.08796
-0.66404814,-1.05596
-0.66384814,-1.08796
-0.66364814,-1.08796
-0.66344814,-1.05596
-0.66324814,-1.08796
-0.66304814,-1.05596
-0.66284814,-1.08796
-0.66264814,-1.08796
-0.66244814,-1.08796
-0.66224814,-1.08796
-0.66204814,-1.08796
-0.66184814,-1.08796
-0.66164814,-1.08796
-0.66144814,-1.08796
-0.66124814,-1.05596
-0.66104814,-1.08796
-0.66084814,-1.11996
-0.66064814,-1.08796
-0.66044814,-1.08796
-0.66024814,-1.08796
-0.66004814,-1.08796
-0.65984814,-1.05596
-0.65964814,-1.08796
-0.65944814,-1.08796
-0.65924814,-1.15196
-0.65904814,-1.11996
-0.65884814,-1.08796
-0.65864814,-1.08796
-0.65844814,-1.08796
-0.65824814,-1.05596
-0.65804814,-1.02396
-0.65784814,-1.11996
-0.65764814,-1.05596
-0.65744814,-1.05596
-0.65724814,-1.08796
-0.65704814,-1.05596
-0.65684814,-1.08796
-0.65664814,-1.08796
-0.65644814,-1.05596
-0.65624814,-1.08796
-0.65604814,-1.05596
-0.65584814,-1.05596
-0.65564814,-1.08796
-0.65544814,-1.08796
-0.65524814,-1.05596
-0.65504814,-1.08796
-0.65484814,-1.08796
-0.65464814,-1.02396
-0.65444814,-1.05596
-0.65424814,-1.05596
-0.65404814,-1.02396
-0.65384814,-0.991962
-0.65364814,-1.08796
-0.65344814,-1.05596
-0.65324814,-1.05596
-0.65304814,-1.05596
-0.65284814,-1.02396
-0.65264814,-1.02396
-0.65244814,-1.02396
-0.65224814,-1.05596
-0.65204814,-1.02396
-0.65184814,-1.05596
-0.65164814,-1.05596
-0.65144814,-1.02396
-0.65124814,-1.02396
-0.65104814,-1.05596
-0.65084814,-0.991962
-0.65064814,-1.02396
-0.65044814,-1.02396
-0.65024814,-0.991962
-0.65004814,-1.02396
-0.64984814,-0.991962
-0.64964814,-0.991962
-0.64944814,-0.959963
-0.64924814,-0.959963
-0.64904814,-0.959963
-0.64884814,-1.02396
-0.64864814,-0.991962
-0.64844814,-1.02396
-0.64824814,-1.02396
-0.64804814,-1.02396
-0.64784814,-0.959963
-0.64764814,-1.05596
-0.64744814,-0.991962
-0.64724814,-0.959963
-0.64704814,-0.959963
-0.64684814,-0.959963
-0.64664814,-0.959963
-0.64644814,-0.959963
-0.64624814,-0.991962
-0.64604814,-0.959963
-0.64584814,-0.991962
-0.64564814,-0.927964
-0.64544814,-0.991962
-0.64524814,-0.991962
-0.64504814,-0.959963
-0.64484814,-0.959963
-0.64464814,-0.991962
-0.64444814,-0.991962
-0.64424814,-0.959963
-0.64404814,-0.959963
-0.64384814,-0.927964
-0.64364814,-0.927964
-0.64344814,-0.927964
-0.64324814,-0.927964
-0.64304814,-0.927964
-0.64284814,-0.959963
-0.64264814,-0.927964
-0.64244814,-0.895966
-0.64224814,-0.927964
-0.64204814,-0.895966
-0.64184814,-0.927964
-0.64164814,-0.895966
-0.64144814,-0.895966
-0.64124814,-0.895966
-0.64104814,-0.895966
-0.64084814,-0.863967
-0.64064814,-0.863967
-0.64044814,-0.863967
-0.64024814,-0.863967
-0.64004814,-0.831968
-0.63984814,-0.863967
-0.63964814,-0.831968
-0.63944814,-0.863967
-0.63924814,-0.831968
-0.63904814,-0.831968
-0.63884814,-0.799969
-0.63864814,-0.831968
-0.63844814,-0.831968
-0.63824814,-0.831968
-0.63804814,-0.863967
-0.63784814,-0.831968
-0.63764814,-0.799969
-0.63744814,-0.799969
-0.63724814,-0.799969
-0.63704814,-0.799969
-0.63684814,-0.831968
-0.63664814,-0.863967
-0.63644814,-0.799969
-0.63624814,-0.799969
-0.63604814,-0.767971
-0.63584814,-0.767971
-0.63564814,-0.735972
-0.63544814,-0.767971
-0.63524814,-0.767971
-0.63504814,-0.767971
-0.63484814,-0.799969
-0.63464814,-0.735972
-0.63444814,-0.767971
-0.63424814,-0.767971
-0.63404814,-0.735972
-0.63384814,-0.767971
-0.63364814,-0.703973
-0.63344814,-0.671974
-0.63324814,-0.767971
-0.63304814,-0.735972
-0.63284814,-0.703973
-0.63264814,-0.735972
-0.63244814,-0.735972
-0.63224814,-0.735972
-0.63204814,-0.767971
-0.63184814,-0.703973
-0.63164814,-0.703973
-0.63144814,-0.703973
-0.63124814,-0.735972
-0.63104814,-0.671974
-0.63084814,-0.703973
-0.63064814,-0.703973
-0.63044814,-0.671974
-0.63024814,-0.639975
-0.63004814,-0.671974
-0.62984814,-0.671974
-0.62964814,-0.639975
-0.62944814,-0.639975
-0.62924814,-0.639975
-0.62904814,-0.671974
-0.62884814,-0.639975
-0.62864814,-0.671974
-0.62844814,-0.671974
-0.62824814,-0.639975
-0.62804814,-0.639975
-0.62784814,-0.607977
-0.62764814,-0.575978
-0.62744814,-0.575978
-0.62724814,-0.51198
-0.62704814,-0.575978
-0.62684814,-0.607977
-0.62664814,-0.543979
-0.62644814,-0.575978
-0.62624814,-0.607977
-0.62604814,-0.543979
-0.62584814,-0.575978
-0.62564814,-0.575978
-0.62544814,-0.51198
-0.62524814,-0.543979
-0.62504814,-0.51198
-0.62484814,-0.51198
-0.62464814,-0.543979
-0.62444814,-0.543979
-0.62424814,-0.479982
-0.62404814,-0.479982
-0.62384814,-0.479982
-0.62364814,-0.479982
-0.62344814,-0.51198
-0.62324814,-0.51198
-0.62304814,-0.479982
-0.62284814,-0.479982
-0.62264814,-0.447983
-0.62244814,-0.479982
-0.62224814,-0.479982
-0.62204814,-0.447983
-0.62184814,-0.415984
-0.62164814,-0.479982
-0.62144814,-0.415984
-0.62124814,-0.415984
-0.62104814,-0.51198
-0.62084814,-0.447983
-0.62064814,-0.415984
-0.62044814,-0.447983
-0.62024814,-0.383985
-0.62004814,-0.383985
-0.61984814,-0.447983
-0.61964814,-0.415984
-0.61944814,-0.383985
-0.61924814,-0.415984
-0.61904814,-0.415984
-0.61884814,-0.351986
-0.61864814,-0.383985
-0.61844814,-0.351986
-0.61824814,-0.351986
-0.61804814,-0.319988
-0.61784814,-0.287989
-0.61764814,-0.319988
-0.61744814,-0.319988
-0.61724814,-0.287989
-0.61704814,-0.287989
-0.61684814,-0.287989
-0.61664814,-0.351986
-0.61644814,-0.287989
-0.61624814,-0.319988
-0.61604814,-0.319988
-0.61584814,-0.287989
-0.61564814,-0.25599
-0.61544814,-0.25599
-0.61524814,-0.25599
-0.61504814,-0.191993
-0.61484814,-0.223991
-0.61464814,-0.223991
-0.61444814,-0.25599
-0.61424814,-0.159994
-0.61404814,-0.223991
-0.61384814,-0.191993
-0.61364814,-0.191993
-0.61344814,-0.159994
-0.61324814,-0.159994
-0.61304814,-0.159994
-0.61284814,-0.159994
-0.61264814,-0.159994
-0.61244814,-0.127995
-0.61224814,-0.0959963
-0.61204814,-0.0959963
-0.61184814,-0.0959963
-0.61164814,-0.159994
-0.61144814,-0.0959963
-0.61124814,-0.0639975
-0.61104814,-0.0959963
-0.61084814,-0.0319988
-0.61064814,-0.0959963
-0.61044814,-0.0959963
-0.61024814,0
-0.61004814,-0.0319988
-0.60984814,-0.0319988
-0.60964814,0
-0.60944814,-0.0319988
-0.60924814,-0.0639975
-0.60904814,0
-0.60884814,-0.0319988
-0.60864814,-0.0319988
-0.60844814,0
-0.60824814,0.0639975
-0.60804814,0
-0.60784814,0.0319988
-0.60764814,0.0319988
-0.60744814,0.0319988
-0.60724814,0.0639975
-0.60704814,0.0319988
-0.60684814,0.0639975
-0.60664814,0.0639975
-0.60644814,0.0959963
-0.60624814,0.0959963
-0.60604814,0.0639975
-0.60584814,0.0959963
-0.60564814,0.127995
-0.60544814,0.127995
-0.60524814,0.0959963
-0.60504814,0.127995
-0.60484814,0.0959963
-0.60464814,0.159994
-0.60444814,0.127995
-0.60424814,0.159994
-0.60404814,0.127995
-0.60384814,0.159994
-0.60364814,0.191993
-0.60344814,0.159994
-0.60324814,0.191993
-0.60304814,0.191993
-0.60284814,0.127995
-0.60264814,0.191993
-0.60244814,0.25599
-0.60224814,0.223991
-0.60204814,0.223991
-0.60184814,0.25599
-0.60164814,0.223991
-0.60144814,0.223991
-0.60124814,0.25599
-0.60104814,0.25599
-0.60084814,0.287989
-0.60064814,0.319988
-0.60044814,0.287989
-0.60024814,0.351986
-0.60004814,0.351986
-0.59984814,0.287989
-0.59964814,0.319988
-0.59944814,0.351986
-0.59924814,0.319988
-0.59904814,0.319988
-0.59884814,0.383985
-0.59864814,0.351986
-0.59844814,0.351986
-0.59824814,0.383985
-0.59804814,0.383985
-0.59784814,0.383985
-0.59764814,0.447983
-0.59744814,0.415984
-0.59724814,0.383985
-0.59704814,0.415984
-0.59684814,0.383985
-0.59664814,0.415984
-0.59644814,0.479982
-0.59624814,0.479982
-0.59604814,0.447983
-0.59584814,0.479982
-0.59564814,0.479982
-0.59544814,0.447983
-0.59524814,0.479982
-0.59504814,0.447983
-0.59484814,0.479982
-0.59464814,0.543979
-0.59444814,0.575978
-0.59424814,0.575978
-0.59404814,0.543979
-0.59384814,0.607977
-0.59364814,0.543979
-0.59344814,0.543979
-0.59324814,0.575978
-0.59304814,0.543979
-0.59284814,0.607977
-0.59264814,0.607977
-0.59244814,0.607977
-0.59224814,0.607977
-0.59204814,0.671974
-0.59184814,0.575978
-0.59164814,0.607977
-0.59144814,0.671974
-0.59124814,0.639975
-0.59104814,0.639975
-0.59084814,0.671974
-0.59064814,0.671974
-0.59044814,0.703973
-0.59024814,0.703973
-0.59004814,0.671974
-0.58984814,0.703973
-0.58964814,0.703973
-0.58944814,0.703973
-0.58924814,0.703973
-0.58904814,0.767971
-0.58884814,0.735972
-0.58864814,0.735972
-0.58844814,0.799969
-0.58824814,0.767971
-0.58804814,0.767971
-0.58784814,0.767971
-0.58764814,0.735972
-0.58744814,0.767971
-0.58724814,0.799969
-0.58704814,0.799969
-0.58684814,0.799969
-0.58664814,0.831968
-0.58644814,0.831968
-0.58624814,0.831968
-0.58604814,0.863967
-0.58584814,0.831968
-0.58564814,0.831968
-0.58544814,0.831968
-0.58524814,0.863967
-0.58504814,0.863967
-0.58484814,0.895966
-0.58464814,0.863967
-0.58444814,0.895966
-0.58424814,0.927964
-0.58404814,0.863967
-0.58384814,0.895966
-0.58364814,0.895966
-0.58344814,0.895966
-0.58324814,0.927964
-0.58304814,0.927964
-0.58284814,0.895966
-0.58264814,0.959963
-0.58244814,0.927964
-0.58224814,0.959963
-0.58204814,0.959963
-0.58184814,0.927964
-0.58164814,0.959963
-0.58144814,0.959963
-0.58124814,0.991962
-0.58104814,0.991962
-0.58084814,1.02396
-0.58064814,1.02396
-0.58044814,1.05596
-0.58024814,1.02396
-0.58004814,1.02396
-0.57984814,0.991962
-0.57964814,0.991962
-0.57944814,1.02396
-0.57924814,1.05596
-0.57904814,1.05596
-0.57884814,1.08796
-0.57864814,1.05596
-0.57844814,1.11996
-0.57824814,1.05596
-0.57804814,1.05596
-0.57784814,1.05596
-0.57764814,1.08796
-0.57744814,1.11996
-0.57724814,1.11996
-0.57704814,1.11996
-0.57684814,1.11996
-0.57664814,1.11996
-0.57644814,1.11996
-0.57624814,1.15196
-0.57604814,1.15196
-0.57584814,1.11996
-0.57564814,1.15196
-0.57544814,1.18395
-0.57524814,1.18395
-0.57504814,1.18395
-0.57484814,1.18395
-0.57464814,1.24795
-0.57444814,1.21595
-0.57424814,1.21595
-0.57404814,1.18395
-0.57384814,1.18395
-0.57364814,1.21595
-0.57344814,1.21595
-0.57324814,1.21595
-0.57304814,1.27995
-0.57284814,1.24795
-0.57264814,1.27995
-0.57244814,1.31195
-0.57224814,1.27995
-0.57204814,1.27995
-0.57184814,1.24795
-0.57164814,1.27995
-0.57144814,1.27995
-0.57124814,1.31195
-0.57104814,1.34395
-0.57084814,1.27995
-0.57064814,1.31195
-0.57044814,1.34395
-0.57024814,1.27995
-0.57004814,1.34395
-0.56984814,1.31195
-0.56964814,1.31195
-0.56944814,1.34395
-0.56924814,1.40795
-0.56904814,1.34395
-0.56884814,1.37595
-0.56864814,1.37595
-0.56844814,1.34395
-0.56824814,1.37595
-0.56804814,1.37595
-0.56784814,1.34395
-0.56764814,1.40795
-0.56744814,1.43994
-0.56724814,1.43994
-0.56704814,1.40795
-0.56684814,1.43994
-0.56664814,1.43994
-0.56644814,1.43994
-0.56624814,1.43994
-0.56604814,1.40795
-0.56584814,1.43994
-0.56564814,1.47194
-0.56544814,1.47194
-0.56524814,1.47194
-0.56504814,1.50394
-0.56484814,1.40795
-0.56464814,1.43994
-0.56444814,1.47194
-0.56424814,1.47194
-0.56404814,1.47194
-0.56384814,1.50394
-0.56364814,1.47194
-0.56344814,1.50394
-0.56324814,1.53594
-0.56304814,1.53594
-0.56284814,1.50394
-0.56264814,1.53594
-0.56244814,1.53594
-0.56224814,1.53594
-0.56204814,1.50394
-0.56184814,1.47194
-0.56164814,1.53594
-0.56144814,1.53594
-0.56124814,1.53594
-0.56104814,1.50394
-0.56084814,1.59994
-0.56064814,1.53594
-0.56044814,1.53594
-0.56024814,1.56794
-0.56004814,1.53594
-0.55984814,1.50394
-0.55964814,1.56794
-0.55944814,1.53594
-0.55924814,1.56794
-0.55904814,1.63194
-0.55884814,1.56794
-0.55864814,1.56794
-0.55844814,1.59994
-0.55824814,1.59994
-0.55804814,1.56794
-0.55784814,1.59994
-0.55764814,1.63194
-0.55744814,1.59994
-0.55724814,1.63194
-0.55704814,1.63194
-0.55684814,1.63194
-0.55664814,1.59994
-0.55644814,1.59994
-0.55624814,1.56794
-0.55604814,1.63194
-0.55584814,1.66394
-0.55564814,1.63194
-0.55544814,1.66394
-0.55524814,1.69593
-0.55504814,1.63194
-0.55484814,1.69593
-0.55464814,1.69593
-0.55444814,1.66394
-0.55424814,1.63194
-0.55404814,1.69593
-0.55384814,1.66394
-0.55364814,1.66394
-0.55344814,1.69593
-0.55324814,1.69593
-0.55304814,1.69593
-0.55284814,1.75993
-0.55264814,1.69593
-0.55244814,1.72793
-0.55224814,1.69593
-0.55204814,1.69593
-0.55184814,1.72793
-0.55164814,1.72793
-0.55144814,1.72793
-0.55124814,1.72793
-0.55104814,1.75993
-0.55084814,1.72793
-0.55064814,1.72793
-0.55044814,1.75993
-0.55024814,1.72793
-0.55004814,1.79193
-0.54984814,1.75993
-0.54964814,1.75993
-0.54944814,1.72793
-0.54924814,1.75993
-0.54904814,1.79193
-0.54884814,1.79193
-0.54864814,1.79193
-0.54844814,1.75993
-0.54824814,1.79193
-0.54804814,1.79193
-0.54784814,1.79193
-0.54764814,1.79193
-0.54744814,1.79193
-0.54724814,1.82393
-0.54704814,1.82393
-0.54684814,1.82393
-0.54664814,1.82393
-0.54644814,1.82393
-0.54624814,1.79193
-0.54604814,1.82393
-0.54584814,1.82393
-0.54564814,1.82393
-0.54544814,1.79193
-0.54524814,1.85593
-0.54504814,1.85593
-0.54484814,1.85593
-0.54464814,1.82393
-0.54444814,1.85593
-0.54424814,1.82393
-0.54404814,1.82393
-0.54384814,1.85593
-0.54364814,1.85593
-0.54344814,1.88793
-0.54324814,1.85593
-0.54304814,1.88793
-0.54284814,1.88793
-0.54264814,1.85593
-0.54244814,1.88793
-0.54224814,1.88793
-0.54204814,1.88793
-0.54184814,1.85593
-0.54164814,1.91993
-0.54144814,1.88793
-0.54124814,1.91993
-0.54104814,1.88793
-0.54084814,1.91993
-0.54064814,1.85593
-0.54044814,1.91993
-0.54024814,1.88793
-0.54004814,1.91993
-0.53984814,1.95193
-0.53964814,1.98392
-0.53944814,1.91993
-0.53924814,1.95193
-0.53904814,1.98392
-0.53884814,1.95193
-0.53864814,1.88793
-0.53844814,1.95193
-0.53824814,1.98392
-0.53804814,1.98392
-0.53784814,2.01592
-0.53764814,1.98392
-0.53744814,1.98392
-0.53724814,1.95193
-0.53704814,1.98392
-0.53684814,1.95193
-0.53664814,1.98392
-0.53644814,1.98392
-0.53624814,2.01592
-0.53604814,2.01592
-0.53584814,1.98392
-0.53564814,1.98392
-0.53544814,2.04792
-0.53524814,2.01592
-0.53504814,1.98392
-0.53484814,2.01592
-0.53464814,2.01592
-0.53444814,1.98392
-0.53424814,2.01592
-0.53404814,2.01592
-0.53384814,2.07992
-0.53364814,2.01592
-0.53344814,2.04792
-0.53324814,2.01592
-0.53304814,2.04792
-0.53284814,2.01592
-0.53264814,2.04792
-0.53244814,2.01592
-0.53224814,2.01592
-0.53204814,2.04792
-0.53184814,2.04792
-0.53164814,2.04792
-0.53144814,2.04792
-0.53124814,2.04792
-0.53104814,2.11192
-0.53084814,2.04792
-0.53064814,2.07992
-0.53044814,2.07992
-0.53024814,2.07992
-0.53004814,2.07992
-0.52984814,2.04792
-0.52964814,2.07992
-0.52944814,2.07992
-0.52924814,2.04792
-0.52904814,2.04792
-0.52884814,2.11192
-0.52864814,2.07992
-0.52844814,2.07992
-0.52824814,2.07992
-0.52804814,2.04792
-0.52784814,2.04792
-0.52764814,2.11192
-0.52744814,2.11192
-0.52724814,2.11192
-0.52704814,2.07992
-0.52684814,2.07992
-0.52664814,2.11192
-0.52644814,2.11192
-0.52624814,2.07992
-0.52604814,2.11192
-0.52584814,2.11192
-0.52564814,2.07992
-0.52544814,2.07992
-0.52524814,2.11192
-0.52504814,2.11192
-0.52484814,2.11192
-0.52464814,2.14392
-0.52444814,2.11192
-0.52424814,2.11192
-0.52404814,2.11192
-0.52384814,2.11192
-0.52364814,2.11192
-0.52344814,2.14392
-0.52324814,2.11192
-0.52304814,2.04792
-0.52284814,2.11192
-0.52264814,2.11192
-0.52244814,2.04792
-0.52224814,2.14392
-0.52204814,2.07992
-0.52184814,2.07992
-0.52164814,2.11192
-0.52144814,2.11192
-0.52124814,2.11192
-0.52104814,2.11192
-0.52084814,2.14392
-0.52064814,2.11192
-0.52044814,2.11192
-0.52024814,2.11192
-0.52004814,2.11192
-0.51984814,2.17592
-0.51964814,2.11192
-0.51944814,2.11192
-0.51924814,2.14392
-0.51904814,2.11192
-0.51884814,2.11192
-0.51864814,2.07992
-0.51844814,2.11192
-0.51824814,2.14392
-0.51804814,2.11192
-0.51784814,2.11192
-0.51764814,2.11192
-0.51744814,2.14392
-0.51724814,2.11192
-0.51704814,2.11192
-0.51684814,2.14392
-0.51664814,2.11192
-0.51644814,2.11192
-0.51624814,2.11192
-0.51604814,2.14392
-0.51584814,2.14392
-0.51564814,2.07992
-0.51544814,2.11192
-0.51524814,2.14392
-0.51504814,2.14392
-0.51484814,2.07992
-0.51464814,2.11192
-0.51444814,2.17592
-0.51424814,2.11192
-0.51404814,2.11192
-0.51384814,2.17592
-0.51364814,2.14392
-0.51344814,2.11192
-0.51324814,2.14392
-0.51304814,2.11192
-0.51284814,2.11192
-0.51264814,2.14392
-0.51244814,2.11192
-0.51224814,2.07992
-0.51204814,2.11192
-0.51184814,2.07992
-0.51164814,2.11192
-0.51144814,2.17592
-0.51124814,2.11192
-0.51104814,2.11192
-0.51084814,2.17592
-0.51064814,2.11192
-0.51044814,2.07992
-0.51024814,2.11192
-0.51004814,2.07992
-0.50984814,2.11192
-0.50964814,2.14392
-0.50944814,2.11192
-0.50924814,2.07992
-0.50904814,2.07992
-0.50884814,2.11192
-0.50864814,2.07992
-0.50844814,2.14392
-0.50824814,2.07992
-0.50804814,2.11192
-0.50784814,2.11192
-0.50764814,2.11192
-0.50744814,2.11192
-0.50724814,2.14392
-0.50704814,2.07992
-0.50684814,2.07992
-0.50664814,2.11192
-0.50644814,2.04792
-0.50624814,2.07992
-0.50604814,2.14392
-0.50584814,2.11192
-0.50564814,2.07992
-0.50544814,2.11192
-0.50524814,2.07992
-0.50504814,2.04792
-0.50484814,2.04792
-0.50464814,2.04792
-0.50444814,2.04792
-0.50424814,2.07992
-0.50404814,2.04792
-0.50384814,2.04792
-0.50364814,2.07992
-0.50344814,2.04792
-0.50324814,2.01592
-0.50304814,2.07992
-0.50284814,2.07992
-0.50264814,2.07992
-0.50244814,2.04792
-0.50224814,2.04792
-0.50204814,2.01592
-0.50184814,2.07992
-0.50164814,2.01592
-0.50144814,2.01592
-0.50124814,2.01592
-0.50104814,2.01592
-0.50084814,2.01592
-0.50064814,2.01592
-0.50044814,2.01592
-0.50024814,2.01592
-0.50004814,1.98392
-0.49984814,2.04792
-0.49964814,2.01592
-0.49944814,2.04792
-0.49924814,1.98392
-0.49904814,1.98392
-0.49884814,1.98392
-0.49864814,1.95193
-0.49844814,1.95193
-0.49824814,1.91993
-0.49804814,1.95193
-0.49784814,1.91993
-0.49764814,1.95193
-0.49744814,1.95193
-0.49724814,1.95193
-0.49704814,1.88793
-0.49684814,1.91993
-0.49664814,1.91993
-0.49644814,1.88793
-0.49624814,1.91993
-0.49604814,1.88793
-0.49584814,1.91993
-0.49564814,1.91993
-0.49544814,1.88793
-0.49524814,1.85593
-0.49504814,1.85593
-0.49484814,1.88793
-0.49464814,1.88793
-0.49444814,1.82393
-0.49424814,1.85593
-0.49404814,1.85593
-0.49384814,1.85593
-0.49364814,1.85593
-0.49344814,1.82393
-0.49324814,1.82393
-0.49304814,1.82393
-0.49284814,1.82393
-0.49264814,1.82393
-0.49244814,1.79193
-0.49224814,1.82393
-0.49204814,1.79193
-0.49184814,1.79193
-0.49164814,1.85593
-0.49144814,1.79193
-0.49124814,1.79193
-0.49104814,1.79193
-0.49084814,1.75993
-0.49064814,1.72793
-0.49044814,1.75993
-0.49024814,1.75993
-0.49004814,1.72793
-0.48984814,1.72793
-0.48964814,1.72793
-0.48944814,1.69593
-0.48924814,1.72793
-0.48904814,1.72793
-0.48884814,1.72793
-0.48864814,1.69593
-0.48844814,1.69593
-0.48824814,1.69593
-0.48804814,1.72793
-0.48784814,1.69593
-0.48764814,1.69593
-0.48744814,1.66394
-0.48724814,1.66394
-0.48704814,1.66394
-0.48684814,1.69593
-0.48664814,1.66394
-0.48644814,1.66394
-0.48624814,1.66394
-0.48604814,1.66394
-0.48584814,1.69593
-0.48564814,1.66394
-0.48544814,1.59994
-0.48524814,1.59994
-0.48504814,1.59994
-0.48484814,1.63194
-0.48464814,1.63194
-0.48444814,1.59994
-0.48424814,1.59994
-0.48404814,1.63194
-0.48384814,1.59994
-0.48364814,1.59994
-0.48344814,1.56794
-0.48324814,1.53594
-0.48304814,1.59994
-0.48284814,1.59994
-0.48264814,1.50394
-0.48244814,1.53594
-0.48224814,1.63194
-0.48204814,1.56794
-0.48184814,1.53594
-0.48164814,1.59994
-0.48144814,1.50394
-0.48124814,1.53594
-0.48104814,1.53594
-0.48084814,1.47194
-0.48064814,1.50394
-0.48044814,1.50394
-0.48024814,1.53594
-0.48004814,1.50394
-0.47984814,1.50394
-0.47964814,1.47194
-0.47944814,1.47194
-0.47924814,1.47194
-0.47904814,1.47194
-0.47884814,1.47194
-0.47864814,1.50394
-0.47844814,1.43994
-0.47824814,1.43994
-0.47804814,1.47194
-0.47784814,1.43994
-0.47764814,1.40795
-0.47744814,1.47194
-0.47724814,1.37595
-0.47704814,1.40795
-0.47684814,1.40795
-0.47664814,1.40795
-0.47644814,1.40795
-0.47624814,1.40795
-0.47604814,1.37595
-0.47584814,1.40795
-0.47564814,1.40795
-0.47544814,1.34395
-0.47524814,1.34395
-0.47504814,1.34395
-0.47484814,1.34395
-0.47464814,1.37595
-0.47444814,1.34395
-0.47424814,1.31195
-0.47404814,1.37595
-0.47384814,1.34395
-0.47364814,1.31195
-0.47344814,1.27995
-0.47324814,1.34395
-0.47304814,1.27995
-0.47284814,1.31195
-0.47264814,1.31195
-0.47244814,1.31195
-0.47224814,1.24795
-0.47204814,1.24795
-0.47184814,1.24795
-0.47164814,1.21595
-0.47144814,1.27995
-0.47124814,1.21595
-0.47104814,1.21595
-0.47084814,1.21595
-0.47064814,1.21595
-0.47044814,1.21595
-0.47024814,1.18395
-0.47004814,1.21595
-0.46984814,1.15196
-0.46964814,1.21595
-0.46944814,1.18395
-0.46924814,1.15196
-0.46904814,1.18395
-0.46884814,1.15196
-0.46864814,1.15196
-0.46844814,1.15196
-0.46824814,1.11996
-0.46804814,1.15196
-0.46784814,1.15196
-0.46764814,1.11996
-0.46744814,1.05596
-0.46724814,1.08796
-0.46704814,1.11996
-0.46684814,1.05596
-0.46664814,1.11996
-0.46644814,1.05596
-0.46624814,1.05596
-0.46604814,1.05596
-0.46584814,1.08796
-0.46564814,1.02396
-0.46544814,1.05596
-0.46524814,1.05596
-0.46504814,1.02396
-0.46484814,1.02396
-0.46464814,1.02396
-0.46444814,1.02396
-0.46424814,1.05596
-0.46404814,0.991962
-0.46384814,0.959963
-0.46364814,0.927964
-0.46344814,1.02396
-0.46324814,0.991962
-0.46304814,0.959963
-0.46284814,0.991962
-0.46264814,0.991962
-0.46244814,0.991962
-0.46224814,0.959963
-0.46204814,0.927964
-0.46184814,0.927964
-0.46164814,0.895966
-0.46144814,0.895966
-0.46124814,0.895966
-0.46104814,0.863967
-0.46084814,0.895966
-0.46064814,0.863967
-0.46044814,0.863967
-0.46024814,0.863967
-0.46004814,0.799969
-0.45984814,0.831968
-0.45964814,0.831968
-0.45944814,0.863967
-0.45924814,0.799969
-0.45904814,0.767971
-0.45884814,0.831968
-0.45864814,0.831968
-0.45844814,0.799969
-0.45824814,0.831968
-0.45804814,0.799969
-0.45784814,0.735972
-0.45764814,0.735972
-0.45744814,0.735972
-0.45724814,0.703973
-0.45704814,0.735972
-0.45684814,0.735972
-0.45664814,0.735972
-0.45644814,0.799969
-0.45624814,0.671974
-0.45604814,0.735972
-0.45584814,0.703973
-0.45564814,0.671974
-0.45544814,0.639975
-0.45524814,0.671974
-0.45504814,0.671974
-0.45484814,0.671974
-0.45464814,0.703973
-0.45444814,0.703973
-0.45424814,0.639975
-0.45404814,0.671974
-0.45384814,0.607977
-0.45364814,0.639975
-0.45344814,0.639975
-0.45324814,0.607977
-0.45304814,0.543979
-0.45284814,0.607977
-0.45264814,0.575978
-0.45244814,0.543979
-0.45224814,0.607977
-0.45204814,0.575978
-0.45184814,0.575978
-0.45164814,0.575978
-0.45144814,0.543979
-0.45124814,0.543979
-0.45104814,0.607977
-0.45084814,0.575978
-0.45064814,0.575978
-0.45044814,0.575978
-0.45024814,0.479982
-0.45004814,0.51198
-0.44984814,0.51198
-0.44964814,0.479982
-0.44944814,0.479982
-0.44924814,0.447983
-0.44904814,0.479982
-0.44884814,0.479982
-0.44864814,0.447983
-0.44844814,0.447983
-0.44824814,0.415984
-0.44804814,0.383985
-0.44784814,0.383985
-0.44764814,0.415984
-0.44744814,0.447983
-0.44724814,0.415984
-0.44704814,0.415984
-0.44684814,0.415984
-0.44664814,0.383985
-0.44644814,0.383985
-0.44624814,0.319988
-0.44604814,0.319988
-0.44584814,0.351986
-0.44564814,0.351986
-0.44544814,0.351986
-0.44524814,0.351986
-0.44504814,0.319988
-0.44484814,0.351986
-0.44464814,0.319988
-0.44444814,0.287989
-0.44424814,0.287989
-0.44404814,0.25599
-0.44384814,0.25599
-0.44364814,0.287989
-0.44344814,0.25599
-0.44324814,0.25599
-0.44304814,0.25599
-0.44284814,0.25599
-0.44264814,0.223991
-0.44244814,0.223991
-0.44224814,0.223991
-0.44204814,0.191993
-0.44184814,0.159994
-0.44164814,0.191993
-0.44144814,0.191993
-0.44124814,0.223991
-0.44104814,0.223991
-0.44084814,0.159994
-0.44064814,0.191993
-0.44044814,0.127995
-0.44024814,0.127995
-0.44004814,0.127995
-0.43984814,0.191993
-0.43964814,0.0959963
-0.43944814,0.127995
-0.43924814,0.127995
-0.43904814,0.127995
-0.43884814,0.0319988
-0.43864814,0.0959963
-0.43844814,0.0959963
-0.43824814,0.0639975
-0.43804814,0.0639975
-0.43784814,0.0959963
-0.43764814,0.0319988
-0.43744814,0.0639975
-0.43724814,0.0639975
-0.43704814,0.0639975
-0.43684814,0.0639975
-0.43664814,0.0319988
-0.43644814,0
-0.43624814,0
-0.43604814,-0.0319988
-0.43584814,0
-0.43564814,-0.0319988
-0.43544814,0.0319988
-0.43524814,0
-0.43504814,-0.0319988
-0.43484814,-0.0319988
-0.43464814,-0.0639975
-0.43444814,-0.0319988
-0.43424814,-0.0639975
-0.43404814,-0.0959963
-0.43384814,-0.0639975
-0.43364814,-0.0639975
-0.43344814,-0.127995
-0.43324814,-0.0959963
-0.43304814,-0.0639975
-0.43284814,-0.127995
-0.43264814,-0.127995
-0.43244814,-0.127995
-0.43224814,-0.159994
-0.43204814,-0.159994
-0.43184814,-0.159994
-0.43164814,-0.159994
-0.43144814,-0.191993
-0.43124814,-0.0959963
-0.43104814,-0.159994
-0.43084814,-0.159994
-0.43064814,-0.191993
-0.43044814,-0.223991
-0.43024814,-0.191993
-0.43004814,-0.223991
-0.42984814,-0.223991
-0.42964814,-0.191993
-0.42944814,-0.191993
-0.42924814,-0.223991
-0.42904814,-0.223991
-0.42884814,-0.25599
-0.42864814,-0.223991
-0.42844814,-0.25599
-0.42824814,-0.223991
-0.42804814,-0.223991
-0.42784814,-0.25599
-0.42764814,-0.223991
-0.42744814,-0.223991
-0.42724814,-0.287989
-0.42704814,-0.223991
-0.42684814,-0.25599
-0.42664814,-0.319988
-0.42644814,-0.319988
-0.42624814,-0.319988
-0.42604814,-0.319988
-0.42584814,-0.319988
-0.42564814,-0.319988
-0.42544814,-0.319988
-0.42524814,-0.351986
-0.42504814,-0.319988
-0.42484814,-0.415984
-0.42464814,-0.351986
-0.42444814,-0.415984
-0.42424814,-0.383985
-0.42404814,-0.351986
-0.42384814,-0.319988
-0.42364814,-0.383985
-0.42344814,-0.351986
-0.42324814,-0.351986
-0.42304814,-0.415984
-0.42284814,-0.415984
-0.42264814,-0.383985
-0.42244814,-0.447983
-0.42224814,-0.415984
-0.42204814,-0.383985
-0.42184814,-0.447983
-0.42164814,-0.447983
-0.42144814,-0.415984
-0.42124814,-0.447983
-0.42104814,-0.447983
-0.42084814,-0.447983
-0.42064814,-0.479982
-0.42044814,-0.447983
-0.42024814,-0.479982
-0.42004814,-0.51198
-0.41984814,-0.51198
-0.41964814,-0.447983
-0.41944814,-0.479982
-0.41924814,-0.479982
-0.41904814,-0.479982
-0.41884814,-0.51198
-0.41864814,-0.543979
-0.41844814,-0.51198
-0.41824814,-0.543979
-0.41804814,-0.479982
-0.41784814,-0.51198
-0.41764814,-0.575978
-0.41744814,-0.543979
-0.41724814,-0.51198
-0.41704814,-0.543979
-0.41684814,-0.607977
-0.41664814,-0.543979
-0.41644814,-0.575978
-0.41624814,-0.543979
-0.41604814,-0.575978
-0.41584814,-0.575978
-0.41564814,-0.607977
-0.41544814,-0.607977
-0.41524814,-0.607977
-0.41504814,-0.575978
-0.41484814,-0.607977
-0.41464814,-0.575978
-0.41444814,-0.639975
-0.41424814,-0.575978
-0.41404814,-0.607977
-0.41384814,-0.639975
-0.41364814,-0.607977
-0.41344814,-0.607977
-0.41324814,-0.639975
-0.41304814,-0.607977
-0.41284814,-0.639975
-0.41264814,-0.607977
-0.41244814,-0.671974
-0.41224814,-0.703973
-0.41204814,-0.671974
-0.41184814,-0.671974
-0.41164814,-0.639975
-0.41144814,-0.639975
-0.41124814,-0.671974
-0.41104814,-0.703973
-0.41084814,-0.671974
-0.41064814,-0.639975
-0.41044814,-0.703973
-0.41024814,-0.671974
-0.41004814,-0.671974
-0.40984814,-0.703973
-0.40964814,-0.735972
-0.40944814,-0.671974
-0.40924814,-0.735972
-0.40904814,-0.671974
-0.40884814,-0.703973
-0.40864814,-0.703973
-0.40844814,-0.703973
-0.40824814,-0.703973
-0.40804814,-0.703973
-0.40784814,-0.735972
-0.40764814,-0.703973
-0.40744814,-0.735972
-0.40724814,-0.703973
-0.40704814,-0.703973
-0.40684814,-0.767971
-0.40664814,-0.703973
-0.40644814,-0.735972
-0.40624814,-0.767971
-0.40604814,-0.703973
-0.40584814,-0.767971
-0.40564814,-0.735972
-0.40544814,-0.767971
-0.40524814,-0.767971
-0.40504814,-0.767971
-0.40484814,-0.767971
-0.40464814,-0.767971
-0.40444814,-0.799969
-0.40424814,-0.735972
-0.40404814,-0.799969
-0.40384814,-0.735972
-0.40364814,-0.767971
-0.40344814,-0.767971
-0.40324814,-0.767971
-0.40304814,-0.735972
-0.40284814,-0.767971
-0.40264814,-0.767971
-0.40244814,-0.735972
-0.40224814,-0.735972
-0.40204814,-0.767971
-0.40184814,-0.735972
-0.40164814,-0.735972
-0.40144814,-0.767971
-0.40124814,-0.767971
-0.40104814,-0.735972
-0.40084814,-0.767971
-0.40064814,-0.799969
-0.40044814,-0.799969
-0.40024814,-0.767971
-0.40004814,-0.767971
-0.39984814,-0.799969
-0.39964814,-0.799969
-0.39944814,-0.767971
-0.39924814,-0.735972
-0.39904814,-0.799969
-0.39884814,-0.799969
-0.39864814,-0.831968
-0.39844814,-0.799969
-0.39824814,-0.799969
-0.39804814,-0.799969
-0.39784814,-0.831968
-0.39764814,-0.799969
-0.39744814,-0.799969
-0.39724814,-0.831968
-0.39704814,-0.831968
-0.39684814,-0.799969
-0.39664814,-0.831968
-0.39644814,-0.799969
-0.39624814,-0.831968
-0.39604814,-0.831968
-0.39584814,-0.799969
-0.39564814,-0.799969
-0.39544814,-0.799969
-0.39524814,-0.831968
-0.39504814,-0.831968
-0.39484814,-0.863967
-0.39464814,-0.863967
-0.39444814,-0.831968
-0.39424814,-0.799969
-0.39404814,-0.831968
-0.39384814,-0.831968
-0.39364814,-0.863967
-0.39344814,-0.831968
-0.39324814,-0.831968
-0.39304814,-0.799969
-0.39284814,-0.831968
-0.39264814,-0.831968
-0.39244814,-0.895966
-0.39224814,-0.831968
-0.39204814,-0.831968
-0.39184814,-0.895966
-0.39164814,-0.799969
-0.39144814,-0.831968
-0.39124814,-0.863967
-0.39104814,-0.799969
-0.39084814,-0.831968
-0.39064814,-0.831968
-0.39044814,-0.831968
-0.39024814,-0.831968
-0.39004814,-0.863967
-0.38984814,-0.863967
-0.38964814,-0.831968
-0.38944814,-0.831968
-0.38924814,-0.831968
-0.38904814,-0.863967
-0.38884814,-0.863967
-0.38864814,-0.863967
-0.38844814,-0.863967
-0.38824814,-0.863967
-0.38804814,-0.831968
-0.38784814,-0.863967
-0.38764814,-0.863967
-0.38744814,-0.863967
-0.38724814,-0.863967
-0.38704814,-0.895966
-0.38684814,-0.863967
-0.38664814,-0.863967
-0.38644814,-0.831968
-0.38624814,-0.831968
-0.38604814,-0.863967
-0.38584814,-0.863967
-0.38564814,-0.863967
-0.38544814,-0.895966
-0.38524814,-0.831968
-0.38504814,-0.799969
-0.38484814,-0.831968
-0.38464814,-0.895966
-0.38444814,-0.863967
-0.38424814,-0.863967
-0.38404814,-0.799969
-0.38384814,-0.831968
-0.38364814,-0.831968
-0.38344814,-0.831968
-0.38324814,-0.831968
-0.38304814,-0.831968
-0.38284814,-0.863967
-0.38264814,-0.831968
-0.38244814,-0.863967
-0.38224814,-0.831968
-0.38204814,-0.767971
-0.38184814,-0.863967
-0.38164814,-0.799969
-0.38144814,-0.831968
-0.38124814,-0.831968
-0.38104814,-0.831968
-0.38084814,-0.863967
-0.38064814,-0.831968
-0.38044814,-0.863967
-0.38024814,-0.799969
-0.38004814,-0.799969
-0.37984814,-0.799969
-0.37964814,-0.831968
-0.37944814,-0.799969
-0.37924814,-0.799969
-0.37904814,-0.831968
-0.37884814,-0.799969
-0.37864814,-0.799969
-0.37844814,-0.799969
-0.37824814,-0.831968
-0.37804814,-0.799969
-0.37784814,-0.799969
-0.37764814,-0.831968
-0.37744814,-0.799969
-0.37724814,-0.831968
-0.37704814,-0.767971
-0.37684814,-0.831968
-0.37664814,-0.831968
-0.37644814,-0.863967
-0.37624814,-0.799969
-0.37604814,-0.767971
-0.37584814,-0.799969
-0.37564814,-0.799969
-0.37544814,-0.799969
-0.37524814,-0.799969
-0.37504814,-0.799969
-0.37484814,-0.767971
-0.37464814,-0.799969
-0.37444814,-0.831968
-0.37424814,-0.767971
-0.37404814,-0.767971
-0.37384814,-0.799969
-0.37364814,-0.767971
-0.37344814,-0.799969
-0.37324814,-0.767971
-0.37304814,-0.767971
-0.37284814,-0.767971
-0.37264814,-0.767971
-0.37244814,-0.799969
-0.37224814,-0.799969
-0.37204814,-0.831968
-0.37184814,-0.767971
-0.37164814,-0.799969
-0.37144814,-0.767971
-0.37124814,-0.735972
-0.37104814,-0.799969
-0.37084814,-0.799969
-0.37064814,-0.767971
-0.37044814,-0.799969
-0.37024814,-0.767971
-0.37004814,-0.735972
-0.36984814,-0.735972
-0.36964814,-0.767971
-0.36944814,-0.735972
-0.36924814,-0.767971
-0.36904814,-0.767971
-0.36884814,-0.767971
-0.36864814,-0.767971
-0.36844814,-0.767971
-0.36824814,-0.735972
-0.36804814,-0.799969
-0.36784814,-0.767971
-0.36764814,-0.735972
-0.36744814,-0.703973
-0.36724814,-0.767971
-0.36704814,-0.703973
-0.36684814,-0.703973
-0.36664814,-0.703973
-0.36644814,-0.735972
-0.36624814,-0.703973
-0.36604814,-0.767971
-0.36584814,-0.703973
-0.36564814,-0.735972
-0.36544814,-0.735972
-0.36524814,-0.735972
-0.36504814,-0.735972
-0.36484814,-0.735972
-0.36464814,-0.703973
-0.36444814,-0.735972
-0.36424814,-0.735972
-0.36404814,-0.735972
-0.36384814,-0.735972
-0.36364814,-0.735972
-0.36344814,-0.735972
-0.36324814,-0.767971
-0.36304814,-0.767971
-0.36284814,-0.735972
-0.36264814,-0.735972
-0.36244814,-0.735972
-0.36224814,-0.735972
-0.36204814,-0.767971
-0.36184814,-0.735972
-0.36164814,-0.703973
-0.36144814,-0.703973
-0.36124814,-0.767971
-0.36104814,-0.735972
-0.36084814,-0.735972
-0.36064814,-0.735972
-0.36044814,-0.671974
-0.36024814,-0.735972
-0.36004814,-0.767971
-0.35984814,-0.735972
-0.35964814,-0.735972
-0.35944814,-0.735972
-0.35924814,-0.735972
-0.35904814,-0.767971
-0.35884814,-0.735972
-0.35864814,-0.703973
-0.35844814,-0.735972
-0.35824814,-0.735972
-0.35804814,-0.735972
-0.35784814,-0.703973
-0.35764814,-0.703973
-0.35744814,-0.735972
-0.35724814,-0.767971
-0.35704814,-0.735972
-0.35684814,-0.703973
-0.35664814,-0.703973
-0.35644814,-0.703973
-0.35624814,-0.671974
-0.35604814,-0.703973
-0.35584814,-0.767971
-0.35564814,-0.735972
-0.35544814,-0.735972
-0.35524814,-0.703973
-0.35504814,-0.671974
-0.35484814,-0.735972
-0.35464814,-0.703973
-0.35444814,-0.703973
-0.35424814,-0.735972
-0.35404814,-0.671974
-0.35384814,-0.703973
-0.35364814,-0.671974
-0.35344814,-0.703973
-0.35324814,-0.735972
-0.35304814,-0.671974
-0.35284814,-0.671974
-0.35264814,-0.671974
-0.35244814,-0.703973
-0.35224814,-0.671974
-0.35204814,-0.671974
-0.35184814,-0.671974
-0.35164814,-0.671974
-0.35144814,-0.671974
-0.35124814,-0.703973
-0.35104814,-0.703973
-0.35084814,-0.639975
-0.35064814,-0.639975
-0.35044814,-0.671974
-0.35024814,-0.671974
-0.35004814,-0.671974
-0.34984814,-0.703973
-0.34964814,-0.639975
-0.34944814,-0.639975
-0.34924814,-0.671974
-0.34904814,-0.671974
-0.34884814,-0.639975
-0.34864814,-0.671974
-0.34844814,-0.639975
-0.34824814,-0.639975
-0.34804814,-0.671974
-0.34784814,-0.703973
-0.34764814,-0.671974
-0.34744814,-0.639975
-0.34724814,-0.639975
-0.34704814,-0.639975
-0.34684814,-0.639975
-0.34664814,-0.671974
-0.34644814,-0.671974
-0.34624814,-0.671974
-0.34604814,-0.671974
-0.34584814,-0.575978
-0.34564814,-0.639975
-0.34544814,-0.639975
-0.34524814,-0.639975
-0.34504814,-0.639975
-0.34484814,-0.607977
-0.34464814,-0.671974
-0.34444814,-0.607977
-0.34424814,-0.639975
-0.34404814,-0.607977
-0.34384814,-0.639975
-0.34364814,-0.607977
-0.34344814,-0.607977
-0.34324814,-0.639975
-0.34304814,-0.639975
-0.34284814,-0.607977
-0.34264814,-0.575978
-0.34244814,-0.607977
-0.34224814,-0.575978
-0.34204814,-0.607977
-0.34184814,-0.639975
-0.34164814,-0.607977
-0.34144814,-0.607977
-0.34124814,-0.607977
-0.34104814,-0.575978
-0.34084814,-0.575978
-0.34064814,-0.607977
-0.34044814,-0.575978
-0.34024814,-0.607977
-0.34004814,-0.575978
-0.33984814,-0.575978
-0.33964814,-0.607977
-0.33944814,-0.607977
-0.33924814,-0.575978
-0.33904814,-0.607977
-0.33884814,-0.607977
-0.33864814,-0.51198
-0.33844814,-0.607977
-0.33824814,-0.575978
-0.33804814,-0.575978
-0.33784814,-0.607977
-0.33764814,-0.575978
-0.33744814,-0.607977
-0.33724814,-0.575978
-0.33704814,-0.575978
-0.33684814,-0.543979
-0.33664814,-0.575978
-0.33644814,-0.543979
-0.33624814,-0.479982
-0.33604814,-0.575978
-0.33584814,-0.575978
-0.33564814,-0.543979
-0.33544814,-0.607977
-0.33524814,-0.575978
-0.33504814,-0.51198
-0.33484814,-0.575978
-0.33464814,-0.543979
-0.33444814,-0.543979
-0.33424814,-0.543979
-0.33404814,-0.575978
-0.33384814,-0.543979
-0.33364814,-0.543979
-0.33344814,-0.575978
-0.33324814,-0.51198
-0.33304814,-0.543979
-0.33284814,-0.51198
-0.33264814,-0.51198
-0.33244814,-0.479982
-0.33224814,-0.575978
-0.33204814,-0.543979
-0.33184814,-0.51198
-0.33164814,-0.543979
-0.33144814,-0.543979
-0.33124814,-0.543979
-0.33104814,-0.51198
-0.33084814,-0.543979
-0.33064814,-0.51198
-0.33044814,-0.51198
-0.33024814,-0.543979
-0.33004814,-0.51198
-0.32984814,-0.51198
-0.32964814,-0.575978
-0.32944814,-0.51198
-0.32924814,-0.51198
-0.32904814,-0.479982
-0.32884814,-0.543979
-0.32864814,-0.479982
-0.32844814,-0.479982
-0.32824814,-0.51198
-0.32804814,-0.51198
-0.32784814,-0.479982
-0.32764814,-0.543979
-0.32744814,-0.51198
-0.32724814,-0.479982
-0.32704814,-0.51198
-0.32684814,-0.479982
-0.32664814,-0.447983
-0.32644814,-0.51198
-0.32624814,-0.479982
-0.32604814,-0.479982
-0.32584814,-0.479982
-0.32564814,-0.447983
-0.32544814,-0.479982
-0.32524814,-0.479982
-0.32504814,-0.447983
-0.32484814,-0.479982
-0.32464814,-0.51198
-0.32444814,-0.447983
-0.32424814,-0.479982
-0.32404814,-0.479982
-0.32384814,-0.479982
-0.32364814,-0.447983
-0.32344814,-0.447983
-0.32324814,-0.447983
-0.32304814,-0.415984
-0.32284814,-0.479982
-0.32264814,-0.479982
-0.32244814,-0.415984
-0.32224814,-0.447983
-0.32204814,-0.415984
-0.32184814,-0.415984
-0.32164814,-0.479982
-0.32144814,-0.383985
-0.32124814,-0.447983
-0.32104814,-0.447983
-0.32084814,-0.447983
-0.32064814,-0.415984
-0.32044814,-0.447983
-0.32024814,-0.447983
-0.32004814,-0.447983
-0.31984814,-0.479982
-0.31964814,-0.447983
-0.31944814,-0.415984
-0.31924814,-0.447983
-0.31904814,-0.447983
-0.31884814,-0.415984
-0.31864814,-0.479982
-0.31844814,-0.447983
-0.31824814,-0.415984
-0.31804814,-0.479982
-0.31784814,-0.415984
-0.31764814,-0.415984
-0.31744814,-0.383985
-0.31724814,-0.415984
-0.31704814,-0.415984
-0.31684814,-0.415984
-0.31664814,-0.447983
-0.31644814,-0.415984
-0.31624814,-0.383985
-0.31604814,-0.415984
-0.31584814,-0.415984
-0.31564814,-0.415984
-0.31544814,-0.383985
-0.31524814,-0.415984
-0.31504814,-0.415984
-0.31484814,-0.383985
-0.31464814,-0.383985
-0.31444814,-0.447983
-0.31424814,-0.383985
-0.31404814,-0.383985
-0.31384814,-0.447983
-0.31364814,-0.415984
-0.31344814,-0.351986
-0.31324814,-0.351986
-0.31304814,-0.415984
-0.31284814,-0.351986
-0.31264814,-0.351986
-0.31244814,-0.383985
-0.31224814,-0.351986
-0.31204814,-0.415984
-0.31184814,-0.351986
-0.31164814,-0.383985
-0.31144814,-0.415984
-0.31124814,-0.383985
-0.31104814,-0.383985
-0.31084814,-0.415984
-0.31064814,-0.383985
-0.31044814,-0.351986
-0.31024814,-0.383985
-0.31004814,-0.351986
-0.30984814,-0.383985
-0.30964814,-0.383985
-0.30944814,-0.351986
-0.30924814,-0.351986
-0.30904814,-0.415984
-0.30884814,-0.383985
-0.30864814,-0.351986
-0.30844814,-0.415984
-0.30824814,-0.351986
-0.30804814,-0.383985
-0.30784814,-0.351986
-0.30764814,-0.383985
-0.30744814,-0.351986
-0.30724814,-0.351986
-0.30704814,-0.351986
-0.30684814,-0.351986
-0.30664814,-0.383985
-0.30644814,-0.383985
-0.30624814,-0.383985
-0.30604814,-0.351986
-0.30584814,-0.383985
-0.30564814,-0.351986
-0.30544814,-0.415984
-0.30524814,-0.351986
-0.30504814,-0.351986
-0.30484814,-0.351986
-0.30464814,-0.383985
-0.30444814,-0.383985
-0.30424814,-0.383985
-0.30404814,-0.351986
-0.30384814,-0.319988
-0.30364814,-0.351986
-0.30344814,-0.351986
-0.30324814,-0.319988
-0.30304814,-0.351986
-0.30284814,-0.351986
-0.30264814,-0.319988
-0.30244814,-0.351986
-0.30224814,-0.351986
-0.30204814,-0.319988
-0.30184814,-0.383985
-0.30164814,-0.319988
-0.30144814,-0.319988
-0.30124814,-0.319988
-0.30104814,-0.319988
-0.30084814,-0.351986
-0.30064814,-0.319988
-0.30044814,-0.319988
-0.30024814,-0.319988
-0.30004814,-0.351986
-0.29984814,-0.319988
-0.29964814,-0.319988
-0.29944814,-0.319988
-0.29924814,-0.319988
-0.29904814,-0.351986
-0.29884814,-0.319988
-0.29864814,-0.351986
-0.29844814,-0.351986
-0.29824814,-0.351986
-0.29804814,-0.319988
-0.29784814,-0.319988
-0.29764814,-0.383985
-0.29744814,-0.319988
-0.29724814,-0.319988
-0.29704814,-0.319988
-0.29684814,-0.351986
-0.29664814,-0.319988
-0.29644814,-0.351986
-0.29624814,-0.319988
-0.29604814,-0.319988
-0.29584814,-0.319988
-0.29564814,-0.319988
-0.29544814,-0.319988
-0.29524814,-0.351986
-0.29504814,-0.351986
-0.29484814,-0.351986
-0.29464814,-0.351986
-0.29444814,-0.319988
-0.29424814,-0.351986
-0.29404814,-0.319988
-0.29384814,-0.287989
-0.29364814,-0.319988
-0.29344814,-0.383985
-0.29324814,-0.319988
-0.29304814,-0.351986
-0.29284814,-0.351986
-0.29264814,-0.351986
-0.29244814,-0.287989
-0.29224814,-0.319988
-0.29204814,-0.287989
-0.29184814,-0.319988
-0.29164814,-0.351986
-0.29144814,-0.319988
-0.29124814,-0.319988
-0.29104814,-0.319988
-0.29084814,-0.351986
-0.29064814,-0.351986
-0.29044814,-0.351986
-0.29024814,-0.383985
-0.29004814,-0.383985
-0.28984814,-0.287989
-0.28964814,-0.351986
-0.28944814,-0.319988
-0.28924814,-0.383985
-0.28904814,-0.351986
-0.28884814,-0.351986
-0.28864814,-0.319988
-0.28844814,-0.319988
-0.28824814,-0.319988
-0.28804814,-0.319988
-0.28784814,-0.287989
-0.28764814,-0.351986
-0.28744814,-0.287989
-0.28724814,-0.351986
-0.28704814,-0.319988
-0.28684814,-0.287989
-0.28664814,-0.351986
-0.28644814,-0.351986
-0.28624814,-0.319988
-0.28604814,-0.319988
-0.28584814,-0.351986
-0.28564814,-0.319988
-0.28544814,-0.351986
-0.28524814,-0.351986
-0.28504814,-0.319988
-0.28484814,-0.351986
-0.28464814,-0.319988
-0.28444814,-0.351986
-0.28424814,-0.319988
-0.28404814,-0.319988
-0.28384814,-0.351986
-0.28364814,-0.351986
-0.28344814,-0.351986
-0.28324814,-0.383985
-0.28304814,-0.319988
-0.28284814,-0.319988
-0.28264814,-0.415984
-0.28244814,-0.319988
-0.28224814,-0.319988
-0.28204814,-0.319988
-0.28184814,-0.319988
-0.28164814,-0.319988
-0.28144814,-0.319988
-0.28124814,-0.319988
-0.28104814,-0.319988
-0.28084814,-0.319988
-0.28064814,-0.287989
-0.28044814,-0.25599
-0.28024814,-0.319988
-0.28004814,-0.25599
-0.27984814,-0.287989
-0.27964814,-0.319988
-0.27944814,-0.25599
-0.27924814,-0.287989
-0.27904814,-0.319988
-0.27884814,-0.287989
-0.27864814,-0.287989
-0.27844814,-0.287989
-0.27824814,-0.223991
-0.27804814,-0.25599
-0.27784814,-0.287989
-0.27764814,-0.319988
-0.27744814,-0.25599
-0.27724814,-0.287989
-0.27704814,-0.287989
-0.27684814,-0.25599
-0.27664814,-0.287989
-0.27644814,-0.287989
-0.27624814,-0.287989
-0.27604814,-0.287989
-0.27584814,-0.25599
-0.27564814,-0.287989
-0.27544814,-0.25599
-0.27524814,-0.223991
-0.27504814,-0.287989
-0.27484814,-0.287989
-0.27464814,-0.223991
-0.27444814,-0.287989
-0.27424814,-0.223991
-0.27404814,-0.287989
-0.27384814,-0.25599
-0.27364814,-0.25599
-0.27344814,-0.223991
-0.27324814,-0.223991
-0.27304814,-0.25599
-0.27284814,-0.223991
-0.27264814,-0.25599
-0.27244814,-0.223991
-0.27224814,-0.223991
-0.27204814,-0.25599
-0.27184814,-0.25599
-0.27164814,-0.25599
-0.27144814,-0.25599
-0.27124814,-0.25599
-0.27104814,-0.25599
-0.27084814,-0.223991
-0.27064814,-0.25599
-0.27044814,-0.191993
-0.27024814,-0.25599
-0.27004814,-0.25599
-0.26984814,-0.191993
-0.26964814,-0.223991
-0.26944814,-0.25599
-0.26924814,-0.223991
-0.26904814,-0.25599
-0.26884814,-0.223991
-0.26864814,-0.191993
-0.26844814,-0.223991
-0.26824814,-0.191993
-0.26804814,-0.191993
-0.26784814,-0.223991
-0.26764814,-0.191993
-0.26744814,-0.159994
-0.26724814,-0.223991
-0.26704814,-0.25599
-0.26684814,-0.191993
-0.26664814,-0.191993
-0.26644814,-0.159994
-0.26624814,-0.191993
-0.26604814,-0.191993
-0.26584814,-0.191993
-0.26564814,-0.159994
-0.26544814,-0.159994
-0.26524814,-0.191993
-0.26504814,-0.191993
-0.26484814,-0.191993
-0.26464814,-0.191993
-0.26444814,-0.159994
-0.26424814,-0.159994
-0.26404814,-0.127995
-0.26384814,-0.191993
-0.26364814,-0.159994
-0.26344814,-0.159994
-0.26324814,-0.127995
-0.26304814,-0.159994
-0.26284814,-0.191993
-0.26264814,-0.159994
-0.26244814,-0.159994
-0.26224814,-0.127995
-0.26204814,-0.159994
-0.26184814,-0.159994
-0.26164814,-0.159994
-0.26144814,-0.127995
-0.26124814,-0.191993
-0.26104814,-0.159994
-0.26084814,-0.0959963
-0.26064814,-0.127995
-0.26044814,-0.127995
-0.26024814,-0.127995
-0.26004814,-0.127995
-0.25984814,-0.127995
-0.25964814,-0.127995
-0.25944814,-0.159994
-0.25924814,-0.127995
-0.25904814,-0.0959963
-0.25884814,-0.159994
-0.25864814,-0.127995
-0.25844814,-0.0959963
-0.25824814,-0.127995
-0.25804814,-0.127995
-0.25784814,-0.0639975
-0.25764814,-0.127995
-0.25744814,-0.0959963
-0.25724814,-0.127995
-0.25704814,-0.0959963
-0.25684814,-0.0959963
-0.25664814,-0.0959963
-0.25644814,-0.127995
-0.25624814,-0.0959963
-0.25604814,-0.0639975
-0.25584814,-0.0959963
-0.25564814,-0.0959963
-0.25544814,-0.0639975
-0.25524814,-0.0959963
-0.25504814,-0.0959963
-0.25484814,-0.0959963
-0.25464814,-0.0959963
-0.25444814,-0.0319988
-0.25424814,-0.0639975
-0.25404814,-0.0959963
-0.25384814,-0.0639975
-0.25364814,-0.0639975
-0.25344814,-0.127995
-0.25324814,-0.0959963
-0.25304814,-0.0639975
-0.25284814,-0.0959963
-0.25264814,-0.0959963
-0.25244814,-0.0319988
-0.25224814,-0.0959963
-0.25204814,-0.0639975
-0.25184814,-0.0639975
-0.25164814,-0.0959963
-0.25144814,-0.0639975
-0.25124814,-0.0639975
-0.25104814,-0.0319988
-0.25084814,-0.0639975
-0.25064814,-0.0319988
-0.25044814,-0.0639975
-0.25024814,-0.0959963
-0.25004814,-0.0639975
-0.24984814,-0.0639975
-0.24964814,-0.0319988
-0.24944814,-0.0319988
-0.24924814,-0.0639975
-0.24904814,-0.0639975
-0.24884814,-0.0319988
-0.24864814,-0.0639975
-0.24844814,-0.0639975
-0.24824814,-0.0639975
-0.24804814,-0.0959963
-0.24784814,-0.0639975
-0.24764814,-0.0639975
-0.24744814,-0.0959963
-0.24724814,-0.0319988
-0.24704814,-0.0319988
-0.24684814,-0.0639975
-0.24664814,-0.0639975
-0.24644814,-0.0319988
-0.24624814,-0.0639975
-0.24604814,0
-0.24584814,-0.0319988
-0.24564814,-0.0639975
-0.24544814,-0.0639975
-0.24524814,-0.0319988
-0.24504814,-0.0639975
-0.24484814,-0.0319988
-0.24464814,0
-0.24444814,-0.0639975
-0.24424814,-0.0319988
-0.24404814,-0.0639975
-0.24384814,-0.0319988
-0.24364814,-0.0639975
-0.24344814,-0.0319988
-0.24324814,-0.127995
-0.24304814,-0.0319988
-0.24284814,0
-0.24264814,-0.0319988
-0.24244814,-0.0319988
-0.24224814,0
-0.24204814,-0.0959963
-0.24184814,-0.0319988
-0.24164814,-0.0319988
-0.24144814,0
-0.24124814,-0.0319988
-0.24104814,0
-0.24084814,-0.0319988
-0.24064814,-0.0319988
-0.24044814,-0.0319988
-0.24024814,-0.0639975
-0.24004814,0
-0.23984814,-0.0639975
-0.23964814,-0.0319988
-0.23944814,-0.0319988
-0.23924814,-0.0639975
-0.23904814,-0.0319988
-0.23884814,-0.0319988
-0.23864814,-0.0319988
-0.23844814,-0.0319988
-0.23824814,-0.0639975
-0.23804814,0
-0.23784814,0
-0.23764814,0
-0.23744814,0
-0.23724814,-0.0639975
-0.23704814,-0.0319988
-0.23684814,-0.0319988
-0.23664814,0
-0.23644814,0
-0.23624814,0
-0.23604814,-0.0319988
-0.23584814,-0.0319988
-0.23564814,0
-0.23544814,-0.0639975
-0.23524814,0.0319988
-0.23504814,0
-0.23484814,-0.0319988
-0.23464814,0.0319988
-0.23444814,-0.0319988
-0.23424814,-0.0319988
-0.23404814,-0.0319988
-0.23384814,-0.0319988
-0.23364814,-0.0639975
-0.23344814,0.0319988
-0.23324814,0
-0.23304814,-0.0319988
-0.23284814,0.0319988
-0.23264814,0
-0.23244814,-0.0319988
-0.23224814,-0.0319988
-0.23204814,0
-0.23184814,0
-0.23164814,-0.0319988
-0.23144814,0
-0.23124814,-0.0319988
-0.23104814,0
-0.23084814,0
-0.23064814,0
-0.23044814,0
-0.23024814,0.0319988
-0.23004814,-0.0319988
-0.22984814,0
-0.22964814,0
-0.22944814,0
-0.22924814,-0.0319988
-0.22904814,0
-0.22884814,0.0319988
-0.22864814,0
-0.22844814,0.0319988
-0.22824814,0.0639975
-0.22804814,0.0319988
-0.22784814,0.0319988
-0.22764814,0.0319988
-0.22744814,0
-0.22724814,0.0639975
-0.22704814,0
-0.22684814,0
-0.22664814,0.0319988
-0.22644814,0
-0.22624814,0.0319988
-0.22604814,0
-0.22584814,-0.0319988
-0.22564814,0.0639975
-0.22544814,0.0639975
-0.22524814,0
-0.22504814,0.0639975
-0.22484814,0
-0.22464814,0
-0.22444814,0
-0.22424814,0.0319988
-0.22404814,-0.0319988
-0.22384814,0.0319988
-0.22364814,0.0639975
-0.22344814,0.0319988
-0.22324814,0
-0.22304814,0.0319988
-0.22284814,0
-0.22264814,0
-0.22244814,0.0639975
-0.22224814,0
-0.22204814,0.0319988
-0.22184814,0.0639975
-0.22164814,0.0319988
-0.22144814,0
-0.22124814,0.0319988
-0.22104814,-0.0319988
-0.22084814,0.0319988
-0.22064814,0
-0.22044814,-0.0319988
-0.22024814,0.0319988
-0.22004814,0
-0.21984814,0
-0.21964814,0.0639975
-0.21944814,0
-0.21924814,0.0319988
-0.21904814,-0.0319988
-0.21884814,0.0639975
-0.21864814,-0.0319988
-0.21844814,0
-0.21824814,0.0639975
-0.21804814,-0.0639975
-0.21784814,0.0639975
-0.21764814,0
-0.21744814,-0.0319988
-0.21724814,0.0319988
-0.21704814,0.0319988
-0.21684814,0.0319988
-0.21664814,0.0639975
-0.21644814,0.0639975
-0.21624814,-0.0319988
-0.21604814,0
-0.21584814,0.0319988
-0.21564814,0
-0.21544814,0
-0.21524814,-0.0319988
-0.21504814,0
-0.21484814,0
-0.21464814,0.0319988
-0.21444814,0
-0.21424814,0
-0.21404814,0
-0.21384814,0
-0.21364814,0.0319988
-0.21344814,-0.0319988
-0.21324814,-0.0319988
-0.21304814,0
-0.21284814,0
-0.21264814,0
-0.21244814,0
-0.21224814,0.0319988
-0.21204814,0
-0.21184814,0.0319988
-0.21164814,0
-0.21144814,-0.0319988
-0.21124814,-0.0639975
-0.21104814,0.0319988
-0.21084814,0
-0.21064814,0
-0.21044814,0.0319988
-0.21024814,-0.0639975
-0.21004814,0
-0.20984814,0.0319988
-0.20964814,0
-0.20944814,-0.0319988
-0.20924814,0
-0.20904814,-0.0319988
-0.20884814,-0.0639975
-0.20864814,-0.0639975
-0.20844814,-0.0639975
-0.20824814,0
-0.20804814,0
-0.20784814,-0.0639975
-0.20764814,-0.0319988
-0.20744814,0
-0.20724814,-0.0319988
-0.20704814,-0.0319988
-0.20684814,-0.0319988
-0.20664814,-0.0639975
-0.20644814,-0.0639975
-0.20624814,-0.0319988
-0.20604814,-0.0639975
-0.20584814,-0.0319988
-0.20564814,-0.0639975
-0.20544814,-0.0639975
-0.20524814,-0.0319988
-0.20504814,-0.0639975
-0.20484814,-0.0639975
-0.20464814,-0.0639975
-0.20444814,-0.0639975
-0.20424814,-0.0639975
-0.20404814,-0.0639975
-0.20384814,-0.0639975
-0.20364814,-0.0639975
-0.20344814,-0.0639975
-0.20324814,-0.0319988
-0.20304814,-0.0959963
-0.20284814,-0.0639975
-0.20264814,-0.0959963
-0.20244814,-0.0639975
-0.20224814,-0.0639975
-0.20204814,-0.0639975
-0.20184814,-0.127995
-0.20164814,-0.0959963
-0.20144814,-0.0959963
-0.20124814,-0.159994
-0.20104814,-0.0639975
-0.20084814,-0.0959963
-0.20064814,-0.127995
-0.20044814,-0.0959963
-0.20024814,-0.0639975
-0.20004814,-0.0959963
-0.19984814,-0.0959963
-0.19964814,-0.0639975
-0.19944814,-0.0959963
-0.19924814,-0.0639975
-0.19904814,-0.0959963
-0.19884814,-0.0959963
-0.19864814,-0.127995
-0.19844814,-0.0639975
-0.19824814,-0.0959963
-0.19804814,-0.0959963
-0.19784814,-0.0959963
-0.19764814,-0.0959963
-0.19744814,-0.0959963
-0.19724814,-0.0959963
-0.19704814,-0.0959963
-0.19684814,-0.127995
-0.19664814,-0.0639975
-0.19644814,-0.127995
-0.19624814,-0.127995
-0.19604814,-0.0959963
-0.19584814,-0.127995
-0.19564814,-0.127995
-0.19544814,-0.0639975
-0.19524814,-0.127995
-0.19504814,-0.0639975
-0.19484814,-0.0639975
-0.19464814,-0.127995
-0.19444814,-0.0959963
-0.19424814,-0.0959963
-0.19404814,-0.159994
-0.19384814,-0.127995
-0.19364814,-0.0959963
-0.19344814,-0.0959963
-0.19324814,-0.0959963
-0.19304814,-0.0959963
-0.19284814,-0.159994
-0.19264814,-0.127995
-0.19244814,-0.0959963
-0.19224814,-0.159994
-0.19204814,-0.0959963
-0.19184814,-0.127995
-0.19164814,-0.127995
-0.19144814,-0.0959963
-0.19124814,-0.127995
-0.19104814,-0.159994
-0.19084814,-0.0959963
-0.19064814,-0.127995
-0.19044814,-0.127995
-0.19024814,-0.0959963
-0.19004814,-0.0959963
-0.18984814,-0.127995
-0.18964814,-0.127995
-0.18944814,-0.127995
-0.18924814,-0.159994
-0.18904814,-0.127995
-0.18884814,-0.0959963
-0.18864814,-0.159994
-0.18844814,-0.127995
-0.18824814,-0.0959963
-0.18804814,-0.191993
-0.18784814,-0.0959963
-0.18764814,-0.159994
-0.18744814,-0.159994
-0.18724814,-0.191993
-0.18704814,-0.159994
-0.18684814,-0.127995
-0.18664814,-0.127995
-0.18644814,-0.0959963
-0.18624814,-0.159994
-0.18604814,-0.159994
-0.18584814,-0.159994
-0.18564814,-0.159994
-0.18544814,-0.159994
-0.18524814,-0.159994
-0.18504814,-0.159994
-0.18484814,-0.191993
-0.18464814,-0.127995
-0.18444814,-0.191993
-0.18424814,-0.159994
-0.18404814,-0.127995
-0.18384814,-0.191993
-0.18364814,-0.159994
-0.18344814,-0.159994
-0.18324814,-0.191993
-0.18304814,-0.159994
-0.18284814,-0.191993
-0.18264814,-0.159994
-0.18244814,-0.159994
-0.18224814,-0.191993
-0.18204814,-0.191993
-0.18184814,-0.159994
-0.18164814,-0.127995
-0.18144814,-0.191993
-0.18124814,-0.223991
-0.18104814,-0.159994
-0.18084814,-0.191993
-0.18064814,-0.159994
-0.18044814,-0.127995
-0.18024814,-0.223991
-0.18004814,-0.191993
-0.17984814,-0.127995
-0.17964814,-0.159994
-0.17944814,-0.223991
-0.17924814,-0.127995
-0.17904814,-0.127995
-0.17884814,-0.159994
-0.17864814,-0.191993
-0.17844814,-0.191993
-0.17824814,-0.159994
-0.17804814,-0.191993
-0.17784814,-0.191993
-0.17764814,-0.191993
-0.17744814,-0.159994
-0.17724814,-0.127995
-0.17704814,-0.191993
-0.17684814,-0.159994
-0.17664814,-0.159994
-0.17644814,-0.159994
-0.17624814,-0.127995
-0.17604814,-0.159994
-0.17584814,-0.159994
-0.17564814,-0.127995
-0.17544814,-0.159994
-0.17524814,-0.159994
-0.17504814,-0.127995
-0.17484814,-0.191993
-0.17464814,-0.159994
-0.17444814,-0.127995
-0.17424814,-0.127995
-0.17404814,-0.191993
-0.17384814,-0.127995
-0.17364814,-0.191993
-0.17344814,-0.159994
-0.17324814,-0.159994
-0.17304814,-0.159994
-0.17284814,-0.159994
-0.17264814,-0.127995
-0.17244814,-0.159994
-0.17224814,-0.159994
-0.17204814,-0.191993
-0.17184814,-0.191993
-0.17164814,-0.191993
-0.17144814,-0.0959963
-0.17124814,-0.127995
-0.17104814,-0.159994
-0.17084814,-0.127995
-0.17064814,-0.127995
-0.17044814,-0.127995
-0.17024814,-0.159994
-0.17004814,-0.191993
-0.16984814,-0.159994
-0.16964814,-0.191993
-0.16944814,-0.159994
-0.16924814,-0.159994
-0.16904814,-0.159994
-0.16884814,-0.159994
-0.16864814,-0.159994
-0.16844814,-0.127995
-0.16824814,-0.159994
-0.16804814,-0.159994
-0.16784814,-0.127995
-0.16764814,-0.159994
-0.16744814,-0.127995
-0.16724814,-0.159994
-0.16704814,-0.159994
-0.16684814,-0.159994
-0.16664814,-0.127995
-0.16644814,-0.159994
-0.16624814,-0.127995
-0.16604814,-0.159994
-0.16584814,-0.191993
-0.16564814,-0.127995
-0.16544814,-0.159994
-0.16524814,-0.127995
-0.16504814,-0.159994
-0.16484814,-0.127995
-0.16464814,-0.127995
-0.16444814,-0.127995
-0.16424814,-0.191993
-0.16404814,-0.127995
-0.16384814,-0.159994
-0.16364814,-0.127995
-0.16344814,-0.191993
-0.16324814,-0.159994
-0.16304814,-0.191993
-0.16284814,-0.0959963
-0.16264814,-0.127995
-0.16244814,-0.127995
-0.16224814,-0.159994
-0.16204814,-0.127995
-0.16184814,-0.159994
-0.16164814,-0.127995
-0.16144814,-0.127995
-0.16124814,-0.159994
-0.16104814,-0.191993
-0.16084814,-0.127995
-0.16064814,-0.127995
-0.16044814,-0.159994
-0.16024814,-0.127995
-0.16004814,-0.159994
-0.15984814,-0.159994
-0.15964814,-0.127995
-0.15944814,-0.0959963
-0.15924814,-0.159994
-0.15904814,-0.159994
-0.15884814,-0.127995
-0.15864814,-0.159994
-0.15844814,-0.127995
-0.15824814,-0.127995
-0.15804814,-0.127995
-0.15784814,-0.0959963
-0.15764814,-0.127995
-0.15744814,-0.159994
-0.15724814,-0.127995
-0.15704814,-0.0959963
-0.15684814,-0.127995
-0.15664814,-0.159994
-0.15644814,-0.127995
-0.15624814,-0.127995
-0.15604814,-0.127995
-0.15584814,-0.127995
-0.15564814,-0.127995
-0.15544814,-0.127995
-0.15524814,-0.127995
-0.15504814,-0.127995
-0.15484814,-0.0959963
-0.15464814,-0.0959963
-0.15444814,-0.127995
-0.15424814,-0.0959963
-0.15404814,-0.127995
-0.15384814,-0.159994
-0.15364814,-0.159994
-0.15344814,-0.0959963
-0.15324814,-0.159994
-0.15304814,-0.127995
-0.15284814,-0.127995
-0.15264814,-0.127995
-0.15244814,-0.127995
-0.15224814,-0.0959963
-0.15204814,-0.0959963
-0.15184814,-0.127995
-0.15164814,-0.0959963
-0.15144814,-0.127995
-0.15124814,-0.127995
-0.15104814,-0.0959963
-0.15084814,-0.159994
-0.15064814,-0.159994
-0.15044814,-0.127995
-0.15024814,-0.127995
-0.15004814,-0.0959963
-0.14984814,-0.0959963
-0.14964814,-0.127995
-0.14944814,-0.159994
-0.14924814,-0.127995
-0.14904814,-0.191993
-0.14884814,-0.127995
-0.14864814,-0.127995
-0.14844814,-0.127995
-0.14824814,-0.127995
-0.14804814,-0.127995
-0.14784814,-0.159994
-0.14764814,-0.159994
-0.14744814,-0.0959963
-0.14724814,-0.191993
-0.14704814,-0.127995
-0.14684814,-0.0959963
-0.14664814,-0.159994
-0.14644814,-0.159994
-0.14624814,-0.0959963
-0.14604814,-0.159994
-0.14584814,-0.127995
-0.14564814,-0.127995
-0.14544814,-0.127995
-0.14524814,-0.127995
-0.14504814,-0.127995
-0.14484814,-0.191993
-0.14464814,-0.0639975
-0.14444814,-0.0959963
-0.14424814,-0.127995
-0.14404814,-0.159994
-0.14384814,-0.127995
-0.14364814,-0.127995
-0.14344814,-0.159994
-0.14324814,-0.127995
-0.14304814,-0.127995
-0.14284814,-0.159994
-0.14264814,-0.127995
-0.14244814,-0.127995
-0.14224814,-0.127995
-0.14204814,-0.0639975
-0.14184814,-0.127995
-0.14164814,-0.0639975
-0.14144814,-0.127995
-0.14124814,-0.159994
-0.14104814,-0.127995
-0.14084814,-0.0959963
-0.14064814,-0.159994
-0.14044814,-0.0959963
-0.14024814,-0.127995
-0.14004814,-0.159994
-0.13984814,-0.127995
-0.13964814,-0.127995
-0.13944814,-0.127995
-0.13924814,-0.0959963
-0.13904814,-0.127995
-0.13884814,-0.127995
-0.13864814,-0.191993
-0.13844814,-0.0959963
-0.13824814,-0.127995
-0.13804814,-0.0959963
-0.13784814,-0.127995
-0.13764814,-0.127995
-0.13744814,-0.0639975
-0.13724814,-0.0639975
-0.13704814,-0.127995
-0.13684814,-0.0959963
-0.13664814,-0.0959963
-0.13644814,-0.127995
-0.13624814,-0.0959963
-0.13604814,-0.0959963
-0.13584814,-0.0639975
-0.13564814,-0.0639975
-0.13544814,-0.0639975
-0.13524814,-0.0959963
-0.13504814,-0.127995
-0.13484814,-0.127995
-0.13464814,-0.127995
-0.13444814,-0.0959963
-0.13424814,-0.0959963
-0.13404814,-0.0959963
-0.13384814,-0.0959963
-0.13364814,-0.0639975
-0.13344814,-0.0959963
-0.13324814,-0.0639975
-0.13304814,-0.0639975
-0.13284814,-0.0959963
-0.13264814,-0.0319988
-0.13244814,-0.0319988
-0.13224814,-0.0639975
-0.13204814,-0.0639975
-0.13184814,-0.0319988
-0.13164814,-0.0639975
-0.13144814,-0.0639975
-0.13124814,-0.0319988
-0.13104814,-0.0319988
-0.13084814,-0.0319988
-0.13064814,-0.0319988
-0.13044814,-0.0639975
-0.13024814,-0.0319988
-0.13004814,-0.0319988
-0.12984814,-0.0639975
-0.12964814,-0.0319988
-0.12944814,-0.0959963
-0.12924814,-0.0319988
-0.12904814,-0.0639975
-0.12884814,-0.0639975
-0.12864814,-0.0639975
-0.12844814,-0.0319988
-0.12824814,-0.0319988
-0.12804814,-0.0319988
-0.12784814,-0.0319988
-0.12764814,-0.0639975
-0.12744814,-0.0639975
-0.12724814,-0.0319988
-0.12704814,0
-0.12684814,-0.0319988
-0.12664814,-0.0639975
-0.12644814,0
-0.12624814,-0.0639975
-0.12604814,-0.0319988
-0.12584814,-0.0639975
-0.12564814,-0.0639975
-0.12544814,0.0319988
-0.12524814,0
-0.12504814,-0.0639975
-0.12484814,0
-0.12464814,0
-0.12444814,-0.0639975
-0.12424814,-0.0319988
-0.12404814,-0.0319988
-0.12384814,-0.0639975
-0.12364814,-0.0319988
-0.12344814,-0.0319988
-0.12324814,-0.0639975
-0.12304814,-0.0319988
-0.12284814,-0.0319988
-0.12264814,-0.0319988
-0.12244814,0
-0.12224814,-0.0959963
-0.12204814,-0.0959963
-0.12184814,-0.0639975
-0.12164814,-0.0959963
-0.12144814,-0.0959963
-0.12124814,-0.0639975
-0.12104814,-0.0639975
-0.12084814,-0.0639975
-0.12064814,-0.0319988
-0.12044814,-0.0319988
-0.12024814,-0.0639975
-0.12004814,-0.0319988
-0.11984814,-0.0319988
-0.11964814,-0.0959963
-0.11944814,-0.0639975
-0.11924814,-0.127995
-0.11904814,-0.0959963
-0.11884814,-0.0319988
-0.11864814,-0.0639975
-0.11844814,-0.0639975
-0.11824814,-0.0639975
-0.11804814,-0.0959963
-0.11784814,-0.0639975
-0.11764814,-0.0639975
-0.11744814,-0.0319988
-0.11724814,-0.0639975
-0.11704814,-0.0639975
-0.11684814,-0.0639975
-0.11664814,-0.0639975
-0.11644814,-0.0959963
-0.11624814,-0.0639975
-0.11604814,-0.0959963
-0.11584814,-0.0639975
-0.11564814,-0.0959963
-0.11544814,-0.127995
-0.11524814,-0.0959963
-0.11504814,-0.0639975
-0.11484814,-0.0959963
-0.11464814,-0.0959963
-0.11444814,-0.0959963
-0.11424814,-0.0639975
-0.11404814,-0.0959963
-0.11384814,-0.0959963
-0.11364814,-0.127995
-0.11344814,-0.127995
-0.11324814,-0.0959963
-0.11304814,-0.159994
-0.11284814,-0.0959963
-0.11264814,-0.0959963
-0.11244814,-0.127995
-0.11224814,-0.127995
-0.11204814,-0.127995
-0.11184814,-0.0959963
-0.11164814,-0.127995
-0.11144814,-0.0639975
-0.11124814,-0.127995
-0.11104814,-0.0959963
-0.11084814,-0.0959963
-0.11064814,-0.127995
-0.11044814,-0.127995
-0.11024814,-0.127995
-0.11004814,-0.159994
-0.10984814,-0.127995
-0.10964814,-0.127995
-0.10944814,-0.127995
-0.10924814,-0.159994
-0.10904814,-0.0959963
-0.10884814,-0.159994
-0.10864814,-0.127995
-0.10844814,-0.127995
-0.10824814,-0.159994
-0.10804814,-0.0959963
-0.10784814,-0.127995
-0.10764814,-0.127995
-0.10744814,-0.159994
-0.10724814,-0.0959963
-0.10704814,-0.191993
-0.10684814,-0.159994
-0.10664814,-0.0959963
-0.10644814,-0.159994
-0.10624814,-0.191993
-0.10604814,-0.127995
-0.10584814,-0.159994
-0.10564814,-0.0959963
-0.10544814,-0.159994
-0.10524814,-0.159994
-0.10504814,-0.127995
-0.10484814,-0.127995
-0.10464814,-0.191993
-0.10444814,-0.0959963
-0.10424814,-0.159994
-0.10404814,-0.159994
-0.10384814,-0.191993
-0.10364814,-0.127995
-0.10344814,-0.191993
-0.10324814,-0.159994
-0.10304814,-0.223991
-0.10284814,-0.223991
-0.10264814,-0.191993
-0.10244814,-0.127995
-0.10224814,-0.191993
-0.10204814,-0.191993
-0.10184814,-0.159994
-0.10164814,-0.191993
-0.10144814,-0.159994
-0.10124814,-0.159994
-0.10104814,-0.223991
-0.10084814,-0.159994
-0.10064814,-0.191993
-0.10044814,-0.191993
-0.10024814,-0.223991
-0.10004814,-0.191993
-0.099848143,-0.191993
-0.099648143,-0.191993
-0.099448143,-0.159994
-0.099248143,-0.191993
-0.099048143,-0.223991
-0.098848143,-0.191993
-0.098648143,-0.223991
-0.098448143,-0.191993
-0.098248143,-0.191993
-0.098048143,-0.223991
-0.097848143,-0.223991
-0.097648143,-0.25599
-0.097448143,-0.223991
-0.097248143,-0.223991
-0.097048143,-0.191993
-0.096848143,-0.223991
-0.096648143,-0.287989
-0.096448143,-0.191993
-0.096248143,-0.25599
-0.096048143,-0.287989
-0.095848143,-0.223991
-0.095648143,-0.191993
-0.095448143,-0.25599
-0.095248143,-0.223991
-0.095048143,-0.223991
-0.094848143,-0.25599
-0.094648143,-0.191993
-0.094448143,-0.223991
-0.094248143,-0.25599
-0.094048143,-0.223991
-0.093848143,-0.25599
-0.093648143,-0.25599
-0.093448143,-0.223991
-0.093248143,-0.223991
-0.093048143,-0.223991
-0.092848143,-0.287989
-0.092648143,-0.25599
-0.092448143,-0.223991
-0.092248143,-0.191993
-0.092048143,-0.25599
-0.091848143,-0.223991
-0.091648143,-0.25599
-0.091448143,-0.223991
-0.091248143,-0.25599
-0.091048143,-0.223991
-0.090848143,-0.287989
-0.090648143,-0.25599
-0.090448143,-0.191993
-0.090248143,-0.25599
-0.090048143,-0.25599
-0.089848143,-0.223991
-0.089648143,-0.25599
-0.089448143,-0.223991
-0.089248143,-0.25599
-0.089048143,-0.25599
-0.088848143,-0.223991
-0.088648143,-0.191993
-0.088448143,-0.25599
-0.088248143,-0.223991
-0.088048143,-0.223991
-0.087848143,-0.223991
-0.087648143,-0.223991
-0.087448143,-0.191993
-0.087248143,-0.25599
-0.087048143,-0.287989
-0.086848143,-0.191993
-0.086648143,-0.25599
-0.086448143,-0.287989
-0.086248143,-0.25599
-0.086048143,-0.223991
-0.085848143,-0.191993
-0.085648143,-0.25599
-0.085448143,-0.25599
-0.085248143,-0.25599
-0.085048143,-0.223991
-0.084848143,-0.223991
-0.084648143,-0.223991
-0.084448143,-0.191993
-0.084248143,-0.25599
-0.084048143,-0.25599
-0.083848143,-0.191993
-0.083648143,-0.25599
-0.083448143,-0.223991
-0.083248143,-0.191993
-0.083048143,-0.25599
-0.082848143,-0.25599
-0.082648143,-0.223991
-0.082448143,-0.223991
-0.082248143,-0.223991
-0.082048143,-0.223991
-0.081848143,-0.25599
-0.081648143,-0.25599
-0.081448143,-0.223991
-0.081248143,-0.25599
-0.081048143,-0.25599
-0.080848143,-0.191993
-0.080648143,-0.223991
-0.080448143,-0.223991
-0.080248143,-0.191993
-0.080048143,-0.223991
-0.079848143,-0.25599
-0.079648143,-0.191993
-0.079448143,-0.25599
-0.079248143,-0.223991
-0.079048143,-0.223991
-0.078848143,-0.191993
-0.078648143,-0.223991
-0.078448143,-0.191993
-0.078248143,-0.223991
-0.078048143,-0.223991
-0.077848143,-0.191993
-0.077648143,-0.25599
-0.077448143,-0.223991
-0.077248143,-0.25599
-0.077048143,-0.223991
-0.076848143,-0.223991
-0.076648143,-0.25599
-0.076448143,-0.25599
-0.076248143,-0.223991
-0.076048143,-0.191993
-0.075848143,-0.223991
-0.075648143,-0.223991
-0.075448143,-0.191993
-0.075248143,-0.223991
-0.075048143,-0.25599
-0.074848143,-0.159994
-0.074648143,-0.223991
-0.074448143,-0.223991
-0.074248143,-0.25599
-0.074048143,-0.25599
-0.073848143,-0.191993
-0.073648143,-0.25599
-0.073448143,-0.223991
-0.073248143,-0.25599
-0.073048143,-0.191993
-0.072848143,-0.25599
-0.072648143,-0.223991
-0.072448143,-0.223991
-0.072248143,-0.25599
-0.072048143,-0.191993
-0.071848143,-0.223991
-0.071648143,-0.223991
-0.071448143,-0.223991
-0.071248143,-0.223991
-0.071048143,-0.223991
-0.070848143,-0.223991
-0.070648143,-0.223991
-0.070448143,-0.25599
-0.070248143,-0.25599
-0.070048143,-0.223991
-0.069848143,-0.223991
-0.069648143,-0.223991
-0.069448143,-0.223991
-0.069248143,-0.287989
-0.069048143,-0.191993
-0.068848143,-0.223991
-0.068648143,-0.25599
-0.068448143,-0.223991
-0.068248143,-0.191993
-0.068048143,-0.25599
-0.067848143,-0.25599
-0.067648143,-0.223991
-0.067448143,-0.223991
-0.067248143,-0.25599
-0.067048143,-0.223991
-0.066848143,-0.223991
-0.066648143,-0.223991
-0.066448143,-0.25599
-0.066248143,-0.25599
-0.066048143,-0.25599
-0.065848143,-0.223991
-0.065648143,-0.25599
-0.065448143,-0.287989
-0.065248143,-0.191993
-0.065048143,-0.223991
-0.064848143,-0.25599
-0.064648143,-0.223991
-0.064448143,-0.25599
-0.064248143,-0.223991
-0.064048143,-0.223991
-0.063848143,-0.223991
-0.063648143,-0.223991
-0.063448143,-0.223991
-0.063248143,-0.223991
-0.063048143,-0.223991
-0.062848143,-0.191993
-0.062648143,-0.191993
-0.062448143,-0.223991
-0.062248143,-0.191993
-0.062048143,-0.223991
-0.061848143,-0.223991
-0.061648143,-0.223991
-0.061448143,-0.25599
-0.061248143,-0.223991
-0.061048143,-0.223991
-0.060848143,-0.223991
-0.060648143,-0.287989
-0.060448143,-0.223991
-0.060248143,-0.25599
-0.060048143,-0.223991
-0.059848143,-0.223991
-0.059648143,-0.25599
-0.059448143,-0.25599
-0.059248143,-0.191993
-0.059048143,-0.25599
-0.058848143,-0.25599
-0.058648143,-0.223991
-0.058448143,-0.287989
-0.058248143,-0.25599
-0.058048143,-0.223991
-0.057848143,-0.25599
-0.057648143,-0.287989
-0.057448143,-0.25599
-0.057248143,-0.25599
-0.057048143,-0.25599
-0.056848143,-0.287989
-0.056648143,-0.223991
-0.056448143,-0.25599
-0.056248143,-0.25599
-0.056048143,-0.25599
-0.055848143,-0.25599
-0.055648143,-0.191993
-0.055448143,-0.223991
-0.055248143,-0.25599
-0.055048143,-0.287989
-0.054848143,-0.191993
-0.054648143,-0.25599
-0.054448143,-0.223991
-0.054248143,-0.223991
-0.054048143,-0.25599
-0.053848143,-0.25599
-0.053648143,-0.287989
-0.053448143,-0.25599
-0.053248143,-0.223991
-0.053048143,-0.25599
-0.052848143,-0.287989
-0.052648143,-0.223991
-0.052448143,-0.223991
-0.052248143,-0.287989
-0.052048143,-0.25599
-0.051848143,-0.25599
-0.051648143,-0.25599
-0.051448143,-0.223991
-0.051248143,-0.25599
-0.051048143,-0.223991
-0.050848143,-0.25599
-0.050648143,-0.25599
-0.050448143,-0.287989
-0.050248143,-0.191993
-0.050048143,-0.25599
-0.049848143,-0.287989
-0.049648143,-0.223991
-0.049448143,-0.25599
-0.049248143,-0.25599
-0.049048143,-0.25599
-0.048848143,-0.287989
-0.048648143,-0.25599
-0.048448143,-0.223991
-0.048248143,-0.287989
-0.048048143,-0.287989
-0.047848143,-0.287989
-0.047648143,-0.25599
-0.047448143,-0.287989
-0.047248143,-0.287989
-0.047048143,-0.25599
-0.046848143,-0.25599
-0.046648143,-0.25599
-0.046448143,-0.287989
-0.046248143,-0.287989
-0.046048143,-0.287989
-0.045848143,-0.25599
-0.045648143,-0.287989
-0.045448143,-0.25599
-0.045248143,-0.223991
-0.045048143,-0.287989
-0.044848143,-0.287989
-0.044648143,-0.287989
-0.044448143,-0.25599
-0.044248143,-0.287989
-0.044048143,-0.287989
-0.043848143,-0.25599
-0.043648143,-0.287989
-0.043448143,-0.25599
-0.043248143,-0.319988
-0.043048143,-0.25599
-0.042848143,-0.319988
-0.042648143,-0.287989
-0.042448143,-0.287989
-0.042248143,-0.287989
-0.042048143,-0.287989
-0.041848143,-0.287989
-0.041648143,-0.25599
-0.041448143,-0.287989
-0.041248143,-0.287989
-0.041048143,-0.287989
-0.040848143,-0.287989
-0.040648143,-0.25599
-0.040448143,-0.287989
-0.040248143,-0.287989
-0.040048143,-0.25599
-0.039848143,-0.287989
-0.039648143,-0.287989
-0.039448143,-0.287989
-0.039248143,-0.287989
-0.039048143,-0.287989
-0.038848143,-0.287989
-0.038648143,-0.287989
-0.038448143,-0.287989
-0.038248143,-0.25599
-0.038048143,-0.287989
-0.037848143,-0.287989
-0.037648143,-0.287989
-0.037448143,-0.287989
-0.037248143,-0.287989
-0.037048143,-0.25599
-0.036848143,-0.25599
-0.036648143,-0.287989
-0.036448143,-0.287989
-0.036248143,-0.25599
-0.036048143,-0.287989
-0.035848143,-0.319988
-0.035648143,-0.319988
-0.035448143,-0.287989
-0.035248143,-0.287989
-0.035048143,-0.319988
-0.034848143,-0.319988
-0.034648143,-0.319988
-0.034448143,-0.287989
-0.034248143,-0.319988
-0.034048143,-0.319988
-0.033848143,-0.287989
-0.033648143,-0.351986
-0.033448143,-0.319988
-0.033248143,-0.319988
-0.033048143,-0.319988
-0.032848143,-0.287989
-0.032648143,-0.319988
-0.032448143,-0.319988
-0.032248143,-0.351986
-0.032048143,-0.319988
-0.031848143,-0.319988
-0.031648143,-0.25599
-0.031448143,-0.319988
-0.031248143,-0.319988
-0.031048143,-0.351986
-0.030848143,-0.287989
-0.030648143,-0.319988
-0.030448143,-0.351986
-0.030248143,-0.287989
-0.030048143,-0.287989
-0.029848143,-0.287989
-0.029648143,-0.351986
-0.029448143,-0.319988
-0.029248143,-0.319988
-0.029048143,-0.287989
-0.028848143,-0.319988
-0.028648143,-0.287989
-0.028448143,-0.383985
-0.028248143,-0.351986
-0.028048143,-0.351986
-0.027848143,-0.351986
-0.027648143,-0.287989
-0.027448143,-0.223991
-0.027248143,-0.319988
-0.027048143,-0.351986
-0.026848143,-0.351986
-0.026648143,-0.319988
-0.026448143,-0.351986
-0.026248143,-0.351986
-0.026048143,-0.319988
-0.025848143,-0.351986
-0.025648143,-0.319988
-0.025448143,-0.319988
-0.025248143,-0.351986
-0.025048143,-0.319988
-0.024848143,-0.383985
-0.024648143,-0.351986
-0.024448143,-0.383985
-0.024248143,-0.319988
-0.024048143,-0.383985
-0.023848143,-0.351986
-0.023648143,-0.319988
-0.023448143,-0.383985
-0.023248143,-0.351986
-0.023048143,-0.319988
-0.022848143,-0.415984
-0.022648143,-0.383985
-0.022448143,-0.351986
-0.022248143,-0.383985
-0.022048143,-0.383985
-0.021848143,-0.351986
-0.021648143,-0.351986
-0.021448143,-0.383985
-0.021248143,-0.319988
-0.021048143,-0.383985
-0.020848143,-0.383985
-0.020648143,-0.351986
-0.020448143,-0.415984
-0.020248143,-0.351986
-0.020048143,-0.351986
-0.019848143,-0.415984
-0.019648143,-0.351986
-0.019448143,-0.319988
-0.019248143,-0.383985
-0.019048143,-0.351986
-0.018848143,-0.415984
-0.018648143,-0.383985
-0.018448143,-0.351986
-0.018248143,-0.319988
-0.018048143,-0.351986
-0.017848143,-0.383985
-0.017648143,-0.351986
-0.017448143,-0.383985
-0.017248143,-0.415984
-0.017048143,-0.351986
-0.016848143,-0.351986
-0.016648143,-0.383985
-0.016448143,-0.383985
-0.016248143,-0.415984
-0.016048143,-0.351986
-0.015848143,-0.383985
-0.015648143,-0.415984
-0.015448143,-0.415984
-0.015248143,-0.383985
-0.015048143,-0.383985
-0.014848143,-0.351986
-0.014648143,-0.351986
-0.014448143,-0.447983
-0.014248143,-0.383985
-0.014048143,-0.383985
-0.013848143,-0.383985
-0.013648143,-0.383985
-0.013448143,-0.351986
-0.013248143,-0.447983
-0.013048143,-0.415984
-0.012848143,-0.415984
-0.012648143,-0.383985
-0.012448143,-0.383985
-0.012248143,-0.383985
-0.012048143,-0.447983
-0.011848143,-0.383985
-0.011648143,-0.383985
-0.011448143,-0.415984
-0.011248143,-0.383985
-0.011048143,-0.415984
-0.010848143,-0.415984
-0.010648143,-0.383985
-0.010448143,-0.415984
-0.010248143,-0.415984
-0.010048143,-0.415984
-0.0098481429,-0.415984
-0.0096481429,-0.447983
-0.0094481429,-0.415984
-0.0092481429,-0.383985
-0.0090481429,-0.415984
-0.0088481429,-0.415984
-0.0086481429,-0.447983
-0.0084481429,-0.447983
-0.0082481429,-0.415984
-0.0080481429,-0.415984
-0.0078481429,-0.447983
-0.0076481429,-0.415984
-0.0074481429,-0.415984
-0.0072481429,-0.415984
-0.0070481429,-0.447983
-0.0068481429,-0.383985
-0.0066481429,-0.447983
-0.0064481429,-0.447983
-0.0062481429,-0.415984
-0.0060481429,-0.415984
-0.0058481429,-0.415984
-0.0056481429,-0.415984
-0.0054481429,-0.447983
-0.0052481429,-0.415984
-0.0050481429,-0.415984
-0.0048481429,-0.415984
-0.0046481429,-0.383985
-0.0044481429,-0.383985
-0.0042481429,-0.447983
-0.0040481429,-0.415984
-0.0038481429,-0.415984
-0.0036481429,-0.447983
-0.0034481429,-0.415984
-0.0032481429,-0.383985
-0.0030481429,-0.415984
-0.0028481429,-0.447983
-0.0026481429,-0.415984
-0.0024481429,-0.447983
-0.0022481429,-0.447983
-0.0020481429,-0.415984
-0.0018481429,-0.447983
-0.0016481429,-0.447983
-0.0014481429,-0.383985
-0.0012481429,-0.415984
-0.0010481429,-0.447983
-0.00084814287,-0.415984
-0.00064814287,-0.383985
-0.00044814287,-0.447983
-0.00024814287,-0.415984
-4.8142866e-005,-0.447983
0.00015185713,-0.447983
