LECROYWS42Xs,24809,Waveform
Segments,1,SegmentSize,10002
Segment,TrigTime,TimeSinceSegment1
#1,18-Feb-2003 22:26:32,0                 
Time,Ampl
-2.0001689,-0.383985
-1.9999689,-0.351986
-1.9997689,-0.383985
-1.9995689,-0.383985
-1.9993689,-0.351986
-1.9991689,-0.319988
-1.9989689,-0.383985
-1.9987689,-0.383985
-1.9985689,-0.383985
-1.9983689,-0.383985
-1.9981689,-0.383985
-1.9979689,-0.383985
-1.9977689,-0.383985
-1.9975689,-0.383985
-1.9973689,-0.351986
-1.9971689,-0.415984
-1.9969689,-0.383985
-1.9967689,-0.447983
-1.9965689,-0.415984
-1.9963689,-0.415984
-1.9961689,-0.383985
-1.9959689,-0.415984
-1.9957689,-0.447983
-1.9955689,-0.383985
-1.9953689,-0.383985
-1.9951689,-0.383985
-1.9949689,-0.383985
-1.9947689,-0.447983
-1.9945689,-0.415984
-1.9943689,-0.383985
-1.9941689,-0.447983
-1.9939689,-0.383985
-1.9937689,-0.415984
-1.9935689,-0.447983
-1.9933689,-0.447983
-1.9931689,-0.383985
-1.9929689,-0.447983
-1.9927689,-0.415984
-1.9925689,-0.415984
-1.9923689,-0.447983
-1.9921689,-0.447983
-1.9919689,-0.415984
-1.9917689,-0.447983
-1.9915689,-0.383985
-1.9913689,-0.447983
-1.9911689,-0.415984
-1.9909689,-0.415984
-1.9907689,-0.447983
-1.9905689,-0.447983
-1.9903689,-0.415984
-1.9901689,-0.415984
-1.9899689,-0.447983
-1.9897689,-0.383985
-1.9895689,-0.383985
-1.9893689,-0.447983
-1.9891689,-0.415984
-1.9889689,-0.383985
-1.9887689,-0.415984
-1.9885689,-0.415984
-1.9883689,-0.447983
-1.9881689,-0.447983
-1.9879689,-0.415984
-1.9877689,-0.415984
-1.9875689,-0.447983
-1.9873689,-0.447983
-1.9871689,-0.415984
-1.9869689,-0.479982
-1.9867689,-0.415984
-1.9865689,-0.447983
-1.9863689,-0.447983
-1.9861689,-0.415984
-1.9859689,-0.415984
-1.9857689,-0.479982
-1.9855689,-0.415984
-1.9853689,-0.415984
-1.9851689,-0.383985
-1.9849689,-0.415984
-1.9847689,-0.415984
-1.9845689,-0.479982
-1.9843689,-0.447983
-1.9841689,-0.383985
-1.9839689,-0.447983
-1.9837689,-0.447983
-1.9835689,-0.415984
-1.9833689,-0.415984
-1.9831689,-0.447983
-1.9829689,-0.415984
-1.9827689,-0.479982
-1.9825689,-0.415984
-1.9823689,-0.415984
-1.9821689,-0.447983
-1.9819689,-0.415984
-1.9817689,-0.415984
-1.9815689,-0.51198
-1.9813689,-0.479982
-1.9811689,-0.383985
-1.9809689,-0.479982
-1.9807689,-0.447983
-1.9805689,-0.415984
-1.9803689,-0.447983
-1.9801689,-0.447983
-1.9799689,-0.415984
-1.9797689,-0.447983
-1.9795689,-0.447983
-1.9793689,-0.447983
-1.9791689,-0.447983
-1.9789689,-0.447983
-1.9787689,-0.447983
-1.9785689,-0.447983
-1.9783689,-0.447983
-1.9781689,-0.447983
-1.9779689,-0.447983
-1.9777689,-0.447983
-1.9775689,-0.415984
-1.9773689,-0.479982
-1.9771689,-0.415984
-1.9769689,-0.447983
-1.9767689,-0.447983
-1.9765689,-0.447983
-1.9763689,-0.415984
-1.9761689,-0.447983
-1.9759689,-0.415984
-1.9757689,-0.415984
-1.9755689,-0.479982
-1.9753689,-0.447983
-1.9751689,-0.447983
-1.9749689,-0.447983
-1.9747689,-0.447983
-1.9745689,-0.447983
-1.9743689,-0.447983
-1.9741689,-0.415984
-1.9739689,-0.447983
-1.9737689,-0.447983
-1.9735689,-0.447983
-1.9733689,-0.415984
-1.9731689,-0.479982
-1.9729689,-0.447983
-1.9727689,-0.415984
-1.9725689,-0.479982
-1.9723689,-0.447983
-1.9721689,-0.415984
-1.9719689,-0.447983
-1.9717689,-0.415984
-1.9715689,-0.415984
-1.9713689,-0.447983
-1.9711689,-0.415984
-1.9709689,-0.415984
-1.9707689,-0.447983
-1.9705689,-0.415984
-1.9703689,-0.415984
-1.9701689,-0.479982
-1.9699689,-0.479982
-1.9697689,-0.415984
-1.9695689,-0.447983
-1.9693689,-0.415984
-1.9691689,-0.415984
-1.9689689,-0.479982
-1.9687689,-0.415984
-1.9685689,-0.415984
-1.9683689,-0.447983
-1.9681689,-0.447983
-1.9679689,-0.415984
-1.9677689,-0.447983
-1.9675689,-0.415984
-1.9673689,-0.383985
-1.9671689,-0.351986
-1.9669689,-0.383985
-1.9667689,-0.415984
-1.9665689,-0.383985
-1.9663689,-0.415984
-1.9661689,-0.415984
-1.9659689,-0.383985
-1.9657689,-0.415984
-1.9655689,-0.351986
-1.9653689,-0.415984
-1.9651689,-0.415984
-1.9649689,-0.351986
-1.9647689,-0.383985
-1.9645689,-0.383985
-1.9643689,-0.351986
-1.9641689,-0.415984
-1.9639689,-0.383985
-1.9637689,-0.351986
-1.9635689,-0.383985
-1.9633689,-0.351986
-1.9631689,-0.351986
-1.9629689,-0.351986
-1.9627689,-0.351986
-1.9625689,-0.351986
-1.9623689,-0.319988
-1.9621689,-0.351986
-1.9619689,-0.351986
-1.9617689,-0.351986
-1.9615689,-0.319988
-1.9613689,-0.319988
-1.9611689,-0.351986
-1.9609689,-0.351986
-1.9607689,-0.351986
-1.9605689,-0.351986
-1.9603689,-0.383985
-1.9601689,-0.383985
-1.9599689,-0.383985
-1.9597689,-0.319988
-1.9595689,-0.319988
-1.9593689,-0.383985
-1.9591689,-0.287989
-1.9589689,-0.319988
-1.9587689,-0.383985
-1.9585689,-0.319988
-1.9583689,-0.287989
-1.9581689,-0.351986
-1.9579689,-0.351986
-1.9577689,-0.287989
-1.9575689,-0.319988
-1.9573689,-0.319988
-1.9571689,-0.287989
-1.9569689,-0.351986
-1.9567689,-0.319988
-1.9565689,-0.319988
-1.9563689,-0.287989
-1.9561689,-0.287989
-1.9559689,-0.319988
-1.9557689,-0.319988
-1.9555689,-0.287989
-1.9553689,-0.287989
-1.9551689,-0.287989
-1.9549689,-0.319988
-1.9547689,-0.287989
-1.9545689,-0.287989
-1.9543689,-0.25599
-1.9541689,-0.287989
-1.9539689,-0.25599
-1.9537689,-0.319988
-1.9535689,-0.287989
-1.9533689,-0.319988
-1.9531689,-0.25599
-1.9529689,-0.25599
-1.9527689,-0.25599
-1.9525689,-0.287989
-1.9523689,-0.25599
-1.9521689,-0.25599
-1.9519689,-0.287989
-1.9517689,-0.25599
-1.9515689,-0.319988
-1.9513689,-0.287989
-1.9511689,-0.223991
-1.9509689,-0.25599
-1.9507689,-0.223991
-1.9505689,-0.25599
-1.9503689,-0.287989
-1.9501689,-0.223991
-1.9499689,-0.25599
-1.9497689,-0.25599
-1.9495689,-0.223991
-1.9493689,-0.25599
-1.9491689,-0.25599
-1.9489689,-0.223991
-1.9487689,-0.287989
-1.9485689,-0.25599
-1.9483689,-0.25599
-1.9481689,-0.25599
-1.9479689,-0.223991
-1.9477689,-0.25599
-1.9475689,-0.223991
-1.9473689,-0.223991
-1.9471689,-0.223991
-1.9469689,-0.223991
-1.9467689,-0.25599
-1.9465689,-0.191993
-1.9463689,-0.223991
-1.9461689,-0.223991
-1.9459689,-0.191993
-1.9457689,-0.223991
-1.9455689,-0.223991
-1.9453689,-0.191993
-1.9451689,-0.25599
-1.9449689,-0.223991
-1.9447689,-0.223991
-1.9445689,-0.191993
-1.9443689,-0.223991
-1.9441689,-0.223991
-1.9439689,-0.223991
-1.9437689,-0.223991
-1.9435689,-0.223991
-1.9433689,-0.25599
-1.9431689,-0.191993
-1.9429689,-0.191993
-1.9427689,-0.223991
-1.9425689,-0.223991
-1.9423689,-0.223991
-1.9421689,-0.191993
-1.9419689,-0.223991
-1.9417689,-0.191993
-1.9415689,-0.223991
-1.9413689,-0.191993
-1.9411689,-0.223991
-1.9409689,-0.191993
-1.9407689,-0.223991
-1.9405689,-0.191993
-1.9403689,-0.223991
-1.9401689,-0.223991
-1.9399689,-0.191993
-1.9397689,-0.223991
-1.9395689,-0.191993
-1.9393689,-0.191993
-1.9391689,-0.223991
-1.9389689,-0.223991
-1.9387689,-0.159994
-1.9385689,-0.191993
-1.9383689,-0.191993
-1.9381689,-0.191993
-1.9379689,-0.223991
-1.9377689,-0.223991
-1.9375689,-0.191993
-1.9373689,-0.159994
-1.9371689,-0.191993
-1.9369689,-0.159994
-1.9367689,-0.191993
-1.9365689,-0.223991
-1.9363689,-0.191993
-1.9361689,-0.191993
-1.9359689,-0.159994
-1.9357689,-0.223991
-1.9355689,-0.191993
-1.9353689,-0.159994
-1.9351689,-0.159994
-1.9349689,-0.159994
-1.9347689,-0.159994
-1.9345689,-0.127995
-1.9343689,-0.191993
-1.9341689,-0.191993
-1.9339689,-0.159994
-1.9337689,-0.223991
-1.9335689,-0.159994
-1.9333689,-0.191993
-1.9331689,-0.191993
-1.9329689,-0.159994
-1.9327689,-0.159994
-1.9325689,-0.191993
-1.9323689,-0.191993
-1.9321689,-0.223991
-1.9319689,-0.159994
-1.9317689,-0.159994
-1.9315689,-0.191993
-1.9313689,-0.159994
-1.9311689,-0.223991
-1.9309689,-0.159994
-1.9307689,-0.191993
-1.9305689,-0.127995
-1.9303689,-0.159994
-1.9301689,-0.191993
-1.9299689,-0.159994
-1.9297689,-0.159994
-1.9295689,-0.191993
-1.9293689,-0.127995
-1.9291689,-0.127995
-1.9289689,-0.0959963
-1.9287689,-0.159994
-1.9285689,-0.127995
-1.9283689,-0.127995
-1.9281689,-0.127995
-1.9279689,-0.127995
-1.9277689,-0.127995
-1.9275689,-0.0959963
-1.9273689,-0.0959963
-1.9271689,-0.159994
-1.9269689,-0.127995
-1.9267689,-0.127995
-1.9265689,-0.127995
-1.9263689,-0.127995
-1.9261689,-0.127995
-1.9259689,-0.127995
-1.9257689,-0.159994
-1.9255689,-0.127995
-1.9253689,-0.127995
-1.9251689,-0.127995
-1.9249689,-0.127995
-1.9247689,-0.127995
-1.9245689,-0.127995
-1.9243689,-0.127995
-1.9241689,-0.127995
-1.9239689,-0.159994
-1.9237689,-0.0959963
-1.9235689,-0.191993
-1.9233689,-0.0959963
-1.9231689,-0.0959963
-1.9229689,-0.159994
-1.9227689,-0.127995
-1.9225689,-0.191993
-1.9223689,-0.127995
-1.9221689,-0.0959963
-1.9219689,-0.0959963
-1.9217689,-0.127995
-1.9215689,-0.159994
-1.9213689,-0.0959963
-1.9211689,-0.127995
-1.9209689,-0.0959963
-1.9207689,-0.127995
-1.9205689,-0.0959963
-1.9203689,-0.0959963
-1.9201689,-0.0639975
-1.9199689,-0.159994
-1.9197689,-0.159994
-1.9195689,-0.0639975
-1.9193689,-0.127995
-1.9191689,-0.127995
-1.9189689,-0.0959963
-1.9187689,-0.0959963
-1.9185689,-0.0639975
-1.9183689,-0.0639975
-1.9181689,-0.127995
-1.9179689,-0.0959963
-1.9177689,-0.0959963
-1.9175689,-0.0639975
-1.9173689,-0.127995
-1.9171689,-0.0959963
-1.9169689,-0.0959963
-1.9167689,-0.0639975
-1.9165689,-0.0959963
-1.9163689,-0.0639975
-1.9161689,-0.0639975
-1.9159689,-0.0319988
-1.9157689,-0.0639975
-1.9155689,-0.0639975
-1.9153689,-0.0319988
-1.9151689,-0.0959963
-1.9149689,-0.0959963
-1.9147689,-0.0639975
-1.9145689,-0.0959963
-1.9143689,-0.0959963
-1.9141689,-0.0959963
-1.9139689,-0.0639975
-1.9137689,-0.0959963
-1.9135689,-0.0959963
-1.9133689,-0.0639975
-1.9131689,-0.0319988
-1.9129689,-0.0959963
-1.9127689,-0.0959963
-1.9125689,-0.0639975
-1.9123689,-0.0959963
-1.9121689,-0.0959963
-1.9119689,-0.0319988
-1.9117689,-0.0319988
-1.9115689,-0.0639975
-1.9113689,-0.0959963
-1.9111689,-0.0319988
-1.9109689,-0.0959963
-1.9107689,-0.0319988
-1.9105689,-0.0639975
-1.9103689,-0.0959963
-1.9101689,-0.0959963
-1.9099689,-0.0639975
-1.9097689,-0.0639975
-1.9095689,-0.127995
-1.9093689,-0.0959963
-1.9091689,-0.127995
-1.9089689,-0.0639975
-1.9087689,-0.0959963
-1.9085689,-0.127995
-1.9083689,-0.0639975
-1.9081689,-0.0639975
-1.9079689,-0.0639975
-1.9077689,-0.0639975
-1.9075689,-0.0959963
-1.9073689,-0.127995
-1.9071689,-0.0959963
-1.9069689,-0.0959963
-1.9067689,-0.127995
-1.9065689,-0.0959963
-1.9063689,-0.127995
-1.9061689,-0.127995
-1.9059689,-0.0959963
-1.9057689,-0.0959963
-1.9055689,-0.0959963
-1.9053689,-0.127995
-1.9051689,-0.0959963
-1.9049689,-0.127995
-1.9047689,-0.0959963
-1.9045689,-0.127995
-1.9043689,-0.127995
-1.9041689,-0.0959963
-1.9039689,-0.0959963
-1.9037689,-0.159994
-1.9035689,-0.0639975
-1.9033689,-0.127995
-1.9031689,-0.0959963
-1.9029689,-0.127995
-1.9027689,-0.0639975
-1.9025689,-0.127995
-1.9023689,-0.0959963
-1.9021689,-0.127995
-1.9019689,-0.159994
-1.9017689,-0.127995
-1.9015689,-0.127995
-1.9013689,-0.159994
-1.9011689,-0.127995
-1.9009689,-0.0959963
-1.9007689,-0.159994
-1.9005689,-0.127995
-1.9003689,-0.0959963
-1.9001689,-0.191993
-1.8999689,-0.127995
-1.8997689,-0.127995
-1.8995689,-0.159994
-1.8993689,-0.127995
-1.8991689,-0.127995
-1.8989689,-0.159994
-1.8987689,-0.127995
-1.8985689,-0.127995
-1.8983689,-0.159994
-1.8981689,-0.127995
-1.8979689,-0.127995
-1.8977689,-0.159994
-1.8975689,-0.159994
-1.8973689,-0.159994
-1.8971689,-0.159994
-1.8969689,-0.159994
-1.8967689,-0.191993
-1.8965689,-0.191993
-1.8963689,-0.159994
-1.8961689,-0.127995
-1.8959689,-0.191993
-1.8957689,-0.159994
-1.8955689,-0.159994
-1.8953689,-0.159994
-1.8951689,-0.127995
-1.8949689,-0.127995
-1.8947689,-0.127995
-1.8945689,-0.127995
-1.8943689,-0.127995
-1.8941689,-0.191993
-1.8939689,-0.159994
-1.8937689,-0.159994
-1.8935689,-0.159994
-1.8933689,-0.127995
-1.8931689,-0.159994
-1.8929689,-0.159994
-1.8927689,-0.159994
-1.8925689,-0.127995
-1.8923689,-0.159994
-1.8921689,-0.159994
-1.8919689,-0.159994
-1.8917689,-0.159994
-1.8915689,-0.191993
-1.8913689,-0.159994
-1.8911689,-0.159994
-1.8909689,-0.159994
-1.8907689,-0.127995
-1.8905689,-0.159994
-1.8903689,-0.159994
-1.8901689,-0.0959963
-1.8899689,-0.159994
-1.8897689,-0.159994
-1.8895689,-0.127995
-1.8893689,-0.159994
-1.8891689,-0.159994
-1.8889689,-0.159994
-1.8887689,-0.159994
-1.8885689,-0.127995
-1.8883689,-0.127995
-1.8881689,-0.159994
-1.8879689,-0.159994
-1.8877689,-0.127995
-1.8875689,-0.127995
-1.8873689,-0.127995
-1.8871689,-0.0959963
-1.8869689,-0.127995
-1.8867689,-0.127995
-1.8865689,-0.159994
-1.8863689,-0.127995
-1.8861689,-0.159994
-1.8859689,-0.159994
-1.8857689,-0.191993
-1.8855689,-0.127995
-1.8853689,-0.127995
-1.8851689,-0.127995
-1.8849689,-0.159994
-1.8847689,-0.0959963
-1.8845689,-0.159994
-1.8843689,-0.127995
-1.8841689,-0.159994
-1.8839689,-0.159994
-1.8837689,-0.191993
-1.8835689,-0.127995
-1.8833689,-0.191993
-1.8831689,-0.127995
-1.8829689,-0.0959963
-1.8827689,-0.127995
-1.8825689,-0.0959963
-1.8823689,-0.0959963
-1.8821689,-0.159994
-1.8819689,-0.159994
-1.8817689,-0.127995
-1.8815689,-0.127995
-1.8813689,-0.0959963
-1.8811689,-0.0959963
-1.8809689,-0.127995
-1.8807689,-0.127995
-1.8805689,-0.127995
-1.8803689,-0.127995
-1.8801689,-0.127995
-1.8799689,-0.0959963
-1.8797689,-0.127995
-1.8795689,-0.127995
-1.8793689,-0.0959963
-1.8791689,-0.159994
-1.8789689,-0.127995
-1.8787689,-0.0959963
-1.8785689,-0.127995
-1.8783689,-0.127995
-1.8781689,-0.0319988
-1.8779689,-0.0959963
-1.8777689,-0.0639975
-1.8775689,-0.0959963
-1.8773689,-0.0959963
-1.8771689,-0.0959963
-1.8769689,-0.0959963
-1.8767689,-0.0959963
-1.8765689,-0.0639975
-1.8763689,-0.0639975
-1.8761689,-0.0959963
-1.8759689,-0.0639975
-1.8757689,-0.0959963
-1.8755689,-0.0959963
-1.8753689,-0.0959963
-1.8751689,-0.0639975
-1.8749689,-0.0959963
-1.8747689,-0.0639975
-1.8745689,-0.0319988
-1.8743689,-0.0959963
-1.8741689,-0.0639975
-1.8739689,-0.0319988
-1.8737689,-0.0959963
-1.8735689,-0.0639975
-1.8733689,-0.0319988
-1.8731689,-0.0639975
-1.8729689,-0.0639975
-1.8727689,-0.0319988
-1.8725689,-0.0639975
-1.8723689,-0.0639975
-1.8721689,0
-1.8719689,-0.0639975
-1.8717689,-0.0319988
-1.8715689,-0.0639975
-1.8713689,-0.0639975
-1.8711689,-0.0319988
-1.8709689,-0.0639975
-1.8707689,-0.0639975
-1.8705689,-0.0639975
-1.8703689,-0.0639975
-1.8701689,-0.0959963
-1.8699689,-0.0319988
-1.8697689,-0.0639975
-1.8695689,-0.0639975
-1.8693689,-0.0319988
-1.8691689,-0.0639975
-1.8689689,-0.0319988
-1.8687689,-0.0319988
-1.8685689,-0.0639975
-1.8683689,-0.0639975
-1.8681689,0
-1.8679689,0
-1.8677689,-0.0959963
-1.8675689,-0.0319988
-1.8673689,0
-1.8671689,-0.0319988
-1.8669689,0
-1.8667689,-0.0639975
-1.8665689,-0.0319988
-1.8663689,-0.0319988
-1.8661689,-0.0319988
-1.8659689,-0.0319988
-1.8657689,0
-1.8655689,0.0319988
-1.8653689,-0.0639975
-1.8651689,0
-1.8649689,0
-1.8647689,-0.0319988
-1.8645689,-0.0319988
-1.8643689,0.0639975
-1.8641689,-0.0319988
-1.8639689,-0.0319988
-1.8637689,0
-1.8635689,0
-1.8633689,0
-1.8631689,0.0319988
-1.8629689,0
-1.8627689,-0.0319988
-1.8625689,0.0319988
-1.8623689,0
-1.8621689,-0.0319988
-1.8619689,0.0319988
-1.8617689,0
-1.8615689,0.0319988
-1.8613689,0
-1.8611689,0.0319988
-1.8609689,0.0319988
-1.8607689,0
-1.8605689,0
-1.8603689,0
-1.8601689,0
-1.8599689,-0.0639975
-1.8597689,0.0319988
-1.8595689,0.0319988
-1.8593689,-0.0319988
-1.8591689,0.0319988
-1.8589689,0.0319988
-1.8587689,0
-1.8585689,0.0319988
-1.8583689,0
-1.8581689,0
-1.8579689,0
-1.8577689,0
-1.8575689,0
-1.8573689,0.0319988
-1.8571689,0
-1.8569689,-0.0319988
-1.8567689,0
-1.8565689,0
-1.8563689,0
-1.8561689,0
-1.8559689,0.0639975
-1.8557689,-0.0319988
-1.8555689,0
-1.8553689,-0.0319988
-1.8551689,0
-1.8549689,0
-1.8547689,0
-1.8545689,-0.0319988
-1.8543689,0
-1.8541689,-0.0319988
-1.8539689,0
-1.8537689,-0.0319988
-1.8535689,0
-1.8533689,0
-1.8531689,-0.0319988
-1.8529689,0
-1.8527689,0
-1.8525689,0.0319988
-1.8523689,0.0319988
-1.8521689,0.0319988
-1.8519689,0
-1.8517689,0
-1.8515689,-0.0319988
-1.8513689,0
-1.8511689,0
-1.8509689,-0.0319988
-1.8507689,0
-1.8505689,0
-1.8503689,0
-1.8501689,-0.0319988
-1.8499689,0.0639975
-1.8497689,0
-1.8495689,0.0319988
-1.8493689,-0.0319988
-1.8491689,-0.0319988
-1.8489689,0
-1.8487689,-0.0319988
-1.8485689,-0.0319988
-1.8483689,0
-1.8481689,0.0319988
-1.8479689,-0.0319988
-1.8477689,-0.0319988
-1.8475689,0.0319988
-1.8473689,0
-1.8471689,0
-1.8469689,0.0319988
-1.8467689,-0.0319988
-1.8465689,0.0319988
-1.8463689,0
-1.8461689,0
-1.8459689,0
-1.8457689,0
-1.8455689,0
-1.8453689,0
-1.8451689,0.0319988
-1.8449689,0
-1.8447689,0
-1.8445689,0.0639975
-1.8443689,0.0319988
-1.8441689,0
-1.8439689,0
-1.8437689,-0.0319988
-1.8435689,-0.0319988
-1.8433689,0
-1.8431689,-0.0319988
-1.8429689,0
-1.8427689,0.0639975
-1.8425689,0.0639975
-1.8423689,0.0319988
-1.8421689,0.0319988
-1.8419689,0
-1.8417689,0
-1.8415689,0
-1.8413689,0
-1.8411689,0.0319988
-1.8409689,0
-1.8407689,0
-1.8405689,0.0319988
-1.8403689,0.0319988
-1.8401689,-0.0319988
-1.8399689,0.0319988
-1.8397689,0.0319988
-1.8395689,0.0319988
-1.8393689,0
-1.8391689,0
-1.8389689,-0.0319988
-1.8387689,0.0319988
-1.8385689,0
-1.8383689,0.0319988
-1.8381689,0.0319988
-1.8379689,0.0639975
-1.8377689,0
-1.8375689,0.0319988
-1.8373689,0.0319988
-1.8371689,0.0319988
-1.8369689,0.0319988
-1.8367689,0.0319988
-1.8365689,0.0319988
-1.8363689,0.0319988
-1.8361689,0.0319988
-1.8359689,0
-1.8357689,0.0319988
-1.8355689,0.0319988
-1.8353689,0.0639975
-1.8351689,0.0319988
-1.8349689,0.0319988
-1.8347689,0.0319988
-1.8345689,0
-1.8343689,0.0639975
-1.8341689,0
-1.8339689,0.0319988
-1.8337689,0.0319988
-1.8335689,0.0319988
-1.8333689,0
-1.8331689,0.0319988
-1.8329689,-0.0319988
-1.8327689,0
-1.8325689,0.0319988
-1.8323689,0
-1.8321689,0.0319988
-1.8319689,0.0319988
-1.8317689,0
-1.8315689,0.0319988
-1.8313689,0
-1.8311689,0.0319988
-1.8309689,0
-1.8307689,0.0319988
-1.8305689,0
-1.8303689,0.0319988
-1.8301689,0
-1.8299689,0
-1.8297689,0.0639975
-1.8295689,0
-1.8293689,0
-1.8291689,0
-1.8289689,0
-1.8287689,-0.0319988
-1.8285689,0.0639975
-1.8283689,0
-1.8281689,0
-1.8279689,0.0319988
-1.8277689,0.0319988
-1.8275689,0.0319988
-1.8273689,0
-1.8271689,0.0319988
-1.8269689,0
-1.8267689,0
-1.8265689,0.0639975
-1.8263689,0.0319988
-1.8261689,0.0319988
-1.8259689,0.0319988
-1.8257689,0
-1.8255689,-0.0319988
-1.8253689,0.0319988
-1.8251689,0
-1.8249689,-0.0319988
-1.8247689,0.0319988
-1.8245689,0.0959963
-1.8243689,0.0319988
-1.8241689,0.0319988
-1.8239689,-0.0319988
-1.8237689,0
-1.8235689,0.0319988
-1.8233689,-0.0319988
-1.8231689,0.0319988
-1.8229689,0.0319988
-1.8227689,0.0319988
-1.8225689,0.0319988
-1.8223689,0.0639975
-1.8221689,0.0319988
-1.8219689,0.0319988
-1.8217689,0.0319988
-1.8215689,0.0319988
-1.8213689,0.0639975
-1.8211689,0.0319988
-1.8209689,0.0639975
-1.8207689,0.0319988
-1.8205689,0.0639975
-1.8203689,0
-1.8201689,0.0319988
-1.8199689,0.0639975
-1.8197689,0.0639975
-1.8195689,0.0639975
-1.8193689,0.0639975
-1.8191689,-0.0319988
-1.8189689,0.0639975
-1.8187689,0.0319988
-1.8185689,0.0319988
-1.8183689,0.0319988
-1.8181689,0.0319988
-1.8179689,0.0319988
-1.8177689,0.0319988
-1.8175689,0.0319988
-1.8173689,0.0319988
-1.8171689,0.0639975
-1.8169689,0.0639975
-1.8167689,0.0319988
-1.8165689,0.0319988
-1.8163689,0.0639975
-1.8161689,0
-1.8159689,0.0639975
-1.8157689,0.0319988
-1.8155689,0
-1.8153689,0
-1.8151689,0.0319988
-1.8149689,0.0319988
-1.8147689,0.0639975
-1.8145689,0.0639975
-1.8143689,0
-1.8141689,0.0319988
-1.8139689,0.0319988
-1.8137689,-0.0319988
-1.8135689,0.0639975
-1.8133689,0.0639975
-1.8131689,0.0319988
-1.8129689,0.0319988
-1.8127689,0.0639975
-1.8125689,0.0319988
-1.8123689,0.0319988
-1.8121689,0.0319988
-1.8119689,0.0319988
-1.8117689,0.0639975
-1.8115689,0.0319988
-1.8113689,0
-1.8111689,-0.0319988
-1.8109689,0.0319988
-1.8107689,0
-1.8105689,0.0639975
-1.8103689,0.0319988
-1.8101689,0
-1.8099689,0.0639975
-1.8097689,0.0319988
-1.8095689,0.0639975
-1.8093689,0.0319988
-1.8091689,0.0319988
-1.8089689,0
-1.8087689,0
-1.8085689,0.0319988
-1.8083689,0
-1.8081689,0.0319988
-1.8079689,0
-1.8077689,0
-1.8075689,0
-1.8073689,0.0319988
-1.8071689,0
-1.8069689,0.0319988
-1.8067689,0
-1.8065689,-0.0639975
-1.8063689,0
-1.8061689,0
-1.8059689,0
-1.8057689,0
-1.8055689,0.0639975
-1.8053689,-0.0319988
-1.8051689,0
-1.8049689,0.0639975
-1.8047689,-0.0319988
-1.8045689,0.0319988
-1.8043689,0
-1.8041689,-0.0639975
-1.8039689,0
-1.8037689,0
-1.8035689,-0.0639975
-1.8033689,0
-1.8031689,0
-1.8029689,0
-1.8027689,0.0319988
-1.8025689,-0.0319988
-1.8023689,-0.0319988
-1.8021689,0.0319988
-1.8019689,0.0639975
-1.8017689,0
-1.8015689,0
-1.8013689,-0.0319988
-1.8011689,-0.0319988
-1.8009689,0
-1.8007689,0
-1.8005689,-0.0639975
-1.8003689,-0.0319988
-1.8001689,-0.0319988
-1.7999689,0
-1.7997689,-0.0639975
-1.7995689,-0.0639975
-1.7993689,-0.0959963
-1.7991689,-0.0639975
-1.7989689,-0.0319988
-1.7987689,-0.0639975
-1.7985689,-0.0639975
-1.7983689,-0.0319988
-1.7981689,-0.0959963
-1.7979689,-0.0639975
-1.7977689,-0.0319988
-1.7975689,-0.0639975
-1.7973689,-0.0639975
-1.7971689,0
-1.7969689,-0.0639975
-1.7967689,-0.0639975
-1.7965689,-0.0319988
-1.7963689,-0.0639975
-1.7961689,-0.0319988
-1.7959689,-0.0319988
-1.7957689,-0.0319988
-1.7955689,-0.0639975
-1.7953689,0
-1.7951689,-0.0959963
-1.7949689,-0.0319988
-1.7947689,-0.0319988
-1.7945689,-0.0959963
-1.7943689,-0.0319988
-1.7941689,-0.0319988
-1.7939689,-0.0639975
-1.7937689,-0.0319988
-1.7935689,0
-1.7933689,-0.0639975
-1.7931689,-0.0319988
-1.7929689,0
-1.7927689,-0.0639975
-1.7925689,-0.0319988
-1.7923689,-0.0639975
-1.7921689,-0.0639975
-1.7919689,-0.0319988
-1.7917689,-0.0959963
-1.7915689,-0.0319988
-1.7913689,-0.0319988
-1.7911689,-0.0639975
-1.7909689,-0.0959963
-1.7907689,-0.0319988
-1.7905689,-0.0319988
-1.7903689,-0.0639975
-1.7901689,-0.0319988
-1.7899689,-0.0639975
-1.7897689,-0.0639975
-1.7895689,-0.0319988
-1.7893689,0
-1.7891689,-0.0639975
-1.7889689,-0.0639975
-1.7887689,-0.0639975
-1.7885689,-0.0639975
-1.7883689,-0.0959963
-1.7881689,-0.0639975
-1.7879689,-0.0959963
-1.7877689,-0.0319988
-1.7875689,-0.0959963
-1.7873689,-0.127995
-1.7871689,-0.0639975
-1.7869689,-0.0639975
-1.7867689,-0.0959963
-1.7865689,-0.0639975
-1.7863689,-0.0959963
-1.7861689,-0.127995
-1.7859689,-0.0959963
-1.7857689,-0.0639975
-1.7855689,-0.0959963
-1.7853689,-0.0959963
-1.7851689,-0.0959963
-1.7849689,-0.0959963
-1.7847689,-0.0639975
-1.7845689,-0.0639975
-1.7843689,-0.0959963
-1.7841689,-0.127995
-1.7839689,-0.0959963
-1.7837689,-0.0959963
-1.7835689,-0.0959963
-1.7833689,-0.127995
-1.7831689,-0.159994
-1.7829689,-0.0959963
-1.7827689,-0.0959963
-1.7825689,-0.0959963
-1.7823689,-0.0959963
-1.7821689,-0.0959963
-1.7819689,-0.127995
-1.7817689,-0.0959963
-1.7815689,-0.0639975
-1.7813689,-0.0959963
-1.7811689,-0.127995
-1.7809689,-0.0959963
-1.7807689,-0.0959963
-1.7805689,-0.0959963
-1.7803689,-0.0639975
-1.7801689,-0.127995
-1.7799689,-0.0959963
-1.7797689,-0.127995
-1.7795689,-0.127995
-1.7793689,-0.0959963
-1.7791689,-0.0959963
-1.7789689,-0.127995
-1.7787689,-0.127995
-1.7785689,-0.127995
-1.7783689,-0.127995
-1.7781689,-0.127995
-1.7779689,-0.0959963
-1.7777689,-0.159994
-1.7775689,-0.127995
-1.7773689,-0.127995
-1.7771689,-0.127995
-1.7769689,-0.0959963
-1.7767689,-0.0959963
-1.7765689,-0.159994
-1.7763689,-0.127995
-1.7761689,-0.127995
-1.7759689,-0.127995
-1.7757689,-0.127995
-1.7755689,-0.0959963
-1.7753689,-0.127995
-1.7751689,-0.127995
-1.7749689,-0.127995
-1.7747689,-0.127995
-1.7745689,-0.127995
-1.7743689,-0.127995
-1.7741689,-0.159994
-1.7739689,-0.159994
-1.7737689,-0.0959963
-1.7735689,-0.127995
-1.7733689,-0.159994
-1.7731689,-0.0959963
-1.7729689,-0.159994
-1.7727689,-0.0959963
-1.7725689,-0.159994
-1.7723689,-0.0959963
-1.7721689,-0.127995
-1.7719689,-0.127995
-1.7717689,-0.159994
-1.7715689,-0.159994
-1.7713689,-0.127995
-1.7711689,-0.159994
-1.7709689,-0.159994
-1.7707689,-0.127995
-1.7705689,-0.127995
-1.7703689,-0.127995
-1.7701689,-0.0959963
-1.7699689,-0.159994
-1.7697689,-0.0959963
-1.7695689,-0.0959963
-1.7693689,-0.127995
-1.7691689,-0.0639975
-1.7689689,-0.159994
-1.7687689,-0.127995
-1.7685689,-0.127995
-1.7683689,-0.159994
-1.7681689,-0.127995
-1.7679689,-0.0959963
-1.7677689,-0.0959963
-1.7675689,-0.159994
-1.7673689,-0.127995
-1.7671689,-0.127995
-1.7669689,-0.159994
-1.7667689,-0.0959963
-1.7665689,-0.0959963
-1.7663689,-0.0959963
-1.7661689,-0.0959963
-1.7659689,-0.0959963
-1.7657689,-0.127995
-1.7655689,-0.0959963
-1.7653689,-0.0959963
-1.7651689,-0.0959963
-1.7649689,-0.0639975
-1.7647689,-0.0959963
-1.7645689,-0.127995
-1.7643689,-0.0639975
-1.7641689,-0.0639975
-1.7639689,-0.0959963
-1.7637689,-0.0639975
-1.7635689,-0.0639975
-1.7633689,-0.159994
-1.7631689,-0.0959963
-1.7629689,-0.0639975
-1.7627689,-0.0959963
-1.7625689,-0.0959963
-1.7623689,-0.0639975
-1.7621689,-0.0959963
-1.7619689,-0.0959963
-1.7617689,-0.0319988
-1.7615689,-0.159994
-1.7613689,-0.0959963
-1.7611689,-0.0959963
-1.7609689,-0.0959963
-1.7607689,-0.0959963
-1.7605689,-0.0959963
-1.7603689,-0.0959963
-1.7601689,-0.0959963
-1.7599689,-0.0959963
-1.7597689,-0.0959963
-1.7595689,-0.0959963
-1.7593689,-0.0639975
-1.7591689,-0.0639975
-1.7589689,-0.0959963
-1.7587689,-0.0639975
-1.7585689,-0.0959963
-1.7583689,-0.0639975
-1.7581689,-0.0959963
-1.7579689,-0.0959963
-1.7577689,-0.0639975
-1.7575689,-0.0959963
-1.7573689,-0.127995
-1.7571689,-0.0639975
-1.7569689,-0.0959963
-1.7567689,-0.0959963
-1.7565689,-0.0639975
-1.7563689,-0.0319988
-1.7561689,-0.0639975
-1.7559689,-0.0959963
-1.7557689,-0.0319988
-1.7555689,-0.0959963
-1.7553689,-0.0639975
-1.7551689,-0.0319988
-1.7549689,-0.0639975
-1.7547689,-0.0639975
-1.7545689,0
-1.7543689,-0.0959963
-1.7541689,-0.0639975
-1.7539689,-0.0319988
-1.7537689,-0.0319988
-1.7535689,-0.0319988
-1.7533689,-0.0319988
-1.7531689,-0.0639975
-1.7529689,0
-1.7527689,-0.0319988
-1.7525689,-0.0319988
-1.7523689,-0.0639975
-1.7521689,-0.0319988
-1.7519689,-0.0319988
-1.7517689,0
-1.7515689,-0.0319988
-1.7513689,-0.0319988
-1.7511689,0
-1.7509689,0
-1.7507689,0
-1.7505689,0
-1.7503689,0
-1.7501689,0
-1.7499689,0
-1.7497689,-0.0319988
-1.7495689,0
-1.7493689,0
-1.7491689,0
-1.7489689,0
-1.7487689,0
-1.7485689,-0.0319988
-1.7483689,-0.0639975
-1.7481689,0
-1.7479689,0.0319988
-1.7477689,-0.0319988
-1.7475689,0
-1.7473689,0.0319988
-1.7471689,0
-1.7469689,0.0319988
-1.7467689,0.0319988
-1.7465689,0.0319988
-1.7463689,0
-1.7461689,0.0319988
-1.7459689,0
-1.7457689,0.0319988
-1.7455689,0.0319988
-1.7453689,0.0319988
-1.7451689,0.0319988
-1.7449689,0.0319988
-1.7447689,0
-1.7445689,0.0319988
-1.7443689,0.0319988
-1.7441689,0
-1.7439689,0
-1.7437689,0
-1.7435689,0
-1.7433689,0.0319988
-1.7431689,0
-1.7429689,0
-1.7427689,0.0319988
-1.7425689,0.0319988
-1.7423689,0.0639975
-1.7421689,0.0319988
-1.7419689,0
-1.7417689,0.0319988
-1.7415689,0.0319988
-1.7413689,0.0639975
-1.7411689,0.0319988
-1.7409689,0.0319988
-1.7407689,0.0639975
-1.7405689,0.0319988
-1.7403689,0.0319988
-1.7401689,0.0319988
-1.7399689,0
-1.7397689,0.0319988
-1.7395689,0.0639975
-1.7393689,0.0319988
-1.7391689,0.0319988
-1.7389689,0
-1.7387689,0.0319988
-1.7385689,0.0639975
-1.7383689,0.0639975
-1.7381689,0.0319988
-1.7379689,0.0319988
-1.7377689,0.0639975
-1.7375689,0.0319988
-1.7373689,0.0319988
-1.7371689,0.0319988
-1.7369689,0.0639975
-1.7367689,0.0639975
-1.7365689,0.0319988
-1.7363689,0
-1.7361689,0
-1.7359689,0.0319988
-1.7357689,0.0319988
-1.7355689,0.0639975
-1.7353689,0.0319988
-1.7351689,0
-1.7349689,0
-1.7347689,0.0319988
-1.7345689,0.0319988
-1.7343689,0
-1.7341689,0.0319988
-1.7339689,0.0319988
-1.7337689,0.0319988
-1.7335689,0.0639975
-1.7333689,0
-1.7331689,0.0319988
-1.7329689,0.0639975
-1.7327689,0
-1.7325689,0.0319988
-1.7323689,0.0319988
-1.7321689,0.0319988
-1.7319689,0.0319988
-1.7317689,0.0639975
-1.7315689,-0.0319988
-1.7313689,0.0319988
-1.7311689,0.0319988
-1.7309689,0
-1.7307689,0.0319988
-1.7305689,0.0319988
-1.7303689,0.0319988
-1.7301689,0.0319988
-1.7299689,0.0319988
-1.7297689,0
-1.7295689,0.0319988
-1.7293689,0.0319988
-1.7291689,0.0319988
-1.7289689,0.0639975
-1.7287689,0.0319988
-1.7285689,0.0319988
-1.7283689,0.0319988
-1.7281689,0.0319988
-1.7279689,0
-1.7277689,0.0319988
-1.7275689,0
-1.7273689,-0.0319988
-1.7271689,-0.0319988
-1.7269689,-0.0319988
-1.7267689,-0.0319988
-1.7265689,0.0319988
-1.7263689,0.0639975
-1.7261689,0
-1.7259689,0.0319988
-1.7257689,0.0319988
-1.7255689,-0.0319988
-1.7253689,0
-1.7251689,0
-1.7249689,-0.0319988
-1.7247689,-0.0319988
-1.7245689,0.0319988
-1.7243689,-0.0319988
-1.7241689,-0.0319988
-1.7239689,0
-1.7237689,-0.0319988
-1.7235689,0
-1.7233689,0
-1.7231689,-0.0639975
-1.7229689,0
-1.7227689,0
-1.7225689,-0.0319988
-1.7223689,-0.0319988
-1.7221689,-0.0319988
-1.7219689,-0.0319988
-1.7217689,-0.0319988
-1.7215689,0
-1.7213689,0
-1.7211689,-0.0639975
-1.7209689,-0.0319988
-1.7207689,-0.0639975
-1.7205689,0
-1.7203689,-0.0639975
-1.7201689,-0.0319988
-1.7199689,0
-1.7197689,0
-1.7195689,-0.0639975
-1.7193689,-0.0319988
-1.7191689,0
-1.7189689,-0.0319988
-1.7187689,0
-1.7185689,0
-1.7183689,-0.0319988
-1.7181689,0
-1.7179689,0
-1.7177689,-0.0319988
-1.7175689,-0.0319988
-1.7173689,-0.0319988
-1.7171689,-0.0639975
-1.7169689,-0.0639975
-1.7167689,-0.0319988
-1.7165689,-0.0319988
-1.7163689,-0.0319988
-1.7161689,0.0319988
-1.7159689,-0.0639975
-1.7157689,-0.0319988
-1.7155689,0.0319988
-1.7153689,-0.0639975
-1.7151689,-0.0319988
-1.7149689,0
-1.7147689,0
-1.7145689,0
-1.7143689,-0.0319988
-1.7141689,0.0319988
-1.7139689,0
-1.7137689,0
-1.7135689,-0.0319988
-1.7133689,-0.0319988
-1.7131689,-0.0319988
-1.7129689,0
-1.7127689,0
-1.7125689,-0.0319988
-1.7123689,0
-1.7121689,0
-1.7119689,0
-1.7117689,0
-1.7115689,0
-1.7113689,0
-1.7111689,-0.0639975
-1.7109689,-0.0319988
-1.7107689,0
-1.7105689,-0.0319988
-1.7103689,0
-1.7101689,-0.0319988
-1.7099689,-0.0319988
-1.7097689,0.0319988
-1.7095689,-0.0319988
-1.7093689,-0.0639975
-1.7091689,0
-1.7089689,-0.0639975
-1.7087689,-0.0319988
-1.7085689,-0.0319988
-1.7083689,-0.0639975
-1.7081689,-0.0319988
-1.7079689,0
-1.7077689,0
-1.7075689,-0.0319988
-1.7073689,-0.0319988
-1.7071689,0
-1.7069689,0
-1.7067689,0.0319988
-1.7065689,-0.0639975
-1.7063689,-0.0319988
-1.7061689,-0.0319988
-1.7059689,-0.0319988
-1.7057689,-0.0639975
-1.7055689,-0.0319988
-1.7053689,0.0319988
-1.7051689,-0.0639975
-1.7049689,-0.0319988
-1.7047689,0
-1.7045689,-0.0319988
-1.7043689,-0.0319988
-1.7041689,-0.0639975
-1.7039689,-0.0319988
-1.7037689,-0.0319988
-1.7035689,0
-1.7033689,-0.0959963
-1.7031689,-0.0319988
-1.7029689,-0.0639975
-1.7027689,-0.0639975
-1.7025689,-0.0639975
-1.7023689,-0.0639975
-1.7021689,-0.0959963
-1.7019689,-0.0959963
-1.7017689,0
-1.7015689,-0.0959963
-1.7013689,-0.0319988
-1.7011689,-0.0639975
-1.7009689,-0.0959963
-1.7007689,-0.0959963
-1.7005689,-0.0959963
-1.7003689,-0.0959963
-1.7001689,-0.0639975
-1.6999689,-0.0639975
-1.6997689,-0.127995
-1.6995689,-0.0959963
-1.6993689,-0.0959963
-1.6991689,-0.0319988
-1.6989689,-0.0639975
-1.6987689,-0.0319988
-1.6985689,-0.0959963
-1.6983689,-0.127995
-1.6981689,-0.0959963
-1.6979689,-0.0959963
-1.6977689,-0.0639975
-1.6975689,-0.127995
-1.6973689,-0.0959963
-1.6971689,-0.0639975
-1.6969689,-0.0639975
-1.6967689,-0.127995
-1.6965689,-0.0639975
-1.6963689,-0.0959963
-1.6961689,-0.127995
-1.6959689,-0.127995
-1.6957689,-0.0959963
-1.6955689,-0.127995
-1.6953689,-0.0639975
-1.6951689,-0.0639975
-1.6949689,-0.0959963
-1.6947689,-0.0639975
-1.6945689,-0.0959963
-1.6943689,-0.159994
-1.6941689,-0.127995
-1.6939689,-0.0959963
-1.6937689,-0.0959963
-1.6935689,-0.127995
-1.6933689,-0.127995
-1.6931689,-0.0959963
-1.6929689,-0.127995
-1.6927689,-0.0959963
-1.6925689,-0.0959963
-1.6923689,-0.127995
-1.6921689,-0.0959963
-1.6919689,-0.0959963
-1.6917689,-0.127995
-1.6915689,-0.0959963
-1.6913689,-0.0959963
-1.6911689,-0.0959963
-1.6909689,-0.0959963
-1.6907689,-0.127995
-1.6905689,-0.127995
-1.6903689,-0.0959963
-1.6901689,-0.159994
-1.6899689,-0.0959963
-1.6897689,-0.0959963
-1.6895689,-0.127995
-1.6893689,-0.127995
-1.6891689,-0.127995
-1.6889689,-0.159994
-1.6887689,-0.0959963
-1.6885689,-0.127995
-1.6883689,-0.127995
-1.6881689,-0.127995
-1.6879689,-0.127995
-1.6877689,-0.127995
-1.6875689,-0.159994
-1.6873689,-0.127995
-1.6871689,-0.159994
-1.6869689,-0.127995
-1.6867689,-0.191993
-1.6865689,-0.191993
-1.6863689,-0.159994
-1.6861689,-0.159994
-1.6859689,-0.159994
-1.6857689,-0.191993
-1.6855689,-0.127995
-1.6853689,-0.159994
-1.6851689,-0.159994
-1.6849689,-0.127995
-1.6847689,-0.191993
-1.6845689,-0.127995
-1.6843689,-0.159994
-1.6841689,-0.127995
-1.6839689,-0.159994
-1.6837689,-0.127995
-1.6835689,-0.191993
-1.6833689,-0.191993
-1.6831689,-0.0959963
-1.6829689,-0.191993
-1.6827689,-0.159994
-1.6825689,-0.127995
-1.6823689,-0.159994
-1.6821689,-0.159994
-1.6819689,-0.0959963
-1.6817689,-0.223991
-1.6815689,-0.159994
-1.6813689,-0.127995
-1.6811689,-0.191993
-1.6809689,-0.223991
-1.6807689,-0.191993
-1.6805689,-0.191993
-1.6803689,-0.159994
-1.6801689,-0.127995
-1.6799689,-0.191993
-1.6797689,-0.191993
-1.6795689,-0.127995
-1.6793689,-0.191993
-1.6791689,-0.127995
-1.6789689,-0.127995
-1.6787689,-0.191993
-1.6785689,-0.159994
-1.6783689,-0.191993
-1.6781689,-0.223991
-1.6779689,-0.191993
-1.6777689,-0.159994
-1.6775689,-0.223991
-1.6773689,-0.191993
-1.6771689,-0.191993
-1.6769689,-0.191993
-1.6767689,-0.223991
-1.6765689,-0.127995
-1.6763689,-0.223991
-1.6761689,-0.191993
-1.6759689,-0.159994
-1.6757689,-0.159994
-1.6755689,-0.159994
-1.6753689,-0.127995
-1.6751689,-0.223991
-1.6749689,-0.191993
-1.6747689,-0.191993
-1.6745689,-0.191993
-1.6743689,-0.191993
-1.6741689,-0.191993
-1.6739689,-0.223991
-1.6737689,-0.191993
-1.6735689,-0.223991
-1.6733689,-0.25599
-1.6731689,-0.191993
-1.6729689,-0.127995
-1.6727689,-0.191993
-1.6725689,-0.223991
-1.6723689,-0.191993
-1.6721689,-0.223991
-1.6719689,-0.223991
-1.6717689,-0.191993
-1.6715689,-0.25599
-1.6713689,-0.25599
-1.6711689,-0.191993
-1.6709689,-0.25599
-1.6707689,-0.191993
-1.6705689,-0.191993
-1.6703689,-0.191993
-1.6701689,-0.25599
-1.6699689,-0.223991
-1.6697689,-0.223991
-1.6695689,-0.223991
-1.6693689,-0.191993
-1.6691689,-0.25599
-1.6689689,-0.223991
-1.6687689,-0.223991
-1.6685689,-0.25599
-1.6683689,-0.25599
-1.6681689,-0.223991
-1.6679689,-0.25599
-1.6677689,-0.191993
-1.6675689,-0.223991
-1.6673689,-0.25599
-1.6671689,-0.191993
-1.6669689,-0.191993
-1.6667689,-0.223991
-1.6665689,-0.223991
-1.6663689,-0.223991
-1.6661689,-0.223991
-1.6659689,-0.223991
-1.6657689,-0.191993
-1.6655689,-0.25599
-1.6653689,-0.287989
-1.6651689,-0.223991
-1.6649689,-0.223991
-1.6647689,-0.25599
-1.6645689,-0.25599
-1.6643689,-0.223991
-1.6641689,-0.287989
-1.6639689,-0.25599
-1.6637689,-0.223991
-1.6635689,-0.223991
-1.6633689,-0.25599
-1.6631689,-0.287989
-1.6629689,-0.287989
-1.6627689,-0.223991
-1.6625689,-0.25599
-1.6623689,-0.287989
-1.6621689,-0.25599
-1.6619689,-0.25599
-1.6617689,-0.223991
-1.6615689,-0.25599
-1.6613689,-0.25599
-1.6611689,-0.25599
-1.6609689,-0.223991
-1.6607689,-0.287989
-1.6605689,-0.287989
-1.6603689,-0.319988
-1.6601689,-0.223991
-1.6599689,-0.287989
-1.6597689,-0.287989
-1.6595689,-0.25599
-1.6593689,-0.287989
-1.6591689,-0.25599
-1.6589689,-0.287989
-1.6587689,-0.287989
-1.6585689,-0.287989
-1.6583689,-0.287989
-1.6581689,-0.287989
-1.6579689,-0.223991
-1.6577689,-0.287989
-1.6575689,-0.287989
-1.6573689,-0.223991
-1.6571689,-0.319988
-1.6569689,-0.287989
-1.6567689,-0.287989
-1.6565689,-0.287989
-1.6563689,-0.319988
-1.6561689,-0.25599
-1.6559689,-0.287989
-1.6557689,-0.287989
-1.6555689,-0.319988
-1.6553689,-0.287989
-1.6551689,-0.25599
-1.6549689,-0.287989
-1.6547689,-0.287989
-1.6545689,-0.25599
-1.6543689,-0.287989
-1.6541689,-0.25599
-1.6539689,-0.223991
-1.6537689,-0.287989
-1.6535689,-0.287989
-1.6533689,-0.319988
-1.6531689,-0.223991
-1.6529689,-0.319988
-1.6527689,-0.287989
-1.6525689,-0.319988
-1.6523689,-0.319988
-1.6521689,-0.287989
-1.6519689,-0.287989
-1.6517689,-0.287989
-1.6515689,-0.319988
-1.6513689,-0.287989
-1.6511689,-0.287989
-1.6509689,-0.319988
-1.6507689,-0.319988
-1.6505689,-0.287989
-1.6503689,-0.319988
-1.6501689,-0.25599
-1.6499689,-0.351986
-1.6497689,-0.287989
-1.6495689,-0.25599
-1.6493689,-0.287989
-1.6491689,-0.351986
-1.6489689,-0.287989
-1.6487689,-0.25599
-1.6485689,-0.319988
-1.6483689,-0.319988
-1.6481689,-0.287989
-1.6479689,-0.319988
-1.6477689,-0.319988
-1.6475689,-0.351986
-1.6473689,-0.319988
-1.6471689,-0.287989
-1.6469689,-0.319988
-1.6467689,-0.351986
-1.6465689,-0.319988
-1.6463689,-0.319988
-1.6461689,-0.383985
-1.6459689,-0.287989
-1.6457689,-0.319988
-1.6455689,-0.319988
-1.6453689,-0.351986
-1.6451689,-0.351986
-1.6449689,-0.319988
-1.6447689,-0.351986
-1.6445689,-0.351986
-1.6443689,-0.351986
-1.6441689,-0.319988
-1.6439689,-0.319988
-1.6437689,-0.319988
-1.6435689,-0.319988
-1.6433689,-0.319988
-1.6431689,-0.351986
-1.6429689,-0.351986
-1.6427689,-0.351986
-1.6425689,-0.383985
-1.6423689,-0.319988
-1.6421689,-0.351986
-1.6419689,-0.319988
-1.6417689,-0.351986
-1.6415689,-0.319988
-1.6413689,-0.351986
-1.6411689,-0.351986
-1.6409689,-0.319988
-1.6407689,-0.383985
-1.6405689,-0.383985
-1.6403689,-0.351986
-1.6401689,-0.383985
-1.6399689,-0.383985
-1.6397689,-0.351986
-1.6395689,-0.351986
-1.6393689,-0.351986
-1.6391689,-0.319988
-1.6389689,-0.383985
-1.6387689,-0.351986
-1.6385689,-0.351986
-1.6383689,-0.383985
-1.6381689,-0.351986
-1.6379689,-0.351986
-1.6377689,-0.383985
-1.6375689,-0.383985
-1.6373689,-0.351986
-1.6371689,-0.383985
-1.6369689,-0.383985
-1.6367689,-0.319988
-1.6365689,-0.383985
-1.6363689,-0.351986
-1.6361689,-0.351986
-1.6359689,-0.351986
-1.6357689,-0.351986
-1.6355689,-0.351986
-1.6353689,-0.351986
-1.6351689,-0.383985
-1.6349689,-0.319988
-1.6347689,-0.319988
-1.6345689,-0.319988
-1.6343689,-0.319988
-1.6341689,-0.383985
-1.6339689,-0.351986
-1.6337689,-0.351986
-1.6335689,-0.351986
-1.6333689,-0.383985
-1.6331689,-0.319988
-1.6329689,-0.351986
-1.6327689,-0.383985
-1.6325689,-0.319988
-1.6323689,-0.383985
-1.6321689,-0.351986
-1.6319689,-0.351986
-1.6317689,-0.383985
-1.6315689,-0.351986
-1.6313689,-0.415984
-1.6311689,-0.383985
-1.6309689,-0.383985
-1.6307689,-0.319988
-1.6305689,-0.383985
-1.6303689,-0.383985
-1.6301689,-0.351986
-1.6299689,-0.319988
-1.6297689,-0.415984
-1.6295689,-0.319988
-1.6293689,-0.319988
-1.6291689,-0.383985
-1.6289689,-0.351986
-1.6287689,-0.351986
-1.6285689,-0.319988
-1.6283689,-0.351986
-1.6281689,-0.319988
-1.6279689,-0.383985
-1.6277689,-0.287989
-1.6275689,-0.383985
-1.6273689,-0.351986
-1.6271689,-0.351986
-1.6269689,-0.383985
-1.6267689,-0.351986
-1.6265689,-0.351986
-1.6263689,-0.383985
-1.6261689,-0.351986
-1.6259689,-0.319988
-1.6257689,-0.351986
-1.6255689,-0.351986
-1.6253689,-0.351986
-1.6251689,-0.351986
-1.6249689,-0.351986
-1.6247689,-0.351986
-1.6245689,-0.383985
-1.6243689,-0.383985
-1.6241689,-0.319988
-1.6239689,-0.383985
-1.6237689,-0.351986
-1.6235689,-0.383985
-1.6233689,-0.351986
-1.6231689,-0.383985
-1.6229689,-0.319988
-1.6227689,-0.383985
-1.6225689,-0.351986
-1.6223689,-0.383985
-1.6221689,-0.351986
-1.6219689,-0.415984
-1.6217689,-0.351986
-1.6215689,-0.319988
-1.6213689,-0.383985
-1.6211689,-0.351986
-1.6209689,-0.383985
-1.6207689,-0.351986
-1.6205689,-0.351986
-1.6203689,-0.383985
-1.6201689,-0.383985
-1.6199689,-0.351986
-1.6197689,-0.383985
-1.6195689,-0.383985
-1.6193689,-0.351986
-1.6191689,-0.351986
-1.6189689,-0.383985
-1.6187689,-0.351986
-1.6185689,-0.383985
-1.6183689,-0.383985
-1.6181689,-0.319988
-1.6179689,-0.383985
-1.6177689,-0.351986
-1.6175689,-0.351986
-1.6173689,-0.351986
-1.6171689,-0.351986
-1.6169689,-0.351986
-1.6167689,-0.415984
-1.6165689,-0.383985
-1.6163689,-0.351986
-1.6161689,-0.351986
-1.6159689,-0.351986
-1.6157689,-0.319988
-1.6155689,-0.383985
-1.6153689,-0.383985
-1.6151689,-0.351986
-1.6149689,-0.351986
-1.6147689,-0.383985
-1.6145689,-0.351986
-1.6143689,-0.383985
-1.6141689,-0.383985
-1.6139689,-0.383985
-1.6137689,-0.383985
-1.6135689,-0.383985
-1.6133689,-0.351986
-1.6131689,-0.383985
-1.6129689,-0.351986
-1.6127689,-0.383985
-1.6125689,-0.351986
-1.6123689,-0.383985
-1.6121689,-0.351986
-1.6119689,-0.351986
-1.6117689,-0.415984
-1.6115689,-0.351986
-1.6113689,-0.415984
-1.6111689,-0.383985
-1.6109689,-0.351986
-1.6107689,-0.415984
-1.6105689,-0.351986
-1.6103689,-0.351986
-1.6101689,-0.383985
-1.6099689,-0.415984
-1.6097689,-0.383985
-1.6095689,-0.351986
-1.6093689,-0.383985
-1.6091689,-0.383985
-1.6089689,-0.415984
-1.6087689,-0.383985
-1.6085689,-0.351986
-1.6083689,-0.447983
-1.6081689,-0.351986
-1.6079689,-0.383985
-1.6077689,-0.415984
-1.6075689,-0.415984
-1.6073689,-0.351986
-1.6071689,-0.415984
-1.6069689,-0.447983
-1.6067689,-0.383985
-1.6065689,-0.415984
-1.6063689,-0.383985
-1.6061689,-0.383985
-1.6059689,-0.415984
-1.6057689,-0.383985
-1.6055689,-0.383985
-1.6053689,-0.415984
-1.6051689,-0.383985
-1.6049689,-0.383985
-1.6047689,-0.415984
-1.6045689,-0.383985
-1.6043689,-0.383985
-1.6041689,-0.415984
-1.6039689,-0.415984
-1.6037689,-0.383985
-1.6035689,-0.351986
-1.6033689,-0.447983
-1.6031689,-0.383985
-1.6029689,-0.415984
-1.6027689,-0.415984
-1.6025689,-0.415984
-1.6023689,-0.447983
-1.6021689,-0.415984
-1.6019689,-0.415984
-1.6017689,-0.447983
-1.6015689,-0.415984
-1.6013689,-0.383985
-1.6011689,-0.415984
-1.6009689,-0.415984
-1.6007689,-0.415984
-1.6005689,-0.415984
-1.6003689,-0.415984
-1.6001689,-0.447983
-1.5999689,-0.447983
-1.5997689,-0.447983
-1.5995689,-0.383985
-1.5993689,-0.447983
-1.5991689,-0.383985
-1.5989689,-0.383985
-1.5987689,-0.447983
-1.5985689,-0.415984
-1.5983689,-0.383985
-1.5981689,-0.415984
-1.5979689,-0.383985
-1.5977689,-0.383985
-1.5975689,-0.415984
-1.5973689,-0.415984
-1.5971689,-0.383985
-1.5969689,-0.415984
-1.5967689,-0.447983
-1.5965689,-0.415984
-1.5963689,-0.447983
-1.5961689,-0.415984
-1.5959689,-0.415984
-1.5957689,-0.415984
-1.5955689,-0.415984
-1.5953689,-0.383985
-1.5951689,-0.415984
-1.5949689,-0.415984
-1.5947689,-0.415984
-1.5945689,-0.447983
-1.5943689,-0.383985
-1.5941689,-0.447983
-1.5939689,-0.415984
-1.5937689,-0.415984
-1.5935689,-0.415984
-1.5933689,-0.479982
-1.5931689,-0.415984
-1.5929689,-0.383985
-1.5927689,-0.383985
-1.5925689,-0.415984
-1.5923689,-0.383985
-1.5921689,-0.383985
-1.5919689,-0.383985
-1.5917689,-0.415984
-1.5915689,-0.383985
-1.5913689,-0.383985
-1.5911689,-0.383985
-1.5909689,-0.383985
-1.5907689,-0.415984
-1.5905689,-0.415984
-1.5903689,-0.447983
-1.5901689,-0.415984
-1.5899689,-0.383985
-1.5897689,-0.447983
-1.5895689,-0.383985
-1.5893689,-0.351986
-1.5891689,-0.415984
-1.5889689,-0.415984
-1.5887689,-0.383985
-1.5885689,-0.447983
-1.5883689,-0.415984
-1.5881689,-0.447983
-1.5879689,-0.415984
-1.5877689,-0.383985
-1.5875689,-0.383985
-1.5873689,-0.447983
-1.5871689,-0.415984
-1.5869689,-0.383985
-1.5867689,-0.383985
-1.5865689,-0.415984
-1.5863689,-0.383985
-1.5861689,-0.447983
-1.5859689,-0.415984
-1.5857689,-0.383985
-1.5855689,-0.447983
-1.5853689,-0.383985
-1.5851689,-0.383985
-1.5849689,-0.447983
-1.5847689,-0.447983
-1.5845689,-0.447983
-1.5843689,-0.447983
-1.5841689,-0.383985
-1.5839689,-0.383985
-1.5837689,-0.415984
-1.5835689,-0.447983
-1.5833689,-0.447983
-1.5831689,-0.447983
-1.5829689,-0.415984
-1.5827689,-0.415984
-1.5825689,-0.479982
-1.5823689,-0.415984
-1.5821689,-0.415984
-1.5819689,-0.447983
-1.5817689,-0.479982
-1.5815689,-0.383985
-1.5813689,-0.479982
-1.5811689,-0.447983
-1.5809689,-0.415984
-1.5807689,-0.447983
-1.5805689,-0.479982
-1.5803689,-0.447983
-1.5801689,-0.51198
-1.5799689,-0.447983
-1.5797689,-0.447983
-1.5795689,-0.447983
-1.5793689,-0.479982
-1.5791689,-0.447983
-1.5789689,-0.479982
-1.5787689,-0.447983
-1.5785689,-0.415984
-1.5783689,-0.479982
-1.5781689,-0.447983
-1.5779689,-0.479982
-1.5777689,-0.479982
-1.5775689,-0.479982
-1.5773689,-0.479982
-1.5771689,-0.479982
-1.5769689,-0.51198
-1.5767689,-0.447983
-1.5765689,-0.51198
-1.5763689,-0.51198
-1.5761689,-0.447983
-1.5759689,-0.479982
-1.5757689,-0.51198
-1.5755689,-0.479982
-1.5753689,-0.51198
-1.5751689,-0.51198
-1.5749689,-0.51198
-1.5747689,-0.51198
-1.5745689,-0.51198
-1.5743689,-0.447983
-1.5741689,-0.51198
-1.5739689,-0.51198
-1.5737689,-0.51198
-1.5735689,-0.51198
-1.5733689,-0.543979
-1.5731689,-0.51198
-1.5729689,-0.543979
-1.5727689,-0.479982
-1.5725689,-0.51198
-1.5723689,-0.543979
-1.5721689,-0.575978
-1.5719689,-0.479982
-1.5717689,-0.543979
-1.5715689,-0.51198
-1.5713689,-0.51198
-1.5711689,-0.575978
-1.5709689,-0.479982
-1.5707689,-0.51198
-1.5705689,-0.543979
-1.5703689,-0.51198
-1.5701689,-0.51198
-1.5699689,-0.543979
-1.5697689,-0.51198
-1.5695689,-0.543979
-1.5693689,-0.51198
-1.5691689,-0.543979
-1.5689689,-0.51198
-1.5687689,-0.51198
-1.5685689,-0.51198
-1.5683689,-0.479982
-1.5681689,-0.543979
-1.5679689,-0.543979
-1.5677689,-0.51198
-1.5675689,-0.575978
-1.5673689,-0.575978
-1.5671689,-0.51198
-1.5669689,-0.575978
-1.5667689,-0.607977
-1.5665689,-0.607977
-1.5663689,-0.543979
-1.5661689,-0.543979
-1.5659689,-0.543979
-1.5657689,-0.607977
-1.5655689,-0.575978
-1.5653689,-0.51198
-1.5651689,-0.607977
-1.5649689,-0.575978
-1.5647689,-0.543979
-1.5645689,-0.607977
-1.5643689,-0.575978
-1.5641689,-0.575978
-1.5639689,-0.575978
-1.5637689,-0.607977
-1.5635689,-0.607977
-1.5633689,-0.639975
-1.5631689,-0.607977
-1.5629689,-0.607977
-1.5627689,-0.607977
-1.5625689,-0.639975
-1.5623689,-0.607977
-1.5621689,-0.607977
-1.5619689,-0.639975
-1.5617689,-0.671974
-1.5615689,-0.639975
-1.5613689,-0.639975
-1.5611689,-0.607977
-1.5609689,-0.639975
-1.5607689,-0.671974
-1.5605689,-0.639975
-1.5603689,-0.639975
-1.5601689,-0.671974
-1.5599689,-0.639975
-1.5597689,-0.671974
-1.5595689,-0.671974
-1.5593689,-0.671974
-1.5591689,-0.703973
-1.5589689,-0.671974
-1.5587689,-0.639975
-1.5585689,-0.703973
-1.5583689,-0.735972
-1.5581689,-0.703973
-1.5579689,-0.703973
-1.5577689,-0.671974
-1.5575689,-0.767971
-1.5573689,-0.735972
-1.5571689,-0.767971
-1.5569689,-0.703973
-1.5567689,-0.735972
-1.5565689,-0.735972
-1.5563689,-0.671974
-1.5561689,-0.703973
-1.5559689,-0.703973
-1.5557689,-0.735972
-1.5555689,-0.735972
-1.5553689,-0.767971
-1.5551689,-0.735972
-1.5549689,-0.735972
-1.5547689,-0.767971
-1.5545689,-0.735972
-1.5543689,-0.703973
-1.5541689,-0.735972
-1.5539689,-0.735972
-1.5537689,-0.735972
-1.5535689,-0.767971
-1.5533689,-0.703973
-1.5531689,-0.767971
-1.5529689,-0.703973
-1.5527689,-0.735972
-1.5525689,-0.703973
-1.5523689,-0.703973
-1.5521689,-0.703973
-1.5519689,-0.735972
-1.5517689,-0.735972
-1.5515689,-0.767971
-1.5513689,-0.767971
-1.5511689,-0.799969
-1.5509689,-0.767971
-1.5507689,-0.767971
-1.5505689,-0.767971
-1.5503689,-0.799969
-1.5501689,-0.799969
-1.5499689,-0.767971
-1.5497689,-0.767971
-1.5495689,-0.767971
-1.5493689,-0.767971
-1.5491689,-0.831968
-1.5489689,-0.799969
-1.5487689,-0.767971
-1.5485689,-0.799969
-1.5483689,-0.767971
-1.5481689,-0.735972
-1.5479689,-0.831968
-1.5477689,-0.799969
-1.5475689,-0.799969
-1.5473689,-0.831968
-1.5471689,-0.799969
-1.5469689,-0.831968
-1.5467689,-0.799969
-1.5465689,-0.799969
-1.5463689,-0.799969
-1.5461689,-0.831968
-1.5459689,-0.767971
-1.5457689,-0.799969
-1.5455689,-0.831968
-1.5453689,-0.799969
-1.5451689,-0.863967
-1.5449689,-0.799969
-1.5447689,-0.831968
-1.5445689,-0.799969
-1.5443689,-0.831968
-1.5441689,-0.831968
-1.5439689,-0.831968
-1.5437689,-0.799969
-1.5435689,-0.863967
-1.5433689,-0.831968
-1.5431689,-0.799969
-1.5429689,-0.831968
-1.5427689,-0.831968
-1.5425689,-0.831968
-1.5423689,-0.863967
-1.5421689,-0.799969
-1.5419689,-0.831968
-1.5417689,-0.831968
-1.5415689,-0.799969
-1.5413689,-0.831968
-1.5411689,-0.831968
-1.5409689,-0.831968
-1.5407689,-0.863967
-1.5405689,-0.863967
-1.5403689,-0.863967
-1.5401689,-0.831968
-1.5399689,-0.831968
-1.5397689,-0.831968
-1.5395689,-0.895966
-1.5393689,-0.863967
-1.5391689,-0.863967
-1.5389689,-0.831968
-1.5387689,-0.863967
-1.5385689,-0.863967
-1.5383689,-0.895966
-1.5381689,-0.863967
-1.5379689,-0.895966
-1.5377689,-0.863967
-1.5375689,-0.831968
-1.5373689,-0.831968
-1.5371689,-0.863967
-1.5369689,-0.895966
-1.5367689,-0.863967
-1.5365689,-0.863967
-1.5363689,-0.895966
-1.5361689,-0.863967
-1.5359689,-0.863967
-1.5357689,-0.895966
-1.5355689,-0.863967
-1.5353689,-0.863967
-1.5351689,-0.831968
-1.5349689,-0.895966
-1.5347689,-0.863967
-1.5345689,-0.895966
-1.5343689,-0.895966
-1.5341689,-0.895966
-1.5339689,-0.895966
-1.5337689,-0.895966
-1.5335689,-0.863967
-1.5333689,-0.927964
-1.5331689,-0.927964
-1.5329689,-0.895966
-1.5327689,-0.895966
-1.5325689,-0.895966
-1.5323689,-0.927964
-1.5321689,-0.895966
-1.5319689,-0.927964
-1.5317689,-0.895966
-1.5315689,-0.895966
-1.5313689,-0.895966
-1.5311689,-0.927964
-1.5309689,-0.863967
-1.5307689,-0.895966
-1.5305689,-0.927964
-1.5303689,-0.895966
-1.5301689,-0.927964
-1.5299689,-0.927964
-1.5297689,-0.863967
-1.5295689,-0.895966
-1.5293689,-0.895966
-1.5291689,-0.895966
-1.5289689,-0.863967
-1.5287689,-0.895966
-1.5285689,-0.895966
-1.5283689,-0.927964
-1.5281689,-0.895966
-1.5279689,-0.895966
-1.5277689,-0.895966
-1.5275689,-0.895966
-1.5273689,-0.895966
-1.5271689,-0.895966
-1.5269689,-0.895966
-1.5267689,-0.927964
-1.5265689,-0.927964
-1.5263689,-0.895966
-1.5261689,-0.895966
-1.5259689,-0.895966
-1.5257689,-0.895966
-1.5255689,-0.895966
-1.5253689,-0.895966
-1.5251689,-0.959963
-1.5249689,-0.895966
-1.5247689,-0.927964
-1.5245689,-0.927964
-1.5243689,-0.895966
-1.5241689,-0.895966
-1.5239689,-0.895966
-1.5237689,-0.927964
-1.5235689,-0.895966
-1.5233689,-0.927964
-1.5231689,-0.895966
-1.5229689,-0.895966
-1.5227689,-0.895966
-1.5225689,-0.927964
-1.5223689,-0.927964
-1.5221689,-0.895966
-1.5219689,-0.895966
-1.5217689,-0.895966
-1.5215689,-0.895966
-1.5213689,-0.895966
-1.5211689,-0.863967
-1.5209689,-0.895966
-1.5207689,-0.927964
-1.5205689,-0.863967
-1.5203689,-0.895966
-1.5201689,-0.895966
-1.5199689,-0.927964
-1.5197689,-0.895966
-1.5195689,-0.895966
-1.5193689,-0.927964
-1.5191689,-0.895966
-1.5189689,-0.895966
-1.5187689,-0.895966
-1.5185689,-0.863967
-1.5183689,-0.927964
-1.5181689,-0.895966
-1.5179689,-0.863967
-1.5177689,-0.863967
-1.5175689,-0.895966
-1.5173689,-0.895966
-1.5171689,-0.927964
-1.5169689,-0.863967
-1.5167689,-0.895966
-1.5165689,-0.895966
-1.5163689,-0.863967
-1.5161689,-0.863967
-1.5159689,-0.895966
-1.5157689,-0.895966
-1.5155689,-0.895966
-1.5153689,-0.895966
-1.5151689,-0.895966
-1.5149689,-0.863967
-1.5147689,-0.863967
-1.5145689,-0.895966
-1.5143689,-0.895966
-1.5141689,-0.863967
-1.5139689,-0.895966
-1.5137689,-0.895966
-1.5135689,-0.927964
-1.5133689,-0.863967
-1.5131689,-0.895966
-1.5129689,-0.895966
-1.5127689,-0.895966
-1.5125689,-0.831968
-1.5123689,-0.895966
-1.5121689,-0.895966
-1.5119689,-0.863967
-1.5117689,-0.927964
-1.5115689,-0.863967
-1.5113689,-0.895966
-1.5111689,-0.895966
-1.5109689,-0.863967
-1.5107689,-0.895966
-1.5105689,-0.863967
-1.5103689,-0.895966
-1.5101689,-0.927964
-1.5099689,-0.895966
-1.5097689,-0.895966
-1.5095689,-0.895966
-1.5093689,-0.863967
-1.5091689,-0.863967
-1.5089689,-0.863967
-1.5087689,-0.863967
-1.5085689,-0.863967
-1.5083689,-0.927964
-1.5081689,-0.895966
-1.5079689,-0.831968
-1.5077689,-0.927964
-1.5075689,-0.927964
-1.5073689,-0.895966
-1.5071689,-0.863967
-1.5069689,-0.863967
-1.5067689,-0.863967
-1.5065689,-0.863967
-1.5063689,-0.799969
-1.5061689,-0.831968
-1.5059689,-0.863967
-1.5057689,-0.831968
-1.5055689,-0.863967
-1.5053689,-0.863967
-1.5051689,-0.831968
-1.5049689,-0.863967
-1.5047689,-0.863967
-1.5045689,-0.863967
-1.5043689,-0.863967
-1.5041689,-0.863967
-1.5039689,-0.863967
-1.5037689,-0.831968
-1.5035689,-0.863967
-1.5033689,-0.799969
-1.5031689,-0.831968
-1.5029689,-0.831968
-1.5027689,-0.831968
-1.5025689,-0.863967
-1.5023689,-0.799969
-1.5021689,-0.831968
-1.5019689,-0.831968
-1.5017689,-0.831968
-1.5015689,-0.895966
-1.5013689,-0.831968
-1.5011689,-0.799969
-1.5009689,-0.831968
-1.5007689,-0.863967
-1.5005689,-0.799969
-1.5003689,-0.863967
-1.5001689,-0.831968
-1.4999689,-0.831968
-1.4997689,-0.831968
-1.4995689,-0.799969
-1.4993689,-0.767971
-1.4991689,-0.831968
-1.4989689,-0.799969
-1.4987689,-0.863967
-1.4985689,-0.863967
-1.4983689,-0.831968
-1.4981689,-0.767971
-1.4979689,-0.831968
-1.4977689,-0.799969
-1.4975689,-0.831968
-1.4973689,-0.799969
-1.4971689,-0.767971
-1.4969689,-0.799969
-1.4967689,-0.831968
-1.4965689,-0.799969
-1.4963689,-0.799969
-1.4961689,-0.799969
-1.4959689,-0.799969
-1.4957689,-0.799969
-1.4955689,-0.799969
-1.4953689,-0.799969
-1.4951689,-0.767971
-1.4949689,-0.767971
-1.4947689,-0.767971
-1.4945689,-0.767971
-1.4943689,-0.767971
-1.4941689,-0.799969
-1.4939689,-0.735972
-1.4937689,-0.799969
-1.4935689,-0.767971
-1.4933689,-0.767971
-1.4931689,-0.703973
-1.4929689,-0.703973
-1.4927689,-0.767971
-1.4925689,-0.735972
-1.4923689,-0.703973
-1.4921689,-0.703973
-1.4919689,-0.735972
-1.4917689,-0.703973
-1.4915689,-0.735972
-1.4913689,-0.767971
-1.4911689,-0.703973
-1.4909689,-0.671974
-1.4907689,-0.703973
-1.4905689,-0.671974
-1.4903689,-0.671974
-1.4901689,-0.703973
-1.4899689,-0.671974
-1.4897689,-0.703973
-1.4895689,-0.703973
-1.4893689,-0.735972
-1.4891689,-0.703973
-1.4889689,-0.671974
-1.4887689,-0.671974
-1.4885689,-0.703973
-1.4883689,-0.703973
-1.4881689,-0.639975
-1.4879689,-0.703973
-1.4877689,-0.639975
-1.4875689,-0.639975
-1.4873689,-0.639975
-1.4871689,-0.639975
-1.4869689,-0.639975
-1.4867689,-0.671974
-1.4865689,-0.639975
-1.4863689,-0.671974
-1.4861689,-0.639975
-1.4859689,-0.575978
-1.4857689,-0.607977
-1.4855689,-0.575978
-1.4853689,-0.607977
-1.4851689,-0.639975
-1.4849689,-0.575978
-1.4847689,-0.639975
-1.4845689,-0.607977
-1.4843689,-0.607977
-1.4841689,-0.575978
-1.4839689,-0.607977
-1.4837689,-0.575978
-1.4835689,-0.575978
-1.4833689,-0.51198
-1.4831689,-0.543979
-1.4829689,-0.543979
-1.4827689,-0.543979
-1.4825689,-0.575978
-1.4823689,-0.575978
-1.4821689,-0.575978
-1.4819689,-0.543979
-1.4817689,-0.543979
-1.4815689,-0.543979
-1.4813689,-0.51198
-1.4811689,-0.575978
-1.4809689,-0.51198
-1.4807689,-0.479982
-1.4805689,-0.543979
-1.4803689,-0.51198
-1.4801689,-0.51198
-1.4799689,-0.51198
-1.4797689,-0.51198
-1.4795689,-0.415984
-1.4793689,-0.51198
-1.4791689,-0.51198
-1.4789689,-0.447983
-1.4787689,-0.447983
-1.4785689,-0.447983
-1.4783689,-0.447983
-1.4781689,-0.479982
-1.4779689,-0.51198
-1.4777689,-0.415984
-1.4775689,-0.479982
-1.4773689,-0.447983
-1.4771689,-0.415984
-1.4769689,-0.447983
-1.4767689,-0.383985
-1.4765689,-0.415984
-1.4763689,-0.415984
-1.4761689,-0.415984
-1.4759689,-0.415984
-1.4757689,-0.415984
-1.4755689,-0.351986
-1.4753689,-0.383985
-1.4751689,-0.415984
-1.4749689,-0.383985
-1.4747689,-0.351986
-1.4745689,-0.351986
-1.4743689,-0.383985
-1.4741689,-0.351986
-1.4739689,-0.383985
-1.4737689,-0.319988
-1.4735689,-0.351986
-1.4733689,-0.319988
-1.4731689,-0.351986
-1.4729689,-0.319988
-1.4727689,-0.319988
-1.4725689,-0.351986
-1.4723689,-0.319988
-1.4721689,-0.351986
-1.4719689,-0.319988
-1.4717689,-0.287989
-1.4715689,-0.287989
-1.4713689,-0.223991
-1.4711689,-0.25599
-1.4709689,-0.25599
-1.4707689,-0.25599
-1.4705689,-0.287989
-1.4703689,-0.25599
-1.4701689,-0.287989
-1.4699689,-0.25599
-1.4697689,-0.25599
-1.4695689,-0.191993
-1.4693689,-0.223991
-1.4691689,-0.25599
-1.4689689,-0.223991
-1.4687689,-0.223991
-1.4685689,-0.223991
-1.4683689,-0.191993
-1.4681689,-0.159994
-1.4679689,-0.191993
-1.4677689,-0.127995
-1.4675689,-0.159994
-1.4673689,-0.159994
-1.4671689,-0.159994
-1.4669689,-0.159994
-1.4667689,-0.159994
-1.4665689,-0.159994
-1.4663689,-0.159994
-1.4661689,-0.127995
-1.4659689,-0.0959963
-1.4657689,-0.0959963
-1.4655689,-0.0959963
-1.4653689,-0.0959963
-1.4651689,-0.127995
-1.4649689,-0.0959963
-1.4647689,-0.0959963
-1.4645689,-0.0959963
-1.4643689,-0.0639975
-1.4641689,-0.0319988
-1.4639689,-0.0639975
-1.4637689,-0.0959963
-1.4635689,-0.0639975
-1.4633689,-0.0959963
-1.4631689,-0.0319988
-1.4629689,-0.0639975
-1.4627689,-0.0959963
-1.4625689,-0.0639975
-1.4623689,-0.0319988
-1.4621689,-0.0319988
-1.4619689,0
-1.4617689,-0.0319988
-1.4615689,-0.0639975
-1.4613689,0
-1.4611689,0
-1.4609689,0
-1.4607689,0
-1.4605689,0
-1.4603689,0
-1.4601689,0.0639975
-1.4599689,0.0319988
-1.4597689,0.0319988
-1.4595689,0.0319988
-1.4593689,0.0319988
-1.4591689,0.0639975
-1.4589689,0.0319988
-1.4587689,0.0319988
-1.4585689,0.0639975
-1.4583689,0.0639975
-1.4581689,0.0959963
-1.4579689,0.127995
-1.4577689,0.0959963
-1.4575689,0.0639975
-1.4573689,0.0639975
-1.4571689,0.0959963
-1.4569689,0.0959963
-1.4567689,0.0959963
-1.4565689,0.159994
-1.4563689,0.127995
-1.4561689,0.159994
-1.4559689,0.159994
-1.4557689,0.127995
-1.4555689,0.159994
-1.4553689,0.191993
-1.4551689,0.191993
-1.4549689,0.159994
-1.4547689,0.159994
-1.4545689,0.191993
-1.4543689,0.191993
-1.4541689,0.191993
-1.4539689,0.191993
-1.4537689,0.191993
-1.4535689,0.223991
-1.4533689,0.223991
-1.4531689,0.223991
-1.4529689,0.191993
-1.4527689,0.191993
-1.4525689,0.25599
-1.4523689,0.287989
-1.4521689,0.25599
-1.4519689,0.25599
-1.4517689,0.287989
-1.4515689,0.25599
-1.4513689,0.287989
-1.4511689,0.287989
-1.4509689,0.25599
-1.4507689,0.25599
-1.4505689,0.319988
-1.4503689,0.319988
-1.4501689,0.319988
-1.4499689,0.319988
-1.4497689,0.319988
-1.4495689,0.351986
-1.4493689,0.319988
-1.4491689,0.319988
-1.4489689,0.351986
-1.4487689,0.351986
-1.4485689,0.319988
-1.4483689,0.319988
-1.4481689,0.383985
-1.4479689,0.383985
-1.4477689,0.351986
-1.4475689,0.415984
-1.4473689,0.383985
-1.4471689,0.351986
-1.4469689,0.383985
-1.4467689,0.415984
-1.4465689,0.447983
-1.4463689,0.479982
-1.4461689,0.415984
-1.4459689,0.415984
-1.4457689,0.447983
-1.4455689,0.479982
-1.4453689,0.447983
-1.4451689,0.479982
-1.4449689,0.447983
-1.4447689,0.447983
-1.4445689,0.479982
-1.4443689,0.51198
-1.4441689,0.51198
-1.4439689,0.543979
-1.4437689,0.479982
-1.4435689,0.51198
-1.4433689,0.51198
-1.4431689,0.543979
-1.4429689,0.51198
-1.4427689,0.543979
-1.4425689,0.575978
-1.4423689,0.575978
-1.4421689,0.575978
-1.4419689,0.575978
-1.4417689,0.543979
-1.4415689,0.575978
-1.4413689,0.607977
-1.4411689,0.575978
-1.4409689,0.607977
-1.4407689,0.607977
-1.4405689,0.575978
-1.4403689,0.607977
-1.4401689,0.639975
-1.4399689,0.607977
-1.4397689,0.671974
-1.4395689,0.671974
-1.4393689,0.575978
-1.4391689,0.607977
-1.4389689,0.735972
-1.4387689,0.703973
-1.4385689,0.671974
-1.4383689,0.703973
-1.4381689,0.671974
-1.4379689,0.671974
-1.4377689,0.703973
-1.4375689,0.671974
-1.4373689,0.671974
-1.4371689,0.703973
-1.4369689,0.671974
-1.4367689,0.767971
-1.4365689,0.767971
-1.4363689,0.703973
-1.4361689,0.767971
-1.4359689,0.767971
-1.4357689,0.735972
-1.4355689,0.767971
-1.4353689,0.735972
-1.4351689,0.735972
-1.4349689,0.767971
-1.4347689,0.863967
-1.4345689,0.767971
-1.4343689,0.767971
-1.4341689,0.831968
-1.4339689,0.767971
-1.4337689,0.767971
-1.4335689,0.831968
-1.4333689,0.799969
-1.4331689,0.799969
-1.4329689,0.831968
-1.4327689,0.831968
-1.4325689,0.831968
-1.4323689,0.863967
-1.4321689,0.831968
-1.4319689,0.863967
-1.4317689,0.895966
-1.4315689,0.863967
-1.4313689,0.863967
-1.4311689,0.863967
-1.4309689,0.863967
-1.4307689,0.895966
-1.4305689,0.927964
-1.4303689,0.927964
-1.4301689,0.895966
-1.4299689,0.927964
-1.4297689,0.927964
-1.4295689,0.895966
-1.4293689,0.927964
-1.4291689,0.927964
-1.4289689,0.927964
-1.4287689,0.927964
-1.4285689,0.959963
-1.4283689,0.959963
-1.4281689,0.959963
-1.4279689,0.927964
-1.4277689,0.959963
-1.4275689,0.927964
-1.4273689,0.959963
-1.4271689,0.991962
-1.4269689,0.959963
-1.4267689,0.959963
-1.4265689,0.991962
-1.4263689,1.02396
-1.4261689,1.02396
-1.4259689,0.991962
-1.4257689,0.991962
-1.4255689,0.991962
-1.4253689,0.991962
-1.4251689,1.02396
-1.4249689,1.02396
-1.4247689,1.02396
-1.4245689,1.05596
-1.4243689,1.05596
-1.4241689,1.02396
-1.4239689,1.02396
-1.4237689,1.05596
-1.4235689,1.02396
-1.4233689,1.05596
-1.4231689,1.05596
-1.4229689,0.991962
-1.4227689,1.02396
-1.4225689,1.11996
-1.4223689,1.05596
-1.4221689,1.08796
-1.4219689,1.08796
-1.4217689,1.05596
-1.4215689,1.08796
-1.4213689,1.08796
-1.4211689,1.11996
-1.4209689,1.08796
-1.4207689,1.08796
-1.4205689,1.11996
-1.4203689,1.11996
-1.4201689,1.11996
-1.4199689,1.11996
-1.4197689,1.15196
-1.4195689,1.15196
-1.4193689,1.15196
-1.4191689,1.15196
-1.4189689,1.18395
-1.4187689,1.18395
-1.4185689,1.18395
-1.4183689,1.18395
-1.4181689,1.18395
-1.4179689,1.15196
-1.4177689,1.18395
-1.4175689,1.18395
-1.4173689,1.18395
-1.4171689,1.18395
-1.4169689,1.18395
-1.4167689,1.24795
-1.4165689,1.21595
-1.4163689,1.18395
-1.4161689,1.21595
-1.4159689,1.24795
-1.4157689,1.21595
-1.4155689,1.21595
-1.4153689,1.21595
-1.4151689,1.24795
-1.4149689,1.27995
-1.4147689,1.24795
-1.4145689,1.21595
-1.4143689,1.27995
-1.4141689,1.24795
-1.4139689,1.21595
-1.4137689,1.27995
-1.4135689,1.27995
-1.4133689,1.24795
-1.4131689,1.27995
-1.4129689,1.27995
-1.4127689,1.31195
-1.4125689,1.34395
-1.4123689,1.27995
-1.4121689,1.27995
-1.4119689,1.34395
-1.4117689,1.27995
-1.4115689,1.27995
-1.4113689,1.34395
-1.4111689,1.31195
-1.4109689,1.31195
-1.4107689,1.34395
-1.4105689,1.31195
-1.4103689,1.31195
-1.4101689,1.31195
-1.4099689,1.34395
-1.4097689,1.31195
-1.4095689,1.34395
-1.4093689,1.34395
-1.4091689,1.37595
-1.4089689,1.37595
-1.4087689,1.34395
-1.4085689,1.34395
-1.4083689,1.37595
-1.4081689,1.37595
-1.4079689,1.37595
-1.4077689,1.40795
-1.4075689,1.34395
-1.4073689,1.40795
-1.4071689,1.47194
-1.4069689,1.40795
-1.4067689,1.40795
-1.4065689,1.43994
-1.4063689,1.40795
-1.4061689,1.40795
-1.4059689,1.37595
-1.4057689,1.40795
-1.4055689,1.43994
-1.4053689,1.47194
-1.4051689,1.43994
-1.4049689,1.47194
-1.4047689,1.47194
-1.4045689,1.37595
-1.4043689,1.43994
-1.4041689,1.53594
-1.4039689,1.43994
-1.4037689,1.47194
-1.4035689,1.50394
-1.4033689,1.43994
-1.4031689,1.47194
-1.4029689,1.47194
-1.4027689,1.50394
-1.4025689,1.50394
-1.4023689,1.50394
-1.4021689,1.47194
-1.4019689,1.50394
-1.4017689,1.53594
-1.4015689,1.53594
-1.4013689,1.50394
-1.4011689,1.50394
-1.4009689,1.50394
-1.4007689,1.53594
-1.4005689,1.50394
-1.4003689,1.50394
-1.4001689,1.53594
-1.3999689,1.53594
-1.3997689,1.53594
-1.3995689,1.50394
-1.3993689,1.53594
-1.3991689,1.53594
-1.3989689,1.50394
-1.3987689,1.53594
-1.3985689,1.50394
-1.3983689,1.53594
-1.3981689,1.53594
-1.3979689,1.53594
-1.3977689,1.50394
-1.3975689,1.53594
-1.3973689,1.53594
-1.3971689,1.53594
-1.3969689,1.56794
-1.3967689,1.56794
-1.3965689,1.53594
-1.3963689,1.56794
-1.3961689,1.53594
-1.3959689,1.53594
-1.3957689,1.59994
-1.3955689,1.53594
-1.3953689,1.56794
-1.3951689,1.59994
-1.3949689,1.56794
-1.3947689,1.56794
-1.3945689,1.59994
-1.3943689,1.56794
-1.3941689,1.50394
-1.3939689,1.56794
-1.3937689,1.56794
-1.3935689,1.59994
-1.3933689,1.59994
-1.3931689,1.59994
-1.3929689,1.59994
-1.3927689,1.59994
-1.3925689,1.59994
-1.3923689,1.59994
-1.3921689,1.56794
-1.3919689,1.59994
-1.3917689,1.59994
-1.3915689,1.59994
-1.3913689,1.59994
-1.3911689,1.63194
-1.3909689,1.63194
-1.3907689,1.56794
-1.3905689,1.63194
-1.3903689,1.63194
-1.3901689,1.59994
-1.3899689,1.59994
-1.3897689,1.59994
-1.3895689,1.63194
-1.3893689,1.59994
-1.3891689,1.63194
-1.3889689,1.59994
-1.3887689,1.59994
-1.3885689,1.63194
-1.3883689,1.59994
-1.3881689,1.59994
-1.3879689,1.63194
-1.3877689,1.69593
-1.3875689,1.63194
-1.3873689,1.63194
-1.3871689,1.63194
-1.3869689,1.63194
-1.3867689,1.63194
-1.3865689,1.69593
-1.3863689,1.59994
-1.3861689,1.66394
-1.3859689,1.66394
-1.3857689,1.63194
-1.3855689,1.66394
-1.3853689,1.69593
-1.3851689,1.66394
-1.3849689,1.66394
-1.3847689,1.63194
-1.3845689,1.66394
-1.3843689,1.66394
-1.3841689,1.66394
-1.3839689,1.69593
-1.3837689,1.69593
-1.3835689,1.69593
-1.3833689,1.66394
-1.3831689,1.69593
-1.3829689,1.66394
-1.3827689,1.69593
-1.3825689,1.66394
-1.3823689,1.69593
-1.3821689,1.69593
-1.3819689,1.69593
-1.3817689,1.69593
-1.3815689,1.69593
-1.3813689,1.69593
-1.3811689,1.72793
-1.3809689,1.69593
-1.3807689,1.66394
-1.3805689,1.66394
-1.3803689,1.69593
-1.3801689,1.66394
-1.3799689,1.69593
-1.3797689,1.72793
-1.3795689,1.69593
-1.3793689,1.72793
-1.3791689,1.69593
-1.3789689,1.72793
-1.3787689,1.69593
-1.3785689,1.72793
-1.3783689,1.66394
-1.3781689,1.66394
-1.3779689,1.69593
-1.3777689,1.69593
-1.3775689,1.69593
-1.3773689,1.66394
-1.3771689,1.69593
-1.3769689,1.69593
-1.3767689,1.69593
-1.3765689,1.69593
-1.3763689,1.69593
-1.3761689,1.66394
-1.3759689,1.66394
-1.3757689,1.66394
-1.3755689,1.63194
-1.3753689,1.69593
-1.3751689,1.69593
-1.3749689,1.69593
-1.3747689,1.66394
-1.3745689,1.69593
-1.3743689,1.69593
-1.3741689,1.69593
-1.3739689,1.66394
-1.3737689,1.66394
-1.3735689,1.66394
-1.3733689,1.66394
-1.3731689,1.66394
-1.3729689,1.66394
-1.3727689,1.72793
-1.3725689,1.66394
-1.3723689,1.69593
-1.3721689,1.66394
-1.3719689,1.66394
-1.3717689,1.66394
-1.3715689,1.69593
-1.3713689,1.66394
-1.3711689,1.66394
-1.3709689,1.66394
-1.3707689,1.66394
-1.3705689,1.66394
-1.3703689,1.69593
-1.3701689,1.69593
-1.3699689,1.66394
-1.3697689,1.69593
-1.3695689,1.69593
-1.3693689,1.66394
-1.3691689,1.63194
-1.3689689,1.69593
-1.3687689,1.66394
-1.3685689,1.66394
-1.3683689,1.63194
-1.3681689,1.66394
-1.3679689,1.69593
-1.3677689,1.66394
-1.3675689,1.66394
-1.3673689,1.69593
-1.3671689,1.66394
-1.3669689,1.66394
-1.3667689,1.66394
-1.3665689,1.63194
-1.3663689,1.63194
-1.3661689,1.63194
-1.3659689,1.63194
-1.3657689,1.66394
-1.3655689,1.66394
-1.3653689,1.66394
-1.3651689,1.63194
-1.3649689,1.63194
-1.3647689,1.59994
-1.3645689,1.63194
-1.3643689,1.63194
-1.3641689,1.59994
-1.3639689,1.63194
-1.3637689,1.66394
-1.3635689,1.63194
-1.3633689,1.59994
-1.3631689,1.59994
-1.3629689,1.63194
-1.3627689,1.66394
-1.3625689,1.63194
-1.3623689,1.63194
-1.3621689,1.66394
-1.3619689,1.59994
-1.3617689,1.63194
-1.3615689,1.56794
-1.3613689,1.59994
-1.3611689,1.59994
-1.3609689,1.59994
-1.3607689,1.59994
-1.3605689,1.56794
-1.3603689,1.56794
-1.3601689,1.56794
-1.3599689,1.56794
-1.3597689,1.63194
-1.3595689,1.56794
-1.3593689,1.56794
-1.3591689,1.59994
-1.3589689,1.56794
-1.3587689,1.56794
-1.3585689,1.59994
-1.3583689,1.56794
-1.3581689,1.59994
-1.3579689,1.59994
-1.3577689,1.56794
-1.3575689,1.56794
-1.3573689,1.59994
-1.3571689,1.56794
-1.3569689,1.56794
-1.3567689,1.56794
-1.3565689,1.56794
-1.3563689,1.56794
-1.3561689,1.63194
-1.3559689,1.56794
-1.3557689,1.56794
-1.3555689,1.56794
-1.3553689,1.56794
-1.3551689,1.56794
-1.3549689,1.59994
-1.3547689,1.56794
-1.3545689,1.53594
-1.3543689,1.59994
-1.3541689,1.53594
-1.3539689,1.53594
-1.3537689,1.56794
-1.3535689,1.53594
-1.3533689,1.53594
-1.3531689,1.56794
-1.3529689,1.53594
-1.3527689,1.53594
-1.3525689,1.53594
-1.3523689,1.53594
-1.3521689,1.50394
-1.3519689,1.53594
-1.3517689,1.56794
-1.3515689,1.53594
-1.3513689,1.50394
-1.3511689,1.53594
-1.3509689,1.50394
-1.3507689,1.50394
-1.3505689,1.50394
-1.3503689,1.50394
-1.3501689,1.47194
-1.3499689,1.47194
-1.3497689,1.50394
-1.3495689,1.50394
-1.3493689,1.47194
-1.3491689,1.47194
-1.3489689,1.47194
-1.3487689,1.47194
-1.3485689,1.47194
-1.3483689,1.47194
-1.3481689,1.43994
-1.3479689,1.47194
-1.3477689,1.47194
-1.3475689,1.40795
-1.3473689,1.43994
-1.3471689,1.50394
-1.3469689,1.40795
-1.3467689,1.43994
-1.3465689,1.43994
-1.3463689,1.40795
-1.3461689,1.37595
-1.3459689,1.43994
-1.3457689,1.43994
-1.3455689,1.43994
-1.3453689,1.43994
-1.3451689,1.37595
-1.3449689,1.37595
-1.3447689,1.40795
-1.3445689,1.31195
-1.3443689,1.37595
-1.3441689,1.40795
-1.3439689,1.34395
-1.3437689,1.37595
-1.3435689,1.40795
-1.3433689,1.37595
-1.3431689,1.37595
-1.3429689,1.37595
-1.3427689,1.31195
-1.3425689,1.34395
-1.3423689,1.34395
-1.3421689,1.31195
-1.3419689,1.37595
-1.3417689,1.34395
-1.3415689,1.31195
-1.3413689,1.27995
-1.3411689,1.34395
-1.3409689,1.31195
-1.3407689,1.27995
-1.3405689,1.31195
-1.3403689,1.27995
-1.3401689,1.27995
-1.3399689,1.34395
-1.3397689,1.27995
-1.3395689,1.24795
-1.3393689,1.27995
-1.3391689,1.27995
-1.3389689,1.24795
-1.3387689,1.24795
-1.3385689,1.21595
-1.3383689,1.24795
-1.3381689,1.21595
-1.3379689,1.24795
-1.3377689,1.24795
-1.3375689,1.24795
-1.3373689,1.18395
-1.3371689,1.21595
-1.3369689,1.18395
-1.3367689,1.18395
-1.3365689,1.15196
-1.3363689,1.21595
-1.3361689,1.18395
-1.3359689,1.18395
-1.3357689,1.21595
-1.3355689,1.15196
-1.3353689,1.11996
-1.3351689,1.15196
-1.3349689,1.15196
-1.3347689,1.11996
-1.3345689,1.11996
-1.3343689,1.11996
-1.3341689,1.15196
-1.3339689,1.15196
-1.3337689,1.15196
-1.3335689,1.08796
-1.3333689,1.08796
-1.3331689,1.11996
-1.3329689,1.08796
-1.3327689,1.11996
-1.3325689,1.05596
-1.3323689,1.05596
-1.3321689,1.05596
-1.3319689,1.05596
-1.3317689,1.05596
-1.3315689,1.08796
-1.3313689,1.05596
-1.3311689,1.05596
-1.3309689,1.05596
-1.3307689,1.02396
-1.3305689,1.02396
-1.3303689,1.02396
-1.3301689,1.05596
-1.3299689,1.02396
-1.3297689,0.991962
-1.3295689,1.05596
-1.3293689,0.991962
-1.3291689,1.02396
-1.3289689,0.959963
-1.3287689,0.991962
-1.3285689,0.959963
-1.3283689,0.991962
-1.3281689,0.959963
-1.3279689,0.959963
-1.3277689,0.959963
-1.3275689,0.927964
-1.3273689,0.991962
-1.3271689,0.959963
-1.3269689,0.927964
-1.3267689,0.959963
-1.3265689,0.927964
-1.3263689,0.959963
-1.3261689,0.927964
-1.3259689,0.927964
-1.3257689,0.895966
-1.3255689,0.959963
-1.3253689,0.895966
-1.3251689,0.863967
-1.3249689,0.895966
-1.3247689,0.895966
-1.3245689,0.895966
-1.3243689,0.895966
-1.3241689,0.895966
-1.3239689,0.895966
-1.3237689,0.863967
-1.3235689,0.831968
-1.3233689,0.831968
-1.3231689,0.863967
-1.3229689,0.799969
-1.3227689,0.767971
-1.3225689,0.831968
-1.3223689,0.799969
-1.3221689,0.831968
-1.3219689,0.831968
-1.3217689,0.799969
-1.3215689,0.767971
-1.3213689,0.767971
-1.3211689,0.735972
-1.3209689,0.735972
-1.3207689,0.767971
-1.3205689,0.735972
-1.3203689,0.735972
-1.3201689,0.799969
-1.3199689,0.703973
-1.3197689,0.735972
-1.3195689,0.703973
-1.3193689,0.671974
-1.3191689,0.767971
-1.3189689,0.767971
-1.3187689,0.703973
-1.3185689,0.703973
-1.3183689,0.703973
-1.3181689,0.671974
-1.3179689,0.703973
-1.3177689,0.703973
-1.3175689,0.639975
-1.3173689,0.639975
-1.3171689,0.639975
-1.3169689,0.607977
-1.3167689,0.639975
-1.3165689,0.639975
-1.3163689,0.639975
-1.3161689,0.639975
-1.3159689,0.639975
-1.3157689,0.607977
-1.3155689,0.607977
-1.3153689,0.639975
-1.3151689,0.575978
-1.3149689,0.607977
-1.3147689,0.607977
-1.3145689,0.575978
-1.3143689,0.543979
-1.3141689,0.575978
-1.3139689,0.543979
-1.3137689,0.543979
-1.3135689,0.575978
-1.3133689,0.51198
-1.3131689,0.51198
-1.3129689,0.543979
-1.3127689,0.543979
-1.3125689,0.51198
-1.3123689,0.543979
-1.3121689,0.51198
-1.3119689,0.51198
-1.3117689,0.479982
-1.3115689,0.447983
-1.3113689,0.479982
-1.3111689,0.479982
-1.3109689,0.447983
-1.3107689,0.479982
-1.3105689,0.51198
-1.3103689,0.447983
-1.3101689,0.415984
-1.3099689,0.479982
-1.3097689,0.447983
-1.3095689,0.447983
-1.3093689,0.415984
-1.3091689,0.383985
-1.3089689,0.447983
-1.3087689,0.415984
-1.3085689,0.383985
-1.3083689,0.447983
-1.3081689,0.415984
-1.3079689,0.383985
-1.3077689,0.383985
-1.3075689,0.383985
-1.3073689,0.351986
-1.3071689,0.383985
-1.3069689,0.383985
-1.3067689,0.351986
-1.3065689,0.351986
-1.3063689,0.351986
-1.3061689,0.383985
-1.3059689,0.351986
-1.3057689,0.319988
-1.3055689,0.319988
-1.3053689,0.351986
-1.3051689,0.319988
-1.3049689,0.319988
-1.3047689,0.351986
-1.3045689,0.319988
-1.3043689,0.319988
-1.3041689,0.319988
-1.3039689,0.25599
-1.3037689,0.25599
-1.3035689,0.319988
-1.3033689,0.223991
-1.3031689,0.25599
-1.3029689,0.25599
-1.3027689,0.223991
-1.3025689,0.25599
-1.3023689,0.25599
-1.3021689,0.223991
-1.3019689,0.191993
-1.3017689,0.25599
-1.3015689,0.25599
-1.3013689,0.223991
-1.3011689,0.223991
-1.3009689,0.191993
-1.3007689,0.223991
-1.3005689,0.223991
-1.3003689,0.159994
-1.3001689,0.191993
-1.2999689,0.159994
-1.2997689,0.127995
-1.2995689,0.159994
-1.2993689,0.159994
-1.2991689,0.191993
-1.2989689,0.159994
-1.2987689,0.159994
-1.2985689,0.127995
-1.2983689,0.0959963
-1.2981689,0.127995
-1.2979689,0.0959963
-1.2977689,0.0959963
-1.2975689,0.127995
-1.2973689,0.0959963
-1.2971689,0.0959963
-1.2969689,0.0959963
-1.2967689,0.127995
-1.2965689,0.0639975
-1.2963689,0.0959963
-1.2961689,0.0959963
-1.2959689,0.0639975
-1.2957689,0.0959963
-1.2955689,0.0639975
-1.2953689,0.0319988
-1.2951689,0.0639975
-1.2949689,0.127995
-1.2947689,0.0319988
-1.2945689,0.0959963
-1.2943689,0.0639975
-1.2941689,0.0319988
-1.2939689,0.0319988
-1.2937689,0.0319988
-1.2935689,0
-1.2933689,0
-1.2931689,0.0319988
-1.2929689,0.0319988
-1.2927689,0.0319988
-1.2925689,0
-1.2923689,0.0319988
-1.2921689,0
-1.2919689,-0.0319988
-1.2917689,-0.0639975
-1.2915689,0
-1.2913689,0
-1.2911689,-0.0319988
-1.2909689,-0.0639975
-1.2907689,-0.0319988
-1.2905689,-0.0319988
-1.2903689,-0.0639975
-1.2901689,-0.0959963
-1.2899689,-0.0959963
-1.2897689,-0.0959963
-1.2895689,-0.0639975
-1.2893689,-0.0959963
-1.2891689,-0.0959963
-1.2889689,-0.0959963
-1.2887689,-0.0959963
-1.2885689,-0.127995
-1.2883689,-0.159994
-1.2881689,-0.127995
-1.2879689,-0.0959963
-1.2877689,-0.127995
-1.2875689,-0.159994
-1.2873689,-0.127995
-1.2871689,-0.127995
-1.2869689,-0.127995
-1.2867689,-0.0959963
-1.2865689,-0.127995
-1.2863689,-0.159994
-1.2861689,-0.159994
-1.2859689,-0.191993
-1.2857689,-0.159994
-1.2855689,-0.191993
-1.2853689,-0.159994
-1.2851689,-0.191993
-1.2849689,-0.159994
-1.2847689,-0.159994
-1.2845689,-0.223991
-1.2843689,-0.223991
-1.2841689,-0.191993
-1.2839689,-0.223991
-1.2837689,-0.223991
-1.2835689,-0.191993
-1.2833689,-0.223991
-1.2831689,-0.191993
-1.2829689,-0.223991
-1.2827689,-0.223991
-1.2825689,-0.223991
-1.2823689,-0.25599
-1.2821689,-0.25599
-1.2819689,-0.191993
-1.2817689,-0.159994
-1.2815689,-0.223991
-1.2813689,-0.25599
-1.2811689,-0.223991
-1.2809689,-0.287989
-1.2807689,-0.25599
-1.2805689,-0.223991
-1.2803689,-0.25599
-1.2801689,-0.287989
-1.2799689,-0.25599
-1.2797689,-0.287989
-1.2795689,-0.287989
-1.2793689,-0.319988
-1.2791689,-0.25599
-1.2789689,-0.287989
-1.2787689,-0.351986
-1.2785689,-0.287989
-1.2783689,-0.319988
-1.2781689,-0.319988
-1.2779689,-0.319988
-1.2777689,-0.319988
-1.2775689,-0.287989
-1.2773689,-0.319988
-1.2771689,-0.351986
-1.2769689,-0.319988
-1.2767689,-0.351986
-1.2765689,-0.351986
-1.2763689,-0.351986
-1.2761689,-0.319988
-1.2759689,-0.383985
-1.2757689,-0.383985
-1.2755689,-0.383985
-1.2753689,-0.351986
-1.2751689,-0.383985
-1.2749689,-0.319988
-1.2747689,-0.383985
-1.2745689,-0.415984
-1.2743689,-0.383985
-1.2741689,-0.415984
-1.2739689,-0.383985
-1.2737689,-0.351986
-1.2735689,-0.447983
-1.2733689,-0.383985
-1.2731689,-0.383985
-1.2729689,-0.415984
-1.2727689,-0.383985
-1.2725689,-0.415984
-1.2723689,-0.447983
-1.2721689,-0.415984
-1.2719689,-0.415984
-1.2717689,-0.415984
-1.2715689,-0.383985
-1.2713689,-0.383985
-1.2711689,-0.415984
-1.2709689,-0.415984
-1.2707689,-0.479982
-1.2705689,-0.415984
-1.2703689,-0.415984
-1.2701689,-0.415984
-1.2699689,-0.447983
-1.2697689,-0.415984
-1.2695689,-0.447983
-1.2693689,-0.447983
-1.2691689,-0.447983
-1.2689689,-0.447983
-1.2687689,-0.51198
-1.2685689,-0.447983
-1.2683689,-0.479982
-1.2681689,-0.447983
-1.2679689,-0.479982
-1.2677689,-0.447983
-1.2675689,-0.479982
-1.2673689,-0.447983
-1.2671689,-0.447983
-1.2669689,-0.479982
-1.2667689,-0.51198
-1.2665689,-0.479982
-1.2663689,-0.51198
-1.2661689,-0.479982
-1.2659689,-0.447983
-1.2657689,-0.479982
-1.2655689,-0.543979
-1.2653689,-0.479982
-1.2651689,-0.543979
-1.2649689,-0.51198
-1.2647689,-0.447983
-1.2645689,-0.51198
-1.2643689,-0.51198
-1.2641689,-0.479982
-1.2639689,-0.51198
-1.2637689,-0.479982
-1.2635689,-0.51198
-1.2633689,-0.479982
-1.2631689,-0.479982
-1.2629689,-0.479982
-1.2627689,-0.543979
-1.2625689,-0.543979
-1.2623689,-0.51198
-1.2621689,-0.51198
-1.2619689,-0.543979
-1.2617689,-0.479982
-1.2615689,-0.543979
-1.2613689,-0.51198
-1.2611689,-0.51198
-1.2609689,-0.543979
-1.2607689,-0.607977
-1.2605689,-0.51198
-1.2603689,-0.543979
-1.2601689,-0.51198
-1.2599689,-0.543979
-1.2597689,-0.575978
-1.2595689,-0.51198
-1.2593689,-0.543979
-1.2591689,-0.575978
-1.2589689,-0.543979
-1.2587689,-0.575978
-1.2585689,-0.575978
-1.2583689,-0.575978
-1.2581689,-0.51198
-1.2579689,-0.575978
-1.2577689,-0.543979
-1.2575689,-0.51198
-1.2573689,-0.575978
-1.2571689,-0.575978
-1.2569689,-0.51198
-1.2567689,-0.575978
-1.2565689,-0.543979
-1.2563689,-0.543979
-1.2561689,-0.543979
-1.2559689,-0.51198
-1.2557689,-0.543979
-1.2555689,-0.575978
-1.2553689,-0.575978
-1.2551689,-0.575978
-1.2549689,-0.575978
-1.2547689,-0.607977
-1.2545689,-0.543979
-1.2543689,-0.575978
-1.2541689,-0.575978
-1.2539689,-0.543979
-1.2537689,-0.575978
-1.2535689,-0.575978
-1.2533689,-0.575978
-1.2531689,-0.575978
-1.2529689,-0.575978
-1.2527689,-0.543979
-1.2525689,-0.543979
-1.2523689,-0.607977
-1.2521689,-0.575978
-1.2519689,-0.607977
-1.2517689,-0.575978
-1.2515689,-0.575978
-1.2513689,-0.607977
-1.2511689,-0.543979
-1.2509689,-0.607977
-1.2507689,-0.607977
-1.2505689,-0.575978
-1.2503689,-0.607977
-1.2501689,-0.639975
-1.2499689,-0.575978
-1.2497689,-0.543979
-1.2495689,-0.607977
-1.2493689,-0.607977
-1.2491689,-0.575978
-1.2489689,-0.575978
-1.2487689,-0.575978
-1.2485689,-0.607977
-1.2483689,-0.607977
-1.2481689,-0.575978
-1.2479689,-0.575978
-1.2477689,-0.639975
-1.2475689,-0.607977
-1.2473689,-0.575978
-1.2471689,-0.607977
-1.2469689,-0.575978
-1.2467689,-0.575978
-1.2465689,-0.575978
-1.2463689,-0.607977
-1.2461689,-0.607977
-1.2459689,-0.607977
-1.2457689,-0.607977
-1.2455689,-0.575978
-1.2453689,-0.607977
-1.2451689,-0.607977
-1.2449689,-0.607977
-1.2447689,-0.607977
-1.2445689,-0.639975
-1.2443689,-0.607977
-1.2441689,-0.607977
-1.2439689,-0.639975
-1.2437689,-0.639975
-1.2435689,-0.575978
-1.2433689,-0.639975
-1.2431689,-0.607977
-1.2429689,-0.639975
-1.2427689,-0.607977
-1.2425689,-0.575978
-1.2423689,-0.639975
-1.2421689,-0.639975
-1.2419689,-0.607977
-1.2417689,-0.639975
-1.2415689,-0.607977
-1.2413689,-0.607977
-1.2411689,-0.639975
-1.2409689,-0.607977
-1.2407689,-0.607977
-1.2405689,-0.639975
-1.2403689,-0.607977
-1.2401689,-0.639975
-1.2399689,-0.671974
-1.2397689,-0.607977
-1.2395689,-0.671974
-1.2393689,-0.607977
-1.2391689,-0.639975
-1.2389689,-0.671974
-1.2387689,-0.639975
-1.2385689,-0.639975
-1.2383689,-0.671974
-1.2381689,-0.639975
-1.2379689,-0.639975
-1.2377689,-0.671974
-1.2375689,-0.639975
-1.2373689,-0.671974
-1.2371689,-0.639975
-1.2369689,-0.671974
-1.2367689,-0.639975
-1.2365689,-0.639975
-1.2363689,-0.671974
-1.2361689,-0.639975
-1.2359689,-0.639975
-1.2357689,-0.671974
-1.2355689,-0.639975
-1.2353689,-0.671974
-1.2351689,-0.607977
-1.2349689,-0.639975
-1.2347689,-0.671974
-1.2345689,-0.671974
-1.2343689,-0.671974
-1.2341689,-0.639975
-1.2339689,-0.671974
-1.2337689,-0.639975
-1.2335689,-0.703973
-1.2333689,-0.671974
-1.2331689,-0.671974
-1.2329689,-0.639975
-1.2327689,-0.639975
-1.2325689,-0.671974
-1.2323689,-0.671974
-1.2321689,-0.639975
-1.2319689,-0.639975
-1.2317689,-0.703973
-1.2315689,-0.671974
-1.2313689,-0.703973
-1.2311689,-0.671974
-1.2309689,-0.703973
-1.2307689,-0.703973
-1.2305689,-0.703973
-1.2303689,-0.671974
-1.2301689,-0.671974
-1.2299689,-0.639975
-1.2297689,-0.703973
-1.2295689,-0.703973
-1.2293689,-0.703973
-1.2291689,-0.639975
-1.2289689,-0.703973
-1.2287689,-0.671974
-1.2285689,-0.703973
-1.2283689,-0.671974
-1.2281689,-0.703973
-1.2279689,-0.671974
-1.2277689,-0.703973
-1.2275689,-0.671974
-1.2273689,-0.671974
-1.2271689,-0.735972
-1.2269689,-0.703973
-1.2267689,-0.671974
-1.2265689,-0.703973
-1.2263689,-0.671974
-1.2261689,-0.767971
-1.2259689,-0.703973
-1.2257689,-0.703973
-1.2255689,-0.703973
-1.2253689,-0.703973
-1.2251689,-0.735972
-1.2249689,-0.703973
-1.2247689,-0.703973
-1.2245689,-0.703973
-1.2243689,-0.735972
-1.2241689,-0.703973
-1.2239689,-0.735972
-1.2237689,-0.735972
-1.2235689,-0.735972
-1.2233689,-0.703973
-1.2231689,-0.735972
-1.2229689,-0.735972
-1.2227689,-0.703973
-1.2225689,-0.735972
-1.2223689,-0.735972
-1.2221689,-0.703973
-1.2219689,-0.703973
-1.2217689,-0.703973
-1.2215689,-0.671974
-1.2213689,-0.735972
-1.2211689,-0.767971
-1.2209689,-0.767971
-1.2207689,-0.735972
-1.2205689,-0.703973
-1.2203689,-0.703973
-1.2201689,-0.767971
-1.2199689,-0.735972
-1.2197689,-0.703973
-1.2195689,-0.735972
-1.2193689,-0.703973
-1.2191689,-0.735972
-1.2189689,-0.735972
-1.2187689,-0.799969
-1.2185689,-0.735972
-1.2183689,-0.735972
-1.2181689,-0.703973
-1.2179689,-0.735972
-1.2177689,-0.703973
-1.2175689,-0.767971
-1.2173689,-0.735972
-1.2171689,-0.767971
-1.2169689,-0.735972
-1.2167689,-0.735972
-1.2165689,-0.767971
-1.2163689,-0.735972
-1.2161689,-0.767971
-1.2159689,-0.735972
-1.2157689,-0.735972
-1.2155689,-0.767971
-1.2153689,-0.767971
-1.2151689,-0.735972
-1.2149689,-0.735972
-1.2147689,-0.735972
-1.2145689,-0.735972
-1.2143689,-0.735972
-1.2141689,-0.799969
-1.2139689,-0.735972
-1.2137689,-0.767971
-1.2135689,-0.735972
-1.2133689,-0.767971
-1.2131689,-0.735972
-1.2129689,-0.735972
-1.2127689,-0.767971
-1.2125689,-0.767971
-1.2123689,-0.767971
-1.2121689,-0.767971
-1.2119689,-0.767971
-1.2117689,-0.767971
-1.2115689,-0.735972
-1.2113689,-0.767971
-1.2111689,-0.767971
-1.2109689,-0.735972
-1.2107689,-0.767971
-1.2105689,-0.799969
-1.2103689,-0.735972
-1.2101689,-0.767971
-1.2099689,-0.735972
-1.2097689,-0.735972
-1.2095689,-0.767971
-1.2093689,-0.767971
-1.2091689,-0.767971
-1.2089689,-0.735972
-1.2087689,-0.735972
-1.2085689,-0.735972
-1.2083689,-0.735972
-1.2081689,-0.735972
-1.2079689,-0.703973
-1.2077689,-0.735972
-1.2075689,-0.735972
-1.2073689,-0.735972
-1.2071689,-0.735972
-1.2069689,-0.703973
-1.2067689,-0.735972
-1.2065689,-0.735972
-1.2063689,-0.735972
-1.2061689,-0.703973
-1.2059689,-0.735972
-1.2057689,-0.703973
-1.2055689,-0.735972
-1.2053689,-0.671974
-1.2051689,-0.735972
-1.2049689,-0.703973
-1.2047689,-0.671974
-1.2045689,-0.735972
-1.2043689,-0.735972
-1.2041689,-0.703973
-1.2039689,-0.735972
-1.2037689,-0.703973
-1.2035689,-0.735972
-1.2033689,-0.703973
-1.2031689,-0.671974
-1.2029689,-0.703973
-1.2027689,-0.703973
-1.2025689,-0.703973
-1.2023689,-0.703973
-1.2021689,-0.735972
-1.2019689,-0.735972
-1.2017689,-0.703973
-1.2015689,-0.703973
-1.2013689,-0.703973
-1.2011689,-0.703973
-1.2009689,-0.703973
-1.2007689,-0.671974
-1.2005689,-0.735972
-1.2003689,-0.703973
-1.2001689,-0.703973
-1.1999689,-0.703973
-1.1997689,-0.703973
-1.1995689,-0.671974
-1.1993689,-0.703973
-1.1991689,-0.703973
-1.1989689,-0.703973
-1.1987689,-0.735972
-1.1985689,-0.703973
-1.1983689,-0.703973
-1.1981689,-0.671974
-1.1979689,-0.703973
-1.1977689,-0.735972
-1.1975689,-0.703973
-1.1973689,-0.703973
-1.1971689,-0.703973
-1.1969689,-0.703973
-1.1967689,-0.703973
-1.1965689,-0.703973
-1.1963689,-0.703973
-1.1961689,-0.735972
-1.1959689,-0.703973
-1.1957689,-0.703973
-1.1955689,-0.703973
-1.1953689,-0.671974
-1.1951689,-0.703973
-1.1949689,-0.703973
-1.1947689,-0.671974
-1.1945689,-0.703973
-1.1943689,-0.703973
-1.1941689,-0.671974
-1.1939689,-0.671974
-1.1937689,-0.671974
-1.1935689,-0.639975
-1.1933689,-0.703973
-1.1931689,-0.671974
-1.1929689,-0.703973
-1.1927689,-0.639975
-1.1925689,-0.639975
-1.1923689,-0.671974
-1.1921689,-0.671974
-1.1919689,-0.671974
-1.1917689,-0.639975
-1.1915689,-0.671974
-1.1913689,-0.671974
-1.1911689,-0.639975
-1.1909689,-0.671974
-1.1907689,-0.671974
-1.1905689,-0.639975
-1.1903689,-0.639975
-1.1901689,-0.639975
-1.1899689,-0.639975
-1.1897689,-0.671974
-1.1895689,-0.671974
-1.1893689,-0.671974
-1.1891689,-0.639975
-1.1889689,-0.639975
-1.1887689,-0.639975
-1.1885689,-0.607977
-1.1883689,-0.671974
-1.1881689,-0.671974
-1.1879689,-0.639975
-1.1877689,-0.639975
-1.1875689,-0.607977
-1.1873689,-0.575978
-1.1871689,-0.607977
-1.1869689,-0.607977
-1.1867689,-0.607977
-1.1865689,-0.607977
-1.1863689,-0.639975
-1.1861689,-0.575978
-1.1859689,-0.639975
-1.1857689,-0.607977
-1.1855689,-0.639975
-1.1853689,-0.639975
-1.1851689,-0.575978
-1.1849689,-0.607977
-1.1847689,-0.607977
-1.1845689,-0.607977
-1.1843689,-0.607977
-1.1841689,-0.607977
-1.1839689,-0.639975
-1.1837689,-0.607977
-1.1835689,-0.639975
-1.1833689,-0.607977
-1.1831689,-0.575978
-1.1829689,-0.639975
-1.1827689,-0.607977
-1.1825689,-0.607977
-1.1823689,-0.639975
-1.1821689,-0.575978
-1.1819689,-0.575978
-1.1817689,-0.607977
-1.1815689,-0.639975
-1.1813689,-0.607977
-1.1811689,-0.575978
-1.1809689,-0.543979
-1.1807689,-0.543979
-1.1805689,-0.575978
-1.1803689,-0.607977
-1.1801689,-0.607977
-1.1799689,-0.575978
-1.1797689,-0.575978
-1.1795689,-0.575978
-1.1793689,-0.607977
-1.1791689,-0.575978
-1.1789689,-0.543979
-1.1787689,-0.543979
-1.1785689,-0.607977
-1.1783689,-0.607977
-1.1781689,-0.575978
-1.1779689,-0.607977
-1.1777689,-0.543979
-1.1775689,-0.575978
-1.1773689,-0.607977
-1.1771689,-0.543979
-1.1769689,-0.575978
-1.1767689,-0.575978
-1.1765689,-0.575978
-1.1763689,-0.575978
-1.1761689,-0.575978
-1.1759689,-0.51198
-1.1757689,-0.575978
-1.1755689,-0.575978
-1.1753689,-0.575978
-1.1751689,-0.607977
-1.1749689,-0.575978
-1.1747689,-0.543979
-1.1745689,-0.575978
-1.1743689,-0.575978
-1.1741689,-0.543979
-1.1739689,-0.607977
-1.1737689,-0.543979
-1.1735689,-0.575978
-1.1733689,-0.575978
-1.1731689,-0.575978
-1.1729689,-0.575978
-1.1727689,-0.575978
-1.1725689,-0.575978
-1.1723689,-0.575978
-1.1721689,-0.575978
-1.1719689,-0.575978
-1.1717689,-0.51198
-1.1715689,-0.575978
-1.1713689,-0.543979
-1.1711689,-0.543979
-1.1709689,-0.543979
-1.1707689,-0.51198
-1.1705689,-0.543979
-1.1703689,-0.575978
-1.1701689,-0.543979
-1.1699689,-0.51198
-1.1697689,-0.543979
-1.1695689,-0.543979
-1.1693689,-0.51198
-1.1691689,-0.543979
-1.1689689,-0.51198
-1.1687689,-0.543979
-1.1685689,-0.51198
-1.1683689,-0.51198
-1.1681689,-0.543979
-1.1679689,-0.543979
-1.1677689,-0.479982
-1.1675689,-0.51198
-1.1673689,-0.543979
-1.1671689,-0.51198
-1.1669689,-0.543979
-1.1667689,-0.543979
-1.1665689,-0.51198
-1.1663689,-0.51198
-1.1661689,-0.543979
-1.1659689,-0.543979
-1.1657689,-0.51198
-1.1655689,-0.543979
-1.1653689,-0.543979
-1.1651689,-0.51198
-1.1649689,-0.575978
-1.1647689,-0.51198
-1.1645689,-0.447983
-1.1643689,-0.543979
-1.1641689,-0.543979
-1.1639689,-0.479982
-1.1637689,-0.51198
-1.1635689,-0.51198
-1.1633689,-0.479982
-1.1631689,-0.51198
-1.1629689,-0.479982
-1.1627689,-0.479982
-1.1625689,-0.51198
-1.1623689,-0.51198
-1.1621689,-0.479982
-1.1619689,-0.543979
-1.1617689,-0.479982
-1.1615689,-0.479982
-1.1613689,-0.479982
-1.1611689,-0.543979
-1.1609689,-0.51198
-1.1607689,-0.51198
-1.1605689,-0.447983
-1.1603689,-0.447983
-1.1601689,-0.51198
-1.1599689,-0.479982
-1.1597689,-0.447983
-1.1595689,-0.543979
-1.1593689,-0.51198
-1.1591689,-0.447983
-1.1589689,-0.51198
-1.1587689,-0.479982
-1.1585689,-0.447983
-1.1583689,-0.479982
-1.1581689,-0.447983
-1.1579689,-0.415984
-1.1577689,-0.51198
-1.1575689,-0.415984
-1.1573689,-0.447983
-1.1571689,-0.479982
-1.1569689,-0.447983
-1.1567689,-0.447983
-1.1565689,-0.479982
-1.1563689,-0.479982
-1.1561689,-0.479982
-1.1559689,-0.479982
-1.1557689,-0.447983
-1.1555689,-0.447983
-1.1553689,-0.479982
-1.1551689,-0.447983
-1.1549689,-0.479982
-1.1547689,-0.447983
-1.1545689,-0.447983
-1.1543689,-0.415984
-1.1541689,-0.479982
-1.1539689,-0.415984
-1.1537689,-0.479982
-1.1535689,-0.447983
-1.1533689,-0.479982
-1.1531689,-0.415984
-1.1529689,-0.383985
-1.1527689,-0.415984
-1.1525689,-0.415984
-1.1523689,-0.479982
-1.1521689,-0.447983
-1.1519689,-0.415984
-1.1517689,-0.415984
-1.1515689,-0.447983
-1.1513689,-0.447983
-1.1511689,-0.447983
-1.1509689,-0.415984
-1.1507689,-0.415984
-1.1505689,-0.447983
-1.1503689,-0.415984
-1.1501689,-0.415984
-1.1499689,-0.447983
-1.1497689,-0.383985
-1.1495689,-0.447983
-1.1493689,-0.447983
-1.1491689,-0.415984
-1.1489689,-0.415984
-1.1487689,-0.415984
-1.1485689,-0.415984
-1.1483689,-0.415984
-1.1481689,-0.447983
-1.1479689,-0.415984
-1.1477689,-0.383985
-1.1475689,-0.415984
-1.1473689,-0.383985
-1.1471689,-0.383985
-1.1469689,-0.447983
-1.1467689,-0.415984
-1.1465689,-0.383985
-1.1463689,-0.415984
-1.1461689,-0.447983
-1.1459689,-0.383985
-1.1457689,-0.415984
-1.1455689,-0.415984
-1.1453689,-0.383985
-1.1451689,-0.383985
-1.1449689,-0.383985
-1.1447689,-0.351986
-1.1445689,-0.351986
-1.1443689,-0.383985
-1.1441689,-0.351986
-1.1439689,-0.351986
-1.1437689,-0.383985
-1.1435689,-0.351986
-1.1433689,-0.383985
-1.1431689,-0.351986
-1.1429689,-0.351986
-1.1427689,-0.415984
-1.1425689,-0.351986
-1.1423689,-0.351986
-1.1421689,-0.351986
-1.1419689,-0.351986
-1.1417689,-0.351986
-1.1415689,-0.351986
-1.1413689,-0.351986
-1.1411689,-0.319988
-1.1409689,-0.383985
-1.1407689,-0.383985
-1.1405689,-0.351986
-1.1403689,-0.351986
-1.1401689,-0.351986
-1.1399689,-0.383985
-1.1397689,-0.351986
-1.1395689,-0.383985
-1.1393689,-0.383985
-1.1391689,-0.351986
-1.1389689,-0.383985
-1.1387689,-0.319988
-1.1385689,-0.383985
-1.1383689,-0.383985
-1.1381689,-0.351986
-1.1379689,-0.383985
-1.1377689,-0.319988
-1.1375689,-0.351986
-1.1373689,-0.383985
-1.1371689,-0.351986
-1.1369689,-0.351986
-1.1367689,-0.351986
-1.1365689,-0.319988
-1.1363689,-0.351986
-1.1361689,-0.351986
-1.1359689,-0.351986
-1.1357689,-0.319988
-1.1355689,-0.319988
-1.1353689,-0.319988
-1.1351689,-0.351986
-1.1349689,-0.383985
-1.1347689,-0.319988
-1.1345689,-0.351986
-1.1343689,-0.351986
-1.1341689,-0.351986
-1.1339689,-0.319988
-1.1337689,-0.319988
-1.1335689,-0.319988
-1.1333689,-0.319988
-1.1331689,-0.319988
-1.1329689,-0.319988
-1.1327689,-0.351986
-1.1325689,-0.287989
-1.1323689,-0.351986
-1.1321689,-0.287989
-1.1319689,-0.319988
-1.1317689,-0.351986
-1.1315689,-0.287989
-1.1313689,-0.287989
-1.1311689,-0.351986
-1.1309689,-0.319988
-1.1307689,-0.383985
-1.1305689,-0.287989
-1.1303689,-0.319988
-1.1301689,-0.319988
-1.1299689,-0.351986
-1.1297689,-0.319988
-1.1295689,-0.351986
-1.1293689,-0.319988
-1.1291689,-0.319988
-1.1289689,-0.287989
-1.1287689,-0.319988
-1.1285689,-0.319988
-1.1283689,-0.287989
-1.1281689,-0.319988
-1.1279689,-0.319988
-1.1277689,-0.287989
-1.1275689,-0.287989
-1.1273689,-0.287989
-1.1271689,-0.319988
-1.1269689,-0.319988
-1.1267689,-0.319988
-1.1265689,-0.319988
-1.1263689,-0.319988
-1.1261689,-0.319988
-1.1259689,-0.287989
-1.1257689,-0.319988
-1.1255689,-0.319988
-1.1253689,-0.287989
-1.1251689,-0.319988
-1.1249689,-0.287989
-1.1247689,-0.319988
-1.1245689,-0.319988
-1.1243689,-0.287989
-1.1241689,-0.351986
-1.1239689,-0.319988
-1.1237689,-0.287989
-1.1235689,-0.287989
-1.1233689,-0.25599
-1.1231689,-0.287989
-1.1229689,-0.287989
-1.1227689,-0.287989
-1.1225689,-0.287989
-1.1223689,-0.287989
-1.1221689,-0.287989
-1.1219689,-0.319988
-1.1217689,-0.319988
-1.1215689,-0.319988
-1.1213689,-0.287989
-1.1211689,-0.319988
-1.1209689,-0.25599
-1.1207689,-0.287989
-1.1205689,-0.287989
-1.1203689,-0.223991
-1.1201689,-0.287989
-1.1199689,-0.287989
-1.1197689,-0.223991
-1.1195689,-0.25599
-1.1193689,-0.25599
-1.1191689,-0.223991
-1.1189689,-0.25599
-1.1187689,-0.223991
-1.1185689,-0.223991
-1.1183689,-0.223991
-1.1181689,-0.287989
-1.1179689,-0.287989
-1.1177689,-0.223991
-1.1175689,-0.223991
-1.1173689,-0.191993
-1.1171689,-0.223991
-1.1169689,-0.25599
-1.1167689,-0.191993
-1.1165689,-0.191993
-1.1163689,-0.223991
-1.1161689,-0.25599
-1.1159689,-0.223991
-1.1157689,-0.223991
-1.1155689,-0.191993
-1.1153689,-0.25599
-1.1151689,-0.223991
-1.1149689,-0.191993
-1.1147689,-0.25599
-1.1145689,-0.191993
-1.1143689,-0.191993
-1.1141689,-0.191993
-1.1139689,-0.223991
-1.1137689,-0.191993
-1.1135689,-0.191993
-1.1133689,-0.223991
-1.1131689,-0.223991
-1.1129689,-0.223991
-1.1127689,-0.191993
-1.1125689,-0.159994
-1.1123689,-0.191993
-1.1121689,-0.191993
-1.1119689,-0.159994
-1.1117689,-0.191993
-1.1115689,-0.191993
-1.1113689,-0.191993
-1.1111689,-0.191993
-1.1109689,-0.223991
-1.1107689,-0.127995
-1.1105689,-0.223991
-1.1103689,-0.159994
-1.1101689,-0.159994
-1.1099689,-0.223991
-1.1097689,-0.159994
-1.1095689,-0.127995
-1.1093689,-0.159994
-1.1091689,-0.127995
-1.1089689,-0.159994
-1.1087689,-0.223991
-1.1085689,-0.159994
-1.1083689,-0.159994
-1.1081689,-0.127995
-1.1079689,-0.127995
-1.1077689,-0.127995
-1.1075689,-0.159994
-1.1073689,-0.127995
-1.1071689,-0.127995
-1.1069689,-0.127995
-1.1067689,-0.159994
-1.1065689,-0.127995
-1.1063689,-0.127995
-1.1061689,-0.127995
-1.1059689,-0.127995
-1.1057689,-0.0959963
-1.1055689,-0.127995
-1.1053689,-0.127995
-1.1051689,-0.127995
-1.1049689,-0.127995
-1.1047689,-0.0959963
-1.1045689,-0.159994
-1.1043689,-0.127995
-1.1041689,-0.0959963
-1.1039689,-0.127995
-1.1037689,-0.127995
-1.1035689,-0.0959963
-1.1033689,-0.159994
-1.1031689,-0.127995
-1.1029689,-0.0639975
-1.1027689,-0.127995
-1.1025689,-0.0959963
-1.1023689,-0.0959963
-1.1021689,-0.0639975
-1.1019689,-0.0639975
-1.1017689,-0.0639975
-1.1015689,-0.0959963
-1.1013689,-0.127995
-1.1011689,-0.0959963
-1.1009689,-0.0959963
-1.1007689,-0.0639975
-1.1005689,-0.0639975
-1.1003689,-0.0959963
-1.1001689,-0.0959963
-1.0999689,-0.0639975
-1.0997689,-0.0959963
-1.0995689,-0.0959963
-1.0993689,-0.0639975
-1.0991689,-0.0639975
-1.0989689,-0.0639975
-1.0987689,-0.0639975
-1.0985689,-0.0639975
-1.0983689,-0.0639975
-1.0981689,-0.0319988
-1.0979689,-0.0639975
-1.0977689,-0.0319988
-1.0975689,-0.0319988
-1.0973689,-0.0319988
-1.0971689,-0.0639975
-1.0969689,0
-1.0967689,-0.0319988
-1.0965689,-0.0319988
-1.0963689,-0.0319988
-1.0961689,-0.0639975
-1.0959689,-0.0319988
-1.0957689,0
-1.0955689,-0.0639975
-1.0953689,0
-1.0951689,0
-1.0949689,-0.0319988
-1.0947689,0
-1.0945689,0.0319988
-1.0943689,-0.0319988
-1.0941689,-0.0319988
-1.0939689,0.0319988
-1.0937689,-0.0319988
-1.0935689,-0.0319988
-1.0933689,0.0319988
-1.0931689,0.0319988
-1.0929689,0
-1.0927689,0
-1.0925689,0
-1.0923689,-0.0639975
-1.0921689,0.0319988
-1.0919689,0
-1.0917689,-0.0319988
-1.0915689,0.0319988
-1.0913689,-0.0319988
-1.0911689,0
-1.0909689,0.0319988
-1.0907689,0
-1.0905689,0
-1.0903689,0.0639975
-1.0901689,-0.0319988
-1.0899689,0
-1.0897689,0.0319988
-1.0895689,0.0319988
-1.0893689,0.0639975
-1.0891689,0.0639975
-1.0889689,0.0319988
-1.0887689,0.0319988
-1.0885689,0.0639975
-1.0883689,-0.0319988
-1.0881689,0
-1.0879689,0.0319988
-1.0877689,0.0639975
-1.0875689,0
-1.0873689,0.0639975
-1.0871689,0
-1.0869689,0.0959963
-1.0867689,0.0319988
-1.0865689,0.0319988
-1.0863689,0
-1.0861689,0.0319988
-1.0859689,0.0319988
-1.0857689,0.0319988
-1.0855689,0.0639975
-1.0853689,0
-1.0851689,0.0639975
-1.0849689,0.0319988
-1.0847689,0.0319988
-1.0845689,0
-1.0843689,0.0639975
-1.0841689,0.0639975
-1.0839689,0.0639975
-1.0837689,0.0959963
-1.0835689,0.0319988
-1.0833689,0.0639975
-1.0831689,0.0639975
-1.0829689,0.0639975
-1.0827689,0.0639975
-1.0825689,0.0959963
-1.0823689,0.0959963
-1.0821689,0.0639975
-1.0819689,0.0639975
-1.0817689,0.0319988
-1.0815689,0.127995
-1.0813689,0.0639975
-1.0811689,0.0319988
-1.0809689,0.0639975
-1.0807689,0.0639975
-1.0805689,0.0959963
-1.0803689,0.0639975
-1.0801689,0.0959963
-1.0799689,0.0639975
-1.0797689,0.0639975
-1.0795689,0.0639975
-1.0793689,0.0959963
-1.0791689,0.0639975
-1.0789689,0.0959963
-1.0787689,0.0639975
-1.0785689,0.0639975
-1.0783689,0.0959963
-1.0781689,0.0639975
-1.0779689,0.0319988
-1.0777689,0.0959963
-1.0775689,0.0959963
-1.0773689,0.0959963
-1.0771689,0.0639975
-1.0769689,0.0319988
-1.0767689,0.0639975
-1.0765689,0.0639975
-1.0763689,0.0639975
-1.0761689,0.127995
-1.0759689,0.0639975
-1.0757689,0.0319988
-1.0755689,0.0639975
-1.0753689,0.0639975
-1.0751689,0.0639975
-1.0749689,0.0639975
-1.0747689,0.0959963
-1.0745689,0.0319988
-1.0743689,0.0639975
-1.0741689,0.0639975
-1.0739689,0.0319988
-1.0737689,0.0639975
-1.0735689,0.0639975
-1.0733689,0.0639975
-1.0731689,0.0319988
-1.0729689,0.0959963
-1.0727689,0.0319988
-1.0725689,0.0959963
-1.0723689,0.0959963
-1.0721689,0.0319988
-1.0719689,0.0959963
-1.0717689,0.0639975
-1.0715689,0.0639975
-1.0713689,0.0639975
-1.0711689,0.0639975
-1.0709689,0.0639975
-1.0707689,0.0959963
-1.0705689,0.0319988
-1.0703689,0.0319988
-1.0701689,0.0959963
-1.0699689,0.0959963
-1.0697689,0.0639975
-1.0695689,0.0959963
-1.0693689,0.0639975
-1.0691689,0.0959963
-1.0689689,0.127995
-1.0687689,0.0959963
-1.0685689,0.0319988
-1.0683689,0.0639975
-1.0681689,0.0639975
-1.0679689,0.0639975
-1.0677689,0.0319988
-1.0675689,0.0959963
-1.0673689,0.0959963
-1.0671689,0.0639975
-1.0669689,0.0639975
-1.0667689,0.0639975
-1.0665689,0.0639975
-1.0663689,0.0959963
-1.0661689,0.0959963
-1.0659689,0.0959963
-1.0657689,0.0959963
-1.0655689,0.0959963
-1.0653689,0.0639975
-1.0651689,0.0959963
-1.0649689,0.0639975
-1.0647689,0.0959963
-1.0645689,0.0639975
-1.0643689,0.0959963
-1.0641689,0.0639975
-1.0639689,0.0639975
-1.0637689,0.0639975
-1.0635689,0.0639975
-1.0633689,0.0639975
-1.0631689,0.0959963
-1.0629689,0.0639975
-1.0627689,0.0959963
-1.0625689,0.0959963
-1.0623689,0.0639975
-1.0621689,0.0639975
-1.0619689,0.0319988
-1.0617689,0.0639975
-1.0615689,0.0639975
-1.0613689,0.0639975
-1.0611689,0.0959963
-1.0609689,0.0959963
-1.0607689,0.0319988
-1.0605689,0.0959963
-1.0603689,0.0639975
-1.0601689,0.0959963
-1.0599689,0.0959963
-1.0597689,0.0959963
-1.0595689,0.0959963
-1.0593689,0.0959963
-1.0591689,0.0959963
-1.0589689,0.0959963
-1.0587689,0.0639975
-1.0585689,0.0959963
-1.0583689,0.0959963
-1.0581689,0.0639975
-1.0579689,0.0639975
-1.0577689,0.0639975
-1.0575689,0.0959963
-1.0573689,0.0639975
-1.0571689,0.0639975
-1.0569689,0.0959963
-1.0567689,0.0959963
-1.0565689,0.0959963
-1.0563689,0.0959963
-1.0561689,0.0639975
-1.0559689,0.0959963
-1.0557689,0.0959963
-1.0555689,0.0959963
-1.0553689,0.0639975
-1.0551689,0.0959963
-1.0549689,0.0959963
-1.0547689,0.0959963
-1.0545689,0.0639975
-1.0543689,0.0639975
-1.0541689,0.0639975
-1.0539689,0.0959963
-1.0537689,0.0639975
-1.0535689,0.0639975
-1.0533689,0.0959963
-1.0531689,0.0639975
-1.0529689,0.0639975
-1.0527689,0.0959963
-1.0525689,0.0639975
-1.0523689,0.0959963
-1.0521689,0.0959963
-1.0519689,0.0959963
-1.0517689,0.0959963
-1.0515689,0.0959963
-1.0513689,0.0639975
-1.0511689,0.0639975
-1.0509689,0.0959963
-1.0507689,0.0959963
-1.0505689,0.0639975
-1.0503689,0.0959963
-1.0501689,0.0959963
-1.0499689,0.0639975
-1.0497689,0.0319988
-1.0495689,0.0639975
-1.0493689,0.0319988
-1.0491689,0.0319988
-1.0489689,0.0319988
-1.0487689,0.0319988
-1.0485689,0.0639975
-1.0483689,0.0319988
-1.0481689,0.0639975
-1.0479689,0.0959963
-1.0477689,0.0639975
-1.0475689,0.0319988
-1.0473689,0.0319988
-1.0471689,0.0639975
-1.0469689,0
-1.0467689,0.0319988
-1.0465689,0.0639975
-1.0463689,0.0319988
-1.0461689,0.0319988
-1.0459689,0.0319988
-1.0457689,-0.0319988
-1.0455689,0.0639975
-1.0453689,0.0639975
-1.0451689,0.0639975
-1.0449689,0
-1.0447689,0.0319988
-1.0445689,0.0319988
-1.0443689,0.0639975
-1.0441689,0.0319988
-1.0439689,0.0319988
-1.0437689,0.0639975
-1.0435689,0.0639975
-1.0433689,0
-1.0431689,0.0319988
-1.0429689,0.0639975
-1.0427689,0.0319988
-1.0425689,0.0319988
-1.0423689,0.0319988
-1.0421689,0.0319988
-1.0419689,0.0319988
-1.0417689,0.0319988
-1.0415689,0.0319988
-1.0413689,0
-1.0411689,0.0319988
-1.0409689,0.0319988
-1.0407689,0.0319988
-1.0405689,0.0319988
-1.0403689,-0.0319988
-1.0401689,0.0319988
-1.0399689,0.0319988
-1.0397689,0.0319988
-1.0395689,0.0319988
-1.0393689,0.0319988
-1.0391689,0
-1.0389689,0
-1.0387689,-0.0319988
-1.0385689,0
-1.0383689,0
-1.0381689,0
-1.0379689,-0.0319988
-1.0377689,-0.0319988
-1.0375689,-0.0319988
-1.0373689,-0.0319988
-1.0371689,0
-1.0369689,0.0319988
-1.0367689,0
-1.0365689,0
-1.0363689,0.0319988
-1.0361689,0
-1.0359689,0
-1.0357689,0.0319988
-1.0355689,0
-1.0353689,0.0319988
-1.0351689,0
-1.0349689,0
-1.0347689,-0.0319988
-1.0345689,0
-1.0343689,-0.0639975
-1.0341689,0
-1.0339689,-0.0319988
-1.0337689,-0.0319988
-1.0335689,-0.0319988
-1.0333689,0.0319988
-1.0331689,-0.0319988
-1.0329689,0
-1.0327689,0
-1.0325689,-0.0319988
-1.0323689,0
-1.0321689,-0.0319988
-1.0319689,-0.0319988
-1.0317689,0
-1.0315689,-0.0319988
-1.0313689,-0.0319988
-1.0311689,-0.0319988
-1.0309689,-0.0319988
-1.0307689,-0.0639975
-1.0305689,-0.0319988
-1.0303689,-0.0639975
-1.0301689,-0.0959963
-1.0299689,-0.0319988
-1.0297689,0
-1.0295689,-0.0639975
-1.0293689,-0.0639975
-1.0291689,-0.0639975
-1.0289689,-0.0319988
-1.0287689,-0.0319988
-1.0285689,-0.0319988
-1.0283689,-0.0639975
-1.0281689,-0.0319988
-1.0279689,-0.0319988
-1.0277689,-0.127995
-1.0275689,-0.0319988
-1.0273689,-0.0959963
-1.0271689,-0.0959963
-1.0269689,-0.0639975
-1.0267689,-0.0639975
-1.0265689,-0.0639975
-1.0263689,-0.0959963
-1.0261689,-0.0319988
-1.0259689,-0.0639975
-1.0257689,-0.0959963
-1.0255689,-0.0639975
-1.0253689,-0.0639975
-1.0251689,-0.0959963
-1.0249689,-0.0959963
-1.0247689,-0.0959963
-1.0245689,-0.0639975
-1.0243689,-0.0959963
-1.0241689,-0.127995
-1.0239689,-0.0639975
-1.0237689,-0.0639975
-1.0235689,-0.0959963
-1.0233689,-0.0959963
-1.0231689,-0.0959963
-1.0229689,-0.0959963
-1.0227689,-0.0959963
-1.0225689,-0.0959963
-1.0223689,-0.127995
-1.0221689,-0.0959963
-1.0219689,-0.0959963
-1.0217689,-0.0959963
-1.0215689,-0.127995
-1.0213689,-0.0959963
-1.0211689,-0.0959963
-1.0209689,-0.0959963
-1.0207689,-0.0959963
-1.0205689,-0.127995
-1.0203689,-0.0959963
-1.0201689,-0.0959963
-1.0199689,-0.127995
-1.0197689,-0.0959963
-1.0195689,-0.0639975
-1.0193689,-0.127995
-1.0191689,-0.0959963
-1.0189689,-0.0639975
-1.0187689,-0.127995
-1.0185689,-0.0959963
-1.0183689,-0.0959963
-1.0181689,-0.127995
-1.0179689,-0.127995
-1.0177689,-0.0959963
-1.0175689,-0.127995
-1.0173689,-0.127995
-1.0171689,-0.0959963
-1.0169689,-0.0959963
-1.0167689,-0.0959963
-1.0165689,-0.0639975
-1.0163689,-0.0959963
-1.0161689,-0.0959963
-1.0159689,-0.0959963
-1.0157689,-0.0959963
-1.0155689,-0.0959963
-1.0153689,-0.0959963
-1.0151689,-0.127995
-1.0149689,-0.0959963
-1.0147689,-0.0959963
-1.0145689,-0.127995
-1.0143689,-0.127995
-1.0141689,-0.0959963
-1.0139689,-0.127995
-1.0137689,-0.0959963
-1.0135689,-0.127995
-1.0133689,-0.191993
-1.0131689,-0.127995
-1.0129689,-0.0959963
-1.0127689,-0.159994
-1.0125689,-0.159994
-1.0123689,-0.127995
-1.0121689,-0.0959963
-1.0119689,-0.0959963
-1.0117689,-0.0959963
-1.0115689,-0.0959963
-1.0113689,-0.0639975
-1.0111689,-0.0959963
-1.0109689,-0.127995
-1.0107689,-0.0959963
-1.0105689,-0.0959963
-1.0103689,-0.159994
-1.0101689,-0.0959963
-1.0099689,-0.0959963
-1.0097689,-0.127995
-1.0095689,-0.0959963
-1.0093689,-0.0959963
-1.0091689,-0.159994
-1.0089689,-0.127995
-1.0087689,-0.0959963
-1.0085689,-0.191993
-1.0083689,-0.127995
-1.0081689,-0.159994
-1.0079689,-0.0959963
-1.0077689,-0.127995
-1.0075689,-0.127995
-1.0073689,-0.159994
-1.0071689,-0.159994
-1.0069689,-0.0959963
-1.0067689,-0.127995
-1.0065689,-0.127995
-1.0063689,-0.159994
-1.0061689,-0.191993
-1.0059689,-0.159994
-1.0057689,-0.0959963
-1.0055689,-0.223991
-1.0053689,-0.127995
-1.0051689,-0.127995
-1.0049689,-0.159994
-1.0047689,-0.159994
-1.0045689,-0.0959963
-1.0043689,-0.159994
-1.0041689,-0.159994
-1.0039689,-0.159994
-1.0037689,-0.159994
-1.0035689,-0.191993
-1.0033689,-0.159994
-1.0031689,-0.159994
-1.0029689,-0.159994
-1.0027689,-0.127995
-1.0025689,-0.159994
-1.0023689,-0.159994
-1.0021689,-0.127995
-1.0019689,-0.127995
-1.0017689,-0.159994
-1.0015689,-0.191993
-1.0013689,-0.159994
-1.0011689,-0.159994
-1.0009689,-0.127995
-1.0007689,-0.159994
-1.0005689,-0.159994
-1.0003689,-0.159994
-1.0001689,-0.223991
-0.99996889,-0.191993
-0.99976889,-0.159994
-0.99956889,-0.191993
-0.99936889,-0.159994
-0.99916889,-0.127995
-0.99896889,-0.159994
-0.99876889,-0.159994
-0.99856889,-0.191993
-0.99836889,-0.159994
-0.99816889,-0.191993
-0.99796889,-0.191993
-0.99776889,-0.127995
-0.99756889,-0.191993
-0.99736889,-0.127995
-0.99716889,-0.191993
-0.99696889,-0.191993
-0.99676889,-0.159994
-0.99656889,-0.191993
-0.99636889,-0.191993
-0.99616889,-0.159994
-0.99596889,-0.191993
-0.99576889,-0.159994
-0.99556889,-0.159994
-0.99536889,-0.159994
-0.99516889,-0.25599
-0.99496889,-0.159994
-0.99476889,-0.191993
-0.99456889,-0.159994
-0.99436889,-0.159994
-0.99416889,-0.191993
-0.99396889,-0.159994
-0.99376889,-0.159994
-0.99356889,-0.191993
-0.99336889,-0.191993
-0.99316889,-0.191993
-0.99296889,-0.191993
-0.99276889,-0.191993
-0.99256889,-0.191993
-0.99236889,-0.191993
-0.99216889,-0.191993
-0.99196889,-0.159994
-0.99176889,-0.159994
-0.99156889,-0.159994
-0.99136889,-0.127995
-0.99116889,-0.159994
-0.99096889,-0.191993
-0.99076889,-0.159994
-0.99056889,-0.191993
-0.99036889,-0.223991
-0.99016889,-0.191993
-0.98996889,-0.191993
-0.98976889,-0.191993
-0.98956889,-0.159994
-0.98936889,-0.191993
-0.98916889,-0.191993
-0.98896889,-0.159994
-0.98876889,-0.223991
-0.98856889,-0.191993
-0.98836889,-0.191993
-0.98816889,-0.191993
-0.98796889,-0.223991
-0.98776889,-0.223991
-0.98756889,-0.223991
-0.98736889,-0.223991
-0.98716889,-0.191993
-0.98696889,-0.159994
-0.98676889,-0.223991
-0.98656889,-0.159994
-0.98636889,-0.223991
-0.98616889,-0.159994
-0.98596889,-0.223991
-0.98576889,-0.223991
-0.98556889,-0.25599
-0.98536889,-0.159994
-0.98516889,-0.191993
-0.98496889,-0.159994
-0.98476889,-0.127995
-0.98456889,-0.191993
-0.98436889,-0.191993
-0.98416889,-0.223991
-0.98396889,-0.191993
-0.98376889,-0.159994
-0.98356889,-0.159994
-0.98336889,-0.191993
-0.98316889,-0.191993
-0.98296889,-0.191993
-0.98276889,-0.223991
-0.98256889,-0.159994
-0.98236889,-0.159994
-0.98216889,-0.191993
-0.98196889,-0.223991
-0.98176889,-0.159994
-0.98156889,-0.191993
-0.98136889,-0.191993
-0.98116889,-0.159994
-0.98096889,-0.223991
-0.98076889,-0.191993
-0.98056889,-0.159994
-0.98036889,-0.223991
-0.98016889,-0.191993
-0.97996889,-0.159994
-0.97976889,-0.223991
-0.97956889,-0.191993
-0.97936889,-0.159994
-0.97916889,-0.223991
-0.97896889,-0.191993
-0.97876889,-0.127995
-0.97856889,-0.159994
-0.97836889,-0.159994
-0.97816889,-0.191993
-0.97796889,-0.191993
-0.97776889,-0.159994
-0.97756889,-0.159994
-0.97736889,-0.191993
-0.97716889,-0.159994
-0.97696889,-0.191993
-0.97676889,-0.191993
-0.97656889,-0.191993
-0.97636889,-0.191993
-0.97616889,-0.191993
-0.97596889,-0.191993
-0.97576889,-0.159994
-0.97556889,-0.159994
-0.97536889,-0.191993
-0.97516889,-0.127995
-0.97496889,-0.191993
-0.97476889,-0.191993
-0.97456889,-0.159994
-0.97436889,-0.159994
-0.97416889,-0.159994
-0.97396889,-0.127995
-0.97376889,-0.191993
-0.97356889,-0.191993
-0.97336889,-0.159994
-0.97316889,-0.191993
-0.97296889,-0.159994
-0.97276889,-0.191993
-0.97256889,-0.191993
-0.97236889,-0.159994
-0.97216889,-0.159994
-0.97196889,-0.191993
-0.97176889,-0.159994
-0.97156889,-0.159994
-0.97136889,-0.223991
-0.97116889,-0.223991
-0.97096889,-0.191993
-0.97076889,-0.159994
-0.97056889,-0.191993
-0.97036889,-0.159994
-0.97016889,-0.223991
-0.96996889,-0.191993
-0.96976889,-0.159994
-0.96956889,-0.191993
-0.96936889,-0.159994
-0.96916889,-0.191993
-0.96896889,-0.191993
-0.96876889,-0.159994
-0.96856889,-0.159994
-0.96836889,-0.191993
-0.96816889,-0.159994
-0.96796889,-0.191993
-0.96776889,-0.191993
-0.96756889,-0.191993
-0.96736889,-0.191993
-0.96716889,-0.159994
-0.96696889,-0.191993
-0.96676889,-0.191993
-0.96656889,-0.191993
-0.96636889,-0.223991
-0.96616889,-0.159994
-0.96596889,-0.191993
-0.96576889,-0.191993
-0.96556889,-0.159994
-0.96536889,-0.191993
-0.96516889,-0.159994
-0.96496889,-0.191993
-0.96476889,-0.25599
-0.96456889,-0.159994
-0.96436889,-0.159994
-0.96416889,-0.191993
-0.96396889,-0.223991
-0.96376889,-0.191993
-0.96356889,-0.25599
-0.96336889,-0.223991
-0.96316889,-0.191993
-0.96296889,-0.159994
-0.96276889,-0.223991
-0.96256889,-0.159994
-0.96236889,-0.191993
-0.96216889,-0.223991
-0.96196889,-0.191993
-0.96176889,-0.191993
-0.96156889,-0.191993
-0.96136889,-0.191993
-0.96116889,-0.223991
-0.96096889,-0.223991
-0.96076889,-0.223991
-0.96056889,-0.159994
-0.96036889,-0.25599
-0.96016889,-0.159994
-0.95996889,-0.223991
-0.95976889,-0.223991
-0.95956889,-0.191993
-0.95936889,-0.223991
-0.95916889,-0.159994
-0.95896889,-0.191993
-0.95876889,-0.191993
-0.95856889,-0.191993
-0.95836889,-0.191993
-0.95816889,-0.223991
-0.95796889,-0.191993
-0.95776889,-0.223991
-0.95756889,-0.223991
-0.95736889,-0.191993
-0.95716889,-0.191993
-0.95696889,-0.223991
-0.95676889,-0.191993
-0.95656889,-0.191993
-0.95636889,-0.223991
-0.95616889,-0.25599
-0.95596889,-0.223991
-0.95576889,-0.223991
-0.95556889,-0.25599
-0.95536889,-0.191993
-0.95516889,-0.223991
-0.95496889,-0.223991
-0.95476889,-0.223991
-0.95456889,-0.25599
-0.95436889,-0.25599
-0.95416889,-0.287989
-0.95396889,-0.25599
-0.95376889,-0.223991
-0.95356889,-0.223991
-0.95336889,-0.25599
-0.95316889,-0.223991
-0.95296889,-0.223991
-0.95276889,-0.25599
-0.95256889,-0.25599
-0.95236889,-0.287989
-0.95216889,-0.25599
-0.95196889,-0.287989
-0.95176889,-0.159994
-0.95156889,-0.287989
-0.95136889,-0.223991
-0.95116889,-0.223991
-0.95096889,-0.25599
-0.95076889,-0.287989
-0.95056889,-0.191993
-0.95036889,-0.287989
-0.95016889,-0.25599
-0.94996889,-0.223991
-0.94976889,-0.287989
-0.94956889,-0.287989
-0.94936889,-0.287989
-0.94916889,-0.287989
-0.94896889,-0.287989
-0.94876889,-0.223991
-0.94856889,-0.25599
-0.94836889,-0.287989
-0.94816889,-0.287989
-0.94796889,-0.319988
-0.94776889,-0.287989
-0.94756889,-0.25599
-0.94736889,-0.287989
-0.94716889,-0.287989
-0.94696889,-0.287989
-0.94676889,-0.25599
-0.94656889,-0.287989
-0.94636889,-0.25599
-0.94616889,-0.25599
-0.94596889,-0.287989
-0.94576889,-0.287989
-0.94556889,-0.25599
-0.94536889,-0.287989
-0.94516889,-0.287989
-0.94496889,-0.25599
-0.94476889,-0.287989
-0.94456889,-0.25599
-0.94436889,-0.287989
-0.94416889,-0.287989
-0.94396889,-0.287989
-0.94376889,-0.25599
-0.94356889,-0.319988
-0.94336889,-0.287989
-0.94316889,-0.287989
-0.94296889,-0.25599
-0.94276889,-0.25599
-0.94256889,-0.287989
-0.94236889,-0.287989
-0.94216889,-0.287989
-0.94196889,-0.287989
-0.94176889,-0.287989
-0.94156889,-0.319988
-0.94136889,-0.287989
-0.94116889,-0.287989
-0.94096889,-0.223991
-0.94076889,-0.287989
-0.94056889,-0.287989
-0.94036889,-0.319988
-0.94016889,-0.25599
-0.93996889,-0.287989
-0.93976889,-0.223991
-0.93956889,-0.25599
-0.93936889,-0.287989
-0.93916889,-0.287989
-0.93896889,-0.25599
-0.93876889,-0.287989
-0.93856889,-0.25599
-0.93836889,-0.287989
-0.93816889,-0.287989
-0.93796889,-0.287989
-0.93776889,-0.287989
-0.93756889,-0.25599
-0.93736889,-0.287989
-0.93716889,-0.287989
-0.93696889,-0.25599
-0.93676889,-0.319988
-0.93656889,-0.25599
-0.93636889,-0.287989
-0.93616889,-0.223991
-0.93596889,-0.25599
-0.93576889,-0.287989
-0.93556889,-0.223991
-0.93536889,-0.287989
-0.93516889,-0.25599
-0.93496889,-0.287989
-0.93476889,-0.287989
-0.93456889,-0.287989
-0.93436889,-0.319988
-0.93416889,-0.287989
-0.93396889,-0.287989
-0.93376889,-0.25599
-0.93356889,-0.25599
-0.93336889,-0.25599
-0.93316889,-0.25599
-0.93296889,-0.287989
-0.93276889,-0.25599
-0.93256889,-0.223991
-0.93236889,-0.25599
-0.93216889,-0.287989
-0.93196889,-0.223991
-0.93176889,-0.25599
-0.93156889,-0.319988
-0.93136889,-0.223991
-0.93116889,-0.25599
-0.93096889,-0.287989
-0.93076889,-0.25599
-0.93056889,-0.25599
-0.93036889,-0.25599
-0.93016889,-0.287989
-0.92996889,-0.287989
-0.92976889,-0.223991
-0.92956889,-0.25599
-0.92936889,-0.25599
-0.92916889,-0.319988
-0.92896889,-0.25599
-0.92876889,-0.25599
-0.92856889,-0.25599
-0.92836889,-0.287989
-0.92816889,-0.25599
-0.92796889,-0.25599
-0.92776889,-0.287989
-0.92756889,-0.287989
-0.92736889,-0.319988
-0.92716889,-0.25599
-0.92696889,-0.287989
-0.92676889,-0.319988
-0.92656889,-0.287989
-0.92636889,-0.287989
-0.92616889,-0.287989
-0.92596889,-0.287989
-0.92576889,-0.287989
-0.92556889,-0.287989
-0.92536889,-0.287989
-0.92516889,-0.25599
-0.92496889,-0.287989
-0.92476889,-0.287989
-0.92456889,-0.287989
-0.92436889,-0.319988
-0.92416889,-0.25599
-0.92396889,-0.287989
-0.92376889,-0.25599
-0.92356889,-0.25599
-0.92336889,-0.287989
-0.92316889,-0.319988
-0.92296889,-0.25599
-0.92276889,-0.287989
-0.92256889,-0.319988
-0.92236889,-0.25599
-0.92216889,-0.287989
-0.92196889,-0.287989
-0.92176889,-0.287989
-0.92156889,-0.287989
-0.92136889,-0.319988
-0.92116889,-0.287989
-0.92096889,-0.319988
-0.92076889,-0.319988
-0.92056889,-0.319988
-0.92036889,-0.287989
-0.92016889,-0.319988
-0.91996889,-0.287989
-0.91976889,-0.287989
-0.91956889,-0.319988
-0.91936889,-0.319988
-0.91916889,-0.287989
-0.91896889,-0.319988
-0.91876889,-0.319988
-0.91856889,-0.319988
-0.91836889,-0.351986
-0.91816889,-0.287989
-0.91796889,-0.319988
-0.91776889,-0.319988
-0.91756889,-0.319988
-0.91736889,-0.319988
-0.91716889,-0.351986
-0.91696889,-0.319988
-0.91676889,-0.319988
-0.91656889,-0.383985
-0.91636889,-0.383985
-0.91616889,-0.287989
-0.91596889,-0.351986
-0.91576889,-0.383985
-0.91556889,-0.351986
-0.91536889,-0.383985
-0.91516889,-0.319988
-0.91496889,-0.319988
-0.91476889,-0.383985
-0.91456889,-0.351986
-0.91436889,-0.319988
-0.91416889,-0.319988
-0.91396889,-0.383985
-0.91376889,-0.319988
-0.91356889,-0.351986
-0.91336889,-0.383985
-0.91316889,-0.383985
-0.91296889,-0.383985
-0.91276889,-0.351986
-0.91256889,-0.383985
-0.91236889,-0.383985
-0.91216889,-0.351986
-0.91196889,-0.351986
-0.91176889,-0.383985
-0.91156889,-0.415984
-0.91136889,-0.351986
-0.91116889,-0.383985
-0.91096889,-0.383985
-0.91076889,-0.351986
-0.91056889,-0.351986
-0.91036889,-0.351986
-0.91016889,-0.383985
-0.90996889,-0.415984
-0.90976889,-0.383985
-0.90956889,-0.351986
-0.90936889,-0.351986
-0.90916889,-0.383985
-0.90896889,-0.351986
-0.90876889,-0.415984
-0.90856889,-0.383985
-0.90836889,-0.351986
-0.90816889,-0.383985
-0.90796889,-0.383985
-0.90776889,-0.351986
-0.90756889,-0.351986
-0.90736889,-0.415984
-0.90716889,-0.351986
-0.90696889,-0.447983
-0.90676889,-0.415984
-0.90656889,-0.415984
-0.90636889,-0.415984
-0.90616889,-0.383985
-0.90596889,-0.383985
-0.90576889,-0.383985
-0.90556889,-0.383985
-0.90536889,-0.383985
-0.90516889,-0.415984
-0.90496889,-0.383985
-0.90476889,-0.383985
-0.90456889,-0.447983
-0.90436889,-0.383985
-0.90416889,-0.415984
-0.90396889,-0.447983
-0.90376889,-0.415984
-0.90356889,-0.383985
-0.90336889,-0.415984
-0.90316889,-0.415984
-0.90296889,-0.415984
-0.90276889,-0.415984
-0.90256889,-0.415984
-0.90236889,-0.351986
-0.90216889,-0.415984
-0.90196889,-0.415984
-0.90176889,-0.383985
-0.90156889,-0.415984
-0.90136889,-0.415984
-0.90116889,-0.415984
-0.90096889,-0.415984
-0.90076889,-0.447983
-0.90056889,-0.415984
-0.90036889,-0.415984
-0.90016889,-0.383985
-0.89996889,-0.415984
-0.89976889,-0.383985
-0.89956889,-0.415984
-0.89936889,-0.415984
-0.89916889,-0.351986
-0.89896889,-0.383985
-0.89876889,-0.415984
-0.89856889,-0.415984
-0.89836889,-0.415984
-0.89816889,-0.383985
-0.89796889,-0.415984
-0.89776889,-0.383985
-0.89756889,-0.351986
-0.89736889,-0.415984
-0.89716889,-0.415984
-0.89696889,-0.415984
-0.89676889,-0.415984
-0.89656889,-0.415984
-0.89636889,-0.351986
-0.89616889,-0.383985
-0.89596889,-0.383985
-0.89576889,-0.383985
-0.89556889,-0.415984
-0.89536889,-0.415984
-0.89516889,-0.383985
-0.89496889,-0.447983
-0.89476889,-0.415984
-0.89456889,-0.415984
-0.89436889,-0.383985
-0.89416889,-0.383985
-0.89396889,-0.415984
-0.89376889,-0.383985
-0.89356889,-0.415984
-0.89336889,-0.383985
-0.89316889,-0.383985
-0.89296889,-0.415984
-0.89276889,-0.383985
-0.89256889,-0.383985
-0.89236889,-0.383985
-0.89216889,-0.351986
-0.89196889,-0.415984
-0.89176889,-0.415984
-0.89156889,-0.383985
-0.89136889,-0.415984
-0.89116889,-0.415984
-0.89096889,-0.415984
-0.89076889,-0.415984
-0.89056889,-0.415984
-0.89036889,-0.383985
-0.89016889,-0.383985
-0.88996889,-0.415984
-0.88976889,-0.415984
-0.88956889,-0.383985
-0.88936889,-0.415984
-0.88916889,-0.415984
-0.88896889,-0.447983
-0.88876889,-0.415984
-0.88856889,-0.383985
-0.88836889,-0.415984
-0.88816889,-0.383985
-0.88796889,-0.415984
-0.88776889,-0.415984
-0.88756889,-0.415984
-0.88736889,-0.415984
-0.88716889,-0.383985
-0.88696889,-0.383985
-0.88676889,-0.415984
-0.88656889,-0.447983
-0.88636889,-0.447983
-0.88616889,-0.319988
-0.88596889,-0.415984
-0.88576889,-0.383985
-0.88556889,-0.383985
-0.88536889,-0.415984
-0.88516889,-0.415984
-0.88496889,-0.383985
-0.88476889,-0.383985
-0.88456889,-0.415984
-0.88436889,-0.383985
-0.88416889,-0.447983
-0.88396889,-0.383985
-0.88376889,-0.351986
-0.88356889,-0.383985
-0.88336889,-0.383985
-0.88316889,-0.351986
-0.88296889,-0.351986
-0.88276889,-0.383985
-0.88256889,-0.351986
-0.88236889,-0.415984
-0.88216889,-0.383985
-0.88196889,-0.351986
-0.88176889,-0.351986
-0.88156889,-0.351986
-0.88136889,-0.319988
-0.88116889,-0.351986
-0.88096889,-0.351986
-0.88076889,-0.351986
-0.88056889,-0.383985
-0.88036889,-0.319988
-0.88016889,-0.383985
-0.87996889,-0.351986
-0.87976889,-0.383985
-0.87956889,-0.351986
-0.87936889,-0.319988
-0.87916889,-0.319988
-0.87896889,-0.351986
-0.87876889,-0.351986
-0.87856889,-0.319988
-0.87836889,-0.319988
-0.87816889,-0.351986
-0.87796889,-0.319988
-0.87776889,-0.319988
-0.87756889,-0.351986
-0.87736889,-0.319988
-0.87716889,-0.319988
-0.87696889,-0.351986
-0.87676889,-0.351986
-0.87656889,-0.319988
-0.87636889,-0.351986
-0.87616889,-0.319988
-0.87596889,-0.319988
-0.87576889,-0.319988
-0.87556889,-0.287989
-0.87536889,-0.351986
-0.87516889,-0.351986
-0.87496889,-0.319988
-0.87476889,-0.319988
-0.87456889,-0.319988
-0.87436889,-0.319988
-0.87416889,-0.351986
-0.87396889,-0.351986
-0.87376889,-0.351986
-0.87356889,-0.351986
-0.87336889,-0.319988
-0.87316889,-0.383985
-0.87296889,-0.319988
-0.87276889,-0.319988
-0.87256889,-0.351986
-0.87236889,-0.351986
-0.87216889,-0.351986
-0.87196889,-0.319988
-0.87176889,-0.319988
-0.87156889,-0.319988
-0.87136889,-0.319988
-0.87116889,-0.319988
-0.87096889,-0.351986
-0.87076889,-0.351986
-0.87056889,-0.319988
-0.87036889,-0.351986
-0.87016889,-0.351986
-0.86996889,-0.351986
-0.86976889,-0.351986
-0.86956889,-0.319988
-0.86936889,-0.319988
-0.86916889,-0.319988
-0.86896889,-0.383985
-0.86876889,-0.351986
-0.86856889,-0.383985
-0.86836889,-0.351986
-0.86816889,-0.351986
-0.86796889,-0.351986
-0.86776889,-0.351986
-0.86756889,-0.319988
-0.86736889,-0.383985
-0.86716889,-0.319988
-0.86696889,-0.351986
-0.86676889,-0.351986
-0.86656889,-0.383985
-0.86636889,-0.351986
-0.86616889,-0.351986
-0.86596889,-0.383985
-0.86576889,-0.351986
-0.86556889,-0.383985
-0.86536889,-0.415984
-0.86516889,-0.383985
-0.86496889,-0.383985
-0.86476889,-0.415984
-0.86456889,-0.415984
-0.86436889,-0.415984
-0.86416889,-0.415984
-0.86396889,-0.351986
-0.86376889,-0.383985
-0.86356889,-0.383985
-0.86336889,-0.351986
-0.86316889,-0.415984
-0.86296889,-0.415984
-0.86276889,-0.351986
-0.86256889,-0.447983
-0.86236889,-0.383985
-0.86216889,-0.383985
-0.86196889,-0.383985
-0.86176889,-0.415984
-0.86156889,-0.383985
-0.86136889,-0.415984
-0.86116889,-0.415984
-0.86096889,-0.383985
-0.86076889,-0.447983
-0.86056889,-0.415984
-0.86036889,-0.383985
-0.86016889,-0.383985
-0.85996889,-0.415984
-0.85976889,-0.383985
-0.85956889,-0.415984
-0.85936889,-0.415984
-0.85916889,-0.383985
-0.85896889,-0.383985
-0.85876889,-0.415984
-0.85856889,-0.383985
-0.85836889,-0.415984
-0.85816889,-0.415984
-0.85796889,-0.415984
-0.85776889,-0.447983
-0.85756889,-0.415984
-0.85736889,-0.415984
-0.85716889,-0.447983
-0.85696889,-0.415984
-0.85676889,-0.415984
-0.85656889,-0.447983
-0.85636889,-0.383985
-0.85616889,-0.383985
-0.85596889,-0.447983
-0.85576889,-0.447983
-0.85556889,-0.383985
-0.85536889,-0.383985
-0.85516889,-0.447983
-0.85496889,-0.415984
-0.85476889,-0.479982
-0.85456889,-0.415984
-0.85436889,-0.447983
-0.85416889,-0.415984
-0.85396889,-0.447983
-0.85376889,-0.479982
-0.85356889,-0.447983
-0.85336889,-0.479982
-0.85316889,-0.447983
-0.85296889,-0.447983
-0.85276889,-0.447983
-0.85256889,-0.415984
-0.85236889,-0.479982
-0.85216889,-0.415984
-0.85196889,-0.415984
-0.85176889,-0.479982
-0.85156889,-0.415984
-0.85136889,-0.447983
-0.85116889,-0.479982
-0.85096889,-0.447983
-0.85076889,-0.447983
-0.85056889,-0.447983
-0.85036889,-0.51198
-0.85016889,-0.447983
-0.84996889,-0.479982
-0.84976889,-0.479982
-0.84956889,-0.447983
-0.84936889,-0.51198
-0.84916889,-0.51198
-0.84896889,-0.447983
-0.84876889,-0.479982
-0.84856889,-0.479982
-0.84836889,-0.447983
-0.84816889,-0.479982
-0.84796889,-0.447983
-0.84776889,-0.447983
-0.84756889,-0.479982
-0.84736889,-0.479982
-0.84716889,-0.479982
-0.84696889,-0.51198
-0.84676889,-0.51198
-0.84656889,-0.447983
-0.84636889,-0.51198
-0.84616889,-0.479982
-0.84596889,-0.479982
-0.84576889,-0.51198
-0.84556889,-0.51198
-0.84536889,-0.479982
-0.84516889,-0.479982
-0.84496889,-0.447983
-0.84476889,-0.447983
-0.84456889,-0.447983
-0.84436889,-0.479982
-0.84416889,-0.479982
-0.84396889,-0.51198
-0.84376889,-0.479982
-0.84356889,-0.479982
-0.84336889,-0.479982
-0.84316889,-0.51198
-0.84296889,-0.447983
-0.84276889,-0.51198
-0.84256889,-0.479982
-0.84236889,-0.51198
-0.84216889,-0.51198
-0.84196889,-0.479982
-0.84176889,-0.479982
-0.84156889,-0.447983
-0.84136889,-0.479982
-0.84116889,-0.479982
-0.84096889,-0.51198
-0.84076889,-0.543979
-0.84056889,-0.479982
-0.84036889,-0.543979
-0.84016889,-0.51198
-0.83996889,-0.479982
-0.83976889,-0.51198
-0.83956889,-0.51198
-0.83936889,-0.543979
-0.83916889,-0.543979
-0.83896889,-0.51198
-0.83876889,-0.479982
-0.83856889,-0.51198
-0.83836889,-0.51198
-0.83816889,-0.479982
-0.83796889,-0.51198
-0.83776889,-0.543979
-0.83756889,-0.479982
-0.83736889,-0.51198
-0.83716889,-0.51198
-0.83696889,-0.479982
-0.83676889,-0.543979
-0.83656889,-0.543979
-0.83636889,-0.51198
-0.83616889,-0.51198
-0.83596889,-0.479982
-0.83576889,-0.447983
-0.83556889,-0.51198
-0.83536889,-0.543979
-0.83516889,-0.447983
-0.83496889,-0.543979
-0.83476889,-0.51198
-0.83456889,-0.479982
-0.83436889,-0.479982
-0.83416889,-0.51198
-0.83396889,-0.51198
-0.83376889,-0.543979
-0.83356889,-0.543979
-0.83336889,-0.479982
-0.83316889,-0.543979
-0.83296889,-0.479982
-0.83276889,-0.447983
-0.83256889,-0.479982
-0.83236889,-0.51198
-0.83216889,-0.51198
-0.83196889,-0.479982
-0.83176889,-0.479982
-0.83156889,-0.447983
-0.83136889,-0.543979
-0.83116889,-0.51198
-0.83096889,-0.479982
-0.83076889,-0.51198
-0.83056889,-0.51198
-0.83036889,-0.447983
-0.83016889,-0.51198
-0.82996889,-0.479982
-0.82976889,-0.51198
-0.82956889,-0.51198
-0.82936889,-0.51198
-0.82916889,-0.479982
-0.82896889,-0.479982
-0.82876889,-0.447983
-0.82856889,-0.479982
-0.82836889,-0.51198
-0.82816889,-0.479982
-0.82796889,-0.479982
-0.82776889,-0.51198
-0.82756889,-0.479982
-0.82736889,-0.51198
-0.82716889,-0.479982
-0.82696889,-0.51198
-0.82676889,-0.51198
-0.82656889,-0.543979
-0.82636889,-0.543979
-0.82616889,-0.51198
-0.82596889,-0.543979
-0.82576889,-0.51198
-0.82556889,-0.479982
-0.82536889,-0.51198
-0.82516889,-0.479982
-0.82496889,-0.51198
-0.82476889,-0.543979
-0.82456889,-0.447983
-0.82436889,-0.447983
-0.82416889,-0.543979
-0.82396889,-0.479982
-0.82376889,-0.479982
-0.82356889,-0.51198
-0.82336889,-0.51198
-0.82316889,-0.51198
-0.82296889,-0.51198
-0.82276889,-0.543979
-0.82256889,-0.479982
-0.82236889,-0.51198
-0.82216889,-0.51198
-0.82196889,-0.51198
-0.82176889,-0.51198
-0.82156889,-0.51198
-0.82136889,-0.479982
-0.82116889,-0.543979
-0.82096889,-0.479982
-0.82076889,-0.479982
-0.82056889,-0.543979
-0.82036889,-0.51198
-0.82016889,-0.51198
-0.81996889,-0.543979
-0.81976889,-0.51198
-0.81956889,-0.51198
-0.81936889,-0.543979
-0.81916889,-0.51198
-0.81896889,-0.479982
-0.81876889,-0.51198
-0.81856889,-0.447983
-0.81836889,-0.447983
-0.81816889,-0.51198
-0.81796889,-0.543979
-0.81776889,-0.479982
-0.81756889,-0.479982
-0.81736889,-0.51198
-0.81716889,-0.51198
-0.81696889,-0.543979
-0.81676889,-0.543979
-0.81656889,-0.51198
-0.81636889,-0.51198
-0.81616889,-0.543979
-0.81596889,-0.51198
-0.81576889,-0.51198
-0.81556889,-0.479982
-0.81536889,-0.479982
-0.81516889,-0.51198
-0.81496889,-0.51198
-0.81476889,-0.479982
-0.81456889,-0.543979
-0.81436889,-0.479982
-0.81416889,-0.479982
-0.81396889,-0.479982
-0.81376889,-0.51198
-0.81356889,-0.447983
-0.81336889,-0.479982
-0.81316889,-0.447983
-0.81296889,-0.479982
-0.81276889,-0.543979
-0.81256889,-0.479982
-0.81236889,-0.479982
-0.81216889,-0.51198
-0.81196889,-0.51198
-0.81176889,-0.479982
-0.81156889,-0.479982
-0.81136889,-0.51198
-0.81116889,-0.447983
-0.81096889,-0.479982
-0.81076889,-0.479982
-0.81056889,-0.479982
-0.81036889,-0.51198
-0.81016889,-0.479982
-0.80996889,-0.479982
-0.80976889,-0.479982
-0.80956889,-0.51198
-0.80936889,-0.415984
-0.80916889,-0.479982
-0.80896889,-0.447983
-0.80876889,-0.479982
-0.80856889,-0.479982
-0.80836889,-0.415984
-0.80816889,-0.447983
-0.80796889,-0.479982
-0.80776889,-0.479982
-0.80756889,-0.447983
-0.80736889,-0.447983
-0.80716889,-0.447983
-0.80696889,-0.447983
-0.80676889,-0.479982
-0.80656889,-0.51198
-0.80636889,-0.415984
-0.80616889,-0.51198
-0.80596889,-0.447983
-0.80576889,-0.447983
-0.80556889,-0.447983
-0.80536889,-0.447983
-0.80516889,-0.415984
-0.80496889,-0.51198
-0.80476889,-0.447983
-0.80456889,-0.447983
-0.80436889,-0.51198
-0.80416889,-0.447983
-0.80396889,-0.447983
-0.80376889,-0.479982
-0.80356889,-0.479982
-0.80336889,-0.479982
-0.80316889,-0.479982
-0.80296889,-0.479982
-0.80276889,-0.447983
-0.80256889,-0.479982
-0.80236889,-0.479982
-0.80216889,-0.447983
-0.80196889,-0.479982
-0.80176889,-0.447983
-0.80156889,-0.447983
-0.80136889,-0.479982
-0.80116889,-0.447983
-0.80096889,-0.447983
-0.80076889,-0.51198
-0.80056889,-0.51198
-0.80036889,-0.447983
-0.80016889,-0.51198
-0.79996889,-0.479982
-0.79976889,-0.447983
-0.79956889,-0.543979
-0.79936889,-0.479982
-0.79916889,-0.51198
-0.79896889,-0.51198
-0.79876889,-0.479982
-0.79856889,-0.51198
-0.79836889,-0.479982
-0.79816889,-0.447983
-0.79796889,-0.479982
-0.79776889,-0.51198
-0.79756889,-0.479982
-0.79736889,-0.479982
-0.79716889,-0.479982
-0.79696889,-0.447983
-0.79676889,-0.479982
-0.79656889,-0.479982
-0.79636889,-0.447983
-0.79616889,-0.479982
-0.79596889,-0.479982
-0.79576889,-0.447983
-0.79556889,-0.447983
-0.79536889,-0.447983
-0.79516889,-0.479982
-0.79496889,-0.447983
-0.79476889,-0.479982
-0.79456889,-0.447983
-0.79436889,-0.447983
-0.79416889,-0.479982
-0.79396889,-0.479982
-0.79376889,-0.447983
-0.79356889,-0.479982
-0.79336889,-0.447983
-0.79316889,-0.479982
-0.79296889,-0.447983
-0.79276889,-0.479982
-0.79256889,-0.447983
-0.79236889,-0.479982
-0.79216889,-0.447983
-0.79196889,-0.479982
-0.79176889,-0.479982
-0.79156889,-0.51198
-0.79136889,-0.447983
-0.79116889,-0.51198
-0.79096889,-0.447983
-0.79076889,-0.447983
-0.79056889,-0.479982
-0.79036889,-0.479982
-0.79016889,-0.447983
-0.78996889,-0.479982
-0.78976889,-0.479982
-0.78956889,-0.479982
-0.78936889,-0.51198
-0.78916889,-0.447983
-0.78896889,-0.479982
-0.78876889,-0.479982
-0.78856889,-0.51198
-0.78836889,-0.479982
-0.78816889,-0.51198
-0.78796889,-0.479982
-0.78776889,-0.447983
-0.78756889,-0.543979
-0.78736889,-0.479982
-0.78716889,-0.51198
-0.78696889,-0.479982
-0.78676889,-0.479982
-0.78656889,-0.51198
-0.78636889,-0.543979
-0.78616889,-0.51198
-0.78596889,-0.479982
-0.78576889,-0.543979
-0.78556889,-0.543979
-0.78536889,-0.51198
-0.78516889,-0.51198
-0.78496889,-0.479982
-0.78476889,-0.479982
-0.78456889,-0.543979
-0.78436889,-0.51198
-0.78416889,-0.479982
-0.78396889,-0.575978
-0.78376889,-0.543979
-0.78356889,-0.51198
-0.78336889,-0.543979
-0.78316889,-0.575978
-0.78296889,-0.51198
-0.78276889,-0.51198
-0.78256889,-0.51198
-0.78236889,-0.51198
-0.78216889,-0.575978
-0.78196889,-0.51198
-0.78176889,-0.543979
-0.78156889,-0.543979
-0.78136889,-0.543979
-0.78116889,-0.543979
-0.78096889,-0.543979
-0.78076889,-0.51198
-0.78056889,-0.51198
-0.78036889,-0.543979
-0.78016889,-0.543979
-0.77996889,-0.543979
-0.77976889,-0.543979
-0.77956889,-0.51198
-0.77936889,-0.479982
-0.77916889,-0.543979
-0.77896889,-0.479982
-0.77876889,-0.51198
-0.77856889,-0.575978
-0.77836889,-0.51198
-0.77816889,-0.51198
-0.77796889,-0.543979
-0.77776889,-0.543979
-0.77756889,-0.51198
-0.77736889,-0.543979
-0.77716889,-0.51198
-0.77696889,-0.51198
-0.77676889,-0.51198
-0.77656889,-0.51198
-0.77636889,-0.543979
-0.77616889,-0.51198
-0.77596889,-0.543979
-0.77576889,-0.51198
-0.77556889,-0.575978
-0.77536889,-0.543979
-0.77516889,-0.51198
-0.77496889,-0.51198
-0.77476889,-0.543979
-0.77456889,-0.543979
-0.77436889,-0.51198
-0.77416889,-0.51198
-0.77396889,-0.447983
-0.77376889,-0.543979
-0.77356889,-0.51198
-0.77336889,-0.543979
-0.77316889,-0.543979
-0.77296889,-0.543979
-0.77276889,-0.479982
-0.77256889,-0.51198
-0.77236889,-0.51198
-0.77216889,-0.51198
-0.77196889,-0.543979
-0.77176889,-0.543979
-0.77156889,-0.543979
-0.77136889,-0.543979
-0.77116889,-0.51198
-0.77096889,-0.575978
-0.77076889,-0.51198
-0.77056889,-0.51198
-0.77036889,-0.543979
-0.77016889,-0.543979
-0.76996889,-0.51198
-0.76976889,-0.479982
-0.76956889,-0.479982
-0.76936889,-0.543979
-0.76916889,-0.51198
-0.76896889,-0.51198
-0.76876889,-0.543979
-0.76856889,-0.479982
-0.76836889,-0.51198
-0.76816889,-0.51198
-0.76796889,-0.479982
-0.76776889,-0.543979
-0.76756889,-0.479982
-0.76736889,-0.479982
-0.76716889,-0.543979
-0.76696889,-0.543979
-0.76676889,-0.447983
-0.76656889,-0.51198
-0.76636889,-0.51198
-0.76616889,-0.479982
-0.76596889,-0.543979
-0.76576889,-0.51198
-0.76556889,-0.51198
-0.76536889,-0.479982
-0.76516889,-0.479982
-0.76496889,-0.479982
-0.76476889,-0.51198
-0.76456889,-0.51198
-0.76436889,-0.51198
-0.76416889,-0.51198
-0.76396889,-0.479982
-0.76376889,-0.479982
-0.76356889,-0.543979
-0.76336889,-0.479982
-0.76316889,-0.51198
-0.76296889,-0.51198
-0.76276889,-0.51198
-0.76256889,-0.479982
-0.76236889,-0.479982
-0.76216889,-0.575978
-0.76196889,-0.51198
-0.76176889,-0.575978
-0.76156889,-0.479982
-0.76136889,-0.51198
-0.76116889,-0.575978
-0.76096889,-0.51198
-0.76076889,-0.51198
-0.76056889,-0.543979
-0.76036889,-0.543979
-0.76016889,-0.51198
-0.75996889,-0.607977
-0.75976889,-0.51198
-0.75956889,-0.51198
-0.75936889,-0.543979
-0.75916889,-0.575978
-0.75896889,-0.51198
-0.75876889,-0.575978
-0.75856889,-0.543979
-0.75836889,-0.543979
-0.75816889,-0.543979
-0.75796889,-0.575978
-0.75776889,-0.543979
-0.75756889,-0.575978
-0.75736889,-0.575978
-0.75716889,-0.543979
-0.75696889,-0.607977
-0.75676889,-0.575978
-0.75656889,-0.479982
-0.75636889,-0.575978
-0.75616889,-0.543979
-0.75596889,-0.575978
-0.75576889,-0.575978
-0.75556889,-0.575978
-0.75536889,-0.543979
-0.75516889,-0.575978
-0.75496889,-0.607977
-0.75476889,-0.51198
-0.75456889,-0.575978
-0.75436889,-0.575978
-0.75416889,-0.607977
-0.75396889,-0.607977
-0.75376889,-0.543979
-0.75356889,-0.543979
-0.75336889,-0.575978
-0.75316889,-0.607977
-0.75296889,-0.607977
-0.75276889,-0.575978
-0.75256889,-0.607977
-0.75236889,-0.575978
-0.75216889,-0.607977
-0.75196889,-0.607977
-0.75176889,-0.607977
-0.75156889,-0.575978
-0.75136889,-0.607977
-0.75116889,-0.607977
-0.75096889,-0.607977
-0.75076889,-0.607977
-0.75056889,-0.543979
-0.75036889,-0.607977
-0.75016889,-0.575978
-0.74996889,-0.575978
-0.74976889,-0.607977
-0.74956889,-0.607977
-0.74936889,-0.575978
-0.74916889,-0.607977
-0.74896889,-0.607977
-0.74876889,-0.607977
-0.74856889,-0.607977
-0.74836889,-0.607977
-0.74816889,-0.607977
-0.74796889,-0.607977
-0.74776889,-0.607977
-0.74756889,-0.607977
-0.74736889,-0.607977
-0.74716889,-0.607977
-0.74696889,-0.575978
-0.74676889,-0.607977
-0.74656889,-0.575978
-0.74636889,-0.575978
-0.74616889,-0.607977
-0.74596889,-0.575978
-0.74576889,-0.575978
-0.74556889,-0.607977
-0.74536889,-0.607977
-0.74516889,-0.639975
-0.74496889,-0.607977
-0.74476889,-0.607977
-0.74456889,-0.575978
-0.74436889,-0.607977
-0.74416889,-0.575978
-0.74396889,-0.543979
-0.74376889,-0.607977
-0.74356889,-0.575978
-0.74336889,-0.607977
-0.74316889,-0.607977
-0.74296889,-0.607977
-0.74276889,-0.575978
-0.74256889,-0.575978
-0.74236889,-0.575978
-0.74216889,-0.607977
-0.74196889,-0.607977
-0.74176889,-0.607977
-0.74156889,-0.639975
-0.74136889,-0.607977
-0.74116889,-0.607977
-0.74096889,-0.639975
-0.74076889,-0.575978
-0.74056889,-0.639975
-0.74036889,-0.543979
-0.74016889,-0.607977
-0.73996889,-0.575978
-0.73976889,-0.607977
-0.73956889,-0.575978
-0.73936889,-0.607977
-0.73916889,-0.575978
-0.73896889,-0.607977
-0.73876889,-0.607977
-0.73856889,-0.607977
-0.73836889,-0.575978
-0.73816889,-0.575978
-0.73796889,-0.575978
-0.73776889,-0.575978
-0.73756889,-0.607977
-0.73736889,-0.575978
-0.73716889,-0.607977
-0.73696889,-0.575978
-0.73676889,-0.575978
-0.73656889,-0.575978
-0.73636889,-0.607977
-0.73616889,-0.607977
-0.73596889,-0.575978
-0.73576889,-0.607977
-0.73556889,-0.575978
-0.73536889,-0.607977
-0.73516889,-0.607977
-0.73496889,-0.51198
-0.73476889,-0.607977
-0.73456889,-0.575978
-0.73436889,-0.575978
-0.73416889,-0.575978
-0.73396889,-0.575978
-0.73376889,-0.575978
-0.73356889,-0.575978
-0.73336889,-0.607977
-0.73316889,-0.575978
-0.73296889,-0.575978
-0.73276889,-0.607977
-0.73256889,-0.575978
-0.73236889,-0.607977
-0.73216889,-0.607977
-0.73196889,-0.543979
-0.73176889,-0.575978
-0.73156889,-0.575978
-0.73136889,-0.543979
-0.73116889,-0.575978
-0.73096889,-0.607977
-0.73076889,-0.575978
-0.73056889,-0.543979
-0.73036889,-0.575978
-0.73016889,-0.607977
-0.72996889,-0.543979
-0.72976889,-0.607977
-0.72956889,-0.575978
-0.72936889,-0.607977
-0.72916889,-0.607977
-0.72896889,-0.575978
-0.72876889,-0.575978
-0.72856889,-0.607977
-0.72836889,-0.607977
-0.72816889,-0.575978
-0.72796889,-0.543979
-0.72776889,-0.575978
-0.72756889,-0.639975
-0.72736889,-0.575978
-0.72716889,-0.575978
-0.72696889,-0.607977
-0.72676889,-0.639975
-0.72656889,-0.51198
-0.72636889,-0.607977
-0.72616889,-0.575978
-0.72596889,-0.575978
-0.72576889,-0.575978
-0.72556889,-0.575978
-0.72536889,-0.607977
-0.72516889,-0.607977
-0.72496889,-0.575978
-0.72476889,-0.575978
-0.72456889,-0.543979
-0.72436889,-0.543979
-0.72416889,-0.51198
-0.72396889,-0.575978
-0.72376889,-0.575978
-0.72356889,-0.607977
-0.72336889,-0.639975
-0.72316889,-0.575978
-0.72296889,-0.607977
-0.72276889,-0.51198
-0.72256889,-0.607977
-0.72236889,-0.543979
-0.72216889,-0.607977
-0.72196889,-0.607977
-0.72176889,-0.607977
-0.72156889,-0.575978
-0.72136889,-0.575978
-0.72116889,-0.607977
-0.72096889,-0.607977
-0.72076889,-0.575978
-0.72056889,-0.607977
-0.72036889,-0.607977
-0.72016889,-0.575978
-0.71996889,-0.639975
-0.71976889,-0.607977
-0.71956889,-0.575978
-0.71936889,-0.607977
-0.71916889,-0.607977
-0.71896889,-0.575978
-0.71876889,-0.575978
-0.71856889,-0.639975
-0.71836889,-0.575978
-0.71816889,-0.575978
-0.71796889,-0.607977
-0.71776889,-0.607977
-0.71756889,-0.607977
-0.71736889,-0.607977
-0.71716889,-0.607977
-0.71696889,-0.607977
-0.71676889,-0.607977
-0.71656889,-0.607977
-0.71636889,-0.607977
-0.71616889,-0.607977
-0.71596889,-0.639975
-0.71576889,-0.607977
-0.71556889,-0.607977
-0.71536889,-0.607977
-0.71516889,-0.639975
-0.71496889,-0.639975
-0.71476889,-0.607977
-0.71456889,-0.607977
-0.71436889,-0.639975
-0.71416889,-0.639975
-0.71396889,-0.671974
-0.71376889,-0.639975
-0.71356889,-0.639975
-0.71336889,-0.639975
-0.71316889,-0.607977
-0.71296889,-0.607977
-0.71276889,-0.607977
-0.71256889,-0.639975
-0.71236889,-0.639975
-0.71216889,-0.639975
-0.71196889,-0.639975
-0.71176889,-0.639975
-0.71156889,-0.671974
-0.71136889,-0.639975
-0.71116889,-0.639975
-0.71096889,-0.639975
-0.71076889,-0.607977
-0.71056889,-0.639975
-0.71036889,-0.639975
-0.71016889,-0.671974
-0.70996889,-0.671974
-0.70976889,-0.639975
-0.70956889,-0.639975
-0.70936889,-0.671974
-0.70916889,-0.639975
-0.70896889,-0.639975
-0.70876889,-0.671974
-0.70856889,-0.671974
-0.70836889,-0.671974
-0.70816889,-0.639975
-0.70796889,-0.671974
-0.70776889,-0.671974
-0.70756889,-0.639975
-0.70736889,-0.639975
-0.70716889,-0.639975
-0.70696889,-0.671974
-0.70676889,-0.607977
-0.70656889,-0.639975
-0.70636889,-0.671974
-0.70616889,-0.607977
-0.70596889,-0.639975
-0.70576889,-0.671974
-0.70556889,-0.671974
-0.70536889,-0.703973
-0.70516889,-0.671974
-0.70496889,-0.639975
-0.70476889,-0.607977
-0.70456889,-0.639975
-0.70436889,-0.639975
-0.70416889,-0.639975
-0.70396889,-0.703973
-0.70376889,-0.671974
-0.70356889,-0.671974
-0.70336889,-0.671974
-0.70316889,-0.639975
-0.70296889,-0.703973
-0.70276889,-0.703973
-0.70256889,-0.671974
-0.70236889,-0.639975
-0.70216889,-0.703973
-0.70196889,-0.735972
-0.70176889,-0.703973
-0.70156889,-0.703973
-0.70136889,-0.671974
-0.70116889,-0.703973
-0.70096889,-0.703973
-0.70076889,-0.671974
-0.70056889,-0.703973
-0.70036889,-0.735972
-0.70016889,-0.735972
-0.69996889,-0.735972
-0.69976889,-0.703973
-0.69956889,-0.703973
-0.69936889,-0.703973
-0.69916889,-0.671974
-0.69896889,-0.735972
-0.69876889,-0.735972
-0.69856889,-0.703973
-0.69836889,-0.735972
-0.69816889,-0.799969
-0.69796889,-0.703973
-0.69776889,-0.767971
-0.69756889,-0.767971
-0.69736889,-0.703973
-0.69716889,-0.735972
-0.69696889,-0.799969
-0.69676889,-0.767971
-0.69656889,-0.767971
-0.69636889,-0.799969
-0.69616889,-0.767971
-0.69596889,-0.799969
-0.69576889,-0.799969
-0.69556889,-0.735972
-0.69536889,-0.767971
-0.69516889,-0.735972
-0.69496889,-0.767971
-0.69476889,-0.799969
-0.69456889,-0.767971
-0.69436889,-0.767971
-0.69416889,-0.767971
-0.69396889,-0.799969
-0.69376889,-0.831968
-0.69356889,-0.831968
-0.69336889,-0.767971
-0.69316889,-0.831968
-0.69296889,-0.799969
-0.69276889,-0.799969
-0.69256889,-0.831968
-0.69236889,-0.799969
-0.69216889,-0.863967
-0.69196889,-0.831968
-0.69176889,-0.799969
-0.69156889,-0.799969
-0.69136889,-0.799969
-0.69116889,-0.799969
-0.69096889,-0.831968
-0.69076889,-0.863967
-0.69056889,-0.831968
-0.69036889,-0.831968
-0.69016889,-0.799969
-0.68996889,-0.863967
-0.68976889,-0.863967
-0.68956889,-0.831968
-0.68936889,-0.831968
-0.68916889,-0.895966
-0.68896889,-0.863967
-0.68876889,-0.895966
-0.68856889,-0.895966
-0.68836889,-0.863967
-0.68816889,-0.927964
-0.68796889,-0.863967
-0.68776889,-0.863967
-0.68756889,-0.895966
-0.68736889,-0.831968
-0.68716889,-0.895966
-0.68696889,-0.863967
-0.68676889,-0.895966
-0.68656889,-0.895966
-0.68636889,-0.927964
-0.68616889,-0.927964
-0.68596889,-0.895966
-0.68576889,-0.895966
-0.68556889,-0.895966
-0.68536889,-0.927964
-0.68516889,-0.895966
-0.68496889,-0.895966
-0.68476889,-0.927964
-0.68456889,-0.927964
-0.68436889,-0.895966
-0.68416889,-0.895966
-0.68396889,-0.895966
-0.68376889,-0.927964
-0.68356889,-0.927964
-0.68336889,-0.895966
-0.68316889,-0.927964
-0.68296889,-0.927964
-0.68276889,-0.927964
-0.68256889,-0.895966
-0.68236889,-0.927964
-0.68216889,-0.959963
-0.68196889,-0.895966
-0.68176889,-0.927964
-0.68156889,-0.927964
-0.68136889,-0.927964
-0.68116889,-0.959963
-0.68096889,-0.991962
-0.68076889,-0.927964
-0.68056889,-0.927964
-0.68036889,-0.927964
-0.68016889,-0.959963
-0.67996889,-0.991962
-0.67976889,-0.959963
-0.67956889,-0.959963
-0.67936889,-0.991962
-0.67916889,-0.927964
-0.67896889,-0.927964
-0.67876889,-0.959963
-0.67856889,-0.959963
-0.67836889,-0.959963
-0.67816889,-0.959963
-0.67796889,-0.959963
-0.67776889,-0.959963
-0.67756889,-0.959963
-0.67736889,-0.959963
-0.67716889,-0.991962
-0.67696889,-0.991962
-0.67676889,-0.959963
-0.67656889,-0.959963
-0.67636889,-0.959963
-0.67616889,-0.991962
-0.67596889,-0.991962
-0.67576889,-0.959963
-0.67556889,-0.991962
-0.67536889,-0.959963
-0.67516889,-0.959963
-0.67496889,-1.02396
-0.67476889,-0.991962
-0.67456889,-0.927964
-0.67436889,-0.959963
-0.67416889,-0.959963
-0.67396889,-0.991962
-0.67376889,-0.991962
-0.67356889,-0.991962
-0.67336889,-1.02396
-0.67316889,-0.959963
-0.67296889,-0.959963
-0.67276889,-0.991962
-0.67256889,-0.959963
-0.67236889,-0.959963
-0.67216889,-0.959963
-0.67196889,-1.02396
-0.67176889,-0.959963
-0.67156889,-0.991962
-0.67136889,-1.05596
-0.67116889,-0.959963
-0.67096889,-0.959963
-0.67076889,-0.991962
-0.67056889,-0.991962
-0.67036889,-0.991962
-0.67016889,-0.991962
-0.66996889,-0.959963
-0.66976889,-0.959963
-0.66956889,-1.02396
-0.66936889,-0.959963
-0.66916889,-1.02396
-0.66896889,-1.02396
-0.66876889,-0.991962
-0.66856889,-0.991962
-0.66836889,-0.959963
-0.66816889,-0.991962
-0.66796889,-0.991962
-0.66776889,-0.991962
-0.66756889,-0.991962
-0.66736889,-1.02396
-0.66716889,-1.02396
-0.66696889,-1.02396
-0.66676889,-1.05596
-0.66656889,-1.02396
-0.66636889,-0.991962
-0.66616889,-0.991962
-0.66596889,-1.02396
-0.66576889,-0.991962
-0.66556889,-1.05596
-0.66536889,-1.02396
-0.66516889,-0.991962
-0.66496889,-1.02396
-0.66476889,-1.02396
-0.66456889,-1.08796
-0.66436889,-1.02396
-0.66416889,-1.02396
-0.66396889,-1.05596
-0.66376889,-0.991962
-0.66356889,-1.05596
-0.66336889,-1.05596
-0.66316889,-1.08796
-0.66296889,-1.05596
-0.66276889,-1.02396
-0.66256889,-1.02396
-0.66236889,-1.02396
-0.66216889,-1.02396
-0.66196889,-1.02396
-0.66176889,-1.05596
-0.66156889,-1.02396
-0.66136889,-0.959963
-0.66116889,-1.05596
-0.66096889,-1.02396
-0.66076889,-1.05596
-0.66056889,-1.02396
-0.66036889,-1.02396
-0.66016889,-0.991962
-0.65996889,-1.02396
-0.65976889,-1.02396
-0.65956889,-0.991962
-0.65936889,-1.02396
-0.65916889,-1.02396
-0.65896889,-0.991962
-0.65876889,-1.05596
-0.65856889,-1.05596
-0.65836889,-1.02396
-0.65816889,-1.02396
-0.65796889,-1.02396
-0.65776889,-0.991962
-0.65756889,-1.05596
-0.65736889,-1.02396
-0.65716889,-1.02396
-0.65696889,-1.02396
-0.65676889,-1.02396
-0.65656889,-1.02396
-0.65636889,-1.02396
-0.65616889,-1.02396
-0.65596889,-0.991962
-0.65576889,-1.02396
-0.65556889,-0.991962
-0.65536889,-0.991962
-0.65516889,-0.991962
-0.65496889,-1.02396
-0.65476889,-0.991962
-0.65456889,-0.991962
-0.65436889,-1.02396
-0.65416889,-0.991962
-0.65396889,-1.02396
-0.65376889,-0.991962
-0.65356889,-0.959963
-0.65336889,-1.02396
-0.65316889,-0.991962
-0.65296889,-0.991962
-0.65276889,-0.991962
-0.65256889,-0.991962
-0.65236889,-0.991962
-0.65216889,-1.02396
-0.65196889,-0.991962
-0.65176889,-0.959963
-0.65156889,-1.02396
-0.65136889,-0.959963
-0.65116889,-0.959963
-0.65096889,-0.927964
-0.65076889,-0.959963
-0.65056889,-0.959963
-0.65036889,-0.991962
-0.65016889,-0.959963
-0.64996889,-0.991962
-0.64976889,-0.927964
-0.64956889,-0.927964
-0.64936889,-0.959963
-0.64916889,-1.02396
-0.64896889,-0.927964
-0.64876889,-0.927964
-0.64856889,-0.927964
-0.64836889,-0.959963
-0.64816889,-0.959963
-0.64796889,-0.895966
-0.64776889,-0.927964
-0.64756889,-0.895966
-0.64736889,-0.895966
-0.64716889,-0.927964
-0.64696889,-0.863967
-0.64676889,-0.959963
-0.64656889,-0.927964
-0.64636889,-0.927964
-0.64616889,-0.863967
-0.64596889,-0.927964
-0.64576889,-0.895966
-0.64556889,-0.895966
-0.64536889,-0.895966
-0.64516889,-0.863967
-0.64496889,-0.863967
-0.64476889,-0.863967
-0.64456889,-0.863967
-0.64436889,-0.863967
-0.64416889,-0.895966
-0.64396889,-0.863967
-0.64376889,-0.863967
-0.64356889,-0.863967
-0.64336889,-0.863967
-0.64316889,-0.895966
-0.64296889,-0.895966
-0.64276889,-0.863967
-0.64256889,-0.863967
-0.64236889,-0.831968
-0.64216889,-0.831968
-0.64196889,-0.831968
-0.64176889,-0.831968
-0.64156889,-0.863967
-0.64136889,-0.831968
-0.64116889,-0.799969
-0.64096889,-0.831968
-0.64076889,-0.831968
-0.64056889,-0.863967
-0.64036889,-0.831968
-0.64016889,-0.831968
-0.63996889,-0.863967
-0.63976889,-0.831968
-0.63956889,-0.831968
-0.63936889,-0.863967
-0.63916889,-0.863967
-0.63896889,-0.831968
-0.63876889,-0.767971
-0.63856889,-0.831968
-0.63836889,-0.767971
-0.63816889,-0.831968
-0.63796889,-0.799969
-0.63776889,-0.831968
-0.63756889,-0.767971
-0.63736889,-0.767971
-0.63716889,-0.863967
-0.63696889,-0.767971
-0.63676889,-0.799969
-0.63656889,-0.799969
-0.63636889,-0.799969
-0.63616889,-0.799969
-0.63596889,-0.767971
-0.63576889,-0.767971
-0.63556889,-0.767971
-0.63536889,-0.735972
-0.63516889,-0.735972
-0.63496889,-0.767971
-0.63476889,-0.767971
-0.63456889,-0.799969
-0.63436889,-0.735972
-0.63416889,-0.767971
-0.63396889,-0.735972
-0.63376889,-0.703973
-0.63356889,-0.735972
-0.63336889,-0.767971
-0.63316889,-0.703973
-0.63296889,-0.735972
-0.63276889,-0.703973
-0.63256889,-0.703973
-0.63236889,-0.703973
-0.63216889,-0.671974
-0.63196889,-0.703973
-0.63176889,-0.735972
-0.63156889,-0.671974
-0.63136889,-0.703973
-0.63116889,-0.671974
-0.63096889,-0.703973
-0.63076889,-0.735972
-0.63056889,-0.639975
-0.63036889,-0.671974
-0.63016889,-0.671974
-0.62996889,-0.671974
-0.62976889,-0.639975
-0.62956889,-0.639975
-0.62936889,-0.671974
-0.62916889,-0.671974
-0.62896889,-0.671974
-0.62876889,-0.639975
-0.62856889,-0.639975
-0.62836889,-0.607977
-0.62816889,-0.607977
-0.62796889,-0.607977
-0.62776889,-0.607977
-0.62756889,-0.575978
-0.62736889,-0.575978
-0.62716889,-0.639975
-0.62696889,-0.575978
-0.62676889,-0.607977
-0.62656889,-0.575978
-0.62636889,-0.543979
-0.62616889,-0.575978
-0.62596889,-0.543979
-0.62576889,-0.543979
-0.62556889,-0.575978
-0.62536889,-0.575978
-0.62516889,-0.543979
-0.62496889,-0.575978
-0.62476889,-0.51198
-0.62456889,-0.51198
-0.62436889,-0.51198
-0.62416889,-0.543979
-0.62396889,-0.479982
-0.62376889,-0.479982
-0.62356889,-0.479982
-0.62336889,-0.51198
-0.62316889,-0.51198
-0.62296889,-0.51198
-0.62276889,-0.479982
-0.62256889,-0.51198
-0.62236889,-0.447983
-0.62216889,-0.447983
-0.62196889,-0.479982
-0.62176889,-0.447983
-0.62156889,-0.447983
-0.62136889,-0.479982
-0.62116889,-0.447983
-0.62096889,-0.415984
-0.62076889,-0.447983
-0.62056889,-0.447983
-0.62036889,-0.383985
-0.62016889,-0.415984
-0.61996889,-0.415984
-0.61976889,-0.351986
-0.61956889,-0.383985
-0.61936889,-0.447983
-0.61916889,-0.415984
-0.61896889,-0.447983
-0.61876889,-0.351986
-0.61856889,-0.383985
-0.61836889,-0.351986
-0.61816889,-0.319988
-0.61796889,-0.319988
-0.61776889,-0.351986
-0.61756889,-0.351986
-0.61736889,-0.351986
-0.61716889,-0.351986
-0.61696889,-0.319988
-0.61676889,-0.287989
-0.61656889,-0.319988
-0.61636889,-0.287989
-0.61616889,-0.25599
-0.61596889,-0.287989
-0.61576889,-0.287989
-0.61556889,-0.319988
-0.61536889,-0.287989
-0.61516889,-0.25599
-0.61496889,-0.287989
-0.61476889,-0.25599
-0.61456889,-0.223991
-0.61436889,-0.25599
-0.61416889,-0.223991
-0.61396889,-0.223991
-0.61376889,-0.223991
-0.61356889,-0.191993
-0.61336889,-0.191993
-0.61316889,-0.25599
-0.61296889,-0.159994
-0.61276889,-0.191993
-0.61256889,-0.159994
-0.61236889,-0.159994
-0.61216889,-0.191993
-0.61196889,-0.223991
-0.61176889,-0.127995
-0.61156889,-0.191993
-0.61136889,-0.191993
-0.61116889,-0.159994
-0.61096889,-0.127995
-0.61076889,-0.0959963
-0.61056889,-0.127995
-0.61036889,-0.127995
-0.61016889,-0.0959963
-0.60996889,-0.0959963
-0.60976889,-0.0959963
-0.60956889,-0.127995
-0.60936889,-0.127995
-0.60916889,-0.0639975
-0.60896889,-0.0639975
-0.60876889,-0.0319988
-0.60856889,-0.0639975
-0.60836889,-0.0639975
-0.60816889,-0.0319988
-0.60796889,-0.0319988
-0.60776889,-0.0639975
-0.60756889,-0.0319988
-0.60736889,-0.0319988
-0.60716889,-0.0319988
-0.60696889,0.0319988
-0.60676889,0.0319988
-0.60656889,-0.0319988
-0.60636889,0.0319988
-0.60616889,0.0639975
-0.60596889,0
-0.60576889,0.0319988
-0.60556889,0.0639975
-0.60536889,0.0319988
-0.60516889,0.0639975
-0.60496889,0.0639975
-0.60476889,0.0959963
-0.60456889,0.0959963
-0.60436889,0.0959963
-0.60416889,0.127995
-0.60396889,0.0639975
-0.60376889,0.0959963
-0.60356889,0.0959963
-0.60336889,0.127995
-0.60316889,0.0959963
-0.60296889,0.127995
-0.60276889,0.159994
-0.60256889,0.127995
-0.60236889,0.127995
-0.60216889,0.127995
-0.60196889,0.127995
-0.60176889,0.159994
-0.60156889,0.159994
-0.60136889,0.159994
-0.60116889,0.191993
-0.60096889,0.159994
-0.60076889,0.191993
-0.60056889,0.191993
-0.60036889,0.191993
-0.60016889,0.191993
-0.59996889,0.191993
-0.59976889,0.25599
-0.59956889,0.191993
-0.59936889,0.223991
-0.59916889,0.287989
-0.59896889,0.25599
-0.59876889,0.25599
-0.59856889,0.287989
-0.59836889,0.25599
-0.59816889,0.287989
-0.59796889,0.287989
-0.59776889,0.25599
-0.59756889,0.287989
-0.59736889,0.319988
-0.59716889,0.351986
-0.59696889,0.351986
-0.59676889,0.351986
-0.59656889,0.319988
-0.59636889,0.351986
-0.59616889,0.383985
-0.59596889,0.351986
-0.59576889,0.319988
-0.59556889,0.351986
-0.59536889,0.383985
-0.59516889,0.319988
-0.59496889,0.383985
-0.59476889,0.415984
-0.59456889,0.415984
-0.59436889,0.447983
-0.59416889,0.447983
-0.59396889,0.383985
-0.59376889,0.415984
-0.59356889,0.415984
-0.59336889,0.447983
-0.59316889,0.479982
-0.59296889,0.447983
-0.59276889,0.479982
-0.59256889,0.51198
-0.59236889,0.575978
-0.59216889,0.51198
-0.59196889,0.479982
-0.59176889,0.479982
-0.59156889,0.447983
-0.59136889,0.575978
-0.59116889,0.479982
-0.59096889,0.543979
-0.59076889,0.543979
-0.59056889,0.575978
-0.59036889,0.51198
-0.59016889,0.543979
-0.58996889,0.543979
-0.58976889,0.543979
-0.58956889,0.607977
-0.58936889,0.607977
-0.58916889,0.543979
-0.58896889,0.607977
-0.58876889,0.607977
-0.58856889,0.607977
-0.58836889,0.575978
-0.58816889,0.639975
-0.58796889,0.575978
-0.58776889,0.607977
-0.58756889,0.671974
-0.58736889,0.607977
-0.58716889,0.639975
-0.58696889,0.703973
-0.58676889,0.671974
-0.58656889,0.703973
-0.58636889,0.735972
-0.58616889,0.671974
-0.58596889,0.703973
-0.58576889,0.671974
-0.58556889,0.735972
-0.58536889,0.735972
-0.58516889,0.767971
-0.58496889,0.703973
-0.58476889,0.767971
-0.58456889,0.799969
-0.58436889,0.735972
-0.58416889,0.735972
-0.58396889,0.767971
-0.58376889,0.799969
-0.58356889,0.767971
-0.58336889,0.767971
-0.58316889,0.831968
-0.58296889,0.767971
-0.58276889,0.863967
-0.58256889,0.831968
-0.58236889,0.799969
-0.58216889,0.831968
-0.58196889,0.831968
-0.58176889,0.831968
-0.58156889,0.863967
-0.58136889,0.863967
-0.58116889,0.895966
-0.58096889,0.863967
-0.58076889,0.863967
-0.58056889,0.863967
-0.58036889,0.895966
-0.58016889,0.863967
-0.57996889,0.831968
-0.57976889,0.927964
-0.57956889,0.895966
-0.57936889,0.895966
-0.57916889,0.927964
-0.57896889,0.895966
-0.57876889,0.927964
-0.57856889,0.927964
-0.57836889,0.927964
-0.57816889,0.895966
-0.57796889,0.927964
-0.57776889,0.927964
-0.57756889,0.959963
-0.57736889,0.959963
-0.57716889,0.991962
-0.57696889,0.959963
-0.57676889,0.927964
-0.57656889,0.959963
-0.57636889,0.927964
-0.57616889,0.959963
-0.57596889,0.959963
-0.57576889,1.02396
-0.57556889,0.991962
-0.57536889,0.991962
-0.57516889,0.959963
-0.57496889,1.05596
-0.57476889,0.991962
-0.57456889,1.02396
-0.57436889,0.991962
-0.57416889,1.02396
-0.57396889,1.02396
-0.57376889,1.05596
-0.57356889,1.05596
-0.57336889,1.05596
-0.57316889,1.08796
-0.57296889,1.02396
-0.57276889,1.02396
-0.57256889,1.11996
-0.57236889,1.05596
-0.57216889,1.11996
-0.57196889,1.11996
-0.57176889,1.08796
-0.57156889,1.11996
-0.57136889,1.08796
-0.57116889,1.08796
-0.57096889,1.18395
-0.57076889,1.11996
-0.57056889,1.15196
-0.57036889,1.11996
-0.57016889,1.11996
-0.56996889,1.15196
-0.56976889,1.18395
-0.56956889,1.18395
-0.56936889,1.18395
-0.56916889,1.21595
-0.56896889,1.15196
-0.56876889,1.18395
-0.56856889,1.15196
-0.56836889,1.18395
-0.56816889,1.21595
-0.56796889,1.18395
-0.56776889,1.21595
-0.56756889,1.21595
-0.56736889,1.18395
-0.56716889,1.24795
-0.56696889,1.21595
-0.56676889,1.18395
-0.56656889,1.21595
-0.56636889,1.24795
-0.56616889,1.27995
-0.56596889,1.24795
-0.56576889,1.24795
-0.56556889,1.31195
-0.56536889,1.31195
-0.56516889,1.27995
-0.56496889,1.31195
-0.56476889,1.31195
-0.56456889,1.27995
-0.56436889,1.27995
-0.56416889,1.27995
-0.56396889,1.31195
-0.56376889,1.34395
-0.56356889,1.34395
-0.56336889,1.34395
-0.56316889,1.31195
-0.56296889,1.34395
-0.56276889,1.31195
-0.56256889,1.34395
-0.56236889,1.34395
-0.56216889,1.37595
-0.56196889,1.37595
-0.56176889,1.40795
-0.56156889,1.37595
-0.56136889,1.37595
-0.56116889,1.40795
-0.56096889,1.40795
-0.56076889,1.34395
-0.56056889,1.40795
-0.56036889,1.40795
-0.56016889,1.43994
-0.55996889,1.43994
-0.55976889,1.43994
-0.55956889,1.47194
-0.55936889,1.43994
-0.55916889,1.43994
-0.55896889,1.40795
-0.55876889,1.47194
-0.55856889,1.43994
-0.55836889,1.47194
-0.55816889,1.50394
-0.55796889,1.50394
-0.55776889,1.53594
-0.55756889,1.50394
-0.55736889,1.50394
-0.55716889,1.53594
-0.55696889,1.53594
-0.55676889,1.47194
-0.55656889,1.50394
-0.55636889,1.56794
-0.55616889,1.50394
-0.55596889,1.50394
-0.55576889,1.59994
-0.55556889,1.53594
-0.55536889,1.56794
-0.55516889,1.56794
-0.55496889,1.59994
-0.55476889,1.53594
-0.55456889,1.59994
-0.55436889,1.59994
-0.55416889,1.56794
-0.55396889,1.63194
-0.55376889,1.59994
-0.55356889,1.59994
-0.55336889,1.59994
-0.55316889,1.59994
-0.55296889,1.63194
-0.55276889,1.59994
-0.55256889,1.63194
-0.55236889,1.63194
-0.55216889,1.66394
-0.55196889,1.69593
-0.55176889,1.66394
-0.55156889,1.66394
-0.55136889,1.69593
-0.55116889,1.69593
-0.55096889,1.66394
-0.55076889,1.69593
-0.55056889,1.69593
-0.55036889,1.72793
-0.55016889,1.72793
-0.54996889,1.75993
-0.54976889,1.72793
-0.54956889,1.72793
-0.54936889,1.72793
-0.54916889,1.75993
-0.54896889,1.75993
-0.54876889,1.75993
-0.54856889,1.72793
-0.54836889,1.79193
-0.54816889,1.79193
-0.54796889,1.72793
-0.54776889,1.79193
-0.54756889,1.79193
-0.54736889,1.82393
-0.54716889,1.79193
-0.54696889,1.82393
-0.54676889,1.79193
-0.54656889,1.79193
-0.54636889,1.82393
-0.54616889,1.85593
-0.54596889,1.82393
-0.54576889,1.82393
-0.54556889,1.88793
-0.54536889,1.85593
-0.54516889,1.85593
-0.54496889,1.82393
-0.54476889,1.85593
-0.54456889,1.85593
-0.54436889,1.79193
-0.54416889,1.85593
-0.54396889,1.88793
-0.54376889,1.88793
-0.54356889,1.88793
-0.54336889,1.88793
-0.54316889,1.88793
-0.54296889,1.88793
-0.54276889,1.88793
-0.54256889,1.91993
-0.54236889,1.88793
-0.54216889,1.88793
-0.54196889,1.91993
-0.54176889,1.88793
-0.54156889,1.91993
-0.54136889,1.88793
-0.54116889,1.91993
-0.54096889,1.95193
-0.54076889,1.91993
-0.54056889,1.95193
-0.54036889,1.95193
-0.54016889,1.95193
-0.53996889,1.95193
-0.53976889,1.95193
-0.53956889,1.95193
-0.53936889,1.91993
-0.53916889,1.95193
-0.53896889,1.95193
-0.53876889,1.95193
-0.53856889,1.95193
-0.53836889,1.95193
-0.53816889,1.91993
-0.53796889,1.95193
-0.53776889,1.95193
-0.53756889,1.91993
-0.53736889,1.98392
-0.53716889,1.95193
-0.53696889,1.95193
-0.53676889,1.98392
-0.53656889,2.01592
-0.53636889,1.95193
-0.53616889,2.01592
-0.53596889,1.98392
-0.53576889,1.98392
-0.53556889,1.98392
-0.53536889,2.01592
-0.53516889,1.98392
-0.53496889,1.98392
-0.53476889,1.98392
-0.53456889,1.98392
-0.53436889,1.98392
-0.53416889,2.01592
-0.53396889,2.01592
-0.53376889,2.01592
-0.53356889,2.01592
-0.53336889,2.01592
-0.53316889,1.95193
-0.53296889,2.04792
-0.53276889,2.04792
-0.53256889,2.01592
-0.53236889,1.98392
-0.53216889,2.01592
-0.53196889,2.04792
-0.53176889,2.04792
-0.53156889,2.01592
-0.53136889,2.01592
-0.53116889,2.01592
-0.53096889,2.04792
-0.53076889,2.01592
-0.53056889,2.01592
-0.53036889,2.04792
-0.53016889,2.01592
-0.52996889,2.04792
-0.52976889,2.01592
-0.52956889,2.01592
-0.52936889,2.01592
-0.52916889,2.01592
-0.52896889,2.04792
-0.52876889,2.01592
-0.52856889,2.04792
-0.52836889,2.07992
-0.52816889,2.04792
-0.52796889,2.01592
-0.52776889,2.04792
-0.52756889,2.01592
-0.52736889,2.01592
-0.52716889,2.01592
-0.52696889,2.04792
-0.52676889,2.04792
-0.52656889,2.01592
-0.52636889,2.07992
-0.52616889,2.11192
-0.52596889,2.04792
-0.52576889,2.01592
-0.52556889,2.04792
-0.52536889,2.07992
-0.52516889,2.04792
-0.52496889,2.04792
-0.52476889,2.01592
-0.52456889,2.04792
-0.52436889,2.11192
-0.52416889,2.01592
-0.52396889,2.07992
-0.52376889,2.07992
-0.52356889,2.04792
-0.52336889,2.07992
-0.52316889,2.11192
-0.52296889,2.07992
-0.52276889,2.07992
-0.52256889,2.11192
-0.52236889,2.07992
-0.52216889,2.07992
-0.52196889,2.07992
-0.52176889,2.07992
-0.52156889,2.07992
-0.52136889,2.11192
-0.52116889,2.04792
-0.52096889,2.04792
-0.52076889,2.07992
-0.52056889,2.04792
-0.52036889,2.07992
-0.52016889,2.07992
-0.51996889,2.04792
-0.51976889,2.04792
-0.51956889,2.07992
-0.51936889,2.04792
-0.51916889,2.07992
-0.51896889,2.11192
-0.51876889,2.04792
-0.51856889,2.04792
-0.51836889,2.07992
-0.51816889,2.07992
-0.51796889,2.04792
-0.51776889,2.07992
-0.51756889,2.04792
-0.51736889,2.04792
-0.51716889,2.04792
-0.51696889,2.04792
-0.51676889,2.04792
-0.51656889,2.04792
-0.51636889,2.04792
-0.51616889,2.04792
-0.51596889,2.04792
-0.51576889,2.04792
-0.51556889,2.04792
-0.51536889,2.07992
-0.51516889,2.04792
-0.51496889,2.04792
-0.51476889,2.04792
-0.51456889,2.04792
-0.51436889,2.07992
-0.51416889,2.04792
-0.51396889,2.01592
-0.51376889,2.04792
-0.51356889,2.04792
-0.51336889,2.04792
-0.51316889,2.04792
-0.51296889,2.04792
-0.51276889,2.01592
-0.51256889,2.04792
-0.51236889,2.01592
-0.51216889,2.04792
-0.51196889,2.04792
-0.51176889,2.01592
-0.51156889,2.01592
-0.51136889,1.98392
-0.51116889,2.04792
-0.51096889,2.01592
-0.51076889,2.04792
-0.51056889,2.01592
-0.51036889,2.01592
-0.51016889,2.01592
-0.50996889,1.98392
-0.50976889,1.98392
-0.50956889,2.01592
-0.50936889,1.98392
-0.50916889,1.98392
-0.50896889,2.01592
-0.50876889,2.01592
-0.50856889,2.01592
-0.50836889,2.04792
-0.50816889,2.01592
-0.50796889,2.01592
-0.50776889,2.04792
-0.50756889,1.98392
-0.50736889,2.01592
-0.50716889,2.01592
-0.50696889,2.01592
-0.50676889,2.01592
-0.50656889,2.04792
-0.50636889,2.01592
-0.50616889,1.98392
-0.50596889,2.01592
-0.50576889,1.98392
-0.50556889,1.98392
-0.50536889,1.98392
-0.50516889,2.04792
-0.50496889,2.01592
-0.50476889,1.98392
-0.50456889,1.95193
-0.50436889,2.01592
-0.50416889,2.01592
-0.50396889,1.98392
-0.50376889,1.98392
-0.50356889,1.98392
-0.50336889,1.98392
-0.50316889,2.04792
-0.50296889,1.98392
-0.50276889,1.98392
-0.50256889,2.01592
-0.50236889,2.04792
-0.50216889,1.98392
-0.50196889,2.01592
-0.50176889,1.98392
-0.50156889,1.98392
-0.50136889,1.98392
-0.50116889,1.95193
-0.50096889,1.98392
-0.50076889,1.98392
-0.50056889,1.98392
-0.50036889,1.98392
-0.50016889,1.98392
-0.49996889,1.98392
-0.49976889,1.98392
-0.49956889,1.95193
-0.49936889,1.98392
-0.49916889,1.95193
-0.49896889,1.95193
-0.49876889,1.91993
-0.49856889,1.98392
-0.49836889,1.95193
-0.49816889,2.01592
-0.49796889,1.95193
-0.49776889,1.95193
-0.49756889,1.98392
-0.49736889,1.91993
-0.49716889,1.91993
-0.49696889,1.91993
-0.49676889,1.95193
-0.49656889,1.95193
-0.49636889,1.91993
-0.49616889,1.95193
-0.49596889,1.91993
-0.49576889,1.91993
-0.49556889,1.91993
-0.49536889,1.88793
-0.49516889,1.91993
-0.49496889,1.91993
-0.49476889,1.91993
-0.49456889,1.88793
-0.49436889,1.88793
-0.49416889,1.91993
-0.49396889,1.91993
-0.49376889,1.88793
-0.49356889,1.85593
-0.49336889,1.88793
-0.49316889,1.85593
-0.49296889,1.85593
-0.49276889,1.88793
-0.49256889,1.88793
-0.49236889,1.88793
-0.49216889,1.85593
-0.49196889,1.85593
-0.49176889,1.88793
-0.49156889,1.85593
-0.49136889,1.85593
-0.49116889,1.82393
-0.49096889,1.85593
-0.49076889,1.85593
-0.49056889,1.79193
-0.49036889,1.85593
-0.49016889,1.85593
-0.48996889,1.82393
-0.48976889,1.82393
-0.48956889,1.79193
-0.48936889,1.79193
-0.48916889,1.79193
-0.48896889,1.79193
-0.48876889,1.82393
-0.48856889,1.79193
-0.48836889,1.79193
-0.48816889,1.79193
-0.48796889,1.75993
-0.48776889,1.79193
-0.48756889,1.75993
-0.48736889,1.79193
-0.48716889,1.75993
-0.48696889,1.75993
-0.48676889,1.75993
-0.48656889,1.79193
-0.48636889,1.72793
-0.48616889,1.79193
-0.48596889,1.75993
-0.48576889,1.72793
-0.48556889,1.72793
-0.48536889,1.75993
-0.48516889,1.72793
-0.48496889,1.72793
-0.48476889,1.75993
-0.48456889,1.66394
-0.48436889,1.72793
-0.48416889,1.69593
-0.48396889,1.72793
-0.48376889,1.69593
-0.48356889,1.72793
-0.48336889,1.69593
-0.48316889,1.72793
-0.48296889,1.69593
-0.48276889,1.66394
-0.48256889,1.69593
-0.48236889,1.69593
-0.48216889,1.69593
-0.48196889,1.66394
-0.48176889,1.63194
-0.48156889,1.66394
-0.48136889,1.63194
-0.48116889,1.66394
-0.48096889,1.63194
-0.48076889,1.63194
-0.48056889,1.66394
-0.48036889,1.66394
-0.48016889,1.66394
-0.47996889,1.59994
-0.47976889,1.56794
-0.47956889,1.63194
-0.47936889,1.63194
-0.47916889,1.59994
-0.47896889,1.63194
-0.47876889,1.59994
-0.47856889,1.59994
-0.47836889,1.59994
-0.47816889,1.59994
-0.47796889,1.53594
-0.47776889,1.59994
-0.47756889,1.59994
-0.47736889,1.56794
-0.47716889,1.59994
-0.47696889,1.53594
-0.47676889,1.53594
-0.47656889,1.59994
-0.47636889,1.53594
-0.47616889,1.47194
-0.47596889,1.56794
-0.47576889,1.50394
-0.47556889,1.50394
-0.47536889,1.56794
-0.47516889,1.50394
-0.47496889,1.50394
-0.47476889,1.56794
-0.47456889,1.50394
-0.47436889,1.50394
-0.47416889,1.50394
-0.47396889,1.47194
-0.47376889,1.50394
-0.47356889,1.53594
-0.47336889,1.50394
-0.47316889,1.50394
-0.47296889,1.50394
-0.47276889,1.47194
-0.47256889,1.47194
-0.47236889,1.47194
-0.47216889,1.47194
-0.47196889,1.47194
-0.47176889,1.47194
-0.47156889,1.43994
-0.47136889,1.43994
-0.47116889,1.47194
-0.47096889,1.37595
-0.47076889,1.47194
-0.47056889,1.43994
-0.47036889,1.43994
-0.47016889,1.40795
-0.46996889,1.40795
-0.46976889,1.40795
-0.46956889,1.40795
-0.46936889,1.40795
-0.46916889,1.40795
-0.46896889,1.37595
-0.46876889,1.40795
-0.46856889,1.31195
-0.46836889,1.34395
-0.46816889,1.37595
-0.46796889,1.34395
-0.46776889,1.40795
-0.46756889,1.37595
-0.46736889,1.31195
-0.46716889,1.37595
-0.46696889,1.37595
-0.46676889,1.31195
-0.46656889,1.34395
-0.46636889,1.34395
-0.46616889,1.27995
-0.46596889,1.27995
-0.46576889,1.27995
-0.46556889,1.31195
-0.46536889,1.27995
-0.46516889,1.31195
-0.46496889,1.27995
-0.46476889,1.27995
-0.46456889,1.27995
-0.46436889,1.27995
-0.46416889,1.21595
-0.46396889,1.21595
-0.46376889,1.21595
-0.46356889,1.24795
-0.46336889,1.18395
-0.46316889,1.21595
-0.46296889,1.27995
-0.46276889,1.18395
-0.46256889,1.18395
-0.46236889,1.18395
-0.46216889,1.21595
-0.46196889,1.21595
-0.46176889,1.18395
-0.46156889,1.15196
-0.46136889,1.15196
-0.46116889,1.15196
-0.46096889,1.18395
-0.46076889,1.18395
-0.46056889,1.11996
-0.46036889,1.11996
-0.46016889,1.11996
-0.45996889,1.08796
-0.45976889,1.11996
-0.45956889,1.11996
-0.45936889,1.08796
-0.45916889,1.11996
-0.45896889,1.11996
-0.45876889,1.08796
-0.45856889,1.08796
-0.45836889,1.08796
-0.45816889,1.02396
-0.45796889,1.11996
-0.45776889,1.08796
-0.45756889,1.05596
-0.45736889,1.05596
-0.45716889,1.08796
-0.45696889,1.02396
-0.45676889,1.08796
-0.45656889,1.05596
-0.45636889,1.02396
-0.45616889,1.02396
-0.45596889,0.991962
-0.45576889,0.991962
-0.45556889,0.991962
-0.45536889,1.02396
-0.45516889,1.02396
-0.45496889,0.991962
-0.45476889,0.991962
-0.45456889,0.895966
-0.45436889,0.959963
-0.45416889,0.959963
-0.45396889,0.927964
-0.45376889,0.927964
-0.45356889,0.927964
-0.45336889,0.895966
-0.45316889,0.927964
-0.45296889,0.927964
-0.45276889,0.895966
-0.45256889,0.895966
-0.45236889,0.863967
-0.45216889,0.863967
-0.45196889,0.863967
-0.45176889,0.863967
-0.45156889,0.831968
-0.45136889,0.863967
-0.45116889,0.863967
-0.45096889,0.799969
-0.45076889,0.831968
-0.45056889,0.735972
-0.45036889,0.799969
-0.45016889,0.831968
-0.44996889,0.735972
-0.44976889,0.767971
-0.44956889,0.831968
-0.44936889,0.799969
-0.44916889,0.767971
-0.44896889,0.831968
-0.44876889,0.735972
-0.44856889,0.671974
-0.44836889,0.703973
-0.44816889,0.735972
-0.44796889,0.703973
-0.44776889,0.735972
-0.44756889,0.703973
-0.44736889,0.735972
-0.44716889,0.735972
-0.44696889,0.671974
-0.44676889,0.671974
-0.44656889,0.671974
-0.44636889,0.671974
-0.44616889,0.639975
-0.44596889,0.671974
-0.44576889,0.607977
-0.44556889,0.639975
-0.44536889,0.639975
-0.44516889,0.607977
-0.44496889,0.607977
-0.44476889,0.607977
-0.44456889,0.543979
-0.44436889,0.543979
-0.44416889,0.607977
-0.44396889,0.575978
-0.44376889,0.575978
-0.44356889,0.543979
-0.44336889,0.543979
-0.44316889,0.575978
-0.44296889,0.575978
-0.44276889,0.51198
-0.44256889,0.51198
-0.44236889,0.51198
-0.44216889,0.479982
-0.44196889,0.479982
-0.44176889,0.479982
-0.44156889,0.479982
-0.44136889,0.51198
-0.44116889,0.479982
-0.44096889,0.479982
-0.44076889,0.479982
-0.44056889,0.447983
-0.44036889,0.415984
-0.44016889,0.447983
-0.43996889,0.447983
-0.43976889,0.383985
-0.43956889,0.415984
-0.43936889,0.383985
-0.43916889,0.415984
-0.43896889,0.415984
-0.43876889,0.383985
-0.43856889,0.351986
-0.43836889,0.383985
-0.43816889,0.351986
-0.43796889,0.383985
-0.43776889,0.415984
-0.43756889,0.351986
-0.43736889,0.383985
-0.43716889,0.351986
-0.43696889,0.351986
-0.43676889,0.319988
-0.43656889,0.319988
-0.43636889,0.287989
-0.43616889,0.319988
-0.43596889,0.351986
-0.43576889,0.287989
-0.43556889,0.319988
-0.43536889,0.287989
-0.43516889,0.287989
-0.43496889,0.25599
-0.43476889,0.319988
-0.43456889,0.25599
-0.43436889,0.223991
-0.43416889,0.287989
-0.43396889,0.25599
-0.43376889,0.25599
-0.43356889,0.319988
-0.43336889,0.223991
-0.43316889,0.223991
-0.43296889,0.191993
-0.43276889,0.191993
-0.43256889,0.191993
-0.43236889,0.191993
-0.43216889,0.191993
-0.43196889,0.159994
-0.43176889,0.191993
-0.43156889,0.191993
-0.43136889,0.159994
-0.43116889,0.127995
-0.43096889,0.0959963
-0.43076889,0.127995
-0.43056889,0.127995
-0.43036889,0.127995
-0.43016889,0.159994
-0.42996889,0.0959963
-0.42976889,0.127995
-0.42956889,0.127995
-0.42936889,0.0639975
-0.42916889,0.0959963
-0.42896889,0
-0.42876889,0.0639975
-0.42856889,0.0639975
-0.42836889,0.0639975
-0.42816889,0.0319988
-0.42796889,0.0639975
-0.42776889,0.0319988
-0.42756889,0.0639975
-0.42736889,0.0319988
-0.42716889,-0.0319988
-0.42696889,0
-0.42676889,0.0319988
-0.42656889,0.0319988
-0.42636889,0
-0.42616889,0
-0.42596889,-0.0959963
-0.42576889,-0.0319988
-0.42556889,-0.0319988
-0.42536889,-0.0959963
-0.42516889,-0.0319988
-0.42496889,-0.0959963
-0.42476889,-0.0319988
-0.42456889,-0.0959963
-0.42436889,-0.0639975
-0.42416889,-0.0959963
-0.42396889,-0.0959963
-0.42376889,-0.0639975
-0.42356889,-0.159994
-0.42336889,-0.127995
-0.42316889,-0.127995
-0.42296889,-0.127995
-0.42276889,-0.127995
-0.42256889,-0.127995
-0.42236889,-0.0959963
-0.42216889,-0.127995
-0.42196889,-0.127995
-0.42176889,-0.127995
-0.42156889,-0.159994
-0.42136889,-0.127995
-0.42116889,-0.191993
-0.42096889,-0.159994
-0.42076889,-0.191993
-0.42056889,-0.191993
-0.42036889,-0.223991
-0.42016889,-0.191993
-0.41996889,-0.223991
-0.41976889,-0.25599
-0.41956889,-0.25599
-0.41936889,-0.25599
-0.41916889,-0.25599
-0.41896889,-0.25599
-0.41876889,-0.25599
-0.41856889,-0.287989
-0.41836889,-0.191993
-0.41816889,-0.25599
-0.41796889,-0.287989
-0.41776889,-0.287989
-0.41756889,-0.319988
-0.41736889,-0.351986
-0.41716889,-0.351986
-0.41696889,-0.319988
-0.41676889,-0.319988
-0.41656889,-0.319988
-0.41636889,-0.287989
-0.41616889,-0.319988
-0.41596889,-0.319988
-0.41576889,-0.287989
-0.41556889,-0.447983
-0.41536889,-0.383985
-0.41516889,-0.383985
-0.41496889,-0.383985
-0.41476889,-0.383985
-0.41456889,-0.415984
-0.41436889,-0.415984
-0.41416889,-0.447983
-0.41396889,-0.383985
-0.41376889,-0.415984
-0.41356889,-0.383985
-0.41336889,-0.415984
-0.41316889,-0.479982
-0.41296889,-0.383985
-0.41276889,-0.415984
-0.41256889,-0.447983
-0.41236889,-0.415984
-0.41216889,-0.415984
-0.41196889,-0.479982
-0.41176889,-0.447983
-0.41156889,-0.51198
-0.41136889,-0.479982
-0.41116889,-0.479982
-0.41096889,-0.447983
-0.41076889,-0.479982
-0.41056889,-0.447983
-0.41036889,-0.479982
-0.41016889,-0.51198
-0.40996889,-0.447983
-0.40976889,-0.51198
-0.40956889,-0.543979
-0.40936889,-0.543979
-0.40916889,-0.51198
-0.40896889,-0.543979
-0.40876889,-0.51198
-0.40856889,-0.543979
-0.40836889,-0.607977
-0.40816889,-0.607977
-0.40796889,-0.51198
-0.40776889,-0.575978
-0.40756889,-0.575978
-0.40736889,-0.607977
-0.40716889,-0.607977
-0.40696889,-0.575978
-0.40676889,-0.607977
-0.40656889,-0.639975
-0.40636889,-0.607977
-0.40616889,-0.607977
-0.40596889,-0.607977
-0.40576889,-0.607977
-0.40556889,-0.607977
-0.40536889,-0.607977
-0.40516889,-0.671974
-0.40496889,-0.607977
-0.40476889,-0.639975
-0.40456889,-0.671974
-0.40436889,-0.639975
-0.40416889,-0.639975
-0.40396889,-0.703973
-0.40376889,-0.671974
-0.40356889,-0.671974
-0.40336889,-0.671974
-0.40316889,-0.703973
-0.40296889,-0.671974
-0.40276889,-0.703973
-0.40256889,-0.671974
-0.40236889,-0.703973
-0.40216889,-0.703973
-0.40196889,-0.671974
-0.40176889,-0.735972
-0.40156889,-0.703973
-0.40136889,-0.703973
-0.40116889,-0.735972
-0.40096889,-0.703973
-0.40076889,-0.703973
-0.40056889,-0.767971
-0.40036889,-0.735972
-0.40016889,-0.735972
-0.39996889,-0.767971
-0.39976889,-0.735972
-0.39956889,-0.767971
-0.39936889,-0.767971
-0.39916889,-0.767971
-0.39896889,-0.735972
-0.39876889,-0.799969
-0.39856889,-0.767971
-0.39836889,-0.767971
-0.39816889,-0.767971
-0.39796889,-0.767971
-0.39776889,-0.799969
-0.39756889,-0.831968
-0.39736889,-0.799969
-0.39716889,-0.799969
-0.39696889,-0.831968
-0.39676889,-0.831968
-0.39656889,-0.831968
-0.39636889,-0.799969
-0.39616889,-0.831968
-0.39596889,-0.831968
-0.39576889,-0.863967
-0.39556889,-0.863967
-0.39536889,-0.863967
-0.39516889,-0.863967
-0.39496889,-0.831968
-0.39476889,-0.863967
-0.39456889,-0.863967
-0.39436889,-0.831968
-0.39416889,-0.863967
-0.39396889,-0.831968
-0.39376889,-0.831968
-0.39356889,-0.863967
-0.39336889,-0.863967
-0.39316889,-0.895966
-0.39296889,-0.959963
-0.39276889,-0.895966
-0.39256889,-0.895966
-0.39236889,-0.895966
-0.39216889,-0.895966
-0.39196889,-0.895966
-0.39176889,-0.927964
-0.39156889,-0.959963
-0.39136889,-0.895966
-0.39116889,-0.959963
-0.39096889,-0.927964
-0.39076889,-0.927964
-0.39056889,-0.895966
-0.39036889,-0.895966
-0.39016889,-0.927964
-0.38996889,-0.927964
-0.38976889,-0.959963
-0.38956889,-0.959963
-0.38936889,-0.927964
-0.38916889,-0.927964
-0.38896889,-0.927964
-0.38876889,-0.927964
-0.38856889,-0.927964
-0.38836889,-0.927964
-0.38816889,-0.959963
-0.38796889,-0.991962
-0.38776889,-0.959963
-0.38756889,-0.927964
-0.38736889,-0.991962
-0.38716889,-0.959963
-0.38696889,-0.927964
-0.38676889,-0.927964
-0.38656889,-0.959963
-0.38636889,-0.895966
-0.38616889,-0.991962
-0.38596889,-0.927964
-0.38576889,-0.959963
-0.38556889,-0.959963
-0.38536889,-0.927964
-0.38516889,-0.959963
-0.38496889,-0.959963
-0.38476889,-0.927964
-0.38456889,-0.991962
-0.38436889,-0.991962
-0.38416889,-0.959963
-0.38396889,-0.927964
-0.38376889,-0.959963
-0.38356889,-0.927964
-0.38336889,-0.991962
-0.38316889,-0.927964
-0.38296889,-0.991962
-0.38276889,-0.959963
-0.38256889,-0.959963
-0.38236889,-0.927964
-0.38216889,-0.991962
-0.38196889,-0.959963
-0.38176889,-0.959963
-0.38156889,-0.959963
-0.38136889,-0.959963
-0.38116889,-0.927964
-0.38096889,-0.927964
-0.38076889,-0.959963
-0.38056889,-0.959963
-0.38036889,-0.991962
-0.38016889,-0.991962
-0.37996889,-0.959963
-0.37976889,-0.991962
-0.37956889,-0.991962
-0.37936889,-0.959963
-0.37916889,-0.959963
-0.37896889,-0.991962
-0.37876889,-0.991962
-0.37856889,-0.959963
-0.37836889,-0.991962
-0.37816889,-0.959963
-0.37796889,-0.959963
-0.37776889,-0.991962
-0.37756889,-0.959963
-0.37736889,-0.991962
-0.37716889,-1.02396
-0.37696889,-0.991962
-0.37676889,-0.991962
-0.37656889,-0.991962
-0.37636889,-0.991962
-0.37616889,-0.959963
-0.37596889,-0.927964
-0.37576889,-0.959963
-0.37556889,-1.02396
-0.37536889,-0.991962
-0.37516889,-0.959963
-0.37496889,-0.959963
-0.37476889,-0.959963
-0.37456889,-0.959963
-0.37436889,-0.991962
-0.37416889,-0.991962
-0.37396889,-0.991962
-0.37376889,-0.991962
-0.37356889,-0.959963
-0.37336889,-0.959963
-0.37316889,-0.991962
-0.37296889,-0.991962
-0.37276889,-0.959963
-0.37256889,-0.959963
-0.37236889,-0.959963
-0.37216889,-0.991962
-0.37196889,-0.991962
-0.37176889,-0.959963
-0.37156889,-0.959963
-0.37136889,-0.991962
-0.37116889,-0.991962
-0.37096889,-0.959963
-0.37076889,-0.991962
-0.37056889,-1.02396
-0.37036889,-0.991962
-0.37016889,-0.991962
-0.36996889,-0.959963
-0.36976889,-0.991962
-0.36956889,-1.02396
-0.36936889,-0.991962
-0.36916889,-0.959963
-0.36896889,-0.991962
-0.36876889,-0.959963
-0.36856889,-1.02396
-0.36836889,-0.991962
-0.36816889,-1.02396
-0.36796889,-0.991962
-0.36776889,-1.05596
-0.36756889,-0.991962
-0.36736889,-0.991962
-0.36716889,-0.991962
-0.36696889,-0.991962
-0.36676889,-0.959963
-0.36656889,-1.02396
-0.36636889,-0.991962
-0.36616889,-0.991962
-0.36596889,-1.02396
-0.36576889,-0.991962
-0.36556889,-1.02396
-0.36536889,-0.991962
-0.36516889,-1.05596
-0.36496889,-1.05596
-0.36476889,-1.02396
-0.36456889,-1.02396
-0.36436889,-1.02396
-0.36416889,-1.02396
-0.36396889,-1.02396
-0.36376889,-1.02396
-0.36356889,-0.991962
-0.36336889,-0.991962
-0.36316889,-1.02396
-0.36296889,-1.02396
-0.36276889,-1.02396
-0.36256889,-1.02396
-0.36236889,-1.05596
-0.36216889,-1.02396
-0.36196889,-1.02396
-0.36176889,-1.02396
-0.36156889,-1.02396
-0.36136889,-1.02396
-0.36116889,-1.05596
-0.36096889,-0.991962
-0.36076889,-0.991962
-0.36056889,-0.991962
-0.36036889,-1.02396
-0.36016889,-0.991962
-0.35996889,-1.05596
-0.35976889,-0.991962
-0.35956889,-0.991962
-0.35936889,-1.05596
-0.35916889,-1.02396
-0.35896889,-0.991962
-0.35876889,-0.991962
-0.35856889,-1.02396
-0.35836889,-0.991962
-0.35816889,-0.959963
-0.35796889,-0.991962
-0.35776889,-0.959963
-0.35756889,-1.02396
-0.35736889,-1.02396
-0.35716889,-0.959963
-0.35696889,-1.02396
-0.35676889,-1.02396
-0.35656889,-0.991962
-0.35636889,-0.991962
-0.35616889,-0.991962
-0.35596889,-0.959963
-0.35576889,-0.959963
-0.35556889,-0.991962
-0.35536889,-0.959963
-0.35516889,-0.959963
-0.35496889,-0.959963
-0.35476889,-0.959963
-0.35456889,-0.991962
-0.35436889,-0.991962
-0.35416889,-0.959963
-0.35396889,-0.991962
-0.35376889,-0.959963
-0.35356889,-0.959963
-0.35336889,-0.991962
-0.35316889,-0.991962
-0.35296889,-0.991962
-0.35276889,-0.927964
-0.35256889,-0.991962
-0.35236889,-0.927964
-0.35216889,-0.991962
-0.35196889,-1.02396
-0.35176889,-0.959963
-0.35156889,-0.991962
-0.35136889,-0.959963
-0.35116889,-0.959963
-0.35096889,-0.991962
-0.35076889,-0.959963
-0.35056889,-0.991962
-0.35036889,-0.959963
-0.35016889,-0.991962
-0.34996889,-0.991962
-0.34976889,-0.959963
-0.34956889,-0.959963
-0.34936889,-0.927964
-0.34916889,-0.927964
-0.34896889,-0.927964
-0.34876889,-0.927964
-0.34856889,-0.927964
-0.34836889,-0.959963
-0.34816889,-0.927964
-0.34796889,-0.959963
-0.34776889,-0.959963
-0.34756889,-0.959963
-0.34736889,-0.959963
-0.34716889,-0.959963
-0.34696889,-0.927964
-0.34676889,-0.927964
-0.34656889,-0.927964
-0.34636889,-0.959963
-0.34616889,-0.959963
-0.34596889,-0.927964
-0.34576889,-0.927964
-0.34556889,-0.959963
-0.34536889,-0.927964
-0.34516889,-0.927964
-0.34496889,-0.927964
-0.34476889,-0.959963
-0.34456889,-0.895966
-0.34436889,-0.959963
-0.34416889,-0.959963
-0.34396889,-0.895966
-0.34376889,-0.959963
-0.34356889,-0.959963
-0.34336889,-0.927964
-0.34316889,-0.927964
-0.34296889,-0.959963
-0.34276889,-0.927964
-0.34256889,-0.927964
-0.34236889,-0.927964
-0.34216889,-0.927964
-0.34196889,-0.927964
-0.34176889,-0.927964
-0.34156889,-0.959963
-0.34136889,-0.927964
-0.34116889,-0.895966
-0.34096889,-0.927964
-0.34076889,-0.927964
-0.34056889,-0.927964
-0.34036889,-0.863967
-0.34016889,-0.927964
-0.33996889,-0.927964
-0.33976889,-0.927964
-0.33956889,-0.927964
-0.33936889,-0.927964
-0.33916889,-0.863967
-0.33896889,-0.895966
-0.33876889,-0.927964
-0.33856889,-0.863967
-0.33836889,-0.895966
-0.33816889,-0.895966
-0.33796889,-0.927964
-0.33776889,-0.927964
-0.33756889,-0.895966
-0.33736889,-0.895966
-0.33716889,-0.863967
-0.33696889,-0.863967
-0.33676889,-0.863967
-0.33656889,-0.895966
-0.33636889,-0.895966
-0.33616889,-0.863967
-0.33596889,-0.895966
-0.33576889,-0.895966
-0.33556889,-0.831968
-0.33536889,-0.895966
-0.33516889,-0.895966
-0.33496889,-0.895966
-0.33476889,-0.895966
-0.33456889,-0.863967
-0.33436889,-0.895966
-0.33416889,-0.863967
-0.33396889,-0.895966
-0.33376889,-0.863967
-0.33356889,-0.863967
-0.33336889,-0.863967
-0.33316889,-0.831968
-0.33296889,-0.863967
-0.33276889,-0.863967
-0.33256889,-0.895966
-0.33236889,-0.863967
-0.33216889,-0.895966
-0.33196889,-0.863967
-0.33176889,-0.863967
-0.33156889,-0.863967
-0.33136889,-0.831968
-0.33116889,-0.863967
-0.33096889,-0.895966
-0.33076889,-0.863967
-0.33056889,-0.831968
-0.33036889,-0.863967
-0.33016889,-0.831968
-0.32996889,-0.863967
-0.32976889,-0.863967
-0.32956889,-0.863967
-0.32936889,-0.895966
-0.32916889,-0.863967
-0.32896889,-0.863967
-0.32876889,-0.863967
-0.32856889,-0.799969
-0.32836889,-0.863967
-0.32816889,-0.863967
-0.32796889,-0.863967
-0.32776889,-0.831968
-0.32756889,-0.863967
-0.32736889,-0.863967
-0.32716889,-0.767971
-0.32696889,-0.831968
-0.32676889,-0.831968
-0.32656889,-0.863967
-0.32636889,-0.863967
-0.32616889,-0.863967
-0.32596889,-0.863967
-0.32576889,-0.895966
-0.32556889,-0.863967
-0.32536889,-0.831968
-0.32516889,-0.831968
-0.32496889,-0.863967
-0.32476889,-0.831968
-0.32456889,-0.863967
-0.32436889,-0.863967
-0.32416889,-0.799969
-0.32396889,-0.831968
-0.32376889,-0.799969
-0.32356889,-0.799969
-0.32336889,-0.863967
-0.32316889,-0.831968
-0.32296889,-0.831968
-0.32276889,-0.863967
-0.32256889,-0.831968
-0.32236889,-0.799969
-0.32216889,-0.799969
-0.32196889,-0.831968
-0.32176889,-0.831968
-0.32156889,-0.799969
-0.32136889,-0.767971
-0.32116889,-0.799969
-0.32096889,-0.831968
-0.32076889,-0.799969
-0.32056889,-0.799969
-0.32036889,-0.799969
-0.32016889,-0.799969
-0.31996889,-0.831968
-0.31976889,-0.767971
-0.31956889,-0.831968
-0.31936889,-0.863967
-0.31916889,-0.799969
-0.31896889,-0.831968
-0.31876889,-0.799969
-0.31856889,-0.799969
-0.31836889,-0.799969
-0.31816889,-0.799969
-0.31796889,-0.799969
-0.31776889,-0.799969
-0.31756889,-0.799969
-0.31736889,-0.799969
-0.31716889,-0.831968
-0.31696889,-0.799969
-0.31676889,-0.831968
-0.31656889,-0.831968
-0.31636889,-0.831968
-0.31616889,-0.799969
-0.31596889,-0.799969
-0.31576889,-0.799969
-0.31556889,-0.799969
-0.31536889,-0.767971
-0.31516889,-0.799969
-0.31496889,-0.735972
-0.31476889,-0.799969
-0.31456889,-0.767971
-0.31436889,-0.735972
-0.31416889,-0.767971
-0.31396889,-0.735972
-0.31376889,-0.767971
-0.31356889,-0.735972
-0.31336889,-0.767971
-0.31316889,-0.799969
-0.31296889,-0.799969
-0.31276889,-0.799969
-0.31256889,-0.799969
-0.31236889,-0.767971
-0.31216889,-0.703973
-0.31196889,-0.735972
-0.31176889,-0.735972
-0.31156889,-0.703973
-0.31136889,-0.767971
-0.31116889,-0.767971
-0.31096889,-0.735972
-0.31076889,-0.735972
-0.31056889,-0.671974
-0.31036889,-0.703973
-0.31016889,-0.735972
-0.30996889,-0.703973
-0.30976889,-0.767971
-0.30956889,-0.703973
-0.30936889,-0.735972
-0.30916889,-0.703973
-0.30896889,-0.735972
-0.30876889,-0.735972
-0.30856889,-0.671974
-0.30836889,-0.703973
-0.30816889,-0.735972
-0.30796889,-0.703973
-0.30776889,-0.703973
-0.30756889,-0.703973
-0.30736889,-0.703973
-0.30716889,-0.671974
-0.30696889,-0.703973
-0.30676889,-0.703973
-0.30656889,-0.735972
-0.30636889,-0.703973
-0.30616889,-0.671974
-0.30596889,-0.639975
-0.30576889,-0.671974
-0.30556889,-0.671974
-0.30536889,-0.703973
-0.30516889,-0.671974
-0.30496889,-0.639975
-0.30476889,-0.671974
-0.30456889,-0.639975
-0.30436889,-0.671974
-0.30416889,-0.639975
-0.30396889,-0.671974
-0.30376889,-0.639975
-0.30356889,-0.671974
-0.30336889,-0.671974
-0.30316889,-0.639975
-0.30296889,-0.671974
-0.30276889,-0.639975
-0.30256889,-0.639975
-0.30236889,-0.639975
-0.30216889,-0.639975
-0.30196889,-0.639975
-0.30176889,-0.639975
-0.30156889,-0.607977
-0.30136889,-0.607977
-0.30116889,-0.607977
-0.30096889,-0.607977
-0.30076889,-0.639975
-0.30056889,-0.639975
-0.30036889,-0.607977
-0.30016889,-0.607977
-0.29996889,-0.575978
-0.29976889,-0.575978
-0.29956889,-0.607977
-0.29936889,-0.607977
-0.29916889,-0.607977
-0.29896889,-0.575978
-0.29876889,-0.543979
-0.29856889,-0.575978
-0.29836889,-0.51198
-0.29816889,-0.543979
-0.29796889,-0.543979
-0.29776889,-0.575978
-0.29756889,-0.543979
-0.29736889,-0.575978
-0.29716889,-0.575978
-0.29696889,-0.51198
-0.29676889,-0.575978
-0.29656889,-0.51198
-0.29636889,-0.575978
-0.29616889,-0.51198
-0.29596889,-0.543979
-0.29576889,-0.575978
-0.29556889,-0.575978
-0.29536889,-0.575978
-0.29516889,-0.51198
-0.29496889,-0.575978
-0.29476889,-0.543979
-0.29456889,-0.51198
-0.29436889,-0.575978
-0.29416889,-0.543979
-0.29396889,-0.543979
-0.29376889,-0.575978
-0.29356889,-0.51198
-0.29336889,-0.543979
-0.29316889,-0.543979
-0.29296889,-0.543979
-0.29276889,-0.575978
-0.29256889,-0.51198
-0.29236889,-0.479982
-0.29216889,-0.479982
-0.29196889,-0.51198
-0.29176889,-0.51198
-0.29156889,-0.51198
-0.29136889,-0.51198
-0.29116889,-0.575978
-0.29096889,-0.543979
-0.29076889,-0.543979
-0.29056889,-0.543979
-0.29036889,-0.51198
-0.29016889,-0.51198
-0.28996889,-0.575978
-0.28976889,-0.479982
-0.28956889,-0.543979
-0.28936889,-0.51198
-0.28916889,-0.479982
-0.28896889,-0.51198
-0.28876889,-0.479982
-0.28856889,-0.479982
-0.28836889,-0.543979
-0.28816889,-0.51198
-0.28796889,-0.479982
-0.28776889,-0.51198
-0.28756889,-0.51198
-0.28736889,-0.543979
-0.28716889,-0.447983
-0.28696889,-0.479982
-0.28676889,-0.447983
-0.28656889,-0.51198
-0.28636889,-0.51198
-0.28616889,-0.447983
-0.28596889,-0.447983
-0.28576889,-0.447983
-0.28556889,-0.479982
-0.28536889,-0.51198
-0.28516889,-0.479982
-0.28496889,-0.447983
-0.28476889,-0.479982
-0.28456889,-0.415984
-0.28436889,-0.447983
-0.28416889,-0.479982
-0.28396889,-0.447983
-0.28376889,-0.479982
-0.28356889,-0.479982
-0.28336889,-0.415984
-0.28316889,-0.447983
-0.28296889,-0.479982
-0.28276889,-0.447983
-0.28256889,-0.415984
-0.28236889,-0.479982
-0.28216889,-0.383985
-0.28196889,-0.447983
-0.28176889,-0.447983
-0.28156889,-0.51198
-0.28136889,-0.415984
-0.28116889,-0.51198
-0.28096889,-0.447983
-0.28076889,-0.383985
-0.28056889,-0.479982
-0.28036889,-0.447983
-0.28016889,-0.415984
-0.27996889,-0.479982
-0.27976889,-0.415984
-0.27956889,-0.51198
-0.27936889,-0.479982
-0.27916889,-0.447983
-0.27896889,-0.447983
-0.27876889,-0.447983
-0.27856889,-0.447983
-0.27836889,-0.447983
-0.27816889,-0.479982
-0.27796889,-0.447983
-0.27776889,-0.447983
-0.27756889,-0.479982
-0.27736889,-0.415984
-0.27716889,-0.447983
-0.27696889,-0.447983
-0.27676889,-0.447983
-0.27656889,-0.447983
-0.27636889,-0.479982
-0.27616889,-0.415984
-0.27596889,-0.51198
-0.27576889,-0.51198
-0.27556889,-0.447983
-0.27536889,-0.479982
-0.27516889,-0.447983
-0.27496889,-0.447983
-0.27476889,-0.479982
-0.27456889,-0.479982
-0.27436889,-0.447983
-0.27416889,-0.415984
-0.27396889,-0.479982
-0.27376889,-0.447983
-0.27356889,-0.447983
-0.27336889,-0.479982
-0.27316889,-0.415984
-0.27296889,-0.415984
-0.27276889,-0.479982
-0.27256889,-0.479982
-0.27236889,-0.415984
-0.27216889,-0.479982
-0.27196889,-0.447983
-0.27176889,-0.415984
-0.27156889,-0.447983
-0.27136889,-0.447983
-0.27116889,-0.447983
-0.27096889,-0.447983
-0.27076889,-0.479982
-0.27056889,-0.415984
-0.27036889,-0.479982
-0.27016889,-0.415984
-0.26996889,-0.479982
-0.26976889,-0.51198
-0.26956889,-0.447983
-0.26936889,-0.447983
-0.26916889,-0.447983
-0.26896889,-0.479982
-0.26876889,-0.479982
-0.26856889,-0.479982
-0.26836889,-0.447983
-0.26816889,-0.415984
-0.26796889,-0.447983
-0.26776889,-0.51198
-0.26756889,-0.447983
-0.26736889,-0.447983
-0.26716889,-0.51198
-0.26696889,-0.479982
-0.26676889,-0.447983
-0.26656889,-0.479982
-0.26636889,-0.447983
-0.26616889,-0.479982
-0.26596889,-0.447983
-0.26576889,-0.447983
-0.26556889,-0.447983
-0.26536889,-0.415984
-0.26516889,-0.415984
-0.26496889,-0.479982
-0.26476889,-0.415984
-0.26456889,-0.447983
-0.26436889,-0.479982
-0.26416889,-0.447983
-0.26396889,-0.447983
-0.26376889,-0.447983
-0.26356889,-0.447983
-0.26336889,-0.415984
-0.26316889,-0.479982
-0.26296889,-0.415984
-0.26276889,-0.447983
-0.26256889,-0.447983
-0.26236889,-0.447983
-0.26216889,-0.383985
-0.26196889,-0.479982
-0.26176889,-0.415984
-0.26156889,-0.415984
-0.26136889,-0.415984
-0.26116889,-0.447983
-0.26096889,-0.415984
-0.26076889,-0.415984
-0.26056889,-0.415984
-0.26036889,-0.415984
-0.26016889,-0.447983
-0.25996889,-0.415984
-0.25976889,-0.383985
-0.25956889,-0.447983
-0.25936889,-0.415984
-0.25916889,-0.415984
-0.25896889,-0.415984
-0.25876889,-0.415984
-0.25856889,-0.415984
-0.25836889,-0.415984
-0.25816889,-0.447983
-0.25796889,-0.415984
-0.25776889,-0.447983
-0.25756889,-0.479982
-0.25736889,-0.415984
-0.25716889,-0.447983
-0.25696889,-0.383985
-0.25676889,-0.415984
-0.25656889,-0.479982
-0.25636889,-0.383985
-0.25616889,-0.415984
-0.25596889,-0.415984
-0.25576889,-0.447983
-0.25556889,-0.383985
-0.25536889,-0.447983
-0.25516889,-0.415984
-0.25496889,-0.447983
-0.25476889,-0.447983
-0.25456889,-0.415984
-0.25436889,-0.415984
-0.25416889,-0.415984
-0.25396889,-0.415984
-0.25376889,-0.383985
-0.25356889,-0.415984
-0.25336889,-0.383985
-0.25316889,-0.415984
-0.25296889,-0.415984
-0.25276889,-0.415984
-0.25256889,-0.383985
-0.25236889,-0.415984
-0.25216889,-0.383985
-0.25196889,-0.383985
-0.25176889,-0.415984
-0.25156889,-0.447983
-0.25136889,-0.415984
-0.25116889,-0.447983
-0.25096889,-0.415984
-0.25076889,-0.383985
-0.25056889,-0.447983
-0.25036889,-0.383985
-0.25016889,-0.383985
-0.24996889,-0.383985
-0.24976889,-0.383985
-0.24956889,-0.383985
-0.24936889,-0.415984
-0.24916889,-0.383985
-0.24896889,-0.351986
-0.24876889,-0.383985
-0.24856889,-0.351986
-0.24836889,-0.383985
-0.24816889,-0.383985
-0.24796889,-0.319988
-0.24776889,-0.319988
-0.24756889,-0.383985
-0.24736889,-0.383985
-0.24716889,-0.383985
-0.24696889,-0.383985
-0.24676889,-0.383985
-0.24656889,-0.351986
-0.24636889,-0.351986
-0.24616889,-0.351986
-0.24596889,-0.351986
-0.24576889,-0.383985
-0.24556889,-0.351986
-0.24536889,-0.351986
-0.24516889,-0.415984
-0.24496889,-0.383985
-0.24476889,-0.351986
-0.24456889,-0.383985
-0.24436889,-0.415984
-0.24416889,-0.351986
-0.24396889,-0.383985
-0.24376889,-0.319988
-0.24356889,-0.319988
-0.24336889,-0.415984
-0.24316889,-0.351986
-0.24296889,-0.319988
-0.24276889,-0.415984
-0.24256889,-0.351986
-0.24236889,-0.383985
-0.24216889,-0.383985
-0.24196889,-0.415984
-0.24176889,-0.351986
-0.24156889,-0.383985
-0.24136889,-0.319988
-0.24116889,-0.319988
-0.24096889,-0.351986
-0.24076889,-0.351986
-0.24056889,-0.383985
-0.24036889,-0.383985
-0.24016889,-0.351986
-0.23996889,-0.319988
-0.23976889,-0.351986
-0.23956889,-0.351986
-0.23936889,-0.351986
-0.23916889,-0.383985
-0.23896889,-0.383985
-0.23876889,-0.351986
-0.23856889,-0.351986
-0.23836889,-0.351986
-0.23816889,-0.351986
-0.23796889,-0.319988
-0.23776889,-0.319988
-0.23756889,-0.319988
-0.23736889,-0.319988
-0.23716889,-0.351986
-0.23696889,-0.351986
-0.23676889,-0.383985
-0.23656889,-0.319988
-0.23636889,-0.319988
-0.23616889,-0.351986
-0.23596889,-0.287989
-0.23576889,-0.319988
-0.23556889,-0.351986
-0.23536889,-0.319988
-0.23516889,-0.319988
-0.23496889,-0.319988
-0.23476889,-0.319988
-0.23456889,-0.287989
-0.23436889,-0.319988
-0.23416889,-0.351986
-0.23396889,-0.319988
-0.23376889,-0.383985
-0.23356889,-0.319988
-0.23336889,-0.351986
-0.23316889,-0.319988
-0.23296889,-0.319988
-0.23276889,-0.319988
-0.23256889,-0.351986
-0.23236889,-0.351986
-0.23216889,-0.383985
-0.23196889,-0.287989
-0.23176889,-0.351986
-0.23156889,-0.319988
-0.23136889,-0.319988
-0.23116889,-0.351986
-0.23096889,-0.351986
-0.23076889,-0.319988
-0.23056889,-0.351986
-0.23036889,-0.319988
-0.23016889,-0.319988
-0.22996889,-0.383985
-0.22976889,-0.319988
-0.22956889,-0.351986
-0.22936889,-0.351986
-0.22916889,-0.319988
-0.22896889,-0.319988
-0.22876889,-0.351986
-0.22856889,-0.351986
-0.22836889,-0.351986
-0.22816889,-0.319988
-0.22796889,-0.319988
-0.22776889,-0.287989
-0.22756889,-0.287989
-0.22736889,-0.319988
-0.22716889,-0.319988
-0.22696889,-0.319988
-0.22676889,-0.319988
-0.22656889,-0.383985
-0.22636889,-0.319988
-0.22616889,-0.319988
-0.22596889,-0.351986
-0.22576889,-0.319988
-0.22556889,-0.319988
-0.22536889,-0.319988
-0.22516889,-0.351986
-0.22496889,-0.319988
-0.22476889,-0.351986
-0.22456889,-0.351986
-0.22436889,-0.319988
-0.22416889,-0.287989
-0.22396889,-0.351986
-0.22376889,-0.287989
-0.22356889,-0.319988
-0.22336889,-0.287989
-0.22316889,-0.351986
-0.22296889,-0.319988
-0.22276889,-0.351986
-0.22256889,-0.351986
-0.22236889,-0.383985
-0.22216889,-0.319988
-0.22196889,-0.319988
-0.22176889,-0.287989
-0.22156889,-0.351986
-0.22136889,-0.319988
-0.22116889,-0.319988
-0.22096889,-0.319988
-0.22076889,-0.319988
-0.22056889,-0.351986
-0.22036889,-0.319988
-0.22016889,-0.319988
-0.21996889,-0.319988
-0.21976889,-0.287989
-0.21956889,-0.319988
-0.21936889,-0.319988
-0.21916889,-0.319988
-0.21896889,-0.351986
-0.21876889,-0.319988
-0.21856889,-0.351986
-0.21836889,-0.287989
-0.21816889,-0.351986
-0.21796889,-0.319988
-0.21776889,-0.287989
-0.21756889,-0.351986
-0.21736889,-0.319988
-0.21716889,-0.351986
-0.21696889,-0.383985
-0.21676889,-0.319988
-0.21656889,-0.287989
-0.21636889,-0.351986
-0.21616889,-0.319988
-0.21596889,-0.319988
-0.21576889,-0.319988
-0.21556889,-0.319988
-0.21536889,-0.319988
-0.21516889,-0.351986
-0.21496889,-0.351986
-0.21476889,-0.351986
-0.21456889,-0.319988
-0.21436889,-0.319988
-0.21416889,-0.319988
-0.21396889,-0.351986
-0.21376889,-0.351986
-0.21356889,-0.287989
-0.21336889,-0.319988
-0.21316889,-0.351986
-0.21296889,-0.287989
-0.21276889,-0.319988
-0.21256889,-0.319988
-0.21236889,-0.287989
-0.21216889,-0.287989
-0.21196889,-0.319988
-0.21176889,-0.319988
-0.21156889,-0.287989
-0.21136889,-0.319988
-0.21116889,-0.319988
-0.21096889,-0.287989
-0.21076889,-0.287989
-0.21056889,-0.319988
-0.21036889,-0.287989
-0.21016889,-0.25599
-0.20996889,-0.287989
-0.20976889,-0.319988
-0.20956889,-0.287989
-0.20936889,-0.287989
-0.20916889,-0.287989
-0.20896889,-0.287989
-0.20876889,-0.287989
-0.20856889,-0.287989
-0.20836889,-0.287989
-0.20816889,-0.25599
-0.20796889,-0.287989
-0.20776889,-0.287989
-0.20756889,-0.25599
-0.20736889,-0.287989
-0.20716889,-0.319988
-0.20696889,-0.25599
-0.20676889,-0.25599
-0.20656889,-0.25599
-0.20636889,-0.287989
-0.20616889,-0.287989
-0.20596889,-0.223991
-0.20576889,-0.287989
-0.20556889,-0.25599
-0.20536889,-0.319988
-0.20516889,-0.223991
-0.20496889,-0.287989
-0.20476889,-0.25599
-0.20456889,-0.25599
-0.20436889,-0.25599
-0.20416889,-0.25599
-0.20396889,-0.25599
-0.20376889,-0.25599
-0.20356889,-0.223991
-0.20336889,-0.25599
-0.20316889,-0.287989
-0.20296889,-0.25599
-0.20276889,-0.287989
-0.20256889,-0.25599
-0.20236889,-0.25599
-0.20216889,-0.25599
-0.20196889,-0.25599
-0.20176889,-0.25599
-0.20156889,-0.25599
-0.20136889,-0.25599
-0.20116889,-0.287989
-0.20096889,-0.25599
-0.20076889,-0.25599
-0.20056889,-0.223991
-0.20036889,-0.25599
-0.20016889,-0.25599
-0.19996889,-0.25599
-0.19976889,-0.25599
-0.19956889,-0.25599
-0.19936889,-0.223991
-0.19916889,-0.223991
-0.19896889,-0.25599
-0.19876889,-0.191993
-0.19856889,-0.223991
-0.19836889,-0.25599
-0.19816889,-0.223991
-0.19796889,-0.191993
-0.19776889,-0.25599
-0.19756889,-0.191993
-0.19736889,-0.223991
-0.19716889,-0.25599
-0.19696889,-0.223991
-0.19676889,-0.223991
-0.19656889,-0.223991
-0.19636889,-0.191993
-0.19616889,-0.25599
-0.19596889,-0.223991
-0.19576889,-0.191993
-0.19556889,-0.223991
-0.19536889,-0.287989
-0.19516889,-0.223991
-0.19496889,-0.191993
-0.19476889,-0.191993
-0.19456889,-0.223991
-0.19436889,-0.191993
-0.19416889,-0.191993
-0.19396889,-0.159994
-0.19376889,-0.25599
-0.19356889,-0.223991
-0.19336889,-0.25599
-0.19316889,-0.25599
-0.19296889,-0.191993
-0.19276889,-0.127995
-0.19256889,-0.223991
-0.19236889,-0.223991
-0.19216889,-0.191993
-0.19196889,-0.25599
-0.19176889,-0.25599
-0.19156889,-0.191993
-0.19136889,-0.223991
-0.19116889,-0.191993
-0.19096889,-0.223991
-0.19076889,-0.191993
-0.19056889,-0.223991
-0.19036889,-0.191993
-0.19016889,-0.223991
-0.18996889,-0.191993
-0.18976889,-0.223991
-0.18956889,-0.223991
-0.18936889,-0.287989
-0.18916889,-0.25599
-0.18896889,-0.223991
-0.18876889,-0.191993
-0.18856889,-0.191993
-0.18836889,-0.223991
-0.18816889,-0.191993
-0.18796889,-0.191993
-0.18776889,-0.25599
-0.18756889,-0.191993
-0.18736889,-0.191993
-0.18716889,-0.191993
-0.18696889,-0.191993
-0.18676889,-0.223991
-0.18656889,-0.191993
-0.18636889,-0.159994
-0.18616889,-0.191993
-0.18596889,-0.223991
-0.18576889,-0.25599
-0.18556889,-0.191993
-0.18536889,-0.25599
-0.18516889,-0.223991
-0.18496889,-0.159994
-0.18476889,-0.223991
-0.18456889,-0.223991
-0.18436889,-0.191993
-0.18416889,-0.223991
-0.18396889,-0.223991
-0.18376889,-0.191993
-0.18356889,-0.223991
-0.18336889,-0.223991
-0.18316889,-0.191993
-0.18296889,-0.223991
-0.18276889,-0.191993
-0.18256889,-0.159994
-0.18236889,-0.191993
-0.18216889,-0.223991
-0.18196889,-0.159994
-0.18176889,-0.191993
-0.18156889,-0.159994
-0.18136889,-0.191993
-0.18116889,-0.191993
-0.18096889,-0.223991
-0.18076889,-0.191993
-0.18056889,-0.223991
-0.18036889,-0.223991
-0.18016889,-0.223991
-0.17996889,-0.191993
-0.17976889,-0.191993
-0.17956889,-0.191993
-0.17936889,-0.223991
-0.17916889,-0.191993
-0.17896889,-0.127995
-0.17876889,-0.223991
-0.17856889,-0.159994
-0.17836889,-0.223991
-0.17816889,-0.223991
-0.17796889,-0.223991
-0.17776889,-0.159994
-0.17756889,-0.191993
-0.17736889,-0.223991
-0.17716889,-0.159994
-0.17696889,-0.159994
-0.17676889,-0.159994
-0.17656889,-0.191993
-0.17636889,-0.191993
-0.17616889,-0.191993
-0.17596889,-0.191993
-0.17576889,-0.223991
-0.17556889,-0.223991
-0.17536889,-0.191993
-0.17516889,-0.223991
-0.17496889,-0.191993
-0.17476889,-0.191993
-0.17456889,-0.191993
-0.17436889,-0.191993
-0.17416889,-0.191993
-0.17396889,-0.223991
-0.17376889,-0.191993
-0.17356889,-0.159994
-0.17336889,-0.223991
-0.17316889,-0.223991
-0.17296889,-0.159994
-0.17276889,-0.191993
-0.17256889,-0.191993
-0.17236889,-0.191993
-0.17216889,-0.191993
-0.17196889,-0.191993
-0.17176889,-0.191993
-0.17156889,-0.159994
-0.17136889,-0.223991
-0.17116889,-0.159994
-0.17096889,-0.223991
-0.17076889,-0.191993
-0.17056889,-0.159994
-0.17036889,-0.159994
-0.17016889,-0.191993
-0.16996889,-0.127995
-0.16976889,-0.223991
-0.16956889,-0.159994
-0.16936889,-0.159994
-0.16916889,-0.223991
-0.16896889,-0.191993
-0.16876889,-0.159994
-0.16856889,-0.223991
-0.16836889,-0.127995
-0.16816889,-0.159994
-0.16796889,-0.159994
-0.16776889,-0.223991
-0.16756889,-0.159994
-0.16736889,-0.223991
-0.16716889,-0.159994
-0.16696889,-0.223991
-0.16676889,-0.191993
-0.16656889,-0.191993
-0.16636889,-0.191993
-0.16616889,-0.191993
-0.16596889,-0.191993
-0.16576889,-0.159994
-0.16556889,-0.191993
-0.16536889,-0.223991
-0.16516889,-0.159994
-0.16496889,-0.191993
-0.16476889,-0.223991
-0.16456889,-0.159994
-0.16436889,-0.159994
-0.16416889,-0.191993
-0.16396889,-0.159994
-0.16376889,-0.223991
-0.16356889,-0.159994
-0.16336889,-0.159994
-0.16316889,-0.223991
-0.16296889,-0.191993
-0.16276889,-0.159994
-0.16256889,-0.223991
-0.16236889,-0.191993
-0.16216889,-0.159994
-0.16196889,-0.191993
-0.16176889,-0.159994
-0.16156889,-0.191993
-0.16136889,-0.191993
-0.16116889,-0.191993
-0.16096889,-0.191993
-0.16076889,-0.191993
-0.16056889,-0.223991
-0.16036889,-0.127995
-0.16016889,-0.191993
-0.15996889,-0.191993
-0.15976889,-0.159994
-0.15956889,-0.191993
-0.15936889,-0.223991
-0.15916889,-0.191993
-0.15896889,-0.191993
-0.15876889,-0.159994
-0.15856889,-0.191993
-0.15836889,-0.191993
-0.15816889,-0.159994
-0.15796889,-0.159994
-0.15776889,-0.223991
-0.15756889,-0.159994
-0.15736889,-0.191993
-0.15716889,-0.223991
-0.15696889,-0.191993
-0.15676889,-0.191993
-0.15656889,-0.223991
-0.15636889,-0.223991
-0.15616889,-0.191993
-0.15596889,-0.223991
-0.15576889,-0.191993
-0.15556889,-0.159994
-0.15536889,-0.223991
-0.15516889,-0.223991
-0.15496889,-0.159994
-0.15476889,-0.191993
-0.15456889,-0.191993
-0.15436889,-0.223991
-0.15416889,-0.223991
-0.15396889,-0.191993
-0.15376889,-0.191993
-0.15356889,-0.25599
-0.15336889,-0.191993
-0.15316889,-0.223991
-0.15296889,-0.191993
-0.15276889,-0.191993
-0.15256889,-0.191993
-0.15236889,-0.191993
-0.15216889,-0.223991
-0.15196889,-0.223991
-0.15176889,-0.191993
-0.15156889,-0.191993
-0.15136889,-0.191993
-0.15116889,-0.223991
-0.15096889,-0.191993
-0.15076889,-0.191993
-0.15056889,-0.223991
-0.15036889,-0.223991
-0.15016889,-0.191993
-0.14996889,-0.191993
-0.14976889,-0.191993
-0.14956889,-0.159994
-0.14936889,-0.159994
-0.14916889,-0.191993
-0.14896889,-0.127995
-0.14876889,-0.191993
-0.14856889,-0.159994
-0.14836889,-0.223991
-0.14816889,-0.191993
-0.14796889,-0.159994
-0.14776889,-0.159994
-0.14756889,-0.159994
-0.14736889,-0.223991
-0.14716889,-0.159994
-0.14696889,-0.127995
-0.14676889,-0.191993
-0.14656889,-0.159994
-0.14636889,-0.223991
-0.14616889,-0.223991
-0.14596889,-0.159994
-0.14576889,-0.159994
-0.14556889,-0.159994
-0.14536889,-0.159994
-0.14516889,-0.159994
-0.14496889,-0.159994
-0.14476889,-0.127995
-0.14456889,-0.159994
-0.14436889,-0.127995
-0.14416889,-0.159994
-0.14396889,-0.159994
-0.14376889,-0.159994
-0.14356889,-0.127995
-0.14336889,-0.159994
-0.14316889,-0.159994
-0.14296889,-0.159994
-0.14276889,-0.191993
-0.14256889,-0.127995
-0.14236889,-0.127995
-0.14216889,-0.159994
-0.14196889,-0.191993
-0.14176889,-0.159994
-0.14156889,-0.159994
-0.14136889,-0.191993
-0.14116889,-0.159994
-0.14096889,-0.159994
-0.14076889,-0.127995
-0.14056889,-0.127995
-0.14036889,-0.191993
-0.14016889,-0.127995
-0.13996889,-0.127995
-0.13976889,-0.159994
-0.13956889,-0.159994
-0.13936889,-0.127995
-0.13916889,-0.191993
-0.13896889,-0.127995
-0.13876889,-0.127995
-0.13856889,-0.191993
-0.13836889,-0.127995
-0.13816889,-0.127995
-0.13796889,-0.159994
-0.13776889,-0.159994
-0.13756889,-0.127995
-0.13736889,-0.159994
-0.13716889,-0.159994
-0.13696889,-0.127995
-0.13676889,-0.191993
-0.13656889,-0.159994
-0.13636889,-0.191993
-0.13616889,-0.159994
-0.13596889,-0.159994
-0.13576889,-0.159994
-0.13556889,-0.159994
-0.13536889,-0.0959963
-0.13516889,-0.159994
-0.13496889,-0.191993
-0.13476889,-0.191993
-0.13456889,-0.159994
-0.13436889,-0.159994
-0.13416889,-0.191993
-0.13396889,-0.159994
-0.13376889,-0.127995
-0.13356889,-0.159994
-0.13336889,-0.159994
-0.13316889,-0.191993
-0.13296889,-0.159994
-0.13276889,-0.159994
-0.13256889,-0.191993
-0.13236889,-0.191993
-0.13216889,-0.159994
-0.13196889,-0.191993
-0.13176889,-0.159994
-0.13156889,-0.191993
-0.13136889,-0.191993
-0.13116889,-0.191993
-0.13096889,-0.127995
-0.13076889,-0.191993
-0.13056889,-0.159994
-0.13036889,-0.191993
-0.13016889,-0.191993
-0.12996889,-0.223991
-0.12976889,-0.159994
-0.12956889,-0.191993
-0.12936889,-0.159994
-0.12916889,-0.159994
-0.12896889,-0.159994
-0.12876889,-0.127995
-0.12856889,-0.127995
-0.12836889,-0.159994
-0.12816889,-0.159994
-0.12796889,-0.159994
-0.12776889,-0.159994
-0.12756889,-0.191993
-0.12736889,-0.159994
-0.12716889,-0.127995
-0.12696889,-0.159994
-0.12676889,-0.159994
-0.12656889,-0.191993
-0.12636889,-0.127995
-0.12616889,-0.0959963
-0.12596889,-0.159994
-0.12576889,-0.159994
-0.12556889,-0.159994
-0.12536889,-0.159994
-0.12516889,-0.159994
-0.12496889,-0.159994
-0.12476889,-0.159994
-0.12456889,-0.127995
-0.12436889,-0.127995
-0.12416889,-0.159994
-0.12396889,-0.159994
-0.12376889,-0.127995
-0.12356889,-0.159994
-0.12336889,-0.127995
-0.12316889,-0.127995
-0.12296889,-0.127995
-0.12276889,-0.127995
-0.12256889,-0.159994
-0.12236889,-0.127995
-0.12216889,-0.159994
-0.12196889,-0.127995
-0.12176889,-0.159994
-0.12156889,-0.159994
-0.12136889,-0.0959963
-0.12116889,-0.127995
-0.12096889,-0.159994
-0.12076889,-0.159994
-0.12056889,-0.159994
-0.12036889,-0.159994
-0.12016889,-0.159994
-0.11996889,-0.191993
-0.11976889,-0.159994
-0.11956889,-0.0959963
-0.11936889,-0.191993
-0.11916889,-0.159994
-0.11896889,-0.127995
-0.11876889,-0.191993
-0.11856889,-0.159994
-0.11836889,-0.159994
-0.11816889,-0.191993
-0.11796889,-0.191993
-0.11776889,-0.127995
-0.11756889,-0.159994
-0.11736889,-0.191993
-0.11716889,-0.159994
-0.11696889,-0.191993
-0.11676889,-0.223991
-0.11656889,-0.159994
-0.11636889,-0.223991
-0.11616889,-0.159994
-0.11596889,-0.159994
-0.11576889,-0.191993
-0.11556889,-0.191993
-0.11536889,-0.191993
-0.11516889,-0.191993
-0.11496889,-0.159994
-0.11476889,-0.223991
-0.11456889,-0.191993
-0.11436889,-0.191993
-0.11416889,-0.159994
-0.11396889,-0.223991
-0.11376889,-0.223991
-0.11356889,-0.223991
-0.11336889,-0.191993
-0.11316889,-0.191993
-0.11296889,-0.159994
-0.11276889,-0.191993
-0.11256889,-0.223991
-0.11236889,-0.191993
-0.11216889,-0.223991
-0.11196889,-0.191993
-0.11176889,-0.159994
-0.11156889,-0.191993
-0.11136889,-0.191993
-0.11116889,-0.191993
-0.11096889,-0.223991
-0.11076889,-0.159994
-0.11056889,-0.159994
-0.11036889,-0.223991
-0.11016889,-0.223991
-0.10996889,-0.223991
-0.10976889,-0.191993
-0.10956889,-0.223991
-0.10936889,-0.191993
-0.10916889,-0.223991
-0.10896889,-0.223991
-0.10876889,-0.191993
-0.10856889,-0.223991
-0.10836889,-0.223991
-0.10816889,-0.191993
-0.10796889,-0.223991
-0.10776889,-0.223991
-0.10756889,-0.191993
-0.10736889,-0.223991
-0.10716889,-0.223991
-0.10696889,-0.223991
-0.10676889,-0.25599
-0.10656889,-0.223991
-0.10636889,-0.25599
-0.10616889,-0.25599
-0.10596889,-0.223991
-0.10576889,-0.223991
-0.10556889,-0.223991
-0.10536889,-0.191993
-0.10516889,-0.223991
-0.10496889,-0.287989
-0.10476889,-0.25599
-0.10456889,-0.191993
-0.10436889,-0.191993
-0.10416889,-0.25599
-0.10396889,-0.223991
-0.10376889,-0.25599
-0.10356889,-0.223991
-0.10336889,-0.25599
-0.10316889,-0.223991
-0.10296889,-0.25599
-0.10276889,-0.25599
-0.10256889,-0.25599
-0.10236889,-0.25599
-0.10216889,-0.223991
-0.10196889,-0.25599
-0.10176889,-0.25599
-0.10156889,-0.223991
-0.10136889,-0.223991
-0.10116889,-0.25599
-0.10096889,-0.223991
-0.10076889,-0.25599
-0.10056889,-0.191993
-0.10036889,-0.223991
-0.10016889,-0.223991
-0.099968892,-0.191993
-0.099768892,-0.223991
-0.099568892,-0.25599
-0.099368892,-0.25599
-0.099168892,-0.223991
-0.098968892,-0.223991
-0.098768892,-0.223991
-0.098568892,-0.191993
-0.098368892,-0.25599
-0.098168892,-0.223991
-0.097968892,-0.223991
-0.097768892,-0.223991
-0.097568892,-0.223991
-0.097368892,-0.191993
-0.097168892,-0.223991
-0.096968892,-0.223991
-0.096768892,-0.159994
-0.096568892,-0.191993
-0.096368892,-0.191993
-0.096168892,-0.223991
-0.095968892,-0.223991
-0.095768892,-0.25599
-0.095568892,-0.223991
-0.095368892,-0.223991
-0.095168892,-0.25599
-0.094968892,-0.223991
-0.094768892,-0.191993
-0.094568892,-0.223991
-0.094368892,-0.191993
-0.094168892,-0.223991
-0.093968892,-0.191993
-0.093768892,-0.191993
-0.093568892,-0.223991
-0.093368892,-0.223991
-0.093168892,-0.223991
-0.092968892,-0.25599
-0.092768892,-0.25599
-0.092568892,-0.191993
-0.092368892,-0.25599
-0.092168892,-0.25599
-0.091968892,-0.191993
-0.091768892,-0.191993
-0.091568892,-0.191993
-0.091368892,-0.159994
-0.091168892,-0.25599
-0.090968892,-0.25599
-0.090768892,-0.223991
-0.090568892,-0.191993
-0.090368892,-0.25599
-0.090168892,-0.191993
-0.089968892,-0.223991
-0.089768892,-0.159994
-0.089568892,-0.223991
-0.089368892,-0.191993
-0.089168892,-0.159994
-0.088968892,-0.25599
-0.088768892,-0.191993
-0.088568892,-0.191993
-0.088368892,-0.191993
-0.088168892,-0.223991
-0.087968892,-0.159994
-0.087768892,-0.159994
-0.087568892,-0.191993
-0.087368892,-0.159994
-0.087168892,-0.191993
-0.086968892,-0.191993
-0.086768892,-0.191993
-0.086568892,-0.159994
-0.086368892,-0.223991
-0.086168892,-0.159994
-0.085968892,-0.159994
-0.085768892,-0.191993
-0.085568892,-0.223991
-0.085368892,-0.159994
-0.085168892,-0.159994
-0.084968892,-0.159994
-0.084768892,-0.159994
-0.084568892,-0.223991
-0.084368892,-0.191993
-0.084168892,-0.159994
-0.083968892,-0.159994
-0.083768892,-0.191993
-0.083568892,-0.127995
-0.083368892,-0.191993
-0.083168892,-0.191993
-0.082968892,-0.159994
-0.082768892,-0.191993
-0.082568892,-0.159994
-0.082368892,-0.127995
-0.082168892,-0.223991
-0.081968892,-0.159994
-0.081768892,-0.159994
-0.081568892,-0.223991
-0.081368892,-0.191993
-0.081168892,-0.191993
-0.080968892,-0.191993
-0.080768892,-0.159994
-0.080568892,-0.159994
-0.080368892,-0.223991
-0.080168892,-0.191993
-0.079968892,-0.159994
-0.079768892,-0.191993
-0.079568892,-0.223991
-0.079368892,-0.159994
-0.079168892,-0.223991
-0.078968892,-0.191993
-0.078768892,-0.191993
-0.078568892,-0.223991
-0.078368892,-0.191993
-0.078168892,-0.127995
-0.077968892,-0.191993
-0.077768892,-0.223991
-0.077568892,-0.191993
-0.077368892,-0.223991
-0.077168892,-0.223991
-0.076968892,-0.159994
-0.076768892,-0.223991
-0.076568892,-0.191993
-0.076368892,-0.159994
-0.076168892,-0.159994
-0.075968892,-0.191993
-0.075768892,-0.191993
-0.075568892,-0.223991
-0.075368892,-0.159994
-0.075168892,-0.191993
-0.074968892,-0.159994
-0.074768892,-0.191993
-0.074568892,-0.191993
-0.074368892,-0.159994
-0.074168892,-0.159994
-0.073968892,-0.159994
-0.073768892,-0.191993
-0.073568892,-0.159994
-0.073368892,-0.159994
-0.073168892,-0.223991
-0.072968892,-0.191993
-0.072768892,-0.159994
-0.072568892,-0.191993
-0.072368892,-0.191993
-0.072168892,-0.127995
-0.071968892,-0.159994
-0.071768892,-0.223991
-0.071568892,-0.191993
-0.071368892,-0.191993
-0.071168892,-0.159994
-0.070968892,-0.159994
-0.070768892,-0.191993
-0.070568892,-0.159994
-0.070368892,-0.191993
-0.070168892,-0.191993
-0.069968892,-0.191993
-0.069768892,-0.159994
-0.069568892,-0.191993
-0.069368892,-0.223991
-0.069168892,-0.191993
-0.068968892,-0.191993
-0.068768892,-0.191993
-0.068568892,-0.191993
-0.068368892,-0.223991
-0.068168892,-0.191993
-0.067968892,-0.191993
-0.067768892,-0.223991
-0.067568892,-0.223991
-0.067368892,-0.191993
-0.067168892,-0.191993
-0.066968892,-0.191993
-0.066768892,-0.223991
-0.066568892,-0.223991
-0.066368892,-0.159994
-0.066168892,-0.191993
-0.065968892,-0.159994
-0.065768892,-0.223991
-0.065568892,-0.191993
-0.065368892,-0.223991
-0.065168892,-0.191993
-0.064968892,-0.191993
-0.064768892,-0.25599
-0.064568892,-0.191993
-0.064368892,-0.159994
-0.064168892,-0.191993
-0.063968892,-0.191993
-0.063768892,-0.191993
-0.063568892,-0.191993
-0.063368892,-0.223991
-0.063168892,-0.191993
-0.062968892,-0.223991
-0.062768892,-0.223991
-0.062568892,-0.223991
-0.062368892,-0.191993
-0.062168892,-0.25599
-0.061968892,-0.159994
-0.061768892,-0.191993
-0.061568892,-0.159994
-0.061368892,-0.191993
-0.061168892,-0.191993
-0.060968892,-0.191993
-0.060768892,-0.191993
-0.060568892,-0.191993
-0.060368892,-0.159994
-0.060168892,-0.191993
-0.059968892,-0.159994
-0.059768892,-0.223991
-0.059568892,-0.159994
-0.059368892,-0.223991
-0.059168892,-0.191993
-0.058968892,-0.127995
-0.058768892,-0.159994
-0.058568892,-0.191993
-0.058368892,-0.159994
-0.058168892,-0.191993
-0.057968892,-0.159994
-0.057768892,-0.159994
-0.057568892,-0.223991
-0.057368892,-0.191993
-0.057168892,-0.159994
-0.056968892,-0.159994
-0.056768892,-0.159994
-0.056568892,-0.127995
-0.056368892,-0.191993
-0.056168892,-0.223991
-0.055968892,-0.159994
-0.055768892,-0.191993
-0.055568892,-0.191993
-0.055368892,-0.191993
-0.055168892,-0.191993
-0.054968892,-0.159994
-0.054768892,-0.127995
-0.054568892,-0.159994
-0.054368892,-0.191993
-0.054168892,-0.191993
-0.053968892,-0.159994
-0.053768892,-0.191993
-0.053568892,-0.159994
-0.053368892,-0.191993
-0.053168892,-0.191993
-0.052968892,-0.159994
-0.052768892,-0.191993
-0.052568892,-0.191993
-0.052368892,-0.191993
-0.052168892,-0.25599
-0.051968892,-0.159994
-0.051768892,-0.159994
-0.051568892,-0.223991
-0.051368892,-0.159994
-0.051168892,-0.191993
-0.050968892,-0.191993
-0.050768892,-0.25599
-0.050568892,-0.159994
-0.050368892,-0.191993
-0.050168892,-0.159994
-0.049968892,-0.159994
-0.049768892,-0.159994
-0.049568892,-0.191993
-0.049368892,-0.159994
-0.049168892,-0.191993
-0.048968892,-0.223991
-0.048768892,-0.127995
-0.048568892,-0.191993
-0.048368892,-0.191993
-0.048168892,-0.159994
-0.047968892,-0.191993
-0.047768892,-0.159994
-0.047568892,-0.191993
-0.047368892,-0.223991
-0.047168892,-0.159994
-0.046968892,-0.159994
-0.046768892,-0.223991
-0.046568892,-0.223991
-0.046368892,-0.127995
-0.046168892,-0.191993
-0.045968892,-0.191993
-0.045768892,-0.159994
-0.045568892,-0.223991
-0.045368892,-0.191993
-0.045168892,-0.159994
-0.044968892,-0.159994
-0.044768892,-0.159994
-0.044568892,-0.191993
-0.044368892,-0.159994
-0.044168892,-0.191993
-0.043968892,-0.191993
-0.043768892,-0.223991
-0.043568892,-0.191993
-0.043368892,-0.191993
-0.043168892,-0.191993
-0.042968892,-0.191993
-0.042768892,-0.159994
-0.042568892,-0.191993
-0.042368892,-0.191993
-0.042168892,-0.191993
-0.041968892,-0.223991
-0.041768892,-0.223991
-0.041568892,-0.159994
-0.041368892,-0.159994
-0.041168892,-0.191993
-0.040968892,-0.127995
-0.040768892,-0.159994
-0.040568892,-0.159994
-0.040368892,-0.159994
-0.040168892,-0.127995
-0.039968892,-0.159994
-0.039768892,-0.159994
-0.039568892,-0.159994
-0.039368892,-0.223991
-0.039168892,-0.159994
-0.038968892,-0.159994
-0.038768892,-0.191993
-0.038568892,-0.159994
-0.038368892,-0.191993
-0.038168892,-0.191993
-0.037968892,-0.191993
-0.037768892,-0.159994
-0.037568892,-0.191993
-0.037368892,-0.127995
-0.037168892,-0.191993
-0.036968892,-0.127995
-0.036768892,-0.159994
-0.036568892,-0.159994
-0.036368892,-0.127995
-0.036168892,-0.159994
-0.035968892,-0.191993
-0.035768892,-0.127995
-0.035568892,-0.0959963
-0.035368892,-0.127995
-0.035168892,-0.127995
-0.034968892,-0.127995
-0.034768892,-0.159994
-0.034568892,-0.159994
-0.034368892,-0.127995
-0.034168892,-0.159994
-0.033968892,-0.159994
-0.033768892,-0.159994
-0.033568892,-0.159994
-0.033368892,-0.159994
-0.033168892,-0.127995
-0.032968892,-0.159994
-0.032768892,-0.127995
-0.032568892,-0.159994
-0.032368892,-0.159994
-0.032168892,-0.127995
-0.031968892,-0.127995
-0.031768892,-0.159994
-0.031568892,-0.127995
-0.031368892,-0.127995
-0.031168892,-0.159994
-0.030968892,-0.159994
-0.030768892,-0.127995
-0.030568892,-0.159994
-0.030368892,-0.0959963
-0.030168892,-0.159994
-0.029968892,-0.159994
-0.029768892,-0.159994
-0.029568892,-0.159994
-0.029368892,-0.159994
-0.029168892,-0.127995
-0.028968892,-0.127995
-0.028768892,-0.159994
-0.028568892,-0.127995
-0.028368892,-0.159994
-0.028168892,-0.127995
-0.027968892,-0.0959963
-0.027768892,-0.0959963
-0.027568892,-0.159994
-0.027368892,-0.127995
-0.027168892,-0.127995
-0.026968892,-0.159994
-0.026768892,-0.127995
-0.026568892,-0.127995
-0.026368892,-0.159994
-0.026168892,-0.127995
-0.025968892,-0.127995
-0.025768892,-0.191993
-0.025568892,-0.127995
-0.025368892,-0.127995
-0.025168892,-0.159994
-0.024968892,-0.191993
-0.024768892,-0.127995
-0.024568892,-0.159994
-0.024368892,-0.127995
-0.024168892,-0.127995
-0.023968892,-0.159994
-0.023768892,-0.0959963
-0.023568892,-0.0959963
-0.023368892,-0.159994
-0.023168892,-0.127995
-0.022968892,-0.127995
-0.022768892,-0.223991
-0.022568892,-0.159994
-0.022368892,-0.0959963
-0.022168892,-0.127995
-0.021968892,-0.127995
-0.021768892,-0.127995
-0.021568892,-0.159994
-0.021368892,-0.127995
-0.021168892,-0.0959963
-0.020968892,-0.127995
-0.020768892,-0.127995
-0.020568892,-0.159994
-0.020368892,-0.159994
-0.020168892,-0.127995
-0.019968892,-0.127995
-0.019768892,-0.159994
-0.019568892,-0.159994
-0.019368892,-0.159994
-0.019168892,-0.159994
-0.018968892,-0.159994
-0.018768892,-0.159994
-0.018568892,-0.159994
-0.018368892,-0.127995
-0.018168892,-0.127995
-0.017968892,-0.127995
-0.017768892,-0.159994
-0.017568892,-0.159994
-0.017368892,-0.159994
-0.017168892,-0.159994
-0.016968892,-0.159994
-0.016768892,-0.159994
-0.016568892,-0.191993
-0.016368892,-0.127995
-0.016168892,-0.159994
-0.015968892,-0.159994
-0.015768892,-0.191993
-0.015568892,-0.159994
-0.015368892,-0.127995
-0.015168892,-0.159994
-0.014968892,-0.127995
-0.014768892,-0.159994
-0.014568892,-0.159994
-0.014368892,-0.159994
-0.014168892,-0.159994
-0.013968892,-0.0959963
-0.013768892,-0.191993
-0.013568892,-0.159994
-0.013368892,-0.159994
-0.013168892,-0.223991
-0.012968892,-0.191993
-0.012768892,-0.159994
-0.012568892,-0.191993
-0.012368892,-0.127995
-0.012168892,-0.191993
-0.011968892,-0.223991
-0.011768892,-0.191993
-0.011568892,-0.191993
-0.011368892,-0.159994
-0.011168892,-0.159994
-0.010968892,-0.159994
-0.010768892,-0.191993
-0.010568892,-0.191993
-0.010368892,-0.191993
-0.010168892,-0.191993
-0.0099688925,-0.159994
-0.0097688925,-0.127995
-0.0095688925,-0.223991
-0.0093688925,-0.159994
-0.0091688925,-0.191993
-0.0089688925,-0.191993
-0.0087688925,-0.191993
-0.0085688925,-0.159994
-0.0083688925,-0.223991
-0.0081688925,-0.191993
-0.0079688925,-0.159994
-0.0077688925,-0.223991
-0.0075688925,-0.25599
-0.0073688925,-0.159994
-0.0071688925,-0.159994
-0.0069688925,-0.223991
-0.0067688925,-0.191993
-0.0065688925,-0.223991
-0.0063688925,-0.191993
-0.0061688925,-0.159994
-0.0059688925,-0.223991
-0.0057688925,-0.223991
-0.0055688925,-0.191993
-0.0053688925,-0.191993
-0.0051688925,-0.25599
-0.0049688925,-0.159994
-0.0047688925,-0.191993
-0.0045688925,-0.25599
-0.0043688925,-0.223991
-0.0041688925,-0.223991
-0.0039688925,-0.223991
-0.0037688925,-0.191993
-0.0035688925,-0.191993
-0.0033688925,-0.223991
-0.0031688925,-0.191993
-0.0029688925,-0.25599
-0.0027688925,-0.223991
-0.0025688925,-0.191993
-0.0023688925,-0.191993
-0.0021688925,-0.191993
-0.0019688925,-0.191993
-0.0017688925,-0.25599
-0.0015688925,-0.25599
-0.0013688925,-0.191993
-0.0011688925,-0.223991
-0.0009688925,-0.191993
-0.0007688925,-0.191993
-0.0005688925,-0.25599
-0.0003688925,-0.223991
-0.0001688925,-0.223991
3.1107504e-005,-0.25599
