LECROYWS42Xs,24809,Waveform
Segments,1,SegmentSize,10002
Segment,TrigTime,TimeSinceSegment1
#1,18-Feb-2003 22:44:18,0                 
Time,Ampl
-2.0000759,-0.415984
-1.9998759,-0.447983
-1.9996759,-0.447983
-1.9994759,-0.447983
-1.9992759,-0.51198
-1.9990759,-0.447983
-1.9988759,-0.479982
-1.9986759,-0.479982
-1.9984759,-0.447983
-1.9982759,-0.447983
-1.9980759,-0.479982
-1.9978759,-0.543979
-1.9976759,-0.447983
-1.9974759,-0.479982
-1.9972759,-0.51198
-1.9970759,-0.479982
-1.9968759,-0.51198
-1.9966759,-0.479982
-1.9964759,-0.479982
-1.9962759,-0.479982
-1.9960759,-0.51198
-1.9958759,-0.447983
-1.9956759,-0.479982
-1.9954759,-0.447983
-1.9952759,-0.447983
-1.9950759,-0.479982
-1.9948759,-0.479982
-1.9946759,-0.447983
-1.9944759,-0.479982
-1.9942759,-0.447983
-1.9940759,-0.415984
-1.9938759,-0.51198
-1.9936759,-0.479982
-1.9934759,-0.479982
-1.9932759,-0.479982
-1.9930759,-0.447983
-1.9928759,-0.447983
-1.9926759,-0.447983
-1.9924759,-0.447983
-1.9922759,-0.447983
-1.9920759,-0.479982
-1.9918759,-0.479982
-1.9916759,-0.415984
-1.9914759,-0.479982
-1.9912759,-0.415984
-1.9910759,-0.383985
-1.9908759,-0.447983
-1.9906759,-0.447983
-1.9904759,-0.415984
-1.9902759,-0.447983
-1.9900759,-0.415984
-1.9898759,-0.415984
-1.9896759,-0.479982
-1.9894759,-0.415984
-1.9892759,-0.415984
-1.9890759,-0.447983
-1.9888759,-0.415984
-1.9886759,-0.415984
-1.9884759,-0.447983
-1.9882759,-0.415984
-1.9880759,-0.383985
-1.9878759,-0.447983
-1.9876759,-0.447983
-1.9874759,-0.447983
-1.9872759,-0.447983
-1.9870759,-0.447983
-1.9868759,-0.383985
-1.9866759,-0.447983
-1.9864759,-0.415984
-1.9862759,-0.415984
-1.9860759,-0.415984
-1.9858759,-0.447983
-1.9856759,-0.415984
-1.9854759,-0.415984
-1.9852759,-0.415984
-1.9850759,-0.415984
-1.9848759,-0.415984
-1.9846759,-0.383985
-1.9844759,-0.383985
-1.9842759,-0.447983
-1.9840759,-0.383985
-1.9838759,-0.415984
-1.9836759,-0.447983
-1.9834759,-0.415984
-1.9832759,-0.383985
-1.9830759,-0.447983
-1.9828759,-0.383985
-1.9826759,-0.383985
-1.9824759,-0.447983
-1.9822759,-0.383985
-1.9820759,-0.383985
-1.9818759,-0.447983
-1.9816759,-0.415984
-1.9814759,-0.351986
-1.9812759,-0.415984
-1.9810759,-0.415984
-1.9808759,-0.415984
-1.9806759,-0.383985
-1.9804759,-0.383985
-1.9802759,-0.383985
-1.9800759,-0.351986
-1.9798759,-0.383985
-1.9796759,-0.351986
-1.9794759,-0.351986
-1.9792759,-0.415984
-1.9790759,-0.383985
-1.9788759,-0.415984
-1.9786759,-0.383985
-1.9784759,-0.319988
-1.9782759,-0.383985
-1.9780759,-0.383985
-1.9778759,-0.351986
-1.9776759,-0.319988
-1.9774759,-0.319988
-1.9772759,-0.351986
-1.9770759,-0.415984
-1.9768759,-0.383985
-1.9766759,-0.351986
-1.9764759,-0.383985
-1.9762759,-0.351986
-1.9760759,-0.351986
-1.9758759,-0.383985
-1.9756759,-0.383985
-1.9754759,-0.351986
-1.9752759,-0.383985
-1.9750759,-0.383985
-1.9748759,-0.351986
-1.9746759,-0.351986
-1.9744759,-0.383985
-1.9742759,-0.319988
-1.9740759,-0.383985
-1.9738759,-0.351986
-1.9736759,-0.319988
-1.9734759,-0.415984
-1.9732759,-0.383985
-1.9730759,-0.319988
-1.9728759,-0.351986
-1.9726759,-0.351986
-1.9724759,-0.351986
-1.9722759,-0.383985
-1.9720759,-0.319988
-1.9718759,-0.319988
-1.9716759,-0.351986
-1.9714759,-0.351986
-1.9712759,-0.351986
-1.9710759,-0.351986
-1.9708759,-0.319988
-1.9706759,-0.287989
-1.9704759,-0.287989
-1.9702759,-0.287989
-1.9700759,-0.319988
-1.9698759,-0.351986
-1.9696759,-0.287989
-1.9694759,-0.319988
-1.9692759,-0.287989
-1.9690759,-0.319988
-1.9688759,-0.287989
-1.9686759,-0.25599
-1.9684759,-0.319988
-1.9682759,-0.287989
-1.9680759,-0.287989
-1.9678759,-0.287989
-1.9676759,-0.25599
-1.9674759,-0.25599
-1.9672759,-0.25599
-1.9670759,-0.25599
-1.9668759,-0.25599
-1.9666759,-0.319988
-1.9664759,-0.25599
-1.9662759,-0.25599
-1.9660759,-0.287989
-1.9658759,-0.25599
-1.9656759,-0.25599
-1.9654759,-0.25599
-1.9652759,-0.25599
-1.9650759,-0.25599
-1.9648759,-0.25599
-1.9646759,-0.223991
-1.9644759,-0.223991
-1.9642759,-0.25599
-1.9640759,-0.25599
-1.9638759,-0.25599
-1.9636759,-0.287989
-1.9634759,-0.287989
-1.9632759,-0.25599
-1.9630759,-0.223991
-1.9628759,-0.223991
-1.9626759,-0.223991
-1.9624759,-0.223991
-1.9622759,-0.223991
-1.9620759,-0.223991
-1.9618759,-0.223991
-1.9616759,-0.25599
-1.9614759,-0.223991
-1.9612759,-0.25599
-1.9610759,-0.223991
-1.9608759,-0.191993
-1.9606759,-0.191993
-1.9604759,-0.191993
-1.9602759,-0.223991
-1.9600759,-0.191993
-1.9598759,-0.223991
-1.9596759,-0.223991
-1.9594759,-0.223991
-1.9592759,-0.223991
-1.9590759,-0.223991
-1.9588759,-0.191993
-1.9586759,-0.223991
-1.9584759,-0.223991
-1.9582759,-0.223991
-1.9580759,-0.25599
-1.9578759,-0.191993
-1.9576759,-0.191993
-1.9574759,-0.223991
-1.9572759,-0.159994
-1.9570759,-0.159994
-1.9568759,-0.159994
-1.9566759,-0.191993
-1.9564759,-0.159994
-1.9562759,-0.223991
-1.9560759,-0.159994
-1.9558759,-0.159994
-1.9556759,-0.25599
-1.9554759,-0.191993
-1.9552759,-0.159994
-1.9550759,-0.159994
-1.9548759,-0.191993
-1.9546759,-0.127995
-1.9544759,-0.191993
-1.9542759,-0.159994
-1.9540759,-0.159994
-1.9538759,-0.191993
-1.9536759,-0.159994
-1.9534759,-0.159994
-1.9532759,-0.223991
-1.9530759,-0.191993
-1.9528759,-0.127995
-1.9526759,-0.159994
-1.9524759,-0.0959963
-1.9522759,-0.159994
-1.9520759,-0.127995
-1.9518759,-0.127995
-1.9516759,-0.127995
-1.9514759,-0.127995
-1.9512759,-0.0959963
-1.9510759,-0.127995
-1.9508759,-0.127995
-1.9506759,-0.127995
-1.9504759,-0.127995
-1.9502759,-0.159994
-1.9500759,-0.127995
-1.9498759,-0.127995
-1.9496759,-0.127995
-1.9494759,-0.191993
-1.9492759,-0.127995
-1.9490759,-0.127995
-1.9488759,-0.159994
-1.9486759,-0.127995
-1.9484759,-0.127995
-1.9482759,-0.0959963
-1.9480759,-0.0959963
-1.9478759,-0.159994
-1.9476759,-0.0959963
-1.9474759,-0.0959963
-1.9472759,-0.127995
-1.9470759,-0.0639975
-1.9468759,-0.0959963
-1.9466759,-0.127995
-1.9464759,-0.127995
-1.9462759,-0.0639975
-1.9460759,-0.159994
-1.9458759,-0.0639975
-1.9456759,-0.0959963
-1.9454759,-0.127995
-1.9452759,-0.0959963
-1.9450759,-0.0959963
-1.9448759,-0.0959963
-1.9446759,-0.0959963
-1.9444759,-0.0959963
-1.9442759,-0.0959963
-1.9440759,-0.0639975
-1.9438759,-0.0959963
-1.9436759,-0.127995
-1.9434759,-0.0639975
-1.9432759,-0.0959963
-1.9430759,-0.127995
-1.9428759,-0.0639975
-1.9426759,-0.0639975
-1.9424759,-0.0959963
-1.9422759,-0.0959963
-1.9420759,-0.0639975
-1.9418759,-0.0959963
-1.9416759,-0.0639975
-1.9414759,-0.0639975
-1.9412759,-0.0959963
-1.9410759,-0.0959963
-1.9408759,-0.0639975
-1.9406759,-0.0959963
-1.9404759,-0.0959963
-1.9402759,-0.0959963
-1.9400759,-0.0639975
-1.9398759,-0.0639975
-1.9396759,-0.0959963
-1.9394759,-0.0959963
-1.9392759,-0.0959963
-1.9390759,-0.0959963
-1.9388759,-0.127995
-1.9386759,-0.127995
-1.9384759,-0.0959963
-1.9382759,-0.0959963
-1.9380759,-0.0959963
-1.9378759,-0.0639975
-1.9376759,-0.0959963
-1.9374759,-0.0959963
-1.9372759,-0.0319988
-1.9370759,-0.0959963
-1.9368759,-0.0319988
-1.9366759,-0.0959963
-1.9364759,-0.0639975
-1.9362759,-0.0639975
-1.9360759,-0.0639975
-1.9358759,-0.0959963
-1.9356759,-0.127995
-1.9354759,-0.0639975
-1.9352759,-0.0639975
-1.9350759,-0.0639975
-1.9348759,-0.0319988
-1.9346759,-0.0639975
-1.9344759,-0.0959963
-1.9342759,-0.0319988
-1.9340759,-0.0639975
-1.9338759,-0.0639975
-1.9336759,0
-1.9334759,-0.0639975
-1.9332759,-0.0639975
-1.9330759,-0.0319988
-1.9328759,-0.0319988
-1.9326759,-0.0639975
-1.9324759,-0.0639975
-1.9322759,-0.0319988
-1.9320759,0
-1.9318759,-0.0639975
-1.9316759,-0.0959963
-1.9314759,-0.0319988
-1.9312759,-0.0319988
-1.9310759,-0.0959963
-1.9308759,-0.0319988
-1.9306759,-0.0639975
-1.9304759,-0.0959963
-1.9302759,-0.0319988
-1.9300759,-0.0639975
-1.9298759,-0.0639975
-1.9296759,-0.0639975
-1.9294759,-0.0319988
-1.9292759,-0.0639975
-1.9290759,0
-1.9288759,-0.0319988
-1.9286759,-0.0639975
-1.9284759,-0.0319988
-1.9282759,0
-1.9280759,-0.0639975
-1.9278759,-0.0959963
-1.9276759,-0.0319988
-1.9274759,-0.0639975
-1.9272759,0
-1.9270759,-0.0319988
-1.9268759,-0.0639975
-1.9266759,-0.0639975
-1.9264759,0.0319988
-1.9262759,-0.0639975
-1.9260759,-0.0639975
-1.9258759,-0.0639975
-1.9256759,-0.0319988
-1.9254759,-0.0639975
-1.9252759,-0.0319988
-1.9250759,-0.0639975
-1.9248759,-0.0639975
-1.9246759,0
-1.9244759,-0.0959963
-1.9242759,-0.0319988
-1.9240759,-0.0639975
-1.9238759,-0.0639975
-1.9236759,-0.0319988
-1.9234759,-0.0639975
-1.9232759,0
-1.9230759,-0.0319988
-1.9228759,0
-1.9226759,-0.0639975
-1.9224759,-0.0639975
-1.9222759,-0.0639975
-1.9220759,-0.0319988
-1.9218759,-0.0319988
-1.9216759,-0.0319988
-1.9214759,-0.0319988
-1.9212759,-0.0319988
-1.9210759,-0.0639975
-1.9208759,-0.0639975
-1.9206759,-0.0319988
-1.9204759,0
-1.9202759,-0.0639975
-1.9200759,0
-1.9198759,-0.0319988
-1.9196759,-0.0639975
-1.9194759,0
-1.9192759,-0.0319988
-1.9190759,-0.0639975
-1.9188759,0
-1.9186759,-0.0319988
-1.9184759,-0.0639975
-1.9182759,0
-1.9180759,0
-1.9178759,-0.0639975
-1.9176759,0
-1.9174759,-0.0639975
-1.9172759,-0.0319988
-1.9170759,-0.0319988
-1.9168759,0
-1.9166759,-0.0639975
-1.9164759,-0.0319988
-1.9162759,-0.0319988
-1.9160759,-0.0639975
-1.9158759,-0.0639975
-1.9156759,-0.0639975
-1.9154759,-0.0319988
-1.9152759,-0.0319988
-1.9150759,-0.0639975
-1.9148759,-0.0959963
-1.9146759,-0.0639975
-1.9144759,-0.0319988
-1.9142759,-0.0639975
-1.9140759,-0.0319988
-1.9138759,-0.0639975
-1.9136759,-0.0639975
-1.9134759,-0.0639975
-1.9132759,-0.0319988
-1.9130759,0
-1.9128759,0
-1.9126759,-0.0319988
-1.9124759,-0.0639975
-1.9122759,-0.0319988
-1.9120759,-0.0959963
-1.9118759,-0.0639975
-1.9116759,-0.0639975
-1.9114759,-0.0639975
-1.9112759,-0.0959963
-1.9110759,-0.0639975
-1.9108759,-0.0639975
-1.9106759,-0.0959963
-1.9104759,-0.0639975
-1.9102759,-0.0639975
-1.9100759,-0.0639975
-1.9098759,-0.0639975
-1.9096759,-0.0639975
-1.9094759,-0.0959963
-1.9092759,-0.0319988
-1.9090759,-0.0959963
-1.9088759,-0.0959963
-1.9086759,-0.0639975
-1.9084759,-0.0639975
-1.9082759,-0.0639975
-1.9080759,-0.0319988
-1.9078759,-0.0319988
-1.9076759,-0.0639975
-1.9074759,-0.0319988
-1.9072759,-0.0959963
-1.9070759,-0.0959963
-1.9068759,-0.0959963
-1.9066759,-0.0319988
-1.9064759,-0.0959963
-1.9062759,0
-1.9060759,-0.0639975
-1.9058759,-0.0959963
-1.9056759,-0.0639975
-1.9054759,-0.0639975
-1.9052759,-0.0639975
-1.9050759,-0.0639975
-1.9048759,0
-1.9046759,-0.0639975
-1.9044759,0
-1.9042759,-0.0639975
-1.9040759,-0.0639975
-1.9038759,-0.0639975
-1.9036759,-0.0639975
-1.9034759,-0.0959963
-1.9032759,-0.0639975
-1.9030759,-0.0319988
-1.9028759,-0.0639975
-1.9026759,-0.0319988
-1.9024759,-0.0959963
-1.9022759,-0.0959963
-1.9020759,-0.0639975
-1.9018759,-0.0639975
-1.9016759,-0.0959963
-1.9014759,-0.0319988
-1.9012759,-0.0319988
-1.9010759,-0.127995
-1.9008759,-0.0319988
-1.9006759,-0.0319988
-1.9004759,-0.0959963
-1.9002759,-0.0959963
-1.9000759,-0.0319988
-1.8998759,-0.0959963
-1.8996759,-0.0639975
-1.8994759,-0.0959963
-1.8992759,-0.0959963
-1.8990759,-0.0639975
-1.8988759,-0.0319988
-1.8986759,-0.0959963
-1.8984759,-0.0639975
-1.8982759,-0.0319988
-1.8980759,-0.0639975
-1.8978759,-0.0959963
-1.8976759,-0.0639975
-1.8974759,-0.0959963
-1.8972759,-0.0639975
-1.8970759,-0.0959963
-1.8968759,-0.0319988
-1.8966759,-0.0639975
-1.8964759,-0.0639975
-1.8962759,-0.0959963
-1.8960759,-0.0639975
-1.8958759,-0.0639975
-1.8956759,-0.0319988
-1.8954759,-0.0319988
-1.8952759,-0.0639975
-1.8950759,-0.0639975
-1.8948759,-0.0639975
-1.8946759,0
-1.8944759,-0.0639975
-1.8942759,-0.0319988
-1.8940759,-0.0319988
-1.8938759,-0.0319988
-1.8936759,-0.0959963
-1.8934759,-0.0319988
-1.8932759,-0.0319988
-1.8930759,-0.0639975
-1.8928759,0
-1.8926759,-0.0639975
-1.8924759,-0.0639975
-1.8922759,-0.0639975
-1.8920759,-0.0639975
-1.8918759,0
-1.8916759,-0.0319988
-1.8914759,-0.0639975
-1.8912759,-0.0319988
-1.8910759,-0.0319988
-1.8908759,-0.0319988
-1.8906759,-0.0319988
-1.8904759,-0.0319988
-1.8902759,-0.0319988
-1.8900759,-0.0319988
-1.8898759,-0.0319988
-1.8896759,-0.0639975
-1.8894759,0
-1.8892759,-0.0319988
-1.8890759,-0.0639975
-1.8888759,-0.0319988
-1.8886759,0
-1.8884759,-0.0959963
-1.8882759,-0.0319988
-1.8880759,0
-1.8878759,-0.0639975
-1.8876759,-0.0319988
-1.8874759,-0.0319988
-1.8872759,-0.0639975
-1.8870759,-0.0319988
-1.8868759,-0.0639975
-1.8866759,-0.0639975
-1.8864759,-0.0319988
-1.8862759,-0.0319988
-1.8860759,-0.0639975
-1.8858759,-0.0319988
-1.8856759,0
-1.8854759,-0.0959963
-1.8852759,-0.0319988
-1.8850759,-0.0639975
-1.8848759,-0.0639975
-1.8846759,-0.0319988
-1.8844759,-0.0639975
-1.8842759,-0.0959963
-1.8840759,-0.0319988
-1.8838759,-0.0319988
-1.8836759,-0.0639975
-1.8834759,-0.0639975
-1.8832759,-0.0319988
-1.8830759,-0.0639975
-1.8828759,-0.0639975
-1.8826759,-0.0319988
-1.8824759,-0.0319988
-1.8822759,0
-1.8820759,-0.0319988
-1.8818759,-0.0319988
-1.8816759,-0.0319988
-1.8814759,-0.0639975
-1.8812759,-0.0639975
-1.8810759,0
-1.8808759,-0.0319988
-1.8806759,-0.0319988
-1.8804759,-0.0639975
-1.8802759,-0.0319988
-1.8800759,-0.0319988
-1.8798759,-0.0319988
-1.8796759,-0.0319988
-1.8794759,-0.0319988
-1.8792759,-0.0639975
-1.8790759,-0.0319988
-1.8788759,-0.0639975
-1.8786759,-0.0639975
-1.8784759,-0.0319988
-1.8782759,-0.0319988
-1.8780759,0
-1.8778759,-0.0319988
-1.8776759,-0.0639975
-1.8774759,-0.0639975
-1.8772759,-0.0319988
-1.8770759,-0.0639975
-1.8768759,-0.0319988
-1.8766759,-0.0319988
-1.8764759,-0.0959963
-1.8762759,-0.0639975
-1.8760759,-0.0319988
-1.8758759,-0.0319988
-1.8756759,-0.0319988
-1.8754759,0
-1.8752759,-0.0639975
-1.8750759,-0.0639975
-1.8748759,-0.0319988
-1.8746759,-0.0319988
-1.8744759,-0.0319988
-1.8742759,0
-1.8740759,-0.0319988
-1.8738759,-0.0639975
-1.8736759,-0.0319988
-1.8734759,-0.0639975
-1.8732759,-0.0639975
-1.8730759,-0.0319988
-1.8728759,-0.0639975
-1.8726759,-0.0319988
-1.8724759,-0.0319988
-1.8722759,-0.0639975
-1.8720759,-0.0639975
-1.8718759,-0.0319988
-1.8716759,-0.0639975
-1.8714759,-0.0319988
-1.8712759,-0.0639975
-1.8710759,-0.0639975
-1.8708759,-0.0319988
-1.8706759,-0.0319988
-1.8704759,-0.0319988
-1.8702759,0
-1.8700759,0
-1.8698759,-0.0959963
-1.8696759,-0.0319988
-1.8694759,-0.0639975
-1.8692759,-0.0639975
-1.8690759,-0.0319988
-1.8688759,-0.0319988
-1.8686759,-0.0959963
-1.8684759,-0.0639975
-1.8682759,0
-1.8680759,-0.0639975
-1.8678759,-0.0319988
-1.8676759,-0.0639975
-1.8674759,-0.0959963
-1.8672759,0
-1.8670759,0
-1.8668759,-0.0639975
-1.8666759,-0.0639975
-1.8664759,0
-1.8662759,-0.0639975
-1.8660759,-0.0319988
-1.8658759,-0.0639975
-1.8656759,-0.0639975
-1.8654759,-0.0319988
-1.8652759,0
-1.8650759,-0.0639975
-1.8648759,0
-1.8646759,0
-1.8644759,-0.0319988
-1.8642759,0
-1.8640759,-0.0319988
-1.8638759,-0.0639975
-1.8636759,-0.0639975
-1.8634759,0
-1.8632759,-0.0319988
-1.8630759,0
-1.8628759,0.0319988
-1.8626759,-0.0319988
-1.8624759,0
-1.8622759,-0.0319988
-1.8620759,-0.0639975
-1.8618759,0
-1.8616759,-0.0319988
-1.8614759,-0.0319988
-1.8612759,-0.0319988
-1.8610759,0
-1.8608759,0
-1.8606759,0.0319988
-1.8604759,0.0319988
-1.8602759,0
-1.8600759,-0.0319988
-1.8598759,0.0319988
-1.8596759,0
-1.8594759,0
-1.8592759,0
-1.8590759,0.0319988
-1.8588759,0
-1.8586759,0.0319988
-1.8584759,0
-1.8582759,0
-1.8580759,0
-1.8578759,-0.0319988
-1.8576759,0
-1.8574759,0.0639975
-1.8572759,0
-1.8570759,0.0319988
-1.8568759,0.0319988
-1.8566759,0
-1.8564759,0.0319988
-1.8562759,0.0319988
-1.8560759,0
-1.8558759,0.0319988
-1.8556759,0.0319988
-1.8554759,0
-1.8552759,0
-1.8550759,0.0319988
-1.8548759,0
-1.8546759,0.0319988
-1.8544759,0.0639975
-1.8542759,-0.0319988
-1.8540759,0
-1.8538759,0.0319988
-1.8536759,0
-1.8534759,0
-1.8532759,0.0639975
-1.8530759,-0.0319988
-1.8528759,0
-1.8526759,0.0639975
-1.8524759,0.0319988
-1.8522759,0.0639975
-1.8520759,0.0319988
-1.8518759,-0.0319988
-1.8516759,0
-1.8514759,-0.0319988
-1.8512759,-0.0319988
-1.8510759,0
-1.8508759,0
-1.8506759,0
-1.8504759,-0.0319988
-1.8502759,0.0319988
-1.8500759,-0.0319988
-1.8498759,0
-1.8496759,-0.0319988
-1.8494759,0.0319988
-1.8492759,0.0319988
-1.8490759,-0.0319988
-1.8488759,0
-1.8486759,0
-1.8484759,0.0319988
-1.8482759,-0.0319988
-1.8480759,-0.0319988
-1.8478759,0.0319988
-1.8476759,-0.0319988
-1.8474759,-0.0319988
-1.8472759,0.0319988
-1.8470759,-0.0319988
-1.8468759,0
-1.8466759,0.0639975
-1.8464759,-0.0319988
-1.8462759,-0.0319988
-1.8460759,0
-1.8458759,-0.0639975
-1.8456759,-0.0319988
-1.8454759,0
-1.8452759,0
-1.8450759,0
-1.8448759,0.0319988
-1.8446759,-0.0639975
-1.8444759,0
-1.8442759,-0.0319988
-1.8440759,-0.0639975
-1.8438759,0
-1.8436759,0.0319988
-1.8434759,-0.0319988
-1.8432759,0
-1.8430759,0.0319988
-1.8428759,0
-1.8426759,0
-1.8424759,-0.0319988
-1.8422759,-0.0639975
-1.8420759,-0.0319988
-1.8418759,0.0319988
-1.8416759,0
-1.8414759,-0.0319988
-1.8412759,0
-1.8410759,-0.0639975
-1.8408759,0
-1.8406759,-0.0319988
-1.8404759,-0.0639975
-1.8402759,-0.0319988
-1.8400759,-0.0319988
-1.8398759,-0.0639975
-1.8396759,-0.0319988
-1.8394759,0
-1.8392759,-0.0959963
-1.8390759,0
-1.8388759,-0.0319988
-1.8386759,-0.0639975
-1.8384759,-0.0319988
-1.8382759,0
-1.8380759,-0.0959963
-1.8378759,0
-1.8376759,-0.0959963
-1.8374759,-0.0639975
-1.8372759,-0.0319988
-1.8370759,-0.0319988
-1.8368759,-0.0639975
-1.8366759,-0.0319988
-1.8364759,-0.0639975
-1.8362759,-0.0959963
-1.8360759,-0.0319988
-1.8358759,-0.0319988
-1.8356759,-0.0639975
-1.8354759,-0.0639975
-1.8352759,-0.0639975
-1.8350759,-0.0639975
-1.8348759,-0.0639975
-1.8346759,-0.0639975
-1.8344759,-0.0319988
-1.8342759,-0.0639975
-1.8340759,-0.0639975
-1.8338759,-0.0639975
-1.8336759,-0.0639975
-1.8334759,-0.0319988
-1.8332759,-0.0639975
-1.8330759,-0.0319988
-1.8328759,0
-1.8326759,-0.0959963
-1.8324759,0
-1.8322759,-0.0639975
-1.8320759,-0.0639975
-1.8318759,-0.0639975
-1.8316759,-0.0319988
-1.8314759,-0.0639975
-1.8312759,-0.0639975
-1.8310759,-0.0639975
-1.8308759,-0.0639975
-1.8306759,-0.0319988
-1.8304759,-0.0319988
-1.8302759,-0.0639975
-1.8300759,-0.0639975
-1.8298759,-0.0319988
-1.8296759,-0.0639975
-1.8294759,-0.0319988
-1.8292759,-0.0639975
-1.8290759,-0.0639975
-1.8288759,-0.0639975
-1.8286759,-0.0639975
-1.8284759,-0.0639975
-1.8282759,-0.0319988
-1.8280759,-0.0639975
-1.8278759,-0.0959963
-1.8276759,-0.0319988
-1.8274759,-0.0319988
-1.8272759,-0.0319988
-1.8270759,-0.0319988
-1.8268759,0
-1.8266759,-0.0639975
-1.8264759,-0.0319988
-1.8262759,-0.0639975
-1.8260759,-0.0639975
-1.8258759,-0.0639975
-1.8256759,0
-1.8254759,-0.0639975
-1.8252759,-0.0639975
-1.8250759,-0.0319988
-1.8248759,-0.0639975
-1.8246759,-0.0639975
-1.8244759,-0.0319988
-1.8242759,-0.0959963
-1.8240759,-0.0319988
-1.8238759,-0.0319988
-1.8236759,-0.0319988
-1.8234759,-0.0319988
-1.8232759,0
-1.8230759,-0.0319988
-1.8228759,-0.0639975
-1.8226759,0
-1.8224759,-0.0639975
-1.8222759,0
-1.8220759,-0.0319988
-1.8218759,-0.0319988
-1.8216759,-0.0319988
-1.8214759,0
-1.8212759,-0.0639975
-1.8210759,-0.0639975
-1.8208759,-0.0319988
-1.8206759,-0.0319988
-1.8204759,-0.0639975
-1.8202759,0
-1.8200759,-0.0319988
-1.8198759,-0.0319988
-1.8196759,0
-1.8194759,-0.0639975
-1.8192759,-0.0319988
-1.8190759,0
-1.8188759,-0.0319988
-1.8186759,-0.0319988
-1.8184759,0.0319988
-1.8182759,-0.0319988
-1.8180759,0
-1.8178759,0
-1.8176759,-0.0319988
-1.8174759,0.0319988
-1.8172759,0
-1.8170759,0
-1.8168759,0
-1.8166759,-0.0319988
-1.8164759,-0.0319988
-1.8162759,0
-1.8160759,0.0319988
-1.8158759,0
-1.8156759,0
-1.8154759,0
-1.8152759,-0.0319988
-1.8150759,0
-1.8148759,0
-1.8146759,-0.0319988
-1.8144759,0.0319988
-1.8142759,0.0319988
-1.8140759,-0.0319988
-1.8138759,0
-1.8136759,0.0319988
-1.8134759,-0.0639975
-1.8132759,0.0319988
-1.8130759,0.0319988
-1.8128759,0
-1.8126759,0.0319988
-1.8124759,0.0319988
-1.8122759,0.0639975
-1.8120759,0
-1.8118759,0.0319988
-1.8116759,0.0319988
-1.8114759,0.0319988
-1.8112759,0.0319988
-1.8110759,0
-1.8108759,0
-1.8106759,0.0639975
-1.8104759,0.0319988
-1.8102759,0
-1.8100759,0.0639975
-1.8098759,0.0639975
-1.8096759,0.0639975
-1.8094759,0.0319988
-1.8092759,0
-1.8090759,0.0639975
-1.8088759,0.0639975
-1.8086759,0.0319988
-1.8084759,0.0639975
-1.8082759,0.0639975
-1.8080759,0.0639975
-1.8078759,0.0959963
-1.8076759,0.0639975
-1.8074759,0.0319988
-1.8072759,0.0319988
-1.8070759,0.0639975
-1.8068759,0.0639975
-1.8066759,0.0959963
-1.8064759,0.0959963
-1.8062759,0.0639975
-1.8060759,0.0639975
-1.8058759,0.0639975
-1.8056759,0.0959963
-1.8054759,0.0959963
-1.8052759,0.0959963
-1.8050759,0
-1.8048759,0.0639975
-1.8046759,0.0639975
-1.8044759,0.0319988
-1.8042759,0.0319988
-1.8040759,0.0639975
-1.8038759,0.0319988
-1.8036759,0.0639975
-1.8034759,0.0639975
-1.8032759,0.0639975
-1.8030759,0.0639975
-1.8028759,0.0639975
-1.8026759,0.0319988
-1.8024759,0.0319988
-1.8022759,0.0639975
-1.8020759,0.0639975
-1.8018759,0.0639975
-1.8016759,0.0319988
-1.8014759,0.0319988
-1.8012759,0.0639975
-1.8010759,0.0639975
-1.8008759,0.0319988
-1.8006759,0.0319988
-1.8004759,0.0639975
-1.8002759,0.0639975
-1.8000759,0.0319988
-1.7998759,0.0639975
-1.7996759,0.0959963
-1.7994759,0.0639975
-1.7992759,0.0639975
-1.7990759,0.0639975
-1.7988759,0.0319988
-1.7986759,0.0639975
-1.7984759,0.0319988
-1.7982759,0.0639975
-1.7980759,0.0959963
-1.7978759,0.0319988
-1.7976759,0.0639975
-1.7974759,0.0319988
-1.7972759,0.0319988
-1.7970759,0.0319988
-1.7968759,0.0639975
-1.7966759,0.0639975
-1.7964759,0.127995
-1.7962759,0.0639975
-1.7960759,0.0319988
-1.7958759,0.0639975
-1.7956759,0.0639975
-1.7954759,0
-1.7952759,0.0959963
-1.7950759,0.0639975
-1.7948759,0.0639975
-1.7946759,0.0639975
-1.7944759,0.0959963
-1.7942759,0.0319988
-1.7940759,0.0639975
-1.7938759,0.0639975
-1.7936759,0.0639975
-1.7934759,0.0639975
-1.7932759,0.0639975
-1.7930759,0.0639975
-1.7928759,0.0959963
-1.7926759,0.0639975
-1.7924759,0.0319988
-1.7922759,0.0639975
-1.7920759,0.0959963
-1.7918759,0.0959963
-1.7916759,0.0319988
-1.7914759,0.0639975
-1.7912759,0.0639975
-1.7910759,0.0959963
-1.7908759,0.0639975
-1.7906759,0.0319988
-1.7904759,0.0639975
-1.7902759,0.0639975
-1.7900759,0.0639975
-1.7898759,0.0639975
-1.7896759,0.0959963
-1.7894759,0.0319988
-1.7892759,0.0959963
-1.7890759,0.0639975
-1.7888759,0.0319988
-1.7886759,0.0959963
-1.7884759,0.0639975
-1.7882759,0.0639975
-1.7880759,0.0639975
-1.7878759,0.0959963
-1.7876759,0.0639975
-1.7874759,0.0639975
-1.7872759,0.0639975
-1.7870759,0.0639975
-1.7868759,0.127995
-1.7866759,0.0639975
-1.7864759,0.0319988
-1.7862759,0.0959963
-1.7860759,0.0639975
-1.7858759,0.0319988
-1.7856759,0.0639975
-1.7854759,0.0639975
-1.7852759,0.0639975
-1.7850759,0.0319988
-1.7848759,0.0959963
-1.7846759,0.0639975
-1.7844759,0.0639975
-1.7842759,0.0959963
-1.7840759,0.0639975
-1.7838759,0.0959963
-1.7836759,0.0639975
-1.7834759,0.0639975
-1.7832759,0.0319988
-1.7830759,0.0639975
-1.7828759,0.0319988
-1.7826759,0.0639975
-1.7824759,0.0639975
-1.7822759,0
-1.7820759,0.0319988
-1.7818759,0.0959963
-1.7816759,0.0319988
-1.7814759,0.0319988
-1.7812759,0.0639975
-1.7810759,0.0639975
-1.7808759,0.0639975
-1.7806759,0.0639975
-1.7804759,0
-1.7802759,0.0639975
-1.7800759,0.0639975
-1.7798759,0.0319988
-1.7796759,0.0639975
-1.7794759,0.0319988
-1.7792759,0.0319988
-1.7790759,0
-1.7788759,0.0639975
-1.7786759,0.0319988
-1.7784759,0.0319988
-1.7782759,0.0639975
-1.7780759,0.0639975
-1.7778759,0.0319988
-1.7776759,0.0639975
-1.7774759,0
-1.7772759,0.0639975
-1.7770759,0.0639975
-1.7768759,0
-1.7766759,0.0319988
-1.7764759,0.0959963
-1.7762759,0
-1.7760759,0.0319988
-1.7758759,0.0639975
-1.7756759,0.0319988
-1.7754759,0
-1.7752759,0.0319988
-1.7750759,0
-1.7748759,0.0319988
-1.7746759,0.0639975
-1.7744759,0
-1.7742759,0.0319988
-1.7740759,0.0319988
-1.7738759,0.0319988
-1.7736759,0.0319988
-1.7734759,0
-1.7732759,0
-1.7730759,0.0319988
-1.7728759,0.0319988
-1.7726759,0.0319988
-1.7724759,0.0319988
-1.7722759,0.0319988
-1.7720759,-0.0319988
-1.7718759,0.0319988
-1.7716759,0.0319988
-1.7714759,0.0319988
-1.7712759,-0.0319988
-1.7710759,0.0319988
-1.7708759,0.0319988
-1.7706759,0.0319988
-1.7704759,0.0639975
-1.7702759,0.0319988
-1.7700759,-0.0319988
-1.7698759,0.0319988
-1.7696759,0.0319988
-1.7694759,0.0639975
-1.7692759,0.0319988
-1.7690759,0.0319988
-1.7688759,0.0319988
-1.7686759,0.0319988
-1.7684759,0
-1.7682759,0.0639975
-1.7680759,0.0319988
-1.7678759,0.0319988
-1.7676759,0
-1.7674759,0.0319988
-1.7672759,0.0319988
-1.7670759,0.0319988
-1.7668759,0.0319988
-1.7666759,0.0319988
-1.7664759,0
-1.7662759,0
-1.7660759,0.0319988
-1.7658759,0
-1.7656759,0.0639975
-1.7654759,0
-1.7652759,0.0319988
-1.7650759,0.0319988
-1.7648759,0
-1.7646759,0
-1.7644759,0
-1.7642759,-0.0319988
-1.7640759,0.0319988
-1.7638759,0.0319988
-1.7636759,-0.0319988
-1.7634759,-0.0319988
-1.7632759,0
-1.7630759,-0.0319988
-1.7628759,0
-1.7626759,0.0319988
-1.7624759,-0.0319988
-1.7622759,-0.0319988
-1.7620759,0
-1.7618759,0.0319988
-1.7616759,0.0319988
-1.7614759,-0.0319988
-1.7612759,-0.0639975
-1.7610759,0.0639975
-1.7608759,0
-1.7606759,0
-1.7604759,0
-1.7602759,0.0319988
-1.7600759,0
-1.7598759,0.0319988
-1.7596759,0.0319988
-1.7594759,-0.0319988
-1.7592759,0.0319988
-1.7590759,0
-1.7588759,0
-1.7586759,0
-1.7584759,0
-1.7582759,-0.0319988
-1.7580759,0.0319988
-1.7578759,0
-1.7576759,0
-1.7574759,0
-1.7572759,0.0319988
-1.7570759,-0.0319988
-1.7568759,0
-1.7566759,0.0319988
-1.7564759,-0.0639975
-1.7562759,0.0319988
-1.7560759,0.0319988
-1.7558759,0
-1.7556759,0
-1.7554759,0.0319988
-1.7552759,-0.0319988
-1.7550759,0.0319988
-1.7548759,0
-1.7546759,0
-1.7544759,0
-1.7542759,0
-1.7540759,-0.0319988
-1.7538759,0
-1.7536759,-0.0319988
-1.7534759,0
-1.7532759,0.0319988
-1.7530759,0
-1.7528759,0.0319988
-1.7526759,0
-1.7524759,0
-1.7522759,-0.0319988
-1.7520759,-0.0319988
-1.7518759,-0.0319988
-1.7516759,0
-1.7514759,0
-1.7512759,-0.0319988
-1.7510759,-0.0319988
-1.7508759,0
-1.7506759,0
-1.7504759,-0.0319988
-1.7502759,0
-1.7500759,0.0319988
-1.7498759,-0.0319988
-1.7496759,0
-1.7494759,0.0319988
-1.7492759,0
-1.7490759,0
-1.7488759,0
-1.7486759,0
-1.7484759,0
-1.7482759,0
-1.7480759,0
-1.7478759,0
-1.7476759,0.0319988
-1.7474759,0
-1.7472759,-0.0319988
-1.7470759,0.0319988
-1.7468759,0
-1.7466759,0.0319988
-1.7464759,0.0319988
-1.7462759,0
-1.7460759,0.0319988
-1.7458759,0.0639975
-1.7456759,0
-1.7454759,0
-1.7452759,0.0319988
-1.7450759,-0.0319988
-1.7448759,0.0319988
-1.7446759,0.0639975
-1.7444759,-0.0319988
-1.7442759,-0.0319988
-1.7440759,-0.0319988
-1.7438759,0
-1.7436759,0
-1.7434759,0
-1.7432759,-0.0319988
-1.7430759,0
-1.7428759,-0.0319988
-1.7426759,-0.0639975
-1.7424759,-0.0319988
-1.7422759,0
-1.7420759,-0.0639975
-1.7418759,-0.0319988
-1.7416759,-0.0319988
-1.7414759,-0.0319988
-1.7412759,0
-1.7410759,0
-1.7408759,-0.0639975
-1.7406759,-0.0319988
-1.7404759,0
-1.7402759,-0.0639975
-1.7400759,-0.0319988
-1.7398759,-0.0639975
-1.7396759,-0.0639975
-1.7394759,-0.0319988
-1.7392759,-0.0319988
-1.7390759,-0.0639975
-1.7388759,-0.0319988
-1.7386759,-0.0639975
-1.7384759,-0.0639975
-1.7382759,-0.0639975
-1.7380759,-0.0639975
-1.7378759,-0.0639975
-1.7376759,-0.0319988
-1.7374759,-0.0639975
-1.7372759,-0.0639975
-1.7370759,-0.0319988
-1.7368759,-0.0319988
-1.7366759,-0.0319988
-1.7364759,-0.0639975
-1.7362759,-0.0319988
-1.7360759,-0.0639975
-1.7358759,-0.0959963
-1.7356759,-0.0639975
-1.7354759,-0.0959963
-1.7352759,-0.0319988
-1.7350759,-0.0639975
-1.7348759,-0.0639975
-1.7346759,-0.0319988
-1.7344759,-0.0639975
-1.7342759,-0.0639975
-1.7340759,-0.0319988
-1.7338759,-0.0639975
-1.7336759,-0.0639975
-1.7334759,-0.0639975
-1.7332759,-0.0639975
-1.7330759,-0.0959963
-1.7328759,-0.0639975
-1.7326759,-0.0319988
-1.7324759,-0.0639975
-1.7322759,-0.0639975
-1.7320759,-0.0639975
-1.7318759,-0.0959963
-1.7316759,-0.127995
-1.7314759,-0.0959963
-1.7312759,-0.0639975
-1.7310759,-0.0959963
-1.7308759,-0.0639975
-1.7306759,-0.0959963
-1.7304759,-0.0639975
-1.7302759,-0.0959963
-1.7300759,-0.0639975
-1.7298759,-0.0319988
-1.7296759,-0.0319988
-1.7294759,-0.0639975
-1.7292759,-0.0639975
-1.7290759,-0.0639975
-1.7288759,-0.0959963
-1.7286759,-0.0639975
-1.7284759,-0.0959963
-1.7282759,-0.0959963
-1.7280759,-0.0959963
-1.7278759,-0.0639975
-1.7276759,-0.0959963
-1.7274759,-0.0639975
-1.7272759,-0.0639975
-1.7270759,-0.0959963
-1.7268759,-0.0639975
-1.7266759,-0.0639975
-1.7264759,-0.127995
-1.7262759,-0.0959963
-1.7260759,-0.0959963
-1.7258759,-0.0959963
-1.7256759,-0.0959963
-1.7254759,-0.0959963
-1.7252759,-0.0959963
-1.7250759,-0.0959963
-1.7248759,-0.127995
-1.7246759,-0.0959963
-1.7244759,-0.127995
-1.7242759,-0.0959963
-1.7240759,-0.127995
-1.7238759,-0.0959963
-1.7236759,-0.0959963
-1.7234759,-0.127995
-1.7232759,-0.0639975
-1.7230759,-0.0639975
-1.7228759,-0.127995
-1.7226759,-0.0959963
-1.7224759,-0.127995
-1.7222759,-0.159994
-1.7220759,-0.0959963
-1.7218759,-0.0959963
-1.7216759,-0.127995
-1.7214759,-0.0959963
-1.7212759,-0.0959963
-1.7210759,-0.127995
-1.7208759,-0.0959963
-1.7206759,-0.0639975
-1.7204759,-0.127995
-1.7202759,-0.0959963
-1.7200759,-0.0959963
-1.7198759,-0.127995
-1.7196759,-0.0639975
-1.7194759,-0.127995
-1.7192759,-0.127995
-1.7190759,-0.0959963
-1.7188759,-0.0959963
-1.7186759,-0.0959963
-1.7184759,-0.127995
-1.7182759,-0.0639975
-1.7180759,-0.159994
-1.7178759,-0.0959963
-1.7176759,-0.0959963
-1.7174759,-0.159994
-1.7172759,-0.159994
-1.7170759,-0.0959963
-1.7168759,-0.127995
-1.7166759,-0.127995
-1.7164759,-0.0959963
-1.7162759,-0.223991
-1.7160759,-0.127995
-1.7158759,-0.0959963
-1.7156759,-0.127995
-1.7154759,-0.159994
-1.7152759,-0.127995
-1.7150759,-0.127995
-1.7148759,-0.127995
-1.7146759,-0.127995
-1.7144759,-0.159994
-1.7142759,-0.127995
-1.7140759,-0.0959963
-1.7138759,-0.127995
-1.7136759,-0.127995
-1.7134759,-0.127995
-1.7132759,-0.159994
-1.7130759,-0.0959963
-1.7128759,-0.127995
-1.7126759,-0.127995
-1.7124759,-0.127995
-1.7122759,-0.127995
-1.7120759,-0.159994
-1.7118759,-0.127995
-1.7116759,-0.0959963
-1.7114759,-0.127995
-1.7112759,-0.0639975
-1.7110759,-0.0639975
-1.7108759,-0.0959963
-1.7106759,-0.127995
-1.7104759,-0.127995
-1.7102759,-0.191993
-1.7100759,-0.159994
-1.7098759,-0.0959963
-1.7096759,-0.127995
-1.7094759,-0.127995
-1.7092759,-0.159994
-1.7090759,-0.127995
-1.7088759,-0.127995
-1.7086759,-0.127995
-1.7084759,-0.191993
-1.7082759,-0.127995
-1.7080759,-0.159994
-1.7078759,-0.159994
-1.7076759,-0.0959963
-1.7074759,-0.127995
-1.7072759,-0.159994
-1.7070759,-0.127995
-1.7068759,-0.159994
-1.7066759,-0.191993
-1.7064759,-0.127995
-1.7062759,-0.127995
-1.7060759,-0.127995
-1.7058759,-0.159994
-1.7056759,-0.127995
-1.7054759,-0.159994
-1.7052759,-0.159994
-1.7050759,-0.0959963
-1.7048759,-0.191993
-1.7046759,-0.159994
-1.7044759,-0.127995
-1.7042759,-0.159994
-1.7040759,-0.127995
-1.7038759,-0.127995
-1.7036759,-0.127995
-1.7034759,-0.127995
-1.7032759,-0.159994
-1.7030759,-0.159994
-1.7028759,-0.159994
-1.7026759,-0.127995
-1.7024759,-0.191993
-1.7022759,-0.159994
-1.7020759,-0.159994
-1.7018759,-0.159994
-1.7016759,-0.159994
-1.7014759,-0.159994
-1.7012759,-0.159994
-1.7010759,-0.191993
-1.7008759,-0.159994
-1.7006759,-0.127995
-1.7004759,-0.191993
-1.7002759,-0.191993
-1.7000759,-0.191993
-1.6998759,-0.159994
-1.6996759,-0.191993
-1.6994759,-0.191993
-1.6992759,-0.191993
-1.6990759,-0.159994
-1.6988759,-0.25599
-1.6986759,-0.159994
-1.6984759,-0.223991
-1.6982759,-0.223991
-1.6980759,-0.25599
-1.6978759,-0.191993
-1.6976759,-0.191993
-1.6974759,-0.25599
-1.6972759,-0.191993
-1.6970759,-0.191993
-1.6968759,-0.223991
-1.6966759,-0.191993
-1.6964759,-0.223991
-1.6962759,-0.25599
-1.6960759,-0.223991
-1.6958759,-0.159994
-1.6956759,-0.223991
-1.6954759,-0.191993
-1.6952759,-0.191993
-1.6950759,-0.191993
-1.6948759,-0.191993
-1.6946759,-0.223991
-1.6944759,-0.25599
-1.6942759,-0.159994
-1.6940759,-0.223991
-1.6938759,-0.223991
-1.6936759,-0.191993
-1.6934759,-0.25599
-1.6932759,-0.25599
-1.6930759,-0.191993
-1.6928759,-0.191993
-1.6926759,-0.191993
-1.6924759,-0.25599
-1.6922759,-0.223991
-1.6920759,-0.223991
-1.6918759,-0.223991
-1.6916759,-0.223991
-1.6914759,-0.25599
-1.6912759,-0.159994
-1.6910759,-0.223991
-1.6908759,-0.223991
-1.6906759,-0.191993
-1.6904759,-0.25599
-1.6902759,-0.223991
-1.6900759,-0.223991
-1.6898759,-0.25599
-1.6896759,-0.25599
-1.6894759,-0.223991
-1.6892759,-0.191993
-1.6890759,-0.25599
-1.6888759,-0.191993
-1.6886759,-0.25599
-1.6884759,-0.223991
-1.6882759,-0.191993
-1.6880759,-0.223991
-1.6878759,-0.25599
-1.6876759,-0.223991
-1.6874759,-0.25599
-1.6872759,-0.25599
-1.6870759,-0.223991
-1.6868759,-0.287989
-1.6866759,-0.223991
-1.6864759,-0.191993
-1.6862759,-0.25599
-1.6860759,-0.223991
-1.6858759,-0.25599
-1.6856759,-0.223991
-1.6854759,-0.191993
-1.6852759,-0.191993
-1.6850759,-0.25599
-1.6848759,-0.223991
-1.6846759,-0.191993
-1.6844759,-0.191993
-1.6842759,-0.25599
-1.6840759,-0.223991
-1.6838759,-0.25599
-1.6836759,-0.223991
-1.6834759,-0.223991
-1.6832759,-0.223991
-1.6830759,-0.223991
-1.6828759,-0.287989
-1.6826759,-0.25599
-1.6824759,-0.25599
-1.6822759,-0.191993
-1.6820759,-0.25599
-1.6818759,-0.25599
-1.6816759,-0.159994
-1.6814759,-0.191993
-1.6812759,-0.191993
-1.6810759,-0.223991
-1.6808759,-0.25599
-1.6806759,-0.25599
-1.6804759,-0.223991
-1.6802759,-0.25599
-1.6800759,-0.223991
-1.6798759,-0.223991
-1.6796759,-0.223991
-1.6794759,-0.223991
-1.6792759,-0.223991
-1.6790759,-0.25599
-1.6788759,-0.223991
-1.6786759,-0.223991
-1.6784759,-0.25599
-1.6782759,-0.25599
-1.6780759,-0.191993
-1.6778759,-0.25599
-1.6776759,-0.287989
-1.6774759,-0.223991
-1.6772759,-0.25599
-1.6770759,-0.25599
-1.6768759,-0.25599
-1.6766759,-0.25599
-1.6764759,-0.223991
-1.6762759,-0.25599
-1.6760759,-0.25599
-1.6758759,-0.223991
-1.6756759,-0.25599
-1.6754759,-0.287989
-1.6752759,-0.25599
-1.6750759,-0.223991
-1.6748759,-0.25599
-1.6746759,-0.223991
-1.6744759,-0.223991
-1.6742759,-0.223991
-1.6740759,-0.25599
-1.6738759,-0.223991
-1.6736759,-0.25599
-1.6734759,-0.25599
-1.6732759,-0.223991
-1.6730759,-0.287989
-1.6728759,-0.25599
-1.6726759,-0.223991
-1.6724759,-0.223991
-1.6722759,-0.25599
-1.6720759,-0.223991
-1.6718759,-0.191993
-1.6716759,-0.25599
-1.6714759,-0.223991
-1.6712759,-0.25599
-1.6710759,-0.223991
-1.6708759,-0.25599
-1.6706759,-0.25599
-1.6704759,-0.25599
-1.6702759,-0.223991
-1.6700759,-0.223991
-1.6698759,-0.25599
-1.6696759,-0.25599
-1.6694759,-0.25599
-1.6692759,-0.287989
-1.6690759,-0.223991
-1.6688759,-0.191993
-1.6686759,-0.25599
-1.6684759,-0.159994
-1.6682759,-0.223991
-1.6680759,-0.223991
-1.6678759,-0.223991
-1.6676759,-0.25599
-1.6674759,-0.25599
-1.6672759,-0.25599
-1.6670759,-0.223991
-1.6668759,-0.25599
-1.6666759,-0.223991
-1.6664759,-0.287989
-1.6662759,-0.287989
-1.6660759,-0.223991
-1.6658759,-0.25599
-1.6656759,-0.287989
-1.6654759,-0.223991
-1.6652759,-0.25599
-1.6650759,-0.287989
-1.6648759,-0.287989
-1.6646759,-0.25599
-1.6644759,-0.25599
-1.6642759,-0.287989
-1.6640759,-0.287989
-1.6638759,-0.319988
-1.6636759,-0.287989
-1.6634759,-0.287989
-1.6632759,-0.287989
-1.6630759,-0.319988
-1.6628759,-0.287989
-1.6626759,-0.319988
-1.6624759,-0.319988
-1.6622759,-0.287989
-1.6620759,-0.287989
-1.6618759,-0.319988
-1.6616759,-0.287989
-1.6614759,-0.25599
-1.6612759,-0.25599
-1.6610759,-0.287989
-1.6608759,-0.319988
-1.6606759,-0.287989
-1.6604759,-0.319988
-1.6602759,-0.287989
-1.6600759,-0.319988
-1.6598759,-0.287989
-1.6596759,-0.287989
-1.6594759,-0.25599
-1.6592759,-0.319988
-1.6590759,-0.287989
-1.6588759,-0.287989
-1.6586759,-0.287989
-1.6584759,-0.287989
-1.6582759,-0.319988
-1.6580759,-0.319988
-1.6578759,-0.25599
-1.6576759,-0.287989
-1.6574759,-0.287989
-1.6572759,-0.287989
-1.6570759,-0.25599
-1.6568759,-0.319988
-1.6566759,-0.287989
-1.6564759,-0.351986
-1.6562759,-0.287989
-1.6560759,-0.319988
-1.6558759,-0.319988
-1.6556759,-0.319988
-1.6554759,-0.319988
-1.6552759,-0.351986
-1.6550759,-0.319988
-1.6548759,-0.287989
-1.6546759,-0.319988
-1.6544759,-0.287989
-1.6542759,-0.319988
-1.6540759,-0.287989
-1.6538759,-0.319988
-1.6536759,-0.319988
-1.6534759,-0.351986
-1.6532759,-0.319988
-1.6530759,-0.319988
-1.6528759,-0.319988
-1.6526759,-0.287989
-1.6524759,-0.319988
-1.6522759,-0.351986
-1.6520759,-0.287989
-1.6518759,-0.319988
-1.6516759,-0.351986
-1.6514759,-0.319988
-1.6512759,-0.25599
-1.6510759,-0.319988
-1.6508759,-0.319988
-1.6506759,-0.351986
-1.6504759,-0.319988
-1.6502759,-0.319988
-1.6500759,-0.351986
-1.6498759,-0.319988
-1.6496759,-0.319988
-1.6494759,-0.351986
-1.6492759,-0.319988
-1.6490759,-0.287989
-1.6488759,-0.319988
-1.6486759,-0.319988
-1.6484759,-0.351986
-1.6482759,-0.319988
-1.6480759,-0.319988
-1.6478759,-0.319988
-1.6476759,-0.319988
-1.6474759,-0.287989
-1.6472759,-0.319988
-1.6470759,-0.351986
-1.6468759,-0.287989
-1.6466759,-0.319988
-1.6464759,-0.351986
-1.6462759,-0.25599
-1.6460759,-0.351986
-1.6458759,-0.351986
-1.6456759,-0.319988
-1.6454759,-0.319988
-1.6452759,-0.383985
-1.6450759,-0.319988
-1.6448759,-0.351986
-1.6446759,-0.351986
-1.6444759,-0.319988
-1.6442759,-0.319988
-1.6440759,-0.287989
-1.6438759,-0.287989
-1.6436759,-0.287989
-1.6434759,-0.351986
-1.6432759,-0.351986
-1.6430759,-0.319988
-1.6428759,-0.319988
-1.6426759,-0.351986
-1.6424759,-0.319988
-1.6422759,-0.319988
-1.6420759,-0.319988
-1.6418759,-0.287989
-1.6416759,-0.351986
-1.6414759,-0.319988
-1.6412759,-0.287989
-1.6410759,-0.319988
-1.6408759,-0.319988
-1.6406759,-0.319988
-1.6404759,-0.319988
-1.6402759,-0.319988
-1.6400759,-0.287989
-1.6398759,-0.319988
-1.6396759,-0.319988
-1.6394759,-0.287989
-1.6392759,-0.319988
-1.6390759,-0.319988
-1.6388759,-0.319988
-1.6386759,-0.319988
-1.6384759,-0.287989
-1.6382759,-0.319988
-1.6380759,-0.319988
-1.6378759,-0.351986
-1.6376759,-0.319988
-1.6374759,-0.319988
-1.6372759,-0.319988
-1.6370759,-0.319988
-1.6368759,-0.319988
-1.6366759,-0.351986
-1.6364759,-0.319988
-1.6362759,-0.319988
-1.6360759,-0.287989
-1.6358759,-0.319988
-1.6356759,-0.319988
-1.6354759,-0.351986
-1.6352759,-0.287989
-1.6350759,-0.287989
-1.6348759,-0.319988
-1.6346759,-0.319988
-1.6344759,-0.319988
-1.6342759,-0.287989
-1.6340759,-0.319988
-1.6338759,-0.319988
-1.6336759,-0.319988
-1.6334759,-0.319988
-1.6332759,-0.287989
-1.6330759,-0.319988
-1.6328759,-0.319988
-1.6326759,-0.287989
-1.6324759,-0.319988
-1.6322759,-0.319988
-1.6320759,-0.287989
-1.6318759,-0.287989
-1.6316759,-0.319988
-1.6314759,-0.319988
-1.6312759,-0.287989
-1.6310759,-0.319988
-1.6308759,-0.351986
-1.6306759,-0.319988
-1.6304759,-0.287989
-1.6302759,-0.287989
-1.6300759,-0.287989
-1.6298759,-0.319988
-1.6296759,-0.319988
-1.6294759,-0.25599
-1.6292759,-0.287989
-1.6290759,-0.319988
-1.6288759,-0.319988
-1.6286759,-0.287989
-1.6284759,-0.287989
-1.6282759,-0.287989
-1.6280759,-0.319988
-1.6278759,-0.287989
-1.6276759,-0.287989
-1.6274759,-0.287989
-1.6272759,-0.287989
-1.6270759,-0.287989
-1.6268759,-0.319988
-1.6266759,-0.319988
-1.6264759,-0.319988
-1.6262759,-0.287989
-1.6260759,-0.25599
-1.6258759,-0.287989
-1.6256759,-0.287989
-1.6254759,-0.287989
-1.6252759,-0.287989
-1.6250759,-0.287989
-1.6248759,-0.287989
-1.6246759,-0.319988
-1.6244759,-0.287989
-1.6242759,-0.319988
-1.6240759,-0.223991
-1.6238759,-0.25599
-1.6236759,-0.287989
-1.6234759,-0.287989
-1.6232759,-0.287989
-1.6230759,-0.287989
-1.6228759,-0.25599
-1.6226759,-0.319988
-1.6224759,-0.287989
-1.6222759,-0.191993
-1.6220759,-0.319988
-1.6218759,-0.25599
-1.6216759,-0.287989
-1.6214759,-0.25599
-1.6212759,-0.287989
-1.6210759,-0.287989
-1.6208759,-0.25599
-1.6206759,-0.287989
-1.6204759,-0.223991
-1.6202759,-0.287989
-1.6200759,-0.287989
-1.6198759,-0.287989
-1.6196759,-0.25599
-1.6194759,-0.25599
-1.6192759,-0.25599
-1.6190759,-0.287989
-1.6188759,-0.287989
-1.6186759,-0.25599
-1.6184759,-0.25599
-1.6182759,-0.25599
-1.6180759,-0.25599
-1.6178759,-0.223991
-1.6176759,-0.25599
-1.6174759,-0.287989
-1.6172759,-0.287989
-1.6170759,-0.25599
-1.6168759,-0.223991
-1.6166759,-0.287989
-1.6164759,-0.25599
-1.6162759,-0.191993
-1.6160759,-0.223991
-1.6158759,-0.25599
-1.6156759,-0.191993
-1.6154759,-0.223991
-1.6152759,-0.25599
-1.6150759,-0.223991
-1.6148759,-0.223991
-1.6146759,-0.223991
-1.6144759,-0.223991
-1.6142759,-0.287989
-1.6140759,-0.25599
-1.6138759,-0.25599
-1.6136759,-0.25599
-1.6134759,-0.223991
-1.6132759,-0.191993
-1.6130759,-0.191993
-1.6128759,-0.191993
-1.6126759,-0.223991
-1.6124759,-0.191993
-1.6122759,-0.223991
-1.6120759,-0.191993
-1.6118759,-0.223991
-1.6116759,-0.25599
-1.6114759,-0.191993
-1.6112759,-0.223991
-1.6110759,-0.223991
-1.6108759,-0.191993
-1.6106759,-0.223991
-1.6104759,-0.191993
-1.6102759,-0.159994
-1.6100759,-0.191993
-1.6098759,-0.223991
-1.6096759,-0.25599
-1.6094759,-0.25599
-1.6092759,-0.191993
-1.6090759,-0.223991
-1.6088759,-0.223991
-1.6086759,-0.25599
-1.6084759,-0.191993
-1.6082759,-0.25599
-1.6080759,-0.223991
-1.6078759,-0.191993
-1.6076759,-0.223991
-1.6074759,-0.191993
-1.6072759,-0.25599
-1.6070759,-0.223991
-1.6068759,-0.25599
-1.6066759,-0.25599
-1.6064759,-0.223991
-1.6062759,-0.25599
-1.6060759,-0.25599
-1.6058759,-0.25599
-1.6056759,-0.25599
-1.6054759,-0.287989
-1.6052759,-0.25599
-1.6050759,-0.25599
-1.6048759,-0.223991
-1.6046759,-0.223991
-1.6044759,-0.25599
-1.6042759,-0.25599
-1.6040759,-0.25599
-1.6038759,-0.25599
-1.6036759,-0.287989
-1.6034759,-0.287989
-1.6032759,-0.319988
-1.6030759,-0.287989
-1.6028759,-0.25599
-1.6026759,-0.287989
-1.6024759,-0.25599
-1.6022759,-0.319988
-1.6020759,-0.25599
-1.6018759,-0.25599
-1.6016759,-0.319988
-1.6014759,-0.287989
-1.6012759,-0.351986
-1.6010759,-0.319988
-1.6008759,-0.351986
-1.6006759,-0.287989
-1.6004759,-0.319988
-1.6002759,-0.319988
-1.6000759,-0.319988
-1.5998759,-0.319988
-1.5996759,-0.319988
-1.5994759,-0.319988
-1.5992759,-0.319988
-1.5990759,-0.319988
-1.5988759,-0.287989
-1.5986759,-0.319988
-1.5984759,-0.383985
-1.5982759,-0.319988
-1.5980759,-0.319988
-1.5978759,-0.351986
-1.5976759,-0.319988
-1.5974759,-0.351986
-1.5972759,-0.383985
-1.5970759,-0.319988
-1.5968759,-0.351986
-1.5966759,-0.383985
-1.5964759,-0.319988
-1.5962759,-0.351986
-1.5960759,-0.383985
-1.5958759,-0.351986
-1.5956759,-0.319988
-1.5954759,-0.351986
-1.5952759,-0.351986
-1.5950759,-0.319988
-1.5948759,-0.383985
-1.5946759,-0.351986
-1.5944759,-0.351986
-1.5942759,-0.383985
-1.5940759,-0.351986
-1.5938759,-0.383985
-1.5936759,-0.415984
-1.5934759,-0.383985
-1.5932759,-0.351986
-1.5930759,-0.383985
-1.5928759,-0.351986
-1.5926759,-0.383985
-1.5924759,-0.383985
-1.5922759,-0.383985
-1.5920759,-0.383985
-1.5918759,-0.415984
-1.5916759,-0.415984
-1.5914759,-0.415984
-1.5912759,-0.479982
-1.5910759,-0.447983
-1.5908759,-0.383985
-1.5906759,-0.447983
-1.5904759,-0.415984
-1.5902759,-0.447983
-1.5900759,-0.447983
-1.5898759,-0.415984
-1.5896759,-0.447983
-1.5894759,-0.479982
-1.5892759,-0.415984
-1.5890759,-0.415984
-1.5888759,-0.447983
-1.5886759,-0.447983
-1.5884759,-0.447983
-1.5882759,-0.479982
-1.5880759,-0.447983
-1.5878759,-0.447983
-1.5876759,-0.479982
-1.5874759,-0.479982
-1.5872759,-0.447983
-1.5870759,-0.51198
-1.5868759,-0.479982
-1.5866759,-0.447983
-1.5864759,-0.479982
-1.5862759,-0.447983
-1.5860759,-0.479982
-1.5858759,-0.51198
-1.5856759,-0.543979
-1.5854759,-0.479982
-1.5852759,-0.543979
-1.5850759,-0.479982
-1.5848759,-0.447983
-1.5846759,-0.479982
-1.5844759,-0.543979
-1.5842759,-0.479982
-1.5840759,-0.543979
-1.5838759,-0.479982
-1.5836759,-0.543979
-1.5834759,-0.51198
-1.5832759,-0.51198
-1.5830759,-0.479982
-1.5828759,-0.543979
-1.5826759,-0.51198
-1.5824759,-0.543979
-1.5822759,-0.543979
-1.5820759,-0.575978
-1.5818759,-0.543979
-1.5816759,-0.575978
-1.5814759,-0.51198
-1.5812759,-0.51198
-1.5810759,-0.543979
-1.5808759,-0.479982
-1.5806759,-0.543979
-1.5804759,-0.575978
-1.5802759,-0.607977
-1.5800759,-0.543979
-1.5798759,-0.575978
-1.5796759,-0.639975
-1.5794759,-0.607977
-1.5792759,-0.607977
-1.5790759,-0.607977
-1.5788759,-0.575978
-1.5786759,-0.607977
-1.5784759,-0.639975
-1.5782759,-0.639975
-1.5780759,-0.607977
-1.5778759,-0.607977
-1.5776759,-0.639975
-1.5774759,-0.639975
-1.5772759,-0.639975
-1.5770759,-0.607977
-1.5768759,-0.639975
-1.5766759,-0.639975
-1.5764759,-0.607977
-1.5762759,-0.671974
-1.5760759,-0.639975
-1.5758759,-0.639975
-1.5756759,-0.671974
-1.5754759,-0.639975
-1.5752759,-0.639975
-1.5750759,-0.671974
-1.5748759,-0.639975
-1.5746759,-0.639975
-1.5744759,-0.671974
-1.5742759,-0.703973
-1.5740759,-0.671974
-1.5738759,-0.671974
-1.5736759,-0.703973
-1.5734759,-0.735972
-1.5732759,-0.703973
-1.5730759,-0.703973
-1.5728759,-0.671974
-1.5726759,-0.735972
-1.5724759,-0.671974
-1.5722759,-0.735972
-1.5720759,-0.735972
-1.5718759,-0.703973
-1.5716759,-0.735972
-1.5714759,-0.735972
-1.5712759,-0.703973
-1.5710759,-0.735972
-1.5708759,-0.735972
-1.5706759,-0.703973
-1.5704759,-0.735972
-1.5702759,-0.703973
-1.5700759,-0.735972
-1.5698759,-0.735972
-1.5696759,-0.767971
-1.5694759,-0.703973
-1.5692759,-0.703973
-1.5690759,-0.735972
-1.5688759,-0.703973
-1.5686759,-0.735972
-1.5684759,-0.735972
-1.5682759,-0.703973
-1.5680759,-0.735972
-1.5678759,-0.735972
-1.5676759,-0.735972
-1.5674759,-0.767971
-1.5672759,-0.703973
-1.5670759,-0.703973
-1.5668759,-0.735972
-1.5666759,-0.767971
-1.5664759,-0.735972
-1.5662759,-0.767971
-1.5660759,-0.735972
-1.5658759,-0.767971
-1.5656759,-0.767971
-1.5654759,-0.735972
-1.5652759,-0.735972
-1.5650759,-0.767971
-1.5648759,-0.799969
-1.5646759,-0.799969
-1.5644759,-0.799969
-1.5642759,-0.799969
-1.5640759,-0.767971
-1.5638759,-0.767971
-1.5636759,-0.799969
-1.5634759,-0.831968
-1.5632759,-0.799969
-1.5630759,-0.799969
-1.5628759,-0.799969
-1.5626759,-0.831968
-1.5624759,-0.799969
-1.5622759,-0.799969
-1.5620759,-0.831968
-1.5618759,-0.799969
-1.5616759,-0.799969
-1.5614759,-0.799969
-1.5612759,-0.863967
-1.5610759,-0.799969
-1.5608759,-0.831968
-1.5606759,-0.799969
-1.5604759,-0.831968
-1.5602759,-0.799969
-1.5600759,-0.799969
-1.5598759,-0.799969
-1.5596759,-0.831968
-1.5594759,-0.831968
-1.5592759,-0.799969
-1.5590759,-0.799969
-1.5588759,-0.831968
-1.5586759,-0.863967
-1.5584759,-0.863967
-1.5582759,-0.799969
-1.5580759,-0.831968
-1.5578759,-0.831968
-1.5576759,-0.863967
-1.5574759,-0.831968
-1.5572759,-0.831968
-1.5570759,-0.863967
-1.5568759,-0.863967
-1.5566759,-0.831968
-1.5564759,-0.831968
-1.5562759,-0.831968
-1.5560759,-0.863967
-1.5558759,-0.895966
-1.5556759,-0.863967
-1.5554759,-0.863967
-1.5552759,-0.895966
-1.5550759,-0.895966
-1.5548759,-0.863967
-1.5546759,-0.863967
-1.5544759,-0.831968
-1.5542759,-0.895966
-1.5540759,-0.895966
-1.5538759,-0.863967
-1.5536759,-0.863967
-1.5534759,-0.863967
-1.5532759,-0.863967
-1.5530759,-0.895966
-1.5528759,-0.863967
-1.5526759,-0.863967
-1.5524759,-0.895966
-1.5522759,-0.895966
-1.5520759,-0.863967
-1.5518759,-0.895966
-1.5516759,-0.895966
-1.5514759,-0.895966
-1.5512759,-0.863967
-1.5510759,-0.831968
-1.5508759,-0.895966
-1.5506759,-0.863967
-1.5504759,-0.863967
-1.5502759,-0.863967
-1.5500759,-0.895966
-1.5498759,-0.863967
-1.5496759,-0.895966
-1.5494759,-0.895966
-1.5492759,-0.863967
-1.5490759,-0.863967
-1.5488759,-0.863967
-1.5486759,-0.895966
-1.5484759,-0.831968
-1.5482759,-0.895966
-1.5480759,-0.863967
-1.5478759,-0.895966
-1.5476759,-0.863967
-1.5474759,-0.863967
-1.5472759,-0.895966
-1.5470759,-0.863967
-1.5468759,-0.863967
-1.5466759,-0.895966
-1.5464759,-0.895966
-1.5462759,-0.895966
-1.5460759,-0.863967
-1.5458759,-0.863967
-1.5456759,-0.895966
-1.5454759,-0.863967
-1.5452759,-0.927964
-1.5450759,-0.895966
-1.5448759,-0.863967
-1.5446759,-0.927964
-1.5444759,-0.863967
-1.5442759,-0.863967
-1.5440759,-0.895966
-1.5438759,-0.895966
-1.5436759,-0.895966
-1.5434759,-0.863967
-1.5432759,-0.831968
-1.5430759,-0.863967
-1.5428759,-0.863967
-1.5426759,-0.831968
-1.5424759,-0.863967
-1.5422759,-0.863967
-1.5420759,-0.863967
-1.5418759,-0.895966
-1.5416759,-0.863967
-1.5414759,-0.863967
-1.5412759,-0.863967
-1.5410759,-0.863967
-1.5408759,-0.831968
-1.5406759,-0.895966
-1.5404759,-0.863967
-1.5402759,-0.895966
-1.5400759,-0.863967
-1.5398759,-0.863967
-1.5396759,-0.863967
-1.5394759,-0.895966
-1.5392759,-0.863967
-1.5390759,-0.831968
-1.5388759,-0.863967
-1.5386759,-0.863967
-1.5384759,-0.895966
-1.5382759,-0.863967
-1.5380759,-0.831968
-1.5378759,-0.895966
-1.5376759,-0.831968
-1.5374759,-0.895966
-1.5372759,-0.863967
-1.5370759,-0.863967
-1.5368759,-0.863967
-1.5366759,-0.895966
-1.5364759,-0.895966
-1.5362759,-0.863967
-1.5360759,-0.895966
-1.5358759,-0.831968
-1.5356759,-0.863967
-1.5354759,-0.895966
-1.5352759,-0.863967
-1.5350759,-0.895966
-1.5348759,-0.863967
-1.5346759,-0.863967
-1.5344759,-0.863967
-1.5342759,-0.863967
-1.5340759,-0.863967
-1.5338759,-0.863967
-1.5336759,-0.863967
-1.5334759,-0.895966
-1.5332759,-0.895966
-1.5330759,-0.863967
-1.5328759,-0.863967
-1.5326759,-0.895966
-1.5324759,-0.927964
-1.5322759,-0.831968
-1.5320759,-0.863967
-1.5318759,-0.863967
-1.5316759,-0.895966
-1.5314759,-0.863967
-1.5312759,-0.863967
-1.5310759,-0.863967
-1.5308759,-0.831968
-1.5306759,-0.863967
-1.5304759,-0.863967
-1.5302759,-0.863967
-1.5300759,-0.895966
-1.5298759,-0.831968
-1.5296759,-0.863967
-1.5294759,-0.895966
-1.5292759,-0.863967
-1.5290759,-0.895966
-1.5288759,-0.895966
-1.5286759,-0.863967
-1.5284759,-0.863967
-1.5282759,-0.895966
-1.5280759,-0.831968
-1.5278759,-0.895966
-1.5276759,-0.863967
-1.5274759,-0.895966
-1.5272759,-0.895966
-1.5270759,-0.895966
-1.5268759,-0.863967
-1.5266759,-0.863967
-1.5264759,-0.863967
-1.5262759,-0.863967
-1.5260759,-0.863967
-1.5258759,-0.863967
-1.5256759,-0.863967
-1.5254759,-0.895966
-1.5252759,-0.863967
-1.5250759,-0.831968
-1.5248759,-0.895966
-1.5246759,-0.863967
-1.5244759,-0.863967
-1.5242759,-0.863967
-1.5240759,-0.831968
-1.5238759,-0.895966
-1.5236759,-0.831968
-1.5234759,-0.831968
-1.5232759,-0.863967
-1.5230759,-0.863967
-1.5228759,-0.863967
-1.5226759,-0.831968
-1.5224759,-0.863967
-1.5222759,-0.831968
-1.5220759,-0.863967
-1.5218759,-0.831968
-1.5216759,-0.831968
-1.5214759,-0.863967
-1.5212759,-0.895966
-1.5210759,-0.863967
-1.5208759,-0.895966
-1.5206759,-0.831968
-1.5204759,-0.831968
-1.5202759,-0.799969
-1.5200759,-0.831968
-1.5198759,-0.863967
-1.5196759,-0.863967
-1.5194759,-0.863967
-1.5192759,-0.863967
-1.5190759,-0.831968
-1.5188759,-0.895966
-1.5186759,-0.799969
-1.5184759,-0.831968
-1.5182759,-0.863967
-1.5180759,-0.863967
-1.5178759,-0.863967
-1.5176759,-0.863967
-1.5174759,-0.863967
-1.5172759,-0.831968
-1.5170759,-0.799969
-1.5168759,-0.863967
-1.5166759,-0.831968
-1.5164759,-0.895966
-1.5162759,-0.831968
-1.5160759,-0.863967
-1.5158759,-0.863967
-1.5156759,-0.863967
-1.5154759,-0.799969
-1.5152759,-0.895966
-1.5150759,-0.831968
-1.5148759,-0.863967
-1.5146759,-0.895966
-1.5144759,-0.831968
-1.5142759,-0.863967
-1.5140759,-0.831968
-1.5138759,-0.863967
-1.5136759,-0.831968
-1.5134759,-0.831968
-1.5132759,-0.863967
-1.5130759,-0.831968
-1.5128759,-0.831968
-1.5126759,-0.799969
-1.5124759,-0.831968
-1.5122759,-0.831968
-1.5120759,-0.831968
-1.5118759,-0.799969
-1.5116759,-0.831968
-1.5114759,-0.799969
-1.5112759,-0.831968
-1.5110759,-0.863967
-1.5108759,-0.831968
-1.5106759,-0.799969
-1.5104759,-0.831968
-1.5102759,-0.767971
-1.5100759,-0.767971
-1.5098759,-0.831968
-1.5096759,-0.767971
-1.5094759,-0.767971
-1.5092759,-0.799969
-1.5090759,-0.767971
-1.5088759,-0.799969
-1.5086759,-0.799969
-1.5084759,-0.767971
-1.5082759,-0.767971
-1.5080759,-0.767971
-1.5078759,-0.735972
-1.5076759,-0.767971
-1.5074759,-0.799969
-1.5072759,-0.767971
-1.5070759,-0.767971
-1.5068759,-0.735972
-1.5066759,-0.767971
-1.5064759,-0.767971
-1.5062759,-0.767971
-1.5060759,-0.735972
-1.5058759,-0.767971
-1.5056759,-0.799969
-1.5054759,-0.767971
-1.5052759,-0.799969
-1.5050759,-0.767971
-1.5048759,-0.767971
-1.5046759,-0.767971
-1.5044759,-0.799969
-1.5042759,-0.799969
-1.5040759,-0.735972
-1.5038759,-0.799969
-1.5036759,-0.735972
-1.5034759,-0.735972
-1.5032759,-0.735972
-1.5030759,-0.767971
-1.5028759,-0.735972
-1.5026759,-0.703973
-1.5024759,-0.767971
-1.5022759,-0.735972
-1.5020759,-0.767971
-1.5018759,-0.767971
-1.5016759,-0.735972
-1.5014759,-0.735972
-1.5012759,-0.767971
-1.5010759,-0.735972
-1.5008759,-0.767971
-1.5006759,-0.735972
-1.5004759,-0.767971
-1.5002759,-0.767971
-1.5000759,-0.767971
-1.4998759,-0.735972
-1.4996759,-0.703973
-1.4994759,-0.767971
-1.4992759,-0.703973
-1.4990759,-0.767971
-1.4988759,-0.735972
-1.4986759,-0.735972
-1.4984759,-0.703973
-1.4982759,-0.735972
-1.4980759,-0.735972
-1.4978759,-0.703973
-1.4976759,-0.735972
-1.4974759,-0.703973
-1.4972759,-0.671974
-1.4970759,-0.735972
-1.4968759,-0.703973
-1.4966759,-0.671974
-1.4964759,-0.735972
-1.4962759,-0.671974
-1.4960759,-0.671974
-1.4958759,-0.671974
-1.4956759,-0.671974
-1.4954759,-0.703973
-1.4952759,-0.671974
-1.4950759,-0.767971
-1.4948759,-0.671974
-1.4946759,-0.735972
-1.4944759,-0.639975
-1.4942759,-0.671974
-1.4940759,-0.671974
-1.4938759,-0.639975
-1.4936759,-0.671974
-1.4934759,-0.639975
-1.4932759,-0.671974
-1.4930759,-0.703973
-1.4928759,-0.639975
-1.4926759,-0.671974
-1.4924759,-0.639975
-1.4922759,-0.639975
-1.4920759,-0.639975
-1.4918759,-0.639975
-1.4916759,-0.671974
-1.4914759,-0.671974
-1.4912759,-0.639975
-1.4910759,-0.607977
-1.4908759,-0.639975
-1.4906759,-0.575978
-1.4904759,-0.607977
-1.4902759,-0.639975
-1.4900759,-0.607977
-1.4898759,-0.607977
-1.4896759,-0.639975
-1.4894759,-0.639975
-1.4892759,-0.607977
-1.4890759,-0.575978
-1.4888759,-0.639975
-1.4886759,-0.607977
-1.4884759,-0.607977
-1.4882759,-0.639975
-1.4880759,-0.575978
-1.4878759,-0.607977
-1.4876759,-0.575978
-1.4874759,-0.607977
-1.4872759,-0.575978
-1.4870759,-0.575978
-1.4868759,-0.575978
-1.4866759,-0.575978
-1.4864759,-0.575978
-1.4862759,-0.543979
-1.4860759,-0.575978
-1.4858759,-0.575978
-1.4856759,-0.575978
-1.4854759,-0.543979
-1.4852759,-0.543979
-1.4850759,-0.575978
-1.4848759,-0.543979
-1.4846759,-0.575978
-1.4844759,-0.575978
-1.4842759,-0.51198
-1.4840759,-0.51198
-1.4838759,-0.51198
-1.4836759,-0.543979
-1.4834759,-0.51198
-1.4832759,-0.543979
-1.4830759,-0.51198
-1.4828759,-0.51198
-1.4826759,-0.51198
-1.4824759,-0.447983
-1.4822759,-0.543979
-1.4820759,-0.51198
-1.4818759,-0.51198
-1.4816759,-0.447983
-1.4814759,-0.51198
-1.4812759,-0.51198
-1.4810759,-0.479982
-1.4808759,-0.479982
-1.4806759,-0.479982
-1.4804759,-0.447983
-1.4802759,-0.479982
-1.4800759,-0.479982
-1.4798759,-0.415984
-1.4796759,-0.479982
-1.4794759,-0.479982
-1.4792759,-0.447983
-1.4790759,-0.479982
-1.4788759,-0.447983
-1.4786759,-0.415984
-1.4784759,-0.447983
-1.4782759,-0.415984
-1.4780759,-0.415984
-1.4778759,-0.447983
-1.4776759,-0.415984
-1.4774759,-0.415984
-1.4772759,-0.447983
-1.4770759,-0.447983
-1.4768759,-0.415984
-1.4766759,-0.415984
-1.4764759,-0.415984
-1.4762759,-0.383985
-1.4760759,-0.415984
-1.4758759,-0.415984
-1.4756759,-0.383985
-1.4754759,-0.351986
-1.4752759,-0.383985
-1.4750759,-0.351986
-1.4748759,-0.351986
-1.4746759,-0.351986
-1.4744759,-0.351986
-1.4742759,-0.351986
-1.4740759,-0.287989
-1.4738759,-0.319988
-1.4736759,-0.351986
-1.4734759,-0.351986
-1.4732759,-0.319988
-1.4730759,-0.351986
-1.4728759,-0.319988
-1.4726759,-0.287989
-1.4724759,-0.319988
-1.4722759,-0.287989
-1.4720759,-0.287989
-1.4718759,-0.319988
-1.4716759,-0.25599
-1.4714759,-0.287989
-1.4712759,-0.287989
-1.4710759,-0.287989
-1.4708759,-0.223991
-1.4706759,-0.223991
-1.4704759,-0.191993
-1.4702759,-0.25599
-1.4700759,-0.287989
-1.4698759,-0.223991
-1.4696759,-0.25599
-1.4694759,-0.223991
-1.4692759,-0.223991
-1.4690759,-0.25599
-1.4688759,-0.191993
-1.4686759,-0.191993
-1.4684759,-0.223991
-1.4682759,-0.159994
-1.4680759,-0.223991
-1.4678759,-0.191993
-1.4676759,-0.223991
-1.4674759,-0.223991
-1.4672759,-0.159994
-1.4670759,-0.191993
-1.4668759,-0.127995
-1.4666759,-0.191993
-1.4664759,-0.159994
-1.4662759,-0.159994
-1.4660759,-0.191993
-1.4658759,-0.159994
-1.4656759,-0.127995
-1.4654759,-0.159994
-1.4652759,-0.159994
-1.4650759,-0.127995
-1.4648759,-0.0959963
-1.4646759,-0.0639975
-1.4644759,-0.127995
-1.4642759,-0.127995
-1.4640759,-0.127995
-1.4638759,-0.0959963
-1.4636759,-0.0959963
-1.4634759,-0.0639975
-1.4632759,-0.0639975
-1.4630759,-0.0639975
-1.4628759,-0.0959963
-1.4626759,-0.0959963
-1.4624759,-0.0959963
-1.4622759,-0.0319988
-1.4620759,-0.0639975
-1.4618759,-0.0639975
-1.4616759,0
-1.4614759,-0.0639975
-1.4612759,-0.0639975
-1.4610759,0.0319988
-1.4608759,0
-1.4606759,-0.0319988
-1.4604759,-0.0319988
-1.4602759,0
-1.4600759,-0.0319988
-1.4598759,0.0319988
-1.4596759,0.0319988
-1.4594759,0
-1.4592759,0.0319988
-1.4590759,0.0639975
-1.4588759,0.0319988
-1.4586759,0.0639975
-1.4584759,0.0319988
-1.4582759,0.0639975
-1.4580759,0.0959963
-1.4578759,0.0639975
-1.4576759,0.0319988
-1.4574759,0.0959963
-1.4572759,0.0959963
-1.4570759,0.0959963
-1.4568759,0.0639975
-1.4566759,0.0639975
-1.4564759,0.0959963
-1.4562759,0.0959963
-1.4560759,0.0639975
-1.4558759,0.127995
-1.4556759,0.127995
-1.4554759,0.0959963
-1.4552759,0.0959963
-1.4550759,0.159994
-1.4548759,0.127995
-1.4546759,0.159994
-1.4544759,0.127995
-1.4542759,0.127995
-1.4540759,0.159994
-1.4538759,0.159994
-1.4536759,0.191993
-1.4534759,0.159994
-1.4532759,0.159994
-1.4530759,0.159994
-1.4528759,0.159994
-1.4526759,0.191993
-1.4524759,0.159994
-1.4522759,0.191993
-1.4520759,0.159994
-1.4518759,0.223991
-1.4516759,0.191993
-1.4514759,0.223991
-1.4512759,0.191993
-1.4510759,0.223991
-1.4508759,0.223991
-1.4506759,0.191993
-1.4504759,0.25599
-1.4502759,0.25599
-1.4500759,0.223991
-1.4498759,0.223991
-1.4496759,0.287989
-1.4494759,0.25599
-1.4492759,0.25599
-1.4490759,0.287989
-1.4488759,0.25599
-1.4486759,0.287989
-1.4484759,0.287989
-1.4482759,0.319988
-1.4480759,0.287989
-1.4478759,0.287989
-1.4476759,0.319988
-1.4474759,0.319988
-1.4472759,0.383985
-1.4470759,0.319988
-1.4468759,0.319988
-1.4466759,0.351986
-1.4464759,0.319988
-1.4462759,0.351986
-1.4460759,0.351986
-1.4458759,0.319988
-1.4456759,0.351986
-1.4454759,0.383985
-1.4452759,0.383985
-1.4450759,0.319988
-1.4448759,0.383985
-1.4446759,0.383985
-1.4444759,0.351986
-1.4442759,0.415984
-1.4440759,0.383985
-1.4438759,0.415984
-1.4436759,0.479982
-1.4434759,0.447983
-1.4432759,0.447983
-1.4430759,0.447983
-1.4428759,0.447983
-1.4426759,0.415984
-1.4424759,0.447983
-1.4422759,0.415984
-1.4420759,0.447983
-1.4418759,0.51198
-1.4416759,0.543979
-1.4414759,0.51198
-1.4412759,0.51198
-1.4410759,0.543979
-1.4408759,0.447983
-1.4406759,0.51198
-1.4404759,0.543979
-1.4402759,0.51198
-1.4400759,0.543979
-1.4398759,0.51198
-1.4396759,0.543979
-1.4394759,0.543979
-1.4392759,0.575978
-1.4390759,0.543979
-1.4388759,0.543979
-1.4386759,0.607977
-1.4384759,0.543979
-1.4382759,0.575978
-1.4380759,0.607977
-1.4378759,0.607977
-1.4376759,0.607977
-1.4374759,0.639975
-1.4372759,0.607977
-1.4370759,0.607977
-1.4368759,0.639975
-1.4366759,0.575978
-1.4364759,0.607977
-1.4362759,0.639975
-1.4360759,0.671974
-1.4358759,0.671974
-1.4356759,0.703973
-1.4354759,0.671974
-1.4352759,0.703973
-1.4350759,0.703973
-1.4348759,0.671974
-1.4346759,0.671974
-1.4344759,0.735972
-1.4342759,0.671974
-1.4340759,0.671974
-1.4338759,0.735972
-1.4336759,0.735972
-1.4334759,0.735972
-1.4332759,0.735972
-1.4330759,0.735972
-1.4328759,0.735972
-1.4326759,0.735972
-1.4324759,0.735972
-1.4322759,0.735972
-1.4320759,0.799969
-1.4318759,0.767971
-1.4316759,0.767971
-1.4314759,0.831968
-1.4312759,0.799969
-1.4310759,0.799969
-1.4308759,0.831968
-1.4306759,0.799969
-1.4304759,0.799969
-1.4302759,0.831968
-1.4300759,0.831968
-1.4298759,0.863967
-1.4296759,0.863967
-1.4294759,0.831968
-1.4292759,0.863967
-1.4290759,0.863967
-1.4288759,0.831968
-1.4286759,0.895966
-1.4284759,0.863967
-1.4282759,0.895966
-1.4280759,0.895966
-1.4278759,0.895966
-1.4276759,0.895966
-1.4274759,0.895966
-1.4272759,0.863967
-1.4270759,0.895966
-1.4268759,0.927964
-1.4266759,0.895966
-1.4264759,0.959963
-1.4262759,0.959963
-1.4260759,0.927964
-1.4258759,0.927964
-1.4256759,0.959963
-1.4254759,0.991962
-1.4252759,0.991962
-1.4250759,0.991962
-1.4248759,0.959963
-1.4246759,0.959963
-1.4244759,0.959963
-1.4242759,0.991962
-1.4240759,0.991962
-1.4238759,1.02396
-1.4236759,0.991962
-1.4234759,0.991962
-1.4232759,1.05596
-1.4230759,1.02396
-1.4228759,0.959963
-1.4226759,1.02396
-1.4224759,1.05596
-1.4222759,1.05596
-1.4220759,1.05596
-1.4218759,1.05596
-1.4216759,1.05596
-1.4214759,1.05596
-1.4212759,1.05596
-1.4210759,1.08796
-1.4208759,1.05596
-1.4206759,1.08796
-1.4204759,1.08796
-1.4202759,1.11996
-1.4200759,1.08796
-1.4198759,1.15196
-1.4196759,1.15196
-1.4194759,1.11996
-1.4192759,1.11996
-1.4190759,1.11996
-1.4188759,1.15196
-1.4186759,1.15196
-1.4184759,1.15196
-1.4182759,1.15196
-1.4180759,1.15196
-1.4178759,1.15196
-1.4176759,1.18395
-1.4174759,1.15196
-1.4172759,1.15196
-1.4170759,1.15196
-1.4168759,1.15196
-1.4166759,1.15196
-1.4164759,1.18395
-1.4162759,1.18395
-1.4160759,1.18395
-1.4158759,1.18395
-1.4156759,1.18395
-1.4154759,1.21595
-1.4152759,1.21595
-1.4150759,1.18395
-1.4148759,1.21595
-1.4146759,1.21595
-1.4144759,1.24795
-1.4142759,1.21595
-1.4140759,1.24795
-1.4138759,1.24795
-1.4136759,1.21595
-1.4134759,1.27995
-1.4132759,1.21595
-1.4130759,1.27995
-1.4128759,1.24795
-1.4126759,1.27995
-1.4124759,1.27995
-1.4122759,1.34395
-1.4120759,1.27995
-1.4118759,1.31195
-1.4116759,1.31195
-1.4114759,1.31195
-1.4112759,1.31195
-1.4110759,1.31195
-1.4108759,1.27995
-1.4106759,1.31195
-1.4104759,1.40795
-1.4102759,1.27995
-1.4100759,1.34395
-1.4098759,1.37595
-1.4096759,1.34395
-1.4094759,1.34395
-1.4092759,1.40795
-1.4090759,1.31195
-1.4088759,1.34395
-1.4086759,1.34395
-1.4084759,1.34395
-1.4082759,1.34395
-1.4080759,1.37595
-1.4078759,1.34395
-1.4076759,1.37595
-1.4074759,1.40795
-1.4072759,1.34395
-1.4070759,1.34395
-1.4068759,1.40795
-1.4066759,1.34395
-1.4064759,1.40795
-1.4062759,1.37595
-1.4060759,1.40795
-1.4058759,1.40795
-1.4056759,1.40795
-1.4054759,1.37595
-1.4052759,1.40795
-1.4050759,1.43994
-1.4048759,1.37595
-1.4046759,1.43994
-1.4044759,1.43994
-1.4042759,1.40795
-1.4040759,1.43994
-1.4038759,1.43994
-1.4036759,1.47194
-1.4034759,1.43994
-1.4032759,1.47194
-1.4030759,1.43994
-1.4028759,1.47194
-1.4026759,1.50394
-1.4024759,1.47194
-1.4022759,1.43994
-1.4020759,1.47194
-1.4018759,1.47194
-1.4016759,1.47194
-1.4014759,1.50394
-1.4012759,1.43994
-1.4010759,1.53594
-1.4008759,1.50394
-1.4006759,1.47194
-1.4004759,1.47194
-1.4002759,1.50394
-1.4000759,1.50394
-1.3998759,1.53594
-1.3996759,1.53594
-1.3994759,1.53594
-1.3992759,1.53594
-1.3990759,1.56794
-1.3988759,1.47194
-1.3986759,1.53594
-1.3984759,1.50394
-1.3982759,1.53594
-1.3980759,1.50394
-1.3978759,1.53594
-1.3976759,1.50394
-1.3974759,1.50394
-1.3972759,1.50394
-1.3970759,1.56794
-1.3968759,1.53594
-1.3966759,1.59994
-1.3964759,1.56794
-1.3962759,1.56794
-1.3960759,1.53594
-1.3958759,1.56794
-1.3956759,1.53594
-1.3954759,1.53594
-1.3952759,1.53594
-1.3950759,1.56794
-1.3948759,1.59994
-1.3946759,1.56794
-1.3944759,1.56794
-1.3942759,1.63194
-1.3940759,1.56794
-1.3938759,1.56794
-1.3936759,1.56794
-1.3934759,1.59994
-1.3932759,1.59994
-1.3930759,1.63194
-1.3928759,1.59994
-1.3926759,1.63194
-1.3924759,1.63194
-1.3922759,1.63194
-1.3920759,1.56794
-1.3918759,1.59994
-1.3916759,1.63194
-1.3914759,1.56794
-1.3912759,1.59994
-1.3910759,1.59994
-1.3908759,1.66394
-1.3906759,1.63194
-1.3904759,1.63194
-1.3902759,1.63194
-1.3900759,1.66394
-1.3898759,1.66394
-1.3896759,1.59994
-1.3894759,1.66394
-1.3892759,1.66394
-1.3890759,1.63194
-1.3888759,1.63194
-1.3886759,1.66394
-1.3884759,1.66394
-1.3882759,1.63194
-1.3880759,1.63194
-1.3878759,1.66394
-1.3876759,1.63194
-1.3874759,1.66394
-1.3872759,1.66394
-1.3870759,1.66394
-1.3868759,1.66394
-1.3866759,1.66394
-1.3864759,1.69593
-1.3862759,1.69593
-1.3860759,1.69593
-1.3858759,1.72793
-1.3856759,1.63194
-1.3854759,1.69593
-1.3852759,1.69593
-1.3850759,1.69593
-1.3848759,1.69593
-1.3846759,1.69593
-1.3844759,1.72793
-1.3842759,1.72793
-1.3840759,1.72793
-1.3838759,1.72793
-1.3836759,1.69593
-1.3834759,1.72793
-1.3832759,1.72793
-1.3830759,1.69593
-1.3828759,1.72793
-1.3826759,1.72793
-1.3824759,1.72793
-1.3822759,1.72793
-1.3820759,1.72793
-1.3818759,1.69593
-1.3816759,1.69593
-1.3814759,1.69593
-1.3812759,1.75993
-1.3810759,1.72793
-1.3808759,1.72793
-1.3806759,1.72793
-1.3804759,1.72793
-1.3802759,1.72793
-1.3800759,1.72793
-1.3798759,1.72793
-1.3796759,1.72793
-1.3794759,1.72793
-1.3792759,1.75993
-1.3790759,1.72793
-1.3788759,1.72793
-1.3786759,1.75993
-1.3784759,1.75993
-1.3782759,1.75993
-1.3780759,1.72793
-1.3778759,1.72793
-1.3776759,1.72793
-1.3774759,1.75993
-1.3772759,1.72793
-1.3770759,1.72793
-1.3768759,1.79193
-1.3766759,1.75993
-1.3764759,1.79193
-1.3762759,1.72793
-1.3760759,1.72793
-1.3758759,1.69593
-1.3756759,1.72793
-1.3754759,1.75993
-1.3752759,1.79193
-1.3750759,1.75993
-1.3748759,1.75993
-1.3746759,1.72793
-1.3744759,1.79193
-1.3742759,1.79193
-1.3740759,1.79193
-1.3738759,1.79193
-1.3736759,1.75993
-1.3734759,1.75993
-1.3732759,1.75993
-1.3730759,1.75993
-1.3728759,1.75993
-1.3726759,1.75993
-1.3724759,1.75993
-1.3722759,1.75993
-1.3720759,1.75993
-1.3718759,1.75993
-1.3716759,1.79193
-1.3714759,1.79193
-1.3712759,1.79193
-1.3710759,1.75993
-1.3708759,1.79193
-1.3706759,1.79193
-1.3704759,1.75993
-1.3702759,1.79193
-1.3700759,1.72793
-1.3698759,1.79193
-1.3696759,1.79193
-1.3694759,1.79193
-1.3692759,1.79193
-1.3690759,1.79193
-1.3688759,1.79193
-1.3686759,1.79193
-1.3684759,1.82393
-1.3682759,1.75993
-1.3680759,1.75993
-1.3678759,1.75993
-1.3676759,1.75993
-1.3674759,1.79193
-1.3672759,1.79193
-1.3670759,1.75993
-1.3668759,1.75993
-1.3666759,1.79193
-1.3664759,1.79193
-1.3662759,1.79193
-1.3660759,1.79193
-1.3658759,1.79193
-1.3656759,1.75993
-1.3654759,1.79193
-1.3652759,1.75993
-1.3650759,1.72793
-1.3648759,1.79193
-1.3646759,1.75993
-1.3644759,1.75993
-1.3642759,1.79193
-1.3640759,1.75993
-1.3638759,1.72793
-1.3636759,1.72793
-1.3634759,1.75993
-1.3632759,1.79193
-1.3630759,1.75993
-1.3628759,1.75993
-1.3626759,1.72793
-1.3624759,1.75993
-1.3622759,1.79193
-1.3620759,1.72793
-1.3618759,1.79193
-1.3616759,1.79193
-1.3614759,1.75993
-1.3612759,1.75993
-1.3610759,1.75993
-1.3608759,1.75993
-1.3606759,1.75993
-1.3604759,1.72793
-1.3602759,1.72793
-1.3600759,1.79193
-1.3598759,1.75993
-1.3596759,1.75993
-1.3594759,1.75993
-1.3592759,1.75993
-1.3590759,1.72793
-1.3588759,1.72793
-1.3586759,1.75993
-1.3584759,1.75993
-1.3582759,1.72793
-1.3580759,1.79193
-1.3578759,1.72793
-1.3576759,1.75993
-1.3574759,1.75993
-1.3572759,1.72793
-1.3570759,1.69593
-1.3568759,1.72793
-1.3566759,1.75993
-1.3564759,1.72793
-1.3562759,1.69593
-1.3560759,1.72793
-1.3558759,1.72793
-1.3556759,1.72793
-1.3554759,1.72793
-1.3552759,1.69593
-1.3550759,1.72793
-1.3548759,1.69593
-1.3546759,1.72793
-1.3544759,1.72793
-1.3542759,1.72793
-1.3540759,1.69593
-1.3538759,1.69593
-1.3536759,1.66394
-1.3534759,1.69593
-1.3532759,1.66394
-1.3530759,1.72793
-1.3528759,1.63194
-1.3526759,1.69593
-1.3524759,1.69593
-1.3522759,1.66394
-1.3520759,1.66394
-1.3518759,1.66394
-1.3516759,1.66394
-1.3514759,1.69593
-1.3512759,1.66394
-1.3510759,1.69593
-1.3508759,1.69593
-1.3506759,1.66394
-1.3504759,1.66394
-1.3502759,1.69593
-1.3500759,1.63194
-1.3498759,1.66394
-1.3496759,1.63194
-1.3494759,1.63194
-1.3492759,1.59994
-1.3490759,1.66394
-1.3488759,1.63194
-1.3486759,1.66394
-1.3484759,1.63194
-1.3482759,1.59994
-1.3480759,1.63194
-1.3478759,1.63194
-1.3476759,1.59994
-1.3474759,1.66394
-1.3472759,1.63194
-1.3470759,1.63194
-1.3468759,1.63194
-1.3466759,1.63194
-1.3464759,1.63194
-1.3462759,1.59994
-1.3460759,1.66394
-1.3458759,1.59994
-1.3456759,1.63194
-1.3454759,1.59994
-1.3452759,1.63194
-1.3450759,1.63194
-1.3448759,1.63194
-1.3446759,1.63194
-1.3444759,1.63194
-1.3442759,1.56794
-1.3440759,1.56794
-1.3438759,1.59994
-1.3436759,1.63194
-1.3434759,1.56794
-1.3432759,1.59994
-1.3430759,1.59994
-1.3428759,1.63194
-1.3426759,1.59994
-1.3424759,1.56794
-1.3422759,1.53594
-1.3420759,1.59994
-1.3418759,1.56794
-1.3416759,1.56794
-1.3414759,1.56794
-1.3412759,1.53594
-1.3410759,1.53594
-1.3408759,1.53594
-1.3406759,1.50394
-1.3404759,1.53594
-1.3402759,1.56794
-1.3400759,1.53594
-1.3398759,1.53594
-1.3396759,1.56794
-1.3394759,1.53594
-1.3392759,1.53594
-1.3390759,1.56794
-1.3388759,1.50394
-1.3386759,1.53594
-1.3384759,1.53594
-1.3382759,1.50394
-1.3380759,1.50394
-1.3378759,1.50394
-1.3376759,1.50394
-1.3374759,1.50394
-1.3372759,1.50394
-1.3370759,1.53594
-1.3368759,1.50394
-1.3366759,1.50394
-1.3364759,1.50394
-1.3362759,1.47194
-1.3360759,1.50394
-1.3358759,1.43994
-1.3356759,1.47194
-1.3354759,1.47194
-1.3352759,1.47194
-1.3350759,1.47194
-1.3348759,1.47194
-1.3346759,1.50394
-1.3344759,1.40795
-1.3342759,1.47194
-1.3340759,1.40795
-1.3338759,1.40795
-1.3336759,1.47194
-1.3334759,1.43994
-1.3332759,1.43994
-1.3330759,1.47194
-1.3328759,1.43994
-1.3326759,1.40795
-1.3324759,1.43994
-1.3322759,1.40795
-1.3320759,1.43994
-1.3318759,1.43994
-1.3316759,1.37595
-1.3314759,1.37595
-1.3312759,1.40795
-1.3310759,1.37595
-1.3308759,1.34395
-1.3306759,1.34395
-1.3304759,1.34395
-1.3302759,1.34395
-1.3300759,1.40795
-1.3298759,1.31195
-1.3296759,1.34395
-1.3294759,1.40795
-1.3292759,1.31195
-1.3290759,1.31195
-1.3288759,1.34395
-1.3286759,1.34395
-1.3284759,1.27995
-1.3282759,1.34395
-1.3280759,1.27995
-1.3278759,1.27995
-1.3276759,1.31195
-1.3274759,1.31195
-1.3272759,1.27995
-1.3270759,1.31195
-1.3268759,1.24795
-1.3266759,1.24795
-1.3264759,1.27995
-1.3262759,1.24795
-1.3260759,1.21595
-1.3258759,1.24795
-1.3256759,1.24795
-1.3254759,1.18395
-1.3252759,1.27995
-1.3250759,1.21595
-1.3248759,1.18395
-1.3246759,1.18395
-1.3244759,1.21595
-1.3242759,1.18395
-1.3240759,1.15196
-1.3238759,1.18395
-1.3236759,1.18395
-1.3234759,1.21595
-1.3232759,1.15196
-1.3230759,1.18395
-1.3228759,1.15196
-1.3226759,1.18395
-1.3224759,1.11996
-1.3222759,1.11996
-1.3220759,1.18395
-1.3218759,1.15196
-1.3216759,1.18395
-1.3214759,1.08796
-1.3212759,1.18395
-1.3210759,1.11996
-1.3208759,1.15196
-1.3206759,1.08796
-1.3204759,1.08796
-1.3202759,1.11996
-1.3200759,1.08796
-1.3198759,1.08796
-1.3196759,1.08796
-1.3194759,1.15196
-1.3192759,1.11996
-1.3190759,1.08796
-1.3188759,1.05596
-1.3186759,1.05596
-1.3184759,1.05596
-1.3182759,1.05596
-1.3180759,1.05596
-1.3178759,1.02396
-1.3176759,1.02396
-1.3174759,1.08796
-1.3172759,1.05596
-1.3170759,1.02396
-1.3168759,1.02396
-1.3166759,0.991962
-1.3164759,1.02396
-1.3162759,0.991962
-1.3160759,1.02396
-1.3158759,0.991962
-1.3156759,1.02396
-1.3154759,0.991962
-1.3152759,0.991962
-1.3150759,0.991962
-1.3148759,0.959963
-1.3146759,0.927964
-1.3144759,0.927964
-1.3142759,0.959963
-1.3140759,0.959963
-1.3138759,0.959963
-1.3136759,0.927964
-1.3134759,0.959963
-1.3132759,0.927964
-1.3130759,0.927964
-1.3128759,0.895966
-1.3126759,0.895966
-1.3124759,0.895966
-1.3122759,0.863967
-1.3120759,0.895966
-1.3118759,0.863967
-1.3116759,0.863967
-1.3114759,0.863967
-1.3112759,0.863967
-1.3110759,0.863967
-1.3108759,0.863967
-1.3106759,0.863967
-1.3104759,0.831968
-1.3102759,0.895966
-1.3100759,0.863967
-1.3098759,0.863967
-1.3096759,0.863967
-1.3094759,0.831968
-1.3092759,0.863967
-1.3090759,0.799969
-1.3088759,0.799969
-1.3086759,0.799969
-1.3084759,0.831968
-1.3082759,0.799969
-1.3080759,0.799969
-1.3078759,0.863967
-1.3076759,0.767971
-1.3074759,0.799969
-1.3072759,0.799969
-1.3070759,0.735972
-1.3068759,0.735972
-1.3066759,0.767971
-1.3064759,0.703973
-1.3062759,0.703973
-1.3060759,0.767971
-1.3058759,0.735972
-1.3056759,0.735972
-1.3054759,0.767971
-1.3052759,0.671974
-1.3050759,0.703973
-1.3048759,0.767971
-1.3046759,0.639975
-1.3044759,0.639975
-1.3042759,0.703973
-1.3040759,0.639975
-1.3038759,0.639975
-1.3036759,0.703973
-1.3034759,0.671974
-1.3032759,0.639975
-1.3030759,0.671974
-1.3028759,0.575978
-1.3026759,0.607977
-1.3024759,0.639975
-1.3022759,0.575978
-1.3020759,0.607977
-1.3018759,0.639975
-1.3016759,0.575978
-1.3014759,0.543979
-1.3012759,0.575978
-1.3010759,0.575978
-1.3008759,0.543979
-1.3006759,0.607977
-1.3004759,0.51198
-1.3002759,0.543979
-1.3000759,0.575978
-1.2998759,0.51198
-1.2996759,0.479982
-1.2994759,0.543979
-1.2992759,0.479982
-1.2990759,0.51198
-1.2988759,0.543979
-1.2986759,0.479982
-1.2984759,0.447983
-1.2982759,0.447983
-1.2980759,0.447983
-1.2978759,0.479982
-1.2976759,0.447983
-1.2974759,0.415984
-1.2972759,0.383985
-1.2970759,0.383985
-1.2968759,0.383985
-1.2966759,0.415984
-1.2964759,0.415984
-1.2962759,0.383985
-1.2960759,0.383985
-1.2958759,0.383985
-1.2956759,0.351986
-1.2954759,0.383985
-1.2952759,0.319988
-1.2950759,0.287989
-1.2948759,0.383985
-1.2946759,0.351986
-1.2944759,0.319988
-1.2942759,0.351986
-1.2940759,0.319988
-1.2938759,0.319988
-1.2936759,0.319988
-1.2934759,0.287989
-1.2932759,0.25599
-1.2930759,0.25599
-1.2928759,0.25599
-1.2926759,0.25599
-1.2924759,0.287989
-1.2922759,0.25599
-1.2920759,0.25599
-1.2918759,0.223991
-1.2916759,0.191993
-1.2914759,0.191993
-1.2912759,0.25599
-1.2910759,0.159994
-1.2908759,0.191993
-1.2906759,0.191993
-1.2904759,0.159994
-1.2902759,0.191993
-1.2900759,0.191993
-1.2898759,0.159994
-1.2896759,0.127995
-1.2894759,0.159994
-1.2892759,0.127995
-1.2890759,0.127995
-1.2888759,0.127995
-1.2886759,0.0959963
-1.2884759,0.0959963
-1.2882759,0.0959963
-1.2880759,0.0959963
-1.2878759,0.0959963
-1.2876759,0.127995
-1.2874759,0.0959963
-1.2872759,0.0959963
-1.2870759,0.0959963
-1.2868759,0.0959963
-1.2866759,0.0959963
-1.2864759,0.0959963
-1.2862759,0.0959963
-1.2860759,0.0319988
-1.2858759,0.0639975
-1.2856759,0.0959963
-1.2854759,0
-1.2852759,0.0959963
-1.2850759,0.0639975
-1.2848759,0
-1.2846759,0.0319988
-1.2844759,0
-1.2842759,0
-1.2840759,0.0319988
-1.2838759,0.0319988
-1.2836759,0
-1.2834759,-0.0319988
-1.2832759,-0.0319988
-1.2830759,-0.0319988
-1.2828759,-0.0639975
-1.2826759,-0.0319988
-1.2824759,-0.0639975
-1.2822759,-0.0639975
-1.2820759,-0.0639975
-1.2818759,-0.0319988
-1.2816759,-0.0639975
-1.2814759,-0.0639975
-1.2812759,-0.0959963
-1.2810759,-0.0639975
-1.2808759,-0.0639975
-1.2806759,-0.127995
-1.2804759,-0.0639975
-1.2802759,-0.127995
-1.2800759,-0.0639975
-1.2798759,-0.127995
-1.2796759,-0.127995
-1.2794759,-0.127995
-1.2792759,-0.159994
-1.2790759,-0.127995
-1.2788759,-0.127995
-1.2786759,-0.127995
-1.2784759,-0.127995
-1.2782759,-0.191993
-1.2780759,-0.127995
-1.2778759,-0.127995
-1.2776759,-0.191993
-1.2774759,-0.127995
-1.2772759,-0.191993
-1.2770759,-0.159994
-1.2768759,-0.159994
-1.2766759,-0.127995
-1.2764759,-0.159994
-1.2762759,-0.159994
-1.2760759,-0.159994
-1.2758759,-0.191993
-1.2756759,-0.223991
-1.2754759,-0.191993
-1.2752759,-0.223991
-1.2750759,-0.159994
-1.2748759,-0.191993
-1.2746759,-0.191993
-1.2744759,-0.191993
-1.2742759,-0.127995
-1.2740759,-0.223991
-1.2738759,-0.223991
-1.2736759,-0.223991
-1.2734759,-0.191993
-1.2732759,-0.223991
-1.2730759,-0.223991
-1.2728759,-0.159994
-1.2726759,-0.25599
-1.2724759,-0.223991
-1.2722759,-0.25599
-1.2720759,-0.25599
-1.2718759,-0.25599
-1.2716759,-0.25599
-1.2714759,-0.223991
-1.2712759,-0.191993
-1.2710759,-0.223991
-1.2708759,-0.223991
-1.2706759,-0.25599
-1.2704759,-0.25599
-1.2702759,-0.25599
-1.2700759,-0.223991
-1.2698759,-0.287989
-1.2696759,-0.25599
-1.2694759,-0.25599
-1.2692759,-0.25599
-1.2690759,-0.287989
-1.2688759,-0.223991
-1.2686759,-0.25599
-1.2684759,-0.25599
-1.2682759,-0.287989
-1.2680759,-0.319988
-1.2678759,-0.287989
-1.2676759,-0.25599
-1.2674759,-0.287989
-1.2672759,-0.319988
-1.2670759,-0.319988
-1.2668759,-0.287989
-1.2666759,-0.287989
-1.2664759,-0.319988
-1.2662759,-0.319988
-1.2660759,-0.351986
-1.2658759,-0.287989
-1.2656759,-0.287989
-1.2654759,-0.319988
-1.2652759,-0.351986
-1.2650759,-0.319988
-1.2648759,-0.287989
-1.2646759,-0.223991
-1.2644759,-0.319988
-1.2642759,-0.351986
-1.2640759,-0.319988
-1.2638759,-0.319988
-1.2636759,-0.287989
-1.2634759,-0.319988
-1.2632759,-0.319988
-1.2630759,-0.351986
-1.2628759,-0.319988
-1.2626759,-0.319988
-1.2624759,-0.351986
-1.2622759,-0.25599
-1.2620759,-0.319988
-1.2618759,-0.25599
-1.2616759,-0.319988
-1.2614759,-0.319988
-1.2612759,-0.351986
-1.2610759,-0.319988
-1.2608759,-0.319988
-1.2606759,-0.383985
-1.2604759,-0.319988
-1.2602759,-0.319988
-1.2600759,-0.383985
-1.2598759,-0.383985
-1.2596759,-0.287989
-1.2594759,-0.415984
-1.2592759,-0.319988
-1.2590759,-0.287989
-1.2588759,-0.319988
-1.2586759,-0.351986
-1.2584759,-0.319988
-1.2582759,-0.383985
-1.2580759,-0.351986
-1.2578759,-0.351986
-1.2576759,-0.351986
-1.2574759,-0.383985
-1.2572759,-0.319988
-1.2570759,-0.415984
-1.2568759,-0.383985
-1.2566759,-0.351986
-1.2564759,-0.351986
-1.2562759,-0.415984
-1.2560759,-0.351986
-1.2558759,-0.383985
-1.2556759,-0.415984
-1.2554759,-0.351986
-1.2552759,-0.351986
-1.2550759,-0.351986
-1.2548759,-0.319988
-1.2546759,-0.383985
-1.2544759,-0.383985
-1.2542759,-0.383985
-1.2540759,-0.415984
-1.2538759,-0.415984
-1.2536759,-0.383985
-1.2534759,-0.415984
-1.2532759,-0.383985
-1.2530759,-0.351986
-1.2528759,-0.415984
-1.2526759,-0.383985
-1.2524759,-0.351986
-1.2522759,-0.415984
-1.2520759,-0.415984
-1.2518759,-0.383985
-1.2516759,-0.415984
-1.2514759,-0.383985
-1.2512759,-0.351986
-1.2510759,-0.415984
-1.2508759,-0.415984
-1.2506759,-0.383985
-1.2504759,-0.415984
-1.2502759,-0.383985
-1.2500759,-0.383985
-1.2498759,-0.415984
-1.2496759,-0.383985
-1.2494759,-0.351986
-1.2492759,-0.415984
-1.2490759,-0.383985
-1.2488759,-0.351986
-1.2486759,-0.415984
-1.2484759,-0.383985
-1.2482759,-0.383985
-1.2480759,-0.447983
-1.2478759,-0.383985
-1.2476759,-0.383985
-1.2474759,-0.447983
-1.2472759,-0.415984
-1.2470759,-0.383985
-1.2468759,-0.383985
-1.2466759,-0.383985
-1.2464759,-0.351986
-1.2462759,-0.415984
-1.2460759,-0.415984
-1.2458759,-0.415984
-1.2456759,-0.447983
-1.2454759,-0.415984
-1.2452759,-0.383985
-1.2450759,-0.415984
-1.2448759,-0.351986
-1.2446759,-0.383985
-1.2444759,-0.447983
-1.2442759,-0.415984
-1.2440759,-0.383985
-1.2438759,-0.447983
-1.2436759,-0.383985
-1.2434759,-0.415984
-1.2432759,-0.383985
-1.2430759,-0.383985
-1.2428759,-0.383985
-1.2426759,-0.383985
-1.2424759,-0.383985
-1.2422759,-0.383985
-1.2420759,-0.415984
-1.2418759,-0.383985
-1.2416759,-0.383985
-1.2414759,-0.415984
-1.2412759,-0.415984
-1.2410759,-0.415984
-1.2408759,-0.415984
-1.2406759,-0.415984
-1.2404759,-0.447983
-1.2402759,-0.415984
-1.2400759,-0.415984
-1.2398759,-0.415984
-1.2396759,-0.447983
-1.2394759,-0.447983
-1.2392759,-0.447983
-1.2390759,-0.447983
-1.2388759,-0.479982
-1.2386759,-0.415984
-1.2384759,-0.479982
-1.2382759,-0.415984
-1.2380759,-0.415984
-1.2378759,-0.447983
-1.2376759,-0.447983
-1.2374759,-0.415984
-1.2372759,-0.447983
-1.2370759,-0.447983
-1.2368759,-0.447983
-1.2366759,-0.447983
-1.2364759,-0.415984
-1.2362759,-0.447983
-1.2360759,-0.51198
-1.2358759,-0.415984
-1.2356759,-0.447983
-1.2354759,-0.447983
-1.2352759,-0.415984
-1.2350759,-0.415984
-1.2348759,-0.447983
-1.2346759,-0.447983
-1.2344759,-0.415984
-1.2342759,-0.479982
-1.2340759,-0.447983
-1.2338759,-0.447983
-1.2336759,-0.447983
-1.2334759,-0.479982
-1.2332759,-0.447983
-1.2330759,-0.479982
-1.2328759,-0.479982
-1.2326759,-0.447983
-1.2324759,-0.479982
-1.2322759,-0.447983
-1.2320759,-0.447983
-1.2318759,-0.447983
-1.2316759,-0.479982
-1.2314759,-0.447983
-1.2312759,-0.51198
-1.2310759,-0.447983
-1.2308759,-0.447983
-1.2306759,-0.479982
-1.2304759,-0.479982
-1.2302759,-0.447983
-1.2300759,-0.51198
-1.2298759,-0.543979
-1.2296759,-0.479982
-1.2294759,-0.51198
-1.2292759,-0.479982
-1.2290759,-0.51198
-1.2288759,-0.51198
-1.2286759,-0.479982
-1.2284759,-0.447983
-1.2282759,-0.447983
-1.2280759,-0.479982
-1.2278759,-0.447983
-1.2276759,-0.51198
-1.2274759,-0.51198
-1.2272759,-0.447983
-1.2270759,-0.479982
-1.2268759,-0.479982
-1.2266759,-0.51198
-1.2264759,-0.479982
-1.2262759,-0.51198
-1.2260759,-0.479982
-1.2258759,-0.543979
-1.2256759,-0.479982
-1.2254759,-0.447983
-1.2252759,-0.51198
-1.2250759,-0.479982
-1.2248759,-0.479982
-1.2246759,-0.51198
-1.2244759,-0.447983
-1.2242759,-0.479982
-1.2240759,-0.543979
-1.2238759,-0.447983
-1.2236759,-0.51198
-1.2234759,-0.51198
-1.2232759,-0.51198
-1.2230759,-0.479982
-1.2228759,-0.575978
-1.2226759,-0.51198
-1.2224759,-0.479982
-1.2222759,-0.51198
-1.2220759,-0.479982
-1.2218759,-0.51198
-1.2216759,-0.543979
-1.2214759,-0.51198
-1.2212759,-0.479982
-1.2210759,-0.51198
-1.2208759,-0.51198
-1.2206759,-0.51198
-1.2204759,-0.543979
-1.2202759,-0.51198
-1.2200759,-0.543979
-1.2198759,-0.51198
-1.2196759,-0.543979
-1.2194759,-0.479982
-1.2192759,-0.51198
-1.2190759,-0.51198
-1.2188759,-0.543979
-1.2186759,-0.543979
-1.2184759,-0.575978
-1.2182759,-0.575978
-1.2180759,-0.575978
-1.2178759,-0.543979
-1.2176759,-0.51198
-1.2174759,-0.575978
-1.2172759,-0.543979
-1.2170759,-0.51198
-1.2168759,-0.51198
-1.2166759,-0.51198
-1.2164759,-0.543979
-1.2162759,-0.543979
-1.2160759,-0.51198
-1.2158759,-0.543979
-1.2156759,-0.575978
-1.2154759,-0.51198
-1.2152759,-0.575978
-1.2150759,-0.543979
-1.2148759,-0.543979
-1.2146759,-0.479982
-1.2144759,-0.575978
-1.2142759,-0.543979
-1.2140759,-0.543979
-1.2138759,-0.575978
-1.2136759,-0.51198
-1.2134759,-0.51198
-1.2132759,-0.543979
-1.2130759,-0.575978
-1.2128759,-0.543979
-1.2126759,-0.543979
-1.2124759,-0.543979
-1.2122759,-0.51198
-1.2120759,-0.575978
-1.2118759,-0.543979
-1.2116759,-0.543979
-1.2114759,-0.543979
-1.2112759,-0.543979
-1.2110759,-0.543979
-1.2108759,-0.575978
-1.2106759,-0.575978
-1.2104759,-0.51198
-1.2102759,-0.51198
-1.2100759,-0.543979
-1.2098759,-0.543979
-1.2096759,-0.575978
-1.2094759,-0.51198
-1.2092759,-0.51198
-1.2090759,-0.543979
-1.2088759,-0.575978
-1.2086759,-0.51198
-1.2084759,-0.543979
-1.2082759,-0.607977
-1.2080759,-0.51198
-1.2078759,-0.575978
-1.2076759,-0.543979
-1.2074759,-0.543979
-1.2072759,-0.543979
-1.2070759,-0.543979
-1.2068759,-0.51198
-1.2066759,-0.543979
-1.2064759,-0.543979
-1.2062759,-0.575978
-1.2060759,-0.575978
-1.2058759,-0.575978
-1.2056759,-0.575978
-1.2054759,-0.543979
-1.2052759,-0.543979
-1.2050759,-0.543979
-1.2048759,-0.575978
-1.2046759,-0.543979
-1.2044759,-0.543979
-1.2042759,-0.543979
-1.2040759,-0.607977
-1.2038759,-0.543979
-1.2036759,-0.543979
-1.2034759,-0.575978
-1.2032759,-0.51198
-1.2030759,-0.51198
-1.2028759,-0.543979
-1.2026759,-0.543979
-1.2024759,-0.575978
-1.2022759,-0.543979
-1.2020759,-0.51198
-1.2018759,-0.575978
-1.2016759,-0.479982
-1.2014759,-0.51198
-1.2012759,-0.543979
-1.2010759,-0.543979
-1.2008759,-0.479982
-1.2006759,-0.575978
-1.2004759,-0.543979
-1.2002759,-0.543979
-1.2000759,-0.543979
-1.1998759,-0.543979
-1.1996759,-0.543979
-1.1994759,-0.607977
-1.1992759,-0.543979
-1.1990759,-0.51198
-1.1988759,-0.575978
-1.1986759,-0.51198
-1.1984759,-0.51198
-1.1982759,-0.543979
-1.1980759,-0.51198
-1.1978759,-0.543979
-1.1976759,-0.543979
-1.1974759,-0.543979
-1.1972759,-0.543979
-1.1970759,-0.543979
-1.1968759,-0.543979
-1.1966759,-0.479982
-1.1964759,-0.543979
-1.1962759,-0.51198
-1.1960759,-0.51198
-1.1958759,-0.543979
-1.1956759,-0.543979
-1.1954759,-0.51198
-1.1952759,-0.51198
-1.1950759,-0.543979
-1.1948759,-0.51198
-1.1946759,-0.543979
-1.1944759,-0.543979
-1.1942759,-0.543979
-1.1940759,-0.543979
-1.1938759,-0.51198
-1.1936759,-0.51198
-1.1934759,-0.543979
-1.1932759,-0.51198
-1.1930759,-0.51198
-1.1928759,-0.543979
-1.1926759,-0.575978
-1.1924759,-0.543979
-1.1922759,-0.51198
-1.1920759,-0.51198
-1.1918759,-0.479982
-1.1916759,-0.543979
-1.1914759,-0.543979
-1.1912759,-0.51198
-1.1910759,-0.575978
-1.1908759,-0.575978
-1.1906759,-0.51198
-1.1904759,-0.543979
-1.1902759,-0.51198
-1.1900759,-0.543979
-1.1898759,-0.543979
-1.1896759,-0.479982
-1.1894759,-0.51198
-1.1892759,-0.543979
-1.1890759,-0.447983
-1.1888759,-0.479982
-1.1886759,-0.51198
-1.1884759,-0.575978
-1.1882759,-0.51198
-1.1880759,-0.51198
-1.1878759,-0.543979
-1.1876759,-0.479982
-1.1874759,-0.543979
-1.1872759,-0.447983
-1.1870759,-0.479982
-1.1868759,-0.543979
-1.1866759,-0.447983
-1.1864759,-0.51198
-1.1862759,-0.479982
-1.1860759,-0.51198
-1.1858759,-0.479982
-1.1856759,-0.51198
-1.1854759,-0.447983
-1.1852759,-0.479982
-1.1850759,-0.51198
-1.1848759,-0.479982
-1.1846759,-0.479982
-1.1844759,-0.51198
-1.1842759,-0.51198
-1.1840759,-0.479982
-1.1838759,-0.51198
-1.1836759,-0.479982
-1.1834759,-0.479982
-1.1832759,-0.479982
-1.1830759,-0.479982
-1.1828759,-0.479982
-1.1826759,-0.543979
-1.1824759,-0.543979
-1.1822759,-0.479982
-1.1820759,-0.51198
-1.1818759,-0.51198
-1.1816759,-0.479982
-1.1814759,-0.479982
-1.1812759,-0.51198
-1.1810759,-0.447983
-1.1808759,-0.543979
-1.1806759,-0.51198
-1.1804759,-0.51198
-1.1802759,-0.51198
-1.1800759,-0.447983
-1.1798759,-0.415984
-1.1796759,-0.51198
-1.1794759,-0.543979
-1.1792759,-0.479982
-1.1790759,-0.543979
-1.1788759,-0.479982
-1.1786759,-0.51198
-1.1784759,-0.479982
-1.1782759,-0.51198
-1.1780759,-0.447983
-1.1778759,-0.447983
-1.1776759,-0.51198
-1.1774759,-0.447983
-1.1772759,-0.51198
-1.1770759,-0.479982
-1.1768759,-0.479982
-1.1766759,-0.479982
-1.1764759,-0.51198
-1.1762759,-0.447983
-1.1760759,-0.51198
-1.1758759,-0.447983
-1.1756759,-0.447983
-1.1754759,-0.479982
-1.1752759,-0.447983
-1.1750759,-0.447983
-1.1748759,-0.479982
-1.1746759,-0.447983
-1.1744759,-0.447983
-1.1742759,-0.479982
-1.1740759,-0.415984
-1.1738759,-0.415984
-1.1736759,-0.415984
-1.1734759,-0.415984
-1.1732759,-0.447983
-1.1730759,-0.447983
-1.1728759,-0.415984
-1.1726759,-0.415984
-1.1724759,-0.415984
-1.1722759,-0.447983
-1.1720759,-0.415984
-1.1718759,-0.447983
-1.1716759,-0.447983
-1.1714759,-0.415984
-1.1712759,-0.447983
-1.1710759,-0.415984
-1.1708759,-0.415984
-1.1706759,-0.479982
-1.1704759,-0.415984
-1.1702759,-0.447983
-1.1700759,-0.447983
-1.1698759,-0.447983
-1.1696759,-0.415984
-1.1694759,-0.479982
-1.1692759,-0.479982
-1.1690759,-0.415984
-1.1688759,-0.447983
-1.1686759,-0.447983
-1.1684759,-0.447983
-1.1682759,-0.447983
-1.1680759,-0.447983
-1.1678759,-0.447983
-1.1676759,-0.415984
-1.1674759,-0.447983
-1.1672759,-0.447983
-1.1670759,-0.415984
-1.1668759,-0.447983
-1.1666759,-0.415984
-1.1664759,-0.415984
-1.1662759,-0.447983
-1.1660759,-0.383985
-1.1658759,-0.415984
-1.1656759,-0.447983
-1.1654759,-0.415984
-1.1652759,-0.479982
-1.1650759,-0.415984
-1.1648759,-0.415984
-1.1646759,-0.383985
-1.1644759,-0.383985
-1.1642759,-0.351986
-1.1640759,-0.447983
-1.1638759,-0.415984
-1.1636759,-0.383985
-1.1634759,-0.447983
-1.1632759,-0.415984
-1.1630759,-0.415984
-1.1628759,-0.447983
-1.1626759,-0.415984
-1.1624759,-0.351986
-1.1622759,-0.415984
-1.1620759,-0.415984
-1.1618759,-0.415984
-1.1616759,-0.415984
-1.1614759,-0.447983
-1.1612759,-0.383985
-1.1610759,-0.383985
-1.1608759,-0.383985
-1.1606759,-0.415984
-1.1604759,-0.383985
-1.1602759,-0.383985
-1.1600759,-0.415984
-1.1598759,-0.383985
-1.1596759,-0.383985
-1.1594759,-0.415984
-1.1592759,-0.383985
-1.1590759,-0.351986
-1.1588759,-0.383985
-1.1586759,-0.383985
-1.1584759,-0.415984
-1.1582759,-0.415984
-1.1580759,-0.415984
-1.1578759,-0.415984
-1.1576759,-0.383985
-1.1574759,-0.383985
-1.1572759,-0.415984
-1.1570759,-0.351986
-1.1568759,-0.383985
-1.1566759,-0.383985
-1.1564759,-0.383985
-1.1562759,-0.415984
-1.1560759,-0.415984
-1.1558759,-0.383985
-1.1556759,-0.415984
-1.1554759,-0.383985
-1.1552759,-0.351986
-1.1550759,-0.415984
-1.1548759,-0.415984
-1.1546759,-0.383985
-1.1544759,-0.383985
-1.1542759,-0.415984
-1.1540759,-0.383985
-1.1538759,-0.447983
-1.1536759,-0.447983
-1.1534759,-0.351986
-1.1532759,-0.383985
-1.1530759,-0.415984
-1.1528759,-0.383985
-1.1526759,-0.383985
-1.1524759,-0.415984
-1.1522759,-0.415984
-1.1520759,-0.415984
-1.1518759,-0.415984
-1.1516759,-0.351986
-1.1514759,-0.383985
-1.1512759,-0.415984
-1.1510759,-0.383985
-1.1508759,-0.383985
-1.1506759,-0.351986
-1.1504759,-0.351986
-1.1502759,-0.351986
-1.1500759,-0.383985
-1.1498759,-0.351986
-1.1496759,-0.351986
-1.1494759,-0.383985
-1.1492759,-0.351986
-1.1490759,-0.383985
-1.1488759,-0.351986
-1.1486759,-0.351986
-1.1484759,-0.415984
-1.1482759,-0.383985
-1.1480759,-0.383985
-1.1478759,-0.415984
-1.1476759,-0.383985
-1.1474759,-0.351986
-1.1472759,-0.383985
-1.1470759,-0.351986
-1.1468759,-0.351986
-1.1466759,-0.415984
-1.1464759,-0.415984
-1.1462759,-0.319988
-1.1460759,-0.415984
-1.1458759,-0.319988
-1.1456759,-0.351986
-1.1454759,-0.383985
-1.1452759,-0.383985
-1.1450759,-0.351986
-1.1448759,-0.383985
-1.1446759,-0.351986
-1.1444759,-0.351986
-1.1442759,-0.383985
-1.1440759,-0.351986
-1.1438759,-0.351986
-1.1436759,-0.383985
-1.1434759,-0.415984
-1.1432759,-0.351986
-1.1430759,-0.351986
-1.1428759,-0.415984
-1.1426759,-0.351986
-1.1424759,-0.383985
-1.1422759,-0.415984
-1.1420759,-0.383985
-1.1418759,-0.383985
-1.1416759,-0.351986
-1.1414759,-0.351986
-1.1412759,-0.383985
-1.1410759,-0.351986
-1.1408759,-0.383985
-1.1406759,-0.383985
-1.1404759,-0.351986
-1.1402759,-0.351986
-1.1400759,-0.383985
-1.1398759,-0.351986
-1.1396759,-0.351986
-1.1394759,-0.415984
-1.1392759,-0.383985
-1.1390759,-0.319988
-1.1388759,-0.415984
-1.1386759,-0.351986
-1.1384759,-0.351986
-1.1382759,-0.383985
-1.1380759,-0.383985
-1.1378759,-0.319988
-1.1376759,-0.351986
-1.1374759,-0.383985
-1.1372759,-0.351986
-1.1370759,-0.383985
-1.1368759,-0.351986
-1.1366759,-0.351986
-1.1364759,-0.351986
-1.1362759,-0.383985
-1.1360759,-0.383985
-1.1358759,-0.351986
-1.1356759,-0.319988
-1.1354759,-0.319988
-1.1352759,-0.383985
-1.1350759,-0.351986
-1.1348759,-0.319988
-1.1346759,-0.351986
-1.1344759,-0.383985
-1.1342759,-0.351986
-1.1340759,-0.351986
-1.1338759,-0.351986
-1.1336759,-0.351986
-1.1334759,-0.351986
-1.1332759,-0.383985
-1.1330759,-0.383985
-1.1328759,-0.383985
-1.1326759,-0.319988
-1.1324759,-0.351986
-1.1322759,-0.383985
-1.1320759,-0.351986
-1.1318759,-0.319988
-1.1316759,-0.383985
-1.1314759,-0.383985
-1.1312759,-0.351986
-1.1310759,-0.383985
-1.1308759,-0.383985
-1.1306759,-0.351986
-1.1304759,-0.415984
-1.1302759,-0.415984
-1.1300759,-0.351986
-1.1298759,-0.351986
-1.1296759,-0.383985
-1.1294759,-0.351986
-1.1292759,-0.383985
-1.1290759,-0.415984
-1.1288759,-0.351986
-1.1286759,-0.383985
-1.1284759,-0.383985
-1.1282759,-0.351986
-1.1280759,-0.415984
-1.1278759,-0.415984
-1.1276759,-0.351986
-1.1274759,-0.351986
-1.1272759,-0.383985
-1.1270759,-0.415984
-1.1268759,-0.415984
-1.1266759,-0.383985
-1.1264759,-0.351986
-1.1262759,-0.383985
-1.1260759,-0.383985
-1.1258759,-0.351986
-1.1256759,-0.351986
-1.1254759,-0.351986
-1.1252759,-0.319988
-1.1250759,-0.351986
-1.1248759,-0.351986
-1.1246759,-0.319988
-1.1244759,-0.383985
-1.1242759,-0.351986
-1.1240759,-0.351986
-1.1238759,-0.351986
-1.1236759,-0.383985
-1.1234759,-0.351986
-1.1232759,-0.383985
-1.1230759,-0.351986
-1.1228759,-0.351986
-1.1226759,-0.351986
-1.1224759,-0.351986
-1.1222759,-0.351986
-1.1220759,-0.351986
-1.1218759,-0.383985
-1.1216759,-0.351986
-1.1214759,-0.383985
-1.1212759,-0.319988
-1.1210759,-0.319988
-1.1208759,-0.351986
-1.1206759,-0.319988
-1.1204759,-0.319988
-1.1202759,-0.319988
-1.1200759,-0.383985
-1.1198759,-0.319988
-1.1196759,-0.319988
-1.1194759,-0.383985
-1.1192759,-0.319988
-1.1190759,-0.351986
-1.1188759,-0.319988
-1.1186759,-0.351986
-1.1184759,-0.383985
-1.1182759,-0.351986
-1.1180759,-0.319988
-1.1178759,-0.319988
-1.1176759,-0.287989
-1.1174759,-0.319988
-1.1172759,-0.319988
-1.1170759,-0.319988
-1.1168759,-0.287989
-1.1166759,-0.319988
-1.1164759,-0.351986
-1.1162759,-0.319988
-1.1160759,-0.287989
-1.1158759,-0.319988
-1.1156759,-0.287989
-1.1154759,-0.319988
-1.1152759,-0.287989
-1.1150759,-0.319988
-1.1148759,-0.351986
-1.1146759,-0.287989
-1.1144759,-0.319988
-1.1142759,-0.287989
-1.1140759,-0.319988
-1.1138759,-0.287989
-1.1136759,-0.351986
-1.1134759,-0.319988
-1.1132759,-0.287989
-1.1130759,-0.319988
-1.1128759,-0.383985
-1.1126759,-0.319988
-1.1124759,-0.287989
-1.1122759,-0.25599
-1.1120759,-0.319988
-1.1118759,-0.319988
-1.1116759,-0.319988
-1.1114759,-0.319988
-1.1112759,-0.319988
-1.1110759,-0.25599
-1.1108759,-0.287989
-1.1106759,-0.319988
-1.1104759,-0.319988
-1.1102759,-0.287989
-1.1100759,-0.25599
-1.1098759,-0.25599
-1.1096759,-0.319988
-1.1094759,-0.319988
-1.1092759,-0.319988
-1.1090759,-0.223991
-1.1088759,-0.287989
-1.1086759,-0.25599
-1.1084759,-0.287989
-1.1082759,-0.319988
-1.1080759,-0.287989
-1.1078759,-0.287989
-1.1076759,-0.287989
-1.1074759,-0.287989
-1.1072759,-0.319988
-1.1070759,-0.319988
-1.1068759,-0.25599
-1.1066759,-0.319988
-1.1064759,-0.287989
-1.1062759,-0.319988
-1.1060759,-0.319988
-1.1058759,-0.287989
-1.1056759,-0.319988
-1.1054759,-0.351986
-1.1052759,-0.319988
-1.1050759,-0.319988
-1.1048759,-0.319988
-1.1046759,-0.319988
-1.1044759,-0.287989
-1.1042759,-0.287989
-1.1040759,-0.319988
-1.1038759,-0.319988
-1.1036759,-0.287989
-1.1034759,-0.319988
-1.1032759,-0.287989
-1.1030759,-0.287989
-1.1028759,-0.351986
-1.1026759,-0.25599
-1.1024759,-0.319988
-1.1022759,-0.319988
-1.1020759,-0.351986
-1.1018759,-0.319988
-1.1016759,-0.351986
-1.1014759,-0.287989
-1.1012759,-0.287989
-1.1010759,-0.319988
-1.1008759,-0.25599
-1.1006759,-0.319988
-1.1004759,-0.351986
-1.1002759,-0.287989
-1.1000759,-0.287989
-1.0998759,-0.287989
-1.0996759,-0.319988
-1.0994759,-0.287989
-1.0992759,-0.319988
-1.0990759,-0.319988
-1.0988759,-0.319988
-1.0986759,-0.319988
-1.0984759,-0.319988
-1.0982759,-0.287989
-1.0980759,-0.319988
-1.0978759,-0.319988
-1.0976759,-0.319988
-1.0974759,-0.287989
-1.0972759,-0.287989
-1.0970759,-0.287989
-1.0968759,-0.319988
-1.0966759,-0.319988
-1.0964759,-0.287989
-1.0962759,-0.287989
-1.0960759,-0.319988
-1.0958759,-0.319988
-1.0956759,-0.287989
-1.0954759,-0.25599
-1.0952759,-0.319988
-1.0950759,-0.319988
-1.0948759,-0.287989
-1.0946759,-0.287989
-1.0944759,-0.25599
-1.0942759,-0.319988
-1.0940759,-0.287989
-1.0938759,-0.287989
-1.0936759,-0.319988
-1.0934759,-0.287989
-1.0932759,-0.287989
-1.0930759,-0.25599
-1.0928759,-0.287989
-1.0926759,-0.287989
-1.0924759,-0.25599
-1.0922759,-0.287989
-1.0920759,-0.25599
-1.0918759,-0.319988
-1.0916759,-0.25599
-1.0914759,-0.287989
-1.0912759,-0.25599
-1.0910759,-0.25599
-1.0908759,-0.319988
-1.0906759,-0.287989
-1.0904759,-0.25599
-1.0902759,-0.287989
-1.0900759,-0.287989
-1.0898759,-0.25599
-1.0896759,-0.287989
-1.0894759,-0.287989
-1.0892759,-0.287989
-1.0890759,-0.287989
-1.0888759,-0.287989
-1.0886759,-0.287989
-1.0884759,-0.287989
-1.0882759,-0.25599
-1.0880759,-0.287989
-1.0878759,-0.287989
-1.0876759,-0.191993
-1.0874759,-0.287989
-1.0872759,-0.25599
-1.0870759,-0.191993
-1.0868759,-0.287989
-1.0866759,-0.25599
-1.0864759,-0.223991
-1.0862759,-0.287989
-1.0860759,-0.287989
-1.0858759,-0.191993
-1.0856759,-0.25599
-1.0854759,-0.25599
-1.0852759,-0.287989
-1.0850759,-0.25599
-1.0848759,-0.287989
-1.0846759,-0.25599
-1.0844759,-0.287989
-1.0842759,-0.25599
-1.0840759,-0.25599
-1.0838759,-0.25599
-1.0836759,-0.287989
-1.0834759,-0.25599
-1.0832759,-0.287989
-1.0830759,-0.25599
-1.0828759,-0.223991
-1.0826759,-0.25599
-1.0824759,-0.287989
-1.0822759,-0.287989
-1.0820759,-0.25599
-1.0818759,-0.223991
-1.0816759,-0.223991
-1.0814759,-0.25599
-1.0812759,-0.25599
-1.0810759,-0.25599
-1.0808759,-0.25599
-1.0806759,-0.25599
-1.0804759,-0.25599
-1.0802759,-0.25599
-1.0800759,-0.25599
-1.0798759,-0.223991
-1.0796759,-0.25599
-1.0794759,-0.287989
-1.0792759,-0.223991
-1.0790759,-0.223991
-1.0788759,-0.319988
-1.0786759,-0.191993
-1.0784759,-0.25599
-1.0782759,-0.25599
-1.0780759,-0.287989
-1.0778759,-0.25599
-1.0776759,-0.25599
-1.0774759,-0.25599
-1.0772759,-0.287989
-1.0770759,-0.25599
-1.0768759,-0.191993
-1.0766759,-0.287989
-1.0764759,-0.223991
-1.0762759,-0.25599
-1.0760759,-0.223991
-1.0758759,-0.223991
-1.0756759,-0.223991
-1.0754759,-0.223991
-1.0752759,-0.25599
-1.0750759,-0.25599
-1.0748759,-0.25599
-1.0746759,-0.25599
-1.0744759,-0.223991
-1.0742759,-0.25599
-1.0740759,-0.191993
-1.0738759,-0.191993
-1.0736759,-0.25599
-1.0734759,-0.191993
-1.0732759,-0.223991
-1.0730759,-0.287989
-1.0728759,-0.223991
-1.0726759,-0.25599
-1.0724759,-0.223991
-1.0722759,-0.223991
-1.0720759,-0.191993
-1.0718759,-0.223991
-1.0716759,-0.223991
-1.0714759,-0.223991
-1.0712759,-0.223991
-1.0710759,-0.25599
-1.0708759,-0.191993
-1.0706759,-0.223991
-1.0704759,-0.25599
-1.0702759,-0.159994
-1.0700759,-0.191993
-1.0698759,-0.223991
-1.0696759,-0.191993
-1.0694759,-0.25599
-1.0692759,-0.191993
-1.0690759,-0.223991
-1.0688759,-0.223991
-1.0686759,-0.223991
-1.0684759,-0.191993
-1.0682759,-0.223991
-1.0680759,-0.25599
-1.0678759,-0.191993
-1.0676759,-0.223991
-1.0674759,-0.191993
-1.0672759,-0.159994
-1.0670759,-0.223991
-1.0668759,-0.191993
-1.0666759,-0.191993
-1.0664759,-0.223991
-1.0662759,-0.191993
-1.0660759,-0.191993
-1.0658759,-0.223991
-1.0656759,-0.223991
-1.0654759,-0.191993
-1.0652759,-0.191993
-1.0650759,-0.159994
-1.0648759,-0.191993
-1.0646759,-0.223991
-1.0644759,-0.25599
-1.0642759,-0.223991
-1.0640759,-0.191993
-1.0638759,-0.223991
-1.0636759,-0.159994
-1.0634759,-0.223991
-1.0632759,-0.223991
-1.0630759,-0.191993
-1.0628759,-0.191993
-1.0626759,-0.25599
-1.0624759,-0.159994
-1.0622759,-0.159994
-1.0620759,-0.159994
-1.0618759,-0.25599
-1.0616759,-0.223991
-1.0614759,-0.223991
-1.0612759,-0.159994
-1.0610759,-0.223991
-1.0608759,-0.191993
-1.0606759,-0.159994
-1.0604759,-0.223991
-1.0602759,-0.159994
-1.0600759,-0.191993
-1.0598759,-0.191993
-1.0596759,-0.223991
-1.0594759,-0.159994
-1.0592759,-0.223991
-1.0590759,-0.223991
-1.0588759,-0.191993
-1.0586759,-0.191993
-1.0584759,-0.223991
-1.0582759,-0.191993
-1.0580759,-0.191993
-1.0578759,-0.159994
-1.0576759,-0.191993
-1.0574759,-0.191993
-1.0572759,-0.159994
-1.0570759,-0.191993
-1.0568759,-0.191993
-1.0566759,-0.223991
-1.0564759,-0.191993
-1.0562759,-0.223991
-1.0560759,-0.223991
-1.0558759,-0.159994
-1.0556759,-0.223991
-1.0554759,-0.223991
-1.0552759,-0.191993
-1.0550759,-0.223991
-1.0548759,-0.223991
-1.0546759,-0.191993
-1.0544759,-0.191993
-1.0542759,-0.191993
-1.0540759,-0.191993
-1.0538759,-0.223991
-1.0536759,-0.191993
-1.0534759,-0.223991
-1.0532759,-0.25599
-1.0530759,-0.25599
-1.0528759,-0.191993
-1.0526759,-0.191993
-1.0524759,-0.223991
-1.0522759,-0.191993
-1.0520759,-0.223991
-1.0518759,-0.191993
-1.0516759,-0.191993
-1.0514759,-0.223991
-1.0512759,-0.191993
-1.0510759,-0.191993
-1.0508759,-0.223991
-1.0506759,-0.191993
-1.0504759,-0.159994
-1.0502759,-0.191993
-1.0500759,-0.191993
-1.0498759,-0.127995
-1.0496759,-0.191993
-1.0494759,-0.191993
-1.0492759,-0.159994
-1.0490759,-0.191993
-1.0488759,-0.159994
-1.0486759,-0.159994
-1.0484759,-0.159994
-1.0482759,-0.191993
-1.0480759,-0.191993
-1.0478759,-0.223991
-1.0476759,-0.159994
-1.0474759,-0.159994
-1.0472759,-0.191993
-1.0470759,-0.159994
-1.0468759,-0.191993
-1.0466759,-0.159994
-1.0464759,-0.223991
-1.0462759,-0.191993
-1.0460759,-0.159994
-1.0458759,-0.191993
-1.0456759,-0.127995
-1.0454759,-0.159994
-1.0452759,-0.159994
-1.0450759,-0.127995
-1.0448759,-0.159994
-1.0446759,-0.159994
-1.0444759,-0.159994
-1.0442759,-0.191993
-1.0440759,-0.127995
-1.0438759,-0.159994
-1.0436759,-0.223991
-1.0434759,-0.223991
-1.0432759,-0.127995
-1.0430759,-0.223991
-1.0428759,-0.159994
-1.0426759,-0.127995
-1.0424759,-0.159994
-1.0422759,-0.159994
-1.0420759,-0.159994
-1.0418759,-0.159994
-1.0416759,-0.127995
-1.0414759,-0.0959963
-1.0412759,-0.191993
-1.0410759,-0.159994
-1.0408759,-0.127995
-1.0406759,-0.159994
-1.0404759,-0.191993
-1.0402759,-0.127995
-1.0400759,-0.191993
-1.0398759,-0.159994
-1.0396759,-0.191993
-1.0394759,-0.159994
-1.0392759,-0.127995
-1.0390759,-0.127995
-1.0388759,-0.127995
-1.0386759,-0.159994
-1.0384759,-0.0959963
-1.0382759,-0.127995
-1.0380759,-0.159994
-1.0378759,-0.127995
-1.0376759,-0.159994
-1.0374759,-0.0959963
-1.0372759,-0.0959963
-1.0370759,-0.127995
-1.0368759,-0.127995
-1.0366759,-0.0959963
-1.0364759,-0.127995
-1.0362759,-0.0639975
-1.0360759,-0.127995
-1.0358759,-0.0959963
-1.0356759,-0.159994
-1.0354759,-0.127995
-1.0352759,-0.0959963
-1.0350759,-0.127995
-1.0348759,-0.0959963
-1.0346759,-0.0959963
-1.0344759,-0.0639975
-1.0342759,-0.0639975
-1.0340759,-0.127995
-1.0338759,-0.0639975
-1.0336759,-0.0959963
-1.0334759,-0.159994
-1.0332759,-0.0959963
-1.0330759,-0.0959963
-1.0328759,-0.127995
-1.0326759,-0.0639975
-1.0324759,-0.0639975
-1.0322759,-0.0959963
-1.0320759,-0.0959963
-1.0318759,-0.0639975
-1.0316759,-0.0959963
-1.0314759,-0.0639975
-1.0312759,-0.0639975
-1.0310759,-0.127995
-1.0308759,-0.0639975
-1.0306759,-0.0959963
-1.0304759,-0.0959963
-1.0302759,-0.0959963
-1.0300759,-0.0639975
-1.0298759,-0.0959963
-1.0296759,-0.0959963
-1.0294759,-0.0319988
-1.0292759,-0.0959963
-1.0290759,-0.0639975
-1.0288759,-0.0639975
-1.0286759,-0.127995
-1.0284759,-0.0639975
-1.0282759,-0.0319988
-1.0280759,-0.0639975
-1.0278759,-0.0639975
-1.0276759,-0.0319988
-1.0274759,-0.0959963
-1.0272759,-0.0639975
-1.0270759,-0.0319988
-1.0268759,-0.0959963
-1.0266759,-0.0639975
-1.0264759,-0.0319988
-1.0262759,-0.0959963
-1.0260759,-0.0319988
-1.0258759,-0.0639975
-1.0256759,-0.0639975
-1.0254759,-0.0639975
-1.0252759,-0.0639975
-1.0250759,-0.0959963
-1.0248759,-0.0959963
-1.0246759,-0.0959963
-1.0244759,-0.0959963
-1.0242759,0
-1.0240759,-0.0319988
-1.0238759,-0.0639975
-1.0236759,0
-1.0234759,-0.0319988
-1.0232759,-0.0639975
-1.0230759,-0.0319988
-1.0228759,-0.0319988
-1.0226759,-0.0639975
-1.0224759,-0.0639975
-1.0222759,-0.0319988
-1.0220759,-0.0639975
-1.0218759,-0.0319988
-1.0216759,-0.0319988
-1.0214759,-0.0639975
-1.0212759,-0.0639975
-1.0210759,-0.0319988
-1.0208759,-0.0639975
-1.0206759,-0.0319988
-1.0204759,-0.0319988
-1.0202759,-0.0639975
-1.0200759,-0.0639975
-1.0198759,-0.0639975
-1.0196759,-0.0959963
-1.0194759,-0.0319988
-1.0192759,-0.0639975
-1.0190759,-0.0639975
-1.0188759,-0.0319988
-1.0186759,-0.0319988
-1.0184759,-0.0959963
-1.0182759,-0.0639975
-1.0180759,-0.0319988
-1.0178759,-0.0639975
-1.0176759,-0.0639975
-1.0174759,-0.0319988
-1.0172759,-0.0639975
-1.0170759,-0.0639975
-1.0168759,-0.0319988
-1.0166759,-0.0959963
-1.0164759,-0.0319988
-1.0162759,-0.0319988
-1.0160759,-0.0639975
-1.0158759,-0.0639975
-1.0156759,-0.0639975
-1.0154759,-0.0639975
-1.0152759,-0.0959963
-1.0150759,-0.0319988
-1.0148759,-0.0639975
-1.0146759,0
-1.0144759,0
-1.0142759,-0.0319988
-1.0140759,-0.0639975
-1.0138759,-0.0319988
-1.0136759,-0.0639975
-1.0134759,-0.0319988
-1.0132759,-0.0639975
-1.0130759,-0.0319988
-1.0128759,-0.0319988
-1.0126759,-0.0959963
-1.0124759,-0.0959963
-1.0122759,-0.0319988
-1.0120759,-0.0319988
-1.0118759,0
-1.0116759,-0.0639975
-1.0114759,-0.0639975
-1.0112759,-0.0319988
-1.0110759,-0.0319988
-1.0108759,-0.0639975
-1.0106759,-0.0639975
-1.0104759,0
-1.0102759,-0.0319988
-1.0100759,-0.0319988
-1.0098759,-0.0319988
-1.0096759,-0.0319988
-1.0094759,-0.0319988
-1.0092759,-0.0319988
-1.0090759,0
-1.0088759,-0.0639975
-1.0086759,0
-1.0084759,-0.0319988
-1.0082759,-0.0639975
-1.0080759,-0.0319988
-1.0078759,-0.0639975
-1.0076759,-0.0639975
-1.0074759,-0.0319988
-1.0072759,0
-1.0070759,-0.0319988
-1.0068759,0
-1.0066759,-0.0319988
-1.0064759,-0.0959963
-1.0062759,-0.0639975
-1.0060759,-0.0319988
-1.0058759,0
-1.0056759,-0.0639975
-1.0054759,-0.0319988
-1.0052759,-0.0639975
-1.0050759,-0.0959963
-1.0048759,-0.0319988
-1.0046759,-0.0959963
-1.0044759,-0.0959963
-1.0042759,-0.0959963
-1.0040759,-0.0639975
-1.0038759,-0.0319988
-1.0036759,-0.0319988
-1.0034759,-0.0959963
-1.0032759,-0.0639975
-1.0030759,-0.0319988
-1.0028759,-0.0959963
-1.0026759,-0.0319988
-1.0024759,-0.0639975
-1.0022759,-0.0959963
-1.0020759,-0.0639975
-1.0018759,-0.0639975
-1.0016759,-0.0959963
-1.0014759,-0.0639975
-1.0012759,-0.0639975
-1.0010759,-0.0639975
-1.0008759,-0.0319988
-1.0006759,-0.0639975
-1.0004759,-0.0639975
-1.0002759,-0.0639975
-1.0000759,-0.0639975
-0.99987592,-0.0639975
-0.99967592,-0.0639975
-0.99947592,-0.0319988
-0.99927592,-0.0639975
-0.99907592,-0.0959963
-0.99887592,-0.0319988
-0.99867592,-0.127995
-0.99847592,-0.0639975
-0.99827592,-0.0639975
-0.99807592,-0.0639975
-0.99787592,-0.0639975
-0.99767592,-0.0319988
-0.99747592,-0.0959963
-0.99727592,-0.0639975
-0.99707592,-0.0959963
-0.99687592,-0.0959963
-0.99667592,-0.0959963
-0.99647592,-0.0639975
-0.99627592,-0.0639975
-0.99607592,-0.0639975
-0.99587592,-0.0639975
-0.99567592,-0.0959963
-0.99547592,-0.0639975
-0.99527592,-0.0319988
-0.99507592,-0.0959963
-0.99487592,-0.0639975
-0.99467592,-0.0639975
-0.99447592,-0.0319988
-0.99427592,0
-0.99407592,-0.0639975
-0.99387592,-0.0959963
-0.99367592,-0.0639975
-0.99347592,-0.0639975
-0.99327592,-0.0959963
-0.99307592,-0.0639975
-0.99287592,-0.0639975
-0.99267592,-0.127995
-0.99247592,-0.0639975
-0.99227592,0
-0.99207592,-0.0959963
-0.99187592,-0.0319988
-0.99167592,-0.0319988
-0.99147592,-0.0639975
-0.99127592,-0.0959963
-0.99107592,-0.0319988
-0.99087592,-0.0639975
-0.99067592,-0.0639975
-0.99047592,-0.0959963
-0.99027592,-0.0959963
-0.99007592,-0.0319988
-0.98987592,-0.0639975
-0.98967592,-0.0639975
-0.98947592,-0.0639975
-0.98927592,-0.0639975
-0.98907592,-0.0639975
-0.98887592,-0.0639975
-0.98867592,-0.0959963
-0.98847592,-0.0959963
-0.98827592,-0.0959963
-0.98807592,-0.0639975
-0.98787592,-0.0959963
-0.98767592,-0.0639975
-0.98747592,-0.0959963
-0.98727592,-0.0959963
-0.98707592,-0.0639975
-0.98687592,-0.0959963
-0.98667592,-0.127995
-0.98647592,-0.0639975
-0.98627592,-0.0639975
-0.98607592,-0.0959963
-0.98587592,-0.0959963
-0.98567592,-0.0639975
-0.98547592,-0.0959963
-0.98527592,-0.0959963
-0.98507592,-0.0319988
-0.98487592,-0.0959963
-0.98467592,-0.0959963
-0.98447592,-0.0319988
-0.98427592,-0.0959963
-0.98407592,-0.0959963
-0.98387592,-0.0959963
-0.98367592,-0.0959963
-0.98347592,-0.0639975
-0.98327592,-0.0639975
-0.98307592,-0.0639975
-0.98287592,-0.0959963
-0.98267592,-0.0639975
-0.98247592,-0.127995
-0.98227592,-0.0639975
-0.98207592,-0.0959963
-0.98187592,-0.0959963
-0.98167592,-0.0639975
-0.98147592,-0.0959963
-0.98127592,-0.0959963
-0.98107592,-0.0959963
-0.98087592,-0.0959963
-0.98067592,-0.0639975
-0.98047592,-0.0959963
-0.98027592,-0.0639975
-0.98007592,-0.0959963
-0.97987592,-0.0959963
-0.97967592,-0.0639975
-0.97947592,-0.0319988
-0.97927592,-0.0959963
-0.97907592,-0.0959963
-0.97887592,-0.0959963
-0.97867592,-0.0959963
-0.97847592,-0.0959963
-0.97827592,-0.0959963
-0.97807592,-0.0639975
-0.97787592,-0.0639975
-0.97767592,-0.0959963
-0.97747592,-0.127995
-0.97727592,-0.0639975
-0.97707592,-0.0959963
-0.97687592,-0.0319988
-0.97667592,-0.0959963
-0.97647592,-0.0639975
-0.97627592,-0.127995
-0.97607592,-0.0319988
-0.97587592,-0.0959963
-0.97567592,-0.0639975
-0.97547592,-0.0639975
-0.97527592,-0.0959963
-0.97507592,-0.0319988
-0.97487592,-0.0639975
-0.97467592,-0.0639975
-0.97447592,-0.0639975
-0.97427592,-0.0639975
-0.97407592,-0.0639975
-0.97387592,-0.0639975
-0.97367592,-0.0319988
-0.97347592,-0.0959963
-0.97327592,-0.0639975
-0.97307592,-0.0319988
-0.97287592,-0.0639975
-0.97267592,-0.0639975
-0.97247592,-0.0639975
-0.97227592,-0.0639975
-0.97207592,-0.0319988
-0.97187592,-0.0319988
-0.97167592,-0.0639975
-0.97147592,-0.0639975
-0.97127592,-0.0319988
-0.97107592,-0.0319988
-0.97087592,-0.0639975
-0.97067592,0.0319988
-0.97047592,-0.0959963
-0.97027592,-0.0639975
-0.97007592,-0.0639975
-0.96987592,-0.0639975
-0.96967592,-0.0639975
-0.96947592,-0.0319988
-0.96927592,-0.0319988
-0.96907592,-0.0319988
-0.96887592,0
-0.96867592,-0.0639975
-0.96847592,0
-0.96827592,0.0319988
-0.96807592,-0.0639975
-0.96787592,-0.0319988
-0.96767592,-0.0639975
-0.96747592,0
-0.96727592,-0.0639975
-0.96707592,-0.0319988
-0.96687592,-0.0319988
-0.96667592,0.0319988
-0.96647592,0
-0.96627592,0
-0.96607592,0
-0.96587592,-0.0319988
-0.96567592,0.0319988
-0.96547592,0.0319988
-0.96527592,0.0319988
-0.96507592,0.0319988
-0.96487592,0.0319988
-0.96467592,0.0319988
-0.96447592,0
-0.96427592,0
-0.96407592,0
-0.96387592,0
-0.96367592,-0.0319988
-0.96347592,0.0319988
-0.96327592,0
-0.96307592,0.0319988
-0.96287592,0.0319988
-0.96267592,0.0319988
-0.96247592,0.0319988
-0.96227592,0.0319988
-0.96207592,0.0319988
-0.96187592,0.0639975
-0.96167592,0.0639975
-0.96147592,0.0639975
-0.96127592,0.0639975
-0.96107592,0.0639975
-0.96087592,0.0319988
-0.96067592,0.0319988
-0.96047592,0.0319988
-0.96027592,0
-0.96007592,0.0639975
-0.95987592,0.0639975
-0.95967592,0.0639975
-0.95947592,0.0319988
-0.95927592,0.0639975
-0.95907592,0.0319988
-0.95887592,0
-0.95867592,0.0959963
-0.95847592,0.0319988
-0.95827592,0.0319988
-0.95807592,0.0319988
-0.95787592,0.0319988
-0.95767592,0.0319988
-0.95747592,0.0319988
-0.95727592,0
-0.95707592,0.0319988
-0.95687592,0.0639975
-0.95667592,0.0319988
-0.95647592,0.0639975
-0.95627592,0.0319988
-0.95607592,0
-0.95587592,0.0639975
-0.95567592,0.0639975
-0.95547592,0.0319988
-0.95527592,0.0639975
-0.95507592,0.0639975
-0.95487592,0.0639975
-0.95467592,0.0319988
-0.95447592,0.0319988
-0.95427592,0.0639975
-0.95407592,0.0639975
-0.95387592,0.0639975
-0.95367592,0.0319988
-0.95347592,0.0319988
-0.95327592,0.0639975
-0.95307592,0
-0.95287592,0.0319988
-0.95267592,0.0639975
-0.95247592,0.0319988
-0.95227592,0.0959963
-0.95207592,0.0639975
-0.95187592,0.0639975
-0.95167592,0.0319988
-0.95147592,0.0319988
-0.95127592,0.0319988
-0.95107592,0.0639975
-0.95087592,0.0959963
-0.95067592,0.0639975
-0.95047592,0.0639975
-0.95027592,0.0639975
-0.95007592,0.0319988
-0.94987592,0.0639975
-0.94967592,0.0639975
-0.94947592,0.0639975
-0.94927592,0.0959963
-0.94907592,0.0639975
-0.94887592,0.0959963
-0.94867592,0.0959963
-0.94847592,0.0959963
-0.94827592,0.0959963
-0.94807592,0.0639975
-0.94787592,0.0959963
-0.94767592,0.0639975
-0.94747592,0.0959963
-0.94727592,0.0959963
-0.94707592,0.0639975
-0.94687592,0.0959963
-0.94667592,0.0639975
-0.94647592,0.0639975
-0.94627592,0.0959963
-0.94607592,0.0959963
-0.94587592,0.0959963
-0.94567592,0.0959963
-0.94547592,0.0639975
-0.94527592,0.0639975
-0.94507592,0.0959963
-0.94487592,0.0959963
-0.94467592,0.0959963
-0.94447592,0.0639975
-0.94427592,0.0639975
-0.94407592,0.0959963
-0.94387592,0.0959963
-0.94367592,0.0959963
-0.94347592,0.0319988
-0.94327592,0.0959963
-0.94307592,0.0959963
-0.94287592,0.0639975
-0.94267592,0.0639975
-0.94247592,0.0959963
-0.94227592,0.0639975
-0.94207592,0.0959963
-0.94187592,0.0959963
-0.94167592,0.0959963
-0.94147592,0.0959963
-0.94127592,0.0959963
-0.94107592,0.0959963
-0.94087592,0.0959963
-0.94067592,0.0959963
-0.94047592,0.0639975
-0.94027592,0.127995
-0.94007592,0.0959963
-0.93987592,0.0319988
-0.93967592,0.0639975
-0.93947592,0.0959963
-0.93927592,0.0319988
-0.93907592,0.159994
-0.93887592,0.0959963
-0.93867592,0.0959963
-0.93847592,0.0959963
-0.93827592,0.0959963
-0.93807592,0.127995
-0.93787592,0.0959963
-0.93767592,0.0959963
-0.93747592,0.0959963
-0.93727592,0.127995
-0.93707592,0.0959963
-0.93687592,0.127995
-0.93667592,0.127995
-0.93647592,0.0959963
-0.93627592,0.0959963
-0.93607592,0.127995
-0.93587592,0.0959963
-0.93567592,0.0959963
-0.93547592,0.127995
-0.93527592,0.127995
-0.93507592,0.0639975
-0.93487592,0.127995
-0.93467592,0.0959963
-0.93447592,0.127995
-0.93427592,0.127995
-0.93407592,0.159994
-0.93387592,0.127995
-0.93367592,0.127995
-0.93347592,0.127995
-0.93327592,0.127995
-0.93307592,0.127995
-0.93287592,0.127995
-0.93267592,0.127995
-0.93247592,0.127995
-0.93227592,0.0959963
-0.93207592,0.0959963
-0.93187592,0.127995
-0.93167592,0.159994
-0.93147592,0.159994
-0.93127592,0.127995
-0.93107592,0.127995
-0.93087592,0.127995
-0.93067592,0.127995
-0.93047592,0.0959963
-0.93027592,0.127995
-0.93007592,0.159994
-0.92987592,0.0959963
-0.92967592,0.127995
-0.92947592,0.127995
-0.92927592,0.127995
-0.92907592,0.127995
-0.92887592,0.0959963
-0.92867592,0.127995
-0.92847592,0.0959963
-0.92827592,0.127995
-0.92807592,0.127995
-0.92787592,0.127995
-0.92767592,0.159994
-0.92747592,0.0959963
-0.92727592,0.0959963
-0.92707592,0.0959963
-0.92687592,0.127995
-0.92667592,0.0959963
-0.92647592,0.0959963
-0.92627592,0.127995
-0.92607592,0.0959963
-0.92587592,0.0959963
-0.92567592,0.159994
-0.92547592,0.159994
-0.92527592,0.159994
-0.92507592,0.127995
-0.92487592,0.127995
-0.92467592,0.127995
-0.92447592,0.127995
-0.92427592,0.127995
-0.92407592,0.0959963
-0.92387592,0.127995
-0.92367592,0.127995
-0.92347592,0.159994
-0.92327592,0.0959963
-0.92307592,0.159994
-0.92287592,0.127995
-0.92267592,0.0959963
-0.92247592,0.0959963
-0.92227592,0.159994
-0.92207592,0.191993
-0.92187592,0.159994
-0.92167592,0.0959963
-0.92147592,0.127995
-0.92127592,0.127995
-0.92107592,0.127995
-0.92087592,0.127995
-0.92067592,0.127995
-0.92047592,0.127995
-0.92027592,0.127995
-0.92007592,0.159994
-0.91987592,0.127995
-0.91967592,0.0959963
-0.91947592,0.127995
-0.91927592,0.0959963
-0.91907592,0.127995
-0.91887592,0.127995
-0.91867592,0.0959963
-0.91847592,0.0959963
-0.91827592,0.127995
-0.91807592,0.127995
-0.91787592,0.127995
-0.91767592,0.127995
-0.91747592,0.127995
-0.91727592,0.127995
-0.91707592,0.159994
-0.91687592,0.0959963
-0.91667592,0.127995
-0.91647592,0.127995
-0.91627592,0.159994
-0.91607592,0.127995
-0.91587592,0.127995
-0.91567592,0.0959963
-0.91547592,0.0959963
-0.91527592,0.127995
-0.91507592,0.0959963
-0.91487592,0.0959963
-0.91467592,0.127995
-0.91447592,0.0959963
-0.91427592,0.0959963
-0.91407592,0.0639975
-0.91387592,0.127995
-0.91367592,0.0959963
-0.91347592,0.127995
-0.91327592,0.127995
-0.91307592,0.0959963
-0.91287592,0.0959963
-0.91267592,0.0959963
-0.91247592,0.0959963
-0.91227592,0.127995
-0.91207592,0.127995
-0.91187592,0.0959963
-0.91167592,0.0959963
-0.91147592,0.127995
-0.91127592,0.0959963
-0.91107592,0.127995
-0.91087592,0.0959963
-0.91067592,0.0959963
-0.91047592,0.0959963
-0.91027592,0.0959963
-0.91007592,0.0959963
-0.90987592,0.0959963
-0.90967592,0.127995
-0.90947592,0.0639975
-0.90927592,0.0959963
-0.90907592,0.127995
-0.90887592,0.0959963
-0.90867592,0.0639975
-0.90847592,0.0639975
-0.90827592,0.0639975
-0.90807592,0.0639975
-0.90787592,0.0959963
-0.90767592,0.0959963
-0.90747592,0
-0.90727592,0.0959963
-0.90707592,0.0959963
-0.90687592,0
-0.90667592,0.0639975
-0.90647592,0.0639975
-0.90627592,0.0959963
-0.90607592,0.0639975
-0.90587592,0.0639975
-0.90567592,0.0639975
-0.90547592,0.0959963
-0.90527592,0.0639975
-0.90507592,0.0319988
-0.90487592,0.0639975
-0.90467592,0.0319988
-0.90447592,0.0319988
-0.90427592,0.0639975
-0.90407592,0.0639975
-0.90387592,-0.0319988
-0.90367592,0.0319988
-0.90347592,0.0319988
-0.90327592,0.0319988
-0.90307592,0.0319988
-0.90287592,0.0319988
-0.90267592,0
-0.90247592,0.0639975
-0.90227592,0.0639975
-0.90207592,0.0319988
-0.90187592,0.0639975
-0.90167592,0.0639975
-0.90147592,0.0639975
-0.90127592,0.0639975
-0.90107592,0.0639975
-0.90087592,0
-0.90067592,0.0639975
-0.90047592,0.0639975
-0.90027592,0.0639975
-0.90007592,0.0959963
-0.89987592,0.0319988
-0.89967592,0.0639975
-0.89947592,0.0639975
-0.89927592,0.0639975
-0.89907592,0.0319988
-0.89887592,0.0639975
-0.89867592,0.0639975
-0.89847592,0.0319988
-0.89827592,0.0959963
-0.89807592,0.0639975
-0.89787592,0.0639975
-0.89767592,0.0639975
-0.89747592,0.0639975
-0.89727592,0.0639975
-0.89707592,0.0639975
-0.89687592,0.0639975
-0.89667592,0.0639975
-0.89647592,0.0959963
-0.89627592,0.0639975
-0.89607592,0.0639975
-0.89587592,0.0959963
-0.89567592,0.0639975
-0.89547592,0.0319988
-0.89527592,0.0639975
-0.89507592,0.0959963
-0.89487592,0.0319988
-0.89467592,0.0959963
-0.89447592,0.0639975
-0.89427592,0.0639975
-0.89407592,0.0319988
-0.89387592,0.0319988
-0.89367592,0.0959963
-0.89347592,0.0639975
-0.89327592,0.0639975
-0.89307592,0.0319988
-0.89287592,0.0319988
-0.89267592,0.0319988
-0.89247592,0
-0.89227592,0.0639975
-0.89207592,0.0639975
-0.89187592,0
-0.89167592,0.0319988
-0.89147592,0.0319988
-0.89127592,0
-0.89107592,0.0639975
-0.89087592,0.0319988
-0.89067592,0.0639975
-0.89047592,0.0639975
-0.89027592,0.0959963
-0.89007592,0.0639975
-0.88987592,0.0639975
-0.88967592,0.0639975
-0.88947592,0
-0.88927592,0.0639975
-0.88907592,0.0639975
-0.88887592,0.0319988
-0.88867592,0.0319988
-0.88847592,0.0639975
-0.88827592,0.0319988
-0.88807592,0.0639975
-0.88787592,0.0319988
-0.88767592,0.0319988
-0.88747592,0.0639975
-0.88727592,0.0639975
-0.88707592,0.0639975
-0.88687592,0.0319988
-0.88667592,0.0639975
-0.88647592,0.0319988
-0.88627592,0.0319988
-0.88607592,0.0639975
-0.88587592,0.0319988
-0.88567592,0.0319988
-0.88547592,0.0319988
-0.88527592,0.0319988
-0.88507592,0.0639975
-0.88487592,0.0639975
-0.88467592,0.0319988
-0.88447592,0.0639975
-0.88427592,0.0639975
-0.88407592,0.0639975
-0.88387592,0.0319988
-0.88367592,0.0319988
-0.88347592,0.0639975
-0.88327592,0.0959963
-0.88307592,0.0639975
-0.88287592,0.0319988
-0.88267592,0.0959963
-0.88247592,0.0959963
-0.88227592,0.0639975
-0.88207592,0.0639975
-0.88187592,0.0319988
-0.88167592,0.0639975
-0.88147592,0
-0.88127592,0.0639975
-0.88107592,0
-0.88087592,0.0319988
-0.88067592,0.0639975
-0.88047592,0.0639975
-0.88027592,0.0319988
-0.88007592,0.0639975
-0.87987592,0.0319988
-0.87967592,0.0319988
-0.87947592,0.0639975
-0.87927592,0.0319988
-0.87907592,0.0959963
-0.87887592,0.0639975
-0.87867592,0.0959963
-0.87847592,0.0639975
-0.87827592,0.0639975
-0.87807592,0
-0.87787592,0.0639975
-0.87767592,0.0639975
-0.87747592,0.0319988
-0.87727592,0.0639975
-0.87707592,0.0959963
-0.87687592,0.0319988
-0.87667592,0.0959963
-0.87647592,0.0639975
-0.87627592,0.0319988
-0.87607592,0.0639975
-0.87587592,0.0959963
-0.87567592,0.0319988
-0.87547592,0.0319988
-0.87527592,0.0639975
-0.87507592,0.0319988
-0.87487592,0.0959963
-0.87467592,0.0639975
-0.87447592,0.0319988
-0.87427592,0.0959963
-0.87407592,0.0639975
-0.87387592,0.0959963
-0.87367592,0.0959963
-0.87347592,0.0639975
-0.87327592,0.0639975
-0.87307592,0.0639975
-0.87287592,0.0639975
-0.87267592,0.0639975
-0.87247592,0.0959963
-0.87227592,0.0959963
-0.87207592,0.0639975
-0.87187592,0.0959963
-0.87167592,0.0959963
-0.87147592,0.0959963
-0.87127592,0.0639975
-0.87107592,0.0959963
-0.87087592,0.0959963
-0.87067592,0.127995
-0.87047592,0.0959963
-0.87027592,0.0319988
-0.87007592,0.0959963
-0.86987592,0.0639975
-0.86967592,0.0639975
-0.86947592,0.0959963
-0.86927592,0.0639975
-0.86907592,0.0959963
-0.86887592,0.127995
-0.86867592,0.0639975
-0.86847592,0.0639975
-0.86827592,0.0959963
-0.86807592,0.127995
-0.86787592,0.127995
-0.86767592,0.127995
-0.86747592,0.0639975
-0.86727592,0.0639975
-0.86707592,0.0959963
-0.86687592,0.0959963
-0.86667592,0.0959963
-0.86647592,0.127995
-0.86627592,0.0959963
-0.86607592,0.0959963
-0.86587592,0.127995
-0.86567592,0.0959963
-0.86547592,0.127995
-0.86527592,0.127995
-0.86507592,0.127995
-0.86487592,0.0959963
-0.86467592,0.0959963
-0.86447592,0.0959963
-0.86427592,0.0959963
-0.86407592,0.0959963
-0.86387592,0.0959963
-0.86367592,0.0959963
-0.86347592,0.0959963
-0.86327592,0.0959963
-0.86307592,0.0959963
-0.86287592,0.127995
-0.86267592,0.0959963
-0.86247592,0.0959963
-0.86227592,0.127995
-0.86207592,0.0959963
-0.86187592,0.127995
-0.86167592,0.0959963
-0.86147592,0.0959963
-0.86127592,0.0959963
-0.86107592,0.127995
-0.86087592,0.0959963
-0.86067592,0.0959963
-0.86047592,0.0959963
-0.86027592,0.127995
-0.86007592,0.127995
-0.85987592,0.0959963
-0.85967592,0.0959963
-0.85947592,0.0959963
-0.85927592,0.0959963
-0.85907592,0.127995
-0.85887592,0.0959963
-0.85867592,0.0959963
-0.85847592,0.0959963
-0.85827592,0.127995
-0.85807592,0.0639975
-0.85787592,0.0959963
-0.85767592,0.0959963
-0.85747592,0.127995
-0.85727592,0.127995
-0.85707592,0.0959963
-0.85687592,0.127995
-0.85667592,0.0959963
-0.85647592,0.0959963
-0.85627592,0.127995
-0.85607592,0.0959963
-0.85587592,0.127995
-0.85567592,0.0959963
-0.85547592,0.0639975
-0.85527592,0.0639975
-0.85507592,0.0959963
-0.85487592,0.0959963
-0.85467592,0.0959963
-0.85447592,0.127995
-0.85427592,0.127995
-0.85407592,0.127995
-0.85387592,0.0959963
-0.85367592,0.0959963
-0.85347592,0.0639975
-0.85327592,0.0959963
-0.85307592,0.0959963
-0.85287592,0.127995
-0.85267592,0.127995
-0.85247592,0.0959963
-0.85227592,0.127995
-0.85207592,0.127995
-0.85187592,0.127995
-0.85167592,0.127995
-0.85147592,0.0959963
-0.85127592,0.127995
-0.85107592,0.127995
-0.85087592,0.127995
-0.85067592,0.0959963
-0.85047592,0.0959963
-0.85027592,0.127995
-0.85007592,0.0639975
-0.84987592,0.0639975
-0.84967592,0.127995
-0.84947592,0.127995
-0.84927592,0.0959963
-0.84907592,0.127995
-0.84887592,0.0959963
-0.84867592,0.0639975
-0.84847592,0.0959963
-0.84827592,0.0959963
-0.84807592,0.0959963
-0.84787592,0.127995
-0.84767592,0.0959963
-0.84747592,0.127995
-0.84727592,0.127995
-0.84707592,0.127995
-0.84687592,0.0959963
-0.84667592,0.159994
-0.84647592,0.0959963
-0.84627592,0.0639975
-0.84607592,0.127995
-0.84587592,0.0639975
-0.84567592,0.0639975
-0.84547592,0.0959963
-0.84527592,0.127995
-0.84507592,0.0639975
-0.84487592,0.0959963
-0.84467592,0.0639975
-0.84447592,0.127995
-0.84427592,0.0959963
-0.84407592,0.0959963
-0.84387592,0.0319988
-0.84367592,0.0639975
-0.84347592,0.0959963
-0.84327592,0.0959963
-0.84307592,0.0959963
-0.84287592,0.0959963
-0.84267592,0.0639975
-0.84247592,0.0959963
-0.84227592,0.0959963
-0.84207592,0
-0.84187592,0.0959963
-0.84167592,0.0639975
-0.84147592,0.0639975
-0.84127592,0.0959963
-0.84107592,0.0959963
-0.84087592,0.0959963
-0.84067592,0.0639975
-0.84047592,0.0959963
-0.84027592,0.0639975
-0.84007592,0.0639975
-0.83987592,0.0639975
-0.83967592,0.0639975
-0.83947592,0.0639975
-0.83927592,0.0959963
-0.83907592,0.0319988
-0.83887592,0.0639975
-0.83867592,0.0639975
-0.83847592,0.0639975
-0.83827592,0.0639975
-0.83807592,0.0319988
-0.83787592,0.0639975
-0.83767592,0.0639975
-0.83747592,0.0639975
-0.83727592,0.0319988
-0.83707592,0.0639975
-0.83687592,0.0959963
-0.83667592,0.0639975
-0.83647592,0.0319988
-0.83627592,0.0639975
-0.83607592,0.0319988
-0.83587592,0.0639975
-0.83567592,0.0639975
-0.83547592,0.0319988
-0.83527592,0.0639975
-0.83507592,0.0319988
-0.83487592,0.0639975
-0.83467592,0.0639975
-0.83447592,0.0639975
-0.83427592,0.0319988
-0.83407592,0.0639975
-0.83387592,0.0639975
-0.83367592,0.0639975
-0.83347592,0.0959963
-0.83327592,0.0959963
-0.83307592,0.0959963
-0.83287592,0.0639975
-0.83267592,0.0639975
-0.83247592,0.0639975
-0.83227592,0.0639975
-0.83207592,0.0639975
-0.83187592,0.0639975
-0.83167592,0.0959963
-0.83147592,0.0959963
-0.83127592,0.0959963
-0.83107592,0.0959963
-0.83087592,0.0639975
-0.83067592,0.0639975
-0.83047592,0.0639975
-0.83027592,0.0959963
-0.83007592,0
-0.82987592,0.0639975
-0.82967592,0.0639975
-0.82947592,0.0639975
-0.82927592,0.0959963
-0.82907592,0.0639975
-0.82887592,0.0959963
-0.82867592,0.0959963
-0.82847592,0.0959963
-0.82827592,0.0639975
-0.82807592,0.0639975
-0.82787592,0.0959963
-0.82767592,0.0639975
-0.82747592,0.0959963
-0.82727592,0.0639975
-0.82707592,0.0959963
-0.82687592,0.0639975
-0.82667592,0.0639975
-0.82647592,0.0639975
-0.82627592,0.127995
-0.82607592,0.0639975
-0.82587592,0.0319988
-0.82567592,0.0319988
-0.82547592,0.0959963
-0.82527592,0.0319988
-0.82507592,0.0639975
-0.82487592,0.0959963
-0.82467592,0.0639975
-0.82447592,0.0639975
-0.82427592,0.0959963
-0.82407592,0.0639975
-0.82387592,0.0639975
-0.82367592,0.0639975
-0.82347592,0
-0.82327592,0.0639975
-0.82307592,0.0639975
-0.82287592,0
-0.82267592,0.0319988
-0.82247592,0.0639975
-0.82227592,0
-0.82207592,0.0639975
-0.82187592,0.0639975
-0.82167592,0.0639975
-0.82147592,0.0319988
-0.82127592,0.0639975
-0.82107592,0.0639975
-0.82087592,0.0319988
-0.82067592,0.0639975
-0.82047592,0.0319988
-0.82027592,0.0319988
-0.82007592,0.0319988
-0.81987592,0
-0.81967592,-0.0319988
-0.81947592,0.0319988
-0.81927592,0
-0.81907592,0.0319988
-0.81887592,0.0319988
-0.81867592,0
-0.81847592,0
-0.81827592,0
-0.81807592,-0.0319988
-0.81787592,0
-0.81767592,0
-0.81747592,-0.0319988
-0.81727592,0
-0.81707592,0.0639975
-0.81687592,-0.0639975
-0.81667592,0
-0.81647592,0.0319988
-0.81627592,-0.0319988
-0.81607592,0
-0.81587592,0
-0.81567592,0
-0.81547592,0.0319988
-0.81527592,0.0639975
-0.81507592,0
-0.81487592,0
-0.81467592,-0.0319988
-0.81447592,0
-0.81427592,0
-0.81407592,0
-0.81387592,-0.0319988
-0.81367592,0.0319988
-0.81347592,-0.0319988
-0.81327592,-0.0319988
-0.81307592,0
-0.81287592,0
-0.81267592,0
-0.81247592,-0.0319988
-0.81227592,0
-0.81207592,-0.0319988
-0.81187592,0
-0.81167592,0
-0.81147592,0
-0.81127592,0
-0.81107592,0
-0.81087592,-0.0319988
-0.81067592,-0.0639975
-0.81047592,0
-0.81027592,-0.0639975
-0.81007592,0
-0.80987592,-0.0319988
-0.80967592,-0.0639975
-0.80947592,0
-0.80927592,0
-0.80907592,-0.0639975
-0.80887592,-0.0319988
-0.80867592,-0.0319988
-0.80847592,-0.0319988
-0.80827592,0.0319988
-0.80807592,-0.0319988
-0.80787592,-0.0639975
-0.80767592,-0.0639975
-0.80747592,-0.0639975
-0.80727592,-0.0639975
-0.80707592,-0.0639975
-0.80687592,-0.0639975
-0.80667592,-0.0639975
-0.80647592,-0.0639975
-0.80627592,0
-0.80607592,-0.0959963
-0.80587592,-0.0639975
-0.80567592,-0.0319988
-0.80547592,-0.0639975
-0.80527592,-0.0639975
-0.80507592,-0.0639975
-0.80487592,-0.0639975
-0.80467592,-0.0639975
-0.80447592,-0.0319988
-0.80427592,-0.0959963
-0.80407592,-0.0959963
-0.80387592,-0.0639975
-0.80367592,-0.0639975
-0.80347592,-0.0319988
-0.80327592,-0.0639975
-0.80307592,-0.0959963
-0.80287592,-0.0639975
-0.80267592,0
-0.80247592,-0.0639975
-0.80227592,-0.0639975
-0.80207592,-0.0319988
-0.80187592,-0.0639975
-0.80167592,-0.0639975
-0.80147592,-0.0639975
-0.80127592,-0.0639975
-0.80107592,-0.0639975
-0.80087592,-0.0639975
-0.80067592,-0.0959963
-0.80047592,-0.0319988
-0.80027592,-0.0319988
-0.80007592,-0.0639975
-0.79987592,-0.0639975
-0.79967592,-0.0639975
-0.79947592,-0.0639975
-0.79927592,-0.0319988
-0.79907592,-0.0319988
-0.79887592,-0.0319988
-0.79867592,-0.0639975
-0.79847592,-0.0319988
-0.79827592,-0.0959963
-0.79807592,-0.0639975
-0.79787592,-0.0319988
-0.79767592,-0.0959963
-0.79747592,0
-0.79727592,-0.0639975
-0.79707592,-0.0639975
-0.79687592,-0.0639975
-0.79667592,-0.0639975
-0.79647592,-0.0639975
-0.79627592,-0.0319988
-0.79607592,-0.0639975
-0.79587592,-0.0639975
-0.79567592,-0.0319988
-0.79547592,-0.0639975
-0.79527592,-0.0959963
-0.79507592,-0.0639975
-0.79487592,-0.0639975
-0.79467592,-0.127995
-0.79447592,-0.0639975
-0.79427592,-0.0639975
-0.79407592,-0.0639975
-0.79387592,-0.0959963
-0.79367592,-0.0639975
-0.79347592,-0.0959963
-0.79327592,-0.0319988
-0.79307592,-0.0959963
-0.79287592,-0.0639975
-0.79267592,-0.0319988
-0.79247592,-0.0959963
-0.79227592,-0.0639975
-0.79207592,-0.0959963
-0.79187592,-0.0639975
-0.79167592,-0.0959963
-0.79147592,-0.0959963
-0.79127592,-0.0639975
-0.79107592,-0.0959963
-0.79087592,-0.0639975
-0.79067592,-0.0959963
-0.79047592,-0.0639975
-0.79027592,-0.0959963
-0.79007592,-0.0319988
-0.78987592,-0.0639975
-0.78967592,-0.0639975
-0.78947592,-0.0639975
-0.78927592,-0.0959963
-0.78907592,-0.0959963
-0.78887592,-0.0959963
-0.78867592,-0.127995
-0.78847592,-0.127995
-0.78827592,-0.0319988
-0.78807592,-0.127995
-0.78787592,-0.0959963
-0.78767592,-0.0639975
-0.78747592,-0.0959963
-0.78727592,-0.0639975
-0.78707592,-0.0959963
-0.78687592,-0.0959963
-0.78667592,-0.0639975
-0.78647592,-0.0959963
-0.78627592,-0.0959963
-0.78607592,-0.0639975
-0.78587592,-0.0959963
-0.78567592,-0.127995
-0.78547592,-0.0959963
-0.78527592,-0.0959963
-0.78507592,-0.0959963
-0.78487592,-0.127995
-0.78467592,-0.127995
-0.78447592,-0.0639975
-0.78427592,-0.0959963
-0.78407592,-0.127995
-0.78387592,-0.127995
-0.78367592,-0.0959963
-0.78347592,-0.0959963
-0.78327592,-0.0959963
-0.78307592,-0.0959963
-0.78287592,-0.0959963
-0.78267592,-0.127995
-0.78247592,-0.159994
-0.78227592,-0.127995
-0.78207592,-0.159994
-0.78187592,-0.159994
-0.78167592,-0.127995
-0.78147592,-0.159994
-0.78127592,-0.159994
-0.78107592,-0.127995
-0.78087592,-0.191993
-0.78067592,-0.159994
-0.78047592,-0.159994
-0.78027592,-0.159994
-0.78007592,-0.159994
-0.77987592,-0.127995
-0.77967592,-0.159994
-0.77947592,-0.159994
-0.77927592,-0.127995
-0.77907592,-0.159994
-0.77887592,-0.159994
-0.77867592,-0.127995
-0.77847592,-0.159994
-0.77827592,-0.191993
-0.77807592,-0.127995
-0.77787592,-0.191993
-0.77767592,-0.191993
-0.77747592,-0.127995
-0.77727592,-0.223991
-0.77707592,-0.159994
-0.77687592,-0.159994
-0.77667592,-0.159994
-0.77647592,-0.127995
-0.77627592,-0.127995
-0.77607592,-0.159994
-0.77587592,-0.159994
-0.77567592,-0.127995
-0.77547592,-0.159994
-0.77527592,-0.191993
-0.77507592,-0.127995
-0.77487592,-0.191993
-0.77467592,-0.159994
-0.77447592,-0.159994
-0.77427592,-0.159994
-0.77407592,-0.159994
-0.77387592,-0.191993
-0.77367592,-0.191993
-0.77347592,-0.159994
-0.77327592,-0.159994
-0.77307592,-0.191993
-0.77287592,-0.191993
-0.77267592,-0.127995
-0.77247592,-0.159994
-0.77227592,-0.127995
-0.77207592,-0.159994
-0.77187592,-0.191993
-0.77167592,-0.191993
-0.77147592,-0.191993
-0.77127592,-0.191993
-0.77107592,-0.223991
-0.77087592,-0.159994
-0.77067592,-0.191993
-0.77047592,-0.127995
-0.77027592,-0.159994
-0.77007592,-0.159994
-0.76987592,-0.191993
-0.76967592,-0.159994
-0.76947592,-0.223991
-0.76927592,-0.159994
-0.76907592,-0.191993
-0.76887592,-0.191993
-0.76867592,-0.223991
-0.76847592,-0.191993
-0.76827592,-0.223991
-0.76807592,-0.191993
-0.76787592,-0.159994
-0.76767592,-0.223991
-0.76747592,-0.223991
-0.76727592,-0.191993
-0.76707592,-0.223991
-0.76687592,-0.25599
-0.76667592,-0.191993
-0.76647592,-0.159994
-0.76627592,-0.223991
-0.76607592,-0.191993
-0.76587592,-0.223991
-0.76567592,-0.25599
-0.76547592,-0.159994
-0.76527592,-0.159994
-0.76507592,-0.191993
-0.76487592,-0.191993
-0.76467592,-0.191993
-0.76447592,-0.223991
-0.76427592,-0.223991
-0.76407592,-0.191993
-0.76387592,-0.159994
-0.76367592,-0.191993
-0.76347592,-0.223991
-0.76327592,-0.223991
-0.76307592,-0.191993
-0.76287592,-0.223991
-0.76267592,-0.25599
-0.76247592,-0.223991
-0.76227592,-0.223991
-0.76207592,-0.223991
-0.76187592,-0.223991
-0.76167592,-0.25599
-0.76147592,-0.223991
-0.76127592,-0.191993
-0.76107592,-0.223991
-0.76087592,-0.223991
-0.76067592,-0.223991
-0.76047592,-0.191993
-0.76027592,-0.25599
-0.76007592,-0.223991
-0.75987592,-0.223991
-0.75967592,-0.25599
-0.75947592,-0.223991
-0.75927592,-0.287989
-0.75907592,-0.25599
-0.75887592,-0.25599
-0.75867592,-0.25599
-0.75847592,-0.287989
-0.75827592,-0.223991
-0.75807592,-0.287989
-0.75787592,-0.25599
-0.75767592,-0.223991
-0.75747592,-0.287989
-0.75727592,-0.287989
-0.75707592,-0.25599
-0.75687592,-0.287989
-0.75667592,-0.223991
-0.75647592,-0.223991
-0.75627592,-0.25599
-0.75607592,-0.287989
-0.75587592,-0.25599
-0.75567592,-0.287989
-0.75547592,-0.287989
-0.75527592,-0.25599
-0.75507592,-0.287989
-0.75487592,-0.25599
-0.75467592,-0.319988
-0.75447592,-0.25599
-0.75427592,-0.287989
-0.75407592,-0.287989
-0.75387592,-0.287989
-0.75367592,-0.319988
-0.75347592,-0.287989
-0.75327592,-0.287989
-0.75307592,-0.319988
-0.75287592,-0.287989
-0.75267592,-0.351986
-0.75247592,-0.319988
-0.75227592,-0.351986
-0.75207592,-0.319988
-0.75187592,-0.319988
-0.75167592,-0.351986
-0.75147592,-0.319988
-0.75127592,-0.287989
-0.75107592,-0.351986
-0.75087592,-0.319988
-0.75067592,-0.287989
-0.75047592,-0.319988
-0.75027592,-0.351986
-0.75007592,-0.351986
-0.74987592,-0.319988
-0.74967592,-0.351986
-0.74947592,-0.319988
-0.74927592,-0.351986
-0.74907592,-0.287989
-0.74887592,-0.415984
-0.74867592,-0.351986
-0.74847592,-0.351986
-0.74827592,-0.351986
-0.74807592,-0.319988
-0.74787592,-0.351986
-0.74767592,-0.351986
-0.74747592,-0.383985
-0.74727592,-0.351986
-0.74707592,-0.319988
-0.74687592,-0.383985
-0.74667592,-0.351986
-0.74647592,-0.319988
-0.74627592,-0.351986
-0.74607592,-0.351986
-0.74587592,-0.383985
-0.74567592,-0.351986
-0.74547592,-0.383985
-0.74527592,-0.383985
-0.74507592,-0.351986
-0.74487592,-0.351986
-0.74467592,-0.383985
-0.74447592,-0.351986
-0.74427592,-0.415984
-0.74407592,-0.415984
-0.74387592,-0.383985
-0.74367592,-0.383985
-0.74347592,-0.415984
-0.74327592,-0.415984
-0.74307592,-0.383985
-0.74287592,-0.415984
-0.74267592,-0.383985
-0.74247592,-0.383985
-0.74227592,-0.415984
-0.74207592,-0.415984
-0.74187592,-0.383985
-0.74167592,-0.415984
-0.74147592,-0.383985
-0.74127592,-0.383985
-0.74107592,-0.447983
-0.74087592,-0.447983
-0.74067592,-0.415984
-0.74047592,-0.447983
-0.74027592,-0.447983
-0.74007592,-0.415984
-0.73987592,-0.415984
-0.73967592,-0.447983
-0.73947592,-0.415984
-0.73927592,-0.415984
-0.73907592,-0.415984
-0.73887592,-0.415984
-0.73867592,-0.447983
-0.73847592,-0.479982
-0.73827592,-0.415984
-0.73807592,-0.479982
-0.73787592,-0.447983
-0.73767592,-0.415984
-0.73747592,-0.479982
-0.73727592,-0.415984
-0.73707592,-0.383985
-0.73687592,-0.447983
-0.73667592,-0.447983
-0.73647592,-0.479982
-0.73627592,-0.447983
-0.73607592,-0.447983
-0.73587592,-0.415984
-0.73567592,-0.479982
-0.73547592,-0.447983
-0.73527592,-0.415984
-0.73507592,-0.447983
-0.73487592,-0.51198
-0.73467592,-0.415984
-0.73447592,-0.447983
-0.73427592,-0.447983
-0.73407592,-0.415984
-0.73387592,-0.479982
-0.73367592,-0.447983
-0.73347592,-0.447983
-0.73327592,-0.479982
-0.73307592,-0.479982
-0.73287592,-0.447983
-0.73267592,-0.479982
-0.73247592,-0.479982
-0.73227592,-0.447983
-0.73207592,-0.479982
-0.73187592,-0.447983
-0.73167592,-0.479982
-0.73147592,-0.479982
-0.73127592,-0.479982
-0.73107592,-0.447983
-0.73087592,-0.51198
-0.73067592,-0.51198
-0.73047592,-0.51198
-0.73027592,-0.543979
-0.73007592,-0.479982
-0.72987592,-0.479982
-0.72967592,-0.479982
-0.72947592,-0.479982
-0.72927592,-0.479982
-0.72907592,-0.51198
-0.72887592,-0.543979
-0.72867592,-0.479982
-0.72847592,-0.51198
-0.72827592,-0.51198
-0.72807592,-0.51198
-0.72787592,-0.51198
-0.72767592,-0.479982
-0.72747592,-0.51198
-0.72727592,-0.51198
-0.72707592,-0.543979
-0.72687592,-0.51198
-0.72667592,-0.51198
-0.72647592,-0.51198
-0.72627592,-0.479982
-0.72607592,-0.51198
-0.72587592,-0.51198
-0.72567592,-0.447983
-0.72547592,-0.543979
-0.72527592,-0.543979
-0.72507592,-0.479982
-0.72487592,-0.51198
-0.72467592,-0.543979
-0.72447592,-0.543979
-0.72427592,-0.543979
-0.72407592,-0.51198
-0.72387592,-0.575978
-0.72367592,-0.543979
-0.72347592,-0.543979
-0.72327592,-0.543979
-0.72307592,-0.575978
-0.72287592,-0.575978
-0.72267592,-0.543979
-0.72247592,-0.575978
-0.72227592,-0.543979
-0.72207592,-0.51198
-0.72187592,-0.575978
-0.72167592,-0.575978
-0.72147592,-0.543979
-0.72127592,-0.607977
-0.72107592,-0.607977
-0.72087592,-0.575978
-0.72067592,-0.575978
-0.72047592,-0.575978
-0.72027592,-0.575978
-0.72007592,-0.575978
-0.71987592,-0.607977
-0.71967592,-0.543979
-0.71947592,-0.607977
-0.71927592,-0.607977
-0.71907592,-0.575978
-0.71887592,-0.607977
-0.71867592,-0.607977
-0.71847592,-0.607977
-0.71827592,-0.575978
-0.71807592,-0.607977
-0.71787592,-0.607977
-0.71767592,-0.639975
-0.71747592,-0.607977
-0.71727592,-0.607977
-0.71707592,-0.607977
-0.71687592,-0.607977
-0.71667592,-0.607977
-0.71647592,-0.607977
-0.71627592,-0.607977
-0.71607592,-0.575978
-0.71587592,-0.639975
-0.71567592,-0.639975
-0.71547592,-0.671974
-0.71527592,-0.639975
-0.71507592,-0.671974
-0.71487592,-0.671974
-0.71467592,-0.671974
-0.71447592,-0.639975
-0.71427592,-0.671974
-0.71407592,-0.639975
-0.71387592,-0.639975
-0.71367592,-0.639975
-0.71347592,-0.671974
-0.71327592,-0.671974
-0.71307592,-0.671974
-0.71287592,-0.671974
-0.71267592,-0.671974
-0.71247592,-0.639975
-0.71227592,-0.671974
-0.71207592,-0.671974
-0.71187592,-0.703973
-0.71167592,-0.671974
-0.71147592,-0.671974
-0.71127592,-0.703973
-0.71107592,-0.703973
-0.71087592,-0.703973
-0.71067592,-0.703973
-0.71047592,-0.735972
-0.71027592,-0.671974
-0.71007592,-0.671974
-0.70987592,-0.703973
-0.70967592,-0.703973
-0.70947592,-0.703973
-0.70927592,-0.703973
-0.70907592,-0.735972
-0.70887592,-0.735972
-0.70867592,-0.735972
-0.70847592,-0.703973
-0.70827592,-0.735972
-0.70807592,-0.735972
-0.70787592,-0.703973
-0.70767592,-0.767971
-0.70747592,-0.767971
-0.70727592,-0.735972
-0.70707592,-0.735972
-0.70687592,-0.735972
-0.70667592,-0.703973
-0.70647592,-0.735972
-0.70627592,-0.767971
-0.70607592,-0.735972
-0.70587592,-0.735972
-0.70567592,-0.767971
-0.70547592,-0.767971
-0.70527592,-0.799969
-0.70507592,-0.767971
-0.70487592,-0.799969
-0.70467592,-0.735972
-0.70447592,-0.799969
-0.70427592,-0.799969
-0.70407592,-0.799969
-0.70387592,-0.799969
-0.70367592,-0.831968
-0.70347592,-0.863967
-0.70327592,-0.799969
-0.70307592,-0.831968
-0.70287592,-0.831968
-0.70267592,-0.863967
-0.70247592,-0.831968
-0.70227592,-0.799969
-0.70207592,-0.831968
-0.70187592,-0.831968
-0.70167592,-0.831968
-0.70147592,-0.863967
-0.70127592,-0.863967
-0.70107592,-0.799969
-0.70087592,-0.831968
-0.70067592,-0.863967
-0.70047592,-0.863967
-0.70027592,-0.863967
-0.70007592,-0.863967
-0.69987592,-0.831968
-0.69967592,-0.863967
-0.69947592,-0.831968
-0.69927592,-0.895966
-0.69907592,-0.895966
-0.69887592,-0.863967
-0.69867592,-0.863967
-0.69847592,-0.863967
-0.69827592,-0.863967
-0.69807592,-0.895966
-0.69787592,-0.895966
-0.69767592,-0.927964
-0.69747592,-0.895966
-0.69727592,-0.863967
-0.69707592,-0.895966
-0.69687592,-0.927964
-0.69667592,-0.927964
-0.69647592,-0.863967
-0.69627592,-0.927964
-0.69607592,-0.927964
-0.69587592,-0.895966
-0.69567592,-0.927964
-0.69547592,-0.959963
-0.69527592,-0.895966
-0.69507592,-0.927964
-0.69487592,-0.927964
-0.69467592,-0.927964
-0.69447592,-0.991962
-0.69427592,-0.959963
-0.69407592,-0.927964
-0.69387592,-0.959963
-0.69367592,-0.959963
-0.69347592,-0.959963
-0.69327592,-0.959963
-0.69307592,-0.959963
-0.69287592,-0.959963
-0.69267592,-0.959963
-0.69247592,-0.959963
-0.69227592,-0.991962
-0.69207592,-0.959963
-0.69187592,-0.991962
-0.69167592,-0.959963
-0.69147592,-0.959963
-0.69127592,-0.991962
-0.69107592,-0.991962
-0.69087592,-0.959963
-0.69067592,-0.959963
-0.69047592,-1.02396
-0.69027592,-1.02396
-0.69007592,-0.991962
-0.68987592,-0.959963
-0.68967592,-0.991962
-0.68947592,-0.991962
-0.68927592,-0.991962
-0.68907592,-0.991962
-0.68887592,-0.991962
-0.68867592,-0.991962
-0.68847592,-1.02396
-0.68827592,-0.991962
-0.68807592,-1.05596
-0.68787592,-1.02396
-0.68767592,-1.02396
-0.68747592,-0.959963
-0.68727592,-1.02396
-0.68707592,-0.991962
-0.68687592,-0.991962
-0.68667592,-0.991962
-0.68647592,-1.02396
-0.68627592,-0.991962
-0.68607592,-1.05596
-0.68587592,-1.02396
-0.68567592,-0.991962
-0.68547592,-1.02396
-0.68527592,-1.05596
-0.68507592,-1.08796
-0.68487592,-1.05596
-0.68467592,-1.02396
-0.68447592,-1.02396
-0.68427592,-1.08796
-0.68407592,-1.08796
-0.68387592,-1.05596
-0.68367592,-1.02396
-0.68347592,-1.05596
-0.68327592,-0.991962
-0.68307592,-1.02396
-0.68287592,-0.991962
-0.68267592,-1.05596
-0.68247592,-1.05596
-0.68227592,-1.05596
-0.68207592,-1.02396
-0.68187592,-1.08796
-0.68167592,-1.05596
-0.68147592,-1.02396
-0.68127592,-1.05596
-0.68107592,-1.05596
-0.68087592,-1.05596
-0.68067592,-1.08796
-0.68047592,-1.05596
-0.68027592,-1.02396
-0.68007592,-1.05596
-0.67987592,-1.08796
-0.67967592,-1.05596
-0.67947592,-1.08796
-0.67927592,-1.05596
-0.67907592,-1.02396
-0.67887592,-1.02396
-0.67867592,-1.05596
-0.67847592,-1.05596
-0.67827592,-1.08796
-0.67807592,-1.05596
-0.67787592,-1.08796
-0.67767592,-1.05596
-0.67747592,-1.05596
-0.67727592,-1.02396
-0.67707592,-1.02396
-0.67687592,-1.08796
-0.67667592,-1.02396
-0.67647592,-1.05596
-0.67627592,-1.11996
-0.67607592,-1.08796
-0.67587592,-1.05596
-0.67567592,-1.05596
-0.67547592,-1.08796
-0.67527592,-1.08796
-0.67507592,-1.02396
-0.67487592,-1.05596
-0.67467592,-1.08796
-0.67447592,-1.05596
-0.67427592,-1.05596
-0.67407592,-1.08796
-0.67387592,-1.08796
-0.67367592,-1.08796
-0.67347592,-1.08796
-0.67327592,-1.08796
-0.67307592,-1.11996
-0.67287592,-1.05596
-0.67267592,-1.08796
-0.67247592,-1.05596
-0.67227592,-1.11996
-0.67207592,-1.05596
-0.67187592,-1.08796
-0.67167592,-1.08796
-0.67147592,-1.08796
-0.67127592,-1.08796
-0.67107592,-1.08796
-0.67087592,-1.08796
-0.67067592,-1.08796
-0.67047592,-1.11996
-0.67027592,-1.15196
-0.67007592,-1.08796
-0.66987592,-1.08796
-0.66967592,-1.11996
-0.66947592,-1.08796
-0.66927592,-1.11996
-0.66907592,-1.08796
-0.66887592,-1.11996
-0.66867592,-1.11996
-0.66847592,-1.08796
-0.66827592,-1.08796
-0.66807592,-1.11996
-0.66787592,-1.08796
-0.66767592,-1.15196
-0.66747592,-1.15196
-0.66727592,-1.11996
-0.66707592,-1.11996
-0.66687592,-1.08796
-0.66667592,-1.08796
-0.66647592,-1.11996
-0.66627592,-1.08796
-0.66607592,-1.11996
-0.66587592,-1.11996
-0.66567592,-1.11996
-0.66547592,-1.08796
-0.66527592,-1.11996
-0.66507592,-1.11996
-0.66487592,-1.11996
-0.66467592,-1.11996
-0.66447592,-1.11996
-0.66427592,-1.08796
-0.66407592,-1.11996
-0.66387592,-1.08796
-0.66367592,-1.11996
-0.66347592,-1.18395
-0.66327592,-1.11996
-0.66307592,-1.11996
-0.66287592,-1.11996
-0.66267592,-1.11996
-0.66247592,-1.08796
-0.66227592,-1.11996
-0.66207592,-1.11996
-0.66187592,-1.08796
-0.66167592,-1.05596
-0.66147592,-1.11996
-0.66127592,-1.11996
-0.66107592,-1.11996
-0.66087592,-1.11996
-0.66067592,-1.11996
-0.66047592,-1.11996
-0.66027592,-1.11996
-0.66007592,-1.11996
-0.65987592,-1.11996
-0.65967592,-1.11996
-0.65947592,-1.11996
-0.65927592,-1.08796
-0.65907592,-1.11996
-0.65887592,-1.08796
-0.65867592,-1.08796
-0.65847592,-1.08796
-0.65827592,-1.08796
-0.65807592,-1.11996
-0.65787592,-1.11996
-0.65767592,-1.11996
-0.65747592,-1.11996
-0.65727592,-1.05596
-0.65707592,-1.08796
-0.65687592,-1.15196
-0.65667592,-1.08796
-0.65647592,-1.11996
-0.65627592,-1.11996
-0.65607592,-1.08796
-0.65587592,-1.08796
-0.65567592,-1.08796
-0.65547592,-1.05596
-0.65527592,-1.08796
-0.65507592,-1.05596
-0.65487592,-1.05596
-0.65467592,-1.08796
-0.65447592,-1.05596
-0.65427592,-1.05596
-0.65407592,-1.05596
-0.65387592,-1.08796
-0.65367592,-1.08796
-0.65347592,-1.05596
-0.65327592,-1.08796
-0.65307592,-1.05596
-0.65287592,-1.02396
-0.65267592,-1.02396
-0.65247592,-1.05596
-0.65227592,-1.02396
-0.65207592,-0.991962
-0.65187592,-1.02396
-0.65167592,-1.02396
-0.65147592,-1.02396
-0.65127592,-1.02396
-0.65107592,-1.02396
-0.65087592,-1.02396
-0.65067592,-0.991962
-0.65047592,-1.02396
-0.65027592,-0.991962
-0.65007592,-1.02396
-0.64987592,-0.991962
-0.64967592,-0.991962
-0.64947592,-1.05596
-0.64927592,-1.02396
-0.64907592,-0.959963
-0.64887592,-0.959963
-0.64867592,-0.959963
-0.64847592,-0.959963
-0.64827592,-0.959963
-0.64807592,-0.991962
-0.64787592,-0.959963
-0.64767592,-0.991962
-0.64747592,-0.991962
-0.64727592,-0.959963
-0.64707592,-0.959963
-0.64687592,-0.991962
-0.64667592,-0.927964
-0.64647592,-0.991962
-0.64627592,-0.895966
-0.64607592,-0.959963
-0.64587592,-0.927964
-0.64567592,-0.959963
-0.64547592,-0.927964
-0.64527592,-0.927964
-0.64507592,-0.927964
-0.64487592,-0.927964
-0.64467592,-0.895966
-0.64447592,-0.895966
-0.64427592,-0.895966
-0.64407592,-0.927964
-0.64387592,-0.863967
-0.64367592,-0.895966
-0.64347592,-0.863967
-0.64327592,-0.927964
-0.64307592,-0.863967
-0.64287592,-0.895966
-0.64267592,-0.831968
-0.64247592,-0.863967
-0.64227592,-0.831968
-0.64207592,-0.895966
-0.64187592,-0.895966
-0.64167592,-0.863967
-0.64147592,-0.863967
-0.64127592,-0.863967
-0.64107592,-0.863967
-0.64087592,-0.799969
-0.64067592,-0.831968
-0.64047592,-0.767971
-0.64027592,-0.831968
-0.64007592,-0.831968
-0.63987592,-0.799969
-0.63967592,-0.799969
-0.63947592,-0.831968
-0.63927592,-0.767971
-0.63907592,-0.767971
-0.63887592,-0.735972
-0.63867592,-0.799969
-0.63847592,-0.735972
-0.63827592,-0.767971
-0.63807592,-0.767971
-0.63787592,-0.767971
-0.63767592,-0.767971
-0.63747592,-0.735972
-0.63727592,-0.703973
-0.63707592,-0.735972
-0.63687592,-0.703973
-0.63667592,-0.703973
-0.63647592,-0.767971
-0.63627592,-0.767971
-0.63607592,-0.703973
-0.63587592,-0.735972
-0.63567592,-0.703973
-0.63547592,-0.703973
-0.63527592,-0.671974
-0.63507592,-0.671974
-0.63487592,-0.703973
-0.63467592,-0.703973
-0.63447592,-0.671974
-0.63427592,-0.703973
-0.63407592,-0.703973
-0.63387592,-0.703973
-0.63367592,-0.735972
-0.63347592,-0.703973
-0.63327592,-0.639975
-0.63307592,-0.671974
-0.63287592,-0.639975
-0.63267592,-0.671974
-0.63247592,-0.671974
-0.63227592,-0.639975
-0.63207592,-0.639975
-0.63187592,-0.607977
-0.63167592,-0.607977
-0.63147592,-0.575978
-0.63127592,-0.607977
-0.63107592,-0.607977
-0.63087592,-0.575978
-0.63067592,-0.607977
-0.63047592,-0.607977
-0.63027592,-0.575978
-0.63007592,-0.607977
-0.62987592,-0.607977
-0.62967592,-0.543979
-0.62947592,-0.575978
-0.62927592,-0.575978
-0.62907592,-0.543979
-0.62887592,-0.575978
-0.62867592,-0.543979
-0.62847592,-0.543979
-0.62827592,-0.575978
-0.62807592,-0.543979
-0.62787592,-0.51198
-0.62767592,-0.479982
-0.62747592,-0.51198
-0.62727592,-0.447983
-0.62707592,-0.51198
-0.62687592,-0.51198
-0.62667592,-0.479982
-0.62647592,-0.479982
-0.62627592,-0.543979
-0.62607592,-0.479982
-0.62587592,-0.479982
-0.62567592,-0.479982
-0.62547592,-0.51198
-0.62527592,-0.479982
-0.62507592,-0.415984
-0.62487592,-0.415984
-0.62467592,-0.479982
-0.62447592,-0.447983
-0.62427592,-0.479982
-0.62407592,-0.447983
-0.62387592,-0.415984
-0.62367592,-0.415984
-0.62347592,-0.383985
-0.62327592,-0.447983
-0.62307592,-0.415984
-0.62287592,-0.415984
-0.62267592,-0.415984
-0.62247592,-0.383985
-0.62227592,-0.383985
-0.62207592,-0.415984
-0.62187592,-0.351986
-0.62167592,-0.351986
-0.62147592,-0.351986
-0.62127592,-0.319988
-0.62107592,-0.351986
-0.62087592,-0.351986
-0.62067592,-0.319988
-0.62047592,-0.351986
-0.62027592,-0.319988
-0.62007592,-0.351986
-0.61987592,-0.287989
-0.61967592,-0.319988
-0.61947592,-0.287989
-0.61927592,-0.25599
-0.61907592,-0.25599
-0.61887592,-0.287989
-0.61867592,-0.287989
-0.61847592,-0.287989
-0.61827592,-0.287989
-0.61807592,-0.25599
-0.61787592,-0.191993
-0.61767592,-0.223991
-0.61747592,-0.287989
-0.61727592,-0.191993
-0.61707592,-0.223991
-0.61687592,-0.223991
-0.61667592,-0.223991
-0.61647592,-0.223991
-0.61627592,-0.25599
-0.61607592,-0.191993
-0.61587592,-0.223991
-0.61567592,-0.191993
-0.61547592,-0.127995
-0.61527592,-0.159994
-0.61507592,-0.159994
-0.61487592,-0.127995
-0.61467592,-0.159994
-0.61447592,-0.127995
-0.61427592,-0.159994
-0.61407592,-0.127995
-0.61387592,-0.0959963
-0.61367592,-0.0959963
-0.61347592,-0.127995
-0.61327592,-0.0639975
-0.61307592,-0.0959963
-0.61287592,-0.127995
-0.61267592,-0.0639975
-0.61247592,-0.0959963
-0.61227592,-0.0959963
-0.61207592,-0.0319988
-0.61187592,0
-0.61167592,-0.0319988
-0.61147592,0
-0.61127592,0
-0.61107592,-0.0319988
-0.61087592,0
-0.61067592,0
-0.61047592,-0.0639975
-0.61027592,0
-0.61007592,0.0639975
-0.60987592,0.0639975
-0.60967592,0.0319988
-0.60947592,0.0639975
-0.60927592,0.0639975
-0.60907592,0.0639975
-0.60887592,0.0639975
-0.60867592,0.0319988
-0.60847592,0.0639975
-0.60827592,0.0639975
-0.60807592,0.0639975
-0.60787592,0.0639975
-0.60767592,0.0959963
-0.60747592,0.127995
-0.60727592,0.127995
-0.60707592,0.0959963
-0.60687592,0.127995
-0.60667592,0.0959963
-0.60647592,0.127995
-0.60627592,0.159994
-0.60607592,0.159994
-0.60587592,0.159994
-0.60567592,0.159994
-0.60547592,0.159994
-0.60527592,0.159994
-0.60507592,0.191993
-0.60487592,0.191993
-0.60467592,0.191993
-0.60447592,0.191993
-0.60427592,0.25599
-0.60407592,0.223991
-0.60387592,0.223991
-0.60367592,0.25599
-0.60347592,0.223991
-0.60327592,0.223991
-0.60307592,0.223991
-0.60287592,0.223991
-0.60267592,0.25599
-0.60247592,0.287989
-0.60227592,0.25599
-0.60207592,0.287989
-0.60187592,0.351986
-0.60167592,0.287989
-0.60147592,0.287989
-0.60127592,0.319988
-0.60107592,0.287989
-0.60087592,0.287989
-0.60067592,0.351986
-0.60047592,0.351986
-0.60027592,0.351986
-0.60007592,0.383985
-0.59987592,0.319988
-0.59967592,0.383985
-0.59947592,0.415984
-0.59927592,0.383985
-0.59907592,0.319988
-0.59887592,0.415984
-0.59867592,0.415984
-0.59847592,0.415984
-0.59827592,0.447983
-0.59807592,0.383985
-0.59787592,0.447983
-0.59767592,0.479982
-0.59747592,0.447983
-0.59727592,0.447983
-0.59707592,0.447983
-0.59687592,0.479982
-0.59667592,0.447983
-0.59647592,0.479982
-0.59627592,0.51198
-0.59607592,0.51198
-0.59587592,0.51198
-0.59567592,0.51198
-0.59547592,0.479982
-0.59527592,0.51198
-0.59507592,0.575978
-0.59487592,0.51198
-0.59467592,0.543979
-0.59447592,0.575978
-0.59427592,0.575978
-0.59407592,0.543979
-0.59387592,0.575978
-0.59367592,0.575978
-0.59347592,0.575978
-0.59327592,0.575978
-0.59307592,0.543979
-0.59287592,0.607977
-0.59267592,0.639975
-0.59247592,0.575978
-0.59227592,0.607977
-0.59207592,0.671974
-0.59187592,0.639975
-0.59167592,0.607977
-0.59147592,0.639975
-0.59127592,0.639975
-0.59107592,0.639975
-0.59087592,0.639975
-0.59067592,0.671974
-0.59047592,0.671974
-0.59027592,0.703973
-0.59007592,0.671974
-0.58987592,0.703973
-0.58967592,0.703973
-0.58947592,0.703973
-0.58927592,0.671974
-0.58907592,0.703973
-0.58887592,0.703973
-0.58867592,0.703973
-0.58847592,0.799969
-0.58827592,0.735972
-0.58807592,0.767971
-0.58787592,0.831968
-0.58767592,0.799969
-0.58747592,0.767971
-0.58727592,0.799969
-0.58707592,0.735972
-0.58687592,0.831968
-0.58667592,0.831968
-0.58647592,0.799969
-0.58627592,0.799969
-0.58607592,0.863967
-0.58587592,0.831968
-0.58567592,0.767971
-0.58547592,0.863967
-0.58527592,0.863967
-0.58507592,0.831968
-0.58487592,0.863967
-0.58467592,0.895966
-0.58447592,0.927964
-0.58427592,0.927964
-0.58407592,0.895966
-0.58387592,0.927964
-0.58367592,0.895966
-0.58347592,0.895966
-0.58327592,0.959963
-0.58307592,0.895966
-0.58287592,0.959963
-0.58267592,0.959963
-0.58247592,0.959963
-0.58227592,0.959963
-0.58207592,0.959963
-0.58187592,0.991962
-0.58167592,0.991962
-0.58147592,0.991962
-0.58127592,0.991962
-0.58107592,0.991962
-0.58087592,1.02396
-0.58067592,1.08796
-0.58047592,1.02396
-0.58027592,1.08796
-0.58007592,1.05596
-0.57987592,1.02396
-0.57967592,1.05596
-0.57947592,1.08796
-0.57927592,1.02396
-0.57907592,1.08796
-0.57887592,1.08796
-0.57867592,1.08796
-0.57847592,1.11996
-0.57827592,1.08796
-0.57807592,1.15196
-0.57787592,1.18395
-0.57767592,1.15196
-0.57747592,1.08796
-0.57727592,1.15196
-0.57707592,1.15196
-0.57687592,1.21595
-0.57667592,1.21595
-0.57647592,1.21595
-0.57627592,1.21595
-0.57607592,1.24795
-0.57587592,1.24795
-0.57567592,1.15196
-0.57547592,1.24795
-0.57527592,1.27995
-0.57507592,1.24795
-0.57487592,1.31195
-0.57467592,1.31195
-0.57447592,1.27995
-0.57427592,1.27995
-0.57407592,1.31195
-0.57387592,1.27995
-0.57367592,1.31195
-0.57347592,1.27995
-0.57327592,1.31195
-0.57307592,1.37595
-0.57287592,1.37595
-0.57267592,1.34395
-0.57247592,1.37595
-0.57227592,1.40795
-0.57207592,1.37595
-0.57187592,1.37595
-0.57167592,1.37595
-0.57147592,1.34395
-0.57127592,1.37595
-0.57107592,1.40795
-0.57087592,1.40795
-0.57067592,1.47194
-0.57047592,1.40795
-0.57027592,1.47194
-0.57007592,1.43994
-0.56987592,1.40795
-0.56967592,1.43994
-0.56947592,1.43994
-0.56927592,1.47194
-0.56907592,1.47194
-0.56887592,1.53594
-0.56867592,1.50394
-0.56847592,1.50394
-0.56827592,1.50394
-0.56807592,1.50394
-0.56787592,1.43994
-0.56767592,1.50394
-0.56747592,1.56794
-0.56727592,1.53594
-0.56707592,1.56794
-0.56687592,1.56794
-0.56667592,1.56794
-0.56647592,1.56794
-0.56627592,1.59994
-0.56607592,1.56794
-0.56587592,1.56794
-0.56567592,1.56794
-0.56547592,1.63194
-0.56527592,1.63194
-0.56507592,1.63194
-0.56487592,1.66394
-0.56467592,1.63194
-0.56447592,1.63194
-0.56427592,1.63194
-0.56407592,1.66394
-0.56387592,1.66394
-0.56367592,1.63194
-0.56347592,1.63194
-0.56327592,1.69593
-0.56307592,1.69593
-0.56287592,1.72793
-0.56267592,1.72793
-0.56247592,1.69593
-0.56227592,1.69593
-0.56207592,1.66394
-0.56187592,1.69593
-0.56167592,1.75993
-0.56147592,1.72793
-0.56127592,1.75993
-0.56107592,1.79193
-0.56087592,1.79193
-0.56067592,1.75993
-0.56047592,1.79193
-0.56027592,1.75993
-0.56007592,1.82393
-0.55987592,1.75993
-0.55967592,1.82393
-0.55947592,1.82393
-0.55927592,1.79193
-0.55907592,1.79193
-0.55887592,1.79193
-0.55867592,1.79193
-0.55847592,1.82393
-0.55827592,1.79193
-0.55807592,1.79193
-0.55787592,1.79193
-0.55767592,1.85593
-0.55747592,1.82393
-0.55727592,1.85593
-0.55707592,1.82393
-0.55687592,1.85593
-0.55667592,1.88793
-0.55647592,1.88793
-0.55627592,1.85593
-0.55607592,1.85593
-0.55587592,1.85593
-0.55567592,1.85593
-0.55547592,1.91993
-0.55527592,1.91993
-0.55507592,1.91993
-0.55487592,1.88793
-0.55467592,1.91993
-0.55447592,1.91993
-0.55427592,1.88793
-0.55407592,1.88793
-0.55387592,1.85593
-0.55367592,1.95193
-0.55347592,1.91993
-0.55327592,1.95193
-0.55307592,1.95193
-0.55287592,1.91993
-0.55267592,1.95193
-0.55247592,1.95193
-0.55227592,2.01592
-0.55207592,1.95193
-0.55187592,1.98392
-0.55167592,1.95193
-0.55147592,1.98392
-0.55127592,1.98392
-0.55107592,1.98392
-0.55087592,1.98392
-0.55067592,1.98392
-0.55047592,1.95193
-0.55027592,1.98392
-0.55007592,2.01592
-0.54987592,2.01592
-0.54967592,2.04792
-0.54947592,2.01592
-0.54927592,2.01592
-0.54907592,2.04792
-0.54887592,2.04792
-0.54867592,2.07992
-0.54847592,2.01592
-0.54827592,2.04792
-0.54807592,2.01592
-0.54787592,2.07992
-0.54767592,2.11192
-0.54747592,2.11192
-0.54727592,2.07992
-0.54707592,2.07992
-0.54687592,2.07992
-0.54667592,2.11192
-0.54647592,2.07992
-0.54627592,2.07992
-0.54607592,2.04792
-0.54587592,2.07992
-0.54567592,2.14392
-0.54547592,2.11192
-0.54527592,2.11192
-0.54507592,2.07992
-0.54487592,2.11192
-0.54467592,2.07992
-0.54447592,2.14392
-0.54427592,2.07992
-0.54407592,2.07992
-0.54387592,2.14392
-0.54367592,2.14392
-0.54347592,2.11192
-0.54327592,2.20792
-0.54307592,2.17592
-0.54287592,2.14392
-0.54267592,2.17592
-0.54247592,2.14392
-0.54227592,2.14392
-0.54207592,2.23991
-0.54187592,2.17592
-0.54167592,2.17592
-0.54147592,2.23991
-0.54127592,2.20792
-0.54107592,2.20792
-0.54087592,2.23991
-0.54067592,2.14392
-0.54047592,2.20792
-0.54027592,2.23991
-0.54007592,2.20792
-0.53987592,2.20792
-0.53967592,2.23991
-0.53947592,2.23991
-0.53927592,2.20792
-0.53907592,2.23991
-0.53887592,2.23991
-0.53867592,2.20792
-0.53847592,2.23991
-0.53827592,2.23991
-0.53807592,2.20792
-0.53787592,2.27191
-0.53767592,2.23991
-0.53747592,2.27191
-0.53727592,2.27191
-0.53707592,2.30391
-0.53687592,2.23991
-0.53667592,2.27191
-0.53647592,2.27191
-0.53627592,2.30391
-0.53607592,2.30391
-0.53587592,2.30391
-0.53567592,2.30391
-0.53547592,2.30391
-0.53527592,2.30391
-0.53507592,2.30391
-0.53487592,2.30391
-0.53467592,2.23991
-0.53447592,2.27191
-0.53427592,2.30391
-0.53407592,2.30391
-0.53387592,2.30391
-0.53367592,2.33591
-0.53347592,2.33591
-0.53327592,2.27191
-0.53307592,2.30391
-0.53287592,2.36791
-0.53267592,2.33591
-0.53247592,2.33591
-0.53227592,2.33591
-0.53207592,2.33591
-0.53187592,2.33591
-0.53167592,2.33591
-0.53147592,2.30391
-0.53127592,2.33591
-0.53107592,2.36791
-0.53087592,2.33591
-0.53067592,2.36791
-0.53047592,2.36791
-0.53027592,2.36791
-0.53007592,2.36791
-0.52987592,2.39991
-0.52967592,2.36791
-0.52947592,2.36791
-0.52927592,2.36791
-0.52907592,2.33591
-0.52887592,2.39991
-0.52867592,2.36791
-0.52847592,2.33591
-0.52827592,2.33591
-0.52807592,2.39991
-0.52787592,2.36791
-0.52767592,2.36791
-0.52747592,2.39991
-0.52727592,2.36791
-0.52707592,2.36791
-0.52687592,2.39991
-0.52667592,2.36791
-0.52647592,2.36791
-0.52627592,2.39991
-0.52607592,2.36791
-0.52587592,2.39991
-0.52567592,2.39991
-0.52547592,2.39991
-0.52527592,2.39991
-0.52507592,2.39991
-0.52487592,2.39991
-0.52467592,2.39991
-0.52447592,2.43191
-0.52427592,2.43191
-0.52407592,2.43191
-0.52387592,2.43191
-0.52367592,2.46391
-0.52347592,2.39991
-0.52327592,2.39991
-0.52307592,2.39991
-0.52287592,2.46391
-0.52267592,2.43191
-0.52247592,2.39991
-0.52227592,2.39991
-0.52207592,2.36791
-0.52187592,2.39991
-0.52167592,2.39991
-0.52147592,2.43191
-0.52127592,2.39991
-0.52107592,2.39991
-0.52087592,2.39991
-0.52067592,2.43191
-0.52047592,2.39991
-0.52027592,2.39991
-0.52007592,2.39991
-0.51987592,2.43191
-0.51967592,2.39991
-0.51947592,2.36791
-0.51927592,2.39991
-0.51907592,2.43191
-0.51887592,2.43191
-0.51867592,2.39991
-0.51847592,2.46391
-0.51827592,2.43191
-0.51807592,2.39991
-0.51787592,2.39991
-0.51767592,2.39991
-0.51747592,2.39991
-0.51727592,2.43191
-0.51707592,2.39991
-0.51687592,2.39991
-0.51667592,2.39991
-0.51647592,2.39991
-0.51627592,2.43191
-0.51607592,2.39991
-0.51587592,2.36791
-0.51567592,2.39991
-0.51547592,2.39991
-0.51527592,2.36791
-0.51507592,2.36791
-0.51487592,2.39991
-0.51467592,2.33591
-0.51447592,2.39991
-0.51427592,2.36791
-0.51407592,2.36791
-0.51387592,2.39991
-0.51367592,2.39991
-0.51347592,2.39991
-0.51327592,2.39991
-0.51307592,2.39991
-0.51287592,2.39991
-0.51267592,2.39991
-0.51247592,2.39991
-0.51227592,2.39991
-0.51207592,2.36791
-0.51187592,2.39991
-0.51167592,2.39991
-0.51147592,2.36791
-0.51127592,2.36791
-0.51107592,2.36791
-0.51087592,2.43191
-0.51067592,2.39991
-0.51047592,2.39991
-0.51027592,2.39991
-0.51007592,2.39991
-0.50987592,2.39991
-0.50967592,2.33591
-0.50947592,2.39991
-0.50927592,2.36791
-0.50907592,2.36791
-0.50887592,2.39991
-0.50867592,2.43191
-0.50847592,2.39991
-0.50827592,2.39991
-0.50807592,2.36791
-0.50787592,2.39991
-0.50767592,2.39991
-0.50747592,2.39991
-0.50727592,2.36791
-0.50707592,2.39991
-0.50687592,2.39991
-0.50667592,2.36791
-0.50647592,2.36791
-0.50627592,2.36791
-0.50607592,2.36791
-0.50587592,2.33591
-0.50567592,2.36791
-0.50547592,2.36791
-0.50527592,2.36791
-0.50507592,2.36791
-0.50487592,2.39991
-0.50467592,2.36791
-0.50447592,2.33591
-0.50427592,2.36791
-0.50407592,2.33591
-0.50387592,2.33591
-0.50367592,2.33591
-0.50347592,2.39991
-0.50327592,2.33591
-0.50307592,2.36791
-0.50287592,2.36791
-0.50267592,2.33591
-0.50247592,2.33591
-0.50227592,2.36791
-0.50207592,2.30391
-0.50187592,2.33591
-0.50167592,2.36791
-0.50147592,2.30391
-0.50127592,2.36791
-0.50107592,2.33591
-0.50087592,2.30391
-0.50067592,2.33591
-0.50047592,2.39991
-0.50027592,2.30391
-0.50007592,2.36791
-0.49987592,2.30391
-0.49967592,2.27191
-0.49947592,2.36791
-0.49927592,2.30391
-0.49907592,2.23991
-0.49887592,2.30391
-0.49867592,2.27191
-0.49847592,2.27191
-0.49827592,2.30391
-0.49807592,2.30391
-0.49787592,2.27191
-0.49767592,2.30391
-0.49747592,2.23991
-0.49727592,2.27191
-0.49707592,2.30391
-0.49687592,2.27191
-0.49667592,2.23991
-0.49647592,2.27191
-0.49627592,2.23991
-0.49607592,2.23991
-0.49587592,2.23991
-0.49567592,2.27191
-0.49547592,2.23991
-0.49527592,2.23991
-0.49507592,2.23991
-0.49487592,2.23991
-0.49467592,2.23991
-0.49447592,2.27191
-0.49427592,2.17592
-0.49407592,2.20792
-0.49387592,2.20792
-0.49367592,2.23991
-0.49347592,2.20792
-0.49327592,2.20792
-0.49307592,2.17592
-0.49287592,2.17592
-0.49267592,2.20792
-0.49247592,2.20792
-0.49227592,2.20792
-0.49207592,2.17592
-0.49187592,2.17592
-0.49167592,2.17592
-0.49147592,2.17592
-0.49127592,2.17592
-0.49107592,2.17592
-0.49087592,2.17592
-0.49067592,2.14392
-0.49047592,2.14392
-0.49027592,2.14392
-0.49007592,2.17592
-0.48987592,2.14392
-0.48967592,2.17592
-0.48947592,2.14392
-0.48927592,2.14392
-0.48907592,2.11192
-0.48887592,2.11192
-0.48867592,2.11192
-0.48847592,2.07992
-0.48827592,2.11192
-0.48807592,2.11192
-0.48787592,2.11192
-0.48767592,2.11192
-0.48747592,2.14392
-0.48727592,2.07992
-0.48707592,2.07992
-0.48687592,2.11192
-0.48667592,2.01592
-0.48647592,2.07992
-0.48627592,2.07992
-0.48607592,2.04792
-0.48587592,2.07992
-0.48567592,2.07992
-0.48547592,2.04792
-0.48527592,2.04792
-0.48507592,2.01592
-0.48487592,2.04792
-0.48467592,2.01592
-0.48447592,2.04792
-0.48427592,2.04792
-0.48407592,2.01592
-0.48387592,2.04792
-0.48367592,2.01592
-0.48347592,2.01592
-0.48327592,1.98392
-0.48307592,2.01592
-0.48287592,1.98392
-0.48267592,2.01592
-0.48247592,1.98392
-0.48227592,1.95193
-0.48207592,1.98392
-0.48187592,1.95193
-0.48167592,2.01592
-0.48147592,1.95193
-0.48127592,1.91993
-0.48107592,1.91993
-0.48087592,1.91993
-0.48067592,1.91993
-0.48047592,1.91993
-0.48027592,1.91993
-0.48007592,1.91993
-0.47987592,1.91993
-0.47967592,1.88793
-0.47947592,1.88793
-0.47927592,1.88793
-0.47907592,1.88793
-0.47887592,1.88793
-0.47867592,1.85593
-0.47847592,1.82393
-0.47827592,1.88793
-0.47807592,1.85593
-0.47787592,1.85593
-0.47767592,1.88793
-0.47747592,1.85593
-0.47727592,1.79193
-0.47707592,1.85593
-0.47687592,1.82393
-0.47667592,1.79193
-0.47647592,1.75993
-0.47627592,1.79193
-0.47607592,1.79193
-0.47587592,1.82393
-0.47567592,1.79193
-0.47547592,1.75993
-0.47527592,1.75993
-0.47507592,1.72793
-0.47487592,1.75993
-0.47467592,1.79193
-0.47447592,1.75993
-0.47427592,1.72793
-0.47407592,1.72793
-0.47387592,1.72793
-0.47367592,1.69593
-0.47347592,1.69593
-0.47327592,1.66394
-0.47307592,1.66394
-0.47287592,1.72793
-0.47267592,1.69593
-0.47247592,1.63194
-0.47227592,1.66394
-0.47207592,1.72793
-0.47187592,1.63194
-0.47167592,1.59994
-0.47147592,1.63194
-0.47127592,1.59994
-0.47107592,1.56794
-0.47087592,1.63194
-0.47067592,1.59994
-0.47047592,1.56794
-0.47027592,1.59994
-0.47007592,1.59994
-0.46987592,1.53594
-0.46967592,1.59994
-0.46947592,1.56794
-0.46927592,1.53594
-0.46907592,1.56794
-0.46887592,1.53594
-0.46867592,1.53594
-0.46847592,1.53594
-0.46827592,1.50394
-0.46807592,1.53594
-0.46787592,1.53594
-0.46767592,1.53594
-0.46747592,1.47194
-0.46727592,1.50394
-0.46707592,1.40795
-0.46687592,1.47194
-0.46667592,1.43994
-0.46647592,1.47194
-0.46627592,1.47194
-0.46607592,1.43994
-0.46587592,1.40795
-0.46567592,1.40795
-0.46547592,1.40795
-0.46527592,1.37595
-0.46507592,1.43994
-0.46487592,1.40795
-0.46467592,1.37595
-0.46447592,1.40795
-0.46427592,1.43994
-0.46407592,1.37595
-0.46387592,1.37595
-0.46367592,1.37595
-0.46347592,1.31195
-0.46327592,1.31195
-0.46307592,1.34395
-0.46287592,1.31195
-0.46267592,1.31195
-0.46247592,1.34395
-0.46227592,1.34395
-0.46207592,1.31195
-0.46187592,1.31195
-0.46167592,1.27995
-0.46147592,1.21595
-0.46127592,1.31195
-0.46107592,1.24795
-0.46087592,1.21595
-0.46067592,1.27995
-0.46047592,1.24795
-0.46027592,1.21595
-0.46007592,1.31195
-0.45987592,1.18395
-0.45967592,1.15196
-0.45947592,1.18395
-0.45927592,1.18395
-0.45907592,1.15196
-0.45887592,1.18395
-0.45867592,1.15196
-0.45847592,1.18395
-0.45827592,1.18395
-0.45807592,1.15196
-0.45787592,1.15196
-0.45767592,1.11996
-0.45747592,1.11996
-0.45727592,1.11996
-0.45707592,1.11996
-0.45687592,1.08796
-0.45667592,1.08796
-0.45647592,1.05596
-0.45627592,1.05596
-0.45607592,1.08796
-0.45587592,1.08796
-0.45567592,1.02396
-0.45547592,1.02396
-0.45527592,1.02396
-0.45507592,1.02396
-0.45487592,1.05596
-0.45467592,1.05596
-0.45447592,1.02396
-0.45427592,0.991962
-0.45407592,1.05596
-0.45387592,0.959963
-0.45367592,1.02396
-0.45347592,0.959963
-0.45327592,0.959963
-0.45307592,0.959963
-0.45287592,0.991962
-0.45267592,0.959963
-0.45247592,0.991962
-0.45227592,0.927964
-0.45207592,0.927964
-0.45187592,0.895966
-0.45167592,0.927964
-0.45147592,0.895966
-0.45127592,0.927964
-0.45107592,0.895966
-0.45087592,0.863967
-0.45067592,0.895966
-0.45047592,0.927964
-0.45027592,0.895966
-0.45007592,0.863967
-0.44987592,0.863967
-0.44967592,0.831968
-0.44947592,0.799969
-0.44927592,0.831968
-0.44907592,0.863967
-0.44887592,0.799969
-0.44867592,0.863967
-0.44847592,0.831968
-0.44827592,0.799969
-0.44807592,0.831968
-0.44787592,0.799969
-0.44767592,0.767971
-0.44747592,0.831968
-0.44727592,0.767971
-0.44707592,0.767971
-0.44687592,0.799969
-0.44667592,0.735972
-0.44647592,0.735972
-0.44627592,0.799969
-0.44607592,0.703973
-0.44587592,0.703973
-0.44567592,0.703973
-0.44547592,0.671974
-0.44527592,0.735972
-0.44507592,0.703973
-0.44487592,0.671974
-0.44467592,0.671974
-0.44447592,0.703973
-0.44427592,0.639975
-0.44407592,0.639975
-0.44387592,0.607977
-0.44367592,0.639975
-0.44347592,0.607977
-0.44327592,0.639975
-0.44307592,0.575978
-0.44287592,0.575978
-0.44267592,0.639975
-0.44247592,0.575978
-0.44227592,0.575978
-0.44207592,0.575978
-0.44187592,0.543979
-0.44167592,0.51198
-0.44147592,0.575978
-0.44127592,0.51198
-0.44107592,0.51198
-0.44087592,0.575978
-0.44067592,0.543979
-0.44047592,0.51198
-0.44027592,0.51198
-0.44007592,0.447983
-0.43987592,0.479982
-0.43967592,0.51198
-0.43947592,0.447983
-0.43927592,0.479982
-0.43907592,0.479982
-0.43887592,0.479982
-0.43867592,0.447983
-0.43847592,0.447983
-0.43827592,0.383985
-0.43807592,0.447983
-0.43787592,0.447983
-0.43767592,0.383985
-0.43747592,0.415984
-0.43727592,0.383985
-0.43707592,0.383985
-0.43687592,0.415984
-0.43667592,0.383985
-0.43647592,0.351986
-0.43627592,0.351986
-0.43607592,0.319988
-0.43587592,0.287989
-0.43567592,0.319988
-0.43547592,0.287989
-0.43527592,0.25599
-0.43507592,0.319988
-0.43487592,0.287989
-0.43467592,0.287989
-0.43447592,0.25599
-0.43427592,0.25599
-0.43407592,0.25599
-0.43387592,0.25599
-0.43367592,0.223991
-0.43347592,0.223991
-0.43327592,0.25599
-0.43307592,0.25599
-0.43287592,0.223991
-0.43267592,0.223991
-0.43247592,0.159994
-0.43227592,0.191993
-0.43207592,0.191993
-0.43187592,0.127995
-0.43167592,0.159994
-0.43147592,0.159994
-0.43127592,0.127995
-0.43107592,0.127995
-0.43087592,0.159994
-0.43067592,0.127995
-0.43047592,0.127995
-0.43027592,0.127995
-0.43007592,0.127995
-0.42987592,0.0639975
-0.42967592,0.0959963
-0.42947592,0.0959963
-0.42927592,0.0959963
-0.42907592,0.0959963
-0.42887592,0.0639975
-0.42867592,0.0639975
-0.42847592,0.0639975
-0.42827592,0.0639975
-0.42807592,0
-0.42787592,0.0639975
-0.42767592,0.0639975
-0.42747592,0.0319988
-0.42727592,0.0319988
-0.42707592,0.0319988
-0.42687592,0
-0.42667592,-0.0319988
-0.42647592,-0.0639975
-0.42627592,-0.0639975
-0.42607592,-0.0639975
-0.42587592,0
-0.42567592,-0.0639975
-0.42547592,-0.0959963
-0.42527592,-0.0319988
-0.42507592,-0.0639975
-0.42487592,-0.0639975
-0.42467592,-0.0959963
-0.42447592,-0.0959963
-0.42427592,-0.0959963
-0.42407592,-0.0639975
-0.42387592,-0.127995
-0.42367592,-0.0959963
-0.42347592,-0.0959963
-0.42327592,-0.0639975
-0.42307592,-0.0959963
-0.42287592,-0.0959963
-0.42267592,-0.159994
-0.42247592,-0.159994
-0.42227592,-0.159994
-0.42207592,-0.191993
-0.42187592,-0.159994
-0.42167592,-0.0959963
-0.42147592,-0.159994
-0.42127592,-0.191993
-0.42107592,-0.191993
-0.42087592,-0.159994
-0.42067592,-0.191993
-0.42047592,-0.223991
-0.42027592,-0.223991
-0.42007592,-0.223991
-0.41987592,-0.191993
-0.41967592,-0.25599
-0.41947592,-0.25599
-0.41927592,-0.191993
-0.41907592,-0.223991
-0.41887592,-0.25599
-0.41867592,-0.25599
-0.41847592,-0.287989
-0.41827592,-0.287989
-0.41807592,-0.287989
-0.41787592,-0.319988
-0.41767592,-0.319988
-0.41747592,-0.319988
-0.41727592,-0.287989
-0.41707592,-0.319988
-0.41687592,-0.351986
-0.41667592,-0.319988
-0.41647592,-0.319988
-0.41627592,-0.351986
-0.41607592,-0.319988
-0.41587592,-0.383985
-0.41567592,-0.351986
-0.41547592,-0.319988
-0.41527592,-0.319988
-0.41507592,-0.383985
-0.41487592,-0.319988
-0.41467592,-0.383985
-0.41447592,-0.351986
-0.41427592,-0.383985
-0.41407592,-0.351986
-0.41387592,-0.351986
-0.41367592,-0.383985
-0.41347592,-0.383985
-0.41327592,-0.383985
-0.41307592,-0.415984
-0.41287592,-0.415984
-0.41267592,-0.447983
-0.41247592,-0.415984
-0.41227592,-0.415984
-0.41207592,-0.447983
-0.41187592,-0.383985
-0.41167592,-0.447983
-0.41147592,-0.415984
-0.41127592,-0.479982
-0.41107592,-0.447983
-0.41087592,-0.447983
-0.41067592,-0.479982
-0.41047592,-0.51198
-0.41027592,-0.415984
-0.41007592,-0.415984
-0.40987592,-0.51198
-0.40967592,-0.479982
-0.40947592,-0.447983
-0.40927592,-0.479982
-0.40907592,-0.479982
-0.40887592,-0.447983
-0.40867592,-0.51198
-0.40847592,-0.447983
-0.40827592,-0.479982
-0.40807592,-0.479982
-0.40787592,-0.51198
-0.40767592,-0.51198
-0.40747592,-0.479982
-0.40727592,-0.51198
-0.40707592,-0.479982
-0.40687592,-0.543979
-0.40667592,-0.51198
-0.40647592,-0.479982
-0.40627592,-0.51198
-0.40607592,-0.51198
-0.40587592,-0.51198
-0.40567592,-0.51198
-0.40547592,-0.51198
-0.40527592,-0.51198
-0.40507592,-0.51198
-0.40487592,-0.543979
-0.40467592,-0.479982
-0.40447592,-0.51198
-0.40427592,-0.543979
-0.40407592,-0.51198
-0.40387592,-0.543979
-0.40367592,-0.575978
-0.40347592,-0.543979
-0.40327592,-0.543979
-0.40307592,-0.479982
-0.40287592,-0.543979
-0.40267592,-0.543979
-0.40247592,-0.607977
-0.40227592,-0.543979
-0.40207592,-0.543979
-0.40187592,-0.543979
-0.40167592,-0.51198
-0.40147592,-0.51198
-0.40127592,-0.575978
-0.40107592,-0.543979
-0.40087592,-0.575978
-0.40067592,-0.51198
-0.40047592,-0.543979
-0.40027592,-0.575978
-0.40007592,-0.575978
-0.39987592,-0.543979
-0.39967592,-0.575978
-0.39947592,-0.607977
-0.39927592,-0.575978
-0.39907592,-0.575978
-0.39887592,-0.543979
-0.39867592,-0.575978
-0.39847592,-0.607977
-0.39827592,-0.51198
-0.39807592,-0.543979
-0.39787592,-0.607977
-0.39767592,-0.543979
-0.39747592,-0.607977
-0.39727592,-0.607977
-0.39707592,-0.607977
-0.39687592,-0.575978
-0.39667592,-0.639975
-0.39647592,-0.607977
-0.39627592,-0.543979
-0.39607592,-0.607977
-0.39587592,-0.607977
-0.39567592,-0.607977
-0.39547592,-0.607977
-0.39527592,-0.575978
-0.39507592,-0.607977
-0.39487592,-0.607977
-0.39467592,-0.639975
-0.39447592,-0.639975
-0.39427592,-0.607977
-0.39407592,-0.607977
-0.39387592,-0.575978
-0.39367592,-0.639975
-0.39347592,-0.639975
-0.39327592,-0.639975
-0.39307592,-0.607977
-0.39287592,-0.639975
-0.39267592,-0.639975
-0.39247592,-0.607977
-0.39227592,-0.639975
-0.39207592,-0.607977
-0.39187592,-0.639975
-0.39167592,-0.639975
-0.39147592,-0.671974
-0.39127592,-0.607977
-0.39107592,-0.671974
-0.39087592,-0.639975
-0.39067592,-0.607977
-0.39047592,-0.639975
-0.39027592,-0.607977
-0.39007592,-0.607977
-0.38987592,-0.671974
-0.38967592,-0.671974
-0.38947592,-0.671974
-0.38927592,-0.671974
-0.38907592,-0.671974
-0.38887592,-0.671974
-0.38867592,-0.671974
-0.38847592,-0.703973
-0.38827592,-0.639975
-0.38807592,-0.671974
-0.38787592,-0.607977
-0.38767592,-0.639975
-0.38747592,-0.671974
-0.38727592,-0.703973
-0.38707592,-0.703973
-0.38687592,-0.703973
-0.38667592,-0.671974
-0.38647592,-0.735972
-0.38627592,-0.703973
-0.38607592,-0.703973
-0.38587592,-0.703973
-0.38567592,-0.703973
-0.38547592,-0.703973
-0.38527592,-0.735972
-0.38507592,-0.703973
-0.38487592,-0.639975
-0.38467592,-0.735972
-0.38447592,-0.703973
-0.38427592,-0.735972
-0.38407592,-0.703973
-0.38387592,-0.703973
-0.38367592,-0.735972
-0.38347592,-0.703973
-0.38327592,-0.703973
-0.38307592,-0.703973
-0.38287592,-0.735972
-0.38267592,-0.703973
-0.38247592,-0.735972
-0.38227592,-0.703973
-0.38207592,-0.703973
-0.38187592,-0.735972
-0.38167592,-0.735972
-0.38147592,-0.703973
-0.38127592,-0.735972
-0.38107592,-0.735972
-0.38087592,-0.767971
-0.38067592,-0.735972
-0.38047592,-0.735972
-0.38027592,-0.735972
-0.38007592,-0.767971
-0.37987592,-0.767971
-0.37967592,-0.735972
-0.37947592,-0.767971
-0.37927592,-0.767971
-0.37907592,-0.735972
-0.37887592,-0.703973
-0.37867592,-0.799969
-0.37847592,-0.735972
-0.37827592,-0.735972
-0.37807592,-0.767971
-0.37787592,-0.767971
-0.37767592,-0.767971
-0.37747592,-0.735972
-0.37727592,-0.735972
-0.37707592,-0.767971
-0.37687592,-0.767971
-0.37667592,-0.703973
-0.37647592,-0.735972
-0.37627592,-0.735972
-0.37607592,-0.671974
-0.37587592,-0.735972
-0.37567592,-0.735972
-0.37547592,-0.735972
-0.37527592,-0.735972
-0.37507592,-0.767971
-0.37487592,-0.703973
-0.37467592,-0.735972
-0.37447592,-0.735972
-0.37427592,-0.703973
-0.37407592,-0.735972
-0.37387592,-0.735972
-0.37367592,-0.703973
-0.37347592,-0.735972
-0.37327592,-0.767971
-0.37307592,-0.703973
-0.37287592,-0.735972
-0.37267592,-0.735972
-0.37247592,-0.735972
-0.37227592,-0.735972
-0.37207592,-0.735972
-0.37187592,-0.703973
-0.37167592,-0.703973
-0.37147592,-0.703973
-0.37127592,-0.703973
-0.37107592,-0.703973
-0.37087592,-0.703973
-0.37067592,-0.735972
-0.37047592,-0.703973
-0.37027592,-0.767971
-0.37007592,-0.735972
-0.36987592,-0.735972
-0.36967592,-0.735972
-0.36947592,-0.703973
-0.36927592,-0.735972
-0.36907592,-0.735972
-0.36887592,-0.735972
-0.36867592,-0.703973
-0.36847592,-0.735972
-0.36827592,-0.767971
-0.36807592,-0.703973
-0.36787592,-0.767971
-0.36767592,-0.703973
-0.36747592,-0.703973
-0.36727592,-0.735972
-0.36707592,-0.671974
-0.36687592,-0.767971
-0.36667592,-0.735972
-0.36647592,-0.703973
-0.36627592,-0.703973
-0.36607592,-0.703973
-0.36587592,-0.703973
-0.36567592,-0.703973
-0.36547592,-0.703973
-0.36527592,-0.703973
-0.36507592,-0.671974
-0.36487592,-0.703973
-0.36467592,-0.735972
-0.36447592,-0.703973
-0.36427592,-0.703973
-0.36407592,-0.639975
-0.36387592,-0.703973
-0.36367592,-0.703973
-0.36347592,-0.735972
-0.36327592,-0.703973
-0.36307592,-0.703973
-0.36287592,-0.703973
-0.36267592,-0.703973
-0.36247592,-0.703973
-0.36227592,-0.671974
-0.36207592,-0.703973
-0.36187592,-0.671974
-0.36167592,-0.639975
-0.36147592,-0.671974
-0.36127592,-0.703973
-0.36107592,-0.671974
-0.36087592,-0.671974
-0.36067592,-0.703973
-0.36047592,-0.671974
-0.36027592,-0.703973
-0.36007592,-0.703973
-0.35987592,-0.671974
-0.35967592,-0.671974
-0.35947592,-0.703973
-0.35927592,-0.703973
-0.35907592,-0.703973
-0.35887592,-0.671974
-0.35867592,-0.703973
-0.35847592,-0.639975
-0.35827592,-0.671974
-0.35807592,-0.671974
-0.35787592,-0.639975
-0.35767592,-0.639975
-0.35747592,-0.671974
-0.35727592,-0.639975
-0.35707592,-0.703973
-0.35687592,-0.671974
-0.35667592,-0.735972
-0.35647592,-0.639975
-0.35627592,-0.671974
-0.35607592,-0.671974
-0.35587592,-0.639975
-0.35567592,-0.639975
-0.35547592,-0.639975
-0.35527592,-0.639975
-0.35507592,-0.639975
-0.35487592,-0.703973
-0.35467592,-0.671974
-0.35447592,-0.639975
-0.35427592,-0.671974
-0.35407592,-0.671974
-0.35387592,-0.639975
-0.35367592,-0.639975
-0.35347592,-0.671974
-0.35327592,-0.607977
-0.35307592,-0.671974
-0.35287592,-0.671974
-0.35267592,-0.639975
-0.35247592,-0.671974
-0.35227592,-0.671974
-0.35207592,-0.639975
-0.35187592,-0.703973
-0.35167592,-0.671974
-0.35147592,-0.671974
-0.35127592,-0.671974
-0.35107592,-0.671974
-0.35087592,-0.671974
-0.35067592,-0.671974
-0.35047592,-0.671974
-0.35027592,-0.671974
-0.35007592,-0.671974
-0.34987592,-0.671974
-0.34967592,-0.639975
-0.34947592,-0.607977
-0.34927592,-0.639975
-0.34907592,-0.671974
-0.34887592,-0.607977
-0.34867592,-0.639975
-0.34847592,-0.671974
-0.34827592,-0.703973
-0.34807592,-0.671974
-0.34787592,-0.703973
-0.34767592,-0.671974
-0.34747592,-0.671974
-0.34727592,-0.671974
-0.34707592,-0.703973
-0.34687592,-0.671974
-0.34667592,-0.607977
-0.34647592,-0.639975
-0.34627592,-0.639975
-0.34607592,-0.671974
-0.34587592,-0.639975
-0.34567592,-0.639975
-0.34547592,-0.639975
-0.34527592,-0.639975
-0.34507592,-0.671974
-0.34487592,-0.639975
-0.34467592,-0.671974
-0.34447592,-0.639975
-0.34427592,-0.639975
-0.34407592,-0.639975
-0.34387592,-0.639975
-0.34367592,-0.639975
-0.34347592,-0.639975
-0.34327592,-0.607977
-0.34307592,-0.671974
-0.34287592,-0.639975
-0.34267592,-0.607977
-0.34247592,-0.639975
-0.34227592,-0.639975
-0.34207592,-0.639975
-0.34187592,-0.639975
-0.34167592,-0.607977
-0.34147592,-0.607977
-0.34127592,-0.575978
-0.34107592,-0.639975
-0.34087592,-0.575978
-0.34067592,-0.607977
-0.34047592,-0.575978
-0.34027592,-0.575978
-0.34007592,-0.607977
-0.33987592,-0.575978
-0.33967592,-0.607977
-0.33947592,-0.607977
-0.33927592,-0.543979
-0.33907592,-0.639975
-0.33887592,-0.51198
-0.33867592,-0.607977
-0.33847592,-0.575978
-0.33827592,-0.607977
-0.33807592,-0.607977
-0.33787592,-0.575978
-0.33767592,-0.607977
-0.33747592,-0.607977
-0.33727592,-0.575978
-0.33707592,-0.607977
-0.33687592,-0.51198
-0.33667592,-0.575978
-0.33647592,-0.575978
-0.33627592,-0.575978
-0.33607592,-0.575978
-0.33587592,-0.543979
-0.33567592,-0.543979
-0.33547592,-0.575978
-0.33527592,-0.607977
-0.33507592,-0.543979
-0.33487592,-0.607977
-0.33467592,-0.575978
-0.33447592,-0.575978
-0.33427592,-0.607977
-0.33407592,-0.575978
-0.33387592,-0.575978
-0.33367592,-0.607977
-0.33347592,-0.575978
-0.33327592,-0.575978
-0.33307592,-0.575978
-0.33287592,-0.575978
-0.33267592,-0.543979
-0.33247592,-0.575978
-0.33227592,-0.607977
-0.33207592,-0.543979
-0.33187592,-0.607977
-0.33167592,-0.607977
-0.33147592,-0.575978
-0.33127592,-0.607977
-0.33107592,-0.575978
-0.33087592,-0.575978
-0.33067592,-0.639975
-0.33047592,-0.607977
-0.33027592,-0.575978
-0.33007592,-0.607977
-0.32987592,-0.607977
-0.32967592,-0.543979
-0.32947592,-0.543979
-0.32927592,-0.575978
-0.32907592,-0.543979
-0.32887592,-0.607977
-0.32867592,-0.575978
-0.32847592,-0.575978
-0.32827592,-0.607977
-0.32807592,-0.575978
-0.32787592,-0.575978
-0.32767592,-0.607977
-0.32747592,-0.575978
-0.32727592,-0.575978
-0.32707592,-0.607977
-0.32687592,-0.607977
-0.32667592,-0.575978
-0.32647592,-0.575978
-0.32627592,-0.639975
-0.32607592,-0.607977
-0.32587592,-0.607977
-0.32567592,-0.575978
-0.32547592,-0.575978
-0.32527592,-0.607977
-0.32507592,-0.607977
-0.32487592,-0.607977
-0.32467592,-0.607977
-0.32447592,-0.607977
-0.32427592,-0.575978
-0.32407592,-0.639975
-0.32387592,-0.607977
-0.32367592,-0.607977
-0.32347592,-0.607977
-0.32327592,-0.607977
-0.32307592,-0.607977
-0.32287592,-0.607977
-0.32267592,-0.639975
-0.32247592,-0.575978
-0.32227592,-0.575978
-0.32207592,-0.607977
-0.32187592,-0.575978
-0.32167592,-0.575978
-0.32147592,-0.607977
-0.32127592,-0.575978
-0.32107592,-0.607977
-0.32087592,-0.607977
-0.32067592,-0.575978
-0.32047592,-0.607977
-0.32027592,-0.607977
-0.32007592,-0.607977
-0.31987592,-0.575978
-0.31967592,-0.607977
-0.31947592,-0.607977
-0.31927592,-0.639975
-0.31907592,-0.607977
-0.31887592,-0.607977
-0.31867592,-0.607977
-0.31847592,-0.575978
-0.31827592,-0.639975
-0.31807592,-0.639975
-0.31787592,-0.607977
-0.31767592,-0.639975
-0.31747592,-0.607977
-0.31727592,-0.639975
-0.31707592,-0.607977
-0.31687592,-0.639975
-0.31667592,-0.607977
-0.31647592,-0.639975
-0.31627592,-0.607977
-0.31607592,-0.639975
-0.31587592,-0.671974
-0.31567592,-0.639975
-0.31547592,-0.639975
-0.31527592,-0.639975
-0.31507592,-0.639975
-0.31487592,-0.607977
-0.31467592,-0.639975
-0.31447592,-0.607977
-0.31427592,-0.607977
-0.31407592,-0.671974
-0.31387592,-0.575978
-0.31367592,-0.607977
-0.31347592,-0.607977
-0.31327592,-0.607977
-0.31307592,-0.639975
-0.31287592,-0.639975
-0.31267592,-0.639975
-0.31247592,-0.575978
-0.31227592,-0.639975
-0.31207592,-0.607977
-0.31187592,-0.639975
-0.31167592,-0.575978
-0.31147592,-0.607977
-0.31127592,-0.607977
-0.31107592,-0.607977
-0.31087592,-0.607977
-0.31067592,-0.607977
-0.31047592,-0.639975
-0.31027592,-0.607977
-0.31007592,-0.607977
-0.30987592,-0.607977
-0.30967592,-0.639975
-0.30947592,-0.607977
-0.30927592,-0.575978
-0.30907592,-0.607977
-0.30887592,-0.607977
-0.30867592,-0.607977
-0.30847592,-0.607977
-0.30827592,-0.639975
-0.30807592,-0.607977
-0.30787592,-0.639975
-0.30767592,-0.607977
-0.30747592,-0.639975
-0.30727592,-0.671974
-0.30707592,-0.607977
-0.30687592,-0.639975
-0.30667592,-0.639975
-0.30647592,-0.639975
-0.30627592,-0.639975
-0.30607592,-0.607977
-0.30587592,-0.639975
-0.30567592,-0.639975
-0.30547592,-0.639975
-0.30527592,-0.607977
-0.30507592,-0.671974
-0.30487592,-0.639975
-0.30467592,-0.639975
-0.30447592,-0.607977
-0.30427592,-0.639975
-0.30407592,-0.607977
-0.30387592,-0.607977
-0.30367592,-0.607977
-0.30347592,-0.607977
-0.30327592,-0.575978
-0.30307592,-0.639975
-0.30287592,-0.607977
-0.30267592,-0.607977
-0.30247592,-0.575978
-0.30227592,-0.607977
-0.30207592,-0.607977
-0.30187592,-0.607977
-0.30167592,-0.607977
-0.30147592,-0.543979
-0.30127592,-0.607977
-0.30107592,-0.607977
-0.30087592,-0.575978
-0.30067592,-0.639975
-0.30047592,-0.607977
-0.30027592,-0.607977
-0.30007592,-0.607977
-0.29987592,-0.639975
-0.29967592,-0.607977
-0.29947592,-0.607977
-0.29927592,-0.607977
-0.29907592,-0.607977
-0.29887592,-0.607977
-0.29867592,-0.607977
-0.29847592,-0.575978
-0.29827592,-0.607977
-0.29807592,-0.639975
-0.29787592,-0.607977
-0.29767592,-0.607977
-0.29747592,-0.575978
-0.29727592,-0.575978
-0.29707592,-0.575978
-0.29687592,-0.607977
-0.29667592,-0.575978
-0.29647592,-0.543979
-0.29627592,-0.607977
-0.29607592,-0.575978
-0.29587592,-0.575978
-0.29567592,-0.607977
-0.29547592,-0.575978
-0.29527592,-0.607977
-0.29507592,-0.575978
-0.29487592,-0.575978
-0.29467592,-0.607977
-0.29447592,-0.607977
-0.29427592,-0.575978
-0.29407592,-0.607977
-0.29387592,-0.607977
-0.29367592,-0.543979
-0.29347592,-0.607977
-0.29327592,-0.575978
-0.29307592,-0.543979
-0.29287592,-0.607977
-0.29267592,-0.607977
-0.29247592,-0.543979
-0.29227592,-0.575978
-0.29207592,-0.607977
-0.29187592,-0.543979
-0.29167592,-0.607977
-0.29147592,-0.575978
-0.29127592,-0.575978
-0.29107592,-0.575978
-0.29087592,-0.575978
-0.29067592,-0.51198
-0.29047592,-0.607977
-0.29027592,-0.607977
-0.29007592,-0.543979
-0.28987592,-0.575978
-0.28967592,-0.575978
-0.28947592,-0.575978
-0.28927592,-0.607977
-0.28907592,-0.575978
-0.28887592,-0.543979
-0.28867592,-0.575978
-0.28847592,-0.543979
-0.28827592,-0.575978
-0.28807592,-0.543979
-0.28787592,-0.543979
-0.28767592,-0.51198
-0.28747592,-0.543979
-0.28727592,-0.543979
-0.28707592,-0.51198
-0.28687592,-0.51198
-0.28667592,-0.543979
-0.28647592,-0.51198
-0.28627592,-0.543979
-0.28607592,-0.51198
-0.28587592,-0.51198
-0.28567592,-0.543979
-0.28547592,-0.543979
-0.28527592,-0.479982
-0.28507592,-0.575978
-0.28487592,-0.51198
-0.28467592,-0.51198
-0.28447592,-0.575978
-0.28427592,-0.543979
-0.28407592,-0.479982
-0.28387592,-0.543979
-0.28367592,-0.479982
-0.28347592,-0.479982
-0.28327592,-0.543979
-0.28307592,-0.51198
-0.28287592,-0.51198
-0.28267592,-0.51198
-0.28247592,-0.51198
-0.28227592,-0.479982
-0.28207592,-0.51198
-0.28187592,-0.479982
-0.28167592,-0.51198
-0.28147592,-0.479982
-0.28127592,-0.51198
-0.28107592,-0.479982
-0.28087592,-0.51198
-0.28067592,-0.51198
-0.28047592,-0.447983
-0.28027592,-0.51198
-0.28007592,-0.479982
-0.27987592,-0.479982
-0.27967592,-0.51198
-0.27947592,-0.51198
-0.27927592,-0.415984
-0.27907592,-0.51198
-0.27887592,-0.51198
-0.27867592,-0.479982
-0.27847592,-0.51198
-0.27827592,-0.479982
-0.27807592,-0.447983
-0.27787592,-0.51198
-0.27767592,-0.479982
-0.27747592,-0.51198
-0.27727592,-0.51198
-0.27707592,-0.479982
-0.27687592,-0.479982
-0.27667592,-0.51198
-0.27647592,-0.479982
-0.27627592,-0.447983
-0.27607592,-0.51198
-0.27587592,-0.479982
-0.27567592,-0.447983
-0.27547592,-0.479982
-0.27527592,-0.51198
-0.27507592,-0.447983
-0.27487592,-0.51198
-0.27467592,-0.51198
-0.27447592,-0.447983
-0.27427592,-0.51198
-0.27407592,-0.479982
-0.27387592,-0.447983
-0.27367592,-0.479982
-0.27347592,-0.479982
-0.27327592,-0.447983
-0.27307592,-0.479982
-0.27287592,-0.479982
-0.27267592,-0.479982
-0.27247592,-0.51198
-0.27227592,-0.447983
-0.27207592,-0.479982
-0.27187592,-0.479982
-0.27167592,-0.51198
-0.27147592,-0.383985
-0.27127592,-0.479982
-0.27107592,-0.447983
-0.27087592,-0.479982
-0.27067592,-0.479982
-0.27047592,-0.479982
-0.27027592,-0.479982
-0.27007592,-0.51198
-0.26987592,-0.447983
-0.26967592,-0.447983
-0.26947592,-0.479982
-0.26927592,-0.479982
-0.26907592,-0.447983
-0.26887592,-0.479982
-0.26867592,-0.447983
-0.26847592,-0.447983
-0.26827592,-0.479982
-0.26807592,-0.447983
-0.26787592,-0.447983
-0.26767592,-0.447983
-0.26747592,-0.383985
-0.26727592,-0.447983
-0.26707592,-0.415984
-0.26687592,-0.479982
-0.26667592,-0.447983
-0.26647592,-0.415984
-0.26627592,-0.415984
-0.26607592,-0.415984
-0.26587592,-0.415984
-0.26567592,-0.415984
-0.26547592,-0.415984
-0.26527592,-0.447983
-0.26507592,-0.415984
-0.26487592,-0.415984
-0.26467592,-0.447983
-0.26447592,-0.415984
-0.26427592,-0.415984
-0.26407592,-0.479982
-0.26387592,-0.415984
-0.26367592,-0.415984
-0.26347592,-0.383985
-0.26327592,-0.415984
-0.26307592,-0.415984
-0.26287592,-0.479982
-0.26267592,-0.383985
-0.26247592,-0.383985
-0.26227592,-0.415984
-0.26207592,-0.415984
-0.26187592,-0.383985
-0.26167592,-0.479982
-0.26147592,-0.383985
-0.26127592,-0.415984
-0.26107592,-0.415984
-0.26087592,-0.447983
-0.26067592,-0.383985
-0.26047592,-0.415984
-0.26027592,-0.447983
-0.26007592,-0.383985
-0.25987592,-0.351986
-0.25967592,-0.415984
-0.25947592,-0.351986
-0.25927592,-0.415984
-0.25907592,-0.383985
-0.25887592,-0.383985
-0.25867592,-0.383985
-0.25847592,-0.383985
-0.25827592,-0.351986
-0.25807592,-0.383985
-0.25787592,-0.383985
-0.25767592,-0.351986
-0.25747592,-0.415984
-0.25727592,-0.351986
-0.25707592,-0.383985
-0.25687592,-0.415984
-0.25667592,-0.383985
-0.25647592,-0.351986
-0.25627592,-0.351986
-0.25607592,-0.351986
-0.25587592,-0.351986
-0.25567592,-0.383985
-0.25547592,-0.319988
-0.25527592,-0.319988
-0.25507592,-0.383985
-0.25487592,-0.287989
-0.25467592,-0.351986
-0.25447592,-0.351986
-0.25427592,-0.319988
-0.25407592,-0.319988
-0.25387592,-0.351986
-0.25367592,-0.383985
-0.25347592,-0.319988
-0.25327592,-0.351986
-0.25307592,-0.351986
-0.25287592,-0.319988
-0.25267592,-0.287989
-0.25247592,-0.319988
-0.25227592,-0.287989
-0.25207592,-0.319988
-0.25187592,-0.319988
-0.25167592,-0.25599
-0.25147592,-0.319988
-0.25127592,-0.287989
-0.25107592,-0.25599
-0.25087592,-0.319988
-0.25067592,-0.287989
-0.25047592,-0.319988
-0.25027592,-0.287989
-0.25007592,-0.25599
-0.24987592,-0.287989
-0.24967592,-0.319988
-0.24947592,-0.223991
-0.24927592,-0.319988
-0.24907592,-0.287989
-0.24887592,-0.25599
-0.24867592,-0.25599
-0.24847592,-0.25599
-0.24827592,-0.25599
-0.24807592,-0.25599
-0.24787592,-0.287989
-0.24767592,-0.25599
-0.24747592,-0.287989
-0.24727592,-0.287989
-0.24707592,-0.287989
-0.24687592,-0.25599
-0.24667592,-0.25599
-0.24647592,-0.223991
-0.24627592,-0.25599
-0.24607592,-0.287989
-0.24587592,-0.191993
-0.24567592,-0.25599
-0.24547592,-0.25599
-0.24527592,-0.25599
-0.24507592,-0.223991
-0.24487592,-0.223991
-0.24467592,-0.25599
-0.24447592,-0.223991
-0.24427592,-0.223991
-0.24407592,-0.25599
-0.24387592,-0.25599
-0.24367592,-0.25599
-0.24347592,-0.159994
-0.24327592,-0.25599
-0.24307592,-0.223991
-0.24287592,-0.223991
-0.24267592,-0.25599
-0.24247592,-0.191993
-0.24227592,-0.191993
-0.24207592,-0.223991
-0.24187592,-0.223991
-0.24167592,-0.191993
-0.24147592,-0.223991
-0.24127592,-0.25599
-0.24107592,-0.191993
-0.24087592,-0.223991
-0.24067592,-0.223991
-0.24047592,-0.191993
-0.24027592,-0.191993
-0.24007592,-0.25599
-0.23987592,-0.191993
-0.23967592,-0.25599
-0.23947592,-0.25599
-0.23927592,-0.191993
-0.23907592,-0.223991
-0.23887592,-0.223991
-0.23867592,-0.191993
-0.23847592,-0.191993
-0.23827592,-0.159994
-0.23807592,-0.159994
-0.23787592,-0.223991
-0.23767592,-0.191993
-0.23747592,-0.191993
-0.23727592,-0.223991
-0.23707592,-0.191993
-0.23687592,-0.159994
-0.23667592,-0.223991
-0.23647592,-0.191993
-0.23627592,-0.191993
-0.23607592,-0.223991
-0.23587592,-0.191993
-0.23567592,-0.159994
-0.23547592,-0.223991
-0.23527592,-0.223991
-0.23507592,-0.223991
-0.23487592,-0.25599
-0.23467592,-0.223991
-0.23447592,-0.191993
-0.23427592,-0.223991
-0.23407592,-0.191993
-0.23387592,-0.191993
-0.23367592,-0.191993
-0.23347592,-0.191993
-0.23327592,-0.191993
-0.23307592,-0.223991
-0.23287592,-0.223991
-0.23267592,-0.191993
-0.23247592,-0.223991
-0.23227592,-0.223991
-0.23207592,-0.191993
-0.23187592,-0.25599
-0.23167592,-0.223991
-0.23147592,-0.191993
-0.23127592,-0.223991
-0.23107592,-0.191993
-0.23087592,-0.159994
-0.23067592,-0.191993
-0.23047592,-0.223991
-0.23027592,-0.159994
-0.23007592,-0.223991
-0.22987592,-0.191993
-0.22967592,-0.159994
-0.22947592,-0.191993
-0.22927592,-0.223991
-0.22907592,-0.159994
-0.22887592,-0.191993
-0.22867592,-0.191993
-0.22847592,-0.191993
-0.22827592,-0.191993
-0.22807592,-0.159994
-0.22787592,-0.223991
-0.22767592,-0.191993
-0.22747592,-0.159994
-0.22727592,-0.159994
-0.22707592,-0.191993
-0.22687592,-0.191993
-0.22667592,-0.127995
-0.22647592,-0.191993
-0.22627592,-0.191993
-0.22607592,-0.159994
-0.22587592,-0.191993
-0.22567592,-0.191993
-0.22547592,-0.127995
-0.22527592,-0.191993
-0.22507592,-0.191993
-0.22487592,-0.159994
-0.22467592,-0.159994
-0.22447592,-0.191993
-0.22427592,-0.159994
-0.22407592,-0.191993
-0.22387592,-0.159994
-0.22367592,-0.127995
-0.22347592,-0.159994
-0.22327592,-0.159994
-0.22307592,-0.159994
-0.22287592,-0.191993
-0.22267592,-0.127995
-0.22247592,-0.127995
-0.22227592,-0.223991
-0.22207592,-0.191993
-0.22187592,-0.191993
-0.22167592,-0.159994
-0.22147592,-0.159994
-0.22127592,-0.127995
-0.22107592,-0.159994
-0.22087592,-0.191993
-0.22067592,-0.127995
-0.22047592,-0.191993
-0.22027592,-0.191993
-0.22007592,-0.159994
-0.21987592,-0.159994
-0.21967592,-0.159994
-0.21947592,-0.159994
-0.21927592,-0.159994
-0.21907592,-0.159994
-0.21887592,-0.127995
-0.21867592,-0.159994
-0.21847592,-0.191993
-0.21827592,-0.159994
-0.21807592,-0.191993
-0.21787592,-0.127995
-0.21767592,-0.159994
-0.21747592,-0.159994
-0.21727592,-0.159994
-0.21707592,-0.127995
-0.21687592,-0.159994
-0.21667592,-0.127995
-0.21647592,-0.127995
-0.21627592,-0.159994
-0.21607592,-0.159994
-0.21587592,-0.159994
-0.21567592,-0.191993
-0.21547592,-0.127995
-0.21527592,-0.127995
-0.21507592,-0.191993
-0.21487592,-0.159994
-0.21467592,-0.127995
-0.21447592,-0.159994
-0.21427592,-0.159994
-0.21407592,-0.0959963
-0.21387592,-0.127995
-0.21367592,-0.159994
-0.21347592,-0.127995
-0.21327592,-0.127995
-0.21307592,-0.127995
-0.21287592,-0.159994
-0.21267592,-0.159994
-0.21247592,-0.0959963
-0.21227592,-0.127995
-0.21207592,-0.159994
-0.21187592,-0.0959963
-0.21167592,-0.159994
-0.21147592,-0.127995
-0.21127592,-0.127995
-0.21107592,-0.127995
-0.21087592,-0.159994
-0.21067592,-0.159994
-0.21047592,-0.0959963
-0.21027592,-0.159994
-0.21007592,-0.127995
-0.20987592,-0.0959963
-0.20967592,-0.159994
-0.20947592,-0.127995
-0.20927592,-0.0959963
-0.20907592,-0.0959963
-0.20887592,-0.0959963
-0.20867592,-0.0959963
-0.20847592,-0.127995
-0.20827592,-0.0959963
-0.20807592,-0.0959963
-0.20787592,-0.127995
-0.20767592,-0.0959963
-0.20747592,-0.0959963
-0.20727592,-0.127995
-0.20707592,-0.0959963
-0.20687592,-0.0639975
-0.20667592,-0.0959963
-0.20647592,-0.127995
-0.20627592,-0.0959963
-0.20607592,-0.0639975
-0.20587592,-0.0319988
-0.20567592,-0.0319988
-0.20547592,-0.0959963
-0.20527592,-0.0319988
-0.20507592,-0.0639975
-0.20487592,-0.0639975
-0.20467592,-0.0639975
-0.20447592,-0.0639975
-0.20427592,-0.0639975
-0.20407592,-0.0319988
-0.20387592,-0.0639975
-0.20367592,-0.0639975
-0.20347592,-0.0639975
-0.20327592,0
-0.20307592,-0.0639975
-0.20287592,-0.0639975
-0.20267592,-0.0319988
-0.20247592,-0.0319988
-0.20227592,-0.0319988
-0.20207592,0
-0.20187592,0
-0.20167592,0.0319988
-0.20147592,-0.0319988
-0.20127592,0
-0.20107592,0.0319988
-0.20087592,-0.0319988
-0.20067592,-0.0319988
-0.20047592,0
-0.20027592,0
-0.20007592,0
-0.19987592,0.0639975
-0.19967592,0
-0.19947592,0
-0.19927592,0.0319988
-0.19907592,0
-0.19887592,-0.0319988
-0.19867592,0.0319988
-0.19847592,0.0319988
-0.19827592,0
-0.19807592,0.0319988
-0.19787592,0.0319988
-0.19767592,0.0319988
-0.19747592,0.0319988
-0.19727592,0.0319988
-0.19707592,-0.0319988
-0.19687592,0
-0.19667592,0.0319988
-0.19647592,0.0319988
-0.19627592,0.0319988
-0.19607592,0.0639975
-0.19587592,0.0319988
-0.19567592,0.0319988
-0.19547592,0.0639975
-0.19527592,-0.0319988
-0.19507592,0.0639975
-0.19487592,0.0319988
-0.19467592,0
-0.19447592,0.0639975
-0.19427592,0.0639975
-0.19407592,0.0959963
-0.19387592,0.0959963
-0.19367592,0.0639975
-0.19347592,0.0319988
-0.19327592,0.0639975
-0.19307592,0.0639975
-0.19287592,0.0319988
-0.19267592,0.0639975
-0.19247592,0.0959963
-0.19227592,0.0639975
-0.19207592,0.0639975
-0.19187592,0.0639975
-0.19167592,0.0639975
-0.19147592,0.0959963
-0.19127592,0.0959963
-0.19107592,0.0639975
-0.19087592,0.0639975
-0.19067592,0.0959963
-0.19047592,0.0639975
-0.19027592,0.0639975
-0.19007592,0.0959963
-0.18987592,0.0959963
-0.18967592,0.127995
-0.18947592,0.0959963
-0.18927592,0.0959963
-0.18907592,0.0639975
-0.18887592,0.127995
-0.18867592,0.0639975
-0.18847592,0.0959963
-0.18827592,0.0959963
-0.18807592,0.127995
-0.18787592,0.0959963
-0.18767592,0.127995
-0.18747592,0.0959963
-0.18727592,0.127995
-0.18707592,0.0959963
-0.18687592,0.0959963
-0.18667592,0.0959963
-0.18647592,0.127995
-0.18627592,0.0319988
-0.18607592,0.0959963
-0.18587592,0.127995
-0.18567592,0.127995
-0.18547592,0.159994
-0.18527592,0.0959963
-0.18507592,0.0959963
-0.18487592,0.0959963
-0.18467592,0.127995
-0.18447592,0.0959963
-0.18427592,0.0959963
-0.18407592,0.0959963
-0.18387592,0.0639975
-0.18367592,0.0959963
-0.18347592,0.0959963
-0.18327592,0.159994
-0.18307592,0.127995
-0.18287592,0.127995
-0.18267592,0.0959963
-0.18247592,0.127995
-0.18227592,0.0959963
-0.18207592,0.0639975
-0.18187592,0.0959963
-0.18167592,0.0959963
-0.18147592,0.0959963
-0.18127592,0.127995
-0.18107592,0.0639975
-0.18087592,0.0639975
-0.18067592,0.0959963
-0.18047592,0.0959963
-0.18027592,0.0959963
-0.18007592,0.0959963
-0.17987592,0.0959963
-0.17967592,0.0959963
-0.17947592,0.127995
-0.17927592,0.0639975
-0.17907592,0.0319988
-0.17887592,0.0959963
-0.17867592,0.0959963
-0.17847592,0.0639975
-0.17827592,0.0639975
-0.17807592,0.0959963
-0.17787592,0.0639975
-0.17767592,0.0639975
-0.17747592,0.0959963
-0.17727592,0.0959963
-0.17707592,0.0639975
-0.17687592,0.0959963
-0.17667592,0.0639975
-0.17647592,0.0639975
-0.17627592,0.0639975
-0.17607592,0.0319988
-0.17587592,0.0639975
-0.17567592,0.0639975
-0.17547592,0.0639975
-0.17527592,0.0639975
-0.17507592,0.0959963
-0.17487592,0.0959963
-0.17467592,0.0959963
-0.17447592,0.0639975
-0.17427592,0.0319988
-0.17407592,0.127995
-0.17387592,0.0959963
-0.17367592,0
-0.17347592,0.0959963
-0.17327592,0.0639975
-0.17307592,0.0319988
-0.17287592,0.0639975
-0.17267592,0.0639975
-0.17247592,0.0319988
-0.17227592,0.0639975
-0.17207592,0.0319988
-0.17187592,0.0639975
-0.17167592,0.0639975
-0.17147592,0.0639975
-0.17127592,0.0319988
-0.17107592,0.0639975
-0.17087592,0.0639975
-0.17067592,0
-0.17047592,0.0639975
-0.17027592,0.0639975
-0.17007592,0.0319988
-0.16987592,0.0639975
-0.16967592,0.0639975
-0.16947592,0.0319988
-0.16927592,0.0639975
-0.16907592,0.0319988
-0.16887592,0
-0.16867592,0.0639975
-0.16847592,0.0639975
-0.16827592,0.0319988
-0.16807592,0.0639975
-0.16787592,0.0639975
-0.16767592,0.0319988
-0.16747592,0.0319988
-0.16727592,0.0639975
-0.16707592,0
-0.16687592,0.0319988
-0.16667592,0.0639975
-0.16647592,0.0319988
-0.16627592,0.0319988
-0.16607592,0.0319988
-0.16587592,0.0319988
-0.16567592,0.0639975
-0.16547592,0.0639975
-0.16527592,0.0319988
-0.16507592,0
-0.16487592,0.0639975
-0.16467592,0.0319988
-0.16447592,0.0319988
-0.16427592,0.0639975
-0.16407592,0.0319988
-0.16387592,0.0319988
-0.16367592,0.0639975
-0.16347592,0
-0.16327592,0.0319988
-0.16307592,0.0319988
-0.16287592,0
-0.16267592,0.0319988
-0.16247592,0.0319988
-0.16227592,0.0319988
-0.16207592,0.0319988
-0.16187592,0.0319988
-0.16167592,0.0319988
-0.16147592,0.0639975
-0.16127592,0.0319988
-0.16107592,0
-0.16087592,0.0319988
-0.16067592,0.0319988
-0.16047592,0
-0.16027592,0.0319988
-0.16007592,0
-0.15987592,0.0319988
-0.15967592,0
-0.15947592,0.0319988
-0.15927592,0.0319988
-0.15907592,0.0639975
-0.15887592,0
-0.15867592,0.0319988
-0.15847592,0.0319988
-0.15827592,0.0319988
-0.15807592,-0.0319988
-0.15787592,0
-0.15767592,0.0639975
-0.15747592,0.0319988
-0.15727592,0.0319988
-0.15707592,0
-0.15687592,0.0639975
-0.15667592,0.0319988
-0.15647592,0.0319988
-0.15627592,0.0319988
-0.15607592,0.0319988
-0.15587592,0.0319988
-0.15567592,0.0319988
-0.15547592,0.0319988
-0.15527592,0.0319988
-0.15507592,0.0639975
-0.15487592,0.0319988
-0.15467592,0.0319988
-0.15447592,0.0319988
-0.15427592,0.0319988
-0.15407592,0.0639975
-0.15387592,-0.0319988
-0.15367592,0.0319988
-0.15347592,0.0639975
-0.15327592,0.0319988
-0.15307592,0.0319988
-0.15287592,0.0319988
-0.15267592,0.0639975
-0.15247592,0.0319988
-0.15227592,0.0639975
-0.15207592,0.0319988
-0.15187592,0.0319988
-0.15167592,0.0319988
-0.15147592,0
-0.15127592,0
-0.15107592,0
-0.15087592,0.0319988
-0.15067592,0
-0.15047592,0.0319988
-0.15027592,0.0319988
-0.15007592,0.0319988
-0.14987592,0.0639975
-0.14967592,0
-0.14947592,0
-0.14927592,0.0319988
-0.14907592,0.0639975
-0.14887592,0.0319988
-0.14867592,0.0639975
-0.14847592,0
-0.14827592,0.0319988
-0.14807592,0.0319988
-0.14787592,0.0319988
-0.14767592,0.0319988
-0.14747592,0.0319988
-0.14727592,0.0319988
-0.14707592,0.0319988
-0.14687592,0.0319988
-0.14667592,0.0319988
-0.14647592,-0.0319988
-0.14627592,0.0319988
-0.14607592,0.0639975
-0.14587592,0.0319988
-0.14567592,0.0319988
-0.14547592,0.0319988
-0.14527592,-0.0319988
-0.14507592,0.0319988
-0.14487592,0.0319988
-0.14467592,0.0319988
-0.14447592,0
-0.14427592,0.0319988
-0.14407592,0
-0.14387592,0.0319988
-0.14367592,0
-0.14347592,0.0319988
-0.14327592,-0.0319988
-0.14307592,0.0319988
-0.14287592,0.0319988
-0.14267592,0.0639975
-0.14247592,-0.0319988
-0.14227592,0.0319988
-0.14207592,0.0639975
-0.14187592,-0.0639975
-0.14167592,0
-0.14147592,0
-0.14127592,0
-0.14107592,0.0319988
-0.14087592,-0.0319988
-0.14067592,0
-0.14047592,0.0319988
-0.14027592,0.0319988
-0.14007592,-0.0319988
-0.13987592,0
-0.13967592,0.0319988
-0.13947592,-0.0319988
-0.13927592,0
-0.13907592,0
-0.13887592,0
-0.13867592,-0.0319988
-0.13847592,0
-0.13827592,-0.0639975
-0.13807592,-0.0319988
-0.13787592,-0.0319988
-0.13767592,-0.0319988
-0.13747592,-0.0319988
-0.13727592,0
-0.13707592,0
-0.13687592,-0.0319988
-0.13667592,-0.0319988
-0.13647592,0
-0.13627592,-0.0639975
-0.13607592,0
-0.13587592,-0.0639975
-0.13567592,0
-0.13547592,-0.0319988
-0.13527592,0
-0.13507592,-0.0319988
-0.13487592,-0.0639975
-0.13467592,-0.0639975
-0.13447592,-0.0319988
-0.13427592,-0.0319988
-0.13407592,-0.0319988
-0.13387592,-0.0319988
-0.13367592,-0.0319988
-0.13347592,-0.0959963
-0.13327592,-0.0639975
-0.13307592,-0.0319988
-0.13287592,-0.0639975
-0.13267592,-0.0319988
-0.13247592,-0.0319988
-0.13227592,-0.0639975
-0.13207592,-0.0319988
-0.13187592,-0.0319988
-0.13167592,-0.0959963
-0.13147592,-0.0319988
-0.13127592,-0.0319988
-0.13107592,-0.0959963
-0.13087592,0
-0.13067592,-0.0319988
-0.13047592,-0.0639975
-0.13027592,0
-0.13007592,-0.0319988
-0.12987592,-0.0959963
-0.12967592,-0.0639975
-0.12947592,-0.0319988
-0.12927592,-0.0959963
-0.12907592,-0.0319988
-0.12887592,-0.0639975
-0.12867592,-0.0639975
-0.12847592,-0.0319988
-0.12827592,-0.0319988
-0.12807592,-0.0639975
-0.12787592,0
-0.12767592,-0.0639975
-0.12747592,-0.0319988
-0.12727592,-0.0639975
-0.12707592,-0.0639975
-0.12687592,-0.0639975
-0.12667592,0
-0.12647592,-0.0959963
-0.12627592,-0.0319988
-0.12607592,-0.0319988
-0.12587592,-0.0319988
-0.12567592,-0.0639975
-0.12547592,-0.0319988
-0.12527592,-0.0319988
-0.12507592,-0.0319988
-0.12487592,-0.0639975
-0.12467592,0
-0.12447592,-0.0639975
-0.12427592,0
-0.12407592,0
-0.12387592,-0.0319988
-0.12367592,-0.0319988
-0.12347592,-0.0319988
-0.12327592,-0.0639975
-0.12307592,-0.0319988
-0.12287592,0
-0.12267592,-0.0319988
-0.12247592,0
-0.12227592,-0.0319988
-0.12207592,-0.0319988
-0.12187592,0
-0.12167592,0.0639975
-0.12147592,-0.0319988
-0.12127592,-0.0319988
-0.12107592,-0.0319988
-0.12087592,-0.0639975
-0.12067592,0
-0.12047592,0
-0.12027592,0
-0.12007592,-0.0319988
-0.11987592,0
-0.11967592,-0.0959963
-0.11947592,-0.0639975
-0.11927592,-0.0319988
-0.11907592,-0.0639975
-0.11887592,-0.0639975
-0.11867592,-0.0319988
-0.11847592,-0.0639975
-0.11827592,0
-0.11807592,-0.0319988
-0.11787592,-0.0319988
-0.11767592,-0.0319988
-0.11747592,0
-0.11727592,-0.0959963
-0.11707592,-0.0319988
-0.11687592,-0.0319988
-0.11667592,-0.0639975
-0.11647592,-0.0639975
-0.11627592,-0.0319988
-0.11607592,-0.0319988
-0.11587592,0
-0.11567592,0.0319988
-0.11547592,0
-0.11527592,-0.0319988
-0.11507592,0.0319988
-0.11487592,-0.0319988
-0.11467592,0.0319988
-0.11447592,0.0319988
-0.11427592,-0.0319988
-0.11407592,0
-0.11387592,0.0319988
-0.11367592,-0.0319988
-0.11347592,0.0319988
-0.11327592,0.0319988
-0.11307592,-0.0319988
-0.11287592,0
-0.11267592,0
-0.11247592,-0.0639975
-0.11227592,0
-0.11207592,0
-0.11187592,-0.0319988
-0.11167592,0
-0.11147592,0.0319988
-0.11127592,0
-0.11107592,0
-0.11087592,0
-0.11067592,0.0319988
-0.11047592,0.0319988
-0.11027592,0.0319988
-0.11007592,0
-0.10987592,0
-0.10967592,0.0319988
-0.10947592,0
-0.10927592,0.0319988
-0.10907592,0
-0.10887592,0.0319988
-0.10867592,0.0319988
-0.10847592,0.0319988
-0.10827592,0
-0.10807592,0
-0.10787592,-0.0319988
-0.10767592,0
-0.10747592,0.0319988
-0.10727592,0
-0.10707592,-0.0319988
-0.10687592,0
-0.10667592,0.0319988
-0.10647592,0.0319988
-0.10627592,0.0319988
-0.10607592,0.0319988
-0.10587592,0
-0.10567592,0.0639975
-0.10547592,0.0319988
-0.10527592,0
-0.10507592,0
-0.10487592,0
-0.10467592,0
-0.10447592,0.0319988
-0.10427592,0.0319988
-0.10407592,0
-0.10387592,0.0319988
-0.10367592,0.0319988
-0.10347592,0
-0.10327592,0
-0.10307592,0.0639975
-0.10287592,0.0319988
-0.10267592,0
-0.10247592,0
-0.10227592,0
-0.10207592,0
-0.10187592,0.0319988
-0.10167592,0
-0.10147592,-0.0319988
-0.10127592,0
-0.10107592,0
-0.10087592,0.0319988
-0.10067592,0
-0.10047592,0
-0.10027592,0.0319988
-0.10007592,-0.0319988
-0.099875917,0
-0.099675917,0.0319988
-0.099475917,0.0319988
-0.099275917,-0.0319988
-0.099075917,0.0319988
-0.098875917,0.0319988
-0.098675917,0
-0.098475917,0
-0.098275917,0.0319988
-0.098075917,0
-0.097875917,0
-0.097675917,-0.0639975
-0.097475917,0
-0.097275917,0
-0.097075917,0
-0.096875917,-0.0319988
-0.096675917,0
-0.096475917,-0.0319988
-0.096275917,-0.0319988
-0.096075917,0
-0.095875917,0
-0.095675917,-0.0319988
-0.095475917,-0.0319988
-0.095275917,-0.0319988
-0.095075917,-0.0639975
-0.094875917,0
-0.094675917,0
-0.094475917,-0.0319988
-0.094275917,-0.0319988
-0.094075917,0.0639975
-0.093875917,-0.0319988
-0.093675917,0.0319988
-0.093475917,0
-0.093275917,-0.0319988
-0.093075917,0
-0.092875917,0.0319988
-0.092675917,-0.0319988
-0.092475917,0
-0.092275917,0.0319988
-0.092075917,0
-0.091875917,0
-0.091675917,0
-0.091475917,-0.0319988
-0.091275917,0
-0.091075917,0.0639975
-0.090875917,-0.0319988
-0.090675917,0.0319988
-0.090475917,0
-0.090275917,-0.0319988
-0.090075917,0.0319988
-0.089875917,0
-0.089675917,-0.0319988
-0.089475917,0
-0.089275917,0.0319988
-0.089075917,-0.0639975
-0.088875917,0.0319988
-0.088675917,0.0319988
-0.088475917,0.0319988
-0.088275917,0
-0.088075917,0.0319988
-0.087875917,0
-0.087675917,0.0319988
-0.087475917,0.0639975
-0.087275917,-0.0319988
-0.087075917,0.0319988
-0.086875917,0.0639975
-0.086675917,0.0319988
-0.086475917,0
-0.086275917,0.0639975
-0.086075917,0.0319988
-0.085875917,0
-0.085675917,0.0319988
-0.085475917,-0.0319988
-0.085275917,0
-0.085075917,0.0319988
-0.084875917,0
-0.084675917,0.0319988
-0.084475917,0.0639975
-0.084275917,0
-0.084075917,0
-0.083875917,0.0319988
-0.083675917,0
-0.083475917,0.0319988
-0.083275917,0.0639975
-0.083075917,0
-0.082875917,0.0319988
-0.082675917,0
-0.082475917,-0.0319988
-0.082275917,0
-0.082075917,0
-0.081875917,0
-0.081675917,0
-0.081475917,0.0319988
-0.081275917,0
-0.081075917,0
-0.080875917,0
-0.080675917,-0.0319988
-0.080475917,0
-0.080275917,0.0319988
-0.080075917,-0.0319988
-0.079875917,0.0319988
-0.079675917,0.0319988
-0.079475917,-0.0319988
-0.079275917,0.0319988
-0.079075917,0.0319988
-0.078875917,0
-0.078675917,0
-0.078475917,0.0319988
-0.078275917,-0.0319988
-0.078075917,0
-0.077875917,0.0319988
-0.077675917,0.0319988
-0.077475917,0.0319988
-0.077275917,0.0319988
-0.077075917,0
-0.076875917,0.0319988
-0.076675917,0.0319988
-0.076475917,0.0319988
-0.076275917,0.0319988
-0.076075917,0.0319988
-0.075875917,-0.0319988
-0.075675917,0.0319988
-0.075475917,0.0319988
-0.075275917,0.0319988
-0.075075917,0.0319988
-0.074875917,0
-0.074675917,0
-0.074475917,0
-0.074275917,0.0639975
-0.074075917,0
-0.073875917,0.0319988
-0.073675917,0
-0.073475917,0
-0.073275917,0.0319988
-0.073075917,0
-0.072875917,-0.0319988
-0.072675917,0.0639975
-0.072475917,0.0319988
-0.072275917,0.0639975
-0.072075917,0.0639975
-0.071875917,0
-0.071675917,-0.0319988
-0.071475917,0.0639975
-0.071275917,0.0639975
-0.071075917,-0.0319988
-0.070875917,0.0639975
-0.070675917,0.0319988
-0.070475917,-0.0639975
-0.070275917,0.0319988
-0.070075917,0.0639975
-0.069875917,0
-0.069675917,0
-0.069475917,0.0319988
-0.069275917,0.0319988
-0.069075917,0.0319988
-0.068875917,0.0959963
-0.068675917,0.0319988
-0.068475917,0.0319988
-0.068275917,0.0319988
-0.068075917,0.0319988
-0.067875917,0
-0.067675917,0.0639975
-0.067475917,0
-0.067275917,0
-0.067075917,0.0319988
-0.066875917,0.0319988
-0.066675917,0.0319988
-0.066475917,0.0319988
-0.066275917,-0.0319988
-0.066075917,0.0319988
-0.065875917,0.0639975
-0.065675917,-0.0319988
-0.065475917,0.0319988
-0.065275917,0.0319988
-0.065075917,0
-0.064875917,0.0319988
-0.064675917,0.0319988
-0.064475917,0.0319988
-0.064275917,0.0319988
-0.064075917,0.0639975
-0.063875917,0
-0.063675917,0.0319988
-0.063475917,0.0319988
-0.063275917,0.0319988
-0.063075917,0
-0.062875917,0.0319988
-0.062675917,-0.0319988
-0.062475917,0.0319988
-0.062275917,0.0639975
-0.062075917,-0.0319988
-0.061875917,0
-0.061675917,0
-0.061475917,0.0319988
-0.061275917,-0.0319988
-0.061075917,0.0319988
-0.060875917,0
-0.060675917,0
-0.060475917,0.0319988
-0.060275917,-0.0319988
-0.060075917,0.0319988
-0.059875917,0
-0.059675917,-0.0319988
-0.059475917,0.0319988
-0.059275917,0
-0.059075917,0
-0.058875917,-0.0319988
-0.058675917,0
-0.058475917,-0.0319988
-0.058275917,0
-0.058075917,-0.0319988
-0.057875917,-0.0639975
-0.057675917,0.0319988
-0.057475917,-0.0319988
-0.057275917,-0.0319988
-0.057075917,0
-0.056875917,0
-0.056675917,0
-0.056475917,-0.0319988
-0.056275917,0.0319988
-0.056075917,-0.0319988
-0.055875917,-0.0319988
-0.055675917,0.0319988
-0.055475917,0
-0.055275917,-0.0319988
-0.055075917,0.0319988
-0.054875917,-0.0639975
-0.054675917,-0.0319988
-0.054475917,0.0319988
-0.054275917,-0.0319988
-0.054075917,0
-0.053875917,0
-0.053675917,0
-0.053475917,-0.0319988
-0.053275917,-0.0319988
-0.053075917,-0.0319988
-0.052875917,0
-0.052675917,-0.0319988
-0.052475917,-0.0319988
-0.052275917,0
-0.052075917,0
-0.051875917,-0.0639975
-0.051675917,0
-0.051475917,0
-0.051275917,-0.0319988
-0.051075917,-0.0319988
-0.050875917,0
-0.050675917,-0.0319988
-0.050475917,-0.0319988
-0.050275917,-0.0639975
-0.050075917,-0.0319988
-0.049875917,-0.0319988
-0.049675917,-0.0319988
-0.049475917,-0.0639975
-0.049275917,-0.0319988
-0.049075917,-0.0319988
-0.048875917,-0.0959963
-0.048675917,-0.0319988
-0.048475917,-0.0319988
-0.048275917,-0.0319988
-0.048075917,-0.0319988
-0.047875917,-0.0319988
-0.047675917,-0.0319988
-0.047475917,-0.0319988
-0.047275917,-0.0319988
-0.047075917,-0.0319988
-0.046875917,-0.0319988
-0.046675917,0
-0.046475917,-0.0959963
-0.046275917,-0.0639975
-0.046075917,0
-0.045875917,-0.0639975
-0.045675917,0
-0.045475917,0
-0.045275917,-0.0319988
-0.045075917,-0.0319988
-0.044875917,-0.0319988
-0.044675917,-0.0639975
-0.044475917,-0.0319988
-0.044275917,0.0319988
-0.044075917,-0.0639975
-0.043875917,-0.0639975
-0.043675917,-0.0639975
-0.043475917,-0.0319988
-0.043275917,0
-0.043075917,-0.0319988
-0.042875917,-0.0319988
-0.042675917,-0.0639975
-0.042475917,-0.0639975
-0.042275917,-0.0639975
-0.042075917,-0.0319988
-0.041875917,-0.0319988
-0.041675917,-0.0959963
-0.041475917,-0.0319988
-0.041275917,-0.0319988
-0.041075917,-0.0959963
-0.040875917,-0.0319988
-0.040675917,-0.0319988
-0.040475917,-0.0639975
-0.040275917,-0.0319988
-0.040075917,-0.0639975
-0.039875917,-0.0959963
-0.039675917,-0.0639975
-0.039475917,-0.0319988
-0.039275917,-0.0639975
-0.039075917,-0.0639975
-0.038875917,-0.0319988
-0.038675917,-0.0639975
-0.038475917,-0.0319988
-0.038275917,-0.0319988
-0.038075917,-0.0639975
-0.037875917,-0.0639975
-0.037675917,-0.0639975
-0.037475917,-0.0959963
-0.037275917,-0.0639975
-0.037075917,-0.0959963
-0.036875917,-0.0959963
-0.036675917,-0.0639975
-0.036475917,-0.0639975
-0.036275917,-0.0639975
-0.036075917,-0.0959963
-0.035875917,-0.0959963
-0.035675917,-0.0959963
-0.035475917,-0.127995
-0.035275917,-0.0959963
-0.035075917,-0.0639975
-0.034875917,-0.0959963
-0.034675917,-0.0639975
-0.034475917,-0.0959963
-0.034275917,-0.0639975
-0.034075917,-0.0959963
-0.033875917,-0.0959963
-0.033675917,-0.0639975
-0.033475917,-0.0959963
-0.033275917,-0.127995
-0.033075917,-0.0959963
-0.032875917,-0.127995
-0.032675917,-0.0959963
-0.032475917,-0.0959963
-0.032275917,-0.0639975
-0.032075917,-0.159994
-0.031875917,-0.127995
-0.031675917,-0.0959963
-0.031475917,-0.159994
-0.031275917,-0.127995
-0.031075917,-0.0959963
-0.030875917,-0.159994
-0.030675917,-0.0959963
-0.030475917,-0.0959963
-0.030275917,-0.159994
-0.030075917,-0.0959963
-0.029875917,-0.0959963
-0.029675917,-0.127995
-0.029475917,-0.127995
-0.029275917,-0.127995
-0.029075917,-0.127995
-0.028875917,-0.127995
-0.028675917,-0.0959963
-0.028475917,-0.127995
-0.028275917,-0.127995
-0.028075917,-0.0959963
-0.027875917,-0.159994
-0.027675917,-0.159994
-0.027475917,-0.0959963
-0.027275917,-0.159994
-0.027075917,-0.0959963
-0.026875917,-0.127995
-0.026675917,-0.127995
-0.026475917,-0.127995
-0.026275917,-0.127995
-0.026075917,-0.159994
-0.025875917,-0.127995
-0.025675917,-0.127995
-0.025475917,-0.159994
-0.025275917,-0.127995
-0.025075917,-0.0959963
-0.024875917,-0.159994
-0.024675917,-0.0959963
-0.024475917,-0.127995
-0.024275917,-0.159994
-0.024075917,-0.223991
-0.023875917,-0.0959963
-0.023675917,-0.191993
-0.023475917,-0.0959963
-0.023275917,-0.127995
-0.023075917,-0.159994
-0.022875917,-0.159994
-0.022675917,-0.127995
-0.022475917,-0.159994
-0.022275917,-0.159994
-0.022075917,-0.127995
-0.021875917,-0.159994
-0.021675917,-0.159994
-0.021475917,-0.159994
-0.021275917,-0.223991
-0.021075917,-0.191993
-0.020875917,-0.159994
-0.020675917,-0.159994
-0.020475917,-0.127995
-0.020275917,-0.159994
-0.020075917,-0.159994
-0.019875917,-0.191993
-0.019675917,-0.127995
-0.019475917,-0.159994
-0.019275917,-0.159994
-0.019075917,-0.127995
-0.018875917,-0.191993
-0.018675917,-0.191993
-0.018475917,-0.191993
-0.018275917,-0.223991
-0.018075917,-0.159994
-0.017875917,-0.127995
-0.017675917,-0.159994
-0.017475917,-0.159994
-0.017275917,-0.159994
-0.017075917,-0.191993
-0.016875917,-0.159994
-0.016675917,-0.127995
-0.016475917,-0.159994
-0.016275917,-0.159994
-0.016075917,-0.159994
-0.015875917,-0.159994
-0.015675917,-0.191993
-0.015475917,-0.127995
-0.015275917,-0.159994
-0.015075917,-0.127995
-0.014875917,-0.191993
-0.014675917,-0.223991
-0.014475917,-0.191993
-0.014275917,-0.159994
-0.014075917,-0.191993
-0.013875917,-0.159994
-0.013675917,-0.159994
-0.013475917,-0.223991
-0.013275917,-0.159994
-0.013075917,-0.191993
-0.012875917,-0.223991
-0.012675917,-0.223991
-0.012475917,-0.159994
-0.012275917,-0.25599
-0.012075917,-0.191993
-0.011875917,-0.191993
-0.011675917,-0.191993
-0.011475917,-0.223991
-0.011275917,-0.159994
-0.011075917,-0.191993
-0.010875917,-0.191993
-0.010675917,-0.191993
-0.010475917,-0.223991
-0.010275917,-0.191993
-0.010075917,-0.223991
-0.0098759172,-0.191993
-0.0096759172,-0.159994
-0.0094759172,-0.191993
-0.0092759172,-0.191993
-0.0090759172,-0.25599
-0.0088759172,-0.223991
-0.0086759172,-0.191993
-0.0084759172,-0.25599
-0.0082759172,-0.223991
-0.0080759172,-0.223991
-0.0078759172,-0.25599
-0.0076759172,-0.191993
-0.0074759172,-0.223991
-0.0072759172,-0.191993
-0.0070759172,-0.191993
-0.0068759172,-0.25599
-0.0066759172,-0.25599
-0.0064759172,-0.159994
-0.0062759172,-0.223991
-0.0060759172,-0.191993
-0.0058759172,-0.191993
-0.0056759172,-0.191993
-0.0054759172,-0.223991
-0.0052759172,-0.223991
-0.0050759172,-0.25599
-0.0048759172,-0.223991
-0.0046759172,-0.191993
-0.0044759172,-0.25599
-0.0042759172,-0.223991
-0.0040759172,-0.223991
-0.0038759172,-0.223991
-0.0036759172,-0.25599
-0.0034759172,-0.191993
-0.0032759172,-0.223991
-0.0030759172,-0.223991
-0.0028759172,-0.191993
-0.0026759172,-0.223991
-0.0024759172,-0.25599
-0.0022759172,-0.191993
-0.0020759172,-0.25599
-0.0018759172,-0.223991
-0.0016759172,-0.223991
-0.0014759172,-0.223991
-0.0012759172,-0.25599
-0.0010759172,-0.223991
-0.00087591715,-0.223991
-0.00067591715,-0.25599
-0.00047591715,-0.191993
-0.00027591715,-0.25599
-7.5917151e-005,-0.223991
0.00012408285,-0.25599
