LECROYWS42Xs,24809,Waveform
Segments,1,SegmentSize,10002
Segment,TrigTime,TimeSinceSegment1
#1,18-Feb-2003 23:21:18,0                 
Time,Ampl
-2.000041,-0.287989
-1.999841,-0.223991
-1.999641,-0.287989
-1.999441,-0.25599
-1.999241,-0.25599
-1.999041,-0.223991
-1.998841,-0.223991
-1.998641,-0.25599
-1.998441,-0.25599
-1.998241,-0.25599
-1.998041,-0.25599
-1.997841,-0.25599
-1.997641,-0.25599
-1.997441,-0.25599
-1.997241,-0.287989
-1.997041,-0.25599
-1.996841,-0.25599
-1.996641,-0.25599
-1.996441,-0.319988
-1.996241,-0.25599
-1.996041,-0.287989
-1.995841,-0.223991
-1.995641,-0.287989
-1.995441,-0.25599
-1.995241,-0.287989
-1.995041,-0.25599
-1.994841,-0.223991
-1.994641,-0.287989
-1.994441,-0.287989
-1.994241,-0.287989
-1.994041,-0.25599
-1.993841,-0.287989
-1.993641,-0.319988
-1.993441,-0.287989
-1.993241,-0.25599
-1.993041,-0.25599
-1.992841,-0.25599
-1.992641,-0.25599
-1.992441,-0.287989
-1.992241,-0.319988
-1.992041,-0.287989
-1.991841,-0.25599
-1.991641,-0.25599
-1.991441,-0.25599
-1.991241,-0.287989
-1.991041,-0.223991
-1.990841,-0.287989
-1.990641,-0.25599
-1.990441,-0.191993
-1.990241,-0.25599
-1.990041,-0.319988
-1.989841,-0.287989
-1.989641,-0.25599
-1.989441,-0.25599
-1.989241,-0.25599
-1.989041,-0.287989
-1.988841,-0.25599
-1.988641,-0.287989
-1.988441,-0.25599
-1.988241,-0.25599
-1.988041,-0.287989
-1.987841,-0.287989
-1.987641,-0.25599
-1.987441,-0.25599
-1.987241,-0.223991
-1.987041,-0.287989
-1.986841,-0.25599
-1.986641,-0.25599
-1.986441,-0.25599
-1.986241,-0.223991
-1.986041,-0.287989
-1.985841,-0.287989
-1.985641,-0.223991
-1.985441,-0.25599
-1.985241,-0.25599
-1.985041,-0.287989
-1.984841,-0.25599
-1.984641,-0.25599
-1.984441,-0.223991
-1.984241,-0.223991
-1.984041,-0.287989
-1.983841,-0.223991
-1.983641,-0.25599
-1.983441,-0.25599
-1.983241,-0.223991
-1.983041,-0.25599
-1.982841,-0.223991
-1.982641,-0.191993
-1.982441,-0.191993
-1.982241,-0.25599
-1.982041,-0.223991
-1.981841,-0.25599
-1.981641,-0.25599
-1.981441,-0.223991
-1.981241,-0.25599
-1.981041,-0.191993
-1.980841,-0.223991
-1.980641,-0.223991
-1.980441,-0.25599
-1.980241,-0.191993
-1.980041,-0.223991
-1.979841,-0.223991
-1.979641,-0.191993
-1.979441,-0.191993
-1.979241,-0.223991
-1.979041,-0.191993
-1.978841,-0.223991
-1.978641,-0.191993
-1.978441,-0.127995
-1.978241,-0.223991
-1.978041,-0.191993
-1.977841,-0.191993
-1.977641,-0.159994
-1.977441,-0.159994
-1.977241,-0.191993
-1.977041,-0.159994
-1.976841,-0.127995
-1.976641,-0.191993
-1.976441,-0.191993
-1.976241,-0.127995
-1.976041,-0.159994
-1.975841,-0.191993
-1.975641,-0.191993
-1.975441,-0.127995
-1.975241,-0.127995
-1.975041,-0.159994
-1.974841,-0.127995
-1.974641,-0.159994
-1.974441,-0.159994
-1.974241,-0.0959963
-1.974041,-0.159994
-1.973841,-0.127995
-1.973641,-0.127995
-1.973441,-0.159994
-1.973241,-0.191993
-1.973041,-0.127995
-1.972841,-0.159994
-1.972641,-0.127995
-1.972441,-0.0959963
-1.972241,-0.127995
-1.972041,-0.159994
-1.971841,-0.127995
-1.971641,-0.159994
-1.971441,-0.127995
-1.971241,-0.127995
-1.971041,-0.159994
-1.970841,-0.127995
-1.970641,-0.159994
-1.970441,-0.159994
-1.970241,-0.127995
-1.970041,-0.0959963
-1.969841,-0.127995
-1.969641,-0.0959963
-1.969441,-0.0959963
-1.969241,-0.127995
-1.969041,-0.0959963
-1.968841,-0.127995
-1.968641,-0.159994
-1.968441,-0.159994
-1.968241,-0.127995
-1.968041,-0.127995
-1.967841,-0.127995
-1.967641,-0.127995
-1.967441,-0.159994
-1.967241,-0.127995
-1.967041,-0.0959963
-1.966841,-0.127995
-1.966641,-0.0959963
-1.966441,-0.127995
-1.966241,-0.0959963
-1.966041,-0.127995
-1.965841,-0.0959963
-1.965641,-0.0639975
-1.965441,-0.0959963
-1.965241,-0.0959963
-1.965041,-0.127995
-1.964841,-0.0959963
-1.964641,-0.0959963
-1.964441,-0.0959963
-1.964241,-0.127995
-1.964041,-0.0959963
-1.963841,-0.0959963
-1.963641,-0.0959963
-1.963441,-0.0639975
-1.963241,-0.127995
-1.963041,-0.0639975
-1.962841,-0.0639975
-1.962641,-0.0959963
-1.962441,-0.0639975
-1.962241,-0.0959963
-1.962041,-0.0959963
-1.961841,-0.0639975
-1.961641,-0.0639975
-1.961441,-0.0639975
-1.961241,-0.0639975
-1.961041,-0.0639975
-1.960841,-0.127995
-1.960641,-0.0639975
-1.960441,-0.0639975
-1.960241,-0.0959963
-1.960041,-0.0639975
-1.959841,-0.0639975
-1.959641,-0.127995
-1.959441,-0.0319988
-1.959241,-0.0639975
-1.959041,-0.0639975
-1.958841,-0.0639975
-1.958641,-0.0319988
-1.958441,-0.0959963
-1.958241,-0.0639975
-1.958041,-0.0639975
-1.957841,-0.0639975
-1.957641,-0.0319988
-1.957441,-0.0639975
-1.957241,-0.0959963
-1.957041,-0.0639975
-1.956841,-0.0639975
-1.956641,-0.0639975
-1.956441,-0.0639975
-1.956241,-0.0639975
-1.956041,-0.0639975
-1.955841,-0.0319988
-1.955641,-0.0319988
-1.955441,-0.0639975
-1.955241,-0.0639975
-1.955041,-0.0959963
-1.954841,-0.0639975
-1.954641,0
-1.954441,-0.0639975
-1.954241,-0.0639975
-1.954041,-0.0319988
-1.953841,-0.0319988
-1.953641,-0.0319988
-1.953441,0
-1.953241,0
-1.953041,-0.0639975
-1.952841,-0.0639975
-1.952641,-0.0639975
-1.952441,-0.0639975
-1.952241,-0.0319988
-1.952041,-0.0639975
-1.951841,-0.0639975
-1.951641,0
-1.951441,0
-1.951241,-0.0639975
-1.951041,-0.0319988
-1.950841,-0.0319988
-1.950641,-0.0639975
-1.950441,-0.0639975
-1.950241,0
-1.950041,0
-1.949841,0
-1.949641,0
-1.949441,-0.0639975
-1.949241,0
-1.949041,0
-1.948841,0
-1.948641,0
-1.948441,0
-1.948241,-0.0319988
-1.948041,0
-1.947841,0
-1.947641,-0.0319988
-1.947441,0
-1.947241,0
-1.947041,-0.0319988
-1.946841,0
-1.946641,0
-1.946441,0
-1.946241,0
-1.946041,0.0319988
-1.945841,-0.0319988
-1.945641,0
-1.945441,0
-1.945241,-0.0319988
-1.945041,0.0319988
-1.944841,0.0319988
-1.944641,0.0319988
-1.944441,0.0319988
-1.944241,0.0319988
-1.944041,0.0319988
-1.943841,0.0319988
-1.943641,0.0319988
-1.943441,0.0319988
-1.943241,0.0639975
-1.943041,0
-1.942841,0.0319988
-1.942641,0
-1.942441,0.0639975
-1.942241,-0.0319988
-1.942041,0.0639975
-1.941841,0
-1.941641,0.0319988
-1.941441,0.0319988
-1.941241,0.0639975
-1.941041,0.0639975
-1.940841,0.0639975
-1.940641,0.0639975
-1.940441,0.0319988
-1.940241,0.0319988
-1.940041,0.0319988
-1.939841,0.0319988
-1.939641,0.0319988
-1.939441,0.0319988
-1.939241,0.0319988
-1.939041,0.0639975
-1.938841,0.0959963
-1.938641,0.0319988
-1.938441,0.0639975
-1.938241,0.0319988
-1.938041,0
-1.937841,0.0639975
-1.937641,0.0959963
-1.937441,0.0639975
-1.937241,0.0639975
-1.937041,0.0639975
-1.936841,0.0959963
-1.936641,0.0639975
-1.936441,0.0639975
-1.936241,0.0639975
-1.936041,0.0639975
-1.935841,0.0959963
-1.935641,0.0319988
-1.935441,0.0639975
-1.935241,0.0319988
-1.935041,0.0639975
-1.934841,0.0639975
-1.934641,0.0639975
-1.934441,0.0959963
-1.934241,0.0639975
-1.934041,0.0319988
-1.933841,0.0319988
-1.933641,0.127995
-1.933441,0.0959963
-1.933241,0.0959963
-1.933041,0.0639975
-1.932841,0.0639975
-1.932641,0.0319988
-1.932441,0.0959963
-1.932241,0.0959963
-1.932041,0.0639975
-1.931841,0.0319988
-1.931641,0.0959963
-1.931441,0.0639975
-1.931241,0.0639975
-1.931041,0.0959963
-1.930841,0.0319988
-1.930641,0.0639975
-1.930441,0.0959963
-1.930241,0.0639975
-1.930041,0.0639975
-1.929841,0.0639975
-1.929641,0.0639975
-1.929441,0.0319988
-1.929241,0.0959963
-1.929041,0.0639975
-1.928841,0.0639975
-1.928641,0.0959963
-1.928441,0.0639975
-1.928241,0.0959963
-1.928041,0.0959963
-1.927841,0.0959963
-1.927641,0.0959963
-1.927441,0.0639975
-1.927241,0.0959963
-1.927041,0.0959963
-1.926841,0.0959963
-1.926641,0.0639975
-1.926441,0.0639975
-1.926241,0.0639975
-1.926041,0.0639975
-1.925841,0.0639975
-1.925641,0.0959963
-1.925441,0.0639975
-1.925241,0.0959963
-1.925041,0.0639975
-1.924841,0.0639975
-1.924641,0.0959963
-1.924441,0.0319988
-1.924241,0.0639975
-1.924041,0.0639975
-1.923841,0.0639975
-1.923641,0.0319988
-1.923441,0.0639975
-1.923241,0.0959963
-1.923041,0.0639975
-1.922841,0.0319988
-1.922641,0.0639975
-1.922441,0.0319988
-1.922241,0.0959963
-1.922041,0.0639975
-1.921841,0.0319988
-1.921641,0
-1.921441,0.0639975
-1.921241,0.0319988
-1.921041,0.0959963
-1.920841,0.0639975
-1.920641,0.0319988
-1.920441,0.0319988
-1.920241,0.0639975
-1.920041,0.0639975
-1.919841,0.0319988
-1.919641,0.0639975
-1.919441,0.0639975
-1.919241,0.0639975
-1.919041,0.0639975
-1.918841,0.0639975
-1.918641,0.0639975
-1.918441,0.0959963
-1.918241,0.0639975
-1.918041,0.0639975
-1.917841,0.0639975
-1.917641,0.0639975
-1.917441,0.0319988
-1.917241,0.0639975
-1.917041,0.0959963
-1.916841,0.0959963
-1.916641,0.0639975
-1.916441,0.0639975
-1.916241,0.0639975
-1.916041,0.0319988
-1.915841,0.0639975
-1.915641,0.0959963
-1.915441,0.0639975
-1.915241,0.0639975
-1.915041,0.0639975
-1.914841,0.0639975
-1.914641,0.0319988
-1.914441,0.0959963
-1.914241,0.0639975
-1.914041,0
-1.913841,0.0639975
-1.913641,0.0639975
-1.913441,0.0319988
-1.913241,0.0639975
-1.913041,0.0639975
-1.912841,0.0639975
-1.912641,0.0639975
-1.912441,0.0639975
-1.912241,0.0319988
-1.912041,0.0639975
-1.911841,0.0639975
-1.911641,0.0959963
-1.911441,0.0319988
-1.911241,0.0639975
-1.911041,0.0639975
-1.910841,0.0319988
-1.910641,0.0319988
-1.910441,0.0319988
-1.910241,0
-1.910041,0.0639975
-1.909841,0.0319988
-1.909641,0.0319988
-1.909441,0.0639975
-1.909241,0.0319988
-1.909041,0.0319988
-1.908841,0.0639975
-1.908641,0
-1.908441,0
-1.908241,0
-1.908041,-0.0319988
-1.907841,0.0639975
-1.907641,0.0319988
-1.907441,0
-1.907241,0.0319988
-1.907041,0.0319988
-1.906841,0
-1.906641,-0.0319988
-1.906441,0.0319988
-1.906241,-0.0319988
-1.906041,0
-1.905841,0
-1.905641,-0.0319988
-1.905441,0
-1.905241,0.0319988
-1.905041,-0.0319988
-1.904841,0
-1.904641,0
-1.904441,-0.0319988
-1.904241,-0.0319988
-1.904041,-0.0319988
-1.903841,0
-1.903641,-0.0319988
-1.903441,-0.0319988
-1.903241,-0.0319988
-1.903041,0
-1.902841,0
-1.902641,-0.0319988
-1.902441,-0.0319988
-1.902241,-0.0319988
-1.902041,-0.0959963
-1.901841,-0.0319988
-1.901641,-0.0319988
-1.901441,-0.0319988
-1.901241,-0.0639975
-1.901041,-0.0639975
-1.900841,-0.0639975
-1.900641,-0.0319988
-1.900441,-0.0639975
-1.900241,-0.0959963
-1.900041,-0.0959963
-1.899841,-0.0639975
-1.899641,-0.0639975
-1.899441,-0.0639975
-1.899241,-0.0319988
-1.899041,-0.0959963
-1.898841,-0.0319988
-1.898641,-0.0639975
-1.898441,-0.0959963
-1.898241,-0.0639975
-1.898041,-0.0639975
-1.897841,-0.0959963
-1.897641,-0.0639975
-1.897441,-0.0639975
-1.897241,-0.0639975
-1.897041,-0.0639975
-1.896841,-0.0639975
-1.896641,-0.0959963
-1.896441,-0.0959963
-1.896241,-0.0959963
-1.896041,-0.0959963
-1.895841,-0.0959963
-1.895641,-0.0639975
-1.895441,-0.0639975
-1.895241,-0.0639975
-1.895041,-0.0639975
-1.894841,-0.0639975
-1.894641,-0.0639975
-1.894441,-0.0959963
-1.894241,-0.0959963
-1.894041,-0.0959963
-1.893841,-0.0319988
-1.893641,-0.127995
-1.893441,-0.0639975
-1.893241,-0.0959963
-1.893041,-0.0959963
-1.892841,-0.0959963
-1.892641,-0.0319988
-1.892441,-0.127995
-1.892241,-0.0639975
-1.892041,-0.0639975
-1.891841,-0.0959963
-1.891641,-0.0639975
-1.891441,-0.0959963
-1.891241,-0.0959963
-1.891041,-0.0959963
-1.890841,-0.0959963
-1.890641,-0.127995
-1.890441,-0.0959963
-1.890241,-0.0639975
-1.890041,-0.0959963
-1.889841,-0.0959963
-1.889641,-0.0959963
-1.889441,-0.0959963
-1.889241,-0.0959963
-1.889041,-0.0639975
-1.888841,-0.0959963
-1.888641,-0.0639975
-1.888441,-0.0319988
-1.888241,-0.0959963
-1.888041,-0.127995
-1.887841,-0.0639975
-1.887641,-0.0959963
-1.887441,-0.127995
-1.887241,-0.0959963
-1.887041,-0.127995
-1.886841,-0.0639975
-1.886641,-0.0639975
-1.886441,-0.0959963
-1.886241,-0.0959963
-1.886041,-0.0639975
-1.885841,-0.127995
-1.885641,-0.127995
-1.885441,-0.127995
-1.885241,-0.127995
-1.885041,-0.159994
-1.884841,-0.0959963
-1.884641,-0.127995
-1.884441,-0.0639975
-1.884241,-0.0959963
-1.884041,-0.127995
-1.883841,-0.127995
-1.883641,-0.127995
-1.883441,-0.127995
-1.883241,-0.0959963
-1.883041,-0.127995
-1.882841,-0.127995
-1.882641,-0.159994
-1.882441,-0.0959963
-1.882241,-0.127995
-1.882041,-0.127995
-1.881841,-0.127995
-1.881641,-0.127995
-1.881441,-0.127995
-1.881241,-0.127995
-1.881041,-0.159994
-1.880841,-0.127995
-1.880641,-0.127995
-1.880441,-0.127995
-1.880241,-0.0959963
-1.880041,-0.127995
-1.879841,-0.127995
-1.879641,-0.127995
-1.879441,-0.0959963
-1.879241,-0.127995
-1.879041,-0.127995
-1.878841,-0.0959963
-1.878641,-0.127995
-1.878441,-0.0959963
-1.878241,-0.0959963
-1.878041,-0.159994
-1.877841,-0.127995
-1.877641,-0.0959963
-1.877441,-0.159994
-1.877241,-0.0959963
-1.877041,-0.0959963
-1.876841,-0.127995
-1.876641,-0.127995
-1.876441,-0.127995
-1.876241,-0.159994
-1.876041,-0.127995
-1.875841,-0.127995
-1.875641,-0.159994
-1.875441,-0.159994
-1.875241,-0.0959963
-1.875041,-0.127995
-1.874841,-0.159994
-1.874641,-0.0959963
-1.874441,-0.127995
-1.874241,-0.0959963
-1.874041,-0.127995
-1.873841,-0.127995
-1.873641,-0.159994
-1.873441,-0.0959963
-1.873241,-0.127995
-1.873041,-0.127995
-1.872841,-0.0959963
-1.872641,-0.127995
-1.872441,-0.127995
-1.872241,-0.127995
-1.872041,-0.127995
-1.871841,-0.127995
-1.871641,-0.0959963
-1.871441,-0.159994
-1.871241,-0.0639975
-1.871041,-0.0959963
-1.870841,-0.127995
-1.870641,-0.159994
-1.870441,-0.0959963
-1.870241,-0.0959963
-1.870041,-0.127995
-1.869841,-0.0639975
-1.869641,-0.159994
-1.869441,-0.0959963
-1.869241,-0.0959963
-1.869041,-0.127995
-1.868841,-0.0959963
-1.868641,-0.0639975
-1.868441,-0.0959963
-1.868241,-0.0959963
-1.868041,-0.0959963
-1.867841,-0.127995
-1.867641,-0.0959963
-1.867441,-0.0639975
-1.867241,-0.127995
-1.867041,-0.127995
-1.866841,-0.0959963
-1.866641,-0.0959963
-1.866441,-0.0959963
-1.866241,-0.0959963
-1.866041,-0.0959963
-1.865841,-0.0959963
-1.865641,-0.0959963
-1.865441,-0.127995
-1.865241,-0.0639975
-1.865041,-0.0959963
-1.864841,-0.127995
-1.864641,-0.127995
-1.864441,-0.0959963
-1.864241,-0.159994
-1.864041,-0.0639975
-1.863841,-0.0959963
-1.863641,-0.127995
-1.863441,-0.0959963
-1.863241,-0.0959963
-1.863041,-0.127995
-1.862841,-0.127995
-1.862641,-0.0959963
-1.862441,-0.0959963
-1.862241,-0.0639975
-1.862041,-0.0959963
-1.861841,-0.127995
-1.861641,-0.0959963
-1.861441,-0.0639975
-1.861241,-0.127995
-1.861041,-0.127995
-1.860841,-0.0959963
-1.860641,-0.127995
-1.860441,-0.0959963
-1.860241,-0.0959963
-1.860041,-0.127995
-1.859841,-0.0639975
-1.859641,-0.0639975
-1.859441,-0.0959963
-1.859241,-0.0319988
-1.859041,-0.0959963
-1.858841,-0.127995
-1.858641,-0.127995
-1.858441,-0.127995
-1.858241,-0.127995
-1.858041,-0.0639975
-1.857841,-0.0319988
-1.857641,-0.0639975
-1.857441,-0.0959963
-1.857241,-0.0959963
-1.857041,-0.0959963
-1.856841,-0.0959963
-1.856641,-0.0639975
-1.856441,-0.0959963
-1.856241,-0.0639975
-1.856041,-0.0959963
-1.855841,-0.0639975
-1.855641,-0.0639975
-1.855441,-0.0959963
-1.855241,-0.0639975
-1.855041,-0.0319988
-1.854841,-0.0639975
-1.854641,-0.0639975
-1.854441,0
-1.854241,-0.0639975
-1.854041,-0.0639975
-1.853841,-0.0639975
-1.853641,-0.0959963
-1.853441,-0.0639975
-1.853241,-0.0639975
-1.853041,-0.0319988
-1.852841,-0.0639975
-1.852641,-0.0639975
-1.852441,-0.0319988
-1.852241,-0.0319988
-1.852041,0.0319988
-1.851841,0
-1.851641,-0.0639975
-1.851441,-0.0319988
-1.851241,0
-1.851041,-0.0959963
-1.850841,-0.0639975
-1.850641,-0.0639975
-1.850441,-0.0639975
-1.850241,-0.0319988
-1.850041,-0.0639975
-1.849841,-0.0319988
-1.849641,0
-1.849441,-0.0319988
-1.849241,-0.0639975
-1.849041,-0.0319988
-1.848841,-0.0319988
-1.848641,-0.0639975
-1.848441,-0.0319988
-1.848241,-0.0319988
-1.848041,-0.0639975
-1.847841,-0.0319988
-1.847641,0
-1.847441,-0.0639975
-1.847241,-0.0319988
-1.847041,0
-1.846841,-0.0319988
-1.846641,-0.0639975
-1.846441,-0.0639975
-1.846241,0
-1.846041,-0.0319988
-1.845841,-0.0319988
-1.845641,-0.0319988
-1.845441,0
-1.845241,-0.0319988
-1.845041,-0.0319988
-1.844841,-0.0639975
-1.844641,0
-1.844441,-0.0319988
-1.844241,-0.0319988
-1.844041,-0.0319988
-1.843841,-0.0319988
-1.843641,0
-1.843441,-0.0319988
-1.843241,-0.0319988
-1.843041,0
-1.842841,0.0319988
-1.842641,-0.0319988
-1.842441,0
-1.842241,0
-1.842041,-0.0319988
-1.841841,0
-1.841641,0
-1.841441,-0.0639975
-1.841241,0
-1.841041,0
-1.840841,0.0319988
-1.840641,0.0319988
-1.840441,0
-1.840241,0
-1.840041,0
-1.839841,0
-1.839641,-0.0319988
-1.839441,0
-1.839241,-0.0319988
-1.839041,-0.0319988
-1.838841,-0.0319988
-1.838641,-0.0319988
-1.838441,-0.0319988
-1.838241,-0.0319988
-1.838041,0.0319988
-1.837841,-0.0319988
-1.837641,0
-1.837441,0.0319988
-1.837241,0
-1.837041,0
-1.836841,-0.0319988
-1.836641,-0.0319988
-1.836441,0
-1.836241,0
-1.836041,-0.0639975
-1.835841,0
-1.835641,0
-1.835441,-0.0319988
-1.835241,-0.0319988
-1.835041,0
-1.834841,-0.0639975
-1.834641,-0.0639975
-1.834441,-0.0319988
-1.834241,-0.0639975
-1.834041,-0.0639975
-1.833841,-0.0319988
-1.833641,-0.0639975
-1.833441,-0.0319988
-1.833241,-0.0319988
-1.833041,-0.0319988
-1.832841,-0.0639975
-1.832641,-0.0319988
-1.832441,-0.0959963
-1.832241,-0.0319988
-1.832041,-0.0959963
-1.831841,-0.0959963
-1.831641,-0.0319988
-1.831441,-0.0639975
-1.831241,-0.0959963
-1.831041,-0.0639975
-1.830841,-0.0959963
-1.830641,-0.0639975
-1.830441,-0.0639975
-1.830241,-0.0319988
-1.830041,-0.0959963
-1.829841,-0.0959963
-1.829641,-0.0639975
-1.829441,-0.0639975
-1.829241,-0.0959963
-1.829041,-0.0639975
-1.828841,-0.0959963
-1.828641,-0.0639975
-1.828441,-0.0639975
-1.828241,-0.0959963
-1.828041,-0.0319988
-1.827841,-0.0639975
-1.827641,-0.0639975
-1.827441,-0.0959963
-1.827241,-0.0639975
-1.827041,-0.127995
-1.826841,-0.127995
-1.826641,-0.0959963
-1.826441,-0.0639975
-1.826241,-0.0959963
-1.826041,-0.0959963
-1.825841,-0.127995
-1.825641,-0.0959963
-1.825441,-0.0959963
-1.825241,-0.0959963
-1.825041,-0.0959963
-1.824841,-0.0959963
-1.824641,-0.127995
-1.824441,-0.127995
-1.824241,-0.0959963
-1.824041,-0.0959963
-1.823841,-0.0639975
-1.823641,-0.0959963
-1.823441,-0.127995
-1.823241,-0.0959963
-1.823041,-0.0959963
-1.822841,-0.0959963
-1.822641,-0.0959963
-1.822441,-0.0959963
-1.822241,-0.0959963
-1.822041,-0.0639975
-1.821841,-0.0959963
-1.821641,-0.0959963
-1.821441,-0.0639975
-1.821241,-0.0959963
-1.821041,-0.127995
-1.820841,-0.0639975
-1.820641,-0.0639975
-1.820441,-0.0639975
-1.820241,-0.0639975
-1.820041,-0.0959963
-1.819841,-0.0959963
-1.819641,-0.0639975
-1.819441,-0.0959963
-1.819241,-0.0639975
-1.819041,-0.0639975
-1.818841,0
-1.818641,-0.127995
-1.818441,-0.0639975
-1.818241,-0.0639975
-1.818041,-0.0959963
-1.817841,-0.0639975
-1.817641,-0.0959963
-1.817441,-0.0959963
-1.817241,-0.127995
-1.817041,-0.0639975
-1.816841,-0.0959963
-1.816641,-0.0639975
-1.816441,-0.0639975
-1.816241,-0.0959963
-1.816041,-0.0319988
-1.815841,-0.0319988
-1.815641,-0.0959963
-1.815441,-0.0959963
-1.815241,-0.0639975
-1.815041,-0.0639975
-1.814841,-0.0639975
-1.814641,-0.0639975
-1.814441,-0.0639975
-1.814241,-0.0959963
-1.814041,-0.0319988
-1.813841,-0.0959963
-1.813641,-0.0319988
-1.813441,-0.0319988
-1.813241,-0.0959963
-1.813041,-0.0319988
-1.812841,-0.0639975
-1.812641,-0.0639975
-1.812441,-0.0639975
-1.812241,-0.0319988
-1.812041,-0.0639975
-1.811841,-0.0639975
-1.811641,-0.0639975
-1.811441,-0.0959963
-1.811241,0
-1.811041,-0.0639975
-1.810841,-0.0639975
-1.810641,-0.0639975
-1.810441,-0.0639975
-1.810241,-0.0319988
-1.810041,-0.0319988
-1.809841,0
-1.809641,-0.0639975
-1.809441,-0.0639975
-1.809241,-0.0639975
-1.809041,-0.0639975
-1.808841,-0.0639975
-1.808641,-0.0319988
-1.808441,-0.0639975
-1.808241,-0.0319988
-1.808041,-0.0639975
-1.807841,-0.0639975
-1.807641,-0.0959963
-1.807441,-0.0319988
-1.807241,-0.0639975
-1.807041,-0.0319988
-1.806841,-0.0319988
-1.806641,-0.0959963
-1.806441,-0.0319988
-1.806241,-0.0319988
-1.806041,-0.0959963
-1.805841,-0.0959963
-1.805641,-0.0639975
-1.805441,-0.0639975
-1.805241,-0.0319988
-1.805041,-0.0639975
-1.804841,-0.0319988
-1.804641,-0.0319988
-1.804441,-0.0319988
-1.804241,-0.0639975
-1.804041,-0.0319988
-1.803841,0
-1.803641,-0.127995
-1.803441,-0.0319988
-1.803241,-0.0319988
-1.803041,-0.0639975
-1.802841,-0.0319988
-1.802641,-0.0319988
-1.802441,0
-1.802241,-0.0319988
-1.802041,-0.0639975
-1.801841,-0.0959963
-1.801641,-0.0639975
-1.801441,-0.0639975
-1.801241,-0.0639975
-1.801041,-0.127995
-1.800841,0.0319988
-1.800641,-0.0959963
-1.800441,-0.0639975
-1.800241,-0.0319988
-1.800041,-0.0959963
-1.799841,-0.0639975
-1.799641,-0.0639975
-1.799441,-0.0959963
-1.799241,-0.0639975
-1.799041,-0.0319988
-1.798841,-0.0959963
-1.798641,-0.0959963
-1.798441,-0.0639975
-1.798241,-0.0959963
-1.798041,-0.0959963
-1.797841,0
-1.797641,-0.0959963
-1.797441,-0.0959963
-1.797241,-0.0639975
-1.797041,-0.0959963
-1.796841,-0.0959963
-1.796641,-0.0639975
-1.796441,-0.127995
-1.796241,-0.0639975
-1.796041,-0.0319988
-1.795841,-0.127995
-1.795641,-0.0639975
-1.795441,-0.0639975
-1.795241,-0.0959963
-1.795041,-0.0959963
-1.794841,-0.0639975
-1.794641,-0.0639975
-1.794441,-0.0959963
-1.794241,-0.0959963
-1.794041,-0.0639975
-1.793841,-0.0959963
-1.793641,-0.0959963
-1.793441,-0.127995
-1.793241,-0.0959963
-1.793041,-0.0959963
-1.792841,-0.0959963
-1.792641,-0.0959963
-1.792441,-0.0639975
-1.792241,-0.0959963
-1.792041,-0.0639975
-1.791841,-0.0959963
-1.791641,-0.127995
-1.791441,-0.0639975
-1.791241,-0.0959963
-1.791041,-0.127995
-1.790841,-0.0639975
-1.790641,-0.0959963
-1.790441,-0.127995
-1.790241,-0.0959963
-1.790041,-0.0959963
-1.789841,-0.127995
-1.789641,-0.127995
-1.789441,-0.0639975
-1.789241,-0.127995
-1.789041,-0.0959963
-1.788841,-0.127995
-1.788641,-0.127995
-1.788441,-0.0639975
-1.788241,-0.0959963
-1.788041,-0.0959963
-1.787841,-0.127995
-1.787641,-0.0959963
-1.787441,-0.0959963
-1.787241,-0.0959963
-1.787041,-0.159994
-1.786841,-0.0639975
-1.786641,-0.0959963
-1.786441,-0.0959963
-1.786241,-0.0959963
-1.786041,-0.127995
-1.785841,-0.0959963
-1.785641,-0.127995
-1.785441,-0.127995
-1.785241,-0.0959963
-1.785041,-0.127995
-1.784841,-0.0639975
-1.784641,-0.0959963
-1.784441,-0.127995
-1.784241,-0.0639975
-1.784041,-0.0959963
-1.783841,-0.0959963
-1.783641,-0.127995
-1.783441,-0.0639975
-1.783241,-0.159994
-1.783041,-0.0959963
-1.782841,-0.0959963
-1.782641,-0.159994
-1.782441,-0.127995
-1.782241,-0.0639975
-1.782041,-0.127995
-1.781841,-0.127995
-1.781641,-0.0959963
-1.781441,-0.127995
-1.781241,-0.0639975
-1.781041,-0.0959963
-1.780841,-0.127995
-1.780641,-0.127995
-1.780441,-0.0959963
-1.780241,-0.0959963
-1.780041,-0.0959963
-1.779841,-0.0959963
-1.779641,-0.0959963
-1.779441,-0.127995
-1.779241,-0.0639975
-1.779041,-0.0639975
-1.778841,-0.159994
-1.778641,-0.0959963
-1.778441,-0.0959963
-1.778241,-0.159994
-1.778041,-0.0639975
-1.777841,-0.159994
-1.777641,-0.0959963
-1.777441,-0.159994
-1.777241,-0.0639975
-1.777041,-0.0959963
-1.776841,-0.0639975
-1.776641,-0.0959963
-1.776441,-0.0959963
-1.776241,-0.0959963
-1.776041,-0.0959963
-1.775841,-0.0959963
-1.775641,-0.0959963
-1.775441,-0.0959963
-1.775241,-0.0959963
-1.775041,-0.0639975
-1.774841,-0.0959963
-1.774641,-0.0639975
-1.774441,-0.0959963
-1.774241,-0.0959963
-1.774041,-0.127995
-1.773841,-0.127995
-1.773641,-0.0959963
-1.773441,-0.0959963
-1.773241,-0.0959963
-1.773041,-0.127995
-1.772841,-0.127995
-1.772641,-0.0639975
-1.772441,-0.0959963
-1.772241,-0.0959963
-1.772041,-0.0959963
-1.771841,-0.127995
-1.771641,-0.127995
-1.771441,-0.0959963
-1.771241,-0.0959963
-1.771041,-0.127995
-1.770841,-0.0959963
-1.770641,-0.127995
-1.770441,-0.127995
-1.770241,-0.0959963
-1.770041,-0.127995
-1.769841,-0.0959963
-1.769641,-0.0959963
-1.769441,-0.127995
-1.769241,-0.0959963
-1.769041,-0.0959963
-1.768841,-0.127995
-1.768641,-0.127995
-1.768441,-0.0639975
-1.768241,-0.159994
-1.768041,-0.127995
-1.767841,-0.127995
-1.767641,-0.0959963
-1.767441,-0.0639975
-1.767241,-0.0639975
-1.767041,-0.127995
-1.766841,-0.0959963
-1.766641,-0.0639975
-1.766441,-0.0959963
-1.766241,-0.0639975
-1.766041,-0.127995
-1.765841,-0.0959963
-1.765641,-0.0959963
-1.765441,-0.0959963
-1.765241,-0.127995
-1.765041,-0.127995
-1.764841,-0.0639975
-1.764641,-0.0959963
-1.764441,-0.0959963
-1.764241,-0.0959963
-1.764041,-0.127995
-1.763841,-0.0959963
-1.763641,-0.0639975
-1.763441,-0.127995
-1.763241,-0.0639975
-1.763041,-0.0959963
-1.762841,-0.127995
-1.762641,-0.0959963
-1.762441,-0.0959963
-1.762241,-0.0959963
-1.762041,-0.0959963
-1.761841,-0.0959963
-1.761641,-0.127995
-1.761441,-0.0959963
-1.761241,-0.0639975
-1.761041,-0.0959963
-1.760841,-0.0959963
-1.760641,-0.0959963
-1.760441,-0.127995
-1.760241,-0.0639975
-1.760041,-0.0639975
-1.759841,-0.0959963
-1.759641,-0.0639975
-1.759441,-0.0959963
-1.759241,-0.127995
-1.759041,-0.127995
-1.758841,-0.0959963
-1.758641,-0.127995
-1.758441,-0.127995
-1.758241,-0.0959963
-1.758041,-0.0959963
-1.757841,-0.0959963
-1.757641,-0.0959963
-1.757441,-0.127995
-1.757241,-0.127995
-1.757041,-0.127995
-1.756841,-0.159994
-1.756641,-0.127995
-1.756441,-0.127995
-1.756241,-0.127995
-1.756041,-0.0959963
-1.755841,-0.0959963
-1.755641,-0.127995
-1.755441,-0.0959963
-1.755241,-0.0959963
-1.755041,-0.0959963
-1.754841,-0.127995
-1.754641,-0.127995
-1.754441,-0.0959963
-1.754241,-0.0959963
-1.754041,-0.0959963
-1.753841,-0.159994
-1.753641,-0.127995
-1.753441,-0.0959963
-1.753241,-0.159994
-1.753041,-0.127995
-1.752841,-0.0959963
-1.752641,-0.127995
-1.752441,-0.159994
-1.752241,-0.127995
-1.752041,-0.127995
-1.751841,-0.127995
-1.751641,-0.0959963
-1.751441,-0.159994
-1.751241,-0.127995
-1.751041,-0.127995
-1.750841,-0.127995
-1.750641,-0.0959963
-1.750441,-0.127995
-1.750241,-0.0959963
-1.750041,-0.127995
-1.749841,-0.127995
-1.749641,-0.159994
-1.749441,-0.159994
-1.749241,-0.127995
-1.749041,-0.127995
-1.748841,-0.127995
-1.748641,-0.127995
-1.748441,-0.127995
-1.748241,-0.127995
-1.748041,-0.0959963
-1.747841,-0.127995
-1.747641,-0.127995
-1.747441,-0.0959963
-1.747241,-0.159994
-1.747041,-0.127995
-1.746841,-0.127995
-1.746641,-0.0959963
-1.746441,-0.127995
-1.746241,-0.127995
-1.746041,-0.159994
-1.745841,-0.127995
-1.745641,-0.0959963
-1.745441,-0.159994
-1.745241,-0.159994
-1.745041,-0.127995
-1.744841,-0.159994
-1.744641,-0.0959963
-1.744441,-0.127995
-1.744241,-0.159994
-1.744041,-0.127995
-1.743841,-0.127995
-1.743641,-0.159994
-1.743441,-0.159994
-1.743241,-0.127995
-1.743041,-0.127995
-1.742841,-0.127995
-1.742641,-0.127995
-1.742441,-0.127995
-1.742241,-0.127995
-1.742041,-0.127995
-1.741841,-0.159994
-1.741641,-0.159994
-1.741441,-0.127995
-1.741241,-0.159994
-1.741041,-0.159994
-1.740841,-0.0959963
-1.740641,-0.0959963
-1.740441,-0.127995
-1.740241,-0.0959963
-1.740041,-0.127995
-1.739841,-0.0959963
-1.739641,-0.0959963
-1.739441,-0.159994
-1.739241,-0.0959963
-1.739041,-0.0639975
-1.738841,-0.159994
-1.738641,-0.159994
-1.738441,-0.0959963
-1.738241,-0.127995
-1.738041,-0.127995
-1.737841,-0.127995
-1.737641,-0.159994
-1.737441,-0.127995
-1.737241,-0.0639975
-1.737041,-0.159994
-1.736841,-0.127995
-1.736641,-0.0959963
-1.736441,-0.0959963
-1.736241,-0.127995
-1.736041,-0.0959963
-1.735841,-0.127995
-1.735641,-0.0639975
-1.735441,-0.0959963
-1.735241,-0.0959963
-1.735041,-0.0959963
-1.734841,-0.0959963
-1.734641,-0.159994
-1.734441,-0.127995
-1.734241,-0.0959963
-1.734041,-0.127995
-1.733841,-0.0639975
-1.733641,-0.127995
-1.733441,-0.127995
-1.733241,-0.0639975
-1.733041,-0.0639975
-1.732841,-0.127995
-1.732641,-0.0639975
-1.732441,-0.0959963
-1.732241,-0.0959963
-1.732041,-0.127995
-1.731841,-0.0959963
-1.731641,-0.0959963
-1.731441,-0.0959963
-1.731241,-0.0959963
-1.731041,-0.127995
-1.730841,-0.0639975
-1.730641,-0.0959963
-1.730441,-0.127995
-1.730241,-0.0959963
-1.730041,-0.0639975
-1.729841,-0.0959963
-1.729641,-0.0959963
-1.729441,-0.0959963
-1.729241,-0.0959963
-1.729041,-0.0959963
-1.728841,-0.0959963
-1.728641,-0.0959963
-1.728441,-0.0959963
-1.728241,-0.0319988
-1.728041,-0.127995
-1.727841,-0.0639975
-1.727641,-0.0639975
-1.727441,-0.0959963
-1.727241,-0.0959963
-1.727041,-0.0639975
-1.726841,-0.127995
-1.726641,-0.0959963
-1.726441,-0.0959963
-1.726241,-0.127995
-1.726041,-0.0959963
-1.725841,-0.0639975
-1.725641,-0.127995
-1.725441,-0.0959963
-1.725241,-0.127995
-1.725041,-0.0959963
-1.724841,-0.0959963
-1.724641,-0.127995
-1.724441,-0.127995
-1.724241,-0.0959963
-1.724041,-0.0959963
-1.723841,-0.0959963
-1.723641,-0.0959963
-1.723441,-0.0959963
-1.723241,-0.127995
-1.723041,-0.159994
-1.722841,-0.0959963
-1.722641,-0.127995
-1.722441,-0.159994
-1.722241,-0.191993
-1.722041,-0.127995
-1.721841,-0.127995
-1.721641,-0.127995
-1.721441,-0.159994
-1.721241,-0.127995
-1.721041,-0.0959963
-1.720841,-0.191993
-1.720641,-0.127995
-1.720441,-0.127995
-1.720241,-0.159994
-1.720041,-0.127995
-1.719841,-0.127995
-1.719641,-0.159994
-1.719441,-0.127995
-1.719241,-0.127995
-1.719041,-0.159994
-1.718841,-0.159994
-1.718641,-0.159994
-1.718441,-0.191993
-1.718241,-0.127995
-1.718041,-0.159994
-1.717841,-0.159994
-1.717641,-0.159994
-1.717441,-0.127995
-1.717241,-0.159994
-1.717041,-0.159994
-1.716841,-0.127995
-1.716641,-0.159994
-1.716441,-0.191993
-1.716241,-0.159994
-1.716041,-0.159994
-1.715841,-0.159994
-1.715641,-0.191993
-1.715441,-0.159994
-1.715241,-0.159994
-1.715041,-0.159994
-1.714841,-0.191993
-1.714641,-0.191993
-1.714441,-0.127995
-1.714241,-0.223991
-1.714041,-0.159994
-1.713841,-0.159994
-1.713641,-0.223991
-1.713441,-0.191993
-1.713241,-0.159994
-1.713041,-0.25599
-1.712841,-0.223991
-1.712641,-0.159994
-1.712441,-0.223991
-1.712241,-0.191993
-1.712041,-0.191993
-1.711841,-0.223991
-1.711641,-0.223991
-1.711441,-0.191993
-1.711241,-0.223991
-1.711041,-0.191993
-1.710841,-0.191993
-1.710641,-0.223991
-1.710441,-0.191993
-1.710241,-0.191993
-1.710041,-0.223991
-1.709841,-0.287989
-1.709641,-0.159994
-1.709441,-0.25599
-1.709241,-0.223991
-1.709041,-0.223991
-1.708841,-0.223991
-1.708641,-0.223991
-1.708441,-0.191993
-1.708241,-0.223991
-1.708041,-0.223991
-1.707841,-0.191993
-1.707641,-0.223991
-1.707441,-0.223991
-1.707241,-0.191993
-1.707041,-0.223991
-1.706841,-0.25599
-1.706641,-0.223991
-1.706441,-0.25599
-1.706241,-0.287989
-1.706041,-0.191993
-1.705841,-0.25599
-1.705641,-0.223991
-1.705441,-0.223991
-1.705241,-0.25599
-1.705041,-0.25599
-1.704841,-0.191993
-1.704641,-0.223991
-1.704441,-0.25599
-1.704241,-0.191993
-1.704041,-0.25599
-1.703841,-0.25599
-1.703641,-0.191993
-1.703441,-0.25599
-1.703241,-0.223991
-1.703041,-0.223991
-1.702841,-0.25599
-1.702641,-0.25599
-1.702441,-0.223991
-1.702241,-0.25599
-1.702041,-0.223991
-1.701841,-0.191993
-1.701641,-0.223991
-1.701441,-0.191993
-1.701241,-0.191993
-1.701041,-0.191993
-1.700841,-0.191993
-1.700641,-0.191993
-1.700441,-0.223991
-1.700241,-0.287989
-1.700041,-0.159994
-1.699841,-0.223991
-1.699641,-0.223991
-1.699441,-0.25599
-1.699241,-0.25599
-1.699041,-0.223991
-1.698841,-0.191993
-1.698641,-0.223991
-1.698441,-0.191993
-1.698241,-0.191993
-1.698041,-0.191993
-1.697841,-0.191993
-1.697641,-0.191993
-1.697441,-0.25599
-1.697241,-0.25599
-1.697041,-0.191993
-1.696841,-0.223991
-1.696641,-0.25599
-1.696441,-0.191993
-1.696241,-0.25599
-1.696041,-0.223991
-1.695841,-0.191993
-1.695641,-0.223991
-1.695441,-0.223991
-1.695241,-0.191993
-1.695041,-0.25599
-1.694841,-0.25599
-1.694641,-0.191993
-1.694441,-0.25599
-1.694241,-0.287989
-1.694041,-0.191993
-1.693841,-0.223991
-1.693641,-0.223991
-1.693441,-0.223991
-1.693241,-0.223991
-1.693041,-0.25599
-1.692841,-0.191993
-1.692641,-0.223991
-1.692441,-0.223991
-1.692241,-0.191993
-1.692041,-0.25599
-1.691841,-0.223991
-1.691641,-0.223991
-1.691441,-0.25599
-1.691241,-0.159994
-1.691041,-0.191993
-1.690841,-0.25599
-1.690641,-0.223991
-1.690441,-0.223991
-1.690241,-0.191993
-1.690041,-0.25599
-1.689841,-0.223991
-1.689641,-0.223991
-1.689441,-0.223991
-1.689241,-0.223991
-1.689041,-0.25599
-1.688841,-0.223991
-1.688641,-0.223991
-1.688441,-0.25599
-1.688241,-0.191993
-1.688041,-0.223991
-1.687841,-0.25599
-1.687641,-0.25599
-1.687441,-0.223991
-1.687241,-0.25599
-1.687041,-0.191993
-1.686841,-0.223991
-1.686641,-0.223991
-1.686441,-0.223991
-1.686241,-0.191993
-1.686041,-0.223991
-1.685841,-0.25599
-1.685641,-0.223991
-1.685441,-0.223991
-1.685241,-0.223991
-1.685041,-0.159994
-1.684841,-0.223991
-1.684641,-0.287989
-1.684441,-0.191993
-1.684241,-0.223991
-1.684041,-0.191993
-1.683841,-0.25599
-1.683641,-0.223991
-1.683441,-0.223991
-1.683241,-0.223991
-1.683041,-0.287989
-1.682841,-0.191993
-1.682641,-0.191993
-1.682441,-0.25599
-1.682241,-0.25599
-1.682041,-0.25599
-1.681841,-0.25599
-1.681641,-0.223991
-1.681441,-0.223991
-1.681241,-0.223991
-1.681041,-0.25599
-1.680841,-0.223991
-1.680641,-0.25599
-1.680441,-0.223991
-1.680241,-0.191993
-1.680041,-0.191993
-1.679841,-0.191993
-1.679641,-0.223991
-1.679441,-0.191993
-1.679241,-0.191993
-1.679041,-0.191993
-1.678841,-0.191993
-1.678641,-0.191993
-1.678441,-0.159994
-1.678241,-0.223991
-1.678041,-0.223991
-1.677841,-0.159994
-1.677641,-0.223991
-1.677441,-0.191993
-1.677241,-0.191993
-1.677041,-0.223991
-1.676841,-0.223991
-1.676641,-0.159994
-1.676441,-0.223991
-1.676241,-0.191993
-1.676041,-0.191993
-1.675841,-0.223991
-1.675641,-0.191993
-1.675441,-0.191993
-1.675241,-0.191993
-1.675041,-0.191993
-1.674841,-0.159994
-1.674641,-0.191993
-1.674441,-0.25599
-1.674241,-0.191993
-1.674041,-0.191993
-1.673841,-0.191993
-1.673641,-0.191993
-1.673441,-0.159994
-1.673241,-0.223991
-1.673041,-0.223991
-1.672841,-0.223991
-1.672641,-0.159994
-1.672441,-0.223991
-1.672241,-0.223991
-1.672041,-0.191993
-1.671841,-0.191993
-1.671641,-0.191993
-1.671441,-0.223991
-1.671241,-0.287989
-1.671041,-0.223991
-1.670841,-0.25599
-1.670641,-0.159994
-1.670441,-0.191993
-1.670241,-0.223991
-1.670041,-0.159994
-1.669841,-0.223991
-1.669641,-0.223991
-1.669441,-0.223991
-1.669241,-0.25599
-1.669041,-0.191993
-1.668841,-0.25599
-1.668641,-0.223991
-1.668441,-0.191993
-1.668241,-0.191993
-1.668041,-0.25599
-1.667841,-0.25599
-1.667641,-0.191993
-1.667441,-0.223991
-1.667241,-0.223991
-1.667041,-0.191993
-1.666841,-0.25599
-1.666641,-0.25599
-1.666441,-0.159994
-1.666241,-0.191993
-1.666041,-0.25599
-1.665841,-0.223991
-1.665641,-0.223991
-1.665441,-0.25599
-1.665241,-0.223991
-1.665041,-0.223991
-1.664841,-0.223991
-1.664641,-0.223991
-1.664441,-0.223991
-1.664241,-0.223991
-1.664041,-0.25599
-1.663841,-0.25599
-1.663641,-0.25599
-1.663441,-0.159994
-1.663241,-0.25599
-1.663041,-0.223991
-1.662841,-0.223991
-1.662641,-0.25599
-1.662441,-0.223991
-1.662241,-0.191993
-1.662041,-0.25599
-1.661841,-0.223991
-1.661641,-0.223991
-1.661441,-0.25599
-1.661241,-0.223991
-1.661041,-0.223991
-1.660841,-0.287989
-1.660641,-0.25599
-1.660441,-0.223991
-1.660241,-0.25599
-1.660041,-0.223991
-1.659841,-0.191993
-1.659641,-0.223991
-1.659441,-0.25599
-1.659241,-0.223991
-1.659041,-0.223991
-1.658841,-0.25599
-1.658641,-0.25599
-1.658441,-0.25599
-1.658241,-0.287989
-1.658041,-0.223991
-1.657841,-0.25599
-1.657641,-0.223991
-1.657441,-0.191993
-1.657241,-0.25599
-1.657041,-0.25599
-1.656841,-0.223991
-1.656641,-0.223991
-1.656441,-0.223991
-1.656241,-0.223991
-1.656041,-0.25599
-1.655841,-0.25599
-1.655641,-0.159994
-1.655441,-0.25599
-1.655241,-0.25599
-1.655041,-0.191993
-1.654841,-0.223991
-1.654641,-0.25599
-1.654441,-0.223991
-1.654241,-0.25599
-1.654041,-0.223991
-1.653841,-0.191993
-1.653641,-0.223991
-1.653441,-0.25599
-1.653241,-0.223991
-1.653041,-0.25599
-1.652841,-0.223991
-1.652641,-0.223991
-1.652441,-0.223991
-1.652241,-0.25599
-1.652041,-0.223991
-1.651841,-0.223991
-1.651641,-0.25599
-1.651441,-0.223991
-1.651241,-0.25599
-1.651041,-0.223991
-1.650841,-0.223991
-1.650641,-0.287989
-1.650441,-0.223991
-1.650241,-0.223991
-1.650041,-0.287989
-1.649841,-0.25599
-1.649641,-0.191993
-1.649441,-0.25599
-1.649241,-0.223991
-1.649041,-0.191993
-1.648841,-0.287989
-1.648641,-0.223991
-1.648441,-0.25599
-1.648241,-0.25599
-1.648041,-0.287989
-1.647841,-0.223991
-1.647641,-0.25599
-1.647441,-0.25599
-1.647241,-0.191993
-1.647041,-0.191993
-1.646841,-0.25599
-1.646641,-0.25599
-1.646441,-0.25599
-1.646241,-0.191993
-1.646041,-0.223991
-1.645841,-0.287989
-1.645641,-0.25599
-1.645441,-0.223991
-1.645241,-0.25599
-1.645041,-0.25599
-1.644841,-0.223991
-1.644641,-0.25599
-1.644441,-0.223991
-1.644241,-0.25599
-1.644041,-0.25599
-1.643841,-0.25599
-1.643641,-0.223991
-1.643441,-0.25599
-1.643241,-0.25599
-1.643041,-0.191993
-1.642841,-0.223991
-1.642641,-0.223991
-1.642441,-0.223991
-1.642241,-0.25599
-1.642041,-0.223991
-1.641841,-0.223991
-1.641641,-0.223991
-1.641441,-0.25599
-1.641241,-0.223991
-1.641041,-0.223991
-1.640841,-0.287989
-1.640641,-0.191993
-1.640441,-0.25599
-1.640241,-0.191993
-1.640041,-0.25599
-1.639841,-0.223991
-1.639641,-0.223991
-1.639441,-0.191993
-1.639241,-0.223991
-1.639041,-0.223991
-1.638841,-0.223991
-1.638641,-0.223991
-1.638441,-0.25599
-1.638241,-0.223991
-1.638041,-0.25599
-1.637841,-0.287989
-1.637641,-0.287989
-1.637441,-0.287989
-1.637241,-0.287989
-1.637041,-0.191993
-1.636841,-0.25599
-1.636641,-0.287989
-1.636441,-0.223991
-1.636241,-0.25599
-1.636041,-0.25599
-1.635841,-0.223991
-1.635641,-0.287989
-1.635441,-0.223991
-1.635241,-0.25599
-1.635041,-0.25599
-1.634841,-0.25599
-1.634641,-0.287989
-1.634441,-0.287989
-1.634241,-0.223991
-1.634041,-0.287989
-1.633841,-0.287989
-1.633641,-0.25599
-1.633441,-0.191993
-1.633241,-0.319988
-1.633041,-0.25599
-1.632841,-0.287989
-1.632641,-0.25599
-1.632441,-0.25599
-1.632241,-0.223991
-1.632041,-0.25599
-1.631841,-0.25599
-1.631641,-0.223991
-1.631441,-0.25599
-1.631241,-0.25599
-1.631041,-0.25599
-1.630841,-0.25599
-1.630641,-0.25599
-1.630441,-0.191993
-1.630241,-0.25599
-1.630041,-0.223991
-1.629841,-0.25599
-1.629641,-0.287989
-1.629441,-0.25599
-1.629241,-0.191993
-1.629041,-0.25599
-1.628841,-0.25599
-1.628641,-0.223991
-1.628441,-0.223991
-1.628241,-0.223991
-1.628041,-0.25599
-1.627841,-0.25599
-1.627641,-0.25599
-1.627441,-0.223991
-1.627241,-0.25599
-1.627041,-0.223991
-1.626841,-0.25599
-1.626641,-0.223991
-1.626441,-0.223991
-1.626241,-0.287989
-1.626041,-0.223991
-1.625841,-0.25599
-1.625641,-0.25599
-1.625441,-0.287989
-1.625241,-0.25599
-1.625041,-0.287989
-1.624841,-0.25599
-1.624641,-0.25599
-1.624441,-0.223991
-1.624241,-0.25599
-1.624041,-0.287989
-1.623841,-0.287989
-1.623641,-0.287989
-1.623441,-0.25599
-1.623241,-0.223991
-1.623041,-0.287989
-1.622841,-0.319988
-1.622641,-0.223991
-1.622441,-0.25599
-1.622241,-0.25599
-1.622041,-0.191993
-1.621841,-0.287989
-1.621641,-0.287989
-1.621441,-0.25599
-1.621241,-0.287989
-1.621041,-0.287989
-1.620841,-0.223991
-1.620641,-0.287989
-1.620441,-0.25599
-1.620241,-0.25599
-1.620041,-0.287989
-1.619841,-0.223991
-1.619641,-0.25599
-1.619441,-0.25599
-1.619241,-0.287989
-1.619041,-0.25599
-1.618841,-0.287989
-1.618641,-0.287989
-1.618441,-0.191993
-1.618241,-0.25599
-1.618041,-0.25599
-1.617841,-0.25599
-1.617641,-0.25599
-1.617441,-0.223991
-1.617241,-0.25599
-1.617041,-0.25599
-1.616841,-0.223991
-1.616641,-0.287989
-1.616441,-0.25599
-1.616241,-0.287989
-1.616041,-0.191993
-1.615841,-0.25599
-1.615641,-0.25599
-1.615441,-0.223991
-1.615241,-0.25599
-1.615041,-0.223991
-1.614841,-0.25599
-1.614641,-0.25599
-1.614441,-0.25599
-1.614241,-0.223991
-1.614041,-0.287989
-1.613841,-0.287989
-1.613641,-0.191993
-1.613441,-0.25599
-1.613241,-0.287989
-1.613041,-0.223991
-1.612841,-0.287989
-1.612641,-0.25599
-1.612441,-0.191993
-1.612241,-0.223991
-1.612041,-0.25599
-1.611841,-0.287989
-1.611641,-0.25599
-1.611441,-0.287989
-1.611241,-0.25599
-1.611041,-0.25599
-1.610841,-0.25599
-1.610641,-0.287989
-1.610441,-0.319988
-1.610241,-0.319988
-1.610041,-0.287989
-1.609841,-0.25599
-1.609641,-0.319988
-1.609441,-0.25599
-1.609241,-0.287989
-1.609041,-0.319988
-1.608841,-0.287989
-1.608641,-0.319988
-1.608441,-0.287989
-1.608241,-0.287989
-1.608041,-0.319988
-1.607841,-0.351986
-1.607641,-0.319988
-1.607441,-0.351986
-1.607241,-0.287989
-1.607041,-0.351986
-1.606841,-0.351986
-1.606641,-0.319988
-1.606441,-0.319988
-1.606241,-0.287989
-1.606041,-0.383985
-1.605841,-0.351986
-1.605641,-0.319988
-1.605441,-0.351986
-1.605241,-0.319988
-1.605041,-0.319988
-1.604841,-0.351986
-1.604641,-0.319988
-1.604441,-0.351986
-1.604241,-0.383985
-1.604041,-0.351986
-1.603841,-0.351986
-1.603641,-0.351986
-1.603441,-0.351986
-1.603241,-0.351986
-1.603041,-0.383985
-1.602841,-0.351986
-1.602641,-0.351986
-1.602441,-0.383985
-1.602241,-0.383985
-1.602041,-0.383985
-1.601841,-0.383985
-1.601641,-0.383985
-1.601441,-0.383985
-1.601241,-0.415984
-1.601041,-0.415984
-1.600841,-0.351986
-1.600641,-0.383985
-1.600441,-0.415984
-1.600241,-0.351986
-1.600041,-0.415984
-1.599841,-0.383985
-1.599641,-0.447983
-1.599441,-0.447983
-1.599241,-0.415984
-1.599041,-0.383985
-1.598841,-0.415984
-1.598641,-0.415984
-1.598441,-0.415984
-1.598241,-0.447983
-1.598041,-0.415984
-1.597841,-0.383985
-1.597641,-0.447983
-1.597441,-0.415984
-1.597241,-0.415984
-1.597041,-0.415984
-1.596841,-0.415984
-1.596641,-0.383985
-1.596441,-0.447983
-1.596241,-0.415984
-1.596041,-0.383985
-1.595841,-0.447983
-1.595641,-0.447983
-1.595441,-0.415984
-1.595241,-0.447983
-1.595041,-0.447983
-1.594841,-0.415984
-1.594641,-0.447983
-1.594441,-0.415984
-1.594241,-0.447983
-1.594041,-0.479982
-1.593841,-0.415984
-1.593641,-0.447983
-1.593441,-0.447983
-1.593241,-0.415984
-1.593041,-0.447983
-1.592841,-0.415984
-1.592641,-0.447983
-1.592441,-0.447983
-1.592241,-0.479982
-1.592041,-0.447983
-1.591841,-0.415984
-1.591641,-0.479982
-1.591441,-0.447983
-1.591241,-0.447983
-1.591041,-0.415984
-1.590841,-0.447983
-1.590641,-0.447983
-1.590441,-0.447983
-1.590241,-0.447983
-1.590041,-0.447983
-1.589841,-0.479982
-1.589641,-0.447983
-1.589441,-0.447983
-1.589241,-0.51198
-1.589041,-0.447983
-1.588841,-0.479982
-1.588641,-0.51198
-1.588441,-0.51198
-1.588241,-0.479982
-1.588041,-0.479982
-1.587841,-0.447983
-1.587641,-0.51198
-1.587441,-0.479982
-1.587241,-0.51198
-1.587041,-0.479982
-1.586841,-0.51198
-1.586641,-0.51198
-1.586441,-0.51198
-1.586241,-0.543979
-1.586041,-0.479982
-1.585841,-0.51198
-1.585641,-0.51198
-1.585441,-0.51198
-1.585241,-0.51198
-1.585041,-0.543979
-1.584841,-0.575978
-1.584641,-0.479982
-1.584441,-0.51198
-1.584241,-0.51198
-1.584041,-0.543979
-1.583841,-0.543979
-1.583641,-0.543979
-1.583441,-0.543979
-1.583241,-0.543979
-1.583041,-0.543979
-1.582841,-0.543979
-1.582641,-0.575978
-1.582441,-0.575978
-1.582241,-0.543979
-1.582041,-0.575978
-1.581841,-0.575978
-1.581641,-0.543979
-1.581441,-0.543979
-1.581241,-0.543979
-1.581041,-0.607977
-1.580841,-0.575978
-1.580641,-0.607977
-1.580441,-0.575978
-1.580241,-0.607977
-1.580041,-0.543979
-1.579841,-0.543979
-1.579641,-0.543979
-1.579441,-0.575978
-1.579241,-0.575978
-1.579041,-0.639975
-1.578841,-0.607977
-1.578641,-0.607977
-1.578441,-0.607977
-1.578241,-0.575978
-1.578041,-0.607977
-1.577841,-0.607977
-1.577641,-0.575978
-1.577441,-0.575978
-1.577241,-0.639975
-1.577041,-0.607977
-1.576841,-0.575978
-1.576641,-0.575978
-1.576441,-0.639975
-1.576241,-0.639975
-1.576041,-0.607977
-1.575841,-0.607977
-1.575641,-0.639975
-1.575441,-0.607977
-1.575241,-0.607977
-1.575041,-0.639975
-1.574841,-0.703973
-1.574641,-0.671974
-1.574441,-0.671974
-1.574241,-0.671974
-1.574041,-0.671974
-1.573841,-0.639975
-1.573641,-0.671974
-1.573441,-0.671974
-1.573241,-0.671974
-1.573041,-0.671974
-1.572841,-0.703973
-1.572641,-0.735972
-1.572441,-0.703973
-1.572241,-0.671974
-1.572041,-0.671974
-1.571841,-0.703973
-1.571641,-0.671974
-1.571441,-0.671974
-1.571241,-0.671974
-1.571041,-0.735972
-1.570841,-0.735972
-1.570641,-0.703973
-1.570441,-0.671974
-1.570241,-0.703973
-1.570041,-0.703973
-1.569841,-0.703973
-1.569641,-0.703973
-1.569441,-0.767971
-1.569241,-0.703973
-1.569041,-0.703973
-1.568841,-0.703973
-1.568641,-0.703973
-1.568441,-0.735972
-1.568241,-0.735972
-1.568041,-0.735972
-1.567841,-0.703973
-1.567641,-0.703973
-1.567441,-0.703973
-1.567241,-0.767971
-1.567041,-0.703973
-1.566841,-0.767971
-1.566641,-0.703973
-1.566441,-0.767971
-1.566241,-0.735972
-1.566041,-0.735972
-1.565841,-0.735972
-1.565641,-0.767971
-1.565441,-0.767971
-1.565241,-0.735972
-1.565041,-0.735972
-1.564841,-0.767971
-1.564641,-0.767971
-1.564441,-0.767971
-1.564241,-0.767971
-1.564041,-0.767971
-1.563841,-0.767971
-1.563641,-0.735972
-1.563441,-0.767971
-1.563241,-0.767971
-1.563041,-0.767971
-1.562841,-0.767971
-1.562641,-0.799969
-1.562441,-0.767971
-1.562241,-0.767971
-1.562041,-0.799969
-1.561841,-0.767971
-1.561641,-0.767971
-1.561441,-0.831968
-1.561241,-0.799969
-1.561041,-0.767971
-1.560841,-0.767971
-1.560641,-0.767971
-1.560441,-0.767971
-1.560241,-0.799969
-1.560041,-0.767971
-1.559841,-0.767971
-1.559641,-0.799969
-1.559441,-0.799969
-1.559241,-0.799969
-1.559041,-0.799969
-1.558841,-0.767971
-1.558641,-0.799969
-1.558441,-0.799969
-1.558241,-0.767971
-1.558041,-0.767971
-1.557841,-0.799969
-1.557641,-0.767971
-1.557441,-0.767971
-1.557241,-0.799969
-1.557041,-0.799969
-1.556841,-0.767971
-1.556641,-0.767971
-1.556441,-0.863967
-1.556241,-0.799969
-1.556041,-0.799969
-1.555841,-0.767971
-1.555641,-0.799969
-1.555441,-0.799969
-1.555241,-0.799969
-1.555041,-0.767971
-1.554841,-0.799969
-1.554641,-0.799969
-1.554441,-0.799969
-1.554241,-0.831968
-1.554041,-0.799969
-1.553841,-0.831968
-1.553641,-0.799969
-1.553441,-0.831968
-1.553241,-0.863967
-1.553041,-0.799969
-1.552841,-0.831968
-1.552641,-0.863967
-1.552441,-0.831968
-1.552241,-0.799969
-1.552041,-0.799969
-1.551841,-0.799969
-1.551641,-0.767971
-1.551441,-0.799969
-1.551241,-0.831968
-1.551041,-0.799969
-1.550841,-0.799969
-1.550641,-0.831968
-1.550441,-0.831968
-1.550241,-0.831968
-1.550041,-0.863967
-1.549841,-0.831968
-1.549641,-0.799969
-1.549441,-0.799969
-1.549241,-0.863967
-1.549041,-0.831968
-1.548841,-0.799969
-1.548641,-0.831968
-1.548441,-0.831968
-1.548241,-0.831968
-1.548041,-0.895966
-1.547841,-0.831968
-1.547641,-0.831968
-1.547441,-0.831968
-1.547241,-0.863967
-1.547041,-0.831968
-1.546841,-0.863967
-1.546641,-0.863967
-1.546441,-0.831968
-1.546241,-0.831968
-1.546041,-0.831968
-1.545841,-0.831968
-1.545641,-0.767971
-1.545441,-0.831968
-1.545241,-0.831968
-1.545041,-0.831968
-1.544841,-0.831968
-1.544641,-0.831968
-1.544441,-0.831968
-1.544241,-0.799969
-1.544041,-0.799969
-1.543841,-0.895966
-1.543641,-0.831968
-1.543441,-0.799969
-1.543241,-0.863967
-1.543041,-0.831968
-1.542841,-0.863967
-1.542641,-0.831968
-1.542441,-0.831968
-1.542241,-0.831968
-1.542041,-0.831968
-1.541841,-0.863967
-1.541641,-0.831968
-1.541441,-0.831968
-1.541241,-0.863967
-1.541041,-0.799969
-1.540841,-0.863967
-1.540641,-0.863967
-1.540441,-0.831968
-1.540241,-0.831968
-1.540041,-0.831968
-1.539841,-0.799969
-1.539641,-0.799969
-1.539441,-0.831968
-1.539241,-0.831968
-1.539041,-0.831968
-1.538841,-0.799969
-1.538641,-0.799969
-1.538441,-0.863967
-1.538241,-0.799969
-1.538041,-0.831968
-1.537841,-0.831968
-1.537641,-0.831968
-1.537441,-0.863967
-1.537241,-0.863967
-1.537041,-0.831968
-1.536841,-0.831968
-1.536641,-0.895966
-1.536441,-0.863967
-1.536241,-0.831968
-1.536041,-0.863967
-1.535841,-0.863967
-1.535641,-0.863967
-1.535441,-0.895966
-1.535241,-0.895966
-1.535041,-0.831968
-1.534841,-0.863967
-1.534641,-0.863967
-1.534441,-0.831968
-1.534241,-0.863967
-1.534041,-0.831968
-1.533841,-0.863967
-1.533641,-0.831968
-1.533441,-0.831968
-1.533241,-0.863967
-1.533041,-0.863967
-1.532841,-0.863967
-1.532641,-0.831968
-1.532441,-0.895966
-1.532241,-0.831968
-1.532041,-0.799969
-1.531841,-0.863967
-1.531641,-0.863967
-1.531441,-0.863967
-1.531241,-0.863967
-1.531041,-0.863967
-1.530841,-0.863967
-1.530641,-0.831968
-1.530441,-0.863967
-1.530241,-0.863967
-1.530041,-0.831968
-1.529841,-0.863967
-1.529641,-0.799969
-1.529441,-0.863967
-1.529241,-0.863967
-1.529041,-0.831968
-1.528841,-0.831968
-1.528641,-0.831968
-1.528441,-0.863967
-1.528241,-0.895966
-1.528041,-0.831968
-1.527841,-0.863967
-1.527641,-0.831968
-1.527441,-0.831968
-1.527241,-0.863967
-1.527041,-0.831968
-1.526841,-0.831968
-1.526641,-0.831968
-1.526441,-0.831968
-1.526241,-0.831968
-1.526041,-0.831968
-1.525841,-0.831968
-1.525641,-0.831968
-1.525441,-0.799969
-1.525241,-0.831968
-1.525041,-0.831968
-1.524841,-0.831968
-1.524641,-0.863967
-1.524441,-0.831968
-1.524241,-0.799969
-1.524041,-0.831968
-1.523841,-0.831968
-1.523641,-0.831968
-1.523441,-0.831968
-1.523241,-0.863967
-1.523041,-0.799969
-1.522841,-0.799969
-1.522641,-0.831968
-1.522441,-0.767971
-1.522241,-0.799969
-1.522041,-0.831968
-1.521841,-0.799969
-1.521641,-0.799969
-1.521441,-0.799969
-1.521241,-0.831968
-1.521041,-0.799969
-1.520841,-0.767971
-1.520641,-0.799969
-1.520441,-0.799969
-1.520241,-0.831968
-1.520041,-0.767971
-1.519841,-0.831968
-1.519641,-0.767971
-1.519441,-0.767971
-1.519241,-0.799969
-1.519041,-0.831968
-1.518841,-0.799969
-1.518641,-0.767971
-1.518441,-0.799969
-1.518241,-0.767971
-1.518041,-0.831968
-1.517841,-0.767971
-1.517641,-0.767971
-1.517441,-0.767971
-1.517241,-0.799969
-1.517041,-0.767971
-1.516841,-0.735972
-1.516641,-0.767971
-1.516441,-0.767971
-1.516241,-0.767971
-1.516041,-0.767971
-1.515841,-0.767971
-1.515641,-0.735972
-1.515441,-0.767971
-1.515241,-0.799969
-1.515041,-0.735972
-1.514841,-0.799969
-1.514641,-0.735972
-1.514441,-0.767971
-1.514241,-0.767971
-1.514041,-0.735972
-1.513841,-0.735972
-1.513641,-0.767971
-1.513441,-0.767971
-1.513241,-0.767971
-1.513041,-0.735972
-1.512841,-0.767971
-1.512641,-0.799969
-1.512441,-0.735972
-1.512241,-0.767971
-1.512041,-0.767971
-1.511841,-0.703973
-1.511641,-0.703973
-1.511441,-0.767971
-1.511241,-0.735972
-1.511041,-0.767971
-1.510841,-0.767971
-1.510641,-0.735972
-1.510441,-0.703973
-1.510241,-0.703973
-1.510041,-0.735972
-1.509841,-0.671974
-1.509641,-0.735972
-1.509441,-0.703973
-1.509241,-0.767971
-1.509041,-0.767971
-1.508841,-0.767971
-1.508641,-0.703973
-1.508441,-0.735972
-1.508241,-0.735972
-1.508041,-0.703973
-1.507841,-0.735972
-1.507641,-0.703973
-1.507441,-0.703973
-1.507241,-0.703973
-1.507041,-0.703973
-1.506841,-0.703973
-1.506641,-0.703973
-1.506441,-0.703973
-1.506241,-0.703973
-1.506041,-0.735972
-1.505841,-0.671974
-1.505641,-0.671974
-1.505441,-0.671974
-1.505241,-0.671974
-1.505041,-0.703973
-1.504841,-0.671974
-1.504641,-0.671974
-1.504441,-0.735972
-1.504241,-0.703973
-1.504041,-0.671974
-1.503841,-0.671974
-1.503641,-0.671974
-1.503441,-0.671974
-1.503241,-0.703973
-1.503041,-0.703973
-1.502841,-0.671974
-1.502641,-0.639975
-1.502441,-0.671974
-1.502241,-0.671974
-1.502041,-0.671974
-1.501841,-0.639975
-1.501641,-0.671974
-1.501441,-0.671974
-1.501241,-0.639975
-1.501041,-0.671974
-1.500841,-0.639975
-1.500641,-0.671974
-1.500441,-0.671974
-1.500241,-0.639975
-1.500041,-0.607977
-1.499841,-0.671974
-1.499641,-0.639975
-1.499441,-0.639975
-1.499241,-0.671974
-1.499041,-0.639975
-1.498841,-0.607977
-1.498641,-0.607977
-1.498441,-0.639975
-1.498241,-0.607977
-1.498041,-0.607977
-1.497841,-0.575978
-1.497641,-0.607977
-1.497441,-0.607977
-1.497241,-0.639975
-1.497041,-0.543979
-1.496841,-0.639975
-1.496641,-0.607977
-1.496441,-0.607977
-1.496241,-0.575978
-1.496041,-0.575978
-1.495841,-0.543979
-1.495641,-0.607977
-1.495441,-0.543979
-1.495241,-0.575978
-1.495041,-0.575978
-1.494841,-0.575978
-1.494641,-0.51198
-1.494441,-0.543979
-1.494241,-0.543979
-1.494041,-0.543979
-1.493841,-0.543979
-1.493641,-0.575978
-1.493441,-0.543979
-1.493241,-0.575978
-1.493041,-0.51198
-1.492841,-0.51198
-1.492641,-0.543979
-1.492441,-0.51198
-1.492241,-0.479982
-1.492041,-0.51198
-1.491841,-0.51198
-1.491641,-0.479982
-1.491441,-0.51198
-1.491241,-0.51198
-1.491041,-0.479982
-1.490841,-0.479982
-1.490641,-0.51198
-1.490441,-0.479982
-1.490241,-0.479982
-1.490041,-0.479982
-1.489841,-0.447983
-1.489641,-0.479982
-1.489441,-0.447983
-1.489241,-0.415984
-1.489041,-0.447983
-1.488841,-0.447983
-1.488641,-0.415984
-1.488441,-0.447983
-1.488241,-0.447983
-1.488041,-0.415984
-1.487841,-0.479982
-1.487641,-0.447983
-1.487441,-0.415984
-1.487241,-0.447983
-1.487041,-0.415984
-1.486841,-0.383985
-1.486641,-0.447983
-1.486441,-0.415984
-1.486241,-0.415984
-1.486041,-0.479982
-1.485841,-0.383985
-1.485641,-0.383985
-1.485441,-0.415984
-1.485241,-0.383985
-1.485041,-0.383985
-1.484841,-0.383985
-1.484641,-0.383985
-1.484441,-0.383985
-1.484241,-0.415984
-1.484041,-0.351986
-1.483841,-0.351986
-1.483641,-0.383985
-1.483441,-0.351986
-1.483241,-0.319988
-1.483041,-0.351986
-1.482841,-0.383985
-1.482641,-0.319988
-1.482441,-0.383985
-1.482241,-0.351986
-1.482041,-0.351986
-1.481841,-0.319988
-1.481641,-0.351986
-1.481441,-0.319988
-1.481241,-0.319988
-1.481041,-0.319988
-1.480841,-0.287989
-1.480641,-0.319988
-1.480441,-0.287989
-1.480241,-0.287989
-1.480041,-0.287989
-1.479841,-0.319988
-1.479641,-0.287989
-1.479441,-0.287989
-1.479241,-0.287989
-1.479041,-0.287989
-1.478841,-0.25599
-1.478641,-0.25599
-1.478441,-0.287989
-1.478241,-0.287989
-1.478041,-0.287989
-1.477841,-0.25599
-1.477641,-0.25599
-1.477441,-0.191993
-1.477241,-0.223991
-1.477041,-0.25599
-1.476841,-0.223991
-1.476641,-0.223991
-1.476441,-0.25599
-1.476241,-0.25599
-1.476041,-0.223991
-1.475841,-0.223991
-1.475641,-0.191993
-1.475441,-0.191993
-1.475241,-0.191993
-1.475041,-0.159994
-1.474841,-0.223991
-1.474641,-0.191993
-1.474441,-0.159994
-1.474241,-0.223991
-1.474041,-0.159994
-1.473841,-0.159994
-1.473641,-0.191993
-1.473441,-0.159994
-1.473241,-0.191993
-1.473041,-0.159994
-1.472841,-0.127995
-1.472641,-0.127995
-1.472441,-0.159994
-1.472241,-0.159994
-1.472041,-0.159994
-1.471841,-0.159994
-1.471641,-0.127995
-1.471441,-0.127995
-1.471241,-0.127995
-1.471041,-0.0959963
-1.470841,-0.127995
-1.470641,-0.127995
-1.470441,-0.0319988
-1.470241,-0.0639975
-1.470041,-0.0959963
-1.469841,-0.127995
-1.469641,-0.0959963
-1.469441,-0.0639975
-1.469241,-0.0319988
-1.469041,-0.0959963
-1.468841,-0.0319988
-1.468641,-0.0959963
-1.468441,0
-1.468241,-0.0959963
-1.468041,-0.0639975
-1.467841,-0.0319988
-1.467641,0
-1.467441,0
-1.467241,0
-1.467041,0
-1.466841,-0.0319988
-1.466641,0.0319988
-1.466441,-0.0319988
-1.466241,0.0319988
-1.466041,0
-1.465841,0
-1.465641,0.0319988
-1.465441,0
-1.465241,0.0639975
-1.465041,0.0319988
-1.464841,0.0319988
-1.464641,0
-1.464441,0.0639975
-1.464241,0.0319988
-1.464041,0.0319988
-1.463841,0.0959963
-1.463641,0.0959963
-1.463441,0.127995
-1.463241,0.127995
-1.463041,0.0959963
-1.462841,0.0639975
-1.462641,0.0959963
-1.462441,0.0959963
-1.462241,0.0959963
-1.462041,0.127995
-1.461841,0.0959963
-1.461641,0.127995
-1.461441,0.127995
-1.461241,0.127995
-1.461041,0.159994
-1.460841,0.159994
-1.460641,0.127995
-1.460441,0.127995
-1.460241,0.127995
-1.460041,0.127995
-1.459841,0.159994
-1.459641,0.191993
-1.459441,0.191993
-1.459241,0.159994
-1.459041,0.159994
-1.458841,0.191993
-1.458641,0.159994
-1.458441,0.127995
-1.458241,0.191993
-1.458041,0.223991
-1.457841,0.25599
-1.457641,0.223991
-1.457441,0.223991
-1.457241,0.25599
-1.457041,0.223991
-1.456841,0.191993
-1.456641,0.223991
-1.456441,0.223991
-1.456241,0.25599
-1.456041,0.287989
-1.455841,0.25599
-1.455641,0.287989
-1.455441,0.319988
-1.455241,0.319988
-1.455041,0.287989
-1.454841,0.287989
-1.454641,0.287989
-1.454441,0.287989
-1.454241,0.319988
-1.454041,0.287989
-1.453841,0.319988
-1.453641,0.351986
-1.453441,0.319988
-1.453241,0.287989
-1.453041,0.351986
-1.452841,0.319988
-1.452641,0.383985
-1.452441,0.383985
-1.452241,0.351986
-1.452041,0.383985
-1.451841,0.415984
-1.451641,0.383985
-1.451441,0.383985
-1.451241,0.383985
-1.451041,0.383985
-1.450841,0.383985
-1.450641,0.383985
-1.450441,0.415984
-1.450241,0.415984
-1.450041,0.447983
-1.449841,0.415984
-1.449641,0.415984
-1.449441,0.447983
-1.449241,0.415984
-1.449041,0.415984
-1.448841,0.479982
-1.448641,0.415984
-1.448441,0.415984
-1.448241,0.51198
-1.448041,0.479982
-1.447841,0.479982
-1.447641,0.479982
-1.447441,0.479982
-1.447241,0.447983
-1.447041,0.51198
-1.446841,0.51198
-1.446641,0.479982
-1.446441,0.543979
-1.446241,0.575978
-1.446041,0.51198
-1.445841,0.51198
-1.445641,0.575978
-1.445441,0.543979
-1.445241,0.543979
-1.445041,0.575978
-1.444841,0.51198
-1.444641,0.543979
-1.444441,0.607977
-1.444241,0.575978
-1.444041,0.607977
-1.443841,0.639975
-1.443641,0.575978
-1.443441,0.575978
-1.443241,0.607977
-1.443041,0.575978
-1.442841,0.607977
-1.442641,0.639975
-1.442441,0.575978
-1.442241,0.607977
-1.442041,0.639975
-1.441841,0.639975
-1.441641,0.671974
-1.441441,0.671974
-1.441241,0.639975
-1.441041,0.671974
-1.440841,0.671974
-1.440641,0.607977
-1.440441,0.639975
-1.440241,0.671974
-1.440041,0.671974
-1.439841,0.639975
-1.439641,0.703973
-1.439441,0.671974
-1.439241,0.671974
-1.439041,0.703973
-1.438841,0.671974
-1.438641,0.703973
-1.438441,0.671974
-1.438241,0.671974
-1.438041,0.703973
-1.437841,0.735972
-1.437641,0.703973
-1.437441,0.639975
-1.437241,0.735972
-1.437041,0.703973
-1.436841,0.671974
-1.436641,0.767971
-1.436441,0.703973
-1.436241,0.735972
-1.436041,0.767971
-1.435841,0.735972
-1.435641,0.735972
-1.435441,0.735972
-1.435241,0.703973
-1.435041,0.735972
-1.434841,0.767971
-1.434641,0.735972
-1.434441,0.735972
-1.434241,0.831968
-1.434041,0.735972
-1.433841,0.767971
-1.433641,0.831968
-1.433441,0.767971
-1.433241,0.767971
-1.433041,0.767971
-1.432841,0.799969
-1.432641,0.799969
-1.432441,0.831968
-1.432241,0.767971
-1.432041,0.831968
-1.431841,0.831968
-1.431641,0.831968
-1.431441,0.831968
-1.431241,0.895966
-1.431041,0.863967
-1.430841,0.863967
-1.430641,0.895966
-1.430441,0.863967
-1.430241,0.895966
-1.430041,0.863967
-1.429841,0.863967
-1.429641,0.863967
-1.429441,0.895966
-1.429241,0.895966
-1.429041,0.863967
-1.428841,0.927964
-1.428641,0.863967
-1.428441,0.927964
-1.428241,0.895966
-1.428041,0.895966
-1.427841,0.895966
-1.427641,0.895966
-1.427441,0.927964
-1.427241,0.927964
-1.427041,0.927964
-1.426841,0.959963
-1.426641,0.959963
-1.426441,0.959963
-1.426241,0.959963
-1.426041,0.959963
-1.425841,0.991962
-1.425641,0.959963
-1.425441,1.02396
-1.425241,0.991962
-1.425041,0.991962
-1.424841,1.02396
-1.424641,1.02396
-1.424441,1.02396
-1.424241,0.991962
-1.424041,0.991962
-1.423841,1.02396
-1.423641,1.05596
-1.423441,1.02396
-1.423241,1.05596
-1.423041,0.991962
-1.422841,1.05596
-1.422641,1.05596
-1.422441,1.08796
-1.422241,1.05596
-1.422041,1.05596
-1.421841,1.05596
-1.421641,1.08796
-1.421441,1.05596
-1.421241,1.11996
-1.421041,1.08796
-1.420841,1.08796
-1.420641,1.11996
-1.420441,1.11996
-1.420241,1.11996
-1.420041,1.11996
-1.419841,1.11996
-1.419641,1.11996
-1.419441,1.08796
-1.419241,1.11996
-1.419041,1.11996
-1.418841,1.15196
-1.418641,1.21595
-1.418441,1.15196
-1.418241,1.18395
-1.418041,1.18395
-1.417841,1.18395
-1.417641,1.15196
-1.417441,1.18395
-1.417241,1.18395
-1.417041,1.24795
-1.416841,1.24795
-1.416641,1.24795
-1.416441,1.18395
-1.416241,1.21595
-1.416041,1.21595
-1.415841,1.24795
-1.415641,1.21595
-1.415441,1.24795
-1.415241,1.21595
-1.415041,1.27995
-1.414841,1.24795
-1.414641,1.27995
-1.414441,1.31195
-1.414241,1.27995
-1.414041,1.27995
-1.413841,1.24795
-1.413641,1.27995
-1.413441,1.27995
-1.413241,1.31195
-1.413041,1.27995
-1.412841,1.31195
-1.412641,1.27995
-1.412441,1.31195
-1.412241,1.27995
-1.412041,1.31195
-1.411841,1.31195
-1.411641,1.34395
-1.411441,1.31195
-1.411241,1.31195
-1.411041,1.31195
-1.410841,1.34395
-1.410641,1.34395
-1.410441,1.37595
-1.410241,1.37595
-1.410041,1.34395
-1.409841,1.34395
-1.409641,1.37595
-1.409441,1.37595
-1.409241,1.37595
-1.409041,1.37595
-1.408841,1.37595
-1.408641,1.37595
-1.408441,1.37595
-1.408241,1.37595
-1.408041,1.40795
-1.407841,1.43994
-1.407641,1.37595
-1.407441,1.40795
-1.407241,1.43994
-1.407041,1.37595
-1.406841,1.43994
-1.406641,1.50394
-1.406441,1.40795
-1.406241,1.50394
-1.406041,1.43994
-1.405841,1.40795
-1.405641,1.40795
-1.405441,1.47194
-1.405241,1.43994
-1.405041,1.50394
-1.404841,1.47194
-1.404641,1.50394
-1.404441,1.47194
-1.404241,1.47194
-1.404041,1.40795
-1.403841,1.47194
-1.403641,1.47194
-1.403441,1.53594
-1.403241,1.47194
-1.403041,1.53594
-1.402841,1.50394
-1.402641,1.50394
-1.402441,1.50394
-1.402241,1.53594
-1.402041,1.50394
-1.401841,1.53594
-1.401641,1.53594
-1.401441,1.50394
-1.401241,1.53594
-1.401041,1.53594
-1.400841,1.56794
-1.400641,1.56794
-1.400441,1.53594
-1.400241,1.53594
-1.400041,1.56794
-1.399841,1.53594
-1.399641,1.53594
-1.399441,1.56794
-1.399241,1.53594
-1.399041,1.59994
-1.398841,1.56794
-1.398641,1.59994
-1.398441,1.53594
-1.398241,1.56794
-1.398041,1.56794
-1.397841,1.56794
-1.397641,1.59994
-1.397441,1.59994
-1.397241,1.56794
-1.397041,1.56794
-1.396841,1.53594
-1.396641,1.59994
-1.396441,1.56794
-1.396241,1.59994
-1.396041,1.59994
-1.395841,1.59994
-1.395641,1.59994
-1.395441,1.59994
-1.395241,1.63194
-1.395041,1.56794
-1.394841,1.59994
-1.394641,1.63194
-1.394441,1.63194
-1.394241,1.59994
-1.394041,1.63194
-1.393841,1.59994
-1.393641,1.59994
-1.393441,1.66394
-1.393241,1.66394
-1.393041,1.66394
-1.392841,1.63194
-1.392641,1.66394
-1.392441,1.66394
-1.392241,1.66394
-1.392041,1.69593
-1.391841,1.66394
-1.391641,1.66394
-1.391441,1.69593
-1.391241,1.66394
-1.391041,1.69593
-1.390841,1.69593
-1.390641,1.69593
-1.390441,1.69593
-1.390241,1.69593
-1.390041,1.66394
-1.389841,1.69593
-1.389641,1.72793
-1.389441,1.69593
-1.389241,1.72793
-1.389041,1.69593
-1.388841,1.66394
-1.388641,1.69593
-1.388441,1.72793
-1.388241,1.72793
-1.388041,1.69593
-1.387841,1.72793
-1.387641,1.69593
-1.387441,1.72793
-1.387241,1.69593
-1.387041,1.69593
-1.386841,1.69593
-1.386641,1.69593
-1.386441,1.72793
-1.386241,1.69593
-1.386041,1.72793
-1.385841,1.69593
-1.385641,1.75993
-1.385441,1.72793
-1.385241,1.75993
-1.385041,1.79193
-1.384841,1.75993
-1.384641,1.66394
-1.384441,1.82393
-1.384241,1.72793
-1.384041,1.75993
-1.383841,1.72793
-1.383641,1.75993
-1.383441,1.82393
-1.383241,1.79193
-1.383041,1.79193
-1.382841,1.72793
-1.382641,1.75993
-1.382441,1.75993
-1.382241,1.75993
-1.382041,1.75993
-1.381841,1.75993
-1.381641,1.82393
-1.381441,1.79193
-1.381241,1.75993
-1.381041,1.79193
-1.380841,1.75993
-1.380641,1.75993
-1.380441,1.79193
-1.380241,1.79193
-1.380041,1.72793
-1.379841,1.79193
-1.379641,1.75993
-1.379441,1.79193
-1.379241,1.79193
-1.379041,1.79193
-1.378841,1.75993
-1.378641,1.79193
-1.378441,1.75993
-1.378241,1.75993
-1.378041,1.82393
-1.377841,1.79193
-1.377641,1.79193
-1.377441,1.79193
-1.377241,1.82393
-1.377041,1.82393
-1.376841,1.79193
-1.376641,1.79193
-1.376441,1.79193
-1.376241,1.85593
-1.376041,1.82393
-1.375841,1.82393
-1.375641,1.82393
-1.375441,1.82393
-1.375241,1.82393
-1.375041,1.79193
-1.374841,1.82393
-1.374641,1.82393
-1.374441,1.82393
-1.374241,1.79193
-1.374041,1.79193
-1.373841,1.79193
-1.373641,1.79193
-1.373441,1.85593
-1.373241,1.79193
-1.373041,1.82393
-1.372841,1.79193
-1.372641,1.82393
-1.372441,1.82393
-1.372241,1.79193
-1.372041,1.85593
-1.371841,1.79193
-1.371641,1.82393
-1.371441,1.79193
-1.371241,1.82393
-1.371041,1.82393
-1.370841,1.75993
-1.370641,1.79193
-1.370441,1.82393
-1.370241,1.82393
-1.370041,1.85593
-1.369841,1.82393
-1.369641,1.82393
-1.369441,1.82393
-1.369241,1.79193
-1.369041,1.79193
-1.368841,1.82393
-1.368641,1.75993
-1.368441,1.82393
-1.368241,1.85593
-1.368041,1.79193
-1.367841,1.82393
-1.367641,1.82393
-1.367441,1.82393
-1.367241,1.79193
-1.367041,1.85593
-1.366841,1.82393
-1.366641,1.85593
-1.366441,1.82393
-1.366241,1.82393
-1.366041,1.85593
-1.365841,1.85593
-1.365641,1.79193
-1.365441,1.82393
-1.365241,1.85593
-1.365041,1.79193
-1.364841,1.79193
-1.364641,1.82393
-1.364441,1.75993
-1.364241,1.79193
-1.364041,1.82393
-1.363841,1.82393
-1.363641,1.75993
-1.363441,1.85593
-1.363241,1.85593
-1.363041,1.79193
-1.362841,1.79193
-1.362641,1.85593
-1.362441,1.79193
-1.362241,1.79193
-1.362041,1.75993
-1.361841,1.79193
-1.361641,1.82393
-1.361441,1.79193
-1.361241,1.82393
-1.361041,1.79193
-1.360841,1.75993
-1.360641,1.75993
-1.360441,1.82393
-1.360241,1.82393
-1.360041,1.79193
-1.359841,1.75993
-1.359641,1.79193
-1.359441,1.79193
-1.359241,1.75993
-1.359041,1.79193
-1.358841,1.79193
-1.358641,1.75993
-1.358441,1.72793
-1.358241,1.79193
-1.358041,1.79193
-1.357841,1.79193
-1.357641,1.75993
-1.357441,1.75993
-1.357241,1.79193
-1.357041,1.79193
-1.356841,1.82393
-1.356641,1.79193
-1.356441,1.75993
-1.356241,1.72793
-1.356041,1.79193
-1.355841,1.79193
-1.355641,1.79193
-1.355441,1.79193
-1.355241,1.75993
-1.355041,1.82393
-1.354841,1.75993
-1.354641,1.75993
-1.354441,1.72793
-1.354241,1.79193
-1.354041,1.79193
-1.353841,1.79193
-1.353641,1.72793
-1.353441,1.75993
-1.353241,1.75993
-1.353041,1.75993
-1.352841,1.72793
-1.352641,1.72793
-1.352441,1.75993
-1.352241,1.75993
-1.352041,1.72793
-1.351841,1.69593
-1.351641,1.75993
-1.351441,1.69593
-1.351241,1.75993
-1.351041,1.72793
-1.350841,1.75993
-1.350641,1.79193
-1.350441,1.69593
-1.350241,1.75993
-1.350041,1.69593
-1.349841,1.72793
-1.349641,1.75993
-1.349441,1.72793
-1.349241,1.69593
-1.349041,1.69593
-1.348841,1.69593
-1.348641,1.66394
-1.348441,1.69593
-1.348241,1.69593
-1.348041,1.66394
-1.347841,1.69593
-1.347641,1.69593
-1.347441,1.69593
-1.347241,1.72793
-1.347041,1.69593
-1.346841,1.72793
-1.346641,1.66394
-1.346441,1.66394
-1.346241,1.66394
-1.346041,1.66394
-1.345841,1.69593
-1.345641,1.66394
-1.345441,1.69593
-1.345241,1.66394
-1.345041,1.66394
-1.344841,1.66394
-1.344641,1.69593
-1.344441,1.66394
-1.344241,1.63194
-1.344041,1.66394
-1.343841,1.63194
-1.343641,1.66394
-1.343441,1.69593
-1.343241,1.63194
-1.343041,1.66394
-1.342841,1.63194
-1.342641,1.63194
-1.342441,1.66394
-1.342241,1.63194
-1.342041,1.63194
-1.341841,1.63194
-1.341641,1.59994
-1.341441,1.56794
-1.341241,1.63194
-1.341041,1.63194
-1.340841,1.59994
-1.340641,1.63194
-1.340441,1.63194
-1.340241,1.59994
-1.340041,1.59994
-1.339841,1.56794
-1.339641,1.56794
-1.339441,1.59994
-1.339241,1.59994
-1.339041,1.56794
-1.338841,1.59994
-1.338641,1.59994
-1.338441,1.56794
-1.338241,1.59994
-1.338041,1.56794
-1.337841,1.56794
-1.337641,1.56794
-1.337441,1.53594
-1.337241,1.53594
-1.337041,1.56794
-1.336841,1.56794
-1.336641,1.53594
-1.336441,1.53594
-1.336241,1.50394
-1.336041,1.50394
-1.335841,1.59994
-1.335641,1.47194
-1.335441,1.50394
-1.335241,1.50394
-1.335041,1.50394
-1.334841,1.50394
-1.334641,1.50394
-1.334441,1.47194
-1.334241,1.47194
-1.334041,1.50394
-1.333841,1.47194
-1.333641,1.47194
-1.333441,1.47194
-1.333241,1.40795
-1.333041,1.43994
-1.332841,1.47194
-1.332641,1.43994
-1.332441,1.43994
-1.332241,1.47194
-1.332041,1.40795
-1.331841,1.40795
-1.331641,1.43994
-1.331441,1.40795
-1.331241,1.40795
-1.331041,1.40795
-1.330841,1.37595
-1.330641,1.37595
-1.330441,1.43994
-1.330241,1.40795
-1.330041,1.37595
-1.329841,1.37595
-1.329641,1.37595
-1.329441,1.40795
-1.329241,1.37595
-1.329041,1.31195
-1.328841,1.34395
-1.328641,1.37595
-1.328441,1.31195
-1.328241,1.34395
-1.328041,1.34395
-1.327841,1.31195
-1.327641,1.34395
-1.327441,1.34395
-1.327241,1.31195
-1.327041,1.31195
-1.326841,1.34395
-1.326641,1.31195
-1.326441,1.31195
-1.326241,1.27995
-1.326041,1.31195
-1.325841,1.31195
-1.325641,1.34395
-1.325441,1.27995
-1.325241,1.27995
-1.325041,1.27995
-1.324841,1.24795
-1.324641,1.21595
-1.324441,1.27995
-1.324241,1.24795
-1.324041,1.21595
-1.323841,1.21595
-1.323641,1.18395
-1.323441,1.24795
-1.323241,1.21595
-1.323041,1.18395
-1.322841,1.18395
-1.322641,1.18395
-1.322441,1.15196
-1.322241,1.15196
-1.322041,1.15196
-1.321841,1.15196
-1.321641,1.18395
-1.321441,1.15196
-1.321241,1.15196
-1.321041,1.11996
-1.320841,1.15196
-1.320641,1.11996
-1.320441,1.11996
-1.320241,1.11996
-1.320041,1.11996
-1.319841,1.11996
-1.319641,1.11996
-1.319441,1.15196
-1.319241,1.05596
-1.319041,1.11996
-1.318841,1.11996
-1.318641,1.11996
-1.318441,1.05596
-1.318241,1.05596
-1.318041,1.05596
-1.317841,1.05596
-1.317641,1.05596
-1.317441,1.05596
-1.317241,1.02396
-1.317041,0.959963
-1.316841,1.02396
-1.316641,1.02396
-1.316441,1.02396
-1.316241,0.991962
-1.316041,0.991962
-1.315841,1.02396
-1.315641,1.05596
-1.315441,1.05596
-1.315241,0.991962
-1.315041,0.959963
-1.314841,0.959963
-1.314641,0.991962
-1.314441,0.991962
-1.314241,0.959963
-1.314041,0.927964
-1.313841,0.991962
-1.313641,0.959963
-1.313441,0.927964
-1.313241,0.959963
-1.313041,0.927964
-1.312841,0.895966
-1.312641,0.927964
-1.312441,0.895966
-1.312241,0.927964
-1.312041,0.895966
-1.311841,0.895966
-1.311641,0.895966
-1.311441,0.863967
-1.311241,0.895966
-1.311041,0.863967
-1.310841,0.831968
-1.310641,0.895966
-1.310441,0.831968
-1.310241,0.831968
-1.310041,0.863967
-1.309841,0.863967
-1.309641,0.799969
-1.309441,0.863967
-1.309241,0.799969
-1.309041,0.767971
-1.308841,0.799969
-1.308641,0.831968
-1.308441,0.735972
-1.308241,0.863967
-1.308041,0.767971
-1.307841,0.799969
-1.307641,0.799969
-1.307441,0.767971
-1.307241,0.735972
-1.307041,0.767971
-1.306841,0.703973
-1.306641,0.767971
-1.306441,0.799969
-1.306241,0.703973
-1.306041,0.735972
-1.305841,0.767971
-1.305641,0.703973
-1.305441,0.703973
-1.305241,0.735972
-1.305041,0.671974
-1.304841,0.703973
-1.304641,0.735972
-1.304441,0.703973
-1.304241,0.735972
-1.304041,0.735972
-1.303841,0.607977
-1.303641,0.671974
-1.303441,0.671974
-1.303241,0.607977
-1.303041,0.607977
-1.302841,0.639975
-1.302641,0.639975
-1.302441,0.639975
-1.302241,0.639975
-1.302041,0.607977
-1.301841,0.575978
-1.301641,0.575978
-1.301441,0.543979
-1.301241,0.543979
-1.301041,0.607977
-1.300841,0.51198
-1.300641,0.543979
-1.300441,0.575978
-1.300241,0.543979
-1.300041,0.543979
-1.299841,0.543979
-1.299641,0.51198
-1.299441,0.51198
-1.299241,0.575978
-1.299041,0.479982
-1.298841,0.51198
-1.298641,0.543979
-1.298441,0.447983
-1.298241,0.51198
-1.298041,0.479982
-1.297841,0.51198
-1.297641,0.447983
-1.297441,0.447983
-1.297241,0.415984
-1.297041,0.447983
-1.296841,0.447983
-1.296641,0.415984
-1.296441,0.447983
-1.296241,0.415984
-1.296041,0.415984
-1.295841,0.383985
-1.295641,0.415984
-1.295441,0.383985
-1.295241,0.383985
-1.295041,0.383985
-1.294841,0.351986
-1.294641,0.415984
-1.294441,0.383985
-1.294241,0.383985
-1.294041,0.415984
-1.293841,0.319988
-1.293641,0.319988
-1.293441,0.351986
-1.293241,0.319988
-1.293041,0.319988
-1.292841,0.351986
-1.292641,0.319988
-1.292441,0.319988
-1.292241,0.351986
-1.292041,0.25599
-1.291841,0.25599
-1.291641,0.287989
-1.291441,0.25599
-1.291241,0.25599
-1.291041,0.287989
-1.290841,0.25599
-1.290641,0.287989
-1.290441,0.319988
-1.290241,0.223991
-1.290041,0.25599
-1.289841,0.223991
-1.289641,0.223991
-1.289441,0.223991
-1.289241,0.223991
-1.289041,0.223991
-1.288841,0.191993
-1.288641,0.223991
-1.288441,0.191993
-1.288241,0.191993
-1.288041,0.191993
-1.287841,0.127995
-1.287641,0.159994
-1.287441,0.191993
-1.287241,0.127995
-1.287041,0.127995
-1.286841,0.159994
-1.286641,0.159994
-1.286441,0.159994
-1.286241,0.127995
-1.286041,0.0959963
-1.285841,0.159994
-1.285641,0.0639975
-1.285441,0.0959963
-1.285241,0.127995
-1.285041,0.127995
-1.284841,0.127995
-1.284641,0.127995
-1.284441,0.127995
-1.284241,0.0959963
-1.284041,0.0959963
-1.283841,0.0959963
-1.283641,0.0639975
-1.283441,0.0959963
-1.283241,0.0959963
-1.283041,0.0639975
-1.282841,0.0959963
-1.282641,0.0639975
-1.282441,0.0959963
-1.282241,0.0319988
-1.282041,0.0959963
-1.281841,0
-1.281641,0
-1.281441,0.0319988
-1.281241,0.0319988
-1.281041,0.0319988
-1.280841,0.0319988
-1.280641,0.0639975
-1.280441,0.0319988
-1.280241,0.0319988
-1.280041,0
-1.279841,-0.0319988
-1.279641,0
-1.279441,0
-1.279241,-0.0319988
-1.279041,0
-1.278841,0.0319988
-1.278641,0
-1.278441,-0.0319988
-1.278241,-0.0319988
-1.278041,-0.0639975
-1.277841,-0.0639975
-1.277641,-0.0319988
-1.277441,-0.0639975
-1.277241,-0.0639975
-1.277041,-0.0639975
-1.276841,-0.127995
-1.276641,-0.0639975
-1.276441,-0.0959963
-1.276241,-0.0959963
-1.276041,-0.0959963
-1.275841,-0.0959963
-1.275641,-0.159994
-1.275441,-0.0959963
-1.275241,-0.127995
-1.275041,-0.159994
-1.274841,-0.127995
-1.274641,-0.127995
-1.274441,-0.159994
-1.274241,-0.159994
-1.274041,-0.159994
-1.273841,-0.191993
-1.273641,-0.191993
-1.273441,-0.159994
-1.273241,-0.159994
-1.273041,-0.191993
-1.272841,-0.159994
-1.272641,-0.191993
-1.272441,-0.191993
-1.272241,-0.191993
-1.272041,-0.25599
-1.271841,-0.25599
-1.271641,-0.191993
-1.271441,-0.25599
-1.271241,-0.25599
-1.271041,-0.191993
-1.270841,-0.25599
-1.270641,-0.191993
-1.270441,-0.223991
-1.270241,-0.223991
-1.270041,-0.25599
-1.269841,-0.25599
-1.269641,-0.25599
-1.269441,-0.287989
-1.269241,-0.25599
-1.269041,-0.25599
-1.268841,-0.287989
-1.268641,-0.287989
-1.268441,-0.25599
-1.268241,-0.319988
-1.268041,-0.287989
-1.267841,-0.351986
-1.267641,-0.383985
-1.267441,-0.351986
-1.267241,-0.287989
-1.267041,-0.319988
-1.266841,-0.351986
-1.266641,-0.319988
-1.266441,-0.351986
-1.266241,-0.319988
-1.266041,-0.319988
-1.265841,-0.351986
-1.265641,-0.351986
-1.265441,-0.351986
-1.265241,-0.383985
-1.265041,-0.351986
-1.264841,-0.351986
-1.264641,-0.383985
-1.264441,-0.415984
-1.264241,-0.351986
-1.264041,-0.383985
-1.263841,-0.383985
-1.263641,-0.351986
-1.263441,-0.415984
-1.263241,-0.351986
-1.263041,-0.351986
-1.262841,-0.415984
-1.262641,-0.383985
-1.262441,-0.415984
-1.262241,-0.447983
-1.262041,-0.447983
-1.261841,-0.383985
-1.261641,-0.415984
-1.261441,-0.383985
-1.261241,-0.415984
-1.261041,-0.447983
-1.260841,-0.51198
-1.260641,-0.415984
-1.260441,-0.479982
-1.260241,-0.447983
-1.260041,-0.447983
-1.259841,-0.479982
-1.259641,-0.447983
-1.259441,-0.415984
-1.259241,-0.447983
-1.259041,-0.447983
-1.258841,-0.479982
-1.258641,-0.51198
-1.258441,-0.447983
-1.258241,-0.479982
-1.258041,-0.51198
-1.257841,-0.479982
-1.257641,-0.479982
-1.257441,-0.51198
-1.257241,-0.447983
-1.257041,-0.479982
-1.256841,-0.479982
-1.256641,-0.479982
-1.256441,-0.479982
-1.256241,-0.51198
-1.256041,-0.479982
-1.255841,-0.51198
-1.255641,-0.51198
-1.255441,-0.51198
-1.255241,-0.51198
-1.255041,-0.543979
-1.254841,-0.543979
-1.254641,-0.479982
-1.254441,-0.51198
-1.254241,-0.51198
-1.254041,-0.479982
-1.253841,-0.543979
-1.253641,-0.51198
-1.253441,-0.543979
-1.253241,-0.479982
-1.253041,-0.575978
-1.252841,-0.51198
-1.252641,-0.543979
-1.252441,-0.543979
-1.252241,-0.575978
-1.252041,-0.575978
-1.251841,-0.575978
-1.251641,-0.575978
-1.251441,-0.575978
-1.251241,-0.575978
-1.251041,-0.543979
-1.250841,-0.607977
-1.250641,-0.543979
-1.250441,-0.607977
-1.250241,-0.607977
-1.250041,-0.607977
-1.249841,-0.575978
-1.249641,-0.575978
-1.249441,-0.575978
-1.249241,-0.607977
-1.249041,-0.575978
-1.248841,-0.639975
-1.248641,-0.575978
-1.248441,-0.607977
-1.248241,-0.607977
-1.248041,-0.575978
-1.247841,-0.607977
-1.247641,-0.639975
-1.247441,-0.607977
-1.247241,-0.607977
-1.247041,-0.607977
-1.246841,-0.607977
-1.246641,-0.639975
-1.246441,-0.639975
-1.246241,-0.671974
-1.246041,-0.575978
-1.245841,-0.607977
-1.245641,-0.671974
-1.245441,-0.639975
-1.245241,-0.639975
-1.245041,-0.575978
-1.244841,-0.607977
-1.244641,-0.639975
-1.244441,-0.607977
-1.244241,-0.607977
-1.244041,-0.607977
-1.243841,-0.607977
-1.243641,-0.639975
-1.243441,-0.607977
-1.243241,-0.639975
-1.243041,-0.671974
-1.242841,-0.607977
-1.242641,-0.639975
-1.242441,-0.639975
-1.242241,-0.639975
-1.242041,-0.639975
-1.241841,-0.607977
-1.241641,-0.607977
-1.241441,-0.639975
-1.241241,-0.639975
-1.241041,-0.671974
-1.240841,-0.639975
-1.240641,-0.639975
-1.240441,-0.671974
-1.240241,-0.607977
-1.240041,-0.639975
-1.239841,-0.639975
-1.239641,-0.639975
-1.239441,-0.639975
-1.239241,-0.639975
-1.239041,-0.639975
-1.238841,-0.671974
-1.238641,-0.639975
-1.238441,-0.639975
-1.238241,-0.639975
-1.238041,-0.639975
-1.237841,-0.639975
-1.237641,-0.671974
-1.237441,-0.639975
-1.237241,-0.671974
-1.237041,-0.639975
-1.236841,-0.671974
-1.236641,-0.639975
-1.236441,-0.703973
-1.236241,-0.671974
-1.236041,-0.703973
-1.235841,-0.607977
-1.235641,-0.671974
-1.235441,-0.671974
-1.235241,-0.639975
-1.235041,-0.639975
-1.234841,-0.671974
-1.234641,-0.671974
-1.234441,-0.671974
-1.234241,-0.607977
-1.234041,-0.671974
-1.233841,-0.671974
-1.233641,-0.671974
-1.233441,-0.639975
-1.233241,-0.639975
-1.233041,-0.639975
-1.232841,-0.703973
-1.232641,-0.671974
-1.232441,-0.671974
-1.232241,-0.639975
-1.232041,-0.671974
-1.231841,-0.703973
-1.231641,-0.703973
-1.231441,-0.639975
-1.231241,-0.703973
-1.231041,-0.703973
-1.230841,-0.639975
-1.230641,-0.671974
-1.230441,-0.671974
-1.230241,-0.671974
-1.230041,-0.703973
-1.229841,-0.703973
-1.229641,-0.671974
-1.229441,-0.703973
-1.229241,-0.671974
-1.229041,-0.703973
-1.228841,-0.703973
-1.228641,-0.671974
-1.228441,-0.703973
-1.228241,-0.703973
-1.228041,-0.703973
-1.227841,-0.703973
-1.227641,-0.735972
-1.227441,-0.767971
-1.227241,-0.703973
-1.227041,-0.703973
-1.226841,-0.735972
-1.226641,-0.703973
-1.226441,-0.735972
-1.226241,-0.735972
-1.226041,-0.703973
-1.225841,-0.703973
-1.225641,-0.703973
-1.225441,-0.703973
-1.225241,-0.767971
-1.225041,-0.735972
-1.224841,-0.703973
-1.224641,-0.735972
-1.224441,-0.735972
-1.224241,-0.735972
-1.224041,-0.767971
-1.223841,-0.703973
-1.223641,-0.735972
-1.223441,-0.735972
-1.223241,-0.735972
-1.223041,-0.703973
-1.222841,-0.703973
-1.222641,-0.735972
-1.222441,-0.735972
-1.222241,-0.735972
-1.222041,-0.735972
-1.221841,-0.735972
-1.221641,-0.735972
-1.221441,-0.735972
-1.221241,-0.703973
-1.221041,-0.735972
-1.220841,-0.735972
-1.220641,-0.735972
-1.220441,-0.735972
-1.220241,-0.735972
-1.220041,-0.703973
-1.219841,-0.671974
-1.219641,-0.767971
-1.219441,-0.735972
-1.219241,-0.735972
-1.219041,-0.703973
-1.218841,-0.703973
-1.218641,-0.735972
-1.218441,-0.703973
-1.218241,-0.703973
-1.218041,-0.735972
-1.217841,-0.767971
-1.217641,-0.703973
-1.217441,-0.735972
-1.217241,-0.767971
-1.217041,-0.703973
-1.216841,-0.703973
-1.216641,-0.735972
-1.216441,-0.671974
-1.216241,-0.735972
-1.216041,-0.735972
-1.215841,-0.703973
-1.215641,-0.703973
-1.215441,-0.735972
-1.215241,-0.703973
-1.215041,-0.735972
-1.214841,-0.735972
-1.214641,-0.703973
-1.214441,-0.735972
-1.214241,-0.735972
-1.214041,-0.735972
-1.213841,-0.767971
-1.213641,-0.735972
-1.213441,-0.703973
-1.213241,-0.735972
-1.213041,-0.735972
-1.212841,-0.735972
-1.212641,-0.735972
-1.212441,-0.735972
-1.212241,-0.735972
-1.212041,-0.703973
-1.211841,-0.735972
-1.211641,-0.735972
-1.211441,-0.735972
-1.211241,-0.735972
-1.211041,-0.703973
-1.210841,-0.767971
-1.210641,-0.767971
-1.210441,-0.735972
-1.210241,-0.703973
-1.210041,-0.735972
-1.209841,-0.735972
-1.209641,-0.703973
-1.209441,-0.735972
-1.209241,-0.703973
-1.209041,-0.767971
-1.208841,-0.735972
-1.208641,-0.767971
-1.208441,-0.767971
-1.208241,-0.735972
-1.208041,-0.735972
-1.207841,-0.735972
-1.207641,-0.703973
-1.207441,-0.703973
-1.207241,-0.703973
-1.207041,-0.735972
-1.206841,-0.767971
-1.206641,-0.767971
-1.206441,-0.703973
-1.206241,-0.735972
-1.206041,-0.703973
-1.205841,-0.735972
-1.205641,-0.735972
-1.205441,-0.735972
-1.205241,-0.767971
-1.205041,-0.703973
-1.204841,-0.735972
-1.204641,-0.767971
-1.204441,-0.703973
-1.204241,-0.671974
-1.204041,-0.671974
-1.203841,-0.703973
-1.203641,-0.735972
-1.203441,-0.703973
-1.203241,-0.735972
-1.203041,-0.735972
-1.202841,-0.767971
-1.202641,-0.703973
-1.202441,-0.703973
-1.202241,-0.703973
-1.202041,-0.703973
-1.201841,-0.735972
-1.201641,-0.703973
-1.201441,-0.735972
-1.201241,-0.703973
-1.201041,-0.703973
-1.200841,-0.671974
-1.200641,-0.735972
-1.200441,-0.767971
-1.200241,-0.703973
-1.200041,-0.703973
-1.199841,-0.703973
-1.199641,-0.735972
-1.199441,-0.671974
-1.199241,-0.735972
-1.199041,-0.703973
-1.198841,-0.703973
-1.198641,-0.735972
-1.198441,-0.703973
-1.198241,-0.703973
-1.198041,-0.735972
-1.197841,-0.671974
-1.197641,-0.703973
-1.197441,-0.703973
-1.197241,-0.671974
-1.197041,-0.735972
-1.196841,-0.735972
-1.196641,-0.703973
-1.196441,-0.671974
-1.196241,-0.735972
-1.196041,-0.735972
-1.195841,-0.703973
-1.195641,-0.735972
-1.195441,-0.703973
-1.195241,-0.671974
-1.195041,-0.671974
-1.194841,-0.703973
-1.194641,-0.735972
-1.194441,-0.703973
-1.194241,-0.671974
-1.194041,-0.671974
-1.193841,-0.703973
-1.193641,-0.671974
-1.193441,-0.671974
-1.193241,-0.671974
-1.193041,-0.671974
-1.192841,-0.671974
-1.192641,-0.639975
-1.192441,-0.671974
-1.192241,-0.639975
-1.192041,-0.703973
-1.191841,-0.639975
-1.191641,-0.671974
-1.191441,-0.671974
-1.191241,-0.671974
-1.191041,-0.607977
-1.190841,-0.639975
-1.190641,-0.639975
-1.190441,-0.671974
-1.190241,-0.639975
-1.190041,-0.703973
-1.189841,-0.671974
-1.189641,-0.671974
-1.189441,-0.671974
-1.189241,-0.671974
-1.189041,-0.671974
-1.188841,-0.671974
-1.188641,-0.703973
-1.188441,-0.671974
-1.188241,-0.671974
-1.188041,-0.671974
-1.187841,-0.671974
-1.187641,-0.671974
-1.187441,-0.639975
-1.187241,-0.703973
-1.187041,-0.671974
-1.186841,-0.639975
-1.186641,-0.671974
-1.186441,-0.639975
-1.186241,-0.671974
-1.186041,-0.639975
-1.185841,-0.639975
-1.185641,-0.639975
-1.185441,-0.703973
-1.185241,-0.671974
-1.185041,-0.671974
-1.184841,-0.639975
-1.184641,-0.639975
-1.184441,-0.639975
-1.184241,-0.639975
-1.184041,-0.639975
-1.183841,-0.639975
-1.183641,-0.671974
-1.183441,-0.639975
-1.183241,-0.607977
-1.183041,-0.639975
-1.182841,-0.639975
-1.182641,-0.607977
-1.182441,-0.639975
-1.182241,-0.543979
-1.182041,-0.575978
-1.181841,-0.607977
-1.181641,-0.607977
-1.181441,-0.575978
-1.181241,-0.639975
-1.181041,-0.607977
-1.180841,-0.543979
-1.180641,-0.575978
-1.180441,-0.575978
-1.180241,-0.575978
-1.180041,-0.607977
-1.179841,-0.575978
-1.179641,-0.575978
-1.179441,-0.607977
-1.179241,-0.607977
-1.179041,-0.575978
-1.178841,-0.575978
-1.178641,-0.575978
-1.178441,-0.575978
-1.178241,-0.575978
-1.178041,-0.543979
-1.177841,-0.543979
-1.177641,-0.607977
-1.177441,-0.575978
-1.177241,-0.543979
-1.177041,-0.51198
-1.176841,-0.575978
-1.176641,-0.543979
-1.176441,-0.575978
-1.176241,-0.607977
-1.176041,-0.543979
-1.175841,-0.575978
-1.175641,-0.543979
-1.175441,-0.51198
-1.175241,-0.51198
-1.175041,-0.543979
-1.174841,-0.479982
-1.174641,-0.543979
-1.174441,-0.51198
-1.174241,-0.479982
-1.174041,-0.543979
-1.173841,-0.51198
-1.173641,-0.51198
-1.173441,-0.51198
-1.173241,-0.543979
-1.173041,-0.479982
-1.172841,-0.51198
-1.172641,-0.51198
-1.172441,-0.447983
-1.172241,-0.51198
-1.172041,-0.51198
-1.171841,-0.51198
-1.171641,-0.51198
-1.171441,-0.51198
-1.171241,-0.51198
-1.171041,-0.51198
-1.170841,-0.447983
-1.170641,-0.479982
-1.170441,-0.447983
-1.170241,-0.415984
-1.170041,-0.479982
-1.169841,-0.447983
-1.169641,-0.447983
-1.169441,-0.447983
-1.169241,-0.479982
-1.169041,-0.447983
-1.168841,-0.447983
-1.168641,-0.447983
-1.168441,-0.415984
-1.168241,-0.415984
-1.168041,-0.479982
-1.167841,-0.479982
-1.167641,-0.447983
-1.167441,-0.479982
-1.167241,-0.447983
-1.167041,-0.447983
-1.166841,-0.447983
-1.166641,-0.447983
-1.166441,-0.447983
-1.166241,-0.415984
-1.166041,-0.479982
-1.165841,-0.415984
-1.165641,-0.447983
-1.165441,-0.415984
-1.165241,-0.447983
-1.165041,-0.447983
-1.164841,-0.383985
-1.164641,-0.415984
-1.164441,-0.447983
-1.164241,-0.415984
-1.164041,-0.447983
-1.163841,-0.415984
-1.163641,-0.415984
-1.163441,-0.447983
-1.163241,-0.447983
-1.163041,-0.415984
-1.162841,-0.415984
-1.162641,-0.447983
-1.162441,-0.447983
-1.162241,-0.415984
-1.162041,-0.415984
-1.161841,-0.447983
-1.161641,-0.415984
-1.161441,-0.415984
-1.161241,-0.447983
-1.161041,-0.383985
-1.160841,-0.415984
-1.160641,-0.415984
-1.160441,-0.415984
-1.160241,-0.415984
-1.160041,-0.447983
-1.159841,-0.447983
-1.159641,-0.447983
-1.159441,-0.383985
-1.159241,-0.447983
-1.159041,-0.415984
-1.158841,-0.415984
-1.158641,-0.415984
-1.158441,-0.447983
-1.158241,-0.383985
-1.158041,-0.415984
-1.157841,-0.447983
-1.157641,-0.447983
-1.157441,-0.415984
-1.157241,-0.415984
-1.157041,-0.447983
-1.156841,-0.383985
-1.156641,-0.479982
-1.156441,-0.415984
-1.156241,-0.447983
-1.156041,-0.383985
-1.155841,-0.415984
-1.155641,-0.383985
-1.155441,-0.447983
-1.155241,-0.383985
-1.155041,-0.351986
-1.154841,-0.383985
-1.154641,-0.383985
-1.154441,-0.383985
-1.154241,-0.383985
-1.154041,-0.383985
-1.153841,-0.383985
-1.153641,-0.383985
-1.153441,-0.383985
-1.153241,-0.383985
-1.153041,-0.319988
-1.152841,-0.383985
-1.152641,-0.383985
-1.152441,-0.383985
-1.152241,-0.383985
-1.152041,-0.351986
-1.151841,-0.383985
-1.151641,-0.351986
-1.151441,-0.351986
-1.151241,-0.415984
-1.151041,-0.383985
-1.150841,-0.351986
-1.150641,-0.351986
-1.150441,-0.351986
-1.150241,-0.383985
-1.150041,-0.351986
-1.149841,-0.415984
-1.149641,-0.383985
-1.149441,-0.351986
-1.149241,-0.351986
-1.149041,-0.351986
-1.148841,-0.383985
-1.148641,-0.383985
-1.148441,-0.351986
-1.148241,-0.383985
-1.148041,-0.351986
-1.147841,-0.351986
-1.147641,-0.351986
-1.147441,-0.351986
-1.147241,-0.351986
-1.147041,-0.351986
-1.146841,-0.383985
-1.146641,-0.287989
-1.146441,-0.319988
-1.146241,-0.351986
-1.146041,-0.351986
-1.145841,-0.383985
-1.145641,-0.319988
-1.145441,-0.319988
-1.145241,-0.351986
-1.145041,-0.351986
-1.144841,-0.319988
-1.144641,-0.319988
-1.144441,-0.319988
-1.144241,-0.351986
-1.144041,-0.351986
-1.143841,-0.351986
-1.143641,-0.319988
-1.143441,-0.319988
-1.143241,-0.287989
-1.143041,-0.319988
-1.142841,-0.319988
-1.142641,-0.319988
-1.142441,-0.319988
-1.142241,-0.319988
-1.142041,-0.351986
-1.141841,-0.351986
-1.141641,-0.351986
-1.141441,-0.319988
-1.141241,-0.351986
-1.141041,-0.351986
-1.140841,-0.351986
-1.140641,-0.319988
-1.140441,-0.351986
-1.140241,-0.287989
-1.140041,-0.319988
-1.139841,-0.319988
-1.139641,-0.319988
-1.139441,-0.287989
-1.139241,-0.319988
-1.139041,-0.383985
-1.138841,-0.319988
-1.138641,-0.319988
-1.138441,-0.319988
-1.138241,-0.287989
-1.138041,-0.319988
-1.137841,-0.25599
-1.137641,-0.25599
-1.137441,-0.319988
-1.137241,-0.287989
-1.137041,-0.287989
-1.136841,-0.287989
-1.136641,-0.319988
-1.136441,-0.287989
-1.136241,-0.25599
-1.136041,-0.319988
-1.135841,-0.319988
-1.135641,-0.25599
-1.135441,-0.287989
-1.135241,-0.287989
-1.135041,-0.287989
-1.134841,-0.25599
-1.134641,-0.25599
-1.134441,-0.287989
-1.134241,-0.25599
-1.134041,-0.25599
-1.133841,-0.287989
-1.133641,-0.319988
-1.133441,-0.25599
-1.133241,-0.25599
-1.133041,-0.223991
-1.132841,-0.25599
-1.132641,-0.25599
-1.132441,-0.223991
-1.132241,-0.25599
-1.132041,-0.191993
-1.131841,-0.223991
-1.131641,-0.25599
-1.131441,-0.25599
-1.131241,-0.191993
-1.131041,-0.25599
-1.130841,-0.191993
-1.130641,-0.223991
-1.130441,-0.223991
-1.130241,-0.223991
-1.130041,-0.159994
-1.129841,-0.287989
-1.129641,-0.223991
-1.129441,-0.191993
-1.129241,-0.223991
-1.129041,-0.223991
-1.128841,-0.223991
-1.128641,-0.25599
-1.128441,-0.25599
-1.128241,-0.223991
-1.128041,-0.223991
-1.127841,-0.25599
-1.127641,-0.159994
-1.127441,-0.223991
-1.127241,-0.223991
-1.127041,-0.25599
-1.126841,-0.25599
-1.126641,-0.25599
-1.126441,-0.223991
-1.126241,-0.223991
-1.126041,-0.191993
-1.125841,-0.223991
-1.125641,-0.223991
-1.125441,-0.287989
-1.125241,-0.191993
-1.125041,-0.223991
-1.124841,-0.223991
-1.124641,-0.223991
-1.124441,-0.223991
-1.124241,-0.223991
-1.124041,-0.159994
-1.123841,-0.223991
-1.123641,-0.191993
-1.123441,-0.191993
-1.123241,-0.191993
-1.123041,-0.191993
-1.122841,-0.191993
-1.122641,-0.223991
-1.122441,-0.191993
-1.122241,-0.191993
-1.122041,-0.223991
-1.121841,-0.159994
-1.121641,-0.223991
-1.121441,-0.223991
-1.121241,-0.223991
-1.121041,-0.191993
-1.120841,-0.191993
-1.120641,-0.191993
-1.120441,-0.191993
-1.120241,-0.191993
-1.120041,-0.159994
-1.119841,-0.159994
-1.119641,-0.191993
-1.119441,-0.159994
-1.119241,-0.159994
-1.119041,-0.159994
-1.118841,-0.223991
-1.118641,-0.159994
-1.118441,-0.223991
-1.118241,-0.191993
-1.118041,-0.159994
-1.117841,-0.191993
-1.117641,-0.191993
-1.117441,-0.159994
-1.117241,-0.191993
-1.117041,-0.159994
-1.116841,-0.159994
-1.116641,-0.223991
-1.116441,-0.191993
-1.116241,-0.159994
-1.116041,-0.159994
-1.115841,-0.223991
-1.115641,-0.191993
-1.115441,-0.191993
-1.115241,-0.159994
-1.115041,-0.159994
-1.114841,-0.223991
-1.114641,-0.191993
-1.114441,-0.191993
-1.114241,-0.191993
-1.114041,-0.191993
-1.113841,-0.159994
-1.113641,-0.223991
-1.113441,-0.223991
-1.113241,-0.191993
-1.113041,-0.191993
-1.112841,-0.191993
-1.112641,-0.191993
-1.112441,-0.191993
-1.112241,-0.223991
-1.112041,-0.159994
-1.111841,-0.223991
-1.111641,-0.223991
-1.111441,-0.223991
-1.111241,-0.191993
-1.111041,-0.191993
-1.110841,-0.191993
-1.110641,-0.223991
-1.110441,-0.191993
-1.110241,-0.223991
-1.110041,-0.159994
-1.109841,-0.223991
-1.109641,-0.223991
-1.109441,-0.191993
-1.109241,-0.191993
-1.109041,-0.159994
-1.108841,-0.191993
-1.108641,-0.191993
-1.108441,-0.159994
-1.108241,-0.127995
-1.108041,-0.191993
-1.107841,-0.127995
-1.107641,-0.223991
-1.107441,-0.159994
-1.107241,-0.159994
-1.107041,-0.191993
-1.106841,-0.223991
-1.106641,-0.191993
-1.106441,-0.127995
-1.106241,-0.159994
-1.106041,-0.127995
-1.105841,-0.191993
-1.105641,-0.159994
-1.105441,-0.159994
-1.105241,-0.223991
-1.105041,-0.191993
-1.104841,-0.159994
-1.104641,-0.191993
-1.104441,-0.191993
-1.104241,-0.159994
-1.104041,-0.159994
-1.103841,-0.159994
-1.103641,-0.159994
-1.103441,-0.159994
-1.103241,-0.159994
-1.103041,-0.159994
-1.102841,-0.127995
-1.102641,-0.191993
-1.102441,-0.159994
-1.102241,-0.159994
-1.102041,-0.191993
-1.101841,-0.191993
-1.101641,-0.159994
-1.101441,-0.159994
-1.101241,-0.127995
-1.101041,-0.223991
-1.100841,-0.127995
-1.100641,-0.159994
-1.100441,-0.159994
-1.100241,-0.191993
-1.100041,-0.191993
-1.099841,-0.223991
-1.099641,-0.191993
-1.099441,-0.159994
-1.099241,-0.159994
-1.099041,-0.127995
-1.098841,-0.159994
-1.098641,-0.159994
-1.098441,-0.191993
-1.098241,-0.159994
-1.098041,-0.159994
-1.097841,-0.191993
-1.097641,-0.191993
-1.097441,-0.159994
-1.097241,-0.191993
-1.097041,-0.159994
-1.096841,-0.159994
-1.096641,-0.223991
-1.096441,-0.127995
-1.096241,-0.191993
-1.096041,-0.159994
-1.095841,-0.127995
-1.095641,-0.191993
-1.095441,-0.191993
-1.095241,-0.159994
-1.095041,-0.191993
-1.094841,-0.159994
-1.094641,-0.0959963
-1.094441,-0.191993
-1.094241,-0.159994
-1.094041,-0.159994
-1.093841,-0.191993
-1.093641,-0.159994
-1.093441,-0.159994
-1.093241,-0.159994
-1.093041,-0.191993
-1.092841,-0.191993
-1.092641,-0.191993
-1.092441,-0.159994
-1.092241,-0.127995
-1.092041,-0.191993
-1.091841,-0.127995
-1.091641,-0.127995
-1.091441,-0.159994
-1.091241,-0.159994
-1.091041,-0.159994
-1.090841,-0.191993
-1.090641,-0.159994
-1.090441,-0.191993
-1.090241,-0.223991
-1.090041,-0.159994
-1.089841,-0.159994
-1.089641,-0.191993
-1.089441,-0.159994
-1.089241,-0.159994
-1.089041,-0.223991
-1.088841,-0.191993
-1.088641,-0.223991
-1.088441,-0.191993
-1.088241,-0.223991
-1.088041,-0.191993
-1.087841,-0.191993
-1.087641,-0.223991
-1.087441,-0.159994
-1.087241,-0.25599
-1.087041,-0.191993
-1.086841,-0.223991
-1.086641,-0.191993
-1.086441,-0.223991
-1.086241,-0.191993
-1.086041,-0.191993
-1.085841,-0.223991
-1.085641,-0.223991
-1.085441,-0.191993
-1.085241,-0.223991
-1.085041,-0.191993
-1.084841,-0.223991
-1.084641,-0.223991
-1.084441,-0.191993
-1.084241,-0.25599
-1.084041,-0.223991
-1.083841,-0.159994
-1.083641,-0.223991
-1.083441,-0.223991
-1.083241,-0.191993
-1.083041,-0.191993
-1.082841,-0.191993
-1.082641,-0.191993
-1.082441,-0.223991
-1.082241,-0.223991
-1.082041,-0.223991
-1.081841,-0.223991
-1.081641,-0.25599
-1.081441,-0.191993
-1.081241,-0.25599
-1.081041,-0.25599
-1.080841,-0.223991
-1.080641,-0.191993
-1.080441,-0.191993
-1.080241,-0.191993
-1.080041,-0.223991
-1.079841,-0.25599
-1.079641,-0.191993
-1.079441,-0.191993
-1.079241,-0.25599
-1.079041,-0.223991
-1.078841,-0.223991
-1.078641,-0.223991
-1.078441,-0.223991
-1.078241,-0.223991
-1.078041,-0.25599
-1.077841,-0.191993
-1.077641,-0.223991
-1.077441,-0.223991
-1.077241,-0.191993
-1.077041,-0.223991
-1.076841,-0.191993
-1.076641,-0.191993
-1.076441,-0.223991
-1.076241,-0.25599
-1.076041,-0.191993
-1.075841,-0.223991
-1.075641,-0.223991
-1.075441,-0.223991
-1.075241,-0.223991
-1.075041,-0.223991
-1.074841,-0.223991
-1.074641,-0.191993
-1.074441,-0.223991
-1.074241,-0.223991
-1.074041,-0.223991
-1.073841,-0.223991
-1.073641,-0.191993
-1.073441,-0.223991
-1.073241,-0.223991
-1.073041,-0.191993
-1.072841,-0.191993
-1.072641,-0.191993
-1.072441,-0.191993
-1.072241,-0.191993
-1.072041,-0.191993
-1.071841,-0.191993
-1.071641,-0.223991
-1.071441,-0.25599
-1.071241,-0.223991
-1.071041,-0.159994
-1.070841,-0.191993
-1.070641,-0.223991
-1.070441,-0.25599
-1.070241,-0.191993
-1.070041,-0.191993
-1.069841,-0.223991
-1.069641,-0.191993
-1.069441,-0.191993
-1.069241,-0.223991
-1.069041,-0.191993
-1.068841,-0.25599
-1.068641,-0.191993
-1.068441,-0.191993
-1.068241,-0.159994
-1.068041,-0.191993
-1.067841,-0.25599
-1.067641,-0.191993
-1.067441,-0.159994
-1.067241,-0.191993
-1.067041,-0.159994
-1.066841,-0.159994
-1.066641,-0.159994
-1.066441,-0.223991
-1.066241,-0.159994
-1.066041,-0.191993
-1.065841,-0.159994
-1.065641,-0.191993
-1.065441,-0.159994
-1.065241,-0.0639975
-1.065041,-0.159994
-1.064841,-0.191993
-1.064641,-0.159994
-1.064441,-0.159994
-1.064241,-0.159994
-1.064041,-0.127995
-1.063841,-0.191993
-1.063641,-0.159994
-1.063441,-0.159994
-1.063241,-0.159994
-1.063041,-0.159994
-1.062841,-0.159994
-1.062641,-0.159994
-1.062441,-0.159994
-1.062241,-0.159994
-1.062041,-0.127995
-1.061841,-0.159994
-1.061641,-0.127995
-1.061441,-0.159994
-1.061241,-0.159994
-1.061041,-0.159994
-1.060841,-0.191993
-1.060641,-0.127995
-1.060441,-0.159994
-1.060241,-0.159994
-1.060041,-0.127995
-1.059841,-0.0959963
-1.059641,-0.127995
-1.059441,-0.127995
-1.059241,-0.127995
-1.059041,-0.127995
-1.058841,-0.127995
-1.058641,-0.127995
-1.058441,-0.127995
-1.058241,-0.159994
-1.058041,-0.127995
-1.057841,-0.159994
-1.057641,-0.127995
-1.057441,-0.0959963
-1.057241,-0.159994
-1.057041,-0.191993
-1.056841,-0.127995
-1.056641,-0.159994
-1.056441,-0.127995
-1.056241,-0.0959963
-1.056041,-0.127995
-1.055841,-0.127995
-1.055641,-0.127995
-1.055441,-0.127995
-1.055241,-0.159994
-1.055041,-0.0959963
-1.054841,-0.159994
-1.054641,-0.191993
-1.054441,-0.127995
-1.054241,-0.127995
-1.054041,-0.0959963
-1.053841,-0.127995
-1.053641,-0.159994
-1.053441,-0.0639975
-1.053241,-0.0959963
-1.053041,-0.159994
-1.052841,-0.127995
-1.052641,-0.127995
-1.052441,-0.159994
-1.052241,-0.127995
-1.052041,-0.127995
-1.051841,-0.159994
-1.051641,-0.127995
-1.051441,-0.159994
-1.051241,-0.159994
-1.051041,-0.0959963
-1.050841,-0.0959963
-1.050641,-0.159994
-1.050441,-0.159994
-1.050241,-0.127995
-1.050041,-0.127995
-1.049841,-0.159994
-1.049641,-0.127995
-1.049441,-0.159994
-1.049241,-0.159994
-1.049041,-0.127995
-1.048841,-0.159994
-1.048641,-0.0959963
-1.048441,-0.159994
-1.048241,-0.159994
-1.048041,-0.127995
-1.047841,-0.127995
-1.047641,-0.127995
-1.047441,-0.127995
-1.047241,-0.127995
-1.047041,-0.0959963
-1.046841,-0.159994
-1.046641,-0.127995
-1.046441,-0.191993
-1.046241,-0.127995
-1.046041,-0.0959963
-1.045841,-0.159994
-1.045641,-0.159994
-1.045441,-0.159994
-1.045241,-0.127995
-1.045041,-0.127995
-1.044841,-0.127995
-1.044641,-0.191993
-1.044441,-0.127995
-1.044241,-0.159994
-1.044041,-0.127995
-1.043841,-0.127995
-1.043641,-0.0959963
-1.043441,-0.159994
-1.043241,-0.0639975
-1.043041,-0.127995
-1.042841,-0.127995
-1.042641,-0.127995
-1.042441,-0.127995
-1.042241,-0.127995
-1.042041,-0.0959963
-1.041841,-0.127995
-1.041641,-0.159994
-1.041441,-0.0959963
-1.041241,-0.127995
-1.041041,-0.127995
-1.040841,-0.127995
-1.040641,-0.0959963
-1.040441,-0.159994
-1.040241,-0.0959963
-1.040041,-0.0959963
-1.039841,-0.127995
-1.039641,-0.0959963
-1.039441,-0.127995
-1.039241,-0.159994
-1.039041,-0.0959963
-1.038841,-0.127995
-1.038641,-0.159994
-1.038441,-0.0959963
-1.038241,-0.0959963
-1.038041,-0.0959963
-1.037841,-0.127995
-1.037641,-0.0959963
-1.037441,-0.191993
-1.037241,-0.127995
-1.037041,-0.0959963
-1.036841,-0.127995
-1.036641,-0.127995
-1.036441,-0.0959963
-1.036241,-0.127995
-1.036041,-0.127995
-1.035841,-0.159994
-1.035641,-0.127995
-1.035441,-0.127995
-1.035241,-0.159994
-1.035041,-0.0959963
-1.034841,-0.127995
-1.034641,-0.127995
-1.034441,-0.159994
-1.034241,-0.127995
-1.034041,-0.127995
-1.033841,-0.159994
-1.033641,-0.0959963
-1.033441,-0.127995
-1.033241,-0.127995
-1.033041,-0.127995
-1.032841,-0.127995
-1.032641,-0.127995
-1.032441,-0.127995
-1.032241,-0.127995
-1.032041,-0.159994
-1.031841,-0.0959963
-1.031641,-0.127995
-1.031441,-0.127995
-1.031241,-0.159994
-1.031041,-0.0959963
-1.030841,-0.159994
-1.030641,-0.127995
-1.030441,-0.0959963
-1.030241,-0.159994
-1.030041,-0.127995
-1.029841,-0.0639975
-1.029641,-0.127995
-1.029441,-0.0959963
-1.029241,-0.127995
-1.029041,-0.159994
-1.028841,-0.0959963
-1.028641,-0.0959963
-1.028441,-0.127995
-1.028241,-0.0959963
-1.028041,-0.0959963
-1.027841,-0.0959963
-1.027641,-0.0959963
-1.027441,-0.0959963
-1.027241,-0.0959963
-1.027041,-0.127995
-1.026841,-0.0959963
-1.026641,-0.127995
-1.026441,-0.127995
-1.026241,-0.0639975
-1.026041,-0.127995
-1.025841,-0.0639975
-1.025641,-0.0639975
-1.025441,-0.127995
-1.025241,-0.0959963
-1.025041,-0.0959963
-1.024841,-0.0959963
-1.024641,-0.0639975
-1.024441,-0.0319988
-1.024241,-0.127995
-1.024041,-0.0959963
-1.023841,0
-1.023641,-0.0959963
-1.023441,-0.0639975
-1.023241,-0.0639975
-1.023041,-0.0639975
-1.022841,-0.0639975
-1.022641,-0.0959963
-1.022441,-0.0639975
-1.022241,-0.0639975
-1.022041,-0.0639975
-1.021841,-0.0639975
-1.021641,-0.0959963
-1.021441,-0.0319988
-1.021241,-0.0639975
-1.021041,-0.0639975
-1.020841,-0.0639975
-1.020641,-0.0639975
-1.020441,-0.0319988
-1.020241,-0.0319988
-1.020041,-0.0639975
-1.019841,-0.0319988
-1.019641,-0.0319988
-1.019441,-0.0639975
-1.019241,0
-1.019041,-0.0319988
-1.018841,-0.0639975
-1.018641,0
-1.018441,-0.0319988
-1.018241,-0.0639975
-1.018041,-0.0319988
-1.017841,0
-1.017641,-0.0319988
-1.017441,-0.0319988
-1.017241,0
-1.017041,-0.0319988
-1.016841,-0.0319988
-1.016641,-0.0319988
-1.016441,-0.0639975
-1.016241,-0.0639975
-1.016041,-0.0319988
-1.015841,-0.0639975
-1.015641,-0.0319988
-1.015441,-0.0319988
-1.015241,-0.0319988
-1.015041,-0.0319988
-1.014841,-0.0319988
-1.014641,-0.0319988
-1.014441,0
-1.014241,0
-1.014041,-0.0319988
-1.013841,-0.0319988
-1.013641,0
-1.013441,-0.0639975
-1.013241,-0.0319988
-1.013041,0
-1.012841,-0.0319988
-1.012641,0.0319988
-1.012441,-0.0639975
-1.012241,-0.0639975
-1.012041,0
-1.011841,0
-1.011641,-0.0319988
-1.011441,0
-1.011241,-0.0319988
-1.011041,-0.0319988
-1.010841,-0.0319988
-1.010641,0
-1.010441,-0.0319988
-1.010241,-0.0319988
-1.010041,-0.0319988
-1.009841,-0.0319988
-1.009641,0
-1.009441,0.0319988
-1.009241,-0.0319988
-1.009041,0
-1.008841,0
-1.008641,-0.0319988
-1.008441,-0.0319988
-1.008241,0
-1.008041,-0.0319988
-1.007841,0
-1.007641,0
-1.007441,0
-1.007241,0.0319988
-1.007041,0.0319988
-1.006841,-0.0319988
-1.006641,0
-1.006441,0.0319988
-1.006241,0.0319988
-1.006041,0
-1.005841,0.0319988
-1.005641,-0.0319988
-1.005441,0.0319988
-1.005241,0
-1.005041,0
-1.004841,0
-1.004641,0.0319988
-1.004441,0
-1.004241,0
-1.004041,0
-1.003841,0
-1.003641,0.0319988
-1.003441,0.0639975
-1.003241,0
-1.003041,0
-1.002841,0.0319988
-1.002641,-0.0319988
-1.002441,0.0319988
-1.002241,0
-1.002041,-0.0319988
-1.001841,0
-1.001641,0
-1.001441,-0.0319988
-1.001241,-0.0319988
-1.001041,0.0319988
-1.000841,-0.0319988
-1.000641,-0.0319988
-1.000441,0
-1.000241,-0.0319988
-1.000041,0
-0.99984103,0.0319988
-0.99964103,0
-0.99944103,0.0319988
-0.99924103,0.0319988
-0.99904103,-0.0319988
-0.99884103,0.0319988
-0.99864103,0
-0.99844103,0.0319988
-0.99824103,-0.0639975
-0.99804103,0
-0.99784103,0
-0.99764103,0
-0.99744103,0.0319988
-0.99724103,-0.0639975
-0.99704103,0
-0.99684103,0
-0.99664103,-0.0959963
-0.99644103,-0.0319988
-0.99624103,-0.0319988
-0.99604103,-0.0319988
-0.99584103,0
-0.99564103,0
-0.99544103,-0.0639975
-0.99524103,-0.0639975
-0.99504103,0
-0.99484103,-0.0639975
-0.99464103,-0.0319988
-0.99444103,-0.0319988
-0.99424103,-0.0639975
-0.99404103,0
-0.99384103,-0.0319988
-0.99364103,-0.0319988
-0.99344103,-0.0319988
-0.99324103,-0.0319988
-0.99304103,-0.0959963
-0.99284103,-0.0959963
-0.99264103,-0.0319988
-0.99244103,-0.0639975
-0.99224103,-0.0639975
-0.99204103,-0.0639975
-0.99184103,-0.0639975
-0.99164103,-0.0639975
-0.99144103,-0.0319988
-0.99124103,-0.0959963
-0.99104103,-0.0319988
-0.99084103,-0.0319988
-0.99064103,-0.0959963
-0.99044103,-0.0959963
-0.99024103,-0.0639975
-0.99004103,-0.0959963
-0.98984103,-0.0639975
-0.98964103,-0.0639975
-0.98944103,-0.127995
-0.98924103,-0.0639975
-0.98904103,-0.0319988
-0.98884103,-0.0959963
-0.98864103,-0.0639975
-0.98844103,-0.0639975
-0.98824103,-0.0959963
-0.98804103,-0.0959963
-0.98784103,-0.0959963
-0.98764103,-0.127995
-0.98744103,-0.0319988
-0.98724103,-0.0639975
-0.98704103,-0.0639975
-0.98684103,-0.0959963
-0.98664103,-0.0319988
-0.98644103,-0.0959963
-0.98624103,-0.0639975
-0.98604103,-0.0959963
-0.98584103,-0.0639975
-0.98564103,-0.0319988
-0.98544103,-0.0959963
-0.98524103,-0.0959963
-0.98504103,-0.0319988
-0.98484103,-0.0639975
-0.98464103,-0.0959963
-0.98444103,-0.0959963
-0.98424103,-0.0959963
-0.98404103,-0.0959963
-0.98384103,-0.0639975
-0.98364103,-0.0319988
-0.98344103,-0.0639975
-0.98324103,-0.0639975
-0.98304103,-0.0319988
-0.98284103,-0.0959963
-0.98264103,-0.0639975
-0.98244103,-0.0639975
-0.98224103,-0.0959963
-0.98204103,-0.0639975
-0.98184103,-0.0319988
-0.98164103,-0.0959963
-0.98144103,-0.0959963
-0.98124103,-0.0959963
-0.98104103,-0.127995
-0.98084103,-0.0639975
-0.98064103,-0.0959963
-0.98044103,-0.127995
-0.98024103,-0.0959963
-0.98004103,-0.0639975
-0.97984103,-0.0959963
-0.97964103,-0.0959963
-0.97944103,-0.127995
-0.97924103,-0.0959963
-0.97904103,-0.0959963
-0.97884103,-0.0639975
-0.97864103,-0.0959963
-0.97844103,-0.0959963
-0.97824103,-0.0639975
-0.97804103,-0.0959963
-0.97784103,-0.0959963
-0.97764103,-0.0959963
-0.97744103,-0.0959963
-0.97724103,-0.127995
-0.97704103,-0.0959963
-0.97684103,-0.127995
-0.97664103,-0.0959963
-0.97644103,-0.0959963
-0.97624103,-0.0959963
-0.97604103,-0.0639975
-0.97584103,-0.127995
-0.97564103,-0.191993
-0.97544103,-0.0959963
-0.97524103,-0.0959963
-0.97504103,-0.0959963
-0.97484103,-0.0959963
-0.97464103,-0.0639975
-0.97444103,-0.159994
-0.97424103,-0.0959963
-0.97404103,-0.0959963
-0.97384103,-0.127995
-0.97364103,-0.0959963
-0.97344103,-0.127995
-0.97324103,-0.159994
-0.97304103,-0.127995
-0.97284103,-0.0959963
-0.97264103,-0.159994
-0.97244103,-0.127995
-0.97224103,-0.0959963
-0.97204103,-0.127995
-0.97184103,-0.127995
-0.97164103,-0.127995
-0.97144103,-0.127995
-0.97124103,-0.127995
-0.97104103,-0.0959963
-0.97084103,-0.127995
-0.97064103,-0.127995
-0.97044103,-0.127995
-0.97024103,-0.159994
-0.97004103,-0.0959963
-0.96984103,-0.127995
-0.96964103,-0.159994
-0.96944103,-0.127995
-0.96924103,-0.0959963
-0.96904103,-0.127995
-0.96884103,-0.127995
-0.96864103,-0.0959963
-0.96844103,-0.159994
-0.96824103,-0.127995
-0.96804103,-0.0959963
-0.96784103,-0.159994
-0.96764103,-0.0959963
-0.96744103,-0.127995
-0.96724103,-0.159994
-0.96704103,-0.127995
-0.96684103,-0.159994
-0.96664103,-0.159994
-0.96644103,-0.127995
-0.96624103,-0.127995
-0.96604103,-0.159994
-0.96584103,-0.159994
-0.96564103,-0.159994
-0.96544103,-0.159994
-0.96524103,-0.127995
-0.96504103,-0.159994
-0.96484103,-0.191993
-0.96464103,-0.159994
-0.96444103,-0.159994
-0.96424103,-0.159994
-0.96404103,-0.127995
-0.96384103,-0.191993
-0.96364103,-0.191993
-0.96344103,-0.159994
-0.96324103,-0.159994
-0.96304103,-0.223991
-0.96284103,-0.159994
-0.96264103,-0.159994
-0.96244103,-0.191993
-0.96224103,-0.159994
-0.96204103,-0.127995
-0.96184103,-0.191993
-0.96164103,-0.223991
-0.96144103,-0.159994
-0.96124103,-0.159994
-0.96104103,-0.159994
-0.96084103,-0.159994
-0.96064103,-0.223991
-0.96044103,-0.191993
-0.96024103,-0.223991
-0.96004103,-0.223991
-0.95984103,-0.223991
-0.95964103,-0.159994
-0.95944103,-0.223991
-0.95924103,-0.223991
-0.95904103,-0.159994
-0.95884103,-0.25599
-0.95864103,-0.191993
-0.95844103,-0.191993
-0.95824103,-0.25599
-0.95804103,-0.191993
-0.95784103,-0.223991
-0.95764103,-0.223991
-0.95744103,-0.223991
-0.95724103,-0.223991
-0.95704103,-0.223991
-0.95684103,-0.191993
-0.95664103,-0.223991
-0.95644103,-0.223991
-0.95624103,-0.25599
-0.95604103,-0.191993
-0.95584103,-0.25599
-0.95564103,-0.223991
-0.95544103,-0.191993
-0.95524103,-0.25599
-0.95504103,-0.223991
-0.95484103,-0.223991
-0.95464103,-0.25599
-0.95444103,-0.25599
-0.95424103,-0.25599
-0.95404103,-0.25599
-0.95384103,-0.223991
-0.95364103,-0.25599
-0.95344103,-0.287989
-0.95324103,-0.287989
-0.95304103,-0.287989
-0.95284103,-0.25599
-0.95264103,-0.319988
-0.95244103,-0.287989
-0.95224103,-0.319988
-0.95204103,-0.319988
-0.95184103,-0.25599
-0.95164103,-0.319988
-0.95144103,-0.287989
-0.95124103,-0.287989
-0.95104103,-0.287989
-0.95084103,-0.319988
-0.95064103,-0.287989
-0.95044103,-0.287989
-0.95024103,-0.287989
-0.95004103,-0.319988
-0.94984103,-0.319988
-0.94964103,-0.351986
-0.94944103,-0.319988
-0.94924103,-0.319988
-0.94904103,-0.319988
-0.94884103,-0.287989
-0.94864103,-0.351986
-0.94844103,-0.319988
-0.94824103,-0.319988
-0.94804103,-0.287989
-0.94784103,-0.319988
-0.94764103,-0.415984
-0.94744103,-0.319988
-0.94724103,-0.383985
-0.94704103,-0.383985
-0.94684103,-0.351986
-0.94664103,-0.351986
-0.94644103,-0.287989
-0.94624103,-0.351986
-0.94604103,-0.319988
-0.94584103,-0.319988
-0.94564103,-0.351986
-0.94544103,-0.351986
-0.94524103,-0.351986
-0.94504103,-0.287989
-0.94484103,-0.351986
-0.94464103,-0.383985
-0.94444103,-0.287989
-0.94424103,-0.383985
-0.94404103,-0.351986
-0.94384103,-0.351986
-0.94364103,-0.415984
-0.94344103,-0.351986
-0.94324103,-0.319988
-0.94304103,-0.383985
-0.94284103,-0.383985
-0.94264103,-0.351986
-0.94244103,-0.383985
-0.94224103,-0.351986
-0.94204103,-0.319988
-0.94184103,-0.319988
-0.94164103,-0.351986
-0.94144103,-0.351986
-0.94124103,-0.351986
-0.94104103,-0.351986
-0.94084103,-0.383985
-0.94064103,-0.319988
-0.94044103,-0.351986
-0.94024103,-0.351986
-0.94004103,-0.351986
-0.93984103,-0.351986
-0.93964103,-0.351986
-0.93944103,-0.415984
-0.93924103,-0.383985
-0.93904103,-0.351986
-0.93884103,-0.383985
-0.93864103,-0.383985
-0.93844103,-0.415984
-0.93824103,-0.319988
-0.93804103,-0.415984
-0.93784103,-0.383985
-0.93764103,-0.415984
-0.93744103,-0.351986
-0.93724103,-0.383985
-0.93704103,-0.351986
-0.93684103,-0.383985
-0.93664103,-0.351986
-0.93644103,-0.415984
-0.93624103,-0.383985
-0.93604103,-0.351986
-0.93584103,-0.351986
-0.93564103,-0.351986
-0.93544103,-0.383985
-0.93524103,-0.415984
-0.93504103,-0.383985
-0.93484103,-0.383985
-0.93464103,-0.383985
-0.93444103,-0.415984
-0.93424103,-0.383985
-0.93404103,-0.383985
-0.93384103,-0.383985
-0.93364103,-0.383985
-0.93344103,-0.415984
-0.93324103,-0.383985
-0.93304103,-0.383985
-0.93284103,-0.415984
-0.93264103,-0.383985
-0.93244103,-0.383985
-0.93224103,-0.415984
-0.93204103,-0.383985
-0.93184103,-0.383985
-0.93164103,-0.383985
-0.93144103,-0.383985
-0.93124103,-0.415984
-0.93104103,-0.415984
-0.93084103,-0.447983
-0.93064103,-0.383985
-0.93044103,-0.415984
-0.93024103,-0.415984
-0.93004103,-0.383985
-0.92984103,-0.383985
-0.92964103,-0.415984
-0.92944103,-0.383985
-0.92924103,-0.415984
-0.92904103,-0.415984
-0.92884103,-0.415984
-0.92864103,-0.383985
-0.92844103,-0.415984
-0.92824103,-0.351986
-0.92804103,-0.383985
-0.92784103,-0.415984
-0.92764103,-0.415984
-0.92744103,-0.415984
-0.92724103,-0.415984
-0.92704103,-0.415984
-0.92684103,-0.383985
-0.92664103,-0.479982
-0.92644103,-0.415984
-0.92624103,-0.415984
-0.92604103,-0.383985
-0.92584103,-0.447983
-0.92564103,-0.415984
-0.92544103,-0.415984
-0.92524103,-0.383985
-0.92504103,-0.447983
-0.92484103,-0.415984
-0.92464103,-0.383985
-0.92444103,-0.447983
-0.92424103,-0.415984
-0.92404103,-0.383985
-0.92384103,-0.447983
-0.92364103,-0.383985
-0.92344103,-0.415984
-0.92324103,-0.479982
-0.92304103,-0.383985
-0.92284103,-0.415984
-0.92264103,-0.447983
-0.92244103,-0.415984
-0.92224103,-0.447983
-0.92204103,-0.415984
-0.92184103,-0.415984
-0.92164103,-0.383985
-0.92144103,-0.415984
-0.92124103,-0.415984
-0.92104103,-0.351986
-0.92084103,-0.383985
-0.92064103,-0.447983
-0.92044103,-0.351986
-0.92024103,-0.415984
-0.92004103,-0.351986
-0.91984103,-0.383985
-0.91964103,-0.383985
-0.91944103,-0.383985
-0.91924103,-0.351986
-0.91904103,-0.383985
-0.91884103,-0.415984
-0.91864103,-0.383985
-0.91844103,-0.383985
-0.91824103,-0.383985
-0.91804103,-0.383985
-0.91784103,-0.415984
-0.91764103,-0.383985
-0.91744103,-0.383985
-0.91724103,-0.415984
-0.91704103,-0.383985
-0.91684103,-0.351986
-0.91664103,-0.415984
-0.91644103,-0.447983
-0.91624103,-0.383985
-0.91604103,-0.415984
-0.91584103,-0.415984
-0.91564103,-0.415984
-0.91544103,-0.415984
-0.91524103,-0.383985
-0.91504103,-0.383985
-0.91484103,-0.415984
-0.91464103,-0.415984
-0.91444103,-0.383985
-0.91424103,-0.415984
-0.91404103,-0.383985
-0.91384103,-0.383985
-0.91364103,-0.383985
-0.91344103,-0.383985
-0.91324103,-0.447983
-0.91304103,-0.447983
-0.91284103,-0.447983
-0.91264103,-0.383985
-0.91244103,-0.415984
-0.91224103,-0.415984
-0.91204103,-0.351986
-0.91184103,-0.415984
-0.91164103,-0.415984
-0.91144103,-0.447983
-0.91124103,-0.383985
-0.91104103,-0.383985
-0.91084103,-0.351986
-0.91064103,-0.447983
-0.91044103,-0.351986
-0.91024103,-0.351986
-0.91004103,-0.447983
-0.90984103,-0.383985
-0.90964103,-0.415984
-0.90944103,-0.447983
-0.90924103,-0.415984
-0.90904103,-0.383985
-0.90884103,-0.415984
-0.90864103,-0.383985
-0.90844103,-0.383985
-0.90824103,-0.415984
-0.90804103,-0.351986
-0.90784103,-0.383985
-0.90764103,-0.383985
-0.90744103,-0.415984
-0.90724103,-0.383985
-0.90704103,-0.383985
-0.90684103,-0.447983
-0.90664103,-0.351986
-0.90644103,-0.415984
-0.90624103,-0.415984
-0.90604103,-0.383985
-0.90584103,-0.383985
-0.90564103,-0.383985
-0.90544103,-0.383985
-0.90524103,-0.415984
-0.90504103,-0.351986
-0.90484103,-0.351986
-0.90464103,-0.383985
-0.90444103,-0.383985
-0.90424103,-0.383985
-0.90404103,-0.415984
-0.90384103,-0.351986
-0.90364103,-0.415984
-0.90344103,-0.415984
-0.90324103,-0.383985
-0.90304103,-0.383985
-0.90284103,-0.383985
-0.90264103,-0.351986
-0.90244103,-0.383985
-0.90224103,-0.383985
-0.90204103,-0.415984
-0.90184103,-0.351986
-0.90164103,-0.415984
-0.90144103,-0.383985
-0.90124103,-0.351986
-0.90104103,-0.415984
-0.90084103,-0.351986
-0.90064103,-0.383985
-0.90044103,-0.383985
-0.90024103,-0.415984
-0.90004103,-0.351986
-0.89984103,-0.415984
-0.89964103,-0.383985
-0.89944103,-0.351986
-0.89924103,-0.383985
-0.89904103,-0.383985
-0.89884103,-0.383985
-0.89864103,-0.383985
-0.89844103,-0.415984
-0.89824103,-0.351986
-0.89804103,-0.383985
-0.89784103,-0.351986
-0.89764103,-0.351986
-0.89744103,-0.351986
-0.89724103,-0.351986
-0.89704103,-0.319988
-0.89684103,-0.351986
-0.89664103,-0.351986
-0.89644103,-0.351986
-0.89624103,-0.351986
-0.89604103,-0.383985
-0.89584103,-0.319988
-0.89564103,-0.319988
-0.89544103,-0.319988
-0.89524103,-0.319988
-0.89504103,-0.319988
-0.89484103,-0.351986
-0.89464103,-0.351986
-0.89444103,-0.319988
-0.89424103,-0.319988
-0.89404103,-0.287989
-0.89384103,-0.351986
-0.89364103,-0.287989
-0.89344103,-0.319988
-0.89324103,-0.287989
-0.89304103,-0.319988
-0.89284103,-0.319988
-0.89264103,-0.319988
-0.89244103,-0.351986
-0.89224103,-0.319988
-0.89204103,-0.319988
-0.89184103,-0.319988
-0.89164103,-0.319988
-0.89144103,-0.319988
-0.89124103,-0.287989
-0.89104103,-0.319988
-0.89084103,-0.351986
-0.89064103,-0.351986
-0.89044103,-0.287989
-0.89024103,-0.351986
-0.89004103,-0.25599
-0.88984103,-0.319988
-0.88964103,-0.287989
-0.88944103,-0.351986
-0.88924103,-0.319988
-0.88904103,-0.319988
-0.88884103,-0.351986
-0.88864103,-0.319988
-0.88844103,-0.319988
-0.88824103,-0.319988
-0.88804103,-0.287989
-0.88784103,-0.319988
-0.88764103,-0.287989
-0.88744103,-0.319988
-0.88724103,-0.287989
-0.88704103,-0.287989
-0.88684103,-0.287989
-0.88664103,-0.319988
-0.88644103,-0.319988
-0.88624103,-0.287989
-0.88604103,-0.287989
-0.88584103,-0.319988
-0.88564103,-0.287989
-0.88544103,-0.351986
-0.88524103,-0.319988
-0.88504103,-0.287989
-0.88484103,-0.319988
-0.88464103,-0.287989
-0.88444103,-0.25599
-0.88424103,-0.319988
-0.88404103,-0.287989
-0.88384103,-0.287989
-0.88364103,-0.287989
-0.88344103,-0.223991
-0.88324103,-0.25599
-0.88304103,-0.287989
-0.88284103,-0.25599
-0.88264103,-0.319988
-0.88244103,-0.25599
-0.88224103,-0.287989
-0.88204103,-0.287989
-0.88184103,-0.319988
-0.88164103,-0.223991
-0.88144103,-0.25599
-0.88124103,-0.287989
-0.88104103,-0.25599
-0.88084103,-0.25599
-0.88064103,-0.287989
-0.88044103,-0.25599
-0.88024103,-0.223991
-0.88004103,-0.319988
-0.87984103,-0.25599
-0.87964103,-0.25599
-0.87944103,-0.287989
-0.87924103,-0.191993
-0.87904103,-0.25599
-0.87884103,-0.223991
-0.87864103,-0.25599
-0.87844103,-0.25599
-0.87824103,-0.223991
-0.87804103,-0.25599
-0.87784103,-0.25599
-0.87764103,-0.287989
-0.87744103,-0.25599
-0.87724103,-0.287989
-0.87704103,-0.287989
-0.87684103,-0.223991
-0.87664103,-0.25599
-0.87644103,-0.25599
-0.87624103,-0.25599
-0.87604103,-0.25599
-0.87584103,-0.25599
-0.87564103,-0.25599
-0.87544103,-0.191993
-0.87524103,-0.191993
-0.87504103,-0.191993
-0.87484103,-0.25599
-0.87464103,-0.287989
-0.87444103,-0.191993
-0.87424103,-0.25599
-0.87404103,-0.223991
-0.87384103,-0.223991
-0.87364103,-0.191993
-0.87344103,-0.159994
-0.87324103,-0.25599
-0.87304103,-0.223991
-0.87284103,-0.191993
-0.87264103,-0.223991
-0.87244103,-0.191993
-0.87224103,-0.223991
-0.87204103,-0.191993
-0.87184103,-0.191993
-0.87164103,-0.223991
-0.87144103,-0.191993
-0.87124103,-0.223991
-0.87104103,-0.223991
-0.87084103,-0.191993
-0.87064103,-0.223991
-0.87044103,-0.159994
-0.87024103,-0.191993
-0.87004103,-0.223991
-0.86984103,-0.191993
-0.86964103,-0.127995
-0.86944103,-0.159994
-0.86924103,-0.191993
-0.86904103,-0.159994
-0.86884103,-0.159994
-0.86864103,-0.191993
-0.86844103,-0.127995
-0.86824103,-0.159994
-0.86804103,-0.159994
-0.86784103,-0.159994
-0.86764103,-0.191993
-0.86744103,-0.159994
-0.86724103,-0.127995
-0.86704103,-0.223991
-0.86684103,-0.191993
-0.86664103,-0.127995
-0.86644103,-0.159994
-0.86624103,-0.191993
-0.86604103,-0.159994
-0.86584103,-0.159994
-0.86564103,-0.127995
-0.86544103,-0.159994
-0.86524103,-0.159994
-0.86504103,-0.127995
-0.86484103,-0.127995
-0.86464103,-0.191993
-0.86444103,-0.127995
-0.86424103,-0.0959963
-0.86404103,-0.159994
-0.86384103,-0.159994
-0.86364103,-0.0959963
-0.86344103,-0.127995
-0.86324103,-0.127995
-0.86304103,-0.127995
-0.86284103,-0.127995
-0.86264103,-0.127995
-0.86244103,-0.159994
-0.86224103,-0.127995
-0.86204103,-0.127995
-0.86184103,-0.0959963
-0.86164103,-0.127995
-0.86144103,-0.0959963
-0.86124103,-0.0639975
-0.86104103,-0.127995
-0.86084103,-0.127995
-0.86064103,-0.0639975
-0.86044103,-0.159994
-0.86024103,-0.0959963
-0.86004103,-0.0959963
-0.85984103,-0.127995
-0.85964103,-0.0959963
-0.85944103,-0.0639975
-0.85924103,-0.0959963
-0.85904103,-0.0959963
-0.85884103,-0.0959963
-0.85864103,-0.0639975
-0.85844103,-0.127995
-0.85824103,-0.0959963
-0.85804103,-0.0959963
-0.85784103,-0.0959963
-0.85764103,-0.0319988
-0.85744103,-0.0959963
-0.85724103,-0.0639975
-0.85704103,-0.0639975
-0.85684103,-0.0639975
-0.85664103,-0.0319988
-0.85644103,-0.0319988
-0.85624103,-0.0959963
-0.85604103,-0.0959963
-0.85584103,-0.0319988
-0.85564103,-0.0959963
-0.85544103,0
-0.85524103,-0.0319988
-0.85504103,-0.0639975
-0.85484103,-0.0319988
-0.85464103,-0.0319988
-0.85444103,-0.0319988
-0.85424103,-0.0319988
-0.85404103,-0.0319988
-0.85384103,-0.127995
-0.85364103,0
-0.85344103,-0.0319988
-0.85324103,-0.0959963
-0.85304103,-0.0639975
-0.85284103,-0.0639975
-0.85264103,-0.0639975
-0.85244103,-0.0639975
-0.85224103,-0.0319988
-0.85204103,-0.0319988
-0.85184103,-0.0639975
-0.85164103,-0.0319988
-0.85144103,-0.0639975
-0.85124103,-0.0639975
-0.85104103,-0.0319988
-0.85084103,-0.0319988
-0.85064103,-0.0319988
-0.85044103,-0.0319988
-0.85024103,-0.0319988
-0.85004103,-0.0319988
-0.84984103,0.0639975
-0.84964103,0
-0.84944103,-0.0319988
-0.84924103,-0.0319988
-0.84904103,0
-0.84884103,0
-0.84864103,-0.0319988
-0.84844103,-0.0319988
-0.84824103,0.0319988
-0.84804103,0.0319988
-0.84784103,0
-0.84764103,0
-0.84744103,0
-0.84724103,-0.0319988
-0.84704103,0
-0.84684103,0
-0.84664103,0
-0.84644103,0.0319988
-0.84624103,0.0639975
-0.84604103,0
-0.84584103,0.0319988
-0.84564103,0.0319988
-0.84544103,0
-0.84524103,0.0319988
-0.84504103,0.0319988
-0.84484103,0.0319988
-0.84464103,0.0319988
-0.84444103,0.0319988
-0.84424103,0.0319988
-0.84404103,0.0319988
-0.84384103,0.0639975
-0.84364103,0
-0.84344103,0
-0.84324103,0.0319988
-0.84304103,0
-0.84284103,0.0319988
-0.84264103,0.0319988
-0.84244103,0
-0.84224103,0
-0.84204103,0.0319988
-0.84184103,0
-0.84164103,0.0319988
-0.84144103,0
-0.84124103,0
-0.84104103,0.0639975
-0.84084103,0
-0.84064103,0.0319988
-0.84044103,0.0639975
-0.84024103,0.0319988
-0.84004103,0.0319988
-0.83984103,0.0319988
-0.83964103,0.0319988
-0.83944103,0.0319988
-0.83924103,0.0319988
-0.83904103,0.0639975
-0.83884103,0.0319988
-0.83864103,0
-0.83844103,0.0639975
-0.83824103,0.0319988
-0.83804103,0.0639975
-0.83784103,0.0639975
-0.83764103,0.0319988
-0.83744103,0
-0.83724103,0.0319988
-0.83704103,0
-0.83684103,0
-0.83664103,0.0319988
-0.83644103,0
-0.83624103,0.0639975
-0.83604103,0.0319988
-0.83584103,-0.0319988
-0.83564103,0.0319988
-0.83544103,0.0319988
-0.83524103,0
-0.83504103,0
-0.83484103,0.0639975
-0.83464103,0.0319988
-0.83444103,0.0639975
-0.83424103,0.0319988
-0.83404103,0
-0.83384103,0.0639975
-0.83364103,0.0319988
-0.83344103,0
-0.83324103,0.0319988
-0.83304103,0.0319988
-0.83284103,0.0319988
-0.83264103,0.0319988
-0.83244103,0
-0.83224103,0.0319988
-0.83204103,0
-0.83184103,0.0319988
-0.83164103,0
-0.83144103,0.0319988
-0.83124103,0.0639975
-0.83104103,0
-0.83084103,0.0319988
-0.83064103,-0.0319988
-0.83044103,-0.0319988
-0.83024103,0
-0.83004103,0.0319988
-0.82984103,0.0319988
-0.82964103,0
-0.82944103,0
-0.82924103,0.0319988
-0.82904103,0
-0.82884103,0
-0.82864103,0
-0.82844103,0.0319988
-0.82824103,0
-0.82804103,-0.0319988
-0.82784103,0
-0.82764103,0
-0.82744103,-0.0319988
-0.82724103,0
-0.82704103,0.0319988
-0.82684103,-0.0639975
-0.82664103,-0.0319988
-0.82644103,0
-0.82624103,-0.0639975
-0.82604103,-0.0319988
-0.82584103,-0.0319988
-0.82564103,-0.0959963
-0.82544103,-0.0639975
-0.82524103,0.0319988
-0.82504103,-0.0319988
-0.82484103,-0.0319988
-0.82464103,0
-0.82444103,-0.0639975
-0.82424103,-0.0639975
-0.82404103,-0.0319988
-0.82384103,-0.0639975
-0.82364103,-0.0319988
-0.82344103,0
-0.82324103,-0.0639975
-0.82304103,-0.0639975
-0.82284103,0
-0.82264103,-0.0639975
-0.82244103,0
-0.82224103,0
-0.82204103,-0.0319988
-0.82184103,-0.0319988
-0.82164103,-0.0319988
-0.82144103,-0.0639975
-0.82124103,0
-0.82104103,-0.0639975
-0.82084103,0.0319988
-0.82064103,-0.0319988
-0.82044103,-0.0319988
-0.82024103,-0.0639975
-0.82004103,-0.0319988
-0.81984103,-0.0319988
-0.81964103,-0.0319988
-0.81944103,-0.0319988
-0.81924103,-0.0319988
-0.81904103,-0.0639975
-0.81884103,-0.0639975
-0.81864103,-0.0639975
-0.81844103,-0.0319988
-0.81824103,-0.0639975
-0.81804103,-0.0319988
-0.81784103,-0.0639975
-0.81764103,-0.0639975
-0.81744103,-0.0639975
-0.81724103,-0.0959963
-0.81704103,-0.0319988
-0.81684103,-0.0319988
-0.81664103,-0.0959963
-0.81644103,-0.0319988
-0.81624103,-0.0319988
-0.81604103,-0.0319988
-0.81584103,-0.0639975
-0.81564103,-0.0639975
-0.81544103,-0.0639975
-0.81524103,-0.0319988
-0.81504103,-0.0639975
-0.81484103,-0.0639975
-0.81464103,-0.0319988
-0.81444103,-0.0319988
-0.81424103,-0.0639975
-0.81404103,0
-0.81384103,-0.0319988
-0.81364103,-0.0639975
-0.81344103,-0.0639975
-0.81324103,-0.0639975
-0.81304103,-0.0639975
-0.81284103,-0.0639975
-0.81264103,-0.0319988
-0.81244103,-0.0959963
-0.81224103,-0.0959963
-0.81204103,-0.0639975
-0.81184103,-0.0639975
-0.81164103,-0.0639975
-0.81144103,-0.0639975
-0.81124103,-0.0639975
-0.81104103,-0.0959963
-0.81084103,-0.0639975
-0.81064103,-0.0959963
-0.81044103,-0.0639975
-0.81024103,-0.0959963
-0.81004103,-0.0959963
-0.80984103,-0.0639975
-0.80964103,-0.0959963
-0.80944103,-0.0959963
-0.80924103,-0.0639975
-0.80904103,-0.0959963
-0.80884103,-0.0959963
-0.80864103,-0.0639975
-0.80844103,-0.0639975
-0.80824103,-0.0319988
-0.80804103,-0.0959963
-0.80784103,-0.0959963
-0.80764103,-0.127995
-0.80744103,-0.0639975
-0.80724103,-0.0639975
-0.80704103,-0.159994
-0.80684103,-0.0959963
-0.80664103,-0.0959963
-0.80644103,-0.0959963
-0.80624103,-0.0959963
-0.80604103,-0.0639975
-0.80584103,-0.0959963
-0.80564103,-0.0639975
-0.80544103,-0.0959963
-0.80524103,-0.0959963
-0.80504103,-0.0959963
-0.80484103,-0.0959963
-0.80464103,-0.159994
-0.80444103,-0.127995
-0.80424103,-0.0959963
-0.80404103,-0.127995
-0.80384103,-0.0959963
-0.80364103,-0.0959963
-0.80344103,-0.127995
-0.80324103,-0.0959963
-0.80304103,-0.0639975
-0.80284103,-0.159994
-0.80264103,-0.0959963
-0.80244103,-0.0639975
-0.80224103,-0.127995
-0.80204103,-0.127995
-0.80184103,-0.0959963
-0.80164103,-0.127995
-0.80144103,-0.127995
-0.80124103,-0.0959963
-0.80104103,-0.127995
-0.80084103,-0.127995
-0.80064103,-0.127995
-0.80044103,-0.159994
-0.80024103,-0.0959963
-0.80004103,-0.127995
-0.79984103,-0.127995
-0.79964103,-0.159994
-0.79944103,-0.127995
-0.79924103,-0.159994
-0.79904103,-0.159994
-0.79884103,-0.191993
-0.79864103,-0.127995
-0.79844103,-0.0959963
-0.79824103,-0.127995
-0.79804103,-0.159994
-0.79784103,-0.159994
-0.79764103,-0.0959963
-0.79744103,-0.159994
-0.79724103,-0.127995
-0.79704103,-0.127995
-0.79684103,-0.127995
-0.79664103,-0.159994
-0.79644103,-0.127995
-0.79624103,-0.159994
-0.79604103,-0.127995
-0.79584103,-0.159994
-0.79564103,-0.159994
-0.79544103,-0.191993
-0.79524103,-0.127995
-0.79504103,-0.159994
-0.79484103,-0.159994
-0.79464103,-0.127995
-0.79444103,-0.127995
-0.79424103,-0.159994
-0.79404103,-0.127995
-0.79384103,-0.159994
-0.79364103,-0.159994
-0.79344103,-0.159994
-0.79324103,-0.159994
-0.79304103,-0.0959963
-0.79284103,-0.159994
-0.79264103,-0.191993
-0.79244103,-0.159994
-0.79224103,-0.159994
-0.79204103,-0.159994
-0.79184103,-0.127995
-0.79164103,-0.159994
-0.79144103,-0.223991
-0.79124103,-0.191993
-0.79104103,-0.127995
-0.79084103,-0.159994
-0.79064103,-0.159994
-0.79044103,-0.159994
-0.79024103,-0.159994
-0.79004103,-0.191993
-0.78984103,-0.191993
-0.78964103,-0.159994
-0.78944103,-0.223991
-0.78924103,-0.191993
-0.78904103,-0.191993
-0.78884103,-0.191993
-0.78864103,-0.159994
-0.78844103,-0.191993
-0.78824103,-0.223991
-0.78804103,-0.159994
-0.78784103,-0.191993
-0.78764103,-0.223991
-0.78744103,-0.159994
-0.78724103,-0.191993
-0.78704103,-0.223991
-0.78684103,-0.191993
-0.78664103,-0.159994
-0.78644103,-0.159994
-0.78624103,-0.159994
-0.78604103,-0.25599
-0.78584103,-0.223991
-0.78564103,-0.159994
-0.78544103,-0.223991
-0.78524103,-0.223991
-0.78504103,-0.159994
-0.78484103,-0.159994
-0.78464103,-0.191993
-0.78444103,-0.191993
-0.78424103,-0.191993
-0.78404103,-0.191993
-0.78384103,-0.191993
-0.78364103,-0.191993
-0.78344103,-0.191993
-0.78324103,-0.191993
-0.78304103,-0.191993
-0.78284103,-0.223991
-0.78264103,-0.191993
-0.78244103,-0.191993
-0.78224103,-0.191993
-0.78204103,-0.159994
-0.78184103,-0.223991
-0.78164103,-0.191993
-0.78144103,-0.191993
-0.78124103,-0.223991
-0.78104103,-0.223991
-0.78084103,-0.159994
-0.78064103,-0.223991
-0.78044103,-0.191993
-0.78024103,-0.223991
-0.78004103,-0.191993
-0.77984103,-0.223991
-0.77964103,-0.191993
-0.77944103,-0.223991
-0.77924103,-0.25599
-0.77904103,-0.223991
-0.77884103,-0.223991
-0.77864103,-0.25599
-0.77844103,-0.223991
-0.77824103,-0.191993
-0.77804103,-0.223991
-0.77784103,-0.159994
-0.77764103,-0.25599
-0.77744103,-0.223991
-0.77724103,-0.159994
-0.77704103,-0.25599
-0.77684103,-0.25599
-0.77664103,-0.191993
-0.77644103,-0.287989
-0.77624103,-0.25599
-0.77604103,-0.191993
-0.77584103,-0.223991
-0.77564103,-0.223991
-0.77544103,-0.191993
-0.77524103,-0.25599
-0.77504103,-0.191993
-0.77484103,-0.223991
-0.77464103,-0.25599
-0.77444103,-0.25599
-0.77424103,-0.25599
-0.77404103,-0.223991
-0.77384103,-0.223991
-0.77364103,-0.191993
-0.77344103,-0.25599
-0.77324103,-0.25599
-0.77304103,-0.25599
-0.77284103,-0.223991
-0.77264103,-0.223991
-0.77244103,-0.25599
-0.77224103,-0.223991
-0.77204103,-0.223991
-0.77184103,-0.223991
-0.77164103,-0.25599
-0.77144103,-0.223991
-0.77124103,-0.25599
-0.77104103,-0.25599
-0.77084103,-0.25599
-0.77064103,-0.25599
-0.77044103,-0.25599
-0.77024103,-0.25599
-0.77004103,-0.191993
-0.76984103,-0.25599
-0.76964103,-0.25599
-0.76944103,-0.287989
-0.76924103,-0.25599
-0.76904103,-0.25599
-0.76884103,-0.223991
-0.76864103,-0.223991
-0.76844103,-0.25599
-0.76824103,-0.223991
-0.76804103,-0.223991
-0.76784103,-0.25599
-0.76764103,-0.223991
-0.76744103,-0.25599
-0.76724103,-0.25599
-0.76704103,-0.223991
-0.76684103,-0.25599
-0.76664103,-0.287989
-0.76644103,-0.223991
-0.76624103,-0.25599
-0.76604103,-0.25599
-0.76584103,-0.223991
-0.76564103,-0.25599
-0.76544103,-0.287989
-0.76524103,-0.223991
-0.76504103,-0.25599
-0.76484103,-0.223991
-0.76464103,-0.223991
-0.76444103,-0.25599
-0.76424103,-0.25599
-0.76404103,-0.223991
-0.76384103,-0.223991
-0.76364103,-0.25599
-0.76344103,-0.25599
-0.76324103,-0.25599
-0.76304103,-0.223991
-0.76284103,-0.287989
-0.76264103,-0.25599
-0.76244103,-0.287989
-0.76224103,-0.287989
-0.76204103,-0.25599
-0.76184103,-0.287989
-0.76164103,-0.25599
-0.76144103,-0.287989
-0.76124103,-0.287989
-0.76104103,-0.191993
-0.76084103,-0.287989
-0.76064103,-0.25599
-0.76044103,-0.25599
-0.76024103,-0.25599
-0.76004103,-0.287989
-0.75984103,-0.287989
-0.75964103,-0.287989
-0.75944103,-0.25599
-0.75924103,-0.287989
-0.75904103,-0.319988
-0.75884103,-0.287989
-0.75864103,-0.287989
-0.75844103,-0.287989
-0.75824103,-0.319988
-0.75804103,-0.319988
-0.75784103,-0.319988
-0.75764103,-0.287989
-0.75744103,-0.287989
-0.75724103,-0.25599
-0.75704103,-0.319988
-0.75684103,-0.319988
-0.75664103,-0.319988
-0.75644103,-0.287989
-0.75624103,-0.319988
-0.75604103,-0.319988
-0.75584103,-0.287989
-0.75564103,-0.319988
-0.75544103,-0.319988
-0.75524103,-0.319988
-0.75504103,-0.319988
-0.75484103,-0.351986
-0.75464103,-0.383985
-0.75444103,-0.287989
-0.75424103,-0.383985
-0.75404103,-0.351986
-0.75384103,-0.287989
-0.75364103,-0.319988
-0.75344103,-0.351986
-0.75324103,-0.351986
-0.75304103,-0.351986
-0.75284103,-0.383985
-0.75264103,-0.383985
-0.75244103,-0.351986
-0.75224103,-0.415984
-0.75204103,-0.351986
-0.75184103,-0.351986
-0.75164103,-0.383985
-0.75144103,-0.383985
-0.75124103,-0.351986
-0.75104103,-0.415984
-0.75084103,-0.383985
-0.75064103,-0.383985
-0.75044103,-0.415984
-0.75024103,-0.383985
-0.75004103,-0.351986
-0.74984103,-0.383985
-0.74964103,-0.383985
-0.74944103,-0.415984
-0.74924103,-0.415984
-0.74904103,-0.415984
-0.74884103,-0.383985
-0.74864103,-0.383985
-0.74844103,-0.415984
-0.74824103,-0.415984
-0.74804103,-0.415984
-0.74784103,-0.415984
-0.74764103,-0.415984
-0.74744103,-0.447983
-0.74724103,-0.415984
-0.74704103,-0.383985
-0.74684103,-0.415984
-0.74664103,-0.415984
-0.74644103,-0.415984
-0.74624103,-0.415984
-0.74604103,-0.415984
-0.74584103,-0.415984
-0.74564103,-0.447983
-0.74544103,-0.447983
-0.74524103,-0.447983
-0.74504103,-0.415984
-0.74484103,-0.447983
-0.74464103,-0.415984
-0.74444103,-0.447983
-0.74424103,-0.479982
-0.74404103,-0.415984
-0.74384103,-0.479982
-0.74364103,-0.447983
-0.74344103,-0.479982
-0.74324103,-0.51198
-0.74304103,-0.479982
-0.74284103,-0.447983
-0.74264103,-0.51198
-0.74244103,-0.479982
-0.74224103,-0.447983
-0.74204103,-0.51198
-0.74184103,-0.479982
-0.74164103,-0.51198
-0.74144103,-0.51198
-0.74124103,-0.51198
-0.74104103,-0.479982
-0.74084103,-0.543979
-0.74064103,-0.51198
-0.74044103,-0.51198
-0.74024103,-0.479982
-0.74004103,-0.51198
-0.73984103,-0.447983
-0.73964103,-0.543979
-0.73944103,-0.543979
-0.73924103,-0.51198
-0.73904103,-0.51198
-0.73884103,-0.51198
-0.73864103,-0.479982
-0.73844103,-0.51198
-0.73824103,-0.51198
-0.73804103,-0.479982
-0.73784103,-0.543979
-0.73764103,-0.575978
-0.73744103,-0.51198
-0.73724103,-0.607977
-0.73704103,-0.543979
-0.73684103,-0.51198
-0.73664103,-0.575978
-0.73644103,-0.543979
-0.73624103,-0.543979
-0.73604103,-0.543979
-0.73584103,-0.575978
-0.73564103,-0.543979
-0.73544103,-0.575978
-0.73524103,-0.575978
-0.73504103,-0.575978
-0.73484103,-0.543979
-0.73464103,-0.575978
-0.73444103,-0.575978
-0.73424103,-0.575978
-0.73404103,-0.543979
-0.73384103,-0.51198
-0.73364103,-0.543979
-0.73344103,-0.575978
-0.73324103,-0.543979
-0.73304103,-0.575978
-0.73284103,-0.575978
-0.73264103,-0.543979
-0.73244103,-0.607977
-0.73224103,-0.543979
-0.73204103,-0.543979
-0.73184103,-0.575978
-0.73164103,-0.543979
-0.73144103,-0.543979
-0.73124103,-0.543979
-0.73104103,-0.607977
-0.73084103,-0.543979
-0.73064103,-0.575978
-0.73044103,-0.543979
-0.73024103,-0.575978
-0.73004103,-0.575978
-0.72984103,-0.575978
-0.72964103,-0.607977
-0.72944103,-0.607977
-0.72924103,-0.607977
-0.72904103,-0.575978
-0.72884103,-0.639975
-0.72864103,-0.607977
-0.72844103,-0.575978
-0.72824103,-0.575978
-0.72804103,-0.575978
-0.72784103,-0.575978
-0.72764103,-0.607977
-0.72744103,-0.607977
-0.72724103,-0.607977
-0.72704103,-0.607977
-0.72684103,-0.607977
-0.72664103,-0.575978
-0.72644103,-0.639975
-0.72624103,-0.607977
-0.72604103,-0.607977
-0.72584103,-0.607977
-0.72564103,-0.607977
-0.72544103,-0.607977
-0.72524103,-0.639975
-0.72504103,-0.607977
-0.72484103,-0.575978
-0.72464103,-0.639975
-0.72444103,-0.607977
-0.72424103,-0.607977
-0.72404103,-0.639975
-0.72384103,-0.639975
-0.72364103,-0.639975
-0.72344103,-0.639975
-0.72324103,-0.639975
-0.72304103,-0.575978
-0.72284103,-0.607977
-0.72264103,-0.671974
-0.72244103,-0.639975
-0.72224103,-0.607977
-0.72204103,-0.639975
-0.72184103,-0.639975
-0.72164103,-0.639975
-0.72144103,-0.671974
-0.72124103,-0.671974
-0.72104103,-0.671974
-0.72084103,-0.639975
-0.72064103,-0.639975
-0.72044103,-0.671974
-0.72024103,-0.639975
-0.72004103,-0.607977
-0.71984103,-0.639975
-0.71964103,-0.671974
-0.71944103,-0.671974
-0.71924103,-0.671974
-0.71904103,-0.639975
-0.71884103,-0.671974
-0.71864103,-0.671974
-0.71844103,-0.703973
-0.71824103,-0.703973
-0.71804103,-0.671974
-0.71784103,-0.671974
-0.71764103,-0.703973
-0.71744103,-0.671974
-0.71724103,-0.703973
-0.71704103,-0.703973
-0.71684103,-0.671974
-0.71664103,-0.671974
-0.71644103,-0.703973
-0.71624103,-0.735972
-0.71604103,-0.703973
-0.71584103,-0.703973
-0.71564103,-0.671974
-0.71544103,-0.703973
-0.71524103,-0.703973
-0.71504103,-0.735972
-0.71484103,-0.703973
-0.71464103,-0.735972
-0.71444103,-0.703973
-0.71424103,-0.703973
-0.71404103,-0.735972
-0.71384103,-0.703973
-0.71364103,-0.735972
-0.71344103,-0.735972
-0.71324103,-0.735972
-0.71304103,-0.703973
-0.71284103,-0.703973
-0.71264103,-0.703973
-0.71244103,-0.703973
-0.71224103,-0.735972
-0.71204103,-0.735972
-0.71184103,-0.735972
-0.71164103,-0.703973
-0.71144103,-0.767971
-0.71124103,-0.767971
-0.71104103,-0.767971
-0.71084103,-0.767971
-0.71064103,-0.735972
-0.71044103,-0.767971
-0.71024103,-0.767971
-0.71004103,-0.735972
-0.70984103,-0.767971
-0.70964103,-0.767971
-0.70944103,-0.735972
-0.70924103,-0.767971
-0.70904103,-0.767971
-0.70884103,-0.799969
-0.70864103,-0.767971
-0.70844103,-0.767971
-0.70824103,-0.799969
-0.70804103,-0.767971
-0.70784103,-0.799969
-0.70764103,-0.767971
-0.70744103,-0.767971
-0.70724103,-0.799969
-0.70704103,-0.735972
-0.70684103,-0.799969
-0.70664103,-0.767971
-0.70644103,-0.767971
-0.70624103,-0.799969
-0.70604103,-0.799969
-0.70584103,-0.863967
-0.70564103,-0.799969
-0.70544103,-0.767971
-0.70524103,-0.799969
-0.70504103,-0.799969
-0.70484103,-0.799969
-0.70464103,-0.799969
-0.70444103,-0.799969
-0.70424103,-0.831968
-0.70404103,-0.831968
-0.70384103,-0.831968
-0.70364103,-0.831968
-0.70344103,-0.831968
-0.70324103,-0.799969
-0.70304103,-0.831968
-0.70284103,-0.799969
-0.70264103,-0.831968
-0.70244103,-0.799969
-0.70224103,-0.831968
-0.70204103,-0.831968
-0.70184103,-0.831968
-0.70164103,-0.831968
-0.70144103,-0.863967
-0.70124103,-0.863967
-0.70104103,-0.831968
-0.70084103,-0.863967
-0.70064103,-0.831968
-0.70044103,-0.863967
-0.70024103,-0.863967
-0.70004103,-0.895966
-0.69984103,-0.895966
-0.69964103,-0.895966
-0.69944103,-0.927964
-0.69924103,-0.927964
-0.69904103,-0.927964
-0.69884103,-0.863967
-0.69864103,-0.927964
-0.69844103,-0.959963
-0.69824103,-0.927964
-0.69804103,-0.927964
-0.69784103,-0.959963
-0.69764103,-0.895966
-0.69744103,-0.895966
-0.69724103,-0.927964
-0.69704103,-0.895966
-0.69684103,-0.895966
-0.69664103,-0.895966
-0.69644103,-0.927964
-0.69624103,-0.927964
-0.69604103,-0.959963
-0.69584103,-0.927964
-0.69564103,-0.959963
-0.69544103,-0.959963
-0.69524103,-0.927964
-0.69504103,-0.895966
-0.69484103,-0.959963
-0.69464103,-0.959963
-0.69444103,-0.927964
-0.69424103,-1.02396
-0.69404103,-0.959963
-0.69384103,-0.959963
-0.69364103,-0.959963
-0.69344103,-0.959963
-0.69324103,-0.959963
-0.69304103,-0.991962
-0.69284103,-0.959963
-0.69264103,-0.991962
-0.69244103,-0.959963
-0.69224103,-0.991962
-0.69204103,-0.959963
-0.69184103,-1.02396
-0.69164103,-0.959963
-0.69144103,-0.991962
-0.69124103,-0.991962
-0.69104103,-1.02396
-0.69084103,-0.991962
-0.69064103,-1.02396
-0.69044103,-0.991962
-0.69024103,-0.991962
-0.69004103,-1.05596
-0.68984103,-1.05596
-0.68964103,-0.991962
-0.68944103,-1.05596
-0.68924103,-1.02396
-0.68904103,-1.02396
-0.68884103,-1.05596
-0.68864103,-1.08796
-0.68844103,-1.08796
-0.68824103,-1.02396
-0.68804103,-1.08796
-0.68784103,-1.05596
-0.68764103,-1.08796
-0.68744103,-1.08796
-0.68724103,-1.08796
-0.68704103,-1.05596
-0.68684103,-1.08796
-0.68664103,-1.08796
-0.68644103,-1.11996
-0.68624103,-1.08796
-0.68604103,-1.11996
-0.68584103,-1.11996
-0.68564103,-1.11996
-0.68544103,-1.08796
-0.68524103,-1.08796
-0.68504103,-1.08796
-0.68484103,-1.11996
-0.68464103,-1.15196
-0.68444103,-1.11996
-0.68424103,-1.08796
-0.68404103,-1.11996
-0.68384103,-1.15196
-0.68364103,-1.11996
-0.68344103,-1.11996
-0.68324103,-1.11996
-0.68304103,-1.11996
-0.68284103,-1.15196
-0.68264103,-1.15196
-0.68244103,-1.15196
-0.68224103,-1.15196
-0.68204103,-1.18395
-0.68184103,-1.08796
-0.68164103,-1.15196
-0.68144103,-1.15196
-0.68124103,-1.18395
-0.68104103,-1.18395
-0.68084103,-1.21595
-0.68064103,-1.18395
-0.68044103,-1.18395
-0.68024103,-1.21595
-0.68004103,-1.18395
-0.67984103,-1.15196
-0.67964103,-1.21595
-0.67944103,-1.18395
-0.67924103,-1.18395
-0.67904103,-1.18395
-0.67884103,-1.18395
-0.67864103,-1.18395
-0.67844103,-1.21595
-0.67824103,-1.21595
-0.67804103,-1.24795
-0.67784103,-1.24795
-0.67764103,-1.21595
-0.67744103,-1.21595
-0.67724103,-1.24795
-0.67704103,-1.27995
-0.67684103,-1.24795
-0.67664103,-1.24795
-0.67644103,-1.24795
-0.67624103,-1.27995
-0.67604103,-1.27995
-0.67584103,-1.24795
-0.67564103,-1.27995
-0.67544103,-1.24795
-0.67524103,-1.27995
-0.67504103,-1.27995
-0.67484103,-1.27995
-0.67464103,-1.27995
-0.67444103,-1.21595
-0.67424103,-1.31195
-0.67404103,-1.31195
-0.67384103,-1.24795
-0.67364103,-1.24795
-0.67344103,-1.27995
-0.67324103,-1.31195
-0.67304103,-1.31195
-0.67284103,-1.31195
-0.67264103,-1.31195
-0.67244103,-1.27995
-0.67224103,-1.31195
-0.67204103,-1.31195
-0.67184103,-1.31195
-0.67164103,-1.31195
-0.67144103,-1.34395
-0.67124103,-1.31195
-0.67104103,-1.27995
-0.67084103,-1.31195
-0.67064103,-1.31195
-0.67044103,-1.31195
-0.67024103,-1.37595
-0.67004103,-1.31195
-0.66984103,-1.34395
-0.66964103,-1.27995
-0.66944103,-1.31195
-0.66924103,-1.34395
-0.66904103,-1.31195
-0.66884103,-1.31195
-0.66864103,-1.34395
-0.66844103,-1.37595
-0.66824103,-1.31195
-0.66804103,-1.34395
-0.66784103,-1.34395
-0.66764103,-1.31195
-0.66744103,-1.31195
-0.66724103,-1.31195
-0.66704103,-1.34395
-0.66684103,-1.31195
-0.66664103,-1.34395
-0.66644103,-1.34395
-0.66624103,-1.37595
-0.66604103,-1.34395
-0.66584103,-1.34395
-0.66564103,-1.34395
-0.66544103,-1.37595
-0.66524103,-1.31195
-0.66504103,-1.37595
-0.66484103,-1.31195
-0.66464103,-1.34395
-0.66444103,-1.34395
-0.66424103,-1.31195
-0.66404103,-1.31195
-0.66384103,-1.34395
-0.66364103,-1.37595
-0.66344103,-1.37595
-0.66324103,-1.37595
-0.66304103,-1.34395
-0.66284103,-1.37595
-0.66264103,-1.37595
-0.66244103,-1.37595
-0.66224103,-1.34395
-0.66204103,-1.34395
-0.66184103,-1.34395
-0.66164103,-1.34395
-0.66144103,-1.37595
-0.66124103,-1.34395
-0.66104103,-1.31195
-0.66084103,-1.37595
-0.66064103,-1.31195
-0.66044103,-1.34395
-0.66024103,-1.37595
-0.66004103,-1.34395
-0.65984103,-1.34395
-0.65964103,-1.37595
-0.65944103,-1.34395
-0.65924103,-1.31195
-0.65904103,-1.37595
-0.65884103,-1.34395
-0.65864103,-1.34395
-0.65844103,-1.37595
-0.65824103,-1.34395
-0.65804103,-1.34395
-0.65784103,-1.37595
-0.65764103,-1.31195
-0.65744103,-1.31195
-0.65724103,-1.34395
-0.65704103,-1.34395
-0.65684103,-1.31195
-0.65664103,-1.34395
-0.65644103,-1.37595
-0.65624103,-1.34395
-0.65604103,-1.34395
-0.65584103,-1.31195
-0.65564103,-1.31195
-0.65544103,-1.37595
-0.65524103,-1.34395
-0.65504103,-1.31195
-0.65484103,-1.37595
-0.65464103,-1.34395
-0.65444103,-1.31195
-0.65424103,-1.34395
-0.65404103,-1.34395
-0.65384103,-1.31195
-0.65364103,-1.34395
-0.65344103,-1.31195
-0.65324103,-1.31195
-0.65304103,-1.34395
-0.65284103,-1.31195
-0.65264103,-1.34395
-0.65244103,-1.34395
-0.65224103,-1.34395
-0.65204103,-1.34395
-0.65184103,-1.34395
-0.65164103,-1.31195
-0.65144103,-1.31195
-0.65124103,-1.34395
-0.65104103,-1.34395
-0.65084103,-1.34395
-0.65064103,-1.34395
-0.65044103,-1.31195
-0.65024103,-1.27995
-0.65004103,-1.27995
-0.64984103,-1.27995
-0.64964103,-1.31195
-0.64944103,-1.21595
-0.64924103,-1.27995
-0.64904103,-1.24795
-0.64884103,-1.27995
-0.64864103,-1.27995
-0.64844103,-1.31195
-0.64824103,-1.31195
-0.64804103,-1.27995
-0.64784103,-1.27995
-0.64764103,-1.24795
-0.64744103,-1.21595
-0.64724103,-1.27995
-0.64704103,-1.27995
-0.64684103,-1.27995
-0.64664103,-1.24795
-0.64644103,-1.27995
-0.64624103,-1.24795
-0.64604103,-1.24795
-0.64584103,-1.27995
-0.64564103,-1.21595
-0.64544103,-1.24795
-0.64524103,-1.27995
-0.64504103,-1.24795
-0.64484103,-1.21595
-0.64464103,-1.24795
-0.64444103,-1.24795
-0.64424103,-1.21595
-0.64404103,-1.27995
-0.64384103,-1.21595
-0.64364103,-1.18395
-0.64344103,-1.21595
-0.64324103,-1.24795
-0.64304103,-1.21595
-0.64284103,-1.18395
-0.64264103,-1.18395
-0.64244103,-1.21595
-0.64224103,-1.21595
-0.64204103,-1.18395
-0.64184103,-1.18395
-0.64164103,-1.18395
-0.64144103,-1.18395
-0.64124103,-1.18395
-0.64104103,-1.15196
-0.64084103,-1.15196
-0.64064103,-1.18395
-0.64044103,-1.18395
-0.64024103,-1.18395
-0.64004103,-1.15196
-0.63984103,-1.11996
-0.63964103,-1.15196
-0.63944103,-1.11996
-0.63924103,-1.18395
-0.63904103,-1.15196
-0.63884103,-1.15196
-0.63864103,-1.11996
-0.63844103,-1.15196
-0.63824103,-1.15196
-0.63804103,-1.15196
-0.63784103,-1.11996
-0.63764103,-1.05596
-0.63744103,-1.11996
-0.63724103,-1.08796
-0.63704103,-1.11996
-0.63684103,-1.11996
-0.63664103,-1.08796
-0.63644103,-1.11996
-0.63624103,-1.11996
-0.63604103,-1.08796
-0.63584103,-1.02396
-0.63564103,-1.08796
-0.63544103,-1.08796
-0.63524103,-1.05596
-0.63504103,-1.05596
-0.63484103,-1.05596
-0.63464103,-1.05596
-0.63444103,-1.05596
-0.63424103,-1.05596
-0.63404103,-1.02396
-0.63384103,-1.02396
-0.63364103,-0.991962
-0.63344103,-0.991962
-0.63324103,-0.959963
-0.63304103,-1.02396
-0.63284103,-0.991962
-0.63264103,-0.991962
-0.63244103,-0.959963
-0.63224103,-0.991962
-0.63204103,-0.959963
-0.63184103,-0.959963
-0.63164103,-0.959963
-0.63144103,-0.959963
-0.63124103,-0.959963
-0.63104103,-0.927964
-0.63084103,-0.927964
-0.63064103,-0.959963
-0.63044103,-0.927964
-0.63024103,-0.927964
-0.63004103,-0.927964
-0.62984103,-0.863967
-0.62964103,-0.927964
-0.62944103,-0.863967
-0.62924103,-0.895966
-0.62904103,-0.863967
-0.62884103,-0.863967
-0.62864103,-0.895966
-0.62844103,-0.927964
-0.62824103,-0.831968
-0.62804103,-0.895966
-0.62784103,-0.863967
-0.62764103,-0.831968
-0.62744103,-0.831968
-0.62724103,-0.863967
-0.62704103,-0.831968
-0.62684103,-0.863967
-0.62664103,-0.799969
-0.62644103,-0.831968
-0.62624103,-0.799969
-0.62604103,-0.767971
-0.62584103,-0.799969
-0.62564103,-0.767971
-0.62544103,-0.735972
-0.62524103,-0.799969
-0.62504103,-0.767971
-0.62484103,-0.767971
-0.62464103,-0.799969
-0.62444103,-0.735972
-0.62424103,-0.703973
-0.62404103,-0.735972
-0.62384103,-0.703973
-0.62364103,-0.703973
-0.62344103,-0.735972
-0.62324103,-0.703973
-0.62304103,-0.703973
-0.62284103,-0.703973
-0.62264103,-0.703973
-0.62244103,-0.703973
-0.62224103,-0.671974
-0.62204103,-0.671974
-0.62184103,-0.671974
-0.62164103,-0.639975
-0.62144103,-0.639975
-0.62124103,-0.671974
-0.62104103,-0.639975
-0.62084103,-0.671974
-0.62064103,-0.607977
-0.62044103,-0.639975
-0.62024103,-0.607977
-0.62004103,-0.575978
-0.61984103,-0.607977
-0.61964103,-0.607977
-0.61944103,-0.575978
-0.61924103,-0.575978
-0.61904103,-0.607977
-0.61884103,-0.575978
-0.61864103,-0.543979
-0.61844103,-0.543979
-0.61824103,-0.543979
-0.61804103,-0.51198
-0.61784103,-0.543979
-0.61764103,-0.543979
-0.61744103,-0.479982
-0.61724103,-0.543979
-0.61704103,-0.543979
-0.61684103,-0.479982
-0.61664103,-0.543979
-0.61644103,-0.51198
-0.61624103,-0.479982
-0.61604103,-0.51198
-0.61584103,-0.447983
-0.61564103,-0.479982
-0.61544103,-0.51198
-0.61524103,-0.447983
-0.61504103,-0.447983
-0.61484103,-0.479982
-0.61464103,-0.479982
-0.61444103,-0.447983
-0.61424103,-0.415984
-0.61404103,-0.383985
-0.61384103,-0.447983
-0.61364103,-0.415984
-0.61344103,-0.415984
-0.61324103,-0.415984
-0.61304103,-0.415984
-0.61284103,-0.415984
-0.61264103,-0.383985
-0.61244103,-0.383985
-0.61224103,-0.415984
-0.61204103,-0.351986
-0.61184103,-0.383985
-0.61164103,-0.351986
-0.61144103,-0.351986
-0.61124103,-0.319988
-0.61104103,-0.319988
-0.61084103,-0.351986
-0.61064103,-0.319988
-0.61044103,-0.319988
-0.61024103,-0.319988
-0.61004103,-0.319988
-0.60984103,-0.25599
-0.60964103,-0.287989
-0.60944103,-0.351986
-0.60924103,-0.25599
-0.60904103,-0.287989
-0.60884103,-0.319988
-0.60864103,-0.287989
-0.60844103,-0.25599
-0.60824103,-0.223991
-0.60804103,-0.223991
-0.60784103,-0.25599
-0.60764103,-0.223991
-0.60744103,-0.191993
-0.60724103,-0.25599
-0.60704103,-0.223991
-0.60684103,-0.159994
-0.60664103,-0.223991
-0.60644103,-0.191993
-0.60624103,-0.159994
-0.60604103,-0.191993
-0.60584103,-0.159994
-0.60564103,-0.159994
-0.60544103,-0.159994
-0.60524103,-0.127995
-0.60504103,-0.159994
-0.60484103,-0.127995
-0.60464103,-0.0639975
-0.60444103,-0.127995
-0.60424103,-0.127995
-0.60404103,-0.0639975
-0.60384103,-0.0319988
-0.60364103,-0.159994
-0.60344103,-0.0639975
-0.60324103,-0.0959963
-0.60304103,-0.0959963
-0.60284103,-0.0959963
-0.60264103,-0.0959963
-0.60244103,-0.0959963
-0.60224103,0.0319988
-0.60204103,-0.0319988
-0.60184103,-0.0319988
-0.60164103,0
-0.60144103,0
-0.60124103,-0.0319988
-0.60104103,0
-0.60084103,0
-0.60064103,0.0319988
-0.60044103,0.0319988
-0.60024103,0.0639975
-0.60004103,0.0319988
-0.59984103,0.0639975
-0.59964103,0.0639975
-0.59944103,0
-0.59924103,0.0639975
-0.59904103,0.0639975
-0.59884103,0.0959963
-0.59864103,0.127995
-0.59844103,0.127995
-0.59824103,0.127995
-0.59804103,0.127995
-0.59784103,0.127995
-0.59764103,0.127995
-0.59744103,0.127995
-0.59724103,0.127995
-0.59704103,0.127995
-0.59684103,0.159994
-0.59664103,0.191993
-0.59644103,0.223991
-0.59624103,0.223991
-0.59604103,0.191993
-0.59584103,0.191993
-0.59564103,0.223991
-0.59544103,0.223991
-0.59524103,0.223991
-0.59504103,0.287989
-0.59484103,0.25599
-0.59464103,0.287989
-0.59444103,0.319988
-0.59424103,0.287989
-0.59404103,0.25599
-0.59384103,0.287989
-0.59364103,0.25599
-0.59344103,0.287989
-0.59324103,0.319988
-0.59304103,0.319988
-0.59284103,0.319988
-0.59264103,0.383985
-0.59244103,0.351986
-0.59224103,0.351986
-0.59204103,0.383985
-0.59184103,0.351986
-0.59164103,0.351986
-0.59144103,0.351986
-0.59124103,0.383985
-0.59104103,0.383985
-0.59084103,0.447983
-0.59064103,0.447983
-0.59044103,0.447983
-0.59024103,0.415984
-0.59004103,0.447983
-0.58984103,0.383985
-0.58964103,0.479982
-0.58944103,0.447983
-0.58924103,0.447983
-0.58904103,0.51198
-0.58884103,0.543979
-0.58864103,0.51198
-0.58844103,0.543979
-0.58824103,0.51198
-0.58804103,0.51198
-0.58784103,0.543979
-0.58764103,0.51198
-0.58744103,0.543979
-0.58724103,0.575978
-0.58704103,0.607977
-0.58684103,0.607977
-0.58664103,0.639975
-0.58644103,0.671974
-0.58624103,0.607977
-0.58604103,0.639975
-0.58584103,0.639975
-0.58564103,0.607977
-0.58544103,0.671974
-0.58524103,0.639975
-0.58504103,0.703973
-0.58484103,0.671974
-0.58464103,0.735972
-0.58444103,0.735972
-0.58424103,0.735972
-0.58404103,0.735972
-0.58384103,0.703973
-0.58364103,0.735972
-0.58344103,0.735972
-0.58324103,0.767971
-0.58304103,0.767971
-0.58284103,0.799969
-0.58264103,0.799969
-0.58244103,0.735972
-0.58224103,0.863967
-0.58204103,0.831968
-0.58184103,0.799969
-0.58164103,0.831968
-0.58144103,0.799969
-0.58124103,0.863967
-0.58104103,0.927964
-0.58084103,0.863967
-0.58064103,0.863967
-0.58044103,0.895966
-0.58024103,0.895966
-0.58004103,0.895966
-0.57984103,0.895966
-0.57964103,0.895966
-0.57944103,0.959963
-0.57924103,0.927964
-0.57904103,0.959963
-0.57884103,1.02396
-0.57864103,1.02396
-0.57844103,0.959963
-0.57824103,0.959963
-0.57804103,0.991962
-0.57784103,0.991962
-0.57764103,1.02396
-0.57744103,1.02396
-0.57724103,1.05596
-0.57704103,1.05596
-0.57684103,1.02396
-0.57664103,1.05596
-0.57644103,1.02396
-0.57624103,1.08796
-0.57604103,1.05596
-0.57584103,1.02396
-0.57564103,1.05596
-0.57544103,1.11996
-0.57524103,1.11996
-0.57504103,1.11996
-0.57484103,1.15196
-0.57464103,1.18395
-0.57444103,1.18395
-0.57424103,1.15196
-0.57404103,1.15196
-0.57384103,1.15196
-0.57364103,1.18395
-0.57344103,1.21595
-0.57324103,1.21595
-0.57304103,1.21595
-0.57284103,1.21595
-0.57264103,1.24795
-0.57244103,1.27995
-0.57224103,1.18395
-0.57204103,1.24795
-0.57184103,1.24795
-0.57164103,1.24795
-0.57144103,1.31195
-0.57124103,1.27995
-0.57104103,1.27995
-0.57084103,1.34395
-0.57064103,1.27995
-0.57044103,1.31195
-0.57024103,1.34395
-0.57004103,1.31195
-0.56984103,1.31195
-0.56964103,1.37595
-0.56944103,1.34395
-0.56924103,1.34395
-0.56904103,1.34395
-0.56884103,1.37595
-0.56864103,1.37595
-0.56844103,1.40795
-0.56824103,1.37595
-0.56804103,1.37595
-0.56784103,1.40795
-0.56764103,1.37595
-0.56744103,1.37595
-0.56724103,1.43994
-0.56704103,1.40795
-0.56684103,1.40795
-0.56664103,1.43994
-0.56644103,1.43994
-0.56624103,1.43994
-0.56604103,1.43994
-0.56584103,1.43994
-0.56564103,1.50394
-0.56544103,1.53594
-0.56524103,1.50394
-0.56504103,1.47194
-0.56484103,1.50394
-0.56464103,1.47194
-0.56444103,1.47194
-0.56424103,1.50394
-0.56404103,1.50394
-0.56384103,1.50394
-0.56364103,1.53594
-0.56344103,1.50394
-0.56324103,1.56794
-0.56304103,1.56794
-0.56284103,1.53594
-0.56264103,1.56794
-0.56244103,1.56794
-0.56224103,1.59994
-0.56204103,1.59994
-0.56184103,1.59994
-0.56164103,1.59994
-0.56144103,1.59994
-0.56124103,1.63194
-0.56104103,1.63194
-0.56084103,1.63194
-0.56064103,1.63194
-0.56044103,1.63194
-0.56024103,1.63194
-0.56004103,1.66394
-0.55984103,1.66394
-0.55964103,1.66394
-0.55944103,1.69593
-0.55924103,1.69593
-0.55904103,1.69593
-0.55884103,1.69593
-0.55864103,1.72793
-0.55844103,1.66394
-0.55824103,1.69593
-0.55804103,1.75993
-0.55784103,1.72793
-0.55764103,1.72793
-0.55744103,1.75993
-0.55724103,1.72793
-0.55704103,1.72793
-0.55684103,1.79193
-0.55664103,1.75993
-0.55644103,1.75993
-0.55624103,1.79193
-0.55604103,1.82393
-0.55584103,1.79193
-0.55564103,1.82393
-0.55544103,1.85593
-0.55524103,1.79193
-0.55504103,1.85593
-0.55484103,1.85593
-0.55464103,1.75993
-0.55444103,1.82393
-0.55424103,1.79193
-0.55404103,1.85593
-0.55384103,1.85593
-0.55364103,1.88793
-0.55344103,1.85593
-0.55324103,1.85593
-0.55304103,1.88793
-0.55284103,1.88793
-0.55264103,1.85593
-0.55244103,1.85593
-0.55224103,1.91993
-0.55204103,1.88793
-0.55184103,1.91993
-0.55164103,1.95193
-0.55144103,1.91993
-0.55124103,1.88793
-0.55104103,1.95193
-0.55084103,1.95193
-0.55064103,1.91993
-0.55044103,1.95193
-0.55024103,1.91993
-0.55004103,1.95193
-0.54984103,1.91993
-0.54964103,1.95193
-0.54944103,1.95193
-0.54924103,1.98392
-0.54904103,1.98392
-0.54884103,2.01592
-0.54864103,1.98392
-0.54844103,1.98392
-0.54824103,1.98392
-0.54804103,2.01592
-0.54784103,1.98392
-0.54764103,2.01592
-0.54744103,1.98392
-0.54724103,2.04792
-0.54704103,1.98392
-0.54684103,2.01592
-0.54664103,1.95193
-0.54644103,2.07992
-0.54624103,2.04792
-0.54604103,2.04792
-0.54584103,2.07992
-0.54564103,2.04792
-0.54544103,2.04792
-0.54524103,2.04792
-0.54504103,2.07992
-0.54484103,2.11192
-0.54464103,2.07992
-0.54444103,2.07992
-0.54424103,2.11192
-0.54404103,2.07992
-0.54384103,2.04792
-0.54364103,2.07992
-0.54344103,2.11192
-0.54324103,2.11192
-0.54304103,2.14392
-0.54284103,2.14392
-0.54264103,2.07992
-0.54244103,2.14392
-0.54224103,2.11192
-0.54204103,2.14392
-0.54184103,2.17592
-0.54164103,2.14392
-0.54144103,2.14392
-0.54124103,2.17592
-0.54104103,2.11192
-0.54084103,2.14392
-0.54064103,2.14392
-0.54044103,2.14392
-0.54024103,2.14392
-0.54004103,2.20792
-0.53984103,2.20792
-0.53964103,2.17592
-0.53944103,2.17592
-0.53924103,2.14392
-0.53904103,2.17592
-0.53884103,2.20792
-0.53864103,2.17592
-0.53844103,2.20792
-0.53824103,2.20792
-0.53804103,2.20792
-0.53784103,2.20792
-0.53764103,2.23991
-0.53744103,2.20792
-0.53724103,2.17592
-0.53704103,2.23991
-0.53684103,2.23991
-0.53664103,2.17592
-0.53644103,2.23991
-0.53624103,2.27191
-0.53604103,2.23991
-0.53584103,2.30391
-0.53564103,2.23991
-0.53544103,2.20792
-0.53524103,2.30391
-0.53504103,2.27191
-0.53484103,2.30391
-0.53464103,2.27191
-0.53444103,2.27191
-0.53424103,2.30391
-0.53404103,2.30391
-0.53384103,2.27191
-0.53364103,2.30391
-0.53344103,2.30391
-0.53324103,2.30391
-0.53304103,2.30391
-0.53284103,2.33591
-0.53264103,2.33591
-0.53244103,2.27191
-0.53224103,2.30391
-0.53204103,2.30391
-0.53184103,2.33591
-0.53164103,2.30391
-0.53144103,2.30391
-0.53124103,2.30391
-0.53104103,2.33591
-0.53084103,2.33591
-0.53064103,2.30391
-0.53044103,2.36791
-0.53024103,2.36791
-0.53004103,2.30391
-0.52984103,2.33591
-0.52964103,2.30391
-0.52944103,2.30391
-0.52924103,2.30391
-0.52904103,2.36791
-0.52884103,2.33591
-0.52864103,2.33591
-0.52844103,2.33591
-0.52824103,2.36791
-0.52804103,2.33591
-0.52784103,2.36791
-0.52764103,2.33591
-0.52744103,2.36791
-0.52724103,2.36791
-0.52704103,2.33591
-0.52684103,2.36791
-0.52664103,2.39991
-0.52644103,2.36791
-0.52624103,2.36791
-0.52604103,2.39991
-0.52584103,2.33591
-0.52564103,2.36791
-0.52544103,2.39991
-0.52524103,2.36791
-0.52504103,2.36791
-0.52484103,2.39991
-0.52464103,2.36791
-0.52444103,2.36791
-0.52424103,2.43191
-0.52404103,2.39991
-0.52384103,2.36791
-0.52364103,2.39991
-0.52344103,2.36791
-0.52324103,2.39991
-0.52304103,2.36791
-0.52284103,2.36791
-0.52264103,2.39991
-0.52244103,2.39991
-0.52224103,2.39991
-0.52204103,2.39991
-0.52184103,2.43191
-0.52164103,2.39991
-0.52144103,2.39991
-0.52124103,2.39991
-0.52104103,2.43191
-0.52084103,2.39991
-0.52064103,2.43191
-0.52044103,2.39991
-0.52024103,2.43191
-0.52004103,2.39991
-0.51984103,2.36791
-0.51964103,2.39991
-0.51944103,2.39991
-0.51924103,2.36791
-0.51904103,2.43191
-0.51884103,2.43191
-0.51864103,2.39991
-0.51844103,2.43191
-0.51824103,2.39991
-0.51804103,2.39991
-0.51784103,2.43191
-0.51764103,2.43191
-0.51744103,2.39991
-0.51724103,2.43191
-0.51704103,2.43191
-0.51684103,2.39991
-0.51664103,2.39991
-0.51644103,2.43191
-0.51624103,2.39991
-0.51604103,2.39991
-0.51584103,2.43191
-0.51564103,2.36791
-0.51544103,2.36791
-0.51524103,2.39991
-0.51504103,2.39991
-0.51484103,2.39991
-0.51464103,2.43191
-0.51444103,2.39991
-0.51424103,2.39991
-0.51404103,2.39991
-0.51384103,2.36791
-0.51364103,2.36791
-0.51344103,2.39991
-0.51324103,2.39991
-0.51304103,2.36791
-0.51284103,2.43191
-0.51264103,2.36791
-0.51244103,2.39991
-0.51224103,2.36791
-0.51204103,2.36791
-0.51184103,2.36791
-0.51164103,2.36791
-0.51144103,2.36791
-0.51124103,2.39991
-0.51104103,2.39991
-0.51084103,2.36791
-0.51064103,2.39991
-0.51044103,2.36791
-0.51024103,2.39991
-0.51004103,2.39991
-0.50984103,2.43191
-0.50964103,2.36791
-0.50944103,2.39991
-0.50924103,2.39991
-0.50904103,2.36791
-0.50884103,2.36791
-0.50864103,2.33591
-0.50844103,2.39991
-0.50824103,2.36791
-0.50804103,2.36791
-0.50784103,2.36791
-0.50764103,2.33591
-0.50744103,2.36791
-0.50724103,2.36791
-0.50704103,2.36791
-0.50684103,2.33591
-0.50664103,2.33591
-0.50644103,2.33591
-0.50624103,2.36791
-0.50604103,2.30391
-0.50584103,2.33591
-0.50564103,2.36791
-0.50544103,2.30391
-0.50524103,2.33591
-0.50504103,2.27191
-0.50484103,2.27191
-0.50464103,2.30391
-0.50444103,2.30391
-0.50424103,2.30391
-0.50404103,2.30391
-0.50384103,2.27191
-0.50364103,2.30391
-0.50344103,2.30391
-0.50324103,2.30391
-0.50304103,2.27191
-0.50284103,2.27191
-0.50264103,2.27191
-0.50244103,2.23991
-0.50224103,2.27191
-0.50204103,2.27191
-0.50184103,2.33591
-0.50164103,2.27191
-0.50144103,2.33591
-0.50124103,2.30391
-0.50104103,2.27191
-0.50084103,2.20792
-0.50064103,2.23991
-0.50044103,2.30391
-0.50024103,2.27191
-0.50004103,2.20792
-0.49984103,2.27191
-0.49964103,2.20792
-0.49944103,2.20792
-0.49924103,2.23991
-0.49904103,2.20792
-0.49884103,2.17592
-0.49864103,2.23991
-0.49844103,2.23991
-0.49824103,2.17592
-0.49804103,2.23991
-0.49784103,2.20792
-0.49764103,2.20792
-0.49744103,2.20792
-0.49724103,2.17592
-0.49704103,2.17592
-0.49684103,2.20792
-0.49664103,2.14392
-0.49644103,2.17592
-0.49624103,2.20792
-0.49604103,2.20792
-0.49584103,2.14392
-0.49564103,2.20792
-0.49544103,2.11192
-0.49524103,2.14392
-0.49504103,2.14392
-0.49484103,2.07992
-0.49464103,2.11192
-0.49444103,2.14392
-0.49424103,2.14392
-0.49404103,2.11192
-0.49384103,2.17592
-0.49364103,2.14392
-0.49344103,2.07992
-0.49324103,2.14392
-0.49304103,2.07992
-0.49284103,2.07992
-0.49264103,2.11192
-0.49244103,2.04792
-0.49224103,2.04792
-0.49204103,2.04792
-0.49184103,2.07992
-0.49164103,2.07992
-0.49144103,2.04792
-0.49124103,1.98392
-0.49104103,2.04792
-0.49084103,2.01592
-0.49064103,2.01592
-0.49044103,2.01592
-0.49024103,2.04792
-0.49004103,2.01592
-0.48984103,2.01592
-0.48964103,2.01592
-0.48944103,1.95193
-0.48924103,1.95193
-0.48904103,1.95193
-0.48884103,1.98392
-0.48864103,1.98392
-0.48844103,1.98392
-0.48824103,1.95193
-0.48804103,1.98392
-0.48784103,2.01592
-0.48764103,1.95193
-0.48744103,1.95193
-0.48724103,1.91993
-0.48704103,1.91993
-0.48684103,1.91993
-0.48664103,1.91993
-0.48644103,1.91993
-0.48624103,1.91993
-0.48604103,1.88793
-0.48584103,1.91993
-0.48564103,1.91993
-0.48544103,1.85593
-0.48524103,1.88793
-0.48504103,1.88793
-0.48484103,1.88793
-0.48464103,1.91993
-0.48444103,1.91993
-0.48424103,1.85593
-0.48404103,1.88793
-0.48384103,1.88793
-0.48364103,1.88793
-0.48344103,1.82393
-0.48324103,1.85593
-0.48304103,1.85593
-0.48284103,1.82393
-0.48264103,1.82393
-0.48244103,1.82393
-0.48224103,1.85593
-0.48204103,1.79193
-0.48184103,1.82393
-0.48164103,1.79193
-0.48144103,1.82393
-0.48124103,1.75993
-0.48104103,1.75993
-0.48084103,1.85593
-0.48064103,1.75993
-0.48044103,1.79193
-0.48024103,1.75993
-0.48004103,1.79193
-0.47984103,1.75993
-0.47964103,1.69593
-0.47944103,1.75993
-0.47924103,1.72793
-0.47904103,1.72793
-0.47884103,1.75993
-0.47864103,1.72793
-0.47844103,1.72793
-0.47824103,1.69593
-0.47804103,1.72793
-0.47784103,1.69593
-0.47764103,1.69593
-0.47744103,1.66394
-0.47724103,1.66394
-0.47704103,1.66394
-0.47684103,1.59994
-0.47664103,1.63194
-0.47644103,1.59994
-0.47624103,1.63194
-0.47604103,1.66394
-0.47584103,1.63194
-0.47564103,1.59994
-0.47544103,1.59994
-0.47524103,1.59994
-0.47504103,1.56794
-0.47484103,1.59994
-0.47464103,1.63194
-0.47444103,1.56794
-0.47424103,1.59994
-0.47404103,1.56794
-0.47384103,1.53594
-0.47364103,1.59994
-0.47344103,1.53594
-0.47324103,1.53594
-0.47304103,1.56794
-0.47284103,1.59994
-0.47264103,1.53594
-0.47244103,1.53594
-0.47224103,1.50394
-0.47204103,1.50394
-0.47184103,1.50394
-0.47164103,1.47194
-0.47144103,1.47194
-0.47124103,1.50394
-0.47104103,1.47194
-0.47084103,1.47194
-0.47064103,1.47194
-0.47044103,1.47194
-0.47024103,1.47194
-0.47004103,1.47194
-0.46984103,1.40795
-0.46964103,1.43994
-0.46944103,1.40795
-0.46924103,1.37595
-0.46904103,1.40795
-0.46884103,1.43994
-0.46864103,1.40795
-0.46844103,1.40795
-0.46824103,1.43994
-0.46804103,1.37595
-0.46784103,1.37595
-0.46764103,1.34395
-0.46744103,1.31195
-0.46724103,1.34395
-0.46704103,1.31195
-0.46684103,1.34395
-0.46664103,1.34395
-0.46644103,1.37595
-0.46624103,1.31195
-0.46604103,1.24795
-0.46584103,1.27995
-0.46564103,1.24795
-0.46544103,1.24795
-0.46524103,1.27995
-0.46504103,1.24795
-0.46484103,1.24795
-0.46464103,1.21595
-0.46444103,1.24795
-0.46424103,1.18395
-0.46404103,1.24795
-0.46384103,1.18395
-0.46364103,1.18395
-0.46344103,1.15196
-0.46324103,1.18395
-0.46304103,1.18395
-0.46284103,1.18395
-0.46264103,1.15196
-0.46244103,1.15196
-0.46224103,1.15196
-0.46204103,1.15196
-0.46184103,1.08796
-0.46164103,1.08796
-0.46144103,1.08796
-0.46124103,1.08796
-0.46104103,1.05596
-0.46084103,1.08796
-0.46064103,1.08796
-0.46044103,1.08796
-0.46024103,1.08796
-0.46004103,1.02396
-0.45984103,1.02396
-0.45964103,1.02396
-0.45944103,1.02396
-0.45924103,1.02396
-0.45904103,1.02396
-0.45884103,1.02396
-0.45864103,0.991962
-0.45844103,0.991962
-0.45824103,0.959963
-0.45804103,0.991962
-0.45784103,0.927964
-0.45764103,0.959963
-0.45744103,0.959963
-0.45724103,0.959963
-0.45704103,0.927964
-0.45684103,0.927964
-0.45664103,0.927964
-0.45644103,0.895966
-0.45624103,0.895966
-0.45604103,0.863967
-0.45584103,0.863967
-0.45564103,0.863967
-0.45544103,0.831968
-0.45524103,0.831968
-0.45504103,0.863967
-0.45484103,0.863967
-0.45464103,0.831968
-0.45444103,0.831968
-0.45424103,0.735972
-0.45404103,0.767971
-0.45384103,0.767971
-0.45364103,0.735972
-0.45344103,0.735972
-0.45324103,0.799969
-0.45304103,0.735972
-0.45284103,0.735972
-0.45264103,0.799969
-0.45244103,0.671974
-0.45224103,0.703973
-0.45204103,0.703973
-0.45184103,0.671974
-0.45164103,0.735972
-0.45144103,0.703973
-0.45124103,0.671974
-0.45104103,0.703973
-0.45084103,0.703973
-0.45064103,0.671974
-0.45044103,0.639975
-0.45024103,0.639975
-0.45004103,0.607977
-0.44984103,0.607977
-0.44964103,0.607977
-0.44944103,0.543979
-0.44924103,0.607977
-0.44904103,0.639975
-0.44884103,0.575978
-0.44864103,0.575978
-0.44844103,0.639975
-0.44824103,0.51198
-0.44804103,0.543979
-0.44784103,0.51198
-0.44764103,0.543979
-0.44744103,0.51198
-0.44724103,0.575978
-0.44704103,0.543979
-0.44684103,0.479982
-0.44664103,0.51198
-0.44644103,0.447983
-0.44624103,0.479982
-0.44604103,0.447983
-0.44584103,0.479982
-0.44564103,0.479982
-0.44544103,0.447983
-0.44524103,0.447983
-0.44504103,0.479982
-0.44484103,0.447983
-0.44464103,0.415984
-0.44444103,0.415984
-0.44424103,0.383985
-0.44404103,0.383985
-0.44384103,0.415984
-0.44364103,0.351986
-0.44344103,0.383985
-0.44324103,0.415984
-0.44304103,0.415984
-0.44284103,0.351986
-0.44264103,0.319988
-0.44244103,0.319988
-0.44224103,0.319988
-0.44204103,0.319988
-0.44184103,0.319988
-0.44164103,0.287989
-0.44144103,0.351986
-0.44124103,0.287989
-0.44104103,0.25599
-0.44084103,0.287989
-0.44064103,0.223991
-0.44044103,0.223991
-0.44024103,0.223991
-0.44004103,0.223991
-0.43984103,0.223991
-0.43964103,0.223991
-0.43944103,0.223991
-0.43924103,0.191993
-0.43904103,0.223991
-0.43884103,0.191993
-0.43864103,0.191993
-0.43844103,0.191993
-0.43824103,0.191993
-0.43804103,0.127995
-0.43784103,0.127995
-0.43764103,0.127995
-0.43744103,0.191993
-0.43724103,0.127995
-0.43704103,0.0959963
-0.43684103,0.159994
-0.43664103,0.127995
-0.43644103,0.0959963
-0.43624103,0.0959963
-0.43604103,0.0959963
-0.43584103,0.0959963
-0.43564103,0.0959963
-0.43544103,0.0639975
-0.43524103,0.0959963
-0.43504103,0.0319988
-0.43484103,0.0639975
-0.43464103,0.0319988
-0.43444103,0.0319988
-0.43424103,0
-0.43404103,0
-0.43384103,0.0319988
-0.43364103,0.0319988
-0.43344103,0
-0.43324103,-0.0319988
-0.43304103,0
-0.43284103,0
-0.43264103,-0.0639975
-0.43244103,-0.0639975
-0.43224103,-0.0639975
-0.43204103,-0.0639975
-0.43184103,-0.0639975
-0.43164103,-0.0639975
-0.43144103,-0.0959963
-0.43124103,-0.0639975
-0.43104103,-0.0319988
-0.43084103,-0.127995
-0.43064103,-0.0959963
-0.43044103,-0.159994
-0.43024103,-0.0959963
-0.43004103,-0.127995
-0.42984103,-0.127995
-0.42964103,-0.159994
-0.42944103,-0.0959963
-0.42924103,-0.127995
-0.42904103,-0.159994
-0.42884103,-0.159994
-0.42864103,-0.191993
-0.42844103,-0.223991
-0.42824103,-0.191993
-0.42804103,-0.159994
-0.42784103,-0.191993
-0.42764103,-0.223991
-0.42744103,-0.159994
-0.42724103,-0.223991
-0.42704103,-0.191993
-0.42684103,-0.25599
-0.42664103,-0.223991
-0.42644103,-0.223991
-0.42624103,-0.191993
-0.42604103,-0.25599
-0.42584103,-0.223991
-0.42564103,-0.25599
-0.42544103,-0.25599
-0.42524103,-0.223991
-0.42504103,-0.25599
-0.42484103,-0.287989
-0.42464103,-0.25599
-0.42444103,-0.287989
-0.42424103,-0.25599
-0.42404103,-0.25599
-0.42384103,-0.223991
-0.42364103,-0.287989
-0.42344103,-0.287989
-0.42324103,-0.25599
-0.42304103,-0.319988
-0.42284103,-0.319988
-0.42264103,-0.319988
-0.42244103,-0.319988
-0.42224103,-0.319988
-0.42204103,-0.319988
-0.42184103,-0.351986
-0.42164103,-0.351986
-0.42144103,-0.319988
-0.42124103,-0.319988
-0.42104103,-0.351986
-0.42084103,-0.383985
-0.42064103,-0.351986
-0.42044103,-0.383985
-0.42024103,-0.383985
-0.42004103,-0.383985
-0.41984103,-0.415984
-0.41964103,-0.415984
-0.41944103,-0.351986
-0.41924103,-0.447983
-0.41904103,-0.383985
-0.41884103,-0.383985
-0.41864103,-0.415984
-0.41844103,-0.383985
-0.41824103,-0.415984
-0.41804103,-0.447983
-0.41784103,-0.383985
-0.41764103,-0.383985
-0.41744103,-0.415984
-0.41724103,-0.415984
-0.41704103,-0.383985
-0.41684103,-0.415984
-0.41664103,-0.447983
-0.41644103,-0.447983
-0.41624103,-0.447983
-0.41604103,-0.447983
-0.41584103,-0.415984
-0.41564103,-0.479982
-0.41544103,-0.479982
-0.41524103,-0.447983
-0.41504103,-0.479982
-0.41484103,-0.447983
-0.41464103,-0.415984
-0.41444103,-0.51198
-0.41424103,-0.479982
-0.41404103,-0.415984
-0.41384103,-0.479982
-0.41364103,-0.51198
-0.41344103,-0.447983
-0.41324103,-0.51198
-0.41304103,-0.479982
-0.41284103,-0.51198
-0.41264103,-0.51198
-0.41244103,-0.543979
-0.41224103,-0.479982
-0.41204103,-0.543979
-0.41184103,-0.51198
-0.41164103,-0.51198
-0.41144103,-0.543979
-0.41124103,-0.543979
-0.41104103,-0.51198
-0.41084103,-0.51198
-0.41064103,-0.575978
-0.41044103,-0.51198
-0.41024103,-0.543979
-0.41004103,-0.575978
-0.40984103,-0.543979
-0.40964103,-0.575978
-0.40944103,-0.543979
-0.40924103,-0.543979
-0.40904103,-0.51198
-0.40884103,-0.575978
-0.40864103,-0.543979
-0.40844103,-0.607977
-0.40824103,-0.607977
-0.40804103,-0.607977
-0.40784103,-0.543979
-0.40764103,-0.575978
-0.40744103,-0.575978
-0.40724103,-0.607977
-0.40704103,-0.575978
-0.40684103,-0.607977
-0.40664103,-0.607977
-0.40644103,-0.607977
-0.40624103,-0.575978
-0.40604103,-0.607977
-0.40584103,-0.575978
-0.40564103,-0.607977
-0.40544103,-0.639975
-0.40524103,-0.607977
-0.40504103,-0.575978
-0.40484103,-0.607977
-0.40464103,-0.639975
-0.40444103,-0.639975
-0.40424103,-0.639975
-0.40404103,-0.607977
-0.40384103,-0.607977
-0.40364103,-0.639975
-0.40344103,-0.671974
-0.40324103,-0.639975
-0.40304103,-0.639975
-0.40284103,-0.639975
-0.40264103,-0.671974
-0.40244103,-0.671974
-0.40224103,-0.639975
-0.40204103,-0.607977
-0.40184103,-0.671974
-0.40164103,-0.639975
-0.40144103,-0.671974
-0.40124103,-0.671974
-0.40104103,-0.703973
-0.40084103,-0.639975
-0.40064103,-0.671974
-0.40044103,-0.703973
-0.40024103,-0.671974
-0.40004103,-0.671974
-0.39984103,-0.671974
-0.39964103,-0.671974
-0.39944103,-0.703973
-0.39924103,-0.671974
-0.39904103,-0.671974
-0.39884103,-0.703973
-0.39864103,-0.671974
-0.39844103,-0.671974
-0.39824103,-0.703973
-0.39804103,-0.639975
-0.39784103,-0.703973
-0.39764103,-0.671974
-0.39744103,-0.735972
-0.39724103,-0.703973
-0.39704103,-0.735972
-0.39684103,-0.703973
-0.39664103,-0.735972
-0.39644103,-0.703973
-0.39624103,-0.671974
-0.39604103,-0.703973
-0.39584103,-0.767971
-0.39564103,-0.703973
-0.39544103,-0.735972
-0.39524103,-0.735972
-0.39504103,-0.703973
-0.39484103,-0.735972
-0.39464103,-0.703973
-0.39444103,-0.735972
-0.39424103,-0.735972
-0.39404103,-0.767971
-0.39384103,-0.703973
-0.39364103,-0.735972
-0.39344103,-0.703973
-0.39324103,-0.735972
-0.39304103,-0.767971
-0.39284103,-0.767971
-0.39264103,-0.735972
-0.39244103,-0.767971
-0.39224103,-0.799969
-0.39204103,-0.735972
-0.39184103,-0.767971
-0.39164103,-0.735972
-0.39144103,-0.735972
-0.39124103,-0.767971
-0.39104103,-0.735972
-0.39084103,-0.735972
-0.39064103,-0.735972
-0.39044103,-0.799969
-0.39024103,-0.735972
-0.39004103,-0.703973
-0.38984103,-0.735972
-0.38964103,-0.735972
-0.38944103,-0.767971
-0.38924103,-0.767971
-0.38904103,-0.735972
-0.38884103,-0.767971
-0.38864103,-0.767971
-0.38844103,-0.799969
-0.38824103,-0.799969
-0.38804103,-0.735972
-0.38784103,-0.799969
-0.38764103,-0.767971
-0.38744103,-0.767971
-0.38724103,-0.767971
-0.38704103,-0.799969
-0.38684103,-0.767971
-0.38664103,-0.735972
-0.38644103,-0.735972
-0.38624103,-0.767971
-0.38604103,-0.767971
-0.38584103,-0.767971
-0.38564103,-0.767971
-0.38544103,-0.767971
-0.38524103,-0.799969
-0.38504103,-0.767971
-0.38484103,-0.767971
-0.38464103,-0.799969
-0.38444103,-0.799969
-0.38424103,-0.799969
-0.38404103,-0.799969
-0.38384103,-0.767971
-0.38364103,-0.831968
-0.38344103,-0.799969
-0.38324103,-0.799969
-0.38304103,-0.799969
-0.38284103,-0.799969
-0.38264103,-0.767971
-0.38244103,-0.831968
-0.38224103,-0.799969
-0.38204103,-0.863967
-0.38184103,-0.767971
-0.38164103,-0.767971
-0.38144103,-0.799969
-0.38124103,-0.831968
-0.38104103,-0.831968
-0.38084103,-0.799969
-0.38064103,-0.831968
-0.38044103,-0.799969
-0.38024103,-0.831968
-0.38004103,-0.831968
-0.37984103,-0.767971
-0.37964103,-0.831968
-0.37944103,-0.831968
-0.37924103,-0.831968
-0.37904103,-0.799969
-0.37884103,-0.831968
-0.37864103,-0.863967
-0.37844103,-0.831968
-0.37824103,-0.799969
-0.37804103,-0.831968
-0.37784103,-0.799969
-0.37764103,-0.799969
-0.37744103,-0.863967
-0.37724103,-0.863967
-0.37704103,-0.863967
-0.37684103,-0.863967
-0.37664103,-0.831968
-0.37644103,-0.799969
-0.37624103,-0.831968
-0.37604103,-0.831968
-0.37584103,-0.831968
-0.37564103,-0.831968
-0.37544103,-0.831968
-0.37524103,-0.863967
-0.37504103,-0.831968
-0.37484103,-0.863967
-0.37464103,-0.831968
-0.37444103,-0.831968
-0.37424103,-0.831968
-0.37404103,-0.831968
-0.37384103,-0.863967
-0.37364103,-0.831968
-0.37344103,-0.799969
-0.37324103,-0.863967
-0.37304103,-0.831968
-0.37284103,-0.863967
-0.37264103,-0.863967
-0.37244103,-0.863967
-0.37224103,-0.799969
-0.37204103,-0.863967
-0.37184103,-0.831968
-0.37164103,-0.831968
-0.37144103,-0.831968
-0.37124103,-0.831968
-0.37104103,-0.863967
-0.37084103,-0.863967
-0.37064103,-0.831968
-0.37044103,-0.863967
-0.37024103,-0.863967
-0.37004103,-0.863967
-0.36984103,-0.895966
-0.36964103,-0.831968
-0.36944103,-0.863967
-0.36924103,-0.863967
-0.36904103,-0.831968
-0.36884103,-0.863967
-0.36864103,-0.863967
-0.36844103,-0.831968
-0.36824103,-0.863967
-0.36804103,-0.831968
-0.36784103,-0.831968
-0.36764103,-0.863967
-0.36744103,-0.863967
-0.36724103,-0.831968
-0.36704103,-0.863967
-0.36684103,-0.863967
-0.36664103,-0.831968
-0.36644103,-0.895966
-0.36624103,-0.831968
-0.36604103,-0.863967
-0.36584103,-0.895966
-0.36564103,-0.863967
-0.36544103,-0.863967
-0.36524103,-0.799969
-0.36504103,-0.863967
-0.36484103,-0.863967
-0.36464103,-0.863967
-0.36444103,-0.895966
-0.36424103,-0.863967
-0.36404103,-0.895966
-0.36384103,-0.927964
-0.36364103,-0.895966
-0.36344103,-0.895966
-0.36324103,-0.895966
-0.36304103,-0.895966
-0.36284103,-0.895966
-0.36264103,-0.831968
-0.36244103,-0.863967
-0.36224103,-0.895966
-0.36204103,-0.895966
-0.36184103,-0.895966
-0.36164103,-0.895966
-0.36144103,-0.863967
-0.36124103,-0.895966
-0.36104103,-0.895966
-0.36084103,-0.863967
-0.36064103,-0.863967
-0.36044103,-0.863967
-0.36024103,-0.863967
-0.36004103,-0.895966
-0.35984103,-0.863967
-0.35964103,-0.895966
-0.35944103,-0.863967
-0.35924103,-0.895966
-0.35904103,-0.863967
-0.35884103,-0.927964
-0.35864103,-0.831968
-0.35844103,-0.863967
-0.35824103,-0.895966
-0.35804103,-0.895966
-0.35784103,-0.831968
-0.35764103,-0.895966
-0.35744103,-0.895966
-0.35724103,-0.863967
-0.35704103,-0.895966
-0.35684103,-0.895966
-0.35664103,-0.895966
-0.35644103,-0.895966
-0.35624103,-0.863967
-0.35604103,-0.895966
-0.35584103,-0.895966
-0.35564103,-0.831968
-0.35544103,-0.927964
-0.35524103,-0.895966
-0.35504103,-0.863967
-0.35484103,-0.895966
-0.35464103,-0.927964
-0.35444103,-0.895966
-0.35424103,-0.895966
-0.35404103,-0.863967
-0.35384103,-0.863967
-0.35364103,-0.895966
-0.35344103,-0.895966
-0.35324103,-0.927964
-0.35304103,-0.895966
-0.35284103,-0.863967
-0.35264103,-0.895966
-0.35244103,-0.863967
-0.35224103,-0.895966
-0.35204103,-0.895966
-0.35184103,-0.895966
-0.35164103,-0.895966
-0.35144103,-0.863967
-0.35124103,-0.863967
-0.35104103,-0.895966
-0.35084103,-0.895966
-0.35064103,-0.927964
-0.35044103,-0.863967
-0.35024103,-0.895966
-0.35004103,-0.863967
-0.34984103,-0.895966
-0.34964103,-0.863967
-0.34944103,-0.863967
-0.34924103,-0.863967
-0.34904103,-0.863967
-0.34884103,-0.863967
-0.34864103,-0.863967
-0.34844103,-0.895966
-0.34824103,-0.895966
-0.34804103,-0.895966
-0.34784103,-0.863967
-0.34764103,-0.863967
-0.34744103,-0.831968
-0.34724103,-0.895966
-0.34704103,-0.863967
-0.34684103,-0.831968
-0.34664103,-0.895966
-0.34644103,-0.831968
-0.34624103,-0.863967
-0.34604103,-0.799969
-0.34584103,-0.831968
-0.34564103,-0.863967
-0.34544103,-0.863967
-0.34524103,-0.895966
-0.34504103,-0.863967
-0.34484103,-0.831968
-0.34464103,-0.799969
-0.34444103,-0.863967
-0.34424103,-0.831968
-0.34404103,-0.831968
-0.34384103,-0.831968
-0.34364103,-0.831968
-0.34344103,-0.831968
-0.34324103,-0.831968
-0.34304103,-0.831968
-0.34284103,-0.831968
-0.34264103,-0.831968
-0.34244103,-0.799969
-0.34224103,-0.767971
-0.34204103,-0.799969
-0.34184103,-0.831968
-0.34164103,-0.799969
-0.34144103,-0.831968
-0.34124103,-0.799969
-0.34104103,-0.799969
-0.34084103,-0.831968
-0.34064103,-0.831968
-0.34044103,-0.799969
-0.34024103,-0.799969
-0.34004103,-0.831968
-0.33984103,-0.799969
-0.33964103,-0.831968
-0.33944103,-0.799969
-0.33924103,-0.831968
-0.33904103,-0.831968
-0.33884103,-0.799969
-0.33864103,-0.831968
-0.33844103,-0.799969
-0.33824103,-0.831968
-0.33804103,-0.767971
-0.33784103,-0.831968
-0.33764103,-0.831968
-0.33744103,-0.799969
-0.33724103,-0.767971
-0.33704103,-0.767971
-0.33684103,-0.799969
-0.33664103,-0.799969
-0.33644103,-0.799969
-0.33624103,-0.799969
-0.33604103,-0.767971
-0.33584103,-0.767971
-0.33564103,-0.767971
-0.33544103,-0.831968
-0.33524103,-0.831968
-0.33504103,-0.767971
-0.33484103,-0.767971
-0.33464103,-0.799969
-0.33444103,-0.799969
-0.33424103,-0.767971
-0.33404103,-0.767971
-0.33384103,-0.799969
-0.33364103,-0.799969
-0.33344103,-0.767971
-0.33324103,-0.767971
-0.33304103,-0.767971
-0.33284103,-0.767971
-0.33264103,-0.735972
-0.33244103,-0.735972
-0.33224103,-0.767971
-0.33204103,-0.767971
-0.33184103,-0.767971
-0.33164103,-0.767971
-0.33144103,-0.799969
-0.33124103,-0.767971
-0.33104103,-0.799969
-0.33084103,-0.735972
-0.33064103,-0.735972
-0.33044103,-0.767971
-0.33024103,-0.735972
-0.33004103,-0.671974
-0.32984103,-0.767971
-0.32964103,-0.767971
-0.32944103,-0.735972
-0.32924103,-0.767971
-0.32904103,-0.703973
-0.32884103,-0.735972
-0.32864103,-0.735972
-0.32844103,-0.703973
-0.32824103,-0.767971
-0.32804103,-0.767971
-0.32784103,-0.735972
-0.32764103,-0.735972
-0.32744103,-0.735972
-0.32724103,-0.735972
-0.32704103,-0.703973
-0.32684103,-0.703973
-0.32664103,-0.735972
-0.32644103,-0.735972
-0.32624103,-0.703973
-0.32604103,-0.735972
-0.32584103,-0.703973
-0.32564103,-0.767971
-0.32544103,-0.703973
-0.32524103,-0.735972
-0.32504103,-0.735972
-0.32484103,-0.703973
-0.32464103,-0.735972
-0.32444103,-0.703973
-0.32424103,-0.703973
-0.32404103,-0.703973
-0.32384103,-0.703973
-0.32364103,-0.703973
-0.32344103,-0.671974
-0.32324103,-0.671974
-0.32304103,-0.703973
-0.32284103,-0.639975
-0.32264103,-0.671974
-0.32244103,-0.671974
-0.32224103,-0.671974
-0.32204103,-0.639975
-0.32184103,-0.703973
-0.32164103,-0.639975
-0.32144103,-0.703973
-0.32124103,-0.639975
-0.32104103,-0.607977
-0.32084103,-0.671974
-0.32064103,-0.671974
-0.32044103,-0.671974
-0.32024103,-0.639975
-0.32004103,-0.671974
-0.31984103,-0.639975
-0.31964103,-0.639975
-0.31944103,-0.639975
-0.31924103,-0.639975
-0.31904103,-0.639975
-0.31884103,-0.639975
-0.31864103,-0.639975
-0.31844103,-0.671974
-0.31824103,-0.639975
-0.31804103,-0.639975
-0.31784103,-0.607977
-0.31764103,-0.639975
-0.31744103,-0.575978
-0.31724103,-0.671974
-0.31704103,-0.607977
-0.31684103,-0.607977
-0.31664103,-0.639975
-0.31644103,-0.671974
-0.31624103,-0.575978
-0.31604103,-0.671974
-0.31584103,-0.639975
-0.31564103,-0.671974
-0.31544103,-0.639975
-0.31524103,-0.607977
-0.31504103,-0.639975
-0.31484103,-0.671974
-0.31464103,-0.607977
-0.31444103,-0.607977
-0.31424103,-0.639975
-0.31404103,-0.607977
-0.31384103,-0.639975
-0.31364103,-0.639975
-0.31344103,-0.639975
-0.31324103,-0.639975
-0.31304103,-0.639975
-0.31284103,-0.607977
-0.31264103,-0.575978
-0.31244103,-0.607977
-0.31224103,-0.607977
-0.31204103,-0.607977
-0.31184103,-0.671974
-0.31164103,-0.607977
-0.31144103,-0.607977
-0.31124103,-0.607977
-0.31104103,-0.607977
-0.31084103,-0.575978
-0.31064103,-0.607977
-0.31044103,-0.607977
-0.31024103,-0.607977
-0.31004103,-0.607977
-0.30984103,-0.607977
-0.30964103,-0.575978
-0.30944103,-0.575978
-0.30924103,-0.575978
-0.30904103,-0.607977
-0.30884103,-0.607977
-0.30864103,-0.607977
-0.30844103,-0.575978
-0.30824103,-0.607977
-0.30804103,-0.607977
-0.30784103,-0.575978
-0.30764103,-0.607977
-0.30744103,-0.607977
-0.30724103,-0.607977
-0.30704103,-0.575978
-0.30684103,-0.639975
-0.30664103,-0.639975
-0.30644103,-0.575978
-0.30624103,-0.575978
-0.30604103,-0.543979
-0.30584103,-0.575978
-0.30564103,-0.607977
-0.30544103,-0.607977
-0.30524103,-0.607977
-0.30504103,-0.543979
-0.30484103,-0.575978
-0.30464103,-0.639975
-0.30444103,-0.575978
-0.30424103,-0.543979
-0.30404103,-0.607977
-0.30384103,-0.575978
-0.30364103,-0.575978
-0.30344103,-0.607977
-0.30324103,-0.575978
-0.30304103,-0.575978
-0.30284103,-0.607977
-0.30264103,-0.607977
-0.30244103,-0.575978
-0.30224103,-0.607977
-0.30204103,-0.575978
-0.30184103,-0.607977
-0.30164103,-0.607977
-0.30144103,-0.607977
-0.30124103,-0.575978
-0.30104103,-0.575978
-0.30084103,-0.607977
-0.30064103,-0.575978
-0.30044103,-0.607977
-0.30024103,-0.543979
-0.30004103,-0.575978
-0.29984103,-0.543979
-0.29964103,-0.607977
-0.29944103,-0.607977
-0.29924103,-0.575978
-0.29904103,-0.575978
-0.29884103,-0.575978
-0.29864103,-0.575978
-0.29844103,-0.607977
-0.29824103,-0.543979
-0.29804103,-0.607977
-0.29784103,-0.607977
-0.29764103,-0.543979
-0.29744103,-0.575978
-0.29724103,-0.575978
-0.29704103,-0.575978
-0.29684103,-0.543979
-0.29664103,-0.575978
-0.29644103,-0.543979
-0.29624103,-0.575978
-0.29604103,-0.575978
-0.29584103,-0.543979
-0.29564103,-0.575978
-0.29544103,-0.543979
-0.29524103,-0.543979
-0.29504103,-0.575978
-0.29484103,-0.607977
-0.29464103,-0.607977
-0.29444103,-0.575978
-0.29424103,-0.607977
-0.29404103,-0.543979
-0.29384103,-0.607977
-0.29364103,-0.575978
-0.29344103,-0.543979
-0.29324103,-0.575978
-0.29304103,-0.575978
-0.29284103,-0.543979
-0.29264103,-0.575978
-0.29244103,-0.575978
-0.29224103,-0.575978
-0.29204103,-0.575978
-0.29184103,-0.607977
-0.29164103,-0.575978
-0.29144103,-0.575978
-0.29124103,-0.575978
-0.29104103,-0.543979
-0.29084103,-0.575978
-0.29064103,-0.575978
-0.29044103,-0.575978
-0.29024103,-0.543979
-0.29004103,-0.543979
-0.28984103,-0.575978
-0.28964103,-0.607977
-0.28944103,-0.543979
-0.28924103,-0.51198
-0.28904103,-0.575978
-0.28884103,-0.575978
-0.28864103,-0.575978
-0.28844103,-0.575978
-0.28824103,-0.575978
-0.28804103,-0.543979
-0.28784103,-0.543979
-0.28764103,-0.575978
-0.28744103,-0.575978
-0.28724103,-0.575978
-0.28704103,-0.575978
-0.28684103,-0.543979
-0.28664103,-0.575978
-0.28644103,-0.479982
-0.28624103,-0.51198
-0.28604103,-0.543979
-0.28584103,-0.607977
-0.28564103,-0.479982
-0.28544103,-0.543979
-0.28524103,-0.51198
-0.28504103,-0.479982
-0.28484103,-0.51198
-0.28464103,-0.51198
-0.28444103,-0.479982
-0.28424103,-0.51198
-0.28404103,-0.543979
-0.28384103,-0.51198
-0.28364103,-0.543979
-0.28344103,-0.51198
-0.28324103,-0.51198
-0.28304103,-0.479982
-0.28284103,-0.51198
-0.28264103,-0.447983
-0.28244103,-0.479982
-0.28224103,-0.51198
-0.28204103,-0.479982
-0.28184103,-0.51198
-0.28164103,-0.479982
-0.28144103,-0.447983
-0.28124103,-0.479982
-0.28104103,-0.51198
-0.28084103,-0.51198
-0.28064103,-0.51198
-0.28044103,-0.479982
-0.28024103,-0.479982
-0.28004103,-0.479982
-0.27984103,-0.479982
-0.27964103,-0.479982
-0.27944103,-0.479982
-0.27924103,-0.479982
-0.27904103,-0.479982
-0.27884103,-0.51198
-0.27864103,-0.479982
-0.27844103,-0.447983
-0.27824103,-0.447983
-0.27804103,-0.447983
-0.27784103,-0.415984
-0.27764103,-0.479982
-0.27744103,-0.447983
-0.27724103,-0.447983
-0.27704103,-0.447983
-0.27684103,-0.447983
-0.27664103,-0.415984
-0.27644103,-0.447983
-0.27624103,-0.447983
-0.27604103,-0.447983
-0.27584103,-0.479982
-0.27564103,-0.447983
-0.27544103,-0.415984
-0.27524103,-0.479982
-0.27504103,-0.447983
-0.27484103,-0.415984
-0.27464103,-0.415984
-0.27444103,-0.447983
-0.27424103,-0.383985
-0.27404103,-0.415984
-0.27384103,-0.415984
-0.27364103,-0.415984
-0.27344103,-0.479982
-0.27324103,-0.383985
-0.27304103,-0.415984
-0.27284103,-0.415984
-0.27264103,-0.383985
-0.27244103,-0.383985
-0.27224103,-0.351986
-0.27204103,-0.383985
-0.27184103,-0.415984
-0.27164103,-0.415984
-0.27144103,-0.383985
-0.27124103,-0.351986
-0.27104103,-0.415984
-0.27084103,-0.383985
-0.27064103,-0.383985
-0.27044103,-0.351986
-0.27024103,-0.383985
-0.27004103,-0.351986
-0.26984103,-0.383985
-0.26964103,-0.383985
-0.26944103,-0.351986
-0.26924103,-0.447983
-0.26904103,-0.351986
-0.26884103,-0.351986
-0.26864103,-0.383985
-0.26844103,-0.383985
-0.26824103,-0.351986
-0.26804103,-0.351986
-0.26784103,-0.351986
-0.26764103,-0.319988
-0.26744103,-0.351986
-0.26724103,-0.351986
-0.26704103,-0.319988
-0.26684103,-0.319988
-0.26664103,-0.351986
-0.26644103,-0.319988
-0.26624103,-0.319988
-0.26604103,-0.319988
-0.26584103,-0.319988
-0.26564103,-0.351986
-0.26544103,-0.351986
-0.26524103,-0.319988
-0.26504103,-0.351986
-0.26484103,-0.319988
-0.26464103,-0.319988
-0.26444103,-0.319988
-0.26424103,-0.223991
-0.26404103,-0.287989
-0.26384103,-0.351986
-0.26364103,-0.287989
-0.26344103,-0.287989
-0.26324103,-0.319988
-0.26304103,-0.287989
-0.26284103,-0.287989
-0.26264103,-0.287989
-0.26244103,-0.287989
-0.26224103,-0.287989
-0.26204103,-0.287989
-0.26184103,-0.223991
-0.26164103,-0.287989
-0.26144103,-0.25599
-0.26124103,-0.223991
-0.26104103,-0.25599
-0.26084103,-0.25599
-0.26064103,-0.287989
-0.26044103,-0.25599
-0.26024103,-0.191993
-0.26004103,-0.25599
-0.25984103,-0.25599
-0.25964103,-0.319988
-0.25944103,-0.223991
-0.25924103,-0.25599
-0.25904103,-0.25599
-0.25884103,-0.191993
-0.25864103,-0.25599
-0.25844103,-0.159994
-0.25824103,-0.223991
-0.25804103,-0.223991
-0.25784103,-0.25599
-0.25764103,-0.25599
-0.25744103,-0.25599
-0.25724103,-0.191993
-0.25704103,-0.191993
-0.25684103,-0.25599
-0.25664103,-0.191993
-0.25644103,-0.223991
-0.25624103,-0.25599
-0.25604103,-0.223991
-0.25584103,-0.191993
-0.25564103,-0.223991
-0.25544103,-0.25599
-0.25524103,-0.223991
-0.25504103,-0.223991
-0.25484103,-0.223991
-0.25464103,-0.191993
-0.25444103,-0.223991
-0.25424103,-0.25599
-0.25404103,-0.223991
-0.25384103,-0.223991
-0.25364103,-0.223991
-0.25344103,-0.223991
-0.25324103,-0.223991
-0.25304103,-0.25599
-0.25284103,-0.191993
-0.25264103,-0.25599
-0.25244103,-0.191993
-0.25224103,-0.191993
-0.25204103,-0.223991
-0.25184103,-0.223991
-0.25164103,-0.159994
-0.25144103,-0.191993
-0.25124103,-0.191993
-0.25104103,-0.191993
-0.25084103,-0.223991
-0.25064103,-0.191993
-0.25044103,-0.191993
-0.25024103,-0.223991
-0.25004103,-0.223991
-0.24984103,-0.191993
-0.24964103,-0.223991
-0.24944103,-0.25599
-0.24924103,-0.223991
-0.24904103,-0.223991
-0.24884103,-0.223991
-0.24864103,-0.191993
-0.24844103,-0.223991
-0.24824103,-0.223991
-0.24804103,-0.159994
-0.24784103,-0.223991
-0.24764103,-0.223991
-0.24744103,-0.191993
-0.24724103,-0.191993
-0.24704103,-0.223991
-0.24684103,-0.159994
-0.24664103,-0.191993
-0.24644103,-0.191993
-0.24624103,-0.191993
-0.24604103,-0.159994
-0.24584103,-0.223991
-0.24564103,-0.159994
-0.24544103,-0.191993
-0.24524103,-0.127995
-0.24504103,-0.159994
-0.24484103,-0.191993
-0.24464103,-0.191993
-0.24444103,-0.191993
-0.24424103,-0.191993
-0.24404103,-0.191993
-0.24384103,-0.159994
-0.24364103,-0.159994
-0.24344103,-0.191993
-0.24324103,-0.159994
-0.24304103,-0.191993
-0.24284103,-0.191993
-0.24264103,-0.127995
-0.24244103,-0.191993
-0.24224103,-0.127995
-0.24204103,-0.127995
-0.24184103,-0.159994
-0.24164103,-0.191993
-0.24144103,-0.191993
-0.24124103,-0.223991
-0.24104103,-0.159994
-0.24084103,-0.159994
-0.24064103,-0.191993
-0.24044103,-0.191993
-0.24024103,-0.159994
-0.24004103,-0.159994
-0.23984103,-0.159994
-0.23964103,-0.191993
-0.23944103,-0.191993
-0.23924103,-0.159994
-0.23904103,-0.159994
-0.23884103,-0.191993
-0.23864103,-0.127995
-0.23844103,-0.127995
-0.23824103,-0.159994
-0.23804103,-0.159994
-0.23784103,-0.127995
-0.23764103,-0.191993
-0.23744103,-0.127995
-0.23724103,-0.127995
-0.23704103,-0.159994
-0.23684103,-0.127995
-0.23664103,-0.127995
-0.23644103,-0.127995
-0.23624103,-0.159994
-0.23604103,-0.0959963
-0.23584103,-0.159994
-0.23564103,-0.159994
-0.23544103,-0.0959963
-0.23524103,-0.127995
-0.23504103,-0.127995
-0.23484103,-0.0959963
-0.23464103,-0.191993
-0.23444103,-0.127995
-0.23424103,-0.159994
-0.23404103,-0.159994
-0.23384103,-0.127995
-0.23364103,-0.127995
-0.23344103,-0.127995
-0.23324103,-0.127995
-0.23304103,-0.127995
-0.23284103,-0.127995
-0.23264103,-0.127995
-0.23244103,-0.0639975
-0.23224103,-0.159994
-0.23204103,-0.0959963
-0.23184103,-0.127995
-0.23164103,-0.127995
-0.23144103,-0.0959963
-0.23124103,-0.127995
-0.23104103,-0.127995
-0.23084103,-0.0959963
-0.23064103,-0.0959963
-0.23044103,-0.127995
-0.23024103,-0.127995
-0.23004103,-0.127995
-0.22984103,-0.127995
-0.22964103,-0.0639975
-0.22944103,-0.0959963
-0.22924103,-0.127995
-0.22904103,-0.127995
-0.22884103,-0.127995
-0.22864103,-0.0959963
-0.22844103,-0.127995
-0.22824103,-0.127995
-0.22804103,-0.127995
-0.22784103,-0.127995
-0.22764103,-0.127995
-0.22744103,-0.127995
-0.22724103,-0.0959963
-0.22704103,-0.0959963
-0.22684103,-0.127995
-0.22664103,-0.0959963
-0.22644103,-0.127995
-0.22624103,-0.0959963
-0.22604103,-0.127995
-0.22584103,-0.0959963
-0.22564103,-0.127995
-0.22544103,-0.0959963
-0.22524103,-0.0959963
-0.22504103,-0.127995
-0.22484103,-0.0639975
-0.22464103,-0.0639975
-0.22444103,-0.159994
-0.22424103,-0.127995
-0.22404103,-0.0639975
-0.22384103,-0.127995
-0.22364103,-0.0959963
-0.22344103,-0.0959963
-0.22324103,-0.127995
-0.22304103,-0.0639975
-0.22284103,-0.0639975
-0.22264103,-0.0959963
-0.22244103,-0.127995
-0.22224103,-0.0639975
-0.22204103,-0.0959963
-0.22184103,-0.127995
-0.22164103,-0.127995
-0.22144103,-0.127995
-0.22124103,-0.0639975
-0.22104103,-0.0639975
-0.22084103,-0.0959963
-0.22064103,-0.127995
-0.22044103,-0.0959963
-0.22024103,-0.159994
-0.22004103,-0.0959963
-0.21984103,-0.159994
-0.21964103,-0.127995
-0.21944103,-0.0959963
-0.21924103,-0.0639975
-0.21904103,-0.0959963
-0.21884103,-0.0959963
-0.21864103,-0.0959963
-0.21844103,-0.127995
-0.21824103,-0.0959963
-0.21804103,-0.127995
-0.21784103,-0.127995
-0.21764103,-0.159994
-0.21744103,-0.0959963
-0.21724103,-0.127995
-0.21704103,-0.0959963
-0.21684103,-0.0959963
-0.21664103,-0.0639975
-0.21644103,-0.0959963
-0.21624103,-0.0959963
-0.21604103,-0.0639975
-0.21584103,-0.0959963
-0.21564103,-0.0959963
-0.21544103,-0.127995
-0.21524103,-0.0959963
-0.21504103,-0.0959963
-0.21484103,-0.0959963
-0.21464103,-0.0959963
-0.21444103,-0.0959963
-0.21424103,-0.127995
-0.21404103,-0.127995
-0.21384103,-0.0639975
-0.21364103,-0.0959963
-0.21344103,-0.0959963
-0.21324103,-0.0959963
-0.21304103,-0.159994
-0.21284103,-0.0639975
-0.21264103,-0.0959963
-0.21244103,-0.0959963
-0.21224103,-0.0639975
-0.21204103,-0.0959963
-0.21184103,-0.0959963
-0.21164103,-0.0959963
-0.21144103,-0.0639975
-0.21124103,-0.0959963
-0.21104103,-0.0959963
-0.21084103,-0.0639975
-0.21064103,-0.0959963
-0.21044103,-0.127995
-0.21024103,-0.0639975
-0.21004103,-0.127995
-0.20984103,-0.0639975
-0.20964103,-0.0959963
-0.20944103,-0.0959963
-0.20924103,-0.0639975
-0.20904103,-0.0319988
-0.20884103,-0.127995
-0.20864103,-0.0959963
-0.20844103,-0.0639975
-0.20824103,-0.0959963
-0.20804103,-0.0959963
-0.20784103,-0.0639975
-0.20764103,-0.0639975
-0.20744103,-0.0639975
-0.20724103,-0.0959963
-0.20704103,-0.0959963
-0.20684103,-0.0319988
-0.20664103,-0.0639975
-0.20644103,-0.127995
-0.20624103,-0.0639975
-0.20604103,-0.0959963
-0.20584103,-0.127995
-0.20564103,-0.0639975
-0.20544103,-0.0639975
-0.20524103,-0.0959963
-0.20504103,-0.0959963
-0.20484103,-0.0959963
-0.20464103,-0.0959963
-0.20444103,-0.0959963
-0.20424103,-0.0959963
-0.20404103,-0.0959963
-0.20384103,-0.0639975
-0.20364103,-0.0959963
-0.20344103,-0.127995
-0.20324103,-0.127995
-0.20304103,-0.0959963
-0.20284103,-0.127995
-0.20264103,-0.127995
-0.20244103,-0.0959963
-0.20224103,-0.0959963
-0.20204103,-0.0959963
-0.20184103,-0.0959963
-0.20164103,-0.127995
-0.20144103,-0.127995
-0.20124103,-0.127995
-0.20104103,-0.159994
-0.20084103,-0.0959963
-0.20064103,-0.0319988
-0.20044103,-0.127995
-0.20024103,-0.127995
-0.20004103,-0.0639975
-0.19984103,-0.127995
-0.19964103,-0.127995
-0.19944103,-0.0959963
-0.19924103,-0.0959963
-0.19904103,-0.127995
-0.19884103,-0.127995
-0.19864103,-0.0959963
-0.19844103,-0.127995
-0.19824103,-0.127995
-0.19804103,-0.0959963
-0.19784103,-0.127995
-0.19764103,-0.0959963
-0.19744103,-0.127995
-0.19724103,-0.127995
-0.19704103,-0.127995
-0.19684103,-0.0959963
-0.19664103,-0.0959963
-0.19644103,-0.0959963
-0.19624103,-0.127995
-0.19604103,-0.127995
-0.19584103,-0.127995
-0.19564103,-0.127995
-0.19544103,-0.0959963
-0.19524103,-0.127995
-0.19504103,-0.127995
-0.19484103,-0.0959963
-0.19464103,-0.0959963
-0.19444103,-0.159994
-0.19424103,-0.0959963
-0.19404103,-0.0959963
-0.19384103,-0.159994
-0.19364103,-0.127995
-0.19344103,-0.127995
-0.19324103,-0.127995
-0.19304103,-0.159994
-0.19284103,-0.0959963
-0.19264103,-0.191993
-0.19244103,-0.159994
-0.19224103,-0.0639975
-0.19204103,-0.127995
-0.19184103,-0.127995
-0.19164103,-0.127995
-0.19144103,-0.127995
-0.19124103,-0.0639975
-0.19104103,-0.159994
-0.19084103,-0.0959963
-0.19064103,-0.0959963
-0.19044103,-0.0959963
-0.19024103,-0.127995
-0.19004103,-0.127995
-0.18984103,-0.0959963
-0.18964103,-0.127995
-0.18944103,-0.0959963
-0.18924103,-0.0959963
-0.18904103,-0.127995
-0.18884103,-0.127995
-0.18864103,-0.127995
-0.18844103,-0.159994
-0.18824103,-0.127995
-0.18804103,-0.127995
-0.18784103,-0.127995
-0.18764103,-0.127995
-0.18744103,-0.127995
-0.18724103,-0.127995
-0.18704103,-0.127995
-0.18684103,-0.127995
-0.18664103,-0.191993
-0.18644103,-0.0959963
-0.18624103,-0.0959963
-0.18604103,-0.0959963
-0.18584103,-0.127995
-0.18564103,-0.127995
-0.18544103,-0.127995
-0.18524103,-0.159994
-0.18504103,-0.0959963
-0.18484103,-0.0959963
-0.18464103,-0.127995
-0.18444103,-0.0639975
-0.18424103,-0.0959963
-0.18404103,-0.127995
-0.18384103,-0.0959963
-0.18364103,-0.127995
-0.18344103,-0.127995
-0.18324103,-0.127995
-0.18304103,-0.159994
-0.18284103,-0.127995
-0.18264103,-0.127995
-0.18244103,-0.127995
-0.18224103,-0.127995
-0.18204103,-0.127995
-0.18184103,-0.127995
-0.18164103,-0.0959963
-0.18144103,-0.0639975
-0.18124103,-0.127995
-0.18104103,-0.127995
-0.18084103,-0.127995
-0.18064103,-0.159994
-0.18044103,-0.127995
-0.18024103,-0.0959963
-0.18004103,-0.159994
-0.17984103,-0.127995
-0.17964103,-0.0959963
-0.17944103,-0.159994
-0.17924103,-0.0959963
-0.17904103,-0.127995
-0.17884103,-0.127995
-0.17864103,-0.0959963
-0.17844103,-0.0959963
-0.17824103,-0.127995
-0.17804103,-0.0639975
-0.17784103,-0.127995
-0.17764103,-0.0959963
-0.17744103,-0.127995
-0.17724103,-0.0959963
-0.17704103,-0.191993
-0.17684103,-0.127995
-0.17664103,-0.0959963
-0.17644103,-0.127995
-0.17624103,-0.127995
-0.17604103,-0.0959963
-0.17584103,-0.127995
-0.17564103,-0.0959963
-0.17544103,-0.159994
-0.17524103,-0.191993
-0.17504103,-0.127995
-0.17484103,-0.0959963
-0.17464103,-0.127995
-0.17444103,-0.127995
-0.17424103,-0.0959963
-0.17404103,-0.127995
-0.17384103,-0.127995
-0.17364103,-0.127995
-0.17344103,-0.127995
-0.17324103,-0.0959963
-0.17304103,-0.127995
-0.17284103,-0.0959963
-0.17264103,-0.0959963
-0.17244103,-0.0959963
-0.17224103,-0.127995
-0.17204103,-0.0639975
-0.17184103,-0.0639975
-0.17164103,-0.159994
-0.17144103,-0.127995
-0.17124103,-0.0959963
-0.17104103,-0.127995
-0.17084103,-0.0319988
-0.17064103,-0.0959963
-0.17044103,-0.127995
-0.17024103,-0.0959963
-0.17004103,-0.0639975
-0.16984103,-0.0959963
-0.16964103,-0.127995
-0.16944103,-0.0959963
-0.16924103,-0.191993
-0.16904103,-0.0959963
-0.16884103,-0.0959963
-0.16864103,-0.127995
-0.16844103,-0.127995
-0.16824103,-0.0959963
-0.16804103,-0.159994
-0.16784103,-0.0959963
-0.16764103,-0.0959963
-0.16744103,-0.159994
-0.16724103,-0.127995
-0.16704103,-0.127995
-0.16684103,-0.127995
-0.16664103,-0.127995
-0.16644103,-0.0959963
-0.16624103,-0.127995
-0.16604103,-0.127995
-0.16584103,-0.127995
-0.16564103,-0.127995
-0.16544103,-0.0959963
-0.16524103,-0.127995
-0.16504103,-0.127995
-0.16484103,-0.127995
-0.16464103,-0.127995
-0.16444103,-0.159994
-0.16424103,-0.0959963
-0.16404103,-0.127995
-0.16384103,-0.191993
-0.16364103,-0.127995
-0.16344103,-0.127995
-0.16324103,-0.159994
-0.16304103,-0.127995
-0.16284103,-0.127995
-0.16264103,-0.127995
-0.16244103,-0.127995
-0.16224103,-0.0959963
-0.16204103,-0.191993
-0.16184103,-0.127995
-0.16164103,-0.127995
-0.16144103,-0.127995
-0.16124103,-0.159994
-0.16104103,-0.0959963
-0.16084103,-0.127995
-0.16064103,-0.159994
-0.16044103,-0.0959963
-0.16024103,-0.127995
-0.16004103,-0.159994
-0.15984103,-0.159994
-0.15964103,-0.159994
-0.15944103,-0.127995
-0.15924103,-0.127995
-0.15904103,-0.159994
-0.15884103,-0.0959963
-0.15864103,-0.127995
-0.15844103,-0.127995
-0.15824103,-0.127995
-0.15804103,-0.0959963
-0.15784103,-0.159994
-0.15764103,-0.159994
-0.15744103,-0.127995
-0.15724103,-0.127995
-0.15704103,-0.159994
-0.15684103,-0.127995
-0.15664103,-0.159994
-0.15644103,-0.127995
-0.15624103,-0.127995
-0.15604103,-0.223991
-0.15584103,-0.159994
-0.15564103,-0.159994
-0.15544103,-0.127995
-0.15524103,-0.127995
-0.15504103,-0.159994
-0.15484103,-0.191993
-0.15464103,-0.191993
-0.15444103,-0.127995
-0.15424103,-0.159994
-0.15404103,-0.159994
-0.15384103,-0.127995
-0.15364103,-0.191993
-0.15344103,-0.159994
-0.15324103,-0.159994
-0.15304103,-0.191993
-0.15284103,-0.159994
-0.15264103,-0.191993
-0.15244103,-0.159994
-0.15224103,-0.223991
-0.15204103,-0.159994
-0.15184103,-0.159994
-0.15164103,-0.191993
-0.15144103,-0.127995
-0.15124103,-0.191993
-0.15104103,-0.191993
-0.15084103,-0.127995
-0.15064103,-0.159994
-0.15044103,-0.159994
-0.15024103,-0.191993
-0.15004103,-0.191993
-0.14984103,-0.127995
-0.14964103,-0.191993
-0.14944103,-0.159994
-0.14924103,-0.191993
-0.14904103,-0.159994
-0.14884103,-0.191993
-0.14864103,-0.127995
-0.14844103,-0.127995
-0.14824103,-0.191993
-0.14804103,-0.191993
-0.14784103,-0.159994
-0.14764103,-0.25599
-0.14744103,-0.159994
-0.14724103,-0.159994
-0.14704103,-0.191993
-0.14684103,-0.223991
-0.14664103,-0.223991
-0.14644103,-0.191993
-0.14624103,-0.223991
-0.14604103,-0.223991
-0.14584103,-0.159994
-0.14564103,-0.223991
-0.14544103,-0.223991
-0.14524103,-0.223991
-0.14504103,-0.191993
-0.14484103,-0.25599
-0.14464103,-0.223991
-0.14444103,-0.223991
-0.14424103,-0.191993
-0.14404103,-0.223991
-0.14384103,-0.223991
-0.14364103,-0.223991
-0.14344103,-0.191993
-0.14324103,-0.223991
-0.14304103,-0.223991
-0.14284103,-0.223991
-0.14264103,-0.223991
-0.14244103,-0.191993
-0.14224103,-0.25599
-0.14204103,-0.223991
-0.14184103,-0.191993
-0.14164103,-0.223991
-0.14144103,-0.191993
-0.14124103,-0.25599
-0.14104103,-0.25599
-0.14084103,-0.25599
-0.14064103,-0.223991
-0.14044103,-0.223991
-0.14024103,-0.223991
-0.14004103,-0.223991
-0.13984103,-0.223991
-0.13964103,-0.223991
-0.13944103,-0.159994
-0.13924103,-0.223991
-0.13904103,-0.223991
-0.13884103,-0.223991
-0.13864103,-0.25599
-0.13844103,-0.223991
-0.13824103,-0.223991
-0.13804103,-0.223991
-0.13784103,-0.223991
-0.13764103,-0.223991
-0.13744103,-0.223991
-0.13724103,-0.25599
-0.13704103,-0.191993
-0.13684103,-0.25599
-0.13664103,-0.191993
-0.13644103,-0.191993
-0.13624103,-0.191993
-0.13604103,-0.223991
-0.13584103,-0.159994
-0.13564103,-0.25599
-0.13544103,-0.223991
-0.13524103,-0.223991
-0.13504103,-0.191993
-0.13484103,-0.25599
-0.13464103,-0.191993
-0.13444103,-0.25599
-0.13424103,-0.223991
-0.13404103,-0.191993
-0.13384103,-0.25599
-0.13364103,-0.223991
-0.13344103,-0.159994
-0.13324103,-0.223991
-0.13304103,-0.223991
-0.13284103,-0.159994
-0.13264103,-0.25599
-0.13244103,-0.25599
-0.13224103,-0.159994
-0.13204103,-0.223991
-0.13184103,-0.223991
-0.13164103,-0.191993
-0.13144103,-0.223991
-0.13124103,-0.191993
-0.13104103,-0.191993
-0.13084103,-0.223991
-0.13064103,-0.223991
-0.13044103,-0.223991
-0.13024103,-0.25599
-0.13004103,-0.191993
-0.12984103,-0.223991
-0.12964103,-0.25599
-0.12944103,-0.223991
-0.12924103,-0.223991
-0.12904103,-0.159994
-0.12884103,-0.191993
-0.12864103,-0.191993
-0.12844103,-0.191993
-0.12824103,-0.191993
-0.12804103,-0.191993
-0.12784103,-0.25599
-0.12764103,-0.223991
-0.12744103,-0.191993
-0.12724103,-0.191993
-0.12704103,-0.191993
-0.12684103,-0.191993
-0.12664103,-0.25599
-0.12644103,-0.223991
-0.12624103,-0.159994
-0.12604103,-0.191993
-0.12584103,-0.25599
-0.12564103,-0.191993
-0.12544103,-0.191993
-0.12524103,-0.159994
-0.12504103,-0.191993
-0.12484103,-0.159994
-0.12464103,-0.191993
-0.12444103,-0.191993
-0.12424103,-0.191993
-0.12404103,-0.159994
-0.12384103,-0.191993
-0.12364103,-0.223991
-0.12344103,-0.223991
-0.12324103,-0.223991
-0.12304103,-0.223991
-0.12284103,-0.25599
-0.12264103,-0.159994
-0.12244103,-0.223991
-0.12224103,-0.191993
-0.12204103,-0.191993
-0.12184103,-0.223991
-0.12164103,-0.223991
-0.12144103,-0.223991
-0.12124103,-0.223991
-0.12104103,-0.191993
-0.12084103,-0.191993
-0.12064103,-0.191993
-0.12044103,-0.25599
-0.12024103,-0.191993
-0.12004103,-0.223991
-0.11984103,-0.223991
-0.11964103,-0.191993
-0.11944103,-0.223991
-0.11924103,-0.223991
-0.11904103,-0.159994
-0.11884103,-0.223991
-0.11864103,-0.223991
-0.11844103,-0.159994
-0.11824103,-0.223991
-0.11804103,-0.159994
-0.11784103,-0.191993
-0.11764103,-0.191993
-0.11744103,-0.25599
-0.11724103,-0.191993
-0.11704103,-0.223991
-0.11684103,-0.191993
-0.11664103,-0.223991
-0.11644103,-0.191993
-0.11624103,-0.191993
-0.11604103,-0.191993
-0.11584103,-0.223991
-0.11564103,-0.223991
-0.11544103,-0.223991
-0.11524103,-0.223991
-0.11504103,-0.25599
-0.11484103,-0.159994
-0.11464103,-0.25599
-0.11444103,-0.191993
-0.11424103,-0.25599
-0.11404103,-0.223991
-0.11384103,-0.191993
-0.11364103,-0.191993
-0.11344103,-0.191993
-0.11324103,-0.223991
-0.11304103,-0.191993
-0.11284103,-0.191993
-0.11264103,-0.223991
-0.11244103,-0.191993
-0.11224103,-0.25599
-0.11204103,-0.223991
-0.11184103,-0.191993
-0.11164103,-0.223991
-0.11144103,-0.223991
-0.11124103,-0.191993
-0.11104103,-0.25599
-0.11084103,-0.159994
-0.11064103,-0.191993
-0.11044103,-0.223991
-0.11024103,-0.191993
-0.11004103,-0.191993
-0.10984103,-0.223991
-0.10964103,-0.191993
-0.10944103,-0.223991
-0.10924103,-0.191993
-0.10904103,-0.25599
-0.10884103,-0.223991
-0.10864103,-0.223991
-0.10844103,-0.223991
-0.10824103,-0.191993
-0.10804103,-0.287989
-0.10784103,-0.223991
-0.10764103,-0.191993
-0.10744103,-0.223991
-0.10724103,-0.223991
-0.10704103,-0.223991
-0.10684103,-0.223991
-0.10664103,-0.223991
-0.10644103,-0.191993
-0.10624103,-0.25599
-0.10604103,-0.223991
-0.10584103,-0.191993
-0.10564103,-0.191993
-0.10544103,-0.191993
-0.10524103,-0.159994
-0.10504103,-0.223991
-0.10484103,-0.223991
-0.10464103,-0.191993
-0.10444103,-0.223991
-0.10424103,-0.223991
-0.10404103,-0.223991
-0.10384103,-0.223991
-0.10364103,-0.223991
-0.10344103,-0.159994
-0.10324103,-0.25599
-0.10304103,-0.191993
-0.10284103,-0.191993
-0.10264103,-0.223991
-0.10244103,-0.159994
-0.10224103,-0.191993
-0.10204103,-0.223991
-0.10184103,-0.223991
-0.10164103,-0.191993
-0.10144103,-0.191993
-0.10124103,-0.159994
-0.10104103,-0.191993
-0.10084103,-0.223991
-0.10064103,-0.191993
-0.10044103,-0.223991
-0.10024103,-0.191993
-0.10004103,-0.223991
-0.099841034,-0.223991
-0.099641034,-0.223991
-0.099441034,-0.223991
-0.099241034,-0.159994
-0.099041034,-0.191993
-0.098841034,-0.25599
-0.098641034,-0.191993
-0.098441034,-0.191993
-0.098241034,-0.191993
-0.098041034,-0.127995
-0.097841034,-0.159994
-0.097641034,-0.159994
-0.097441034,-0.159994
-0.097241034,-0.191993
-0.097041034,-0.191993
-0.096841034,-0.127995
-0.096641034,-0.191993
-0.096441034,-0.191993
-0.096241034,-0.159994
-0.096041034,-0.223991
-0.095841034,-0.191993
-0.095641034,-0.191993
-0.095441034,-0.223991
-0.095241034,-0.159994
-0.095041034,-0.159994
-0.094841034,-0.159994
-0.094641034,-0.159994
-0.094441034,-0.127995
-0.094241034,-0.159994
-0.094041034,-0.191993
-0.093841034,-0.159994
-0.093641034,-0.191993
-0.093441034,-0.159994
-0.093241034,-0.127995
-0.093041034,-0.191993
-0.092841034,-0.127995
-0.092641034,-0.159994
-0.092441034,-0.159994
-0.092241034,-0.159994
-0.092041034,-0.159994
-0.091841034,-0.191993
-0.091641034,-0.159994
-0.091441034,-0.159994
-0.091241034,-0.159994
-0.091041034,-0.159994
-0.090841034,-0.127995
-0.090641034,-0.159994
-0.090441034,-0.159994
-0.090241034,-0.127995
-0.090041034,-0.159994
-0.089841034,-0.127995
-0.089641034,-0.0959963
-0.089441034,-0.191993
-0.089241034,-0.159994
-0.089041034,-0.127995
-0.088841034,-0.159994
-0.088641034,-0.127995
-0.088441034,-0.127995
-0.088241034,-0.159994
-0.088041034,-0.191993
-0.087841034,-0.127995
-0.087641034,-0.127995
-0.087441034,-0.127995
-0.087241034,-0.159994
-0.087041034,-0.127995
-0.086841034,-0.159994
-0.086641034,-0.127995
-0.086441034,-0.159994
-0.086241034,-0.127995
-0.086041034,-0.159994
-0.085841034,-0.159994
-0.085641034,-0.159994
-0.085441034,-0.127995
-0.085241034,-0.127995
-0.085041034,-0.127995
-0.084841034,-0.127995
-0.084641034,-0.191993
-0.084441034,-0.159994
-0.084241034,-0.159994
-0.084041034,-0.191993
-0.083841034,-0.127995
-0.083641034,-0.159994
-0.083441034,-0.159994
-0.083241034,-0.223991
-0.083041034,-0.159994
-0.082841034,-0.159994
-0.082641034,-0.159994
-0.082441034,-0.159994
-0.082241034,-0.159994
-0.082041034,-0.127995
-0.081841034,-0.127995
-0.081641034,-0.191993
-0.081441034,-0.159994
-0.081241034,-0.0959963
-0.081041034,-0.159994
-0.080841034,-0.159994
-0.080641034,-0.127995
-0.080441034,-0.191993
-0.080241034,-0.159994
-0.080041034,-0.159994
-0.079841034,-0.191993
-0.079641034,-0.191993
-0.079441034,-0.191993
-0.079241034,-0.191993
-0.079041034,-0.223991
-0.078841034,-0.159994
-0.078641034,-0.191993
-0.078441034,-0.159994
-0.078241034,-0.191993
-0.078041034,-0.191993
-0.077841034,-0.191993
-0.077641034,-0.223991
-0.077441034,-0.191993
-0.077241034,-0.191993
-0.077041034,-0.159994
-0.076841034,-0.191993
-0.076641034,-0.223991
-0.076441034,-0.191993
-0.076241034,-0.191993
-0.076041034,-0.191993
-0.075841034,-0.159994
-0.075641034,-0.191993
-0.075441034,-0.191993
-0.075241034,-0.223991
-0.075041034,-0.191993
-0.074841034,-0.223991
-0.074641034,-0.159994
-0.074441034,-0.223991
-0.074241034,-0.159994
-0.074041034,-0.191993
-0.073841034,-0.191993
-0.073641034,-0.191993
-0.073441034,-0.191993
-0.073241034,-0.191993
-0.073041034,-0.191993
-0.072841034,-0.191993
-0.072641034,-0.223991
-0.072441034,-0.223991
-0.072241034,-0.191993
-0.072041034,-0.191993
-0.071841034,-0.159994
-0.071641034,-0.159994
-0.071441034,-0.159994
-0.071241034,-0.159994
-0.071041034,-0.127995
-0.070841034,-0.191993
-0.070641034,-0.159994
-0.070441034,-0.191993
-0.070241034,-0.223991
-0.070041034,-0.223991
-0.069841034,-0.159994
-0.069641034,-0.223991
-0.069441034,-0.191993
-0.069241034,-0.191993
-0.069041034,-0.223991
-0.068841034,-0.191993
-0.068641034,-0.191993
-0.068441034,-0.191993
-0.068241034,-0.159994
-0.068041034,-0.191993
-0.067841034,-0.223991
-0.067641034,-0.223991
-0.067441034,-0.191993
-0.067241034,-0.191993
-0.067041034,-0.223991
-0.066841034,-0.127995
-0.066641034,-0.191993
-0.066441034,-0.191993
-0.066241034,-0.159994
-0.066041034,-0.191993
-0.065841034,-0.191993
-0.065641034,-0.159994
-0.065441034,-0.191993
-0.065241034,-0.223991
-0.065041034,-0.159994
-0.064841034,-0.191993
-0.064641034,-0.159994
-0.064441034,-0.159994
-0.064241034,-0.191993
-0.064041034,-0.159994
-0.063841034,-0.159994
-0.063641034,-0.159994
-0.063441034,-0.159994
-0.063241034,-0.127995
-0.063041034,-0.159994
-0.062841034,-0.191993
-0.062641034,-0.159994
-0.062441034,-0.223991
-0.062241034,-0.159994
-0.062041034,-0.127995
-0.061841034,-0.223991
-0.061641034,-0.159994
-0.061441034,-0.159994
-0.061241034,-0.191993
-0.061041034,-0.191993
-0.060841034,-0.159994
-0.060641034,-0.191993
-0.060441034,-0.191993
-0.060241034,-0.159994
-0.060041034,-0.191993
-0.059841034,-0.159994
-0.059641034,-0.127995
-0.059441034,-0.159994
-0.059241034,-0.159994
-0.059041034,-0.127995
-0.058841034,-0.191993
-0.058641034,-0.159994
-0.058441034,-0.159994
-0.058241034,-0.191993
-0.058041034,-0.159994
-0.057841034,-0.159994
-0.057641034,-0.223991
-0.057441034,-0.223991
-0.057241034,-0.159994
-0.057041034,-0.223991
-0.056841034,-0.191993
-0.056641034,-0.159994
-0.056441034,-0.191993
-0.056241034,-0.159994
-0.056041034,-0.191993
-0.055841034,-0.191993
-0.055641034,-0.191993
-0.055441034,-0.191993
-0.055241034,-0.223991
-0.055041034,-0.159994
-0.054841034,-0.159994
-0.054641034,-0.159994
-0.054441034,-0.159994
-0.054241034,-0.191993
-0.054041034,-0.191993
-0.053841034,-0.191993
-0.053641034,-0.191993
-0.053441034,-0.191993
-0.053241034,-0.223991
-0.053041034,-0.191993
-0.052841034,-0.191993
-0.052641034,-0.25599
-0.052441034,-0.223991
-0.052241034,-0.223991
-0.052041034,-0.223991
-0.051841034,-0.159994
-0.051641034,-0.25599
-0.051441034,-0.223991
-0.051241034,-0.191993
-0.051041034,-0.191993
-0.050841034,-0.25599
-0.050641034,-0.191993
-0.050441034,-0.223991
-0.050241034,-0.223991
-0.050041034,-0.191993
-0.049841034,-0.191993
-0.049641034,-0.191993
-0.049441034,-0.191993
-0.049241034,-0.25599
-0.049041034,-0.223991
-0.048841034,-0.223991
-0.048641034,-0.223991
-0.048441034,-0.223991
-0.048241034,-0.191993
-0.048041034,-0.223991
-0.047841034,-0.191993
-0.047641034,-0.223991
-0.047441034,-0.223991
-0.047241034,-0.191993
-0.047041034,-0.223991
-0.046841034,-0.25599
-0.046641034,-0.223991
-0.046441034,-0.191993
-0.046241034,-0.223991
-0.046041034,-0.25599
-0.045841034,-0.191993
-0.045641034,-0.287989
-0.045441034,-0.287989
-0.045241034,-0.223991
-0.045041034,-0.25599
-0.044841034,-0.25599
-0.044641034,-0.223991
-0.044441034,-0.25599
-0.044241034,-0.25599
-0.044041034,-0.223991
-0.043841034,-0.223991
-0.043641034,-0.25599
-0.043441034,-0.287989
-0.043241034,-0.25599
-0.043041034,-0.287989
-0.042841034,-0.25599
-0.042641034,-0.25599
-0.042441034,-0.287989
-0.042241034,-0.223991
-0.042041034,-0.287989
-0.041841034,-0.223991
-0.041641034,-0.287989
-0.041441034,-0.25599
-0.041241034,-0.25599
-0.041041034,-0.191993
-0.040841034,-0.223991
-0.040641034,-0.287989
-0.040441034,-0.25599
-0.040241034,-0.223991
-0.040041034,-0.223991
-0.039841034,-0.223991
-0.039641034,-0.223991
-0.039441034,-0.287989
-0.039241034,-0.191993
-0.039041034,-0.287989
-0.038841034,-0.287989
-0.038641034,-0.191993
-0.038441034,-0.287989
-0.038241034,-0.25599
-0.038041034,-0.25599
-0.037841034,-0.25599
-0.037641034,-0.25599
-0.037441034,-0.223991
-0.037241034,-0.25599
-0.037041034,-0.287989
-0.036841034,-0.25599
-0.036641034,-0.25599
-0.036441034,-0.25599
-0.036241034,-0.223991
-0.036041034,-0.25599
-0.035841034,-0.25599
-0.035641034,-0.223991
-0.035441034,-0.25599
-0.035241034,-0.223991
-0.035041034,-0.223991
-0.034841034,-0.223991
-0.034641034,-0.25599
-0.034441034,-0.25599
-0.034241034,-0.223991
-0.034041034,-0.287989
-0.033841034,-0.287989
-0.033641034,-0.223991
-0.033441034,-0.287989
-0.033241034,-0.223991
-0.033041034,-0.25599
-0.032841034,-0.223991
-0.032641034,-0.223991
-0.032441034,-0.25599
-0.032241034,-0.25599
-0.032041034,-0.223991
-0.031841034,-0.25599
-0.031641034,-0.25599
-0.031441034,-0.25599
-0.031241034,-0.25599
-0.031041034,-0.223991
-0.030841034,-0.223991
-0.030641034,-0.25599
-0.030441034,-0.191993
-0.030241034,-0.223991
-0.030041034,-0.25599
-0.029841034,-0.25599
-0.029641034,-0.223991
-0.029441034,-0.25599
-0.029241034,-0.25599
-0.029041034,-0.191993
-0.028841034,-0.287989
-0.028641034,-0.191993
-0.028441034,-0.223991
-0.028241034,-0.191993
-0.028041034,-0.191993
-0.027841034,-0.223991
-0.027641034,-0.25599
-0.027441034,-0.25599
-0.027241034,-0.223991
-0.027041034,-0.223991
-0.026841034,-0.191993
-0.026641034,-0.191993
-0.026441034,-0.223991
-0.026241034,-0.223991
-0.026041034,-0.159994
-0.025841034,-0.25599
-0.025641034,-0.159994
-0.025441034,-0.191993
-0.025241034,-0.25599
-0.025041034,-0.223991
-0.024841034,-0.159994
-0.024641034,-0.223991
-0.024441034,-0.191993
-0.024241034,-0.159994
-0.024041034,-0.191993
-0.023841034,-0.191993
-0.023641034,-0.127995
-0.023441034,-0.159994
-0.023241034,-0.223991
-0.023041034,-0.191993
-0.022841034,-0.191993
-0.022641034,-0.159994
-0.022441034,-0.159994
-0.022241034,-0.191993
-0.022041034,-0.191993
-0.021841034,-0.191993
-0.021641034,-0.191993
-0.021441034,-0.223991
-0.021241034,-0.127995
-0.021041034,-0.191993
-0.020841034,-0.159994
-0.020641034,-0.159994
-0.020441034,-0.191993
-0.020241034,-0.191993
-0.020041034,-0.159994
-0.019841034,-0.159994
-0.019641034,-0.127995
-0.019441034,-0.191993
-0.019241034,-0.159994
-0.019041034,-0.159994
-0.018841034,-0.191993
-0.018641034,-0.191993
-0.018441034,-0.191993
-0.018241034,-0.159994
-0.018041034,-0.159994
-0.017841034,-0.127995
-0.017641034,-0.159994
-0.017441034,-0.191993
-0.017241034,-0.159994
-0.017041034,-0.159994
-0.016841034,-0.191993
-0.016641034,-0.159994
-0.016441034,-0.191993
-0.016241034,-0.223991
-0.016041034,-0.191993
-0.015841034,-0.159994
-0.015641034,-0.191993
-0.015441034,-0.223991
-0.015241034,-0.223991
-0.015041034,-0.191993
-0.014841034,-0.223991
-0.014641034,-0.159994
-0.014441034,-0.223991
-0.014241034,-0.223991
-0.014041034,-0.191993
-0.013841034,-0.223991
-0.013641034,-0.223991
-0.013441034,-0.191993
-0.013241034,-0.191993
-0.013041034,-0.25599
-0.012841034,-0.191993
-0.012641034,-0.223991
-0.012441034,-0.223991
-0.012241034,-0.223991
-0.012041034,-0.223991
-0.011841034,-0.223991
-0.011641034,-0.223991
-0.011441034,-0.25599
-0.011241034,-0.25599
-0.011041034,-0.191993
-0.010841034,-0.25599
-0.010641034,-0.223991
-0.010441034,-0.223991
-0.010241034,-0.223991
-0.010041034,-0.223991
-0.0098410335,-0.223991
-0.0096410335,-0.25599
-0.0094410335,-0.25599
-0.0092410335,-0.191993
-0.0090410335,-0.25599
-0.0088410335,-0.223991
-0.0086410335,-0.223991
-0.0084410335,-0.25599
-0.0082410335,-0.287989
-0.0080410335,-0.223991
-0.0078410335,-0.25599
-0.0076410335,-0.25599
-0.0074410335,-0.25599
-0.0072410335,-0.319988
-0.0070410335,-0.287989
-0.0068410335,-0.287989
-0.0066410335,-0.25599
-0.0064410335,-0.287989
-0.0062410335,-0.287989
-0.0060410335,-0.25599
-0.0058410335,-0.319988
-0.0056410335,-0.25599
-0.0054410335,-0.287989
-0.0052410335,-0.287989
-0.0050410335,-0.319988
-0.0048410335,-0.287989
-0.0046410335,-0.25599
-0.0044410335,-0.319988
-0.0042410335,-0.25599
-0.0040410335,-0.287989
-0.0038410335,-0.287989
-0.0036410335,-0.287989
-0.0034410335,-0.287989
-0.0032410335,-0.287989
-0.0030410335,-0.319988
-0.0028410335,-0.319988
-0.0026410335,-0.287989
-0.0024410335,-0.319988
-0.0022410335,-0.319988
-0.0020410335,-0.287989
-0.0018410335,-0.319988
-0.0016410335,-0.351986
-0.0014410335,-0.383985
-0.0012410335,-0.351986
-0.0010410335,-0.319988
-0.00084103351,-0.351986
-0.00064103351,-0.319988
-0.00044103351,-0.351986
-0.00024103351,-0.287989
-4.1033509e-005,-0.319988
0.00015896649,-0.319988
