LECROYWS42Xs,24809,Waveform
Segments,1,SegmentSize,10002
Segment,TrigTime,TimeSinceSegment1
#1,18-Feb-2003 23:12:34,0                 
Time,Ampl
-2.000009,-0.191993
-1.999809,-0.127995
-1.999609,-0.223991
-1.999409,-0.223991
-1.999209,-0.191993
-1.999009,-0.223991
-1.998809,-0.191993
-1.998609,-0.191993
-1.998409,-0.191993
-1.998209,-0.159994
-1.998009,-0.223991
-1.997809,-0.223991
-1.997609,-0.223991
-1.997409,-0.223991
-1.997209,-0.191993
-1.997009,-0.191993
-1.996809,-0.223991
-1.996609,-0.191993
-1.996409,-0.223991
-1.996209,-0.191993
-1.996009,-0.191993
-1.995809,-0.25599
-1.995609,-0.25599
-1.995409,-0.191993
-1.995209,-0.191993
-1.995009,-0.191993
-1.994809,-0.191993
-1.994609,-0.191993
-1.994409,-0.159994
-1.994209,-0.191993
-1.994009,-0.25599
-1.993809,-0.25599
-1.993609,-0.191993
-1.993409,-0.191993
-1.993209,-0.191993
-1.993009,-0.159994
-1.992809,-0.25599
-1.992609,-0.25599
-1.992409,-0.223991
-1.992209,-0.223991
-1.992009,-0.159994
-1.991809,-0.191993
-1.991609,-0.223991
-1.991409,-0.223991
-1.991209,-0.159994
-1.991009,-0.223991
-1.990809,-0.223991
-1.990609,-0.191993
-1.990409,-0.25599
-1.990209,-0.223991
-1.990009,-0.223991
-1.989809,-0.159994
-1.989609,-0.223991
-1.989409,-0.191993
-1.989209,-0.25599
-1.989009,-0.25599
-1.988809,-0.191993
-1.988609,-0.25599
-1.988409,-0.191993
-1.988209,-0.223991
-1.988009,-0.159994
-1.987809,-0.191993
-1.987609,-0.159994
-1.987409,-0.223991
-1.987209,-0.25599
-1.987009,-0.191993
-1.986809,-0.223991
-1.986609,-0.223991
-1.986409,-0.191993
-1.986209,-0.191993
-1.986009,-0.25599
-1.985809,-0.191993
-1.985609,-0.223991
-1.985409,-0.25599
-1.985209,-0.191993
-1.985009,-0.223991
-1.984809,-0.191993
-1.984609,-0.223991
-1.984409,-0.223991
-1.984209,-0.25599
-1.984009,-0.191993
-1.983809,-0.223991
-1.983609,-0.191993
-1.983409,-0.223991
-1.983209,-0.287989
-1.983009,-0.223991
-1.982809,-0.191993
-1.982609,-0.25599
-1.982409,-0.223991
-1.982209,-0.223991
-1.982009,-0.25599
-1.981809,-0.287989
-1.981609,-0.159994
-1.981409,-0.287989
-1.981209,-0.25599
-1.981009,-0.223991
-1.980809,-0.223991
-1.980609,-0.25599
-1.980409,-0.223991
-1.980209,-0.25599
-1.980009,-0.223991
-1.979809,-0.223991
-1.979609,-0.287989
-1.979409,-0.223991
-1.979209,-0.223991
-1.979009,-0.223991
-1.978809,-0.287989
-1.978609,-0.25599
-1.978409,-0.287989
-1.978209,-0.223991
-1.978009,-0.191993
-1.977809,-0.287989
-1.977609,-0.25599
-1.977409,-0.223991
-1.977209,-0.223991
-1.977009,-0.191993
-1.976809,-0.191993
-1.976609,-0.223991
-1.976409,-0.223991
-1.976209,-0.191993
-1.976009,-0.223991
-1.975809,-0.25599
-1.975609,-0.191993
-1.975409,-0.223991
-1.975209,-0.191993
-1.975009,-0.191993
-1.974809,-0.25599
-1.974609,-0.223991
-1.974409,-0.223991
-1.974209,-0.223991
-1.974009,-0.25599
-1.973809,-0.223991
-1.973609,-0.25599
-1.973409,-0.223991
-1.973209,-0.223991
-1.973009,-0.25599
-1.972809,-0.25599
-1.972609,-0.191993
-1.972409,-0.223991
-1.972209,-0.223991
-1.972009,-0.191993
-1.971809,-0.25599
-1.971609,-0.25599
-1.971409,-0.191993
-1.971209,-0.25599
-1.971009,-0.25599
-1.970809,-0.287989
-1.970609,-0.25599
-1.970409,-0.223991
-1.970209,-0.223991
-1.970009,-0.25599
-1.969809,-0.25599
-1.969609,-0.223991
-1.969409,-0.25599
-1.969209,-0.223991
-1.969009,-0.25599
-1.968809,-0.223991
-1.968609,-0.25599
-1.968409,-0.223991
-1.968209,-0.25599
-1.968009,-0.25599
-1.967809,-0.223991
-1.967609,-0.191993
-1.967409,-0.25599
-1.967209,-0.287989
-1.967009,-0.223991
-1.966809,-0.25599
-1.966609,-0.223991
-1.966409,-0.25599
-1.966209,-0.25599
-1.966009,-0.223991
-1.965809,-0.25599
-1.965609,-0.25599
-1.965409,-0.223991
-1.965209,-0.25599
-1.965009,-0.223991
-1.964809,-0.25599
-1.964609,-0.25599
-1.964409,-0.223991
-1.964209,-0.191993
-1.964009,-0.223991
-1.963809,-0.25599
-1.963609,-0.223991
-1.963409,-0.25599
-1.963209,-0.25599
-1.963009,-0.25599
-1.962809,-0.25599
-1.962609,-0.287989
-1.962409,-0.25599
-1.962209,-0.25599
-1.962009,-0.25599
-1.961809,-0.191993
-1.961609,-0.287989
-1.961409,-0.25599
-1.961209,-0.25599
-1.961009,-0.223991
-1.960809,-0.223991
-1.960609,-0.25599
-1.960409,-0.25599
-1.960209,-0.25599
-1.960009,-0.159994
-1.959809,-0.25599
-1.959609,-0.223991
-1.959409,-0.191993
-1.959209,-0.25599
-1.959009,-0.191993
-1.958809,-0.223991
-1.958609,-0.25599
-1.958409,-0.25599
-1.958209,-0.223991
-1.958009,-0.223991
-1.957809,-0.223991
-1.957609,-0.223991
-1.957409,-0.25599
-1.957209,-0.223991
-1.957009,-0.191993
-1.956809,-0.223991
-1.956609,-0.25599
-1.956409,-0.223991
-1.956209,-0.25599
-1.956009,-0.223991
-1.955809,-0.191993
-1.955609,-0.25599
-1.955409,-0.287989
-1.955209,-0.191993
-1.955009,-0.25599
-1.954809,-0.287989
-1.954609,-0.191993
-1.954409,-0.25599
-1.954209,-0.25599
-1.954009,-0.191993
-1.953809,-0.223991
-1.953609,-0.191993
-1.953409,-0.25599
-1.953209,-0.223991
-1.953009,-0.223991
-1.952809,-0.223991
-1.952609,-0.223991
-1.952409,-0.25599
-1.952209,-0.191993
-1.952009,-0.25599
-1.951809,-0.25599
-1.951609,-0.223991
-1.951409,-0.223991
-1.951209,-0.25599
-1.951009,-0.223991
-1.950809,-0.223991
-1.950609,-0.25599
-1.950409,-0.191993
-1.950209,-0.25599
-1.950009,-0.223991
-1.949809,-0.191993
-1.949609,-0.287989
-1.949409,-0.287989
-1.949209,-0.223991
-1.949009,-0.25599
-1.948809,-0.223991
-1.948609,-0.25599
-1.948409,-0.223991
-1.948209,-0.25599
-1.948009,-0.287989
-1.947809,-0.25599
-1.947609,-0.25599
-1.947409,-0.25599
-1.947209,-0.25599
-1.947009,-0.287989
-1.946809,-0.223991
-1.946609,-0.223991
-1.946409,-0.25599
-1.946209,-0.25599
-1.946009,-0.287989
-1.945809,-0.25599
-1.945609,-0.25599
-1.945409,-0.287989
-1.945209,-0.25599
-1.945009,-0.191993
-1.944809,-0.223991
-1.944609,-0.25599
-1.944409,-0.191993
-1.944209,-0.25599
-1.944009,-0.25599
-1.943809,-0.223991
-1.943609,-0.25599
-1.943409,-0.223991
-1.943209,-0.223991
-1.943009,-0.25599
-1.942809,-0.25599
-1.942609,-0.223991
-1.942409,-0.25599
-1.942209,-0.25599
-1.942009,-0.191993
-1.941809,-0.25599
-1.941609,-0.223991
-1.941409,-0.223991
-1.941209,-0.25599
-1.941009,-0.223991
-1.940809,-0.25599
-1.940609,-0.223991
-1.940409,-0.191993
-1.940209,-0.191993
-1.940009,-0.25599
-1.939809,-0.25599
-1.939609,-0.25599
-1.939409,-0.223991
-1.939209,-0.223991
-1.939009,-0.223991
-1.938809,-0.223991
-1.938609,-0.191993
-1.938409,-0.191993
-1.938209,-0.25599
-1.938009,-0.223991
-1.937809,-0.223991
-1.937609,-0.223991
-1.937409,-0.25599
-1.937209,-0.223991
-1.937009,-0.223991
-1.936809,-0.25599
-1.936609,-0.223991
-1.936409,-0.25599
-1.936209,-0.25599
-1.936009,-0.223991
-1.935809,-0.191993
-1.935609,-0.223991
-1.935409,-0.191993
-1.935209,-0.223991
-1.935009,-0.223991
-1.934809,-0.191993
-1.934609,-0.223991
-1.934409,-0.223991
-1.934209,-0.223991
-1.934009,-0.223991
-1.933809,-0.25599
-1.933609,-0.223991
-1.933409,-0.223991
-1.933209,-0.223991
-1.933009,-0.159994
-1.932809,-0.25599
-1.932609,-0.25599
-1.932409,-0.191993
-1.932209,-0.25599
-1.932009,-0.25599
-1.931809,-0.191993
-1.931609,-0.223991
-1.931409,-0.223991
-1.931209,-0.223991
-1.931009,-0.223991
-1.930809,-0.25599
-1.930609,-0.159994
-1.930409,-0.191993
-1.930209,-0.25599
-1.930009,-0.191993
-1.929809,-0.191993
-1.929609,-0.159994
-1.929409,-0.159994
-1.929209,-0.191993
-1.929009,-0.223991
-1.928809,-0.191993
-1.928609,-0.191993
-1.928409,-0.191993
-1.928209,-0.159994
-1.928009,-0.159994
-1.927809,-0.223991
-1.927609,-0.191993
-1.927409,-0.159994
-1.927209,-0.287989
-1.927009,-0.191993
-1.926809,-0.191993
-1.926609,-0.191993
-1.926409,-0.159994
-1.926209,-0.223991
-1.926009,-0.191993
-1.925809,-0.223991
-1.925609,-0.159994
-1.925409,-0.223991
-1.925209,-0.159994
-1.925009,-0.191993
-1.924809,-0.191993
-1.924609,-0.191993
-1.924409,-0.191993
-1.924209,-0.191993
-1.924009,-0.191993
-1.923809,-0.191993
-1.923609,-0.191993
-1.923409,-0.159994
-1.923209,-0.191993
-1.923009,-0.159994
-1.922809,-0.191993
-1.922609,-0.223991
-1.922409,-0.191993
-1.922209,-0.159994
-1.922009,-0.223991
-1.921809,-0.191993
-1.921609,-0.159994
-1.921409,-0.223991
-1.921209,-0.191993
-1.921009,-0.191993
-1.920809,-0.223991
-1.920609,-0.159994
-1.920409,-0.159994
-1.920209,-0.191993
-1.920009,-0.159994
-1.919809,-0.159994
-1.919609,-0.191993
-1.919409,-0.159994
-1.919209,-0.191993
-1.919009,-0.223991
-1.918809,-0.223991
-1.918609,-0.159994
-1.918409,-0.159994
-1.918209,-0.191993
-1.918009,-0.191993
-1.917809,-0.223991
-1.917609,-0.159994
-1.917409,-0.159994
-1.917209,-0.25599
-1.917009,-0.191993
-1.916809,-0.191993
-1.916609,-0.191993
-1.916409,-0.191993
-1.916209,-0.127995
-1.916009,-0.191993
-1.915809,-0.159994
-1.915609,-0.159994
-1.915409,-0.223991
-1.915209,-0.191993
-1.915009,-0.159994
-1.914809,-0.159994
-1.914609,-0.127995
-1.914409,-0.159994
-1.914209,-0.191993
-1.914009,-0.191993
-1.913809,-0.191993
-1.913609,-0.159994
-1.913409,-0.25599
-1.913209,-0.191993
-1.913009,-0.159994
-1.912809,-0.127995
-1.912609,-0.159994
-1.912409,-0.191993
-1.912209,-0.127995
-1.912009,-0.159994
-1.911809,-0.191993
-1.911609,-0.159994
-1.911409,-0.127995
-1.911209,-0.159994
-1.911009,-0.159994
-1.910809,-0.127995
-1.910609,-0.159994
-1.910409,-0.191993
-1.910209,-0.159994
-1.910009,-0.159994
-1.909809,-0.127995
-1.909609,-0.159994
-1.909409,-0.191993
-1.909209,-0.159994
-1.909009,-0.159994
-1.908809,-0.159994
-1.908609,-0.159994
-1.908409,-0.159994
-1.908209,-0.223991
-1.908009,-0.223991
-1.907809,-0.159994
-1.907609,-0.191993
-1.907409,-0.159994
-1.907209,-0.191993
-1.907009,-0.191993
-1.906809,-0.159994
-1.906609,-0.191993
-1.906409,-0.223991
-1.906209,-0.223991
-1.906009,-0.127995
-1.905809,-0.191993
-1.905609,-0.191993
-1.905409,-0.159994
-1.905209,-0.223991
-1.905009,-0.159994
-1.904809,-0.191993
-1.904609,-0.223991
-1.904409,-0.191993
-1.904209,-0.159994
-1.904009,-0.191993
-1.903809,-0.159994
-1.903609,-0.191993
-1.903409,-0.191993
-1.903209,-0.223991
-1.903009,-0.159994
-1.902809,-0.223991
-1.902609,-0.159994
-1.902409,-0.159994
-1.902209,-0.191993
-1.902009,-0.191993
-1.901809,-0.191993
-1.901609,-0.159994
-1.901409,-0.191993
-1.901209,-0.159994
-1.901009,-0.223991
-1.900809,-0.191993
-1.900609,-0.191993
-1.900409,-0.223991
-1.900209,-0.191993
-1.900009,-0.191993
-1.899809,-0.191993
-1.899609,-0.159994
-1.899409,-0.191993
-1.899209,-0.159994
-1.899009,-0.223991
-1.898809,-0.191993
-1.898609,-0.191993
-1.898409,-0.159994
-1.898209,-0.159994
-1.898009,-0.159994
-1.897809,-0.223991
-1.897609,-0.191993
-1.897409,-0.223991
-1.897209,-0.223991
-1.897009,-0.159994
-1.896809,-0.191993
-1.896609,-0.191993
-1.896409,-0.159994
-1.896209,-0.223991
-1.896009,-0.223991
-1.895809,-0.159994
-1.895609,-0.223991
-1.895409,-0.223991
-1.895209,-0.191993
-1.895009,-0.191993
-1.894809,-0.223991
-1.894609,-0.191993
-1.894409,-0.223991
-1.894209,-0.223991
-1.894009,-0.159994
-1.893809,-0.25599
-1.893609,-0.25599
-1.893409,-0.223991
-1.893209,-0.223991
-1.893009,-0.191993
-1.892809,-0.223991
-1.892609,-0.223991
-1.892409,-0.287989
-1.892209,-0.191993
-1.892009,-0.223991
-1.891809,-0.191993
-1.891609,-0.191993
-1.891409,-0.223991
-1.891209,-0.223991
-1.891009,-0.191993
-1.890809,-0.25599
-1.890609,-0.191993
-1.890409,-0.159994
-1.890209,-0.191993
-1.890009,-0.223991
-1.889809,-0.191993
-1.889609,-0.191993
-1.889409,-0.223991
-1.889209,-0.191993
-1.889009,-0.191993
-1.888809,-0.191993
-1.888609,-0.191993
-1.888409,-0.191993
-1.888209,-0.223991
-1.888009,-0.191993
-1.887809,-0.223991
-1.887609,-0.191993
-1.887409,-0.159994
-1.887209,-0.191993
-1.887009,-0.159994
-1.886809,-0.223991
-1.886609,-0.223991
-1.886409,-0.191993
-1.886209,-0.191993
-1.886009,-0.223991
-1.885809,-0.223991
-1.885609,-0.159994
-1.885409,-0.223991
-1.885209,-0.191993
-1.885009,-0.191993
-1.884809,-0.223991
-1.884609,-0.191993
-1.884409,-0.191993
-1.884209,-0.191993
-1.884009,-0.191993
-1.883809,-0.159994
-1.883609,-0.191993
-1.883409,-0.191993
-1.883209,-0.159994
-1.883009,-0.191993
-1.882809,-0.191993
-1.882609,-0.191993
-1.882409,-0.191993
-1.882209,-0.191993
-1.882009,-0.159994
-1.881809,-0.223991
-1.881609,-0.191993
-1.881409,-0.159994
-1.881209,-0.223991
-1.881009,-0.223991
-1.880809,-0.159994
-1.880609,-0.191993
-1.880409,-0.191993
-1.880209,-0.191993
-1.880009,-0.191993
-1.879809,-0.191993
-1.879609,-0.159994
-1.879409,-0.191993
-1.879209,-0.191993
-1.879009,-0.191993
-1.878809,-0.191993
-1.878609,-0.223991
-1.878409,-0.191993
-1.878209,-0.159994
-1.878009,-0.191993
-1.877809,-0.159994
-1.877609,-0.159994
-1.877409,-0.159994
-1.877209,-0.127995
-1.877009,-0.223991
-1.876809,-0.159994
-1.876609,-0.159994
-1.876409,-0.159994
-1.876209,-0.127995
-1.876009,-0.159994
-1.875809,-0.159994
-1.875609,-0.127995
-1.875409,-0.0959963
-1.875209,-0.191993
-1.875009,-0.127995
-1.874809,-0.127995
-1.874609,-0.127995
-1.874409,-0.127995
-1.874209,-0.127995
-1.874009,-0.159994
-1.873809,-0.127995
-1.873609,-0.127995
-1.873409,-0.127995
-1.873209,-0.127995
-1.873009,-0.0959963
-1.872809,-0.127995
-1.872609,-0.159994
-1.872409,-0.127995
-1.872209,-0.159994
-1.872009,-0.127995
-1.871809,-0.127995
-1.871609,-0.0959963
-1.871409,-0.0959963
-1.871209,-0.0639975
-1.871009,-0.127995
-1.870809,-0.0959963
-1.870609,-0.0959963
-1.870409,-0.191993
-1.870209,-0.127995
-1.870009,-0.0959963
-1.869809,-0.0959963
-1.869609,-0.0959963
-1.869409,-0.0959963
-1.869209,-0.127995
-1.869009,-0.127995
-1.868809,-0.127995
-1.868609,-0.0959963
-1.868409,-0.0959963
-1.868209,-0.0959963
-1.868009,-0.127995
-1.867809,-0.0959963
-1.867609,-0.0959963
-1.867409,-0.0959963
-1.867209,-0.0959963
-1.867009,-0.0639975
-1.866809,-0.127995
-1.866609,-0.127995
-1.866409,-0.0959963
-1.866209,-0.127995
-1.866009,-0.0639975
-1.865809,-0.127995
-1.865609,-0.0959963
-1.865409,-0.0959963
-1.865209,-0.0959963
-1.865009,-0.0639975
-1.864809,-0.127995
-1.864609,-0.0959963
-1.864409,-0.0959963
-1.864209,-0.0959963
-1.864009,-0.0959963
-1.863809,-0.127995
-1.863609,-0.0639975
-1.863409,-0.0959963
-1.863209,-0.0959963
-1.863009,-0.0959963
-1.862809,-0.0639975
-1.862609,-0.127995
-1.862409,-0.0959963
-1.862209,-0.0959963
-1.862009,-0.0639975
-1.861809,-0.0639975
-1.861609,-0.0959963
-1.861409,-0.0639975
-1.861209,-0.0639975
-1.861009,-0.0319988
-1.860809,-0.0639975
-1.860609,-0.0319988
-1.860409,-0.0319988
-1.860209,-0.0959963
-1.860009,-0.0319988
-1.859809,-0.0639975
-1.859609,-0.0959963
-1.859409,-0.0639975
-1.859209,-0.0639975
-1.859009,-0.0639975
-1.858809,-0.0319988
-1.858609,-0.0639975
-1.858409,-0.0959963
-1.858209,-0.0639975
-1.858009,-0.0639975
-1.857809,-0.0639975
-1.857609,-0.0319988
-1.857409,0
-1.857209,-0.0959963
-1.857009,-0.0639975
-1.856809,-0.0639975
-1.856609,-0.0639975
-1.856409,0
-1.856209,0
-1.856009,-0.0319988
-1.855809,0
-1.855609,-0.0319988
-1.855409,-0.0319988
-1.855209,-0.0319988
-1.855009,0
-1.854809,-0.0319988
-1.854609,0
-1.854409,0.0319988
-1.854209,-0.0639975
-1.854009,0
-1.853809,0.0639975
-1.853609,-0.0319988
-1.853409,0.0319988
-1.853209,0.0639975
-1.853009,0.0319988
-1.852809,-0.0319988
-1.852609,0.0319988
-1.852409,0
-1.852209,0.0319988
-1.852009,0
-1.851809,0
-1.851609,0
-1.851409,0
-1.851209,0
-1.851009,0.0319988
-1.850809,0.0319988
-1.850609,0.0319988
-1.850409,0
-1.850209,0.0639975
-1.850009,0.0319988
-1.849809,0.0319988
-1.849609,0.0639975
-1.849409,0.0319988
-1.849209,0.0639975
-1.849009,0.0319988
-1.848809,0.0639975
-1.848609,0.0639975
-1.848409,0.0639975
-1.848209,0.0319988
-1.848009,0
-1.847809,0.0319988
-1.847609,0.0319988
-1.847409,0.0639975
-1.847209,0.0639975
-1.847009,0.0319988
-1.846809,0.0319988
-1.846609,0.0639975
-1.846409,0
-1.846209,0.0639975
-1.846009,0.0319988
-1.845809,0.0319988
-1.845609,0.0639975
-1.845409,0.0319988
-1.845209,0.0319988
-1.845009,0.0319988
-1.844809,0.0319988
-1.844609,0.0319988
-1.844409,0.0319988
-1.844209,0.0639975
-1.844009,0.0639975
-1.843809,0.0639975
-1.843609,0.0319988
-1.843409,0.0639975
-1.843209,0.0639975
-1.843009,0.0639975
-1.842809,0.0639975
-1.842609,0.127995
-1.842409,0.0639975
-1.842209,0.0639975
-1.842009,0.0639975
-1.841809,0.0319988
-1.841609,0.0639975
-1.841409,0.0639975
-1.841209,0.0319988
-1.841009,0.0639975
-1.840809,0.0639975
-1.840609,0.0959963
-1.840409,0.0639975
-1.840209,0.0959963
-1.840009,0.0639975
-1.839809,0.0959963
-1.839609,0.0959963
-1.839409,0.0959963
-1.839209,0.0639975
-1.839009,0.127995
-1.838809,0.0639975
-1.838609,0.0959963
-1.838409,0.0959963
-1.838209,0.0959963
-1.838009,0.0959963
-1.837809,0.0639975
-1.837609,0.0959963
-1.837409,0.0639975
-1.837209,0.0959963
-1.837009,0.0639975
-1.836809,0.0959963
-1.836609,0.0959963
-1.836409,0.0959963
-1.836209,0.159994
-1.836009,0.0959963
-1.835809,0.0959963
-1.835609,0.0959963
-1.835409,0.0959963
-1.835209,0.0959963
-1.835009,0.127995
-1.834809,0.0959963
-1.834609,0.0959963
-1.834409,0.127995
-1.834209,0.0959963
-1.834009,0.0959963
-1.833809,0.0959963
-1.833609,0.0959963
-1.833409,0.127995
-1.833209,0.0959963
-1.833009,0.0959963
-1.832809,0.0959963
-1.832609,0.127995
-1.832409,0.0639975
-1.832209,0.0959963
-1.832009,0.0959963
-1.831809,0.0959963
-1.831609,0.127995
-1.831409,0.127995
-1.831209,0.0959963
-1.831009,0.0959963
-1.830809,0.127995
-1.830609,0.0959963
-1.830409,0.0959963
-1.830209,0.127995
-1.830009,0.0959963
-1.829809,0.0959963
-1.829609,0.0959963
-1.829409,0.0959963
-1.829209,0.127995
-1.829009,0.0959963
-1.828809,0.0959963
-1.828609,0.127995
-1.828409,0.0959963
-1.828209,0.127995
-1.828009,0.127995
-1.827809,0.127995
-1.827609,0.127995
-1.827409,0.127995
-1.827209,0.127995
-1.827009,0.127995
-1.826809,0.127995
-1.826609,0.127995
-1.826409,0.191993
-1.826209,0.127995
-1.826009,0.0959963
-1.825809,0.0959963
-1.825609,0.0959963
-1.825409,0.127995
-1.825209,0.0959963
-1.825009,0.0959963
-1.824809,0.0959963
-1.824609,0.159994
-1.824409,0.0959963
-1.824209,0.0959963
-1.824009,0.127995
-1.823809,0.127995
-1.823609,0.127995
-1.823409,0.159994
-1.823209,0.0959963
-1.823009,0.0959963
-1.822809,0.0959963
-1.822609,0.127995
-1.822409,0.0959963
-1.822209,0.127995
-1.822009,0.127995
-1.821809,0.0959963
-1.821609,0.127995
-1.821409,0.0959963
-1.821209,0.0959963
-1.821009,0.0959963
-1.820809,0.127995
-1.820609,0.0959963
-1.820409,0.0959963
-1.820209,0.127995
-1.820009,0.0959963
-1.819809,0.159994
-1.819609,0.0959963
-1.819409,0.127995
-1.819209,0.0959963
-1.819009,0.0959963
-1.818809,0.0639975
-1.818609,0.0959963
-1.818409,0.0959963
-1.818209,0.0959963
-1.818009,0.0959963
-1.817809,0.0639975
-1.817609,0.0639975
-1.817409,0.127995
-1.817209,0.127995
-1.817009,0.0319988
-1.816809,0.127995
-1.816609,0.0639975
-1.816409,0.0639975
-1.816209,0.127995
-1.816009,0.0959963
-1.815809,0.0639975
-1.815609,0.0959963
-1.815409,0.0959963
-1.815209,0.0639975
-1.815009,0.0959963
-1.814809,0.0959963
-1.814609,0.127995
-1.814409,0.127995
-1.814209,0.0639975
-1.814009,0.0959963
-1.813809,0.0959963
-1.813609,0.0639975
-1.813409,0.0639975
-1.813209,0.0959963
-1.813009,0.0959963
-1.812809,0.0959963
-1.812609,0.0959963
-1.812409,0.0959963
-1.812209,0.0959963
-1.812009,0.0639975
-1.811809,0.0959963
-1.811609,0.0959963
-1.811409,0.0959963
-1.811209,0.0959963
-1.811009,0.0639975
-1.810809,0.0959963
-1.810609,0.127995
-1.810409,0.0319988
-1.810209,0.0959963
-1.810009,0.0639975
-1.809809,0.0959963
-1.809609,0.0959963
-1.809409,0.0639975
-1.809209,0.0639975
-1.809009,0.0639975
-1.808809,0.0959963
-1.808609,0.0319988
-1.808409,0.0959963
-1.808209,0.0959963
-1.808009,0.0639975
-1.807809,0.0639975
-1.807609,0.0959963
-1.807409,0.0319988
-1.807209,0.0959963
-1.807009,0.0959963
-1.806809,0.0319988
-1.806609,0.0639975
-1.806409,0.0959963
-1.806209,0.0319988
-1.806009,0.0639975
-1.805809,0.0639975
-1.805609,0.0959963
-1.805409,0.0959963
-1.805209,0.0959963
-1.805009,0.0639975
-1.804809,0.0639975
-1.804609,0.0639975
-1.804409,0.0639975
-1.804209,0.0639975
-1.804009,0.0639975
-1.803809,0.0639975
-1.803609,0.0639975
-1.803409,0.0639975
-1.803209,0
-1.803009,0.0639975
-1.802809,0.0639975
-1.802609,0.0639975
-1.802409,0.0319988
-1.802209,0.0639975
-1.802009,0.0319988
-1.801809,0.0639975
-1.801609,0.0639975
-1.801409,0.0319988
-1.801209,0.0639975
-1.801009,0.0639975
-1.800809,0
-1.800609,0.0319988
-1.800409,0.0639975
-1.800209,0.0319988
-1.800009,0.0319988
-1.799809,0.0639975
-1.799609,-0.0319988
-1.799409,0.0319988
-1.799209,0.0639975
-1.799009,0.0639975
-1.798809,0.0639975
-1.798609,0.0319988
-1.798409,0.0319988
-1.798209,0.0319988
-1.798009,0.0319988
-1.797809,-0.0319988
-1.797609,0.0639975
-1.797409,0.0639975
-1.797209,0.0319988
-1.797009,0.0319988
-1.796809,0.0639975
-1.796609,0.0319988
-1.796409,0.0639975
-1.796209,0.0319988
-1.796009,0.0319988
-1.795809,0.0639975
-1.795609,0.0639975
-1.795409,0.0319988
-1.795209,0.0319988
-1.795009,0.0639975
-1.794809,0.0319988
-1.794609,0
-1.794409,0.0639975
-1.794209,-0.0319988
-1.794009,0.0319988
-1.793809,0.0319988
-1.793609,0
-1.793409,0
-1.793209,0.0319988
-1.793009,0
-1.792809,0.0319988
-1.792609,0.0639975
-1.792409,-0.0319988
-1.792209,0.0319988
-1.792009,0.0319988
-1.791809,-0.0319988
-1.791609,0.0639975
-1.791409,0.0639975
-1.791209,0
-1.791009,0.0319988
-1.790809,0.0319988
-1.790609,0.0319988
-1.790409,0.0639975
-1.790209,0.0319988
-1.790009,0.0319988
-1.789809,0.0319988
-1.789609,0.0639975
-1.789409,-0.0639975
-1.789209,0.0319988
-1.789009,0.0319988
-1.788809,-0.0319988
-1.788609,0.0639975
-1.788409,0
-1.788209,0
-1.788009,0
-1.787809,0.0319988
-1.787609,0.0319988
-1.787409,0.0319988
-1.787209,0.0639975
-1.787009,0.0639975
-1.786809,0
-1.786609,0.0319988
-1.786409,0.0319988
-1.786209,0.0319988
-1.786009,0.0319988
-1.785809,0
-1.785609,0
-1.785409,0.0639975
-1.785209,0.0319988
-1.785009,0.0319988
-1.784809,0.0639975
-1.784609,0
-1.784409,0.0319988
-1.784209,0.0319988
-1.784009,0
-1.783809,0.0319988
-1.783609,0.0319988
-1.783409,0.0319988
-1.783209,0.0319988
-1.783009,0
-1.782809,0.0319988
-1.782609,0
-1.782409,0.0319988
-1.782209,0
-1.782009,0.0319988
-1.781809,0
-1.781609,0
-1.781409,0
-1.781209,0.0639975
-1.781009,0
-1.780809,0
-1.780609,0
-1.780409,0.0319988
-1.780209,0
-1.780009,0.0319988
-1.779809,0
-1.779609,0.0319988
-1.779409,0
-1.779209,-0.0319988
-1.779009,0.0319988
-1.778809,0.0639975
-1.778609,0.0319988
-1.778409,0.0319988
-1.778209,0.0319988
-1.778009,0.0319988
-1.777809,-0.0319988
-1.777609,0.0319988
-1.777409,0.0319988
-1.777209,0
-1.777009,0.0319988
-1.776809,0
-1.776609,0
-1.776409,0
-1.776209,0
-1.776009,0
-1.775809,0
-1.775609,0
-1.775409,0.0319988
-1.775209,0.0639975
-1.775009,-0.0319988
-1.774809,0.0639975
-1.774609,0.0319988
-1.774409,0
-1.774209,0
-1.774009,0
-1.773809,-0.0639975
-1.773609,0
-1.773409,0.0319988
-1.773209,0.0319988
-1.773009,0.0319988
-1.772809,0.0639975
-1.772609,0
-1.772409,0
-1.772209,0.0639975
-1.772009,0
-1.771809,0.0319988
-1.771609,-0.0319988
-1.771409,-0.0319988
-1.771209,0.0319988
-1.771009,0.0319988
-1.770809,-0.0639975
-1.770609,0.0319988
-1.770409,0.0639975
-1.770209,0.0319988
-1.770009,0.0319988
-1.769809,0.0639975
-1.769609,0
-1.769409,0.0639975
-1.769209,0.0639975
-1.769009,0
-1.768809,0.0639975
-1.768609,0.0639975
-1.768409,0.0319988
-1.768209,0.0639975
-1.768009,0.0319988
-1.767809,-0.0319988
-1.767609,0.0319988
-1.767409,0.0319988
-1.767209,0.0319988
-1.767009,0
-1.766809,0.0319988
-1.766609,0
-1.766409,0.0319988
-1.766209,0.0639975
-1.766009,0
-1.765809,0.0959963
-1.765609,0.0959963
-1.765409,0.0639975
-1.765209,0.0639975
-1.765009,0.0639975
-1.764809,0.0319988
-1.764609,0.0639975
-1.764409,0.0639975
-1.764209,0.0319988
-1.764009,0.0319988
-1.763809,0.0319988
-1.763609,0.0639975
-1.763409,0.0319988
-1.763209,0.0319988
-1.763009,0.0319988
-1.762809,0.0319988
-1.762609,0.0639975
-1.762409,0.0319988
-1.762209,0.0959963
-1.762009,0.0959963
-1.761809,0.0319988
-1.761609,0.0959963
-1.761409,0.0639975
-1.761209,0.0639975
-1.761009,0.0639975
-1.760809,0.0319988
-1.760609,0.0639975
-1.760409,0.0639975
-1.760209,0.0639975
-1.760009,0.0639975
-1.759809,0.0639975
-1.759609,0.0639975
-1.759409,0.0319988
-1.759209,0.0319988
-1.759009,0.0639975
-1.758809,0.0319988
-1.758609,0.0639975
-1.758409,0.0319988
-1.758209,0.0319988
-1.758009,0.0959963
-1.757809,0.0639975
-1.757609,0.0639975
-1.757409,0.0319988
-1.757209,0.0639975
-1.757009,0.0639975
-1.756809,0.0639975
-1.756609,0.0639975
-1.756409,0.0319988
-1.756209,0.127995
-1.756009,0.0639975
-1.755809,0.0319988
-1.755609,0.0639975
-1.755409,0.0639975
-1.755209,0.0319988
-1.755009,0.0639975
-1.754809,0.0319988
-1.754609,0.0639975
-1.754409,0.0639975
-1.754209,0.0639975
-1.754009,0.0319988
-1.753809,0.0639975
-1.753609,0.0639975
-1.753409,0.0639975
-1.753209,0.0959963
-1.753009,0.0639975
-1.752809,0.0319988
-1.752609,0.0639975
-1.752409,0.0639975
-1.752209,0.0639975
-1.752009,0.0959963
-1.751809,0.0639975
-1.751609,0.0959963
-1.751409,0.0319988
-1.751209,0.0959963
-1.751009,0.0639975
-1.750809,0.0959963
-1.750609,0.0959963
-1.750409,0.0319988
-1.750209,0.0639975
-1.750009,0.0639975
-1.749809,0.0639975
-1.749609,0.0639975
-1.749409,0.0959963
-1.749209,0.0959963
-1.749009,0.0639975
-1.748809,0.0639975
-1.748609,0.0639975
-1.748409,0.0959963
-1.748209,0.0639975
-1.748009,0.0639975
-1.747809,0.0959963
-1.747609,0.127995
-1.747409,0.0959963
-1.747209,0.0959963
-1.747009,0.0639975
-1.746809,0.0639975
-1.746609,0.0639975
-1.746409,0.0959963
-1.746209,0.0639975
-1.746009,0.0959963
-1.745809,0.0959963
-1.745609,0.0639975
-1.745409,0.0639975
-1.745209,0.0959963
-1.745009,0.0959963
-1.744809,0.0639975
-1.744609,0.0959963
-1.744409,0.0319988
-1.744209,0.0639975
-1.744009,0.0639975
-1.743809,0.0959963
-1.743609,0.0959963
-1.743409,0.0639975
-1.743209,0.0639975
-1.743009,0.127995
-1.742809,0.127995
-1.742609,0.0959963
-1.742409,0.0959963
-1.742209,0.0639975
-1.742009,0.0959963
-1.741809,0.0959963
-1.741609,0.0959963
-1.741409,0.0639975
-1.741209,0.0319988
-1.741009,0.0959963
-1.740809,0.0639975
-1.740609,0.0959963
-1.740409,0.0959963
-1.740209,0.0959963
-1.740009,0.0959963
-1.739809,0.0959963
-1.739609,0.0959963
-1.739409,0.0959963
-1.739209,0.0639975
-1.739009,0.0319988
-1.738809,0.0959963
-1.738609,0.0959963
-1.738409,0.0639975
-1.738209,0.0959963
-1.738009,0.0959963
-1.737809,0.127995
-1.737609,0.127995
-1.737409,0.0639975
-1.737209,0.0959963
-1.737009,0.0639975
-1.736809,0.127995
-1.736609,0.0639975
-1.736409,0.0959963
-1.736209,0.127995
-1.736009,0.0959963
-1.735809,0.0639975
-1.735609,0.0639975
-1.735409,0.0959963
-1.735209,0.0639975
-1.735009,0.0639975
-1.734809,0.0639975
-1.734609,0.127995
-1.734409,0.0959963
-1.734209,0.0959963
-1.734009,0.0639975
-1.733809,0.0319988
-1.733609,0.0959963
-1.733409,0.0639975
-1.733209,0.127995
-1.733009,0.0639975
-1.732809,0.0959963
-1.732609,0.0959963
-1.732409,0.0959963
-1.732209,0.0959963
-1.732009,0.0639975
-1.731809,0.0959963
-1.731609,0.0959963
-1.731409,0.0639975
-1.731209,0.0959963
-1.731009,0.0639975
-1.730809,0.0639975
-1.730609,0.0959963
-1.730409,0.0959963
-1.730209,0.0959963
-1.730009,0.0639975
-1.729809,0.127995
-1.729609,0.0959963
-1.729409,0.0639975
-1.729209,0.0639975
-1.729009,0.0959963
-1.728809,0.0319988
-1.728609,0.0959963
-1.728409,0.0639975
-1.728209,0.0319988
-1.728009,0.0639975
-1.727809,0.0639975
-1.727609,0.0319988
-1.727409,0.0319988
-1.727209,0.0959963
-1.727009,0.0319988
-1.726809,0.0959963
-1.726609,0.0639975
-1.726409,0.0319988
-1.726209,0.0639975
-1.726009,0.0639975
-1.725809,0.0319988
-1.725609,0.0639975
-1.725409,0.0959963
-1.725209,0
-1.725009,0.0639975
-1.724809,0.0639975
-1.724609,0.0639975
-1.724409,0.0319988
-1.724209,0.0639975
-1.724009,0.0639975
-1.723809,0.0959963
-1.723609,0.0639975
-1.723409,0.0639975
-1.723209,0.0639975
-1.723009,0.0959963
-1.722809,0.0319988
-1.722609,0.0319988
-1.722409,0.0319988
-1.722209,0.0319988
-1.722009,-0.0319988
-1.721809,0.0319988
-1.721609,0.0319988
-1.721409,0.0639975
-1.721209,0
-1.721009,-0.0319988
-1.720809,0.0319988
-1.720609,0.0639975
-1.720409,0
-1.720209,0.0319988
-1.720009,0.0319988
-1.719809,0
-1.719609,0.0639975
-1.719409,0.0639975
-1.719209,0
-1.719009,0.0319988
-1.718809,0.0319988
-1.718609,0.0319988
-1.718409,0.0319988
-1.718209,0
-1.718009,-0.0319988
-1.717809,0
-1.717609,0.0319988
-1.717409,-0.0319988
-1.717209,0
-1.717009,0
-1.716809,0.0319988
-1.716609,0
-1.716409,0.0319988
-1.716209,-0.0319988
-1.716009,0.0319988
-1.715809,0.0319988
-1.715609,-0.0319988
-1.715409,0.0319988
-1.715209,0
-1.715009,0
-1.714809,-0.0319988
-1.714609,0
-1.714409,0
-1.714209,0
-1.714009,0
-1.713809,-0.0319988
-1.713609,0.0319988
-1.713409,0
-1.713209,-0.0319988
-1.713009,0
-1.712809,0
-1.712609,0
-1.712409,-0.0319988
-1.712209,0
-1.712009,-0.0639975
-1.711809,-0.0319988
-1.711609,0
-1.711409,-0.0319988
-1.711209,0.0319988
-1.711009,-0.0319988
-1.710809,-0.0639975
-1.710609,-0.0319988
-1.710409,-0.0319988
-1.710209,-0.0319988
-1.710009,-0.0319988
-1.709809,0.0319988
-1.709609,-0.0639975
-1.709409,0
-1.709209,0
-1.709009,-0.0639975
-1.708809,0
-1.708609,-0.0319988
-1.708409,0
-1.708209,0
-1.708009,-0.0319988
-1.707809,-0.0639975
-1.707609,0
-1.707409,-0.0319988
-1.707209,-0.0319988
-1.707009,0
-1.706809,-0.0319988
-1.706609,-0.0319988
-1.706409,-0.0319988
-1.706209,-0.0319988
-1.706009,-0.0639975
-1.705809,-0.0319988
-1.705609,0.0319988
-1.705409,-0.0639975
-1.705209,0
-1.705009,0.0319988
-1.704809,0.0319988
-1.704609,0.0319988
-1.704409,0.0319988
-1.704209,-0.0319988
-1.704009,0.0319988
-1.703809,0
-1.703609,0
-1.703409,0.0319988
-1.703209,0.0639975
-1.703009,-0.0639975
-1.702809,0.0319988
-1.702609,0.0319988
-1.702409,0
-1.702209,0
-1.702009,0.0319988
-1.701809,0
-1.701609,0.0319988
-1.701409,0
-1.701209,-0.0639975
-1.701009,0
-1.700809,0
-1.700609,-0.0319988
-1.700409,0.0319988
-1.700209,0.0319988
-1.700009,0
-1.699809,0.0319988
-1.699609,0
-1.699409,0.0319988
-1.699209,0.0319988
-1.699009,0.0319988
-1.698809,-0.0319988
-1.698609,-0.0319988
-1.698409,0
-1.698209,0
-1.698009,-0.0319988
-1.697809,0.0319988
-1.697609,0.0319988
-1.697409,0
-1.697209,0.0319988
-1.697009,0.0319988
-1.696809,0.0319988
-1.696609,0
-1.696409,0
-1.696209,0
-1.696009,0.0319988
-1.695809,0.0319988
-1.695609,0.0319988
-1.695409,0.0639975
-1.695209,0
-1.695009,0
-1.694809,0.0319988
-1.694609,0
-1.694409,-0.0319988
-1.694209,0.0319988
-1.694009,0.0319988
-1.693809,0
-1.693609,0.0319988
-1.693409,0
-1.693209,0.0319988
-1.693009,0
-1.692809,-0.0319988
-1.692609,0.0319988
-1.692409,-0.0319988
-1.692209,0
-1.692009,0
-1.691809,0
-1.691609,0
-1.691409,0
-1.691209,-0.0319988
-1.691009,-0.0319988
-1.690809,0.0319988
-1.690609,-0.0319988
-1.690409,-0.0639975
-1.690209,-0.0319988
-1.690009,0
-1.689809,0
-1.689609,-0.0319988
-1.689409,0
-1.689209,0
-1.689009,0
-1.688809,0.0319988
-1.688609,-0.0319988
-1.688409,-0.0319988
-1.688209,0
-1.688009,0
-1.687809,0
-1.687609,0
-1.687409,-0.0319988
-1.687209,-0.0319988
-1.687009,0.0639975
-1.686809,-0.0639975
-1.686609,-0.0319988
-1.686409,-0.0319988
-1.686209,-0.0319988
-1.686009,-0.0319988
-1.685809,-0.0319988
-1.685609,-0.0319988
-1.685409,-0.0319988
-1.685209,-0.0319988
-1.685009,-0.0319988
-1.684809,0
-1.684609,-0.0319988
-1.684409,-0.0319988
-1.684209,0
-1.684009,-0.0319988
-1.683809,-0.0319988
-1.683609,0
-1.683409,-0.0319988
-1.683209,0
-1.683009,-0.0319988
-1.682809,0
-1.682609,-0.0319988
-1.682409,-0.0319988
-1.682209,-0.0319988
-1.682009,-0.0319988
-1.681809,-0.0319988
-1.681609,-0.0319988
-1.681409,-0.0639975
-1.681209,-0.0319988
-1.681009,0
-1.680809,-0.0639975
-1.680609,-0.0639975
-1.680409,0
-1.680209,0
-1.680009,-0.0319988
-1.679809,0
-1.679609,-0.0319988
-1.679409,-0.0639975
-1.679209,-0.0319988
-1.679009,-0.0639975
-1.678809,-0.0319988
-1.678609,-0.0319988
-1.678409,-0.0639975
-1.678209,-0.0319988
-1.678009,-0.0319988
-1.677809,-0.0639975
-1.677609,-0.0319988
-1.677409,-0.0319988
-1.677209,-0.0639975
-1.677009,-0.0319988
-1.676809,0
-1.676609,-0.0639975
-1.676409,0
-1.676209,-0.0319988
-1.676009,-0.0319988
-1.675809,-0.0319988
-1.675609,-0.0319988
-1.675409,-0.0959963
-1.675209,-0.0319988
-1.675009,-0.0319988
-1.674809,-0.0639975
-1.674609,-0.0319988
-1.674409,-0.0319988
-1.674209,-0.0959963
-1.674009,-0.0639975
-1.673809,-0.0319988
-1.673609,-0.0319988
-1.673409,-0.0319988
-1.673209,-0.0319988
-1.673009,-0.0639975
-1.672809,-0.0319988
-1.672609,-0.0319988
-1.672409,-0.0639975
-1.672209,-0.0639975
-1.672009,0
-1.671809,-0.0319988
-1.671609,-0.0959963
-1.671409,-0.0319988
-1.671209,-0.0639975
-1.671009,-0.0639975
-1.670809,-0.0319988
-1.670609,-0.0639975
-1.670409,-0.0959963
-1.670209,-0.0639975
-1.670009,-0.0639975
-1.669809,-0.0959963
-1.669609,-0.0639975
-1.669409,-0.0959963
-1.669209,-0.0639975
-1.669009,-0.0639975
-1.668809,-0.127995
-1.668609,-0.0959963
-1.668409,-0.0639975
-1.668209,-0.0959963
-1.668009,-0.0639975
-1.667809,-0.0639975
-1.667609,-0.127995
-1.667409,-0.0959963
-1.667209,-0.0639975
-1.667009,-0.159994
-1.666809,-0.0959963
-1.666609,-0.0959963
-1.666409,-0.127995
-1.666209,-0.0639975
-1.666009,-0.0319988
-1.665809,-0.0959963
-1.665609,-0.127995
-1.665409,-0.0959963
-1.665209,-0.0959963
-1.665009,-0.0959963
-1.664809,-0.0639975
-1.664609,-0.127995
-1.664409,-0.127995
-1.664209,-0.0639975
-1.664009,-0.0639975
-1.663809,-0.0639975
-1.663609,-0.0959963
-1.663409,-0.0959963
-1.663209,-0.0639975
-1.663009,-0.0639975
-1.662809,-0.0959963
-1.662609,-0.0639975
-1.662409,-0.0639975
-1.662209,-0.0959963
-1.662009,-0.0639975
-1.661809,-0.0639975
-1.661609,-0.127995
-1.661409,-0.0959963
-1.661209,-0.0959963
-1.661009,-0.127995
-1.660809,-0.0639975
-1.660609,-0.0959963
-1.660409,-0.127995
-1.660209,-0.0959963
-1.660009,-0.0959963
-1.659809,-0.159994
-1.659609,-0.127995
-1.659409,-0.0959963
-1.659209,-0.0959963
-1.659009,-0.0959963
-1.658809,-0.0959963
-1.658609,-0.127995
-1.658409,-0.0959963
-1.658209,-0.0959963
-1.658009,-0.0959963
-1.657809,-0.0959963
-1.657609,-0.127995
-1.657409,-0.159994
-1.657209,-0.0959963
-1.657009,-0.0639975
-1.656809,-0.0959963
-1.656609,-0.0959963
-1.656409,-0.127995
-1.656209,-0.127995
-1.656009,-0.0959963
-1.655809,-0.127995
-1.655609,-0.127995
-1.655409,-0.127995
-1.655209,-0.127995
-1.655009,-0.0959963
-1.654809,-0.0959963
-1.654609,-0.0959963
-1.654409,-0.127995
-1.654209,-0.159994
-1.654009,-0.127995
-1.653809,-0.127995
-1.653609,-0.127995
-1.653409,-0.0959963
-1.653209,-0.127995
-1.653009,-0.127995
-1.652809,-0.0959963
-1.652609,-0.0639975
-1.652409,-0.0639975
-1.652209,-0.0959963
-1.652009,-0.127995
-1.651809,-0.127995
-1.651609,-0.127995
-1.651409,-0.127995
-1.651209,-0.0959963
-1.651009,-0.127995
-1.650809,-0.0959963
-1.650609,-0.0959963
-1.650409,-0.0959963
-1.650209,-0.127995
-1.650009,-0.0959963
-1.649809,-0.0959963
-1.649609,-0.159994
-1.649409,-0.127995
-1.649209,-0.0959963
-1.649009,-0.159994
-1.648809,-0.127995
-1.648609,-0.0959963
-1.648409,-0.127995
-1.648209,-0.127995
-1.648009,-0.127995
-1.647809,-0.159994
-1.647609,-0.127995
-1.647409,-0.127995
-1.647209,-0.127995
-1.647009,-0.159994
-1.646809,-0.127995
-1.646609,-0.159994
-1.646409,-0.127995
-1.646209,-0.127995
-1.646009,-0.159994
-1.645809,-0.127995
-1.645609,-0.127995
-1.645409,-0.127995
-1.645209,-0.127995
-1.645009,-0.127995
-1.644809,-0.127995
-1.644609,-0.159994
-1.644409,-0.0959963
-1.644209,-0.159994
-1.644009,-0.127995
-1.643809,-0.127995
-1.643609,-0.191993
-1.643409,-0.159994
-1.643209,-0.127995
-1.643009,-0.191993
-1.642809,-0.191993
-1.642609,-0.127995
-1.642409,-0.191993
-1.642209,-0.159994
-1.642009,-0.191993
-1.641809,-0.159994
-1.641609,-0.159994
-1.641409,-0.191993
-1.641209,-0.127995
-1.641009,-0.159994
-1.640809,-0.127995
-1.640609,-0.191993
-1.640409,-0.159994
-1.640209,-0.159994
-1.640009,-0.159994
-1.639809,-0.159994
-1.639609,-0.127995
-1.639409,-0.159994
-1.639209,-0.159994
-1.639009,-0.159994
-1.638809,-0.191993
-1.638609,-0.159994
-1.638409,-0.127995
-1.638209,-0.191993
-1.638009,-0.159994
-1.637809,-0.159994
-1.637609,-0.223991
-1.637409,-0.191993
-1.637209,-0.159994
-1.637009,-0.191993
-1.636809,-0.159994
-1.636609,-0.0959963
-1.636409,-0.159994
-1.636209,-0.127995
-1.636009,-0.159994
-1.635809,-0.159994
-1.635609,-0.159994
-1.635409,-0.159994
-1.635209,-0.159994
-1.635009,-0.191993
-1.634809,-0.127995
-1.634609,-0.159994
-1.634409,-0.159994
-1.634209,-0.159994
-1.634009,-0.191993
-1.633809,-0.159994
-1.633609,-0.159994
-1.633409,-0.159994
-1.633209,-0.159994
-1.633009,-0.127995
-1.632809,-0.191993
-1.632609,-0.223991
-1.632409,-0.191993
-1.632209,-0.159994
-1.632009,-0.191993
-1.631809,-0.191993
-1.631609,-0.159994
-1.631409,-0.159994
-1.631209,-0.159994
-1.631009,-0.191993
-1.630809,-0.127995
-1.630609,-0.127995
-1.630409,-0.159994
-1.630209,-0.159994
-1.630009,-0.159994
-1.629809,-0.191993
-1.629609,-0.159994
-1.629409,-0.159994
-1.629209,-0.159994
-1.629009,-0.191993
-1.628809,-0.127995
-1.628609,-0.191993
-1.628409,-0.191993
-1.628209,-0.159994
-1.628009,-0.25599
-1.627809,-0.159994
-1.627609,-0.159994
-1.627409,-0.191993
-1.627209,-0.159994
-1.627009,-0.159994
-1.626809,-0.159994
-1.626609,-0.0959963
-1.626409,-0.191993
-1.626209,-0.159994
-1.626009,-0.127995
-1.625809,-0.159994
-1.625609,-0.159994
-1.625409,-0.159994
-1.625209,-0.127995
-1.625009,-0.159994
-1.624809,-0.159994
-1.624609,-0.159994
-1.624409,-0.159994
-1.624209,-0.223991
-1.624009,-0.159994
-1.623809,-0.223991
-1.623609,-0.191993
-1.623409,-0.159994
-1.623209,-0.191993
-1.623009,-0.159994
-1.622809,-0.159994
-1.622609,-0.159994
-1.622409,-0.159994
-1.622209,-0.127995
-1.622009,-0.159994
-1.621809,-0.159994
-1.621609,-0.159994
-1.621409,-0.191993
-1.621209,-0.191993
-1.621009,-0.159994
-1.620809,-0.223991
-1.620609,-0.191993
-1.620409,-0.191993
-1.620209,-0.159994
-1.620009,-0.191993
-1.619809,-0.159994
-1.619609,-0.191993
-1.619409,-0.191993
-1.619209,-0.159994
-1.619009,-0.191993
-1.618809,-0.159994
-1.618609,-0.127995
-1.618409,-0.159994
-1.618209,-0.191993
-1.618009,-0.159994
-1.617809,-0.191993
-1.617609,-0.223991
-1.617409,-0.223991
-1.617209,-0.191993
-1.617009,-0.223991
-1.616809,-0.159994
-1.616609,-0.223991
-1.616409,-0.191993
-1.616209,-0.159994
-1.616009,-0.223991
-1.615809,-0.223991
-1.615609,-0.191993
-1.615409,-0.191993
-1.615209,-0.159994
-1.615009,-0.159994
-1.614809,-0.159994
-1.614609,-0.159994
-1.614409,-0.191993
-1.614209,-0.25599
-1.614009,-0.159994
-1.613809,-0.159994
-1.613609,-0.223991
-1.613409,-0.223991
-1.613209,-0.191993
-1.613009,-0.159994
-1.612809,-0.191993
-1.612609,-0.223991
-1.612409,-0.223991
-1.612209,-0.223991
-1.612009,-0.191993
-1.611809,-0.223991
-1.611609,-0.223991
-1.611409,-0.223991
-1.611209,-0.191993
-1.611009,-0.25599
-1.610809,-0.223991
-1.610609,-0.223991
-1.610409,-0.223991
-1.610209,-0.191993
-1.610009,-0.223991
-1.609809,-0.223991
-1.609609,-0.191993
-1.609409,-0.287989
-1.609209,-0.223991
-1.609009,-0.223991
-1.608809,-0.223991
-1.608609,-0.25599
-1.608409,-0.191993
-1.608209,-0.223991
-1.608009,-0.25599
-1.607809,-0.191993
-1.607609,-0.25599
-1.607409,-0.25599
-1.607209,-0.191993
-1.607009,-0.25599
-1.606809,-0.25599
-1.606609,-0.25599
-1.606409,-0.25599
-1.606209,-0.287989
-1.606009,-0.223991
-1.605809,-0.25599
-1.605609,-0.223991
-1.605409,-0.287989
-1.605209,-0.287989
-1.605009,-0.287989
-1.604809,-0.287989
-1.604609,-0.287989
-1.604409,-0.287989
-1.604209,-0.25599
-1.604009,-0.287989
-1.603809,-0.319988
-1.603609,-0.25599
-1.603409,-0.287989
-1.603209,-0.25599
-1.603009,-0.319988
-1.602809,-0.287989
-1.602609,-0.287989
-1.602409,-0.287989
-1.602209,-0.287989
-1.602009,-0.287989
-1.601809,-0.319988
-1.601609,-0.319988
-1.601409,-0.287989
-1.601209,-0.319988
-1.601009,-0.287989
-1.600809,-0.319988
-1.600609,-0.287989
-1.600409,-0.319988
-1.600209,-0.319988
-1.600009,-0.287989
-1.599809,-0.319988
-1.599609,-0.319988
-1.599409,-0.287989
-1.599209,-0.319988
-1.599009,-0.319988
-1.598809,-0.319988
-1.598609,-0.287989
-1.598409,-0.351986
-1.598209,-0.351986
-1.598009,-0.319988
-1.597809,-0.351986
-1.597609,-0.287989
-1.597409,-0.319988
-1.597209,-0.319988
-1.597009,-0.319988
-1.596809,-0.351986
-1.596609,-0.351986
-1.596409,-0.351986
-1.596209,-0.319988
-1.596009,-0.415984
-1.595809,-0.351986
-1.595609,-0.319988
-1.595409,-0.415984
-1.595209,-0.383985
-1.595009,-0.351986
-1.594809,-0.383985
-1.594609,-0.383985
-1.594409,-0.319988
-1.594209,-0.383985
-1.594009,-0.383985
-1.593809,-0.351986
-1.593609,-0.415984
-1.593409,-0.415984
-1.593209,-0.383985
-1.593009,-0.383985
-1.592809,-0.415984
-1.592609,-0.383985
-1.592409,-0.383985
-1.592209,-0.415984
-1.592009,-0.351986
-1.591809,-0.383985
-1.591609,-0.383985
-1.591409,-0.383985
-1.591209,-0.383985
-1.591009,-0.415984
-1.590809,-0.383985
-1.590609,-0.415984
-1.590409,-0.415984
-1.590209,-0.383985
-1.590009,-0.383985
-1.589809,-0.415984
-1.589609,-0.383985
-1.589409,-0.415984
-1.589209,-0.415984
-1.589009,-0.415984
-1.588809,-0.447983
-1.588609,-0.447983
-1.588409,-0.351986
-1.588209,-0.447983
-1.588009,-0.415984
-1.587809,-0.415984
-1.587609,-0.447983
-1.587409,-0.447983
-1.587209,-0.447983
-1.587009,-0.415984
-1.586809,-0.447983
-1.586609,-0.447983
-1.586409,-0.479982
-1.586209,-0.447983
-1.586009,-0.479982
-1.585809,-0.447983
-1.585609,-0.447983
-1.585409,-0.415984
-1.585209,-0.479982
-1.585009,-0.447983
-1.584809,-0.479982
-1.584609,-0.51198
-1.584409,-0.447983
-1.584209,-0.447983
-1.584009,-0.51198
-1.583809,-0.51198
-1.583609,-0.479982
-1.583409,-0.51198
-1.583209,-0.51198
-1.583009,-0.479982
-1.582809,-0.543979
-1.582609,-0.479982
-1.582409,-0.479982
-1.582209,-0.51198
-1.582009,-0.51198
-1.581809,-0.479982
-1.581609,-0.51198
-1.581409,-0.575978
-1.581209,-0.479982
-1.581009,-0.575978
-1.580809,-0.447983
-1.580609,-0.479982
-1.580409,-0.575978
-1.580209,-0.51198
-1.580009,-0.479982
-1.579809,-0.543979
-1.579609,-0.575978
-1.579409,-0.543979
-1.579209,-0.543979
-1.579009,-0.543979
-1.578809,-0.51198
-1.578609,-0.51198
-1.578409,-0.543979
-1.578209,-0.51198
-1.578009,-0.575978
-1.577809,-0.543979
-1.577609,-0.543979
-1.577409,-0.575978
-1.577209,-0.543979
-1.577009,-0.543979
-1.576809,-0.575978
-1.576609,-0.543979
-1.576409,-0.543979
-1.576209,-0.543979
-1.576009,-0.575978
-1.575809,-0.543979
-1.575609,-0.607977
-1.575409,-0.575978
-1.575209,-0.575978
-1.575009,-0.575978
-1.574809,-0.607977
-1.574609,-0.607977
-1.574409,-0.575978
-1.574209,-0.575978
-1.574009,-0.639975
-1.573809,-0.543979
-1.573609,-0.607977
-1.573409,-0.575978
-1.573209,-0.607977
-1.573009,-0.607977
-1.572809,-0.543979
-1.572609,-0.543979
-1.572409,-0.575978
-1.572209,-0.607977
-1.572009,-0.607977
-1.571809,-0.671974
-1.571609,-0.639975
-1.571409,-0.639975
-1.571209,-0.639975
-1.571009,-0.671974
-1.570809,-0.639975
-1.570609,-0.607977
-1.570409,-0.607977
-1.570209,-0.671974
-1.570009,-0.639975
-1.569809,-0.607977
-1.569609,-0.671974
-1.569409,-0.639975
-1.569209,-0.607977
-1.569009,-0.671974
-1.568809,-0.671974
-1.568609,-0.607977
-1.568409,-0.671974
-1.568209,-0.671974
-1.568009,-0.671974
-1.567809,-0.671974
-1.567609,-0.671974
-1.567409,-0.639975
-1.567209,-0.671974
-1.567009,-0.703973
-1.566809,-0.639975
-1.566609,-0.639975
-1.566409,-0.639975
-1.566209,-0.671974
-1.566009,-0.639975
-1.565809,-0.671974
-1.565609,-0.671974
-1.565409,-0.671974
-1.565209,-0.671974
-1.565009,-0.671974
-1.564809,-0.703973
-1.564609,-0.703973
-1.564409,-0.607977
-1.564209,-0.671974
-1.564009,-0.639975
-1.563809,-0.703973
-1.563609,-0.703973
-1.563409,-0.671974
-1.563209,-0.703973
-1.563009,-0.735972
-1.562809,-0.703973
-1.562609,-0.703973
-1.562409,-0.703973
-1.562209,-0.703973
-1.562009,-0.703973
-1.561809,-0.735972
-1.561609,-0.735972
-1.561409,-0.703973
-1.561209,-0.735972
-1.561009,-0.703973
-1.560809,-0.671974
-1.560609,-0.735972
-1.560409,-0.703973
-1.560209,-0.735972
-1.560009,-0.703973
-1.559809,-0.735972
-1.559609,-0.703973
-1.559409,-0.735972
-1.559209,-0.703973
-1.559009,-0.767971
-1.558809,-0.735972
-1.558609,-0.735972
-1.558409,-0.767971
-1.558209,-0.767971
-1.558009,-0.703973
-1.557809,-0.767971
-1.557609,-0.735972
-1.557409,-0.703973
-1.557209,-0.735972
-1.557009,-0.767971
-1.556809,-0.735972
-1.556609,-0.735972
-1.556409,-0.767971
-1.556209,-0.767971
-1.556009,-0.703973
-1.555809,-0.767971
-1.555609,-0.767971
-1.555409,-0.799969
-1.555209,-0.767971
-1.555009,-0.735972
-1.554809,-0.767971
-1.554609,-0.735972
-1.554409,-0.735972
-1.554209,-0.767971
-1.554009,-0.799969
-1.553809,-0.767971
-1.553609,-0.799969
-1.553409,-0.831968
-1.553209,-0.767971
-1.553009,-0.767971
-1.552809,-0.767971
-1.552609,-0.767971
-1.552409,-0.767971
-1.552209,-0.799969
-1.552009,-0.735972
-1.551809,-0.735972
-1.551609,-0.799969
-1.551409,-0.767971
-1.551209,-0.831968
-1.551009,-0.831968
-1.550809,-0.767971
-1.550609,-0.799969
-1.550409,-0.735972
-1.550209,-0.799969
-1.550009,-0.799969
-1.549809,-0.767971
-1.549609,-0.767971
-1.549409,-0.799969
-1.549209,-0.799969
-1.549009,-0.799969
-1.548809,-0.767971
-1.548609,-0.799969
-1.548409,-0.767971
-1.548209,-0.799969
-1.548009,-0.799969
-1.547809,-0.799969
-1.547609,-0.799969
-1.547409,-0.799969
-1.547209,-0.799969
-1.547009,-0.799969
-1.546809,-0.831968
-1.546609,-0.863967
-1.546409,-0.799969
-1.546209,-0.831968
-1.546009,-0.831968
-1.545809,-0.863967
-1.545609,-0.831968
-1.545409,-0.799969
-1.545209,-0.799969
-1.545009,-0.831968
-1.544809,-0.863967
-1.544609,-0.831968
-1.544409,-0.831968
-1.544209,-0.799969
-1.544009,-0.863967
-1.543809,-0.831968
-1.543609,-0.831968
-1.543409,-0.831968
-1.543209,-0.863967
-1.543009,-0.863967
-1.542809,-0.863967
-1.542609,-0.863967
-1.542409,-0.831968
-1.542209,-0.863967
-1.542009,-0.831968
-1.541809,-0.831968
-1.541609,-0.863967
-1.541409,-0.831968
-1.541209,-0.863967
-1.541009,-0.831968
-1.540809,-0.863967
-1.540609,-0.895966
-1.540409,-0.895966
-1.540209,-0.863967
-1.540009,-0.831968
-1.539809,-0.863967
-1.539609,-0.863967
-1.539409,-0.863967
-1.539209,-0.863967
-1.539009,-0.863967
-1.538809,-0.863967
-1.538609,-0.863967
-1.538409,-0.831968
-1.538209,-0.831968
-1.538009,-0.863967
-1.537809,-0.863967
-1.537609,-0.863967
-1.537409,-0.895966
-1.537209,-0.863967
-1.537009,-0.799969
-1.536809,-0.895966
-1.536609,-0.863967
-1.536409,-0.863967
-1.536209,-0.895966
-1.536009,-0.895966
-1.535809,-0.895966
-1.535609,-0.863967
-1.535409,-0.863967
-1.535209,-0.863967
-1.535009,-0.863967
-1.534809,-0.863967
-1.534609,-0.863967
-1.534409,-0.895966
-1.534209,-0.927964
-1.534009,-0.863967
-1.533809,-0.895966
-1.533609,-0.863967
-1.533409,-0.895966
-1.533209,-0.895966
-1.533009,-0.895966
-1.532809,-0.895966
-1.532609,-0.895966
-1.532409,-0.895966
-1.532209,-0.863967
-1.532009,-0.895966
-1.531809,-0.895966
-1.531609,-0.895966
-1.531409,-0.895966
-1.531209,-0.959963
-1.531009,-0.863967
-1.530809,-0.863967
-1.530609,-0.895966
-1.530409,-0.895966
-1.530209,-0.927964
-1.530009,-0.895966
-1.529809,-0.895966
-1.529609,-0.895966
-1.529409,-0.927964
-1.529209,-0.863967
-1.529009,-0.895966
-1.528809,-0.927964
-1.528609,-0.895966
-1.528409,-0.895966
-1.528209,-0.927964
-1.528009,-0.895966
-1.527809,-0.895966
-1.527609,-0.927964
-1.527409,-0.895966
-1.527209,-0.927964
-1.527009,-0.927964
-1.526809,-0.895966
-1.526609,-0.927964
-1.526409,-0.927964
-1.526209,-0.927964
-1.526009,-0.959963
-1.525809,-0.895966
-1.525609,-0.959963
-1.525409,-0.927964
-1.525209,-0.959963
-1.525009,-0.927964
-1.524809,-0.959963
-1.524609,-0.959963
-1.524409,-0.927964
-1.524209,-0.927964
-1.524009,-0.959963
-1.523809,-0.959963
-1.523609,-0.927964
-1.523409,-0.959963
-1.523209,-0.959963
-1.523009,-0.959963
-1.522809,-0.959963
-1.522609,-0.959963
-1.522409,-0.927964
-1.522209,-0.927964
-1.522009,-0.959963
-1.521809,-0.959963
-1.521609,-0.959963
-1.521409,-0.927964
-1.521209,-0.959963
-1.521009,-0.927964
-1.520809,-0.927964
-1.520609,-0.991962
-1.520409,-0.959963
-1.520209,-0.927964
-1.520009,-0.959963
-1.519809,-0.959963
-1.519609,-0.959963
-1.519409,-0.991962
-1.519209,-0.959963
-1.519009,-0.959963
-1.518809,-0.959963
-1.518609,-0.959963
-1.518409,-0.991962
-1.518209,-0.959963
-1.518009,-0.991962
-1.517809,-0.927964
-1.517609,-0.959963
-1.517409,-0.959963
-1.517209,-0.959963
-1.517009,-0.991962
-1.516809,-0.959963
-1.516609,-0.959963
-1.516409,-0.959963
-1.516209,-0.959963
-1.516009,-0.959963
-1.515809,-0.991962
-1.515609,-0.991962
-1.515409,-0.959963
-1.515209,-0.959963
-1.515009,-0.959963
-1.514809,-0.959963
-1.514609,-0.959963
-1.514409,-0.927964
-1.514209,-0.927964
-1.514009,-0.927964
-1.513809,-0.959963
-1.513609,-0.959963
-1.513409,-0.959963
-1.513209,-0.959963
-1.513009,-0.927964
-1.512809,-0.991962
-1.512609,-0.959963
-1.512409,-0.959963
-1.512209,-0.959963
-1.512009,-0.991962
-1.511809,-0.927964
-1.511609,-0.991962
-1.511409,-0.959963
-1.511209,-0.959963
-1.511009,-0.959963
-1.510809,-0.959963
-1.510609,-0.959963
-1.510409,-0.959963
-1.510209,-0.927964
-1.510009,-0.959963
-1.509809,-0.959963
-1.509609,-0.959963
-1.509409,-0.927964
-1.509209,-0.991962
-1.509009,-0.959963
-1.508809,-0.959963
-1.508609,-0.959963
-1.508409,-0.959963
-1.508209,-0.959963
-1.508009,-0.959963
-1.507809,-0.959963
-1.507609,-0.959963
-1.507409,-1.02396
-1.507209,-0.895966
-1.507009,-0.927964
-1.506809,-0.959963
-1.506609,-0.959963
-1.506409,-0.927964
-1.506209,-0.959963
-1.506009,-0.927964
-1.505809,-0.959963
-1.505609,-0.959963
-1.505409,-0.895966
-1.505209,-0.959963
-1.505009,-0.927964
-1.504809,-0.959963
-1.504609,-0.959963
-1.504409,-0.927964
-1.504209,-0.927964
-1.504009,-0.927964
-1.503809,-0.927964
-1.503609,-0.927964
-1.503409,-0.927964
-1.503209,-0.927964
-1.503009,-0.927964
-1.502809,-0.895966
-1.502609,-0.927964
-1.502409,-0.927964
-1.502209,-0.927964
-1.502009,-0.927964
-1.501809,-0.927964
-1.501609,-0.927964
-1.501409,-0.927964
-1.501209,-0.895966
-1.501009,-0.831968
-1.500809,-0.895966
-1.500609,-0.863967
-1.500409,-0.895966
-1.500209,-0.927964
-1.500009,-0.895966
-1.499809,-0.895966
-1.499609,-0.927964
-1.499409,-0.863967
-1.499209,-0.895966
-1.499009,-0.895966
-1.498809,-0.895966
-1.498609,-0.863967
-1.498409,-0.863967
-1.498209,-0.863967
-1.498009,-0.863967
-1.497809,-0.895966
-1.497609,-0.863967
-1.497409,-0.831968
-1.497209,-0.895966
-1.497009,-0.863967
-1.496809,-0.895966
-1.496609,-0.863967
-1.496409,-0.895966
-1.496209,-0.895966
-1.496009,-0.895966
-1.495809,-0.831968
-1.495609,-0.863967
-1.495409,-0.831968
-1.495209,-0.831968
-1.495009,-0.831968
-1.494809,-0.831968
-1.494609,-0.863967
-1.494409,-0.799969
-1.494209,-0.863967
-1.494009,-0.831968
-1.493809,-0.831968
-1.493609,-0.831968
-1.493409,-0.863967
-1.493209,-0.831968
-1.493009,-0.831968
-1.492809,-0.799969
-1.492609,-0.799969
-1.492409,-0.799969
-1.492209,-0.831968
-1.492009,-0.767971
-1.491809,-0.799969
-1.491609,-0.767971
-1.491409,-0.767971
-1.491209,-0.831968
-1.491009,-0.767971
-1.490809,-0.767971
-1.490609,-0.767971
-1.490409,-0.767971
-1.490209,-0.767971
-1.490009,-0.735972
-1.489809,-0.767971
-1.489609,-0.767971
-1.489409,-0.703973
-1.489209,-0.767971
-1.489009,-0.703973
-1.488809,-0.735972
-1.488609,-0.735972
-1.488409,-0.767971
-1.488209,-0.735972
-1.488009,-0.735972
-1.487809,-0.703973
-1.487609,-0.735972
-1.487409,-0.703973
-1.487209,-0.703973
-1.487009,-0.703973
-1.486809,-0.703973
-1.486609,-0.703973
-1.486409,-0.671974
-1.486209,-0.671974
-1.486009,-0.671974
-1.485809,-0.703973
-1.485609,-0.671974
-1.485409,-0.639975
-1.485209,-0.671974
-1.485009,-0.671974
-1.484809,-0.703973
-1.484609,-0.735972
-1.484409,-0.703973
-1.484209,-0.639975
-1.484009,-0.671974
-1.483809,-0.671974
-1.483609,-0.639975
-1.483409,-0.671974
-1.483209,-0.639975
-1.483009,-0.639975
-1.482809,-0.607977
-1.482609,-0.671974
-1.482409,-0.607977
-1.482209,-0.607977
-1.482009,-0.575978
-1.481809,-0.607977
-1.481609,-0.639975
-1.481409,-0.607977
-1.481209,-0.607977
-1.481009,-0.575978
-1.480809,-0.607977
-1.480609,-0.607977
-1.480409,-0.607977
-1.480209,-0.575978
-1.480009,-0.575978
-1.479809,-0.543979
-1.479609,-0.543979
-1.479409,-0.543979
-1.479209,-0.51198
-1.479009,-0.575978
-1.478809,-0.543979
-1.478609,-0.51198
-1.478409,-0.543979
-1.478209,-0.575978
-1.478009,-0.51198
-1.477809,-0.51198
-1.477609,-0.479982
-1.477409,-0.51198
-1.477209,-0.479982
-1.477009,-0.479982
-1.476809,-0.479982
-1.476609,-0.51198
-1.476409,-0.479982
-1.476209,-0.447983
-1.476009,-0.479982
-1.475809,-0.447983
-1.475609,-0.415984
-1.475409,-0.51198
-1.475209,-0.447983
-1.475009,-0.447983
-1.474809,-0.479982
-1.474609,-0.447983
-1.474409,-0.447983
-1.474209,-0.447983
-1.474009,-0.415984
-1.473809,-0.447983
-1.473609,-0.415984
-1.473409,-0.447983
-1.473209,-0.415984
-1.473009,-0.415984
-1.472809,-0.383985
-1.472609,-0.351986
-1.472409,-0.415984
-1.472209,-0.351986
-1.472009,-0.351986
-1.471809,-0.383985
-1.471609,-0.319988
-1.471409,-0.319988
-1.471209,-0.415984
-1.471009,-0.351986
-1.470809,-0.319988
-1.470609,-0.287989
-1.470409,-0.319988
-1.470209,-0.351986
-1.470009,-0.319988
-1.469809,-0.287989
-1.469609,-0.287989
-1.469409,-0.319988
-1.469209,-0.319988
-1.469009,-0.287989
-1.468809,-0.319988
-1.468609,-0.287989
-1.468409,-0.287989
-1.468209,-0.287989
-1.468009,-0.191993
-1.467809,-0.191993
-1.467609,-0.223991
-1.467409,-0.25599
-1.467209,-0.25599
-1.467009,-0.223991
-1.466809,-0.25599
-1.466609,-0.25599
-1.466409,-0.223991
-1.466209,-0.191993
-1.466009,-0.191993
-1.465809,-0.191993
-1.465609,-0.159994
-1.465409,-0.191993
-1.465209,-0.191993
-1.465009,-0.191993
-1.464809,-0.191993
-1.464609,-0.159994
-1.464409,-0.127995
-1.464209,-0.159994
-1.464009,-0.191993
-1.463809,-0.127995
-1.463609,-0.191993
-1.463409,-0.127995
-1.463209,-0.127995
-1.463009,-0.127995
-1.462809,-0.0959963
-1.462609,-0.127995
-1.462409,-0.127995
-1.462209,-0.0959963
-1.462009,-0.0959963
-1.461809,-0.127995
-1.461609,-0.0959963
-1.461409,-0.0639975
-1.461209,-0.0639975
-1.461009,-0.0639975
-1.460809,-0.0319988
-1.460609,-0.0959963
-1.460409,-0.0319988
-1.460209,-0.0319988
-1.460009,-0.0319988
-1.459809,0
-1.459609,-0.0639975
-1.459409,-0.0639975
-1.459209,0
-1.459009,0
-1.458809,-0.0959963
-1.458609,0
-1.458409,0.0319988
-1.458209,0
-1.458009,-0.0319988
-1.457809,0.0319988
-1.457609,0.0319988
-1.457409,0.0319988
-1.457209,0.0319988
-1.457009,-0.0319988
-1.456809,0.0959963
-1.456609,0.0959963
-1.456409,0.127995
-1.456209,0.0639975
-1.456009,0.0639975
-1.455809,0.0639975
-1.455609,0.0959963
-1.455409,0.0639975
-1.455209,0.0639975
-1.455009,0.0959963
-1.454809,0.0959963
-1.454609,0.127995
-1.454409,0.127995
-1.454209,0.159994
-1.454009,0.0959963
-1.453809,0.159994
-1.453609,0.159994
-1.453409,0.127995
-1.453209,0.0959963
-1.453009,0.127995
-1.452809,0.159994
-1.452609,0.223991
-1.452409,0.159994
-1.452209,0.159994
-1.452009,0.191993
-1.451809,0.191993
-1.451609,0.191993
-1.451409,0.223991
-1.451209,0.191993
-1.451009,0.191993
-1.450809,0.223991
-1.450609,0.191993
-1.450409,0.223991
-1.450209,0.25599
-1.450009,0.191993
-1.449809,0.25599
-1.449609,0.25599
-1.449409,0.25599
-1.449209,0.25599
-1.449009,0.25599
-1.448809,0.25599
-1.448609,0.287989
-1.448409,0.25599
-1.448209,0.25599
-1.448009,0.287989
-1.447809,0.287989
-1.447609,0.25599
-1.447409,0.25599
-1.447209,0.287989
-1.447009,0.319988
-1.446809,0.287989
-1.446609,0.351986
-1.446409,0.319988
-1.446209,0.319988
-1.446009,0.415984
-1.445809,0.319988
-1.445609,0.351986
-1.445409,0.383985
-1.445209,0.351986
-1.445009,0.383985
-1.444809,0.383985
-1.444609,0.351986
-1.444409,0.415984
-1.444209,0.383985
-1.444009,0.415984
-1.443809,0.447983
-1.443609,0.447983
-1.443409,0.351986
-1.443209,0.415984
-1.443009,0.447983
-1.442809,0.447983
-1.442609,0.447983
-1.442409,0.447983
-1.442209,0.383985
-1.442009,0.447983
-1.441809,0.447983
-1.441609,0.479982
-1.441409,0.415984
-1.441209,0.479982
-1.441009,0.51198
-1.440809,0.479982
-1.440609,0.51198
-1.440409,0.543979
-1.440209,0.479982
-1.440009,0.51198
-1.439809,0.51198
-1.439609,0.51198
-1.439409,0.543979
-1.439209,0.51198
-1.439009,0.543979
-1.438809,0.543979
-1.438609,0.575978
-1.438409,0.575978
-1.438209,0.575978
-1.438009,0.575978
-1.437809,0.51198
-1.437609,0.575978
-1.437409,0.575978
-1.437209,0.575978
-1.437009,0.575978
-1.436809,0.575978
-1.436609,0.607977
-1.436409,0.575978
-1.436209,0.639975
-1.436009,0.607977
-1.435809,0.607977
-1.435609,0.639975
-1.435409,0.575978
-1.435209,0.671974
-1.435009,0.671974
-1.434809,0.639975
-1.434609,0.639975
-1.434409,0.671974
-1.434209,0.671974
-1.434009,0.639975
-1.433809,0.703973
-1.433609,0.639975
-1.433409,0.703973
-1.433209,0.703973
-1.433009,0.703973
-1.432809,0.703973
-1.432609,0.799969
-1.432409,0.703973
-1.432209,0.735972
-1.432009,0.767971
-1.431809,0.703973
-1.431609,0.703973
-1.431409,0.767971
-1.431209,0.799969
-1.431009,0.799969
-1.430809,0.831968
-1.430609,0.831968
-1.430409,0.799969
-1.430209,0.863967
-1.430009,0.799969
-1.429809,0.799969
-1.429609,0.863967
-1.429409,0.863967
-1.429209,0.863967
-1.429009,0.895966
-1.428809,0.863967
-1.428609,0.895966
-1.428409,0.895966
-1.428209,0.863967
-1.428009,0.863967
-1.427809,0.895966
-1.427609,0.863967
-1.427409,0.895966
-1.427209,0.959963
-1.427009,0.959963
-1.426809,0.927964
-1.426609,0.959963
-1.426409,0.959963
-1.426209,0.927964
-1.426009,0.959963
-1.425809,0.927964
-1.425609,0.959963
-1.425409,0.991962
-1.425209,0.959963
-1.425009,1.02396
-1.424809,1.02396
-1.424609,1.02396
-1.424409,1.02396
-1.424209,1.02396
-1.424009,1.02396
-1.423809,1.02396
-1.423609,1.02396
-1.423409,1.08796
-1.423209,1.05596
-1.423009,1.05596
-1.422809,1.08796
-1.422609,1.08796
-1.422409,1.05596
-1.422209,1.08796
-1.422009,1.08796
-1.421809,1.08796
-1.421609,1.08796
-1.421409,1.15196
-1.421209,1.15196
-1.421009,1.11996
-1.420809,1.11996
-1.420609,1.18395
-1.420409,1.15196
-1.420209,1.15196
-1.420009,1.11996
-1.419809,1.18395
-1.419609,1.15196
-1.419409,1.18395
-1.419209,1.18395
-1.419009,1.21595
-1.418809,1.18395
-1.418609,1.24795
-1.418409,1.24795
-1.418209,1.18395
-1.418009,1.21595
-1.417809,1.21595
-1.417609,1.27995
-1.417409,1.27995
-1.417209,1.31195
-1.417009,1.31195
-1.416809,1.27995
-1.416609,1.31195
-1.416409,1.31195
-1.416209,1.31195
-1.416009,1.31195
-1.415809,1.34395
-1.415609,1.31195
-1.415409,1.34395
-1.415209,1.40795
-1.415009,1.31195
-1.414809,1.34395
-1.414609,1.40795
-1.414409,1.34395
-1.414209,1.34395
-1.414009,1.37595
-1.413809,1.37595
-1.413609,1.37595
-1.413409,1.43994
-1.413209,1.40795
-1.413009,1.40795
-1.412809,1.43994
-1.412609,1.34395
-1.412409,1.43994
-1.412209,1.43994
-1.412009,1.40795
-1.411809,1.43994
-1.411609,1.43994
-1.411409,1.43994
-1.411209,1.43994
-1.411009,1.50394
-1.410809,1.47194
-1.410609,1.43994
-1.410409,1.50394
-1.410209,1.43994
-1.410009,1.43994
-1.409809,1.50394
-1.409609,1.50394
-1.409409,1.47194
-1.409209,1.50394
-1.409009,1.53594
-1.408809,1.50394
-1.408609,1.53594
-1.408409,1.50394
-1.408209,1.50394
-1.408009,1.59994
-1.407809,1.53594
-1.407609,1.53594
-1.407409,1.53594
-1.407209,1.53594
-1.407009,1.56794
-1.406809,1.59994
-1.406609,1.56794
-1.406409,1.56794
-1.406209,1.53594
-1.406009,1.53594
-1.405809,1.59994
-1.405609,1.63194
-1.405409,1.59994
-1.405209,1.59994
-1.405009,1.59994
-1.404809,1.59994
-1.404609,1.56794
-1.404409,1.63194
-1.404209,1.59994
-1.404009,1.66394
-1.403809,1.63194
-1.403609,1.63194
-1.403409,1.63194
-1.403209,1.63194
-1.403009,1.66394
-1.402809,1.63194
-1.402609,1.59994
-1.402409,1.66394
-1.402209,1.69593
-1.402009,1.66394
-1.401809,1.69593
-1.401609,1.66394
-1.401409,1.69593
-1.401209,1.69593
-1.401009,1.69593
-1.400809,1.69593
-1.400609,1.69593
-1.400409,1.66394
-1.400209,1.66394
-1.400009,1.69593
-1.399809,1.69593
-1.399609,1.72793
-1.399409,1.69593
-1.399209,1.69593
-1.399009,1.72793
-1.398809,1.72793
-1.398609,1.66394
-1.398409,1.72793
-1.398209,1.69593
-1.398009,1.69593
-1.397809,1.72793
-1.397609,1.72793
-1.397409,1.69593
-1.397209,1.72793
-1.397009,1.72793
-1.396809,1.69593
-1.396609,1.72793
-1.396409,1.69593
-1.396209,1.75993
-1.396009,1.72793
-1.395809,1.75993
-1.395609,1.72793
-1.395409,1.79193
-1.395209,1.75993
-1.395009,1.79193
-1.394809,1.79193
-1.394609,1.75993
-1.394409,1.72793
-1.394209,1.75993
-1.394009,1.75993
-1.393809,1.75993
-1.393609,1.75993
-1.393409,1.79193
-1.393209,1.75993
-1.393009,1.79193
-1.392809,1.75993
-1.392609,1.75993
-1.392409,1.75993
-1.392209,1.75993
-1.392009,1.79193
-1.391809,1.75993
-1.391609,1.82393
-1.391409,1.79193
-1.391209,1.82393
-1.391009,1.75993
-1.390809,1.75993
-1.390609,1.82393
-1.390409,1.82393
-1.390209,1.79193
-1.390009,1.82393
-1.389809,1.82393
-1.389609,1.82393
-1.389409,1.82393
-1.389209,1.82393
-1.389009,1.85593
-1.388809,1.82393
-1.388609,1.82393
-1.388409,1.82393
-1.388209,1.85593
-1.388009,1.82393
-1.387809,1.85593
-1.387609,1.82393
-1.387409,1.85593
-1.387209,1.82393
-1.387009,1.85593
-1.386809,1.85593
-1.386609,1.85593
-1.386409,1.85593
-1.386209,1.85593
-1.386009,1.85593
-1.385809,1.88793
-1.385609,1.82393
-1.385409,1.82393
-1.385209,1.82393
-1.385009,1.85593
-1.384809,1.85593
-1.384609,1.82393
-1.384409,1.85593
-1.384209,1.85593
-1.384009,1.88793
-1.383809,1.85593
-1.383609,1.85593
-1.383409,1.85593
-1.383209,1.85593
-1.383009,1.85593
-1.382809,1.85593
-1.382609,1.82393
-1.382409,1.85593
-1.382209,1.88793
-1.382009,1.82393
-1.381809,1.85593
-1.381609,1.85593
-1.381409,1.85593
-1.381209,1.88793
-1.381009,1.85593
-1.380809,1.85593
-1.380609,1.91993
-1.380409,1.91993
-1.380209,1.88793
-1.380009,1.85593
-1.379809,1.88793
-1.379609,1.85593
-1.379409,1.91993
-1.379209,1.85593
-1.379009,1.88793
-1.378809,1.88793
-1.378609,1.88793
-1.378409,1.88793
-1.378209,1.88793
-1.378009,1.85593
-1.377809,1.88793
-1.377609,1.91993
-1.377409,1.91993
-1.377209,1.85593
-1.377009,1.88793
-1.376809,1.88793
-1.376609,1.88793
-1.376409,1.91993
-1.376209,1.91993
-1.376009,1.91993
-1.375809,1.88793
-1.375609,1.91993
-1.375409,1.91993
-1.375209,1.88793
-1.375009,1.91993
-1.374809,1.91993
-1.374609,1.88793
-1.374409,1.85593
-1.374209,1.88793
-1.374009,1.88793
-1.373809,1.91993
-1.373609,1.88793
-1.373409,1.88793
-1.373209,1.91993
-1.373009,1.88793
-1.372809,1.88793
-1.372609,1.91993
-1.372409,1.88793
-1.372209,1.91993
-1.372009,1.88793
-1.371809,1.91993
-1.371609,1.88793
-1.371409,1.91993
-1.371209,1.95193
-1.371009,1.91993
-1.370809,1.88793
-1.370609,1.88793
-1.370409,1.91993
-1.370209,1.88793
-1.370009,1.91993
-1.369809,1.91993
-1.369609,1.95193
-1.369409,1.88793
-1.369209,1.91993
-1.369009,1.88793
-1.368809,1.88793
-1.368609,1.91993
-1.368409,1.88793
-1.368209,1.91993
-1.368009,1.88793
-1.367809,1.91993
-1.367609,1.88793
-1.367409,1.91993
-1.367209,1.91993
-1.367009,1.91993
-1.366809,1.91993
-1.366609,1.88793
-1.366409,1.88793
-1.366209,1.95193
-1.366009,1.95193
-1.365809,1.91993
-1.365609,1.91993
-1.365409,1.95193
-1.365209,1.91993
-1.365009,1.91993
-1.364809,1.88793
-1.364609,1.95193
-1.364409,1.88793
-1.364209,1.85593
-1.364009,1.91993
-1.363809,1.91993
-1.363609,1.88793
-1.363409,1.88793
-1.363209,1.91993
-1.363009,1.88793
-1.362809,1.91993
-1.362609,1.88793
-1.362409,1.91993
-1.362209,1.85593
-1.362009,1.88793
-1.361809,1.91993
-1.361609,1.88793
-1.361409,1.88793
-1.361209,1.91993
-1.361009,1.85593
-1.360809,1.85593
-1.360609,1.91993
-1.360409,1.88793
-1.360209,1.91993
-1.360009,1.91993
-1.359809,1.88793
-1.359609,1.85593
-1.359409,1.91993
-1.359209,1.85593
-1.359009,1.85593
-1.358809,1.88793
-1.358609,1.85593
-1.358409,1.82393
-1.358209,1.85593
-1.358009,1.79193
-1.357809,1.85593
-1.357609,1.85593
-1.357409,1.82393
-1.357209,1.82393
-1.357009,1.85593
-1.356809,1.85593
-1.356609,1.82393
-1.356409,1.82393
-1.356209,1.82393
-1.356009,1.82393
-1.355809,1.79193
-1.355609,1.85593
-1.355409,1.82393
-1.355209,1.85593
-1.355009,1.82393
-1.354809,1.79193
-1.354609,1.85593
-1.354409,1.82393
-1.354209,1.79193
-1.354009,1.79193
-1.353809,1.82393
-1.353609,1.79193
-1.353409,1.82393
-1.353209,1.79193
-1.353009,1.82393
-1.352809,1.85593
-1.352609,1.85593
-1.352409,1.85593
-1.352209,1.79193
-1.352009,1.79193
-1.351809,1.79193
-1.351609,1.79193
-1.351409,1.75993
-1.351209,1.79193
-1.351009,1.79193
-1.350809,1.82393
-1.350609,1.79193
-1.350409,1.75993
-1.350209,1.79193
-1.350009,1.79193
-1.349809,1.79193
-1.349609,1.75993
-1.349409,1.79193
-1.349209,1.79193
-1.349009,1.75993
-1.348809,1.72793
-1.348609,1.75993
-1.348409,1.75993
-1.348209,1.75993
-1.348009,1.75993
-1.347809,1.72793
-1.347609,1.79193
-1.347409,1.72793
-1.347209,1.69593
-1.347009,1.66394
-1.346809,1.72793
-1.346609,1.72793
-1.346409,1.66394
-1.346209,1.72793
-1.346009,1.72793
-1.345809,1.66394
-1.345609,1.72793
-1.345409,1.69593
-1.345209,1.66394
-1.345009,1.69593
-1.344809,1.66394
-1.344609,1.69593
-1.344409,1.69593
-1.344209,1.69593
-1.344009,1.69593
-1.343809,1.69593
-1.343609,1.69593
-1.343409,1.63194
-1.343209,1.66394
-1.343009,1.69593
-1.342809,1.66394
-1.342609,1.63194
-1.342409,1.63194
-1.342209,1.66394
-1.342009,1.59994
-1.341809,1.69593
-1.341609,1.66394
-1.341409,1.66394
-1.341209,1.63194
-1.341009,1.63194
-1.340809,1.63194
-1.340609,1.59994
-1.340409,1.59994
-1.340209,1.59994
-1.340009,1.59994
-1.339809,1.59994
-1.339609,1.59994
-1.339409,1.59994
-1.339209,1.56794
-1.339009,1.59994
-1.338809,1.56794
-1.338609,1.56794
-1.338409,1.56794
-1.338209,1.56794
-1.338009,1.56794
-1.337809,1.59994
-1.337609,1.53594
-1.337409,1.56794
-1.337209,1.53594
-1.337009,1.47194
-1.336809,1.56794
-1.336609,1.56794
-1.336409,1.53594
-1.336209,1.56794
-1.336009,1.53594
-1.335809,1.50394
-1.335609,1.53594
-1.335409,1.50394
-1.335209,1.47194
-1.335009,1.50394
-1.334809,1.50394
-1.334609,1.47194
-1.334409,1.50394
-1.334209,1.50394
-1.334009,1.47194
-1.333809,1.50394
-1.333609,1.50394
-1.333409,1.43994
-1.333209,1.43994
-1.333009,1.50394
-1.332809,1.47194
-1.332609,1.47194
-1.332409,1.50394
-1.332209,1.43994
-1.332009,1.43994
-1.331809,1.43994
-1.331609,1.40795
-1.331409,1.43994
-1.331209,1.40795
-1.331009,1.40795
-1.330809,1.40795
-1.330609,1.40795
-1.330409,1.40795
-1.330209,1.43994
-1.330009,1.43994
-1.329809,1.37595
-1.329609,1.40795
-1.329409,1.40795
-1.329209,1.34395
-1.329009,1.40795
-1.328809,1.40795
-1.328609,1.34395
-1.328409,1.37595
-1.328209,1.34395
-1.328009,1.34395
-1.327809,1.37595
-1.327609,1.37595
-1.327409,1.34395
-1.327209,1.37595
-1.327009,1.34395
-1.326809,1.34395
-1.326609,1.34395
-1.326409,1.34395
-1.326209,1.34395
-1.326009,1.34395
-1.325809,1.31195
-1.325609,1.27995
-1.325409,1.31195
-1.325209,1.31195
-1.325009,1.24795
-1.324809,1.31195
-1.324609,1.31195
-1.324409,1.27995
-1.324209,1.24795
-1.324009,1.27995
-1.323809,1.27995
-1.323609,1.27995
-1.323409,1.27995
-1.323209,1.21595
-1.323009,1.27995
-1.322809,1.24795
-1.322609,1.24795
-1.322409,1.24795
-1.322209,1.24795
-1.322009,1.27995
-1.321809,1.18395
-1.321609,1.15196
-1.321409,1.18395
-1.321209,1.18395
-1.321009,1.21595
-1.320809,1.18395
-1.320609,1.15196
-1.320409,1.21595
-1.320209,1.21595
-1.320009,1.15196
-1.319809,1.15196
-1.319609,1.15196
-1.319409,1.11996
-1.319209,1.11996
-1.319009,1.11996
-1.318809,1.15196
-1.318609,1.18395
-1.318409,1.11996
-1.318209,1.15196
-1.318009,1.08796
-1.317809,1.11996
-1.317609,1.08796
-1.317409,1.08796
-1.317209,1.05596
-1.317009,1.08796
-1.316809,1.08796
-1.316609,1.08796
-1.316409,1.08796
-1.316209,1.05596
-1.316009,1.08796
-1.315809,1.05596
-1.315609,1.02396
-1.315409,1.05596
-1.315209,1.02396
-1.315009,1.05596
-1.314809,1.02396
-1.314609,1.02396
-1.314409,1.02396
-1.314209,1.02396
-1.314009,0.959963
-1.313809,1.02396
-1.313609,0.991962
-1.313409,0.991962
-1.313209,0.991962
-1.313009,0.959963
-1.312809,0.959963
-1.312609,0.991962
-1.312409,0.959963
-1.312209,0.959963
-1.312009,0.959963
-1.311809,0.895966
-1.311609,0.895966
-1.311409,0.927964
-1.311209,0.927964
-1.311009,0.895966
-1.310809,0.895966
-1.310609,0.895966
-1.310409,0.863967
-1.310209,0.895966
-1.310009,0.831968
-1.309809,0.863967
-1.309609,0.895966
-1.309409,0.831968
-1.309209,0.831968
-1.309009,0.863967
-1.308809,0.863967
-1.308609,0.831968
-1.308409,0.831968
-1.308209,0.831968
-1.308009,0.767971
-1.307809,0.735972
-1.307609,0.767971
-1.307409,0.767971
-1.307209,0.799969
-1.307009,0.767971
-1.306809,0.735972
-1.306609,0.799969
-1.306409,0.703973
-1.306209,0.735972
-1.306009,0.703973
-1.305809,0.767971
-1.305609,0.703973
-1.305409,0.735972
-1.305209,0.671974
-1.305009,0.671974
-1.304809,0.767971
-1.304609,0.671974
-1.304409,0.671974
-1.304209,0.703973
-1.304009,0.671974
-1.303809,0.639975
-1.303609,0.671974
-1.303409,0.607977
-1.303209,0.607977
-1.303009,0.703973
-1.302809,0.607977
-1.302609,0.607977
-1.302409,0.639975
-1.302209,0.575978
-1.302009,0.575978
-1.301809,0.607977
-1.301609,0.575978
-1.301409,0.543979
-1.301209,0.607977
-1.301009,0.575978
-1.300809,0.607977
-1.300609,0.575978
-1.300409,0.543979
-1.300209,0.543979
-1.300009,0.543979
-1.299809,0.51198
-1.299609,0.51198
-1.299409,0.51198
-1.299209,0.479982
-1.299009,0.543979
-1.298809,0.543979
-1.298609,0.479982
-1.298409,0.479982
-1.298209,0.415984
-1.298009,0.415984
-1.297809,0.415984
-1.297609,0.415984
-1.297409,0.415984
-1.297209,0.447983
-1.297009,0.447983
-1.296809,0.383985
-1.296609,0.447983
-1.296409,0.383985
-1.296209,0.351986
-1.296009,0.351986
-1.295809,0.351986
-1.295609,0.351986
-1.295409,0.383985
-1.295209,0.319988
-1.295009,0.351986
-1.294809,0.351986
-1.294609,0.319988
-1.294409,0.319988
-1.294209,0.319988
-1.294009,0.287989
-1.293809,0.287989
-1.293609,0.25599
-1.293409,0.287989
-1.293209,0.287989
-1.293009,0.319988
-1.292809,0.25599
-1.292609,0.25599
-1.292409,0.25599
-1.292209,0.191993
-1.292009,0.223991
-1.291809,0.223991
-1.291609,0.25599
-1.291409,0.223991
-1.291209,0.25599
-1.291009,0.191993
-1.290809,0.191993
-1.290609,0.25599
-1.290409,0.159994
-1.290209,0.159994
-1.290009,0.159994
-1.289809,0.223991
-1.289609,0.159994
-1.289409,0.191993
-1.289209,0.191993
-1.289009,0.159994
-1.288809,0.127995
-1.288609,0.127995
-1.288409,0.127995
-1.288209,0.127995
-1.288009,0.127995
-1.287809,0.127995
-1.287609,0.127995
-1.287409,0.0959963
-1.287209,0.127995
-1.287009,0.127995
-1.286809,0.0639975
-1.286609,0.0639975
-1.286409,0.0319988
-1.286209,0.0319988
-1.286009,0.0639975
-1.285809,0.0639975
-1.285609,0.0639975
-1.285409,0.0639975
-1.285209,0.0959963
-1.285009,0.0639975
-1.284809,0.0639975
-1.284609,0.0319988
-1.284409,0
-1.284209,0
-1.284009,0.0319988
-1.283809,0.0319988
-1.283609,0
-1.283409,0.0639975
-1.283209,0.0319988
-1.283009,-0.0319988
-1.282809,-0.0319988
-1.282609,0.0319988
-1.282409,-0.0319988
-1.282209,-0.0319988
-1.282009,-0.0319988
-1.281809,-0.0639975
-1.281609,-0.0639975
-1.281409,0
-1.281209,-0.0959963
-1.281009,-0.0639975
-1.280809,-0.0959963
-1.280609,-0.0959963
-1.280409,-0.0319988
-1.280209,-0.0639975
-1.280009,-0.0959963
-1.279809,-0.0639975
-1.279609,-0.0959963
-1.279409,-0.0959963
-1.279209,-0.0959963
-1.279009,-0.127995
-1.278809,-0.127995
-1.278609,-0.159994
-1.278409,-0.127995
-1.278209,-0.159994
-1.278009,-0.127995
-1.277809,-0.127995
-1.277609,-0.159994
-1.277409,-0.127995
-1.277209,-0.127995
-1.277009,-0.159994
-1.276809,-0.159994
-1.276609,-0.159994
-1.276409,-0.223991
-1.276209,-0.191993
-1.276009,-0.159994
-1.275809,-0.191993
-1.275609,-0.159994
-1.275409,-0.159994
-1.275209,-0.191993
-1.275009,-0.223991
-1.274809,-0.191993
-1.274609,-0.223991
-1.274409,-0.223991
-1.274209,-0.223991
-1.274009,-0.223991
-1.273809,-0.191993
-1.273609,-0.223991
-1.273409,-0.223991
-1.273209,-0.287989
-1.273009,-0.25599
-1.272809,-0.287989
-1.272609,-0.25599
-1.272409,-0.223991
-1.272209,-0.287989
-1.272009,-0.287989
-1.271809,-0.287989
-1.271609,-0.25599
-1.271409,-0.287989
-1.271209,-0.25599
-1.271009,-0.319988
-1.270809,-0.319988
-1.270609,-0.319988
-1.270409,-0.351986
-1.270209,-0.319988
-1.270009,-0.351986
-1.269809,-0.351986
-1.269609,-0.287989
-1.269409,-0.351986
-1.269209,-0.319988
-1.269009,-0.351986
-1.268809,-0.383985
-1.268609,-0.383985
-1.268409,-0.351986
-1.268209,-0.383985
-1.268009,-0.351986
-1.267809,-0.383985
-1.267609,-0.415984
-1.267409,-0.351986
-1.267209,-0.383985
-1.267009,-0.383985
-1.266809,-0.415984
-1.266609,-0.383985
-1.266409,-0.415984
-1.266209,-0.383985
-1.266009,-0.415984
-1.265809,-0.415984
-1.265609,-0.415984
-1.265409,-0.415984
-1.265209,-0.415984
-1.265009,-0.415984
-1.264809,-0.447983
-1.264609,-0.383985
-1.264409,-0.415984
-1.264209,-0.447983
-1.264009,-0.447983
-1.263809,-0.415984
-1.263609,-0.51198
-1.263409,-0.51198
-1.263209,-0.479982
-1.263009,-0.479982
-1.262809,-0.479982
-1.262609,-0.479982
-1.262409,-0.479982
-1.262209,-0.51198
-1.262009,-0.479982
-1.261809,-0.479982
-1.261609,-0.479982
-1.261409,-0.51198
-1.261209,-0.543979
-1.261009,-0.51198
-1.260809,-0.51198
-1.260609,-0.51198
-1.260409,-0.575978
-1.260209,-0.51198
-1.260009,-0.543979
-1.259809,-0.543979
-1.259609,-0.51198
-1.259409,-0.543979
-1.259209,-0.575978
-1.259009,-0.543979
-1.258809,-0.607977
-1.258609,-0.543979
-1.258409,-0.575978
-1.258209,-0.607977
-1.258009,-0.607977
-1.257809,-0.543979
-1.257609,-0.607977
-1.257409,-0.575978
-1.257209,-0.575978
-1.257009,-0.607977
-1.256809,-0.607977
-1.256609,-0.607977
-1.256409,-0.607977
-1.256209,-0.671974
-1.256009,-0.607977
-1.255809,-0.639975
-1.255609,-0.639975
-1.255409,-0.671974
-1.255209,-0.671974
-1.255009,-0.639975
-1.254809,-0.639975
-1.254609,-0.639975
-1.254409,-0.639975
-1.254209,-0.671974
-1.254009,-0.671974
-1.253809,-0.639975
-1.253609,-0.671974
-1.253409,-0.639975
-1.253209,-0.671974
-1.253009,-0.671974
-1.252809,-0.639975
-1.252609,-0.639975
-1.252409,-0.639975
-1.252209,-0.671974
-1.252009,-0.639975
-1.251809,-0.703973
-1.251609,-0.703973
-1.251409,-0.671974
-1.251209,-0.671974
-1.251009,-0.671974
-1.250809,-0.703973
-1.250609,-0.703973
-1.250409,-0.703973
-1.250209,-0.703973
-1.250009,-0.639975
-1.249809,-0.703973
-1.249609,-0.703973
-1.249409,-0.703973
-1.249209,-0.703973
-1.249009,-0.735972
-1.248809,-0.703973
-1.248609,-0.703973
-1.248409,-0.735972
-1.248209,-0.703973
-1.248009,-0.735972
-1.247809,-0.703973
-1.247609,-0.703973
-1.247409,-0.735972
-1.247209,-0.735972
-1.247009,-0.735972
-1.246809,-0.735972
-1.246609,-0.735972
-1.246409,-0.735972
-1.246209,-0.767971
-1.246009,-0.767971
-1.245809,-0.735972
-1.245609,-0.703973
-1.245409,-0.735972
-1.245209,-0.735972
-1.245009,-0.767971
-1.244809,-0.735972
-1.244609,-0.735972
-1.244409,-0.767971
-1.244209,-0.735972
-1.244009,-0.735972
-1.243809,-0.767971
-1.243609,-0.735972
-1.243409,-0.735972
-1.243209,-0.799969
-1.243009,-0.767971
-1.242809,-0.735972
-1.242609,-0.767971
-1.242409,-0.767971
-1.242209,-0.767971
-1.242009,-0.735972
-1.241809,-0.767971
-1.241609,-0.735972
-1.241409,-0.767971
-1.241209,-0.767971
-1.241009,-0.767971
-1.240809,-0.703973
-1.240609,-0.735972
-1.240409,-0.767971
-1.240209,-0.831968
-1.240009,-0.735972
-1.239809,-0.767971
-1.239609,-0.799969
-1.239409,-0.767971
-1.239209,-0.767971
-1.239009,-0.799969
-1.238809,-0.735972
-1.238609,-0.799969
-1.238409,-0.799969
-1.238209,-0.767971
-1.238009,-0.735972
-1.237809,-0.767971
-1.237609,-0.767971
-1.237409,-0.767971
-1.237209,-0.799969
-1.237009,-0.767971
-1.236809,-0.735972
-1.236609,-0.735972
-1.236409,-0.799969
-1.236209,-0.831968
-1.236009,-0.799969
-1.235809,-0.767971
-1.235609,-0.799969
-1.235409,-0.735972
-1.235209,-0.799969
-1.235009,-0.831968
-1.234809,-0.799969
-1.234609,-0.799969
-1.234409,-0.799969
-1.234209,-0.799969
-1.234009,-0.799969
-1.233809,-0.767971
-1.233609,-0.799969
-1.233409,-0.799969
-1.233209,-0.799969
-1.233009,-0.799969
-1.232809,-0.767971
-1.232609,-0.799969
-1.232409,-0.767971
-1.232209,-0.767971
-1.232009,-0.831968
-1.231809,-0.799969
-1.231609,-0.799969
-1.231409,-0.831968
-1.231209,-0.767971
-1.231009,-0.799969
-1.230809,-0.831968
-1.230609,-0.767971
-1.230409,-0.799969
-1.230209,-0.767971
-1.230009,-0.799969
-1.229809,-0.799969
-1.229609,-0.799969
-1.229409,-0.767971
-1.229209,-0.799969
-1.229009,-0.799969
-1.228809,-0.767971
-1.228609,-0.735972
-1.228409,-0.767971
-1.228209,-0.767971
-1.228009,-0.735972
-1.227809,-0.767971
-1.227609,-0.735972
-1.227409,-0.735972
-1.227209,-0.767971
-1.227009,-0.735972
-1.226809,-0.767971
-1.226609,-0.799969
-1.226409,-0.735972
-1.226209,-0.703973
-1.226009,-0.767971
-1.225809,-0.767971
-1.225609,-0.735972
-1.225409,-0.799969
-1.225209,-0.767971
-1.225009,-0.767971
-1.224809,-0.767971
-1.224609,-0.799969
-1.224409,-0.735972
-1.224209,-0.799969
-1.224009,-0.767971
-1.223809,-0.799969
-1.223609,-0.799969
-1.223409,-0.799969
-1.223209,-0.735972
-1.223009,-0.831968
-1.222809,-0.767971
-1.222609,-0.767971
-1.222409,-0.767971
-1.222209,-0.799969
-1.222009,-0.767971
-1.221809,-0.767971
-1.221609,-0.767971
-1.221409,-0.799969
-1.221209,-0.703973
-1.221009,-0.767971
-1.220809,-0.831968
-1.220609,-0.767971
-1.220409,-0.767971
-1.220209,-0.735972
-1.220009,-0.767971
-1.219809,-0.735972
-1.219609,-0.799969
-1.219409,-0.735972
-1.219209,-0.735972
-1.219009,-0.735972
-1.218809,-0.799969
-1.218609,-0.767971
-1.218409,-0.735972
-1.218209,-0.735972
-1.218009,-0.735972
-1.217809,-0.767971
-1.217609,-0.767971
-1.217409,-0.767971
-1.217209,-0.735972
-1.217009,-0.767971
-1.216809,-0.767971
-1.216609,-0.767971
-1.216409,-0.767971
-1.216209,-0.735972
-1.216009,-0.703973
-1.215809,-0.767971
-1.215609,-0.735972
-1.215409,-0.735972
-1.215209,-0.799969
-1.215009,-0.703973
-1.214809,-0.735972
-1.214609,-0.735972
-1.214409,-0.735972
-1.214209,-0.767971
-1.214009,-0.735972
-1.213809,-0.735972
-1.213609,-0.735972
-1.213409,-0.767971
-1.213209,-0.799969
-1.213009,-0.735972
-1.212809,-0.767971
-1.212609,-0.735972
-1.212409,-0.735972
-1.212209,-0.767971
-1.212009,-0.735972
-1.211809,-0.703973
-1.211609,-0.767971
-1.211409,-0.735972
-1.211209,-0.735972
-1.211009,-0.735972
-1.210809,-0.735972
-1.210609,-0.703973
-1.210409,-0.735972
-1.210209,-0.735972
-1.210009,-0.703973
-1.209809,-0.735972
-1.209609,-0.735972
-1.209409,-0.735972
-1.209209,-0.703973
-1.209009,-0.735972
-1.208809,-0.703973
-1.208609,-0.703973
-1.208409,-0.735972
-1.208209,-0.703973
-1.208009,-0.703973
-1.207809,-0.703973
-1.207609,-0.639975
-1.207409,-0.671974
-1.207209,-0.703973
-1.207009,-0.703973
-1.206809,-0.639975
-1.206609,-0.671974
-1.206409,-0.671974
-1.206209,-0.671974
-1.206009,-0.671974
-1.205809,-0.671974
-1.205609,-0.703973
-1.205409,-0.639975
-1.205209,-0.671974
-1.205009,-0.639975
-1.204809,-0.639975
-1.204609,-0.671974
-1.204409,-0.671974
-1.204209,-0.703973
-1.204009,-0.671974
-1.203809,-0.671974
-1.203609,-0.639975
-1.203409,-0.703973
-1.203209,-0.639975
-1.203009,-0.703973
-1.202809,-0.639975
-1.202609,-0.639975
-1.202409,-0.639975
-1.202209,-0.671974
-1.202009,-0.639975
-1.201809,-0.639975
-1.201609,-0.639975
-1.201409,-0.607977
-1.201209,-0.607977
-1.201009,-0.639975
-1.200809,-0.639975
-1.200609,-0.639975
-1.200409,-0.607977
-1.200209,-0.639975
-1.200009,-0.607977
-1.199809,-0.575978
-1.199609,-0.607977
-1.199409,-0.671974
-1.199209,-0.639975
-1.199009,-0.607977
-1.198809,-0.575978
-1.198609,-0.639975
-1.198409,-0.575978
-1.198209,-0.607977
-1.198009,-0.543979
-1.197809,-0.607977
-1.197609,-0.639975
-1.197409,-0.607977
-1.197209,-0.575978
-1.197009,-0.607977
-1.196809,-0.607977
-1.196609,-0.607977
-1.196409,-0.575978
-1.196209,-0.575978
-1.196009,-0.607977
-1.195809,-0.639975
-1.195609,-0.607977
-1.195409,-0.575978
-1.195209,-0.575978
-1.195009,-0.575978
-1.194809,-0.575978
-1.194609,-0.575978
-1.194409,-0.575978
-1.194209,-0.575978
-1.194009,-0.575978
-1.193809,-0.575978
-1.193609,-0.543979
-1.193409,-0.607977
-1.193209,-0.575978
-1.193009,-0.543979
-1.192809,-0.575978
-1.192609,-0.575978
-1.192409,-0.607977
-1.192209,-0.575978
-1.192009,-0.51198
-1.191809,-0.51198
-1.191609,-0.575978
-1.191409,-0.575978
-1.191209,-0.575978
-1.191009,-0.543979
-1.190809,-0.543979
-1.190609,-0.543979
-1.190409,-0.543979
-1.190209,-0.51198
-1.190009,-0.575978
-1.189809,-0.51198
-1.189609,-0.51198
-1.189409,-0.543979
-1.189209,-0.543979
-1.189009,-0.575978
-1.188809,-0.51198
-1.188609,-0.543979
-1.188409,-0.51198
-1.188209,-0.543979
-1.188009,-0.575978
-1.187809,-0.51198
-1.187609,-0.479982
-1.187409,-0.543979
-1.187209,-0.543979
-1.187009,-0.51198
-1.186809,-0.575978
-1.186609,-0.543979
-1.186409,-0.51198
-1.186209,-0.543979
-1.186009,-0.51198
-1.185809,-0.543979
-1.185609,-0.575978
-1.185409,-0.543979
-1.185209,-0.51198
-1.185009,-0.543979
-1.184809,-0.479982
-1.184609,-0.479982
-1.184409,-0.51198
-1.184209,-0.51198
-1.184009,-0.543979
-1.183809,-0.479982
-1.183609,-0.543979
-1.183409,-0.51198
-1.183209,-0.575978
-1.183009,-0.51198
-1.182809,-0.51198
-1.182609,-0.543979
-1.182409,-0.51198
-1.182209,-0.543979
-1.182009,-0.543979
-1.181809,-0.479982
-1.181609,-0.543979
-1.181409,-0.543979
-1.181209,-0.479982
-1.181009,-0.447983
-1.180809,-0.543979
-1.180609,-0.479982
-1.180409,-0.447983
-1.180209,-0.543979
-1.180009,-0.479982
-1.179809,-0.51198
-1.179609,-0.479982
-1.179409,-0.479982
-1.179209,-0.51198
-1.179009,-0.51198
-1.178809,-0.447983
-1.178609,-0.447983
-1.178409,-0.51198
-1.178209,-0.447983
-1.178009,-0.479982
-1.177809,-0.479982
-1.177609,-0.51198
-1.177409,-0.447983
-1.177209,-0.543979
-1.177009,-0.51198
-1.176809,-0.479982
-1.176609,-0.51198
-1.176409,-0.51198
-1.176209,-0.447983
-1.176009,-0.51198
-1.175809,-0.51198
-1.175609,-0.447983
-1.175409,-0.479982
-1.175209,-0.447983
-1.175009,-0.51198
-1.174809,-0.51198
-1.174609,-0.479982
-1.174409,-0.51198
-1.174209,-0.479982
-1.174009,-0.447983
-1.173809,-0.447983
-1.173609,-0.543979
-1.173409,-0.51198
-1.173209,-0.447983
-1.173009,-0.479982
-1.172809,-0.479982
-1.172609,-0.447983
-1.172409,-0.479982
-1.172209,-0.479982
-1.172009,-0.479982
-1.171809,-0.51198
-1.171609,-0.447983
-1.171409,-0.479982
-1.171209,-0.447983
-1.171009,-0.447983
-1.170809,-0.479982
-1.170609,-0.479982
-1.170409,-0.415984
-1.170209,-0.447983
-1.170009,-0.447983
-1.169809,-0.447983
-1.169609,-0.447983
-1.169409,-0.479982
-1.169209,-0.447983
-1.169009,-0.415984
-1.168809,-0.447983
-1.168609,-0.479982
-1.168409,-0.447983
-1.168209,-0.447983
-1.168009,-0.447983
-1.167809,-0.447983
-1.167609,-0.415984
-1.167409,-0.447983
-1.167209,-0.479982
-1.167009,-0.415984
-1.166809,-0.479982
-1.166609,-0.447983
-1.166409,-0.479982
-1.166209,-0.447983
-1.166009,-0.447983
-1.165809,-0.447983
-1.165609,-0.447983
-1.165409,-0.415984
-1.165209,-0.479982
-1.165009,-0.479982
-1.164809,-0.447983
-1.164609,-0.479982
-1.164409,-0.447983
-1.164209,-0.415984
-1.164009,-0.447983
-1.163809,-0.415984
-1.163609,-0.415984
-1.163409,-0.415984
-1.163209,-0.415984
-1.163009,-0.415984
-1.162809,-0.479982
-1.162609,-0.447983
-1.162409,-0.383985
-1.162209,-0.447983
-1.162009,-0.383985
-1.161809,-0.415984
-1.161609,-0.415984
-1.161409,-0.447983
-1.161209,-0.383985
-1.161009,-0.447983
-1.160809,-0.415984
-1.160609,-0.383985
-1.160409,-0.415984
-1.160209,-0.415984
-1.160009,-0.415984
-1.159809,-0.383985
-1.159609,-0.383985
-1.159409,-0.415984
-1.159209,-0.415984
-1.159009,-0.415984
-1.158809,-0.415984
-1.158609,-0.415984
-1.158409,-0.415984
-1.158209,-0.383985
-1.158009,-0.383985
-1.157809,-0.383985
-1.157609,-0.383985
-1.157409,-0.415984
-1.157209,-0.415984
-1.157009,-0.351986
-1.156809,-0.383985
-1.156609,-0.383985
-1.156409,-0.383985
-1.156209,-0.415984
-1.156009,-0.351986
-1.155809,-0.351986
-1.155609,-0.383985
-1.155409,-0.351986
-1.155209,-0.351986
-1.155009,-0.415984
-1.154809,-0.351986
-1.154609,-0.383985
-1.154409,-0.415984
-1.154209,-0.447983
-1.154009,-0.351986
-1.153809,-0.383985
-1.153609,-0.351986
-1.153409,-0.351986
-1.153209,-0.415984
-1.153009,-0.351986
-1.152809,-0.383985
-1.152609,-0.351986
-1.152409,-0.351986
-1.152209,-0.319988
-1.152009,-0.351986
-1.151809,-0.319988
-1.151609,-0.319988
-1.151409,-0.351986
-1.151209,-0.383985
-1.151009,-0.351986
-1.150809,-0.351986
-1.150609,-0.351986
-1.150409,-0.319988
-1.150209,-0.351986
-1.150009,-0.351986
-1.149809,-0.319988
-1.149609,-0.319988
-1.149409,-0.319988
-1.149209,-0.319988
-1.149009,-0.351986
-1.148809,-0.351986
-1.148609,-0.351986
-1.148409,-0.351986
-1.148209,-0.351986
-1.148009,-0.351986
-1.147809,-0.319988
-1.147609,-0.319988
-1.147409,-0.319988
-1.147209,-0.319988
-1.147009,-0.319988
-1.146809,-0.319988
-1.146609,-0.383985
-1.146409,-0.319988
-1.146209,-0.319988
-1.146009,-0.351986
-1.145809,-0.319988
-1.145609,-0.351986
-1.145409,-0.287989
-1.145209,-0.287989
-1.145009,-0.319988
-1.144809,-0.351986
-1.144609,-0.25599
-1.144409,-0.319988
-1.144209,-0.319988
-1.144009,-0.287989
-1.143809,-0.319988
-1.143609,-0.319988
-1.143409,-0.287989
-1.143209,-0.319988
-1.143009,-0.319988
-1.142809,-0.319988
-1.142609,-0.25599
-1.142409,-0.287989
-1.142209,-0.25599
-1.142009,-0.223991
-1.141809,-0.287989
-1.141609,-0.25599
-1.141409,-0.25599
-1.141209,-0.287989
-1.141009,-0.223991
-1.140809,-0.25599
-1.140609,-0.287989
-1.140409,-0.25599
-1.140209,-0.25599
-1.140009,-0.25599
-1.139809,-0.223991
-1.139609,-0.25599
-1.139409,-0.287989
-1.139209,-0.287989
-1.139009,-0.223991
-1.138809,-0.25599
-1.138609,-0.223991
-1.138409,-0.25599
-1.138209,-0.25599
-1.138009,-0.223991
-1.137809,-0.191993
-1.137609,-0.191993
-1.137409,-0.223991
-1.137209,-0.25599
-1.137009,-0.223991
-1.136809,-0.223991
-1.136609,-0.25599
-1.136409,-0.191993
-1.136209,-0.191993
-1.136009,-0.223991
-1.135809,-0.223991
-1.135609,-0.159994
-1.135409,-0.159994
-1.135209,-0.223991
-1.135009,-0.159994
-1.134809,-0.25599
-1.134609,-0.223991
-1.134409,-0.159994
-1.134209,-0.223991
-1.134009,-0.223991
-1.133809,-0.159994
-1.133609,-0.191993
-1.133409,-0.191993
-1.133209,-0.159994
-1.133009,-0.191993
-1.132809,-0.159994
-1.132609,-0.191993
-1.132409,-0.159994
-1.132209,-0.127995
-1.132009,-0.159994
-1.131809,-0.127995
-1.131609,-0.127995
-1.131409,-0.127995
-1.131209,-0.127995
-1.131009,-0.159994
-1.130809,-0.0959963
-1.130609,-0.127995
-1.130409,-0.127995
-1.130209,-0.0959963
-1.130009,-0.127995
-1.129809,-0.127995
-1.129609,-0.127995
-1.129409,-0.127995
-1.129209,-0.127995
-1.129009,-0.127995
-1.128809,-0.127995
-1.128609,-0.127995
-1.128409,-0.0959963
-1.128209,-0.0639975
-1.128009,-0.0959963
-1.127809,-0.0639975
-1.127609,-0.0639975
-1.127409,-0.0959963
-1.127209,-0.0959963
-1.127009,-0.0959963
-1.126809,-0.0639975
-1.126609,-0.0319988
-1.126409,-0.0959963
-1.126209,-0.0639975
-1.126009,0
-1.125809,-0.0959963
-1.125609,-0.0319988
-1.125409,0
-1.125209,-0.0959963
-1.125009,-0.0319988
-1.124809,-0.0319988
-1.124609,-0.0319988
-1.124409,-0.0639975
-1.124209,0
-1.124009,-0.0639975
-1.123809,0
-1.123609,0
-1.123409,-0.0319988
-1.123209,-0.0319988
-1.123009,0
-1.122809,0
-1.122609,-0.0319988
-1.122409,0
-1.122209,0.0639975
-1.122009,0
-1.121809,0.0319988
-1.121609,-0.0319988
-1.121409,0
-1.121209,0.0319988
-1.121009,0
-1.120809,0.0319988
-1.120609,0.0319988
-1.120409,0.0319988
-1.120209,0.0319988
-1.120009,0.0639975
-1.119809,0.0319988
-1.119609,0.0639975
-1.119409,0
-1.119209,0.0639975
-1.119009,0.0319988
-1.118809,0.0639975
-1.118609,0.0639975
-1.118409,0.0959963
-1.118209,0.0319988
-1.118009,0.0639975
-1.117809,0.0319988
-1.117609,0.0959963
-1.117409,0
-1.117209,0.0319988
-1.117009,0.0639975
-1.116809,0.0639975
-1.116609,0.0639975
-1.116409,0.0959963
-1.116209,0.0319988
-1.116009,0.0639975
-1.115809,0.0959963
-1.115609,0.0319988
-1.115409,0.0639975
-1.115209,0.0639975
-1.115009,0.0959963
-1.114809,0.0639975
-1.114609,0.0959963
-1.114409,0.0639975
-1.114209,0.0959963
-1.114009,0.0639975
-1.113809,0.0639975
-1.113609,0.0639975
-1.113409,0.0959963
-1.113209,0.0959963
-1.113009,0.127995
-1.112809,0.0959963
-1.112609,0.0639975
-1.112409,0.0959963
-1.112209,0.0319988
-1.112009,0.0639975
-1.111809,0.0959963
-1.111609,0.0959963
-1.111409,0.0639975
-1.111209,0.0639975
-1.111009,0.0639975
-1.110809,0.0639975
-1.110609,0.0639975
-1.110409,0.0959963
-1.110209,0.0639975
-1.110009,0.0959963
-1.109809,0.0959963
-1.109609,0.0959963
-1.109409,0.0959963
-1.109209,0.0639975
-1.109009,0.0639975
-1.108809,0.0959963
-1.108609,0.0959963
-1.108409,0.0639975
-1.108209,0.0959963
-1.108009,0.0959963
-1.107809,0.0319988
-1.107609,0.127995
-1.107409,0.127995
-1.107209,0.0639975
-1.107009,0.0639975
-1.106809,0.0959963
-1.106609,0.0959963
-1.106409,0.0959963
-1.106209,0.127995
-1.106009,0.0639975
-1.105809,0.127995
-1.105609,0.0639975
-1.105409,0.0959963
-1.105209,0.0959963
-1.105009,0.0639975
-1.104809,0.0639975
-1.104609,0.127995
-1.104409,0.0959963
-1.104209,0.127995
-1.104009,0.0959963
-1.103809,0.0639975
-1.103609,0.0639975
-1.103409,0.127995
-1.103209,0.0959963
-1.103009,0.0639975
-1.102809,0.0639975
-1.102609,0.0639975
-1.102409,0.0959963
-1.102209,0.0959963
-1.102009,0.0959963
-1.101809,0.0639975
-1.101609,0.0959963
-1.101409,0.0959963
-1.101209,0.0319988
-1.101009,0.0959963
-1.100809,0.0959963
-1.100609,0.0639975
-1.100409,0.0959963
-1.100209,0.0959963
-1.100009,0.0959963
-1.099809,0.127995
-1.099609,0.0639975
-1.099409,0.0639975
-1.099209,0.0959963
-1.099009,0.127995
-1.098809,0.0319988
-1.098609,0.0639975
-1.098409,0.0959963
-1.098209,0.0639975
-1.098009,0.127995
-1.097809,0.0959963
-1.097609,0.0639975
-1.097409,0.0959963
-1.097209,0.0959963
-1.097009,0.0959963
-1.096809,0.0959963
-1.096609,0.0639975
-1.096409,0.0639975
-1.096209,0.0959963
-1.096009,0.0959963
-1.095809,0.0639975
-1.095609,0.0959963
-1.095409,0.0639975
-1.095209,0.0639975
-1.095009,0.127995
-1.094809,0.0959963
-1.094609,0.0959963
-1.094409,0.0639975
-1.094209,0.0959963
-1.094009,0.0639975
-1.093809,0.0639975
-1.093609,0.0959963
-1.093409,0.0959963
-1.093209,0.0959963
-1.093009,0.0639975
-1.092809,0.0639975
-1.092609,0.0959963
-1.092409,0.0959963
-1.092209,0.0639975
-1.092009,0.0639975
-1.091809,0.0639975
-1.091609,0.0639975
-1.091409,0.0959963
-1.091209,0.0959963
-1.091009,0.0639975
-1.090809,0.0959963
-1.090609,0.0639975
-1.090409,0.0959963
-1.090209,0.0639975
-1.090009,0.0639975
-1.089809,0.0639975
-1.089609,0.0639975
-1.089409,0.0959963
-1.089209,0.0639975
-1.089009,0.0959963
-1.088809,0.0639975
-1.088609,0.0639975
-1.088409,0.0639975
-1.088209,0.0639975
-1.088009,0.0959963
-1.087809,0.0639975
-1.087609,0.0639975
-1.087409,0
-1.087209,0.0319988
-1.087009,0.0639975
-1.086809,0.0639975
-1.086609,0.0639975
-1.086409,0.0959963
-1.086209,0.0319988
-1.086009,0.0319988
-1.085809,0.0639975
-1.085609,0.0319988
-1.085409,0.0639975
-1.085209,0.0639975
-1.085009,0.0319988
-1.084809,0.0639975
-1.084609,0.0319988
-1.084409,0.0639975
-1.084209,0.0639975
-1.084009,0.0639975
-1.083809,0.0319988
-1.083609,0.0959963
-1.083409,0.0639975
-1.083209,0.0959963
-1.083009,0.0319988
-1.082809,0.0639975
-1.082609,0.0639975
-1.082409,0.0639975
-1.082209,0.0639975
-1.082009,0.0639975
-1.081809,0.0639975
-1.081609,0.0959963
-1.081409,0.0639975
-1.081209,0.0959963
-1.081009,0.0639975
-1.080809,0.0959963
-1.080609,0.127995
-1.080409,0.0959963
-1.080209,0.127995
-1.080009,0.0959963
-1.079809,0.0959963
-1.079609,0.0959963
-1.079409,0.127995
-1.079209,0.0959963
-1.079009,0.127995
-1.078809,0.127995
-1.078609,0.127995
-1.078409,0.0639975
-1.078209,0.127995
-1.078009,0.0959963
-1.077809,0.0959963
-1.077609,0.0959963
-1.077409,0.0959963
-1.077209,0.0959963
-1.077009,0.127995
-1.076809,0.127995
-1.076609,0.0959963
-1.076409,0.159994
-1.076209,0.0959963
-1.076009,0.0959963
-1.075809,0.0639975
-1.075609,0.0639975
-1.075409,0.0639975
-1.075209,0.0959963
-1.075009,0.0959963
-1.074809,0.0959963
-1.074609,0.0959963
-1.074409,0.0639975
-1.074209,0.0639975
-1.074009,0.0959963
-1.073809,0.0639975
-1.073609,0.0959963
-1.073409,0.0639975
-1.073209,0.0639975
-1.073009,0.0639975
-1.072809,0.0639975
-1.072609,0.0959963
-1.072409,0.0319988
-1.072209,0.0639975
-1.072009,0.0959963
-1.071809,0.0959963
-1.071609,0.0959963
-1.071409,0.0959963
-1.071209,0.0639975
-1.071009,0.0639975
-1.070809,0.0639975
-1.070609,0.0319988
-1.070409,0.0639975
-1.070209,0.0639975
-1.070009,0.0639975
-1.069809,0.0959963
-1.069609,0.0639975
-1.069409,0.0959963
-1.069209,0.0639975
-1.069009,0.0959963
-1.068809,0
-1.068609,0.0639975
-1.068409,0.0639975
-1.068209,0.0319988
-1.068009,0.0319988
-1.067809,0.0639975
-1.067609,0.0639975
-1.067409,0.0319988
-1.067209,0.0959963
-1.067009,0.0639975
-1.066809,0.0319988
-1.066609,0.0639975
-1.066409,0.0639975
-1.066209,0.0639975
-1.066009,0.0319988
-1.065809,0.0959963
-1.065609,0.0639975
-1.065409,0.0319988
-1.065209,0.0959963
-1.065009,0.0639975
-1.064809,0.0639975
-1.064609,0.0319988
-1.064409,0.0319988
-1.064209,0.0639975
-1.064009,0
-1.063809,0.0639975
-1.063609,0.0639975
-1.063409,0.0639975
-1.063209,0.0639975
-1.063009,0.0639975
-1.062809,0.0319988
-1.062609,0.0319988
-1.062409,0.0639975
-1.062209,0.0319988
-1.062009,0.0639975
-1.061809,0.0639975
-1.061609,0.0319988
-1.061409,0.0319988
-1.061209,0.0639975
-1.061009,0.0319988
-1.060809,0
-1.060609,0.0639975
-1.060409,0.0319988
-1.060209,0.0639975
-1.060009,0.0319988
-1.059809,0
-1.059609,0.0319988
-1.059409,0.0319988
-1.059209,0.0639975
-1.059009,0.0319988
-1.058809,0.0639975
-1.058609,0
-1.058409,0
-1.058209,0.0639975
-1.058009,0
-1.057809,0
-1.057609,0.0319988
-1.057409,0.0319988
-1.057209,0.0319988
-1.057009,0
-1.056809,0
-1.056609,0.0319988
-1.056409,0.0319988
-1.056209,0.0319988
-1.056009,0
-1.055809,0
-1.055609,0
-1.055409,0
-1.055209,0.0319988
-1.055009,-0.0319988
-1.054809,-0.0319988
-1.054609,0
-1.054409,0.0319988
-1.054209,0
-1.054009,-0.0319988
-1.053809,0
-1.053609,0
-1.053409,0
-1.053209,0.0319988
-1.053009,0
-1.052809,0
-1.052609,-0.0319988
-1.052409,0
-1.052209,0
-1.052009,0
-1.051809,-0.0319988
-1.051609,0
-1.051409,-0.0639975
-1.051209,0
-1.051009,0.0639975
-1.050809,-0.0319988
-1.050609,0
-1.050409,0
-1.050209,-0.0319988
-1.050009,0
-1.049809,0
-1.049609,0
-1.049409,0
-1.049209,0
-1.049009,0
-1.048809,-0.0319988
-1.048609,0
-1.048409,-0.0639975
-1.048209,0
-1.048009,-0.0319988
-1.047809,-0.0639975
-1.047609,0.0319988
-1.047409,0
-1.047209,-0.0639975
-1.047009,0
-1.046809,-0.0319988
-1.046609,-0.0319988
-1.046409,0
-1.046209,0
-1.046009,-0.0319988
-1.045809,-0.0319988
-1.045609,-0.0639975
-1.045409,0
-1.045209,0.0319988
-1.045009,-0.0319988
-1.044809,-0.0319988
-1.044609,0
-1.044409,0
-1.044209,-0.0639975
-1.044009,0
-1.043809,0.0319988
-1.043609,0.0319988
-1.043409,-0.0319988
-1.043209,-0.0319988
-1.043009,0.0319988
-1.042809,0
-1.042609,0.0319988
-1.042409,0
-1.042209,0
-1.042009,0
-1.041809,0
-1.041609,0
-1.041409,0.0319988
-1.041209,-0.0319988
-1.041009,0.0319988
-1.040809,0.0319988
-1.040609,0
-1.040409,0.0319988
-1.040209,0.0319988
-1.040009,0
-1.039809,0.0319988
-1.039609,0
-1.039409,0
-1.039209,-0.0319988
-1.039009,0.0319988
-1.038809,0
-1.038609,0
-1.038409,0.0319988
-1.038209,0
-1.038009,0
-1.037809,0.0319988
-1.037609,0
-1.037409,0
-1.037209,0.0319988
-1.037009,0
-1.036809,-0.0319988
-1.036609,0.0639975
-1.036409,0.0319988
-1.036209,0
-1.036009,0
-1.035809,0
-1.035609,0
-1.035409,0.0319988
-1.035209,0
-1.035009,0
-1.034809,0.0639975
-1.034609,0.0319988
-1.034409,0.0319988
-1.034209,0.0319988
-1.034009,0
-1.033809,0.0319988
-1.033609,0.0639975
-1.033409,0
-1.033209,0.0319988
-1.033009,0.0639975
-1.032809,0
-1.032609,0.0319988
-1.032409,0.0319988
-1.032209,0.0319988
-1.032009,0.0639975
-1.031809,0.0319988
-1.031609,0
-1.031409,0.0639975
-1.031209,0.0319988
-1.031009,0.0319988
-1.030809,0.0639975
-1.030609,0.0319988
-1.030409,0.0319988
-1.030209,0.0639975
-1.030009,0.0639975
-1.029809,0.0639975
-1.029609,0.0639975
-1.029409,0.0319988
-1.029209,-0.0319988
-1.029009,0.0639975
-1.028809,0.0639975
-1.028609,0.0319988
-1.028409,0.0319988
-1.028209,0.0319988
-1.028009,0.0639975
-1.027809,0.0319988
-1.027609,0.0639975
-1.027409,0.0319988
-1.027209,0.0319988
-1.027009,0.0639975
-1.026809,0
-1.026609,0.0639975
-1.026409,0.0319988
-1.026209,0.0639975
-1.026009,0.0319988
-1.025809,0.0959963
-1.025609,0.0639975
-1.025409,0.0639975
-1.025209,0.0639975
-1.025009,0.0319988
-1.024809,0.0639975
-1.024609,0.0639975
-1.024409,0
-1.024209,0.0639975
-1.024009,0.0639975
-1.023809,0.0319988
-1.023609,0.0639975
-1.023409,0.0319988
-1.023209,0.0639975
-1.023009,0.0319988
-1.022809,0.0319988
-1.022609,-0.0319988
-1.022409,0.0319988
-1.022209,0.0639975
-1.022009,0
-1.021809,0.0319988
-1.021609,0.0639975
-1.021409,0
-1.021209,0.0639975
-1.021009,0.0319988
-1.020809,0.0319988
-1.020609,0.0639975
-1.020409,0.0639975
-1.020209,0.0319988
-1.020009,0.0639975
-1.019809,0
-1.019609,0.0319988
-1.019409,0.0319988
-1.019209,0.0639975
-1.019009,0.0319988
-1.018809,0.0319988
-1.018609,0.0319988
-1.018409,0
-1.018209,0.0639975
-1.018009,0.0639975
-1.017809,0.0639975
-1.017609,0.0639975
-1.017409,0.0959963
-1.017209,0.0319988
-1.017009,0.0639975
-1.016809,0.0639975
-1.016609,0.0319988
-1.016409,0.0319988
-1.016209,0.0639975
-1.016009,0.0959963
-1.015809,0.0639975
-1.015609,0.0319988
-1.015409,0.0319988
-1.015209,0.0639975
-1.015009,0.0639975
-1.014809,0.0319988
-1.014609,0.0639975
-1.014409,0.0959963
-1.014209,0.0319988
-1.014009,0.0639975
-1.013809,0.0319988
-1.013609,0.0639975
-1.013409,0.0639975
-1.013209,0.0639975
-1.013009,0
-1.012809,0.0639975
-1.012609,0.0639975
-1.012409,0.0319988
-1.012209,0.0639975
-1.012009,0.0639975
-1.011809,0
-1.011609,0.0319988
-1.011409,0.0639975
-1.011209,0.0319988
-1.011009,0.0639975
-1.010809,0.0639975
-1.010609,0
-1.010409,0.0639975
-1.010209,0.0319988
-1.010009,0.0319988
-1.009809,0.0319988
-1.009609,0
-1.009409,0.0319988
-1.009209,0.0639975
-1.009009,0.0319988
-1.008809,0
-1.008609,0.0639975
-1.008409,0.0639975
-1.008209,-0.0319988
-1.008009,0.0319988
-1.007809,0.0319988
-1.007609,0
-1.007409,0.0319988
-1.007209,0.0319988
-1.007009,0.0319988
-1.006809,0.0319988
-1.006609,0
-1.006409,0.0319988
-1.006209,0.0639975
-1.006009,0.0639975
-1.005809,0
-1.005609,0.0639975
-1.005409,0.0319988
-1.005209,0.0319988
-1.005009,0
-1.004809,0.0639975
-1.004609,0
-1.004409,0.0319988
-1.004209,0.0639975
-1.004009,0.0319988
-1.003809,0.0319988
-1.003609,0.0319988
-1.003409,0.0319988
-1.003209,0.0639975
-1.003009,0.0319988
-1.002809,0.0319988
-1.002609,0.0319988
-1.002409,0.0639975
-1.002209,0
-1.002009,0.0319988
-1.001809,0.0639975
-1.001609,0.0639975
-1.001409,0.0319988
-1.001209,0.0639975
-1.001009,0.0319988
-1.000809,0.0639975
-1.000609,0
-1.000409,0.0319988
-1.000209,0.0319988
-1.000009,0.0639975
-0.99980902,0.0319988
-0.99960902,0.0639975
-0.99940902,0.0639975
-0.99920902,0.0639975
-0.99900902,0.0319988
-0.99880902,0.0639975
-0.99860902,0
-0.99840902,0.0319988
-0.99820902,0.0319988
-0.99800902,0
-0.99780902,0.0319988
-0.99760902,0.0639975
-0.99740902,0
-0.99720902,0.0639975
-0.99700902,0.0639975
-0.99680902,0.0319988
-0.99660902,0.0319988
-0.99640902,0.0639975
-0.99620902,0.0639975
-0.99600902,0.0639975
-0.99580902,0.0639975
-0.99560902,0.0639975
-0.99540902,0.0639975
-0.99520902,0.0639975
-0.99500902,0.0319988
-0.99480902,0.0639975
-0.99460902,0.0639975
-0.99440902,0.0639975
-0.99420902,0.0639975
-0.99400902,0.0639975
-0.99380902,0.0959963
-0.99360902,0.0959963
-0.99340902,0.0639975
-0.99320902,0.0639975
-0.99300902,0.0639975
-0.99280902,0.0639975
-0.99260902,0.0639975
-0.99240902,0.0959963
-0.99220902,0.0959963
-0.99200902,0.0959963
-0.99180902,0.0639975
-0.99160902,0.0959963
-0.99140902,0.0639975
-0.99120902,0.0639975
-0.99100902,0.0639975
-0.99080902,0.0319988
-0.99060902,0.0639975
-0.99040902,0.0639975
-0.99020902,0.0639975
-0.99000902,0.0639975
-0.98980902,0.0639975
-0.98960902,0.0639975
-0.98940902,0.0639975
-0.98920902,0.0959963
-0.98900902,0.0639975
-0.98880902,0.0639975
-0.98860902,0.0639975
-0.98840902,0.0319988
-0.98820902,0.0319988
-0.98800902,0.0959963
-0.98780902,0.0959963
-0.98760902,0.0319988
-0.98740902,0.0639975
-0.98720902,0.0319988
-0.98700902,0.0959963
-0.98680902,0.0639975
-0.98660902,0.0639975
-0.98640902,0.0639975
-0.98620902,0.0959963
-0.98600902,0.0319988
-0.98580902,0.0639975
-0.98560902,0.0319988
-0.98540902,0.0319988
-0.98520902,0.0959963
-0.98500902,0.0639975
-0.98480902,0.0319988
-0.98460902,0.0639975
-0.98440902,0.0639975
-0.98420902,0.0639975
-0.98400902,0.0639975
-0.98380902,0.0959963
-0.98360902,0.127995
-0.98340902,0.0959963
-0.98320902,0.0639975
-0.98300902,0.0959963
-0.98280902,0.0639975
-0.98260902,0.0959963
-0.98240902,0.0319988
-0.98220902,0.127995
-0.98200902,0.0639975
-0.98180902,0.0319988
-0.98160902,0.0639975
-0.98140902,0.0959963
-0.98120902,0.0319988
-0.98100902,0.0639975
-0.98080902,0.0639975
-0.98060902,0.0319988
-0.98040902,0.0959963
-0.98020902,0.0959963
-0.98000902,0.0959963
-0.97980902,0.0959963
-0.97960902,0.127995
-0.97940902,0.0639975
-0.97920902,0.127995
-0.97900902,0.0639975
-0.97880902,0.0959963
-0.97860902,0.0959963
-0.97840902,0.0959963
-0.97820902,0.0959963
-0.97800902,0.0639975
-0.97780902,0.0639975
-0.97760902,0.0639975
-0.97740902,0.0959963
-0.97720902,0.0959963
-0.97700902,0.0639975
-0.97680902,0.0639975
-0.97660902,0.0959963
-0.97640902,0.0639975
-0.97620902,0.0959963
-0.97600902,0.0959963
-0.97580902,0.0639975
-0.97560902,0.127995
-0.97540902,0.0959963
-0.97520902,0.0959963
-0.97500902,0.0639975
-0.97480902,0.0959963
-0.97460902,0.0639975
-0.97440902,0.0639975
-0.97420902,0.0959963
-0.97400902,0.0959963
-0.97380902,0.0959963
-0.97360902,0.0959963
-0.97340902,0.0959963
-0.97320902,0.0959963
-0.97300902,0.0959963
-0.97280902,0.0639975
-0.97260902,0.0959963
-0.97240902,0.0959963
-0.97220902,0.127995
-0.97200902,0.127995
-0.97180902,0.0959963
-0.97160902,0.0639975
-0.97140902,0.0959963
-0.97120902,0.127995
-0.97100902,0.127995
-0.97080902,0.127995
-0.97060902,0.0959963
-0.97040902,0.127995
-0.97020902,0.127995
-0.97000902,0.127995
-0.96980902,0.127995
-0.96960902,0.159994
-0.96940902,0.127995
-0.96920902,0.127995
-0.96900902,0.127995
-0.96880902,0.0959963
-0.96860902,0.127995
-0.96840902,0.127995
-0.96820902,0.127995
-0.96800902,0.127995
-0.96780902,0.127995
-0.96760902,0.0959963
-0.96740902,0.127995
-0.96720902,0.127995
-0.96700902,0.0959963
-0.96680902,0.159994
-0.96660902,0.127995
-0.96640902,0.127995
-0.96620902,0.127995
-0.96600902,0.0959963
-0.96580902,0.0959963
-0.96560902,0.159994
-0.96540902,0.127995
-0.96520902,0.127995
-0.96500902,0.0959963
-0.96480902,0.127995
-0.96460902,0.0959963
-0.96440902,0.0959963
-0.96420902,0.127995
-0.96400902,0.127995
-0.96380902,0.127995
-0.96360902,0.127995
-0.96340902,0.127995
-0.96320902,0.127995
-0.96300902,0.191993
-0.96280902,0.0959963
-0.96260902,0.0959963
-0.96240902,0.0959963
-0.96220902,0.0959963
-0.96200902,0.0959963
-0.96180902,0.127995
-0.96160902,0.0959963
-0.96140902,0.0959963
-0.96120902,0.127995
-0.96100902,0.0959963
-0.96080902,0.127995
-0.96060902,0.127995
-0.96040902,0.127995
-0.96020902,0.0959963
-0.96000902,0.0959963
-0.95980902,0.0959963
-0.95960902,0.127995
-0.95940902,0.127995
-0.95920902,0.0959963
-0.95900902,0.0959963
-0.95880902,0.0959963
-0.95860902,0.127995
-0.95840902,0.0959963
-0.95820902,0.127995
-0.95800902,0.0959963
-0.95780902,0.127995
-0.95760902,0.127995
-0.95740902,0.0959963
-0.95720902,0.127995
-0.95700902,0.0959963
-0.95680902,0.0959963
-0.95660902,0.127995
-0.95640902,0.0959963
-0.95620902,0.0959963
-0.95600902,0.0959963
-0.95580902,0.0959963
-0.95560902,0.0959963
-0.95540902,0.127995
-0.95520902,0.0959963
-0.95500902,0.0959963
-0.95480902,0.0959963
-0.95460902,0.0959963
-0.95440902,0.0959963
-0.95420902,0.0319988
-0.95400902,0.0959963
-0.95380902,0.0639975
-0.95360902,0.0959963
-0.95340902,0.0959963
-0.95320902,0.0959963
-0.95300902,0.0959963
-0.95280902,0.0639975
-0.95260902,0.127995
-0.95240902,0.127995
-0.95220902,0.0639975
-0.95200902,0.0959963
-0.95180902,0.0959963
-0.95160902,0.0959963
-0.95140902,0.0959963
-0.95120902,0.0639975
-0.95100902,0.0959963
-0.95080902,0.0959963
-0.95060902,0.0639975
-0.95040902,0.0639975
-0.95020902,0.0959963
-0.95000902,0.0959963
-0.94980902,0.0959963
-0.94960902,0.0959963
-0.94940902,0.0639975
-0.94920902,0.0959963
-0.94900902,0.0639975
-0.94880902,0.0639975
-0.94860902,0.0959963
-0.94840902,0.0959963
-0.94820902,0.0959963
-0.94800902,0.0319988
-0.94780902,0.0639975
-0.94760902,0.0959963
-0.94740902,0.0959963
-0.94720902,0.0959963
-0.94700902,0.0639975
-0.94680902,0.0639975
-0.94660902,0.0959963
-0.94640902,0.0959963
-0.94620902,0.0959963
-0.94600902,0.0959963
-0.94580902,0.0959963
-0.94560902,0.0639975
-0.94540902,0.0959963
-0.94520902,0.0959963
-0.94500902,0.127995
-0.94480902,0.0959963
-0.94460902,0.0639975
-0.94440902,0.0639975
-0.94420902,0.0959963
-0.94400902,0.0959963
-0.94380902,0.127995
-0.94360902,0.127995
-0.94340902,0.127995
-0.94320902,0.0959963
-0.94300902,0.127995
-0.94280902,0.0959963
-0.94260902,0.0959963
-0.94240902,0.0959963
-0.94220902,0.127995
-0.94200902,0.127995
-0.94180902,0.0959963
-0.94160902,0.0639975
-0.94140902,0.0959963
-0.94120902,0.0959963
-0.94100902,0.0639975
-0.94080902,0.127995
-0.94060902,0.127995
-0.94040902,0.159994
-0.94020902,0.0959963
-0.94000902,0.127995
-0.93980902,0.0959963
-0.93960902,0.127995
-0.93940902,0.0639975
-0.93920902,0.127995
-0.93900902,0.159994
-0.93880902,0.127995
-0.93860902,0.0959963
-0.93840902,0.127995
-0.93820902,0.0959963
-0.93800902,0.0959963
-0.93780902,0.127995
-0.93760902,0.127995
-0.93740902,0.0959963
-0.93720902,0.127995
-0.93700902,0.0959963
-0.93680902,0.127995
-0.93660902,0.127995
-0.93640902,0.127995
-0.93620902,0.159994
-0.93600902,0.127995
-0.93580902,0.127995
-0.93560902,0.127995
-0.93540902,0.127995
-0.93520902,0.127995
-0.93500902,0.127995
-0.93480902,0.159994
-0.93460902,0.127995
-0.93440902,0.127995
-0.93420902,0.127995
-0.93400902,0.127995
-0.93380902,0.0959963
-0.93360902,0.159994
-0.93340902,0.127995
-0.93320902,0.159994
-0.93300902,0.127995
-0.93280902,0.0959963
-0.93260902,0.159994
-0.93240902,0.127995
-0.93220902,0.127995
-0.93200902,0.159994
-0.93180902,0.159994
-0.93160902,0.127995
-0.93140902,0.127995
-0.93120902,0.127995
-0.93100902,0.159994
-0.93080902,0.127995
-0.93060902,0.159994
-0.93040902,0.127995
-0.93020902,0.127995
-0.93000902,0.191993
-0.92980902,0.191993
-0.92960902,0.159994
-0.92940902,0.127995
-0.92920902,0.0959963
-0.92900902,0.127995
-0.92880902,0.159994
-0.92860902,0.127995
-0.92840902,0.127995
-0.92820902,0.127995
-0.92800902,0.127995
-0.92780902,0.0959963
-0.92760902,0.159994
-0.92740902,0.0959963
-0.92720902,0.191993
-0.92700902,0.0959963
-0.92680902,0.127995
-0.92660902,0.127995
-0.92640902,0.0959963
-0.92620902,0.159994
-0.92600902,0.127995
-0.92580902,0.159994
-0.92560902,0.127995
-0.92540902,0.127995
-0.92520902,0.127995
-0.92500902,0.127995
-0.92480902,0.127995
-0.92460902,0.127995
-0.92440902,0.159994
-0.92420902,0.159994
-0.92400902,0.0959963
-0.92380902,0.127995
-0.92360902,0.127995
-0.92340902,0.127995
-0.92320902,0.159994
-0.92300902,0.0959963
-0.92280902,0.0959963
-0.92260902,0.0639975
-0.92240902,0.127995
-0.92220902,0.127995
-0.92200902,0.127995
-0.92180902,0.0959963
-0.92160902,0.159994
-0.92140902,0.127995
-0.92120902,0.0959963
-0.92100902,0.127995
-0.92080902,0.127995
-0.92060902,0.0959963
-0.92040902,0.127995
-0.92020902,0.0959963
-0.92000902,0.0639975
-0.91980902,0.127995
-0.91960902,0.127995
-0.91940902,0.127995
-0.91920902,0.127995
-0.91900902,0.127995
-0.91880902,0.127995
-0.91860902,0.159994
-0.91840902,0.159994
-0.91820902,0.159994
-0.91800902,0.127995
-0.91780902,0.127995
-0.91760902,0.127995
-0.91740902,0.127995
-0.91720902,0.0959963
-0.91700902,0.127995
-0.91680902,0.127995
-0.91660902,0.0959963
-0.91640902,0.127995
-0.91620902,0.127995
-0.91600902,0.127995
-0.91580902,0.127995
-0.91560902,0.127995
-0.91540902,0.127995
-0.91520902,0.191993
-0.91500902,0.0959963
-0.91480902,0.0959963
-0.91460902,0.127995
-0.91440902,0.159994
-0.91420902,0.127995
-0.91400902,0.159994
-0.91380902,0.0959963
-0.91360902,0.127995
-0.91340902,0.159994
-0.91320902,0.127995
-0.91300902,0.127995
-0.91280902,0.127995
-0.91260902,0.0959963
-0.91240902,0.0959963
-0.91220902,0.127995
-0.91200902,0.159994
-0.91180902,0.0639975
-0.91160902,0.0959963
-0.91140902,0.127995
-0.91120902,0.127995
-0.91100902,0.159994
-0.91080902,0.127995
-0.91060902,0.127995
-0.91040902,0.159994
-0.91020902,0.127995
-0.91000902,0.0959963
-0.90980902,0.127995
-0.90960902,0.127995
-0.90940902,0.127995
-0.90920902,0.127995
-0.90900902,0.127995
-0.90880902,0.127995
-0.90860902,0.127995
-0.90840902,0.127995
-0.90820902,0.127995
-0.90800902,0.0959963
-0.90780902,0.127995
-0.90760902,0.127995
-0.90740902,0.127995
-0.90720902,0.159994
-0.90700902,0.0959963
-0.90680902,0.127995
-0.90660902,0.0959963
-0.90640902,0.127995
-0.90620902,0.0959963
-0.90600902,0.127995
-0.90580902,0.127995
-0.90560902,0.127995
-0.90540902,0.0959963
-0.90520902,0.0959963
-0.90500902,0.0959963
-0.90480902,0.0959963
-0.90460902,0.127995
-0.90440902,0.0959963
-0.90420902,0.127995
-0.90400902,0.0959963
-0.90380902,0.159994
-0.90360902,0.127995
-0.90340902,0.127995
-0.90320902,0.0959963
-0.90300902,0.127995
-0.90280902,0.0959963
-0.90260902,0.0959963
-0.90240902,0.0639975
-0.90220902,0.0959963
-0.90200902,0.127995
-0.90180902,0.0959963
-0.90160902,0.0959963
-0.90140902,0.127995
-0.90120902,0.0959963
-0.90100902,0.0639975
-0.90080902,0.0959963
-0.90060902,0.127995
-0.90040902,0.0959963
-0.90020902,0.0959963
-0.90000902,0.0639975
-0.89980902,0.0959963
-0.89960902,0.0959963
-0.89940902,0.0959963
-0.89920902,0.127995
-0.89900902,0.0959963
-0.89880902,0.0959963
-0.89860902,0.0959963
-0.89840902,0.0639975
-0.89820902,0.0959963
-0.89800902,0.127995
-0.89780902,0.0959963
-0.89760902,0.0959963
-0.89740902,0.127995
-0.89720902,0.0959963
-0.89700902,0.0639975
-0.89680902,0.127995
-0.89660902,0.127995
-0.89640902,0.127995
-0.89620902,0.0959963
-0.89600902,0.0639975
-0.89580902,0.0959963
-0.89560902,0.0959963
-0.89540902,0.0639975
-0.89520902,0.127995
-0.89500902,0.127995
-0.89480902,0.0959963
-0.89460902,0.0959963
-0.89440902,0.0639975
-0.89420902,0.0959963
-0.89400902,0.127995
-0.89380902,0.127995
-0.89360902,0.127995
-0.89340902,0.127995
-0.89320902,0.0959963
-0.89300902,0.127995
-0.89280902,0.0959963
-0.89260902,0.127995
-0.89240902,0.127995
-0.89220902,0.127995
-0.89200902,0.159994
-0.89180902,0.127995
-0.89160902,0.0959963
-0.89140902,0.0959963
-0.89120902,0.127995
-0.89100902,0.127995
-0.89080902,0.0959963
-0.89060902,0.0959963
-0.89040902,0.0959963
-0.89020902,0.0959963
-0.89000902,0.0959963
-0.88980902,0.0959963
-0.88960902,0.0959963
-0.88940902,0.127995
-0.88920902,0.127995
-0.88900902,0.127995
-0.88880902,0.127995
-0.88860902,0.0639975
-0.88840902,0.127995
-0.88820902,0.0639975
-0.88800902,0.127995
-0.88780902,0.0959963
-0.88760902,0.0639975
-0.88740902,0.0959963
-0.88720902,0.0959963
-0.88700902,0.0639975
-0.88680902,0.0639975
-0.88660902,0.0959963
-0.88640902,0.0319988
-0.88620902,0.127995
-0.88600902,0.0959963
-0.88580902,0.0959963
-0.88560902,0.0959963
-0.88540902,0.0639975
-0.88520902,0.0959963
-0.88500902,0.0959963
-0.88480902,0.0959963
-0.88460902,0.0639975
-0.88440902,0.0959963
-0.88420902,0.0959963
-0.88400902,0.0959963
-0.88380902,0.0959963
-0.88360902,0.0639975
-0.88340902,0.0959963
-0.88320902,0.0959963
-0.88300902,0.0959963
-0.88280902,0.0639975
-0.88260902,0.0959963
-0.88240902,0.0639975
-0.88220902,0.0959963
-0.88200902,0.159994
-0.88180902,0.0639975
-0.88160902,0.0959963
-0.88140902,0.0959963
-0.88120902,0.0959963
-0.88100902,0.127995
-0.88080902,0.0959963
-0.88060902,0.0639975
-0.88040902,0.127995
-0.88020902,0.0639975
-0.88000902,0.0639975
-0.87980902,0.0639975
-0.87960902,0.0639975
-0.87940902,0.0639975
-0.87920902,0.0959963
-0.87900902,0.0639975
-0.87880902,0.0639975
-0.87860902,0.0639975
-0.87840902,0.0959963
-0.87820902,0.0319988
-0.87800902,0.0639975
-0.87780902,0.0639975
-0.87760902,0.0959963
-0.87740902,0.0639975
-0.87720902,0.0959963
-0.87700902,0.0639975
-0.87680902,0.0639975
-0.87660902,0.0639975
-0.87640902,0.0959963
-0.87620902,0.0319988
-0.87600902,0.0639975
-0.87580902,0.0639975
-0.87560902,0.0639975
-0.87540902,0.0319988
-0.87520902,0.0639975
-0.87500902,0
-0.87480902,0.0639975
-0.87460902,0.0959963
-0.87440902,0.0639975
-0.87420902,0.0639975
-0.87400902,0.0639975
-0.87380902,0.0639975
-0.87360902,0.0639975
-0.87340902,0.0319988
-0.87320902,0
-0.87300902,0.0319988
-0.87280902,0.0319988
-0.87260902,0.0639975
-0.87240902,0.0319988
-0.87220902,0.0319988
-0.87200902,0.0319988
-0.87180902,0.0319988
-0.87160902,0.0639975
-0.87140902,0.0319988
-0.87120902,0.0319988
-0.87100902,0.0319988
-0.87080902,0
-0.87060902,0.0639975
-0.87040902,0
-0.87020902,0.0319988
-0.87000902,0
-0.86980902,0.0639975
-0.86960902,0.0319988
-0.86940902,0.0639975
-0.86920902,0.0319988
-0.86900902,-0.0319988
-0.86880902,0.0319988
-0.86860902,0
-0.86840902,0.0319988
-0.86820902,0.0639975
-0.86800902,0.0319988
-0.86780902,0
-0.86760902,0.0319988
-0.86740902,0.0639975
-0.86720902,0
-0.86700902,0
-0.86680902,0.0319988
-0.86660902,0.0639975
-0.86640902,0.0319988
-0.86620902,0.0319988
-0.86600902,0
-0.86580902,0.0319988
-0.86560902,0.0319988
-0.86540902,0.0639975
-0.86520902,0
-0.86500902,0
-0.86480902,0
-0.86460902,0
-0.86440902,0
-0.86420902,-0.0319988
-0.86400902,0
-0.86380902,0
-0.86360902,0
-0.86340902,0.0319988
-0.86320902,0
-0.86300902,-0.0319988
-0.86280902,-0.0319988
-0.86260902,-0.0319988
-0.86240902,-0.0959963
-0.86220902,-0.0319988
-0.86200902,-0.0319988
-0.86180902,-0.0639975
-0.86160902,-0.0319988
-0.86140902,0
-0.86120902,-0.0639975
-0.86100902,-0.0319988
-0.86080902,-0.0319988
-0.86060902,-0.0639975
-0.86040902,-0.0319988
-0.86020902,0
-0.86000902,-0.0959963
-0.85980902,-0.0639975
-0.85960902,-0.0319988
-0.85940902,-0.0319988
-0.85920902,-0.0319988
-0.85900902,-0.0319988
-0.85880902,-0.0319988
-0.85860902,-0.0319988
-0.85840902,-0.0319988
-0.85820902,-0.0959963
-0.85800902,-0.0639975
-0.85780902,-0.0639975
-0.85760902,-0.0639975
-0.85740902,-0.0639975
-0.85720902,-0.0639975
-0.85700902,-0.0639975
-0.85680902,-0.0639975
-0.85660902,-0.0319988
-0.85640902,-0.0639975
-0.85620902,-0.0959963
-0.85600902,-0.0319988
-0.85580902,-0.0639975
-0.85560902,-0.0639975
-0.85540902,-0.0959963
-0.85520902,-0.0959963
-0.85500902,-0.0639975
-0.85480902,-0.0319988
-0.85460902,-0.0959963
-0.85440902,-0.0319988
-0.85420902,-0.0319988
-0.85400902,-0.0959963
-0.85380902,-0.0639975
-0.85360902,-0.0639975
-0.85340902,-0.0959963
-0.85320902,-0.0639975
-0.85300902,-0.0639975
-0.85280902,-0.0639975
-0.85260902,-0.0639975
-0.85240902,-0.0319988
-0.85220902,-0.0959963
-0.85200902,-0.0639975
-0.85180902,-0.0319988
-0.85160902,-0.0639975
-0.85140902,-0.0639975
-0.85120902,-0.0639975
-0.85100902,-0.0639975
-0.85080902,-0.0639975
-0.85060902,-0.0639975
-0.85040902,-0.0639975
-0.85020902,-0.0959963
-0.85000902,-0.0639975
-0.84980902,-0.127995
-0.84960902,-0.0639975
-0.84940902,-0.0639975
-0.84920902,-0.0959963
-0.84900902,-0.0959963
-0.84880902,-0.0639975
-0.84860902,-0.0639975
-0.84840902,-0.0319988
-0.84820902,-0.0639975
-0.84800902,-0.127995
-0.84780902,-0.0639975
-0.84760902,-0.0639975
-0.84740902,-0.0959963
-0.84720902,-0.0959963
-0.84700902,-0.0639975
-0.84680902,-0.0959963
-0.84660902,-0.0639975
-0.84640902,-0.0319988
-0.84620902,-0.0959963
-0.84600902,-0.0959963
-0.84580902,-0.0959963
-0.84560902,-0.0639975
-0.84540902,-0.0959963
-0.84520902,-0.0639975
-0.84500902,-0.0959963
-0.84480902,-0.0639975
-0.84460902,-0.0639975
-0.84440902,-0.0959963
-0.84420902,-0.0639975
-0.84400902,-0.0639975
-0.84380902,-0.0959963
-0.84360902,-0.0959963
-0.84340902,-0.127995
-0.84320902,-0.0639975
-0.84300902,-0.0639975
-0.84280902,-0.127995
-0.84260902,-0.127995
-0.84240902,-0.0319988
-0.84220902,-0.0639975
-0.84200902,-0.0959963
-0.84180902,-0.0639975
-0.84160902,-0.0639975
-0.84140902,-0.127995
-0.84120902,-0.0959963
-0.84100902,-0.0959963
-0.84080902,-0.127995
-0.84060902,-0.0959963
-0.84040902,-0.0959963
-0.84020902,-0.0959963
-0.84000902,-0.0639975
-0.83980902,-0.0959963
-0.83960902,-0.0959963
-0.83940902,-0.0639975
-0.83920902,-0.0959963
-0.83900902,-0.159994
-0.83880902,-0.0959963
-0.83860902,-0.0639975
-0.83840902,-0.0959963
-0.83820902,-0.127995
-0.83800902,-0.0639975
-0.83780902,-0.0959963
-0.83760902,-0.0319988
-0.83740902,-0.0959963
-0.83720902,-0.0639975
-0.83700902,-0.127995
-0.83680902,-0.0639975
-0.83660902,-0.127995
-0.83640902,-0.0959963
-0.83620902,-0.0959963
-0.83600902,-0.0959963
-0.83580902,-0.0639975
-0.83560902,-0.0959963
-0.83540902,-0.0959963
-0.83520902,-0.0639975
-0.83500902,-0.0959963
-0.83480902,-0.0959963
-0.83460902,-0.0319988
-0.83440902,-0.0319988
-0.83420902,-0.0959963
-0.83400902,-0.0959963
-0.83380902,-0.0639975
-0.83360902,-0.0639975
-0.83340902,-0.0639975
-0.83320902,-0.0319988
-0.83300902,-0.0959963
-0.83280902,-0.0639975
-0.83260902,-0.0319988
-0.83240902,-0.0639975
-0.83220902,-0.0319988
-0.83200902,-0.0639975
-0.83180902,-0.0639975
-0.83160902,-0.0319988
-0.83140902,-0.0319988
-0.83120902,-0.0639975
-0.83100902,-0.0639975
-0.83080902,-0.0639975
-0.83060902,-0.0959963
-0.83040902,-0.0319988
-0.83020902,0
-0.83000902,-0.0639975
-0.82980902,-0.0639975
-0.82960902,-0.0639975
-0.82940902,-0.0319988
-0.82920902,-0.0639975
-0.82900902,-0.0319988
-0.82880902,-0.0959963
-0.82860902,0
-0.82840902,0
-0.82820902,-0.0639975
-0.82800902,-0.0319988
-0.82780902,-0.0319988
-0.82760902,0
-0.82740902,-0.0639975
-0.82720902,-0.0319988
-0.82700902,-0.0639975
-0.82680902,0
-0.82660902,0
-0.82640902,-0.0639975
-0.82620902,0
-0.82600902,-0.0319988
-0.82580902,-0.0319988
-0.82560902,-0.0319988
-0.82540902,-0.0319988
-0.82520902,-0.0319988
-0.82500902,-0.0319988
-0.82480902,-0.0319988
-0.82460902,-0.0319988
-0.82440902,0
-0.82420902,-0.0319988
-0.82400902,-0.0319988
-0.82380902,0
-0.82360902,0
-0.82340902,0
-0.82320902,0
-0.82300902,-0.0319988
-0.82280902,-0.0639975
-0.82260902,-0.0319988
-0.82240902,0
-0.82220902,-0.0639975
-0.82200902,-0.0319988
-0.82180902,-0.0639975
-0.82160902,-0.0319988
-0.82140902,0
-0.82120902,0
-0.82100902,0
-0.82080902,-0.0319988
-0.82060902,0
-0.82040902,-0.0319988
-0.82020902,0.0319988
-0.82000902,0
-0.81980902,0
-0.81960902,0.0319988
-0.81940902,0.0319988
-0.81920902,0
-0.81900902,0
-0.81880902,0.0319988
-0.81860902,-0.0639975
-0.81840902,0
-0.81820902,0.0319988
-0.81800902,0
-0.81780902,0
-0.81760902,0.0639975
-0.81740902,0
-0.81720902,0.0319988
-0.81700902,0
-0.81680902,0
-0.81660902,0.0319988
-0.81640902,0
-0.81620902,0.0319988
-0.81600902,0
-0.81580902,0.0319988
-0.81560902,0
-0.81540902,0.0639975
-0.81520902,0.0319988
-0.81500902,0
-0.81480902,0.0319988
-0.81460902,0
-0.81440902,0.0319988
-0.81420902,0.0319988
-0.81400902,0.0319988
-0.81380902,0.0639975
-0.81360902,0.0319988
-0.81340902,0.0639975
-0.81320902,0
-0.81300902,0.0639975
-0.81280902,0.0639975
-0.81260902,0.0319988
-0.81240902,0.0639975
-0.81220902,0.0319988
-0.81200902,0.0639975
-0.81180902,0.0639975
-0.81160902,0.0639975
-0.81140902,0.0639975
-0.81120902,0.0639975
-0.81100902,0.0639975
-0.81080902,0
-0.81060902,0.0639975
-0.81040902,0.0959963
-0.81020902,0.0319988
-0.81000902,0.0639975
-0.80980902,0.0639975
-0.80960902,0.0639975
-0.80940902,0.0639975
-0.80920902,0.0319988
-0.80900902,0.0639975
-0.80880902,0.0639975
-0.80860902,0.0639975
-0.80840902,0.0319988
-0.80820902,0.0639975
-0.80800902,0.0959963
-0.80780902,0.0319988
-0.80760902,0.0639975
-0.80740902,0.0639975
-0.80720902,0.0319988
-0.80700902,0.0639975
-0.80680902,0.0639975
-0.80660902,0.0319988
-0.80640902,0.0319988
-0.80620902,0.0639975
-0.80600902,0.0319988
-0.80580902,0.0639975
-0.80560902,0.0959963
-0.80540902,0.0639975
-0.80520902,0.0639975
-0.80500902,0.0639975
-0.80480902,0.0319988
-0.80460902,0.0639975
-0.80440902,0.0639975
-0.80420902,0.0639975
-0.80400902,0.0959963
-0.80380902,0.0639975
-0.80360902,0.127995
-0.80340902,0.0639975
-0.80320902,0.0639975
-0.80300902,0.0639975
-0.80280902,0.0959963
-0.80260902,0.0639975
-0.80240902,0.0639975
-0.80220902,0.0639975
-0.80200902,0.0639975
-0.80180902,0.0639975
-0.80160902,0.0639975
-0.80140902,0.0639975
-0.80120902,0.0639975
-0.80100902,0.0639975
-0.80080902,0.0639975
-0.80060902,0.0639975
-0.80040902,0.0639975
-0.80020902,0.0639975
-0.80000902,0.0319988
-0.79980902,0.0959963
-0.79960902,0.0639975
-0.79940902,0.0639975
-0.79920902,0.0639975
-0.79900902,0.0959963
-0.79880902,0.0639975
-0.79860902,0.0639975
-0.79840902,0.0959963
-0.79820902,0.0639975
-0.79800902,0.0639975
-0.79780902,0.0639975
-0.79760902,0.0639975
-0.79740902,0.0639975
-0.79720902,0.0639975
-0.79700902,0.0319988
-0.79680902,0.0639975
-0.79660902,0.0319988
-0.79640902,0.0319988
-0.79620902,0.0319988
-0.79600902,0.0639975
-0.79580902,0.0319988
-0.79560902,0.0959963
-0.79540902,0.0639975
-0.79520902,0.0319988
-0.79500902,0.0959963
-0.79480902,0.0639975
-0.79460902,0.0319988
-0.79440902,0.0959963
-0.79420902,0.0639975
-0.79400902,0
-0.79380902,0.0639975
-0.79360902,0.0639975
-0.79340902,0
-0.79320902,0.0639975
-0.79300902,0.0319988
-0.79280902,0.0319988
-0.79260902,0.0959963
-0.79240902,0.0639975
-0.79220902,0.0319988
-0.79200902,0.0639975
-0.79180902,0
-0.79160902,0
-0.79140902,0.0319988
-0.79120902,0.0639975
-0.79100902,0.0319988
-0.79080902,0.0319988
-0.79060902,0.0639975
-0.79040902,-0.0319988
-0.79020902,0.0319988
-0.79000902,0.0319988
-0.78980902,0
-0.78960902,0.0319988
-0.78940902,0.0319988
-0.78920902,0
-0.78900902,0.0319988
-0.78880902,0.0319988
-0.78860902,0.0639975
-0.78840902,0.0319988
-0.78820902,0.0319988
-0.78800902,0.0639975
-0.78780902,0.0319988
-0.78760902,0.0319988
-0.78740902,0
-0.78720902,0
-0.78700902,0.0319988
-0.78680902,0
-0.78660902,0.0319988
-0.78640902,0.0319988
-0.78620902,0
-0.78600902,0.0319988
-0.78580902,-0.0319988
-0.78560902,0
-0.78540902,0
-0.78520902,0.0319988
-0.78500902,-0.0319988
-0.78480902,0
-0.78460902,0.0319988
-0.78440902,-0.0319988
-0.78420902,0.0319988
-0.78400902,0
-0.78380902,0
-0.78360902,0
-0.78340902,0.0319988
-0.78320902,0
-0.78300902,0
-0.78280902,0
-0.78260902,0
-0.78240902,0
-0.78220902,-0.0319988
-0.78200902,-0.0319988
-0.78180902,0
-0.78160902,0
-0.78140902,-0.0639975
-0.78120902,-0.0319988
-0.78100902,0
-0.78080902,-0.0639975
-0.78060902,-0.0319988
-0.78040902,0.0319988
-0.78020902,-0.0639975
-0.78000902,0
-0.77980902,-0.0319988
-0.77960902,-0.0639975
-0.77940902,-0.0319988
-0.77920902,0
-0.77900902,-0.0639975
-0.77880902,-0.0319988
-0.77860902,-0.0319988
-0.77840902,-0.0319988
-0.77820902,-0.0639975
-0.77800902,-0.0319988
-0.77780902,-0.0319988
-0.77760902,0
-0.77740902,-0.0639975
-0.77720902,-0.0639975
-0.77700902,-0.0639975
-0.77680902,-0.0959963
-0.77660902,-0.0639975
-0.77640902,-0.0319988
-0.77620902,-0.0639975
-0.77600902,-0.0959963
-0.77580902,-0.0319988
-0.77560902,-0.0639975
-0.77540902,-0.0959963
-0.77520902,-0.0639975
-0.77500902,-0.0639975
-0.77480902,-0.0959963
-0.77460902,-0.0639975
-0.77440902,-0.0639975
-0.77420902,-0.0959963
-0.77400902,-0.0319988
-0.77380902,-0.0959963
-0.77360902,-0.127995
-0.77340902,-0.0639975
-0.77320902,-0.0639975
-0.77300902,-0.127995
-0.77280902,-0.0639975
-0.77260902,-0.0639975
-0.77240902,-0.0959963
-0.77220902,-0.0639975
-0.77200902,-0.0639975
-0.77180902,-0.127995
-0.77160902,-0.0639975
-0.77140902,-0.0639975
-0.77120902,-0.0959963
-0.77100902,-0.0959963
-0.77080902,-0.0639975
-0.77060902,-0.0959963
-0.77040902,-0.0959963
-0.77020902,-0.0959963
-0.77000902,-0.0959963
-0.76980902,-0.0959963
-0.76960902,-0.127995
-0.76940902,-0.159994
-0.76920902,-0.0959963
-0.76900902,-0.0639975
-0.76880902,-0.127995
-0.76860902,-0.0959963
-0.76840902,-0.127995
-0.76820902,-0.159994
-0.76800902,-0.127995
-0.76780902,-0.127995
-0.76760902,-0.0959963
-0.76740902,-0.159994
-0.76720902,-0.0959963
-0.76700902,-0.159994
-0.76680902,-0.127995
-0.76660902,-0.0959963
-0.76640902,-0.127995
-0.76620902,-0.127995
-0.76600902,-0.159994
-0.76580902,-0.0959963
-0.76560902,-0.127995
-0.76540902,-0.127995
-0.76520902,-0.159994
-0.76500902,-0.159994
-0.76480902,-0.127995
-0.76460902,-0.159994
-0.76440902,-0.0959963
-0.76420902,-0.0959963
-0.76400902,-0.159994
-0.76380902,-0.159994
-0.76360902,-0.159994
-0.76340902,-0.159994
-0.76320902,-0.127995
-0.76300902,-0.159994
-0.76280902,-0.159994
-0.76260902,-0.191993
-0.76240902,-0.0959963
-0.76220902,-0.191993
-0.76200902,-0.159994
-0.76180902,-0.159994
-0.76160902,-0.223991
-0.76140902,-0.159994
-0.76120902,-0.191993
-0.76100902,-0.191993
-0.76080902,-0.159994
-0.76060902,-0.191993
-0.76040902,-0.191993
-0.76020902,-0.159994
-0.76000902,-0.127995
-0.75980902,-0.191993
-0.75960902,-0.223991
-0.75940902,-0.191993
-0.75920902,-0.25599
-0.75900902,-0.159994
-0.75880902,-0.159994
-0.75860902,-0.223991
-0.75840902,-0.191993
-0.75820902,-0.191993
-0.75800902,-0.223991
-0.75780902,-0.159994
-0.75760902,-0.159994
-0.75740902,-0.191993
-0.75720902,-0.223991
-0.75700902,-0.191993
-0.75680902,-0.191993
-0.75660902,-0.191993
-0.75640902,-0.191993
-0.75620902,-0.191993
-0.75600902,-0.25599
-0.75580902,-0.191993
-0.75560902,-0.191993
-0.75540902,-0.223991
-0.75520902,-0.191993
-0.75500902,-0.159994
-0.75480902,-0.159994
-0.75460902,-0.223991
-0.75440902,-0.191993
-0.75420902,-0.191993
-0.75400902,-0.159994
-0.75380902,-0.223991
-0.75360902,-0.25599
-0.75340902,-0.191993
-0.75320902,-0.191993
-0.75300902,-0.25599
-0.75280902,-0.223991
-0.75260902,-0.223991
-0.75240902,-0.223991
-0.75220902,-0.159994
-0.75200902,-0.25599
-0.75180902,-0.223991
-0.75160902,-0.191993
-0.75140902,-0.25599
-0.75120902,-0.25599
-0.75100902,-0.223991
-0.75080902,-0.287989
-0.75060902,-0.223991
-0.75040902,-0.223991
-0.75020902,-0.25599
-0.75000902,-0.25599
-0.74980902,-0.191993
-0.74960902,-0.223991
-0.74940902,-0.25599
-0.74920902,-0.25599
-0.74900902,-0.25599
-0.74880902,-0.25599
-0.74860902,-0.223991
-0.74840902,-0.25599
-0.74820902,-0.319988
-0.74800902,-0.223991
-0.74780902,-0.287989
-0.74760902,-0.287989
-0.74740902,-0.25599
-0.74720902,-0.25599
-0.74700902,-0.319988
-0.74680902,-0.25599
-0.74660902,-0.287989
-0.74640902,-0.287989
-0.74620902,-0.287989
-0.74600902,-0.287989
-0.74580902,-0.287989
-0.74560902,-0.319988
-0.74540902,-0.25599
-0.74520902,-0.287989
-0.74500902,-0.319988
-0.74480902,-0.25599
-0.74460902,-0.287989
-0.74440902,-0.287989
-0.74420902,-0.287989
-0.74400902,-0.287989
-0.74380902,-0.287989
-0.74360902,-0.287989
-0.74340902,-0.287989
-0.74320902,-0.319988
-0.74300902,-0.319988
-0.74280902,-0.25599
-0.74260902,-0.25599
-0.74240902,-0.319988
-0.74220902,-0.287989
-0.74200902,-0.319988
-0.74180902,-0.287989
-0.74160902,-0.319988
-0.74140902,-0.287989
-0.74120902,-0.287989
-0.74100902,-0.319988
-0.74080902,-0.287989
-0.74060902,-0.287989
-0.74040902,-0.319988
-0.74020902,-0.351986
-0.74000902,-0.319988
-0.73980902,-0.319988
-0.73960902,-0.351986
-0.73940902,-0.351986
-0.73920902,-0.319988
-0.73900902,-0.319988
-0.73880902,-0.319988
-0.73860902,-0.319988
-0.73840902,-0.319988
-0.73820902,-0.319988
-0.73800902,-0.383985
-0.73780902,-0.319988
-0.73760902,-0.319988
-0.73740902,-0.319988
-0.73720902,-0.351986
-0.73700902,-0.319988
-0.73680902,-0.319988
-0.73660902,-0.351986
-0.73640902,-0.319988
-0.73620902,-0.415984
-0.73600902,-0.351986
-0.73580902,-0.351986
-0.73560902,-0.351986
-0.73540902,-0.383985
-0.73520902,-0.351986
-0.73500902,-0.351986
-0.73480902,-0.383985
-0.73460902,-0.383985
-0.73440902,-0.383985
-0.73420902,-0.383985
-0.73400902,-0.351986
-0.73380902,-0.383985
-0.73360902,-0.383985
-0.73340902,-0.383985
-0.73320902,-0.383985
-0.73300902,-0.383985
-0.73280902,-0.383985
-0.73260902,-0.383985
-0.73240902,-0.383985
-0.73220902,-0.383985
-0.73200902,-0.351986
-0.73180902,-0.415984
-0.73160902,-0.383985
-0.73140902,-0.383985
-0.73120902,-0.383985
-0.73100902,-0.383985
-0.73080902,-0.383985
-0.73060902,-0.383985
-0.73040902,-0.383985
-0.73020902,-0.415984
-0.73000902,-0.383985
-0.72980902,-0.415984
-0.72960902,-0.447983
-0.72940902,-0.383985
-0.72920902,-0.351986
-0.72900902,-0.447983
-0.72880902,-0.383985
-0.72860902,-0.383985
-0.72840902,-0.447983
-0.72820902,-0.415984
-0.72800902,-0.415984
-0.72780902,-0.415984
-0.72760902,-0.447983
-0.72740902,-0.415984
-0.72720902,-0.415984
-0.72700902,-0.415984
-0.72680902,-0.447983
-0.72660902,-0.447983
-0.72640902,-0.415984
-0.72620902,-0.415984
-0.72600902,-0.479982
-0.72580902,-0.447983
-0.72560902,-0.415984
-0.72540902,-0.447983
-0.72520902,-0.479982
-0.72500902,-0.415984
-0.72480902,-0.479982
-0.72460902,-0.447983
-0.72440902,-0.479982
-0.72420902,-0.447983
-0.72400902,-0.479982
-0.72380902,-0.415984
-0.72360902,-0.51198
-0.72340902,-0.447983
-0.72320902,-0.479982
-0.72300902,-0.479982
-0.72280902,-0.479982
-0.72260902,-0.447983
-0.72240902,-0.479982
-0.72220902,-0.479982
-0.72200902,-0.51198
-0.72180902,-0.51198
-0.72160902,-0.447983
-0.72140902,-0.447983
-0.72120902,-0.51198
-0.72100902,-0.51198
-0.72080902,-0.479982
-0.72060902,-0.543979
-0.72040902,-0.51198
-0.72020902,-0.51198
-0.72000902,-0.51198
-0.71980902,-0.51198
-0.71960902,-0.51198
-0.71940902,-0.51198
-0.71920902,-0.51198
-0.71900902,-0.479982
-0.71880902,-0.543979
-0.71860902,-0.51198
-0.71840902,-0.51198
-0.71820902,-0.543979
-0.71800902,-0.51198
-0.71780902,-0.479982
-0.71760902,-0.51198
-0.71740902,-0.543979
-0.71720902,-0.51198
-0.71700902,-0.51198
-0.71680902,-0.575978
-0.71660902,-0.575978
-0.71640902,-0.575978
-0.71620902,-0.543979
-0.71600902,-0.543979
-0.71580902,-0.543979
-0.71560902,-0.543979
-0.71540902,-0.51198
-0.71520902,-0.575978
-0.71500902,-0.543979
-0.71480902,-0.575978
-0.71460902,-0.575978
-0.71440902,-0.575978
-0.71420902,-0.575978
-0.71400902,-0.575978
-0.71380902,-0.543979
-0.71360902,-0.575978
-0.71340902,-0.607977
-0.71320902,-0.575978
-0.71300902,-0.575978
-0.71280902,-0.575978
-0.71260902,-0.575978
-0.71240902,-0.607977
-0.71220902,-0.639975
-0.71200902,-0.607977
-0.71180902,-0.607977
-0.71160902,-0.639975
-0.71140902,-0.607977
-0.71120902,-0.607977
-0.71100902,-0.607977
-0.71080902,-0.639975
-0.71060902,-0.575978
-0.71040902,-0.639975
-0.71020902,-0.575978
-0.71000902,-0.639975
-0.70980902,-0.639975
-0.70960902,-0.607977
-0.70940902,-0.671974
-0.70920902,-0.607977
-0.70900902,-0.607977
-0.70880902,-0.639975
-0.70860902,-0.639975
-0.70840902,-0.639975
-0.70820902,-0.639975
-0.70800902,-0.639975
-0.70780902,-0.639975
-0.70760902,-0.639975
-0.70740902,-0.639975
-0.70720902,-0.639975
-0.70700902,-0.639975
-0.70680902,-0.703973
-0.70660902,-0.703973
-0.70640902,-0.671974
-0.70620902,-0.671974
-0.70600902,-0.671974
-0.70580902,-0.671974
-0.70560902,-0.671974
-0.70540902,-0.671974
-0.70520902,-0.639975
-0.70500902,-0.671974
-0.70480902,-0.703973
-0.70460902,-0.703973
-0.70440902,-0.703973
-0.70420902,-0.703973
-0.70400902,-0.703973
-0.70380902,-0.671974
-0.70360902,-0.735972
-0.70340902,-0.703973
-0.70320902,-0.735972
-0.70300902,-0.703973
-0.70280902,-0.703973
-0.70260902,-0.735972
-0.70240902,-0.703973
-0.70220902,-0.703973
-0.70200902,-0.735972
-0.70180902,-0.735972
-0.70160902,-0.735972
-0.70140902,-0.735972
-0.70120902,-0.703973
-0.70100902,-0.799969
-0.70080902,-0.767971
-0.70060902,-0.767971
-0.70040902,-0.767971
-0.70020902,-0.767971
-0.70000902,-0.735972
-0.69980902,-0.767971
-0.69960902,-0.735972
-0.69940902,-0.735972
-0.69920902,-0.799969
-0.69900902,-0.767971
-0.69880902,-0.767971
-0.69860902,-0.831968
-0.69840902,-0.831968
-0.69820902,-0.735972
-0.69800902,-0.799969
-0.69780902,-0.799969
-0.69760902,-0.799969
-0.69740902,-0.831968
-0.69720902,-0.799969
-0.69700902,-0.735972
-0.69680902,-0.831968
-0.69660902,-0.799969
-0.69640902,-0.799969
-0.69620902,-0.799969
-0.69600902,-0.799969
-0.69580902,-0.799969
-0.69560902,-0.799969
-0.69540902,-0.799969
-0.69520902,-0.799969
-0.69500902,-0.831968
-0.69480902,-0.799969
-0.69460902,-0.799969
-0.69440902,-0.831968
-0.69420902,-0.799969
-0.69400902,-0.831968
-0.69380902,-0.831968
-0.69360902,-0.863967
-0.69340902,-0.831968
-0.69320902,-0.863967
-0.69300902,-0.863967
-0.69280902,-0.863967
-0.69260902,-0.863967
-0.69240902,-0.863967
-0.69220902,-0.799969
-0.69200902,-0.831968
-0.69180902,-0.831968
-0.69160902,-0.863967
-0.69140902,-0.895966
-0.69120902,-0.895966
-0.69100902,-0.863967
-0.69080902,-0.863967
-0.69060902,-0.895966
-0.69040902,-0.927964
-0.69020902,-0.895966
-0.69000902,-0.895966
-0.68980902,-0.895966
-0.68960902,-0.863967
-0.68940902,-0.927964
-0.68920902,-0.927964
-0.68900902,-0.895966
-0.68880902,-0.895966
-0.68860902,-0.895966
-0.68840902,-0.895966
-0.68820902,-0.959963
-0.68800902,-0.895966
-0.68780902,-0.959963
-0.68760902,-0.927964
-0.68740902,-0.895966
-0.68720902,-0.927964
-0.68700902,-0.895966
-0.68680902,-0.927964
-0.68660902,-0.927964
-0.68640902,-0.959963
-0.68620902,-0.927964
-0.68600902,-0.959963
-0.68580902,-0.959963
-0.68560902,-0.959963
-0.68540902,-0.991962
-0.68520902,-0.927964
-0.68500902,-0.927964
-0.68480902,-0.959963
-0.68460902,-0.991962
-0.68440902,-0.959963
-0.68420902,-0.991962
-0.68400902,-0.927964
-0.68380902,-0.959963
-0.68360902,-0.991962
-0.68340902,-0.991962
-0.68320902,-0.959963
-0.68300902,-1.02396
-0.68280902,-0.959963
-0.68260902,-0.991962
-0.68240902,-0.959963
-0.68220902,-0.959963
-0.68200902,-1.02396
-0.68180902,-0.991962
-0.68160902,-1.02396
-0.68140902,-1.02396
-0.68120902,-1.02396
-0.68100902,-0.991962
-0.68080902,-0.991962
-0.68060902,-0.991962
-0.68040902,-0.991962
-0.68020902,-0.991962
-0.68000902,-1.02396
-0.67980902,-1.02396
-0.67960902,-1.08796
-0.67940902,-1.05596
-0.67920902,-1.02396
-0.67900902,-1.05596
-0.67880902,-1.05596
-0.67860902,-1.05596
-0.67840902,-1.05596
-0.67820902,-1.05596
-0.67800902,-1.02396
-0.67780902,-1.02396
-0.67760902,-1.05596
-0.67740902,-1.05596
-0.67720902,-1.05596
-0.67700902,-1.08796
-0.67680902,-1.11996
-0.67660902,-1.08796
-0.67640902,-1.08796
-0.67620902,-1.08796
-0.67600902,-1.05596
-0.67580902,-1.08796
-0.67560902,-1.11996
-0.67540902,-1.11996
-0.67520902,-1.11996
-0.67500902,-1.11996
-0.67480902,-1.11996
-0.67460902,-1.11996
-0.67440902,-1.18395
-0.67420902,-1.11996
-0.67400902,-1.08796
-0.67380902,-1.11996
-0.67360902,-1.18395
-0.67340902,-1.18395
-0.67320902,-1.15196
-0.67300902,-1.11996
-0.67280902,-1.11996
-0.67260902,-1.11996
-0.67240902,-1.11996
-0.67220902,-1.11996
-0.67200902,-1.11996
-0.67180902,-1.11996
-0.67160902,-1.18395
-0.67140902,-1.11996
-0.67120902,-1.15196
-0.67100902,-1.11996
-0.67080902,-1.15196
-0.67060902,-1.18395
-0.67040902,-1.15196
-0.67020902,-1.11996
-0.67000902,-1.15196
-0.66980902,-1.11996
-0.66960902,-1.11996
-0.66940902,-1.15196
-0.66920902,-1.15196
-0.66900902,-1.15196
-0.66880902,-1.18395
-0.66860902,-1.15196
-0.66840902,-1.15196
-0.66820902,-1.15196
-0.66800902,-1.15196
-0.66780902,-1.15196
-0.66760902,-1.15196
-0.66740902,-1.18395
-0.66720902,-1.18395
-0.66700902,-1.18395
-0.66680902,-1.18395
-0.66660902,-1.18395
-0.66640902,-1.18395
-0.66620902,-1.18395
-0.66600902,-1.18395
-0.66580902,-1.15196
-0.66560902,-1.18395
-0.66540902,-1.15196
-0.66520902,-1.18395
-0.66500902,-1.21595
-0.66480902,-1.18395
-0.66460902,-1.21595
-0.66440902,-1.15196
-0.66420902,-1.18395
-0.66400902,-1.18395
-0.66380902,-1.18395
-0.66360902,-1.18395
-0.66340902,-1.15196
-0.66320902,-1.18395
-0.66300902,-1.18395
-0.66280902,-1.18395
-0.66260902,-1.15196
-0.66240902,-1.18395
-0.66220902,-1.24795
-0.66200902,-1.18395
-0.66180902,-1.21595
-0.66160902,-1.18395
-0.66140902,-1.21595
-0.66120902,-1.21595
-0.66100902,-1.18395
-0.66080902,-1.18395
-0.66060902,-1.18395
-0.66040902,-1.24795
-0.66020902,-1.18395
-0.66000902,-1.18395
-0.65980902,-1.21595
-0.65960902,-1.18395
-0.65940902,-1.18395
-0.65920902,-1.24795
-0.65900902,-1.18395
-0.65880902,-1.18395
-0.65860902,-1.18395
-0.65840902,-1.18395
-0.65820902,-1.21595
-0.65800902,-1.21595
-0.65780902,-1.18395
-0.65760902,-1.21595
-0.65740902,-1.18395
-0.65720902,-1.18395
-0.65700902,-1.18395
-0.65680902,-1.21595
-0.65660902,-1.18395
-0.65640902,-1.21595
-0.65620902,-1.24795
-0.65600902,-1.18395
-0.65580902,-1.21595
-0.65560902,-1.15196
-0.65540902,-1.24795
-0.65520902,-1.21595
-0.65500902,-1.21595
-0.65480902,-1.18395
-0.65460902,-1.18395
-0.65440902,-1.21595
-0.65420902,-1.15196
-0.65400902,-1.18395
-0.65380902,-1.18395
-0.65360902,-1.18395
-0.65340902,-1.21595
-0.65320902,-1.21595
-0.65300902,-1.18395
-0.65280902,-1.15196
-0.65260902,-1.21595
-0.65240902,-1.18395
-0.65220902,-1.18395
-0.65200902,-1.21595
-0.65180902,-1.18395
-0.65160902,-1.21595
-0.65140902,-1.21595
-0.65120902,-1.18395
-0.65100902,-1.18395
-0.65080902,-1.15196
-0.65060902,-1.15196
-0.65040902,-1.15196
-0.65020902,-1.18395
-0.65000902,-1.15196
-0.64980902,-1.18395
-0.64960902,-1.15196
-0.64940902,-1.21595
-0.64920902,-1.18395
-0.64900902,-1.18395
-0.64880902,-1.18395
-0.64860902,-1.15196
-0.64840902,-1.15196
-0.64820902,-1.15196
-0.64800902,-1.18395
-0.64780902,-1.15196
-0.64760902,-1.15196
-0.64740902,-1.15196
-0.64720902,-1.18395
-0.64700902,-1.15196
-0.64680902,-1.15196
-0.64660902,-1.15196
-0.64640902,-1.15196
-0.64620902,-1.11996
-0.64600902,-1.15196
-0.64580902,-1.18395
-0.64560902,-1.18395
-0.64540902,-1.11996
-0.64520902,-1.15196
-0.64500902,-1.15196
-0.64480902,-1.15196
-0.64460902,-1.15196
-0.64440902,-1.11996
-0.64420902,-1.15196
-0.64400902,-1.15196
-0.64380902,-1.15196
-0.64360902,-1.11996
-0.64340902,-1.11996
-0.64320902,-1.11996
-0.64300902,-1.11996
-0.64280902,-1.11996
-0.64260902,-1.11996
-0.64240902,-1.11996
-0.64220902,-1.11996
-0.64200902,-1.08796
-0.64180902,-1.08796
-0.64160902,-1.11996
-0.64140902,-1.11996
-0.64120902,-1.11996
-0.64100902,-1.08796
-0.64080902,-1.08796
-0.64060902,-1.08796
-0.64040902,-1.08796
-0.64020902,-1.05596
-0.64000902,-1.05596
-0.63980902,-1.08796
-0.63960902,-1.11996
-0.63940902,-1.08796
-0.63920902,-1.11996
-0.63900902,-1.08796
-0.63880902,-1.08796
-0.63860902,-1.02396
-0.63840902,-1.08796
-0.63820902,-1.02396
-0.63800902,-1.05596
-0.63780902,-1.02396
-0.63760902,-1.05596
-0.63740902,-1.08796
-0.63720902,-1.02396
-0.63700902,-1.05596
-0.63680902,-1.02396
-0.63660902,-0.991962
-0.63640902,-1.02396
-0.63620902,-1.02396
-0.63600902,-1.02396
-0.63580902,-0.991962
-0.63560902,-1.02396
-0.63540902,-0.991962
-0.63520902,-1.05596
-0.63500902,-0.991962
-0.63480902,-0.991962
-0.63460902,-0.959963
-0.63440902,-0.991962
-0.63420902,-0.959963
-0.63400902,-0.991962
-0.63380902,-0.991962
-0.63360902,-0.991962
-0.63340902,-0.927964
-0.63320902,-0.991962
-0.63300902,-0.959963
-0.63280902,-0.959963
-0.63260902,-0.991962
-0.63240902,-0.927964
-0.63220902,-0.959963
-0.63200902,-0.959963
-0.63180902,-0.959963
-0.63160902,-0.927964
-0.63140902,-0.959963
-0.63120902,-0.927964
-0.63100902,-0.927964
-0.63080902,-0.959963
-0.63060902,-0.895966
-0.63040902,-0.927964
-0.63020902,-0.895966
-0.63000902,-0.895966
-0.62980902,-0.863967
-0.62960902,-0.895966
-0.62940902,-0.927964
-0.62920902,-0.895966
-0.62900902,-0.927964
-0.62880902,-0.863967
-0.62860902,-0.799969
-0.62840902,-0.863967
-0.62820902,-0.863967
-0.62800902,-0.863967
-0.62780902,-0.863967
-0.62760902,-0.863967
-0.62740902,-0.863967
-0.62720902,-0.831968
-0.62700902,-0.831968
-0.62680902,-0.799969
-0.62660902,-0.799969
-0.62640902,-0.799969
-0.62620902,-0.767971
-0.62600902,-0.799969
-0.62580902,-0.799969
-0.62560902,-0.831968
-0.62540902,-0.831968
-0.62520902,-0.767971
-0.62500902,-0.767971
-0.62480902,-0.767971
-0.62460902,-0.767971
-0.62440902,-0.767971
-0.62420902,-0.767971
-0.62400902,-0.767971
-0.62380902,-0.735972
-0.62360902,-0.703973
-0.62340902,-0.735972
-0.62320902,-0.703973
-0.62300902,-0.671974
-0.62280902,-0.735972
-0.62260902,-0.671974
-0.62240902,-0.703973
-0.62220902,-0.671974
-0.62200902,-0.671974
-0.62180902,-0.671974
-0.62160902,-0.671974
-0.62140902,-0.703973
-0.62120902,-0.639975
-0.62100902,-0.639975
-0.62080902,-0.639975
-0.62060902,-0.639975
-0.62040902,-0.607977
-0.62020902,-0.639975
-0.62000902,-0.639975
-0.61980902,-0.639975
-0.61960902,-0.639975
-0.61940902,-0.543979
-0.61920902,-0.639975
-0.61900902,-0.639975
-0.61880902,-0.575978
-0.61860902,-0.575978
-0.61840902,-0.607977
-0.61820902,-0.575978
-0.61800902,-0.543979
-0.61780902,-0.575978
-0.61760902,-0.543979
-0.61740902,-0.607977
-0.61720902,-0.543979
-0.61700902,-0.51198
-0.61680902,-0.543979
-0.61660902,-0.51198
-0.61640902,-0.51198
-0.61620902,-0.543979
-0.61600902,-0.543979
-0.61580902,-0.51198
-0.61560902,-0.543979
-0.61540902,-0.51198
-0.61520902,-0.447983
-0.61500902,-0.543979
-0.61480902,-0.51198
-0.61460902,-0.479982
-0.61440902,-0.447983
-0.61420902,-0.447983
-0.61400902,-0.447983
-0.61380902,-0.479982
-0.61360902,-0.479982
-0.61340902,-0.447983
-0.61320902,-0.447983
-0.61300902,-0.415984
-0.61280902,-0.415984
-0.61260902,-0.415984
-0.61240902,-0.415984
-0.61220902,-0.415984
-0.61200902,-0.383985
-0.61180902,-0.415984
-0.61160902,-0.383985
-0.61140902,-0.383985
-0.61120902,-0.351986
-0.61100902,-0.351986
-0.61080902,-0.351986
-0.61060902,-0.351986
-0.61040902,-0.319988
-0.61020902,-0.319988
-0.61000902,-0.383985
-0.60980902,-0.319988
-0.60960902,-0.383985
-0.60940902,-0.319988
-0.60920902,-0.287989
-0.60900902,-0.25599
-0.60880902,-0.25599
-0.60860902,-0.25599
-0.60840902,-0.25599
-0.60820902,-0.223991
-0.60800902,-0.287989
-0.60780902,-0.25599
-0.60760902,-0.25599
-0.60740902,-0.223991
-0.60720902,-0.191993
-0.60700902,-0.159994
-0.60680902,-0.191993
-0.60660902,-0.159994
-0.60640902,-0.191993
-0.60620902,-0.191993
-0.60600902,-0.159994
-0.60580902,-0.127995
-0.60560902,-0.159994
-0.60540902,-0.0959963
-0.60520902,-0.0959963
-0.60500902,-0.0959963
-0.60480902,-0.0639975
-0.60460902,-0.0959963
-0.60440902,-0.0959963
-0.60420902,-0.0639975
-0.60400902,-0.0639975
-0.60380902,-0.0959963
-0.60360902,-0.0319988
-0.60340902,-0.0319988
-0.60320902,-0.0319988
-0.60300902,-0.0959963
-0.60280902,0
-0.60260902,-0.0319988
-0.60240902,0.0319988
-0.60220902,0
-0.60200902,0
-0.60180902,0
-0.60160902,0.0319988
-0.60140902,0.0319988
-0.60120902,0.0319988
-0.60100902,0.0639975
-0.60080902,0.0959963
-0.60060902,0.0639975
-0.60040902,0.0959963
-0.60020902,0.0639975
-0.60000902,0.0639975
-0.59980902,0.0639975
-0.59960902,0.0639975
-0.59940902,0.127995
-0.59920902,0.127995
-0.59900902,0.159994
-0.59880902,0.127995
-0.59860902,0.127995
-0.59840902,0.159994
-0.59820902,0.159994
-0.59800902,0.0959963
-0.59780902,0.159994
-0.59760902,0.191993
-0.59740902,0.191993
-0.59720902,0.191993
-0.59700902,0.191993
-0.59680902,0.223991
-0.59660902,0.25599
-0.59640902,0.25599
-0.59620902,0.223991
-0.59600902,0.223991
-0.59580902,0.25599
-0.59560902,0.223991
-0.59540902,0.25599
-0.59520902,0.351986
-0.59500902,0.319988
-0.59480902,0.319988
-0.59460902,0.319988
-0.59440902,0.351986
-0.59420902,0.287989
-0.59400902,0.351986
-0.59380902,0.319988
-0.59360902,0.351986
-0.59340902,0.415984
-0.59320902,0.351986
-0.59300902,0.383985
-0.59280902,0.415984
-0.59260902,0.383985
-0.59240902,0.351986
-0.59220902,0.415984
-0.59200902,0.383985
-0.59180902,0.415984
-0.59160902,0.447983
-0.59140902,0.415984
-0.59120902,0.447983
-0.59100902,0.479982
-0.59080902,0.51198
-0.59060902,0.479982
-0.59040902,0.479982
-0.59020902,0.479982
-0.59000902,0.479982
-0.58980902,0.479982
-0.58960902,0.575978
-0.58940902,0.543979
-0.58920902,0.543979
-0.58900902,0.543979
-0.58880902,0.543979
-0.58860902,0.575978
-0.58840902,0.575978
-0.58820902,0.575978
-0.58800902,0.575978
-0.58780902,0.607977
-0.58760902,0.607977
-0.58740902,0.671974
-0.58720902,0.639975
-0.58700902,0.607977
-0.58680902,0.607977
-0.58660902,0.671974
-0.58640902,0.639975
-0.58620902,0.639975
-0.58600902,0.703973
-0.58580902,0.639975
-0.58560902,0.671974
-0.58540902,0.767971
-0.58520902,0.735972
-0.58500902,0.703973
-0.58480902,0.735972
-0.58460902,0.735972
-0.58440902,0.703973
-0.58420902,0.735972
-0.58400902,0.767971
-0.58380902,0.767971
-0.58360902,0.831968
-0.58340902,0.767971
-0.58320902,0.799969
-0.58300902,0.831968
-0.58280902,0.799969
-0.58260902,0.799969
-0.58240902,0.831968
-0.58220902,0.831968
-0.58200902,0.863967
-0.58180902,0.895966
-0.58160902,0.831968
-0.58140902,0.895966
-0.58120902,0.895966
-0.58100902,0.831968
-0.58080902,0.895966
-0.58060902,0.895966
-0.58040902,0.863967
-0.58020902,0.895966
-0.58000902,0.895966
-0.57980902,0.927964
-0.57960902,0.927964
-0.57940902,0.959963
-0.57920902,0.959963
-0.57900902,0.959963
-0.57880902,0.927964
-0.57860902,0.927964
-0.57840902,0.959963
-0.57820902,0.991962
-0.57800902,0.959963
-0.57780902,0.959963
-0.57760902,1.02396
-0.57740902,1.02396
-0.57720902,1.02396
-0.57700902,1.02396
-0.57680902,1.02396
-0.57660902,1.05596
-0.57640902,0.991962
-0.57620902,1.02396
-0.57600902,1.05596
-0.57580902,1.08796
-0.57560902,1.11996
-0.57540902,1.05596
-0.57520902,1.08796
-0.57500902,1.05596
-0.57480902,1.08796
-0.57460902,1.08796
-0.57440902,1.05596
-0.57420902,1.08796
-0.57400902,1.11996
-0.57380902,1.08796
-0.57360902,1.11996
-0.57340902,1.08796
-0.57320902,1.11996
-0.57300902,1.15196
-0.57280902,1.15196
-0.57260902,1.15196
-0.57240902,1.15196
-0.57220902,1.18395
-0.57200902,1.18395
-0.57180902,1.21595
-0.57160902,1.18395
-0.57140902,1.18395
-0.57120902,1.15196
-0.57100902,1.24795
-0.57080902,1.18395
-0.57060902,1.21595
-0.57040902,1.18395
-0.57020902,1.24795
-0.57000902,1.24795
-0.56980902,1.27995
-0.56960902,1.27995
-0.56940902,1.27995
-0.56920902,1.27995
-0.56900902,1.24795
-0.56880902,1.24795
-0.56860902,1.24795
-0.56840902,1.21595
-0.56820902,1.31195
-0.56800902,1.34395
-0.56780902,1.31195
-0.56760902,1.31195
-0.56740902,1.31195
-0.56720902,1.31195
-0.56700902,1.34395
-0.56680902,1.34395
-0.56660902,1.31195
-0.56640902,1.34395
-0.56620902,1.37595
-0.56600902,1.34395
-0.56580902,1.37595
-0.56560902,1.37595
-0.56540902,1.34395
-0.56520902,1.34395
-0.56500902,1.37595
-0.56480902,1.34395
-0.56460902,1.40795
-0.56440902,1.40795
-0.56420902,1.40795
-0.56400902,1.40795
-0.56380902,1.43994
-0.56360902,1.40795
-0.56340902,1.47194
-0.56320902,1.47194
-0.56300902,1.40795
-0.56280902,1.50394
-0.56260902,1.47194
-0.56240902,1.43994
-0.56220902,1.50394
-0.56200902,1.47194
-0.56180902,1.47194
-0.56160902,1.47194
-0.56140902,1.50394
-0.56120902,1.50394
-0.56100902,1.50394
-0.56080902,1.50394
-0.56060902,1.50394
-0.56040902,1.56794
-0.56020902,1.53594
-0.56000902,1.53594
-0.55980902,1.56794
-0.55960902,1.53594
-0.55940902,1.53594
-0.55920902,1.56794
-0.55900902,1.59994
-0.55880902,1.53594
-0.55860902,1.56794
-0.55840902,1.63194
-0.55820902,1.59994
-0.55800902,1.59994
-0.55780902,1.59994
-0.55760902,1.59994
-0.55740902,1.56794
-0.55720902,1.59994
-0.55700902,1.59994
-0.55680902,1.56794
-0.55660902,1.69593
-0.55640902,1.63194
-0.55620902,1.66394
-0.55600902,1.66394
-0.55580902,1.66394
-0.55560902,1.63194
-0.55540902,1.66394
-0.55520902,1.63194
-0.55500902,1.69593
-0.55480902,1.66394
-0.55460902,1.69593
-0.55440902,1.69593
-0.55420902,1.69593
-0.55400902,1.72793
-0.55380902,1.69593
-0.55360902,1.69593
-0.55340902,1.69593
-0.55320902,1.69593
-0.55300902,1.72793
-0.55280902,1.72793
-0.55260902,1.75993
-0.55240902,1.79193
-0.55220902,1.72793
-0.55200902,1.75993
-0.55180902,1.75993
-0.55160902,1.75993
-0.55140902,1.75993
-0.55120902,1.75993
-0.55100902,1.75993
-0.55080902,1.79193
-0.55060902,1.79193
-0.55040902,1.79193
-0.55020902,1.79193
-0.55000902,1.72793
-0.54980902,1.79193
-0.54960902,1.82393
-0.54940902,1.82393
-0.54920902,1.82393
-0.54900902,1.85593
-0.54880902,1.82393
-0.54860902,1.88793
-0.54840902,1.85593
-0.54820902,1.85593
-0.54800902,1.85593
-0.54780902,1.88793
-0.54760902,1.82393
-0.54740902,1.88793
-0.54720902,1.85593
-0.54700902,1.91993
-0.54680902,1.91993
-0.54660902,1.88793
-0.54640902,1.95193
-0.54620902,1.95193
-0.54600902,1.91993
-0.54580902,1.91993
-0.54560902,1.91993
-0.54540902,1.91993
-0.54520902,1.95193
-0.54500902,1.95193
-0.54480902,2.01592
-0.54460902,1.98392
-0.54440902,1.95193
-0.54420902,1.98392
-0.54400902,1.95193
-0.54380902,1.98392
-0.54360902,1.98392
-0.54340902,1.98392
-0.54320902,1.98392
-0.54300902,2.01592
-0.54280902,2.01592
-0.54260902,2.04792
-0.54240902,2.04792
-0.54220902,2.04792
-0.54200902,2.01592
-0.54180902,2.07992
-0.54160902,2.04792
-0.54140902,2.04792
-0.54120902,2.04792
-0.54100902,2.04792
-0.54080902,2.07992
-0.54060902,2.07992
-0.54040902,2.07992
-0.54020902,2.14392
-0.54000902,2.07992
-0.53980902,2.11192
-0.53960902,2.14392
-0.53940902,2.07992
-0.53920902,2.11192
-0.53900902,2.11192
-0.53880902,2.14392
-0.53860902,2.07992
-0.53840902,2.14392
-0.53820902,2.14392
-0.53800902,2.14392
-0.53780902,2.17592
-0.53760902,2.14392
-0.53740902,2.14392
-0.53720902,2.17592
-0.53700902,2.17592
-0.53680902,2.14392
-0.53660902,2.20792
-0.53640902,2.14392
-0.53620902,2.20792
-0.53600902,2.17592
-0.53580902,2.20792
-0.53560902,2.14392
-0.53540902,2.20792
-0.53520902,2.17592
-0.53500902,2.17592
-0.53480902,2.23991
-0.53460902,2.20792
-0.53440902,2.20792
-0.53420902,2.20792
-0.53400902,2.23991
-0.53380902,2.20792
-0.53360902,2.27191
-0.53340902,2.23991
-0.53320902,2.23991
-0.53300902,2.23991
-0.53280902,2.23991
-0.53260902,2.23991
-0.53240902,2.30391
-0.53220902,2.27191
-0.53200902,2.27191
-0.53180902,2.27191
-0.53160902,2.27191
-0.53140902,2.30391
-0.53120902,2.30391
-0.53100902,2.30391
-0.53080902,2.27191
-0.53060902,2.27191
-0.53040902,2.27191
-0.53020902,2.30391
-0.53000902,2.33591
-0.52980902,2.30391
-0.52960902,2.27191
-0.52940902,2.33591
-0.52920902,2.27191
-0.52900902,2.23991
-0.52880902,2.33591
-0.52860902,2.30391
-0.52840902,2.30391
-0.52820902,2.33591
-0.52800902,2.27191
-0.52780902,2.30391
-0.52760902,2.33591
-0.52740902,2.36791
-0.52720902,2.27191
-0.52700902,2.36791
-0.52680902,2.33591
-0.52660902,2.33591
-0.52640902,2.30391
-0.52620902,2.33591
-0.52600902,2.33591
-0.52580902,2.33591
-0.52560902,2.33591
-0.52540902,2.33591
-0.52520902,2.33591
-0.52500902,2.36791
-0.52480902,2.36791
-0.52460902,2.36791
-0.52440902,2.39991
-0.52420902,2.33591
-0.52400902,2.36791
-0.52380902,2.39991
-0.52360902,2.36791
-0.52340902,2.36791
-0.52320902,2.39991
-0.52300902,2.39991
-0.52280902,2.39991
-0.52260902,2.39991
-0.52240902,2.39991
-0.52220902,2.36791
-0.52200902,2.39991
-0.52180902,2.36791
-0.52160902,2.36791
-0.52140902,2.39991
-0.52120902,2.36791
-0.52100902,2.43191
-0.52080902,2.39991
-0.52060902,2.43191
-0.52040902,2.43191
-0.52020902,2.46391
-0.52000902,2.36791
-0.51980902,2.43191
-0.51960902,2.39991
-0.51940902,2.36791
-0.51920902,2.43191
-0.51900902,2.43191
-0.51880902,2.43191
-0.51860902,2.39991
-0.51840902,2.43191
-0.51820902,2.43191
-0.51800902,2.43191
-0.51780902,2.43191
-0.51760902,2.46391
-0.51740902,2.46391
-0.51720902,2.46391
-0.51700902,2.46391
-0.51680902,2.46391
-0.51660902,2.46391
-0.51640902,2.46391
-0.51620902,2.43191
-0.51600902,2.4959
-0.51580902,2.46391
-0.51560902,2.46391
-0.51540902,2.46391
-0.51520902,2.46391
-0.51500902,2.43191
-0.51480902,2.4959
-0.51460902,2.46391
-0.51440902,2.4959
-0.51420902,2.46391
-0.51400902,2.43191
-0.51380902,2.46391
-0.51360902,2.46391
-0.51340902,2.46391
-0.51320902,2.46391
-0.51300902,2.46391
-0.51280902,2.46391
-0.51260902,2.43191
-0.51240902,2.4959
-0.51220902,2.4959
-0.51200902,2.46391
-0.51180902,2.46391
-0.51160902,2.43191
-0.51140902,2.43191
-0.51120902,2.46391
-0.51100902,2.46391
-0.51080902,2.43191
-0.51060902,2.46391
-0.51040902,2.46391
-0.51020902,2.4959
-0.51000902,2.46391
-0.50980902,2.46391
-0.50960902,2.46391
-0.50940902,2.46391
-0.50920902,2.46391
-0.50900902,2.46391
-0.50880902,2.43191
-0.50860902,2.46391
-0.50840902,2.46391
-0.50820902,2.46391
-0.50800902,2.43191
-0.50780902,2.43191
-0.50760902,2.4959
-0.50740902,2.46391
-0.50720902,2.43191
-0.50700902,2.46391
-0.50680902,2.46391
-0.50660902,2.46391
-0.50640902,2.43191
-0.50620902,2.43191
-0.50600902,2.39991
-0.50580902,2.43191
-0.50560902,2.46391
-0.50540902,2.43191
-0.50520902,2.46391
-0.50500902,2.43191
-0.50480902,2.46391
-0.50460902,2.43191
-0.50440902,2.43191
-0.50420902,2.46391
-0.50400902,2.46391
-0.50380902,2.43191
-0.50360902,2.46391
-0.50340902,2.46391
-0.50320902,2.43191
-0.50300902,2.36791
-0.50280902,2.46391
-0.50260902,2.39991
-0.50240902,2.43191
-0.50220902,2.46391
-0.50200902,2.39991
-0.50180902,2.43191
-0.50160902,2.43191
-0.50140902,2.43191
-0.50120902,2.46391
-0.50100902,2.43191
-0.50080902,2.43191
-0.50060902,2.39991
-0.50040902,2.43191
-0.50020902,2.36791
-0.50000902,2.46391
-0.49980902,2.39991
-0.49960902,2.43191
-0.49940902,2.39991
-0.49920902,2.39991
-0.49900902,2.36791
-0.49880902,2.43191
-0.49860902,2.43191
-0.49840902,2.36791
-0.49820902,2.39991
-0.49800902,2.39991
-0.49780902,2.39991
-0.49760902,2.39991
-0.49740902,2.39991
-0.49720902,2.39991
-0.49700902,2.36791
-0.49680902,2.39991
-0.49660902,2.33591
-0.49640902,2.36791
-0.49620902,2.36791
-0.49600902,2.39991
-0.49580902,2.39991
-0.49560902,2.39991
-0.49540902,2.36791
-0.49520902,2.39991
-0.49500902,2.33591
-0.49480902,2.33591
-0.49460902,2.39991
-0.49440902,2.36791
-0.49420902,2.33591
-0.49400902,2.36791
-0.49380902,2.36791
-0.49360902,2.36791
-0.49340902,2.33591
-0.49320902,2.36791
-0.49300902,2.33591
-0.49280902,2.33591
-0.49260902,2.36791
-0.49240902,2.30391
-0.49220902,2.30391
-0.49200902,2.30391
-0.49180902,2.30391
-0.49160902,2.33591
-0.49140902,2.30391
-0.49120902,2.27191
-0.49100902,2.30391
-0.49080902,2.30391
-0.49060902,2.27191
-0.49040902,2.33591
-0.49020902,2.27191
-0.49000902,2.27191
-0.48980902,2.27191
-0.48960902,2.23991
-0.48940902,2.27191
-0.48920902,2.30391
-0.48900902,2.27191
-0.48880902,2.20792
-0.48860902,2.30391
-0.48840902,2.27191
-0.48820902,2.20792
-0.48800902,2.27191
-0.48780902,2.23991
-0.48760902,2.20792
-0.48740902,2.27191
-0.48720902,2.20792
-0.48700902,2.17592
-0.48680902,2.27191
-0.48660902,2.20792
-0.48640902,2.17592
-0.48620902,2.20792
-0.48600902,2.17592
-0.48580902,2.14392
-0.48560902,2.17592
-0.48540902,2.14392
-0.48520902,2.14392
-0.48500902,2.17592
-0.48480902,2.14392
-0.48460902,2.14392
-0.48440902,2.17592
-0.48420902,2.14392
-0.48400902,2.14392
-0.48380902,2.11192
-0.48360902,2.07992
-0.48340902,2.07992
-0.48320902,2.11192
-0.48300902,2.11192
-0.48280902,2.07992
-0.48260902,2.14392
-0.48240902,2.07992
-0.48220902,2.11192
-0.48200902,2.11192
-0.48180902,2.07992
-0.48160902,2.04792
-0.48140902,2.11192
-0.48120902,2.07992
-0.48100902,2.04792
-0.48080902,2.07992
-0.48060902,2.04792
-0.48040902,2.04792
-0.48020902,2.01592
-0.48000902,2.04792
-0.47980902,2.01592
-0.47960902,2.01592
-0.47940902,2.01592
-0.47920902,2.04792
-0.47900902,2.07992
-0.47880902,2.01592
-0.47860902,1.98392
-0.47840902,2.01592
-0.47820902,1.98392
-0.47800902,1.95193
-0.47780902,1.98392
-0.47760902,1.95193
-0.47740902,1.98392
-0.47720902,1.95193
-0.47700902,1.98392
-0.47680902,1.95193
-0.47660902,1.91993
-0.47640902,1.91993
-0.47620902,1.91993
-0.47600902,1.88793
-0.47580902,1.88793
-0.47560902,1.88793
-0.47540902,1.88793
-0.47520902,1.91993
-0.47500902,1.91993
-0.47480902,1.91993
-0.47460902,1.88793
-0.47440902,1.88793
-0.47420902,1.85593
-0.47400902,1.88793
-0.47380902,1.85593
-0.47360902,1.85593
-0.47340902,1.88793
-0.47320902,1.85593
-0.47300902,1.85593
-0.47280902,1.85593
-0.47260902,1.82393
-0.47240902,1.85593
-0.47220902,1.75993
-0.47200902,1.82393
-0.47180902,1.79193
-0.47160902,1.79193
-0.47140902,1.79193
-0.47120902,1.79193
-0.47100902,1.82393
-0.47080902,1.75993
-0.47060902,1.75993
-0.47040902,1.72793
-0.47020902,1.79193
-0.47000902,1.75993
-0.46980902,1.75993
-0.46960902,1.72793
-0.46940902,1.75993
-0.46920902,1.72793
-0.46900902,1.72793
-0.46880902,1.72793
-0.46860902,1.72793
-0.46840902,1.75993
-0.46820902,1.72793
-0.46800902,1.63194
-0.46780902,1.66394
-0.46760902,1.69593
-0.46740902,1.66394
-0.46720902,1.66394
-0.46700902,1.66394
-0.46680902,1.63194
-0.46660902,1.59994
-0.46640902,1.63194
-0.46620902,1.56794
-0.46600902,1.59994
-0.46580902,1.59994
-0.46560902,1.59994
-0.46540902,1.59994
-0.46520902,1.59994
-0.46500902,1.59994
-0.46480902,1.56794
-0.46460902,1.56794
-0.46440902,1.56794
-0.46420902,1.59994
-0.46400902,1.56794
-0.46380902,1.53594
-0.46360902,1.56794
-0.46340902,1.50394
-0.46320902,1.53594
-0.46300902,1.53594
-0.46280902,1.50394
-0.46260902,1.47194
-0.46240902,1.47194
-0.46220902,1.43994
-0.46200902,1.43994
-0.46180902,1.47194
-0.46160902,1.47194
-0.46140902,1.50394
-0.46120902,1.47194
-0.46100902,1.43994
-0.46080902,1.40795
-0.46060902,1.43994
-0.46040902,1.40795
-0.46020902,1.37595
-0.46000902,1.40795
-0.45980902,1.37595
-0.45960902,1.40795
-0.45940902,1.37595
-0.45920902,1.37595
-0.45900902,1.37595
-0.45880902,1.37595
-0.45860902,1.34395
-0.45840902,1.31195
-0.45820902,1.34395
-0.45800902,1.34395
-0.45780902,1.27995
-0.45760902,1.37595
-0.45740902,1.34395
-0.45720902,1.31195
-0.45700902,1.34395
-0.45680902,1.27995
-0.45660902,1.24795
-0.45640902,1.24795
-0.45620902,1.24795
-0.45600902,1.24795
-0.45580902,1.27995
-0.45560902,1.24795
-0.45540902,1.24795
-0.45520902,1.24795
-0.45500902,1.21595
-0.45480902,1.18395
-0.45460902,1.18395
-0.45440902,1.18395
-0.45420902,1.15196
-0.45400902,1.18395
-0.45380902,1.18395
-0.45360902,1.18395
-0.45340902,1.18395
-0.45320902,1.15196
-0.45300902,1.15196
-0.45280902,1.08796
-0.45260902,1.11996
-0.45240902,1.11996
-0.45220902,1.08796
-0.45200902,1.08796
-0.45180902,1.11996
-0.45160902,1.05596
-0.45140902,1.08796
-0.45120902,1.02396
-0.45100902,1.05596
-0.45080902,0.991962
-0.45060902,1.02396
-0.45040902,1.02396
-0.45020902,1.02396
-0.45000902,0.991962
-0.44980902,1.02396
-0.44960902,0.991962
-0.44940902,0.959963
-0.44920902,0.959963
-0.44900902,0.927964
-0.44880902,0.895966
-0.44860902,0.927964
-0.44840902,0.927964
-0.44820902,0.927964
-0.44800902,0.927964
-0.44780902,0.895966
-0.44760902,0.927964
-0.44740902,0.927964
-0.44720902,0.863967
-0.44700902,0.863967
-0.44680902,0.895966
-0.44660902,0.863967
-0.44640902,0.863967
-0.44620902,0.863967
-0.44600902,0.831968
-0.44580902,0.895966
-0.44560902,0.863967
-0.44540902,0.831968
-0.44520902,0.799969
-0.44500902,0.799969
-0.44480902,0.767971
-0.44460902,0.735972
-0.44440902,0.831968
-0.44420902,0.767971
-0.44400902,0.767971
-0.44380902,0.799969
-0.44360902,0.767971
-0.44340902,0.735972
-0.44320902,0.767971
-0.44300902,0.735972
-0.44280902,0.703973
-0.44260902,0.703973
-0.44240902,0.703973
-0.44220902,0.735972
-0.44200902,0.735972
-0.44180902,0.703973
-0.44160902,0.671974
-0.44140902,0.671974
-0.44120902,0.607977
-0.44100902,0.607977
-0.44080902,0.639975
-0.44060902,0.607977
-0.44040902,0.607977
-0.44020902,0.671974
-0.44000902,0.607977
-0.43980902,0.639975
-0.43960902,0.607977
-0.43940902,0.543979
-0.43920902,0.543979
-0.43900902,0.543979
-0.43880902,0.543979
-0.43860902,0.51198
-0.43840902,0.575978
-0.43820902,0.51198
-0.43800902,0.51198
-0.43780902,0.575978
-0.43760902,0.51198
-0.43740902,0.447983
-0.43720902,0.447983
-0.43700902,0.447983
-0.43680902,0.479982
-0.43660902,0.447983
-0.43640902,0.447983
-0.43620902,0.447983
-0.43600902,0.447983
-0.43580902,0.415984
-0.43560902,0.415984
-0.43540902,0.383985
-0.43520902,0.351986
-0.43500902,0.383985
-0.43480902,0.319988
-0.43460902,0.351986
-0.43440902,0.415984
-0.43420902,0.319988
-0.43400902,0.351986
-0.43380902,0.351986
-0.43360902,0.287989
-0.43340902,0.25599
-0.43320902,0.319988
-0.43300902,0.319988
-0.43280902,0.25599
-0.43260902,0.25599
-0.43240902,0.287989
-0.43220902,0.287989
-0.43200902,0.287989
-0.43180902,0.25599
-0.43160902,0.223991
-0.43140902,0.223991
-0.43120902,0.223991
-0.43100902,0.223991
-0.43080902,0.223991
-0.43060902,0.223991
-0.43040902,0.223991
-0.43020902,0.191993
-0.43000902,0.223991
-0.42980902,0.159994
-0.42960902,0.159994
-0.42940902,0.159994
-0.42920902,0.127995
-0.42900902,0.127995
-0.42880902,0.127995
-0.42860902,0.127995
-0.42840902,0.0959963
-0.42820902,0.127995
-0.42800902,0.127995
-0.42780902,0.127995
-0.42760902,0.0959963
-0.42740902,0.0959963
-0.42720902,0.0639975
-0.42700902,0.0639975
-0.42680902,0.127995
-0.42660902,0.0639975
-0.42640902,0.0639975
-0.42620902,0.0959963
-0.42600902,0.0639975
-0.42580902,0.0319988
-0.42560902,0
-0.42540902,-0.0319988
-0.42520902,0.0319988
-0.42500902,0
-0.42480902,0
-0.42460902,0
-0.42440902,-0.0639975
-0.42420902,0
-0.42400902,0
-0.42380902,-0.0639975
-0.42360902,-0.0319988
-0.42340902,-0.0959963
-0.42320902,-0.0959963
-0.42300902,-0.0959963
-0.42280902,-0.0639975
-0.42260902,-0.0639975
-0.42240902,-0.127995
-0.42220902,-0.0959963
-0.42200902,-0.0959963
-0.42180902,-0.0959963
-0.42160902,-0.0959963
-0.42140902,-0.127995
-0.42120902,-0.127995
-0.42100902,-0.127995
-0.42080902,-0.159994
-0.42060902,-0.0959963
-0.42040902,-0.127995
-0.42020902,-0.0959963
-0.42000902,-0.191993
-0.41980902,-0.191993
-0.41960902,-0.159994
-0.41940902,-0.223991
-0.41920902,-0.159994
-0.41900902,-0.159994
-0.41880902,-0.223991
-0.41860902,-0.191993
-0.41840902,-0.191993
-0.41820902,-0.25599
-0.41800902,-0.191993
-0.41780902,-0.25599
-0.41760902,-0.25599
-0.41740902,-0.25599
-0.41720902,-0.223991
-0.41700902,-0.25599
-0.41680902,-0.223991
-0.41660902,-0.25599
-0.41640902,-0.25599
-0.41620902,-0.287989
-0.41600902,-0.25599
-0.41580902,-0.287989
-0.41560902,-0.287989
-0.41540902,-0.287989
-0.41520902,-0.319988
-0.41500902,-0.287989
-0.41480902,-0.287989
-0.41460902,-0.319988
-0.41440902,-0.319988
-0.41420902,-0.319988
-0.41400902,-0.351986
-0.41380902,-0.351986
-0.41360902,-0.351986
-0.41340902,-0.383985
-0.41320902,-0.383985
-0.41300902,-0.351986
-0.41280902,-0.415984
-0.41260902,-0.319988
-0.41240902,-0.351986
-0.41220902,-0.415984
-0.41200902,-0.415984
-0.41180902,-0.351986
-0.41160902,-0.415984
-0.41140902,-0.415984
-0.41120902,-0.383985
-0.41100902,-0.415984
-0.41080902,-0.383985
-0.41060902,-0.351986
-0.41040902,-0.447983
-0.41020902,-0.447983
-0.41000902,-0.415984
-0.40980902,-0.479982
-0.40960902,-0.447983
-0.40940902,-0.447983
-0.40920902,-0.479982
-0.40900902,-0.447983
-0.40880902,-0.447983
-0.40860902,-0.479982
-0.40840902,-0.51198
-0.40820902,-0.415984
-0.40800902,-0.479982
-0.40780902,-0.479982
-0.40760902,-0.479982
-0.40740902,-0.543979
-0.40720902,-0.543979
-0.40700902,-0.51198
-0.40680902,-0.543979
-0.40660902,-0.479982
-0.40640902,-0.51198
-0.40620902,-0.51198
-0.40600902,-0.543979
-0.40580902,-0.51198
-0.40560902,-0.543979
-0.40540902,-0.543979
-0.40520902,-0.543979
-0.40500902,-0.543979
-0.40480902,-0.543979
-0.40460902,-0.543979
-0.40440902,-0.543979
-0.40420902,-0.607977
-0.40400902,-0.575978
-0.40380902,-0.607977
-0.40360902,-0.575978
-0.40340902,-0.575978
-0.40320902,-0.575978
-0.40300902,-0.607977
-0.40280902,-0.607977
-0.40260902,-0.575978
-0.40240902,-0.575978
-0.40220902,-0.639975
-0.40200902,-0.607977
-0.40180902,-0.607977
-0.40160902,-0.639975
-0.40140902,-0.671974
-0.40120902,-0.607977
-0.40100902,-0.639975
-0.40080902,-0.607977
-0.40060902,-0.607977
-0.40040902,-0.703973
-0.40020902,-0.671974
-0.40000902,-0.639975
-0.39980902,-0.671974
-0.39960902,-0.639975
-0.39940902,-0.703973
-0.39920902,-0.671974
-0.39900902,-0.639975
-0.39880902,-0.671974
-0.39860902,-0.671974
-0.39840902,-0.703973
-0.39820902,-0.671974
-0.39800902,-0.703973
-0.39780902,-0.703973
-0.39760902,-0.671974
-0.39740902,-0.671974
-0.39720902,-0.703973
-0.39700902,-0.703973
-0.39680902,-0.703973
-0.39660902,-0.671974
-0.39640902,-0.671974
-0.39620902,-0.735972
-0.39600902,-0.703973
-0.39580902,-0.703973
-0.39560902,-0.703973
-0.39540902,-0.735972
-0.39520902,-0.671974
-0.39500902,-0.735972
-0.39480902,-0.671974
-0.39460902,-0.703973
-0.39440902,-0.703973
-0.39420902,-0.703973
-0.39400902,-0.703973
-0.39380902,-0.671974
-0.39360902,-0.767971
-0.39340902,-0.703973
-0.39320902,-0.703973
-0.39300902,-0.735972
-0.39280902,-0.703973
-0.39260902,-0.767971
-0.39240902,-0.735972
-0.39220902,-0.735972
-0.39200902,-0.735972
-0.39180902,-0.703973
-0.39160902,-0.703973
-0.39140902,-0.767971
-0.39120902,-0.735972
-0.39100902,-0.767971
-0.39080902,-0.767971
-0.39060902,-0.767971
-0.39040902,-0.767971
-0.39020902,-0.767971
-0.39000902,-0.767971
-0.38980902,-0.735972
-0.38960902,-0.735972
-0.38940902,-0.767971
-0.38920902,-0.735972
-0.38900902,-0.767971
-0.38880902,-0.799969
-0.38860902,-0.767971
-0.38840902,-0.767971
-0.38820902,-0.799969
-0.38800902,-0.767971
-0.38780902,-0.767971
-0.38760902,-0.735972
-0.38740902,-0.799969
-0.38720902,-0.703973
-0.38700902,-0.799969
-0.38680902,-0.799969
-0.38660902,-0.767971
-0.38640902,-0.735972
-0.38620902,-0.799969
-0.38600902,-0.799969
-0.38580902,-0.767971
-0.38560902,-0.767971
-0.38540902,-0.767971
-0.38520902,-0.767971
-0.38500902,-0.799969
-0.38480902,-0.799969
-0.38460902,-0.799969
-0.38440902,-0.831968
-0.38420902,-0.799969
-0.38400902,-0.767971
-0.38380902,-0.735972
-0.38360902,-0.799969
-0.38340902,-0.799969
-0.38320902,-0.799969
-0.38300902,-0.831968
-0.38280902,-0.767971
-0.38260902,-0.735972
-0.38240902,-0.799969
-0.38220902,-0.799969
-0.38200902,-0.799969
-0.38180902,-0.799969
-0.38160902,-0.831968
-0.38140902,-0.767971
-0.38120902,-0.799969
-0.38100902,-0.799969
-0.38080902,-0.799969
-0.38060902,-0.799969
-0.38040902,-0.799969
-0.38020902,-0.799969
-0.38000902,-0.799969
-0.37980902,-0.799969
-0.37960902,-0.831968
-0.37940902,-0.767971
-0.37920902,-0.863967
-0.37900902,-0.799969
-0.37880902,-0.799969
-0.37860902,-0.799969
-0.37840902,-0.767971
-0.37820902,-0.831968
-0.37800902,-0.799969
-0.37780902,-0.799969
-0.37760902,-0.831968
-0.37740902,-0.863967
-0.37720902,-0.831968
-0.37700902,-0.863967
-0.37680902,-0.831968
-0.37660902,-0.799969
-0.37640902,-0.863967
-0.37620902,-0.863967
-0.37600902,-0.799969
-0.37580902,-0.799969
-0.37560902,-0.831968
-0.37540902,-0.799969
-0.37520902,-0.831968
-0.37500902,-0.831968
-0.37480902,-0.799969
-0.37460902,-0.799969
-0.37440902,-0.831968
-0.37420902,-0.831968
-0.37400902,-0.831968
-0.37380902,-0.831968
-0.37360902,-0.799969
-0.37340902,-0.799969
-0.37320902,-0.799969
-0.37300902,-0.831968
-0.37280902,-0.831968
-0.37260902,-0.831968
-0.37240902,-0.831968
-0.37220902,-0.799969
-0.37200902,-0.863967
-0.37180902,-0.863967
-0.37160902,-0.895966
-0.37140902,-0.831968
-0.37120902,-0.767971
-0.37100902,-0.831968
-0.37080902,-0.831968
-0.37060902,-0.831968
-0.37040902,-0.831968
-0.37020902,-0.799969
-0.37000902,-0.799969
-0.36980902,-0.799969
-0.36960902,-0.831968
-0.36940902,-0.799969
-0.36920902,-0.863967
-0.36900902,-0.863967
-0.36880902,-0.831968
-0.36860902,-0.863967
-0.36840902,-0.831968
-0.36820902,-0.799969
-0.36800902,-0.831968
-0.36780902,-0.831968
-0.36760902,-0.831968
-0.36740902,-0.831968
-0.36720902,-0.831968
-0.36700902,-0.799969
-0.36680902,-0.831968
-0.36660902,-0.831968
-0.36640902,-0.831968
-0.36620902,-0.895966
-0.36600902,-0.831968
-0.36580902,-0.831968
-0.36560902,-0.831968
-0.36540902,-0.831968
-0.36520902,-0.863967
-0.36500902,-0.799969
-0.36480902,-0.831968
-0.36460902,-0.799969
-0.36440902,-0.799969
-0.36420902,-0.863967
-0.36400902,-0.799969
-0.36380902,-0.831968
-0.36360902,-0.863967
-0.36340902,-0.799969
-0.36320902,-0.799969
-0.36300902,-0.831968
-0.36280902,-0.799969
-0.36260902,-0.831968
-0.36240902,-0.831968
-0.36220902,-0.831968
-0.36200902,-0.799969
-0.36180902,-0.831968
-0.36160902,-0.799969
-0.36140902,-0.799969
-0.36120902,-0.831968
-0.36100902,-0.799969
-0.36080902,-0.831968
-0.36060902,-0.799969
-0.36040902,-0.799969
-0.36020902,-0.767971
-0.36000902,-0.831968
-0.35980902,-0.831968
-0.35960902,-0.799969
-0.35940902,-0.831968
-0.35920902,-0.767971
-0.35900902,-0.831968
-0.35880902,-0.799969
-0.35860902,-0.799969
-0.35840902,-0.767971
-0.35820902,-0.799969
-0.35800902,-0.799969
-0.35780902,-0.767971
-0.35760902,-0.767971
-0.35740902,-0.799969
-0.35720902,-0.767971
-0.35700902,-0.831968
-0.35680902,-0.767971
-0.35660902,-0.735972
-0.35640902,-0.767971
-0.35620902,-0.735972
-0.35600902,-0.831968
-0.35580902,-0.767971
-0.35560902,-0.767971
-0.35540902,-0.735972
-0.35520902,-0.799969
-0.35500902,-0.767971
-0.35480902,-0.767971
-0.35460902,-0.767971
-0.35440902,-0.767971
-0.35420902,-0.767971
-0.35400902,-0.735972
-0.35380902,-0.799969
-0.35360902,-0.799969
-0.35340902,-0.799969
-0.35320902,-0.767971
-0.35300902,-0.767971
-0.35280902,-0.799969
-0.35260902,-0.799969
-0.35240902,-0.799969
-0.35220902,-0.799969
-0.35200902,-0.735972
-0.35180902,-0.799969
-0.35160902,-0.735972
-0.35140902,-0.799969
-0.35120902,-0.799969
-0.35100902,-0.831968
-0.35080902,-0.735972
-0.35060902,-0.799969
-0.35040902,-0.799969
-0.35020902,-0.799969
-0.35000902,-0.799969
-0.34980902,-0.799969
-0.34960902,-0.767971
-0.34940902,-0.799969
-0.34920902,-0.799969
-0.34900902,-0.703973
-0.34880902,-0.735972
-0.34860902,-0.767971
-0.34840902,-0.767971
-0.34820902,-0.799969
-0.34800902,-0.799969
-0.34780902,-0.767971
-0.34760902,-0.767971
-0.34740902,-0.767971
-0.34720902,-0.767971
-0.34700902,-0.735972
-0.34680902,-0.767971
-0.34660902,-0.799969
-0.34640902,-0.767971
-0.34620902,-0.767971
-0.34600902,-0.703973
-0.34580902,-0.767971
-0.34560902,-0.767971
-0.34540902,-0.735972
-0.34520902,-0.767971
-0.34500902,-0.831968
-0.34480902,-0.767971
-0.34460902,-0.767971
-0.34440902,-0.799969
-0.34420902,-0.735972
-0.34400902,-0.767971
-0.34380902,-0.767971
-0.34360902,-0.703973
-0.34340902,-0.767971
-0.34320902,-0.735972
-0.34300902,-0.767971
-0.34280902,-0.767971
-0.34260902,-0.767971
-0.34240902,-0.767971
-0.34220902,-0.767971
-0.34200902,-0.767971
-0.34180902,-0.735972
-0.34160902,-0.767971
-0.34140902,-0.767971
-0.34120902,-0.799969
-0.34100902,-0.767971
-0.34080902,-0.767971
-0.34060902,-0.767971
-0.34040902,-0.767971
-0.34020902,-0.799969
-0.34000902,-0.799969
-0.33980902,-0.799969
-0.33960902,-0.767971
-0.33940902,-0.735972
-0.33920902,-0.735972
-0.33900902,-0.767971
-0.33880902,-0.767971
-0.33860902,-0.799969
-0.33840902,-0.767971
-0.33820902,-0.767971
-0.33800902,-0.703973
-0.33780902,-0.767971
-0.33760902,-0.799969
-0.33740902,-0.767971
-0.33720902,-0.767971
-0.33700902,-0.735972
-0.33680902,-0.767971
-0.33660902,-0.799969
-0.33640902,-0.735972
-0.33620902,-0.735972
-0.33600902,-0.767971
-0.33580902,-0.799969
-0.33560902,-0.767971
-0.33540902,-0.767971
-0.33520902,-0.767971
-0.33500902,-0.767971
-0.33480902,-0.767971
-0.33460902,-0.703973
-0.33440902,-0.735972
-0.33420902,-0.767971
-0.33400902,-0.703973
-0.33380902,-0.767971
-0.33360902,-0.767971
-0.33340902,-0.735972
-0.33320902,-0.735972
-0.33300902,-0.767971
-0.33280902,-0.767971
-0.33260902,-0.767971
-0.33240902,-0.767971
-0.33220902,-0.735972
-0.33200902,-0.767971
-0.33180902,-0.767971
-0.33160902,-0.767971
-0.33140902,-0.767971
-0.33120902,-0.735972
-0.33100902,-0.767971
-0.33080902,-0.767971
-0.33060902,-0.767971
-0.33040902,-0.767971
-0.33020902,-0.767971
-0.33000902,-0.799969
-0.32980902,-0.735972
-0.32960902,-0.767971
-0.32940902,-0.767971
-0.32920902,-0.735972
-0.32900902,-0.767971
-0.32880902,-0.735972
-0.32860902,-0.735972
-0.32840902,-0.831968
-0.32820902,-0.767971
-0.32800902,-0.767971
-0.32780902,-0.799969
-0.32760902,-0.767971
-0.32740902,-0.767971
-0.32720902,-0.799969
-0.32700902,-0.767971
-0.32680902,-0.767971
-0.32660902,-0.767971
-0.32640902,-0.799969
-0.32620902,-0.767971
-0.32600902,-0.767971
-0.32580902,-0.799969
-0.32560902,-0.767971
-0.32540902,-0.799969
-0.32520902,-0.767971
-0.32500902,-0.735972
-0.32480902,-0.799969
-0.32460902,-0.767971
-0.32440902,-0.767971
-0.32420902,-0.735972
-0.32400902,-0.767971
-0.32380902,-0.767971
-0.32360902,-0.735972
-0.32340902,-0.735972
-0.32320902,-0.767971
-0.32300902,-0.799969
-0.32280902,-0.767971
-0.32260902,-0.799969
-0.32240902,-0.799969
-0.32220902,-0.735972
-0.32200902,-0.767971
-0.32180902,-0.767971
-0.32160902,-0.767971
-0.32140902,-0.735972
-0.32120902,-0.767971
-0.32100902,-0.799969
-0.32080902,-0.767971
-0.32060902,-0.767971
-0.32040902,-0.767971
-0.32020902,-0.767971
-0.32000902,-0.767971
-0.31980902,-0.735972
-0.31960902,-0.703973
-0.31940902,-0.767971
-0.31920902,-0.735972
-0.31900902,-0.735972
-0.31880902,-0.767971
-0.31860902,-0.767971
-0.31840902,-0.703973
-0.31820902,-0.799969
-0.31800902,-0.767971
-0.31780902,-0.767971
-0.31760902,-0.735972
-0.31740902,-0.735972
-0.31720902,-0.735972
-0.31700902,-0.735972
-0.31680902,-0.735972
-0.31660902,-0.767971
-0.31640902,-0.735972
-0.31620902,-0.767971
-0.31600902,-0.703973
-0.31580902,-0.767971
-0.31560902,-0.735972
-0.31540902,-0.703973
-0.31520902,-0.799969
-0.31500902,-0.767971
-0.31480902,-0.735972
-0.31460902,-0.767971
-0.31440902,-0.767971
-0.31420902,-0.735972
-0.31400902,-0.735972
-0.31380902,-0.767971
-0.31360902,-0.735972
-0.31340902,-0.767971
-0.31320902,-0.735972
-0.31300902,-0.703973
-0.31280902,-0.735972
-0.31260902,-0.767971
-0.31240902,-0.703973
-0.31220902,-0.735972
-0.31200902,-0.767971
-0.31180902,-0.735972
-0.31160902,-0.735972
-0.31140902,-0.799969
-0.31120902,-0.767971
-0.31100902,-0.735972
-0.31080902,-0.735972
-0.31060902,-0.735972
-0.31040902,-0.735972
-0.31020902,-0.735972
-0.31000902,-0.703973
-0.30980902,-0.703973
-0.30960902,-0.735972
-0.30940902,-0.735972
-0.30920902,-0.703973
-0.30900902,-0.767971
-0.30880902,-0.735972
-0.30860902,-0.735972
-0.30840902,-0.735972
-0.30820902,-0.703973
-0.30800902,-0.703973
-0.30780902,-0.767971
-0.30760902,-0.703973
-0.30740902,-0.735972
-0.30720902,-0.735972
-0.30700902,-0.703973
-0.30680902,-0.735972
-0.30660902,-0.703973
-0.30640902,-0.671974
-0.30620902,-0.735972
-0.30600902,-0.703973
-0.30580902,-0.735972
-0.30560902,-0.735972
-0.30540902,-0.703973
-0.30520902,-0.703973
-0.30500902,-0.703973
-0.30480902,-0.703973
-0.30460902,-0.671974
-0.30440902,-0.639975
-0.30420902,-0.703973
-0.30400902,-0.703973
-0.30380902,-0.703973
-0.30360902,-0.671974
-0.30340902,-0.671974
-0.30320902,-0.703973
-0.30300902,-0.735972
-0.30280902,-0.703973
-0.30260902,-0.639975
-0.30240902,-0.671974
-0.30220902,-0.703973
-0.30200902,-0.703973
-0.30180902,-0.671974
-0.30160902,-0.703973
-0.30140902,-0.671974
-0.30120902,-0.671974
-0.30100902,-0.671974
-0.30080902,-0.639975
-0.30060902,-0.671974
-0.30040902,-0.671974
-0.30020902,-0.639975
-0.30000902,-0.607977
-0.29980902,-0.639975
-0.29960902,-0.639975
-0.29940902,-0.639975
-0.29920902,-0.639975
-0.29900902,-0.639975
-0.29880902,-0.639975
-0.29860902,-0.639975
-0.29840902,-0.639975
-0.29820902,-0.671974
-0.29800902,-0.671974
-0.29780902,-0.607977
-0.29760902,-0.639975
-0.29740902,-0.607977
-0.29720902,-0.607977
-0.29700902,-0.639975
-0.29680902,-0.671974
-0.29660902,-0.639975
-0.29640902,-0.639975
-0.29620902,-0.607977
-0.29600902,-0.607977
-0.29580902,-0.639975
-0.29560902,-0.639975
-0.29540902,-0.575978
-0.29520902,-0.607977
-0.29500902,-0.607977
-0.29480902,-0.607977
-0.29460902,-0.607977
-0.29440902,-0.575978
-0.29420902,-0.607977
-0.29400902,-0.575978
-0.29380902,-0.575978
-0.29360902,-0.607977
-0.29340902,-0.575978
-0.29320902,-0.639975
-0.29300902,-0.51198
-0.29280902,-0.575978
-0.29260902,-0.575978
-0.29240902,-0.51198
-0.29220902,-0.575978
-0.29200902,-0.575978
-0.29180902,-0.543979
-0.29160902,-0.575978
-0.29140902,-0.543979
-0.29120902,-0.543979
-0.29100902,-0.575978
-0.29080902,-0.607977
-0.29060902,-0.51198
-0.29040902,-0.575978
-0.29020902,-0.543979
-0.29000902,-0.51198
-0.28980902,-0.543979
-0.28960902,-0.51198
-0.28940902,-0.543979
-0.28920902,-0.543979
-0.28900902,-0.51198
-0.28880902,-0.51198
-0.28860902,-0.543979
-0.28840902,-0.51198
-0.28820902,-0.479982
-0.28800902,-0.575978
-0.28780902,-0.575978
-0.28760902,-0.543979
-0.28740902,-0.575978
-0.28720902,-0.51198
-0.28700902,-0.447983
-0.28680902,-0.51198
-0.28660902,-0.51198
-0.28640902,-0.479982
-0.28620902,-0.51198
-0.28600902,-0.51198
-0.28580902,-0.543979
-0.28560902,-0.543979
-0.28540902,-0.479982
-0.28520902,-0.543979
-0.28500902,-0.543979
-0.28480902,-0.447983
-0.28460902,-0.479982
-0.28440902,-0.51198
-0.28420902,-0.479982
-0.28400902,-0.479982
-0.28380902,-0.51198
-0.28360902,-0.543979
-0.28340902,-0.51198
-0.28320902,-0.51198
-0.28300902,-0.543979
-0.28280902,-0.51198
-0.28260902,-0.51198
-0.28240902,-0.479982
-0.28220902,-0.479982
-0.28200902,-0.479982
-0.28180902,-0.479982
-0.28160902,-0.479982
-0.28140902,-0.479982
-0.28120902,-0.479982
-0.28100902,-0.447983
-0.28080902,-0.479982
-0.28060902,-0.447983
-0.28040902,-0.447983
-0.28020902,-0.51198
-0.28000902,-0.447983
-0.27980902,-0.447983
-0.27960902,-0.51198
-0.27940902,-0.479982
-0.27920902,-0.447983
-0.27900902,-0.479982
-0.27880902,-0.447983
-0.27860902,-0.479982
-0.27840902,-0.479982
-0.27820902,-0.447983
-0.27800902,-0.447983
-0.27780902,-0.479982
-0.27760902,-0.447983
-0.27740902,-0.447983
-0.27720902,-0.51198
-0.27700902,-0.479982
-0.27680902,-0.479982
-0.27660902,-0.479982
-0.27640902,-0.447983
-0.27620902,-0.383985
-0.27600902,-0.479982
-0.27580902,-0.415984
-0.27560902,-0.415984
-0.27540902,-0.479982
-0.27520902,-0.447983
-0.27500902,-0.479982
-0.27480902,-0.479982
-0.27460902,-0.447983
-0.27440902,-0.479982
-0.27420902,-0.479982
-0.27400902,-0.51198
-0.27380902,-0.415984
-0.27360902,-0.479982
-0.27340902,-0.447983
-0.27320902,-0.447983
-0.27300902,-0.479982
-0.27280902,-0.447983
-0.27260902,-0.447983
-0.27240902,-0.479982
-0.27220902,-0.447983
-0.27200902,-0.447983
-0.27180902,-0.479982
-0.27160902,-0.447983
-0.27140902,-0.479982
-0.27120902,-0.447983
-0.27100902,-0.447983
-0.27080902,-0.447983
-0.27060902,-0.447983
-0.27040902,-0.447983
-0.27020902,-0.415984
-0.27000902,-0.479982
-0.26980902,-0.415984
-0.26960902,-0.447983
-0.26940902,-0.415984
-0.26920902,-0.415984
-0.26900902,-0.447983
-0.26880902,-0.479982
-0.26860902,-0.447983
-0.26840902,-0.415984
-0.26820902,-0.479982
-0.26800902,-0.447983
-0.26780902,-0.415984
-0.26760902,-0.479982
-0.26740902,-0.447983
-0.26720902,-0.447983
-0.26700902,-0.479982
-0.26680902,-0.415984
-0.26660902,-0.447983
-0.26640902,-0.447983
-0.26620902,-0.447983
-0.26600902,-0.383985
-0.26580902,-0.447983
-0.26560902,-0.479982
-0.26540902,-0.447983
-0.26520902,-0.447983
-0.26500902,-0.447983
-0.26480902,-0.479982
-0.26460902,-0.479982
-0.26440902,-0.479982
-0.26420902,-0.415984
-0.26400902,-0.447983
-0.26380902,-0.415984
-0.26360902,-0.383985
-0.26340902,-0.447983
-0.26320902,-0.415984
-0.26300902,-0.447983
-0.26280902,-0.447983
-0.26260902,-0.415984
-0.26240902,-0.415984
-0.26220902,-0.479982
-0.26200902,-0.415984
-0.26180902,-0.447983
-0.26160902,-0.479982
-0.26140902,-0.415984
-0.26120902,-0.415984
-0.26100902,-0.447983
-0.26080902,-0.415984
-0.26060902,-0.415984
-0.26040902,-0.447983
-0.26020902,-0.447983
-0.26000902,-0.415984
-0.25980902,-0.415984
-0.25960902,-0.415984
-0.25940902,-0.351986
-0.25920902,-0.479982
-0.25900902,-0.415984
-0.25880902,-0.447983
-0.25860902,-0.447983
-0.25840902,-0.383985
-0.25820902,-0.415984
-0.25800902,-0.383985
-0.25780902,-0.383985
-0.25760902,-0.383985
-0.25740902,-0.415984
-0.25720902,-0.383985
-0.25700902,-0.383985
-0.25680902,-0.415984
-0.25660902,-0.351986
-0.25640902,-0.415984
-0.25620902,-0.383985
-0.25600902,-0.383985
-0.25580902,-0.383985
-0.25560902,-0.415984
-0.25540902,-0.383985
-0.25520902,-0.351986
-0.25500902,-0.415984
-0.25480902,-0.415984
-0.25460902,-0.383985
-0.25440902,-0.383985
-0.25420902,-0.383985
-0.25400902,-0.351986
-0.25380902,-0.383985
-0.25360902,-0.383985
-0.25340902,-0.415984
-0.25320902,-0.383985
-0.25300902,-0.351986
-0.25280902,-0.383985
-0.25260902,-0.383985
-0.25240902,-0.351986
-0.25220902,-0.351986
-0.25200902,-0.351986
-0.25180902,-0.319988
-0.25160902,-0.351986
-0.25140902,-0.319988
-0.25120902,-0.351986
-0.25100902,-0.351986
-0.25080902,-0.383985
-0.25060902,-0.319988
-0.25040902,-0.351986
-0.25020902,-0.383985
-0.25000902,-0.351986
-0.24980902,-0.319988
-0.24960902,-0.319988
-0.24940902,-0.351986
-0.24920902,-0.319988
-0.24900902,-0.319988
-0.24880902,-0.319988
-0.24860902,-0.351986
-0.24840902,-0.351986
-0.24820902,-0.351986
-0.24800902,-0.319988
-0.24780902,-0.319988
-0.24760902,-0.351986
-0.24740902,-0.319988
-0.24720902,-0.351986
-0.24700902,-0.319988
-0.24680902,-0.319988
-0.24660902,-0.319988
-0.24640902,-0.319988
-0.24620902,-0.319988
-0.24600902,-0.287989
-0.24580902,-0.287989
-0.24560902,-0.351986
-0.24540902,-0.287989
-0.24520902,-0.319988
-0.24500902,-0.319988
-0.24480902,-0.287989
-0.24460902,-0.287989
-0.24440902,-0.319988
-0.24420902,-0.319988
-0.24400902,-0.287989
-0.24380902,-0.319988
-0.24360902,-0.319988
-0.24340902,-0.287989
-0.24320902,-0.319988
-0.24300902,-0.287989
-0.24280902,-0.287989
-0.24260902,-0.287989
-0.24240902,-0.287989
-0.24220902,-0.287989
-0.24200902,-0.25599
-0.24180902,-0.319988
-0.24160902,-0.287989
-0.24140902,-0.25599
-0.24120902,-0.319988
-0.24100902,-0.287989
-0.24080902,-0.319988
-0.24060902,-0.287989
-0.24040902,-0.25599
-0.24020902,-0.287989
-0.24000902,-0.287989
-0.23980902,-0.25599
-0.23960902,-0.287989
-0.23940902,-0.287989
-0.23920902,-0.25599
-0.23900902,-0.25599
-0.23880902,-0.319988
-0.23860902,-0.287989
-0.23840902,-0.319988
-0.23820902,-0.287989
-0.23800902,-0.223991
-0.23780902,-0.287989
-0.23760902,-0.319988
-0.23740902,-0.25599
-0.23720902,-0.287989
-0.23700902,-0.287989
-0.23680902,-0.319988
-0.23660902,-0.25599
-0.23640902,-0.287989
-0.23620902,-0.319988
-0.23600902,-0.287989
-0.23580902,-0.287989
-0.23560902,-0.223991
-0.23540902,-0.223991
-0.23520902,-0.223991
-0.23500902,-0.287989
-0.23480902,-0.287989
-0.23460902,-0.223991
-0.23440902,-0.223991
-0.23420902,-0.25599
-0.23400902,-0.25599
-0.23380902,-0.25599
-0.23360902,-0.25599
-0.23340902,-0.25599
-0.23320902,-0.287989
-0.23300902,-0.287989
-0.23280902,-0.25599
-0.23260902,-0.25599
-0.23240902,-0.25599
-0.23220902,-0.223991
-0.23200902,-0.25599
-0.23180902,-0.223991
-0.23160902,-0.25599
-0.23140902,-0.191993
-0.23120902,-0.25599
-0.23100902,-0.287989
-0.23080902,-0.191993
-0.23060902,-0.25599
-0.23040902,-0.25599
-0.23020902,-0.25599
-0.23000902,-0.25599
-0.22980902,-0.287989
-0.22960902,-0.223991
-0.22940902,-0.25599
-0.22920902,-0.223991
-0.22900902,-0.223991
-0.22880902,-0.287989
-0.22860902,-0.25599
-0.22840902,-0.25599
-0.22820902,-0.287989
-0.22800902,-0.287989
-0.22780902,-0.25599
-0.22760902,-0.25599
-0.22740902,-0.25599
-0.22720902,-0.223991
-0.22700902,-0.287989
-0.22680902,-0.287989
-0.22660902,-0.223991
-0.22640902,-0.287989
-0.22620902,-0.287989
-0.22600902,-0.223991
-0.22580902,-0.287989
-0.22560902,-0.223991
-0.22540902,-0.223991
-0.22520902,-0.223991
-0.22500902,-0.223991
-0.22480902,-0.25599
-0.22460902,-0.25599
-0.22440902,-0.25599
-0.22420902,-0.287989
-0.22400902,-0.223991
-0.22380902,-0.223991
-0.22360902,-0.25599
-0.22340902,-0.25599
-0.22320902,-0.25599
-0.22300902,-0.191993
-0.22280902,-0.25599
-0.22260902,-0.25599
-0.22240902,-0.223991
-0.22220902,-0.25599
-0.22200902,-0.287989
-0.22180902,-0.191993
-0.22160902,-0.223991
-0.22140902,-0.25599
-0.22120902,-0.25599
-0.22100902,-0.287989
-0.22080902,-0.223991
-0.22060902,-0.223991
-0.22040902,-0.25599
-0.22020902,-0.287989
-0.22000902,-0.223991
-0.21980902,-0.191993
-0.21960902,-0.25599
-0.21940902,-0.223991
-0.21920902,-0.287989
-0.21900902,-0.223991
-0.21880902,-0.223991
-0.21860902,-0.25599
-0.21840902,-0.25599
-0.21820902,-0.191993
-0.21800902,-0.25599
-0.21780902,-0.25599
-0.21760902,-0.223991
-0.21740902,-0.25599
-0.21720902,-0.25599
-0.21700902,-0.223991
-0.21680902,-0.25599
-0.21660902,-0.287989
-0.21640902,-0.223991
-0.21620902,-0.25599
-0.21600902,-0.223991
-0.21580902,-0.191993
-0.21560902,-0.25599
-0.21540902,-0.25599
-0.21520902,-0.25599
-0.21500902,-0.287989
-0.21480902,-0.287989
-0.21460902,-0.223991
-0.21440902,-0.25599
-0.21420902,-0.25599
-0.21400902,-0.223991
-0.21380902,-0.25599
-0.21360902,-0.287989
-0.21340902,-0.25599
-0.21320902,-0.287989
-0.21300902,-0.287989
-0.21280902,-0.287989
-0.21260902,-0.25599
-0.21240902,-0.25599
-0.21220902,-0.223991
-0.21200902,-0.287989
-0.21180902,-0.319988
-0.21160902,-0.223991
-0.21140902,-0.25599
-0.21120902,-0.287989
-0.21100902,-0.287989
-0.21080902,-0.287989
-0.21060902,-0.223991
-0.21040902,-0.287989
-0.21020902,-0.25599
-0.21000902,-0.25599
-0.20980902,-0.223991
-0.20960902,-0.223991
-0.20940902,-0.25599
-0.20920902,-0.25599
-0.20900902,-0.25599
-0.20880902,-0.287989
-0.20860902,-0.287989
-0.20840902,-0.223991
-0.20820902,-0.25599
-0.20800902,-0.223991
-0.20780902,-0.25599
-0.20760902,-0.223991
-0.20740902,-0.25599
-0.20720902,-0.287989
-0.20700902,-0.287989
-0.20680902,-0.287989
-0.20660902,-0.25599
-0.20640902,-0.25599
-0.20620902,-0.287989
-0.20600902,-0.287989
-0.20580902,-0.25599
-0.20560902,-0.25599
-0.20540902,-0.223991
-0.20520902,-0.25599
-0.20500902,-0.319988
-0.20480902,-0.25599
-0.20460902,-0.25599
-0.20440902,-0.25599
-0.20420902,-0.287989
-0.20400902,-0.25599
-0.20380902,-0.223991
-0.20360902,-0.25599
-0.20340902,-0.25599
-0.20320902,-0.223991
-0.20300902,-0.25599
-0.20280902,-0.223991
-0.20260902,-0.25599
-0.20240902,-0.25599
-0.20220902,-0.223991
-0.20200902,-0.25599
-0.20180902,-0.25599
-0.20160902,-0.25599
-0.20140902,-0.25599
-0.20120902,-0.25599
-0.20100902,-0.287989
-0.20080902,-0.287989
-0.20060902,-0.25599
-0.20040902,-0.223991
-0.20020902,-0.319988
-0.20000902,-0.223991
-0.19980902,-0.25599
-0.19960902,-0.223991
-0.19940902,-0.25599
-0.19920902,-0.25599
-0.19900902,-0.25599
-0.19880902,-0.25599
-0.19860902,-0.287989
-0.19840902,-0.191993
-0.19820902,-0.287989
-0.19800902,-0.25599
-0.19780902,-0.25599
-0.19760902,-0.25599
-0.19740902,-0.287989
-0.19720902,-0.223991
-0.19700902,-0.287989
-0.19680902,-0.25599
-0.19660902,-0.25599
-0.19640902,-0.25599
-0.19620902,-0.25599
-0.19600902,-0.191993
-0.19580902,-0.25599
-0.19560902,-0.223991
-0.19540902,-0.25599
-0.19520902,-0.223991
-0.19500902,-0.287989
-0.19480902,-0.223991
-0.19460902,-0.223991
-0.19440902,-0.25599
-0.19420902,-0.223991
-0.19400902,-0.287989
-0.19380902,-0.25599
-0.19360902,-0.25599
-0.19340902,-0.287989
-0.19320902,-0.223991
-0.19300902,-0.223991
-0.19280902,-0.25599
-0.19260902,-0.25599
-0.19240902,-0.223991
-0.19220902,-0.223991
-0.19200902,-0.25599
-0.19180902,-0.223991
-0.19160902,-0.25599
-0.19140902,-0.25599
-0.19120902,-0.191993
-0.19100902,-0.25599
-0.19080902,-0.25599
-0.19060902,-0.223991
-0.19040902,-0.25599
-0.19020902,-0.223991
-0.19000902,-0.25599
-0.18980902,-0.25599
-0.18960902,-0.287989
-0.18940902,-0.223991
-0.18920902,-0.287989
-0.18900902,-0.223991
-0.18880902,-0.287989
-0.18860902,-0.223991
-0.18840902,-0.25599
-0.18820902,-0.223991
-0.18800902,-0.25599
-0.18780902,-0.25599
-0.18760902,-0.25599
-0.18740902,-0.223991
-0.18720902,-0.223991
-0.18700902,-0.191993
-0.18680902,-0.191993
-0.18660902,-0.25599
-0.18640902,-0.223991
-0.18620902,-0.223991
-0.18600902,-0.191993
-0.18580902,-0.223991
-0.18560902,-0.223991
-0.18540902,-0.287989
-0.18520902,-0.127995
-0.18500902,-0.223991
-0.18480902,-0.223991
-0.18460902,-0.159994
-0.18440902,-0.223991
-0.18420902,-0.191993
-0.18400902,-0.191993
-0.18380902,-0.223991
-0.18360902,-0.223991
-0.18340902,-0.223991
-0.18320902,-0.223991
-0.18300902,-0.159994
-0.18280902,-0.159994
-0.18260902,-0.223991
-0.18240902,-0.223991
-0.18220902,-0.159994
-0.18200902,-0.191993
-0.18180902,-0.159994
-0.18160902,-0.127995
-0.18140902,-0.25599
-0.18120902,-0.191993
-0.18100902,-0.159994
-0.18080902,-0.191993
-0.18060902,-0.191993
-0.18040902,-0.191993
-0.18020902,-0.223991
-0.18000902,-0.223991
-0.17980902,-0.159994
-0.17960902,-0.223991
-0.17940902,-0.159994
-0.17920902,-0.191993
-0.17900902,-0.159994
-0.17880902,-0.223991
-0.17860902,-0.159994
-0.17840902,-0.191993
-0.17820902,-0.159994
-0.17800902,-0.159994
-0.17780902,-0.191993
-0.17760902,-0.191993
-0.17740902,-0.159994
-0.17720902,-0.159994
-0.17700902,-0.191993
-0.17680902,-0.159994
-0.17660902,-0.159994
-0.17640902,-0.191993
-0.17620902,-0.191993
-0.17600902,-0.159994
-0.17580902,-0.159994
-0.17560902,-0.159994
-0.17540902,-0.191993
-0.17520902,-0.191993
-0.17500902,-0.0959963
-0.17480902,-0.191993
-0.17460902,-0.159994
-0.17440902,-0.159994
-0.17420902,-0.127995
-0.17400902,-0.159994
-0.17380902,-0.127995
-0.17360902,-0.191993
-0.17340902,-0.191993
-0.17320902,-0.191993
-0.17300902,-0.159994
-0.17280902,-0.159994
-0.17260902,-0.191993
-0.17240902,-0.191993
-0.17220902,-0.159994
-0.17200902,-0.191993
-0.17180902,-0.191993
-0.17160902,-0.127995
-0.17140902,-0.127995
-0.17120902,-0.159994
-0.17100902,-0.159994
-0.17080902,-0.159994
-0.17060902,-0.159994
-0.17040902,-0.159994
-0.17020902,-0.127995
-0.17000902,-0.191993
-0.16980902,-0.159994
-0.16960902,-0.159994
-0.16940902,-0.191993
-0.16920902,-0.127995
-0.16900902,-0.159994
-0.16880902,-0.127995
-0.16860902,-0.0959963
-0.16840902,-0.159994
-0.16820902,-0.159994
-0.16800902,-0.127995
-0.16780902,-0.159994
-0.16760902,-0.127995
-0.16740902,-0.0959963
-0.16720902,-0.127995
-0.16700902,-0.191993
-0.16680902,-0.127995
-0.16660902,-0.127995
-0.16640902,-0.127995
-0.16620902,-0.191993
-0.16600902,-0.127995
-0.16580902,-0.159994
-0.16560902,-0.191993
-0.16540902,-0.127995
-0.16520902,-0.159994
-0.16500902,-0.159994
-0.16480902,-0.159994
-0.16460902,-0.159994
-0.16440902,-0.159994
-0.16420902,-0.159994
-0.16400902,-0.127995
-0.16380902,-0.159994
-0.16360902,-0.127995
-0.16340902,-0.127995
-0.16320902,-0.0959963
-0.16300902,-0.127995
-0.16280902,-0.127995
-0.16260902,-0.0959963
-0.16240902,-0.127995
-0.16220902,-0.191993
-0.16200902,-0.159994
-0.16180902,-0.0959963
-0.16160902,-0.159994
-0.16140902,-0.127995
-0.16120902,-0.127995
-0.16100902,-0.159994
-0.16080902,-0.127995
-0.16060902,-0.0959963
-0.16040902,-0.159994
-0.16020902,-0.159994
-0.16000902,-0.127995
-0.15980902,-0.127995
-0.15960902,-0.0959963
-0.15940902,-0.0959963
-0.15920902,-0.159994
-0.15900902,-0.127995
-0.15880902,-0.127995
-0.15860902,-0.127995
-0.15840902,-0.0959963
-0.15820902,-0.127995
-0.15800902,-0.127995
-0.15780902,-0.127995
-0.15760902,-0.0959963
-0.15740902,-0.127995
-0.15720902,-0.127995
-0.15700902,-0.0319988
-0.15680902,-0.0959963
-0.15660902,-0.127995
-0.15640902,-0.0959963
-0.15620902,-0.127995
-0.15600902,-0.127995
-0.15580902,-0.127995
-0.15560902,-0.159994
-0.15540902,-0.0959963
-0.15520902,-0.127995
-0.15500902,-0.127995
-0.15480902,-0.127995
-0.15460902,-0.0639975
-0.15440902,-0.159994
-0.15420902,-0.127995
-0.15400902,-0.0959963
-0.15380902,-0.159994
-0.15360902,-0.127995
-0.15340902,-0.0959963
-0.15320902,-0.159994
-0.15300902,-0.127995
-0.15280902,-0.127995
-0.15260902,-0.0959963
-0.15240902,-0.159994
-0.15220902,-0.0959963
-0.15200902,-0.127995
-0.15180902,-0.127995
-0.15160902,-0.127995
-0.15140902,-0.127995
-0.15120902,-0.159994
-0.15100902,-0.159994
-0.15080902,-0.127995
-0.15060902,-0.0959963
-0.15040902,-0.0959963
-0.15020902,-0.127995
-0.15000902,-0.0959963
-0.14980902,-0.0959963
-0.14960902,-0.0959963
-0.14940902,-0.127995
-0.14920902,-0.0639975
-0.14900902,-0.127995
-0.14880902,-0.0959963
-0.14860902,-0.0959963
-0.14840902,-0.0639975
-0.14820902,-0.127995
-0.14800902,-0.127995
-0.14780902,-0.0959963
-0.14760902,-0.0959963
-0.14740902,-0.0959963
-0.14720902,-0.0959963
-0.14700902,-0.0959963
-0.14680902,-0.0959963
-0.14660902,-0.127995
-0.14640902,-0.0959963
-0.14620902,-0.0639975
-0.14600902,-0.0959963
-0.14580902,-0.0959963
-0.14560902,-0.0639975
-0.14540902,-0.0959963
-0.14520902,-0.0639975
-0.14500902,-0.0319988
-0.14480902,-0.0639975
-0.14460902,-0.0639975
-0.14440902,-0.0639975
-0.14420902,-0.0639975
-0.14400902,-0.0639975
-0.14380902,-0.0639975
-0.14360902,-0.127995
-0.14340902,-0.0319988
-0.14320902,-0.0639975
-0.14300902,-0.0319988
-0.14280902,-0.0639975
-0.14260902,-0.0639975
-0.14240902,-0.0959963
-0.14220902,-0.0319988
-0.14200902,-0.0959963
-0.14180902,-0.0959963
-0.14160902,0
-0.14140902,-0.0319988
-0.14120902,-0.0639975
-0.14100902,-0.0959963
-0.14080902,-0.0319988
-0.14060902,-0.0639975
-0.14040902,-0.0639975
-0.14020902,-0.0639975
-0.14000902,-0.0959963
-0.13980902,-0.0639975
-0.13960902,-0.0319988
-0.13940902,-0.127995
-0.13920902,-0.0959963
-0.13900902,-0.0639975
-0.13880902,-0.0959963
-0.13860902,-0.0319988
-0.13840902,-0.0319988
-0.13820902,-0.0639975
-0.13800902,-0.0639975
-0.13780902,-0.0959963
-0.13760902,-0.0959963
-0.13740902,-0.0639975
-0.13720902,-0.0639975
-0.13700902,-0.0959963
-0.13680902,-0.0639975
-0.13660902,-0.0319988
-0.13640902,-0.0959963
-0.13620902,-0.0639975
-0.13600902,-0.0639975
-0.13580902,-0.0639975
-0.13560902,-0.0319988
-0.13540902,-0.0639975
-0.13520902,-0.0639975
-0.13500902,-0.0319988
-0.13480902,-0.0319988
-0.13460902,-0.0639975
-0.13440902,-0.0639975
-0.13420902,-0.0319988
-0.13400902,-0.0639975
-0.13380902,-0.0319988
-0.13360902,-0.0319988
-0.13340902,-0.0319988
-0.13320902,-0.0319988
-0.13300902,-0.0319988
-0.13280902,-0.0639975
-0.13260902,-0.0639975
-0.13240902,-0.0639975
-0.13220902,-0.0959963
-0.13200902,-0.0319988
-0.13180902,0
-0.13160902,-0.0639975
-0.13140902,-0.0319988
-0.13120902,-0.0639975
-0.13100902,-0.0959963
-0.13080902,-0.0319988
-0.13060902,-0.0319988
-0.13040902,-0.0639975
-0.13020902,-0.0319988
-0.13000902,0
-0.12980902,-0.0319988
-0.12960902,-0.0319988
-0.12940902,-0.0319988
-0.12920902,-0.0639975
-0.12900902,-0.0319988
-0.12880902,0
-0.12860902,-0.0639975
-0.12840902,-0.0319988
-0.12820902,0
-0.12800902,0
-0.12780902,0
-0.12760902,-0.0319988
-0.12740902,-0.0319988
-0.12720902,-0.0319988
-0.12700902,0
-0.12680902,0
-0.12660902,0
-0.12640902,-0.0319988
-0.12620902,-0.0319988
-0.12600902,0
-0.12580902,-0.0319988
-0.12560902,-0.0319988
-0.12540902,-0.0319988
-0.12520902,0
-0.12500902,-0.0319988
-0.12480902,-0.0319988
-0.12460902,0.0319988
-0.12440902,0.0319988
-0.12420902,0
-0.12400902,0.0319988
-0.12380902,0
-0.12360902,0
-0.12340902,0
-0.12320902,0
-0.12300902,0
-0.12280902,0.0319988
-0.12260902,-0.0319988
-0.12240902,0.0319988
-0.12220902,0
-0.12200902,-0.0319988
-0.12180902,0.0319988
-0.12160902,0.0319988
-0.12140902,-0.0639975
-0.12120902,0
-0.12100902,0.0319988
-0.12080902,0
-0.12060902,0
-0.12040902,0.0319988
-0.12020902,0
-0.12000902,0
-0.11980902,0.0319988
-0.11960902,-0.0639975
-0.11940902,0.0319988
-0.11920902,0.0319988
-0.11900902,-0.0319988
-0.11880902,0
-0.11860902,0.0319988
-0.11840902,0.0639975
-0.11820902,0.0319988
-0.11800902,0
-0.11780902,-0.0319988
-0.11760902,0.0319988
-0.11740902,0
-0.11720902,-0.0319988
-0.11700902,0.0319988
-0.11680902,0.0319988
-0.11660902,0
-0.11640902,0
-0.11620902,-0.0319988
-0.11600902,0
-0.11580902,0.0319988
-0.11560902,0.0319988
-0.11540902,0
-0.11520902,0.0319988
-0.11500902,0.0639975
-0.11480902,0
-0.11460902,0.0319988
-0.11440902,0.0639975
-0.11420902,0
-0.11400902,0.0319988
-0.11380902,0.0639975
-0.11360902,0
-0.11340902,0.0319988
-0.11320902,0.0319988
-0.11300902,0
-0.11280902,0
-0.11260902,0.0319988
-0.11240902,0.0319988
-0.11220902,0.0639975
-0.11200902,0.0319988
-0.11180902,0
-0.11160902,0
-0.11140902,0.0639975
-0.11120902,0
-0.11100902,-0.0319988
-0.11080902,0
-0.11060902,-0.0319988
-0.11040902,0
-0.11020902,0.0319988
-0.11000902,0
-0.10980902,0.0319988
-0.10960902,0
-0.10940902,0.0319988
-0.10920902,0.0319988
-0.10900902,0.0319988
-0.10880902,0
-0.10860902,0.0639975
-0.10840902,0.0639975
-0.10820902,0
-0.10800902,0
-0.10780902,0.0319988
-0.10760902,0
-0.10740902,0.0639975
-0.10720902,0.0639975
-0.10700902,0.0639975
-0.10680902,0.0319988
-0.10660902,0.0639975
-0.10640902,0
-0.10620902,0.0639975
-0.10600902,0.0639975
-0.10580902,0.0319988
-0.10560902,0.0319988
-0.10540902,0
-0.10520902,0.0319988
-0.10500902,0.0319988
-0.10480902,0.0319988
-0.10460902,0
-0.10440902,0
-0.10420902,0.0319988
-0.10400902,-0.0319988
-0.10380902,0
-0.10360902,0.0319988
-0.10340902,0.0319988
-0.10320902,0
-0.10300902,0
-0.10280902,0.0319988
-0.10260902,0.0319988
-0.10240902,0
-0.10220902,0
-0.10200902,0.0319988
-0.10180902,-0.0319988
-0.10160902,0
-0.10140902,0.0319988
-0.10120902,0
-0.10100902,-0.0319988
-0.10080902,0
-0.10060902,-0.0319988
-0.10040902,-0.0319988
-0.10020902,0
-0.10000902,0
-0.099809019,0
-0.099609019,0
-0.099409019,0
-0.099209019,-0.0319988
-0.099009019,0.0319988
-0.098809019,-0.0319988
-0.098609019,-0.0639975
-0.098409019,0
-0.098209019,0.0319988
-0.098009019,0
-0.097809019,-0.0319988
-0.097609019,0
-0.097409019,0
-0.097209019,-0.0319988
-0.097009019,0.0319988
-0.096809019,-0.0319988
-0.096609019,0
-0.096409019,0.0319988
-0.096209019,-0.0319988
-0.096009019,0
-0.095809019,0
-0.095609019,0
-0.095409019,0.0319988
-0.095209019,0
-0.095009019,-0.0319988
-0.094809019,0
-0.094609019,0.0639975
-0.094409019,-0.0319988
-0.094209019,0
-0.094009019,0
-0.093809019,0.0319988
-0.093609019,-0.0319988
-0.093409019,0
-0.093209019,0
-0.093009019,-0.0319988
-0.092809019,0
-0.092609019,0
-0.092409019,-0.0319988
-0.092209019,0
-0.092009019,0.0319988
-0.091809019,0.0319988
-0.091609019,0.0319988
-0.091409019,0
-0.091209019,0.0319988
-0.091009019,0
-0.090809019,0
-0.090609019,0
-0.090409019,-0.0319988
-0.090209019,-0.0319988
-0.090009019,0
-0.089809019,0
-0.089609019,-0.0319988
-0.089409019,0
-0.089209019,0
-0.089009019,-0.0639975
-0.088809019,0
-0.088609019,0.0319988
-0.088409019,-0.0319988
-0.088209019,0
-0.088009019,-0.0319988
-0.087809019,0
-0.087609019,0
-0.087409019,0.0639975
-0.087209019,0
-0.087009019,-0.0319988
-0.086809019,0.0319988
-0.086609019,0
-0.086409019,0
-0.086209019,0.0639975
-0.086009019,-0.0319988
-0.085809019,0
-0.085609019,0.0319988
-0.085409019,-0.0319988
-0.085209019,0.0319988
-0.085009019,0.0319988
-0.084809019,0
-0.084609019,-0.0319988
-0.084409019,0
-0.084209019,-0.0319988
-0.084009019,0.0319988
-0.083809019,0.0319988
-0.083609019,0.0319988
-0.083409019,0
-0.083209019,0
-0.083009019,0
-0.082809019,0.0319988
-0.082609019,0
-0.082409019,-0.0319988
-0.082209019,0.0319988
-0.082009019,0.0319988
-0.081809019,0.0319988
-0.081609019,0.0319988
-0.081409019,0.0639975
-0.081209019,0.0639975
-0.081009019,0
-0.080809019,0.0959963
-0.080609019,0
-0.080409019,0.0319988
-0.080209019,0.0639975
-0.080009019,0
-0.079809019,0
-0.079609019,0.0639975
-0.079409019,0
-0.079209019,0
-0.079009019,0.0319988
-0.078809019,0
-0.078609019,0.0639975
-0.078409019,0.0319988
-0.078209019,0
-0.078009019,0.0639975
-0.077809019,0.0639975
-0.077609019,0.0319988
-0.077409019,0.0639975
-0.077209019,0.0639975
-0.077009019,0.0639975
-0.076809019,0.0319988
-0.076609019,0
-0.076409019,0
-0.076209019,0.0319988
-0.076009019,0.0639975
-0.075809019,0
-0.075609019,0.0319988
-0.075409019,0.0959963
-0.075209019,0.0639975
-0.075009019,0.0319988
-0.074809019,0.0319988
-0.074609019,0
-0.074409019,0.0319988
-0.074209019,0.0959963
-0.074009019,0.0639975
-0.073809019,0.0639975
-0.073609019,0.0319988
-0.073409019,0.0959963
-0.073209019,0.0959963
-0.073009019,0.0639975
-0.072809019,0.0319988
-0.072609019,0.0639975
-0.072409019,0.0319988
-0.072209019,0.0639975
-0.072009019,0.0639975
-0.071809019,0.0639975
-0.071609019,0.0639975
-0.071409019,0.0639975
-0.071209019,0.0639975
-0.071009019,0.0319988
-0.070809019,0.0959963
-0.070609019,0.0319988
-0.070409019,0.0319988
-0.070209019,0.127995
-0.070009019,0.0639975
-0.069809019,0.0959963
-0.069609019,0.0639975
-0.069409019,0.0639975
-0.069209019,0.0319988
-0.069009019,0.127995
-0.068809019,0.0639975
-0.068609019,0.0319988
-0.068409019,0.0959963
-0.068209019,0.0639975
-0.068009019,0.0639975
-0.067809019,0.0959963
-0.067609019,0.0639975
-0.067409019,0.0639975
-0.067209019,0.0639975
-0.067009019,0.0959963
-0.066809019,0
-0.066609019,0.0639975
-0.066409019,0.0959963
-0.066209019,0.0639975
-0.066009019,0.0319988
-0.065809019,0.0639975
-0.065609019,0.0319988
-0.065409019,0.0959963
-0.065209019,0.0959963
-0.065009019,0.0959963
-0.064809019,0.0639975
-0.064609019,0.0639975
-0.064409019,0.0959963
-0.064209019,0.0959963
-0.064009019,0.0959963
-0.063809019,0.0959963
-0.063609019,0.0959963
-0.063409019,0.0639975
-0.063209019,0.0639975
-0.063009019,0.0959963
-0.062809019,0.0959963
-0.062609019,0.0959963
-0.062409019,0.0959963
-0.062209019,0.0639975
-0.062009019,0.0959963
-0.061809019,0.0959963
-0.061609019,0.0639975
-0.061409019,0.0639975
-0.061209019,0.127995
-0.061009019,0.0959963
-0.060809019,0.0959963
-0.060609019,0.0959963
-0.060409019,0.0959963
-0.060209019,0.0959963
-0.060009019,0.0959963
-0.059809019,0.0959963
-0.059609019,0.0639975
-0.059409019,0.127995
-0.059209019,0.0959963
-0.059009019,0.0959963
-0.058809019,0.0959963
-0.058609019,0.0959963
-0.058409019,0.0639975
-0.058209019,0.127995
-0.058009019,0.0959963
-0.057809019,0.0959963
-0.057609019,0.0959963
-0.057409019,0.127995
-0.057209019,0.0959963
-0.057009019,0.0639975
-0.056809019,0.0639975
-0.056609019,0.0639975
-0.056409019,0.0639975
-0.056209019,0.0639975
-0.056009019,0.0639975
-0.055809019,0.159994
-0.055609019,0.0959963
-0.055409019,0.127995
-0.055209019,0.0959963
-0.055009019,0.0959963
-0.054809019,0.0959963
-0.054609019,0.0959963
-0.054409019,0.0959963
-0.054209019,0.0639975
-0.054009019,0.0639975
-0.053809019,0.0959963
-0.053609019,0.0959963
-0.053409019,0.0639975
-0.053209019,0.0639975
-0.053009019,0.0959963
-0.052809019,0.0959963
-0.052609019,0.0639975
-0.052409019,0.0319988
-0.052209019,0.0639975
-0.052009019,0.0959963
-0.051809019,0.0319988
-0.051609019,0.0639975
-0.051409019,0.0959963
-0.051209019,0.0639975
-0.051009019,0.0639975
-0.050809019,0.0639975
-0.050609019,0.0959963
-0.050409019,0.0639975
-0.050209019,0.0639975
-0.050009019,0.0639975
-0.049809019,0.0959963
-0.049609019,0.0639975
-0.049409019,0.0319988
-0.049209019,0.0319988
-0.049009019,0.0639975
-0.048809019,0.0639975
-0.048609019,0.0639975
-0.048409019,0.0959963
-0.048209019,0.0319988
-0.048009019,0.0319988
-0.047809019,0.0639975
-0.047609019,0.0319988
-0.047409019,0.0639975
-0.047209019,0.0639975
-0.047009019,0.0319988
-0.046809019,0.0319988
-0.046609019,0.0639975
-0.046409019,0.0959963
-0.046209019,0.0959963
-0.046009019,0.0319988
-0.045809019,0.0319988
-0.045609019,0.0639975
-0.045409019,0.0639975
-0.045209019,0
-0.045009019,0.0639975
-0.044809019,0.0639975
-0.044609019,0.0319988
-0.044409019,0.0639975
-0.044209019,0.0639975
-0.044009019,-0.0319988
-0.043809019,0.0639975
-0.043609019,0.0639975
-0.043409019,-0.0319988
-0.043209019,0.0319988
-0.043009019,0.0319988
-0.042809019,0
-0.042609019,0
-0.042409019,0.0319988
-0.042209019,0
-0.042009019,0.0319988
-0.041809019,0
-0.041609019,0
-0.041409019,0
-0.041209019,0.0319988
-0.041009019,0
-0.040809019,-0.0319988
-0.040609019,0
-0.040409019,0
-0.040209019,0.0319988
-0.040009019,0
-0.039809019,-0.0639975
-0.039609019,0.0319988
-0.039409019,0.0319988
-0.039209019,-0.0319988
-0.039009019,-0.0319988
-0.038809019,0.0319988
-0.038609019,-0.0319988
-0.038409019,-0.0319988
-0.038209019,0
-0.038009019,-0.0319988
-0.037809019,0
-0.037609019,0
-0.037409019,-0.0319988
-0.037209019,-0.0319988
-0.037009019,0
-0.036809019,0
-0.036609019,0
-0.036409019,0.0319988
-0.036209019,-0.0319988
-0.036009019,0.0319988
-0.035809019,0.0319988
-0.035609019,-0.0319988
-0.035409019,0.0319988
-0.035209019,0
-0.035009019,-0.0319988
-0.034809019,0
-0.034609019,0
-0.034409019,-0.0319988
-0.034209019,0
-0.034009019,0
-0.033809019,-0.0639975
-0.033609019,-0.0319988
-0.033409019,-0.0319988
-0.033209019,-0.0639975
-0.033009019,0
-0.032809019,-0.0319988
-0.032609019,-0.0639975
-0.032409019,-0.0319988
-0.032209019,-0.0639975
-0.032009019,-0.0639975
-0.031809019,0
-0.031609019,-0.0319988
-0.031409019,-0.0319988
-0.031209019,-0.0639975
-0.031009019,-0.0319988
-0.030809019,-0.0319988
-0.030609019,-0.0639975
-0.030409019,-0.0639975
-0.030209019,-0.0959963
-0.030009019,-0.0319988
-0.029809019,-0.0319988
-0.029609019,-0.0639975
-0.029409019,-0.0319988
-0.029209019,-0.0319988
-0.029009019,-0.0959963
-0.028809019,-0.0639975
-0.028609019,-0.0639975
-0.028409019,-0.0639975
-0.028209019,-0.0639975
-0.028009019,-0.0959963
-0.027809019,-0.0319988
-0.027609019,-0.0639975
-0.027409019,-0.0319988
-0.027209019,-0.0959963
-0.027009019,-0.0959963
-0.026809019,-0.0959963
-0.026609019,-0.0959963
-0.026409019,-0.0959963
-0.026209019,-0.127995
-0.026009019,-0.0959963
-0.025809019,-0.127995
-0.025609019,-0.0319988
-0.025409019,-0.0959963
-0.025209019,-0.0639975
-0.025009019,-0.0639975
-0.024809019,-0.0959963
-0.024609019,-0.0639975
-0.024409019,-0.0639975
-0.024209019,-0.0639975
-0.024009019,-0.0639975
-0.023809019,-0.0639975
-0.023609019,-0.127995
-0.023409019,-0.127995
-0.023209019,-0.0319988
-0.023009019,-0.0959963
-0.022809019,-0.0639975
-0.022609019,-0.0959963
-0.022409019,-0.127995
-0.022209019,-0.0959963
-0.022009019,-0.0959963
-0.021809019,-0.0639975
-0.021609019,-0.0959963
-0.021409019,-0.0959963
-0.021209019,-0.0639975
-0.021009019,-0.0959963
-0.020809019,-0.0639975
-0.020609019,-0.127995
-0.020409019,-0.0959963
-0.020209019,-0.0959963
-0.020009019,-0.0959963
-0.019809019,-0.0639975
-0.019609019,-0.0959963
-0.019409019,-0.159994
-0.019209019,-0.127995
-0.019009019,-0.0639975
-0.018809019,-0.0959963
-0.018609019,-0.0959963
-0.018409019,-0.127995
-0.018209019,-0.0639975
-0.018009019,-0.127995
-0.017809019,-0.0959963
-0.017609019,-0.127995
-0.017409019,-0.0639975
-0.017209019,-0.0959963
-0.017009019,-0.127995
-0.016809019,-0.0639975
-0.016609019,-0.0959963
-0.016409019,-0.0959963
-0.016209019,-0.0959963
-0.016009019,-0.127995
-0.015809019,-0.159994
-0.015609019,-0.0959963
-0.015409019,-0.0959963
-0.015209019,-0.127995
-0.015009019,-0.127995
-0.014809019,-0.127995
-0.014609019,-0.0959963
-0.014409019,-0.0959963
-0.014209019,-0.0639975
-0.014009019,-0.127995
-0.013809019,-0.127995
-0.013609019,-0.127995
-0.013409019,-0.0959963
-0.013209019,-0.127995
-0.013009019,-0.0959963
-0.012809019,-0.127995
-0.012609019,-0.127995
-0.012409019,-0.0639975
-0.012209019,-0.127995
-0.012009019,-0.0959963
-0.011809019,-0.159994
-0.011609019,-0.127995
-0.011409019,-0.0639975
-0.011209019,-0.0959963
-0.011009019,-0.127995
-0.010809019,-0.159994
-0.010609019,-0.0959963
-0.010409019,-0.127995
-0.010209019,-0.127995
-0.010009019,-0.127995
-0.009809019,-0.127995
-0.009609019,-0.127995
-0.009409019,-0.127995
-0.009209019,-0.127995
-0.009009019,-0.127995
-0.008809019,-0.0959963
-0.008609019,-0.127995
-0.008409019,-0.127995
-0.008209019,-0.0639975
-0.008009019,-0.127995
-0.007809019,-0.127995
-0.007609019,-0.127995
-0.007409019,-0.159994
-0.007209019,-0.127995
-0.007009019,-0.127995
-0.006809019,-0.127995
-0.006609019,-0.127995
-0.006409019,-0.159994
-0.006209019,-0.159994
-0.006009019,-0.159994
-0.005809019,-0.127995
-0.005609019,-0.159994
-0.005409019,-0.159994
-0.005209019,-0.0959963
-0.005009019,-0.159994
-0.004809019,-0.127995
-0.004609019,-0.191993
-0.004409019,-0.159994
-0.004209019,-0.191993
-0.004009019,-0.127995
-0.003809019,-0.159994
-0.003609019,-0.159994
-0.003409019,-0.159994
-0.003209019,-0.191993
-0.003009019,-0.191993
-0.002809019,-0.191993
-0.002609019,-0.191993
-0.002409019,-0.159994
-0.002209019,-0.127995
-0.002009019,-0.191993
-0.001809019,-0.223991
-0.001609019,-0.191993
-0.001409019,-0.223991
-0.001209019,-0.191993
-0.001009019,-0.159994
-0.00080901904,-0.191993
-0.00060901904,-0.159994
-0.00040901904,-0.127995
-0.00020901904,-0.223991
-9.0190409e-006,-0.159994
0.00019098096,-0.191993
