LECROYWS42Xs,24809,Waveform
Segments,1,SegmentSize,10002
Segment,TrigTime,TimeSinceSegment1
#1,18-Feb-2003 22:48:30,0                 
Time,Ampl
-2.0000456,-0.191993
-1.9998456,-0.223991
-1.9996456,-0.191993
-1.9994456,-0.191993
-1.9992456,-0.159994
-1.9990456,-0.191993
-1.9988456,-0.159994
-1.9986456,-0.223991
-1.9984456,-0.191993
-1.9982456,-0.191993
-1.9980456,-0.159994
-1.9978456,-0.159994
-1.9976456,-0.191993
-1.9974456,-0.223991
-1.9972456,-0.191993
-1.9970456,-0.191993
-1.9968456,-0.223991
-1.9966456,-0.159994
-1.9964456,-0.223991
-1.9962456,-0.159994
-1.9960456,-0.191993
-1.9958456,-0.223991
-1.9956456,-0.25599
-1.9954456,-0.159994
-1.9952456,-0.191993
-1.9950456,-0.159994
-1.9948456,-0.191993
-1.9946456,-0.191993
-1.9944456,-0.223991
-1.9942456,-0.159994
-1.9940456,-0.191993
-1.9938456,-0.223991
-1.9936456,-0.191993
-1.9934456,-0.191993
-1.9932456,-0.127995
-1.9930456,-0.191993
-1.9928456,-0.159994
-1.9926456,-0.191993
-1.9924456,-0.159994
-1.9922456,-0.191993
-1.9920456,-0.191993
-1.9918456,-0.223991
-1.9916456,-0.223991
-1.9914456,-0.191993
-1.9912456,-0.191993
-1.9910456,-0.223991
-1.9908456,-0.223991
-1.9906456,-0.159994
-1.9904456,-0.191993
-1.9902456,-0.191993
-1.9900456,-0.159994
-1.9898456,-0.191993
-1.9896456,-0.191993
-1.9894456,-0.159994
-1.9892456,-0.223991
-1.9890456,-0.223991
-1.9888456,-0.159994
-1.9886456,-0.191993
-1.9884456,-0.191993
-1.9882456,-0.191993
-1.9880456,-0.223991
-1.9878456,-0.223991
-1.9876456,-0.159994
-1.9874456,-0.191993
-1.9872456,-0.223991
-1.9870456,-0.191993
-1.9868456,-0.223991
-1.9866456,-0.25599
-1.9864456,-0.191993
-1.9862456,-0.223991
-1.9860456,-0.223991
-1.9858456,-0.159994
-1.9856456,-0.191993
-1.9854456,-0.25599
-1.9852456,-0.159994
-1.9850456,-0.223991
-1.9848456,-0.25599
-1.9846456,-0.159994
-1.9844456,-0.25599
-1.9842456,-0.223991
-1.9840456,-0.191993
-1.9838456,-0.159994
-1.9836456,-0.223991
-1.9834456,-0.223991
-1.9832456,-0.191993
-1.9830456,-0.191993
-1.9828456,-0.191993
-1.9826456,-0.191993
-1.9824456,-0.223991
-1.9822456,-0.191993
-1.9820456,-0.191993
-1.9818456,-0.223991
-1.9816456,-0.191993
-1.9814456,-0.223991
-1.9812456,-0.25599
-1.9810456,-0.223991
-1.9808456,-0.223991
-1.9806456,-0.25599
-1.9804456,-0.159994
-1.9802456,-0.25599
-1.9800456,-0.25599
-1.9798456,-0.159994
-1.9796456,-0.223991
-1.9794456,-0.25599
-1.9792456,-0.223991
-1.9790456,-0.223991
-1.9788456,-0.191993
-1.9786456,-0.191993
-1.9784456,-0.191993
-1.9782456,-0.25599
-1.9780456,-0.191993
-1.9778456,-0.25599
-1.9776456,-0.223991
-1.9774456,-0.25599
-1.9772456,-0.223991
-1.9770456,-0.223991
-1.9768456,-0.223991
-1.9766456,-0.223991
-1.9764456,-0.287989
-1.9762456,-0.25599
-1.9760456,-0.223991
-1.9758456,-0.25599
-1.9756456,-0.25599
-1.9754456,-0.287989
-1.9752456,-0.287989
-1.9750456,-0.25599
-1.9748456,-0.223991
-1.9746456,-0.25599
-1.9744456,-0.223991
-1.9742456,-0.25599
-1.9740456,-0.287989
-1.9738456,-0.223991
-1.9736456,-0.25599
-1.9734456,-0.223991
-1.9732456,-0.25599
-1.9730456,-0.223991
-1.9728456,-0.223991
-1.9726456,-0.25599
-1.9724456,-0.287989
-1.9722456,-0.25599
-1.9720456,-0.223991
-1.9718456,-0.25599
-1.9716456,-0.287989
-1.9714456,-0.223991
-1.9712456,-0.287989
-1.9710456,-0.287989
-1.9708456,-0.25599
-1.9706456,-0.25599
-1.9704456,-0.287989
-1.9702456,-0.223991
-1.9700456,-0.25599
-1.9698456,-0.25599
-1.9696456,-0.223991
-1.9694456,-0.25599
-1.9692456,-0.25599
-1.9690456,-0.287989
-1.9688456,-0.25599
-1.9686456,-0.287989
-1.9684456,-0.287989
-1.9682456,-0.287989
-1.9680456,-0.319988
-1.9678456,-0.25599
-1.9676456,-0.223991
-1.9674456,-0.287989
-1.9672456,-0.223991
-1.9670456,-0.287989
-1.9668456,-0.351986
-1.9666456,-0.25599
-1.9664456,-0.287989
-1.9662456,-0.287989
-1.9660456,-0.25599
-1.9658456,-0.25599
-1.9656456,-0.25599
-1.9654456,-0.223991
-1.9652456,-0.25599
-1.9650456,-0.319988
-1.9648456,-0.287989
-1.9646456,-0.287989
-1.9644456,-0.319988
-1.9642456,-0.25599
-1.9640456,-0.287989
-1.9638456,-0.319988
-1.9636456,-0.287989
-1.9634456,-0.319988
-1.9632456,-0.319988
-1.9630456,-0.287989
-1.9628456,-0.319988
-1.9626456,-0.319988
-1.9624456,-0.319988
-1.9622456,-0.287989
-1.9620456,-0.25599
-1.9618456,-0.319988
-1.9616456,-0.287989
-1.9614456,-0.287989
-1.9612456,-0.319988
-1.9610456,-0.287989
-1.9608456,-0.287989
-1.9606456,-0.287989
-1.9604456,-0.319988
-1.9602456,-0.319988
-1.9600456,-0.319988
-1.9598456,-0.287989
-1.9596456,-0.319988
-1.9594456,-0.351986
-1.9592456,-0.25599
-1.9590456,-0.319988
-1.9588456,-0.319988
-1.9586456,-0.287989
-1.9584456,-0.319988
-1.9582456,-0.351986
-1.9580456,-0.287989
-1.9578456,-0.319988
-1.9576456,-0.287989
-1.9574456,-0.351986
-1.9572456,-0.319988
-1.9570456,-0.25599
-1.9568456,-0.287989
-1.9566456,-0.287989
-1.9564456,-0.319988
-1.9562456,-0.319988
-1.9560456,-0.319988
-1.9558456,-0.351986
-1.9556456,-0.319988
-1.9554456,-0.287989
-1.9552456,-0.351986
-1.9550456,-0.319988
-1.9548456,-0.351986
-1.9546456,-0.351986
-1.9544456,-0.319988
-1.9542456,-0.351986
-1.9540456,-0.319988
-1.9538456,-0.319988
-1.9536456,-0.351986
-1.9534456,-0.351986
-1.9532456,-0.287989
-1.9530456,-0.319988
-1.9528456,-0.383985
-1.9526456,-0.319988
-1.9524456,-0.383985
-1.9522456,-0.351986
-1.9520456,-0.351986
-1.9518456,-0.351986
-1.9516456,-0.383985
-1.9514456,-0.351986
-1.9512456,-0.351986
-1.9510456,-0.351986
-1.9508456,-0.351986
-1.9506456,-0.383985
-1.9504456,-0.383985
-1.9502456,-0.383985
-1.9500456,-0.383985
-1.9498456,-0.351986
-1.9496456,-0.351986
-1.9494456,-0.383985
-1.9492456,-0.383985
-1.9490456,-0.351986
-1.9488456,-0.415984
-1.9486456,-0.351986
-1.9484456,-0.319988
-1.9482456,-0.415984
-1.9480456,-0.383985
-1.9478456,-0.383985
-1.9476456,-0.415984
-1.9474456,-0.383985
-1.9472456,-0.383985
-1.9470456,-0.383985
-1.9468456,-0.351986
-1.9466456,-0.351986
-1.9464456,-0.351986
-1.9462456,-0.383985
-1.9460456,-0.319988
-1.9458456,-0.415984
-1.9456456,-0.351986
-1.9454456,-0.351986
-1.9452456,-0.383985
-1.9450456,-0.383985
-1.9448456,-0.351986
-1.9446456,-0.383985
-1.9444456,-0.383985
-1.9442456,-0.383985
-1.9440456,-0.383985
-1.9438456,-0.415984
-1.9436456,-0.383985
-1.9434456,-0.383985
-1.9432456,-0.383985
-1.9430456,-0.351986
-1.9428456,-0.383985
-1.9426456,-0.351986
-1.9424456,-0.383985
-1.9422456,-0.383985
-1.9420456,-0.383985
-1.9418456,-0.383985
-1.9416456,-0.383985
-1.9414456,-0.351986
-1.9412456,-0.351986
-1.9410456,-0.415984
-1.9408456,-0.383985
-1.9406456,-0.383985
-1.9404456,-0.383985
-1.9402456,-0.415984
-1.9400456,-0.351986
-1.9398456,-0.383985
-1.9396456,-0.415984
-1.9394456,-0.351986
-1.9392456,-0.415984
-1.9390456,-0.415984
-1.9388456,-0.351986
-1.9386456,-0.447983
-1.9384456,-0.383985
-1.9382456,-0.383985
-1.9380456,-0.415984
-1.9378456,-0.415984
-1.9376456,-0.415984
-1.9374456,-0.415984
-1.9372456,-0.447983
-1.9370456,-0.383985
-1.9368456,-0.415984
-1.9366456,-0.383985
-1.9364456,-0.383985
-1.9362456,-0.415984
-1.9360456,-0.319988
-1.9358456,-0.383985
-1.9356456,-0.447983
-1.9354456,-0.415984
-1.9352456,-0.351986
-1.9350456,-0.383985
-1.9348456,-0.383985
-1.9346456,-0.383985
-1.9344456,-0.383985
-1.9342456,-0.415984
-1.9340456,-0.351986
-1.9338456,-0.351986
-1.9336456,-0.351986
-1.9334456,-0.351986
-1.9332456,-0.351986
-1.9330456,-0.351986
-1.9328456,-0.351986
-1.9326456,-0.351986
-1.9324456,-0.415984
-1.9322456,-0.351986
-1.9320456,-0.383985
-1.9318456,-0.351986
-1.9316456,-0.351986
-1.9314456,-0.383985
-1.9312456,-0.351986
-1.9310456,-0.351986
-1.9308456,-0.351986
-1.9306456,-0.351986
-1.9304456,-0.351986
-1.9302456,-0.383985
-1.9300456,-0.319988
-1.9298456,-0.319988
-1.9296456,-0.351986
-1.9294456,-0.383985
-1.9292456,-0.351986
-1.9290456,-0.383985
-1.9288456,-0.351986
-1.9286456,-0.351986
-1.9284456,-0.383985
-1.9282456,-0.319988
-1.9280456,-0.319988
-1.9278456,-0.351986
-1.9276456,-0.351986
-1.9274456,-0.351986
-1.9272456,-0.351986
-1.9270456,-0.351986
-1.9268456,-0.351986
-1.9266456,-0.351986
-1.9264456,-0.383985
-1.9262456,-0.351986
-1.9260456,-0.351986
-1.9258456,-0.351986
-1.9256456,-0.319988
-1.9254456,-0.383985
-1.9252456,-0.383985
-1.9250456,-0.383985
-1.9248456,-0.351986
-1.9246456,-0.351986
-1.9244456,-0.351986
-1.9242456,-0.319988
-1.9240456,-0.351986
-1.9238456,-0.319988
-1.9236456,-0.319988
-1.9234456,-0.351986
-1.9232456,-0.287989
-1.9230456,-0.351986
-1.9228456,-0.351986
-1.9226456,-0.319988
-1.9224456,-0.351986
-1.9222456,-0.319988
-1.9220456,-0.351986
-1.9218456,-0.319988
-1.9216456,-0.319988
-1.9214456,-0.319988
-1.9212456,-0.351986
-1.9210456,-0.351986
-1.9208456,-0.319988
-1.9206456,-0.351986
-1.9204456,-0.319988
-1.9202456,-0.287989
-1.9200456,-0.319988
-1.9198456,-0.287989
-1.9196456,-0.319988
-1.9194456,-0.351986
-1.9192456,-0.319988
-1.9190456,-0.287989
-1.9188456,-0.351986
-1.9186456,-0.351986
-1.9184456,-0.287989
-1.9182456,-0.319988
-1.9180456,-0.351986
-1.9178456,-0.351986
-1.9176456,-0.319988
-1.9174456,-0.319988
-1.9172456,-0.319988
-1.9170456,-0.351986
-1.9168456,-0.319988
-1.9166456,-0.319988
-1.9164456,-0.287989
-1.9162456,-0.25599
-1.9160456,-0.351986
-1.9158456,-0.319988
-1.9156456,-0.319988
-1.9154456,-0.287989
-1.9152456,-0.351986
-1.9150456,-0.319988
-1.9148456,-0.319988
-1.9146456,-0.319988
-1.9144456,-0.319988
-1.9142456,-0.319988
-1.9140456,-0.319988
-1.9138456,-0.319988
-1.9136456,-0.351986
-1.9134456,-0.319988
-1.9132456,-0.287989
-1.9130456,-0.287989
-1.9128456,-0.319988
-1.9126456,-0.351986
-1.9124456,-0.319988
-1.9122456,-0.319988
-1.9120456,-0.287989
-1.9118456,-0.319988
-1.9116456,-0.287989
-1.9114456,-0.319988
-1.9112456,-0.287989
-1.9110456,-0.351986
-1.9108456,-0.287989
-1.9106456,-0.351986
-1.9104456,-0.319988
-1.9102456,-0.351986
-1.9100456,-0.287989
-1.9098456,-0.25599
-1.9096456,-0.287989
-1.9094456,-0.319988
-1.9092456,-0.25599
-1.9090456,-0.319988
-1.9088456,-0.287989
-1.9086456,-0.287989
-1.9084456,-0.25599
-1.9082456,-0.287989
-1.9080456,-0.319988
-1.9078456,-0.319988
-1.9076456,-0.351986
-1.9074456,-0.319988
-1.9072456,-0.25599
-1.9070456,-0.25599
-1.9068456,-0.319988
-1.9066456,-0.25599
-1.9064456,-0.287989
-1.9062456,-0.287989
-1.9060456,-0.287989
-1.9058456,-0.25599
-1.9056456,-0.25599
-1.9054456,-0.25599
-1.9052456,-0.25599
-1.9050456,-0.287989
-1.9048456,-0.223991
-1.9046456,-0.287989
-1.9044456,-0.287989
-1.9042456,-0.25599
-1.9040456,-0.25599
-1.9038456,-0.287989
-1.9036456,-0.25599
-1.9034456,-0.287989
-1.9032456,-0.287989
-1.9030456,-0.223991
-1.9028456,-0.25599
-1.9026456,-0.25599
-1.9024456,-0.287989
-1.9022456,-0.319988
-1.9020456,-0.25599
-1.9018456,-0.287989
-1.9016456,-0.25599
-1.9014456,-0.287989
-1.9012456,-0.25599
-1.9010456,-0.287989
-1.9008456,-0.25599
-1.9006456,-0.25599
-1.9004456,-0.25599
-1.9002456,-0.223991
-1.9000456,-0.287989
-1.8998456,-0.287989
-1.8996456,-0.287989
-1.8994456,-0.25599
-1.8992456,-0.25599
-1.8990456,-0.25599
-1.8988456,-0.287989
-1.8986456,-0.25599
-1.8984456,-0.287989
-1.8982456,-0.287989
-1.8980456,-0.287989
-1.8978456,-0.25599
-1.8976456,-0.25599
-1.8974456,-0.287989
-1.8972456,-0.287989
-1.8970456,-0.25599
-1.8968456,-0.287989
-1.8966456,-0.287989
-1.8964456,-0.25599
-1.8962456,-0.319988
-1.8960456,-0.287989
-1.8958456,-0.319988
-1.8956456,-0.319988
-1.8954456,-0.25599
-1.8952456,-0.287989
-1.8950456,-0.319988
-1.8948456,-0.25599
-1.8946456,-0.287989
-1.8944456,-0.287989
-1.8942456,-0.223991
-1.8940456,-0.25599
-1.8938456,-0.287989
-1.8936456,-0.319988
-1.8934456,-0.287989
-1.8932456,-0.25599
-1.8930456,-0.319988
-1.8928456,-0.319988
-1.8926456,-0.319988
-1.8924456,-0.287989
-1.8922456,-0.319988
-1.8920456,-0.25599
-1.8918456,-0.351986
-1.8916456,-0.319988
-1.8914456,-0.319988
-1.8912456,-0.319988
-1.8910456,-0.319988
-1.8908456,-0.319988
-1.8906456,-0.319988
-1.8904456,-0.287989
-1.8902456,-0.287989
-1.8900456,-0.287989
-1.8898456,-0.287989
-1.8896456,-0.287989
-1.8894456,-0.287989
-1.8892456,-0.287989
-1.8890456,-0.319988
-1.8888456,-0.319988
-1.8886456,-0.351986
-1.8884456,-0.319988
-1.8882456,-0.319988
-1.8880456,-0.319988
-1.8878456,-0.287989
-1.8876456,-0.287989
-1.8874456,-0.287989
-1.8872456,-0.319988
-1.8870456,-0.319988
-1.8868456,-0.319988
-1.8866456,-0.319988
-1.8864456,-0.25599
-1.8862456,-0.319988
-1.8860456,-0.287989
-1.8858456,-0.287989
-1.8856456,-0.319988
-1.8854456,-0.287989
-1.8852456,-0.25599
-1.8850456,-0.287989
-1.8848456,-0.287989
-1.8846456,-0.287989
-1.8844456,-0.223991
-1.8842456,-0.287989
-1.8840456,-0.319988
-1.8838456,-0.319988
-1.8836456,-0.287989
-1.8834456,-0.287989
-1.8832456,-0.287989
-1.8830456,-0.25599
-1.8828456,-0.287989
-1.8826456,-0.287989
-1.8824456,-0.25599
-1.8822456,-0.287989
-1.8820456,-0.287989
-1.8818456,-0.319988
-1.8816456,-0.319988
-1.8814456,-0.287989
-1.8812456,-0.25599
-1.8810456,-0.319988
-1.8808456,-0.287989
-1.8806456,-0.287989
-1.8804456,-0.25599
-1.8802456,-0.287989
-1.8800456,-0.287989
-1.8798456,-0.319988
-1.8796456,-0.287989
-1.8794456,-0.287989
-1.8792456,-0.25599
-1.8790456,-0.319988
-1.8788456,-0.287989
-1.8786456,-0.287989
-1.8784456,-0.319988
-1.8782456,-0.287989
-1.8780456,-0.319988
-1.8778456,-0.319988
-1.8776456,-0.287989
-1.8774456,-0.287989
-1.8772456,-0.319988
-1.8770456,-0.287989
-1.8768456,-0.287989
-1.8766456,-0.287989
-1.8764456,-0.319988
-1.8762456,-0.287989
-1.8760456,-0.319988
-1.8758456,-0.25599
-1.8756456,-0.319988
-1.8754456,-0.319988
-1.8752456,-0.287989
-1.8750456,-0.319988
-1.8748456,-0.287989
-1.8746456,-0.287989
-1.8744456,-0.287989
-1.8742456,-0.287989
-1.8740456,-0.287989
-1.8738456,-0.319988
-1.8736456,-0.319988
-1.8734456,-0.287989
-1.8732456,-0.287989
-1.8730456,-0.351986
-1.8728456,-0.287989
-1.8726456,-0.287989
-1.8724456,-0.287989
-1.8722456,-0.287989
-1.8720456,-0.319988
-1.8718456,-0.319988
-1.8716456,-0.287989
-1.8714456,-0.319988
-1.8712456,-0.287989
-1.8710456,-0.319988
-1.8708456,-0.25599
-1.8706456,-0.319988
-1.8704456,-0.319988
-1.8702456,-0.287989
-1.8700456,-0.319988
-1.8698456,-0.319988
-1.8696456,-0.287989
-1.8694456,-0.319988
-1.8692456,-0.25599
-1.8690456,-0.287989
-1.8688456,-0.319988
-1.8686456,-0.287989
-1.8684456,-0.351986
-1.8682456,-0.319988
-1.8680456,-0.287989
-1.8678456,-0.319988
-1.8676456,-0.319988
-1.8674456,-0.287989
-1.8672456,-0.351986
-1.8670456,-0.287989
-1.8668456,-0.319988
-1.8666456,-0.319988
-1.8664456,-0.25599
-1.8662456,-0.319988
-1.8660456,-0.25599
-1.8658456,-0.287989
-1.8656456,-0.287989
-1.8654456,-0.319988
-1.8652456,-0.223991
-1.8650456,-0.287989
-1.8648456,-0.287989
-1.8646456,-0.319988
-1.8644456,-0.319988
-1.8642456,-0.319988
-1.8640456,-0.25599
-1.8638456,-0.287989
-1.8636456,-0.319988
-1.8634456,-0.319988
-1.8632456,-0.319988
-1.8630456,-0.287989
-1.8628456,-0.319988
-1.8626456,-0.319988
-1.8624456,-0.319988
-1.8622456,-0.351986
-1.8620456,-0.287989
-1.8618456,-0.319988
-1.8616456,-0.25599
-1.8614456,-0.319988
-1.8612456,-0.319988
-1.8610456,-0.319988
-1.8608456,-0.287989
-1.8606456,-0.287989
-1.8604456,-0.287989
-1.8602456,-0.287989
-1.8600456,-0.287989
-1.8598456,-0.287989
-1.8596456,-0.319988
-1.8594456,-0.319988
-1.8592456,-0.319988
-1.8590456,-0.319988
-1.8588456,-0.319988
-1.8586456,-0.223991
-1.8584456,-0.351986
-1.8582456,-0.351986
-1.8580456,-0.351986
-1.8578456,-0.287989
-1.8576456,-0.287989
-1.8574456,-0.25599
-1.8572456,-0.319988
-1.8570456,-0.287989
-1.8568456,-0.287989
-1.8566456,-0.319988
-1.8564456,-0.319988
-1.8562456,-0.383985
-1.8560456,-0.287989
-1.8558456,-0.287989
-1.8556456,-0.287989
-1.8554456,-0.319988
-1.8552456,-0.25599
-1.8550456,-0.287989
-1.8548456,-0.319988
-1.8546456,-0.319988
-1.8544456,-0.287989
-1.8542456,-0.319988
-1.8540456,-0.319988
-1.8538456,-0.223991
-1.8536456,-0.319988
-1.8534456,-0.287989
-1.8532456,-0.319988
-1.8530456,-0.287989
-1.8528456,-0.319988
-1.8526456,-0.287989
-1.8524456,-0.319988
-1.8522456,-0.25599
-1.8520456,-0.287989
-1.8518456,-0.319988
-1.8516456,-0.319988
-1.8514456,-0.319988
-1.8512456,-0.287989
-1.8510456,-0.319988
-1.8508456,-0.287989
-1.8506456,-0.319988
-1.8504456,-0.319988
-1.8502456,-0.319988
-1.8500456,-0.287989
-1.8498456,-0.287989
-1.8496456,-0.25599
-1.8494456,-0.319988
-1.8492456,-0.319988
-1.8490456,-0.287989
-1.8488456,-0.319988
-1.8486456,-0.287989
-1.8484456,-0.319988
-1.8482456,-0.287989
-1.8480456,-0.319988
-1.8478456,-0.287989
-1.8476456,-0.25599
-1.8474456,-0.287989
-1.8472456,-0.287989
-1.8470456,-0.287989
-1.8468456,-0.287989
-1.8466456,-0.191993
-1.8464456,-0.287989
-1.8462456,-0.25599
-1.8460456,-0.287989
-1.8458456,-0.25599
-1.8456456,-0.287989
-1.8454456,-0.25599
-1.8452456,-0.223991
-1.8450456,-0.287989
-1.8448456,-0.287989
-1.8446456,-0.25599
-1.8444456,-0.223991
-1.8442456,-0.25599
-1.8440456,-0.25599
-1.8438456,-0.25599
-1.8436456,-0.287989
-1.8434456,-0.25599
-1.8432456,-0.223991
-1.8430456,-0.25599
-1.8428456,-0.25599
-1.8426456,-0.25599
-1.8424456,-0.25599
-1.8422456,-0.25599
-1.8420456,-0.25599
-1.8418456,-0.25599
-1.8416456,-0.25599
-1.8414456,-0.287989
-1.8412456,-0.287989
-1.8410456,-0.25599
-1.8408456,-0.287989
-1.8406456,-0.25599
-1.8404456,-0.25599
-1.8402456,-0.25599
-1.8400456,-0.25599
-1.8398456,-0.287989
-1.8396456,-0.287989
-1.8394456,-0.223991
-1.8392456,-0.287989
-1.8390456,-0.25599
-1.8388456,-0.287989
-1.8386456,-0.25599
-1.8384456,-0.25599
-1.8382456,-0.287989
-1.8380456,-0.287989
-1.8378456,-0.287989
-1.8376456,-0.287989
-1.8374456,-0.25599
-1.8372456,-0.287989
-1.8370456,-0.223991
-1.8368456,-0.25599
-1.8366456,-0.287989
-1.8364456,-0.287989
-1.8362456,-0.287989
-1.8360456,-0.25599
-1.8358456,-0.223991
-1.8356456,-0.287989
-1.8354456,-0.25599
-1.8352456,-0.25599
-1.8350456,-0.25599
-1.8348456,-0.25599
-1.8346456,-0.287989
-1.8344456,-0.287989
-1.8342456,-0.287989
-1.8340456,-0.25599
-1.8338456,-0.287989
-1.8336456,-0.25599
-1.8334456,-0.25599
-1.8332456,-0.319988
-1.8330456,-0.319988
-1.8328456,-0.25599
-1.8326456,-0.287989
-1.8324456,-0.287989
-1.8322456,-0.25599
-1.8320456,-0.319988
-1.8318456,-0.319988
-1.8316456,-0.25599
-1.8314456,-0.287989
-1.8312456,-0.287989
-1.8310456,-0.287989
-1.8308456,-0.351986
-1.8306456,-0.319988
-1.8304456,-0.287989
-1.8302456,-0.287989
-1.8300456,-0.319988
-1.8298456,-0.287989
-1.8296456,-0.287989
-1.8294456,-0.319988
-1.8292456,-0.319988
-1.8290456,-0.287989
-1.8288456,-0.319988
-1.8286456,-0.287989
-1.8284456,-0.287989
-1.8282456,-0.351986
-1.8280456,-0.287989
-1.8278456,-0.319988
-1.8276456,-0.351986
-1.8274456,-0.351986
-1.8272456,-0.287989
-1.8270456,-0.319988
-1.8268456,-0.287989
-1.8266456,-0.319988
-1.8264456,-0.287989
-1.8262456,-0.319988
-1.8260456,-0.319988
-1.8258456,-0.351986
-1.8256456,-0.319988
-1.8254456,-0.319988
-1.8252456,-0.319988
-1.8250456,-0.287989
-1.8248456,-0.319988
-1.8246456,-0.319988
-1.8244456,-0.287989
-1.8242456,-0.351986
-1.8240456,-0.351986
-1.8238456,-0.351986
-1.8236456,-0.319988
-1.8234456,-0.319988
-1.8232456,-0.25599
-1.8230456,-0.287989
-1.8228456,-0.351986
-1.8226456,-0.351986
-1.8224456,-0.25599
-1.8222456,-0.287989
-1.8220456,-0.319988
-1.8218456,-0.319988
-1.8216456,-0.319988
-1.8214456,-0.319988
-1.8212456,-0.287989
-1.8210456,-0.319988
-1.8208456,-0.319988
-1.8206456,-0.319988
-1.8204456,-0.319988
-1.8202456,-0.319988
-1.8200456,-0.287989
-1.8198456,-0.287989
-1.8196456,-0.319988
-1.8194456,-0.287989
-1.8192456,-0.319988
-1.8190456,-0.25599
-1.8188456,-0.319988
-1.8186456,-0.287989
-1.8184456,-0.287989
-1.8182456,-0.287989
-1.8180456,-0.287989
-1.8178456,-0.287989
-1.8176456,-0.319988
-1.8174456,-0.25599
-1.8172456,-0.25599
-1.8170456,-0.287989
-1.8168456,-0.287989
-1.8166456,-0.287989
-1.8164456,-0.319988
-1.8162456,-0.287989
-1.8160456,-0.25599
-1.8158456,-0.287989
-1.8156456,-0.287989
-1.8154456,-0.287989
-1.8152456,-0.287989
-1.8150456,-0.287989
-1.8148456,-0.25599
-1.8146456,-0.287989
-1.8144456,-0.25599
-1.8142456,-0.25599
-1.8140456,-0.25599
-1.8138456,-0.25599
-1.8136456,-0.25599
-1.8134456,-0.287989
-1.8132456,-0.319988
-1.8130456,-0.223991
-1.8128456,-0.25599
-1.8126456,-0.287989
-1.8124456,-0.25599
-1.8122456,-0.25599
-1.8120456,-0.319988
-1.8118456,-0.25599
-1.8116456,-0.287989
-1.8114456,-0.25599
-1.8112456,-0.25599
-1.8110456,-0.25599
-1.8108456,-0.287989
-1.8106456,-0.223991
-1.8104456,-0.25599
-1.8102456,-0.25599
-1.8100456,-0.223991
-1.8098456,-0.287989
-1.8096456,-0.287989
-1.8094456,-0.319988
-1.8092456,-0.25599
-1.8090456,-0.25599
-1.8088456,-0.25599
-1.8086456,-0.223991
-1.8084456,-0.287989
-1.8082456,-0.287989
-1.8080456,-0.25599
-1.8078456,-0.25599
-1.8076456,-0.223991
-1.8074456,-0.223991
-1.8072456,-0.223991
-1.8070456,-0.223991
-1.8068456,-0.223991
-1.8066456,-0.191993
-1.8064456,-0.191993
-1.8062456,-0.25599
-1.8060456,-0.25599
-1.8058456,-0.223991
-1.8056456,-0.25599
-1.8054456,-0.25599
-1.8052456,-0.191993
-1.8050456,-0.223991
-1.8048456,-0.223991
-1.8046456,-0.159994
-1.8044456,-0.25599
-1.8042456,-0.223991
-1.8040456,-0.223991
-1.8038456,-0.223991
-1.8036456,-0.191993
-1.8034456,-0.223991
-1.8032456,-0.223991
-1.8030456,-0.191993
-1.8028456,-0.223991
-1.8026456,-0.223991
-1.8024456,-0.25599
-1.8022456,-0.191993
-1.8020456,-0.223991
-1.8018456,-0.191993
-1.8016456,-0.191993
-1.8014456,-0.223991
-1.8012456,-0.191993
-1.8010456,-0.159994
-1.8008456,-0.223991
-1.8006456,-0.191993
-1.8004456,-0.191993
-1.8002456,-0.191993
-1.8000456,-0.223991
-1.7998456,-0.191993
-1.7996456,-0.191993
-1.7994456,-0.223991
-1.7992456,-0.191993
-1.7990456,-0.223991
-1.7988456,-0.223991
-1.7986456,-0.159994
-1.7984456,-0.159994
-1.7982456,-0.159994
-1.7980456,-0.191993
-1.7978456,-0.191993
-1.7976456,-0.191993
-1.7974456,-0.159994
-1.7972456,-0.223991
-1.7970456,-0.159994
-1.7968456,-0.191993
-1.7966456,-0.159994
-1.7964456,-0.127995
-1.7962456,-0.191993
-1.7960456,-0.191993
-1.7958456,-0.159994
-1.7956456,-0.159994
-1.7954456,-0.191993
-1.7952456,-0.159994
-1.7950456,-0.127995
-1.7948456,-0.159994
-1.7946456,-0.127995
-1.7944456,-0.159994
-1.7942456,-0.159994
-1.7940456,-0.159994
-1.7938456,-0.127995
-1.7936456,-0.191993
-1.7934456,-0.0959963
-1.7932456,-0.0959963
-1.7930456,-0.0959963
-1.7928456,-0.0959963
-1.7926456,-0.127995
-1.7924456,-0.223991
-1.7922456,-0.127995
-1.7920456,-0.0959963
-1.7918456,-0.159994
-1.7916456,-0.127995
-1.7914456,-0.127995
-1.7912456,-0.0959963
-1.7910456,-0.127995
-1.7908456,-0.0639975
-1.7906456,-0.127995
-1.7904456,-0.0959963
-1.7902456,-0.127995
-1.7900456,-0.159994
-1.7898456,-0.127995
-1.7896456,-0.127995
-1.7894456,-0.0959963
-1.7892456,-0.0639975
-1.7890456,-0.0959963
-1.7888456,-0.0959963
-1.7886456,-0.127995
-1.7884456,-0.0959963
-1.7882456,-0.127995
-1.7880456,-0.0959963
-1.7878456,-0.0959963
-1.7876456,-0.127995
-1.7874456,-0.0959963
-1.7872456,-0.0319988
-1.7870456,-0.0959963
-1.7868456,-0.0639975
-1.7866456,-0.0959963
-1.7864456,-0.0959963
-1.7862456,-0.0319988
-1.7860456,-0.0959963
-1.7858456,-0.0959963
-1.7856456,-0.0959963
-1.7854456,-0.0639975
-1.7852456,-0.0639975
-1.7850456,-0.0639975
-1.7848456,-0.0319988
-1.7846456,-0.127995
-1.7844456,-0.0639975
-1.7842456,-0.0639975
-1.7840456,-0.0639975
-1.7838456,-0.0639975
-1.7836456,-0.0319988
-1.7834456,-0.0639975
-1.7832456,-0.0319988
-1.7830456,-0.0319988
-1.7828456,-0.0639975
-1.7826456,-0.0319988
-1.7824456,0
-1.7822456,-0.0639975
-1.7820456,0
-1.7818456,0
-1.7816456,-0.0959963
-1.7814456,-0.0319988
-1.7812456,-0.0319988
-1.7810456,0
-1.7808456,-0.0319988
-1.7806456,-0.0319988
-1.7804456,-0.0959963
-1.7802456,-0.0319988
-1.7800456,0.0319988
-1.7798456,-0.0319988
-1.7796456,-0.0319988
-1.7794456,-0.0319988
-1.7792456,-0.0319988
-1.7790456,0
-1.7788456,0
-1.7786456,-0.0319988
-1.7784456,-0.0319988
-1.7782456,0
-1.7780456,-0.0319988
-1.7778456,0
-1.7776456,0
-1.7774456,-0.0639975
-1.7772456,0
-1.7770456,0
-1.7768456,-0.0639975
-1.7766456,0.0319988
-1.7764456,0
-1.7762456,-0.0639975
-1.7760456,0
-1.7758456,0.0319988
-1.7756456,0
-1.7754456,0
-1.7752456,0
-1.7750456,0
-1.7748456,0.0319988
-1.7746456,0
-1.7744456,-0.0639975
-1.7742456,0.0319988
-1.7740456,0
-1.7738456,0
-1.7736456,0.0319988
-1.7734456,0.0319988
-1.7732456,0.0319988
-1.7730456,0.0319988
-1.7728456,0.0319988
-1.7726456,-0.0319988
-1.7724456,0
-1.7722456,0.0319988
-1.7720456,-0.0319988
-1.7718456,0.0319988
-1.7716456,0.0639975
-1.7714456,0
-1.7712456,0.0639975
-1.7710456,0.0319988
-1.7708456,0
-1.7706456,0.0319988
-1.7704456,0.0639975
-1.7702456,0
-1.7700456,0.0639975
-1.7698456,0.0319988
-1.7696456,0.0319988
-1.7694456,0.0319988
-1.7692456,0.0639975
-1.7690456,0.0319988
-1.7688456,0.0319988
-1.7686456,0.0639975
-1.7684456,0
-1.7682456,0.0319988
-1.7680456,0.0639975
-1.7678456,0.0319988
-1.7676456,0
-1.7674456,0.0639975
-1.7672456,0
-1.7670456,0.0639975
-1.7668456,0
-1.7666456,0
-1.7664456,0.0319988
-1.7662456,0.0639975
-1.7660456,0
-1.7658456,0
-1.7656456,0.0319988
-1.7654456,0
-1.7652456,0.0319988
-1.7650456,0.0639975
-1.7648456,0.0319988
-1.7646456,0.0639975
-1.7644456,0.0639975
-1.7642456,0.0319988
-1.7640456,0.0319988
-1.7638456,0.0319988
-1.7636456,0.0319988
-1.7634456,0.0319988
-1.7632456,0
-1.7630456,0
-1.7628456,0
-1.7626456,0.0639975
-1.7624456,0
-1.7622456,0
-1.7620456,0.0639975
-1.7618456,0
-1.7616456,0.0319988
-1.7614456,0.0319988
-1.7612456,0
-1.7610456,0.0319988
-1.7608456,0
-1.7606456,0
-1.7604456,0.0319988
-1.7602456,0.0319988
-1.7600456,0.0319988
-1.7598456,0
-1.7596456,0.0319988
-1.7594456,0
-1.7592456,0
-1.7590456,-0.0319988
-1.7588456,-0.0639975
-1.7586456,0.0319988
-1.7584456,0
-1.7582456,0.0319988
-1.7580456,0.0319988
-1.7578456,0
-1.7576456,0
-1.7574456,0
-1.7572456,0.0319988
-1.7570456,0
-1.7568456,0.0639975
-1.7566456,0
-1.7564456,0
-1.7562456,0.0319988
-1.7560456,0.0319988
-1.7558456,0
-1.7556456,0.0319988
-1.7554456,0.0319988
-1.7552456,0
-1.7550456,0.0639975
-1.7548456,0
-1.7546456,0
-1.7544456,0.0319988
-1.7542456,0.0319988
-1.7540456,-0.0319988
-1.7538456,0
-1.7536456,0.0319988
-1.7534456,-0.0319988
-1.7532456,0.0319988
-1.7530456,0
-1.7528456,0
-1.7526456,0
-1.7524456,0
-1.7522456,-0.0319988
-1.7520456,0
-1.7518456,0
-1.7516456,-0.0639975
-1.7514456,0
-1.7512456,0.0319988
-1.7510456,-0.0319988
-1.7508456,0
-1.7506456,0
-1.7504456,-0.0319988
-1.7502456,0
-1.7500456,0
-1.7498456,0
-1.7496456,-0.0319988
-1.7494456,0
-1.7492456,-0.0319988
-1.7490456,0
-1.7488456,0
-1.7486456,-0.0319988
-1.7484456,-0.0319988
-1.7482456,-0.0319988
-1.7480456,-0.0319988
-1.7478456,-0.0319988
-1.7476456,-0.0319988
-1.7474456,-0.0639975
-1.7472456,0
-1.7470456,0
-1.7468456,-0.0319988
-1.7466456,-0.0639975
-1.7464456,0
-1.7462456,-0.0639975
-1.7460456,0
-1.7458456,0.0319988
-1.7456456,-0.0639975
-1.7454456,0
-1.7452456,0
-1.7450456,-0.0319988
-1.7448456,0
-1.7446456,-0.0319988
-1.7444456,0
-1.7442456,-0.0319988
-1.7440456,-0.0319988
-1.7438456,-0.0639975
-1.7436456,-0.0319988
-1.7434456,0
-1.7432456,-0.0319988
-1.7430456,0
-1.7428456,0
-1.7426456,-0.0639975
-1.7424456,0
-1.7422456,-0.0319988
-1.7420456,0.0319988
-1.7418456,-0.0319988
-1.7416456,-0.0639975
-1.7414456,-0.0319988
-1.7412456,0
-1.7410456,0
-1.7408456,-0.0639975
-1.7406456,-0.0319988
-1.7404456,-0.0319988
-1.7402456,-0.0639975
-1.7400456,-0.0319988
-1.7398456,-0.0319988
-1.7396456,-0.0639975
-1.7394456,-0.0319988
-1.7392456,-0.0319988
-1.7390456,-0.0319988
-1.7388456,-0.0319988
-1.7386456,0
-1.7384456,-0.0639975
-1.7382456,-0.0319988
-1.7380456,-0.0319988
-1.7378456,-0.0639975
-1.7376456,-0.0319988
-1.7374456,0
-1.7372456,0
-1.7370456,0.0319988
-1.7368456,-0.0319988
-1.7366456,-0.0319988
-1.7364456,0.0319988
-1.7362456,0
-1.7360456,-0.0959963
-1.7358456,0
-1.7356456,0
-1.7354456,-0.0639975
-1.7352456,0.0319988
-1.7350456,0.0319988
-1.7348456,0
-1.7346456,-0.0319988
-1.7344456,0.0319988
-1.7342456,-0.0319988
-1.7340456,0
-1.7338456,0.0319988
-1.7336456,-0.0639975
-1.7334456,-0.0319988
-1.7332456,0.0319988
-1.7330456,-0.0319988
-1.7328456,0
-1.7326456,0
-1.7324456,-0.0319988
-1.7322456,0
-1.7320456,0.0639975
-1.7318456,0.0319988
-1.7316456,0
-1.7314456,0.0319988
-1.7312456,0.0319988
-1.7310456,0
-1.7308456,0.0319988
-1.7306456,0
-1.7304456,0
-1.7302456,0.0319988
-1.7300456,0.0639975
-1.7298456,0
-1.7296456,0
-1.7294456,0
-1.7292456,0
-1.7290456,0.0319988
-1.7288456,0.0319988
-1.7286456,0.0319988
-1.7284456,0.0639975
-1.7282456,-0.0319988
-1.7280456,0.0319988
-1.7278456,0.0319988
-1.7276456,0.0319988
-1.7274456,0.0319988
-1.7272456,0.0639975
-1.7270456,0
-1.7268456,0.0319988
-1.7266456,0.0319988
-1.7264456,0.0319988
-1.7262456,0.0319988
-1.7260456,0.0319988
-1.7258456,0.0319988
-1.7256456,0.0319988
-1.7254456,0.0639975
-1.7252456,0.0319988
-1.7250456,0.0319988
-1.7248456,0.0319988
-1.7246456,0.0639975
-1.7244456,0.0319988
-1.7242456,0.0319988
-1.7240456,0
-1.7238456,0.0639975
-1.7236456,0.0319988
-1.7234456,0
-1.7232456,0.0319988
-1.7230456,0.0319988
-1.7228456,0
-1.7226456,0.0319988
-1.7224456,0.0319988
-1.7222456,0
-1.7220456,0
-1.7218456,0.0319988
-1.7216456,0.0319988
-1.7214456,0
-1.7212456,0.0639975
-1.7210456,0.0639975
-1.7208456,0.0319988
-1.7206456,0.0639975
-1.7204456,0
-1.7202456,0
-1.7200456,0.0639975
-1.7198456,0.0639975
-1.7196456,0.0319988
-1.7194456,0.0639975
-1.7192456,0.0639975
-1.7190456,0.0639975
-1.7188456,0.0639975
-1.7186456,0.0319988
-1.7184456,0.0639975
-1.7182456,0.0639975
-1.7180456,0.0639975
-1.7178456,0.0639975
-1.7176456,0.0319988
-1.7174456,0.0319988
-1.7172456,0.0319988
-1.7170456,0.0639975
-1.7168456,0
-1.7166456,0
-1.7164456,0.0639975
-1.7162456,0
-1.7160456,0.0319988
-1.7158456,0.0639975
-1.7156456,0.0639975
-1.7154456,0.0639975
-1.7152456,0.0639975
-1.7150456,0.0639975
-1.7148456,0.0319988
-1.7146456,0.0639975
-1.7144456,0.0319988
-1.7142456,0.0319988
-1.7140456,0.0639975
-1.7138456,0.0319988
-1.7136456,0.0639975
-1.7134456,0.0319988
-1.7132456,0
-1.7130456,0.0639975
-1.7128456,0.0639975
-1.7126456,0.0319988
-1.7124456,0.0319988
-1.7122456,0.0639975
-1.7120456,0.0639975
-1.7118456,0.0319988
-1.7116456,0.0319988
-1.7114456,0.0319988
-1.7112456,0.0639975
-1.7110456,0.0319988
-1.7108456,0
-1.7106456,0.0319988
-1.7104456,0.0319988
-1.7102456,0
-1.7100456,0
-1.7098456,0.0319988
-1.7096456,0.0319988
-1.7094456,0.0639975
-1.7092456,0.0319988
-1.7090456,0.0319988
-1.7088456,0.0319988
-1.7086456,0.0319988
-1.7084456,-0.0319988
-1.7082456,0
-1.7080456,0
-1.7078456,0
-1.7076456,0.0319988
-1.7074456,0.0319988
-1.7072456,0.0319988
-1.7070456,0
-1.7068456,0.0319988
-1.7066456,0
-1.7064456,0
-1.7062456,0.0639975
-1.7060456,0
-1.7058456,-0.0319988
-1.7056456,0
-1.7054456,0
-1.7052456,0
-1.7050456,0.0319988
-1.7048456,-0.0319988
-1.7046456,0.0319988
-1.7044456,0
-1.7042456,0
-1.7040456,0
-1.7038456,0.0639975
-1.7036456,-0.0319988
-1.7034456,0
-1.7032456,0.0319988
-1.7030456,0
-1.7028456,-0.0639975
-1.7026456,0.0319988
-1.7024456,-0.0319988
-1.7022456,0
-1.7020456,0
-1.7018456,0
-1.7016456,0.0319988
-1.7014456,0.0319988
-1.7012456,-0.0319988
-1.7010456,-0.0319988
-1.7008456,0.0319988
-1.7006456,0
-1.7004456,0
-1.7002456,0.0319988
-1.7000456,-0.0639975
-1.6998456,-0.0639975
-1.6996456,0.0319988
-1.6994456,-0.0319988
-1.6992456,0.0319988
-1.6990456,-0.0319988
-1.6988456,-0.0639975
-1.6986456,-0.0319988
-1.6984456,0
-1.6982456,-0.0319988
-1.6980456,-0.0319988
-1.6978456,-0.0639975
-1.6976456,-0.0319988
-1.6974456,-0.0319988
-1.6972456,-0.0319988
-1.6970456,-0.0319988
-1.6968456,0
-1.6966456,-0.0319988
-1.6964456,-0.0639975
-1.6962456,0
-1.6960456,0
-1.6958456,-0.0639975
-1.6956456,0
-1.6954456,0
-1.6952456,0
-1.6950456,0
-1.6948456,-0.0319988
-1.6946456,-0.0639975
-1.6944456,0
-1.6942456,-0.0319988
-1.6940456,-0.0639975
-1.6938456,0.0319988
-1.6936456,0
-1.6934456,-0.0959963
-1.6932456,0
-1.6930456,-0.0319988
-1.6928456,-0.0639975
-1.6926456,-0.0319988
-1.6924456,-0.0319988
-1.6922456,-0.0639975
-1.6920456,-0.0319988
-1.6918456,-0.0639975
-1.6916456,-0.0319988
-1.6914456,-0.0319988
-1.6912456,-0.0319988
-1.6910456,-0.0319988
-1.6908456,-0.0319988
-1.6906456,0
-1.6904456,-0.0639975
-1.6902456,-0.0319988
-1.6900456,-0.0319988
-1.6898456,-0.0319988
-1.6896456,-0.0319988
-1.6894456,-0.0639975
-1.6892456,-0.0639975
-1.6890456,-0.0639975
-1.6888456,-0.0319988
-1.6886456,-0.0319988
-1.6884456,-0.0319988
-1.6882456,-0.0639975
-1.6880456,-0.0959963
-1.6878456,-0.0639975
-1.6876456,-0.0319988
-1.6874456,-0.0959963
-1.6872456,-0.0639975
-1.6870456,-0.0639975
-1.6868456,-0.0959963
-1.6866456,-0.0639975
-1.6864456,-0.0319988
-1.6862456,-0.0639975
-1.6860456,-0.0959963
-1.6858456,-0.0639975
-1.6856456,-0.127995
-1.6854456,-0.0639975
-1.6852456,-0.0639975
-1.6850456,-0.0319988
-1.6848456,-0.0639975
-1.6846456,-0.0319988
-1.6844456,-0.127995
-1.6842456,-0.0639975
-1.6840456,-0.0319988
-1.6838456,-0.0639975
-1.6836456,-0.0319988
-1.6834456,-0.0319988
-1.6832456,-0.0959963
-1.6830456,-0.0639975
-1.6828456,-0.0639975
-1.6826456,-0.0639975
-1.6824456,-0.0959963
-1.6822456,-0.0959963
-1.6820456,-0.0959963
-1.6818456,-0.0959963
-1.6816456,-0.0639975
-1.6814456,-0.0959963
-1.6812456,-0.0959963
-1.6810456,-0.0639975
-1.6808456,-0.0959963
-1.6806456,-0.127995
-1.6804456,-0.0959963
-1.6802456,-0.127995
-1.6800456,-0.0639975
-1.6798456,-0.0639975
-1.6796456,-0.127995
-1.6794456,-0.0639975
-1.6792456,-0.0959963
-1.6790456,-0.0959963
-1.6788456,-0.0639975
-1.6786456,-0.0959963
-1.6784456,-0.127995
-1.6782456,-0.0959963
-1.6780456,-0.0959963
-1.6778456,-0.0959963
-1.6776456,-0.0959963
-1.6774456,-0.0959963
-1.6772456,-0.0959963
-1.6770456,-0.0959963
-1.6768456,-0.0319988
-1.6766456,-0.159994
-1.6764456,-0.0959963
-1.6762456,-0.127995
-1.6760456,-0.127995
-1.6758456,-0.0959963
-1.6756456,-0.0959963
-1.6754456,-0.0959963
-1.6752456,-0.159994
-1.6750456,-0.0959963
-1.6748456,-0.127995
-1.6746456,-0.127995
-1.6744456,-0.0959963
-1.6742456,-0.127995
-1.6740456,-0.127995
-1.6738456,-0.127995
-1.6736456,-0.127995
-1.6734456,-0.0959963
-1.6732456,-0.0959963
-1.6730456,-0.0639975
-1.6728456,-0.127995
-1.6726456,-0.0639975
-1.6724456,-0.0959963
-1.6722456,-0.0639975
-1.6720456,-0.127995
-1.6718456,-0.127995
-1.6716456,-0.0639975
-1.6714456,-0.0639975
-1.6712456,-0.0959963
-1.6710456,-0.0959963
-1.6708456,-0.0639975
-1.6706456,-0.0959963
-1.6704456,-0.0959963
-1.6702456,-0.0639975
-1.6700456,-0.0959963
-1.6698456,-0.0319988
-1.6696456,-0.0319988
-1.6694456,-0.0959963
-1.6692456,-0.0639975
-1.6690456,-0.0639975
-1.6688456,-0.0959963
-1.6686456,-0.0639975
-1.6684456,-0.0639975
-1.6682456,-0.0639975
-1.6680456,-0.0319988
-1.6678456,-0.0639975
-1.6676456,-0.0959963
-1.6674456,-0.0959963
-1.6672456,-0.0319988
-1.6670456,-0.0959963
-1.6668456,-0.0639975
-1.6666456,-0.0959963
-1.6664456,-0.0639975
-1.6662456,-0.0639975
-1.6660456,-0.0319988
-1.6658456,-0.0639975
-1.6656456,-0.0639975
-1.6654456,-0.0959963
-1.6652456,-0.0639975
-1.6650456,-0.0319988
-1.6648456,-0.127995
-1.6646456,-0.0639975
-1.6644456,-0.0959963
-1.6642456,-0.0639975
-1.6640456,-0.0959963
-1.6638456,-0.0959963
-1.6636456,-0.0959963
-1.6634456,-0.127995
-1.6632456,-0.0639975
-1.6630456,-0.0319988
-1.6628456,-0.0959963
-1.6626456,-0.127995
-1.6624456,-0.0959963
-1.6622456,-0.0959963
-1.6620456,-0.0959963
-1.6618456,-0.0959963
-1.6616456,-0.127995
-1.6614456,-0.127995
-1.6612456,-0.0319988
-1.6610456,-0.0959963
-1.6608456,-0.0959963
-1.6606456,-0.0639975
-1.6604456,-0.127995
-1.6602456,-0.0959963
-1.6600456,-0.0959963
-1.6598456,-0.0959963
-1.6596456,-0.0639975
-1.6594456,-0.0959963
-1.6592456,-0.0959963
-1.6590456,-0.0639975
-1.6588456,-0.0639975
-1.6586456,-0.127995
-1.6584456,-0.127995
-1.6582456,-0.0319988
-1.6580456,-0.159994
-1.6578456,-0.0959963
-1.6576456,-0.0959963
-1.6574456,-0.159994
-1.6572456,-0.127995
-1.6570456,-0.0959963
-1.6568456,-0.127995
-1.6566456,-0.159994
-1.6564456,-0.0959963
-1.6562456,-0.159994
-1.6560456,-0.127995
-1.6558456,-0.0959963
-1.6556456,-0.159994
-1.6554456,-0.127995
-1.6552456,-0.127995
-1.6550456,-0.159994
-1.6548456,-0.127995
-1.6546456,-0.127995
-1.6544456,-0.159994
-1.6542456,-0.127995
-1.6540456,-0.159994
-1.6538456,-0.159994
-1.6536456,-0.127995
-1.6534456,-0.127995
-1.6532456,-0.159994
-1.6530456,-0.127995
-1.6528456,-0.127995
-1.6526456,-0.191993
-1.6524456,-0.127995
-1.6522456,-0.127995
-1.6520456,-0.159994
-1.6518456,-0.159994
-1.6516456,-0.159994
-1.6514456,-0.127995
-1.6512456,-0.191993
-1.6510456,-0.0959963
-1.6508456,-0.159994
-1.6506456,-0.159994
-1.6504456,-0.127995
-1.6502456,-0.159994
-1.6500456,-0.191993
-1.6498456,-0.159994
-1.6496456,-0.191993
-1.6494456,-0.159994
-1.6492456,-0.159994
-1.6490456,-0.159994
-1.6488456,-0.159994
-1.6486456,-0.159994
-1.6484456,-0.159994
-1.6482456,-0.191993
-1.6480456,-0.191993
-1.6478456,-0.191993
-1.6476456,-0.159994
-1.6474456,-0.159994
-1.6472456,-0.159994
-1.6470456,-0.191993
-1.6468456,-0.191993
-1.6466456,-0.223991
-1.6464456,-0.191993
-1.6462456,-0.159994
-1.6460456,-0.191993
-1.6458456,-0.191993
-1.6456456,-0.127995
-1.6454456,-0.191993
-1.6452456,-0.191993
-1.6450456,-0.159994
-1.6448456,-0.223991
-1.6446456,-0.159994
-1.6444456,-0.191993
-1.6442456,-0.159994
-1.6440456,-0.223991
-1.6438456,-0.159994
-1.6436456,-0.191993
-1.6434456,-0.25599
-1.6432456,-0.191993
-1.6430456,-0.223991
-1.6428456,-0.191993
-1.6426456,-0.191993
-1.6424456,-0.191993
-1.6422456,-0.223991
-1.6420456,-0.191993
-1.6418456,-0.223991
-1.6416456,-0.223991
-1.6414456,-0.191993
-1.6412456,-0.25599
-1.6410456,-0.25599
-1.6408456,-0.191993
-1.6406456,-0.25599
-1.6404456,-0.25599
-1.6402456,-0.191993
-1.6400456,-0.25599
-1.6398456,-0.25599
-1.6396456,-0.191993
-1.6394456,-0.223991
-1.6392456,-0.223991
-1.6390456,-0.223991
-1.6388456,-0.25599
-1.6386456,-0.25599
-1.6384456,-0.25599
-1.6382456,-0.223991
-1.6380456,-0.25599
-1.6378456,-0.287989
-1.6376456,-0.25599
-1.6374456,-0.223991
-1.6372456,-0.223991
-1.6370456,-0.287989
-1.6368456,-0.287989
-1.6366456,-0.25599
-1.6364456,-0.287989
-1.6362456,-0.319988
-1.6360456,-0.25599
-1.6358456,-0.223991
-1.6356456,-0.25599
-1.6354456,-0.287989
-1.6352456,-0.287989
-1.6350456,-0.319988
-1.6348456,-0.319988
-1.6346456,-0.319988
-1.6344456,-0.287989
-1.6342456,-0.319988
-1.6340456,-0.319988
-1.6338456,-0.319988
-1.6336456,-0.287989
-1.6334456,-0.351986
-1.6332456,-0.351986
-1.6330456,-0.351986
-1.6328456,-0.351986
-1.6326456,-0.319988
-1.6324456,-0.287989
-1.6322456,-0.287989
-1.6320456,-0.319988
-1.6318456,-0.351986
-1.6316456,-0.319988
-1.6314456,-0.383985
-1.6312456,-0.319988
-1.6310456,-0.319988
-1.6308456,-0.319988
-1.6306456,-0.351986
-1.6304456,-0.351986
-1.6302456,-0.351986
-1.6300456,-0.319988
-1.6298456,-0.319988
-1.6296456,-0.383985
-1.6294456,-0.383985
-1.6292456,-0.351986
-1.6290456,-0.383985
-1.6288456,-0.351986
-1.6286456,-0.319988
-1.6284456,-0.383985
-1.6282456,-0.383985
-1.6280456,-0.351986
-1.6278456,-0.415984
-1.6276456,-0.351986
-1.6274456,-0.351986
-1.6272456,-0.383985
-1.6270456,-0.383985
-1.6268456,-0.383985
-1.6266456,-0.447983
-1.6264456,-0.415984
-1.6262456,-0.383985
-1.6260456,-0.351986
-1.6258456,-0.383985
-1.6256456,-0.383985
-1.6254456,-0.415984
-1.6252456,-0.383985
-1.6250456,-0.351986
-1.6248456,-0.447983
-1.6246456,-0.383985
-1.6244456,-0.383985
-1.6242456,-0.415984
-1.6240456,-0.383985
-1.6238456,-0.383985
-1.6236456,-0.447983
-1.6234456,-0.415984
-1.6232456,-0.383985
-1.6230456,-0.447983
-1.6228456,-0.447983
-1.6226456,-0.351986
-1.6224456,-0.447983
-1.6222456,-0.447983
-1.6220456,-0.383985
-1.6218456,-0.447983
-1.6216456,-0.415984
-1.6214456,-0.447983
-1.6212456,-0.415984
-1.6210456,-0.415984
-1.6208456,-0.415984
-1.6206456,-0.415984
-1.6204456,-0.415984
-1.6202456,-0.415984
-1.6200456,-0.479982
-1.6198456,-0.447983
-1.6196456,-0.447983
-1.6194456,-0.447983
-1.6192456,-0.447983
-1.6190456,-0.447983
-1.6188456,-0.447983
-1.6186456,-0.447983
-1.6184456,-0.479982
-1.6182456,-0.479982
-1.6180456,-0.447983
-1.6178456,-0.447983
-1.6176456,-0.479982
-1.6174456,-0.479982
-1.6172456,-0.479982
-1.6170456,-0.479982
-1.6168456,-0.479982
-1.6166456,-0.447983
-1.6164456,-0.479982
-1.6162456,-0.479982
-1.6160456,-0.447983
-1.6158456,-0.479982
-1.6156456,-0.51198
-1.6154456,-0.479982
-1.6152456,-0.51198
-1.6150456,-0.479982
-1.6148456,-0.479982
-1.6146456,-0.51198
-1.6144456,-0.51198
-1.6142456,-0.447983
-1.6140456,-0.51198
-1.6138456,-0.51198
-1.6136456,-0.51198
-1.6134456,-0.51198
-1.6132456,-0.447983
-1.6130456,-0.479982
-1.6128456,-0.479982
-1.6126456,-0.51198
-1.6124456,-0.479982
-1.6122456,-0.479982
-1.6120456,-0.479982
-1.6118456,-0.543979
-1.6116456,-0.479982
-1.6114456,-0.479982
-1.6112456,-0.51198
-1.6110456,-0.51198
-1.6108456,-0.51198
-1.6106456,-0.479982
-1.6104456,-0.51198
-1.6102456,-0.51198
-1.6100456,-0.479982
-1.6098456,-0.479982
-1.6096456,-0.543979
-1.6094456,-0.51198
-1.6092456,-0.51198
-1.6090456,-0.543979
-1.6088456,-0.51198
-1.6086456,-0.543979
-1.6084456,-0.479982
-1.6082456,-0.51198
-1.6080456,-0.51198
-1.6078456,-0.543979
-1.6076456,-0.51198
-1.6074456,-0.51198
-1.6072456,-0.479982
-1.6070456,-0.51198
-1.6068456,-0.51198
-1.6066456,-0.51198
-1.6064456,-0.51198
-1.6062456,-0.51198
-1.6060456,-0.51198
-1.6058456,-0.51198
-1.6056456,-0.51198
-1.6054456,-0.575978
-1.6052456,-0.543979
-1.6050456,-0.543979
-1.6048456,-0.543979
-1.6046456,-0.543979
-1.6044456,-0.543979
-1.6042456,-0.51198
-1.6040456,-0.51198
-1.6038456,-0.543979
-1.6036456,-0.51198
-1.6034456,-0.51198
-1.6032456,-0.575978
-1.6030456,-0.543979
-1.6028456,-0.51198
-1.6026456,-0.575978
-1.6024456,-0.543979
-1.6022456,-0.543979
-1.6020456,-0.575978
-1.6018456,-0.575978
-1.6016456,-0.575978
-1.6014456,-0.543979
-1.6012456,-0.575978
-1.6010456,-0.51198
-1.6008456,-0.575978
-1.6006456,-0.575978
-1.6004456,-0.543979
-1.6002456,-0.575978
-1.6000456,-0.543979
-1.5998456,-0.479982
-1.5996456,-0.575978
-1.5994456,-0.575978
-1.5992456,-0.575978
-1.5990456,-0.575978
-1.5988456,-0.575978
-1.5986456,-0.575978
-1.5984456,-0.575978
-1.5982456,-0.543979
-1.5980456,-0.543979
-1.5978456,-0.575978
-1.5976456,-0.575978
-1.5974456,-0.575978
-1.5972456,-0.607977
-1.5970456,-0.543979
-1.5968456,-0.575978
-1.5966456,-0.543979
-1.5964456,-0.543979
-1.5962456,-0.543979
-1.5960456,-0.575978
-1.5958456,-0.575978
-1.5956456,-0.575978
-1.5954456,-0.575978
-1.5952456,-0.543979
-1.5950456,-0.51198
-1.5948456,-0.607977
-1.5946456,-0.575978
-1.5944456,-0.575978
-1.5942456,-0.607977
-1.5940456,-0.607977
-1.5938456,-0.607977
-1.5936456,-0.607977
-1.5934456,-0.543979
-1.5932456,-0.575978
-1.5930456,-0.607977
-1.5928456,-0.543979
-1.5926456,-0.575978
-1.5924456,-0.607977
-1.5922456,-0.607977
-1.5920456,-0.607977
-1.5918456,-0.607977
-1.5916456,-0.639975
-1.5914456,-0.575978
-1.5912456,-0.607977
-1.5910456,-0.607977
-1.5908456,-0.607977
-1.5906456,-0.607977
-1.5904456,-0.575978
-1.5902456,-0.607977
-1.5900456,-0.607977
-1.5898456,-0.607977
-1.5896456,-0.607977
-1.5894456,-0.639975
-1.5892456,-0.639975
-1.5890456,-0.575978
-1.5888456,-0.639975
-1.5886456,-0.639975
-1.5884456,-0.607977
-1.5882456,-0.671974
-1.5880456,-0.607977
-1.5878456,-0.607977
-1.5876456,-0.639975
-1.5874456,-0.639975
-1.5872456,-0.639975
-1.5870456,-0.639975
-1.5868456,-0.639975
-1.5866456,-0.607977
-1.5864456,-0.639975
-1.5862456,-0.639975
-1.5860456,-0.575978
-1.5858456,-0.639975
-1.5856456,-0.607977
-1.5854456,-0.607977
-1.5852456,-0.671974
-1.5850456,-0.639975
-1.5848456,-0.639975
-1.5846456,-0.639975
-1.5844456,-0.639975
-1.5842456,-0.639975
-1.5840456,-0.639975
-1.5838456,-0.639975
-1.5836456,-0.639975
-1.5834456,-0.639975
-1.5832456,-0.671974
-1.5830456,-0.671974
-1.5828456,-0.671974
-1.5826456,-0.671974
-1.5824456,-0.639975
-1.5822456,-0.671974
-1.5820456,-0.639975
-1.5818456,-0.639975
-1.5816456,-0.671974
-1.5814456,-0.607977
-1.5812456,-0.671974
-1.5810456,-0.639975
-1.5808456,-0.671974
-1.5806456,-0.671974
-1.5804456,-0.639975
-1.5802456,-0.639975
-1.5800456,-0.671974
-1.5798456,-0.671974
-1.5796456,-0.703973
-1.5794456,-0.671974
-1.5792456,-0.671974
-1.5790456,-0.639975
-1.5788456,-0.703973
-1.5786456,-0.671974
-1.5784456,-0.671974
-1.5782456,-0.735972
-1.5780456,-0.703973
-1.5778456,-0.671974
-1.5776456,-0.703973
-1.5774456,-0.671974
-1.5772456,-0.671974
-1.5770456,-0.703973
-1.5768456,-0.735972
-1.5766456,-0.703973
-1.5764456,-0.735972
-1.5762456,-0.703973
-1.5760456,-0.735972
-1.5758456,-0.703973
-1.5756456,-0.735972
-1.5754456,-0.671974
-1.5752456,-0.703973
-1.5750456,-0.703973
-1.5748456,-0.735972
-1.5746456,-0.703973
-1.5744456,-0.735972
-1.5742456,-0.735972
-1.5740456,-0.703973
-1.5738456,-0.735972
-1.5736456,-0.735972
-1.5734456,-0.735972
-1.5732456,-0.735972
-1.5730456,-0.703973
-1.5728456,-0.703973
-1.5726456,-0.767971
-1.5724456,-0.735972
-1.5722456,-0.735972
-1.5720456,-0.735972
-1.5718456,-0.735972
-1.5716456,-0.703973
-1.5714456,-0.735972
-1.5712456,-0.703973
-1.5710456,-0.735972
-1.5708456,-0.703973
-1.5706456,-0.703973
-1.5704456,-0.735972
-1.5702456,-0.767971
-1.5700456,-0.703973
-1.5698456,-0.703973
-1.5696456,-0.767971
-1.5694456,-0.735972
-1.5692456,-0.735972
-1.5690456,-0.735972
-1.5688456,-0.767971
-1.5686456,-0.767971
-1.5684456,-0.735972
-1.5682456,-0.703973
-1.5680456,-0.799969
-1.5678456,-0.799969
-1.5676456,-0.735972
-1.5674456,-0.735972
-1.5672456,-0.767971
-1.5670456,-0.735972
-1.5668456,-0.767971
-1.5666456,-0.767971
-1.5664456,-0.735972
-1.5662456,-0.799969
-1.5660456,-0.767971
-1.5658456,-0.735972
-1.5656456,-0.767971
-1.5654456,-0.735972
-1.5652456,-0.735972
-1.5650456,-0.767971
-1.5648456,-0.799969
-1.5646456,-0.767971
-1.5644456,-0.767971
-1.5642456,-0.799969
-1.5640456,-0.831968
-1.5638456,-0.767971
-1.5636456,-0.799969
-1.5634456,-0.799969
-1.5632456,-0.767971
-1.5630456,-0.735972
-1.5628456,-0.767971
-1.5626456,-0.735972
-1.5624456,-0.767971
-1.5622456,-0.767971
-1.5620456,-0.767971
-1.5618456,-0.799969
-1.5616456,-0.799969
-1.5614456,-0.831968
-1.5612456,-0.799969
-1.5610456,-0.767971
-1.5608456,-0.799969
-1.5606456,-0.767971
-1.5604456,-0.799969
-1.5602456,-0.767971
-1.5600456,-0.799969
-1.5598456,-0.767971
-1.5596456,-0.799969
-1.5594456,-0.799969
-1.5592456,-0.799969
-1.5590456,-0.863967
-1.5588456,-0.799969
-1.5586456,-0.831968
-1.5584456,-0.831968
-1.5582456,-0.831968
-1.5580456,-0.799969
-1.5578456,-0.863967
-1.5576456,-0.799969
-1.5574456,-0.831968
-1.5572456,-0.831968
-1.5570456,-0.799969
-1.5568456,-0.799969
-1.5566456,-0.831968
-1.5564456,-0.863967
-1.5562456,-0.767971
-1.5560456,-0.831968
-1.5558456,-0.895966
-1.5556456,-0.831968
-1.5554456,-0.831968
-1.5552456,-0.831968
-1.5550456,-0.831968
-1.5548456,-0.863967
-1.5546456,-0.831968
-1.5544456,-0.831968
-1.5542456,-0.831968
-1.5540456,-0.831968
-1.5538456,-0.863967
-1.5536456,-0.831968
-1.5534456,-0.863967
-1.5532456,-0.863967
-1.5530456,-0.831968
-1.5528456,-0.863967
-1.5526456,-0.831968
-1.5524456,-0.831968
-1.5522456,-0.863967
-1.5520456,-0.863967
-1.5518456,-0.863967
-1.5516456,-0.831968
-1.5514456,-0.863967
-1.5512456,-0.863967
-1.5510456,-0.831968
-1.5508456,-0.863967
-1.5506456,-0.895966
-1.5504456,-0.863967
-1.5502456,-0.863967
-1.5500456,-0.863967
-1.5498456,-0.863967
-1.5496456,-0.863967
-1.5494456,-0.863967
-1.5492456,-0.831968
-1.5490456,-0.863967
-1.5488456,-0.863967
-1.5486456,-0.863967
-1.5484456,-0.863967
-1.5482456,-0.831968
-1.5480456,-0.895966
-1.5478456,-0.895966
-1.5476456,-0.863967
-1.5474456,-0.863967
-1.5472456,-0.863967
-1.5470456,-0.831968
-1.5468456,-0.863967
-1.5466456,-0.863967
-1.5464456,-0.895966
-1.5462456,-0.895966
-1.5460456,-0.863967
-1.5458456,-0.895966
-1.5456456,-0.895966
-1.5454456,-0.863967
-1.5452456,-0.831968
-1.5450456,-0.863967
-1.5448456,-0.895966
-1.5446456,-0.863967
-1.5444456,-0.863967
-1.5442456,-0.863967
-1.5440456,-0.895966
-1.5438456,-0.895966
-1.5436456,-0.895966
-1.5434456,-0.863967
-1.5432456,-0.895966
-1.5430456,-0.863967
-1.5428456,-0.895966
-1.5426456,-0.927964
-1.5424456,-0.895966
-1.5422456,-0.895966
-1.5420456,-0.895966
-1.5418456,-0.895966
-1.5416456,-0.863967
-1.5414456,-0.895966
-1.5412456,-0.895966
-1.5410456,-0.895966
-1.5408456,-0.895966
-1.5406456,-0.895966
-1.5404456,-0.927964
-1.5402456,-0.927964
-1.5400456,-0.927964
-1.5398456,-0.927964
-1.5396456,-0.895966
-1.5394456,-0.927964
-1.5392456,-0.895966
-1.5390456,-0.927964
-1.5388456,-0.895966
-1.5386456,-0.959963
-1.5384456,-0.927964
-1.5382456,-0.895966
-1.5380456,-0.895966
-1.5378456,-0.927964
-1.5376456,-0.927964
-1.5374456,-0.959963
-1.5372456,-0.927964
-1.5370456,-0.927964
-1.5368456,-0.959963
-1.5366456,-0.895966
-1.5364456,-0.927964
-1.5362456,-0.927964
-1.5360456,-0.927964
-1.5358456,-0.927964
-1.5356456,-0.895966
-1.5354456,-0.959963
-1.5352456,-0.927964
-1.5350456,-0.959963
-1.5348456,-0.895966
-1.5346456,-0.927964
-1.5344456,-0.927964
-1.5342456,-0.895966
-1.5340456,-0.927964
-1.5338456,-0.927964
-1.5336456,-0.895966
-1.5334456,-0.927964
-1.5332456,-0.991962
-1.5330456,-0.927964
-1.5328456,-0.959963
-1.5326456,-0.959963
-1.5324456,-0.959963
-1.5322456,-0.927964
-1.5320456,-0.927964
-1.5318456,-0.959963
-1.5316456,-0.927964
-1.5314456,-0.959963
-1.5312456,-0.927964
-1.5310456,-0.959963
-1.5308456,-0.959963
-1.5306456,-0.927964
-1.5304456,-0.927964
-1.5302456,-0.927964
-1.5300456,-0.927964
-1.5298456,-0.895966
-1.5296456,-0.927964
-1.5294456,-0.959963
-1.5292456,-0.895966
-1.5290456,-0.959963
-1.5288456,-0.927964
-1.5286456,-0.959963
-1.5284456,-0.959963
-1.5282456,-0.959963
-1.5280456,-0.959963
-1.5278456,-0.927964
-1.5276456,-0.959963
-1.5274456,-0.959963
-1.5272456,-0.959963
-1.5270456,-0.959963
-1.5268456,-0.959963
-1.5266456,-0.959963
-1.5264456,-0.959963
-1.5262456,-0.927964
-1.5260456,-0.959963
-1.5258456,-0.991962
-1.5256456,-0.927964
-1.5254456,-0.927964
-1.5252456,-0.927964
-1.5250456,-0.959963
-1.5248456,-0.991962
-1.5246456,-0.959963
-1.5244456,-0.927964
-1.5242456,-0.959963
-1.5240456,-0.927964
-1.5238456,-0.927964
-1.5236456,-0.959963
-1.5234456,-0.959963
-1.5232456,-0.895966
-1.5230456,-0.895966
-1.5228456,-0.927964
-1.5226456,-0.959963
-1.5224456,-0.959963
-1.5222456,-0.927964
-1.5220456,-0.959963
-1.5218456,-0.991962
-1.5216456,-0.927964
-1.5214456,-0.927964
-1.5212456,-0.927964
-1.5210456,-0.927964
-1.5208456,-0.959963
-1.5206456,-0.991962
-1.5204456,-0.895966
-1.5202456,-0.927964
-1.5200456,-0.959963
-1.5198456,-0.927964
-1.5196456,-0.927964
-1.5194456,-0.927964
-1.5192456,-0.927964
-1.5190456,-0.927964
-1.5188456,-0.927964
-1.5186456,-0.895966
-1.5184456,-0.959963
-1.5182456,-0.927964
-1.5180456,-0.959963
-1.5178456,-0.959963
-1.5176456,-0.895966
-1.5174456,-0.927964
-1.5172456,-0.895966
-1.5170456,-0.895966
-1.5168456,-0.927964
-1.5166456,-0.895966
-1.5164456,-0.927964
-1.5162456,-0.895966
-1.5160456,-0.895966
-1.5158456,-0.895966
-1.5156456,-0.927964
-1.5154456,-0.927964
-1.5152456,-0.927964
-1.5150456,-0.927964
-1.5148456,-0.927964
-1.5146456,-0.895966
-1.5144456,-0.927964
-1.5142456,-0.959963
-1.5140456,-0.927964
-1.5138456,-0.895966
-1.5136456,-0.895966
-1.5134456,-0.927964
-1.5132456,-0.895966
-1.5130456,-0.895966
-1.5128456,-0.895966
-1.5126456,-0.895966
-1.5124456,-0.895966
-1.5122456,-0.895966
-1.5120456,-0.863967
-1.5118456,-0.895966
-1.5116456,-0.895966
-1.5114456,-0.927964
-1.5112456,-0.895966
-1.5110456,-0.927964
-1.5108456,-0.863967
-1.5106456,-0.863967
-1.5104456,-0.863967
-1.5102456,-0.895966
-1.5100456,-0.895966
-1.5098456,-0.863967
-1.5096456,-0.863967
-1.5094456,-0.895966
-1.5092456,-0.895966
-1.5090456,-0.863967
-1.5088456,-0.863967
-1.5086456,-0.831968
-1.5084456,-0.863967
-1.5082456,-0.863967
-1.5080456,-0.863967
-1.5078456,-0.831968
-1.5076456,-0.895966
-1.5074456,-0.863967
-1.5072456,-0.831968
-1.5070456,-0.863967
-1.5068456,-0.863967
-1.5066456,-0.863967
-1.5064456,-0.863967
-1.5062456,-0.799969
-1.5060456,-0.831968
-1.5058456,-0.831968
-1.5056456,-0.831968
-1.5054456,-0.767971
-1.5052456,-0.863967
-1.5050456,-0.831968
-1.5048456,-0.831968
-1.5046456,-0.799969
-1.5044456,-0.831968
-1.5042456,-0.799969
-1.5040456,-0.799969
-1.5038456,-0.799969
-1.5036456,-0.831968
-1.5034456,-0.799969
-1.5032456,-0.799969
-1.5030456,-0.831968
-1.5028456,-0.799969
-1.5026456,-0.799969
-1.5024456,-0.767971
-1.5022456,-0.799969
-1.5020456,-0.799969
-1.5018456,-0.767971
-1.5016456,-0.799969
-1.5014456,-0.799969
-1.5012456,-0.799969
-1.5010456,-0.799969
-1.5008456,-0.831968
-1.5006456,-0.799969
-1.5004456,-0.799969
-1.5002456,-0.767971
-1.5000456,-0.735972
-1.4998456,-0.767971
-1.4996456,-0.767971
-1.4994456,-0.799969
-1.4992456,-0.767971
-1.4990456,-0.735972
-1.4988456,-0.767971
-1.4986456,-0.735972
-1.4984456,-0.735972
-1.4982456,-0.735972
-1.4980456,-0.735972
-1.4978456,-0.735972
-1.4976456,-0.767971
-1.4974456,-0.735972
-1.4972456,-0.735972
-1.4970456,-0.671974
-1.4968456,-0.703973
-1.4966456,-0.703973
-1.4964456,-0.703973
-1.4962456,-0.639975
-1.4960456,-0.703973
-1.4958456,-0.671974
-1.4956456,-0.671974
-1.4954456,-0.671974
-1.4952456,-0.671974
-1.4950456,-0.671974
-1.4948456,-0.671974
-1.4946456,-0.671974
-1.4944456,-0.671974
-1.4942456,-0.671974
-1.4940456,-0.671974
-1.4938456,-0.639975
-1.4936456,-0.639975
-1.4934456,-0.639975
-1.4932456,-0.639975
-1.4930456,-0.671974
-1.4928456,-0.607977
-1.4926456,-0.607977
-1.4924456,-0.607977
-1.4922456,-0.607977
-1.4920456,-0.607977
-1.4918456,-0.607977
-1.4916456,-0.607977
-1.4914456,-0.639975
-1.4912456,-0.575978
-1.4910456,-0.543979
-1.4908456,-0.575978
-1.4906456,-0.575978
-1.4904456,-0.543979
-1.4902456,-0.575978
-1.4900456,-0.543979
-1.4898456,-0.575978
-1.4896456,-0.543979
-1.4894456,-0.51198
-1.4892456,-0.575978
-1.4890456,-0.543979
-1.4888456,-0.543979
-1.4886456,-0.51198
-1.4884456,-0.51198
-1.4882456,-0.447983
-1.4880456,-0.51198
-1.4878456,-0.51198
-1.4876456,-0.543979
-1.4874456,-0.51198
-1.4872456,-0.51198
-1.4870456,-0.479982
-1.4868456,-0.479982
-1.4866456,-0.479982
-1.4864456,-0.447983
-1.4862456,-0.447983
-1.4860456,-0.447983
-1.4858456,-0.415984
-1.4856456,-0.447983
-1.4854456,-0.415984
-1.4852456,-0.447983
-1.4850456,-0.447983
-1.4848456,-0.415984
-1.4846456,-0.383985
-1.4844456,-0.415984
-1.4842456,-0.383985
-1.4840456,-0.351986
-1.4838456,-0.383985
-1.4836456,-0.383985
-1.4834456,-0.351986
-1.4832456,-0.383985
-1.4830456,-0.351986
-1.4828456,-0.319988
-1.4826456,-0.351986
-1.4824456,-0.287989
-1.4822456,-0.351986
-1.4820456,-0.351986
-1.4818456,-0.287989
-1.4816456,-0.351986
-1.4814456,-0.351986
-1.4812456,-0.319988
-1.4810456,-0.287989
-1.4808456,-0.287989
-1.4806456,-0.287989
-1.4804456,-0.25599
-1.4802456,-0.25599
-1.4800456,-0.25599
-1.4798456,-0.25599
-1.4796456,-0.287989
-1.4794456,-0.25599
-1.4792456,-0.319988
-1.4790456,-0.25599
-1.4788456,-0.25599
-1.4786456,-0.223991
-1.4784456,-0.223991
-1.4782456,-0.25599
-1.4780456,-0.191993
-1.4778456,-0.25599
-1.4776456,-0.223991
-1.4774456,-0.223991
-1.4772456,-0.223991
-1.4770456,-0.127995
-1.4768456,-0.223991
-1.4766456,-0.223991
-1.4764456,-0.159994
-1.4762456,-0.191993
-1.4760456,-0.159994
-1.4758456,-0.127995
-1.4756456,-0.159994
-1.4754456,-0.191993
-1.4752456,-0.127995
-1.4750456,-0.159994
-1.4748456,-0.127995
-1.4746456,-0.127995
-1.4744456,-0.127995
-1.4742456,-0.127995
-1.4740456,-0.0959963
-1.4738456,-0.0959963
-1.4736456,-0.0959963
-1.4734456,-0.0639975
-1.4732456,-0.127995
-1.4730456,-0.0959963
-1.4728456,-0.0639975
-1.4726456,-0.0959963
-1.4724456,-0.0639975
-1.4722456,-0.0639975
-1.4720456,-0.0319988
-1.4718456,-0.0639975
-1.4716456,-0.0319988
-1.4714456,-0.0639975
-1.4712456,-0.0319988
-1.4710456,0.0319988
-1.4708456,-0.0319988
-1.4706456,-0.0319988
-1.4704456,-0.0319988
-1.4702456,0
-1.4700456,0
-1.4698456,-0.0319988
-1.4696456,0
-1.4694456,0.0319988
-1.4692456,0.0639975
-1.4690456,0.0319988
-1.4688456,0.0639975
-1.4686456,0
-1.4684456,0.0639975
-1.4682456,0.0319988
-1.4680456,0.0639975
-1.4678456,0
-1.4676456,0.0959963
-1.4674456,0.0639975
-1.4672456,0.0959963
-1.4670456,0.0959963
-1.4668456,0.0959963
-1.4666456,0.0959963
-1.4664456,0.0959963
-1.4662456,0.0959963
-1.4660456,0.0959963
-1.4658456,0.159994
-1.4656456,0.127995
-1.4654456,0.127995
-1.4652456,0.127995
-1.4650456,0.127995
-1.4648456,0.127995
-1.4646456,0.191993
-1.4644456,0.159994
-1.4642456,0.159994
-1.4640456,0.191993
-1.4638456,0.127995
-1.4636456,0.159994
-1.4634456,0.191993
-1.4632456,0.191993
-1.4630456,0.223991
-1.4628456,0.191993
-1.4626456,0.191993
-1.4624456,0.191993
-1.4622456,0.191993
-1.4620456,0.25599
-1.4618456,0.191993
-1.4616456,0.223991
-1.4614456,0.223991
-1.4612456,0.223991
-1.4610456,0.319988
-1.4608456,0.25599
-1.4606456,0.25599
-1.4604456,0.287989
-1.4602456,0.25599
-1.4600456,0.25599
-1.4598456,0.287989
-1.4596456,0.223991
-1.4594456,0.287989
-1.4592456,0.351986
-1.4590456,0.319988
-1.4588456,0.287989
-1.4586456,0.319988
-1.4584456,0.287989
-1.4582456,0.287989
-1.4580456,0.319988
-1.4578456,0.287989
-1.4576456,0.319988
-1.4574456,0.351986
-1.4572456,0.319988
-1.4570456,0.351986
-1.4568456,0.383985
-1.4566456,0.319988
-1.4564456,0.351986
-1.4562456,0.383985
-1.4560456,0.287989
-1.4558456,0.351986
-1.4556456,0.415984
-1.4554456,0.351986
-1.4552456,0.383985
-1.4550456,0.415984
-1.4548456,0.383985
-1.4546456,0.383985
-1.4544456,0.447983
-1.4542456,0.351986
-1.4540456,0.383985
-1.4538456,0.447983
-1.4536456,0.415984
-1.4534456,0.383985
-1.4532456,0.447983
-1.4530456,0.447983
-1.4528456,0.415984
-1.4526456,0.447983
-1.4524456,0.415984
-1.4522456,0.415984
-1.4520456,0.51198
-1.4518456,0.447983
-1.4516456,0.479982
-1.4514456,0.479982
-1.4512456,0.447983
-1.4510456,0.479982
-1.4508456,0.447983
-1.4506456,0.479982
-1.4504456,0.479982
-1.4502456,0.479982
-1.4500456,0.51198
-1.4498456,0.51198
-1.4496456,0.51198
-1.4494456,0.543979
-1.4492456,0.543979
-1.4490456,0.543979
-1.4488456,0.575978
-1.4486456,0.543979
-1.4484456,0.543979
-1.4482456,0.575978
-1.4480456,0.543979
-1.4478456,0.543979
-1.4476456,0.575978
-1.4474456,0.543979
-1.4472456,0.575978
-1.4470456,0.639975
-1.4468456,0.575978
-1.4466456,0.575978
-1.4464456,0.575978
-1.4462456,0.543979
-1.4460456,0.543979
-1.4458456,0.639975
-1.4456456,0.575978
-1.4454456,0.639975
-1.4452456,0.703973
-1.4450456,0.671974
-1.4448456,0.607977
-1.4446456,0.639975
-1.4444456,0.607977
-1.4442456,0.607977
-1.4440456,0.671974
-1.4438456,0.671974
-1.4436456,0.671974
-1.4434456,0.671974
-1.4432456,0.639975
-1.4430456,0.703973
-1.4428456,0.703973
-1.4426456,0.703973
-1.4424456,0.703973
-1.4422456,0.735972
-1.4420456,0.671974
-1.4418456,0.735972
-1.4416456,0.767971
-1.4414456,0.735972
-1.4412456,0.735972
-1.4410456,0.831968
-1.4408456,0.767971
-1.4406456,0.735972
-1.4404456,0.767971
-1.4402456,0.767971
-1.4400456,0.767971
-1.4398456,0.799969
-1.4396456,0.767971
-1.4394456,0.799969
-1.4392456,0.831968
-1.4390456,0.767971
-1.4388456,0.799969
-1.4386456,0.831968
-1.4384456,0.799969
-1.4382456,0.799969
-1.4380456,0.863967
-1.4378456,0.863967
-1.4376456,0.863967
-1.4374456,0.895966
-1.4372456,0.863967
-1.4370456,0.895966
-1.4368456,0.895966
-1.4366456,0.895966
-1.4364456,0.895966
-1.4362456,0.927964
-1.4360456,0.863967
-1.4358456,0.927964
-1.4356456,0.927964
-1.4354456,0.927964
-1.4352456,0.927964
-1.4350456,0.927964
-1.4348456,0.895966
-1.4346456,0.959963
-1.4344456,0.959963
-1.4342456,0.959963
-1.4340456,0.959963
-1.4338456,0.991962
-1.4336456,0.959963
-1.4334456,0.991962
-1.4332456,1.02396
-1.4330456,1.02396
-1.4328456,1.02396
-1.4326456,1.02396
-1.4324456,1.02396
-1.4322456,1.02396
-1.4320456,1.02396
-1.4318456,1.05596
-1.4316456,1.08796
-1.4314456,1.05596
-1.4312456,1.08796
-1.4310456,1.05596
-1.4308456,1.02396
-1.4306456,1.05596
-1.4304456,1.08796
-1.4302456,1.08796
-1.4300456,1.11996
-1.4298456,1.08796
-1.4296456,1.11996
-1.4294456,1.15196
-1.4292456,1.15196
-1.4290456,1.11996
-1.4288456,1.11996
-1.4286456,1.11996
-1.4284456,1.15196
-1.4282456,1.15196
-1.4280456,1.18395
-1.4278456,1.15196
-1.4276456,1.18395
-1.4274456,1.18395
-1.4272456,1.15196
-1.4270456,1.15196
-1.4268456,1.18395
-1.4266456,1.18395
-1.4264456,1.21595
-1.4262456,1.21595
-1.4260456,1.24795
-1.4258456,1.21595
-1.4256456,1.18395
-1.4254456,1.24795
-1.4252456,1.21595
-1.4250456,1.21595
-1.4248456,1.27995
-1.4246456,1.24795
-1.4244456,1.27995
-1.4242456,1.24795
-1.4240456,1.27995
-1.4238456,1.31195
-1.4236456,1.31195
-1.4234456,1.27995
-1.4232456,1.31195
-1.4230456,1.34395
-1.4228456,1.31195
-1.4226456,1.27995
-1.4224456,1.37595
-1.4222456,1.34395
-1.4220456,1.37595
-1.4218456,1.34395
-1.4216456,1.31195
-1.4214456,1.34395
-1.4212456,1.37595
-1.4210456,1.34395
-1.4208456,1.34395
-1.4206456,1.37595
-1.4204456,1.34395
-1.4202456,1.40795
-1.4200456,1.40795
-1.4198456,1.31195
-1.4196456,1.40795
-1.4194456,1.40795
-1.4192456,1.40795
-1.4190456,1.40795
-1.4188456,1.43994
-1.4186456,1.40795
-1.4184456,1.43994
-1.4182456,1.43994
-1.4180456,1.43994
-1.4178456,1.40795
-1.4176456,1.43994
-1.4174456,1.47194
-1.4172456,1.43994
-1.4170456,1.43994
-1.4168456,1.43994
-1.4166456,1.43994
-1.4164456,1.47194
-1.4162456,1.43994
-1.4160456,1.43994
-1.4158456,1.47194
-1.4156456,1.43994
-1.4154456,1.47194
-1.4152456,1.50394
-1.4150456,1.47194
-1.4148456,1.47194
-1.4146456,1.43994
-1.4144456,1.47194
-1.4142456,1.47194
-1.4140456,1.50394
-1.4138456,1.53594
-1.4136456,1.50394
-1.4134456,1.47194
-1.4132456,1.50394
-1.4130456,1.50394
-1.4128456,1.53594
-1.4126456,1.50394
-1.4124456,1.50394
-1.4122456,1.50394
-1.4120456,1.47194
-1.4118456,1.53594
-1.4116456,1.53594
-1.4114456,1.50394
-1.4112456,1.50394
-1.4110456,1.53594
-1.4108456,1.56794
-1.4106456,1.50394
-1.4104456,1.50394
-1.4102456,1.56794
-1.4100456,1.53594
-1.4098456,1.56794
-1.4096456,1.56794
-1.4094456,1.53594
-1.4092456,1.56794
-1.4090456,1.56794
-1.4088456,1.56794
-1.4086456,1.59994
-1.4084456,1.59994
-1.4082456,1.63194
-1.4080456,1.59994
-1.4078456,1.59994
-1.4076456,1.56794
-1.4074456,1.63194
-1.4072456,1.59994
-1.4070456,1.59994
-1.4068456,1.59994
-1.4066456,1.63194
-1.4064456,1.59994
-1.4062456,1.59994
-1.4060456,1.59994
-1.4058456,1.59994
-1.4056456,1.63194
-1.4054456,1.63194
-1.4052456,1.59994
-1.4050456,1.63194
-1.4048456,1.63194
-1.4046456,1.63194
-1.4044456,1.63194
-1.4042456,1.63194
-1.4040456,1.59994
-1.4038456,1.66394
-1.4036456,1.63194
-1.4034456,1.66394
-1.4032456,1.59994
-1.4030456,1.63194
-1.4028456,1.66394
-1.4026456,1.63194
-1.4024456,1.69593
-1.4022456,1.63194
-1.4020456,1.69593
-1.4018456,1.63194
-1.4016456,1.66394
-1.4014456,1.63194
-1.4012456,1.66394
-1.4010456,1.69593
-1.4008456,1.66394
-1.4006456,1.69593
-1.4004456,1.66394
-1.4002456,1.66394
-1.4000456,1.69593
-1.3998456,1.66394
-1.3996456,1.69593
-1.3994456,1.66394
-1.3992456,1.69593
-1.3990456,1.69593
-1.3988456,1.72793
-1.3986456,1.72793
-1.3984456,1.69593
-1.3982456,1.69593
-1.3980456,1.69593
-1.3978456,1.72793
-1.3976456,1.69593
-1.3974456,1.72793
-1.3972456,1.69593
-1.3970456,1.72793
-1.3968456,1.75993
-1.3966456,1.72793
-1.3964456,1.75993
-1.3962456,1.75993
-1.3960456,1.75993
-1.3958456,1.75993
-1.3956456,1.72793
-1.3954456,1.75993
-1.3952456,1.75993
-1.3950456,1.75993
-1.3948456,1.75993
-1.3946456,1.79193
-1.3944456,1.75993
-1.3942456,1.72793
-1.3940456,1.75993
-1.3938456,1.69593
-1.3936456,1.79193
-1.3934456,1.79193
-1.3932456,1.75993
-1.3930456,1.75993
-1.3928456,1.79193
-1.3926456,1.75993
-1.3924456,1.79193
-1.3922456,1.79193
-1.3920456,1.75993
-1.3918456,1.75993
-1.3916456,1.75993
-1.3914456,1.82393
-1.3912456,1.72793
-1.3910456,1.79193
-1.3908456,1.72793
-1.3906456,1.75993
-1.3904456,1.75993
-1.3902456,1.75993
-1.3900456,1.79193
-1.3898456,1.79193
-1.3896456,1.72793
-1.3894456,1.75993
-1.3892456,1.75993
-1.3890456,1.79193
-1.3888456,1.75993
-1.3886456,1.75993
-1.3884456,1.79193
-1.3882456,1.79193
-1.3880456,1.79193
-1.3878456,1.75993
-1.3876456,1.79193
-1.3874456,1.79193
-1.3872456,1.75993
-1.3870456,1.75993
-1.3868456,1.72793
-1.3866456,1.79193
-1.3864456,1.79193
-1.3862456,1.79193
-1.3860456,1.79193
-1.3858456,1.82393
-1.3856456,1.82393
-1.3854456,1.79193
-1.3852456,1.79193
-1.3850456,1.82393
-1.3848456,1.79193
-1.3846456,1.75993
-1.3844456,1.79193
-1.3842456,1.79193
-1.3840456,1.79193
-1.3838456,1.79193
-1.3836456,1.79193
-1.3834456,1.75993
-1.3832456,1.79193
-1.3830456,1.82393
-1.3828456,1.82393
-1.3826456,1.79193
-1.3824456,1.79193
-1.3822456,1.85593
-1.3820456,1.79193
-1.3818456,1.79193
-1.3816456,1.79193
-1.3814456,1.79193
-1.3812456,1.79193
-1.3810456,1.82393
-1.3808456,1.79193
-1.3806456,1.79193
-1.3804456,1.82393
-1.3802456,1.82393
-1.3800456,1.85593
-1.3798456,1.82393
-1.3796456,1.82393
-1.3794456,1.82393
-1.3792456,1.85593
-1.3790456,1.75993
-1.3788456,1.79193
-1.3786456,1.82393
-1.3784456,1.79193
-1.3782456,1.79193
-1.3780456,1.79193
-1.3778456,1.82393
-1.3776456,1.79193
-1.3774456,1.79193
-1.3772456,1.79193
-1.3770456,1.82393
-1.3768456,1.79193
-1.3766456,1.79193
-1.3764456,1.85593
-1.3762456,1.79193
-1.3760456,1.75993
-1.3758456,1.79193
-1.3756456,1.82393
-1.3754456,1.85593
-1.3752456,1.82393
-1.3750456,1.79193
-1.3748456,1.79193
-1.3746456,1.79193
-1.3744456,1.85593
-1.3742456,1.82393
-1.3740456,1.79193
-1.3738456,1.79193
-1.3736456,1.79193
-1.3734456,1.79193
-1.3732456,1.79193
-1.3730456,1.79193
-1.3728456,1.79193
-1.3726456,1.85593
-1.3724456,1.79193
-1.3722456,1.75993
-1.3720456,1.82393
-1.3718456,1.75993
-1.3716456,1.75993
-1.3714456,1.82393
-1.3712456,1.75993
-1.3710456,1.79193
-1.3708456,1.79193
-1.3706456,1.79193
-1.3704456,1.82393
-1.3702456,1.82393
-1.3700456,1.82393
-1.3698456,1.79193
-1.3696456,1.79193
-1.3694456,1.82393
-1.3692456,1.79193
-1.3690456,1.82393
-1.3688456,1.79193
-1.3686456,1.75993
-1.3684456,1.79193
-1.3682456,1.85593
-1.3680456,1.82393
-1.3678456,1.79193
-1.3676456,1.82393
-1.3674456,1.79193
-1.3672456,1.79193
-1.3670456,1.79193
-1.3668456,1.75993
-1.3666456,1.79193
-1.3664456,1.79193
-1.3662456,1.79193
-1.3660456,1.75993
-1.3658456,1.75993
-1.3656456,1.75993
-1.3654456,1.79193
-1.3652456,1.79193
-1.3650456,1.79193
-1.3648456,1.79193
-1.3646456,1.79193
-1.3644456,1.79193
-1.3642456,1.79193
-1.3640456,1.75993
-1.3638456,1.75993
-1.3636456,1.75993
-1.3634456,1.79193
-1.3632456,1.75993
-1.3630456,1.72793
-1.3628456,1.75993
-1.3626456,1.75993
-1.3624456,1.75993
-1.3622456,1.75993
-1.3620456,1.79193
-1.3618456,1.75993
-1.3616456,1.75993
-1.3614456,1.72793
-1.3612456,1.75993
-1.3610456,1.72793
-1.3608456,1.79193
-1.3606456,1.75993
-1.3604456,1.75993
-1.3602456,1.79193
-1.3600456,1.72793
-1.3598456,1.75993
-1.3596456,1.75993
-1.3594456,1.75993
-1.3592456,1.72793
-1.3590456,1.82393
-1.3588456,1.72793
-1.3586456,1.72793
-1.3584456,1.75993
-1.3582456,1.72793
-1.3580456,1.75993
-1.3578456,1.72793
-1.3576456,1.72793
-1.3574456,1.72793
-1.3572456,1.75993
-1.3570456,1.72793
-1.3568456,1.72793
-1.3566456,1.75993
-1.3564456,1.72793
-1.3562456,1.72793
-1.3560456,1.66394
-1.3558456,1.72793
-1.3556456,1.69593
-1.3554456,1.66394
-1.3552456,1.72793
-1.3550456,1.72793
-1.3548456,1.72793
-1.3546456,1.69593
-1.3544456,1.69593
-1.3542456,1.69593
-1.3540456,1.69593
-1.3538456,1.69593
-1.3536456,1.66394
-1.3534456,1.63194
-1.3532456,1.66394
-1.3530456,1.72793
-1.3528456,1.66394
-1.3526456,1.69593
-1.3524456,1.66394
-1.3522456,1.66394
-1.3520456,1.66394
-1.3518456,1.66394
-1.3516456,1.66394
-1.3514456,1.66394
-1.3512456,1.63194
-1.3510456,1.63194
-1.3508456,1.63194
-1.3506456,1.66394
-1.3504456,1.63194
-1.3502456,1.66394
-1.3500456,1.63194
-1.3498456,1.63194
-1.3496456,1.63194
-1.3494456,1.56794
-1.3492456,1.63194
-1.3490456,1.59994
-1.3488456,1.59994
-1.3486456,1.59994
-1.3484456,1.59994
-1.3482456,1.56794
-1.3480456,1.63194
-1.3478456,1.66394
-1.3476456,1.59994
-1.3474456,1.63194
-1.3472456,1.59994
-1.3470456,1.59994
-1.3468456,1.59994
-1.3466456,1.59994
-1.3464456,1.56794
-1.3462456,1.59994
-1.3460456,1.56794
-1.3458456,1.56794
-1.3456456,1.59994
-1.3454456,1.56794
-1.3452456,1.56794
-1.3450456,1.56794
-1.3448456,1.56794
-1.3446456,1.56794
-1.3444456,1.59994
-1.3442456,1.53594
-1.3440456,1.53594
-1.3438456,1.56794
-1.3436456,1.53594
-1.3434456,1.56794
-1.3432456,1.59994
-1.3430456,1.56794
-1.3428456,1.56794
-1.3426456,1.59994
-1.3424456,1.50394
-1.3422456,1.50394
-1.3420456,1.56794
-1.3418456,1.47194
-1.3416456,1.50394
-1.3414456,1.53594
-1.3412456,1.50394
-1.3410456,1.47194
-1.3408456,1.56794
-1.3406456,1.53594
-1.3404456,1.47194
-1.3402456,1.47194
-1.3400456,1.47194
-1.3398456,1.50394
-1.3396456,1.50394
-1.3394456,1.47194
-1.3392456,1.43994
-1.3390456,1.50394
-1.3388456,1.47194
-1.3386456,1.47194
-1.3384456,1.40795
-1.3382456,1.43994
-1.3380456,1.43994
-1.3378456,1.43994
-1.3376456,1.40795
-1.3374456,1.40795
-1.3372456,1.43994
-1.3370456,1.40795
-1.3368456,1.43994
-1.3366456,1.40795
-1.3364456,1.37595
-1.3362456,1.37595
-1.3360456,1.37595
-1.3358456,1.34395
-1.3356456,1.37595
-1.3354456,1.40795
-1.3352456,1.37595
-1.3350456,1.37595
-1.3348456,1.37595
-1.3346456,1.37595
-1.3344456,1.34395
-1.3342456,1.37595
-1.3340456,1.31195
-1.3338456,1.34395
-1.3336456,1.34395
-1.3334456,1.27995
-1.3332456,1.31195
-1.3330456,1.37595
-1.3328456,1.31195
-1.3326456,1.27995
-1.3324456,1.34395
-1.3322456,1.24795
-1.3320456,1.31195
-1.3318456,1.31195
-1.3316456,1.27995
-1.3314456,1.27995
-1.3312456,1.31195
-1.3310456,1.24795
-1.3308456,1.24795
-1.3306456,1.31195
-1.3304456,1.21595
-1.3302456,1.27995
-1.3300456,1.21595
-1.3298456,1.21595
-1.3296456,1.24795
-1.3294456,1.31195
-1.3292456,1.21595
-1.3290456,1.18395
-1.3288456,1.21595
-1.3286456,1.18395
-1.3284456,1.15196
-1.3282456,1.15196
-1.3280456,1.21595
-1.3278456,1.15196
-1.3276456,1.15196
-1.3274456,1.18395
-1.3272456,1.15196
-1.3270456,1.15196
-1.3268456,1.11996
-1.3266456,1.11996
-1.3264456,1.15196
-1.3262456,1.11996
-1.3260456,1.15196
-1.3258456,1.11996
-1.3256456,1.15196
-1.3254456,1.11996
-1.3252456,1.11996
-1.3250456,1.11996
-1.3248456,1.08796
-1.3246456,1.15196
-1.3244456,1.05596
-1.3242456,1.08796
-1.3240456,1.08796
-1.3238456,1.08796
-1.3236456,1.08796
-1.3234456,1.08796
-1.3232456,1.11996
-1.3230456,1.08796
-1.3228456,1.08796
-1.3226456,1.05596
-1.3224456,1.05596
-1.3222456,1.05596
-1.3220456,0.991962
-1.3218456,1.02396
-1.3216456,1.05596
-1.3214456,1.05596
-1.3212456,1.05596
-1.3210456,1.02396
-1.3208456,1.05596
-1.3206456,0.991962
-1.3204456,1.02396
-1.3202456,0.991962
-1.3200456,1.05596
-1.3198456,0.991962
-1.3196456,1.02396
-1.3194456,0.991962
-1.3192456,1.02396
-1.3190456,0.991962
-1.3188456,0.959963
-1.3186456,0.959963
-1.3184456,0.959963
-1.3182456,0.895966
-1.3180456,0.959963
-1.3178456,0.959963
-1.3176456,0.927964
-1.3174456,0.991962
-1.3172456,0.991962
-1.3170456,0.895966
-1.3168456,0.927964
-1.3166456,0.895966
-1.3164456,0.927964
-1.3162456,0.927964
-1.3160456,0.863967
-1.3158456,0.895966
-1.3156456,0.895966
-1.3154456,0.895966
-1.3152456,0.863967
-1.3150456,0.895966
-1.3148456,0.895966
-1.3146456,0.895966
-1.3144456,0.895966
-1.3142456,0.831968
-1.3140456,0.831968
-1.3138456,0.831968
-1.3136456,0.863967
-1.3134456,0.863967
-1.3132456,0.863967
-1.3130456,0.767971
-1.3128456,0.831968
-1.3126456,0.831968
-1.3124456,0.767971
-1.3122456,0.799969
-1.3120456,0.831968
-1.3118456,0.831968
-1.3116456,0.767971
-1.3114456,0.799969
-1.3112456,0.767971
-1.3110456,0.735972
-1.3108456,0.831968
-1.3106456,0.735972
-1.3104456,0.767971
-1.3102456,0.767971
-1.3100456,0.767971
-1.3098456,0.767971
-1.3096456,0.799969
-1.3094456,0.767971
-1.3092456,0.703973
-1.3090456,0.735972
-1.3088456,0.735972
-1.3086456,0.703973
-1.3084456,0.703973
-1.3082456,0.703973
-1.3080456,0.703973
-1.3078456,0.735972
-1.3076456,0.671974
-1.3074456,0.607977
-1.3072456,0.671974
-1.3070456,0.607977
-1.3068456,0.639975
-1.3066456,0.639975
-1.3064456,0.607977
-1.3062456,0.575978
-1.3060456,0.671974
-1.3058456,0.639975
-1.3056456,0.639975
-1.3054456,0.607977
-1.3052456,0.607977
-1.3050456,0.607977
-1.3048456,0.607977
-1.3046456,0.51198
-1.3044456,0.575978
-1.3042456,0.575978
-1.3040456,0.543979
-1.3038456,0.543979
-1.3036456,0.575978
-1.3034456,0.543979
-1.3032456,0.51198
-1.3030456,0.51198
-1.3028456,0.543979
-1.3026456,0.51198
-1.3024456,0.51198
-1.3022456,0.51198
-1.3020456,0.479982
-1.3018456,0.51198
-1.3016456,0.479982
-1.3014456,0.479982
-1.3012456,0.479982
-1.3010456,0.415984
-1.3008456,0.479982
-1.3006456,0.447983
-1.3004456,0.447983
-1.3002456,0.479982
-1.3000456,0.447983
-1.2998456,0.447983
-1.2996456,0.447983
-1.2994456,0.415984
-1.2992456,0.415984
-1.2990456,0.383985
-1.2988456,0.383985
-1.2986456,0.383985
-1.2984456,0.383985
-1.2982456,0.351986
-1.2980456,0.383985
-1.2978456,0.415984
-1.2976456,0.351986
-1.2974456,0.351986
-1.2972456,0.319988
-1.2970456,0.319988
-1.2968456,0.351986
-1.2966456,0.351986
-1.2964456,0.319988
-1.2962456,0.287989
-1.2960456,0.319988
-1.2958456,0.287989
-1.2956456,0.319988
-1.2954456,0.351986
-1.2952456,0.25599
-1.2950456,0.25599
-1.2948456,0.319988
-1.2946456,0.287989
-1.2944456,0.287989
-1.2942456,0.287989
-1.2940456,0.223991
-1.2938456,0.287989
-1.2936456,0.25599
-1.2934456,0.25599
-1.2932456,0.223991
-1.2930456,0.223991
-1.2928456,0.223991
-1.2926456,0.223991
-1.2924456,0.25599
-1.2922456,0.159994
-1.2920456,0.223991
-1.2918456,0.223991
-1.2916456,0.191993
-1.2914456,0.191993
-1.2912456,0.191993
-1.2910456,0.159994
-1.2908456,0.159994
-1.2906456,0.159994
-1.2904456,0.191993
-1.2902456,0.159994
-1.2900456,0.191993
-1.2898456,0.191993
-1.2896456,0.127995
-1.2894456,0.159994
-1.2892456,0.0959963
-1.2890456,0.127995
-1.2888456,0.191993
-1.2886456,0.159994
-1.2884456,0.127995
-1.2882456,0.159994
-1.2880456,0.159994
-1.2878456,0.127995
-1.2876456,0.0959963
-1.2874456,0.0959963
-1.2872456,0.0959963
-1.2870456,0.0959963
-1.2868456,0.0959963
-1.2866456,0.0639975
-1.2864456,0.127995
-1.2862456,0.0959963
-1.2860456,0.0959963
-1.2858456,0.0639975
-1.2856456,0.0639975
-1.2854456,0.0319988
-1.2852456,0.0639975
-1.2850456,0.0639975
-1.2848456,0.0319988
-1.2846456,0.0639975
-1.2844456,0.0639975
-1.2842456,0.0319988
-1.2840456,0.0639975
-1.2838456,0.0639975
-1.2836456,0
-1.2834456,0.0319988
-1.2832456,0.0319988
-1.2830456,0.0319988
-1.2828456,0.0319988
-1.2826456,0.0319988
-1.2824456,0.0319988
-1.2822456,0.0639975
-1.2820456,0
-1.2818456,0
-1.2816456,0
-1.2814456,0
-1.2812456,-0.0959963
-1.2810456,-0.0319988
-1.2808456,0
-1.2806456,-0.0639975
-1.2804456,0.0319988
-1.2802456,-0.0319988
-1.2800456,-0.0319988
-1.2798456,-0.0639975
-1.2796456,-0.0319988
-1.2794456,-0.0959963
-1.2792456,-0.0639975
-1.2790456,-0.0639975
-1.2788456,-0.0639975
-1.2786456,-0.0319988
-1.2784456,-0.0639975
-1.2782456,-0.0959963
-1.2780456,-0.0959963
-1.2778456,-0.0959963
-1.2776456,-0.127995
-1.2774456,-0.0639975
-1.2772456,-0.0959963
-1.2770456,-0.127995
-1.2768456,-0.127995
-1.2766456,-0.0959963
-1.2764456,-0.0959963
-1.2762456,-0.127995
-1.2760456,-0.0959963
-1.2758456,-0.127995
-1.2756456,-0.159994
-1.2754456,-0.127995
-1.2752456,-0.127995
-1.2750456,-0.191993
-1.2748456,-0.127995
-1.2746456,-0.127995
-1.2744456,-0.159994
-1.2742456,-0.159994
-1.2740456,-0.159994
-1.2738456,-0.159994
-1.2736456,-0.159994
-1.2734456,-0.223991
-1.2732456,-0.223991
-1.2730456,-0.159994
-1.2728456,-0.191993
-1.2726456,-0.159994
-1.2724456,-0.159994
-1.2722456,-0.223991
-1.2720456,-0.191993
-1.2718456,-0.159994
-1.2716456,-0.25599
-1.2714456,-0.223991
-1.2712456,-0.223991
-1.2710456,-0.191993
-1.2708456,-0.223991
-1.2706456,-0.191993
-1.2704456,-0.191993
-1.2702456,-0.25599
-1.2700456,-0.223991
-1.2698456,-0.25599
-1.2696456,-0.287989
-1.2694456,-0.25599
-1.2692456,-0.25599
-1.2690456,-0.287989
-1.2688456,-0.287989
-1.2686456,-0.287989
-1.2684456,-0.319988
-1.2682456,-0.319988
-1.2680456,-0.319988
-1.2678456,-0.351986
-1.2676456,-0.319988
-1.2674456,-0.319988
-1.2672456,-0.319988
-1.2670456,-0.351986
-1.2668456,-0.319988
-1.2666456,-0.351986
-1.2664456,-0.383985
-1.2662456,-0.383985
-1.2660456,-0.415984
-1.2658456,-0.415984
-1.2656456,-0.383985
-1.2654456,-0.383985
-1.2652456,-0.415984
-1.2650456,-0.383985
-1.2648456,-0.447983
-1.2646456,-0.415984
-1.2644456,-0.415984
-1.2642456,-0.447983
-1.2640456,-0.447983
-1.2638456,-0.479982
-1.2636456,-0.447983
-1.2634456,-0.447983
-1.2632456,-0.415984
-1.2630456,-0.479982
-1.2628456,-0.479982
-1.2626456,-0.415984
-1.2624456,-0.51198
-1.2622456,-0.51198
-1.2620456,-0.479982
-1.2618456,-0.51198
-1.2616456,-0.51198
-1.2614456,-0.51198
-1.2612456,-0.479982
-1.2610456,-0.51198
-1.2608456,-0.51198
-1.2606456,-0.51198
-1.2604456,-0.543979
-1.2602456,-0.51198
-1.2600456,-0.543979
-1.2598456,-0.575978
-1.2596456,-0.51198
-1.2594456,-0.575978
-1.2592456,-0.575978
-1.2590456,-0.543979
-1.2588456,-0.575978
-1.2586456,-0.607977
-1.2584456,-0.607977
-1.2582456,-0.607977
-1.2580456,-0.607977
-1.2578456,-0.543979
-1.2576456,-0.607977
-1.2574456,-0.607977
-1.2572456,-0.575978
-1.2570456,-0.639975
-1.2568456,-0.607977
-1.2566456,-0.639975
-1.2564456,-0.639975
-1.2562456,-0.671974
-1.2560456,-0.639975
-1.2558456,-0.671974
-1.2556456,-0.639975
-1.2554456,-0.671974
-1.2552456,-0.703973
-1.2550456,-0.639975
-1.2548456,-0.639975
-1.2546456,-0.671974
-1.2544456,-0.639975
-1.2542456,-0.703973
-1.2540456,-0.703973
-1.2538456,-0.703973
-1.2536456,-0.703973
-1.2534456,-0.703973
-1.2532456,-0.671974
-1.2530456,-0.703973
-1.2528456,-0.639975
-1.2526456,-0.703973
-1.2524456,-0.703973
-1.2522456,-0.703973
-1.2520456,-0.703973
-1.2518456,-0.703973
-1.2516456,-0.735972
-1.2514456,-0.703973
-1.2512456,-0.735972
-1.2510456,-0.735972
-1.2508456,-0.735972
-1.2506456,-0.735972
-1.2504456,-0.735972
-1.2502456,-0.735972
-1.2500456,-0.767971
-1.2498456,-0.767971
-1.2496456,-0.735972
-1.2494456,-0.767971
-1.2492456,-0.735972
-1.2490456,-0.799969
-1.2488456,-0.767971
-1.2486456,-0.799969
-1.2484456,-0.767971
-1.2482456,-0.767971
-1.2480456,-0.767971
-1.2478456,-0.767971
-1.2476456,-0.767971
-1.2474456,-0.799969
-1.2472456,-0.831968
-1.2470456,-0.767971
-1.2468456,-0.767971
-1.2466456,-0.799969
-1.2464456,-0.831968
-1.2462456,-0.799969
-1.2460456,-0.799969
-1.2458456,-0.799969
-1.2456456,-0.767971
-1.2454456,-0.831968
-1.2452456,-0.799969
-1.2450456,-0.799969
-1.2448456,-0.799969
-1.2446456,-0.767971
-1.2444456,-0.799969
-1.2442456,-0.831968
-1.2440456,-0.831968
-1.2438456,-0.799969
-1.2436456,-0.799969
-1.2434456,-0.799969
-1.2432456,-0.831968
-1.2430456,-0.767971
-1.2428456,-0.831968
-1.2426456,-0.831968
-1.2424456,-0.799969
-1.2422456,-0.799969
-1.2420456,-0.831968
-1.2418456,-0.831968
-1.2416456,-0.831968
-1.2414456,-0.863967
-1.2412456,-0.767971
-1.2410456,-0.863967
-1.2408456,-0.799969
-1.2406456,-0.863967
-1.2404456,-0.831968
-1.2402456,-0.863967
-1.2400456,-0.831968
-1.2398456,-0.831968
-1.2396456,-0.863967
-1.2394456,-0.831968
-1.2392456,-0.863967
-1.2390456,-0.831968
-1.2388456,-0.831968
-1.2386456,-0.863967
-1.2384456,-0.895966
-1.2382456,-0.863967
-1.2380456,-0.863967
-1.2378456,-0.863967
-1.2376456,-0.831968
-1.2374456,-0.863967
-1.2372456,-0.831968
-1.2370456,-0.863967
-1.2368456,-0.863967
-1.2366456,-0.863967
-1.2364456,-0.831968
-1.2362456,-0.863967
-1.2360456,-0.863967
-1.2358456,-0.831968
-1.2356456,-0.895966
-1.2354456,-0.831968
-1.2352456,-0.863967
-1.2350456,-0.863967
-1.2348456,-0.863967
-1.2346456,-0.863967
-1.2344456,-0.863967
-1.2342456,-0.863967
-1.2340456,-0.863967
-1.2338456,-0.895966
-1.2336456,-0.831968
-1.2334456,-0.831968
-1.2332456,-0.831968
-1.2330456,-0.831968
-1.2328456,-0.863967
-1.2326456,-0.799969
-1.2324456,-0.863967
-1.2322456,-0.895966
-1.2320456,-0.895966
-1.2318456,-0.895966
-1.2316456,-0.863967
-1.2314456,-0.895966
-1.2312456,-0.863967
-1.2310456,-0.831968
-1.2308456,-0.895966
-1.2306456,-0.831968
-1.2304456,-0.895966
-1.2302456,-0.895966
-1.2300456,-0.895966
-1.2298456,-0.895966
-1.2296456,-0.927964
-1.2294456,-0.863967
-1.2292456,-0.863967
-1.2290456,-0.863967
-1.2288456,-0.895966
-1.2286456,-0.895966
-1.2284456,-0.927964
-1.2282456,-0.895966
-1.2280456,-0.895966
-1.2278456,-0.895966
-1.2276456,-0.863967
-1.2274456,-0.895966
-1.2272456,-0.895966
-1.2270456,-0.895966
-1.2268456,-0.863967
-1.2266456,-0.895966
-1.2264456,-0.927964
-1.2262456,-0.863967
-1.2260456,-0.895966
-1.2258456,-0.863967
-1.2256456,-0.863967
-1.2254456,-0.895966
-1.2252456,-0.863967
-1.2250456,-0.895966
-1.2248456,-0.831968
-1.2246456,-0.927964
-1.2244456,-0.863967
-1.2242456,-0.863967
-1.2240456,-0.863967
-1.2238456,-0.863967
-1.2236456,-0.895966
-1.2234456,-0.863967
-1.2232456,-0.863967
-1.2230456,-0.895966
-1.2228456,-0.863967
-1.2226456,-0.863967
-1.2224456,-0.863967
-1.2222456,-0.863967
-1.2220456,-0.863967
-1.2218456,-0.895966
-1.2216456,-0.863967
-1.2214456,-0.863967
-1.2212456,-0.831968
-1.2210456,-0.831968
-1.2208456,-0.895966
-1.2206456,-0.863967
-1.2204456,-0.799969
-1.2202456,-0.863967
-1.2200456,-0.863967
-1.2198456,-0.863967
-1.2196456,-0.831968
-1.2194456,-0.863967
-1.2192456,-0.863967
-1.2190456,-0.895966
-1.2188456,-0.863967
-1.2186456,-0.863967
-1.2184456,-0.831968
-1.2182456,-0.863967
-1.2180456,-0.863967
-1.2178456,-0.863967
-1.2176456,-0.863967
-1.2174456,-0.831968
-1.2172456,-0.863967
-1.2170456,-0.831968
-1.2168456,-0.863967
-1.2166456,-0.831968
-1.2164456,-0.863967
-1.2162456,-0.895966
-1.2160456,-0.863967
-1.2158456,-0.831968
-1.2156456,-0.863967
-1.2154456,-0.895966
-1.2152456,-0.863967
-1.2150456,-0.895966
-1.2148456,-0.831968
-1.2146456,-0.863967
-1.2144456,-0.895966
-1.2142456,-0.831968
-1.2140456,-0.895966
-1.2138456,-0.895966
-1.2136456,-0.831968
-1.2134456,-0.895966
-1.2132456,-0.895966
-1.2130456,-0.895966
-1.2128456,-0.895966
-1.2126456,-0.895966
-1.2124456,-0.863967
-1.2122456,-0.895966
-1.2120456,-0.863967
-1.2118456,-0.831968
-1.2116456,-0.895966
-1.2114456,-0.863967
-1.2112456,-0.895966
-1.2110456,-0.863967
-1.2108456,-0.895966
-1.2106456,-0.895966
-1.2104456,-0.895966
-1.2102456,-0.895966
-1.2100456,-0.863967
-1.2098456,-0.863967
-1.2096456,-0.895966
-1.2094456,-0.927964
-1.2092456,-0.895966
-1.2090456,-0.895966
-1.2088456,-0.863967
-1.2086456,-0.863967
-1.2084456,-0.895966
-1.2082456,-0.863967
-1.2080456,-0.863967
-1.2078456,-0.863967
-1.2076456,-0.895966
-1.2074456,-0.895966
-1.2072456,-0.895966
-1.2070456,-0.927964
-1.2068456,-0.927964
-1.2066456,-0.927964
-1.2064456,-0.895966
-1.2062456,-0.895966
-1.2060456,-0.895966
-1.2058456,-0.895966
-1.2056456,-0.895966
-1.2054456,-0.895966
-1.2052456,-0.895966
-1.2050456,-0.895966
-1.2048456,-0.863967
-1.2046456,-0.895966
-1.2044456,-0.927964
-1.2042456,-0.895966
-1.2040456,-0.895966
-1.2038456,-0.895966
-1.2036456,-0.927964
-1.2034456,-0.927964
-1.2032456,-0.927964
-1.2030456,-0.895966
-1.2028456,-0.895966
-1.2026456,-0.895966
-1.2024456,-0.927964
-1.2022456,-0.895966
-1.2020456,-0.895966
-1.2018456,-0.895966
-1.2016456,-0.895966
-1.2014456,-0.895966
-1.2012456,-0.895966
-1.2010456,-0.895966
-1.2008456,-0.895966
-1.2006456,-0.863967
-1.2004456,-0.895966
-1.2002456,-0.895966
-1.2000456,-0.895966
-1.1998456,-0.895966
-1.1996456,-0.895966
-1.1994456,-0.895966
-1.1992456,-0.895966
-1.1990456,-0.895966
-1.1988456,-0.895966
-1.1986456,-0.895966
-1.1984456,-0.895966
-1.1982456,-0.895966
-1.1980456,-0.895966
-1.1978456,-0.895966
-1.1976456,-0.927964
-1.1974456,-0.895966
-1.1972456,-0.927964
-1.1970456,-0.895966
-1.1968456,-0.863967
-1.1966456,-0.863967
-1.1964456,-0.863967
-1.1962456,-0.863967
-1.1960456,-0.927964
-1.1958456,-0.863967
-1.1956456,-0.863967
-1.1954456,-0.895966
-1.1952456,-0.895966
-1.1950456,-0.863967
-1.1948456,-0.895966
-1.1946456,-0.895966
-1.1944456,-0.863967
-1.1942456,-0.895966
-1.1940456,-0.895966
-1.1938456,-0.863967
-1.1936456,-0.927964
-1.1934456,-0.895966
-1.1932456,-0.895966
-1.1930456,-0.927964
-1.1928456,-0.895966
-1.1926456,-0.863967
-1.1924456,-0.895966
-1.1922456,-0.927964
-1.1920456,-0.927964
-1.1918456,-0.863967
-1.1916456,-0.895966
-1.1914456,-0.895966
-1.1912456,-0.927964
-1.1910456,-0.895966
-1.1908456,-0.863967
-1.1906456,-0.895966
-1.1904456,-0.895966
-1.1902456,-0.863967
-1.1900456,-0.863967
-1.1898456,-0.895966
-1.1896456,-0.831968
-1.1894456,-0.863967
-1.1892456,-0.895966
-1.1890456,-0.863967
-1.1888456,-0.895966
-1.1886456,-0.831968
-1.1884456,-0.831968
-1.1882456,-0.863967
-1.1880456,-0.831968
-1.1878456,-0.799969
-1.1876456,-0.831968
-1.1874456,-0.831968
-1.1872456,-0.831968
-1.1870456,-0.831968
-1.1868456,-0.831968
-1.1866456,-0.863967
-1.1864456,-0.863967
-1.1862456,-0.831968
-1.1860456,-0.863967
-1.1858456,-0.831968
-1.1856456,-0.799969
-1.1854456,-0.863967
-1.1852456,-0.799969
-1.1850456,-0.799969
-1.1848456,-0.831968
-1.1846456,-0.863967
-1.1844456,-0.863967
-1.1842456,-0.799969
-1.1840456,-0.799969
-1.1838456,-0.799969
-1.1836456,-0.799969
-1.1834456,-0.767971
-1.1832456,-0.799969
-1.1830456,-0.799969
-1.1828456,-0.799969
-1.1826456,-0.831968
-1.1824456,-0.767971
-1.1822456,-0.767971
-1.1820456,-0.767971
-1.1818456,-0.799969
-1.1816456,-0.767971
-1.1814456,-0.735972
-1.1812456,-0.735972
-1.1810456,-0.767971
-1.1808456,-0.735972
-1.1806456,-0.767971
-1.1804456,-0.735972
-1.1802456,-0.735972
-1.1800456,-0.735972
-1.1798456,-0.735972
-1.1796456,-0.671974
-1.1794456,-0.703973
-1.1792456,-0.703973
-1.1790456,-0.767971
-1.1788456,-0.735972
-1.1786456,-0.735972
-1.1784456,-0.735972
-1.1782456,-0.703973
-1.1780456,-0.703973
-1.1778456,-0.735972
-1.1776456,-0.703973
-1.1774456,-0.735972
-1.1772456,-0.671974
-1.1770456,-0.703973
-1.1768456,-0.703973
-1.1766456,-0.703973
-1.1764456,-0.703973
-1.1762456,-0.639975
-1.1760456,-0.671974
-1.1758456,-0.671974
-1.1756456,-0.671974
-1.1754456,-0.639975
-1.1752456,-0.639975
-1.1750456,-0.671974
-1.1748456,-0.671974
-1.1746456,-0.671974
-1.1744456,-0.671974
-1.1742456,-0.671974
-1.1740456,-0.639975
-1.1738456,-0.671974
-1.1736456,-0.671974
-1.1734456,-0.639975
-1.1732456,-0.639975
-1.1730456,-0.607977
-1.1728456,-0.639975
-1.1726456,-0.607977
-1.1724456,-0.607977
-1.1722456,-0.607977
-1.1720456,-0.607977
-1.1718456,-0.639975
-1.1716456,-0.607977
-1.1714456,-0.607977
-1.1712456,-0.607977
-1.1710456,-0.607977
-1.1708456,-0.607977
-1.1706456,-0.607977
-1.1704456,-0.607977
-1.1702456,-0.543979
-1.1700456,-0.607977
-1.1698456,-0.575978
-1.1696456,-0.575978
-1.1694456,-0.607977
-1.1692456,-0.575978
-1.1690456,-0.607977
-1.1688456,-0.607977
-1.1686456,-0.543979
-1.1684456,-0.543979
-1.1682456,-0.607977
-1.1680456,-0.575978
-1.1678456,-0.479982
-1.1676456,-0.575978
-1.1674456,-0.575978
-1.1672456,-0.575978
-1.1670456,-0.575978
-1.1668456,-0.575978
-1.1666456,-0.543979
-1.1664456,-0.543979
-1.1662456,-0.543979
-1.1660456,-0.543979
-1.1658456,-0.543979
-1.1656456,-0.575978
-1.1654456,-0.543979
-1.1652456,-0.575978
-1.1650456,-0.51198
-1.1648456,-0.543979
-1.1646456,-0.543979
-1.1644456,-0.543979
-1.1642456,-0.543979
-1.1640456,-0.543979
-1.1638456,-0.543979
-1.1636456,-0.543979
-1.1634456,-0.543979
-1.1632456,-0.51198
-1.1630456,-0.543979
-1.1628456,-0.575978
-1.1626456,-0.543979
-1.1624456,-0.51198
-1.1622456,-0.479982
-1.1620456,-0.51198
-1.1618456,-0.479982
-1.1616456,-0.479982
-1.1614456,-0.51198
-1.1612456,-0.447983
-1.1610456,-0.51198
-1.1608456,-0.51198
-1.1606456,-0.479982
-1.1604456,-0.479982
-1.1602456,-0.479982
-1.1600456,-0.479982
-1.1598456,-0.51198
-1.1596456,-0.479982
-1.1594456,-0.479982
-1.1592456,-0.51198
-1.1590456,-0.447983
-1.1588456,-0.479982
-1.1586456,-0.479982
-1.1584456,-0.415984
-1.1582456,-0.447983
-1.1580456,-0.479982
-1.1578456,-0.447983
-1.1576456,-0.447983
-1.1574456,-0.51198
-1.1572456,-0.479982
-1.1570456,-0.447983
-1.1568456,-0.447983
-1.1566456,-0.479982
-1.1564456,-0.447983
-1.1562456,-0.51198
-1.1560456,-0.447983
-1.1558456,-0.415984
-1.1556456,-0.51198
-1.1554456,-0.479982
-1.1552456,-0.415984
-1.1550456,-0.479982
-1.1548456,-0.447983
-1.1546456,-0.415984
-1.1544456,-0.479982
-1.1542456,-0.447983
-1.1540456,-0.447983
-1.1538456,-0.447983
-1.1536456,-0.447983
-1.1534456,-0.447983
-1.1532456,-0.447983
-1.1530456,-0.415984
-1.1528456,-0.415984
-1.1526456,-0.447983
-1.1524456,-0.383985
-1.1522456,-0.383985
-1.1520456,-0.415984
-1.1518456,-0.447983
-1.1516456,-0.447983
-1.1514456,-0.447983
-1.1512456,-0.415984
-1.1510456,-0.383985
-1.1508456,-0.447983
-1.1506456,-0.415984
-1.1504456,-0.415984
-1.1502456,-0.415984
-1.1500456,-0.383985
-1.1498456,-0.351986
-1.1496456,-0.415984
-1.1494456,-0.383985
-1.1492456,-0.415984
-1.1490456,-0.415984
-1.1488456,-0.383985
-1.1486456,-0.383985
-1.1484456,-0.415984
-1.1482456,-0.351986
-1.1480456,-0.351986
-1.1478456,-0.383985
-1.1476456,-0.383985
-1.1474456,-0.351986
-1.1472456,-0.383985
-1.1470456,-0.383985
-1.1468456,-0.319988
-1.1466456,-0.351986
-1.1464456,-0.383985
-1.1462456,-0.415984
-1.1460456,-0.383985
-1.1458456,-0.383985
-1.1456456,-0.351986
-1.1454456,-0.383985
-1.1452456,-0.351986
-1.1450456,-0.319988
-1.1448456,-0.415984
-1.1446456,-0.351986
-1.1444456,-0.351986
-1.1442456,-0.351986
-1.1440456,-0.383985
-1.1438456,-0.351986
-1.1436456,-0.351986
-1.1434456,-0.415984
-1.1432456,-0.351986
-1.1430456,-0.351986
-1.1428456,-0.351986
-1.1426456,-0.351986
-1.1424456,-0.351986
-1.1422456,-0.351986
-1.1420456,-0.351986
-1.1418456,-0.415984
-1.1416456,-0.319988
-1.1414456,-0.319988
-1.1412456,-0.351986
-1.1410456,-0.319988
-1.1408456,-0.319988
-1.1406456,-0.351986
-1.1404456,-0.319988
-1.1402456,-0.351986
-1.1400456,-0.351986
-1.1398456,-0.319988
-1.1396456,-0.319988
-1.1394456,-0.287989
-1.1392456,-0.319988
-1.1390456,-0.351986
-1.1388456,-0.319988
-1.1386456,-0.319988
-1.1384456,-0.319988
-1.1382456,-0.319988
-1.1380456,-0.319988
-1.1378456,-0.319988
-1.1376456,-0.319988
-1.1374456,-0.319988
-1.1372456,-0.287989
-1.1370456,-0.351986
-1.1368456,-0.319988
-1.1366456,-0.319988
-1.1364456,-0.287989
-1.1362456,-0.319988
-1.1360456,-0.319988
-1.1358456,-0.287989
-1.1356456,-0.287989
-1.1354456,-0.25599
-1.1352456,-0.25599
-1.1350456,-0.287989
-1.1348456,-0.287989
-1.1346456,-0.287989
-1.1344456,-0.319988
-1.1342456,-0.287989
-1.1340456,-0.319988
-1.1338456,-0.287989
-1.1336456,-0.287989
-1.1334456,-0.223991
-1.1332456,-0.287989
-1.1330456,-0.25599
-1.1328456,-0.287989
-1.1326456,-0.287989
-1.1324456,-0.25599
-1.1322456,-0.25599
-1.1320456,-0.25599
-1.1318456,-0.25599
-1.1316456,-0.287989
-1.1314456,-0.287989
-1.1312456,-0.25599
-1.1310456,-0.287989
-1.1308456,-0.25599
-1.1306456,-0.25599
-1.1304456,-0.25599
-1.1302456,-0.287989
-1.1300456,-0.287989
-1.1298456,-0.319988
-1.1296456,-0.319988
-1.1294456,-0.287989
-1.1292456,-0.319988
-1.1290456,-0.25599
-1.1288456,-0.287989
-1.1286456,-0.287989
-1.1284456,-0.25599
-1.1282456,-0.319988
-1.1280456,-0.287989
-1.1278456,-0.25599
-1.1276456,-0.223991
-1.1274456,-0.25599
-1.1272456,-0.287989
-1.1270456,-0.25599
-1.1268456,-0.25599
-1.1266456,-0.25599
-1.1264456,-0.287989
-1.1262456,-0.25599
-1.1260456,-0.223991
-1.1258456,-0.287989
-1.1256456,-0.287989
-1.1254456,-0.25599
-1.1252456,-0.25599
-1.1250456,-0.25599
-1.1248456,-0.25599
-1.1246456,-0.25599
-1.1244456,-0.287989
-1.1242456,-0.287989
-1.1240456,-0.25599
-1.1238456,-0.287989
-1.1236456,-0.319988
-1.1234456,-0.287989
-1.1232456,-0.287989
-1.1230456,-0.191993
-1.1228456,-0.25599
-1.1226456,-0.25599
-1.1224456,-0.25599
-1.1222456,-0.287989
-1.1220456,-0.25599
-1.1218456,-0.287989
-1.1216456,-0.25599
-1.1214456,-0.287989
-1.1212456,-0.223991
-1.1210456,-0.287989
-1.1208456,-0.25599
-1.1206456,-0.287989
-1.1204456,-0.223991
-1.1202456,-0.25599
-1.1200456,-0.25599
-1.1198456,-0.223991
-1.1196456,-0.25599
-1.1194456,-0.223991
-1.1192456,-0.287989
-1.1190456,-0.319988
-1.1188456,-0.25599
-1.1186456,-0.287989
-1.1184456,-0.287989
-1.1182456,-0.25599
-1.1180456,-0.287989
-1.1178456,-0.25599
-1.1176456,-0.25599
-1.1174456,-0.25599
-1.1172456,-0.319988
-1.1170456,-0.287989
-1.1168456,-0.25599
-1.1166456,-0.25599
-1.1164456,-0.287989
-1.1162456,-0.287989
-1.1160456,-0.287989
-1.1158456,-0.25599
-1.1156456,-0.287989
-1.1154456,-0.287989
-1.1152456,-0.25599
-1.1150456,-0.287989
-1.1148456,-0.287989
-1.1146456,-0.287989
-1.1144456,-0.25599
-1.1142456,-0.287989
-1.1140456,-0.287989
-1.1138456,-0.287989
-1.1136456,-0.287989
-1.1134456,-0.287989
-1.1132456,-0.287989
-1.1130456,-0.287989
-1.1128456,-0.25599
-1.1126456,-0.319988
-1.1124456,-0.287989
-1.1122456,-0.223991
-1.1120456,-0.319988
-1.1118456,-0.319988
-1.1116456,-0.287989
-1.1114456,-0.287989
-1.1112456,-0.287989
-1.1110456,-0.25599
-1.1108456,-0.287989
-1.1106456,-0.287989
-1.1104456,-0.319988
-1.1102456,-0.287989
-1.1100456,-0.319988
-1.1098456,-0.319988
-1.1096456,-0.25599
-1.1094456,-0.287989
-1.1092456,-0.287989
-1.1090456,-0.287989
-1.1088456,-0.319988
-1.1086456,-0.25599
-1.1084456,-0.319988
-1.1082456,-0.287989
-1.1080456,-0.287989
-1.1078456,-0.287989
-1.1076456,-0.319988
-1.1074456,-0.287989
-1.1072456,-0.287989
-1.1070456,-0.319988
-1.1068456,-0.319988
-1.1066456,-0.287989
-1.1064456,-0.319988
-1.1062456,-0.287989
-1.1060456,-0.351986
-1.1058456,-0.351986
-1.1056456,-0.319988
-1.1054456,-0.319988
-1.1052456,-0.319988
-1.1050456,-0.319988
-1.1048456,-0.319988
-1.1046456,-0.319988
-1.1044456,-0.319988
-1.1042456,-0.319988
-1.1040456,-0.319988
-1.1038456,-0.351986
-1.1036456,-0.319988
-1.1034456,-0.319988
-1.1032456,-0.351986
-1.1030456,-0.287989
-1.1028456,-0.351986
-1.1026456,-0.351986
-1.1024456,-0.287989
-1.1022456,-0.287989
-1.1020456,-0.287989
-1.1018456,-0.319988
-1.1016456,-0.287989
-1.1014456,-0.287989
-1.1012456,-0.287989
-1.1010456,-0.287989
-1.1008456,-0.287989
-1.1006456,-0.287989
-1.1004456,-0.287989
-1.1002456,-0.319988
-1.1000456,-0.319988
-1.0998456,-0.319988
-1.0996456,-0.319988
-1.0994456,-0.287989
-1.0992456,-0.287989
-1.0990456,-0.287989
-1.0988456,-0.287989
-1.0986456,-0.351986
-1.0984456,-0.319988
-1.0982456,-0.25599
-1.0980456,-0.319988
-1.0978456,-0.319988
-1.0976456,-0.287989
-1.0974456,-0.351986
-1.0972456,-0.319988
-1.0970456,-0.319988
-1.0968456,-0.287989
-1.0966456,-0.319988
-1.0964456,-0.319988
-1.0962456,-0.287989
-1.0960456,-0.25599
-1.0958456,-0.287989
-1.0956456,-0.319988
-1.0954456,-0.351986
-1.0952456,-0.319988
-1.0950456,-0.351986
-1.0948456,-0.287989
-1.0946456,-0.319988
-1.0944456,-0.287989
-1.0942456,-0.351986
-1.0940456,-0.319988
-1.0938456,-0.351986
-1.0936456,-0.319988
-1.0934456,-0.319988
-1.0932456,-0.351986
-1.0930456,-0.319988
-1.0928456,-0.319988
-1.0926456,-0.351986
-1.0924456,-0.319988
-1.0922456,-0.351986
-1.0920456,-0.383985
-1.0918456,-0.319988
-1.0916456,-0.319988
-1.0914456,-0.351986
-1.0912456,-0.351986
-1.0910456,-0.351986
-1.0908456,-0.351986
-1.0906456,-0.287989
-1.0904456,-0.319988
-1.0902456,-0.319988
-1.0900456,-0.319988
-1.0898456,-0.319988
-1.0896456,-0.319988
-1.0894456,-0.351986
-1.0892456,-0.319988
-1.0890456,-0.319988
-1.0888456,-0.351986
-1.0886456,-0.319988
-1.0884456,-0.351986
-1.0882456,-0.351986
-1.0880456,-0.319988
-1.0878456,-0.351986
-1.0876456,-0.351986
-1.0874456,-0.319988
-1.0872456,-0.351986
-1.0870456,-0.383985
-1.0868456,-0.319988
-1.0866456,-0.319988
-1.0864456,-0.319988
-1.0862456,-0.319988
-1.0860456,-0.351986
-1.0858456,-0.351986
-1.0856456,-0.319988
-1.0854456,-0.25599
-1.0852456,-0.351986
-1.0850456,-0.287989
-1.0848456,-0.351986
-1.0846456,-0.351986
-1.0844456,-0.319988
-1.0842456,-0.287989
-1.0840456,-0.319988
-1.0838456,-0.319988
-1.0836456,-0.287989
-1.0834456,-0.319988
-1.0832456,-0.319988
-1.0830456,-0.287989
-1.0828456,-0.351986
-1.0826456,-0.351986
-1.0824456,-0.351986
-1.0822456,-0.351986
-1.0820456,-0.287989
-1.0818456,-0.319988
-1.0816456,-0.351986
-1.0814456,-0.319988
-1.0812456,-0.319988
-1.0810456,-0.351986
-1.0808456,-0.351986
-1.0806456,-0.287989
-1.0804456,-0.319988
-1.0802456,-0.351986
-1.0800456,-0.319988
-1.0798456,-0.319988
-1.0796456,-0.319988
-1.0794456,-0.351986
-1.0792456,-0.319988
-1.0790456,-0.319988
-1.0788456,-0.351986
-1.0786456,-0.319988
-1.0784456,-0.287989
-1.0782456,-0.287989
-1.0780456,-0.319988
-1.0778456,-0.287989
-1.0776456,-0.319988
-1.0774456,-0.319988
-1.0772456,-0.351986
-1.0770456,-0.351986
-1.0768456,-0.351986
-1.0766456,-0.319988
-1.0764456,-0.319988
-1.0762456,-0.319988
-1.0760456,-0.319988
-1.0758456,-0.351986
-1.0756456,-0.287989
-1.0754456,-0.287989
-1.0752456,-0.287989
-1.0750456,-0.287989
-1.0748456,-0.25599
-1.0746456,-0.319988
-1.0744456,-0.287989
-1.0742456,-0.319988
-1.0740456,-0.319988
-1.0738456,-0.319988
-1.0736456,-0.319988
-1.0734456,-0.319988
-1.0732456,-0.25599
-1.0730456,-0.25599
-1.0728456,-0.287989
-1.0726456,-0.287989
-1.0724456,-0.319988
-1.0722456,-0.287989
-1.0720456,-0.25599
-1.0718456,-0.287989
-1.0716456,-0.319988
-1.0714456,-0.287989
-1.0712456,-0.319988
-1.0710456,-0.287989
-1.0708456,-0.319988
-1.0706456,-0.287989
-1.0704456,-0.287989
-1.0702456,-0.287989
-1.0700456,-0.287989
-1.0698456,-0.351986
-1.0696456,-0.287989
-1.0694456,-0.287989
-1.0692456,-0.25599
-1.0690456,-0.25599
-1.0688456,-0.287989
-1.0686456,-0.319988
-1.0684456,-0.25599
-1.0682456,-0.25599
-1.0680456,-0.287989
-1.0678456,-0.287989
-1.0676456,-0.287989
-1.0674456,-0.287989
-1.0672456,-0.25599
-1.0670456,-0.287989
-1.0668456,-0.287989
-1.0666456,-0.319988
-1.0664456,-0.287989
-1.0662456,-0.287989
-1.0660456,-0.287989
-1.0658456,-0.25599
-1.0656456,-0.287989
-1.0654456,-0.287989
-1.0652456,-0.287989
-1.0650456,-0.25599
-1.0648456,-0.25599
-1.0646456,-0.287989
-1.0644456,-0.287989
-1.0642456,-0.25599
-1.0640456,-0.25599
-1.0638456,-0.223991
-1.0636456,-0.25599
-1.0634456,-0.287989
-1.0632456,-0.25599
-1.0630456,-0.25599
-1.0628456,-0.223991
-1.0626456,-0.287989
-1.0624456,-0.287989
-1.0622456,-0.25599
-1.0620456,-0.319988
-1.0618456,-0.287989
-1.0616456,-0.319988
-1.0614456,-0.25599
-1.0612456,-0.287989
-1.0610456,-0.287989
-1.0608456,-0.25599
-1.0606456,-0.25599
-1.0604456,-0.25599
-1.0602456,-0.319988
-1.0600456,-0.223991
-1.0598456,-0.319988
-1.0596456,-0.25599
-1.0594456,-0.25599
-1.0592456,-0.25599
-1.0590456,-0.25599
-1.0588456,-0.191993
-1.0586456,-0.287989
-1.0584456,-0.25599
-1.0582456,-0.191993
-1.0580456,-0.25599
-1.0578456,-0.25599
-1.0576456,-0.25599
-1.0574456,-0.25599
-1.0572456,-0.25599
-1.0570456,-0.223991
-1.0568456,-0.223991
-1.0566456,-0.223991
-1.0564456,-0.223991
-1.0562456,-0.223991
-1.0560456,-0.223991
-1.0558456,-0.25599
-1.0556456,-0.191993
-1.0554456,-0.223991
-1.0552456,-0.25599
-1.0550456,-0.25599
-1.0548456,-0.191993
-1.0546456,-0.191993
-1.0544456,-0.223991
-1.0542456,-0.223991
-1.0540456,-0.191993
-1.0538456,-0.223991
-1.0536456,-0.223991
-1.0534456,-0.191993
-1.0532456,-0.191993
-1.0530456,-0.191993
-1.0528456,-0.191993
-1.0526456,-0.191993
-1.0524456,-0.159994
-1.0522456,-0.191993
-1.0520456,-0.191993
-1.0518456,-0.223991
-1.0516456,-0.191993
-1.0514456,-0.223991
-1.0512456,-0.191993
-1.0510456,-0.159994
-1.0508456,-0.191993
-1.0506456,-0.159994
-1.0504456,-0.191993
-1.0502456,-0.191993
-1.0500456,-0.191993
-1.0498456,-0.159994
-1.0496456,-0.223991
-1.0494456,-0.159994
-1.0492456,-0.127995
-1.0490456,-0.159994
-1.0488456,-0.127995
-1.0486456,-0.159994
-1.0484456,-0.159994
-1.0482456,-0.159994
-1.0480456,-0.0959963
-1.0478456,-0.159994
-1.0476456,-0.159994
-1.0474456,-0.127995
-1.0472456,-0.191993
-1.0470456,-0.127995
-1.0468456,-0.159994
-1.0466456,-0.127995
-1.0464456,-0.127995
-1.0462456,-0.127995
-1.0460456,-0.127995
-1.0458456,-0.127995
-1.0456456,-0.0959963
-1.0454456,-0.127995
-1.0452456,-0.127995
-1.0450456,-0.0959963
-1.0448456,-0.127995
-1.0446456,-0.0959963
-1.0444456,-0.0959963
-1.0442456,-0.127995
-1.0440456,-0.0959963
-1.0438456,-0.0959963
-1.0436456,-0.127995
-1.0434456,-0.127995
-1.0432456,-0.0959963
-1.0430456,-0.159994
-1.0428456,-0.0959963
-1.0426456,-0.0959963
-1.0424456,-0.0959963
-1.0422456,-0.127995
-1.0420456,-0.0959963
-1.0418456,-0.127995
-1.0416456,-0.0639975
-1.0414456,-0.0959963
-1.0412456,-0.0639975
-1.0410456,-0.0959963
-1.0408456,-0.0319988
-1.0406456,-0.0959963
-1.0404456,-0.0639975
-1.0402456,-0.0319988
-1.0400456,-0.0959963
-1.0398456,-0.0639975
-1.0396456,-0.0959963
-1.0394456,-0.0319988
-1.0392456,-0.0319988
-1.0390456,-0.0319988
-1.0388456,-0.0639975
-1.0386456,-0.0639975
-1.0384456,-0.0319988
-1.0382456,-0.0639975
-1.0380456,-0.0639975
-1.0378456,-0.0319988
-1.0376456,-0.0319988
-1.0374456,-0.0319988
-1.0372456,0
-1.0370456,-0.0319988
-1.0368456,-0.0319988
-1.0366456,-0.0319988
-1.0364456,-0.0639975
-1.0362456,-0.0319988
-1.0360456,-0.0639975
-1.0358456,-0.0639975
-1.0356456,0
-1.0354456,0.0319988
-1.0352456,0.0319988
-1.0350456,-0.0319988
-1.0348456,0.0319988
-1.0346456,-0.0319988
-1.0344456,0
-1.0342456,0
-1.0340456,-0.0319988
-1.0338456,0
-1.0336456,0.0319988
-1.0334456,0.0319988
-1.0332456,0
-1.0330456,0.0319988
-1.0328456,0.0319988
-1.0326456,0.0639975
-1.0324456,0.0639975
-1.0322456,0.0639975
-1.0320456,0.0639975
-1.0318456,0.0319988
-1.0316456,0.0319988
-1.0314456,0.0319988
-1.0312456,0.0319988
-1.0310456,0.0639975
-1.0308456,0.0639975
-1.0306456,0.0319988
-1.0304456,0
-1.0302456,0
-1.0300456,0.0639975
-1.0298456,0.0639975
-1.0296456,0.0639975
-1.0294456,0.0319988
-1.0292456,0.0319988
-1.0290456,0.0639975
-1.0288456,0.0319988
-1.0286456,0.0319988
-1.0284456,0.0639975
-1.0282456,0.0639975
-1.0280456,0.0319988
-1.0278456,0.0319988
-1.0276456,0.0639975
-1.0274456,0.0639975
-1.0272456,0.0639975
-1.0270456,0.0639975
-1.0268456,0.0639975
-1.0266456,0.0959963
-1.0264456,0.0639975
-1.0262456,0.0639975
-1.0260456,0.0959963
-1.0258456,0.0639975
-1.0256456,0.0959963
-1.0254456,0.0959963
-1.0252456,0.0639975
-1.0250456,0.0959963
-1.0248456,0.0639975
-1.0246456,0.0959963
-1.0244456,0.0639975
-1.0242456,0.0639975
-1.0240456,0.0639975
-1.0238456,0.0959963
-1.0236456,0.0959963
-1.0234456,0.0639975
-1.0232456,0.0319988
-1.0230456,0.0959963
-1.0228456,0.0959963
-1.0226456,0.0319988
-1.0224456,0.0959963
-1.0222456,0.0959963
-1.0220456,0.0639975
-1.0218456,0.0639975
-1.0216456,0.0639975
-1.0214456,0.0639975
-1.0212456,0.0639975
-1.0210456,0.0959963
-1.0208456,0.0639975
-1.0206456,0.0639975
-1.0204456,0.0959963
-1.0202456,0.0319988
-1.0200456,0.0639975
-1.0198456,0.0959963
-1.0196456,0.0959963
-1.0194456,0.0959963
-1.0192456,0.0959963
-1.0190456,0.0639975
-1.0188456,0.0319988
-1.0186456,0.127995
-1.0184456,0.0959963
-1.0182456,0.0959963
-1.0180456,0.0639975
-1.0178456,0.0319988
-1.0176456,0.0959963
-1.0174456,0.0959963
-1.0172456,0.0639975
-1.0170456,0.0959963
-1.0168456,0.0639975
-1.0166456,0.0959963
-1.0164456,0.0639975
-1.0162456,0.0639975
-1.0160456,0.127995
-1.0158456,0.0639975
-1.0156456,0.0639975
-1.0154456,0.0959963
-1.0152456,0.0639975
-1.0150456,0.0639975
-1.0148456,0.0639975
-1.0146456,0.0959963
-1.0144456,0.0319988
-1.0142456,0.0959963
-1.0140456,0.0639975
-1.0138456,0.0959963
-1.0136456,0.0319988
-1.0134456,0.0639975
-1.0132456,0.0639975
-1.0130456,0.0639975
-1.0128456,0.0959963
-1.0126456,0.0959963
-1.0124456,0.0319988
-1.0122456,0.0639975
-1.0120456,0.0639975
-1.0118456,0.0959963
-1.0116456,0.0639975
-1.0114456,0.0959963
-1.0112456,0.0639975
-1.0110456,0.0959963
-1.0108456,0.0639975
-1.0106456,0.0639975
-1.0104456,0.0639975
-1.0102456,0.0959963
-1.0100456,0.0959963
-1.0098456,0.0959963
-1.0096456,0.0959963
-1.0094456,0.0639975
-1.0092456,0.0959963
-1.0090456,0.0959963
-1.0088456,0.0959963
-1.0086456,0.0639975
-1.0084456,0.0959963
-1.0082456,0.0319988
-1.0080456,0.0959963
-1.0078456,0.0959963
-1.0076456,0.0319988
-1.0074456,0.0959963
-1.0072456,0.0959963
-1.0070456,0.0639975
-1.0068456,0.0639975
-1.0066456,0.0959963
-1.0064456,0.0639975
-1.0062456,0.0959963
-1.0060456,0.0959963
-1.0058456,0.0959963
-1.0056456,0.0959963
-1.0054456,0.0959963
-1.0052456,0.0959963
-1.0050456,0.0639975
-1.0048456,0.0959963
-1.0046456,0.0319988
-1.0044456,0.0959963
-1.0042456,0.0959963
-1.0040456,0.0319988
-1.0038456,0.0959963
-1.0036456,0.0959963
-1.0034456,0.0959963
-1.0032456,0.0959963
-1.0030456,0.0959963
-1.0028456,0.0639975
-1.0026456,0.0639975
-1.0024456,0.0959963
-1.0022456,0.0639975
-1.0020456,0.127995
-1.0018456,0.0959963
-1.0016456,0.0959963
-1.0014456,0.0639975
-1.0012456,0.0959963
-1.0010456,0.0639975
-1.0008456,0.0959963
-1.0006456,0.0959963
-1.0004456,0.0639975
-1.0002456,0.0639975
-1.0000456,0.0959963
-0.99984556,0.0639975
-0.99964556,0.0639975
-0.99944556,0.0959963
-0.99924556,0.0959963
-0.99904556,0.0959963
-0.99884556,0.127995
-0.99864556,0.0959963
-0.99844556,0.0959963
-0.99824556,0.0959963
-0.99804556,0.127995
-0.99784556,0.0959963
-0.99764556,0.0959963
-0.99744556,0.127995
-0.99724556,0.0959963
-0.99704556,0.0959963
-0.99684556,0.0959963
-0.99664556,0.0959963
-0.99644556,0.127995
-0.99624556,0.0959963
-0.99604556,0.0959963
-0.99584556,0.0959963
-0.99564556,0.0959963
-0.99544556,0.127995
-0.99524556,0.127995
-0.99504556,0.0959963
-0.99484556,0.0959963
-0.99464556,0.0959963
-0.99444556,0.0959963
-0.99424556,0.127995
-0.99404556,0.127995
-0.99384556,0.0959963
-0.99364556,0.0959963
-0.99344556,0.127995
-0.99324556,0.159994
-0.99304556,0.0959963
-0.99284556,0.0959963
-0.99264556,0.0959963
-0.99244556,0.0959963
-0.99224556,0.0959963
-0.99204556,0.0959963
-0.99184556,0.0959963
-0.99164556,0.0959963
-0.99144556,0.0639975
-0.99124556,0.0959963
-0.99104556,0.0959963
-0.99084556,0.0959963
-0.99064556,0.0959963
-0.99044556,0.0959963
-0.99024556,0.0959963
-0.99004556,0.127995
-0.98984556,0.0959963
-0.98964556,0.0959963
-0.98944556,0.0959963
-0.98924556,0.0959963
-0.98904556,0.127995
-0.98884556,0.127995
-0.98864556,0.0639975
-0.98844556,0.0959963
-0.98824556,0.127995
-0.98804556,0.127995
-0.98784556,0.0959963
-0.98764556,0.0959963
-0.98744556,0.0959963
-0.98724556,0.127995
-0.98704556,0.127995
-0.98684556,0.0959963
-0.98664556,0.0959963
-0.98644556,0.127995
-0.98624556,0.0639975
-0.98604556,0.0959963
-0.98584556,0.0959963
-0.98564556,0.0959963
-0.98544556,0.127995
-0.98524556,0.0959963
-0.98504556,0.0959963
-0.98484556,0.127995
-0.98464556,0.0959963
-0.98444556,0.0959963
-0.98424556,0.0959963
-0.98404556,0.0959963
-0.98384556,0.0959963
-0.98364556,0.0959963
-0.98344556,0.127995
-0.98324556,0.0639975
-0.98304556,0.0639975
-0.98284556,0.0959963
-0.98264556,0.0959963
-0.98244556,0.0319988
-0.98224556,0.0639975
-0.98204556,0.0959963
-0.98184556,0.0959963
-0.98164556,0.127995
-0.98144556,0.127995
-0.98124556,0.0959963
-0.98104556,0.0639975
-0.98084556,0.0639975
-0.98064556,0.0959963
-0.98044556,0.0959963
-0.98024556,0.0959963
-0.98004556,0.0319988
-0.97984556,0.127995
-0.97964556,0.0959963
-0.97944556,0.0639975
-0.97924556,0.0959963
-0.97904556,0.0959963
-0.97884556,0.127995
-0.97864556,0.127995
-0.97844556,0.0639975
-0.97824556,0.0639975
-0.97804556,0.127995
-0.97784556,0.0959963
-0.97764556,0.0959963
-0.97744556,0.127995
-0.97724556,0.0959963
-0.97704556,0.0959963
-0.97684556,0.0639975
-0.97664556,0.0639975
-0.97644556,0.0639975
-0.97624556,0.0959963
-0.97604556,0.127995
-0.97584556,0.0639975
-0.97564556,0.0639975
-0.97544556,0.0959963
-0.97524556,0.0959963
-0.97504556,0.0959963
-0.97484556,0.0959963
-0.97464556,0.0959963
-0.97444556,0.0959963
-0.97424556,0.0639975
-0.97404556,0.0319988
-0.97384556,0.0959963
-0.97364556,0.0959963
-0.97344556,0.0959963
-0.97324556,0.0959963
-0.97304556,0.0959963
-0.97284556,0.0639975
-0.97264556,0.0639975
-0.97244556,0.0959963
-0.97224556,0.0959963
-0.97204556,0.0959963
-0.97184556,0.0639975
-0.97164556,0.0959963
-0.97144556,0.0959963
-0.97124556,0.0959963
-0.97104556,0.0319988
-0.97084556,0.0959963
-0.97064556,0.0959963
-0.97044556,0.0959963
-0.97024556,0.0959963
-0.97004556,0.0959963
-0.96984556,0.0639975
-0.96964556,0.0959963
-0.96944556,0.0639975
-0.96924556,0.0319988
-0.96904556,0.0639975
-0.96884556,0.127995
-0.96864556,0.0319988
-0.96844556,0.0639975
-0.96824556,0.0639975
-0.96804556,0.0639975
-0.96784556,0.0639975
-0.96764556,0.0639975
-0.96744556,0.0639975
-0.96724556,0.0639975
-0.96704556,0.0639975
-0.96684556,0.0319988
-0.96664556,0.0639975
-0.96644556,0.0959963
-0.96624556,0.0639975
-0.96604556,0.0639975
-0.96584556,0.0639975
-0.96564556,0.0319988
-0.96544556,0.0639975
-0.96524556,0.0639975
-0.96504556,0.0319988
-0.96484556,0.0959963
-0.96464556,0.0319988
-0.96444556,0.0319988
-0.96424556,0
-0.96404556,0.0639975
-0.96384556,0.0639975
-0.96364556,0
-0.96344556,0.0959963
-0.96324556,0.0319988
-0.96304556,0.0319988
-0.96284556,0.0639975
-0.96264556,0.0319988
-0.96244556,0.0319988
-0.96224556,0.0639975
-0.96204556,0.0639975
-0.96184556,0.0319988
-0.96164556,0.0639975
-0.96144556,0.0319988
-0.96124556,0.0319988
-0.96104556,0.0319988
-0.96084556,0.0639975
-0.96064556,0.0639975
-0.96044556,0.0319988
-0.96024556,0.0319988
-0.96004556,0.0639975
-0.95984556,0.0639975
-0.95964556,0.0319988
-0.95944556,0.0319988
-0.95924556,0.0319988
-0.95904556,0
-0.95884556,0.0319988
-0.95864556,0.0639975
-0.95844556,0
-0.95824556,0.0639975
-0.95804556,0.0639975
-0.95784556,0
-0.95764556,0.0319988
-0.95744556,0.0639975
-0.95724556,0
-0.95704556,0
-0.95684556,0
-0.95664556,0
-0.95644556,0.0319988
-0.95624556,0.0959963
-0.95604556,0
-0.95584556,0.0639975
-0.95564556,0.0639975
-0.95544556,-0.0319988
-0.95524556,0.0319988
-0.95504556,0.0319988
-0.95484556,0
-0.95464556,0.0319988
-0.95444556,0.0319988
-0.95424556,0
-0.95404556,0
-0.95384556,0
-0.95364556,-0.0319988
-0.95344556,0.0319988
-0.95324556,0
-0.95304556,-0.0319988
-0.95284556,0
-0.95264556,0.0319988
-0.95244556,0
-0.95224556,-0.0319988
-0.95204556,0
-0.95184556,0
-0.95164556,0
-0.95144556,0
-0.95124556,0
-0.95104556,0.0319988
-0.95084556,0
-0.95064556,0
-0.95044556,0
-0.95024556,-0.0319988
-0.95004556,0
-0.94984556,-0.0319988
-0.94964556,0
-0.94944556,-0.0319988
-0.94924556,0.0319988
-0.94904556,0.0319988
-0.94884556,-0.0319988
-0.94864556,-0.0319988
-0.94844556,0
-0.94824556,-0.0319988
-0.94804556,0
-0.94784556,0
-0.94764556,-0.0319988
-0.94744556,0
-0.94724556,0
-0.94704556,0
-0.94684556,0
-0.94664556,0
-0.94644556,0.0319988
-0.94624556,0
-0.94604556,0
-0.94584556,-0.0319988
-0.94564556,0
-0.94544556,0
-0.94524556,0
-0.94504556,-0.0319988
-0.94484556,0
-0.94464556,-0.0319988
-0.94444556,0
-0.94424556,0
-0.94404556,-0.0319988
-0.94384556,-0.0319988
-0.94364556,0
-0.94344556,-0.0639975
-0.94324556,-0.0319988
-0.94304556,0
-0.94284556,-0.0319988
-0.94264556,-0.0319988
-0.94244556,-0.0319988
-0.94224556,-0.0639975
-0.94204556,0
-0.94184556,-0.0639975
-0.94164556,-0.0639975
-0.94144556,-0.0319988
-0.94124556,-0.0319988
-0.94104556,-0.0319988
-0.94084556,-0.0639975
-0.94064556,0
-0.94044556,-0.0639975
-0.94024556,0
-0.94004556,0
-0.93984556,-0.0639975
-0.93964556,0
-0.93944556,-0.0319988
-0.93924556,-0.0639975
-0.93904556,-0.0319988
-0.93884556,-0.0319988
-0.93864556,-0.0639975
-0.93844556,0
-0.93824556,-0.0319988
-0.93804556,-0.0639975
-0.93784556,-0.0639975
-0.93764556,-0.0319988
-0.93744556,-0.0319988
-0.93724556,-0.0639975
-0.93704556,0
-0.93684556,-0.0639975
-0.93664556,-0.0639975
-0.93644556,-0.0319988
-0.93624556,-0.0639975
-0.93604556,-0.0319988
-0.93584556,-0.0319988
-0.93564556,-0.0639975
-0.93544556,-0.0319988
-0.93524556,-0.0639975
-0.93504556,-0.0319988
-0.93484556,-0.0319988
-0.93464556,-0.0319988
-0.93444556,-0.0639975
-0.93424556,-0.0319988
-0.93404556,-0.0319988
-0.93384556,-0.0319988
-0.93364556,-0.0639975
-0.93344556,-0.0319988
-0.93324556,-0.0319988
-0.93304556,-0.0319988
-0.93284556,-0.0319988
-0.93264556,-0.0639975
-0.93244556,0
-0.93224556,-0.0319988
-0.93204556,-0.0639975
-0.93184556,-0.0319988
-0.93164556,-0.0319988
-0.93144556,-0.0319988
-0.93124556,-0.0639975
-0.93104556,0
-0.93084556,-0.0319988
-0.93064556,0
-0.93044556,-0.0319988
-0.93024556,-0.0639975
-0.93004556,0
-0.92984556,-0.0319988
-0.92964556,-0.0639975
-0.92944556,-0.0959963
-0.92924556,-0.0319988
-0.92904556,-0.0639975
-0.92884556,0
-0.92864556,-0.0639975
-0.92844556,-0.0319988
-0.92824556,-0.0319988
-0.92804556,0
-0.92784556,-0.0639975
-0.92764556,-0.0319988
-0.92744556,-0.0319988
-0.92724556,-0.0319988
-0.92704556,-0.0639975
-0.92684556,0
-0.92664556,-0.0639975
-0.92644556,-0.0319988
-0.92624556,-0.0319988
-0.92604556,-0.0319988
-0.92584556,-0.0319988
-0.92564556,0
-0.92544556,-0.0639975
-0.92524556,-0.0319988
-0.92504556,0
-0.92484556,-0.0319988
-0.92464556,-0.0319988
-0.92444556,0
-0.92424556,-0.0639975
-0.92404556,-0.0319988
-0.92384556,0.0319988
-0.92364556,-0.0319988
-0.92344556,-0.0319988
-0.92324556,0
-0.92304556,-0.0639975
-0.92284556,-0.0639975
-0.92264556,-0.0639975
-0.92244556,-0.0639975
-0.92224556,-0.0319988
-0.92204556,0
-0.92184556,-0.0639975
-0.92164556,-0.0319988
-0.92144556,-0.0319988
-0.92124556,-0.0639975
-0.92104556,-0.0319988
-0.92084556,0
-0.92064556,-0.0639975
-0.92044556,0
-0.92024556,0
-0.92004556,-0.0639975
-0.91984556,-0.0319988
-0.91964556,-0.0319988
-0.91944556,-0.0639975
-0.91924556,-0.0319988
-0.91904556,0
-0.91884556,-0.0319988
-0.91864556,-0.0639975
-0.91844556,-0.0319988
-0.91824556,-0.0639975
-0.91804556,0
-0.91784556,-0.0319988
-0.91764556,-0.0639975
-0.91744556,-0.0319988
-0.91724556,-0.0319988
-0.91704556,-0.0639975
-0.91684556,-0.0639975
-0.91664556,-0.0319988
-0.91644556,-0.0639975
-0.91624556,-0.0639975
-0.91604556,0
-0.91584556,-0.0639975
-0.91564556,-0.0319988
-0.91544556,-0.0639975
-0.91524556,-0.0639975
-0.91504556,0
-0.91484556,-0.0639975
-0.91464556,-0.0959963
-0.91444556,-0.0639975
-0.91424556,-0.0319988
-0.91404556,-0.0639975
-0.91384556,-0.0639975
-0.91364556,-0.0319988
-0.91344556,-0.0959963
-0.91324556,-0.0639975
-0.91304556,-0.0639975
-0.91284556,-0.0639975
-0.91264556,0
-0.91244556,-0.0639975
-0.91224556,-0.0319988
-0.91204556,-0.0319988
-0.91184556,0
-0.91164556,-0.0639975
-0.91144556,-0.0319988
-0.91124556,0
-0.91104556,-0.0319988
-0.91084556,0
-0.91064556,0
-0.91044556,-0.0639975
-0.91024556,-0.0319988
-0.91004556,-0.0319988
-0.90984556,-0.0639975
-0.90964556,-0.0319988
-0.90944556,-0.0319988
-0.90924556,-0.0639975
-0.90904556,-0.0319988
-0.90884556,-0.0319988
-0.90864556,-0.0319988
-0.90844556,-0.0319988
-0.90824556,0
-0.90804556,-0.0319988
-0.90784556,-0.0319988
-0.90764556,-0.0319988
-0.90744556,-0.0639975
-0.90724556,0
-0.90704556,-0.0319988
-0.90684556,-0.0319988
-0.90664556,-0.0639975
-0.90644556,-0.0319988
-0.90624556,-0.0639975
-0.90604556,-0.0959963
-0.90584556,0
-0.90564556,-0.0639975
-0.90544556,-0.0319988
-0.90524556,-0.0319988
-0.90504556,-0.0639975
-0.90484556,-0.0319988
-0.90464556,-0.0639975
-0.90444556,-0.0319988
-0.90424556,-0.0319988
-0.90404556,-0.0319988
-0.90384556,-0.127995
-0.90364556,-0.0319988
-0.90344556,0
-0.90324556,-0.0959963
-0.90304556,0
-0.90284556,-0.0639975
-0.90264556,-0.0959963
-0.90244556,-0.0639975
-0.90224556,-0.0319988
-0.90204556,-0.0959963
-0.90184556,-0.0639975
-0.90164556,-0.0319988
-0.90144556,-0.0639975
-0.90124556,-0.0319988
-0.90104556,-0.0639975
-0.90084556,-0.0959963
-0.90064556,-0.0639975
-0.90044556,-0.0639975
-0.90024556,-0.0319988
-0.90004556,-0.0639975
-0.89984556,-0.0639975
-0.89964556,-0.0959963
-0.89944556,-0.0639975
-0.89924556,-0.0959963
-0.89904556,0
-0.89884556,-0.0639975
-0.89864556,-0.0639975
-0.89844556,-0.0639975
-0.89824556,-0.0319988
-0.89804556,-0.0959963
-0.89784556,-0.0959963
-0.89764556,-0.0319988
-0.89744556,-0.0319988
-0.89724556,-0.0639975
-0.89704556,-0.0959963
-0.89684556,-0.0959963
-0.89664556,-0.0959963
-0.89644556,-0.0639975
-0.89624556,-0.0639975
-0.89604556,-0.127995
-0.89584556,-0.0639975
-0.89564556,-0.0319988
-0.89544556,-0.0959963
-0.89524556,-0.0319988
-0.89504556,-0.0959963
-0.89484556,-0.0639975
-0.89464556,-0.0639975
-0.89444556,-0.0319988
-0.89424556,-0.0959963
-0.89404556,-0.0959963
-0.89384556,-0.0959963
-0.89364556,-0.0639975
-0.89344556,-0.0959963
-0.89324556,-0.0639975
-0.89304556,-0.0959963
-0.89284556,-0.0959963
-0.89264556,-0.0639975
-0.89244556,-0.0959963
-0.89224556,-0.0639975
-0.89204556,-0.0959963
-0.89184556,-0.0959963
-0.89164556,-0.0639975
-0.89144556,-0.0319988
-0.89124556,-0.0639975
-0.89104556,-0.0639975
-0.89084556,-0.0639975
-0.89064556,-0.0959963
-0.89044556,-0.0319988
-0.89024556,-0.0319988
-0.89004556,-0.0639975
-0.88984556,-0.0639975
-0.88964556,-0.0319988
-0.88944556,-0.0639975
-0.88924556,-0.0639975
-0.88904556,-0.0319988
-0.88884556,-0.0319988
-0.88864556,-0.0639975
-0.88844556,-0.0319988
-0.88824556,-0.0959963
-0.88804556,-0.0639975
-0.88784556,0
-0.88764556,-0.0959963
-0.88744556,-0.0639975
-0.88724556,-0.0959963
-0.88704556,-0.0639975
-0.88684556,-0.0319988
-0.88664556,-0.0319988
-0.88644556,-0.0639975
-0.88624556,-0.0319988
-0.88604556,0
-0.88584556,-0.0319988
-0.88564556,-0.0319988
-0.88544556,-0.0319988
-0.88524556,-0.0639975
-0.88504556,0
-0.88484556,0
-0.88464556,-0.0959963
-0.88444556,-0.0319988
-0.88424556,-0.0639975
-0.88404556,-0.0959963
-0.88384556,-0.0319988
-0.88364556,-0.0319988
-0.88344556,-0.0319988
-0.88324556,0
-0.88304556,-0.0319988
-0.88284556,-0.0319988
-0.88264556,-0.0639975
-0.88244556,-0.0319988
-0.88224556,-0.0319988
-0.88204556,-0.0319988
-0.88184556,0.0319988
-0.88164556,-0.0319988
-0.88144556,0
-0.88124556,0
-0.88104556,-0.0319988
-0.88084556,-0.0639975
-0.88064556,0.0319988
-0.88044556,-0.0319988
-0.88024556,0
-0.88004556,0
-0.87984556,-0.0639975
-0.87964556,0.0319988
-0.87944556,0.0319988
-0.87924556,0.0319988
-0.87904556,0
-0.87884556,0
-0.87864556,-0.0319988
-0.87844556,0.0319988
-0.87824556,0
-0.87804556,-0.0639975
-0.87784556,0
-0.87764556,0
-0.87744556,0
-0.87724556,0.0319988
-0.87704556,0
-0.87684556,0
-0.87664556,0
-0.87644556,0
-0.87624556,0
-0.87604556,0
-0.87584556,0.0319988
-0.87564556,-0.0319988
-0.87544556,0
-0.87524556,0.0319988
-0.87504556,0
-0.87484556,0
-0.87464556,0
-0.87444556,0.0319988
-0.87424556,0
-0.87404556,0.0319988
-0.87384556,-0.0319988
-0.87364556,-0.0319988
-0.87344556,0
-0.87324556,0
-0.87304556,0.0319988
-0.87284556,0.0319988
-0.87264556,0.0319988
-0.87244556,0.0319988
-0.87224556,0
-0.87204556,-0.0319988
-0.87184556,0.0639975
-0.87164556,0.0319988
-0.87144556,-0.0319988
-0.87124556,0.0319988
-0.87104556,0.0639975
-0.87084556,0.0319988
-0.87064556,0
-0.87044556,0.0319988
-0.87024556,0.0319988
-0.87004556,0.0319988
-0.86984556,0.0319988
-0.86964556,0
-0.86944556,0.0319988
-0.86924556,0.0319988
-0.86904556,0
-0.86884556,0.0319988
-0.86864556,0.0639975
-0.86844556,0
-0.86824556,0.0319988
-0.86804556,0.0319988
-0.86784556,0.0319988
-0.86764556,0
-0.86744556,0.0639975
-0.86724556,0.0319988
-0.86704556,0.0319988
-0.86684556,0.0639975
-0.86664556,0
-0.86644556,0.0319988
-0.86624556,0.0319988
-0.86604556,0.0319988
-0.86584556,0.0639975
-0.86564556,0.0639975
-0.86544556,0
-0.86524556,0.0319988
-0.86504556,0.0319988
-0.86484556,0.0319988
-0.86464556,0.0319988
-0.86444556,0
-0.86424556,0
-0.86404556,0.0319988
-0.86384556,0.0319988
-0.86364556,0.0639975
-0.86344556,0.0319988
-0.86324556,0.0319988
-0.86304556,0
-0.86284556,0.0639975
-0.86264556,0.0639975
-0.86244556,0
-0.86224556,-0.0319988
-0.86204556,0.0319988
-0.86184556,0.0319988
-0.86164556,0.0319988
-0.86144556,0.0319988
-0.86124556,0.0319988
-0.86104556,0.0639975
-0.86084556,0.0639975
-0.86064556,0
-0.86044556,0.0639975
-0.86024556,0.0639975
-0.86004556,0
-0.85984556,0.0639975
-0.85964556,0.0639975
-0.85944556,0
-0.85924556,0.0319988
-0.85904556,0.0319988
-0.85884556,0
-0.85864556,0.0319988
-0.85844556,0.0319988
-0.85824556,0.0319988
-0.85804556,0
-0.85784556,0.0639975
-0.85764556,0.0319988
-0.85744556,0
-0.85724556,0.0639975
-0.85704556,0
-0.85684556,0.0319988
-0.85664556,0.0639975
-0.85644556,0
-0.85624556,0.0319988
-0.85604556,0.0639975
-0.85584556,0.0319988
-0.85564556,0
-0.85544556,0.0319988
-0.85524556,0
-0.85504556,0.0319988
-0.85484556,0
-0.85464556,0.0319988
-0.85444556,-0.0319988
-0.85424556,0.0319988
-0.85404556,0.0319988
-0.85384556,0
-0.85364556,0.0319988
-0.85344556,0.0319988
-0.85324556,-0.0319988
-0.85304556,0.0639975
-0.85284556,-0.0319988
-0.85264556,0
-0.85244556,0
-0.85224556,-0.0319988
-0.85204556,0.0319988
-0.85184556,-0.0319988
-0.85164556,-0.0639975
-0.85144556,0
-0.85124556,0.0319988
-0.85104556,0.0319988
-0.85084556,0
-0.85064556,0
-0.85044556,0
-0.85024556,0.0319988
-0.85004556,0
-0.84984556,0
-0.84964556,0
-0.84944556,0
-0.84924556,-0.0319988
-0.84904556,0
-0.84884556,0.0319988
-0.84864556,-0.0319988
-0.84844556,0.0319988
-0.84824556,0
-0.84804556,-0.0319988
-0.84784556,0
-0.84764556,0.0319988
-0.84744556,-0.0319988
-0.84724556,0.0319988
-0.84704556,0
-0.84684556,0
-0.84664556,-0.0319988
-0.84644556,0.0319988
-0.84624556,-0.0639975
-0.84604556,0
-0.84584556,0
-0.84564556,-0.0319988
-0.84544556,0
-0.84524556,0.0319988
-0.84504556,-0.0319988
-0.84484556,-0.0319988
-0.84464556,0
-0.84444556,0
-0.84424556,0
-0.84404556,0
-0.84384556,0
-0.84364556,0
-0.84344556,0
-0.84324556,-0.0319988
-0.84304556,-0.0319988
-0.84284556,-0.0319988
-0.84264556,-0.0319988
-0.84244556,-0.0319988
-0.84224556,-0.0319988
-0.84204556,-0.0319988
-0.84184556,-0.0319988
-0.84164556,0
-0.84144556,-0.0639975
-0.84124556,-0.0319988
-0.84104556,-0.0639975
-0.84084556,-0.0639975
-0.84064556,-0.0639975
-0.84044556,-0.0319988
-0.84024556,-0.0639975
-0.84004556,-0.0639975
-0.83984556,-0.0319988
-0.83964556,-0.0959963
-0.83944556,-0.0639975
-0.83924556,-0.0319988
-0.83904556,-0.0639975
-0.83884556,-0.0639975
-0.83864556,-0.0319988
-0.83844556,-0.0639975
-0.83824556,-0.0639975
-0.83804556,-0.0319988
-0.83784556,-0.0959963
-0.83764556,-0.0319988
-0.83744556,-0.0639975
-0.83724556,-0.0639975
-0.83704556,-0.0959963
-0.83684556,-0.0639975
-0.83664556,-0.0639975
-0.83644556,-0.127995
-0.83624556,-0.0319988
-0.83604556,-0.0639975
-0.83584556,-0.0639975
-0.83564556,-0.0639975
-0.83544556,-0.0639975
-0.83524556,-0.0319988
-0.83504556,-0.0319988
-0.83484556,-0.0959963
-0.83464556,-0.0319988
-0.83444556,-0.0959963
-0.83424556,-0.0959963
-0.83404556,-0.127995
-0.83384556,-0.0319988
-0.83364556,-0.0959963
-0.83344556,-0.0639975
-0.83324556,-0.0639975
-0.83304556,-0.0639975
-0.83284556,-0.0959963
-0.83264556,-0.0959963
-0.83244556,-0.0959963
-0.83224556,-0.0639975
-0.83204556,-0.0959963
-0.83184556,-0.127995
-0.83164556,-0.0959963
-0.83144556,-0.0959963
-0.83124556,-0.0959963
-0.83104556,-0.0319988
-0.83084556,-0.0959963
-0.83064556,-0.0639975
-0.83044556,-0.0639975
-0.83024556,-0.0959963
-0.83004556,-0.127995
-0.82984556,-0.0639975
-0.82964556,-0.0639975
-0.82944556,-0.127995
-0.82924556,-0.0319988
-0.82904556,-0.0959963
-0.82884556,-0.0959963
-0.82864556,-0.0639975
-0.82844556,-0.0639975
-0.82824556,-0.0959963
-0.82804556,-0.0959963
-0.82784556,-0.0959963
-0.82764556,-0.127995
-0.82744556,-0.0959963
-0.82724556,-0.0959963
-0.82704556,-0.0959963
-0.82684556,-0.127995
-0.82664556,-0.127995
-0.82644556,-0.127995
-0.82624556,-0.0959963
-0.82604556,-0.0959963
-0.82584556,-0.127995
-0.82564556,-0.0959963
-0.82544556,-0.0959963
-0.82524556,-0.159994
-0.82504556,-0.0959963
-0.82484556,-0.0959963
-0.82464556,-0.0959963
-0.82444556,-0.127995
-0.82424556,-0.0959963
-0.82404556,-0.0959963
-0.82384556,-0.127995
-0.82364556,-0.127995
-0.82344556,-0.0959963
-0.82324556,-0.127995
-0.82304556,-0.0959963
-0.82284556,-0.127995
-0.82264556,-0.0959963
-0.82244556,-0.0639975
-0.82224556,-0.127995
-0.82204556,-0.0639975
-0.82184556,-0.0959963
-0.82164556,-0.127995
-0.82144556,-0.127995
-0.82124556,-0.0959963
-0.82104556,-0.159994
-0.82084556,-0.0959963
-0.82064556,-0.0959963
-0.82044556,-0.191993
-0.82024556,-0.127995
-0.82004556,-0.0959963
-0.81984556,-0.0959963
-0.81964556,-0.0959963
-0.81944556,-0.127995
-0.81924556,-0.0959963
-0.81904556,-0.0959963
-0.81884556,-0.127995
-0.81864556,-0.127995
-0.81844556,-0.127995
-0.81824556,-0.0959963
-0.81804556,-0.127995
-0.81784556,-0.127995
-0.81764556,-0.0959963
-0.81744556,-0.127995
-0.81724556,-0.127995
-0.81704556,-0.127995
-0.81684556,-0.127995
-0.81664556,-0.127995
-0.81644556,-0.127995
-0.81624556,-0.127995
-0.81604556,-0.159994
-0.81584556,-0.127995
-0.81564556,-0.159994
-0.81544556,-0.127995
-0.81524556,-0.0639975
-0.81504556,-0.127995
-0.81484556,-0.127995
-0.81464556,-0.0959963
-0.81444556,-0.159994
-0.81424556,-0.127995
-0.81404556,-0.159994
-0.81384556,-0.159994
-0.81364556,-0.159994
-0.81344556,-0.127995
-0.81324556,-0.159994
-0.81304556,-0.159994
-0.81284556,-0.0959963
-0.81264556,-0.127995
-0.81244556,-0.127995
-0.81224556,-0.127995
-0.81204556,-0.159994
-0.81184556,-0.127995
-0.81164556,-0.0959963
-0.81144556,-0.127995
-0.81124556,-0.127995
-0.81104556,-0.127995
-0.81084556,-0.127995
-0.81064556,-0.0959963
-0.81044556,-0.127995
-0.81024556,-0.127995
-0.81004556,-0.127995
-0.80984556,-0.0959963
-0.80964556,-0.127995
-0.80944556,-0.127995
-0.80924556,-0.127995
-0.80904556,-0.127995
-0.80884556,-0.159994
-0.80864556,-0.0959963
-0.80844556,-0.127995
-0.80824556,-0.127995
-0.80804556,-0.0959963
-0.80784556,-0.159994
-0.80764556,-0.159994
-0.80744556,-0.159994
-0.80724556,-0.127995
-0.80704556,-0.127995
-0.80684556,-0.127995
-0.80664556,-0.191993
-0.80644556,-0.159994
-0.80624556,-0.127995
-0.80604556,-0.159994
-0.80584556,-0.127995
-0.80564556,-0.159994
-0.80544556,-0.159994
-0.80524556,-0.191993
-0.80504556,-0.159994
-0.80484556,-0.159994
-0.80464556,-0.223991
-0.80444556,-0.159994
-0.80424556,-0.191993
-0.80404556,-0.159994
-0.80384556,-0.159994
-0.80364556,-0.159994
-0.80344556,-0.159994
-0.80324556,-0.127995
-0.80304556,-0.159994
-0.80284556,-0.159994
-0.80264556,-0.159994
-0.80244556,-0.159994
-0.80224556,-0.191993
-0.80204556,-0.159994
-0.80184556,-0.223991
-0.80164556,-0.191993
-0.80144556,-0.159994
-0.80124556,-0.223991
-0.80104556,-0.191993
-0.80084556,-0.159994
-0.80064556,-0.191993
-0.80044556,-0.127995
-0.80024556,-0.191993
-0.80004556,-0.223991
-0.79984556,-0.223991
-0.79964556,-0.191993
-0.79944556,-0.191993
-0.79924556,-0.223991
-0.79904556,-0.191993
-0.79884556,-0.191993
-0.79864556,-0.191993
-0.79844556,-0.191993
-0.79824556,-0.159994
-0.79804556,-0.223991
-0.79784556,-0.191993
-0.79764556,-0.223991
-0.79744556,-0.223991
-0.79724556,-0.191993
-0.79704556,-0.25599
-0.79684556,-0.25599
-0.79664556,-0.191993
-0.79644556,-0.223991
-0.79624556,-0.191993
-0.79604556,-0.159994
-0.79584556,-0.191993
-0.79564556,-0.223991
-0.79544556,-0.191993
-0.79524556,-0.223991
-0.79504556,-0.25599
-0.79484556,-0.191993
-0.79464556,-0.191993
-0.79444556,-0.25599
-0.79424556,-0.191993
-0.79404556,-0.191993
-0.79384556,-0.223991
-0.79364556,-0.223991
-0.79344556,-0.287989
-0.79324556,-0.191993
-0.79304556,-0.25599
-0.79284556,-0.25599
-0.79264556,-0.25599
-0.79244556,-0.223991
-0.79224556,-0.25599
-0.79204556,-0.25599
-0.79184556,-0.25599
-0.79164556,-0.287989
-0.79144556,-0.223991
-0.79124556,-0.223991
-0.79104556,-0.25599
-0.79084556,-0.223991
-0.79064556,-0.223991
-0.79044556,-0.25599
-0.79024556,-0.25599
-0.79004556,-0.25599
-0.78984556,-0.287989
-0.78964556,-0.319988
-0.78944556,-0.287989
-0.78924556,-0.287989
-0.78904556,-0.287989
-0.78884556,-0.287989
-0.78864556,-0.25599
-0.78844556,-0.223991
-0.78824556,-0.287989
-0.78804556,-0.25599
-0.78784556,-0.287989
-0.78764556,-0.287989
-0.78744556,-0.319988
-0.78724556,-0.25599
-0.78704556,-0.287989
-0.78684556,-0.319988
-0.78664556,-0.25599
-0.78644556,-0.25599
-0.78624556,-0.287989
-0.78604556,-0.287989
-0.78584556,-0.25599
-0.78564556,-0.287989
-0.78544556,-0.287989
-0.78524556,-0.25599
-0.78504556,-0.287989
-0.78484556,-0.287989
-0.78464556,-0.319988
-0.78444556,-0.319988
-0.78424556,-0.287989
-0.78404556,-0.319988
-0.78384556,-0.319988
-0.78364556,-0.319988
-0.78344556,-0.287989
-0.78324556,-0.319988
-0.78304556,-0.287989
-0.78284556,-0.25599
-0.78264556,-0.287989
-0.78244556,-0.287989
-0.78224556,-0.319988
-0.78204556,-0.319988
-0.78184556,-0.351986
-0.78164556,-0.319988
-0.78144556,-0.319988
-0.78124556,-0.351986
-0.78104556,-0.319988
-0.78084556,-0.319988
-0.78064556,-0.319988
-0.78044556,-0.319988
-0.78024556,-0.319988
-0.78004556,-0.351986
-0.77984556,-0.351986
-0.77964556,-0.319988
-0.77944556,-0.319988
-0.77924556,-0.319988
-0.77904556,-0.319988
-0.77884556,-0.351986
-0.77864556,-0.319988
-0.77844556,-0.319988
-0.77824556,-0.351986
-0.77804556,-0.351986
-0.77784556,-0.319988
-0.77764556,-0.383985
-0.77744556,-0.383985
-0.77724556,-0.351986
-0.77704556,-0.415984
-0.77684556,-0.319988
-0.77664556,-0.415984
-0.77644556,-0.383985
-0.77624556,-0.351986
-0.77604556,-0.351986
-0.77584556,-0.319988
-0.77564556,-0.383985
-0.77544556,-0.383985
-0.77524556,-0.383985
-0.77504556,-0.383985
-0.77484556,-0.383985
-0.77464556,-0.383985
-0.77444556,-0.319988
-0.77424556,-0.351986
-0.77404556,-0.351986
-0.77384556,-0.415984
-0.77364556,-0.383985
-0.77344556,-0.383985
-0.77324556,-0.415984
-0.77304556,-0.351986
-0.77284556,-0.415984
-0.77264556,-0.383985
-0.77244556,-0.383985
-0.77224556,-0.383985
-0.77204556,-0.383985
-0.77184556,-0.351986
-0.77164556,-0.415984
-0.77144556,-0.415984
-0.77124556,-0.351986
-0.77104556,-0.383985
-0.77084556,-0.383985
-0.77064556,-0.351986
-0.77044556,-0.383985
-0.77024556,-0.415984
-0.77004556,-0.351986
-0.76984556,-0.383985
-0.76964556,-0.351986
-0.76944556,-0.351986
-0.76924556,-0.383985
-0.76904556,-0.383985
-0.76884556,-0.383985
-0.76864556,-0.383985
-0.76844556,-0.415984
-0.76824556,-0.383985
-0.76804556,-0.383985
-0.76784556,-0.415984
-0.76764556,-0.415984
-0.76744556,-0.415984
-0.76724556,-0.415984
-0.76704556,-0.351986
-0.76684556,-0.447983
-0.76664556,-0.415984
-0.76644556,-0.383985
-0.76624556,-0.415984
-0.76604556,-0.447983
-0.76584556,-0.415984
-0.76564556,-0.479982
-0.76544556,-0.351986
-0.76524556,-0.447983
-0.76504556,-0.383985
-0.76484556,-0.447983
-0.76464556,-0.415984
-0.76444556,-0.415984
-0.76424556,-0.383985
-0.76404556,-0.383985
-0.76384556,-0.415984
-0.76364556,-0.415984
-0.76344556,-0.383985
-0.76324556,-0.415984
-0.76304556,-0.415984
-0.76284556,-0.415984
-0.76264556,-0.479982
-0.76244556,-0.383985
-0.76224556,-0.415984
-0.76204556,-0.415984
-0.76184556,-0.415984
-0.76164556,-0.383985
-0.76144556,-0.447983
-0.76124556,-0.415984
-0.76104556,-0.415984
-0.76084556,-0.383985
-0.76064556,-0.415984
-0.76044556,-0.351986
-0.76024556,-0.447983
-0.76004556,-0.415984
-0.75984556,-0.415984
-0.75964556,-0.383985
-0.75944556,-0.447983
-0.75924556,-0.447983
-0.75904556,-0.447983
-0.75884556,-0.415984
-0.75864556,-0.447983
-0.75844556,-0.479982
-0.75824556,-0.447983
-0.75804556,-0.447983
-0.75784556,-0.479982
-0.75764556,-0.447983
-0.75744556,-0.415984
-0.75724556,-0.479982
-0.75704556,-0.415984
-0.75684556,-0.447983
-0.75664556,-0.51198
-0.75644556,-0.447983
-0.75624556,-0.479982
-0.75604556,-0.447983
-0.75584556,-0.447983
-0.75564556,-0.479982
-0.75544556,-0.479982
-0.75524556,-0.479982
-0.75504556,-0.479982
-0.75484556,-0.51198
-0.75464556,-0.51198
-0.75444556,-0.479982
-0.75424556,-0.51198
-0.75404556,-0.479982
-0.75384556,-0.479982
-0.75364556,-0.51198
-0.75344556,-0.479982
-0.75324556,-0.447983
-0.75304556,-0.479982
-0.75284556,-0.479982
-0.75264556,-0.479982
-0.75244556,-0.51198
-0.75224556,-0.447983
-0.75204556,-0.51198
-0.75184556,-0.479982
-0.75164556,-0.51198
-0.75144556,-0.479982
-0.75124556,-0.51198
-0.75104556,-0.543979
-0.75084556,-0.479982
-0.75064556,-0.479982
-0.75044556,-0.51198
-0.75024556,-0.51198
-0.75004556,-0.543979
-0.74984556,-0.51198
-0.74964556,-0.51198
-0.74944556,-0.51198
-0.74924556,-0.543979
-0.74904556,-0.51198
-0.74884556,-0.51198
-0.74864556,-0.51198
-0.74844556,-0.51198
-0.74824556,-0.543979
-0.74804556,-0.51198
-0.74784556,-0.51198
-0.74764556,-0.51198
-0.74744556,-0.51198
-0.74724556,-0.51198
-0.74704556,-0.51198
-0.74684556,-0.575978
-0.74664556,-0.575978
-0.74644556,-0.543979
-0.74624556,-0.543979
-0.74604556,-0.543979
-0.74584556,-0.575978
-0.74564556,-0.575978
-0.74544556,-0.543979
-0.74524556,-0.575978
-0.74504556,-0.607977
-0.74484556,-0.575978
-0.74464556,-0.543979
-0.74444556,-0.575978
-0.74424556,-0.575978
-0.74404556,-0.575978
-0.74384556,-0.607977
-0.74364556,-0.575978
-0.74344556,-0.575978
-0.74324556,-0.575978
-0.74304556,-0.575978
-0.74284556,-0.607977
-0.74264556,-0.607977
-0.74244556,-0.575978
-0.74224556,-0.607977
-0.74204556,-0.607977
-0.74184556,-0.639975
-0.74164556,-0.575978
-0.74144556,-0.607977
-0.74124556,-0.575978
-0.74104556,-0.607977
-0.74084556,-0.607977
-0.74064556,-0.607977
-0.74044556,-0.575978
-0.74024556,-0.607977
-0.74004556,-0.607977
-0.73984556,-0.639975
-0.73964556,-0.607977
-0.73944556,-0.607977
-0.73924556,-0.671974
-0.73904556,-0.639975
-0.73884556,-0.639975
-0.73864556,-0.607977
-0.73844556,-0.671974
-0.73824556,-0.607977
-0.73804556,-0.639975
-0.73784556,-0.607977
-0.73764556,-0.607977
-0.73744556,-0.607977
-0.73724556,-0.607977
-0.73704556,-0.671974
-0.73684556,-0.607977
-0.73664556,-0.639975
-0.73644556,-0.639975
-0.73624556,-0.639975
-0.73604556,-0.639975
-0.73584556,-0.639975
-0.73564556,-0.639975
-0.73544556,-0.639975
-0.73524556,-0.639975
-0.73504556,-0.671974
-0.73484556,-0.671974
-0.73464556,-0.671974
-0.73444556,-0.607977
-0.73424556,-0.639975
-0.73404556,-0.671974
-0.73384556,-0.639975
-0.73364556,-0.671974
-0.73344556,-0.671974
-0.73324556,-0.671974
-0.73304556,-0.639975
-0.73284556,-0.639975
-0.73264556,-0.703973
-0.73244556,-0.639975
-0.73224556,-0.639975
-0.73204556,-0.639975
-0.73184556,-0.639975
-0.73164556,-0.671974
-0.73144556,-0.671974
-0.73124556,-0.639975
-0.73104556,-0.639975
-0.73084556,-0.671974
-0.73064556,-0.671974
-0.73044556,-0.703973
-0.73024556,-0.671974
-0.73004556,-0.671974
-0.72984556,-0.639975
-0.72964556,-0.703973
-0.72944556,-0.703973
-0.72924556,-0.671974
-0.72904556,-0.735972
-0.72884556,-0.703973
-0.72864556,-0.671974
-0.72844556,-0.671974
-0.72824556,-0.703973
-0.72804556,-0.671974
-0.72784556,-0.703973
-0.72764556,-0.671974
-0.72744556,-0.671974
-0.72724556,-0.703973
-0.72704556,-0.703973
-0.72684556,-0.703973
-0.72664556,-0.703973
-0.72644556,-0.671974
-0.72624556,-0.703973
-0.72604556,-0.671974
-0.72584556,-0.671974
-0.72564556,-0.703973
-0.72544556,-0.703973
-0.72524556,-0.671974
-0.72504556,-0.735972
-0.72484556,-0.735972
-0.72464556,-0.671974
-0.72444556,-0.703973
-0.72424556,-0.703973
-0.72404556,-0.671974
-0.72384556,-0.703973
-0.72364556,-0.703973
-0.72344556,-0.735972
-0.72324556,-0.735972
-0.72304556,-0.735972
-0.72284556,-0.735972
-0.72264556,-0.703973
-0.72244556,-0.767971
-0.72224556,-0.735972
-0.72204556,-0.767971
-0.72184556,-0.735972
-0.72164556,-0.703973
-0.72144556,-0.735972
-0.72124556,-0.735972
-0.72104556,-0.735972
-0.72084556,-0.767971
-0.72064556,-0.767971
-0.72044556,-0.735972
-0.72024556,-0.767971
-0.72004556,-0.735972
-0.71984556,-0.767971
-0.71964556,-0.767971
-0.71944556,-0.767971
-0.71924556,-0.799969
-0.71904556,-0.767971
-0.71884556,-0.799969
-0.71864556,-0.767971
-0.71844556,-0.799969
-0.71824556,-0.799969
-0.71804556,-0.735972
-0.71784556,-0.831968
-0.71764556,-0.767971
-0.71744556,-0.767971
-0.71724556,-0.799969
-0.71704556,-0.831968
-0.71684556,-0.767971
-0.71664556,-0.831968
-0.71644556,-0.799969
-0.71624556,-0.767971
-0.71604556,-0.799969
-0.71584556,-0.799969
-0.71564556,-0.799969
-0.71544556,-0.799969
-0.71524556,-0.799969
-0.71504556,-0.831968
-0.71484556,-0.831968
-0.71464556,-0.767971
-0.71444556,-0.767971
-0.71424556,-0.799969
-0.71404556,-0.831968
-0.71384556,-0.799969
-0.71364556,-0.799969
-0.71344556,-0.831968
-0.71324556,-0.767971
-0.71304556,-0.799969
-0.71284556,-0.799969
-0.71264556,-0.831968
-0.71244556,-0.831968
-0.71224556,-0.831968
-0.71204556,-0.799969
-0.71184556,-0.831968
-0.71164556,-0.799969
-0.71144556,-0.831968
-0.71124556,-0.831968
-0.71104556,-0.831968
-0.71084556,-0.831968
-0.71064556,-0.831968
-0.71044556,-0.895966
-0.71024556,-0.831968
-0.71004556,-0.863967
-0.70984556,-0.831968
-0.70964556,-0.863967
-0.70944556,-0.831968
-0.70924556,-0.831968
-0.70904556,-0.831968
-0.70884556,-0.895966
-0.70864556,-0.831968
-0.70844556,-0.831968
-0.70824556,-0.831968
-0.70804556,-0.863967
-0.70784556,-0.831968
-0.70764556,-0.895966
-0.70744556,-0.895966
-0.70724556,-0.895966
-0.70704556,-0.895966
-0.70684556,-0.863967
-0.70664556,-0.863967
-0.70644556,-0.863967
-0.70624556,-0.863967
-0.70604556,-0.895966
-0.70584556,-0.927964
-0.70564556,-0.895966
-0.70544556,-0.927964
-0.70524556,-0.863967
-0.70504556,-0.895966
-0.70484556,-0.895966
-0.70464556,-0.927964
-0.70444556,-0.959963
-0.70424556,-0.895966
-0.70404556,-0.863967
-0.70384556,-0.895966
-0.70364556,-0.895966
-0.70344556,-0.895966
-0.70324556,-0.927964
-0.70304556,-0.927964
-0.70284556,-0.895966
-0.70264556,-0.927964
-0.70244556,-0.927964
-0.70224556,-0.927964
-0.70204556,-0.927964
-0.70184556,-0.927964
-0.70164556,-0.927964
-0.70144556,-0.991962
-0.70124556,-0.927964
-0.70104556,-0.895966
-0.70084556,-0.927964
-0.70064556,-0.959963
-0.70044556,-0.991962
-0.70024556,-0.927964
-0.70004556,-0.959963
-0.69984556,-0.927964
-0.69964556,-0.959963
-0.69944556,-0.927964
-0.69924556,-1.02396
-0.69904556,-0.991962
-0.69884556,-0.959963
-0.69864556,-0.959963
-0.69844556,-0.959963
-0.69824556,-0.927964
-0.69804556,-0.959963
-0.69784556,-0.991962
-0.69764556,-1.02396
-0.69744556,-0.991962
-0.69724556,-0.959963
-0.69704556,-1.02396
-0.69684556,-0.991962
-0.69664556,-0.959963
-0.69644556,-1.02396
-0.69624556,-1.02396
-0.69604556,-0.991962
-0.69584556,-0.991962
-0.69564556,-0.991962
-0.69544556,-0.991962
-0.69524556,-0.959963
-0.69504556,-0.991962
-0.69484556,-0.991962
-0.69464556,-0.959963
-0.69444556,-1.02396
-0.69424556,-0.991962
-0.69404556,-1.02396
-0.69384556,-1.05596
-0.69364556,-1.02396
-0.69344556,-0.991962
-0.69324556,-1.08796
-0.69304556,-0.991962
-0.69284556,-1.02396
-0.69264556,-1.05596
-0.69244556,-1.02396
-0.69224556,-1.02396
-0.69204556,-1.05596
-0.69184556,-1.02396
-0.69164556,-1.02396
-0.69144556,-1.05596
-0.69124556,-1.05596
-0.69104556,-1.02396
-0.69084556,-1.02396
-0.69064556,-1.02396
-0.69044556,-1.05596
-0.69024556,-1.05596
-0.69004556,-1.05596
-0.68984556,-1.05596
-0.68964556,-1.05596
-0.68944556,-1.02396
-0.68924556,-1.05596
-0.68904556,-1.02396
-0.68884556,-1.05596
-0.68864556,-1.08796
-0.68844556,-1.05596
-0.68824556,-1.05596
-0.68804556,-1.05596
-0.68784556,-1.05596
-0.68764556,-1.08796
-0.68744556,-1.08796
-0.68724556,-1.08796
-0.68704556,-1.08796
-0.68684556,-1.08796
-0.68664556,-1.05596
-0.68644556,-1.08796
-0.68624556,-1.08796
-0.68604556,-1.08796
-0.68584556,-1.08796
-0.68564556,-1.08796
-0.68544556,-1.11996
-0.68524556,-1.15196
-0.68504556,-1.08796
-0.68484556,-1.08796
-0.68464556,-1.11996
-0.68444556,-1.05596
-0.68424556,-1.08796
-0.68404556,-1.11996
-0.68384556,-1.11996
-0.68364556,-1.15196
-0.68344556,-1.11996
-0.68324556,-1.15196
-0.68304556,-1.11996
-0.68284556,-1.11996
-0.68264556,-1.11996
-0.68244556,-1.11996
-0.68224556,-1.08796
-0.68204556,-1.11996
-0.68184556,-1.08796
-0.68164556,-1.11996
-0.68144556,-1.18395
-0.68124556,-1.11996
-0.68104556,-1.15196
-0.68084556,-1.11996
-0.68064556,-1.11996
-0.68044556,-1.15196
-0.68024556,-1.15196
-0.68004556,-1.18395
-0.67984556,-1.11996
-0.67964556,-1.15196
-0.67944556,-1.18395
-0.67924556,-1.18395
-0.67904556,-1.15196
-0.67884556,-1.11996
-0.67864556,-1.15196
-0.67844556,-1.15196
-0.67824556,-1.15196
-0.67804556,-1.15196
-0.67784556,-1.15196
-0.67764556,-1.15196
-0.67744556,-1.15196
-0.67724556,-1.15196
-0.67704556,-1.15196
-0.67684556,-1.18395
-0.67664556,-1.21595
-0.67644556,-1.15196
-0.67624556,-1.15196
-0.67604556,-1.18395
-0.67584556,-1.15196
-0.67564556,-1.15196
-0.67544556,-1.11996
-0.67524556,-1.18395
-0.67504556,-1.18395
-0.67484556,-1.18395
-0.67464556,-1.15196
-0.67444556,-1.15196
-0.67424556,-1.15196
-0.67404556,-1.18395
-0.67384556,-1.18395
-0.67364556,-1.11996
-0.67344556,-1.18395
-0.67324556,-1.15196
-0.67304556,-1.15196
-0.67284556,-1.18395
-0.67264556,-1.18395
-0.67244556,-1.18395
-0.67224556,-1.18395
-0.67204556,-1.18395
-0.67184556,-1.18395
-0.67164556,-1.18395
-0.67144556,-1.11996
-0.67124556,-1.21595
-0.67104556,-1.18395
-0.67084556,-1.15196
-0.67064556,-1.18395
-0.67044556,-1.18395
-0.67024556,-1.15196
-0.67004556,-1.15196
-0.66984556,-1.21595
-0.66964556,-1.15196
-0.66944556,-1.18395
-0.66924556,-1.15196
-0.66904556,-1.15196
-0.66884556,-1.15196
-0.66864556,-1.15196
-0.66844556,-1.18395
-0.66824556,-1.18395
-0.66804556,-1.15196
-0.66784556,-1.18395
-0.66764556,-1.18395
-0.66744556,-1.18395
-0.66724556,-1.18395
-0.66704556,-1.15196
-0.66684556,-1.15196
-0.66664556,-1.15196
-0.66644556,-1.18395
-0.66624556,-1.18395
-0.66604556,-1.15196
-0.66584556,-1.18395
-0.66564556,-1.15196
-0.66544556,-1.18395
-0.66524556,-1.18395
-0.66504556,-1.15196
-0.66484556,-1.15196
-0.66464556,-1.11996
-0.66444556,-1.15196
-0.66424556,-1.15196
-0.66404556,-1.18395
-0.66384556,-1.15196
-0.66364556,-1.15196
-0.66344556,-1.15196
-0.66324556,-1.15196
-0.66304556,-1.11996
-0.66284556,-1.15196
-0.66264556,-1.15196
-0.66244556,-1.15196
-0.66224556,-1.18395
-0.66204556,-1.11996
-0.66184556,-1.15196
-0.66164556,-1.15196
-0.66144556,-1.15196
-0.66124556,-1.11996
-0.66104556,-1.18395
-0.66084556,-1.11996
-0.66064556,-1.11996
-0.66044556,-1.15196
-0.66024556,-1.11996
-0.66004556,-1.11996
-0.65984556,-1.18395
-0.65964556,-1.15196
-0.65944556,-1.11996
-0.65924556,-1.11996
-0.65904556,-1.11996
-0.65884556,-1.15196
-0.65864556,-1.08796
-0.65844556,-1.15196
-0.65824556,-1.11996
-0.65804556,-1.08796
-0.65784556,-1.15196
-0.65764556,-1.11996
-0.65744556,-1.15196
-0.65724556,-1.15196
-0.65704556,-1.11996
-0.65684556,-1.08796
-0.65664556,-1.11996
-0.65644556,-1.11996
-0.65624556,-1.11996
-0.65604556,-1.11996
-0.65584556,-1.15196
-0.65564556,-1.08796
-0.65544556,-1.11996
-0.65524556,-1.11996
-0.65504556,-1.15196
-0.65484556,-1.11996
-0.65464556,-1.11996
-0.65444556,-1.15196
-0.65424556,-1.08796
-0.65404556,-1.08796
-0.65384556,-1.08796
-0.65364556,-1.15196
-0.65344556,-1.05596
-0.65324556,-1.11996
-0.65304556,-1.11996
-0.65284556,-1.11996
-0.65264556,-1.08796
-0.65244556,-1.08796
-0.65224556,-1.11996
-0.65204556,-1.08796
-0.65184556,-1.08796
-0.65164556,-1.05596
-0.65144556,-1.08796
-0.65124556,-1.05596
-0.65104556,-1.05596
-0.65084556,-1.08796
-0.65064556,-1.08796
-0.65044556,-1.08796
-0.65024556,-1.11996
-0.65004556,-1.05596
-0.64984556,-1.05596
-0.64964556,-1.08796
-0.64944556,-1.08796
-0.64924556,-1.05596
-0.64904556,-1.05596
-0.64884556,-1.02396
-0.64864556,-1.02396
-0.64844556,-1.05596
-0.64824556,-1.05596
-0.64804556,-1.05596
-0.64784556,-1.05596
-0.64764556,-1.05596
-0.64744556,-1.02396
-0.64724556,-1.02396
-0.64704556,-1.05596
-0.64684556,-1.02396
-0.64664556,-0.991962
-0.64644556,-1.02396
-0.64624556,-1.05596
-0.64604556,-0.991962
-0.64584556,-0.959963
-0.64564556,-1.02396
-0.64544556,-0.991962
-0.64524556,-0.959963
-0.64504556,-0.991962
-0.64484556,-0.959963
-0.64464556,-0.991962
-0.64444556,-0.959963
-0.64424556,-0.991962
-0.64404556,-0.991962
-0.64384556,-0.959963
-0.64364556,-0.959963
-0.64344556,-0.895966
-0.64324556,-0.927964
-0.64304556,-0.959963
-0.64284556,-0.959963
-0.64264556,-0.927964
-0.64244556,-0.927964
-0.64224556,-0.927964
-0.64204556,-0.959963
-0.64184556,-0.927964
-0.64164556,-0.895966
-0.64144556,-0.927964
-0.64124556,-0.927964
-0.64104556,-0.927964
-0.64084556,-0.895966
-0.64064556,-0.895966
-0.64044556,-0.863967
-0.64024556,-0.863967
-0.64004556,-0.895966
-0.63984556,-0.895966
-0.63964556,-0.895966
-0.63944556,-0.927964
-0.63924556,-0.863967
-0.63904556,-0.831968
-0.63884556,-0.895966
-0.63864556,-0.863967
-0.63844556,-0.895966
-0.63824556,-0.895966
-0.63804556,-0.831968
-0.63784556,-0.895966
-0.63764556,-0.863967
-0.63744556,-0.863967
-0.63724556,-0.799969
-0.63704556,-0.831968
-0.63684556,-0.799969
-0.63664556,-0.799969
-0.63644556,-0.799969
-0.63624556,-0.831968
-0.63604556,-0.799969
-0.63584556,-0.831968
-0.63564556,-0.767971
-0.63544556,-0.735972
-0.63524556,-0.799969
-0.63504556,-0.767971
-0.63484556,-0.767971
-0.63464556,-0.735972
-0.63444556,-0.799969
-0.63424556,-0.767971
-0.63404556,-0.799969
-0.63384556,-0.735972
-0.63364556,-0.735972
-0.63344556,-0.671974
-0.63324556,-0.767971
-0.63304556,-0.767971
-0.63284556,-0.703973
-0.63264556,-0.735972
-0.63244556,-0.735972
-0.63224556,-0.703973
-0.63204556,-0.799969
-0.63184556,-0.703973
-0.63164556,-0.703973
-0.63144556,-0.671974
-0.63124556,-0.735972
-0.63104556,-0.703973
-0.63084556,-0.703973
-0.63064556,-0.671974
-0.63044556,-0.671974
-0.63024556,-0.671974
-0.63004556,-0.703973
-0.62984556,-0.639975
-0.62964556,-0.639975
-0.62944556,-0.639975
-0.62924556,-0.639975
-0.62904556,-0.639975
-0.62884556,-0.639975
-0.62864556,-0.639975
-0.62844556,-0.671974
-0.62824556,-0.607977
-0.62804556,-0.607977
-0.62784556,-0.51198
-0.62764556,-0.607977
-0.62744556,-0.575978
-0.62724556,-0.543979
-0.62704556,-0.575978
-0.62684556,-0.575978
-0.62664556,-0.543979
-0.62644556,-0.543979
-0.62624556,-0.575978
-0.62604556,-0.543979
-0.62584556,-0.543979
-0.62564556,-0.543979
-0.62544556,-0.51198
-0.62524556,-0.51198
-0.62504556,-0.543979
-0.62484556,-0.51198
-0.62464556,-0.51198
-0.62444556,-0.479982
-0.62424556,-0.447983
-0.62404556,-0.51198
-0.62384556,-0.447983
-0.62364556,-0.415984
-0.62344556,-0.479982
-0.62324556,-0.447983
-0.62304556,-0.383985
-0.62284556,-0.447983
-0.62264556,-0.479982
-0.62244556,-0.447983
-0.62224556,-0.447983
-0.62204556,-0.351986
-0.62184556,-0.415984
-0.62164556,-0.383985
-0.62144556,-0.383985
-0.62124556,-0.383985
-0.62104556,-0.383985
-0.62084556,-0.415984
-0.62064556,-0.351986
-0.62044556,-0.415984
-0.62024556,-0.383985
-0.62004556,-0.319988
-0.61984556,-0.351986
-0.61964556,-0.383985
-0.61944556,-0.351986
-0.61924556,-0.319988
-0.61904556,-0.319988
-0.61884556,-0.351986
-0.61864556,-0.319988
-0.61844556,-0.319988
-0.61824556,-0.319988
-0.61804556,-0.287989
-0.61784556,-0.287989
-0.61764556,-0.25599
-0.61744556,-0.287989
-0.61724556,-0.25599
-0.61704556,-0.25599
-0.61684556,-0.25599
-0.61664556,-0.25599
-0.61644556,-0.223991
-0.61624556,-0.223991
-0.61604556,-0.223991
-0.61584556,-0.223991
-0.61564556,-0.223991
-0.61544556,-0.159994
-0.61524556,-0.159994
-0.61504556,-0.191993
-0.61484556,-0.191993
-0.61464556,-0.223991
-0.61444556,-0.191993
-0.61424556,-0.159994
-0.61404556,-0.127995
-0.61384556,-0.127995
-0.61364556,-0.127995
-0.61344556,-0.127995
-0.61324556,-0.127995
-0.61304556,-0.127995
-0.61284556,-0.127995
-0.61264556,-0.127995
-0.61244556,-0.127995
-0.61224556,-0.159994
-0.61204556,-0.0959963
-0.61184556,-0.0639975
-0.61164556,-0.0959963
-0.61144556,-0.0319988
-0.61124556,-0.0639975
-0.61104556,-0.0639975
-0.61084556,-0.127995
-0.61064556,-0.0639975
-0.61044556,-0.0639975
-0.61024556,-0.0319988
-0.61004556,-0.0639975
-0.60984556,-0.0639975
-0.60964556,0
-0.60944556,0.0319988
-0.60924556,-0.0319988
-0.60904556,0.0319988
-0.60884556,0
-0.60864556,-0.0319988
-0.60844556,0
-0.60824556,0.0319988
-0.60804556,0.0319988
-0.60784556,0.0319988
-0.60764556,0.0639975
-0.60744556,0
-0.60724556,0.0959963
-0.60704556,0.0639975
-0.60684556,0.0639975
-0.60664556,0.0319988
-0.60644556,0.0639975
-0.60624556,0.127995
-0.60604556,0.0959963
-0.60584556,0.0959963
-0.60564556,0.0959963
-0.60544556,0.127995
-0.60524556,0.0959963
-0.60504556,0.0639975
-0.60484556,0.127995
-0.60464556,0.0959963
-0.60444556,0.159994
-0.60424556,0.159994
-0.60404556,0.159994
-0.60384556,0.191993
-0.60364556,0.159994
-0.60344556,0.159994
-0.60324556,0.191993
-0.60304556,0.159994
-0.60284556,0.191993
-0.60264556,0.191993
-0.60244556,0.223991
-0.60224556,0.223991
-0.60204556,0.223991
-0.60184556,0.25599
-0.60164556,0.223991
-0.60144556,0.25599
-0.60124556,0.25599
-0.60104556,0.223991
-0.60084556,0.191993
-0.60064556,0.287989
-0.60044556,0.287989
-0.60024556,0.319988
-0.60004556,0.351986
-0.59984556,0.319988
-0.59964556,0.287989
-0.59944556,0.319988
-0.59924556,0.319988
-0.59904556,0.319988
-0.59884556,0.319988
-0.59864556,0.319988
-0.59844556,0.351986
-0.59824556,0.415984
-0.59804556,0.319988
-0.59784556,0.351986
-0.59764556,0.415984
-0.59744556,0.351986
-0.59724556,0.383985
-0.59704556,0.383985
-0.59684556,0.383985
-0.59664556,0.415984
-0.59644556,0.447983
-0.59624556,0.479982
-0.59604556,0.447983
-0.59584556,0.447983
-0.59564556,0.447983
-0.59544556,0.447983
-0.59524556,0.447983
-0.59504556,0.447983
-0.59484556,0.447983
-0.59464556,0.479982
-0.59444556,0.575978
-0.59424556,0.479982
-0.59404556,0.51198
-0.59384556,0.51198
-0.59364556,0.51198
-0.59344556,0.543979
-0.59324556,0.543979
-0.59304556,0.543979
-0.59284556,0.543979
-0.59264556,0.575978
-0.59244556,0.543979
-0.59224556,0.51198
-0.59204556,0.671974
-0.59184556,0.575978
-0.59164556,0.575978
-0.59144556,0.639975
-0.59124556,0.575978
-0.59104556,0.639975
-0.59084556,0.607977
-0.59064556,0.575978
-0.59044556,0.671974
-0.59024556,0.703973
-0.59004556,0.671974
-0.58984556,0.671974
-0.58964556,0.703973
-0.58944556,0.639975
-0.58924556,0.671974
-0.58904556,0.671974
-0.58884556,0.703973
-0.58864556,0.703973
-0.58844556,0.767971
-0.58824556,0.767971
-0.58804556,0.735972
-0.58784556,0.799969
-0.58764556,0.735972
-0.58744556,0.735972
-0.58724556,0.799969
-0.58704556,0.735972
-0.58684556,0.767971
-0.58664556,0.799969
-0.58644556,0.799969
-0.58624556,0.767971
-0.58604556,0.863967
-0.58584556,0.831968
-0.58564556,0.799969
-0.58544556,0.831968
-0.58524556,0.831968
-0.58504556,0.831968
-0.58484556,0.863967
-0.58464556,0.895966
-0.58444556,0.895966
-0.58424556,0.863967
-0.58404556,0.863967
-0.58384556,0.895966
-0.58364556,0.895966
-0.58344556,0.895966
-0.58324556,0.831968
-0.58304556,0.927964
-0.58284556,0.895966
-0.58264556,0.895966
-0.58244556,0.959963
-0.58224556,0.927964
-0.58204556,0.927964
-0.58184556,0.959963
-0.58164556,0.927964
-0.58144556,0.959963
-0.58124556,0.927964
-0.58104556,0.959963
-0.58084556,0.991962
-0.58064556,0.959963
-0.58044556,0.959963
-0.58024556,1.02396
-0.58004556,0.991962
-0.57984556,1.02396
-0.57964556,0.991962
-0.57944556,1.02396
-0.57924556,1.02396
-0.57904556,1.02396
-0.57884556,1.05596
-0.57864556,1.02396
-0.57844556,1.08796
-0.57824556,1.08796
-0.57804556,1.08796
-0.57784556,1.05596
-0.57764556,1.08796
-0.57744556,1.08796
-0.57724556,1.05596
-0.57704556,1.08796
-0.57684556,1.11996
-0.57664556,1.15196
-0.57644556,1.11996
-0.57624556,1.11996
-0.57604556,1.11996
-0.57584556,1.11996
-0.57564556,1.11996
-0.57544556,1.15196
-0.57524556,1.15196
-0.57504556,1.15196
-0.57484556,1.18395
-0.57464556,1.18395
-0.57444556,1.18395
-0.57424556,1.18395
-0.57404556,1.18395
-0.57384556,1.21595
-0.57364556,1.21595
-0.57344556,1.18395
-0.57324556,1.21595
-0.57304556,1.24795
-0.57284556,1.24795
-0.57264556,1.21595
-0.57244556,1.21595
-0.57224556,1.18395
-0.57204556,1.21595
-0.57184556,1.21595
-0.57164556,1.15196
-0.57144556,1.18395
-0.57124556,1.21595
-0.57104556,1.24795
-0.57084556,1.24795
-0.57064556,1.24795
-0.57044556,1.27995
-0.57024556,1.27995
-0.57004556,1.27995
-0.56984556,1.31195
-0.56964556,1.24795
-0.56944556,1.31195
-0.56924556,1.37595
-0.56904556,1.31195
-0.56884556,1.34395
-0.56864556,1.37595
-0.56844556,1.37595
-0.56824556,1.40795
-0.56804556,1.40795
-0.56784556,1.40795
-0.56764556,1.40795
-0.56744556,1.43994
-0.56724556,1.43994
-0.56704556,1.40795
-0.56684556,1.43994
-0.56664556,1.43994
-0.56644556,1.43994
-0.56624556,1.47194
-0.56604556,1.43994
-0.56584556,1.40795
-0.56564556,1.47194
-0.56544556,1.43994
-0.56524556,1.47194
-0.56504556,1.50394
-0.56484556,1.50394
-0.56464556,1.53594
-0.56444556,1.53594
-0.56424556,1.47194
-0.56404556,1.53594
-0.56384556,1.50394
-0.56364556,1.50394
-0.56344556,1.56794
-0.56324556,1.56794
-0.56304556,1.59994
-0.56284556,1.53594
-0.56264556,1.59994
-0.56244556,1.56794
-0.56224556,1.59994
-0.56204556,1.59994
-0.56184556,1.56794
-0.56164556,1.56794
-0.56144556,1.63194
-0.56124556,1.66394
-0.56104556,1.63194
-0.56084556,1.66394
-0.56064556,1.63194
-0.56044556,1.63194
-0.56024556,1.66394
-0.56004556,1.63194
-0.55984556,1.63194
-0.55964556,1.66394
-0.55944556,1.69593
-0.55924556,1.66394
-0.55904556,1.66394
-0.55884556,1.69593
-0.55864556,1.66394
-0.55844556,1.66394
-0.55824556,1.72793
-0.55804556,1.66394
-0.55784556,1.69593
-0.55764556,1.72793
-0.55744556,1.75993
-0.55724556,1.69593
-0.55704556,1.72793
-0.55684556,1.72793
-0.55664556,1.72793
-0.55644556,1.75993
-0.55624556,1.72793
-0.55604556,1.69593
-0.55584556,1.75993
-0.55564556,1.75993
-0.55544556,1.72793
-0.55524556,1.79193
-0.55504556,1.79193
-0.55484556,1.79193
-0.55464556,1.82393
-0.55444556,1.79193
-0.55424556,1.82393
-0.55404556,1.82393
-0.55384556,1.82393
-0.55364556,1.79193
-0.55344556,1.82393
-0.55324556,1.82393
-0.55304556,1.82393
-0.55284556,1.82393
-0.55264556,1.85593
-0.55244556,1.82393
-0.55224556,1.85593
-0.55204556,1.82393
-0.55184556,1.82393
-0.55164556,1.85593
-0.55144556,1.85593
-0.55124556,1.88793
-0.55104556,1.88793
-0.55084556,1.88793
-0.55064556,1.88793
-0.55044556,1.88793
-0.55024556,1.85593
-0.55004556,1.85593
-0.54984556,1.88793
-0.54964556,1.95193
-0.54944556,1.91993
-0.54924556,1.91993
-0.54904556,1.91993
-0.54884556,1.91993
-0.54864556,1.91993
-0.54844556,1.91993
-0.54824556,1.95193
-0.54804556,1.91993
-0.54784556,1.98392
-0.54764556,1.95193
-0.54744556,1.95193
-0.54724556,1.98392
-0.54704556,1.98392
-0.54684556,1.91993
-0.54664556,1.98392
-0.54644556,1.95193
-0.54624556,1.95193
-0.54604556,1.95193
-0.54584556,2.01592
-0.54564556,1.98392
-0.54544556,2.01592
-0.54524556,2.01592
-0.54504556,2.01592
-0.54484556,1.98392
-0.54464556,1.98392
-0.54444556,2.01592
-0.54424556,2.01592
-0.54404556,2.01592
-0.54384556,2.04792
-0.54364556,2.04792
-0.54344556,2.04792
-0.54324556,2.04792
-0.54304556,2.04792
-0.54284556,2.01592
-0.54264556,2.11192
-0.54244556,2.01592
-0.54224556,2.04792
-0.54204556,2.04792
-0.54184556,2.01592
-0.54164556,2.07992
-0.54144556,2.04792
-0.54124556,2.07992
-0.54104556,2.11192
-0.54084556,2.07992
-0.54064556,2.07992
-0.54044556,2.11192
-0.54024556,2.11192
-0.54004556,2.11192
-0.53984556,2.07992
-0.53964556,2.11192
-0.53944556,2.11192
-0.53924556,2.11192
-0.53904556,2.14392
-0.53884556,2.11192
-0.53864556,2.11192
-0.53844556,2.11192
-0.53824556,2.11192
-0.53804556,2.14392
-0.53784556,2.17592
-0.53764556,2.14392
-0.53744556,2.14392
-0.53724556,2.14392
-0.53704556,2.14392
-0.53684556,2.14392
-0.53664556,2.17592
-0.53644556,2.20792
-0.53624556,2.14392
-0.53604556,2.20792
-0.53584556,2.17592
-0.53564556,2.17592
-0.53544556,2.20792
-0.53524556,2.17592
-0.53504556,2.17592
-0.53484556,2.20792
-0.53464556,2.20792
-0.53444556,2.17592
-0.53424556,2.20792
-0.53404556,2.20792
-0.53384556,2.20792
-0.53364556,2.23991
-0.53344556,2.20792
-0.53324556,2.20792
-0.53304556,2.23991
-0.53284556,2.20792
-0.53264556,2.23991
-0.53244556,2.17592
-0.53224556,2.17592
-0.53204556,2.23991
-0.53184556,2.23991
-0.53164556,2.20792
-0.53144556,2.20792
-0.53124556,2.27191
-0.53104556,2.17592
-0.53084556,2.20792
-0.53064556,2.23991
-0.53044556,2.23991
-0.53024556,2.23991
-0.53004556,2.27191
-0.52984556,2.20792
-0.52964556,2.23991
-0.52944556,2.27191
-0.52924556,2.23991
-0.52904556,2.20792
-0.52884556,2.27191
-0.52864556,2.20792
-0.52844556,2.23991
-0.52824556,2.27191
-0.52804556,2.30391
-0.52784556,2.30391
-0.52764556,2.30391
-0.52744556,2.27191
-0.52724556,2.27191
-0.52704556,2.27191
-0.52684556,2.23991
-0.52664556,2.27191
-0.52644556,2.30391
-0.52624556,2.27191
-0.52604556,2.30391
-0.52584556,2.30391
-0.52564556,2.27191
-0.52544556,2.33591
-0.52524556,2.30391
-0.52504556,2.33591
-0.52484556,2.27191
-0.52464556,2.30391
-0.52444556,2.27191
-0.52424556,2.27191
-0.52404556,2.33591
-0.52384556,2.30391
-0.52364556,2.30391
-0.52344556,2.33591
-0.52324556,2.30391
-0.52304556,2.30391
-0.52284556,2.30391
-0.52264556,2.33591
-0.52244556,2.27191
-0.52224556,2.33591
-0.52204556,2.30391
-0.52184556,2.30391
-0.52164556,2.30391
-0.52144556,2.33591
-0.52124556,2.30391
-0.52104556,2.36791
-0.52084556,2.33591
-0.52064556,2.30391
-0.52044556,2.30391
-0.52024556,2.30391
-0.52004556,2.30391
-0.51984556,2.33591
-0.51964556,2.30391
-0.51944556,2.33591
-0.51924556,2.33591
-0.51904556,2.33591
-0.51884556,2.30391
-0.51864556,2.33591
-0.51844556,2.33591
-0.51824556,2.33591
-0.51804556,2.36791
-0.51784556,2.30391
-0.51764556,2.30391
-0.51744556,2.33591
-0.51724556,2.33591
-0.51704556,2.33591
-0.51684556,2.33591
-0.51664556,2.33591
-0.51644556,2.33591
-0.51624556,2.33591
-0.51604556,2.33591
-0.51584556,2.30391
-0.51564556,2.33591
-0.51544556,2.36791
-0.51524556,2.33591
-0.51504556,2.36791
-0.51484556,2.27191
-0.51464556,2.33591
-0.51444556,2.33591
-0.51424556,2.33591
-0.51404556,2.30391
-0.51384556,2.33591
-0.51364556,2.36791
-0.51344556,2.30391
-0.51324556,2.33591
-0.51304556,2.30391
-0.51284556,2.30391
-0.51264556,2.33591
-0.51244556,2.33591
-0.51224556,2.33591
-0.51204556,2.36791
-0.51184556,2.33591
-0.51164556,2.33591
-0.51144556,2.33591
-0.51124556,2.33591
-0.51104556,2.33591
-0.51084556,2.33591
-0.51064556,2.27191
-0.51044556,2.36791
-0.51024556,2.30391
-0.51004556,2.33591
-0.50984556,2.30391
-0.50964556,2.33591
-0.50944556,2.36791
-0.50924556,2.27191
-0.50904556,2.36791
-0.50884556,2.33591
-0.50864556,2.33591
-0.50844556,2.36791
-0.50824556,2.30391
-0.50804556,2.27191
-0.50784556,2.30391
-0.50764556,2.33591
-0.50744556,2.27191
-0.50724556,2.33591
-0.50704556,2.33591
-0.50684556,2.30391
-0.50664556,2.33591
-0.50644556,2.27191
-0.50624556,2.30391
-0.50604556,2.30391
-0.50584556,2.30391
-0.50564556,2.30391
-0.50544556,2.27191
-0.50524556,2.30391
-0.50504556,2.27191
-0.50484556,2.30391
-0.50464556,2.30391
-0.50444556,2.27191
-0.50424556,2.33591
-0.50404556,2.27191
-0.50384556,2.23991
-0.50364556,2.30391
-0.50344556,2.30391
-0.50324556,2.30391
-0.50304556,2.27191
-0.50284556,2.27191
-0.50264556,2.27191
-0.50244556,2.27191
-0.50224556,2.27191
-0.50204556,2.23991
-0.50184556,2.30391
-0.50164556,2.27191
-0.50144556,2.27191
-0.50124556,2.30391
-0.50104556,2.27191
-0.50084556,2.23991
-0.50064556,2.27191
-0.50044556,2.23991
-0.50024556,2.23991
-0.50004556,2.23991
-0.49984556,2.27191
-0.49964556,2.20792
-0.49944556,2.27191
-0.49924556,2.23991
-0.49904556,2.20792
-0.49884556,2.23991
-0.49864556,2.23991
-0.49844556,2.23991
-0.49824556,2.20792
-0.49804556,2.17592
-0.49784556,2.17592
-0.49764556,2.23991
-0.49744556,2.20792
-0.49724556,2.17592
-0.49704556,2.20792
-0.49684556,2.20792
-0.49664556,2.17592
-0.49644556,2.20792
-0.49624556,2.17592
-0.49604556,2.20792
-0.49584556,2.20792
-0.49564556,2.17592
-0.49544556,2.14392
-0.49524556,2.20792
-0.49504556,2.14392
-0.49484556,2.14392
-0.49464556,2.14392
-0.49444556,2.11192
-0.49424556,2.14392
-0.49404556,2.14392
-0.49384556,2.14392
-0.49364556,2.11192
-0.49344556,2.17592
-0.49324556,2.11192
-0.49304556,2.11192
-0.49284556,2.14392
-0.49264556,2.11192
-0.49244556,2.04792
-0.49224556,2.07992
-0.49204556,2.11192
-0.49184556,2.11192
-0.49164556,2.11192
-0.49144556,2.11192
-0.49124556,2.11192
-0.49104556,2.07992
-0.49084556,2.07992
-0.49064556,2.04792
-0.49044556,2.11192
-0.49024556,2.04792
-0.49004556,2.04792
-0.48984556,2.04792
-0.48964556,2.04792
-0.48944556,2.07992
-0.48924556,2.04792
-0.48904556,2.04792
-0.48884556,2.07992
-0.48864556,2.01592
-0.48844556,2.01592
-0.48824556,2.04792
-0.48804556,2.04792
-0.48784556,2.01592
-0.48764556,2.04792
-0.48744556,2.01592
-0.48724556,2.01592
-0.48704556,1.98392
-0.48684556,1.98392
-0.48664556,1.98392
-0.48644556,1.98392
-0.48624556,1.98392
-0.48604556,1.98392
-0.48584556,1.98392
-0.48564556,1.98392
-0.48544556,1.98392
-0.48524556,1.95193
-0.48504556,1.98392
-0.48484556,1.91993
-0.48464556,1.95193
-0.48444556,1.95193
-0.48424556,1.95193
-0.48404556,1.98392
-0.48384556,1.98392
-0.48364556,1.95193
-0.48344556,1.91993
-0.48324556,1.91993
-0.48304556,1.88793
-0.48284556,1.91993
-0.48264556,1.88793
-0.48244556,1.88793
-0.48224556,1.91993
-0.48204556,1.91993
-0.48184556,1.88793
-0.48164556,1.88793
-0.48144556,1.85593
-0.48124556,1.85593
-0.48104556,1.85593
-0.48084556,1.88793
-0.48064556,1.85593
-0.48044556,1.85593
-0.48024556,1.82393
-0.48004556,1.75993
-0.47984556,1.85593
-0.47964556,1.85593
-0.47944556,1.85593
-0.47924556,1.82393
-0.47904556,1.82393
-0.47884556,1.79193
-0.47864556,1.79193
-0.47844556,1.79193
-0.47824556,1.79193
-0.47804556,1.79193
-0.47784556,1.79193
-0.47764556,1.79193
-0.47744556,1.75993
-0.47724556,1.75993
-0.47704556,1.72793
-0.47684556,1.72793
-0.47664556,1.75993
-0.47644556,1.72793
-0.47624556,1.72793
-0.47604556,1.75993
-0.47584556,1.72793
-0.47564556,1.69593
-0.47544556,1.69593
-0.47524556,1.66394
-0.47504556,1.66394
-0.47484556,1.69593
-0.47464556,1.66394
-0.47444556,1.69593
-0.47424556,1.66394
-0.47404556,1.66394
-0.47384556,1.66394
-0.47364556,1.66394
-0.47344556,1.59994
-0.47324556,1.63194
-0.47304556,1.59994
-0.47284556,1.59994
-0.47264556,1.59994
-0.47244556,1.63194
-0.47224556,1.56794
-0.47204556,1.59994
-0.47184556,1.56794
-0.47164556,1.56794
-0.47144556,1.56794
-0.47124556,1.53594
-0.47104556,1.53594
-0.47084556,1.56794
-0.47064556,1.53594
-0.47044556,1.50394
-0.47024556,1.53594
-0.47004556,1.56794
-0.46984556,1.50394
-0.46964556,1.50394
-0.46944556,1.47194
-0.46924556,1.47194
-0.46904556,1.43994
-0.46884556,1.43994
-0.46864556,1.43994
-0.46844556,1.47194
-0.46824556,1.47194
-0.46804556,1.47194
-0.46784556,1.47194
-0.46764556,1.37595
-0.46744556,1.37595
-0.46724556,1.43994
-0.46704556,1.37595
-0.46684556,1.40795
-0.46664556,1.40795
-0.46644556,1.40795
-0.46624556,1.43994
-0.46604556,1.40795
-0.46584556,1.34395
-0.46564556,1.37595
-0.46544556,1.31195
-0.46524556,1.31195
-0.46504556,1.34395
-0.46484556,1.34395
-0.46464556,1.27995
-0.46444556,1.34395
-0.46424556,1.31195
-0.46404556,1.31195
-0.46384556,1.27995
-0.46364556,1.34395
-0.46344556,1.24795
-0.46324556,1.24795
-0.46304556,1.24795
-0.46284556,1.24795
-0.46264556,1.27995
-0.46244556,1.27995
-0.46224556,1.24795
-0.46204556,1.24795
-0.46184556,1.21595
-0.46164556,1.18395
-0.46144556,1.18395
-0.46124556,1.15196
-0.46104556,1.21595
-0.46084556,1.15196
-0.46064556,1.15196
-0.46044556,1.18395
-0.46024556,1.21595
-0.46004556,1.15196
-0.45984556,1.18395
-0.45964556,1.08796
-0.45944556,1.08796
-0.45924556,1.08796
-0.45904556,1.15196
-0.45884556,1.08796
-0.45864556,1.08796
-0.45844556,1.08796
-0.45824556,1.08796
-0.45804556,1.08796
-0.45784556,1.05596
-0.45764556,1.05596
-0.45744556,1.02396
-0.45724556,0.991962
-0.45704556,1.05596
-0.45684556,0.991962
-0.45664556,1.02396
-0.45644556,1.02396
-0.45624556,0.991962
-0.45604556,0.991962
-0.45584556,0.991962
-0.45564556,0.959963
-0.45544556,0.959963
-0.45524556,0.959963
-0.45504556,0.959963
-0.45484556,0.991962
-0.45464556,0.895966
-0.45444556,0.927964
-0.45424556,0.991962
-0.45404556,0.927964
-0.45384556,0.895966
-0.45364556,0.863967
-0.45344556,0.927964
-0.45324556,0.863967
-0.45304556,0.863967
-0.45284556,0.895966
-0.45264556,0.863967
-0.45244556,0.895966
-0.45224556,0.895966
-0.45204556,0.863967
-0.45184556,0.799969
-0.45164556,0.799969
-0.45144556,0.799969
-0.45124556,0.799969
-0.45104556,0.831968
-0.45084556,0.799969
-0.45064556,0.799969
-0.45044556,0.831968
-0.45024556,0.767971
-0.45004556,0.735972
-0.44984556,0.767971
-0.44964556,0.671974
-0.44944556,0.735972
-0.44924556,0.767971
-0.44904556,0.671974
-0.44884556,0.735972
-0.44864556,0.767971
-0.44844556,0.735972
-0.44824556,0.703973
-0.44804556,0.671974
-0.44784556,0.607977
-0.44764556,0.671974
-0.44744556,0.671974
-0.44724556,0.639975
-0.44704556,0.607977
-0.44684556,0.671974
-0.44664556,0.607977
-0.44644556,0.639975
-0.44624556,0.639975
-0.44604556,0.543979
-0.44584556,0.543979
-0.44564556,0.607977
-0.44544556,0.575978
-0.44524556,0.575978
-0.44504556,0.575978
-0.44484556,0.51198
-0.44464556,0.51198
-0.44444556,0.543979
-0.44424556,0.51198
-0.44404556,0.51198
-0.44384556,0.447983
-0.44364556,0.479982
-0.44344556,0.479982
-0.44324556,0.543979
-0.44304556,0.479982
-0.44284556,0.479982
-0.44264556,0.447983
-0.44244556,0.479982
-0.44224556,0.479982
-0.44204556,0.383985
-0.44184556,0.383985
-0.44164556,0.447983
-0.44144556,0.415984
-0.44124556,0.383985
-0.44104556,0.415984
-0.44084556,0.383985
-0.44064556,0.383985
-0.44044556,0.383985
-0.44024556,0.351986
-0.44004556,0.351986
-0.43984556,0.383985
-0.43964556,0.351986
-0.43944556,0.351986
-0.43924556,0.351986
-0.43904556,0.287989
-0.43884556,0.319988
-0.43864556,0.351986
-0.43844556,0.25599
-0.43824556,0.223991
-0.43804556,0.287989
-0.43784556,0.223991
-0.43764556,0.25599
-0.43744556,0.223991
-0.43724556,0.223991
-0.43704556,0.25599
-0.43684556,0.25599
-0.43664556,0.223991
-0.43644556,0.223991
-0.43624556,0.223991
-0.43604556,0.159994
-0.43584556,0.191993
-0.43564556,0.159994
-0.43544556,0.159994
-0.43524556,0.159994
-0.43504556,0.159994
-0.43484556,0.159994
-0.43464556,0.127995
-0.43444556,0.159994
-0.43424556,0.159994
-0.43404556,0.0959963
-0.43384556,0.127995
-0.43364556,0.0959963
-0.43344556,0.0959963
-0.43324556,0.0639975
-0.43304556,0.0959963
-0.43284556,0.0959963
-0.43264556,0.0319988
-0.43244556,0.0639975
-0.43224556,0.0319988
-0.43204556,0
-0.43184556,0.0639975
-0.43164556,0.0639975
-0.43144556,0.0319988
-0.43124556,0.0639975
-0.43104556,0.0319988
-0.43084556,0.0319988
-0.43064556,0.0319988
-0.43044556,-0.0319988
-0.43024556,-0.0319988
-0.43004556,-0.0639975
-0.42984556,0
-0.42964556,-0.0319988
-0.42944556,-0.0319988
-0.42924556,-0.0639975
-0.42904556,-0.0319988
-0.42884556,0
-0.42864556,-0.0639975
-0.42844556,-0.0319988
-0.42824556,-0.0959963
-0.42804556,-0.159994
-0.42784556,-0.127995
-0.42764556,-0.0639975
-0.42744556,-0.127995
-0.42724556,-0.127995
-0.42704556,-0.0959963
-0.42684556,-0.159994
-0.42664556,-0.159994
-0.42644556,-0.127995
-0.42624556,-0.159994
-0.42604556,-0.191993
-0.42584556,-0.159994
-0.42564556,-0.191993
-0.42544556,-0.159994
-0.42524556,-0.191993
-0.42504556,-0.191993
-0.42484556,-0.191993
-0.42464556,-0.159994
-0.42444556,-0.223991
-0.42424556,-0.223991
-0.42404556,-0.191993
-0.42384556,-0.287989
-0.42364556,-0.191993
-0.42344556,-0.191993
-0.42324556,-0.223991
-0.42304556,-0.25599
-0.42284556,-0.223991
-0.42264556,-0.25599
-0.42244556,-0.25599
-0.42224556,-0.223991
-0.42204556,-0.287989
-0.42184556,-0.287989
-0.42164556,-0.287989
-0.42144556,-0.319988
-0.42124556,-0.287989
-0.42104556,-0.223991
-0.42084556,-0.287989
-0.42064556,-0.351986
-0.42044556,-0.351986
-0.42024556,-0.319988
-0.42004556,-0.351986
-0.41984556,-0.383985
-0.41964556,-0.319988
-0.41944556,-0.383985
-0.41924556,-0.415984
-0.41904556,-0.351986
-0.41884556,-0.383985
-0.41864556,-0.415984
-0.41844556,-0.351986
-0.41824556,-0.415984
-0.41804556,-0.415984
-0.41784556,-0.415984
-0.41764556,-0.415984
-0.41744556,-0.415984
-0.41724556,-0.383985
-0.41704556,-0.415984
-0.41684556,-0.415984
-0.41664556,-0.415984
-0.41644556,-0.479982
-0.41624556,-0.479982
-0.41604556,-0.415984
-0.41584556,-0.447983
-0.41564556,-0.415984
-0.41544556,-0.415984
-0.41524556,-0.479982
-0.41504556,-0.447983
-0.41484556,-0.415984
-0.41464556,-0.543979
-0.41444556,-0.51198
-0.41424556,-0.479982
-0.41404556,-0.51198
-0.41384556,-0.51198
-0.41364556,-0.447983
-0.41344556,-0.51198
-0.41324556,-0.479982
-0.41304556,-0.543979
-0.41284556,-0.543979
-0.41264556,-0.479982
-0.41244556,-0.543979
-0.41224556,-0.543979
-0.41204556,-0.543979
-0.41184556,-0.543979
-0.41164556,-0.543979
-0.41144556,-0.479982
-0.41124556,-0.51198
-0.41104556,-0.543979
-0.41084556,-0.543979
-0.41064556,-0.543979
-0.41044556,-0.543979
-0.41024556,-0.607977
-0.41004556,-0.543979
-0.40984556,-0.575978
-0.40964556,-0.575978
-0.40944556,-0.543979
-0.40924556,-0.607977
-0.40904556,-0.575978
-0.40884556,-0.607977
-0.40864556,-0.639975
-0.40844556,-0.607977
-0.40824556,-0.607977
-0.40804556,-0.575978
-0.40784556,-0.607977
-0.40764556,-0.607977
-0.40744556,-0.639975
-0.40724556,-0.607977
-0.40704556,-0.639975
-0.40684556,-0.607977
-0.40664556,-0.575978
-0.40644556,-0.639975
-0.40624556,-0.639975
-0.40604556,-0.671974
-0.40584556,-0.639975
-0.40564556,-0.639975
-0.40544556,-0.671974
-0.40524556,-0.671974
-0.40504556,-0.671974
-0.40484556,-0.671974
-0.40464556,-0.671974
-0.40444556,-0.671974
-0.40424556,-0.671974
-0.40404556,-0.671974
-0.40384556,-0.703973
-0.40364556,-0.639975
-0.40344556,-0.703973
-0.40324556,-0.703973
-0.40304556,-0.703973
-0.40284556,-0.735972
-0.40264556,-0.703973
-0.40244556,-0.703973
-0.40224556,-0.735972
-0.40204556,-0.703973
-0.40184556,-0.703973
-0.40164556,-0.703973
-0.40144556,-0.703973
-0.40124556,-0.671974
-0.40104556,-0.735972
-0.40084556,-0.735972
-0.40064556,-0.735972
-0.40044556,-0.703973
-0.40024556,-0.703973
-0.40004556,-0.703973
-0.39984556,-0.671974
-0.39964556,-0.735972
-0.39944556,-0.735972
-0.39924556,-0.735972
-0.39904556,-0.703973
-0.39884556,-0.703973
-0.39864556,-0.735972
-0.39844556,-0.735972
-0.39824556,-0.735972
-0.39804556,-0.735972
-0.39784556,-0.735972
-0.39764556,-0.735972
-0.39744556,-0.735972
-0.39724556,-0.767971
-0.39704556,-0.735972
-0.39684556,-0.767971
-0.39664556,-0.767971
-0.39644556,-0.767971
-0.39624556,-0.735972
-0.39604556,-0.799969
-0.39584556,-0.735972
-0.39564556,-0.799969
-0.39544556,-0.767971
-0.39524556,-0.735972
-0.39504556,-0.767971
-0.39484556,-0.767971
-0.39464556,-0.735972
-0.39444556,-0.767971
-0.39424556,-0.735972
-0.39404556,-0.767971
-0.39384556,-0.735972
-0.39364556,-0.767971
-0.39344556,-0.799969
-0.39324556,-0.735972
-0.39304556,-0.767971
-0.39284556,-0.767971
-0.39264556,-0.767971
-0.39244556,-0.767971
-0.39224556,-0.767971
-0.39204556,-0.767971
-0.39184556,-0.735972
-0.39164556,-0.735972
-0.39144556,-0.735972
-0.39124556,-0.735972
-0.39104556,-0.735972
-0.39084556,-0.735972
-0.39064556,-0.767971
-0.39044556,-0.799969
-0.39024556,-0.767971
-0.39004556,-0.735972
-0.38984556,-0.767971
-0.38964556,-0.767971
-0.38944556,-0.799969
-0.38924556,-0.767971
-0.38904556,-0.767971
-0.38884556,-0.799969
-0.38864556,-0.735972
-0.38844556,-0.767971
-0.38824556,-0.767971
-0.38804556,-0.767971
-0.38784556,-0.735972
-0.38764556,-0.767971
-0.38744556,-0.735972
-0.38724556,-0.767971
-0.38704556,-0.799969
-0.38684556,-0.767971
-0.38664556,-0.767971
-0.38644556,-0.767971
-0.38624556,-0.767971
-0.38604556,-0.767971
-0.38584556,-0.767971
-0.38564556,-0.767971
-0.38544556,-0.767971
-0.38524556,-0.831968
-0.38504556,-0.735972
-0.38484556,-0.799969
-0.38464556,-0.767971
-0.38444556,-0.767971
-0.38424556,-0.799969
-0.38404556,-0.799969
-0.38384556,-0.767971
-0.38364556,-0.767971
-0.38344556,-0.799969
-0.38324556,-0.767971
-0.38304556,-0.799969
-0.38284556,-0.799969
-0.38264556,-0.767971
-0.38244556,-0.799969
-0.38224556,-0.799969
-0.38204556,-0.831968
-0.38184556,-0.799969
-0.38164556,-0.799969
-0.38144556,-0.831968
-0.38124556,-0.767971
-0.38104556,-0.767971
-0.38084556,-0.799969
-0.38064556,-0.735972
-0.38044556,-0.831968
-0.38024556,-0.767971
-0.38004556,-0.799969
-0.37984556,-0.799969
-0.37964556,-0.799969
-0.37944556,-0.767971
-0.37924556,-0.799969
-0.37904556,-0.735972
-0.37884556,-0.767971
-0.37864556,-0.799969
-0.37844556,-0.767971
-0.37824556,-0.831968
-0.37804556,-0.735972
-0.37784556,-0.799969
-0.37764556,-0.767971
-0.37744556,-0.799969
-0.37724556,-0.799969
-0.37704556,-0.767971
-0.37684556,-0.799969
-0.37664556,-0.767971
-0.37644556,-0.735972
-0.37624556,-0.767971
-0.37604556,-0.767971
-0.37584556,-0.799969
-0.37564556,-0.767971
-0.37544556,-0.799969
-0.37524556,-0.767971
-0.37504556,-0.735972
-0.37484556,-0.767971
-0.37464556,-0.735972
-0.37444556,-0.767971
-0.37424556,-0.767971
-0.37404556,-0.767971
-0.37384556,-0.799969
-0.37364556,-0.735972
-0.37344556,-0.767971
-0.37324556,-0.767971
-0.37304556,-0.735972
-0.37284556,-0.735972
-0.37264556,-0.767971
-0.37244556,-0.703973
-0.37224556,-0.799969
-0.37204556,-0.767971
-0.37184556,-0.767971
-0.37164556,-0.703973
-0.37144556,-0.735972
-0.37124556,-0.767971
-0.37104556,-0.735972
-0.37084556,-0.799969
-0.37064556,-0.735972
-0.37044556,-0.735972
-0.37024556,-0.799969
-0.37004556,-0.767971
-0.36984556,-0.735972
-0.36964556,-0.767971
-0.36944556,-0.767971
-0.36924556,-0.799969
-0.36904556,-0.767971
-0.36884556,-0.735972
-0.36864556,-0.767971
-0.36844556,-0.767971
-0.36824556,-0.831968
-0.36804556,-0.767971
-0.36784556,-0.767971
-0.36764556,-0.735972
-0.36744556,-0.767971
-0.36724556,-0.767971
-0.36704556,-0.735972
-0.36684556,-0.767971
-0.36664556,-0.767971
-0.36644556,-0.767971
-0.36624556,-0.767971
-0.36604556,-0.767971
-0.36584556,-0.767971
-0.36564556,-0.799969
-0.36544556,-0.767971
-0.36524556,-0.767971
-0.36504556,-0.735972
-0.36484556,-0.767971
-0.36464556,-0.735972
-0.36444556,-0.799969
-0.36424556,-0.767971
-0.36404556,-0.735972
-0.36384556,-0.703973
-0.36364556,-0.767971
-0.36344556,-0.735972
-0.36324556,-0.767971
-0.36304556,-0.735972
-0.36284556,-0.735972
-0.36264556,-0.735972
-0.36244556,-0.767971
-0.36224556,-0.767971
-0.36204556,-0.735972
-0.36184556,-0.767971
-0.36164556,-0.735972
-0.36144556,-0.735972
-0.36124556,-0.767971
-0.36104556,-0.735972
-0.36084556,-0.799969
-0.36064556,-0.735972
-0.36044556,-0.735972
-0.36024556,-0.735972
-0.36004556,-0.735972
-0.35984556,-0.703973
-0.35964556,-0.767971
-0.35944556,-0.735972
-0.35924556,-0.767971
-0.35904556,-0.735972
-0.35884556,-0.767971
-0.35864556,-0.703973
-0.35844556,-0.735972
-0.35824556,-0.735972
-0.35804556,-0.735972
-0.35784556,-0.767971
-0.35764556,-0.703973
-0.35744556,-0.767971
-0.35724556,-0.735972
-0.35704556,-0.735972
-0.35684556,-0.735972
-0.35664556,-0.703973
-0.35644556,-0.735972
-0.35624556,-0.703973
-0.35604556,-0.735972
-0.35584556,-0.767971
-0.35564556,-0.767971
-0.35544556,-0.735972
-0.35524556,-0.735972
-0.35504556,-0.735972
-0.35484556,-0.799969
-0.35464556,-0.767971
-0.35444556,-0.735972
-0.35424556,-0.735972
-0.35404556,-0.735972
-0.35384556,-0.735972
-0.35364556,-0.735972
-0.35344556,-0.767971
-0.35324556,-0.703973
-0.35304556,-0.767971
-0.35284556,-0.735972
-0.35264556,-0.703973
-0.35244556,-0.703973
-0.35224556,-0.735972
-0.35204556,-0.703973
-0.35184556,-0.671974
-0.35164556,-0.735972
-0.35144556,-0.703973
-0.35124556,-0.703973
-0.35104556,-0.735972
-0.35084556,-0.735972
-0.35064556,-0.703973
-0.35044556,-0.703973
-0.35024556,-0.735972
-0.35004556,-0.703973
-0.34984556,-0.735972
-0.34964556,-0.703973
-0.34944556,-0.703973
-0.34924556,-0.703973
-0.34904556,-0.703973
-0.34884556,-0.735972
-0.34864556,-0.671974
-0.34844556,-0.703973
-0.34824556,-0.703973
-0.34804556,-0.671974
-0.34784556,-0.671974
-0.34764556,-0.703973
-0.34744556,-0.703973
-0.34724556,-0.671974
-0.34704556,-0.703973
-0.34684556,-0.703973
-0.34664556,-0.735972
-0.34644556,-0.703973
-0.34624556,-0.703973
-0.34604556,-0.703973
-0.34584556,-0.703973
-0.34564556,-0.703973
-0.34544556,-0.735972
-0.34524556,-0.671974
-0.34504556,-0.703973
-0.34484556,-0.671974
-0.34464556,-0.639975
-0.34444556,-0.703973
-0.34424556,-0.703973
-0.34404556,-0.703973
-0.34384556,-0.703973
-0.34364556,-0.671974
-0.34344556,-0.671974
-0.34324556,-0.703973
-0.34304556,-0.703973
-0.34284556,-0.671974
-0.34264556,-0.671974
-0.34244556,-0.671974
-0.34224556,-0.671974
-0.34204556,-0.671974
-0.34184556,-0.671974
-0.34164556,-0.703973
-0.34144556,-0.671974
-0.34124556,-0.671974
-0.34104556,-0.671974
-0.34084556,-0.671974
-0.34064556,-0.671974
-0.34044556,-0.671974
-0.34024556,-0.703973
-0.34004556,-0.671974
-0.33984556,-0.703973
-0.33964556,-0.703973
-0.33944556,-0.671974
-0.33924556,-0.639975
-0.33904556,-0.671974
-0.33884556,-0.671974
-0.33864556,-0.703973
-0.33844556,-0.703973
-0.33824556,-0.671974
-0.33804556,-0.639975
-0.33784556,-0.671974
-0.33764556,-0.671974
-0.33744556,-0.639975
-0.33724556,-0.671974
-0.33704556,-0.671974
-0.33684556,-0.671974
-0.33664556,-0.703973
-0.33644556,-0.639975
-0.33624556,-0.671974
-0.33604556,-0.671974
-0.33584556,-0.639975
-0.33564556,-0.639975
-0.33544556,-0.671974
-0.33524556,-0.671974
-0.33504556,-0.639975
-0.33484556,-0.671974
-0.33464556,-0.639975
-0.33444556,-0.671974
-0.33424556,-0.671974
-0.33404556,-0.671974
-0.33384556,-0.671974
-0.33364556,-0.671974
-0.33344556,-0.639975
-0.33324556,-0.639975
-0.33304556,-0.671974
-0.33284556,-0.639975
-0.33264556,-0.671974
-0.33244556,-0.671974
-0.33224556,-0.639975
-0.33204556,-0.671974
-0.33184556,-0.671974
-0.33164556,-0.671974
-0.33144556,-0.671974
-0.33124556,-0.671974
-0.33104556,-0.607977
-0.33084556,-0.671974
-0.33064556,-0.671974
-0.33044556,-0.639975
-0.33024556,-0.671974
-0.33004556,-0.639975
-0.32984556,-0.671974
-0.32964556,-0.639975
-0.32944556,-0.671974
-0.32924556,-0.607977
-0.32904556,-0.639975
-0.32884556,-0.671974
-0.32864556,-0.607977
-0.32844556,-0.639975
-0.32824556,-0.639975
-0.32804556,-0.607977
-0.32784556,-0.607977
-0.32764556,-0.671974
-0.32744556,-0.671974
-0.32724556,-0.639975
-0.32704556,-0.639975
-0.32684556,-0.671974
-0.32664556,-0.671974
-0.32644556,-0.671974
-0.32624556,-0.671974
-0.32604556,-0.639975
-0.32584556,-0.671974
-0.32564556,-0.639975
-0.32544556,-0.671974
-0.32524556,-0.639975
-0.32504556,-0.671974
-0.32484556,-0.639975
-0.32464556,-0.639975
-0.32444556,-0.639975
-0.32424556,-0.671974
-0.32404556,-0.639975
-0.32384556,-0.639975
-0.32364556,-0.671974
-0.32344556,-0.607977
-0.32324556,-0.639975
-0.32304556,-0.639975
-0.32284556,-0.671974
-0.32264556,-0.671974
-0.32244556,-0.671974
-0.32224556,-0.671974
-0.32204556,-0.735972
-0.32184556,-0.671974
-0.32164556,-0.671974
-0.32144556,-0.671974
-0.32124556,-0.671974
-0.32104556,-0.639975
-0.32084556,-0.671974
-0.32064556,-0.671974
-0.32044556,-0.671974
-0.32024556,-0.671974
-0.32004556,-0.639975
-0.31984556,-0.671974
-0.31964556,-0.671974
-0.31944556,-0.671974
-0.31924556,-0.703973
-0.31904556,-0.671974
-0.31884556,-0.671974
-0.31864556,-0.671974
-0.31844556,-0.671974
-0.31824556,-0.671974
-0.31804556,-0.671974
-0.31784556,-0.671974
-0.31764556,-0.671974
-0.31744556,-0.671974
-0.31724556,-0.671974
-0.31704556,-0.671974
-0.31684556,-0.671974
-0.31664556,-0.703973
-0.31644556,-0.639975
-0.31624556,-0.671974
-0.31604556,-0.671974
-0.31584556,-0.671974
-0.31564556,-0.671974
-0.31544556,-0.671974
-0.31524556,-0.671974
-0.31504556,-0.639975
-0.31484556,-0.639975
-0.31464556,-0.639975
-0.31444556,-0.639975
-0.31424556,-0.639975
-0.31404556,-0.671974
-0.31384556,-0.671974
-0.31364556,-0.639975
-0.31344556,-0.607977
-0.31324556,-0.639975
-0.31304556,-0.639975
-0.31284556,-0.607977
-0.31264556,-0.639975
-0.31244556,-0.639975
-0.31224556,-0.639975
-0.31204556,-0.639975
-0.31184556,-0.639975
-0.31164556,-0.671974
-0.31144556,-0.639975
-0.31124556,-0.607977
-0.31104556,-0.671974
-0.31084556,-0.671974
-0.31064556,-0.671974
-0.31044556,-0.671974
-0.31024556,-0.639975
-0.31004556,-0.639975
-0.30984556,-0.671974
-0.30964556,-0.671974
-0.30944556,-0.639975
-0.30924556,-0.639975
-0.30904556,-0.639975
-0.30884556,-0.607977
-0.30864556,-0.671974
-0.30844556,-0.639975
-0.30824556,-0.639975
-0.30804556,-0.607977
-0.30784556,-0.671974
-0.30764556,-0.671974
-0.30744556,-0.671974
-0.30724556,-0.671974
-0.30704556,-0.671974
-0.30684556,-0.671974
-0.30664556,-0.639975
-0.30644556,-0.639975
-0.30624556,-0.671974
-0.30604556,-0.671974
-0.30584556,-0.671974
-0.30564556,-0.671974
-0.30544556,-0.639975
-0.30524556,-0.639975
-0.30504556,-0.639975
-0.30484556,-0.671974
-0.30464556,-0.671974
-0.30444556,-0.671974
-0.30424556,-0.639975
-0.30404556,-0.639975
-0.30384556,-0.671974
-0.30364556,-0.639975
-0.30344556,-0.639975
-0.30324556,-0.607977
-0.30304556,-0.639975
-0.30284556,-0.639975
-0.30264556,-0.639975
-0.30244556,-0.671974
-0.30224556,-0.607977
-0.30204556,-0.607977
-0.30184556,-0.639975
-0.30164556,-0.607977
-0.30144556,-0.639975
-0.30124556,-0.607977
-0.30104556,-0.671974
-0.30084556,-0.575978
-0.30064556,-0.639975
-0.30044556,-0.575978
-0.30024556,-0.607977
-0.30004556,-0.639975
-0.29984556,-0.639975
-0.29964556,-0.607977
-0.29944556,-0.607977
-0.29924556,-0.639975
-0.29904556,-0.607977
-0.29884556,-0.607977
-0.29864556,-0.543979
-0.29844556,-0.607977
-0.29824556,-0.607977
-0.29804556,-0.607977
-0.29784556,-0.607977
-0.29764556,-0.607977
-0.29744556,-0.607977
-0.29724556,-0.671974
-0.29704556,-0.607977
-0.29684556,-0.639975
-0.29664556,-0.607977
-0.29644556,-0.639975
-0.29624556,-0.607977
-0.29604556,-0.607977
-0.29584556,-0.607977
-0.29564556,-0.607977
-0.29544556,-0.607977
-0.29524556,-0.607977
-0.29504556,-0.639975
-0.29484556,-0.639975
-0.29464556,-0.639975
-0.29444556,-0.607977
-0.29424556,-0.575978
-0.29404556,-0.607977
-0.29384556,-0.607977
-0.29364556,-0.607977
-0.29344556,-0.639975
-0.29324556,-0.607977
-0.29304556,-0.575978
-0.29284556,-0.607977
-0.29264556,-0.575978
-0.29244556,-0.607977
-0.29224556,-0.639975
-0.29204556,-0.639975
-0.29184556,-0.607977
-0.29164556,-0.575978
-0.29144556,-0.607977
-0.29124556,-0.575978
-0.29104556,-0.607977
-0.29084556,-0.607977
-0.29064556,-0.575978
-0.29044556,-0.575978
-0.29024556,-0.607977
-0.29004556,-0.607977
-0.28984556,-0.575978
-0.28964556,-0.575978
-0.28944556,-0.607977
-0.28924556,-0.575978
-0.28904556,-0.607977
-0.28884556,-0.575978
-0.28864556,-0.575978
-0.28844556,-0.607977
-0.28824556,-0.575978
-0.28804556,-0.575978
-0.28784556,-0.575978
-0.28764556,-0.607977
-0.28744556,-0.575978
-0.28724556,-0.575978
-0.28704556,-0.51198
-0.28684556,-0.575978
-0.28664556,-0.575978
-0.28644556,-0.575978
-0.28624556,-0.607977
-0.28604556,-0.575978
-0.28584556,-0.575978
-0.28564556,-0.575978
-0.28544556,-0.575978
-0.28524556,-0.543979
-0.28504556,-0.575978
-0.28484556,-0.575978
-0.28464556,-0.575978
-0.28444556,-0.575978
-0.28424556,-0.543979
-0.28404556,-0.479982
-0.28384556,-0.543979
-0.28364556,-0.543979
-0.28344556,-0.543979
-0.28324556,-0.575978
-0.28304556,-0.575978
-0.28284556,-0.575978
-0.28264556,-0.575978
-0.28244556,-0.575978
-0.28224556,-0.543979
-0.28204556,-0.543979
-0.28184556,-0.575978
-0.28164556,-0.51198
-0.28144556,-0.575978
-0.28124556,-0.575978
-0.28104556,-0.543979
-0.28084556,-0.543979
-0.28064556,-0.51198
-0.28044556,-0.575978
-0.28024556,-0.543979
-0.28004556,-0.607977
-0.27984556,-0.575978
-0.27964556,-0.543979
-0.27944556,-0.543979
-0.27924556,-0.543979
-0.27904556,-0.51198
-0.27884556,-0.543979
-0.27864556,-0.51198
-0.27844556,-0.575978
-0.27824556,-0.543979
-0.27804556,-0.543979
-0.27784556,-0.575978
-0.27764556,-0.543979
-0.27744556,-0.479982
-0.27724556,-0.575978
-0.27704556,-0.543979
-0.27684556,-0.543979
-0.27664556,-0.543979
-0.27644556,-0.575978
-0.27624556,-0.479982
-0.27604556,-0.543979
-0.27584556,-0.51198
-0.27564556,-0.51198
-0.27544556,-0.575978
-0.27524556,-0.479982
-0.27504556,-0.479982
-0.27484556,-0.543979
-0.27464556,-0.543979
-0.27444556,-0.51198
-0.27424556,-0.479982
-0.27404556,-0.51198
-0.27384556,-0.479982
-0.27364556,-0.51198
-0.27344556,-0.543979
-0.27324556,-0.51198
-0.27304556,-0.51198
-0.27284556,-0.479982
-0.27264556,-0.479982
-0.27244556,-0.543979
-0.27224556,-0.51198
-0.27204556,-0.51198
-0.27184556,-0.543979
-0.27164556,-0.543979
-0.27144556,-0.51198
-0.27124556,-0.575978
-0.27104556,-0.543979
-0.27084556,-0.479982
-0.27064556,-0.51198
-0.27044556,-0.51198
-0.27024556,-0.51198
-0.27004556,-0.543979
-0.26984556,-0.51198
-0.26964556,-0.479982
-0.26944556,-0.543979
-0.26924556,-0.51198
-0.26904556,-0.479982
-0.26884556,-0.479982
-0.26864556,-0.51198
-0.26844556,-0.479982
-0.26824556,-0.51198
-0.26804556,-0.479982
-0.26784556,-0.479982
-0.26764556,-0.51198
-0.26744556,-0.51198
-0.26724556,-0.51198
-0.26704556,-0.479982
-0.26684556,-0.543979
-0.26664556,-0.479982
-0.26644556,-0.447983
-0.26624556,-0.479982
-0.26604556,-0.479982
-0.26584556,-0.543979
-0.26564556,-0.51198
-0.26544556,-0.479982
-0.26524556,-0.51198
-0.26504556,-0.51198
-0.26484556,-0.479982
-0.26464556,-0.479982
-0.26444556,-0.479982
-0.26424556,-0.447983
-0.26404556,-0.543979
-0.26384556,-0.447983
-0.26364556,-0.447983
-0.26344556,-0.479982
-0.26324556,-0.447983
-0.26304556,-0.447983
-0.26284556,-0.479982
-0.26264556,-0.447983
-0.26244556,-0.447983
-0.26224556,-0.447983
-0.26204556,-0.447983
-0.26184556,-0.447983
-0.26164556,-0.447983
-0.26144556,-0.447983
-0.26124556,-0.447983
-0.26104556,-0.447983
-0.26084556,-0.447983
-0.26064556,-0.447983
-0.26044556,-0.479982
-0.26024556,-0.447983
-0.26004556,-0.447983
-0.25984556,-0.479982
-0.25964556,-0.479982
-0.25944556,-0.479982
-0.25924556,-0.479982
-0.25904556,-0.447983
-0.25884556,-0.447983
-0.25864556,-0.51198
-0.25844556,-0.479982
-0.25824556,-0.447983
-0.25804556,-0.447983
-0.25784556,-0.479982
-0.25764556,-0.447983
-0.25744556,-0.479982
-0.25724556,-0.479982
-0.25704556,-0.447983
-0.25684556,-0.447983
-0.25664556,-0.447983
-0.25644556,-0.415984
-0.25624556,-0.479982
-0.25604556,-0.479982
-0.25584556,-0.415984
-0.25564556,-0.479982
-0.25544556,-0.447983
-0.25524556,-0.447983
-0.25504556,-0.447983
-0.25484556,-0.447983
-0.25464556,-0.383985
-0.25444556,-0.479982
-0.25424556,-0.415984
-0.25404556,-0.447983
-0.25384556,-0.447983
-0.25364556,-0.447983
-0.25344556,-0.415984
-0.25324556,-0.479982
-0.25304556,-0.415984
-0.25284556,-0.415984
-0.25264556,-0.447983
-0.25244556,-0.415984
-0.25224556,-0.447983
-0.25204556,-0.51198
-0.25184556,-0.415984
-0.25164556,-0.415984
-0.25144556,-0.479982
-0.25124556,-0.415984
-0.25104556,-0.415984
-0.25084556,-0.447983
-0.25064556,-0.415984
-0.25044556,-0.415984
-0.25024556,-0.447983
-0.25004556,-0.447983
-0.24984556,-0.447983
-0.24964556,-0.447983
-0.24944556,-0.415984
-0.24924556,-0.383985
-0.24904556,-0.415984
-0.24884556,-0.415984
-0.24864556,-0.415984
-0.24844556,-0.447983
-0.24824556,-0.447983
-0.24804556,-0.415984
-0.24784556,-0.447983
-0.24764556,-0.447983
-0.24744556,-0.415984
-0.24724556,-0.447983
-0.24704556,-0.447983
-0.24684556,-0.415984
-0.24664556,-0.447983
-0.24644556,-0.447983
-0.24624556,-0.383985
-0.24604556,-0.447983
-0.24584556,-0.447983
-0.24564556,-0.447983
-0.24544556,-0.447983
-0.24524556,-0.415984
-0.24504556,-0.415984
-0.24484556,-0.479982
-0.24464556,-0.447983
-0.24444556,-0.415984
-0.24424556,-0.447983
-0.24404556,-0.383985
-0.24384556,-0.447983
-0.24364556,-0.447983
-0.24344556,-0.447983
-0.24324556,-0.383985
-0.24304556,-0.479982
-0.24284556,-0.447983
-0.24264556,-0.415984
-0.24244556,-0.415984
-0.24224556,-0.383985
-0.24204556,-0.383985
-0.24184556,-0.447983
-0.24164556,-0.447983
-0.24144556,-0.415984
-0.24124556,-0.415984
-0.24104556,-0.447983
-0.24084556,-0.383985
-0.24064556,-0.415984
-0.24044556,-0.415984
-0.24024556,-0.415984
-0.24004556,-0.447983
-0.23984556,-0.447983
-0.23964556,-0.415984
-0.23944556,-0.415984
-0.23924556,-0.415984
-0.23904556,-0.415984
-0.23884556,-0.415984
-0.23864556,-0.415984
-0.23844556,-0.415984
-0.23824556,-0.447983
-0.23804556,-0.415984
-0.23784556,-0.415984
-0.23764556,-0.447983
-0.23744556,-0.383985
-0.23724556,-0.415984
-0.23704556,-0.447983
-0.23684556,-0.415984
-0.23664556,-0.415984
-0.23644556,-0.415984
-0.23624556,-0.415984
-0.23604556,-0.383985
-0.23584556,-0.415984
-0.23564556,-0.415984
-0.23544556,-0.415984
-0.23524556,-0.447983
-0.23504556,-0.415984
-0.23484556,-0.415984
-0.23464556,-0.415984
-0.23444556,-0.415984
-0.23424556,-0.415984
-0.23404556,-0.447983
-0.23384556,-0.479982
-0.23364556,-0.415984
-0.23344556,-0.383985
-0.23324556,-0.415984
-0.23304556,-0.383985
-0.23284556,-0.415984
-0.23264556,-0.415984
-0.23244556,-0.447983
-0.23224556,-0.415984
-0.23204556,-0.447983
-0.23184556,-0.415984
-0.23164556,-0.447983
-0.23144556,-0.447983
-0.23124556,-0.415984
-0.23104556,-0.415984
-0.23084556,-0.415984
-0.23064556,-0.415984
-0.23044556,-0.415984
-0.23024556,-0.415984
-0.23004556,-0.383985
-0.22984556,-0.479982
-0.22964556,-0.415984
-0.22944556,-0.383985
-0.22924556,-0.415984
-0.22904556,-0.415984
-0.22884556,-0.383985
-0.22864556,-0.415984
-0.22844556,-0.383985
-0.22824556,-0.383985
-0.22804556,-0.447983
-0.22784556,-0.415984
-0.22764556,-0.383985
-0.22744556,-0.447983
-0.22724556,-0.415984
-0.22704556,-0.415984
-0.22684556,-0.415984
-0.22664556,-0.415984
-0.22644556,-0.383985
-0.22624556,-0.415984
-0.22604556,-0.415984
-0.22584556,-0.415984
-0.22564556,-0.415984
-0.22544556,-0.383985
-0.22524556,-0.383985
-0.22504556,-0.383985
-0.22484556,-0.383985
-0.22464556,-0.383985
-0.22444556,-0.383985
-0.22424556,-0.415984
-0.22404556,-0.415984
-0.22384556,-0.447983
-0.22364556,-0.351986
-0.22344556,-0.415984
-0.22324556,-0.383985
-0.22304556,-0.351986
-0.22284556,-0.383985
-0.22264556,-0.415984
-0.22244556,-0.415984
-0.22224556,-0.383985
-0.22204556,-0.415984
-0.22184556,-0.383985
-0.22164556,-0.383985
-0.22144556,-0.415984
-0.22124556,-0.447983
-0.22104556,-0.415984
-0.22084556,-0.383985
-0.22064556,-0.415984
-0.22044556,-0.383985
-0.22024556,-0.383985
-0.22004556,-0.415984
-0.21984556,-0.415984
-0.21964556,-0.383985
-0.21944556,-0.383985
-0.21924556,-0.415984
-0.21904556,-0.447983
-0.21884556,-0.383985
-0.21864556,-0.383985
-0.21844556,-0.415984
-0.21824556,-0.415984
-0.21804556,-0.383985
-0.21784556,-0.383985
-0.21764556,-0.351986
-0.21744556,-0.351986
-0.21724556,-0.383985
-0.21704556,-0.351986
-0.21684556,-0.319988
-0.21664556,-0.415984
-0.21644556,-0.287989
-0.21624556,-0.319988
-0.21604556,-0.383985
-0.21584556,-0.319988
-0.21564556,-0.351986
-0.21544556,-0.319988
-0.21524556,-0.351986
-0.21504556,-0.351986
-0.21484556,-0.383985
-0.21464556,-0.319988
-0.21444556,-0.319988
-0.21424556,-0.319988
-0.21404556,-0.351986
-0.21384556,-0.319988
-0.21364556,-0.383985
-0.21344556,-0.319988
-0.21324556,-0.351986
-0.21304556,-0.351986
-0.21284556,-0.351986
-0.21264556,-0.319988
-0.21244556,-0.287989
-0.21224556,-0.319988
-0.21204556,-0.319988
-0.21184556,-0.351986
-0.21164556,-0.351986
-0.21144556,-0.319988
-0.21124556,-0.351986
-0.21104556,-0.25599
-0.21084556,-0.287989
-0.21064556,-0.319988
-0.21044556,-0.351986
-0.21024556,-0.319988
-0.21004556,-0.287989
-0.20984556,-0.319988
-0.20964556,-0.319988
-0.20944556,-0.287989
-0.20924556,-0.319988
-0.20904556,-0.319988
-0.20884556,-0.319988
-0.20864556,-0.319988
-0.20844556,-0.287989
-0.20824556,-0.287989
-0.20804556,-0.319988
-0.20784556,-0.287989
-0.20764556,-0.319988
-0.20744556,-0.319988
-0.20724556,-0.287989
-0.20704556,-0.287989
-0.20684556,-0.223991
-0.20664556,-0.287989
-0.20644556,-0.287989
-0.20624556,-0.287989
-0.20604556,-0.319988
-0.20584556,-0.287989
-0.20564556,-0.287989
-0.20544556,-0.287989
-0.20524556,-0.287989
-0.20504556,-0.223991
-0.20484556,-0.25599
-0.20464556,-0.319988
-0.20444556,-0.25599
-0.20424556,-0.287989
-0.20404556,-0.287989
-0.20384556,-0.25599
-0.20364556,-0.287989
-0.20344556,-0.25599
-0.20324556,-0.25599
-0.20304556,-0.25599
-0.20284556,-0.287989
-0.20264556,-0.223991
-0.20244556,-0.191993
-0.20224556,-0.287989
-0.20204556,-0.25599
-0.20184556,-0.223991
-0.20164556,-0.25599
-0.20144556,-0.191993
-0.20124556,-0.223991
-0.20104556,-0.25599
-0.20084556,-0.223991
-0.20064556,-0.25599
-0.20044556,-0.287989
-0.20024556,-0.191993
-0.20004556,-0.223991
-0.19984556,-0.287989
-0.19964556,-0.223991
-0.19944556,-0.287989
-0.19924556,-0.25599
-0.19904556,-0.25599
-0.19884556,-0.223991
-0.19864556,-0.223991
-0.19844556,-0.25599
-0.19824556,-0.25599
-0.19804556,-0.25599
-0.19784556,-0.25599
-0.19764556,-0.25599
-0.19744556,-0.25599
-0.19724556,-0.191993
-0.19704556,-0.25599
-0.19684556,-0.25599
-0.19664556,-0.223991
-0.19644556,-0.287989
-0.19624556,-0.25599
-0.19604556,-0.191993
-0.19584556,-0.223991
-0.19564556,-0.25599
-0.19544556,-0.223991
-0.19524556,-0.223991
-0.19504556,-0.25599
-0.19484556,-0.223991
-0.19464556,-0.25599
-0.19444556,-0.25599
-0.19424556,-0.223991
-0.19404556,-0.25599
-0.19384556,-0.25599
-0.19364556,-0.191993
-0.19344556,-0.287989
-0.19324556,-0.287989
-0.19304556,-0.25599
-0.19284556,-0.25599
-0.19264556,-0.287989
-0.19244556,-0.223991
-0.19224556,-0.223991
-0.19204556,-0.223991
-0.19184556,-0.191993
-0.19164556,-0.287989
-0.19144556,-0.223991
-0.19124556,-0.25599
-0.19104556,-0.223991
-0.19084556,-0.287989
-0.19064556,-0.191993
-0.19044556,-0.287989
-0.19024556,-0.25599
-0.19004556,-0.25599
-0.18984556,-0.223991
-0.18964556,-0.223991
-0.18944556,-0.223991
-0.18924556,-0.223991
-0.18904556,-0.223991
-0.18884556,-0.223991
-0.18864556,-0.191993
-0.18844556,-0.223991
-0.18824556,-0.223991
-0.18804556,-0.25599
-0.18784556,-0.25599
-0.18764556,-0.191993
-0.18744556,-0.223991
-0.18724556,-0.223991
-0.18704556,-0.25599
-0.18684556,-0.223991
-0.18664556,-0.191993
-0.18644556,-0.191993
-0.18624556,-0.25599
-0.18604556,-0.223991
-0.18584556,-0.191993
-0.18564556,-0.25599
-0.18544556,-0.223991
-0.18524556,-0.191993
-0.18504556,-0.25599
-0.18484556,-0.223991
-0.18464556,-0.159994
-0.18444556,-0.223991
-0.18424556,-0.191993
-0.18404556,-0.159994
-0.18384556,-0.25599
-0.18364556,-0.223991
-0.18344556,-0.191993
-0.18324556,-0.25599
-0.18304556,-0.25599
-0.18284556,-0.191993
-0.18264556,-0.223991
-0.18244556,-0.191993
-0.18224556,-0.223991
-0.18204556,-0.223991
-0.18184556,-0.223991
-0.18164556,-0.191993
-0.18144556,-0.223991
-0.18124556,-0.223991
-0.18104556,-0.191993
-0.18084556,-0.191993
-0.18064556,-0.25599
-0.18044556,-0.223991
-0.18024556,-0.191993
-0.18004556,-0.191993
-0.17984556,-0.191993
-0.17964556,-0.223991
-0.17944556,-0.223991
-0.17924556,-0.223991
-0.17904556,-0.223991
-0.17884556,-0.191993
-0.17864556,-0.223991
-0.17844556,-0.223991
-0.17824556,-0.191993
-0.17804556,-0.159994
-0.17784556,-0.223991
-0.17764556,-0.223991
-0.17744556,-0.191993
-0.17724556,-0.223991
-0.17704556,-0.191993
-0.17684556,-0.191993
-0.17664556,-0.223991
-0.17644556,-0.159994
-0.17624556,-0.159994
-0.17604556,-0.191993
-0.17584556,-0.159994
-0.17564556,-0.223991
-0.17544556,-0.191993
-0.17524556,-0.25599
-0.17504556,-0.127995
-0.17484556,-0.223991
-0.17464556,-0.191993
-0.17444556,-0.191993
-0.17424556,-0.223991
-0.17404556,-0.191993
-0.17384556,-0.191993
-0.17364556,-0.223991
-0.17344556,-0.159994
-0.17324556,-0.191993
-0.17304556,-0.159994
-0.17284556,-0.223991
-0.17264556,-0.223991
-0.17244556,-0.223991
-0.17224556,-0.223991
-0.17204556,-0.191993
-0.17184556,-0.223991
-0.17164556,-0.191993
-0.17144556,-0.191993
-0.17124556,-0.191993
-0.17104556,-0.159994
-0.17084556,-0.159994
-0.17064556,-0.25599
-0.17044556,-0.223991
-0.17024556,-0.159994
-0.17004556,-0.191993
-0.16984556,-0.159994
-0.16964556,-0.159994
-0.16944556,-0.223991
-0.16924556,-0.159994
-0.16904556,-0.159994
-0.16884556,-0.223991
-0.16864556,-0.223991
-0.16844556,-0.127995
-0.16824556,-0.25599
-0.16804556,-0.223991
-0.16784556,-0.191993
-0.16764556,-0.191993
-0.16744556,-0.223991
-0.16724556,-0.223991
-0.16704556,-0.191993
-0.16684556,-0.191993
-0.16664556,-0.223991
-0.16644556,-0.223991
-0.16624556,-0.159994
-0.16604556,-0.191993
-0.16584556,-0.191993
-0.16564556,-0.191993
-0.16544556,-0.159994
-0.16524556,-0.191993
-0.16504556,-0.223991
-0.16484556,-0.159994
-0.16464556,-0.191993
-0.16444556,-0.191993
-0.16424556,-0.159994
-0.16404556,-0.223991
-0.16384556,-0.223991
-0.16364556,-0.159994
-0.16344556,-0.191993
-0.16324556,-0.223991
-0.16304556,-0.127995
-0.16284556,-0.159994
-0.16264556,-0.159994
-0.16244556,-0.127995
-0.16224556,-0.191993
-0.16204556,-0.191993
-0.16184556,-0.191993
-0.16164556,-0.159994
-0.16144556,-0.159994
-0.16124556,-0.159994
-0.16104556,-0.191993
-0.16084556,-0.191993
-0.16064556,-0.223991
-0.16044556,-0.25599
-0.16024556,-0.191993
-0.16004556,-0.159994
-0.15984556,-0.159994
-0.15964556,-0.191993
-0.15944556,-0.191993
-0.15924556,-0.191993
-0.15904556,-0.159994
-0.15884556,-0.191993
-0.15864556,-0.191993
-0.15844556,-0.159994
-0.15824556,-0.159994
-0.15804556,-0.191993
-0.15784556,-0.127995
-0.15764556,-0.223991
-0.15744556,-0.191993
-0.15724556,-0.191993
-0.15704556,-0.159994
-0.15684556,-0.191993
-0.15664556,-0.223991
-0.15644556,-0.159994
-0.15624556,-0.223991
-0.15604556,-0.159994
-0.15584556,-0.159994
-0.15564556,-0.191993
-0.15544556,-0.191993
-0.15524556,-0.159994
-0.15504556,-0.191993
-0.15484556,-0.191993
-0.15464556,-0.191993
-0.15444556,-0.191993
-0.15424556,-0.159994
-0.15404556,-0.159994
-0.15384556,-0.223991
-0.15364556,-0.159994
-0.15344556,-0.159994
-0.15324556,-0.191993
-0.15304556,-0.191993
-0.15284556,-0.127995
-0.15264556,-0.159994
-0.15244556,-0.191993
-0.15224556,-0.159994
-0.15204556,-0.223991
-0.15184556,-0.159994
-0.15164556,-0.127995
-0.15144556,-0.191993
-0.15124556,-0.159994
-0.15104556,-0.127995
-0.15084556,-0.159994
-0.15064556,-0.159994
-0.15044556,-0.159994
-0.15024556,-0.191993
-0.15004556,-0.159994
-0.14984556,-0.159994
-0.14964556,-0.191993
-0.14944556,-0.159994
-0.14924556,-0.159994
-0.14904556,-0.159994
-0.14884556,-0.127995
-0.14864556,-0.127995
-0.14844556,-0.191993
-0.14824556,-0.191993
-0.14804556,-0.127995
-0.14784556,-0.159994
-0.14764556,-0.159994
-0.14744556,-0.159994
-0.14724556,-0.159994
-0.14704556,-0.223991
-0.14684556,-0.159994
-0.14664556,-0.191993
-0.14644556,-0.159994
-0.14624556,-0.159994
-0.14604556,-0.191993
-0.14584556,-0.159994
-0.14564556,-0.127995
-0.14544556,-0.191993
-0.14524556,-0.191993
-0.14504556,-0.191993
-0.14484556,-0.191993
-0.14464556,-0.159994
-0.14444556,-0.159994
-0.14424556,-0.191993
-0.14404556,-0.127995
-0.14384556,-0.191993
-0.14364556,-0.159994
-0.14344556,-0.191993
-0.14324556,-0.191993
-0.14304556,-0.223991
-0.14284556,-0.127995
-0.14264556,-0.159994
-0.14244556,-0.223991
-0.14224556,-0.191993
-0.14204556,-0.159994
-0.14184556,-0.191993
-0.14164556,-0.191993
-0.14144556,-0.159994
-0.14124556,-0.159994
-0.14104556,-0.159994
-0.14084556,-0.159994
-0.14064556,-0.159994
-0.14044556,-0.191993
-0.14024556,-0.127995
-0.14004556,-0.223991
-0.13984556,-0.159994
-0.13964556,-0.0959963
-0.13944556,-0.191993
-0.13924556,-0.127995
-0.13904556,-0.127995
-0.13884556,-0.127995
-0.13864556,-0.127995
-0.13844556,-0.0959963
-0.13824556,-0.191993
-0.13804556,-0.159994
-0.13784556,-0.159994
-0.13764556,-0.159994
-0.13744556,-0.127995
-0.13724556,-0.127995
-0.13704556,-0.127995
-0.13684556,-0.159994
-0.13664556,-0.0959963
-0.13644556,-0.127995
-0.13624556,-0.127995
-0.13604556,-0.0639975
-0.13584556,-0.191993
-0.13564556,-0.0959963
-0.13544556,-0.0959963
-0.13524556,-0.127995
-0.13504556,-0.0959963
-0.13484556,-0.0959963
-0.13464556,-0.159994
-0.13444556,-0.0959963
-0.13424556,-0.0959963
-0.13404556,-0.0959963
-0.13384556,-0.0959963
-0.13364556,-0.0959963
-0.13344556,-0.127995
-0.13324556,-0.0959963
-0.13304556,-0.0959963
-0.13284556,-0.0959963
-0.13264556,-0.0959963
-0.13244556,-0.127995
-0.13224556,-0.0959963
-0.13204556,-0.0959963
-0.13184556,-0.0959963
-0.13164556,-0.0959963
-0.13144556,-0.0959963
-0.13124556,-0.0639975
-0.13104556,-0.0959963
-0.13084556,-0.0959963
-0.13064556,-0.0639975
-0.13044556,-0.127995
-0.13024556,-0.0959963
-0.13004556,-0.0639975
-0.12984556,-0.0959963
-0.12964556,-0.0959963
-0.12944556,-0.0639975
-0.12924556,-0.0959963
-0.12904556,-0.0959963
-0.12884556,-0.0319988
-0.12864556,-0.0639975
-0.12844556,-0.0319988
-0.12824556,-0.0959963
-0.12804556,-0.0959963
-0.12784556,-0.0319988
-0.12764556,-0.0639975
-0.12744556,-0.0959963
-0.12724556,-0.127995
-0.12704556,-0.0319988
-0.12684556,-0.0959963
-0.12664556,-0.0959963
-0.12644556,0
-0.12624556,-0.127995
-0.12604556,-0.0639975
-0.12584556,-0.0639975
-0.12564556,-0.0639975
-0.12544556,-0.0959963
-0.12524556,-0.0639975
-0.12504556,-0.0639975
-0.12484556,-0.0639975
-0.12464556,-0.0639975
-0.12444556,-0.0639975
-0.12424556,-0.0639975
-0.12404556,0
-0.12384556,-0.0639975
-0.12364556,-0.0959963
-0.12344556,-0.0959963
-0.12324556,-0.0639975
-0.12304556,-0.0959963
-0.12284556,-0.0639975
-0.12264556,-0.0639975
-0.12244556,-0.0639975
-0.12224556,-0.0319988
-0.12204556,-0.0959963
-0.12184556,-0.0639975
-0.12164556,-0.0639975
-0.12144556,-0.0959963
-0.12124556,-0.0639975
-0.12104556,0
-0.12084556,-0.0639975
-0.12064556,-0.0319988
-0.12044556,-0.0319988
-0.12024556,-0.0639975
-0.12004556,-0.0319988
-0.11984556,-0.0639975
-0.11964556,-0.0319988
-0.11944556,-0.0319988
-0.11924556,-0.0319988
-0.11904556,-0.0639975
-0.11884556,-0.0319988
-0.11864556,-0.0319988
-0.11844556,-0.0639975
-0.11824556,-0.0319988
-0.11804556,-0.0639975
-0.11784556,-0.0639975
-0.11764556,-0.0319988
-0.11744556,-0.0639975
-0.11724556,-0.0639975
-0.11704556,-0.0959963
-0.11684556,-0.0639975
-0.11664556,-0.0639975
-0.11644556,-0.0319988
-0.11624556,-0.0319988
-0.11604556,-0.0319988
-0.11584556,0
-0.11564556,0
-0.11544556,-0.0319988
-0.11524556,0.0319988
-0.11504556,0
-0.11484556,-0.0639975
-0.11464556,0
-0.11444556,0
-0.11424556,-0.0319988
-0.11404556,0
-0.11384556,0
-0.11364556,-0.0639975
-0.11344556,0.0319988
-0.11324556,0.0319988
-0.11304556,0.0319988
-0.11284556,0.0319988
-0.11264556,0.0319988
-0.11244556,-0.0319988
-0.11224556,0.0319988
-0.11204556,0
-0.11184556,0.0319988
-0.11164556,0
-0.11144556,0
-0.11124556,-0.0319988
-0.11104556,0.0319988
-0.11084556,0.0319988
-0.11064556,0
-0.11044556,0.0319988
-0.11024556,0
-0.11004556,0
-0.10984556,0.0319988
-0.10964556,0.0639975
-0.10944556,0.0319988
-0.10924556,0.0319988
-0.10904556,0.0319988
-0.10884556,0
-0.10864556,0.0319988
-0.10844556,0.0639975
-0.10824556,0
-0.10804556,0
-0.10784556,0.0319988
-0.10764556,0.0319988
-0.10744556,0.0319988
-0.10724556,0
-0.10704556,-0.0319988
-0.10684556,0
-0.10664556,0.0319988
-0.10644556,0
-0.10624556,0.0319988
-0.10604556,0.0319988
-0.10584556,0.0319988
-0.10564556,0.0319988
-0.10544556,0.0319988
-0.10524556,0
-0.10504556,0.0319988
-0.10484556,0.0319988
-0.10464556,0.0319988
-0.10444556,0.0319988
-0.10424556,0.0319988
-0.10404556,0.0639975
-0.10384556,0.0319988
-0.10364556,0.0639975
-0.10344556,0
-0.10324556,0.0319988
-0.10304556,0.0319988
-0.10284556,0.0319988
-0.10264556,0
-0.10244556,0.0639975
-0.10224556,0
-0.10204556,0.0319988
-0.10184556,0.0639975
-0.10164556,0
-0.10144556,0
-0.10124556,0.0319988
-0.10104556,0.0319988
-0.10084556,0
-0.10064556,0.0639975
-0.10044556,0
-0.10024556,0.0639975
-0.10004556,0.0639975
-0.099845557,0.0319988
-0.099645557,0.0319988
-0.099445557,0.0639975
-0.099245557,0
-0.099045557,0.0639975
-0.098845557,0.0319988
-0.098645557,0.0319988
-0.098445557,0.0319988
-0.098245557,0.0319988
-0.098045557,0.0319988
-0.097845557,0.0639975
-0.097645557,0.0319988
-0.097445557,0.0319988
-0.097245557,0.0319988
-0.097045557,0.0319988
-0.096845557,0
-0.096645557,0.0319988
-0.096445557,0.0319988
-0.096245557,0.0319988
-0.096045557,0.0319988
-0.095845557,0
-0.095645557,0.0639975
-0.095445557,0.0319988
-0.095245557,0.0639975
-0.095045557,0.0319988
-0.094845557,0.0319988
-0.094645557,0.0639975
-0.094445557,0.0319988
-0.094245557,0.0319988
-0.094045557,0.0319988
-0.093845557,-0.0319988
-0.093645557,0.0319988
-0.093445557,0.0319988
-0.093245557,0.0319988
-0.093045557,0.0319988
-0.092845557,0.0319988
-0.092645557,0.0639975
-0.092445557,0.0639975
-0.092245557,0.0639975
-0.092045557,0.0639975
-0.091845557,0.0639975
-0.091645557,0.0639975
-0.091445557,0.0639975
-0.091245557,0.0639975
-0.091045557,0.0319988
-0.090845557,0.0319988
-0.090645557,0.0319988
-0.090445557,0.0639975
-0.090245557,0.0319988
-0.090045557,0.0319988
-0.089845557,0.0639975
-0.089645557,0.0319988
-0.089445557,0.0639975
-0.089245557,0.0639975
-0.089045557,0.0639975
-0.088845557,0.0639975
-0.088645557,0.0639975
-0.088445557,0
-0.088245557,0.0639975
-0.088045557,0.0319988
-0.087845557,0.0319988
-0.087645557,0.0639975
-0.087445557,0.0319988
-0.087245557,0.0639975
-0.087045557,0.0639975
-0.086845557,0.0319988
-0.086645557,0.0639975
-0.086445557,0.0319988
-0.086245557,0.0959963
-0.086045557,0.0639975
-0.085845557,0.0639975
-0.085645557,0.0959963
-0.085445557,0.0639975
-0.085245557,0.0639975
-0.085045557,0.0639975
-0.084845557,0.0959963
-0.084645557,0.0959963
-0.084445557,0.0639975
-0.084245557,0.0959963
-0.084045557,0.0639975
-0.083845557,0.127995
-0.083645557,0.0639975
-0.083445557,0.0639975
-0.083245557,0.0639975
-0.083045557,0.0639975
-0.082845557,0.0959963
-0.082645557,0.0639975
-0.082445557,0.0639975
-0.082245557,0.0319988
-0.082045557,0.0639975
-0.081845557,0.0639975
-0.081645557,0.0959963
-0.081445557,0.0639975
-0.081245557,0.0959963
-0.081045557,0.0959963
-0.080845557,0.0959963
-0.080645557,0.0639975
-0.080445557,0.0959963
-0.080245557,0.0959963
-0.080045557,0.127995
-0.079845557,0.0959963
-0.079645557,0.0959963
-0.079445557,0.0959963
-0.079245557,0.0959963
-0.079045557,0.127995
-0.078845557,0.0639975
-0.078645557,0.0959963
-0.078445557,0.0959963
-0.078245557,0.0959963
-0.078045557,0.159994
-0.077845557,0.0959963
-0.077645557,0.127995
-0.077445557,0.0639975
-0.077245557,0.127995
-0.077045557,0.0959963
-0.076845557,0.0959963
-0.076645557,0.127995
-0.076445557,0.0959963
-0.076245557,0.127995
-0.076045557,0.0959963
-0.075845557,0.127995
-0.075645557,0.0959963
-0.075445557,0.0959963
-0.075245557,0.0639975
-0.075045557,0.127995
-0.074845557,0.127995
-0.074645557,0.0959963
-0.074445557,0.127995
-0.074245557,0.127995
-0.074045557,0.0959963
-0.073845557,0.159994
-0.073645557,0.159994
-0.073445557,0.0639975
-0.073245557,0.127995
-0.073045557,0.127995
-0.072845557,0.127995
-0.072645557,0.159994
-0.072445557,0.0959963
-0.072245557,0.159994
-0.072045557,0.127995
-0.071845557,0.127995
-0.071645557,0.159994
-0.071445557,0.159994
-0.071245557,0.0959963
-0.071045557,0.127995
-0.070845557,0.159994
-0.070645557,0.127995
-0.070445557,0.159994
-0.070245557,0.127995
-0.070045557,0.127995
-0.069845557,0.127995
-0.069645557,0.159994
-0.069445557,0.127995
-0.069245557,0.159994
-0.069045557,0.127995
-0.068845557,0.127995
-0.068645557,0.127995
-0.068445557,0.127995
-0.068245557,0.127995
-0.068045557,0.127995
-0.067845557,0.127995
-0.067645557,0.127995
-0.067445557,0.159994
-0.067245557,0.159994
-0.067045557,0.0959963
-0.066845557,0.159994
-0.066645557,0.159994
-0.066445557,0.159994
-0.066245557,0.159994
-0.066045557,0.159994
-0.065845557,0.127995
-0.065645557,0.127995
-0.065445557,0.159994
-0.065245557,0.159994
-0.065045557,0.191993
-0.064845557,0.159994
-0.064645557,0.127995
-0.064445557,0.191993
-0.064245557,0.127995
-0.064045557,0.127995
-0.063845557,0.159994
-0.063645557,0.159994
-0.063445557,0.191993
-0.063245557,0.191993
-0.063045557,0.191993
-0.062845557,0.191993
-0.062645557,0.159994
-0.062445557,0.191993
-0.062245557,0.191993
-0.062045557,0.191993
-0.061845557,0.25599
-0.061645557,0.191993
-0.061445557,0.191993
-0.061245557,0.191993
-0.061045557,0.223991
-0.060845557,0.223991
-0.060645557,0.223991
-0.060445557,0.159994
-0.060245557,0.223991
-0.060045557,0.191993
-0.059845557,0.223991
-0.059645557,0.191993
-0.059445557,0.223991
-0.059245557,0.191993
-0.059045557,0.191993
-0.058845557,0.223991
-0.058645557,0.191993
-0.058445557,0.191993
-0.058245557,0.223991
-0.058045557,0.191993
-0.057845557,0.223991
-0.057645557,0.223991
-0.057445557,0.191993
-0.057245557,0.223991
-0.057045557,0.25599
-0.056845557,0.191993
-0.056645557,0.223991
-0.056445557,0.25599
-0.056245557,0.191993
-0.056045557,0.191993
-0.055845557,0.159994
-0.055645557,0.223991
-0.055445557,0.191993
-0.055245557,0.191993
-0.055045557,0.191993
-0.054845557,0.223991
-0.054645557,0.223991
-0.054445557,0.223991
-0.054245557,0.223991
-0.054045557,0.25599
-0.053845557,0.191993
-0.053645557,0.223991
-0.053445557,0.223991
-0.053245557,0.191993
-0.053045557,0.223991
-0.052845557,0.25599
-0.052645557,0.223991
-0.052445557,0.223991
-0.052245557,0.25599
-0.052045557,0.223991
-0.051845557,0.223991
-0.051645557,0.191993
-0.051445557,0.191993
-0.051245557,0.223991
-0.051045557,0.287989
-0.050845557,0.223991
-0.050645557,0.25599
-0.050445557,0.223991
-0.050245557,0.25599
-0.050045557,0.223991
-0.049845557,0.25599
-0.049645557,0.25599
-0.049445557,0.223991
-0.049245557,0.223991
-0.049045557,0.191993
-0.048845557,0.25599
-0.048645557,0.25599
-0.048445557,0.223991
-0.048245557,0.191993
-0.048045557,0.287989
-0.047845557,0.223991
-0.047645557,0.25599
-0.047445557,0.223991
-0.047245557,0.223991
-0.047045557,0.223991
-0.046845557,0.223991
-0.046645557,0.223991
-0.046445557,0.25599
-0.046245557,0.25599
-0.046045557,0.223991
-0.045845557,0.223991
-0.045645557,0.25599
-0.045445557,0.223991
-0.045245557,0.223991
-0.045045557,0.25599
-0.044845557,0.223991
-0.044645557,0.223991
-0.044445557,0.287989
-0.044245557,0.25599
-0.044045557,0.191993
-0.043845557,0.191993
-0.043645557,0.191993
-0.043445557,0.223991
-0.043245557,0.25599
-0.043045557,0.25599
-0.042845557,0.223991
-0.042645557,0.223991
-0.042445557,0.223991
-0.042245557,0.223991
-0.042045557,0.223991
-0.041845557,0.25599
-0.041645557,0.223991
-0.041445557,0.223991
-0.041245557,0.223991
-0.041045557,0.223991
-0.040845557,0.191993
-0.040645557,0.191993
-0.040445557,0.223991
-0.040245557,0.25599
-0.040045557,0.223991
-0.039845557,0.191993
-0.039645557,0.25599
-0.039445557,0.25599
-0.039245557,0.25599
-0.039045557,0.25599
-0.038845557,0.191993
-0.038645557,0.223991
-0.038445557,0.25599
-0.038245557,0.191993
-0.038045557,0.223991
-0.037845557,0.25599
-0.037645557,0.223991
-0.037445557,0.223991
-0.037245557,0.25599
-0.037045557,0.159994
-0.036845557,0.223991
-0.036645557,0.223991
-0.036445557,0.191993
-0.036245557,0.191993
-0.036045557,0.191993
-0.035845557,0.191993
-0.035645557,0.191993
-0.035445557,0.191993
-0.035245557,0.191993
-0.035045557,0.191993
-0.034845557,0.191993
-0.034645557,0.191993
-0.034445557,0.191993
-0.034245557,0.223991
-0.034045557,0.159994
-0.033845557,0.191993
-0.033645557,0.191993
-0.033445557,0.191993
-0.033245557,0.191993
-0.033045557,0.159994
-0.032845557,0.191993
-0.032645557,0.191993
-0.032445557,0.159994
-0.032245557,0.159994
-0.032045557,0.127995
-0.031845557,0.191993
-0.031645557,0.127995
-0.031445557,0.191993
-0.031245557,0.223991
-0.031045557,0.159994
-0.030845557,0.223991
-0.030645557,0.191993
-0.030445557,0.223991
-0.030245557,0.159994
-0.030045557,0.159994
-0.029845557,0.191993
-0.029645557,0.159994
-0.029445557,0.159994
-0.029245557,0.127995
-0.029045557,0.127995
-0.028845557,0.159994
-0.028645557,0.127995
-0.028445557,0.191993
-0.028245557,0.127995
-0.028045557,0.159994
-0.027845557,0.159994
-0.027645557,0.191993
-0.027445557,0.159994
-0.027245557,0.127995
-0.027045557,0.159994
-0.026845557,0.159994
-0.026645557,0.159994
-0.026445557,0.127995
-0.026245557,0.191993
-0.026045557,0.0959963
-0.025845557,0.127995
-0.025645557,0.159994
-0.025445557,0.127995
-0.025245557,0.127995
-0.025045557,0.0959963
-0.024845557,0.0959963
-0.024645557,0.127995
-0.024445557,0.0959963
-0.024245557,0.0319988
-0.024045557,0.127995
-0.023845557,0.0959963
-0.023645557,0.127995
-0.023445557,0.0959963
-0.023245557,0.127995
-0.023045557,0.0639975
-0.022845557,0.0959963
-0.022645557,0.0959963
-0.022445557,0.0639975
-0.022245557,0.0639975
-0.022045557,0.0959963
-0.021845557,0.0319988
-0.021645557,0.0959963
-0.021445557,0.0959963
-0.021245557,0.0959963
-0.021045557,0.0959963
-0.020845557,0.0319988
-0.020645557,0.0639975
-0.020445557,0.0959963
-0.020245557,0.0319988
-0.020045557,0.0639975
-0.019845557,0.0639975
-0.019645557,0.0319988
-0.019445557,0.0639975
-0.019245557,0.0959963
-0.019045557,0.0639975
-0.018845557,0
-0.018645557,0.0639975
-0.018445557,0.0959963
-0.018245557,0.0639975
-0.018045557,0.0639975
-0.017845557,0.0319988
-0.017645557,0.0319988
-0.017445557,0.0319988
-0.017245557,0.0639975
-0.017045557,0.0959963
-0.016845557,0.0639975
-0.016645557,0.0639975
-0.016445557,0.0319988
-0.016245557,0.0639975
-0.016045557,0.0319988
-0.015845557,0.0639975
-0.015645557,0.0319988
-0.015445557,0.0319988
-0.015245557,0
-0.015045557,0.0639975
-0.014845557,0.0639975
-0.014645557,0.0639975
-0.014445557,0.0639975
-0.014245557,0.0319988
-0.014045557,0.0319988
-0.013845557,0
-0.013645557,0
-0.013445557,0
-0.013245557,0.0639975
-0.013045557,0.0319988
-0.012845557,0.0319988
-0.012645557,0
-0.012445557,0.0319988
-0.012245557,0
-0.012045557,-0.0319988
-0.011845557,0
-0.011645557,-0.0319988
-0.011445557,0
-0.011245557,0.0319988
-0.011045557,0
-0.010845557,0.0319988
-0.010645557,0.0319988
-0.010445557,-0.0639975
-0.010245557,-0.0319988
-0.010045557,0
-0.0098455573,-0.0319988
-0.0096455573,0
-0.0094455573,0
-0.0092455573,0
-0.0090455573,-0.0319988
-0.0088455573,0
-0.0086455573,-0.0639975
-0.0084455573,0
-0.0082455573,0
-0.0080455573,-0.0639975
-0.0078455573,-0.0319988
-0.0076455573,-0.0639975
-0.0074455573,-0.0639975
-0.0072455573,-0.0319988
-0.0070455573,-0.0319988
-0.0068455573,-0.0959963
-0.0066455573,-0.0959963
-0.0064455573,-0.0319988
-0.0062455573,-0.0319988
-0.0060455573,-0.0639975
-0.0058455573,-0.0319988
-0.0056455573,-0.0959963
-0.0054455573,-0.0319988
-0.0052455573,-0.0639975
-0.0050455573,-0.0959963
-0.0048455573,-0.0639975
-0.0046455573,-0.0639975
-0.0044455573,-0.0959963
-0.0042455573,-0.0639975
-0.0040455573,-0.0639975
-0.0038455573,-0.0639975
-0.0036455573,-0.0639975
-0.0034455573,-0.0319988
-0.0032455573,-0.0959963
-0.0030455573,-0.0959963
-0.0028455573,-0.0639975
-0.0026455573,-0.0959963
-0.0024455573,-0.0959963
-0.0022455573,-0.0639975
-0.0020455573,-0.0959963
-0.0018455573,-0.0959963
-0.0016455573,-0.0639975
-0.0014455573,-0.127995
-0.0012455573,-0.0639975
-0.0010455573,-0.0959963
-0.00084555731,-0.0959963
-0.00064555731,-0.0959963
-0.00044555731,-0.0959963
-0.00024555731,-0.0959963
-4.5557314e-005,-0.0959963
0.00015444269,-0.0959963
