LECROYWS42Xs,24809,Waveform
Segments,1,SegmentSize,10002
Segment,TrigTime,TimeSinceSegment1
#1,19-Feb-2003 06:35:34,0                 
Time,Ampl
-2.000035,0.0959963
-1.999835,0.0639975
-1.999635,0.0959963
-1.999435,0.0959963
-1.999235,0.0639975
-1.999035,0.127995
-1.998835,0.127995
-1.998635,0.0959963
-1.998435,0.0959963
-1.998235,0.127995
-1.998035,0.127995
-1.997835,0.0959963
-1.997635,0.127995
-1.997435,0.127995
-1.997235,0.127995
-1.997035,0.127995
-1.996835,0.127995
-1.996635,0.127995
-1.996435,0.159994
-1.996235,0.127995
-1.996035,0.0959963
-1.995835,0.127995
-1.995635,0.159994
-1.995435,0.127995
-1.995235,0.127995
-1.995035,0.127995
-1.994835,0.127995
-1.994635,0.127995
-1.994435,0.127995
-1.994235,0.127995
-1.994035,0.127995
-1.993835,0.127995
-1.993635,0.127995
-1.993435,0.0959963
-1.993235,0.127995
-1.993035,0.159994
-1.992835,0.127995
-1.992635,0.159994
-1.992435,0.0959963
-1.992235,0.159994
-1.992035,0.159994
-1.991835,0.159994
-1.991635,0.159994
-1.991435,0.159994
-1.991235,0.159994
-1.991035,0.191993
-1.990835,0.159994
-1.990635,0.159994
-1.990435,0.159994
-1.990235,0.159994
-1.990035,0.191993
-1.989835,0.191993
-1.989635,0.191993
-1.989435,0.191993
-1.989235,0.191993
-1.989035,0.191993
-1.988835,0.191993
-1.988635,0.223991
-1.988435,0.191993
-1.988235,0.191993
-1.988035,0.223991
-1.987835,0.191993
-1.987635,0.159994
-1.987435,0.191993
-1.987235,0.191993
-1.987035,0.159994
-1.986835,0.159994
-1.986635,0.159994
-1.986435,0.191993
-1.986235,0.191993
-1.986035,0.159994
-1.985835,0.159994
-1.985635,0.191993
-1.985435,0.159994
-1.985235,0.191993
-1.985035,0.191993
-1.984835,0.127995
-1.984635,0.159994
-1.984435,0.159994
-1.984235,0.159994
-1.984035,0.159994
-1.983835,0.159994
-1.983635,0.191993
-1.983435,0.191993
-1.983235,0.191993
-1.983035,0.159994
-1.982835,0.159994
-1.982635,0.223991
-1.982435,0.127995
-1.982235,0.159994
-1.982035,0.159994
-1.981835,0.191993
-1.981635,0.159994
-1.981435,0.191993
-1.981235,0.159994
-1.981035,0.159994
-1.980835,0.191993
-1.980635,0.159994
-1.980435,0.159994
-1.980235,0.191993
-1.980035,0.159994
-1.979835,0.127995
-1.979635,0.159994
-1.979435,0.159994
-1.979235,0.159994
-1.979035,0.159994
-1.978835,0.159994
-1.978635,0.159994
-1.978435,0.191993
-1.978235,0.159994
-1.978035,0.223991
-1.977835,0.191993
-1.977635,0.159994
-1.977435,0.159994
-1.977235,0.191993
-1.977035,0.159994
-1.976835,0.127995
-1.976635,0.191993
-1.976435,0.159994
-1.976235,0.191993
-1.976035,0.159994
-1.975835,0.127995
-1.975635,0.127995
-1.975435,0.127995
-1.975235,0.159994
-1.975035,0.127995
-1.974835,0.159994
-1.974635,0.159994
-1.974435,0.127995
-1.974235,0.159994
-1.974035,0.127995
-1.973835,0.159994
-1.973635,0.159994
-1.973435,0.191993
-1.973235,0.127995
-1.973035,0.159994
-1.972835,0.127995
-1.972635,0.159994
-1.972435,0.191993
-1.972235,0.159994
-1.972035,0.127995
-1.971835,0.127995
-1.971635,0.159994
-1.971435,0.159994
-1.971235,0.159994
-1.971035,0.127995
-1.970835,0.127995
-1.970635,0.159994
-1.970435,0.191993
-1.970235,0.127995
-1.970035,0.127995
-1.969835,0.127995
-1.969635,0.159994
-1.969435,0.159994
-1.969235,0.127995
-1.969035,0.191993
-1.968835,0.159994
-1.968635,0.127995
-1.968435,0.159994
-1.968235,0.159994
-1.968035,0.127995
-1.967835,0.127995
-1.967635,0.159994
-1.967435,0.159994
-1.967235,0.159994
-1.967035,0.159994
-1.966835,0.127995
-1.966635,0.159994
-1.966435,0.159994
-1.966235,0.127995
-1.966035,0.127995
-1.965835,0.159994
-1.965635,0.159994
-1.965435,0.0959963
-1.965235,0.159994
-1.965035,0.159994
-1.964835,0.127995
-1.964635,0.127995
-1.964435,0.127995
-1.964235,0.127995
-1.964035,0.127995
-1.963835,0.127995
-1.963635,0.159994
-1.963435,0.127995
-1.963235,0.127995
-1.963035,0.127995
-1.962835,0.159994
-1.962635,0.127995
-1.962435,0.159994
-1.962235,0.127995
-1.962035,0.159994
-1.961835,0.159994
-1.961635,0.191993
-1.961435,0.0959963
-1.961235,0.127995
-1.961035,0.127995
-1.960835,0.159994
-1.960635,0.127995
-1.960435,0.159994
-1.960235,0.127995
-1.960035,0.0959963
-1.959835,0.0959963
-1.959635,0.0959963
-1.959435,0.127995
-1.959235,0.127995
-1.959035,0.159994
-1.958835,0.127995
-1.958635,0.159994
-1.958435,0.127995
-1.958235,0.127995
-1.958035,0.127995
-1.957835,0.127995
-1.957635,0.0959963
-1.957435,0.127995
-1.957235,0.0959963
-1.957035,0.0959963
-1.956835,0.159994
-1.956635,0.0959963
-1.956435,0.127995
-1.956235,0.127995
-1.956035,0.0959963
-1.955835,0.127995
-1.955635,0.127995
-1.955435,0.127995
-1.955235,0.127995
-1.955035,0.159994
-1.954835,0.0639975
-1.954635,0.0959963
-1.954435,0.127995
-1.954235,0.127995
-1.954035,0.0959963
-1.953835,0.127995
-1.953635,0.127995
-1.953435,0.127995
-1.953235,0.127995
-1.953035,0.127995
-1.952835,0.0959963
-1.952635,0.159994
-1.952435,0.127995
-1.952235,0.0959963
-1.952035,0.159994
-1.951835,0.0959963
-1.951635,0.0959963
-1.951435,0.127995
-1.951235,0.0959963
-1.951035,0.127995
-1.950835,0.0959963
-1.950635,0.0959963
-1.950435,0.127995
-1.950235,0.0959963
-1.950035,0.0959963
-1.949835,0.127995
-1.949635,0.127995
-1.949435,0.0959963
-1.949235,0.0959963
-1.949035,0.0959963
-1.948835,0.127995
-1.948635,0.0959963
-1.948435,0.127995
-1.948235,0.127995
-1.948035,0.0639975
-1.947835,0.127995
-1.947635,0.0959963
-1.947435,0.127995
-1.947235,0.0959963
-1.947035,0.127995
-1.946835,0.127995
-1.946635,0.127995
-1.946435,0.0959963
-1.946235,0.127995
-1.946035,0.127995
-1.945835,0.0959963
-1.945635,0.0959963
-1.945435,0.127995
-1.945235,0.0959963
-1.945035,0.0639975
-1.944835,0.127995
-1.944635,0.127995
-1.944435,0.0959963
-1.944235,0.127995
-1.944035,0.0959963
-1.943835,0.127995
-1.943635,0.0959963
-1.943435,0.0959963
-1.943235,0.0959963
-1.943035,0.0959963
-1.942835,0.0959963
-1.942635,0.127995
-1.942435,0.0959963
-1.942235,0.0959963
-1.942035,0.0959963
-1.941835,0.0959963
-1.941635,0.0959963
-1.941435,0.0959963
-1.941235,0.0959963
-1.941035,0.0959963
-1.940835,0.0959963
-1.940635,0.0959963
-1.940435,0.0639975
-1.940235,0.0959963
-1.940035,0.0959963
-1.939835,0.0959963
-1.939635,0.159994
-1.939435,0.0959963
-1.939235,0.0639975
-1.939035,0.127995
-1.938835,0.127995
-1.938635,0.0639975
-1.938435,0.0959963
-1.938235,0.0959963
-1.938035,0.0959963
-1.937835,0.0639975
-1.937635,0.127995
-1.937435,0.0959963
-1.937235,0.0959963
-1.937035,0.0959963
-1.936835,0.0959963
-1.936635,0.0639975
-1.936435,0.0639975
-1.936235,0.0959963
-1.936035,0.0319988
-1.935835,0.0639975
-1.935635,0.0959963
-1.935435,0.0639975
-1.935235,0.0639975
-1.935035,0.0639975
-1.934835,0.0959963
-1.934635,0.0639975
-1.934435,0.0639975
-1.934235,0.0959963
-1.934035,0.0639975
-1.933835,0.0639975
-1.933635,0.0319988
-1.933435,0.0319988
-1.933235,0.0639975
-1.933035,0.0319988
-1.932835,0.0959963
-1.932635,0.127995
-1.932435,0.0639975
-1.932235,0.0319988
-1.932035,0.0639975
-1.931835,0.0319988
-1.931635,0.0639975
-1.931435,0.0639975
-1.931235,0.0319988
-1.931035,0.0639975
-1.930835,0.0639975
-1.930635,0.0319988
-1.930435,0.0319988
-1.930235,0.0639975
-1.930035,0.0319988
-1.929835,0
-1.929635,0.0319988
-1.929435,0.0319988
-1.929235,0.0319988
-1.929035,0.0319988
-1.928835,0
-1.928635,0.0319988
-1.928435,0.0639975
-1.928235,0.0319988
-1.928035,0.0319988
-1.927835,0.0319988
-1.927635,0
-1.927435,0.0319988
-1.927235,0.0319988
-1.927035,0
-1.926835,0.0639975
-1.926635,0.0639975
-1.926435,0
-1.926235,0.0319988
-1.926035,0.0319988
-1.925835,0.0319988
-1.925635,0.0639975
-1.925435,0
-1.925235,0
-1.925035,0
-1.924835,0.0319988
-1.924635,0
-1.924435,0
-1.924235,0
-1.924035,0
-1.923835,0
-1.923635,0.0319988
-1.923435,0
-1.923235,0
-1.923035,0.0319988
-1.922835,0
-1.922635,-0.0319988
-1.922435,0
-1.922235,0
-1.922035,0
-1.921835,0
-1.921635,-0.0319988
-1.921435,0
-1.921235,0
-1.921035,-0.0319988
-1.920835,0
-1.920635,-0.0319988
-1.920435,-0.0319988
-1.920235,0
-1.920035,0
-1.919835,-0.0319988
-1.919635,0.0319988
-1.919435,0
-1.919235,0
-1.919035,0.0319988
-1.918835,0
-1.918635,-0.0319988
-1.918435,-0.0319988
-1.918235,0
-1.918035,0
-1.917835,0
-1.917635,-0.0319988
-1.917435,-0.0319988
-1.917235,0
-1.917035,0
-1.916835,-0.0319988
-1.916635,0.0319988
-1.916435,0.0319988
-1.916235,-0.0319988
-1.916035,-0.0319988
-1.915835,0
-1.915635,-0.0639975
-1.915435,-0.0319988
-1.915235,0.0319988
-1.915035,0
-1.914835,0
-1.914635,-0.0319988
-1.914435,0
-1.914235,0
-1.914035,0
-1.913835,-0.0639975
-1.913635,0
-1.913435,0.0319988
-1.913235,-0.0319988
-1.913035,0
-1.912835,0
-1.912635,-0.0319988
-1.912435,-0.0319988
-1.912235,0.0319988
-1.912035,0
-1.911835,0.0319988
-1.911635,0
-1.911435,0
-1.911235,-0.0319988
-1.911035,0.0319988
-1.910835,-0.0319988
-1.910635,-0.0319988
-1.910435,0
-1.910235,-0.0319988
-1.910035,0
-1.909835,0
-1.909635,-0.0319988
-1.909435,-0.0319988
-1.909235,0
-1.909035,-0.0639975
-1.908835,0
-1.908635,-0.0319988
-1.908435,-0.0319988
-1.908235,-0.0319988
-1.908035,0
-1.907835,-0.0319988
-1.907635,-0.0319988
-1.907435,-0.0319988
-1.907235,-0.0639975
-1.907035,-0.0639975
-1.906835,-0.0319988
-1.906635,0
-1.906435,0
-1.906235,0.0319988
-1.906035,-0.0319988
-1.905835,-0.0639975
-1.905635,0
-1.905435,0
-1.905235,-0.0319988
-1.905035,0
-1.904835,0
-1.904635,0
-1.904435,0.0319988
-1.904235,-0.0639975
-1.904035,0
-1.903835,0.0319988
-1.903635,-0.0319988
-1.903435,-0.0319988
-1.903235,0
-1.903035,-0.0319988
-1.902835,0
-1.902635,-0.0319988
-1.902435,-0.0319988
-1.902235,0
-1.902035,-0.0319988
-1.901835,0
-1.901635,0
-1.901435,0.0319988
-1.901235,-0.0319988
-1.901035,-0.0319988
-1.900835,0
-1.900635,0
-1.900435,0.0319988
-1.900235,0
-1.900035,-0.0319988
-1.899835,-0.0319988
-1.899635,0.0319988
-1.899435,0.0319988
-1.899235,0.0319988
-1.899035,0.0319988
-1.898835,-0.0319988
-1.898635,0.0319988
-1.898435,0
-1.898235,0
-1.898035,0.0319988
-1.897835,0
-1.897635,0
-1.897435,0.0639975
-1.897235,0.0639975
-1.897035,0.0319988
-1.896835,0.0319988
-1.896635,0.0319988
-1.896435,0.0639975
-1.896235,0.0319988
-1.896035,0.0319988
-1.895835,0
-1.895635,0.0319988
-1.895435,0.0319988
-1.895235,0
-1.895035,0.0639975
-1.894835,0.0639975
-1.894635,0.0319988
-1.894435,0.0639975
-1.894235,0.0639975
-1.894035,0.0639975
-1.893835,0.0639975
-1.893635,0.0639975
-1.893435,0.0319988
-1.893235,0.0639975
-1.893035,0.0639975
-1.892835,0
-1.892635,0.0319988
-1.892435,0.0639975
-1.892235,0.0959963
-1.892035,0.0639975
-1.891835,0.0959963
-1.891635,0.0959963
-1.891435,0.0959963
-1.891235,0.0639975
-1.891035,0.0639975
-1.890835,0.0959963
-1.890635,0.0639975
-1.890435,0.0959963
-1.890235,0.0639975
-1.890035,0.0959963
-1.889835,0.0959963
-1.889635,0.0959963
-1.889435,0.0959963
-1.889235,0.0959963
-1.889035,0.0959963
-1.888835,0.0959963
-1.888635,0.0959963
-1.888435,0.0959963
-1.888235,0.0959963
-1.888035,0.0639975
-1.887835,0.0959963
-1.887635,0.0959963
-1.887435,0.0959963
-1.887235,0.127995
-1.887035,0.0959963
-1.886835,0.127995
-1.886635,0.127995
-1.886435,0.0959963
-1.886235,0.0959963
-1.886035,0.0959963
-1.885835,0.127995
-1.885635,0.127995
-1.885435,0.127995
-1.885235,0.0959963
-1.885035,0.0959963
-1.884835,0.127995
-1.884635,0.0959963
-1.884435,0.127995
-1.884235,0.127995
-1.884035,0.0959963
-1.883835,0.127995
-1.883635,0.127995
-1.883435,0.0959963
-1.883235,0.127995
-1.883035,0.127995
-1.882835,0.127995
-1.882635,0.159994
-1.882435,0.0959963
-1.882235,0.127995
-1.882035,0.127995
-1.881835,0.127995
-1.881635,0.159994
-1.881435,0.127995
-1.881235,0.127995
-1.881035,0.127995
-1.880835,0.0959963
-1.880635,0.127995
-1.880435,0.0959963
-1.880235,0.159994
-1.880035,0.159994
-1.879835,0.159994
-1.879635,0.191993
-1.879435,0.127995
-1.879235,0.127995
-1.879035,0.159994
-1.878835,0.127995
-1.878635,0.159994
-1.878435,0.159994
-1.878235,0.159994
-1.878035,0.159994
-1.877835,0.127995
-1.877635,0.159994
-1.877435,0.127995
-1.877235,0.191993
-1.877035,0.191993
-1.876835,0.159994
-1.876635,0.159994
-1.876435,0.159994
-1.876235,0.159994
-1.876035,0.159994
-1.875835,0.159994
-1.875635,0.159994
-1.875435,0.191993
-1.875235,0.191993
-1.875035,0.127995
-1.874835,0.159994
-1.874635,0.191993
-1.874435,0.127995
-1.874235,0.159994
-1.874035,0.191993
-1.873835,0.191993
-1.873635,0.127995
-1.873435,0.127995
-1.873235,0.159994
-1.873035,0.127995
-1.872835,0.191993
-1.872635,0.159994
-1.872435,0.191993
-1.872235,0.159994
-1.872035,0.127995
-1.871835,0.191993
-1.871635,0.191993
-1.871435,0.159994
-1.871235,0.191993
-1.871035,0.191993
-1.870835,0.127995
-1.870635,0.159994
-1.870435,0.191993
-1.870235,0.191993
-1.870035,0.191993
-1.869835,0.159994
-1.869635,0.191993
-1.869435,0.159994
-1.869235,0.191993
-1.869035,0.159994
-1.868835,0.159994
-1.868635,0.191993
-1.868435,0.191993
-1.868235,0.191993
-1.868035,0.191993
-1.867835,0.191993
-1.867635,0.127995
-1.867435,0.191993
-1.867235,0.191993
-1.867035,0.223991
-1.866835,0.223991
-1.866635,0.191993
-1.866435,0.191993
-1.866235,0.191993
-1.866035,0.159994
-1.865835,0.223991
-1.865635,0.159994
-1.865435,0.191993
-1.865235,0.159994
-1.865035,0.191993
-1.864835,0.159994
-1.864635,0.191993
-1.864435,0.223991
-1.864235,0.191993
-1.864035,0.223991
-1.863835,0.191993
-1.863635,0.191993
-1.863435,0.25599
-1.863235,0.223991
-1.863035,0.191993
-1.862835,0.25599
-1.862635,0.223991
-1.862435,0.223991
-1.862235,0.223991
-1.862035,0.25599
-1.861835,0.191993
-1.861635,0.191993
-1.861435,0.223991
-1.861235,0.191993
-1.861035,0.223991
-1.860835,0.25599
-1.860635,0.25599
-1.860435,0.223991
-1.860235,0.223991
-1.860035,0.223991
-1.859835,0.223991
-1.859635,0.287989
-1.859435,0.223991
-1.859235,0.223991
-1.859035,0.25599
-1.858835,0.223991
-1.858635,0.25599
-1.858435,0.223991
-1.858235,0.223991
-1.858035,0.287989
-1.857835,0.25599
-1.857635,0.25599
-1.857435,0.223991
-1.857235,0.287989
-1.857035,0.25599
-1.856835,0.25599
-1.856635,0.25599
-1.856435,0.25599
-1.856235,0.25599
-1.856035,0.25599
-1.855835,0.25599
-1.855635,0.25599
-1.855435,0.25599
-1.855235,0.25599
-1.855035,0.287989
-1.854835,0.287989
-1.854635,0.287989
-1.854435,0.287989
-1.854235,0.287989
-1.854035,0.287989
-1.853835,0.287989
-1.853635,0.287989
-1.853435,0.25599
-1.853235,0.25599
-1.853035,0.319988
-1.852835,0.223991
-1.852635,0.319988
-1.852435,0.319988
-1.852235,0.287989
-1.852035,0.287989
-1.851835,0.25599
-1.851635,0.287989
-1.851435,0.25599
-1.851235,0.287989
-1.851035,0.287989
-1.850835,0.25599
-1.850635,0.319988
-1.850435,0.287989
-1.850235,0.319988
-1.850035,0.319988
-1.849835,0.25599
-1.849635,0.25599
-1.849435,0.25599
-1.849235,0.319988
-1.849035,0.287989
-1.848835,0.319988
-1.848635,0.287989
-1.848435,0.287989
-1.848235,0.319988
-1.848035,0.25599
-1.847835,0.25599
-1.847635,0.287989
-1.847435,0.25599
-1.847235,0.287989
-1.847035,0.25599
-1.846835,0.287989
-1.846635,0.287989
-1.846435,0.287989
-1.846235,0.287989
-1.846035,0.287989
-1.845835,0.319988
-1.845635,0.287989
-1.845435,0.287989
-1.845235,0.319988
-1.845035,0.25599
-1.844835,0.25599
-1.844635,0.319988
-1.844435,0.287989
-1.844235,0.287989
-1.844035,0.351986
-1.843835,0.25599
-1.843635,0.287989
-1.843435,0.319988
-1.843235,0.287989
-1.843035,0.287989
-1.842835,0.287989
-1.842635,0.287989
-1.842435,0.25599
-1.842235,0.319988
-1.842035,0.287989
-1.841835,0.287989
-1.841635,0.25599
-1.841435,0.287989
-1.841235,0.25599
-1.841035,0.287989
-1.840835,0.25599
-1.840635,0.287989
-1.840435,0.287989
-1.840235,0.319988
-1.840035,0.25599
-1.839835,0.319988
-1.839635,0.287989
-1.839435,0.287989
-1.839235,0.319988
-1.839035,0.25599
-1.838835,0.287989
-1.838635,0.25599
-1.838435,0.287989
-1.838235,0.25599
-1.838035,0.319988
-1.837835,0.287989
-1.837635,0.25599
-1.837435,0.287989
-1.837235,0.25599
-1.837035,0.25599
-1.836835,0.287989
-1.836635,0.25599
-1.836435,0.25599
-1.836235,0.25599
-1.836035,0.25599
-1.835835,0.25599
-1.835635,0.287989
-1.835435,0.25599
-1.835235,0.25599
-1.835035,0.223991
-1.834835,0.287989
-1.834635,0.25599
-1.834435,0.25599
-1.834235,0.223991
-1.834035,0.25599
-1.833835,0.223991
-1.833635,0.191993
-1.833435,0.25599
-1.833235,0.25599
-1.833035,0.25599
-1.832835,0.191993
-1.832635,0.25599
-1.832435,0.191993
-1.832235,0.223991
-1.832035,0.25599
-1.831835,0.223991
-1.831635,0.191993
-1.831435,0.223991
-1.831235,0.223991
-1.831035,0.191993
-1.830835,0.25599
-1.830635,0.223991
-1.830435,0.223991
-1.830235,0.223991
-1.830035,0.25599
-1.829835,0.191993
-1.829635,0.223991
-1.829435,0.191993
-1.829235,0.191993
-1.829035,0.191993
-1.828835,0.159994
-1.828635,0.159994
-1.828435,0.191993
-1.828235,0.223991
-1.828035,0.223991
-1.827835,0.191993
-1.827635,0.191993
-1.827435,0.159994
-1.827235,0.223991
-1.827035,0.159994
-1.826835,0.159994
-1.826635,0.191993
-1.826435,0.191993
-1.826235,0.191993
-1.826035,0.223991
-1.825835,0.191993
-1.825635,0.159994
-1.825435,0.191993
-1.825235,0.159994
-1.825035,0.223991
-1.824835,0.191993
-1.824635,0.159994
-1.824435,0.191993
-1.824235,0.223991
-1.824035,0.159994
-1.823835,0.159994
-1.823635,0.127995
-1.823435,0.159994
-1.823235,0.159994
-1.823035,0.127995
-1.822835,0.159994
-1.822635,0.127995
-1.822435,0.191993
-1.822235,0.159994
-1.822035,0.191993
-1.821835,0.159994
-1.821635,0.127995
-1.821435,0.191993
-1.821235,0.159994
-1.821035,0.127995
-1.820835,0.191993
-1.820635,0.159994
-1.820435,0.159994
-1.820235,0.127995
-1.820035,0.159994
-1.819835,0.159994
-1.819635,0.159994
-1.819435,0.159994
-1.819235,0.159994
-1.819035,0.127995
-1.818835,0.159994
-1.818635,0.159994
-1.818435,0.159994
-1.818235,0.159994
-1.818035,0.159994
-1.817835,0.159994
-1.817635,0.191993
-1.817435,0.127995
-1.817235,0.159994
-1.817035,0.159994
-1.816835,0.159994
-1.816635,0.0959963
-1.816435,0.223991
-1.816235,0.159994
-1.816035,0.191993
-1.815835,0.127995
-1.815635,0.159994
-1.815435,0.159994
-1.815235,0.127995
-1.815035,0.127995
-1.814835,0.159994
-1.814635,0.127995
-1.814435,0.127995
-1.814235,0.0959963
-1.814035,0.127995
-1.813835,0.127995
-1.813635,0.0959963
-1.813435,0.127995
-1.813235,0.127995
-1.813035,0.0959963
-1.812835,0.127995
-1.812635,0.127995
-1.812435,0.127995
-1.812235,0.127995
-1.812035,0.0959963
-1.811835,0.0959963
-1.811635,0.127995
-1.811435,0.0959963
-1.811235,0.0639975
-1.811035,0.0959963
-1.810835,0.0959963
-1.810635,0.0959963
-1.810435,0.127995
-1.810235,0.0959963
-1.810035,0.0959963
-1.809835,0.127995
-1.809635,0.0959963
-1.809435,0.0639975
-1.809235,0.0959963
-1.809035,0.0959963
-1.808835,0.0959963
-1.808635,0.0959963
-1.808435,0.0639975
-1.808235,0.0319988
-1.808035,0.0959963
-1.807835,0.0959963
-1.807635,0.0959963
-1.807435,0.0639975
-1.807235,0.0639975
-1.807035,0
-1.806835,0.0959963
-1.806635,0.0959963
-1.806435,0.0639975
-1.806235,0.0639975
-1.806035,0.0639975
-1.805835,0.0639975
-1.805635,0.0639975
-1.805435,0.0959963
-1.805235,0.0319988
-1.805035,0.0639975
-1.804835,0.0639975
-1.804635,0.0639975
-1.804435,0.0639975
-1.804235,0.0319988
-1.804035,0.0319988
-1.803835,0
-1.803635,0.0319988
-1.803435,0.0319988
-1.803235,0.0639975
-1.803035,0.0319988
-1.802835,0.0319988
-1.802635,0.0639975
-1.802435,0.0959963
-1.802235,0.0319988
-1.802035,0.0319988
-1.801835,0.0639975
-1.801635,0.0639975
-1.801435,0.0639975
-1.801235,0.0639975
-1.801035,0.0319988
-1.800835,0.0639975
-1.800635,0.0639975
-1.800435,-0.0319988
-1.800235,0.0319988
-1.800035,0.0639975
-1.799835,-0.0319988
-1.799635,0.0319988
-1.799435,0.0319988
-1.799235,0.0639975
-1.799035,0.0319988
-1.798835,0.0639975
-1.798635,0
-1.798435,0.0319988
-1.798235,0.0639975
-1.798035,0.0319988
-1.797835,0.0319988
-1.797635,0.0639975
-1.797435,0
-1.797235,0.0319988
-1.797035,0
-1.796835,-0.0319988
-1.796635,0.0319988
-1.796435,-0.0319988
-1.796235,0
-1.796035,0.0319988
-1.795835,0.0319988
-1.795635,0
-1.795435,0.0319988
-1.795235,0.0319988
-1.795035,-0.0319988
-1.794835,0
-1.794635,0
-1.794435,-0.0319988
-1.794235,0
-1.794035,0
-1.793835,-0.0319988
-1.793635,0
-1.793435,0
-1.793235,-0.0319988
-1.793035,0
-1.792835,0.0319988
-1.792635,0
-1.792435,0.0319988
-1.792235,0
-1.792035,-0.0319988
-1.791835,0.0319988
-1.791635,0
-1.791435,0
-1.791235,0
-1.791035,0
-1.790835,-0.0319988
-1.790635,0
-1.790435,0
-1.790235,0
-1.790035,-0.0639975
-1.789835,0
-1.789635,-0.0319988
-1.789435,-0.0319988
-1.789235,0
-1.789035,0
-1.788835,-0.0319988
-1.788635,-0.0319988
-1.788435,-0.0319988
-1.788235,0
-1.788035,-0.0319988
-1.787835,-0.0639975
-1.787635,0
-1.787435,0
-1.787235,-0.0319988
-1.787035,-0.0639975
-1.786835,0
-1.786635,-0.0639975
-1.786435,-0.0639975
-1.786235,0
-1.786035,-0.0959963
-1.785835,-0.0639975
-1.785635,-0.0319988
-1.785435,-0.0639975
-1.785235,-0.0319988
-1.785035,-0.0639975
-1.784835,-0.0639975
-1.784635,-0.0959963
-1.784435,-0.0639975
-1.784235,-0.0959963
-1.784035,-0.0319988
-1.783835,-0.0639975
-1.783635,-0.0959963
-1.783435,-0.0639975
-1.783235,-0.0639975
-1.783035,-0.0639975
-1.782835,-0.0959963
-1.782635,-0.0639975
-1.782435,-0.0639975
-1.782235,-0.0639975
-1.782035,-0.0319988
-1.781835,-0.0639975
-1.781635,-0.0959963
-1.781435,-0.0639975
-1.781235,-0.0959963
-1.781035,-0.127995
-1.780835,-0.0639975
-1.780635,-0.0959963
-1.780435,-0.0959963
-1.780235,-0.0959963
-1.780035,-0.0959963
-1.779835,-0.0639975
-1.779635,-0.0639975
-1.779435,-0.0959963
-1.779235,-0.0639975
-1.779035,-0.0319988
-1.778835,-0.0959963
-1.778635,-0.0639975
-1.778435,-0.0639975
-1.778235,-0.0959963
-1.778035,-0.0639975
-1.777835,-0.0639975
-1.777635,-0.0959963
-1.777435,-0.0639975
-1.777235,-0.0639975
-1.777035,-0.0959963
-1.776835,-0.0639975
-1.776635,-0.0959963
-1.776435,-0.0959963
-1.776235,-0.0959963
-1.776035,0
-1.775835,-0.0959963
-1.775635,-0.0959963
-1.775435,-0.0319988
-1.775235,-0.127995
-1.775035,-0.0959963
-1.774835,-0.0959963
-1.774635,-0.0959963
-1.774435,-0.0959963
-1.774235,-0.0959963
-1.774035,-0.0959963
-1.773835,-0.0959963
-1.773635,-0.0639975
-1.773435,-0.0959963
-1.773235,-0.0639975
-1.773035,-0.0639975
-1.772835,-0.0959963
-1.772635,-0.0639975
-1.772435,-0.0959963
-1.772235,-0.0959963
-1.772035,-0.127995
-1.771835,-0.0959963
-1.771635,-0.127995
-1.771435,-0.0639975
-1.771235,-0.0959963
-1.771035,-0.159994
-1.770835,-0.0959963
-1.770635,-0.0959963
-1.770435,-0.127995
-1.770235,-0.127995
-1.770035,-0.0639975
-1.769835,-0.0959963
-1.769635,-0.0959963
-1.769435,-0.0959963
-1.769235,-0.127995
-1.769035,-0.0959963
-1.768835,-0.0959963
-1.768635,-0.0959963
-1.768435,-0.127995
-1.768235,-0.0959963
-1.768035,-0.127995
-1.767835,-0.0639975
-1.767635,-0.0959963
-1.767435,-0.127995
-1.767235,-0.0959963
-1.767035,-0.0959963
-1.766835,-0.0959963
-1.766635,-0.0639975
-1.766435,-0.0639975
-1.766235,-0.159994
-1.766035,-0.0959963
-1.765835,-0.0639975
-1.765635,-0.0959963
-1.765435,-0.0959963
-1.765235,-0.0639975
-1.765035,-0.0959963
-1.764835,-0.0319988
-1.764635,-0.0319988
-1.764435,-0.0959963
-1.764235,-0.0639975
-1.764035,-0.0639975
-1.763835,-0.0959963
-1.763635,-0.0639975
-1.763435,-0.0639975
-1.763235,-0.0959963
-1.763035,-0.0959963
-1.762835,-0.0959963
-1.762635,-0.0959963
-1.762435,-0.0639975
-1.762235,-0.0959963
-1.762035,-0.0959963
-1.761835,-0.0639975
-1.761635,-0.0639975
-1.761435,-0.0639975
-1.761235,-0.0639975
-1.761035,-0.0319988
-1.760835,-0.0639975
-1.760635,-0.0639975
-1.760435,-0.0959963
-1.760235,-0.0639975
-1.760035,-0.0959963
-1.759835,-0.0639975
-1.759635,-0.0959963
-1.759435,-0.0639975
-1.759235,-0.0639975
-1.759035,-0.0959963
-1.758835,-0.0639975
-1.758635,-0.0639975
-1.758435,-0.0959963
-1.758235,-0.0639975
-1.758035,-0.0959963
-1.757835,-0.0959963
-1.757635,-0.0639975
-1.757435,-0.0639975
-1.757235,-0.0959963
-1.757035,-0.0639975
-1.756835,-0.0639975
-1.756635,-0.0639975
-1.756435,-0.0639975
-1.756235,-0.0639975
-1.756035,-0.0959963
-1.755835,-0.0639975
-1.755635,-0.0319988
-1.755435,-0.0639975
-1.755235,-0.0319988
-1.755035,-0.0319988
-1.754835,-0.0639975
-1.754635,-0.0639975
-1.754435,-0.0319988
-1.754235,-0.0959963
-1.754035,-0.0319988
-1.753835,-0.0639975
-1.753635,-0.0319988
-1.753435,-0.0319988
-1.753235,-0.0639975
-1.753035,-0.0639975
-1.752835,-0.0319988
-1.752635,-0.0639975
-1.752435,-0.0959963
-1.752235,-0.0319988
-1.752035,-0.0639975
-1.751835,-0.0639975
-1.751635,-0.0639975
-1.751435,-0.0639975
-1.751235,-0.127995
-1.751035,-0.0639975
-1.750835,-0.0319988
-1.750635,-0.0639975
-1.750435,-0.0639975
-1.750235,-0.0639975
-1.750035,-0.0639975
-1.749835,-0.0319988
-1.749635,-0.0959963
-1.749435,-0.0959963
-1.749235,-0.0639975
-1.749035,-0.0639975
-1.748835,-0.0639975
-1.748635,-0.0639975
-1.748435,-0.0319988
-1.748235,-0.0319988
-1.748035,-0.0319988
-1.747835,-0.0639975
-1.747635,-0.0639975
-1.747435,-0.0319988
-1.747235,-0.0639975
-1.747035,-0.0639975
-1.746835,-0.0319988
-1.746635,-0.0319988
-1.746435,-0.0639975
-1.746235,-0.0639975
-1.746035,-0.0319988
-1.745835,-0.0959963
-1.745635,-0.0319988
-1.745435,-0.0319988
-1.745235,-0.0959963
-1.745035,-0.0319988
-1.744835,0
-1.744635,-0.0959963
-1.744435,-0.0319988
-1.744235,-0.0639975
-1.744035,-0.0959963
-1.743835,-0.0319988
-1.743635,-0.0319988
-1.743435,-0.0319988
-1.743235,-0.0319988
-1.743035,-0.0319988
-1.742835,-0.0639975
-1.742635,-0.0319988
-1.742435,-0.0319988
-1.742235,-0.0959963
-1.742035,-0.0319988
-1.741835,-0.0319988
-1.741635,-0.0639975
-1.741435,-0.0319988
-1.741235,-0.0319988
-1.741035,-0.0639975
-1.740835,-0.0319988
-1.740635,0
-1.740435,-0.0639975
-1.740235,-0.0959963
-1.740035,-0.0319988
-1.739835,-0.127995
-1.739635,-0.0319988
-1.739435,-0.0639975
-1.739235,-0.0639975
-1.739035,-0.0639975
-1.738835,-0.0319988
-1.738635,-0.0639975
-1.738435,-0.0319988
-1.738235,-0.0319988
-1.738035,-0.0639975
-1.737835,-0.0319988
-1.737635,-0.0639975
-1.737435,-0.0639975
-1.737235,-0.0639975
-1.737035,-0.0319988
-1.736835,-0.0639975
-1.736635,-0.0639975
-1.736435,-0.0639975
-1.736235,-0.0959963
-1.736035,-0.0639975
-1.735835,-0.0639975
-1.735635,-0.0639975
-1.735435,-0.0639975
-1.735235,-0.0319988
-1.735035,-0.0639975
-1.734835,-0.0639975
-1.734635,-0.0319988
-1.734435,-0.0639975
-1.734235,-0.0639975
-1.734035,-0.0319988
-1.733835,-0.0639975
-1.733635,0
-1.733435,-0.0319988
-1.733235,-0.0959963
-1.733035,-0.0319988
-1.732835,-0.0319988
-1.732635,-0.0639975
-1.732435,-0.0319988
-1.732235,-0.0639975
-1.732035,-0.0639975
-1.731835,-0.0319988
-1.731635,-0.0639975
-1.731435,0
-1.731235,0
-1.731035,-0.0639975
-1.730835,-0.0639975
-1.730635,-0.0639975
-1.730435,-0.0319988
-1.730235,-0.0639975
-1.730035,0
-1.729835,0
-1.729635,0
-1.729435,0
-1.729235,0
-1.729035,0
-1.728835,0
-1.728635,0.0319988
-1.728435,0
-1.728235,0
-1.728035,0
-1.727835,-0.0319988
-1.727635,-0.0319988
-1.727435,-0.0319988
-1.727235,0
-1.727035,0
-1.726835,0
-1.726635,0
-1.726435,0
-1.726235,0.0319988
-1.726035,0
-1.725835,-0.0319988
-1.725635,0.0319988
-1.725435,0
-1.725235,-0.0319988
-1.725035,0
-1.724835,0
-1.724635,0.0319988
-1.724435,0.0639975
-1.724235,0
-1.724035,0.0319988
-1.723835,-0.0319988
-1.723635,0
-1.723435,0
-1.723235,0.0319988
-1.723035,0
-1.722835,0
-1.722635,0.0319988
-1.722435,0
-1.722235,0.0319988
-1.722035,0.0319988
-1.721835,0.0319988
-1.721635,0.0319988
-1.721435,0.0319988
-1.721235,-0.0639975
-1.721035,0
-1.720835,0.0319988
-1.720635,0
-1.720435,0.0639975
-1.720235,0.0639975
-1.720035,0.0319988
-1.719835,0
-1.719635,0.0639975
-1.719435,0
-1.719235,0.0319988
-1.719035,0.0319988
-1.718835,0
-1.718635,0
-1.718435,0.0319988
-1.718235,0.0319988
-1.718035,0.0319988
-1.717835,0.0639975
-1.717635,-0.0319988
-1.717435,0.0319988
-1.717235,0.0639975
-1.717035,-0.0319988
-1.716835,0
-1.716635,0.0319988
-1.716435,0.0319988
-1.716235,0
-1.716035,0.0319988
-1.715835,0
-1.715635,0.0319988
-1.715435,0
-1.715235,0
-1.715035,0.0319988
-1.714835,0.0319988
-1.714635,-0.0319988
-1.714435,0.0319988
-1.714235,0.0319988
-1.714035,-0.0319988
-1.713835,0.0319988
-1.713635,0.0319988
-1.713435,0
-1.713235,0.0319988
-1.713035,0.0319988
-1.712835,0
-1.712635,0.0319988
-1.712435,0
-1.712235,0
-1.712035,-0.0319988
-1.711835,0.0319988
-1.711635,0
-1.711435,0
-1.711235,0
-1.711035,-0.0319988
-1.710835,0
-1.710635,0.0319988
-1.710435,-0.0319988
-1.710235,0
-1.710035,0.0319988
-1.709835,-0.0639975
-1.709635,-0.0319988
-1.709435,0
-1.709235,-0.0319988
-1.709035,-0.0319988
-1.708835,-0.0319988
-1.708635,-0.0319988
-1.708435,0
-1.708235,-0.0319988
-1.708035,0
-1.707835,0
-1.707635,0
-1.707435,-0.0639975
-1.707235,0
-1.707035,0
-1.706835,-0.0319988
-1.706635,-0.0319988
-1.706435,0
-1.706235,-0.0319988
-1.706035,-0.0319988
-1.705835,0
-1.705635,-0.0319988
-1.705435,0.0319988
-1.705235,0
-1.705035,-0.0319988
-1.704835,0
-1.704635,0
-1.704435,-0.0639975
-1.704235,-0.0639975
-1.704035,0
-1.703835,0
-1.703635,0
-1.703435,0
-1.703235,-0.0639975
-1.703035,-0.0319988
-1.702835,-0.0639975
-1.702635,-0.0639975
-1.702435,-0.0639975
-1.702235,-0.0319988
-1.702035,-0.0639975
-1.701835,-0.0319988
-1.701635,-0.0639975
-1.701435,0
-1.701235,0
-1.701035,0
-1.700835,-0.0319988
-1.700635,-0.0319988
-1.700435,-0.0319988
-1.700235,-0.0319988
-1.700035,-0.0319988
-1.699835,0
-1.699635,-0.0639975
-1.699435,-0.0319988
-1.699235,-0.0639975
-1.699035,-0.0319988
-1.698835,-0.0319988
-1.698635,-0.0959963
-1.698435,-0.0639975
-1.698235,-0.0639975
-1.698035,-0.0639975
-1.697835,-0.0639975
-1.697635,-0.0639975
-1.697435,0
-1.697235,-0.0639975
-1.697035,-0.0319988
-1.696835,-0.0639975
-1.696635,-0.0639975
-1.696435,-0.0639975
-1.696235,-0.0319988
-1.696035,-0.0959963
-1.695835,-0.0639975
-1.695635,-0.0959963
-1.695435,-0.0639975
-1.695235,-0.0639975
-1.695035,0
-1.694835,-0.0959963
-1.694635,-0.0639975
-1.694435,-0.0319988
-1.694235,-0.0639975
-1.694035,-0.0639975
-1.693835,-0.0639975
-1.693635,-0.0959963
-1.693435,-0.0639975
-1.693235,-0.0639975
-1.693035,-0.0319988
-1.692835,-0.0639975
-1.692635,-0.0639975
-1.692435,-0.127995
-1.692235,-0.0319988
-1.692035,-0.0639975
-1.691835,-0.127995
-1.691635,-0.0639975
-1.691435,-0.0639975
-1.691235,-0.0959963
-1.691035,-0.0959963
-1.690835,-0.0639975
-1.690635,-0.0319988
-1.690435,-0.127995
-1.690235,-0.0639975
-1.690035,-0.0639975
-1.689835,-0.0959963
-1.689635,-0.0639975
-1.689435,-0.0959963
-1.689235,-0.0639975
-1.689035,-0.0639975
-1.688835,-0.0959963
-1.688635,-0.0959963
-1.688435,-0.0959963
-1.688235,-0.127995
-1.688035,-0.0959963
-1.687835,-0.0639975
-1.687635,-0.0959963
-1.687435,-0.0959963
-1.687235,-0.0959963
-1.687035,-0.127995
-1.686835,-0.0319988
-1.686635,-0.0959963
-1.686435,-0.127995
-1.686235,-0.159994
-1.686035,-0.0959963
-1.685835,-0.0959963
-1.685635,-0.0959963
-1.685435,-0.0959963
-1.685235,-0.127995
-1.685035,-0.127995
-1.684835,-0.127995
-1.684635,-0.127995
-1.684435,-0.159994
-1.684235,-0.127995
-1.684035,-0.159994
-1.683835,-0.127995
-1.683635,-0.0959963
-1.683435,-0.127995
-1.683235,-0.127995
-1.683035,-0.127995
-1.682835,-0.0959963
-1.682635,-0.0639975
-1.682435,-0.127995
-1.682235,-0.159994
-1.682035,-0.0639975
-1.681835,-0.0959963
-1.681635,-0.127995
-1.681435,-0.0959963
-1.681235,-0.127995
-1.681035,-0.0959963
-1.680835,-0.0959963
-1.680635,-0.0959963
-1.680435,-0.0959963
-1.680235,-0.0959963
-1.680035,-0.127995
-1.679835,-0.0959963
-1.679635,-0.159994
-1.679435,-0.0959963
-1.679235,-0.0959963
-1.679035,-0.0959963
-1.678835,-0.0639975
-1.678635,-0.0959963
-1.678435,-0.0639975
-1.678235,-0.127995
-1.678035,-0.0959963
-1.677835,-0.0959963
-1.677635,-0.0959963
-1.677435,-0.0959963
-1.677235,-0.127995
-1.677035,-0.0959963
-1.676835,-0.127995
-1.676635,-0.0959963
-1.676435,-0.0959963
-1.676235,-0.0959963
-1.676035,-0.0639975
-1.675835,-0.0959963
-1.675635,-0.127995
-1.675435,-0.127995
-1.675235,-0.0959963
-1.675035,-0.127995
-1.674835,-0.127995
-1.674635,-0.0959963
-1.674435,-0.127995
-1.674235,-0.127995
-1.674035,-0.0639975
-1.673835,-0.127995
-1.673635,-0.159994
-1.673435,-0.127995
-1.673235,-0.159994
-1.673035,-0.127995
-1.672835,-0.0639975
-1.672635,-0.127995
-1.672435,-0.127995
-1.672235,-0.0959963
-1.672035,-0.159994
-1.671835,-0.127995
-1.671635,-0.0959963
-1.671435,-0.159994
-1.671235,-0.127995
-1.671035,-0.0959963
-1.670835,-0.191993
-1.670635,-0.127995
-1.670435,-0.127995
-1.670235,-0.159994
-1.670035,-0.127995
-1.669835,-0.127995
-1.669635,-0.159994
-1.669435,-0.159994
-1.669235,-0.127995
-1.669035,-0.159994
-1.668835,-0.127995
-1.668635,-0.127995
-1.668435,-0.127995
-1.668235,-0.127995
-1.668035,-0.159994
-1.667835,-0.159994
-1.667635,-0.127995
-1.667435,-0.127995
-1.667235,-0.159994
-1.667035,-0.159994
-1.666835,-0.159994
-1.666635,-0.127995
-1.666435,-0.159994
-1.666235,-0.127995
-1.666035,-0.127995
-1.665835,-0.159994
-1.665635,-0.127995
-1.665435,-0.127995
-1.665235,-0.159994
-1.665035,-0.127995
-1.664835,-0.159994
-1.664635,-0.159994
-1.664435,-0.127995
-1.664235,-0.191993
-1.664035,-0.127995
-1.663835,-0.127995
-1.663635,-0.159994
-1.663435,-0.159994
-1.663235,-0.127995
-1.663035,-0.159994
-1.662835,-0.191993
-1.662635,-0.127995
-1.662435,-0.159994
-1.662235,-0.191993
-1.662035,-0.191993
-1.661835,-0.159994
-1.661635,-0.159994
-1.661435,-0.159994
-1.661235,-0.127995
-1.661035,-0.159994
-1.660835,-0.159994
-1.660635,-0.191993
-1.660435,-0.159994
-1.660235,-0.159994
-1.660035,-0.159994
-1.659835,-0.127995
-1.659635,-0.159994
-1.659435,-0.159994
-1.659235,-0.159994
-1.659035,-0.127995
-1.658835,-0.191993
-1.658635,-0.127995
-1.658435,-0.159994
-1.658235,-0.159994
-1.658035,-0.159994
-1.657835,-0.159994
-1.657635,-0.159994
-1.657435,-0.159994
-1.657235,-0.127995
-1.657035,-0.159994
-1.656835,-0.127995
-1.656635,-0.127995
-1.656435,-0.191993
-1.656235,-0.159994
-1.656035,-0.159994
-1.655835,-0.191993
-1.655635,-0.159994
-1.655435,-0.0959963
-1.655235,-0.191993
-1.655035,-0.127995
-1.654835,-0.127995
-1.654635,-0.159994
-1.654435,-0.127995
-1.654235,-0.159994
-1.654035,-0.159994
-1.653835,-0.159994
-1.653635,-0.127995
-1.653435,-0.159994
-1.653235,-0.159994
-1.653035,-0.127995
-1.652835,-0.191993
-1.652635,-0.0959963
-1.652435,-0.191993
-1.652235,-0.159994
-1.652035,-0.127995
-1.651835,-0.127995
-1.651635,-0.159994
-1.651435,-0.127995
-1.651235,-0.127995
-1.651035,-0.159994
-1.650835,-0.127995
-1.650635,-0.127995
-1.650435,-0.159994
-1.650235,-0.127995
-1.650035,-0.0959963
-1.649835,-0.0959963
-1.649635,-0.159994
-1.649435,-0.127995
-1.649235,-0.127995
-1.649035,-0.127995
-1.648835,-0.127995
-1.648635,-0.127995
-1.648435,-0.127995
-1.648235,-0.0959963
-1.648035,-0.159994
-1.647835,-0.127995
-1.647635,-0.127995
-1.647435,-0.127995
-1.647235,-0.127995
-1.647035,-0.127995
-1.646835,-0.159994
-1.646635,-0.159994
-1.646435,-0.159994
-1.646235,-0.159994
-1.646035,-0.191993
-1.645835,-0.159994
-1.645635,-0.127995
-1.645435,-0.159994
-1.645235,-0.159994
-1.645035,-0.159994
-1.644835,-0.191993
-1.644635,-0.0959963
-1.644435,-0.159994
-1.644235,-0.159994
-1.644035,-0.191993
-1.643835,-0.191993
-1.643635,-0.127995
-1.643435,-0.159994
-1.643235,-0.191993
-1.643035,-0.127995
-1.642835,-0.127995
-1.642635,-0.191993
-1.642435,-0.191993
-1.642235,-0.191993
-1.642035,-0.159994
-1.641835,-0.159994
-1.641635,-0.159994
-1.641435,-0.159994
-1.641235,-0.127995
-1.641035,-0.127995
-1.640835,-0.191993
-1.640635,-0.127995
-1.640435,-0.159994
-1.640235,-0.159994
-1.640035,-0.223991
-1.639835,-0.127995
-1.639635,-0.191993
-1.639435,-0.159994
-1.639235,-0.159994
-1.639035,-0.159994
-1.638835,-0.127995
-1.638635,-0.127995
-1.638435,-0.159994
-1.638235,-0.159994
-1.638035,-0.159994
-1.637835,-0.223991
-1.637635,-0.159994
-1.637435,-0.159994
-1.637235,-0.223991
-1.637035,-0.191993
-1.636835,-0.159994
-1.636635,-0.223991
-1.636435,-0.191993
-1.636235,-0.159994
-1.636035,-0.159994
-1.635835,-0.191993
-1.635635,-0.127995
-1.635435,-0.191993
-1.635235,-0.191993
-1.635035,-0.191993
-1.634835,-0.159994
-1.634635,-0.191993
-1.634435,-0.159994
-1.634235,-0.191993
-1.634035,-0.191993
-1.633835,-0.191993
-1.633635,-0.159994
-1.633435,-0.159994
-1.633235,-0.159994
-1.633035,-0.191993
-1.632835,-0.127995
-1.632635,-0.191993
-1.632435,-0.25599
-1.632235,-0.223991
-1.632035,-0.159994
-1.631835,-0.287989
-1.631635,-0.223991
-1.631435,-0.191993
-1.631235,-0.25599
-1.631035,-0.223991
-1.630835,-0.159994
-1.630635,-0.191993
-1.630435,-0.191993
-1.630235,-0.159994
-1.630035,-0.159994
-1.629835,-0.191993
-1.629635,-0.159994
-1.629435,-0.191993
-1.629235,-0.159994
-1.629035,-0.191993
-1.628835,-0.191993
-1.628635,-0.159994
-1.628435,-0.223991
-1.628235,-0.191993
-1.628035,-0.223991
-1.627835,-0.191993
-1.627635,-0.159994
-1.627435,-0.191993
-1.627235,-0.191993
-1.627035,-0.191993
-1.626835,-0.191993
-1.626635,-0.191993
-1.626435,-0.25599
-1.626235,-0.223991
-1.626035,-0.223991
-1.625835,-0.223991
-1.625635,-0.191993
-1.625435,-0.223991
-1.625235,-0.223991
-1.625035,-0.223991
-1.624835,-0.191993
-1.624635,-0.191993
-1.624435,-0.223991
-1.624235,-0.191993
-1.624035,-0.223991
-1.623835,-0.287989
-1.623635,-0.223991
-1.623435,-0.223991
-1.623235,-0.223991
-1.623035,-0.223991
-1.622835,-0.25599
-1.622635,-0.223991
-1.622435,-0.25599
-1.622235,-0.159994
-1.622035,-0.223991
-1.621835,-0.223991
-1.621635,-0.25599
-1.621435,-0.223991
-1.621235,-0.25599
-1.621035,-0.25599
-1.620835,-0.223991
-1.620635,-0.191993
-1.620435,-0.223991
-1.620235,-0.25599
-1.620035,-0.223991
-1.619835,-0.25599
-1.619635,-0.223991
-1.619435,-0.223991
-1.619235,-0.25599
-1.619035,-0.223991
-1.618835,-0.191993
-1.618635,-0.25599
-1.618435,-0.25599
-1.618235,-0.223991
-1.618035,-0.223991
-1.617835,-0.223991
-1.617635,-0.191993
-1.617435,-0.25599
-1.617235,-0.287989
-1.617035,-0.25599
-1.616835,-0.25599
-1.616635,-0.25599
-1.616435,-0.25599
-1.616235,-0.25599
-1.616035,-0.25599
-1.615835,-0.25599
-1.615635,-0.25599
-1.615435,-0.25599
-1.615235,-0.25599
-1.615035,-0.287989
-1.614835,-0.25599
-1.614635,-0.223991
-1.614435,-0.287989
-1.614235,-0.25599
-1.614035,-0.223991
-1.613835,-0.25599
-1.613635,-0.223991
-1.613435,-0.25599
-1.613235,-0.25599
-1.613035,-0.25599
-1.612835,-0.25599
-1.612635,-0.25599
-1.612435,-0.287989
-1.612235,-0.25599
-1.612035,-0.287989
-1.611835,-0.287989
-1.611635,-0.25599
-1.611435,-0.287989
-1.611235,-0.287989
-1.611035,-0.25599
-1.610835,-0.287989
-1.610635,-0.287989
-1.610435,-0.25599
-1.610235,-0.25599
-1.610035,-0.287989
-1.609835,-0.287989
-1.609635,-0.25599
-1.609435,-0.223991
-1.609235,-0.25599
-1.609035,-0.287989
-1.608835,-0.287989
-1.608635,-0.287989
-1.608435,-0.25599
-1.608235,-0.319988
-1.608035,-0.287989
-1.607835,-0.287989
-1.607635,-0.287989
-1.607435,-0.287989
-1.607235,-0.25599
-1.607035,-0.319988
-1.606835,-0.319988
-1.606635,-0.287989
-1.606435,-0.287989
-1.606235,-0.319988
-1.606035,-0.287989
-1.605835,-0.25599
-1.605635,-0.287989
-1.605435,-0.287989
-1.605235,-0.287989
-1.605035,-0.25599
-1.604835,-0.287989
-1.604635,-0.287989
-1.604435,-0.287989
-1.604235,-0.287989
-1.604035,-0.287989
-1.603835,-0.25599
-1.603635,-0.287989
-1.603435,-0.319988
-1.603235,-0.287989
-1.603035,-0.319988
-1.602835,-0.25599
-1.602635,-0.319988
-1.602435,-0.287989
-1.602235,-0.25599
-1.602035,-0.223991
-1.601835,-0.287989
-1.601635,-0.287989
-1.601435,-0.287989
-1.601235,-0.287989
-1.601035,-0.287989
-1.600835,-0.25599
-1.600635,-0.25599
-1.600435,-0.287989
-1.600235,-0.319988
-1.600035,-0.287989
-1.599835,-0.319988
-1.599635,-0.287989
-1.599435,-0.25599
-1.599235,-0.25599
-1.599035,-0.25599
-1.598835,-0.287989
-1.598635,-0.25599
-1.598435,-0.25599
-1.598235,-0.287989
-1.598035,-0.25599
-1.597835,-0.25599
-1.597635,-0.287989
-1.597435,-0.319988
-1.597235,-0.25599
-1.597035,-0.287989
-1.596835,-0.287989
-1.596635,-0.287989
-1.596435,-0.319988
-1.596235,-0.319988
-1.596035,-0.287989
-1.595835,-0.25599
-1.595635,-0.287989
-1.595435,-0.287989
-1.595235,-0.287989
-1.595035,-0.287989
-1.594835,-0.25599
-1.594635,-0.287989
-1.594435,-0.287989
-1.594235,-0.319988
-1.594035,-0.25599
-1.593835,-0.25599
-1.593635,-0.287989
-1.593435,-0.25599
-1.593235,-0.25599
-1.593035,-0.223991
-1.592835,-0.25599
-1.592635,-0.287989
-1.592435,-0.287989
-1.592235,-0.25599
-1.592035,-0.287989
-1.591835,-0.319988
-1.591635,-0.25599
-1.591435,-0.287989
-1.591235,-0.25599
-1.591035,-0.287989
-1.590835,-0.25599
-1.590635,-0.25599
-1.590435,-0.25599
-1.590235,-0.25599
-1.590035,-0.25599
-1.589835,-0.287989
-1.589635,-0.25599
-1.589435,-0.25599
-1.589235,-0.25599
-1.589035,-0.223991
-1.588835,-0.223991
-1.588635,-0.25599
-1.588435,-0.287989
-1.588235,-0.223991
-1.588035,-0.25599
-1.587835,-0.25599
-1.587635,-0.25599
-1.587435,-0.25599
-1.587235,-0.25599
-1.587035,-0.223991
-1.586835,-0.25599
-1.586635,-0.25599
-1.586435,-0.223991
-1.586235,-0.25599
-1.586035,-0.25599
-1.585835,-0.223991
-1.585635,-0.25599
-1.585435,-0.287989
-1.585235,-0.25599
-1.585035,-0.287989
-1.584835,-0.287989
-1.584635,-0.25599
-1.584435,-0.287989
-1.584235,-0.287989
-1.584035,-0.223991
-1.583835,-0.287989
-1.583635,-0.25599
-1.583435,-0.223991
-1.583235,-0.25599
-1.583035,-0.191993
-1.582835,-0.223991
-1.582635,-0.25599
-1.582435,-0.223991
-1.582235,-0.25599
-1.582035,-0.25599
-1.581835,-0.287989
-1.581635,-0.223991
-1.581435,-0.287989
-1.581235,-0.287989
-1.581035,-0.25599
-1.580835,-0.287989
-1.580635,-0.25599
-1.580435,-0.287989
-1.580235,-0.287989
-1.580035,-0.25599
-1.579835,-0.287989
-1.579635,-0.223991
-1.579435,-0.287989
-1.579235,-0.191993
-1.579035,-0.287989
-1.578835,-0.25599
-1.578635,-0.223991
-1.578435,-0.25599
-1.578235,-0.25599
-1.578035,-0.319988
-1.577835,-0.25599
-1.577635,-0.223991
-1.577435,-0.223991
-1.577235,-0.287989
-1.577035,-0.25599
-1.576835,-0.223991
-1.576635,-0.287989
-1.576435,-0.25599
-1.576235,-0.191993
-1.576035,-0.25599
-1.575835,-0.287989
-1.575635,-0.319988
-1.575435,-0.25599
-1.575235,-0.287989
-1.575035,-0.25599
-1.574835,-0.287989
-1.574635,-0.287989
-1.574435,-0.287989
-1.574235,-0.287989
-1.574035,-0.287989
-1.573835,-0.319988
-1.573635,-0.287989
-1.573435,-0.287989
-1.573235,-0.25599
-1.573035,-0.319988
-1.572835,-0.287989
-1.572635,-0.287989
-1.572435,-0.25599
-1.572235,-0.287989
-1.572035,-0.319988
-1.571835,-0.287989
-1.571635,-0.319988
-1.571435,-0.25599
-1.571235,-0.319988
-1.571035,-0.287989
-1.570835,-0.319988
-1.570635,-0.25599
-1.570435,-0.319988
-1.570235,-0.351986
-1.570035,-0.287989
-1.569835,-0.287989
-1.569635,-0.25599
-1.569435,-0.287989
-1.569235,-0.319988
-1.569035,-0.287989
-1.568835,-0.319988
-1.568635,-0.319988
-1.568435,-0.319988
-1.568235,-0.319988
-1.568035,-0.319988
-1.567835,-0.25599
-1.567635,-0.319988
-1.567435,-0.287989
-1.567235,-0.287989
-1.567035,-0.287989
-1.566835,-0.319988
-1.566635,-0.287989
-1.566435,-0.319988
-1.566235,-0.287989
-1.566035,-0.319988
-1.565835,-0.319988
-1.565635,-0.25599
-1.565435,-0.319988
-1.565235,-0.25599
-1.565035,-0.287989
-1.564835,-0.319988
-1.564635,-0.351986
-1.564435,-0.319988
-1.564235,-0.25599
-1.564035,-0.319988
-1.563835,-0.287989
-1.563635,-0.287989
-1.563435,-0.319988
-1.563235,-0.319988
-1.563035,-0.319988
-1.562835,-0.287989
-1.562635,-0.351986
-1.562435,-0.319988
-1.562235,-0.319988
-1.562035,-0.287989
-1.561835,-0.383985
-1.561635,-0.319988
-1.561435,-0.383985
-1.561235,-0.351986
-1.561035,-0.351986
-1.560835,-0.351986
-1.560635,-0.319988
-1.560435,-0.319988
-1.560235,-0.319988
-1.560035,-0.351986
-1.559835,-0.319988
-1.559635,-0.351986
-1.559435,-0.351986
-1.559235,-0.319988
-1.559035,-0.383985
-1.558835,-0.319988
-1.558635,-0.351986
-1.558435,-0.415984
-1.558235,-0.351986
-1.558035,-0.351986
-1.557835,-0.351986
-1.557635,-0.351986
-1.557435,-0.287989
-1.557235,-0.383985
-1.557035,-0.383985
-1.556835,-0.351986
-1.556635,-0.319988
-1.556435,-0.351986
-1.556235,-0.351986
-1.556035,-0.383985
-1.555835,-0.383985
-1.555635,-0.319988
-1.555435,-0.351986
-1.555235,-0.351986
-1.555035,-0.351986
-1.554835,-0.351986
-1.554635,-0.319988
-1.554435,-0.319988
-1.554235,-0.351986
-1.554035,-0.351986
-1.553835,-0.351986
-1.553635,-0.351986
-1.553435,-0.351986
-1.553235,-0.351986
-1.553035,-0.351986
-1.552835,-0.383985
-1.552635,-0.351986
-1.552435,-0.415984
-1.552235,-0.415984
-1.552035,-0.351986
-1.551835,-0.415984
-1.551635,-0.383985
-1.551435,-0.383985
-1.551235,-0.383985
-1.551035,-0.383985
-1.550835,-0.351986
-1.550635,-0.415984
-1.550435,-0.351986
-1.550235,-0.383985
-1.550035,-0.383985
-1.549835,-0.415984
-1.549635,-0.351986
-1.549435,-0.447983
-1.549235,-0.415984
-1.549035,-0.415984
-1.548835,-0.383985
-1.548635,-0.383985
-1.548435,-0.383985
-1.548235,-0.447983
-1.548035,-0.415984
-1.547835,-0.383985
-1.547635,-0.415984
-1.547435,-0.447983
-1.547235,-0.415984
-1.547035,-0.447983
-1.546835,-0.383985
-1.546635,-0.415984
-1.546435,-0.447983
-1.546235,-0.415984
-1.546035,-0.383985
-1.545835,-0.415984
-1.545635,-0.415984
-1.545435,-0.415984
-1.545235,-0.447983
-1.545035,-0.383985
-1.544835,-0.383985
-1.544635,-0.447983
-1.544435,-0.447983
-1.544235,-0.447983
-1.544035,-0.415984
-1.543835,-0.447983
-1.543635,-0.447983
-1.543435,-0.447983
-1.543235,-0.415984
-1.543035,-0.415984
-1.542835,-0.415984
-1.542635,-0.447983
-1.542435,-0.415984
-1.542235,-0.447983
-1.542035,-0.479982
-1.541835,-0.479982
-1.541635,-0.479982
-1.541435,-0.447983
-1.541235,-0.447983
-1.541035,-0.447983
-1.540835,-0.415984
-1.540635,-0.447983
-1.540435,-0.479982
-1.540235,-0.479982
-1.540035,-0.479982
-1.539835,-0.479982
-1.539635,-0.447983
-1.539435,-0.415984
-1.539235,-0.415984
-1.539035,-0.51198
-1.538835,-0.447983
-1.538635,-0.479982
-1.538435,-0.479982
-1.538235,-0.447983
-1.538035,-0.447983
-1.537835,-0.51198
-1.537635,-0.415984
-1.537435,-0.479982
-1.537235,-0.51198
-1.537035,-0.479982
-1.536835,-0.479982
-1.536635,-0.479982
-1.536435,-0.447983
-1.536235,-0.543979
-1.536035,-0.51198
-1.535835,-0.447983
-1.535635,-0.51198
-1.535435,-0.479982
-1.535235,-0.479982
-1.535035,-0.51198
-1.534835,-0.543979
-1.534635,-0.51198
-1.534435,-0.51198
-1.534235,-0.479982
-1.534035,-0.447983
-1.533835,-0.51198
-1.533635,-0.479982
-1.533435,-0.51198
-1.533235,-0.51198
-1.533035,-0.543979
-1.532835,-0.51198
-1.532635,-0.479982
-1.532435,-0.479982
-1.532235,-0.51198
-1.532035,-0.51198
-1.531835,-0.51198
-1.531635,-0.479982
-1.531435,-0.479982
-1.531235,-0.479982
-1.531035,-0.479982
-1.530835,-0.479982
-1.530635,-0.51198
-1.530435,-0.479982
-1.530235,-0.51198
-1.530035,-0.447983
-1.529835,-0.479982
-1.529635,-0.51198
-1.529435,-0.51198
-1.529235,-0.447983
-1.529035,-0.51198
-1.528835,-0.51198
-1.528635,-0.479982
-1.528435,-0.479982
-1.528235,-0.51198
-1.528035,-0.447983
-1.527835,-0.543979
-1.527635,-0.51198
-1.527435,-0.479982
-1.527235,-0.543979
-1.527035,-0.543979
-1.526835,-0.479982
-1.526635,-0.51198
-1.526435,-0.51198
-1.526235,-0.447983
-1.526035,-0.543979
-1.525835,-0.51198
-1.525635,-0.479982
-1.525435,-0.543979
-1.525235,-0.543979
-1.525035,-0.479982
-1.524835,-0.543979
-1.524635,-0.51198
-1.524435,-0.51198
-1.524235,-0.575978
-1.524035,-0.51198
-1.523835,-0.543979
-1.523635,-0.543979
-1.523435,-0.575978
-1.523235,-0.543979
-1.523035,-0.543979
-1.522835,-0.543979
-1.522635,-0.51198
-1.522435,-0.575978
-1.522235,-0.51198
-1.522035,-0.51198
-1.521835,-0.543979
-1.521635,-0.543979
-1.521435,-0.479982
-1.521235,-0.575978
-1.521035,-0.543979
-1.520835,-0.479982
-1.520635,-0.543979
-1.520435,-0.543979
-1.520235,-0.543979
-1.520035,-0.575978
-1.519835,-0.543979
-1.519635,-0.51198
-1.519435,-0.51198
-1.519235,-0.51198
-1.519035,-0.51198
-1.518835,-0.51198
-1.518635,-0.543979
-1.518435,-0.51198
-1.518235,-0.543979
-1.518035,-0.575978
-1.517835,-0.543979
-1.517635,-0.543979
-1.517435,-0.51198
-1.517235,-0.543979
-1.517035,-0.575978
-1.516835,-0.575978
-1.516635,-0.543979
-1.516435,-0.575978
-1.516235,-0.607977
-1.516035,-0.543979
-1.515835,-0.607977
-1.515635,-0.543979
-1.515435,-0.575978
-1.515235,-0.575978
-1.515035,-0.575978
-1.514835,-0.575978
-1.514635,-0.575978
-1.514435,-0.575978
-1.514235,-0.543979
-1.514035,-0.575978
-1.513835,-0.543979
-1.513635,-0.543979
-1.513435,-0.575978
-1.513235,-0.575978
-1.513035,-0.639975
-1.512835,-0.575978
-1.512635,-0.607977
-1.512435,-0.575978
-1.512235,-0.575978
-1.512035,-0.607977
-1.511835,-0.543979
-1.511635,-0.607977
-1.511435,-0.575978
-1.511235,-0.575978
-1.511035,-0.607977
-1.510835,-0.575978
-1.510635,-0.607977
-1.510435,-0.607977
-1.510235,-0.575978
-1.510035,-0.575978
-1.509835,-0.575978
-1.509635,-0.607977
-1.509435,-0.543979
-1.509235,-0.607977
-1.509035,-0.575978
-1.508835,-0.575978
-1.508635,-0.607977
-1.508435,-0.607977
-1.508235,-0.607977
-1.508035,-0.575978
-1.507835,-0.543979
-1.507635,-0.607977
-1.507435,-0.575978
-1.507235,-0.607977
-1.507035,-0.575978
-1.506835,-0.607977
-1.506635,-0.575978
-1.506435,-0.575978
-1.506235,-0.607977
-1.506035,-0.575978
-1.505835,-0.575978
-1.505635,-0.607977
-1.505435,-0.575978
-1.505235,-0.575978
-1.505035,-0.607977
-1.504835,-0.543979
-1.504635,-0.575978
-1.504435,-0.607977
-1.504235,-0.575978
-1.504035,-0.607977
-1.503835,-0.607977
-1.503635,-0.543979
-1.503435,-0.575978
-1.503235,-0.575978
-1.503035,-0.607977
-1.502835,-0.543979
-1.502635,-0.607977
-1.502435,-0.607977
-1.502235,-0.607977
-1.502035,-0.575978
-1.501835,-0.575978
-1.501635,-0.543979
-1.501435,-0.575978
-1.501235,-0.607977
-1.501035,-0.543979
-1.500835,-0.607977
-1.500635,-0.575978
-1.500435,-0.575978
-1.500235,-0.607977
-1.500035,-0.575978
-1.499835,-0.575978
-1.499635,-0.575978
-1.499435,-0.575978
-1.499235,-0.575978
-1.499035,-0.575978
-1.498835,-0.575978
-1.498635,-0.543979
-1.498435,-0.607977
-1.498235,-0.607977
-1.498035,-0.607977
-1.497835,-0.575978
-1.497635,-0.575978
-1.497435,-0.543979
-1.497235,-0.543979
-1.497035,-0.575978
-1.496835,-0.51198
-1.496635,-0.575978
-1.496435,-0.575978
-1.496235,-0.543979
-1.496035,-0.543979
-1.495835,-0.607977
-1.495635,-0.543979
-1.495435,-0.575978
-1.495235,-0.607977
-1.495035,-0.543979
-1.494835,-0.543979
-1.494635,-0.575978
-1.494435,-0.543979
-1.494235,-0.543979
-1.494035,-0.543979
-1.493835,-0.543979
-1.493635,-0.607977
-1.493435,-0.51198
-1.493235,-0.51198
-1.493035,-0.51198
-1.492835,-0.51198
-1.492635,-0.51198
-1.492435,-0.51198
-1.492235,-0.51198
-1.492035,-0.51198
-1.491835,-0.479982
-1.491635,-0.51198
-1.491435,-0.479982
-1.491235,-0.479982
-1.491035,-0.479982
-1.490835,-0.479982
-1.490635,-0.51198
-1.490435,-0.51198
-1.490235,-0.51198
-1.490035,-0.51198
-1.489835,-0.51198
-1.489635,-0.479982
-1.489435,-0.479982
-1.489235,-0.479982
-1.489035,-0.479982
-1.488835,-0.479982
-1.488635,-0.479982
-1.488435,-0.479982
-1.488235,-0.479982
-1.488035,-0.447983
-1.487835,-0.447983
-1.487635,-0.447983
-1.487435,-0.51198
-1.487235,-0.447983
-1.487035,-0.479982
-1.486835,-0.447983
-1.486635,-0.415984
-1.486435,-0.479982
-1.486235,-0.447983
-1.486035,-0.415984
-1.485835,-0.447983
-1.485635,-0.447983
-1.485435,-0.415984
-1.485235,-0.447983
-1.485035,-0.447983
-1.484835,-0.447983
-1.484635,-0.479982
-1.484435,-0.415984
-1.484235,-0.415984
-1.484035,-0.415984
-1.483835,-0.415984
-1.483635,-0.415984
-1.483435,-0.447983
-1.483235,-0.447983
-1.483035,-0.415984
-1.482835,-0.447983
-1.482635,-0.415984
-1.482435,-0.383985
-1.482235,-0.415984
-1.482035,-0.383985
-1.481835,-0.415984
-1.481635,-0.415984
-1.481435,-0.415984
-1.481235,-0.383985
-1.481035,-0.415984
-1.480835,-0.415984
-1.480635,-0.383985
-1.480435,-0.415984
-1.480235,-0.383985
-1.480035,-0.351986
-1.479835,-0.383985
-1.479635,-0.415984
-1.479435,-0.383985
-1.479235,-0.383985
-1.479035,-0.351986
-1.478835,-0.351986
-1.478635,-0.383985
-1.478435,-0.351986
-1.478235,-0.319988
-1.478035,-0.383985
-1.477835,-0.383985
-1.477635,-0.383985
-1.477435,-0.319988
-1.477235,-0.383985
-1.477035,-0.319988
-1.476835,-0.319988
-1.476635,-0.383985
-1.476435,-0.351986
-1.476235,-0.351986
-1.476035,-0.351986
-1.475835,-0.351986
-1.475635,-0.383985
-1.475435,-0.383985
-1.475235,-0.319988
-1.475035,-0.351986
-1.474835,-0.351986
-1.474635,-0.351986
-1.474435,-0.351986
-1.474235,-0.351986
-1.474035,-0.319988
-1.473835,-0.383985
-1.473635,-0.351986
-1.473435,-0.351986
-1.473235,-0.351986
-1.473035,-0.351986
-1.472835,-0.319988
-1.472635,-0.383985
-1.472435,-0.287989
-1.472235,-0.319988
-1.472035,-0.383985
-1.471835,-0.319988
-1.471635,-0.319988
-1.471435,-0.351986
-1.471235,-0.383985
-1.471035,-0.319988
-1.470835,-0.383985
-1.470635,-0.351986
-1.470435,-0.319988
-1.470235,-0.319988
-1.470035,-0.319988
-1.469835,-0.319988
-1.469635,-0.351986
-1.469435,-0.351986
-1.469235,-0.287989
-1.469035,-0.319988
-1.468835,-0.287989
-1.468635,-0.319988
-1.468435,-0.287989
-1.468235,-0.287989
-1.468035,-0.319988
-1.467835,-0.319988
-1.467635,-0.287989
-1.467435,-0.287989
-1.467235,-0.319988
-1.467035,-0.319988
-1.466835,-0.287989
-1.466635,-0.319988
-1.466435,-0.319988
-1.466235,-0.287989
-1.466035,-0.287989
-1.465835,-0.25599
-1.465635,-0.25599
-1.465435,-0.319988
-1.465235,-0.319988
-1.465035,-0.287989
-1.464835,-0.25599
-1.464635,-0.287989
-1.464435,-0.25599
-1.464235,-0.287989
-1.464035,-0.287989
-1.463835,-0.25599
-1.463635,-0.191993
-1.463435,-0.223991
-1.463235,-0.25599
-1.463035,-0.319988
-1.462835,-0.223991
-1.462635,-0.223991
-1.462435,-0.25599
-1.462235,-0.191993
-1.462035,-0.223991
-1.461835,-0.25599
-1.461635,-0.223991
-1.461435,-0.25599
-1.461235,-0.25599
-1.461035,-0.223991
-1.460835,-0.25599
-1.460635,-0.223991
-1.460435,-0.25599
-1.460235,-0.223991
-1.460035,-0.223991
-1.459835,-0.223991
-1.459635,-0.25599
-1.459435,-0.25599
-1.459235,-0.223991
-1.459035,-0.25599
-1.458835,-0.223991
-1.458635,-0.223991
-1.458435,-0.223991
-1.458235,-0.223991
-1.458035,-0.159994
-1.457835,-0.223991
-1.457635,-0.223991
-1.457435,-0.223991
-1.457235,-0.223991
-1.457035,-0.25599
-1.456835,-0.223991
-1.456635,-0.191993
-1.456435,-0.191993
-1.456235,-0.191993
-1.456035,-0.191993
-1.455835,-0.159994
-1.455635,-0.223991
-1.455435,-0.25599
-1.455235,-0.223991
-1.455035,-0.191993
-1.454835,-0.191993
-1.454635,-0.159994
-1.454435,-0.191993
-1.454235,-0.191993
-1.454035,-0.223991
-1.453835,-0.223991
-1.453635,-0.159994
-1.453435,-0.191993
-1.453235,-0.159994
-1.453035,-0.159994
-1.452835,-0.191993
-1.452635,-0.159994
-1.452435,-0.191993
-1.452235,-0.127995
-1.452035,-0.127995
-1.451835,-0.25599
-1.451635,-0.191993
-1.451435,-0.127995
-1.451235,-0.191993
-1.451035,-0.191993
-1.450835,-0.127995
-1.450635,-0.159994
-1.450435,-0.127995
-1.450235,-0.159994
-1.450035,-0.159994
-1.449835,-0.0959963
-1.449635,-0.127995
-1.449435,-0.159994
-1.449235,-0.127995
-1.449035,-0.127995
-1.448835,-0.159994
-1.448635,-0.127995
-1.448435,-0.159994
-1.448235,-0.127995
-1.448035,-0.0959963
-1.447835,-0.127995
-1.447635,-0.127995
-1.447435,-0.159994
-1.447235,-0.127995
-1.447035,-0.127995
-1.446835,-0.0959963
-1.446635,-0.0639975
-1.446435,-0.127995
-1.446235,-0.0959963
-1.446035,-0.0959963
-1.445835,-0.191993
-1.445635,-0.127995
-1.445435,-0.0959963
-1.445235,-0.0959963
-1.445035,-0.0959963
-1.444835,-0.0319988
-1.444635,-0.0959963
-1.444435,-0.0639975
-1.444235,-0.0319988
-1.444035,-0.0959963
-1.443835,-0.0639975
-1.443635,-0.0639975
-1.443435,-0.0959963
-1.443235,-0.0639975
-1.443035,-0.0639975
-1.442835,-0.0639975
-1.442635,-0.0959963
-1.442435,0
-1.442235,-0.0639975
-1.442035,-0.0319988
-1.441835,-0.0959963
-1.441635,-0.0959963
-1.441435,-0.0319988
-1.441235,-0.0319988
-1.441035,-0.0639975
-1.440835,-0.0319988
-1.440635,0.0319988
-1.440435,-0.0639975
-1.440235,-0.0319988
-1.440035,0
-1.439835,-0.0639975
-1.439635,-0.0319988
-1.439435,-0.0639975
-1.439235,-0.0639975
-1.439035,-0.0319988
-1.438835,0
-1.438635,-0.0319988
-1.438435,-0.0319988
-1.438235,0
-1.438035,-0.0639975
-1.437835,0
-1.437635,0.0319988
-1.437435,-0.0319988
-1.437235,0.0319988
-1.437035,0
-1.436835,0.0319988
-1.436635,0.0319988
-1.436435,0.0319988
-1.436235,0
-1.436035,0.0319988
-1.435835,-0.0319988
-1.435635,0
-1.435435,0.0319988
-1.435235,0.0319988
-1.435035,0.0319988
-1.434835,0.0639975
-1.434635,0.0639975
-1.434435,0.0319988
-1.434235,0.0639975
-1.434035,0.0319988
-1.433835,0.0319988
-1.433635,0.0639975
-1.433435,0.0639975
-1.433235,0.0319988
-1.433035,0.0639975
-1.432835,0.0319988
-1.432635,0.0319988
-1.432435,0.0639975
-1.432235,0.0319988
-1.432035,0.0319988
-1.431835,0.0639975
-1.431635,0.0639975
-1.431435,0.0639975
-1.431235,0.127995
-1.431035,0.0959963
-1.430835,0.0319988
-1.430635,0.0639975
-1.430435,0.127995
-1.430235,0.0639975
-1.430035,0.0639975
-1.429835,0.0959963
-1.429635,0.0319988
-1.429435,0.0639975
-1.429235,0.127995
-1.429035,0.0639975
-1.428835,0.0639975
-1.428635,0.0959963
-1.428435,0.0639975
-1.428235,0.0959963
-1.428035,0.0959963
-1.427835,0.0959963
-1.427635,0.127995
-1.427435,0.0959963
-1.427235,0.0959963
-1.427035,0.0639975
-1.426835,0.0959963
-1.426635,0.0959963
-1.426435,0.127995
-1.426235,0.0959963
-1.426035,0.0959963
-1.425835,0.0959963
-1.425635,0.127995
-1.425435,0.0959963
-1.425235,0.127995
-1.425035,0.127995
-1.424835,0.159994
-1.424635,0.0639975
-1.424435,0.127995
-1.424235,0.0959963
-1.424035,0.127995
-1.423835,0.0959963
-1.423635,0.0959963
-1.423435,0.127995
-1.423235,0.127995
-1.423035,0.0959963
-1.422835,0.127995
-1.422635,0.0959963
-1.422435,0.127995
-1.422235,0.127995
-1.422035,0.127995
-1.421835,0.159994
-1.421635,0.127995
-1.421435,0.0959963
-1.421235,0.127995
-1.421035,0.0959963
-1.420835,0.0959963
-1.420635,0.159994
-1.420435,0.159994
-1.420235,0.127995
-1.420035,0.0959963
-1.419835,0.0959963
-1.419635,0.0959963
-1.419435,0.127995
-1.419235,0.127995
-1.419035,0.159994
-1.418835,0.159994
-1.418635,0.127995
-1.418435,0.159994
-1.418235,0.159994
-1.418035,0.127995
-1.417835,0.127995
-1.417635,0.159994
-1.417435,0.0959963
-1.417235,0.191993
-1.417035,0.127995
-1.416835,0.127995
-1.416635,0.159994
-1.416435,0.127995
-1.416235,0.127995
-1.416035,0.127995
-1.415835,0.159994
-1.415635,0.127995
-1.415435,0.159994
-1.415235,0.159994
-1.415035,0.191993
-1.414835,0.127995
-1.414635,0.159994
-1.414435,0.127995
-1.414235,0.159994
-1.414035,0.191993
-1.413835,0.191993
-1.413635,0.127995
-1.413435,0.191993
-1.413235,0.159994
-1.413035,0.159994
-1.412835,0.127995
-1.412635,0.191993
-1.412435,0.127995
-1.412235,0.127995
-1.412035,0.159994
-1.411835,0.127995
-1.411635,0.191993
-1.411435,0.159994
-1.411235,0.159994
-1.411035,0.191993
-1.410835,0.159994
-1.410635,0.159994
-1.410435,0.159994
-1.410235,0.159994
-1.410035,0.127995
-1.409835,0.159994
-1.409635,0.191993
-1.409435,0.159994
-1.409235,0.159994
-1.409035,0.159994
-1.408835,0.159994
-1.408635,0.127995
-1.408435,0.191993
-1.408235,0.159994
-1.408035,0.159994
-1.407835,0.159994
-1.407635,0.159994
-1.407435,0.159994
-1.407235,0.159994
-1.407035,0.159994
-1.406835,0.159994
-1.406635,0.127995
-1.406435,0.159994
-1.406235,0.223991
-1.406035,0.191993
-1.405835,0.159994
-1.405635,0.191993
-1.405435,0.223991
-1.405235,0.159994
-1.405035,0.159994
-1.404835,0.191993
-1.404635,0.191993
-1.404435,0.191993
-1.404235,0.159994
-1.404035,0.159994
-1.403835,0.191993
-1.403635,0.223991
-1.403435,0.127995
-1.403235,0.159994
-1.403035,0.191993
-1.402835,0.159994
-1.402635,0.159994
-1.402435,0.159994
-1.402235,0.159994
-1.402035,0.127995
-1.401835,0.191993
-1.401635,0.159994
-1.401435,0.159994
-1.401235,0.159994
-1.401035,0.159994
-1.400835,0.159994
-1.400635,0.159994
-1.400435,0.159994
-1.400235,0.159994
-1.400035,0.159994
-1.399835,0.159994
-1.399635,0.159994
-1.399435,0.191993
-1.399235,0.159994
-1.399035,0.127995
-1.398835,0.223991
-1.398635,0.159994
-1.398435,0.159994
-1.398235,0.159994
-1.398035,0.159994
-1.397835,0.159994
-1.397635,0.159994
-1.397435,0.159994
-1.397235,0.191993
-1.397035,0.159994
-1.396835,0.159994
-1.396635,0.223991
-1.396435,0.191993
-1.396235,0.159994
-1.396035,0.159994
-1.395835,0.223991
-1.395635,0.191993
-1.395435,0.223991
-1.395235,0.191993
-1.395035,0.159994
-1.394835,0.159994
-1.394635,0.191993
-1.394435,0.159994
-1.394235,0.223991
-1.394035,0.223991
-1.393835,0.191993
-1.393635,0.191993
-1.393435,0.223991
-1.393235,0.223991
-1.393035,0.191993
-1.392835,0.25599
-1.392635,0.159994
-1.392435,0.25599
-1.392235,0.223991
-1.392035,0.191993
-1.391835,0.191993
-1.391635,0.223991
-1.391435,0.191993
-1.391235,0.223991
-1.391035,0.191993
-1.390835,0.191993
-1.390635,0.223991
-1.390435,0.223991
-1.390235,0.223991
-1.390035,0.223991
-1.389835,0.223991
-1.389635,0.223991
-1.389435,0.191993
-1.389235,0.223991
-1.389035,0.191993
-1.388835,0.25599
-1.388635,0.223991
-1.388435,0.223991
-1.388235,0.223991
-1.388035,0.223991
-1.387835,0.191993
-1.387635,0.25599
-1.387435,0.25599
-1.387235,0.191993
-1.387035,0.25599
-1.386835,0.25599
-1.386635,0.25599
-1.386435,0.25599
-1.386235,0.287989
-1.386035,0.223991
-1.385835,0.223991
-1.385635,0.287989
-1.385435,0.25599
-1.385235,0.25599
-1.385035,0.25599
-1.384835,0.25599
-1.384635,0.25599
-1.384435,0.287989
-1.384235,0.25599
-1.384035,0.223991
-1.383835,0.25599
-1.383635,0.191993
-1.383435,0.287989
-1.383235,0.25599
-1.383035,0.223991
-1.382835,0.25599
-1.382635,0.25599
-1.382435,0.287989
-1.382235,0.287989
-1.382035,0.287989
-1.381835,0.223991
-1.381635,0.287989
-1.381435,0.287989
-1.381235,0.287989
-1.381035,0.25599
-1.380835,0.287989
-1.380635,0.25599
-1.380435,0.25599
-1.380235,0.287989
-1.380035,0.25599
-1.379835,0.287989
-1.379635,0.287989
-1.379435,0.25599
-1.379235,0.25599
-1.379035,0.319988
-1.378835,0.287989
-1.378635,0.25599
-1.378435,0.287989
-1.378235,0.25599
-1.378035,0.287989
-1.377835,0.351986
-1.377635,0.319988
-1.377435,0.287989
-1.377235,0.351986
-1.377035,0.351986
-1.376835,0.319988
-1.376635,0.319988
-1.376435,0.319988
-1.376235,0.287989
-1.376035,0.319988
-1.375835,0.287989
-1.375635,0.319988
-1.375435,0.351986
-1.375235,0.319988
-1.375035,0.319988
-1.374835,0.319988
-1.374635,0.351986
-1.374435,0.319988
-1.374235,0.383985
-1.374035,0.319988
-1.373835,0.319988
-1.373635,0.351986
-1.373435,0.351986
-1.373235,0.319988
-1.373035,0.383985
-1.372835,0.351986
-1.372635,0.351986
-1.372435,0.351986
-1.372235,0.319988
-1.372035,0.351986
-1.371835,0.383985
-1.371635,0.383985
-1.371435,0.319988
-1.371235,0.351986
-1.371035,0.319988
-1.370835,0.351986
-1.370635,0.415984
-1.370435,0.383985
-1.370235,0.383985
-1.370035,0.383985
-1.369835,0.383985
-1.369635,0.383985
-1.369435,0.415984
-1.369235,0.351986
-1.369035,0.351986
-1.368835,0.383985
-1.368635,0.383985
-1.368435,0.383985
-1.368235,0.383985
-1.368035,0.383985
-1.367835,0.319988
-1.367635,0.415984
-1.367435,0.415984
-1.367235,0.383985
-1.367035,0.415984
-1.366835,0.383985
-1.366635,0.383985
-1.366435,0.383985
-1.366235,0.351986
-1.366035,0.383985
-1.365835,0.447983
-1.365635,0.383985
-1.365435,0.383985
-1.365235,0.415984
-1.365035,0.383985
-1.364835,0.383985
-1.364635,0.415984
-1.364435,0.415984
-1.364235,0.383985
-1.364035,0.383985
-1.363835,0.415984
-1.363635,0.383985
-1.363435,0.383985
-1.363235,0.415984
-1.363035,0.351986
-1.362835,0.415984
-1.362635,0.415984
-1.362435,0.383985
-1.362235,0.447983
-1.362035,0.383985
-1.361835,0.383985
-1.361635,0.415984
-1.361435,0.415984
-1.361235,0.351986
-1.361035,0.415984
-1.360835,0.383985
-1.360635,0.383985
-1.360435,0.447983
-1.360235,0.383985
-1.360035,0.415984
-1.359835,0.383985
-1.359635,0.351986
-1.359435,0.383985
-1.359235,0.383985
-1.359035,0.415984
-1.358835,0.415984
-1.358635,0.415984
-1.358435,0.319988
-1.358235,0.351986
-1.358035,0.415984
-1.357835,0.383985
-1.357635,0.383985
-1.357435,0.415984
-1.357235,0.383985
-1.357035,0.383985
-1.356835,0.383985
-1.356635,0.415984
-1.356435,0.415984
-1.356235,0.415984
-1.356035,0.383985
-1.355835,0.383985
-1.355635,0.415984
-1.355435,0.415984
-1.355235,0.383985
-1.355035,0.415984
-1.354835,0.415984
-1.354635,0.383985
-1.354435,0.383985
-1.354235,0.415984
-1.354035,0.383985
-1.353835,0.415984
-1.353635,0.383985
-1.353435,0.415984
-1.353235,0.383985
-1.353035,0.447983
-1.352835,0.415984
-1.352635,0.383985
-1.352435,0.383985
-1.352235,0.383985
-1.352035,0.415984
-1.351835,0.383985
-1.351635,0.415984
-1.351435,0.447983
-1.351235,0.415984
-1.351035,0.383985
-1.350835,0.415984
-1.350635,0.351986
-1.350435,0.383985
-1.350235,0.415984
-1.350035,0.383985
-1.349835,0.383985
-1.349635,0.415984
-1.349435,0.351986
-1.349235,0.351986
-1.349035,0.415984
-1.348835,0.383985
-1.348635,0.351986
-1.348435,0.351986
-1.348235,0.319988
-1.348035,0.383985
-1.347835,0.383985
-1.347635,0.383985
-1.347435,0.351986
-1.347235,0.383985
-1.347035,0.351986
-1.346835,0.351986
-1.346635,0.383985
-1.346435,0.383985
-1.346235,0.319988
-1.346035,0.415984
-1.345835,0.351986
-1.345635,0.351986
-1.345435,0.319988
-1.345235,0.319988
-1.345035,0.319988
-1.344835,0.351986
-1.344635,0.351986
-1.344435,0.319988
-1.344235,0.351986
-1.344035,0.351986
-1.343835,0.351986
-1.343635,0.351986
-1.343435,0.319988
-1.343235,0.351986
-1.343035,0.351986
-1.342835,0.319988
-1.342635,0.287989
-1.342435,0.351986
-1.342235,0.351986
-1.342035,0.383985
-1.341835,0.319988
-1.341635,0.319988
-1.341435,0.319988
-1.341235,0.351986
-1.341035,0.319988
-1.340835,0.351986
-1.340635,0.319988
-1.340435,0.319988
-1.340235,0.319988
-1.340035,0.319988
-1.339835,0.319988
-1.339635,0.287989
-1.339435,0.319988
-1.339235,0.287989
-1.339035,0.25599
-1.338835,0.351986
-1.338635,0.319988
-1.338435,0.287989
-1.338235,0.287989
-1.338035,0.287989
-1.337835,0.319988
-1.337635,0.319988
-1.337435,0.287989
-1.337235,0.287989
-1.337035,0.319988
-1.336835,0.287989
-1.336635,0.319988
-1.336435,0.319988
-1.336235,0.287989
-1.336035,0.287989
-1.335835,0.287989
-1.335635,0.287989
-1.335435,0.287989
-1.335235,0.287989
-1.335035,0.25599
-1.334835,0.319988
-1.334635,0.287989
-1.334435,0.25599
-1.334235,0.287989
-1.334035,0.319988
-1.333835,0.25599
-1.333635,0.287989
-1.333435,0.287989
-1.333235,0.25599
-1.333035,0.25599
-1.332835,0.287989
-1.332635,0.287989
-1.332435,0.25599
-1.332235,0.25599
-1.332035,0.25599
-1.331835,0.25599
-1.331635,0.287989
-1.331435,0.287989
-1.331235,0.287989
-1.331035,0.287989
-1.330835,0.25599
-1.330635,0.25599
-1.330435,0.287989
-1.330235,0.287989
-1.330035,0.287989
-1.329835,0.287989
-1.329635,0.287989
-1.329435,0.287989
-1.329235,0.287989
-1.329035,0.287989
-1.328835,0.25599
-1.328635,0.319988
-1.328435,0.223991
-1.328235,0.287989
-1.328035,0.287989
-1.327835,0.25599
-1.327635,0.287989
-1.327435,0.287989
-1.327235,0.25599
-1.327035,0.25599
-1.326835,0.287989
-1.326635,0.25599
-1.326435,0.287989
-1.326235,0.25599
-1.326035,0.25599
-1.325835,0.25599
-1.325635,0.319988
-1.325435,0.25599
-1.325235,0.25599
-1.325035,0.287989
-1.324835,0.223991
-1.324635,0.223991
-1.324435,0.25599
-1.324235,0.25599
-1.324035,0.25599
-1.323835,0.223991
-1.323635,0.223991
-1.323435,0.25599
-1.323235,0.287989
-1.323035,0.223991
-1.322835,0.25599
-1.322635,0.25599
-1.322435,0.25599
-1.322235,0.223991
-1.322035,0.25599
-1.321835,0.223991
-1.321635,0.25599
-1.321435,0.223991
-1.321235,0.223991
-1.321035,0.25599
-1.320835,0.287989
-1.320635,0.25599
-1.320435,0.223991
-1.320235,0.287989
-1.320035,0.25599
-1.319835,0.25599
-1.319635,0.223991
-1.319435,0.25599
-1.319235,0.25599
-1.319035,0.25599
-1.318835,0.191993
-1.318635,0.223991
-1.318435,0.25599
-1.318235,0.223991
-1.318035,0.191993
-1.317835,0.223991
-1.317635,0.191993
-1.317435,0.223991
-1.317235,0.25599
-1.317035,0.25599
-1.316835,0.191993
-1.316635,0.25599
-1.316435,0.223991
-1.316235,0.223991
-1.316035,0.25599
-1.315835,0.191993
-1.315635,0.223991
-1.315435,0.25599
-1.315235,0.223991
-1.315035,0.223991
-1.314835,0.25599
-1.314635,0.223991
-1.314435,0.191993
-1.314235,0.287989
-1.314035,0.191993
-1.313835,0.191993
-1.313635,0.223991
-1.313435,0.191993
-1.313235,0.25599
-1.313035,0.191993
-1.312835,0.223991
-1.312635,0.25599
-1.312435,0.223991
-1.312235,0.191993
-1.312035,0.191993
-1.311835,0.159994
-1.311635,0.159994
-1.311435,0.223991
-1.311235,0.159994
-1.311035,0.223991
-1.310835,0.223991
-1.310635,0.223991
-1.310435,0.191993
-1.310235,0.191993
-1.310035,0.191993
-1.309835,0.191993
-1.309635,0.191993
-1.309435,0.223991
-1.309235,0.191993
-1.309035,0.223991
-1.308835,0.191993
-1.308635,0.159994
-1.308435,0.223991
-1.308235,0.223991
-1.308035,0.191993
-1.307835,0.223991
-1.307635,0.191993
-1.307435,0.223991
-1.307235,0.223991
-1.307035,0.191993
-1.306835,0.159994
-1.306635,0.191993
-1.306435,0.191993
-1.306235,0.223991
-1.306035,0.223991
-1.305835,0.25599
-1.305635,0.191993
-1.305435,0.191993
-1.305235,0.159994
-1.305035,0.191993
-1.304835,0.191993
-1.304635,0.191993
-1.304435,0.191993
-1.304235,0.191993
-1.304035,0.223991
-1.303835,0.159994
-1.303635,0.191993
-1.303435,0.191993
-1.303235,0.191993
-1.303035,0.191993
-1.302835,0.191993
-1.302635,0.159994
-1.302435,0.191993
-1.302235,0.191993
-1.302035,0.159994
-1.301835,0.223991
-1.301635,0.223991
-1.301435,0.159994
-1.301235,0.191993
-1.301035,0.191993
-1.300835,0.191993
-1.300635,0.159994
-1.300435,0.159994
-1.300235,0.159994
-1.300035,0.191993
-1.299835,0.191993
-1.299635,0.127995
-1.299435,0.159994
-1.299235,0.159994
-1.299035,0.159994
-1.298835,0.191993
-1.298635,0.159994
-1.298435,0.159994
-1.298235,0.159994
-1.298035,0.159994
-1.297835,0.159994
-1.297635,0.191993
-1.297435,0.223991
-1.297235,0.159994
-1.297035,0.127995
-1.296835,0.159994
-1.296635,0.191993
-1.296435,0.127995
-1.296235,0.159994
-1.296035,0.191993
-1.295835,0.191993
-1.295635,0.191993
-1.295435,0.159994
-1.295235,0.159994
-1.295035,0.191993
-1.294835,0.159994
-1.294635,0.159994
-1.294435,0.159994
-1.294235,0.127995
-1.294035,0.159994
-1.293835,0.159994
-1.293635,0.159994
-1.293435,0.159994
-1.293235,0.127995
-1.293035,0.159994
-1.292835,0.191993
-1.292635,0.159994
-1.292435,0.127995
-1.292235,0.159994
-1.292035,0.159994
-1.291835,0.159994
-1.291635,0.127995
-1.291435,0.191993
-1.291235,0.127995
-1.291035,0.127995
-1.290835,0.127995
-1.290635,0.127995
-1.290435,0.159994
-1.290235,0.127995
-1.290035,0.127995
-1.289835,0.0959963
-1.289635,0.159994
-1.289435,0.127995
-1.289235,0.127995
-1.289035,0.127995
-1.288835,0.0959963
-1.288635,0.127995
-1.288435,0.0959963
-1.288235,0.0959963
-1.288035,0.0959963
-1.287835,0.0959963
-1.287635,0.0959963
-1.287435,0.0959963
-1.287235,0.0959963
-1.287035,0.0959963
-1.286835,0.0959963
-1.286635,0.0639975
-1.286435,0.0959963
-1.286235,0.0639975
-1.286035,0.0959963
-1.285835,0.0959963
-1.285635,0.0639975
-1.285435,0.0639975
-1.285235,0.0639975
-1.285035,0.0639975
-1.284835,0.0959963
-1.284635,0.0639975
-1.284435,0
-1.284235,0.0639975
-1.284035,0.0639975
-1.283835,0
-1.283635,0.0959963
-1.283435,0.0959963
-1.283235,0.0319988
-1.283035,0.0319988
-1.282835,0.0319988
-1.282635,0.0319988
-1.282435,0
-1.282235,0.0639975
-1.282035,0.0319988
-1.281835,0.0319988
-1.281635,0.0639975
-1.281435,0.0959963
-1.281235,0
-1.281035,0.0319988
-1.280835,0.0319988
-1.280635,0
-1.280435,0.0639975
-1.280235,0.0319988
-1.280035,0.0639975
-1.279835,0
-1.279635,0
-1.279435,0.0319988
-1.279235,0.0319988
-1.279035,-0.0639975
-1.278835,0
-1.278635,0.0319988
-1.278435,0
-1.278235,0
-1.278035,0
-1.277835,0.0639975
-1.277635,0.0319988
-1.277435,-0.0319988
-1.277235,0
-1.277035,0
-1.276835,0
-1.276635,-0.0319988
-1.276435,-0.0319988
-1.276235,0
-1.276035,-0.0319988
-1.275835,-0.0319988
-1.275635,0.0319988
-1.275435,-0.0639975
-1.275235,0
-1.275035,-0.0319988
-1.274835,-0.0639975
-1.274635,-0.0639975
-1.274435,-0.0319988
-1.274235,-0.0639975
-1.274035,-0.0319988
-1.273835,-0.0319988
-1.273635,-0.0639975
-1.273435,-0.0319988
-1.273235,-0.0959963
-1.273035,-0.0639975
-1.272835,-0.0639975
-1.272635,-0.0639975
-1.272435,-0.0959963
-1.272235,-0.0639975
-1.272035,-0.0639975
-1.271835,-0.0959963
-1.271635,-0.0639975
-1.271435,-0.0959963
-1.271235,-0.0959963
-1.271035,-0.0639975
-1.270835,-0.0959963
-1.270635,-0.127995
-1.270435,-0.0639975
-1.270235,-0.0639975
-1.270035,-0.0639975
-1.269835,-0.127995
-1.269635,-0.0639975
-1.269435,-0.0959963
-1.269235,-0.0639975
-1.269035,-0.0639975
-1.268835,-0.0959963
-1.268635,-0.0959963
-1.268435,-0.0959963
-1.268235,-0.127995
-1.268035,-0.127995
-1.267835,-0.0959963
-1.267635,-0.127995
-1.267435,-0.127995
-1.267235,-0.0959963
-1.267035,-0.127995
-1.266835,-0.0959963
-1.266635,-0.0639975
-1.266435,-0.127995
-1.266235,-0.127995
-1.266035,-0.0959963
-1.265835,-0.0959963
-1.265635,-0.0959963
-1.265435,-0.0639975
-1.265235,-0.127995
-1.265035,-0.0639975
-1.264835,-0.0959963
-1.264635,-0.159994
-1.264435,-0.0959963
-1.264235,-0.0959963
-1.264035,-0.127995
-1.263835,-0.159994
-1.263635,-0.127995
-1.263435,-0.159994
-1.263235,-0.0959963
-1.263035,-0.127995
-1.262835,-0.159994
-1.262635,-0.159994
-1.262435,-0.127995
-1.262235,-0.159994
-1.262035,-0.159994
-1.261835,-0.127995
-1.261635,-0.127995
-1.261435,-0.159994
-1.261235,-0.159994
-1.261035,-0.159994
-1.260835,-0.127995
-1.260635,-0.127995
-1.260435,-0.159994
-1.260235,-0.159994
-1.260035,-0.0959963
-1.259835,-0.191993
-1.259635,-0.0959963
-1.259435,-0.127995
-1.259235,-0.159994
-1.259035,-0.127995
-1.258835,-0.127995
-1.258635,-0.159994
-1.258435,-0.127995
-1.258235,-0.127995
-1.258035,-0.159994
-1.257835,-0.159994
-1.257635,-0.127995
-1.257435,-0.159994
-1.257235,-0.159994
-1.257035,-0.0959963
-1.256835,-0.223991
-1.256635,-0.159994
-1.256435,-0.127995
-1.256235,-0.159994
-1.256035,-0.159994
-1.255835,-0.159994
-1.255635,-0.159994
-1.255435,-0.159994
-1.255235,-0.159994
-1.255035,-0.223991
-1.254835,-0.159994
-1.254635,-0.127995
-1.254435,-0.159994
-1.254235,-0.191993
-1.254035,-0.159994
-1.253835,-0.159994
-1.253635,-0.159994
-1.253435,-0.191993
-1.253235,-0.159994
-1.253035,-0.159994
-1.252835,-0.159994
-1.252635,-0.191993
-1.252435,-0.191993
-1.252235,-0.159994
-1.252035,-0.191993
-1.251835,-0.127995
-1.251635,-0.191993
-1.251435,-0.159994
-1.251235,-0.223991
-1.251035,-0.191993
-1.250835,-0.223991
-1.250635,-0.159994
-1.250435,-0.191993
-1.250235,-0.191993
-1.250035,-0.223991
-1.249835,-0.191993
-1.249635,-0.223991
-1.249435,-0.223991
-1.249235,-0.159994
-1.249035,-0.191993
-1.248835,-0.191993
-1.248635,-0.223991
-1.248435,-0.191993
-1.248235,-0.191993
-1.248035,-0.191993
-1.247835,-0.223991
-1.247635,-0.191993
-1.247435,-0.223991
-1.247235,-0.223991
-1.247035,-0.25599
-1.246835,-0.223991
-1.246635,-0.223991
-1.246435,-0.191993
-1.246235,-0.223991
-1.246035,-0.223991
-1.245835,-0.25599
-1.245635,-0.223991
-1.245435,-0.223991
-1.245235,-0.25599
-1.245035,-0.191993
-1.244835,-0.25599
-1.244635,-0.223991
-1.244435,-0.191993
-1.244235,-0.223991
-1.244035,-0.25599
-1.243835,-0.223991
-1.243635,-0.25599
-1.243435,-0.223991
-1.243235,-0.223991
-1.243035,-0.223991
-1.242835,-0.25599
-1.242635,-0.191993
-1.242435,-0.25599
-1.242235,-0.223991
-1.242035,-0.223991
-1.241835,-0.25599
-1.241635,-0.191993
-1.241435,-0.191993
-1.241235,-0.223991
-1.241035,-0.223991
-1.240835,-0.223991
-1.240635,-0.223991
-1.240435,-0.191993
-1.240235,-0.191993
-1.240035,-0.287989
-1.239835,-0.223991
-1.239635,-0.223991
-1.239435,-0.25599
-1.239235,-0.25599
-1.239035,-0.25599
-1.238835,-0.191993
-1.238635,-0.287989
-1.238435,-0.159994
-1.238235,-0.223991
-1.238035,-0.25599
-1.237835,-0.159994
-1.237635,-0.25599
-1.237435,-0.223991
-1.237235,-0.191993
-1.237035,-0.25599
-1.236835,-0.223991
-1.236635,-0.25599
-1.236435,-0.223991
-1.236235,-0.25599
-1.236035,-0.223991
-1.235835,-0.25599
-1.235635,-0.25599
-1.235435,-0.223991
-1.235235,-0.25599
-1.235035,-0.25599
-1.234835,-0.223991
-1.234635,-0.25599
-1.234435,-0.223991
-1.234235,-0.191993
-1.234035,-0.223991
-1.233835,-0.25599
-1.233635,-0.223991
-1.233435,-0.25599
-1.233235,-0.25599
-1.233035,-0.223991
-1.232835,-0.25599
-1.232635,-0.25599
-1.232435,-0.191993
-1.232235,-0.25599
-1.232035,-0.191993
-1.231835,-0.191993
-1.231635,-0.223991
-1.231435,-0.223991
-1.231235,-0.287989
-1.231035,-0.223991
-1.230835,-0.25599
-1.230635,-0.223991
-1.230435,-0.25599
-1.230235,-0.223991
-1.230035,-0.191993
-1.229835,-0.191993
-1.229635,-0.191993
-1.229435,-0.223991
-1.229235,-0.223991
-1.229035,-0.25599
-1.228835,-0.159994
-1.228635,-0.25599
-1.228435,-0.223991
-1.228235,-0.191993
-1.228035,-0.25599
-1.227835,-0.287989
-1.227635,-0.191993
-1.227435,-0.223991
-1.227235,-0.223991
-1.227035,-0.223991
-1.226835,-0.25599
-1.226635,-0.223991
-1.226435,-0.223991
-1.226235,-0.223991
-1.226035,-0.287989
-1.225835,-0.223991
-1.225635,-0.25599
-1.225435,-0.25599
-1.225235,-0.223991
-1.225035,-0.25599
-1.224835,-0.223991
-1.224635,-0.223991
-1.224435,-0.287989
-1.224235,-0.25599
-1.224035,-0.191993
-1.223835,-0.25599
-1.223635,-0.25599
-1.223435,-0.25599
-1.223235,-0.25599
-1.223035,-0.25599
-1.222835,-0.191993
-1.222635,-0.25599
-1.222435,-0.25599
-1.222235,-0.191993
-1.222035,-0.25599
-1.221835,-0.223991
-1.221635,-0.25599
-1.221435,-0.25599
-1.221235,-0.25599
-1.221035,-0.25599
-1.220835,-0.25599
-1.220635,-0.223991
-1.220435,-0.223991
-1.220235,-0.223991
-1.220035,-0.25599
-1.219835,-0.223991
-1.219635,-0.223991
-1.219435,-0.223991
-1.219235,-0.191993
-1.219035,-0.223991
-1.218835,-0.223991
-1.218635,-0.191993
-1.218435,-0.191993
-1.218235,-0.25599
-1.218035,-0.191993
-1.217835,-0.223991
-1.217635,-0.159994
-1.217435,-0.223991
-1.217235,-0.223991
-1.217035,-0.223991
-1.216835,-0.223991
-1.216635,-0.191993
-1.216435,-0.25599
-1.216235,-0.223991
-1.216035,-0.191993
-1.215835,-0.25599
-1.215635,-0.223991
-1.215435,-0.191993
-1.215235,-0.25599
-1.215035,-0.191993
-1.214835,-0.25599
-1.214635,-0.223991
-1.214435,-0.223991
-1.214235,-0.223991
-1.214035,-0.25599
-1.213835,-0.223991
-1.213635,-0.25599
-1.213435,-0.223991
-1.213235,-0.223991
-1.213035,-0.25599
-1.212835,-0.223991
-1.212635,-0.191993
-1.212435,-0.223991
-1.212235,-0.223991
-1.212035,-0.223991
-1.211835,-0.223991
-1.211635,-0.25599
-1.211435,-0.191993
-1.211235,-0.191993
-1.211035,-0.25599
-1.210835,-0.191993
-1.210635,-0.191993
-1.210435,-0.25599
-1.210235,-0.191993
-1.210035,-0.223991
-1.209835,-0.25599
-1.209635,-0.223991
-1.209435,-0.25599
-1.209235,-0.223991
-1.209035,-0.191993
-1.208835,-0.223991
-1.208635,-0.191993
-1.208435,-0.223991
-1.208235,-0.159994
-1.208035,-0.25599
-1.207835,-0.191993
-1.207635,-0.223991
-1.207435,-0.25599
-1.207235,-0.223991
-1.207035,-0.223991
-1.206835,-0.223991
-1.206635,-0.223991
-1.206435,-0.191993
-1.206235,-0.223991
-1.206035,-0.191993
-1.205835,-0.191993
-1.205635,-0.191993
-1.205435,-0.191993
-1.205235,-0.191993
-1.205035,-0.25599
-1.204835,-0.223991
-1.204635,-0.223991
-1.204435,-0.25599
-1.204235,-0.191993
-1.204035,-0.191993
-1.203835,-0.223991
-1.203635,-0.191993
-1.203435,-0.191993
-1.203235,-0.191993
-1.203035,-0.191993
-1.202835,-0.223991
-1.202635,-0.25599
-1.202435,-0.191993
-1.202235,-0.191993
-1.202035,-0.191993
-1.201835,-0.191993
-1.201635,-0.223991
-1.201435,-0.25599
-1.201235,-0.191993
-1.201035,-0.25599
-1.200835,-0.223991
-1.200635,-0.191993
-1.200435,-0.223991
-1.200235,-0.223991
-1.200035,-0.223991
-1.199835,-0.25599
-1.199635,-0.191993
-1.199435,-0.223991
-1.199235,-0.223991
-1.199035,-0.223991
-1.198835,-0.223991
-1.198635,-0.25599
-1.198435,-0.191993
-1.198235,-0.191993
-1.198035,-0.191993
-1.197835,-0.223991
-1.197635,-0.159994
-1.197435,-0.223991
-1.197235,-0.223991
-1.197035,-0.159994
-1.196835,-0.191993
-1.196635,-0.191993
-1.196435,-0.159994
-1.196235,-0.223991
-1.196035,-0.159994
-1.195835,-0.159994
-1.195635,-0.191993
-1.195435,-0.223991
-1.195235,-0.191993
-1.195035,-0.191993
-1.194835,-0.223991
-1.194635,-0.159994
-1.194435,-0.223991
-1.194235,-0.159994
-1.194035,-0.159994
-1.193835,-0.159994
-1.193635,-0.223991
-1.193435,-0.223991
-1.193235,-0.191993
-1.193035,-0.191993
-1.192835,-0.159994
-1.192635,-0.223991
-1.192435,-0.191993
-1.192235,-0.191993
-1.192035,-0.223991
-1.191835,-0.191993
-1.191635,-0.191993
-1.191435,-0.223991
-1.191235,-0.223991
-1.191035,-0.159994
-1.190835,-0.223991
-1.190635,-0.191993
-1.190435,-0.159994
-1.190235,-0.191993
-1.190035,-0.25599
-1.189835,-0.159994
-1.189635,-0.223991
-1.189435,-0.223991
-1.189235,-0.191993
-1.189035,-0.223991
-1.188835,-0.223991
-1.188635,-0.191993
-1.188435,-0.191993
-1.188235,-0.223991
-1.188035,-0.191993
-1.187835,-0.223991
-1.187635,-0.191993
-1.187435,-0.191993
-1.187235,-0.191993
-1.187035,-0.223991
-1.186835,-0.191993
-1.186635,-0.223991
-1.186435,-0.223991
-1.186235,-0.223991
-1.186035,-0.25599
-1.185835,-0.25599
-1.185635,-0.223991
-1.185435,-0.191993
-1.185235,-0.223991
-1.185035,-0.191993
-1.184835,-0.25599
-1.184635,-0.223991
-1.184435,-0.191993
-1.184235,-0.191993
-1.184035,-0.223991
-1.183835,-0.191993
-1.183635,-0.223991
-1.183435,-0.191993
-1.183235,-0.191993
-1.183035,-0.223991
-1.182835,-0.223991
-1.182635,-0.191993
-1.182435,-0.25599
-1.182235,-0.223991
-1.182035,-0.191993
-1.181835,-0.223991
-1.181635,-0.25599
-1.181435,-0.223991
-1.181235,-0.25599
-1.181035,-0.223991
-1.180835,-0.223991
-1.180635,-0.223991
-1.180435,-0.287989
-1.180235,-0.223991
-1.180035,-0.223991
-1.179835,-0.223991
-1.179635,-0.223991
-1.179435,-0.25599
-1.179235,-0.191993
-1.179035,-0.25599
-1.178835,-0.223991
-1.178635,-0.191993
-1.178435,-0.191993
-1.178235,-0.25599
-1.178035,-0.223991
-1.177835,-0.223991
-1.177635,-0.25599
-1.177435,-0.223991
-1.177235,-0.191993
-1.177035,-0.25599
-1.176835,-0.223991
-1.176635,-0.25599
-1.176435,-0.25599
-1.176235,-0.223991
-1.176035,-0.191993
-1.175835,-0.223991
-1.175635,-0.25599
-1.175435,-0.191993
-1.175235,-0.25599
-1.175035,-0.25599
-1.174835,-0.287989
-1.174635,-0.25599
-1.174435,-0.223991
-1.174235,-0.223991
-1.174035,-0.287989
-1.173835,-0.25599
-1.173635,-0.191993
-1.173435,-0.25599
-1.173235,-0.25599
-1.173035,-0.223991
-1.172835,-0.223991
-1.172635,-0.25599
-1.172435,-0.223991
-1.172235,-0.223991
-1.172035,-0.223991
-1.171835,-0.191993
-1.171635,-0.191993
-1.171435,-0.25599
-1.171235,-0.223991
-1.171035,-0.25599
-1.170835,-0.223991
-1.170635,-0.159994
-1.170435,-0.223991
-1.170235,-0.223991
-1.170035,-0.287989
-1.169835,-0.223991
-1.169635,-0.25599
-1.169435,-0.191993
-1.169235,-0.223991
-1.169035,-0.223991
-1.168835,-0.191993
-1.168635,-0.25599
-1.168435,-0.191993
-1.168235,-0.191993
-1.168035,-0.191993
-1.167835,-0.223991
-1.167635,-0.223991
-1.167435,-0.191993
-1.167235,-0.223991
-1.167035,-0.25599
-1.166835,-0.223991
-1.166635,-0.25599
-1.166435,-0.191993
-1.166235,-0.223991
-1.166035,-0.191993
-1.165835,-0.191993
-1.165635,-0.223991
-1.165435,-0.223991
-1.165235,-0.223991
-1.165035,-0.223991
-1.164835,-0.191993
-1.164635,-0.191993
-1.164435,-0.25599
-1.164235,-0.25599
-1.164035,-0.191993
-1.163835,-0.191993
-1.163635,-0.191993
-1.163435,-0.223991
-1.163235,-0.191993
-1.163035,-0.191993
-1.162835,-0.191993
-1.162635,-0.223991
-1.162435,-0.25599
-1.162235,-0.191993
-1.162035,-0.223991
-1.161835,-0.223991
-1.161635,-0.159994
-1.161435,-0.223991
-1.161235,-0.191993
-1.161035,-0.191993
-1.160835,-0.223991
-1.160635,-0.223991
-1.160435,-0.159994
-1.160235,-0.223991
-1.160035,-0.25599
-1.159835,-0.223991
-1.159635,-0.191993
-1.159435,-0.191993
-1.159235,-0.191993
-1.159035,-0.191993
-1.158835,-0.223991
-1.158635,-0.191993
-1.158435,-0.25599
-1.158235,-0.191993
-1.158035,-0.191993
-1.157835,-0.191993
-1.157635,-0.223991
-1.157435,-0.191993
-1.157235,-0.223991
-1.157035,-0.191993
-1.156835,-0.223991
-1.156635,-0.25599
-1.156435,-0.223991
-1.156235,-0.191993
-1.156035,-0.191993
-1.155835,-0.191993
-1.155635,-0.191993
-1.155435,-0.191993
-1.155235,-0.191993
-1.155035,-0.191993
-1.154835,-0.25599
-1.154635,-0.191993
-1.154435,-0.191993
-1.154235,-0.191993
-1.154035,-0.159994
-1.153835,-0.191993
-1.153635,-0.159994
-1.153435,-0.159994
-1.153235,-0.159994
-1.153035,-0.159994
-1.152835,-0.191993
-1.152635,-0.191993
-1.152435,-0.159994
-1.152235,-0.159994
-1.152035,-0.159994
-1.151835,-0.191993
-1.151635,-0.159994
-1.151435,-0.159994
-1.151235,-0.223991
-1.151035,-0.159994
-1.150835,-0.159994
-1.150635,-0.191993
-1.150435,-0.159994
-1.150235,-0.159994
-1.150035,-0.191993
-1.149835,-0.159994
-1.149635,-0.127995
-1.149435,-0.191993
-1.149235,-0.191993
-1.149035,-0.127995
-1.148835,-0.159994
-1.148635,-0.159994
-1.148435,-0.159994
-1.148235,-0.191993
-1.148035,-0.191993
-1.147835,-0.159994
-1.147635,-0.191993
-1.147435,-0.191993
-1.147235,-0.159994
-1.147035,-0.191993
-1.146835,-0.191993
-1.146635,-0.159994
-1.146435,-0.159994
-1.146235,-0.191993
-1.146035,-0.127995
-1.145835,-0.159994
-1.145635,-0.159994
-1.145435,-0.127995
-1.145235,-0.159994
-1.145035,-0.127995
-1.144835,-0.127995
-1.144635,-0.159994
-1.144435,-0.127995
-1.144235,-0.127995
-1.144035,-0.159994
-1.143835,-0.159994
-1.143635,-0.127995
-1.143435,-0.159994
-1.143235,-0.127995
-1.143035,-0.127995
-1.142835,-0.127995
-1.142635,-0.127995
-1.142435,-0.127995
-1.142235,-0.159994
-1.142035,-0.159994
-1.141835,-0.127995
-1.141635,-0.127995
-1.141435,-0.127995
-1.141235,-0.0959963
-1.141035,-0.159994
-1.140835,-0.127995
-1.140635,-0.0959963
-1.140435,-0.127995
-1.140235,-0.0959963
-1.140035,-0.0959963
-1.139835,-0.0959963
-1.139635,-0.0959963
-1.139435,-0.127995
-1.139235,-0.0959963
-1.139035,-0.0959963
-1.138835,-0.0959963
-1.138635,-0.0959963
-1.138435,-0.0959963
-1.138235,-0.0639975
-1.138035,-0.159994
-1.137835,-0.0959963
-1.137635,-0.0639975
-1.137435,-0.127995
-1.137235,-0.0959963
-1.137035,-0.0959963
-1.136835,-0.127995
-1.136635,-0.0639975
-1.136435,-0.0959963
-1.136235,-0.0959963
-1.136035,-0.0639975
-1.135835,-0.0959963
-1.135635,-0.127995
-1.135435,-0.0959963
-1.135235,-0.0959963
-1.135035,-0.127995
-1.134835,-0.127995
-1.134635,-0.0959963
-1.134435,-0.0959963
-1.134235,-0.0639975
-1.134035,-0.0319988
-1.133835,-0.0959963
-1.133635,-0.0639975
-1.133435,-0.0319988
-1.133235,-0.0959963
-1.133035,-0.0639975
-1.132835,-0.0959963
-1.132635,-0.0959963
-1.132435,-0.0959963
-1.132235,-0.0639975
-1.132035,-0.0959963
-1.131835,-0.0959963
-1.131635,-0.0319988
-1.131435,-0.0639975
-1.131235,-0.0959963
-1.131035,-0.0639975
-1.130835,-0.0639975
-1.130635,-0.0959963
-1.130435,-0.0959963
-1.130235,-0.127995
-1.130035,-0.0959963
-1.129835,-0.0639975
-1.129635,-0.0959963
-1.129435,-0.0319988
-1.129235,-0.0639975
-1.129035,-0.0639975
-1.128835,-0.0639975
-1.128635,-0.0639975
-1.128435,-0.0639975
-1.128235,-0.0959963
-1.128035,-0.0639975
-1.127835,-0.0959963
-1.127635,-0.0639975
-1.127435,-0.0639975
-1.127235,-0.0959963
-1.127035,-0.0959963
-1.126835,-0.0639975
-1.126635,-0.0959963
-1.126435,-0.0639975
-1.126235,-0.0959963
-1.126035,-0.127995
-1.125835,-0.0639975
-1.125635,-0.0959963
-1.125435,-0.0639975
-1.125235,-0.0959963
-1.125035,-0.0959963
-1.124835,-0.0959963
-1.124635,-0.0959963
-1.124435,-0.0319988
-1.124235,-0.0959963
-1.124035,-0.0959963
-1.123835,-0.0959963
-1.123635,-0.0959963
-1.123435,-0.0959963
-1.123235,-0.0639975
-1.123035,-0.127995
-1.122835,-0.127995
-1.122635,-0.0959963
-1.122435,-0.0639975
-1.122235,-0.0959963
-1.122035,-0.0319988
-1.121835,-0.127995
-1.121635,-0.0959963
-1.121435,-0.0639975
-1.121235,-0.0959963
-1.121035,-0.0959963
-1.120835,-0.0639975
-1.120635,-0.0639975
-1.120435,-0.0959963
-1.120235,-0.0639975
-1.120035,-0.0959963
-1.119835,-0.0959963
-1.119635,-0.0959963
-1.119435,-0.0959963
-1.119235,-0.0639975
-1.119035,-0.0639975
-1.118835,-0.0639975
-1.118635,-0.0639975
-1.118435,-0.0639975
-1.118235,-0.0639975
-1.118035,-0.0959963
-1.117835,-0.0959963
-1.117635,-0.0959963
-1.117435,-0.0639975
-1.117235,-0.0959963
-1.117035,-0.0639975
-1.116835,-0.0959963
-1.116635,-0.0639975
-1.116435,-0.127995
-1.116235,-0.0959963
-1.116035,-0.0639975
-1.115835,-0.0959963
-1.115635,-0.0639975
-1.115435,-0.0959963
-1.115235,-0.127995
-1.115035,-0.0959963
-1.114835,-0.0639975
-1.114635,-0.0959963
-1.114435,-0.0959963
-1.114235,-0.0639975
-1.114035,-0.0959963
-1.113835,-0.0959963
-1.113635,-0.0639975
-1.113435,-0.0959963
-1.113235,-0.0639975
-1.113035,-0.0639975
-1.112835,-0.127995
-1.112635,-0.0639975
-1.112435,-0.0959963
-1.112235,-0.127995
-1.112035,-0.0319988
-1.111835,-0.0639975
-1.111635,-0.0959963
-1.111435,-0.0959963
-1.111235,-0.0639975
-1.111035,-0.0959963
-1.110835,-0.127995
-1.110635,-0.0959963
-1.110435,-0.127995
-1.110235,-0.127995
-1.110035,-0.0319988
-1.109835,-0.0959963
-1.109635,-0.0319988
-1.109435,-0.127995
-1.109235,-0.0959963
-1.109035,-0.0959963
-1.108835,-0.0959963
-1.108635,-0.0959963
-1.108435,-0.0639975
-1.108235,-0.0959963
-1.108035,-0.0639975
-1.107835,-0.0639975
-1.107635,-0.127995
-1.107435,-0.0959963
-1.107235,-0.0319988
-1.107035,-0.0639975
-1.106835,-0.0959963
-1.106635,-0.0959963
-1.106435,-0.0319988
-1.106235,-0.0959963
-1.106035,0
-1.105835,-0.0319988
-1.105635,-0.0959963
-1.105435,-0.0639975
-1.105235,-0.0639975
-1.105035,-0.0959963
-1.104835,-0.0319988
-1.104635,-0.0639975
-1.104435,-0.0959963
-1.104235,-0.0639975
-1.104035,-0.0319988
-1.103835,-0.0639975
-1.103635,0
-1.103435,-0.0319988
-1.103235,-0.0959963
-1.103035,-0.0639975
-1.102835,-0.0319988
-1.102635,-0.0319988
-1.102435,-0.0639975
-1.102235,-0.0639975
-1.102035,-0.0639975
-1.101835,-0.0959963
-1.101635,-0.0319988
-1.101435,-0.0639975
-1.101235,0
-1.101035,-0.0639975
-1.100835,-0.0639975
-1.100635,-0.0639975
-1.100435,-0.0319988
-1.100235,-0.0319988
-1.100035,0
-1.099835,-0.0639975
-1.099635,-0.0959963
-1.099435,-0.0319988
-1.099235,-0.0319988
-1.099035,-0.0639975
-1.098835,-0.0319988
-1.098635,0
-1.098435,-0.0319988
-1.098235,-0.0639975
-1.098035,-0.0319988
-1.097835,-0.0639975
-1.097635,-0.0319988
-1.097435,0
-1.097235,-0.0639975
-1.097035,0
-1.096835,-0.0319988
-1.096635,-0.0959963
-1.096435,0.0319988
-1.096235,-0.0319988
-1.096035,-0.0319988
-1.095835,0.0319988
-1.095635,-0.0319988
-1.095435,-0.0319988
-1.095235,0
-1.095035,0
-1.094835,-0.0319988
-1.094635,-0.0319988
-1.094435,-0.0319988
-1.094235,-0.0959963
-1.094035,0
-1.093835,0
-1.093635,-0.0639975
-1.093435,0
-1.093235,0
-1.093035,-0.0639975
-1.092835,0
-1.092635,-0.0319988
-1.092435,-0.0639975
-1.092235,-0.0319988
-1.092035,-0.0319988
-1.091835,-0.0639975
-1.091635,-0.0319988
-1.091435,0
-1.091235,-0.0639975
-1.091035,0
-1.090835,0
-1.090635,-0.0319988
-1.090435,-0.0639975
-1.090235,0.0319988
-1.090035,-0.0639975
-1.089835,-0.0639975
-1.089635,-0.0319988
-1.089435,0
-1.089235,-0.0639975
-1.089035,-0.0319988
-1.088835,-0.0639975
-1.088635,-0.0319988
-1.088435,-0.0319988
-1.088235,-0.0319988
-1.088035,-0.0319988
-1.087835,-0.0319988
-1.087635,-0.0959963
-1.087435,-0.0639975
-1.087235,-0.0319988
-1.087035,-0.0639975
-1.086835,-0.0319988
-1.086635,-0.0319988
-1.086435,0
-1.086235,-0.0319988
-1.086035,-0.0319988
-1.085835,-0.0319988
-1.085635,-0.0639975
-1.085435,-0.0639975
-1.085235,-0.0639975
-1.085035,-0.0639975
-1.084835,-0.0319988
-1.084635,-0.0959963
-1.084435,-0.0639975
-1.084235,-0.0319988
-1.084035,-0.0319988
-1.083835,0
-1.083635,-0.0959963
-1.083435,0
-1.083235,-0.0959963
-1.083035,-0.0319988
-1.082835,-0.0319988
-1.082635,-0.0639975
-1.082435,-0.0319988
-1.082235,-0.0639975
-1.082035,-0.0959963
-1.081835,-0.0319988
-1.081635,-0.0959963
-1.081435,-0.0319988
-1.081235,-0.0319988
-1.081035,-0.0639975
-1.080835,-0.0959963
-1.080635,-0.0639975
-1.080435,-0.0639975
-1.080235,-0.0319988
-1.080035,-0.0319988
-1.079835,-0.0319988
-1.079635,-0.0959963
-1.079435,-0.0639975
-1.079235,-0.0639975
-1.079035,-0.0639975
-1.078835,0
-1.078635,-0.0319988
-1.078435,-0.0639975
-1.078235,-0.0639975
-1.078035,-0.0959963
-1.077835,-0.0639975
-1.077635,-0.0639975
-1.077435,-0.0959963
-1.077235,-0.0959963
-1.077035,-0.0639975
-1.076835,-0.127995
-1.076635,-0.0639975
-1.076435,-0.0959963
-1.076235,-0.127995
-1.076035,-0.0959963
-1.075835,-0.0959963
-1.075635,-0.127995
-1.075435,-0.0959963
-1.075235,-0.127995
-1.075035,-0.0639975
-1.074835,-0.0959963
-1.074635,-0.0639975
-1.074435,-0.127995
-1.074235,-0.0959963
-1.074035,-0.0319988
-1.073835,-0.127995
-1.073635,-0.0959963
-1.073435,-0.0639975
-1.073235,-0.159994
-1.073035,-0.0959963
-1.072835,-0.0959963
-1.072635,-0.127995
-1.072435,-0.0959963
-1.072235,-0.0959963
-1.072035,-0.127995
-1.071835,-0.127995
-1.071635,-0.159994
-1.071435,-0.127995
-1.071235,-0.159994
-1.071035,-0.0959963
-1.070835,-0.127995
-1.070635,-0.0959963
-1.070435,-0.127995
-1.070235,-0.127995
-1.070035,-0.127995
-1.069835,-0.159994
-1.069635,-0.159994
-1.069435,-0.127995
-1.069235,-0.0959963
-1.069035,-0.159994
-1.068835,-0.127995
-1.068635,-0.0959963
-1.068435,-0.159994
-1.068235,-0.127995
-1.068035,-0.127995
-1.067835,-0.127995
-1.067635,-0.127995
-1.067435,-0.0959963
-1.067235,-0.159994
-1.067035,-0.127995
-1.066835,-0.127995
-1.066635,-0.159994
-1.066435,-0.159994
-1.066235,-0.127995
-1.066035,-0.191993
-1.065835,-0.159994
-1.065635,-0.127995
-1.065435,-0.159994
-1.065235,-0.159994
-1.065035,-0.127995
-1.064835,-0.159994
-1.064635,-0.159994
-1.064435,-0.127995
-1.064235,-0.191993
-1.064035,-0.159994
-1.063835,-0.127995
-1.063635,-0.191993
-1.063435,-0.191993
-1.063235,-0.127995
-1.063035,-0.191993
-1.062835,-0.127995
-1.062635,-0.127995
-1.062435,-0.191993
-1.062235,-0.127995
-1.062035,-0.191993
-1.061835,-0.191993
-1.061635,-0.127995
-1.061435,-0.159994
-1.061235,-0.159994
-1.061035,-0.159994
-1.060835,-0.159994
-1.060635,-0.159994
-1.060435,-0.191993
-1.060235,-0.127995
-1.060035,-0.191993
-1.059835,-0.159994
-1.059635,-0.191993
-1.059435,-0.191993
-1.059235,-0.127995
-1.059035,-0.159994
-1.058835,-0.159994
-1.058635,-0.159994
-1.058435,-0.159994
-1.058235,-0.159994
-1.058035,-0.127995
-1.057835,-0.159994
-1.057635,-0.159994
-1.057435,-0.159994
-1.057235,-0.127995
-1.057035,-0.159994
-1.056835,-0.159994
-1.056635,-0.127995
-1.056435,-0.159994
-1.056235,-0.191993
-1.056035,-0.127995
-1.055835,-0.191993
-1.055635,-0.159994
-1.055435,-0.127995
-1.055235,-0.191993
-1.055035,-0.191993
-1.054835,-0.159994
-1.054635,-0.191993
-1.054435,-0.159994
-1.054235,-0.191993
-1.054035,-0.191993
-1.053835,-0.159994
-1.053635,-0.127995
-1.053435,-0.159994
-1.053235,-0.159994
-1.053035,-0.159994
-1.052835,-0.159994
-1.052635,-0.191993
-1.052435,-0.127995
-1.052235,-0.191993
-1.052035,-0.159994
-1.051835,-0.127995
-1.051635,-0.191993
-1.051435,-0.159994
-1.051235,-0.127995
-1.051035,-0.223991
-1.050835,-0.159994
-1.050635,-0.159994
-1.050435,-0.191993
-1.050235,-0.159994
-1.050035,-0.159994
-1.049835,-0.191993
-1.049635,-0.159994
-1.049435,-0.191993
-1.049235,-0.191993
-1.049035,-0.159994
-1.048835,-0.127995
-1.048635,-0.223991
-1.048435,-0.127995
-1.048235,-0.0959963
-1.048035,-0.191993
-1.047835,-0.159994
-1.047635,-0.159994
-1.047435,-0.191993
-1.047235,-0.191993
-1.047035,-0.127995
-1.046835,-0.159994
-1.046635,-0.127995
-1.046435,-0.127995
-1.046235,-0.127995
-1.046035,-0.127995
-1.045835,-0.127995
-1.045635,-0.159994
-1.045435,-0.159994
-1.045235,-0.127995
-1.045035,-0.159994
-1.044835,-0.159994
-1.044635,-0.0959963
-1.044435,-0.159994
-1.044235,-0.127995
-1.044035,-0.127995
-1.043835,-0.191993
-1.043635,-0.0959963
-1.043435,-0.159994
-1.043235,-0.191993
-1.043035,-0.159994
-1.042835,-0.127995
-1.042635,-0.159994
-1.042435,-0.159994
-1.042235,-0.159994
-1.042035,-0.159994
-1.041835,-0.127995
-1.041635,-0.127995
-1.041435,-0.191993
-1.041235,-0.127995
-1.041035,-0.159994
-1.040835,-0.127995
-1.040635,-0.159994
-1.040435,-0.127995
-1.040235,-0.159994
-1.040035,-0.159994
-1.039835,-0.127995
-1.039635,-0.127995
-1.039435,-0.127995
-1.039235,-0.159994
-1.039035,-0.127995
-1.038835,-0.159994
-1.038635,-0.0959963
-1.038435,-0.159994
-1.038235,-0.191993
-1.038035,-0.127995
-1.037835,-0.159994
-1.037635,-0.127995
-1.037435,-0.127995
-1.037235,-0.159994
-1.037035,-0.159994
-1.036835,-0.127995
-1.036635,-0.159994
-1.036435,-0.191993
-1.036235,-0.0959963
-1.036035,-0.159994
-1.035835,-0.159994
-1.035635,-0.159994
-1.035435,-0.159994
-1.035235,-0.191993
-1.035035,-0.159994
-1.034835,-0.159994
-1.034635,-0.191993
-1.034435,-0.127995
-1.034235,-0.159994
-1.034035,-0.127995
-1.033835,-0.159994
-1.033635,-0.159994
-1.033435,-0.159994
-1.033235,-0.127995
-1.033035,-0.159994
-1.032835,-0.159994
-1.032635,-0.127995
-1.032435,-0.159994
-1.032235,-0.159994
-1.032035,-0.127995
-1.031835,-0.191993
-1.031635,-0.127995
-1.031435,-0.159994
-1.031235,-0.159994
-1.031035,-0.0959963
-1.030835,-0.0959963
-1.030635,-0.159994
-1.030435,-0.0959963
-1.030235,-0.0639975
-1.030035,-0.191993
-1.029835,-0.127995
-1.029635,-0.127995
-1.029435,-0.159994
-1.029235,-0.127995
-1.029035,-0.159994
-1.028835,-0.0959963
-1.028635,-0.127995
-1.028435,-0.127995
-1.028235,-0.159994
-1.028035,-0.159994
-1.027835,-0.127995
-1.027635,-0.159994
-1.027435,-0.127995
-1.027235,-0.159994
-1.027035,-0.159994
-1.026835,-0.127995
-1.026635,-0.127995
-1.026435,-0.127995
-1.026235,-0.159994
-1.026035,-0.0959963
-1.025835,-0.159994
-1.025635,-0.159994
-1.025435,-0.127995
-1.025235,-0.159994
-1.025035,-0.127995
-1.024835,-0.0959963
-1.024635,-0.159994
-1.024435,-0.127995
-1.024235,-0.159994
-1.024035,-0.159994
-1.023835,-0.127995
-1.023635,-0.0959963
-1.023435,-0.127995
-1.023235,-0.159994
-1.023035,-0.159994
-1.022835,-0.127995
-1.022635,-0.127995
-1.022435,-0.127995
-1.022235,-0.127995
-1.022035,-0.0319988
-1.021835,-0.0959963
-1.021635,-0.0959963
-1.021435,-0.127995
-1.021235,-0.0639975
-1.021035,-0.127995
-1.020835,-0.0959963
-1.020635,-0.0959963
-1.020435,-0.127995
-1.020235,-0.0639975
-1.020035,-0.191993
-1.019835,-0.127995
-1.019635,-0.159994
-1.019435,-0.0959963
-1.019235,-0.127995
-1.019035,-0.0959963
-1.018835,-0.127995
-1.018635,-0.127995
-1.018435,-0.127995
-1.018235,-0.0959963
-1.018035,-0.127995
-1.017835,-0.0959963
-1.017635,-0.0959963
-1.017435,-0.0959963
-1.017235,-0.0959963
-1.017035,-0.0639975
-1.016835,-0.0959963
-1.016635,-0.0959963
-1.016435,-0.0959963
-1.016235,-0.0639975
-1.016035,-0.0959963
-1.015835,-0.0639975
-1.015635,-0.0959963
-1.015435,-0.0639975
-1.015235,-0.0639975
-1.015035,-0.0959963
-1.014835,-0.0639975
-1.014635,-0.0959963
-1.014435,-0.0959963
-1.014235,-0.0639975
-1.014035,-0.0959963
-1.013835,-0.127995
-1.013635,-0.0959963
-1.013435,-0.0959963
-1.013235,-0.127995
-1.013035,-0.0639975
-1.012835,-0.0959963
-1.012635,-0.0639975
-1.012435,-0.0959963
-1.012235,-0.0639975
-1.012035,-0.0639975
-1.011835,-0.0639975
-1.011635,-0.0639975
-1.011435,-0.0959963
-1.011235,-0.0959963
-1.011035,-0.0319988
-1.010835,-0.0959963
-1.010635,-0.0639975
-1.010435,-0.0959963
-1.010235,-0.0959963
-1.010035,-0.0639975
-1.009835,-0.0639975
-1.009635,-0.0959963
-1.009435,-0.0959963
-1.009235,-0.0959963
-1.009035,-0.0959963
-1.008835,-0.0959963
-1.008635,-0.0639975
-1.008435,-0.0959963
-1.008235,-0.0639975
-1.008035,-0.0639975
-1.007835,-0.0959963
-1.007635,-0.0319988
-1.007435,-0.0639975
-1.007235,-0.0639975
-1.007035,-0.0639975
-1.006835,-0.0959963
-1.006635,-0.0959963
-1.006435,-0.0319988
-1.006235,-0.0639975
-1.006035,-0.0639975
-1.005835,-0.0639975
-1.005635,-0.0319988
-1.005435,-0.0639975
-1.005235,-0.0319988
-1.005035,-0.0319988
-1.004835,-0.0319988
-1.004635,-0.0959963
-1.004435,-0.0319988
-1.004235,-0.0639975
-1.004035,-0.0639975
-1.003835,-0.0639975
-1.003635,-0.0319988
-1.003435,-0.0639975
-1.003235,-0.0639975
-1.003035,-0.0959963
-1.002835,0
-1.002635,-0.0319988
-1.002435,-0.0959963
-1.002235,-0.0639975
-1.002035,0
-1.001835,-0.0639975
-1.001635,-0.0319988
-1.001435,-0.0639975
-1.001235,-0.0639975
-1.001035,-0.0639975
-1.000835,-0.0319988
-1.000635,-0.0639975
-1.000435,-0.0639975
-1.000235,-0.0959963
-1.000035,-0.0639975
-0.99983496,-0.0319988
-0.99963496,-0.0319988
-0.99943496,-0.0639975
-0.99923496,-0.0319988
-0.99903496,-0.0319988
-0.99883496,-0.0639975
-0.99863496,-0.0319988
-0.99843496,0
-0.99823496,-0.0319988
-0.99803496,-0.0319988
-0.99783496,-0.0319988
-0.99763496,-0.0319988
-0.99743496,0
-0.99723496,-0.0319988
-0.99703496,-0.0639975
-0.99683496,0
-0.99663496,0
-0.99643496,-0.0639975
-0.99623496,-0.0319988
-0.99603496,0
-0.99583496,-0.0639975
-0.99563496,-0.0319988
-0.99543496,0
-0.99523496,-0.0319988
-0.99503496,0.0319988
-0.99483496,0
-0.99463496,-0.0639975
-0.99443496,-0.0319988
-0.99423496,-0.0319988
-0.99403496,-0.0319988
-0.99383496,-0.0319988
-0.99363496,0
-0.99343496,0.0319988
-0.99323496,0
-0.99303496,0
-0.99283496,0
-0.99263496,0
-0.99243496,0
-0.99223496,-0.0319988
-0.99203496,0
-0.99183496,-0.0319988
-0.99163496,0
-0.99143496,0
-0.99123496,-0.0319988
-0.99103496,-0.0319988
-0.99083496,-0.0319988
-0.99063496,0
-0.99043496,0
-0.99023496,0
-0.99003496,0
-0.98983496,0
-0.98963496,0.0319988
-0.98943496,0.0319988
-0.98923496,-0.0319988
-0.98903496,-0.0319988
-0.98883496,0
-0.98863496,-0.0639975
-0.98843496,0
-0.98823496,0
-0.98803496,-0.0319988
-0.98783496,0
-0.98763496,0.0319988
-0.98743496,0
-0.98723496,0
-0.98703496,0.0319988
-0.98683496,0
-0.98663496,0
-0.98643496,0.0319988
-0.98623496,-0.0319988
-0.98603496,0
-0.98583496,0.0319988
-0.98563496,-0.0639975
-0.98543496,-0.0319988
-0.98523496,0
-0.98503496,0
-0.98483496,0
-0.98463496,0.0319988
-0.98443496,0
-0.98423496,0
-0.98403496,0.0639975
-0.98383496,-0.0319988
-0.98363496,0
-0.98343496,0.0319988
-0.98323496,0
-0.98303496,0
-0.98283496,0.0639975
-0.98263496,0
-0.98243496,0.0319988
-0.98223496,0.0319988
-0.98203496,0.0319988
-0.98183496,0.0639975
-0.98163496,0.0319988
-0.98143496,0.0319988
-0.98123496,0.0319988
-0.98103496,0.0319988
-0.98083496,0.0639975
-0.98063496,0.0319988
-0.98043496,0.0319988
-0.98023496,0
-0.98003496,0.0319988
-0.97983496,0.0319988
-0.97963496,0
-0.97943496,0
-0.97923496,0.0319988
-0.97903496,0
-0.97883496,0.0319988
-0.97863496,0.0319988
-0.97843496,0
-0.97823496,0.0319988
-0.97803496,0.0639975
-0.97783496,0.0319988
-0.97763496,0
-0.97743496,0.0319988
-0.97723496,0.0639975
-0.97703496,0
-0.97683496,0.0319988
-0.97663496,0
-0.97643496,0.0319988
-0.97623496,0.0319988
-0.97603496,0
-0.97583496,0.0319988
-0.97563496,0.0319988
-0.97543496,0.0639975
-0.97523496,0
-0.97503496,0.0639975
-0.97483496,-0.0639975
-0.97463496,0.0319988
-0.97443496,0.0319988
-0.97423496,0
-0.97403496,0
-0.97383496,0.0639975
-0.97363496,0.0319988
-0.97343496,0.0319988
-0.97323496,0
-0.97303496,-0.0319988
-0.97283496,0
-0.97263496,0.0319988
-0.97243496,-0.0319988
-0.97223496,0.0319988
-0.97203496,0
-0.97183496,-0.0319988
-0.97163496,0
-0.97143496,0
-0.97123496,-0.0319988
-0.97103496,-0.0319988
-0.97083496,0
-0.97063496,-0.0639975
-0.97043496,0.0319988
-0.97023496,-0.0319988
-0.97003496,-0.0639975
-0.96983496,-0.0639975
-0.96963496,0
-0.96943496,-0.0639975
-0.96923496,0.0319988
-0.96903496,0
-0.96883496,-0.0319988
-0.96863496,-0.0319988
-0.96843496,0
-0.96823496,-0.0319988
-0.96803496,0
-0.96783496,0
-0.96763496,-0.0639975
-0.96743496,-0.0639975
-0.96723496,0.0319988
-0.96703496,-0.0319988
-0.96683496,0
-0.96663496,0
-0.96643496,-0.0639975
-0.96623496,-0.0639975
-0.96603496,0
-0.96583496,-0.0319988
-0.96563496,-0.0319988
-0.96543496,0.0319988
-0.96523496,-0.0639975
-0.96503496,-0.0319988
-0.96483496,-0.0639975
-0.96463496,-0.0639975
-0.96443496,-0.0319988
-0.96423496,-0.0639975
-0.96403496,-0.0959963
-0.96383496,-0.0639975
-0.96363496,-0.0319988
-0.96343496,-0.0959963
-0.96323496,-0.0959963
-0.96303496,-0.0639975
-0.96283496,-0.127995
-0.96263496,-0.0959963
-0.96243496,-0.0959963
-0.96223496,-0.0639975
-0.96203496,-0.0959963
-0.96183496,-0.0959963
-0.96163496,-0.0639975
-0.96143496,-0.0639975
-0.96123496,-0.0959963
-0.96103496,-0.159994
-0.96083496,-0.0959963
-0.96063496,-0.0959963
-0.96043496,-0.159994
-0.96023496,-0.0959963
-0.96003496,-0.0639975
-0.95983496,-0.127995
-0.95963496,-0.0959963
-0.95943496,-0.0959963
-0.95923496,-0.0959963
-0.95903496,-0.127995
-0.95883496,-0.0639975
-0.95863496,-0.159994
-0.95843496,-0.159994
-0.95823496,-0.0959963
-0.95803496,-0.159994
-0.95783496,-0.0959963
-0.95763496,-0.0959963
-0.95743496,-0.127995
-0.95723496,-0.0639975
-0.95703496,-0.127995
-0.95683496,-0.159994
-0.95663496,-0.127995
-0.95643496,-0.0959963
-0.95623496,-0.159994
-0.95603496,-0.0959963
-0.95583496,-0.0959963
-0.95563496,-0.127995
-0.95543496,-0.0959963
-0.95523496,-0.0959963
-0.95503496,-0.127995
-0.95483496,-0.127995
-0.95463496,-0.127995
-0.95443496,-0.159994
-0.95423496,-0.0959963
-0.95403496,-0.127995
-0.95383496,-0.0959963
-0.95363496,-0.127995
-0.95343496,-0.0959963
-0.95323496,-0.127995
-0.95303496,-0.127995
-0.95283496,-0.0959963
-0.95263496,-0.0959963
-0.95243496,-0.0959963
-0.95223496,-0.127995
-0.95203496,-0.127995
-0.95183496,-0.127995
-0.95163496,-0.0959963
-0.95143496,-0.159994
-0.95123496,-0.127995
-0.95103496,-0.127995
-0.95083496,-0.159994
-0.95063496,-0.127995
-0.95043496,-0.127995
-0.95023496,-0.127995
-0.95003496,-0.127995
-0.94983496,-0.127995
-0.94963496,-0.159994
-0.94943496,-0.127995
-0.94923496,-0.127995
-0.94903496,-0.127995
-0.94883496,-0.127995
-0.94863496,-0.127995
-0.94843496,-0.159994
-0.94823496,-0.127995
-0.94803496,-0.0959963
-0.94783496,-0.159994
-0.94763496,-0.159994
-0.94743496,-0.159994
-0.94723496,-0.127995
-0.94703496,-0.159994
-0.94683496,-0.127995
-0.94663496,-0.0959963
-0.94643496,-0.0959963
-0.94623496,-0.127995
-0.94603496,-0.159994
-0.94583496,-0.127995
-0.94563496,-0.0959963
-0.94543496,-0.159994
-0.94523496,-0.127995
-0.94503496,-0.127995
-0.94483496,-0.127995
-0.94463496,-0.0959963
-0.94443496,-0.0959963
-0.94423496,-0.159994
-0.94403496,-0.0959963
-0.94383496,-0.127995
-0.94363496,-0.127995
-0.94343496,-0.0959963
-0.94323496,-0.127995
-0.94303496,-0.159994
-0.94283496,-0.159994
-0.94263496,-0.127995
-0.94243496,-0.159994
-0.94223496,-0.127995
-0.94203496,-0.159994
-0.94183496,-0.159994
-0.94163496,-0.191993
-0.94143496,-0.127995
-0.94123496,-0.159994
-0.94103496,-0.127995
-0.94083496,-0.191993
-0.94063496,-0.191993
-0.94043496,-0.159994
-0.94023496,-0.127995
-0.94003496,-0.127995
-0.93983496,-0.159994
-0.93963496,-0.127995
-0.93943496,-0.159994
-0.93923496,-0.159994
-0.93903496,-0.127995
-0.93883496,-0.159994
-0.93863496,-0.159994
-0.93843496,-0.159994
-0.93823496,-0.159994
-0.93803496,-0.159994
-0.93783496,-0.159994
-0.93763496,-0.159994
-0.93743496,-0.159994
-0.93723496,-0.191993
-0.93703496,-0.159994
-0.93683496,-0.127995
-0.93663496,-0.159994
-0.93643496,-0.159994
-0.93623496,-0.127995
-0.93603496,-0.0959963
-0.93583496,-0.191993
-0.93563496,-0.159994
-0.93543496,-0.159994
-0.93523496,-0.191993
-0.93503496,-0.159994
-0.93483496,-0.159994
-0.93463496,-0.191993
-0.93443496,-0.159994
-0.93423496,-0.191993
-0.93403496,-0.191993
-0.93383496,-0.159994
-0.93363496,-0.159994
-0.93343496,-0.159994
-0.93323496,-0.191993
-0.93303496,-0.159994
-0.93283496,-0.159994
-0.93263496,-0.159994
-0.93243496,-0.159994
-0.93223496,-0.191993
-0.93203496,-0.159994
-0.93183496,-0.127995
-0.93163496,-0.159994
-0.93143496,-0.191993
-0.93123496,-0.127995
-0.93103496,-0.159994
-0.93083496,-0.191993
-0.93063496,-0.191993
-0.93043496,-0.159994
-0.93023496,-0.159994
-0.93003496,-0.191993
-0.92983496,-0.191993
-0.92963496,-0.127995
-0.92943496,-0.127995
-0.92923496,-0.191993
-0.92903496,-0.159994
-0.92883496,-0.159994
-0.92863496,-0.191993
-0.92843496,-0.159994
-0.92823496,-0.159994
-0.92803496,-0.191993
-0.92783496,-0.159994
-0.92763496,-0.159994
-0.92743496,-0.191993
-0.92723496,-0.191993
-0.92703496,-0.127995
-0.92683496,-0.127995
-0.92663496,-0.159994
-0.92643496,-0.159994
-0.92623496,-0.159994
-0.92603496,-0.191993
-0.92583496,-0.191993
-0.92563496,-0.191993
-0.92543496,-0.127995
-0.92523496,-0.0959963
-0.92503496,-0.191993
-0.92483496,-0.159994
-0.92463496,-0.0959963
-0.92443496,-0.191993
-0.92423496,-0.159994
-0.92403496,-0.127995
-0.92383496,-0.159994
-0.92363496,-0.127995
-0.92343496,-0.127995
-0.92323496,-0.159994
-0.92303496,-0.127995
-0.92283496,-0.0959963
-0.92263496,-0.159994
-0.92243496,-0.127995
-0.92223496,-0.127995
-0.92203496,-0.127995
-0.92183496,-0.0959963
-0.92163496,-0.0959963
-0.92143496,-0.127995
-0.92123496,-0.127995
-0.92103496,-0.0959963
-0.92083496,-0.159994
-0.92063496,-0.159994
-0.92043496,-0.0959963
-0.92023496,-0.159994
-0.92003496,-0.127995
-0.91983496,-0.127995
-0.91963496,-0.127995
-0.91943496,-0.127995
-0.91923496,-0.127995
-0.91903496,-0.159994
-0.91883496,-0.0959963
-0.91863496,-0.0639975
-0.91843496,-0.127995
-0.91823496,-0.0959963
-0.91803496,-0.0959963
-0.91783496,-0.159994
-0.91763496,-0.0959963
-0.91743496,-0.0959963
-0.91723496,-0.127995
-0.91703496,-0.0639975
-0.91683496,-0.0959963
-0.91663496,-0.0959963
-0.91643496,-0.127995
-0.91623496,-0.0959963
-0.91603496,-0.159994
-0.91583496,-0.127995
-0.91563496,-0.0959963
-0.91543496,-0.127995
-0.91523496,-0.127995
-0.91503496,-0.0959963
-0.91483496,-0.0959963
-0.91463496,-0.0959963
-0.91443496,-0.0959963
-0.91423496,-0.127995
-0.91403496,-0.0639975
-0.91383496,-0.0959963
-0.91363496,-0.127995
-0.91343496,-0.0639975
-0.91323496,-0.0959963
-0.91303496,-0.127995
-0.91283496,-0.0959963
-0.91263496,-0.0959963
-0.91243496,-0.0959963
-0.91223496,-0.0319988
-0.91203496,-0.0639975
-0.91183496,-0.127995
-0.91163496,-0.0639975
-0.91143496,-0.0959963
-0.91123496,-0.0959963
-0.91103496,-0.0959963
-0.91083496,-0.0639975
-0.91063496,-0.127995
-0.91043496,-0.0639975
-0.91023496,-0.0639975
-0.91003496,-0.0959963
-0.90983496,-0.0639975
-0.90963496,-0.0959963
-0.90943496,-0.127995
-0.90923496,-0.0319988
-0.90903496,-0.0319988
-0.90883496,-0.0639975
-0.90863496,-0.0639975
-0.90843496,-0.0639975
-0.90823496,-0.127995
-0.90803496,-0.0639975
-0.90783496,-0.0319988
-0.90763496,-0.127995
-0.90743496,-0.0959963
-0.90723496,-0.0959963
-0.90703496,-0.0639975
-0.90683496,-0.0959963
-0.90663496,-0.0319988
-0.90643496,-0.0959963
-0.90623496,-0.0639975
-0.90603496,-0.0639975
-0.90583496,-0.0639975
-0.90563496,-0.0319988
-0.90543496,-0.0639975
-0.90523496,-0.0639975
-0.90503496,-0.127995
-0.90483496,-0.0639975
-0.90463496,-0.0959963
-0.90443496,-0.0959963
-0.90423496,-0.0639975
-0.90403496,-0.0959963
-0.90383496,-0.0639975
-0.90363496,-0.0319988
-0.90343496,-0.0959963
-0.90323496,-0.0959963
-0.90303496,-0.0639975
-0.90283496,-0.0959963
-0.90263496,-0.0959963
-0.90243496,-0.0959963
-0.90223496,-0.0959963
-0.90203496,-0.0959963
-0.90183496,-0.0319988
-0.90163496,-0.0639975
-0.90143496,-0.0639975
-0.90123496,-0.0319988
-0.90103496,-0.0959963
-0.90083496,-0.0959963
-0.90063496,-0.0959963
-0.90043496,-0.0959963
-0.90023496,-0.0639975
-0.90003496,-0.0959963
-0.89983496,-0.0639975
-0.89963496,-0.0959963
-0.89943496,-0.0639975
-0.89923496,-0.0959963
-0.89903496,-0.0639975
-0.89883496,-0.0639975
-0.89863496,-0.0639975
-0.89843496,-0.0639975
-0.89823496,-0.0639975
-0.89803496,-0.0639975
-0.89783496,-0.0959963
-0.89763496,-0.0639975
-0.89743496,-0.0959963
-0.89723496,-0.0959963
-0.89703496,-0.127995
-0.89683496,-0.0639975
-0.89663496,-0.0639975
-0.89643496,-0.0639975
-0.89623496,-0.0959963
-0.89603496,-0.0639975
-0.89583496,-0.0639975
-0.89563496,-0.0639975
-0.89543496,-0.0959963
-0.89523496,-0.0319988
-0.89503496,-0.0959963
-0.89483496,-0.0959963
-0.89463496,-0.0639975
-0.89443496,-0.0639975
-0.89423496,0
-0.89403496,-0.0319988
-0.89383496,-0.127995
-0.89363496,-0.0639975
-0.89343496,-0.0319988
-0.89323496,-0.0639975
-0.89303496,-0.0639975
-0.89283496,-0.0959963
-0.89263496,-0.0959963
-0.89243496,-0.0639975
-0.89223496,-0.0639975
-0.89203496,-0.0959963
-0.89183496,-0.0959963
-0.89163496,-0.0639975
-0.89143496,-0.0959963
-0.89123496,-0.0639975
-0.89103496,-0.0959963
-0.89083496,-0.0959963
-0.89063496,-0.0959963
-0.89043496,-0.0639975
-0.89023496,-0.0959963
-0.89003496,-0.0959963
-0.88983496,-0.0639975
-0.88963496,-0.0959963
-0.88943496,-0.0959963
-0.88923496,-0.0959963
-0.88903496,-0.0959963
-0.88883496,-0.0639975
-0.88863496,-0.0639975
-0.88843496,-0.127995
-0.88823496,-0.0959963
-0.88803496,-0.0959963
-0.88783496,-0.0639975
-0.88763496,-0.0319988
-0.88743496,-0.0959963
-0.88723496,-0.0959963
-0.88703496,-0.0959963
-0.88683496,-0.0959963
-0.88663496,-0.0959963
-0.88643496,-0.0639975
-0.88623496,-0.0319988
-0.88603496,-0.0959963
-0.88583496,-0.0639975
-0.88563496,-0.0639975
-0.88543496,-0.0959963
-0.88523496,-0.0639975
-0.88503496,-0.0639975
-0.88483496,-0.0959963
-0.88463496,-0.0319988
-0.88443496,-0.0319988
-0.88423496,-0.0639975
-0.88403496,-0.0319988
-0.88383496,-0.0319988
-0.88363496,-0.0319988
-0.88343496,-0.0319988
-0.88323496,-0.0319988
-0.88303496,-0.0639975
-0.88283496,0
-0.88263496,-0.0639975
-0.88243496,-0.0959963
-0.88223496,-0.0319988
-0.88203496,-0.0639975
-0.88183496,-0.0639975
-0.88163496,-0.0319988
-0.88143496,-0.0319988
-0.88123496,-0.0319988
-0.88103496,-0.0639975
-0.88083496,0
-0.88063496,-0.0639975
-0.88043496,-0.0319988
-0.88023496,-0.0319988
-0.88003496,-0.0639975
-0.87983496,0
-0.87963496,-0.0319988
-0.87943496,-0.0959963
-0.87923496,-0.0319988
-0.87903496,-0.0639975
-0.87883496,0
-0.87863496,0
-0.87843496,-0.0319988
-0.87823496,-0.0639975
-0.87803496,-0.0639975
-0.87783496,-0.0639975
-0.87763496,-0.0319988
-0.87743496,-0.0639975
-0.87723496,-0.0639975
-0.87703496,-0.0319988
-0.87683496,-0.0319988
-0.87663496,0
-0.87643496,-0.0639975
-0.87623496,0
-0.87603496,-0.0319988
-0.87583496,-0.0319988
-0.87563496,-0.0319988
-0.87543496,-0.0319988
-0.87523496,-0.0959963
-0.87503496,-0.0959963
-0.87483496,0
-0.87463496,-0.0639975
-0.87443496,-0.0639975
-0.87423496,-0.0319988
-0.87403496,-0.0639975
-0.87383496,-0.0319988
-0.87363496,-0.0319988
-0.87343496,-0.0639975
-0.87323496,-0.0319988
-0.87303496,-0.0959963
-0.87283496,-0.0639975
-0.87263496,-0.0319988
-0.87243496,0
-0.87223496,-0.0319988
-0.87203496,-0.0639975
-0.87183496,0
-0.87163496,-0.0639975
-0.87143496,-0.0639975
-0.87123496,-0.0319988
-0.87103496,-0.0319988
-0.87083496,-0.0319988
-0.87063496,-0.0319988
-0.87043496,-0.0639975
-0.87023496,0
-0.87003496,-0.0639975
-0.86983496,-0.0639975
-0.86963496,-0.0319988
-0.86943496,-0.0319988
-0.86923496,0
-0.86903496,-0.0319988
-0.86883496,0
-0.86863496,-0.0319988
-0.86843496,-0.0319988
-0.86823496,0.0319988
-0.86803496,-0.0639975
-0.86783496,-0.0319988
-0.86763496,0
-0.86743496,-0.0639975
-0.86723496,0
-0.86703496,0
-0.86683496,-0.0639975
-0.86663496,-0.0319988
-0.86643496,0.0319988
-0.86623496,-0.0639975
-0.86603496,-0.0319988
-0.86583496,-0.0319988
-0.86563496,-0.0319988
-0.86543496,0
-0.86523496,0.0319988
-0.86503496,-0.0959963
-0.86483496,-0.0319988
-0.86463496,-0.0319988
-0.86443496,-0.0319988
-0.86423496,-0.0319988
-0.86403496,0
-0.86383496,-0.0639975
-0.86363496,0
-0.86343496,-0.0639975
-0.86323496,-0.0319988
-0.86303496,-0.0319988
-0.86283496,-0.0319988
-0.86263496,-0.0639975
-0.86243496,0
-0.86223496,-0.0639975
-0.86203496,-0.0639975
-0.86183496,-0.0319988
-0.86163496,0
-0.86143496,-0.0639975
-0.86123496,-0.0319988
-0.86103496,-0.0319988
-0.86083496,-0.0319988
-0.86063496,-0.0319988
-0.86043496,-0.0319988
-0.86023496,-0.0319988
-0.86003496,-0.0319988
-0.85983496,-0.0319988
-0.85963496,-0.0319988
-0.85943496,-0.0319988
-0.85923496,0
-0.85903496,-0.0639975
-0.85883496,-0.0639975
-0.85863496,-0.0319988
-0.85843496,-0.0319988
-0.85823496,-0.0319988
-0.85803496,-0.0319988
-0.85783496,-0.0319988
-0.85763496,-0.0319988
-0.85743496,0
-0.85723496,-0.0319988
-0.85703496,0
-0.85683496,-0.0639975
-0.85663496,-0.0319988
-0.85643496,-0.0639975
-0.85623496,0.0319988
-0.85603496,-0.0319988
-0.85583496,0
-0.85563496,-0.0319988
-0.85543496,-0.0319988
-0.85523496,0
-0.85503496,-0.0319988
-0.85483496,-0.0639975
-0.85463496,0
-0.85443496,-0.0319988
-0.85423496,-0.0639975
-0.85403496,0
-0.85383496,0
-0.85363496,-0.0319988
-0.85343496,-0.0319988
-0.85323496,-0.0319988
-0.85303496,-0.0319988
-0.85283496,-0.0639975
-0.85263496,0
-0.85243496,-0.0959963
-0.85223496,-0.0639975
-0.85203496,-0.0319988
-0.85183496,-0.0639975
-0.85163496,0
-0.85143496,-0.0319988
-0.85123496,-0.0639975
-0.85103496,-0.0639975
-0.85083496,-0.0319988
-0.85063496,-0.0639975
-0.85043496,-0.0639975
-0.85023496,-0.0319988
-0.85003496,-0.0959963
-0.84983496,-0.0319988
-0.84963496,0.0319988
-0.84943496,-0.0319988
-0.84923496,-0.0639975
-0.84903496,-0.0639975
-0.84883496,-0.127995
-0.84863496,-0.0639975
-0.84843496,-0.0319988
-0.84823496,-0.0319988
-0.84803496,-0.0319988
-0.84783496,-0.0639975
-0.84763496,-0.0639975
-0.84743496,-0.0959963
-0.84723496,-0.0639975
-0.84703496,-0.0639975
-0.84683496,-0.0639975
-0.84663496,-0.0319988
-0.84643496,-0.0639975
-0.84623496,-0.0639975
-0.84603496,0
-0.84583496,-0.0639975
-0.84563496,-0.0319988
-0.84543496,-0.0639975
-0.84523496,-0.0639975
-0.84503496,0
-0.84483496,-0.0639975
-0.84463496,0
-0.84443496,-0.0639975
-0.84423496,0
-0.84403496,-0.0639975
-0.84383496,-0.0639975
-0.84363496,-0.0319988
-0.84343496,-0.0959963
-0.84323496,-0.0959963
-0.84303496,-0.0319988
-0.84283496,-0.0959963
-0.84263496,-0.0639975
-0.84243496,0
-0.84223496,-0.0959963
-0.84203496,0
-0.84183496,-0.0319988
-0.84163496,-0.0319988
-0.84143496,0
-0.84123496,-0.0319988
-0.84103496,-0.0319988
-0.84083496,-0.0319988
-0.84063496,-0.0319988
-0.84043496,-0.0639975
-0.84023496,-0.0319988
-0.84003496,-0.0319988
-0.83983496,-0.0319988
-0.83963496,-0.0319988
-0.83943496,-0.0319988
-0.83923496,-0.0959963
-0.83903496,-0.0639975
-0.83883496,-0.0319988
-0.83863496,-0.0639975
-0.83843496,0
-0.83823496,-0.0319988
-0.83803496,-0.0639975
-0.83783496,-0.0639975
-0.83763496,-0.0639975
-0.83743496,-0.0959963
-0.83723496,-0.0639975
-0.83703496,0
-0.83683496,-0.0639975
-0.83663496,-0.0319988
-0.83643496,-0.0319988
-0.83623496,-0.0959963
-0.83603496,-0.0639975
-0.83583496,-0.0319988
-0.83563496,-0.0639975
-0.83543496,-0.0319988
-0.83523496,-0.0319988
-0.83503496,-0.0639975
-0.83483496,-0.0639975
-0.83463496,0
-0.83443496,-0.0319988
-0.83423496,-0.0319988
-0.83403496,0.0319988
-0.83383496,-0.0639975
-0.83363496,0
-0.83343496,0.0319988
-0.83323496,-0.0959963
-0.83303496,0
-0.83283496,-0.0639975
-0.83263496,-0.0639975
-0.83243496,-0.0639975
-0.83223496,0
-0.83203496,-0.0319988
-0.83183496,-0.0319988
-0.83163496,-0.0319988
-0.83143496,-0.0319988
-0.83123496,-0.0639975
-0.83103496,-0.0319988
-0.83083496,-0.0639975
-0.83063496,0
-0.83043496,0
-0.83023496,0
-0.83003496,-0.0319988
-0.82983496,0.0319988
-0.82963496,0
-0.82943496,-0.0639975
-0.82923496,0.0319988
-0.82903496,0
-0.82883496,0
-0.82863496,0.0319988
-0.82843496,0
-0.82823496,-0.0319988
-0.82803496,0
-0.82783496,0
-0.82763496,0.0319988
-0.82743496,0.0319988
-0.82723496,-0.0639975
-0.82703496,0.0319988
-0.82683496,0.0319988
-0.82663496,-0.0319988
-0.82643496,0.0319988
-0.82623496,0.0639975
-0.82603496,0
-0.82583496,0
-0.82563496,0
-0.82543496,-0.0319988
-0.82523496,0
-0.82503496,0
-0.82483496,0
-0.82463496,0
-0.82443496,0.0639975
-0.82423496,0.0319988
-0.82403496,0.0639975
-0.82383496,0
-0.82363496,0
-0.82343496,0
-0.82323496,0.0319988
-0.82303496,-0.0319988
-0.82283496,0.0319988
-0.82263496,0.0639975
-0.82243496,-0.0319988
-0.82223496,0
-0.82203496,0.0319988
-0.82183496,-0.0319988
-0.82163496,0.0319988
-0.82143496,0.0319988
-0.82123496,0.0319988
-0.82103496,0.0319988
-0.82083496,0.0319988
-0.82063496,0
-0.82043496,0
-0.82023496,0.0639975
-0.82003496,0.0319988
-0.81983496,0.0319988
-0.81963496,0
-0.81943496,0.0959963
-0.81923496,-0.0319988
-0.81903496,0.0319988
-0.81883496,0.0319988
-0.81863496,0.0639975
-0.81843496,0.0319988
-0.81823496,0.0319988
-0.81803496,0.0319988
-0.81783496,0.0319988
-0.81763496,0.0319988
-0.81743496,0.0319988
-0.81723496,0.0319988
-0.81703496,0.0319988
-0.81683496,0.0639975
-0.81663496,0.0639975
-0.81643496,0
-0.81623496,0.0319988
-0.81603496,0.0639975
-0.81583496,0.0639975
-0.81563496,0.0639975
-0.81543496,0.0639975
-0.81523496,0.0319988
-0.81503496,0.0639975
-0.81483496,0.0639975
-0.81463496,0.0639975
-0.81443496,0.0639975
-0.81423496,0.0319988
-0.81403496,0.0639975
-0.81383496,0.0319988
-0.81363496,0.0639975
-0.81343496,0.0319988
-0.81323496,0.0639975
-0.81303496,0.0319988
-0.81283496,0.0319988
-0.81263496,0.0639975
-0.81243496,0.0639975
-0.81223496,0.0639975
-0.81203496,0.0639975
-0.81183496,0.0639975
-0.81163496,0.0319988
-0.81143496,0.0639975
-0.81123496,0.0639975
-0.81103496,0.0639975
-0.81083496,0.0639975
-0.81063496,0.0639975
-0.81043496,0.0319988
-0.81023496,0.0639975
-0.81003496,0.0639975
-0.80983496,0.0319988
-0.80963496,0.0639975
-0.80943496,0.0639975
-0.80923496,0.0639975
-0.80903496,0.0639975
-0.80883496,0.0319988
-0.80863496,0.0319988
-0.80843496,0.0639975
-0.80823496,0.0639975
-0.80803496,0.0639975
-0.80783496,0.0319988
-0.80763496,0.0639975
-0.80743496,0.0639975
-0.80723496,0.0639975
-0.80703496,0.0639975
-0.80683496,0.0959963
-0.80663496,0.0639975
-0.80643496,0.0959963
-0.80623496,0.0319988
-0.80603496,0.0959963
-0.80583496,0.0639975
-0.80563496,0.0639975
-0.80543496,0.0639975
-0.80523496,0.0639975
-0.80503496,0.0959963
-0.80483496,0.0639975
-0.80463496,0.0959963
-0.80443496,0.0639975
-0.80423496,0.0959963
-0.80403496,0.0319988
-0.80383496,0.0319988
-0.80363496,0.0639975
-0.80343496,0.0319988
-0.80323496,0.0639975
-0.80303496,0.0639975
-0.80283496,0.0319988
-0.80263496,0.0319988
-0.80243496,0.0639975
-0.80223496,0.0639975
-0.80203496,0.0319988
-0.80183496,0.0639975
-0.80163496,0.0639975
-0.80143496,0.0319988
-0.80123496,0.0639975
-0.80103496,0.0639975
-0.80083496,0.0959963
-0.80063496,0.0639975
-0.80043496,0.0639975
-0.80023496,0.0319988
-0.80003496,0.0319988
-0.79983496,0.0959963
-0.79963496,0.0319988
-0.79943496,0.0639975
-0.79923496,0.0639975
-0.79903496,0
-0.79883496,0.0319988
-0.79863496,0.0319988
-0.79843496,0.0639975
-0.79823496,0.0639975
-0.79803496,0.0319988
-0.79783496,0.0319988
-0.79763496,0.0319988
-0.79743496,0.0639975
-0.79723496,0.0639975
-0.79703496,0.0639975
-0.79683496,0.0639975
-0.79663496,0.0319988
-0.79643496,0.0319988
-0.79623496,0.0319988
-0.79603496,0.0639975
-0.79583496,0.0639975
-0.79563496,0.0639975
-0.79543496,0
-0.79523496,0.0639975
-0.79503496,0.0319988
-0.79483496,0.0639975
-0.79463496,0.0319988
-0.79443496,0.0639975
-0.79423496,0.0319988
-0.79403496,0.0959963
-0.79383496,0.0639975
-0.79363496,0
-0.79343496,0.0959963
-0.79323496,0.0639975
-0.79303496,0.0639975
-0.79283496,0.0639975
-0.79263496,0.0639975
-0.79243496,0.0319988
-0.79223496,0
-0.79203496,0.0639975
-0.79183496,0.0319988
-0.79163496,0
-0.79143496,0.0319988
-0.79123496,0.0319988
-0.79103496,0.0319988
-0.79083496,0.0319988
-0.79063496,0
-0.79043496,0
-0.79023496,0.0319988
-0.79003496,-0.0319988
-0.78983496,0.0319988
-0.78963496,0
-0.78943496,0.0319988
-0.78923496,0.0319988
-0.78903496,0.0319988
-0.78883496,0
-0.78863496,0.0319988
-0.78843496,0
-0.78823496,0
-0.78803496,0.0319988
-0.78783496,0.0319988
-0.78763496,0
-0.78743496,-0.0319988
-0.78723496,0
-0.78703496,0
-0.78683496,0
-0.78663496,0
-0.78643496,-0.0319988
-0.78623496,0.0319988
-0.78603496,0.0639975
-0.78583496,-0.0319988
-0.78563496,-0.0319988
-0.78543496,-0.0319988
-0.78523496,-0.0319988
-0.78503496,0
-0.78483496,-0.0319988
-0.78463496,-0.0639975
-0.78443496,-0.0319988
-0.78423496,0
-0.78403496,-0.0319988
-0.78383496,0
-0.78363496,0.0319988
-0.78343496,-0.0319988
-0.78323496,0
-0.78303496,0
-0.78283496,-0.0319988
-0.78263496,-0.0319988
-0.78243496,0
-0.78223496,-0.0319988
-0.78203496,0.0319988
-0.78183496,0.0319988
-0.78163496,-0.0319988
-0.78143496,0.0319988
-0.78123496,0
-0.78103496,-0.0319988
-0.78083496,0
-0.78063496,0
-0.78043496,-0.0319988
-0.78023496,-0.0319988
-0.78003496,0
-0.77983496,-0.0639975
-0.77963496,-0.0639975
-0.77943496,0.0319988
-0.77923496,0
-0.77903496,-0.0319988
-0.77883496,0.0639975
-0.77863496,-0.0319988
-0.77843496,0.0319988
-0.77823496,0
-0.77803496,-0.0319988
-0.77783496,-0.0319988
-0.77763496,0.0319988
-0.77743496,-0.0319988
-0.77723496,-0.0319988
-0.77703496,0
-0.77683496,-0.0319988
-0.77663496,0
-0.77643496,0.0319988
-0.77623496,0
-0.77603496,-0.0319988
-0.77583496,-0.0319988
-0.77563496,0
-0.77543496,0
-0.77523496,-0.0319988
-0.77503496,-0.0319988
-0.77483496,0
-0.77463496,0
-0.77443496,-0.0319988
-0.77423496,0
-0.77403496,0
-0.77383496,-0.0319988
-0.77363496,-0.0319988
-0.77343496,0.0319988
-0.77323496,-0.0319988
-0.77303496,0
-0.77283496,0
-0.77263496,-0.0319988
-0.77243496,0
-0.77223496,0
-0.77203496,-0.0319988
-0.77183496,-0.0319988
-0.77163496,0
-0.77143496,-0.0639975
-0.77123496,-0.0319988
-0.77103496,0.0319988
-0.77083496,-0.0319988
-0.77063496,0
-0.77043496,-0.0319988
-0.77023496,-0.0319988
-0.77003496,-0.0319988
-0.76983496,0.0319988
-0.76963496,-0.0319988
-0.76943496,-0.0319988
-0.76923496,0.0319988
-0.76903496,-0.0319988
-0.76883496,0
-0.76863496,-0.0319988
-0.76843496,-0.0319988
-0.76823496,0
-0.76803496,0
-0.76783496,-0.0319988
-0.76763496,-0.0319988
-0.76743496,0
-0.76723496,-0.0639975
-0.76703496,-0.0319988
-0.76683496,0
-0.76663496,-0.0639975
-0.76643496,0
-0.76623496,-0.0319988
-0.76603496,-0.0639975
-0.76583496,-0.0319988
-0.76563496,-0.0319988
-0.76543496,0
-0.76523496,-0.0319988
-0.76503496,-0.0319988
-0.76483496,-0.0319988
-0.76463496,0
-0.76443496,-0.0319988
-0.76423496,-0.0319988
-0.76403496,-0.0319988
-0.76383496,-0.0319988
-0.76363496,-0.0639975
-0.76343496,-0.0319988
-0.76323496,-0.0319988
-0.76303496,-0.0319988
-0.76283496,-0.0639975
-0.76263496,-0.0319988
-0.76243496,-0.0959963
-0.76223496,0
-0.76203496,-0.0639975
-0.76183496,-0.0639975
-0.76163496,-0.0639975
-0.76143496,-0.0639975
-0.76123496,-0.0639975
-0.76103496,-0.0959963
-0.76083496,-0.0319988
-0.76063496,-0.0319988
-0.76043496,-0.0639975
-0.76023496,-0.0639975
-0.76003496,-0.0959963
-0.75983496,-0.0639975
-0.75963496,-0.0639975
-0.75943496,-0.0319988
-0.75923496,0
-0.75903496,-0.0639975
-0.75883496,-0.0639975
-0.75863496,0
-0.75843496,-0.0639975
-0.75823496,-0.0959963
-0.75803496,-0.0639975
-0.75783496,-0.0319988
-0.75763496,-0.0639975
-0.75743496,0
-0.75723496,-0.0319988
-0.75703496,-0.0639975
-0.75683496,-0.0639975
-0.75663496,-0.0319988
-0.75643496,-0.0319988
-0.75623496,-0.0319988
-0.75603496,0
-0.75583496,-0.0639975
-0.75563496,-0.0319988
-0.75543496,0
-0.75523496,-0.0639975
-0.75503496,-0.0319988
-0.75483496,-0.0319988
-0.75463496,-0.0639975
-0.75443496,-0.0639975
-0.75423496,-0.0639975
-0.75403496,-0.0319988
-0.75383496,-0.0319988
-0.75363496,-0.0319988
-0.75343496,-0.0959963
-0.75323496,-0.0319988
-0.75303496,-0.0959963
-0.75283496,-0.0639975
-0.75263496,-0.0639975
-0.75243496,-0.0639975
-0.75223496,-0.0639975
-0.75203496,-0.0959963
-0.75183496,-0.0319988
-0.75163496,-0.0639975
-0.75143496,-0.0319988
-0.75123496,-0.0639975
-0.75103496,-0.0639975
-0.75083496,-0.0639975
-0.75063496,-0.0319988
-0.75043496,-0.0959963
-0.75023496,-0.0639975
-0.75003496,-0.0319988
-0.74983496,-0.0319988
-0.74963496,-0.0639975
-0.74943496,-0.0639975
-0.74923496,-0.0959963
-0.74903496,-0.0639975
-0.74883496,-0.0959963
-0.74863496,-0.0639975
-0.74843496,-0.0639975
-0.74823496,-0.0639975
-0.74803496,-0.0959963
-0.74783496,-0.0639975
-0.74763496,-0.0639975
-0.74743496,-0.0319988
-0.74723496,-0.0639975
-0.74703496,-0.0319988
-0.74683496,-0.0959963
-0.74663496,-0.0639975
-0.74643496,-0.0319988
-0.74623496,-0.0639975
-0.74603496,-0.0319988
-0.74583496,-0.0319988
-0.74563496,-0.0959963
-0.74543496,-0.0959963
-0.74523496,-0.0319988
-0.74503496,-0.0319988
-0.74483496,-0.0639975
-0.74463496,-0.0639975
-0.74443496,-0.0639975
-0.74423496,-0.0639975
-0.74403496,-0.0639975
-0.74383496,-0.0639975
-0.74363496,-0.0319988
-0.74343496,-0.0319988
-0.74323496,-0.0639975
-0.74303496,-0.0959963
-0.74283496,-0.0319988
-0.74263496,-0.127995
-0.74243496,-0.0319988
-0.74223496,-0.0639975
-0.74203496,-0.0639975
-0.74183496,-0.0959963
-0.74163496,-0.0639975
-0.74143496,-0.0639975
-0.74123496,-0.0959963
-0.74103496,-0.0639975
-0.74083496,-0.0639975
-0.74063496,-0.0639975
-0.74043496,-0.0319988
-0.74023496,-0.0959963
-0.74003496,-0.0639975
-0.73983496,-0.0639975
-0.73963496,-0.0959963
-0.73943496,-0.0639975
-0.73923496,0
-0.73903496,-0.0959963
-0.73883496,-0.0959963
-0.73863496,-0.0639975
-0.73843496,-0.0639975
-0.73823496,-0.0959963
-0.73803496,-0.0639975
-0.73783496,-0.0639975
-0.73763496,-0.0639975
-0.73743496,-0.0639975
-0.73723496,-0.159994
-0.73703496,-0.0959963
-0.73683496,-0.0959963
-0.73663496,-0.0959963
-0.73643496,-0.0639975
-0.73623496,-0.0639975
-0.73603496,-0.127995
-0.73583496,-0.0959963
-0.73563496,-0.0639975
-0.73543496,-0.0959963
-0.73523496,-0.0959963
-0.73503496,-0.0959963
-0.73483496,-0.127995
-0.73463496,-0.127995
-0.73443496,-0.0319988
-0.73423496,-0.0959963
-0.73403496,-0.0639975
-0.73383496,-0.0959963
-0.73363496,-0.127995
-0.73343496,-0.0639975
-0.73323496,-0.0639975
-0.73303496,-0.0639975
-0.73283496,-0.0639975
-0.73263496,-0.0639975
-0.73243496,-0.0639975
-0.73223496,-0.0639975
-0.73203496,-0.0639975
-0.73183496,-0.0959963
-0.73163496,-0.0319988
-0.73143496,-0.0639975
-0.73123496,-0.0959963
-0.73103496,-0.0319988
-0.73083496,-0.0959963
-0.73063496,-0.0639975
-0.73043496,-0.0639975
-0.73023496,-0.0319988
-0.73003496,-0.0639975
-0.72983496,-0.0959963
-0.72963496,-0.0319988
-0.72943496,-0.0319988
-0.72923496,-0.127995
-0.72903496,-0.0319988
-0.72883496,-0.0959963
-0.72863496,-0.0959963
-0.72843496,-0.0319988
-0.72823496,-0.0959963
-0.72803496,-0.0319988
-0.72783496,-0.0959963
-0.72763496,-0.0959963
-0.72743496,-0.0639975
-0.72723496,-0.0639975
-0.72703496,-0.127995
-0.72683496,-0.0959963
-0.72663496,-0.127995
-0.72643496,-0.127995
-0.72623496,-0.127995
-0.72603496,-0.0959963
-0.72583496,-0.127995
-0.72563496,-0.0959963
-0.72543496,-0.127995
-0.72523496,-0.127995
-0.72503496,-0.0959963
-0.72483496,-0.0959963
-0.72463496,-0.0959963
-0.72443496,-0.0319988
-0.72423496,-0.127995
-0.72403496,-0.0959963
-0.72383496,-0.127995
-0.72363496,-0.0959963
-0.72343496,-0.127995
-0.72323496,-0.0959963
-0.72303496,-0.0639975
-0.72283496,-0.0959963
-0.72263496,-0.0639975
-0.72243496,-0.127995
-0.72223496,-0.0959963
-0.72203496,-0.0959963
-0.72183496,-0.0959963
-0.72163496,-0.127995
-0.72143496,-0.0639975
-0.72123496,-0.127995
-0.72103496,-0.127995
-0.72083496,-0.0959963
-0.72063496,-0.159994
-0.72043496,-0.127995
-0.72023496,-0.0959963
-0.72003496,-0.0959963
-0.71983496,-0.0959963
-0.71963496,-0.0959963
-0.71943496,-0.0959963
-0.71923496,-0.0959963
-0.71903496,-0.0959963
-0.71883496,-0.0959963
-0.71863496,-0.127995
-0.71843496,-0.0959963
-0.71823496,-0.0959963
-0.71803496,-0.0959963
-0.71783496,-0.127995
-0.71763496,-0.0959963
-0.71743496,-0.127995
-0.71723496,-0.0959963
-0.71703496,-0.0639975
-0.71683496,-0.0639975
-0.71663496,-0.0959963
-0.71643496,-0.0959963
-0.71623496,-0.0959963
-0.71603496,-0.0639975
-0.71583496,-0.0639975
-0.71563496,-0.159994
-0.71543496,-0.0639975
-0.71523496,-0.0959963
-0.71503496,-0.127995
-0.71483496,-0.0639975
-0.71463496,-0.0639975
-0.71443496,-0.127995
-0.71423496,-0.0639975
-0.71403496,-0.0959963
-0.71383496,-0.127995
-0.71363496,-0.0959963
-0.71343496,-0.0959963
-0.71323496,-0.0639975
-0.71303496,-0.0959963
-0.71283496,-0.0959963
-0.71263496,-0.0639975
-0.71243496,-0.0319988
-0.71223496,-0.0639975
-0.71203496,-0.127995
-0.71183496,-0.0319988
-0.71163496,-0.0959963
-0.71143496,-0.0959963
-0.71123496,-0.0959963
-0.71103496,-0.0639975
-0.71083496,-0.0959963
-0.71063496,-0.0639975
-0.71043496,-0.0639975
-0.71023496,-0.127995
-0.71003496,-0.0959963
-0.70983496,-0.0639975
-0.70963496,-0.127995
-0.70943496,-0.0319988
-0.70923496,-0.0639975
-0.70903496,-0.0959963
-0.70883496,-0.0319988
-0.70863496,0
-0.70843496,-0.0319988
-0.70823496,-0.0319988
-0.70803496,-0.0959963
-0.70783496,-0.0639975
-0.70763496,-0.0639975
-0.70743496,-0.0639975
-0.70723496,-0.0639975
-0.70703496,-0.0639975
-0.70683496,-0.0319988
-0.70663496,-0.0959963
-0.70643496,-0.0319988
-0.70623496,-0.0319988
-0.70603496,-0.0959963
-0.70583496,-0.0639975
-0.70563496,-0.0959963
-0.70543496,-0.0639975
-0.70523496,-0.0639975
-0.70503496,-0.0319988
-0.70483496,0
-0.70463496,-0.0639975
-0.70443496,-0.0319988
-0.70423496,-0.0639975
-0.70403496,-0.0639975
-0.70383496,-0.0319988
-0.70363496,-0.127995
-0.70343496,-0.0319988
-0.70323496,-0.0319988
-0.70303496,-0.0639975
-0.70283496,-0.0639975
-0.70263496,-0.0639975
-0.70243496,-0.0639975
-0.70223496,-0.0959963
-0.70203496,-0.0639975
-0.70183496,-0.0639975
-0.70163496,-0.0319988
-0.70143496,-0.0319988
-0.70123496,-0.0959963
-0.70103496,-0.0319988
-0.70083496,-0.0639975
-0.70063496,-0.127995
-0.70043496,-0.0639975
-0.70023496,-0.0639975
-0.70003496,-0.0959963
-0.69983496,-0.0639975
-0.69963496,-0.0959963
-0.69943496,-0.127995
-0.69923496,-0.0639975
-0.69903496,-0.0639975
-0.69883496,-0.0959963
-0.69863496,-0.0639975
-0.69843496,-0.0959963
-0.69823496,-0.0639975
-0.69803496,-0.0639975
-0.69783496,-0.0959963
-0.69763496,-0.0959963
-0.69743496,-0.0639975
-0.69723496,-0.0959963
-0.69703496,-0.0959963
-0.69683496,0
-0.69663496,-0.0319988
-0.69643496,-0.0959963
-0.69623496,-0.0959963
-0.69603496,-0.0319988
-0.69583496,-0.0639975
-0.69563496,-0.0639975
-0.69543496,-0.0639975
-0.69523496,-0.127995
-0.69503496,-0.0639975
-0.69483496,-0.0639975
-0.69463496,-0.0959963
-0.69443496,-0.0319988
-0.69423496,-0.0959963
-0.69403496,-0.0959963
-0.69383496,-0.0639975
-0.69363496,-0.0639975
-0.69343496,-0.0639975
-0.69323496,-0.0959963
-0.69303496,-0.0639975
-0.69283496,-0.127995
-0.69263496,-0.0639975
-0.69243496,-0.0639975
-0.69223496,-0.0639975
-0.69203496,-0.0639975
-0.69183496,-0.0319988
-0.69163496,-0.0639975
-0.69143496,-0.0959963
-0.69123496,-0.0639975
-0.69103496,-0.0959963
-0.69083496,-0.0639975
-0.69063496,-0.0639975
-0.69043496,-0.0959963
-0.69023496,-0.0639975
-0.69003496,-0.0959963
-0.68983496,-0.0959963
-0.68963496,-0.0639975
-0.68943496,-0.0639975
-0.68923496,-0.0639975
-0.68903496,-0.0639975
-0.68883496,0.0319988
-0.68863496,-0.0959963
-0.68843496,-0.0959963
-0.68823496,-0.0639975
-0.68803496,-0.0959963
-0.68783496,-0.0319988
-0.68763496,-0.0959963
-0.68743496,-0.0959963
-0.68723496,-0.0639975
-0.68703496,-0.0639975
-0.68683496,-0.159994
-0.68663496,-0.0319988
-0.68643496,-0.0639975
-0.68623496,-0.0639975
-0.68603496,-0.0319988
-0.68583496,-0.0319988
-0.68563496,-0.0959963
-0.68543496,-0.0959963
-0.68523496,-0.0959963
-0.68503496,-0.0639975
-0.68483496,-0.0959963
-0.68463496,-0.0639975
-0.68443496,-0.0959963
-0.68423496,-0.0639975
-0.68403496,-0.0639975
-0.68383496,-0.0639975
-0.68363496,-0.0639975
-0.68343496,-0.0959963
-0.68323496,-0.0959963
-0.68303496,-0.0639975
-0.68283496,-0.0959963
-0.68263496,-0.0639975
-0.68243496,-0.0639975
-0.68223496,-0.0319988
-0.68203496,-0.0959963
-0.68183496,0
-0.68163496,-0.0319988
-0.68143496,-0.0959963
-0.68123496,-0.127995
-0.68103496,-0.0639975
-0.68083496,-0.0959963
-0.68063496,-0.0639975
-0.68043496,-0.0319988
-0.68023496,-0.0959963
-0.68003496,-0.0959963
-0.67983496,-0.0639975
-0.67963496,-0.0639975
-0.67943496,-0.0959963
-0.67923496,-0.0959963
-0.67903496,-0.0639975
-0.67883496,-0.0959963
-0.67863496,-0.127995
-0.67843496,-0.0959963
-0.67823496,-0.0959963
-0.67803496,-0.0959963
-0.67783496,-0.0959963
-0.67763496,-0.0319988
-0.67743496,-0.0639975
-0.67723496,-0.0639975
-0.67703496,-0.0319988
-0.67683496,-0.0319988
-0.67663496,-0.0959963
-0.67643496,-0.0639975
-0.67623496,-0.0319988
-0.67603496,-0.0319988
-0.67583496,-0.0639975
-0.67563496,-0.0319988
-0.67543496,-0.0639975
-0.67523496,-0.0319988
-0.67503496,-0.0639975
-0.67483496,-0.0639975
-0.67463496,-0.0319988
-0.67443496,0
-0.67423496,-0.0319988
-0.67403496,-0.0319988
-0.67383496,-0.0319988
-0.67363496,-0.0639975
-0.67343496,-0.0319988
-0.67323496,0
-0.67303496,-0.0319988
-0.67283496,-0.0319988
-0.67263496,-0.0639975
-0.67243496,-0.0639975
-0.67223496,-0.0319988
-0.67203496,-0.0319988
-0.67183496,-0.0639975
-0.67163496,0.0319988
-0.67143496,-0.0319988
-0.67123496,-0.0639975
-0.67103496,0
-0.67083496,0
-0.67063496,-0.0639975
-0.67043496,0
-0.67023496,0
-0.67003496,-0.0319988
-0.66983496,0
-0.66963496,-0.0319988
-0.66943496,-0.0319988
-0.66923496,0
-0.66903496,0.0319988
-0.66883496,0
-0.66863496,0
-0.66843496,0.0639975
-0.66823496,0
-0.66803496,0
-0.66783496,0.0319988
-0.66763496,0.0319988
-0.66743496,0.0319988
-0.66723496,0.0319988
-0.66703496,0
-0.66683496,0.0319988
-0.66663496,0
-0.66643496,-0.0319988
-0.66623496,0.0639975
-0.66603496,0.0319988
-0.66583496,0.0319988
-0.66563496,0.0319988
-0.66543496,0.0319988
-0.66523496,0
-0.66503496,0.0639975
-0.66483496,0.0319988
-0.66463496,0.0319988
-0.66443496,0.0319988
-0.66423496,0.0639975
-0.66403496,0.0319988
-0.66383496,0.0639975
-0.66363496,0.0639975
-0.66343496,0
-0.66323496,0.0959963
-0.66303496,0.0639975
-0.66283496,0.0639975
-0.66263496,0
-0.66243496,0.0639975
-0.66223496,0.0319988
-0.66203496,0.0639975
-0.66183496,0.0639975
-0.66163496,0.0639975
-0.66143496,0.0319988
-0.66123496,0.0639975
-0.66103496,0.0959963
-0.66083496,0.0639975
-0.66063496,0.0319988
-0.66043496,0.0639975
-0.66023496,0.0639975
-0.66003496,0.0639975
-0.65983496,0.0639975
-0.65963496,0.127995
-0.65943496,0.0959963
-0.65923496,0.0639975
-0.65903496,0.0959963
-0.65883496,0.0639975
-0.65863496,0.0319988
-0.65843496,0.0959963
-0.65823496,0.0959963
-0.65803496,0.0959963
-0.65783496,0.0959963
-0.65763496,0.127995
-0.65743496,0.0959963
-0.65723496,0.127995
-0.65703496,0.127995
-0.65683496,0.0959963
-0.65663496,0.127995
-0.65643496,0.0959963
-0.65623496,0.127995
-0.65603496,0.127995
-0.65583496,0.0959963
-0.65563496,0.127995
-0.65543496,0.0959963
-0.65523496,0.0959963
-0.65503496,0.0959963
-0.65483496,0.0959963
-0.65463496,0.0959963
-0.65443496,0.0959963
-0.65423496,0.127995
-0.65403496,0.0639975
-0.65383496,0.0959963
-0.65363496,0.0959963
-0.65343496,0.0959963
-0.65323496,0.127995
-0.65303496,0.127995
-0.65283496,0.0959963
-0.65263496,0.0639975
-0.65243496,0.127995
-0.65223496,0.0959963
-0.65203496,0.127995
-0.65183496,0.127995
-0.65163496,0.0959963
-0.65143496,0.0959963
-0.65123496,0.159994
-0.65103496,0.127995
-0.65083496,0.0959963
-0.65063496,0.127995
-0.65043496,0.0959963
-0.65023496,0.0959963
-0.65003496,0.127995
-0.64983496,0.127995
-0.64963496,0.127995
-0.64943496,0.159994
-0.64923496,0.0959963
-0.64903496,0.127995
-0.64883496,0.127995
-0.64863496,0.0959963
-0.64843496,0.0959963
-0.64823496,0.127995
-0.64803496,0.0959963
-0.64783496,0.159994
-0.64763496,0.159994
-0.64743496,0.159994
-0.64723496,0.159994
-0.64703496,0.159994
-0.64683496,0.159994
-0.64663496,0.159994
-0.64643496,0.191993
-0.64623496,0.127995
-0.64603496,0.159994
-0.64583496,0.191993
-0.64563496,0.127995
-0.64543496,0.191993
-0.64523496,0.159994
-0.64503496,0.159994
-0.64483496,0.127995
-0.64463496,0.159994
-0.64443496,0.191993
-0.64423496,0.159994
-0.64403496,0.159994
-0.64383496,0.0959963
-0.64363496,0.159994
-0.64343496,0.191993
-0.64323496,0.159994
-0.64303496,0.191993
-0.64283496,0.191993
-0.64263496,0.191993
-0.64243496,0.191993
-0.64223496,0.159994
-0.64203496,0.159994
-0.64183496,0.159994
-0.64163496,0.191993
-0.64143496,0.191993
-0.64123496,0.127995
-0.64103496,0.191993
-0.64083496,0.159994
-0.64063496,0.159994
-0.64043496,0.191993
-0.64023496,0.159994
-0.64003496,0.159994
-0.63983496,0.159994
-0.63963496,0.191993
-0.63943496,0.191993
-0.63923496,0.191993
-0.63903496,0.191993
-0.63883496,0.159994
-0.63863496,0.223991
-0.63843496,0.159994
-0.63823496,0.191993
-0.63803496,0.191993
-0.63783496,0.127995
-0.63763496,0.159994
-0.63743496,0.223991
-0.63723496,0.159994
-0.63703496,0.223991
-0.63683496,0.159994
-0.63663496,0.191993
-0.63643496,0.191993
-0.63623496,0.191993
-0.63603496,0.191993
-0.63583496,0.191993
-0.63563496,0.191993
-0.63543496,0.191993
-0.63523496,0.191993
-0.63503496,0.191993
-0.63483496,0.191993
-0.63463496,0.191993
-0.63443496,0.223991
-0.63423496,0.127995
-0.63403496,0.223991
-0.63383496,0.159994
-0.63363496,0.191993
-0.63343496,0.191993
-0.63323496,0.191993
-0.63303496,0.223991
-0.63283496,0.191993
-0.63263496,0.191993
-0.63243496,0.191993
-0.63223496,0.191993
-0.63203496,0.25599
-0.63183496,0.191993
-0.63163496,0.223991
-0.63143496,0.191993
-0.63123496,0.191993
-0.63103496,0.191993
-0.63083496,0.223991
-0.63063496,0.223991
-0.63043496,0.223991
-0.63023496,0.223991
-0.63003496,0.223991
-0.62983496,0.223991
-0.62963496,0.25599
-0.62943496,0.223991
-0.62923496,0.223991
-0.62903496,0.223991
-0.62883496,0.223991
-0.62863496,0.223991
-0.62843496,0.223991
-0.62823496,0.223991
-0.62803496,0.223991
-0.62783496,0.223991
-0.62763496,0.223991
-0.62743496,0.223991
-0.62723496,0.25599
-0.62703496,0.191993
-0.62683496,0.223991
-0.62663496,0.223991
-0.62643496,0.191993
-0.62623496,0.223991
-0.62603496,0.223991
-0.62583496,0.223991
-0.62563496,0.191993
-0.62543496,0.223991
-0.62523496,0.223991
-0.62503496,0.191993
-0.62483496,0.223991
-0.62463496,0.223991
-0.62443496,0.223991
-0.62423496,0.25599
-0.62403496,0.223991
-0.62383496,0.223991
-0.62363496,0.223991
-0.62343496,0.159994
-0.62323496,0.223991
-0.62303496,0.223991
-0.62283496,0.223991
-0.62263496,0.223991
-0.62243496,0.25599
-0.62223496,0.191993
-0.62203496,0.223991
-0.62183496,0.25599
-0.62163496,0.25599
-0.62143496,0.223991
-0.62123496,0.191993
-0.62103496,0.25599
-0.62083496,0.191993
-0.62063496,0.25599
-0.62043496,0.223991
-0.62023496,0.223991
-0.62003496,0.223991
-0.61983496,0.223991
-0.61963496,0.223991
-0.61943496,0.191993
-0.61923496,0.191993
-0.61903496,0.223991
-0.61883496,0.159994
-0.61863496,0.25599
-0.61843496,0.223991
-0.61823496,0.191993
-0.61803496,0.191993
-0.61783496,0.191993
-0.61763496,0.223991
-0.61743496,0.191993
-0.61723496,0.223991
-0.61703496,0.191993
-0.61683496,0.223991
-0.61663496,0.191993
-0.61643496,0.191993
-0.61623496,0.191993
-0.61603496,0.191993
-0.61583496,0.191993
-0.61563496,0.191993
-0.61543496,0.223991
-0.61523496,0.223991
-0.61503496,0.191993
-0.61483496,0.191993
-0.61463496,0.159994
-0.61443496,0.191993
-0.61423496,0.191993
-0.61403496,0.223991
-0.61383496,0.191993
-0.61363496,0.223991
-0.61343496,0.191993
-0.61323496,0.191993
-0.61303496,0.159994
-0.61283496,0.223991
-0.61263496,0.159994
-0.61243496,0.191993
-0.61223496,0.159994
-0.61203496,0.191993
-0.61183496,0.223991
-0.61163496,0.223991
-0.61143496,0.223991
-0.61123496,0.191993
-0.61103496,0.223991
-0.61083496,0.191993
-0.61063496,0.191993
-0.61043496,0.25599
-0.61023496,0.191993
-0.61003496,0.191993
-0.60983496,0.223991
-0.60963496,0.191993
-0.60943496,0.159994
-0.60923496,0.223991
-0.60903496,0.223991
-0.60883496,0.25599
-0.60863496,0.223991
-0.60843496,0.191993
-0.60823496,0.223991
-0.60803496,0.25599
-0.60783496,0.191993
-0.60763496,0.191993
-0.60743496,0.223991
-0.60723496,0.223991
-0.60703496,0.223991
-0.60683496,0.191993
-0.60663496,0.223991
-0.60643496,0.191993
-0.60623496,0.223991
-0.60603496,0.223991
-0.60583496,0.191993
-0.60563496,0.25599
-0.60543496,0.223991
-0.60523496,0.223991
-0.60503496,0.25599
-0.60483496,0.223991
-0.60463496,0.25599
-0.60443496,0.25599
-0.60423496,0.159994
-0.60403496,0.223991
-0.60383496,0.25599
-0.60363496,0.223991
-0.60343496,0.191993
-0.60323496,0.25599
-0.60303496,0.191993
-0.60283496,0.25599
-0.60263496,0.223991
-0.60243496,0.223991
-0.60223496,0.191993
-0.60203496,0.25599
-0.60183496,0.25599
-0.60163496,0.191993
-0.60143496,0.191993
-0.60123496,0.191993
-0.60103496,0.191993
-0.60083496,0.223991
-0.60063496,0.191993
-0.60043496,0.159994
-0.60023496,0.223991
-0.60003496,0.159994
-0.59983496,0.191993
-0.59963496,0.191993
-0.59943496,0.159994
-0.59923496,0.223991
-0.59903496,0.191993
-0.59883496,0.191993
-0.59863496,0.191993
-0.59843496,0.191993
-0.59823496,0.159994
-0.59803496,0.191993
-0.59783496,0.191993
-0.59763496,0.159994
-0.59743496,0.191993
-0.59723496,0.223991
-0.59703496,0.159994
-0.59683496,0.191993
-0.59663496,0.191993
-0.59643496,0.159994
-0.59623496,0.191993
-0.59603496,0.159994
-0.59583496,0.159994
-0.59563496,0.127995
-0.59543496,0.127995
-0.59523496,0.159994
-0.59503496,0.191993
-0.59483496,0.191993
-0.59463496,0.191993
-0.59443496,0.159994
-0.59423496,0.159994
-0.59403496,0.127995
-0.59383496,0.191993
-0.59363496,0.159994
-0.59343496,0.127995
-0.59323496,0.191993
-0.59303496,0.127995
-0.59283496,0.127995
-0.59263496,0.127995
-0.59243496,0.127995
-0.59223496,0.191993
-0.59203496,0.159994
-0.59183496,0.159994
-0.59163496,0.127995
-0.59143496,0.0959963
-0.59123496,0.127995
-0.59103496,0.0959963
-0.59083496,0.0959963
-0.59063496,0.159994
-0.59043496,0.127995
-0.59023496,0.0639975
-0.59003496,0.127995
-0.58983496,0.0959963
-0.58963496,0.127995
-0.58943496,0.0959963
-0.58923496,0.0639975
-0.58903496,0.0959963
-0.58883496,0.0959963
-0.58863496,0.0959963
-0.58843496,0.0319988
-0.58823496,0.127995
-0.58803496,0.127995
-0.58783496,0.127995
-0.58763496,0.0959963
-0.58743496,0.0959963
-0.58723496,0.127995
-0.58703496,0.127995
-0.58683496,0.0959963
-0.58663496,0.0959963
-0.58643496,0.127995
-0.58623496,0.127995
-0.58603496,0.127995
-0.58583496,0.0959963
-0.58563496,0.127995
-0.58543496,0.0959963
-0.58523496,0.0959963
-0.58503496,0.0959963
-0.58483496,0.127995
-0.58463496,0.0959963
-0.58443496,0.0959963
-0.58423496,0.127995
-0.58403496,0.0639975
-0.58383496,0.0959963
-0.58363496,0.127995
-0.58343496,0.159994
-0.58323496,0.0959963
-0.58303496,0.0959963
-0.58283496,0.127995
-0.58263496,0.127995
-0.58243496,0.159994
-0.58223496,0.127995
-0.58203496,0.127995
-0.58183496,0.127995
-0.58163496,0.159994
-0.58143496,0.0959963
-0.58123496,0.127995
-0.58103496,0.159994
-0.58083496,0.127995
-0.58063496,0.0959963
-0.58043496,0.127995
-0.58023496,0.159994
-0.58003496,0.127995
-0.57983496,0.127995
-0.57963496,0.127995
-0.57943496,0.127995
-0.57923496,0.127995
-0.57903496,0.127995
-0.57883496,0.127995
-0.57863496,0.159994
-0.57843496,0.127995
-0.57823496,0.127995
-0.57803496,0.127995
-0.57783496,0.127995
-0.57763496,0.127995
-0.57743496,0.159994
-0.57723496,0.159994
-0.57703496,0.127995
-0.57683496,0.127995
-0.57663496,0.127995
-0.57643496,0.127995
-0.57623496,0.127995
-0.57603496,0.127995
-0.57583496,0.127995
-0.57563496,0.159994
-0.57543496,0.127995
-0.57523496,0.127995
-0.57503496,0.0959963
-0.57483496,0.127995
-0.57463496,0.127995
-0.57443496,0.127995
-0.57423496,0.127995
-0.57403496,0.159994
-0.57383496,0.127995
-0.57363496,0.127995
-0.57343496,0.127995
-0.57323496,0.159994
-0.57303496,0.159994
-0.57283496,0.159994
-0.57263496,0.159994
-0.57243496,0.127995
-0.57223496,0.127995
-0.57203496,0.159994
-0.57183496,0.127995
-0.57163496,0.159994
-0.57143496,0.159994
-0.57123496,0.159994
-0.57103496,0.191993
-0.57083496,0.159994
-0.57063496,0.127995
-0.57043496,0.191993
-0.57023496,0.127995
-0.57003496,0.127995
-0.56983496,0.159994
-0.56963496,0.191993
-0.56943496,0.127995
-0.56923496,0.159994
-0.56903496,0.159994
-0.56883496,0.127995
-0.56863496,0.191993
-0.56843496,0.159994
-0.56823496,0.159994
-0.56803496,0.159994
-0.56783496,0.159994
-0.56763496,0.0959963
-0.56743496,0.159994
-0.56723496,0.191993
-0.56703496,0.127995
-0.56683496,0.159994
-0.56663496,0.127995
-0.56643496,0.127995
-0.56623496,0.159994
-0.56603496,0.159994
-0.56583496,0.127995
-0.56563496,0.159994
-0.56543496,0.159994
-0.56523496,0.127995
-0.56503496,0.159994
-0.56483496,0.159994
-0.56463496,0.127995
-0.56443496,0.159994
-0.56423496,0.127995
-0.56403496,0.159994
-0.56383496,0.127995
-0.56363496,0.127995
-0.56343496,0.127995
-0.56323496,0.191993
-0.56303496,0.127995
-0.56283496,0.127995
-0.56263496,0.127995
-0.56243496,0.127995
-0.56223496,0.127995
-0.56203496,0.127995
-0.56183496,0.159994
-0.56163496,0.159994
-0.56143496,0.159994
-0.56123496,0.159994
-0.56103496,0.0959963
-0.56083496,0.159994
-0.56063496,0.159994
-0.56043496,0.191993
-0.56023496,0.159994
-0.56003496,0.191993
-0.55983496,0.127995
-0.55963496,0.191993
-0.55943496,0.127995
-0.55923496,0.127995
-0.55903496,0.159994
-0.55883496,0.127995
-0.55863496,0.159994
-0.55843496,0.191993
-0.55823496,0.159994
-0.55803496,0.191993
-0.55783496,0.127995
-0.55763496,0.159994
-0.55743496,0.159994
-0.55723496,0.159994
-0.55703496,0.159994
-0.55683496,0.159994
-0.55663496,0.191993
-0.55643496,0.159994
-0.55623496,0.159994
-0.55603496,0.159994
-0.55583496,0.159994
-0.55563496,0.159994
-0.55543496,0.191993
-0.55523496,0.191993
-0.55503496,0.127995
-0.55483496,0.159994
-0.55463496,0.223991
-0.55443496,0.159994
-0.55423496,0.159994
-0.55403496,0.191993
-0.55383496,0.127995
-0.55363496,0.127995
-0.55343496,0.159994
-0.55323496,0.159994
-0.55303496,0.127995
-0.55283496,0.127995
-0.55263496,0.159994
-0.55243496,0.127995
-0.55223496,0.191993
-0.55203496,0.127995
-0.55183496,0.127995
-0.55163496,0.127995
-0.55143496,0.127995
-0.55123496,0.127995
-0.55103496,0.191993
-0.55083496,0.0959963
-0.55063496,0.127995
-0.55043496,0.159994
-0.55023496,0.0959963
-0.55003496,0.191993
-0.54983496,0.159994
-0.54963496,0.159994
-0.54943496,0.159994
-0.54923496,0.159994
-0.54903496,0.127995
-0.54883496,0.159994
-0.54863496,0.127995
-0.54843496,0.127995
-0.54823496,0.159994
-0.54803496,0.191993
-0.54783496,0.159994
-0.54763496,0.191993
-0.54743496,0.159994
-0.54723496,0.127995
-0.54703496,0.127995
-0.54683496,0.159994
-0.54663496,0.159994
-0.54643496,0.127995
-0.54623496,0.159994
-0.54603496,0.159994
-0.54583496,0.159994
-0.54563496,0.191993
-0.54543496,0.159994
-0.54523496,0.127995
-0.54503496,0.191993
-0.54483496,0.159994
-0.54463496,0.159994
-0.54443496,0.127995
-0.54423496,0.159994
-0.54403496,0.159994
-0.54383496,0.159994
-0.54363496,0.159994
-0.54343496,0.127995
-0.54323496,0.191993
-0.54303496,0.159994
-0.54283496,0.159994
-0.54263496,0.127995
-0.54243496,0.127995
-0.54223496,0.159994
-0.54203496,0.191993
-0.54183496,0.159994
-0.54163496,0.0959963
-0.54143496,0.127995
-0.54123496,0.159994
-0.54103496,0.159994
-0.54083496,0.159994
-0.54063496,0.159994
-0.54043496,0.159994
-0.54023496,0.127995
-0.54003496,0.127995
-0.53983496,0.191993
-0.53963496,0.159994
-0.53943496,0.159994
-0.53923496,0.159994
-0.53903496,0.127995
-0.53883496,0.127995
-0.53863496,0.159994
-0.53843496,0.159994
-0.53823496,0.159994
-0.53803496,0.159994
-0.53783496,0.127995
-0.53763496,0.159994
-0.53743496,0.127995
-0.53723496,0.191993
-0.53703496,0.159994
-0.53683496,0.159994
-0.53663496,0.127995
-0.53643496,0.127995
-0.53623496,0.127995
-0.53603496,0.159994
-0.53583496,0.127995
-0.53563496,0.127995
-0.53543496,0.127995
-0.53523496,0.159994
-0.53503496,0.159994
-0.53483496,0.159994
-0.53463496,0.127995
-0.53443496,0.159994
-0.53423496,0.127995
-0.53403496,0.159994
-0.53383496,0.159994
-0.53363496,0.159994
-0.53343496,0.127995
-0.53323496,0.127995
-0.53303496,0.127995
-0.53283496,0.159994
-0.53263496,0.127995
-0.53243496,0.127995
-0.53223496,0.127995
-0.53203496,0.159994
-0.53183496,0.159994
-0.53163496,0.159994
-0.53143496,0.159994
-0.53123496,0.159994
-0.53103496,0.159994
-0.53083496,0.127995
-0.53063496,0.159994
-0.53043496,0.127995
-0.53023496,0.159994
-0.53003496,0.127995
-0.52983496,0.127995
-0.52963496,0.159994
-0.52943496,0.159994
-0.52923496,0.127995
-0.52903496,0.159994
-0.52883496,0.127995
-0.52863496,0.127995
-0.52843496,0.159994
-0.52823496,0.159994
-0.52803496,0.127995
-0.52783496,0.127995
-0.52763496,0.127995
-0.52743496,0.127995
-0.52723496,0.159994
-0.52703496,0.159994
-0.52683496,0.127995
-0.52663496,0.127995
-0.52643496,0.159994
-0.52623496,0.159994
-0.52603496,0.127995
-0.52583496,0.159994
-0.52563496,0.159994
-0.52543496,0.191993
-0.52523496,0.223991
-0.52503496,0.159994
-0.52483496,0.159994
-0.52463496,0.191993
-0.52443496,0.127995
-0.52423496,0.159994
-0.52403496,0.159994
-0.52383496,0.159994
-0.52363496,0.191993
-0.52343496,0.159994
-0.52323496,0.159994
-0.52303496,0.159994
-0.52283496,0.191993
-0.52263496,0.159994
-0.52243496,0.159994
-0.52223496,0.191993
-0.52203496,0.159994
-0.52183496,0.191993
-0.52163496,0.191993
-0.52143496,0.159994
-0.52123496,0.159994
-0.52103496,0.223991
-0.52083496,0.127995
-0.52063496,0.191993
-0.52043496,0.191993
-0.52023496,0.159994
-0.52003496,0.127995
-0.51983496,0.159994
-0.51963496,0.159994
-0.51943496,0.191993
-0.51923496,0.159994
-0.51903496,0.191993
-0.51883496,0.191993
-0.51863496,0.191993
-0.51843496,0.159994
-0.51823496,0.159994
-0.51803496,0.191993
-0.51783496,0.159994
-0.51763496,0.191993
-0.51743496,0.191993
-0.51723496,0.191993
-0.51703496,0.191993
-0.51683496,0.223991
-0.51663496,0.191993
-0.51643496,0.159994
-0.51623496,0.159994
-0.51603496,0.191993
-0.51583496,0.191993
-0.51563496,0.159994
-0.51543496,0.191993
-0.51523496,0.191993
-0.51503496,0.191993
-0.51483496,0.159994
-0.51463496,0.159994
-0.51443496,0.159994
-0.51423496,0.159994
-0.51403496,0.191993
-0.51383496,0.191993
-0.51363496,0.191993
-0.51343496,0.191993
-0.51323496,0.223991
-0.51303496,0.223991
-0.51283496,0.191993
-0.51263496,0.191993
-0.51243496,0.191993
-0.51223496,0.191993
-0.51203496,0.191993
-0.51183496,0.159994
-0.51163496,0.191993
-0.51143496,0.191993
-0.51123496,0.159994
-0.51103496,0.191993
-0.51083496,0.25599
-0.51063496,0.159994
-0.51043496,0.191993
-0.51023496,0.223991
-0.51003496,0.191993
-0.50983496,0.223991
-0.50963496,0.191993
-0.50943496,0.223991
-0.50923496,0.223991
-0.50903496,0.223991
-0.50883496,0.223991
-0.50863496,0.223991
-0.50843496,0.191993
-0.50823496,0.191993
-0.50803496,0.191993
-0.50783496,0.319988
-0.50763496,0.223991
-0.50743496,0.223991
-0.50723496,0.223991
-0.50703496,0.223991
-0.50683496,0.223991
-0.50663496,0.25599
-0.50643496,0.191993
-0.50623496,0.25599
-0.50603496,0.223991
-0.50583496,0.191993
-0.50563496,0.223991
-0.50543496,0.25599
-0.50523496,0.25599
-0.50503496,0.25599
-0.50483496,0.25599
-0.50463496,0.223991
-0.50443496,0.223991
-0.50423496,0.25599
-0.50403496,0.25599
-0.50383496,0.223991
-0.50363496,0.25599
-0.50343496,0.223991
-0.50323496,0.25599
-0.50303496,0.25599
-0.50283496,0.25599
-0.50263496,0.191993
-0.50243496,0.223991
-0.50223496,0.25599
-0.50203496,0.223991
-0.50183496,0.223991
-0.50163496,0.223991
-0.50143496,0.25599
-0.50123496,0.25599
-0.50103496,0.223991
-0.50083496,0.25599
-0.50063496,0.223991
-0.50043496,0.223991
-0.50023496,0.223991
-0.50003496,0.25599
-0.49983496,0.25599
-0.49963496,0.25599
-0.49943496,0.287989
-0.49923496,0.25599
-0.49903496,0.25599
-0.49883496,0.25599
-0.49863496,0.25599
-0.49843496,0.25599
-0.49823496,0.287989
-0.49803496,0.223991
-0.49783496,0.223991
-0.49763496,0.223991
-0.49743496,0.223991
-0.49723496,0.25599
-0.49703496,0.287989
-0.49683496,0.223991
-0.49663496,0.25599
-0.49643496,0.287989
-0.49623496,0.25599
-0.49603496,0.287989
-0.49583496,0.25599
-0.49563496,0.223991
-0.49543496,0.25599
-0.49523496,0.25599
-0.49503496,0.25599
-0.49483496,0.287989
-0.49463496,0.287989
-0.49443496,0.25599
-0.49423496,0.25599
-0.49403496,0.287989
-0.49383496,0.25599
-0.49363496,0.25599
-0.49343496,0.319988
-0.49323496,0.287989
-0.49303496,0.319988
-0.49283496,0.319988
-0.49263496,0.25599
-0.49243496,0.287989
-0.49223496,0.25599
-0.49203496,0.25599
-0.49183496,0.25599
-0.49163496,0.25599
-0.49143496,0.25599
-0.49123496,0.25599
-0.49103496,0.287989
-0.49083496,0.25599
-0.49063496,0.25599
-0.49043496,0.25599
-0.49023496,0.25599
-0.49003496,0.25599
-0.48983496,0.25599
-0.48963496,0.223991
-0.48943496,0.25599
-0.48923496,0.287989
-0.48903496,0.25599
-0.48883496,0.287989
-0.48863496,0.25599
-0.48843496,0.25599
-0.48823496,0.223991
-0.48803496,0.25599
-0.48783496,0.223991
-0.48763496,0.25599
-0.48743496,0.223991
-0.48723496,0.25599
-0.48703496,0.25599
-0.48683496,0.25599
-0.48663496,0.25599
-0.48643496,0.25599
-0.48623496,0.25599
-0.48603496,0.223991
-0.48583496,0.25599
-0.48563496,0.25599
-0.48543496,0.25599
-0.48523496,0.25599
-0.48503496,0.25599
-0.48483496,0.25599
-0.48463496,0.25599
-0.48443496,0.25599
-0.48423496,0.223991
-0.48403496,0.223991
-0.48383496,0.223991
-0.48363496,0.223991
-0.48343496,0.25599
-0.48323496,0.25599
-0.48303496,0.223991
-0.48283496,0.223991
-0.48263496,0.25599
-0.48243496,0.191993
-0.48223496,0.25599
-0.48203496,0.25599
-0.48183496,0.223991
-0.48163496,0.25599
-0.48143496,0.191993
-0.48123496,0.223991
-0.48103496,0.223991
-0.48083496,0.25599
-0.48063496,0.223991
-0.48043496,0.223991
-0.48023496,0.223991
-0.48003496,0.223991
-0.47983496,0.223991
-0.47963496,0.223991
-0.47943496,0.191993
-0.47923496,0.191993
-0.47903496,0.191993
-0.47883496,0.223991
-0.47863496,0.223991
-0.47843496,0.191993
-0.47823496,0.191993
-0.47803496,0.191993
-0.47783496,0.223991
-0.47763496,0.159994
-0.47743496,0.223991
-0.47723496,0.159994
-0.47703496,0.159994
-0.47683496,0.223991
-0.47663496,0.223991
-0.47643496,0.159994
-0.47623496,0.191993
-0.47603496,0.223991
-0.47583496,0.191993
-0.47563496,0.159994
-0.47543496,0.223991
-0.47523496,0.159994
-0.47503496,0.191993
-0.47483496,0.159994
-0.47463496,0.191993
-0.47443496,0.159994
-0.47423496,0.191993
-0.47403496,0.159994
-0.47383496,0.159994
-0.47363496,0.223991
-0.47343496,0.191993
-0.47323496,0.191993
-0.47303496,0.159994
-0.47283496,0.159994
-0.47263496,0.191993
-0.47243496,0.191993
-0.47223496,0.127995
-0.47203496,0.191993
-0.47183496,0.191993
-0.47163496,0.191993
-0.47143496,0.191993
-0.47123496,0.159994
-0.47103496,0.159994
-0.47083496,0.159994
-0.47063496,0.191993
-0.47043496,0.159994
-0.47023496,0.127995
-0.47003496,0.159994
-0.46983496,0.159994
-0.46963496,0.159994
-0.46943496,0.159994
-0.46923496,0.159994
-0.46903496,0.127995
-0.46883496,0.127995
-0.46863496,0.159994
-0.46843496,0.159994
-0.46823496,0.159994
-0.46803496,0.127995
-0.46783496,0.159994
-0.46763496,0.127995
-0.46743496,0.127995
-0.46723496,0.127995
-0.46703496,0.127995
-0.46683496,0.159994
-0.46663496,0.127995
-0.46643496,0.127995
-0.46623496,0.127995
-0.46603496,0.0959963
-0.46583496,0.0639975
-0.46563496,0.127995
-0.46543496,0.127995
-0.46523496,0.0959963
-0.46503496,0.127995
-0.46483496,0.127995
-0.46463496,0.0959963
-0.46443496,0.0959963
-0.46423496,0.0959963
-0.46403496,0.0959963
-0.46383496,0.0959963
-0.46363496,0.0639975
-0.46343496,0.127995
-0.46323496,0.0959963
-0.46303496,0.0639975
-0.46283496,0.0959963
-0.46263496,0.0959963
-0.46243496,0.127995
-0.46223496,0.127995
-0.46203496,0.127995
-0.46183496,0.0959963
-0.46163496,0.0959963
-0.46143496,0.0639975
-0.46123496,0.0639975
-0.46103496,0.127995
-0.46083496,0.0639975
-0.46063496,0.0959963
-0.46043496,0.127995
-0.46023496,0.0959963
-0.46003496,0.0959963
-0.45983496,0.0959963
-0.45963496,0.0959963
-0.45943496,0.0959963
-0.45923496,0.0959963
-0.45903496,0.0959963
-0.45883496,0.0639975
-0.45863496,0.127995
-0.45843496,0.0959963
-0.45823496,0.0639975
-0.45803496,0.127995
-0.45783496,0.0959963
-0.45763496,0.127995
-0.45743496,0.0639975
-0.45723496,0.0639975
-0.45703496,0.0959963
-0.45683496,0.0959963
-0.45663496,0.0639975
-0.45643496,0.0639975
-0.45623496,0.0959963
-0.45603496,0.0959963
-0.45583496,0.0959963
-0.45563496,0.0959963
-0.45543496,0.0959963
-0.45523496,0.0639975
-0.45503496,0.0639975
-0.45483496,0.0639975
-0.45463496,0.0959963
-0.45443496,0.0959963
-0.45423496,0.0959963
-0.45403496,0.0959963
-0.45383496,0.0959963
-0.45363496,0.0959963
-0.45343496,0.0959963
-0.45323496,0.0959963
-0.45303496,0.0959963
-0.45283496,0.0639975
-0.45263496,0.0959963
-0.45243496,0.0639975
-0.45223496,0.0319988
-0.45203496,0.0639975
-0.45183496,0.0639975
-0.45163496,0.0639975
-0.45143496,0.0639975
-0.45123496,0.0639975
-0.45103496,0.0319988
-0.45083496,0.0639975
-0.45063496,0.0639975
-0.45043496,0.0319988
-0.45023496,0.0959963
-0.45003496,0.0639975
-0.44983496,0.0639975
-0.44963496,0.0319988
-0.44943496,0.0319988
-0.44923496,0.0319988
-0.44903496,0.0639975
-0.44883496,0.0319988
-0.44863496,0.0319988
-0.44843496,0.0319988
-0.44823496,0.0319988
-0.44803496,0
-0.44783496,0.0319988
-0.44763496,0.0319988
-0.44743496,0.0319988
-0.44723496,0.0319988
-0.44703496,0.0319988
-0.44683496,-0.0319988
-0.44663496,0
-0.44643496,0.0639975
-0.44623496,0.0319988
-0.44603496,0
-0.44583496,0.0319988
-0.44563496,-0.0319988
-0.44543496,-0.0319988
-0.44523496,0.0319988
-0.44503496,-0.0319988
-0.44483496,0.0319988
-0.44463496,-0.0319988
-0.44443496,-0.0639975
-0.44423496,0.0319988
-0.44403496,0
-0.44383496,-0.0319988
-0.44363496,-0.0319988
-0.44343496,0
-0.44323496,-0.0319988
-0.44303496,-0.0319988
-0.44283496,-0.0319988
-0.44263496,-0.0639975
-0.44243496,-0.0639975
-0.44223496,-0.0639975
-0.44203496,-0.0639975
-0.44183496,-0.0639975
-0.44163496,-0.0639975
-0.44143496,-0.0959963
-0.44123496,-0.0639975
-0.44103496,-0.0639975
-0.44083496,-0.0639975
-0.44063496,-0.0959963
-0.44043496,-0.0639975
-0.44023496,-0.127995
-0.44003496,-0.0959963
-0.43983496,-0.0639975
-0.43963496,-0.127995
-0.43943496,-0.127995
-0.43923496,-0.0959963
-0.43903496,-0.0959963
-0.43883496,-0.127995
-0.43863496,-0.0959963
-0.43843496,-0.0959963
-0.43823496,-0.127995
-0.43803496,-0.127995
-0.43783496,-0.127995
-0.43763496,-0.0959963
-0.43743496,-0.127995
-0.43723496,-0.127995
-0.43703496,-0.159994
-0.43683496,-0.127995
-0.43663496,-0.159994
-0.43643496,-0.159994
-0.43623496,-0.0959963
-0.43603496,-0.127995
-0.43583496,-0.0959963
-0.43563496,-0.127995
-0.43543496,-0.127995
-0.43523496,-0.191993
-0.43503496,-0.127995
-0.43483496,-0.127995
-0.43463496,-0.191993
-0.43443496,-0.0959963
-0.43423496,-0.159994
-0.43403496,-0.127995
-0.43383496,-0.127995
-0.43363496,-0.191993
-0.43343496,-0.159994
-0.43323496,-0.127995
-0.43303496,-0.191993
-0.43283496,-0.159994
-0.43263496,-0.159994
-0.43243496,-0.159994
-0.43223496,-0.191993
-0.43203496,-0.159994
-0.43183496,-0.191993
-0.43163496,-0.159994
-0.43143496,-0.191993
-0.43123496,-0.191993
-0.43103496,-0.127995
-0.43083496,-0.159994
-0.43063496,-0.191993
-0.43043496,-0.191993
-0.43023496,-0.191993
-0.43003496,-0.159994
-0.42983496,-0.223991
-0.42963496,-0.191993
-0.42943496,-0.191993
-0.42923496,-0.191993
-0.42903496,-0.159994
-0.42883496,-0.191993
-0.42863496,-0.159994
-0.42843496,-0.159994
-0.42823496,-0.191993
-0.42803496,-0.191993
-0.42783496,-0.159994
-0.42763496,-0.191993
-0.42743496,-0.223991
-0.42723496,-0.159994
-0.42703496,-0.191993
-0.42683496,-0.223991
-0.42663496,-0.159994
-0.42643496,-0.25599
-0.42623496,-0.223991
-0.42603496,-0.191993
-0.42583496,-0.191993
-0.42563496,-0.287989
-0.42543496,-0.223991
-0.42523496,-0.25599
-0.42503496,-0.223991
-0.42483496,-0.223991
-0.42463496,-0.223991
-0.42443496,-0.223991
-0.42423496,-0.159994
-0.42403496,-0.191993
-0.42383496,-0.25599
-0.42363496,-0.191993
-0.42343496,-0.25599
-0.42323496,-0.25599
-0.42303496,-0.25599
-0.42283496,-0.25599
-0.42263496,-0.25599
-0.42243496,-0.191993
-0.42223496,-0.223991
-0.42203496,-0.287989
-0.42183496,-0.25599
-0.42163496,-0.25599
-0.42143496,-0.25599
-0.42123496,-0.319988
-0.42103496,-0.25599
-0.42083496,-0.25599
-0.42063496,-0.319988
-0.42043496,-0.25599
-0.42023496,-0.287989
-0.42003496,-0.287989
-0.41983496,-0.287989
-0.41963496,-0.287989
-0.41943496,-0.319988
-0.41923496,-0.287989
-0.41903496,-0.25599
-0.41883496,-0.25599
-0.41863496,-0.287989
-0.41843496,-0.319988
-0.41823496,-0.287989
-0.41803496,-0.319988
-0.41783496,-0.319988
-0.41763496,-0.319988
-0.41743496,-0.319988
-0.41723496,-0.319988
-0.41703496,-0.287989
-0.41683496,-0.319988
-0.41663496,-0.287989
-0.41643496,-0.319988
-0.41623496,-0.319988
-0.41603496,-0.383985
-0.41583496,-0.319988
-0.41563496,-0.319988
-0.41543496,-0.319988
-0.41523496,-0.351986
-0.41503496,-0.351986
-0.41483496,-0.351986
-0.41463496,-0.319988
-0.41443496,-0.319988
-0.41423496,-0.319988
-0.41403496,-0.319988
-0.41383496,-0.383985
-0.41363496,-0.319988
-0.41343496,-0.319988
-0.41323496,-0.319988
-0.41303496,-0.319988
-0.41283496,-0.351986
-0.41263496,-0.351986
-0.41243496,-0.319988
-0.41223496,-0.319988
-0.41203496,-0.351986
-0.41183496,-0.383985
-0.41163496,-0.351986
-0.41143496,-0.351986
-0.41123496,-0.383985
-0.41103496,-0.319988
-0.41083496,-0.351986
-0.41063496,-0.383985
-0.41043496,-0.351986
-0.41023496,-0.351986
-0.41003496,-0.351986
-0.40983496,-0.319988
-0.40963496,-0.319988
-0.40943496,-0.351986
-0.40923496,-0.351986
-0.40903496,-0.319988
-0.40883496,-0.383985
-0.40863496,-0.351986
-0.40843496,-0.351986
-0.40823496,-0.383985
-0.40803496,-0.383985
-0.40783496,-0.319988
-0.40763496,-0.351986
-0.40743496,-0.383985
-0.40723496,-0.319988
-0.40703496,-0.351986
-0.40683496,-0.319988
-0.40663496,-0.351986
-0.40643496,-0.351986
-0.40623496,-0.351986
-0.40603496,-0.319988
-0.40583496,-0.415984
-0.40563496,-0.351986
-0.40543496,-0.351986
-0.40523496,-0.319988
-0.40503496,-0.319988
-0.40483496,-0.287989
-0.40463496,-0.319988
-0.40443496,-0.351986
-0.40423496,-0.351986
-0.40403496,-0.351986
-0.40383496,-0.351986
-0.40363496,-0.383985
-0.40343496,-0.351986
-0.40323496,-0.351986
-0.40303496,-0.351986
-0.40283496,-0.383985
-0.40263496,-0.351986
-0.40243496,-0.319988
-0.40223496,-0.383985
-0.40203496,-0.351986
-0.40183496,-0.351986
-0.40163496,-0.319988
-0.40143496,-0.383985
-0.40123496,-0.319988
-0.40103496,-0.383985
-0.40083496,-0.383985
-0.40063496,-0.351986
-0.40043496,-0.351986
-0.40023496,-0.319988
-0.40003496,-0.351986
-0.39983496,-0.383985
-0.39963496,-0.383985
-0.39943496,-0.415984
-0.39923496,-0.383985
-0.39903496,-0.319988
-0.39883496,-0.383985
-0.39863496,-0.319988
-0.39843496,-0.383985
-0.39823496,-0.319988
-0.39803496,-0.415984
-0.39783496,-0.383985
-0.39763496,-0.351986
-0.39743496,-0.383985
-0.39723496,-0.383985
-0.39703496,-0.383985
-0.39683496,-0.351986
-0.39663496,-0.383985
-0.39643496,-0.383985
-0.39623496,-0.351986
-0.39603496,-0.415984
-0.39583496,-0.415984
-0.39563496,-0.415984
-0.39543496,-0.383985
-0.39523496,-0.351986
-0.39503496,-0.415984
-0.39483496,-0.383985
-0.39463496,-0.383985
-0.39443496,-0.447983
-0.39423496,-0.415984
-0.39403496,-0.351986
-0.39383496,-0.415984
-0.39363496,-0.383985
-0.39343496,-0.351986
-0.39323496,-0.383985
-0.39303496,-0.383985
-0.39283496,-0.383985
-0.39263496,-0.383985
-0.39243496,-0.415984
-0.39223496,-0.351986
-0.39203496,-0.383985
-0.39183496,-0.351986
-0.39163496,-0.383985
-0.39143496,-0.415984
-0.39123496,-0.415984
-0.39103496,-0.383985
-0.39083496,-0.383985
-0.39063496,-0.383985
-0.39043496,-0.351986
-0.39023496,-0.351986
-0.39003496,-0.383985
-0.38983496,-0.383985
-0.38963496,-0.415984
-0.38943496,-0.383985
-0.38923496,-0.415984
-0.38903496,-0.383985
-0.38883496,-0.383985
-0.38863496,-0.351986
-0.38843496,-0.383985
-0.38823496,-0.383985
-0.38803496,-0.351986
-0.38783496,-0.383985
-0.38763496,-0.383985
-0.38743496,-0.383985
-0.38723496,-0.415984
-0.38703496,-0.383985
-0.38683496,-0.383985
-0.38663496,-0.415984
-0.38643496,-0.383985
-0.38623496,-0.383985
-0.38603496,-0.415984
-0.38583496,-0.383985
-0.38563496,-0.383985
-0.38543496,-0.351986
-0.38523496,-0.415984
-0.38503496,-0.383985
-0.38483496,-0.383985
-0.38463496,-0.415984
-0.38443496,-0.383985
-0.38423496,-0.415984
-0.38403496,-0.383985
-0.38383496,-0.351986
-0.38363496,-0.415984
-0.38343496,-0.383985
-0.38323496,-0.383985
-0.38303496,-0.415984
-0.38283496,-0.383985
-0.38263496,-0.351986
-0.38243496,-0.415984
-0.38223496,-0.415984
-0.38203496,-0.351986
-0.38183496,-0.383985
-0.38163496,-0.351986
-0.38143496,-0.351986
-0.38123496,-0.383985
-0.38103496,-0.415984
-0.38083496,-0.415984
-0.38063496,-0.383985
-0.38043496,-0.415984
-0.38023496,-0.383985
-0.38003496,-0.383985
-0.37983496,-0.383985
-0.37963496,-0.383985
-0.37943496,-0.383985
-0.37923496,-0.383985
-0.37903496,-0.383985
-0.37883496,-0.383985
-0.37863496,-0.351986
-0.37843496,-0.383985
-0.37823496,-0.383985
-0.37803496,-0.383985
-0.37783496,-0.447983
-0.37763496,-0.415984
-0.37743496,-0.319988
-0.37723496,-0.351986
-0.37703496,-0.415984
-0.37683496,-0.383985
-0.37663496,-0.351986
-0.37643496,-0.383985
-0.37623496,-0.351986
-0.37603496,-0.383985
-0.37583496,-0.383985
-0.37563496,-0.383985
-0.37543496,-0.383985
-0.37523496,-0.383985
-0.37503496,-0.383985
-0.37483496,-0.351986
-0.37463496,-0.351986
-0.37443496,-0.383985
-0.37423496,-0.383985
-0.37403496,-0.351986
-0.37383496,-0.383985
-0.37363496,-0.351986
-0.37343496,-0.415984
-0.37323496,-0.351986
-0.37303496,-0.351986
-0.37283496,-0.351986
-0.37263496,-0.415984
-0.37243496,-0.383985
-0.37223496,-0.351986
-0.37203496,-0.351986
-0.37183496,-0.351986
-0.37163496,-0.447983
-0.37143496,-0.383985
-0.37123496,-0.351986
-0.37103496,-0.351986
-0.37083496,-0.415984
-0.37063496,-0.415984
-0.37043496,-0.415984
-0.37023496,-0.383985
-0.37003496,-0.319988
-0.36983496,-0.415984
-0.36963496,-0.383985
-0.36943496,-0.351986
-0.36923496,-0.383985
-0.36903496,-0.383985
-0.36883496,-0.351986
-0.36863496,-0.415984
-0.36843496,-0.383985
-0.36823496,-0.415984
-0.36803496,-0.383985
-0.36783496,-0.383985
-0.36763496,-0.351986
-0.36743496,-0.415984
-0.36723496,-0.383985
-0.36703496,-0.415984
-0.36683496,-0.415984
-0.36663496,-0.383985
-0.36643496,-0.351986
-0.36623496,-0.383985
-0.36603496,-0.383985
-0.36583496,-0.415984
-0.36563496,-0.415984
-0.36543496,-0.383985
-0.36523496,-0.383985
-0.36503496,-0.415984
-0.36483496,-0.351986
-0.36463496,-0.415984
-0.36443496,-0.415984
-0.36423496,-0.415984
-0.36403496,-0.351986
-0.36383496,-0.415984
-0.36363496,-0.415984
-0.36343496,-0.351986
-0.36323496,-0.415984
-0.36303496,-0.351986
-0.36283496,-0.383985
-0.36263496,-0.447983
-0.36243496,-0.415984
-0.36223496,-0.351986
-0.36203496,-0.415984
-0.36183496,-0.351986
-0.36163496,-0.351986
-0.36143496,-0.383985
-0.36123496,-0.351986
-0.36103496,-0.351986
-0.36083496,-0.383985
-0.36063496,-0.351986
-0.36043496,-0.383985
-0.36023496,-0.383985
-0.36003496,-0.415984
-0.35983496,-0.351986
-0.35963496,-0.383985
-0.35943496,-0.383985
-0.35923496,-0.351986
-0.35903496,-0.383985
-0.35883496,-0.383985
-0.35863496,-0.383985
-0.35843496,-0.383985
-0.35823496,-0.383985
-0.35803496,-0.351986
-0.35783496,-0.415984
-0.35763496,-0.351986
-0.35743496,-0.351986
-0.35723496,-0.383985
-0.35703496,-0.383985
-0.35683496,-0.383985
-0.35663496,-0.383985
-0.35643496,-0.351986
-0.35623496,-0.351986
-0.35603496,-0.351986
-0.35583496,-0.351986
-0.35563496,-0.351986
-0.35543496,-0.415984
-0.35523496,-0.415984
-0.35503496,-0.383985
-0.35483496,-0.351986
-0.35463496,-0.415984
-0.35443496,-0.319988
-0.35423496,-0.319988
-0.35403496,-0.351986
-0.35383496,-0.351986
-0.35363496,-0.415984
-0.35343496,-0.383985
-0.35323496,-0.351986
-0.35303496,-0.383985
-0.35283496,-0.383985
-0.35263496,-0.351986
-0.35243496,-0.415984
-0.35223496,-0.351986
-0.35203496,-0.383985
-0.35183496,-0.383985
-0.35163496,-0.351986
-0.35143496,-0.351986
-0.35123496,-0.415984
-0.35103496,-0.383985
-0.35083496,-0.351986
-0.35063496,-0.383985
-0.35043496,-0.383985
-0.35023496,-0.383985
-0.35003496,-0.415984
-0.34983496,-0.351986
-0.34963496,-0.319988
-0.34943496,-0.383985
-0.34923496,-0.415984
-0.34903496,-0.351986
-0.34883496,-0.383985
-0.34863496,-0.351986
-0.34843496,-0.351986
-0.34823496,-0.415984
-0.34803496,-0.383985
-0.34783496,-0.351986
-0.34763496,-0.383985
-0.34743496,-0.351986
-0.34723496,-0.351986
-0.34703496,-0.351986
-0.34683496,-0.351986
-0.34663496,-0.351986
-0.34643496,-0.319988
-0.34623496,-0.383985
-0.34603496,-0.319988
-0.34583496,-0.383985
-0.34563496,-0.351986
-0.34543496,-0.319988
-0.34523496,-0.383985
-0.34503496,-0.351986
-0.34483496,-0.319988
-0.34463496,-0.319988
-0.34443496,-0.319988
-0.34423496,-0.351986
-0.34403496,-0.319988
-0.34383496,-0.319988
-0.34363496,-0.351986
-0.34343496,-0.383985
-0.34323496,-0.319988
-0.34303496,-0.287989
-0.34283496,-0.319988
-0.34263496,-0.319988
-0.34243496,-0.319988
-0.34223496,-0.351986
-0.34203496,-0.287989
-0.34183496,-0.287989
-0.34163496,-0.319988
-0.34143496,-0.319988
-0.34123496,-0.319988
-0.34103496,-0.287989
-0.34083496,-0.319988
-0.34063496,-0.287989
-0.34043496,-0.319988
-0.34023496,-0.319988
-0.34003496,-0.319988
-0.33983496,-0.287989
-0.33963496,-0.287989
-0.33943496,-0.287989
-0.33923496,-0.287989
-0.33903496,-0.319988
-0.33883496,-0.287989
-0.33863496,-0.287989
-0.33843496,-0.287989
-0.33823496,-0.319988
-0.33803496,-0.351986
-0.33783496,-0.287989
-0.33763496,-0.25599
-0.33743496,-0.319988
-0.33723496,-0.287989
-0.33703496,-0.319988
-0.33683496,-0.319988
-0.33663496,-0.319988
-0.33643496,-0.287989
-0.33623496,-0.287989
-0.33603496,-0.287989
-0.33583496,-0.287989
-0.33563496,-0.287989
-0.33543496,-0.287989
-0.33523496,-0.319988
-0.33503496,-0.25599
-0.33483496,-0.287989
-0.33463496,-0.287989
-0.33443496,-0.287989
-0.33423496,-0.191993
-0.33403496,-0.287989
-0.33383496,-0.319988
-0.33363496,-0.25599
-0.33343496,-0.287989
-0.33323496,-0.319988
-0.33303496,-0.287989
-0.33283496,-0.287989
-0.33263496,-0.287989
-0.33243496,-0.25599
-0.33223496,-0.319988
-0.33203496,-0.319988
-0.33183496,-0.25599
-0.33163496,-0.319988
-0.33143496,-0.287989
-0.33123496,-0.287989
-0.33103496,-0.319988
-0.33083496,-0.287989
-0.33063496,-0.287989
-0.33043496,-0.287989
-0.33023496,-0.25599
-0.33003496,-0.287989
-0.32983496,-0.319988
-0.32963496,-0.351986
-0.32943496,-0.287989
-0.32923496,-0.287989
-0.32903496,-0.25599
-0.32883496,-0.319988
-0.32863496,-0.25599
-0.32843496,-0.287989
-0.32823496,-0.25599
-0.32803496,-0.25599
-0.32783496,-0.319988
-0.32763496,-0.319988
-0.32743496,-0.319988
-0.32723496,-0.319988
-0.32703496,-0.287989
-0.32683496,-0.25599
-0.32663496,-0.287989
-0.32643496,-0.25599
-0.32623496,-0.223991
-0.32603496,-0.25599
-0.32583496,-0.25599
-0.32563496,-0.319988
-0.32543496,-0.351986
-0.32523496,-0.287989
-0.32503496,-0.287989
-0.32483496,-0.25599
-0.32463496,-0.25599
-0.32443496,-0.287989
-0.32423496,-0.287989
-0.32403496,-0.287989
-0.32383496,-0.287989
-0.32363496,-0.287989
-0.32343496,-0.25599
-0.32323496,-0.287989
-0.32303496,-0.319988
-0.32283496,-0.287989
-0.32263496,-0.287989
-0.32243496,-0.287989
-0.32223496,-0.287989
-0.32203496,-0.287989
-0.32183496,-0.351986
-0.32163496,-0.25599
-0.32143496,-0.287989
-0.32123496,-0.25599
-0.32103496,-0.25599
-0.32083496,-0.287989
-0.32063496,-0.287989
-0.32043496,-0.287989
-0.32023496,-0.25599
-0.32003496,-0.25599
-0.31983496,-0.319988
-0.31963496,-0.25599
-0.31943496,-0.287989
-0.31923496,-0.319988
-0.31903496,-0.25599
-0.31883496,-0.25599
-0.31863496,-0.287989
-0.31843496,-0.287989
-0.31823496,-0.287989
-0.31803496,-0.287989
-0.31783496,-0.287989
-0.31763496,-0.287989
-0.31743496,-0.287989
-0.31723496,-0.25599
-0.31703496,-0.319988
-0.31683496,-0.287989
-0.31663496,-0.287989
-0.31643496,-0.287989
-0.31623496,-0.319988
-0.31603496,-0.287989
-0.31583496,-0.351986
-0.31563496,-0.287989
-0.31543496,-0.287989
-0.31523496,-0.287989
-0.31503496,-0.25599
-0.31483496,-0.319988
-0.31463496,-0.25599
-0.31443496,-0.287989
-0.31423496,-0.287989
-0.31403496,-0.25599
-0.31383496,-0.319988
-0.31363496,-0.319988
-0.31343496,-0.319988
-0.31323496,-0.287989
-0.31303496,-0.287989
-0.31283496,-0.351986
-0.31263496,-0.319988
-0.31243496,-0.287989
-0.31223496,-0.319988
-0.31203496,-0.287989
-0.31183496,-0.287989
-0.31163496,-0.351986
-0.31143496,-0.287989
-0.31123496,-0.287989
-0.31103496,-0.287989
-0.31083496,-0.25599
-0.31063496,-0.287989
-0.31043496,-0.319988
-0.31023496,-0.223991
-0.31003496,-0.287989
-0.30983496,-0.319988
-0.30963496,-0.319988
-0.30943496,-0.287989
-0.30923496,-0.287989
-0.30903496,-0.287989
-0.30883496,-0.287989
-0.30863496,-0.287989
-0.30843496,-0.25599
-0.30823496,-0.25599
-0.30803496,-0.25599
-0.30783496,-0.287989
-0.30763496,-0.287989
-0.30743496,-0.287989
-0.30723496,-0.25599
-0.30703496,-0.25599
-0.30683496,-0.25599
-0.30663496,-0.287989
-0.30643496,-0.287989
-0.30623496,-0.287989
-0.30603496,-0.287989
-0.30583496,-0.287989
-0.30563496,-0.287989
-0.30543496,-0.25599
-0.30523496,-0.287989
-0.30503496,-0.319988
-0.30483496,-0.25599
-0.30463496,-0.287989
-0.30443496,-0.223991
-0.30423496,-0.191993
-0.30403496,-0.287989
-0.30383496,-0.287989
-0.30363496,-0.287989
-0.30343496,-0.25599
-0.30323496,-0.287989
-0.30303496,-0.25599
-0.30283496,-0.287989
-0.30263496,-0.287989
-0.30243496,-0.287989
-0.30223496,-0.25599
-0.30203496,-0.287989
-0.30183496,-0.25599
-0.30163496,-0.287989
-0.30143496,-0.287989
-0.30123496,-0.25599
-0.30103496,-0.25599
-0.30083496,-0.287989
-0.30063496,-0.223991
-0.30043496,-0.25599
-0.30023496,-0.287989
-0.30003496,-0.25599
-0.29983496,-0.25599
-0.29963496,-0.287989
-0.29943496,-0.25599
-0.29923496,-0.25599
-0.29903496,-0.25599
-0.29883496,-0.223991
-0.29863496,-0.223991
-0.29843496,-0.25599
-0.29823496,-0.25599
-0.29803496,-0.25599
-0.29783496,-0.223991
-0.29763496,-0.25599
-0.29743496,-0.287989
-0.29723496,-0.25599
-0.29703496,-0.223991
-0.29683496,-0.223991
-0.29663496,-0.223991
-0.29643496,-0.159994
-0.29623496,-0.25599
-0.29603496,-0.25599
-0.29583496,-0.191993
-0.29563496,-0.191993
-0.29543496,-0.25599
-0.29523496,-0.191993
-0.29503496,-0.25599
-0.29483496,-0.223991
-0.29463496,-0.25599
-0.29443496,-0.223991
-0.29423496,-0.223991
-0.29403496,-0.191993
-0.29383496,-0.223991
-0.29363496,-0.223991
-0.29343496,-0.191993
-0.29323496,-0.223991
-0.29303496,-0.25599
-0.29283496,-0.159994
-0.29263496,-0.223991
-0.29243496,-0.223991
-0.29223496,-0.191993
-0.29203496,-0.191993
-0.29183496,-0.191993
-0.29163496,-0.191993
-0.29143496,-0.191993
-0.29123496,-0.159994
-0.29103496,-0.159994
-0.29083496,-0.191993
-0.29063496,-0.191993
-0.29043496,-0.191993
-0.29023496,-0.223991
-0.29003496,-0.159994
-0.28983496,-0.191993
-0.28963496,-0.223991
-0.28943496,-0.191993
-0.28923496,-0.191993
-0.28903496,-0.159994
-0.28883496,-0.159994
-0.28863496,-0.159994
-0.28843496,-0.223991
-0.28823496,-0.191993
-0.28803496,-0.191993
-0.28783496,-0.223991
-0.28763496,-0.159994
-0.28743496,-0.191993
-0.28723496,-0.191993
-0.28703496,-0.159994
-0.28683496,-0.127995
-0.28663496,-0.127995
-0.28643496,-0.159994
-0.28623496,-0.127995
-0.28603496,-0.191993
-0.28583496,-0.159994
-0.28563496,-0.0959963
-0.28543496,-0.127995
-0.28523496,-0.127995
-0.28503496,-0.0959963
-0.28483496,-0.159994
-0.28463496,-0.127995
-0.28443496,-0.0959963
-0.28423496,-0.159994
-0.28403496,-0.127995
-0.28383496,-0.127995
-0.28363496,-0.127995
-0.28343496,-0.0959963
-0.28323496,-0.0959963
-0.28303496,-0.127995
-0.28283496,-0.127995
-0.28263496,-0.0959963
-0.28243496,-0.127995
-0.28223496,-0.0639975
-0.28203496,-0.127995
-0.28183496,-0.0959963
-0.28163496,-0.0959963
-0.28143496,-0.0959963
-0.28123496,-0.127995
-0.28103496,-0.0959963
-0.28083496,-0.0959963
-0.28063496,-0.0959963
-0.28043496,-0.0959963
-0.28023496,-0.0639975
-0.28003496,-0.0959963
-0.27983496,-0.127995
-0.27963496,-0.0639975
-0.27943496,-0.0639975
-0.27923496,-0.0959963
-0.27903496,-0.0639975
-0.27883496,-0.0639975
-0.27863496,-0.0639975
-0.27843496,-0.0319988
-0.27823496,-0.0959963
-0.27803496,-0.0639975
-0.27783496,-0.0319988
-0.27763496,-0.0639975
-0.27743496,0
-0.27723496,-0.0319988
-0.27703496,-0.0639975
-0.27683496,-0.0639975
-0.27663496,-0.0319988
-0.27643496,-0.0639975
-0.27623496,-0.0639975
-0.27603496,-0.0319988
-0.27583496,-0.0639975
-0.27563496,-0.0639975
-0.27543496,0
-0.27523496,-0.0959963
-0.27503496,-0.0319988
-0.27483496,-0.0319988
-0.27463496,-0.0319988
-0.27443496,-0.0319988
-0.27423496,-0.0319988
-0.27403496,-0.0639975
-0.27383496,0
-0.27363496,0
-0.27343496,0
-0.27323496,-0.0319988
-0.27303496,0.0319988
-0.27283496,-0.0319988
-0.27263496,0.0319988
-0.27243496,0.0639975
-0.27223496,0
-0.27203496,0
-0.27183496,0
-0.27163496,0.0319988
-0.27143496,0
-0.27123496,0.0639975
-0.27103496,0.0319988
-0.27083496,0
-0.27063496,0.0319988
-0.27043496,-0.0319988
-0.27023496,0
-0.27003496,0.0639975
-0.26983496,0.0639975
-0.26963496,0.0319988
-0.26943496,0.0319988
-0.26923496,0
-0.26903496,0.0319988
-0.26883496,0.0639975
-0.26863496,0
-0.26843496,0.0319988
-0.26823496,0
-0.26803496,0.0319988
-0.26783496,0.0319988
-0.26763496,0.0639975
-0.26743496,0.0319988
-0.26723496,0.0319988
-0.26703496,0.0639975
-0.26683496,0.0319988
-0.26663496,0.0959963
-0.26643496,0.0639975
-0.26623496,0.0319988
-0.26603496,0.0319988
-0.26583496,0.0959963
-0.26563496,0.0319988
-0.26543496,0.0639975
-0.26523496,0.0639975
-0.26503496,0.0319988
-0.26483496,0.0319988
-0.26463496,0.0639975
-0.26443496,0.0639975
-0.26423496,0.0319988
-0.26403496,0.0639975
-0.26383496,0.0319988
-0.26363496,0.0319988
-0.26343496,0.0639975
-0.26323496,0.0319988
-0.26303496,0.0319988
-0.26283496,0.0639975
-0.26263496,0
-0.26243496,0.0319988
-0.26223496,0
-0.26203496,0.0319988
-0.26183496,0.0639975
-0.26163496,0.0639975
-0.26143496,0
-0.26123496,0.0959963
-0.26103496,0.0639975
-0.26083496,0
-0.26063496,0.0319988
-0.26043496,0.0959963
-0.26023496,0
-0.26003496,0.0959963
-0.25983496,0.0639975
-0.25963496,0.0639975
-0.25943496,0.0639975
-0.25923496,0.0639975
-0.25903496,0.0639975
-0.25883496,0.0639975
-0.25863496,0.0639975
-0.25843496,0.0319988
-0.25823496,0.0319988
-0.25803496,0.0639975
-0.25783496,0.0319988
-0.25763496,0.0959963
-0.25743496,0.0639975
-0.25723496,0.0959963
-0.25703496,0.0639975
-0.25683496,0.0639975
-0.25663496,0.0639975
-0.25643496,0.0639975
-0.25623496,0.0639975
-0.25603496,0.0319988
-0.25583496,0.0639975
-0.25563496,0.0959963
-0.25543496,0.0639975
-0.25523496,0.0639975
-0.25503496,0.0639975
-0.25483496,0.0639975
-0.25463496,0.0639975
-0.25443496,0.0639975
-0.25423496,0
-0.25403496,0.0639975
-0.25383496,0.0639975
-0.25363496,0.0319988
-0.25343496,0.0319988
-0.25323496,0.0639975
-0.25303496,0.0639975
-0.25283496,0.0319988
-0.25263496,0.0639975
-0.25243496,0.0319988
-0.25223496,0.0959963
-0.25203496,0.0639975
-0.25183496,0.0319988
-0.25163496,0.0639975
-0.25143496,0.0319988
-0.25123496,0.0639975
-0.25103496,0.0639975
-0.25083496,0.0959963
-0.25063496,0.0319988
-0.25043496,0.0319988
-0.25023496,0.0639975
-0.25003496,0.0639975
-0.24983496,0.0639975
-0.24963496,0.0319988
-0.24943496,0.0319988
-0.24923496,0.0319988
-0.24903496,0.0639975
-0.24883496,0.0319988
-0.24863496,0.0639975
-0.24843496,0.0639975
-0.24823496,0.0639975
-0.24803496,0.0319988
-0.24783496,0.0639975
-0.24763496,0
-0.24743496,0.0639975
-0.24723496,0.0639975
-0.24703496,0.0639975
-0.24683496,0.0639975
-0.24663496,0.0639975
-0.24643496,0.0319988
-0.24623496,0.0639975
-0.24603496,0.0639975
-0.24583496,0.0319988
-0.24563496,0.0319988
-0.24543496,0.0639975
-0.24523496,0.0319988
-0.24503496,0.0319988
-0.24483496,0.0959963
-0.24463496,0.0319988
-0.24443496,0.0319988
-0.24423496,0.0639975
-0.24403496,0.0319988
-0.24383496,0.0639975
-0.24363496,0.0639975
-0.24343496,0.0639975
-0.24323496,0.0639975
-0.24303496,0.0639975
-0.24283496,0.0639975
-0.24263496,0.0639975
-0.24243496,0.0639975
-0.24223496,0.0639975
-0.24203496,0.0319988
-0.24183496,0.0639975
-0.24163496,0.0639975
-0.24143496,0.0639975
-0.24123496,0.0639975
-0.24103496,0.0639975
-0.24083496,0.0639975
-0.24063496,0.0639975
-0.24043496,0
-0.24023496,0.0319988
-0.24003496,0.0639975
-0.23983496,0.0639975
-0.23963496,0.0639975
-0.23943496,0.0639975
-0.23923496,0.0319988
-0.23903496,0.0639975
-0.23883496,0.0639975
-0.23863496,0.0639975
-0.23843496,0.0319988
-0.23823496,0
-0.23803496,0.0639975
-0.23783496,0.0639975
-0.23763496,0.0319988
-0.23743496,0.0319988
-0.23723496,0.0639975
-0.23703496,0.0639975
-0.23683496,0.0639975
-0.23663496,0
-0.23643496,0.0319988
-0.23623496,0.0319988
-0.23603496,0
-0.23583496,0.0319988
-0.23563496,0
-0.23543496,0.0319988
-0.23523496,0.0319988
-0.23503496,0.0319988
-0.23483496,0.0319988
-0.23463496,0.0319988
-0.23443496,0
-0.23423496,0.0319988
-0.23403496,0.0319988
-0.23383496,0
-0.23363496,0.0319988
-0.23343496,0.0319988
-0.23323496,0.0319988
-0.23303496,0.0959963
-0.23283496,0.0639975
-0.23263496,0
-0.23243496,0.0319988
-0.23223496,0
-0.23203496,0
-0.23183496,0.0319988
-0.23163496,0.0319988
-0.23143496,0.0639975
-0.23123496,0.0319988
-0.23103496,0.0639975
-0.23083496,0
-0.23063496,0.0639975
-0.23043496,0
-0.23023496,0.0319988
-0.23003496,-0.0319988
-0.22983496,0.0319988
-0.22963496,0.0319988
-0.22943496,0.0319988
-0.22923496,0.0319988
-0.22903496,0
-0.22883496,0
-0.22863496,0
-0.22843496,-0.0319988
-0.22823496,-0.0319988
-0.22803496,0.0639975
-0.22783496,0
-0.22763496,0.0319988
-0.22743496,0.0319988
-0.22723496,-0.0319988
-0.22703496,-0.0319988
-0.22683496,0.0319988
-0.22663496,0.0319988
-0.22643496,0
-0.22623496,0.0319988
-0.22603496,-0.0319988
-0.22583496,0.0319988
-0.22563496,0
-0.22543496,0.0319988
-0.22523496,0
-0.22503496,0.0639975
-0.22483496,0.0319988
-0.22463496,-0.0319988
-0.22443496,0.0639975
-0.22423496,0
-0.22403496,0
-0.22383496,0.0319988
-0.22363496,0
-0.22343496,0.0319988
-0.22323496,0.0319988
-0.22303496,0.0319988
-0.22283496,0.0319988
-0.22263496,0.0639975
-0.22243496,0.0639975
-0.22223496,0.0319988
-0.22203496,0.0639975
-0.22183496,0.0319988
-0.22163496,0.0319988
-0.22143496,0.0319988
-0.22123496,-0.0319988
-0.22103496,0.0319988
-0.22083496,0.0319988
-0.22063496,0
-0.22043496,0.0319988
-0.22023496,0
-0.22003496,0
-0.21983496,0.0319988
-0.21963496,0.0639975
-0.21943496,0
-0.21923496,0.0319988
-0.21903496,0.0319988
-0.21883496,0.0319988
-0.21863496,0.0319988
-0.21843496,0.0319988
-0.21823496,0.0319988
-0.21803496,0
-0.21783496,0.0639975
-0.21763496,-0.0319988
-0.21743496,0
-0.21723496,0.0639975
-0.21703496,0.0319988
-0.21683496,0.0319988
-0.21663496,0
-0.21643496,0.0319988
-0.21623496,0.0319988
-0.21603496,0
-0.21583496,0.0639975
-0.21563496,0
-0.21543496,0
-0.21523496,0.0319988
-0.21503496,0
-0.21483496,0.0639975
-0.21463496,0
-0.21443496,0.0319988
-0.21423496,0.0639975
-0.21403496,0.0319988
-0.21383496,0.0319988
-0.21363496,0.0319988
-0.21343496,0.0319988
-0.21323496,0.0639975
-0.21303496,0.0639975
-0.21283496,0.0639975
-0.21263496,0.0319988
-0.21243496,0.0639975
-0.21223496,0.0639975
-0.21203496,0.0959963
-0.21183496,0.0639975
-0.21163496,0.0319988
-0.21143496,0.0639975
-0.21123496,0.0959963
-0.21103496,0.0639975
-0.21083496,0.0639975
-0.21063496,0.0639975
-0.21043496,0.0639975
-0.21023496,0.0959963
-0.21003496,0.0959963
-0.20983496,0.127995
-0.20963496,0.0959963
-0.20943496,0.0639975
-0.20923496,0.0639975
-0.20903496,0.0959963
-0.20883496,0.0959963
-0.20863496,0.0639975
-0.20843496,0.0959963
-0.20823496,0.0639975
-0.20803496,0.0959963
-0.20783496,0.127995
-0.20763496,0.0639975
-0.20743496,0.0639975
-0.20723496,0.127995
-0.20703496,0.0639975
-0.20683496,0.0959963
-0.20663496,0.0959963
-0.20643496,0.0959963
-0.20623496,0.0959963
-0.20603496,0.0959963
-0.20583496,0.0639975
-0.20563496,0.0639975
-0.20543496,0.0959963
-0.20523496,0.0959963
-0.20503496,0.127995
-0.20483496,0.0959963
-0.20463496,0.0959963
-0.20443496,0.0959963
-0.20423496,0.0959963
-0.20403496,0.0959963
-0.20383496,0.0959963
-0.20363496,0.0959963
-0.20343496,0.0959963
-0.20323496,0.127995
-0.20303496,0.0959963
-0.20283496,0.0959963
-0.20263496,0.0959963
-0.20243496,0.127995
-0.20223496,0.0959963
-0.20203496,0.0959963
-0.20183496,0.0959963
-0.20163496,0.0959963
-0.20143496,0.127995
-0.20123496,0.127995
-0.20103496,0.127995
-0.20083496,0.0959963
-0.20063496,0.159994
-0.20043496,0.127995
-0.20023496,0.159994
-0.20003496,0.159994
-0.19983496,0.159994
-0.19963496,0.159994
-0.19943496,0.127995
-0.19923496,0.159994
-0.19903496,0.159994
-0.19883496,0.159994
-0.19863496,0.0959963
-0.19843496,0.127995
-0.19823496,0.159994
-0.19803496,0.127995
-0.19783496,0.127995
-0.19763496,0.191993
-0.19743496,0.159994
-0.19723496,0.159994
-0.19703496,0.191993
-0.19683496,0.127995
-0.19663496,0.191993
-0.19643496,0.191993
-0.19623496,0.127995
-0.19603496,0.159994
-0.19583496,0.191993
-0.19563496,0.159994
-0.19543496,0.159994
-0.19523496,0.191993
-0.19503496,0.159994
-0.19483496,0.159994
-0.19463496,0.191993
-0.19443496,0.159994
-0.19423496,0.191993
-0.19403496,0.159994
-0.19383496,0.159994
-0.19363496,0.159994
-0.19343496,0.159994
-0.19323496,0.159994
-0.19303496,0.159994
-0.19283496,0.191993
-0.19263496,0.191993
-0.19243496,0.127995
-0.19223496,0.159994
-0.19203496,0.159994
-0.19183496,0.159994
-0.19163496,0.159994
-0.19143496,0.223991
-0.19123496,0.191993
-0.19103496,0.159994
-0.19083496,0.159994
-0.19063496,0.191993
-0.19043496,0.159994
-0.19023496,0.223991
-0.19003496,0.127995
-0.18983496,0.223991
-0.18963496,0.191993
-0.18943496,0.159994
-0.18923496,0.191993
-0.18903496,0.191993
-0.18883496,0.191993
-0.18863496,0.191993
-0.18843496,0.159994
-0.18823496,0.223991
-0.18803496,0.223991
-0.18783496,0.223991
-0.18763496,0.191993
-0.18743496,0.191993
-0.18723496,0.127995
-0.18703496,0.223991
-0.18683496,0.191993
-0.18663496,0.191993
-0.18643496,0.191993
-0.18623496,0.191993
-0.18603496,0.159994
-0.18583496,0.191993
-0.18563496,0.191993
-0.18543496,0.223991
-0.18523496,0.191993
-0.18503496,0.191993
-0.18483496,0.191993
-0.18463496,0.223991
-0.18443496,0.191993
-0.18423496,0.223991
-0.18403496,0.159994
-0.18383496,0.223991
-0.18363496,0.159994
-0.18343496,0.191993
-0.18323496,0.159994
-0.18303496,0.159994
-0.18283496,0.159994
-0.18263496,0.223991
-0.18243496,0.191993
-0.18223496,0.191993
-0.18203496,0.223991
-0.18183496,0.191993
-0.18163496,0.191993
-0.18143496,0.223991
-0.18123496,0.159994
-0.18103496,0.191993
-0.18083496,0.191993
-0.18063496,0.191993
-0.18043496,0.191993
-0.18023496,0.159994
-0.18003496,0.159994
-0.17983496,0.159994
-0.17963496,0.159994
-0.17943496,0.159994
-0.17923496,0.159994
-0.17903496,0.159994
-0.17883496,0.127995
-0.17863496,0.159994
-0.17843496,0.159994
-0.17823496,0.159994
-0.17803496,0.191993
-0.17783496,0.159994
-0.17763496,0.159994
-0.17743496,0.159994
-0.17723496,0.159994
-0.17703496,0.159994
-0.17683496,0.159994
-0.17663496,0.159994
-0.17643496,0.159994
-0.17623496,0.159994
-0.17603496,0.159994
-0.17583496,0.127995
-0.17563496,0.191993
-0.17543496,0.191993
-0.17523496,0.159994
-0.17503496,0.159994
-0.17483496,0.159994
-0.17463496,0.159994
-0.17443496,0.159994
-0.17423496,0.191993
-0.17403496,0.127995
-0.17383496,0.159994
-0.17363496,0.159994
-0.17343496,0.191993
-0.17323496,0.191993
-0.17303496,0.191993
-0.17283496,0.159994
-0.17263496,0.191993
-0.17243496,0.159994
-0.17223496,0.127995
-0.17203496,0.159994
-0.17183496,0.191993
-0.17163496,0.159994
-0.17143496,0.191993
-0.17123496,0.159994
-0.17103496,0.159994
-0.17083496,0.159994
-0.17063496,0.191993
-0.17043496,0.159994
-0.17023496,0.127995
-0.17003496,0.127995
-0.16983496,0.127995
-0.16963496,0.159994
-0.16943496,0.191993
-0.16923496,0.127995
-0.16903496,0.159994
-0.16883496,0.127995
-0.16863496,0.127995
-0.16843496,0.159994
-0.16823496,0.159994
-0.16803496,0.127995
-0.16783496,0.159994
-0.16763496,0.159994
-0.16743496,0.191993
-0.16723496,0.159994
-0.16703496,0.191993
-0.16683496,0.159994
-0.16663496,0.159994
-0.16643496,0.159994
-0.16623496,0.127995
-0.16603496,0.159994
-0.16583496,0.127995
-0.16563496,0.127995
-0.16543496,0.127995
-0.16523496,0.159994
-0.16503496,0.159994
-0.16483496,0.127995
-0.16463496,0.127995
-0.16443496,0.127995
-0.16423496,0.159994
-0.16403496,0.127995
-0.16383496,0.159994
-0.16363496,0.159994
-0.16343496,0.127995
-0.16323496,0.127995
-0.16303496,0.159994
-0.16283496,0.127995
-0.16263496,0.159994
-0.16243496,0.127995
-0.16223496,0.159994
-0.16203496,0.127995
-0.16183496,0.159994
-0.16163496,0.127995
-0.16143496,0.159994
-0.16123496,0.127995
-0.16103496,0.127995
-0.16083496,0.127995
-0.16063496,0.127995
-0.16043496,0.127995
-0.16023496,0.159994
-0.16003496,0.159994
-0.15983496,0.159994
-0.15963496,0.127995
-0.15943496,0.159994
-0.15923496,0.127995
-0.15903496,0.127995
-0.15883496,0.127995
-0.15863496,0.127995
-0.15843496,0.127995
-0.15823496,0.191993
-0.15803496,0.127995
-0.15783496,0.127995
-0.15763496,0.127995
-0.15743496,0.127995
-0.15723496,0.127995
-0.15703496,0.159994
-0.15683496,0.159994
-0.15663496,0.127995
-0.15643496,0.127995
-0.15623496,0.159994
-0.15603496,0.127995
-0.15583496,0.127995
-0.15563496,0.159994
-0.15543496,0.0639975
-0.15523496,0.0959963
-0.15503496,0.127995
-0.15483496,0.127995
-0.15463496,0.127995
-0.15443496,0.127995
-0.15423496,0.0959963
-0.15403496,0.127995
-0.15383496,0.0959963
-0.15363496,0.0959963
-0.15343496,0.127995
-0.15323496,0.159994
-0.15303496,0.0959963
-0.15283496,0.127995
-0.15263496,0.127995
-0.15243496,0.127995
-0.15223496,0.127995
-0.15203496,0.0959963
-0.15183496,0.0959963
-0.15163496,0.127995
-0.15143496,0.0959963
-0.15123496,0.127995
-0.15103496,0.127995
-0.15083496,0.0959963
-0.15063496,0.0959963
-0.15043496,0.0959963
-0.15023496,0.0959963
-0.15003496,0.0959963
-0.14983496,0.127995
-0.14963496,0.0959963
-0.14943496,0.127995
-0.14923496,0.127995
-0.14903496,0.127995
-0.14883496,0.127995
-0.14863496,0.0959963
-0.14843496,0.127995
-0.14823496,0.0959963
-0.14803496,0.0959963
-0.14783496,0.159994
-0.14763496,0.127995
-0.14743496,0.0959963
-0.14723496,0.0959963
-0.14703496,0.0959963
-0.14683496,0.0959963
-0.14663496,0.127995
-0.14643496,0.0959963
-0.14623496,0.0959963
-0.14603496,0.127995
-0.14583496,0.0959963
-0.14563496,0.0639975
-0.14543496,0.159994
-0.14523496,0.0959963
-0.14503496,0.0959963
-0.14483496,0.0959963
-0.14463496,0.0959963
-0.14443496,0.127995
-0.14423496,0.0959963
-0.14403496,0.0959963
-0.14383496,0.159994
-0.14363496,0.0959963
-0.14343496,0.0639975
-0.14323496,0.0959963
-0.14303496,0.0959963
-0.14283496,0.0959963
-0.14263496,0.0959963
-0.14243496,0.0959963
-0.14223496,0.0959963
-0.14203496,0.0959963
-0.14183496,0.0959963
-0.14163496,0.0959963
-0.14143496,0.127995
-0.14123496,0.127995
-0.14103496,0.0959963
-0.14083496,0.0959963
-0.14063496,0.0959963
-0.14043496,0.0639975
-0.14023496,0.0959963
-0.14003496,0.0959963
-0.13983496,0.0959963
-0.13963496,0.127995
-0.13943496,0.0959963
-0.13923496,0.0959963
-0.13903496,0.0959963
-0.13883496,0.0959963
-0.13863496,0.0959963
-0.13843496,0.127995
-0.13823496,0.0959963
-0.13803496,0.127995
-0.13783496,0.0639975
-0.13763496,0.127995
-0.13743496,0.0959963
-0.13723496,0.127995
-0.13703496,0.127995
-0.13683496,0.127995
-0.13663496,0.0959963
-0.13643496,0.127995
-0.13623496,0.0959963
-0.13603496,0.127995
-0.13583496,0.0959963
-0.13563496,0.127995
-0.13543496,0.127995
-0.13523496,0.159994
-0.13503496,0.127995
-0.13483496,0.0959963
-0.13463496,0.159994
-0.13443496,0.127995
-0.13423496,0.127995
-0.13403496,0.0959963
-0.13383496,0.0959963
-0.13363496,0.127995
-0.13343496,0.127995
-0.13323496,0.0639975
-0.13303496,0.127995
-0.13283496,0.0959963
-0.13263496,0.0959963
-0.13243496,0.127995
-0.13223496,0.127995
-0.13203496,0.127995
-0.13183496,0.127995
-0.13163496,0.127995
-0.13143496,0.0959963
-0.13123496,0.0639975
-0.13103496,0.127995
-0.13083496,0.0959963
-0.13063496,0.0959963
-0.13043496,0.127995
-0.13023496,0.0959963
-0.13003496,0.0959963
-0.12983496,0.127995
-0.12963496,0.127995
-0.12943496,0.0639975
-0.12923496,0.0959963
-0.12903496,0.0959963
-0.12883496,0.159994
-0.12863496,0.127995
-0.12843496,0.0959963
-0.12823496,0.0639975
-0.12803496,0.127995
-0.12783496,0.0959963
-0.12763496,0.127995
-0.12743496,0.127995
-0.12723496,0.0959963
-0.12703496,0.0959963
-0.12683496,0.0959963
-0.12663496,0.0959963
-0.12643496,0.159994
-0.12623496,0.159994
-0.12603496,0.0959963
-0.12583496,0.0639975
-0.12563496,0.0639975
-0.12543496,0.127995
-0.12523496,0.127995
-0.12503496,0.159994
-0.12483496,0.0959963
-0.12463496,0.0959963
-0.12443496,0.127995
-0.12423496,0.0639975
-0.12403496,0.127995
-0.12383496,0.127995
-0.12363496,0.0959963
-0.12343496,0.127995
-0.12323496,0.127995
-0.12303496,0.0959963
-0.12283496,0.0639975
-0.12263496,0.0959963
-0.12243496,0.127995
-0.12223496,0.127995
-0.12203496,0.0959963
-0.12183496,0.127995
-0.12163496,0.127995
-0.12143496,0.127995
-0.12123496,0.0959963
-0.12103496,0.127995
-0.12083496,0.0959963
-0.12063496,0.0959963
-0.12043496,0.0959963
-0.12023496,0.159994
-0.12003496,0.0959963
-0.11983496,0.0959963
-0.11963496,0.127995
-0.11943496,0.0959963
-0.11923496,0.0959963
-0.11903496,0.0959963
-0.11883496,0.127995
-0.11863496,0.127995
-0.11843496,0.127995
-0.11823496,0.0959963
-0.11803496,0.0959963
-0.11783496,0.0959963
-0.11763496,0.0959963
-0.11743496,0.127995
-0.11723496,0.127995
-0.11703496,0.0959963
-0.11683496,0.127995
-0.11663496,0.0959963
-0.11643496,0.0959963
-0.11623496,0.127995
-0.11603496,0.0639975
-0.11583496,0.0639975
-0.11563496,0.0959963
-0.11543496,0.0639975
-0.11523496,0.127995
-0.11503496,0.127995
-0.11483496,0.0959963
-0.11463496,0.0959963
-0.11443496,0.0639975
-0.11423496,0.0959963
-0.11403496,0.0959963
-0.11383496,0.0959963
-0.11363496,0.0959963
-0.11343496,0.127995
-0.11323496,0.127995
-0.11303496,0.0959963
-0.11283496,0.0959963
-0.11263496,0.0959963
-0.11243496,0.0959963
-0.11223496,0.0959963
-0.11203496,0.0959963
-0.11183496,0.0959963
-0.11163496,0.127995
-0.11143496,0.0959963
-0.11123496,0.0959963
-0.11103496,0.0959963
-0.11083496,0.0639975
-0.11063496,0.0959963
-0.11043496,0.0959963
-0.11023496,0.0639975
-0.11003496,0.0959963
-0.10983496,0.0959963
-0.10963496,0.127995
-0.10943496,0.127995
-0.10923496,0.0959963
-0.10903496,0.0959963
-0.10883496,0.0959963
-0.10863496,0.0639975
-0.10843496,0.0959963
-0.10823496,0.127995
-0.10803496,0.0959963
-0.10783496,0.0959963
-0.10763496,0.127995
-0.10743496,0.0959963
-0.10723496,0.127995
-0.10703496,0.127995
-0.10683496,0.127995
-0.10663496,0.159994
-0.10643496,0.0959963
-0.10623496,0.0959963
-0.10603496,0.0959963
-0.10583496,0.0959963
-0.10563496,0.0959963
-0.10543496,0.0959963
-0.10523496,0.159994
-0.10503496,0.127995
-0.10483496,0.127995
-0.10463496,0.0959963
-0.10443496,0.0959963
-0.10423496,0.0639975
-0.10403496,0.127995
-0.10383496,0.127995
-0.10363496,0.0959963
-0.10343496,0.0639975
-0.10323496,0.0959963
-0.10303496,0.127995
-0.10283496,0.0639975
-0.10263496,0.127995
-0.10243496,0.0959963
-0.10223496,0.0639975
-0.10203496,0.0959963
-0.10183496,0.0959963
-0.10163496,0.127995
-0.10143496,0.127995
-0.10123496,0.0639975
-0.10103496,0.0959963
-0.10083496,0.0959963
-0.10063496,0.0639975
-0.10043496,0.159994
-0.10023496,0.0959963
-0.10003496,0.127995
-0.099834958,0.0959963
-0.099634958,0.0959963
-0.099434958,0.0639975
-0.099234958,0.0959963
-0.099034958,0.0959963
-0.098834958,0.0959963
-0.098634958,0.0959963
-0.098434958,0.127995
-0.098234958,0.0639975
-0.098034958,0.0639975
-0.097834958,0.0959963
-0.097634958,0.0959963
-0.097434958,0.0959963
-0.097234958,0.0959963
-0.097034958,0.0959963
-0.096834958,0.0959963
-0.096634958,0.0959963
-0.096434958,0.0959963
-0.096234958,0.127995
-0.096034958,0.0639975
-0.095834958,0.0959963
-0.095634958,0.0959963
-0.095434958,0.0959963
-0.095234958,0.0639975
-0.095034958,0.0959963
-0.094834958,0.0959963
-0.094634958,0.0959963
-0.094434958,0.0959963
-0.094234958,0.0959963
-0.094034958,0.0959963
-0.093834958,0.159994
-0.093634958,0.0959963
-0.093434958,0.0959963
-0.093234958,0.127995
-0.093034958,0.127995
-0.092834958,0.0959963
-0.092634958,0.127995
-0.092434958,0.0959963
-0.092234958,0.0639975
-0.092034958,0.0959963
-0.091834958,0.0959963
-0.091634958,0.0959963
-0.091434958,0.127995
-0.091234958,0.0639975
-0.091034958,0.127995
-0.090834958,0.0959963
-0.090634958,0.0959963
-0.090434958,0.0959963
-0.090234958,0.0959963
-0.090034958,0.159994
-0.089834958,0.0959963
-0.089634958,0.0959963
-0.089434958,0.0959963
-0.089234958,0.0319988
-0.089034958,0.0959963
-0.088834958,0.0959963
-0.088634958,0.0639975
-0.088434958,0.0959963
-0.088234958,0.0959963
-0.088034958,0.127995
-0.087834958,0.127995
-0.087634958,0.0959963
-0.087434958,0.127995
-0.087234958,0.0959963
-0.087034958,0.127995
-0.086834958,0.127995
-0.086634958,0.127995
-0.086434958,0.127995
-0.086234958,0.127995
-0.086034958,0.0959963
-0.085834958,0.0959963
-0.085634958,0.0959963
-0.085434958,0.127995
-0.085234958,0.127995
-0.085034958,0.127995
-0.084834958,0.159994
-0.084634958,0.0959963
-0.084434958,0.127995
-0.084234958,0.127995
-0.084034958,0.0959963
-0.083834958,0.0959963
-0.083634958,0.127995
-0.083434958,0.0959963
-0.083234958,0.0959963
-0.083034958,0.127995
-0.082834958,0.127995
-0.082634958,0.159994
-0.082434958,0.127995
-0.082234958,0.0959963
-0.082034958,0.0959963
-0.081834958,0.0959963
-0.081634958,0.0639975
-0.081434958,0.159994
-0.081234958,0.127995
-0.081034958,0.127995
-0.080834958,0.127995
-0.080634958,0.127995
-0.080434958,0.127995
-0.080234958,0.127995
-0.080034958,0.0959963
-0.079834958,0.0959963
-0.079634958,0.0959963
-0.079434958,0.0959963
-0.079234958,0.0959963
-0.079034958,0.0959963
-0.078834958,0.127995
-0.078634958,0.0959963
-0.078434958,0.127995
-0.078234958,0.127995
-0.078034958,0.127995
-0.077834958,0.0959963
-0.077634958,0.159994
-0.077434958,0.127995
-0.077234958,0.0959963
-0.077034958,0.0959963
-0.076834958,0.159994
-0.076634958,0.127995
-0.076434958,0.127995
-0.076234958,0.159994
-0.076034958,0.127995
-0.075834958,0.127995
-0.075634958,0.127995
-0.075434958,0.127995
-0.075234958,0.127995
-0.075034958,0.127995
-0.074834958,0.0959963
-0.074634958,0.127995
-0.074434958,0.127995
-0.074234958,0.127995
-0.074034958,0.127995
-0.073834958,0.0959963
-0.073634958,0.127995
-0.073434958,0.127995
-0.073234958,0.159994
-0.073034958,0.159994
-0.072834958,0.127995
-0.072634958,0.159994
-0.072434958,0.127995
-0.072234958,0.127995
-0.072034958,0.0959963
-0.071834958,0.127995
-0.071634958,0.159994
-0.071434958,0.0959963
-0.071234958,0.127995
-0.071034958,0.127995
-0.070834958,0.159994
-0.070634958,0.0959963
-0.070434958,0.159994
-0.070234958,0.127995
-0.070034958,0.127995
-0.069834958,0.127995
-0.069634958,0.0959963
-0.069434958,0.127995
-0.069234958,0.159994
-0.069034958,0.0959963
-0.068834958,0.159994
-0.068634958,0.127995
-0.068434958,0.127995
-0.068234958,0.0959963
-0.068034958,0.127995
-0.067834958,0.127995
-0.067634958,0.0959963
-0.067434958,0.127995
-0.067234958,0.0959963
-0.067034958,0.127995
-0.066834958,0.0959963
-0.066634958,0.127995
-0.066434958,0.127995
-0.066234958,0.127995
-0.066034958,0.127995
-0.065834958,0.0959963
-0.065634958,0.127995
-0.065434958,0.0959963
-0.065234958,0.159994
-0.065034958,0.0959963
-0.064834958,0.0959963
-0.064634958,0.0959963
-0.064434958,0.159994
-0.064234958,0.127995
-0.064034958,0.0959963
-0.063834958,0.0959963
-0.063634958,0.127995
-0.063434958,0.0639975
-0.063234958,0.0959963
-0.063034958,0.0959963
-0.062834958,0.0959963
-0.062634958,0.127995
-0.062434958,0.0959963
-0.062234958,0.127995
-0.062034958,0.0959963
-0.061834958,0.127995
-0.061634958,0.127995
-0.061434958,0.127995
-0.061234958,0.0959963
-0.061034958,0.0959963
-0.060834958,0.0959963
-0.060634958,0.0639975
-0.060434958,0.0959963
-0.060234958,0.0959963
-0.060034958,0.0959963
-0.059834958,0.0959963
-0.059634958,0.0319988
-0.059434958,0.127995
-0.059234958,0.127995
-0.059034958,0.0959963
-0.058834958,0.0959963
-0.058634958,0.0639975
-0.058434958,0.127995
-0.058234958,0.0959963
-0.058034958,0.0959963
-0.057834958,0.0959963
-0.057634958,0.0959963
-0.057434958,0.0959963
-0.057234958,0.127995
-0.057034958,0.127995
-0.056834958,0.0959963
-0.056634958,0.0959963
-0.056434958,0.0639975
-0.056234958,0.0959963
-0.056034958,0.0959963
-0.055834958,0.0639975
-0.055634958,0.127995
-0.055434958,0.0959963
-0.055234958,0.0639975
-0.055034958,0.0639975
-0.054834958,0.0639975
-0.054634958,0.0959963
-0.054434958,0.127995
-0.054234958,0.0959963
-0.054034958,0.0959963
-0.053834958,0.0959963
-0.053634958,0.127995
-0.053434958,0.0639975
-0.053234958,0.0959963
-0.053034958,0.0639975
-0.052834958,0.0959963
-0.052634958,0.0639975
-0.052434958,0.0639975
-0.052234958,0.0959963
-0.052034958,0.0639975
-0.051834958,0.0959963
-0.051634958,0.0959963
-0.051434958,0.0639975
-0.051234958,0.0639975
-0.051034958,0.0639975
-0.050834958,0.0639975
-0.050634958,0.0639975
-0.050434958,0.0639975
-0.050234958,0.0959963
-0.050034958,0.0639975
-0.049834958,0.0959963
-0.049634958,0.0639975
-0.049434958,0.0959963
-0.049234958,0.0639975
-0.049034958,0.0639975
-0.048834958,0.0959963
-0.048634958,0.0959963
-0.048434958,0.0639975
-0.048234958,0.0959963
-0.048034958,0.0639975
-0.047834958,0.0639975
-0.047634958,0.0959963
-0.047434958,0.0639975
-0.047234958,0.0639975
-0.047034958,0.0639975
-0.046834958,0.0959963
-0.046634958,0.0959963
-0.046434958,0.0959963
-0.046234958,0.0959963
-0.046034958,0.0959963
-0.045834958,0.0959963
-0.045634958,0.0639975
-0.045434958,0.0319988
-0.045234958,0.0959963
-0.045034958,0.0639975
-0.044834958,0.0319988
-0.044634958,0.0639975
-0.044434958,0.0639975
-0.044234958,0
-0.044034958,0.0959963
-0.043834958,0.0639975
-0.043634958,0.0319988
-0.043434958,0.0959963
-0.043234958,0.0639975
-0.043034958,0
-0.042834958,0.0639975
-0.042634958,0.0639975
-0.042434958,0.0639975
-0.042234958,0.127995
-0.042034958,0.0639975
-0.041834958,0.0639975
-0.041634958,0.0639975
-0.041434958,0.0639975
-0.041234958,0.0639975
-0.041034958,0.0639975
-0.040834958,0.0639975
-0.040634958,0.0959963
-0.040434958,0.0959963
-0.040234958,0.0639975
-0.040034958,0.0319988
-0.039834958,0.0639975
-0.039634958,0.0639975
-0.039434958,0.0959963
-0.039234958,0.0639975
-0.039034958,0.0639975
-0.038834958,0
-0.038634958,0.0959963
-0.038434958,0.0319988
-0.038234958,0.0319988
-0.038034958,0.0959963
-0.037834958,0.0959963
-0.037634958,0.0639975
-0.037434958,0.0959963
-0.037234958,0.0959963
-0.037034958,0.0639975
-0.036834958,0.127995
-0.036634958,0.0959963
-0.036434958,0.0319988
-0.036234958,0.0959963
-0.036034958,0.0959963
-0.035834958,0.0639975
-0.035634958,0.0959963
-0.035434958,0.127995
-0.035234958,0.0639975
-0.035034958,0.0639975
-0.034834958,0.0959963
-0.034634958,0.0959963
-0.034434958,0.127995
-0.034234958,0.0319988
-0.034034958,0.0639975
-0.033834958,0.0959963
-0.033634958,0.0639975
-0.033434958,0.0319988
-0.033234958,0.0639975
-0.033034958,0.0639975
-0.032834958,0.0959963
-0.032634958,0.0639975
-0.032434958,0.0639975
-0.032234958,0.0639975
-0.032034958,0.0639975
-0.031834958,0.0639975
-0.031634958,0.0639975
-0.031434958,0.0639975
-0.031234958,0.0639975
-0.031034958,0.0639975
-0.030834958,0.0959963
-0.030634958,0.0959963
-0.030434958,0.0639975
-0.030234958,0.0639975
-0.030034958,0.0639975
-0.029834958,0.0319988
-0.029634958,0.0959963
-0.029434958,0.0639975
-0.029234958,0.0319988
-0.029034958,0.0319988
-0.028834958,0.0319988
-0.028634958,0
-0.028434958,0.0319988
-0.028234958,0.0319988
-0.028034958,0.0319988
-0.027834958,0.0639975
-0.027634958,0.0319988
-0.027434958,0
-0.027234958,0.0639975
-0.027034958,0.0319988
-0.026834958,0
-0.026634958,0.0319988
-0.026434958,0.0319988
-0.026234958,0.0639975
-0.026034958,0.0319988
-0.025834958,0.0319988
-0.025634958,0
-0.025434958,0.0319988
-0.025234958,0.0639975
-0.025034958,0
-0.024834958,0.0319988
-0.024634958,0.0319988
-0.024434958,0.0319988
-0.024234958,0
-0.024034958,0.0319988
-0.023834958,0
-0.023634958,0.0319988
-0.023434958,0
-0.023234958,0
-0.023034958,-0.0319988
-0.022834958,0
-0.022634958,0.0319988
-0.022434958,0.0319988
-0.022234958,0.0639975
-0.022034958,-0.0319988
-0.021834958,0.0319988
-0.021634958,-0.0319988
-0.021434958,-0.0319988
-0.021234958,-0.0319988
-0.021034958,0
-0.020834958,-0.0319988
-0.020634958,0
-0.020434958,0
-0.020234958,0
-0.020034958,-0.0319988
-0.019834958,-0.0319988
-0.019634958,-0.0319988
-0.019434958,-0.0319988
-0.019234958,0
-0.019034958,-0.0319988
-0.018834958,0
-0.018634958,0.0319988
-0.018434958,-0.0319988
-0.018234958,-0.0319988
-0.018034958,-0.0959963
-0.017834958,-0.0639975
-0.017634958,-0.0639975
-0.017434958,0
-0.017234958,-0.0639975
-0.017034958,-0.0319988
-0.016834958,-0.0319988
-0.016634958,-0.0319988
-0.016434958,-0.0319988
-0.016234958,-0.0319988
-0.016034958,-0.0319988
-0.015834958,0
-0.015634958,-0.0639975
-0.015434958,-0.0639975
-0.015234958,-0.0639975
-0.015034958,-0.0319988
-0.014834958,-0.0319988
-0.014634958,-0.0319988
-0.014434958,-0.0319988
-0.014234958,-0.0319988
-0.014034958,-0.0639975
-0.013834958,-0.0319988
-0.013634958,-0.0639975
-0.013434958,-0.0639975
-0.013234958,-0.0319988
-0.013034958,-0.0639975
-0.012834958,-0.0639975
-0.012634958,-0.0639975
-0.012434958,-0.0319988
-0.012234958,0
-0.012034958,0
-0.011834958,-0.0639975
-0.011634958,-0.0639975
-0.011434958,-0.0639975
-0.011234958,-0.0639975
-0.011034958,-0.0319988
-0.010834958,-0.0319988
-0.010634958,-0.0639975
-0.010434958,-0.0319988
-0.010234958,-0.0639975
-0.010034958,-0.0959963
-0.0098349584,-0.0639975
-0.0096349584,-0.0319988
-0.0094349584,-0.0639975
-0.0092349584,-0.0639975
-0.0090349584,-0.0959963
-0.0088349584,-0.0959963
-0.0086349584,-0.0959963
-0.0084349584,-0.0959963
-0.0082349584,-0.0319988
-0.0080349584,-0.0639975
-0.0078349584,-0.0639975
-0.0076349584,-0.0959963
-0.0074349584,-0.127995
-0.0072349584,-0.0959963
-0.0070349584,-0.0959963
-0.0068349584,-0.0639975
-0.0066349584,-0.0959963
-0.0064349584,-0.0959963
-0.0062349584,-0.0959963
-0.0060349584,-0.0959963
-0.0058349584,-0.0959963
-0.0056349584,-0.0639975
-0.0054349584,-0.127995
-0.0052349584,-0.127995
-0.0050349584,-0.159994
-0.0048349584,-0.127995
-0.0046349584,-0.159994
-0.0044349584,-0.0959963
-0.0042349584,-0.0639975
-0.0040349584,-0.159994
-0.0038349584,-0.0959963
-0.0036349584,-0.0959963
-0.0034349584,-0.127995
-0.0032349584,-0.159994
-0.0030349584,-0.0959963
-0.0028349584,-0.127995
-0.0026349584,-0.0959963
-0.0024349584,-0.0959963
-0.0022349584,-0.159994
-0.0020349584,-0.127995
-0.0018349584,-0.0959963
-0.0016349584,-0.159994
-0.0014349584,-0.127995
-0.0012349584,-0.0959963
-0.0010349584,-0.127995
-0.00083495837,-0.127995
-0.00063495837,-0.127995
-0.00043495837,-0.127995
-0.00023495837,-0.127995
-3.4958366e-005,-0.159994
0.00016504163,-0.159994
