LECROYWS42Xs,24809,Waveform
Segments,1,SegmentSize,10002
Segment,TrigTime,TimeSinceSegment1
#1,19-Feb-2003 06:04:06,0                 
Time,Ampl
-2.0000846,-0.191993
-1.9998846,-0.191993
-1.9996846,-0.159994
-1.9994846,-0.191993
-1.9992846,-0.159994
-1.9990846,-0.191993
-1.9988846,-0.191993
-1.9986846,-0.191993
-1.9984846,-0.223991
-1.9982846,-0.223991
-1.9980846,-0.159994
-1.9978846,-0.191993
-1.9976846,-0.159994
-1.9974846,-0.191993
-1.9972846,-0.191993
-1.9970846,-0.191993
-1.9968846,-0.223991
-1.9966846,-0.223991
-1.9964846,-0.191993
-1.9962846,-0.159994
-1.9960846,-0.223991
-1.9958846,-0.191993
-1.9956846,-0.191993
-1.9954846,-0.191993
-1.9952846,-0.191993
-1.9950846,-0.159994
-1.9948846,-0.191993
-1.9946846,-0.191993
-1.9944846,-0.159994
-1.9942846,-0.159994
-1.9940846,-0.159994
-1.9938846,-0.159994
-1.9936846,-0.191993
-1.9934846,-0.191993
-1.9932846,-0.127995
-1.9930846,-0.159994
-1.9928846,-0.127995
-1.9926846,-0.127995
-1.9924846,-0.159994
-1.9922846,-0.127995
-1.9920846,-0.127995
-1.9918846,-0.159994
-1.9916846,-0.127995
-1.9914846,-0.127995
-1.9912846,-0.127995
-1.9910846,-0.0959963
-1.9908846,-0.0959963
-1.9906846,-0.159994
-1.9904846,-0.159994
-1.9902846,-0.0959963
-1.9900846,-0.159994
-1.9898846,-0.127995
-1.9896846,-0.127995
-1.9894846,-0.159994
-1.9892846,-0.127995
-1.9890846,-0.127995
-1.9888846,-0.127995
-1.9886846,-0.159994
-1.9884846,-0.127995
-1.9882846,-0.127995
-1.9880846,-0.127995
-1.9878846,-0.0959963
-1.9876846,-0.159994
-1.9874846,-0.0639975
-1.9872846,-0.0959963
-1.9870846,-0.0959963
-1.9868846,-0.0959963
-1.9866846,-0.0959963
-1.9864846,-0.0959963
-1.9862846,-0.0959963
-1.9860846,-0.0959963
-1.9858846,-0.127995
-1.9856846,-0.127995
-1.9854846,-0.0959963
-1.9852846,-0.159994
-1.9850846,-0.0959963
-1.9848846,-0.0639975
-1.9846846,-0.127995
-1.9844846,-0.0959963
-1.9842846,-0.0639975
-1.9840846,-0.0959963
-1.9838846,-0.127995
-1.9836846,-0.0959963
-1.9834846,-0.0959963
-1.9832846,-0.0959963
-1.9830846,-0.0959963
-1.9828846,-0.0959963
-1.9826846,-0.0639975
-1.9824846,-0.0639975
-1.9822846,-0.0639975
-1.9820846,-0.0319988
-1.9818846,-0.0639975
-1.9816846,-0.0639975
-1.9814846,-0.0639975
-1.9812846,-0.0639975
-1.9810846,-0.0959963
-1.9808846,-0.0639975
-1.9806846,-0.0319988
-1.9804846,-0.0959963
-1.9802846,-0.0319988
-1.9800846,-0.0319988
-1.9798846,-0.0319988
-1.9796846,-0.0319988
-1.9794846,-0.0639975
-1.9792846,-0.0959963
-1.9790846,0
-1.9788846,0
-1.9786846,-0.0639975
-1.9784846,-0.0319988
-1.9782846,-0.0959963
-1.9780846,-0.0639975
-1.9778846,-0.0319988
-1.9776846,0
-1.9774846,-0.0639975
-1.9772846,-0.0639975
-1.9770846,-0.0319988
-1.9768846,-0.0639975
-1.9766846,-0.0319988
-1.9764846,-0.0319988
-1.9762846,-0.0319988
-1.9760846,-0.0639975
-1.9758846,0
-1.9756846,-0.0319988
-1.9754846,-0.0319988
-1.9752846,0
-1.9750846,-0.0319988
-1.9748846,-0.0319988
-1.9746846,0.0319988
-1.9744846,-0.0319988
-1.9742846,-0.0319988
-1.9740846,-0.0319988
-1.9738846,-0.0319988
-1.9736846,0.0319988
-1.9734846,-0.0319988
-1.9732846,-0.0319988
-1.9730846,0.0319988
-1.9728846,0
-1.9726846,0
-1.9724846,0
-1.9722846,0
-1.9720846,-0.0319988
-1.9718846,0
-1.9716846,0
-1.9714846,0
-1.9712846,0
-1.9710846,0.0319988
-1.9708846,0
-1.9706846,0
-1.9704846,0.0319988
-1.9702846,0
-1.9700846,0.0319988
-1.9698846,0.0319988
-1.9696846,-0.0319988
-1.9694846,0.0639975
-1.9692846,0.0639975
-1.9690846,0
-1.9688846,0.0319988
-1.9686846,0.0319988
-1.9684846,0.0319988
-1.9682846,0.0319988
-1.9680846,0
-1.9678846,0.0319988
-1.9676846,0.0319988
-1.9674846,0.0639975
-1.9672846,-0.0319988
-1.9670846,0.0639975
-1.9668846,0
-1.9666846,0.0319988
-1.9664846,0.0319988
-1.9662846,0.0639975
-1.9660846,0
-1.9658846,0.0639975
-1.9656846,0.0639975
-1.9654846,0.0319988
-1.9652846,0.0639975
-1.9650846,0.0319988
-1.9648846,0
-1.9646846,0.0639975
-1.9644846,0.0319988
-1.9642846,0.0319988
-1.9640846,0.0639975
-1.9638846,0.0639975
-1.9636846,0
-1.9634846,0.0639975
-1.9632846,0.0639975
-1.9630846,0.0319988
-1.9628846,0
-1.9626846,0.0639975
-1.9624846,0.0319988
-1.9622846,0.0639975
-1.9620846,0.0639975
-1.9618846,0.0639975
-1.9616846,0.0639975
-1.9614846,0.0959963
-1.9612846,0.0319988
-1.9610846,0.0639975
-1.9608846,0.0639975
-1.9606846,0.0319988
-1.9604846,0.0639975
-1.9602846,0.0639975
-1.9600846,0.0319988
-1.9598846,0.0319988
-1.9596846,0.0639975
-1.9594846,0.0319988
-1.9592846,0.0639975
-1.9590846,0.0959963
-1.9588846,0.0319988
-1.9586846,0.0639975
-1.9584846,0.0639975
-1.9582846,0
-1.9580846,0.0639975
-1.9578846,0.0639975
-1.9576846,0.0959963
-1.9574846,0.0959963
-1.9572846,0.0319988
-1.9570846,0.0639975
-1.9568846,0.0959963
-1.9566846,0.0639975
-1.9564846,0.0319988
-1.9562846,0.127995
-1.9560846,0.0319988
-1.9558846,0.0639975
-1.9556846,0.0639975
-1.9554846,0.0959963
-1.9552846,0.0319988
-1.9550846,0.0319988
-1.9548846,0.0639975
-1.9546846,0.0639975
-1.9544846,0.0639975
-1.9542846,0.0319988
-1.9540846,0.0319988
-1.9538846,0.0959963
-1.9536846,0.0639975
-1.9534846,0.0319988
-1.9532846,0.0639975
-1.9530846,0.0639975
-1.9528846,0.0639975
-1.9526846,0.0639975
-1.9524846,0.0639975
-1.9522846,0.0319988
-1.9520846,0.0639975
-1.9518846,0.0639975
-1.9516846,0.0319988
-1.9514846,0.0639975
-1.9512846,0.0959963
-1.9510846,0.0319988
-1.9508846,0.0639975
-1.9506846,0.0959963
-1.9504846,0.0319988
-1.9502846,0.0319988
-1.9500846,0.0959963
-1.9498846,0
-1.9496846,0.0319988
-1.9494846,0.0639975
-1.9492846,0.0319988
-1.9490846,0.0639975
-1.9488846,0.0639975
-1.9486846,0.0319988
-1.9484846,0.0639975
-1.9482846,0.0319988
-1.9480846,0.0319988
-1.9478846,0.0319988
-1.9476846,0.0639975
-1.9474846,0.0639975
-1.9472846,0.0319988
-1.9470846,0.0959963
-1.9468846,0.0319988
-1.9466846,0
-1.9464846,0.0319988
-1.9462846,0.0319988
-1.9460846,0
-1.9458846,0.0639975
-1.9456846,0
-1.9454846,0.0639975
-1.9452846,0.0639975
-1.9450846,0
-1.9448846,0.0319988
-1.9446846,0.0319988
-1.9444846,0.0319988
-1.9442846,0.0639975
-1.9440846,0.0639975
-1.9438846,0.0319988
-1.9436846,0.0319988
-1.9434846,0.0639975
-1.9432846,0.0319988
-1.9430846,0.0319988
-1.9428846,0.0639975
-1.9426846,0.0319988
-1.9424846,0.0319988
-1.9422846,0.0319988
-1.9420846,0.0319988
-1.9418846,0.0319988
-1.9416846,0.0319988
-1.9414846,0
-1.9412846,0.0319988
-1.9410846,0.0639975
-1.9408846,0.0319988
-1.9406846,0.0319988
-1.9404846,0.0319988
-1.9402846,0.0319988
-1.9400846,0.0319988
-1.9398846,0
-1.9396846,0
-1.9394846,-0.0319988
-1.9392846,0.0319988
-1.9390846,-0.0319988
-1.9388846,0.0319988
-1.9386846,0.0639975
-1.9384846,0
-1.9382846,0.0319988
-1.9380846,0.0319988
-1.9378846,0
-1.9376846,0
-1.9374846,0.0319988
-1.9372846,0
-1.9370846,0.0319988
-1.9368846,0.0319988
-1.9366846,0.0639975
-1.9364846,0
-1.9362846,0.0319988
-1.9360846,0.0319988
-1.9358846,0
-1.9356846,0.0319988
-1.9354846,-0.0319988
-1.9352846,0
-1.9350846,0
-1.9348846,0.0319988
-1.9346846,0
-1.9344846,0.0319988
-1.9342846,-0.0319988
-1.9340846,0
-1.9338846,0.0319988
-1.9336846,-0.0319988
-1.9334846,0
-1.9332846,0
-1.9330846,-0.0319988
-1.9328846,0
-1.9326846,0
-1.9324846,-0.0639975
-1.9322846,0
-1.9320846,-0.0319988
-1.9318846,0.0319988
-1.9316846,0
-1.9314846,0
-1.9312846,0
-1.9310846,-0.0319988
-1.9308846,-0.0319988
-1.9306846,0.0319988
-1.9304846,0
-1.9302846,0
-1.9300846,-0.0639975
-1.9298846,-0.0319988
-1.9296846,0
-1.9294846,-0.0319988
-1.9292846,-0.0319988
-1.9290846,-0.0319988
-1.9288846,0
-1.9286846,0
-1.9284846,-0.0319988
-1.9282846,-0.0319988
-1.9280846,0
-1.9278846,0.0319988
-1.9276846,-0.0319988
-1.9274846,0
-1.9272846,0
-1.9270846,0
-1.9268846,-0.0319988
-1.9266846,0
-1.9264846,-0.0319988
-1.9262846,0
-1.9260846,0
-1.9258846,0
-1.9256846,0
-1.9254846,0
-1.9252846,-0.0319988
-1.9250846,-0.0319988
-1.9248846,0
-1.9246846,-0.0319988
-1.9244846,-0.0319988
-1.9242846,0.0319988
-1.9240846,0
-1.9238846,0.0319988
-1.9236846,0.0319988
-1.9234846,-0.0319988
-1.9232846,0.0319988
-1.9230846,0
-1.9228846,-0.0639975
-1.9226846,0.0319988
-1.9224846,0.0319988
-1.9222846,-0.0319988
-1.9220846,0.0319988
-1.9218846,-0.0319988
-1.9216846,0.0319988
-1.9214846,0
-1.9212846,0.0319988
-1.9210846,-0.0639975
-1.9208846,0
-1.9206846,0.0319988
-1.9204846,-0.0319988
-1.9202846,0
-1.9200846,0.0319988
-1.9198846,0
-1.9196846,0
-1.9194846,0.0319988
-1.9192846,-0.0319988
-1.9190846,0.0319988
-1.9188846,0
-1.9186846,0
-1.9184846,-0.0319988
-1.9182846,0
-1.9180846,0
-1.9178846,0.0319988
-1.9176846,0
-1.9174846,-0.0319988
-1.9172846,0
-1.9170846,0.0319988
-1.9168846,-0.0319988
-1.9166846,-0.0319988
-1.9164846,0
-1.9162846,-0.0319988
-1.9160846,-0.0319988
-1.9158846,0
-1.9156846,0
-1.9154846,0.0319988
-1.9152846,0.0319988
-1.9150846,0
-1.9148846,-0.0319988
-1.9146846,-0.0319988
-1.9144846,-0.0319988
-1.9142846,0.0639975
-1.9140846,0.0319988
-1.9138846,-0.0639975
-1.9136846,0.0319988
-1.9134846,0
-1.9132846,-0.0319988
-1.9130846,0
-1.9128846,0
-1.9126846,-0.0319988
-1.9124846,0
-1.9122846,-0.0319988
-1.9120846,-0.0639975
-1.9118846,0
-1.9116846,0
-1.9114846,-0.0639975
-1.9112846,0
-1.9110846,0.0319988
-1.9108846,-0.0319988
-1.9106846,0
-1.9104846,-0.0639975
-1.9102846,-0.0639975
-1.9100846,0
-1.9098846,-0.0319988
-1.9096846,-0.0639975
-1.9094846,0
-1.9092846,0
-1.9090846,-0.0639975
-1.9088846,0
-1.9086846,0
-1.9084846,0
-1.9082846,-0.0319988
-1.9080846,-0.0319988
-1.9078846,-0.0319988
-1.9076846,0
-1.9074846,0
-1.9072846,-0.0319988
-1.9070846,-0.0319988
-1.9068846,0
-1.9066846,-0.0639975
-1.9064846,-0.0319988
-1.9062846,0.0319988
-1.9060846,-0.0639975
-1.9058846,-0.0319988
-1.9056846,0
-1.9054846,-0.0639975
-1.9052846,-0.0639975
-1.9050846,0.0319988
-1.9048846,-0.0639975
-1.9046846,-0.0319988
-1.9044846,-0.0319988
-1.9042846,0
-1.9040846,0
-1.9038846,-0.0319988
-1.9036846,-0.0639975
-1.9034846,0
-1.9032846,-0.0319988
-1.9030846,-0.0639975
-1.9028846,0
-1.9026846,0
-1.9024846,-0.0639975
-1.9022846,0
-1.9020846,0
-1.9018846,-0.0959963
-1.9016846,-0.0319988
-1.9014846,-0.0319988
-1.9012846,-0.0639975
-1.9010846,-0.0639975
-1.9008846,-0.0639975
-1.9006846,-0.0639975
-1.9004846,-0.0319988
-1.9002846,-0.0639975
-1.9000846,-0.0319988
-1.8998846,-0.0319988
-1.8996846,-0.0319988
-1.8994846,-0.0319988
-1.8992846,0
-1.8990846,0
-1.8988846,-0.0319988
-1.8986846,-0.0639975
-1.8984846,-0.0319988
-1.8982846,-0.0639975
-1.8980846,-0.0319988
-1.8978846,-0.0319988
-1.8976846,-0.0639975
-1.8974846,-0.0319988
-1.8972846,0
-1.8970846,-0.0639975
-1.8968846,-0.0319988
-1.8966846,0
-1.8964846,-0.0319988
-1.8962846,-0.0639975
-1.8960846,-0.0319988
-1.8958846,-0.0319988
-1.8956846,0
-1.8954846,-0.0319988
-1.8952846,-0.0639975
-1.8950846,-0.0319988
-1.8948846,0
-1.8946846,-0.0319988
-1.8944846,-0.0319988
-1.8942846,0
-1.8940846,0
-1.8938846,0
-1.8936846,0.0319988
-1.8934846,0
-1.8932846,0
-1.8930846,0.0319988
-1.8928846,0
-1.8926846,0
-1.8924846,0
-1.8922846,-0.0639975
-1.8920846,0
-1.8918846,-0.0319988
-1.8916846,-0.0319988
-1.8914846,-0.0319988
-1.8912846,0
-1.8910846,0
-1.8908846,0.0319988
-1.8906846,0
-1.8904846,0
-1.8902846,0.0319988
-1.8900846,0.0319988
-1.8898846,-0.0639975
-1.8896846,0
-1.8894846,0.0319988
-1.8892846,0
-1.8890846,0.0319988
-1.8888846,0.0639975
-1.8886846,0
-1.8884846,0.0959963
-1.8882846,0.0319988
-1.8880846,0
-1.8878846,0
-1.8876846,0.0319988
-1.8874846,-0.0319988
-1.8872846,0
-1.8870846,0.0319988
-1.8868846,-0.0639975
-1.8866846,-0.0319988
-1.8864846,0
-1.8862846,0.0319988
-1.8860846,0
-1.8858846,0
-1.8856846,-0.0319988
-1.8854846,-0.0319988
-1.8852846,0.0319988
-1.8850846,0
-1.8848846,0
-1.8846846,0
-1.8844846,-0.0319988
-1.8842846,0.0639975
-1.8840846,0
-1.8838846,-0.0319988
-1.8836846,0.0319988
-1.8834846,0.0319988
-1.8832846,0.0319988
-1.8830846,0.0639975
-1.8828846,0
-1.8826846,0
-1.8824846,-0.0319988
-1.8822846,0
-1.8820846,-0.0319988
-1.8818846,0
-1.8816846,0
-1.8814846,0.0319988
-1.8812846,0
-1.8810846,0.0319988
-1.8808846,-0.0319988
-1.8806846,0
-1.8804846,0
-1.8802846,-0.0319988
-1.8800846,-0.0319988
-1.8798846,-0.0319988
-1.8796846,-0.0639975
-1.8794846,0
-1.8792846,0.0319988
-1.8790846,-0.0319988
-1.8788846,0.0319988
-1.8786846,0.0319988
-1.8784846,-0.0639975
-1.8782846,0.0319988
-1.8780846,0
-1.8778846,-0.0639975
-1.8776846,0
-1.8774846,0
-1.8772846,0
-1.8770846,-0.0319988
-1.8768846,0.0319988
-1.8766846,0
-1.8764846,0.0319988
-1.8762846,0.0319988
-1.8760846,0
-1.8758846,0
-1.8756846,0
-1.8754846,-0.0319988
-1.8752846,0
-1.8750846,0
-1.8748846,-0.0319988
-1.8746846,0.0319988
-1.8744846,-0.0319988
-1.8742846,-0.0639975
-1.8740846,0
-1.8738846,0
-1.8736846,-0.0639975
-1.8734846,-0.0959963
-1.8732846,0
-1.8730846,0
-1.8728846,-0.0319988
-1.8726846,-0.0319988
-1.8724846,0
-1.8722846,0
-1.8720846,-0.0319988
-1.8718846,-0.0639975
-1.8716846,-0.0319988
-1.8714846,-0.0319988
-1.8712846,-0.0639975
-1.8710846,0
-1.8708846,0
-1.8706846,-0.0639975
-1.8704846,0
-1.8702846,0
-1.8700846,-0.0319988
-1.8698846,-0.0319988
-1.8696846,-0.0959963
-1.8694846,-0.0639975
-1.8692846,-0.0319988
-1.8690846,-0.0319988
-1.8688846,-0.0319988
-1.8686846,0
-1.8684846,-0.0319988
-1.8682846,-0.0639975
-1.8680846,-0.0319988
-1.8678846,-0.0639975
-1.8676846,-0.0639975
-1.8674846,-0.0319988
-1.8672846,-0.0639975
-1.8670846,-0.0639975
-1.8668846,-0.0959963
-1.8666846,0
-1.8664846,-0.0639975
-1.8662846,-0.0319988
-1.8660846,-0.0319988
-1.8658846,-0.0959963
-1.8656846,-0.0319988
-1.8654846,-0.0639975
-1.8652846,-0.0959963
-1.8650846,-0.0639975
-1.8648846,-0.0639975
-1.8646846,-0.0959963
-1.8644846,-0.0639975
-1.8642846,-0.0639975
-1.8640846,-0.0639975
-1.8638846,-0.0959963
-1.8636846,-0.0639975
-1.8634846,-0.127995
-1.8632846,-0.0639975
-1.8630846,-0.0639975
-1.8628846,-0.0959963
-1.8626846,-0.0639975
-1.8624846,-0.0319988
-1.8622846,-0.0959963
-1.8620846,-0.0639975
-1.8618846,-0.0639975
-1.8616846,-0.0959963
-1.8614846,-0.0959963
-1.8612846,-0.0959963
-1.8610846,-0.127995
-1.8608846,-0.0639975
-1.8606846,-0.0959963
-1.8604846,-0.127995
-1.8602846,-0.0959963
-1.8600846,-0.0959963
-1.8598846,-0.127995
-1.8596846,-0.0639975
-1.8594846,-0.0959963
-1.8592846,-0.0959963
-1.8590846,-0.0639975
-1.8588846,-0.0959963
-1.8586846,-0.127995
-1.8584846,-0.127995
-1.8582846,-0.0959963
-1.8580846,-0.127995
-1.8578846,-0.127995
-1.8576846,-0.0959963
-1.8574846,-0.127995
-1.8572846,-0.127995
-1.8570846,-0.0959963
-1.8568846,-0.127995
-1.8566846,-0.127995
-1.8564846,-0.0959963
-1.8562846,-0.159994
-1.8560846,-0.127995
-1.8558846,-0.127995
-1.8556846,-0.127995
-1.8554846,-0.159994
-1.8552846,-0.127995
-1.8550846,-0.127995
-1.8548846,-0.127995
-1.8546846,-0.127995
-1.8544846,-0.159994
-1.8542846,-0.159994
-1.8540846,-0.159994
-1.8538846,-0.191993
-1.8536846,-0.127995
-1.8534846,-0.159994
-1.8532846,-0.159994
-1.8530846,-0.159994
-1.8528846,-0.0959963
-1.8526846,-0.191993
-1.8524846,-0.127995
-1.8522846,-0.159994
-1.8520846,-0.191993
-1.8518846,-0.191993
-1.8516846,-0.127995
-1.8514846,-0.159994
-1.8512846,-0.159994
-1.8510846,-0.127995
-1.8508846,-0.191993
-1.8506846,-0.191993
-1.8504846,-0.159994
-1.8502846,-0.159994
-1.8500846,-0.223991
-1.8498846,-0.159994
-1.8496846,-0.159994
-1.8494846,-0.159994
-1.8492846,-0.159994
-1.8490846,-0.159994
-1.8488846,-0.191993
-1.8486846,-0.191993
-1.8484846,-0.223991
-1.8482846,-0.191993
-1.8480846,-0.127995
-1.8478846,-0.159994
-1.8476846,-0.159994
-1.8474846,-0.159994
-1.8472846,-0.159994
-1.8470846,-0.191993
-1.8468846,-0.159994
-1.8466846,-0.191993
-1.8464846,-0.159994
-1.8462846,-0.127995
-1.8460846,-0.159994
-1.8458846,-0.127995
-1.8456846,-0.127995
-1.8454846,-0.127995
-1.8452846,-0.127995
-1.8450846,-0.127995
-1.8448846,-0.159994
-1.8446846,-0.159994
-1.8444846,-0.127995
-1.8442846,-0.159994
-1.8440846,-0.127995
-1.8438846,-0.159994
-1.8436846,-0.127995
-1.8434846,-0.127995
-1.8432846,-0.127995
-1.8430846,-0.159994
-1.8428846,-0.127995
-1.8426846,-0.191993
-1.8424846,-0.127995
-1.8422846,-0.159994
-1.8420846,-0.159994
-1.8418846,-0.127995
-1.8416846,-0.159994
-1.8414846,-0.127995
-1.8412846,-0.127995
-1.8410846,-0.127995
-1.8408846,-0.127995
-1.8406846,-0.159994
-1.8404846,-0.127995
-1.8402846,-0.0959963
-1.8400846,-0.159994
-1.8398846,-0.159994
-1.8396846,-0.159994
-1.8394846,-0.127995
-1.8392846,-0.159994
-1.8390846,-0.127995
-1.8388846,-0.159994
-1.8386846,-0.0959963
-1.8384846,-0.159994
-1.8382846,-0.159994
-1.8380846,-0.159994
-1.8378846,-0.127995
-1.8376846,-0.159994
-1.8374846,-0.159994
-1.8372846,-0.127995
-1.8370846,-0.159994
-1.8368846,-0.127995
-1.8366846,-0.127995
-1.8364846,-0.191993
-1.8362846,-0.127995
-1.8360846,-0.127995
-1.8358846,-0.191993
-1.8356846,-0.159994
-1.8354846,-0.127995
-1.8352846,-0.159994
-1.8350846,-0.159994
-1.8348846,-0.159994
-1.8346846,-0.159994
-1.8344846,-0.159994
-1.8342846,-0.127995
-1.8340846,-0.191993
-1.8338846,-0.191993
-1.8336846,-0.127995
-1.8334846,-0.191993
-1.8332846,-0.159994
-1.8330846,-0.159994
-1.8328846,-0.191993
-1.8326846,-0.191993
-1.8324846,-0.159994
-1.8322846,-0.191993
-1.8320846,-0.191993
-1.8318846,-0.159994
-1.8316846,-0.191993
-1.8314846,-0.223991
-1.8312846,-0.191993
-1.8310846,-0.191993
-1.8308846,-0.191993
-1.8306846,-0.159994
-1.8304846,-0.223991
-1.8302846,-0.191993
-1.8300846,-0.159994
-1.8298846,-0.191993
-1.8296846,-0.159994
-1.8294846,-0.159994
-1.8292846,-0.159994
-1.8290846,-0.159994
-1.8288846,-0.191993
-1.8286846,-0.191993
-1.8284846,-0.223991
-1.8282846,-0.191993
-1.8280846,-0.25599
-1.8278846,-0.223991
-1.8276846,-0.191993
-1.8274846,-0.191993
-1.8272846,-0.25599
-1.8270846,-0.191993
-1.8268846,-0.223991
-1.8266846,-0.223991
-1.8264846,-0.191993
-1.8262846,-0.25599
-1.8260846,-0.223991
-1.8258846,-0.191993
-1.8256846,-0.25599
-1.8254846,-0.223991
-1.8252846,-0.223991
-1.8250846,-0.223991
-1.8248846,-0.223991
-1.8246846,-0.223991
-1.8244846,-0.191993
-1.8242846,-0.191993
-1.8240846,-0.159994
-1.8238846,-0.191993
-1.8236846,-0.191993
-1.8234846,-0.159994
-1.8232846,-0.223991
-1.8230846,-0.191993
-1.8228846,-0.191993
-1.8226846,-0.223991
-1.8224846,-0.191993
-1.8222846,-0.223991
-1.8220846,-0.191993
-1.8218846,-0.223991
-1.8216846,-0.191993
-1.8214846,-0.159994
-1.8212846,-0.223991
-1.8210846,-0.191993
-1.8208846,-0.223991
-1.8206846,-0.25599
-1.8204846,-0.191993
-1.8202846,-0.25599
-1.8200846,-0.25599
-1.8198846,-0.191993
-1.8196846,-0.191993
-1.8194846,-0.223991
-1.8192846,-0.223991
-1.8190846,-0.223991
-1.8188846,-0.223991
-1.8186846,-0.191993
-1.8184846,-0.191993
-1.8182846,-0.159994
-1.8180846,-0.159994
-1.8178846,-0.191993
-1.8176846,-0.223991
-1.8174846,-0.191993
-1.8172846,-0.191993
-1.8170846,-0.223991
-1.8168846,-0.159994
-1.8166846,-0.191993
-1.8164846,-0.223991
-1.8162846,-0.191993
-1.8160846,-0.25599
-1.8158846,-0.223991
-1.8156846,-0.191993
-1.8154846,-0.223991
-1.8152846,-0.25599
-1.8150846,-0.191993
-1.8148846,-0.223991
-1.8146846,-0.223991
-1.8144846,-0.191993
-1.8142846,-0.191993
-1.8140846,-0.159994
-1.8138846,-0.159994
-1.8136846,-0.191993
-1.8134846,-0.191993
-1.8132846,-0.191993
-1.8130846,-0.159994
-1.8128846,-0.223991
-1.8126846,-0.191993
-1.8124846,-0.191993
-1.8122846,-0.191993
-1.8120846,-0.191993
-1.8118846,-0.223991
-1.8116846,-0.25599
-1.8114846,-0.191993
-1.8112846,-0.191993
-1.8110846,-0.191993
-1.8108846,-0.191993
-1.8106846,-0.223991
-1.8104846,-0.191993
-1.8102846,-0.191993
-1.8100846,-0.25599
-1.8098846,-0.191993
-1.8096846,-0.159994
-1.8094846,-0.191993
-1.8092846,-0.191993
-1.8090846,-0.191993
-1.8088846,-0.191993
-1.8086846,-0.223991
-1.8084846,-0.159994
-1.8082846,-0.191993
-1.8080846,-0.159994
-1.8078846,-0.191993
-1.8076846,-0.191993
-1.8074846,-0.223991
-1.8072846,-0.191993
-1.8070846,-0.191993
-1.8068846,-0.191993
-1.8066846,-0.191993
-1.8064846,-0.223991
-1.8062846,-0.159994
-1.8060846,-0.191993
-1.8058846,-0.159994
-1.8056846,-0.25599
-1.8054846,-0.159994
-1.8052846,-0.159994
-1.8050846,-0.191993
-1.8048846,-0.191993
-1.8046846,-0.223991
-1.8044846,-0.223991
-1.8042846,-0.191993
-1.8040846,-0.191993
-1.8038846,-0.159994
-1.8036846,-0.191993
-1.8034846,-0.223991
-1.8032846,-0.191993
-1.8030846,-0.191993
-1.8028846,-0.223991
-1.8026846,-0.223991
-1.8024846,-0.159994
-1.8022846,-0.191993
-1.8020846,-0.191993
-1.8018846,-0.191993
-1.8016846,-0.191993
-1.8014846,-0.25599
-1.8012846,-0.191993
-1.8010846,-0.25599
-1.8008846,-0.191993
-1.8006846,-0.191993
-1.8004846,-0.223991
-1.8002846,-0.223991
-1.8000846,-0.159994
-1.7998846,-0.191993
-1.7996846,-0.191993
-1.7994846,-0.159994
-1.7992846,-0.223991
-1.7990846,-0.191993
-1.7988846,-0.191993
-1.7986846,-0.191993
-1.7984846,-0.223991
-1.7982846,-0.191993
-1.7980846,-0.191993
-1.7978846,-0.223991
-1.7976846,-0.223991
-1.7974846,-0.223991
-1.7972846,-0.223991
-1.7970846,-0.191993
-1.7968846,-0.223991
-1.7966846,-0.159994
-1.7964846,-0.223991
-1.7962846,-0.191993
-1.7960846,-0.159994
-1.7958846,-0.191993
-1.7956846,-0.223991
-1.7954846,-0.191993
-1.7952846,-0.191993
-1.7950846,-0.223991
-1.7948846,-0.223991
-1.7946846,-0.223991
-1.7944846,-0.223991
-1.7942846,-0.191993
-1.7940846,-0.159994
-1.7938846,-0.191993
-1.7936846,-0.191993
-1.7934846,-0.191993
-1.7932846,-0.191993
-1.7930846,-0.191993
-1.7928846,-0.223991
-1.7926846,-0.223991
-1.7924846,-0.159994
-1.7922846,-0.191993
-1.7920846,-0.223991
-1.7918846,-0.223991
-1.7916846,-0.191993
-1.7914846,-0.223991
-1.7912846,-0.223991
-1.7910846,-0.25599
-1.7908846,-0.223991
-1.7906846,-0.191993
-1.7904846,-0.25599
-1.7902846,-0.223991
-1.7900846,-0.191993
-1.7898846,-0.191993
-1.7896846,-0.25599
-1.7894846,-0.223991
-1.7892846,-0.191993
-1.7890846,-0.223991
-1.7888846,-0.223991
-1.7886846,-0.191993
-1.7884846,-0.223991
-1.7882846,-0.25599
-1.7880846,-0.191993
-1.7878846,-0.223991
-1.7876846,-0.223991
-1.7874846,-0.191993
-1.7872846,-0.223991
-1.7870846,-0.191993
-1.7868846,-0.191993
-1.7866846,-0.25599
-1.7864846,-0.25599
-1.7862846,-0.223991
-1.7860846,-0.25599
-1.7858846,-0.223991
-1.7856846,-0.159994
-1.7854846,-0.223991
-1.7852846,-0.223991
-1.7850846,-0.223991
-1.7848846,-0.223991
-1.7846846,-0.191993
-1.7844846,-0.223991
-1.7842846,-0.25599
-1.7840846,-0.25599
-1.7838846,-0.191993
-1.7836846,-0.223991
-1.7834846,-0.127995
-1.7832846,-0.159994
-1.7830846,-0.191993
-1.7828846,-0.191993
-1.7826846,-0.159994
-1.7824846,-0.223991
-1.7822846,-0.191993
-1.7820846,-0.191993
-1.7818846,-0.223991
-1.7816846,-0.223991
-1.7814846,-0.191993
-1.7812846,-0.223991
-1.7810846,-0.223991
-1.7808846,-0.159994
-1.7806846,-0.191993
-1.7804846,-0.223991
-1.7802846,-0.159994
-1.7800846,-0.127995
-1.7798846,-0.159994
-1.7796846,-0.159994
-1.7794846,-0.191993
-1.7792846,-0.191993
-1.7790846,-0.159994
-1.7788846,-0.191993
-1.7786846,-0.191993
-1.7784846,-0.159994
-1.7782846,-0.159994
-1.7780846,-0.191993
-1.7778846,-0.127995
-1.7776846,-0.159994
-1.7774846,-0.191993
-1.7772846,-0.127995
-1.7770846,-0.191993
-1.7768846,-0.191993
-1.7766846,-0.159994
-1.7764846,-0.159994
-1.7762846,-0.159994
-1.7760846,-0.127995
-1.7758846,-0.191993
-1.7756846,-0.191993
-1.7754846,-0.159994
-1.7752846,-0.191993
-1.7750846,-0.191993
-1.7748846,-0.159994
-1.7746846,-0.191993
-1.7744846,-0.191993
-1.7742846,-0.159994
-1.7740846,-0.159994
-1.7738846,-0.191993
-1.7736846,-0.127995
-1.7734846,-0.159994
-1.7732846,-0.159994
-1.7730846,-0.159994
-1.7728846,-0.159994
-1.7726846,-0.159994
-1.7724846,-0.0959963
-1.7722846,-0.191993
-1.7720846,-0.159994
-1.7718846,-0.0959963
-1.7716846,-0.159994
-1.7714846,-0.127995
-1.7712846,-0.0959963
-1.7710846,-0.159994
-1.7708846,-0.127995
-1.7706846,-0.159994
-1.7704846,-0.191993
-1.7702846,-0.159994
-1.7700846,-0.0959963
-1.7698846,-0.127995
-1.7696846,-0.127995
-1.7694846,-0.0959963
-1.7692846,-0.159994
-1.7690846,-0.127995
-1.7688846,-0.127995
-1.7686846,-0.159994
-1.7684846,-0.0959963
-1.7682846,-0.127995
-1.7680846,-0.127995
-1.7678846,-0.127995
-1.7676846,-0.0959963
-1.7674846,-0.0959963
-1.7672846,-0.127995
-1.7670846,-0.0959963
-1.7668846,-0.0959963
-1.7666846,-0.127995
-1.7664846,-0.0959963
-1.7662846,-0.0959963
-1.7660846,-0.127995
-1.7658846,-0.127995
-1.7656846,-0.0959963
-1.7654846,-0.0959963
-1.7652846,-0.127995
-1.7650846,-0.127995
-1.7648846,-0.127995
-1.7646846,-0.0639975
-1.7644846,-0.127995
-1.7642846,-0.0959963
-1.7640846,-0.0639975
-1.7638846,-0.0959963
-1.7636846,-0.0639975
-1.7634846,-0.0639975
-1.7632846,-0.0639975
-1.7630846,-0.0959963
-1.7628846,-0.0319988
-1.7626846,-0.0959963
-1.7624846,-0.0319988
-1.7622846,-0.0319988
-1.7620846,-0.0639975
-1.7618846,-0.0959963
-1.7616846,-0.0639975
-1.7614846,-0.0959963
-1.7612846,-0.0639975
-1.7610846,-0.0639975
-1.7608846,-0.0959963
-1.7606846,-0.0319988
-1.7604846,-0.0639975
-1.7602846,-0.0639975
-1.7600846,-0.0319988
-1.7598846,-0.0319988
-1.7596846,-0.0639975
-1.7594846,0
-1.7592846,-0.0319988
-1.7590846,-0.0639975
-1.7588846,-0.0319988
-1.7586846,-0.0319988
-1.7584846,-0.0639975
-1.7582846,-0.0319988
-1.7580846,0.0319988
-1.7578846,-0.0319988
-1.7576846,0
-1.7574846,-0.0319988
-1.7572846,0
-1.7570846,-0.0319988
-1.7568846,-0.0319988
-1.7566846,-0.0319988
-1.7564846,0
-1.7562846,0
-1.7560846,-0.0319988
-1.7558846,0
-1.7556846,-0.0319988
-1.7554846,0
-1.7552846,0
-1.7550846,0.0319988
-1.7548846,0
-1.7546846,0.0319988
-1.7544846,-0.0319988
-1.7542846,-0.0319988
-1.7540846,0.0319988
-1.7538846,0.0319988
-1.7536846,-0.0319988
-1.7534846,0.0319988
-1.7532846,0
-1.7530846,0
-1.7528846,0
-1.7526846,0
-1.7524846,-0.0639975
-1.7522846,0.0319988
-1.7520846,0.0319988
-1.7518846,0.0319988
-1.7516846,0
-1.7514846,0
-1.7512846,0
-1.7510846,0
-1.7508846,0.0319988
-1.7506846,0.0319988
-1.7504846,0.0319988
-1.7502846,0
-1.7500846,0
-1.7498846,-0.0319988
-1.7496846,0
-1.7494846,0
-1.7492846,0.0319988
-1.7490846,0.0639975
-1.7488846,0.0319988
-1.7486846,0.0319988
-1.7484846,0.0319988
-1.7482846,0
-1.7480846,0.0639975
-1.7478846,0
-1.7476846,0.0319988
-1.7474846,0.0319988
-1.7472846,0
-1.7470846,0
-1.7468846,0.0319988
-1.7466846,0.0319988
-1.7464846,0.0319988
-1.7462846,0.0319988
-1.7460846,0.0639975
-1.7458846,0.0319988
-1.7456846,0.0319988
-1.7454846,0
-1.7452846,0
-1.7450846,0.0319988
-1.7448846,0.0319988
-1.7446846,0
-1.7444846,0.0319988
-1.7442846,0.0319988
-1.7440846,0
-1.7438846,0.0319988
-1.7436846,0
-1.7434846,0.0319988
-1.7432846,0.0319988
-1.7430846,0.0319988
-1.7428846,0
-1.7426846,0.0639975
-1.7424846,0.0639975
-1.7422846,0
-1.7420846,0.0319988
-1.7418846,0.0319988
-1.7416846,0
-1.7414846,0.0319988
-1.7412846,0.0639975
-1.7410846,0
-1.7408846,0.0639975
-1.7406846,0.0319988
-1.7404846,0.0639975
-1.7402846,0.0319988
-1.7400846,0.0639975
-1.7398846,0.0639975
-1.7396846,0.0319988
-1.7394846,0.0639975
-1.7392846,0.0319988
-1.7390846,0.0639975
-1.7388846,0.0639975
-1.7386846,0.0639975
-1.7384846,0.0639975
-1.7382846,0.0959963
-1.7380846,0.0319988
-1.7378846,0
-1.7376846,0.0639975
-1.7374846,0.0959963
-1.7372846,0.0639975
-1.7370846,0.0639975
-1.7368846,0.0319988
-1.7366846,0.0639975
-1.7364846,0.0639975
-1.7362846,0.0319988
-1.7360846,0.0639975
-1.7358846,0.0639975
-1.7356846,0.0319988
-1.7354846,0.0639975
-1.7352846,0.0639975
-1.7350846,0.0959963
-1.7348846,0.0319988
-1.7346846,0.0639975
-1.7344846,0.0319988
-1.7342846,0.0639975
-1.7340846,0.0639975
-1.7338846,0.0959963
-1.7336846,0.0319988
-1.7334846,0.0639975
-1.7332846,0.0639975
-1.7330846,0.0319988
-1.7328846,0.0639975
-1.7326846,0.0639975
-1.7324846,0.0639975
-1.7322846,0.0959963
-1.7320846,0.0319988
-1.7318846,0.0639975
-1.7316846,0.0639975
-1.7314846,0.0639975
-1.7312846,0.0319988
-1.7310846,0.0639975
-1.7308846,0.0319988
-1.7306846,0.0639975
-1.7304846,0.0639975
-1.7302846,0.0319988
-1.7300846,0.0959963
-1.7298846,0.0639975
-1.7296846,0.0639975
-1.7294846,0.0319988
-1.7292846,0.0319988
-1.7290846,0
-1.7288846,0.0319988
-1.7286846,0.0639975
-1.7284846,0.0639975
-1.7282846,0.0319988
-1.7280846,0.0639975
-1.7278846,0
-1.7276846,0.0319988
-1.7274846,0.0639975
-1.7272846,0.0319988
-1.7270846,0.0319988
-1.7268846,0.0319988
-1.7266846,0
-1.7264846,0.0639975
-1.7262846,0.0319988
-1.7260846,0
-1.7258846,0
-1.7256846,0.0319988
-1.7254846,0
-1.7252846,0.0319988
-1.7250846,0.0319988
-1.7248846,0
-1.7246846,0.0319988
-1.7244846,0.0319988
-1.7242846,0
-1.7240846,0.0319988
-1.7238846,0.0319988
-1.7236846,0.0319988
-1.7234846,0
-1.7232846,0
-1.7230846,-0.0319988
-1.7228846,0.0319988
-1.7226846,0
-1.7224846,0
-1.7222846,0.0319988
-1.7220846,0.0319988
-1.7218846,0.0639975
-1.7216846,-0.0319988
-1.7214846,0.0319988
-1.7212846,-0.0319988
-1.7210846,0.0319988
-1.7208846,0.0639975
-1.7206846,0.0319988
-1.7204846,0.0639975
-1.7202846,0.0319988
-1.7200846,-0.0319988
-1.7198846,0.0639975
-1.7196846,0.0639975
-1.7194846,0.0319988
-1.7192846,0.0319988
-1.7190846,0.0319988
-1.7188846,0.0319988
-1.7186846,0.0319988
-1.7184846,0.0319988
-1.7182846,0
-1.7180846,0
-1.7178846,0
-1.7176846,-0.0319988
-1.7174846,0.0319988
-1.7172846,0.0319988
-1.7170846,0
-1.7168846,0.0319988
-1.7166846,0.0319988
-1.7164846,0.0319988
-1.7162846,0.0639975
-1.7160846,0
-1.7158846,-0.0319988
-1.7156846,0
-1.7154846,0
-1.7152846,-0.0319988
-1.7150846,-0.0319988
-1.7148846,0.0319988
-1.7146846,0
-1.7144846,-0.0319988
-1.7142846,0
-1.7140846,0
-1.7138846,0
-1.7136846,0.0639975
-1.7134846,-0.0639975
-1.7132846,0
-1.7130846,0.0319988
-1.7128846,0
-1.7126846,0
-1.7124846,0
-1.7122846,-0.0319988
-1.7120846,-0.0319988
-1.7118846,-0.0319988
-1.7116846,-0.0639975
-1.7114846,-0.0319988
-1.7112846,0
-1.7110846,0
-1.7108846,-0.0319988
-1.7106846,-0.0319988
-1.7104846,-0.0319988
-1.7102846,0
-1.7100846,0
-1.7098846,-0.0639975
-1.7096846,-0.0319988
-1.7094846,0.0319988
-1.7092846,-0.0639975
-1.7090846,-0.0639975
-1.7088846,0
-1.7086846,0
-1.7084846,-0.0319988
-1.7082846,-0.0319988
-1.7080846,-0.0639975
-1.7078846,-0.0319988
-1.7076846,-0.0319988
-1.7074846,-0.0639975
-1.7072846,-0.0319988
-1.7070846,-0.0319988
-1.7068846,-0.0639975
-1.7066846,0
-1.7064846,0
-1.7062846,-0.0319988
-1.7060846,-0.0319988
-1.7058846,-0.0319988
-1.7056846,-0.0319988
-1.7054846,-0.0639975
-1.7052846,-0.0319988
-1.7050846,-0.0959963
-1.7048846,-0.0639975
-1.7046846,-0.0319988
-1.7044846,-0.0639975
-1.7042846,-0.0639975
-1.7040846,-0.0639975
-1.7038846,-0.0639975
-1.7036846,-0.0639975
-1.7034846,-0.0639975
-1.7032846,-0.0639975
-1.7030846,-0.0639975
-1.7028846,-0.0319988
-1.7026846,-0.0959963
-1.7024846,-0.0319988
-1.7022846,-0.0639975
-1.7020846,-0.0639975
-1.7018846,-0.0319988
-1.7016846,-0.0639975
-1.7014846,-0.0639975
-1.7012846,-0.0639975
-1.7010846,-0.0319988
-1.7008846,-0.0639975
-1.7006846,-0.0959963
-1.7004846,-0.0319988
-1.7002846,-0.0959963
-1.7000846,0
-1.6998846,-0.0319988
-1.6996846,-0.0959963
-1.6994846,-0.0959963
-1.6992846,-0.0959963
-1.6990846,-0.0959963
-1.6988846,-0.0959963
-1.6986846,-0.0959963
-1.6984846,-0.0639975
-1.6982846,-0.0959963
-1.6980846,-0.0959963
-1.6978846,-0.0959963
-1.6976846,-0.0639975
-1.6974846,-0.0639975
-1.6972846,-0.0959963
-1.6970846,-0.0959963
-1.6968846,-0.0959963
-1.6966846,-0.0959963
-1.6964846,-0.0639975
-1.6962846,-0.0319988
-1.6960846,-0.0959963
-1.6958846,-0.0639975
-1.6956846,-0.127995
-1.6954846,-0.0639975
-1.6952846,-0.0639975
-1.6950846,-0.0319988
-1.6948846,-0.0639975
-1.6946846,-0.0639975
-1.6944846,-0.0959963
-1.6942846,-0.127995
-1.6940846,-0.0319988
-1.6938846,-0.0639975
-1.6936846,-0.0959963
-1.6934846,-0.127995
-1.6932846,-0.0959963
-1.6930846,-0.127995
-1.6928846,-0.0959963
-1.6926846,-0.0639975
-1.6924846,-0.0959963
-1.6922846,-0.127995
-1.6920846,-0.0319988
-1.6918846,-0.0959963
-1.6916846,-0.0959963
-1.6914846,-0.0319988
-1.6912846,-0.127995
-1.6910846,-0.0959963
-1.6908846,-0.159994
-1.6906846,-0.0639975
-1.6904846,-0.0959963
-1.6902846,-0.0639975
-1.6900846,-0.127995
-1.6898846,-0.0639975
-1.6896846,-0.0959963
-1.6894846,-0.0959963
-1.6892846,-0.0959963
-1.6890846,-0.0639975
-1.6888846,-0.127995
-1.6886846,-0.0959963
-1.6884846,-0.127995
-1.6882846,-0.127995
-1.6880846,-0.0959963
-1.6878846,-0.0959963
-1.6876846,-0.127995
-1.6874846,-0.127995
-1.6872846,-0.0959963
-1.6870846,-0.159994
-1.6868846,-0.127995
-1.6866846,-0.127995
-1.6864846,-0.127995
-1.6862846,-0.127995
-1.6860846,-0.127995
-1.6858846,-0.127995
-1.6856846,-0.127995
-1.6854846,-0.127995
-1.6852846,-0.127995
-1.6850846,-0.0959963
-1.6848846,-0.0959963
-1.6846846,-0.127995
-1.6844846,-0.0959963
-1.6842846,-0.0959963
-1.6840846,-0.159994
-1.6838846,-0.0959963
-1.6836846,-0.0959963
-1.6834846,-0.159994
-1.6832846,-0.0959963
-1.6830846,-0.127995
-1.6828846,-0.127995
-1.6826846,-0.0959963
-1.6824846,-0.127995
-1.6822846,-0.159994
-1.6820846,-0.0959963
-1.6818846,-0.0959963
-1.6816846,-0.127995
-1.6814846,-0.127995
-1.6812846,-0.127995
-1.6810846,-0.159994
-1.6808846,-0.0959963
-1.6806846,-0.127995
-1.6804846,-0.127995
-1.6802846,-0.127995
-1.6800846,-0.127995
-1.6798846,-0.191993
-1.6796846,-0.191993
-1.6794846,-0.159994
-1.6792846,-0.159994
-1.6790846,-0.159994
-1.6788846,-0.159994
-1.6786846,-0.191993
-1.6784846,-0.159994
-1.6782846,-0.127995
-1.6780846,-0.191993
-1.6778846,-0.191993
-1.6776846,-0.159994
-1.6774846,-0.127995
-1.6772846,-0.159994
-1.6770846,-0.127995
-1.6768846,-0.159994
-1.6766846,-0.159994
-1.6764846,-0.159994
-1.6762846,-0.159994
-1.6760846,-0.191993
-1.6758846,-0.159994
-1.6756846,-0.191993
-1.6754846,-0.191993
-1.6752846,-0.191993
-1.6750846,-0.191993
-1.6748846,-0.191993
-1.6746846,-0.191993
-1.6744846,-0.223991
-1.6742846,-0.159994
-1.6740846,-0.159994
-1.6738846,-0.191993
-1.6736846,-0.223991
-1.6734846,-0.191993
-1.6732846,-0.191993
-1.6730846,-0.191993
-1.6728846,-0.191993
-1.6726846,-0.191993
-1.6724846,-0.191993
-1.6722846,-0.223991
-1.6720846,-0.223991
-1.6718846,-0.191993
-1.6716846,-0.191993
-1.6714846,-0.223991
-1.6712846,-0.191993
-1.6710846,-0.159994
-1.6708846,-0.223991
-1.6706846,-0.191993
-1.6704846,-0.159994
-1.6702846,-0.223991
-1.6700846,-0.223991
-1.6698846,-0.223991
-1.6696846,-0.191993
-1.6694846,-0.191993
-1.6692846,-0.159994
-1.6690846,-0.223991
-1.6688846,-0.223991
-1.6686846,-0.159994
-1.6684846,-0.191993
-1.6682846,-0.223991
-1.6680846,-0.191993
-1.6678846,-0.223991
-1.6676846,-0.159994
-1.6674846,-0.191993
-1.6672846,-0.25599
-1.6670846,-0.223991
-1.6668846,-0.191993
-1.6666846,-0.25599
-1.6664846,-0.223991
-1.6662846,-0.191993
-1.6660846,-0.159994
-1.6658846,-0.223991
-1.6656846,-0.191993
-1.6654846,-0.159994
-1.6652846,-0.223991
-1.6650846,-0.191993
-1.6648846,-0.223991
-1.6646846,-0.159994
-1.6644846,-0.223991
-1.6642846,-0.223991
-1.6640846,-0.223991
-1.6638846,-0.191993
-1.6636846,-0.25599
-1.6634846,-0.25599
-1.6632846,-0.159994
-1.6630846,-0.191993
-1.6628846,-0.25599
-1.6626846,-0.159994
-1.6624846,-0.191993
-1.6622846,-0.223991
-1.6620846,-0.159994
-1.6618846,-0.25599
-1.6616846,-0.223991
-1.6614846,-0.191993
-1.6612846,-0.223991
-1.6610846,-0.223991
-1.6608846,-0.223991
-1.6606846,-0.191993
-1.6604846,-0.223991
-1.6602846,-0.191993
-1.6600846,-0.223991
-1.6598846,-0.223991
-1.6596846,-0.191993
-1.6594846,-0.223991
-1.6592846,-0.223991
-1.6590846,-0.159994
-1.6588846,-0.191993
-1.6586846,-0.25599
-1.6584846,-0.223991
-1.6582846,-0.191993
-1.6580846,-0.223991
-1.6578846,-0.191993
-1.6576846,-0.223991
-1.6574846,-0.223991
-1.6572846,-0.223991
-1.6570846,-0.223991
-1.6568846,-0.223991
-1.6566846,-0.223991
-1.6564846,-0.25599
-1.6562846,-0.191993
-1.6560846,-0.25599
-1.6558846,-0.25599
-1.6556846,-0.191993
-1.6554846,-0.191993
-1.6552846,-0.223991
-1.6550846,-0.223991
-1.6548846,-0.191993
-1.6546846,-0.223991
-1.6544846,-0.25599
-1.6542846,-0.191993
-1.6540846,-0.191993
-1.6538846,-0.191993
-1.6536846,-0.159994
-1.6534846,-0.223991
-1.6532846,-0.191993
-1.6530846,-0.159994
-1.6528846,-0.25599
-1.6526846,-0.223991
-1.6524846,-0.159994
-1.6522846,-0.223991
-1.6520846,-0.223991
-1.6518846,-0.191993
-1.6516846,-0.223991
-1.6514846,-0.191993
-1.6512846,-0.159994
-1.6510846,-0.223991
-1.6508846,-0.25599
-1.6506846,-0.191993
-1.6504846,-0.223991
-1.6502846,-0.191993
-1.6500846,-0.159994
-1.6498846,-0.191993
-1.6496846,-0.191993
-1.6494846,-0.223991
-1.6492846,-0.25599
-1.6490846,-0.191993
-1.6488846,-0.223991
-1.6486846,-0.223991
-1.6484846,-0.191993
-1.6482846,-0.223991
-1.6480846,-0.223991
-1.6478846,-0.191993
-1.6476846,-0.191993
-1.6474846,-0.223991
-1.6472846,-0.223991
-1.6470846,-0.191993
-1.6468846,-0.159994
-1.6466846,-0.191993
-1.6464846,-0.191993
-1.6462846,-0.191993
-1.6460846,-0.191993
-1.6458846,-0.191993
-1.6456846,-0.191993
-1.6454846,-0.223991
-1.6452846,-0.191993
-1.6450846,-0.223991
-1.6448846,-0.191993
-1.6446846,-0.191993
-1.6444846,-0.223991
-1.6442846,-0.191993
-1.6440846,-0.191993
-1.6438846,-0.223991
-1.6436846,-0.223991
-1.6434846,-0.159994
-1.6432846,-0.191993
-1.6430846,-0.191993
-1.6428846,-0.191993
-1.6426846,-0.223991
-1.6424846,-0.191993
-1.6422846,-0.223991
-1.6420846,-0.223991
-1.6418846,-0.223991
-1.6416846,-0.159994
-1.6414846,-0.25599
-1.6412846,-0.25599
-1.6410846,-0.159994
-1.6408846,-0.25599
-1.6406846,-0.223991
-1.6404846,-0.223991
-1.6402846,-0.223991
-1.6400846,-0.223991
-1.6398846,-0.159994
-1.6396846,-0.223991
-1.6394846,-0.223991
-1.6392846,-0.191993
-1.6390846,-0.191993
-1.6388846,-0.159994
-1.6386846,-0.191993
-1.6384846,-0.191993
-1.6382846,-0.223991
-1.6380846,-0.191993
-1.6378846,-0.223991
-1.6376846,-0.223991
-1.6374846,-0.223991
-1.6372846,-0.223991
-1.6370846,-0.191993
-1.6368846,-0.191993
-1.6366846,-0.25599
-1.6364846,-0.223991
-1.6362846,-0.223991
-1.6360846,-0.25599
-1.6358846,-0.223991
-1.6356846,-0.223991
-1.6354846,-0.25599
-1.6352846,-0.191993
-1.6350846,-0.191993
-1.6348846,-0.223991
-1.6346846,-0.191993
-1.6344846,-0.223991
-1.6342846,-0.191993
-1.6340846,-0.191993
-1.6338846,-0.191993
-1.6336846,-0.191993
-1.6334846,-0.223991
-1.6332846,-0.191993
-1.6330846,-0.223991
-1.6328846,-0.191993
-1.6326846,-0.191993
-1.6324846,-0.223991
-1.6322846,-0.223991
-1.6320846,-0.191993
-1.6318846,-0.159994
-1.6316846,-0.191993
-1.6314846,-0.159994
-1.6312846,-0.191993
-1.6310846,-0.159994
-1.6308846,-0.191993
-1.6306846,-0.191993
-1.6304846,-0.191993
-1.6302846,-0.191993
-1.6300846,-0.159994
-1.6298846,-0.191993
-1.6296846,-0.159994
-1.6294846,-0.191993
-1.6292846,-0.223991
-1.6290846,-0.159994
-1.6288846,-0.191993
-1.6286846,-0.223991
-1.6284846,-0.191993
-1.6282846,-0.223991
-1.6280846,-0.223991
-1.6278846,-0.191993
-1.6276846,-0.223991
-1.6274846,-0.223991
-1.6272846,-0.223991
-1.6270846,-0.191993
-1.6268846,-0.191993
-1.6266846,-0.191993
-1.6264846,-0.25599
-1.6262846,-0.25599
-1.6260846,-0.191993
-1.6258846,-0.223991
-1.6256846,-0.191993
-1.6254846,-0.223991
-1.6252846,-0.223991
-1.6250846,-0.223991
-1.6248846,-0.223991
-1.6246846,-0.191993
-1.6244846,-0.25599
-1.6242846,-0.191993
-1.6240846,-0.223991
-1.6238846,-0.223991
-1.6236846,-0.191993
-1.6234846,-0.223991
-1.6232846,-0.25599
-1.6230846,-0.223991
-1.6228846,-0.191993
-1.6226846,-0.223991
-1.6224846,-0.191993
-1.6222846,-0.25599
-1.6220846,-0.25599
-1.6218846,-0.191993
-1.6216846,-0.191993
-1.6214846,-0.25599
-1.6212846,-0.223991
-1.6210846,-0.223991
-1.6208846,-0.223991
-1.6206846,-0.191993
-1.6204846,-0.223991
-1.6202846,-0.223991
-1.6200846,-0.223991
-1.6198846,-0.223991
-1.6196846,-0.25599
-1.6194846,-0.191993
-1.6192846,-0.223991
-1.6190846,-0.223991
-1.6188846,-0.223991
-1.6186846,-0.25599
-1.6184846,-0.223991
-1.6182846,-0.223991
-1.6180846,-0.191993
-1.6178846,-0.223991
-1.6176846,-0.223991
-1.6174846,-0.223991
-1.6172846,-0.223991
-1.6170846,-0.159994
-1.6168846,-0.25599
-1.6166846,-0.191993
-1.6164846,-0.191993
-1.6162846,-0.25599
-1.6160846,-0.223991
-1.6158846,-0.223991
-1.6156846,-0.25599
-1.6154846,-0.223991
-1.6152846,-0.191993
-1.6150846,-0.223991
-1.6148846,-0.25599
-1.6146846,-0.223991
-1.6144846,-0.223991
-1.6142846,-0.223991
-1.6140846,-0.223991
-1.6138846,-0.223991
-1.6136846,-0.25599
-1.6134846,-0.191993
-1.6132846,-0.287989
-1.6130846,-0.25599
-1.6128846,-0.223991
-1.6126846,-0.25599
-1.6124846,-0.25599
-1.6122846,-0.159994
-1.6120846,-0.25599
-1.6118846,-0.25599
-1.6116846,-0.223991
-1.6114846,-0.287989
-1.6112846,-0.25599
-1.6110846,-0.223991
-1.6108846,-0.25599
-1.6106846,-0.25599
-1.6104846,-0.25599
-1.6102846,-0.223991
-1.6100846,-0.191993
-1.6098846,-0.25599
-1.6096846,-0.25599
-1.6094846,-0.287989
-1.6092846,-0.25599
-1.6090846,-0.223991
-1.6088846,-0.191993
-1.6086846,-0.223991
-1.6084846,-0.223991
-1.6082846,-0.287989
-1.6080846,-0.223991
-1.6078846,-0.223991
-1.6076846,-0.223991
-1.6074846,-0.191993
-1.6072846,-0.25599
-1.6070846,-0.223991
-1.6068846,-0.223991
-1.6066846,-0.25599
-1.6064846,-0.223991
-1.6062846,-0.223991
-1.6060846,-0.223991
-1.6058846,-0.223991
-1.6056846,-0.223991
-1.6054846,-0.25599
-1.6052846,-0.191993
-1.6050846,-0.223991
-1.6048846,-0.223991
-1.6046846,-0.25599
-1.6044846,-0.223991
-1.6042846,-0.287989
-1.6040846,-0.223991
-1.6038846,-0.25599
-1.6036846,-0.25599
-1.6034846,-0.25599
-1.6032846,-0.191993
-1.6030846,-0.223991
-1.6028846,-0.25599
-1.6026846,-0.191993
-1.6024846,-0.25599
-1.6022846,-0.191993
-1.6020846,-0.25599
-1.6018846,-0.223991
-1.6016846,-0.25599
-1.6014846,-0.287989
-1.6012846,-0.25599
-1.6010846,-0.223991
-1.6008846,-0.191993
-1.6006846,-0.223991
-1.6004846,-0.25599
-1.6002846,-0.191993
-1.6000846,-0.287989
-1.5998846,-0.25599
-1.5996846,-0.25599
-1.5994846,-0.223991
-1.5992846,-0.25599
-1.5990846,-0.223991
-1.5988846,-0.223991
-1.5986846,-0.223991
-1.5984846,-0.25599
-1.5982846,-0.25599
-1.5980846,-0.25599
-1.5978846,-0.223991
-1.5976846,-0.223991
-1.5974846,-0.25599
-1.5972846,-0.223991
-1.5970846,-0.223991
-1.5968846,-0.223991
-1.5966846,-0.223991
-1.5964846,-0.223991
-1.5962846,-0.223991
-1.5960846,-0.223991
-1.5958846,-0.223991
-1.5956846,-0.287989
-1.5954846,-0.191993
-1.5952846,-0.25599
-1.5950846,-0.223991
-1.5948846,-0.25599
-1.5946846,-0.223991
-1.5944846,-0.223991
-1.5942846,-0.223991
-1.5940846,-0.223991
-1.5938846,-0.223991
-1.5936846,-0.223991
-1.5934846,-0.25599
-1.5932846,-0.223991
-1.5930846,-0.191993
-1.5928846,-0.223991
-1.5926846,-0.223991
-1.5924846,-0.191993
-1.5922846,-0.223991
-1.5920846,-0.25599
-1.5918846,-0.287989
-1.5916846,-0.191993
-1.5914846,-0.25599
-1.5912846,-0.159994
-1.5910846,-0.25599
-1.5908846,-0.223991
-1.5906846,-0.25599
-1.5904846,-0.191993
-1.5902846,-0.25599
-1.5900846,-0.191993
-1.5898846,-0.25599
-1.5896846,-0.191993
-1.5894846,-0.223991
-1.5892846,-0.25599
-1.5890846,-0.223991
-1.5888846,-0.191993
-1.5886846,-0.25599
-1.5884846,-0.25599
-1.5882846,-0.25599
-1.5880846,-0.287989
-1.5878846,-0.25599
-1.5876846,-0.25599
-1.5874846,-0.25599
-1.5872846,-0.223991
-1.5870846,-0.223991
-1.5868846,-0.25599
-1.5866846,-0.223991
-1.5864846,-0.223991
-1.5862846,-0.223991
-1.5860846,-0.223991
-1.5858846,-0.159994
-1.5856846,-0.25599
-1.5854846,-0.191993
-1.5852846,-0.191993
-1.5850846,-0.25599
-1.5848846,-0.25599
-1.5846846,-0.159994
-1.5844846,-0.223991
-1.5842846,-0.223991
-1.5840846,-0.191993
-1.5838846,-0.223991
-1.5836846,-0.191993
-1.5834846,-0.191993
-1.5832846,-0.191993
-1.5830846,-0.25599
-1.5828846,-0.223991
-1.5826846,-0.223991
-1.5824846,-0.25599
-1.5822846,-0.223991
-1.5820846,-0.191993
-1.5818846,-0.223991
-1.5816846,-0.223991
-1.5814846,-0.223991
-1.5812846,-0.223991
-1.5810846,-0.159994
-1.5808846,-0.223991
-1.5806846,-0.223991
-1.5804846,-0.191993
-1.5802846,-0.223991
-1.5800846,-0.223991
-1.5798846,-0.223991
-1.5796846,-0.223991
-1.5794846,-0.191993
-1.5792846,-0.191993
-1.5790846,-0.191993
-1.5788846,-0.223991
-1.5786846,-0.25599
-1.5784846,-0.223991
-1.5782846,-0.223991
-1.5780846,-0.191993
-1.5778846,-0.223991
-1.5776846,-0.223991
-1.5774846,-0.223991
-1.5772846,-0.191993
-1.5770846,-0.191993
-1.5768846,-0.223991
-1.5766846,-0.223991
-1.5764846,-0.223991
-1.5762846,-0.191993
-1.5760846,-0.223991
-1.5758846,-0.223991
-1.5756846,-0.159994
-1.5754846,-0.25599
-1.5752846,-0.191993
-1.5750846,-0.191993
-1.5748846,-0.191993
-1.5746846,-0.223991
-1.5744846,-0.191993
-1.5742846,-0.191993
-1.5740846,-0.191993
-1.5738846,-0.223991
-1.5736846,-0.191993
-1.5734846,-0.25599
-1.5732846,-0.159994
-1.5730846,-0.223991
-1.5728846,-0.191993
-1.5726846,-0.191993
-1.5724846,-0.159994
-1.5722846,-0.223991
-1.5720846,-0.191993
-1.5718846,-0.223991
-1.5716846,-0.191993
-1.5714846,-0.159994
-1.5712846,-0.191993
-1.5710846,-0.223991
-1.5708846,-0.127995
-1.5706846,-0.191993
-1.5704846,-0.191993
-1.5702846,-0.159994
-1.5700846,-0.25599
-1.5698846,-0.223991
-1.5696846,-0.191993
-1.5694846,-0.159994
-1.5692846,-0.191993
-1.5690846,-0.159994
-1.5688846,-0.191993
-1.5686846,-0.191993
-1.5684846,-0.191993
-1.5682846,-0.191993
-1.5680846,-0.159994
-1.5678846,-0.127995
-1.5676846,-0.191993
-1.5674846,-0.191993
-1.5672846,-0.127995
-1.5670846,-0.191993
-1.5668846,-0.159994
-1.5666846,-0.159994
-1.5664846,-0.159994
-1.5662846,-0.159994
-1.5660846,-0.159994
-1.5658846,-0.159994
-1.5656846,-0.191993
-1.5654846,-0.159994
-1.5652846,-0.223991
-1.5650846,-0.159994
-1.5648846,-0.191993
-1.5646846,-0.191993
-1.5644846,-0.159994
-1.5642846,-0.159994
-1.5640846,-0.191993
-1.5638846,-0.191993
-1.5636846,-0.191993
-1.5634846,-0.191993
-1.5632846,-0.191993
-1.5630846,-0.159994
-1.5628846,-0.191993
-1.5626846,-0.159994
-1.5624846,-0.127995
-1.5622846,-0.223991
-1.5620846,-0.159994
-1.5618846,-0.127995
-1.5616846,-0.159994
-1.5614846,-0.127995
-1.5612846,-0.159994
-1.5610846,-0.159994
-1.5608846,-0.127995
-1.5606846,-0.127995
-1.5604846,-0.159994
-1.5602846,-0.159994
-1.5600846,-0.159994
-1.5598846,-0.159994
-1.5596846,-0.159994
-1.5594846,-0.191993
-1.5592846,-0.159994
-1.5590846,-0.127995
-1.5588846,-0.159994
-1.5586846,-0.159994
-1.5584846,-0.127995
-1.5582846,-0.127995
-1.5580846,-0.159994
-1.5578846,-0.159994
-1.5576846,-0.127995
-1.5574846,-0.127995
-1.5572846,-0.159994
-1.5570846,-0.127995
-1.5568846,-0.127995
-1.5566846,-0.159994
-1.5564846,-0.159994
-1.5562846,-0.127995
-1.5560846,-0.159994
-1.5558846,-0.127995
-1.5556846,-0.159994
-1.5554846,-0.127995
-1.5552846,-0.0959963
-1.5550846,-0.127995
-1.5548846,-0.127995
-1.5546846,-0.127995
-1.5544846,-0.159994
-1.5542846,-0.127995
-1.5540846,-0.127995
-1.5538846,-0.159994
-1.5536846,-0.0959963
-1.5534846,-0.0959963
-1.5532846,-0.159994
-1.5530846,-0.127995
-1.5528846,-0.0959963
-1.5526846,-0.159994
-1.5524846,-0.0959963
-1.5522846,-0.127995
-1.5520846,-0.0959963
-1.5518846,-0.127995
-1.5516846,-0.0639975
-1.5514846,-0.159994
-1.5512846,-0.127995
-1.5510846,-0.0639975
-1.5508846,-0.159994
-1.5506846,-0.0959963
-1.5504846,-0.0959963
-1.5502846,-0.159994
-1.5500846,-0.127995
-1.5498846,-0.127995
-1.5496846,-0.159994
-1.5494846,-0.127995
-1.5492846,-0.0639975
-1.5490846,-0.127995
-1.5488846,-0.0959963
-1.5486846,-0.127995
-1.5484846,-0.0959963
-1.5482846,-0.0959963
-1.5480846,-0.0959963
-1.5478846,-0.0959963
-1.5476846,-0.0959963
-1.5474846,-0.0959963
-1.5472846,-0.159994
-1.5470846,-0.0639975
-1.5468846,-0.0639975
-1.5466846,-0.0959963
-1.5464846,-0.0639975
-1.5462846,-0.0959963
-1.5460846,-0.0959963
-1.5458846,-0.0959963
-1.5456846,-0.0959963
-1.5454846,-0.0639975
-1.5452846,-0.0639975
-1.5450846,-0.0959963
-1.5448846,-0.0319988
-1.5446846,-0.0319988
-1.5444846,-0.0319988
-1.5442846,-0.0639975
-1.5440846,-0.0639975
-1.5438846,-0.0639975
-1.5436846,-0.0959963
-1.5434846,-0.0959963
-1.5432846,-0.0639975
-1.5430846,-0.0639975
-1.5428846,-0.0319988
-1.5426846,-0.0639975
-1.5424846,-0.0959963
-1.5422846,-0.0639975
-1.5420846,-0.0319988
-1.5418846,-0.0959963
-1.5416846,-0.0639975
-1.5414846,-0.0319988
-1.5412846,-0.0639975
-1.5410846,-0.0639975
-1.5408846,-0.0319988
-1.5406846,-0.0959963
-1.5404846,-0.0639975
-1.5402846,-0.0639975
-1.5400846,-0.0639975
-1.5398846,-0.0319988
-1.5396846,-0.0639975
-1.5394846,-0.0959963
-1.5392846,-0.0959963
-1.5390846,-0.0639975
-1.5388846,-0.0959963
-1.5386846,-0.0319988
-1.5384846,-0.0639975
-1.5382846,-0.127995
-1.5380846,-0.0959963
-1.5378846,-0.0639975
-1.5376846,-0.0959963
-1.5374846,-0.0639975
-1.5372846,-0.0639975
-1.5370846,-0.0959963
-1.5368846,-0.0639975
-1.5366846,-0.0639975
-1.5364846,-0.0959963
-1.5362846,-0.0319988
-1.5360846,-0.0319988
-1.5358846,-0.0959963
-1.5356846,-0.0319988
-1.5354846,-0.0319988
-1.5352846,-0.0959963
-1.5350846,-0.0319988
-1.5348846,-0.0319988
-1.5346846,-0.0959963
-1.5344846,-0.0319988
-1.5342846,-0.0639975
-1.5340846,-0.0959963
-1.5338846,-0.0639975
-1.5336846,-0.0639975
-1.5334846,-0.0959963
-1.5332846,-0.0959963
-1.5330846,-0.0959963
-1.5328846,-0.0959963
-1.5326846,0
-1.5324846,-0.0639975
-1.5322846,-0.0959963
-1.5320846,-0.0319988
-1.5318846,-0.0319988
-1.5316846,-0.0959963
-1.5314846,-0.0319988
-1.5312846,-0.0319988
-1.5310846,-0.0639975
-1.5308846,-0.0319988
-1.5306846,-0.0319988
-1.5304846,-0.0639975
-1.5302846,-0.0959963
-1.5300846,-0.0639975
-1.5298846,-0.0959963
-1.5296846,-0.0319988
-1.5294846,-0.0639975
-1.5292846,-0.0959963
-1.5290846,-0.0959963
-1.5288846,-0.0319988
-1.5286846,-0.0639975
-1.5284846,-0.0639975
-1.5282846,-0.0639975
-1.5280846,-0.0639975
-1.5278846,-0.0959963
-1.5276846,-0.0639975
-1.5274846,-0.0959963
-1.5272846,-0.0639975
-1.5270846,-0.0959963
-1.5268846,-0.0959963
-1.5266846,-0.127995
-1.5264846,-0.0639975
-1.5262846,-0.0959963
-1.5260846,-0.0639975
-1.5258846,-0.0959963
-1.5256846,-0.0959963
-1.5254846,-0.127995
-1.5252846,-0.0639975
-1.5250846,-0.127995
-1.5248846,-0.127995
-1.5246846,-0.0959963
-1.5244846,-0.127995
-1.5242846,-0.0639975
-1.5240846,-0.0959963
-1.5238846,-0.0959963
-1.5236846,-0.0959963
-1.5234846,-0.127995
-1.5232846,-0.127995
-1.5230846,-0.0639975
-1.5228846,-0.0959963
-1.5226846,-0.0959963
-1.5224846,-0.0639975
-1.5222846,-0.0959963
-1.5220846,-0.0959963
-1.5218846,-0.0959963
-1.5216846,-0.0959963
-1.5214846,-0.159994
-1.5212846,-0.0959963
-1.5210846,-0.0959963
-1.5208846,-0.127995
-1.5206846,-0.0959963
-1.5204846,-0.0959963
-1.5202846,-0.159994
-1.5200846,-0.127995
-1.5198846,-0.0959963
-1.5196846,-0.0959963
-1.5194846,-0.0959963
-1.5192846,-0.127995
-1.5190846,-0.127995
-1.5188846,-0.0639975
-1.5186846,-0.0959963
-1.5184846,-0.127995
-1.5182846,-0.0639975
-1.5180846,-0.0959963
-1.5178846,-0.127995
-1.5176846,-0.127995
-1.5174846,-0.0959963
-1.5172846,-0.127995
-1.5170846,-0.127995
-1.5168846,-0.0639975
-1.5166846,-0.127995
-1.5164846,-0.127995
-1.5162846,-0.127995
-1.5160846,-0.127995
-1.5158846,-0.0639975
-1.5156846,-0.0959963
-1.5154846,-0.127995
-1.5152846,-0.0959963
-1.5150846,-0.0959963
-1.5148846,-0.0959963
-1.5146846,-0.127995
-1.5144846,-0.0639975
-1.5142846,-0.127995
-1.5140846,-0.0959963
-1.5138846,-0.127995
-1.5136846,-0.0959963
-1.5134846,-0.0959963
-1.5132846,-0.0959963
-1.5130846,-0.159994
-1.5128846,-0.0639975
-1.5126846,-0.0959963
-1.5124846,-0.0959963
-1.5122846,-0.0959963
-1.5120846,-0.127995
-1.5118846,-0.0959963
-1.5116846,-0.127995
-1.5114846,-0.0639975
-1.5112846,-0.127995
-1.5110846,-0.0639975
-1.5108846,-0.0959963
-1.5106846,-0.127995
-1.5104846,-0.0959963
-1.5102846,-0.0959963
-1.5100846,-0.0959963
-1.5098846,-0.0959963
-1.5096846,-0.0639975
-1.5094846,-0.0959963
-1.5092846,-0.0959963
-1.5090846,-0.0959963
-1.5088846,-0.0959963
-1.5086846,-0.0639975
-1.5084846,-0.0959963
-1.5082846,-0.0959963
-1.5080846,-0.0959963
-1.5078846,-0.0959963
-1.5076846,-0.0959963
-1.5074846,-0.0959963
-1.5072846,-0.0639975
-1.5070846,-0.127995
-1.5068846,-0.0959963
-1.5066846,-0.127995
-1.5064846,-0.127995
-1.5062846,-0.0959963
-1.5060846,-0.0639975
-1.5058846,-0.127995
-1.5056846,-0.0959963
-1.5054846,-0.0639975
-1.5052846,-0.127995
-1.5050846,-0.0639975
-1.5048846,-0.0959963
-1.5046846,-0.127995
-1.5044846,-0.0959963
-1.5042846,-0.0639975
-1.5040846,-0.127995
-1.5038846,-0.0959963
-1.5036846,-0.127995
-1.5034846,-0.0959963
-1.5032846,-0.0959963
-1.5030846,-0.0959963
-1.5028846,-0.127995
-1.5026846,-0.0959963
-1.5024846,-0.0639975
-1.5022846,-0.159994
-1.5020846,-0.0959963
-1.5018846,-0.0959963
-1.5016846,-0.127995
-1.5014846,-0.127995
-1.5012846,-0.0959963
-1.5010846,-0.127995
-1.5008846,-0.127995
-1.5006846,-0.127995
-1.5004846,-0.159994
-1.5002846,-0.127995
-1.5000846,-0.127995
-1.4998846,-0.0959963
-1.4996846,-0.159994
-1.4994846,-0.127995
-1.4992846,-0.127995
-1.4990846,-0.127995
-1.4988846,-0.159994
-1.4986846,-0.223991
-1.4984846,-0.159994
-1.4982846,-0.127995
-1.4980846,-0.127995
-1.4978846,-0.127995
-1.4976846,-0.159994
-1.4974846,-0.159994
-1.4972846,-0.159994
-1.4970846,-0.159994
-1.4968846,-0.223991
-1.4966846,-0.159994
-1.4964846,-0.127995
-1.4962846,-0.191993
-1.4960846,-0.159994
-1.4958846,-0.127995
-1.4956846,-0.159994
-1.4954846,-0.159994
-1.4952846,-0.159994
-1.4950846,-0.191993
-1.4948846,-0.223991
-1.4946846,-0.159994
-1.4944846,-0.191993
-1.4942846,-0.127995
-1.4940846,-0.159994
-1.4938846,-0.191993
-1.4936846,-0.191993
-1.4934846,-0.191993
-1.4932846,-0.191993
-1.4930846,-0.223991
-1.4928846,-0.159994
-1.4926846,-0.223991
-1.4924846,-0.191993
-1.4922846,-0.191993
-1.4920846,-0.191993
-1.4918846,-0.223991
-1.4916846,-0.223991
-1.4914846,-0.25599
-1.4912846,-0.223991
-1.4910846,-0.223991
-1.4908846,-0.223991
-1.4906846,-0.25599
-1.4904846,-0.191993
-1.4902846,-0.287989
-1.4900846,-0.223991
-1.4898846,-0.223991
-1.4896846,-0.25599
-1.4894846,-0.223991
-1.4892846,-0.223991
-1.4890846,-0.223991
-1.4888846,-0.223991
-1.4886846,-0.223991
-1.4884846,-0.25599
-1.4882846,-0.25599
-1.4880846,-0.25599
-1.4878846,-0.25599
-1.4876846,-0.25599
-1.4874846,-0.223991
-1.4872846,-0.25599
-1.4870846,-0.223991
-1.4868846,-0.223991
-1.4866846,-0.25599
-1.4864846,-0.25599
-1.4862846,-0.25599
-1.4860846,-0.25599
-1.4858846,-0.287989
-1.4856846,-0.25599
-1.4854846,-0.287989
-1.4852846,-0.287989
-1.4850846,-0.287989
-1.4848846,-0.25599
-1.4846846,-0.25599
-1.4844846,-0.287989
-1.4842846,-0.223991
-1.4840846,-0.25599
-1.4838846,-0.25599
-1.4836846,-0.25599
-1.4834846,-0.287989
-1.4832846,-0.319988
-1.4830846,-0.25599
-1.4828846,-0.25599
-1.4826846,-0.25599
-1.4824846,-0.25599
-1.4822846,-0.25599
-1.4820846,-0.223991
-1.4818846,-0.25599
-1.4816846,-0.25599
-1.4814846,-0.223991
-1.4812846,-0.25599
-1.4810846,-0.287989
-1.4808846,-0.25599
-1.4806846,-0.287989
-1.4804846,-0.287989
-1.4802846,-0.223991
-1.4800846,-0.287989
-1.4798846,-0.287989
-1.4796846,-0.25599
-1.4794846,-0.319988
-1.4792846,-0.25599
-1.4790846,-0.287989
-1.4788846,-0.25599
-1.4786846,-0.287989
-1.4784846,-0.287989
-1.4782846,-0.287989
-1.4780846,-0.25599
-1.4778846,-0.287989
-1.4776846,-0.25599
-1.4774846,-0.287989
-1.4772846,-0.223991
-1.4770846,-0.287989
-1.4768846,-0.287989
-1.4766846,-0.287989
-1.4764846,-0.319988
-1.4762846,-0.383985
-1.4760846,-0.351986
-1.4758846,-0.287989
-1.4756846,-0.287989
-1.4754846,-0.319988
-1.4752846,-0.25599
-1.4750846,-0.287989
-1.4748846,-0.319988
-1.4746846,-0.25599
-1.4744846,-0.319988
-1.4742846,-0.287989
-1.4740846,-0.319988
-1.4738846,-0.287989
-1.4736846,-0.287989
-1.4734846,-0.287989
-1.4732846,-0.287989
-1.4730846,-0.287989
-1.4728846,-0.287989
-1.4726846,-0.319988
-1.4724846,-0.25599
-1.4722846,-0.319988
-1.4720846,-0.319988
-1.4718846,-0.287989
-1.4716846,-0.287989
-1.4714846,-0.319988
-1.4712846,-0.319988
-1.4710846,-0.287989
-1.4708846,-0.287989
-1.4706846,-0.25599
-1.4704846,-0.287989
-1.4702846,-0.287989
-1.4700846,-0.287989
-1.4698846,-0.25599
-1.4696846,-0.223991
-1.4694846,-0.319988
-1.4692846,-0.287989
-1.4690846,-0.287989
-1.4688846,-0.25599
-1.4686846,-0.287989
-1.4684846,-0.287989
-1.4682846,-0.287989
-1.4680846,-0.25599
-1.4678846,-0.25599
-1.4676846,-0.25599
-1.4674846,-0.287989
-1.4672846,-0.287989
-1.4670846,-0.25599
-1.4668846,-0.319988
-1.4666846,-0.319988
-1.4664846,-0.25599
-1.4662846,-0.287989
-1.4660846,-0.319988
-1.4658846,-0.287989
-1.4656846,-0.287989
-1.4654846,-0.319988
-1.4652846,-0.319988
-1.4650846,-0.287989
-1.4648846,-0.25599
-1.4646846,-0.287989
-1.4644846,-0.287989
-1.4642846,-0.319988
-1.4640846,-0.25599
-1.4638846,-0.287989
-1.4636846,-0.25599
-1.4634846,-0.287989
-1.4632846,-0.25599
-1.4630846,-0.287989
-1.4628846,-0.25599
-1.4626846,-0.287989
-1.4624846,-0.287989
-1.4622846,-0.25599
-1.4620846,-0.287989
-1.4618846,-0.287989
-1.4616846,-0.25599
-1.4614846,-0.287989
-1.4612846,-0.287989
-1.4610846,-0.287989
-1.4608846,-0.25599
-1.4606846,-0.287989
-1.4604846,-0.287989
-1.4602846,-0.287989
-1.4600846,-0.319988
-1.4598846,-0.287989
-1.4596846,-0.223991
-1.4594846,-0.319988
-1.4592846,-0.287989
-1.4590846,-0.25599
-1.4588846,-0.223991
-1.4586846,-0.223991
-1.4584846,-0.287989
-1.4582846,-0.25599
-1.4580846,-0.223991
-1.4578846,-0.25599
-1.4576846,-0.223991
-1.4574846,-0.191993
-1.4572846,-0.25599
-1.4570846,-0.25599
-1.4568846,-0.223991
-1.4566846,-0.25599
-1.4564846,-0.25599
-1.4562846,-0.223991
-1.4560846,-0.25599
-1.4558846,-0.25599
-1.4556846,-0.191993
-1.4554846,-0.223991
-1.4552846,-0.223991
-1.4550846,-0.25599
-1.4548846,-0.25599
-1.4546846,-0.25599
-1.4544846,-0.191993
-1.4542846,-0.25599
-1.4540846,-0.223991
-1.4538846,-0.25599
-1.4536846,-0.223991
-1.4534846,-0.223991
-1.4532846,-0.223991
-1.4530846,-0.287989
-1.4528846,-0.25599
-1.4526846,-0.25599
-1.4524846,-0.25599
-1.4522846,-0.223991
-1.4520846,-0.223991
-1.4518846,-0.223991
-1.4516846,-0.223991
-1.4514846,-0.223991
-1.4512846,-0.191993
-1.4510846,-0.223991
-1.4508846,-0.223991
-1.4506846,-0.25599
-1.4504846,-0.223991
-1.4502846,-0.159994
-1.4500846,-0.223991
-1.4498846,-0.25599
-1.4496846,-0.223991
-1.4494846,-0.191993
-1.4492846,-0.223991
-1.4490846,-0.223991
-1.4488846,-0.223991
-1.4486846,-0.223991
-1.4484846,-0.25599
-1.4482846,-0.25599
-1.4480846,-0.191993
-1.4478846,-0.223991
-1.4476846,-0.25599
-1.4474846,-0.223991
-1.4472846,-0.25599
-1.4470846,-0.191993
-1.4468846,-0.191993
-1.4466846,-0.223991
-1.4464846,-0.223991
-1.4462846,-0.191993
-1.4460846,-0.191993
-1.4458846,-0.223991
-1.4456846,-0.191993
-1.4454846,-0.191993
-1.4452846,-0.191993
-1.4450846,-0.191993
-1.4448846,-0.159994
-1.4446846,-0.223991
-1.4444846,-0.223991
-1.4442846,-0.159994
-1.4440846,-0.191993
-1.4438846,-0.191993
-1.4436846,-0.223991
-1.4434846,-0.159994
-1.4432846,-0.159994
-1.4430846,-0.159994
-1.4428846,-0.223991
-1.4426846,-0.159994
-1.4424846,-0.191993
-1.4422846,-0.191993
-1.4420846,-0.127995
-1.4418846,-0.159994
-1.4416846,-0.191993
-1.4414846,-0.191993
-1.4412846,-0.159994
-1.4410846,-0.191993
-1.4408846,-0.159994
-1.4406846,-0.159994
-1.4404846,-0.191993
-1.4402846,-0.159994
-1.4400846,-0.159994
-1.4398846,-0.159994
-1.4396846,-0.159994
-1.4394846,-0.159994
-1.4392846,-0.159994
-1.4390846,-0.159994
-1.4388846,-0.159994
-1.4386846,-0.159994
-1.4384846,-0.159994
-1.4382846,-0.159994
-1.4380846,-0.159994
-1.4378846,-0.127995
-1.4376846,-0.0959963
-1.4374846,-0.191993
-1.4372846,-0.127995
-1.4370846,-0.159994
-1.4368846,-0.159994
-1.4366846,-0.159994
-1.4364846,-0.159994
-1.4362846,-0.127995
-1.4360846,-0.191993
-1.4358846,-0.159994
-1.4356846,-0.159994
-1.4354846,-0.127995
-1.4352846,-0.159994
-1.4350846,-0.0959963
-1.4348846,-0.159994
-1.4346846,-0.0639975
-1.4344846,-0.127995
-1.4342846,-0.127995
-1.4340846,-0.0959963
-1.4338846,-0.127995
-1.4336846,-0.127995
-1.4334846,-0.0639975
-1.4332846,-0.127995
-1.4330846,-0.127995
-1.4328846,-0.0959963
-1.4326846,-0.159994
-1.4324846,-0.159994
-1.4322846,-0.0639975
-1.4320846,-0.159994
-1.4318846,-0.0639975
-1.4316846,-0.127995
-1.4314846,-0.127995
-1.4312846,-0.0639975
-1.4310846,-0.0959963
-1.4308846,-0.0959963
-1.4306846,-0.0959963
-1.4304846,-0.0959963
-1.4302846,-0.0959963
-1.4300846,-0.127995
-1.4298846,-0.0959963
-1.4296846,-0.127995
-1.4294846,-0.127995
-1.4292846,-0.127995
-1.4290846,-0.0959963
-1.4288846,-0.0959963
-1.4286846,-0.127995
-1.4284846,-0.127995
-1.4282846,-0.127995
-1.4280846,-0.0959963
-1.4278846,-0.159994
-1.4276846,-0.127995
-1.4274846,-0.127995
-1.4272846,-0.127995
-1.4270846,-0.0959963
-1.4268846,-0.0959963
-1.4266846,-0.159994
-1.4264846,-0.0639975
-1.4262846,-0.0639975
-1.4260846,-0.127995
-1.4258846,-0.0959963
-1.4256846,-0.127995
-1.4254846,-0.159994
-1.4252846,-0.0639975
-1.4250846,-0.0959963
-1.4248846,-0.127995
-1.4246846,-0.127995
-1.4244846,-0.0959963
-1.4242846,-0.159994
-1.4240846,-0.0959963
-1.4238846,-0.0959963
-1.4236846,-0.127995
-1.4234846,-0.127995
-1.4232846,-0.127995
-1.4230846,-0.127995
-1.4228846,-0.0959963
-1.4226846,-0.0959963
-1.4224846,-0.127995
-1.4222846,-0.127995
-1.4220846,-0.0959963
-1.4218846,-0.0959963
-1.4216846,-0.127995
-1.4214846,-0.127995
-1.4212846,-0.127995
-1.4210846,-0.0959963
-1.4208846,-0.0319988
-1.4206846,-0.0959963
-1.4204846,-0.0959963
-1.4202846,-0.127995
-1.4200846,-0.0959963
-1.4198846,-0.0639975
-1.4196846,-0.127995
-1.4194846,-0.127995
-1.4192846,-0.0959963
-1.4190846,-0.0959963
-1.4188846,-0.0959963
-1.4186846,-0.0959963
-1.4184846,-0.0959963
-1.4182846,-0.0959963
-1.4180846,-0.127995
-1.4178846,-0.0639975
-1.4176846,-0.127995
-1.4174846,-0.0959963
-1.4172846,-0.0639975
-1.4170846,-0.127995
-1.4168846,-0.127995
-1.4166846,-0.0959963
-1.4164846,-0.159994
-1.4162846,-0.127995
-1.4160846,-0.0959963
-1.4158846,-0.0959963
-1.4156846,-0.127995
-1.4154846,-0.0959963
-1.4152846,-0.159994
-1.4150846,-0.127995
-1.4148846,-0.127995
-1.4146846,-0.159994
-1.4144846,-0.0959963
-1.4142846,-0.0959963
-1.4140846,-0.127995
-1.4138846,-0.127995
-1.4136846,-0.127995
-1.4134846,-0.0959963
-1.4132846,-0.127995
-1.4130846,-0.127995
-1.4128846,-0.127995
-1.4126846,-0.159994
-1.4124846,-0.0959963
-1.4122846,-0.127995
-1.4120846,-0.159994
-1.4118846,-0.159994
-1.4116846,-0.159994
-1.4114846,-0.127995
-1.4112846,-0.127995
-1.4110846,-0.127995
-1.4108846,-0.127995
-1.4106846,-0.127995
-1.4104846,-0.159994
-1.4102846,-0.159994
-1.4100846,-0.127995
-1.4098846,-0.127995
-1.4096846,-0.0959963
-1.4094846,-0.127995
-1.4092846,-0.159994
-1.4090846,-0.159994
-1.4088846,-0.0639975
-1.4086846,-0.159994
-1.4084846,-0.159994
-1.4082846,-0.0959963
-1.4080846,-0.159994
-1.4078846,-0.159994
-1.4076846,-0.0959963
-1.4074846,-0.127995
-1.4072846,-0.127995
-1.4070846,-0.127995
-1.4068846,-0.0959963
-1.4066846,-0.0959963
-1.4064846,-0.127995
-1.4062846,-0.0959963
-1.4060846,-0.127995
-1.4058846,-0.127995
-1.4056846,-0.159994
-1.4054846,-0.127995
-1.4052846,-0.159994
-1.4050846,-0.127995
-1.4048846,-0.127995
-1.4046846,-0.127995
-1.4044846,-0.159994
-1.4042846,-0.159994
-1.4040846,-0.0959963
-1.4038846,-0.127995
-1.4036846,-0.127995
-1.4034846,-0.159994
-1.4032846,-0.127995
-1.4030846,-0.159994
-1.4028846,-0.127995
-1.4026846,-0.191993
-1.4024846,-0.127995
-1.4022846,-0.127995
-1.4020846,-0.159994
-1.4018846,-0.127995
-1.4016846,-0.127995
-1.4014846,-0.127995
-1.4012846,-0.159994
-1.4010846,-0.159994
-1.4008846,-0.0959963
-1.4006846,-0.0959963
-1.4004846,-0.0639975
-1.4002846,-0.127995
-1.4000846,-0.159994
-1.3998846,-0.0959963
-1.3996846,-0.127995
-1.3994846,-0.127995
-1.3992846,-0.0959963
-1.3990846,-0.127995
-1.3988846,-0.0639975
-1.3986846,-0.0959963
-1.3984846,-0.159994
-1.3982846,-0.0639975
-1.3980846,-0.0959963
-1.3978846,-0.0959963
-1.3976846,-0.127995
-1.3974846,-0.0639975
-1.3972846,-0.127995
-1.3970846,-0.0639975
-1.3968846,-0.0959963
-1.3966846,-0.0959963
-1.3964846,-0.0639975
-1.3962846,-0.0639975
-1.3960846,-0.0639975
-1.3958846,-0.0959963
-1.3956846,-0.0639975
-1.3954846,-0.0959963
-1.3952846,-0.0639975
-1.3950846,-0.0319988
-1.3948846,-0.0639975
-1.3946846,-0.0319988
-1.3944846,-0.0639975
-1.3942846,-0.0639975
-1.3940846,-0.0319988
-1.3938846,-0.0639975
-1.3936846,-0.0959963
-1.3934846,-0.0639975
-1.3932846,-0.0639975
-1.3930846,-0.0639975
-1.3928846,-0.0639975
-1.3926846,-0.0639975
-1.3924846,-0.0639975
-1.3922846,-0.0319988
-1.3920846,0
-1.3918846,-0.0959963
-1.3916846,-0.0319988
-1.3914846,0
-1.3912846,-0.0959963
-1.3910846,-0.0319988
-1.3908846,-0.0639975
-1.3906846,-0.0319988
-1.3904846,0
-1.3902846,-0.0319988
-1.3900846,-0.0639975
-1.3898846,-0.0319988
-1.3896846,-0.0319988
-1.3894846,-0.0639975
-1.3892846,0
-1.3890846,0
-1.3888846,-0.0639975
-1.3886846,-0.0319988
-1.3884846,0.0319988
-1.3882846,-0.0319988
-1.3880846,-0.0639975
-1.3878846,0
-1.3876846,-0.0319988
-1.3874846,-0.0319988
-1.3872846,-0.0319988
-1.3870846,-0.0639975
-1.3868846,-0.0319988
-1.3866846,0
-1.3864846,-0.0319988
-1.3862846,0
-1.3860846,0
-1.3858846,-0.0319988
-1.3856846,0
-1.3854846,0
-1.3852846,0
-1.3850846,0
-1.3848846,0.0319988
-1.3846846,0.0319988
-1.3844846,0.0319988
-1.3842846,0
-1.3840846,0.0319988
-1.3838846,0
-1.3836846,0.0639975
-1.3834846,0.0319988
-1.3832846,0
-1.3830846,0.0639975
-1.3828846,0
-1.3826846,0.0319988
-1.3824846,0.0319988
-1.3822846,0
-1.3820846,0.0319988
-1.3818846,0.0639975
-1.3816846,0.0319988
-1.3814846,0.0319988
-1.3812846,0.0639975
-1.3810846,0
-1.3808846,0.0319988
-1.3806846,0.0319988
-1.3804846,0.0319988
-1.3802846,0.0319988
-1.3800846,0.0639975
-1.3798846,0
-1.3796846,0.0319988
-1.3794846,0.0319988
-1.3792846,0
-1.3790846,0
-1.3788846,0.0639975
-1.3786846,0.0639975
-1.3784846,0.0639975
-1.3782846,0.0639975
-1.3780846,0.0319988
-1.3778846,0.0319988
-1.3776846,0.0319988
-1.3774846,0.0319988
-1.3772846,0.0319988
-1.3770846,0.0319988
-1.3768846,0
-1.3766846,0.0639975
-1.3764846,0.0319988
-1.3762846,0.0319988
-1.3760846,0.0639975
-1.3758846,0.0639975
-1.3756846,0.0319988
-1.3754846,0.0319988
-1.3752846,0.0319988
-1.3750846,-0.0319988
-1.3748846,0.0319988
-1.3746846,0.0639975
-1.3744846,0.0319988
-1.3742846,0
-1.3740846,0.0319988
-1.3738846,0
-1.3736846,0
-1.3734846,0.0319988
-1.3732846,0
-1.3730846,0.0319988
-1.3728846,0.0319988
-1.3726846,-0.0319988
-1.3724846,0.0319988
-1.3722846,0.0639975
-1.3720846,0.0319988
-1.3718846,0
-1.3716846,0
-1.3714846,0.0319988
-1.3712846,0.0319988
-1.3710846,0.0319988
-1.3708846,0.0319988
-1.3706846,0.0639975
-1.3704846,0.0319988
-1.3702846,0.0319988
-1.3700846,0
-1.3698846,0.0639975
-1.3696846,0
-1.3694846,0.0319988
-1.3692846,0.0319988
-1.3690846,-0.0319988
-1.3688846,0.0319988
-1.3686846,0.0639975
-1.3684846,0.0319988
-1.3682846,0.0319988
-1.3680846,0.0319988
-1.3678846,0.0319988
-1.3676846,0.0319988
-1.3674846,0.0319988
-1.3672846,0
-1.3670846,-0.0319988
-1.3668846,0.0319988
-1.3666846,-0.0319988
-1.3664846,0.0319988
-1.3662846,0.0319988
-1.3660846,-0.0319988
-1.3658846,0.0639975
-1.3656846,0
-1.3654846,0
-1.3652846,0
-1.3650846,0.0319988
-1.3648846,0
-1.3646846,0.0319988
-1.3644846,0
-1.3642846,0
-1.3640846,0.0319988
-1.3638846,0.0319988
-1.3636846,0
-1.3634846,0.0319988
-1.3632846,0.0319988
-1.3630846,0.0319988
-1.3628846,0.0319988
-1.3626846,0.0319988
-1.3624846,0.0319988
-1.3622846,0.0319988
-1.3620846,0.0639975
-1.3618846,0
-1.3616846,0.0319988
-1.3614846,0.0639975
-1.3612846,0
-1.3610846,0.0639975
-1.3608846,0.0639975
-1.3606846,0.0319988
-1.3604846,0.0639975
-1.3602846,0.0639975
-1.3600846,0.0639975
-1.3598846,0.0959963
-1.3596846,0.0639975
-1.3594846,0.0319988
-1.3592846,0.0959963
-1.3590846,0.0959963
-1.3588846,0.0639975
-1.3586846,0.0639975
-1.3584846,0.0639975
-1.3582846,0.0319988
-1.3580846,0.0319988
-1.3578846,0.0959963
-1.3576846,0.0959963
-1.3574846,0.0319988
-1.3572846,0.0959963
-1.3570846,0.0639975
-1.3568846,0.0639975
-1.3566846,0.0639975
-1.3564846,0.0319988
-1.3562846,0.0639975
-1.3560846,0.0639975
-1.3558846,0.0639975
-1.3556846,0.0319988
-1.3554846,0.0959963
-1.3552846,0.0319988
-1.3550846,0.0639975
-1.3548846,0.0639975
-1.3546846,0.0639975
-1.3544846,0.0639975
-1.3542846,0.0959963
-1.3540846,0.0319988
-1.3538846,0.0959963
-1.3536846,0.0639975
-1.3534846,0.0319988
-1.3532846,0.0319988
-1.3530846,0.0639975
-1.3528846,0.0639975
-1.3526846,0.0959963
-1.3524846,0.0639975
-1.3522846,0.0639975
-1.3520846,0.0639975
-1.3518846,0.0639975
-1.3516846,0.0319988
-1.3514846,0.0639975
-1.3512846,0.0959963
-1.3510846,0.0319988
-1.3508846,0.127995
-1.3506846,0.0639975
-1.3504846,0.127995
-1.3502846,0.0639975
-1.3500846,0.0959963
-1.3498846,0.0639975
-1.3496846,0.127995
-1.3494846,0.0639975
-1.3492846,0.0319988
-1.3490846,0.0959963
-1.3488846,0.0959963
-1.3486846,0.0639975
-1.3484846,0.0639975
-1.3482846,0.0959963
-1.3480846,0.0639975
-1.3478846,0.127995
-1.3476846,0.127995
-1.3474846,0.0639975
-1.3472846,0.0959963
-1.3470846,0.0639975
-1.3468846,0.0639975
-1.3466846,0.0959963
-1.3464846,0.0959963
-1.3462846,0.0959963
-1.3460846,0.0959963
-1.3458846,0.0959963
-1.3456846,0.0959963
-1.3454846,0.127995
-1.3452846,0.127995
-1.3450846,0.0959963
-1.3448846,0.127995
-1.3446846,0.0959963
-1.3444846,0.0959963
-1.3442846,0.0959963
-1.3440846,0.0959963
-1.3438846,0.0639975
-1.3436846,0.0959963
-1.3434846,0.0639975
-1.3432846,0.0639975
-1.3430846,0.0639975
-1.3428846,0.0959963
-1.3426846,0.0639975
-1.3424846,0.0639975
-1.3422846,0.0959963
-1.3420846,0.0639975
-1.3418846,0.0639975
-1.3416846,0.0639975
-1.3414846,0.0319988
-1.3412846,0.0639975
-1.3410846,0.0959963
-1.3408846,0.0959963
-1.3406846,0.0959963
-1.3404846,0.0639975
-1.3402846,0.0319988
-1.3400846,0.0959963
-1.3398846,0.0639975
-1.3396846,0
-1.3394846,0.0639975
-1.3392846,0.0319988
-1.3390846,0.0639975
-1.3388846,0.0639975
-1.3386846,0.0639975
-1.3384846,0.0959963
-1.3382846,0.0639975
-1.3380846,0.0639975
-1.3378846,0.0319988
-1.3376846,0.0639975
-1.3374846,0.0639975
-1.3372846,0.0639975
-1.3370846,0.0639975
-1.3368846,0.0639975
-1.3366846,0.0639975
-1.3364846,0.0319988
-1.3362846,0.0959963
-1.3360846,0.0639975
-1.3358846,0.0639975
-1.3356846,0.0639975
-1.3354846,0.0639975
-1.3352846,0.0639975
-1.3350846,0.0319988
-1.3348846,0.0319988
-1.3346846,0.0639975
-1.3344846,0.0639975
-1.3342846,0.0639975
-1.3340846,0.0639975
-1.3338846,0.0639975
-1.3336846,0.0639975
-1.3334846,0.0639975
-1.3332846,0.0639975
-1.3330846,0.0319988
-1.3328846,0.0319988
-1.3326846,0.0319988
-1.3324846,0
-1.3322846,0.0639975
-1.3320846,0.0639975
-1.3318846,0.0319988
-1.3316846,0.0319988
-1.3314846,0.0639975
-1.3312846,0.0639975
-1.3310846,0.0319988
-1.3308846,0.0639975
-1.3306846,0.0319988
-1.3304846,0.0319988
-1.3302846,0.0639975
-1.3300846,0
-1.3298846,0.0319988
-1.3296846,0.0319988
-1.3294846,0.0319988
-1.3292846,0.0319988
-1.3290846,0.0319988
-1.3288846,0
-1.3286846,0.0639975
-1.3284846,0.0639975
-1.3282846,0.0319988
-1.3280846,0.0319988
-1.3278846,0.0319988
-1.3276846,0.0639975
-1.3274846,0.0319988
-1.3272846,0.0319988
-1.3270846,0
-1.3268846,0.0319988
-1.3266846,0.0319988
-1.3264846,0.0319988
-1.3262846,-0.0639975
-1.3260846,0.0639975
-1.3258846,-0.0319988
-1.3256846,0.0319988
-1.3254846,0
-1.3252846,0
-1.3250846,0.0319988
-1.3248846,0
-1.3246846,0
-1.3244846,-0.0319988
-1.3242846,0.0319988
-1.3240846,0.0319988
-1.3238846,0.0319988
-1.3236846,0.0639975
-1.3234846,0
-1.3232846,0.0319988
-1.3230846,0.0319988
-1.3228846,-0.0319988
-1.3226846,0.0319988
-1.3224846,0
-1.3222846,0
-1.3220846,0
-1.3218846,0.0319988
-1.3216846,-0.0319988
-1.3214846,0
-1.3212846,0.0319988
-1.3210846,-0.0319988
-1.3208846,0
-1.3206846,0.0639975
-1.3204846,-0.0319988
-1.3202846,0
-1.3200846,0.0639975
-1.3198846,0.0319988
-1.3196846,0
-1.3194846,0
-1.3192846,0
-1.3190846,0
-1.3188846,0.0319988
-1.3186846,-0.0319988
-1.3184846,0
-1.3182846,0
-1.3180846,0.0319988
-1.3178846,0.0319988
-1.3176846,0.0319988
-1.3174846,0
-1.3172846,0
-1.3170846,0.0319988
-1.3168846,0
-1.3166846,-0.0319988
-1.3164846,0.0319988
-1.3162846,-0.0639975
-1.3160846,-0.0319988
-1.3158846,0.0319988
-1.3156846,-0.0319988
-1.3154846,0
-1.3152846,-0.0319988
-1.3150846,-0.0319988
-1.3148846,0.0319988
-1.3146846,-0.0319988
-1.3144846,-0.0639975
-1.3142846,-0.0319988
-1.3140846,-0.0319988
-1.3138846,-0.0639975
-1.3136846,0.0319988
-1.3134846,-0.0639975
-1.3132846,0
-1.3130846,0
-1.3128846,-0.0319988
-1.3126846,-0.0319988
-1.3124846,0
-1.3122846,-0.0319988
-1.3120846,0.0319988
-1.3118846,0
-1.3116846,0.0639975
-1.3114846,0
-1.3112846,0
-1.3110846,0
-1.3108846,-0.0319988
-1.3106846,-0.0319988
-1.3104846,0
-1.3102846,-0.0319988
-1.3100846,0
-1.3098846,0
-1.3096846,0.0319988
-1.3094846,-0.0319988
-1.3092846,0
-1.3090846,-0.0319988
-1.3088846,0
-1.3086846,0
-1.3084846,-0.0639975
-1.3082846,0
-1.3080846,-0.0319988
-1.3078846,0.0319988
-1.3076846,-0.0319988
-1.3074846,0
-1.3072846,0
-1.3070846,0
-1.3068846,0
-1.3066846,-0.0319988
-1.3064846,0
-1.3062846,-0.0319988
-1.3060846,0
-1.3058846,0
-1.3056846,0
-1.3054846,-0.0319988
-1.3052846,-0.0639975
-1.3050846,0.0319988
-1.3048846,-0.0639975
-1.3046846,0
-1.3044846,0
-1.3042846,-0.0319988
-1.3040846,0
-1.3038846,0
-1.3036846,-0.0319988
-1.3034846,-0.0319988
-1.3032846,-0.0319988
-1.3030846,-0.0319988
-1.3028846,0
-1.3026846,0
-1.3024846,0
-1.3022846,-0.0319988
-1.3020846,-0.0319988
-1.3018846,-0.0639975
-1.3016846,-0.0639975
-1.3014846,0
-1.3012846,-0.0639975
-1.3010846,-0.0319988
-1.3008846,-0.0319988
-1.3006846,-0.0639975
-1.3004846,-0.0319988
-1.3002846,-0.0319988
-1.3000846,-0.0319988
-1.2998846,-0.0639975
-1.2996846,-0.0319988
-1.2994846,-0.0319988
-1.2992846,0
-1.2990846,0.0319988
-1.2988846,-0.0319988
-1.2986846,0
-1.2984846,0
-1.2982846,-0.0319988
-1.2980846,-0.0639975
-1.2978846,-0.0639975
-1.2976846,-0.0319988
-1.2974846,0
-1.2972846,0
-1.2970846,-0.0959963
-1.2968846,0
-1.2966846,0
-1.2964846,0
-1.2962846,0
-1.2960846,0
-1.2958846,-0.0319988
-1.2956846,-0.0319988
-1.2954846,0
-1.2952846,-0.0319988
-1.2950846,0
-1.2948846,-0.0319988
-1.2946846,-0.0319988
-1.2944846,0
-1.2942846,0.0319988
-1.2940846,-0.0639975
-1.2938846,0
-1.2936846,0
-1.2934846,-0.0639975
-1.2932846,-0.0639975
-1.2930846,0
-1.2928846,-0.0319988
-1.2926846,0
-1.2924846,0
-1.2922846,0
-1.2920846,-0.0319988
-1.2918846,-0.0319988
-1.2916846,-0.0639975
-1.2914846,-0.0319988
-1.2912846,0.0639975
-1.2910846,-0.0319988
-1.2908846,0
-1.2906846,-0.0319988
-1.2904846,-0.0319988
-1.2902846,0
-1.2900846,-0.0319988
-1.2898846,-0.0319988
-1.2896846,-0.0319988
-1.2894846,-0.0639975
-1.2892846,-0.0639975
-1.2890846,-0.0319988
-1.2888846,-0.0319988
-1.2886846,-0.0959963
-1.2884846,-0.0639975
-1.2882846,-0.0319988
-1.2880846,-0.0319988
-1.2878846,-0.0319988
-1.2876846,-0.0639975
-1.2874846,-0.0959963
-1.2872846,-0.0639975
-1.2870846,-0.0639975
-1.2868846,-0.0639975
-1.2866846,-0.0319988
-1.2864846,-0.0319988
-1.2862846,-0.0639975
-1.2860846,-0.0319988
-1.2858846,-0.0319988
-1.2856846,-0.0639975
-1.2854846,0
-1.2852846,-0.0319988
-1.2850846,-0.0959963
-1.2848846,-0.0319988
-1.2846846,0
-1.2844846,-0.0639975
-1.2842846,-0.0319988
-1.2840846,-0.0959963
-1.2838846,-0.0319988
-1.2836846,-0.0319988
-1.2834846,-0.0319988
-1.2832846,-0.0959963
-1.2830846,-0.0319988
-1.2828846,0
-1.2826846,-0.0319988
-1.2824846,-0.0639975
-1.2822846,-0.0639975
-1.2820846,-0.0639975
-1.2818846,-0.0639975
-1.2816846,-0.0639975
-1.2814846,-0.0319988
-1.2812846,-0.0639975
-1.2810846,-0.0319988
-1.2808846,-0.0639975
-1.2806846,-0.0319988
-1.2804846,-0.0639975
-1.2802846,-0.0639975
-1.2800846,-0.0639975
-1.2798846,-0.0319988
-1.2796846,-0.0639975
-1.2794846,0
-1.2792846,-0.0319988
-1.2790846,-0.0959963
-1.2788846,-0.0639975
-1.2786846,-0.0319988
-1.2784846,-0.0959963
-1.2782846,-0.0639975
-1.2780846,-0.0639975
-1.2778846,-0.0959963
-1.2776846,-0.0639975
-1.2774846,-0.0959963
-1.2772846,-0.0639975
-1.2770846,-0.0639975
-1.2768846,-0.0639975
-1.2766846,-0.0959963
-1.2764846,-0.0319988
-1.2762846,-0.0639975
-1.2760846,-0.0959963
-1.2758846,-0.0959963
-1.2756846,-0.0319988
-1.2754846,-0.0639975
-1.2752846,-0.0959963
-1.2750846,-0.0639975
-1.2748846,-0.0959963
-1.2746846,-0.0319988
-1.2744846,-0.0639975
-1.2742846,-0.127995
-1.2740846,-0.0959963
-1.2738846,-0.0319988
-1.2736846,-0.0639975
-1.2734846,-0.0639975
-1.2732846,-0.0959963
-1.2730846,-0.0959963
-1.2728846,-0.0639975
-1.2726846,-0.0639975
-1.2724846,-0.0959963
-1.2722846,-0.0639975
-1.2720846,-0.0639975
-1.2718846,-0.127995
-1.2716846,-0.0639975
-1.2714846,-0.0639975
-1.2712846,-0.0959963
-1.2710846,-0.0319988
-1.2708846,-0.0959963
-1.2706846,-0.127995
-1.2704846,-0.0959963
-1.2702846,-0.0319988
-1.2700846,-0.0959963
-1.2698846,-0.0959963
-1.2696846,-0.0959963
-1.2694846,-0.0959963
-1.2692846,-0.0639975
-1.2690846,-0.0959963
-1.2688846,-0.0959963
-1.2686846,-0.0959963
-1.2684846,-0.0959963
-1.2682846,-0.0959963
-1.2680846,-0.159994
-1.2678846,-0.0319988
-1.2676846,-0.127995
-1.2674846,-0.0959963
-1.2672846,-0.0959963
-1.2670846,-0.0959963
-1.2668846,-0.159994
-1.2666846,-0.0639975
-1.2664846,-0.159994
-1.2662846,-0.127995
-1.2660846,-0.127995
-1.2658846,-0.127995
-1.2656846,-0.0319988
-1.2654846,-0.0959963
-1.2652846,-0.159994
-1.2650846,-0.0959963
-1.2648846,-0.127995
-1.2646846,-0.127995
-1.2644846,-0.0959963
-1.2642846,-0.127995
-1.2640846,-0.127995
-1.2638846,-0.0959963
-1.2636846,-0.0959963
-1.2634846,-0.127995
-1.2632846,-0.0959963
-1.2630846,-0.127995
-1.2628846,-0.127995
-1.2626846,-0.127995
-1.2624846,-0.0639975
-1.2622846,-0.159994
-1.2620846,-0.127995
-1.2618846,-0.0959963
-1.2616846,-0.127995
-1.2614846,-0.127995
-1.2612846,-0.0959963
-1.2610846,-0.127995
-1.2608846,-0.0959963
-1.2606846,-0.0959963
-1.2604846,-0.159994
-1.2602846,-0.127995
-1.2600846,-0.127995
-1.2598846,-0.159994
-1.2596846,-0.0959963
-1.2594846,-0.0959963
-1.2592846,-0.127995
-1.2590846,-0.0959963
-1.2588846,-0.127995
-1.2586846,-0.159994
-1.2584846,-0.0959963
-1.2582846,-0.127995
-1.2580846,-0.127995
-1.2578846,-0.159994
-1.2576846,-0.127995
-1.2574846,-0.159994
-1.2572846,-0.127995
-1.2570846,-0.0959963
-1.2568846,-0.127995
-1.2566846,-0.127995
-1.2564846,-0.0959963
-1.2562846,-0.127995
-1.2560846,-0.127995
-1.2558846,-0.127995
-1.2556846,-0.159994
-1.2554846,-0.159994
-1.2552846,-0.127995
-1.2550846,-0.159994
-1.2548846,-0.0959963
-1.2546846,-0.127995
-1.2544846,-0.127995
-1.2542846,-0.127995
-1.2540846,-0.159994
-1.2538846,-0.127995
-1.2536846,-0.0959963
-1.2534846,-0.127995
-1.2532846,-0.127995
-1.2530846,-0.127995
-1.2528846,-0.127995
-1.2526846,-0.159994
-1.2524846,-0.159994
-1.2522846,-0.0959963
-1.2520846,-0.127995
-1.2518846,-0.127995
-1.2516846,-0.127995
-1.2514846,-0.127995
-1.2512846,-0.191993
-1.2510846,-0.127995
-1.2508846,-0.159994
-1.2506846,-0.0959963
-1.2504846,-0.159994
-1.2502846,-0.0959963
-1.2500846,-0.127995
-1.2498846,-0.127995
-1.2496846,-0.159994
-1.2494846,-0.159994
-1.2492846,-0.0959963
-1.2490846,-0.127995
-1.2488846,-0.127995
-1.2486846,-0.127995
-1.2484846,-0.127995
-1.2482846,-0.127995
-1.2480846,-0.0959963
-1.2478846,-0.127995
-1.2476846,-0.0959963
-1.2474846,-0.127995
-1.2472846,-0.127995
-1.2470846,-0.0959963
-1.2468846,-0.0959963
-1.2466846,-0.159994
-1.2464846,-0.0959963
-1.2462846,-0.0959963
-1.2460846,-0.0959963
-1.2458846,-0.0959963
-1.2456846,-0.127995
-1.2454846,-0.127995
-1.2452846,-0.0639975
-1.2450846,-0.0959963
-1.2448846,-0.0959963
-1.2446846,-0.0959963
-1.2444846,-0.0639975
-1.2442846,-0.0959963
-1.2440846,-0.0959963
-1.2438846,-0.0959963
-1.2436846,-0.159994
-1.2434846,-0.0959963
-1.2432846,-0.0959963
-1.2430846,-0.159994
-1.2428846,-0.0639975
-1.2426846,-0.127995
-1.2424846,-0.127995
-1.2422846,-0.127995
-1.2420846,-0.0639975
-1.2418846,-0.127995
-1.2416846,-0.127995
-1.2414846,-0.0639975
-1.2412846,-0.0959963
-1.2410846,-0.0959963
-1.2408846,-0.0959963
-1.2406846,-0.159994
-1.2404846,-0.0639975
-1.2402846,-0.0959963
-1.2400846,-0.159994
-1.2398846,-0.127995
-1.2396846,-0.0639975
-1.2394846,-0.127995
-1.2392846,-0.0639975
-1.2390846,-0.0959963
-1.2388846,-0.127995
-1.2386846,-0.0959963
-1.2384846,-0.159994
-1.2382846,-0.0959963
-1.2380846,-0.0959963
-1.2378846,-0.0959963
-1.2376846,-0.0959963
-1.2374846,-0.0959963
-1.2372846,-0.0959963
-1.2370846,-0.127995
-1.2368846,-0.0959963
-1.2366846,-0.0959963
-1.2364846,-0.0959963
-1.2362846,-0.127995
-1.2360846,-0.0959963
-1.2358846,-0.127995
-1.2356846,-0.0639975
-1.2354846,-0.0639975
-1.2352846,-0.159994
-1.2350846,-0.0959963
-1.2348846,-0.0959963
-1.2346846,-0.127995
-1.2344846,-0.127995
-1.2342846,-0.0959963
-1.2340846,-0.127995
-1.2338846,-0.0639975
-1.2336846,-0.0639975
-1.2334846,-0.127995
-1.2332846,-0.0959963
-1.2330846,-0.0959963
-1.2328846,-0.127995
-1.2326846,-0.0639975
-1.2324846,-0.0959963
-1.2322846,-0.159994
-1.2320846,-0.0639975
-1.2318846,-0.0639975
-1.2316846,-0.0959963
-1.2314846,-0.0959963
-1.2312846,-0.0959963
-1.2310846,-0.0959963
-1.2308846,-0.0639975
-1.2306846,-0.0959963
-1.2304846,-0.159994
-1.2302846,-0.0959963
-1.2300846,-0.0319988
-1.2298846,-0.159994
-1.2296846,-0.0959963
-1.2294846,-0.0959963
-1.2292846,-0.127995
-1.2290846,-0.0639975
-1.2288846,-0.0959963
-1.2286846,-0.127995
-1.2284846,-0.0959963
-1.2282846,-0.0319988
-1.2280846,-0.0959963
-1.2278846,-0.0959963
-1.2276846,-0.0639975
-1.2274846,-0.0959963
-1.2272846,-0.0959963
-1.2270846,-0.0959963
-1.2268846,-0.0639975
-1.2266846,-0.0959963
-1.2264846,-0.0639975
-1.2262846,-0.0959963
-1.2260846,-0.0959963
-1.2258846,-0.0959963
-1.2256846,-0.127995
-1.2254846,-0.0639975
-1.2252846,-0.0319988
-1.2250846,-0.0639975
-1.2248846,-0.0319988
-1.2246846,-0.0639975
-1.2244846,0
-1.2242846,-0.0639975
-1.2240846,-0.0319988
-1.2238846,-0.127995
-1.2236846,-0.0639975
-1.2234846,-0.0319988
-1.2232846,-0.0959963
-1.2230846,-0.0639975
-1.2228846,-0.0639975
-1.2226846,-0.0639975
-1.2224846,-0.0319988
-1.2222846,-0.0319988
-1.2220846,-0.0639975
-1.2218846,-0.0959963
-1.2216846,-0.0639975
-1.2214846,-0.0639975
-1.2212846,-0.0319988
-1.2210846,-0.0639975
-1.2208846,-0.0639975
-1.2206846,-0.0959963
-1.2204846,-0.0639975
-1.2202846,-0.0639975
-1.2200846,-0.0639975
-1.2198846,-0.0639975
-1.2196846,-0.0959963
-1.2194846,-0.0639975
-1.2192846,-0.0639975
-1.2190846,-0.0959963
-1.2188846,-0.0639975
-1.2186846,-0.0319988
-1.2184846,-0.0959963
-1.2182846,-0.0639975
-1.2180846,-0.0639975
-1.2178846,-0.0959963
-1.2176846,-0.0959963
-1.2174846,-0.0319988
-1.2172846,-0.0959963
-1.2170846,-0.0959963
-1.2168846,-0.0639975
-1.2166846,-0.0639975
-1.2164846,-0.0959963
-1.2162846,-0.0639975
-1.2160846,-0.0959963
-1.2158846,-0.0639975
-1.2156846,-0.0959963
-1.2154846,-0.127995
-1.2152846,-0.0959963
-1.2150846,-0.127995
-1.2148846,-0.0639975
-1.2146846,-0.0959963
-1.2144846,-0.0319988
-1.2142846,-0.0959963
-1.2140846,-0.0639975
-1.2138846,-0.0639975
-1.2136846,-0.0639975
-1.2134846,-0.0639975
-1.2132846,-0.0959963
-1.2130846,-0.0959963
-1.2128846,-0.0319988
-1.2126846,-0.0959963
-1.2124846,-0.0639975
-1.2122846,-0.0639975
-1.2120846,-0.0639975
-1.2118846,-0.0639975
-1.2116846,-0.0639975
-1.2114846,-0.0639975
-1.2112846,-0.0319988
-1.2110846,-0.0639975
-1.2108846,-0.0639975
-1.2106846,-0.0959963
-1.2104846,-0.0639975
-1.2102846,-0.0959963
-1.2100846,-0.0639975
-1.2098846,-0.127995
-1.2096846,-0.0639975
-1.2094846,-0.0639975
-1.2092846,-0.0639975
-1.2090846,-0.0639975
-1.2088846,-0.0959963
-1.2086846,-0.0959963
-1.2084846,-0.0639975
-1.2082846,-0.0639975
-1.2080846,-0.0639975
-1.2078846,-0.0959963
-1.2076846,-0.0319988
-1.2074846,-0.0319988
-1.2072846,-0.0319988
-1.2070846,-0.0639975
-1.2068846,-0.0639975
-1.2066846,-0.0639975
-1.2064846,-0.0319988
-1.2062846,-0.0639975
-1.2060846,-0.0639975
-1.2058846,-0.0639975
-1.2056846,-0.0639975
-1.2054846,-0.0319988
-1.2052846,-0.0959963
-1.2050846,-0.0319988
-1.2048846,-0.0319988
-1.2046846,-0.0959963
-1.2044846,-0.0319988
-1.2042846,-0.0639975
-1.2040846,-0.0639975
-1.2038846,-0.0639975
-1.2036846,-0.0639975
-1.2034846,-0.0319988
-1.2032846,-0.0639975
-1.2030846,-0.0639975
-1.2028846,-0.0639975
-1.2026846,-0.0959963
-1.2024846,-0.0639975
-1.2022846,-0.0959963
-1.2020846,-0.0639975
-1.2018846,-0.0319988
-1.2016846,-0.0639975
-1.2014846,-0.0639975
-1.2012846,-0.0959963
-1.2010846,-0.0959963
-1.2008846,-0.0959963
-1.2006846,-0.0639975
-1.2004846,-0.127995
-1.2002846,-0.0639975
-1.2000846,-0.127995
-1.1998846,-0.0959963
-1.1996846,-0.0319988
-1.1994846,-0.0639975
-1.1992846,-0.0959963
-1.1990846,-0.0959963
-1.1988846,-0.0319988
-1.1986846,-0.0959963
-1.1984846,-0.0639975
-1.1982846,-0.0639975
-1.1980846,-0.0639975
-1.1978846,-0.0319988
-1.1976846,-0.0639975
-1.1974846,-0.0639975
-1.1972846,-0.0639975
-1.1970846,-0.0319988
-1.1968846,-0.0639975
-1.1966846,-0.0959963
-1.1964846,-0.0639975
-1.1962846,-0.0959963
-1.1960846,-0.0959963
-1.1958846,-0.0959963
-1.1956846,-0.0319988
-1.1954846,-0.0639975
-1.1952846,-0.0319988
-1.1950846,-0.0959963
-1.1948846,-0.0639975
-1.1946846,-0.0639975
-1.1944846,-0.0959963
-1.1942846,-0.0639975
-1.1940846,-0.0319988
-1.1938846,-0.0639975
-1.1936846,-0.0639975
-1.1934846,-0.0639975
-1.1932846,-0.0959963
-1.1930846,-0.0319988
-1.1928846,-0.0639975
-1.1926846,-0.0959963
-1.1924846,-0.0319988
-1.1922846,-0.0319988
-1.1920846,-0.0639975
-1.1918846,0
-1.1916846,-0.0319988
-1.1914846,-0.0639975
-1.1912846,-0.0319988
-1.1910846,-0.0319988
-1.1908846,-0.0639975
-1.1906846,-0.0319988
-1.1904846,-0.0639975
-1.1902846,-0.0639975
-1.1900846,-0.0639975
-1.1898846,-0.0639975
-1.1896846,-0.0639975
-1.1894846,0
-1.1892846,-0.0319988
-1.1890846,-0.0639975
-1.1888846,-0.0639975
-1.1886846,-0.0639975
-1.1884846,-0.0639975
-1.1882846,-0.0319988
-1.1880846,-0.0319988
-1.1878846,-0.0959963
-1.1876846,-0.0319988
-1.1874846,-0.0319988
-1.1872846,-0.0319988
-1.1870846,0
-1.1868846,0.0319988
-1.1866846,0
-1.1864846,0
-1.1862846,0
-1.1860846,-0.0639975
-1.1858846,-0.0959963
-1.1856846,-0.0319988
-1.1854846,-0.0319988
-1.1852846,-0.0319988
-1.1850846,0
-1.1848846,-0.0639975
-1.1846846,0
-1.1844846,-0.0319988
-1.1842846,-0.0639975
-1.1840846,0
-1.1838846,-0.0319988
-1.1836846,-0.0639975
-1.1834846,-0.0319988
-1.1832846,0.0319988
-1.1830846,-0.0319988
-1.1828846,-0.0319988
-1.1826846,-0.0319988
-1.1824846,-0.0639975
-1.1822846,-0.0319988
-1.1820846,-0.0639975
-1.1818846,-0.0639975
-1.1816846,-0.0639975
-1.1814846,-0.0639975
-1.1812846,-0.0959963
-1.1810846,0
-1.1808846,-0.0319988
-1.1806846,-0.0319988
-1.1804846,-0.0639975
-1.1802846,-0.0319988
-1.1800846,-0.0639975
-1.1798846,-0.0639975
-1.1796846,-0.0639975
-1.1794846,-0.0639975
-1.1792846,0
-1.1790846,0
-1.1788846,-0.0639975
-1.1786846,-0.0959963
-1.1784846,-0.0639975
-1.1782846,-0.0639975
-1.1780846,-0.0319988
-1.1778846,-0.0639975
-1.1776846,-0.0639975
-1.1774846,-0.0639975
-1.1772846,-0.0319988
-1.1770846,-0.0639975
-1.1768846,-0.0639975
-1.1766846,-0.0319988
-1.1764846,-0.0639975
-1.1762846,-0.0319988
-1.1760846,-0.0319988
-1.1758846,-0.0959963
-1.1756846,-0.0319988
-1.1754846,-0.0319988
-1.1752846,-0.0959963
-1.1750846,-0.0639975
-1.1748846,-0.0959963
-1.1746846,-0.0959963
-1.1744846,-0.0319988
-1.1742846,-0.0319988
-1.1740846,-0.127995
-1.1738846,-0.0639975
-1.1736846,-0.0319988
-1.1734846,-0.0639975
-1.1732846,-0.0639975
-1.1730846,-0.0319988
-1.1728846,-0.0959963
-1.1726846,-0.0639975
-1.1724846,-0.0319988
-1.1722846,-0.0639975
-1.1720846,-0.0639975
-1.1718846,-0.0639975
-1.1716846,-0.0959963
-1.1714846,-0.0319988
-1.1712846,-0.0319988
-1.1710846,-0.127995
-1.1708846,-0.0959963
-1.1706846,-0.0639975
-1.1704846,-0.0959963
-1.1702846,-0.0959963
-1.1700846,-0.0639975
-1.1698846,-0.127995
-1.1696846,-0.0639975
-1.1694846,-0.0319988
-1.1692846,-0.0639975
-1.1690846,-0.0639975
-1.1688846,-0.0639975
-1.1686846,-0.0639975
-1.1684846,-0.0639975
-1.1682846,-0.0639975
-1.1680846,-0.0959963
-1.1678846,-0.0959963
-1.1676846,-0.0319988
-1.1674846,-0.0639975
-1.1672846,-0.0639975
-1.1670846,-0.0319988
-1.1668846,-0.0959963
-1.1666846,-0.0319988
-1.1664846,-0.0319988
-1.1662846,-0.0959963
-1.1660846,-0.0639975
-1.1658846,-0.0319988
-1.1656846,-0.0639975
-1.1654846,-0.0639975
-1.1652846,-0.0959963
-1.1650846,-0.0959963
-1.1648846,-0.0639975
-1.1646846,-0.0319988
-1.1644846,-0.0959963
-1.1642846,-0.0639975
-1.1640846,-0.0319988
-1.1638846,-0.0959963
-1.1636846,-0.0639975
-1.1634846,-0.0639975
-1.1632846,-0.0319988
-1.1630846,-0.0639975
-1.1628846,-0.0639975
-1.1626846,-0.0959963
-1.1624846,-0.0639975
-1.1622846,0
-1.1620846,-0.0959963
-1.1618846,-0.0639975
-1.1616846,-0.0639975
-1.1614846,-0.0639975
-1.1612846,-0.0639975
-1.1610846,-0.0319988
-1.1608846,-0.0639975
-1.1606846,-0.0319988
-1.1604846,-0.0639975
-1.1602846,-0.0639975
-1.1600846,0
-1.1598846,-0.0319988
-1.1596846,-0.0639975
-1.1594846,-0.0319988
-1.1592846,0.0319988
-1.1590846,-0.0319988
-1.1588846,0
-1.1586846,-0.0639975
-1.1584846,-0.0639975
-1.1582846,-0.0319988
-1.1580846,-0.0639975
-1.1578846,-0.0639975
-1.1576846,-0.0639975
-1.1574846,-0.0319988
-1.1572846,-0.0639975
-1.1570846,-0.0319988
-1.1568846,-0.0319988
-1.1566846,-0.0639975
-1.1564846,-0.0319988
-1.1562846,-0.0639975
-1.1560846,-0.0959963
-1.1558846,-0.0319988
-1.1556846,-0.0319988
-1.1554846,-0.0639975
-1.1552846,-0.0639975
-1.1550846,-0.0639975
-1.1548846,-0.0639975
-1.1546846,-0.0319988
-1.1544846,-0.0319988
-1.1542846,-0.0639975
-1.1540846,-0.0319988
-1.1538846,0
-1.1536846,-0.0639975
-1.1534846,-0.0319988
-1.1532846,-0.0639975
-1.1530846,-0.0639975
-1.1528846,-0.0639975
-1.1526846,-0.0319988
-1.1524846,-0.0959963
-1.1522846,-0.0319988
-1.1520846,-0.0319988
-1.1518846,-0.0639975
-1.1516846,-0.0639975
-1.1514846,0
-1.1512846,-0.0959963
-1.1510846,-0.0639975
-1.1508846,-0.0639975
-1.1506846,-0.0319988
-1.1504846,-0.0319988
-1.1502846,-0.0319988
-1.1500846,0
-1.1498846,-0.0639975
-1.1496846,-0.0639975
-1.1494846,-0.0639975
-1.1492846,-0.0319988
-1.1490846,-0.0639975
-1.1488846,-0.0319988
-1.1486846,-0.0319988
-1.1484846,-0.0319988
-1.1482846,-0.0639975
-1.1480846,-0.0319988
-1.1478846,-0.0319988
-1.1476846,-0.0319988
-1.1474846,0.0319988
-1.1472846,-0.0319988
-1.1470846,-0.0319988
-1.1468846,0
-1.1466846,-0.0319988
-1.1464846,-0.0319988
-1.1462846,0
-1.1460846,-0.0319988
-1.1458846,0
-1.1456846,-0.0319988
-1.1454846,0
-1.1452846,0
-1.1450846,0
-1.1448846,0
-1.1446846,0.0319988
-1.1444846,0
-1.1442846,0
-1.1440846,0.0319988
-1.1438846,0
-1.1436846,0
-1.1434846,0
-1.1432846,0.0319988
-1.1430846,0.0319988
-1.1428846,0
-1.1426846,0
-1.1424846,0
-1.1422846,0
-1.1420846,0
-1.1418846,0.0639975
-1.1416846,-0.0319988
-1.1414846,0
-1.1412846,0.0319988
-1.1410846,0.0319988
-1.1408846,0.0319988
-1.1406846,0.0319988
-1.1404846,0
-1.1402846,0.0319988
-1.1400846,0.0319988
-1.1398846,0.0639975
-1.1396846,0
-1.1394846,0.0319988
-1.1392846,0
-1.1390846,0
-1.1388846,0.0319988
-1.1386846,0
-1.1384846,0
-1.1382846,0.0639975
-1.1380846,0.0639975
-1.1378846,0.0639975
-1.1376846,0.0639975
-1.1374846,0.0319988
-1.1372846,0.0639975
-1.1370846,0.0639975
-1.1368846,0.0639975
-1.1366846,0.0959963
-1.1364846,0.0639975
-1.1362846,0.0639975
-1.1360846,0.0639975
-1.1358846,0.0959963
-1.1356846,0.0319988
-1.1354846,0.0639975
-1.1352846,0.0639975
-1.1350846,0.0639975
-1.1348846,0.0639975
-1.1346846,0.0639975
-1.1344846,0.0639975
-1.1342846,0.0639975
-1.1340846,0.0639975
-1.1338846,0.0639975
-1.1336846,0.0639975
-1.1334846,0.0639975
-1.1332846,0.0959963
-1.1330846,0.0639975
-1.1328846,0.0639975
-1.1326846,0.0959963
-1.1324846,0.0639975
-1.1322846,0.0639975
-1.1320846,0.0639975
-1.1318846,0.0959963
-1.1316846,0.0959963
-1.1314846,0.0319988
-1.1312846,0.0639975
-1.1310846,0.0639975
-1.1308846,0.0639975
-1.1306846,0.0319988
-1.1304846,0.0959963
-1.1302846,0.0639975
-1.1300846,0.0959963
-1.1298846,0.0959963
-1.1296846,0.0639975
-1.1294846,0.0639975
-1.1292846,0.0639975
-1.1290846,0
-1.1288846,0.127995
-1.1286846,0.0959963
-1.1284846,0.0639975
-1.1282846,0.0639975
-1.1280846,0.0639975
-1.1278846,0.0959963
-1.1276846,0.0959963
-1.1274846,0.0319988
-1.1272846,0.0319988
-1.1270846,0.0319988
-1.1268846,0.0639975
-1.1266846,0.0319988
-1.1264846,0.0639975
-1.1262846,0.0959963
-1.1260846,0.0639975
-1.1258846,0.0959963
-1.1256846,0.0319988
-1.1254846,0.0959963
-1.1252846,0.0639975
-1.1250846,0.0639975
-1.1248846,0.0639975
-1.1246846,0.0959963
-1.1244846,0.0959963
-1.1242846,0.0319988
-1.1240846,0.0959963
-1.1238846,0.0639975
-1.1236846,0.0639975
-1.1234846,0.0639975
-1.1232846,0.0959963
-1.1230846,0.0639975
-1.1228846,0.0639975
-1.1226846,0.0959963
-1.1224846,0.0639975
-1.1222846,0.0959963
-1.1220846,0.0959963
-1.1218846,0.0319988
-1.1216846,0.0319988
-1.1214846,0.0959963
-1.1212846,0.0639975
-1.1210846,0.0319988
-1.1208846,0.0639975
-1.1206846,0.0959963
-1.1204846,0.0959963
-1.1202846,0.0959963
-1.1200846,0.0959963
-1.1198846,0.0639975
-1.1196846,0.0639975
-1.1194846,0
-1.1192846,0.0959963
-1.1190846,0.0639975
-1.1188846,0.0959963
-1.1186846,0.0639975
-1.1184846,0.0639975
-1.1182846,0.0639975
-1.1180846,0.0959963
-1.1178846,0.0959963
-1.1176846,0
-1.1174846,0.0639975
-1.1172846,0.0639975
-1.1170846,0.0319988
-1.1168846,0.0639975
-1.1166846,0.0959963
-1.1164846,0.0959963
-1.1162846,0.0639975
-1.1160846,0.0639975
-1.1158846,0.0639975
-1.1156846,0.0959963
-1.1154846,0.0639975
-1.1152846,0.0639975
-1.1150846,0.0639975
-1.1148846,0.0639975
-1.1146846,0.0639975
-1.1144846,0.0639975
-1.1142846,0.0959963
-1.1140846,0.0959963
-1.1138846,0.0959963
-1.1136846,0.0639975
-1.1134846,0.0639975
-1.1132846,0.0639975
-1.1130846,0.0959963
-1.1128846,0.0639975
-1.1126846,0.0639975
-1.1124846,0.0639975
-1.1122846,0.0639975
-1.1120846,0.0639975
-1.1118846,0.0959963
-1.1116846,0.0639975
-1.1114846,0.127995
-1.1112846,0.0639975
-1.1110846,0.0959963
-1.1108846,0.0959963
-1.1106846,0.0639975
-1.1104846,0.0959963
-1.1102846,0.0959963
-1.1100846,0.0319988
-1.1098846,0.0639975
-1.1096846,0.0959963
-1.1094846,0.0639975
-1.1092846,0.0959963
-1.1090846,0.0959963
-1.1088846,0.0959963
-1.1086846,0.0959963
-1.1084846,0.0639975
-1.1082846,0.0959963
-1.1080846,0.0319988
-1.1078846,0.0959963
-1.1076846,0.0959963
-1.1074846,0.0959963
-1.1072846,0.0959963
-1.1070846,0.0959963
-1.1068846,0.0959963
-1.1066846,0.0319988
-1.1064846,0.0639975
-1.1062846,0.0959963
-1.1060846,0.0959963
-1.1058846,0.0319988
-1.1056846,0.0639975
-1.1054846,0.0639975
-1.1052846,0.0639975
-1.1050846,0.0639975
-1.1048846,0.0959963
-1.1046846,0.0639975
-1.1044846,0.0319988
-1.1042846,0.0959963
-1.1040846,0.0959963
-1.1038846,0.0319988
-1.1036846,0.0639975
-1.1034846,0.0639975
-1.1032846,0.0319988
-1.1030846,0.0639975
-1.1028846,0.0639975
-1.1026846,0.0639975
-1.1024846,0.0639975
-1.1022846,0.0639975
-1.1020846,0.0639975
-1.1018846,0.0959963
-1.1016846,0.0319988
-1.1014846,0.0639975
-1.1012846,0.0639975
-1.1010846,0.0639975
-1.1008846,0.0639975
-1.1006846,0.0959963
-1.1004846,0.0639975
-1.1002846,0.0639975
-1.1000846,0.0639975
-1.0998846,0.0959963
-1.0996846,0.0639975
-1.0994846,0.0639975
-1.0992846,0.0959963
-1.0990846,0.0959963
-1.0988846,0.0639975
-1.0986846,0.0639975
-1.0984846,0.0639975
-1.0982846,0.0639975
-1.0980846,0.0959963
-1.0978846,0.0319988
-1.0976846,0.0959963
-1.0974846,0.0959963
-1.0972846,0.0319988
-1.0970846,0.0639975
-1.0968846,0.0959963
-1.0966846,0.0319988
-1.0964846,0.0639975
-1.0962846,0.0639975
-1.0960846,0.0319988
-1.0958846,0.0959963
-1.0956846,0.0639975
-1.0954846,0.0639975
-1.0952846,0.0959963
-1.0950846,0.0319988
-1.0948846,0.0319988
-1.0946846,0.0319988
-1.0944846,0.0639975
-1.0942846,0.0959963
-1.0940846,0.0639975
-1.0938846,0.0639975
-1.0936846,0.0319988
-1.0934846,0.0639975
-1.0932846,0.0319988
-1.0930846,0.0319988
-1.0928846,0.0959963
-1.0926846,0.0639975
-1.0924846,0.0639975
-1.0922846,0.0959963
-1.0920846,0.0639975
-1.0918846,0.0639975
-1.0916846,0.0319988
-1.0914846,0.0639975
-1.0912846,0.0319988
-1.0910846,0.0639975
-1.0908846,0.0319988
-1.0906846,0.0319988
-1.0904846,0.0319988
-1.0902846,0.0639975
-1.0900846,0.0319988
-1.0898846,0.0639975
-1.0896846,0.0639975
-1.0894846,0.0319988
-1.0892846,0.0319988
-1.0890846,0.0639975
-1.0888846,0.0959963
-1.0886846,0.0639975
-1.0884846,0.0959963
-1.0882846,0.0639975
-1.0880846,0.0639975
-1.0878846,0.0319988
-1.0876846,0.0319988
-1.0874846,0.0639975
-1.0872846,0.0639975
-1.0870846,0
-1.0868846,0.0319988
-1.0866846,0.0639975
-1.0864846,0.0639975
-1.0862846,0.0319988
-1.0860846,0.0639975
-1.0858846,0.0639975
-1.0856846,0.0639975
-1.0854846,0.0639975
-1.0852846,0.0319988
-1.0850846,0.0319988
-1.0848846,0.0639975
-1.0846846,0
-1.0844846,0.0639975
-1.0842846,0.0639975
-1.0840846,0.0319988
-1.0838846,0.0639975
-1.0836846,0.0959963
-1.0834846,0
-1.0832846,0.0639975
-1.0830846,0.0639975
-1.0828846,0.0319988
-1.0826846,0.0959963
-1.0824846,0.0959963
-1.0822846,0.0639975
-1.0820846,0.0319988
-1.0818846,0.0639975
-1.0816846,0.0639975
-1.0814846,0.0639975
-1.0812846,0.0639975
-1.0810846,0
-1.0808846,0.0639975
-1.0806846,0.0959963
-1.0804846,0.0639975
-1.0802846,0.0319988
-1.0800846,0.0959963
-1.0798846,0.0639975
-1.0796846,0.0639975
-1.0794846,0.0639975
-1.0792846,0.0639975
-1.0790846,0.127995
-1.0788846,0.0639975
-1.0786846,0.0639975
-1.0784846,0.0639975
-1.0782846,0.0639975
-1.0780846,0.0959963
-1.0778846,0.0639975
-1.0776846,0.0959963
-1.0774846,0.0639975
-1.0772846,0.0639975
-1.0770846,0.0959963
-1.0768846,0.0639975
-1.0766846,0.0959963
-1.0764846,0.0959963
-1.0762846,0.0959963
-1.0760846,0.0639975
-1.0758846,0.0639975
-1.0756846,0.0959963
-1.0754846,0.127995
-1.0752846,0.0639975
-1.0750846,0.127995
-1.0748846,0.0959963
-1.0746846,0.0959963
-1.0744846,0.0639975
-1.0742846,0.0959963
-1.0740846,0.0639975
-1.0738846,0.0959963
-1.0736846,0.0959963
-1.0734846,0.0959963
-1.0732846,0.0959963
-1.0730846,0.0959963
-1.0728846,0.0639975
-1.0726846,0.127995
-1.0724846,0.0959963
-1.0722846,0.0959963
-1.0720846,0.0959963
-1.0718846,0.0959963
-1.0716846,0.0959963
-1.0714846,0.0639975
-1.0712846,0.127995
-1.0710846,0.127995
-1.0708846,0.0639975
-1.0706846,0.0959963
-1.0704846,0.0959963
-1.0702846,0.127995
-1.0700846,0.0959963
-1.0698846,0.0959963
-1.0696846,0.159994
-1.0694846,0.0959963
-1.0692846,0.127995
-1.0690846,0.127995
-1.0688846,0.0959963
-1.0686846,0.0959963
-1.0684846,0.0639975
-1.0682846,0.127995
-1.0680846,0.127995
-1.0678846,0.0959963
-1.0676846,0.0959963
-1.0674846,0.0959963
-1.0672846,0.0639975
-1.0670846,0.0959963
-1.0668846,0.127995
-1.0666846,0.127995
-1.0664846,0.0959963
-1.0662846,0.0959963
-1.0660846,0.0639975
-1.0658846,0.0959963
-1.0656846,0.0959963
-1.0654846,0.0959963
-1.0652846,0.127995
-1.0650846,0.127995
-1.0648846,0.159994
-1.0646846,0.0959963
-1.0644846,0.0959963
-1.0642846,0.0959963
-1.0640846,0.0959963
-1.0638846,0.0959963
-1.0636846,0.0319988
-1.0634846,0.127995
-1.0632846,0.0959963
-1.0630846,0.0639975
-1.0628846,0.0959963
-1.0626846,0.0959963
-1.0624846,0.127995
-1.0622846,0.127995
-1.0620846,0.127995
-1.0618846,0.0959963
-1.0616846,0.0959963
-1.0614846,0.127995
-1.0612846,0.127995
-1.0610846,0.127995
-1.0608846,0.0959963
-1.0606846,0.0959963
-1.0604846,0.0959963
-1.0602846,0.0959963
-1.0600846,0.127995
-1.0598846,0.127995
-1.0596846,0.127995
-1.0594846,0.0959963
-1.0592846,0.159994
-1.0590846,0.127995
-1.0588846,0.127995
-1.0586846,0.127995
-1.0584846,0.159994
-1.0582846,0.127995
-1.0580846,0.127995
-1.0578846,0.127995
-1.0576846,0.159994
-1.0574846,0.127995
-1.0572846,0.127995
-1.0570846,0.127995
-1.0568846,0.127995
-1.0566846,0.127995
-1.0564846,0.127995
-1.0562846,0.127995
-1.0560846,0.0959963
-1.0558846,0.159994
-1.0556846,0.159994
-1.0554846,0.127995
-1.0552846,0.191993
-1.0550846,0.191993
-1.0548846,0.127995
-1.0546846,0.159994
-1.0544846,0.127995
-1.0542846,0.127995
-1.0540846,0.127995
-1.0538846,0.127995
-1.0536846,0.159994
-1.0534846,0.159994
-1.0532846,0.159994
-1.0530846,0.127995
-1.0528846,0.127995
-1.0526846,0.191993
-1.0524846,0.159994
-1.0522846,0.159994
-1.0520846,0.159994
-1.0518846,0.159994
-1.0516846,0.159994
-1.0514846,0.127995
-1.0512846,0.159994
-1.0510846,0.159994
-1.0508846,0.191993
-1.0506846,0.159994
-1.0504846,0.159994
-1.0502846,0.191993
-1.0500846,0.127995
-1.0498846,0.159994
-1.0496846,0.191993
-1.0494846,0.159994
-1.0492846,0.191993
-1.0490846,0.127995
-1.0488846,0.159994
-1.0486846,0.191993
-1.0484846,0.159994
-1.0482846,0.159994
-1.0480846,0.191993
-1.0478846,0.223991
-1.0476846,0.159994
-1.0474846,0.191993
-1.0472846,0.191993
-1.0470846,0.191993
-1.0468846,0.223991
-1.0466846,0.191993
-1.0464846,0.223991
-1.0462846,0.159994
-1.0460846,0.191993
-1.0458846,0.191993
-1.0456846,0.191993
-1.0454846,0.191993
-1.0452846,0.159994
-1.0450846,0.159994
-1.0448846,0.223991
-1.0446846,0.159994
-1.0444846,0.191993
-1.0442846,0.191993
-1.0440846,0.159994
-1.0438846,0.159994
-1.0436846,0.191993
-1.0434846,0.159994
-1.0432846,0.159994
-1.0430846,0.191993
-1.0428846,0.159994
-1.0426846,0.159994
-1.0424846,0.191993
-1.0422846,0.191993
-1.0420846,0.223991
-1.0418846,0.191993
-1.0416846,0.159994
-1.0414846,0.191993
-1.0412846,0.191993
-1.0410846,0.191993
-1.0408846,0.191993
-1.0406846,0.159994
-1.0404846,0.159994
-1.0402846,0.159994
-1.0400846,0.191993
-1.0398846,0.127995
-1.0396846,0.159994
-1.0394846,0.191993
-1.0392846,0.159994
-1.0390846,0.159994
-1.0388846,0.191993
-1.0386846,0.159994
-1.0384846,0.191993
-1.0382846,0.223991
-1.0380846,0.159994
-1.0378846,0.191993
-1.0376846,0.223991
-1.0374846,0.159994
-1.0372846,0.191993
-1.0370846,0.191993
-1.0368846,0.159994
-1.0366846,0.191993
-1.0364846,0.159994
-1.0362846,0.191993
-1.0360846,0.159994
-1.0358846,0.191993
-1.0356846,0.191993
-1.0354846,0.191993
-1.0352846,0.191993
-1.0350846,0.191993
-1.0348846,0.223991
-1.0346846,0.191993
-1.0344846,0.159994
-1.0342846,0.159994
-1.0340846,0.159994
-1.0338846,0.159994
-1.0336846,0.127995
-1.0334846,0.191993
-1.0332846,0.223991
-1.0330846,0.159994
-1.0328846,0.191993
-1.0326846,0.159994
-1.0324846,0.159994
-1.0322846,0.191993
-1.0320846,0.223991
-1.0318846,0.191993
-1.0316846,0.159994
-1.0314846,0.191993
-1.0312846,0.191993
-1.0310846,0.159994
-1.0308846,0.159994
-1.0306846,0.159994
-1.0304846,0.191993
-1.0302846,0.159994
-1.0300846,0.191993
-1.0298846,0.159994
-1.0296846,0.159994
-1.0294846,0.223991
-1.0292846,0.223991
-1.0290846,0.159994
-1.0288846,0.191993
-1.0286846,0.159994
-1.0284846,0.127995
-1.0282846,0.159994
-1.0280846,0.159994
-1.0278846,0.191993
-1.0276846,0.159994
-1.0274846,0.191993
-1.0272846,0.127995
-1.0270846,0.159994
-1.0268846,0.191993
-1.0266846,0.127995
-1.0264846,0.159994
-1.0262846,0.159994
-1.0260846,0.159994
-1.0258846,0.127995
-1.0256846,0.159994
-1.0254846,0.191993
-1.0252846,0.159994
-1.0250846,0.159994
-1.0248846,0.191993
-1.0246846,0.159994
-1.0244846,0.159994
-1.0242846,0.191993
-1.0240846,0.159994
-1.0238846,0.159994
-1.0236846,0.127995
-1.0234846,0.191993
-1.0232846,0.127995
-1.0230846,0.127995
-1.0228846,0.159994
-1.0226846,0.159994
-1.0224846,0.159994
-1.0222846,0.159994
-1.0220846,0.127995
-1.0218846,0.159994
-1.0216846,0.159994
-1.0214846,0.191993
-1.0212846,0.159994
-1.0210846,0.127995
-1.0208846,0.191993
-1.0206846,0.191993
-1.0204846,0.159994
-1.0202846,0.159994
-1.0200846,0.159994
-1.0198846,0.127995
-1.0196846,0.159994
-1.0194846,0.159994
-1.0192846,0.159994
-1.0190846,0.159994
-1.0188846,0.127995
-1.0186846,0.159994
-1.0184846,0.159994
-1.0182846,0.127995
-1.0180846,0.159994
-1.0178846,0.191993
-1.0176846,0.127995
-1.0174846,0.159994
-1.0172846,0.159994
-1.0170846,0.127995
-1.0168846,0.159994
-1.0166846,0.223991
-1.0164846,0.159994
-1.0162846,0.159994
-1.0160846,0.159994
-1.0158846,0.127995
-1.0156846,0.191993
-1.0154846,0.191993
-1.0152846,0.191993
-1.0150846,0.159994
-1.0148846,0.223991
-1.0146846,0.159994
-1.0144846,0.159994
-1.0142846,0.191993
-1.0140846,0.159994
-1.0138846,0.159994
-1.0136846,0.191993
-1.0134846,0.159994
-1.0132846,0.159994
-1.0130846,0.191993
-1.0128846,0.159994
-1.0126846,0.191993
-1.0124846,0.191993
-1.0122846,0.159994
-1.0120846,0.159994
-1.0118846,0.191993
-1.0116846,0.159994
-1.0114846,0.127995
-1.0112846,0.127995
-1.0110846,0.159994
-1.0108846,0.159994
-1.0106846,0.159994
-1.0104846,0.223991
-1.0102846,0.191993
-1.0100846,0.191993
-1.0098846,0.127995
-1.0096846,0.191993
-1.0094846,0.159994
-1.0092846,0.127995
-1.0090846,0.159994
-1.0088846,0.191993
-1.0086846,0.159994
-1.0084846,0.159994
-1.0082846,0.191993
-1.0080846,0.191993
-1.0078846,0.191993
-1.0076846,0.159994
-1.0074846,0.127995
-1.0072846,0.159994
-1.0070846,0.159994
-1.0068846,0.159994
-1.0066846,0.159994
-1.0064846,0.191993
-1.0062846,0.159994
-1.0060846,0.159994
-1.0058846,0.159994
-1.0056846,0.127995
-1.0054846,0.159994
-1.0052846,0.159994
-1.0050846,0.159994
-1.0048846,0.127995
-1.0046846,0.159994
-1.0044846,0.159994
-1.0042846,0.159994
-1.0040846,0.159994
-1.0038846,0.191993
-1.0036846,0.159994
-1.0034846,0.159994
-1.0032846,0.159994
-1.0030846,0.159994
-1.0028846,0.159994
-1.0026846,0.159994
-1.0024846,0.159994
-1.0022846,0.159994
-1.0020846,0.127995
-1.0018846,0.159994
-1.0016846,0.191993
-1.0014846,0.127995
-1.0012846,0.159994
-1.0010846,0.127995
-1.0008846,0.159994
-1.0006846,0.191993
-1.0004846,0.191993
-1.0002846,0.127995
-1.0000846,0.127995
-0.99988464,0.127995
-0.99968464,0.159994
-0.99948464,0.159994
-0.99928464,0.127995
-0.99908464,0.127995
-0.99888464,0.159994
-0.99868464,0.127995
-0.99848464,0.159994
-0.99828464,0.159994
-0.99808464,0.159994
-0.99788464,0.127995
-0.99768464,0.159994
-0.99748464,0.191993
-0.99728464,0.191993
-0.99708464,0.127995
-0.99688464,0.127995
-0.99668464,0.159994
-0.99648464,0.159994
-0.99628464,0.191993
-0.99608464,0.191993
-0.99588464,0.127995
-0.99568464,0.159994
-0.99548464,0.127995
-0.99528464,0.159994
-0.99508464,0.159994
-0.99488464,0.191993
-0.99468464,0.159994
-0.99448464,0.159994
-0.99428464,0.127995
-0.99408464,0.159994
-0.99388464,0.159994
-0.99368464,0.127995
-0.99348464,0.127995
-0.99328464,0.223991
-0.99308464,0.127995
-0.99288464,0.127995
-0.99268464,0.159994
-0.99248464,0.159994
-0.99228464,0.191993
-0.99208464,0.127995
-0.99188464,0.159994
-0.99168464,0.159994
-0.99148464,0.159994
-0.99128464,0.159994
-0.99108464,0.127995
-0.99088464,0.159994
-0.99068464,0.127995
-0.99048464,0.127995
-0.99028464,0.159994
-0.99008464,0.127995
-0.98988464,0.127995
-0.98968464,0.0959963
-0.98948464,0.159994
-0.98928464,0.127995
-0.98908464,0.127995
-0.98888464,0.127995
-0.98868464,0.159994
-0.98848464,0.159994
-0.98828464,0.127995
-0.98808464,0.159994
-0.98788464,0.159994
-0.98768464,0.0959963
-0.98748464,0.159994
-0.98728464,0.159994
-0.98708464,0.127995
-0.98688464,0.127995
-0.98668464,0.127995
-0.98648464,0.127995
-0.98628464,0.159994
-0.98608464,0.127995
-0.98588464,0.127995
-0.98568464,0.159994
-0.98548464,0.127995
-0.98528464,0.0959963
-0.98508464,0.127995
-0.98488464,0.159994
-0.98468464,0.0959963
-0.98448464,0.159994
-0.98428464,0.159994
-0.98408464,0.127995
-0.98388464,0.127995
-0.98368464,0.127995
-0.98348464,0.127995
-0.98328464,0.159994
-0.98308464,0.127995
-0.98288464,0.0959963
-0.98268464,0.127995
-0.98248464,0.127995
-0.98228464,0.127995
-0.98208464,0.127995
-0.98188464,0.159994
-0.98168464,0.159994
-0.98148464,0.0959963
-0.98128464,0.0959963
-0.98108464,0.0959963
-0.98088464,0.0959963
-0.98068464,0.0959963
-0.98048464,0.127995
-0.98028464,0.127995
-0.98008464,0.0959963
-0.97988464,0.127995
-0.97968464,0.127995
-0.97948464,0.0959963
-0.97928464,0.0959963
-0.97908464,0.0959963
-0.97888464,0.0959963
-0.97868464,0.127995
-0.97848464,0.0639975
-0.97828464,0.0959963
-0.97808464,0.0959963
-0.97788464,0.0959963
-0.97768464,0.0639975
-0.97748464,0.127995
-0.97728464,0.0639975
-0.97708464,0.0959963
-0.97688464,0.0959963
-0.97668464,0.0959963
-0.97648464,0.0639975
-0.97628464,0.0639975
-0.97608464,0.127995
-0.97588464,0.0959963
-0.97568464,0.0959963
-0.97548464,0.127995
-0.97528464,0.0639975
-0.97508464,0.0959963
-0.97488464,0.0959963
-0.97468464,0.0959963
-0.97448464,0.0959963
-0.97428464,0.0639975
-0.97408464,0.0639975
-0.97388464,0.0959963
-0.97368464,0.0959963
-0.97348464,0.0959963
-0.97328464,0.0639975
-0.97308464,0.0639975
-0.97288464,0.0959963
-0.97268464,0.0959963
-0.97248464,0.0639975
-0.97228464,0.127995
-0.97208464,0.0959963
-0.97188464,0.0959963
-0.97168464,0.0959963
-0.97148464,0.0639975
-0.97128464,0.0959963
-0.97108464,0.0639975
-0.97088464,0.0319988
-0.97068464,0.0959963
-0.97048464,0.0959963
-0.97028464,0.0639975
-0.97008464,0.0959963
-0.96988464,0.0319988
-0.96968464,0.0959963
-0.96948464,0.0959963
-0.96928464,0.0959963
-0.96908464,0.0959963
-0.96888464,0.0639975
-0.96868464,0.0639975
-0.96848464,0.0959963
-0.96828464,0.0319988
-0.96808464,0.0959963
-0.96788464,0.0959963
-0.96768464,0.0639975
-0.96748464,0.0959963
-0.96728464,0.0319988
-0.96708464,0.0319988
-0.96688464,0.0639975
-0.96668464,0.0639975
-0.96648464,0.0319988
-0.96628464,0.0639975
-0.96608464,0.0639975
-0.96588464,0.0319988
-0.96568464,0.0319988
-0.96548464,0.0639975
-0.96528464,0.0319988
-0.96508464,0.0319988
-0.96488464,0.0959963
-0.96468464,0.0639975
-0.96448464,0.0639975
-0.96428464,0.0959963
-0.96408464,0.0639975
-0.96388464,0.0639975
-0.96368464,0.0639975
-0.96348464,0.0639975
-0.96328464,0.0639975
-0.96308464,0.0319988
-0.96288464,0.0319988
-0.96268464,0.0319988
-0.96248464,0.0319988
-0.96228464,0.0959963
-0.96208464,0.0319988
-0.96188464,0.0319988
-0.96168464,0.0639975
-0.96148464,0.0319988
-0.96128464,0.0639975
-0.96108464,0.0319988
-0.96088464,0.0319988
-0.96068464,0.0639975
-0.96048464,0.0639975
-0.96028464,0.0319988
-0.96008464,0.0639975
-0.95988464,0.0319988
-0.95968464,0.0319988
-0.95948464,0.0319988
-0.95928464,0
-0.95908464,0
-0.95888464,0.0639975
-0.95868464,0.0319988
-0.95848464,0.0319988
-0.95828464,0.0319988
-0.95808464,0.0319988
-0.95788464,0.0319988
-0.95768464,0
-0.95748464,0.0639975
-0.95728464,0.0319988
-0.95708464,0.0319988
-0.95688464,0.0319988
-0.95668464,0.0319988
-0.95648464,0.0319988
-0.95628464,0
-0.95608464,0.0319988
-0.95588464,0.0639975
-0.95568464,0
-0.95548464,0.0319988
-0.95528464,0
-0.95508464,0
-0.95488464,0.0639975
-0.95468464,0.0319988
-0.95448464,0
-0.95428464,0
-0.95408464,0.0319988
-0.95388464,0
-0.95368464,0
-0.95348464,0.0319988
-0.95328464,-0.0319988
-0.95308464,0.0319988
-0.95288464,0.0639975
-0.95268464,0
-0.95248464,0
-0.95228464,0.0319988
-0.95208464,0
-0.95188464,0
-0.95168464,0.0319988
-0.95148464,0
-0.95128464,0.0319988
-0.95108464,0
-0.95088464,0
-0.95068464,0.0319988
-0.95048464,0.0319988
-0.95028464,0
-0.95008464,0.0319988
-0.94988464,0.0639975
-0.94968464,0
-0.94948464,0.0319988
-0.94928464,0
-0.94908464,0
-0.94888464,0
-0.94868464,0.0319988
-0.94848464,0
-0.94828464,0.0319988
-0.94808464,0
-0.94788464,-0.0319988
-0.94768464,0.0319988
-0.94748464,0.0319988
-0.94728464,-0.0639975
-0.94708464,0.0319988
-0.94688464,0.0319988
-0.94668464,-0.0319988
-0.94648464,0.0319988
-0.94628464,0.0319988
-0.94608464,-0.0319988
-0.94588464,0.0319988
-0.94568464,0
-0.94548464,-0.0319988
-0.94528464,0
-0.94508464,0.0639975
-0.94488464,-0.0319988
-0.94468464,0
-0.94448464,0
-0.94428464,-0.0639975
-0.94408464,0
-0.94388464,-0.0319988
-0.94368464,-0.0319988
-0.94348464,0
-0.94328464,-0.0319988
-0.94308464,-0.0319988
-0.94288464,0
-0.94268464,0.0319988
-0.94248464,-0.0959963
-0.94228464,-0.0639975
-0.94208464,0
-0.94188464,-0.0639975
-0.94168464,0
-0.94148464,0
-0.94128464,-0.0639975
-0.94108464,0
-0.94088464,-0.0319988
-0.94068464,-0.0639975
-0.94048464,-0.0639975
-0.94028464,-0.0319988
-0.94008464,-0.0639975
-0.93988464,-0.0319988
-0.93968464,-0.0319988
-0.93948464,-0.0319988
-0.93928464,-0.0319988
-0.93908464,0
-0.93888464,-0.0639975
-0.93868464,-0.0319988
-0.93848464,0
-0.93828464,-0.0319988
-0.93808464,-0.0319988
-0.93788464,-0.0319988
-0.93768464,-0.0639975
-0.93748464,-0.0639975
-0.93728464,-0.0639975
-0.93708464,-0.0319988
-0.93688464,0.0319988
-0.93668464,0
-0.93648464,-0.0639975
-0.93628464,-0.0319988
-0.93608464,0
-0.93588464,-0.0639975
-0.93568464,0
-0.93548464,0
-0.93528464,0
-0.93508464,-0.0319988
-0.93488464,0
-0.93468464,-0.0319988
-0.93448464,0
-0.93428464,0
-0.93408464,-0.0639975
-0.93388464,0
-0.93368464,-0.0319988
-0.93348464,-0.0319988
-0.93328464,0
-0.93308464,0.0319988
-0.93288464,-0.0319988
-0.93268464,-0.0319988
-0.93248464,0
-0.93228464,-0.0319988
-0.93208464,0
-0.93188464,0.0319988
-0.93168464,0.0319988
-0.93148464,0
-0.93128464,0
-0.93108464,-0.0319988
-0.93088464,0
-0.93068464,0
-0.93048464,0
-0.93028464,0
-0.93008464,0.0319988
-0.92988464,-0.0319988
-0.92968464,-0.0319988
-0.92948464,0.0319988
-0.92928464,-0.0319988
-0.92908464,0
-0.92888464,0
-0.92868464,0
-0.92848464,-0.0319988
-0.92828464,0
-0.92808464,-0.0319988
-0.92788464,0.0319988
-0.92768464,0
-0.92748464,-0.0319988
-0.92728464,0.0319988
-0.92708464,0
-0.92688464,0
-0.92668464,-0.0319988
-0.92648464,-0.0319988
-0.92628464,0
-0.92608464,0
-0.92588464,0.0319988
-0.92568464,0
-0.92548464,0
-0.92528464,0
-0.92508464,-0.0319988
-0.92488464,0
-0.92468464,0.0319988
-0.92448464,0.0319988
-0.92428464,0
-0.92408464,0.0639975
-0.92388464,-0.0319988
-0.92368464,0
-0.92348464,0.0639975
-0.92328464,-0.0319988
-0.92308464,-0.0319988
-0.92288464,0.0319988
-0.92268464,0.0319988
-0.92248464,0.0319988
-0.92228464,0.0319988
-0.92208464,0.0319988
-0.92188464,0.0639975
-0.92168464,-0.0319988
-0.92148464,-0.0639975
-0.92128464,0.0639975
-0.92108464,0.0319988
-0.92088464,0
-0.92068464,0
-0.92048464,0
-0.92028464,0
-0.92008464,0
-0.91988464,0.0319988
-0.91968464,-0.0639975
-0.91948464,0.0319988
-0.91928464,0
-0.91908464,0
-0.91888464,0
-0.91868464,0
-0.91848464,0
-0.91828464,-0.0319988
-0.91808464,0
-0.91788464,0
-0.91768464,0.0319988
-0.91748464,0
-0.91728464,-0.0319988
-0.91708464,0
-0.91688464,0
-0.91668464,-0.0319988
-0.91648464,0.0319988
-0.91628464,-0.0319988
-0.91608464,-0.0319988
-0.91588464,0
-0.91568464,0
-0.91548464,-0.0639975
-0.91528464,-0.0639975
-0.91508464,-0.0319988
-0.91488464,-0.0639975
-0.91468464,-0.0319988
-0.91448464,-0.0319988
-0.91428464,-0.0319988
-0.91408464,0
-0.91388464,0
-0.91368464,0
-0.91348464,-0.0319988
-0.91328464,0
-0.91308464,-0.0319988
-0.91288464,-0.0319988
-0.91268464,0
-0.91248464,-0.0639975
-0.91228464,-0.0319988
-0.91208464,-0.0319988
-0.91188464,-0.0319988
-0.91168464,-0.0319988
-0.91148464,-0.0319988
-0.91128464,-0.0639975
-0.91108464,0
-0.91088464,0
-0.91068464,-0.0319988
-0.91048464,-0.0639975
-0.91028464,-0.0319988
-0.91008464,-0.0639975
-0.90988464,-0.0319988
-0.90968464,-0.0319988
-0.90948464,-0.0319988
-0.90928464,-0.0319988
-0.90908464,0
-0.90888464,-0.0639975
-0.90868464,-0.0639975
-0.90848464,0
-0.90828464,-0.0639975
-0.90808464,0
-0.90788464,-0.0319988
-0.90768464,-0.0639975
-0.90748464,-0.0319988
-0.90728464,0
-0.90708464,-0.0639975
-0.90688464,0
-0.90668464,-0.0319988
-0.90648464,-0.0639975
-0.90628464,-0.0319988
-0.90608464,-0.0639975
-0.90588464,-0.0639975
-0.90568464,-0.0639975
-0.90548464,-0.0639975
-0.90528464,-0.0639975
-0.90508464,-0.0319988
-0.90488464,0
-0.90468464,-0.0639975
-0.90448464,-0.0319988
-0.90428464,-0.0639975
-0.90408464,-0.0959963
-0.90388464,-0.0319988
-0.90368464,-0.0319988
-0.90348464,-0.0959963
-0.90328464,-0.0319988
-0.90308464,-0.0319988
-0.90288464,-0.0639975
-0.90268464,-0.0319988
-0.90248464,-0.0639975
-0.90228464,-0.0639975
-0.90208464,-0.0319988
-0.90188464,-0.0319988
-0.90168464,-0.0639975
-0.90148464,-0.0639975
-0.90128464,0
-0.90108464,-0.0959963
-0.90088464,-0.0639975
-0.90068464,-0.0319988
-0.90048464,-0.0639975
-0.90028464,-0.0319988
-0.90008464,0
-0.89988464,-0.0639975
-0.89968464,-0.0319988
-0.89948464,-0.0639975
-0.89928464,-0.0319988
-0.89908464,-0.0639975
-0.89888464,0
-0.89868464,-0.0319988
-0.89848464,-0.0319988
-0.89828464,-0.0319988
-0.89808464,-0.0319988
-0.89788464,-0.0639975
-0.89768464,-0.0319988
-0.89748464,-0.0319988
-0.89728464,-0.0639975
-0.89708464,-0.0639975
-0.89688464,-0.0639975
-0.89668464,-0.0319988
-0.89648464,-0.0319988
-0.89628464,-0.0959963
-0.89608464,-0.0639975
-0.89588464,-0.0639975
-0.89568464,-0.0639975
-0.89548464,-0.0319988
-0.89528464,-0.0639975
-0.89508464,-0.0319988
-0.89488464,-0.0639975
-0.89468464,-0.0319988
-0.89448464,-0.0959963
-0.89428464,-0.0639975
-0.89408464,-0.0319988
-0.89388464,-0.0639975
-0.89368464,0
-0.89348464,-0.0639975
-0.89328464,-0.0639975
-0.89308464,-0.0959963
-0.89288464,-0.0639975
-0.89268464,-0.0319988
-0.89248464,-0.0639975
-0.89228464,-0.0319988
-0.89208464,-0.0639975
-0.89188464,-0.0319988
-0.89168464,-0.0319988
-0.89148464,-0.0639975
-0.89128464,-0.0319988
-0.89108464,-0.0639975
-0.89088464,-0.0639975
-0.89068464,-0.0319988
-0.89048464,-0.0319988
-0.89028464,-0.0639975
-0.89008464,-0.0639975
-0.88988464,0.0319988
-0.88968464,-0.0639975
-0.88948464,0
-0.88928464,-0.0959963
-0.88908464,-0.0639975
-0.88888464,-0.0639975
-0.88868464,-0.0319988
-0.88848464,-0.0639975
-0.88828464,-0.0959963
-0.88808464,-0.0319988
-0.88788464,-0.0639975
-0.88768464,0
-0.88748464,-0.0319988
-0.88728464,-0.0959963
-0.88708464,-0.0959963
-0.88688464,-0.0639975
-0.88668464,-0.0639975
-0.88648464,-0.0639975
-0.88628464,-0.0639975
-0.88608464,-0.0959963
-0.88588464,-0.0639975
-0.88568464,-0.0319988
-0.88548464,-0.0959963
-0.88528464,-0.0639975
-0.88508464,-0.0639975
-0.88488464,-0.0959963
-0.88468464,-0.0639975
-0.88448464,-0.0959963
-0.88428464,-0.0319988
-0.88408464,-0.0319988
-0.88388464,-0.0639975
-0.88368464,-0.0639975
-0.88348464,-0.0319988
-0.88328464,-0.0639975
-0.88308464,-0.0959963
-0.88288464,-0.0319988
-0.88268464,-0.0319988
-0.88248464,-0.0639975
-0.88228464,-0.0639975
-0.88208464,-0.0959963
-0.88188464,-0.0639975
-0.88168464,-0.0959963
-0.88148464,-0.0959963
-0.88128464,-0.127995
-0.88108464,-0.0639975
-0.88088464,-0.127995
-0.88068464,-0.127995
-0.88048464,-0.0959963
-0.88028464,-0.0639975
-0.88008464,-0.0959963
-0.87988464,-0.0959963
-0.87968464,-0.0639975
-0.87948464,-0.127995
-0.87928464,-0.0959963
-0.87908464,-0.0959963
-0.87888464,-0.127995
-0.87868464,-0.0959963
-0.87848464,-0.0959963
-0.87828464,-0.0959963
-0.87808464,-0.127995
-0.87788464,-0.127995
-0.87768464,-0.127995
-0.87748464,-0.0639975
-0.87728464,-0.127995
-0.87708464,-0.127995
-0.87688464,-0.127995
-0.87668464,-0.0959963
-0.87648464,-0.127995
-0.87628464,-0.0959963
-0.87608464,-0.127995
-0.87588464,-0.127995
-0.87568464,-0.0639975
-0.87548464,-0.0959963
-0.87528464,-0.127995
-0.87508464,-0.127995
-0.87488464,-0.159994
-0.87468464,-0.127995
-0.87448464,-0.0639975
-0.87428464,-0.0959963
-0.87408464,-0.0959963
-0.87388464,-0.127995
-0.87368464,-0.127995
-0.87348464,-0.159994
-0.87328464,-0.127995
-0.87308464,-0.0959963
-0.87288464,-0.159994
-0.87268464,-0.127995
-0.87248464,-0.0959963
-0.87228464,-0.127995
-0.87208464,-0.127995
-0.87188464,-0.127995
-0.87168464,-0.127995
-0.87148464,-0.159994
-0.87128464,-0.127995
-0.87108464,-0.127995
-0.87088464,-0.0959963
-0.87068464,-0.127995
-0.87048464,-0.159994
-0.87028464,-0.159994
-0.87008464,-0.127995
-0.86988464,-0.159994
-0.86968464,-0.127995
-0.86948464,-0.127995
-0.86928464,-0.159994
-0.86908464,-0.159994
-0.86888464,-0.127995
-0.86868464,-0.159994
-0.86848464,-0.127995
-0.86828464,-0.159994
-0.86808464,-0.223991
-0.86788464,-0.159994
-0.86768464,-0.159994
-0.86748464,-0.159994
-0.86728464,-0.127995
-0.86708464,-0.0959963
-0.86688464,-0.191993
-0.86668464,-0.159994
-0.86648464,-0.127995
-0.86628464,-0.159994
-0.86608464,-0.159994
-0.86588464,-0.159994
-0.86568464,-0.159994
-0.86548464,-0.127995
-0.86528464,-0.127995
-0.86508464,-0.159994
-0.86488464,-0.191993
-0.86468464,-0.159994
-0.86448464,-0.191993
-0.86428464,-0.191993
-0.86408464,-0.191993
-0.86388464,-0.223991
-0.86368464,-0.191993
-0.86348464,-0.159994
-0.86328464,-0.191993
-0.86308464,-0.159994
-0.86288464,-0.159994
-0.86268464,-0.191993
-0.86248464,-0.159994
-0.86228464,-0.159994
-0.86208464,-0.159994
-0.86188464,-0.191993
-0.86168464,-0.127995
-0.86148464,-0.159994
-0.86128464,-0.159994
-0.86108464,-0.159994
-0.86088464,-0.191993
-0.86068464,-0.159994
-0.86048464,-0.159994
-0.86028464,-0.191993
-0.86008464,-0.159994
-0.85988464,-0.159994
-0.85968464,-0.191993
-0.85948464,-0.191993
-0.85928464,-0.223991
-0.85908464,-0.159994
-0.85888464,-0.191993
-0.85868464,-0.159994
-0.85848464,-0.191993
-0.85828464,-0.191993
-0.85808464,-0.127995
-0.85788464,-0.223991
-0.85768464,-0.191993
-0.85748464,-0.159994
-0.85728464,-0.191993
-0.85708464,-0.191993
-0.85688464,-0.159994
-0.85668464,-0.223991
-0.85648464,-0.127995
-0.85628464,-0.223991
-0.85608464,-0.223991
-0.85588464,-0.25599
-0.85568464,-0.191993
-0.85548464,-0.191993
-0.85528464,-0.223991
-0.85508464,-0.223991
-0.85488464,-0.223991
-0.85468464,-0.223991
-0.85448464,-0.159994
-0.85428464,-0.25599
-0.85408464,-0.191993
-0.85388464,-0.159994
-0.85368464,-0.223991
-0.85348464,-0.223991
-0.85328464,-0.191993
-0.85308464,-0.223991
-0.85288464,-0.159994
-0.85268464,-0.223991
-0.85248464,-0.223991
-0.85228464,-0.191993
-0.85208464,-0.223991
-0.85188464,-0.25599
-0.85168464,-0.25599
-0.85148464,-0.223991
-0.85128464,-0.223991
-0.85108464,-0.223991
-0.85088464,-0.191993
-0.85068464,-0.191993
-0.85048464,-0.223991
-0.85028464,-0.191993
-0.85008464,-0.191993
-0.84988464,-0.223991
-0.84968464,-0.223991
-0.84948464,-0.25599
-0.84928464,-0.223991
-0.84908464,-0.191993
-0.84888464,-0.25599
-0.84868464,-0.25599
-0.84848464,-0.25599
-0.84828464,-0.191993
-0.84808464,-0.191993
-0.84788464,-0.223991
-0.84768464,-0.25599
-0.84748464,-0.223991
-0.84728464,-0.191993
-0.84708464,-0.25599
-0.84688464,-0.25599
-0.84668464,-0.191993
-0.84648464,-0.223991
-0.84628464,-0.25599
-0.84608464,-0.25599
-0.84588464,-0.223991
-0.84568464,-0.223991
-0.84548464,-0.223991
-0.84528464,-0.223991
-0.84508464,-0.25599
-0.84488464,-0.191993
-0.84468464,-0.25599
-0.84448464,-0.25599
-0.84428464,-0.223991
-0.84408464,-0.223991
-0.84388464,-0.223991
-0.84368464,-0.191993
-0.84348464,-0.25599
-0.84328464,-0.25599
-0.84308464,-0.25599
-0.84288464,-0.25599
-0.84268464,-0.25599
-0.84248464,-0.25599
-0.84228464,-0.25599
-0.84208464,-0.287989
-0.84188464,-0.287989
-0.84168464,-0.287989
-0.84148464,-0.25599
-0.84128464,-0.25599
-0.84108464,-0.223991
-0.84088464,-0.25599
-0.84068464,-0.223991
-0.84048464,-0.25599
-0.84028464,-0.25599
-0.84008464,-0.223991
-0.83988464,-0.25599
-0.83968464,-0.25599
-0.83948464,-0.223991
-0.83928464,-0.25599
-0.83908464,-0.25599
-0.83888464,-0.223991
-0.83868464,-0.25599
-0.83848464,-0.191993
-0.83828464,-0.223991
-0.83808464,-0.223991
-0.83788464,-0.223991
-0.83768464,-0.223991
-0.83748464,-0.25599
-0.83728464,-0.25599
-0.83708464,-0.25599
-0.83688464,-0.223991
-0.83668464,-0.223991
-0.83648464,-0.191993
-0.83628464,-0.25599
-0.83608464,-0.223991
-0.83588464,-0.223991
-0.83568464,-0.25599
-0.83548464,-0.223991
-0.83528464,-0.25599
-0.83508464,-0.223991
-0.83488464,-0.25599
-0.83468464,-0.191993
-0.83448464,-0.191993
-0.83428464,-0.191993
-0.83408464,-0.25599
-0.83388464,-0.25599
-0.83368464,-0.191993
-0.83348464,-0.25599
-0.83328464,-0.25599
-0.83308464,-0.223991
-0.83288464,-0.25599
-0.83268464,-0.25599
-0.83248464,-0.25599
-0.83228464,-0.25599
-0.83208464,-0.25599
-0.83188464,-0.223991
-0.83168464,-0.25599
-0.83148464,-0.25599
-0.83128464,-0.223991
-0.83108464,-0.223991
-0.83088464,-0.25599
-0.83068464,-0.25599
-0.83048464,-0.25599
-0.83028464,-0.25599
-0.83008464,-0.223991
-0.82988464,-0.25599
-0.82968464,-0.223991
-0.82948464,-0.223991
-0.82928464,-0.191993
-0.82908464,-0.223991
-0.82888464,-0.223991
-0.82868464,-0.159994
-0.82848464,-0.223991
-0.82828464,-0.223991
-0.82808464,-0.223991
-0.82788464,-0.319988
-0.82768464,-0.191993
-0.82748464,-0.191993
-0.82728464,-0.25599
-0.82708464,-0.25599
-0.82688464,-0.223991
-0.82668464,-0.191993
-0.82648464,-0.191993
-0.82628464,-0.159994
-0.82608464,-0.25599
-0.82588464,-0.191993
-0.82568464,-0.25599
-0.82548464,-0.223991
-0.82528464,-0.223991
-0.82508464,-0.223991
-0.82488464,-0.223991
-0.82468464,-0.223991
-0.82448464,-0.191993
-0.82428464,-0.25599
-0.82408464,-0.223991
-0.82388464,-0.191993
-0.82368464,-0.191993
-0.82348464,-0.191993
-0.82328464,-0.191993
-0.82308464,-0.223991
-0.82288464,-0.287989
-0.82268464,-0.159994
-0.82248464,-0.191993
-0.82228464,-0.223991
-0.82208464,-0.191993
-0.82188464,-0.223991
-0.82168464,-0.25599
-0.82148464,-0.191993
-0.82128464,-0.223991
-0.82108464,-0.191993
-0.82088464,-0.223991
-0.82068464,-0.25599
-0.82048464,-0.223991
-0.82028464,-0.25599
-0.82008464,-0.191993
-0.81988464,-0.191993
-0.81968464,-0.191993
-0.81948464,-0.223991
-0.81928464,-0.191993
-0.81908464,-0.223991
-0.81888464,-0.25599
-0.81868464,-0.223991
-0.81848464,-0.191993
-0.81828464,-0.223991
-0.81808464,-0.223991
-0.81788464,-0.191993
-0.81768464,-0.223991
-0.81748464,-0.223991
-0.81728464,-0.191993
-0.81708464,-0.25599
-0.81688464,-0.159994
-0.81668464,-0.191993
-0.81648464,-0.159994
-0.81628464,-0.191993
-0.81608464,-0.223991
-0.81588464,-0.223991
-0.81568464,-0.191993
-0.81548464,-0.191993
-0.81528464,-0.223991
-0.81508464,-0.191993
-0.81488464,-0.159994
-0.81468464,-0.25599
-0.81448464,-0.191993
-0.81428464,-0.159994
-0.81408464,-0.191993
-0.81388464,-0.223991
-0.81368464,-0.223991
-0.81348464,-0.191993
-0.81328464,-0.223991
-0.81308464,-0.159994
-0.81288464,-0.223991
-0.81268464,-0.223991
-0.81248464,-0.191993
-0.81228464,-0.191993
-0.81208464,-0.127995
-0.81188464,-0.159994
-0.81168464,-0.223991
-0.81148464,-0.191993
-0.81128464,-0.159994
-0.81108464,-0.25599
-0.81088464,-0.223991
-0.81068464,-0.25599
-0.81048464,-0.191993
-0.81028464,-0.223991
-0.81008464,-0.159994
-0.80988464,-0.223991
-0.80968464,-0.191993
-0.80948464,-0.191993
-0.80928464,-0.191993
-0.80908464,-0.159994
-0.80888464,-0.191993
-0.80868464,-0.223991
-0.80848464,-0.191993
-0.80828464,-0.159994
-0.80808464,-0.223991
-0.80788464,-0.25599
-0.80768464,-0.25599
-0.80748464,-0.25599
-0.80728464,-0.223991
-0.80708464,-0.159994
-0.80688464,-0.223991
-0.80668464,-0.191993
-0.80648464,-0.191993
-0.80628464,-0.25599
-0.80608464,-0.223991
-0.80588464,-0.223991
-0.80568464,-0.223991
-0.80548464,-0.25599
-0.80528464,-0.191993
-0.80508464,-0.191993
-0.80488464,-0.223991
-0.80468464,-0.223991
-0.80448464,-0.223991
-0.80428464,-0.25599
-0.80408464,-0.191993
-0.80388464,-0.25599
-0.80368464,-0.223991
-0.80348464,-0.159994
-0.80328464,-0.223991
-0.80308464,-0.25599
-0.80288464,-0.191993
-0.80268464,-0.223991
-0.80248464,-0.223991
-0.80228464,-0.159994
-0.80208464,-0.223991
-0.80188464,-0.191993
-0.80168464,-0.191993
-0.80148464,-0.223991
-0.80128464,-0.25599
-0.80108464,-0.191993
-0.80088464,-0.191993
-0.80068464,-0.223991
-0.80048464,-0.25599
-0.80028464,-0.191993
-0.80008464,-0.25599
-0.79988464,-0.223991
-0.79968464,-0.223991
-0.79948464,-0.223991
-0.79928464,-0.223991
-0.79908464,-0.25599
-0.79888464,-0.223991
-0.79868464,-0.223991
-0.79848464,-0.191993
-0.79828464,-0.191993
-0.79808464,-0.223991
-0.79788464,-0.223991
-0.79768464,-0.191993
-0.79748464,-0.223991
-0.79728464,-0.223991
-0.79708464,-0.159994
-0.79688464,-0.159994
-0.79668464,-0.223991
-0.79648464,-0.25599
-0.79628464,-0.223991
-0.79608464,-0.223991
-0.79588464,-0.223991
-0.79568464,-0.191993
-0.79548464,-0.223991
-0.79528464,-0.25599
-0.79508464,-0.191993
-0.79488464,-0.223991
-0.79468464,-0.25599
-0.79448464,-0.25599
-0.79428464,-0.223991
-0.79408464,-0.25599
-0.79388464,-0.191993
-0.79368464,-0.223991
-0.79348464,-0.223991
-0.79328464,-0.223991
-0.79308464,-0.223991
-0.79288464,-0.223991
-0.79268464,-0.191993
-0.79248464,-0.223991
-0.79228464,-0.223991
-0.79208464,-0.223991
-0.79188464,-0.223991
-0.79168464,-0.25599
-0.79148464,-0.223991
-0.79128464,-0.287989
-0.79108464,-0.25599
-0.79088464,-0.191993
-0.79068464,-0.25599
-0.79048464,-0.191993
-0.79028464,-0.191993
-0.79008464,-0.25599
-0.78988464,-0.191993
-0.78968464,-0.223991
-0.78948464,-0.223991
-0.78928464,-0.223991
-0.78908464,-0.223991
-0.78888464,-0.191993
-0.78868464,-0.25599
-0.78848464,-0.159994
-0.78828464,-0.223991
-0.78808464,-0.25599
-0.78788464,-0.159994
-0.78768464,-0.191993
-0.78748464,-0.223991
-0.78728464,-0.223991
-0.78708464,-0.25599
-0.78688464,-0.191993
-0.78668464,-0.191993
-0.78648464,-0.223991
-0.78628464,-0.25599
-0.78608464,-0.191993
-0.78588464,-0.223991
-0.78568464,-0.223991
-0.78548464,-0.159994
-0.78528464,-0.223991
-0.78508464,-0.25599
-0.78488464,-0.191993
-0.78468464,-0.223991
-0.78448464,-0.191993
-0.78428464,-0.191993
-0.78408464,-0.223991
-0.78388464,-0.191993
-0.78368464,-0.191993
-0.78348464,-0.191993
-0.78328464,-0.191993
-0.78308464,-0.223991
-0.78288464,-0.191993
-0.78268464,-0.223991
-0.78248464,-0.159994
-0.78228464,-0.223991
-0.78208464,-0.191993
-0.78188464,-0.159994
-0.78168464,-0.223991
-0.78148464,-0.191993
-0.78128464,-0.191993
-0.78108464,-0.191993
-0.78088464,-0.191993
-0.78068464,-0.223991
-0.78048464,-0.223991
-0.78028464,-0.191993
-0.78008464,-0.127995
-0.77988464,-0.159994
-0.77968464,-0.191993
-0.77948464,-0.223991
-0.77928464,-0.159994
-0.77908464,-0.159994
-0.77888464,-0.191993
-0.77868464,-0.223991
-0.77848464,-0.223991
-0.77828464,-0.127995
-0.77808464,-0.191993
-0.77788464,-0.159994
-0.77768464,-0.127995
-0.77748464,-0.159994
-0.77728464,-0.191993
-0.77708464,-0.127995
-0.77688464,-0.159994
-0.77668464,-0.159994
-0.77648464,-0.127995
-0.77628464,-0.159994
-0.77608464,-0.127995
-0.77588464,-0.0639975
-0.77568464,-0.127995
-0.77548464,-0.127995
-0.77528464,-0.127995
-0.77508464,-0.159994
-0.77488464,-0.127995
-0.77468464,-0.127995
-0.77448464,-0.191993
-0.77428464,-0.127995
-0.77408464,-0.0959963
-0.77388464,-0.127995
-0.77368464,-0.0959963
-0.77348464,-0.0639975
-0.77328464,-0.127995
-0.77308464,-0.0959963
-0.77288464,-0.0959963
-0.77268464,-0.0959963
-0.77248464,-0.0959963
-0.77228464,-0.0959963
-0.77208464,-0.0959963
-0.77188464,-0.0959963
-0.77168464,-0.0639975
-0.77148464,-0.0959963
-0.77128464,-0.0959963
-0.77108464,-0.0639975
-0.77088464,-0.0959963
-0.77068464,-0.0959963
-0.77048464,-0.0639975
-0.77028464,-0.0639975
-0.77008464,-0.0639975
-0.76988464,-0.0639975
-0.76968464,-0.0959963
-0.76948464,-0.0639975
-0.76928464,-0.0319988
-0.76908464,-0.0959963
-0.76888464,-0.0639975
-0.76868464,-0.0639975
-0.76848464,-0.0639975
-0.76828464,-0.0639975
-0.76808464,-0.0959963
-0.76788464,-0.0959963
-0.76768464,-0.0639975
-0.76748464,-0.0319988
-0.76728464,-0.0639975
-0.76708464,-0.0319988
-0.76688464,-0.0319988
-0.76668464,-0.0639975
-0.76648464,-0.0319988
-0.76628464,-0.0639975
-0.76608464,-0.0639975
-0.76588464,-0.0319988
-0.76568464,-0.0319988
-0.76548464,-0.0959963
-0.76528464,-0.0319988
-0.76508464,-0.0319988
-0.76488464,-0.0319988
-0.76468464,-0.0319988
-0.76448464,0
-0.76428464,0
-0.76408464,0
-0.76388464,0
-0.76368464,-0.0319988
-0.76348464,0
-0.76328464,0
-0.76308464,0
-0.76288464,0
-0.76268464,0
-0.76248464,-0.0319988
-0.76228464,0.0319988
-0.76208464,0.0319988
-0.76188464,-0.0319988
-0.76168464,0.0319988
-0.76148464,0
-0.76128464,0
-0.76108464,0
-0.76088464,0.0639975
-0.76068464,0
-0.76048464,0.0319988
-0.76028464,0
-0.76008464,0
-0.75988464,0
-0.75968464,0.0319988
-0.75948464,0.0319988
-0.75928464,0.0319988
-0.75908464,0
-0.75888464,0.0639975
-0.75868464,0.0639975
-0.75848464,0.0639975
-0.75828464,0.0319988
-0.75808464,0.0319988
-0.75788464,0.0319988
-0.75768464,0.0319988
-0.75748464,0.0319988
-0.75728464,0.0319988
-0.75708464,0.0319988
-0.75688464,0.0639975
-0.75668464,0.0639975
-0.75648464,0.0319988
-0.75628464,0.0319988
-0.75608464,0.0639975
-0.75588464,0.0639975
-0.75568464,0.0959963
-0.75548464,0.0639975
-0.75528464,0.0319988
-0.75508464,0.0639975
-0.75488464,0.0639975
-0.75468464,0.0639975
-0.75448464,0.0959963
-0.75428464,0.0639975
-0.75408464,0.0639975
-0.75388464,0.0319988
-0.75368464,0.127995
-0.75348464,0.0639975
-0.75328464,0.0639975
-0.75308464,0.0959963
-0.75288464,0.0639975
-0.75268464,0.127995
-0.75248464,0.0959963
-0.75228464,0.0959963
-0.75208464,0.0959963
-0.75188464,0.0959963
-0.75168464,0.0959963
-0.75148464,0.0959963
-0.75128464,0.0959963
-0.75108464,0.0959963
-0.75088464,0.127995
-0.75068464,0.0959963
-0.75048464,0.0959963
-0.75028464,0.127995
-0.75008464,0.127995
-0.74988464,0.0639975
-0.74968464,0.0959963
-0.74948464,0.127995
-0.74928464,0.127995
-0.74908464,0.127995
-0.74888464,0.127995
-0.74868464,0.159994
-0.74848464,0.127995
-0.74828464,0.127995
-0.74808464,0.127995
-0.74788464,0.159994
-0.74768464,0.127995
-0.74748464,0.127995
-0.74728464,0.127995
-0.74708464,0.159994
-0.74688464,0.159994
-0.74668464,0.159994
-0.74648464,0.127995
-0.74628464,0.127995
-0.74608464,0.0959963
-0.74588464,0.0959963
-0.74568464,0.159994
-0.74548464,0.127995
-0.74528464,0.0959963
-0.74508464,0.127995
-0.74488464,0.159994
-0.74468464,0.127995
-0.74448464,0.159994
-0.74428464,0.191993
-0.74408464,0.127995
-0.74388464,0.127995
-0.74368464,0.159994
-0.74348464,0.127995
-0.74328464,0.127995
-0.74308464,0.159994
-0.74288464,0.159994
-0.74268464,0.191993
-0.74248464,0.159994
-0.74228464,0.159994
-0.74208464,0.159994
-0.74188464,0.159994
-0.74168464,0.127995
-0.74148464,0.159994
-0.74128464,0.191993
-0.74108464,0.127995
-0.74088464,0.127995
-0.74068464,0.191993
-0.74048464,0.159994
-0.74028464,0.159994
-0.74008464,0.159994
-0.73988464,0.159994
-0.73968464,0.159994
-0.73948464,0.127995
-0.73928464,0.127995
-0.73908464,0.127995
-0.73888464,0.127995
-0.73868464,0.159994
-0.73848464,0.127995
-0.73828464,0.159994
-0.73808464,0.127995
-0.73788464,0.159994
-0.73768464,0.159994
-0.73748464,0.159994
-0.73728464,0.127995
-0.73708464,0.159994
-0.73688464,0.127995
-0.73668464,0.0959963
-0.73648464,0.159994
-0.73628464,0.159994
-0.73608464,0.191993
-0.73588464,0.191993
-0.73568464,0.127995
-0.73548464,0.159994
-0.73528464,0.159994
-0.73508464,0.127995
-0.73488464,0.159994
-0.73468464,0.191993
-0.73448464,0.127995
-0.73428464,0.159994
-0.73408464,0.127995
-0.73388464,0.159994
-0.73368464,0.127995
-0.73348464,0.159994
-0.73328464,0.127995
-0.73308464,0.0959963
-0.73288464,0.127995
-0.73268464,0.127995
-0.73248464,0.159994
-0.73228464,0.159994
-0.73208464,0.127995
-0.73188464,0.127995
-0.73168464,0.127995
-0.73148464,0.127995
-0.73128464,0.159994
-0.73108464,0.127995
-0.73088464,0.127995
-0.73068464,0.127995
-0.73048464,0.159994
-0.73028464,0.127995
-0.73008464,0.127995
-0.72988464,0.159994
-0.72968464,0.127995
-0.72948464,0.127995
-0.72928464,0.223991
-0.72908464,0.127995
-0.72888464,0.0959963
-0.72868464,0.127995
-0.72848464,0.127995
-0.72828464,0.127995
-0.72808464,0.191993
-0.72788464,0.127995
-0.72768464,0.127995
-0.72748464,0.159994
-0.72728464,0.127995
-0.72708464,0.127995
-0.72688464,0.0959963
-0.72668464,0.127995
-0.72648464,0.159994
-0.72628464,0.127995
-0.72608464,0.127995
-0.72588464,0.127995
-0.72568464,0.159994
-0.72548464,0.127995
-0.72528464,0.127995
-0.72508464,0.127995
-0.72488464,0.127995
-0.72468464,0.127995
-0.72448464,0.159994
-0.72428464,0.0959963
-0.72408464,0.0959963
-0.72388464,0.159994
-0.72368464,0.0959963
-0.72348464,0.0959963
-0.72328464,0.127995
-0.72308464,0.159994
-0.72288464,0.127995
-0.72268464,0.127995
-0.72248464,0.127995
-0.72228464,0.0959963
-0.72208464,0.0959963
-0.72188464,0.127995
-0.72168464,0.0639975
-0.72148464,0.0959963
-0.72128464,0.0959963
-0.72108464,0.0959963
-0.72088464,0.0959963
-0.72068464,0.127995
-0.72048464,0.127995
-0.72028464,0.0959963
-0.72008464,0.127995
-0.71988464,0.0959963
-0.71968464,0.127995
-0.71948464,0.0959963
-0.71928464,0.0639975
-0.71908464,0.0639975
-0.71888464,0.127995
-0.71868464,0.0639975
-0.71848464,0.127995
-0.71828464,0.0959963
-0.71808464,0.0319988
-0.71788464,0.0959963
-0.71768464,0.0959963
-0.71748464,0.0639975
-0.71728464,0.127995
-0.71708464,0.0639975
-0.71688464,0.0959963
-0.71668464,0.0639975
-0.71648464,0.127995
-0.71628464,0.0639975
-0.71608464,0.127995
-0.71588464,0.0959963
-0.71568464,0.0639975
-0.71548464,0.0959963
-0.71528464,0.0319988
-0.71508464,0.0319988
-0.71488464,0.0959963
-0.71468464,0.0639975
-0.71448464,0.0959963
-0.71428464,0.0959963
-0.71408464,0.127995
-0.71388464,0.0639975
-0.71368464,0.0959963
-0.71348464,0.0639975
-0.71328464,0.0319988
-0.71308464,0.0959963
-0.71288464,0.0639975
-0.71268464,0.127995
-0.71248464,0.0959963
-0.71228464,0.0639975
-0.71208464,0.0639975
-0.71188464,0.0959963
-0.71168464,0.0959963
-0.71148464,0
-0.71128464,0.0639975
-0.71108464,0.0639975
-0.71088464,0.0639975
-0.71068464,0.0639975
-0.71048464,0.0959963
-0.71028464,0.0639975
-0.71008464,0.0639975
-0.70988464,0.0639975
-0.70968464,0.0319988
-0.70948464,0.0959963
-0.70928464,0.0959963
-0.70908464,0.0639975
-0.70888464,0.0959963
-0.70868464,0.0639975
-0.70848464,0.0639975
-0.70828464,0.0639975
-0.70808464,0.0639975
-0.70788464,0.0639975
-0.70768464,0.0319988
-0.70748464,0.0639975
-0.70728464,0
-0.70708464,0.0639975
-0.70688464,0.0319988
-0.70668464,0.0319988
-0.70648464,0.0319988
-0.70628464,0.0639975
-0.70608464,0
-0.70588464,0.0639975
-0.70568464,0.0959963
-0.70548464,0.0319988
-0.70528464,0.0639975
-0.70508464,0.0319988
-0.70488464,0.0319988
-0.70468464,0.0639975
-0.70448464,0
-0.70428464,0.0319988
-0.70408464,0.0639975
-0.70388464,0.0639975
-0.70368464,0.0319988
-0.70348464,0.0319988
-0.70328464,0.0319988
-0.70308464,0.0319988
-0.70288464,0.0319988
-0.70268464,0.0319988
-0.70248464,0.0319988
-0.70228464,0
-0.70208464,0.0639975
-0.70188464,0
-0.70168464,0
-0.70148464,0.0639975
-0.70128464,0
-0.70108464,0
-0.70088464,0
-0.70068464,0.0319988
-0.70048464,0
-0.70028464,0.0319988
-0.70008464,0.0319988
-0.69988464,0
-0.69968464,0
-0.69948464,0
-0.69928464,-0.0319988
-0.69908464,0.0319988
-0.69888464,0
-0.69868464,0
-0.69848464,0
-0.69828464,0
-0.69808464,0
-0.69788464,0
-0.69768464,0
-0.69748464,0
-0.69728464,-0.0319988
-0.69708464,-0.0319988
-0.69688464,0
-0.69668464,-0.0319988
-0.69648464,-0.0319988
-0.69628464,0
-0.69608464,0
-0.69588464,-0.0639975
-0.69568464,-0.0319988
-0.69548464,0
-0.69528464,-0.0319988
-0.69508464,0
-0.69488464,0
-0.69468464,-0.0639975
-0.69448464,-0.0319988
-0.69428464,-0.0319988
-0.69408464,-0.0639975
-0.69388464,-0.0639975
-0.69368464,-0.0639975
-0.69348464,-0.0639975
-0.69328464,-0.0639975
-0.69308464,-0.0319988
-0.69288464,-0.0959963
-0.69268464,0
-0.69248464,-0.0319988
-0.69228464,-0.0639975
-0.69208464,-0.0319988
-0.69188464,-0.0319988
-0.69168464,-0.0639975
-0.69148464,-0.0639975
-0.69128464,-0.0639975
-0.69108464,-0.0319988
-0.69088464,-0.0319988
-0.69068464,0
-0.69048464,-0.0639975
-0.69028464,0
-0.69008464,0
-0.68988464,-0.0319988
-0.68968464,0
-0.68948464,-0.0319988
-0.68928464,-0.0639975
-0.68908464,-0.0319988
-0.68888464,-0.0639975
-0.68868464,-0.0319988
-0.68848464,-0.0319988
-0.68828464,0
-0.68808464,-0.0639975
-0.68788464,0
-0.68768464,-0.0319988
-0.68748464,-0.0319988
-0.68728464,-0.0639975
-0.68708464,-0.0319988
-0.68688464,-0.0319988
-0.68668464,0
-0.68648464,-0.0319988
-0.68628464,-0.0639975
-0.68608464,-0.0319988
-0.68588464,-0.0319988
-0.68568464,-0.0639975
-0.68548464,0
-0.68528464,-0.0639975
-0.68508464,-0.0639975
-0.68488464,0
-0.68468464,-0.0639975
-0.68448464,-0.0639975
-0.68428464,0
-0.68408464,-0.0319988
-0.68388464,-0.0639975
-0.68368464,0
-0.68348464,0
-0.68328464,-0.0319988
-0.68308464,-0.0319988
-0.68288464,0
-0.68268464,-0.0959963
-0.68248464,-0.0639975
-0.68228464,-0.0319988
-0.68208464,-0.0639975
-0.68188464,-0.0319988
-0.68168464,0
-0.68148464,-0.0639975
-0.68128464,-0.0319988
-0.68108464,-0.0639975
-0.68088464,-0.0319988
-0.68068464,-0.0959963
-0.68048464,0
-0.68028464,-0.0639975
-0.68008464,-0.0319988
-0.67988464,-0.0319988
-0.67968464,-0.0639975
-0.67948464,-0.0319988
-0.67928464,-0.0639975
-0.67908464,-0.0639975
-0.67888464,-0.0319988
-0.67868464,-0.0319988
-0.67848464,-0.0639975
-0.67828464,-0.0319988
-0.67808464,-0.0639975
-0.67788464,-0.0639975
-0.67768464,-0.0319988
-0.67748464,-0.0319988
-0.67728464,-0.0639975
-0.67708464,-0.0639975
-0.67688464,-0.0639975
-0.67668464,-0.0959963
-0.67648464,-0.0639975
-0.67628464,-0.0319988
-0.67608464,-0.0639975
-0.67588464,0
-0.67568464,-0.0639975
-0.67548464,-0.0639975
-0.67528464,-0.0319988
-0.67508464,-0.0639975
-0.67488464,-0.0639975
-0.67468464,-0.0639975
-0.67448464,-0.0639975
-0.67428464,-0.0639975
-0.67408464,-0.0639975
-0.67388464,-0.0639975
-0.67368464,-0.0319988
-0.67348464,-0.0959963
-0.67328464,-0.0319988
-0.67308464,-0.0639975
-0.67288464,-0.0639975
-0.67268464,-0.0319988
-0.67248464,-0.0639975
-0.67228464,-0.0639975
-0.67208464,-0.0639975
-0.67188464,-0.0959963
-0.67168464,-0.0319988
-0.67148464,-0.0319988
-0.67128464,-0.0639975
-0.67108464,0
-0.67088464,0
-0.67068464,-0.0959963
-0.67048464,0
-0.67028464,-0.0319988
-0.67008464,-0.0319988
-0.66988464,-0.0319988
-0.66968464,-0.0319988
-0.66948464,-0.0639975
-0.66928464,0
-0.66908464,-0.0319988
-0.66888464,-0.0319988
-0.66868464,-0.0319988
-0.66848464,-0.0319988
-0.66828464,-0.0639975
-0.66808464,-0.0319988
-0.66788464,0
-0.66768464,-0.0959963
-0.66748464,-0.0319988
-0.66728464,-0.0319988
-0.66708464,-0.0639975
-0.66688464,-0.0319988
-0.66668464,-0.0639975
-0.66648464,-0.0639975
-0.66628464,-0.0319988
-0.66608464,0
-0.66588464,-0.0639975
-0.66568464,-0.0319988
-0.66548464,-0.0319988
-0.66528464,-0.0319988
-0.66508464,-0.0319988
-0.66488464,-0.0319988
-0.66468464,-0.0319988
-0.66448464,0
-0.66428464,0
-0.66408464,-0.0639975
-0.66388464,0
-0.66368464,-0.0319988
-0.66348464,-0.0639975
-0.66328464,-0.0639975
-0.66308464,0
-0.66288464,-0.0639975
-0.66268464,-0.0319988
-0.66248464,0
-0.66228464,-0.0319988
-0.66208464,-0.0319988
-0.66188464,-0.0639975
-0.66168464,-0.0319988
-0.66148464,-0.0639975
-0.66128464,-0.0319988
-0.66108464,-0.0639975
-0.66088464,0
-0.66068464,-0.0319988
-0.66048464,-0.0639975
-0.66028464,-0.0639975
-0.66008464,-0.0319988
-0.65988464,-0.0639975
-0.65968464,-0.0319988
-0.65948464,-0.0319988
-0.65928464,-0.0639975
-0.65908464,-0.0639975
-0.65888464,-0.0319988
-0.65868464,-0.127995
-0.65848464,-0.0319988
-0.65828464,-0.0639975
-0.65808464,-0.0959963
-0.65788464,-0.0319988
-0.65768464,-0.0319988
-0.65748464,-0.0639975
-0.65728464,-0.0639975
-0.65708464,-0.0959963
-0.65688464,-0.0639975
-0.65668464,-0.0639975
-0.65648464,-0.0319988
-0.65628464,-0.0959963
-0.65608464,-0.0639975
-0.65588464,-0.0319988
-0.65568464,-0.0959963
-0.65548464,-0.0639975
-0.65528464,-0.0319988
-0.65508464,-0.0639975
-0.65488464,-0.0319988
-0.65468464,0
-0.65448464,-0.0319988
-0.65428464,-0.0319988
-0.65408464,0
-0.65388464,-0.0639975
-0.65368464,-0.0959963
-0.65348464,-0.0319988
-0.65328464,-0.0959963
-0.65308464,-0.0639975
-0.65288464,-0.0639975
-0.65268464,-0.0639975
-0.65248464,-0.0959963
-0.65228464,-0.0319988
-0.65208464,-0.0639975
-0.65188464,-0.0959963
-0.65168464,-0.0639975
-0.65148464,-0.0959963
-0.65128464,-0.0959963
-0.65108464,-0.0319988
-0.65088464,-0.0959963
-0.65068464,-0.0639975
-0.65048464,-0.0639975
-0.65028464,-0.0639975
-0.65008464,-0.0959963
-0.64988464,-0.0639975
-0.64968464,-0.0639975
-0.64948464,-0.0959963
-0.64928464,-0.0319988
-0.64908464,-0.0959963
-0.64888464,-0.0639975
-0.64868464,-0.0639975
-0.64848464,-0.0639975
-0.64828464,-0.0639975
-0.64808464,-0.0639975
-0.64788464,-0.0959963
-0.64768464,-0.0959963
-0.64748464,-0.0639975
-0.64728464,-0.0319988
-0.64708464,-0.0639975
-0.64688464,-0.0639975
-0.64668464,-0.0959963
-0.64648464,-0.0639975
-0.64628464,-0.0959963
-0.64608464,-0.0959963
-0.64588464,-0.0319988
-0.64568464,-0.0319988
-0.64548464,-0.0959963
-0.64528464,-0.0639975
-0.64508464,-0.0959963
-0.64488464,-0.127995
-0.64468464,-0.0639975
-0.64448464,-0.0639975
-0.64428464,-0.0959963
-0.64408464,-0.0639975
-0.64388464,-0.0639975
-0.64368464,-0.0639975
-0.64348464,-0.0639975
-0.64328464,-0.0319988
-0.64308464,-0.127995
-0.64288464,-0.0639975
-0.64268464,-0.0639975
-0.64248464,-0.0639975
-0.64228464,-0.0319988
-0.64208464,-0.0639975
-0.64188464,-0.127995
-0.64168464,-0.0639975
-0.64148464,-0.0959963
-0.64128464,-0.0959963
-0.64108464,-0.0959963
-0.64088464,-0.0639975
-0.64068464,-0.0639975
-0.64048464,-0.0959963
-0.64028464,-0.0639975
-0.64008464,-0.0959963
-0.63988464,-0.0639975
-0.63968464,-0.0639975
-0.63948464,-0.0959963
-0.63928464,-0.0959963
-0.63908464,-0.0639975
-0.63888464,-0.0959963
-0.63868464,-0.0959963
-0.63848464,-0.0319988
-0.63828464,-0.0959963
-0.63808464,-0.0959963
-0.63788464,-0.0319988
-0.63768464,-0.0639975
-0.63748464,-0.0639975
-0.63728464,-0.0639975
-0.63708464,-0.0959963
-0.63688464,-0.0639975
-0.63668464,-0.0959963
-0.63648464,-0.127995
-0.63628464,-0.0639975
-0.63608464,-0.127995
-0.63588464,-0.0959963
-0.63568464,-0.0959963
-0.63548464,-0.0959963
-0.63528464,-0.0959963
-0.63508464,-0.0959963
-0.63488464,-0.0959963
-0.63468464,-0.127995
-0.63448464,-0.0959963
-0.63428464,-0.0959963
-0.63408464,-0.0639975
-0.63388464,-0.127995
-0.63368464,-0.0959963
-0.63348464,-0.127995
-0.63328464,-0.0639975
-0.63308464,-0.0959963
-0.63288464,-0.0959963
-0.63268464,-0.0959963
-0.63248464,-0.0959963
-0.63228464,-0.0959963
-0.63208464,-0.0959963
-0.63188464,-0.0639975
-0.63168464,-0.127995
-0.63148464,-0.0959963
-0.63128464,-0.0959963
-0.63108464,-0.159994
-0.63088464,-0.127995
-0.63068464,-0.0959963
-0.63048464,-0.127995
-0.63028464,-0.127995
-0.63008464,-0.0959963
-0.62988464,-0.159994
-0.62968464,-0.0959963
-0.62948464,-0.0639975
-0.62928464,-0.0959963
-0.62908464,-0.0959963
-0.62888464,-0.0959963
-0.62868464,-0.0959963
-0.62848464,-0.0959963
-0.62828464,-0.127995
-0.62808464,-0.127995
-0.62788464,-0.0959963
-0.62768464,-0.0959963
-0.62748464,-0.127995
-0.62728464,-0.0639975
-0.62708464,-0.0959963
-0.62688464,-0.0959963
-0.62668464,-0.127995
-0.62648464,-0.0959963
-0.62628464,-0.0959963
-0.62608464,-0.0959963
-0.62588464,-0.0959963
-0.62568464,-0.127995
-0.62548464,-0.0959963
-0.62528464,-0.0959963
-0.62508464,-0.0959963
-0.62488464,-0.127995
-0.62468464,-0.0639975
-0.62448464,-0.0959963
-0.62428464,-0.127995
-0.62408464,-0.0959963
-0.62388464,-0.127995
-0.62368464,-0.0959963
-0.62348464,-0.0959963
-0.62328464,-0.127995
-0.62308464,-0.127995
-0.62288464,-0.0959963
-0.62268464,-0.127995
-0.62248464,-0.127995
-0.62228464,-0.0959963
-0.62208464,-0.0639975
-0.62188464,-0.127995
-0.62168464,-0.159994
-0.62148464,-0.159994
-0.62128464,-0.127995
-0.62108464,-0.0959963
-0.62088464,-0.0959963
-0.62068464,-0.0639975
-0.62048464,-0.127995
-0.62028464,-0.159994
-0.62008464,-0.0959963
-0.61988464,-0.127995
-0.61968464,-0.159994
-0.61948464,-0.0959963
-0.61928464,-0.127995
-0.61908464,-0.159994
-0.61888464,-0.0959963
-0.61868464,-0.0639975
-0.61848464,-0.127995
-0.61828464,-0.159994
-0.61808464,-0.0959963
-0.61788464,-0.127995
-0.61768464,-0.127995
-0.61748464,-0.0959963
-0.61728464,-0.127995
-0.61708464,-0.0959963
-0.61688464,-0.0959963
-0.61668464,-0.159994
-0.61648464,-0.127995
-0.61628464,-0.127995
-0.61608464,-0.127995
-0.61588464,-0.0959963
-0.61568464,-0.0959963
-0.61548464,-0.127995
-0.61528464,-0.127995
-0.61508464,-0.0959963
-0.61488464,-0.159994
-0.61468464,-0.127995
-0.61448464,-0.0959963
-0.61428464,-0.0959963
-0.61408464,-0.0959963
-0.61388464,-0.127995
-0.61368464,-0.159994
-0.61348464,-0.159994
-0.61328464,-0.0959963
-0.61308464,-0.0959963
-0.61288464,-0.0639975
-0.61268464,-0.0639975
-0.61248464,-0.159994
-0.61228464,-0.0639975
-0.61208464,-0.0959963
-0.61188464,-0.0959963
-0.61168464,-0.0959963
-0.61148464,-0.0639975
-0.61128464,-0.127995
-0.61108464,-0.0639975
-0.61088464,-0.0959963
-0.61068464,-0.0959963
-0.61048464,-0.0639975
-0.61028464,-0.0959963
-0.61008464,-0.0959963
-0.60988464,-0.0959963
-0.60968464,-0.0639975
-0.60948464,-0.0959963
-0.60928464,-0.127995
-0.60908464,-0.0639975
-0.60888464,-0.0959963
-0.60868464,-0.0319988
-0.60848464,-0.0639975
-0.60828464,-0.0639975
-0.60808464,-0.0639975
-0.60788464,-0.0639975
-0.60768464,-0.0959963
-0.60748464,-0.0959963
-0.60728464,-0.0639975
-0.60708464,-0.0639975
-0.60688464,-0.0959963
-0.60668464,-0.0639975
-0.60648464,-0.0959963
-0.60628464,-0.0959963
-0.60608464,-0.0959963
-0.60588464,-0.0959963
-0.60568464,-0.0639975
-0.60548464,-0.0959963
-0.60528464,-0.0959963
-0.60508464,-0.0639975
-0.60488464,-0.0959963
-0.60468464,-0.0639975
-0.60448464,-0.0959963
-0.60428464,-0.0959963
-0.60408464,-0.0639975
-0.60388464,-0.0639975
-0.60368464,-0.0639975
-0.60348464,-0.0639975
-0.60328464,-0.0319988
-0.60308464,-0.0639975
-0.60288464,-0.0959963
-0.60268464,-0.0319988
-0.60248464,-0.0639975
-0.60228464,-0.0959963
-0.60208464,-0.0639975
-0.60188464,-0.0319988
-0.60168464,-0.0319988
-0.60148464,-0.0319988
-0.60128464,-0.0319988
-0.60108464,-0.0639975
-0.60088464,-0.0319988
-0.60068464,-0.0319988
-0.60048464,-0.0639975
-0.60028464,0
-0.60008464,0
-0.59988464,-0.0319988
-0.59968464,-0.0639975
-0.59948464,-0.0319988
-0.59928464,-0.0639975
-0.59908464,-0.0319988
-0.59888464,-0.0319988
-0.59868464,-0.0639975
-0.59848464,0
-0.59828464,-0.0319988
-0.59808464,0
-0.59788464,0
-0.59768464,-0.0319988
-0.59748464,-0.0319988
-0.59728464,-0.0319988
-0.59708464,-0.0319988
-0.59688464,-0.0639975
-0.59668464,0
-0.59648464,0
-0.59628464,-0.0639975
-0.59608464,0.0319988
-0.59588464,0
-0.59568464,-0.0319988
-0.59548464,0
-0.59528464,-0.0639975
-0.59508464,-0.0319988
-0.59488464,0
-0.59468464,0
-0.59448464,0
-0.59428464,0
-0.59408464,0.0319988
-0.59388464,-0.0319988
-0.59368464,0
-0.59348464,0
-0.59328464,-0.0319988
-0.59308464,0
-0.59288464,0.0319988
-0.59268464,0.0319988
-0.59248464,0.0319988
-0.59228464,0.0319988
-0.59208464,0
-0.59188464,0.0319988
-0.59168464,0
-0.59148464,-0.0319988
-0.59128464,0
-0.59108464,0.0319988
-0.59088464,0
-0.59068464,0.0639975
-0.59048464,0.0639975
-0.59028464,0.0959963
-0.59008464,0.0319988
-0.58988464,0.0639975
-0.58968464,0.0319988
-0.58948464,0.0319988
-0.58928464,0.0959963
-0.58908464,0.0639975
-0.58888464,0.0639975
-0.58868464,0.0639975
-0.58848464,0.0639975
-0.58828464,0.0959963
-0.58808464,0.0959963
-0.58788464,0.0639975
-0.58768464,0.0959963
-0.58748464,0.0959963
-0.58728464,0.0639975
-0.58708464,0.0639975
-0.58688464,0.0959963
-0.58668464,0.127995
-0.58648464,0.159994
-0.58628464,0.127995
-0.58608464,0.0959963
-0.58588464,0.127995
-0.58568464,0.0959963
-0.58548464,0.127995
-0.58528464,0.127995
-0.58508464,0.127995
-0.58488464,0.127995
-0.58468464,0.127995
-0.58448464,0.127995
-0.58428464,0.127995
-0.58408464,0.159994
-0.58388464,0.127995
-0.58368464,0.159994
-0.58348464,0.127995
-0.58328464,0.127995
-0.58308464,0.159994
-0.58288464,0.127995
-0.58268464,0.159994
-0.58248464,0.159994
-0.58228464,0.159994
-0.58208464,0.127995
-0.58188464,0.127995
-0.58168464,0.159994
-0.58148464,0.159994
-0.58128464,0.159994
-0.58108464,0.159994
-0.58088464,0.159994
-0.58068464,0.159994
-0.58048464,0.191993
-0.58028464,0.159994
-0.58008464,0.127995
-0.57988464,0.191993
-0.57968464,0.159994
-0.57948464,0.159994
-0.57928464,0.191993
-0.57908464,0.191993
-0.57888464,0.223991
-0.57868464,0.159994
-0.57848464,0.159994
-0.57828464,0.191993
-0.57808464,0.223991
-0.57788464,0.191993
-0.57768464,0.223991
-0.57748464,0.191993
-0.57728464,0.223991
-0.57708464,0.191993
-0.57688464,0.223991
-0.57668464,0.223991
-0.57648464,0.223991
-0.57628464,0.191993
-0.57608464,0.191993
-0.57588464,0.191993
-0.57568464,0.25599
-0.57548464,0.223991
-0.57528464,0.223991
-0.57508464,0.191993
-0.57488464,0.223991
-0.57468464,0.25599
-0.57448464,0.287989
-0.57428464,0.191993
-0.57408464,0.223991
-0.57388464,0.223991
-0.57368464,0.223991
-0.57348464,0.191993
-0.57328464,0.25599
-0.57308464,0.223991
-0.57288464,0.25599
-0.57268464,0.319988
-0.57248464,0.223991
-0.57228464,0.223991
-0.57208464,0.25599
-0.57188464,0.223991
-0.57168464,0.25599
-0.57148464,0.25599
-0.57128464,0.25599
-0.57108464,0.25599
-0.57088464,0.287989
-0.57068464,0.25599
-0.57048464,0.223991
-0.57028464,0.223991
-0.57008464,0.25599
-0.56988464,0.25599
-0.56968464,0.287989
-0.56948464,0.223991
-0.56928464,0.25599
-0.56908464,0.319988
-0.56888464,0.287989
-0.56868464,0.25599
-0.56848464,0.25599
-0.56828464,0.223991
-0.56808464,0.25599
-0.56788464,0.25599
-0.56768464,0.223991
-0.56748464,0.25599
-0.56728464,0.25599
-0.56708464,0.287989
-0.56688464,0.287989
-0.56668464,0.25599
-0.56648464,0.25599
-0.56628464,0.25599
-0.56608464,0.287989
-0.56588464,0.25599
-0.56568464,0.287989
-0.56548464,0.287989
-0.56528464,0.287989
-0.56508464,0.287989
-0.56488464,0.319988
-0.56468464,0.25599
-0.56448464,0.25599
-0.56428464,0.287989
-0.56408464,0.25599
-0.56388464,0.287989
-0.56368464,0.287989
-0.56348464,0.319988
-0.56328464,0.319988
-0.56308464,0.319988
-0.56288464,0.319988
-0.56268464,0.25599
-0.56248464,0.319988
-0.56228464,0.25599
-0.56208464,0.287989
-0.56188464,0.319988
-0.56168464,0.287989
-0.56148464,0.319988
-0.56128464,0.319988
-0.56108464,0.287989
-0.56088464,0.287989
-0.56068464,0.351986
-0.56048464,0.287989
-0.56028464,0.287989
-0.56008464,0.287989
-0.55988464,0.287989
-0.55968464,0.319988
-0.55948464,0.319988
-0.55928464,0.287989
-0.55908464,0.287989
-0.55888464,0.351986
-0.55868464,0.319988
-0.55848464,0.319988
-0.55828464,0.351986
-0.55808464,0.287989
-0.55788464,0.319988
-0.55768464,0.287989
-0.55748464,0.319988
-0.55728464,0.319988
-0.55708464,0.351986
-0.55688464,0.319988
-0.55668464,0.287989
-0.55648464,0.319988
-0.55628464,0.287989
-0.55608464,0.287989
-0.55588464,0.319988
-0.55568464,0.319988
-0.55548464,0.287989
-0.55528464,0.319988
-0.55508464,0.351986
-0.55488464,0.319988
-0.55468464,0.319988
-0.55448464,0.319988
-0.55428464,0.287989
-0.55408464,0.319988
-0.55388464,0.319988
-0.55368464,0.319988
-0.55348464,0.287989
-0.55328464,0.25599
-0.55308464,0.319988
-0.55288464,0.287989
-0.55268464,0.287989
-0.55248464,0.287989
-0.55228464,0.351986
-0.55208464,0.25599
-0.55188464,0.319988
-0.55168464,0.351986
-0.55148464,0.287989
-0.55128464,0.287989
-0.55108464,0.319988
-0.55088464,0.287989
-0.55068464,0.351986
-0.55048464,0.287989
-0.55028464,0.287989
-0.55008464,0.287989
-0.54988464,0.319988
-0.54968464,0.319988
-0.54948464,0.287989
-0.54928464,0.287989
-0.54908464,0.287989
-0.54888464,0.25599
-0.54868464,0.319988
-0.54848464,0.287989
-0.54828464,0.287989
-0.54808464,0.351986
-0.54788464,0.319988
-0.54768464,0.319988
-0.54748464,0.319988
-0.54728464,0.25599
-0.54708464,0.319988
-0.54688464,0.319988
-0.54668464,0.287989
-0.54648464,0.319988
-0.54628464,0.287989
-0.54608464,0.319988
-0.54588464,0.287989
-0.54568464,0.319988
-0.54548464,0.25599
-0.54528464,0.319988
-0.54508464,0.319988
-0.54488464,0.319988
-0.54468464,0.287989
-0.54448464,0.351986
-0.54428464,0.25599
-0.54408464,0.319988
-0.54388464,0.319988
-0.54368464,0.25599
-0.54348464,0.319988
-0.54328464,0.287989
-0.54308464,0.287989
-0.54288464,0.25599
-0.54268464,0.319988
-0.54248464,0.287989
-0.54228464,0.287989
-0.54208464,0.351986
-0.54188464,0.287989
-0.54168464,0.319988
-0.54148464,0.319988
-0.54128464,0.351986
-0.54108464,0.319988
-0.54088464,0.319988
-0.54068464,0.287989
-0.54048464,0.319988
-0.54028464,0.351986
-0.54008464,0.287989
-0.53988464,0.319988
-0.53968464,0.25599
-0.53948464,0.319988
-0.53928464,0.319988
-0.53908464,0.351986
-0.53888464,0.287989
-0.53868464,0.287989
-0.53848464,0.319988
-0.53828464,0.319988
-0.53808464,0.319988
-0.53788464,0.351986
-0.53768464,0.287989
-0.53748464,0.319988
-0.53728464,0.319988
-0.53708464,0.287989
-0.53688464,0.319988
-0.53668464,0.319988
-0.53648464,0.319988
-0.53628464,0.319988
-0.53608464,0.351986
-0.53588464,0.287989
-0.53568464,0.319988
-0.53548464,0.319988
-0.53528464,0.25599
-0.53508464,0.351986
-0.53488464,0.287989
-0.53468464,0.319988
-0.53448464,0.287989
-0.53428464,0.351986
-0.53408464,0.319988
-0.53388464,0.287989
-0.53368464,0.351986
-0.53348464,0.319988
-0.53328464,0.25599
-0.53308464,0.287989
-0.53288464,0.25599
-0.53268464,0.287989
-0.53248464,0.351986
-0.53228464,0.319988
-0.53208464,0.319988
-0.53188464,0.319988
-0.53168464,0.287989
-0.53148464,0.287989
-0.53128464,0.383985
-0.53108464,0.287989
-0.53088464,0.287989
-0.53068464,0.351986
-0.53048464,0.319988
-0.53028464,0.287989
-0.53008464,0.319988
-0.52988464,0.25599
-0.52968464,0.351986
-0.52948464,0.319988
-0.52928464,0.319988
-0.52908464,0.287989
-0.52888464,0.319988
-0.52868464,0.287989
-0.52848464,0.319988
-0.52828464,0.351986
-0.52808464,0.319988
-0.52788464,0.319988
-0.52768464,0.319988
-0.52748464,0.287989
-0.52728464,0.319988
-0.52708464,0.319988
-0.52688464,0.25599
-0.52668464,0.319988
-0.52648464,0.351986
-0.52628464,0.287989
-0.52608464,0.319988
-0.52588464,0.351986
-0.52568464,0.287989
-0.52548464,0.319988
-0.52528464,0.351986
-0.52508464,0.287989
-0.52488464,0.319988
-0.52468464,0.319988
-0.52448464,0.319988
-0.52428464,0.319988
-0.52408464,0.351986
-0.52388464,0.319988
-0.52368464,0.25599
-0.52348464,0.383985
-0.52328464,0.287989
-0.52308464,0.319988
-0.52288464,0.351986
-0.52268464,0.25599
-0.52248464,0.319988
-0.52228464,0.351986
-0.52208464,0.287989
-0.52188464,0.287989
-0.52168464,0.319988
-0.52148464,0.319988
-0.52128464,0.319988
-0.52108464,0.319988
-0.52088464,0.319988
-0.52068464,0.319988
-0.52048464,0.351986
-0.52028464,0.319988
-0.52008464,0.287989
-0.51988464,0.351986
-0.51968464,0.319988
-0.51948464,0.287989
-0.51928464,0.319988
-0.51908464,0.319988
-0.51888464,0.319988
-0.51868464,0.351986
-0.51848464,0.319988
-0.51828464,0.351986
-0.51808464,0.351986
-0.51788464,0.319988
-0.51768464,0.351986
-0.51748464,0.351986
-0.51728464,0.319988
-0.51708464,0.319988
-0.51688464,0.319988
-0.51668464,0.319988
-0.51648464,0.383985
-0.51628464,0.351986
-0.51608464,0.351986
-0.51588464,0.351986
-0.51568464,0.383985
-0.51548464,0.319988
-0.51528464,0.351986
-0.51508464,0.351986
-0.51488464,0.319988
-0.51468464,0.351986
-0.51448464,0.383985
-0.51428464,0.383985
-0.51408464,0.351986
-0.51388464,0.383985
-0.51368464,0.351986
-0.51348464,0.351986
-0.51328464,0.351986
-0.51308464,0.319988
-0.51288464,0.383985
-0.51268464,0.383985
-0.51248464,0.351986
-0.51228464,0.319988
-0.51208464,0.383985
-0.51188464,0.415984
-0.51168464,0.415984
-0.51148464,0.415984
-0.51128464,0.351986
-0.51108464,0.383985
-0.51088464,0.415984
-0.51068464,0.383985
-0.51048464,0.383985
-0.51028464,0.415984
-0.51008464,0.383985
-0.50988464,0.383985
-0.50968464,0.415984
-0.50948464,0.351986
-0.50928464,0.383985
-0.50908464,0.415984
-0.50888464,0.383985
-0.50868464,0.319988
-0.50848464,0.415984
-0.50828464,0.351986
-0.50808464,0.383985
-0.50788464,0.415984
-0.50768464,0.383985
-0.50748464,0.415984
-0.50728464,0.415984
-0.50708464,0.415984
-0.50688464,0.351986
-0.50668464,0.415984
-0.50648464,0.383985
-0.50628464,0.383985
-0.50608464,0.383985
-0.50588464,0.383985
-0.50568464,0.383985
-0.50548464,0.415984
-0.50528464,0.383985
-0.50508464,0.383985
-0.50488464,0.415984
-0.50468464,0.351986
-0.50448464,0.383985
-0.50428464,0.415984
-0.50408464,0.383985
-0.50388464,0.415984
-0.50368464,0.383985
-0.50348464,0.415984
-0.50328464,0.415984
-0.50308464,0.383985
-0.50288464,0.383985
-0.50268464,0.383985
-0.50248464,0.447983
-0.50228464,0.351986
-0.50208464,0.383985
-0.50188464,0.383985
-0.50168464,0.383985
-0.50148464,0.383985
-0.50128464,0.415984
-0.50108464,0.415984
-0.50088464,0.383985
-0.50068464,0.415984
-0.50048464,0.415984
-0.50028464,0.383985
-0.50008464,0.415984
-0.49988464,0.415984
-0.49968464,0.383985
-0.49948464,0.415984
-0.49928464,0.383985
-0.49908464,0.415984
-0.49888464,0.415984
-0.49868464,0.415984
-0.49848464,0.415984
-0.49828464,0.415984
-0.49808464,0.383985
-0.49788464,0.383985
-0.49768464,0.415984
-0.49748464,0.383985
-0.49728464,0.383985
-0.49708464,0.383985
-0.49688464,0.383985
-0.49668464,0.383985
-0.49648464,0.415984
-0.49628464,0.351986
-0.49608464,0.415984
-0.49588464,0.415984
-0.49568464,0.383985
-0.49548464,0.383985
-0.49528464,0.415984
-0.49508464,0.415984
-0.49488464,0.383985
-0.49468464,0.383985
-0.49448464,0.351986
-0.49428464,0.383985
-0.49408464,0.415984
-0.49388464,0.383985
-0.49368464,0.351986
-0.49348464,0.383985
-0.49328464,0.383985
-0.49308464,0.351986
-0.49288464,0.383985
-0.49268464,0.351986
-0.49248464,0.383985
-0.49228464,0.383985
-0.49208464,0.319988
-0.49188464,0.383985
-0.49168464,0.383985
-0.49148464,0.319988
-0.49128464,0.383985
-0.49108464,0.415984
-0.49088464,0.351986
-0.49068464,0.319988
-0.49048464,0.351986
-0.49028464,0.351986
-0.49008464,0.383985
-0.48988464,0.383985
-0.48968464,0.351986
-0.48948464,0.319988
-0.48928464,0.383985
-0.48908464,0.351986
-0.48888464,0.351986
-0.48868464,0.383985
-0.48848464,0.351986
-0.48828464,0.351986
-0.48808464,0.351986
-0.48788464,0.351986
-0.48768464,0.351986
-0.48748464,0.415984
-0.48728464,0.383985
-0.48708464,0.351986
-0.48688464,0.383985
-0.48668464,0.351986
-0.48648464,0.351986
-0.48628464,0.383985
-0.48608464,0.319988
-0.48588464,0.351986
-0.48568464,0.383985
-0.48548464,0.319988
-0.48528464,0.319988
-0.48508464,0.351986
-0.48488464,0.351986
-0.48468464,0.351986
-0.48448464,0.351986
-0.48428464,0.319988
-0.48408464,0.319988
-0.48388464,0.383985
-0.48368464,0.319988
-0.48348464,0.319988
-0.48328464,0.383985
-0.48308464,0.351986
-0.48288464,0.319988
-0.48268464,0.351986
-0.48248464,0.351986
-0.48228464,0.351986
-0.48208464,0.351986
-0.48188464,0.319988
-0.48168464,0.319988
-0.48148464,0.351986
-0.48128464,0.319988
-0.48108464,0.287989
-0.48088464,0.319988
-0.48068464,0.319988
-0.48048464,0.287989
-0.48028464,0.351986
-0.48008464,0.287989
-0.47988464,0.319988
-0.47968464,0.351986
-0.47948464,0.351986
-0.47928464,0.319988
-0.47908464,0.351986
-0.47888464,0.351986
-0.47868464,0.319988
-0.47848464,0.319988
-0.47828464,0.287989
-0.47808464,0.319988
-0.47788464,0.319988
-0.47768464,0.287989
-0.47748464,0.319988
-0.47728464,0.351986
-0.47708464,0.287989
-0.47688464,0.319988
-0.47668464,0.351986
-0.47648464,0.319988
-0.47628464,0.319988
-0.47608464,0.319988
-0.47588464,0.319988
-0.47568464,0.287989
-0.47548464,0.319988
-0.47528464,0.287989
-0.47508464,0.287989
-0.47488464,0.287989
-0.47468464,0.287989
-0.47448464,0.319988
-0.47428464,0.351986
-0.47408464,0.319988
-0.47388464,0.319988
-0.47368464,0.319988
-0.47348464,0.287989
-0.47328464,0.25599
-0.47308464,0.287989
-0.47288464,0.287989
-0.47268464,0.287989
-0.47248464,0.287989
-0.47228464,0.287989
-0.47208464,0.351986
-0.47188464,0.25599
-0.47168464,0.287989
-0.47148464,0.25599
-0.47128464,0.319988
-0.47108464,0.25599
-0.47088464,0.287989
-0.47068464,0.287989
-0.47048464,0.287989
-0.47028464,0.287989
-0.47008464,0.25599
-0.46988464,0.223991
-0.46968464,0.287989
-0.46948464,0.287989
-0.46928464,0.25599
-0.46908464,0.25599
-0.46888464,0.25599
-0.46868464,0.25599
-0.46848464,0.25599
-0.46828464,0.287989
-0.46808464,0.223991
-0.46788464,0.223991
-0.46768464,0.25599
-0.46748464,0.25599
-0.46728464,0.25599
-0.46708464,0.223991
-0.46688464,0.25599
-0.46668464,0.25599
-0.46648464,0.25599
-0.46628464,0.25599
-0.46608464,0.191993
-0.46588464,0.25599
-0.46568464,0.191993
-0.46548464,0.25599
-0.46528464,0.223991
-0.46508464,0.191993
-0.46488464,0.223991
-0.46468464,0.223991
-0.46448464,0.191993
-0.46428464,0.223991
-0.46408464,0.223991
-0.46388464,0.223991
-0.46368464,0.191993
-0.46348464,0.191993
-0.46328464,0.223991
-0.46308464,0.191993
-0.46288464,0.191993
-0.46268464,0.191993
-0.46248464,0.25599
-0.46228464,0.159994
-0.46208464,0.159994
-0.46188464,0.159994
-0.46168464,0.159994
-0.46148464,0.159994
-0.46128464,0.191993
-0.46108464,0.191993
-0.46088464,0.191993
-0.46068464,0.159994
-0.46048464,0.159994
-0.46028464,0.159994
-0.46008464,0.127995
-0.45988464,0.127995
-0.45968464,0.159994
-0.45948464,0.159994
-0.45928464,0.191993
-0.45908464,0.127995
-0.45888464,0.159994
-0.45868464,0.159994
-0.45848464,0.127995
-0.45828464,0.159994
-0.45808464,0.127995
-0.45788464,0.127995
-0.45768464,0.127995
-0.45748464,0.159994
-0.45728464,0.159994
-0.45708464,0.127995
-0.45688464,0.127995
-0.45668464,0.159994
-0.45648464,0.0959963
-0.45628464,0.127995
-0.45608464,0.159994
-0.45588464,0.127995
-0.45568464,0.0959963
-0.45548464,0.127995
-0.45528464,0.127995
-0.45508464,0.127995
-0.45488464,0.127995
-0.45468464,0.127995
-0.45448464,0.159994
-0.45428464,0.0959963
-0.45408464,0.159994
-0.45388464,0.127995
-0.45368464,0.0959963
-0.45348464,0.127995
-0.45328464,0.127995
-0.45308464,0.127995
-0.45288464,0.127995
-0.45268464,0.0959963
-0.45248464,0.0959963
-0.45228464,0.0959963
-0.45208464,0.0639975
-0.45188464,0.0959963
-0.45168464,0.0959963
-0.45148464,0.0959963
-0.45128464,0.127995
-0.45108464,0.0639975
-0.45088464,0.127995
-0.45068464,0.0639975
-0.45048464,0.0959963
-0.45028464,0.0959963
-0.45008464,0.0959963
-0.44988464,0.0959963
-0.44968464,0.0959963
-0.44948464,0.0639975
-0.44928464,0.0639975
-0.44908464,0.0639975
-0.44888464,0.0639975
-0.44868464,0.0639975
-0.44848464,0.0959963
-0.44828464,0.0959963
-0.44808464,0
-0.44788464,0.0959963
-0.44768464,0.0959963
-0.44748464,0.0319988
-0.44728464,0.0959963
-0.44708464,0.0639975
-0.44688464,0.0959963
-0.44668464,0.0959963
-0.44648464,0.0959963
-0.44628464,0.0319988
-0.44608464,0.0959963
-0.44588464,0.0639975
-0.44568464,0.0959963
-0.44548464,0.0319988
-0.44528464,0.0639975
-0.44508464,0.0319988
-0.44488464,0.0639975
-0.44468464,0.0639975
-0.44448464,0.0319988
-0.44428464,0
-0.44408464,0.0639975
-0.44388464,0.0639975
-0.44368464,0.0639975
-0.44348464,0.0319988
-0.44328464,0.0319988
-0.44308464,0.0639975
-0.44288464,0.0319988
-0.44268464,0
-0.44248464,0.0319988
-0.44228464,0.0639975
-0.44208464,-0.0319988
-0.44188464,0.0319988
-0.44168464,0.0319988
-0.44148464,0
-0.44128464,0
-0.44108464,0.0319988
-0.44088464,0
-0.44068464,0.0319988
-0.44048464,0.0319988
-0.44028464,0
-0.44008464,0.0319988
-0.43988464,0.0319988
-0.43968464,0
-0.43948464,0
-0.43928464,0
-0.43908464,-0.0319988
-0.43888464,0
-0.43868464,0.0319988
-0.43848464,0
-0.43828464,0
-0.43808464,0
-0.43788464,0
-0.43768464,0.0319988
-0.43748464,-0.0319988
-0.43728464,0
-0.43708464,0
-0.43688464,0
-0.43668464,0
-0.43648464,0
-0.43628464,-0.0319988
-0.43608464,-0.0639975
-0.43588464,-0.0319988
-0.43568464,-0.0319988
-0.43548464,-0.0639975
-0.43528464,-0.0319988
-0.43508464,0
-0.43488464,-0.0639975
-0.43468464,-0.0319988
-0.43448464,-0.0319988
-0.43428464,-0.0639975
-0.43408464,-0.0319988
-0.43388464,-0.0639975
-0.43368464,-0.0639975
-0.43348464,-0.0639975
-0.43328464,-0.0639975
-0.43308464,-0.0639975
-0.43288464,-0.0959963
-0.43268464,-0.159994
-0.43248464,-0.0639975
-0.43228464,-0.0959963
-0.43208464,-0.0959963
-0.43188464,-0.0959963
-0.43168464,-0.0959963
-0.43148464,-0.0959963
-0.43128464,-0.0959963
-0.43108464,-0.0959963
-0.43088464,-0.127995
-0.43068464,-0.159994
-0.43048464,-0.0959963
-0.43028464,-0.127995
-0.43008464,-0.159994
-0.42988464,-0.0639975
-0.42968464,-0.0959963
-0.42948464,-0.127995
-0.42928464,-0.0959963
-0.42908464,-0.127995
-0.42888464,-0.127995
-0.42868464,-0.127995
-0.42848464,-0.0959963
-0.42828464,-0.0959963
-0.42808464,-0.159994
-0.42788464,-0.0959963
-0.42768464,-0.159994
-0.42748464,-0.0959963
-0.42728464,-0.127995
-0.42708464,-0.159994
-0.42688464,-0.127995
-0.42668464,-0.159994
-0.42648464,-0.159994
-0.42628464,-0.159994
-0.42608464,-0.127995
-0.42588464,-0.159994
-0.42568464,-0.0959963
-0.42548464,-0.127995
-0.42528464,-0.191993
-0.42508464,-0.159994
-0.42488464,-0.159994
-0.42468464,-0.127995
-0.42448464,-0.127995
-0.42428464,-0.127995
-0.42408464,-0.191993
-0.42388464,-0.159994
-0.42368464,-0.0959963
-0.42348464,-0.159994
-0.42328464,-0.127995
-0.42308464,-0.127995
-0.42288464,-0.159994
-0.42268464,-0.127995
-0.42248464,-0.191993
-0.42228464,-0.159994
-0.42208464,-0.159994
-0.42188464,-0.159994
-0.42168464,-0.159994
-0.42148464,-0.159994
-0.42128464,-0.127995
-0.42108464,-0.159994
-0.42088464,-0.127995
-0.42068464,-0.127995
-0.42048464,-0.127995
-0.42028464,-0.223991
-0.42008464,-0.191993
-0.41988464,-0.159994
-0.41968464,-0.159994
-0.41948464,-0.159994
-0.41928464,-0.191993
-0.41908464,-0.159994
-0.41888464,-0.159994
-0.41868464,-0.191993
-0.41848464,-0.159994
-0.41828464,-0.159994
-0.41808464,-0.191993
-0.41788464,-0.0959963
-0.41768464,-0.127995
-0.41748464,-0.191993
-0.41728464,-0.159994
-0.41708464,-0.159994
-0.41688464,-0.191993
-0.41668464,-0.191993
-0.41648464,-0.159994
-0.41628464,-0.223991
-0.41608464,-0.159994
-0.41588464,-0.159994
-0.41568464,-0.191993
-0.41548464,-0.159994
-0.41528464,-0.127995
-0.41508464,-0.191993
-0.41488464,-0.127995
-0.41468464,-0.159994
-0.41448464,-0.191993
-0.41428464,-0.223991
-0.41408464,-0.159994
-0.41388464,-0.191993
-0.41368464,-0.191993
-0.41348464,-0.159994
-0.41328464,-0.159994
-0.41308464,-0.127995
-0.41288464,-0.159994
-0.41268464,-0.191993
-0.41248464,-0.159994
-0.41228464,-0.159994
-0.41208464,-0.159994
-0.41188464,-0.159994
-0.41168464,-0.159994
-0.41148464,-0.191993
-0.41128464,-0.159994
-0.41108464,-0.127995
-0.41088464,-0.191993
-0.41068464,-0.127995
-0.41048464,-0.159994
-0.41028464,-0.191993
-0.41008464,-0.159994
-0.40988464,-0.127995
-0.40968464,-0.191993
-0.40948464,-0.159994
-0.40928464,-0.159994
-0.40908464,-0.159994
-0.40888464,-0.159994
-0.40868464,-0.159994
-0.40848464,-0.191993
-0.40828464,-0.127995
-0.40808464,-0.159994
-0.40788464,-0.191993
-0.40768464,-0.127995
-0.40748464,-0.159994
-0.40728464,-0.223991
-0.40708464,-0.159994
-0.40688464,-0.127995
-0.40668464,-0.191993
-0.40648464,-0.159994
-0.40628464,-0.159994
-0.40608464,-0.159994
-0.40588464,-0.159994
-0.40568464,-0.127995
-0.40548464,-0.127995
-0.40528464,-0.159994
-0.40508464,-0.127995
-0.40488464,-0.191993
-0.40468464,-0.159994
-0.40448464,-0.159994
-0.40428464,-0.191993
-0.40408464,-0.159994
-0.40388464,-0.159994
-0.40368464,-0.191993
-0.40348464,-0.191993
-0.40328464,-0.159994
-0.40308464,-0.159994
-0.40288464,-0.191993
-0.40268464,-0.159994
-0.40248464,-0.159994
-0.40228464,-0.191993
-0.40208464,-0.159994
-0.40188464,-0.159994
-0.40168464,-0.191993
-0.40148464,-0.127995
-0.40128464,-0.159994
-0.40108464,-0.159994
-0.40088464,-0.127995
-0.40068464,-0.191993
-0.40048464,-0.127995
-0.40028464,-0.191993
-0.40008464,-0.159994
-0.39988464,-0.127995
-0.39968464,-0.159994
-0.39948464,-0.159994
-0.39928464,-0.159994
-0.39908464,-0.159994
-0.39888464,-0.191993
-0.39868464,-0.127995
-0.39848464,-0.127995
-0.39828464,-0.191993
-0.39808464,-0.127995
-0.39788464,-0.127995
-0.39768464,-0.159994
-0.39748464,-0.191993
-0.39728464,-0.191993
-0.39708464,-0.159994
-0.39688464,-0.127995
-0.39668464,-0.191993
-0.39648464,-0.223991
-0.39628464,-0.191993
-0.39608464,-0.127995
-0.39588464,-0.223991
-0.39568464,-0.191993
-0.39548464,-0.191993
-0.39528464,-0.223991
-0.39508464,-0.159994
-0.39488464,-0.191993
-0.39468464,-0.191993
-0.39448464,-0.159994
-0.39428464,-0.159994
-0.39408464,-0.223991
-0.39388464,-0.191993
-0.39368464,-0.159994
-0.39348464,-0.127995
-0.39328464,-0.223991
-0.39308464,-0.159994
-0.39288464,-0.159994
-0.39268464,-0.159994
-0.39248464,-0.127995
-0.39228464,-0.223991
-0.39208464,-0.191993
-0.39188464,-0.159994
-0.39168464,-0.223991
-0.39148464,-0.159994
-0.39128464,-0.127995
-0.39108464,-0.191993
-0.39088464,-0.223991
-0.39068464,-0.159994
-0.39048464,-0.191993
-0.39028464,-0.223991
-0.39008464,-0.159994
-0.38988464,-0.191993
-0.38968464,-0.191993
-0.38948464,-0.191993
-0.38928464,-0.223991
-0.38908464,-0.159994
-0.38888464,-0.159994
-0.38868464,-0.223991
-0.38848464,-0.159994
-0.38828464,-0.191993
-0.38808464,-0.191993
-0.38788464,-0.223991
-0.38768464,-0.191993
-0.38748464,-0.223991
-0.38728464,-0.223991
-0.38708464,-0.223991
-0.38688464,-0.191993
-0.38668464,-0.191993
-0.38648464,-0.25599
-0.38628464,-0.223991
-0.38608464,-0.223991
-0.38588464,-0.191993
-0.38568464,-0.25599
-0.38548464,-0.223991
-0.38528464,-0.159994
-0.38508464,-0.223991
-0.38488464,-0.191993
-0.38468464,-0.223991
-0.38448464,-0.191993
-0.38428464,-0.223991
-0.38408464,-0.191993
-0.38388464,-0.191993
-0.38368464,-0.25599
-0.38348464,-0.191993
-0.38328464,-0.191993
-0.38308464,-0.223991
-0.38288464,-0.191993
-0.38268464,-0.223991
-0.38248464,-0.159994
-0.38228464,-0.223991
-0.38208464,-0.223991
-0.38188464,-0.25599
-0.38168464,-0.159994
-0.38148464,-0.223991
-0.38128464,-0.191993
-0.38108464,-0.159994
-0.38088464,-0.223991
-0.38068464,-0.223991
-0.38048464,-0.223991
-0.38028464,-0.223991
-0.38008464,-0.223991
-0.37988464,-0.159994
-0.37968464,-0.223991
-0.37948464,-0.223991
-0.37928464,-0.191993
-0.37908464,-0.223991
-0.37888464,-0.223991
-0.37868464,-0.191993
-0.37848464,-0.25599
-0.37828464,-0.191993
-0.37808464,-0.191993
-0.37788464,-0.223991
-0.37768464,-0.191993
-0.37748464,-0.191993
-0.37728464,-0.159994
-0.37708464,-0.191993
-0.37688464,-0.191993
-0.37668464,-0.191993
-0.37648464,-0.191993
-0.37628464,-0.191993
-0.37608464,-0.191993
-0.37588464,-0.159994
-0.37568464,-0.159994
-0.37548464,-0.191993
-0.37528464,-0.191993
-0.37508464,-0.191993
-0.37488464,-0.159994
-0.37468464,-0.191993
-0.37448464,-0.159994
-0.37428464,-0.159994
-0.37408464,-0.159994
-0.37388464,-0.159994
-0.37368464,-0.127995
-0.37348464,-0.191993
-0.37328464,-0.127995
-0.37308464,-0.159994
-0.37288464,-0.159994
-0.37268464,-0.159994
-0.37248464,-0.127995
-0.37228464,-0.159994
-0.37208464,-0.159994
-0.37188464,-0.159994
-0.37168464,-0.159994
-0.37148464,-0.159994
-0.37128464,-0.159994
-0.37108464,-0.0959963
-0.37088464,-0.127995
-0.37068464,-0.127995
-0.37048464,-0.159994
-0.37028464,-0.127995
-0.37008464,-0.127995
-0.36988464,-0.159994
-0.36968464,-0.0959963
-0.36948464,-0.159994
-0.36928464,-0.0959963
-0.36908464,-0.127995
-0.36888464,-0.127995
-0.36868464,-0.127995
-0.36848464,-0.127995
-0.36828464,-0.159994
-0.36808464,-0.127995
-0.36788464,-0.127995
-0.36768464,-0.127995
-0.36748464,-0.0639975
-0.36728464,-0.0639975
-0.36708464,-0.0959963
-0.36688464,-0.127995
-0.36668464,-0.0959963
-0.36648464,-0.127995
-0.36628464,-0.0639975
-0.36608464,-0.0959963
-0.36588464,-0.0959963
-0.36568464,-0.0959963
-0.36548464,-0.0639975
-0.36528464,-0.127995
-0.36508464,-0.0959963
-0.36488464,-0.0959963
-0.36468464,-0.0959963
-0.36448464,-0.0959963
-0.36428464,-0.0959963
-0.36408464,-0.0959963
-0.36388464,-0.0639975
-0.36368464,-0.0959963
-0.36348464,-0.0959963
-0.36328464,-0.0639975
-0.36308464,-0.0639975
-0.36288464,-0.0639975
-0.36268464,-0.0959963
-0.36248464,-0.0319988
-0.36228464,-0.127995
-0.36208464,-0.0639975
-0.36188464,-0.0959963
-0.36168464,-0.0959963
-0.36148464,-0.0639975
-0.36128464,-0.0319988
-0.36108464,-0.0959963
-0.36088464,-0.0959963
-0.36068464,-0.0639975
-0.36048464,-0.127995
-0.36028464,-0.0319988
-0.36008464,-0.0959963
-0.35988464,-0.0959963
-0.35968464,-0.0959963
-0.35948464,-0.0959963
-0.35928464,-0.0959963
-0.35908464,-0.0639975
-0.35888464,-0.0959963
-0.35868464,-0.127995
-0.35848464,-0.0959963
-0.35828464,-0.0959963
-0.35808464,-0.0959963
-0.35788464,-0.0959963
-0.35768464,-0.0959963
-0.35748464,-0.127995
-0.35728464,-0.0319988
-0.35708464,-0.0959963
-0.35688464,-0.0639975
-0.35668464,-0.0639975
-0.35648464,-0.0959963
-0.35628464,-0.127995
-0.35608464,-0.0959963
-0.35588464,-0.0959963
-0.35568464,-0.127995
-0.35548464,-0.0959963
-0.35528464,-0.127995
-0.35508464,-0.0959963
-0.35488464,-0.0959963
-0.35468464,-0.0959963
-0.35448464,-0.0959963
-0.35428464,-0.0959963
-0.35408464,-0.0639975
-0.35388464,-0.0959963
-0.35368464,-0.0959963
-0.35348464,-0.0639975
-0.35328464,-0.0959963
-0.35308464,-0.0959963
-0.35288464,-0.0959963
-0.35268464,-0.0639975
-0.35248464,-0.0959963
-0.35228464,-0.0639975
-0.35208464,-0.0959963
-0.35188464,-0.0639975
-0.35168464,-0.0639975
-0.35148464,-0.0959963
-0.35128464,-0.0959963
-0.35108464,-0.0959963
-0.35088464,-0.0959963
-0.35068464,-0.0639975
-0.35048464,-0.0319988
-0.35028464,-0.127995
-0.35008464,-0.0639975
-0.34988464,-0.127995
-0.34968464,-0.127995
-0.34948464,-0.0959963
-0.34928464,-0.0639975
-0.34908464,-0.0959963
-0.34888464,-0.127995
-0.34868464,-0.0959963
-0.34848464,-0.0959963
-0.34828464,-0.0959963
-0.34808464,-0.0959963
-0.34788464,-0.0959963
-0.34768464,-0.0639975
-0.34748464,-0.0959963
-0.34728464,-0.0959963
-0.34708464,-0.0639975
-0.34688464,-0.0959963
-0.34668464,-0.127995
-0.34648464,-0.0959963
-0.34628464,-0.127995
-0.34608464,-0.0959963
-0.34588464,-0.0959963
-0.34568464,-0.127995
-0.34548464,-0.159994
-0.34528464,-0.0959963
-0.34508464,-0.0959963
-0.34488464,-0.159994
-0.34468464,-0.0959963
-0.34448464,-0.0959963
-0.34428464,-0.0959963
-0.34408464,-0.127995
-0.34388464,-0.127995
-0.34368464,-0.0959963
-0.34348464,-0.0639975
-0.34328464,-0.0959963
-0.34308464,-0.127995
-0.34288464,-0.0959963
-0.34268464,-0.0959963
-0.34248464,-0.127995
-0.34228464,-0.0959963
-0.34208464,-0.0959963
-0.34188464,-0.127995
-0.34168464,-0.0959963
-0.34148464,-0.0639975
-0.34128464,-0.127995
-0.34108464,-0.127995
-0.34088464,-0.0959963
-0.34068464,-0.159994
-0.34048464,-0.0959963
-0.34028464,-0.0959963
-0.34008464,-0.159994
-0.33988464,-0.0959963
-0.33968464,-0.0959963
-0.33948464,-0.0959963
-0.33928464,-0.127995
-0.33908464,-0.0639975
-0.33888464,-0.127995
-0.33868464,-0.127995
-0.33848464,-0.0959963
-0.33828464,-0.159994
-0.33808464,-0.159994
-0.33788464,-0.0959963
-0.33768464,-0.127995
-0.33748464,-0.0959963
-0.33728464,-0.0959963
-0.33708464,-0.127995
-0.33688464,-0.127995
-0.33668464,-0.0959963
-0.33648464,-0.127995
-0.33628464,-0.127995
-0.33608464,-0.0959963
-0.33588464,-0.127995
-0.33568464,-0.127995
-0.33548464,-0.0959963
-0.33528464,-0.159994
-0.33508464,-0.0639975
-0.33488464,-0.0959963
-0.33468464,-0.127995
-0.33448464,-0.159994
-0.33428464,-0.0959963
-0.33408464,-0.191993
-0.33388464,-0.0959963
-0.33368464,-0.127995
-0.33348464,-0.159994
-0.33328464,-0.127995
-0.33308464,-0.0959963
-0.33288464,-0.127995
-0.33268464,-0.127995
-0.33248464,-0.159994
-0.33228464,-0.127995
-0.33208464,-0.159994
-0.33188464,-0.127995
-0.33168464,-0.159994
-0.33148464,-0.127995
-0.33128464,-0.0959963
-0.33108464,-0.159994
-0.33088464,-0.127995
-0.33068464,-0.127995
-0.33048464,-0.159994
-0.33028464,-0.127995
-0.33008464,-0.159994
-0.32988464,-0.127995
-0.32968464,-0.159994
-0.32948464,-0.0959963
-0.32928464,-0.191993
-0.32908464,-0.127995
-0.32888464,-0.159994
-0.32868464,-0.159994
-0.32848464,-0.191993
-0.32828464,-0.127995
-0.32808464,-0.159994
-0.32788464,-0.159994
-0.32768464,-0.127995
-0.32748464,-0.127995
-0.32728464,-0.159994
-0.32708464,-0.159994
-0.32688464,-0.159994
-0.32668464,-0.159994
-0.32648464,-0.0959963
-0.32628464,-0.191993
-0.32608464,-0.159994
-0.32588464,-0.159994
-0.32568464,-0.159994
-0.32548464,-0.159994
-0.32528464,-0.191993
-0.32508464,-0.191993
-0.32488464,-0.127995
-0.32468464,-0.159994
-0.32448464,-0.127995
-0.32428464,-0.159994
-0.32408464,-0.159994
-0.32388464,-0.223991
-0.32368464,-0.127995
-0.32348464,-0.127995
-0.32328464,-0.191993
-0.32308464,-0.159994
-0.32288464,-0.191993
-0.32268464,-0.159994
-0.32248464,-0.191993
-0.32228464,-0.191993
-0.32208464,-0.159994
-0.32188464,-0.223991
-0.32168464,-0.159994
-0.32148464,-0.191993
-0.32128464,-0.159994
-0.32108464,-0.159994
-0.32088464,-0.191993
-0.32068464,-0.127995
-0.32048464,-0.127995
-0.32028464,-0.191993
-0.32008464,-0.159994
-0.31988464,-0.159994
-0.31968464,-0.191993
-0.31948464,-0.127995
-0.31928464,-0.127995
-0.31908464,-0.223991
-0.31888464,-0.191993
-0.31868464,-0.127995
-0.31848464,-0.223991
-0.31828464,-0.191993
-0.31808464,-0.191993
-0.31788464,-0.159994
-0.31768464,-0.191993
-0.31748464,-0.159994
-0.31728464,-0.223991
-0.31708464,-0.127995
-0.31688464,-0.223991
-0.31668464,-0.159994
-0.31648464,-0.159994
-0.31628464,-0.159994
-0.31608464,-0.191993
-0.31588464,-0.191993
-0.31568464,-0.191993
-0.31548464,-0.159994
-0.31528464,-0.223991
-0.31508464,-0.191993
-0.31488464,-0.159994
-0.31468464,-0.191993
-0.31448464,-0.159994
-0.31428464,-0.191993
-0.31408464,-0.191993
-0.31388464,-0.223991
-0.31368464,-0.191993
-0.31348464,-0.191993
-0.31328464,-0.159994
-0.31308464,-0.191993
-0.31288464,-0.191993
-0.31268464,-0.127995
-0.31248464,-0.191993
-0.31228464,-0.159994
-0.31208464,-0.159994
-0.31188464,-0.191993
-0.31168464,-0.159994
-0.31148464,-0.159994
-0.31128464,-0.191993
-0.31108464,-0.191993
-0.31088464,-0.191993
-0.31068464,-0.223991
-0.31048464,-0.191993
-0.31028464,-0.191993
-0.31008464,-0.223991
-0.30988464,-0.223991
-0.30968464,-0.191993
-0.30948464,-0.223991
-0.30928464,-0.191993
-0.30908464,-0.191993
-0.30888464,-0.223991
-0.30868464,-0.223991
-0.30848464,-0.191993
-0.30828464,-0.223991
-0.30808464,-0.223991
-0.30788464,-0.127995
-0.30768464,-0.223991
-0.30748464,-0.223991
-0.30728464,-0.223991
-0.30708464,-0.191993
-0.30688464,-0.223991
-0.30668464,-0.191993
-0.30648464,-0.223991
-0.30628464,-0.223991
-0.30608464,-0.25599
-0.30588464,-0.223991
-0.30568464,-0.223991
-0.30548464,-0.191993
-0.30528464,-0.223991
-0.30508464,-0.191993
-0.30488464,-0.25599
-0.30468464,-0.223991
-0.30448464,-0.223991
-0.30428464,-0.223991
-0.30408464,-0.223991
-0.30388464,-0.25599
-0.30368464,-0.223991
-0.30348464,-0.223991
-0.30328464,-0.223991
-0.30308464,-0.191993
-0.30288464,-0.25599
-0.30268464,-0.25599
-0.30248464,-0.223991
-0.30228464,-0.191993
-0.30208464,-0.223991
-0.30188464,-0.223991
-0.30168464,-0.191993
-0.30148464,-0.25599
-0.30128464,-0.223991
-0.30108464,-0.25599
-0.30088464,-0.223991
-0.30068464,-0.223991
-0.30048464,-0.287989
-0.30028464,-0.223991
-0.30008464,-0.191993
-0.29988464,-0.287989
-0.29968464,-0.223991
-0.29948464,-0.223991
-0.29928464,-0.25599
-0.29908464,-0.223991
-0.29888464,-0.25599
-0.29868464,-0.223991
-0.29848464,-0.223991
-0.29828464,-0.25599
-0.29808464,-0.223991
-0.29788464,-0.287989
-0.29768464,-0.25599
-0.29748464,-0.25599
-0.29728464,-0.25599
-0.29708464,-0.191993
-0.29688464,-0.223991
-0.29668464,-0.25599
-0.29648464,-0.223991
-0.29628464,-0.223991
-0.29608464,-0.223991
-0.29588464,-0.25599
-0.29568464,-0.25599
-0.29548464,-0.223991
-0.29528464,-0.223991
-0.29508464,-0.223991
-0.29488464,-0.25599
-0.29468464,-0.223991
-0.29448464,-0.25599
-0.29428464,-0.287989
-0.29408464,-0.223991
-0.29388464,-0.287989
-0.29368464,-0.25599
-0.29348464,-0.223991
-0.29328464,-0.223991
-0.29308464,-0.25599
-0.29288464,-0.191993
-0.29268464,-0.25599
-0.29248464,-0.223991
-0.29228464,-0.223991
-0.29208464,-0.25599
-0.29188464,-0.25599
-0.29168464,-0.223991
-0.29148464,-0.25599
-0.29128464,-0.25599
-0.29108464,-0.191993
-0.29088464,-0.223991
-0.29068464,-0.223991
-0.29048464,-0.223991
-0.29028464,-0.25599
-0.29008464,-0.25599
-0.28988464,-0.223991
-0.28968464,-0.223991
-0.28948464,-0.223991
-0.28928464,-0.25599
-0.28908464,-0.191993
-0.28888464,-0.223991
-0.28868464,-0.223991
-0.28848464,-0.223991
-0.28828464,-0.223991
-0.28808464,-0.191993
-0.28788464,-0.223991
-0.28768464,-0.191993
-0.28748464,-0.191993
-0.28728464,-0.191993
-0.28708464,-0.223991
-0.28688464,-0.191993
-0.28668464,-0.223991
-0.28648464,-0.223991
-0.28628464,-0.223991
-0.28608464,-0.191993
-0.28588464,-0.223991
-0.28568464,-0.223991
-0.28548464,-0.191993
-0.28528464,-0.159994
-0.28508464,-0.25599
-0.28488464,-0.223991
-0.28468464,-0.223991
-0.28448464,-0.191993
-0.28428464,-0.223991
-0.28408464,-0.191993
-0.28388464,-0.191993
-0.28368464,-0.223991
-0.28348464,-0.223991
-0.28328464,-0.191993
-0.28308464,-0.191993
-0.28288464,-0.191993
-0.28268464,-0.191993
-0.28248464,-0.223991
-0.28228464,-0.191993
-0.28208464,-0.159994
-0.28188464,-0.191993
-0.28168464,-0.223991
-0.28148464,-0.191993
-0.28128464,-0.223991
-0.28108464,-0.191993
-0.28088464,-0.191993
-0.28068464,-0.159994
-0.28048464,-0.191993
-0.28028464,-0.191993
-0.28008464,-0.191993
-0.27988464,-0.159994
-0.27968464,-0.159994
-0.27948464,-0.223991
-0.27928464,-0.191993
-0.27908464,-0.191993
-0.27888464,-0.223991
-0.27868464,-0.159994
-0.27848464,-0.159994
-0.27828464,-0.191993
-0.27808464,-0.191993
-0.27788464,-0.159994
-0.27768464,-0.191993
-0.27748464,-0.191993
-0.27728464,-0.159994
-0.27708464,-0.191993
-0.27688464,-0.191993
-0.27668464,-0.191993
-0.27648464,-0.159994
-0.27628464,-0.159994
-0.27608464,-0.127995
-0.27588464,-0.159994
-0.27568464,-0.191993
-0.27548464,-0.159994
-0.27528464,-0.191993
-0.27508464,-0.159994
-0.27488464,-0.191993
-0.27468464,-0.159994
-0.27448464,-0.159994
-0.27428464,-0.127995
-0.27408464,-0.223991
-0.27388464,-0.159994
-0.27368464,-0.191993
-0.27348464,-0.127995
-0.27328464,-0.127995
-0.27308464,-0.127995
-0.27288464,-0.191993
-0.27268464,-0.191993
-0.27248464,-0.127995
-0.27228464,-0.159994
-0.27208464,-0.191993
-0.27188464,-0.127995
-0.27168464,-0.223991
-0.27148464,-0.127995
-0.27128464,-0.159994
-0.27108464,-0.127995
-0.27088464,-0.191993
-0.27068464,-0.127995
-0.27048464,-0.159994
-0.27028464,-0.159994
-0.27008464,-0.127995
-0.26988464,-0.191993
-0.26968464,-0.127995
-0.26948464,-0.159994
-0.26928464,-0.159994
-0.26908464,-0.0959963
-0.26888464,-0.127995
-0.26868464,-0.191993
-0.26848464,-0.127995
-0.26828464,-0.127995
-0.26808464,-0.159994
-0.26788464,-0.0959963
-0.26768464,-0.159994
-0.26748464,-0.159994
-0.26728464,-0.159994
-0.26708464,-0.127995
-0.26688464,-0.191993
-0.26668464,-0.0959963
-0.26648464,-0.0959963
-0.26628464,-0.159994
-0.26608464,-0.127995
-0.26588464,-0.159994
-0.26568464,-0.127995
-0.26548464,-0.0959963
-0.26528464,-0.0959963
-0.26508464,-0.159994
-0.26488464,-0.0639975
-0.26468464,-0.0959963
-0.26448464,-0.159994
-0.26428464,-0.0959963
-0.26408464,-0.0959963
-0.26388464,-0.159994
-0.26368464,-0.0959963
-0.26348464,-0.127995
-0.26328464,-0.159994
-0.26308464,-0.0959963
-0.26288464,-0.0639975
-0.26268464,-0.0959963
-0.26248464,-0.127995
-0.26228464,-0.0959963
-0.26208464,-0.127995
-0.26188464,-0.0639975
-0.26168464,-0.159994
-0.26148464,-0.159994
-0.26128464,-0.0959963
-0.26108464,-0.0959963
-0.26088464,-0.0959963
-0.26068464,-0.0639975
-0.26048464,-0.0639975
-0.26028464,-0.0639975
-0.26008464,-0.127995
-0.25988464,-0.127995
-0.25968464,-0.127995
-0.25948464,-0.0639975
-0.25928464,-0.0959963
-0.25908464,-0.127995
-0.25888464,-0.0639975
-0.25868464,-0.0959963
-0.25848464,-0.0959963
-0.25828464,-0.127995
-0.25808464,-0.0959963
-0.25788464,-0.127995
-0.25768464,-0.0959963
-0.25748464,-0.0639975
-0.25728464,-0.0959963
-0.25708464,-0.0959963
-0.25688464,-0.0959963
-0.25668464,-0.0639975
-0.25648464,-0.0639975
-0.25628464,-0.0959963
-0.25608464,-0.0959963
-0.25588464,-0.0639975
-0.25568464,-0.0959963
-0.25548464,-0.127995
-0.25528464,-0.0959963
-0.25508464,-0.0639975
-0.25488464,-0.0959963
-0.25468464,-0.0639975
-0.25448464,-0.0959963
-0.25428464,-0.0639975
-0.25408464,-0.0639975
-0.25388464,-0.0639975
-0.25368464,-0.127995
-0.25348464,-0.0639975
-0.25328464,-0.0639975
-0.25308464,-0.0959963
-0.25288464,-0.127995
-0.25268464,-0.127995
-0.25248464,-0.0959963
-0.25228464,-0.0639975
-0.25208464,-0.0959963
-0.25188464,-0.0959963
-0.25168464,-0.0639975
-0.25148464,-0.127995
-0.25128464,-0.127995
-0.25108464,-0.0639975
-0.25088464,-0.0959963
-0.25068464,-0.0959963
-0.25048464,-0.0639975
-0.25028464,-0.0319988
-0.25008464,-0.0959963
-0.24988464,-0.0959963
-0.24968464,-0.0959963
-0.24948464,-0.0639975
-0.24928464,-0.0959963
-0.24908464,-0.0959963
-0.24888464,-0.0959963
-0.24868464,-0.0959963
-0.24848464,-0.0639975
-0.24828464,-0.0959963
-0.24808464,-0.0639975
-0.24788464,-0.0319988
-0.24768464,-0.0639975
-0.24748464,-0.0319988
-0.24728464,-0.0959963
-0.24708464,-0.0959963
-0.24688464,-0.0959963
-0.24668464,-0.0639975
-0.24648464,-0.0959963
-0.24628464,-0.0639975
-0.24608464,-0.0639975
-0.24588464,-0.0639975
-0.24568464,-0.0639975
-0.24548464,-0.0639975
-0.24528464,-0.0959963
-0.24508464,-0.0959963
-0.24488464,-0.0639975
-0.24468464,-0.0639975
-0.24448464,-0.0319988
-0.24428464,-0.0639975
-0.24408464,-0.0639975
-0.24388464,-0.0959963
-0.24368464,-0.0639975
-0.24348464,-0.0959963
-0.24328464,-0.0639975
-0.24308464,0
-0.24288464,-0.127995
-0.24268464,0
-0.24248464,-0.0639975
-0.24228464,-0.0639975
-0.24208464,-0.0639975
-0.24188464,-0.0639975
-0.24168464,-0.127995
-0.24148464,-0.0639975
-0.24128464,-0.0639975
-0.24108464,-0.0959963
-0.24088464,-0.0319988
-0.24068464,-0.0639975
-0.24048464,-0.0639975
-0.24028464,-0.0319988
-0.24008464,-0.0639975
-0.23988464,-0.0639975
-0.23968464,-0.0319988
-0.23948464,-0.0319988
-0.23928464,0
-0.23908464,0
-0.23888464,-0.0319988
-0.23868464,-0.0959963
-0.23848464,0
-0.23828464,-0.0319988
-0.23808464,-0.0319988
-0.23788464,0
-0.23768464,0
-0.23748464,-0.0319988
-0.23728464,0
-0.23708464,0.0319988
-0.23688464,-0.0319988
-0.23668464,-0.0319988
-0.23648464,-0.0319988
-0.23628464,-0.0319988
-0.23608464,-0.0319988
-0.23588464,0
-0.23568464,-0.0639975
-0.23548464,-0.0319988
-0.23528464,0.0319988
-0.23508464,0.0319988
-0.23488464,-0.0319988
-0.23468464,0
-0.23448464,-0.0319988
-0.23428464,0
-0.23408464,0.0319988
-0.23388464,0
-0.23368464,0
-0.23348464,-0.0319988
-0.23328464,-0.0319988
-0.23308464,0.0319988
-0.23288464,0.0319988
-0.23268464,0
-0.23248464,0.0319988
-0.23228464,0.0319988
-0.23208464,0.0319988
-0.23188464,0
-0.23168464,0
-0.23148464,0
-0.23128464,0
-0.23108464,0.0319988
-0.23088464,0
-0.23068464,0.0319988
-0.23048464,0.0319988
-0.23028464,0.0319988
-0.23008464,0.0639975
-0.22988464,0
-0.22968464,0.0319988
-0.22948464,0.0319988
-0.22928464,0.0639975
-0.22908464,0.0319988
-0.22888464,0.0639975
-0.22868464,0.0639975
-0.22848464,0.0319988
-0.22828464,0.0639975
-0.22808464,0.0639975
-0.22788464,0.0319988
-0.22768464,0.0639975
-0.22748464,0.0639975
-0.22728464,0.0639975
-0.22708464,0.0639975
-0.22688464,0.0639975
-0.22668464,0.0959963
-0.22648464,0.0639975
-0.22628464,0.0959963
-0.22608464,0.0319988
-0.22588464,0.0639975
-0.22568464,0.0959963
-0.22548464,0.127995
-0.22528464,0.127995
-0.22508464,0.0639975
-0.22488464,0.0639975
-0.22468464,0.0639975
-0.22448464,0.0639975
-0.22428464,0.0639975
-0.22408464,0.127995
-0.22388464,0.0959963
-0.22368464,0.0639975
-0.22348464,0.127995
-0.22328464,0.0959963
-0.22308464,0.0639975
-0.22288464,0.0959963
-0.22268464,0.0639975
-0.22248464,0.0639975
-0.22228464,0.0959963
-0.22208464,0.0959963
-0.22188464,0
-0.22168464,0.0959963
-0.22148464,0.0959963
-0.22128464,0.0959963
-0.22108464,0.159994
-0.22088464,0.0959963
-0.22068464,0.0959963
-0.22048464,0.0959963
-0.22028464,0.0959963
-0.22008464,0.0639975
-0.21988464,0.0959963
-0.21968464,0.0959963
-0.21948464,0.0959963
-0.21928464,0.127995
-0.21908464,0.127995
-0.21888464,0.0639975
-0.21868464,0.127995
-0.21848464,0.159994
-0.21828464,0.127995
-0.21808464,0.0959963
-0.21788464,0.127995
-0.21768464,0.0959963
-0.21748464,0.127995
-0.21728464,0.0959963
-0.21708464,0.127995
-0.21688464,0.0959963
-0.21668464,0.0959963
-0.21648464,0.127995
-0.21628464,0.0959963
-0.21608464,0.127995
-0.21588464,0.127995
-0.21568464,0.159994
-0.21548464,0.127995
-0.21528464,0.0959963
-0.21508464,0.159994
-0.21488464,0.127995
-0.21468464,0.0959963
-0.21448464,0.127995
-0.21428464,0.127995
-0.21408464,0.127995
-0.21388464,0.159994
-0.21368464,0.159994
-0.21348464,0.127995
-0.21328464,0.127995
-0.21308464,0.127995
-0.21288464,0.127995
-0.21268464,0.127995
-0.21248464,0.159994
-0.21228464,0.127995
-0.21208464,0.191993
-0.21188464,0.127995
-0.21168464,0.127995
-0.21148464,0.159994
-0.21128464,0.127995
-0.21108464,0.127995
-0.21088464,0.191993
-0.21068464,0.127995
-0.21048464,0.159994
-0.21028464,0.191993
-0.21008464,0.127995
-0.20988464,0.191993
-0.20968464,0.159994
-0.20948464,0.191993
-0.20928464,0.127995
-0.20908464,0.191993
-0.20888464,0.127995
-0.20868464,0.191993
-0.20848464,0.191993
-0.20828464,0.191993
-0.20808464,0.159994
-0.20788464,0.191993
-0.20768464,0.159994
-0.20748464,0.191993
-0.20728464,0.191993
-0.20708464,0.127995
-0.20688464,0.191993
-0.20668464,0.191993
-0.20648464,0.191993
-0.20628464,0.159994
-0.20608464,0.191993
-0.20588464,0.159994
-0.20568464,0.191993
-0.20548464,0.159994
-0.20528464,0.191993
-0.20508464,0.127995
-0.20488464,0.25599
-0.20468464,0.191993
-0.20448464,0.159994
-0.20428464,0.191993
-0.20408464,0.191993
-0.20388464,0.191993
-0.20368464,0.191993
-0.20348464,0.191993
-0.20328464,0.159994
-0.20308464,0.191993
-0.20288464,0.127995
-0.20268464,0.223991
-0.20248464,0.159994
-0.20228464,0.159994
-0.20208464,0.191993
-0.20188464,0.191993
-0.20168464,0.191993
-0.20148464,0.191993
-0.20128464,0.191993
-0.20108464,0.191993
-0.20088464,0.191993
-0.20068464,0.191993
-0.20048464,0.159994
-0.20028464,0.191993
-0.20008464,0.191993
-0.19988464,0.191993
-0.19968464,0.159994
-0.19948464,0.223991
-0.19928464,0.159994
-0.19908464,0.191993
-0.19888464,0.191993
-0.19868464,0.159994
-0.19848464,0.159994
-0.19828464,0.159994
-0.19808464,0.191993
-0.19788464,0.191993
-0.19768464,0.159994
-0.19748464,0.191993
-0.19728464,0.191993
-0.19708464,0.223991
-0.19688464,0.159994
-0.19668464,0.191993
-0.19648464,0.159994
-0.19628464,0.191993
-0.19608464,0.191993
-0.19588464,0.159994
-0.19568464,0.127995
-0.19548464,0.159994
-0.19528464,0.191993
-0.19508464,0.191993
-0.19488464,0.223991
-0.19468464,0.223991
-0.19448464,0.191993
-0.19428464,0.127995
-0.19408464,0.191993
-0.19388464,0.159994
-0.19368464,0.159994
-0.19348464,0.159994
-0.19328464,0.159994
-0.19308464,0.159994
-0.19288464,0.191993
-0.19268464,0.159994
-0.19248464,0.191993
-0.19228464,0.191993
-0.19208464,0.127995
-0.19188464,0.223991
-0.19168464,0.159994
-0.19148464,0.191993
-0.19128464,0.191993
-0.19108464,0.191993
-0.19088464,0.223991
-0.19068464,0.159994
-0.19048464,0.159994
-0.19028464,0.191993
-0.19008464,0.191993
-0.18988464,0.191993
-0.18968464,0.191993
-0.18948464,0.191993
-0.18928464,0.191993
-0.18908464,0.223991
-0.18888464,0.191993
-0.18868464,0.223991
-0.18848464,0.191993
-0.18828464,0.191993
-0.18808464,0.191993
-0.18788464,0.159994
-0.18768464,0.223991
-0.18748464,0.191993
-0.18728464,0.191993
-0.18708464,0.191993
-0.18688464,0.191993
-0.18668464,0.159994
-0.18648464,0.191993
-0.18628464,0.191993
-0.18608464,0.191993
-0.18588464,0.159994
-0.18568464,0.159994
-0.18548464,0.25599
-0.18528464,0.223991
-0.18508464,0.159994
-0.18488464,0.159994
-0.18468464,0.191993
-0.18448464,0.223991
-0.18428464,0.191993
-0.18408464,0.159994
-0.18388464,0.191993
-0.18368464,0.191993
-0.18348464,0.191993
-0.18328464,0.191993
-0.18308464,0.223991
-0.18288464,0.223991
-0.18268464,0.223991
-0.18248464,0.191993
-0.18228464,0.191993
-0.18208464,0.223991
-0.18188464,0.191993
-0.18168464,0.223991
-0.18148464,0.191993
-0.18128464,0.191993
-0.18108464,0.159994
-0.18088464,0.25599
-0.18068464,0.223991
-0.18048464,0.191993
-0.18028464,0.25599
-0.18008464,0.191993
-0.17988464,0.159994
-0.17968464,0.223991
-0.17948464,0.223991
-0.17928464,0.191993
-0.17908464,0.223991
-0.17888464,0.191993
-0.17868464,0.223991
-0.17848464,0.191993
-0.17828464,0.191993
-0.17808464,0.191993
-0.17788464,0.223991
-0.17768464,0.159994
-0.17748464,0.223991
-0.17728464,0.223991
-0.17708464,0.191993
-0.17688464,0.191993
-0.17668464,0.191993
-0.17648464,0.191993
-0.17628464,0.191993
-0.17608464,0.223991
-0.17588464,0.223991
-0.17568464,0.223991
-0.17548464,0.191993
-0.17528464,0.191993
-0.17508464,0.191993
-0.17488464,0.191993
-0.17468464,0.159994
-0.17448464,0.159994
-0.17428464,0.191993
-0.17408464,0.191993
-0.17388464,0.191993
-0.17368464,0.159994
-0.17348464,0.191993
-0.17328464,0.159994
-0.17308464,0.159994
-0.17288464,0.159994
-0.17268464,0.127995
-0.17248464,0.159994
-0.17228464,0.127995
-0.17208464,0.159994
-0.17188464,0.223991
-0.17168464,0.191993
-0.17148464,0.159994
-0.17128464,0.127995
-0.17108464,0.159994
-0.17088464,0.159994
-0.17068464,0.127995
-0.17048464,0.191993
-0.17028464,0.127995
-0.17008464,0.127995
-0.16988464,0.127995
-0.16968464,0.159994
-0.16948464,0.127995
-0.16928464,0.127995
-0.16908464,0.159994
-0.16888464,0.127995
-0.16868464,0.127995
-0.16848464,0.127995
-0.16828464,0.0959963
-0.16808464,0.127995
-0.16788464,0.127995
-0.16768464,0.127995
-0.16748464,0.127995
-0.16728464,0.0959963
-0.16708464,0.159994
-0.16688464,0.127995
-0.16668464,0.0959963
-0.16648464,0.127995
-0.16628464,0.127995
-0.16608464,0.159994
-0.16588464,0.0959963
-0.16568464,0.127995
-0.16548464,0.159994
-0.16528464,0.127995
-0.16508464,0.0959963
-0.16488464,0.127995
-0.16468464,0.127995
-0.16448464,0.0959963
-0.16428464,0.127995
-0.16408464,0.0959963
-0.16388464,0.0959963
-0.16368464,0.127995
-0.16348464,0.0959963
-0.16328464,0.0959963
-0.16308464,0.0639975
-0.16288464,0.127995
-0.16268464,0.127995
-0.16248464,0.0959963
-0.16228464,0.0959963
-0.16208464,0.0639975
-0.16188464,0.127995
-0.16168464,0.0639975
-0.16148464,0.0959963
-0.16128464,0.0959963
-0.16108464,0.0639975
-0.16088464,0.0959963
-0.16068464,0.0959963
-0.16048464,0.127995
-0.16028464,0.0959963
-0.16008464,0.0959963
-0.15988464,0.127995
-0.15968464,0.127995
-0.15948464,0.0959963
-0.15928464,0.0959963
-0.15908464,0.0959963
-0.15888464,0.127995
-0.15868464,0.127995
-0.15848464,0.0639975
-0.15828464,0.0639975
-0.15808464,0.127995
-0.15788464,0.0959963
-0.15768464,0.0639975
-0.15748464,0.0639975
-0.15728464,0.0959963
-0.15708464,0.0959963
-0.15688464,0.0319988
-0.15668464,0.0639975
-0.15648464,0.0639975
-0.15628464,0.127995
-0.15608464,0.0639975
-0.15588464,0.0319988
-0.15568464,0.0639975
-0.15548464,0.0639975
-0.15528464,0.0959963
-0.15508464,0.0959963
-0.15488464,0.0319988
-0.15468464,0.0639975
-0.15448464,0.0959963
-0.15428464,0.0639975
-0.15408464,0.0639975
-0.15388464,0.0639975
-0.15368464,0.0639975
-0.15348464,0.0319988
-0.15328464,0.0639975
-0.15308464,0.0639975
-0.15288464,0.0639975
-0.15268464,0.127995
-0.15248464,0.0639975
-0.15228464,0.127995
-0.15208464,0.0959963
-0.15188464,0.0639975
-0.15168464,0.0639975
-0.15148464,0.0639975
-0.15128464,0.0639975
-0.15108464,0.0639975
-0.15088464,0.0639975
-0.15068464,0.0639975
-0.15048464,0.0639975
-0.15028464,0.0319988
-0.15008464,0.0959963
-0.14988464,0
-0.14968464,0.0639975
-0.14948464,0.0959963
-0.14928464,0.0959963
-0.14908464,0.0639975
-0.14888464,0.0639975
-0.14868464,0.0319988
-0.14848464,0.0319988
-0.14828464,0.0959963
-0.14808464,0.0319988
-0.14788464,0.0639975
-0.14768464,0.0319988
-0.14748464,0.0319988
-0.14728464,0.0639975
-0.14708464,0.0639975
-0.14688464,0
-0.14668464,0.0639975
-0.14648464,0.0319988
-0.14628464,0.0639975
-0.14608464,0.0639975
-0.14588464,0.0319988
-0.14568464,0.0639975
-0.14548464,0.0319988
-0.14528464,0.0319988
-0.14508464,0
-0.14488464,0.0639975
-0.14468464,0.0639975
-0.14448464,0.0639975
-0.14428464,0.0639975
-0.14408464,0.0319988
-0.14388464,0.0319988
-0.14368464,0.0639975
-0.14348464,0.0639975
-0.14328464,0
-0.14308464,0.0639975
-0.14288464,0.0639975
-0.14268464,0.0319988
-0.14248464,0.0319988
-0.14228464,0
-0.14208464,0.0319988
-0.14188464,0
-0.14168464,0.0319988
-0.14148464,-0.0319988
-0.14128464,0.0639975
-0.14108464,0.0319988
-0.14088464,0
-0.14068464,0.0319988
-0.14048464,0.0639975
-0.14028464,-0.0319988
-0.14008464,0.0639975
-0.13988464,0.0319988
-0.13968464,0.0319988
-0.13948464,0.0319988
-0.13928464,0.0639975
-0.13908464,0.0639975
-0.13888464,0.0319988
-0.13868464,0.0319988
-0.13848464,0.0319988
-0.13828464,0.0639975
-0.13808464,0.0639975
-0.13788464,0.0319988
-0.13768464,0.0639975
-0.13748464,0
-0.13728464,0
-0.13708464,0
-0.13688464,0.0639975
-0.13668464,0
-0.13648464,0.0319988
-0.13628464,0.0639975
-0.13608464,0
-0.13588464,0
-0.13568464,0.0639975
-0.13548464,0
-0.13528464,0.0319988
-0.13508464,0.0319988
-0.13488464,0
-0.13468464,-0.0319988
-0.13448464,0
-0.13428464,0.0319988
-0.13408464,0
-0.13388464,0
-0.13368464,0
-0.13348464,0
-0.13328464,0
-0.13308464,0
-0.13288464,0
-0.13268464,0
-0.13248464,-0.0639975
-0.13228464,0.0319988
-0.13208464,0
-0.13188464,0
-0.13168464,0
-0.13148464,0.0639975
-0.13128464,0
-0.13108464,-0.0319988
-0.13088464,0
-0.13068464,0
-0.13048464,0
-0.13028464,0
-0.13008464,-0.0319988
-0.12988464,0.0319988
-0.12968464,0.0319988
-0.12948464,-0.0319988
-0.12928464,0
-0.12908464,0
-0.12888464,0.0319988
-0.12868464,0
-0.12848464,0
-0.12828464,-0.0319988
-0.12808464,0
-0.12788464,0
-0.12768464,-0.0319988
-0.12748464,0
-0.12728464,0.0319988
-0.12708464,0
-0.12688464,0
-0.12668464,-0.0319988
-0.12648464,-0.0319988
-0.12628464,0.0319988
-0.12608464,0.0319988
-0.12588464,0
-0.12568464,0
-0.12548464,0.0319988
-0.12528464,0
-0.12508464,0.0319988
-0.12488464,0
-0.12468464,0
-0.12448464,0
-0.12428464,0
-0.12408464,-0.0639975
-0.12388464,0
-0.12368464,-0.0319988
-0.12348464,-0.0639975
-0.12328464,-0.0319988
-0.12308464,0
-0.12288464,-0.0319988
-0.12268464,-0.0319988
-0.12248464,-0.0319988
-0.12228464,-0.0639975
-0.12208464,0
-0.12188464,-0.0639975
-0.12168464,-0.0959963
-0.12148464,-0.0319988
-0.12128464,-0.0639975
-0.12108464,-0.0639975
-0.12088464,-0.0959963
-0.12068464,-0.0639975
-0.12048464,-0.0639975
-0.12028464,-0.0639975
-0.12008464,-0.0319988
-0.11988464,-0.0959963
-0.11968464,-0.0639975
-0.11948464,-0.0959963
-0.11928464,-0.0959963
-0.11908464,-0.0959963
-0.11888464,-0.0639975
-0.11868464,-0.0959963
-0.11848464,-0.0959963
-0.11828464,-0.0639975
-0.11808464,-0.127995
-0.11788464,-0.0959963
-0.11768464,-0.0959963
-0.11748464,-0.127995
-0.11728464,-0.0959963
-0.11708464,-0.0959963
-0.11688464,-0.0959963
-0.11668464,-0.0959963
-0.11648464,-0.127995
-0.11628464,-0.159994
-0.11608464,-0.127995
-0.11588464,-0.159994
-0.11568464,-0.127995
-0.11548464,-0.127995
-0.11528464,-0.127995
-0.11508464,-0.127995
-0.11488464,-0.127995
-0.11468464,-0.0959963
-0.11448464,-0.127995
-0.11428464,-0.127995
-0.11408464,-0.127995
-0.11388464,-0.127995
-0.11368464,-0.127995
-0.11348464,-0.127995
-0.11328464,-0.127995
-0.11308464,-0.159994
-0.11288464,-0.127995
-0.11268464,-0.191993
-0.11248464,-0.159994
-0.11228464,-0.127995
-0.11208464,-0.159994
-0.11188464,-0.159994
-0.11168464,-0.0959963
-0.11148464,-0.223991
-0.11128464,-0.127995
-0.11108464,-0.127995
-0.11088464,-0.159994
-0.11068464,-0.159994
-0.11048464,-0.159994
-0.11028464,-0.191993
-0.11008464,-0.159994
-0.10988464,-0.127995
-0.10968464,-0.191993
-0.10948464,-0.191993
-0.10928464,-0.159994
-0.10908464,-0.191993
-0.10888464,-0.0959963
-0.10868464,-0.159994
-0.10848464,-0.191993
-0.10828464,-0.223991
-0.10808464,-0.159994
-0.10788464,-0.223991
-0.10768464,-0.191993
-0.10748464,-0.159994
-0.10728464,-0.223991
-0.10708464,-0.159994
-0.10688464,-0.127995
-0.10668464,-0.191993
-0.10648464,-0.191993
-0.10628464,-0.127995
-0.10608464,-0.159994
-0.10588464,-0.191993
-0.10568464,-0.159994
-0.10548464,-0.191993
-0.10528464,-0.191993
-0.10508464,-0.127995
-0.10488464,-0.223991
-0.10468464,-0.159994
-0.10448464,-0.159994
-0.10428464,-0.191993
-0.10408464,-0.191993
-0.10388464,-0.191993
-0.10368464,-0.191993
-0.10348464,-0.159994
-0.10328464,-0.191993
-0.10308464,-0.223991
-0.10288464,-0.159994
-0.10268464,-0.127995
-0.10248464,-0.191993
-0.10228464,-0.191993
-0.10208464,-0.127995
-0.10188464,-0.191993
-0.10168464,-0.223991
-0.10148464,-0.191993
-0.10128464,-0.191993
-0.10108464,-0.159994
-0.10088464,-0.159994
-0.10068464,-0.191993
-0.10048464,-0.127995
-0.10028464,-0.127995
-0.10008464,-0.191993
-0.099884638,-0.159994
-0.099684638,-0.159994
-0.099484638,-0.159994
-0.099284638,-0.191993
-0.099084638,-0.191993
-0.098884638,-0.159994
-0.098684638,-0.159994
-0.098484638,-0.159994
-0.098284638,-0.191993
-0.098084638,-0.159994
-0.097884638,-0.159994
-0.097684638,-0.25599
-0.097484638,-0.159994
-0.097284638,-0.159994
-0.097084638,-0.223991
-0.096884638,-0.191993
-0.096684638,-0.223991
-0.096484638,-0.191993
-0.096284638,-0.191993
-0.096084638,-0.159994
-0.095884638,-0.159994
-0.095684638,-0.191993
-0.095484638,-0.159994
-0.095284638,-0.191993
-0.095084638,-0.223991
-0.094884638,-0.159994
-0.094684638,-0.191993
-0.094484638,-0.191993
-0.094284638,-0.159994
-0.094084638,-0.191993
-0.093884638,-0.191993
-0.093684638,-0.159994
-0.093484638,-0.191993
-0.093284638,-0.191993
-0.093084638,-0.159994
-0.092884638,-0.191993
-0.092684638,-0.191993
-0.092484638,-0.127995
-0.092284638,-0.223991
-0.092084638,-0.191993
-0.091884638,-0.159994
-0.091684638,-0.223991
-0.091484638,-0.191993
-0.091284638,-0.127995
-0.091084638,-0.191993
-0.090884638,-0.191993
-0.090684638,-0.191993
-0.090484638,-0.191993
-0.090284638,-0.159994
-0.090084638,-0.159994
-0.089884638,-0.159994
-0.089684638,-0.191993
-0.089484638,-0.191993
-0.089284638,-0.159994
-0.089084638,-0.191993
-0.088884638,-0.159994
-0.088684638,-0.191993
-0.088484638,-0.191993
-0.088284638,-0.191993
-0.088084638,-0.159994
-0.087884638,-0.191993
-0.087684638,-0.159994
-0.087484638,-0.191993
-0.087284638,-0.159994
-0.087084638,-0.191993
-0.086884638,-0.223991
-0.086684638,-0.159994
-0.086484638,-0.191993
-0.086284638,-0.191993
-0.086084638,-0.223991
-0.085884638,-0.191993
-0.085684638,-0.223991
-0.085484638,-0.191993
-0.085284638,-0.191993
-0.085084638,-0.191993
-0.084884638,-0.159994
-0.084684638,-0.159994
-0.084484638,-0.191993
-0.084284638,-0.223991
-0.084084638,-0.191993
-0.083884638,-0.191993
-0.083684638,-0.191993
-0.083484638,-0.191993
-0.083284638,-0.223991
-0.083084638,-0.191993
-0.082884638,-0.159994
-0.082684638,-0.223991
-0.082484638,-0.191993
-0.082284638,-0.223991
-0.082084638,-0.159994
-0.081884638,-0.159994
-0.081684638,-0.191993
-0.081484638,-0.191993
-0.081284638,-0.191993
-0.081084638,-0.159994
-0.080884638,-0.191993
-0.080684638,-0.159994
-0.080484638,-0.127995
-0.080284638,-0.159994
-0.080084638,-0.191993
-0.079884638,-0.159994
-0.079684638,-0.159994
-0.079484638,-0.159994
-0.079284638,-0.159994
-0.079084638,-0.191993
-0.078884638,-0.159994
-0.078684638,-0.159994
-0.078484638,-0.191993
-0.078284638,-0.159994
-0.078084638,-0.127995
-0.077884638,-0.191993
-0.077684638,-0.159994
-0.077484638,-0.127995
-0.077284638,-0.159994
-0.077084638,-0.0959963
-0.076884638,-0.127995
-0.076684638,-0.191993
-0.076484638,-0.127995
-0.076284638,-0.127995
-0.076084638,-0.159994
-0.075884638,-0.159994
-0.075684638,-0.159994
-0.075484638,-0.127995
-0.075284638,-0.127995
-0.075084638,-0.159994
-0.074884638,-0.127995
-0.074684638,-0.159994
-0.074484638,-0.127995
-0.074284638,-0.159994
-0.074084638,-0.159994
-0.073884638,-0.127995
-0.073684638,-0.159994
-0.073484638,-0.127995
-0.073284638,-0.127995
-0.073084638,-0.159994
-0.072884638,-0.127995
-0.072684638,-0.159994
-0.072484638,-0.159994
-0.072284638,-0.127995
-0.072084638,-0.159994
-0.071884638,-0.159994
-0.071684638,-0.127995
-0.071484638,-0.127995
-0.071284638,-0.159994
-0.071084638,-0.0959963
-0.070884638,-0.127995
-0.070684638,-0.127995
-0.070484638,-0.127995
-0.070284638,-0.127995
-0.070084638,-0.127995
-0.069884638,-0.127995
-0.069684638,-0.127995
-0.069484638,-0.127995
-0.069284638,-0.159994
-0.069084638,-0.159994
-0.068884638,-0.159994
-0.068684638,-0.0959963
-0.068484638,-0.0959963
-0.068284638,-0.127995
-0.068084638,-0.0959963
-0.067884638,-0.0959963
-0.067684638,-0.127995
-0.067484638,-0.127995
-0.067284638,-0.127995
-0.067084638,-0.127995
-0.066884638,-0.0959963
-0.066684638,-0.127995
-0.066484638,-0.127995
-0.066284638,-0.127995
-0.066084638,-0.127995
-0.065884638,-0.159994
-0.065684638,-0.127995
-0.065484638,-0.159994
-0.065284638,-0.159994
-0.065084638,-0.127995
-0.064884638,-0.0959963
-0.064684638,-0.127995
-0.064484638,-0.0959963
-0.064284638,-0.0959963
-0.064084638,-0.0959963
-0.063884638,-0.127995
-0.063684638,-0.0959963
-0.063484638,-0.127995
-0.063284638,-0.127995
-0.063084638,-0.0959963
-0.062884638,-0.127995
-0.062684638,-0.0639975
-0.062484638,-0.127995
-0.062284638,-0.159994
-0.062084638,-0.0959963
-0.061884638,-0.0959963
-0.061684638,-0.127995
-0.061484638,-0.0639975
-0.061284638,-0.0639975
-0.061084638,-0.127995
-0.060884638,-0.127995
-0.060684638,-0.0959963
-0.060484638,-0.0959963
-0.060284638,-0.0959963
-0.060084638,-0.0639975
-0.059884638,-0.127995
-0.059684638,-0.0959963
-0.059484638,-0.0959963
-0.059284638,-0.127995
-0.059084638,-0.0959963
-0.058884638,-0.127995
-0.058684638,-0.127995
-0.058484638,-0.0319988
-0.058284638,-0.0639975
-0.058084638,-0.127995
-0.057884638,-0.0959963
-0.057684638,-0.0319988
-0.057484638,-0.0959963
-0.057284638,-0.159994
-0.057084638,-0.0319988
-0.056884638,-0.127995
-0.056684638,-0.0639975
-0.056484638,-0.0639975
-0.056284638,-0.127995
-0.056084638,-0.127995
-0.055884638,-0.0959963
-0.055684638,-0.127995
-0.055484638,-0.0959963
-0.055284638,-0.0959963
-0.055084638,-0.127995
-0.054884638,-0.0639975
-0.054684638,-0.127995
-0.054484638,-0.159994
-0.054284638,-0.0639975
-0.054084638,-0.0319988
-0.053884638,-0.127995
-0.053684638,-0.127995
-0.053484638,-0.0959963
-0.053284638,-0.0959963
-0.053084638,-0.0959963
-0.052884638,-0.0959963
-0.052684638,-0.0959963
-0.052484638,-0.0639975
-0.052284638,-0.0959963
-0.052084638,-0.127995
-0.051884638,-0.0959963
-0.051684638,-0.0959963
-0.051484638,-0.0959963
-0.051284638,-0.0639975
-0.051084638,-0.127995
-0.050884638,-0.127995
-0.050684638,-0.0959963
-0.050484638,-0.0639975
-0.050284638,-0.127995
-0.050084638,-0.0639975
-0.049884638,-0.0639975
-0.049684638,-0.0959963
-0.049484638,-0.0959963
-0.049284638,-0.0639975
-0.049084638,-0.0959963
-0.048884638,-0.0959963
-0.048684638,-0.0959963
-0.048484638,-0.159994
-0.048284638,-0.0959963
-0.048084638,-0.0959963
-0.047884638,-0.159994
-0.047684638,-0.127995
-0.047484638,-0.0959963
-0.047284638,-0.127995
-0.047084638,-0.127995
-0.046884638,-0.127995
-0.046684638,-0.127995
-0.046484638,-0.127995
-0.046284638,-0.0959963
-0.046084638,-0.127995
-0.045884638,-0.127995
-0.045684638,-0.0959963
-0.045484638,-0.159994
-0.045284638,-0.0959963
-0.045084638,-0.127995
-0.044884638,-0.127995
-0.044684638,-0.0959963
-0.044484638,-0.127995
-0.044284638,-0.0959963
-0.044084638,-0.127995
-0.043884638,-0.0959963
-0.043684638,-0.127995
-0.043484638,-0.127995
-0.043284638,-0.0959963
-0.043084638,-0.127995
-0.042884638,-0.0639975
-0.042684638,-0.0959963
-0.042484638,-0.127995
-0.042284638,-0.127995
-0.042084638,-0.0639975
-0.041884638,-0.127995
-0.041684638,-0.0639975
-0.041484638,-0.0639975
-0.041284638,-0.0959963
-0.041084638,-0.127995
-0.040884638,-0.0959963
-0.040684638,-0.0959963
-0.040484638,-0.0639975
-0.040284638,-0.0959963
-0.040084638,-0.0959963
-0.039884638,-0.0959963
-0.039684638,-0.127995
-0.039484638,-0.0959963
-0.039284638,-0.0959963
-0.039084638,-0.0639975
-0.038884638,-0.127995
-0.038684638,-0.0959963
-0.038484638,-0.0639975
-0.038284638,-0.127995
-0.038084638,-0.0959963
-0.037884638,-0.0959963
-0.037684638,-0.159994
-0.037484638,-0.0959963
-0.037284638,-0.127995
-0.037084638,-0.0959963
-0.036884638,-0.0959963
-0.036684638,-0.0959963
-0.036484638,-0.127995
-0.036284638,-0.0959963
-0.036084638,-0.0639975
-0.035884638,-0.0959963
-0.035684638,-0.127995
-0.035484638,-0.0639975
-0.035284638,-0.0639975
-0.035084638,-0.0959963
-0.034884638,-0.127995
-0.034684638,-0.127995
-0.034484638,-0.127995
-0.034284638,-0.127995
-0.034084638,-0.127995
-0.033884638,-0.0959963
-0.033684638,-0.0959963
-0.033484638,-0.127995
-0.033284638,-0.0959963
-0.033084638,-0.0959963
-0.032884638,-0.127995
-0.032684638,-0.127995
-0.032484638,-0.127995
-0.032284638,-0.127995
-0.032084638,-0.0959963
-0.031884638,-0.159994
-0.031684638,-0.127995
-0.031484638,-0.127995
-0.031284638,-0.0959963
-0.031084638,-0.159994
-0.030884638,-0.127995
-0.030684638,-0.0959963
-0.030484638,-0.127995
-0.030284638,-0.0959963
-0.030084638,-0.0959963
-0.029884638,-0.127995
-0.029684638,-0.0959963
-0.029484638,-0.0959963
-0.029284638,-0.127995
-0.029084638,-0.0959963
-0.028884638,-0.127995
-0.028684638,-0.127995
-0.028484638,-0.0959963
-0.028284638,-0.0639975
-0.028084638,-0.127995
-0.027884638,-0.0959963
-0.027684638,-0.0959963
-0.027484638,-0.0959963
-0.027284638,-0.127995
-0.027084638,-0.127995
-0.026884638,-0.127995
-0.026684638,-0.0959963
-0.026484638,-0.0639975
-0.026284638,-0.127995
-0.026084638,-0.0959963
-0.025884638,-0.0959963
-0.025684638,-0.127995
-0.025484638,-0.127995
-0.025284638,-0.0959963
-0.025084638,-0.0959963
-0.024884638,-0.159994
-0.024684638,-0.0959963
-0.024484638,-0.127995
-0.024284638,-0.127995
-0.024084638,-0.0959963
-0.023884638,-0.159994
-0.023684638,-0.0959963
-0.023484638,-0.0959963
-0.023284638,-0.127995
-0.023084638,-0.159994
-0.022884638,-0.0959963
-0.022684638,-0.159994
-0.022484638,-0.127995
-0.022284638,-0.127995
-0.022084638,-0.127995
-0.021884638,-0.0959963
-0.021684638,-0.0959963
-0.021484638,-0.127995
-0.021284638,-0.159994
-0.021084638,-0.127995
-0.020884638,-0.159994
-0.020684638,-0.0959963
-0.020484638,-0.0959963
-0.020284638,-0.159994
-0.020084638,-0.127995
-0.019884638,-0.159994
-0.019684638,-0.127995
-0.019484638,-0.127995
-0.019284638,-0.127995
-0.019084638,-0.159994
-0.018884638,-0.127995
-0.018684638,-0.0959963
-0.018484638,-0.159994
-0.018284638,-0.127995
-0.018084638,-0.127995
-0.017884638,-0.0959963
-0.017684638,-0.127995
-0.017484638,-0.127995
-0.017284638,-0.159994
-0.017084638,-0.127995
-0.016884638,-0.127995
-0.016684638,-0.159994
-0.016484638,-0.159994
-0.016284638,-0.127995
-0.016084638,-0.159994
-0.015884638,-0.159994
-0.015684638,-0.127995
-0.015484638,-0.127995
-0.015284638,-0.159994
-0.015084638,-0.127995
-0.014884638,-0.127995
-0.014684638,-0.127995
-0.014484638,-0.127995
-0.014284638,-0.127995
-0.014084638,-0.0959963
-0.013884638,-0.127995
-0.013684638,-0.0959963
-0.013484638,-0.0959963
-0.013284638,-0.0959963
-0.013084638,-0.127995
-0.012884638,-0.0959963
-0.012684638,-0.0959963
-0.012484638,-0.127995
-0.012284638,-0.127995
-0.012084638,-0.127995
-0.011884638,-0.159994
-0.011684638,-0.127995
-0.011484638,-0.127995
-0.011284638,-0.159994
-0.011084638,-0.0959963
-0.010884638,-0.127995
-0.010684638,-0.191993
-0.010484638,-0.127995
-0.010284638,-0.159994
-0.010084638,-0.159994
-0.0098846376,-0.159994
-0.0096846376,-0.159994
-0.0094846376,-0.159994
-0.0092846376,-0.0959963
-0.0090846376,-0.191993
-0.0088846376,-0.159994
-0.0086846376,-0.159994
-0.0084846376,-0.127995
-0.0082846376,-0.159994
-0.0080846376,-0.127995
-0.0078846376,-0.127995
-0.0076846376,-0.127995
-0.0074846376,-0.127995
-0.0072846376,-0.127995
-0.0070846376,-0.191993
-0.0068846376,-0.127995
-0.0066846376,-0.0959963
-0.0064846376,-0.159994
-0.0062846376,-0.127995
-0.0060846376,-0.127995
-0.0058846376,-0.159994
-0.0056846376,-0.127995
-0.0054846376,-0.0959963
-0.0052846376,-0.159994
-0.0050846376,-0.127995
-0.0048846376,-0.127995
-0.0046846376,-0.159994
-0.0044846376,-0.127995
-0.0042846376,-0.159994
-0.0040846376,-0.159994
-0.0038846376,-0.127995
-0.0036846376,-0.159994
-0.0034846376,-0.159994
-0.0032846376,-0.127995
-0.0030846376,-0.159994
-0.0028846376,-0.159994
-0.0026846376,-0.159994
-0.0024846376,-0.127995
-0.0022846376,-0.159994
-0.0020846376,-0.159994
-0.0018846376,-0.0959963
-0.0016846376,-0.127995
-0.0014846376,-0.159994
-0.0012846376,-0.127995
-0.0010846376,-0.159994
-0.00088463756,-0.127995
-0.00068463756,-0.0959963
-0.00048463756,-0.159994
-0.00028463756,-0.159994
-8.4637559e-005,-0.0959963
0.00011536244,-0.191993
