x,result_minus_fin2ual_plus_offset
2.0002,-0.00017514577342891947
2.0004,-0.0001851912689265463
2.0006,-0.00019526405745045813
2.0008,-0.00020536411184215813
2.001,-0.00021549140447810222
2.0012,-0.00022564590726851814
2.0014,-0.0002358275916562705
2.0016,-0.0002460364286157263
2.0018,-0.00025627238865164634
2.002,-0.0002665354417980203
2.0021999999999998,-0.0002768255576169659
2.0023999999999997,-0.0002871427051976221
2.0025999999999997,-0.0002974868531550022
2.0027999999999997,-0.0003078579696289155
2.003,-0.0003182560222828657
2.0032,-0.00032868097830286345
2.0034,-0.00033913280439647653
2.0036,-0.00034961146679162933
2.0038,-0.00036011693123555737
2.004,-0.00037064916299369495
2.0042,-0.0003812081268486356
2.0044,-0.00039179378709903296
2.0046,-0.0004024061075585429
2.0048,-0.0004130450515547361
2.005,-0.00042371058192809045
2.0052,-0.00043440266103087367
2.0054,-0.0004451212507261349
2.0056,-0.00045586631238664485
2.0058,-0.0004666378068938792
2.006,-0.0004774356946369326
2.0062,-0.00048825993551155364
2.0064,-0.0004991104889190334
2.0066,-0.0005099873137652869
2.0068,-0.0005208903684597772
2.007,-0.0005318196109145149
2.0072,-0.0005427749985430553
2.0074,-0.0005537564882594998
2.0076,-0.0005647640364775121
2.0078,-0.0005757975991093072
2.008,-0.0005868571315646885
2.0082,-0.0005979425887500537
2.0084,-0.0006090539250674387
2.0086,-0.000620191094413533
2.0088,-0.000631354050178732
2.009,-0.0006425427452461697
2.0092,-0.0006537571319907777
2.0094,-0.0006649971622783321
2.0096,-0.0006762627874645126
2.0098,-0.0006875539583939818
2.01,-0.000698870625399437
2.0102,-0.0007102127383007294
2.0103999999999997,-0.0007215802464038074
2.0106,-0.0007329730985001066
2.0107999999999997,-0.000744391242865218
2.011,-0.0007558346272584712
2.0112,-0.0007673031989215639
2.0114,-0.0007787969045780301
2.0115999999999996,-0.0007903156904321838
2.0118,-0.0008018595021683792
2.012,-0.0008134282849499048
2.0122,-0.0008250219834183548
2.0124,-0.0008366405416926855
2.0126,-0.0008482839033683322
2.0128,-0.0008599520115164169
2.013,-0.0008716448086828767
2.0132000000000003,-0.0008833622368876709
2.0134,-0.0008951042376238068
2.0136000000000003,-0.0009068707518568478
2.0138,-0.0009186617200236523
2.014,-0.0009304770820320104
2.0141999999999998,-0.0009423167772595153
2.0144,-0.0009541807445529564
2.0145999999999997,-0.0009660689222273559
2.0148,-0.0009779812480654785
2.0149999999999997,-0.0009899176593166732
2.0152,-0.00100187809269652
2.0153999999999996,-0.0010138624843856405
2.0156,-0.0010258707700293791
2.0158,-0.0010379028847366436
2.016,-0.0010499587630794721
2.0162,-0.0010620383390921536
2.0164,-0.0010741415462705332
2.0166000000000004,-0.0010862683175713193
2.0168,-0.001098418585411232
2.017,-0.0011105922816665678
2.0172,-0.0011227893376722267
2.0174000000000003,-0.0011350096842211884
2.0176,-0.001147253251563679
2.0178,-0.001159519969406722
2.018,-0.0011718097669132256
2.0182,-0.0011841225727014962
2.0183999999999997,-0.001196458314844383
2.0185999999999997,-0.0012088169208689164
2.0188,-0.00122119831775544
2.019,-0.0012336024319369674
2.0191999999999997,-0.001246029189298695
2.0193999999999996,-0.0012584785151773603
2.0196,-0.0012709503343605387
2.0198,-0.001283444571086025
2.0199999999999996,-0.001295961149041356
2.0202,-0.0013084999913632294
2.0204000000000004,-0.001321061020636724
2.0206,-0.001333644158894869
2.0208,-0.0013462493276181619
2.0210000000000004,-0.0013588764477338732
2.0212000000000003,-0.0013715254396154339
2.0214,-0.0013841962230820746
2.0216,-0.0013968887173982448
2.0218000000000003,-0.0014096028412729968
2.0220000000000002,-0.0014223385128594587
2.0221999999999998,-0.0014350956497544217
2.0223999999999998,-0.0014478741689978576
2.0226,-0.0014606739870722976
2.0228,-0.0014734950199023539
2.0229999999999997,-0.0014863371828543336
2.0231999999999997,-0.001499200390735794
2.0234,-0.0015120845577949315
2.0236,-0.0015249895977201677
2.0237999999999996,-0.0015379154236397788
2.0239999999999996,-0.0015508619481214754
2.0242000000000004,-0.0015638290831718827
2.0244,-0.001576816740235963
2.0246,-0.0015898248301970674
2.0248000000000004,-0.0016028532633761072
2.0250000000000004,-0.0016159019495312597
2.0252,-0.001628970797857661
2.0254,-0.0016420597169870446
2.0256000000000003,-0.0016551686149872448
2.0258000000000003,-0.001668297399361847
2.026,-0.0016814459770499329
2.0262,-0.0016946142544257382
2.0264,-0.001707802137298215
2.0266,-0.0017210095309106736
2.0267999999999997,-0.0017342363399406198
2.0269999999999997,-0.0017474824684993982
2.0272,-0.0017607478201318116
2.0274,-0.0017740322978158085
2.0275999999999996,-0.0017873358039623155
2.0277999999999996,-0.0018006582404149795
2.028,-0.0018139995084497517
2.0282,-0.0018273595087746756
2.0284,-0.0018407381415297362
2.0286000000000004,-0.0018541353062865751
2.0288000000000004,-0.0018675509020481338
2.029,-0.0018809848272486156
2.0292,-0.0018944369797532586
2.0294000000000003,-0.001907907256858
2.0296,-0.0019213955552892827
2.0298,-0.001934901771204117
2.03,-0.0019484258001896165
2.0302000000000002,-0.001961967537263013
2.0304,-0.0019755268768713386
2.0305999999999997,-0.001989103712891452
2.0307999999999997,-0.0020026979386298773
2.031,-0.00201630944682258
2.0311999999999997,-0.002029938129634783
2.0314,-0.002043583878661212
2.0315999999999996,-0.0020572465849254904
2.0318,-0.002070926138880577
2.032,-0.002084622430408207
2.0321999999999996,-0.002098335348819122
2.0324,-0.0021120647828530357
2.0326,-0.0021258106206782736
2.0328000000000004,-0.0021395727498921217
2.033,-0.0021533510575204176
2.0332000000000003,-0.0021671454300179658
2.0334000000000003,-0.002180955753268058
2.0336,-0.0021947819125827796
2.0337999999999994,-0.0022086237927029777
2.034,-0.0022224812777982775
2.0342,-0.002236354251466898
2.0344,-0.0022502425967360316
2.0346,-0.0022641461960616026
2.0348,-0.0022780649313285375
2.035,-0.0022919986838507325
2.0351999999999997,-0.0023059473343710977
2.0353999999999997,-0.002319910763061812
2.0355999999999996,-0.0023338888495241924
2.0357999999999996,-0.0023478814727889755
2.036,-0.0023618885113163967
2.0362,-0.0023759098429962273
2.0364000000000004,-0.002389945345148127
2.0366,-0.002403994894521491
2.0367999999999995,-0.0024180583672959617
2.037,-0.002432135639081426
2.0372,-0.00244622658491803
2.0374000000000003,-0.002460331079276714
2.0376000000000003,-0.0024744489960591247
2.0378000000000003,-0.00248858020859803
2.0380000000000003,-0.00250272458965746
2.0382,-0.002516882011432891
2.0383999999999998,-0.002531052345551665
2.0385999999999997,-0.0025452354630730433
2.0387999999999993,-0.0025594312344885527
2.039,-0.002573639529722441
2.0392,-0.0025878602181315415
2.0394,-0.002602093168506035
2.0396,-0.0026163382490695082
2.0397999999999996,-0.0026305953274793088
2.0399999999999996,-0.0026448642708269913
2.0401999999999996,-0.0026591449456384907
2.0404000000000004,-0.0026734372178746513
2.0406000000000004,-0.0026877409529313164
2.0408000000000004,-0.002702056015640074
2.0410000000000004,-0.002716382270268429
2.0412,-0.002730719580520187
2.0413999999999994,-0.002745067809536002
2.0416,-0.0027594268198937342
2.0417999999999994,-0.0027737964736086838
2.0420000000000003,-0.0027881766321345034
2.0422000000000002,-0.0028025671563630516
2.0424,-0.0028169679066254154
2.0426,-0.002831378742692069
2.0427999999999997,-0.0028457995237734313
2.0429999999999997,-0.0028602301085204705
2.0431999999999997,-0.0028746703550250503
2.043399999999999,-0.002889120120820518
2.0436,-0.00290357926288243
2.0438,-0.0029180476376286383
2.044,-0.0029325251009203667
2.0442,-0.0029470115080624795
2.0443999999999996,-0.002961506713804119
2.0446,-0.002976010572339433
2.0447999999999995,-0.0029905229373078535
2.045000000000001,-0.0030050436617952425
2.0452000000000004,-0.0030195725983337483
2.0454000000000003,-0.0030341095989033385
2.0456000000000003,-0.0030486545149318
2.0458,-0.003063207197295639
2.0459999999999994,-0.0030777674963207895
2.0462,-0.003092335261783285
2.0463999999999993,-0.003106910342909731
2.0466000000000006,-0.0031214925883785265
2.0468,-0.0031360818463198187
2.047,-0.00315067796431709
2.0472,-0.00316528078940734
2.0473999999999997,-0.003179890168081987
2.047599999999999,-0.0031945059462877303
2.0477999999999996,-0.003209127969427295
2.047999999999999,-0.003223756082359988
2.0482000000000005,-0.003238390129403054
2.0484000000000004,-0.0032530299543317314
2.0486000000000004,-0.0032676754003808147
2.0488,-0.003282326310245068
2.0489999999999995,-0.003296982526080271
2.0492,-0.0033116438895040446
2.0493999999999994,-0.003326310241596509
2.0496000000000008,-0.003340981422901701
2.0498000000000003,-0.0033556572734276917
2.0500000000000003,-0.0033703376326483896
2.0502000000000002,-0.0033850223395038327
2.0504,-0.0033997112324013526
2.0505999999999993,-0.0034144041492165803
2.0507999999999993,-0.0034291009272943446
2.0509999999999993,-0.0034438014034495843
2.0512000000000006,-0.0034585054139685393
2.0514,-0.0034732127946093087
2.0516,-0.0034879233806035664
2.0518,-0.0035026370066570107
2.0519999999999996,-0.0035173535069505995
2.052199999999999,-0.0035320727151416766
2.0523999999999996,-0.0035467944643649907
2.052600000000001,-0.003561518587233692
2.0528000000000004,-0.0035762449158402874
2.053000000000001,-0.0035909732817583084
2.0532000000000004,-0.003605703516042772
2.0534,-0.0036204354492317533
2.0535999999999994,-0.0036351689113473394
2.0537999999999994,-0.0036499037318968204
2.0539999999999994,-0.0036646397398737915
2.0542000000000007,-0.0036793767637595407
2.0544000000000002,-0.0036941146315237526
2.0546,-0.0037088531706264537
2.0548,-0.003723592208018626
2.0549999999999997,-0.00373833157014367
2.0551999999999992,-0.0037530710829386674
2.0553999999999992,-0.0037678105718355983
2.055599999999999,-0.0037825498617625594
2.0558000000000005,-0.0037972887771452026
2.056,-0.003812027141907603
2.0562,-0.0038267647794742975
2.0564,-0.003841501512770978
2.0566,-0.003856237164226086
2.0568,-0.0038709715557721193
2.0569999999999995,-0.0038857045088469453
2.057200000000001,-0.003900435844395443
2.0574000000000003,-0.003915165382870217
2.0576000000000003,-0.0039298929442338855
2.0578000000000003,-0.003944618347959847
2.058,-0.003959341413033928
2.0581999999999994,-0.003974061957955859
2.0583999999999993,-0.003988779800740678
2.0585999999999993,-0.004003494758920122
2.0588,-0.004018206649544284
2.059,-0.004032915289182782
2.0592,-0.004047620493926679
2.0593999999999997,-0.0040623220793897085
2.0596,-0.0040770198607100044
2.0597999999999996,-0.004091713652551317
2.0599999999999996,-0.004106403269105025
2.0601999999999996,-0.004121088524091316
2.0604000000000005,-0.004135769230761033
2.0606000000000004,-0.0041504452018969636
2.0608000000000004,-0.004165116249815835
2.061,-0.004179782186369665
2.0611999999999995,-0.004194442822947531
2.0613999999999995,-0.004209097970477187
2.061599999999999,-0.004223747439426593
2.0618000000000003,-0.004238391039805961
2.062,-0.004253028581168756
2.0622,-0.004267659872614259
2.0624,-0.004282284722788666
2.0626,-0.0042969029398871005
2.0628,-0.004311514331655137
2.0629999999999997,-0.004326118705390771
2.0631999999999997,-0.004340715867946183
2.0634000000000006,-0.004355305625729397
2.0636000000000005,-0.00436988778470598
2.0638000000000005,-0.004384462150401187
2.064,-0.004399028527901503
2.0641999999999996,-0.004413586721856647
2.064399999999999,-0.0044281365364812995
2.064599999999999,-0.004442677775557064
2.0648000000000004,-0.004457210242434338
2.065,-0.004471733740033863
2.0652,-0.004486248070849314
2.0653999999999995,-0.004500753036948627
2.0656000000000003,-0.004515248439976306
2.0658000000000003,-0.004529734081154946
2.0660000000000003,-0.00454420976128763
2.0662,-0.004558675280759648
2.0664000000000007,-0.004573130439540713
2.0666000000000007,-0.004587575037186487
2.0668000000000006,-0.004602008872841164
2.067,-0.004616431745239109
2.0671999999999997,-0.004630843452707112
2.0673999999999992,-0.0046452437931663185
2.067599999999999,-0.004659632564134371
2.067799999999999,-0.004674009562727378
2.068,-0.004688374585662181
2.0681999999999996,-0.004702727429258153
2.0683999999999996,-0.004717067889439802
2.068600000000001,-0.004731395761738584
2.0688000000000004,-0.004745710841294813
2.0690000000000004,-0.0047600129228604834
2.0692,-0.004774301800800865
2.069400000000001,-0.004788577269097082
2.0696000000000008,-0.004802839121347862
2.0698000000000003,-0.0048170871507722075
2.0700000000000003,-0.004831321150211464
2.0702,-0.004845540912131449
2.0703999999999994,-0.004859746228624863
2.0705999999999993,-0.004873936891413525
2.070799999999999,-0.004888112691850532
2.071,-0.0049022734209228785
2.0711999999999997,-0.004916418869253134
2.0713999999999997,-0.004930548827102595
2.071599999999999,-0.004944663084372981
2.0718000000000005,-0.0049587614306092626
2.072,-0.0049728436550013355
2.0722,-0.0049869095463872855
2.0724,-0.0050009588932551354
2.072600000000001,-0.005014991483745561
2.072800000000001,-0.005029007105654018
2.0730000000000004,-0.005043005546433526
2.0732,-0.005056986593196944
2.0733999999999995,-0.0050709500327194325
2.0735999999999994,-0.005084895651440963
2.073799999999999,-0.005098823235468686
2.074,-0.005112732570579715
2.0741999999999994,-0.005126623442223153
2.0743999999999994,-0.005140495635523241
2.0745999999999993,-0.005154348935281413
2.0748000000000006,-0.005168183125979158
2.075,-0.0051819979917801465
2.0752,-0.005195793316533503
2.0754,-0.005209568883775818
2.075600000000001,-0.00522332447673406
2.0758000000000005,-0.0052370598783279074
2.0760000000000005,-0.005250774871172842
2.0762,-0.005264469237582336
2.0763999999999996,-0.005278142759570844
2.076599999999999,-0.0052917952188563065
2.076799999999999,-0.005305426396862932
2.077,-0.005319036074723844
2.0771999999999995,-0.005332624033283649
2.0773999999999995,-0.005346190053101602
2.077599999999999,-0.005359733914453891
2.077800000000001,-0.005373255397336888
2.0780000000000007,-0.005386754281469021
2.0782000000000007,-0.005400230346294757
2.0784000000000002,-0.0054136833709865165
2.078600000000001,-0.005427113134447971
2.0788000000000006,-0.005440519415316352
2.0790000000000006,-0.005453901991965918
2.0792,-0.0054672606425103356
2.0793999999999997,-0.005480595144805767
2.0795999999999992,-0.005493905276453698
2.079799999999999,-0.005507190814803817
2.0799999999999987,-0.005520451536956867
2.0801999999999996,-0.005533687219767786
2.080399999999999,-0.005546897639848197
2.080599999999999,-0.0055600825735699164
2.080800000000001,-0.005573241797067624
2.081000000000001,-0.005586375086241487
2.081200000000001,-0.005599482216760896
2.0814000000000004,-0.005612562964066886
2.081600000000001,-0.005625617103375471
2.0818000000000008,-0.00563864440968036
2.0820000000000007,-0.005651644657756267
2.0822000000000003,-0.005664617622161816
2.0824,-0.005677563077242705
2.0825999999999993,-0.005690480797134704
2.0827999999999993,-0.005703370555766787
2.082999999999999,-0.005716232126864171
2.0831999999999997,-0.005729065283951626
2.0833999999999993,-0.0057418698003561825
2.0835999999999992,-0.005754645449210846
2.0837999999999988,-0.00576739200345729
2.084000000000001,-0.005780109235849462
2.0842000000000005,-0.005792796918955955
2.0844000000000005,-0.005805454825164293
2.0846,-0.005818082726683334
2.084800000000001,-0.005830680395546936
2.085000000000001,-0.005843247603616746
2.0852000000000004,-0.00585578412258589
2.0854,-0.00586828972398204
2.0855999999999995,-0.005880764179170683
2.0857999999999994,-0.005893207259358435
2.085999999999999,-0.0059056187355962745
2.0862,-0.005917998378783042
2.0863999999999994,-0.005930345959668371
2.086599999999999,-0.005942661248856536
2.086799999999999,-0.0059549440168094785
2.087000000000001,-0.005967194033850332
2.0872000000000006,-0.005979411070166289
2.0874000000000006,-0.005991594895812897
2.0876,-0.006003745280716732
2.087800000000001,-0.0060158619946791975
2.0880000000000005,-0.006027944807379525
2.0882000000000005,-0.006039993488378756
2.0884,-0.006052007807122765
2.0885999999999996,-0.006063987532945957
2.0887999999999995,-0.006075932435074654
2.088999999999999,-0.006087842282630533
2.0891999999999995,-0.0060997168446342955
2.0893999999999995,-0.0061115558900089306
2.089599999999999,-0.0061233591875834445
2.089799999999999,-0.006135126506096402
2.090000000000001,-0.006146857614199445
2.0902000000000007,-0.00615855228046044
2.0904000000000007,-0.006170210273367884
2.0906000000000002,-0.006181831361333813
2.090800000000001,-0.006193415312697768
2.0910000000000006,-0.006204961895730013
2.0912000000000006,-0.006216470878635672
2.0914,-0.006227942029557929
2.0915999999999997,-0.006239375116581919
2.091799999999999,-0.006250769907738299
2.091999999999999,-0.006262126171006956
2.0921999999999987,-0.006273443674320584
2.092399999999999,-0.006284722185568593
2.092599999999999,-0.0062959614726005395
2.0927999999999987,-0.006307161303230055
2.0930000000000013,-0.006318321445238721
2.0932000000000013,-0.006329441666379081
2.093400000000001,-0.006340521734379335
2.0936000000000003,-0.006351561416946646
2.093800000000001,-0.006362560481770946
2.0940000000000007,-0.0063735186965285595
2.0942000000000007,-0.0063844358288864134
2.0944000000000003,-0.00639531164650547
2.0946,-0.006406145917044772
2.0947999999999993,-0.006416938408165207
2.0949999999999993,-0.006427688887533341
2.095199999999999,-0.006438397122825235
2.0953999999999993,-0.006449062881730518
2.095599999999999,-0.006459685931955898
2.0957999999999988,-0.0064702660412295
2.0959999999999983,-0.006480802977304406
2.0962000000000014,-0.006491296507962957
2.096400000000001,-0.006501746401019866
2.0966000000000005,-0.006512152424327296
2.0968000000000013,-0.006522514345778104
2.097000000000001,-0.006532831933309736
2.097200000000001,-0.006543104954908624
2.0974000000000004,-0.006553333178613807
2.0976,-0.006563516372521125
2.0977999999999994,-0.006573654304787132
2.0979999999999994,-0.00658374674363317
2.098199999999999,-0.006593793457349291
2.0983999999999994,-0.006603794214298464
2.098599999999999,-0.006613748782920369
2.098799999999999,-0.006623656931735768
2.0989999999999984,-0.006633518429350319
2.0992000000000015,-0.006643333044458964
2.099400000000001,-0.006653100545849289
2.0996000000000006,-0.0066628207024066275
2.0998000000000006,-0.00667249328311758
2.100000000000001,-0.006682118057074187
2.1002000000000005,-0.006691694793478064
2.1004000000000005,-0.006701223261644738
2.1006,-0.006710703231007506
2.1007999999999996,-0.006720134471121879
2.1009999999999995,-0.006729516751669571
2.101199999999999,-0.006738849842462723
2.1013999999999995,-0.0067481335134481745
2.101599999999999,-0.006757367534711487
2.101799999999999,-0.006766551676481416
2.1019999999999985,-0.006775685709133885
2.1022000000000016,-0.006784769403196575
2.102400000000001,-0.0067938025293523795
2.1026000000000007,-0.0068027848584447225
2.1028000000000007,-0.006811716161481136
2.103000000000001,-0.006820596209637699
2.1032000000000006,-0.006829424774263244
2.1034000000000006,-0.0068382016268838455
2.1036,-0.006846926539206899
2.1037999999999997,-0.00685559928312563
2.103999999999999,-0.006864219630723239
2.104199999999999,-0.00687278735427738
2.1043999999999987,-0.006881302226264378
2.104599999999999,-0.006889764019363689
2.104799999999999,-0.006898172506462132
2.1049999999999986,-0.006906527460658372
2.1052000000000017,-0.006914828655267412
2.1054000000000013,-0.006923075863824366
2.1056000000000012,-0.006931268860089772
2.105800000000001,-0.00693940741805334
2.106000000000001,-0.006947491311938631
2.1062000000000007,-0.006955520316207287
2.1064000000000007,-0.006963494205563712
2.1066000000000003,-0.006971412754959294
2.1068,-0.006979275739597008
2.1069999999999993,-0.006987082934935736
2.1071999999999993,-0.006994834116694891
2.107399999999999,-0.007002529060858701
2.1075999999999993,-0.007010167543680899
2.107799999999999,-0.007017749341688984
2.1079999999999988,-0.007025274231688973
2.1081999999999983,-0.007032741990769698
2.1084000000000014,-0.0070401523963075745
2.108600000000001,-0.007047505225970565
2.108800000000001,-0.0070548002577235
2.109000000000001,-0.007062037269832075
2.109200000000001,-0.007069216040867538
2.1094000000000004,-0.007076336349711283
2.1096000000000004,-0.007083397975559383
2.1098,-0.007090400697927152
2.1099999999999994,-0.007097344296653744
2.1101999999999994,-0.0071042285519067674
2.110399999999999,-0.007111053244186793
2.1105999999999994,-0.007117818154332092
2.110799999999999,-0.00712452306352305
2.110999999999999,-0.007131167753287037
2.1111999999999984,-0.0071377520055028116
2.1114000000000015,-0.007144275602405394
2.1116000000000006,-0.007150738326590188
2.111800000000001,-0.007157139961018401
2.112,-0.007163480289021053
2.112200000000001,-0.007169759094304054
2.1124,-0.0071759761609524846
2.1126000000000005,-0.007182131273435689
2.1127999999999996,-0.007188224216611567
2.1129999999999995,-0.007194254775731622
2.1132,-0.007200222736445381
2.113399999999999,-0.0072061278848051455
2.1136,-0.007211970007270943
2.113799999999999,-0.007217748890714818
2.113999999999999,-0.007223464322425985
2.1141999999999985,-0.007229116090115258
2.1144000000000016,-0.007234703981920013
2.1146000000000007,-0.007240227786408494
2.114800000000001,-0.007245687292585257
2.115,-0.007251082289895277
2.115200000000001,-0.007256412568229159
2.1154,-0.007261677917927499
2.1156000000000006,-0.007266878129786084
2.1157999999999997,-0.007272012995060298
2.1159999999999997,-0.007277082305470149
2.1161999999999996,-0.007282085853204952
2.116399999999999,-0.007287023430928106
2.116599999999999,-0.007291894831781971
2.116799999999999,-0.007296699849392621
2.1169999999999995,-0.007301438277874658
2.117199999999998,-0.007306109911836004
2.1174000000000017,-0.007310714546382931
2.117600000000001,-0.0073152519771243684
2.1178000000000012,-0.0073197220001774005
2.1180000000000003,-0.007324124412171595
2.118200000000001,-0.007328459010254163
2.1184000000000003,-0.007332725592094521
2.1186000000000007,-0.007336923955889421
2.1187999999999994,-0.007341053900367575
2.1189999999999998,-0.007345115224794725
2.1192,-0.0073491077289783
2.1193999999999993,-0.007353031213272422
2.1195999999999997,-0.007356885478582772
2.1197999999999992,-0.007360670326371397
2.1199999999999997,-0.007364385558661675
2.1201999999999983,-0.007368030978043089
2.1203999999999987,-0.0073716063876763105
2.1206000000000005,-0.0073751115912978876
2.1208000000000014,-0.007378546393225216
2.121,-0.007381910598361458
2.1212000000000013,-0.0073852040122005715
2.1214,-0.007388426440831894
2.121600000000001,-0.007391577690945443
2.1217999999999995,-0.007394657569836499
2.122,-0.007397665885410793
2.1222000000000003,-0.007400602446189226
2.1223999999999994,-0.007403467061312905
2.1226,-0.0074062595405480925
2.122799999999999,-0.007408979694291008
2.1229999999999998,-0.007411627333572954
2.1231999999999984,-0.00741420227006505
2.1233999999999993,-0.0074167043160833996
2.1236000000000006,-0.007419133284593821
2.1238000000000015,-0.007421488989216899
2.124,-0.007423771244232927
2.1242000000000005,-0.007425979864586923
2.1244,-0.007428114665893427
2.1246000000000005,-0.007430175464441623
2.124799999999999,-0.007432162077200174
2.125,-0.007434074321822289
2.1252000000000004,-0.0074359120166505805
2.125399999999999,-0.007437674980722108
2.1256,-0.007439363033773333
2.125799999999999,-0.007440975996245082
2.126,-0.007442513689287493
2.1261999999999985,-0.007443975934765012
2.1263999999999994,-0.007445362555261398
2.1266000000000007,-0.00744667337408463
2.1268000000000016,-0.007447908215271943
2.1270000000000002,-0.007449066903594766
2.1272000000000006,-0.007450149264563754
2.1273999999999997,-0.007451155124433703
2.1276000000000006,-0.007452084310208617
2.1277999999999992,-0.007452936649646567
2.128,-0.007453711971264843
2.128200000000001,-0.0074544101043447384
2.128399999999999,-0.007455030878936723
2.1286,-0.007455574125865319
2.1287999999999987,-0.007456039676734109
2.129,-0.007456427363930765
2.1291999999999986,-0.0074567370206319586
2.1293999999999995,-0.007456968480808408
2.129600000000001,-0.007457121579229854
2.1298000000000017,-0.007457196151470033
2.13,-0.007457192033911688
2.1302000000000008,-0.00745710906375152
2.1304,-0.007456947079005216
2.1306000000000007,-0.007456705918512401
2.1307999999999994,-0.00745638542194167
2.1310000000000002,-0.00745598542979548
2.131200000000001,-0.007455505783415256
2.1313999999999993,-0.007454946324986318
2.1316000000000006,-0.0074543068975428065
2.131799999999999,-0.007453587344972789
2.132,-0.007452787512023118
2.1321999999999988,-0.00745190724430453
2.1323999999999996,-0.007450946388296507
2.132599999999998,-0.007449904791352334
2.132800000000002,-0.0074487823017040326
2.133,-0.007447578768467415
2.1332000000000013,-0.007446294041646899
2.1334,-0.007444927972140676
2.133600000000001,-0.0074434804117455115
2.133799999999999,-0.007441951213161841
2.1340000000000003,-0.0074403402299985984
2.134200000000001,-0.007438647316778349
2.1343999999999994,-0.007436872328942126
2.1346000000000007,-0.0074350151228543895
2.134799999999999,-0.007433075555808102
2.1350000000000007,-0.007431053486029478
2.1351999999999984,-0.00742894877268324
2.1353999999999997,-0.0074267612758771705
2.135599999999998,-0.00742449085666747
2.135800000000002,-0.007422137377063308
2.136,-0.007419700700032216
2.1362000000000014,-0.007417180689504507
2.136399999999999,-0.007414577210378668
2.136600000000001,-0.007411890128525917
2.136799999999999,-0.007409119310795494
2.1370000000000005,-0.007406264625019225
2.1372000000000013,-0.007403325940016749
2.1373999999999995,-0.007400303125600263
2.137600000000001,-0.007397196052579396
2.137799999999999,-0.007394004592766334
2.138000000000001,-0.007390728618980404
2.1381999999999985,-0.007387368005053388
2.1384000000000003,-0.007383922625833924
2.138599999999998,-0.007380392357192936
2.138800000000002,-0.007376777076027926
2.139,-0.007373076660268575
2.139200000000001,-0.0073692909888808346
2.1393999999999993,-0.007365419941872499
2.139600000000001,-0.0073614634002974935
2.1397999999999993,-0.007357421246261302
2.1400000000000006,-0.007353293362925233
2.1401999999999983,-0.007349079634511869
2.1403999999999996,-0.0073447799463093304
2.140600000000001,-0.007340394184676623
2.1407999999999987,-0.0073359222370482716
2.1410000000000005,-0.007331363991938875
2.1411999999999987,-0.007326719338948579
2.1414000000000004,-0.007321988168767156
2.141599999999998,-0.007317170373179511
2.141800000000002,-0.007312265845069761
2.142,-0.00730727447842695
2.142200000000001,-0.00730219616834883
2.1423999999999994,-0.007297030811047522
2.142600000000001,-0.007291778303853625
2.142799999999999,-0.007286438545221616
2.1430000000000007,-0.007281011434733932
2.1431999999999984,-0.007275496873106518
2.1433999999999997,-0.007269894762192744
2.143600000000001,-0.007264205004988866
2.1437999999999993,-0.007258427505638495
2.1440000000000006,-0.00725256216943704
2.1441999999999988,-0.007246608902837062
2.1444,-0.007240567613452283
2.1445999999999983,-0.007234438210063041
2.1447999999999996,-0.007228220602620233
2.145,-0.0072219147022507015
2.1452000000000013,-0.007215520421261444
2.1453999999999995,-0.007209037673144639
2.1456000000000013,-0.007202466372581817
2.145799999999999,-0.007195806435449311
2.146000000000001,-0.007189057778821952
2.1461999999999986,-0.007182220320978747
2.1464,-0.007175293981406471
2.146600000000001,-0.007168278680805205
2.146799999999999,-0.0071611743410926005
2.1470000000000007,-0.00715398088540802
2.147199999999999,-0.0071466982381182004
2.1474000000000006,-0.007139326324820644
2.1475999999999984,-0.007131865072349387
2.1477999999999997,-0.007124314408778392
2.148,-0.007116674263427199
2.1482000000000014,-0.007108944566864703
2.148399999999999,-0.007101125250914286
2.148600000000001,-0.007093216248657602
2.148799999999999,-0.007085217494440143
2.1490000000000005,-0.00707712892387461
2.1491999999999982,-0.0070689504738465515
2.1494,-0.007060682082517724
2.1496000000000017,-0.00705232368933164
2.1497999999999995,-0.00704387523501756
2.150000000000001,-0.007035336661594475
2.150199999999999,-0.007026707912376707
2.1504000000000008,-0.007017988931977075
2.150599999999998,-0.0070091796663126
2.1508,-0.007000280062607604
2.151,-0.006991290069399416
2.1512000000000016,-0.00698220963654173
2.1513999999999993,-0.00697303871520988
2.151600000000001,-0.0069637772579041295
2.151799999999999,-0.006954425218455381
2.1520000000000006,-0.0069449825520281425
2.1521999999999983,-0.006935449215126246
2.1524,-0.00692582516559576
2.152600000000002,-0.006916110362630604
2.152799999999999,-0.0069063047667763154
2.153000000000001,-0.006896408339933657
2.1531999999999987,-0.006886421045364425
2.153400000000001,-0.006876342847694014
2.153599999999998,-0.0068661737129173984
2.1538000000000004,-0.0068559136084015305
2.154,-0.006845562502891428
2.1542000000000017,-0.006835120366512851
2.1543999999999994,-0.0068245871707777435
2.154600000000001,-0.006813962888587079
2.154799999999999,-0.006803247494236667
2.1550000000000007,-0.006792440963419609
2.1551999999999985,-0.006781543273232106
2.1554,-0.006770554402175997
2.155600000000002,-0.006759474330164255
2.1557999999999993,-0.006748303038524594
2.1560000000000015,-0.006737040510002695
2.156199999999999,-0.006725686728768171
2.156400000000001,-0.006714241680416438
2.1565999999999983,-0.006702705351974996
2.1568000000000005,-0.006691077731905233
2.156999999999998,-0.006679358810108683
2.157200000000002,-0.006667548577928724
2.157399999999999,-0.006655647028157201
2.1576000000000013,-0.006643654155035497
2.157799999999999,-0.006631569954261273
2.158000000000001,-0.0066193944229900065
2.1581999999999986,-0.006607127559841103
2.1584000000000003,-0.006594769364899755
2.158600000000002,-0.006582319839722569
2.1587999999999994,-0.006569778987340822
2.1590000000000016,-0.006557146812263353
2.159199999999999,-0.006544423320482534
2.159400000000001,-0.0065316085194756495
2.1595999999999984,-0.006518702418211215
2.1598000000000006,-0.006505705027150322
2.1599999999999975,-0.0064926163582528975
2.160200000000002,-0.0064794364249787465
2.160399999999999,-0.00646616524229461
2.1606000000000014,-0.006452802826674316
2.1607999999999983,-0.006439349196105807
2.161000000000001,-0.0064258043700918446
2.1611999999999982,-0.006412168369656731
2.1614000000000004,-0.006398441217346944
2.161600000000002,-0.0063846229372374
2.1617999999999995,-0.006370713554933887
2.1620000000000017,-0.006356713097575832
2.1621999999999986,-0.006342621593842249
2.162400000000001,-0.006328439073952429
2.1625999999999985,-0.006314165569672622
2.1628000000000007,-0.006299801114316416
2.1629999999999976,-0.006285345742751351
2.163200000000002,-0.006270799491399235
2.1633999999999993,-0.006256162398243342
2.1636000000000015,-0.006241434502827948
2.1637999999999984,-0.006226615846265321
2.164000000000001,-0.006211706471236031
2.1641999999999983,-0.00619670642199554
2.1644000000000005,-0.00618161574437439
2.1645999999999974,-0.006166434485784703
2.1647999999999996,-0.006151162695220456
2.165000000000002,-0.006135800423263559
2.1651999999999987,-0.006120347722086103
2.165400000000001,-0.006104804645452256
2.1655999999999986,-0.006089171248724533
2.165800000000001,-0.00607344758886389
2.1659999999999977,-0.006057633724436015
2.166200000000002,-0.0060417297156111945
2.1663999999999994,-0.006025735624171581
2.1666000000000016,-0.006009651513510015
2.1667999999999985,-0.005993477448637126
2.167000000000001,-0.005977213496180996
2.1671999999999985,-0.005960859724393766
2.1674000000000007,-0.005944416203151243
2.1675999999999975,-0.00592788300395939
2.1677999999999997,-0.005911260199953939
2.168000000000002,-0.0058945478659066085
2.168199999999999,-0.005877746078226673
2.168400000000001,-0.005860854914962693
2.1685999999999988,-0.005843874455808562
2.168800000000001,-0.005826804782103112
2.168999999999998,-0.0058096459768363015
2.1692,-0.005792398124648705
2.169399999999999,-0.0057750613118378565
2.1696000000000017,-0.005757635626358189
2.1697999999999986,-0.0057401211578265105
2.1700000000000013,-0.00572251799752169
2.170199999999998,-0.005704826238391291
2.1704000000000008,-0.005687045975050265
2.1705999999999976,-0.005669177303787866
2.1708,-0.005651220322566208
2.171000000000002,-0.005633175131026622
2.171199999999999,-0.00561504183049075
2.1714000000000016,-0.005596820523961802
2.171599999999999,-0.00557851131613068
2.171800000000001,-0.005560114313374663
2.171999999999998,-0.005541629623763807
2.1722,-0.005523057357059697
2.172399999999999,-0.005504397624721793
2.172600000000002,-0.005485650539906675
2.1727999999999987,-0.005466816217473483
2.173000000000001,-0.005447894773983111
2.1731999999999982,-0.0054288863277043575
2.173400000000001,-0.005409790998612647
2.1735999999999978,-0.005390608908396268
2.1738,-0.005371340180454647
2.174000000000002,-0.005351984939904428
2.174199999999999,-0.00533254331358023
2.1744000000000017,-0.005313015430035358
2.174599999999999,-0.0052934014195478475
2.174800000000001,-0.005273701414118492
2.174999999999998,-0.005253915547477145
2.1752000000000007,-0.00523404395508089
2.1753999999999993,-0.005214086774120347
2.175600000000002,-0.005194044143518033
2.175799999999999,-0.005173916203933994
2.176000000000001,-0.005153703097764118
2.1761999999999984,-0.005133404969146427
2.1764000000000006,-0.005113021963958974
2.1765999999999974,-0.005092554229825938
2.1768,-0.0050720019161154435
2.1770000000000023,-0.005051365173945454
2.177199999999999,-0.0050306441561838635
2.177400000000002,-0.005009839017448918
2.177599999999999,-0.004988949914115018
2.1778000000000013,-0.00496797700431017
2.177999999999998,-0.004946920447922098
2.178200000000001,-0.004925780406595793
2.1783999999999994,-0.004904557043739637
2.178600000000002,-0.004883250524523226
2.178799999999999,-0.0048618610158827884
2.179000000000001,-0.004840388686518849
2.1791999999999985,-0.004818833706902392
2.179400000000001,-0.004797196249272078
2.1795999999999975,-0.0047754764876403785
2.1798,-0.004753674597790344
2.1800000000000024,-0.004731790757281734
2.1801999999999992,-0.004709825145450372
2.180400000000002,-0.004687777943408135
2.1805999999999983,-0.004665649334048687
2.1808000000000014,-0.004643439502043753
2.1809999999999983,-0.004621148633850028
2.181200000000001,-0.004598776917705117
2.1813999999999973,-0.004576324543634271
2.181600000000002,-0.004553791703446115
2.1817999999999986,-0.004531178590740534
2.1820000000000013,-0.004508485400902826
2.1821999999999986,-0.004485712331111532
2.1824000000000012,-0.0044628595803341865
2.1825999999999977,-0.0044399273493335775
2.1828000000000003,-0.004416915840663688
2.183000000000003,-0.004393825258675679
2.1831999999999994,-0.00437065580951696
2.183400000000002,-0.0043474077011300665
2.1835999999999984,-0.004324081143258789
2.1838000000000015,-0.00430067634744343
2.1839999999999984,-0.004277193527027632
2.184200000000001,-0.00425363289715368
2.1843999999999975,-0.004229994674768905
2.1846000000000023,-0.00420627907862086
2.1847999999999987,-0.004182486329265005
2.1850000000000014,-0.004158616649058033
2.185199999999998,-0.004134670262165819
2.185400000000001,-0.004110647394557858
2.1855999999999978,-0.004086548274014132
2.1858000000000004,-0.004062373130119883
2.186000000000003,-0.00403812219427138
2.1861999999999995,-0.004013795699674525
2.186400000000002,-0.003989393881343164
2.186599999999999,-0.003964916976104989
2.1868000000000016,-0.003940365222596252
2.1869999999999985,-0.003915738861268
2.187200000000001,-0.0038910381343809954
2.1873999999999976,-0.0038662632860118947
2.1876000000000024,-0.0038414145620475374
2.187799999999999,-0.0038164922101925837
2.1880000000000015,-0.0037914964799620867
2.188199999999998,-0.0037664276226891526
2.188400000000001,-0.0037412858915187373
2.188599999999998,-0.0037160715414143327
2.1888000000000005,-0.0036907848291519376
2.188999999999997,-0.0036654260133263524
2.1891999999999996,-0.0036399953543454163
2.1894000000000022,-0.0036144931144354623
2.189599999999999,-0.0035889195576392333
2.189800000000002,-0.0035632749498136006
2.1899999999999986,-0.0035375595586352713
2.1902000000000013,-0.0035117736535942028
2.1903999999999977,-0.003485917506000258
2.1906000000000025,-0.003459991388976419
2.190799999999999,-0.0034339955774662953
2.1910000000000016,-0.0034079303482259316
2.191199999999998,-0.0033817959798312226
2.191400000000001,-0.0033555927526710324
2.1915999999999976,-0.0033293209489536303
2.1918000000000006,-0.003302980852699646
2.191999999999997,-0.0032765727497488448
2.1921999999999997,-0.0032500969277527506
2.1924000000000023,-0.0032235536761804576
2.1925999999999988,-0.0031969432863157023
2.192800000000002,-0.003170266051253913
2.1929999999999987,-0.0031435222659078163
2.1932000000000014,-0.00311671222700021
2.193399999999998,-0.0030898362330700315
2.1936000000000027,-0.003062894584465028
2.193799999999999,-0.003035887583349083
2.1940000000000017,-0.003008815533693006
2.194199999999998,-0.0029816787412820537
2.1944000000000012,-0.0029544775137079304
2.1945999999999977,-0.0029272121603753256
2.1948000000000008,-0.0028998829924938106
2.194999999999997,-0.0028724903230844838
2.1952,-0.002845034466971908
2.1954000000000025,-0.0028175157407894767
2.195599999999999,-0.002789934462975996
2.195800000000002,-0.0027622909537720892
2.1959999999999984,-0.002734585535225567
2.1962000000000015,-0.0027068185311831306
2.196399999999998,-0.002678990267296822
2.1966000000000006,-0.002651101071015539
2.196799999999999,-0.0026231512715909518
2.197000000000002,-0.002595141200070537
2.1971999999999983,-0.002567071189301597
2.197400000000001,-0.002538941573924381
2.1975999999999978,-0.002510752690377399
2.197800000000001,-0.002482504876889438
2.1979999999999973,-0.002454198473485173
2.1982,-0.0024258338219766396
2.198400000000003,-0.0023974112659682616
2.198599999999999,-0.0023689311508529845
2.198800000000002,-0.0023403938238075743
2.198999999999999,-0.0023117996337981223
2.1992000000000016,-0.002283148931571066
2.199399999999998,-0.002254442069658711
2.199600000000001,-0.0022256794023705873
2.199799999999999,-0.002196861285799079
2.200000000000002,-0.0021679880778109374
2.2001999999999984,-0.0021390601380520476
2.200400000000001,-0.002110077827939025
2.200599999999998,-0.0020810415106645103
2.2008000000000005,-0.002051951551188421
2.200999999999997,-0.002022808316243002
2.2012,-0.0019936121743239148
2.201400000000003,-0.0019643634956948023
2.201599999999999,-0.0019350626523825438
2.201800000000002,-0.0019057100181722156
2.201999999999999,-0.0018763059686121215
2.2022000000000017,-0.0018468508810040906
2.202399999999998,-0.0018173451344085448
2.2026000000000012,-0.0017877891096353665
2.202799999999999,-0.0017581831892488835
2.203000000000002,-0.001728527757558824
2.2031999999999985,-0.0016988232006247073
2.203400000000001,-0.0016690699062465635
2.203599999999998,-0.0016392682639700708
2.203800000000001,-0.001609418665076859
2.203999999999997,-0.001579521502589575
2.2042,-0.001549577171261494
2.2044000000000032,-0.0015195860675814858
2.2045999999999992,-0.0014895485897682523
2.2048000000000023,-0.001459465137764679
2.2049999999999983,-0.0014293361132426716
2.205200000000002,-0.0013991619195919801
2.2053999999999983,-0.0013689429619263642
2.2056000000000013,-0.001338679647072137
2.205799999999999,-0.0013083723835737178
2.206000000000002,-0.0012780215816835202
2.2061999999999986,-0.0012476276533660191
2.2064000000000012,-0.001217191012287758
2.206599999999998,-0.001186712073822017
2.206800000000001,-0.0011561912550384994
2.206999999999997,-0.0011256289747079051
2.2072000000000003,-0.0010950256532908436
2.2074000000000034,-0.001064381712942375
2.2075999999999993,-0.0010336975775056458
2.2078000000000024,-0.0010029736725055364
2.2079999999999984,-0.0009722104251531508
2.208200000000002,-0.0009414082643339127
2.2083999999999984,-0.000910567620613232
2.2086000000000015,-0.000879688926224417
2.2087999999999974,-0.0008487726150740479
2.2090000000000023,-0.0008178191227297335
2.2091999999999983,-0.000786828886426658
2.2094000000000014,-0.0007558023450536968
2.2095999999999982,-0.0007247399391597477
2.2098000000000013,-0.0006936421109417531
2.2099999999999973,-0.0006625093042491263
2.2102000000000004,-0.0006313419645719988
2.2104000000000035,-0.0006001405390451717
2.2105999999999995,-0.0005689054764412196
2.2108000000000025,-0.000537637227163418
2.2109999999999985,-0.0005063362432499315
2.211200000000002,-0.0004750029783610215
2.2113999999999985,-0.0004436378877843406
2.2116000000000016,-0.00041224142842222287
2.2117999999999975,-0.00038081405879642925
2.2120000000000024,-0.00034935623903536604
2.2121999999999984,-0.00031786843088007447
2.2124000000000015,-0.000286351097669666
2.2125999999999975,-0.0002548047043473469
2.2128000000000014,-0.00022322971744706153
2.2129999999999974,-0.00019162660509877954
2.2132000000000005,-0.0001599958370147414
2.2133999999999965,-0.00012833788449469934
2.2135999999999996,-9.665322041259175e-05
2.2138000000000027,-6.494231922021592e-05
2.2139999999999986,-3.320565693953762e-05
2.2142000000000026,-1.4437111548475275e-06
2.2143999999999986,3.034303898314739e-05
2.2146000000000017,6.215411277161933e-05
2.2147999999999977,9.398902795041374e-05
2.2150000000000025,0.00012584730071604332
2.2151999999999985,0.00015772844571602506
2.2154000000000016,0.0001896319760641761
2.2155999999999976,0.00022155740333499024
2.215800000000001,0.0002535042375777759
2.2159999999999975,0.00028547198731203576
2.2162,0.0003174601595411961
2.2163999999999966,0.00034946825974901214
2.2165999999999997,0.00038149579191227396
2.2168000000000028,0.0004135422584987218
2.216999999999999,0.00044560716047480466
2.217200000000002,0.00047768999731389455
2.2173999999999987,0.0005097902669940688
2.217600000000002,0.0005419074660109016
2.2177999999999978,0.0005740410893746322
2.218000000000002,0.0006061906306238998
2.2181999999999986,0.0006383555818210967
2.2184000000000017,0.0006705354335676994
2.218599999999998,0.000702729674999839
2.218800000000001,0.0007349377938024293
2.218999999999997,0.0007671592762057266
2.2192000000000007,0.0007993936069996157
2.219399999999997,0.0008316402695296159
2.2196000000000002,0.0008638987457115456
2.2198000000000024,0.0008961685160290447
2.219999999999999,0.0009284490595427583
2.2202000000000024,0.0009607398538983838
2.220399999999999,0.0009930403753248811
2.2206000000000015,0.0010253500986489952
2.220799999999998,0.0010576684972921292
2.221000000000001,0.001089995043284373
2.221199999999999,0.001122329207262082
2.2214000000000014,0.0011546704584809299
2.221599999999998,0.0011870182648152788
2.2218000000000013,0.0012193720927707978
2.221999999999998,0.0012517314074821989
2.2222000000000004,0.0012840956727277666
2.222399999999997,0.001316464350927265
2.2226,0.001348836903155507
2.222800000000003,0.0013812127891414372
2.223,0.001413591467277413
2.2232000000000016,0.0014459723946279508
2.223399999999999,0.001478355026929753
2.223600000000002,0.0015107388186044505
2.2237999999999984,0.0015431232227577623
2.2240000000000006,0.001575507691193715
2.224199999999999,0.0016078916744130824
2.224400000000002,0.0016402746216264063
2.224599999999999,0.0016726559807541102
2.2248000000000006,0.0017050351984397687
2.2249999999999974,0.001737411720049458
2.2252000000000005,0.0017697849896851003
2.2253999999999974,0.0018021544501837941
2.225599999999999,0.0018345195431319103
2.2258000000000027,0.0018668797088656373
2.225999999999999,0.0018992343864789952
2.2262000000000026,0.0019315830138351515
2.2263999999999995,0.00196392502756484
2.2266000000000012,0.0019962598630818436
2.226799999999998,0.002028586954582084
2.227000000000001,0.002060905735057415
2.2271999999999994,0.0020932156362954814
2.227400000000001,0.002125516088893332
2.227599999999998,0.0021578065222584895
2.227800000000001,0.0021900863646219138
2.2279999999999984,0.002222355043037968
2.2282,0.0022546119833989605
2.2283999999999966,0.0022868566104353154
2.2286,0.002319088347729594
2.2288000000000032,0.0023513066177167584
2.229,0.0023835108416950966
2.229200000000002,0.0024157004398356356
2.2293999999999983,0.0024478748311835144
2.2296000000000022,0.0024800334336723528
2.229799999999999,0.0025121756641234712
2.2300000000000004,0.002544300938261964
2.230199999999999,0.002576408670716906
2.230400000000002,0.0026084982750341347
2.230599999999999,0.002640569163678674
2.2308000000000003,0.002672620748048445
2.2309999999999977,0.002704652438475487
2.231200000000001,0.0027366636442395877
2.231399999999998,0.0027686537735693074
2.231599999999999,0.0028006222336570737
2.2318000000000024,0.002832568430661356
2.2319999999999993,0.0028644917697149617
2.232200000000003,0.0028963916549378564
2.2323999999999997,0.0029282674894371
2.232600000000001,0.002960118675322875
2.232799999999998,0.0029919446137093813
2.2330000000000014,0.0030237447047291454
2.2331999999999983,0.0030555183475339683
2.233400000000001,0.0030872649403109608
2.2335999999999983,0.003118983880282737
2.233800000000002,0.0031506745637229507
2.233999999999999,0.003182336385956983
2.2342,0.0032139687413774995
2.234399999999997,0.003245571023446362
2.2346000000000004,0.003277142624708614
2.234800000000004,0.0033086829367950563
2.2350000000000008,0.003340191350433385
2.2352000000000016,0.0033716672554592905
2.2353999999999985,0.0034031100408192
2.2356000000000025,0.0034345190945846665
2.2358,0.0034658938039539224
2.236,0.003497233555268047
2.2361999999999975,0.0035285377340132573
2.2364000000000024,0.0035598057248347457
2.2365999999999997,0.0035910369115385197
2.2368,0.0036222306771082294
2.2369999999999974,0.0036533864037071387
2.2372000000000014,0.0036845034726920452
2.2373999999999983,0.003715581264615855
2.2375999999999987,0.0037466191592438487
2.237799999999996,0.003777616535556072
2.2379999999999995,0.003808572771761386
2.238200000000003,0.0038394872453014514
2.2384000000000004,0.0038703593328621353
2.2386000000000013,0.003901188410384954
2.238799999999998,0.003931973853070933
2.239000000000002,0.0039627150353952366
2.239199999999999,0.0039934113311094884
2.239400000000001,0.004024062113258852
2.239599999999998,0.004054666754183615
2.2398000000000016,0.00408522462553532
2.239999999999999,0.004115735098278846
2.2401999999999997,0.0041461975427087745
2.240399999999997,0.004176611328452814
2.2406000000000006,0.004206975824486172
2.240799999999998,0.004237290399135014
2.2410000000000014,0.0042675544200930435
2.2412000000000014,0.004297767254423758
2.2413999999999987,0.004327928268574935
2.2416000000000023,0.0043580368283876805
2.2418,0.004388092299101715
2.2420000000000004,0.004418094045371018
2.2421999999999978,0.004448041431268391
2.2424000000000026,0.004477933820299551
2.2426,0.004507770575406589
2.2428000000000003,0.004537551058985378
2.2429999999999977,0.0045672746328888365
2.243200000000001,0.004596940658441677
2.243399999999999,0.004626548496444647
2.243599999999999,0.004656097507190506
2.2437999999999962,0.004685587050469059
2.2439999999999998,0.0047150164855810466
2.2442000000000033,0.004744385171343674
2.2444000000000006,0.004773692466102906
2.2446000000000006,0.004802937727745775
2.2447999999999984,0.004832120313706009
2.245000000000002,0.004861239580978106
2.2451999999999996,0.0048902948861226665
2.245399999999999,0.004919285585282204
2.2455999999999983,0.004948211034187001
2.245800000000002,0.004977070588167893
2.2459999999999996,0.005005863602163202
2.2461999999999995,0.005034589430733783
2.2463999999999973,0.005063247428069002
2.246600000000001,0.005091836948000477
2.246799999999998,0.005120357344007944
2.2470000000000017,0.005148807969235915
2.2472000000000016,0.005177188176497382
2.247399999999999,0.00520549731828911
2.247600000000003,0.005233734746801601
2.2478000000000007,0.00526189981392541
2.248,0.005289991871267664
2.248199999999998,0.00531801027015817
2.2484000000000015,0.005345954361663059
2.2486000000000006,0.005373823496591533
2.2488,0.0054016170255109675
2.248999999999998,0.005429334298754577
2.2492000000000014,0.005456974666434482
2.249399999999999,0.005484537478448438
2.2495999999999987,0.005512022084495864
2.2497999999999965,0.0055394278340845544
2.25,0.005566754076544507
2.2502000000000035,0.005594000161035468
2.2504000000000013,0.005621165436559631
2.250600000000001,0.005648249251974402
2.2507999999999986,0.005675250955999969
2.251000000000002,0.005702169897233372
2.2512,0.0057290054241553355
2.2513999999999994,0.0057557568851465835
2.2515999999999985,0.005782423628494861
2.251800000000002,0.005809005002408424
2.252,0.005835500355024075
2.2521999999999993,0.005861909034422831
2.252399999999997,0.005888230388637143
2.252600000000001,0.005914463765665083
2.252799999999999,0.005940608513477479
2.252999999999998,0.005966663980034409
2.2532000000000014,0.005992629513293223
2.253399999999999,0.006018504461218819
2.253600000000003,0.006044288171799504
2.253800000000001,0.00606997999305234
2.2540000000000004,0.006095579273040363
2.254199999999998,0.006121085359879828
2.2544000000000017,0.006146497601754578
2.254600000000001,0.006171815346923801
2.2548,0.006197037943737733
2.2549999999999977,0.006222164740646454
2.2552000000000016,0.006247195086213398
2.2554,0.006272128329123243
2.2555999999999985,0.006296963818198339
2.2557999999999963,0.006321700902407057
2.2560000000000002,0.0063463389308774125
2.2562000000000038,0.00637087725290597
2.2564000000000015,0.006395315217971489
2.2566000000000006,0.006419652175747869
2.2567999999999984,0.006443887476113311
2.2570000000000023,0.006468020469164381
2.2572000000000005,0.006492050505224306
2.2573999999999996,0.006515976934859327
2.2575999999999974,0.006539799108887266
2.2578000000000022,0.006563516378391651
2.258,0.0065871280947297495
2.258199999999999,0.006610633609549717
2.2583999999999973,0.006634032274798713
2.2586000000000013,0.006657323442737018
2.258799999999999,0.006680506465946908
2.2589999999999977,0.006703580697348967
2.2592000000000017,0.006726545490211582
2.2593999999999994,0.0067494001981614924
2.2596000000000034,0.0067721441752004305
2.259800000000001,0.006794776775711558
2.2600000000000002,0.006817297354476759
2.260199999999998,0.006839705266685266
2.260400000000002,0.006861999867948176
2.2605999999999997,0.00688418051430716
2.2607999999999997,0.0069062465622512555
2.260999999999998,0.006928197368725384
2.261200000000002,0.0069500322911452365
2.2613999999999996,0.006971750687405979
2.2615999999999987,0.006993351915899007
2.2617999999999965,0.007014835335520788
2.2620000000000005,0.007036200305687542
2.2622000000000044,0.00705744618634483
2.262400000000002,0.007078572337981566
2.262600000000001,0.007099578121643612
2.2627999999999986,0.007120462898943924
2.2630000000000026,0.007141226032076769
2.2632000000000008,0.007161866883827273
2.2633999999999994,0.0071823848175876686
2.2635999999999976,0.007202779197367176
2.2638000000000025,0.0072230493878060395
2.2640000000000007,0.007243194754185073
2.264199999999999,0.007263214662442349
2.264399999999997,0.007283108479182933
2.2646000000000015,0.007302875571692777
2.2647999999999993,0.007322515307948793
2.264999999999998,0.00734202705663526
2.2651999999999957,0.007361410187153554
2.2653999999999996,0.007380664069636523
2.2656000000000036,0.007399788074958904
2.2658000000000014,0.0074187815747513534
2.266,0.007437643941414333
2.266199999999998,0.0074563745481286536
2.266400000000002,0.007474972768869702
2.2666000000000004,0.007493437978417894
2.2668,0.007511769552374575
2.266999999999998,0.007529966867172326
2.267200000000002,0.007548029300089307
2.2674000000000003,0.007565956229259598
2.2675999999999985,0.007583747033689164
2.2677999999999967,0.007601401093266583
2.2680000000000007,0.007618917788776778
2.268199999999999,0.007636296501911942
2.268400000000003,0.0076535366152878734
2.2686000000000006,0.00767063751245267
2.268799999999999,0.007687598577903347
2.269000000000003,0.007704419197096905
2.2692000000000014,0.00772109875646197
2.269399999999999,0.007737636643414415
2.269599999999998,0.007754032246368602
2.2698000000000014,0.007770284954750869
2.270000000000001,0.007786394159011171
2.270199999999999,0.007802359250637903
2.2703999999999973,0.00781817962216999
2.2706000000000017,0.00783385466721018
2.2708,0.00784938378043622
2.2709999999999977,0.007864766357616765
2.271199999999996,0.007880001795622519
2.2714,0.007895089492440008
2.271600000000004,0.0079100288471833
2.271800000000002,0.00792481926010796
2.272,0.007939460132624972
2.2721999999999984,0.007953950867312506
2.2724000000000024,0.007968290867929578
2.2726000000000006,0.007982479539427701
2.2727999999999984,0.007996516287966304
2.2729999999999984,0.008010400520924494
2.273200000000002,0.008024131646914043
2.2734000000000005,0.008037709075792064
2.2735999999999983,0.008051132218675622
2.273799999999997,0.008064400487953757
2.274000000000001,0.00807751329730093
2.274199999999999,0.008090470061689047
2.274400000000003,0.008103270197402982
2.274600000000001,0.008115913122050736
2.274799999999999,0.008128398254579294
2.275000000000003,0.008140725015286456
2.2752000000000017,0.008152892825833155
2.2753999999999994,0.008164901109258434
2.2755999999999976,0.008176749289991576
2.2758000000000016,0.008188436793865647
2.2760000000000016,0.008199963048129559
2.276199999999999,0.00821132748146279
2.2763999999999975,0.008222529523987995
2.2766000000000015,0.008233568607284105
2.2768,0.008244444164398675
2.2769999999999975,0.008255155629862714
2.277199999999996,0.008265702439702996
2.2774,0.008276084031455312
2.277600000000004,0.008286299844177232
2.2778000000000027,0.008296349318461717
2.278,0.008306231896450862
2.2781999999999982,0.008315947021848472
2.2784000000000026,0.008325494139933484
2.2786000000000013,0.0083348726975723
2.2787999999999986,0.008344082143233553
2.2789999999999986,0.008353121927000447
2.279200000000002,0.008361991500583928
2.2794000000000008,0.00837069031733564
2.279599999999998,0.00837921783226201
2.279799999999997,0.008387573502036992
2.280000000000001,0.008395756785015189
2.2802,0.008403767141244623
2.2803999999999967,0.008411604032481023
2.2806000000000006,0.008419266922200627
2.2807999999999993,0.008426755275612412
2.2810000000000032,0.008434068559673033
2.281200000000002,0.008441206243098303
2.281399999999999,0.008448167796377708
2.281599999999998,0.00845495269178713
2.281800000000002,0.008461560403402018
2.2820000000000005,0.008467990407110118
2.282199999999999,0.008474242180625608
2.2823999999999978,0.008480315203501725
2.2826000000000017,0.008486208957144198
2.282800000000001,0.008491922924823782
2.2829999999999977,0.00849745659169036
2.2831999999999963,0.008502809444785693
2.2834000000000003,0.00850798097305655
2.2836000000000043,0.00851297066736775
2.283800000000003,0.008517778020515442
2.284,0.00852240252724057
2.2841999999999985,0.00852684368424173
2.284400000000003,0.008531100990188339
2.2846000000000015,0.0085351739457335
2.2847999999999984,0.00853906205352769
2.284999999999997,0.00854276481823162
2.2852000000000023,0.008546281746529334
2.2854000000000014,0.008549612347141052
2.2855999999999983,0.008552756130836853
2.285799999999997,0.008555712610449438
2.2860000000000014,0.008558481300887264
2.2862,0.00856106171914741
2.286399999999997,0.008563453384329008
2.286600000000001,0.00856565581764631
2.2867999999999995,0.008567668542441249
2.2870000000000035,0.008569491084197118
2.2872000000000026,0.008571122970551067
2.2873999999999994,0.008572563731307561
2.287599999999998,0.008573812898451176
2.287800000000002,0.008574870006159576
2.288000000000001,0.008575734590816602
2.288199999999999,0.008576406191025216
2.288399999999998,0.00857688434762054
2.288600000000002,0.008577168603682721
2.2888000000000006,0.008577258504549887
2.2889999999999975,0.008577153597831202
2.2891999999999966,0.00857685343341972
2.2894000000000005,0.008576357563505232
2.289599999999999,0.008575665542587272
2.289800000000003,0.008574776927487985
2.29,0.00857369127736497
2.2901999999999987,0.008572408153724159
2.2904000000000027,0.008570927120432628
2.290600000000002,0.008569247743731563
2.2907999999999986,0.008567369592248955
2.2909999999999977,0.008565292237012377
2.2912000000000026,0.008563015251461834
2.2914000000000017,0.008560538211462741
2.291599999999998,0.008557860695318286
2.291799999999997,0.008554982283782393
2.2920000000000016,0.008551902560072395
2.2922000000000002,0.008548621109882047
2.2923999999999967,0.008545137521393782
2.2925999999999958,0.008541451385291422
2.2927999999999997,0.008537562294773097
2.2930000000000037,0.008533469845563935
2.293200000000003,0.00852917363592852
2.293399999999999,0.008524673266683401
2.2935999999999983,0.008519968341209707
2.2938000000000023,0.008515058465465873
2.2940000000000014,0.008509943248000477
2.294199999999999,0.008504622299964085
2.2943999999999978,0.008499095235122163
2.294600000000002,0.008493361669867378
2.294800000000001,0.00848742122323281
2.2949999999999977,0.008481273516903325
2.295199999999997,0.008474918175228548
2.2954000000000008,0.008468354825235178
2.2956,0.00846158309664003
2.295800000000004,0.008454602621861042
2.296,0.008447413036031226
2.296199999999999,0.008440013977009424
2.296400000000003,0.008432405085393618
2.2966000000000024,0.00842458600453346
2.2967999999999984,0.008416556380541626
2.2969999999999975,0.00840831586230635
2.297200000000002,0.008399864101503837
2.297400000000002,0.008391200752611004
2.2975999999999983,0.00838232547291656
2.297799999999997,0.00837323792253344
2.2980000000000014,0.008363937764411246
2.2982000000000005,0.008354424664348832
2.298399999999997,0.008344698291005207
2.298599999999996,0.008334758315912013
2.2988,0.008324604413485863
2.299000000000004,0.008314236261040418
2.299200000000003,0.008303653538798219
2.2993999999999994,0.008292855929902112
2.2995999999999985,0.008281843120427405
2.2998000000000025,0.008270614799394062
2.3000000000000016,0.008259170658779156
2.3001999999999976,0.008247510393527327
2.300399999999998,0.008235633701562871
2.300600000000002,0.008223540283802388
2.3008000000000015,0.008211229844166555
2.3009999999999975,0.008198702089590731
2.3011999999999966,0.00818595673003692
2.301400000000001,0.008172993478506125
2.3016,0.008159812051050321
2.301799999999996,0.008146412166782751
2.302,0.008132793547889426
2.302199999999999,0.008118955919642986
2.3024000000000036,0.008104899010411091
2.3026000000000026,0.008090622551670918
2.3027999999999986,0.008076126278018248
2.3029999999999977,0.008061409927179363
2.303200000000002,0.008046473240023246
2.3034000000000026,0.008031315960573382
2.303599999999998,0.008015937836017645
2.303799999999997,0.008000338616719505
2.3040000000000016,0.007984518056230452
2.304200000000001,0.007968475911301781
2.3043999999999967,0.007952211941893822
2.304599999999996,0.007935725911187616
2.3048,0.007919017585596991
2.305000000000004,0.00790208673477953
2.3052000000000037,0.00788493313164741
2.3053999999999992,0.007867556552377796
2.3055999999999983,0.007849956776423634
2.3058000000000027,0.007832133586525944
2.3060000000000023,0.007814086768724995
2.306199999999998,0.0077958161123694285
2.306399999999997,0.0077773214101272675
2.3066000000000026,0.007758602457997834
2.3068000000000017,0.007739659055323722
2.3069999999999973,0.007720491004798323
2.307199999999997,0.007701098112477744
2.3074000000000012,0.0076814801877925065
2.3076000000000003,0.007661637043558583
2.307799999999996,0.007641568495985869
2.3080000000000003,0.007621274364688541
2.3081999999999994,0.0076007544726997
2.308400000000004,0.007580008646476394
2.308600000000003,0.00755903671591476
2.308799999999999,0.007537838514356993
2.308999999999998,0.007516413878602648
2.3092000000000024,0.007494762648919596
2.3094000000000015,0.007472884669055512
2.3095999999999983,0.0074507797862450615
2.3097999999999974,0.007428447851221454
2.310000000000002,0.007405888718226981
2.310200000000001,0.007383102245024472
2.310399999999997,0.0073600882929043005
2.3105999999999964,0.007336846726695449
2.3108000000000004,0.007313377414776665
2.3110000000000044,0.007289680229086221
2.311200000000004,0.007265755045131458
2.3113999999999995,0.0072416017419978055
2.3115999999999985,0.007217220202358463
2.3118000000000034,0.007192610312485555
2.3120000000000025,0.007167771962260982
2.312199999999998,0.0071427050451827985
2.312399999999997,0.007117409458375742
2.312600000000003,0.007091885102602049
2.312800000000002,0.007066131882272588
2.3129999999999975,0.007040149705452173
2.3131999999999966,0.00701393848387054
2.3134000000000015,0.006987498132933015
2.3136000000000005,0.006960828571730911
2.313799999999996,0.006933929723047393
2.3139999999999956,0.006906801513367752
2.3141999999999996,0.006879443872890221
2.3144000000000036,0.006851856735534989
2.3146000000000035,0.006824040038952621
2.3147999999999986,0.006795993724532729
2.314999999999998,0.006767717737411868
2.3152000000000026,0.006739212026485407
2.315400000000002,0.006710476544416633
2.315599999999998,0.006681511247642397
2.3157999999999976,0.006652316096383067
2.316000000000002,0.00662289105465259
2.3162000000000016,0.006593236090268323
2.3163999999999967,0.00656335117485645
2.316599999999996,0.006533236283860895
2.3168000000000006,0.006502891396554499
2.317,0.0064723164960476575
2.317200000000004,0.0064415115692926
2.3173999999999992,0.006410476607098013
2.3175999999999988,0.006379211604129949
2.317800000000003,0.00634771655892624
2.3180000000000027,0.006315991473904275
2.318199999999998,0.006284036355366274
2.3183999999999974,0.0062518512135074766
2.3186000000000027,0.006219436062426911
2.318800000000002,0.006186790920136392
2.3189999999999973,0.006153915808564248
2.319199999999997,0.006120810753564221
2.3194000000000017,0.006087475784925981
2.319600000000001,0.006053910936383446
2.319799999999996,0.0060201162456188385
2.3199999999999954,0.005986091754270928
2.3202,0.005951837507945585
2.3204000000000042,0.005917353556222858
2.3206000000000038,0.005882639952663629
2.3207999999999984,0.005847696754816469
2.3209999999999984,0.00581252402422382
2.321200000000003,0.005777121826433445
2.3214000000000024,0.005741490231005055
2.321599999999997,0.005705629311514908
2.321799999999998,0.005669539145562178
2.3220000000000023,0.005633219814780958
2.322200000000002,0.005596671404845899
2.322399999999997,0.005559894005476535
2.3225999999999964,0.005522887710444425
2.322800000000001,0.005485652617583141
2.3230000000000004,0.005448188828795613
2.323200000000005,0.005410496450055398
2.3233999999999995,0.005372575591421567
2.323599999999999,0.005334426367035537
2.3238000000000034,0.005296048895135715
2.3240000000000034,0.005257443298063432
2.324199999999998,0.005218609702265942
2.3243999999999976,0.005179548238302305
2.324600000000002,0.005140259040854022
2.324800000000003,0.005100742248730992
2.3249999999999975,0.005060998004875158
2.325199999999997,0.005021026456365109
2.3254000000000015,0.0049808277544269395
2.3256000000000014,0.004940402054440381
2.325799999999996,0.004899749515941171
2.3259999999999956,0.004858870302626328
2.3262,0.0048177645823645485
2.3264000000000045,0.0047764325272010395
2.326600000000004,0.004734874313362246
2.3267999999999986,0.004693090121260483
2.3269999999999986,0.004651080135498792
2.327200000000003,0.004608844544880617
2.3274000000000026,0.004566383542414986
2.3275999999999972,0.004523697325318415
2.327799999999998,0.004480786095019652
2.3280000000000025,0.004437650057170493
2.328200000000002,0.004394289421649215
2.3283999999999967,0.004350704402563065
2.3285999999999967,0.004306895218252664
2.328800000000001,0.004262862091301903
2.3290000000000006,0.00421860524854242
2.3291999999999953,0.004174124921054553
2.3293999999999997,0.0041294213441712465
2.3295999999999992,0.0040844947574923025
2.3298000000000036,0.00403934540487754
2.3300000000000036,0.003993973534461091
2.330199999999998,0.003948379398649723
2.330399999999998,0.003902563254126642
2.3306000000000022,0.003856525361861612
2.330800000000002,0.003810265987114262
2.3309999999999973,0.003763785399434713
2.3311999999999973,0.003717083872667584
2.3314000000000017,0.0036701616849606836
2.3316000000000017,0.0036230191187689963
2.331799999999996,0.0035756564608550438
2.331999999999996,0.0035280740022914335
2.3322000000000003,0.0034802720384709837
2.3324000000000047,0.0034322508691083955
2.3326000000000047,0.0033840107982431884
2.332799999999999,0.003335552134242734
2.3329999999999984,0.003286875189803685
2.3332000000000033,0.003237980281961192
2.3334000000000032,0.0031888677320923028
2.333599999999997,0.0031395378659147496
2.333799999999997,0.0030899910134891415
2.3340000000000027,0.003040227509228659
2.3342000000000027,0.0029902476919021655
2.3343999999999965,0.0029400519046316846
2.334599999999997,0.00288964049489484
2.3348000000000013,0.0028390138145353225
2.335000000000001,0.002788172219763401
2.335199999999995,0.00273711607115513
2.3353999999999995,0.0026858457336531986
2.3355999999999995,0.0026343615765814106
2.335800000000004,0.0025826639736336882
2.336000000000004,0.00253075330288725
2.336199999999998,0.0024786299467985874
2.336399999999998,0.002426294292204497
2.3366000000000025,0.00237374673033107
2.3368000000000024,0.002320987656794833
2.3369999999999975,0.0022680174716006012
2.3371999999999975,0.0022148365791432273
2.337400000000002,0.0021614453882148796
2.337600000000002,0.0021078443120069136
2.337799999999996,0.00205403376810729
2.337999999999996,0.002000014178501061
2.3382000000000005,0.0019457859695790028
2.3384000000000005,0.0018913495721379703
2.338600000000005,0.0018367054213756688
2.3387999999999987,0.0017818539569033898
2.3389999999999986,0.0017267956227324456
2.3392000000000035,0.0016715308672891225
2.3394000000000035,0.001616060143413337
2.3395999999999972,0.0015603839083553517
2.339799999999997,0.0015045026237752997
2.340000000000003,0.0014484167557517018
2.340200000000003,0.0013921267747821087
2.3403999999999967,0.001335633155777703
2.3405999999999967,0.001278936378063714
2.3408000000000015,0.0012220369253876017
2.3410000000000015,0.0011649352859183426
2.3411999999999953,0.0011076319522423123
2.3413999999999953,0.0010501274213621636
2.3415999999999997,0.0009924221947053475
2.341800000000004,0.0009345167781212764
2.342000000000004,0.0008764116818807963
2.342199999999998,0.0008181074206755493
2.3423999999999983,0.0007596045136148643
2.3426000000000027,0.0007009034842344083
2.3428000000000027,0.0006420048604934277
2.3429999999999978,0.000582909174770628
2.3431999999999977,0.000523616963863363
2.343400000000002,0.0004641287689933528
2.343600000000002,0.00040444513580578396
2.3437999999999963,0.00034456661436442406
2.3439999999999963,0.00028449375914923287
2.3442000000000007,0.00022422712906362786
2.3444000000000007,0.00016376728743229584
2.344600000000005,0.00010311480199273792
2.344799999999999,4.227024490717534e-05
2.344999999999999,-1.8765807255404898e-05
2.3452000000000033,-7.99927735048037e-05
2.3454000000000037,-0.00014141006843419388
2.3455999999999975,-0.0002030171022252233
2.3457999999999974,-0.00026481328065213177
2.346000000000002,-0.0003267980050738438
2.346200000000003,-0.0003889706724379692
2.3463999999999965,-0.0004513306752848825
2.346599999999997,-0.0005138774017547673
2.3468000000000018,-0.0005766102355773831
2.3470000000000018,-0.0006395285560772978
2.3471999999999955,-0.0007026317381801234
2.3473999999999955,-0.0007659191524163945
2.3476,-0.0008293901649145891
2.3478000000000043,-0.000893044137406871
2.3480000000000047,-0.0009568804272321674
2.348199999999998,-0.0010208983873384193
2.3483999999999985,-0.0010850973662902808
2.348600000000003,-0.0011494767082603648
2.3488000000000033,-0.0012140357530355259
2.3489999999999966,-0.0012787738360227345
2.349199999999998,-0.00134369028825588
2.3494000000000024,-0.0014087844363862394
2.3496000000000024,-0.0014740556026906762
2.3497999999999957,-0.0015395031050772596
2.349999999999996,-0.0016051262570917313
2.350200000000001,-0.001670924367909791
2.350400000000001,-0.0017368967423435993
2.3505999999999947,-0.0018030426808495746
2.3507999999999987,-0.0018693614795351763
2.350999999999999,-0.0019358524301463106
2.3512000000000035,-0.0020025148200876245
2.351400000000004,-0.002069347932414366
2.3515999999999977,-0.002136351045842287
2.3517999999999977,-0.0022035234347553175
2.352000000000002,-0.0022708643691990104
2.3522000000000034,-0.0023383731148874246
2.3523999999999967,-0.0024060489332099417
2.352599999999997,-0.002473891081241181
2.3528000000000016,-0.0025418988117322954
2.353000000000002,-0.002610071373119598
2.3531999999999953,-0.0026784080095321613
2.3533999999999957,-0.0027469079608006194
2.3536,-0.0028155704624497828
2.3538000000000046,-0.0028843947457086673
2.354000000000005,-0.002953380037515655
2.3541999999999983,-0.003022525560523351
2.3543999999999983,-0.003091830533109176
2.354600000000003,-0.003161294169368872
2.3548000000000036,-0.003230915679124304
2.354999999999997,-0.003300694267933532
2.355199999999998,-0.0033706291370998206
2.3554000000000026,-0.0034407194836637606
2.3556000000000026,-0.0035109645004146512
2.355799999999996,-0.0035813633758986162
2.3559999999999963,-0.003651915294428134
2.356200000000001,-0.0037226194360760407
2.3564000000000016,-0.003793474976684797
2.3565999999999945,-0.003864481087876616
2.356799999999999,-0.0039356369370651
2.3569999999999993,-0.004006941687441046
2.3572000000000037,-0.004078394497999189
2.357400000000004,-0.004149994523530086
2.3575999999999975,-0.004221740914634051
2.357799999999998,-0.004293632817731613
2.3580000000000023,-0.00436566937505783
2.3582000000000027,-0.004437849724672886
2.358399999999997,-0.004510173000472735
2.3585999999999974,-0.004582638332198792
2.358800000000002,-0.004655244845434232
2.359000000000002,-0.004727991661613933
2.3591999999999955,-0.004800877898035214
2.359399999999996,-0.004873902667869516
2.3596000000000004,-0.004947065080156698
2.359800000000005,-0.005020364239818357
2.360000000000005,-0.00509379924766531
2.360199999999998,-0.0051673692004051445
2.3603999999999985,-0.005241073190656359
2.3606000000000034,-0.005314910306942292
2.360800000000004,-0.005388879633703402
2.3609999999999967,-0.005462980251309114
2.361199999999997,-0.0055372112360702755
2.361400000000003,-0.00561157166023395
2.3616000000000033,-0.005686060591994476
2.361799999999996,-0.005760677095507992
2.3619999999999965,-0.005835420230903745
2.3622000000000014,-0.005910289054279216
2.362400000000002,-0.005985282617712902
2.3625999999999947,-0.006060399969277206
2.362799999999995,-0.006135640153051445
2.3629999999999995,-0.006211002209116789
2.3632000000000044,-0.0062864851735717165
2.363400000000005,-0.006362088078540376
2.3635999999999977,-0.00643780995218265
2.363799999999998,-0.006513649818709204
2.3640000000000025,-0.006589606698376675
2.364200000000003,-0.006665679607502014
2.364399999999997,-0.00674186755847567
2.3645999999999976,-0.006818169559774209
2.364800000000002,-0.006894584615958563
2.3650000000000024,-0.006971111727686807
2.3651999999999953,-0.007047749891727701
2.3653999999999957,-0.007124498100975614
2.3656000000000006,-0.007201355344446342
2.365800000000001,-0.007278320607291528
2.3660000000000054,-0.007355392870817422
2.3661999999999983,-0.007432571112479104
2.3663999999999987,-0.007509854305912967
2.3666000000000036,-0.00758724142092523
2.366800000000004,-0.007664731423508218
2.366999999999997,-0.007742323275855264
2.3671999999999973,-0.00782001593637616
2.367400000000003,-0.007897808359693587
2.3676000000000035,-0.007975699496657341
2.3677999999999964,-0.008053688294361556
2.3679999999999968,-0.008131773696158891
2.3682000000000016,-0.008209954641657649
2.368400000000002,-0.008288230066737408
2.3685999999999945,-0.008366598903564566
2.3687999999999954,-0.008445060080609109
2.3689999999999998,-0.00852361252263963
2.369200000000004,-0.008602255150743688
2.369400000000005,-0.008680986882338367
2.3695999999999975,-0.008759806631181425
2.3697999999999984,-0.008838713307391971
2.3700000000000028,-0.008917705817444919
2.3702000000000036,-0.008996783064190297
2.370399999999996,-0.009075943946867067
2.370599999999998,-0.009155187361122894
2.3708000000000022,-0.009234512199007673
2.3710000000000027,-0.009313917348995185
2.3711999999999955,-0.009393401695996496
2.371399999999996,-0.009472964121378491
2.371600000000001,-0.009552603502961433
2.3718000000000012,-0.009632318715036454
2.372000000000006,-0.00971210862838736
2.3721999999999985,-0.009791972110285943
2.372399999999999,-0.009871908024529707
2.372600000000004,-0.00995191523143039
2.3728000000000042,-0.010031992587834045
2.372999999999997,-0.010112138947138633
2.3731999999999975,-0.010192353159311853
2.373400000000002,-0.010272634070889592
2.3736000000000037,-0.010352980524995371
2.373799999999996,-0.01043339136135482
2.373999999999997,-0.010513865416318859
2.3742000000000014,-0.010594401522858392
2.3744000000000023,-0.010674998510585804
2.3745999999999947,-0.01075565520577064
2.3747999999999956,-0.010836370431360971
2.375,-0.010917143006979902
2.3752000000000044,-0.010997971748948447
2.3754000000000053,-0.011078855470299357
2.3755999999999977,-0.011159792980790194
2.3757999999999986,-0.01124078308692722
2.376000000000003,-0.01132182459196171
2.376200000000004,-0.011402916295912429
2.3763999999999963,-0.011484056995581561
2.3765999999999976,-0.011565245484577475
2.3768000000000025,-0.01164648055331102
2.3770000000000033,-0.01172776098901849
2.3771999999999953,-0.011809085575778347
2.377399999999996,-0.011890453094534128
2.377600000000001,-0.011971862323090842
2.3778000000000015,-0.012053312036137943
2.377999999999994,-0.012134801005267586
2.3781999999999983,-0.012216327998997526
2.378399999999999,-0.012297891782762246
2.378600000000004,-0.012379491118952151
2.3788000000000045,-0.012461124766912987
2.378999999999997,-0.012542791482969893
2.3791999999999978,-0.012624490020449138
2.379400000000002,-0.012706219129676859
2.379600000000004,-0.012787977558002948
2.3797999999999964,-0.012869764049817238
2.3799999999999972,-0.012951577346575597
2.3802000000000016,-0.013033416186796607
2.3804000000000025,-0.013115279306085862
2.380599999999995,-0.013197165437154242
2.3807999999999954,-0.013279073309841575
2.3810000000000002,-0.013361001651116254
2.3812000000000046,-0.013442949185099203
2.3814000000000055,-0.013524914633081524
2.381599999999998,-0.013606896713539766
2.3817999999999984,-0.013688894142161786
2.3820000000000032,-0.013770905631846724
2.382200000000004,-0.013852929892727822
2.382399999999996,-0.013934965632192844
2.382599999999997,-0.01401701155490876
2.3828000000000027,-0.014099066362820649
2.3830000000000036,-0.014181128755175344
2.3831999999999955,-0.01426319742854321
2.3833999999999964,-0.014345271076842152
2.3836000000000013,-0.014427348391336574
2.3838000000000017,-0.014509428060662802
2.383999999999994,-0.014591508770849842
2.3841999999999985,-0.014673589205344818
2.3843999999999994,-0.01475566804500615
2.3846000000000043,-0.014837743968145547
2.3848000000000047,-0.014919815650529687
2.384999999999997,-0.015001881765406656
2.385199999999998,-0.015083940983530166
2.385400000000003,-0.015165991973160708
2.3856000000000037,-0.015248033400090972
2.385799999999996,-0.015330063927666766
2.385999999999997,-0.015412082216812645
2.386200000000002,-0.015494086926032876
2.3864000000000027,-0.015576076711436885
2.3865999999999947,-0.01565805022676079
2.3867999999999956,-0.015740006123393824
2.3870000000000005,-0.015821943050378377
2.3872000000000053,-0.015903859654438458
2.3874000000000057,-0.015985754579997978
2.3875999999999977,-0.016067626469199865
2.3877999999999986,-0.016149473961933704
2.3880000000000035,-0.016231295695836822
2.3882000000000043,-0.01631309030632129
2.3883999999999963,-0.01639485642659557
2.388599999999997,-0.01647659268769186
2.388800000000003,-0.01655829771846712
2.389000000000004,-0.01663997014562906
2.3891999999999958,-0.016721608593760443
2.3893999999999966,-0.01680321168534498
2.3896000000000015,-0.01688477804076884
2.3898000000000024,-0.0169663062783484
2.389999999999994,-0.01704779501435234
2.3901999999999948,-0.017129242863030084
2.3903999999999996,-0.017210648436612207
2.3906000000000045,-0.017292010345340766
2.3908000000000054,-0.017373327197488683
2.390999999999997,-0.017454597599379475
2.391199999999998,-0.017535820155417714
2.391400000000003,-0.017616993468089284
2.391600000000004,-0.017698116137991344
2.3917999999999964,-0.01777918676385442
2.3919999999999972,-0.01786020394257049
2.392200000000002,-0.01794116626919609
2.392400000000003,-0.018022072336980034
2.392599999999995,-0.018102920737387045
2.392799999999996,-0.018183710060126156
2.3930000000000007,-0.01826443889315328
2.3932000000000015,-0.018345105822700058
2.3934000000000064,-0.0184257094333024
2.393599999999998,-0.018506248307804986
2.393799999999999,-0.018586721027408475
2.3940000000000037,-0.018667126171663426
2.394200000000005,-0.018747462318501825
2.3943999999999965,-0.01882772804425982
2.3945999999999974,-0.018907921923708645
2.3948000000000023,-0.018988042530056197
2.395000000000004,-0.019068088434977364
2.3951999999999956,-0.01914805820863663
2.3953999999999964,-0.019227950419719957
2.3956000000000017,-0.019307763635436345
2.3958000000000026,-0.019387496421547558
2.395999999999994,-0.01946714734239318
2.396199999999995,-0.01954671496092033
2.3964,-0.019626197838686466
2.3966000000000047,-0.019705594535891664
2.3968000000000056,-0.01978490361140009
2.396999999999997,-0.019864123622761496
2.3971999999999984,-0.01994325312624373
2.397400000000003,-0.020022290676835017
2.397600000000004,-0.02010123482827667
2.3977999999999957,-0.020180084133085117
2.3979999999999975,-0.020258837142584966
2.3982000000000023,-0.02033749240691039
2.398400000000003,-0.020416048475038206
2.3985999999999947,-0.020494503894811375
2.398799999999996,-0.020572857212970412
2.399000000000001,-0.02065110697515663
2.3992000000000018,-0.020729251725944326
2.3994000000000066,-0.020807290008870313
2.399599999999998,-0.020885220366440756
2.399799999999999,-0.020963041340179622
2.400000000000004,-0.021040751470625223
2.400200000000005,-0.021118349297363385
2.4003999999999968,-0.02119583335905187
2.4005999999999976,-0.021273202193452953
2.4008000000000025,-0.02135045433743731
2.4010000000000042,-0.0214275883270161
2.401199999999996,-0.02150460269736515
2.4013999999999966,-0.021581495982858453
2.4016000000000015,-0.02165826671707187
2.401800000000003,-0.021734913432815445
2.4019999999999944,-0.02181143466215822
2.4021999999999952,-0.02188782893646114
2.4024,-0.021964094786381665
2.402600000000005,-0.0220402307419074
2.402800000000006,-0.022116235332379313
2.4029999999999974,-0.02219210708651514
2.4031999999999982,-0.02226784453244286
2.403400000000003,-0.02234344619770644
2.4036000000000044,-0.022418910609298136
2.403799999999996,-0.022494236293683793
2.4039999999999977,-0.022569421776836473
2.4042000000000026,-0.02264446558424038
2.4044000000000034,-0.022719366240925284
2.404599999999995,-0.022794122271491662
2.4047999999999963,-0.022868732200143092
2.405000000000001,-0.022943194550692318
2.405200000000002,-0.023017507846594475
2.4053999999999935,-0.023091670610972913
2.4055999999999984,-0.02316568136665319
2.4057999999999993,-0.023239538636162543
2.406000000000004,-0.023313240941778463
2.4062000000000054,-0.023386786805538403
2.4063999999999965,-0.02346017474927045
2.406599999999998,-0.02353340329462773
2.4068000000000027,-0.023606470963093196
2.4070000000000036,-0.023679376276014137
2.407199999999996,-0.023752117754628568
2.407399999999997,-0.023824693920096597
2.4076000000000017,-0.023897103293509993
2.407800000000003,-0.023969344395923787
2.407999999999994,-0.02404141574838273
2.4081999999999955,-0.024113315871955882
2.4084000000000003,-0.02418504328774211
2.408600000000005,-0.024256596516906235
2.408800000000006,-0.02432797408070294
2.4089999999999976,-0.024399174500501664
2.4091999999999985,-0.024470196297821004
2.4094000000000038,-0.024541037994336906
2.4096000000000046,-0.024611698111915326
2.4097999999999957,-0.02468217517264007
2.409999999999997,-0.02475246769884598
2.410200000000003,-0.024822574213126426
2.4104000000000037,-0.024892493238366703
2.410599999999995,-0.024962223297772514
2.410799999999996,-0.0250317629149019
2.4110000000000014,-0.025101110613674704
2.4112000000000022,-0.025170264918404853
2.4113999999999933,-0.025239224353829075
2.411599999999998,-0.025307987445140963
2.4117999999999995,-0.025376552717992974
2.4120000000000044,-0.02544491869854462
2.4122000000000057,-0.025513083913475117
2.4123999999999968,-0.025581046890014295
2.412599999999998,-0.02564880615597752
2.412800000000003,-0.025716360239773233
2.413000000000004,-0.025783707670437903
2.4131999999999962,-0.02585084697766348
2.413399999999997,-0.02591777669182926
2.413600000000002,-0.025984495344013984
2.4138000000000033,-0.026051001466027894
2.4139999999999944,-0.026117293590440217
2.4141999999999957,-0.026183370250614117
2.4144000000000005,-0.026249229980714845
2.414600000000002,-0.026314871315744875
2.4148000000000067,-0.02638029279157491
2.4149999999999974,-0.026445492944957467
2.4151999999999987,-0.026510470313575177
2.4154000000000035,-0.026575223436042784
2.415600000000005,-0.026639750851944
2.415799999999996,-0.026704051101858008
2.4159999999999973,-0.026768122727394556
2.416200000000003,-0.02683196427120306
2.4164000000000043,-0.02689557427700675
2.4165999999999954,-0.026958951289631078
2.4167999999999963,-0.027022093855037305
2.4170000000000016,-0.02708500052033304
2.417200000000003,-0.027147669833805725
2.4173999999999936,-0.02721010034495091
2.417599999999995,-0.0272722906045069
2.4177999999999997,-0.027334239164463887
2.4180000000000046,-0.027395944578100503
2.418200000000006,-0.02745740540000953
2.4183999999999966,-0.027518620186123523
2.4185999999999983,-0.027579587493751237
2.418800000000003,-0.027640305881586637
2.4190000000000045,-0.027700773909745152
2.419199999999996,-0.027760990139790186
2.4193999999999973,-0.02782095313476745
2.419600000000002,-0.027880661459216364
2.4198000000000035,-0.027940113679204397
2.4199999999999946,-0.02799930836235428
2.420199999999996,-0.028058244077878727
2.4204000000000008,-0.028116919396591354
2.420600000000002,-0.02817533289094136
2.420800000000007,-0.028233483135045027
2.4209999999999976,-0.028291368704700864
2.421199999999999,-0.02834898817743634
2.4214000000000038,-0.02840634013251326
2.421600000000005,-0.02846342315096396
2.421799999999996,-0.028520235815618446
2.4219999999999975,-0.028576776711138896
2.4222000000000024,-0.02863304442403127
2.4224000000000045,-0.02868903754268029
2.422599999999995,-0.028744754657375457
2.4227999999999965,-0.028800194360347548
2.4230000000000014,-0.028855355245778834
2.423200000000003,-0.02891023590983849
2.423399999999994,-0.02896483495070904
2.423599999999995,-0.02901915096862209
2.4238,-0.02907318256586922
2.424000000000005,-0.029126928346838138
2.424200000000006,-0.029180386918038648
2.424399999999997,-0.029233556888128787
2.4245999999999985,-0.02928643686795075
2.4248000000000034,-0.02933902547054216
2.4250000000000047,-0.029391321311171725
2.4251999999999954,-0.02944332300736568
2.4253999999999976,-0.02949502917894282
2.4256000000000024,-0.029546438448025653
2.4258000000000037,-0.029597549439076654
2.4259999999999944,-0.0296483607789243
2.426199999999996,-0.029698871096797735
2.426400000000001,-0.029749079024339164
2.4266000000000023,-0.029798983195638656
2.426799999999993,-0.029848582247261043
2.426999999999998,-0.02989787481828113
2.427199999999999,-0.02994685955029207
2.427400000000004,-0.029995535087449433
2.4276000000000053,-0.03004390007648864
2.4277999999999964,-0.030091953166755753
2.4279999999999977,-0.03013969301024092
2.4282000000000026,-0.03018711826159252
2.4284000000000048,-0.030234227578150877
2.4285999999999954,-0.03028101961997471
2.4287999999999967,-0.03032749304987602
2.4290000000000016,-0.030373646533433326
2.429200000000003,-0.030419478739025185
2.429399999999994,-0.03046498833785789
2.4295999999999953,-0.03051017400399826
2.4298,-0.03055503441438846
2.430000000000005,-0.030599568248880042
2.4302000000000064,-0.03064377419026021
2.4303999999999975,-0.03068765092427843
2.4305999999999988,-0.030731197139679523
2.430800000000003,-0.030774411528219397
2.4310000000000045,-0.030817292784697796
2.4311999999999956,-0.030859839606985264
2.431399999999997,-0.030902050696056026
2.4316000000000026,-0.03094392475600352
2.431800000000004,-0.030985460494072345
2.431999999999995,-0.031026656620686523
2.4321999999999964,-0.031067511849481352
2.432400000000001,-0.031108024897318856
2.432600000000002,-0.031148194484320983
2.432799999999993,-0.03118801933389592
2.432999999999998,-0.031227498172771435
2.4331999999999994,-0.03126662973100725
2.4334000000000042,-0.03130541274203502
2.4336000000000055,-0.03134384594267753
2.433799999999997,-0.03138192807317842
2.4339999999999984,-0.03141965787723388
2.4342000000000024,-0.03145703410200917
2.4344000000000037,-0.03149405549817115
2.4345999999999957,-0.031530720819913954
2.434799999999997,-0.03156702882499119
2.435000000000002,-0.031602978274732935
2.435200000000003,-0.03163856793407701
2.4353999999999947,-0.031673796571596094
2.435599999999996,-0.031708662959528365
2.4357999999999995,-0.031743165873795054
2.4360000000000044,-0.03177730409403293
2.436200000000006,-0.03181107640361898
2.4363999999999972,-0.03184448158969737
2.4365999999999985,-0.03187751844321064
2.436800000000004,-0.03191018575891742
2.437000000000005,-0.031942482335422816
2.4371999999999963,-0.03197440697520568
2.4373999999999976,-0.032005958484648725
2.4376000000000024,-0.03203713567405642
2.4378000000000037,-0.03206793735768555
2.437999999999995,-0.032098362353771795
2.438199999999996,-0.032128409484559896
2.4384000000000015,-0.03215807757632176
2.4386000000000028,-0.03218736545938658
2.438799999999994,-0.032216271968167516
2.4389999999999956,-0.03224479594119129
2.4392000000000005,-0.03227293622111664
2.4394000000000036,-0.03230069165476462
2.4396000000000053,-0.03232806109314507
2.4397999999999964,-0.03235504339148076
2.439999999999998,-0.032381637409238544
2.440200000000003,-0.032407842010147514
2.4404000000000043,-0.032433656062228755
2.4405999999999963,-0.03245907843782125
2.440799999999998,-0.03248410801361119
2.441000000000001,-0.032508743670650285
2.441200000000003,-0.032532984294386516
2.441399999999994,-0.032556828774687956
2.4415999999999958,-0.03258027600587299
2.4418000000000006,-0.03260332488672878
2.442000000000002,-0.032625974320540756
2.4422000000000073,-0.032648223215119274
2.4423999999999984,-0.032670070482820744
2.4425999999999997,-0.0326915150405811
2.4428000000000027,-0.03271255580993228
2.4430000000000045,-0.032733191717032255
2.4431999999999956,-0.03275342169268908
2.4433999999999974,-0.03277324467238993
2.443600000000003,-0.03279265959632027
2.4438000000000044,-0.03281166540939208
2.443999999999996,-0.032830261061269225
2.4441999999999977,-0.03284844550639478
2.4444000000000004,-0.03286621770401086
2.444600000000002,-0.032883576618187235
2.444799999999993,-0.03290052121784497
2.444999999999995,-0.032917050476784504
2.4452,-0.032933163373705554
2.4454000000000047,-0.03294885889223482
2.4456000000000064,-0.03296413602095022
2.4457999999999975,-0.032978993753405794
2.4459999999999997,-0.032993431088158075
2.446200000000002,-0.033007447028786954
2.4464000000000037,-0.03302104058392282
2.446599999999995,-0.03303421076727014
2.4467999999999974,-0.033046956597634465
2.4470000000000023,-0.033059277098942595
2.447200000000004,-0.03307117130026946
2.4473999999999956,-0.033082638235862286
2.447599999999997,-0.03309367694516571
2.4477999999999995,-0.033104286472843775
2.448000000000001,-0.03311446586880539
2.448200000000006,-0.033124214188228744
2.4483999999999972,-0.0331335304915835
2.448599999999999,-0.03314241384465849
2.448800000000004,-0.03315086331858163
2.4490000000000056,-0.03315887798984546
2.449199999999997,-0.03316645694033087
2.449399999999999,-0.033173599257332105
2.449600000000001,-0.033180304033577836
2.4498000000000033,-0.03318657036725665
2.449999999999995,-0.0331923973620396
2.4501999999999966,-0.03319778412710535
2.4504000000000015,-0.03320272977716136
2.450600000000003,-0.033207233432468626
2.4507999999999948,-0.03321129421886447
2.4509999999999965,-0.03321491126778663
2.4511999999999983,-0.033218083716295164
2.4514000000000036,-0.0332208107070963
2.4516000000000053,-0.033223091388565384
2.451799999999997,-0.03322492491476964
2.4519999999999986,-0.033226310445491736
2.4522000000000035,-0.03322724714625147
2.4524000000000052,-0.033227734188329486
2.452599999999997,-0.03322777074878975
2.452799999999999,-0.033227356010501814
2.4530000000000007,-0.03322648916216389
2.4532000000000025,-0.03322516939832506
2.453399999999994,-0.03322339591940781
2.4535999999999962,-0.03322116793172977
2.453800000000001,-0.03321848464752708
2.454000000000003,-0.03321534528497597
2.4541999999999944,-0.03321174906821492
2.4543999999999992,-0.03320769522736614
2.454600000000001,-0.03320318299855905
2.4548000000000023,-0.03319821162395064
2.455000000000004,-0.03319278035174804
2.455199999999996,-0.033186888436230765
2.455399999999998,-0.0331805351377705
2.4556000000000027,-0.03317371972285506
2.4558000000000044,-0.03316644146410869
2.455999999999997,-0.03315869964031386
2.4561999999999986,-0.033150493536431305
2.4564,-0.033141822443623584
2.4566000000000017,-0.03313268565927473
2.4567999999999937,-0.03312308248701246
2.4569999999999954,-0.03311301223672694
2.4572000000000003,-0.033102474224594745
2.457400000000005,-0.03309146777309816
2.457600000000007,-0.03307999221104613
2.457799999999999,-0.033068046873595436
2.4580000000000006,-0.033055631102269334
2.4582000000000015,-0.03304274424498149
2.4584000000000032,-0.03302938565605386
2.4585999999999952,-0.0330155546962389
2.458799999999997,-0.033001250732736694
2.4590000000000027,-0.03298647313921899
2.4592000000000045,-0.03297122129584815
2.459399999999996,-0.032955494589296176
2.4595999999999982,-0.03293929241276358
2.459799999999999,-0.03292261416600317
2.460000000000001,-0.03290545925533662
2.460199999999993,-0.03288782709367594
2.4603999999999977,-0.03286971710053945
2.4605999999999995,-0.03285112870207757
2.4608000000000043,-0.03283206133108657
2.461000000000006,-0.03281251442703136
2.461199999999998,-0.03279248743606356
2.4614,-0.03277197981103782
2.4616000000000007,-0.0327509910115368
2.4618000000000024,-0.032729520503885466
2.4619999999999953,-0.0327075677611729
2.462199999999997,-0.03268513226326626
2.462400000000002,-0.03266221349683581
2.4626000000000037,-0.03263881095537035
2.4627999999999957,-0.032614924139196144
2.4629999999999974,-0.03259055255549167
2.4631999999999983,-0.03256569571831312
2.4634,-0.032540353148607405
2.463600000000005,-0.03251452437423142
2.463799999999997,-0.03248820892997263
2.4639999999999986,-0.03246140635755976
2.464200000000004,-0.0324341162056894
2.4644000000000057,-0.032406338030039665
2.4645999999999977,-0.03237807139328806
2.4647999999999994,-0.03234931586512548
2.4650000000000007,-0.03232007102228107
2.4652000000000025,-0.03229033644853396
2.4653999999999945,-0.03226011173473405
2.4655999999999962,-0.03222939647881216
2.4658000000000015,-0.03219819028580645
2.4660000000000033,-0.03216649276787464
2.4661999999999953,-0.03213430354431138
2.466399999999997,-0.032101622241560504
2.4666000000000023,-0.03206844849323954
2.4668000000000023,-0.03203478194015339
2.467000000000004,-0.03200062223030704
2.467199999999996,-0.03196596901892762
2.4673999999999983,-0.03193082196847235
2.467600000000003,-0.03189518074865453
2.467800000000005,-0.03185904503645455
2.4679999999999978,-0.031822414516135974
2.4681999999999995,-0.03178528887925715
2.4684,-0.031747667824696256
2.4686000000000017,-0.031709551058659045
2.4687999999999937,-0.03167093829469959
2.468999999999996,-0.03163182925372689
2.4692000000000007,-0.031592223664031464
2.4694000000000025,-0.031552121261294516
2.4696000000000073,-0.031511521788601365
2.4697999999999998,-0.0314704249964626
2.4700000000000015,-0.03142883064281711
2.470200000000001,-0.031386738493061186
2.4704000000000033,-0.03134414832005271
2.4705999999999957,-0.03130105990413264
2.4707999999999974,-0.03125747303312905
2.4710000000000023,-0.031213387502383505
2.471200000000005,-0.03116880311475938
2.4713999999999974,-0.031123719680656647
2.471599999999999,-0.03107813701801928
2.471799999999999,-0.03103205495236152
2.472000000000001,-0.030985473316771737
2.472199999999993,-0.03093839195193254
2.472399999999995,-0.030890810706123227
2.4726,-0.030842729435247206
2.4728000000000048,-0.03079414800283723
2.473000000000007,-0.030745066280069754
2.473199999999999,-0.030695484145778995
2.473400000000001,-0.030645401486461804
2.4736000000000007,-0.030594818196305128
2.4738000000000024,-0.030543734177186272
2.473999999999995,-0.030492149338693646
2.4741999999999975,-0.030440063598127183
2.4744000000000024,-0.030387476880525545
2.474600000000004,-0.03033438911867029
2.4747999999999966,-0.030280800253098955
2.4749999999999988,-0.030226710232109863
2.475199999999998,-0.03017211901178904
2.4753999999999996,-0.030117026556008133
2.475599999999992,-0.03006143283644632
2.4757999999999973,-0.030005337832586534
2.475999999999999,-0.029948741531747435
2.476200000000004,-0.029891643929077255
2.476400000000006,-0.029834045027574575
2.4765999999999986,-0.029775944838095952
2.476800000000001,-0.02971734337935916
2.4769999999999994,-0.02965824067797026
2.4772000000000025,-0.02959863676841875
2.477399999999995,-0.029538531693100896
2.4775999999999967,-0.029477925502312347
2.4778000000000016,-0.029416818254277242
2.4780000000000038,-0.029355210015149468
2.478199999999996,-0.029293100859023622
2.478399999999998,-0.029230490867935638
2.478599999999997,-0.02916738013189053
2.4788000000000023,-0.029103768748855587
2.479000000000004,-0.02903965682478194
2.4791999999999965,-0.028975044473606798
2.4793999999999983,-0.02890993181725589
2.4796000000000036,-0.028844318985667895
2.4798000000000053,-0.02877820611679616
2.4799999999999978,-0.0287115933566163
2.480200000000001,-0.028644480859126686
2.4803999999999995,-0.028576868786376816
2.4806000000000012,-0.0285087573084567
2.480799999999994,-0.028440146603519133
2.480999999999996,-0.028371036857770586
2.481200000000001,-0.02830142826549758
2.481400000000003,-0.028231321029066885
2.4815999999999954,-0.02816071535893211
2.4818000000000007,-0.028089611473631815
2.4820000000000024,-0.028018009599820492
2.482200000000001,-0.02794590997225547
2.4824000000000033,-0.027873312833808853
2.4825999999999957,-0.027800218435482853
2.482799999999998,-0.027726627036397812
2.4830000000000028,-0.027652538903820995
2.483200000000005,-0.027577954313161745
2.4833999999999983,-0.027502873547979943
2.4836,-0.027427296899982273
2.4837999999999987,-0.027351224669048487
2.484000000000001,-0.02727465716321928
2.4841999999999933,-0.02719759469871712
2.4843999999999955,-0.027120037599931195
2.4846000000000004,-0.02704198619944605
2.4848000000000052,-0.02696344083803517
2.4850000000000074,-0.02688440186466795
2.4852,-0.02680486963651631
2.485400000000002,-0.026724844518947743
2.4856000000000003,-0.026644326885553918
2.4858000000000025,-0.026563317118132923
2.4859999999999953,-0.026481815606712134
2.486199999999997,-0.026399822749530406
2.486400000000003,-0.026317338953064824
2.4866000000000046,-0.026234364632027184
2.4867999999999975,-0.026150900209364718
2.4869999999999997,-0.02606694611625628
2.487199999999998,-0.025982502792138297
2.4873999999999996,-0.025897570684686885
2.4875999999999925,-0.02581215024983835
2.4877999999999947,-0.025726241951770982
2.4879999999999995,-0.025639846262931743
2.488200000000005,-0.0255529636640272
2.4884000000000066,-0.025465594644028502
2.4885999999999995,-0.025377739700174522
2.4888000000000017,-0.025289399337963023
2.4889999999999994,-0.025200574071177775
2.489200000000001,-0.02511126442186694
2.489399999999995,-0.025021470920364053
2.489599999999997,-0.024931194105268256
2.489800000000002,-0.02484043452346888
2.490000000000004,-0.024749192730136944
2.490199999999997,-0.024657469288727793
2.490399999999999,-0.02456526477097011
2.490599999999997,-0.02447257975689295
2.490799999999999,-0.02437941483480368
2.491000000000004,-0.02428577060130131
2.4911999999999965,-0.024191647661281672
2.4913999999999987,-0.024097046627912302
2.4916000000000036,-0.02400196812266487
2.4918000000000062,-0.023906412775301242
2.491999999999999,-0.023810381223875205
2.492200000000001,-0.023713874114719657
2.492399999999999,-0.023616892102473166
2.4926000000000013,-0.02351943585005588
2.492799999999994,-0.02342150602868863
2.4929999999999963,-0.023323103317866765
2.4932000000000016,-0.02322422840538721
2.4934000000000034,-0.02312488198733608
2.4935999999999963,-0.023025064768086426
2.4937999999999985,-0.02292477746028648
2.4940000000000038,-0.022824020784881792
2.494200000000001,-0.022722795471104833
2.4944000000000033,-0.022621102256458338
2.494599999999996,-0.022518941886739682
2.4947999999999984,-0.022416315116008688
2.495000000000003,-0.02231322270661487
2.4952000000000054,-0.02220966542918226
2.4953999999999983,-0.022105644062608176
2.495600000000001,-0.02200115939404677
2.4957999999999982,-0.02189621221893754
2.4960000000000004,-0.021790803340971783
2.4961999999999938,-0.02168493357211547
2.4963999999999955,-0.021578603732576893
2.496600000000001,-0.021471814650831974
2.496800000000003,-0.02136456716361019
2.497000000000008,-0.021256862115883096
2.4972000000000008,-0.021148700360878667
2.497400000000003,-0.02104008276004711
2.4976000000000003,-0.020931010183095095
2.4978000000000025,-0.020821483507949993
2.4979999999999953,-0.020711503620781384
2.4981999999999975,-0.02060107141596561
2.498400000000003,-0.020490187796112967
2.4986000000000055,-0.020378853672049065
2.4987999999999984,-0.020267069962811118
2.4990000000000006,-0.020154837595626914
2.4991999999999974,-0.02004215750594414
2.4993999999999996,-0.019929030637391123
2.499599999999993,-0.019815457941799997
2.4997999999999947,-0.019701440379169145
2.5,-0.019586978917687733
2.500200000000005,-0.019472074533716938
2.500400000000007,-0.019356728211782998
2.5006000000000004,-0.01924094094457473
2.5008000000000026,-0.019124713732920524
2.5009999999999994,-0.019008047585814498
2.5012000000000016,-0.018890943520376586
2.5013999999999945,-0.01877340256187508
2.501599999999997,-0.01865542574368499
2.5018000000000025,-0.01853701410731596
2.5020000000000047,-0.01841816870238914
2.5021999999999975,-0.0182988905866303
2.5024,-0.01817918082584716
2.5025999999999966,-0.0180590404939575
2.502799999999999,-0.017938470672943456
2.502999999999992,-0.01781747245287655
2.503199999999997,-0.01769604693187187
2.503399999999999,-0.017574195216121802
2.5036000000000045,-0.0174519184198547
2.5038000000000062,-0.017329217665345724
2.504,-0.01720609408289914
2.504200000000002,-0.017082548810827474
2.5043999999999986,-0.01695858299547464
2.5046000000000013,-0.016834197791170707
2.5047999999999946,-0.016709394360256813
2.504999999999997,-0.016584173873036442
2.5052000000000016,-0.016458537507802174
2.5054000000000043,-0.016332486450810053
2.505599999999997,-0.016206021896271655
2.5057999999999994,-0.016079145046325453
2.505999999999996,-0.015951857111064616
2.5062000000000006,-0.015824159308486397
2.506400000000003,-0.015696052864516294
2.506599999999996,-0.015567539012977874
2.5067999999999984,-0.015438618995569206
2.5070000000000037,-0.015309294061882403
2.507200000000006,-0.015179565469377699
2.507399999999999,-0.015049434483370708
2.5076000000000014,-0.014918902377006627
2.5077999999999983,-0.01478797043128387
2.5080000000000005,-0.014656639935005343
2.5081999999999938,-0.014524912184798794
2.508399999999996,-0.014392788485067486
2.5086000000000013,-0.014260270148013792
2.5088000000000035,-0.014127358493611993
2.508999999999997,-0.013994054849594477
2.5092000000000017,-0.013860360551422266
2.509400000000004,-0.013726276942311865
2.5096,-0.013591805373192378
2.509800000000002,-0.01345694720268834
2.509999999999996,-0.013321703797135296
2.510199999999998,-0.01318607653052645
2.5104000000000033,-0.013050066784535186
2.5106000000000055,-0.01291367594848707
2.5107999999999993,-0.012776905419344084
2.5110000000000015,-0.012639756601676128
2.5111999999999974,-0.012502230907683078
2.5113999999999996,-0.01236432975714016
2.511599999999993,-0.01222605457742091
2.5117999999999956,-0.012087406803440382
2.5120000000000005,-0.01194838787767977
2.5122000000000053,-0.011808999250152025
2.512400000000008,-0.011669242378388251
2.5126000000000013,-0.011529118727426619
2.5128000000000035,-0.011388629769774974
2.512999999999999,-0.011247776985437226
2.513200000000001,-0.011106561861852599
2.513399999999995,-0.010964985893920443
2.513599999999997,-0.010823050583940962
2.513800000000003,-0.010680757441636981
2.514000000000005,-0.010538107984123832
2.514199999999999,-0.010395103735889089
2.514400000000001,-0.010251746228761936
2.5145999999999966,-0.010108037001934638
2.514799999999999,-0.009963977601901954
2.514999999999992,-0.009819569582485088
2.5151999999999948,-0.009674814504769065
2.5153999999999996,-0.009529713937127971
2.5156000000000045,-0.00938426945518478
2.515800000000007,-0.009238482641797977
2.5160000000000005,-0.00909235508704601
2.516200000000003,-0.008945888388187306
2.516399999999998,-0.008799084149686755
2.5166000000000004,-0.008651943983147581
2.5167999999999946,-0.00850446950733805
2.516999999999997,-0.008356662348128253
2.517200000000002,-0.008208524138508342
2.5174000000000043,-0.008060056518556078
2.517599999999998,-0.007911261135415737
2.5178000000000003,-0.007762139643262173
2.517999999999996,-0.0076126937033224856
2.518199999999998,-0.007462924983810679
2.5184000000000033,-0.007312835159941643
2.5185999999999966,-0.007162425913907843
2.518799999999999,-0.0070116989348226215
2.519000000000004,-0.006860655918747478
2.5192000000000068,-0.006709298568651659
2.5194,-0.006557628594391714
2.5196000000000023,-0.006405647712671993
2.5197999999999983,-0.006253357647067254
2.5200000000000005,-0.006100760127955519
2.520199999999994,-0.005947856892538991
2.5203999999999964,-0.005794649684776707
2.5206000000000017,-0.005641140255406233
2.520800000000004,-0.005487330361903829
2.5209999999999972,-0.005333221768462614
2.5212,-0.0051788162459522075
2.521400000000005,-0.005024115571934295
2.5216,-0.004869121530626829
2.5218000000000025,-0.004713835912851271
2.521999999999996,-0.004558260516063116
2.5221999999999984,-0.0044023971442733074
2.5224000000000033,-0.0042462476080730085
2.522600000000006,-0.0040898137245895545
2.5227999999999993,-0.0039330973174665825
2.5230000000000024,-0.00377610021681888
2.5231999999999974,-0.0036188242592581016
2.5233999999999996,-0.0034612712878147904
2.523599999999993,-0.0033034431519648093
2.5237999999999956,-0.0031453417075540903
2.524000000000001,-0.002986968816821833
2.524200000000003,-0.002828326348355693
2.5244000000000084,-0.0026694161770587123
2.524600000000002,-0.0025102401841511487
2.5248000000000044,-0.002350800257102435
2.524999999999999,-0.002191098289661549
2.5252000000000017,-0.0020311361817798206
2.525399999999995,-0.0018709158396365225
2.5255999999999976,-0.0017104391755590493
2.525800000000003,-0.0015497081080469797
2.5260000000000056,-0.0013887245617252237
2.5261999999999993,-0.0012274904673204978
2.526400000000002,-0.0010660077616155336
2.526599999999996,-0.0009042783874712189
2.526799999999999,-0.0007423042937445548
2.5269999999999926,-0.0005800874353182311
2.527199999999995,-0.00041762977301817474
2.5274,-0.00025493327363483326
2.5276000000000054,-9.199990987529636e-05
2.5278000000000076,7.116833966044553e-05
2.5280000000000014,0.00023456949050501465
2.5282000000000036,0.000398201552369715
2.528399999999998,0.0005620625291273022
2.528600000000001,0.0007261504188910625
2.528799999999994,0.0008904632139897714
2.5289999999999973,0.0010549989010514172
2.5292000000000026,0.0012197554609790877
2.529400000000005,0.0013847308690027845
2.529599999999999,0.001549923094703783
2.529800000000001,0.0017153301020628843
2.529999999999996,0.0018809498494416002
2.530199999999998,0.0020467802896636245
2.5303999999999918,0.0022128193699914953
2.530599999999997,0.002379065032210698
2.5307999999999993,0.002545515212599235
2.5310000000000046,0.002712167842003073
2.531200000000007,0.0028790208458366493
2.531400000000001,0.0030460721441225094
2.531600000000003,0.003213319651539207
2.5317999999999974,0.0033807612774035944
2.5319999999999996,0.003548394925755002
2.5321999999999942,0.0037162184953309944
2.5323999999999964,0.003884229879649416
2.5326000000000017,0.004052426966995426
2.5328000000000044,0.004220807640467469
2.5329999999999986,0.004389369778007161
2.533200000000001,0.004558111252448856
2.5333999999999945,0.0047270299315033135
2.5336,0.004896123677846294
2.533800000000002,0.005065390349088742
2.5339999999999963,0.005234827797845637
2.5341999999999985,0.005404433871774883
2.534400000000004,0.005574206413574425
2.5346000000000064,0.005744143261027202
2.5348,0.005914242247036741
2.535000000000003,0.00608450119967541
2.535199999999997,0.00625491794216701
2.5353999999999997,0.00642549029297706
2.5355999999999934,0.0065962160657858275
2.535799999999996,0.006767093069579263
2.5360000000000014,0.006938119108630228
2.5362000000000036,0.007109291982550895
2.5363999999999978,0.007280609486325887
2.5366,0.007452069410360835
2.5368000000000053,0.007623669540478711
2.536999999999999,0.007795407657962603
2.5372000000000012,0.007967281539625368
2.5373999999999954,0.00813928895778126
2.537599999999998,0.008311427680338747
2.5378000000000034,0.00848369547078549
2.5380000000000056,0.008656090088240198
2.5382000000000002,0.008828609287487448
2.538400000000003,0.009001250819026025
2.538599999999996,0.00917401242905747
2.5387999999999984,0.009346891859577884
2.5389999999999926,0.009519886848350494
2.5391999999999952,0.009692995128998684
2.5394000000000005,0.009866214430990908
2.5396000000000027,0.010039542479694942
2.5398000000000085,0.010212976996421281
2.5400000000000023,0.010386515698427672
2.540200000000005,0.010560156299004506
2.540399999999998,0.010733896507442737
2.5406000000000004,0.01090773402913434
2.5407999999999946,0.01108166656554444
2.5409999999999973,0.01125569181430527
2.541200000000003,0.011429807469203074
2.5414000000000057,0.011604011220230838
2.5416,0.011778300753625051
2.541800000000002,0.011952673751918198
2.5419999999999954,0.012127127893926615
2.542199999999998,0.012301660854844826
2.5423999999999918,0.012476270306218597
2.5425999999999944,0.012650953916043324
2.5427999999999997,0.012825709348747442
2.543000000000005,0.013000534265251912
2.5432000000000077,0.013175426323002462
2.5434000000000014,0.01335038317600323
2.543600000000004,0.013525402474875207
2.5437999999999974,0.01370048186684156
2.5439999999999996,0.013875618995825295
2.5441999999999947,0.014050811502424796
2.544399999999997,0.014226057024006302
2.544600000000002,0.014401353194697307
2.544800000000005,0.014576697645437987
2.544999999999999,0.014752088004019158
2.5452000000000017,0.014927521895138261
2.5453999999999946,0.015102996940386748
2.545599999999997,0.015278510758349143
2.5458000000000025,0.01545406096458462
2.5459999999999967,0.01562964517168151
2.546199999999999,0.015805260989328232
2.546400000000004,0.015980906024301647
2.546600000000007,0.01615657788052392
2.546800000000001,0.016332274159100907
2.5470000000000037,0.01650799245837932
2.5471999999999966,0.016683730373934013
2.5473999999999997,0.016859485498669443
2.547599999999994,0.017035255422789924
2.547799999999996,0.01721103773390313
2.548000000000002,0.01738683001700775
2.548200000000004,0.017562629854547616
2.5483999999999987,0.017738434826455377
2.548600000000001,0.017914242510204133
2.548800000000006,0.018090050480812112
2.548999999999999,0.01826585631088793
2.5492000000000017,0.018441657570712488
2.549399999999996,0.018617451828208252
2.5495999999999985,0.01879323664904446
2.549800000000004,0.01896900959662492
2.550000000000006,0.019144768232146444
2.5502000000000002,0.019320510114638763
2.5504000000000038,0.01949623280102198
2.550599999999996,0.019671933846092587
2.550799999999999,0.019847610802632566
2.550999999999993,0.02002326122137676
2.5511999999999957,0.020198882651118275
2.551400000000001,0.020374472638696302
2.551600000000003,0.02055002872905621
2.551799999999998,0.020725548465288714
2.552000000000003,0.020901029388689346
2.552200000000006,0.02107646903874997
2.552399999999998,0.02125186495323041
2.5526000000000004,0.021427214668219532
2.552799999999995,0.021602515718114345
2.5529999999999977,0.021777765635724554
2.553200000000003,0.021952961952264143
2.553400000000006,0.022128102197409984
2.5536000000000003,0.022303183899340065
2.553800000000003,0.022478204584795897
2.5539999999999954,0.022653161779070584
2.554199999999998,0.022828053006114082
2.5543999999999922,0.02300287578850576
2.554599999999995,0.02317762764755965
2.5548,0.023352306103313722
2.5550000000000055,0.023526908674593575
2.555200000000008,0.02370143287904931
2.5554000000000023,0.023875876233194464
2.555600000000005,0.024050236252468063
2.555799999999997,0.024224510451224698
2.556,0.024398696342842488
2.5561999999999943,0.024572791439691433
2.556399999999997,0.02474679325324345
2.5566000000000026,0.02492069929406087
2.5568000000000053,0.025094507071856863
2.557,0.025268214095537388
2.5572000000000026,0.025441817873260494
2.5573999999999946,0.025615315912428254
2.557599999999997,0.025788705719793165
2.5577999999999914,0.025961984801429968
2.5579999999999967,0.02613515066284462
2.5581999999999994,0.026308200808953987
2.5584000000000047,0.0264811327441725
2.5586000000000073,0.026653943972427686
2.558800000000002,0.0268266319972111
2.5590000000000046,0.026999194321637755
2.559199999999996,0.02717162844843983
2.559399999999999,0.02734393188007354
2.5595999999999943,0.027516102118690683
2.5597999999999965,0.027688136666242598
2.560000000000002,0.027860033024479196
2.5602000000000045,0.028031788695004695
2.560399999999999,0.02820340117932066
2.5606000000000018,0.028374867978886255
2.5607999999999937,0.028546186595112624
2.560999999999999,0.028717354529470336
2.5612000000000013,0.028888369283460343
2.5613999999999963,0.029059228358702123
2.5615999999999985,0.02922992925697953
2.5618000000000043,0.029400469480252857
2.5620000000000065,0.029570846530713076
2.562200000000001,0.02974105791082961
2.562400000000004,0.029911101123406357
2.562599999999996,0.030080973671579015
2.5627999999999984,0.03025067305891823
2.5629999999999935,0.030420196789408
2.5631999999999957,0.030589542367546286
2.5634000000000015,0.0307587072983453
2.5636000000000037,0.030927689087386606
2.5637999999999987,0.03109648524086881
2.564000000000001,0.03126509326566272
2.5642000000000067,0.031433510669323594
2.5643999999999982,0.03160173496013664
2.5646000000000004,0.03176976364720712
2.5647999999999955,0.03193759424043206
2.564999999999998,0.032105224250604816
2.5652000000000035,0.032272651189415
2.565400000000006,0.032439872569506624
2.565600000000001,0.032606885904521446
2.565800000000004,0.032773688709158616
2.5659999999999954,0.03294027849917159
2.5661999999999976,0.03310665279147347
2.5663999999999927,0.033272809104112774
2.5665999999999953,0.03343874495637617
2.5668000000000006,0.033604457868787865
2.5670000000000033,0.033769945363168755
2.5672000000000086,0.033935204962687676
2.5674000000000032,0.034100234191881
2.567600000000006,0.034265030576736
2.567799999999997,0.03442959164467699
2.568,0.03459391492467427
2.5681999999999947,0.03475799794721618
2.5683999999999974,0.034921838244417504
2.568600000000003,0.035085433350015245
2.5688000000000057,0.035248780799427976
2.5690000000000004,0.03541187812980037
2.569200000000003,0.03557472288006252
2.5693999999999946,0.035737312590926884
2.569599999999997,0.035899644804994066
2.569799999999992,0.036061717066727624
2.5699999999999945,0.03622352692255977
2.5702,0.036385071920888204
2.570400000000005,0.03654634961213865
2.5706000000000078,0.03670735754880575
2.570800000000003,0.03686809328549386
2.5710000000000055,0.037028554378978125
2.5711999999999966,0.03718873838820355
2.5713999999999992,0.037348642874389895
2.571599999999994,0.037508265401005964
2.571799999999997,0.0376676035338757
2.5720000000000023,0.03782665484117413
2.572200000000005,0.03798541689348996
2.5724,0.03814388726386659
2.5726000000000027,0.03830206352786167
2.5727999999999938,0.03845994326354632
2.572999999999996,0.038617524051608905
2.5732000000000017,0.03877480347534029
2.5733999999999964,0.03893177912069562
2.573599999999999,0.03908844857636863
2.5738000000000043,0.03924480943378954
2.5740000000000074,0.03940085928718694
2.574200000000002,0.039556595733629164
2.5744000000000047,0.039712016373086134
2.5745999999999953,0.03986711880842596
2.574799999999999,0.04002190064552076
2.5749999999999935,0.04017635949321877
2.575199999999996,0.04033049296345277
2.5754000000000015,0.040484298671235895
2.5756000000000046,0.040637774234722056
2.575799999999999,0.040790917275247
2.5760000000000023,0.04094372541738971
2.5761999999999925,0.04109619628896828
2.576399999999998,0.0412483275211491
2.576600000000001,0.04140011674841767
2.5767999999999955,0.04155156160866388
2.576999999999998,0.041702659743233325
2.577200000000004,0.04185340879693643
2.5774000000000066,0.04200380641810653
2.5776000000000012,0.04215385025864358
2.5778000000000048,0.0423035379740726
2.577999999999995,0.0424528672235402
2.578199999999998,0.04260183566992215
2.5783999999999927,0.04275044097979469
2.578599999999996,0.04289868082354021
2.578800000000001,0.043046552875343966
2.5790000000000037,0.04319405481325504
2.5791999999999984,0.04334118431922649
2.579400000000004,0.04348793907917619
2.5796000000000068,0.043634316782986696
2.579799999999997,0.043780315124574955
2.58,0.043925931801956516
2.580199999999995,0.0440711645172284
2.580399999999998,0.044216010976670925
2.580600000000003,0.044360468890749065
2.5808000000000058,0.04450453597416813
2.5810000000000013,0.044648209945917214
2.5812000000000044,0.04479148852932358
2.581399999999994,0.04493436945205559
2.5815999999999972,0.045076850446223476
2.5817999999999923,0.045218929248353426
2.581999999999995,0.045360603599489235
2.5822000000000003,0.04550187124519295
2.5824000000000056,0.04564272993560338
2.5826000000000082,0.04578317742547505
2.5828000000000033,0.04592321147421879
2.583000000000006,0.04606282984595811
2.583199999999996,0.046202030309532384
2.5833999999999993,0.046340810638594264
2.5835999999999943,0.04647916861158703
2.583799999999997,0.04661710201184316
2.5840000000000027,0.046754608627586534
2.5842000000000054,0.04689168625198607
2.5844000000000005,0.04702833268319913
2.5846000000000036,0.04716454572442497
2.5847999999999933,0.04730032318390678
2.5849999999999964,0.047435662875030093
2.5851999999999915,0.04757056261629917
2.585399999999997,0.047705020231435843
2.5855999999999995,0.047839033549373466
2.5858000000000048,0.0479726004043303
2.5860000000000074,0.04810571863583063
2.586200000000003,0.048238386088753166
2.5864000000000056,0.048370600613383205
2.5865999999999953,0.04850236006541767
2.5867999999999984,0.04863366230605881
2.586999999999994,0.048764505201992915
2.5871999999999966,0.048894886625484586
2.587400000000002,0.04902480445438116
2.5876000000000046,0.04915425657216456
2.5878,0.049283240867992316
2.5880000000000027,0.04941175523674941
2.5881999999999925,0.04953979757905285
2.5883999999999983,0.049667365801346036
2.588600000000001,0.049794457815875555
2.588799999999996,0.049921071540770946
2.5889999999999986,0.050047204900087676
2.589200000000004,0.05017285582382062
2.589400000000007,0.05029802224795705
2.589600000000002,0.050422702114514543
2.5898000000000048,0.05054689337159474
2.5899999999999954,0.050670593973386545
2.590199999999998,0.05079380188025439
2.590399999999993,0.05091651505872346
2.590599999999996,0.05103873148156608
2.5908000000000015,0.05116044912780822
2.591000000000004,0.0512816659827781
2.5911999999999993,0.05140238003814754
2.5914000000000024,0.05152258929198132
2.5916000000000077,0.05164229174875052
2.591799999999997,0.051761485419376835
2.592,0.05188016832130599
2.592199999999995,0.05199833847848738
2.5923999999999983,0.05211599392146511
2.5926000000000036,0.052233132687380224
2.592800000000006,0.05234975282002254
2.593000000000002,0.052465852369868456
2.593200000000005,0.052581429394127736
2.5933999999999946,0.052696481956752514
2.5935999999999972,0.05281100812851952
2.5937999999999923,0.0529250059870153
2.5939999999999954,0.05303847361672073
2.5942000000000007,0.05315140910901457
2.5944000000000034,0.05326381056222461
2.5946000000000087,0.05337567608166899
2.594800000000004,0.05348700377967809
2.595000000000007,0.05359779177565725
2.595199999999996,0.0537080381960863
2.5953999999999993,0.053817741174603806
2.5955999999999944,0.053926898851989695
2.5957999999999974,0.05403550937625024
2.5960000000000027,0.05414357090262048
2.596200000000006,0.054251081593614546
2.5964000000000014,0.05435803961905965
2.596600000000004,0.054464443156143356
2.596799999999994,0.054570290389420816
2.5969999999999964,0.0546755795108925
2.597199999999992,0.05478030871999237
2.5973999999999946,0.054884476223664734
2.5976,0.05498808023637292
2.597800000000005,0.055091118980144176
2.5980000000000083,0.05519359068460556
2.5982000000000034,0.05529549358701589
2.5984000000000065,0.05539682593231434
2.5985999999999954,0.05549758597312483
2.5987999999999984,0.05559777196983524
2.598999999999994,0.05569738219058196
2.599199999999997,0.055796414911327634
2.5994000000000024,0.05589486841586737
2.5996000000000055,0.055992740995873515
2.599800000000001,0.05609003095092922
2.6000000000000036,0.05618673658857211
2.6001999999999925,0.0562828562243021
2.6003999999999956,0.05637838818165531
2.600599999999991,0.05647333079219079
2.600799999999996,0.05656768239556639
2.600999999999999,0.05666144133954028
2.6012000000000044,0.056754605980025116
2.6014000000000075,0.05684717468110995
2.601600000000003,0.056939145815097035
2.601800000000006,0.05703051776254434
2.6019999999999945,0.057121288912272555
2.602199999999998,0.057211457661437384
2.6023999999999936,0.0573010224155161
2.6025999999999962,0.05738998158837966
2.6028000000000016,0.05747833360230034
2.6030000000000046,0.057566076887991674
2.6032,0.05765320988464108
2.6034000000000033,0.05773973103995053
2.6035999999999917,0.05782563881014356
2.603799999999997,0.05791093166003604
2.604,0.0579956080630232
2.6041999999999956,0.058079666501138334
2.6043999999999983,0.058163105465086566
2.604600000000004,0.05824592345426019
2.6048000000000067,0.05832811897677614
2.605000000000002,0.05840969054950915
2.6052000000000053,0.058490636698128665
2.605399999999994,0.058570955957107575
2.6055999999999973,0.058650646869787056
2.605799999999993,0.05872970798836714
2.605999999999996,0.0588081378739715
2.606200000000001,0.05888593509665426
2.6064000000000043,0.05896309823543924
2.6065999999999994,0.05903962587834825
2.606800000000005,0.05911551662244045
2.6070000000000078,0.059190769073820364
2.607199999999996,0.05926538184768091
2.6073999999999993,0.05933935356834556
2.607599999999995,0.05941268286926428
2.607799999999998,0.05948536839307481
2.608000000000003,0.059557408791610075
2.608200000000006,0.05962880272593451
2.6084000000000023,0.059699548866373256
2.608600000000005,0.05976964589254468
2.6087999999999933,0.05983909249337233
2.6089999999999964,0.05990788736714068
2.609199999999992,0.05997602922148859
2.609399999999995,0.06004351677346774
2.6096000000000004,0.060110348749549916
2.6098000000000057,0.06017652388566235
2.6100000000000088,0.06024204092721438
2.6102000000000043,0.06030689862912326
2.6104000000000074,0.06037109575584841
2.6105999999999954,0.06043463108139979
2.6107999999999985,0.060497503389393324
2.610999999999994,0.0605597114730438
2.611199999999997,0.06062125413521964
2.611400000000003,0.060682130188450804
2.611600000000006,0.060742338454961256
2.6118000000000015,0.06080187776669499
2.6120000000000045,0.060860746965347046
2.6121999999999925,0.060918944902372305
2.6123999999999956,0.06097647043903706
2.612599999999991,0.06103332244641364
2.6127999999999942,0.06108949980543165
2.6129999999999995,0.061145001406885814
2.613200000000005,0.06119982615146736
2.613400000000008,0.061253972949788224
2.6136000000000035,0.061307440722403725
2.6138000000000066,0.06136022839984365
2.6139999999999946,0.06141233492262059
2.6141999999999976,0.06146375924127727
2.6143999999999936,0.061514500316383176
2.6145999999999967,0.061564557118581054
2.614800000000002,0.061613928628595584
2.615000000000005,0.06166261383726203
2.6152000000000006,0.06171061174554851
2.6154000000000037,0.06175792136458424
2.6155999999999917,0.06180454171566821
2.615799999999995,0.06185047183031251
2.616,0.061895710750243
2.6161999999999956,0.06194025752743143
2.6163999999999987,0.061984111224123374
2.6166000000000045,0.06202727091284879
2.616800000000007,0.06206973567644861
2.617000000000003,0.06211150460809629
2.6172000000000057,0.062152576811322656
2.6173999999999946,0.062192951400026085
2.6175999999999973,0.06223262749851023
2.617799999999993,0.06227160424148535
2.617999999999996,0.06230988077410552
2.6182000000000016,0.06234745625197815
2.6184000000000047,0.062384329841187885
2.6186000000000003,0.062420500718317166
2.618800000000003,0.06245596807046902
2.6190000000000087,0.062490731095279715
2.6191999999999966,0.0625247890009393
2.6193999999999993,0.06255814100622255
2.619599999999995,0.06259078634048942
2.6197999999999984,0.06262272424372001
2.6200000000000037,0.06265395396652296
2.6202000000000067,0.0626844747701584
2.6204000000000023,0.06271428592655559
2.620600000000006,0.06274338671833445
2.6207999999999934,0.06277177643881421
2.6209999999999964,0.06279945439204586
2.6211999999999924,0.06282641989281318
2.621399999999995,0.0628526722666637
2.621600000000001,0.0628782108499179
2.621800000000004,0.06290303498968894
2.622000000000009,0.0629271440439007
2.6222000000000047,0.06295053738130142
2.622400000000008,0.06297321438148544
2.622599999999996,0.06299517443490169
2.622799999999999,0.06301641694288018
2.6229999999999944,0.06303694131763629
2.6231999999999975,0.06305674698229606
2.623400000000003,0.0630758333709061
2.6236000000000064,0.06309419992845076
2.623800000000002,0.06311184611086737
2.624000000000005,0.06312877138506316
2.6241999999999925,0.06314497522892464
2.624399999999996,0.06316045713134007
2.6245999999999916,0.06317521659220517
2.6247999999999947,0.06318925312244453
2.625,0.0632025662440211
2.6252000000000053,0.06321515548995173
2.6254000000000084,0.06322702040432082
2.625600000000004,0.06323816054229345
2.6258000000000075,0.0632485754701298
2.625999999999995,0.06325826476519489
2.6261999999999976,0.06326722801597676
2.6263999999999936,0.06327546482209279
2.626599999999997,0.06328297479430765
2.6268000000000025,0.06328975755454198
2.6270000000000056,0.06329581273588594
2.6272000000000015,0.06330113998261068
2.6274000000000046,0.06330573895018099
2.6275999999999917,0.0633096093052645
2.627799999999995,0.06331275072574584
2.627999999999991,0.06331516290073477
2.628199999999996,0.06331684553057935
2.628399999999999,0.06331779832687512
2.628600000000005,0.06331802101247631
2.6288000000000076,0.06331751332150579
2.6290000000000036,0.06331627499936529
2.6292000000000066,0.06331430580274504
2.629399999999994,0.06331160549963379
2.6295999999999973,0.0633081738693273
2.6297999999999933,0.063304010702439
2.6299999999999963,0.06329911580090765
2.6302000000000016,0.0632934889780072
2.630400000000005,0.0632871300583549
2.6306000000000007,0.0632800388779201
2.6308000000000042,0.06327221528403132
2.630999999999991,0.06326365913538669
2.631199999999996,0.06325437030205777
2.6313999999999993,0.06324434866550176
2.6315999999999953,0.06323359411856623
2.6317999999999984,0.06322210656549583
2.632000000000004,0.0632098859219412
2.632200000000007,0.06319693211496467
2.632400000000003,0.06318324508304715
2.6326000000000063,0.06316882477609309
2.6327999999999934,0.06315367115544
2.6329999999999965,0.06313778419385892
2.6331999999999924,0.06312116387556685
2.6333999999999955,0.06310381019622634
2.6336000000000013,0.06308572316295498
2.6338000000000044,0.06306690279432876
2.6340000000000003,0.06304734912038731
2.6342000000000056,0.0630270621826364
2.6344000000000087,0.06300604203405696
2.6345999999999954,0.06298428873910748
2.6347999999999985,0.06296180237372218
2.6349999999999945,0.06293858302532652
2.635199999999998,0.06291463079282969
2.6354000000000033,0.06288994578663575
2.6356000000000064,0.06286452812864335
2.635800000000003,0.0628383779522497
2.636000000000006,0.06281149540235054
2.6361999999999925,0.06278388063535016
2.6363999999999956,0.06275553381915108
2.636599999999992,0.06272645513317188
2.636799999999995,0.06269664476833592
2.6370000000000005,0.06266610292708108
2.6372000000000058,0.06263482982335827
2.637400000000009,0.06260282568263344
2.637600000000005,0.06257009074188861
2.637800000000008,0.06253662524961942
2.6379999999999946,0.0625024294658453
2.638199999999998,0.06246750366209426
2.638399999999994,0.06243184812142173
2.638599999999997,0.062395463138395196
2.638800000000003,0.06235834901910319
2.639000000000006,0.062320506081152464
2.639200000000002,0.06228193465366659
2.6394000000000055,0.06224263507728191
2.6395999999999917,0.06220260770415772
2.639799999999995,0.06216185289795557
2.6399999999999912,0.06212037103386143
2.6401999999999943,0.062078162498564605
2.6403999999999996,0.062035227690267175
2.640600000000005,0.06199156701867799
2.6408000000000085,0.061947180905010175
2.6410000000000045,0.0619020697819804
2.6412000000000075,0.06185623409380015
2.6413999999999938,0.06180967429618597
2.6415999999999973,0.06176239085633486
2.6417999999999937,0.06171438425294699
2.641999999999997,0.06166565497620023
2.642200000000002,0.0616162035277595
2.6424000000000056,0.061566030420768074
2.6426000000000016,0.06151513617984428
2.6428000000000047,0.06146352134107128
2.642999999999991,0.06141118645200727
2.643199999999994,0.06135813207165604
2.6433999999999997,0.06130435877048908
2.6435999999999957,0.06124986713042763
2.643799999999999,0.06119465774482969
2.6440000000000046,0.061138731218497507
2.6442000000000077,0.06108208816766671
2.6444000000000036,0.06102472921999951
2.6446000000000067,0.060966655014572727
2.644799999999994,0.06090786620188794
2.644999999999997,0.06084836344383758
2.645199999999993,0.060788147413729884
2.645399999999996,0.06072721879625494
2.6456000000000017,0.060665578287493443
2.645800000000005,0.06060322659490402
2.646000000000001,0.06054016443731464
2.646200000000004,0.06047639254490904
2.6464000000000096,0.06041191165923001
2.646599999999996,0.060346722533170936
2.646799999999999,0.06028082593094202
2.646999999999995,0.06021422262810032
2.6471999999999984,0.060146913411507685
2.6474000000000038,0.06007889907934168
2.647600000000007,0.06001018044107783
2.647800000000003,0.05994075831748113
2.648000000000007,0.059870633540588795
2.648199999999993,0.05979980695372097
2.648399999999996,0.05972827941143487
2.648599999999992,0.05965605177955613
2.648799999999995,0.05958312493513341
2.649000000000001,0.05950949976644769
2.649200000000004,0.05943517717299501
2.6494000000000093,0.05936015806547015
2.6496000000000057,0.05928444336576505
2.649800000000009,0.0592080340069408
2.649999999999995,0.05913093093324004
2.650199999999998,0.05905313510003853
2.650399999999994,0.058974647473875805
2.6505999999999976,0.05889546903240566
2.650800000000003,0.05881560076440605
2.651000000000007,0.05873504366975688
2.651200000000003,0.05865379875942911
2.651400000000006,0.05857186705546044
2.651599999999992,0.058489249590966755
2.6517999999999953,0.058405947410087714
2.6519999999999913,0.058321961568020705
2.6521999999999943,0.0582372931309661
2.6524,0.05815194317613645
2.6526000000000054,0.05806591279173319
2.652800000000009,0.057979203076931274
2.653000000000005,0.05789181514186667
2.653200000000008,0.0578037501076095
2.653399999999994,0.05771500910617468
2.6535999999999973,0.05762559328046307
2.6537999999999933,0.057535503784296574
2.6539999999999973,0.057444741782358595
2.6542000000000026,0.05735330845020446
2.654400000000006,0.05726120497423412
2.654600000000002,0.05716843255167665
2.6548000000000056,0.057074992390562906
2.6549999999999914,0.056980885709736626
2.6551999999999945,0.05688611373878902
2.6553999999999904,0.056790677718097704
2.655599999999996,0.05669457889876115
2.6557999999999993,0.056597818542613317
2.656000000000005,0.056500397922183275
2.656200000000008,0.05640231832068986
2.6564000000000045,0.05630358103201743
2.6566000000000076,0.056204187360687996
2.6567999999999934,0.056104138621869824
2.6569999999999965,0.056003436141309364
2.6571999999999933,0.05590208125537062
2.6573999999999964,0.05580007531096725
2.6576000000000017,0.05569741966556957
2.6578000000000053,0.055594115687175254
2.6580000000000017,0.05549016475429004
2.658200000000005,0.05538556825589586
2.6583999999999905,0.05528032759145965
2.658599999999996,0.05517444417086075
2.658799999999999,0.055067919414431774
2.6589999999999954,0.054960754752897883
2.6591999999999985,0.05485295162735371
2.659400000000004,0.05474451148926096
2.6596000000000073,0.05463543580041676
2.6598000000000037,0.05452572603293099
2.660000000000007,0.05441538366919385
2.660199999999993,0.054304410201883535
2.660399999999996,0.05419280713389065
2.6605999999999925,0.054080575978359184
2.6607999999999956,0.05396771825861005
2.6610000000000014,0.05385423550814831
2.6612000000000045,0.05374012927063019
2.661400000000001,0.053625401099837544
2.6616000000000044,0.053510052559644354
2.6618000000000097,0.05339408522401325
2.661999999999995,0.05327750067696997
2.662199999999998,0.05316030051253379
2.6623999999999945,0.05304248633476352
2.662599999999998,0.05292405975767427
2.6628000000000034,0.05280502240524499
2.6630000000000065,0.05268537591138102
2.6632000000000033,0.05256512191988957
2.663400000000007,0.05244426208444303
2.6635999999999918,0.05232279806858609
2.6637999999999953,0.052200731545648735
2.6639999999999917,0.052078064198795404
2.664199999999995,0.0519547977209363
2.6644000000000005,0.051830933814735004
2.6646000000000036,0.051706474192571766
2.6648000000000094,0.05158142057650835
2.665000000000006,0.05145577469827817
2.665200000000009,0.05132953829922988
2.6653999999999938,0.051202713130343226
2.6655999999999973,0.05107530095213575
2.6657999999999937,0.05094730353471347
2.6659999999999973,0.05081872265767694
2.666200000000003,0.05068956011013095
2.6664000000000065,0.050559817690642196
2.666600000000003,0.05042949720721178
2.666800000000006,0.05029860047723291
2.6669999999999914,0.05016712932749864
2.6671999999999945,0.050035085594108256
2.667399999999991,0.049902471122516015
2.667599999999994,0.0497692877674367
2.6677999999999997,0.049635537392852196
2.6680000000000055,0.049501221871968516
2.6682000000000086,0.04936634308718615
2.668400000000005,0.049230902930070715
2.6686000000000085,0.04909490330130819
2.6687999999999934,0.04895834611071371
2.6689999999999965,0.04882123327713016
2.669199999999994,0.048683566728480766
2.669399999999997,0.048545348401672316
2.669600000000002,0.04840658024259746
2.6698000000000057,0.04826726420609288
2.670000000000002,0.04812740225590763
2.6702000000000057,0.0479869963646565
2.67039999999999,0.047846048513829065
2.6705999999999936,0.04770456069368342
2.670799999999999,0.047562534903297926
2.670999999999996,0.047419973150493885
2.671199999999999,0.04727687745178967
2.6714000000000047,0.04713324983239791
2.6716000000000077,0.046989092326180135
2.671800000000004,0.04684440697561097
2.6720000000000077,0.046699195831732376
2.672199999999992,0.046553460954160804
2.672399999999996,0.04640720441097744
2.672599999999993,0.046260428278788214
2.672799999999996,0.046113134642612075
2.673000000000002,0.04596532559588832
2.673200000000005,0.0458170032404301
2.6734000000000018,0.04566816968638717
2.673600000000005,0.04551882705219944
2.6738000000000106,0.04536897746458569
2.673999999999995,0.045218623058511015
2.674199999999998,0.0450677659770882
2.674399999999995,0.044916408371637656
2.6745999999999985,0.044764552401574904
2.674800000000004,0.044612200234415755
2.675000000000007,0.044459354045725735
2.675200000000004,0.04430601601908429
2.6754000000000078,0.04415218834603455
2.675599999999992,0.0439978732260903
2.6757999999999953,0.04384307286661836
2.675999999999992,0.043687789482899864
2.6761999999999952,0.043532025298015066
2.676400000000001,0.04337578254284745
2.676600000000004,0.04321906345603422
2.676800000000001,0.043061870283926565
2.6770000000000063,0.04290420528053781
2.67720000000001,0.04274607070753943
2.6773999999999942,0.04258746883420894
2.6775999999999973,0.04242840193734132
2.677799999999994,0.0422688723013044
2.6779999999999977,0.04210888221791977
2.678200000000003,0.0419484339864683
2.678400000000007,0.04178752991363508
2.6786000000000034,0.041626172313474444
2.678800000000007,0.04146436350735063
2.6789999999999914,0.04130210582394829
2.6791999999999945,0.04113940159914792
2.6793999999999913,0.04097625317608842
2.6795999999999944,0.04081266290504587
2.6798,0.04064863314343685
2.680000000000006,0.04048416625576403
2.680200000000009,0.040319264613576634
2.680400000000006,0.04015393059543053
2.680600000000009,0.039988166586833164
2.6807999999999934,0.03982197498024698
2.680999999999997,0.03965535817496538
2.6811999999999934,0.039488318577176454
2.681399999999997,0.039320858599835286
2.6816000000000026,0.039152980662671255
2.681800000000006,0.03898468719213066
2.682000000000003,0.03881598062133519
2.682200000000006,0.038646863390025314
2.6823999999999906,0.038477337944564566
2.6825999999999937,0.03830740673781306
2.6827999999999905,0.03813707222919001
2.6829999999999963,0.03796633688454515
2.6831999999999994,0.03779520317617249
2.683400000000005,0.03762367358273034
2.683600000000008,0.03745175058922211
2.683800000000005,0.03727943668694261
2.684000000000008,0.03710673437342296
2.6841999999999926,0.036933646152432324
2.6843999999999957,0.036760174533849464
2.6845999999999934,0.036586322033725624
2.6847999999999965,0.03641209117415799
2.685000000000002,0.03623748448328758
2.6852000000000054,0.03606250449524415
2.6854000000000022,0.03588715375010238
2.6856000000000058,0.03571143479382086
2.6857999999999898,0.03553535017824838
2.685999999999995,0.03535890246098583
2.6861999999999986,0.035182094205456906
2.6863999999999955,0.03500492798079093
2.6865999999999985,0.03482740636177908
2.6868000000000043,0.03464953192885881
2.6870000000000074,0.034471307268056285
2.6872000000000043,0.03429273497093816
2.687400000000008,0.0341138176345531
2.687599999999992,0.033934557861435656
2.6877999999999957,0.03375495825946862
2.6879999999999926,0.03357502144195257
2.6881999999999957,0.033394750027467564
2.6884000000000015,0.03321414663987701
2.6886000000000045,0.0330332139082689
2.6888000000000014,0.03285195446690566
2.689000000000005,0.032670370955165416
2.6892000000000102,0.03248846601752665
2.6893999999999942,0.0323062423035217
2.6895999999999978,0.0321237024676159
2.6897999999999946,0.03194084916928046
2.689999999999998,0.03175768507284803
2.6902000000000035,0.031574212847519004
2.6904000000000066,0.03139043516729684
2.6906000000000043,0.03120635471094148
2.6908000000000074,0.03102197416190976
2.6909999999999914,0.030837296208353564
2.691199999999995,0.030652323542982148
2.691399999999992,0.030467058863131717
2.691599999999995,0.030281504870623376
2.6918000000000006,0.030095664271765583
2.6920000000000037,0.029909539777293458
2.6922000000000095,0.02972313410230961
2.6924000000000063,0.029536449966261126
2.69260000000001,0.029349490092851
2.6927999999999934,0.02916225721005481
2.692999999999997,0.028974754049970276
2.693199999999994,0.02878698334889427
2.6933999999999974,0.028598947847174115
2.693600000000003,0.02841065028921344
2.6938000000000066,0.02822209342340696
2.6940000000000035,0.028033280002091626
2.694200000000007,0.027844212781481546
2.6943999999999906,0.027654894521672944
2.694599999999994,0.027465327986495324
2.694799999999991,0.027275515943587954
2.694999999999994,0.02708546116425029
2.6952,0.026895166423446113
2.6954000000000056,0.026704634499737895
2.6956000000000087,0.02651386817523777
2.6958000000000055,0.026322870235559785
2.6960000000000095,0.026131643469752785
2.6961999999999926,0.02594019067030664
2.696399999999996,0.02574851463299711
2.696599999999993,0.025556618156967303
2.696799999999997,0.02536450404457375
2.6970000000000023,0.025172175101394564
2.697200000000006,0.02497963413615764
2.6974000000000027,0.024786883960695148
2.697600000000006,0.02459392738987446
2.6977999999999898,0.02440076724160407
2.6979999999999933,0.02420740633667987
2.698199999999999,0.02401384749885578
2.698399999999996,0.02382009355473062
2.698599999999999,0.023626147333679157
2.6988000000000048,0.02343201166784484
2.699000000000008,0.023237689392072748
2.699200000000005,0.0230431833438555
2.6994000000000087,0.02284849636326995
2.699599999999992,0.022653631292978343
2.6997999999999958,0.022458590978074424
2.6999999999999926,0.022263378266165482
2.700199999999996,0.022067996007213955
2.7004000000000015,0.021872447053544984
2.700600000000005,0.021676734259775916
2.700800000000002,0.0214808604827681
2.701000000000006,0.021284828581555726
2.701199999999989,0.021088641417354163
2.7013999999999943,0.02089230185339823
2.701599999999998,0.020695812755026046
2.701799999999995,0.020499176989542938
2.701999999999998,0.020302397426172937
2.702200000000004,0.02010547693603864
2.7024000000000075,0.0199084183920964
2.7026000000000043,0.01971122466908249
2.7028000000000083,0.019513898643444536
2.7029999999999914,0.01931644319334853
2.703199999999995,0.019118861198517755
2.703399999999992,0.0189211555403172
2.7035999999999953,0.018723329101594143
2.703800000000001,0.01852538476668377
2.704000000000004,0.01832732542134076
2.7042000000000015,0.018129153952684746
2.704400000000007,0.017930873249133547
2.7046000000000108,0.017732486200391112
2.7047999999999934,0.01753399569738294
2.704999999999997,0.017335404632131946
2.7051999999999943,0.01713671589783714
2.705399999999998,0.016937932388713106
2.705600000000003,0.016739056999994284
2.7058000000000066,0.016540092627865
2.706000000000004,0.016341042169409372
2.7062000000000075,0.016141908522541267
2.7063999999999906,0.01594269458600767
2.706599999999994,0.015743403259230817
2.7067999999999914,0.015544037442389934
2.7069999999999945,0.015344600036263414
2.7072000000000003,0.015145093942230077
2.707400000000006,0.014945522062201582
2.707600000000009,0.014745887298570114
2.7078000000000064,0.014546192554156942
2.70800000000001,0.014346440732144219
2.7081999999999926,0.014146634736076944
2.7083999999999966,0.013946777469702
2.7085999999999935,0.0137468718370561
2.708799999999997,0.01354692074229983
2.7090000000000027,0.013346927089726356
2.7092000000000063,0.013146893783690439
2.7094000000000036,0.01294682372855552
2.709600000000007,0.012746719828625292
2.7097999999999898,0.012546584988147275
2.7099999999999933,0.012346422111151873
2.7101999999999906,0.01214623410153767
2.710399999999996,0.01194602386290878
2.7105999999999995,0.011745794298587483
2.710800000000005,0.011545548311524292
2.7110000000000083,0.0113452888042678
2.7112000000000056,0.011145018678901792
2.711400000000009,0.010944740836979286
2.711599999999992,0.010744458179524182
2.7117999999999958,0.010544173606870447
2.711999999999993,0.010343890018749155
2.7121999999999966,0.010143610314125097
2.712400000000002,0.009943337391201927
2.7126000000000055,0.009743074147352192
2.7128000000000028,0.009542823479066315
2.7130000000000063,0.009342588281882261
2.713199999999989,0.009142371450389807
2.7133999999999947,0.008942175878067202
2.7135999999999982,0.008742004457369362
2.713799999999995,0.008541860079585108
2.7139999999999986,0.008341745634788166
2.7142000000000044,0.008141664011820043
2.714400000000008,0.007941618098219869
2.7146000000000052,0.007741610780171808
2.7148000000000083,0.007541644942437336
2.714999999999992,0.007341723468355666
2.715199999999995,0.007141849239690601
2.7153999999999923,0.0069420251367060745
2.715599999999996,0.0067422540380131036
2.7158000000000015,0.006542538820570586
2.716000000000005,0.006342882359616998
2.7162000000000024,0.006143287528618255
2.7164000000000055,0.005943757199199574
2.7166000000000112,0.005744294241124456
2.716799999999994,0.005544901522250129
2.7169999999999974,0.005345581908383254
2.7171999999999943,0.005146338263369153
2.7173999999999983,0.0049471734489269555
2.7176000000000036,0.004748090324658327
2.717800000000007,0.0045490917479738295
2.718000000000005,0.0043501805740439456
2.7182000000000084,0.004151359655731541
2.718399999999991,0.003952631843592956
2.718599999999994,0.0037539999857211072
2.718799999999992,0.0035554669278278243
2.718999999999995,0.003357035513089187
2.7192000000000007,0.003158708582143636
2.7194000000000043,0.002960488973028975
2.7196000000000096,0.002762379521120159
2.719800000000007,0.0025643830590999206
2.7200000000000104,0.0023665024168699686
2.720199999999993,0.0021687404215645
2.7203999999999966,0.0019710998973896275
2.720599999999994,0.0017735836657082095
2.7207999999999974,0.001576194544881366
2.7210000000000027,0.0013789353502733624
2.7212000000000067,0.0011818088941820321
2.721400000000004,0.000984817985791533
2.7216000000000076,0.0007879654311009728
2.7217999999999902,0.000591254032930642
2.7219999999999933,0.0003946865907646338
2.722199999999991,0.00019826590083295986
2.722399999999994,1.9947559593575664e-06
2.7226,-0.00019412405444109015
2.7228000000000057,-0.0003900877444251667
2.7230000000000087,-0.0005858935315728424
2.7232000000000065,-0.00078153863703714
2.72340000000001,-0.0009770202856087535
2.7235999999999922,-0.0011723357057152107
2.723799999999996,-0.001367482129576712
2.723999999999993,-0.0015624567931205213
2.724199999999997,-0.0017572569361380466
2.7244000000000024,-0.0019518798022786256
2.724600000000006,-0.0021463226391195004
2.724800000000003,-0.002340582698211878
2.7250000000000068,-0.002534657235149252
2.7251999999999894,-0.0027285435095619733
2.7253999999999925,-0.002922238785272069
2.7255999999999903,-0.003115740330211534
2.7257999999999956,-0.00330904541657436
2.725999999999999,-0.003502151320807227
2.726200000000005,-0.003695055323693818
2.7264000000000084,-0.003887754710382287
2.7266000000000057,-0.004080246770444153
2.726800000000009,-0.004272528797938356
2.7269999999999914,-0.004464598091406148
2.7271999999999954,-0.004656451954026995
2.7273999999999927,-0.004848087693530535
2.7275999999999962,-0.005039502622353902
2.7278000000000016,-0.005230694057634571
2.7280000000000055,-0.00542165932127674
2.728200000000003,-0.005612395739996971
2.7284000000000064,-0.005802900645391418
2.728599999999988,-0.005993171373929208
2.728799999999994,-0.006183205267108705
2.7289999999999974,-0.006372999671367991
2.7291999999999947,-0.00656255193822246
2.7293999999999983,-0.006751859424307206
2.729600000000004,-0.0069409194913938235
2.7298000000000076,-0.007129729506453882
2.730000000000005,-0.007318286841707326
2.7302000000000084,-0.007506588874684992
2.730399999999991,-0.007694632988224124
2.7305999999999946,-0.007882416570617189
2.730799999999992,-0.008069937015530274
2.7309999999999954,-0.008257191722152075
2.731200000000001,-0.008444178095188576
2.7314000000000047,-0.008630893544925128
2.731600000000002,-0.008817335487274279
2.7318000000000078,-0.009003501343839735
2.7320000000000113,-0.009189388541921858
2.732199999999993,-0.009374994514580175
2.7323999999999966,-0.009560316700746349
2.7325999999999944,-0.009745352545146007
2.732799999999998,-0.009930099498447717
2.733000000000003,-0.010114555017258211
2.7332000000000067,-0.010298716564183375
2.733400000000005,-0.010482581607873869
2.733600000000008,-0.010666147623083884
2.7337999999999902,-0.010849412090670656
2.7339999999999938,-0.011032372497736283
2.734199999999991,-0.011215026337545885
2.7343999999999946,-0.011397371109674578
2.7346000000000004,-0.011579404320000593
2.734800000000006,-0.011761123480767178
2.735000000000009,-0.011942526110625793
2.735200000000007,-0.012123609734681021
2.7354000000000105,-0.012304371884548478
2.7355999999999923,-0.012484810098351258
2.735799999999996,-0.01266492192086413
2.7359999999999935,-0.012844704903429744
2.736199999999997,-0.013024156604101542
2.736400000000003,-0.013203274587640151
2.7366000000000064,-0.013382056425569385
2.736800000000004,-0.013560499696221992
2.7370000000000076,-0.0137386019847963
2.7371999999999894,-0.013916360883351027
2.737399999999993,-0.014093773990947389
2.7375999999999903,-0.014270838913565323
2.737799999999994,-0.01444755326424632
2.7379999999999995,-0.014623914663085892
2.7382000000000053,-0.014799920737292846
2.738400000000009,-0.014975569121230619
2.738600000000006,-0.015150857456457962
2.73880000000001,-0.015325783391788248
2.7389999999999914,-0.015500344583280264
2.739199999999995,-0.015674538694381186
2.739399999999993,-0.01584836339584218
2.7395999999999967,-0.01602181636585575
2.739800000000002,-0.016194895290052046
2.7400000000000055,-0.016367597861553517
2.7402000000000033,-0.016539921781015602
2.7404000000000073,-0.016711864756681984
2.7405999999999886,-0.016883424504377506
2.740799999999992,-0.017054598747647493
2.740999999999998,-0.017225385217679405
2.741199999999995,-0.017395781653407636
2.7413999999999987,-0.01756578580156785
2.7416000000000045,-0.01773539541669951
2.741800000000008,-0.017904608261201903
2.7420000000000053,-0.018073422105375683
2.7422000000000093,-0.018241834727475394
2.742399999999991,-0.018409843913701488
2.7425999999999946,-0.018577447458335134
2.7427999999999924,-0.01874464316365733
2.742999999999996,-0.01891142884008044
2.7432000000000016,-0.01907780230614274
2.743400000000005,-0.019243761388558923
2.7436000000000025,-0.019409303922259903
2.7438000000000065,-0.019574427750445926
2.7440000000000118,-0.019739130724595298
2.744199999999993,-0.019903410704502283
2.744399999999997,-0.02006726555838975
2.7445999999999944,-0.020230693162827086
2.744799999999998,-0.020393691402863977
2.7450000000000037,-0.020556258172020475
2.745200000000007,-0.020718391372337733
2.745400000000005,-0.02088008891441664
2.745600000000009,-0.021041348717466594
2.7457999999999902,-0.021202168709297795
2.7459999999999942,-0.021362546826450095
2.7461999999999915,-0.021522481014110032
2.746399999999995,-0.021681969226241875
2.746600000000001,-0.021841009425576097
2.7468000000000043,-0.021999599583658835
2.74700000000001,-0.022157737680895902
2.7472000000000074,-0.022315421706568576
2.7474000000000114,-0.022472649658902825
2.7475999999999923,-0.022629419545048116
2.7477999999999962,-0.02278572938120854
2.747999999999994,-0.02294157719255829
2.7481999999999975,-0.02309696101336885
2.748400000000003,-0.02325187888699883
2.748600000000007,-0.023406328865941635
2.7488000000000046,-0.02356030901185787
2.7490000000000085,-0.023713817395624587
2.7491999999999894,-0.02386685209732374
2.7493999999999934,-0.024019411206365457
2.7495999999999907,-0.02417149282140689
2.7497999999999942,-0.02432309505047569
2.75,-0.024474216010957773
2.7502000000000058,-0.0246248538296454
2.7504000000000093,-0.024775006642767942
2.7506000000000066,-0.024924672596024277
2.7508000000000106,-0.025073849844628494
2.7509999999999915,-0.02522253655329828
2.7511999999999954,-0.025370730896375232
2.751399999999993,-0.025518431057744477
2.751599999999997,-0.025665635230953453
2.7518000000000025,-0.025812341619199628
2.7520000000000064,-0.025958548435376785
2.7522000000000038,-0.026104253902102418
2.7524000000000077,-0.026249456251764183
2.7525999999999886,-0.02639415372650635
2.7527999999999926,-0.02653834457834626
2.75299999999999,-0.026682027069094894
2.7531999999999957,-0.026825199470474844
2.753399999999999,-0.026967860064099482
2.753600000000005,-0.027110007141531337
2.7538000000000085,-0.027251639004295884
2.754000000000006,-0.02739275396391704
2.7542000000000098,-0.027533350341956725
2.7543999999999906,-0.02767342647000548
2.754599999999995,-0.02781298068979123
2.7547999999999924,-0.02795201135310248
2.7549999999999963,-0.028090516821900786
2.755200000000002,-0.0282284954683059
2.7554000000000056,-0.02836594567463685
2.7556000000000034,-0.02850286583343963
2.755800000000007,-0.028639254347525265
2.755999999999988,-0.028775109629958776
2.7561999999999935,-0.028910430104166496
2.756399999999997,-0.029045214203859686
2.756599999999995,-0.029179460373128806
2.7567999999999984,-0.029313167066463815
2.757000000000004,-0.029446332748760646
2.757200000000008,-0.029578955895356886
2.7574000000000054,-0.02971103499205816
2.757600000000009,-0.02984256853517527
2.7577999999999907,-0.02997355503151203
2.7579999999999942,-0.03010399299846405
2.7581999999999915,-0.030233880963949827
2.7583999999999955,-0.030363217466509697
2.7586000000000013,-0.03049200105529227
2.758800000000005,-0.03062023029009082
2.7590000000000026,-0.030747903741367506
2.7592000000000083,-0.030875019990288282
2.759400000000012,-0.031001577628720176
2.7595999999999927,-0.031127575259263747
2.7597999999999963,-0.03125301149532523
2.759999999999994,-0.03137788496105047
2.760199999999998,-0.031502194291420996
2.7604000000000033,-0.031625938132240204
2.7606000000000073,-0.03174911514016788
2.760800000000005,-0.03187172398274031
2.761000000000009,-0.03199376333840403
2.76119999999999,-0.03211523189650157
2.7613999999999934,-0.03223612835736423
2.761599999999991,-0.03235645143224309
2.7617999999999947,-0.032476199843399736
2.7620000000000005,-0.03259537232409301
2.762200000000006,-0.03271396761861104
2.7624000000000097,-0.032831984482289814
2.7626000000000075,-0.03294942168153397
2.762800000000011,-0.03306627799384519
2.762999999999992,-0.03318255220781154
2.7631999999999954,-0.03329824312319164
2.763399999999993,-0.03341334955084975
2.763599999999997,-0.0335278703128405
2.763800000000003,-0.03364180424239565
2.764000000000007,-0.033755150183952226
2.7642000000000047,-0.03386790699317054
2.764400000000008,-0.03398007353696218
2.764599999999989,-0.03409164869347607
2.7647999999999926,-0.03420263135218025
2.7649999999999904,-0.03431302041379727
2.765199999999994,-0.0344228147903849
2.7653999999999996,-0.03453201340532295
2.7656000000000054,-0.034640615193338914
2.765800000000009,-0.03474861910052453
2.7660000000000067,-0.034856024084351324
2.7662000000000107,-0.03496282911369569
2.766399999999991,-0.035069033168824856
2.7665999999999946,-0.03517463524147486
2.766799999999993,-0.03527963433478661
2.766999999999997,-0.035384029463381095
2.767200000000002,-0.03548781965334623
2.767400000000006,-0.035591003942260106
2.767600000000004,-0.03569358137920415
2.7678000000000074,-0.035795551024787334
2.7679999999999882,-0.03589691195113053
2.768199999999992,-0.03599766324193932
2.7683999999999975,-0.036097803992446144
2.7685999999999953,-0.03619733330946308
2.768799999999999,-0.03629625031140146
2.7690000000000046,-0.0363945541282643
2.7692000000000085,-0.03649224390166761
2.7694000000000063,-0.0365893187848531
2.76960000000001,-0.036685777942708546
2.7697999999999907,-0.03678162055175202
2.7699999999999942,-0.036876845800199426
2.770199999999992,-0.03697145288790452
2.770399999999996,-0.03706544102642575
2.7706000000000017,-0.03715880943900974
2.7708000000000053,-0.03725155736061022
2.771000000000003,-0.03734368403789925
2.771200000000007,-0.03743518872928391
2.7714000000000127,-0.03752607070490203
2.7715999999999927,-0.03761632924662959
2.7717999999999967,-0.03770596364813525
2.7719999999999945,-0.037794973214819075
2.772199999999998,-0.03788335726387688
2.7724000000000038,-0.03797111512428356
2.7726000000000077,-0.03805824613680762
2.7728000000000055,-0.03814474965402095
2.7730000000000095,-0.03823062504031407
2.77319999999999,-0.03831587167187876
2.7733999999999934,-0.03840048893676607
2.773599999999991,-0.03848447623483016
2.773799999999995,-0.03856783297778419
2.774000000000001,-0.038650558589183655
2.774200000000005,-0.038732652504440336
2.77440000000001,-0.03881411417083158
2.7746000000000084,-0.03889494304749872
2.774800000000012,-0.03897513860546664
2.774999999999992,-0.03905470032762469
2.775199999999996,-0.03913362770877923
2.7753999999999936,-0.03921192025559772
2.7755999999999976,-0.03928957748666125
2.775800000000003,-0.039366598932446664
2.7760000000000074,-0.039442984135338456
2.776200000000005,-0.03951873264963082
2.776400000000009,-0.039593844041540344
2.776599999999989,-0.039668317889187066
2.7767999999999926,-0.0397421537826426
2.776999999999991,-0.0398153513238769
2.7771999999999943,-0.03988791012680412
2.7774,-0.03995982981726604
2.777600000000006,-0.040031110033040225
2.7778000000000094,-0.04010175042384215
2.7780000000000076,-0.04017175065132735
2.778200000000011,-0.040241110389098
2.778399999999991,-0.04030982932268685
2.778599999999995,-0.04037790714959823
2.778799999999993,-0.04044534357925675
2.7789999999999973,-0.04051213833304903
2.7792000000000026,-0.04057829114430475
2.7794000000000065,-0.04064380175830331
2.7796000000000043,-0.04070866993227289
2.7798000000000083,-0.04077289543539727
2.7799999999999883,-0.04083647804879519
2.780199999999992,-0.040899417565559655
2.78039999999999,-0.04096171379070762
2.7805999999999953,-0.04102336654121607
2.7807999999999993,-0.04108437564600229
2.781000000000005,-0.04114474094593168
2.781200000000009,-0.04120446229381082
2.7814000000000068,-0.04126353955438769
2.7816000000000107,-0.041321972604354565
2.7817999999999903,-0.04137976133232745
2.7819999999999943,-0.04143690563888037
2.7821999999999925,-0.041493405436495635
2.7823999999999964,-0.041549260649595875
2.782600000000002,-0.04160447121452466
2.7828000000000057,-0.04165903707954665
2.783000000000004,-0.04171295820484487
2.7832000000000074,-0.04176623456251951
2.7833999999999874,-0.04181886613656958
2.783599999999993,-0.041870852922919574
2.7837999999999967,-0.041922194929373546
2.7839999999999945,-0.041972892175637086
2.7841999999999985,-0.04202294469330939
2.784400000000004,-0.04207235252587011
2.784600000000008,-0.042121115728676925
2.784800000000006,-0.04216923436896039
2.78500000000001,-0.04221670852582135
2.78519999999999,-0.04226353829021037
2.785399999999994,-0.04230972376494922
2.7855999999999916,-0.042355265064687966
2.7857999999999956,-0.04240016231592507
2.7860000000000014,-0.042444415656986874
2.7862000000000053,-0.04248802523802391
2.786400000000003,-0.04253099122100277
2.786600000000007,-0.04257331377970075
2.786800000000013,-0.04261499309969151
2.7869999999999924,-0.04265602937833477
2.787199999999996,-0.04269642282478795
2.787399999999994,-0.0427361736599651
2.7875999999999976,-0.04277528211655173
2.7878000000000034,-0.042813748438984695
2.7880000000000074,-0.042851572883444766
2.788200000000006,-0.04288875571784683
2.7884000000000095,-0.042925297221831776
2.788599999999989,-0.042961197686746895
2.788799999999993,-0.042996457415655526
2.788999999999991,-0.043031076723298395
2.789199999999995,-0.04306505593610378
2.7894000000000005,-0.043098395392165874
2.7896000000000045,-0.043131095441235716
2.78980000000001,-0.04316315644471073
2.790000000000008,-0.04319457877561893
2.790200000000012,-0.04322536281861212
2.790399999999991,-0.04325550896994316
2.790599999999995,-0.04328501763747179
2.7907999999999933,-0.043313889240627124
2.7909999999999973,-0.043342124210412836
2.791200000000003,-0.04336972298938496
2.791400000000007,-0.04339668603164048
2.791600000000005,-0.04342301380280289
2.7918000000000087,-0.04344870678001031
2.7919999999999883,-0.04347376545189309
2.7921999999999922,-0.04349819031857485
2.79239999999999,-0.043521981891637314
2.792599999999994,-0.04354514069412004
2.7927999999999997,-0.04356766726049802
2.7930000000000055,-0.04358956213666834
2.7932000000000095,-0.04361082587993356
2.793400000000007,-0.04363145905898577
2.793600000000011,-0.04365146225389192
2.7937999999999907,-0.04367083605607055
2.7939999999999943,-0.04368958106828816
2.794199999999993,-0.043707697904626364
2.794399999999997,-0.043725187190475044
2.794600000000002,-0.043742049562511154
2.794800000000006,-0.04375828566868105
2.7950000000000044,-0.04377389616818341
2.7952000000000083,-0.043788881731451484
2.7953999999999875,-0.04380324304013077
2.7955999999999914,-0.043816980787068756
2.795799999999997,-0.04383009567628552
2.795999999999995,-0.04384258842296066
2.796199999999999,-0.04385445975341407
2.7964000000000047,-0.04386571040508435
2.7966000000000086,-0.04387634112650975
2.7968000000000064,-0.043886352677307686
2.7970000000000104,-0.043895745828156404
2.79719999999999,-0.0439045213607708
2.797399999999994,-0.04391268006788752
2.797599999999992,-0.04392022275323651
2.797799999999996,-0.04392715023152628
2.798000000000002,-0.043933463328418854
2.798200000000006,-0.04393916288050967
2.7984000000000036,-0.043944249735305634
2.7986000000000075,-0.0439487247512027
2.7988000000000133,-0.04395258879746393
2.7989999999999924,-0.04395584275419648
2.7991999999999964,-0.04395848751233049
2.799399999999994,-0.043960523973593464
2.799599999999998,-0.043961953050489715
2.799800000000004,-0.043962775666275246
2.800000000000008,-0.04396299275493542
2.800200000000006,-0.04396260526116044
2.8004000000000104,-0.043961614140321535
2.8005999999999895,-0.04396002035844692
2.800799999999993,-0.043957824892196726
2.8009999999999913,-0.04395502872883955
2.8011999999999952,-0.043951632866226144
2.801400000000001,-0.0439476383127657
2.801600000000005,-0.043943046087399566
2.8018000000000027,-0.04393785721957656
2.8020000000000085,-0.04393207274922618
2.8022000000000125,-0.0439256937267338
2.8023999999999916,-0.04391872121291482
2.8025999999999955,-0.04391115627898524
2.8027999999999937,-0.04390300000653973
2.8029999999999977,-0.04389425348752143
2.803200000000003,-0.04388491782419674
2.8034000000000074,-0.04387499412912746
2.8036000000000056,-0.043864483525143674
2.8038000000000096,-0.043853387145315295
2.8039999999999887,-0.04384170613292698
2.8041999999999927,-0.04382944164144375
2.8043999999999905,-0.043816594834491907
2.8045999999999944,-0.04380316688582319
2.8048,-0.04378915897928991
2.805000000000006,-0.04377457230881508
2.80520000000001,-0.04375940807836323
2.8054000000000077,-0.04374366750191184
2.8056000000000116,-0.04372735180342028
2.8057999999999907,-0.04371046221680437
2.8059999999999947,-0.04369299998589741
2.806199999999993,-0.04367496636443298
2.806399999999997,-0.04365636261600424
2.8066000000000026,-0.04363719001403917
2.8068000000000066,-0.043617449841767526
2.807000000000005,-0.043597143392191465
2.807200000000009,-0.043576271968051854
2.807399999999988,-0.04355483688180354
2.8075999999999914,-0.04353283945557074
2.8077999999999896,-0.04351028102113282
2.8079999999999954,-0.04348716291987908
2.8081999999999994,-0.04346348650278402
2.808400000000005,-0.043439253130371495
2.808600000000009,-0.04341446417268448
2.8088000000000073,-0.04338912100925128
2.8090000000000113,-0.04336322502905172
2.80919999999999,-0.04333677763049126
2.809399999999994,-0.04330978022135119
2.8095999999999925,-0.04328223421877758
2.8097999999999965,-0.043254141049231296
2.8100000000000023,-0.043225502148461284
2.8102000000000062,-0.043196318961469624
2.810400000000004,-0.04316659294247752
2.810600000000008,-0.043136325554887306
2.810799999999987,-0.04310551827125878
2.810999999999993,-0.043074172573254646
2.811199999999997,-0.04304228995163019
2.8113999999999946,-0.04300987190618312
2.8115999999999985,-0.04297691994571941
2.8118000000000043,-0.04294343558802271
2.8120000000000083,-0.0429094203598172
2.8122000000000065,-0.04287487579673078
2.8124000000000104,-0.04283980344325772
2.8125999999999896,-0.04280420485273212
2.8127999999999935,-0.04276808158726994
2.8129999999999917,-0.04273143521776175
2.8131999999999957,-0.04269426732381368
2.8134000000000015,-0.04265657949372187
2.8136000000000054,-0.04261837332443202
2.8138000000000036,-0.04257965042150311
2.8140000000000076,-0.04254041239906643
2.814200000000013,-0.04250066087979521
2.814399999999992,-0.042460397494867526
2.814599999999996,-0.042419623883909297
2.8147999999999938,-0.04237834169498786
2.8149999999999977,-0.04233655258454879
2.8152000000000035,-0.04229425821739049
2.8154000000000075,-0.04225146026662125
2.815600000000006,-0.042208160413621965
2.81580000000001,-0.04216436034800344
2.8159999999999887,-0.042120061767580284
2.8161999999999927,-0.04207526637830438
2.816399999999991,-0.04202997589426237
2.816599999999995,-0.041984192037608004
2.8168000000000006,-0.041937916538536256
2.8170000000000046,-0.04189115113523973
2.8172000000000104,-0.04184389757386749
2.8174000000000086,-0.04179615760848984
2.8176000000000125,-0.04174793300104926
2.8177999999999908,-0.04169922552133722
2.817999999999995,-0.041650036946921806
2.8181999999999934,-0.04160036906314833
2.8183999999999974,-0.0415502236630676
2.818600000000003,-0.0414996025474089
2.818800000000007,-0.04144850752453584
2.8190000000000053,-0.04139694041040506
2.8192000000000093,-0.04134490302852068
2.819399999999988,-0.041292397209908044
2.819599999999992,-0.04123942479303966
2.81979999999999,-0.041185987623836
2.819999999999994,-0.0411320875555913
2.8202,-0.04107772644894676
2.8204000000000056,-0.04102290617184362
2.8206000000000095,-0.040967628599481255
2.8208000000000077,-0.040911895614275634
2.8210000000000117,-0.04085570910581171
2.8211999999999904,-0.04079907097081669
2.8213999999999944,-0.040741983113082414
2.8215999999999926,-0.0406844474434684
2.821799999999997,-0.04062646587982341
2.8220000000000023,-0.04056804034695918
2.8222000000000067,-0.04050917277660157
2.822400000000005,-0.040449865107348014
2.822600000000009,-0.040390119284619004
2.822799999999987,-0.040329937260631395
2.822999999999991,-0.04026932099431697
2.823199999999997,-0.04020827245132567
2.823399999999995,-0.040146793603954976
2.823599999999999,-0.04008488643110226
2.8238000000000048,-0.04002255291823292
2.8240000000000087,-0.03995979505733079
2.8242000000000074,-0.03989661484685263
2.824400000000011,-0.03983301429167982
2.8245999999999896,-0.039768995403090215
2.8247999999999935,-0.039704560198674556
2.824999999999992,-0.03963971070234296
2.825199999999996,-0.0395744489442404
2.825400000000002,-0.03950877696071924
2.825600000000006,-0.03944269679428924
2.825800000000004,-0.0393762104935716
2.826000000000008,-0.039309320113248114
2.8261999999999863,-0.03924202771403539
2.826399999999992,-0.03917433536259494
2.826599999999996,-0.03910624513154394
2.826799999999994,-0.03903775909937316
2.826999999999998,-0.03896887935040268
2.827200000000004,-0.038899607974747424
2.827400000000008,-0.03882994706826399
2.8276000000000066,-0.0387598987325051
2.827800000000011,-0.038689465074666876
2.8279999999999887,-0.038618648207563284
2.8281999999999927,-0.03854745024953313
2.8283999999999914,-0.03847587332445289
2.8285999999999953,-0.038403919561645454
2.828800000000001,-0.03833159109585211
2.829000000000005,-0.03825889006718058
2.8292000000000033,-0.03818581862105769
2.829400000000009,-0.038112378908175225
2.829600000000013,-0.0380385730844568
2.829799999999991,-0.03796440331100757
2.829999999999995,-0.03788987175403256
2.8301999999999934,-0.037814980584848015
2.830399999999998,-0.03773973197978594
2.830600000000003,-0.0376641281201688
2.830800000000007,-0.037588171192253765
2.831000000000006,-0.037511863387186116
2.83120000000001,-0.037435206900945275
2.831399999999988,-0.03735820393431673
2.831599999999992,-0.03728085669279617
2.8317999999999905,-0.03720316738660518
2.8319999999999945,-0.037125138230593685
2.8322000000000003,-0.03704677144421316
2.832400000000006,-0.0369680692514616
2.83260000000001,-0.03688903388083499
2.8328000000000086,-0.036809667565279376
2.833000000000012,-0.036729972542134975
2.8331999999999904,-0.036649951053109364
2.8333999999999944,-0.03656960534417884
2.8335999999999926,-0.036488937665605126
2.833799999999997,-0.036407950271835285
2.8340000000000027,-0.036326645421476345
2.834200000000007,-0.03624502537723814
2.8344000000000054,-0.036163092405885694
2.8346000000000093,-0.036080848778181684
2.834799999999987,-0.03599829676886115
2.834999999999991,-0.03591543865652942
2.8351999999999897,-0.035832276723681195
2.8353999999999955,-0.03574881325659819
2.8355999999999995,-0.03566505054532578
2.835800000000005,-0.03558099088360884
2.836000000000009,-0.0354966365688504
2.836200000000008,-0.03541198990205742
2.836400000000012,-0.03532705318778548
2.8365999999999896,-0.035241828734111816
2.8367999999999935,-0.035156318852531496
2.8369999999999926,-0.0350705258579784
2.8371999999999966,-0.034984452068721014
2.8374000000000024,-0.034898099806336055
2.8376000000000063,-0.03481147139565157
2.837800000000005,-0.03472456916469629
2.8380000000000085,-0.03463739544464343
2.8381999999999863,-0.03454995256978305
2.838399999999992,-0.03446224287741701
2.838599999999996,-0.034374268707881364
2.8387999999999947,-0.03428603240444755
2.8389999999999986,-0.034197536313276766
2.8392000000000044,-0.03410878278338124
2.8394000000000084,-0.03401977416656704
2.839600000000007,-0.03393051281738342
2.839800000000011,-0.03384100109306472
2.839999999999989,-0.03375124135350469
2.840199999999993,-0.03366123596114953
2.840399999999992,-0.033570987281020655
2.840599999999996,-0.033480497680607756
2.8408000000000015,-0.03338976952984259
2.8410000000000055,-0.033298805201041226
2.841200000000004,-0.03320760706885298
2.841400000000008,-0.03311617751020232
2.841600000000014,-0.033024518904250386
2.841799999999991,-0.03293263363234925
2.841999999999995,-0.03284052407793959
2.842199999999994,-0.03274819262657753
2.842399999999998,-0.032655641665824194
2.8426000000000036,-0.03256287358522011
2.8428000000000075,-0.03246989077622677
2.8430000000000066,-0.032376695632175614
2.8432000000000106,-0.032283290548209956
2.8433999999999884,-0.032189677921258444
2.8435999999999924,-0.032095860149926034
2.843799999999991,-0.03200183963451958
2.843999999999995,-0.03190761877693806
2.8442000000000007,-0.031813199980646634
2.8444000000000047,-0.03171858565061897
2.8446000000000105,-0.031623778193281424
2.844800000000009,-0.03152878001647099
2.845000000000013,-0.03143359352936778
2.8451999999999904,-0.031338221142473914
2.8453999999999944,-0.03124266526750042
2.845599999999993,-0.031146928317396752
2.8457999999999974,-0.031051012706237585
2.8460000000000027,-0.030954920849199524
2.8462000000000076,-0.030858655162499953
2.846400000000006,-0.030762218063348848
2.8466000000000102,-0.03066561196988623
2.8467999999999876,-0.030568839301161412
2.8469999999999915,-0.030471902477016796
2.84719999999999,-0.03037480391811983
2.847399999999994,-0.030277546045848952
2.8476,-0.030180131282269713
2.8478000000000057,-0.030082562050074813
2.8480000000000096,-0.02998484077253373
2.8482000000000083,-0.029886969873441204
2.8484000000000123,-0.029788951777058294
2.8485999999999896,-0.02969078890808815
2.8487999999999936,-0.029592483691561745
2.848999999999992,-0.029494038552869667
2.849199999999997,-0.029395455917647324
2.8494000000000024,-0.029296738211753277
2.849600000000007,-0.029197887861206757
2.8498000000000054,-0.029098907292140083
2.8500000000000094,-0.02899979893073698
2.8501999999999867,-0.028900565203210937
2.8503999999999907,-0.02880120853568923
2.8505999999999894,-0.02870173135424666
2.850799999999995,-0.028602136084789283
2.850999999999999,-0.028502425153035357
2.851200000000005,-0.028402600984447614
2.851400000000009,-0.028302666004191176
2.8516000000000075,-0.028202622637078557
2.8518000000000114,-0.028102473307511464
2.8519999999999888,-0.028002220439457378
2.8521999999999936,-0.02790186645633426
2.8523999999999923,-0.02780141378104611
2.8525999999999962,-0.027700864835865084
2.852800000000002,-0.027600222042410347
2.853000000000006,-0.02749948782158939
2.8532000000000046,-0.027398664593547117
2.8534000000000086,-0.027297754777607403
2.853599999999986,-0.02719676079225018
2.8537999999999917,-0.027095685054995725
2.8539999999999957,-0.026994529982440188
2.8541999999999943,-0.02689329799014817
2.8543999999999983,-0.026791991492608143
2.854600000000004,-0.02669061290319577
2.854800000000008,-0.026589164634116307
2.8550000000000066,-0.026487649096353424
2.8552000000000106,-0.026386068699611204
2.855399999999989,-0.02628442585229217
2.855599999999993,-0.026182722961383395
2.8557999999999915,-0.026080962432489602
2.8559999999999954,-0.025979146669719726
2.8562000000000007,-0.025877278075665144
2.856400000000005,-0.025775359051340326
2.856600000000004,-0.025673391996135768
2.8568000000000096,-0.025571379307756038
2.8570000000000135,-0.025469323382190687
2.857199999999991,-0.02536722661366047
2.857399999999995,-0.02526509139451951
2.857599999999994,-0.02516292011528825
2.8577999999999975,-0.0250607151645392
2.858000000000003,-0.02495847892887409
2.858200000000007,-0.024856213792868457
2.8584000000000063,-0.024753922139021264
2.8586000000000107,-0.02465160634769758
2.858799999999988,-0.024549268797108878
2.858999999999992,-0.024446911863196523
2.8591999999999906,-0.024344537919670565
2.859399999999995,-0.024242149337894342
2.8596000000000004,-0.024139748486865224
2.8598000000000057,-0.024037337733155147
2.86000000000001,-0.023934919440863366
2.8602000000000087,-0.023832495971569216
2.8604000000000127,-0.023730069684272912
2.86059999999999,-0.023627642935376714
2.860799999999995,-0.023525218078569846
2.8609999999999927,-0.023422797464869045
2.8611999999999975,-0.02332038344249963
2.861400000000003,-0.023217978356882114
2.8616000000000064,-0.02311558455057078
2.861800000000006,-0.023013204363207578
2.862000000000009,-0.022910840131468272
2.8621999999999876,-0.02280849418903775
2.862399999999991,-0.022706168866503566
2.8625999999999907,-0.02260386649138773
2.862799999999994,-0.022501589388039457
2.8630000000000004,-0.02239933987761003
2.8632000000000053,-0.02229712027800366
2.8634000000000084,-0.02219493290382425
2.863600000000008,-0.022092780066331086
2.8638000000000114,-0.02199066407338574
2.86399999999999,-0.021888587229427773
2.864199999999993,-0.02178655183536874
2.864399999999993,-0.021684560188624344
2.8645999999999967,-0.021582614583009835
2.8648000000000016,-0.021480717308715452
2.8650000000000064,-0.021378870652254117
2.865200000000004,-0.02127707689641798
2.865400000000009,-0.021175338320217528
2.8655999999999864,-0.021073657198870752
2.865799999999991,-0.0209720358036865
2.865999999999996,-0.02087047640210396
2.8661999999999956,-0.020768981257595437
2.8663999999999987,-0.0206675526296221
2.8666000000000036,-0.02056619277360082
2.8668000000000085,-0.020464903940853166
2.8670000000000067,-0.020363688378561628
2.8672000000000115,-0.0202625483297112
2.867399999999989,-0.020161486033077373
2.8675999999999937,-0.020060503723112053
2.867799999999992,-0.019959603629987655
2.8679999999999968,-0.01985878797948293
2.8682000000000016,-0.019758058992971377
2.8684000000000047,-0.01965741888736407
2.8686000000000043,-0.01955686987506653
2.8688000000000073,-0.0194564141639296
2.869000000000014,-0.019356053957212547
2.8691999999999913,-0.019255791453551326
2.869399999999996,-0.01915562884685264
2.869599999999994,-0.019055568326340106
2.8697999999999992,-0.018955612076439393
2.8700000000000037,-0.018855762276770684
2.8702000000000067,-0.01875602110208835
2.8704000000000067,-0.01865639072224227
2.8706000000000103,-0.018556873302128955
2.870799999999989,-0.018457471001669282
2.870999999999992,-0.01835818597570922
2.871199999999992,-0.01825902037405298
2.871399999999995,-0.018159976341364785
2.8715999999999995,-0.01806105601714658
2.871800000000005,-0.017962261535690215
2.872000000000009,-0.017863595026036034
2.872200000000009,-0.017765058611930253
2.8724000000000123,-0.017666654411775833
2.8725999999999914,-0.017568384538612855
2.8727999999999945,-0.017470251100021962
2.872999999999995,-0.017372256198155925
2.8731999999999975,-0.017274401929645192
2.873400000000002,-0.01717669038557436
2.8736000000000077,-0.017079123651437537
2.873800000000005,-0.016981703807101366
2.8740000000000103,-0.01688443292674614
2.874199999999987,-0.016787313078863116
2.8743999999999925,-0.01669034632614212
2.8745999999999903,-0.016593534725520994
2.8747999999999956,-0.016496880328074805
2.875,-0.016400385179011143
2.8752000000000044,-0.01630405131761401
2.8754000000000097,-0.016207880777207338
2.8756000000000075,-0.01611187558511953
2.875800000000013,-0.016016037762627455
2.8759999999999897,-0.015920369324952145
2.876199999999995,-0.015824872281150194
2.8763999999999923,-0.015729548634163208
2.8765999999999985,-0.015634400380707486
2.8768000000000025,-0.015539429511274763
2.877000000000005,-0.015444638010072495
2.8772000000000055,-0.015350027854992513
2.877400000000008,-0.015255601017568052
2.8775999999999877,-0.015161359462951805
2.8777999999999904,-0.015067305149829766
2.877999999999991,-0.01497344003044999
2.878199999999995,-0.014879766050535898
2.878400000000001,-0.014786285149267029
2.878600000000005,-0.014692999259237574
2.878800000000007,-0.014599910306416466
2.879000000000008,-0.014507020210111406
2.8792000000000106,-0.014414330882930104
2.87939999999999,-0.014321844230757486
2.8795999999999933,-0.014229562152672487
2.8797999999999937,-0.014137486540977667
2.8799999999999963,-0.014045619281114856
2.8802000000000003,-0.013953962251645191
2.880400000000006,-0.01386251732420964
2.8806000000000034,-0.013771286363498097
2.880800000000009,-0.013680271227196297
2.8809999999999856,-0.013589473765986976
2.881199999999993,-0.013498895823444757
2.8813999999999957,-0.013408539236088986
2.881599999999996,-0.01331840583328707
2.8817999999999984,-0.01322849743723625
2.8820000000000023,-0.013138815862930763
2.882200000000008,-0.013049362918125487
2.8824000000000054,-0.012960140403306026
2.882600000000011,-0.012871150111636864
2.882799999999988,-0.01278239382896405
2.8829999999999942,-0.012693873333713947
2.8831999999999915,-0.012605590396945043
2.8833999999999973,-0.012517546782246623
2.8836000000000013,-0.0124297442457416
2.8838000000000035,-0.012342184536036992
2.884000000000004,-0.012254869394194921
2.884200000000008,-0.012167800553697424
2.884400000000014,-0.012080979740418843
2.8845999999999905,-0.011994408672603454
2.8847999999999967,-0.011908089060780263
2.8849999999999936,-0.011822022607812892
2.8851999999999998,-0.011736211008800047
2.8854000000000033,-0.011650655951081612
2.8856000000000055,-0.011565359114188187
2.885800000000007,-0.011480322169815722
2.886000000000009,-0.011395546781792835
2.8861999999999894,-0.011311034606061244
2.8863999999999916,-0.011226787290606128
2.8865999999999925,-0.011142806475481545
2.8867999999999947,-0.011059093792741032
2.8869999999999982,-0.01097565086641904
2.887200000000006,-0.010892479312498586
2.887400000000008,-0.010809580738888314
2.8876000000000093,-0.01072695674537982
2.887800000000011,-0.010644608923627539
2.887999999999992,-0.010562538857125978
2.888199999999994,-0.010480748121145654
2.888399999999995,-0.010399238282756566
2.888599999999997,-0.010318010900762856
2.8888000000000007,-0.010237067525685418
2.8890000000000073,-0.010156409699731524
2.889200000000004,-0.010076038956773774
2.8894000000000104,-0.009995956822302993
2.889599999999987,-0.009916164813437038
2.889799999999993,-0.009836664438829901
2.88999999999999,-0.00975745719872382
2.890199999999996,-0.009678544584859481
2.8903999999999996,-0.009599928080484033
2.890600000000003,-0.009521609160306733
2.8908000000000094,-0.009443589290478175
2.8910000000000062,-0.009365869928569269
2.891200000000013,-0.009288452523528095
2.8913999999999893,-0.00921133851568811
2.8915999999999955,-0.009134529336681577
2.8917999999999924,-0.009058026409490844
2.891999999999999,-0.008981831148362034
2.8922000000000025,-0.008905944958815106
2.892400000000004,-0.008830369237601183
2.8926000000000056,-0.00875510537268269
2.8928000000000074,-0.0086801547432106
2.8929999999999882,-0.008605518719506648
2.89319999999999,-0.00853119866300861
2.893399999999998,-0.008457195926290541
2.893599999999995,-0.008383511853019405
2.8938000000000015,-0.008310147777916402
2.8940000000000046,-0.0082371050267607
2.8942000000000063,-0.008164384916348015
2.8944000000000076,-0.008091988754474273
2.8946000000000094,-0.008019917839912346
2.894799999999991,-0.007948173462397769
2.8949999999999925,-0.007876756902577244
2.8951999999999942,-0.007805669432029282
2.895399999999996,-0.007734912313215003
2.895599999999999,-0.007664486799462786
2.8958000000000057,-0.007594394134947023
2.896000000000002,-0.007524635554673573
2.896200000000009,-0.007455212284440765
2.8964000000000123,-0.007386125540843863
2.896599999999993,-0.0073173765312429355
2.896799999999995,-0.007248966453720945
2.8969999999999967,-0.007180896497106865
2.897199999999998,-0.007113167840926662
2.897400000000001,-0.007045781655390354
2.897600000000008,-0.006978739101373543
2.897800000000004,-0.006912041330404246
2.8980000000000117,-0.006845689484625456
2.8981999999999877,-0.006779684696811415
2.8983999999999948,-0.006714028090292295
2.8985999999999907,-0.006648720779005468
2.898799999999998,-0.006583763867422116
2.899000000000001,-0.0065191584505627925
2.899200000000002,-0.006454905613962305
2.8994000000000106,-0.006391006433655776
2.899600000000007,-0.006327461976172833
2.899800000000014,-0.006264273298498494
2.8999999999999897,-0.006201441448090823
2.9001999999999972,-0.00613896746281032
2.900399999999993,-0.006076852370971046
2.9006000000000003,-0.006015097191270299
2.900800000000003,-0.005953702932805664
2.9010000000000047,-0.0058926705950418
2.901200000000007,-0.00583200116780172
2.9014000000000078,-0.005771695631252214
2.90159999999999,-0.005711754955892909
2.9017999999999913,-0.005652180102520377
2.901999999999993,-0.005592972022247705
2.9021999999999943,-0.005534131656467611
2.9023999999999965,-0.005475659936843978
2.902600000000006,-0.005417557785296925
2.9028000000000067,-0.005359826113997497
2.903000000000009,-0.005302465825341
2.90320000000001,-0.005245477811944579
2.9033999999999924,-0.005188862956635912
2.9035999999999937,-0.0051326221324201095
2.9037999999999955,-0.005076756202499574
2.9039999999999973,-0.00502126602024108
2.9041999999999994,-0.004966152429168549
2.904400000000007,-0.004911416262950788
2.904600000000003,-0.004857058345397278
2.9048000000000105,-0.004803079490430497
2.904999999999986,-0.004749480502103717
2.9051999999999936,-0.004696262174543862
2.9053999999999895,-0.0046434252919984945
2.9055999999999984,-0.0045909706287791605
2.9057999999999997,-0.004538898949280997
2.9060000000000015,-0.0044872110079545585
2.906200000000009,-0.004435907549303397
2.906400000000005,-0.004384989307881424
2.9066000000000125,-0.004334457008266245
2.9067999999999885,-0.004284311365078973
2.906999999999996,-0.004234553082931528
2.907199999999992,-0.004185182856471657
2.9073999999999995,-0.004136201370332097
2.907600000000002,-0.004087609299149083
2.9078000000000026,-0.004039407307539961
2.9080000000000057,-0.003991596050100316
2.908200000000006,-0.0039441761714001655
2.9083999999999883,-0.0038971483059762058
2.908599999999991,-0.0038505130783111317
2.9087999999999985,-0.0038042711028518986
2.9089999999999945,-0.003758422983991379
2.909200000000002,-0.003712969316053069
2.909400000000004,-0.003667910683303851
2.909600000000005,-0.0036232476599344678
2.9098000000000077,-0.003578980810059137
2.910000000000008,-0.003535110687712558
2.9101999999999917,-0.003491637836845033
2.910399999999992,-0.003448562791306009
2.9105999999999947,-0.0034058860748601393
2.9107999999999956,-0.003363608201171032
2.910999999999998,-0.0033217296737976312
2.9112000000000053,-0.0032802509861926017
2.911400000000001,-0.003239172621703156
2.911600000000009,-0.003198495053555
2.911800000000011,-0.003158218744867089
2.9119999999999937,-0.0031183441486389643
2.912199999999994,-0.0030788717077394473
2.912399999999997,-0.003039801854924841
2.912599999999998,-0.0030011350128247814
2.9128,-0.0029628715939409057
2.9130000000000074,-0.002925012000646491
2.9132000000000033,-0.002887556625189972
2.9134000000000118,-0.0028505058496821715
2.9135999999999873,-0.0028138600461155676
2.9137999999999953,-0.0027776195763311758
2.913999999999991,-0.002741784792058558
2.9141999999999983,-0.002706356034883048
2.9144000000000005,-0.002671333636265868
2.914600000000001,-0.002636717917533643
2.9148000000000103,-0.0026025091898813184
2.9150000000000063,-0.0025687077543799577
2.915200000000014,-0.0025353139019642715
2.9153999999999893,-0.002502327913453447
2.9155999999999977,-0.0024697500595231743
2.915799999999993,-0.0024375806007441124
2.9160000000000013,-0.002405819787553321
2.9162000000000035,-0.0023744678602758834
2.9164000000000034,-0.002343525049116845
2.9166000000000065,-0.002312991574166756
2.916800000000007,-0.002282867645407142
2.9169999999999905,-0.0022531534627127335
2.9171999999999905,-0.002223849215847149
2.9173999999999936,-0.0021949550844803725
2.917599999999994,-0.0021664712381843747
2.917800000000004,-0.002138397836436122
2.9180000000000055,-0.002110735028628921
2.9182000000000055,-0.0020834829540686724
2.918400000000009,-0.00205664174198324
2.9186000000000094,-0.0020302115115281953
2.9187999999999925,-0.002004192371791856
2.918999999999993,-0.0019785844217934424
2.9191999999999965,-0.001953387750501707
2.919399999999997,-0.0019286024368331822
2.919599999999998,-0.0019042285496584377
2.9198000000000066,-0.0018802661478094333
2.920000000000002,-0.001856715280089797
2.92020000000001,-0.0018335759852729921
2.9203999999999857,-0.0018108482921231212
2.9205999999999936,-0.0017885322193815535
2.9207999999999954,-0.0017666277757989943
2.920999999999999,-0.0017451349601260782
2.9211999999999994,-0.0017240537611282261
2.9214,-0.0017033841575914734
2.921600000000009,-0.0016831261183319068
2.9218000000000037,-0.0016632796022072356
2.922000000000012,-0.0016438445581182307
2.9221999999999877,-0.0016248209250297636
2.922399999999997,-0.0016062086319627161
2.9225999999999916,-0.0015880075980246287
2.9228,-0.0015702177324022036
2.923000000000002,-0.0015528389343826277
2.9232000000000014,-0.0015358710933572398
2.9234000000000053,-0.0015193140888343712
2.9236000000000053,-0.0015031677904510723
2.923800000000015,-0.0014874320579818107
2.9239999999999906,-0.0014721067413553841
2.924199999999999,-0.00145719168065327
2.924399999999994,-0.0014426867061391527
2.9246000000000025,-0.001428591638255955
2.924800000000004,-0.0014149062876473405
2.925000000000004,-0.0014016304551643932
2.9252000000000073,-0.0013887639318806017
2.9254000000000078,-0.0013763064991048589
2.9255999999999918,-0.0013642579283941712
2.9257999999999917,-0.0013526179815639208
2.9259999999999953,-0.0013413864107068192
2.9261999999999952,-0.0013305629582031735
2.9263999999999966,-0.0013201473567348992
2.926600000000005,-0.0013101393292998496
2.9268,-0.0013005385892276428
2.9270000000000103,-0.0012913448401906669
2.92720000000001,-0.0012825577762233323
2.9273999999999942,-0.0012741770817341208
2.9275999999999938,-0.0012662024315197307
2.9277999999999977,-0.0012586334907840648
2.9279999999999977,-0.0012514699151517199
2.9281999999999986,-0.001244711350683686
2.928400000000008,-0.0012383574338936838
2.9286000000000025,-0.0012324077917655156
2.9288000000000114,-0.0012268620417669254
2.9289999999999865,-0.0012217197918703224
2.9291999999999954,-0.0012169806405639277
2.92939999999999,-0.001212644176875454
2.929599999999999,-0.0012087099803844426
2.9298,-0.0012051776212426805
2.9300000000000015,-0.0012020466601902237
2.9302000000000104,-0.0011993166485742973
2.930400000000005,-0.0011969871283672266
2.9306000000000134,-0.0011950576321848039
2.930799999999989,-0.0011935276833050928
2.9309999999999983,-0.0011923967956864595
2.9311999999999925,-0.0011916644739878232
2.931400000000002,-0.001191330213586913
2.9316000000000026,-0.001191393500600213
2.9318000000000026,-0.0011918538119021736
2.9320000000000066,-0.0011927106151456007
2.932200000000006,-0.001193963368781005
2.9323999999999906,-0.0011956115220772383
2.93259999999999,-0.0011976545151424801
2.932799999999994,-0.001200091778943941
2.9329999999999954,-0.001202922735329185
2.9332000000000042,-0.0012061467970472736
2.933400000000005,-0.001209763367769623
2.9336000000000046,-0.0012137718421121185
2.9338000000000086,-0.0012181716056565706
2.934000000000008,-0.0012229620349718355
2.9341999999999926,-0.0012281424976368222
2.934399999999992,-0.0012337123522631437
2.934599999999997,-0.0012396709485162118
2.9347999999999965,-0.001246017627138385
2.934999999999997,-0.0012527517199724496
2.9352000000000062,-0.0012598725499845878
2.935400000000001,-0.00126737943128594
2.9356000000000098,-0.0012752716691596944
2.935799999999985,-0.0012835485600791
2.9359999999999955,-0.0012922093917398687
2.936199999999995,-0.0013012534430738645
2.9363999999999995,-0.0013106799842815889
2.9365999999999985,-0.0013204882768519804
2.9368,-0.0013306775735895948
2.9370000000000087,-0.001341247118638221
2.9372000000000034,-0.0013521961475048139
2.9374000000000127,-0.0013635238870884185
2.9375999999999873,-0.0013752295556987322
2.937799999999997,-0.001387312363093026
2.9379999999999913,-0.0013997715104875318
2.938200000000001,-0.001412606190595838
2.9384000000000015,-0.0014258155876461127
2.9386000000000005,-0.001439398877413768
2.938800000000005,-0.0014533552272446293
2.939000000000004,-0.0014676837960818992
2.939200000000015,-0.0014823837344949825
2.9393999999999902,-0.001497454184700233
2.9395999999999995,-0.0015128942806020597
2.9397999999999938,-0.0015287031478020963
2.940000000000003,-0.0015448799036421532
2.9402000000000035,-0.0015614236572213877
2.940400000000003,-0.0015783335094313941
2.940600000000008,-0.0015956085529812147
2.9408000000000065,-0.001613247872424877
2.940999999999992,-0.0016312505441910471
2.9411999999999914,-0.0016496156366150629
2.9413999999999962,-0.0016683422099609338
2.941599999999995,-0.0016874293164536244
2.9417999999999953,-0.0017068760003102687
2.9420000000000046,-0.0017266812977675995
2.9422000000000055,-0.0017468442371091492
2.94240000000001,-0.0017673638387003011
2.942600000000009,-0.0017882391150131315
2.9427999999999943,-0.0018094690706584489
2.9429999999999934,-0.0018310527024200697
2.9431999999999983,-0.0018529889992775113
2.9433999999999974,-0.0018752769424399095
2.943599999999998,-0.0018979155053789852
2.9438000000000075,-0.0019209036538580943
2.9440000000000017,-0.0019442403459599134
2.944200000000011,-0.0019679245321270744
2.944399999999986,-0.001991955155177985
2.944599999999996,-0.002016331150362219
2.9447999999999896,-0.0020410514453631234
2.9449999999999994,-0.002066114960354845
2.9452,-0.002091520608016543
2.9454000000000002,-0.0021172672935763012
2.94560000000001,-0.0021433539148393403
2.9458000000000037,-0.002169779362215775
2.9460000000000135,-0.0021965425187650475
2.9461999999999886,-0.0022236422602108057
2.946399999999998,-0.0022510774550004962
2.946599999999992,-0.0022788469643066356
2.9468000000000023,-0.002306949642087105
2.9470000000000023,-0.002335384335099517
2.9472000000000014,-0.0023641498829476623
2.9474000000000062,-0.0023932451181102633
2.947600000000005,-0.002422668865972071
2.9477999999999906,-0.002452419944861662
2.9479999999999897,-0.0024824971660897845
2.948200000000001,-0.0025128993339744894
2.948399999999995,-0.0025436252458758656
2.9486000000000048,-0.0025746736922436994
2.9488000000000048,-0.002606043456634389
2.9490000000000034,-0.0026377333157600914
2.9492000000000087,-0.0026697420395181345
2.9494000000000073,-0.0027020683910230665
2.949599999999993,-0.0027347111266465933
2.949799999999992,-0.002767668996056946
2.9499999999999975,-0.0028009407422444448
2.950199999999996,-0.0028345251015609516
2.9503999999999957,-0.002868420803760395
2.950600000000006,-0.002902626572032257
2.9507999999999996,-0.0029371411230304095
2.95100000000001,-0.002971963166926484
2.9511999999999845,-0.0030070914074209233
2.951399999999996,-0.0030425245418166935
2.9515999999999947,-0.0030782612610118845
2.9518,-0.003114300249570972
2.951999999999998,-0.003150640185743469
2.952199999999998,-0.0031872797415106492
2.9524000000000084,-0.003224217582619277
2.952600000000002,-0.0032614523686120174
2.9528000000000127,-0.00329898275288297
2.952999999999987,-0.003336807382687528
2.953199999999997,-0.003374924899220356
2.953399999999991,-0.003413333937605817
2.953600000000001,-0.0034520331269758224
2.9538000000000006,-0.003491021090480304
2.9539999999999993,-0.003530296445343844
2.9542000000000046,-0.0035698578028966477
2.954400000000005,-0.0036097037686098274
2.954600000000015,-0.003649832942142786
2.9547999999999894,-0.0036902439173643366
2.9549999999999996,-0.0037309352824281307
2.9551999999999934,-0.003771905619761814
2.9554000000000036,-0.0038131535061494658
2.955600000000003,-0.0038546775127403995
2.9558000000000018,-0.003896476205108655
2.9560000000000075,-0.003938548143284645
2.9562000000000057,-0.003980891881789756
2.9563999999999924,-0.004023505969683521
2.9565999999999906,-0.004066388950606441
2.9567999999999963,-0.00410953936280847
2.9569999999999945,-0.004152955739192429
2.957199999999994,-0.004196636607361373
2.957400000000006,-0.004240580489654113
2.9576000000000042,-0.004284785903177161
2.95780000000001,-0.004329251359863125
2.958000000000008,-0.004373975366493178
2.958199999999995,-0.004418956424747773
2.958399999999993,-0.004464193031251246
2.958599999999999,-0.004509683677600098
2.9587999999999965,-0.00455542685040751
2.958999999999997,-0.004601421031352759
2.959200000000007,-0.004647664697215705
2.9594000000000005,-0.0046941563199105855
2.959600000000011,-0.004740894366549488
2.9597999999999853,-0.004787877299448979
2.959999999999996,-0.004835103576221557
2.9601999999999893,-0.004882571649758118
2.9604000000000017,-0.004930279968319691
2.9605999999999995,-0.004978226975542604
2.960799999999999,-0.005026411110507639
2.9610000000000096,-0.005074830807768639
2.961200000000003,-0.005123484497387372
2.9614000000000136,-0.005172370604999428
2.9615999999999882,-0.005221487551819955
2.9617999999999984,-0.005270833754737827
2.9619999999999918,-0.005320407626296736
2.962200000000003,-0.005370207574789725
2.962400000000002,-0.005420232004263788
2.9626,-0.00547047931458907
2.9628000000000063,-0.00552094790149019
2.963000000000004,-0.005571636156583414
2.963199999999991,-0.005622542467429409
2.9633999999999903,-0.0056736652175784115
2.9636000000000013,-0.005725002786601513
2.9637999999999947,-0.005776553550131444
2.9640000000000053,-0.00582831587992989
2.9642000000000044,-0.00588028814389769
2.964400000000002,-0.005932468706144202
2.964600000000009,-0.005984855927020888
2.964800000000006,-0.006037448163156951
2.964999999999994,-0.006090243767514623
2.9651999999999914,-0.006143241089433475
2.965399999999998,-0.006196438474663328
2.965599999999996,-0.0062498342654082675
2.965799999999995,-0.006303426800382619
2.9660000000000055,-0.006357214414847032
2.966199999999999,-0.006411195440641643
2.9664000000000095,-0.006465368206257753
2.966600000000009,-0.006519731036847075
2.9667999999999966,-0.006574282254290437
2.966999999999994,-0.006629020177240558
2.9672000000000005,-0.00668394312115355
2.967399999999998,-0.006739049398334349
2.967599999999997,-0.0067943373179934555
2.967800000000008,-0.006849805186283354
2.9680000000000013,-0.0069054513063316475
2.9682000000000124,-0.006961273978314378
2.9683999999999866,-0.0070172714994571166
2.9685999999999977,-0.007073442164140298
2.968799999999991,-0.007129784263872171
2.9690000000000016,-0.00718629608739392
2.9692000000000003,-0.00724297592068111
2.9693999999999985,-0.007299822047017453
2.969600000000011,-0.007356832747029422
2.9698000000000038,-0.007414006298715782
2.970000000000015,-0.007471340977526136
2.9701999999999886,-0.00752883505635912
2.9704,-0.007586486805670992
2.970599999999993,-0.007644294493444916
2.970800000000004,-0.007702256385300893
2.9710000000000027,-0.007760370744493698
2.971200000000001,-0.007818635831989763
2.971400000000007,-0.00787704990649929
2.971600000000005,-0.007935611224513625
2.971799999999993,-0.007994318040363144
2.97199999999999,-0.008053168606262984
2.9721999999999964,-0.008112161172346869
2.972399999999994,-0.008171293986712364
2.972600000000007,-0.00823056529548348
2.9728000000000057,-0.008289973342827408
2.9730000000000034,-0.00834951637102864
2.9732000000000096,-0.008409192620519472
2.973400000000007,-0.008469000329918916
2.9735999999999954,-0.008528937736090928
2.9737999999999927,-0.008589003074189357
2.9739999999999993,-0.008649194577693003
2.974199999999997,-0.008709510478449964
2.9743999999999957,-0.008769949006737533
2.974600000000007,-0.00883050839129874
2.9747999999999997,-0.008891186859374917
2.975000000000011,-0.008951982636783738
2.975199999999985,-0.009012893947916052
2.9753999999999965,-0.009073919015849214
2.975599999999989,-0.009135056062312158
2.975800000000002,-0.009196303307800566
2.975999999999999,-0.009257658971568838
2.9761999999999977,-0.009319121271715875
2.9764000000000093,-0.009380688425211458
2.976600000000002,-0.009442358647930582
2.976800000000013,-0.00950413015473275
2.9769999999999874,-0.009566001159457705
2.977199999999999,-0.009627969875039642
2.9773999999999914,-0.00969003451347136
2.9776000000000034,-0.009752193285919902
2.977800000000002,-0.009814444402719998
2.977999999999999,-0.00987678607345549
2.978200000000006,-0.009939216506990669
2.978400000000003,-0.01000173391150545
2.9785999999999913,-0.01006433649455761
2.97879999999999,-0.010127022463126429
2.979000000000002,-0.010189790023647862
2.979199999999994,-0.010252637382052666
2.9794000000000054,-0.010315562743846658
2.979600000000004,-0.0103785643141098
2.9798000000000013,-0.010441640297578117
2.9800000000000084,-0.01050478889867481
2.9802000000000053,-0.01056800832154563
2.980399999999994,-0.010631296770120958
2.980599999999991,-0.010694652448157965
2.980799999999998,-0.010758073559277506
2.9809999999999954,-0.010821558307005881
2.9811999999999936,-0.010885104894836978
2.981400000000005,-0.010948711526268026
2.9815999999999976,-0.011012376404829629
2.9818000000000113,-0.011076097734168212
2.982000000000008,-0.011139873718043095
2.982199999999996,-0.011203702560410502
2.9823999999999935,-0.011267582465457397
2.9826000000000006,-0.01133151163763729
2.9827999999999975,-0.011395488281713974
2.982999999999996,-0.011459510602823509
2.9832000000000076,-0.011523576806507917
2.9834000000000005,-0.011587685098746872
2.9836000000000125,-0.011651833686037817
2.9837999999999862,-0.011716020775388542
2.983999999999998,-0.011780244574434596
2.9841999999999897,-0.011844503291397648
2.984400000000002,-0.01190879513520569
2.9846,-0.011973118315480601
2.984799999999999,-0.012037471042623565
2.9850000000000105,-0.012101851527841774
2.9852000000000025,-0.012166257983180027
2.9854000000000145,-0.012230688621602193
2.9855999999999883,-0.012295141656980629
2.9858000000000002,-0.012359615304215862
2.9859999999999927,-0.012424107779193186
2.9862000000000046,-0.012488617298902018
2.9864000000000033,-0.012553142081425012
2.9865999999999997,-0.012617680346019722
2.9868000000000072,-0.012682230313148905
2.987000000000004,-0.01274679020451239
2.9871999999999925,-0.012811358243110096
2.9873999999999894,-0.01287593265328238
2.987599999999997,-0.012940511660744926
2.987799999999994,-0.013005093492628923
2.988000000000007,-0.013069676377548148
2.9882000000000053,-0.013134258545607971
2.988400000000002,-0.013198838228482345
2.9886000000000097,-0.013263413659441867
2.988800000000006,-0.013327983073386961
2.9889999999999954,-0.013392544706910214
2.989199999999992,-0.013457096798334778
2.9894,-0.013521637587750941
2.9895999999999967,-0.01358616531705345
2.9897999999999945,-0.013650678230004702
2.990000000000007,-0.01371517457226687
2.990199999999999,-0.013779652591428673
2.990400000000011,-0.013844110537087943
2.9905999999999846,-0.013908546660838354
2.9907999999999966,-0.013972959216387474
2.9909999999999948,-0.014037346459514266
2.9912000000000023,-0.014101706648177056
2.9913999999999987,-0.014166038042518168
2.9915999999999965,-0.014230338904930435
2.991800000000009,-0.014294607500089426
2.992000000000001,-0.014358842094979542
2.9922000000000133,-0.014423040958976369
2.992399999999987,-0.014487202363831983
2.9925999999999995,-0.01455132458379281
2.9927999999999915,-0.014615405895553664
2.993000000000004,-0.014679444578376152
2.9932000000000016,-0.014743438914072825
2.9933999999999976,-0.014807387187089176
2.9936000000000056,-0.014871287684530023
2.993800000000002,-0.014935138696188469
2.9940000000000158,-0.014998938514616134
2.9941999999999895,-0.01506268543511986
2.994400000000002,-0.015126377755873874
2.9945999999999935,-0.015190013777873438
2.9948000000000063,-0.015253591805052227
2.9950000000000037,-0.015317110144265508
2.9952,-0.015380567105372688
2.995400000000008,-0.015443961001260588
2.995600000000005,-0.015507290147873803
2.9957999999999942,-0.015570552864274334
2.9959999999999907,-0.015633747472677716
2.9961999999999986,-0.015696872298485667
2.996399999999995,-0.015759925670321646
2.9965999999999924,-0.015822905920090294
2.9968000000000052,-0.015885811383007046
2.9970000000000026,-0.015948640397622817
2.997200000000011,-0.016011391305896395
2.997400000000007,-0.01607406245320001
2.9975999999999967,-0.016136652188384042
2.997799999999993,-0.016199158863809522
2.998000000000001,-0.016261580835382122
2.998199999999997,-0.016323916462585495
2.998399999999995,-0.016386164108541063
2.998600000000008,-0.016448322140034492
2.9987999999999992,-0.016510388927539785
2.999000000000012,-0.016572362845298186
2.999199999999986,-0.016634242271299872
2.9993999999999983,-0.016696025587397387
2.9995999999999894,-0.016757711179258682
2.9998000000000022,-0.016819297436479873
3.0,-0.01688078275256667
3.0001999999999978,-0.0169421655250135
3.00040000000001,-0.017003444155324975
3.0006000000000017,-0.017064617049038642
3.000800000000014,-0.01712568261580145
3.000999999999988,-0.01718663926935288
3.0012000000000003,-0.017247485427635215
3.0013999999999923,-0.01730821951274726
3.001600000000005,-0.017368839951053892
3.001800000000003,-0.01742934517316891
3.001999999999999,-0.017489733614030376
3.002200000000007,-0.0175500037129228
3.002400000000003,-0.01761015391350213
3.002599999999993,-0.01767018266385298
3.002799999999989,-0.017730088416517097
3.0029999999999974,-0.017789869628527317
3.0031999999999948,-0.017849524761435222
3.0034000000000076,-0.017909052281372084
3.003600000000005,-0.01796845065905191
3.003800000000001,-0.018027718369838148
3.0040000000000093,-0.018086853893765808
3.0042000000000053,-0.018145855715565217
3.0043999999999955,-0.018204722324718644
3.0045999999999915,-0.01826345221548727
3.0048,-0.018322043886943258
3.004999999999996,-0.018380495842997256
3.005199999999993,-0.018438806592453654
3.0054000000000065,-0.018496974649033656
3.0055999999999976,-0.018554998531395087
3.005800000000011,-0.018612876763205045
3.0059999999999842,-0.018670607873120134
3.0061999999999984,-0.01872819039489226
3.006399999999994,-0.018785622867320884
3.0066000000000024,-0.01884290383435334
3.0067999999999984,-0.018900031845076166
3.0069999999999957,-0.018957005453776078
3.007200000000009,-0.01901382321996202
3.0074,-0.01907048370838341
3.007600000000013,-0.01912698548910152
3.0077999999999867,-0.01918332713746906
3.008,-0.019239507234232397
3.0081999999999907,-0.0192955243654847
3.0084000000000044,-0.019351377122768364
3.0086000000000013,-0.019407064103053335
3.0087999999999973,-0.01946258390880856
3.0090000000000057,-0.019517935148017432
3.0092000000000025,-0.01957311643420038
3.009400000000016,-0.01962812638647094
3.009599999999989,-0.019682963629529683
3.009800000000002,-0.019737626793756288
3.009999999999993,-0.019792114515164563
3.0102000000000064,-0.019846425435500845
3.0104000000000033,-0.01990055820222365
3.0105999999999993,-0.01995451146857178
3.0108000000000077,-0.02000828389357901
3.0110000000000037,-0.020061874142095367
3.0111999999999943,-0.020115280884835645
3.0113999999999903,-0.02016850279840223
3.0115999999999987,-0.020221538565313113
3.0117999999999947,-0.020274386874023494
3.0119999999999916,-0.02032704641897435
3.012200000000006,-0.020379515900612807
3.0124000000000013,-0.020431794025405743
3.0126000000000106,-0.02048387950590196
3.0128000000000057,-0.02053577106072605
3.0129999999999972,-0.020587467414633832
3.0131999999999923,-0.020638967298529164
3.0134000000000016,-0.020690269449494775
3.0135999999999967,-0.020741372610809036
3.0137999999999945,-0.020792275531995995
3.0140000000000073,-0.020842976968840132
3.0141999999999984,-0.020893475683402937
3.0144000000000117,-0.020943770444083236
3.014599999999985,-0.02099386002559718
3.0147999999999984,-0.021043743209068454
3.01499999999999,-0.02109341878198295
3.0152000000000028,-0.021142885538278425
3.0154,-0.021192142278324215
3.0155999999999965,-0.021241187808980624
3.01580000000001,-0.02129002094361333
3.016000000000001,-0.02133864050210463
3.0162000000000146,-0.021387045310913497
3.016399999999987,-0.021435234203055042
3.016600000000001,-0.02148320601818725
3.016799999999992,-0.021530959602566006
3.0170000000000057,-0.021578493809131512
3.0172000000000025,-0.02162580749748736
3.0173999999999976,-0.021672899533957877
3.017600000000007,-0.021719768791600286
3.0178000000000025,-0.02176641415021881
3.0179999999999936,-0.021812834496407897
3.0181999999999887,-0.021859028723567157
3.0184000000000033,-0.021904995731927186
3.0185999999999944,-0.021950734428558386
3.0188000000000077,-0.021996243727427978
3.0190000000000046,-0.02204152254938407
3.0192,-0.022086569822210158
3.019400000000009,-0.022131384480635476
3.0196000000000045,-0.022175965466348868
3.0197999999999965,-0.02222031172803902
3.0199999999999916,-0.02226442222140757
3.020200000000001,-0.022308295909193115
3.020399999999996,-0.022351931761183653
3.020599999999992,-0.022395328754256667
3.0208000000000057,-0.02243848587239156
3.020999999999997,-0.022481402106677935
3.02120000000001,-0.022524076455368303
3.021400000000007,-0.022566507923862295
3.0215999999999985,-0.022608695524756556
3.0217999999999936,-0.022650638277853616
3.022000000000003,-0.02269233521018389
3.022199999999998,-0.02273378535601691
3.022399999999995,-0.0227749877568992
3.0226000000000086,-0.022815941461664557
3.0227999999999993,-0.02285664552644237
3.023000000000013,-0.022897099014706705
3.023199999999986,-0.022937300997254967
3.0234,-0.022977250552279043
3.0235999999999907,-0.023016946765325487
3.0238000000000045,-0.023056388729365447
3.024000000000001,-0.023095575544774264
3.024199999999996,-0.02313450631937766
3.024400000000011,-0.023173180168460063
3.0246000000000013,-0.023211596214768523
3.024800000000016,-0.02324975358856127
3.0249999999999884,-0.023287651427585265
3.0252000000000026,-0.023325288877144065
3.025399999999993,-0.023362665090057924
3.025600000000007,-0.02339977922673017
3.025800000000003,-0.023436630455126624
3.0259999999999985,-0.02347321795081912
3.026200000000008,-0.02350954089699023
3.026400000000003,-0.023545598484442473
3.026599999999995,-0.023581389911628926
3.02679999999999,-0.023616914384661066
3.0269999999999992,-0.02365217111732578
3.027199999999994,-0.02368715933109262
3.0273999999999903,-0.023721878255144543
3.027600000000006,-0.023756327126384088
3.027800000000001,-0.023790505189438496
3.0280000000000102,-0.023824411696697134
3.0282000000000053,-0.023858045908301432
3.028399999999997,-0.023891407092176978
3.028599999999992,-0.02392449452403962
3.028800000000002,-0.023957307487410935
3.0289999999999964,-0.02398984527362352
3.0291999999999932,-0.0240221071818496
3.029400000000007,-0.024054092519104838
3.0295999999999976,-0.024085800600253636
3.029800000000012,-0.024117230748043984
3.0299999999999843,-0.02414838229308825
3.030199999999999,-0.024179254573916693
3.030399999999989,-0.024209846936942427
3.030600000000005,-0.024240158736514632
3.0307999999999993,-0.024270189334897125
3.0309999999999953,-0.024299938102305883
3.0312000000000094,-0.02432940441690748
3.0314,-0.024358587664823086
3.0316000000000143,-0.02438748724016082
3.0317999999999867,-0.024416102544996467
3.032000000000001,-0.024444432989421973
3.0321999999999916,-0.02447247799151264
3.032400000000006,-0.02450023697737395
3.032600000000002,-0.02452770938112363
3.0327999999999964,-0.024554894644920642
3.0330000000000066,-0.024581792218967006
3.0332000000000012,-0.024608401561510233
3.033399999999993,-0.024634722138864164
3.033599999999989,-0.024660753425411384
3.033800000000004,-0.02468649490361286
3.033999999999994,-0.02471194606400833
3.0342000000000082,-0.024737106405242765
3.034400000000004,-0.024761975434051564
3.034599999999999,-0.024786552665286298
3.0348000000000086,-0.024810837621915178
3.0350000000000037,-0.024834829835024306
3.035199999999996,-0.024858528843835187
3.035399999999991,-0.02488193419570575
3.035600000000001,-0.02490504544613842
3.0357999999999956,-0.024927862158780578
3.0359999999999916,-0.02495038390544077
3.036200000000006,-0.024972610266089518
3.036399999999996,-0.024994540828858276
3.0366000000000106,-0.025016175190061073
3.036800000000006,-0.02503751295417984
3.036999999999999,-0.025058553733886473
3.0371999999999932,-0.02507929715003869
3.0374000000000034,-0.02509974283168815
3.037599999999998,-0.025119890416078164
3.0377999999999936,-0.025139739548657676
3.0380000000000082,-0.025159289883080624
3.038199999999999,-0.025178541081203043
3.038400000000013,-0.025197492813102344
3.0385999999999855,-0.02521614475705934
3.0388,-0.02523449659958794
3.0389999999999904,-0.025252548035408856
3.0392000000000046,-0.02527029876747668
3.0394000000000005,-0.02528774850696446
3.0395999999999965,-0.025304896973278618
3.0398000000000107,-0.025321743894055844
3.040000000000001,-0.025338289005159942
3.040200000000015,-0.025354532050695593
3.0403999999999876,-0.025370472782993616
3.0406000000000026,-0.025386110962632463
3.040799999999993,-0.02540144635841588
3.0410000000000075,-0.02541647874739428
3.0412000000000035,-0.025431207914849343
3.0413999999999977,-0.025445633654305702
3.041600000000008,-0.025459755767526498
3.041800000000002,-0.02547357406450988
3.041999999999995,-0.025487088363495072
3.0421999999999896,-0.0255002984909584
3.0423999999999998,-0.025513204281612807
3.042599999999994,-0.025525805578404604
3.0428000000000104,-0.02553810223251858
3.0430000000000055,-0.025550094103367664
3.0431999999999997,-0.025561781058599936
3.04340000000001,-0.025573162974092702
3.043600000000004,-0.02558423973394806
3.0437999999999974,-0.02559501123049572
3.0439999999999916,-0.02560547736428731
3.0442000000000027,-0.02561563804409508
3.044399999999997,-0.025625493186905917
3.044599999999992,-0.025635042717923114
3.0448000000000066,-0.025644286570560188
3.044999999999997,-0.025653224686435272
3.045200000000012,-0.025661857015373365
3.045399999999984,-0.025670183515393904
3.045599999999999,-0.025678204152717862
3.0457999999999945,-0.02568591890175033
3.0460000000000047,-0.025693327745086765
3.046199999999999,-0.025700430673500835
3.0463999999999944,-0.02570722768594442
3.0466000000000095,-0.025713718789540273
3.0467999999999993,-0.025719903999574318
3.047000000000014,-0.025725783339495316
3.047199999999986,-0.02573135684090242
3.0474000000000014,-0.025736624543546718
3.047599999999991,-0.025741586495316878
3.0478000000000067,-0.02574624275223934
3.048000000000002,-0.025750593378466562
3.0481999999999956,-0.025754638446273896
3.048400000000006,-0.0257583780360506
3.0486000000000004,-0.02576181223629199
3.048800000000017,-0.025764941143593918
3.048999999999989,-0.025767764862641818
3.049200000000004,-0.025770283506207296
3.0493999999999937,-0.025772497195134976
3.0496000000000087,-0.025774406058337928
3.049800000000004,-0.02577601023278678
3.049999999999998,-0.025777309863502147
3.050200000000009,-0.025778305103545233
3.0504000000000033,-0.025778996114008412
3.0505999999999966,-0.025779383064006234
3.0507999999999904,-0.025779466130665424
3.051000000000001,-0.025779245499115293
3.0511999999999952,-0.025778721362477736
3.05139999999999,-0.025777893921856514
3.0516000000000054,-0.02577676338632744
3.051800000000001,-0.025775329972927672
3.052000000000011,-0.02577359390664414
3.0522000000000054,-0.025771555420403505
3.0523999999999987,-0.025769214755060235
3.052599999999993,-0.02576657215938505
3.0528000000000035,-0.02576362789005368
3.0529999999999973,-0.025760382211635287
3.0531999999999924,-0.025756835396579327
3.053400000000008,-0.025752987725203808
3.0535999999999976,-0.02574883948568407
3.053800000000013,-0.025744390974037214
3.053999999999985,-0.02573964249411338
3.0542000000000002,-0.025734594357576763
3.0543999999999896,-0.02572924688389962
3.054600000000005,-0.02572360040034193
3.0548,-0.025717655241943506
3.0549999999999953,-0.025711411751505594
3.055200000000011,-0.025704870279578598
3.0553999999999997,-0.02569803118444993
3.055600000000015,-0.02569089483212431
3.055799999999987,-0.025683461596316688
3.0560000000000027,-0.025675731858427142
3.0561999999999925,-0.02566770600753743
3.0564000000000076,-0.025659384440385537
3.056600000000003,-0.02565076756135848
3.0567999999999964,-0.025641855782470514
3.0570000000000075,-0.025632649523349156
3.0572000000000012,-0.025623149211222506
3.057399999999995,-0.025613355280897716
3.0575999999999888,-0.0256032681747476
3.0578000000000003,-0.02559288834269314
3.057999999999995,-0.025582216242189294
3.0582000000000105,-0.025571252338202084
3.058400000000005,-0.02555999710319959
3.058599999999999,-0.025548451017126512
3.05880000000001,-0.025536614567390398
3.0590000000000037,-0.025524488248846556
3.059199999999998,-0.025512072563774496
3.0593999999999912,-0.02549936802186335
3.0596000000000023,-0.025486375140192044
3.0597999999999965,-0.02547309444321437
3.059999999999991,-0.02545952646273426
3.0602000000000067,-0.025445671737890117
3.060399999999996,-0.025431530815140175
3.060600000000011,-0.02541710424823184
3.060799999999983,-0.025402392598198282
3.0610000000000004,-0.025387396433317725
3.061199999999994,-0.025372116329117865
3.0614000000000052,-0.025356552868335012
3.0615999999999985,-0.02534070664090893
3.0617999999999936,-0.02532457824395166
3.062000000000009,-0.025308168281731703
3.0621999999999985,-0.02529147736565824
3.062400000000014,-0.02527450611424715
3.062599999999986,-0.025257255153118118
3.0628000000000015,-0.025239725114949953
3.062999999999991,-0.02522191663948572
3.0632000000000064,-0.0252038303734871
3.0634000000000015,-0.02518546697073225
3.0635999999999943,-0.025166827091979028
3.0638000000000063,-0.02514791140494832
3.063999999999999,-0.02512872058430786
3.064200000000017,-0.025109255311635773
3.064399999999989,-0.02508951627541782
3.0646000000000044,-0.025069504170996706
3.0647999999999933,-0.025049219700581354
3.0650000000000093,-0.0250286635731948
3.0652000000000035,-0.02500783650467443
3.065399999999997,-0.024986739217630203
3.0656000000000088,-0.024965372441428633
3.065800000000002,-0.02494373691217469
3.0659999999999967,-0.024921833372675454
3.0661999999999896,-0.024899662572424885
3.0664000000000016,-0.02487722526757401
3.066599999999995,-0.02485452222091543
3.066799999999989,-0.02483155420184622
3.067000000000005,-0.0248083219863485
3.0671999999999997,-0.02478482635697277
3.0674000000000112,-0.024761068102795093
3.067600000000004,-0.024737048019410488
3.067799999999999,-0.02471276690889153
3.0679999999999925,-0.024688225579772873
3.0682000000000036,-0.024663424847018563
3.068399999999997,-0.02463836553200669
3.068599999999992,-0.024613048462489216
3.068800000000008,-0.024587474472572323
3.0689999999999964,-0.024561644402698393
3.069200000000013,-0.024535559099598
3.069399999999985,-0.024509219416292333
3.0696000000000003,-0.024482626212028923
3.069799999999989,-0.024455780352296275
3.0700000000000056,-0.024428682708759274
3.0702,-0.024401334159262225
3.070399999999994,-0.024373735587777407
3.0706000000000104,-0.024345887884387005
3.0707999999999993,-0.024317791945265513
3.0710000000000153,-0.024289448672626588
3.071199999999987,-0.02426085897472786
3.0714000000000032,-0.02423202376580108
3.071599999999992,-0.024202943966070478
3.0718000000000085,-0.02417362050168166
3.0720000000000027,-0.024144054304707393
3.0721999999999956,-0.02411424631309228
3.0724000000000076,-0.024084197470634356
3.0726000000000004,-0.02405390872696417
3.072799999999995,-0.024023381037498695
3.0729999999999884,-0.02399261536342292
3.0732,-0.02396161267165409
3.0733999999999946,-0.0239303739348234
3.0736000000000105,-0.02389890013122609
3.0738000000000048,-0.023867192244815698
3.073999999999998,-0.023835251265150768
3.07420000000001,-0.023803078187374635
3.074400000000003,-0.023770674012194216
3.0745999999999976,-0.023738039745830376
3.074799999999991,-0.023705176400000534
3.075000000000003,-0.02367208499187992
3.075199999999996,-0.023638766544084026
3.07539999999999,-0.023605222084618283
3.0756000000000063,-0.023571452646855402
3.0757999999999948,-0.023537459269516864
3.076000000000011,-0.023503242996611273
3.076199999999983,-0.023468804877441768
3.0764000000000005,-0.023434145966525086
3.076599999999993,-0.02339926732361466
3.0768000000000058,-0.023364170013620476
3.076999999999998,-0.02332885510661287
3.0771999999999924,-0.023293323677762982
3.077400000000009,-0.023257576807321878
3.0775999999999972,-0.023221615580600354
3.077800000000014,-0.02318544108790435
3.0779999999999856,-0.02314905442454454
3.078200000000002,-0.02311245669075001
3.0783999999999905,-0.023075648991694855
3.078600000000007,-0.023038632437411118
3.078800000000001,-0.023001408142798708
3.0789999999999935,-0.02296397722755957
3.079200000000006,-0.02292634081617633
3.0793999999999997,-0.022888500037890405
3.079600000000016,-0.022850456026641392
3.079799999999988,-0.02281220992106934
3.0800000000000045,-0.02277376286442954
3.080199999999993,-0.022735116004619457
3.08040000000001,-0.02269627049408838
3.080600000000003,-0.022657227489848934
3.080799999999996,-0.022617988153406914
3.081000000000009,-0.022578553650741448
3.0812000000000013,-0.022538925152281702
3.081399999999997,-0.02249910383284781
3.0815999999999897,-0.022459090871633808
3.081800000000002,-0.022418887452161047
3.0819999999999945,-0.022378494762261503
3.082199999999988,-0.02233791399401708
3.082400000000006,-0.022297146343736324
3.082599999999999,-0.022256193011934412
3.0828000000000113,-0.022215055203262786
3.0830000000000037,-0.022173734126510386
3.0831999999999993,-0.02213223099453724
3.0833999999999917,-0.022090547024258084
3.083600000000004,-0.022048683436593317
3.0837999999999965,-0.02200664145645269
3.0839999999999907,-0.021964422312672524
3.0842000000000076,-0.021922027237992976
3.084399999999996,-0.021879457469036183
3.0846000000000124,-0.02183671424623176
3.084799999999984,-0.02179379881383072
3.085000000000001,-0.021750712419805876
3.085199999999989,-0.021707456315885835
3.0854000000000057,-0.021664031757453392
3.0855999999999995,-0.0216204400035619
3.085799999999993,-0.021576682316857075
3.08600000000001,-0.021532759963556542
3.0861999999999985,-0.02148867421342883
3.0864000000000154,-0.021444426339716098
3.0865999999999865,-0.021400017619148785
3.086800000000003,-0.021355449331843246
3.0869999999999918,-0.02131072276133654
3.0872000000000086,-0.02126583919448427
3.087400000000002,-0.02122079992147477
3.0875999999999943,-0.021175606235751356
3.087800000000007,-0.021130259433990346
3.0879999999999996,-0.021084760816077637
3.088199999999995,-0.02103911168504155
3.0883999999999894,-0.020993313347035757
3.088600000000006,-0.02094736711128798
3.0887999999999938,-0.020901274290085516
3.089000000000011,-0.020855036198694367
3.0892000000000044,-0.02080865415537155
3.089399999999997,-0.02076212948128359
3.0896000000000097,-0.02071546350048526
3.089800000000002,-0.020668657539895344
3.089999999999998,-0.020621712929228375
3.0901999999999905,-0.020574631000977894
3.0904000000000034,-0.02052741309036315
3.090599999999996,-0.020480060535312723
3.090799999999989,-0.020432574676395372
3.091000000000006,-0.020384956856795214
3.0911999999999944,-0.020337208422291343
3.091400000000011,-0.020289330721173764
3.0916000000000046,-0.02024132510425665
3.091800000000001,-0.020193192924794705
3.091999999999993,-0.020144935538469626
3.092200000000006,-0.020096554303335304
3.092399999999998,-0.02004805057980239
3.092599999999991,-0.019999425730566435
3.0928000000000084,-0.019950681120584325
3.0929999999999964,-0.019901818117052744
3.0932000000000137,-0.019852838089322776
3.093399999999985,-0.019803742408920133
3.093600000000002,-0.019754532449431622
3.09379999999999,-0.019705209586547125
3.0940000000000074,-0.019655775197945764
3.0942000000000007,-0.019606230663316508
3.0943999999999927,-0.019556577364271573
3.0946000000000113,-0.019506816684323858
3.0947999999999993,-0.019456950008869215
3.0950000000000166,-0.019406978725096252
3.0951999999999877,-0.01935690422200849
3.095400000000005,-0.019306727890308854
3.0955999999999926,-0.019256451122443063
3.0958000000000094,-0.019206075312483535
3.0960000000000036,-0.019155601856150846
3.096199999999995,-0.01910503215072679
3.0964000000000085,-0.019054367595031416
3.0966000000000005,-0.019003609589400436
3.0967999999999973,-0.01895275953561009
3.096999999999989,-0.01890181883686355
3.0972000000000017,-0.018850788897731223
3.097399999999994,-0.018799671124137513
3.0976000000000123,-0.01874846692327977
3.097800000000006,-0.01869717770363513
3.097999999999998,-0.018645804874875847
3.098200000000011,-0.018594349847847844
3.098400000000003,-0.01854281403454605
3.0985999999999994,-0.018491198848040145
3.098799999999991,-0.018439505702459242
3.0990000000000046,-0.0183877360129334
3.099199999999997,-0.018335891195579986
3.09939999999999,-0.018283972667427817
3.0996000000000072,-0.01823198184639234
3.099799999999995,-0.018179920151255684
3.100000000000012,-0.018127789001575773
3.100199999999983,-0.018075589817710444
3.1004000000000005,-0.018023324020696445
3.1005999999999885,-0.01797099303229737
3.100800000000007,-0.017918598274882333
3.100999999999999,-0.01786614117145137
3.1011999999999924,-0.017813623145541697
3.1014000000000097,-0.01776104562120965
3.1015999999999977,-0.017708410023008714
3.101800000000015,-0.017655717775898864
3.101999999999986,-0.017602970305270235
3.1022000000000034,-0.017550169036822307
3.1023999999999914,-0.017497315396611514
3.1026000000000087,-0.017444410810930157
3.102800000000002,-0.017391456706330702
3.1029999999999935,-0.017338454509534543
3.103200000000007,-0.017285405647410927
3.103399999999999,-0.017232311546953663
3.1035999999999957,-0.01717917363520363
3.103799999999989,-0.017125993339235826
3.1040000000000063,-0.017072772086099086
3.1041999999999934,-0.01701951130280631
3.1044000000000116,-0.016966212416240654
3.104600000000004,-0.016912876853177064
3.104799999999996,-0.016859506040187537
3.1050000000000093,-0.016806101403622514
3.105200000000001,-0.016752664369586716
3.1053999999999986,-0.01669919636386153
3.10559999999999,-0.01664569881189354
3.1058000000000034,-0.016592173138731833
3.1059999999999954,-0.016538620769017288
3.106199999999988,-0.016485043126904235
3.106400000000006,-0.016431441636036735
3.106599999999993,-0.01637781771952979
3.106800000000012,-0.016324172799874734
3.1070000000000038,-0.016270508298962854
3.1072000000000006,-0.016216825637986914
3.1073999999999926,-0.01616312623743671
3.107600000000006,-0.01610941151703643
3.1077999999999975,-0.01605568289573224
3.1079999999999903,-0.01600194179161531
3.108200000000008,-0.015948189621898222
3.108399999999996,-0.01589442780289558
3.1086000000000134,-0.01584065774993109
3.108799999999985,-0.01578688087736397
3.1090000000000027,-0.015733098598466857
3.1091999999999897,-0.015679312325475717
3.1094000000000075,-0.015625523469465878
3.1096,-0.015571733440380934
3.1097999999999932,-0.015517943646937954
3.110000000000011,-0.015464155496609469
3.110199999999998,-0.015410370395603775
3.1104000000000163,-0.015356589748771899
3.1105999999999874,-0.015302814959635265
3.1108000000000047,-0.015249047430262789
3.110999999999992,-0.015195288561320602
3.11120000000001,-0.015141539751951065
3.1114000000000033,-0.015087802399798416
3.1115999999999944,-0.01503407790091787
3.1118000000000077,-0.014980367649755098
3.1119999999999997,-0.014926673039124845
3.112199999999997,-0.014872995460133471
3.1123999999999885,-0.014819336302168211
3.1126000000000023,-0.014765696952835826
3.112799999999994,-0.014712078797953105
3.113000000000013,-0.014658483221461679
3.1132000000000053,-0.014604911605441348
3.113399999999997,-0.01455136533002094
3.1136000000000106,-0.014497845773360501
3.113800000000002,-0.0144443543116287
3.114,-0.014390892318925923
3.114199999999991,-0.014337461167274647
3.114400000000005,-0.014284062226557166
3.1145999999999967,-0.014230696864508738
3.114799999999989,-0.014177366446637737
3.115000000000007,-0.014124072336205563
3.1151999999999944,-0.014070815894208517
3.115400000000012,-0.014017598479285681
3.115599999999983,-0.01396442144774797
3.115800000000001,-0.013911286153456126
3.1159999999999934,-0.013858193947871696
3.1162000000000076,-0.013805146179941292
3.1163999999999987,-0.01375214419611449
3.116599999999991,-0.013699189340261365
3.1168000000000093,-0.013646282953652335
3.1169999999999964,-0.013593426374940695
3.1172000000000146,-0.01354062094007088
3.1173999999999857,-0.013487867982308062
3.117600000000004,-0.01343516883211723
3.117799999999991,-0.013382524817215235
3.118000000000009,-0.013329937262450294
3.1182000000000016,-0.013277407489831338
3.1183999999999927,-0.013224936818437196
3.118600000000007,-0.013172526564399692
3.1187999999999976,-0.013120178040884006
3.119000000000017,-0.013067892558005802
3.119199999999988,-0.01301567142285346
3.119400000000006,-0.012963515939370516
3.119599999999993,-0.012911427408408225
3.1198000000000117,-0.01285940712760639
3.120000000000004,-0.012807456391422861
3.120199999999995,-0.01275557649104344
3.1204000000000094,-0.012703768714365784
3.1206000000000005,-0.012652034345979963
3.1207999999999982,-0.012600374667093581
3.12099999999999,-0.012548790955524624
3.1212000000000035,-0.012497284485642295
3.121399999999995,-0.01244585652836037
3.1215999999999875,-0.012394508351062756
3.1218000000000057,-0.012343241217584185
3.121999999999998,-0.01229205638819299
3.122200000000012,-0.012240955119509813
3.122400000000003,-0.012189938664519166
3.122600000000001,-0.012139008272490811
3.1227999999999922,-0.01208816518897314
3.1230000000000064,-0.012037410655734363
3.123199999999997,-0.011986745910757072
3.1233999999999895,-0.01193617218816417
3.1236000000000077,-0.011885690718201215
3.123799999999995,-0.011835302727220557
3.1240000000000134,-0.011785009437595027
3.124199999999984,-0.011734812067747558
3.1244000000000023,-0.011684711832035906
3.1245999999999894,-0.011634709940805291
3.1248000000000076,-0.011584807600272567
3.125,-0.011535006012557308
3.1251999999999924,-0.01148530637559508
3.1254000000000106,-0.011435709883123153
3.1255999999999973,-0.011386217724666095
3.125800000000016,-0.01133683108545007
3.1259999999999866,-0.011287551146433596
3.126200000000005,-0.011238379084193565
3.1263999999999923,-0.011189316070977342
3.1266000000000105,-0.011140363274590035
3.126800000000003,-0.011091521858424252
3.1269999999999936,-0.011042792981376719
3.1272000000000078,-0.010994177797833474
3.127399999999999,-0.01094567745765348
3.127599999999997,-0.01089729310609884
3.127799999999988,-0.010849025883829666
3.1280000000000023,-0.01080087692684961
3.1281999999999943,-0.010752847366500552
3.1284000000000134,-0.010704938329388023
3.128600000000005,-0.010657150937396215
3.128799999999996,-0.010609486307609469
3.12900000000001,-0.01056194555229979
3.129200000000001,-0.010514529778909548
3.1293999999999995,-0.010467240089983666
3.1295999999999906,-0.01042007758316573
3.1298000000000052,-0.010373043351144159
3.129999999999996,-0.010326138481648098
3.130199999999988,-0.010279364057380308
3.130400000000007,-0.010232721156001132
3.130599999999993,-0.010186210850117181
3.1308000000000122,-0.010139834207199067
3.130999999999983,-0.010093592289613661
3.1312000000000024,-0.010047486154516592
3.131399999999993,-0.010001516853902104
3.1316000000000077,-0.0099556854345013
3.1317999999999984,-0.009909992937804018
3.1319999999999903,-0.009864440399987157
3.132200000000009,-0.009819028851900788
3.1323999999999956,-0.009773759319056446
3.1326000000000143,-0.009728632821548466
3.1327999999999854,-0.009683650374084685
3.133000000000004,-0.009638812985882775
3.1331999999999907,-0.00959412166071953
3.1334000000000097,-0.009549577396828159
3.1336000000000013,-0.009505181186929045
3.133799999999992,-0.009460934018151403
3.1340000000000066,-0.009416836872024353
3.134199999999998,-0.009372890724461977
3.134400000000017,-0.009329096545696235
3.1345999999999874,-0.009285455300296999
3.1348000000000065,-0.009241967947076976
3.134999999999993,-0.009198635439139187
3.1352000000000118,-0.009155458723777828
3.1354000000000033,-0.009112438742507122
3.135599999999994,-0.009069576430987809
3.1358000000000095,-0.009026872719016976
3.136,-0.008984328530515666
3.1361999999999983,-0.008941944783466575
3.1363999999999894,-0.008899722389914187
3.136600000000004,-0.008857662255915996
3.1367999999999947,-0.008815765281542005
3.1369999999999862,-0.008774032360814248
3.137200000000006,-0.008732464381694439
3.137399999999997,-0.008691062226074867
3.1376000000000115,-0.008649826769710012
3.137800000000002,-0.008608758882233869
3.138000000000001,-0.008567859427095016
3.1381999999999914,-0.008527129261556654
3.138400000000006,-0.008486569236650017
3.1385999999999967,-0.008446180197174311
3.138799999999989,-0.008405962981638718
3.139000000000008,-0.008365918422251387
3.1391999999999944,-0.008326047344910565
3.1394000000000135,-0.008286350569136423
3.1395999999999837,-0.008246828908100013
3.139800000000003,-0.008207483168532387
3.139999999999989,-0.008168314150770729
3.140200000000008,-0.008129322648668506
3.1404,-0.008090509449623707
3.140599999999991,-0.008051875334513178
3.1408000000000103,-0.008013421077683382
3.140999999999997,-0.007975147446944407
3.1412000000000155,-0.007937055203504056
3.141399999999986,-0.007899145101994435
3.1416000000000053,-0.007861417890387983
3.141799999999992,-0.007823874310040342
3.142000000000011,-0.007786515095604713
3.1422000000000025,-0.00774934097505996
3.1423999999999928,-0.0077123526696478775
3.142600000000008,-0.007675550893865263
3.1427999999999985,-0.0076389363554556985
3.142999999999997,-0.007602509755356698
3.143199999999988,-0.007566271787702095
3.1434000000000077,-0.0075302231397794805
3.143599999999994,-0.00749436449203709
3.143800000000014,-0.007458696518019031
3.1440000000000046,-0.007423219884389859
3.144199999999995,-0.00738793525087406
3.1444000000000103,-0.007352843270250938
3.1446000000000005,-0.007317944588344647
3.1448,-0.007283239843976431
3.1449999999999902,-0.0072487296689666345
3.1452000000000053,-0.007214414688095438
3.145399999999996,-0.007180295519105177
3.145599999999987,-0.007146372772653447
3.1458000000000066,-0.007112647052304078
3.1459999999999924,-0.007079118954523007
3.146200000000012,-0.007045789068620834
3.1464000000000034,-0.007012657976776993
3.1466000000000025,-0.006979726253980789
3.1467999999999927,-0.00694699446803835
3.1470000000000082,-0.006914463179534982
3.147199999999998,-0.006882132941838876
3.1473999999999895,-0.0068500043010549716
3.1476000000000086,-0.006818077796019793
3.147799999999995,-0.006786353958295376
3.148000000000015,-0.006754833312117473
3.148199999999985,-0.00672351637442107
3.148400000000004,-0.006692403654769708
3.1485999999999903,-0.006661495655394471
3.1488000000000094,-0.006630792871124986
3.149000000000001,-0.006600295789414775
3.1491999999999907,-0.006570004890290198
3.1494000000000115,-0.006539920646346442
3.1495999999999977,-0.006510043522745926
3.149800000000017,-0.006480373977166277
3.149999999999987,-0.006450912459826889
3.1502000000000066,-0.00642165941342265
3.1503999999999928,-0.006392615273161269
3.1506000000000123,-0.006363780466698625
3.150800000000003,-0.0063351554141641
3.1509999999999936,-0.00630674052811201
3.151200000000009,-0.0062785362135203485
3.151399999999999,-0.006250542867785623
3.1515999999999984,-0.006222760880684752
3.1517999999999886,-0.006195190634379582
3.1520000000000046,-0.006167832503388064
3.152199999999994,-0.006140686854587773
3.152399999999985,-0.0061137540471795015
3.152600000000006,-0.0060870344326836
3.1527999999999956,-0.0060605283549385065
3.1530000000000116,-0.006034236150058429
3.153200000000002,-0.0060081581464507365
3.1534000000000013,-0.005982294664776064
3.153599999999991,-0.0059566460179537924
3.1538000000000066,-0.005931212511135158
3.1539999999999964,-0.005905994441708405
3.154199999999988,-0.005880992099264676
3.154400000000008,-0.005856205765596109
3.154599999999993,-0.005831635714694979
3.154800000000013,-0.005807282212712946
3.1549999999999834,-0.005783145517985704
3.155200000000003,-0.005759225880979281
3.1553999999999887,-0.005735523544323365
3.1556000000000095,-0.0057120387427595665
3.1557999999999993,-0.005688771703164899
3.1559999999999904,-0.005665722644512339
3.15620000000001,-0.005642891777874232
3.156399999999996,-0.005620279306419352
3.156600000000015,-0.005597885425378878
3.1567999999999854,-0.0055757103220676375
3.1570000000000054,-0.005553754175837209
3.157199999999991,-0.005532017158106109
3.157400000000011,-0.005510499432314274
3.157600000000002,-0.0054892011539441135
3.157799999999992,-0.005468122470487369
3.1580000000000075,-0.005447263521446672
3.1581999999999972,-0.005426624438334174
3.158399999999997,-0.005406205344646666
3.1585999999999883,-0.00538600635587087
3.1588000000000083,-0.0053660275794648596
3.1589999999999936,-0.005346269114866141
3.1592000000000136,-0.005326731053459508
3.159400000000004,-0.005307413478597079
3.159599999999994,-0.005288316465568285
3.15980000000001,-0.005269440081602219
3.16,-0.0052507843858677255
3.1601999999999997,-0.005232349429451306
3.1603999999999903,-0.005214135255363713
3.160600000000006,-0.005196141898523893
3.1607999999999956,-0.005178369385765321
3.1609999999999863,-0.0051608177358157745
3.1612000000000062,-0.005143486959298324
3.1613999999999916,-0.005126377058733426
3.1616000000000115,-0.005109488028515437
3.161800000000002,-0.005092819854928884
3.1620000000000026,-0.00507637251612483
3.1621999999999924,-0.005060145982128916
3.1624000000000083,-0.0050441402148279505
3.162599999999998,-0.005028355167976965
3.1627999999999883,-0.0050127907871821255
3.1630000000000082,-0.004997447009902877
3.1631999999999945,-0.00498232376545538
3.1634000000000144,-0.004967420974992267
3.1635999999999846,-0.004952738551520235
3.163800000000004,-0.004938276399872764
3.16399999999999,-0.004924034416733918
3.16420000000001,-0.004910012490611289
3.1644000000000005,-0.004896210501853941
3.164599999999991,-0.004882628322634432
3.164800000000011,-0.004869265816953242
3.1649999999999965,-0.0048561228406429615
3.165200000000017,-0.004843199241352146
3.1653999999999867,-0.00483049485856246
3.1656000000000066,-0.004818009523565411
3.165799999999992,-0.004805743059485213
3.166000000000012,-0.004793695281256545
3.1662000000000035,-0.0047818659956416
3.1663999999999923,-0.004770255001216574
3.1666000000000087,-0.004758862088376216
3.1667999999999985,-0.004747687039339208
3.166999999999999,-0.00473672962813827
3.1671999999999882,-0.004725989620628825
3.167400000000004,-0.00471546677448361
3.167599999999994,-0.0047051608392016
3.167800000000015,-0.004695071556097546
3.1680000000000055,-0.00468519865831615
3.1681999999999952,-0.00467554187082251
3.168400000000011,-0.00466610091040815
3.1686000000000005,-0.004656875485697015
3.168800000000001,-0.004647865297139562
3.1689999999999907,-0.004639070037021563
3.169200000000007,-0.004630489389460928
3.169399999999997,-0.0046221230304186135
3.169599999999987,-0.0046139706276921355
3.1698000000000075,-0.00460603184092311
3.169999999999993,-0.004598306321604245
3.170200000000013,-0.004590793713073644
3.170399999999983,-0.004583493650530001
3.170600000000003,-0.004576405761023306
3.1707999999999936,-0.00456952966347256
3.17100000000001,-0.004562864968658952
3.171199999999999,-0.004556411279238693
3.171399999999989,-0.004550168189741003
3.1716000000000095,-0.004544135286576819
3.171799999999995,-0.00453831214804536
3.1720000000000153,-0.00453269834433378
3.172199999999985,-0.004527293437530468
3.172400000000006,-0.0045220969816212936
3.172599999999991,-0.004517108522506218
3.172800000000011,-0.004512327597995703
3.173000000000002,-0.0045077537378247455
3.1731999999999907,-0.0045033864636538756
3.173400000000007,-0.004499225289078345
3.173599999999997,-0.004495269719636537
3.1738000000000177,-0.004491519252812962
3.173999999999988,-0.004487973378051102
3.174200000000008,-0.004484631576754629
3.1743999999999932,-0.0044814933223011975
3.174600000000014,-0.004478558080046059
3.174800000000004,-0.004475825307333332
3.1749999999999936,-0.004473294453501967
3.1752000000000096,-0.004470964959895104
3.175399999999999,-0.004468836259870221
3.1756,-0.00446690777880546
3.1757999999999895,-0.0044651789341114655
3.1760000000000055,-0.0044636491352387266
3.1761999999999952,-0.004462317783688518
3.176399999999985,-0.004461184273021968
3.176600000000006,-0.004460247988869707
3.176799999999996,-0.004459508308943462
3.1770000000000125,-0.004458964603044297
3.177200000000002,-0.004458616233075684
3.177400000000003,-0.004458462553051634
3.177599999999992,-0.004458502909109888
3.1778000000000084,-0.004458736639521914
3.1779999999999973,-0.0044591630747040836
3.178199999999988,-0.004459781537230359
3.178400000000008,-0.004460591341842908
3.1785999999999937,-0.004461591795464327
3.178800000000014,-0.0044627821972105545
3.178999999999984,-0.004464161838401461
3.1792000000000042,-0.004465730002576506
3.1793999999999896,-0.0044674859655034135
3.1796000000000095,-0.004469428995194546
3.1798,-0.004471558351917792
3.1799999999999904,-0.004473873288211361
3.180200000000011,-0.004476373048896988
3.180399999999996,-0.0044790568710919906
3.180600000000016,-0.004481923984226558
3.1807999999999863,-0.0044849736100534155
3.181000000000007,-0.00448820496266757
3.1811999999999916,-0.00449161724851461
3.1814000000000124,-0.0044952096664110175
3.181600000000003,-0.004498981407554725
3.181799999999992,-0.00450293165554312
3.1820000000000084,-0.00450705958638753
3.1821999999999977,-0.004511364368526425
3.1823999999999986,-0.004515845162845223
3.1825999999999883,-0.004520501122688272
3.1828000000000043,-0.004525331393877792
3.1829999999999945,-0.004530335114726753
3.1832000000000154,-0.004535511416059552
3.183400000000005,-0.0045408594212240135
3.183599999999994,-0.004546378246111997
3.183800000000011,-0.004552066999175415
3.184,-0.0045579247814401605
3.1842000000000015,-0.004563950686528437
3.1843999999999903,-0.004570143800672876
3.1846000000000076,-0.004576503202736388
3.1847999999999965,-0.0045830279642265275
3.1849999999999863,-0.004589717149318203
3.185200000000007,-0.004596569814870226
3.1853999999999916,-0.00460358501043992
3.1856000000000124,-0.004610761778309657
3.185799999999982,-0.004618099153495711
3.1860000000000044,-0.004625596163779647
3.1861999999999933,-0.004633251829713617
3.1864000000000097,-0.004641065164651961
3.1865999999999985,-0.0046490351747611935
3.1867999999999888,-0.004657160859047425
3.187000000000009,-0.004665441209372543
3.1871999999999945,-0.004673875210471495
3.1874000000000153,-0.004682461839980464
3.1875999999999847,-0.004691200068446647
3.1878000000000055,-0.004700088859363012
3.187999999999991,-0.004709127169172161
3.1882000000000117,-0.004718313947303746
3.1884000000000015,-0.004727648136181362
3.1885999999999903,-0.0047371286712554455
3.1888000000000067,-0.004746754481019518
3.1889999999999956,-0.00475652448702849
3.189200000000018,-0.0047664376039302
3.1893999999999876,-0.004776492739473985
3.1896000000000084,-0.004786688794550608
3.189799999999993,-0.004797024663194566
3.1900000000000137,-0.004807499232625139
3.1902000000000035,-0.004818111383253855
3.1903999999999924,-0.004828859988718752
3.1906000000000097,-0.004839743915903909
3.1907999999999985,-0.00485076202495662
3.1910000000000007,-0.004861913169321958
3.1911999999999887,-0.004873196195756513
3.191400000000006,-0.004884609944360213
3.191599999999995,-0.004896153248590907
3.1917999999999846,-0.0049078249352985555
3.1920000000000055,-0.004919623824745377
3.1921999999999953,-0.004931548730623977
3.1924000000000117,-0.004943598460095606
3.1926000000000005,-0.004955771813799702
3.1928000000000027,-0.004968067585892969
3.1929999999999916,-0.004980484564063201
3.1932000000000085,-0.004993021529563812
3.193399999999997,-0.005005677257228728
3.193599999999987,-0.005018450515509582
3.1938000000000084,-0.0050313400664961285
3.193999999999993,-0.005044344665935375
3.1942000000000137,-0.005057463063274293
3.194399999999984,-0.0050706940016654505
3.1946000000000043,-0.005084036218016471
3.194799999999989,-0.005097488442992805
3.19500000000001,-0.005111049401065712
3.1952,-0.005124717810521145
3.1953999999999896,-0.005138492383501365
3.1956000000000104,-0.00515237182602682
3.195799999999995,-0.005166354838015519
3.1960000000000166,-0.005180440113328045
3.196199999999986,-0.005194626339773701
3.196400000000007,-0.005208912199163501
3.196599999999992,-0.005223296367311111
3.196800000000013,-0.005237777514085969
3.1970000000000027,-0.005252354303419941
3.1971999999999907,-0.005267025393352994
3.197400000000008,-0.005281789436055346
3.197599999999997,-0.0052966450778490284
3.197799999999999,-0.005311590959250889
3.1979999999999875,-0.005326625714989642
3.1982000000000044,-0.005341747974044776
3.198399999999994,-0.005356956359663796
3.1986000000000154,-0.005372249489407755
3.1988000000000048,-0.00538762597516271
3.1989999999999936,-0.005403084423186721
3.199200000000011,-0.005418623434131664
3.199399999999999,-0.00543424160306752
3.1996000000000016,-0.005449937519526913
3.19979999999999,-0.005465709767521634
3.2000000000000073,-0.0054815569255855035
3.200199999999996,-0.005497477566790278
3.200399999999985,-0.005513470258792429
3.2006000000000068,-0.0055295335638568055
3.200799999999991,-0.005545666038879437
3.2010000000000125,-0.005561866235439221
3.201199999999982,-0.0055781326998032826
3.201400000000004,-0.005594463972988902
3.2015999999999925,-0.005610858590762883
3.20180000000001,-0.005627315083701586
3.201999999999998,-0.005643831977200748
3.2021999999999875,-0.005660407791524559
3.202400000000009,-0.005677041041831145
3.2025999999999937,-0.005693730238195866
3.202800000000015,-0.005710473885665049
3.2029999999999843,-0.005727270484261856
3.203200000000006,-0.005744118529050377
3.2033999999999905,-0.005761016510134275
3.2036000000000118,-0.005777962912721659
3.203800000000001,-0.005794956217131053
3.203999999999989,-0.005811994898845916
3.204200000000007,-0.005829077428539603
3.204399999999996,-0.0058462022721006285
3.204600000000018,-0.005863367890685507
3.204799999999987,-0.005880572740728142
3.2050000000000085,-0.005897815274004123
3.2051999999999925,-0.005915093937630641
3.2054000000000142,-0.005932407174132257
3.205600000000003,-0.0059497534214482456
3.205799999999992,-0.005967131112988071
3.2060000000000093,-0.005984538677657676
3.2061999999999973,-0.006001974539885998
3.2064,-0.0060194371196765515
3.2065999999999883,-0.006036924832627359
3.206800000000006,-0.0060544360899780015
3.2069999999999945,-0.006071969298630128
3.2071999999999834,-0.006089522861199145
3.207400000000006,-0.00610709517604209
3.2075999999999945,-0.006124684637284011
3.207800000000012,-0.006142289634874055
3.208,-0.006159908554598871
3.208200000000003,-0.006177539778138075
3.2083999999999913,-0.006195181683085105
3.2086000000000086,-0.006212832642995502
3.2087999999999965,-0.006230491027408358
3.2089999999999863,-0.006248155201899087
3.209200000000008,-0.006265823528107631
3.209399999999992,-0.006283494363766944
3.2096000000000133,-0.00630116606276023
3.2097999999999827,-0.006318836975131511
3.2100000000000044,-0.006336505447152773
3.210199999999989,-0.006354169821327635
3.2104000000000106,-0.006371828436459597
3.2105999999999995,-0.006389479627661869
3.2107999999999883,-0.006407121726416427
3.21100000000001,-0.00642475306060263
3.2111999999999945,-0.00644237195452513
3.2114000000000162,-0.006459976728973361
3.2115999999999856,-0.006477565701231974
3.211800000000007,-0.006495137185150212
3.2119999999999918,-0.0065126894911453235
3.212200000000013,-0.0065302209262721456
3.212400000000002,-0.0065477297942340175
3.2125999999999904,-0.006565214395442615
3.212800000000008,-0.006582673027046433
3.212999999999996,-0.006600103982962436
3.2131999999999987,-0.006617505553930347
3.2133999999999885,-0.006634876027536178
3.21360000000001,-0.0066522136882637434
3.2137999999999938,-0.006669516817516486
3.2140000000000155,-0.006686783693679032
3.2142000000000044,-0.006704012592130551
3.2143999999999924,-0.006721201785305668
3.2146000000000106,-0.006738349542723702
3.2147999999999985,-0.006755454131021157
3.2150000000000016,-0.006772513814006465
3.2151999999999896,-0.0067895268526849024
3.215400000000008,-0.006806491505309751
3.215599999999996,-0.00682340602740743
3.2157999999999847,-0.0068402686718325055
3.2160000000000064,-0.006857077688800762
3.2161999999999904,-0.006873831325919126
3.2164000000000117,-0.006890527828247016
3.2166000000000015,-0.0069071654383115275
3.2168000000000045,-0.00692374239616865
3.216999999999992,-0.006940256939428171
3.21720000000001,-0.00695670730330552
3.217399999999998,-0.006973091720646927
3.2175999999999867,-0.006989408421986556
3.217800000000009,-0.007005655635578202
3.217999999999993,-0.007021831587428248
3.2182000000000146,-0.0070379345013553115
3.218399999999984,-0.0070539625990064395
3.2186000000000057,-0.007069914099925703
3.21879999999999,-0.0070857872215644956
3.219000000000012,-0.007101580179349931
3.2192000000000007,-0.007117291186701692
3.2193999999999887,-0.007132918455091982
3.2196000000000113,-0.00714846019407872
3.2197999999999958,-0.007163914611337669
3.2200000000000175,-0.0071792799127233286
3.2201999999999864,-0.007194554302285862
3.2204000000000086,-0.007209735982339661
3.220599999999992,-0.007224823153474946
3.2208000000000143,-0.0072398140146260285
3.2210000000000036,-0.007254706763089324
3.221199999999991,-0.007269499594583027
3.2214000000000094,-0.007284190703281375
3.221599999999997,-0.007298778281848651
3.2218,-0.007313260521495474
3.221999999999988,-0.007327635612007322
3.222200000000006,-0.007341901741796294
3.222399999999994,-0.00735605709793072
3.222600000000017,-0.007370099866192694
3.222800000000006,-0.007384028231101487
3.2229999999999936,-0.007397840375971943
3.223200000000012,-0.007411534482949331
3.2234,-0.007425108733044345
3.223600000000003,-0.007438561306189483
3.2237999999999905,-0.007451890381267675
3.2240000000000086,-0.007465094136165241
3.224199999999997,-0.0074781707478013245
3.224399999999985,-0.007491118392183306
3.2246000000000077,-0.007503935244442844
3.2247999999999917,-0.007516619478871196
3.2250000000000134,-0.0075291692689777884
3.2251999999999823,-0.007541582787512093
3.2254000000000045,-0.0075538582065291055
3.2255999999999885,-0.0075659936974067634
3.2258000000000115,-0.007577987430911322
3.225999999999999,-0.007589837577219528
3.2261999999999875,-0.007601542305977569
3.2264000000000097,-0.007613099786335654
3.226599999999994,-0.007624508186985888
3.226800000000016,-0.007635765676218535
3.226999999999985,-0.007646870421946258
3.227200000000007,-0.007657820591768288
3.2273999999999914,-0.007668614352989611
3.227600000000013,-0.007679249872685031
3.227800000000002,-0.007689725317723478
3.227999999999989,-0.007700038854825032
3.2282000000000073,-0.007710188650597595
3.2283999999999953,-0.007720172871574646
3.2285999999999992,-0.007729989684268651
3.2287999999999877,-0.007739637255204109
3.22900000000001,-0.00774911375096832
3.2291999999999934,-0.0077584173382439755
3.229400000000016,-0.007767546183865621
3.229600000000004,-0.007776498454847557
3.229799999999992,-0.007785272318438784
3.23000000000001,-0.0077938659421611205
3.2301999999999973,-0.0078022774938476015
3.2304000000000013,-0.007810505141694648
3.2305999999999893,-0.007818547054296177
3.2308000000000083,-0.007826401400693607
3.2309999999999954,-0.007834066350411067
3.2311999999999834,-0.007841540073505956
3.231400000000006,-0.00784882074060863
3.2315999999999896,-0.007855906522961028
3.231800000000013,-0.007862795592469088
3.232,-0.00786948612173462
3.232200000000004,-0.007875976284108414
3.2323999999999913,-0.007882264253725336
3.2326000000000104,-0.007888348205553387
3.2327999999999975,-0.007894226315429366
3.2329999999999863,-0.007899896760109814
3.233200000000008,-0.007905357717309526
3.2333999999999925,-0.007910607365742256
3.2336000000000142,-0.007915643885170376
3.2337999999999836,-0.007920465456439508
3.234000000000006,-0.007925070261530574
3.2341999999999897,-0.007929456483593026
3.234400000000012,-0.007933622306996443
3.2346,-0.007937565917366112
3.234799999999989,-0.007941285501631475
3.235000000000011,-0.007944779248066604
3.2351999999999945,-0.007948045346331235
3.235400000000017,-0.007951081987518193
3.235599999999986,-0.00795388736419066
3.2358000000000082,-0.007956459670430807
3.2359999999999918,-0.007958797101876898
3.2362000000000144,-0.007960897855770688
3.2364000000000033,-0.007962760130996734
3.2365999999999904,-0.00796438212812765
3.236800000000009,-0.007965762049465603
3.2369999999999965,-0.007966898099084583
3.2372000000000005,-0.007967788482874216
3.2373999999999876,-0.007968431408581717
3.2376000000000067,-0.007968825085854586
3.237799999999994,-0.007968967726283353
3.2380000000000173,-0.00796885754344387
3.2382000000000053,-0.007968492752940275
3.238399999999993,-0.007967871572447268
3.2386000000000115,-0.007966992221752357
3.2387999999999986,-0.007965852922799155
3.2390000000000025,-0.007964451899728745
3.23919999999999,-0.00796278737892282
3.239400000000009,-0.007960857589045488
3.2395999999999967,-0.007958660761086993
3.2397999999999847,-0.007956195128403825
3.2400000000000073,-0.007953458926762354
3.240199999999991,-0.007950450394381973
3.240400000000013,-0.007947167771974429
3.240599999999982,-0.007943609302790184
3.2408000000000046,-0.007939773232654806
3.2409999999999926,-0.007935657810018107
3.2412000000000116,-0.007931261285989177
3.2413999999999987,-0.007926581914384546
3.2415999999999867,-0.007921617951765377
3.2418000000000093,-0.007916367657480824
3.241999999999993,-0.007910829293713511
3.2422000000000155,-0.00790500112551404
3.242399999999985,-0.007898881420851859
3.2426000000000075,-0.007892468450646136
3.2427999999999906,-0.007885760488819909
3.2430000000000136,-0.007878755812329406
3.2432000000000016,-0.007871452701217148
3.2433999999999883,-0.007863849438643848
3.243600000000008,-0.007855944310933791
3.243799999999995,-0.007847735607620508
3.2440000000000184,-0.007839221621478647
3.244199999999987,-0.00783040064857756
3.2444000000000095,-0.007821270988307085
3.244599999999993,-0.007811830943436498
3.2448000000000157,-0.007802078820138936
3.245000000000004,-0.007792012928047293
3.245199999999991,-0.0077816315802831625
3.2454000000000107,-0.007770933093503025
3.2455999999999974,-0.007759915787943992
3.245800000000002,-0.007748577987453803
3.245999999999989,-0.007736918019542427
3.2462000000000075,-0.007724934215412881
3.246399999999995,-0.007712624910013937
3.246599999999983,-0.007699988442068324
3.2468000000000057,-0.007687023154118242
3.2469999999999937,-0.0076737273925733575
3.2472000000000127,-0.007660099507735441
3.2474,-0.0076461378538562625
3.2476000000000047,-0.007631840789161641
3.247799999999991,-0.007617206675905191
3.2480000000000104,-0.007602233880396082
3.248199999999997,-0.007586920773054374
3.248399999999985,-0.007571265728434904
3.2486000000000086,-0.007555267125274238
3.2487999999999917,-0.007538923346539565
3.2490000000000143,-0.007522232779447288
3.249199999999983,-0.007505193815529415
3.249400000000006,-0.007487804850642132
3.2495999999999894,-0.007470064285039532
3.249800000000012,-0.007451970523380258
3.25,-0.007433521974796419
3.250199999999988,-0.007414717052909029
3.2504000000000106,-0.007395554175876812
3.250599999999994,-0.007376031766445974
3.250800000000017,-0.007356148251964319
3.2509999999999857,-0.0073359020644516056
3.2512000000000083,-0.0073152916406016705
3.2513999999999914,-0.007294315421861498
3.251600000000015,-0.007272971854432022
3.251800000000003,-0.007251259389340533
3.2519999999999896,-0.007229176482451647
3.252200000000009,-0.0072067215945170295
3.2523999999999953,-0.007183893191225081
3.2526,-0.007160689743214987
3.2527999999999873,-0.007137109726137904
3.2530000000000063,-0.0071131516206755264
3.2531999999999943,-0.007088813912600611
3.2534000000000174,-0.007064095092786746
3.253600000000005,-0.007038993657278265
3.253799999999992,-0.007013508107297978
3.254000000000011,-0.006987636949298151
3.254199999999998,-0.006961378695010281
3.254400000000003,-0.006934731861455233
3.2545999999999893,-0.0069076949710068225
3.2548000000000092,-0.006880266551405669
3.254999999999996,-0.006852445135824864
3.2551999999999834,-0.006824229262876047
3.255400000000007,-0.006795617476660678
3.2555999999999896,-0.0067666083268227775
3.255800000000013,-0.006737200368547075
3.2559999999999816,-0.006707392162644096
3.256200000000006,-0.006677182275530312
3.256399999999992,-0.006646569279325817
3.2566000000000117,-0.0066155517518346404
3.2567999999999984,-0.006584128276627375
3.2569999999999864,-0.0065522974430408856
3.2572000000000094,-0.0065200578462287105
3.2573999999999925,-0.0064874080872158344
3.257600000000015,-0.006454346772890751
3.2577999999999845,-0.00642087251609513
3.258000000000007,-0.006386983935597643
3.25819999999999,-0.006352679656195891
3.2584000000000133,-0.006317958308689204
3.2586000000000013,-0.0062828185299696835
3.258799999999988,-0.0062472589630114105
3.2590000000000074,-0.006211278256924464
3.259199999999995,-0.006174875067007705
3.259400000000018,-0.006138048054741292
3.2595999999999865,-0.006100795887874974
3.25980000000001,-0.0060631172403956685
