x,y
1.072099999999132081e-04,0.000000000000000000e+00
3.072099999998911812e-04,0.000000000000000000e+00
5.072100000000911990e-04,0.000000000000000000e+00
7.072100000000691722e-04,0.000000000000000000e+00
9.072100000000471454e-04,0.000000000000000000e+00
1.107210000000025119e-03,0.000000000000000000e+00
1.307210000000003092e-03,0.000000000000000000e+00
1.507209999999981065e-03,0.000000000000000000e+00
1.707209999999514949e-03,0.000000000000000000e+00
1.907209999999492922e-03,0.000000000000000000e+00
2.107209999999692940e-03,0.000000000000000000e+00
2.307209999999892958e-03,0.000000000000000000e+00
2.507209999999648886e-03,0.000000000000000000e+00
2.707210000000070949e-03,0.000000000000000000e+00
2.907210000000048922e-03,0.000000000000000000e+00
3.107210000000026895e-03,0.000000000000000000e+00
3.307210000000004868e-03,0.000000000000000000e+00
3.507209999999982841e-03,0.000000000000000000e+00
3.707209999999960814e-03,0.000000000000000000e+00
3.907209999999938788e-03,0.000000000000000000e+00
4.107209999999916761e-03,0.000000000000000000e+00
4.307209999999894734e-03,0.000000000000000000e+00
4.507210000000094752e-03,0.000000000000000000e+00
4.707210000000072725e-03,0.000000000000000000e+00
4.907209999999606609e-03,0.000000000000000000e+00
5.107209999999140493e-03,0.000000000000000000e+00
5.307210000000006644e-03,0.000000000000000000e+00
5.507209999999984618e-03,0.000000000000000000e+00
5.707209999999518502e-03,0.000000000000000000e+00
5.907209999999940564e-03,0.000000000000000000e+00
6.107209999999918537e-03,0.000000000000000000e+00
6.307209999999896510e-03,0.000000000000000000e+00
6.507210000000096528e-03,0.000000000000000000e+00
6.707210000000296546e-03,0.000000000000000000e+00
6.907210000000052474e-03,0.000000000000000000e+00
7.107210000000030448e-03,0.000000000000000000e+00
7.307210000000008421e-03,0.000000000000000000e+00
7.507209999999986394e-03,0.000000000000000000e+00
7.707209999999520278e-03,0.000000000000000000e+00
7.907209999999498251e-03,0.000000000000000000e+00
8.107209999999698269e-03,0.000000000000000000e+00
8.307209999999676242e-03,0.000000000000000000e+00
8.507210000000098304e-03,0.000000000000000000e+00
8.707210000000076278e-03,0.000000000000000000e+00
8.907210000000054251e-03,0.000000000000000000e+00
9.107210000000032224e-03,0.000000000000000000e+00
9.307210000000010197e-03,0.000000000000000000e+00
9.507209999999988170e-03,0.000000000000000000e+00
9.707209999999966143e-03,0.000000000000000000e+00
9.907209999999944117e-03,0.000000000000000000e+00
1.010720999999992209e-02,0.000000000000000000e+00
1.030720999999990006e-02,0.000000000000000000e+00
1.050721000000010008e-02,0.000000000000000000e+00
1.070721000000007805e-02,0.000000000000000000e+00
1.090720999999961194e-02,0.000000000000000000e+00
1.110720999999958991e-02,0.000000000000000000e+00
1.130720999999956788e-02,0.000000000000000000e+00
1.150720999999998995e-02,0.000000000000000000e+00
1.170720999999996792e-02,0.000000000000000000e+00
1.190720999999994589e-02,0.000000000000000000e+00
1.210720999999992387e-02,0.000000000000000000e+00
1.230720999999990184e-02,0.000000000000000000e+00
1.250721000000010186e-02,0.000000000000000000e+00
1.270721000000007983e-02,0.000000000000000000e+00
1.290721000000005780e-02,0.000000000000000000e+00
1.310721000000003578e-02,0.000000000000000000e+00
1.330721000000001375e-02,0.000000000000000000e+00
1.350720999999999172e-02,0.000000000000000000e+00
1.370720999999996970e-02,0.000000000000000000e+00
1.390720999999950358e-02,0.000000000000000000e+00
1.410720999999970360e-02,0.000000000000000000e+00
1.430720999999968157e-02,0.000000000000000000e+00
1.450721000000010363e-02,0.000000000000000000e+00
1.470720999999963752e-02,0.000000000000000000e+00
1.490721000000005958e-02,0.000000000000000000e+00
1.510721000000003755e-02,0.000000000000000000e+00
1.530721000000001553e-02,0.000000000000000000e+00
1.550720999999999350e-02,0.000000000000000000e+00
1.570720999999997147e-02,0.000000000000000000e+00
1.590720999999994945e-02,0.000000000000000000e+00
1.610720999999992742e-02,0.000000000000000000e+00
1.630720999999990539e-02,0.000000000000000000e+00
1.650721000000010541e-02,0.000000000000000000e+00
1.670721000000008338e-02,0.000000000000000000e+00
1.690721000000006136e-02,0.000000000000000000e+00
1.710721000000003933e-02,0.000000000000000000e+00
1.730721000000001730e-02,0.000000000000000000e+00
1.750720999999999528e-02,0.000000000000000000e+00
1.770720999999997325e-02,0.000000000000000000e+00
1.790720999999950713e-02,0.000000000000000000e+00
1.810720999999992920e-02,0.000000000000000000e+00
1.830720999999990717e-02,0.000000000000000000e+00
1.850721000000010719e-02,0.000000000000000000e+00
1.870721000000008516e-02,0.000000000000000000e+00
1.890721000000050722e-02,0.000000000000000000e+00
1.910721000000004111e-02,0.000000000000000000e+00
1.930721000000001908e-02,0.000000000000000000e+00
1.950720999999999705e-02,0.000000000000000000e+00
1.970720999999997503e-02,0.000000000000000000e+00
1.990720999999950891e-02,0.000000000000000000e+00
2.010720999999970893e-02,0.000000000000000000e+00
2.030720999999968690e-02,0.000000000000000000e+00
2.050720999999966487e-02,0.000000000000000000e+00
2.070721000000008694e-02,0.000000000000000000e+00
2.090721000000006491e-02,0.000000000000000000e+00
2.110721000000004288e-02,0.000000000000000000e+00
2.130721000000002086e-02,0.000000000000000000e+00
2.150720999999999883e-02,0.000000000000000000e+00
2.170720999999997680e-02,0.000000000000000000e+00
2.190720999999995477e-02,0.000000000000000000e+00
2.210720999999993275e-02,0.000000000000000000e+00
2.230720999999991072e-02,0.000000000000000000e+00
2.250721000000011074e-02,0.000000000000000000e+00
2.270721000000008871e-02,0.000000000000000000e+00
2.290721000000006669e-02,0.000000000000000000e+00
2.310720999999960057e-02,0.000000000000000000e+00
2.330720999999957854e-02,0.000000000000000000e+00
2.350721000000000060e-02,0.000000000000000000e+00
2.370720999999997858e-02,0.000000000000000000e+00
2.390720999999995655e-02,0.000000000000000000e+00
2.410720999999993452e-02,0.000000000000000000e+00
2.430720999999991250e-02,0.000000000000000000e+00
2.450720999999989047e-02,0.000000000000000000e+00
2.470721000000009049e-02,0.000000000000000000e+00
2.490721000000006846e-02,0.000000000000000000e+00
2.510721000000004643e-02,0.000000000000000000e+00
2.530721000000002441e-02,0.000000000000000000e+00
2.550721000000000238e-02,0.000000000000000000e+00
2.570720999999998035e-02,0.000000000000000000e+00
2.590720999999995833e-02,0.000000000000000000e+00
2.610720999999949221e-02,0.000000000000000000e+00
2.630720999999969223e-02,0.000000000000000000e+00
2.650720999999922611e-02,0.000000000000000000e+00
2.670721000000009226e-02,0.000000000000000000e+00
2.690720999999962615e-02,0.000000000000000000e+00
2.710721000000004821e-02,0.000000000000000000e+00
2.730721000000002618e-02,0.000000000000000000e+00
2.750721000000000416e-02,0.000000000000000000e+00
2.770720999999998213e-02,0.000000000000000000e+00
2.790720999999996010e-02,0.000000000000000000e+00
2.810720999999993808e-02,0.000000000000000000e+00
2.830720999999991605e-02,0.000000000000000000e+00
2.850720999999989402e-02,0.000000000000000000e+00
2.870721000000009404e-02,0.000000000000000000e+00
2.890721000000007201e-02,0.000000000000000000e+00
2.910721000000004999e-02,0.000000000000000000e+00
2.930721000000002796e-02,0.000000000000000000e+00
2.950720999999956184e-02,0.000000000000000000e+00
2.970720999999998391e-02,0.000000000000000000e+00
2.990720999999951779e-02,0.000000000000000000e+00
3.010720999999949576e-02,0.000000000000000000e+00
3.030720999999991783e-02,0.000000000000000000e+00
3.050720999999989580e-02,0.000000000000000000e+00
3.070721000000009582e-02,0.000000000000000000e+00
3.090721000000007379e-02,0.000000000000000000e+00
3.110721000000049585e-02,0.000000000000000000e+00
3.130721000000002974e-02,0.000000000000000000e+00
3.150721000000000771e-02,0.000000000000000000e+00
3.170720999999998568e-02,0.000000000000000000e+00
3.190720999999996366e-02,0.000000000000000000e+00
3.210720999999994163e-02,0.000000000000000000e+00
3.230720999999969756e-02,0.000000000000000000e+00
3.250720999999967553e-02,0.000000000000000000e+00
3.270720999999965350e-02,0.000000000000000000e+00
3.290721000000007557e-02,0.000000000000000000e+00
3.310721000000005354e-02,0.000000000000000000e+00
3.330721000000003151e-02,0.000000000000000000e+00
3.350721000000000949e-02,0.000000000000000000e+00
3.370720999999998746e-02,0.000000000000000000e+00
3.390720999999996543e-02,0.000000000000000000e+00
3.410721000000038750e-02,0.000000000000000000e+00
3.430720999999992138e-02,0.000000000000000000e+00
3.450720999999989935e-02,0.000000000000000000e+00
3.470721000000009937e-02,0.000000000000000000e+00
3.490721000000007734e-02,0.000000000000000000e+00
3.510721000000005532e-02,0.000000000000000000e+00
3.530720999999958920e-02,0.000000000000000000e+00
3.550720999999956717e-02,0.000000000000000000e+00
3.570720999999954515e-02,0.000000000000000000e+00
3.590720999999996721e-02,0.000000000000000000e+00
3.610720999999994518e-02,0.000000000000000000e+00
3.630720999999992316e-02,0.000000000000000000e+00
3.650720999999990113e-02,0.000000000000000000e+00
3.670721000000010115e-02,0.000000000000000000e+00
3.690721000000007912e-02,0.000000000000000000e+00
3.710721000000005709e-02,0.000000000000000000e+00
3.730721000000003507e-02,0.000000000000000000e+00
3.750721000000001304e-02,0.000000000000000000e+00
3.770720999999999101e-02,0.000000000000000000e+00
3.790720999999996899e-02,0.000000000000000000e+00
3.810720999999994696e-02,0.000000000000000000e+00
3.830720999999970289e-02,0.000000000000000000e+00
3.850720999999968086e-02,0.000000000000000000e+00
3.870720999999965883e-02,0.000000000000000000e+00
3.890721000000008090e-02,0.000000000000000000e+00
3.910720999999961478e-02,0.000000000000000000e+00
3.930721000000003684e-02,0.000000000000000000e+00
3.950721000000001482e-02,0.000000000000000000e+00
3.970720999999999279e-02,0.000000000000000000e+00
3.990720999999997076e-02,0.000000000000000000e+00
4.010720999999994874e-02,0.000000000000000000e+00
4.030720999999992671e-02,0.000000000000000000e+00
4.050720999999990468e-02,0.000000000000000000e+00
4.070721000000010470e-02,0.000000000000000000e+00
4.090721000000008267e-02,0.000000000000000000e+00
4.110721000000006065e-02,0.000000000000000000e+00
4.130721000000003862e-02,0.000000000000000000e+00
4.150721000000001659e-02,0.000000000000000000e+00
4.170720999999999457e-02,0.000000000000000000e+00
4.190720999999997254e-02,0.000000000000000000e+00
4.210720999999950642e-02,0.000000000000000000e+00
4.230720999999970644e-02,0.000000000000000000e+00
4.250720999999990646e-02,0.000000000000000000e+00
4.270721000000010648e-02,0.000000000000000000e+00
4.290721000000008445e-02,0.000000000000000000e+00
4.310721000000006242e-02,0.000000000000000000e+00
4.330721000000048448e-02,0.000000000000000000e+00
4.350721000000001837e-02,0.000000000000000000e+00
4.370720999999999634e-02,0.000000000000000000e+00
4.390720999999997431e-02,0.000000000000000000e+00
4.410720999999995229e-02,0.000000000000000000e+00
4.430720999999993026e-02,0.000000000000000000e+00
4.450720999999968619e-02,0.000000000000000000e+00
4.470720999999966416e-02,0.000000000000000000e+00
4.490720999999964214e-02,0.000000000000000000e+00
4.510721000000006420e-02,0.000000000000000000e+00
4.530721000000004217e-02,0.000000000000000000e+00
4.550721000000002014e-02,0.000000000000000000e+00
4.570720999999999812e-02,0.000000000000000000e+00
4.590720999999997609e-02,0.000000000000000000e+00
4.610720999999995406e-02,0.000000000000000000e+00
4.630721000000037613e-02,0.000000000000000000e+00
4.650720999999991001e-02,0.000000000000000000e+00
4.670721000000011003e-02,0.000000000000000000e+00
4.690721000000008800e-02,0.000000000000000000e+00
4.710721000000006597e-02,0.000000000000000000e+00
4.730721000000004395e-02,0.000000000000000000e+00
4.750720999999957783e-02,0.000000000000000000e+00
4.770720999999999989e-02,0.000000000000000000e+00
4.790720999999997787e-02,0.000000000000000000e+00
4.810720999999995584e-02,0.000000000000000000e+00
4.830720999999993381e-02,0.000000000000000000e+00
4.850720999999991179e-02,0.000000000000000000e+00
4.870720999999988976e-02,0.000000000000000000e+00
4.890721000000008978e-02,0.000000000000000000e+00
4.910721000000006775e-02,0.000000000000000000e+00
4.930721000000004572e-02,0.000000000000000000e+00
4.950721000000002370e-02,0.000000000000000000e+00
4.970721000000000167e-02,0.000000000000000000e+00
4.990720999999997964e-02,0.000000000000000000e+00
5.010720999999995762e-02,0.000000000000000000e+00
5.030720999999993559e-02,0.000000000000000000e+00
5.050720999999969152e-02,0.000000000000000000e+00
5.070720999999966949e-02,0.000000000000000000e+00
5.090720999999920338e-02,0.000000000000000000e+00
5.110721000000006953e-02,0.000000000000000000e+00
5.130720999999960341e-02,0.000000000000000000e+00
5.150721000000002547e-02,0.000000000000000000e+00
5.170721000000000345e-02,0.000000000000000000e+00
5.190720999999998142e-02,0.000000000000000000e+00
5.210720999999995939e-02,0.000000000000000000e+00
5.230720999999993737e-02,0.000000000000000000e+00
5.250720999999991534e-02,0.000000000000000000e+00
5.270720999999989331e-02,0.000000000000000000e+00
5.290721000000009333e-02,0.000000000000000000e+00
5.310721000000007130e-02,0.000000000000000000e+00
5.330721000000004928e-02,0.000000000000000000e+00
5.350721000000002725e-02,0.000000000000000000e+00
5.370721000000000522e-02,0.000000000000000000e+00
5.390720999999953911e-02,0.000000000000000000e+00
5.410720999999996117e-02,0.000000000000000000e+00
5.430720999999949505e-02,0.000000000000000000e+00
5.450720999999969507e-02,0.000000000000000000e+00
5.470720999999989509e-02,0.000000000000000000e+00
5.490721000000009511e-02,0.000000000000000000e+00
5.510721000000007308e-02,0.000000000000000000e+00
5.530721000000005105e-02,0.000000000000000000e+00
5.550721000000047312e-02,0.000000000000000000e+00
5.570721000000000700e-02,0.000000000000000000e+00
5.590720999999998497e-02,0.000000000000000000e+00
5.610720999999996295e-02,0.000000000000000000e+00
5.630720999999994092e-02,0.000000000000000000e+00
5.650720999999991889e-02,0.000000000000000000e+00
5.670720999999967482e-02,0.000000000000000000e+00
5.690720999999920870e-02,0.000000000000000000e+00
5.710721000000007486e-02,0.000000000000000000e+00
5.730721000000005283e-02,0.000000000000000000e+00
5.750721000000003080e-02,0.000000000000000000e+00
5.770721000000000878e-02,0.000000000000000000e+00
5.790720999999998675e-02,0.000000000000000000e+00
5.810720999999996472e-02,0.000000000000000000e+00
5.830720999999994270e-02,0.000000000000000000e+00
5.850721000000036476e-02,0.000000000000000000e+00
5.870720999999989864e-02,0.000000000000000000e+00
5.890721000000009866e-02,0.000000000000000000e+00
5.910721000000007663e-02,0.000000000000000000e+00
5.930721000000005461e-02,0.000000000000000000e+00
5.950721000000003258e-02,0.000000000000000000e+00
5.970720999999956646e-02,0.000000000000000000e+00
5.990720999999954444e-02,0.000000000000000000e+00
6.010720999999952241e-02,0.000000000000000000e+00
6.030720999999994447e-02,0.000000000000000000e+00
6.050720999999992245e-02,0.000000000000000000e+00
6.070720999999990042e-02,0.000000000000000000e+00
6.090721000000010044e-02,0.000000000000000000e+00
6.110721000000007841e-02,0.000000000000000000e+00
6.130721000000005638e-02,0.000000000000000000e+00
6.150721000000003436e-02,0.000000000000000000e+00
6.170721000000001233e-02,0.000000000000000000e+00
6.190720999999999030e-02,0.000000000000000000e+00
6.210720999999996828e-02,0.000000000000000000e+00
6.230720999999994625e-02,0.000000000000000000e+00
6.250720999999992422e-02,0.000000000000000000e+00
6.270720999999968015e-02,0.000000000000000000e+00
6.290720999999965812e-02,0.000000000000000000e+00
6.310720999999963610e-02,0.000000000000000000e+00
6.330721000000005816e-02,0.000000000000000000e+00
6.350720999999959204e-02,0.000000000000000000e+00
6.370721000000001411e-02,0.000000000000000000e+00
6.390720999999999208e-02,0.000000000000000000e+00
6.410720999999997005e-02,0.000000000000000000e+00
6.430720999999994802e-02,0.000000000000000000e+00
6.450720999999992600e-02,0.000000000000000000e+00
6.470720999999990397e-02,0.000000000000000000e+00
6.490721000000010399e-02,0.000000000000000000e+00
6.510721000000008196e-02,0.000000000000000000e+00
6.530721000000005994e-02,0.000000000000000000e+00
6.550721000000003791e-02,0.000000000000000000e+00
6.570721000000001588e-02,0.000000000000000000e+00
6.590720999999999385e-02,0.000000000000000000e+00
6.610720999999952774e-02,0.000000000000000000e+00
6.630720999999994980e-02,0.000000000000000000e+00
6.650720999999970573e-02,0.000000000000000000e+00
6.670720999999968370e-02,0.000000000000000000e+00
6.690721000000010577e-02,0.000000000000000000e+00
6.710721000000008374e-02,0.000000000000000000e+00
6.730721000000006171e-02,0.000000000000000000e+00
6.750721000000003968e-02,0.000000000000000000e+00
6.770721000000046175e-02,0.000000000000000000e+00
6.790720999999999563e-02,0.000000000000000000e+00
6.810720999999997360e-02,0.000000000000000000e+00
6.830720999999995158e-02,0.000000000000000000e+00
6.850720999999992955e-02,0.000000000000000000e+00
6.870720999999990752e-02,0.000000000000000000e+00
6.890720999999921936e-02,0.000000000000000000e+00
6.910720999999964143e-02,0.000000000000000000e+00
6.930721000000006349e-02,0.000000000000000000e+00
6.950721000000004146e-02,0.000000000000000000e+00
6.970721000000001943e-02,0.000000000000000000e+00
6.990720999999999741e-02,0.000000000000000000e+00
7.010720999999997538e-02,0.000000000000000000e+00
7.030720999999995335e-02,0.000000000000000000e+00
7.050720999999993133e-02,0.000000000000000000e+00
7.070721000000035339e-02,0.000000000000000000e+00
7.090721000000010932e-02,0.000000000000000000e+00
7.110721000000008729e-02,0.000000000000000000e+00
7.130721000000006526e-02,0.000000000000000000e+00
7.150721000000004324e-02,0.000000000000000000e+00
7.170721000000002121e-02,0.000000000000000000e+00
7.190720999999955509e-02,0.000000000000000000e+00
7.210720999999997716e-02,0.000000000000000000e+00
7.230720999999951104e-02,0.000000000000000000e+00
7.250720999999993310e-02,0.000000000000000000e+00
7.270720999999991108e-02,0.000000000000000000e+00
7.290720999999988905e-02,0.000000000000000000e+00
7.310721000000008907e-02,0.000000000000000000e+00
7.330721000000006704e-02,0.000000000000000000e+00
7.350721000000004501e-02,0.000000000000000000e+00
7.370721000000002299e-02,0.000000000000000000e+00
7.390721000000000096e-02,0.000000000000000000e+00
7.410720999999997893e-02,0.000000000000000000e+00
7.430720999999995691e-02,0.000000000000000000e+00
7.450720999999993488e-02,0.000000000000000000e+00
7.470720999999991285e-02,0.000000000000000000e+00
7.490720999999966878e-02,0.000000000000000000e+00
7.510720999999964675e-02,0.000000000000000000e+00
7.530721000000006882e-02,0.000000000000000000e+00
7.550721000000004679e-02,0.000000000000000000e+00
7.570720999999958067e-02,0.000000000000000000e+00
7.590721000000000274e-02,0.000000000000000000e+00
7.610720999999998071e-02,0.000000000000000000e+00
7.630720999999995868e-02,0.000000000000000000e+00
7.650720999999993666e-02,0.000000000000000000e+00
7.670720999999991463e-02,0.000000000000000000e+00
7.690720999999989260e-02,0.000000000000000000e+00
7.710721000000009262e-02,0.000000000000000000e+00
7.730721000000007059e-02,0.000000000000000000e+00
7.750721000000004857e-02,0.000000000000000000e+00
7.770721000000002654e-02,0.000000000000000000e+00
7.790721000000000451e-02,0.000000000000000000e+00
7.810720999999998249e-02,0.000000000000000000e+00
7.830720999999951637e-02,0.000000000000000000e+00
7.850720999999993843e-02,0.000000000000000000e+00
7.870720999999969436e-02,0.000000000000000000e+00
7.890720999999967233e-02,0.000000000000000000e+00
7.910721000000009440e-02,0.000000000000000000e+00
7.930721000000007237e-02,0.000000000000000000e+00
7.950721000000005034e-02,0.000000000000000000e+00
7.970721000000002832e-02,0.000000000000000000e+00
7.990721000000045038e-02,0.000000000000000000e+00
8.010720999999998426e-02,0.000000000000000000e+00
8.030720999999996224e-02,0.000000000000000000e+00
8.050720999999994021e-02,0.000000000000000000e+00
8.070720999999991818e-02,0.000000000000000000e+00
8.090720999999989616e-02,0.000000000000000000e+00
8.110720999999920799e-02,0.000000000000000000e+00
8.130720999999918597e-02,0.000000000000000000e+00
8.150721000000005212e-02,0.000000000000000000e+00
8.170721000000003009e-02,0.000000000000000000e+00
8.190721000000000807e-02,0.000000000000000000e+00
8.210720999999998604e-02,0.000000000000000000e+00
8.230720999999996401e-02,0.000000000000000000e+00
8.250720999999994199e-02,0.000000000000000000e+00
8.270720999999991996e-02,0.000000000000000000e+00
8.290721000000034202e-02,0.000000000000000000e+00
8.310721000000009795e-02,0.000000000000000000e+00
8.330721000000007592e-02,0.000000000000000000e+00
8.350721000000005390e-02,0.000000000000000000e+00
8.370721000000003187e-02,0.000000000000000000e+00
8.390721000000000984e-02,0.000000000000000000e+00
8.410720999999954373e-02,0.000000000000000000e+00
8.430720999999952170e-02,0.000000000000000000e+00
8.450720999999949967e-02,0.000000000000000000e+00
8.470720999999992173e-02,0.000000000000000000e+00
8.490720999999989971e-02,0.000000000000000000e+00
8.510721000000009973e-02,0.000000000000000000e+00
8.530721000000007770e-02,0.000000000000000000e+00
8.550721000000005567e-02,0.000000000000000000e+00
8.570721000000003365e-02,0.000000000000000000e+00
8.590721000000001162e-02,0.000000000000000000e+00
8.610720999999998959e-02,0.000000000000000000e+00
8.630720999999996756e-02,0.000000000000000000e+00
8.650720999999994554e-02,0.000000000000000000e+00
8.670720999999992351e-02,0.000000000000000000e+00
8.690720999999990148e-02,0.000000000000000000e+00
8.710720999999965741e-02,0.000000000000000000e+00
8.730720999999963539e-02,0.000000000000000000e+00
8.750720999999961336e-02,0.000000000000000000e+00
8.770721000000003542e-02,0.000000000000000000e+00
8.790720999999956931e-02,0.000000000000000000e+00
8.810720999999999137e-02,0.000000000000000000e+00
8.830720999999996934e-02,0.000000000000000000e+00
8.850720999999994731e-02,0.000000000000000000e+00
8.870720999999992529e-02,0.000000000000000000e+00
8.890720999999990326e-02,0.000000000000000000e+00
8.910721000000010328e-02,0.000000000000000000e+00
8.930721000000008125e-02,0.000000000000000000e+00
8.950721000000005922e-02,0.000000000000000000e+00
8.970721000000003720e-02,0.000000000000000000e+00
8.990721000000001517e-02,0.000000000000000000e+00
9.010720999999999314e-02,0.000000000000000000e+00
9.030720999999952703e-02,0.000000000000000000e+00
9.050720999999950500e-02,0.000000000000000000e+00
9.070720999999992706e-02,0.000000000000000000e+00
9.090720999999968299e-02,0.000000000000000000e+00
9.110721000000010505e-02,0.000000000000000000e+00
9.130721000000008303e-02,0.000000000000000000e+00
9.150721000000006100e-02,0.000000000000000000e+00
9.170721000000003897e-02,0.000000000000000000e+00
9.190721000000001695e-02,0.000000000000000000e+00
9.210720999999999492e-02,0.000000000000000000e+00
9.230720999999997289e-02,0.000000000000000000e+00
9.250720999999995087e-02,0.000000000000000000e+00
9.270720999999992884e-02,0.000000000000000000e+00
9.290720999999990681e-02,0.000000000000000000e+00
9.310721000000010683e-02,0.000000000000000000e+00
9.330720999999919663e-02,0.000000000000000000e+00
9.350720999999961869e-02,0.000000000000000000e+00
9.370721000000004075e-02,0.000000000000000000e+00
9.390721000000001872e-02,0.000000000000000000e+00
9.410720999999999670e-02,0.000000000000000000e+00
9.430720999999997467e-02,0.000000000000000000e+00
9.450720999999995264e-02,0.000000000000000000e+00
9.470720999999993062e-02,0.000000000000000000e+00
9.490720999999990859e-02,0.000000000000000000e+00
9.510721000000033065e-02,0.000000000000000000e+00
9.530721000000008658e-02,0.000000000000000000e+00
9.550721000000006455e-02,0.000000000000000000e+00
9.570721000000004253e-02,0.000000000000000000e+00
9.590721000000002050e-02,0.000000000000000000e+00
9.610720999999999847e-02,0.000000000000000000e+00
9.630720999999953236e-02,0.000000000000000000e+00
9.650720999999951033e-02,0.000000000000000000e+00
9.670720999999971035e-02,0.000000000000000000e+00
9.690720999999991037e-02,0.000000000000000000e+00
9.710721000000011038e-02,0.000000000000000000e+00
9.730721000000008836e-02,0.000000000000000000e+00
9.750721000000006633e-02,0.000000000000000000e+00
9.770721000000004430e-02,0.000000000000000000e+00
9.790721000000002228e-02,0.000000000000000000e+00
9.810721000000000025e-02,0.000000000000000000e+00
9.830720999999997822e-02,0.000000000000000000e+00
9.850720999999995620e-02,0.000000000000000000e+00
9.870720999999993417e-02,0.000000000000000000e+00
9.890720999999991214e-02,0.000000000000000000e+00
9.910720999999989012e-02,0.000000000000000000e+00
9.930720999999964604e-02,0.000000000000000000e+00
9.950720999999962402e-02,0.000000000000000000e+00
9.970721000000004608e-02,0.000000000000000000e+00
9.990721000000002405e-02,0.000000000000000000e+00
1.001072099999995579e-01,0.000000000000000000e+00
1.003072099999999800e-01,0.000000000000000000e+00
1.005072099999999580e-01,0.000000000000000000e+00
1.007072099999999359e-01,0.000000000000000000e+00
1.009072099999999139e-01,0.000000000000000000e+00
1.011072099999998919e-01,0.000000000000000000e+00
1.013072100000000919e-01,0.000000000000000000e+00
1.015072100000000699e-01,0.000000000000000000e+00
1.017072100000000479e-01,0.000000000000000000e+00
1.019072100000000258e-01,0.000000000000000000e+00
1.021072100000000038e-01,0.000000000000000000e+00
1.023072099999999818e-01,0.000000000000000000e+00
1.025072099999995157e-01,0.000000000000000000e+00
1.027072099999994936e-01,0.000000000000000000e+00
1.029072099999999157e-01,0.000000000000000000e+00
1.031072099999996716e-01,0.000000000000000000e+00
1.033072100000000937e-01,0.000000000000000000e+00
1.035072100000000717e-01,0.000000000000000000e+00
1.037072100000000496e-01,0.000000000000000000e+00
1.039072100000000276e-01,0.000000000000000000e+00
1.041072100000000056e-01,0.000000000000000000e+00
1.043072099999999836e-01,0.000000000000000000e+00
1.045072099999999615e-01,0.000000000000000000e+00
1.047072099999999395e-01,0.000000000000000000e+00
1.049072099999999175e-01,0.000000000000000000e+00
1.051072099999998954e-01,0.000000000000000000e+00
1.053072100000000955e-01,0.000000000000000000e+00
1.055072099999996293e-01,0.000000000000000000e+00
1.057072099999991632e-01,0.000000000000000000e+00
1.059072100000000294e-01,0.000000000000000000e+00
1.061072100000000074e-01,0.000000000000000000e+00
1.063072099999999853e-01,0.000000000000000000e+00
1.065072099999999633e-01,0.000000000000000000e+00
1.067072099999999413e-01,0.000000000000000000e+00
1.069072099999999192e-01,0.000000000000000000e+00
1.071072099999998972e-01,0.000000000000000000e+00
1.073072100000003193e-01,0.000000000000000000e+00
1.075072100000000752e-01,0.000000000000000000e+00
1.077072100000000532e-01,0.000000000000000000e+00
1.079072100000000312e-01,0.000000000000000000e+00
1.081072100000000091e-01,0.000000000000000000e+00
1.083072099999999871e-01,0.000000000000000000e+00
1.085072099999995210e-01,0.000000000000000000e+00
1.087072099999994990e-01,0.000000000000000000e+00
1.089072099999996990e-01,0.000000000000000000e+00
1.091072099999998990e-01,0.000000000000000000e+00
1.093072100000000990e-01,0.000000000000000000e+00
1.095072100000000770e-01,0.000000000000000000e+00
1.097072100000000550e-01,0.000000000000000000e+00
1.099072100000000329e-01,0.000000000000000000e+00
1.101072100000000109e-01,0.000000000000000000e+00
1.103072099999999889e-01,0.000000000000000000e+00
1.105072099999999669e-01,0.000000000000000000e+00
1.107072099999999448e-01,0.000000000000000000e+00
1.109072099999999228e-01,0.000000000000000000e+00
1.111072099999999008e-01,0.000000000000000000e+00
1.113072100000001008e-01,0.000000000000000000e+00
1.115072099999996347e-01,0.000000000000000000e+00
1.117072099999996126e-01,0.000000000000000000e+00
1.119072099999995906e-01,0.000000000000000000e+00
1.121072100000000127e-01,0.000000000000000000e+00
1.123072099999995466e-01,0.000000000000000000e+00
1.125072099999999686e-01,0.000000000000000000e+00
1.127072099999999466e-01,0.000000000000000000e+00
1.129072099999999246e-01,0.000000000000000000e+00
1.131072099999999025e-01,0.000000000000000000e+00
1.133072100000001026e-01,0.000000000000000000e+00
1.135072100000000805e-01,0.000000000000000000e+00
1.137072100000000585e-01,0.000000000000000000e+00
1.139072100000000365e-01,0.000000000000000000e+00
1.141072100000000145e-01,0.000000000000000000e+00
1.143072099999999924e-01,0.000000000000000000e+00
1.145072099999995263e-01,0.000000000000000000e+00
1.147072099999995043e-01,0.000000000000000000e+00
1.149072099999997043e-01,0.000000000000000000e+00
1.151072099999999043e-01,0.000000000000000000e+00
1.153072099999996603e-01,0.000000000000000000e+00
1.155072100000000823e-01,0.000000000000000000e+00
1.157072100000000603e-01,0.000000000000000000e+00
1.159072100000000383e-01,0.000000000000000000e+00
1.161072100000000162e-01,0.000000000000000000e+00
1.163072099999999942e-01,0.000000000000000000e+00
1.165072099999999722e-01,0.000000000000000000e+00
1.167072099999999502e-01,0.000000000000000000e+00
1.169072099999999281e-01,0.000000000000000000e+00
1.171072099999999061e-01,0.000000000000000000e+00
1.173072100000001061e-01,0.000000000000000000e+00
1.175072100000000841e-01,0.000000000000000000e+00
1.177072099999996180e-01,0.000000000000000000e+00
1.179072099999995960e-01,0.000000000000000000e+00
1.181072100000000180e-01,0.000000000000000000e+00
1.183072099999999960e-01,0.000000000000000000e+00
1.185072099999999740e-01,0.000000000000000000e+00
1.187072099999999519e-01,0.000000000000000000e+00
1.189072099999999299e-01,0.000000000000000000e+00
1.191072099999999079e-01,0.000000000000000000e+00
1.193072100000001079e-01,0.000000000000000000e+00
1.195072100000003079e-01,0.000000000000000000e+00
1.197072100000000638e-01,0.000000000000000000e+00
1.199072100000000418e-01,0.000000000000000000e+00
1.201072100000000198e-01,0.000000000000000000e+00
1.203072099999999978e-01,0.000000000000000000e+00
1.205072099999999757e-01,0.000000000000000000e+00
1.207072099999995096e-01,0.000000000000000000e+00
1.209072099999997096e-01,0.000000000000000000e+00
1.211072099999999097e-01,0.000000000000000000e+00
1.213072100000001097e-01,0.000000000000000000e+00
1.215072100000000876e-01,0.000000000000000000e+00
1.217072100000000656e-01,0.000000000000000000e+00
1.219072100000000436e-01,0.000000000000000000e+00
1.221072100000000216e-01,0.000000000000000000e+00
1.223072099999999995e-01,0.000000000000000000e+00
1.225072099999999775e-01,0.000000000000000000e+00
1.227072099999999555e-01,0.000000000000000000e+00
1.229072099999999335e-01,0.000000000000000000e+00
1.231072099999999114e-01,0.000000000000000000e+00
1.233072099999998894e-01,0.000000000000000000e+00
1.235072100000000894e-01,0.000000000000000000e+00
1.237072099999996233e-01,0.000000000000000000e+00
1.239072099999996013e-01,0.000000000000000000e+00
1.241072100000000233e-01,0.000000000000000000e+00
1.243072100000000013e-01,0.000000000000000000e+00
1.245072099999999793e-01,0.000000000000000000e+00
1.247072099999999573e-01,0.000000000000000000e+00
1.249072099999999352e-01,0.000000000000000000e+00
1.251072099999999132e-01,0.000000000000000000e+00
1.253072099999998912e-01,0.000000000000000000e+00
1.255072100000000912e-01,0.000000000000000000e+00
1.257072100000000692e-01,0.000000000000000000e+00
1.259072100000000471e-01,0.000000000000000000e+00
1.261072100000000251e-01,0.000000000000000000e+00
1.263072100000000031e-01,0.000000000000000000e+00
1.265072099999999811e-01,0.000000000000000000e+00
1.267072099999995149e-01,0.000000000000000000e+00
1.269072099999994929e-01,0.000000000000000000e+00
1.271072099999999150e-01,0.000000000000000000e+00
1.273072099999998930e-01,0.000000000000000000e+00
1.275072100000000930e-01,0.000000000000000000e+00
1.277072100000000709e-01,0.000000000000000000e+00
1.279072100000000489e-01,0.000000000000000000e+00
1.281072100000000269e-01,0.000000000000000000e+00
1.283072100000000049e-01,0.000000000000000000e+00
1.285072099999999828e-01,0.000000000000000000e+00
1.287072099999999608e-01,0.000000000000000000e+00
1.289072099999999388e-01,0.000000000000000000e+00
1.291072099999999168e-01,0.000000000000000000e+00
1.293072099999998947e-01,0.000000000000000000e+00
1.295072100000000948e-01,0.000000000000000000e+00
1.297072100000000727e-01,0.000000000000000000e+00
1.299072099999996066e-01,0.000000000000000000e+00
1.301072100000000287e-01,0.000000000000000000e+00
1.303072100000000066e-01,0.000000000000000000e+00
1.305072099999999846e-01,0.000000000000000000e+00
1.307072099999995185e-01,0.000000000000000000e+00
1.309072099999999406e-01,0.000000000000000000e+00
1.311072099999999185e-01,0.000000000000000000e+00
1.313072099999998965e-01,0.000000000000000000e+00
1.315072100000000965e-01,0.000000000000000000e+00
1.317072100000002965e-01,0.000000000000000000e+00
1.319072100000000525e-01,0.000000000000000000e+00
1.321072100000000304e-01,0.000000000000000000e+00
1.323072100000000084e-01,0.000000000000000000e+00
1.325072099999999864e-01,0.000000000000000000e+00
1.327072099999995203e-01,0.000000000000000000e+00
1.329072099999994983e-01,0.000000000000000000e+00
1.331072099999996983e-01,0.000000000000000000e+00
1.333072099999998983e-01,0.000000000000000000e+00
1.335072100000000983e-01,0.000000000000000000e+00
1.337072100000000763e-01,0.000000000000000000e+00
1.339072100000000543e-01,0.000000000000000000e+00
1.341072100000000322e-01,0.000000000000000000e+00
1.343072100000000102e-01,0.000000000000000000e+00
1.345072099999999882e-01,0.000000000000000000e+00
1.347072099999999661e-01,0.000000000000000000e+00
1.349072099999999441e-01,0.000000000000000000e+00
1.351072099999999221e-01,0.000000000000000000e+00
1.353072099999999001e-01,0.000000000000000000e+00
1.355072100000001001e-01,0.000000000000000000e+00
1.357072100000000781e-01,0.000000000000000000e+00
1.359072099999996119e-01,0.000000000000000000e+00
1.361072099999995899e-01,0.000000000000000000e+00
1.363072100000000120e-01,0.000000000000000000e+00
1.365072099999999899e-01,0.000000000000000000e+00
1.367072099999999679e-01,0.000000000000000000e+00
1.369072099999999459e-01,0.000000000000000000e+00
1.371072099999999239e-01,0.000000000000000000e+00
1.373072099999999018e-01,0.000000000000000000e+00
1.375072100000001019e-01,0.000000000000000000e+00
1.377072100000000798e-01,0.000000000000000000e+00
1.379072100000000578e-01,0.000000000000000000e+00
1.381072100000000358e-01,0.000000000000000000e+00
1.383072100000000137e-01,0.000000000000000000e+00
1.385072099999999917e-01,0.000000000000000000e+00
1.387072099999999697e-01,0.000000000000000000e+00
1.389072099999995036e-01,0.000000000000000000e+00
1.391072099999997036e-01,0.000000000000000000e+00
1.393072099999996816e-01,0.000000000000000000e+00
1.395072100000001036e-01,0.000000000000000000e+00
1.397072100000000816e-01,0.000000000000000000e+00
1.399072100000000596e-01,0.000000000000000000e+00
1.401072100000000376e-01,0.000000000000000000e+00
1.403072100000000155e-01,0.000000000000000000e+00
1.405072099999999935e-01,0.000000000000000000e+00
1.407072099999999715e-01,0.000000000000000000e+00
1.409072099999999494e-01,0.000000000000000000e+00
1.411072099999999274e-01,0.000000000000000000e+00
1.413072099999999054e-01,0.000000000000000000e+00
1.415072100000001054e-01,0.000000000000000000e+00
1.417072100000000834e-01,0.000000000000000000e+00
1.419072100000000614e-01,0.000000000000000000e+00
1.421072100000000393e-01,0.000000000000000000e+00
1.423072100000000173e-01,0.000000000000000000e+00
1.425072099999999953e-01,0.000000000000000000e+00
1.427072099999999732e-01,0.000000000000000000e+00
1.429072099999995071e-01,0.000000000000000000e+00
1.431072099999999292e-01,0.000000000000000000e+00
1.433072099999999072e-01,0.000000000000000000e+00
1.435072100000001072e-01,0.000000000000000000e+00
1.437072100000000852e-01,0.000000000000000000e+00
1.439072100000005072e-01,0.000000000000000000e+00
1.441072100000000411e-01,0.000000000000000000e+00
1.443072100000000191e-01,0.000000000000000000e+00
1.445072099999999971e-01,0.000000000000000000e+00
1.447072099999999750e-01,0.000000000000000000e+00
1.449072099999995089e-01,0.000000000000000000e+00
1.451072099999997089e-01,0.000000000000000000e+00
1.453072099999996869e-01,0.000000000000000000e+00
1.455072100000001090e-01,0.000000000000000000e+00
1.457072100000000869e-01,0.000000000000000000e+00
1.459072100000000649e-01,0.000000000000000000e+00
1.461072100000000429e-01,0.000000000000000000e+00
1.463072100000000209e-01,0.000000000000000000e+00
1.465072099999999988e-01,0.000000000000000000e+00
1.467072099999999768e-01,0.000000000000000000e+00
1.469072099999999548e-01,0.000000000000000000e+00
1.471072099999999327e-01,0.000000000000000000e+00
1.473072099999999107e-01,0.000000000000000000e+00
1.475072100000001107e-01,0.000000000000000000e+00
1.477072100000000887e-01,0.000000000000000000e+00
1.479072100000000667e-01,0.000000000000000000e+00
1.481072099999996006e-01,0.000000000000000000e+00
1.483072099999995785e-01,0.000000000000000000e+00
1.485072100000000006e-01,0.000000000000000000e+00
1.487072099999999786e-01,0.000000000000000000e+00
1.489072099999999566e-01,0.000000000000000000e+00
1.491072099999999345e-01,0.000000000000000000e+00
1.493072099999999125e-01,0.000000000000000000e+00
1.495072099999998905e-01,0.000000000000000000e+00
1.497072100000000905e-01,0.000000000000000000e+00
1.499072100000000685e-01,0.000000000000000000e+00
1.501072100000000464e-01,0.000000000000000000e+00
1.503072100000000244e-01,0.000000000000000000e+00
1.505072100000000024e-01,0.000000000000000000e+00
1.507072099999999804e-01,0.000000000000000000e+00
1.509072099999999583e-01,0.000000000000000000e+00
1.511072099999994922e-01,0.000000000000000000e+00
1.513072099999996922e-01,0.000000000000000000e+00
1.515072099999998922e-01,0.000000000000000000e+00
1.517072100000000923e-01,0.000000000000000000e+00
1.519072100000000702e-01,0.000000000000000000e+00
1.521072100000000482e-01,0.000000000000000000e+00
1.523072100000000262e-01,0.000000000000000000e+00
1.525072100000000042e-01,0.000000000000000000e+00
1.527072099999999821e-01,0.000000000000000000e+00
1.529072099999999601e-01,0.000000000000000000e+00
1.531072099999999381e-01,0.000000000000000000e+00
1.533072099999999161e-01,0.000000000000000000e+00
1.535072099999998940e-01,0.000000000000000000e+00
1.537072100000000940e-01,0.000000000000000000e+00
1.539072100000000720e-01,0.000000000000000000e+00
1.541072100000000500e-01,0.000000000000000000e+00
1.543072100000000280e-01,0.000000000000000000e+00
1.545072100000000059e-01,0.000000000000000000e+00
1.547072099999999839e-01,0.000000000000000000e+00
1.549072099999999619e-01,0.000000000000000000e+00
1.551072099999994958e-01,0.000000000000000000e+00
1.553072099999999178e-01,0.000000000000000000e+00
1.555072099999998958e-01,0.000000000000000000e+00
1.557072100000000958e-01,0.000000000000000000e+00
1.559072100000000738e-01,0.000000000000000000e+00
1.561072100000004959e-01,0.000000000000000000e+00
1.563072100000000297e-01,0.000000000000000000e+00
1.565072100000000077e-01,0.000000000000000000e+00
1.567072099999999857e-01,0.000000000000000000e+00
1.569072099999999637e-01,0.000000000000000000e+00
1.571072099999999416e-01,0.000000000000000000e+00
1.573072099999996976e-01,0.000000000000000000e+00
1.575072099999996755e-01,0.000000000000000000e+00
1.577072100000000976e-01,0.000000000000000000e+00
1.579072100000000756e-01,0.000000000000000000e+00
1.581072100000000535e-01,0.000000000000000000e+00
1.583072100000000315e-01,0.000000000000000000e+00
1.585072100000000095e-01,0.000000000000000000e+00
1.587072099999999875e-01,0.000000000000000000e+00
1.589072099999999654e-01,0.000000000000000000e+00
1.591072100000003875e-01,0.000000000000000000e+00
1.593072099999999214e-01,0.000000000000000000e+00
1.595072099999998994e-01,0.000000000000000000e+00
1.597072100000000994e-01,0.000000000000000000e+00
1.599072100000000773e-01,0.000000000000000000e+00
1.601072100000000553e-01,0.000000000000000000e+00
1.603072099999995892e-01,0.000000000000000000e+00
1.605072099999995672e-01,0.000000000000000000e+00
1.607072099999999892e-01,0.000000000000000000e+00
1.609072099999999672e-01,0.000000000000000000e+00
1.611072099999999452e-01,0.000000000000000000e+00
1.613072099999999232e-01,0.000000000000000000e+00
1.615072099999999011e-01,0.000000000000000000e+00
1.617072100000001011e-01,0.000000000000000000e+00
1.619072100000000791e-01,0.000000000000000000e+00
1.621072100000000571e-01,0.000000000000000000e+00
1.623072100000000351e-01,0.000000000000000000e+00
1.625072100000000130e-01,0.000000000000000000e+00
1.627072099999999910e-01,0.000000000000000000e+00
1.629072099999999690e-01,0.000000000000000000e+00
1.631072099999999470e-01,0.000000000000000000e+00
1.633072099999997029e-01,0.000000000000000000e+00
1.635072099999996809e-01,0.000000000000000000e+00
1.637072099999996588e-01,0.000000000000000000e+00
1.639072100000000809e-01,0.000000000000000000e+00
1.641072100000000589e-01,0.000000000000000000e+00
1.643072100000000368e-01,0.000000000000000000e+00
1.645072100000000148e-01,0.000000000000000000e+00
1.647072099999999928e-01,0.000000000000000000e+00
1.649072099999999708e-01,0.000000000000000000e+00
1.651072099999999487e-01,0.000000000000000000e+00
1.653072099999999267e-01,0.000000000000000000e+00
1.655072099999999047e-01,0.000000000000000000e+00
1.657072100000001047e-01,0.000000000000000000e+00
1.659072100000000827e-01,0.000000000000000000e+00
1.661072100000000606e-01,0.000000000000000000e+00
1.663072100000000386e-01,0.000000000000000000e+00
1.665072100000000166e-01,0.000000000000000000e+00
1.667072099999999946e-01,0.000000000000000000e+00
1.669072099999999725e-01,0.000000000000000000e+00
1.671072099999999505e-01,0.000000000000000000e+00
1.673072099999997064e-01,0.000000000000000000e+00
1.675072099999999065e-01,0.000000000000000000e+00
1.677072100000001065e-01,0.000000000000000000e+00
1.679072100000000844e-01,0.000000000000000000e+00
1.681072100000000624e-01,0.000000000000000000e+00
1.683072100000004845e-01,0.000000000000000000e+00
1.685072100000000184e-01,0.000000000000000000e+00
1.687072099999999963e-01,0.000000000000000000e+00
1.689072099999999743e-01,0.000000000000000000e+00
1.691072099999999523e-01,0.000000000000000000e+00
1.693072099999999303e-01,0.000000000000000000e+00
1.695072099999996862e-01,0.000000000000000000e+00
1.697072099999996642e-01,0.000000000000000000e+00
1.699072100000000862e-01,0.000000000000000000e+00
1.701072100000000642e-01,0.000000000000000000e+00
1.703072100000000422e-01,0.000000000000000000e+00
1.705072100000000201e-01,0.000000000000000000e+00
1.707072099999999981e-01,0.000000000000000000e+00
1.709072099999999761e-01,0.000000000000000000e+00
1.711072099999999541e-01,0.000000000000000000e+00
1.713072100000003761e-01,0.000000000000000000e+00
1.715072099999999100e-01,0.000000000000000000e+00
1.717072100000001100e-01,0.000000000000000000e+00
1.719072100000000880e-01,0.000000000000000000e+00
1.721072100000000660e-01,0.000000000000000000e+00
1.723072100000000439e-01,0.000000000000000000e+00
1.725072099999995778e-01,0.000000000000000000e+00
1.727072099999999999e-01,0.000000000000000000e+00
1.729072099999999779e-01,0.000000000000000000e+00
1.731072099999999558e-01,0.000000000000000000e+00
1.733072099999999338e-01,0.000000000000000000e+00
1.735072099999999118e-01,0.000000000000000000e+00
1.737072099999998898e-01,0.000000000000000000e+00
1.739072100000000898e-01,0.000000000000000000e+00
1.741072100000000678e-01,0.000000000000000000e+00
1.743072100000000457e-01,0.000000000000000000e+00
1.745072100000000237e-01,0.000000000000000000e+00
1.747072100000000017e-01,0.000000000000000000e+00
1.749072099999999796e-01,0.000000000000000000e+00
1.751072099999999576e-01,0.000000000000000000e+00
1.753072099999999356e-01,0.000000000000000000e+00
1.755072099999996915e-01,0.000000000000000000e+00
1.757072099999996695e-01,0.000000000000000000e+00
1.759072100000000916e-01,0.000000000000000000e+00
1.761072100000000695e-01,0.000000000000000000e+00
1.763072100000000475e-01,0.000000000000000000e+00
1.765072100000000255e-01,0.000000000000000000e+00
1.767072100000000034e-01,0.000000000000000000e+00
1.769072099999999814e-01,0.000000000000000000e+00
1.771072099999999594e-01,0.000000000000000000e+00
1.773072099999999374e-01,0.000000000000000000e+00
1.775072099999999153e-01,0.000000000000000000e+00
1.777072099999998933e-01,0.000000000000000000e+00
1.779072100000000933e-01,0.000000000000000000e+00
1.781072100000000713e-01,0.000000000000000000e+00
1.783072100000000493e-01,0.000000000000000000e+00
1.785072100000000273e-01,0.000000000000000000e+00
1.787072100000000052e-01,0.000000000000000000e+00
1.789072099999999832e-01,0.000000000000000000e+00
1.791072099999999612e-01,0.000000000000000000e+00
1.793072099999999391e-01,0.000000000000000000e+00
1.795072099999996951e-01,0.000000000000000000e+00
1.797072099999998951e-01,0.000000000000000000e+00
1.799072100000000951e-01,0.000000000000000000e+00
1.801072100000000731e-01,0.000000000000000000e+00
1.803072100000000511e-01,0.000000000000000000e+00
1.805072100000004731e-01,0.000000000000000000e+00
1.807072100000000070e-01,0.000000000000000000e+00
1.809072099999999850e-01,0.000000000000000000e+00
1.811072099999999629e-01,0.000000000000000000e+00
1.813072099999999409e-01,0.000000000000000000e+00
1.815072099999999189e-01,0.000000000000000000e+00
1.817072099999996748e-01,0.000000000000000000e+00
1.819072100000000969e-01,0.000000000000000000e+00
1.821072100000000749e-01,0.000000000000000000e+00
1.823072100000000528e-01,0.000000000000000000e+00
1.825072100000000308e-01,0.000000000000000000e+00
1.827072100000000088e-01,0.000000000000000000e+00
1.829072099999999867e-01,0.000000000000000000e+00
1.831072099999999647e-01,0.000000000000000000e+00
1.833072099999999427e-01,0.000000000000000000e+00
1.835072100000003648e-01,0.000000000000000000e+00
1.837072099999998986e-01,0.000000000000000000e+00
1.839072100000000987e-01,0.000000000000000000e+00
1.841072100000000766e-01,0.000000000000000000e+00
1.843072100000000546e-01,0.000000000000000000e+00
1.845072100000000326e-01,0.000000000000000000e+00
1.847072099999995665e-01,0.000000000000000000e+00
1.849072099999995444e-01,0.000000000000000000e+00
1.851072099999999665e-01,0.000000000000000000e+00
1.853072099999999445e-01,0.000000000000000000e+00
1.855072099999999224e-01,0.000000000000000000e+00
1.857072099999999004e-01,0.000000000000000000e+00
1.859072100000001004e-01,0.000000000000000000e+00
1.861072100000000784e-01,0.000000000000000000e+00
1.863072100000000564e-01,0.000000000000000000e+00
1.865072100000000344e-01,0.000000000000000000e+00
1.867072100000000123e-01,0.000000000000000000e+00
1.869072099999999903e-01,0.000000000000000000e+00
1.871072099999999683e-01,0.000000000000000000e+00
1.873072099999999462e-01,0.000000000000000000e+00
1.875072099999999242e-01,0.000000000000000000e+00
1.877072099999996802e-01,0.000000000000000000e+00
1.879072099999996581e-01,0.000000000000000000e+00
1.881072100000000802e-01,0.000000000000000000e+00
1.883072100000000582e-01,0.000000000000000000e+00
1.885072100000000361e-01,0.000000000000000000e+00
1.887072100000000141e-01,0.000000000000000000e+00
1.889072099999999921e-01,0.000000000000000000e+00
1.891072099999995260e-01,0.000000000000000000e+00
1.893072099999999480e-01,-8.120374911608434221e-03
1.895072099999999260e-01,-8.135767792969433518e-03
1.897072099999999040e-01,-8.151181160715521151e-03
1.899072100000001040e-01,-8.166614921364912308e-03
1.901072100000000820e-01,-8.182068982258029061e-03
1.903072100000000599e-01,-8.197543251573886566e-03
1.905072100000000379e-01,-8.213037638346033439e-03
1.907072100000000159e-01,-8.228552052478336001e-03
1.909072099999999939e-01,-8.244086404760569975e-03
1.911072099999995277e-01,-8.259640606883547273e-03
1.913072099999999498e-01,-8.275214571454371157e-03
1.915072099999999278e-01,-8.290808212010726888e-03
1.917072099999996837e-01,-8.306421443035722288e-03
1.919072100000001058e-01,-8.322054179971857465e-03
1.921072100000000837e-01,-8.337706339234791583e-03
1.923072100000000617e-01,-8.353377838227057581e-03
1.925072100000000397e-01,-8.369068595351204440e-03
1.927072100000004617e-01,-8.384778530022755569e-03
1.929072099999999956e-01,-8.400507562682684934e-03
1.931072099999999736e-01,-8.416255614809979926e-03
1.933072099999999516e-01,-8.432022608933257071e-03
1.935072099999999296e-01,-8.447808468642565086e-03
1.937072099999999075e-01,-8.463613118600532212e-03
1.939072099999992194e-01,-8.479436484553272424e-03
1.941072099999996414e-01,-8.495278493341138978e-03
1.943072100000000635e-01,-8.511139072908482234e-03
1.945072100000000415e-01,-8.527018152313697169e-03
1.947072100000000194e-01,-8.542915661738703648e-03
1.949072099999999974e-01,-8.558831532497842079e-03
1.951072099999999754e-01,-8.574765697046531424e-03
1.953072099999999534e-01,-8.590718088989552498e-03
1.955072099999999313e-01,-8.606688643088826474e-03
1.957072100000003534e-01,-8.622677295270903680e-03
1.959072100000001093e-01,-8.638683982633807087e-03
1.961072100000000873e-01,-8.654708643453854974e-03
1.963072100000000653e-01,-8.670751217191623172e-03
1.965072100000000432e-01,-8.686811644497687002e-03
1.967072100000000212e-01,-8.702889867217936462e-03
1.969072099999995551e-01,-8.718985828398303356e-03
1.971072099999999772e-01,-8.735099472289339223e-03
1.973072099999995110e-01,-8.751230744349689991e-03
1.975072099999999331e-01,-8.767379591250073698e-03
1.977072099999999111e-01,-8.783545960875722980e-03
1.979072099999998890e-01,-8.799729802329200531e-03
1.981072100000000891e-01,-8.815931065932283012e-03
1.983072100000000670e-01,-8.832149703227386989e-03
1.985072100000000450e-01,-8.848385666978687836e-03
1.987072100000000230e-01,-8.864638911172546473e-03
1.989072100000002230e-01,-8.880909391017511104e-03
1.991072099999999789e-01,-8.897197062943725671e-03
1.993072100000001790e-01,-8.913501884602053824e-03
1.995072100000001569e-01,-8.929823814862229703e-03
1.997072099999999129e-01,-8.946162813810979234e-03
1.999072099999996688e-01,-8.962518842749291406e-03
2.001072099999996468e-01,-8.978891864189177813e-03
2.003072099999998468e-01,-8.995281841850010646e-03
2.005072100000000468e-01,-9.011688740654107826e-03
2.007072100000000248e-01,-9.028112526721950373e-03
2.009072100000000027e-01,-9.044553167366780472e-03
2.011072099999999807e-01,-9.061010631088555964e-03
2.013072099999995146e-01,-9.077484887567353194e-03
2.015072099999999367e-01,-9.093975907656384750e-03
2.017072099999999146e-01,-9.110483663373896562e-03
2.019072100000003367e-01,-9.127008127895248901e-03
2.021072100000000926e-01,-9.143549275543616517e-03
2.023072100000000706e-01,-9.160107081780825833e-03
2.025072100000000486e-01,-9.176681523196903237e-03
2.027072100000000265e-01,-9.193272577499475920e-03
2.029072099999997825e-01,-9.209880223502362601e-03
2.031072099999997604e-01,-9.226504441113671587e-03
2.033072099999999605e-01,-9.243145211323062702e-03
2.035072100000001605e-01,-9.259802516188558180e-03
2.037072099999999164e-01,-9.276476338822687434e-03
2.039072099999996723e-01,-9.293166663378002110e-03
2.041072100000000944e-01,-9.309873475031947565e-03
2.043072100000000724e-01,-9.326596759970840964e-03
2.045072099999998283e-01,-9.343336505373700182e-03
2.047072100000000283e-01,-9.360092699395061375e-03
2.049072100000004504e-01,-9.376865331147119995e-03
2.051072100000002063e-01,-9.393654390681332317e-03
2.053072100000001843e-01,-9.410459868969465319e-03
2.055072100000001623e-01,-9.427281757883711547e-03
2.057072099999999182e-01,-9.444120050176234987e-03
2.059072099999998962e-01,-9.460974739458196531e-03
2.061072099999994300e-01,-9.477845820177807981e-03
2.063072100000000741e-01,-9.494733287598101576e-03
2.065072100000000521e-01,-9.511637137773382850e-03
2.067072099999998080e-01,-9.528557367525768498e-03
2.069072099999997860e-01,-9.545493974420572389e-03
2.071072099999999860e-01,-9.562446956740926554e-03
2.073072099999999640e-01,-9.579416313461954630e-03
2.075072099999999420e-01,-9.596402044224175074e-03
2.077072099999999200e-01,-9.613404149306158455e-03
2.079072100000005641e-01,-9.630422629596532488e-03
2.081072100000000979e-01,-9.647457486564986126e-03
2.083072100000002980e-01,-9.664508722233382948e-03
2.085072100000004980e-01,-9.681576339145037471e-03
2.087072100000000319e-01,-9.698660340334076466e-03
2.089072099999997878e-01,-9.715760729294043926e-03
2.091072099999995437e-01,-9.732877509945296948e-03
2.093072099999995217e-01,-9.750010686602196899e-03
2.095072100000001658e-01,-9.767160263939313539e-03
2.097072099999999217e-01,-9.784326246956819018e-03
2.099072099999998997e-01,-9.801508640945701470e-03
2.101072100000000997e-01,-9.818707451451552659e-03
2.103072100000000777e-01,-9.835922684238019090e-03
2.105072100000000557e-01,-9.853154345249541882e-03
2.107072100000000336e-01,-9.870402440573237957e-03
2.109072100000000116e-01,-9.887666976400139376e-03
2.111072100000002116e-01,-9.904947958985679812e-03
2.113072100000004117e-01,-9.922245394609410796e-03
2.115072100000001676e-01,-9.939559289534084796e-03
2.117072099999999235e-01,-9.956889649964032266e-03
2.119072099999999015e-01,-9.974236482002674792e-03
2.121072099999996574e-01,-9.991599791609351300e-03
2.123072099999996354e-01,-1.000897958455560302e-02
2.125072100000005015e-01,-1.002637586638052518e-02
2.127072100000000354e-01,-1.004378864234518713e-02
2.129072100000000134e-01,-1.006121791738724507e-02
2.131072100000002134e-01,-1.007866369607362395e-02
2.133072099999999693e-01,-1.009612598255324629e-02
2.135072100000001694e-01,-1.011360478050896128e-02
2.137072099999999253e-01,-1.013110009310841907e-02
2.139072099999999033e-01,-1.014861192295472489e-02
2.141072100000003253e-01,-1.016614027203592910e-02
2.143072100000000813e-01,-1.018368514167392914e-02
2.145072100000005033e-01,-1.020124653247306973e-02
2.147072100000000372e-01,-1.021882444426719036e-02
2.149072100000000152e-01,-1.023641887606704069e-02
2.151072099999997711e-01,-1.025402982600592122e-02
2.153072099999995270e-01,-1.027165729128544022e-02
2.155072099999995050e-01,-1.028930126812017780e-02
2.157072099999999271e-01,-1.030696175168174453e-02
2.159072099999999050e-01,-1.032463873604204212e-02
2.161072100000001051e-01,-1.034233221411620315e-02
2.163072100000000830e-01,-1.036004217760435296e-02
2.165072099999998390e-01,-1.037776861693308177e-02
2.167072100000000390e-01,-1.039551152119609113e-02
2.169072100000000169e-01,-1.041327087809402682e-02
2.171072100000004390e-01,-1.043104667387402366e-02
2.173072100000001949e-01,-1.044883889326806911e-02
2.175072100000003950e-01,-1.046664751943137545e-02
2.177072100000001509e-01,-1.048447253387933473e-02
2.179072099999999068e-01,-1.050231391642452404e-02
2.181072100000001068e-01,-1.052017164511263869e-02
2.183072099999994187e-01,-1.053804569615774192e-02
2.185072099999996187e-01,-1.055593604387751114e-02
2.187072100000000408e-01,-1.057384266062687955e-02
2.189072099999997967e-01,-1.059176551673178708e-02
2.191072099999997747e-01,-1.060970458042228767e-02
2.193072100000001967e-01,-1.062765981776465397e-02
2.195072099999999526e-01,-1.064563119259302228e-02
2.197072099999999306e-01,-1.066361866644081370e-02
2.199072099999999086e-01,-1.068162219847100351e-02
2.201072100000005527e-01,-1.069964174540623779e-02
2.203072100000000866e-01,-1.071767726145793180e-02
2.205072100000005086e-01,-1.073572869825560952e-02
2.207072100000004866e-01,-1.075379600477452749e-02
2.209072100000000205e-01,-1.077187912726379655e-02
2.211072099999997764e-01,-1.078997800917348530e-02
2.213072099999995324e-01,-1.080809259108105047e-02
2.215072099999995103e-01,-1.082622281061759208e-02
2.217072099999997103e-01,-1.084436860239334360e-02
2.219072099999999104e-01,-1.086252989792268683e-02
2.221072100000001104e-01,-1.088070662554881454e-02
2.223072100000000884e-01,-1.089889871036767502e-02
2.225072099999998443e-01,-1.091710607415162515e-02
2.227072099999998223e-01,-1.093532863527252146e-02
2.229072099999998002e-01,-1.095356630862424560e-02
2.231072100000000002e-01,-1.097181900554496450e-02
2.233072100000004223e-01,-1.099008663373883185e-02
2.235072100000004003e-01,-1.100836909719714665e-02
2.237072100000003783e-01,-1.102666629611945455e-02
2.239072099999999121e-01,-1.104497812683371410e-02
2.241072099999998901e-01,-1.106330448171658973e-02
2.243072099999996460e-01,-1.108164524911278877e-02
2.245072099999996240e-01,-1.110000031325455473e-02
2.247072099999998240e-01,-1.111836955418034865e-02
2.249072100000000241e-01,-1.113675284765345067e-02
2.251072100000000020e-01,-1.115515006508006023e-02
2.253072099999999800e-01,-1.117356107342716565e-02
2.255072099999999580e-01,-1.119198573513995737e-02
2.257072099999994919e-01,-1.121042390805896370e-02
2.259072099999999139e-01,-1.122887544533712929e-02
2.261072099999998919e-01,-1.124734019535590483e-02
2.263072100000003140e-01,-1.126581800164203929e-02
2.265072100000002919e-01,-1.128430870278317004e-02
2.267072100000004919e-01,-1.130281213234389341e-02
2.269072100000002479e-01,-1.132132811878100616e-02
2.271072100000000038e-01,-1.133985648535902439e-02
2.273072099999997597e-01,-1.135839705006503990e-02
2.275072099999995157e-01,-1.137694962552365102e-02
2.277072099999999377e-01,-1.139551401891171142e-02
2.279072099999999157e-01,-1.141409003187252719e-02
2.281072099999998937e-01,-1.143267746043051189e-02
2.283072100000000937e-01,-1.145127609490522239e-02
2.285072099999998496e-01,-1.146988571982528009e-02
2.287072099999998276e-01,-1.148850611384254206e-02
2.289072099999998056e-01,-1.150713704964565452e-02
2.291072099999997835e-01,-1.152577829387391693e-02
2.293072100000004276e-01,-1.154442960703093261e-02
2.295072100000004056e-01,-1.156309074339796628e-02
2.297072100000006056e-01,-1.158176145094783928e-02
2.299072100000003616e-01,-1.160044147125809631e-02
2.301072099999998954e-01,-1.161913053942472372e-02
2.303072100000000955e-01,-1.163782838397560242e-02
2.305072099999996293e-01,-1.165653472678372486e-02
2.307072099999998294e-01,-1.167524928298121351e-02
2.309072100000000294e-01,-1.169397176087245624e-02
2.311072099999997853e-01,-1.171270186184794268e-02
2.313072100000002074e-01,-1.173143928029809872e-02
2.315072099999999633e-01,-1.175018370352679843e-02
2.317072099999999413e-01,-1.176893481166563227e-02
2.319072099999999192e-01,-1.178769227758777113e-02
2.321072099999998972e-01,-1.180645576682220164e-02
2.323072100000003193e-01,-1.182522493746818691e-02
2.325072100000002973e-01,-1.184399944010963018e-02
2.327072100000004973e-01,-1.186277891773009074e-02
2.329072100000004752e-01,-1.188156300562754307e-02
2.331072100000000091e-01,-1.190035133132964426e-02
2.333072099999997651e-01,-1.191914351450933801e-02
2.335072099999995210e-01,-1.193793916690032500e-02
2.337072099999994990e-01,-1.195673789221327922e-02
2.339072099999999210e-01,-1.197553928605205043e-02
2.341072099999998990e-01,-1.199434293583027770e-02
2.343072100000000990e-01,-1.201314842068857726e-02
2.345072100000000770e-01,-1.203195531141163996e-02
2.347072099999998329e-01,-1.205076317034614597e-02
2.349072099999998109e-01,-1.206957155131883203e-02
2.351072100000000109e-01,-1.208837999955499065e-02
2.353072099999999889e-01,-1.210718805159743776e-02
2.355072100000004109e-01,-1.212599523522607699e-02
2.357072100000003889e-01,-1.214480106937758028e-02
2.359072100000003669e-01,-1.216360506406603814e-02
2.361072099999999008e-01,-1.218240672030368975e-02
2.363072100000001008e-01,-1.220120553002256893e-02
2.365072099999996347e-01,-1.222000097599614844e-02
2.367072099999996126e-01,-1.223879253176236512e-02
2.369072100000004788e-01,-1.225757966154648361e-02
2.371072100000000127e-01,-1.227636182018469746e-02
2.373072099999999907e-01,-1.229513845304912832e-02
2.375072100000001907e-01,-1.231390899597235855e-02
2.377072099999999466e-01,-1.233267287517326311e-02
2.379072099999997025e-01,-1.235142950718362033e-02
2.381072099999996805e-01,-1.237017829877507837e-02
2.383072100000001026e-01,-1.238891864688704963e-02
2.385072100000003026e-01,-1.240764993855525758e-02
2.387072100000005026e-01,-1.242637155084127393e-02
2.389072100000004806e-01,-1.244508285076258679e-02
2.391072100000002365e-01,-1.246378319522364365e-02
2.393072099999999924e-01,-1.248247193094772362e-02
2.395072099999995263e-01,-1.250114839440951038e-02
2.397072099999995043e-01,-1.251981191176880850e-02
2.399072099999997043e-01,-1.253846179880483379e-02
2.401072099999999043e-01,-1.255709736085167290e-02
2.403072100000001043e-01,-1.257571789273462769e-02
2.405072100000000823e-01,-1.259432267870745116e-02
2.407072099999998382e-01,-1.261291099239061908e-02
2.409072099999998162e-01,-1.263148209671065281e-02
2.411072099999997942e-01,-1.265003524384027828e-02
2.413072099999997722e-01,-1.266856967513983225e-02
2.415072100000004163e-01,-1.268708462109970590e-02
2.417072100000003942e-01,-1.270557930128356737e-02
2.419072100000003722e-01,-1.272405292427329290e-02
2.421072100000003502e-01,-1.274250468761453127e-02
2.423072100000001061e-01,-1.276093377776347897e-02
2.425072100000000841e-01,-1.277933937003507270e-02
2.427072099999996180e-01,-1.279772062855204749e-02
2.429072099999995960e-01,-1.281607670619560636e-02
2.431072100000000180e-01,-1.283440674455685847e-02
2.433072099999997739e-01,-1.285270987388978554e-02
2.435072100000001960e-01,-1.287098521306569154e-02
2.437072099999999519e-01,-1.288923186952830105e-02
2.439072099999999299e-01,-1.290744893925101569e-02
2.441072099999999079e-01,-1.292563550669475168e-02
2.443072100000001079e-01,-1.294379064476762660e-02
2.445072100000003079e-01,-1.296191341478579451e-02
2.447072100000005079e-01,-1.298000286643578513e-02
2.449072100000004859e-01,-1.299805803773820996e-02
2.451072100000004639e-01,-1.301607795501302962e-02
2.453072099999999978e-01,-1.303406163284606505e-02
2.455072099999997537e-01,-1.305200807405728670e-02
2.457072099999995096e-01,-1.306991626967030952e-02
2.459072099999997096e-01,-1.308778519888366236e-02
2.461072099999999097e-01,-1.310561382904340023e-02
2.463072100000001097e-01,-1.312340111561749630e-02
2.465072100000000876e-01,-1.314114600217161123e-02
2.467072099999998436e-01,-1.315884742034675349e-02
2.469072099999998215e-01,-1.317650428983825790e-02
2.471072099999997995e-01,-1.319411551837658923e-02
2.473072099999997775e-01,-1.321168000170977637e-02
2.475072099999999775e-01,-1.322919662358758471e-02
2.477072100000003996e-01,-1.324666425574732610e-02
2.479072100000003775e-01,-1.326408175790142092e-02
2.481072100000003555e-01,-1.328144797772682663e-02
2.483072099999998894e-01,-1.329876175085602068e-02
2.485072100000000894e-01,-1.331602190087007899e-02
2.487072099999996233e-01,-1.333322723929304503e-02
2.489072099999996013e-01,-1.335037656558890097e-02
2.491072099999998013e-01,-1.336746866715960748e-02
2.493072100000000013e-01,-1.338450231934549574e-02
2.495072099999999793e-01,-1.340147628542738729e-02
2.497072099999999573e-01,-1.341838931663069841e-02
2.499072099999999352e-01,-1.343524015213137975e-02
2.501072099999996912e-01,-1.345202751906380244e-02
2.503072099999998912e-01,-1.346875013253075355e-02
2.505072100000000912e-01,-1.348540669561514201e-02
2.507072100000002912e-01,-1.350199589939400126e-02
2.509072100000004912e-01,-1.351851642295429957e-02
2.511072100000004692e-01,-1.353496693341089442e-02
2.513072100000002251e-01,-1.355134608592650260e-02
2.515072099999999811e-01,-1.356765252373377979e-02
2.517072099999995149e-01,-1.358388487815937080e-02
2.519072099999994929e-01,-1.360004176865029814e-02
2.521072099999999150e-01,-1.361612180280214780e-02
2.523072099999998930e-01,-1.363212357638957963e-02
2.525072100000000930e-01,-1.364804567339922454e-02
2.527072100000000709e-01,-1.366388666606424725e-02
2.529072099999998269e-01,-1.367964511490153169e-02
2.531072099999998049e-01,-1.369531956875086505e-02
2.533072099999997828e-01,-1.371090856481635596e-02
2.535072099999997608e-01,-1.372641062871018426e-02
2.537072100000004049e-01,-1.374182427449851564e-02
2.539072100000003829e-01,-1.375714800474958123e-02
2.541072100000005829e-01,-1.377238031058444952e-02
2.543072100000003388e-01,-1.378751967172955374e-02
2.545072100000000948e-01,-1.380256455657197061e-02
2.547072100000000727e-01,-1.381751342221675290e-02
2.549072099999996066e-01,-1.383236471454667681e-02
2.551072099999998066e-01,-1.384711686828453588e-02
2.553072100000000066e-01,-1.386176830705736392e-02
2.555072099999997626e-01,-1.387631744346349595e-02
2.557072100000001846e-01,-1.389076267914187389e-02
2.559072099999999406e-01,-1.390510240484352407e-02
2.561072099999999185e-01,-1.391933500050588669e-02
2.563072099999998965e-01,-1.393345883532917835e-02
2.565072100000000965e-01,-1.394747226785544338e-02
2.567072100000002965e-01,-1.396137364604993665e-02
2.569072100000004966e-01,-1.397516130738506342e-02
2.571072100000004745e-01,-1.398883357892670605e-02
2.573072100000004525e-01,-1.400238877742320497e-02
2.575072099999999864e-01,-1.401582520939654609e-02
2.577072099999995203e-01,-1.402914117123642453e-02
2.579072099999994983e-01,-1.404233494929656330e-02
2.581072099999996983e-01,-1.405540481999357182e-02
2.583072099999998983e-01,-1.406834904990850003e-02
2.585072100000000983e-01,-1.408116589589085595e-02
2.587072100000002983e-01,-1.409385360516515924e-02
2.589072100000000543e-01,-1.410641041544005540e-02
2.591072099999998102e-01,-1.411883455502012559e-02
2.593072099999997882e-01,-1.413112424292013204e-02
2.595072099999999882e-01,-1.414327768898188294e-02
2.597072099999999661e-01,-1.415529309399368892e-02
2.599072100000003882e-01,-1.416716864981260211e-02
2.601072100000003662e-01,-1.417890253948892766e-02
2.603072100000003442e-01,-1.419049293739368424e-02
2.605072100000001001e-01,-1.420193800934846547e-02
2.607072100000000781e-01,-1.421323591275809074e-02
2.609072099999996119e-01,-1.422438479674565000e-02
2.611072099999995899e-01,-1.423538280229051829e-02
2.613072100000002340e-01,-1.424622806236875740e-02
2.615072099999999899e-01,-1.425691870209607783e-02
2.617072099999999679e-01,-1.426745283887394418e-02
2.619072100000001679e-01,-1.427782858253774829e-02
2.621072099999999239e-01,-1.428804403550792447e-02
2.623072099999996798e-01,-1.429809729294380209e-02
2.625072099999996578e-01,-1.430798644289986606e-02
2.627072100000000798e-01,-1.431770956648493499e-02
2.629072100000005019e-01,-1.432726473802372648e-02
2.631072100000004799e-01,-1.433665002522139555e-02
2.633072100000002358e-01,-1.434586348933051224e-02
2.635072100000002138e-01,-1.435490318532083205e-02
2.637072099999999697e-01,-1.436376716205158173e-02
2.639072099999995036e-01,-1.437245346244656920e-02
2.641072099999997036e-01,-1.438096012367189903e-02
2.643072099999996816e-01,-1.438928517731625535e-02
2.645072100000001036e-01,-1.439742664957400532e-02
2.647072100000000816e-01,-1.440538256143081459e-02
2.649072100000005037e-01,-1.441315092885207989e-02
2.651072099999998155e-01,-1.442072976297376942e-02
2.653072099999997935e-01,-1.442811707029622963e-02
2.655072099999997715e-01,-1.443531085288029224e-02
2.657072099999995274e-01,-1.444230910854627480e-02
2.659072100000003935e-01,-1.444910983107555898e-02
2.661072100000003715e-01,-1.445571101041461144e-02
2.663072100000003495e-01,-1.446211063288195715e-02
2.665072100000003275e-01,-1.446830668137751193e-02
2.667072100000000834e-01,-1.447429713559460381e-02
2.669072099999998393e-01,-1.448007997223461733e-02
2.671072099999998173e-01,-1.448565316522419481e-02
2.673072099999997953e-01,-1.449101468593505700e-02
2.675072099999999953e-01,-1.449616250340638075e-02
2.677072099999999732e-01,-1.450109458456972679e-02
2.679072100000001733e-01,-1.450580889447664230e-02
2.681072099999999292e-01,-1.451030339652861940e-02
2.683072099999999072e-01,-1.451457605270977010e-02
2.685072100000001072e-01,-1.451862482382196111e-02
2.687072100000000852e-01,-1.452244766972240510e-02
2.689072100000005072e-01,-1.452604254956390596e-02
2.691072100000004852e-01,-1.452940742203744952e-02
2.693072100000002411e-01,-1.453254024561736503e-02
2.695072100000004411e-01,-1.453543897880896392e-02
2.697072099999999750e-01,-1.453810158039852037e-02
2.699072099999995089e-01,-1.454052600970586438e-02
2.701072099999997089e-01,-1.454271022683926474e-02
2.703072099999996869e-01,-1.454465219295273011e-02
2.705072100000001090e-01,-1.454634987050585672e-02
2.707072100000000869e-01,-1.454780122352585144e-02
2.709072100000005090e-01,-1.454900421787205973e-02
2.711072100000000429e-01,-1.454995682150278004e-02
2.713072099999997988e-01,-1.455065700474444425e-02
2.715072099999997768e-01,-1.455110274056308460e-02
2.717072099999997548e-01,-1.455129200483810427e-02
2.719072099999999548e-01,-1.455122277663829268e-02
2.721072100000003768e-01,-1.455089303850018966e-02
2.723072100000003548e-01,-1.455030077670855897e-02
2.725072100000003328e-01,-1.454944398157916909e-02
2.727072100000000887e-01,-1.454832064774377355e-02
2.729072099999998446e-01,-1.454692877443717995e-02
2.731072099999996006e-01,-1.454526636578654282e-02
2.733072099999995785e-01,-1.454333143110282840e-02
2.735072099999997786e-01,-1.454112198517422579e-02
2.737072099999999786e-01,-1.453863604856187215e-02
2.739072099999999566e-01,-1.453587164789741683e-02
2.741072099999999345e-01,-1.453282681618276416e-02
2.743072099999999125e-01,-1.452949959309181478e-02
2.745072099999998905e-01,-1.452588802527410468e-02
2.747072100000000905e-01,-1.452199016666051896e-02
2.749072100000000685e-01,-1.451780407877092081e-02
2.751072100000004905e-01,-1.451332783102353592e-02
2.753072100000002465e-01,-1.450855950104656435e-02
2.755072100000004465e-01,-1.450349717499122178e-02
2.757072100000002024e-01,-1.449813894784694225e-02
2.759072099999999583e-01,-1.449248292375823234e-02
2.761072099999994922e-01,-1.448652721634331210e-02
2.763072099999996922e-01,-1.448026994901449073e-02
2.765072099999998922e-01,-1.447370925530037412e-02
2.767072100000000923e-01,-1.446684327916949835e-02
2.769072100000000702e-01,-1.445967017535593029e-02
2.771072100000000482e-01,-1.445218810968618671e-02
2.773072099999998041e-01,-1.444439525940801293e-02
2.775072099999997821e-01,-1.443628981352043476e-02
2.777072099999997601e-01,-1.442786997310564583e-02
2.779072099999995160e-01,-1.441913395166214730e-02
2.781072100000003822e-01,-1.441007997543935874e-02
2.783072100000003601e-01,-1.440070628377397750e-02
2.785072100000005602e-01,-1.439101112942711182e-02
2.787072100000003161e-01,-1.438099277892338108e-02
2.789072100000000720e-01,-1.437064951289101535e-02
2.791072099999998279e-01,-1.435997962640323845e-02
2.793072099999998059e-01,-1.434898142932103556e-02
2.795072099999997839e-01,-1.433765324663705508e-02
2.797072099999999839e-01,-1.432599341882067646e-02
2.799072099999999619e-01,-1.431400030216418810e-02
2.801072100000001619e-01,-1.430167226913014490e-02
2.803072099999999178e-01,-1.428900770869978055e-02
2.805072099999998958e-01,-1.427600502672224901e-02
2.807072100000000958e-01,-1.426266264626516352e-02
2.809072100000000738e-01,-1.424897900796589546e-02
2.811072100000004959e-01,-1.423495257038365387e-02
2.813072100000004738e-01,-1.422058181035277570e-02
2.815072100000002298e-01,-1.420586522333647760e-02
2.817072100000004298e-01,-1.419080132378152358e-02
2.819072099999999637e-01,-1.417538864547387457e-02
2.821072099999999416e-01,-1.415962574189440389e-02
2.823072099999996976e-01,-1.414351118657611490e-02
2.825072099999996755e-01,-1.412704357346117497e-02
2.827072100000000976e-01,-1.411022151725907330e-02
2.829072100000000756e-01,-1.409304365380501141e-02
2.831072100000004976e-01,-1.407550864041882781e-02
2.833072100000000315e-01,-1.405761515626454718e-02
2.835072099999997874e-01,-1.403936190270984631e-02
2.837072099999997654e-01,-1.402074760368643945e-02
2.839072099999999654e-01,-1.400177100605042545e-02
2.841072100000006095e-01,-1.398243087994297841e-02
2.843072100000003655e-01,-1.396272601915132631e-02
2.845072100000003434e-01,-1.394265524146948328e-02
2.847072100000003214e-01,-1.392221738905971042e-02
2.849072100000000773e-01,-1.390141132881367141e-02
2.851072099999998333e-01,-1.388023595271361231e-02
2.853072099999995892e-01,-1.385869017819362815e-02
2.855072099999995672e-01,-1.383677294850076990e-02
2.857072100000002113e-01,-1.381448323305604388e-02
2.859072099999999672e-01,-1.379182002781557427e-02
2.861072099999999452e-01,-1.376878235563056864e-02
2.863072099999999232e-01,-1.374536926660823409e-02
2.865072099999999011e-01,-1.372157983847154157e-02
2.867072100000001011e-01,-1.369741317691892425e-02
2.869072099999996350e-01,-1.367286841598362550e-02
2.871072100000000571e-01,-1.364794471839203722e-02
2.873072100000004792e-01,-1.362264127592253092e-02
2.875072100000002351e-01,-1.359695730976275864e-02
2.877072100000002131e-01,-1.357089207086652032e-02
2.879072100000001910e-01,-1.354444484031045760e-02
2.881072099999999470e-01,-1.351761492964946056e-02
2.883072099999997029e-01,-1.349040168127155388e-02
2.885072099999996809e-01,-1.346280446875184993e-02
2.887072099999996588e-01,-1.343482269720567938e-02
2.889072100000000809e-01,-1.340645580364076446e-02
2.891072100000000589e-01,-1.337770325730850383e-02
2.893072100000004809e-01,-1.334856456005369986e-02
2.895072099999997928e-01,-1.331903924666423024e-02
2.897072099999997707e-01,-1.328912688521802395e-02
2.899072099999995267e-01,-1.325882707743055409e-02
2.901072099999999487e-01,-1.322813945899968709e-02
2.903072100000003708e-01,-1.319706369995009461e-02
2.905072100000003488e-01,-1.316559950497588234e-02
2.907072100000003267e-01,-1.313374661378151169e-02
2.909072100000003047e-01,-1.310150480142206232e-02
2.911072100000000606e-01,-1.306887387864123611e-02
2.913072099999998166e-01,-1.303585369220798713e-02
2.915072099999997945e-01,-1.300244412525169806e-02
2.917072099999997725e-01,-1.296864509759538750e-02
2.919072100000001946e-01,-1.293445656608719664e-02
2.921072099999999505e-01,-1.289987852493053831e-02
2.923072100000001505e-01,-1.286491100601117911e-02
2.925072099999999065e-01,-1.282955407922409079e-02
2.927072100000001065e-01,-1.279380785279660843e-02
2.929072100000000844e-01,-1.275767247361101614e-02
2.931072099999998404e-01,-1.272114812752400161e-02
2.933072100000004845e-01,-1.268423503968418679e-02
2.935072100000004625e-01,-1.264693347484842877e-02
2.937072100000002184e-01,-1.260924373769406297e-02
2.939072100000004184e-01,-1.257116617313016813e-02
2.941072099999999523e-01,-1.253270116660653265e-02
2.943072099999999303e-01,-1.249384914441886707e-02
2.945072099999996862e-01,-1.245461057401332783e-02
2.947072099999996642e-01,-1.241498596428699044e-02
2.949072100000000862e-01,-1.237497586588648564e-02
2.951072099999998422e-01,-1.233458087150416001e-02
2.953072100000004863e-01,-1.229380161617034048e-02
2.955072100000000201e-01,-1.225263877754491533e-02
2.957072099999997761e-01,-1.221109307620345079e-02
2.959072099999997540e-01,-1.216916527592281326e-02
2.961072099999995100e-01,-1.212685618396264382e-02
2.963072100000005982e-01,-1.208416665134356797e-02
2.965072100000003541e-01,-1.204109757312419975e-02
2.967072100000003321e-01,-1.199764988867187132e-02
2.969072100000003100e-01,-1.195382458193330368e-02
2.971072100000000660e-01,-1.190962268170046856e-02
2.973072099999998219e-01,-1.186504526187326207e-02
2.975072099999995778e-01,-1.182009344171943907e-02
2.977072099999997778e-01,-1.177476838613046063e-02
2.979072099999997558e-01,-1.172907130587477753e-02
2.981072099999999558e-01,-1.168300345784648725e-02
2.983072099999999338e-01,-1.163656614531155369e-02
2.985072099999999118e-01,-1.158976071814957730e-02
2.987072099999998898e-01,-1.154258857309250867e-02
2.989072100000000898e-01,-1.149505115395921262e-02
2.991072099999998457e-01,-1.144714995188681785e-02
2.993072100000000457e-01,-1.139888650555721805e-02
2.995072100000004678e-01,-1.135026240142112362e-02
2.997072100000002237e-01,-1.130127927391721444e-02
2.999072100000004237e-01,-1.125193880568697673e-02
3.001072100000001797e-01,-1.120224272778698286e-02
3.003072099999999356e-01,-1.115219281989542240e-02
3.005072099999996915e-01,-1.110179091051560589e-02
3.007072099999996695e-01,-1.105103887717479201e-02
3.009072100000000916e-01,-1.099993864661895533e-02
3.011072100000000695e-01,-1.094849219500344979e-02
3.013072100000000475e-01,-1.089670154807848880e-02
3.015072100000000255e-01,-1.084456878137123916e-02
3.017072099999997814e-01,-1.079209602036303346e-02
3.019072099999997594e-01,-1.073928544066182940e-02
3.021072099999995153e-01,-1.068613926817079708e-02
3.023072100000001594e-01,-1.063265977925123562e-02
3.025072100000003594e-01,-1.057884930088265341e-02
3.027072100000003374e-01,-1.052471021081580020e-02
3.029072100000003154e-01,-1.047024493772269818e-02
3.031072100000002933e-01,-1.041545596134133694e-02
3.033072100000000493e-01,-1.036034581261549396e-02
3.035072099999998052e-01,-1.030491707382960066e-02
3.037072099999997832e-01,-1.024917237873882066e-02
3.039072099999997612e-01,-1.019311441269424995e-02
3.041072100000001832e-01,-1.013674591276258856e-02
3.043072099999999391e-01,-1.008006966784173730e-02
3.045072099999999171e-01,-1.002308851876960137e-02
3.047072099999998951e-01,-9.965805358429594488e-03
3.049072100000000951e-01,-9.908223131849634366e-03
3.051072100000000731e-01,-9.850344836296714632e-03
3.053072099999998290e-01,-9.792173521365363578e-03
3.055072100000004731e-01,-9.733712289061053138e-03
3.057072100000004511e-01,-9.674964293879447993e-03
3.059072100000002070e-01,-9.615932742877765158e-03
3.061072100000004070e-01,-9.556620895742553093e-03
3.063072099999999409e-01,-9.497032064852072367e-03
3.065072099999999189e-01,-9.437169615331265568e-03
3.067072099999996748e-01,-9.377036965103549213e-03
3.069072099999994307e-01,-9.316637584935070007e-03
3.071072100000000749e-01,-9.255974998474031032e-03
3.073072099999998308e-01,-9.195052782285351514e-03
3.075072100000004749e-01,-9.133874565876625232e-03
3.077072100000000088e-01,-9.072444031722365007e-03
3.079072099999997647e-01,-9.010764915278269074e-03
3.081072099999995206e-01,-8.948841004992992912e-03
3.083072099999999427e-01,-8.886676142311944818e-03
3.085072100000005868e-01,-8.824274221676578142e-03
3.087072100000003427e-01,-8.761639190516814016e-03
3.089072100000003207e-01,-8.698775049236851312e-03
3.091072100000002987e-01,-8.635685851196917354e-03
3.093072100000000546e-01,-8.572375702687354618e-03
3.095072099999998105e-01,-8.508848762897069581e-03
3.097072099999995665e-01,-8.445109243876041880e-03
3.099072099999995444e-01,-8.381161410491460087e-03
3.101072100000001885e-01,-8.317009580377723518e-03
3.103072099999999445e-01,-8.252658123881028221e-03
3.105072099999999224e-01,-8.188111463995504866e-03
3.107072099999999004e-01,-8.123374076295800453e-03
3.109072100000001004e-01,-8.058450488861614372e-03
3.111072100000000784e-01,-7.993345282196777021e-03
3.113072099999996123e-01,-7.928063089141424227e-03
3.115072100000000344e-01,-7.862608594777565837e-03
3.117072100000004564e-01,-7.796986536330015663e-03
3.119072100000002123e-01,-7.731201703058845562e-03
3.121072100000004124e-01,-7.665258936145729826e-03
3.123072100000001683e-01,-7.599163128575526019e-03
3.125072099999999242e-01,-7.532919225009133621e-03
3.127072099999996802e-01,-7.466532221651450349e-03
3.129072099999996581e-01,-7.400007166112112025e-03
3.131072100000003022e-01,-7.333349157259841725e-03
3.133072100000000582e-01,-7.266563345071081273e-03
3.135072100000000361e-01,-7.199654930469609124e-03
3.137072100000002361e-01,-7.132629165162647153e-03
3.139072099999997700e-01,-7.065491351468786499e-03
3.141072099999995260e-01,-6.998246842138672666e-03
3.143072099999995039e-01,-6.930901040170705033e-03
3.145072099999999260e-01,-6.863459398619075821e-03
3.147072100000003481e-01,-6.795927420395515492e-03
3.149072100000003260e-01,-6.728310658064185976e-03
3.151072100000003040e-01,-6.660614713629617670e-03
3.153072100000005040e-01,-6.592845238318720616e-03
3.155072100000000379e-01,-6.525007932356110055e-03
3.157072099999997938e-01,-6.457108544731375924e-03
3.159072099999997718e-01,-6.389152872961550642e-03
3.161072099999995277e-01,-6.321146762845926761e-03
3.163072099999999498e-01,-6.253096108213613072e-03
3.165072099999999278e-01,-6.185006850666171022e-03
3.167072099999999057e-01,-6.116884979311251400e-03
3.169072100000001058e-01,-6.048736530491203786e-03
3.171072100000000837e-01,-5.980567587504702007e-03
3.173072099999998397e-01,-5.912384280321028238e-03
3.175072100000000397e-01,-5.844192785287949041e-03
3.177072100000004617e-01,-5.775999324833558032e-03
3.179072100000004397e-01,-5.707810167160704343e-03
3.181072100000004177e-01,-5.639631625934339934e-03
3.183072100000001736e-01,-5.571470059963392132e-03
3.185072099999999296e-01,-5.503331872874819494e-03
3.187072099999999075e-01,-5.435223512781637775e-03
3.189072099999994414e-01,-5.367151471944499666e-03
3.191072099999996414e-01,-5.299122286425187248e-03
3.193072100000000635e-01,-5.231142535735708657e-03
3.195072099999998194e-01,-5.163218842479175633e-03
3.197072100000002415e-01,-5.095357871983426448e-03
3.199072099999999974e-01,-5.027566331930853269e-03
3.201072099999999754e-01,-4.959850971978064030e-03
3.203072099999999534e-01,-4.892218583371859761e-03
3.205072100000001534e-01,-4.824675998557013609e-03
3.207072100000005754e-01,-4.757230090778207313e-03
3.209072100000003314e-01,-4.689887773675486746e-03
3.211072100000003093e-01,-4.622656000872053458e-03
3.213072100000005094e-01,-4.555541765557257969e-03
3.215072100000000432e-01,-4.488552100062539671e-03
3.217072099999997992e-01,-4.421694075429633344e-03
3.219072099999995551e-01,-4.354974800974477020e-03
3.221072099999997551e-01,-4.288401423843112362e-03
3.223072099999995110e-01,-4.221981128562363531e-03
3.225072099999999331e-01,-4.155721136582584893e-03
3.227072099999999111e-01,-4.089628705816359885e-03
3.229072099999998890e-01,-4.023711130168474218e-03
3.231072100000000891e-01,-3.957975739061337164e-03
3.233072100000000670e-01,-3.892429896953804400e-03
3.235072100000004891e-01,-3.827081002852966100e-03
3.237072100000000230e-01,-3.761936489821449906e-03
3.239072100000004450e-01,-3.697003824475952275e-03
3.241072100000002010e-01,-3.632290506483291329e-03
3.243072100000004010e-01,-3.567804068046456865e-03
3.245072100000001569e-01,-3.503552073388027047e-03
3.247072099999999129e-01,-3.439542118225081494e-03
3.249072099999996688e-01,-3.375781829239735913e-03
3.251072099999996468e-01,-3.312278863543029282e-03
3.253072099999998468e-01,-3.249040908133221748e-03
3.255072099999998247e-01,-3.186075679348281207e-03
3.257072100000000248e-01,-3.123390922312017318e-03
3.259072100000000027e-01,-3.060994410375517897e-03
3.261072099999999807e-01,-2.998893944551701916e-03
3.263072099999995146e-01,-2.937097352945344884e-03
3.265072099999999367e-01,-2.875612490176054307e-03
3.267072099999999146e-01,-2.814447236798053257e-03
3.269072100000003367e-01,-2.753609498711429102e-03
3.271072100000003147e-01,-2.693107206570669130e-03
3.273072100000002926e-01,-2.632948315185636243e-03
3.275072100000004927e-01,-2.573140802918613777e-03
3.277072100000000265e-01,-2.513692671075823479e-03
3.279072099999997825e-01,-2.454611943292493801e-03
3.281072099999997604e-01,-2.395906664914541993e-03
3.283072099999995164e-01,-2.337584902373941818e-03
3.285072099999999384e-01,-2.279654742558876682e-03
3.287072099999999164e-01,-2.222124292180180458e-03
3.289072099999998944e-01,-2.165001677130846350e-03
3.291072100000000944e-01,-2.108295041842184279e-03
3.293072100000000724e-01,-2.052012548634739395e-03
3.295072099999998283e-01,-1.996162377063888469e-03
3.297072100000000283e-01,-1.940752723261148036e-03
3.299072100000004504e-01,-1.885791799271104106e-03
3.301072100000004284e-01,-1.831287832383297291e-03
3.303072100000001843e-01,-1.777249064459288878e-03
3.305072100000001623e-01,-1.723683751255841116e-03
3.307072099999999182e-01,-1.670600161743767634e-03
3.309072099999998962e-01,-1.618006577421690715e-03
3.311072099999994300e-01,-1.565911291626506056e-03
3.313072100000000741e-01,-1.514322608838292953e-03
3.315072100000000521e-01,-1.463248843983392614e-03
3.317072099999998080e-01,-1.412698321730557986e-03
3.319072100000002301e-01,-1.362679375784900480e-03
3.321072099999999860e-01,-1.313200348178370728e-03
3.323072099999999640e-01,-1.264269588554393312e-03
3.325072099999999420e-01,-1.215895453450829226e-03
3.327072099999999200e-01,-1.168086305577956206e-03
3.329072100000005641e-01,-1.120850513093205134e-03
3.331072100000003200e-01,-1.074196448873016799e-03
3.333072100000002980e-01,-1.028132489779549994e-03
3.335072100000004980e-01,-9.826670159259220418e-04
3.337072100000000319e-01,-9.378084099372998618e-04
3.339072099999997878e-01,-8.935650562081260719e-04
3.341072099999995437e-01,-8.499453401575756718e-04
3.343072099999995217e-01,-8.069576474809395973e-04
3.345072099999994997e-01,-7.646103633985068017e-04
3.347072099999999217e-01,-7.229118719012266915e-04
3.349072099999998997e-01,-6.818705549941060130e-04
3.351072100000000997e-01,-6.414947919360287389e-04
3.353072100000000777e-01,-6.017929584779696008e-04
3.355072100000000557e-01,-5.627734260978075644e-04
3.357072100000000336e-01,-5.244445612331964136e-04
3.359072100000000116e-01,-4.868147245118714141e-04
3.361072100000004337e-01,-4.498922699796730797e-04
3.363072100000004117e-01,-4.136855443266696832e-04
3.365072100000003896e-01,-3.782028861105180863e-04
3.367072099999999235e-01,-3.434526249785825082e-04
3.369072099999999015e-01,-3.094430808874512086e-04
3.371072099999996574e-01,-2.761825633214088672e-04
3.373072099999996354e-01,-2.436793705083346341e-04
3.375072099999996134e-01,-2.119417886346703674e-04
3.377072099999998134e-01,-1.809780910582933257e-04
3.379072100000000134e-01,-1.507965375203827209e-04
3.381072100000002134e-01,-1.214053733556417526e-04
3.383072099999999693e-01,-9.281282870145452293e-05
3.385072100000001694e-01,-6.502711770549210804e-05
3.387072099999999253e-01,-3.805643773306882985e-05
3.389072099999999033e-01,-1.190896857253135113e-05
3.391072100000003253e-01,1.340712835955692669e-05
3.393072100000003033e-01,3.788371081388025238e-05
3.395072100000005033e-01,6.151265650537534810e-05
3.397072100000004813e-01,8.428586390973663231e-05
3.399072100000000152e-01,1.061952530611288102e-04
3.401072099999997711e-01,1.272327663500659976e-04
3.403072099999995270e-01,1.473903693213359477e-04
3.405072099999995050e-01,1.666600514723961222e-04
3.407072099999999271e-01,1.850338270517211912e-04
3.409072099999999050e-01,2.025037358569319566e-04
3.411072100000001051e-01,2.190618440333128546e-04
3.413072100000000830e-01,2.347002448713163790e-04
3.415072099999998390e-01,2.494110596044873084e-04
3.417072100000000390e-01,2.631864382064987538e-04
3.419072100000000169e-01,2.760185601874735016e-04
3.421072100000004390e-01,2.878996353903331105e-04
3.423072100000004170e-01,2.988219047854955533e-04
3.425072100000003950e-01,3.087776412655936741e-04
3.427072100000001509e-01,3.177591504384138198e-04
3.429072099999999068e-01,3.257587714194250771e-04
3.431072100000001068e-01,3.327688776226292965e-04
3.433072099999994187e-01,3.387818775503841605e-04
3.435072099999996187e-01,3.437902155818141868e-04
3.437072100000000408e-01,3.477863727596153774e-04
3.439072099999997967e-01,3.507628675752743307e-04
3.441072100000002187e-01,3.527122567527226325e-04
3.443072099999999747e-01,3.536271360299616216e-04
3.445072099999999526e-01,3.535001409388275305e-04
3.447072099999999306e-01,3.523239475827929200e-04
3.449072099999999086e-01,3.500912734125476676e-04
3.451072100000005527e-01,3.467948779993491014e-04
3.453072100000003086e-01,3.424275638060163794e-04
3.455072100000005086e-01,3.369821769554303369e-04
3.457072100000004866e-01,3.304516079965110452e-04
3.459072100000000205e-01,3.228287926675100193e-04
3.461072099999997764e-01,3.141067126564054367e-04
3.463072099999995324e-01,3.042783963585773098e-04
3.465072099999995103e-01,2.933369196313011761e-04
3.467072099999997103e-01,2.812754065453031659e-04
3.469072099999999104e-01,2.680870301329635851e-04
3.471072100000001104e-01,2.537650131332557478e-04
3.473072100000000884e-01,2.383026287331806679e-04
3.475072100000000663e-01,2.216932013057947536e-04
3.477072100000000443e-01,2.039301071444627432e-04
3.479072100000002443e-01,1.850067751933879255e-04
3.481072100000000002e-01,1.649166877744231118e-04
3.483072100000004223e-01,1.436533813095101052e-04
3.485072100000004003e-01,1.212104470397433985e-04
3.487072100000003783e-01,9.758153173943092881e-05
3.489072099999999121e-01,7.276033842656395509e-05
3.491072099999998901e-01,4.674062706830827904e-05
3.493072099999996460e-01,1.951621528267907454e-05
3.495072099999996240e-01,-8.919020965120292438e-06
3.497072099999998240e-01,-3.857114667051237192e-05
3.499072099999998020e-01,-6.944616710228982207e-05
3.501072100000000020e-01,-1.015500271206886719e-04
3.503072099999999800e-01,-1.348886104997810455e-04
3.505072099999999580e-01,-1.694677392555855346e-04
3.507072100000001580e-01,-2.052931729790937777e-04
3.509072099999999139e-01,-2.423706081745601905e-04
3.511072099999998919e-01,-2.807056776037556746e-04
3.513072100000003140e-01,-3.203039496349779393e-04
3.515072100000002919e-01,-3.611709275979841684e-04
3.517072100000004919e-01,-4.033120491452693059e-04
3.519072100000002479e-01,-4.467326856180142171e-04
3.521072100000000038e-01,-4.914381414192017274e-04
3.523072099999997597e-01,-5.374336533916766225e-04
3.525072099999995157e-01,-5.847243902031584208e-04
3.527072099999994936e-01,-6.333154517369266913e-04
3.529072099999999157e-01,-6.832118684892683237e-04
3.531072099999998937e-01,-7.344186009726146915e-04
3.533072100000000937e-01,-7.869405391264816009e-04
3.535072100000000717e-01,-8.407825017335891250e-04
3.537072099999998276e-01,-8.959492358437044258e-04
3.539072100000000276e-01,-9.524454162041112205e-04
3.541072100000000056e-01,-1.010275644696053635e-03
3.543072100000004276e-01,-1.069444449779905718e-03
3.545072100000004056e-01,-1.129956285945343895e-03
3.547072100000001615e-01,-1.191815533170737743e-03
3.549072099999999175e-01,-1.255026496388508220e-03
3.551072099999998954e-01,-1.319593404958077035e-03
3.553072100000000955e-01,-1.385520412146362072e-03
3.555072099999996293e-01,-1.452811594615558647e-03
3.557072099999998294e-01,-1.521470951919795620e-03
3.559072100000000294e-01,-1.591502406007085871e-03
3.561072099999997853e-01,-1.662909800731168179e-03
3.563072100000002074e-01,-1.735696901370995752e-03
3.565072099999999633e-01,-1.809867394156292834e-03
3.567072099999999413e-01,-1.885424885804289855e-03
3.569072099999999192e-01,-1.962372903061444188e-03
3.571072099999998972e-01,-2.040714892255506788e-03
3.573072100000003193e-01,-2.120454218855034271e-03
3.575072100000002973e-01,-2.201594167036821734e-03
3.577072100000004973e-01,-2.284137939263282489e-03
3.579072100000004752e-01,-2.368088655866475243e-03
3.581072100000000091e-01,-2.453449354642112893e-03
3.583072099999997651e-01,-2.540222990452026351e-03
3.585072099999995210e-01,-2.628412434834403403e-03
3.587072099999994990e-01,-2.718020475624075092e-03
3.589072099999996990e-01,-2.809049816580899781e-03
3.591072099999998990e-01,-2.901503077027379422e-03
3.593072100000000990e-01,-2.995382791495386585e-03
3.595072100000000770e-01,-3.090691409381877367e-03
3.597072100000000550e-01,-3.187431294613912811e-03
3.599072100000000329e-01,-3.285604725322600287e-03
3.601072100000000109e-01,-3.385213893526541149e-03
3.603072099999999889e-01,-3.486260904824652843e-03
3.605072100000004109e-01,-3.588747778098577094e-03
3.607072100000003889e-01,-3.692676445223418234e-03
3.609072100000003669e-01,-3.798048750790402554e-03
3.611072099999999008e-01,-3.904866451836514710e-03
3.613072100000001008e-01,-4.013131217586259417e-03
3.615072099999996347e-01,-4.122844629199722347e-03
3.617072099999996126e-01,-4.234008179535201852e-03
3.619072099999995906e-01,-4.346623272916823669e-03
3.621072099999997906e-01,-4.460691224915389400e-03
3.623072099999999907e-01,-4.576213262137361279e-03
3.625072100000001907e-01,-4.693190522024817332e-03
3.627072099999999466e-01,-4.811624052664649140e-03
3.629072099999999246e-01,-4.931514812609149798e-03
3.631072099999999025e-01,-5.052863670704595481e-03
3.633072100000001026e-01,-5.175671405931990890e-03
3.635072100000003026e-01,-5.299938707256675666e-03
3.637072100000005026e-01,-5.425666173489095481e-03
3.639072100000004806e-01,-5.552854313155235547e-03
3.641072100000002365e-01,-5.681503544377809398e-03
3.643072099999999924e-01,-5.811614194767748473e-03
3.645072099999995263e-01,-5.943186501325451246e-03
3.647072099999995043e-01,-6.076220610353661941e-03
3.649072099999997043e-01,-6.210716577379307365e-03
3.651072099999999043e-01,-6.346674367086900873e-03
3.653072100000001043e-01,-6.484093853262365079e-03
3.655072100000000823e-01,-6.622974818747138018e-03
3.657072100000000603e-01,-6.763316955403124789e-03
3.659072099999998162e-01,-6.905119864087658557e-03
3.661072100000000162e-01,-7.048383054640337472e-03
3.663072099999999942e-01,-7.193105945878098054e-03
3.665072100000004163e-01,-7.339287865604471675e-03
3.667072100000003942e-01,-7.486928050625436468e-03
3.669072100000003722e-01,-7.636025646780135803e-03
3.671072099999999061e-01,-7.786579708978854861e-03
3.673072100000001061e-01,-7.938589201254750080e-03
3.675072100000000841e-01,-8.092052996822163627e-03
3.677072099999996180e-01,-8.246969878150238117e-03
3.679072099999995960e-01,-8.403338537045659459e-03
3.681072100000000180e-01,-8.561157574744225965e-03
3.683072099999997739e-01,-8.720425502014609101e-03
3.685072100000001960e-01,-8.881140739275860188e-03
3.687072099999999519e-01,-9.043301616718799410e-03
3.689072099999999299e-01,-9.206906374446240451e-03
3.691072099999999079e-01,-9.371953162617288266e-03
3.693072100000001079e-01,-9.538440041606434036e-03
3.695072100000003079e-01,-9.706364982171348035e-03
3.697072100000005079e-01,-9.875725865632898823e-03
3.699072100000004859e-01,-1.004652048406473076e-02
3.701072100000002418e-01,-1.021874654049460991e-02
3.703072099999999978e-01,-1.039240164911593885e-02
3.705072099999997537e-01,-1.056748333550972842e-02
3.707072099999995096e-01,-1.074398903687774805e-02
3.709072099999997096e-01,-1.092191610228664296e-02
3.711072099999996876e-01,-1.110126179292099564e-02
3.713072100000001097e-01,-1.128202328235046632e-02
3.715072100000000876e-01,-1.146419765680286272e-02
3.717072099999998436e-01,-1.164778191545283274e-02
3.719072100000000436e-01,-1.183277297071807892e-02
3.721072100000000216e-01,-1.201916764856527688e-02
3.723072100000002216e-01,-1.220696268883015266e-02
3.725072099999999775e-01,-1.239615474554382583e-02
3.727072100000003996e-01,-1.258674038727451185e-02
3.729072100000003775e-01,-1.277871609747299915e-02
3.731072100000003555e-01,-1.297207827483609806e-02
3.733072099999998894e-01,-1.316682323367417660e-02
3.735072100000000894e-01,-1.336294720429423606e-02
3.737072099999996233e-01,-1.356044633338638304e-02
3.739072099999996013e-01,-1.375931668442973051e-02
3.741072099999998013e-01,-1.395955423809985309e-02
3.743072099999997793e-01,-1.416115489269101878e-02
3.745072099999999793e-01,-1.436411446454871101e-02
3.747072099999999573e-01,-1.456842868850927349e-02
3.749072099999999352e-01,-1.477409321835291590e-02
3.751072099999999132e-01,-1.498110362726405749e-02
3.753072099999998912e-01,-1.518945540830309200e-02
3.755072100000000912e-01,-1.539914397488737104e-02
3.757072100000002912e-01,-1.561016466128164505e-02
3.759072100000004912e-01,-1.582251272309913651e-02
3.761072100000004692e-01,-1.603618333781144448e-02
3.763072100000002251e-01,-1.625117160526888885e-02
3.765072099999999811e-01,-1.646747254822970505e-02
3.767072099999995149e-01,-1.668508111289836518e-02
3.769072099999994929e-01,-1.690399216947505515e-02
3.771072099999996929e-01,-1.712420051271140373e-02
3.773072099999998930e-01,-1.734570086247829920e-02
3.775072100000000930e-01,-1.756848786434185919e-02
3.777072100000000709e-01,-1.779255609014830306e-02
3.779072100000000489e-01,-1.801790003861867759e-02
3.781072099999998049e-01,-1.824451413595095869e-02
3.783072100000000049e-01,-1.847239273643326921e-02
3.785072099999999828e-01,-1.870153012306253679e-02
3.787072100000004049e-01,-1.893192050817646757e-02
3.789072100000003829e-01,-1.916355803408857986e-02
3.791072099999999168e-01,-1.939643677373746947e-02
3.793072099999998947e-01,-1.963055073134184828e-02
3.795072100000000948e-01,-1.986589384306168896e-02
3.797072100000000727e-01,-2.010245997767061768e-02
3.799072099999996066e-01,-2.034024293723667512e-02
3.801072099999998066e-01,-2.057923645781117514e-02
3.803072100000000066e-01,-2.081943421012111620e-02
3.805072099999997626e-01,-2.106082980027503687e-02
3.807072100000001846e-01,-2.130341677047644863e-02
3.809072099999999406e-01,-2.154718859973813599e-02
3.811072099999999185e-01,-2.179213870461457758e-02
3.813072099999998965e-01,-2.203826043993226472e-02
3.815072100000000965e-01,-2.228554709953311716e-02
3.817072100000002965e-01,-2.253399191702255833e-02
3.819072100000004966e-01,-2.278358806652614962e-02
3.821072100000004745e-01,-2.303432866345248367e-02
3.823072100000002305e-01,-2.328620676526363745e-02
3.825072099999999864e-01,-2.353921537225198493e-02
3.827072099999995203e-01,-2.379334742832326863e-02
3.829072099999994983e-01,-2.404859582178828226e-02
3.831072099999996983e-01,-2.430495338615739145e-02
3.833072099999996762e-01,-2.456241290094457116e-02
3.835072100000000983e-01,-2.482096709247809743e-02
3.837072100000002983e-01,-2.508060863471327576e-02
3.839072100000000543e-01,-2.534133015005587616e-02
3.841072100000000322e-01,-2.560312421019009244e-02
3.843072100000000102e-01,-2.586598333690936016e-02
3.845072099999999882e-01,-2.612990000295653190e-02
3.847072099999999661e-01,-2.639486663286773685e-02
3.849072100000003882e-01,-2.666087560382263480e-02
3.851072100000003662e-01,-2.692791924649669960e-02
3.853072100000003442e-01,-2.719598984592501434e-02
3.855072100000001001e-01,-2.746507964236425889e-02
3.857072100000000781e-01,-2.773518083216444316e-02
3.859072099999996119e-01,-2.800628556864083116e-02
3.861072099999995899e-01,-2.827838596295693258e-02
3.863072099999995679e-01,-2.855147408500365719e-02
3.865072099999997679e-01,-2.882554196429043189e-02
3.867072099999999679e-01,-2.910058159083500975e-02
3.869072100000001679e-01,-2.937658491606092923e-02
3.871072099999999239e-01,-2.965354385369641313e-02
3.873072099999999018e-01,-2.993145028067985616e-02
3.875072100000001019e-01,-3.021029603806498279e-02
3.877072100000000798e-01,-3.049007293193175747e-02
3.879072100000005019e-01,-3.077077273430246437e-02
3.881072100000004799e-01,-3.105238718405538625e-02
3.883072100000002358e-01,-3.133490798784857589e-02
3.885072100000002138e-01,-3.161832682104187553e-02
3.887072099999999697e-01,-3.190263532862103873e-02
3.889072099999995036e-01,-3.218782512612807650e-02
3.891072099999997036e-01,-3.247388780059283497e-02
3.893072099999996816e-01,-3.276081491146218272e-02
3.895072100000001036e-01,-3.304859799153985617e-02
3.897072100000000816e-01,-3.333722854791976858e-02
3.899072100000005037e-01,-3.362669806292910291e-02
3.901072100000000376e-01,-3.391699799506393137e-02
3.903072099999997935e-01,-3.420811977993760966e-02
3.905072099999999935e-01,-3.450005483122007416e-02
3.907072099999999715e-01,-3.479279454158212825e-02
3.909072100000003935e-01,-3.508633028364485651e-02
3.911072100000003715e-01,-3.538065341092192645e-02
3.913072100000003495e-01,-3.567575525877138276e-02
3.915072100000001054e-01,-3.597162714534066219e-02
3.917072100000000834e-01,-3.626826037251711793e-02
3.919072099999998393e-01,-3.656564622687437371e-02
3.921072099999998173e-01,-3.686377598062356986e-02
3.923072099999997953e-01,-3.716264089256014758e-02
3.925072099999999953e-01,-3.746223220901379741e-02
3.927072099999999732e-01,-3.776254116479495909e-02
3.929072100000001733e-01,-3.806355898414475608e-02
3.931072099999999292e-01,-3.836527688167898353e-02
3.933072099999999072e-01,-3.866768606333771674e-02
3.935072100000001072e-01,-3.897077772732727985e-02
3.937072100000000852e-01,-3.927454306506435178e-02
3.939072100000005072e-01,-3.957897326212103661e-02
3.941072100000004852e-01,-3.988405949916142001e-02
3.943072100000002411e-01,-4.018979295288521020e-02
3.945072100000002191e-01,-4.049616479696353105e-02
3.947072099999999750e-01,-4.080316620297285563e-02
3.949072099999995089e-01,-4.111078834133013310e-02
3.951072099999997089e-01,-4.141902238222455734e-02
3.953072099999996869e-01,-4.172785949654193860e-02
3.955072099999996649e-01,-4.203729085679469568e-02
3.957072100000000869e-01,-4.234730763804364639e-02
3.959072100000005090e-01,-4.265790101881628688e-02
3.961072100000000429e-01,-4.296906218202424521e-02
3.963072100000000209e-01,-4.328078231588092240e-02
3.965072099999999988e-01,-4.359305261480545673e-02
3.967072100000001988e-01,-4.390586428033284305e-02
3.969072099999999548e-01,-4.421920852201422641e-02
3.971072100000003768e-01,-4.453307655831977713e-02
3.973072100000003548e-01,-4.484745961752685528e-02
3.975072100000003328e-01,-4.516234893861626604e-02
3.977072100000000887e-01,-4.547773577215475510e-02
3.979072099999998446e-01,-4.579361138117786501e-02
3.981072099999996006e-01,-4.610996704206525576e-02
3.983072099999995785e-01,-4.642679404541323607e-02
3.985072099999997786e-01,-4.674408369690028625e-02
3.987072099999997565e-01,-4.706182731814797376e-02
3.989072099999999566e-01,-4.738001624757906538e-02
3.991072099999999345e-01,-4.769864184126462736e-02
3.993072099999999125e-01,-4.801769547377143094e-02
3.995072099999998905e-01,-4.833716853899897720e-02
3.997072100000000905e-01,-4.865705245101289989e-02
3.999072100000000685e-01,-4.897733864486987498e-02
4.001072100000004905e-01,-4.929801857744085108e-02
4.003072100000002465e-01,-4.961908372821979135e-02
4.005072100000000024e-01,-4.994052560013635678e-02
4.007072100000002024e-01,-5.026233572035290753e-02
4.009072099999999583e-01,-5.058450564105609892e-02
4.011072099999994922e-01,-5.090702694024642344e-02
4.013072099999999143e-01,-5.122989122251697669e-02
4.015072099999998922e-01,-5.155309011981969863e-02
4.017072100000000923e-01,-5.187661529223597245e-02
4.019072100000000702e-01,-5.220045842872807901e-02
4.021072100000000482e-01,-5.252461124789019331e-02
4.023072099999998041e-01,-5.284906549868683551e-02
4.025072099999997821e-01,-5.317381296118688094e-02
4.027072099999999821e-01,-5.349884544728580882e-02
4.029072099999999601e-01,-5.382415480142082459e-02
4.031072100000003822e-01,-5.414973290128029249e-02
4.033072100000003601e-01,-5.447557165849765265e-02
4.035072099999998940e-01,-5.480166301934454726e-02
4.037072100000000940e-01,-5.512799896541143579e-02
4.039072100000000720e-01,-5.545457151427395093e-02
4.041072099999998279e-01,-5.578137272015892822e-02
4.043072099999998059e-01,-5.610839467459671770e-02
4.045072099999997839e-01,-5.643562950706194903e-02
4.047072099999999839e-01,-5.676306938560859300e-02
4.049072099999999619e-01,-5.709070651749186681e-02
4.051072100000001619e-01,-5.741853314978413031e-02
4.053072099999999178e-01,-5.774654156997499621e-02
4.055072099999998958e-01,-5.807472410656852602e-02
4.057072100000000958e-01,-5.840307312966344644e-02
4.059072100000000738e-01,-5.873158105152535835e-02
4.061072100000004959e-01,-5.906024032715169458e-02
4.063072100000004738e-01,-5.938904345481846314e-02
4.065072100000002298e-01,-5.971798297662508220e-02
4.067072100000002077e-01,-6.004705147902258955e-02
4.069072099999999637e-01,-6.037624159333036811e-02
4.071072099999999416e-01,-6.070554599624633507e-02
4.073072099999999196e-01,-6.103495741034040134e-02
4.075072099999998976e-01,-6.136446860454114471e-02
4.077072100000000976e-01,-6.169407239460861225e-02
4.079072100000000756e-01,-6.202376164359474364e-02
4.081072100000004976e-01,-6.235352926229614789e-02
4.083072100000000315e-01,-6.268336820968739564e-02
4.085072099999997874e-01,-6.301327149335445021e-02
4.087072099999999875e-01,-6.334323216990334071e-02
4.089072099999999654e-01,-6.367324334536275665e-02
4.091072100000006095e-01,-6.400329817557745549e-02
4.093072100000003655e-01,-6.433338986657977099e-02
4.095072099999998994e-01,-6.466351167496259267e-02
4.097072100000000994e-01,-6.499365690822861419e-02
4.099072100000000773e-01,-6.532381892512759136e-02
4.101072099999998333e-01,-6.565399113598793801e-02
4.103072099999998112e-01,-6.598416700303130766e-02
4.105072100000000113e-01,-6.631434004067282562e-02
4.107072100000002113e-01,-6.664450381581059346e-02
4.109072099999999672e-01,-6.697465194810194034e-02
4.111072099999999452e-01,-6.730477811022861356e-02
4.113072099999999232e-01,-6.763487602814349797e-02
4.115072099999999011e-01,-6.796493948130907792e-02
4.117072100000001011e-01,-6.829496230292086967e-02
4.119072100000000791e-01,-6.862493838011610170e-02
4.121072100000000571e-01,-6.895486165417276381e-02
4.123072100000004792e-01,-6.928472612069169756e-02
4.125072100000002351e-01,-6.961452582976372649e-02
4.127072100000002131e-01,-6.994425488613117969e-02
4.129072100000001910e-01,-7.027390744932572597e-02
4.131072099999999470e-01,-7.060347773379821446e-02
4.133072099999997029e-01,-7.093296000903501208e-02
4.135072099999999029e-01,-7.126234859965829838e-02
4.137072100000003250e-01,-7.159163788551192731e-02
4.139072100000000809e-01,-7.192082230173493795e-02
4.141072100000000589e-01,-7.224989633882519802e-02
4.143072100000000368e-01,-7.257885454267920533e-02
4.145072099999997928e-01,-7.290769151462614395e-02
4.147072099999997707e-01,-7.323640191144598077e-02
4.149072099999999708e-01,-7.356498044537090886e-02
4.151072099999999487e-01,-7.389342188407416190e-02
4.153072100000003708e-01,-7.422172105064786529e-02
4.155072100000003488e-01,-7.454987282355918232e-02
4.157072100000003267e-01,-7.487787213660161700e-02
4.159072100000000827e-01,-7.520571397882395981e-02
4.161072100000000606e-01,-7.553339339445062917e-02
4.163072099999998166e-01,-7.586090548278293100e-02
4.165072099999997945e-01,-7.618824539809129770e-02
4.167072099999997725e-01,-7.651540834948784842e-02
4.169072100000001946e-01,-7.684238960079013692e-02
4.171072099999999505e-01,-7.716918447036313911e-02
4.173072100000001505e-01,-7.749578833095861763e-02
4.175072099999999065e-01,-7.782219660952553741e-02
4.177072100000001065e-01,-7.814840478702039794e-02
4.179072100000000844e-01,-7.847440839819094793e-02
4.181072100000000624e-01,-7.880020303135518156e-02
4.183072100000004845e-01,-7.912578432816108620e-02
4.185072100000002404e-01,-7.945114798333069439e-02
4.187072100000002184e-01,-7.977628974439729403e-02
4.189072100000001964e-01,-8.010120541141921291e-02
4.191072099999999523e-01,-8.042589083668487404e-02
4.193072099999999303e-01,-8.075034192440386227e-02
4.195072099999999082e-01,-8.107455463037985255e-02
4.197072099999996642e-01,-8.139852496167312990e-02
4.199072100000000862e-01,-8.172224897624993933e-02
4.201072099999998422e-01,-8.204572278260940932e-02
4.203072100000004863e-01,-8.236894253941152988e-02
4.205072100000000201e-01,-8.269190445507151876e-02
4.207072099999997761e-01,-8.301460478736197302e-02
4.209072099999999761e-01,-8.333703984298321266e-02
4.211072100000001761e-01,-8.365920597712694917e-02
4.213072100000005982e-01,-8.398109959302792193e-02
4.215072100000003541e-01,-8.430271714149706330e-02
4.217072100000001100e-01,-8.462405512044737788e-02
4.219072100000000880e-01,-8.494511007439951855e-02
4.221072100000000660e-01,-8.526587859397601055e-02
4.223072099999998219e-01,-8.558635731538380420e-02
4.225072099999997999e-01,-8.590654291988249203e-02
4.227072099999997778e-01,-8.622643213323696876e-02
4.229072099999997558e-01,-8.654602172515968306e-02
4.231072099999999558e-01,-8.686530850873837306e-02
4.233072099999999338e-01,-8.718428933984948004e-02
4.235072099999999118e-01,-8.750296111656155618e-02
4.237072099999998898e-01,-8.782132077852232432e-02
4.239072100000000898e-01,-8.813936530633528776e-02
4.241072099999998457e-01,-8.845709172092031114e-02
4.243072100000000457e-01,-8.877449708286762331e-02
4.245072100000004678e-01,-8.909157849177078148e-02
4.247072100000002237e-01,-8.940833308555246051e-02
4.249072100000002017e-01,-8.972475803978025022e-02
4.251072100000001797e-01,-9.004085056696217726e-02
4.253072099999999356e-01,-9.035660791583596807e-02
4.255072099999996915e-01,-9.067202737064547491e-02
4.257072099999998915e-01,-9.098710625040362654e-02
4.259072100000000916e-01,-9.130184190814219503e-02
4.261072100000000695e-01,-9.161623173015316646e-02
4.263072100000000475e-01,-9.193027313521731636e-02
4.265072100000000255e-01,-9.224396357381919875e-02
4.267072099999997814e-01,-9.255730052735258728e-02
4.269072099999997594e-01,-9.287028150731468923e-02
4.271072099999999594e-01,-9.318290405448753644e-02
4.273072100000001594e-01,-9.349516573810909281e-02
4.275072100000003594e-01,-9.380706415503450857e-02
4.277072100000003374e-01,-9.411859692888480122e-02
4.279072100000000933e-01,-9.442976170918628009e-02
4.281072100000002933e-01,-9.474055617049978451e-02
4.283072100000000493e-01,-9.505097801153472581e-02
4.285072099999998052e-01,-9.536102495426138081e-02
4.287072099999997832e-01,-9.567069474300560206e-02
4.289072099999997612e-01,-9.597998514353650590e-02
4.291072100000001832e-01,-9.628889394214537600e-02
4.293072099999999391e-01,-9.659741894471032819e-02
4.295072099999999171e-01,-9.690555797576043406e-02
4.297072099999998951e-01,-9.721330887751997163e-02
4.299072100000000951e-01,-9.752066950895045550e-02
4.301072100000000731e-01,-9.782763774478045460e-02
4.303072100000000511e-01,-9.813421147452892901e-02
4.305072100000004731e-01,-9.844038860151863024e-02
4.307072100000002290e-01,-9.874616704187741401e-02
4.309072100000002070e-01,-9.905154472354055217e-02
4.311072100000001850e-01,-9.935651958523425420e-02
4.313072099999999409e-01,-9.966108957545730118e-02
4.315072099999999189e-01,-9.996525265145475569e-02
4.317072099999998969e-01,-1.002690067781803057e-01
4.319072100000000969e-01,-1.005723499272554722e-01
4.321072100000000749e-01,-1.008752800759177559e-01
4.323072099999998308e-01,-1.011777952059653707e-01
4.325072100000004749e-01,-1.014798933026937189e-01
4.327072100000000088e-01,-1.017815723538188222e-01
4.329072099999997647e-01,-1.020828303484092592e-01
4.331072099999999647e-01,-1.023836652757958154e-01
4.333072099999999427e-01,-1.026840751244821881e-01
4.335072100000005868e-01,-1.029840578810527485e-01
4.337072100000003427e-01,-1.032836115290650392e-01
4.339072100000000987e-01,-1.035827340479499592e-01
4.341072100000000766e-01,-1.038814234118945051e-01
4.343072100000000546e-01,-1.041796775887249282e-01
4.345072099999998105e-01,-1.044774945387844101e-01
4.347072099999997885e-01,-1.047748722138071437e-01
4.349072099999999885e-01,-1.050718085557846015e-01
4.351072100000001885e-01,-1.053683014958299025e-01
4.353072099999999445e-01,-1.056643489530375846e-01
4.355072099999999224e-01,-1.059599488333415607e-01
4.357072099999999004e-01,-1.062550990283642471e-01
4.359072100000001004e-01,-1.065497974142674553e-01
4.361072100000000784e-01,-1.068440418505960943e-01
4.363072100000000564e-01,-1.071378301791229559e-01
4.365072100000000344e-01,-1.074311602226868390e-01
4.367072100000004564e-01,-1.077240297840310335e-01
4.369072100000002123e-01,-1.080164366446347834e-01
4.371072100000001903e-01,-1.083083785635516327e-01
4.373072100000001683e-01,-1.085998532762352392e-01
4.375072099999999242e-01,-1.088908584933705737e-01
4.377072099999996802e-01,-1.091813918997018018e-01
4.379072100000001022e-01,-1.094714511528591394e-01
4.381072100000003022e-01,-1.097610338821812664e-01
4.383072100000000582e-01,-1.100501376875433757e-01
4.385072100000000361e-01,-1.103387601381815020e-01
4.387072100000000141e-01,-1.106268987715144092e-01
4.389072099999999921e-01,-1.109145510919686273e-01
4.391072099999995260e-01,-1.112017145698019766e-01
4.393072099999999480e-01,-1.114883866399309642e-01
4.395072099999999260e-01,-1.117745647007499510e-01
4.397072100000003481e-01,-1.120602461129639599e-01
4.399072100000003260e-01,-1.123454281984105074e-01
4.401072100000003040e-01,-1.126301082388926622e-01
4.403072100000005040e-01,-1.129142834750068297e-01
4.405072100000000379e-01,-1.131979511049738818e-01
4.407072099999997938e-01,-1.134811082834775720e-01
4.409072099999997718e-01,-1.137637521204971636e-01
4.411072099999999718e-01,-1.140458796801480656e-01
4.413072100000001718e-01,-1.143274879795233845e-01
4.415072099999999278e-01,-1.146085739875392917e-01
4.417072099999999057e-01,-1.148891346237851940e-01
4.419072100000001058e-01,-1.151691667573733202e-01
4.421072100000000837e-01,-1.154486672057948859e-01
4.423072100000000617e-01,-1.157276327337815464e-01
4.425072100000000397e-01,-1.160060600521684443e-01
4.427072100000004617e-01,-1.162839458167638090e-01
4.429072100000004397e-01,-1.165612866272202619e-01
4.431072100000004177e-01,-1.168380790259168495e-01
4.433072100000001736e-01,-1.171143194968405077e-01
4.435072099999999296e-01,-1.173900044644768659e-01
4.437072099999999075e-01,-1.176651302927051446e-01
4.439072100000001075e-01,-1.179396932836985490e-01
4.441072099999996414e-01,-1.182136896768317125e-01
4.443072100000000635e-01,-1.184871156475986176e-01
4.445072099999998194e-01,-1.187599673065264094e-01
4.447072100000002415e-01,-1.190322406981112191e-01
4.449072099999999974e-01,-1.193039317997455218e-01
4.451072099999997533e-01,-1.195750365206676019e-01
4.453072099999999534e-01,-1.198455507009084375e-01
4.455072100000001534e-01,-1.201154701102494782e-01
4.457072100000005754e-01,-1.203847904471913310e-01
4.459072100000003314e-01,-1.206535073379262912e-01
4.461072100000000873e-01,-1.209216163353258044e-01
4.463072100000000653e-01,-1.211891129179307747e-01
4.465072100000000432e-01,-1.214559924889532516e-01
4.467072099999997992e-01,-1.217222503752885404e-01
4.469072099999997771e-01,-1.219878818265373310e-01
4.471072099999997551e-01,-1.222528820140347666e-01
4.473072099999995110e-01,-1.225172460298927235e-01
4.475072099999999331e-01,-1.227809688860527493e-01
4.477072099999999111e-01,-1.230440455133440525e-01
4.479072099999998890e-01,-1.233064707605616983e-01
4.481072100000000891e-01,-1.235682393935479961e-01
4.483072099999998450e-01,-1.238293460942875845e-01
4.485072100000004891e-01,-1.240897854600179484e-01
4.487072100000000230e-01,-1.243495520023417122e-01
4.489072100000004450e-01,-1.246086401463668558e-01
4.491072100000002010e-01,-1.248670442298404071e-01
4.493072100000001790e-01,-1.251247585023115283e-01
4.495072100000001569e-01,-1.253817771242956014e-01
4.497072099999999129e-01,-1.256380941664569373e-01
4.499072099999998908e-01,-1.258937036088041972e-01
4.501072100000000908e-01,-1.261485993398966943e-01
4.503072099999998468e-01,-1.264027751560655999e-01
4.505072100000000468e-01,-1.266562247606524139e-01
4.507072100000000248e-01,-1.269089417632538741e-01
4.509072100000000027e-01,-1.271609196789889595e-01
4.511072099999999807e-01,-1.274121519277756909e-01
4.513072099999995146e-01,-1.276626318336230304e-01
4.515072099999999367e-01,-1.279123526239420439e-01
4.517072099999999146e-01,-1.281613074288624199e-01
4.519072100000003367e-01,-1.284094892805771604e-01
4.521072100000003147e-01,-1.286568911126906856e-01
4.523072100000000706e-01,-1.289035057595919742e-01
4.525072100000004927e-01,-1.291493259558392503e-01
4.527072100000000265e-01,-1.293943443355571321e-01
4.529072099999997825e-01,-1.296385534318608701e-01
4.531072099999997604e-01,-1.298819456762853597e-01
4.533072099999999605e-01,-1.301245133982378843e-01
4.535072100000001605e-01,-1.303662488244652085e-01
4.537072099999999164e-01,-1.306071440785381843e-01
4.539072099999998944e-01,-1.308471911803557597e-01
4.541072100000000944e-01,-1.310863820456619755e-01
4.543072100000000724e-01,-1.313247084855837243e-01
4.545072100000000503e-01,-1.315621622061864671e-01
4.547072100000000283e-01,-1.317987348080464360e-01
4.549072100000004504e-01,-1.320344177858424062e-01
4.551072100000004284e-01,-1.322692025279627037e-01
4.553072100000001843e-01,-1.325030803161362236e-01
4.555072100000001623e-01,-1.327360423250779076e-01
4.557072099999999182e-01,-1.329680796221524852e-01
4.559072099999998962e-01,-1.331991831670611970e-01
4.561072100000000962e-01,-1.334293438115435049e-01
4.563072100000000741e-01,-1.336585522990998698e-01
4.565072100000000521e-01,-1.338867992647354566e-01
4.567072099999998080e-01,-1.341140752347203535e-01
4.569072100000002301e-01,-1.343403706263732178e-01
4.571072099999999860e-01,-1.345656757478586041e-01
4.573072099999995199e-01,-1.347899807980134923e-01
4.575072099999999420e-01,-1.350132758661869992e-01
4.577072099999999200e-01,-1.352355509320995464e-01
4.579072100000005641e-01,-1.354567958657300897e-01
4.581072100000003200e-01,-1.356770004272140895e-01
4.583072100000000759e-01,-1.358961542667722622e-01
4.585072100000000539e-01,-1.361142469246517939e-01
4.587072100000000319e-01,-1.363312678310922288e-01
4.589072099999997878e-01,-1.365472063063118968e-01
4.591072099999997658e-01,-1.367620515605171283e-01
4.593072099999999658e-01,-1.369757926939288717e-01
4.595072100000001658e-01,-1.371884186968342356e-01
4.597072099999999217e-01,-1.373999184496576542e-01
4.599072099999998997e-01,-1.376102807230557556e-01
4.601072100000000997e-01,-1.378194941780307436e-01
4.603072100000000777e-01,-1.380275473660672603e-01
4.605072099999998336e-01,-1.382344287292919804e-01
4.607072100000000336e-01,-1.384401266006546061e-01
4.609072100000000116e-01,-1.386446292041284556e-01
4.611072100000004337e-01,-1.388479246549377266e-01
4.613072100000001896e-01,-1.390500009598016895e-01
4.615072100000001676e-01,-1.392508460172074969e-01
4.617072099999999235e-01,-1.394504476176982588e-01
4.619072099999999015e-01,-1.396487934441896228e-01
4.621072100000001015e-01,-1.398458710723044784e-01
4.623072100000000795e-01,-1.400416679707319756e-01
4.625072100000005015e-01,-1.402361715016107735e-01
4.627072100000000354e-01,-1.404293689209295815e-01
4.629072100000000134e-01,-1.406212473789590911e-01
4.631072099999999914e-01,-1.408117939206966762e-01
4.633072099999999693e-01,-1.410009954863409298e-01
4.635072099999995032e-01,-1.411888389117856302e-01
4.637072099999999253e-01,-1.413753109291400190e-01
4.639072099999999033e-01,-1.415603981672647893e-01
4.641072100000003253e-01,-1.417440871523406587e-01
4.643072100000003033e-01,-1.419263643084505699e-01
4.645072100000005033e-01,-1.421072159581922012e-01
4.647072100000004813e-01,-1.422866283233079066e-01
4.649072100000000152e-01,-1.424645875253406635e-01
4.651072099999997711e-01,-1.426410795863130021e-01
4.653072099999995270e-01,-1.428160904294262512e-01
4.655072099999999491e-01,-1.429896058797857084e-01
4.657072099999999271e-01,-1.431616116651455162e-01
4.659072099999999050e-01,-1.433320934166808780e-01
4.661072100000001051e-01,-1.435010366697791195e-01
4.663072100000000830e-01,-1.436684268648548146e-01
4.665072099999998390e-01,-1.438342493481887252e-01
4.667072100000000390e-01,-1.439984893727892512e-01
4.669072100000000169e-01,-1.441611320992742529e-01
4.671072100000004390e-01,-1.443221625967801014e-01
4.673072100000004170e-01,-1.444815658438883821e-01
4.675072100000003950e-01,-1.446393267295802143e-01
4.677072100000001509e-01,-1.447954300542090289e-01
4.679072099999999068e-01,-1.449498605304983534e-01
4.681072100000001068e-01,-1.451026027845614963e-01
4.683072100000000848e-01,-1.452536413569421314e-01
4.685072099999996187e-01,-1.454029607036799732e-01
4.687072100000000408e-01,-1.455505451973984343e-01
4.689072099999997967e-01,-1.456963791284095477e-01
4.691072100000002187e-01,-1.458404467058499465e-01
4.693072099999999747e-01,-1.459827320588292232e-01
4.695072099999995086e-01,-1.461232192376087646e-01
4.697072099999999306e-01,-1.462618922147970735e-01
4.699072099999999086e-01,-1.463987348865674609e-01
4.701072100000005527e-01,-1.465337310739004695e-01
4.703072100000003086e-01,-1.466668645238435043e-01
4.705072100000000646e-01,-1.467981189107972206e-01
4.707072100000004866e-01,-1.469274778378187318e-01
4.709072100000000205e-01,-1.470549248379465213e-01
4.711072099999997764e-01,-1.471804433755506680e-01
4.713072099999999764e-01,-1.473040168476989209e-01
4.715072099999995103e-01,-1.474256285855458093e-01
4.717072099999997103e-01,-1.475452618557448747e-01
4.719072099999999104e-01,-1.476628998618762512e-01
4.721072100000001104e-01,-1.477785257458996693e-01
4.723072100000000884e-01,-1.478921225896252523e-01
4.725072099999998443e-01,-1.480036734162052947e-01
4.727072099999998223e-01,-1.481131611916460256e-01
4.729072100000002443e-01,-1.482205688263391052e-01
4.731072100000000002e-01,-1.483258791766118578e-01
4.733072100000004223e-01,-1.484290750463004294e-01
4.735072100000001782e-01,-1.485301391883371847e-01
4.737072100000001562e-01,-1.486290543063629177e-01
4.739072099999999121e-01,-1.487258030563535505e-01
4.741072099999998901e-01,-1.488203680482682589e-01
4.743072100000000901e-01,-1.489127318477155293e-01
4.745072099999998461e-01,-1.490028769776373940e-01
4.747072099999998240e-01,-1.490907859200131247e-01
4.749072100000000241e-01,-1.491764411175795224e-01
4.751072100000000020e-01,-1.492598249755700546e-01
4.753072099999999800e-01,-1.493409198634721990e-01
4.755072099999999580e-01,-1.494197081168006092e-01
4.757072099999994919e-01,-1.494961720388893189e-01
4.759072099999999139e-01,-1.495702939027005740e-01
4.761072099999998919e-01,-1.496420559526491223e-01
4.763072100000003140e-01,-1.497114404064457671e-01
4.765072100000002919e-01,-1.497784294569547703e-01
4.767072100000000479e-01,-1.498430052740692409e-01
4.769072100000000258e-01,-1.499051500066019837e-01
4.771072099999997818e-01,-1.499648457841911142e-01
4.773072099999997597e-01,-1.500220747192230197e-01
4.775072099999995157e-01,-1.500768189087686999e-01
4.777072099999999377e-01,-1.501290604365364545e-01
4.779072099999999157e-01,-1.501787813748384215e-01
4.781072099999998937e-01,-1.502259637865723252e-01
4.783072100000000937e-01,-1.502705897272171853e-01
4.785072099999998496e-01,-1.503126412468426265e-01
4.787072099999998276e-01,-1.503521003921327037e-01
4.789072100000000276e-01,-1.503889492084222179e-01
4.791072100000000056e-01,-1.504231697417472979e-01
4.793072100000004276e-01,-1.504547440409077508e-01
4.795072100000004056e-01,-1.504836541595429567e-01
4.797072100000001615e-01,-1.505098821582195601e-01
4.799072099999999175e-01,-1.505334101065318175e-01
4.801072099999998954e-01,-1.505542200852129642e-01
4.803072099999996514e-01,-1.505722941882586263e-01
4.805072099999996293e-01,-1.505876145250611975e-01
4.807072099999998294e-01,-1.506001632225552611e-01
4.809072100000004735e-01,-1.506099224273735049e-01
4.811072100000000074e-01,-1.506168743080131822e-01
4.813072100000002074e-01,-1.506210010570120383e-01
4.815072099999999633e-01,-1.506222848931347280e-01
4.817072099999999413e-01,-1.506207080635678097e-01
4.819072099999999192e-01,-1.506162528461245376e-01
4.821072099999998972e-01,-1.506089015514578411e-01
4.823072100000003193e-01,-1.505986365252820480e-01
4.825072100000002973e-01,-1.505854401506025453e-01
4.827072100000000532e-01,-1.505692948499539607e-01
4.829072100000000312e-01,-1.505501830876441738e-01
4.831072099999997871e-01,-1.505280873720077350e-01
4.833072099999997651e-01,-1.505029902576640322e-01
4.835072099999995210e-01,-1.504748743477831718e-01
4.837072099999999431e-01,-1.504437222963577736e-01
4.839072099999999210e-01,-1.504095168104803426e-01
4.841072099999998990e-01,-1.503722406526262767e-01
4.843072100000003211e-01,-1.503318766429418418e-01
4.845072100000000770e-01,-1.502884076615377540e-01
4.847072099999998329e-01,-1.502418166507855646e-01
4.849072099999998109e-01,-1.501920866176199021e-01
4.851072100000000109e-01,-1.501392006358434617e-01
4.853072099999999889e-01,-1.500831418484359081e-01
4.855072100000004109e-01,-1.500238934698649440e-01
4.857072100000001669e-01,-1.499614387884018463e-01
4.859072099999999228e-01,-1.498957611684366698e-01
4.861072099999999008e-01,-1.498268440527981138e-01
4.863072100000001008e-01,-1.497546709650737218e-01
4.865072100000000788e-01,-1.496792255119311910e-01
4.867072099999998347e-01,-1.496004913854411256e-01
4.869072100000004788e-01,-1.495184523653994568e-01
4.871072100000000127e-01,-1.494330923216523610e-01
4.873072099999999907e-01,-1.493443952164167920e-01
4.875072100000001907e-01,-1.492523451066048168e-01
4.877072099999999466e-01,-1.491569261461449247e-01
4.879072099999997025e-01,-1.490581225883013672e-01
4.881072099999999025e-01,-1.489559187879933300e-01
4.883072100000001026e-01,-1.488502992041116357e-01
4.885072100000003026e-01,-1.487412484018323655e-01
4.887072100000005026e-01,-1.486287510549283430e-01
4.889072100000004806e-01,-1.485127919480775105e-01
4.891072100000000145e-01,-1.483933559791670853e-01
4.893072099999997704e-01,-1.482704281615938868e-01
4.895072099999995263e-01,-1.481439936265616930e-01
4.897072099999995043e-01,-1.480140376253721302e-01
4.899072099999999264e-01,-1.478805455317115380e-01
4.901072099999999043e-01,-1.477435028439328113e-01
4.903072100000001043e-01,-1.476028951873293305e-01
4.905072100000000823e-01,-1.474587083164056178e-01
4.907072099999998382e-01,-1.473109281171388618e-01
4.909072099999998162e-01,-1.471595406092350011e-01
4.911072100000000162e-01,-1.470045319483769819e-01
4.913072099999999942e-01,-1.468458884284661314e-01
4.915072100000004163e-01,-1.466835964838528739e-01
4.917072100000003942e-01,-1.465176426915634211e-01
4.919072100000003722e-01,-1.463480137735120867e-01
4.921072099999999061e-01,-1.461746965987097413e-01
4.923072100000001061e-01,-1.459976781854572525e-01
4.925072099999996400e-01,-1.458169457035362326e-01
4.927072099999996180e-01,-1.456324864763800520e-01
4.929072100000000400e-01,-1.454442879832425761e-01
4.931072100000002401e-01,-1.452523378613518323e-01
4.933072099999999960e-01,-1.450566239080514908e-01
4.935072100000001960e-01,-1.448571340829311049e-01
4.937072099999999519e-01,-1.446538565099476092e-01
4.939072099999999299e-01,-1.444467794795273319e-01
4.941072099999999079e-01,-1.442358914506615686e-01
4.943072100000001079e-01,-1.440211810529851699e-01
4.945072100000003079e-01,-1.438026370888421945e-01
4.947072100000005079e-01,-1.435802485353377955e-01
4.949072100000004859e-01,-1.433540045463753687e-01
4.951072100000000198e-01,-1.431238944546784353e-01
4.953072099999999978e-01,-1.428899077737968426e-01
4.955072099999997537e-01,-1.426520342001008079e-01
4.957072099999995096e-01,-1.424102636147538958e-01
4.959072099999997096e-01,-1.421645860856726173e-01
4.961072099999999097e-01,-1.419149918694707635e-01
4.963072100000001097e-01,-1.416614714133828390e-01
4.965072100000003097e-01,-1.414040153571725911e-01
4.967072100000000656e-01,-1.411426145350241912e-01
4.969072099999998215e-01,-1.408772599774126000e-01
4.971072099999997995e-01,-1.406079429129581948e-01
4.973072100000002216e-01,-1.403346547702623015e-01
4.975072100000006436e-01,-1.400573871797230197e-01
4.977072100000003996e-01,-1.397761319753312581e-01
4.979072100000001555e-01,-1.394908811964448159e-01
4.981072099999999114e-01,-1.392016270895473640e-01
4.983072099999998894e-01,-1.389083621099826416e-01
4.985072100000000894e-01,-1.386110789236701391e-01
4.987072099999998454e-01,-1.383097704087991597e-01
4.989072099999998233e-01,-1.380044296574975682e-01
4.991072099999998013e-01,-1.376950499774857728e-01
4.993072100000000013e-01,-1.373816248937020923e-01
4.995072099999999793e-01,-1.370641481499101366e-01
4.997072100000001793e-01,-1.367426137102789874e-01
4.999072099999999352e-01,-1.364170157609451706e-01
5.001072099999996912e-01,-1.360873487115458469e-01
5.003072099999998912e-01,-1.357536071967319902e-01
5.005072100000000912e-01,-1.354157860776578071e-01
5.007072100000002912e-01,-1.350738804434424845e-01
5.009072100000004912e-01,-1.347278856126094826e-01
5.011072100000000251e-01,-1.343777971345015421e-01
5.013072100000000031e-01,-1.340236107906649099e-01
5.015072099999997590e-01,-1.336653225962183000e-01
5.017072099999995149e-01,-1.333029288011852165e-01
5.019072099999994929e-01,-1.329364258918062369e-01
5.021072099999999150e-01,-1.325658105918233742e-01
5.023072099999998930e-01,-1.321910798637394302e-01
5.025072100000000930e-01,-1.318122309100437373e-01
5.027072100000000709e-01,-1.314292611744198869e-01
5.029072099999998269e-01,-1.310421683429191519e-01
5.031072099999998049e-01,-1.306509503451070975e-01
5.033072100000000049e-01,-1.302556053551859605e-01
5.035072099999999828e-01,-1.298561317930848058e-01
5.037072100000004049e-01,-1.294525283255201220e-01
5.039072100000003829e-01,-1.290447938670341577e-01
5.041072099999999168e-01,-1.286329275809949546e-01
5.043072099999998947e-01,-1.282169288805713459e-01
5.045072100000000948e-01,-1.277967974296827791e-01
5.047072099999996286e-01,-1.273725331439143627e-01
5.049072099999996066e-01,-1.269441361913969113e-01
5.051072099999998066e-01,-1.265116069936693122e-01
5.053072100000002287e-01,-1.260749462265003118e-01
5.055072099999999846e-01,-1.256341548206852954e-01
5.057072100000001846e-01,-1.251892339628030149e-01
5.059072099999999406e-01,-1.247401850959563296e-01
5.061072099999999185e-01,-1.242870099204659573e-01
5.063072099999998965e-01,-1.238297103945441846e-01
5.065072100000000965e-01,-1.233682887349299429e-01
5.067072100000002965e-01,-1.229027474174963497e-01
5.069072100000004966e-01,-1.224330891778225849e-01
5.071072100000004745e-01,-1.219593170117363179e-01
5.073072100000000084e-01,-1.214814341758215788e-01
5.075072099999999864e-01,-1.209994441878925603e-01
5.077072099999995203e-01,-1.205133508274436049e-01
5.079072099999994983e-01,-1.200231581360512306e-01
5.081072099999999203e-01,-1.195288704177574907e-01
5.083072099999998983e-01,-1.190304922394144621e-01
5.085072100000000983e-01,-1.185280284309885857e-01
5.087072100000002983e-01,-1.180214840858436476e-01
5.089072100000000543e-01,-1.175108645609829749e-01
5.091072099999998102e-01,-1.169961754772558121e-01
5.093072099999997882e-01,-1.164774227195361223e-01
5.095072099999999882e-01,-1.159546124368639880e-01
5.097072100000006323e-01,-1.154277510425520542e-01
5.099072100000003882e-01,-1.148968452142638819e-01
5.101072099999999221e-01,-1.143619018940428833e-01
5.103072099999999001e-01,-1.138229282883224114e-01
5.105072100000001001e-01,-1.132799318678979067e-01
5.107072100000000781e-01,-1.127329203678606451e-01
5.109072099999998340e-01,-1.121819017874963742e-01
5.111072099999998120e-01,-1.116268843901511987e-01
5.113072100000002340e-01,-1.110678767030644776e-01
5.115072099999999899e-01,-1.105048875171676104e-01
5.117072099999999679e-01,-1.099379258868367071e-01
5.119072100000001679e-01,-1.093670011296258987e-01
5.121072099999999239e-01,-1.087921228259586121e-01
5.123072099999996798e-01,-1.082133008187778911e-01
5.125072100000001019e-01,-1.076305452131701978e-01
5.127072100000000798e-01,-1.070438663759567394e-01
5.129072100000005019e-01,-1.064532749352332663e-01
5.131072100000004799e-01,-1.058587817798961050e-01
5.133072100000002358e-01,-1.052603980591144267e-01
5.135072099999999917e-01,-1.046581351817780087e-01
5.137072099999995256e-01,-1.040520048159085803e-01
5.139072099999995036e-01,-1.034420188880305624e-01
5.141072099999997036e-01,-1.028281895825155501e-01
5.143072100000003477e-01,-1.022105293408828025e-01
5.145072100000001036e-01,-1.015890508610746285e-01
5.147072100000000816e-01,-1.009637670966780365e-01
5.149072100000000596e-01,-1.003346912561353665e-01
5.151072099999998155e-01,-9.970183680190444764e-02
5.153072099999997935e-01,-9.906521744958532438e-02
5.155072099999999935e-01,-9.842484716701793701e-02
5.157072099999999715e-01,-9.778074017334197066e-02
5.159072100000003935e-01,-9.713291093801564025e-02
5.161072100000003715e-01,-9.648137417981490771e-02
5.163072100000003495e-01,-9.582614486577917257e-02
5.165072100000001054e-01,-9.516723821013832463e-02
5.167072100000000834e-01,-9.450466967319501310e-02
5.169072099999996173e-01,-9.383845496018237975e-02
5.171072099999998173e-01,-9.316861002007216508e-02
5.173072100000000173e-01,-9.249515104437051882e-02
5.175072100000002173e-01,-9.181809446585920131e-02
5.177072099999999732e-01,-9.113745695731539920e-02
5.179072100000001733e-01,-9.045325543018747916e-02
5.181072099999999292e-01,-8.976550703325431035e-02
5.183072099999999072e-01,-8.907422915122875651e-02
5.185072100000001072e-01,-8.837943940334692938e-02
5.187072100000000852e-01,-8.768115564191603095e-02
5.189072100000005072e-01,-8.697939595082460063e-02
5.191072100000004852e-01,-8.627417864403423564e-02
5.193072100000002411e-01,-8.556552226402053263e-02
5.195072099999999971e-01,-8.485344558019458638e-02
5.197072099999999750e-01,-8.413796758728774028e-02
5.199072099999995089e-01,-8.341910750370867822e-02
5.201072099999997089e-01,-8.269688476985434522e-02
5.203072099999996869e-01,-8.197131904641377642e-02
5.205072100000001090e-01,-8.124243021261254305e-02
5.207072100000000869e-01,-8.051023836445150850e-02
5.209072100000005090e-01,-7.977476381288953200e-02
5.211072100000000429e-01,-7.903602708202379923e-02
5.213072099999997988e-01,-7.829404890720623178e-02
5.215072099999997768e-01,-7.754885023316065995e-02
5.217072100000001988e-01,-7.680045221205160366e-02
5.219072100000006209e-01,-7.604887620153127914e-02
5.221072100000003768e-01,-7.529414376275234133e-02
5.223072099999999107e-01,-7.453627665834740290e-02
5.225072100000001107e-01,-7.377529685038761165e-02
5.227072100000000887e-01,-7.301122649831762179e-02
5.229072099999998446e-01,-7.224408795684390816e-02
5.231072099999998226e-01,-7.147390377380666293e-02
5.233072099999998006e-01,-7.070069668802589358e-02
5.235072099999997786e-01,-6.992448962711236837e-02
5.237072099999999786e-01,-6.914530570525503905e-02
5.239072099999999566e-01,-6.836316822098381651e-02
5.241072100000001566e-01,-6.757810065489704143e-02
5.243072099999999125e-01,-6.679012666737582649e-02
5.245072099999998905e-01,-6.599927009625497498e-02
5.247072100000000905e-01,-6.520555495448562833e-02
5.249072100000000685e-01,-6.440900542776353821e-02
5.251072100000004905e-01,-6.360964587212704358e-02
5.253072100000002465e-01,-6.280750081154784503e-02
5.255072100000000024e-01,-6.200259493547154166e-02
5.257072099999999804e-01,-6.119495309635729352e-02
5.259072099999995142e-01,-6.038460030718655058e-02
5.261072099999994922e-01,-5.957156173893662920e-02
5.263072099999996922e-01,-5.875586271805229022e-02
5.265072099999998922e-01,-5.793752872387875064e-02
5.267072100000000923e-01,-5.711658538607668895e-02
5.269072100000000702e-01,-5.629305848201753698e-02
5.271072100000000482e-01,-5.546697393415314647e-02
5.273072099999998041e-01,-5.463835780737011372e-02
5.275072099999997821e-01,-5.380723630631592536e-02
5.277072099999999821e-01,-5.297363577271318319e-02
5.279072099999999601e-01,-5.213758268265002160e-02
5.281072100000003822e-01,-5.129910364384379640e-02
5.283072100000003601e-01,-5.045822539290389930e-02
5.285072099999998940e-01,-4.961497479255416732e-02
5.287072100000000940e-01,-4.876937882884620212e-02
5.289072099999998500e-01,-4.792146460837041350e-02
5.291072099999996059e-01,-4.707125935541875417e-02
5.293072099999998059e-01,-4.621879040915391479e-02
5.295072100000000059e-01,-4.536408522075827121e-02
5.297072100000002060e-01,-4.450717135055821949e-02
5.299072099999999619e-01,-4.364807646514132222e-02
5.301072100000001619e-01,-4.278682833444771849e-02
5.303072099999999178e-01,-4.192345482886683516e-02
5.305072099999998958e-01,-4.105798391629299215e-02
5.307072100000000958e-01,-4.019044365919042378e-02
5.309072100000000738e-01,-3.932086221163446499e-02
5.311072100000004959e-01,-3.844926781633415530e-02
5.313072100000004738e-01,-3.757568880166098357e-02
5.315072100000002298e-01,-3.670015357864155059e-02
5.317072100000002077e-01,-3.582269063795513048e-02
5.319072099999999637e-01,-3.494332854692062257e-02
5.321072099999994975e-01,-3.406209594646244371e-02
5.323072099999996976e-01,-3.317902154807016862e-02
5.325072099999998976e-01,-3.229413413076133443e-02
5.327072100000000976e-01,-3.140746253801419974e-02
5.329072100000000756e-01,-3.051903567470635667e-02
5.331072100000004976e-01,-2.962888250403574938e-02
5.333072100000000315e-01,-2.873703204445196904e-02
5.335072099999997874e-01,-2.784351336654779588e-02
5.337072099999999875e-01,-2.694835558997875011e-02
5.339072099999999654e-01,-2.605158788036193371e-02
5.341072100000006095e-01,-2.515323944615760129e-02
5.343072100000003655e-01,-2.425333953557531549e-02
5.345072099999998994e-01,-2.335191743343594320e-02
5.347072100000000994e-01,-2.244900245805987390e-02
5.349072100000000773e-01,-2.154462395815150491e-02
5.351072099999998333e-01,-2.063881130965970409e-02
5.353072099999998112e-01,-1.973159391264936099e-02
5.355072100000000113e-01,-1.882300118817369777e-02
5.357072100000002113e-01,-1.791306257513924916e-02
5.359072100000001893e-01,-1.700180752717013466e-02
5.361072099999999452e-01,-1.608926550947191100e-02
5.363072099999999232e-01,-1.517546599569519379e-02
5.365072099999999011e-01,-1.426043846480629269e-02
5.367072100000001011e-01,-1.334421239794849300e-02
5.369072100000000791e-01,-1.242681727531501530e-02
5.371072100000000571e-01,-1.150828257301324438e-02
5.373072100000004792e-01,-1.058863775993935073e-02
5.375072100000002351e-01,-9.667912294662668257e-03
5.377072100000002131e-01,-8.746135622288849290e-03
5.379072099999999690e-01,-7.823337171359167827e-03
5.381072099999999470e-01,-6.899546350728731972e-03
5.383072099999997029e-01,-5.974792546468878432e-03
5.385072099999996809e-01,-5.049105118758596619e-03
5.387072100000003250e-01,-4.122513398794451847e-03
5.389072100000000809e-01,-3.195046685713071825e-03
5.391072100000000589e-01,-2.266734243489834048e-03
5.393072100000000368e-01,-1.337605297885262421e-03
5.395072099999997928e-01,-4.076890333757584618e-04
5.397072099999997707e-01,5.229854099038553326e-04
5.399072099999999708e-01,1.454388939200289190e-03
5.401072099999999487e-01,2.386492512176514782e-03
5.403072100000003708e-01,3.319267139943499808e-03
5.405072100000003488e-01,4.252683890061169023e-03
5.407072100000003267e-01,5.186713889553306797e-03
5.409072100000000827e-01,6.121328327888451298e-03
5.411072099999998386e-01,7.056498459961636077e-03
5.413072099999995945e-01,7.992195609055374392e-03
5.415072099999997945e-01,8.928391169793450932e-03
5.417072099999999946e-01,9.865056611070087411e-03
5.419072100000001946e-01,1.080216347897841600e-02
5.421072099999999505e-01,1.173968339971226058e-02
5.423072100000001505e-01,1.267758808246502444e-02
5.425072099999999065e-01,1.361584932228997874e-02
5.427072100000001065e-01,1.455443900297419789e-02
5.429072100000000844e-01,1.549332909986382047e-02
5.431072100000000624e-01,1.643249168269842256e-02
5.433072100000004845e-01,1.737189891841239842e-02
5.435072100000002404e-01,1.831152307391268122e-02
5.437072100000002184e-01,1.925133651886235669e-02
5.439072100000001964e-01,2.019131172841332963e-02
5.441072099999999523e-01,2.113142128593840582e-02
5.443072099999997082e-01,2.207163788573975050e-02
5.445072099999996862e-01,2.301193433573237718e-02
5.447072099999996642e-01,2.395228356010550147e-02
5.449072100000000862e-01,2.489265860196942029e-02
5.451072100000000642e-01,2.583303262596567743e-02
5.453072100000004863e-01,2.677337892087704521e-02
5.455072100000000201e-01,2.771367090218206097e-02
5.457072099999997761e-01,2.865388211462534598e-02
5.459072099999999761e-01,2.959398623472653950e-02
5.461072100000001761e-01,3.053395707328038222e-02
5.463072099999999320e-01,3.147376857783493187e-02
5.465072100000003541e-01,3.241339483514656811e-02
5.467072100000003321e-01,3.335281007358507216e-02
5.469072100000000880e-01,3.429198866554595410e-02
5.471072100000000660e-01,3.523090512981411071e-02
5.473072099999998219e-01,3.616953413389958211e-02
5.475072099999997999e-01,3.710785049635967336e-02
5.477072099999997778e-01,3.804582918907632033e-02
5.479072099999997558e-01,3.898344533951705881e-02
5.481072099999999558e-01,3.992067423296186135e-02
5.483072099999999338e-01,4.085749131469704198e-02
5.485072099999999118e-01,4.179387219218904520e-02
5.487072099999998898e-01,4.272979263721785048e-02
5.489072100000000898e-01,4.366522858798578544e-02
5.491072099999998457e-01,4.460015615118803622e-02
5.493072100000000457e-01,4.553455160406813529e-02
5.495072100000004678e-01,4.646839139641791017e-02
5.497072100000002237e-01,4.740165215255965486e-02
5.499072100000002017e-01,4.833431067330510450e-02
5.501072099999999576e-01,4.926634393785541549e-02
5.503072099999999356e-01,5.019772910569293700e-02
5.505072099999996915e-01,5.112844351842052437e-02
5.507072099999996695e-01,5.205846470158354000e-02
5.509072100000000916e-01,5.298777036644405913e-02
5.511072100000000695e-01,5.391633841172148445e-02
5.513072100000000475e-01,5.484414692531369706e-02
5.515072100000000255e-01,5.577117418596329312e-02
5.517072099999997814e-01,5.669739866489778568e-02
5.519072099999997594e-01,5.762279902743623616e-02
5.521072099999999594e-01,5.854735413455162962e-02
5.523072100000001594e-01,5.947104304440174738e-02
5.525072100000003594e-01,6.039384501382525500e-02
5.527072100000003374e-01,6.131573949979600424e-02
5.529072100000000933e-01,6.223670616084460427e-02
5.531072100000000713e-01,6.315672485844094075e-02
5.533072100000000493e-01,6.407577565833315336e-02
5.535072099999998052e-01,6.499383883185644306e-02
5.537072099999997832e-01,6.591089485720387497e-02
5.539072099999997612e-01,6.682692442064874783e-02
5.541072100000001832e-01,6.774190841774144212e-02
5.543072100000001612e-01,6.865582795445124287e-02
5.545072099999999171e-01,6.956866434828920531e-02
5.547072099999998951e-01,7.048039912937709150e-02
5.549072100000000951e-01,7.139101404147699115e-02
5.551072100000000731e-01,7.230049104298438833e-02
5.553072100000000511e-01,7.320881230788651994e-02
5.555072100000004731e-01,7.411596022667299444e-02
5.557072100000004511e-01,7.502191740720148827e-02
5.559072100000002070e-01,7.592666667554076598e-02
5.561072100000001850e-01,7.683019107675810588e-02
5.563072099999999409e-01,7.773247387566478706e-02
5.565072099999999189e-01,7.863349855753362649e-02
5.567072099999998969e-01,7.953324882876056101e-02
5.569072100000000969e-01,8.043170861749698863e-02
5.571072100000000749e-01,8.132886207423067892e-02
5.573072099999998308e-01,8.222469357233504195e-02
5.575072100000004749e-01,8.311918770857548711e-02
5.577072100000000088e-01,8.401232930355170825e-02
5.579072099999997647e-01,8.490410340214585294e-02
5.581072099999999647e-01,8.579449527388081920e-02
5.583072099999999427e-01,8.668349041325694448e-02
5.585072099999999207e-01,8.757107454005436109e-02
5.587072100000003427e-01,8.845723359958143628e-02
5.589072100000003207e-01,8.934195376287847046e-02
5.591072100000000766e-01,9.022522142689604063e-02
5.593072100000000546e-01,9.110702321461727760e-02
5.595072099999998105e-01,9.198734597513638644e-02
5.597072099999997885e-01,9.286617678370837070e-02
5.599072099999999885e-01,9.374350294174249587e-02
5.601072100000001885e-01,9.461931197676062832e-02
5.603072099999999445e-01,9.549359164231263630e-02
5.605072099999999224e-01,9.636632991785512581e-02
5.607072099999999004e-01,9.723751500857413799e-02
5.609072100000001004e-01,9.810713534517984113e-02
5.611072100000000784e-01,9.897517958364872304e-02
5.613072100000000564e-01,9.984163660493459991e-02
5.615072100000000344e-01,1.007064955146282914e-01
5.617072100000004564e-01,1.015697456425815742e-01
5.619072100000002123e-01,1.024313765424787054e-01
5.621072100000001903e-01,1.032913779913898766e-01
5.623072100000001683e-01,1.041497399892540587e-01
5.625072099999999242e-01,1.050064527583394469e-01
5.627072099999996802e-01,1.058615067426589562e-01
5.629072099999996581e-01,1.067148926073411275e-01
5.631072099999996361e-01,1.075666012379596914e-01
5.633072100000000582e-01,1.084166237398290766e-01
5.635072100000000361e-01,1.092649514372456415e-01
5.637072100000000141e-01,1.101115758727082145e-01
5.639072099999999921e-01,1.109564888060796950e-01
5.641072099999995260e-01,1.117996822137147517e-01
5.643072099999999480e-01,1.126411482875582515e-01
5.645072099999999260e-01,1.134808794341742449e-01
5.647072100000003481e-01,1.143188682737755341e-01
5.649072100000003260e-01,1.151551076391758438e-01
5.651072100000003040e-01,1.159895905747323069e-01
5.653072100000000599e-01,1.168223103352279968e-01
5.655072100000000379e-01,1.176532603847288139e-01
5.657072099999997938e-01,1.184824343953902459e-01
5.659072099999997718e-01,1.193098262462392728e-01
5.661072099999995277e-01,1.201354300219031057e-01
5.663072100000001718e-01,1.209592400113180671e-01
5.665072099999999278e-01,1.217812507063716909e-01
5.667072099999999057e-01,1.226014568005503735e-01
5.669072100000001058e-01,1.234198531875085880e-01
5.671072100000000837e-01,1.242364349596217221e-01
5.673072100000000617e-01,1.250511974065031673e-01
5.675072100000000397e-01,1.258641360134771792e-01
5.677072100000004617e-01,1.266752464600229278e-01
5.679072100000004397e-01,1.274845246181720571e-01
5.681072100000004177e-01,1.282919665508895080e-01
5.683072100000001736e-01,1.290975685104003012e-01
5.685072099999999296e-01,1.299013269364945045e-01
5.687072099999999075e-01,1.307032384547913706e-01
5.689072100000001075e-01,1.315032998749708359e-01
5.691072099999996414e-01,1.323015081889692135e-01
5.693072100000000635e-01,1.330978605691580663e-01
5.695072099999998194e-01,1.338923543664547466e-01
5.697072100000002415e-01,1.346849871084466466e-01
5.699072099999999974e-01,1.354757564974368167e-01
5.701072099999997533e-01,1.362646604084993551e-01
5.703072099999999534e-01,1.370516968874760655e-01
5.705072100000001534e-01,1.378368641489475244e-01
5.707072099999999093e-01,1.386201605741816112e-01
5.709072100000003314e-01,1.394015847090527283e-01
5.711072100000003093e-01,1.401811352619120321e-01
5.713072100000000653e-01,1.409588111014564160e-01
5.715072100000000432e-01,1.417346112545503911e-01
5.717072099999997992e-01,1.425085349040206562e-01
5.719072099999997771e-01,1.432805813864332367e-01
5.721072099999997551e-01,1.440507501898305454e-01
5.723072099999995110e-01,1.448190409514500399e-01
5.725072099999999331e-01,1.455854534554187618e-01
5.727072099999999111e-01,1.463499876304047709e-01
5.729072099999998890e-01,1.471126435472694394e-01
5.731072100000000891e-01,1.478734214166737004e-01
5.733072099999998450e-01,1.486323215866647840e-01
5.735072099999998230e-01,1.493893445402491027e-01
5.737072100000000230e-01,1.501444908929263078e-01
5.739072100000004450e-01,1.508977613902097725e-01
5.741072100000002010e-01,1.516491569051196253e-01
5.743072100000001790e-01,1.523986784356658464e-01
5.745072100000001569e-01,1.531463271022904804e-01
5.747072099999999129e-01,1.538921041453027438e-01
5.749072099999998908e-01,1.546360109222925383e-01
5.751072100000000908e-01,1.553780489055177627e-01
5.753072099999998468e-01,1.561182196792746668e-01
5.755072100000000468e-01,1.568565249372591841e-01
5.757072100000000248e-01,1.575929664798905450e-01
5.759072100000000027e-01,1.583275462116363608e-01
5.761072099999999807e-01,1.590602661383088423e-01
5.763072099999995146e-01,1.597911283643467795e-01
5.765072099999999367e-01,1.605201350900909429e-01
5.767072099999999146e-01,1.612472886090193513e-01
5.769072100000003367e-01,1.619725913050012733e-01
5.771072100000003147e-01,1.626960456495052387e-01
5.773072100000000706e-01,1.634176541988182907e-01
5.775072100000000486e-01,1.641374195912368439e-01
5.777072100000000265e-01,1.648553445442470511e-01
5.779072099999997825e-01,1.655714318516970374e-01
5.781072099999997604e-01,1.662856843809584484e-01
5.783072099999995164e-01,1.669981050700687364e-01
5.785072100000001605e-01,1.677086969248778314e-01
5.787072099999999164e-01,1.684174630161598407e-01
5.789072099999998944e-01,1.691244064767527533e-01
5.791072100000000944e-01,1.698295304986541798e-01
5.793072100000000724e-01,1.705328383301263073e-01
5.795072100000000503e-01,1.712343332727939982e-01
5.797072100000000283e-01,1.719340186787307601e-01
5.799072100000004504e-01,1.726318979475418569e-01
5.801072100000004284e-01,1.733279745234353186e-01
5.803072100000001843e-01,1.740222518923011386e-01
5.805072100000001623e-01,1.747147335787755940e-01
5.807072099999999182e-01,1.754054231433001543e-01
5.809072099999998962e-01,1.760943241791878000e-01
5.811072100000000962e-01,1.767814403096754083e-01
5.813072100000000741e-01,1.774667751849799968e-01
5.815072100000000521e-01,1.781503324793552445e-01
5.817072099999998080e-01,1.788321158881420181e-01
5.819072100000002301e-01,1.795121291248263085e-01
5.821072099999999860e-01,1.801903759180809583e-01
5.823072099999995199e-01,1.808668600088342848e-01
5.825072099999999420e-01,1.815415851473221043e-01
5.827072099999999200e-01,1.822145550901355104e-01
5.829072099999998979e-01,1.828857735972966025e-01
5.831072100000003200e-01,1.835552444293164776e-01
5.833072100000002980e-01,1.842229713442598837e-01
5.835072100000000539e-01,1.848889580948264166e-01
5.837072100000000319e-01,1.855532084254257474e-01
5.839072099999997878e-01,1.862157260692584582e-01
5.841072099999997658e-01,1.868765147454124753e-01
5.843072099999999658e-01,1.875355781559560064e-01
5.845072100000001658e-01,1.881929199830439936e-01
5.847072099999999217e-01,1.888485438860309507e-01
5.849072099999998997e-01,1.895024534985974285e-01
5.851072100000000997e-01,1.901546524258762028e-01
5.853072100000000777e-01,1.908051442415936994e-01
5.855072099999998336e-01,1.914539324852250202e-01
5.857072100000000336e-01,1.921010206591572955e-01
5.859072100000000116e-01,1.927464122258583379e-01
5.861072100000004337e-01,1.933901106050710528e-01
5.863072100000001896e-01,1.940321191710038806e-01
5.865072100000001676e-01,1.946724412495551004e-01
5.867072099999999235e-01,1.953110801155290566e-01
5.869072099999999015e-01,1.959480389898847763e-01
5.871072100000001015e-01,1.965833210369869188e-01
5.873072100000000795e-01,1.972169293618791786e-01
5.875072099999996134e-01,1.978488670075723710e-01
5.877072100000000354e-01,1.984791369523544180e-01
5.879072100000000134e-01,1.991077421070983344e-01
5.881072099999999914e-01,1.997346853126154009e-01
5.883072099999999693e-01,2.003599693370060331e-01
5.885072099999995032e-01,2.009835968730357969e-01
5.887072099999999253e-01,2.016055705355384864e-01
5.889072099999999033e-01,2.022258928588176741e-01
5.891072100000003253e-01,2.028445662940971395e-01
5.893072100000003033e-01,2.034615932069658018e-01
5.895072100000005033e-01,2.040769758748654517e-01
5.897072100000000372e-01,2.046907164845814253e-01
5.899072100000000152e-01,2.053028171297747173e-01
5.901072099999997711e-01,2.059132798085165361e-01
5.903072099999995270e-01,2.065221064208632162e-01
5.905072099999995050e-01,2.071292987664464236e-01
5.907072099999999271e-01,2.077348585420885629e-01
5.909072099999999050e-01,2.083387873394410283e-01
5.911072100000001051e-01,2.089410866426573143e-01
5.913072100000000830e-01,2.095417578260773128e-01
5.915072099999998390e-01,2.101408021519489133e-01
5.917072100000000390e-01,2.107382207681733899e-01
5.919072100000000169e-01,2.113340147060697727e-01
5.921072100000004390e-01,2.119281848781816302e-01
5.923072100000004170e-01,2.125207320760944540e-01
5.925072100000003950e-01,2.131116569682985906e-01
5.927072100000001509e-01,2.137009600980660784e-01
5.929072099999999068e-01,2.142886418813660931e-01
5.931072100000001068e-01,2.148747026048050401e-01
5.933072100000000848e-01,2.154591424235947628e-01
5.935072099999996187e-01,2.160419613595569444e-01
5.937072100000000408e-01,2.166231592991593180e-01
5.939072099999997967e-01,2.172027359915648659e-01
5.941072100000002187e-01,2.177806910467426360e-01
5.943072099999999747e-01,2.183570239335773377e-01
5.945072099999995086e-01,2.189317339780396388e-01
5.947072099999999306e-01,2.195048203613725601e-01
5.949072099999999086e-01,2.200762821183060436e-01
5.951072100000001086e-01,2.206461181353237266e-01
5.953072100000003086e-01,2.212143271489444007e-01
5.955072100000005086e-01,2.217809077440475729e-01
5.957072100000000425e-01,2.223458583522268106e-01
5.959072100000000205e-01,2.229091772501869406e-01
5.961072099999997764e-01,2.234708625581597330e-01
5.963072099999999764e-01,2.240309122383715712e-01
5.965072099999995103e-01,2.245893240935297464e-01
5.967072099999997103e-01,2.251460957653642625e-01
5.969072099999999104e-01,2.257012247331809940e-01
5.971072100000001104e-01,2.262547083124706315e-01
5.973072100000000884e-01,2.268065436535433022e-01
5.975072099999998443e-01,2.273567277402038511e-01
5.977072099999998223e-01,2.279052573884621236e-01
5.979072099999998002e-01,2.284521292452777741e-01
5.981072100000000002e-01,2.289973397873455441e-01
5.983072100000004223e-01,2.295408853199160382e-01
5.985072100000001782e-01,2.300827619756511400e-01
5.987072100000001562e-01,2.306229657135274169e-01
5.989072099999999121e-01,2.311614923177610637e-01
5.991072099999998901e-01,2.316983373967849980e-01
5.993072100000000901e-01,2.322334963822547116e-01
5.995072099999998461e-01,2.327669645280947552e-01
5.997072099999998240e-01,2.332987369095909924e-01
5.999072100000000241e-01,2.338288084225074726e-01
6.001072100000000020e-01,2.343571737822514600e-01
6.003072099999999800e-01,2.348838275230770156e-01
6.005072099999999580e-01,2.354087639973225787e-01
6.007072099999994919e-01,2.359319773746905158e-01
6.009072099999999139e-01,2.364534616415698010e-01
6.011072099999998919e-01,2.369732106003817895e-01
6.013072100000003140e-01,2.374912178689901898e-01
6.015072100000002919e-01,2.380074768801243856e-01
6.017072100000000479e-01,2.385219808808638486e-01
6.019072100000000258e-01,2.390347229321481692e-01
6.021072100000000038e-01,2.395456959083286097e-01
6.023072099999997597e-01,2.400548924967639275e-01
6.025072099999995157e-01,2.405623051974516979e-01
6.027072099999994936e-01,2.410679263227008540e-01
6.029072099999999157e-01,2.415717479968422232e-01
6.031072099999998937e-01,2.420737621559762021e-01
6.033072100000000937e-01,2.425739605477701955e-01
6.035072099999998496e-01,2.430723347312800653e-01
6.037072099999998276e-01,2.435688760768279504e-01
6.039072100000000276e-01,2.440635757659031790e-01
6.041072100000002276e-01,2.445564247911135025e-01
6.043072100000004276e-01,2.450474139561719666e-01
6.045072100000004056e-01,2.455365338759233629e-01
6.047072100000001615e-01,2.460237749764102588e-01
6.049072099999999175e-01,2.465091274949785527e-01
6.051072099999998954e-01,2.469925814804210251e-01
6.053072100000000955e-01,2.474741267931588051e-01
6.055072100000000734e-01,2.479537531054640531e-01
6.057072099999998294e-01,2.484314499017221678e-01
6.059072100000000294e-01,2.489072064787316019e-01
6.061072099999997853e-01,2.493810119460377617e-01
6.063072100000002074e-01,2.498528552263160341e-01
6.065072099999999633e-01,2.503227250557785721e-01
6.067072099999999413e-01,2.507906099846369807e-01
6.069072099999999192e-01,2.512564983775856242e-01
6.071072099999998972e-01,2.517203784143347001e-01
6.073072100000000972e-01,2.521822380901768690e-01
6.075072100000002973e-01,2.526420652165905500e-01
6.077072100000004973e-01,2.530998474218829064e-01
6.079072100000000312e-01,2.535555721518680805e-01
6.081072100000000091e-01,2.540092266705882285e-01
6.083072099999997651e-01,2.544607980610602005e-01
6.085072099999999651e-01,2.549102732260702386e-01
6.087072099999999431e-01,2.553576388889977622e-01
6.089072099999999210e-01,2.558028815946808976e-01
6.091072099999998990e-01,2.562459877103139827e-01
6.093072100000003211e-01,2.566869434263833738e-01
6.095072100000000770e-01,2.571257347576344499e-01
6.097072100000000550e-01,2.575623475440850796e-01
6.099072099999998109e-01,2.579967674520589060e-01
6.101072100000000109e-01,2.584289799752672590e-01
6.103072099999999889e-01,2.588589704359152144e-01
6.105072100000001889e-01,2.592867239858511752e-01
6.107072100000003889e-01,2.597122256077427638e-01
6.109072099999999228e-01,2.601354601162909619e-01
6.111072099999999008e-01,2.605564121594817761e-01
6.113072100000001008e-01,2.609750662198592197e-01
6.115072100000000788e-01,2.613914066158422589e-01
6.117072100000000567e-01,2.618054175030721797e-01
6.119072100000004788e-01,2.622170828757904304e-01
6.121072100000000127e-01,2.626263865682453846e-01
6.123072099999999907e-01,2.630333122561449022e-01
6.125072099999999686e-01,2.634378434581207129e-01
6.127072099999999466e-01,2.638399635372398189e-01
6.129072099999999246e-01,2.642396557025388781e-01
6.131072099999999025e-01,2.646369030105931719e-01
6.133072100000001026e-01,2.650316883671136603e-01
6.135072100000003026e-01,2.654239945285735147e-01
6.137072100000000585e-01,2.658138041038661803e-01
6.139072100000004806e-01,2.662010995559957460e-01
6.141072100000000145e-01,2.665858632037837461e-01
6.143072099999999924e-01,2.669680772236251443e-01
6.145072099999999704e-01,2.673477236512510902e-01
6.147072099999995043e-01,2.677247843835339203e-01
6.149072099999997043e-01,2.680992411803175823e-01
6.151072099999999043e-01,2.684710756662676556e-01
6.153072100000001043e-01,2.688402693327570092e-01
6.155072100000000823e-01,2.692068035397742198e-01
6.157072100000000603e-01,2.695706595178599674e-01
6.159072099999998162e-01,2.699318183700649132e-01
6.161072100000000162e-01,2.702902610739394973e-01
6.163072099999999942e-01,2.706459684835413881e-01
6.165072100000004163e-01,2.709989213314751844e-01
6.167072100000001722e-01,2.713491002309483258e-01
6.169072100000003722e-01,2.716964856778609216e-01
6.171072099999999061e-01,2.720410580529074585e-01
6.173072100000001061e-01,2.723827976237140902e-01
6.175072100000000841e-01,2.727216845469846995e-01
6.177072099999998400e-01,2.730576988706824859e-01
6.179072099999998180e-01,2.733908205362268196e-01
6.181072100000000180e-01,2.737210293807108563e-01
6.183072099999999960e-01,2.740483051391428004e-01
6.185072100000001960e-01,2.743726274467093162e-01
6.187072099999999519e-01,2.746939758410534282e-01
6.189072099999999299e-01,2.750123297645813980e-01
6.191072099999999079e-01,2.753276685667792045e-01
6.193072100000001079e-01,2.756399715065564471e-01
6.195072100000000859e-01,2.759492177546027936e-01
6.197072100000000638e-01,2.762553863957689093e-01
6.199072100000004859e-01,2.765584564314603755e-01
6.201072100000000198e-01,2.768584067820485939e-01
6.203072099999999978e-01,2.771552162893071158e-01
6.205072099999997537e-01,2.774488637188531337e-01
6.207072099999999537e-01,2.777393277626142853e-01
6.209072099999999317e-01,2.780265870413059504e-01
6.211072099999999097e-01,2.783106201069279195e-01
6.213072100000001097e-01,2.785914054452740540e-01
6.215072100000003097e-01,2.788689214784565440e-01
6.217072100000000656e-01,2.791431465674453771e-01
6.219072100000000436e-01,2.794140590146226844e-01
6.221072099999997995e-01,2.796816370663476325e-01
6.223072099999997775e-01,2.799458589155371935e-01
6.225072099999999775e-01,2.802067027042582370e-01
6.227072100000001775e-01,2.804641465263317257e-01
6.229072100000003775e-01,2.807181684299503988e-01
6.231072099999999114e-01,2.809687464203056151e-01
6.233072099999998894e-01,2.812158584622288515e-01
6.235072100000000894e-01,2.814594824828397512e-01
6.237072100000000674e-01,2.816995963742052744e-01
6.239072100000000454e-01,2.819361779960125602e-01
6.241072099999998013e-01,2.821692051782463961e-01
6.243072100000000013e-01,2.823986557238802320e-01
6.245072099999999793e-01,2.826245074115695810e-01
6.247072099999999573e-01,2.828467379983622965e-01
6.249072099999999352e-01,2.830653252224087923e-01
6.251072099999999132e-01,2.832802468056849765e-01
6.253072099999998912e-01,2.834914804567201796e-01
6.255072100000000912e-01,2.836990038733316344e-01
6.257072100000002912e-01,2.839027947453662271e-01
6.259072100000000471e-01,2.841028307574480771e-01
6.261072100000000251e-01,2.842990895917316685e-01
6.263072100000000031e-01,2.844915489306598100e-01
6.265072099999999811e-01,2.846801864597256482e-01
6.267072099999999590e-01,2.848649798702422298e-01
6.269072099999994929e-01,2.850459068621120085e-01
6.271072099999996929e-01,2.852229451466047339e-01
6.273072099999998930e-01,2.853960724491333978e-01
6.275072100000000930e-01,2.855652665120365641e-01
6.277072100000000709e-01,2.857305050973636407e-01
6.279072100000000489e-01,2.858917659896612062e-01
6.281072099999998049e-01,2.860490269987602807e-01
6.283072100000000049e-01,2.862022659625679255e-01
6.285072099999999828e-01,2.863514607498560127e-01
6.287072100000004049e-01,2.864965892630563782e-01
6.289072100000001608e-01,2.866376294410493131e-01
6.291072099999999168e-01,2.867745592619595496e-01
6.293072099999998947e-01,2.869073567459471952e-01
6.295072100000000948e-01,2.870359999579990551e-01
6.297072100000000727e-01,2.871604670107197332e-01
6.299072099999998287e-01,2.872807360671212895e-01
6.301072099999998066e-01,2.873967853434123976e-01
6.303072100000000066e-01,2.875085931117822291e-01
6.305072099999999846e-01,2.876161377031856703e-01
6.307072100000001846e-01,2.877193975101252632e-01
6.309072099999999406e-01,2.878183509894277070e-01
6.311072099999999185e-01,2.879129766650209143e-01
6.313072099999998965e-01,2.880032531307048504e-01
6.315072100000000965e-01,2.880891590529195412e-01
6.317072100000000745e-01,2.881706731735084182e-01
6.319072100000000525e-01,2.882477743124780556e-01
6.321072100000004745e-01,2.883204413707530223e-01
6.323072100000000084e-01,2.883886533329234059e-01
6.325072099999999864e-01,2.884523892699915049e-01
6.327072099999995203e-01,2.885116283421080285e-01
6.329072099999999423e-01,2.885663498013061323e-01
6.331072099999999203e-01,2.886165329942259050e-01
6.333072099999998983e-01,2.886621573648350814e-01
6.335072100000000983e-01,2.887032024571418165e-01
6.337072100000002983e-01,2.887396479179001885e-01
6.339072100000000543e-01,2.887714734993079291e-01
6.341072100000000322e-01,2.887986590616984928e-01
6.343072099999997882e-01,2.888211845762220786e-01
6.345072099999999882e-01,2.888390301275212679e-01
6.347072099999999661e-01,2.888521759163970026e-01
6.349072100000001662e-01,2.888606022624649050e-01
6.351072100000003662e-01,2.888642896068052135e-01
6.353072099999999001e-01,2.888632185146002285e-01
6.355072100000001001e-01,2.888573696777648747e-01
6.357072100000000781e-01,2.888467239175658285e-01
6.359072100000000560e-01,2.888312621872323183e-01
6.361072100000000340e-01,2.888109655745543236e-01
6.363072100000002340e-01,2.887858153044727816e-01
6.365072099999999899e-01,2.887557927416574688e-01
6.367072099999999679e-01,2.887208793930736705e-01
6.369072100000001679e-01,2.886810569105395241e-01
6.371072099999999239e-01,2.886363070932699282e-01
6.373072099999999018e-01,2.885866118904090172e-01
6.375072100000001019e-01,2.885319534035534761e-01
6.377072100000000798e-01,2.884723138892586469e-01
6.379072100000005019e-01,2.884076757615373077e-01
6.381072100000000358e-01,2.883380215943431302e-01
6.383072100000002358e-01,2.882633341240415925e-01
6.385072099999999917e-01,2.881835962518692340e-01
6.387072099999999697e-01,2.880987910463780888e-01
6.389072099999999477e-01,2.880089017458677403e-01
6.391072099999997036e-01,2.879139117608038312e-01
6.393072099999996816e-01,2.878138046762218627e-01
6.395072100000001036e-01,2.877085642541175603e-01
6.397072100000000816e-01,2.875981744358243053e-01
6.399072100000000596e-01,2.874826193443731914e-01
6.401072100000000376e-01,2.873618832868414241e-01
6.403072099999997935e-01,2.872359507566844550e-01
6.405072099999999935e-01,2.871048064360526286e-01
6.407072099999999715e-01,2.869684351980952841e-01
6.409072100000003935e-01,2.868268221092464265e-01
6.411072099999999274e-01,2.866799524314972425e-01
6.413072100000003495e-01,2.865278116246496865e-01
6.415072100000001054e-01,2.863703853485601303e-01
6.417072100000000834e-01,2.862076594653596984e-01
6.419072099999998393e-01,2.860396200416650547e-01
6.421072099999998173e-01,2.858662533507670411e-01
6.423072099999997953e-01,2.856875458748076024e-01
6.425072099999999953e-01,2.855034843069373385e-01
6.427072099999999732e-01,2.853140555534565692e-01
6.429072100000001733e-01,2.851192467359394689e-01
6.431072099999999292e-01,2.849190451933422685e-01
6.433072099999999072e-01,2.847134384840912524e-01
6.435072100000001072e-01,2.845024143881562106e-01
6.437072100000000852e-01,2.842859609091059059e-01
6.439072099999998411e-01,2.840640662761429458e-01
6.441072100000000411e-01,2.838367189461230566e-01
6.443072100000002411e-01,2.836039076055574815e-01
6.445072099999999971e-01,2.833656211725956164e-01
6.447072099999999750e-01,2.831218487989855537e-01
6.449072099999995089e-01,2.828725798720246876e-01
6.451072099999999310e-01,2.826178040164817884e-01
6.453072099999999089e-01,2.823575110965113599e-01
6.455072100000001090e-01,2.820916912175363001e-01
6.457072100000000869e-01,2.818203347281234561e-01
6.459072100000005090e-01,2.815434322218303698e-01
6.461072100000000429e-01,2.812609745390416971e-01
6.463072100000000209e-01,2.809729527687750417e-01
6.465072099999997768e-01,2.806793582504796825e-01
6.467072099999997548e-01,2.803801825758054922e-01
6.469072099999999548e-01,2.800754175903579224e-01
6.471072100000001548e-01,2.797650553954299513e-01
6.473072100000003548e-01,2.794490883497155465e-01
6.475072100000001107e-01,2.791275090710026996e-01
6.477072100000000887e-01,2.788003104378426467e-01
6.479072099999998446e-01,2.784674855912062097e-01
6.481072100000000447e-01,2.781290279361109397e-01
6.483072100000000226e-01,2.777849311432352697e-01
6.485072099999997786e-01,2.774351891505047463e-01
6.487072099999999786e-01,2.770797961646616625e-01
6.489072099999999566e-01,2.767187466628147630e-01
6.491072100000001566e-01,2.763520353939616925e-01
6.493072099999999125e-01,2.759796573804986219e-01
6.495072099999998905e-01,2.756016079196986768e-01
6.497072100000000905e-01,2.752178825851775978e-01
6.499072099999998464e-01,2.748284772283352551e-01
6.501072100000004905e-01,2.744333879797675180e-01
6.503072100000000244e-01,2.740326112506750178e-01
6.505072100000000024e-01,2.736261437342235037e-01
6.507072099999999804e-01,2.732139824069074185e-01
6.509072099999999583e-01,2.727961245298762827e-01
6.511072099999999363e-01,2.723725676502427029e-01
6.513072099999996922e-01,2.719433096023698981e-01
6.515072099999998922e-01,2.715083485091313587e-01
6.517072100000000923e-01,2.710676827831564606e-01
6.519072100000000702e-01,2.706213111280452721e-01
6.521072100000000482e-01,2.701692325395629313e-01
6.523072100000000262e-01,2.697114463068137624e-01
6.525072099999997821e-01,2.692479520133894133e-01
6.527072099999999821e-01,2.687787495384929559e-01
6.529072099999999601e-01,2.683038390580466115e-01
6.531072100000003822e-01,2.678232210457646145e-01
6.533072099999999161e-01,2.673368962742166954e-01
6.535072099999998940e-01,2.668448658158497633e-01
6.537072100000000940e-01,2.663471310440063133e-01
6.539072100000000720e-01,2.658436936339063639e-01
6.541072099999998279e-01,2.653345555636066333e-01
6.543072099999998059e-01,2.648197191149374574e-01
6.545072099999997839e-01,2.642991868744193895e-01
6.547072099999999839e-01,2.637729617341480481e-01
6.549072099999999619e-01,2.632410468926629221e-01
6.551072100000001619e-01,2.627034458557827024e-01
6.553072099999999178e-01,2.621601624374269024e-01
6.555072099999998958e-01,2.616112007604003975e-01
6.557072100000000958e-01,2.610565652571659734e-01
6.559072100000000738e-01,2.604962606705854555e-01
6.561072099999998297e-01,2.599302920546343043e-01
6.563072100000004738e-01,2.593586647750926177e-01
6.565072100000002298e-01,2.587813845102233667e-01
6.567072100000002077e-01,2.581984572513981724e-01
6.569072099999999637e-01,2.576098893037272464e-01
6.571072099999999416e-01,2.570156872866444231e-01
6.573072099999999196e-01,2.564158581344772037e-01
6.575072099999998976e-01,2.558104090969865463e-01
6.577072100000000976e-01,2.551993477398810106e-01
6.579072100000000756e-01,2.545826819453101963e-01
6.581072100000004976e-01,2.539604199123230432e-01
6.583072100000000315e-01,2.533325701573161948e-01
6.585072100000000095e-01,2.526991415144314024e-01
6.587072099999999875e-01,2.520601431359564826e-01
6.589072099999999654e-01,2.514155844926780903e-01
6.591072099999999434e-01,2.507654753742185050e-01
6.593072099999999214e-01,2.501098258893431070e-01
6.595072100000003434e-01,2.494486464662406533e-01
6.597072100000000994e-01,2.487819478527854566e-01
6.599072100000000773e-01,2.481097411167547950e-01
6.601072099999998333e-01,2.474320376460424908e-01
6.603072100000000333e-01,2.467488491488262492e-01
6.605072100000000113e-01,2.460601876537251709e-01
6.607072100000002113e-01,2.453660655099135779e-01
6.609072099999999672e-01,2.446664953872250969e-01
6.611072099999999452e-01,2.439614902762116677e-01
6.613072099999999232e-01,2.432510634881932809e-01
6.615072099999999011e-01,2.425352286552693304e-01
6.617072100000001011e-01,2.418139997303045685e-01
6.619072100000000791e-01,2.410873909868938014e-01
6.621072100000000571e-01,2.403554170192893358e-01
6.623072100000004792e-01,2.396180927423084417e-01
6.625072100000000130e-01,2.388754333912183891e-01
6.627072100000002131e-01,2.381274545215703864e-01
6.629072099999999690e-01,2.373741720090429552e-01
6.631072099999999470e-01,2.366156020492208856e-01
6.633072099999999249e-01,2.358517611573735517e-01
6.635072099999996809e-01,2.350826661681906238e-01
6.637072099999996588e-01,2.343083342354928544e-01
6.639072100000000809e-01,2.335287828319193570e-01
6.641072100000000589e-01,2.327440297485878773e-01
6.643072100000000368e-01,2.319540930947135149e-01
6.645072100000000148e-01,2.311589912972164818e-01
6.647072099999997707e-01,2.303587431002938057e-01
6.649072099999999708e-01,2.295533675649588101e-01
6.651072099999999487e-01,2.287428840685668541e-01
6.653072100000003708e-01,2.279273123042919735e-01
6.655072099999999047e-01,2.271066722806006632e-01
6.657072100000003267e-01,2.262809843206617932e-01
6.659072100000000827e-01,2.254502690617771477e-01
6.661072100000000606e-01,2.246145474547309728e-01
6.663072099999998166e-01,2.237738407631532089e-01
6.665072099999997945e-01,2.229281705628268773e-01
6.667072099999997725e-01,2.220775587409848373e-01
6.669072100000001946e-01,2.212220274955645494e-01
6.671072099999999505e-01,2.203615993344497093e-01
6.673072100000001505e-01,2.194962970746580089e-01
6.675072099999999065e-01,2.186261438415342540e-01
6.677072100000001065e-01,2.177511630678803933e-01
6.679072100000000844e-01,2.168713784930879074e-01
6.681072099999998404e-01,2.159868141622169890e-01
6.683072099999998184e-01,2.150974944250583221e-01
6.685072100000002404e-01,2.142034439351674924e-01
6.687072099999999963e-01,2.133046876488728927e-01
6.689072099999999743e-01,2.124012508242355823e-01
6.691072099999999523e-01,2.114931590200081202e-01
6.693072099999999303e-01,2.105804380945459076e-01
6.695072099999999082e-01,2.096631142046962992e-01
6.697072100000001083e-01,2.087412138046567667e-01
6.699072100000000862e-01,2.078147636448096636e-01
6.701072100000000642e-01,2.068837907705180501e-01
6.703072100000004863e-01,2.059483225209011170e-01
6.705072100000002422e-01,2.050083865275866557e-01
6.707072099999999981e-01,2.040640107134116255e-01
6.709072099999999761e-01,2.031152232911195843e-01
6.711072099999999541e-01,2.021620527620191787e-01
6.713072099999999320e-01,2.012045279146107979e-01
6.715072099999999100e-01,2.002426778231890803e-01
6.717072100000001100e-01,1.992765318464149726e-01
6.719072100000000880e-01,1.983061196258630310e-01
6.721072100000000660e-01,1.973314710845319730e-01
6.723072099999998219e-01,1.963526164253362183e-01
6.725072099999997999e-01,1.953695861295601521e-01
6.727072099999999999e-01,1.943824109552931279e-01
6.729072099999997558e-01,1.933911219358335210e-01
6.731072099999999558e-01,1.923957503780507616e-01
6.733072099999999338e-01,1.913963278607469509e-01
6.735072100000003559e-01,1.903928862329593852e-01
6.737072099999998898e-01,1.893854576122672717e-01
6.739072100000000898e-01,1.883740743830277509e-01
6.741072099999998457e-01,1.873587691946373146e-01
6.743072100000000457e-01,1.863395749597140660e-01
6.745072100000002457e-01,1.853165248522917197e-01
6.747072100000000017e-01,1.842896523059630587e-01
6.749072100000002017e-01,1.832589910119950538e-01
6.751072099999999576e-01,1.822245749174392637e-01
6.753072099999999356e-01,1.811864382231822279e-01
6.755072099999996915e-01,1.801446153819987184e-01
6.757072099999998915e-01,1.790991410965526442e-01
6.759072100000000916e-01,1.780500503173938487e-01
6.761072100000000695e-01,1.769973782409092478e-01
6.763072100000000475e-01,1.759411603072530139e-01
6.765072100000000255e-01,1.748814321982540831e-01
6.767072100000000034e-01,1.738182298352924648e-01
6.769072099999999814e-01,1.727515893771507383e-01
6.771072099999999594e-01,1.716815472178373492e-01
6.773072099999999374e-01,1.706081399843856761e-01
6.775072099999999153e-01,1.695314045346249521e-01
6.777072099999998933e-01,1.684513779549262069e-01
6.779072100000000933e-01,1.673680975579205366e-01
6.781072100000000713e-01,1.662816008801978607e-01
6.783072099999998272e-01,1.651919256799687652e-01
6.785072099999998052e-01,1.640991099347071935e-01
6.787072099999997832e-01,1.630031918387731260e-01
6.789072099999997612e-01,1.619042098010005648e-01
6.791072100000001832e-01,1.608022024422620655e-01
6.793072099999999391e-01,1.596972085930224439e-01
6.795072099999999171e-01,1.585892672908360834e-01
6.797072099999998951e-01,1.574784177778564276e-01
6.799072100000000951e-01,1.563646994982960392e-01
6.801072100000000731e-01,1.552481520958767791e-01
6.803072100000000511e-01,1.541288154112419595e-01
6.805072099999998070e-01,1.530067294793591159e-01
6.807072100000002290e-01,1.518819345268840326e-01
6.809072099999999850e-01,1.507544709695280427e-01
6.811072099999999629e-01,1.496243794093591595e-01
6.813072099999999409e-01,1.484917006321239408e-01
6.815072099999999189e-01,1.473564756045198654e-01
6.817072099999998969e-01,1.462187454714538315e-01
6.819072100000000969e-01,1.450785515532763137e-01
6.821072100000000749e-01,1.439359353429993937e-01
6.823072100000000528e-01,1.427909385034796808e-01
6.825072100000004749e-01,1.416436028645904899e-01
6.827072100000002308e-01,1.404939704203798934e-01
6.829072099999999867e-01,1.393420833261781455e-01
6.831072099999999647e-01,1.381879838957157380e-01
6.833072099999999427e-01,1.370317145982087870e-01
6.835072099999999207e-01,1.358733180554191622e-01
6.837072099999998986e-01,1.347128370387000729e-01
6.839072100000000987e-01,1.335503144660191988e-01
6.841072100000000766e-01,1.323857933989676106e-01
6.843072100000000546e-01,1.312193170397378539e-01
6.845072099999998105e-01,1.300509287280957604e-01
6.847072099999997885e-01,1.288806719383207844e-01
6.849072099999999885e-01,1.277085902761411207e-01
6.851072100000001885e-01,1.265347274756422891e-01
6.853072099999999445e-01,1.253591273961587316e-01
6.855072099999999224e-01,1.241818340191404718e-01
6.857072100000003445e-01,1.230028914450186084e-01
6.859072100000001004e-01,1.218223438900501165e-01
6.861072100000000784e-01,1.206402356831206835e-01
6.863072099999998343e-01,1.194566112625704557e-01
6.865072100000000344e-01,1.182715151729692438e-01
6.867072100000002344e-01,1.170849920619033285e-01
6.869072099999999903e-01,1.158970866767270874e-01
6.871072100000001903e-01,1.147078438612978007e-01
6.873072100000001683e-01,1.135173085527204917e-01
6.875072099999999242e-01,1.123255257780478855e-01
6.877072099999996802e-01,1.111325406509816038e-01
6.879072100000001022e-01,1.099383983685557481e-01
6.881072100000003022e-01,1.087431442078194976e-01
6.883072100000000582e-01,1.075468235224816965e-01
6.885072100000000361e-01,1.063494817395541497e-01
6.887072100000002361e-01,1.051511643559927267e-01
6.889072099999999921e-01,1.039519169353171207e-01
6.891072099999999701e-01,1.027517851042063779e-01
6.893072099999999480e-01,1.015508145491084702e-01
6.895072099999999260e-01,1.003490510128182134e-01
6.897072099999999040e-01,9.914654029105261779e-02
6.899072100000001040e-01,9.794332822901288815e-02
6.901072100000003040e-01,9.673946071794152501e-02
6.903072100000000599e-01,9.553498369166428528e-02
6.905072099999998159e-01,9.432994312311794582e-02
6.907072099999997938e-01,9.312438502088106473e-02
6.909072099999997718e-01,9.191835542569234963e-02
6.911072099999999718e-01,9.071190040695263634e-02
6.913072100000001718e-01,8.950506605923047587e-02
6.915072099999999278e-01,8.829789849875328833e-02
6.917072099999999057e-01,8.709044385988454207e-02
6.919072100000001058e-01,8.588274829161307578e-02
6.921072100000000837e-01,8.467485795402397708e-02
6.923072100000000617e-01,8.346681901475791476e-02
6.925072100000000397e-01,8.225867764547747929e-02
6.927072100000002397e-01,8.105048001831974269e-02
6.929072100000002177e-01,7.984227230235227402e-02
6.931072099999999736e-01,7.863410066001297327e-02
6.933072099999999516e-01,7.742601124355230624e-02
6.935072099999999296e-01,7.621805019147867566e-02
6.937072099999999075e-01,7.501026362498891542e-02
6.939072100000001075e-01,7.380269764440096358e-02
6.941072100000000855e-01,7.259539832559018524e-02
6.943072100000000635e-01,7.138841171640945837e-02
6.945072100000000415e-01,7.018178383312194402e-02
6.947072100000002415e-01,6.897556065682462767e-02
6.949072100000002195e-01,6.776978812987875800e-02
6.951072099999999754e-01,6.656451215232847551e-02
6.953072099999999534e-01,6.535977857832608873e-02
6.955072099999999313e-01,6.415563321256476104e-02
6.957072099999999093e-01,6.295212180669999824e-02
6.959072100000001093e-01,6.174929005577796393e-02
6.961072100000000873e-01,6.054718359467135824e-02
6.963072100000000653e-01,5.934584799450361159e-02
6.965072100000000432e-01,5.814532875908984266e-02
6.967072099999997992e-01,5.694567132137493687e-02
6.969072099999997771e-01,5.574692103987043817e-02
6.971072099999999772e-01,5.454912319510733798e-02
6.973072099999995110e-01,5.335232298608888479e-02
6.975072099999999331e-01,5.215656552672619239e-02
6.977072099999999111e-01,5.096189584233080938e-02
6.979072100000003331e-01,4.976835886605046610e-02
6.981072100000000891e-01,4.857599943536677206e-02
6.983072099999998450e-01,4.738486228855200849e-02
6.985072099999998230e-01,4.619499206116854662e-02
6.987072100000000230e-01,4.500643328256098002e-02
6.989072100000002230e-01,4.381923037235803398e-02
6.991072099999999789e-01,4.263342763698212828e-02
6.993072100000001790e-01,4.144906926615896103e-02
6.995072100000001569e-01,4.026619932946248759e-02
6.997072099999999129e-01,3.908486177283938823e-02
6.999072099999998908e-01,3.790510041515769007e-02
7.001072100000000908e-01,3.672695894477023826e-02
7.003072099999998468e-01,3.555048091608505045e-02
7.005072100000000468e-01,3.437570974613236852e-02
7.007072100000000248e-01,3.320268871117523085e-02
7.009072100000002248e-01,3.203146094329818033e-02
7.011072099999999807e-01,3.086206942703721354e-02
7.013072099999999587e-01,2.969455699599549137e-02
7.015072099999999367e-01,2.852896632950005160e-02
7.017072099999999146e-01,2.736533994925263377e-02
7.019072099999998926e-01,2.620372021600294102e-02
7.021072100000000926e-01,2.504414932623394430e-02
7.023072100000000706e-01,2.388666930886860010e-02
7.025072100000000486e-01,2.273132202197993348e-02
7.027072099999998045e-01,2.157814914953065308e-02
7.029072099999997825e-01,2.042719219811663448e-02
7.031072099999997604e-01,1.927849249374146215e-02
7.033072099999999605e-01,1.813209117859406611e-02
7.035072100000001605e-01,1.698802920785540821e-02
7.037072099999999164e-01,1.584634734651728730e-02
7.039072099999998944e-01,1.470708616621297163e-02
7.041072100000000944e-01,1.357028604208438717e-02
7.043072100000000724e-01,1.243598714965788408e-02
7.045072100000000503e-01,1.130422946173401805e-02
7.047072100000000283e-01,1.017505274530876649e-02
7.049072100000002283e-01,9.048496558508638266e-03
7.051072100000002063e-01,7.924600247553039226e-03
7.053072100000001843e-01,6.803402943726159779e-03
7.055072100000001623e-01,5.684943560382979197e-03
7.057072099999999182e-01,4.569260789972269358e-03
7.059072099999998962e-01,3.456393101076999080e-03
7.061072100000000962e-01,2.346378735489125858e-03
7.063072100000000741e-01,1.239255705300964204e-03
7.065072100000000521e-01,1.350617900144927483e-04
7.067072100000000301e-01,-9.661654663144594347e-04
7.069072100000002301e-01,-2.064388757915444714e-03
7.071072100000002081e-01,-3.159571020109538508e-03
7.073072099999999640e-01,-4.251675432102461349e-03
7.075072099999999420e-01,-5.340665419745297196e-03
7.077072099999999200e-01,-6.426504658263922087e-03
7.079072099999998979e-01,-7.509157074972764787e-03
7.081072100000000979e-01,-8.588586851957279514e-03
7.083072100000000759e-01,-9.664758428724816788e-03
7.085072100000000539e-01,-1.073763650484013329e-02
7.087072100000000319e-01,-1.180718604252158598e-02
7.089072099999997878e-01,-1.287337226921382062e-02
7.091072099999997658e-01,-1.393616068013727761e-02
7.093072099999999658e-01,-1.499551704079820670e-02
7.095072100000001658e-01,-1.605140738947738108e-02
7.097072099999999217e-01,-1.710379803968738524e-02
7.099072099999998997e-01,-1.815265558260869411e-02
7.101072100000003218e-01,-1.919794688947952174e-02
7.103072100000000777e-01,-2.023963911395973078e-02
7.105072099999998336e-01,-2.127769969448476198e-02
7.107072100000000336e-01,-2.231209635656248788e-02
7.109072100000000116e-01,-2.334279711504431976e-02
7.111072100000002116e-01,-2.436977027638137158e-02
7.113072100000001896e-01,-2.539298444082726744e-02
7.115072100000001676e-01,-2.641240850462666864e-02
7.117072099999999235e-01,-2.742801166215868072e-02
7.119072099999999015e-01,-2.843976340805841330e-02
7.121072100000001015e-01,-2.944763353929489083e-02
7.123072100000000795e-01,-3.045159215722135007e-02
7.125072100000005015e-01,-3.145160966960015847e-02
7.127072100000000354e-01,-3.244765679257057694e-02
7.129072100000000134e-01,-3.343970455262163660e-02
7.131072100000002134e-01,-3.442772428848663024e-02
7.133072099999999693e-01,-3.541168765302998844e-02
7.135072099999999473e-01,-3.639156661510252466e-02
7.137072099999999253e-01,-3.736733346134228639e-02
7.139072099999999033e-01,-3.833896079795693496e-02
7.141072100000001033e-01,-3.930642155246523439e-02
7.143072100000000813e-01,-4.026968897539862091e-02
7.145072100000005033e-01,-4.122873664198051236e-02
7.147072100000000372e-01,-4.218353845374557543e-02
7.149072099999997931e-01,-4.313406864015942310e-02
7.151072099999997711e-01,-4.408030176016371204e-02
7.153072099999995270e-01,-4.502221270370499601e-02
7.155072099999999491e-01,-4.595977669323191017e-02
7.157072099999999271e-01,-4.689296928513150831e-02
7.159072099999999050e-01,-4.782176637116108964e-02
7.161072100000001051e-01,-4.874614417981752712e-02
7.163072100000000830e-01,-4.966607927767571762e-02
7.165072100000000610e-01,-5.058154857069750016e-02
7.167072100000000390e-01,-5.149252930549269580e-02
7.169072100000000169e-01,-5.239899907054754169e-02
7.171072100000002170e-01,-5.330093579741510684e-02
7.173072100000001949e-01,-5.419831776186231909e-02
7.175072099999999509e-01,-5.509112358498766820e-02
7.177072100000001509e-01,-5.597933223429737981e-02
7.179072099999999068e-01,-5.686292302473096305e-02
7.181072100000001068e-01,-5.774187561967345644e-02
7.183072100000000848e-01,-5.861617003189971420e-02
7.185072099999998407e-01,-5.948578662450360738e-02
7.187072100000000408e-01,-6.035070611177900668e-02
7.189072100000000187e-01,-6.121090956005287298e-02
7.191072100000002187e-01,-6.206637838849861366e-02
7.193072100000001967e-01,-6.291709436989086079e-02
7.195072099999999526e-01,-6.376303963133550523e-02
7.197072099999999306e-01,-6.460419665495435726e-02
7.199072099999999086e-01,-6.544054827852585632e-02
7.201072100000001086e-01,-6.627207769609577692e-02
7.203072100000000866e-01,-6.709876845853911254e-02
7.205072099999998425e-01,-6.792060447409131729e-02
7.207072100000000425e-01,-6.873757000883641555e-02
7.209072100000000205e-01,-6.954964968714630325e-02
7.211072099999999985e-01,-7.035682849209809464e-02
7.213072099999999764e-01,-7.115909176583709583e-02
7.215072099999999544e-01,-7.195642520990666591e-02
7.217072099999997103e-01,-7.274881488553565367e-02
7.219072099999999104e-01,-7.353624721389201424e-02
7.221072100000001104e-01,-7.431870897628382877e-02
7.223072100000003104e-01,-7.509618731433508054e-02
7.225072100000000663e-01,-7.586866973011181792e-02
7.227072099999998223e-01,-7.663614408621732821e-02
7.229072099999998002e-01,-7.739859860583814255e-02
7.231072100000000002e-01,-7.815602187275463852e-02
7.233072099999999782e-01,-7.890840283131134170e-02
7.235072099999999562e-01,-7.965573078635249105e-02
7.237072100000001562e-01,-8.039799540311157178e-02
7.239072099999999121e-01,-8.113518670706031111e-02
7.241072099999998901e-01,-8.186729508372976583e-02
7.243072100000000901e-01,-8.259431127847699505e-02
7.245072099999998461e-01,-8.331622639621902304e-02
7.247072099999998240e-01,-8.403303190113539656e-02
7.249072100000000241e-01,-8.474471961631693806e-02
7.251072100000000020e-01,-8.545128172338360695e-02
7.253072100000002020e-01,-8.615271076206701406e-02
7.255072099999999580e-01,-8.684899962974268472e-02
7.257072099999999359e-01,-8.754014158093900710e-02
7.259072099999999139e-01,-8.822613022679107186e-02
7.261072099999996698e-01,-8.890695953446713096e-02
7.263072100000000919e-01,-8.958262382655723943e-02
7.265072100000000699e-01,-9.025311778040917554e-02
7.267072100000000479e-01,-9.091843642744869280e-02
7.269072100000000258e-01,-9.157857515244359481e-02
7.271072100000000038e-01,-9.223352969273743152e-02
7.273072099999999818e-01,-9.288329613744436553e-02
7.275072099999995157e-01,-9.352787092660516666e-02
7.277072099999999377e-01,-9.416725085031414644e-02
7.279072099999999157e-01,-9.480143304778740343e-02
7.281072099999998937e-01,-9.543041500642292230e-02
7.283072100000000937e-01,-9.605419456080269147e-02
7.285072100000000717e-01,-9.667276989166329049e-02
7.287072100000000496e-01,-9.728613952483580740e-02
7.289072100000000276e-01,-9.789430233014183302e-02
7.291072099999997835e-01,-9.849725752025705050e-02
7.293072100000002056e-01,-9.909500464954182353e-02
7.295072099999999615e-01,-9.968754361282303189e-02
7.297072100000001615e-01,-1.002748746441637084e-01
7.299072099999999175e-01,-1.008569983155705868e-01
7.301072099999998954e-01,-1.014339155356899780e-01
7.303072100000000955e-01,-1.020056275484524100e-01
7.305072100000000734e-01,-1.025721359316888459e-01
7.307072099999998294e-01,-1.031334425957156631e-01
7.309072100000000294e-01,-1.036895497818824813e-01
7.311072100000000074e-01,-1.042404600610805365e-01
7.313072100000002074e-01,-1.047861763322297801e-01
7.315072100000001853e-01,-1.053267018207199590e-01
7.317072100000001633e-01,-1.058620400768290337e-01
7.319072099999999192e-01,-1.063921949741006290e-01
7.321072099999998972e-01,-1.069171707076956024e-01
7.323072100000000972e-01,-1.074369717927052270e-01
7.325072100000000752e-01,-1.079516030624351197e-01
7.327072099999998311e-01,-1.084610696666601926e-01
7.329072100000000312e-01,-1.089653770698459090e-01
7.331072100000000091e-01,-1.094645310493330692e-01
7.333072099999999871e-01,-1.099585376935026115e-01
7.335072099999999651e-01,-1.104474033999009452e-01
7.337072099999999431e-01,-1.109311348733389574e-01
7.339072099999999210e-01,-1.114097391239603219e-01
7.341072099999998990e-01,-1.118832234652801516e-01
7.343072100000003211e-01,-1.123515955121954235e-01
7.345072100000002990e-01,-1.128148631789614581e-01
7.347072100000000550e-01,-1.132730346771493035e-01
7.349072100000000329e-01,-1.137261185135673147e-01
7.351072099999997889e-01,-1.141741234881540612e-01
7.353072099999999889e-01,-1.146170586918510426e-01
7.355072099999999669e-01,-1.150549335044374344e-01
7.357072099999999448e-01,-1.154877575923492772e-01
7.359072099999999228e-01,-1.159155409064638320e-01
7.361072099999999008e-01,-1.163382936798608436e-01
7.363072100000001008e-01,-1.167560264255582403e-01
7.365072100000000788e-01,-1.171687499342197181e-01
7.367072100000000567e-01,-1.175764752718417294e-01
7.369072100000004788e-01,-1.179792137774118843e-01
7.371072100000000127e-01,-1.183769770605404004e-01
7.373072099999999907e-01,-1.187697769990796876e-01
7.375072100000001907e-01,-1.191576257367033265e-01
7.377072099999999466e-01,-1.195405356804723901e-01
7.379072099999999246e-01,-1.199185194983800329e-01
7.381072099999999025e-01,-1.202915901168654517e-01
7.383072099999996585e-01,-1.206597607183125531e-01
7.385072100000000805e-01,-1.210230447385259034e-01
7.387072100000000585e-01,-1.213814558641789221e-01
7.389072100000004806e-01,-1.217350080302530280e-01
7.391072100000002365e-01,-1.220837154174426176e-01
7.393072099999999924e-01,-1.224275924495525636e-01
7.395072099999999704e-01,-1.227666537908667643e-01
7.397072099999995043e-01,-1.231009143434991793e-01
7.399072099999999264e-01,-1.234303892447325690e-01
7.401072099999999043e-01,-1.237550938643250942e-01
7.403072100000001043e-01,-1.240750438018151658e-01
7.405072100000000823e-01,-1.243902548837947375e-01
7.407072100000000603e-01,-1.247007431611742434e-01
7.409072100000000383e-01,-1.250065249064258033e-01
7.411072100000000162e-01,-1.253076166108113843e-01
7.413072099999997722e-01,-1.256040349815951696e-01
7.415072100000001942e-01,-1.258957969392415221e-01
7.417072099999999502e-01,-1.261829196145917154e-01
7.419072099999999281e-01,-1.264654203460366388e-01
7.421072099999999061e-01,-1.267433166766641639e-01
7.423072100000001061e-01,-1.270166263513995697e-01
7.425072100000000841e-01,-1.272853673141284558e-01
7.427072099999998400e-01,-1.275495577048097462e-01
7.429072099999998180e-01,-1.278092158565750647e-01
7.431072100000000180e-01,-1.280643602928133173e-01
7.433072099999999960e-01,-1.283150097242464482e-01
7.435072100000001960e-01,-1.285611830459942317e-01
7.437072100000001740e-01,-1.288028993346245765e-01
7.439072100000001520e-01,-1.290401778451976400e-01
7.441072099999999079e-01,-1.292730380082967312e-01
7.443072100000001079e-01,-1.295014994270519693e-01
7.445072100000000859e-01,-1.297255818741511468e-01
7.447072099999998418e-01,-1.299453052888466520e-01
7.449072099999998198e-01,-1.301606897739513435e-01
7.451072100000000198e-01,-1.303717555928261274e-01
7.453072099999999978e-01,-1.305785231663607882e-01
7.455072099999999757e-01,-1.307810130699489926e-01
7.457072099999999537e-01,-1.309792460304553263e-01
7.459072099999999317e-01,-1.311732429231766972e-01
7.461072099999999097e-01,-1.313630247687976871e-01
7.463072100000001097e-01,-1.315486127303419905e-01
7.465072100000003097e-01,-1.317300281101168591e-01
7.467072100000005097e-01,-1.319072923466554914e-01
7.469072100000000436e-01,-1.320804270116539003e-01
7.471072100000000216e-01,-1.322494538069066139e-01
7.473072099999997775e-01,-1.324143945612352158e-01
7.475072099999999775e-01,-1.325752712274191059e-01
7.477072099999999555e-01,-1.327321058791197939e-01
7.479072099999999335e-01,-1.328849207078071082e-01
7.481072099999999114e-01,-1.330337380196819907e-01
7.483072099999998894e-01,-1.331785802325993195e-01
7.485072100000000894e-01,-1.333194698729897043e-01
7.487072100000000674e-01,-1.334564295727813932e-01
7.489072100000000454e-01,-1.335894820663239835e-01
7.491072099999998013e-01,-1.337186501873110223e-01
7.493072100000000013e-01,-1.338439568657059098e-01
7.495072099999999793e-01,-1.339654251246671923e-01
7.497072100000001793e-01,-1.340830780774786013e-01
7.499072099999999352e-01,-1.341969389244799804e-01
7.501072099999999132e-01,-1.343070309500025150e-01
7.503072099999998912e-01,-1.344133775193059877e-01
7.505072100000000912e-01,-1.345160020755211960e-01
7.507072100000000692e-01,-1.346149281365954520e-01
7.509072100000000471e-01,-1.347101792922447694e-01
7.511072100000000251e-01,-1.348017792009092164e-01
7.513072100000002251e-01,-1.348897515867147345e-01
7.515072099999999811e-01,-1.349741202364406201e-01
7.517072099999999590e-01,-1.350549089964944438e-01
7.519072099999994929e-01,-1.351321417698918004e-01
7.521072099999999150e-01,-1.352058425132458552e-01
7.523072099999998930e-01,-1.352760352337612493e-01
7.525072100000000930e-01,-1.353427439862397441e-01
7.527072100000000709e-01,-1.354059928700910576e-01
7.529072100000000489e-01,-1.354658060263549679e-01
7.531072100000000269e-01,-1.355222076347306903e-01
7.533072100000000049e-01,-1.355752219106175216e-01
7.535072099999997608e-01,-1.356248731021641729e-01
7.537072100000001829e-01,-1.356711854873295098e-01
7.539072099999999388e-01,-1.357141833709533119e-01
7.541072099999999168e-01,-1.357538910818390510e-01
7.543072099999998947e-01,-1.357903329698472161e-01
7.545072100000000948e-01,-1.358235334030016561e-01
7.547072100000000727e-01,-1.358535167646071629e-01
7.549072099999998287e-01,-1.358803074503807662e-01
7.551072099999998066e-01,-1.359039298655952965e-01
7.553072100000000066e-01,-1.359244084222370474e-01
7.555072099999999846e-01,-1.359417675361764000e-01
7.557072100000001846e-01,-1.359560316243534905e-01
7.559072100000001626e-01,-1.359672251019778677e-01
7.561072099999999185e-01,-1.359753723797430536e-01
7.563072099999998965e-01,-1.359804978610569537e-01
7.565072100000000965e-01,-1.359826259392863390e-01
7.567072100000000745e-01,-1.359817809950191192e-01
7.569072099999998304e-01,-1.359779873933418259e-01
7.571072099999998084e-01,-1.359712694811335554e-01
7.573072100000000084e-01,-1.359616515843773688e-01
7.575072099999999864e-01,-1.359491580054887905e-01
7.577072099999999644e-01,-1.359338130206617923e-01
7.579072099999999423e-01,-1.359156408772329017e-01
7.581072099999999203e-01,-1.358946657910632960e-01
7.583072099999998983e-01,-1.358709119439396873e-01
7.585072100000000983e-01,-1.358444034809940248e-01
7.587072100000002983e-01,-1.358151645081424330e-01
7.589072100000004983e-01,-1.357832190895434665e-01
7.591072100000000322e-01,-1.357485912450762111e-01
7.593072100000000102e-01,-1.357113049478387290e-01
7.595072099999997661e-01,-1.356713841216666272e-01
7.597072099999999661e-01,-1.356288526386723037e-01
7.599072099999999441e-01,-1.355837343168055931e-01
7.601072099999999221e-01,-1.355360529174348128e-01
7.603072099999999001e-01,-1.354858321429504020e-01
7.605072100000001001e-01,-1.354330956343891834e-01
7.607072100000000781e-01,-1.353778669690819392e-01
7.609072100000000560e-01,-1.353201696583225533e-01
7.611072100000000340e-01,-1.352600271450594416e-01
7.613072100000002340e-01,-1.351974628016110735e-01
7.615072099999999899e-01,-1.351324999274035599e-01
7.617072099999999679e-01,-1.350651617467313603e-01
7.619072100000003900e-01,-1.349954714065429717e-01
7.621072099999999239e-01,-1.349234519742495975e-01
7.623072099999999018e-01,-1.348491264355569097e-01
7.625072100000001019e-01,-1.347725176923232349e-01
7.627072100000000798e-01,-1.346936485604411926e-01
7.629072100000000578e-01,-1.346125417677432046e-01
7.631072100000000358e-01,-1.345292199519337040e-01
7.633072100000002358e-01,-1.344437056585453816e-01
7.635072100000002138e-01,-1.343560213389215496e-01
7.637072099999999697e-01,-1.342661893482232083e-01
7.639072099999999477e-01,-1.341742319434627018e-01
7.641072099999997036e-01,-1.340801712815634650e-01
7.643072100000003477e-01,-1.339840294174446944e-01
7.645072100000001036e-01,-1.338858283021354123e-01
7.647072100000000816e-01,-1.337855897809101247e-01
7.649072100000000596e-01,-1.336833355914564536e-01
7.651072100000000376e-01,-1.335790873620663621e-01
7.653072100000000155e-01,-1.334728666098555783e-01
7.655072099999999935e-01,-1.333646947390103588e-01
7.657072099999995274e-01,-1.332545930390612310e-01
7.659072100000001715e-01,-1.331425826831835191e-01
7.661072099999999274e-01,-1.330286847265295669e-01
7.663072099999999054e-01,-1.329129201045816666e-01
7.665072100000001054e-01,-1.327953096315400150e-01
7.667072100000000834e-01,-1.326758739987347613e-01
7.669072099999998393e-01,-1.325546337730675872e-01
7.671072099999998173e-01,-1.324316093954808204e-01
7.673072099999997953e-01,-1.323068211794566906e-01
7.675072099999999953e-01,-1.321802893095431752e-01
7.677072099999999732e-01,-1.320520338399104876e-01
7.679072100000001733e-01,-1.319220746929341270e-01
7.681072100000001512e-01,-1.317904316578092927e-01
7.683072099999999072e-01,-1.316571243891928589e-01
7.685072100000001072e-01,-1.315221724058733277e-01
7.687072100000000852e-01,-1.313855950894740610e-01
7.689072099999998411e-01,-1.312474116831806592e-01
7.691072099999998191e-01,-1.311076412905008148e-01
7.693072100000000191e-01,-1.309663028740533086e-01
7.695072099999999971e-01,-1.308234152543856499e-01
7.697072099999999750e-01,-1.306789971088214986e-01
7.699072099999999530e-01,-1.305330669703378965e-01
7.701072099999999310e-01,-1.303856432264719756e-01
7.703072099999999089e-01,-1.302367441182575303e-01
7.705072100000001090e-01,-1.300863877391907619e-01
7.707072100000000869e-01,-1.299345920342269978e-01
7.709072099999998429e-01,-1.297813747988058874e-01
7.711072100000000429e-01,-1.296267536779061036e-01
7.713072099999997988e-01,-1.294707461651330438e-01
7.715072099999997768e-01,-1.293133696018312628e-01
7.717072099999997548e-01,-1.291546411762318214e-01
7.719072099999999548e-01,-1.289945779226257805e-01
7.721072100000001548e-01,-1.288331967205701423e-01
7.723072099999999107e-01,-1.286705142941224622e-01
7.725072100000001107e-01,-1.285065472111036888e-01
7.727072100000000887e-01,-1.283413118823957810e-01
7.729072100000000667e-01,-1.281748245612632509e-01
7.731072100000000447e-01,-1.280071013427087345e-01
7.733072100000000226e-01,-1.278381581628563468e-01
7.735072099999997786e-01,-1.276680107983660106e-01
7.737072099999999786e-01,-1.274966748658757087e-01
7.739072099999999566e-01,-1.273241658214761540e-01
7.741072100000001566e-01,-1.271504989602122992e-01
7.743072099999999125e-01,-1.269756894156167382e-01
7.745072099999998905e-01,-1.267997521592700849e-01
7.747072100000000905e-01,-1.266227020003936332e-01
7.749072099999998464e-01,-1.264445535854706315e-01
7.751072100000004905e-01,-1.262653213978938704e-01
7.753072100000000244e-01,-1.260850197576496301e-01
7.755072100000000024e-01,-1.259036628210207232e-01
7.757072100000002024e-01,-1.257212645803286455e-01
7.759072099999999583e-01,-1.255378388636991804e-01
7.761072099999999363e-01,-1.253533993348567854e-01
7.763072099999999143e-01,-1.251679594929511197e-01
7.765072099999998922e-01,-1.249815326724093567e-01
7.767072100000000923e-01,-1.247941320428184175e-01
7.769072099999998482e-01,-1.246057706088363193e-01
7.771072100000000482e-01,-1.244164612101291978e-01
7.773072100000000262e-01,-1.242262165213414704e-01
7.775072099999997821e-01,-1.240350490520891191e-01
7.777072099999999821e-01,-1.238429711469836991e-01
7.779072099999999601e-01,-1.236499949856855463e-01
7.781072100000001601e-01,-1.234561325829808542e-01
7.783072099999999161e-01,-1.232613957888911982e-01
7.785072099999998940e-01,-1.230657962888056234e-01
7.787072100000000940e-01,-1.228693456036443199e-01
7.789072100000000720e-01,-1.226720550900484707e-01
7.791072099999998279e-01,-1.224739359405951078e-01
7.793072100000000280e-01,-1.222749991840404449e-01
7.795072100000000059e-01,-1.220752556855922155e-01
7.797072100000002060e-01,-1.218747161472037155e-01
7.799072099999999619e-01,-1.216733911078993202e-01
7.801072099999994958e-01,-1.214712909441222899e-01
7.803072099999999178e-01,-1.212684258701098861e-01
7.805072099999998958e-01,-1.210648059382986030e-01
7.807072100000000958e-01,-1.208604410397471352e-01
7.809072100000000738e-01,-1.206553409045919290e-01
7.811072099999998297e-01,-1.204495151025244126e-01
7.813072100000004738e-01,-1.202429730432933441e-01
7.815072100000000077e-01,-1.200357239772378432e-01
7.817072099999999857e-01,-1.198277769958336902e-01
7.819072099999999637e-01,-1.196191410322767074e-01
7.821072099999999416e-01,-1.194098248620827363e-01
7.823072099999999196e-01,-1.191998371037142901e-01
7.825072099999998976e-01,-1.189891862192310329e-01
7.827072100000000976e-01,-1.187778805149634631e-01
7.829072100000000756e-01,-1.185659281422117572e-01
7.831072099999998315e-01,-1.183533370979651944e-01
7.833072100000000315e-01,-1.181401152256460751e-01
7.835072099999997874e-01,-1.179262702158792170e-01
7.837072099999997654e-01,-1.177118096072778258e-01
7.839072099999995213e-01,-1.174967407872581360e-01
7.841072099999999434e-01,-1.172810709928715223e-01
7.843072099999999214e-01,-1.170648073116629662e-01
7.845072099999998994e-01,-1.168479566825460503e-01
7.847072100000000994e-01,-1.166305258967029052e-01
7.849072100000000773e-01,-1.164125215985058193e-01
7.851072100000000553e-01,-1.161939502864562657e-01
7.853072100000000333e-01,-1.159748183141481870e-01
7.855072100000000113e-01,-1.157551318912500293e-01
7.857072100000002113e-01,-1.155348970845066769e-01
7.859072099999999672e-01,-1.153141198187632166e-01
7.861072099999999452e-01,-1.150928058780048141e-01
7.863072099999999232e-01,-1.148709609064199333e-01
7.865072099999999011e-01,-1.146485904094800695e-01
7.867072100000001011e-01,-1.144256997550391064e-01
7.869072100000000791e-01,-1.142022941744520459e-01
7.871072099999998350e-01,-1.139783787637101697e-01
7.873072100000004792e-01,-1.137539584845944640e-01
7.875072100000000130e-01,-1.135290381658525249e-01
7.877072099999997690e-01,-1.133036225043804746e-01
7.879072100000001910e-01,-1.130777160664347414e-01
7.881072100000001690e-01,-1.128513232888562479e-01
7.883072099999999249e-01,-1.126244484803072543e-01
7.885072099999999029e-01,-1.123970958225293804e-01
7.887072100000003250e-01,-1.121692693716165312e-01
7.889072100000000809e-01,-1.119409730593043661e-01
7.891072099999998368e-01,-1.117122106942708692e-01
7.893072100000000368e-01,-1.114829859634573761e-01
7.895072100000000148e-01,-1.112533024334035614e-01
7.897072099999997707e-01,-1.110231635515936122e-01
7.899072099999999708e-01,-1.107925726478193734e-01
7.901072099999999487e-01,-1.105615329355587734e-01
7.903072100000003708e-01,-1.103300475133636993e-01
7.905072099999999047e-01,-1.100981193662670804e-01
7.907072100000001047e-01,-1.098657513671947028e-01
7.909072100000000827e-01,-1.096329462784003117e-01
7.911072100000000606e-01,-1.093997067529040162e-01
7.913072100000000386e-01,-1.091660353359481528e-01
7.915072100000000166e-01,-1.089319344664628764e-01
7.917072099999999946e-01,-1.086974064785440064e-01
7.919072100000001946e-01,-1.084624536029418496e-01
7.921072099999999505e-01,-1.082270779685620410e-01
7.923072100000001505e-01,-1.079912816039732271e-01
7.925072099999999065e-01,-1.077550664389321095e-01
7.927072100000001065e-01,-1.075184343059098352e-01
7.929072100000000844e-01,-1.072813869416362476e-01
7.931072099999998404e-01,-1.070439259886477451e-01
7.933072099999998184e-01,-1.068060529968458405e-01
7.935072100000002404e-01,-1.065677694250662111e-01
7.937072099999999963e-01,-1.063290766426558120e-01
7.939072099999999743e-01,-1.060899759310534318e-01
7.941072099999999523e-01,-1.058504684853854155e-01
7.943072099999999303e-01,-1.056105554160637061e-01
7.945072099999999082e-01,-1.053702377503932808e-01
7.947072100000001083e-01,-1.051295164341848054e-01
7.949072100000000862e-01,-1.048883923333764623e-01
7.951072100000000642e-01,-1.046468662356590251e-01
7.953072099999998201e-01,-1.044049388521090943e-01
7.955072100000000201e-01,-1.041626108188258987e-01
7.957072099999999981e-01,-1.039198826985773538e-01
7.959072099999997540e-01,-1.036767549824455792e-01
7.961072099999999541e-01,-1.034332280914803948e-01
7.963072099999999320e-01,-1.031893023783590629e-01
7.965072099999999100e-01,-1.029449781290444343e-01
7.967072100000001100e-01,-1.027002555644520448e-01
7.969072100000000880e-01,-1.024551348421191277e-01
7.971072100000000660e-01,-1.022096160578744445e-01
7.973072100000000439e-01,-1.019636992475144305e-01
7.975072100000000219e-01,-1.017173843884795759e-01
7.977072099999999999e-01,-1.014706714015336242e-01
7.979072100000001999e-01,-1.012235601524445333e-01
7.981072099999999558e-01,-1.009760504536685727e-01
7.983072099999999338e-01,-1.007281420660313259e-01
7.985072099999999118e-01,-1.004798347004151604e-01
7.987072099999998898e-01,-1.002311280194436299e-01
7.989072100000000898e-01,-9.998202163916740381e-02
7.991072099999998457e-01,-9.973251513075140351e-02
7.993072099999998237e-01,-9.948260802215747045e-02
7.995072100000002457e-01,-9.923229979983219651e-02
7.997072100000000017e-01,-9.898158991039182619e-02
7.999072099999999796e-01,-9.873047776230148287e-02
8.001072100000001797e-01,-9.847896272756007097e-02
8.003072100000001576e-01,-9.822704414337983525e-02
8.005072099999999136e-01,-9.797472131386304739e-02
8.007072099999998915e-01,-9.772199351167741577e-02
8.009072100000000916e-01,-9.746885997972999649e-02
8.011072100000000695e-01,-9.721531993283720474e-02
8.013072099999998255e-01,-9.696137255939060728e-02
8.015072100000000255e-01,-9.670701702301932878e-02
8.017072100000000034e-01,-9.645225246425256915e-02
8.019072099999997594e-01,-9.619707800217208726e-02
8.021072099999999594e-01,-9.594149273606333850e-02
8.023072099999999374e-01,-9.568549574706433636e-02
8.025072099999999153e-01,-9.542908609980438328e-02
8.027072099999998933e-01,-9.517226284404162184e-02
8.029072100000000933e-01,-9.491502501629334176e-02
8.031072100000000713e-01,-9.465737164146222071e-02
8.033072100000000493e-01,-9.439930173445365558e-02
8.035072100000000273e-01,-9.414081430178966592e-02
8.037072100000000052e-01,-9.388190834321483158e-02
8.039072099999999832e-01,-9.362258285329574936e-02
8.041072100000001832e-01,-9.336283682301302345e-02
8.043072099999999391e-01,-9.310266924134789901e-02
8.045072099999999171e-01,-9.284207909685657234e-02
8.047072099999998951e-01,-9.258106537924258583e-02
8.049072100000000951e-01,-9.231962708091705216e-02
8.051072100000000731e-01,-9.205776319855236978e-02
8.053072099999998290e-01,-9.179547273462601575e-02
8.055072099999998070e-01,-9.153275469895577610e-02
8.057072100000002290e-01,-9.126960811022710729e-02
8.059072099999999850e-01,-9.100603199751200467e-02
8.061072099999999629e-01,-9.074202540177189746e-02
8.063072099999999409e-01,-9.047758737735980827e-02
8.065072099999999189e-01,-9.021271699350602580e-02
8.067072099999998969e-01,-8.994741333579593656e-02
8.069072100000000969e-01,-8.968167550763657403e-02
8.071072100000000749e-01,-8.941550263171396673e-02
8.073072100000000528e-01,-8.914889385143622003e-02
8.075072099999998088e-01,-8.888184833236939530e-02
8.077072100000000088e-01,-8.861436526365787381e-02
8.079072099999999867e-01,-8.834644385943825340e-02
8.081072099999995206e-01,-8.807808336023620344e-02
8.083072099999999427e-01,-8.780928303435166227e-02
8.085072099999999207e-01,-8.754004217923933018e-02
8.087072099999998986e-01,-8.727036012286479294e-02
8.089072100000000987e-01,-8.700023622505687060e-02
8.091072100000000766e-01,-8.672966987884471457e-02
8.093072100000000546e-01,-8.645866051177941713e-02
8.095072100000000326e-01,-8.618720758724582320e-02
8.097072100000000106e-01,-8.591531060575888223e-02
8.099072099999999885e-01,-8.564296910624644155e-02
8.101072100000001885e-01,-8.537018266731888350e-02
8.103072099999999445e-01,-8.509695090852512078e-02
8.105072099999999224e-01,-8.482327349159128616e-02
8.107072099999999004e-01,-8.454915012165015176e-02
8.109072100000001004e-01,-8.427458054845134161e-02
8.111072100000000784e-01,-8.399956456756023371e-02
8.113072099999998343e-01,-8.372410202153920955e-02
8.115072099999998123e-01,-8.344819280111465121e-02
8.117072100000002344e-01,-8.317183684633031038e-02
8.119072099999999903e-01,-8.289503414768559231e-02
8.121072100000001903e-01,-8.261778474725184340e-02
8.123072100000001683e-01,-8.234008873978367060e-02
8.125072099999999242e-01,-8.206194627380500317e-02
8.127072099999999022e-01,-8.178335755268346940e-02
8.129072100000001022e-01,-8.150432283568900815e-02
8.131072100000003022e-01,-8.122484243903495271e-02
8.133072100000000582e-01,-8.094491673690333566e-02
8.135072099999998141e-01,-8.066454616245141707e-02
8.137072100000000141e-01,-8.038373120880468181e-02
8.139072099999999921e-01,-8.010247243003372486e-02
8.141072099999995260e-01,-7.982077044210969530e-02
8.143072099999999480e-01,-7.953862592384419727e-02
8.145072099999999260e-01,-7.925603961781890749e-02
8.147072100000003481e-01,-7.897301233128510567e-02
8.149072100000001040e-01,-7.868954493705947184e-02
8.151072100000000820e-01,-7.840563837438968564e-02
8.153072100000000599e-01,-7.812129364981323931e-02
8.155072100000000379e-01,-7.783651183799210338e-02
8.157072100000000159e-01,-7.755129408253169654e-02
8.159072099999999939e-01,-7.726564159678189769e-02
8.161072100000004159e-01,-7.697955566461928134e-02
8.163072100000001718e-01,-7.669303764121475353e-02
8.165072099999999278e-01,-7.640608895377577758e-02
8.167072099999999057e-01,-7.611871110227781678e-02
8.169072100000001058e-01,-7.583090566017457179e-02
8.171072100000000837e-01,-7.554267427508991328e-02
8.173072100000000617e-01,-7.525401866949021912e-02
8.175072099999998176e-01,-7.496494064134036350e-02
8.177072100000002397e-01,-7.467544206473857027e-02
8.179072099999999956e-01,-7.438552489053851247e-02
8.181072099999999736e-01,-7.409519114694244901e-02
8.183072099999999516e-01,-7.380444294008625672e-02
8.185072099999999296e-01,-7.351328245459941291e-02
8.187072099999999075e-01,-7.322171195414781120e-02
8.189072100000001075e-01,-7.292973378195798106e-02
8.191072100000000855e-01,-7.263735036132298872e-02
8.193072100000000635e-01,-7.234456419608698008e-02
8.195072100000000415e-01,-7.205137787111355607e-02
8.197072099999997974e-01,-7.175779405273405298e-02
8.199072099999999974e-01,-7.146381548917515869e-02
8.201072099999999754e-01,-7.116944501097227649e-02
8.203072099999995093e-01,-7.087468553135814475e-02
8.205072099999999313e-01,-7.057954004663288816e-02
8.207072099999999093e-01,-7.028401163652366057e-02
8.209072100000001093e-01,-6.998810346451120323e-02
8.211072100000000873e-01,-6.969181877814954740e-02
8.213072100000000653e-01,-6.939516090935861359e-02
8.215072100000000432e-01,-6.909813327470233635e-02
8.217072100000000212e-01,-6.880073937564577802e-02
8.219072100000002212e-01,-6.850298279879296626e-02
8.221072100000001992e-01,-6.820486721610757863e-02
8.223072100000001772e-01,-6.790639638511117293e-02
8.225072099999999331e-01,-6.760757414906577722e-02
8.227072099999999111e-01,-6.730840443713465016e-02
8.229072099999998890e-01,-6.700889126452705402e-02
8.231072100000000891e-01,-6.670903873262092054e-02
8.233072099999998450e-01,-6.640885102906982085e-02
8.235072099999998230e-01,-6.610833242788599629e-02
8.237072099999998009e-01,-6.580748728951094084e-02
8.239072100000000010e-01,-6.550632006086196113e-02
8.241072099999999789e-01,-6.520483527536359569e-02
8.243072100000001790e-01,-6.490303755295595556e-02
8.245072100000001569e-01,-6.460093160008988089e-02
8.247072099999999129e-01,-6.429852220969842214e-02
8.249072100000003349e-01,-6.399581426115102945e-02
8.251072100000000908e-01,-6.369281272019480800e-02
8.253072100000002909e-01,-6.338952263886522831e-02
8.255072100000000468e-01,-6.308594915539234016e-02
8.257072099999998027e-01,-6.278209749407694107e-02
8.259072100000000027e-01,-6.247797296515540666e-02
8.261072099999999807e-01,-6.217358096464600803e-02
8.263072099999995146e-01,-6.186892697417281650e-02
8.265072099999999367e-01,-6.156401656077263584e-02
8.267072099999999146e-01,-6.125885537669177594e-02
8.269072099999998926e-01,-6.095344915915174022e-02
8.271072100000000926e-01,-6.064780373010697501e-02
8.273072100000000706e-01,-6.034192499598245440e-02
8.275072100000000486e-01,-6.003581894739104530e-02
8.277072100000000265e-01,-5.972949165883654349e-02
8.279072100000000045e-01,-5.942294928839770424e-02
8.281072099999999825e-01,-5.911619807739507126e-02
8.283072100000004045e-01,-5.880924435004013240e-02
8.285072100000001605e-01,-5.850209451307099295e-02
8.287072099999999164e-01,-5.819475505536270132e-02
8.289072099999998944e-01,-5.788723254752911607e-02
8.291072100000000944e-01,-5.757953364150479592e-02
8.293072100000000724e-01,-5.727166507010986174e-02
8.295072100000000503e-01,-5.696363364659715045e-02
8.297072099999998063e-01,-5.665544626418594909e-02
8.299072100000002283e-01,-5.634710989557506489e-02
8.301072099999999843e-01,-5.603863159244779069e-02
8.303072100000001843e-01,-5.573001848494762295e-02
8.305072100000001623e-01,-5.542127778115263359e-02
8.307072099999999182e-01,-5.511241676652293975e-02
8.309072099999998962e-01,-5.480344280333732110e-02
8.311072100000000962e-01,-5.449436333011439121e-02
8.313072100000000741e-01,-5.418518586101802453e-02
8.315072100000000521e-01,-5.387591798524492270e-02
8.317072100000000301e-01,-5.356656736640057204e-02
8.319072099999997860e-01,-5.325714174185862404e-02
8.321072099999999860e-01,-5.294764892210407359e-02
8.323072099999999640e-01,-5.263809679006616754e-02
8.325072099999994979e-01,-5.232849330043141955e-02
8.327072099999999200e-01,-5.201884647894264302e-02
8.329072099999998979e-01,-5.170916442169237043e-02
8.331072100000000979e-01,-5.139945529438805921e-02
8.333072100000000759e-01,-5.108972733161568081e-02
8.335072100000000539e-01,-5.077998883608196568e-02
8.337072100000000319e-01,-5.047024817784706574e-02
8.339072100000000098e-01,-5.016051379354210388e-02
8.341072100000002099e-01,-4.985079418557325504e-02
8.343072100000001878e-01,-4.954109792131473206e-02
8.345072100000001658e-01,-4.923143363228545122e-02
8.347072099999999217e-01,-4.892181001331610823e-02
8.349072099999998997e-01,-4.861223582170086377e-02
8.351072100000000997e-01,-4.830271987633978636e-02
8.353072100000000777e-01,-4.799327105686729267e-02
8.355072099999998336e-01,-4.768389830276720948e-02
8.357072099999998116e-01,-4.737461061247712213e-02
8.359072100000000116e-01,-4.706541704248277252e-02
8.361072100000002116e-01,-4.675632670639878752e-02
8.363072099999999676e-01,-4.644734877403864509e-02
8.365072100000001676e-01,-4.613849247047099866e-02
8.367072099999999235e-01,-4.582976707507221970e-02
8.369072099999999015e-01,-4.552118192055810975e-02
8.371072100000003235e-01,-4.521274639201346840e-02
8.373072100000000795e-01,-4.490446992590921976e-02
8.375072100000005015e-01,-4.459636200910241377e-02
8.377072100000000354e-01,-4.428843217783975245e-02
8.379072099999997913e-01,-4.398069001673544226e-02
8.381072099999999914e-01,-4.367314515775202327e-02
8.383072099999999693e-01,-4.336580727916765354e-02
8.385072099999999473e-01,-4.305868610453040396e-02
8.387072099999999253e-01,-4.275179140160853541e-02
8.389072099999999033e-01,-4.244513298132940315e-02
8.391072100000001033e-01,-4.213872069671002751e-02
8.393072100000000813e-01,-4.183256444178082983e-02
8.395072099999998372e-01,-4.152667415049774574e-02
8.397072100000000372e-01,-4.122105979564804484e-02
8.399072100000000152e-01,-4.091573138775133484e-02
8.401072099999999931e-01,-4.061069897394666006e-02
8.403072099999999711e-01,-4.030597263687708820e-02
8.405072100000003932e-01,-4.000156249356444371e-02
8.407072099999999271e-01,-3.969747869428109227e-02
8.409072099999999050e-01,-3.939373142140527306e-02
8.411072100000001051e-01,-3.909033088828228059e-02
8.413072100000000830e-01,-3.878728733807128293e-02
8.415072099999998390e-01,-3.848461104258672771e-02
8.417072100000000390e-01,-3.818231230113419694e-02
8.419072099999997949e-01,-3.788040143934458953e-02
8.421072100000002170e-01,-3.757888880799335057e-02
8.423072099999999729e-01,-3.727778478182706273e-02
8.425072099999999509e-01,-3.697709975837028262e-02
8.427072100000001509e-01,-3.667684415673992671e-02
8.429072099999999068e-01,-3.637702841644918639e-02
8.431072100000001068e-01,-3.607766299620428913e-02
8.433072100000000848e-01,-3.577875837270446530e-02
8.435072100000000628e-01,-3.548032503942998017e-02
8.437072100000000408e-01,-3.518237350543103326e-02
8.439072100000000187e-01,-3.488491429411117589e-02
8.441072099999997747e-01,-3.458795794200773821e-02
8.443072099999999747e-01,-3.429151499756698251e-02
8.445072099999999526e-01,-3.399559601992117874e-02
8.447072099999997086e-01,-3.370021157765626385e-02
8.449072099999999086e-01,-3.340537224758004242e-02
8.451072100000001086e-01,-3.311108861349017218e-02
8.453072100000000866e-01,-3.281737126493575879e-02
8.455072099999998425e-01,-3.252423079597831224e-02
8.457072100000000425e-01,-3.223167780395048282e-02
8.459072100000000205e-01,-3.193972288821646938e-02
8.461072099999999985e-01,-3.164837664892535679e-02
8.463072100000001985e-01,-3.135764968576697925e-02
8.465072100000001765e-01,-3.106755259672666289e-02
8.467072100000001544e-01,-3.077809597683674528e-02
8.469072099999999104e-01,-3.048929041693014888e-02
8.471072100000001104e-01,-3.020114650239071399e-02
8.473072100000000884e-01,-2.991367481190778180e-02
8.475072099999998443e-01,-2.962688591622538239e-02
8.477072099999998223e-01,-2.934079037689412209e-02
8.479072099999998002e-01,-2.905539874502513845e-02
8.481072100000000002e-01,-2.877072156004118267e-02
8.483072100000002003e-01,-2.848676934843176467e-02
8.485072099999999562e-01,-2.820355262250704223e-02
8.487072100000001562e-01,-2.792108187915174830e-02
8.489072099999999121e-01,-2.763936759858632089e-02
8.491072099999998901e-01,-2.735842024312117385e-02
8.493072100000003122e-01,-2.707825025591980087e-02
8.495072100000000681e-01,-2.679886805976259764e-02
8.497072100000004902e-01,-2.652028405580613216e-02
8.499072100000000241e-01,-2.624250862235747231e-02
8.501072099999997800e-01,-2.596555211363601318e-02
8.503072099999999800e-01,-2.568942485855047267e-02
8.505072099999999580e-01,-2.541413715947453064e-02
8.507072099999999359e-01,-2.513969929102203085e-02
8.509072099999999139e-01,-2.486612149883071082e-02
8.511072099999998919e-01,-2.459341399834646599e-02
8.513072100000000919e-01,-2.432158697361231844e-02
8.515072100000000699e-01,-2.405065057606188897e-02
8.517072100000000479e-01,-2.378061492331475305e-02
8.519072100000000258e-01,-2.351149009797810427e-02
8.521072100000000038e-01,-2.324328614645208499e-02
8.523072099999999818e-01,-2.297601307773994642e-02
8.525072099999999597e-01,-2.270968086226246227e-02
8.527072100000003818e-01,-2.244429943067732455e-02
8.529072099999999157e-01,-2.217987867270685906e-02
8.531072099999998937e-01,-2.191642843596227838e-02
8.533072100000000937e-01,-2.165395852478511560e-02
8.535072100000000717e-01,-2.139247869908655897e-02
8.537072099999998276e-01,-2.113199867319391287e-02
8.539072100000000276e-01,-2.087252811470333147e-02
8.541072099999997835e-01,-2.061407664334219750e-02
8.543072100000002056e-01,-2.035665382983005423e-02
8.545072099999999615e-01,-2.010026919475667653e-02
8.547072100000001615e-01,-1.984493220745445555e-02
8.549072099999999175e-01,-1.959065228488978197e-02
8.551072099999998954e-01,-1.933743879055128609e-02
8.553072100000000955e-01,-1.908530103335246211e-02
8.555072100000000734e-01,-1.883424826653837952e-02
8.557072100000000514e-01,-1.858428968659893779e-02
8.559072100000000294e-01,-1.833543443219229005e-02
8.561072100000000074e-01,-1.808769158307425157e-02
8.563072099999997633e-01,-1.784107015903686408e-02
8.565072099999999633e-01,-1.759557911885269166e-02
8.567072099999999413e-01,-1.735122735923171414e-02
8.569072099999996972e-01,-1.710802371378166223e-02
8.571072099999998972e-01,-1.686597695197889976e-02
8.573072100000000972e-01,-1.662509577815034570e-02
8.575072100000002973e-01,-1.638538883045989950e-02
8.577072100000000532e-01,-1.614686467990733565e-02
8.579072100000000312e-01,-1.590953182933255855e-02
8.581072100000000091e-01,-1.567339871243380797e-02
8.583072099999999871e-01,-1.543847369279142435e-02
8.585072099999999651e-01,-1.520476506290249254e-02
8.587072100000001651e-01,-1.497228104322474197e-02
8.589072099999999210e-01,-1.474102978123161857e-02
8.591072099999998990e-01,-1.451101935047336734e-02
8.593072100000000990e-01,-1.428225774965304930e-02
8.595072100000000770e-01,-1.405475290170971232e-02
8.597072100000000550e-01,-1.382851265291150898e-02
8.599072099999998109e-01,-1.360354477196083940e-02
8.601072099999997889e-01,-1.337985694910790758e-02
8.603072099999999889e-01,-1.315745679527740263e-02
8.605072100000001889e-01,-1.293635184120389865e-02
8.607072099999999448e-01,-1.271654953657881844e-02
8.609072099999999228e-01,-1.249805724920639328e-02
8.611072099999999008e-01,-1.228088226417468377e-02
8.613072100000001008e-01,-1.206503178303352901e-02
8.615072100000000788e-01,-1.185051292298693569e-02
8.617072100000005008e-01,-1.163733271609306875e-02
8.619072100000004788e-01,-1.142549810848093352e-02
8.621072100000000127e-01,-1.121501595957285526e-02
8.623072099999997686e-01,-1.100589304132117315e-02
8.625072099999999686e-01,-1.079813603745802784e-02
8.627072099999999466e-01,-1.059175154275567195e-02
8.629072099999999246e-01,-1.038674606229678284e-02
8.631072099999999025e-01,-1.018312601075938191e-02
8.633072100000001026e-01,-9.980897711712429302e-03
8.635072100000003026e-01,-9.780067396924324932e-03
8.637072100000000585e-01,-9.580641205683063447e-03
8.639072099999998144e-01,-9.382625184127533005e-03
8.641072100000000145e-01,-9.186025284592948606e-03
8.643072099999999924e-01,-8.990847364969573388e-03
8.645072099999999704e-01,-8.797097188070002530e-03
8.647072099999999484e-01,-8.604780421012496808e-03
8.649072100000003704e-01,-8.413902634615411449e-03
8.651072099999999043e-01,-8.224469302806335438e-03
8.653072100000001043e-01,-8.036485802038336249e-03
8.655072100000000823e-01,-7.849957410727423715e-03
8.657072100000000603e-01,-7.664889308695474815e-03
8.659072099999998162e-01,-7.481286576630207311e-03
8.661072100000000162e-01,-7.299154195555596428e-03
8.663072099999999942e-01,-7.118497046318563240e-03
8.665072100000004163e-01,-6.939319909084350549e-03
8.667072100000001722e-01,-6.761627462850154993e-03
8.669072099999999281e-01,-6.585424284965670297e-03
8.671072099999999061e-01,-6.410714850672476553e-03
8.673072100000001061e-01,-6.237503532653872543e-03
8.675072100000000841e-01,-6.065794600599147893e-03
8.677072100000000621e-01,-5.895592220778992157e-03
8.679072100000000400e-01,-5.726900455636807843e-03
8.681072100000002401e-01,-5.559723263391770989e-03
8.683072099999999960e-01,-5.394064497656900561e-03
8.685072099999999740e-01,-5.229927907067321094e-03
8.687072099999999519e-01,-5.067317134926150116e-03
8.689072099999999299e-01,-4.906235718860738407e-03
8.691072099999996858e-01,-4.746687090493828878e-03
8.693072100000001079e-01,-4.588674575126733615e-03
8.695072100000000859e-01,-4.432201391439490393e-03
8.697072100000005079e-01,-4.277270651199165455e-03
8.699072100000000418e-01,-4.123885358987758668e-03
8.701072100000002418e-01,-3.972048411936770010e-03
8.703072099999999978e-01,-3.821762599483422788e-03
8.705072099999999757e-01,-3.673030603132560693e-03
8.707072099999999537e-01,-3.525854996237957287e-03
8.709072100000001537e-01,-3.380238243793842138e-03
8.711072099999999097e-01,-3.236182702241965307e-03
8.713072100000001097e-01,-3.093690619289659553e-03
8.715072100000000876e-01,-2.952764133745374667e-03
8.717072100000000656e-01,-2.813405275363745853e-03
8.719072100000000436e-01,-2.675615964706795028e-03
8.721072099999997995e-01,-2.539398013017767856e-03
8.723072099999997775e-01,-2.404753122108099165e-03
8.725072099999999775e-01,-2.271682884258880656e-03
8.727072100000001775e-01,-2.140188782135304339e-03
8.729072099999999335e-01,-2.010272188714463341e-03
8.731072099999999114e-01,-1.881934367225691299e-03
8.733072099999998894e-01,-1.755176471106819572e-03
8.735072100000000894e-01,-1.629999543971196677e-03
8.737072100000000674e-01,-1.506404519590146766e-03
8.739072100000004895e-01,-1.384392221886363798e-03
8.741072100000002454e-01,-1.263963364944208859e-03
8.743072100000000013e-01,-1.145118553028486811e-03
8.745072099999997572e-01,-1.027858280621118340e-03
8.747072099999999573e-01,-9.121829324678248398e-04
8.749072099999999352e-01,-7.980927836403564103e-04
8.751072099999999132e-01,-6.855879996093918773e-04
8.753072099999998912e-01,-5.746686363323504944e-04
8.755072100000000912e-01,-4.653346403534646715e-04
8.757072100000002912e-01,-3.575858489173002787e-04
8.759072100000000471e-01,-2.514219900949126764e-04
8.761072100000000251e-01,-1.468426829221805043e-04
8.763072100000000031e-01,-4.384743755278053615e-05
8.765072099999999811e-01,5.756434457768666232e-05
8.767072099999999590e-01,1.573933705741026833e-04
8.769072099999999370e-01,2.556404558916986446e-04
8.771072100000003591e-01,3.523065241336268381e-04
8.773072099999998930e-01,4.473926068344394845e-04
8.775072100000000930e-01,5.408998432345954975e-04
8.777072099999998489e-01,6.328294800376477701e-04
8.779072100000000489e-01,7.231828711596450208e-04
8.781072099999998049e-01,8.119614774626713292e-04
8.783072100000000049e-01,8.991668664791985753e-04
8.785072099999999828e-01,9.848007121213398461e-04
8.787072100000004049e-01,1.068864794380652069e-03
8.789072100000001608e-01,1.151360999013471050e-03
8.791072099999999168e-01,1.232291317216913703e-03
8.793072099999998947e-01,1.311657845290863707e-03
8.795072100000000948e-01,1.389462784288896576e-03
8.797072100000000727e-01,1.465708439657484926e-03
8.799072100000000507e-01,1.540397220864080704e-03
8.801072100000000287e-01,1.613531641012825365e-03
8.803072100000002287e-01,1.685114316449296597e-03
8.805072099999999846e-01,1.755147966353424235e-03
8.807072099999999626e-01,1.823635412322025581e-03
8.809072099999999406e-01,1.890579577938816033e-03
8.811072099999999185e-01,1.955983488334510963e-03
8.813072099999998965e-01,2.019850269735152300e-03
8.815072100000000965e-01,2.082183148999853291e-03
8.817072100000000745e-01,2.142985453147343896e-03
8.819072100000004966e-01,2.202260608872475597e-03
8.821072100000000304e-01,2.260012142050735803e-03
8.823072100000002305e-01,2.316243677234470274e-03
8.825072099999999864e-01,2.370958937135664909e-03
8.827072099999999644e-01,2.424161742101129443e-03
8.829072099999999423e-01,2.475856009575579716e-03
8.831072099999999203e-01,2.526045753555498149e-03
8.833072099999998983e-01,2.574735084032544249e-03
8.835072100000000983e-01,2.621928206427278415e-03
8.837072100000000763e-01,2.667629421012532916e-03
8.839072100000000543e-01,2.711843122327935781e-03
8.841072100000000322e-01,2.754573798583734908e-03
8.843072099999997882e-01,2.795826031055962443e-03
8.845072099999997661e-01,2.835604493471794493e-03
8.847072099999999661e-01,2.873913951385480888e-03
8.849072100000001662e-01,2.910759261545379280e-03
8.851072099999999221e-01,2.946145371251649488e-03
8.853072099999999001e-01,2.980077317705461578e-03
8.855072100000001001e-01,3.012560227348600513e-03
8.857072100000000781e-01,3.043599315194806584e-03
8.859072100000000560e-01,3.073199884152574054e-03
8.861072100000004781e-01,3.101367324339172112e-03
8.863072100000002340e-01,3.128107112386144858e-03
8.865072099999999899e-01,3.153424810737254832e-03
8.867072099999999679e-01,3.177326066937433743e-03
8.869072100000001679e-01,3.199816612914107346e-03
8.871072099999999239e-01,3.220902264250498966e-03
8.873072099999999018e-01,3.240588919451390434e-03
8.875072100000001019e-01,3.258882559200847791e-03
8.877072100000000798e-01,3.275789245612501562e-03
8.879072100000005019e-01,3.291315121472686896e-03
8.881072100000000358e-01,3.305466409475805219e-03
8.883072099999997917e-01,3.318249411453010663e-03
8.885072099999999917e-01,3.329670507593402492e-03
8.887072099999999697e-01,3.339736155658577007e-03
8.889072099999999477e-01,3.348452890190191985e-03
8.891072099999999256e-01,3.355827321711126517e-03
8.893072100000003477e-01,3.361866135919785222e-03
8.895072100000001036e-01,3.366576092878136636e-03
8.897072100000000816e-01,3.369964026193458025e-03
8.899072099999998375e-01,3.372036842193994795e-03
8.901072100000000376e-01,3.372801519098340191e-03
8.903072099999997935e-01,3.372265106179173685e-03
8.905072099999999935e-01,3.370434722921170686e-03
8.907072099999999715e-01,3.367317558173083588e-03
8.909072100000003935e-01,3.362920869294521494e-03
8.911072099999999274e-01,3.357251981297338424e-03
8.913072099999999054e-01,3.350318285981616125e-03
8.915072100000001054e-01,3.342127241066616180e-03
8.917072100000000834e-01,3.332686369316888771e-03
8.919072099999998393e-01,3.322003257663211969e-03
8.921072100000000393e-01,3.310085556319006857e-03
8.923072100000000173e-01,3.296940977892263199e-03
8.925072100000002173e-01,3.282577296492725834e-03
8.927072099999999732e-01,3.267002346835063461e-03
8.929072099999999512e-01,3.250224023337443865e-03
8.931072099999999292e-01,3.232250279216507868e-03
8.933072099999999072e-01,3.213089125578117485e-03
8.935072100000001072e-01,3.192748630504343207e-03
8.937072100000000852e-01,3.171236918136933255e-03
8.939072099999998411e-01,3.148562167756994209e-03
8.941072100000004852e-01,3.124732612861451982e-03
8.943072100000000191e-01,3.099756540236584586e-03
8.945072100000002191e-01,3.073642289027259718e-03
8.947072100000001971e-01,3.046398249804874777e-03
8.949072099999999530e-01,3.018032863630953130e-03
8.951072099999999310e-01,2.988554621118665652e-03
8.953072099999999089e-01,2.957972061491833445e-03
8.955072100000001090e-01,2.926293771641148064e-03
8.957072100000000869e-01,2.893528385178296188e-03
8.959072100000000649e-01,2.859684581487697327e-03
8.961072100000000429e-01,2.824771084776187598e-03
8.963072100000000209e-01,2.788796663120989613e-03
8.965072099999997768e-01,2.751770127515607619e-03
8.967072099999999768e-01,2.713700330914001809e-03
8.969072100000003989e-01,2.674596167273610766e-03
8.971072100000001548e-01,2.634466570596708575e-03
8.973072099999999107e-01,2.593320513969992521e-03
8.975072100000001107e-01,2.551167008603761385e-03
8.977072100000000887e-01,2.508015102870094545e-03
8.979072099999998446e-01,2.463873881339268598e-03
8.981072100000000447e-01,2.418752463816028261e-03
8.983072100000002447e-01,2.372660004375461758e-03
8.985072100000002226e-01,2.325605690397786803e-03
8.987072100000002006e-01,2.277598741602796569e-03
8.989072099999999566e-01,2.228648409084569345e-03
8.991072100000001566e-01,2.178763974345248374e-03
8.993072099999999125e-01,2.127954748329872938e-03
8.995072099999998905e-01,2.076230070459981255e-03
8.997072100000000905e-01,2.023599307668663607e-03
8.999072099999998464e-01,1.970071853435480160e-03
9.001072100000004905e-01,1.915657126821243474e-03
9.003072100000000244e-01,1.860364571505340649e-03
9.005072099999997803e-01,1.804203654820786453e-03
9.007072099999999804e-01,1.747183866792912429e-03
9.009072099999999583e-01,1.689314719177979675e-03
9.011072099999994922e-01,1.630605744502430007e-03
9.013072099999999143e-01,1.571066495103431212e-03
9.015072100000003363e-01,1.510706542172159713e-03
9.017072100000003143e-01,1.449535474796781378e-03
9.019072100000000702e-01,1.387562899007496655e-03
9.021072099999998262e-01,1.324798436823722888e-03
9.023072100000000262e-01,1.261251725302740736e-03
9.025072099999997821e-01,1.196932415590786555e-03
9.027072099999999821e-01,1.131850171974821320e-03
9.029072099999999601e-01,1.066014670938285943e-03
9.031072100000003822e-01,9.994356002173631313e-04
9.033072099999999161e-01,9.321226578614997225e-04
9.035072099999998940e-01,8.640855512937416737e-04
9.037072100000000940e-01,7.953339963767173081e-04
9.039072100000000720e-01,7.258777164794462909e-04
9.041072099999998279e-01,6.557264415471219209e-04
9.043072100000000280e-01,5.848899071740055154e-04
9.045072100000004500e-01,5.133778536800261659e-04
9.047072100000002060e-01,4.412000251897744106e-04
9.049072099999999619e-01,3.683661687141292183e-04
9.051072099999999399e-01,2.948860332366693392e-04
9.053072099999999178e-01,2.207693688029087851e-04
9.055072099999998958e-01,1.460259256127311410e-04
9.057072100000000958e-01,7.066545311670618598e-05
9.059072100000000738e-01,-5.302300883253206060e-06
9.061072100000004959e-01,-8.186759113078126773e-05
9.063072100000004738e-01,-1.590206758059890292e-04
9.065072100000000077e-01,-2.367518174144129552e-04
9.067072099999999857e-01,-3.150512836709085975e-04
9.069072099999999637e-01,-3.939093483783851803e-04
9.071072099999999416e-01,-4.733162923037923832e-04
9.073072099999999196e-01,-5.532624040488127483e-04
9.075072099999998976e-01,-6.337379809160750312e-04
9.077072100000003196e-01,-7.147333297712007462e-04
9.079072100000000756e-01,-7.962387678988797936e-04
9.081072100000000535e-01,-8.782446238565695153e-04
9.083072100000000315e-01,-9.607412383205193342e-04
9.085072100000000095e-01,-1.043718964928655544e-03
9.087072099999997654e-01,-1.127168171117797022e-03
9.089072099999999654e-01,-1.211079238956100455e-03
9.091072100000003875e-01,-1.295442565969364638e-03
9.093072099999999214e-01,-1.380248565962578170e-03
9.095072099999998994e-01,-1.465487669837602178e-03
9.097072100000000994e-01,-1.551150326402175959e-03
9.099072100000000773e-01,-1.637227003175741134e-03
9.101072099999998333e-01,-1.723708187189208155e-03
9.103072100000000333e-01,-1.810584385779022507e-03
9.105072100000002333e-01,-1.897846127374375278e-03
9.107072100000002113e-01,-1.985483962280170604e-03
9.109072100000001893e-01,-2.073488463453179113e-03
9.111072099999999452e-01,-2.161850227272164946e-03
9.113072099999999232e-01,-2.250559874302475536e-03
9.115072099999999011e-01,-2.339608050053539837e-03
9.117072100000001011e-01,-2.428985425731263002e-03
9.119072100000000791e-01,-2.518682698983079702e-03
9.121072100000000571e-01,-2.608690594637789410e-03
9.123072100000004792e-01,-2.698999865438213384e-03
9.125072100000000130e-01,-2.789601292766545008e-03
9.127072099999997690e-01,-2.880485687366223738e-03
9.129072099999999690e-01,-2.971643890053438878e-03
9.131072099999999470e-01,-3.063066772423869797e-03
9.133072099999997029e-01,-3.154745237553094415e-03
9.135072099999999029e-01,-3.246670220689638984e-03
9.137072100000003250e-01,-3.338832689940561625e-03
9.139072100000003029e-01,-3.431223646950887999e-03
9.141072100000000589e-01,-3.523834127576697898e-03
9.143072100000000368e-01,-3.616655202550131485e-03
9.145072100000000148e-01,-3.709677978137338687e-03
9.147072099999997707e-01,-3.802893596789975409e-03
9.149072099999999708e-01,-3.896293237789812906e-03
9.151072099999999487e-01,-3.989868117884520435e-03
9.153072100000003708e-01,-4.083609491918502657e-03
9.155072099999999047e-01,-4.177508653453865586e-03
9.157072100000001047e-01,-4.271556935387511508e-03
9.159072100000000827e-01,-4.365745710556494588e-03
9.161072100000000606e-01,-4.460066392339796446e-03
9.163072099999998166e-01,-4.554510435250432379e-03
9.165072100000000166e-01,-4.649069335521322996e-03
9.167072100000004387e-01,-4.743734631682211197e-03
9.169072100000001946e-01,-4.838497905129924767e-03
9.171072099999999505e-01,-4.933350780692015783e-03
9.173072099999999285e-01,-5.028284927180692518e-03
9.175072099999999065e-01,-5.123292057940159391e-03
9.177072100000001065e-01,-5.218363931386449037e-03
9.179072100000000844e-01,-5.313492351538792388e-03
9.181072100000000624e-01,-5.408669168544271919e-03
9.183072100000004845e-01,-5.503886279193790851e-03
9.185072100000002404e-01,-5.599135627429781617e-03
9.187072099999999963e-01,-5.694409204848234832e-03
9.189072099999999743e-01,-5.789699051190365028e-03
9.191072099999999523e-01,-5.884997254827531790e-03
9.193072099999999303e-01,-5.980295953238319931e-03
9.195072099999999082e-01,-6.075587333477445659e-03
9.197072100000001083e-01,-6.170863632636859955e-03
9.199072100000003083e-01,-6.266117138298500991e-03
9.201072100000000642e-01,-6.361340188979333968e-03
9.203072100000000422e-01,-6.456525174569094708e-03
9.205072100000000201e-01,-6.551664536758343080e-03
9.207072099999999981e-01,-6.646750769459903660e-03
9.209072099999997540e-01,-6.741776419221632774e-03
9.211072100000001761e-01,-6.836734085631923988e-03
9.213072100000003761e-01,-6.931616421715068935e-03
9.215072099999999100e-01,-7.026416134321119070e-03
9.217072100000001100e-01,-7.121125984507087683e-03
9.219072100000000880e-01,-7.215738787907587451e-03
9.221072099999998439e-01,-7.310247415100850146e-03
9.223072099999998219e-01,-7.404644791964761288e-03
9.225072100000000219e-01,-7.498923900024783221e-03
9.227072100000002219e-01,-7.593077776794044179e-03
9.229072100000004220e-01,-7.687099516105832739e-03
9.231072100000001779e-01,-7.780982268436960683e-03
9.233072099999999338e-01,-7.874719241224447178e-03
9.235072099999999118e-01,-7.968303699172530133e-03
9.237072099999998898e-01,-8.061728964552350093e-03
9.239072100000000898e-01,-8.154988417493879913e-03
9.241072099999998457e-01,-8.248075496268712434e-03
9.243072100000000457e-01,-8.340983697566658681e-03
9.245072100000002457e-01,-8.433706576761628923e-03
9.247072100000000017e-01,-8.526237748171650380e-03
9.249072099999997576e-01,-8.618570885310367427e-03
9.251072099999999576e-01,-8.710699721129899417e-03
9.253072099999999356e-01,-8.802618048255430802e-03
9.255072099999996915e-01,-8.894319719213143391e-03
9.257072099999998915e-01,-8.985798646649474988e-03
9.259072100000003136e-01,-9.077048803541475433e-03
9.261072100000002916e-01,-9.168064223400220272e-03
9.263072100000000475e-01,-9.258839000466796351e-03
9.265072100000000255e-01,-9.349367289899225206e-03
9.267072100000000034e-01,-9.439643307951517751e-03
9.269072099999997594e-01,-9.529661332145543742e-03
9.271072099999999594e-01,-9.619415701435143559e-03
9.273072099999999374e-01,-9.708900816360914107e-03
9.275072100000003594e-01,-9.798111139199502592e-03
9.277072099999998933e-01,-9.887041194102360112e-03
9.279072100000000933e-01,-9.975685567230314563e-03
9.281072099999998493e-01,-1.006403890687594845e-02
9.283072100000000493e-01,-1.015209592358268416e-02
9.285072099999998052e-01,-1.023985139025237155e-02
9.287072100000000052e-01,-1.032730014224867397e-02
9.289072100000004273e-01,-1.041443707748983434e-02
9.291072100000001832e-01,-1.050125715653529683e-02
9.293072099999999391e-01,-1.058775540266573660e-02
9.295072099999999171e-01,-1.067392690195344794e-02
9.297072099999998951e-01,-1.075976680332640066e-02
9.299072100000000951e-01,-1.084527031862498291e-02
9.301072100000000731e-01,-1.093043272265062198e-02
9.303072100000000511e-01,-1.101524935320802139e-02
9.305072100000004731e-01,-1.109971561113924123e-02
9.307072100000002290e-01,-1.118382696034994454e-02
9.309072099999999850e-01,-1.126757892783060606e-02
9.311072099999999629e-01,-1.135096710366807586e-02
9.313072099999999409e-01,-1.143398714105083210e-02
9.315072099999999189e-01,-1.151663475626753079e-02
9.317072099999998969e-01,-1.159890572869790894e-02
9.319072100000000969e-01,-1.168079590079691178e-02
9.321072100000002969e-01,-1.176230117807144752e-02
9.323072100000000528e-01,-1.184341752905044252e-02
9.325072100000000308e-01,-1.192414098524857170e-02
9.327072100000000088e-01,-1.200446764112147145e-02
9.329072099999999867e-01,-1.208439365401581429e-02
9.331072099999995206e-01,-1.216391524411142462e-02
9.333072100000001647e-01,-1.224302869435820416e-02
9.335072099999999207e-01,-1.232173035040304114e-02
9.337072099999998986e-01,-1.240001662051500898e-02
9.339072100000000987e-01,-1.247788397549954957e-02
9.341072100000000766e-01,-1.255532894860816352e-02
9.343072099999998326e-01,-1.263234813544165773e-02
9.345072100000000326e-01,-1.270893819384667951e-02
9.347072100000000106e-01,-1.278509584380493717e-02
9.349072099999999885e-01,-1.286081786731787906e-02
9.351072100000001885e-01,-1.293610110828375369e-02
9.353072099999999445e-01,-1.301094247236852207e-02
9.355072099999999224e-01,-1.308533892687172538e-02
9.357072099999999004e-01,-1.315928750058458462e-02
9.359072100000001004e-01,-1.323278528364345112e-02
9.361072100000000784e-01,-1.330582942737613787e-02
9.363072100000000564e-01,-1.337841714414349063e-02
9.365072100000000344e-01,-1.345054570717393351e-02
9.367072100000002344e-01,-1.352221245039303930e-02
9.369072099999999903e-01,-1.359341476824635526e-02
9.371072099999999683e-01,-1.366415011551804469e-02
9.373072099999999462e-01,-1.373441600714216636e-02
9.375072099999999242e-01,-1.380421001800941939e-02
9.377072099999999022e-01,-1.387352978276817396e-02
9.379072100000001022e-01,-1.394237299561979816e-02
9.381072100000000802e-01,-1.401073741010859693e-02
9.383072100000000582e-01,-1.407862083890677914e-02
9.385072100000000361e-01,-1.414602115359370714e-02
9.387072099999997921e-01,-1.421293628442992125e-02
9.389072099999999921e-01,-1.427936422012662972e-02
9.391072099999999701e-01,-1.434530300760882178e-02
9.393072100000001701e-01,-1.441075075177487667e-02
9.395072099999999260e-01,-1.447570561524981654e-02
9.397072099999999040e-01,-1.454016581813498930e-02
9.399072100000001040e-01,-1.460412963775154470e-02
9.401072100000000820e-01,-1.466759540837987534e-02
9.403072099999998379e-01,-1.473056152099444342e-02
9.405072100000004820e-01,-1.479302642299399305e-02
9.407072099999997938e-01,-1.485498861792550022e-02
9.409072099999999939e-01,-1.491644666520742200e-02
9.411072099999999718e-01,-1.497739917984363019e-02
9.413072100000001718e-01,-1.503784483213697377e-02
9.415072099999999278e-01,-1.509778234739606560e-02
9.417072099999999057e-01,-1.515721050563936280e-02
9.419072100000001058e-01,-1.521612814129386267e-02
9.421072100000000837e-01,-1.527453414289015564e-02
9.423072100000000617e-01,-1.533242745275378675e-02
9.425072100000004838e-01,-1.538980706669211031e-02
9.427072100000002397e-01,-1.544667203367686321e-02
9.429072099999999956e-01,-1.550302145552435833e-02
9.431072099999999736e-01,-1.555885448657023072e-02
9.433072099999999516e-01,-1.561417033334115863e-02
9.435072100000001516e-01,-1.566896825422319992e-02
9.437072099999999075e-01,-1.572324755912573105e-02
9.439072100000001075e-01,-1.577700760914319683e-02
9.441072100000000855e-01,-1.583024781621163515e-02
9.443072100000005076e-01,-1.588296764276358672e-02
9.445072100000000415e-01,-1.593516660137789601e-02
9.447072099999997974e-01,-1.598684425442848181e-02
9.449072099999999974e-01,-1.603800021372773360e-02
9.451072100000001974e-01,-1.608863414016777071e-02
9.453072099999999534e-01,-1.613874574335880802e-02
9.455072099999999313e-01,-1.618833478126459335e-02
9.457072099999999093e-01,-1.623740105983418822e-02
9.459072100000001093e-01,-1.628594443263166672e-02
9.461072100000000873e-01,-1.633396480046260188e-02
9.463072099999998432e-01,-1.638146211099813718e-02
9.465072099999998212e-01,-1.642843635839639355e-02
9.467072100000000212e-01,-1.647488758292093430e-02
9.469072099999999992e-01,-1.652081587055693676e-02
9.471072099999999772e-01,-1.656622135262534809e-02
9.473072100000001772e-01,-1.661110420539401583e-02
9.475072099999999331e-01,-1.665546464968668816e-02
9.477072099999999111e-01,-1.669930295049031760e-02
9.479072099999998890e-01,-1.674261941655933242e-02
9.481072100000000891e-01,-1.678541440001845089e-02
9.483072099999998450e-01,-1.682768829596302182e-02
9.485072100000000450e-01,-1.686944154205811605e-02
9.487072100000000230e-01,-1.691067461813458225e-02
9.489072100000002230e-01,-1.695138804578442612e-02
9.491072099999999789e-01,-1.699158238795346956e-02
9.493072099999999569e-01,-1.703125824853326392e-02
9.495072099999999349e-01,-1.707041627195032135e-02
9.497072099999999129e-01,-1.710905714275457942e-02
9.499072099999998908e-01,-1.714718158520598876e-02
9.501072100000000908e-01,-1.718479036285977882e-02
9.503072099999998468e-01,-1.722188427815017284e-02
9.505072100000000468e-01,-1.725846417197327703e-02
9.507072100000000248e-01,-1.729453092326790203e-02
9.509072099999997807e-01,-1.733008544859599917e-02
9.511072099999999807e-01,-1.736512870172169515e-02
9.513072099999999587e-01,-1.739966167318887647e-02
9.515072100000001587e-01,-1.743368538989855179e-02
9.517072099999999146e-01,-1.746720091468441025e-02
9.519072099999998926e-01,-1.750020934588859822e-02
9.521072100000000926e-01,-1.753271181693542152e-02
9.523072099999998485e-01,-1.756470949590520358e-02
9.525072099999998265e-01,-1.759620358510744637e-02
9.527072100000002486e-01,-1.762719532065277692e-02
9.529072099999997825e-01,-1.765768597202463028e-02
9.531072099999999825e-01,-1.768767684165112666e-02
9.533072099999999605e-01,-1.771716926447508902e-02
9.535072100000001605e-01,-1.774616460752501471e-02
9.537072099999999164e-01,-1.777466426948490566e-02
9.539072099999998944e-01,-1.780266968026443172e-02
9.541072100000000944e-01,-1.783018230056828898e-02
9.543072100000000724e-01,-1.785720362146584958e-02
9.545072100000000503e-01,-1.788373516396064150e-02
9.547072100000004724e-01,-1.790977847855983879e-02
9.549072100000002283e-01,-1.793533514484339439e-02
9.551072099999999843e-01,-1.796040677103406466e-02
9.553072099999999622e-01,-1.798499499356677467e-02
9.555072099999999402e-01,-1.800910147665855943e-02
9.557072099999999182e-01,-1.803272791187885901e-02
9.559072099999998962e-01,-1.805587601771983450e-02
9.561072100000000962e-01,-1.807854753916737084e-02
9.563072100000000741e-01,-1.810074424727219425e-02
9.565072100000004962e-01,-1.812246793872178754e-02
9.567072100000000301e-01,-1.814372043541241306e-02
9.569072099999997860e-01,-1.816450358402241574e-02
9.571072099999999860e-01,-1.818481925558536327e-02
9.573072100000001861e-01,-1.820466934506428242e-02
9.575072099999999420e-01,-1.822405577092667955e-02
9.577072099999999200e-01,-1.824298047472042508e-02
9.579072099999998979e-01,-1.826144542065001944e-02
9.581072100000000979e-01,-1.827945259515433019e-02
9.583072100000000759e-01,-1.829700400648478359e-02
9.585072099999998319e-01,-1.831410168428498214e-02
9.587072099999998098e-01,-1.833074767917108189e-02
9.589072100000000098e-01,-1.834694406231331815e-02
9.591072099999999878e-01,-1.836269292501864839e-02
9.593072100000001878e-01,-1.837799637831471697e-02
9.595072100000001658e-01,-1.839285655253489540e-02
9.597072099999999217e-01,-1.840727559690464102e-02
9.599072099999998997e-01,-1.842125567912935441e-02
9.601072100000000997e-01,-1.843479898498324651e-02
9.603072100000000777e-01,-1.844790771789989528e-02
9.605072099999998336e-01,-1.846058409856429425e-02
9.607072100000000336e-01,-1.847283036450619864e-02
9.609072100000000116e-01,-1.848464876969511256e-02
9.611072100000002116e-01,-1.849604158413696575e-02
9.613072099999999676e-01,-1.850701109347218168e-02
9.615072099999999455e-01,-1.851755959857574740e-02
9.617072099999999235e-01,-1.852768941515864007e-02
9.619072099999999015e-01,-1.853740287337127604e-02
9.621072100000001015e-01,-1.854670231740856642e-02
9.623072100000000795e-01,-1.855559010511695361e-02
9.625072099999998354e-01,-1.856406860760326585e-02
9.627072100000000354e-01,-1.857214020884542793e-02
9.629072100000000134e-01,-1.857980730530511479e-02
9.631072099999997693e-01,-1.858707230554252493e-02
9.633072099999999693e-01,-1.859393762983303083e-02
9.635072099999999473e-01,-1.860040570978585203e-02
9.637072099999999253e-01,-1.860647898796507355e-02
9.639072099999999033e-01,-1.861215991751239210e-02
9.641072100000001033e-01,-1.861745096177247483e-02
9.643072100000000813e-01,-1.862235459392002149e-02
9.645072099999998372e-01,-1.862687329658955712e-02
9.647072099999998152e-01,-1.863100956150701495e-02
9.649072100000002372e-01,-1.863476588912402199e-02
9.651072099999997711e-01,-1.863814478825407545e-02
9.653072099999999711e-01,-1.864114877571152601e-02
9.655072099999999491e-01,-1.864378037595259413e-02
9.657072099999999271e-01,-1.864604212071899886e-02
9.659072099999999050e-01,-1.864793654868386261e-02
9.661072100000001051e-01,-1.864946620510021108e-02
9.663072100000000830e-01,-1.865063364145195732e-02
9.665072100000000610e-01,-1.865144141510735251e-02
9.667072100000000390e-01,-1.865189208897500769e-02
9.669072100000002390e-01,-1.865198823116253832e-02
9.671072100000002170e-01,-1.865173241463773113e-02
9.673072099999999729e-01,-1.865112721689234088e-02
9.675072099999999509e-01,-1.865017521960871463e-02
9.677072099999999288e-01,-1.864887900832876838e-02
9.679072099999999068e-01,-1.864724117212594040e-02
9.681072100000001068e-01,-1.864526430327979531e-02
9.683072100000000848e-01,-1.864295099695323019e-02
9.685072100000000628e-01,-1.864030385087261585e-02
9.687072100000004848e-01,-1.863732546501068593e-02
9.689072100000000187e-01,-1.863401844127215295e-02
9.691072099999997747e-01,-1.863038538318216239e-02
9.693072099999999747e-01,-1.862642889557768883e-02
9.695072100000001747e-01,-1.862215158430175974e-02
9.697072099999999306e-01,-1.861755605590039234e-02
9.699072099999999086e-01,-1.861264491732263909e-02
9.701072100000001086e-01,-1.860742077562350591e-02
9.703072100000000866e-01,-1.860188623766970140e-02
9.705072100000000646e-01,-1.859604390984839067e-02
9.707072099999998205e-01,-1.858989639777891903e-02
9.709072099999997985e-01,-1.858344630602748807e-02
9.711072099999999985e-01,-1.857669623782488497e-02
9.713072099999999764e-01,-1.856964879478706365e-02
9.715072100000001765e-01,-1.856230657663892822e-02
9.717072100000001544e-01,-1.855467218094098217e-02
9.719072099999999104e-01,-1.854674820281915215e-02
9.721072100000001104e-01,-1.853853723469750525e-02
9.723072100000000884e-01,-1.853004186603419978e-02
9.725072100000000663e-01,-1.852126468306038512e-02
9.727072099999998223e-01,-1.851220826852224138e-02
9.729072100000000223e-01,-1.850287520142599590e-02
9.731072100000000002e-01,-1.849326805678628768e-02
9.733072100000002003e-01,-1.848338940537732830e-02
9.735072099999999562e-01,-1.847324181348746278e-02
9.737072099999999342e-01,-1.846282784267654770e-02
9.739072099999999121e-01,-1.845215004953674673e-02
9.741072099999998901e-01,-1.844121098545626822e-02
9.743072100000000901e-01,-1.843001319638632590e-02
9.745072100000000681e-01,-1.841855922261126377e-02
9.747072099999998240e-01,-1.840685159852173403e-02
9.749072100000000241e-01,-1.839489285239094205e-02
9.751072100000000020e-01,-1.838268550615447181e-02
9.753072099999997580e-01,-1.837023207519273074e-02
9.755072099999999580e-01,-1.835753506811680855e-02
9.757072099999999359e-01,-1.834459698655765969e-02
9.759072099999999139e-01,-1.833142032495804763e-02
9.761072099999998919e-01,-1.831800757036802438e-02
9.763072100000000919e-01,-1.830436120224330707e-02
9.765072100000000699e-01,-1.829048369224705803e-02
9.767072099999998258e-01,-1.827637750405455841e-02
9.769072099999998038e-01,-1.826204509316126448e-02
9.771072100000002258e-01,-1.824748890669385462e-02
9.773072099999999818e-01,-1.823271138322474574e-02
9.775072099999999597e-01,-1.821771495258915977e-02
9.777072099999999377e-01,-1.820250203570603076e-02
9.779072099999999157e-01,-1.818707504440162867e-02
9.781072099999998937e-01,-1.817143638123640617e-02
9.783072100000000937e-01,-1.815558843933505820e-02
9.785072100000000717e-01,-1.813953360221970054e-02
9.787072100000000496e-01,-1.812327424364612583e-02
9.789072100000000276e-01,-1.810681272744315076e-02
9.791072100000002276e-01,-1.809015140735522470e-02
9.793072100000002056e-01,-1.807329262688810514e-02
9.795072099999999615e-01,-1.805623871915744763e-02
9.797072099999999395e-01,-1.803899200674068462e-02
9.799072099999999175e-01,-1.802155480153203385e-02
9.801072099999998954e-01,-1.800392940460041752e-02
9.803072100000000955e-01,-1.798611810605054914e-02
9.805072100000000734e-01,-1.796812318488709773e-02
9.807072100000000514e-01,-1.794994690888181144e-02
9.809072100000004735e-01,-1.793159153444375681e-02
9.811072100000000074e-01,-1.791305930649276026e-02
9.813072099999997633e-01,-1.789435245833532334e-02
9.815072099999999633e-01,-1.787547321154419472e-02
9.817072100000001633e-01,-1.785642377584065535e-02
9.819072099999999192e-01,-1.783720634897975263e-02
9.821072099999998972e-01,-1.781782311663842114e-02
9.823072100000000972e-01,-1.779827625230693058e-02
9.825072100000000752e-01,-1.777856791718292195e-02
9.827072100000000532e-01,-1.775870026006856270e-02
9.829072099999998091e-01,-1.773867541727053299e-02
9.831072099999997871e-01,-1.771849551250297139e-02
9.833072099999999871e-01,-1.769816265679334880e-02
9.835072099999999651e-01,-1.767767894839124623e-02
9.837072100000001651e-01,-1.765704647267974173e-02
9.839072099999999210e-01,-1.763626730209013130e-02
9.841072099999998990e-01,-1.761534349601885652e-02
9.843072100000000990e-01,-1.759427710074785642e-02
9.845072100000000770e-01,-1.757307014936744169e-02
9.847072100000000550e-01,-1.755172466170187504e-02
9.849072099999998109e-01,-1.753024264423786935e-02
9.851072100000000109e-01,-1.750862609005575041e-02
9.853072099999999889e-01,-1.748687697876354433e-02
9.855072100000001889e-01,-1.746499727643347280e-02
9.857072099999999448e-01,-1.744298893554148758e-02
9.859072099999999228e-01,-1.742085389490908090e-02
9.861072099999999008e-01,-1.739859407964824620e-02
9.863072100000001008e-01,-1.737621140110868004e-02
9.865072100000000788e-01,-1.735370775682788455e-02
9.867072100000000567e-01,-1.733108503048362559e-02
9.869072100000004788e-01,-1.730834509184920808e-02
9.871072100000000127e-01,-1.728548979675133615e-02
9.873072099999999907e-01,-1.726252098703006180e-02
9.875072099999995245e-01,-1.723944049050207816e-02
9.877072099999999466e-01,-1.721625012092555321e-02
9.879072099999999246e-01,-1.719295167796857163e-02
9.881072099999999025e-01,-1.716954694717888821e-02
9.883072100000001026e-01,-1.714603769995691473e-02
9.885072100000000805e-01,-1.712242569353094115e-02
9.887072100000000585e-01,-1.709871267093457034e-02
9.889072099999998144e-01,-1.707490036098678263e-02
9.891072100000000145e-01,-1.705099047827410633e-02
9.893072100000002145e-01,-1.702698472313555339e-02
9.895072099999999704e-01,-1.700288478164940081e-02
9.897072099999999484e-01,-1.697869232562239719e-02
9.899072099999999264e-01,-1.695440901258149849e-02
9.901072099999999043e-01,-1.693003648576758835e-02
9.903072100000001043e-01,-1.690557637413143618e-02
9.905072100000000823e-01,-1.688103029233208388e-02
9.907072100000000603e-01,-1.685639984073706438e-02
9.909072100000000383e-01,-1.683168660542514600e-02
9.911072100000000162e-01,-1.680689215819091559e-02
9.913072100000002163e-01,-1.678201805655163761e-02
9.915072100000001942e-01,-1.675706584375624697e-02
9.917072099999999502e-01,-1.673203704879621875e-02
9.919072099999999281e-01,-1.670693318641848849e-02
9.921072099999999061e-01,-1.668175575714075931e-02
9.923072100000001061e-01,-1.665650624726823167e-02
9.925072100000000841e-01,-1.663118612891288303e-02
9.927072100000000621e-01,-1.660579686001410760e-02
9.929072100000000400e-01,-1.658033988436178122e-02
9.931072100000002401e-01,-1.655481663162090833e-02
9.933072099999999960e-01,-1.652922851735840956e-02
9.935072099999997519e-01,-1.650357694307131792e-02
9.937072099999999519e-01,-1.647786329621722667e-02
9.939072100000001520e-01,-1.645208895024649273e-02
9.941072099999999079e-01,-1.642625526463600133e-02
9.943072100000001079e-01,-1.640036358492459947e-02
9.945072100000000859e-01,-1.637441524275077415e-02
9.947072100000000638e-01,-1.634841155589141989e-02
9.949072100000000418e-01,-1.632235382830264647e-02
9.951072100000000198e-01,-1.629624335016216161e-02
9.953072099999997757e-01,-1.627008139791319072e-02
9.955072099999999757e-01,-1.624386923431001342e-02
9.957072099999999537e-01,-1.621760810846531106e-02
9.959072100000001537e-01,-1.619129925589860367e-02
9.961072099999999097e-01,-1.616494389858675815e-02
9.963072100000001097e-01,-1.613854324501531184e-02
9.965072100000000876e-01,-1.611209849023213098e-02
9.967072099999998436e-01,-1.608561081590170402e-02
9.969072100000004877e-01,-1.605908139036118024e-02
9.971072099999997995e-01,-1.603251136867837184e-02
9.973072099999999995e-01,-1.600590189270963484e-02
9.975072099999999775e-01,-1.597925409116096249e-02
9.977072100000001775e-01,-1.595256907964890877e-02
9.979072099999999335e-01,-1.592584796076372197e-02
9.981072099999999114e-01,-1.589909182413304020e-02
9.983072099999998894e-01,-1.587230174648758194e-02
9.985072100000000894e-01,-1.584547879172739163e-02
9.987072100000000674e-01,-1.581862401098979229e-02
9.989072100000000454e-01,-1.579173844271807708e-02
9.991072100000002454e-01,-1.576482311273161990e-02
9.993072100000000013e-01,-1.573787903429719331e-02
9.995072099999999793e-01,-1.571090720820090061e-02
9.997072099999995132e-01,-1.568390862282187728e-02
9.999072099999999352e-01,-1.565688425420621796e-02
1.000107204666666805e+00,-1.562983578777707092e-02
1.000307204666666783e+00,-1.560276273249802149e-02
1.000507204666666761e+00,-1.557566674885868356e-02
1.000707204666666517e+00,-1.554854876433838136e-02
1.000907204666666495e+00,-1.552140969447034398e-02
1.001107204666666917e+00,-1.549425044292186172e-02
1.001307204666666895e+00,-1.546707190157553015e-02
1.001507204666666873e+00,-1.543987495061066063e-02
1.001707204666666629e+00,-1.541266045858635282e-02
1.001907204666666606e+00,-1.538542928252475787e-02
1.002107204666666807e+00,-1.535818226799549706e-02
1.002307204666666562e+00,-1.533092024920077075e-02
1.002507204666666762e+00,-1.530364404906075886e-02
1.002707204666666740e+00,-1.527635447930055825e-02
1.002907204666666718e+00,-1.524905234053697441e-02
1.003107204666666696e+00,-1.522173842236653786e-02
1.003307204666666674e+00,-1.519441350345387444e-02
1.003507204666666652e+00,-1.516707835162081110e-02
1.003707204666666630e+00,-1.513973372393602294e-02
1.003907204666666386e+00,-1.511238036680529438e-02
1.004107204666666808e+00,-1.508501901606214106e-02
1.004307204666666786e+00,-1.505765039705950388e-02
1.004507204666666764e+00,-1.503027522476108914e-02
1.004707204666666964e+00,-1.500289420383388479e-02
1.004907204666666498e+00,-1.497550802874101326e-02
1.005107204666666920e+00,-1.494811738383444895e-02
1.005307204666666898e+00,-1.492072294344932472e-02
1.005507204666666432e+00,-1.489332537199730862e-02
1.005707204666666632e+00,-1.486592532406101792e-02
1.005907204666666832e+00,-1.483852344448908546e-02
1.006107204666666810e+00,-1.481112036849088938e-02
1.006307204666666566e+00,-1.478371672173193520e-02
1.006507204666666766e+00,-1.475631312042936273e-02
1.006707204666666744e+00,-1.472891017144813304e-02
1.006907204666666278e+00,-1.470150847239690313e-02
1.007107204666666700e+00,-1.467410861172418514e-02
1.007307204666666678e+00,-1.464671116881553596e-02
1.007507204666666656e+00,-1.461931671408960194e-02
1.007707204666666634e+00,-1.459192580909535360e-02
1.007907204666666390e+00,-1.456453900660907748e-02
1.008107204666666812e+00,-1.453715685073138537e-02
1.008307204666666568e+00,-1.450977987698483414e-02
1.008507204666666546e+00,-1.448240861241076489e-02
1.008707204666666524e+00,-1.445504357566710675e-02
1.008907204666666946e+00,-1.442768527712557335e-02
1.009107204666666924e+00,-1.440033421896947698e-02
1.009307204666666902e+00,-1.437299089529077596e-02
1.009507204666666436e+00,-1.434565579218791305e-02
1.009707204666666858e+00,-1.431832938786285238e-02
1.009907204666666614e+00,-1.429101215271917462e-02
1.010107204666666814e+00,-1.426370454945857964e-02
1.010307204666666570e+00,-1.423640703317884636e-02
1.010507204666666770e+00,-1.420912005147045333e-02
1.010707204666666748e+00,-1.418184404451404944e-02
1.010907204666666726e+00,-1.415457944517706061e-02
1.011107204666666259e+00,-1.412732667911062619e-02
1.011307204666666681e+00,-1.410008616484587952e-02
1.011507204666666437e+00,-1.407285831389097804e-02
1.011707204666666637e+00,-1.404564353082653379e-02
1.011907204666666615e+00,-1.401844221340225495e-02
1.012107204666666815e+00,-1.399125475263224803e-02
1.012307204666666793e+00,-1.396408153289084748e-02
1.012507204666666771e+00,-1.393692293200762995e-02
1.012707204666666749e+00,-1.390977932136251878e-02
1.012907204666666505e+00,-1.388265106598041664e-02
1.013107204666666483e+00,-1.385553852462552589e-02
1.013307204666666905e+00,-1.382844204989544003e-02
1.013507204666666883e+00,-1.380136198831503382e-02
1.013707204666666861e+00,-1.377429868042942367e-02
1.013907204666666617e+00,-1.374725246089730270e-02
1.014107204666666595e+00,-1.372022365858331823e-02
1.014307204666666795e+00,-1.369321259665047703e-02
1.014507204666666551e+00,-1.366621959265195037e-02
1.014707204666666751e+00,-1.363924495862221288e-02
1.014907204666666729e+00,-1.361228900116841049e-02
1.015107204666666707e+00,-1.358535202156053827e-02
1.015307204666666685e+00,-1.355843431582166338e-02
1.015507204666666663e+00,-1.353153617481748887e-02
1.015707204666666641e+00,-1.350465788434545601e-02
1.015907204666666619e+00,-1.347779972522337479e-02
1.016107204666666375e+00,-1.345096197337757211e-02
1.016307204666666797e+00,-1.342414489993026296e-02
1.016507204666666775e+00,-1.339734877128711567e-02
1.016707204666666531e+00,-1.337057384922327348e-02
1.016907204666666953e+00,-1.334382039096944535e-02
1.017107204666666487e+00,-1.331708864929774007e-02
1.017307204666666909e+00,-1.329037887260576568e-02
1.017507204666666887e+00,-1.326369130500174194e-02
1.017707204666666421e+00,-1.323702618638757274e-02
1.017907204666666621e+00,-1.321038375254198795e-02
1.018107204666666821e+00,-1.318376423520340769e-02
1.018307204666666799e+00,-1.315716786215143964e-02
1.018507204666666555e+00,-1.313059485728819940e-02
1.018707204666666755e+00,-1.310404544071881901e-02
1.018907204666666733e+00,-1.307751982883162932e-02
1.019107204666666266e+00,-1.305101823437724608e-02
1.019307204666666689e+00,-1.302454086654704531e-02
1.019507204666666667e+00,-1.299808793105166824e-02
1.019707204666666644e+00,-1.297165963019770128e-02
1.019907204666666845e+00,-1.294525616296459368e-02
1.020107204666666600e+00,-1.291887772508056552e-02
1.020307204666666800e+00,-1.289252450909755300e-02
1.020507204666666556e+00,-1.286619670446611206e-02
1.020707204666666534e+00,-1.283989449760876943e-02
1.020907204666666956e+00,-1.281361807199335283e-02
1.021107204666666934e+00,-1.278736760820540878e-02
1.021307204666666912e+00,-1.276114328401947544e-02
1.021507204666666890e+00,-1.273494527447019929e-02
1.021707204666666424e+00,-1.270877375192245966e-02
1.021907204666666846e+00,-1.268262888614043495e-02
1.022107204666666602e+00,-1.265651084435681119e-02
1.022307204666666802e+00,-1.263041979133997482e-02
1.022507204666666558e+00,-1.260435588946164608e-02
1.022707204666666758e+00,-1.257831929876275859e-02
1.022907204666666736e+00,-1.255231017701941010e-02
1.023107204666666714e+00,-1.252632867980733693e-02
1.023307204666666248e+00,-1.250037496056609181e-02
1.023507204666666670e+00,-1.247444917066192933e-02
1.023707204666666426e+00,-1.244855145945084063e-02
1.023907204666666626e+00,-1.242268197433942824e-02
1.024107204666666604e+00,-1.239684086084630842e-02
1.024307204666666804e+00,-1.237102826266177520e-02
1.024507204666666782e+00,-1.234524432170727194e-02
1.024707204666666538e+00,-1.231948917819360688e-02
1.024907204666666960e+00,-1.229376297067854944e-02
1.025107204666666494e+00,-1.226806583612399804e-02
1.025307204666666472e+00,-1.224239790995133859e-02
1.025507204666666894e+00,-1.221675932609710136e-02
1.025707204666666872e+00,-1.219115021706727690e-02
1.025907204666666850e+00,-1.216557071399056861e-02
1.026107204666666606e+00,-1.214002094667135205e-02
1.026307204666666584e+00,-1.211450104364141488e-02
1.026507204666666784e+00,-1.208901113221111899e-02
1.026707204666666318e+00,-1.206355133851978213e-02
1.026907204666666740e+00,-1.203812178758461617e-02
1.027107204666666718e+00,-1.201272260335002791e-02
1.027307204666666696e+00,-1.198735390873478628e-02
1.027507204666666674e+00,-1.196201582567928828e-02
1.027707204666666430e+00,-1.193670847519161075e-02
1.027907204666666852e+00,-1.191143197739268945e-02
1.028107204666666608e+00,-1.188618645156116690e-02
1.028307204666666363e+00,-1.186097201617654882e-02
1.028507204666666786e+00,-1.183578878896226864e-02
1.028707204666666764e+00,-1.181063688692792803e-02
1.028907204666666964e+00,-1.178551642641000215e-02
1.029107204666666942e+00,-1.176042752311260049e-02
1.029307204666666475e+00,-1.173537029214683815e-02
1.029507204666666897e+00,-1.171034484806936921e-02
1.029707204666666875e+00,-1.168535130492084385e-02
1.029907204666666409e+00,-1.166038977626249716e-02
1.030107204666666609e+00,-1.163546037521245510e-02
1.030307204666666809e+00,-1.161056321448155834e-02
1.030507204666666787e+00,-1.158569840640777046e-02
1.030707204666666321e+00,-1.156086606299004151e-02
1.030907204666666743e+00,-1.153606629592120181e-02
1.031107204666666721e+00,-1.151129921662071183e-02
1.031307204666666255e+00,-1.148656493626564086e-02
1.031507204666666677e+00,-1.146186356582127273e-02
1.031707204666666433e+00,-1.143719521607152768e-02
1.031907204666666855e+00,-1.141255999764729211e-02
1.032107204666666833e+00,-1.138795802105538151e-02
1.032307204666666811e+00,-1.136338939670550850e-02
1.032507204666666789e+00,-1.133885423493727514e-02
1.032707204666666545e+00,-1.131435264604606535e-02
1.032907204666666523e+00,-1.128988474030814121e-02
1.033107204666666945e+00,-1.126545062800509388e-02
1.033307204666666923e+00,-1.124105041944763357e-02
1.033507204666666901e+00,-1.121668422499812363e-02
1.033707204666666879e+00,-1.119235215509294633e-02
1.033907204666666413e+00,-1.116805432026385554e-02
1.034107204666666835e+00,-1.114379083115830081e-02
1.034307204666666591e+00,-1.111956179855990920e-02
1.034507204666666791e+00,-1.109536733340688898e-02
1.034707204666666325e+00,-1.107120754681106649e-02
1.034907204666666747e+00,-1.104708255007494366e-02
1.035107204666666725e+00,-1.102299245470931416e-02
1.035307204666666703e+00,-1.099893737244893137e-02
1.035507204666666681e+00,-1.097491741526828053e-02
1.035707204666666659e+00,-1.095093269539633950e-02
1.035907204666666415e+00,-1.092698332533069590e-02
1.036107204666666615e+00,-1.090306941785082993e-02
1.036307204666666815e+00,-1.087919108603102765e-02
1.036507204666666793e+00,-1.085534844325230716e-02
1.036707204666666771e+00,-1.083154160321365446e-02
1.036907204666666527e+00,-1.080777067994286716e-02
1.037107204666666949e+00,-1.078403578780632276e-02
1.037307204666666482e+00,-1.076033704151875374e-02
1.037507204666666460e+00,-1.073667455615128809e-02
1.037707204666666883e+00,-1.071304844713996673e-02
1.037907204666666861e+00,-1.068945883029307799e-02
1.038107204666666838e+00,-1.066590582179763845e-02
1.038307204666666594e+00,-1.064238953822573518e-02
1.038507204666666572e+00,-1.061891009653984953e-02
1.038707204666666772e+00,-1.059546761409786535e-02
1.038907204666666306e+00,-1.057206220865733633e-02
1.039107204666666728e+00,-1.054869399837879418e-02
1.039307204666666706e+00,-1.052536310182935857e-02
1.039507204666666684e+00,-1.050206963798470255e-02
1.039707204666666662e+00,-1.047881372623112560e-02
1.039907204666666418e+00,-1.045559548636684939e-02
1.040107204666666840e+00,-1.043241503860256256e-02
1.040307204666666596e+00,-1.040927250356196883e-02
1.040507204666666352e+00,-1.038616800228085897e-02
1.040707204666666774e+00,-1.036310165620642557e-02
1.040907204666666752e+00,-1.034007358719593594e-02
1.041107204666666952e+00,-1.031708391751428970e-02
1.041307204666666930e+00,-1.029413276983176702e-02
1.041507204666666464e+00,-1.027122026722080556e-02
1.041707204666666886e+00,-1.024834653315222048e-02
1.041907204666666642e+00,-1.022551169149160492e-02
1.042107204666666398e+00,-1.020271586649413621e-02
1.042307204666666598e+00,-1.017995918279972906e-02
1.042507204666666798e+00,-1.015724176542751045e-02
1.042707204666666776e+00,-1.013456373976965967e-02
1.042907204666666310e+00,-1.011192523158485103e-02
1.043107204666666732e+00,-1.008932636699107384e-02
1.043307204666666710e+00,-1.006676727245866751e-02
1.043507204666666688e+00,-1.004424807480188211e-02
1.043707204666666666e+00,-1.002176890117080325e-02
1.043907204666666422e+00,-9.999329879042530983e-03
1.044107204666666844e+00,-9.976931136211814044e-03
1.044307204666666822e+00,-9.954572800781782971e-03
1.044507204666666800e+00,-9.932255001153501850e-03
1.044707204666666778e+00,-9.909977866015776821e-03
1.044907204666666534e+00,-9.887741524334277624e-03
1.045107204666666512e+00,-9.865546105340213326e-03
1.045307204666666934e+00,-9.843391738518848452e-03
1.045507204666666912e+00,-9.821278553597637476e-03
1.045707204666666890e+00,-9.799206680533590827e-03
1.045907204666666646e+00,-9.777176249500831723e-03
1.046107204666666624e+00,-9.755187390877398390e-03
1.046307204666666824e+00,-9.733240235231995982e-03
1.046507204666666579e+00,-9.711334913310313080e-03
1.046707204666666780e+00,-9.689471556020713694e-03
1.046907204666666313e+00,-9.667650294420314372e-03
1.047107204666666735e+00,-9.645871259699794961e-03
1.047307204666666713e+00,-9.624134583169033363e-03
1.047507204666666691e+00,-9.602440396241333428e-03
1.047707204666666669e+00,-9.580788830418155919e-03
1.047907204666666647e+00,-9.559180017273216298e-03
1.048107204666666403e+00,-9.537614088436424664e-03
1.048307204666666603e+00,-9.516091175577405872e-03
1.048507204666666803e+00,-9.494611410389120279e-03
1.048707204666666781e+00,-9.473174924570832225e-03
1.048907204666666759e+00,-9.451781849811002195e-03
1.049107204666666515e+00,-9.430432317770064479e-03
1.049307204666666937e+00,-9.409126460062663608e-03
1.049507204666666471e+00,-9.387864408240291503e-03
1.049707204666666449e+00,-9.366646293772731141e-03
1.049907204666666649e+00,-9.345472248030317272e-03
1.050107204666666849e+00,-9.324342402265421714e-03
1.050307204666666827e+00,-9.303256887593846711e-03
1.050507204666666805e+00,-9.282215834976058691e-03
1.050707204666666561e+00,-9.261219375198356113e-03
1.050907204666666761e+00,-9.240267638853612298e-03
1.051107204666666295e+00,-9.219360756322344391e-03
1.051307204666666717e+00,-9.198498857752828231e-03
1.051507204666666695e+00,-1.715554483844735495e-02
1.051707204666666673e+00,-1.716889033074509713e-02
1.051907204666666651e+00,-1.718212742669709275e-02
1.052107204666666407e+00,-1.719525595698388060e-02
1.052307204666666829e+00,-1.720827575173732374e-02
1.052507204666666585e+00,-1.722118664050838188e-02
1.052707204666666563e+00,-1.723398845223598347e-02
1.052907204666666763e+00,-1.724668101521591862e-02
1.053107204666666963e+00,-1.725926415707070005e-02
1.053307204666666941e+00,-1.727173770471989583e-02
1.053507204666666919e+00,-1.728410148435122196e-02
1.053707204666666453e+00,-1.729635532139209286e-02
1.053907204666666875e+00,-1.730849904048212956e-02
1.054107204666666631e+00,-1.732053246544578567e-02
1.054307204666666387e+00,-1.733245541926644803e-02
1.054507204666666587e+00,-1.734426772406053377e-02
1.054707204666666787e+00,-1.735596920105255542e-02
1.054907204666666765e+00,-1.736755967055101518e-02
1.055107204666666298e+00,-1.737903895192485088e-02
1.055307204666666721e+00,-1.739040686358077348e-02
1.055507204666666699e+00,-1.740166322294108003e-02
1.055707204666666676e+00,-1.741280784642262186e-02
1.055907204666666654e+00,-1.742384054941623073e-02
1.056107204666666632e+00,-1.743476114626705750e-02
1.056307204666666832e+00,-1.744556945025572264e-02
1.056507204666666810e+00,-1.745626527358023344e-02
1.056707204666666788e+00,-1.746684842733865761e-02
1.056907204666666766e+00,-1.747731872151282728e-02
1.057107204666666966e+00,-1.748767596495265017e-02
1.057307204666666500e+00,-1.749791996536135402e-02
1.057507204666666922e+00,-1.750805052928175454e-02
1.057707204666666900e+00,-1.751806746208304372e-02
1.057907204666666878e+00,-1.752797056794884456e-02
1.058107204666666634e+00,-1.753775964986580699e-02
1.058307204666666612e+00,-1.754743450961348747e-02
1.058507204666666812e+00,-1.755699494775474212e-02
1.058707204666666568e+00,-1.756644076362725432e-02
1.058907204666666768e+00,-1.757577175533606151e-02
1.059107204666666302e+00,-1.758498771974684877e-02
1.059307204666666724e+00,-1.759408845248030401e-02
1.059507204666666702e+00,-1.760307374790733709e-02
1.059707204666666680e+00,-1.761194339914542648e-02
1.059907204666666658e+00,-1.762069719805577084e-02
1.060107204666666636e+00,-1.762933493524157513e-02
1.060307204666666392e+00,-1.763785640004712080e-02
1.060507204666666592e+00,-1.764626138055822024e-02
1.060707204666666792e+00,-1.765454966360319872e-02
1.060907204666666770e+00,-1.766272103475526045e-02
1.061107204666666748e+00,-1.767077527833581241e-02
1.061307204666666504e+00,-1.767871217741869699e-02
1.061507204666666926e+00,-1.768653151383561828e-02
1.061707204666666460e+00,-1.769423306818249109e-02
1.061907204666666438e+00,-1.770181661982703908e-02
1.062107204666666638e+00,-1.770928194691725327e-02
1.062307204666666838e+00,-1.771662882639101627e-02
1.062507204666666816e+00,-1.772385703398686105e-02
1.062707204666666794e+00,-1.773096634425579826e-02
1.062907204666666328e+00,-1.773795653057413241e-02
1.063107204666666750e+00,-1.774482736515755471e-02
1.063307204666666284e+00,-1.775157861907621787e-02
1.063507204666666706e+00,-1.775821006227100776e-02
1.063707204666666684e+00,-1.776472146357083171e-02
1.063907204666666662e+00,-1.777111259071123550e-02
1.064107204666666640e+00,-1.777738321035392949e-02
1.064307204666666395e+00,-1.778353308810763297e-02
1.064507204666666818e+00,-1.778956198854995605e-02
1.064707204666666573e+00,-1.779546967525046097e-02
1.064907204666666551e+00,-1.780125591079498304e-02
1.065107204666666529e+00,-1.780692045681091934e-02
1.065307204666666951e+00,-1.781246307399389842e-02
1.065507204666666929e+00,-1.781788352213543869e-02
1.065707204666666907e+00,-1.782318156015192182e-02
1.065907204666666441e+00,-1.782835694611469360e-02
1.066107204666666863e+00,-1.783340943728137923e-02
1.066307204666666397e+00,-1.783833879012822893e-02
1.066507204666666375e+00,-1.784314476038402486e-02
1.066707204666666575e+00,-1.784782710306471315e-02
1.066907204666666775e+00,-1.785238557250968389e-02
1.067107204666666753e+00,-1.785681992241890115e-02
1.067307204666666287e+00,-1.786112990589146937e-02
1.067507204666666709e+00,-1.786531527546535159e-02
1.067707204666666687e+00,-1.786937578315819786e-02
1.067907204666666443e+00,-1.787331118050954418e-02
1.068107204666666421e+00,-1.787712121862412851e-02
1.068307204666666843e+00,-1.788080564821646623e-02
1.068507204666666821e+00,-1.788436421965659828e-02
1.068707204666666799e+00,-1.788779668301718195e-02
1.068907204666666777e+00,-1.789110278812163640e-02
1.069107204666666755e+00,-1.789428228459365514e-02
1.069307204666666511e+00,-1.789733492190782177e-02
1.069507204666666489e+00,-1.790026044944163092e-02
1.069707204666666911e+00,-1.790305861652852215e-02
1.069907204666666889e+00,-1.790572917251229829e-02
1.070107204666666867e+00,-1.790827186680268857e-02
1.070307204666666623e+00,-1.791068644893222678e-02
1.070507204666666601e+00,-1.791297266861417020e-02
1.070707204666666801e+00,-1.791513027580192777e-02
1.070907204666666335e+00,-1.791715902074940414e-02
1.071107204666666757e+00,-1.791905865407288773e-02
1.071307204666666735e+00,-1.792082892681380601e-02
1.071507204666666713e+00,-1.792246959050306648e-02
1.071707204666666691e+00,-1.792398039722630648e-02
1.071907204666666669e+00,-1.792536109969052743e-02
1.072107204666666647e+00,-1.792661145129196762e-02
1.072307204666666625e+00,-1.792773120618505051e-02
1.072507204666666381e+00,-1.792872011935268961e-02
1.072707204666666581e+00,-1.792957794667763421e-02
1.072907204666666781e+00,-1.793030444501523407e-02
1.073107204666666536e+00,-1.793089937226720332e-02
1.073307204666666959e+00,-1.793136248745666114e-02
1.073507204666666492e+00,-1.793169355080439370e-02
1.073707204666666915e+00,-1.793189232380632686e-02
1.073907204666666448e+00,-1.793195856931194612e-02
1.074107204666666426e+00,-1.793189205160429511e-02
1.074307204666666626e+00,-1.793169253648080330e-02
1.074507204666666826e+00,-1.793135979133542862e-02
1.074707204666666804e+00,-1.793089358524201787e-02
1.074907204666666782e+00,-1.793029368903863857e-02
1.075107204666666316e+00,-1.792955987541319796e-02
1.075307204666666738e+00,-1.792869191899027631e-02
1.075507204666666272e+00,-1.792768959641895254e-02
1.075707204666666694e+00,-1.792655268646173305e-02
1.075907204666666672e+00,-1.792528097008484755e-02
1.076107204666666650e+00,-1.792387423054932899e-02
1.076307204666666850e+00,-1.792233225350356104e-02
1.076507204666666384e+00,-1.792065482707657503e-02
1.076707204666666806e+00,-1.791884174197275192e-02
1.076907204666666562e+00,-1.791689279156739173e-02
1.077107204666666540e+00,-1.791480777200350066e-02
1.077307204666666962e+00,-1.791258648228945954e-02
1.077507204666666940e+00,-1.791022872439811814e-02
1.077707204666666918e+00,-1.790773430336647237e-02
1.077907204666666896e+00,-1.790510302739679524e-02
1.078107204666666430e+00,-1.790233470795841303e-02
1.078307204666666852e+00,-1.789942915989097688e-02
1.078507204666666386e+00,-1.789638620150830334e-02
1.078707204666666364e+00,-1.789320565470344654e-02
1.078907204666666786e+00,-1.788988734505475575e-02
1.079107204666666764e+00,-1.788643110193281760e-02
1.079307204666666742e+00,-1.788283675860839750e-02
1.079507204666666276e+00,-1.787910415236148090e-02
1.079707204666666698e+00,-1.787523312459100497e-02
1.079907204666666676e+00,-1.787122352092578720e-02
1.080107204666666432e+00,-1.786707519133618610e-02
1.080307204666666410e+00,-1.786278799024670211e-02
1.080507204666666832e+00,-1.785836177664960195e-02
1.080707204666666810e+00,-1.785379641421929592e-02
1.080907204666666788e+00,-1.784909177142762760e-02
1.081107204666666766e+00,-1.784424772165999623e-02
1.081307204666666966e+00,-1.783926414333242630e-02
1.081507204666666500e+00,-1.783414092000931012e-02
1.081707204666666478e+00,-1.782887794052204211e-02
1.081907204666666900e+00,-1.782347509908854821e-02
1.082107204666666878e+00,-1.781793229543345708e-02
1.082307204666666856e+00,-1.781224943490913870e-02
1.082507204666666611e+00,-1.780642642861729463e-02
1.082707204666666589e+00,-1.780046319353173478e-02
1.082907204666666789e+00,-1.779435965262136932e-02
1.083107204666666323e+00,-1.778811573497435933e-02
1.083307204666666745e+00,-1.778173137592244102e-02
1.083507204666666723e+00,-1.777520651716654743e-02
1.083707204666666701e+00,-1.776854110690263833e-02
1.083907204666666679e+00,-1.776173509994827260e-02
1.084107204666666435e+00,-1.775478845786996468e-02
1.084307204666666635e+00,-1.774770114911094349e-02
1.084507204666666613e+00,-1.774047314911963297e-02
1.084707204666666369e+00,-1.773310444047870860e-02
1.084907204666666569e+00,-1.772559501303464999e-02
1.085107204666666769e+00,-1.771794486402782087e-02
1.085307204666666747e+00,-1.771015399822315622e-02
1.085507204666666947e+00,-1.770222242804135593e-02
1.085707204666666481e+00,-1.769415017369040805e-02
1.085907204666666903e+00,-1.768593726329770535e-02
1.086107204666666437e+00,-1.767758373304265801e-02
1.086307204666666415e+00,-1.766908962728956645e-02
1.086507204666666615e+00,-1.766045499872107710e-02
1.086707204666666815e+00,-1.765167990847182899e-02
1.086907204666666793e+00,-1.764276442626271091e-02
1.087107204666666771e+00,-1.763370863053521920e-02
1.087307204666666305e+00,-1.762451260858633600e-02
1.087507204666666727e+00,-1.761517645670351850e-02
1.087707204666666261e+00,-1.760570028030022244e-02
1.087907204666666683e+00,-1.759608419405139790e-02
1.088107204666666661e+00,-1.758632832202962348e-02
1.088307204666666639e+00,-1.757643279784090046e-02
1.088507204666666839e+00,-1.756639776476117548e-02
1.088707204666666817e+00,-1.755622337587273152e-02
1.088907204666666795e+00,-1.754590979420087710e-02
1.089107204666666551e+00,-1.753545719285073273e-02
1.089307204666666529e+00,-1.752486575514396183e-02
1.089507204666666951e+00,-1.751413567475595262e-02
1.089707204666666929e+00,-1.750326715585269477e-02
1.089907204666666907e+00,-1.749226041322791969e-02
1.090107204666666885e+00,-1.748111567244015757e-02
1.090307204666666641e+00,-1.746983316994988461e-02
1.090507204666666841e+00,-1.745841315325640658e-02
1.090707204666666374e+00,-1.744685588103515178e-02
1.090907204666666352e+00,-1.743516162327431174e-02
1.091107204666666775e+00,-1.742333066141171782e-02
1.091307204666666753e+00,-1.741136328847184278e-02
1.091507204666666730e+00,-1.739925980920191406e-02
1.091707204666666264e+00,-1.738702054020862392e-02
1.091907204666666686e+00,-1.737464581009398254e-02
1.092107204666666664e+00,-1.736213595959172282e-02
1.092307204666666420e+00,-1.734949134170263307e-02
1.092507204666666398e+00,-1.733671232183006672e-02
1.092707204666666820e+00,-1.732379927791519864e-02
1.092907204666666798e+00,-1.731075260057180626e-02
1.093107204666666776e+00,-1.729757269322065860e-02
1.093307204666666532e+00,-1.728425997222362426e-02
1.093507204666666954e+00,-1.727081486701732491e-02
1.093707204666666488e+00,-1.725723782024665004e-02
1.093907204666666466e+00,-1.724352928789710249e-02
1.094107204666666888e+00,-1.722968973942753598e-02
1.094307204666666866e+00,-1.721571965790189701e-02
1.094507204666666844e+00,-1.720161954012031091e-02
1.094707204666666600e+00,-1.718738989675010209e-02
1.094907204666666578e+00,-1.717303125245564152e-02
1.095107204666666778e+00,-1.715854414602819428e-02
1.095307204666666312e+00,-1.714392913051464296e-02
1.095507204666666734e+00,-1.712918677334563863e-02
1.095707204666666712e+00,-1.711431765646349856e-02
1.095907204666666690e+00,-1.709932237644860853e-02
1.096107204666666668e+00,-1.708420154464577317e-02
1.096307204666666424e+00,-1.706895578728940405e-02
1.096507204666666846e+00,-1.705358574562804153e-02
1.096707204666666602e+00,-1.703809207604820714e-02
1.096907204666666358e+00,-1.702247545019688196e-02
1.097107204666666558e+00,-1.700673655510368670e-02
1.097307204666666758e+00,-1.699087609330195842e-02
1.097507204666666958e+00,-1.697489478294865461e-02
1.097707204666666936e+00,-1.695879335794356346e-02
1.097907204666666470e+00,-1.694257256804757028e-02
1.098107204666666892e+00,-1.692623317899934893e-02
1.098307204666666426e+00,-1.690977597263206011e-02
1.098507204666666848e+00,-1.689320174698765581e-02
1.098707204666666604e+00,-1.687651131643137792e-02
1.098907204666666804e+00,-1.685970551176393939e-02
1.099107204666666782e+00,-1.684278518033358735e-02
1.099307204666666760e+00,-1.682575118614617476e-02
1.099507204666666516e+00,-1.680860440997446192e-02
1.099707204666666716e+00,-1.679134574946602315e-02
1.099907204666666471e+00,-1.677397611925002252e-02
1.100107204666666671e+00,-1.675649645104224789e-02
1.100307204666666649e+00,-1.673890769374960716e-02
1.100507204666666627e+00,-1.672121081357243189e-02
1.100707204666666605e+00,-1.670340679410583368e-02
1.100907204666666583e+00,-1.668549663643970060e-02
1.101107204666667005e+00,-1.666748135925701785e-02
1.101307204666666539e+00,-1.664936199893098101e-02
1.101507204666666517e+00,-1.663113960962012139e-02
1.101707204666666717e+00,-1.661281526336258474e-02
1.101907204666666695e+00,-1.659439005016846713e-02
1.102107204666666673e+00,-1.657586507811040916e-02
1.102307204666666651e+00,-1.655724147341301744e-02
1.102507204666666629e+00,-1.653852038054031900e-02
1.102707204666666829e+00,-1.651970296228164048e-02
1.102907204666666363e+00,-1.650079039983591567e-02
1.103107204666666341e+00,-1.648178389289396695e-02
1.103307204666666763e+00,-1.646268465971938849e-02
1.103507204666666741e+00,-1.644349393722765312e-02
1.103707204666666719e+00,-1.642421298106284955e-02
1.103907204666666697e+00,-1.640484306567336487e-02
1.104107204666666675e+00,-1.638538548438523562e-02
1.104307204666666653e+00,-1.636584154947368086e-02
1.104507204666666409e+00,-1.634621259223289352e-02
1.104707204666666609e+00,-1.632649996304362874e-02
1.104907204666666809e+00,-1.630670503143907824e-02
1.105107204666666565e+00,-1.628682918616870118e-02
1.105307204666666765e+00,-1.626687383525969588e-02
1.105507204666666521e+00,-1.624684040607714264e-02
1.105707204666666943e+00,-1.622673034538114206e-02
1.105907204666666477e+00,-1.620654511938297154e-02
1.106107204666666455e+00,-1.618628621379774452e-02
1.106307204666666655e+00,-1.616595513389631339e-02
1.106507204666666855e+00,-1.614555340455413324e-02
1.106707204666666833e+00,-1.612508257029809933e-02
1.106907204666666589e+00,-1.610454419535119891e-02
1.107107204666666789e+00,-1.608393986367491479e-02
1.107307204666666767e+00,-1.606327117900951257e-02
1.107507204666666523e+00,-1.604253976491166328e-02
1.107707204666666723e+00,-1.602174726478991854e-02
1.107907204666666701e+00,-1.600089534193807270e-02
1.108107204666666679e+00,-1.597998567956567320e-02
1.108307204666666657e+00,-1.595901998082650819e-02
1.108507204666666635e+00,-1.593799996884443654e-02
1.108707204666666835e+00,-1.591692738673699398e-02
1.108907204666666590e+00,-1.589580399763628957e-02
1.109107204666666568e+00,-1.587463158470741112e-02
1.109307204666666546e+00,-1.585341195116461016e-02
1.109507204666666746e+00,-1.583214692028454135e-02
1.109707204666666724e+00,-1.581083833541727796e-02
1.109907204666666702e+00,-1.578948805999439570e-02
1.110107204666666458e+00,-1.576809797753476322e-02
1.110307204666666880e+00,-1.574666999164738013e-02
1.110507204666666414e+00,-1.572520602603205697e-02
1.110707204666666836e+00,-1.570370802447650788e-02
1.110907204666666592e+00,-1.568217795085204494e-02
1.111107204666666792e+00,-1.566061778910507463e-02
1.111307204666666770e+00,-1.563902954324714739e-02
1.111507204666666748e+00,-1.561741523734135918e-02
1.111707204666666726e+00,-1.559577691548637464e-02
1.111907204666666704e+00,-1.557411664179756024e-02
1.112107204666666682e+00,-1.555243650038521351e-02
1.112307204666666660e+00,-1.553073859533009478e-02
1.112507204666666638e+00,-1.550902505065590575e-02
1.112707204666666616e+00,-1.548729801029898392e-02
1.112907204666666594e+00,-1.546555963807510169e-02
1.113107204666666572e+00,-1.544381211764331470e-02
1.113307204666666994e+00,-1.542205765246673806e-02
1.113507204666666528e+00,-1.540029846577085394e-02
1.113707204666666506e+00,-1.537853680049779646e-02
1.113907204666666706e+00,-1.535677491925895380e-02
1.114107204666666684e+00,-1.533501510428363253e-02
1.114307204666666662e+00,-1.531325965736485793e-02
1.114507204666666640e+00,-1.529151089980241435e-02
1.114707204666666618e+00,-1.526977117234249413e-02
1.114907204666666818e+00,-1.524804283511443752e-02
1.115107204666666574e+00,-1.522632826756444881e-02
1.115307204666666774e+00,-1.520462986838579458e-02
1.115507204666666752e+00,-1.518295005544647788e-02
1.115707204666666730e+00,-1.516129126571326077e-02
1.115907204666666708e+00,-1.513965595517272229e-02
1.116107204666666686e+00,-1.511804659874922858e-02
1.116307204666666886e+00,-1.509646569021953939e-02
1.116507204666666642e+00,-1.507491574212440309e-02
1.116707204666666620e+00,-1.505339928567669093e-02
1.116907204666666598e+00,-1.503191887066654582e-02
1.117107204666666576e+00,-1.501047706536323516e-02
1.117307204666666554e+00,-1.498907645641365562e-02
1.117507204666666532e+00,-1.496771964873765300e-02
1.117707204666666732e+00,-1.494640926542005477e-02
1.117907204666666932e+00,-1.492514794759949859e-02
1.118107204666666465e+00,-1.490393835435387462e-02
1.118307204666666443e+00,-1.488278316258228456e-02
1.118507204666666643e+00,-1.486168506688419905e-02
1.118707204666666843e+00,-1.484064677943482298e-02
1.118907204666666821e+00,-1.481967102985737132e-02
1.119107204666666577e+00,-1.479876056509184766e-02
1.119307204666666777e+00,-1.477791814926052334e-02
1.119507204666666755e+00,-1.475714656353033227e-02
1.119707204666666511e+00,-1.473644860597143197e-02
1.119907204666666711e+00,-1.471582709141273058e-02
1.120107204666666689e+00,-1.469528485129404510e-02
1.120307204666666667e+00,-1.467482473351467732e-02
1.120507204666666645e+00,-1.465444960227873378e-02
1.120707204666666623e+00,-1.463416233793710976e-02
1.120907204666666823e+00,-1.461396583682592065e-02
1.121107204666666579e+00,-1.459386301110183852e-02
1.121307204666666557e+00,-1.457385678857349431e-02
1.121507204666666535e+00,-1.455395011253015312e-02
1.121707204666666735e+00,-1.453414594156637700e-02
1.121907204666666713e+00,-1.451444724940376824e-02
1.122107204666666691e+00,-1.449485702470889453e-02
1.122307204666666669e+00,-1.447537827090807604e-02
1.122507204666666869e+00,-1.445601400599868212e-02
1.122707204666666403e+00,-1.443676726235707149e-02
1.122907204666666825e+00,-1.441764108654280258e-02
1.123107204666666581e+00,-1.439863853910014306e-02
1.123307204666666781e+00,-1.437976269435528066e-02
1.123507204666666759e+00,-1.436101664021088332e-02
1.123707204666666737e+00,-1.434240347793677706e-02
1.123907204666666715e+00,-1.432392632195747355e-02
1.124107204666666693e+00,-1.430558829963617454e-02
1.124307204666666671e+00,-1.428739255105545419e-02
1.124507204666666649e+00,-1.426934222879448592e-02
1.124707204666666627e+00,-1.425144049770298536e-02
1.124907204666666605e+00,-1.423369053467164226e-02
1.125107204666666583e+00,-1.421609552839928590e-02
1.125307204666666561e+00,-1.419865867915664874e-02
1.125507204666666983e+00,-1.418138319854665361e-02
1.125707204666666517e+00,-1.416427230926175715e-02
1.125907204666666495e+00,-1.414732924483716806e-02
1.126107204666666695e+00,-1.413055724940162454e-02
1.126307204666666673e+00,-1.411395957742428604e-02
1.126507204666666873e+00,-1.409753949345836019e-02
1.126707204666666629e+00,-1.408130027188161243e-02
1.126907204666666606e+00,-1.406524519663340453e-02
1.127107204666666807e+00,-1.404937756094849430e-02
1.127307204666666562e+00,-1.403370066708770590e-02
1.127507204666666762e+00,-1.401821782606494510e-02
1.127707204666666740e+00,-1.400293235737147361e-02
1.127907204666666718e+00,-1.398784758869652846e-02
1.128107204666666696e+00,-1.397296685564492456e-02
1.128307204666666674e+00,-1.395829350145139959e-02
1.128507204666666874e+00,-1.394383087669168880e-02
1.128707204666666630e+00,-1.392958233899063009e-02
1.128907204666666608e+00,-1.391555125272673880e-02
1.129107204666666586e+00,-1.390174098873404179e-02
1.129307204666666564e+00,-1.388815492400049048e-02
1.129507204666666542e+00,-1.387479644136336773e-02
1.129707204666666520e+00,-1.386166892920156352e-02
1.129907204666666720e+00,-1.384877578112480440e-02
1.130107204666666920e+00,-1.383612039565982992e-02
1.130307204666666454e+00,-1.382370617593345861e-02
1.130507204666666432e+00,-1.381153652935259400e-02
1.130707204666666632e+00,-1.379961486728146711e-02
1.130907204666666832e+00,-1.378794460471569755e-02
1.131107204666666810e+00,-1.377652915995332926e-02
1.131307204666666566e+00,-1.376537195426316522e-02
1.131507204666666766e+00,-1.375447641154992073e-02
1.131707204666666744e+00,-1.374384595801681451e-02
1.131907204666666500e+00,-1.373348402182494009e-02
1.132107204666666700e+00,-1.372339403274998142e-02
1.132307204666666678e+00,-1.371357942183619796e-02
1.132507204666666656e+00,-1.370404362104734632e-02
1.132707204666666634e+00,-1.369479006291514193e-02
1.132907204666666612e+00,-1.368582218018470249e-02
1.133107204666666812e+00,-1.367714340545750362e-02
1.133307204666666568e+00,-1.366875717083155910e-02
1.133507204666666546e+00,-1.366066690753882200e-02
1.133707204666666524e+00,-1.365287604558018154e-02
1.133907204666666724e+00,-1.364538801335776590e-02
1.134107204666666702e+00,-1.363820623730460473e-02
1.134307204666666680e+00,-1.363133414151179897e-02
1.134507204666666658e+00,-1.362477514735325329e-02
1.134707204666666858e+00,-1.361853267310780650e-02
1.134907204666666614e+00,-1.361261013357908077e-02
1.135107204666666814e+00,-1.360701093971267150e-02
1.135307204666666570e+00,-1.360173849821123826e-02
1.135507204666666770e+00,-1.359679621114704036e-02
1.135707204666666748e+00,-1.359218747557223127e-02
1.135907204666666726e+00,-1.358791568312695854e-02
1.136107204666666703e+00,-1.358398421964501605e-02
1.136307204666666681e+00,-1.358039646475749443e-02
1.136507204666666659e+00,-1.357715579149418317e-02
1.136707204666666637e+00,-1.357426556588276802e-02
1.136907204666666615e+00,-1.357172914654603858e-02
1.137107204666666593e+00,-1.356954988429705938e-02
1.137307204666666571e+00,-1.356773112173206147e-02
1.137507204666666549e+00,-1.356627619282173638e-02
1.137707204666666971e+00,-1.356518842250032698e-02
1.137907204666666505e+00,-1.356447112625281011e-02
1.138107204666666483e+00,-1.356412760970033757e-02
1.138307204666666683e+00,-1.356416116818384178e-02
1.138507204666666883e+00,-1.356457508634578181e-02
1.138707204666666861e+00,-1.356537263771010089e-02
1.138907204666666617e+00,-1.356655708426065914e-02
1.139107204666666595e+00,-1.356813167601796100e-02
1.139307204666666795e+00,-1.357009965061411159e-02
1.139507204666666551e+00,-1.357246423286634189e-02
1.139707204666666751e+00,-1.357522863434911312e-02
1.139907204666666729e+00,-1.357839605296443097e-02
1.140107204666666707e+00,-1.358196967251103400e-02
1.140307204666666685e+00,-1.358595266225205538e-02
1.140507204666666663e+00,-1.359034817648127093e-02
1.140707204666666863e+00,-1.359515935408823692e-02
1.140907204666666619e+00,-1.360038931812199495e-02
1.141107204666666597e+00,-1.360604117535371173e-02
1.141307204666666575e+00,-1.361211801583801263e-02
1.141507204666666775e+00,-1.361862291247344266e-02
1.141707204666666531e+00,-1.362555892056150145e-02
1.141907204666666509e+00,-1.363292907736522036e-02
1.142107204666666709e+00,-1.364073640166613664e-02
1.142307204666666909e+00,-1.364898389332081831e-02
1.142507204666666443e+00,-1.365767453281636207e-02
1.142707204666666421e+00,-1.366681128082521991e-02
1.142907204666666621e+00,-1.367639707775895712e-02
1.143107204666666821e+00,-1.368643484332164768e-02
1.143307204666666799e+00,-1.369692747606241108e-02
1.143507204666666555e+00,-1.370787785292748931e-02
1.143707204666666755e+00,-1.371928882881161618e-02
1.143907204666666733e+00,-1.373116323610903446e-02
1.144107204666666489e+00,-1.374350388426397347e-02
1.144307204666666689e+00,-1.375631355932087872e-02
1.144507204666666667e+00,-1.376959502347403948e-02
1.144707204666666644e+00,-1.378335101461730834e-02
1.144907204666666622e+00,-1.379758424589327438e-02
1.145107204666666600e+00,-1.381229740524253340e-02
1.145307204666666800e+00,-1.382749315495255572e-02
1.145507204666666556e+00,-1.384317413120676570e-02
1.145707204666666534e+00,-1.385934294363355170e-02
1.145907204666666734e+00,-1.387600217485526581e-02
1.146107204666666712e+00,-1.389315438003732757e-02
1.146307204666666690e+00,-1.391080208643761910e-02
1.146507204666666668e+00,-1.392894779295615441e-02
1.146707204666666646e+00,-1.394759396968475555e-02
1.146907204666666846e+00,-1.396674305745737761e-02
1.147107204666666602e+00,-1.398639746740062799e-02
1.147307204666666802e+00,-1.400655958048510445e-02
1.147507204666666558e+00,-1.402723174707666727e-02
1.147707204666666758e+00,-1.404841628648902281e-02
1.147907204666666736e+00,-1.407011548653620304e-02
1.148107204666666714e+00,-1.409233160308638773e-02
1.148307204666666692e+00,-1.411506685961620537e-02
1.148507204666666670e+00,-1.413832344676583218e-02
1.148707204666666648e+00,-1.416210352189511794e-02
1.148907204666666626e+00,-1.418640920864049949e-02
1.149107204666666604e+00,-1.421124259647315972e-02
1.149307204666666582e+00,-1.423660574025805044e-02
1.149507204666666560e+00,-1.426250065981416078e-02
1.149707204666666538e+00,-1.428892933947593057e-02
1.149907204666666960e+00,-1.431589372765608610e-02
1.150107204666666494e+00,-1.434339573640933639e-02
1.150307204666666472e+00,-1.437143724099840432e-02
1.150507204666666672e+00,-1.440002007946033884e-02
1.150707204666666872e+00,-1.442914605217514822e-02
1.150907204666666850e+00,-1.445881692143575516e-02
1.151107204666666606e+00,-1.448903441101962418e-02
1.151307204666666584e+00,-1.451980020576224516e-02
1.151507204666666784e+00,-1.455111595113192484e-02
1.151707204666666540e+00,-1.458298325280685433e-02
1.151907204666666740e+00,-1.461540367625425475e-02
1.152107204666666718e+00,-1.464837874631065052e-02
1.152307204666666696e+00,-1.468190994676511936e-02
1.152507204666666674e+00,-1.471599871994408622e-02
1.152707204666666652e+00,-1.475064646629841054e-02
1.152907204666666852e+00,-1.478585454399277375e-02
1.153107204666666608e+00,-1.482162426849706165e-02
1.153307204666666586e+00,-1.485795691218074442e-02
1.153507204666666563e+00,-1.489485370390894979e-02
1.153707204666666764e+00,-1.493231582864134287e-02
1.153907204666666741e+00,-1.497034442703362202e-02
1.154107204666666497e+00,-1.500894059504160293e-02
1.154307204666666697e+00,-1.504810538352800535e-02
1.154507204666666897e+00,-1.508783979787163033e-02
1.154707204666666431e+00,-1.512814479757975013e-02
1.154907204666666409e+00,-1.516902129590378019e-02
1.155107204666666609e+00,-1.521047015945662002e-02
1.155307204666666809e+00,-1.525249220783418853e-02
1.155507204666666787e+00,-1.529508821323948171e-02
1.155707204666666543e+00,-1.533825890011007893e-02
1.155907204666666743e+00,-1.538200494474869541e-02
1.156107204666666721e+00,-1.542632697495662127e-02
1.156307204666666477e+00,-1.547122556967131003e-02
1.156507204666666677e+00,-1.551670125860689538e-02
1.156707204666666655e+00,-1.556275452189785115e-02
1.156907204666666633e+00,-1.560938578974696740e-02
1.157107204666666611e+00,-1.565659544207629456e-02
1.157307204666666589e+00,-1.570438380818210689e-02
1.157507204666666789e+00,-1.575275116639339446e-02
1.157707204666666545e+00,-1.580169774373399449e-02
1.157907204666666523e+00,-1.585122371558938398e-02
1.158107204666666501e+00,-1.590132920537629113e-02
1.158307204666666701e+00,-1.595201428421696987e-02
1.158507204666666679e+00,-1.600327897061740862e-02
1.158707204666666657e+00,-1.605512323014971626e-02
1.158907204666666635e+00,-1.610754697513850503e-02
1.159107204666666835e+00,-1.616055006435176966e-02
1.159307204666666591e+00,-1.621413230269545119e-02
1.159507204666666347e+00,-1.626829344091364205e-02
1.159707204666666547e+00,-1.632303317529196218e-02
1.159907204666666747e+00,-1.637835114736573700e-02
1.160107204666666725e+00,-1.643424694363328220e-02
1.160307204666666703e+00,-1.649072009527338678e-02
1.160507204666666681e+00,-1.654777007786747967e-02
1.160707204666666659e+00,-1.660539631112666753e-02
1.160907204666666637e+00,-1.666359815862345634e-02
1.161107204666666615e+00,-1.672237492752855215e-02
1.161307204666666593e+00,-1.678172586835244284e-02
1.161507204666666571e+00,-1.684165017469199666e-02
1.161707204666666771e+00,-1.690214698298222323e-02
1.161907204666666749e+00,-1.696321537225285031e-02
1.162107204666666727e+00,-1.702485436389064577e-02
1.162307204666666482e+00,-1.708706292140637489e-02
1.162507204666666460e+00,-1.714983995020765567e-02
1.162707204666666438e+00,-1.721318429737644928e-02
1.162907204666666861e+00,-1.727709475145271928e-02
1.163107204666666838e+00,-1.734157004222273979e-02
1.163307204666666594e+00,-1.740660884051403734e-02
1.163507204666666572e+00,-1.747220975799521764e-02
1.163707204666666772e+00,-1.753837134698114919e-02
1.163907204666666528e+00,-1.760509210024435722e-02
1.164107204666666728e+00,-1.767237045083270425e-02
1.164307204666666706e+00,-1.774020477189132416e-02
1.164507204666666684e+00,-1.780859337649214752e-02
1.164707204666666884e+00,-1.787753451746833949e-02
1.164907204666666640e+00,-1.794702638725474697e-02
1.165107204666666618e+00,-1.801706711773535391e-02
1.165307204666666596e+00,-1.808765478009533023e-02
1.165507204666666574e+00,-1.815878738468054698e-02
1.165707204666666552e+00,-1.823046288086260097e-02
1.165907204666666752e+00,-1.830267915691045216e-02
1.166107204666666730e+00,-1.837543403986780649e-02
1.166307204666666708e+00,-1.844872529543786083e-02
1.166507204666666686e+00,-1.852255062787347417e-02
1.166707204666666886e+00,-1.859690767987443732e-02
1.166907204666666420e+00,-1.867179403249051572e-02
1.167107204666666398e+00,-1.874720720503274263e-02
1.167307204666666376e+00,-1.882314465498882705e-02
1.167507204666666798e+00,-1.889960377794759616e-02
1.167707204666666776e+00,-1.897658190752812141e-02
1.167907204666666754e+00,-1.905407631531777501e-02
1.168107204666666732e+00,-1.913208421081522004e-02
1.168307204666666710e+00,-1.921060274138111645e-02
1.168507204666666688e+00,-1.928962899219566207e-02
1.168707204666666666e+00,-1.936915998622292662e-02
1.168907204666666644e+00,-1.944919268418234676e-02
1.169107204666666622e+00,-1.952972398452714614e-02
1.169307204666666822e+00,-1.961075072342993025e-02
1.169507204666666578e+00,-1.969226967477492179e-02
1.169707204666666778e+00,-1.977427755015875865e-02
1.169907204666666534e+00,-1.985677099889617686e-02
1.170107204666666512e+00,-1.993974660803565085e-02
1.170307204666666490e+00,-2.002320090237987710e-02
1.170507204666666690e+00,-2.010713034451534764e-02
1.170707204666666668e+00,-2.019153133484804380e-02
1.170907204666666646e+00,-2.027640021164764383e-02
1.171107204666666624e+00,-2.036173325109832261e-02
1.171307204666666824e+00,-2.044752666735744767e-02
1.171507204666666579e+00,-2.053377661262123510e-02
1.171707204666666780e+00,-2.062047917719943280e-02
1.171907204666666535e+00,-2.070763038959508306e-02
1.172107204666666735e+00,-2.079522621659490172e-02
1.172307204666666713e+00,-2.088326256336435482e-02
1.172507204666666691e+00,-2.097173527355286615e-02
1.172707204666666669e+00,-2.106064012940522118e-02
1.172907204666666647e+00,-2.114997285188126991e-02
1.173107204666666625e+00,-2.123972910078335274e-02
1.173307204666666603e+00,-2.132990447489149788e-02
1.173507204666666581e+00,-2.142049451210645966e-02
1.173707204666666559e+00,-2.151149468960056321e-02
1.173907204666666759e+00,-2.160290042397663285e-02
1.174107204666666737e+00,-2.169470707143425492e-02
1.174307204666666715e+00,-2.178690992794499182e-02
1.174507204666666471e+00,-2.187950422943443080e-02
1.174707204666666449e+00,-2.197248515197330887e-02
1.174907204666666427e+00,-2.206584781197543782e-02
1.175107204666666849e+00,-2.215958726640482324e-02
1.175307204666666827e+00,-2.225369851298952817e-02
1.175507204666666805e+00,-2.234817649044546634e-02
1.175707204666666561e+00,-2.244301607870632237e-02
1.175907204666666761e+00,-2.253821209916317958e-02
1.176107204666666517e+00,-2.263375931491026782e-02
1.176307204666666717e+00,-2.272965243100179972e-02
1.176507204666666695e+00,-2.282588609471364327e-02
1.176707204666666673e+00,-2.292245489581584694e-02
1.176907204666666873e+00,-2.301935336685199257e-02
1.177107204666666629e+00,-2.311657598342642395e-02
1.177307204666666607e+00,-2.321411716450148127e-02
1.177507204666666585e+00,-2.331197127270057817e-02
1.177707204666666563e+00,-2.341013261462119438e-02
1.177907204666666541e+00,-2.350859544115545957e-02
1.178107204666666741e+00,-2.360735394781922347e-02
1.178307204666666719e+00,-2.370640227508866854e-02
1.178507204666666697e+00,-2.380573450874655383e-02
1.178707204666666675e+00,-2.390534468023522430e-02
1.178907204666666875e+00,-2.400522676701891123e-02
1.179107204666666409e+00,-2.410537469295322838e-02
1.179307204666666387e+00,-2.420578232866511803e-02
1.179507204666666365e+00,-2.430644349193783471e-02
1.179707204666666787e+00,-2.440735194810706582e-02
1.179907204666666765e+00,-2.450850141046313074e-02
1.180107204666666743e+00,-2.460988554066377565e-02
1.180307204666666721e+00,-2.471149794915300513e-02
1.180507204666666699e+00,-2.481333219558928826e-02
1.180707204666666676e+00,-2.491538178928186936e-02
1.180907204666666654e+00,-2.501764018963518327e-02
1.181107204666666632e+00,-2.512010080660156963e-02
1.181307204666666610e+00,-2.522275700114222363e-02
1.181507204666666810e+00,-2.532560208569644561e-02
1.181707204666666566e+00,-2.542862932465841941e-02
1.181907204666666766e+00,-2.553183193486399660e-02
1.182107204666666522e+00,-2.563520308608271958e-02
1.182307204666666500e+00,-2.573873590152140484e-02
1.182507204666666478e+00,-2.584242345833284715e-02
1.182707204666666678e+00,-2.594625878813480724e-02
1.182907204666666878e+00,-2.605023487753570233e-02
1.183107204666666634e+00,-2.615434466866915775e-02
1.183307204666666612e+00,-2.625858105973711415e-02
1.183507204666666812e+00,-2.636293690555947117e-02
1.183707204666666568e+00,-2.646740501813250879e-02
1.183907204666666768e+00,-2.657197816719680805e-02
1.184107204666666524e+00,-2.667664908080987635e-02
1.184307204666666724e+00,-2.678141044593062431e-02
1.184507204666666702e+00,-2.688625490900803383e-02
1.184707204666666680e+00,-2.699117507658082421e-02
1.184907204666666658e+00,-2.709616351588316208e-02
1.185107204666666636e+00,-2.720121275545880901e-02
1.185307204666666614e+00,-2.730631528578320033e-02
1.185507204666666592e+00,-2.741146355989297623e-02
1.185707204666666570e+00,-2.751664999402369388e-02
1.185907204666666548e+00,-2.762186696825491561e-02
1.186107204666666748e+00,-2.772710682716326286e-02
1.186307204666666726e+00,-2.783236188048257564e-02
1.186507204666666926e+00,-2.793762440377296763e-02
1.186707204666666460e+00,-2.804288663909526580e-02
1.186907204666666438e+00,-2.814814079569633032e-02
1.187107204666666416e+00,-2.825337905069787159e-02
1.187307204666666838e+00,-2.835859354979602953e-02
1.187507204666666816e+00,-2.846377640796608072e-02
1.187707204666666794e+00,-2.856891971017674892e-02
1.187907204666666550e+00,-2.867401551210967126e-02
1.188107204666666750e+00,-2.877905584088805147e-02
1.188307204666666506e+00,-2.888403269581009403e-02
1.188507204666666706e+00,-2.898893804909314503e-02
1.188707204666666684e+00,-2.909376384662112902e-02
1.188907204666666662e+00,-2.919850200870222762e-02
1.189107204666666862e+00,-2.930314443083192888e-02
1.189307204666666617e+00,-2.940768298446288370e-02
1.189507204666666595e+00,-2.951210951778350522e-02
1.189707204666666573e+00,-2.961641585650107850e-02
1.189907204666666551e+00,-2.972059380463336342e-02
1.190107204666666529e+00,-2.982463514530632465e-02
1.190307204666666729e+00,-2.992853164155887674e-02
1.190507204666666707e+00,-3.003227503715357599e-02
1.190707204666666685e+00,-3.013585705739510456e-02
1.190907204666666663e+00,-3.023926940995422946e-02
1.191107204666666863e+00,-3.034250378569880446e-02
1.191307204666666619e+00,-3.044555185953033011e-02
1.191507204666666375e+00,-3.054840529122872933e-02
1.191707204666666353e+00,-3.065105572630132114e-02
1.191907204666666775e+00,-3.075349479683907317e-02
1.192107204666666753e+00,-3.085571412237824579e-02
1.192307204666666731e+00,-3.095770531076984938e-02
1.192507204666666709e+00,-3.105945995905300128e-02
1.192707204666666687e+00,-3.116096965433544363e-02
1.192907204666666665e+00,-3.126222597467954306e-02
1.193107204666666643e+00,-3.136322048999412582e-02
1.193307204666666621e+00,-3.146394476293218334e-02
1.193507204666666599e+00,-3.156439034979389990e-02
1.193707204666666799e+00,-3.166454880143565465e-02
1.193907204666666555e+00,-3.176441166418372125e-02
1.194107204666666755e+00,-3.186397048075513549e-02
1.194307204666666511e+00,-3.196321679118108855e-02
1.194507204666666489e+00,-3.206214213373875105e-02
1.194707204666666467e+00,-3.216073804588553270e-02
1.194907204666666889e+00,-3.225899606520037100e-02
1.195107204666666867e+00,-3.235690773032822570e-02
1.195307204666666623e+00,-3.245446458193173428e-02
1.195507204666666601e+00,-3.255165816364603837e-02
1.195707204666666801e+00,-3.264848002303838426e-02
1.195907204666666557e+00,-3.274492171257283729e-02
1.196107204666666757e+00,-3.284097479058047803e-02
1.196307204666666735e+00,-3.293663082223163840e-02
1.196507204666666713e+00,-3.303188138051521561e-02
1.196707204666666913e+00,-3.312671804722071289e-02
1.196907204666666669e+00,-3.322113241392432581e-02
1.197107204666666647e+00,-3.331511608298080157e-02
1.197307204666666625e+00,-3.340866066851722049e-02
1.197507204666666603e+00,-3.350175779743204407e-02
1.197707204666666581e+00,-3.359439911039770188e-02
1.197907204666666781e+00,-3.368657626286683526e-02
1.198107204666666536e+00,-3.377828092608173988e-02
1.198307204666666737e+00,-3.386950478808892218e-02
1.198507204666666714e+00,-3.396023955475448858e-02
1.198707204666666915e+00,-3.405047695078564085e-02
1.198907204666666448e+00,-3.414020872075298335e-02
1.199107204666666426e+00,-3.422942663011861036e-02
1.199307204666666404e+00,-3.431812246626413099e-02
1.199507204666666826e+00,-3.440628803952431453e-02
1.199707204666666804e+00,-3.449391518422141589e-02
1.199907204666666782e+00,-3.458099575970454559e-02
1.200107204666666760e+00,-3.466752165138951847e-02
1.200307204666666738e+00,-3.475348477180225520e-02
1.200507204666666716e+00,-3.483887706162441117e-02
1.200707204666666694e+00,-3.492369049074119103e-02
1.200907204666666672e+00,-3.500791705929154340e-02
1.201107204666666650e+00,-3.509154879872024985e-02
1.201307204666666850e+00,-3.517457777283208159e-02
1.201507204666666606e+00,-3.525699607884723308e-02
1.201707204666666806e+00,-3.533879584846016247e-02
1.201907204666666562e+00,-3.541996924889737053e-02
1.202107204666666540e+00,-3.550050848397968972e-02
1.202307204666666740e+00,-3.558040579518341462e-02
1.202507204666666718e+00,-3.565965346270408287e-02
1.202707204666666696e+00,-3.573824380652129012e-02
1.202907204666666674e+00,-3.581616918746419187e-02
1.203107204666666652e+00,-3.589342200827816409e-02
1.203307204666666852e+00,-3.596999471469214393e-02
1.203507204666666608e+00,-3.604587979648662260e-02
1.203707204666666808e+00,-3.612106978856284567e-02
1.203907204666666564e+00,-3.619555727201086842e-02
1.204107204666666764e+00,-3.626933487518040067e-02
1.204307204666666742e+00,-3.634239527474897313e-02
1.204507204666666498e+00,-3.641473119679271286e-02
1.204707204666666698e+00,-3.648633541785593903e-02
1.204907204666666676e+00,-3.655720076601995383e-02
1.205107204666666654e+00,-3.662732012197311010e-02
1.205307204666666632e+00,-3.669668642007922060e-02
1.205507204666666610e+00,-3.676529264944597419e-02
1.205707204666666588e+00,-3.683313185499264425e-02
1.205907204666666788e+00,-3.690019713851683258e-02
1.206107204666666544e+00,-3.696648165976027661e-02
1.206307204666666966e+00,-3.703197863747448304e-02
1.206507204666666500e+00,-3.709668135048302395e-02
1.206707204666666700e+00,-3.716058313874603947e-02
1.206907204666666678e+00,-3.722367740441927253e-02
1.207107204666666878e+00,-3.728595761291490090e-02
1.207307204666666856e+00,-3.734741729395856663e-02
1.207507204666666611e+00,-3.740805004264583650e-02
1.207707204666666589e+00,-3.746784952049632411e-02
1.207907204666666789e+00,-3.752680945650529315e-02
1.208107204666666545e+00,-3.758492364819351200e-02
1.208307204666666745e+00,-3.764218596265533207e-02
1.208507204666666723e+00,-3.769859033760279698e-02
1.208707204666666701e+00,-3.775413078240882903e-02
1.208907204666666679e+00,-3.780880137914656436e-02
1.209107204666666657e+00,-3.786259628362630136e-02
1.209307204666666635e+00,-3.791550972642937500e-02
1.209507204666666613e+00,-3.796753601393891564e-02
1.209707204666666591e+00,-3.801866952936722860e-02
1.209907204666666569e+00,-3.806890473378014145e-02
1.210107204666666769e+00,-3.811823616711745855e-02
1.210307204666666747e+00,-3.816665844920983514e-02
1.210507204666666725e+00,-3.821416628079214034e-02
1.210707204666666703e+00,-3.826075444451257357e-02
1.210907204666666903e+00,-3.830641780593796453e-02
1.211107204666666437e+00,-3.835115131455443804e-02
1.211307204666666637e+00,-3.839495000476485925e-02
1.211507204666666615e+00,-3.843780899688024194e-02
1.211707204666666815e+00,-3.847972349810792336e-02
1.211907204666666793e+00,-3.852068880353413244e-02
1.212107204666666771e+00,-3.856070029710251951e-02
1.212307204666666749e+00,-3.859975345258674639e-02
1.212507204666666727e+00,-3.863784383455894783e-02
1.212707204666666705e+00,-3.867496709935190624e-02
1.212907204666666683e+00,-3.871111899601670930e-02
1.213107204666666661e+00,-3.874629536727443313e-02
1.213307204666666639e+00,-3.878049215046218412e-02
1.213507204666666839e+00,-3.881370537847354113e-02
1.213707204666666595e+00,-3.884593118069270407e-02
1.213907204666666795e+00,-3.887716578392322320e-02
1.214107204666666551e+00,-3.890740551330953978e-02
1.214307204666666529e+00,-3.893664679325334332e-02
1.214507204666666729e+00,-3.896488614832249731e-02
1.214707204666666707e+00,-3.899212020415386559e-02
1.214907204666666685e+00,-3.901834568834923467e-02
1.215107204666666663e+00,-3.904355943136463697e-02
1.215307204666666641e+00,-3.906775836739209695e-02
1.215507204666666841e+00,-3.909093953523499337e-02
1.215707204666666597e+00,-3.911310007917532389e-02
1.215907204666666797e+00,-3.913423724983444707e-02
1.216107204666666552e+00,-3.915434840502558106e-02
1.216307204666666753e+00,-3.917343101059899552e-02
1.216507204666666730e+00,-3.919148264127921000e-02
1.216707204666666708e+00,-3.920850098149464974e-02
1.216907204666666686e+00,-3.922448382619861396e-02
1.217107204666666664e+00,-3.923942908168273624e-02
1.217307204666666642e+00,-3.925333476638166730e-02
1.217507204666666620e+00,-3.926619901166937543e-02
1.217707204666666598e+00,-3.927802006264709961e-02
1.217907204666666576e+00,-3.928879627892237214e-02
1.218107204666666776e+00,-3.929852613537920120e-02
1.218307204666666532e+00,-3.930720822293953115e-02
1.218507204666666954e+00,-3.931484124931530072e-02
1.218707204666666488e+00,-3.932142403975150829e-02
1.218907204666666688e+00,-3.932695553775983344e-02
1.219107204666666666e+00,-3.933143480584284229e-02
1.219307204666666866e+00,-3.933486102620856878e-02
1.219507204666666844e+00,-3.933723350147524944e-02
1.219707204666666600e+00,-3.933855165536655207e-02
1.219907204666666578e+00,-3.933881503339654861e-02
1.220107204666666778e+00,-3.933802330354446708e-02
1.220307204666666534e+00,-3.933617625691988168e-02
1.220507204666666734e+00,-3.933327380841669663e-02
1.220707204666666712e+00,-3.932931599735725592e-02
1.220907204666666690e+00,-3.932430298812587127e-02
1.221107204666666890e+00,-3.931823507079114377e-02
1.221307204666666646e+00,-3.931111266171832819e-02
1.221507204666666624e+00,-3.930293630416979711e-02
1.221707204666666602e+00,-3.929370666889517999e-02
1.221907204666666580e+00,-3.928342455470999750e-02
1.222107204666666558e+00,-3.927209088906316592e-02
1.222307204666666758e+00,-3.925970672859283028e-02
1.222507204666666736e+00,-3.924627325967115776e-02
1.222707204666666714e+00,-3.923179179893704349e-02
1.222907204666666692e+00,-3.921626379381724925e-02
1.223107204666666892e+00,-3.919969082303580155e-02
1.223307204666666426e+00,-3.918207459711124663e-02
1.223507204666666848e+00,-3.916341695884183877e-02
1.223707204666666604e+00,-3.914371988377897404e-02
1.223907204666666804e+00,-3.912298548068734311e-02
1.224107204666666782e+00,-3.910121599199401637e-02
1.224307204666666760e+00,-3.907841379422384576e-02
1.224507204666666738e+00,-3.905458139842286208e-02
1.224707204666666716e+00,-3.902972145056896047e-02
1.224907204666666694e+00,-3.900383673196946427e-02
1.225107204666666671e+00,-3.897693015964609486e-02
1.225307204666666649e+00,-3.894900478670669519e-02
1.225507204666666627e+00,-3.892006380270396360e-02
1.225707204666666827e+00,-3.889011053398081647e-02
1.225907204666666583e+00,-3.885914844400265716e-02
1.226107204666666783e+00,-3.882718113367603779e-02
1.226307204666666539e+00,-3.879421234165397053e-02
1.226507204666666517e+00,-3.876024594462729178e-02
1.226707204666666717e+00,-3.872528595760287712e-02
1.226907204666666695e+00,-3.868933653416767315e-02
1.227107204666666673e+00,-3.865240196673885159e-02
1.227307204666666651e+00,-3.861448668680022428e-02
1.227507204666666629e+00,-3.857559526512423925e-02
1.227707204666666829e+00,-3.853573241198025856e-02
1.227907204666666585e+00,-3.849490297732841709e-02
1.228107204666666785e+00,-3.845311195099880563e-02
1.228307204666666541e+00,-3.841036446285710226e-02
1.228507204666666741e+00,-3.836666578295452878e-02
1.228707204666666719e+00,-3.832202132166466491e-02
1.228907204666666697e+00,-3.827643662980422662e-02
1.229107204666666675e+00,-3.822991739874011252e-02
1.229307204666666653e+00,-3.818246946048123314e-02
1.229507204666666631e+00,-3.813409878775534528e-02
1.229707204666666609e+00,-3.808481149407138416e-02
1.229907204666666587e+00,-3.803461383376633559e-02
1.230107204666666565e+00,-3.798351220203721040e-02
1.230307204666666765e+00,-3.793151313495773946e-02
1.230507204666666743e+00,-3.787862330948036510e-02
1.230707204666666943e+00,-3.782484954342167638e-02
1.230907204666666477e+00,-3.777019879543423719e-02
1.231107204666666677e+00,-3.771467816496094916e-02
1.231307204666666655e+00,-3.765829489217617509e-02
1.231507204666666855e+00,-3.760105635790930018e-02
1.231707204666666833e+00,-3.754297008355390874e-02
1.231907204666666589e+00,-3.748404373096082820e-02
1.232107204666666789e+00,-3.742428510231521344e-02
1.232307204666666767e+00,-3.736370213999881673e-02
1.232507204666666523e+00,-3.730230292643516715e-02
1.232707204666666723e+00,-3.724009568391956071e-02
1.232907204666666701e+00,-3.717708877443336168e-02
1.233107204666666679e+00,-3.711329069944151182e-02
1.233307204666666879e+00,-3.704871009967455192e-02
1.233507204666666635e+00,-3.698335575489487131e-02
1.233707204666666613e+00,-3.691723658364572808e-02
1.233907204666666590e+00,-3.685036164298534367e-02
1.234107204666666568e+00,-3.678274012820399036e-02
1.234307204666666546e+00,-3.671438137252532041e-02
1.234507204666666746e+00,-3.664529484679079907e-02
1.234707204666666724e+00,-3.657549015912870544e-02
1.234907204666666702e+00,-3.650497705460579306e-02
1.235107204666666680e+00,-3.643376541486331027e-02
1.235307204666666880e+00,-3.636186525773629080e-02
1.235507204666666414e+00,-3.628928673685678091e-02
1.235707204666666836e+00,-3.621604014123913640e-02
1.235907204666666592e+00,-3.614213589485195527e-02
1.236107204666666792e+00,-3.606758455616931175e-02
1.236307204666666770e+00,-3.599239681770939614e-02
1.236507204666666748e+00,-3.591658350555371193e-02
1.236707204666666726e+00,-3.584015557885143061e-02
1.236907204666666704e+00,-3.576312412930625351e-02
1.237107204666666682e+00,-3.568550038064711993e-02
1.237307204666666660e+00,-3.560729568808213702e-02
1.237507204666666638e+00,-3.552852153773571053e-02
1.237707204666666616e+00,-3.544918954606945255e-02
1.237907204666666816e+00,-3.536931145928588760e-02
1.238107204666666572e+00,-3.528889915271637978e-02
1.238307204666666772e+00,-3.520796463019093547e-02
1.238507204666666528e+00,-3.512652002339336499e-02
1.238707204666666728e+00,-3.504457759119745247e-02
1.238907204666666706e+00,-3.496214971898896351e-02
1.239107204666666684e+00,-3.487924891796876509e-02
1.239307204666666440e+00,-3.479588782444085343e-02
1.239507204666666640e+00,-3.471207919908251421e-02
1.239707204666666618e+00,-3.462783592619962658e-02
1.239907204666666818e+00,-3.454317101296299625e-02
1.240107204666666574e+00,-3.445809758863041528e-02
1.240307204666666774e+00,-3.437262890374994523e-02
1.240507204666666530e+00,-3.428677832934897557e-02
1.240707204666666730e+00,-3.420055935610424869e-02
1.240907204666666708e+00,-3.411398559349786141e-02
1.241107204666666686e+00,-3.402707076895451765e-02
1.241307204666666664e+00,-3.393982872696370973e-02
1.241507204666666642e+00,-3.385227342818518392e-02
1.241707204666666620e+00,-3.376441894853748904e-02
1.241907204666666598e+00,-3.367627947827082219e-02
1.242107204666666576e+00,-3.358786932102300615e-02
1.242307204666666554e+00,-3.349920289285926445e-02
1.242507204666666754e+00,-3.341029472129593975e-02
1.242707204666666732e+00,-3.332115944430785737e-02
1.242907204666666710e+00,-3.323181180931909784e-02
1.243107204666666465e+00,-3.314226667217841371e-02
1.243307204666666665e+00,-3.305253899611719504e-02
1.243507204666666643e+00,-3.296264385069352237e-02
1.243707204666666843e+00,-3.287259641071763050e-02
1.243907204666666821e+00,-3.278241195516366779e-02
1.244107204666666577e+00,-3.269210586606385860e-02
1.244307204666666777e+00,-3.260169362738736532e-02
1.244507204666666755e+00,-3.251119082390448861e-02
1.244707204666666733e+00,-3.242061314003302080e-02
1.244907204666666711e+00,-3.232997635867040920e-02
1.245107204666666689e+00,-3.223929636000989751e-02
1.245307204666666667e+00,-3.214858912034097849e-02
1.245507204666666867e+00,-3.205787071083452539e-02
1.245707204666666623e+00,-3.196715729631269959e-02
1.245907204666666601e+00,-3.187646513400239218e-02
1.246107204666666579e+00,-3.178581057227519713e-02
1.246307204666666779e+00,-3.169521004937064790e-02
1.246507204666666535e+00,-3.160468009210537499e-02
1.246707204666666735e+00,-3.151423731456574201e-02
1.246907204666666491e+00,-3.142389841678790846e-02
1.247107204666666691e+00,-3.133368018342005262e-02
1.247307204666666669e+00,-3.124359948237280526e-02
1.247507204666666869e+00,-3.115367326345232224e-02
1.247707204666666403e+00,-3.106391855698081850e-02
1.247907204666666825e+00,-3.097435247240024059e-02
1.248107204666666581e+00,-3.088499219686507979e-02
1.248307204666666781e+00,-3.079585499381631147e-02
1.248507204666666759e+00,-3.070695820154517586e-02
1.248707204666666737e+00,-3.061831923173999326e-02
1.248907204666666715e+00,-3.052995556802039212e-02
1.249107204666666693e+00,-3.044188476445697233e-02
1.249307204666666671e+00,-3.035412444407756261e-02
1.249507204666666649e+00,-3.026669229735911432e-02
1.249707204666666627e+00,-3.017960608070654333e-02
1.249907204666666605e+00,-3.009288361491770786e-02
1.250107204666666805e+00,-3.000654278363495964e-02
1.250307204666666561e+00,-2.992060153178393439e-02
1.250507204666666761e+00,-2.983507786399788170e-02
1.250707204666666517e+00,-2.974998984303079547e-02
1.250907204666666717e+00,-2.966535558815538987e-02
1.251107204666666695e+00,-2.958119327355061834e-02
1.251307204666666673e+00,-2.949752112667417686e-02
1.251507204666666428e+00,-2.941435742662428660e-02
1.251707204666666629e+00,-2.933172050248754326e-02
1.251907204666666606e+00,-2.924962873167606670e-02
1.252107204666666807e+00,-2.916810053825035637e-02
1.252307204666666562e+00,-2.908715439123242541e-02
1.252507204666666762e+00,-2.900680880290465447e-02
1.252707204666666740e+00,-2.892708232709903515e-02
1.252907204666666718e+00,-2.884799355747287575e-02
1.253107204666666696e+00,-2.876956112577445934e-02
1.253307204666666674e+00,-2.869180370009630915e-02
1.253507204666666652e+00,-2.861473998311762912e-02
1.253707204666666630e+00,-2.853838871033582275e-02
1.253907204666666608e+00,-2.846276864828656272e-02
1.254107204666666586e+00,-2.838789859275356320e-02
1.254307204666666564e+00,-2.831379736696739563e-02
1.254507204666666542e+00,-2.824048381979385458e-02
1.254707204666666742e+00,-2.816797682391196378e-02
1.254907204666666720e+00,-2.809629527398227467e-02
1.255107204666666698e+00,-2.802545808480389616e-02
1.255307204666666454e+00,-2.795548418946317004e-02
1.255507204666666654e+00,-2.788639253747129260e-02
1.255707204666666632e+00,-2.781820209289366519e-02
1.255907204666666832e+00,-2.775093183246844786e-02
1.256107204666666810e+00,-2.768460074371720953e-02
1.256307204666666566e+00,-2.761922782304550295e-02
1.256507204666666766e+00,-2.755483207383475908e-02
1.256707204666666744e+00,-2.749143250452643072e-02
1.256907204666666722e+00,-2.742904812669592907e-02
1.257107204666666700e+00,-2.736769795311944087e-02
1.257307204666666678e+00,-2.730740099583216229e-02
1.257507204666666656e+00,-2.724817626417815053e-02
1.257707204666666856e+00,-2.719004276285287569e-02
1.257907204666666612e+00,-2.713301948993785545e-02
1.258107204666666812e+00,-2.707712543492739321e-02
1.258307204666666568e+00,-2.702237957674896024e-02
1.258507204666666768e+00,-2.696880088177516788e-02
1.258707204666666524e+00,-2.691640830183011923e-02
1.258907204666666724e+00,-2.686522077218769095e-02
1.259107204666666480e+00,-2.681525720956449976e-02
1.259307204666666680e+00,-2.676653651010520857e-02
1.259507204666666658e+00,-2.671907754736290580e-02
1.259707204666666858e+00,-2.667289917027231699e-02
1.259907204666666614e+00,-2.662802020111801338e-02
1.260107204666666814e+00,-2.658445943349641016e-02
1.260307204666666570e+00,-2.654223563027292843e-02
1.260507204666666770e+00,-2.650136752153323116e-02
1.260707204666666748e+00,-2.646187380253021276e-02
1.260907204666666726e+00,-2.642377313162522917e-02
1.261107204666666703e+00,-2.638708412822549088e-02
1.261307204666666681e+00,-2.635182537071666109e-02
1.261507204666666659e+00,-2.631801539439088122e-02
1.261707204666666637e+00,-2.628567268937163914e-02
1.261907204666666615e+00,-2.625481569853392594e-02
1.262107204666666593e+00,-2.622546281542112445e-02
1.262307204666666793e+00,-2.619763238215865042e-02
1.262507204666666549e+00,-2.617134268736389519e-02
1.262707204666666749e+00,-2.614661196405367038e-02
1.262907204666666505e+00,-2.612345838754867589e-02
1.263107204666666705e+00,-2.610190007337496315e-02
1.263307204666666683e+00,-2.608195507516383738e-02
1.263507204666666661e+00,-2.606364138254881752e-02
1.263707204666666417e+00,-2.604697691906130569e-02
1.263907204666666617e+00,-2.603197954002369613e-02
1.264107204666666595e+00,-2.601866703044186657e-02
1.264307204666666795e+00,-2.600705710289592798e-02
1.264507204666666551e+00,-2.599716739542953792e-02
1.264707204666666751e+00,-2.598901546943914453e-02
1.264907204666666729e+00,-2.598261880756173869e-02
1.265107204666666707e+00,-2.597799481156286283e-02
1.265307204666666685e+00,-2.597516080022393981e-02
1.265507204666666663e+00,-2.597413400722990012e-02
1.265707204666666641e+00,-2.597493157905658712e-02
1.265907204666666619e+00,-2.597757057285943194e-02
1.266107204666666597e+00,-2.598206795436185101e-02
1.266307204666666575e+00,-2.598844059574510756e-02
1.266507204666666775e+00,-2.599670527353925564e-02
1.266707204666666531e+00,-2.600687866651513191e-02
1.266907204666666731e+00,-2.601897735357841523e-02
1.267107204666666709e+00,-2.603301781166482420e-02
1.267307204666666687e+00,-2.604901641363789599e-02
1.267507204666666443e+00,-2.606698942618869419e-02
1.267707204666666643e+00,-2.608695300773818809e-02
1.267907204666666621e+00,-2.610892320634203290e-02
1.268107204666666821e+00,-2.613291595759884012e-02
1.268307204666666799e+00,-2.615894708256073786e-02
1.268507204666666555e+00,-2.618703228564817076e-02
1.268707204666666755e+00,-2.621718715256807219e-02
1.268907204666666733e+00,-2.624942714823511741e-02
1.269107204666666711e+00,-2.628376761469840978e-02
1.269307204666666689e+00,-2.632022376907132422e-02
1.269507204666666667e+00,-2.635881070146654098e-02
1.269707204666666644e+00,-2.639954337293548559e-02
1.269907204666666845e+00,-2.644243661341281332e-02
1.270107204666666600e+00,-2.648750511966628529e-02
1.270307204666666800e+00,-2.653476345325213315e-02
1.270507204666666556e+00,-2.658422603847556548e-02
1.270707204666666756e+00,-2.663590716035821315e-02
1.270907204666666734e+00,-2.668982096261046655e-02
1.271107204666666712e+00,-2.674598144561114721e-02
1.271307204666666468e+00,-2.680440246439361879e-02
1.271507204666666668e+00,-2.686509772663848994e-02
1.271707204666666646e+00,-2.692808079067317978e-02
1.271907204666666846e+00,-2.699336506347957410e-02
1.272107204666666602e+00,-2.706096379870824575e-02
1.272307204666666802e+00,-2.713089009470182750e-02
1.272507204666666558e+00,-2.720315689252415792e-02
1.272707204666666758e+00,-2.727777697400038392e-02
1.272907204666666736e+00,-2.735476295976296823e-02
1.273107204666666714e+00,-2.743412730730833415e-02
1.273307204666666692e+00,-2.751588230906113625e-02
1.273507204666666670e+00,-2.760004009044855766e-02
1.273707204666666426e+00,-2.768661260798317703e-02
1.273907204666666626e+00,-2.777561164735668775e-02
1.274107204666666604e+00,-2.786704882154113910e-02
1.274307204666666582e+00,-2.796093556890326404e-02
1.274507204666666782e+00,-2.805728315132684225e-02
1.274707204666666760e+00,-2.815610265234606141e-02
1.274907204666666738e+00,-2.825740497529047324e-02
1.275107204666666494e+00,-2.836120084143973347e-02
1.275307204666666694e+00,-2.846750078819083873e-02
1.275507204666666672e+00,-2.857631516723500853e-02
1.275707204666666872e+00,-2.868765414274816739e-02
1.275907204666666406e+00,-2.880152768959162723e-02
1.276107204666666828e+00,-2.891794559152708471e-02
1.276307204666666806e+00,-2.903691743943997983e-02
1.276507204666666784e+00,-2.915845262958029205e-02
1.276707204666666540e+00,-2.928256036181234312e-02
1.276907204666666740e+00,-2.940924963787981683e-02
1.277107204666666718e+00,-2.953852925968186716e-02
1.277307204666666696e+00,-2.967040782756504014e-02
1.277507204666666674e+00,-2.980489373862714453e-02
1.277707204666666652e+00,-2.994199518503542351e-02
1.277907204666666630e+00,-3.008172015235912461e-02
1.278107204666666608e+00,-3.022407641791616251e-02
1.278307204666666586e+00,-3.036907154913361107e-02
1.278507204666666563e+00,-3.051671290192428665e-02
1.278707204666666764e+00,-3.066700761907743822e-02
1.278907204666666519e+00,-3.081996262866333602e-02
1.279107204666666719e+00,-3.097558464245716431e-02
1.279307204666666697e+00,-3.113388015437276723e-02
1.279507204666666675e+00,-3.129485543891742660e-02
1.279707204666666431e+00,-3.145851654965951816e-02
1.279907204666666853e+00,-3.162486931771407717e-02
1.280107204666666609e+00,-3.179391935024156179e-02
1.280307204666666809e+00,-3.196567202896932053e-02
1.280507204666666787e+00,-3.214013250872253813e-02
1.280707204666666765e+00,-3.231730571597813545e-02
1.280907204666666743e+00,-3.249719634743232499e-02
1.281107204666666721e+00,-3.267980886858708883e-02
1.281307204666666477e+00,-3.286514751235353193e-02
1.281507204666666677e+00,-3.305321627767474763e-02
1.281707204666666655e+00,-3.324401892816276904e-02
1.281907204666666633e+00,-3.343755899075849525e-02
1.282107204666666611e+00,-3.363383975440683432e-02
1.282307204666666589e+00,-3.383286426875136560e-02
1.282507204666666789e+00,-3.403463534284772996e-02
1.282707204666666545e+00,-3.423915554389529714e-02
1.282907204666666745e+00,-3.444642719599037145e-02
1.283107204666666723e+00,-3.465645237889435071e-02
1.283307204666666701e+00,-3.486923292682607423e-02
1.283507204666666457e+00,-3.508477042727044248e-02
1.283707204666666657e+00,-3.530306621980953269e-02
1.283907204666666857e+00,-3.552412139497033994e-02
1.284107204666666613e+00,-3.574793679309548611e-02
1.284307204666666369e+00,-3.597451300323538381e-02
1.284507204666666791e+00,-3.620385036205757412e-02
1.284707204666666547e+00,-3.643594895277626339e-02
1.284907204666666747e+00,-3.667080860411001120e-02
1.285107204666666725e+00,-3.690842888924990295e-02
1.285307204666666703e+00,-3.714880912485823972e-02
1.285507204666666681e+00,-3.739194837008285449e-02
1.285707204666666659e+00,-3.763784542559531210e-02
1.285907204666666415e+00,-3.788649883265023111e-02
1.286107204666666615e+00,-3.813790687216788572e-02
1.286307204666666593e+00,-3.839206756383461983e-02
1.286507204666666571e+00,-3.864897866523180070e-02
1.286707204666666771e+00,-3.890863767098168974e-02
1.286907204666666749e+00,-3.917104181191788381e-02
1.287107204666666727e+00,-3.943618805427942520e-02
1.287307204666666482e+00,-3.970407309892518000e-02
1.287507204666666683e+00,-3.997469338057486887e-02
1.287707204666666660e+00,-4.024804506706715357e-02
1.287907204666666861e+00,-4.052412405864828926e-02
1.288107204666666838e+00,-4.080292598727770781e-02
1.288307204666666816e+00,-4.108444621596193252e-02
1.288507204666666794e+00,-4.136867983810878224e-02
1.288707204666666772e+00,-4.165562167690665951e-02
1.288907204666666528e+00,-4.194526628472750041e-02
1.289107204666666728e+00,-4.223760794255546069e-02
1.289307204666666706e+00,-4.253264065943426764e-02
1.289507204666666684e+00,-4.283035817194676131e-02
1.289707204666666662e+00,-4.313075394371224114e-02
1.289907204666666640e+00,-4.343382116491130429e-02
1.290107204666666618e+00,-4.373955275183502578e-02
1.290307204666666596e+00,-4.404794134645789033e-02
1.290507204666666574e+00,-4.435897931603649536e-02
1.290707204666666552e+00,-4.467265875273292164e-02
1.290907204666666752e+00,-4.498897147326323676e-02
1.291107204666666508e+00,-4.530790901856938946e-02
1.291307204666666708e+00,-4.562946265352149644e-02
1.291507204666666686e+00,-4.595362336663725428e-02
1.291707204666666664e+00,-4.628038186983510216e-02
1.291907204666666420e+00,-4.660972859820720210e-02
1.292107204666666842e+00,-4.694165370982253394e-02
1.292307204666666598e+00,-4.727614708554774697e-02
1.292507204666666798e+00,-4.761319832890693882e-02
1.292707204666666776e+00,-4.795279676595270990e-02
1.292907204666666754e+00,-4.829493144517434111e-02
1.293107204666666732e+00,-4.863959113742626073e-02
1.293307204666666710e+00,-4.898676433588411427e-02
1.293507204666666466e+00,-4.933643925602684138e-02
1.293707204666666666e+00,-4.968860383564699390e-02
1.293907204666666644e+00,-5.004324573488190542e-02
1.294107204666666622e+00,-5.040035233627833400e-02
1.294307204666666600e+00,-5.075991074487844201e-02
1.294507204666666800e+00,-5.112190778833478055e-02
1.294707204666666778e+00,-5.148633001704926160e-02
1.294907204666666534e+00,-5.185316370434246702e-02
1.295107204666666734e+00,-5.222239484664785436e-02
1.295307204666666712e+00,-5.259400916372929807e-02
1.295507204666666690e+00,-5.296799209893198607e-02
1.295707204666666446e+00,-5.334432881945465332e-02
1.295907204666666646e+00,-5.372300421665285319e-02
1.296107204666666846e+00,-5.410400290636328824e-02
1.296307204666666602e+00,-5.448730922926077469e-02
1.296507204666666357e+00,-5.487290725124158164e-02
1.296707204666666780e+00,-5.526078076383126453e-02
1.296907204666666757e+00,-5.565091328461610476e-02
1.297107204666666735e+00,-5.604328805771267852e-02
1.297307204666666713e+00,-5.643788805425391936e-02
1.297507204666666691e+00,-5.683469597290642661e-02
1.297707204666666669e+00,-5.723369424041471754e-02
1.297907204666666647e+00,-5.763486501217240932e-02
1.298107204666666403e+00,-5.803819017281930392e-02
1.298307204666666603e+00,-5.844365133686974662e-02
1.298507204666666581e+00,-5.885122984935962920e-02
1.298707204666666559e+00,-5.926090678653077315e-02
1.298907204666666759e+00,-5.967266295653556041e-02
1.299107204666666737e+00,-6.008647890016916016e-02
1.299307204666666715e+00,-6.050233489163286266e-02
1.299507204666666471e+00,-6.092021093931988124e-02
1.299707204666666671e+00,-6.134008678663239317e-02
1.299907204666666649e+00,-6.176194191281941803e-02
1.300107204666666849e+00,-6.218575553385026489e-02
1.300307204666666827e+00,-6.261150660330647155e-02
1.300507204666666805e+00,-6.303917381330777225e-02
1.300707204666666783e+00,-6.346873559546031829e-02
1.300907204666666761e+00,-6.390017012183314693e-02
1.301107204666666517e+00,-6.433345530596225326e-02
1.301307204666666717e+00,-6.476856880388220938e-02
1.301507204666666695e+00,-6.520548801517937754e-02
1.301707204666666673e+00,-6.564419008408052536e-02
1.301907204666666651e+00,-6.608465190056045380e-02
1.302107204666666629e+00,-6.652685010148033651e-02
1.302307204666666607e+00,-6.697076107175134463e-02
1.302507204666666585e+00,-6.741636094552490299e-02
1.302707204666666563e+00,-6.786362560740992478e-02
1.302907204666666541e+00,-6.831253069371555353e-02
1.303107204666666741e+00,-6.876305159372152198e-02
1.303307204666666497e+00,-6.921516345097189493e-02
1.303507204666666697e+00,-6.966884116460188292e-02
1.303707204666666675e+00,-7.012405939068008798e-02
1.303907204666666653e+00,-7.058079254358741450e-02
1.304107204666666409e+00,-7.103901479741477065e-02
1.304307204666666831e+00,-7.149870008739288296e-02
1.304507204666666809e+00,-7.195982211133665485e-02
1.304707204666666787e+00,-7.242235433113169973e-02
1.304907204666666765e+00,-7.288626997423265641e-02
1.305107204666666743e+00,-7.335154203519299310e-02
1.305307204666666721e+00,-7.381814327721959723e-02
1.305507204666666699e+00,-7.428604623375205385e-02
1.305707204666666454e+00,-7.475522321006741744e-02
1.305907204666666654e+00,-7.522564628491255900e-02
1.306107204666666632e+00,-7.569728731215349948e-02
1.306307204666666610e+00,-7.617011792246150548e-02
1.306507204666666810e+00,-7.664410952501464480e-02
1.306707204666666788e+00,-7.711923330922622333e-02
1.306907204666666766e+00,-7.759546024650156026e-02
1.307107204666666522e+00,-7.807276109201358172e-02
1.307307204666666722e+00,-7.855110638650861232e-02
1.307507204666666922e+00,-7.903046645812870918e-02
1.307707204666666678e+00,-7.951081142426445758e-02
1.307907204666666434e+00,-7.999211119343223320e-02
1.308107204666666856e+00,-8.047433546717074060e-02
1.308307204666666834e+00,-8.095745374195861821e-02
1.308507204666666590e+00,-8.144143531116702917e-02
1.308707204666666568e+00,-8.192624926702578303e-02
1.308907204666666768e+00,-8.241186450261413221e-02
1.309107204666666746e+00,-8.289824971387557695e-02
1.309307204666666724e+00,-8.338537340165790013e-02
1.309507204666666702e+00,-8.387320387377267261e-02
1.309707204666666680e+00,-8.436170924707780960e-02
1.309907204666666658e+00,-8.485085744958359433e-02
1.310107204666666636e+00,-8.534061622258053148e-02
1.310307204666666614e+00,-8.583095312278861411e-02
1.310507204666666592e+00,-8.632183552452919739e-02
1.310707204666666570e+00,-8.681323062191852180e-02
1.310907204666666548e+00,-8.730510543108181698e-02
1.311107204666666748e+00,-8.779742679239078973e-02
1.311307204666666726e+00,-8.829016137271848697e-02
1.311507204666666704e+00,-8.878327566772048485e-02
1.311707204666666460e+00,-8.927673600413185695e-02
1.311907204666666660e+00,-8.977050854208946939e-02
1.312107204666666860e+00,-9.026455927746741825e-02
1.312307204666666838e+00,-9.075885404424068048e-02
1.312507204666666372e+00,-9.125335851686448840e-02
1.312707204666666794e+00,-9.174803821267839277e-02
1.312907204666666772e+00,-9.224285849431548834e-02
1.313107204666666750e+00,-9.273778457215241244e-02
1.313307204666666506e+00,-9.323278150676121701e-02
1.313507204666666706e+00,-9.372781421139096680e-02
1.313707204666666684e+00,-9.422284745445778931e-02
1.313907204666666662e+00,-9.471784586206480339e-02
1.314107204666666640e+00,-9.521277392053234534e-02
1.314307204666666617e+00,-9.570759597894955284e-02
1.314507204666666595e+00,-9.620227625174286590e-02
1.314707204666666573e+00,-9.669677882126247181e-02
1.314907204666666773e+00,-9.719106764038686064e-02
1.315107204666666751e+00,-9.768510653514181352e-02
1.315307204666666729e+00,-9.817885920734160943e-02
1.315507204666666485e+00,-9.867228923724082057e-02
1.315707204666666685e+00,-9.916536008620903397e-02
1.315907204666666663e+00,-9.965803509941296989e-02
1.316107204666666641e+00,-1.001502775085253982e-01
1.316307204666666397e+00,-1.006420504344411465e-01
1.316507204666666819e+00,-1.011333168900156038e-01
1.316707204666666797e+00,-1.016240397828074432e-01
1.316907204666666775e+00,-1.021141819178521676e-01
1.317107204666666753e+00,-1.026037060004372364e-01
1.317307204666666731e+00,-1.030925746388978159e-01
1.317507204666666709e+00,-1.035807503474248381e-01
1.317707204666666687e+00,-1.040681955488882565e-01
1.317907204666666443e+00,-1.045548725776727500e-01
1.318107204666666643e+00,-1.050407436825302604e-01
1.318307204666666621e+00,-1.055257710294377760e-01
1.318507204666666599e+00,-1.060099167044787905e-01
1.318707204666666799e+00,-1.064931427167301603e-01
1.318907204666666777e+00,-1.069754110011613829e-01
1.319107204666666755e+00,-1.074566834215515410e-01
1.319307204666666511e+00,-1.079369217734112568e-01
1.319507204666666711e+00,-1.084160877869233958e-01
1.319707204666666911e+00,-1.088941431298860868e-01
1.319907204666666667e+00,-1.093710494106745618e-01
1.320107204666666423e+00,-1.098467681812134444e-01
1.320307204666666845e+00,-1.103212609399553540e-01
1.320507204666666823e+00,-1.107944891348672661e-01
1.320707204666666579e+00,-1.112664141664378575e-01
1.320907204666666557e+00,-1.117369973906856551e-01
1.321107204666666757e+00,-1.122062001221766220e-01
1.321307204666666735e+00,-1.126739836370531794e-01
1.321507204666666713e+00,-1.131403091760736918e-01
1.321707204666666691e+00,-1.136051379476568368e-01
1.321907204666666669e+00,-1.140684311309355103e-01
1.322107204666666647e+00,-1.145301498788195288e-01
1.322307204666666625e+00,-1.149902553210642858e-01
1.322507204666666603e+00,-1.154487085673482349e-01
1.322707204666666581e+00,-1.159054707103565757e-01
1.322907204666666559e+00,-1.163605028288713372e-01
1.323107204666666536e+00,-1.168137659908687204e-01
1.323307204666666737e+00,-1.172652212566225732e-01
1.323507204666666714e+00,-1.177148296818108231e-01
1.323707204666666692e+00,-1.181625523206329825e-01
1.323907204666666448e+00,-1.186083502289271424e-01
1.324107204666666648e+00,-1.190521844672971508e-01
1.324307204666666848e+00,-1.194940161042368915e-01
1.324507204666666826e+00,-1.199338062192667476e-01
1.324707204666666360e+00,-1.203715159060699119e-01
1.324907204666666782e+00,-1.208071062756363723e-01
1.325107204666666760e+00,-1.212405384593980978e-01
1.325307204666666738e+00,-1.216717736123855975e-01
1.325507204666666494e+00,-1.221007729163723216e-01
1.325707204666666694e+00,-1.225274975830300678e-01
1.325907204666666672e+00,-1.229519088570785318e-01
1.326107204666666650e+00,-1.233739680194462507e-01
1.326307204666666628e+00,-1.237936363904251630e-01
1.326507204666666606e+00,-1.242108753328299842e-01
1.326707204666666584e+00,-1.246256462551572769e-01
1.326907204666666562e+00,-1.250379106147455899e-01
1.327107204666666762e+00,-1.254476299209356938e-01
1.327307204666666962e+00,-1.258547657382290130e-01
1.327507204666666718e+00,-1.262592796894477787e-01
1.327707204666666474e+00,-1.266611334588955140e-01
1.327907204666666674e+00,-1.270602887955130100e-01
1.328107204666666652e+00,-1.274567075160320528e-01
1.328307204666666630e+00,-1.278503515081338693e-01
1.328507204666666386e+00,-1.282411827335985521e-01
1.328707204666666808e+00,-1.286291632314581490e-01
1.328907204666666786e+00,-1.290142551211377331e-01
1.329107204666666764e+00,-1.293964206056066324e-01
1.329307204666666742e+00,-1.297756219745150319e-01
1.329507204666666720e+00,-1.301518216073320466e-01
1.329707204666666698e+00,-1.305249819764792152e-01
1.329907204666666676e+00,-1.308950656504588861e-01
1.330107204666666432e+00,-1.312620352969782189e-01
1.330307204666666632e+00,-1.316258536860704653e-01
1.330507204666666610e+00,-1.319864836932047314e-01
1.330707204666666588e+00,-1.323438883023986545e-01
1.330907204666666788e+00,-1.326980306093188677e-01
1.331107204666666766e+00,-1.330488738243764124e-01
1.331307204666666744e+00,-1.333963812758184597e-01
1.331507204666666500e+00,-1.337405164128092905e-01
1.331707204666666700e+00,-1.340812428085080277e-01
1.331907204666666900e+00,-1.344185241631334349e-01
1.332107204666666656e+00,-1.347523243070259669e-01
1.332307204666666411e+00,-1.350826072037011882e-01
1.332507204666666834e+00,-1.354093369528923951e-01
1.332707204666666811e+00,-1.357324777935820237e-01
1.332907204666666567e+00,-1.360519941070326144e-01
1.333107204666666545e+00,-1.363678504198009289e-01
1.333307204666666745e+00,-1.366800114067436012e-01
1.333507204666666723e+00,-1.369884418940137960e-01
1.333707204666666701e+00,-1.372931068620486250e-01
1.333907204666666679e+00,-1.375939714485435450e-01
1.334107204666666657e+00,-1.378910009514168478e-01
1.334307204666666635e+00,-1.381841608317630476e-01
1.334507204666666613e+00,-1.384734167167941676e-01
1.334707204666666591e+00,-1.387587344027691461e-01
1.334907204666666791e+00,-1.390400798579119745e-01
1.335107204666666547e+00,-1.393174192253144317e-01
1.335307204666666525e+00,-1.395907188258313780e-01
1.335507204666666725e+00,-1.398599451609566502e-01
1.335707204666666703e+00,-1.401250649156886574e-01
1.335907204666666681e+00,-1.403860449613833772e-01
1.336107204666666437e+00,-1.406428523585906420e-01
1.336307204666666859e+00,-1.408954543598786857e-01
1.336507204666666837e+00,-1.411438184126390383e-01
1.336707204666666593e+00,-1.413879121618840384e-01
1.336907204666666349e+00,-1.416277034530233347e-01
1.337107204666666771e+00,-1.418631603346268699e-01
1.337307204666666749e+00,-1.420942510611692688e-01
1.337507204666666727e+00,-1.423209440957640959e-01
1.337707204666666483e+00,-1.425432081128756856e-01
1.337907204666666683e+00,-1.427610120010178452e-01
1.338107204666666661e+00,-1.429743248654322951e-01
1.338307204666666639e+00,-1.431831160307537598e-01
1.338507204666666617e+00,-1.433873550436544353e-01
1.338707204666666817e+00,-1.435870116754720260e-01
1.338907204666666795e+00,-1.437820559248180474e-01
1.339107204666666551e+00,-1.439724580201701132e-01
1.339307204666666529e+00,-1.441581884224440446e-01
1.339507204666666729e+00,-1.443392178275464677e-01
1.339707204666666707e+00,-1.445155171689081752e-01
1.339907204666666463e+00,-1.446870576200000869e-01
1.340107204666666885e+00,-1.448538105968276701e-01
1.340307204666666863e+00,-1.450157477604030742e-01
1.340507204666666619e+00,-1.451728410192021645e-01
1.340707204666666374e+00,-1.453250625315967715e-01
1.340907204666666797e+00,-1.454723847082675103e-01
1.341107204666666775e+00,-1.456147802145937031e-01
1.341307204666666530e+00,-1.457522219730257029e-01
1.341507204666666730e+00,-1.458846831654323217e-01
1.341707204666666708e+00,-1.460121372354266089e-01
1.341907204666666686e+00,-1.461345578906707299e-01
1.342107204666666664e+00,-1.462519191051577516e-01
1.342307204666666642e+00,-1.463641951214706138e-01
1.342507204666666620e+00,-1.464713604530182844e-01
1.342707204666666598e+00,-1.465733898862488227e-01
1.342907204666666576e+00,-1.466702584828390166e-01
1.343107204666666554e+00,-1.467619415818605111e-01
1.343307204666666754e+00,-1.468484148019213731e-01
1.343507204666666732e+00,-1.469296540432844245e-01
1.343707204666666488e+00,-1.470056354899607898e-01
1.343907204666666688e+00,-1.470763356117789911e-01
1.344107204666666888e+00,-1.471417311664290073e-01
1.344307204666666644e+00,-1.472017992014807430e-01
1.344507204666666400e+00,-1.472565170563794601e-01
1.344707204666666822e+00,-1.473058623644131482e-01
1.344907204666666800e+00,-1.473498130546548879e-01
1.345107204666666556e+00,-1.473883473538806776e-01
1.345307204666666534e+00,-1.474214437884595053e-01
1.345507204666666734e+00,-1.474490811862178841e-01
1.345707204666666712e+00,-1.474712386782776052e-01
1.345907204666666690e+00,-1.474878957008670111e-01
1.346107204666666668e+00,-1.474990319971048736e-01
1.346307204666666646e+00,-1.475046276187577110e-01
1.346507204666666624e+00,-1.475046629279693766e-01
1.346707204666666602e+00,-1.474991185989633358e-01
1.346907204666666580e+00,-1.474879756197169656e-01
1.347107204666666780e+00,-1.474712152936082099e-01
1.347307204666666536e+00,-1.474488192410342846e-01
1.347507204666666514e+00,-1.474207694010019054e-01
1.347707204666666714e+00,-1.473870480326887056e-01
1.347907204666666692e+00,-1.473476377169772589e-01
1.348107204666666670e+00,-1.473025213579589321e-01
1.348307204666666426e+00,-1.472516821844096213e-01
1.348507204666666848e+00,-1.471951037512358729e-01
1.348707204666666826e+00,-1.471327699408929435e-01
1.348907204666666582e+00,-1.470646649647717741e-01
1.349107204666666338e+00,-1.469907733645571812e-01
1.349307204666666760e+00,-1.469110800135563222e-01
1.349507204666666738e+00,-1.468255701179982664e-01
1.349707204666666716e+00,-1.467342292183010377e-01
1.349907204666666471e+00,-1.466370431903110949e-01
1.350107204666666671e+00,-1.465339982465106716e-01
1.350307204666666649e+00,-1.464250809371966666e-01
1.350507204666666627e+00,-1.463102781516264772e-01
1.350707204666666605e+00,-1.461895771191351612e-01
1.350907204666666805e+00,-1.460629654102206521e-01
1.351107204666666783e+00,-1.459304309375993869e-01
1.351307204666666539e+00,-1.457919619572286829e-01
1.351507204666666739e+00,-1.456475470692996654e-01
1.351707204666666717e+00,-1.454971752191993872e-01
1.351907204666666695e+00,-1.453408356984393357e-01
1.352107204666666451e+00,-1.451785181455548801e-01
1.352307204666666873e+00,-1.450102125469704129e-01
1.352507204666666851e+00,-1.448359092378374291e-01
1.352707204666666607e+00,-1.446555989028348310e-01
1.352907204666666363e+00,-1.444692725769414765e-01
1.353107204666666785e+00,-1.442769216461754211e-01
1.353307204666666763e+00,-1.440785378483034618e-01
1.353507204666666741e+00,-1.438741132735132100e-01
1.353707204666666719e+00,-1.436636403650585758e-01
1.353907204666666697e+00,-1.434471119198697242e-01
1.354107204666666675e+00,-1.432245210891323617e-01
1.354307204666666653e+00,-1.429958613788333832e-01
1.354507204666666631e+00,-1.427611266502751275e-01
1.354707204666666609e+00,-1.425203111205563256e-01
1.354907204666666587e+00,-1.422734093630212693e-01
1.355107204666666565e+00,-1.420204163076755066e-01
1.355307204666666543e+00,-1.417613272415697290e-01
1.355507204666666743e+00,-1.414961378091500743e-01
1.355707204666666721e+00,-1.412248440125776772e-01
1.355907204666666477e+00,-1.409474422120121084e-01
1.356107204666666677e+00,-1.406639291258640068e-01
1.356307204666666877e+00,-1.403743018310172064e-01
1.356507204666666633e+00,-1.400785577630139500e-01
1.356707204666666389e+00,-1.397766947162078222e-01
1.356907204666666811e+00,-1.394687108438857903e-01
1.357107204666666789e+00,-1.391546046583595764e-01
1.357307204666666545e+00,-1.388343750310164493e-01
1.357507204666666523e+00,-1.385080211923431504e-01
1.357707204666666723e+00,-1.381755427319170948e-01
1.357907204666666701e+00,-1.378369395983625456e-01
1.358107204666666679e+00,-1.374922120992731756e-01
1.358307204666666657e+00,-1.371413609011043755e-01
1.358507204666666635e+00,-1.367843870290308683e-01
1.358707204666666613e+00,-1.364212918667724039e-01
1.358907204666666590e+00,-1.360520771563860365e-01
1.359107204666666568e+00,-1.356767449980258722e-01
1.359307204666666768e+00,-1.352952978496697323e-01
1.359507204666666746e+00,-1.349077385268152851e-01
1.359707204666666502e+00,-1.345140702021391521e-01
1.359907204666666702e+00,-1.341142964051258990e-01
1.360107204666666902e+00,-1.337084210216674673e-01
1.360307204666666658e+00,-1.332964482936252193e-01
1.360507204666666414e+00,-1.328783828183593696e-01
1.360707204666666836e+00,-1.324542295482292742e-01
1.360907204666666814e+00,-1.320239937900642702e-01
1.361107204666666570e+00,-1.315876812045912725e-01
1.361307204666666326e+00,-1.311452978058399998e-01
1.361507204666666748e+00,-1.306968499605116740e-01
1.361707204666666726e+00,-1.302423443873217956e-01
1.361907204666666704e+00,-1.297817881562985110e-01
1.362107204666666460e+00,-1.293151886880619938e-01
1.362307204666666660e+00,-1.288425537530625276e-01
1.362507204666666638e+00,-1.283638914707962431e-01
1.362707204666666616e+00,-1.278792103089785026e-01
1.362907204666666594e+00,-1.273885190826941349e-01
1.363107204666666794e+00,-1.268918269535118659e-01
1.363307204666666772e+00,-1.263891434285711324e-01
1.363507204666666528e+00,-1.258804783596325083e-01
1.363707204666666728e+00,-1.253658419420991543e-01
1.363907204666666706e+00,-1.248452447140135507e-01
1.364107204666666462e+00,-1.243186975550121393e-01
1.364307204666666440e+00,-1.237862116852561090e-01
1.364507204666666862e+00,-1.232477986643314705e-01
1.364707204666666840e+00,-1.227034703901205420e-01
1.364907204666666596e+00,-1.221532390976338978e-01
1.365107204666666574e+00,-1.215971173578210135e-01
1.365307204666666774e+00,-1.210351180763496320e-01
1.365507204666666752e+00,-1.204672544923543337e-01
1.365707204666666508e+00,-1.198935401771521886e-01
1.365907204666666708e+00,-1.193139890329307368e-01
1.366107204666666686e+00,-1.187286152914132642e-01
1.366307204666666664e+00,-1.181374335124819319e-01
1.366507204666666642e+00,-1.175404585827828779e-01
1.366707204666666620e+00,-1.169377057142964166e-01
1.366907204666666820e+00,-1.163291904428803841e-01
1.367107204666666576e+00,-1.157149286267879357e-01
1.367307204666666554e+00,-1.150949364451468865e-01
1.367507204666666532e+00,-1.144692303964246621e-01
1.367707204666666954e+00,-1.138378272968533916e-01
1.367907204666666710e+00,-1.132007442788389023e-01
1.368107204666666465e+00,-1.125579987893250838e-01
1.368307204666666888e+00,-1.119096085881457203e-01
1.368507204666666865e+00,-1.112555917463508709e-01
1.368707204666666621e+00,-1.105959666444889383e-01
1.368907204666666377e+00,-1.099307519708768860e-01
1.369107204666666799e+00,-1.092599667198380781e-01
1.369307204666666777e+00,-1.085836301899223838e-01
1.369507204666666533e+00,-1.079017619820824558e-01
1.369707204666666511e+00,-1.072143819978379348e-01
1.369907204666666711e+00,-1.065215104374121896e-01
1.370107204666666689e+00,-1.058231677978421631e-01
1.370307204666666667e+00,-1.051193748710582271e-01
1.370507204666666645e+00,-1.044101527419458164e-01
1.370707204666666623e+00,-1.036955227863792378e-01
1.370907204666666601e+00,-1.029755066692304571e-01
1.371107204666666579e+00,-1.022501263423544887e-01
1.371307204666666779e+00,-1.015194040425495131e-01
1.371507204666666757e+00,-1.007833622894966918e-01
1.371707204666666513e+00,-1.000420238836702419e-01
1.371907204666666491e+00,-9.929541190422661034e-02
1.372107204666666691e+00,-9.854354970687517756e-02
1.372307204666666891e+00,-9.778646092172126048e-02
1.372507204666666647e+00,-9.702416945108764679e-02
1.372707204666666403e+00,-9.625669946730937288e-02
1.372907204666666825e+00,-9.548407541051322223e-02
1.373107204666666803e+00,-9.470632198638070931e-02
1.373307204666666559e+00,-9.392346416386976315e-02
1.373507204666666315e+00,-9.313552717293201166e-02
1.373707204666666737e+00,-9.234253650220292098e-02
1.373907204666666715e+00,-9.154451789668098527e-02
1.374107204666666693e+00,-9.074149735536474193e-02
1.374307204666666449e+00,-8.993350112889240966e-02
1.374507204666666649e+00,-8.912055571714500024e-02
1.374707204666666627e+00,-8.830268786684684901e-02
1.374907204666666605e+00,-8.747992456912785653e-02
1.375107204666666583e+00,-8.665229305708051222e-02
1.375307204666666783e+00,-8.581982080329184082e-02
1.375507204666666761e+00,-8.498253551736274780e-02
1.375707204666666517e+00,-8.414046514340074723e-02
1.375907204666666717e+00,-8.329363785749863136e-02
1.376107204666666695e+00,-8.244208206520507731e-02
1.376307204666666451e+00,-8.158582639896090616e-02
1.376507204666666428e+00,-8.072489971552886112e-02
1.376707204666666851e+00,-7.985933109340730141e-02
1.376907204666666829e+00,-7.898914983022982395e-02
1.377107204666666584e+00,-7.811438544013525609e-02
1.377307204666666562e+00,-7.723506765113495598e-02
1.377507204666666762e+00,-7.635122640246473635e-02
1.377707204666666740e+00,-7.546289184191835864e-02
1.377907204666666496e+00,-7.457009432316259734e-02
1.378107204666666696e+00,-7.367286440304102180e-02
1.378307204666666674e+00,-7.277123283887361460e-02
1.378507204666666652e+00,-7.186523058572409639e-02
1.378707204666666630e+00,-7.095488879366838864e-02
1.378907204666666608e+00,-7.004023880504463284e-02
1.379107204666666808e+00,-6.912131215169009524e-02
1.379307204666666564e+00,-6.819814055217215953e-02
1.379507204666666542e+00,-6.727075590899196655e-02
1.379707204666666742e+00,-6.633919030579571441e-02
1.379907204666666942e+00,-6.540347600456340726e-02
1.380107204666666698e+00,-6.446364544278879172e-02
1.380307204666666454e+00,-6.351973123064327820e-02
1.380507204666666876e+00,-6.257176614813823867e-02
1.380707204666666854e+00,-6.161978314228317571e-02
1.380907204666666610e+00,-6.066381532421054323e-02
1.381107204666666366e+00,-5.970389596631203721e-02
1.381307204666666788e+00,-5.874005849935794166e-02
1.381507204666666766e+00,-5.777233650962017297e-02
1.381707204666666744e+00,-5.680076373596096295e-02
1.381907204666666500e+00,-5.582537406693975635e-02
1.382107204666666700e+00,-5.484620153789514230e-02
1.382307204666666678e+00,-5.386328032803731902e-02
1.382507204666666656e+00,-5.287664475751246290e-02
1.382707204666666634e+00,-5.188632928447632631e-02
1.382907204666666612e+00,-5.089236850215641400e-02
1.383107204666666590e+00,-4.989479713590810189e-02
1.383307204666666568e+00,-4.889365004026634959e-02
1.383507204666666768e+00,-4.788896219599046017e-02
1.383707204666666746e+00,-4.688076870711059552e-02
1.383907204666666502e+00,-4.586910479795926893e-02
1.384107204666666480e+00,-4.485400581020469041e-02
1.384307204666666680e+00,-4.383550719988468097e-02
1.384507204666666880e+00,-4.281364453443226720e-02
1.384707204666666636e+00,-4.178845348969897899e-02
1.384907204666666392e+00,-4.075996984697033421e-02
1.385107204666666814e+00,-3.972822948998759596e-02
1.385307204666666792e+00,-3.869326840197519213e-02
1.385507204666666548e+00,-3.765512266264016417e-02
1.385707204666666748e+00,-3.661382844519098928e-02
1.385907204666666726e+00,-3.556942201336009413e-02
1.386107204666666703e+00,-3.452193971840562814e-02
1.386307204666666681e+00,-3.347141799613050084e-02
1.386507204666666437e+00,-3.241789336389501452e-02
1.386707204666666637e+00,-3.136140241762597203e-02
1.386907204666666615e+00,-3.030198182884256269e-02
1.387107204666666593e+00,-2.923966834166163292e-02
1.387307204666666571e+00,-2.817449876982121987e-02
1.387507204666666771e+00,-2.710650999369864506e-02
1.387707204666666527e+00,-2.603573895733889837e-02
1.387907204666666505e+00,-2.496222266546839486e-02
1.388107204666666705e+00,-2.388599818053376012e-02
1.388307204666666905e+00,-2.280710261973189351e-02
1.388507204666666439e+00,-2.172557315204690781e-02
1.388707204666666417e+00,-2.064144699527812460e-02
1.388907204666666839e+00,-1.955476141310015514e-02
1.389107204666666817e+00,-1.846555371211144186e-02
1.389307204666666573e+00,-1.737386123887799810e-02
1.389507204666666551e+00,-1.627972137699844335e-02
1.389707204666666751e+00,-1.518317154417393212e-02
1.389907204666666729e+00,-1.408424918928054444e-02
1.390107204666666707e+00,-1.298299178944256442e-02
1.390307204666666685e+00,-1.187943684712318600e-02
1.390507204666666663e+00,-1.077362188721658030e-02
1.390707204666666641e+00,-9.665584454149177968e-03
1.390907204666666619e+00,-8.555362108988386408e-03
1.391107204666666597e+00,-7.442992426560168101e-03
1.391307204666666797e+00,-6.328512992573281926e-03
1.391507204666666553e+00,-5.211961400760967145e-03
1.391707204666666531e+00,-4.093375250012236399e-03
1.391907204666666731e+00,-2.972792141537257751e-03
1.392107204666666709e+00,-1.850249676030086068e-03
1.392307204666666465e+00,-7.257854508374780855e-04
1.392507204666666443e+00,4.005629428561960359e-04
1.392707204666666865e+00,1.528757922829163292e-03
1.392907204666666843e+00,2.658761918610621534e-03
1.393107204666666599e+00,3.790537374274276575e-03
1.393307204666666355e+00,4.924046751202011685e-03
1.393507204666666777e+00,6.059252530843162177e-03
1.393707204666666755e+00,7.196117217446779471e-03
1.393907204666666733e+00,8.334603340812580738e-03
1.394107204666666489e+00,9.474673458996468733e-03
1.394307204666666689e+00,1.061629016102532373e-02
1.394507204666666667e+00,1.175941606957500545e-02
1.394707204666666644e+00,1.290401384366077382e-02
1.394907204666666622e+00,1.405004618129368325e-02
1.395107204666666600e+00,1.519747582213038829e-02
1.395307204666666578e+00,1.634626555010577215e-02
1.395507204666666556e+00,1.749637819605179972e-02
1.395707204666666756e+00,1.864777664030040083e-02
1.395907204666666734e+00,1.980042381526537359e-02
1.396107204666666490e+00,2.095428270801914794e-02
1.396307204666666468e+00,2.210931636284654139e-02
1.396507204666666890e+00,2.326548788377835048e-02
1.396707204666666646e+00,2.442276043710520095e-02
1.396907204666666624e+00,2.558109725389980799e-02
1.397107204666666380e+00,2.674046163248315622e-02
1.397307204666666802e+00,2.790081694090750658e-02
1.397507204666666780e+00,2.906212661938691738e-02
1.397707204666666536e+00,3.022435418274754121e-02
1.397907204666666736e+00,3.138746322283530316e-02
1.398107204666666714e+00,3.255141741089922353e-02
1.398307204666666692e+00,3.371618049997906347e-02
1.398507204666666670e+00,3.488171632725411975e-02
1.398707204666666426e+00,3.604798881637887031e-02
1.398907204666666626e+00,3.721496197980539433e-02
1.399107204666666604e+00,3.838259992106586582e-02
1.399307204666666582e+00,3.955086683706109801e-02
1.399507204666666560e+00,4.071972702030864089e-02
1.399707204666666760e+00,4.188914486117938096e-02
1.399907204666666516e+00,4.305908485010392223e-02
1.400107204666666494e+00,4.422951157977725312e-02
1.400307204666666916e+00,4.540038974731822052e-02
1.400507204666666894e+00,4.657168415641435577e-02
1.400707204666666428e+00,4.774335971945974089e-02
1.400907204666666406e+00,4.891538145965940165e-02
1.401107204666666828e+00,5.008771451310092826e-02
1.401307204666666806e+00,5.126032413081366146e-02
1.401507204666666562e+00,5.243317568081710955e-02
1.401707204666666540e+00,5.360623465012937655e-02
1.401907204666666740e+00,5.477946664675363564e-02
1.402107204666666718e+00,5.595283740164543052e-02
1.402307204666666696e+00,5.712631277066256008e-02
1.402507204666666674e+00,5.829985873647976213e-02
1.402707204666666652e+00,5.947344141048600819e-02
1.402907204666666630e+00,6.064702703465639499e-02
1.403107204666666608e+00,6.182058198339950017e-02
1.403307204666666586e+00,6.299407276538090961e-02
1.403507204666666786e+00,6.416746602532286126e-02
1.403707204666666541e+00,6.534072854577159528e-02
1.403907204666666519e+00,6.651382724885936126e-02
1.404107204666666719e+00,6.768672919801659027e-02
1.404307204666666697e+00,6.885940159967171570e-02
1.404507204666666453e+00,7.003181180492994151e-02
1.404707204666666431e+00,7.120392731122063279e-02
1.404907204666666853e+00,7.237571576391600703e-02
1.405107204666666831e+00,7.354714495792218087e-02
1.405307204666666587e+00,7.471818283926241755e-02
1.405507204666666343e+00,7.588879750661574330e-02
1.405707204666666765e+00,7.705895721283713418e-02
1.405907204666666743e+00,7.822863036643729062e-02
1.406107204666666721e+00,7.939778553306738040e-02
1.406307204666666477e+00,8.056639143694550864e-02
1.406507204666666677e+00,8.173441696227845554e-02
1.406707204666666655e+00,8.290183115463466146e-02
1.406907204666666633e+00,8.406860322231636540e-02
1.407107204666666611e+00,8.523470253768540561e-02
1.407307204666666811e+00,8.640009863847149252e-02
1.407507204666666567e+00,8.756476122904365000e-02
1.407707204666666545e+00,8.872866018167469004e-02
1.407907204666666745e+00,8.989176553775347911e-02
1.408107204666666723e+00,9.105404750898304922e-02
1.408307204666666479e+00,9.221547647855513063e-02
1.408507204666666457e+00,9.337602300229232155e-02
1.408707204666666879e+00,9.453565780975881072e-02
1.408907204666666635e+00,9.569435180534095753e-02
1.409107204666666391e+00,9.685207606932490221e-02
1.409307204666666369e+00,9.800880185891595875e-02
1.409507204666666791e+00,9.916450060924490717e-02
1.409707204666666769e+00,1.003191439343390640e-01
1.409907204666666525e+00,1.014727036280833883e-01
1.410107204666666725e+00,1.026251516651383450e-01
1.410307204666666703e+00,1.037764602018231425e-01
1.410507204666666681e+00,1.049266015769938359e-01
1.410707204666666659e+00,1.060755483128756477e-01
1.410907204666666637e+00,1.072232731158739016e-01
1.411107204666666615e+00,1.083697488773566892e-01
1.411307204666666593e+00,1.095149486744092932e-01
1.411507204666666571e+00,1.106588457705611900e-01
1.411707204666666549e+00,1.118014136164851707e-01
1.411907204666666749e+00,1.129426258506696784e-01
1.412107204666666505e+00,1.140824563000562425e-01
1.412307204666666482e+00,1.152208789806679207e-01
1.412507204666666905e+00,1.163578680981871005e-01
1.412707204666666883e+00,1.174933980485125262e-01
1.412907204666666416e+00,1.186274434183032522e-01
1.413107204666666394e+00,1.197599789854838642e-01
1.413307204666666816e+00,1.208909797197122854e-01
1.413507204666666572e+00,1.220204207828284454e-01
1.413707204666666550e+00,1.231482775292947890e-01
1.413907204666666750e+00,1.242745255065752369e-01
1.414107204666666728e+00,1.253991404555056255e-01
1.414307204666666706e+00,1.265220983106408181e-01
1.414507204666666684e+00,1.276433752005630418e-01
1.414707204666666662e+00,1.287629474481698511e-01
1.414907204666666640e+00,1.298807915709330463e-01
1.415107204666666618e+00,1.309968842811314038e-01
1.415307204666666596e+00,1.321112024860560397e-01
1.415507204666666796e+00,1.332237232881903211e-01
1.415707204666666774e+00,1.343344239853569433e-01
1.415907204666666530e+00,1.354432820708495189e-01
1.416107204666666508e+00,1.365502752335316095e-01
1.416307204666666708e+00,1.376553813579038943e-01
1.416507204666666686e+00,1.387585785241508274e-01
1.416707204666666442e+00,1.398598450081655342e-01
1.416907204666666420e+00,1.409591592815436223e-01
1.417107204666666842e+00,1.420565000115477372e-01
1.417307204666666820e+00,1.431518460610449184e-01
1.417507204666666576e+00,1.442451764884355725e-01
1.417707204666666332e+00,1.453364705475381491e-01
1.417907204666666754e+00,1.464257076874575514e-01
1.418107204666666732e+00,1.475128675524133015e-01
1.418307204666666710e+00,1.485979299815729238e-01
1.418507204666666688e+00,1.496808750088318984e-01
1.418707204666666666e+00,1.507616828625809313e-01
1.418907204666666644e+00,1.518403339654473827e-01
1.419107204666666622e+00,1.529168089340115777e-01
1.419307204666666600e+00,1.539910885784986916e-01
1.419507204666666578e+00,1.550631539024472094e-01
1.419707204666666556e+00,1.561329861023522114e-01
1.419907204666666534e+00,1.572005665672862318e-01
1.420107204666666734e+00,1.582658768784963033e-01
1.420307204666666712e+00,1.593288988089729685e-01
1.420507204666666468e+00,1.603896143230056082e-01
1.420707204666666446e+00,1.614480055757091803e-01
1.420907204666666868e+00,1.625040549125248701e-01
1.421107204666666624e+00,1.635577448686952595e-01
1.421307204666666379e+00,1.646090581687394694e-01
1.421507204666666357e+00,1.656579777258777586e-01
1.421707204666666780e+00,1.667044866414486848e-01
1.421907204666666757e+00,1.677485682042954285e-01
1.422107204666666735e+00,1.687902058901493696e-01
1.422307204666666713e+00,1.698293833609706704e-01
1.422507204666666691e+00,1.708660844642784504e-01
1.422707204666666669e+00,1.719002932324582289e-01
1.422907204666666647e+00,1.729319938820481073e-01
1.423107204666666625e+00,1.739611708130051060e-01
1.423307204666666603e+00,1.749878086079502681e-01
1.423507204666666581e+00,1.760118920313947788e-01
1.423707204666666559e+00,1.770334060289449618e-01
1.423907204666666537e+00,1.780523357264890694e-01
1.424107204666666737e+00,1.790686664293646146e-01
1.424307204666666493e+00,1.800823836215006135e-01
1.424507204666666471e+00,1.810934729645572450e-01
1.424707204666666893e+00,1.821019202970276252e-01
1.424907204666666871e+00,1.831077116333254540e-01
1.425107204666666627e+00,1.841108331628701633e-01
1.425307204666666383e+00,1.851112712491373713e-01
1.425507204666666805e+00,1.861090124286986780e-01
1.425707204666666561e+00,1.871040434102305694e-01
1.425907204666666539e+00,1.880963510735396138e-01
1.426107204666666739e+00,1.890859224685332296e-01
1.426307204666666717e+00,1.900727448141927289e-01
1.426507204666666695e+00,1.910568054975329277e-01
1.426707204666666673e+00,1.920380920725354990e-01
1.426907204666666651e+00,1.930165922590732219e-01
1.427107204666666629e+00,1.939922939418160519e-01
1.427307204666666607e+00,1.949651851691235338e-01
1.427507204666666585e+00,1.959352541519213675e-01
1.427707204666666785e+00,1.969024892625650947e-01
1.427907204666666763e+00,1.978668790336830796e-01
1.428107204666666519e+00,1.988284121570166596e-01
1.428307204666666497e+00,1.997870774822393669e-01
1.428507204666666697e+00,2.007428640157599420e-01
1.428707204666666675e+00,2.016957609195157708e-01
1.428907204666666431e+00,2.026457575097572184e-01
1.429107204666666409e+00,2.035928432558163637e-01
1.429307204666666831e+00,2.045370077788588314e-01
1.429507204666666809e+00,2.054782408506234670e-01
1.429707204666666787e+00,2.064165323921660633e-01
1.429907204666666543e+00,2.073518724725700868e-01
1.430107204666666743e+00,2.082842513076636481e-01
1.430307204666666721e+00,2.092136592587073574e-01
1.430507204666666699e+00,2.101400868310933367e-01
1.430707204666666454e+00,2.110635246730159786e-01
1.430907204666666654e+00,2.119839635741466166e-01
1.431107204666666632e+00,2.129013944642813572e-01
1.431307204666666610e+00,2.138158084120001523e-01
1.431507204666666810e+00,2.147271966233027518e-01
1.431707204666666566e+00,2.156355504402357459e-01
1.431907204666666544e+00,2.165408613395255477e-01
1.432107204666666522e+00,2.174431209311827873e-01
1.432307204666666722e+00,2.183423209571154489e-01
1.432507204666666700e+00,2.192384532897232174e-01
1.432707204666666678e+00,2.201315099304954337e-01
1.432907204666666434e+00,2.210214830085915072e-01
1.433107204666666856e+00,2.219083647794264924e-01
1.433307204666666612e+00,2.227921476232290754e-01
1.433507204666666368e+00,2.236728240436260118e-01
1.433707204666666568e+00,2.245503866661938408e-01
1.433907204666666768e+00,2.254248282370107381e-01
1.434107204666666746e+00,2.262961416212122545e-01
1.434307204666666724e+00,2.271643198015375897e-01
1.434507204666666702e+00,2.280293558768679563e-01
1.434707204666666680e+00,2.288912430607646098e-01
1.434907204666666658e+00,2.297499746800016063e-01
1.435107204666666636e+00,2.306055441730963940e-01
1.435307204666666614e+00,2.314579450888349377e-01
1.435507204666666592e+00,2.323071710847965099e-01
1.435707204666666570e+00,2.331532159258732084e-01
1.435907204666666548e+00,2.339960734827895850e-01
1.436107204666666748e+00,2.348357377306194704e-01
1.436307204666666726e+00,2.356722027472968051e-01
1.436507204666666482e+00,2.365054627121344344e-01
1.436707204666666460e+00,2.373355119043351336e-01
1.436907204666666882e+00,2.381623447015007999e-01
1.437107204666666860e+00,2.389859555781397582e-01
1.437307204666666838e+00,2.398063391041866943e-01
1.437507204666666594e+00,2.406234899435054364e-01
1.437707204666666794e+00,2.414374028524062521e-01
1.437907204666666550e+00,2.422480726781466864e-01
1.438107204666666528e+00,2.430554943574573246e-01
1.438307204666666506e+00,2.438596629150453776e-01
1.438507204666666706e+00,2.446605734621145334e-01
1.438707204666666684e+00,2.454582211948778403e-01
1.438907204666666662e+00,2.462526013930818325e-01
1.439107204666666640e+00,2.470437094185239657e-01
1.439307204666666617e+00,2.478315407135769644e-01
1.439507204666666595e+00,2.486160907997163882e-01
1.439707204666666573e+00,2.493973552760492540e-01
1.439907204666666773e+00,2.501753298178490126e-01
1.440107204666666751e+00,2.509500101750883339e-01
1.440307204666666507e+00,2.517213921709848257e-01
1.440507204666666485e+00,2.524894717005453648e-01
1.440707204666666685e+00,2.532542447291130649e-01
1.440907204666666663e+00,2.540157072909210445e-01
1.441107204666666419e+00,2.547738554876549655e-01
1.441307204666666397e+00,2.555286854870185143e-01
1.441507204666666819e+00,2.562801935212997706e-01
1.441707204666666797e+00,2.570283758859450152e-01
1.441907204666666775e+00,2.577732289381484687e-01
1.442107204666666531e+00,2.585147490954341487e-01
1.442307204666666731e+00,2.592529328342559891e-01
1.442507204666666709e+00,2.599877766885907993e-01
1.442707204666666687e+00,2.607192772485552035e-01
1.442907204666666443e+00,2.614474311590165301e-01
1.443107204666666643e+00,2.621722351182207422e-01
1.443307204666666621e+00,2.628936858764151507e-01
1.443507204666666599e+00,2.636117802344955519e-01
1.443707204666666799e+00,2.643265150426498677e-01
1.443907204666666555e+00,2.650378871990106133e-01
1.444107204666666533e+00,2.657458936483264589e-01
1.444307204666666511e+00,2.664505313806271314e-01
1.444507204666666711e+00,2.671517974299105203e-01
1.444707204666666689e+00,2.678496888728293390e-01
1.444907204666666667e+00,2.685442028273967718e-01
1.445107204666666423e+00,2.692353364516924530e-01
1.445307204666666845e+00,2.699230869425884860e-01
1.445507204666666601e+00,2.706074515344673581e-01
1.445707204666666579e+00,2.712884274979788235e-01
1.445907204666666557e+00,2.719660121387780238e-01
1.446107204666666757e+00,2.726402027962934738e-01
1.446307204666666735e+00,2.733109968424949909e-01
1.446507204666666713e+00,2.739783916806821096e-01
1.446707204666666691e+00,2.746423847442751587e-01
1.446907204666666669e+00,2.753029734956221608e-01
1.447107204666666647e+00,2.759601554248168886e-01
1.447307204666666625e+00,2.766139280485268026e-01
1.447507204666666603e+00,2.772642889088356988e-01
1.447707204666666581e+00,2.779112355720956828e-01
1.447907204666666559e+00,2.785547656277928552e-01
1.448107204666666536e+00,2.791948766874249865e-01
1.448307204666666959e+00,2.798315663833937927e-01
1.448507204666666714e+00,2.804648323678999300e-01
1.448707204666666470e+00,2.810946723118706858e-01
1.448907204666666448e+00,2.817210839038808423e-01
1.449107204666666870e+00,2.823440648490954108e-01
1.449307204666666848e+00,2.829636128682219698e-01
1.449507204666666604e+00,2.835797256964849300e-01
1.449707204666666360e+00,2.841924010826041291e-01
1.449907204666666782e+00,2.848016367877915234e-01
1.450107204666666760e+00,2.854074305847530968e-01
1.450307204666666738e+00,2.860097802567217462e-01
1.450507204666666494e+00,2.866086835964876123e-01
1.450707204666666694e+00,2.872041384054535018e-01
1.450907204666666672e+00,2.877961424926924194e-01
1.451107204666666650e+00,2.883846936740341871e-01
1.451307204666666628e+00,2.889697897711553942e-01
1.451507204666666606e+00,2.895514286106875002e-01
1.451707204666666584e+00,2.901296080233395913e-01
1.451907204666666562e+00,2.907043258430356825e-01
1.452107204666666762e+00,2.912755799060665063e-01
1.452307204666666740e+00,2.918433680502536820e-01
1.452507204666666496e+00,2.924076881141342565e-01
1.452707204666666474e+00,2.929685379361570141e-01
1.452907204666666896e+00,2.935259153538911647e-01
1.453107204666666874e+00,2.940798182032509089e-01
1.453307204666666408e+00,2.946302443177416519e-01
1.453507204666666386e+00,2.951771915277167091e-01
1.453707204666666808e+00,2.957206576596439485e-01
1.453907204666666786e+00,2.962606405353931383e-01
1.454107204666666542e+00,2.967971379715427238e-01
1.454307204666666742e+00,2.973301477786960967e-01
1.454507204666666720e+00,2.978596677608091881e-01
1.454707204666666698e+00,2.983856957145456512e-01
1.454907204666666676e+00,2.989082294286360408e-01
1.455107204666666654e+00,2.994272666832589747e-01
1.455307204666666632e+00,2.999428052494348407e-01
1.455507204666666610e+00,3.004548428884359912e-01
1.455707204666666588e+00,3.009633773512123134e-01
1.455907204666666788e+00,3.014684063778330092e-01
1.456107204666666766e+00,3.019699276969406432e-01
1.456307204666666522e+00,3.024679390252265065e-01
1.456507204666666500e+00,3.029624380669172501e-01
1.456707204666666922e+00,3.034534225132774488e-01
1.456907204666666678e+00,3.039408900421244897e-01
1.457107204666666433e+00,3.044248383173712158e-01
1.457307204666666411e+00,3.049052649885690691e-01
1.457507204666666834e+00,3.053821676904747151e-01
1.457707204666666811e+00,3.058555440426279359e-01
1.457907204666666567e+00,3.063253916489526718e-01
1.458107204666666545e+00,3.067917080973657229e-01
1.458307204666666745e+00,3.072544909594024376e-01
1.458507204666666723e+00,3.077137377898579995e-01
1.458707204666666701e+00,3.081694461264475327e-01
1.458907204666666679e+00,3.086216134894759766e-01
1.459107204666666657e+00,3.090702373815269466e-01
1.459307204666666635e+00,3.095153152871646385e-01
1.459507204666666613e+00,3.099568446726517768e-01
1.459707204666666813e+00,3.103948229856832719e-01
1.459907204666666569e+00,3.108292476551310357e-01
1.460107204666666547e+00,3.112601160908121667e-01
1.460307204666666525e+00,3.116874256832606882e-01
1.460507204666666947e+00,3.121111738035240446e-01
1.460707204666666703e+00,3.125313578029649819e-01
1.460907204666666459e+00,3.129479750130906845e-01
1.461107204666666437e+00,3.133610227453830777e-01
1.461307204666666859e+00,3.137704982911517781e-01
1.461507204666666837e+00,3.141763989213964270e-01
1.461707204666666593e+00,3.145787218866900603e-01
1.461907204666666571e+00,3.149774644170716398e-01
1.462107204666666771e+00,3.153726237219517392e-01
1.462307204666666749e+00,3.157641969900352175e-01
1.462507204666666727e+00,3.161521813892579913e-01
1.462707204666666483e+00,3.165365740667355210e-01
1.462907204666666683e+00,3.169173721487276163e-01
1.463107204666666661e+00,3.172945727406121241e-01
1.463307204666666639e+00,3.176681729268788779e-01
1.463507204666666617e+00,3.180381697711317512e-01
1.463707204666666595e+00,3.184045603161065885e-01
1.463907204666666573e+00,3.187673415837016244e-01
1.464107204666666551e+00,3.191265105750201725e-01
1.464307204666666751e+00,3.194820642704286340e-01
1.464507204666666729e+00,3.198339996296237775e-01
1.464707204666666485e+00,3.201823135917166163e-01
1.464907204666666463e+00,3.205270030753282207e-01
1.465107204666666885e+00,3.208680649786938566e-01
1.465307204666666863e+00,3.212054961797827790e-01
1.465507204666666397e+00,3.215392935364329019e-01
1.465707204666666374e+00,3.218694538864945165e-01
1.465907204666666797e+00,3.221959740479832246e-01
1.466107204666666775e+00,3.225188508192482484e-01
1.466307204666666530e+00,3.228380809791542294e-01
1.466507204666666730e+00,3.231536612872722980e-01
1.466707204666666708e+00,3.234655884840782480e-01
1.466907204666666686e+00,3.237738592911712510e-01
1.467107204666666664e+00,3.240784704114962333e-01
1.467307204666666642e+00,3.243794185295799104e-01
1.467507204666666620e+00,3.246767003117780881e-01
1.467707204666666598e+00,3.249703124065325688e-01
1.467907204666666576e+00,3.252602514446395476e-01
1.468107204666666776e+00,3.255465140395283896e-01
1.468307204666666532e+00,3.258290967875486777e-01
1.468507204666666510e+00,3.261079962682718603e-01
1.468707204666666488e+00,3.263832090447971179e-01
1.468907204666666688e+00,3.266547316640722176e-01
1.469107204666666444e+00,3.269225606572194742e-01
1.469307204666666644e+00,3.271866925398767556e-01
1.469507204666666622e+00,3.274471238125408745e-01
1.469707204666666822e+00,3.277038509609274675e-01
1.469907204666666578e+00,3.279568704563327053e-01
1.470107204666666556e+00,3.282061787560112687e-01
1.470307204666666756e+00,3.284517723035567105e-01
1.470507204666666734e+00,3.286936475292936422e-01
1.470707204666666712e+00,3.289318008506780799e-01
1.470907204666666690e+00,3.291662286727051745e-01
1.471107204666666668e+00,3.293969273883259885e-01
1.471307204666666646e+00,3.296238933788711023e-01
1.471507204666666624e+00,3.298471230144828792e-01
1.471707204666666602e+00,3.300666126545553358e-01
1.471907204666666802e+00,3.302823586481806739e-01
1.472107204666666558e+00,3.304943573346033614e-01
1.472307204666666536e+00,3.307026050436828180e-01
1.472507204666666514e+00,3.309070980963609854e-01
1.472707204666666714e+00,3.311078328051367814e-01
1.472907204666666692e+00,3.313048054745493798e-01
1.473107204666666670e+00,3.314980124016660978e-01
1.473307204666666426e+00,3.316874498765762236e-01
1.473507204666666848e+00,3.318731141828938913e-01
1.473707204666666604e+00,3.320550015982617342e-01
1.473907204666666804e+00,3.322331083948671937e-01
1.474107204666666560e+00,3.324074308399574962e-01
1.474307204666666760e+00,3.325779651963672312e-01
1.474507204666666738e+00,3.327447077230435979e-01
1.474707204666666716e+00,3.329076546755838084e-01
1.474907204666666694e+00,3.330668023067739902e-01
1.475107204666666671e+00,3.332221468671325848e-01
1.475307204666666649e+00,3.333736846054611291e-01
1.475507204666666627e+00,3.335214117693966474e-01
1.475707204666666605e+00,3.336653246059709255e-01
1.475907204666666583e+00,3.338054193621720067e-01
1.476107204666666561e+00,3.339416922855116820e-01
1.476307204666666539e+00,3.340741396245958672e-01
1.476507204666666739e+00,3.342027576296986990e-01
1.476707204666666495e+00,3.343275425533409617e-01
1.476907204666666473e+00,3.344484906508720656e-01
1.477107204666666451e+00,3.345655981810541357e-01
1.477307204666666873e+00,3.346788614066513734e-01
1.477507204666666629e+00,3.347882765950204176e-01
1.477707204666666607e+00,3.348938400187055353e-01
1.477907204666666585e+00,3.349955479560352001e-01
1.478107204666666785e+00,3.350933966917221118e-01
1.478307204666666763e+00,3.351873825174649935e-01
1.478507204666666741e+00,3.352775017325546059e-01
1.478707204666666719e+00,3.353637506444788197e-01
1.478907204666666697e+00,3.354461255695331823e-01
1.479107204666666675e+00,3.355246228334312630e-01
1.479307204666666653e+00,3.355992387719175518e-01
1.479507204666666631e+00,3.356699697313823560e-01
1.479707204666666609e+00,3.357368120694773639e-01
1.479907204666666587e+00,3.357997621557343715e-01
1.480107204666666565e+00,3.358588163721824560e-01
1.480307204666666765e+00,3.359139711139700335e-01
1.480507204666666743e+00,3.359652227899847521e-01
1.480707204666666499e+00,3.360125678234761049e-01
1.480907204666666477e+00,3.360560026526789867e-01
1.481107204666666899e+00,3.360955237314362520e-01
1.481307204666666655e+00,3.361311275298236589e-01
1.481507204666666855e+00,3.361628105347750362e-01
1.481707204666666611e+00,3.361905692507069499e-01
1.481907204666666811e+00,3.362144002001440368e-01
1.482107204666666567e+00,3.362342999243454478e-01
1.482307204666666545e+00,3.362502649839292368e-01
1.482507204666666745e+00,3.362622919594985826e-01
1.482707204666666723e+00,3.362703774522673994e-01
1.482907204666666701e+00,3.362745180846848925e-01
1.483107204666666679e+00,3.362747105010605031e-01
1.483307204666666657e+00,3.362709513681888529e-01
1.483507204666666635e+00,3.362632373759723015e-01
1.483707204666666613e+00,3.362515652380442810e-01
1.483907204666666590e+00,3.362359316923926866e-01
1.484107204666666791e+00,3.362163335019794363e-01
1.484307204666666546e+00,3.361927674553626400e-01
1.484507204666666524e+00,3.361652303673155484e-01
1.484707204666666502e+00,3.361337190794441709e-01
1.484907204666666702e+00,3.360982304608058913e-01
1.485107204666666680e+00,3.360587614085240316e-01
1.485307204666666658e+00,3.360153088484032491e-01
1.485507204666666414e+00,3.359678697355426569e-01
1.485707204666666836e+00,3.359164410549470015e-01
1.485907204666666592e+00,3.358610198221370080e-01
1.486107204666666792e+00,3.358016030837585042e-01
1.486307204666666548e+00,3.357381879181877693e-01
1.486507204666666748e+00,3.356707714361376049e-01
1.486707204666666726e+00,3.355993507812603527e-01
1.486907204666666704e+00,3.355239231307484693e-01
1.487107204666666682e+00,3.354444856959346022e-01
1.487307204666666660e+00,3.353610357228881123e-01
1.487507204666666638e+00,3.352735704930108196e-01
1.487707204666666616e+00,3.351820873236300846e-01
1.487907204666666816e+00,3.350865835685886696e-01
1.488107204666666572e+00,3.349870566188350995e-01
1.488307204666666550e+00,3.348835039030084726e-01
1.488507204666666528e+00,3.347759228880225479e-01
1.488707204666666728e+00,3.346643110796491127e-01
1.488907204666666484e+00,3.345486660230954645e-01
1.489107204666666684e+00,3.344289853035815052e-01
1.489307204666666440e+00,3.343052665469148921e-01
1.489507204666666862e+00,3.341775074200613593e-01
1.489707204666666618e+00,3.340457056317164830e-01
1.489907204666666596e+00,3.339098589328690636e-01
1.490107204666666796e+00,3.337699651173672288e-01
1.490307204666666774e+00,3.336260220224803175e-01
1.490507204666666752e+00,3.334780275294552121e-01
1.490707204666666730e+00,3.333259795640746148e-01
1.490907204666666708e+00,3.331698760972091611e-01
1.491107204666666686e+00,3.330097151453680349e-01
1.491307204666666664e+00,3.328454947712471412e-01
1.491507204666666642e+00,3.326772130842736153e-01
1.491707204666666620e+00,3.325048682411481660e-01
1.491907204666666598e+00,3.323284584463849778e-01
1.492107204666666576e+00,3.321479819528469490e-01
1.492307204666666554e+00,3.319634370622808750e-01
1.492507204666666754e+00,3.317748221258472463e-01
1.492707204666666732e+00,3.315821355446491037e-01
1.492907204666666487e+00,3.313853757702562297e-01
1.493107204666666465e+00,3.311845413052277864e-01
1.493307204666666888e+00,3.309796307036323992e-01
1.493507204666666643e+00,3.307706425715648546e-01
1.493707204666666843e+00,3.305575755676573024e-01
1.493907204666666599e+00,3.303404284035944549e-01
1.494107204666666799e+00,3.301191998446162956e-01
1.494307204666666555e+00,3.298938887100288930e-01
1.494507204666666533e+00,3.296644938737011699e-01
1.494707204666666733e+00,3.294310142645687778e-01
1.494907204666666711e+00,3.291934488671285353e-01
1.495107204666666689e+00,3.289517967219321992e-01
1.495307204666666667e+00,3.287060569260782938e-01
1.495507204666666645e+00,3.284562286336994430e-01
1.495707204666666623e+00,3.282023110564487589e-01
1.495907204666666601e+00,3.279443034639816235e-01
1.496107204666666579e+00,3.276822051844356376e-01
1.496307204666666779e+00,3.274160156049085724e-01
1.496507204666666535e+00,3.271457341719327117e-01
1.496707204666666513e+00,3.268713603919446986e-01
1.496907204666666491e+00,3.265928938317574914e-01
1.497107204666666691e+00,3.263103341190246032e-01
1.497307204666666669e+00,3.260236809427059512e-01
1.497507204666666647e+00,3.257329340535265461e-01
1.497707204666666403e+00,3.254380932644370672e-01
1.497907204666666825e+00,3.251391584510679444e-01
1.498107204666666581e+00,3.248361295521876579e-01
1.498307204666666781e+00,3.245290065701458282e-01
1.498507204666666537e+00,3.242177895713301838e-01
1.498707204666666737e+00,3.239024786866056549e-01
1.498907204666666715e+00,3.235830741117634579e-01
1.499107204666666693e+00,3.232595761079590790e-01
1.499307204666666671e+00,3.229319850021521998e-01
1.499507204666666649e+00,3.226003011875437365e-01
1.499707204666666627e+00,3.222645251240096043e-01
1.499907204666666605e+00,3.219246573385325938e-01
1.500107204666666805e+00,3.215806984256325274e-01
1.500307204666666783e+00,3.212326490477952490e-01
1.500507204666666539e+00,3.208805099358956192e-01
1.500707204666666517e+00,3.205242818896207324e-01
1.500907204666666717e+00,3.201639657778939663e-01
1.501107204666666695e+00,3.197995625392928698e-01
1.501307204666666673e+00,3.194310731824643312e-01
1.501507204666666651e+00,3.190584987865420219e-01
1.501707204666666851e+00,3.186818405015582889e-01
1.501907204666666829e+00,3.183010995488569916e-01
1.502107204666666584e+00,3.179162772215008981e-01
1.502307204666666562e+00,3.175273748846789701e-01
1.502507204666666762e+00,3.171343939761137598e-01
1.502707204666666740e+00,3.167373360064651977e-01
1.502907204666666718e+00,3.163362025597307170e-01
1.503107204666666696e+00,3.159309952936472099e-01
1.503307204666666674e+00,3.155217159400888205e-01
1.503507204666666652e+00,3.151083663054646822e-01
1.503707204666666630e+00,3.146909482711137684e-01
1.503907204666666830e+00,3.142694637936984670e-01
1.504107204666666808e+00,3.138439149055987087e-01
1.504307204666666564e+00,3.134143037152995470e-01
1.504507204666666764e+00,3.129806324077812896e-01
1.504707204666666742e+00,3.125429032449106859e-01
1.504907204666666720e+00,3.121011185658219000e-01
1.505107204666666476e+00,3.116552807873052555e-01
1.505307204666666676e+00,3.112053924041881525e-01
1.505507204666666876e+00,3.107514559897202600e-01
1.505707204666666632e+00,3.102934741959532672e-01
1.505907204666666610e+00,3.098314497541173052e-01
1.506107204666666588e+00,3.093653854750044174e-01
1.506307204666666788e+00,3.088952842493419282e-01
1.506507204666666766e+00,3.084211490481716389e-01
1.506707204666666744e+00,3.079429829232213645e-01
1.506907204666666722e+00,3.074607890072802441e-01
1.507107204666666700e+00,3.069745705145711656e-01
1.507307204666666678e+00,3.064843307411222462e-01
1.507507204666666656e+00,3.059900730651368139e-01
1.507707204666666634e+00,3.054918009473630014e-01
1.507907204666666612e+00,3.049895179314619509e-01
1.508107204666666590e+00,3.044832276443751873e-01
1.508307204666666568e+00,3.039729337966906586e-01
1.508507204666666768e+00,3.034586401830075553e-01
1.508707204666666746e+00,3.029403506823034609e-01
1.508907204666666502e+00,3.024180692582938978e-01
1.509107204666666702e+00,3.018917999597953150e-01
1.509307204666666902e+00,3.013615469210906284e-01
1.509507204666666658e+00,3.008273143622872126e-01
1.509707204666666414e+00,3.002891065896746148e-01
1.509907204666666614e+00,2.997469279960853217e-01
1.510107204666666814e+00,2.992007830612560815e-01
1.510307204666666792e+00,2.986506763521812324e-01
1.510507204666666770e+00,2.980966125234693065e-01
1.510707204666666525e+00,2.975385963177003545e-01
1.510907204666666726e+00,2.969766325657777761e-01
1.511107204666666703e+00,2.964107261872875876e-01
1.511307204666666681e+00,2.958408821908457553e-01
1.511507204666666659e+00,2.952671056744539113e-01
1.511707204666666637e+00,2.946894018258494619e-01
1.511907204666666615e+00,2.941077759228566402e-01
1.512107204666666593e+00,2.935222333337364486e-01
1.512307204666666793e+00,2.929327795175344917e-01
1.512507204666666771e+00,2.923394200244323060e-01
1.512707204666666527e+00,2.917421604960906967e-01
1.512907204666666505e+00,2.911410066659972373e-01
1.513107204666666927e+00,2.905359643598126596e-01
1.513307204666666683e+00,2.899270394957195740e-01
1.513507204666666661e+00,2.893142380847563144e-01
1.513707204666666639e+00,2.886975662311692670e-01
1.513907204666666839e+00,2.880770301327498784e-01
1.514107204666666817e+00,2.874526360811792691e-01
1.514307204666666573e+00,2.868243904623655194e-01
1.514507204666666551e+00,2.861922997567821203e-01
1.514707204666666751e+00,2.855563705398094232e-01
1.514907204666666729e+00,2.849166094820716477e-01
1.515107204666666707e+00,2.842730233497701153e-01
1.515307204666666685e+00,2.836256190050202575e-01
1.515507204666666663e+00,2.829744034061861258e-01
1.515707204666666641e+00,2.823193836082121266e-01
1.515907204666666619e+00,2.816605667629558107e-01
1.516107204666666819e+00,2.809979601195174426e-01
1.516307204666666797e+00,2.803315710245722348e-01
1.516507204666666553e+00,2.796614069226952548e-01
1.516707204666666753e+00,2.789874753566871091e-01
1.516907204666666731e+00,2.783097839679066765e-01
1.517107204666666709e+00,2.776283404965881330e-01
1.517307204666666465e+00,2.769431527821676342e-01
1.517507204666666665e+00,2.762542287636008398e-01
1.517707204666666865e+00,2.755615764796898182e-01
1.517907204666666621e+00,2.748652040693971843e-01
1.518107204666666821e+00,2.741651197721592381e-01
1.518307204666666577e+00,2.734613319282110933e-01
1.518507204666666777e+00,2.727538489788888798e-01
1.518707204666666755e+00,2.720426794669529302e-01
1.518907204666666733e+00,2.713278320368895935e-01
1.519107204666666711e+00,2.706093154352234853e-01
1.519307204666666689e+00,2.698871385108228549e-01
1.519507204666666667e+00,2.691613102152051185e-01
1.519707204666666644e+00,2.684318396028390064e-01
1.519907204666666622e+00,2.676987358314447674e-01
1.520107204666666822e+00,2.669620081622925412e-01
1.520307204666666578e+00,2.662216659605028957e-01
1.520507204666666778e+00,2.654777186953315438e-01
1.520707204666666756e+00,2.647301759404724342e-01
1.520907204666666734e+00,2.639790473743393040e-01
1.521107204666666490e+00,2.632243427803567792e-01
1.521307204666666690e+00,2.624660720472408171e-01
1.521507204666666890e+00,2.617042451692874194e-01
1.521707204666666646e+00,2.609388722466486898e-01
1.521907204666666624e+00,2.601699634856055043e-01
1.522107204666666602e+00,2.593975291988483978e-01
1.522307204666666802e+00,2.586215798057445170e-01
1.522507204666666780e+00,2.578421258326094589e-01
1.522707204666666758e+00,2.570591779129682286e-01
1.522907204666666736e+00,2.562727467878204712e-01
1.523107204666666714e+00,2.554828433058987103e-01
1.523307204666666692e+00,2.546894784239244758e-01
1.523507204666666670e+00,2.538926632068607692e-01
1.523707204666666648e+00,2.530924088281616413e-01
1.523907204666666848e+00,2.522887265700164972e-01
1.524107204666666604e+00,2.514816278235971203e-01
1.524307204666666582e+00,2.506711240892878223e-01
1.524507204666666782e+00,2.498572269769276655e-01
1.524707204666666760e+00,2.490399482060406122e-01
1.524907204666666516e+00,2.482192996060601786e-01
1.525107204666666494e+00,2.473952931165513680e-01
1.525307204666666916e+00,2.465679407874337425e-01
1.525507204666666672e+00,2.457372547792001927e-01
1.525707204666666650e+00,2.449032473631145290e-01
1.525907204666666628e+00,2.440659309214304185e-01
1.526107204666666828e+00,2.432253179475875327e-01
1.526307204666666806e+00,2.423814210464130814e-01
1.526507204666666562e+00,2.415342529343106615e-01
1.526707204666666762e+00,2.406838264394471905e-01
1.526907204666666740e+00,2.398301545019449199e-01
1.527107204666666718e+00,2.389732501740506609e-01
1.527307204666666696e+00,2.381131266203141139e-01
1.527507204666666674e+00,2.372497971177551512e-01
1.527707204666666652e+00,2.363832750560273532e-01
1.527907204666666630e+00,2.355135739375762705e-01
1.528107204666666608e+00,2.346407073777914964e-01
1.528307204666666808e+00,2.337646891051538556e-01
1.528507204666666786e+00,2.328855329613797598e-01
1.528707204666666541e+00,2.320032529015534362e-01
1.528907204666666741e+00,2.311178629942557405e-01
1.529107204666666719e+00,2.302293774216971067e-01
1.529307204666666697e+00,2.293378104798266259e-01
1.529507204666666675e+00,2.284431765784490920e-01
1.529707204666666653e+00,2.275454902413300562e-01
1.529907204666666853e+00,2.266447661062951369e-01
1.530107204666666831e+00,2.257410189253275801e-01
1.530307204666666809e+00,2.248342635646493060e-01
1.530507204666666565e+00,2.239245150048062294e-01
1.530707204666666765e+00,2.230117883407367330e-01
1.530907204666666743e+00,2.220960987818487165e-01
1.531107204666666721e+00,2.211774616520694181e-01
1.531307204666666699e+00,2.202558923899048393e-01
1.531507204666666677e+00,2.193314065484837927e-01
1.531707204666666655e+00,2.184040197955984530e-01
1.531907204666666633e+00,2.174737479137350826e-01
1.532107204666666611e+00,2.165406068000993445e-01
1.532307204666666811e+00,2.156046124666322616e-01
1.532507204666666567e+00,2.146657810400249555e-01
1.532707204666666767e+00,2.137241287617091257e-01
1.532907204666666745e+00,2.127796719878659593e-01
1.533107204666666723e+00,2.118324271894008737e-01
1.533307204666666479e+00,2.108824109519284729e-01
1.533507204666666679e+00,2.099296399757363540e-01
1.533707204666666879e+00,2.089741310757573800e-01
1.533907204666666635e+00,2.080159011815177761e-01
1.534107204666666613e+00,2.070549673370781774e-01
1.534307204666666591e+00,2.060913467009801436e-01
1.534507204666666791e+00,2.051250565461689712e-01
1.534707204666666769e+00,2.041561142599189749e-01
1.534907204666666747e+00,2.031845373437385915e-01
1.535107204666666725e+00,2.022103434132777877e-01
1.535307204666666703e+00,2.012335501982207286e-01
1.535507204666666681e+00,2.002541755421703151e-01
1.535707204666666659e+00,1.992722374025247822e-01
1.535907204666666637e+00,1.982877538503440007e-01
1.536107204666666615e+00,1.973007430702070908e-01
1.536307204666666593e+00,1.963112233600607104e-01
1.536507204666666571e+00,1.953192131310577950e-01
1.536707204666666771e+00,1.943247309073860285e-01
1.536907204666666749e+00,1.933277953260914839e-01
1.537107204666666505e+00,1.923284251368840569e-01
1.537307204666666705e+00,1.913266392019359052e-01
1.537507204666666905e+00,1.903224564956816356e-01
1.537707204666666660e+00,1.893158961045929845e-01
1.537907204666666638e+00,1.883069772269441167e-01
1.538107204666666616e+00,1.872957191725823922e-01
1.538307204666666816e+00,1.862821413626723765e-01
1.538507204666666794e+00,1.852662633294415440e-01
1.538707204666666772e+00,1.842481047159038876e-01
1.538907204666666750e+00,1.832276852755841678e-01
1.539107204666666728e+00,1.822050248722260068e-01
1.539307204666666706e+00,1.811801434794909904e-01
1.539507204666666684e+00,1.801530611806469173e-01
1.539707204666666662e+00,1.791237981682455849e-01
1.539907204666666640e+00,1.780923747437897775e-01
1.540107204666666618e+00,1.770588113173896527e-01
1.540307204666666596e+00,1.760231284074083857e-01
1.540507204666666796e+00,1.749853466400954349e-01
1.540707204666666774e+00,1.739454867492150336e-01
1.540907204666666530e+00,1.729035695756533098e-01
1.541107204666666508e+00,1.718596160670197159e-01
1.541307204666666930e+00,1.708136472772414094e-01
1.541507204666666686e+00,1.697656843661485837e-01
1.541707204666666664e+00,1.687157485990249950e-01
1.541907204666666642e+00,1.676638613461818583e-01
1.542107204666666842e+00,1.666100440824948847e-01
1.542307204666666820e+00,1.655543183869451485e-01
1.542507204666666798e+00,1.644967059421347522e-01
1.542707204666666554e+00,1.634372285338044628e-01
1.542907204666666754e+00,1.623759080503268948e-01
1.543107204666666732e+00,1.613127664822069374e-01
1.543307204666666710e+00,1.602478259215470990e-01
1.543507204666666688e+00,1.591811085615190413e-01
1.543707204666666666e+00,1.581126366958164609e-01
1.543907204666666644e+00,1.570424327180971746e-01
1.544107204666666622e+00,1.559705191214142139e-01
1.544307204666666822e+00,1.548969184976331792e-01
1.544507204666666800e+00,1.538216535368445992e-01
1.544707204666666556e+00,1.527447470267534191e-01
1.544907204666666756e+00,1.516662218520616057e-01
1.545107204666666734e+00,1.505861009938506412e-01
1.545307204666666712e+00,1.495044075289302110e-01
1.545507204666666468e+00,1.484211646291934139e-01
1.545707204666666668e+00,1.473363955609461595e-01
1.545907204666666868e+00,1.462501236842427832e-01
1.546107204666666624e+00,1.451623724521927117e-01
1.546307204666666824e+00,1.440731654102546389e-01
1.546507204666666579e+00,1.429825261955418314e-01
1.546707204666666780e+00,1.418904785360808607e-01
1.546907204666666757e+00,1.407970462500945374e-01
1.547107204666666735e+00,1.397022532452424359e-01
1.547307204666666713e+00,1.386061235178683293e-01
1.547507204666666691e+00,1.375086811522293340e-01
1.547707204666666669e+00,1.364099503197131191e-01
1.547907204666666647e+00,1.353099552780445414e-01
1.548107204666666625e+00,1.342087203704797060e-01
1.548307204666666825e+00,1.331062700249872333e-01
1.548507204666666581e+00,1.320026287534251386e-01
1.548707204666666781e+00,1.308978211506859612e-01
1.548907204666666759e+00,1.297918718938612936e-01
1.549107204666666737e+00,1.286848057413634561e-01
1.549307204666666493e+00,1.275766475320566640e-01
1.549507204666666693e+00,1.264674221843612723e-01
1.549707204666666893e+00,1.253571546953655691e-01
1.549907204666666649e+00,1.242458701399079685e-01
1.550107204666666627e+00,1.231335936696480032e-01
1.550307204666666605e+00,1.220203505121428694e-01
1.550507204666666805e+00,1.209061659698938002e-01
1.550707204666666783e+00,1.197910654193952290e-01
1.550907204666666761e+00,1.186750743101576550e-01
1.551107204666666739e+00,1.175582181637328250e-01
1.551307204666666717e+00,1.164405225727205145e-01
1.551507204666666695e+00,1.153220131997652886e-01
1.551707204666666673e+00,1.142027157765426459e-01
1.551907204666666651e+00,1.130826561027330895e-01
1.552107204666666851e+00,1.119618600449842766e-01
1.552307204666666607e+00,1.108403535358697817e-01
1.552507204666666585e+00,1.097181625728175097e-01
1.552707204666666785e+00,1.085953132170513619e-01
1.552907204666666763e+00,1.074718315925091844e-01
1.553107204666666519e+00,1.063477438847462292e-01
1.553307204666666497e+00,1.052230763398331465e-01
1.553507204666666919e+00,1.040978552632462195e-01
1.553707204666666675e+00,1.029721070187505916e-01
1.553907204666666653e+00,1.018458580272465774e-01
1.554107204666666631e+00,1.007191347656433561e-01
1.554307204666666831e+00,9.959196376569427744e-02
1.554507204666666809e+00,9.846437161283824735e-02
1.554707204666666565e+00,9.733638494501770100e-02
1.554907204666666543e+00,9.620803045149253774e-02
1.555107204666666743e+00,9.507933487164960118e-02
1.555307204666666721e+00,9.395032499379642188e-02
1.555507204666666699e+00,9.282102765393963895e-02
1.555707204666666676e+00,9.169146973456393512e-02
1.555907204666666876e+00,9.056167816339445731e-02
1.556107204666666632e+00,8.943167991215859869e-02
1.556307204666666610e+00,8.830150199531812405e-02
1.556507204666666588e+00,8.717117146881887824e-02
1.556707204666666788e+00,8.604071542880957491e-02
1.556907204666666544e+00,8.491016101036708008e-02
1.557107204666666744e+00,8.377953538619131724e-02
1.557307204666666722e+00,8.264886576532232132e-02
1.557507204666666700e+00,8.151817939181717210e-02
1.557707204666666678e+00,8.038750354343825177e-02
1.557907204666666656e+00,7.925686553032512682e-02
1.558107204666666856e+00,7.812629269365835294e-02
1.558307204666666834e+00,7.699581240432044893e-02
1.558507204666666812e+00,7.586545206153665066e-02
1.558707204666666568e+00,7.473523909152095246e-02
1.558907204666666768e+00,7.360520094610049913e-02
1.559107204666666746e+00,7.247536510135181576e-02
1.559307204666666724e+00,7.134575905620432756e-02
1.559507204666666702e+00,7.021641033105528729e-02
1.559707204666666680e+00,6.908734646636900678e-02
1.559907204666666658e+00,6.795859502127052365e-02
1.560107204666666636e+00,6.683018357213163507e-02
1.560307204666666614e+00,6.570213971114996498e-02
1.560507204666666814e+00,6.457449104491945480e-02
1.560707204666666570e+00,6.344726519300229739e-02
1.560907204666666770e+00,6.232048978647278248e-02
1.561107204666666748e+00,6.119419246648719057e-02
1.561307204666666726e+00,6.006840088281505119e-02
1.561507204666666482e+00,5.894314269238597193e-02
1.561707204666666682e+00,5.781844555781456840e-02
1.561907204666666882e+00,5.669433714593889728e-02
1.562107204666666638e+00,5.557084512633514439e-02
1.562307204666666616e+00,5.444799716982658827e-02
1.562507204666666594e+00,5.332582094700451247e-02
1.562707204666666794e+00,5.220434412672508850e-02
1.562907204666666772e+00,5.108359437461463398e-02
1.563107204666666750e+00,4.996359935155600396e-02
1.563307204666666728e+00,4.884438671218256645e-02
1.563507204666666706e+00,4.772598410336126307e-02
1.563707204666666684e+00,4.660841916267204066e-02
1.563907204666666662e+00,4.549171951688298077e-02
1.564107204666666640e+00,4.437591278042112009e-02
1.564307204666666840e+00,4.326102655383774753e-02
1.564507204666666595e+00,4.214708842227736507e-02
1.564707204666666573e+00,4.103412595392404161e-02
1.564907204666666773e+00,3.992216669846782029e-02
1.565107204666666751e+00,3.881123818555500676e-02
1.565307204666666507e+00,3.770136792323178221e-02
1.565507204666666485e+00,3.659258339638919721e-02
1.565707204666666907e+00,3.548491206520931751e-02
1.565907204666666663e+00,3.437838136361064112e-02
1.566107204666666641e+00,3.327301869766642606e-02
1.566307204666666619e+00,3.216885144405635943e-02
1.566507204666666819e+00,3.106590694848972156e-02
1.566707204666666797e+00,2.996421252414149111e-02
1.566907204666666775e+00,2.886379545007310143e-02
1.567107204666666531e+00,2.776468296966437543e-02
1.567307204666666953e+00,2.666690228902981324e-02
1.567507204666666709e+00,2.557048057545977665e-02
1.567707204666666687e+00,2.447544495581836788e-02
1.567907204666666665e+00,2.338182251498195641e-02
1.568107204666666865e+00,2.228964029425124088e-02
1.568307204666666621e+00,2.119892528977714019e-02
1.568507204666666599e+00,2.010970445096772752e-02
1.568707204666666577e+00,1.902200467891854846e-02
1.568907204666666777e+00,1.793585282482355187e-02
1.569107204666666533e+00,1.685127568840043277e-02
1.569307204666666511e+00,1.576830001629689337e-02
1.569507204666666711e+00,1.468695250052042510e-02
1.569707204666666689e+00,1.360725977685606734e-02
1.569907204666666667e+00,1.252924842328067938e-02
1.570107204666666645e+00,1.145294495838843594e-02
1.570307204666666845e+00,1.037837583981052886e-02
1.570507204666666823e+00,9.305567462643471108e-03
1.570707204666666801e+00,8.234546157866191179e-03
1.570907204666666557e+00,7.165338190772982743e-03
1.571107204666666979e+00,6.097969759392937381e-03
1.571307204666666735e+00,5.032466992938281272e-03
1.571507204666666713e+00,3.968855950213056108e-03
1.571707204666666691e+00,2.907162618065553192e-03
1.571907204666666669e+00,1.847412909818806764e-03
1.572107204666666647e+00,7.896326637119007244e-04
1.572307204666666625e+00,-2.661523586572102362e-04
1.572507204666666603e+00,-1.319916473885334590e-03
1.572707204666666803e+00,-2.371634078315637897e-03
1.572907204666666559e+00,-3.421279649579257731e-03
1.573107204666666759e+00,-4.468827748151046192e-03
1.573307204666666737e+00,-5.514253018873276416e-03
1.573507204666666714e+00,-6.557530192503664701e-03
1.573707204666666470e+00,-7.598634087239848969e-03
1.573907204666666670e+00,-8.637539610253274630e-03
1.574107204666666870e+00,-9.674221759201285381e-03
1.574307204666666626e+00,-1.070865562375017746e-02
1.574507204666666826e+00,-1.174081638709524936e-02
1.574707204666666582e+00,-1.277067932745208113e-02
1.574907204666666782e+00,-1.379821981957713231e-02
1.575107204666666760e+00,-1.482341333624766049e-02
1.575307204666666738e+00,-1.584623544976514892e-02
1.575507204666666716e+00,-1.686666183343532577e-02
1.575707204666666694e+00,-1.788466826304847129e-02
1.575907204666666672e+00,-1.890023061835267859e-02
1.576107204666666650e+00,-1.991332488452071670e-02
1.576307204666666628e+00,-2.092392715361041794e-02
1.576507204666666828e+00,-2.193201362601928522e-02
1.576707204666666584e+00,-2.293756061192573498e-02
1.576907204666666562e+00,-2.394054453274004068e-02
1.577107204666666762e+00,-2.494094192252666736e-02
1.577307204666666740e+00,-2.593872942943049875e-02
1.577507204666666496e+00,-2.693388381709894974e-02
1.577707204666666474e+00,-2.792638196609154022e-02
1.577907204666666896e+00,-2.891620087527870669e-02
1.578107204666666652e+00,-2.990331766323002516e-02
1.578307204666666630e+00,-3.088770956961628400e-02
1.578507204666666608e+00,-3.186935395657135295e-02
1.578707204666666808e+00,-3.284822831006856125e-02
1.578907204666666786e+00,-3.382431024127497549e-02
1.579107204666666764e+00,-3.479757748790917454e-02
1.579307204666666520e+00,-3.576800791557763204e-02
1.579507204666666720e+00,-3.673557951911393671e-02
1.579707204666666698e+00,-3.770027042389152705e-02
1.579907204666666676e+00,-3.866205888714815964e-02
1.580107204666666654e+00,-3.962092329928482148e-02
1.580307204666666854e+00,-4.057684218516203339e-02
1.580507204666666610e+00,-4.152979420537892402e-02
1.580707204666666588e+00,-4.247975815755825058e-02
1.580907204666666566e+00,-4.342671297759910509e-02
1.581107204666666766e+00,-4.437063774093716328e-02
1.581307204666666744e+00,-4.531151166378202810e-02
1.581507204666666500e+00,-4.624931410435460799e-02
1.581707204666666922e+00,-4.718402456411016632e-02
1.581907204666666678e+00,-4.811562268893408711e-02
1.582107204666666656e+00,-4.904408827036130930e-02
1.582307204666666633e+00,-4.996940124674868755e-02
1.582507204666666834e+00,-5.089154170445810144e-02
1.582707204666666811e+00,-5.181048987901581970e-02
1.582907204666666567e+00,-5.272622615627052534e-02
1.583107204666666767e+00,-5.363873107353508973e-02
1.583307204666666745e+00,-5.454798532070638528e-02
1.583507204666666723e+00,-5.545396974139199520e-02
1.583707204666666701e+00,-5.635666533400962575e-02
1.583907204666666679e+00,-5.725605325288024572e-02
1.584107204666666879e+00,-5.815211480930826404e-02
1.584307204666666635e+00,-5.904483147264362464e-02
1.584507204666666613e+00,-5.993418487134554579e-02
1.584707204666666591e+00,-6.082015679401384101e-02
1.584907204666666791e+00,-6.170272919042274484e-02
1.585107204666666769e+00,-6.258188417253099378e-02
1.585307204666666747e+00,-6.345760401548918017e-02
1.585507204666666725e+00,-6.432987115862418004e-02
1.585707204666666703e+00,-6.519866820641491423e-02
1.585907204666666681e+00,-6.606397792945305214e-02
1.586107204666666659e+00,-6.692578326539073974e-02
1.586307204666666859e+00,-6.778406731987489386e-02
1.586507204666666837e+00,-6.863881336746305295e-02
1.586707204666666815e+00,-6.949000485253446768e-02
1.586907204666666571e+00,-7.033762539017678062e-02
1.587107204666666771e+00,-7.118165876706875062e-02
1.587307204666666749e+00,-7.202208894233357028e-02
1.587507204666666727e+00,-7.285890004839662426e-02
1.587707204666666705e+00,-7.369207639181438174e-02
1.587907204666666683e+00,-7.452160245409454598e-02
1.588107204666666661e+00,-7.534746289250018880e-02
1.588307204666666639e+00,-7.616964254083961883e-02
1.588507204666666617e+00,-7.698812641024059544e-02
1.588707204666666817e+00,-7.780289968991108140e-02
1.588907204666666573e+00,-7.861394774787899831e-02
1.589107204666666773e+00,-7.942125613173185716e-02
1.589307204666666751e+00,-8.022481056931783649e-02
1.589507204666666729e+00,-8.102459696945471523e-02
1.589707204666666707e+00,-8.182060142260853819e-02
1.589907204666666685e+00,-8.261281020156271970e-02
1.590107204666666885e+00,-8.340120976207082704e-02
1.590307204666666641e+00,-8.418578674348935198e-02
1.590507204666666619e+00,-8.496652796940705465e-02
1.590707204666666597e+00,-8.574342044824211084e-02
1.590907204666666797e+00,-8.651645137383601192e-02
1.591107204666666775e+00,-8.728560812602380314e-02
1.591307204666666753e+00,-8.805087827119602306e-02
1.591507204666666730e+00,-8.881224956283746697e-02
1.591707204666666708e+00,-8.956970994205369629e-02
1.591907204666666686e+00,-9.032324753808008977e-02
1.592107204666666664e+00,-9.107285066877597590e-02
1.592307204666666642e+00,-9.181850784110094643e-02
1.592507204666666842e+00,-9.256020775157754177e-02
1.592707204666666598e+00,-9.329793928673117687e-02
1.592907204666666576e+00,-9.403169152352668092e-02
1.593107204666666776e+00,-9.476145372977325121e-02
1.593307204666666754e+00,-9.548721536452065006e-02
1.593507204666666510e+00,-9.620896607844144077e-02
1.593707204666666488e+00,-9.692669571419389174e-02
1.593907204666666910e+00,-9.764039430676524356e-02
1.594107204666666666e+00,-9.835005208379792030e-02
1.594307204666666644e+00,-9.905565946591414483e-02
1.594507204666666622e+00,-9.975720706700115514e-02
1.594707204666666822e+00,-1.004546856944968786e-01
1.594907204666666800e+00,-1.011480863496491273e-01
1.595107204666666778e+00,-1.018374002277668555e-01
1.595307204666666756e+00,-1.025226187184467425e-01
1.595507204666666734e+00,-1.032037334057875344e-01
1.595707204666666712e+00,-1.038807360685863185e-01
1.595907204666666690e+00,-1.045536186805187534e-01
1.596107204666666668e+00,-1.052223734103014674e-01
1.596307204666666868e+00,-1.058869926218401758e-01
1.596507204666666624e+00,-1.065474688743548726e-01
1.596707204666666602e+00,-1.072037949225010944e-01
1.596907204666666580e+00,-1.078559637164577673e-01
1.597107204666666780e+00,-1.085039684020122214e-01
1.597307204666666758e+00,-1.091478023206189224e-01
1.597507204666666514e+00,-1.097874590094495423e-01
1.597707204666666714e+00,-1.104229322014228937e-01
1.597907204666666692e+00,-1.110542158252118133e-01
1.598107204666666670e+00,-1.116813040052461597e-01
1.598307204666666648e+00,-1.123041910616889016e-01
1.598507204666666848e+00,-1.129228715104005770e-01
1.598707204666666826e+00,-1.135373400628826995e-01
1.598907204666666804e+00,-1.141475916262122275e-01
1.599107204666666560e+00,-1.147536213029505675e-01
1.599307204666666760e+00,-1.153554243910450694e-01
1.599507204666666738e+00,-1.159529963837021699e-01
1.599707204666666716e+00,-1.165463329692580513e-01
1.599907204666666694e+00,-1.171354300310225721e-01
1.600107204666666671e+00,-1.177202836471109432e-01
1.600307204666666649e+00,-1.183008900902583760e-01
1.600507204666666627e+00,-1.188772458276185495e-01
1.600707204666666605e+00,-1.194493475205452432e-01
1.600907204666666805e+00,-1.200171920243592039e-01
1.601107204666666561e+00,-1.205807763880945016e-01
1.601307204666666761e+00,-1.211400978542390150e-01
1.601507204666666739e+00,-1.216951538584431503e-01
1.601707204666666717e+00,-1.222459420292278942e-01
1.601907204666666695e+00,-1.227924601876674848e-01
1.602107204666666673e+00,-1.233347063470593974e-01
1.602307204666666873e+00,-1.238726787125787876e-01
1.602507204666666629e+00,-1.244063756809132421e-01
1.602707204666666829e+00,-1.249357958398913671e-01
1.602907204666666807e+00,-1.254609379680814152e-01
1.603107204666666785e+00,-1.259818010343883299e-01
1.603307204666666763e+00,-1.264983841976263512e-01
1.603507204666666741e+00,-1.270106868060792427e-01
1.603707204666666719e+00,-1.275187083970451551e-01
1.603907204666666697e+00,-1.280224486963654207e-01
1.604107204666666675e+00,-1.285219076179391351e-01
1.604307204666666653e+00,-1.290170852632210319e-01
1.604507204666666631e+00,-1.295079819207061167e-01
1.604707204666666609e+00,-1.299945980653975652e-01
1.604907204666666587e+00,-1.304769343582612706e-01
1.605107204666666787e+00,-1.309549916456645702e-01
1.605307204666666765e+00,-1.314287709587988462e-01
1.605507204666666743e+00,-1.318982735130921069e-01
1.605707204666666721e+00,-1.323635007076015835e-01
1.605907204666666699e+00,-1.328244541243953081e-01
1.606107204666666899e+00,-1.332811355279180099e-01
1.606307204666666655e+00,-1.337335468643410796e-01
1.606507204666666633e+00,-1.341816902609045681e-01
1.606707204666666611e+00,-1.346255680252365361e-01
1.606907204666666811e+00,-1.350651826446646331e-01
1.607107204666666789e+00,-1.355005367855099396e-01
1.607307204666666767e+00,-1.359316332923715953e-01
1.607507204666666745e+00,-1.363584751873928858e-01
1.607707204666666723e+00,-1.367810656695166716e-01
1.607907204666666701e+00,-1.371994081137259958e-01
1.608107204666666679e+00,-1.376135060702724788e-01
1.608307204666666657e+00,-1.380233632638901975e-01
1.608507204666666857e+00,-1.384289835929981005e-01
1.608707204666666613e+00,-1.388303711288858544e-01
1.608907204666666590e+00,-1.392275301148940270e-01
1.609107204666666568e+00,-1.396204649655718444e-01
1.609307204666666768e+00,-1.400091802658303963e-01
1.609507204666666746e+00,-1.403936807700777722e-01
1.609707204666666724e+00,-1.407739714013465926e-01
1.609907204666666702e+00,-1.411500572504053308e-01
1.610107204666666680e+00,-1.415219435748587828e-01
1.610307204666666658e+00,-1.418896357982372403e-01
1.610507204666666636e+00,-1.422531395090727291e-01
1.610707204666666836e+00,-1.426124604599643131e-01
1.610907204666666814e+00,-1.429676045666295747e-01
1.611107204666666570e+00,-1.433185779069482413e-01
1.611307204666666548e+00,-1.436653867199926826e-01
1.611507204666666748e+00,-1.440080374050446144e-01
1.611707204666666726e+00,-1.443465365206035300e-01
1.611907204666666704e+00,-1.446808907833851410e-01
1.612107204666666682e+00,-1.450111070673058278e-01
1.612307204666666660e+00,-1.453371924024582929e-01
1.612507204666666638e+00,-1.456591539740761665e-01
1.612707204666666616e+00,-1.459769991214879548e-01
1.612907204666666594e+00,-1.462907353370610786e-01
1.613107204666666794e+00,-1.466003702651362539e-01
1.613307204666666772e+00,-1.469059117009492710e-01
1.613507204666666750e+00,-1.472073675895471390e-01
1.613707204666666728e+00,-1.475047460246906028e-01
1.613907204666666706e+00,-1.477980552477492493e-01
1.614107204666666684e+00,-1.480873036465865378e-01
1.614307204666666662e+00,-1.483724997544351443e-01
1.614507204666666862e+00,-1.486536522487644507e-01
1.614707204666666618e+00,-1.489307699501362381e-01
1.614907204666666818e+00,-1.492038618210571599e-01
1.615107204666666796e+00,-1.494729369648142014e-01
1.615307204666666774e+00,-1.497380046243099450e-01
1.615507204666666752e+00,-1.499990741808837624e-01
1.615707204666666730e+00,-1.502561551531278183e-01
1.615907204666666708e+00,-1.505092571956929970e-01
1.616107204666666686e+00,-1.507583900980886682e-01
1.616307204666666664e+00,-1.510035637834731270e-01
1.616507204666666642e+00,-1.512447883074378718e-01
1.616707204666666620e+00,-1.514820738567831393e-01
1.616907204666666820e+00,-1.517154307482872777e-01
1.617107204666666576e+00,-1.519448694274669609e-01
1.617307204666666776e+00,-1.521704004673346822e-01
1.617507204666666754e+00,-1.523920345671433141e-01
1.617707204666666732e+00,-1.526097825511297523e-01
1.617907204666666710e+00,-1.528236553672486508e-01
1.618107204666666687e+00,-1.530336640859008002e-01
1.618307204666666888e+00,-1.532398198986553439e-01
1.618507204666666643e+00,-1.534421341169657782e-01
1.618707204666666621e+00,-1.536406181708809549e-01
1.618907204666666599e+00,-1.538352836077487573e-01
1.619107204666666799e+00,-1.540261420909159185e-01
1.619307204666666777e+00,-1.542132053984209827e-01
1.619507204666666755e+00,-1.543964854216833271e-01
1.619707204666666733e+00,-1.545759941641867419e-01
1.619907204666666711e+00,-1.547517437401574603e-01
1.620107204666666689e+00,-1.549237463732385245e-01
1.620307204666666667e+00,-1.550920143951584340e-01
1.620507204666666645e+00,-1.552565602443968518e-01
1.620707204666666845e+00,-1.554173964648449535e-01
1.620907204666666601e+00,-1.555745357044612809e-01
1.621107204666666801e+00,-1.557279907139261510e-01
1.621307204666666779e+00,-1.558777743452889608e-01
1.621507204666666757e+00,-1.560238995506146031e-01
1.621707204666666513e+00,-1.561663793806251088e-01
1.621907204666666713e+00,-1.563052269833389574e-01
1.622107204666666913e+00,-1.564404556027058912e-01
1.622307204666666669e+00,-1.565720785772401202e-01
1.622507204666666647e+00,-1.567001093386511112e-01
1.622707204666666625e+00,-1.568245614104699370e-01
1.622907204666666825e+00,-1.569454484066751532e-01
1.623107204666666803e+00,-1.570627840303150946e-01
1.623307204666666559e+00,-1.571765820721288953e-01
1.623507204666666537e+00,-1.572868564091654264e-01
1.623707204666666737e+00,-1.573936210034003191e-01
1.623907204666666715e+00,-1.574968899003506562e-01
1.624107204666666693e+00,-1.575966772276901906e-01
1.624307204666666671e+00,-1.576929971938614561e-01
1.624507204666666649e+00,-1.577858640866873496e-01
1.624707204666666627e+00,-1.578752922719821872e-01
1.624907204666666605e+00,-1.579612961921613989e-01
1.625107204666666583e+00,-1.580438903648508087e-01
1.625307204666666783e+00,-1.581230893814957461e-01
1.625507204666666539e+00,-1.581989079059690217e-01
1.625707204666666739e+00,-1.582713606731803169e-01
1.625907204666666717e+00,-1.583404624876836586e-01
1.626107204666666695e+00,-1.584062282222864770e-01
1.626307204666666673e+00,-1.584686728166585235e-01
1.626507204666666651e+00,-1.585278112759414271e-01
1.626707204666666851e+00,-1.585836586693586958e-01
1.626907204666666829e+00,-1.586362301288264387e-01
1.627107204666666807e+00,-1.586855408475658369e-01
1.627307204666666562e+00,-1.587316060787154759e-01
1.627507204666666762e+00,-1.587744411339465367e-01
1.627707204666666740e+00,-1.588140613820776259e-01
1.627907204666666718e+00,-1.588504822476926870e-01
1.628107204666666696e+00,-1.588837192097600215e-01
1.628307204666666674e+00,-1.589137878002533644e-01
1.628507204666666652e+00,-1.589407036027745690e-01
1.628707204666666852e+00,-1.589644822511794287e-01
1.628907204666666608e+00,-1.589851394282048025e-01
1.629107204666666808e+00,-1.590026908640990999e-01
1.629307204666666564e+00,-1.590171523352547356e-01
1.629507204666666764e+00,-1.590285396628441372e-01
1.629707204666666742e+00,-1.590368687114578905e-01
1.629907204666666720e+00,-1.590421553877466032e-01
1.630107204666666698e+00,-1.590444156390656560e-01
1.630307204666666676e+00,-1.590436654521236448e-01
1.630507204666666876e+00,-1.590399208516340146e-01
1.630707204666666632e+00,-1.590331978989708295e-01
1.630907204666666832e+00,-1.590235126908274566e-01
1.631107204666666810e+00,-1.590108813578808844e-01
1.631307204666666788e+00,-1.589953200634579566e-01
1.631507204666666766e+00,-1.589768450022077950e-01
1.631707204666666744e+00,-1.589554723987773588e-01
1.631907204666666722e+00,-1.589312185064921390e-01
1.632107204666666700e+00,-1.589040996060413768e-01
1.632307204666666678e+00,-1.588741320041681393e-01
1.632507204666666656e+00,-1.588413320323635858e-01
1.632707204666666634e+00,-1.588057160455675076e-01
1.632907204666666612e+00,-1.587673004208735306e-01
1.633107204666666590e+00,-1.587261015562390909e-01
1.633307204666666790e+00,-1.586821358692014627e-01
1.633507204666666768e+00,-1.586354197955996970e-01
1.633707204666666746e+00,-1.585859697883012231e-01
1.633907204666666502e+00,-1.585338023159351684e-01
1.634107204666666702e+00,-1.584789338616311716e-01
1.634307204666666902e+00,-1.584213809217646374e-01
1.634507204666666658e+00,-1.583611600047082624e-01
1.634707204666666636e+00,-1.582982876295885855e-01
1.634907204666666614e+00,-1.582327803250511977e-01
1.635107204666666814e+00,-1.581646546280308374e-01
1.635307204666666792e+00,-1.580939270825287013e-01
1.635507204666666770e+00,-1.580206142383964729e-01
1.635707204666666525e+00,-1.579447326501276783e-01
1.635907204666666726e+00,-1.578662988756549257e-01
1.636107204666666703e+00,-1.577853294751563051e-01
1.636307204666666681e+00,-1.577018410098666445e-01
1.636507204666666659e+00,-1.576158500408980367e-01
1.636707204666666637e+00,-1.575273731280667222e-01
1.636907204666666615e+00,-1.574364268287282986e-01
1.637107204666666815e+00,-1.573430276966197028e-01
1.637307204666666571e+00,-1.572471922807103517e-01
1.637507204666666771e+00,-1.571489371240591959e-01
1.637707204666666749e+00,-1.570482787626822641e-01
1.637907204666666727e+00,-1.569452337244258977e-01
1.638107204666666705e+00,-1.568398185278496448e-01
1.638307204666666683e+00,-1.567320496811172303e-01
1.638507204666666661e+00,-1.566219436808951315e-01
1.638707204666666639e+00,-1.565095170112610068e-01
1.638907204666666839e+00,-1.563947861426191466e-01
1.639107204666666817e+00,-1.562777675306259717e-01
1.639307204666666795e+00,-1.561584776151233034e-01
1.639507204666666773e+00,-1.560369328190807925e-01
1.639707204666666751e+00,-1.559131495475474805e-01
1.639907204666666729e+00,-1.557871441866123530e-01
1.640107204666666707e+00,-1.556589331023733591e-01
1.640307204666666685e+00,-1.555285326399166446e-01
1.640507204666666663e+00,-1.553959591223041392e-01
1.640707204666666641e+00,-1.552612288495709703e-01
1.640907204666666841e+00,-1.551243580977319791e-01
1.641107204666666597e+00,-1.549853631177988411e-01
1.641307204666666797e+00,-1.548442601348037628e-01
1.641507204666666775e+00,-1.547010653468373909e-01
1.641707204666666753e+00,-1.545557949240921325e-01
1.641907204666666731e+00,-1.544084650079177723e-01
1.642107204666666709e+00,-1.542590917098861092e-01
1.642307204666666687e+00,-1.541076911108654190e-01
1.642507204666666665e+00,-1.539542792601054921e-01
1.642707204666666643e+00,-1.537988721743318576e-01
1.642907204666666621e+00,-1.536414858368509995e-01
1.643107204666666821e+00,-1.534821361966647313e-01
1.643307204666666799e+00,-1.533208391675963955e-01
1.643507204666666777e+00,-1.531576106274250837e-01
1.643707204666666755e+00,-1.529924664170321802e-01
1.643907204666666733e+00,-1.528254223395573985e-01
1.644107204666666711e+00,-1.526564941595653091e-01
1.644307204666666689e+00,-1.524856976022225807e-01
1.644507204666666667e+00,-1.523130483524854917e-01
1.644707204666666867e+00,-1.521385620542981820e-01
1.644907204666666622e+00,-1.519622543098023415e-01
1.645107204666666600e+00,-1.517841406785546687e-01
1.645307204666666578e+00,-1.516042366767595684e-01
1.645507204666666778e+00,-1.514225577765085096e-01
1.645707204666666756e+00,-1.512391194050331233e-01
1.645907204666666734e+00,-1.510539369439665436e-01
1.646107204666666712e+00,-1.508670257286178484e-01
1.646307204666666690e+00,-1.506784010472562718e-01
1.646507204666666668e+00,-1.504880781404063783e-01
1.646707204666666646e+00,-1.502960722001548677e-01
1.646907204666666624e+00,-1.501023983694674269e-01
1.647107204666666824e+00,-1.499070717415170451e-01
1.647307204666666802e+00,-1.497101073590245135e-01
1.647507204666666780e+00,-1.495115202136073906e-01
1.647707204666666758e+00,-1.493113252451424289e-01
1.647907204666666736e+00,-1.491095373411381597e-01
1.648107204666666714e+00,-1.489061713361188311e-01
1.648307204666666692e+00,-1.487012420110190858e-01
1.648507204666666670e+00,-1.484947640925904644e-01
1.648707204666666648e+00,-1.482867522528186210e-01
1.648907204666666626e+00,-1.480772211083517531e-01
1.649107204666666604e+00,-1.478661852199405768e-01
1.649307204666666804e+00,-1.476536590918888781e-01
1.649507204666666782e+00,-1.474396571715168303e-01
1.649707204666666760e+00,-1.472241938486326951e-01
1.649907204666666516e+00,-1.470072834550190943e-01
1.650107204666666716e+00,-1.467889402639270258e-01
1.650307204666666694e+00,-1.465691784895857552e-01
1.650507204666666672e+00,-1.463480122867187316e-01
1.650707204666666650e+00,-1.461254557500742679e-01
1.650907204666666628e+00,-1.459015229139660474e-01
1.651107204666666828e+00,-1.456762277518255655e-01
1.651307204666666806e+00,-1.454495841757656172e-01
1.651507204666666562e+00,-1.452216060361541661e-01
1.651707204666666762e+00,-1.449923071211995651e-01
1.651907204666666740e+00,-1.447617011565497103e-01
1.652107204666666718e+00,-1.445298018048978561e-01
1.652307204666666696e+00,-1.442966226656028916e-01
1.652507204666666674e+00,-1.440621772743196360e-01
1.652707204666666652e+00,-1.438264791026402922e-01
1.652907204666666630e+00,-1.435895415577474188e-01
1.653107204666666608e+00,-1.433513779820771716e-01
1.653307204666666586e+00,-1.431120016529946193e-01
1.653507204666666786e+00,-1.428714257824792166e-01
1.653707204666666541e+00,-1.426296635168229077e-01
1.653907204666666741e+00,-1.423867279363352223e-01
1.654107204666666719e+00,-1.421426320550659150e-01
1.654307204666666697e+00,-1.418973888205318223e-01
1.654507204666666675e+00,-1.416510111134588468e-01
1.654707204666666653e+00,-1.414035117475334891e-01
1.654907204666666631e+00,-1.411549034691651217e-01
1.655107204666666831e+00,-1.409051989572589203e-01
1.655307204666666809e+00,-1.406544108230013690e-01
1.655507204666666787e+00,-1.404025516096528703e-01
1.655707204666666765e+00,-1.401496337923547886e-01
1.655907204666666743e+00,-1.398956697779449310e-01
1.656107204666666721e+00,-1.396406719047844913e-01
1.656307204666666699e+00,-1.393846524425953193e-01
1.656507204666666677e+00,-1.391276235923076254e-01
1.656707204666666655e+00,-1.388695974859185112e-01
1.656907204666666855e+00,-1.386105861863602406e-01
1.657107204666666611e+00,-1.383506016873808087e-01
1.657307204666666811e+00,-1.380896559134303370e-01
1.657507204666666567e+00,-1.378277607195651511e-01
1.657707204666666767e+00,-1.375649278913529117e-01
1.657907204666666745e+00,-1.373011691447973137e-01
1.658107204666666723e+00,-1.370364961262650616e-01
1.658307204666666701e+00,-1.367709204124275268e-01
1.658507204666666901e+00,-1.365044535102109824e-01
1.658707204666666657e+00,-1.362371068567575783e-01
1.658907204666666635e+00,-1.359688918193931173e-01
1.659107204666666613e+00,-1.356998196956099856e-01
1.659307204666666813e+00,-1.354299017130547733e-01
1.659507204666666791e+00,-1.351591490295295239e-01
1.659707204666666769e+00,-1.348875727329987562e-01
1.659907204666666747e+00,-1.346151838416096702e-01
1.660107204666666725e+00,-1.343419933037197367e-01
1.660307204666666703e+00,-1.340680119979342222e-01
1.660507204666666681e+00,-1.337932507331533738e-01
1.660707204666666881e+00,-1.335177202486280967e-01
1.660907204666666637e+00,-1.332414312140271784e-01
1.661107204666666615e+00,-1.329643942295087033e-01
1.661307204666666593e+00,-1.326866198258067620e-01
1.661507204666666793e+00,-1.324081184643224884e-01
1.661707204666666771e+00,-1.321289005372268122e-01
1.661907204666666749e+00,-1.318489763675696202e-01
1.662107204666666505e+00,-1.315683562094001335e-01
1.662307204666666927e+00,-1.312870502478925006e-01
1.662507204666666905e+00,-1.310050685994873232e-01
1.662707204666666660e+00,-1.307224213120312950e-01
1.662907204666666638e+00,-1.304391183649329655e-01
1.663107204666666838e+00,-1.301551696693248605e-01
1.663307204666666816e+00,-1.298705850682342067e-01
1.663507204666666794e+00,-1.295853743367595678e-01
1.663707204666666772e+00,-1.292995471822581677e-01
1.663907204666666750e+00,-1.290131132445409001e-01
1.664107204666666728e+00,-1.287260820960740570e-01
1.664307204666666706e+00,-1.284384632421896322e-01
1.664507204666666684e+00,-1.281502661213041183e-01
1.664707204666666662e+00,-1.278615001051433553e-01
1.664907204666666640e+00,-1.275721744989763706e-01
1.665107204666666618e+00,-1.272822985418561592e-01
1.665307204666666818e+00,-1.269918814068674018e-01
1.665507204666666574e+00,-1.267009322013836758e-01
1.665707204666666774e+00,-1.264094599673268315e-01
1.665907204666666530e+00,-1.261174736814414110e-01
1.666107204666666730e+00,-1.258249822555666808e-01
1.666307204666666708e+00,-1.255319945369250678e-01
1.666507204666666686e+00,-1.252385193084095960e-01
1.666707204666666664e+00,-1.249445652888825226e-01
1.666907204666666642e+00,-1.246501411334794973e-01
1.667107204666666620e+00,-1.243552554339198146e-01
1.667307204666666820e+00,-1.240599167188234514e-01
1.667507204666666798e+00,-1.237641334540355298e-01
1.667707204666666776e+00,-1.234679140429544020e-01
1.667907204666666532e+00,-1.231712668268687139e-01
1.668107204666666732e+00,-1.228742000852974386e-01
1.668307204666666710e+00,-1.225767220363412346e-01
1.668507204666666688e+00,-1.222788408370324709e-01
1.668707204666666666e+00,-1.219805645836964242e-01
1.668907204666666644e+00,-1.216819013123161958e-01
1.669107204666666844e+00,-1.213828589989029011e-01
1.669307204666666600e+00,-1.210834455598730763e-01
1.669507204666666578e+00,-1.207836688524274588e-01
1.669707204666666778e+00,-1.204835366749395925e-01
1.669907204666666756e+00,-1.201830567673483480e-01
1.670107204666666734e+00,-1.198822368115521758e-01
1.670307204666666712e+00,-1.195810844318126870e-01
1.670507204666666690e+00,-1.192796071951605225e-01
1.670707204666666668e+00,-1.189778126118065105e-01
1.670907204666666646e+00,-1.186757081355578475e-01
1.671107204666666624e+00,-1.183733011642382621e-01
1.671307204666666824e+00,-1.180705990401119815e-01
1.671507204666666802e+00,-1.177676090503148310e-01
1.671707204666666557e+00,-1.174643384272849311e-01
1.671907204666666757e+00,-1.171607943492003617e-01
1.672107204666666735e+00,-1.168569839404226957e-01
1.672307204666666713e+00,-1.165529142719390482e-01
1.672507204666666691e+00,-1.162485923618125638e-01
1.672707204666666669e+00,-1.159440251756345686e-01
1.672907204666666869e+00,-1.156392196269797751e-01
1.673107204666666625e+00,-1.153341825778680663e-01
1.673307204666666603e+00,-1.150289208392232393e-01
1.673507204666666581e+00,-1.147234411713426300e-01
1.673707204666666781e+00,-1.144177502843639893e-01
1.673907204666666759e+00,-1.141118548387390352e-01
1.674107204666666737e+00,-1.138057614457069350e-01
1.674307204666666715e+00,-1.134994766677725059e-01
1.674507204666666693e+00,-1.131930070191867616e-01
1.674707204666666671e+00,-1.128863589664298034e-01
1.674907204666666649e+00,-1.125795389286958770e-01
1.675107204666666627e+00,-1.122725532783813429e-01
1.675307204666666827e+00,-1.119654083415742712e-01
1.675507204666666805e+00,-1.116581103985476026e-01
1.675707204666666783e+00,-1.113506656842517678e-01
1.675907204666666761e+00,-1.110430803888111939e-01
1.676107204666666739e+00,-1.107353606580226968e-01
1.676307204666666717e+00,-1.104275125938544294e-01
1.676507204666666695e+00,-1.101195422549469810e-01
1.676707204666666673e+00,-1.098114556571163081e-01
1.676907204666666651e+00,-1.095032587738576507e-01
1.677107204666666629e+00,-1.091949575368502817e-01
1.677307204666666607e+00,-1.088865578364645176e-01
1.677507204666666807e+00,-1.085780655222687713e-01
1.677707204666666563e+00,-1.082694864035391308e-01
1.677907204666666763e+00,-1.079608262497657040e-01
1.678107204666666741e+00,-1.076520907911668046e-01
1.678307204666666719e+00,-1.073432857191962270e-01
1.678507204666666697e+00,-1.070344166870559888e-01
1.678707204666666675e+00,-1.067254893102074914e-01
1.678907204666666653e+00,-1.064165091668839019e-01
1.679107204666666631e+00,-1.061074817986020769e-01
1.679307204666666831e+00,-1.057984127106743472e-01
1.679507204666666809e+00,-1.054893073727227876e-01
1.679707204666666565e+00,-1.051801712191891836e-01
1.679907204666666765e+00,-1.048710096498470939e-01
1.680107204666666521e+00,-1.045618280303170777e-01
1.680307204666666721e+00,-1.042526316925728447e-01
1.680507204666666699e+00,-1.039434259354572593e-01
1.680707204666666676e+00,-1.036342160251892824e-01
1.680907204666666654e+00,-1.033250071958746602e-01
1.681107204666666632e+00,-1.030158046500153912e-01
1.681307204666666610e+00,-1.027066135590169738e-01
1.681507204666666588e+00,-1.023974390636955417e-01
1.681707204666666788e+00,-1.020882862747839320e-01
1.681907204666666766e+00,-1.017791602734373912e-01
1.682107204666666744e+00,-1.014700661117350911e-01
1.682307204666666500e+00,-1.011610088131843221e-01
1.682507204666666700e+00,-1.008519933732185819e-01
1.682707204666666678e+00,-1.005430247597006860e-01
1.682907204666666656e+00,-1.002341079134167062e-01
1.683107204666666634e+00,-9.992524774857305947e-02
1.683307204666666834e+00,-9.961644915329063987e-02
1.683507204666666812e+00,-9.930771699009714737e-02
1.683707204666666790e+00,-9.899905609641590498e-02
1.683907204666666546e+00,-9.869047128505514799e-02
1.684107204666666746e+00,-9.838196734469158156e-02
1.684307204666666724e+00,-9.807354904035772702e-02
1.684507204666666702e+00,-9.776522111391904024e-02
1.684707204666666680e+00,-9.745698828455463814e-02
1.684907204666666658e+00,-9.714885524923293214e-02
1.685107204666666858e+00,-9.684082668318483300e-02
1.685307204666666614e+00,-9.653290724037609516e-02
1.685507204666666592e+00,-9.622510155397227816e-02
1.685707204666666570e+00,-9.591741423680662237e-02
1.685907204666666770e+00,-9.560984988184095812e-02
1.686107204666666748e+00,-9.530241306262582368e-02
1.686307204666666726e+00,-9.499510833375483798e-02
1.686507204666666704e+00,-9.468794023131879567e-02
1.686707204666666904e+00,-9.438091327335441927e-02
1.686907204666666660e+00,-9.407403196029251458e-02
1.687107204666666638e+00,-9.376730077539691122e-02
1.687307204666666616e+00,-9.346072418520735836e-02
1.687507204666666816e+00,-9.315430663997326111e-02
1.687707204666666572e+00,-9.284805257408736134e-02
1.687907204666666772e+00,-9.254196640651063399e-02
1.688107204666666750e+00,-9.223605254120141594e-02
1.688307204666666728e+00,-9.193031536753196176e-02
1.688507204666666706e+00,-9.162475926070748344e-02
1.688707204666666684e+00,-9.131938858217758526e-02
1.688907204666666662e+00,-9.101420768004543638e-02
1.689107204666666640e+00,-9.070922088947215578e-02
1.689307204666666617e+00,-9.040443253307653415e-02
1.689507204666666595e+00,-9.009984692133139739e-02
1.689707204666666795e+00,-8.979546835295476592e-02
1.689907204666666551e+00,-8.949130111529836340e-02
1.690107204666666751e+00,-8.918734948472691049e-02
1.690307204666666507e+00,-8.888361772700116570e-02
1.690507204666666707e+00,-8.858011009764607535e-02
1.690707204666666685e+00,-8.827683084232475219e-02
1.690907204666666663e+00,-8.797378419719886766e-02
1.691107204666666641e+00,-8.767097438928966868e-02
1.691307204666666841e+00,-8.736840563683206939e-02
1.691507204666666819e+00,-8.706608214962531511e-02
1.691707204666666797e+00,-8.676400812937598572e-02
1.691907204666666553e+00,-8.646218777003933376e-02
1.692107204666666753e+00,-8.616062525815174067e-02
1.692307204666666731e+00,-8.585932477316425560e-02
1.692507204666666709e+00,-8.555829048776260326e-02
1.692707204666666687e+00,-8.525752656818928743e-02
1.692907204666666665e+00,-8.495703717455653503e-02
1.693107204666666643e+00,-8.465682646115493815e-02
1.693307204666666621e+00,-8.435689857675729431e-02
1.693507204666666599e+00,-8.405725766491613238e-02
1.693707204666666577e+00,-8.375790786425657553e-02
1.693907204666666777e+00,-8.345885330876276487e-02
1.694107204666666755e+00,-8.316009812806100798e-02
1.694307204666666733e+00,-8.286164644769368481e-02
1.694507204666666489e+00,-8.256350238939132169e-02
1.694707204666666689e+00,-8.226567007133535336e-02
1.694907204666666667e+00,-8.196815360842078790e-02
1.695107204666666645e+00,-8.167095711250584034e-02
1.695307204666666623e+00,-8.137408469266180222e-02
1.695507204666666823e+00,-8.107754045541389065e-02
1.695707204666666801e+00,-8.078132850497880824e-02
1.695907204666666779e+00,-8.048545294349310208e-02
1.696107204666666535e+00,-8.018991787123903869e-02
1.696307204666666735e+00,-7.989472738686127784e-02
1.696507204666666713e+00,-7.959988558758278321e-02
1.696707204666666691e+00,-7.930539656940792381e-02
1.696907204666666669e+00,-7.901126442732500643e-02
1.697107204666666647e+00,-7.871749325550053689e-02
1.697307204666666847e+00,-7.842408714746749998e-02
1.697507204666666603e+00,-7.813105019630968429e-02
1.697707204666666803e+00,-7.783838649483430794e-02
1.697907204666666781e+00,-7.754610013574735061e-02
1.698107204666666759e+00,-7.725419521181424443e-02
1.698307204666666514e+00,-7.696267581601994034e-02
1.698507204666666714e+00,-7.667154604171894094e-02
1.698707204666666692e+00,-7.638080998278462541e-02
1.698907204666666670e+00,-7.609047173374580697e-02
1.699107204666666648e+00,-7.580053538992159723e-02
1.699307204666666626e+00,-7.551100504754877651e-02
1.699507204666666826e+00,-7.522188480390241960e-02
1.699707204666666804e+00,-7.493317875741226097e-02
1.699907204666666560e+00,-7.464489100776972030e-02
1.700107204666666760e+00,-7.435702565603019565e-02
1.700307204666666738e+00,-7.406958680471191492e-02
1.700507204666666716e+00,-7.378257855788311614e-02
1.700707204666666694e+00,-7.349600502124736812e-02
1.700907204666666672e+00,-7.320987030222014802e-02
1.701107204666666650e+00,-7.292417851000121409e-02
1.701307204666666628e+00,-7.263893375563879040e-02
1.701507204666666606e+00,-7.235414015208836702e-02
1.701707204666666584e+00,-7.206980181426571319e-02
1.701907204666666784e+00,-7.178592285909238258e-02
1.702107204666666762e+00,-7.150250740553722173e-02
1.702307204666666740e+00,-7.121955957464827514e-02
1.702507204666666718e+00,-7.093708348958147059e-02
1.702707204666666696e+00,-7.065508327562185220e-02
1.702907204666666674e+00,-7.037356306019844354e-02
1.703107204666666652e+00,-7.009252697289355960e-02
1.703307204666666630e+00,-6.981197914544522154e-02
1.703507204666666830e+00,-6.953192371174332642e-02
1.703707204666666808e+00,-6.925236480782165360e-02
1.703907204666666786e+00,-6.897330657183997626e-02
1.704107204666666764e+00,-6.869475314406327249e-02
1.704307204666666742e+00,-6.841670866683367824e-02
1.704507204666666720e+00,-6.813917728453590394e-02
1.704707204666666698e+00,-6.786216314355755785e-02
1.704907204666666676e+00,-6.758567039224247508e-02
1.705107204666666654e+00,-6.730970318083828730e-02
1.705307204666666632e+00,-6.703426566143817766e-02
1.705507204666666610e+00,-6.675936198791662668e-02
1.705707204666666810e+00,-6.648499631585826075e-02
1.705907204666666566e+00,-6.621117280248380033e-02
1.706107204666666766e+00,-6.593789560656344861e-02
1.706307204666666744e+00,-6.566516888833386079e-02
1.706507204666666722e+00,-6.539299680940034720e-02
1.706707204666666700e+00,-6.512138353263824397e-02
1.706907204666666678e+00,-6.485033322208742790e-02
1.707107204666666656e+00,-6.457985004284041985e-02
1.707307204666666633e+00,-6.430993816092502036e-02
1.707507204666666834e+00,-6.404060174318149112e-02
1.707707204666666811e+00,-6.377184495713433821e-02
1.707907204666666567e+00,-6.350367197085710069e-02
1.708107204666666767e+00,-6.323608695283160219e-02
1.708307204666666523e+00,-6.296909407180557861e-02
1.708507204666666723e+00,-6.270269749663710812e-02
1.708707204666666701e+00,-6.243690139614220536e-02
1.708907204666666679e+00,-6.217170993892974507e-02
1.709107204666666657e+00,-6.190712729323510216e-02
1.709307204666666635e+00,-6.164315762674701937e-02
1.709507204666666613e+00,-6.137980510642934012e-02
1.709707204666666591e+00,-6.111707389833743315e-02
1.709907204666666791e+00,-6.085496816742872600e-02
1.710107204666666769e+00,-6.059349207737040749e-02
1.710307204666666747e+00,-6.033264979033761688e-02
1.710507204666666725e+00,-6.007244546681081432e-02
1.710707204666666703e+00,-5.981288326536575439e-02
1.710907204666666681e+00,-5.955396734245882451e-02
1.711107204666666659e+00,-5.929570185220793543e-02
1.711307204666666637e+00,-5.903809094616765951e-02
1.711507204666666837e+00,-5.878113877309989327e-02
1.711707204666666815e+00,-5.852484947874068977e-02
1.711907204666666793e+00,-5.826922720555946511e-02
1.712107204666666549e+00,-5.801427609251712247e-02
1.712307204666666749e+00,-5.776000027481556498e-02
1.712507204666666727e+00,-5.750640388364777755e-02
1.712707204666666705e+00,-5.725349104593739635e-02
1.712907204666666683e+00,-5.700126588407787576e-02
1.713107204666666661e+00,-5.674973251566588911e-02
1.713307204666666639e+00,-5.649889505323030248e-02
1.713507204666666617e+00,-5.624875760395684626e-02
1.713707204666666595e+00,-5.599932426940855412e-02
1.713907204666666573e+00,-5.575059914524215648e-02
1.714107204666666773e+00,-5.550258632091949890e-02
1.714307204666666751e+00,-5.525528987941684400e-02
1.714507204666666729e+00,-5.500871389692693625e-02
1.714707204666666707e+00,-5.476286244256019231e-02
1.714907204666666685e+00,-5.451773957804025711e-02
1.715107204666666663e+00,-5.427334935739619448e-02
1.715307204666666641e+00,-5.402969582665072962e-02
1.715507204666666619e+00,-5.378678302350500123e-02
1.715707204666666819e+00,-5.354461497701896305e-02
1.715907204666666797e+00,-5.330319570729012690e-02
1.716107204666666775e+00,-5.306252922512546405e-02
1.716307204666666753e+00,-5.282261953171297347e-02
1.716507204666666730e+00,-5.258347061828830271e-02
1.716707204666666708e+00,-5.234508646579816987e-02
1.716907204666666686e+00,-5.210747104456097539e-02
1.717107204666666664e+00,-5.187062831392377782e-02
1.717307204666666642e+00,-5.163456222191617484e-02
1.717507204666666620e+00,-5.139927670490151979e-02
1.717707204666666598e+00,-5.116477568722467562e-02
1.717907204666666798e+00,-5.093106308085675049e-02
1.718107204666666776e+00,-5.069814278503853577e-02
1.718307204666666754e+00,-5.046601868591810147e-02
1.718507204666666510e+00,-5.023469465618896068e-02
1.718707204666666710e+00,-5.000417455472257883e-02
1.718907204666666688e+00,-4.977446222620231231e-02
1.719107204666666666e+00,-4.954556150075013765e-02
1.719307204666666644e+00,-4.931747619355414392e-02
1.719507204666666622e+00,-4.909021010449298589e-02
1.719707204666666822e+00,-4.886376701775720782e-02
1.719907204666666800e+00,-4.863815070147042841e-02
1.720107204666666778e+00,-4.841336490730525910e-02
1.720307204666666756e+00,-4.818941337010000658e-02
1.720507204666666734e+00,-4.796629980747223188e-02
1.720707204666666712e+00,-4.774402791943038737e-02
1.720907204666666690e+00,-4.752260138798380246e-02
1.721107204666666668e+00,-4.730202387675098985e-02
1.721307204666666646e+00,-4.708229903056609933e-02
1.721507204666666624e+00,-4.686343047508405996e-02
1.721707204666666602e+00,-4.664542181638389046e-02
1.721907204666666580e+00,-4.642827664057069814e-02
1.722107204666666780e+00,-4.621199851337629005e-02
1.722307204666666758e+00,-4.599659097975936084e-02
1.722507204666666736e+00,-4.578205756350234995e-02
1.722707204666666492e+00,-4.556840176680969356e-02
1.722907204666666692e+00,-4.535562706990234338e-02
1.723107204666666670e+00,-4.514373693061522752e-02
1.723307204666666648e+00,-4.493273478398909088e-02
1.723507204666666626e+00,-4.472262404186495149e-02
1.723707204666666826e+00,-4.451340809247635033e-02
1.723907204666666804e+00,-4.430509030004214921e-02
1.724107204666666782e+00,-4.409767400435647688e-02
1.724307204666666538e+00,-4.389116252038093025e-02
1.724507204666666738e+00,-4.368555913783354200e-02
1.724707204666666716e+00,-4.348086712078123861e-02
1.724907204666666694e+00,-4.327708970722730919e-02
1.725107204666666671e+00,-4.307423010870237851e-02
1.725307204666666649e+00,-4.287229150985372855e-02
1.725507204666666849e+00,-4.267127706803447440e-02
1.725707204666666605e+00,-4.247118991289434986e-02
1.725907204666666583e+00,-4.227203314596734984e-02
1.726107204666666561e+00,-4.207380984026362625e-02
1.726307204666666761e+00,-4.187652303985856667e-02
1.726507204666666739e+00,-4.168017575948444048e-02
1.726707204666666717e+00,-4.148477098412001879e-02
1.726907204666666695e+00,-4.129031166858317115e-02
1.727107204666666895e+00,-4.109680073712244919e-02
1.727307204666666651e+00,-4.090424108301104339e-02
1.727507204666666629e+00,-4.071263556813819323e-02
1.727707204666666829e+00,-4.052198702260555174e-02
1.727907204666666807e+00,-4.033229824432230104e-02
1.728107204666666563e+00,-4.014357199860074665e-02
1.728307204666666763e+00,-3.995581101775314697e-02
1.728507204666666741e+00,-3.976901800069251869e-02
1.728707204666666719e+00,-3.958319561253015317e-02
1.728907204666666697e+00,-3.939834648417747665e-02
1.729107204666666675e+00,-3.921447321194873603e-02
1.729307204666666653e+00,-3.903157835716435098e-02
1.729507204666666631e+00,-3.884966444575668754e-02
1.729707204666666609e+00,-3.866873396787679634e-02
1.729907204666666587e+00,-3.848878937750323248e-02
1.730107204666666787e+00,-3.830983309205225618e-02
1.730307204666666543e+00,-3.813186749199086456e-02
1.730507204666666743e+00,-3.795489492044910179e-02
1.730707204666666721e+00,-3.777891768283864193e-02
1.730907204666666699e+00,-3.760393804646885302e-02
1.731107204666666677e+00,-3.742995824016810691e-02
1.731307204666666655e+00,-3.725698045390615776e-02
1.731507204666666633e+00,-3.708500683841853274e-02
1.731707204666666833e+00,-3.691403950483390650e-02
1.731907204666666811e+00,-3.674408052430388344e-02
1.732107204666666789e+00,-3.657513192763413301e-02
1.732307204666666767e+00,-3.640719570491957047e-02
1.732507204666666745e+00,-3.624027380518134167e-02
1.732707204666666723e+00,-3.607436813600658349e-02
1.732907204666666701e+00,-3.590948056319120951e-02
1.733107204666666679e+00,-3.574561291038517996e-02
1.733307204666666657e+00,-3.558276695874086626e-02
1.733507204666666635e+00,-3.542094444656450347e-02
1.733707204666666613e+00,-3.526014706897038359e-02
1.733907204666666590e+00,-3.510037647753845580e-02
1.734107204666666568e+00,-3.494163427997482030e-02
1.734307204666666768e+00,-3.478392203977555969e-02
1.734507204666666746e+00,-3.462724127589456719e-02
1.734707204666666724e+00,-3.447159346241301242e-02
1.734907204666666702e+00,-3.431698002821408772e-02
1.735107204666666680e+00,-3.416340235666040503e-02
1.735307204666666658e+00,-3.401086178527484155e-02
1.735507204666666636e+00,-3.385935960542540979e-02
1.735707204666666614e+00,-3.370889706201361108e-02
1.735907204666666814e+00,-3.355947535316633479e-02
1.736107204666666570e+00,-3.341109562993262866e-02
1.736307204666666770e+00,-3.326375899598189856e-02
1.736507204666666526e+00,-3.311746650730977570e-02
1.736707204666666726e+00,-3.297221917194367163e-02
1.736907204666666704e+00,-3.282801794965669456e-02
1.737107204666666682e+00,-3.268486375168197511e-02
1.737307204666666660e+00,-3.254275744043354929e-02
1.737507204666666638e+00,-3.240169982923041259e-02
1.737707204666666616e+00,-3.226169168202529941e-02
1.737907204666666594e+00,-3.212273371313753567e-02
1.738107204666666572e+00,-3.198482658699035308e-02
1.738307204666666772e+00,-3.184797091785269985e-02
1.738507204666666750e+00,-3.171216726958586696e-02
1.738707204666666506e+00,-3.157741615539393781e-02
1.738907204666666706e+00,-3.144371803757888689e-02
1.739107204666666684e+00,-3.131107332730208304e-02
1.739307204666666662e+00,-3.117948238434774949e-02
1.739507204666666640e+00,-3.104894551689318938e-02
1.739707204666666618e+00,-3.091946298128321613e-02
1.739907204666666818e+00,-3.079103498180912196e-02
1.740107204666666796e+00,-3.066366167049359992e-02
1.740307204666666552e+00,-3.053734314687905904e-02
1.740507204666666752e+00,-3.041207945782180982e-02
1.740707204666666730e+00,-3.028787059729232817e-02
1.740907204666666708e+00,-3.016471650617832262e-02
1.741107204666666686e+00,-3.004261707209480298e-02
1.741307204666666664e+00,-2.992157212919856202e-02
1.741507204666666642e+00,-2.980158145800813202e-02
1.741707204666666620e+00,-2.968264478522873728e-02
1.741907204666666598e+00,-2.956476178358279083e-02
1.742107204666666576e+00,-2.944793207164568549e-02
1.742307204666666776e+00,-2.933215521368687934e-02
1.742507204666666754e+00,-2.921743071951687920e-02
1.742707204666666732e+00,-2.910375804433859570e-02
1.742907204666666710e+00,-2.899113658860544285e-02
1.743107204666666687e+00,-2.887956569788416306e-02
1.743307204666666665e+00,-2.876904466272369593e-02
1.743507204666666643e+00,-2.865957271852935528e-02
1.743707204666666621e+00,-2.855114904544264059e-02
1.743907204666666821e+00,-2.844377276822693257e-02
1.744107204666666799e+00,-2.833744295615907988e-02
1.744307204666666777e+00,-2.823215862292580147e-02
1.744507204666666755e+00,-2.812791872652696534e-02
1.744707204666666733e+00,-2.802472216918409920e-02
1.744907204666666711e+00,-2.792256779725470900e-02
1.745107204666666689e+00,-2.782145440115273149e-02
1.745307204666666667e+00,-2.772138071527451009e-02
1.745507204666666645e+00,-2.762234541793096715e-02
1.745707204666666623e+00,-2.752434713128566052e-02
1.745907204666666601e+00,-2.742738442129865478e-02
1.746107204666666579e+00,-2.733145579767643635e-02
1.746307204666666779e+00,-2.723655971382783758e-02
1.746507204666666757e+00,-2.714269456682629617e-02
1.746707204666666513e+00,-2.704985869737751986e-02
1.746907204666666713e+00,-2.695805038979329216e-02
1.747107204666666691e+00,-2.686726787197258465e-02
1.747307204666666669e+00,-2.677750931538688123e-02
1.747507204666666647e+00,-2.668877283507290615e-02
1.747707204666666625e+00,-2.660105648963115299e-02
1.747907204666666825e+00,-2.651435828123042959e-02
1.748107204666666803e+00,-2.642867615561894645e-02
1.748307204666666559e+00,-2.634400800214099780e-02
1.748507204666666759e+00,-2.626035165375996405e-02
1.748707204666666737e+00,-2.617770488708846127e-02
1.748907204666666715e+00,-2.609606542242321608e-02
1.749107204666666693e+00,-2.601543092378714311e-02
1.749307204666666671e+00,-2.593579899897747315e-02
1.749507204666666649e+00,-2.585716719961989735e-02
1.749707204666666627e+00,-2.577953302122917151e-02
1.749907204666666605e+00,-2.570289390327590989e-02
1.750107204666666583e+00,-2.562724722925964482e-02
1.750307204666666783e+00,-2.555259032678799946e-02
1.750507204666666761e+00,-2.547892046766261215e-02
1.750707204666666739e+00,-2.540623486797046610e-02
1.750907204666666495e+00,-2.533453068818250498e-02
1.751107204666666917e+00,-2.526380503325730692e-02
1.751307204666666673e+00,-2.519405495275302970e-02
1.751507204666666651e+00,-2.512527744094267962e-02
1.751707204666666629e+00,-2.505746943693854673e-02
1.751907204666666606e+00,-2.499062782482115025e-02
1.752107204666666807e+00,-2.492474943377491481e-02
1.752307204666666784e+00,-2.485983103823048712e-02
1.752507204666666762e+00,-2.479586935801249975e-02
1.752707204666666740e+00,-2.473286105849432925e-02
1.752907204666666718e+00,-2.467080275075865525e-02
1.753107204666666696e+00,-2.460969099176450042e-02
1.753307204666666674e+00,-2.454952228452019630e-02
1.753507204666666652e+00,-2.449029307826295493e-02
1.753707204666666630e+00,-2.443199976864421363e-02
1.753907204666666608e+00,-2.437463869792148852e-02
1.754107204666666586e+00,-2.431820615515629253e-02
1.754307204666666786e+00,-2.426269837641796545e-02
1.754507204666666764e+00,-2.420811154499433876e-02
1.754707204666666742e+00,-2.415444179160760457e-02
1.754907204666666720e+00,-2.410168519463699865e-02
1.755107204666666698e+00,-2.404983778034734676e-02
1.755307204666666676e+00,-2.399889552312366864e-02
1.755507204666666654e+00,-2.394885434571172866e-02
1.755707204666666632e+00,-2.389971011946503271e-02
1.755907204666666610e+00,-2.385145866459725122e-02
1.756107204666666810e+00,-2.380409575044119264e-02
1.756307204666666788e+00,-2.375761709571353603e-02
1.756507204666666766e+00,-2.371201836878515656e-02
1.756707204666666744e+00,-2.366729518795816778e-02
1.756907204666666722e+00,-2.362344312174806393e-02
1.757107204666666700e+00,-2.358045768917224616e-02
1.757307204666666678e+00,-2.353833436004426627e-02
1.757507204666666656e+00,-2.349706855527376737e-02
1.757707204666666634e+00,-2.345665564717241275e-02
1.757907204666666612e+00,-2.341709095976542143e-02
1.758107204666666590e+00,-2.337836976910893927e-02
1.758307204666666790e+00,-2.334048730361307222e-02
1.758507204666666768e+00,-2.330343874437064422e-02
1.758707204666666746e+00,-2.326721922549150612e-02
1.758907204666666502e+00,-2.323182383444256233e-02
1.759107204666666702e+00,-2.319724761239305016e-02
1.759307204666666680e+00,-2.316348555456620995e-02
1.759507204666666658e+00,-2.313053261059523635e-02
1.759707204666666636e+00,-2.309838368488566912e-02
1.759907204666666614e+00,-2.306703363698291848e-02
1.760107204666666814e+00,-2.303647728194485600e-02
1.760307204666666792e+00,-2.300670939072049087e-02
1.760507204666666770e+00,-2.297772469053309397e-02
1.760707204666666748e+00,-2.294951786526926857e-02
1.760907204666666726e+00,-2.292208355587303098e-02
1.761107204666666703e+00,-2.289541636074491487e-02
1.761307204666666681e+00,-2.286951083614652963e-02
1.761507204666666659e+00,-2.284436149661007998e-02
1.761707204666666637e+00,-2.281996281535283999e-02
1.761907204666666615e+00,-2.279630922469689375e-02
1.762107204666666593e+00,-2.277339511649369846e-02
1.762307204666666793e+00,-2.275121484255349796e-02
1.762507204666666771e+00,-2.272976271507991253e-02
1.762707204666666749e+00,-2.270903300710908068e-02
1.762907204666666727e+00,-2.268901995295365126e-02
1.763107204666666483e+00,-2.266971774865170208e-02
1.763307204666666683e+00,-2.265112055242004402e-02
1.763507204666666661e+00,-2.263322248511250717e-02
1.763707204666666639e+00,-2.261601763068250143e-02
1.763907204666666617e+00,-2.259950003665038565e-02
1.764107204666666817e+00,-2.258366371457517369e-02
1.764307204666666795e+00,-2.256850264053069516e-02
1.764507204666666773e+00,-2.255401075558616936e-02
1.764707204666666529e+00,-2.254018196629112986e-02
1.764907204666666729e+00,-2.252701014516460959e-02
1.765107204666666707e+00,-2.251448913118855866e-02
1.765307204666666685e+00,-2.250261273030536302e-02
1.765507204666666663e+00,-2.249137471591958204e-02
1.765707204666666641e+00,-2.248076882940371751e-02
1.765907204666666619e+00,-2.247078878060793788e-02
1.766107204666666597e+00,-2.246142824837375068e-02
1.766307204666666797e+00,-2.245268088105161625e-02
1.766507204666666775e+00,-2.244454029702234316e-02
1.766707204666666753e+00,-2.243700008522230699e-02
1.766907204666666731e+00,-2.243005380567224261e-02
1.767107204666666709e+00,-2.242369499000983202e-02
1.767307204666666687e+00,-2.241791714202587965e-02
1.767507204666666665e+00,-2.241271373820388768e-02
1.767707204666666643e+00,-2.240807822826323265e-02
1.767907204666666621e+00,-2.240400403570562415e-02
1.768107204666666599e+00,-2.240048455836500529e-02
1.768307204666666799e+00,-2.239751316896076982e-02
1.768507204666666777e+00,-2.239508321565400473e-02
1.768707204666666755e+00,-2.239318802260710506e-02
1.768907204666666733e+00,-2.239182089054629621e-02
1.769107204666666711e+00,-2.239097509732732721e-02
1.769307204666666689e+00,-2.239064389850412007e-02
1.769507204666666667e+00,-2.239082052790004190e-02
1.769707204666666644e+00,-2.239149819818248704e-02
1.769907204666666622e+00,-2.239267010143979747e-02
1.770107204666666600e+00,-2.239432940976101433e-02
1.770307204666666578e+00,-2.239646927581839808e-02
1.770507204666666778e+00,-2.239908283345235646e-02
1.770707204666666756e+00,-2.240216319825882180e-02
1.770907204666666734e+00,-2.240570346817928604e-02
1.771107204666666490e+00,-2.240969672409293817e-02
1.771307204666666912e+00,-2.241413603041128577e-02
1.771507204666666668e+00,-2.241901443567482360e-02
1.771707204666666646e+00,-2.242432497315207524e-02
1.771907204666666624e+00,-2.243006066144052901e-02
1.772107204666666824e+00,-2.243621450506968346e-02
1.772307204666666580e+00,-2.244277949510588982e-02
1.772507204666666780e+00,-2.244974860975949144e-02
1.772707204666666758e+00,-2.245711481499308021e-02
1.772907204666666736e+00,-2.246487106513220255e-02
1.773107204666666714e+00,-2.247301030347725881e-02
1.773307204666666692e+00,-2.248152546291710269e-02
1.773507204666666670e+00,-2.249040946654431300e-02
1.773707204666666648e+00,-2.249965522827171438e-02
1.773907204666666626e+00,-2.250925565345038293e-02
1.774107204666666604e+00,-2.251920363948900494e-02
1.774307204666666582e+00,-2.252949207647431812e-02
1.774507204666666782e+00,-2.254011384779285032e-02
1.774707204666666760e+00,-2.255106183075371307e-02
1.774907204666666738e+00,-2.256232889721234564e-02
1.775107204666666716e+00,-2.257390791419539716e-02
1.775307204666666694e+00,-2.258579174452617078e-02
1.775507204666666672e+00,-2.259797324745121266e-02
1.775707204666666650e+00,-2.261044527926740766e-02
1.775907204666666628e+00,-2.262320069394971322e-02
1.776107204666666606e+00,-2.263623234377966364e-02
1.776307204666666806e+00,-2.264953307997426279e-02
1.776507204666666784e+00,-2.266309575331520304e-02
1.776707204666666762e+00,-2.267691321477872252e-02
1.776907204666666518e+00,-2.269097831616553873e-02
1.777107204666666718e+00,-2.270528391073105973e-02
1.777307204666666696e+00,-2.271982285381569933e-02
1.777507204666666674e+00,-2.273458800347535197e-02
1.777707204666666652e+00,-2.274957222111183980e-02
1.777907204666666630e+00,-2.276476837210322096e-02
1.778107204666666608e+00,-2.278016932643400078e-02
1.778307204666666586e+00,-2.279576795932512778e-02
1.778507204666666786e+00,-2.281155715186369837e-02
1.778707204666666764e+00,-2.282752979163218260e-02
1.778907204666666741e+00,-2.284367877333742108e-02
1.779107204666666497e+00,-2.285999699943892793e-02
1.779307204666666697e+00,-2.287647738077676351e-02
1.779507204666666675e+00,-2.289311283719846352e-02
1.779707204666666653e+00,-2.290989629818562801e-02
1.779907204666666631e+00,-2.292682070347941414e-02
1.780107204666666609e+00,-2.294387900370527256e-02
1.780307204666666809e+00,-2.296106416099671227e-02
1.780507204666666787e+00,-2.297836914961797622e-02
1.780707204666666765e+00,-2.299578695658582167e-02
1.780907204666666743e+00,-2.301331058228995446e-02
1.781107204666666721e+00,-2.303093304111223510e-02
1.781307204666666699e+00,-2.304864736204459419e-02
1.781507204666666677e+00,-2.306644658930580988e-02
1.781707204666666655e+00,-2.308432378295632859e-02
1.781907204666666633e+00,-2.310227201951212117e-02
1.782107204666666611e+00,-2.312028439255647827e-02
1.782307204666666589e+00,-2.313835401335052194e-02
1.782507204666666789e+00,-2.315647401144175360e-02
1.782707204666666767e+00,-2.317463753527077008e-02
1.782907204666666745e+00,-2.319283775277641846e-02
1.783107204666666723e+00,-2.321106785199854999e-02
1.783307204666666701e+00,-2.322932104167921286e-02
1.783507204666666679e+00,-2.324759055186143702e-02
1.783707204666666657e+00,-2.326586963448604162e-02
1.783907204666666635e+00,-2.328415156398618013e-02
1.784107204666666613e+00,-2.330242963787957505e-02
1.784307204666666813e+00,-2.332069717735847647e-02
1.784507204666666569e+00,-2.333894752787705335e-02
1.784707204666666769e+00,-2.335717405973657124e-02
1.784907204666666747e+00,-2.337537016866769041e-02
1.785107204666666725e+00,-2.339352927641029367e-02
1.785307204666666703e+00,-2.341164483129077462e-02
1.785507204666666681e+00,-2.342971030879627270e-02
1.785707204666666659e+00,-2.344771921214634097e-02
1.785907204666666637e+00,-2.346566507286163006e-02
1.786107204666666615e+00,-2.348354145132961618e-02
1.786307204666666593e+00,-2.350134193736734545e-02
1.786507204666666793e+00,-2.351906015078112505e-02
1.786707204666666771e+00,-2.353668974192296703e-02
1.786907204666666749e+00,-2.355422439224402753e-02
1.787107204666666727e+00,-2.357165781484460432e-02
1.787307204666666705e+00,-2.358898375502092165e-02
1.787507204666666683e+00,-2.360619599080836933e-02
1.787707204666666660e+00,-2.362328833352154295e-02
1.787907204666666638e+00,-2.364025462829053709e-02
1.788107204666666616e+00,-2.365708875459381078e-02
1.788307204666666594e+00,-2.367378462678744466e-02
1.788507204666666794e+00,-2.369033619463050550e-02
1.788707204666666772e+00,-2.370673744380686482e-02
1.788907204666666750e+00,-2.372298239644322904e-02
1.789107204666666506e+00,-2.373906511162313104e-02
1.789307204666666706e+00,-2.375497968589716097e-02
1.789507204666666684e+00,-2.377072025378906828e-02
1.789707204666666662e+00,-2.378628098829805443e-02
1.789907204666666640e+00,-2.380165610139670096e-02
1.790107204666666618e+00,-2.381683984452498404e-02
1.790307204666666596e+00,-2.383182650907988975e-02
1.790507204666666796e+00,-2.384661042690106730e-02
1.790707204666666774e+00,-2.386118597075172210e-02
1.790907204666666752e+00,-2.387554755479569940e-02
1.791107204666666730e+00,-2.388968963506957199e-02
1.791307204666666708e+00,-2.390360670995082121e-02
1.791507204666666686e+00,-2.391729332062102892e-02
1.791707204666666664e+00,-2.393074405152485762e-02
1.791907204666666642e+00,-2.394395353082421490e-02
1.792107204666666620e+00,-2.395691643084765787e-02
1.792307204666666820e+00,-2.396962746853549542e-02
1.792507204666666576e+00,-2.398208140587955450e-02
1.792707204666666776e+00,-2.399427305035871372e-02
1.792907204666666754e+00,-2.400619725536901755e-02
1.793107204666666732e+00,-2.401784892064937754e-02
1.793307204666666710e+00,-2.402922299270193046e-02
1.793507204666666688e+00,-2.404031446520773357e-02
1.793707204666666666e+00,-2.405111837943701286e-02
1.793907204666666644e+00,-2.406162982465488015e-02
1.794107204666666622e+00,-2.407184393852128401e-02
1.794307204666666600e+00,-2.408175590748636713e-02
1.794507204666666578e+00,-2.409136096718009906e-02
1.794707204666666778e+00,-2.410065440279713506e-02
1.794907204666666756e+00,-2.410963154947592252e-02
1.795107204666666734e+00,-2.411828779267290862e-02
1.795307204666666712e+00,-2.412661856853094006e-02
1.795507204666666690e+00,-2.413461936424257659e-02
1.795707204666666668e+00,-2.414228571840783266e-02
1.795907204666666646e+00,-2.414961322138635402e-02
1.796107204666666624e+00,-2.415659751564420282e-02
1.796307204666666602e+00,-2.416323429609495282e-02
1.796507204666666802e+00,-2.416951931043535839e-02
1.796707204666666557e+00,-2.417544835947510462e-02
1.796907204666666757e+00,-2.418101729746123529e-02
1.797107204666666735e+00,-2.418622203239655100e-02
1.797307204666666713e+00,-2.419105852635256709e-02
1.797507204666666691e+00,-2.419552279577647652e-02
1.797707204666666669e+00,-2.419961091179241575e-02
1.797907204666666647e+00,-2.420331900049695062e-02
1.798107204666666625e+00,-2.420664324324860867e-02
1.798307204666666603e+00,-2.420957987695154801e-02
1.798507204666666581e+00,-2.421212519433338373e-02
1.798707204666666781e+00,-2.421427554421703293e-02
1.798907204666666759e+00,-2.421602733178647437e-02
1.799107204666666737e+00,-2.421737701884674882e-02
1.799307204666666715e+00,-2.421832112407775600e-02
1.799507204666666915e+00,-2.421885622328211196e-02
1.799707204666666671e+00,-2.421897894962680986e-02
1.799907204666666649e+00,-2.421868599387895504e-02
1.800107204666666627e+00,-2.421797410463532446e-02
1.800307204666666605e+00,-2.421684008854566722e-02
1.800507204666666805e+00,-2.421528081053010012e-02
1.800707204666666783e+00,-2.421329319399014718e-02
1.800907204666666761e+00,-2.421087422101355496e-02
1.801107204666666739e+00,-2.420802093257307802e-02
1.801307204666666717e+00,-2.420473042871886665e-02
1.801507204666666695e+00,-2.420099986876469988e-02
1.801707204666666673e+00,-2.419682647146791793e-02
1.801907204666666651e+00,-2.419220751520318596e-02
1.802107204666666629e+00,-2.418714033812958270e-02
1.802307204666666607e+00,-2.418162233835203373e-02
1.802507204666666585e+00,-2.417565097407584074e-02
1.802707204666666785e+00,-2.416922376375508358e-02
1.802907204666666763e+00,-2.416233828623484681e-02
1.803107204666666741e+00,-2.415499218088679872e-02
1.803307204666666719e+00,-2.414718314773861563e-02
1.803507204666666697e+00,-2.413890894759691125e-02
1.803707204666666675e+00,-2.413016740216394895e-02
1.803907204666666653e+00,-2.412095639414772036e-02
1.804107204666666631e+00,-2.411127386736583444e-02
1.804307204666666609e+00,-2.410111782684295351e-02
1.804507204666666809e+00,-2.409048633890172736e-02
1.804707204666666787e+00,-2.407937753124741315e-02
1.804907204666666765e+00,-2.406778959304611831e-02
1.805107204666666743e+00,-2.405572077499643774e-02
1.805307204666666721e+00,-2.404316938939491527e-02
1.805507204666666699e+00,-2.403013381019487166e-02
1.805707204666666676e+00,-2.401661247305883484e-02
1.805907204666666654e+00,-2.400260387540482238e-02
1.806107204666666632e+00,-2.398810657644567107e-02
1.806307204666666610e+00,-2.397311919722259349e-02
1.806507204666666588e+00,-2.395764042063164290e-02
1.806707204666666788e+00,-2.394166899144435645e-02
1.806907204666666766e+00,-2.392520371632157750e-02
1.807107204666666744e+00,-2.390824346382102589e-02
1.807307204666666722e+00,-2.389078716439845679e-02
1.807507204666666700e+00,-2.387283381040249813e-02
1.807707204666666678e+00,-2.385438245606291002e-02
1.807907204666666656e+00,-2.383543221747252971e-02
1.808107204666666634e+00,-2.381598227256304795e-02
1.808307204666666612e+00,-2.379603186107406843e-02
1.808507204666666812e+00,-2.377558028451604022e-02
1.808707204666666790e+00,-2.375462690612697297e-02
1.808907204666666768e+00,-2.373317115082228257e-02
1.809107204666666746e+00,-2.371121250513896078e-02
1.809307204666666724e+00,-2.368875051717295871e-02
1.809507204666666702e+00,-2.366578479651065131e-02
1.809707204666666680e+00,-2.364231501415363368e-02
1.809907204666666658e+00,-2.361834090243748047e-02
1.810107204666666636e+00,-2.359386225494430195e-02
1.810307204666666614e+00,-2.356887892640889548e-02
1.810507204666666592e+00,-2.354339083261868665e-02
1.810707204666666792e+00,-2.351739795030766828e-02
1.810907204666666770e+00,-2.349090031704401810e-02
1.811107204666666748e+00,-2.346389803111139510e-02
1.811307204666666726e+00,-2.343639125138444884e-02
1.811507204666666704e+00,-2.340838019719777841e-02
1.811707204666666682e+00,-2.337986514820932643e-02
1.811907204666666660e+00,-2.335084644425708400e-02
1.812107204666666638e+00,-2.332132448521023749e-02
1.812307204666666616e+00,-2.329129973081396632e-02
1.812507204666666816e+00,-2.326077270052836349e-02
1.812707204666666794e+00,-2.322974397336146496e-02
1.812907204666666772e+00,-2.319821418769597160e-02
1.813107204666666750e+00,-2.316618404111048246e-02
1.813307204666666728e+00,-2.313365429019446223e-02
1.813507204666666706e+00,-2.310062575035753962e-02
1.813707204666666684e+00,-2.306709929563282441e-02
1.813907204666666662e+00,-2.303307585847454847e-02
1.814107204666666640e+00,-2.299855642954962837e-02
1.814307204666666617e+00,-2.296354205752392658e-02
1.814507204666666595e+00,-2.292803384884221918e-02
1.814707204666666795e+00,-2.289203296750288302e-02
1.814907204666666773e+00,-2.285554063482682363e-02
1.815107204666666751e+00,-2.281855812922055360e-02
1.815307204666666729e+00,-2.278108678593391417e-02
1.815507204666666707e+00,-2.274312799681211389e-02
1.815707204666666685e+00,-2.270468321004219525e-02
1.815907204666666663e+00,-2.266575392989406829e-02
1.816107204666666641e+00,-2.262634171645609010e-02
1.816307204666666619e+00,-2.258644818536507254e-02
1.816507204666666597e+00,-2.254607500753111338e-02
1.816707204666666797e+00,-2.250522390885672380e-02
1.816907204666666775e+00,-2.246389666995119577e-02
1.817107204666666753e+00,-2.242209512583902276e-02
1.817307204666666731e+00,-2.237982116566349100e-02
1.817507204666666709e+00,-2.233707673238502500e-02
1.817707204666666687e+00,-2.229386382247435655e-02
1.817907204666666665e+00,-2.225018448560034390e-02
1.818107204666666643e+00,-2.220604082431303777e-02
1.818307204666666621e+00,-2.216143499372150855e-02
1.818507204666666599e+00,-2.211636920116670513e-02
1.818707204666666577e+00,-2.207084570588940808e-02
1.818907204666666777e+00,-2.202486681869317287e-02
1.819107204666666755e+00,-2.197843490160261010e-02
1.819307204666666733e+00,-2.193155236751645476e-02
1.819507204666666711e+00,-2.188422167985628469e-02
1.819707204666666689e+00,-2.183644535221020838e-02
1.819907204666666667e+00,-2.178822594797199391e-02
1.820107204666666645e+00,-2.173956607997555579e-02
1.820307204666666623e+00,-2.169046841012471638e-02
1.820507204666666823e+00,-2.164093564901855421e-02
1.820707204666666801e+00,-2.159097055557234607e-02
1.820907204666666779e+00,-2.154057593663360332e-02
1.821107204666666757e+00,-2.148975464659425710e-02
1.821307204666666735e+00,-2.143850958699813208e-02
1.821507204666666713e+00,-2.138684370614427760e-02
1.821707204666666691e+00,-2.133475999868587880e-02
1.821907204666666669e+00,-2.128226150522517790e-02
1.822107204666666647e+00,-2.122935131190396840e-02
1.822307204666666625e+00,-2.117603254999033541e-02
1.822507204666666603e+00,-2.112230839546091338e-02
1.822707204666666581e+00,-2.106818206857950099e-02
1.822907204666666781e+00,-2.101365683347142244e-02
1.823107204666666759e+00,-2.095873599769451645e-02
1.823307204666666737e+00,-2.090342291180546930e-02
1.823507204666666714e+00,-2.084772096892296284e-02
1.823707204666666692e+00,-2.079163360428704782e-02
1.823907204666666670e+00,-2.073516429481446488e-02
1.824107204666666648e+00,-2.067831655865078055e-02
1.824307204666666626e+00,-2.062109395471855428e-02
1.824507204666666604e+00,-2.056350008226236203e-02
1.824707204666666804e+00,-2.050553858038983712e-02
1.824907204666666782e+00,-2.044721312761005327e-02
1.825107204666666760e+00,-2.038852744136771672e-02
1.825307204666666738e+00,-2.032948527757461044e-02
1.825507204666666716e+00,-2.027009043013770079e-02
1.825707204666666694e+00,-2.021034673048385105e-02
1.825907204666666894e+00,-2.015025804708166918e-02
1.826107204666666650e+00,-2.008982828496030243e-02
1.826307204666666628e+00,-2.002906138522460300e-02
1.826507204666666606e+00,-1.996796132456835071e-02
1.826707204666666584e+00,-1.990653211478377038e-02
1.826907204666666784e+00,-1.984477780226845400e-02
1.827107204666666762e+00,-1.978270246752986128e-02
1.827307204666666740e+00,-1.972031022468625355e-02
1.827507204666666718e+00,-1.965760522096585139e-02
1.827707204666666696e+00,-1.959459163620291822e-02
1.827907204666666674e+00,-1.953127368233138761e-02
1.828107204666666652e+00,-1.946765560287599256e-02
1.828307204666666630e+00,-1.940374167244099390e-02
1.828507204666666608e+00,-1.933953619619658421e-02
1.828707204666666808e+00,-1.927504350936284222e-02
1.828907204666666786e+00,-1.921026797669179997e-02
1.829107204666666764e+00,-1.914521399194669959e-02
1.829307204666666742e+00,-1.907988597737968889e-02
1.829507204666666720e+00,-1.901428838320728953e-02
1.829707204666666698e+00,-1.894842568708379055e-02
1.829907204666666676e+00,-1.888230239357266416e-02
1.830107204666666654e+00,-1.881592303361631635e-02
1.830307204666666632e+00,-1.874929216400379739e-02
1.830507204666666610e+00,-1.868241436683680534e-02
1.830707204666666588e+00,-1.861529424899417001e-02
1.830907204666666788e+00,-1.854793644159428989e-02
1.831107204666666766e+00,-1.848034559945669481e-02
1.831307204666666744e+00,-1.841252640056121465e-02
1.831507204666666722e+00,-1.834448354550635013e-02
1.831707204666666700e+00,-1.827622175696613088e-02
1.831907204666666678e+00,-1.820774577914542613e-02
1.832107204666666656e+00,-1.813906037723422848e-02
1.832307204666666633e+00,-1.807017033686061230e-02
1.832507204666666611e+00,-1.800108046354262359e-02
1.832707204666666811e+00,-1.793179558213889302e-02
1.832907204666666789e+00,-1.786232053629877026e-02
1.833107204666666767e+00,-1.779266018791068188e-02
1.833307204666666745e+00,-1.772281941655027421e-02
1.833507204666666723e+00,-1.765280311892743897e-02
1.833707204666666701e+00,-1.758261620833267286e-02
1.833907204666666679e+00,-1.751226361408265292e-02
1.834107204666666657e+00,-1.744175028096515284e-02
1.834307204666666635e+00,-1.737108116868349428e-02
1.834507204666666613e+00,-1.730026125130038755e-02
1.834707204666666591e+00,-1.722929551668125198e-02
1.834907204666666791e+00,-1.715818896593724469e-02
1.835107204666666769e+00,-1.708694661286821320e-02
1.835307204666666747e+00,-1.701557348340453774e-02
1.835507204666666725e+00,-1.694407461504972290e-02
1.835707204666666703e+00,-1.687245505632233022e-02
1.835907204666666681e+00,-1.680071986619783089e-02
1.836107204666666659e+00,-1.672887411355062498e-02
1.836307204666666637e+00,-1.665692287659590459e-02
1.836507204666666615e+00,-1.658487124233174598e-02
1.836707204666666815e+00,-1.651272430598116348e-02
1.836907204666666793e+00,-1.644048717043486429e-02
1.837107204666666771e+00,-1.636816494569347247e-02
1.837307204666666749e+00,-1.629576274831080057e-02
1.837507204666666727e+00,-1.622328570083721166e-02
1.837707204666666705e+00,-1.615073893126352939e-02
1.837907204666666683e+00,-1.607812757246530888e-02
1.838107204666666883e+00,-1.600545676164790571e-02
1.838307204666666639e+00,-1.593273163979223167e-02
1.838507204666666617e+00,-1.585995735110042743e-02
1.838707204666666595e+00,-1.578713904244363753e-02
1.838907204666666795e+00,-1.571428186280938305e-02
1.839107204666666773e+00,-1.564139096275071056e-02
1.839307204666666751e+00,-1.556847149383535668e-02
1.839507204666666729e+00,-1.549552860809671508e-02
1.839707204666666707e+00,-1.542256745748548340e-02
1.839907204666666685e+00,-1.534959319332240314e-02
1.840107204666666663e+00,-1.527661096575225544e-02
1.840307204666666641e+00,-1.520362592319906940e-02
1.840507204666666619e+00,-1.513064321182252224e-02
1.840707204666666819e+00,-1.505766797497569247e-02
1.840907204666666797e+00,-1.498470535266456342e-02
1.841107204666666775e+00,-1.491176048100814437e-02
1.841307204666666753e+00,-1.483883849170095602e-02
1.841507204666666730e+00,-1.476594451147658464e-02
1.841707204666666708e+00,-1.469308366157308539e-02
1.841907204666666686e+00,-1.462026105719986709e-02
1.842107204666666664e+00,-1.454748180700642275e-02
1.842307204666666642e+00,-1.447475101255281914e-02
1.842507204666666620e+00,-1.440207376778199905e-02
1.842707204666666598e+00,-1.432945515849395370e-02
1.842907204666666576e+00,-1.425690026182192989e-02
1.843107204666666776e+00,-1.418441414571037888e-02
1.843307204666666754e+00,-1.411200186839559230e-02
1.843507204666666732e+00,-1.403966847788737198e-02
1.843707204666666710e+00,-1.396741901145384136e-02
1.843907204666666688e+00,-1.389525849510802290e-02
1.844107204666666666e+00,-1.382319194309664621e-02
1.844307204666666644e+00,-1.375122435739146824e-02
1.844507204666666622e+00,-1.367936072718273395e-02
1.844707204666666822e+00,-1.360760602837506571e-02
1.844907204666666800e+00,-1.353596522308624962e-02
1.845107204666666778e+00,-1.346444325914764213e-02
1.845307204666666756e+00,-1.339304506960800438e-02
1.845507204666666734e+00,-1.332177557223949461e-02
1.845707204666666712e+00,-1.325063966904645348e-02
1.845907204666666690e+00,-1.317964224577676709e-02
1.846107204666666668e+00,-1.310878817143614448e-02
1.846307204666666646e+00,-1.303808229780508733e-02
1.846507204666666624e+00,-1.296752945895874969e-02
1.846707204666666602e+00,-1.289713447078960108e-02
1.846907204666666580e+00,-1.282690213053319823e-02
1.847107204666666780e+00,-1.275683721629667679e-02
1.847307204666666758e+00,-1.268694448659075068e-02
1.847507204666666736e+00,-1.261722867986404296e-02
1.847707204666666714e+00,-1.254769451404121570e-02
1.847907204666666914e+00,-1.247834668606385804e-02
1.848107204666666670e+00,-1.240918987143510739e-02
1.848307204666666648e+00,-1.234022872376633155e-02
1.848507204666666626e+00,-1.227146787432871998e-02
1.848707204666666604e+00,-1.220291193160694294e-02
1.848907204666666804e+00,-1.213456548085660967e-02
1.849107204666666782e+00,-1.206643308366553251e-02
1.849307204666666760e+00,-1.199851927751750987e-02
1.849507204666666738e+00,-1.193082857536052928e-02
1.849707204666666716e+00,-1.186336546517807213e-02
1.849907204666666694e+00,-1.179613440956393984e-02
1.850107204666666671e+00,-1.172913984530094857e-02
1.850307204666666649e+00,-1.166238618294301345e-02
1.850507204666666627e+00,-1.159587780640106668e-02
1.850707204666666605e+00,-1.152961907253269476e-02
1.850907204666666583e+00,-1.146361431073549854e-02
1.851107204666666783e+00,-1.139786782254414120e-02
1.851307204666666761e+00,-1.133238388123168454e-02
1.851507204666666739e+00,-1.126716673141403037e-02
1.851707204666666717e+00,-1.120222058865889651e-02
1.851907204666666695e+00,-1.113754963909854671e-02
1.852107204666666673e+00,-1.107315803904640288e-02
1.852307204666666651e+00,-1.100904991461776859e-02
1.852507204666666629e+00,-1.094522936135446968e-02
1.852707204666666607e+00,-1.088170044385368927e-02
1.852907204666666807e+00,-1.081846719540076156e-02
1.853107204666666785e+00,-1.075553361760640987e-02
1.853307204666666763e+00,-1.069290368004762425e-02
1.853507204666666741e+00,-1.063058131991308393e-02
1.853707204666666719e+00,-1.056857044165285080e-02
1.853907204666666697e+00,-1.050687491663206651e-02
1.854107204666666675e+00,-1.044549858278912523e-02
1.854307204666666653e+00,-1.038444524429798545e-02
1.854507204666666631e+00,-1.032371867123499203e-02
1.854707204666666609e+00,-1.026332259924987202e-02
1.854907204666666587e+00,-1.020326072924124770e-02
1.855107204666666787e+00,-1.014353672703643440e-02
1.855307204666666765e+00,-1.008415422307594976e-02
1.855507204666666743e+00,-1.002511681210199908e-02
1.855707204666666721e+00,-9.966428052851845562e-03
1.855907204666666921e+00,-9.908091467755534773e-03
1.856107204666666677e+00,-9.850110542638368730e-03
1.856307204666666655e+00,-9.792488726427203347e-03
1.856507204666666633e+00,-9.735229430862366376e-03
1.856707204666666611e+00,-9.678336030213402150e-03
1.856907204666666811e+00,-9.621811860999593749e-03
1.857107204666666789e+00,-9.565660221715467301e-03
1.857307204666666767e+00,-9.509884372560253180e-03
1.857507204666666745e+00,-9.454487535172679744e-03
1.857707204666666723e+00,-9.399472892370157664e-03
1.857907204666666701e+00,-9.344843587892648004e-03
1.858107204666666679e+00,-9.290602726151354560e-03
1.858307204666666657e+00,-9.236753371982080879e-03
1.858507204666666635e+00,-9.183298550403331748e-03
1.858707204666666613e+00,-9.130241246379252815e-03
1.858907204666666590e+00,-9.077584404587316427e-03
1.859107204666666791e+00,-9.025330929190682541e-03
1.859307204666666768e+00,-8.973483683615774212e-03
1.859507204666666746e+00,-8.922045490333983461e-03
1.859707204666666724e+00,-8.871019130648897036e-03
1.859907204666666702e+00,-8.820407344487976933e-03
1.860107204666666680e+00,-8.770212830199212647e-03
1.860307204666666658e+00,-8.720438244352677476e-03
1.860507204666666636e+00,-8.671086201546851849e-03
1.860707204666666614e+00,-8.622159274219909700e-03
1.860907204666666814e+00,-8.573659992465858595e-03
1.861107204666666792e+00,-8.525590843855833725e-03
1.861307204666666770e+00,-8.477954273263749521e-03
1.861507204666666748e+00,-8.430752682697375752e-03
1.861707204666666726e+00,-8.383988431134177174e-03
1.861907204666666704e+00,-8.337663834362020812e-03
1.862107204666666682e+00,-8.291781164824919143e-03
1.862307204666666660e+00,-8.246342651473616628e-03
1.862507204666666638e+00,-8.201350479621222558e-03
1.862707204666666616e+00,-8.156806790803683774e-03
1.862907204666666594e+00,-8.112713682645317573e-03
1.863107204666666794e+00,-8.069073208729174093e-03
1.863307204666666772e+00,-8.025887378472625414e-03
1.863507204666666750e+00,-7.983158157007433711e-03
1.863707204666666728e+00,-7.940887465065235226e-03
1.863907204666666706e+00,-7.899077178867812063e-03
1.864107204666666684e+00,-7.857729130022217748e-03
1.864307204666666884e+00,-7.816845105421037568e-03
1.864507204666666640e+00,-7.776426847147665730e-03
1.864707204666666618e+00,-7.736476052386002597e-03
1.864907204666666818e+00,-7.696994373335860895e-03
1.865107204666666796e+00,-7.657983417132930778e-03
1.865307204666666774e+00,-7.619444745773555280e-03
1.865507204666666752e+00,-7.581379876044678709e-03
1.865707204666666730e+00,-7.543790279458730333e-03
1.865907204666666708e+00,-7.506677382193264678e-03
1.866107204666666686e+00,-7.470042565035762624e-03
1.866307204666666664e+00,-7.433887163333081569e-03
1.866507204666666642e+00,-7.398212466946069849e-03
1.866707204666666620e+00,-7.363019720208913502e-03
1.866907204666666598e+00,-7.328310121893463411e-03
1.867107204666666576e+00,-7.294084825178421411e-03
1.867307204666666776e+00,-7.260344937623395764e-03
1.867507204666666754e+00,-7.227091521147921416e-03
1.867707204666666732e+00,-7.194325592015103285e-03
1.867907204666666710e+00,-7.162048120820432504e-03
1.868107204666666687e+00,-7.130260032485102525e-03
1.868307204666666665e+00,-7.098962206254484306e-03
1.868507204666666643e+00,-7.068155475701156862e-03
1.868707204666666621e+00,-7.037840628732824552e-03
1.868907204666666821e+00,-7.008018407605022190e-03
1.869107204666666799e+00,-6.978689508938774530e-03
1.869307204666666777e+00,-6.949854583742582151e-03
1.869507204666666755e+00,-6.921514237439562942e-03
1.869707204666666733e+00,-6.893669029899138559e-03
1.869907204666666711e+00,-6.866319475473477499e-03
1.870107204666666689e+00,-6.839466043038663554e-03
1.870307204666666667e+00,-6.813109156040428327e-03
1.870507204666666645e+00,-6.787249192544753118e-03
1.870707204666666623e+00,-6.761886485292870064e-03
1.870907204666666601e+00,-6.737021321761091017e-03
1.871107204666666579e+00,-6.712653944225136296e-03
1.871307204666666779e+00,-6.688784549829166273e-03
1.871507204666666757e+00,-6.665413290659269463e-03
1.871707204666666735e+00,-6.642540273821493854e-03
1.871907204666666713e+00,-6.620165561524506484e-03
1.872107204666666691e+00,-6.598289171166732067e-03
1.872307204666666669e+00,-6.576911075427949865e-03
1.872507204666666647e+00,-6.556031202365359203e-03
1.872707204666666625e+00,-6.535649435514160471e-03
1.872907204666666603e+00,-6.515765613992412220e-03
1.873107204666666803e+00,-6.496379532610440169e-03
1.873307204666666781e+00,-6.477490941984622927e-03
1.873507204666666759e+00,-6.459099548655316755e-03
1.873707204666666737e+00,-6.441205015209360007e-03
1.873907204666666715e+00,-6.423806960406784269e-03
1.874107204666666693e+00,-6.406904959311756492e-03
1.874307204666666671e+00,-6.390498543427850994e-03
1.874507204666666649e+00,-6.374587200837488268e-03
1.874707204666666627e+00,-6.359170376345601311e-03
1.874907204666666605e+00,-6.344247471627513860e-03
1.875107204666666583e+00,-6.329817845380818903e-03
1.875307204666666783e+00,-6.315880813481607875e-03
1.875507204666666761e+00,-6.302435649144578697e-03
1.875707204666666739e+00,-6.289481583087274189e-03
1.875907204666666717e+00,-6.277017803698436982e-03
1.876107204666666695e+00,-6.265043457210225930e-03
1.876307204666666673e+00,-6.253557647874538605e-03
1.876507204666666651e+00,-6.242559438143124168e-03
1.876707204666666629e+00,-6.232047848851828345e-03
1.876907204666666606e+00,-6.222021859408496947e-03
1.877107204666666807e+00,-6.212480407984888320e-03
1.877307204666666784e+00,-6.203422391712324138e-03
1.877507204666666762e+00,-6.194846666881156580e-03
1.877707204666666740e+00,-6.186752049144010265e-03
1.877907204666666718e+00,-6.179137313722689664e-03
1.878107204666666696e+00,-6.172001195618904631e-03
1.878307204666666674e+00,-6.165342389828463651e-03
1.878507204666666652e+00,-6.159159551559297355e-03
1.878707204666666630e+00,-6.153451296452949748e-03
1.878907204666666608e+00,-6.148216200809630827e-03
1.879107204666666586e+00,-6.143452801816835784e-03
1.879307204666666786e+00,-6.139159597781461419e-03
1.879507204666666764e+00,-6.135335048365393729e-03
1.879707204666666742e+00,-6.131977574824363716e-03
1.879907204666666720e+00,-6.129085560250397552e-03
1.880107204666666698e+00,-6.126657349817522802e-03
1.880307204666666676e+00,-6.124691251030756761e-03
1.880507204666666654e+00,-6.123185533978408104e-03
1.880707204666666632e+00,-6.122138431587625940e-03
1.880907204666666610e+00,-6.121548139883161571e-03
1.881107204666666810e+00,-6.121412818249225007e-03
1.881307204666666788e+00,-6.121730589694587138e-03
1.881507204666666766e+00,-6.122499541120662164e-03
1.881707204666666744e+00,-6.123717723592774984e-03
1.881907204666666722e+00,-6.125383152614257906e-03
1.882107204666666700e+00,-6.127493808403711509e-03
1.882307204666666678e+00,-6.130047636175098291e-03
1.882507204666666656e+00,-6.133042546420804444e-03
1.882707204666666634e+00,-6.136476415197461565e-03
1.882907204666666612e+00,-6.140347084414776377e-03
1.883107204666666590e+00,-6.144652362126901829e-03
1.883307204666666790e+00,-6.149390022826729460e-03
1.883507204666666768e+00,-6.154557807742907019e-03
1.883707204666666746e+00,-6.160153425139340208e-03
1.883907204666666724e+00,-6.166174550617534167e-03
1.884107204666666702e+00,-6.172618827421314999e-03
1.884307204666666902e+00,-6.179483866744365020e-03
1.884507204666666658e+00,-6.186767248039896916e-03
1.884707204666666636e+00,-6.194466519333202345e-03
1.884907204666666614e+00,-6.202579197536238834e-03
1.885107204666666814e+00,-6.211102768764914170e-03
1.885307204666666792e+00,-6.220034688658502772e-03
1.885507204666666770e+00,-6.229372382701447303e-03
1.885707204666666748e+00,-6.239113246547437971e-03
1.885907204666666726e+00,-6.249254646345629022e-03
1.886107204666666703e+00,-6.259793919069165866e-03
1.886307204666666681e+00,-6.270728372845648171e-03
1.886507204666666659e+00,-6.282055287289920950e-03
1.886707204666666637e+00,-6.293771913838619447e-03
1.886907204666666615e+00,-6.305875476087135709e-03
1.887107204666666593e+00,-6.318363170128096090e-03
1.887307204666666793e+00,-6.331232164892090439e-03
1.887507204666666771e+00,-6.344479602490116915e-03
1.887707204666666749e+00,-6.358102598557955829e-03
1.887907204666666727e+00,-6.372098242602274726e-03
1.888107204666666705e+00,-6.386463598348508103e-03
1.888307204666666905e+00,-6.401195704090490921e-03
1.888507204666666661e+00,-6.416291573041627352e-03
1.888707204666666639e+00,-6.431748193687953849e-03
1.888907204666666617e+00,-6.447562530142411305e-03
1.889107204666666817e+00,-6.463731522500978585e-03
1.889307204666666795e+00,-6.480252087200096683e-03
1.889507204666666773e+00,-6.497121117375709645e-03
1.889707204666666751e+00,-6.514335483223604797e-03
1.889907204666666729e+00,-6.531892032361104328e-03
1.890107204666666707e+00,-6.549787590190217501e-03
1.890307204666666685e+00,-6.568018960261875344e-03
1.890507204666666663e+00,-6.586582924641593006e-03
1.890707204666666641e+00,-6.605476244276192038e-03
1.890907204666666619e+00,-6.624695659361775138e-03
1.891107204666666597e+00,-6.644237889712707040e-03
1.891307204666666797e+00,-6.664099635131823587e-03
1.891507204666666775e+00,-6.684277575781320813e-03
1.891707204666666753e+00,-6.704768372555174050e-03
1.891907204666666731e+00,-6.725568667451956029e-03
1.892107204666666709e+00,-6.746675083948829379e-03
1.892307204666666687e+00,-6.768084227376338843e-03
1.892507204666666665e+00,-6.789792685294006661e-03
1.892707204666666643e+00,-6.811797027866665216e-03
1.892907204666666621e+00,-6.834093808241582454e-03
1.893107204666666599e+00,-6.856679562926152813e-03
1.893307204666666799e+00,-6.879550812166356638e-03
1.893507204666666777e+00,-6.902704060325651550e-03
1.893707204666666755e+00,-6.926135796264642694e-03
1.893907204666666733e+00,-6.949842493721028816e-03
1.894107204666666711e+00,-6.973820611690141613e-03
1.894307204666666689e+00,-6.998066594805894478e-03
1.894507204666666667e+00,-7.022576873722083390e-03
1.894707204666666644e+00,-7.047347865494029556e-03
1.894907204666666622e+00,-7.072375973960591533e-03
1.895107204666666600e+00,-7.097657590126293589e-03
1.895307204666666800e+00,-7.123189092543802739e-03
1.895507204666666778e+00,-7.148966847696480373e-03
1.895707204666666756e+00,-7.174987210381143787e-03
1.895907204666666734e+00,-7.201246524090827716e-03
1.896107204666666712e+00,-7.227741121397731477e-03
1.896307204666666690e+00,-7.254467324335957951e-03
1.896507204666666668e+00,-7.281421444784405214e-03
1.896707204666666646e+00,-7.308599784849508993e-03
1.896907204666666624e+00,-7.335998637247856738e-03
1.897107204666666602e+00,-7.363614285688690683e-03
1.897307204666666802e+00,-7.391443005256157633e-03
1.897507204666666780e+00,-7.419481062791272521e-03
1.897707204666666758e+00,-7.447724717273809109e-03
1.897907204666666736e+00,-7.476170220203619959e-03
1.898107204666666714e+00,-7.504813815981748251e-03
1.898307204666666692e+00,-7.533651742291090289e-03
1.898507204666666670e+00,-7.562680230476598320e-03
1.898707204666666648e+00,-7.591895505925105175e-03
1.898907204666666626e+00,-7.621293788444455028e-03
1.899107204666666604e+00,-7.650871292642236893e-03
1.899307204666666804e+00,-7.680624228303900569e-03
1.899507204666666782e+00,-7.710548800770015629e-03
1.899707204666666760e+00,-7.740641211313292747e-03
1.899907204666666738e+00,-7.770897657514449705e-03
1.900107204566666708e+00,-7.801314318389847638e-03
1.900307204566666686e+00,-7.831887415679739811e-03
1.900507204566666664e+00,-7.862613122969092441e-03
1.900707204566666642e+00,-7.893487626815852073e-03
1.900907204566666620e+00,-7.924507111954333730e-03
1.901107204566666598e+00,-7.955667761666137747e-03
1.901307204566666798e+00,-7.986965758150147213e-03
1.901507204566666775e+00,-8.018397282891553957e-03
1.901707204566666753e+00,-8.049958517029862787e-03
1.901907204566666731e+00,-8.081645641725695300e-03
1.902107204566666709e+00,-8.113454838526533777e-03
1.902307204566666687e+00,-8.145382289731313216e-03
1.902507204566666665e+00,-8.177424178753899681e-03
1.902707204566666643e+00,-8.209576690485130557e-03
1.902907204566666621e+00,-8.241836011653810509e-03
1.903107204566666599e+00,-8.274198331186317923e-03
1.903307204566666799e+00,-8.306659840564918976e-03
1.903507204566666777e+00,-8.339216734184516991e-03
1.903707204566666755e+00,-8.371865209708419936e-03
1.903907204566666733e+00,-8.404601468422352381e-03
1.904107204566666711e+00,-8.437421715586963453e-03
1.904307204566666689e+00,-8.470322160789073643e-03
1.904507204566666667e+00,-8.503299018291225059e-03
1.904707204566666645e+00,-8.536348507379734607e-03
1.904907204566666623e+00,-8.569466852711099189e-03
1.905107204566666601e+00,-8.602650284656855259e-03
1.905307204566666801e+00,-8.635895039646694984e-03
1.905507204566666779e+00,-8.669197360509852887e-03
1.905707204566666757e+00,-8.702553496814993683e-03
1.905907204566666735e+00,-8.735959705208103457e-03
1.906107204566666713e+00,-8.769412249748663457e-03
1.906307204566666691e+00,-8.802907402244096111e-03
1.906507204566666669e+00,-8.836441442582334063e-03
1.906707204566666647e+00,-8.870010659062371738e-03
1.906907204566666625e+00,-8.903611348723160235e-03
1.907107204566666603e+00,-8.937239817670361575e-03
1.907307204566666803e+00,-8.970892381401302310e-03
1.907507204566666781e+00,-9.004565365127737905e-03
1.907707204566666759e+00,-9.038255104096880668e-03
1.907907204566666737e+00,-9.071957943910143041e-03
1.908107204566666715e+00,-9.105670240839891169e-03
1.908307204566666693e+00,-9.139388362144186193e-03
1.908507204566666671e+00,-9.173108686379220084e-03
1.908707204566666649e+00,-9.206827603709727068e-03
1.908907204566666627e+00,-9.240541516217219697e-03
1.909107204566666605e+00,-9.274246838206063465e-03
1.909307204566666805e+00,-9.307939996507136673e-03
1.909507204566666783e+00,-9.341617430779257727e-03
1.909707204566666761e+00,-9.375275593808785751e-03
1.909907204566666739e+00,-9.408910951806223610e-03
1.910107204566666717e+00,-9.442519984701008146e-03
1.910307204566666694e+00,-9.476099186433689647e-03
1.910507204566666672e+00,-9.509645065245904763e-03
1.910707204566666650e+00,-9.543154143967795891e-03
1.910907204566666628e+00,-9.576622960303168494e-03
1.911107204566666606e+00,-9.610048067112060208e-03
1.911307204566666584e+00,-9.643426032690959396e-03
1.911507204566666784e+00,-9.676753441050461521e-03
1.911707204566666762e+00,-9.710026892190411901e-03
1.911907204566666740e+00,-9.743243002372682302e-03
1.912107204566666718e+00,-9.776398404391175440e-03
1.912307204566666696e+00,-9.809489747839426899e-03
1.912507204566666674e+00,-9.842513699375469646e-03
1.912707204566666652e+00,-9.875466942984252594e-03
1.912907204566666630e+00,-9.908346180237326967e-03
1.913107204566666608e+00,-9.941148130549914974e-03
1.913307204566666808e+00,-9.973869531435360786e-03
1.913507204566666786e+00,-1.000650713875674523e-02
1.913707204566666764e+00,-1.003905772697601118e-02
1.913907204566666742e+00,-1.007151808940028558e-02
1.914107204566666720e+00,-1.010388503842537915e-02
1.914307204566666698e+00,-1.013615540577664752e-02
1.914507204566666676e+00,-1.016832604274703518e-02
1.914707204566666654e+00,-1.020039382043237339e-02
1.914907204566666632e+00,-1.023235562996382617e-02
1.915107204566666610e+00,-1.026420838273760239e-02
1.915307204566666588e+00,-1.029594901064173097e-02
1.915507204566666788e+00,-1.032757446628011604e-02
1.915707204566666766e+00,-1.035908172319354760e-02
1.915907204566666744e+00,-1.039046777607816746e-02
1.916107204566666722e+00,-1.042172964100069807e-02
1.916307204566666700e+00,-1.045286435561091840e-02
1.916507204566666678e+00,-1.048386897935141109e-02
1.916707204566666656e+00,-1.051474059366402751e-02
1.916907204566666634e+00,-1.054547630219367788e-02
1.917107204566666612e+00,-1.057607323098915149e-02
1.917307204566666812e+00,-1.060652852870090819e-02
1.917507204566666790e+00,-1.063683936677584270e-02
1.917707204566666768e+00,-1.066700293964936708e-02
1.917907204566666746e+00,-1.069701646493410874e-02
1.918107204566666724e+00,-1.072687718360590230e-02
1.918307204566666702e+00,-1.075658236018668494e-02
1.918507204566666680e+00,-1.078612928292431612e-02
1.918707204566666658e+00,-1.081551526396946558e-02
1.918907204566666636e+00,-1.084473763954940315e-02
1.919107204566666613e+00,-1.087379377013885165e-02
1.919307204566666591e+00,-1.090268104062764448e-02
1.919507204566666791e+00,-1.093139686048545840e-02
1.919707204566666769e+00,-1.095993866392334405e-02
1.919907204566666747e+00,-1.098830391005242192e-02
1.920107204566666725e+00,-1.101649008303925460e-02
1.920307204566666703e+00,-1.104449469225829775e-02
1.920507204566666681e+00,-1.107231527244118170e-02
1.920707204566666659e+00,-1.109994938382297125e-02
1.920907204566666637e+00,-1.112739461228532366e-02
1.921107204566666615e+00,-1.115464856949647740e-02
1.921307204566666815e+00,-1.118170889304825021e-02
1.921507204566666793e+00,-1.120857324658972552e-02
1.921707204566666771e+00,-1.123523931995822241e-02
1.921907204566666749e+00,-1.126170482930672657e-02
1.922107204566666727e+00,-1.128796751722844355e-02
1.922307204566666705e+00,-1.131402515287825185e-02
1.922507204566666683e+00,-1.133987553209085501e-02
1.922707204566666661e+00,-1.136551647749602968e-02
1.922907204566666639e+00,-1.139094583863062109e-02
1.923107204566666617e+00,-1.141616149204747500e-02
1.923307204566666595e+00,-1.144116134142123681e-02
1.923507204566666795e+00,-1.146594331765107139e-02
1.923707204566666773e+00,-1.149050537896005066e-02
1.923907204566666751e+00,-1.151484551099182796e-02
1.924107204566666729e+00,-1.153896172690380834e-02
1.924307204566666707e+00,-1.156285206745740965e-02
1.924507204566666685e+00,-1.158651460110513183e-02
1.924707204566666663e+00,-1.160994742407455912e-02
1.924907204566666641e+00,-1.163314866044919474e-02
1.925107204566666619e+00,-1.165611646224629615e-02
1.925307204566666597e+00,-1.167884900949144392e-02
1.925507204566666797e+00,-1.170134451029019966e-02
1.925707204566666775e+00,-1.172360120089644547e-02
1.925907204566666753e+00,-1.174561734577788188e-02
1.926107204566666731e+00,-1.176739123767826453e-02
1.926307204566666709e+00,-1.178892119767657384e-02
1.926507204566666687e+00,-1.181020557524316977e-02
1.926707204566666665e+00,-1.183124274829285526e-02
1.926907204566666643e+00,-1.185203112323482064e-02
1.927107204566666621e+00,-1.187256913501959568e-02
1.927307204566666599e+00,-1.189285524718291555e-02
1.927507204566666799e+00,-1.191288795188653882e-02
1.927707204566666777e+00,-1.193266576995598120e-02
1.927907204566666755e+00,-1.195218725091537829e-02
1.928107204566666733e+00,-1.197145097301906616e-02
1.928307204566666710e+00,-1.199045554328042641e-02
1.928507204566666688e+00,-1.200919959749745247e-02
1.928707204566666666e+00,-1.202768180027551613e-02
1.928907204566666644e+00,-1.204590084504703930e-02
1.929107204566666622e+00,-1.206385545408823583e-02
1.929307204566666600e+00,-1.208154437853283143e-02
1.929507204566666800e+00,-1.209896639838287102e-02
1.929707204566666778e+00,-1.211612032251649373e-02
1.929907204566666756e+00,-1.213300498869286648e-02
1.930107204566666734e+00,-1.214961926355412856e-02
1.930307204566666712e+00,-1.216596204262439251e-02
1.930507204566666690e+00,-1.218203225030587214e-02
1.930707204566666668e+00,-1.219782883987209632e-02
1.930907204566666646e+00,-1.221335079345826045e-02
1.931107204566666624e+00,-1.222859712204864974e-02
1.931307204566666602e+00,-1.224356686546123653e-02
1.931507204566666802e+00,-1.225825909232944495e-02
1.931707204566666780e+00,-1.227267290008096992e-02
1.931907204566666758e+00,-1.228680741491397152e-02
1.932107204566666736e+00,-1.230066179177023190e-02
1.932307204566666714e+00,-1.231423521430571183e-02
1.932507204566666692e+00,-1.232752689485814603e-02
1.932707204566666670e+00,-1.234053607441200351e-02
1.932907204566666648e+00,-1.235326202256060817e-02
1.933107204566666626e+00,-1.236570403746560694e-02
1.933307204566666604e+00,-1.237786144581357571e-02
1.933507204566666804e+00,-1.238973360277010119e-02
1.933707204566666782e+00,-1.240131989193091547e-02
1.933907204566666760e+00,-1.241261972527062281e-02
1.934107204566666738e+00,-1.242363254308857107e-02
1.934307204566666716e+00,-1.243435781395214705e-02
1.934507204566666694e+00,-1.244479503463743857e-02
1.934707204566666672e+00,-1.245494373006724408e-02
1.934907204566666650e+00,-1.246480345324653405e-02
1.935107204566666628e+00,-1.247437378519530501e-02
1.935307204566666606e+00,-1.248365433487884715e-02
1.935507204566666584e+00,-1.249264473913550173e-02
1.935707204566666784e+00,-1.250134466260187024e-02
1.935907204566666762e+00,-1.250975379763550471e-02
1.936107204566666740e+00,-1.251787186423513297e-02
1.936307204566666718e+00,-1.252569860995837205e-02
1.936507204566666696e+00,-1.253323380983699213e-02
1.936707204566666674e+00,-1.254047726628975887e-02
1.936907204566666652e+00,-1.254742880903286090e-02
1.937107204566666629e+00,-1.255408829498787585e-02
1.937307204566666607e+00,-1.256045560818744473e-02
1.937507204566666807e+00,-1.256653065967851951e-02
1.937707204566666785e+00,0.000000000000000000e+00
1.937907204566666763e+00,0.000000000000000000e+00
1.938107204566666741e+00,0.000000000000000000e+00
1.938307204566666719e+00,0.000000000000000000e+00
1.938507204566666697e+00,0.000000000000000000e+00
1.938707204566666675e+00,0.000000000000000000e+00
1.938907204566666653e+00,0.000000000000000000e+00
1.939107204566666631e+00,0.000000000000000000e+00
1.939307204566666609e+00,0.000000000000000000e+00
1.939507204566666587e+00,0.000000000000000000e+00
1.939707204566666787e+00,0.000000000000000000e+00
1.939907204566666765e+00,0.000000000000000000e+00
1.940107204566666743e+00,0.000000000000000000e+00
1.940307204566666721e+00,0.000000000000000000e+00
1.940507204566666699e+00,0.000000000000000000e+00
1.940707204566666677e+00,0.000000000000000000e+00
1.940907204566666655e+00,0.000000000000000000e+00
1.941107204566666633e+00,0.000000000000000000e+00
1.941307204566666611e+00,0.000000000000000000e+00
1.941507204566666811e+00,0.000000000000000000e+00
1.941707204566666789e+00,0.000000000000000000e+00
1.941907204566666767e+00,0.000000000000000000e+00
1.942107204566666745e+00,0.000000000000000000e+00
1.942307204566666723e+00,0.000000000000000000e+00
1.942507204566666701e+00,0.000000000000000000e+00
1.942707204566666679e+00,0.000000000000000000e+00
1.942907204566666657e+00,0.000000000000000000e+00
1.943107204566666635e+00,0.000000000000000000e+00
1.943307204566666613e+00,0.000000000000000000e+00
1.943507204566666591e+00,0.000000000000000000e+00
1.943707204566666791e+00,0.000000000000000000e+00
1.943907204566666769e+00,0.000000000000000000e+00
1.944107204566666747e+00,0.000000000000000000e+00
1.944307204566666725e+00,0.000000000000000000e+00
1.944507204566666703e+00,0.000000000000000000e+00
1.944707204566666681e+00,0.000000000000000000e+00
1.944907204566666659e+00,0.000000000000000000e+00
1.945107204566666637e+00,0.000000000000000000e+00
1.945307204566666615e+00,0.000000000000000000e+00
1.945507204566666593e+00,0.000000000000000000e+00
1.945707204566666793e+00,0.000000000000000000e+00
1.945907204566666771e+00,0.000000000000000000e+00
1.946107204566666748e+00,0.000000000000000000e+00
1.946307204566666726e+00,0.000000000000000000e+00
1.946507204566666704e+00,0.000000000000000000e+00
1.946707204566666682e+00,0.000000000000000000e+00
1.946907204566666660e+00,0.000000000000000000e+00
1.947107204566666638e+00,0.000000000000000000e+00
1.947307204566666616e+00,0.000000000000000000e+00
1.947507204566666594e+00,0.000000000000000000e+00
1.947707204566666794e+00,0.000000000000000000e+00
1.947907204566666772e+00,0.000000000000000000e+00
1.948107204566666750e+00,0.000000000000000000e+00
1.948307204566666728e+00,0.000000000000000000e+00
1.948507204566666706e+00,0.000000000000000000e+00
1.948707204566666684e+00,0.000000000000000000e+00
1.948907204566666662e+00,0.000000000000000000e+00
1.949107204566666640e+00,0.000000000000000000e+00
1.949307204566666618e+00,0.000000000000000000e+00
1.949507204566666596e+00,0.000000000000000000e+00
1.949707204566666796e+00,0.000000000000000000e+00
1.949907204566666774e+00,0.000000000000000000e+00
1.950107204566666752e+00,0.000000000000000000e+00
1.950307204566666730e+00,0.000000000000000000e+00
1.950507204566666708e+00,0.000000000000000000e+00
1.950707204566666686e+00,0.000000000000000000e+00
1.950907204566666664e+00,0.000000000000000000e+00
1.951107204566666642e+00,0.000000000000000000e+00
1.951307204566666620e+00,0.000000000000000000e+00
1.951507204566666598e+00,0.000000000000000000e+00
1.951707204566666798e+00,0.000000000000000000e+00
1.951907204566666776e+00,0.000000000000000000e+00
1.952107204566666754e+00,0.000000000000000000e+00
1.952307204566666732e+00,0.000000000000000000e+00
1.952507204566666710e+00,0.000000000000000000e+00
1.952707204566666688e+00,0.000000000000000000e+00
1.952907204566666666e+00,0.000000000000000000e+00
1.953107204566666644e+00,0.000000000000000000e+00
1.953307204566666622e+00,0.000000000000000000e+00
1.953507204566666600e+00,0.000000000000000000e+00
1.953707204566666800e+00,0.000000000000000000e+00
1.953907204566666778e+00,0.000000000000000000e+00
1.954107204566666756e+00,0.000000000000000000e+00
1.954307204566666734e+00,0.000000000000000000e+00
1.954507204566666712e+00,0.000000000000000000e+00
1.954707204566666690e+00,0.000000000000000000e+00
1.954907204566666667e+00,0.000000000000000000e+00
1.955107204566666645e+00,0.000000000000000000e+00
1.955307204566666623e+00,0.000000000000000000e+00
1.955507204566666601e+00,0.000000000000000000e+00
1.955707204566666801e+00,0.000000000000000000e+00
1.955907204566666779e+00,0.000000000000000000e+00
1.956107204566666757e+00,0.000000000000000000e+00
1.956307204566666735e+00,0.000000000000000000e+00
1.956507204566666713e+00,0.000000000000000000e+00
1.956707204566666691e+00,0.000000000000000000e+00
1.956907204566666669e+00,0.000000000000000000e+00
1.957107204566666647e+00,0.000000000000000000e+00
1.957307204566666625e+00,0.000000000000000000e+00
1.957507204566666603e+00,0.000000000000000000e+00
1.957707204566666803e+00,0.000000000000000000e+00
1.957907204566666781e+00,0.000000000000000000e+00
1.958107204566666759e+00,0.000000000000000000e+00
1.958307204566666737e+00,0.000000000000000000e+00
1.958507204566666715e+00,0.000000000000000000e+00
1.958707204566666693e+00,0.000000000000000000e+00
1.958907204566666671e+00,0.000000000000000000e+00
1.959107204566666649e+00,0.000000000000000000e+00
1.959307204566666627e+00,0.000000000000000000e+00
1.959507204566666605e+00,0.000000000000000000e+00
1.959707204566666805e+00,0.000000000000000000e+00
1.959907204566666783e+00,0.000000000000000000e+00
1.960107204566666761e+00,0.000000000000000000e+00
1.960307204566666739e+00,0.000000000000000000e+00
1.960507204566666717e+00,0.000000000000000000e+00
1.960707204566666695e+00,0.000000000000000000e+00
1.960907204566666673e+00,0.000000000000000000e+00
1.961107204566666651e+00,0.000000000000000000e+00
1.961307204566666629e+00,0.000000000000000000e+00
1.961507204566666607e+00,0.000000000000000000e+00
1.961707204566666807e+00,0.000000000000000000e+00
1.961907204566666785e+00,0.000000000000000000e+00
1.962107204566666763e+00,0.000000000000000000e+00
1.962307204566666741e+00,0.000000000000000000e+00
1.962507204566666719e+00,0.000000000000000000e+00
1.962707204566666697e+00,0.000000000000000000e+00
1.962907204566666675e+00,0.000000000000000000e+00
1.963107204566666653e+00,0.000000000000000000e+00
1.963307204566666631e+00,0.000000000000000000e+00
1.963507204566666609e+00,0.000000000000000000e+00
1.963707204566666586e+00,0.000000000000000000e+00
1.963907204566666787e+00,0.000000000000000000e+00
1.964107204566666764e+00,0.000000000000000000e+00
1.964307204566666742e+00,0.000000000000000000e+00
1.964507204566666720e+00,0.000000000000000000e+00
1.964707204566666698e+00,0.000000000000000000e+00
1.964907204566666676e+00,0.000000000000000000e+00
1.965107204566666654e+00,0.000000000000000000e+00
1.965307204566666632e+00,0.000000000000000000e+00
1.965507204566666610e+00,0.000000000000000000e+00
1.965707204566666810e+00,0.000000000000000000e+00
1.965907204566666788e+00,0.000000000000000000e+00
1.966107204566666766e+00,0.000000000000000000e+00
1.966307204566666744e+00,0.000000000000000000e+00
1.966507204566666722e+00,0.000000000000000000e+00
1.966707204566666700e+00,0.000000000000000000e+00
1.966907204566666678e+00,0.000000000000000000e+00
1.967107204566666656e+00,0.000000000000000000e+00
1.967307204566666634e+00,0.000000000000000000e+00
1.967507204566666612e+00,0.000000000000000000e+00
1.967707204566666590e+00,0.000000000000000000e+00
1.967907204566666790e+00,0.000000000000000000e+00
1.968107204566666768e+00,0.000000000000000000e+00
1.968307204566666746e+00,0.000000000000000000e+00
1.968507204566666724e+00,0.000000000000000000e+00
1.968707204566666702e+00,0.000000000000000000e+00
1.968907204566666680e+00,0.000000000000000000e+00
1.969107204566666658e+00,0.000000000000000000e+00
1.969307204566666636e+00,0.000000000000000000e+00
1.969507204566666614e+00,0.000000000000000000e+00
1.969707204566666592e+00,0.000000000000000000e+00
1.969907204566666792e+00,0.000000000000000000e+00
1.970107204566666770e+00,0.000000000000000000e+00
1.970307204566666748e+00,0.000000000000000000e+00
1.970507204566666726e+00,0.000000000000000000e+00
1.970707204566666704e+00,0.000000000000000000e+00
1.970907204566666682e+00,0.000000000000000000e+00
1.971107204566666660e+00,0.000000000000000000e+00
1.971307204566666638e+00,0.000000000000000000e+00
1.971507204566666616e+00,0.000000000000000000e+00
1.971707204566666594e+00,0.000000000000000000e+00
1.971907204566666794e+00,0.000000000000000000e+00
1.972107204566666772e+00,0.000000000000000000e+00
1.972307204566666750e+00,0.000000000000000000e+00
1.972507204566666728e+00,0.000000000000000000e+00
1.972707204566666706e+00,0.000000000000000000e+00
1.972907204566666683e+00,0.000000000000000000e+00
1.973107204566666661e+00,0.000000000000000000e+00
1.973307204566666639e+00,0.000000000000000000e+00
1.973507204566666617e+00,0.000000000000000000e+00
1.973707204566666595e+00,0.000000000000000000e+00
1.973907204566666795e+00,0.000000000000000000e+00
1.974107204566666773e+00,0.000000000000000000e+00
1.974307204566666751e+00,0.000000000000000000e+00
1.974507204566666729e+00,0.000000000000000000e+00
1.974707204566666707e+00,0.000000000000000000e+00
1.974907204566666685e+00,0.000000000000000000e+00
1.975107204566666663e+00,0.000000000000000000e+00
1.975307204566666641e+00,0.000000000000000000e+00
1.975507204566666619e+00,0.000000000000000000e+00
1.975707204566666597e+00,0.000000000000000000e+00
1.975907204566666797e+00,0.000000000000000000e+00
1.976107204566666775e+00,0.000000000000000000e+00
1.976307204566666753e+00,0.000000000000000000e+00
1.976507204566666731e+00,0.000000000000000000e+00
1.976707204566666709e+00,0.000000000000000000e+00
1.976907204566666687e+00,0.000000000000000000e+00
1.977107204566666665e+00,0.000000000000000000e+00
1.977307204566666643e+00,0.000000000000000000e+00
1.977507204566666621e+00,0.000000000000000000e+00
1.977707204566666599e+00,0.000000000000000000e+00
1.977907204566666799e+00,0.000000000000000000e+00
1.978107204566666777e+00,0.000000000000000000e+00
1.978307204566666755e+00,0.000000000000000000e+00
1.978507204566666733e+00,0.000000000000000000e+00
1.978707204566666711e+00,0.000000000000000000e+00
1.978907204566666689e+00,0.000000000000000000e+00
1.979107204566666667e+00,0.000000000000000000e+00
1.979307204566666645e+00,0.000000000000000000e+00
1.979507204566666623e+00,0.000000000000000000e+00
1.979707204566666601e+00,0.000000000000000000e+00
1.979907204566666801e+00,0.000000000000000000e+00
1.980107204566666779e+00,0.000000000000000000e+00
1.980307204566666757e+00,0.000000000000000000e+00
1.980507204566666735e+00,0.000000000000000000e+00
1.980707204566666713e+00,0.000000000000000000e+00
1.980907204566666691e+00,0.000000000000000000e+00
1.981107204566666669e+00,0.000000000000000000e+00
1.981307204566666647e+00,0.000000000000000000e+00
1.981507204566666625e+00,0.000000000000000000e+00
1.981707204566666602e+00,0.000000000000000000e+00
1.981907204566666802e+00,0.000000000000000000e+00
1.982107204566666780e+00,0.000000000000000000e+00
1.982307204566666758e+00,0.000000000000000000e+00
1.982507204566666736e+00,0.000000000000000000e+00
1.982707204566666714e+00,0.000000000000000000e+00
1.982907204566666692e+00,0.000000000000000000e+00
1.983107204566666670e+00,0.000000000000000000e+00
1.983307204566666648e+00,0.000000000000000000e+00
1.983507204566666626e+00,0.000000000000000000e+00
1.983707204566666604e+00,0.000000000000000000e+00
1.983907204566666804e+00,0.000000000000000000e+00
1.984107204566666782e+00,0.000000000000000000e+00
1.984307204566666760e+00,0.000000000000000000e+00
1.984507204566666738e+00,0.000000000000000000e+00
1.984707204566666716e+00,0.000000000000000000e+00
1.984907204566666694e+00,0.000000000000000000e+00
1.985107204566666672e+00,0.000000000000000000e+00
1.985307204566666650e+00,0.000000000000000000e+00
1.985507204566666628e+00,0.000000000000000000e+00
1.985707204566666606e+00,0.000000000000000000e+00
1.985907204566666806e+00,0.000000000000000000e+00
1.986107204566666784e+00,0.000000000000000000e+00
1.986307204566666762e+00,0.000000000000000000e+00
1.986507204566666740e+00,0.000000000000000000e+00
1.986707204566666718e+00,0.000000000000000000e+00
1.986907204566666696e+00,0.000000000000000000e+00
1.987107204566666674e+00,0.000000000000000000e+00
1.987307204566666652e+00,0.000000000000000000e+00
1.987507204566666630e+00,0.000000000000000000e+00
1.987707204566666608e+00,0.000000000000000000e+00
1.987907204566666808e+00,0.000000000000000000e+00
1.988107204566666786e+00,0.000000000000000000e+00
1.988307204566666764e+00,0.000000000000000000e+00
1.988507204566666742e+00,0.000000000000000000e+00
1.988707204566666720e+00,0.000000000000000000e+00
1.988907204566666698e+00,0.000000000000000000e+00
1.989107204566666676e+00,0.000000000000000000e+00
1.989307204566666654e+00,0.000000000000000000e+00
1.989507204566666632e+00,0.000000000000000000e+00
1.989707204566666610e+00,0.000000000000000000e+00
1.989907204566666810e+00,0.000000000000000000e+00
1.990107204516666783e+00,0.000000000000000000e+00
1.990307204516666761e+00,0.000000000000000000e+00
1.990507204516666739e+00,0.000000000000000000e+00
1.990707204516666717e+00,0.000000000000000000e+00
1.990907204516666695e+00,0.000000000000000000e+00
1.991107204516666673e+00,0.000000000000000000e+00
1.991307204516666651e+00,0.000000000000000000e+00
1.991507204516666629e+00,0.000000000000000000e+00
1.991707204516666607e+00,0.000000000000000000e+00
1.991907204516666807e+00,0.000000000000000000e+00
1.992107204516666785e+00,0.000000000000000000e+00
1.992307204516666763e+00,0.000000000000000000e+00
1.992507204516666741e+00,0.000000000000000000e+00
1.992707204516666719e+00,0.000000000000000000e+00
1.992907204516666697e+00,0.000000000000000000e+00
1.993107204516666675e+00,0.000000000000000000e+00
1.993307204516666653e+00,0.000000000000000000e+00
1.993507204516666631e+00,0.000000000000000000e+00
1.993707204516666609e+00,0.000000000000000000e+00
1.993907204516666809e+00,0.000000000000000000e+00
1.994107204516666787e+00,0.000000000000000000e+00
1.994307204516666765e+00,0.000000000000000000e+00
1.994507204516666743e+00,0.000000000000000000e+00
1.994707204516666721e+00,0.000000000000000000e+00
1.994907204516666699e+00,0.000000000000000000e+00
1.995107204516666677e+00,0.000000000000000000e+00
1.995307204516666655e+00,0.000000000000000000e+00
1.995507204516666633e+00,0.000000000000000000e+00
1.995707204516666611e+00,0.000000000000000000e+00
1.995907204516666589e+00,0.000000000000000000e+00
1.996107204516666789e+00,0.000000000000000000e+00
1.996307204516666767e+00,0.000000000000000000e+00
1.996507204516666745e+00,0.000000000000000000e+00
1.996707204516666723e+00,0.000000000000000000e+00
1.996907204516666701e+00,0.000000000000000000e+00
1.997107204516666679e+00,0.000000000000000000e+00
1.997307204516666657e+00,0.000000000000000000e+00
1.997507204516666635e+00,0.000000000000000000e+00
1.997707204516666613e+00,0.000000000000000000e+00
1.997907204516666591e+00,0.000000000000000000e+00
1.998107204516666791e+00,0.000000000000000000e+00
1.998307204516666769e+00,0.000000000000000000e+00
1.998507204516666746e+00,0.000000000000000000e+00
1.998707204516666724e+00,0.000000000000000000e+00
1.998907204516666702e+00,0.000000000000000000e+00
1.999107204506000102e+00,0.000000000000000000e+00
1.999307204506000080e+00,0.000000000000000000e+00
1.999507204506000058e+00,0.000000000000000000e+00
1.999707204506000036e+00,0.000000000000000000e+00
1.999907204506003344e+00,0.000000000000000000e+00
2.000107204505266800e+00,0.000000000000000000e+00
