x,result_minus_fin2ual
32.69,0.0031905435901451885
32.692,0.0031898827311727662
32.694,0.0031892204711010735
32.696,0.003188556806398465
32.698,0.003187891733514105
32.7,0.003187225248877784
32.702,0.003186557348899704
32.704,0.0031858880299702828
32.706,0.003185217288459956
32.708,0.0031845451207189734
32.71,0.003183871523077187
32.712,0.003183196491843865
32.714,0.00318252002330748
32.716,0.0031818421137355
32.718,0.0031811627593741993
32.72,0.0031804819564484436
32.722,0.0031797997011614836
32.724,0.003179115989694766
32.726,0.0031784308182077085
32.728,0.0031777441828375126
32.73,0.003177056079698954
32.732,0.003176366504884171
32.734,0.0031756754544624687
32.736,0.003174982924480114
32.738,0.0031742889109601232
32.74,0.0031735934099020673
32.742,0.0031728964172818667
32.744,0.0031721979290515786
32.746,0.0031714979411392075
32.748,0.003170796449448495
32.75,0.0031700934498587086
32.752,0.0031693889382244577
32.754,0.0031686829103754833
32.756,0.0031679753621164475
32.758,0.003167266289226751
32.76,0.00316655568746032
32.762,0.003165843552545411
32.764,0.0031651298801844137
32.766,0.003164414666053657
32.768,0.0031636979058031964
32.77,0.0031629795950566405
32.772,0.0031622597294109437
32.774,0.0031615383044362065
32.776,0.003160815315675497
32.778,0.0031600907586446536
32.78,0.003159364628832086
32.782,0.003158636921698601
32.784,0.0031579076326772007
32.786,0.0031571767571729067
32.788,0.003156444290562572
32.79,0.003155710228194688
32.792,0.003154974565389217
32.794,0.003154237297437406
32.796,0.003153498419601599
32.798,0.003152757927115074
32.8,0.0031520158151818614
32.802,0.0031512720789765632
32.804,0.0031505267136441952
32.806,0.0031497797143000116
32.808,0.0031490310760293257
32.81,0.0031482807938873637
32.812,0.003147528862899093
32.814,0.0031467752780590524
32.816,0.0031460200343312065
32.818,0.003145263126648785
32.82,0.003144504549914118
32.822,0.003143744298998503
32.824,0.0031429823687420437
32.826,0.003142218753953498
32.828,0.0031414534494101512
32.83,0.003140686449857662
32.832,0.0031399177500099225
32.834,0.0031391473445489333
32.836,0.0031383752281246664
32.838,0.0031376013953549253
32.84,0.0031368258408252373
32.842,0.0031360485590887174
32.844,0.003135269544665947
32.846,0.003134488792044869
32.848,0.003133706295680657
32.85,0.0031329220499956224
32.852,0.0031321360493791013
32.854,0.003131348288187341
32.856,0.00313055876074342
32.858,0.003129767461337139
32.86,0.0031289743842249276
32.862,0.003128179523629768
32.864,0.0031273828737411035
32.866,0.0031265844287147503
32.868,0.003125784182672838
32.87,0.00312498212970373
32.872,0.0031241782638619445
32.874,0.0031233725791681125
32.876,0.003122565069608906
32.878,0.003121755729136976
32.88,0.0031209445516709178
32.882,0.0031201315310952207
32.884,0.0031193166612602137
32.886,0.00311849993598205
32.888,0.0031176813490426604
32.89,0.0031168608941897252
32.892,0.0031160385651366647
32.894,0.0031152143555626143
32.896,0.0031143882591124048
32.898,0.00311356026939657
32.9,0.0031127303799913402
32.902,0.003111898584438632
32.904,0.0031110648762460785
32.906,0.003110229248887031
32.908,0.0031093916958005743
32.91,0.0031085522103915636
32.912,0.0031077107860306434
32.914,0.003106867416054292
32.916,0.003106022093764863
32.918,0.003105174812430618
32.92,0.003104325565285803
32.922,0.003103474345530693
32.924,0.003102621146331652
32.926,0.00310176596082122
32.928,0.003100908782098184
32.93,0.0031000496032276446
32.932,0.003099188417241133
32.934,0.0030983252171366913
32.936,0.003097459995878966
32.938,0.0030965927463993373
32.94,0.00309572346159602
32.942,0.003094852134334177
32.944,0.0030939787574460697
32.946,0.0030931033237311736
32.948,0.003092225825956319
32.95,0.00309134625685585
32.952,0.0030904646091317726
32.954,0.0030895808754539057
32.956,0.0030886950484600656
32.958,0.003087807120756234
32.96,0.003086917084916727
32.962,0.0030860249334844036
32.964,0.003085130658970851
32.966,0.0030842342538565776
32.968,0.003083335710591241
32.97,0.003082435021593856
32.972,0.0030815321792530066
32.974,0.003080627175927099
32.976,0.0030797200039445766
32.978,0.0030788106556041872
32.98,0.00307789912317522
32.982,0.0030769853988977655
32.984,0.0030760694749829938
32.986,0.0030751513436134237
32.988,0.003074230996943192
32.99,0.0030733084270983656
32.992,0.003072383626177225
32.994,0.003071456586250562
32.996,0.0030705272993620096
32.998,0.0030695957575283504
33.0,0.0030686619527398335
33.002,0.003067725876960531
33.004,0.003066787522128669
33.006,0.0030658468801569648
33.008,0.0030649039429330063
33.01,0.003063958702319606
33.012,0.003063011150155161
33.014,0.0030620612782540583
33.016,0.003061109078407045
33.018,0.003060154542381619
33.02,0.003059197661922447
33.022,0.003058238428751769
33.024,0.003057276834569803
33.026,0.0030563128710551896
33.028,0.0030553465298654194
33.03,0.0030543778026372558
33.032,0.0030534066809872152
33.034,0.0030524331565119876
33.036,0.0030514572207889267
33.038,0.0030504788653765115
33.04,0.0030494980818148113
33.042,0.00304851486162599
33.044,0.003047529196314794
33.046,0.0030465410773690364
33.048,0.003045550496260127
33.05,0.003044557444443575
33.052,0.0030435619133595054
33.054,0.0030425638944332
33.056,0.0030415633790756313
33.058,0.0030405603586839912
33.06,0.0030395548246422623
33.062,0.003038546768321765
33.064,0.003037536181081714
33.066,0.0030365230542698024
33.068,0.003035507379222779
33.07,0.0030344891472670163
33.072,0.003033468349719124
33.074,0.0030324449778865352
33.076,0.0030314190230681048
33.078,0.003030390476554736
33.08,0.003029359329629991
33.082,0.0030283255735706997
33.084,0.003027289199647617
33.086,0.0030262501991260415
33.088,0.003025208563266452
33.09,0.0030241642833251725
33.092,0.0030231173505550204
33.094,0.0030220677562059475
33.096,0.00302101549152574
33.098,0.0030199605477606506
33.1,0.003018902916156107
33.102,0.0030178425879573804
33.104,0.003016779554410259
33.106,0.0030157138067617604
33.108,0.003014645336260827
33.11,0.003013574134159001
33.112,0.003012500191711166
33.114,0.0030114235001762386
33.116,0.0030103440508178754
33.118,0.0030092618349052136
33.12,0.0030081768437135834
33.122,0.003007089068525224
33.124,0.0030059985006300354
33.126,0.003004905131326308
33.128,0.003003808951921442
33.13,0.003002709953732715
33.132,0.0030016081280880183
33.134,0.003000503466326586
33.136,0.002999395959799778
33.138,0.002998285599871814
33.14,0.0029971723779205197
33.142,0.0029960562853381116
33.144,0.0029949373135319426
33.146,0.0029938154539252493
33.148,0.0029926906979579476
33.15,0.0029915630370873775
33.152,0.0029904324627890626
33.154,0.002989298966557502
33.156,0.002988162539906924
33.158,0.0029870231743720477
33.16,0.002985880861508875
33.162,0.002984735592895434
33.164,0.002983587360132575
33.166,0.0029824361548447284
33.168,0.00298128196868066
33.17,0.0029801247933142695
33.172,0.00297896462044534
33.174,0.002977801441800297
33.176,0.0029766352491329947
33.178,0.002975466034225471
33.18,0.002974293788888694
33.182,0.0029731185049633475
33.184,0.0029719401743205772
33.186,0.0029707587888627273
33.188,0.002969574340524126
33.19,0.002968386821271812
33.192,0.002967196223106275
33.194,0.0029660025380622125
33.196,0.0029648057582092654
33.198,0.0029636058756527276
33.2,0.002962402882534307
33.202,0.0029611967710328306
33.204,0.0029599875333649536
33.206,0.0029587751617858923
33.208,0.002957559648590123
33.21,0.002956340986112066
33.212,0.0029551191667268094
33.214,0.0029538941828507748
33.216,0.002952666026942394
33.218,0.0029514346915028022
33.22,0.0029502001690764907
33.222,0.0029489624522519523
33.224,0.0029477215336623543
33.226,0.002946477405986153
33.228,0.002945230061947748
33.23,0.0029439794943180927
33.232,0.0029427256959152883
33.234,0.0029414686596052194
33.236,0.0029402083783021263
33.238,0.0029389448449691725
33.24,0.002937678052619041
33.242,0.002936407994314479
33.244,0.0029351346631688287
33.246,0.00293385805234659
33.248,0.0029325781550639243
33.25,0.00293129496458915
33.252,0.0029300084742432697
33.254,0.002928718677400427
33.256,0.002927425567488366
33.258,0.002926129137988914
33.26,0.0029248293824383964
33.262,0.0029235262944280523
33.264,0.002922219867604466
33.266,0.002920910095669941
33.268,0.002919596972382866
33.27,0.002918280491558092
33.272,0.002916960647067272
33.274,0.0029156374328391504
33.276,0.002914310842859911
33.278,0.0029129808711734436
33.28,0.002911647511881598
33.282,0.0029103107591444593
33.284,0.002908970607180549
33.286,0.002907627050267059
33.288,0.0029062800827400256
33.29,0.0029049296989944857
33.292,0.0029035758934846507
33.294,0.002902218660724011
33.296,0.0029008579952854337
33.298,0.0028994938918012604
33.3,0.002898126344963357
33.302,0.002896755349523126
33.304,0.0028953809002915535
33.306,0.0028940029921391726
33.308,0.002892621619996011
33.31,0.00289123677885156
33.312,0.002889848463754664
33.314,0.0028884566698133976
33.316,0.0028870613921949473
33.318,0.002885662626125424
33.32,0.0028842603668896684
33.322,0.0028828546098310414
33.324,0.0028814453503511607
33.326,0.002880032583909618
33.328,0.0028786163060236826
33.33,0.0028771965122679644
33.332,0.0028757731982740203
33.334,0.0028743463597299904
33.336,0.002872915992380161
33.338,0.002871482092024478
33.34,0.0028700446545180986
33.342,0.002868603675770848
33.344,0.0028671591517466497
33.346,0.002865711078462977
33.348,0.002864259451990191
33.35,0.002862804268450918
33.352,0.0028613455240193617
33.354,0.0028598832149205455
33.356,0.002858417337429607
33.358,0.0028569478878709784
33.36,0.00285547486261755
33.362,0.0028539982580898368
33.364,0.0028525180707550677
33.366,0.002851034297126231
33.368,0.0028495469337611315
33.37,0.002848055977261372
33.372,0.0028465614242712874
33.374,0.002845063271476887
33.376,0.002843561515604718
33.378,0.0028420561534206854
33.38,0.0028405471817288816
33.382,0.002839034597370327
33.384,0.0028375183972216777
33.386,0.0028359985781939248
33.388,0.002834475137231025
33.39,0.0028329480713084757
33.392,0.0028314173774318984
33.394,0.002829883052635543
33.396,0.002828345093980733
33.398,0.002826803498554335
33.4,0.0028252582634671177
33.402,0.002823709385852088
33.404,0.0028221568628628117
33.406,0.002820600691671661
33.408,0.002819040869468003
33.41,0.002817477393456408
33.412,0.00281591026085473
33.414,0.0028143394688922106
33.416,0.002812765014807511
33.418,0.0028111868958466675
33.42,0.0028096051092610748
33.422,0.002808019652305359
33.424,0.002806430522235212
33.426,0.002804837716305226
33.428,0.0028032412317666325
33.43,0.002801641065864997
33.432,0.0028000372158379027
33.434,0.0027984296789125658
33.436,0.002796818452303367
33.438,0.002795203533209419
33.44,0.002793584918812007
33.442,0.0027919626062720047
33.444,0.002790336592727276
33.446,0.0027887068752899917
33.448,0.0027870734510438734
33.45,0.0027854363170414786
33.452,0.002783795470301345
33.454,0.002782150907805111
33.456,0.002780502626494631
33.458,0.002778850623268994
33.46,0.0027771948949814784
33.462,0.0027755354384365297
33.464,0.002773872250386627
33.466,0.0027722053275290957
33.468,0.0027705346665029256
33.47,0.0027688602638855
33.472,0.002767182116189244
33.474,0.0027655002198583196
33.476,0.002763814571265162
33.478,0.0027621251667070434
33.48,0.002760432002402559
33.482,0.0027587350744880355
33.484,0.002757034379013961
33.486,0.0027553299119413015
33.488,0.0027536216691377694
33.49,0.002751909646374105
33.492,0.002750193839320242
33.494,0.0027484742435414326
33.496,0.0027467508544943777
33.498,0.00274502366752325
33.5,0.0027432926778556653
33.502,0.0027415578805986673
33.504,0.002739819270734609
33.506,0.002738076843116981
33.508,0.002736330592466246
33.51,0.0027345805133655735
33.512,0.00273282660025653
33.514,0.0027310688474347705
33.516,0.002729307249045631
33.518,0.0027275417990796757
33.52,0.002725772491368247
33.522,0.0027239993195789214
33.524,0.002722222277210911
33.526,0.002720441357590489
33.528,0.0027186565538662973
33.53,0.0027168678590046226
33.532,0.002715075265784676
33.534,0.002713278766793757
33.536,0.002711478354422444
33.538,0.0027096740208596938
33.54,0.002707865758087892
33.542,0.002706053557877925
33.544,0.002704237411784142
33.546,0.002702417311139285
33.548,0.002700593247049429
33.55,0.0026987652103888354
33.552,0.0026969331917947497
33.554,0.0026950971816622304
33.556,0.002693257170138877
33.558,0.0026914131471195224
33.56,0.0026895651022409376
33.562,0.002687713024876458
33.564,0.0026858569041305564
33.566,0.0026839967288334486
33.568,0.002682132487535606
33.57,0.002680264168502233
33.572,0.002678391759707765
33.574,0.0026765152488302827
33.576,0.0026746346232458954
33.578,0.0026727498700231432
33.58,0.0026708609759173163
33.582,0.002668967927364748
33.584,0.002667070710477136
33.586,0.0026651693110357755
33.588,0.002663263714485762
33.59,0.0026613539059302397
33.592,0.002659439870124557
33.594,0.0026575215914703986
33.596,0.0026555990540099586
33.598,0.002653672241420009
33.6,0.002651741137006023
33.602,0.002649805723696224
33.604,0.0026478659840356218
33.606,0.0026459219001800827
33.608,0.002643973453890322
33.61,0.0026420206265258864
33.612,0.0026400633990391826
33.614,0.002638101751969426
33.616,0.0026361356654365847
33.618,0.0026341651191353695
33.62,0.0026321900923291534
33.622,0.002630210563843885
33.624,0.002628226512062055
33.626,0.002626237914916592
33.628,0.0026242447498847636
33.63,0.0026222469939821227
33.632,0.0026202446237564014
33.634,0.0026182376152813955
33.636,0.002616225944150923
33.638,0.0026142095854727104
33.64,0.00261218851386229
33.642,0.0026101627034369633
33.644,0.0026081321278097072
33.646,0.0026060967600830915
33.648,0.002604056572843262
33.65,0.0026020115381538804
33.652,0.0025999616275500705
33.654,0.0025979068120324414
33.656,0.00259584706206107
33.658,0.002593782347549491
33.66,0.002591712637858785
33.662,0.002589637901791575
33.664,0.0025875581075861546
33.666,0.002585473222910567
33.668,0.002583383214856714
33.67,0.002581288049934546
33.672,0.0025791876940662295
33.674,0.002577082112580339
33.676,0.002574971270206142
33.678,0.0025728551310678603
33.68,0.002570733658678965
33.682,0.0025686068159365737
33.684,0.0025664745651158196
33.686,0.002564336867864269
33.688,0.0025621936851964395
33.69,0.0025600449774883056
33.692,0.0025578907044718434
33.694,0.002555730825229698
33.696,0.0025535652981898307
33.698,0.002551394081120221
33.7,0.0025492171311236878
33.702,0.002547034404632708
33.704,0.0025448458574042813
33.706,0.002542651444514935
33.708,0.0025404511203557228
33.71,0.0025382448386272755
33.712,0.002536032552335009
33.714,0.002533814213784312
33.716,0.0025315897745758166
33.718,0.00252935918560081
33.72,0.0025271223970366502
33.722,0.0025248793583422576
33.724,0.002522630018253769
33.726,0.0025203743247801526
33.728,0.002518112225199028
33.73,0.0025158436660524877
33.732,0.0025135685931430146
33.734,0.002511286951529553
33.736,0.002508998685523612
33.738,0.002506703738685455
33.74,0.00250440205382046
33.742,0.002502093572975509
33.744,0.002499778237435482
33.746,0.00249745598771992
33.748,0.0024951267635797314
33.75,0.0024927905039939975
33.752,0.0024904471471669694
33.754,0.002488096630525103
33.756,0.002485738890714205
33.758,0.002483373863596781
33.76,0.0024810014842494166
33.762,0.0024786216869602936
33.764,0.0024762344052268966
33.766,0.002473839571753779
33.768,0.0024714371184504525
33.77,0.0024690269764294894
33.772,0.00246660907600468
33.774,0.002464183346689329
33.776,0.0024617497171947663
33.778,0.002459308115428924
33.78,0.0024568584684950536
33.782,0.0024544007026906824
33.784,0.0024519347435065808
33.786,0.0024494605156260194
33.788,0.002446977942924083
33.79,0.0024444869484671517
33.792,0.002441987454512606
33.794,0.002439479382508627
33.796,0.00243696265309415
33.798,0.002434437186099065
33.8,0.002431902900544511
33.802,0.0024293597146433305
33.804,0.0024268075458007852
33.806,0.002424246310615362
33.808,0.0024216759248797595
33.81,0.0024190963035821303
33.812,0.0024165073609074272
33.814,0.0024139090102389352
33.816,0.0024113011641600695
33.818,0.002408683734456277
33.82,0.0024060566321171413
33.822,0.0024034197673387463
33.824,0.0024007730495261685
33.826,0.002398116387296161
33.828,0.0023954496884801193
33.83,0.0023927728601271696
33.832,0.0023900858085074625
33.834,0.002387388439115755
33.836,0.002384680656675122
33.838,0.002381962365140874
33.84,0.0023792334677047795
33.842,0.0023764938667994156
33.844,0.002373743464102733
33.846,0.002370982160542946
33.848,0.002368209856303494
33.85,0.0023654264508283732
33.852,0.0023626318428276016
33.854,0.0023598259302829083
33.856,0.00235700861045375
33.858,0.0023541797798834565
33.86,0.0023513393344056326
33.862,0.002348487169150867
33.864,0.0023456231785536005
33.866,0.002342747256359235
33.868,0.0023398592956315714
33.87,0.002336959188760407
33.872,0.002334046827469372
33.874,0.002331122102824117
33.876,0.002328184905240647
33.878,0.002325235124493918
33.88,0.002322272649726769
33.882,0.0023192973694590316
33.884,0.002316309171596883
33.886,0.0023133079434425542
33.888,0.0023102935717042162
33.89,0.0023072659425061124
33.892,0.0023042249413990634
33.894,0.002301170453371128
33.896,0.0022981023628585477
33.898,0.002295020553757041
33.9,0.0022919249094332803
33.902,0.002288815312736634
33.904,0.0022856916460112803
33.906,0.002282553791108504
33.908,0.0022794016293992544
33.91,0.002276235041787106
33.912,0.002273053908721313
33.914,0.002269858110210325
33.916,0.0022666475258354664
33.918,0.0022634220347648856
33.92,0.0022601815157679084
33.922,0.002256925847229554
33.924,0.0022536549071653458
33.926,0.002250368573236501
33.928,0.002247066722765313
33.93,0.0022437492327508097
33.932,0.0022404159798848147
33.934,0.0022370668405681782
33.936,0.0022337016909273087
33.938,0.0022303204068310906
33.94,0.0022269228639079904
33.942,0.0022235089375634547
33.944,0.002220078502997695
33.946,0.002216631435223672
33.948,0.0022131676090853553
33.95,0.002209686899276398
33.952,0.0022061891803589794
33.954,0.0022026743267829544
33.956,0.002199142212905388
33.958,0.002195592713010293
33.96,0.0021920257013286347
33.962,0.002188441052058761
33.964,0.0021848386393870027
33.966,0.002181218337508557
33.968,0.0021775800206487966
33.97,0.0021739235630847363
33.972,0.002170248839166799
33.974,0.0021665557233409996
33.976,0.002162844090171226
33.978,0.0021591138143619982
33.98,0.002155364770781392
33.982,0.0021515968344842443
33.984,0.0021478098807357774
33.986,0.002144003785035363
33.988,0.0021401784231406037
33.99,0.0021363336710917965
33.992,0.0021324694052365645
33.994,0.0021285855022547787
33.996,0.002124681839183864
33.998,0.002120758293444285
34.0,0.002116814742865289
34.002,0.002112851065711065
34.004,0.0021088671407070445
34.006,0.002104862847066476
34.008,0.002100838064517406
34.01,0.002096792673329788
34.012,0.002092726554342879
34.014,0.0020886395889930143
34.016,0.002084531659341522
34.018,0.002080402648102911
34.02,0.00207625243867343
34.022,0.002072080915159772
34.024,0.0020678879624080266
34.026,0.00206367346603301
34.028,0.002059437312447736
34.03,0.002055179388893105
34.032,0.002050899583468016
34.034,0.0020465977851594824
34.036,0.0020422738838732093
34.038,0.002037927770464275
34.04,0.0020335593367680318
34.042,0.0020291684756313785
34.044,0.0020247550809441295
34.046,0.002020319047670605
34.048,0.002015860271881579
34.05,0.002011378650786313
34.052,0.0020068740827648016
34.054,0.002002346467400372
34.056,0.001997795705512345
34.058,0.001993221699188908
34.06,0.0019886243518203255
34.062,0.001984003568132209
34.064,0.0019793592542189696
34.066,0.001974691317577615
34.068,0.001969999667141578
34.07,0.001965284213314728
34.072,0.001960544868005709
34.074,0.001955781544662291
34.076,0.0019509941583059
34.078,0.0019461826255664561
34.08,0.0019413468647172126
34.082,0.0019364867957097577
34.084,0.0019316023402093112
34.086,0.0019266934216300108
34.088,0.0019217599651703452
34.09,0.0019168018978488553
34.092,0.0019118191485398316
34.094,0.00190681164800912
34.096,0.0019017793289502186
34.098,0.0018967221260202329
34.1,0.001891639975876187
34.102,0.0018865328172112772
34.104,0.001881400590791198
34.106,0.0018762432394907424
34.108,0.0018710607083302969
34.11,0.0018658529445124367
34.112,0.001860619897458742
34.114,0.0018553615188465205
34.116,0.0018500777626455811
34.118,0.001844768585155235
34.12,0.0018394339450411702
34.122,0.0018340738033723635
34.124,0.0018286881236582006
34.126,0.001823276871885442
34.128,0.0018178400165552177
34.13,0.0018123775287202002
34.132,0.001806889382021609
34.134,0.001801375552726216
34.136,0.0017958360197635195
34.138,0.0017902707647627172
34.14,0.0017846797720896639
34.142,0.0017790630288839683
34.144,0.0017734205250958825
34.146,0.0017677522535231387
34.148,0.0017620582098479094
34.15,0.001756338392673536
34.152,0.0017505928035611775
34.154,0.0017448214470665705
34.156,0.0017390243307765201
34.158,0.001733201465345298
34.16,0.0017273528645311406
34.162,0.0017214785452323363
34.164,0.0017155785275235003
34.166,0.0017096528346915152
34.168,0.0017037014932713434
34.17,0.0016977245330818788
34.172,0.0016917219872614583
34.174,0.0016856938923032207
34.176,0.0016796402880904769
34.178,0.0016735612179317216
34.18,0.0016674567285954547
34.182,0.0016613268703449969
34.184,0.0016551716969729127
34.186,0.0016489912658352206
34.188,0.0016427856378855728
34.19,0.0016365548777090109
34.192,0.0016302990535554756
34.194,0.001624018237373275
34.196,0.0016177125048420892
34.198,0.0016113819354056978
34.2,0.0016050266123046459
34.202,0.0015986466226084164
34.204,0.0015922420572472922
34.206,0.001585813011044136
34.208,0.0015793595827456358
34.21,0.0015728818750532297
34.212,0.001566379994653895
34.214,0.0015598540522503985
34.216,0.0015533041625911742
34.218,0.0015467304445000555
34.22,0.001540133020905424
34.222,0.0015335120188689644
34.224,0.0015268675696142656
34.226,0.0015201998085546625
34.228,0.0015135088753210125
34.23,0.0015067949137888192
34.232,0.0015000580721049078
34.234,0.001493298502713877
34.236,0.0014865163623838835
34.238,0.0014797118122319476
34.24,0.001472885017749009
34.242,0.0014660361488242771
34.244,0.0014591653797690804
34.246,0.0014522728893404287
34.248,0.0014453588607638412
34.25,0.0014384234817556357
34.252,0.0014314669445449147
34.254,0.001424489445894771
34.256,0.0014174911871229299
34.258,0.00141047237412206
34.26,0.001403433217379259
34.262,0.0013963739319949667
34.264,0.001389294737701489
34.266,0.001382195858880692
34.268,0.001375077524581068
34.27,0.0013679399685343958
34.272,0.0013607834291715368
34.274,0.0013536081496375667
34.276,0.001346414377806482
34.278,0.0013392023662949916
34.28,0.0013319723724756344
34.282,0.0013247246584894411
34.284,0.0013174594912575338
34.286,0.001310177142492347
34.288,0.0013028778887079263
34.29,0.0012955620112294294
34.292,0.0012882297962021516
34.294,0.0012808815345995437
34.296,0.0012735175222304712
34.298,0.001266138059745917
34.3,0.0012587434526446688
34.302,0.0012513340112782086
34.304,0.0012439100508550255
34.306,0.00123647189144387
34.308,0.0012290198579761914
34.31,0.0012215542802479613
34.312,0.0012140754929204122
34.314,0.001206583835519919
34.316,0.0011990796524372588
34.318,0.001191563292925735
34.32,0.0011840351110984316
34.322,0.0011764954659247932
34.324,0.0011689447212260675
34.326,0.0011613832456698358
34.328,0.0011538114127638333
34.33,0.0011462296008486307
34.332,0.001138638193089328
34.334,0.001131037577466573
34.336,0.001123428146766344
34.338,0.0011158102985687865
34.34,0.0011081844352362879
34.342,0.0011005509639003272
34.344,0.001092910296447341
34.346,0.001085262849503811
34.348,0.0010776090444199879
34.35,0.001069949307252925
34.352,0.001062284068748282
34.354,0.0010546137643210208
34.356,0.0010469388340353385
34.358,0.001039259722583279
34.36,0.0010315768792622804
34.362,0.001023890757951897
34.364,0.0010162018170891875
34.366,0.0010085105196430233
34.368,0.0010008173330875265
34.37,0.0009931227293741847
34.372,0.0009854271849028258
34.374,0.0009777311804917413
34.376,0.0009700352013464219
34.378,0.0009623397370271663
34.38,0.0009546452814158043
34.382,0.0009469523326810073
34.384,0.0009392613932424601
34.386,0.0009315729697341266
34.388,0.0009238875729660799
34.39,0.0009162057178851929
34.392,0.0009085279235348542
34.394,0.0009008547130133064
34.396,0.0008931866134307552
34.398,0.0008855241558655478
34.4,0.0008778678753189029
34.402,0.0008702183106684427
34.404,0.0008625760046207468
34.406,0.0008549415036624591
34.408,0.0008473153580101792
34.41,0.0008396981215593805
34.412,0.0008320903518317293
34.414,0.0008244926099215482
34.416,0.0008169054604407846
34.418,0.0008093294714627535
34.42,0.0008017652144648594
34.422,0.0007942132642698467
34.424,0.0007866741989857955
34.426,0.0007791485999451096
34.428,0.0007716370516420061
34.43,0.0007641401416687657
34.432,0.0007566584606509309
34.434,0.0007491926021810438
34.436,0.0007417431627510921
34.438,0.0007343107416839475
34.44,0.0007268959410632928
34.442,0.0007194993656622754
34.444,0.0007121216228711631
34.446,0.0007047633226234485
34.448,0.0006974250773207178
34.45,0.0006901075017564829
34.452,0.0006828112130385024
34.454,0.0006755368305098289
34.456,0.0006682849756688394
34.458,0.00066105627208775
34.46,0.0006538513453298745
34.462,0.0006466708228658382
34.464,0.0006395153339883116
34.466,0.0006323855097254668
34.468,0.0006252819827534087
34.47,0.0006182053873071336
34.472,0.000611156359090204
34.474,0.0006041355351834384
34.476,0.0005971435539519863
34.478,0.0005901810549515016
34.48,0.000583248678832853
34.482,0.0005763470672455703
34.484,0.0005694768627402904
34.486,0.0005626387086697547
34.488,0.0005558332490885583
34.49,0.0005490611286519177
34.492,0.0005423229925129855
34.494,0.000535619486218975
34.496,0.0005289512556062642
34.498,0.0005223189466941084
34.5,0.0005157232055771391
34.502,0.0005091646783169069
34.504,0.0005026440108320141
34.506,0.0004961618487870768
34.508,0.0004897188374807359
34.51,0.00048331562173227873
34.512,0.0004769528457671474
34.514,0.000470631153101456
34.516,0.0004643511864252173
34.518,0.0004581135874844014
34.52,0.0004519189969621022
34.522,0.00044576805435839586
34.524,0.00043966139786906456
34.526,0.00043359966426348645
34.528,0.00042758348876118825
34.53,0.0004216135049073702
34.532,0.00041569034444756403
34.534,0.0004098146372009401
34.536,0.0004039870109328772
34.538,0.0003982080912263088
34.54,0.00039247850135205745
34.542,0.0003867988621383345
34.544,0.0003811697918390954
34.546,0.0003755919060013974
34.548,0.0003700658173319861
34.55,0.0003645921355627359
34.552,0.0003591714673151841
34.554,0.0003538044159642835
34.556,0.00034849158150110056
34.558,0.00034323356039461014
34.56,0.0003380309454527695
34.562,0.00033288432568258407
34.564,0.00032779428614930365
34.566,0.0003227614078349615
34.568,0.000317786267495933
34.57,0.0003128694375196927
34.572,0.00030801148578094364
34.574,0.0003032129754968176
34.576,0.00029847446508135707
34.578,0.00029379650799936244
34.58,0.0002891796526194386
34.582,0.00028462444206627706
34.584,0.00028013141407247626
34.586,0.00027570110082949595
34.588,0.00027133402883801165
34.59,0.0002670307187577765
34.592,0.00026279168525672773
34.594,0.0002586174368595499
34.596,0.0002545084757957683
34.598,0.0002504652978471433
34.6,0.00024648839219470814
34.602,0.0002425782412652012
34.604,0.00023873532057699584
34.606,0.00023496009858571055
34.608,0.00023125303652926123
34.61,0.00022761458827248206
34.612,0.00022404520015151252
34.614,0.00022054531081764977
34.616,0.00021711535108089952
34.618,0.00021375574375328806
34.62,0.00021046690349178472
34.622,0.0002072492366409248
34.624,0.00020410314107533042
34.626,0.00020102900604183557
34.628,0.00019802721200147966
34.63,0.000195098130471371
34.632,0.00019224212386631133
34.634,0.0001894595453403227
34.636,0.00018675073862811642
34.638,0.00018411603788643944
34.64,0.00018155576753534032
34.642,0.0001790702420995014
34.644,0.00017665976604951594
34.646,0.00017432463364315228
34.648,0.00017206512876678575
34.65,0.00016988152477682246
34.652,0.00016777408434123656
34.654,0.00016574305928131325
34.656,0.00016378869041349439
34.658,0.00016191120739141723
34.66,0.00016011082854823847
34.662,0.00015838776073911478
34.664,0.00015674219918406212
34.666,0.00015517432731104513
34.668,0.00015368431659941797
34.67,0.00015227232642379225
34.672,0.00015093850389821676
34.674,0.00014968298372081308
34.676,0.00014850588801890597
34.678,0.0001474073261945861
34.68,0.00014638739477080415
34.682,0.00014544617723801596
34.684,0.0001445837439014181
34.686,0.00014380015172874494
34.688,0.00014309544419875263
34.69,0.00014246965115035553
34.692,0.00014192278863242678
34.694,0.00014145485875440098
34.696,0.00014106584953757495
34.698,0.00014075573476722992
34.7,0.00014052447384557427
34.702,0.00014037201164556617
34.704,0.00014029827836556635
34.706,0.00014030318938499124
34.708,0.00014038664512084145
34.71,0.00014054853088529785
34.712,0.00014078871674424358
34.714,0.00014110705737692148
34.716,0.00014150339193662407
34.718,0.0001419775439125033
34.72,0.00014252932099256517
34.722,0.00014315851492779398
34.724,0.00014386490139752005
34.726,0.00014464823987605548
34.728,0.0001455082735005381
34.73,0.00014644472894018504
34.732,0.0001474573162668141
34.734,0.0001485457288267684
34.736,0.00014970964311427715
34.738,0.0001509487186462351
34.74,0.00015226259783845822
34.742,0.0001536509058834715
34.744,0.00015511325062983906
34.746,0.00015664922246304974
34.748,0.00015825839418802997
34.75,0.00015994032091332317
34.752,0.00016169453993689596
34.754,0.0001635205706336973
34.756,0.00016541791434497317
34.758,0.0001673860542692981
34.76,0.00016942445535545999
34.762,0.0001715325641972248
34.764,0.0001737098089298738
34.766,0.0001759555991287581
34.768,0.00017826932570975517
34.77,0.00018065036083163896
34.772,0.00018309805780057468
34.774,0.00018561175097658346
34.776,0.0001881907556820564
34.778,0.0001908343681124346
34.78,0.00019354186524902454
34.782,0.0001963125047738882
34.784,0.00019914552498710367
34.786,0.00020204014472606589
34.788,0.00020499556328721063
34.79,0.00020801096034998422
34.792,0.0002110854959030779
34.794,0.00021421831017311328
34.796,0.0002174085235557158
34.798,0.00022065523654892297
34.8,0.00022395752968912188
34.802,0.0002273144634894978
34.804,0.00023072507838088185
34.806,0.00023418839465525268
34.808,0.00023770341241180146
34.81,0.0002412691115055189
34.812,0.0002448844514985069
34.814,0.00024854837161395
34.816,0.0002522597906926905
34.818,0.00025601760715262406
34.82,0.0002598206989508512
34.822,0.00026366792354848984
34.824,0.0002675581178784008
34.826,0.00027149009831580004
34.828,0.00027546266065153063
34.83,0.00027947458006843343
34.832,0.00028352461112058063
34.834,0.0002876114877153474
34.836,0.00029173392309857216
34.838,0.0002958906098427475
34.84,0.00030008021983805085
34.842,0.000304301404286598
34.844,0.00030855279369976923
34.846,0.00031283299789844864
34.848,0.000317140606016667
34.85,0.00032147418650809844
34.852,0.00032583228715597073
34.854,0.00033021343508607155
34.856,0.00033461613678291424
34.858,0.00033903887810922927
34.86,0.00034348012432874886
34.862,0.0003479383201321481
34.864,0.00035241188966638175
34.866,0.000356899236567401
34.868,0.0003613987439960477
34.87,0.0003659087746774748
34.872,0.0003704276709439397
34.874,0.0003749537547808896
34.876,0.0003794853278765659
34.878,0.00038402067167511884
34.88,0.0003885580474329896
34.882,0.00039309569627892903
34.884,0.00039763183927754055
34.886,0.0004021646774961555
34.888,0.0004066923920754157
34.89,0.0004112131443033658
34.892,0.0004157250756929992
34.894,0.00042022630806350016
34.896,0.0004247149436250909
34.898,0.00042918906506730047
34.9,0.0004336467356510724
34.902,0.00043808599930440784
34.904,0.00044250488072155886
34.906,0.00044690138546602063
34.908,0.0004512735000771727
34.91,0.00045561919218041046
34.912,0.000459936410601252
34.914,0.0004642230854828601
34.916,0.0004684771284074237
34.918,0.0004726964325212652
34.92,0.00047687887266352393
34.922,0.0004810223054986856
34.924,0.00048512456965284223
34.926,0.0004891834858535699
34.928,0.0004931968570736703
34.93,0.0004971624686786608
34.932,0.0005010780885778519
34.934,0.0005049414673793697
34.936,0.0005087503385488735
34.938,0.0005125024185719191
34.94,0.0005161954071202374
34.942,0.0005198269872217073
34.944,0.0005233948254340336
34.946,0.0005268965720222653
34.948,0.0005303298611400694
34.95,0.0005336923110146408
34.952,0.0005369815241355325
34.954,0.0005401950874471323
34.956,0.0005433305725448725
34.958,0.0005463855358752417
34.96,0.0005493575189395271
34.962,0.0005522440485011999
34.964,0.0005550426367971319
34.966,0.0005577507817524779
34.968,0.0005603659671992531
34.97,0.0005628856630986124
34.972,0.0005653073257668884
34.974,0.0005676283981051675
34.976,0.000569846309832707
34.978,0.0005719584777238267
34.98,0.0005739623058486085
34.982,0.0005758551858171448
34.984,0.0005776344970273885
34.986,0.0005792976069166466
34.988,0.0005808418712166773
34.99,0.0005822646342122928
34.992,0.0005835632290035761
34.994,0.0005847349777716379
34.996,0.0005857771920478481
34.998,0.0005866871729865997
35.0,0.0005874622116415719
35.002,0.0005880995892454171
35.004,0.0005885965774929079
35.006,0.0005889504388275337
35.008,0.0005891584267314343
35.01,0.0005892177860187409
35.012,0.0005891257531322972
35.014,0.0005888795564436477
35.016,0.000588476416556365
35.018,0.0005879135466126473
35.02,0.00058718815260314
35.022,0.000586297433680035
35.024,0.0005852385824732737
35.026,0.0005840087854100074
35.028,0.0005826052230371234
35.03,0.0005810250703468965
35.032,0.0005792654971057357
35.034,0.0005773236681859174
35.036,0.0005751967439003762
35.038,0.0005728818803404714
35.04,0.0005703762297166078
35.042,0.000567676940701897
35.044,0.0005647811587785826
35.046,0.0005616860265873084
35.048,0.0005583886842792755
35.05,0.0005548862698710345
35.052,0.0005511759196020405
35.054,0.0005472547682949472
35.056,0.000543119949718486
35.058,0.0005387685969529005
35.06,0.000534197842758064
35.062,0.0005294048199440309
35.064,0.0005243866617439842
35.066,0.0005191405021898474
35.068,0.0005136634764900594
35.07,0.0005079527214097322
35.072,0.0005020053756532488
35.074,0.0004958185802489447
35.076,0.0004893894789360252
35.078,0.0004827152185537505
35.08,0.00047579294943262285
35.082,0.00046861982578755984
35.084,0.00046119300611334024
35.086,0.00045350965358175593
35.088,0.0004455669364406981
35.09,0.00043736202841530066
35.092,0.0004288921091107033
35.094,0.0004201543644165081
35.096,0.0004111459869132481
35.098,0.00040186417628007304
35.1,0.0003923061397044566
35.102,0.0003824690922931461
35.104,0.0003723502574845645
35.106,0.0003619468674629818
35.108,0.00035125616357369917
35.11,0.00034027539673957274
35.112,0.0003290018278790871
35.114,0.00031743272832533264
35.116,0.00030556538024605236
35.118,0.00029339707706518576
35.12,0.00028092512388500773
35.122,0.000268146837909251
35.124,0.00025505954886748637
35.126,0.00024166059943996673
35.128,0.00022794734568319566
35.13,0.00021391715745665545
35.132,0.00019956741884973647
35.134,0.00018489552860922673
35.136,0.00016989890056780688
35.138,0.0001545749640724783
35.14,0.00013892116441342403
35.142,0.0001229349632536356
35.144,0.00010661383905832735
35.146,8.995528752449907e-05
35.148,7.295682201117603e-05
35.15,5.5615973969142495e-05
35.152,3.7930293370670894e-05
35.154,1.9897349139698546e-05
35.156,1.5147295813339179e-06
35.158,-1.7219957188909472e-05
35.16,-3.630908281550098e-05
35.162,-5.575499827461042e-05
35.164,-7.556003344530524e-05
35.166,-9.572649668184753e-05
35.168,-0.00011625667438664843
35.17,-0.00013715283058317058
35.172,-0.00015841720649021306
35.174,-0.00018005202009697442
35.176,-0.00020205946573830392
35.178,-0.0002244417136715634
35.18,-0.000247200909654478
35.182,-0.00027033917452337977
35.184,-0.0002938586037732711
35.186,-0.0003177612671391378
35.188,-0.00034204920817781405
35.19,-0.0003667244438519332
35.192,-0.00039178896411534193
35.194,-0.000417244731499229
35.196,-0.00044309368070064893
35.198,-0.0004693377181726674
35.2,-0.0004959787217154706
35.202,-0.0005230185400700357
35.204,-0.000550458992513771
35.206,-0.0005783018684571758
35.208,-0.0006065489270434187
35.21,-0.000635201896750039
35.212,-0.0006642624749919022
35.214,-0.0006937323277273035
35.216,-0.0007236130890664319
35.218,-0.0007539063608812619
35.22,-0.0007846137124188687
35.222,-0.0008157366799173057
35.224,-0.0008472767662229897
35.226,-0.0008792354404124625
35.228,-0.0009116141374152162
35.23,-0.0009444142576404916
35.232,-0.0009776371666070103
35.234,-0.0010112841945746336
35.236,-0.001045356636180124
35.238,-0.0010798557500760935
35.24,-0.0011147827585720168
35.242,-0.0011501388472796399
35.244,-0.001185925164761745
35.246,-0.0012221428221832371
35.248,-0.0012587928929668098
35.25,-0.001295876412452237
35.252,-0.0013333943775580889
35.254,-0.001371347746448385
35.256,-0.001409737438202989
35.258,-0.001448564332490682
35.26,-0.0014878292692473549
35.262,-0.0015275330483582013
35.264,-0.0015676764293427476
35.266,-0.0016082601310452253
35.268,-0.0016492848313292043
35.27,-0.00169075116677517
35.272,-0.001732659732383738
35.274,-0.0017750110812833082
35.276,-0.0018178057244408333
35.278,-0.0018610441303784572
35.28,-0.0019047267248948055
35.282,-0.0019488538907893793
35.284,-0.00199342596759403
35.286,-0.0020384432513068772
35.288,-0.002083905994132662
35.29,-0.002129814404228045
35.292,-0.002176168645450476
35.294,-0.0022229688371135136
35.296,-0.0022702150537473077
35.298,-0.002317907324862773
35.3,-0.0023660456347224836
35.302,-0.002414629922116879
35.304,-0.002463660080144297
35.306,-0.0025131359559979567
35.308,-0.0025630573507584376
35.31,-0.002613424019190103
35.312,-0.002664235669544676
35.314,-0.0027154919633705374
35.316,-0.002767192515325996
35.318,-0.002819336893000045
35.32,-0.0028719246167388498
35.322,-0.0029249551594764996
35.324,-0.0029784279465732777
35.326,-0.0030323423556599532
35.328,-0.003086697716486355
35.33,-0.0031414933107777234
35.332,-0.003196728372097166
35.334,-0.003252402085712554
35.336,-0.0033085135884713653
35.338,-0.003365061968681752
35.34,-0.0034220462659981833
35.342,-0.003479465471315138
35.344,-0.0035373185266672665
35.346,-0.003595604325133889
35.348,-0.0036543217107530366
35.35,-0.003713469478438945
35.352,-0.0037730463739080837
35.354,-0.0038330510936118774
35.356,-0.0038934822846740545
35.358,-0.0039543385448365925
35.36,-0.004015618422412395
35.362,-0.004077320416242677
35.364,-0.004139442975663103
35.366,-0.004201984500476739
35.368,-0.0042649433409317605
35.37,-0.004328317797708077
35.372,-0.00439210612191078
35.374,-0.004456306515068528
35.376,-0.004520917129140831
35.378,-0.004585936066532313
35.38,-0.004651361380111917
35.382,-0.004717191073241141
35.384,-0.004783423099809303
35.386,-0.004850055364273754
35.388,-0.004917085721709263
35.39,-0.004984511977864474
35.392,-0.005052331889223301
35.394,-0.0051205431630756155
35.396,-0.005189143457594981
35.398,-0.005258130381921465
35.4,-0.005327501496253644
35.402,-0.005397254311947855
35.404,-0.005467386291622392
35.406,-0.005537894849271021
35.408,-0.00560877735038375
35.41,-0.005680031112072249
35.412,-0.0057516534032062226
35.414,-0.005823641444553147
35.416,-0.005895992408927795
35.418,-0.005968703421348892
35.42,-0.0060417715592006385
35.422,-0.006115193852403795
35.424,-0.0061889672835938585
35.426,-0.006263088788304118
35.428,-0.006337555255158209
35.43,-0.00641236352606977
35.432,-0.006487510396446969
35.434,-0.006562992615406424
35.436,-0.006638806885994296
35.438,-0.006714949865412092
35.44,-0.006791418165251896
35.442,-0.006868208351738769
35.444,-0.006945316945977635
35.446,-0.0070227404242097224
35.448,-0.007100475218075988
35.45,-0.007178517714885046
35.452,-0.007256864257890511
35.454,-0.007335511146575317
35.456,-0.007414454636940378
35.458,-0.007493690941802652
35.46,-0.007573216231100069
35.462,-0.007653026632200709
35.464,-0.007733118230221266
35.466,-0.007813487068352326
35.468,-0.007894129148187705
35.47,-0.007975040430063064
35.472,-0.008056216833401129
35.474,-0.008137654237060641
35.476,-0.008219348479696133
35.478,-0.008301295360119917
35.48,-0.008383490637673335
35.482,-0.008465930032604532
35.484,-0.00854860922644983
35.486,-0.008631523862424132
35.488,-0.008714669545817542
35.49,-0.008798041844395537
35.492,-0.008881636288807946
35.494,-0.008965448373003991
35.496,-0.009049473554650743
35.498,-0.00913370725556019
35.5,-0.00921814486212219
35.502,-0.009302781725740691
35.504,-0.009387613163278274
35.506,-0.009472634457506601
35.508,-0.00955784085755964
35.51,-0.009643227579395307
35.512,-0.009728789806262602
35.514,-0.009814522689171452
35.516,-0.00990042134737068
35.518,-0.00998648086883126
35.52,-0.010072696310732087
35.522,-0.010159062699953645
35.524,-0.010245575033576709
35.526,-0.01033222827938337
35.528,-0.010419017376365677
35.53,-0.010505937235239113
35.532,-0.010592982738957807
35.534,-0.010680148743238969
35.536,-0.010767430077087338
35.538,-0.01085482154332719
35.54,-0.010942317919138744
35.542,-0.011029913956596126
35.544,-0.011117604383212343
35.546,-0.011205383902488417
35.548,-0.011293247194463701
35.55,-0.011381188916273034
35.552,-0.011469203702707678
35.554,-0.011557286166777245
35.556,-0.011645430900278038
35.558,-0.01173363247436509
35.56,-0.011821885440124622
35.562,-0.011910184329152907
35.564,-0.011998523654138204
35.566,-0.012086897909443128
35.568,-0.012175301571692863
35.57,-0.01226372910036629
35.572,-0.012352174938387105
35.574,-0.012440633512720536
35.576,-0.012529099234972646
35.578,-0.012617566501989254
35.58,-0.012706029696460189
35.582,-0.012794483187525674
35.584,-0.012882921331382184
35.586,-0.012971338471893034
35.588,-0.013059728941201035
35.59,-0.01314808706034
35.592,-0.013236407139850855
35.594,-0.013324683480399363
35.596,-0.01341291037339198
35.598,-0.013501082101597991
35.6,-0.013589192939767906
35.602,-0.013677237155256353
35.604,-0.01376520900864564
35.606,-0.013853102754367602
35.608,-0.013940912641328736
35.61,-0.01402863291353618
35.612,-0.014116257810721117
35.614,-0.01420378156896546
35.616,-0.014291198421328661
35.618,-0.014378502598471874
35.62,-0.014465688329284798
35.622,-0.014552749841512329
35.624,-0.014639681362378214
35.626,-0.01472647711921088
35.628,-0.014813131340068834
35.63,-0.01489963825436249
35.632,-0.014985992093477939
35.634,-0.015072187091399781
35.636,-0.015158217485330017
35.638,-0.015244077516308477
35.64,-0.0153297614298319
35.642,-0.01541526347646871
35.644,-0.015500577912474884
35.646,-0.015585699000408012
35.648,-0.01567062100973675
35.65,-0.015755338217450867
35.652,-0.015839844908669153
35.654,-0.01592413537724221
35.656,-0.016008203926355526
35.658,-0.01609204486912985
35.66,-0.016175652529215934
35.662,-0.01625902124139076
35.664,-0.016342145352146314
35.666,-0.016425019220278107
35.668,-0.016507637217470474
35.67,-0.016589993728875648
35.672,-0.016672083153691977
35.674,-0.01675389990573839
35.676,-0.016835438414022335
35.678,-0.01691669312330637
35.68,-0.01699765849467051
35.682,-0.017078329006067868
35.684,-0.017158699152878265
35.686,-0.017238763448457387
35.688,-0.017318516424678583
35.69,-0.017397952632472544
35.692,-0.01747706664236176
35.694,-0.017555853044987507
35.696,-0.01763430645163407
35.698,-0.01771242149474746
35.7,-0.017790192828446242
35.702,-0.017867615129029103
35.704,-0.017944683095476633
35.706,-0.018021391449944673
35.708,-0.018097734938254083
35.71,-0.018173708330374287
35.712,-0.018249306420897986
35.714,-0.01832452402951195
35.716,-0.018399356001460997
35.718,-0.018473797208002976
35.72,-0.018547842546859254
35.722,-0.01862148694265811
35.724,-0.01869472534736844
35.726,-0.01876755274073005
35.728,-0.01883996413067269
35.73,-0.01891195455373019
35.732,-0.018983519075446823
35.734,-0.0190546527907737
35.736,-0.01912535082445949
35.738,-0.019195608331433106
35.74,-0.019265420497176
35.742,-0.019334782538088437
35.744,-0.01940368970184731
35.746,-0.01947213726775328
35.748,-0.019540120547071462
35.75,-0.01960763488336335
35.752,-0.019674675652807637
35.754,-0.019741238264514356
35.756,-0.01980731816082973
35.758,-0.01987291081762978
35.76,-0.019938011744606708
35.762,-0.02000261648554581
35.764,-0.02006672061859078
35.766,-0.020130319756501383
35.768,-0.0201934095469014
35.77,-0.020255985672514625
35.772,-0.020318043851392943
35.774,-0.020379579837134332
35.776,-0.02044058941908861
35.778,-0.020501068422555002
35.78,-0.020561012708969227
35.782,-0.020620418176078018
35.784,-0.020679280758106242
35.786,-0.020737596425910183
35.788,-0.02079536118712221
35.79,-0.020852571086284542
35.792,-0.0209092222049703
35.794,-0.020965310661895338
35.796,-0.021020832613018944
35.798,-0.02107578425163164
35.8,-0.02113016180843345
35.802,-0.021183961551600832
35.804,-0.021237179786840456
35.806,-0.021289812857433265
35.808,-0.02134185714426686
35.81,-0.021393309065854717
35.812,-0.021444165078345234
35.814,-0.02149442167551912
35.816,-0.021544075388773266
35.818,-0.021593122787094344
35.82,-0.02164156047702051
35.822,-0.02168938510258942
35.824,-0.02173659334527591
35.826,-0.021783181923917354
35.828,-0.021829147594625512
35.83,-0.021874487150687648
35.832,-0.021919197422455253
35.834,-0.02196327527721919
35.836,-0.022006717619073867
35.838,-0.02204952138876898
35.84,-0.022091683563547557
35.842,-0.02213320115697286
35.844,-0.022174071218742836
35.846,-0.02221429083449058
35.848,-0.022253857125574504
35.85,-0.02229276724885372
35.852,-0.022331018396452358
35.854,-0.022368607795511267
35.856,-0.02240553270792586
35.858,-0.022441790430072626
35.86,-0.022477378292522946
35.862,-0.022512293659743225
35.864,-0.02254653392978342
35.866,-0.02258009653395307
35.868,-0.022612978936483487
35.87,-0.02264517863417852
35.872,-0.022676693156052675
35.874,-0.02270752006295551
35.876,-0.02273765694718469
35.878,-0.02276710143208624
35.88,-0.022795851171641433
35.882,-0.0228239038500421
35.884,-0.02285125718125343
35.886,-0.022877908908563366
35.888,-0.022903856804120604
35.89,-0.022929098668460032
35.892,-0.022953632330015114
35.894,-0.02297745564461877
35.896,-0.023000566494991916
35.898,-0.023022962790219197
35.9,-0.023044642465213108
35.902,-0.023065603480166248
35.904,-0.02308584381999064
35.906,-0.023105361493745903
35.908,-0.02312415453405548
35.91,-0.02314222099651027
35.912,-0.02315955895906163
35.914,-0.02317616652140161
35.916,-0.023192041804332358
35.918,-0.023207182949123845
35.92,-0.023221588116859725
35.922,-0.02323525548777246
35.924,-0.023248183260566987
35.926,-0.023260369651732962
35.928,-0.02327181289484637
35.93,-0.023282511239860144
35.932,-0.023292462952383616
35.934,-0.02330166631295168
35.936,-0.023310119616283216
35.938,-0.023317821170528857
35.94,-0.02332476929650867
35.942,-0.023330962326939635
35.944,-0.023336398605652706
35.946,-0.02334107648680024
35.948,-0.023344994334053598
35.95,-0.02334815051979088
35.952,-0.02335054342427531
35.954,-0.02335217143482423
35.956,-0.023353032944968783
35.958,-0.02335312635360465
35.96,-0.02335245006413392
35.962,-0.023351002483598036
35.964,-0.023348782021802468
35.966,-0.023345787090432727
35.968,-0.023342016102162418
35.97,-0.023337467469753143
35.972,-0.023332139605146508
35.974,-0.023326030918548707
35.976,-0.023319139817507356
35.978,-0.02331146470598145
35.98,-0.023303003983403913
35.982,-0.023293756043737433
35.984,-0.023283719274523818
35.986,-0.02327289205592677
35.988,-0.02326127275976833
35.99,-0.02324885974855974
35.992,-0.023235651374526205
35.994,-0.02322164597862615
35.996,-0.023206841889565514
35.998,-0.02319123742280669
36.0,-0.023174830879572478
36.002,-0.02315762054584615
36.004,-0.023139604691366642
36.006,-0.02312078156861954
36.008,-0.023101149411825075
36.01,-0.023080706435921833
36.012,-0.023059450835547238
36.014,-0.023037380784015647
36.016,-0.023014494432293198
36.018,-0.02299078990796996
36.02,-0.02296626531423091
36.022,-0.022940918728824148
36.024,-0.02291474820302747
36.026,-0.022887751760614663
36.028,-0.022859927396819774
36.03,-0.022831273077300804
36.032,-0.02280178673710396
36.034,-0.022771466279626385
36.036,-0.022740309575580583
36.038,-0.022708314461958496
36.04,-0.022675478740996326
36.042,-0.022641800179141608
36.044,-0.022607276506020974
36.046,-0.022571905413409487
36.048,-0.02253568455420354
36.05,-0.022498611541395153
36.052,-0.022460683947049018
36.054,-0.022421899301284152
36.056,-0.022382255091258005
36.058,-0.02234174876015427
36.06,-0.02230037770617658
36.062,-0.022258139281545426
36.064,-0.02221503079150028
36.066,-0.022171049493308316
36.068,-0.022126192595277837
36.07,-0.022080457255777584
36.072,-0.02203384058226439
36.074,-0.02198633963031605
36.076,-0.021937951402671754
36.078,-0.021888672848281682
36.08,-0.02183850086136322
36.082,-0.021787432280465823
36.084,-0.02173546388754627
36.086,-0.021682592407051834
36.088,-0.021628814505013055
36.09,-0.02157412678814859
36.092,-0.02151852580297881
36.094,-0.021462008034950415
36.096,-0.021404569907574698
36.098,-0.021346207781574374
36.1,-0.021286917954046036
36.102,-0.021226696657633177
36.104,-0.02116554005971242
36.106,-0.021103444261595307
36.108,-0.021040405297742266
36.11,-0.02097641913499091
36.112,-0.02091148167180158
36.114,-0.020845588737516026
36.116,-0.02077873609163217
36.118,-0.02071091942309706
36.12,-0.020642134349614705
36.122,-0.020572376416971058
36.124,-0.020501641098378907
36.126,-0.02042992379383869
36.128,-0.020357219829518054
36.13,-0.02028352445715276
36.132,-0.020208832853464795
36.134,-0.020133140119600733
36.136,-0.0200564412805928
36.138,-0.019978731284838742
36.14,-0.019900005003603054
36.142,-0.019820257230542735
36.144,-0.019739482681253046
36.146,-0.01965767599283609
36.148,-0.019574831723495494
36.15,-0.019490944352152446
36.152,-0.019406008278086077
36.154,-0.019320017820601453
36.156,-0.019232967218720184
36.158,-0.019144850630897086
36.16,-0.01905566213476618
36.162,-0.018965395726908838
36.164,-0.0188740453226542
36.166,-0.01878160475590414
36.168,-0.018688067778986586
36.17,-0.01859342806254071
36.172,-0.018497679195428416
36.174,-0.018400814684675693
36.176,-0.01830282795544735
36.178,-0.018203712351049547
36.18,-0.01810346113296353
36.182,-0.018002067480914437
36.184,-0.017899524492969256
36.186,-0.017795825185667448
36.188,-0.017690962494188164
36.19,-0.01758492927254806
36.192,-0.017477718293833305
36.194,-0.017369322250469565
36.196,-0.01725973375452405
36.198,-0.017148945338043203
36.2,-0.017036949453429956
36.202,-0.01692373847385428
36.204,-0.01680930469370087
36.206,-0.016693640329057957
36.208,-0.01657673751824068
36.21,-0.016458588322353022
36.212,-0.016339184725892335
36.214,-0.016218518637389906
36.216,-0.016096581890091093
36.218,-0.015973366242679983
36.22,-0.015848863380040948
36.222,-0.01572306491406138
36.224,-0.015595962384480721
36.226,-0.01546754725977489
36.228,-0.015337810938090122
36.23,-0.015206744748215258
36.232,-0.015074339950597468
36.234,-0.014940587738406067
36.236,-0.014805479238636437
36.238,-0.0146690055132584
36.24,-0.014531157560414294
36.242,-0.014391926315657966
36.244,-0.014251302653239668
36.246,-0.014109277387441619
36.248,-0.013965841273955809
36.25,-0.013820985011308554
36.252,-0.01367469924233709
36.254,-0.013526974555709337
36.256,-0.01337780148749133
36.258,-0.013227170522768113
36.26,-0.013075072097308224
36.262,-0.012921496599277372
36.264,-0.012766434371006066
36.266,-0.012609875710802151
36.268,-0.012451810874812966
36.27,-0.012292230078942765
36.272,-0.012131123500815588
36.274,-0.01196848128178847
36.276,-0.011804293529021116
36.278,-0.011638550317591088
36.28,-0.011471241692660707
36.282,-0.011302357671701034
36.284,-0.01113188824675905
36.286,-0.010959823386785382
36.288,-0.01078615304000841
36.29,-0.010610867136360419
36.292,-0.010433955589961722
36.294,-0.010255408301651727
36.296,-0.010075215161572712
36.298,-0.009893366051811767
36.3,-0.00970985084909022
36.302,-0.009524659427505496
36.304,-0.009337781661332057
36.306,-0.009149207427869368
36.308,-0.008958926610342728
36.31,-0.00876692910086316
36.312,-0.00857320480343439
36.314,-0.008377743637012457
36.316,-0.008180535538624677
36.318,-0.00798157046653504
36.32,-0.007780838403462461
36.322,-0.00757832935985796
36.324,-0.007374033377228001
36.326,-0.007167940531510115
36.328,-0.006960040936507438
36.33,-0.006750324747368561
36.332,-0.006538782164119213
36.334,-0.006325403435252342
36.336,-0.006110178861362737
36.338,-0.005893098798832749
36.34,-0.005674153663575675
36.342,-0.005453333934822844
36.344,-0.005230630158960619
36.346,-0.005006032953425245
36.348,-0.004779533010635228
36.35,-0.004551121101984558
36.352,-0.004320788081876753
36.354,-0.004088524891806748
36.356,-0.0038543225644980432
36.358,-0.0036181722280794436
36.36,-0.0033800651103085225
36.362,-0.0031399925428486717
36.364,-0.0028979459655841177
36.366,-0.0026539169309797135
36.368,-0.002407897108492852
36.37,-0.0021598782890211617
36.372,-0.0019098523893931081
36.374,-0.001657811456908684
36.376,-0.001403747673913761
36.378,-0.0011476533624149412
36.38,-0.0008895209887425249
36.382,-0.0006293431682443968
36.384,-0.0003671126700181297
36.386,-0.00010282242168863087
36.388,0.0001635344857859695
36.39,0.00043196479327305224
36.392,0.0007024750685813083
36.394,0.0009750717015513466
36.396,0.0012497608991140882
36.398,0.0015265486803089402
36.4,0.0018054408712803267
36.402,0.0020864431002451476
36.404,0.002369560792423311
36.406,0.0026547991649502126
36.408,0.002942163221763757
36.41,0.003231657748456784
36.412,0.0035232873071217256
36.414,0.0038170562311580225
36.416,0.004112968620069402
36.418,0.0044110283342422224
36.42,0.004711238989696561
36.422,0.005013603952830637
36.424,0.0053181263351504875
36.426,0.005624808987976807
36.428,0.005933654497149596
36.43,0.006244665177722875
36.432,0.006557843068640913
36.434,0.006873189927417364
36.436,0.0071907072248092885
36.438,0.007510396139477521
36.44,0.007832257552655214
36.442,0.008156292042816468
36.444,0.008482499880336305
36.446,0.008810881022164459
36.448,0.009141435106504697
36.45,0.009474161447490796
36.452,0.00980905902988223
36.454,0.01014612650377104
36.456,0.010485362179291139
36.458,0.010826764021353219
36.46,0.011170329644397063
36.462,0.011516056307152004
36.464,0.01186394090742951
36.466,0.012213979976939335
36.468,0.012566169676119988
36.47,0.012920505789008
36.472,0.013276983718137188
36.474,0.013635598479457438
36.476,0.013996344697306786
36.478,0.014359216599401052
36.48,0.01472420801187519
36.482,0.01509131235436596
36.484,0.015460522635126562
36.486,0.01583183144619879
36.488,0.016205230958633784
36.49,0.01658071291775163
36.492,0.016958268638465952
36.494,0.01733788900066442
36.496,0.017719564444635173
36.498,0.018103284966566005
36.5,0.018489040114106802
36.502,0.018876818981985295
36.504,0.01926661020770335
36.506,0.019658401967304045
36.508,0.020052181971199682
36.51,0.020447937460088106
36.512,0.020845655200947614
36.514,0.021245321483100384
36.516,0.021646922114372164
36.518,0.022050442417338542
36.52,0.022455867225647186
36.522,0.022863180880444645
36.524,0.023272367226897427
36.526,0.023683409610796995
36.528,0.024096290875277274
36.53,0.024510993357634455
36.532,0.02492749888623697
36.534,0.02534578877756502
36.536,0.02576584383333806
36.538,0.02618764433776991
36.54,0.026611170054939293
36.542,0.027036400226264953
36.544,0.027463313568114836
36.546,0.0278918882695387
36.548,0.028322101990112918
36.55,0.02875393185792723
36.552,0.029187354467702785
36.554,0.029622345879029795
36.556,0.030058881614755083
36.558,0.030496936659508454
36.56,0.030936485458355988
36.562,0.031377501915611186
36.564,0.03181995939379181
36.566,0.032263830712711467
36.568,0.03270908814873586
36.57,0.03315570343419242
36.572,0.033603647756921255
36.574,0.034052891759998115
36.576,0.03450340554161757
36.578,0.03495515865512415
36.58,0.035408120109222355
36.582,0.035862258368353356
36.584,0.036317541353226186
36.586,0.036773936441533935
36.588,0.037231410468843144
36.59,0.03768992972964333
36.592,0.038149459978587874
36.594,0.0386099664319135
36.596,0.03907141376902401
36.598,0.039533766134280696
36.6,0.039996987138952
36.602,0.0404610398633653
36.604,0.04092588685924569
36.606,0.04139149015222885
36.608,0.04185781124457849
36.61,0.04232481111809577
36.612,0.0427924502372064
36.614,0.04326068855225673
36.616,0.04372948550300542
36.618,0.044198800022296286
36.62,0.044668590539943584
36.622,0.04513881498681589
36.624,0.045609430799104116
36.626,0.04608039492280462
36.628,0.04655166381840328
36.63,0.047023193465745745
36.632,0.04749493936912503
36.634,0.04796685656257141
36.636,0.04843889961533007
36.638,0.04891102263755717
36.64,0.04938317928621909
36.642,0.049855322771180065
36.644,0.05032740586150857
36.646,0.050799380891986864
36.648,0.051271199769808706
36.65,0.05174281398149533
36.652,0.05221417460001372
36.654,0.05268523229208199
36.656,0.05315593732569152
36.658,0.05362623957782973
36.66,0.054096088542386345
36.662,0.05456543333828383
36.664,0.05503422271778117
36.666,0.0555024050749912
36.668,0.05596992845459399
36.67,0.056436740560729955
36.672,0.05690278876610092
36.674,0.057368020121262985
36.676,0.057832381364094534
36.678,0.0582958189294674
36.68,0.05875827895910442
36.682,0.0592197073116068
36.684,0.05968004957267856
36.686,0.06013925106553136
36.688,0.06059725686145228
36.69,0.06105401179056217
36.692,0.06150946045274685
36.694,0.06196354722874401
36.696,0.06241621629141255
36.698,0.06286741161716657
36.7,0.06331707699755683
36.702,0.06376515605102545
36.704,0.06421159223481615
36.706,0.06465632885702258
36.708,0.06509930908879984
36.71,0.06554047597672152
36.712,0.06597977245526428
36.714,0.0664171413594449
36.716,0.06685252543759142
36.718,0.06728586736423094
36.72,0.06771710975311757
36.722,0.0681461951703828
36.724,0.06857306614778864
36.726,0.06899766519611703
36.728,0.06941993481864646
36.73,0.06983981752474815
36.732,0.07025725584358233
36.734,0.07067219233787714
36.736,0.07108456961781126
36.738,0.07149433035498277
36.74,0.07190141729644538
36.742,0.07230577327883443
36.744,0.07270734124256292
36.746,0.073106064246071
36.748,0.07350188548014813
36.75,0.07389474828231075
36.752,0.07428459615121655
36.754,0.07467137276113585
36.756,0.07505502197646141
36.758,0.07543548786623896
36.76,0.07581271471873721
36.762,0.07618664705604006
36.764,0.07655722964864176
36.766,0.07692440753006485
36.768,0.07728812601148217
36.77,0.07764833069632475
36.772,0.07800496749489455
36.774,0.07835798263896294
36.776,0.07870732269633818
36.778,0.07905293458541846
36.78,0.07939476558971324
36.782,0.07973276337231378
36.784,0.08006687599033856
36.786,0.08039705190930978
36.788,0.08072324001748561
36.79,0.08104538964012989
36.792,0.08136345055370213
36.794,0.08167737299998373
36.796,0.08198710770012237
36.798,0.08229260586857895
36.8,0.08259381922699163
36.802,0.0828907000179398
36.804,0.0831832010185923
36.806,0.08347127555425428
36.808,0.08375487751179495
36.81,0.08403396135294258
36.812,0.08430848212745906
36.814,0.0845783954861773
36.816,0.08484365769388857
36.818,0.08510422564209058
36.82,0.08536005686158143
36.822,0.08561110953488585
36.824,0.08585734250852438
36.826,0.08609871530511143
36.828,0.08633518813526869
36.83,0.08656672190936439
36.832,0.08679327824906445
36.834,0.08701481949868374
36.836,0.0872313087363453
36.838,0.08744270978493662
36.84,0.08764898722284976
36.842,0.0878501063945146
36.844,0.08804603342071265
36.846,0.0882367352086604
36.848,0.08842217946187465
36.85,0.0886023346897935
36.852,0.08877717021716744
36.854,0.08894665619320687
36.856,0.08911076360047826
36.858,0.0892694642635542
36.86,0.08942273085740901
36.862,0.08957053691554966
36.864,0.08971285683788917
36.866,0.08984966589835332
36.868,0.08998094025221216
36.87,0.0901066569431428
36.872,0.09022679391001452
36.874,0.09034132999339009
36.876,0.09045024494174722
36.878,0.09055351941741395
36.88,0.09065113500221128
36.882,0.09074307420280783
36.884,0.09082932045577993
36.886,0.0909098581323721
36.888,0.09098467254296236
36.89,0.09105374994122604
36.892,0.09111707752799485
36.894,0.09117464345481384
36.896,0.09122643682719273
36.898,0.09127244770754725
36.9,0.09131266711783478
36.902,0.09134708704187941
36.904,0.09137570042738519
36.906,0.09139850118763992
36.908,0.09141548420290624
36.91,0.09142664532149963
36.912,0.09143198136055489
36.914,0.09143149010647912
36.916,0.0914251703150923
36.918,0.09141302171145478
36.92,0.09139504498938379
36.922,0.09137124181065687
36.924,0.09134161480390517
36.926,0.09130616756319679
36.928,0.09126490464631078
36.93,0.09121783157270251
36.932,0.09116495482116438
36.934,0.0911062818271796
36.936,0.09104182097997256
36.938,0.09097158161925958
36.94,0.09089557403169779
36.942,0.09081380944703643
36.944,0.09072630003397511
36.946,0.09063305889572687
36.948,0.0905341000652904
36.95,0.09042943850043786
36.952,0.09031909007841443
36.954,0.09020307159035615
36.956,0.09008140073543242
36.958,0.08995409611470906
36.96,0.08982117722473967
36.962,0.08968266445089168
36.964,0.08953857906040405
36.966,0.08938894319518273
36.968,0.0892337798643439
36.97,0.08907311293649922
36.972,0.08890696713179129
36.974,0.08873536801369021
36.976,0.08855834198054019
36.978,0.0883759162568796
36.98,0.08818811888452266
36.982,0.08799497871341415
36.984,0.08779652539226784
36.986,0.08759278935898165
36.988,0.0873838018308396
36.99,0.08716959479451339
36.992,0.08695020099585486
36.994,0.08672565392949066
36.996,0.08649598782823296
36.998,0.08626123765229532
37.0,0.08602143907832835
37.002,0.08577662848828593
37.004,0.08552684295811494
37.006,0.08527212024627906
37.008,0.08501249878213223
37.01,0.08474801765413029
37.012,0.0844787165978955
37.014,0.08420463598414676
37.016,0.08392581680648616
37.018,0.08364230066905462
37.02,0.08335412977407221
37.022,0.08306134690925138
37.024,0.08276399543509708
37.026,0.08246211927210992
37.028,0.08215576288787915
37.03,0.08184497128408101
37.032,0.08152978998339878
37.034,0.0812102650163443
37.036,0.08088644290801864
37.038,0.08055837066479116
37.04,0.08022609576091351
37.042,0.07988966612508486
37.044,0.07954913012695417
37.046,0.07920453656357478
37.048,0.07885593464582864
37.05,0.07850337398480481
37.052,0.07814690457814756
37.054,0.07778657679639263
37.056,0.07742244136927394
37.058,0.07705454937201801
37.06,0.07668295221164331
37.062,0.0763077016132474
37.064,0.07592884960629818
37.066,0.07554644851094752
37.068,0.07516055092434873
37.07,0.0747712097069946
37.072,0.07437847796909466
37.074,0.07398240905697158
37.076,0.0735830565394946
37.078,0.07318047419456764
37.08,0.07277471599565223
37.082,0.07236583609834232
37.084,0.07195388882700965
37.086,0.07153892866149779
37.088,0.07112101022388347
37.09,0.07070018826532233
37.092,0.07027651765295813
37.094,0.069850053356912
37.096,0.06942085043737249
37.098,0.06898896403175245
37.1,0.06855444934196225
37.102,0.0681173616217662
37.104,0.06767775616424068
37.106,0.06723568828935268
37.108,0.06679121333163401
37.11,0.0663443866279696
37.112,0.06589526350551717
37.114,0.0654438992697341
37.116,0.06499034919252866
37.118,0.06453466850055374
37.12,0.06407691236361725
37.122,0.06361713588322712
37.124,0.06315539408128859
37.126,0.06269174188892701
37.128,0.062226234135454445
37.13,0.061758925537496796
37.132,0.06128987068825549
37.134,0.06081912404692005
37.136,0.060346739928249696
37.138,0.05987277249229617
37.14,0.059397275734284896
37.142,0.058920303474671754
37.144,0.058441909349347496
37.146,0.057962146800006505
37.148,0.05748106906469696
37.15,0.05699872916852422
37.152,0.05651517991452329
37.154,0.05603047387471802
37.156,0.055544663381337664
37.158,0.05505780051820669
37.16,0.054569937112327244
37.162,0.05408112472561171
37.164,0.0535914146468182
37.166,0.05310085788364674
37.168,0.05260950515501414
37.17,0.05211740688352403
37.172,0.0516246131881012
37.174,0.051131173876806484
37.176,0.050637138439848135
37.178,0.050142556042758926
37.18,0.04964747551975453
37.182,0.049151945367289195
37.184,0.04865601373777742
37.186,0.04815972843349694
37.188,0.047663136900688984
37.19,0.04716628622382401
37.192,0.04666922312004808
37.194,0.046171993933825636
37.196,0.04567464463174642
37.198,0.045177220797511644
37.2,0.04467976762711508
37.202,0.044182329924186074
37.204,0.043684952095509925
37.206,0.0431876781467406
37.208,0.04269055167827302
37.21,0.04219361588128983
37.212,0.04169691353399734
37.214,0.04120048699801806
37.216,0.04070437821495404
37.218,0.040208628703136205
37.22,0.039713279554525915
37.222,0.039218371431783874
37.224,0.03872394456552228
37.226,0.0382300387516944
37.228,0.03773669334917364
37.23,0.03724394727747545
37.232,0.03675183901463892
37.234,0.03626040659528168
37.236,0.03576968760879478
37.238,0.035279719197691746
37.24,0.034790538056125524
37.242,0.03430218042854008
37.244,0.033814682108470384
37.246,0.03332807843750442
37.248,0.032842404304374226
37.25,0.032357694144189125
37.252,0.031873981937824966
37.254,0.031391301211436115
37.256,0.030909685036103564
37.258,0.03042916602763242
37.26,0.029949776346465815
37.262,0.029471547697728428
37.264,0.028994511331412728
37.266,0.028518698042674935
37.268,0.028044138172254013
37.27,0.027570861607026306
37.272,0.027098897780663347
37.274,0.026628275674405635
37.276,0.026159023817965133
37.278,0.025691170290523955
37.28,0.02522474272184214
37.282,0.024759768293488495
37.284,0.024296273740150934
37.286,0.02383428535107338
37.288,0.02337382897157572
37.29,0.022914930004670847
37.292,0.022457613412791264
37.294,0.022001903719593166
37.296,0.021547825011850735
37.298,0.021095400941452503
37.3,0.020644654727468348
37.302,0.020195609158299536
37.304,0.019748286593923598
37.306,0.019302708968202947
37.308,0.01885889779126943
37.31,0.01841687415199652
37.312,0.017976658720528504
37.314,0.01753827175087849
37.316,0.017101733083607108
37.318,0.016667062148551286
37.32,0.01623427796761518
37.322,0.015803399157634675
37.324,0.01537444393328541
37.326,0.01494743011004624
37.328,0.014522375107229413
37.33,0.014099295951047825
37.332,0.0136782092777312
37.334,0.013259131336702165
37.336,0.012842077993783372
37.338,0.012427064734446935
37.34,0.012014106667117427
37.342,0.011603218526499731
37.344,0.011194414676943182
37.346,0.010787709115854312
37.348,0.010383115477119956
37.35,0.009980647034582336
37.352,0.009580316705527836
37.354,0.009182137054202299
37.356,0.008786120295363496
37.358,0.008392278297843406
37.36,0.008000622588131407
37.362,0.0076111643539889685
37.364,0.007223914448068958
37.366,0.006838883391550515
37.368,0.006456081377800043
37.37,0.006075518276031847
37.372,0.0056972036349792615
37.374,0.005321146686586792
37.376,0.004947356349697169
37.378,0.004575841233744143
37.38,0.004206609642461357
37.382,0.0038396695775817155
37.384,0.0034750287425381037
37.386,0.0031126945461753567
37.388,0.002752674106448758
37.39,0.002394974254119558
37.392,0.002039601536457455
37.394,0.0016865622209256928
37.396,0.0013358622988592283
37.398,0.0009875074891458368
37.4,0.0006415032418861757
37.402,0.0002978547420433291
37.404,-4.343308690865828e-05
37.406,-0.0003823555793603733
37.408,-0.0007189083239567784
37.41,-0.0010530871599901308
37.412,-0.0013848881738272906
37.414,-0.0017143076953364566
37.416,-0.002041342294344095
37.418,-0.0023659887771110637
37.42,-0.0026882441828185405
37.422,-0.003008105780085452
37.424,-0.0033255710635078303
37.426,-0.00364063775021071
37.428,-0.0039533037764339805
37.43,-0.004263567294142427
37.432,-0.00457142666765098
37.434,-0.004876880470285895
37.436,-0.005179927481072358
37.438,-0.005480566681439549
37.44,-0.005778797251963473
37.442,-0.006074618569138077
37.444,-0.0063680302021659925
37.446,-0.006659031909788477
37.448,-0.00694762363714538
37.45,-0.007233805512656586
37.452,-0.007517577844943904
37.454,-0.0077989411197845054
37.456,-0.008077895997087341
37.458,-0.008354443307911193
37.46,-0.008628584051515406
37.462,-0.008900319392435053
37.464,-0.00916965065759859
37.466,-0.0094365793334791
37.468,-0.009701107063271323
37.47,-0.009963235644111628
37.472,-0.010222967024332575
37.474,-0.010480303300743161
37.476,-0.010735246715958015
37.478,-0.010987799655748129
37.48,-0.011237964646436262
37.482,-0.011485744352327751
37.484,-0.01173114157316919
37.486,-0.011974159241650888
37.488,-0.012214800420945122
37.49,-0.0124530683022727
37.492,-0.01268896620251331
37.494,-0.012922497561851844
37.496,-0.013153665941453174
37.498,-0.013382475021180826
37.5,-0.013608928597351242
37.502,-0.01383303058051704
37.504,-0.014054784993293552
37.506,-0.014274195968220903
37.508,-0.014491267745655192
37.51,-0.014706004671702197
37.512,-0.014918411196186731
37.514,-0.015128491870650542
37.516,-0.015336251346392524
37.518,-0.015541694372543907
37.52,-0.015744825794171816
37.522,-0.015945650550424493
37.524,-0.016144173672710774
37.526,-0.016340400282907914
37.528,-0.01653433559160974
37.53,-0.016725984896409026
37.532,-0.0169153535802064
37.534,-0.01710244710956343
37.536,-0.01728727103307834
37.538,-0.017469830979801856
37.54,-0.01765013265768542
37.542,-0.017828181852056077
37.544,-0.01800398442412927
37.546,-0.01817754630955353
37.548,-0.018348873516980765
37.55,-0.018517972126673724
37.552,-0.018684848289143886
37.554,-0.018849508223814704
37.556,-0.019011958217720414
37.558,-0.01917220462423449
37.56,-0.019330253861822425
37.562,-0.01948611241282901
37.564,-0.019639786822293965
37.566,-0.019791283696791277
37.568,-0.019940609703301346
37.57,-0.020087771568110743
37.572,-0.020232776075734468
37.574,-0.020375630067869785
37.576,-0.020516340442376397
37.578,-0.020654914152278263
37.58,-0.020791358204795544
37.582,-0.02092567966040162
37.584,-0.021057885631900888
37.586,-0.02118798328353504
37.588,-0.021315979830113463
37.59,-0.0214418825361631
37.592,-0.021565698715105632
37.594,-0.021687435728457244
37.596,-0.021807100985046582
37.598,-0.021924701940261016
37.6,-0.022040246095307914
37.602,-0.02215374099650149
37.604,-0.022265194234569977
37.606,-0.022374613443979605
37.608,-0.022482006302281903
37.61,-0.022587380529480342
37.612,-0.02269074388741253
37.614,-0.0227921041791544
37.616,-0.02289146924844233
37.618,-0.022988846979109794
37.62,-0.02308424529454453
37.622,-0.0231776721571624
37.624,-0.023269135567894735
37.626,-0.023358643565694545
37.628,-0.023446204227058454
37.63,-0.023531825665560828
37.632,-0.023615516031405413
37.634,-0.023697283510991523
37.636,-0.023777136326491137
37.638,-0.023855082735442436
37.64,-0.023931131030356295
37.642,-0.024005289538332922
37.644,-0.02407756662069343
37.646,-0.024147970672623097
37.648,-0.024216510122823914
37.65,-0.024283193433180535
37.652,-0.024348029098436866
37.654,-0.024411025645880918
37.656,-0.024472191635041527
37.658,-0.02453153565739493
37.66,-0.02458906633607812
37.662,-0.02464479232561415
37.664,-0.02469872231164301
37.666,-0.024750865010662457
37.668,-0.024801229169776527
37.67,-0.024849823566449762
37.672,-0.024896657008270096
37.674,-0.024941738332718302
37.676,-0.024985076406942287
37.678,-0.025026680127538874
37.68,-0.02506655842034099
37.682,-0.025104720240208978
37.684,-0.0251411745708282
37.686,-0.025175930424511057
37.688,-0.025208996842002212
37.69,-0.0252403828922891
37.692,-0.025270097672415955
37.694,-0.02529815030730015
37.696,-0.025324549949552657
37.698,-0.025349305779301345
37.7,-0.02537242700401571
37.702,-0.025393922858334757
37.704,-0.025413802603896703
37.706,-0.025432075529169616
37.708,-0.025448750949284053
37.71,-0.0254638382058669
37.712,-0.02547734666687513
37.714,-0.025489285726431103
37.716,-0.025499664804657724
37.718,-0.025508493347513508
37.72,-0.02551578082662777
37.722,-0.025521536739135275
37.724,-0.02552577060750997
37.726,-0.025528491979398247
37.728,-0.025529710427450766
37.73,-0.025529435549153018
37.732,-0.025527676966654304
37.734,-0.025524444326595064
37.736,-0.02551974729993207
37.738,-0.025513595581761504
37.74,-0.02550599889113968
37.742,-0.025496966970901265
37.744,-0.025486509587474525
37.746,-0.025474636530693942
37.748,-0.025461357613609674
37.75,-0.02544668267229329
37.752,-0.025430621565640868
37.754,-0.025413184175171938
37.756,-0.025394380404824477
37.758,-0.025374220180746854
37.76,-0.02535271345108494
37.762,-0.02532987018576506
37.764,-0.02530570037627329
37.766,-0.025280214035429713
37.768,-0.025253421197157847
37.77,-0.025225331916250385
37.772,-0.025195956268129226
37.774,-0.02516530434860042
37.776,-0.025133386273605285
37.778,-0.025100212178965124
37.78,-0.025065792220120942
37.782,-0.02503013657186876
37.784,-0.02499325542808795
37.786,-0.02495515900146569
37.788,-0.02491585752321479
37.79,-0.02487536124278565
37.792,-0.024833680427573755
37.794,-0.02479082536262031
37.796,-0.024746806350306683
37.798,-0.024701633710044517
37.8,-0.02465531777795848
37.802,-0.024607868906562767
37.804,-0.024559297464433298
37.806,-0.02450961383587217
37.808,-0.024458828420565855
37.81,-0.024406951633239023
37.812,-0.02435399390330036
37.814,-0.024299965674482317
37.816,-0.024244877404476096
37.818,-0.024188739564558873
37.82,-0.02413156263921451
37.822,-0.024073357125750018
37.824,-0.024014133533903657
37.826,-0.023953902385446927
37.828,-0.023892674213782064
37.83,-0.023830459563531286
37.832,-0.023767268990119966
37.834,-0.023703113059355137
37.836,-0.023638002346996242
37.838,-0.023571947438319123
37.84,-0.023504958927676314
37.842,-0.02343704741804883
37.844,-0.023368223520591737
37.846,-0.023298497854176262
37.848,-0.0232278810449219
37.85,-0.023156383725726353
37.852,-0.02308401653578688
37.854,-0.023010790120115754
37.856,-0.022936715129052
37.858,-0.02286180221776516
37.86,-0.02278606204575296
37.862,-0.02270950527633591
37.864,-0.02263214257614357
37.866,-0.022553984614595384
37.868,-0.02247504206337822
37.87,-0.02239532559591612
37.872,-0.0223148458868345
37.874,-0.022233613611421617
37.876,-0.022151639445082125
37.878,-0.022068934062785487
37.88,-0.02198550813851187
37.882,-0.02190137234469036
37.884,-0.02181653735163227
37.886,-0.02173101382696219
37.888,-0.021644812435041592
37.89,-0.021557943836387816
37.892,-0.02147041868709108
37.894,-0.021382247638224376
37.896,-0.02129344133524882
37.898,-0.02120401041741763
37.9,-0.02111396551717299
37.902,-0.021023317259538907
37.904,-0.020932076261512802
37.906,-0.02084025313145048
37.908,-0.020747858468447223
37.91,-0.0206549028617185
37.912,-0.020561396889972192
37.914,-0.020467351120782268
37.916,-0.020372776109955946
37.918,-0.020277682400897435
37.92,-0.02018208052397178
37.922,-0.020085980995862573
37.924,-0.01998939431892678
37.926,-0.019892330980549967
37.928,-0.01979480145249577
37.93,-0.019696816190252858
37.932,-0.01959838563238261
37.934,-0.019499520199861432
37.936,-0.019400230295420953
37.938,-0.019300526302889275
37.94,-0.019200418586527327
37.942,-0.01909991749036331
37.944,-0.018999033337528778
37.946,-0.018897776429590063
37.948,-0.01879615704587819
37.95,-0.018694185442820945
37.952,-0.018591871853270485
37.954,-0.018489226485830006
37.956,-0.01838625952418283
37.958,-0.01828298112641751
37.96,-0.018179401424352322
37.962,-0.01807553052286266
37.964,-0.017971378499204715
37.966,-0.01786695540233913
37.968,-0.017762271252257746
37.97,-0.017657336039307234
37.972,-0.017552159723512914
37.974,-0.017446752233906567
37.976,-0.017341123467849315
37.978,-0.017235283290360524
37.98,-0.017129241533443876
37.982,-0.017023007995414226
37.984,-0.016916592440228976
37.986,-0.01681000459681705
37.988,-0.016703254158409356
37.99,-0.016596350781873888
37.992,-0.016489304087049125
37.994,-0.016382123656079006
37.996,-0.016274819032753234
37.998,-0.016167399721846033
38.0,-0.016059875188457036
38.002,-0.015952254857357802
38.004,-0.015844548112337237
38.006,-0.015736764295549537
38.008,-0.015628912706868076
38.01,-0.015521002603238705
38.012,-0.015413043198035818
38.014,-0.015305043660424896
38.016,-0.015197013114724718
38.018,-0.015088960639772813
38.02,-0.014980895268297696
38.022,-0.01487282598629119
38.024,-0.01476476173238436
38.026,-0.014656711397230597
38.028,-0.01454868382288914
38.03,-0.014440687802212585
38.032,-0.014332732078242306
38.034,-0.014224825343602376
38.036,-0.014116976239903545
38.038,-0.014009193357147854
38.04,-0.013901485233137846
38.042,-0.013793860352893862
38.044,-0.013686327148072726
38.046,-0.013578893996391355
38.048,-0.013471569221058799
38.05,-0.01336436109020999
38.052,-0.013257277816344785
38.054,-0.013150327555775691
38.056,-0.013043518408077718
38.058,-0.01293685841554383
38.06,-0.012830355562649252
38.062,-0.012724017775518515
38.064,-0.012617852921397967
38.066,-0.012511868808138002
38.068,-0.012406073183677778
38.07,-0.012300473735536128
38.072,-0.012195078090312186
38.074,-0.01208989381318893
38.076,-0.011984928407443252
38.078,-0.011880189313965837
38.08,-0.01177568391078446
38.082,-0.011671419512593855
38.084,-0.01156740337029592
38.086,-0.011463642670543256
38.088,-0.01136014453528996
38.09,-0.011256916021352563
38.092,-0.01115396411997493
38.094,-0.011051295756400414
38.096,-0.010948917789454856
38.098,-0.010846837011131623
38.1,-0.010745060146189415
38.102,-0.010643593851754172
38.104,-0.010542444716928365
38.106,-0.010441619262411363
38.108,-0.010341123940124184
38.11,-0.010240965132842207
38.112,-0.010141149153838784
38.114,-0.010041682246533703
38.116,-0.009942570584149601
38.118,-0.009843820269379626
38.12,-0.009745437334060058
38.122,-0.009647427738850984
38.124,-0.009549797372928591
38.126,-0.00945255205368224
38.128,-0.009355697526420228
38.13,-0.009259239464086796
38.132,-0.009163183466984512
38.134,-0.009067535062505197
38.136,-0.008972299704872358
38.138,-0.008877482774889105
38.14,-0.008783089579694741
38.142,-0.008689125352532938
38.144,-0.008595595252525583
38.146,-0.008502504364455387
38.148,-0.008409857698560097
38.15,-0.008317660190332626
38.152,-0.008225916700329903
38.154,-0.008134632013993531
38.156,-0.008043810841476352
38.158,-0.007953457817477843
38.16,-0.007863577501091765
38.162,-0.007774174375657753
38.164,-0.0076852528486267505
38.166,-0.007596817251432187
38.168,-0.007508871839370068
38.17,-0.007421420791491004
38.172,-0.0073344682104982874
38.174,-0.007248018122655056
38.176,-0.007162074477703263
38.178,-0.007076641148788808
38.18,-0.006991721932395766
38.182,-0.006907320548292429
38.184,-0.0068234406394835035
38.186,-0.006740085772171488
38.188,-0.00665725943572968
38.19,-0.006574965042681576
38.192,-0.006493205928689247
38.194,-0.006411985352553405
38.196,-0.006331306496219807
38.198,-0.006251172464794695
38.2,-0.0061715862865717765
38.202,-0.006092550913065563
38.204,-0.006014069219053751
38.206,-0.005936144002630971
38.208,-0.00585877798526894
38.21,-0.005781973811885603
38.212,-0.005705734050925509
38.214,-0.005630061194446638
38.216,-0.00555495765821599
38.218,-0.005480425781816456
38.22,-0.005406467828760005
38.222,-0.005333085986609615
38.224,-0.005260282367112535
38.226,-0.005188059006338298
38.228,-0.005116417864829262
38.23,-0.005045360827757143
38.232,-0.004974889705088172
38.234,-0.0049050062317589835
38.236,-0.004835712067858763
38.238,-0.004767008798819814
38.24,-0.0046988979356187375
38.242,-0.004631380914983774
38.244,-0.004564459099610422
38.246,-0.004498133778387498
38.248,-0.0044324061666292415
38.25,-0.004367277406315552
38.252,-0.004302748566342492
38.254,-0.004238820642778703
38.256,-0.004175494559129784
38.258,-0.004112771166612763
38.26,-0.004050651244436283
38.262,-0.003989135500088704
38.264,-0.003928224569635945
38.266,-0.003867919018025013
38.268,-0.003808219339395175
38.27,-0.00374912595739868
38.272,-0.0036906392255270527
38.274,-0.0036327594274447646
38.276,-0.0035754867773322967
38.278,-0.003518821420234507
38.28,-0.0034627634324163204
38.282,-0.003407312821727593
38.284,-0.003352469527972045
38.286,-0.003298233423286216
38.288,-0.003244604312523401
38.29,-0.0031915819336444298
38.292,-0.0031391659581170434
38.294,-0.003087355991320175
38.296,-0.003036151572955021
38.298,-0.002985552177464207
38.3,-0.0029355572144558507
38.302,-0.002886166029134071
38.304,-0.0028373779027373452
38.306,-0.002789192052981577
38.308,-0.002741607634509322
38.31,-0.0026946237393465945
38.312,-0.0026482393973642077
38.314,-0.002602453576744908
38.316,-0.002557265184457964
38.318,-0.002512673066737886
38.32,-0.002468676009568866
38.322,-0.002425272739176164
38.324,-0.0023824619225215563
38.326,-0.0023402421678041917
38.328,-0.002298612024968078
38.33,-0.0022575699862133966
38.332,-0.0022171144865129506
38.334,-0.002177243904134934
38.336,-0.002137956561169281
38.338,-0.0020992507240588914
38.34,-0.002061124604136863
38.342,-0.0020235763581670056
38.344,-0.001986604088889026
38.346,-0.001950205845569446
38.348,-0.0019143796245548461
38.35,-0.0018791233698314275
38.352,-0.0018444349735872705
38.354,-0.0018103122767788773
38.356,-0.0017767530697025847
38.358,-0.0017437550925688862
38.36,-0.0017113160360804434
38.362,-0.0016794335420148628
38.364,-0.0016481052038099762
38.366,-0.0016173285671526073
38.368,-0.0015871011305717275
38.37,-0.0015574203460338425
38.372,-0.0015282836195416004
38.374,-0.0014996883117364326
38.376,-0.001471631738503178
38.378,-0.0014441111715776233
38.38,-0.0014171238391576975
38.382,-0.0013906669265164734
38.384,-0.0013647375766177028
38.386,-0.0013393328907347173
38.388,-0.0013144499290708243
38.39,-0.001290085711382
38.392,-0.0012662372176025487
38.394,-0.0012429013884720386
38.396,-0.0012200751261641982
38.398,-0.0011977552949184473
38.4,-0.0011759387216724697
38.402,-0.0011546221966963824
38.404,-0.0011338024742293118
38.406,-0.0011134762731165922
38.408,-0.001093640277448427
38.41,-0.0010742911372005406
38.412,-0.0010554254688748925
38.414,-0.0010370398561425284
38.416,-0.0010191308504867037
38.418,-0.0010016949718468955
38.42,-0.000984728709264169
38.422,-0.0009682285215266047
38.424,-0.0009521908378153678
38.426,-0.0009366120583517573
38.428,-0.0009214885550440834
38.43,-0.000906816672134882
38.432,-0.0008925927268487836
38.434,-0.000878813010039968
38.436,-0.0008654737868396562
38.438,-0.0008525712973039279
38.44,-0.0008401017570608821
38.442,-0.0008280613579575609
38.444,-0.0008164462687068417
38.446,-0.0008052526355334707
38.448,-0.0007944765828195362
38.45,-0.0007841142137496402
38.452,-0.0007741616109549123
38.454,-0.0007646148371562612
38.456,-0.0007554699358069111
38.458,-0.0007467229317336538
38.46,-0.0007383698317769832
38.462,-0.0007304066254302417
38.464,-0.0007228292854772628
38.466,-0.0007156337686285846
38.468,-0.0007088160161564383
38.47,-0.0007023719545279378
38.472,-0.0006962974960366148
38.474,-0.0006905885394324837
38.476,-0.000685240970549875
38.478,-0.0006802506629337846
38.48,-0.0006756134784639094
38.482,-0.0006713252679767402
38.484,-0.0006673818718855463
38.486,-0.0006637791207980484
38.488,-0.0006605128361317318
38.49,-0.0006575788307269202
38.492,-0.0006549729094572215
38.494,-0.0006526908698374495
38.496,-0.0006507285026290058
38.498,-0.0006490815924424364
38.5,-0.000647745918337236
38.502,-0.0006467172544188503
38.504,-0.000645991370432664
38.506,-0.0006455640323550175
38.508,-0.0006454310029811536
38.51,-0.0006455880425099807
38.512,-0.000646030909125633
38.514,-0.0006467553595757396
38.516,-0.0006477571497462958
38.518,-0.0006490320352331783
38.52,-0.0006505757719100658
38.522,-0.0006523841164928611
38.524,-0.0006544528271004799
38.526,-0.0006567776638119003
38.528,-0.0006593543892195013
38.53,-0.0006621787689785729
38.532,-0.0006652465723528921
38.534,-0.0006685535727564539
38.536,-0.0006720955482910802
38.538,-0.0006758682822800479
38.54,-0.0006798675637976273
38.542,-0.0006840891881943114
38.544,-0.000688528957617918
38.546,-0.0006931826815304463
38.548,-0.0006980461772204197
38.55,-0.0007031152703109861
38.552,-0.0007083857952635865
38.554,-0.0007138535958769567
38.556,-0.0007195145257817368
38.558,-0.0007253644489305065
38.56,-0.0007313992400829836
38.562,-0.0007376147852867151
38.564,-0.0007440069823530524
38.566,-0.0007505717413281241
38.568,-0.0007573049849591918
38.57,-0.0007642026491561562
38.572,-0.0007712606834479104
38.574,-0.000778475051434001
38.576,-0.000785841731231255
38.578,-0.0007933567159151885
38.58,-0.0008010160139565719
38.582,-0.000808815649652868
38.584,-0.000816751663554347
38.586,-0.0008248201128852051
38.588,-0.0008330170719595435
38.59,-0.0008413386325918214
38.592,-0.0008497809045022991
38.594,-0.0008583400157171949
38.596,-0.000867012112963219
38.598,-0.0008757933620571878
38.6,-0.000884679948289821
38.602,-0.0008936680768044034
38.604,-0.0009027539729700709
38.606,-0.0009119338827492931
38.608,-0.0009212040730602038
38.61,-0.0009305608321334025
38.612,-0.0009400004698629895
38.614,-0.0009495193181522739
38.616,-0.0009591137312540037
38.618,-0.0009687800861046649
38.62,-0.0009785147826535008
38.622,-0.000988314244185929
38.624,-0.0009981749176410318
38.626,-0.00100809327392367
38.628,-0.0010180658082110236
38.63,-0.0010280890402530884
38.632,-0.0010381595146678486
38.634,-0.0010482738012307603
38.636,-0.0010584284951581976
38.638,-0.0010686202173855984
38.64,-0.0010788456148397964
38.642,-0.001089101360705399
38.644,-0.0010993841546857643
38.646,-0.0011096907232582129
38.648,-0.0011200178199232457
38.65,-0.0011303622254483347
38.652,-0.0011407207481060055
38.654,-0.0011510902239058544
38.656,-0.001161467516821185
38.658,-0.0011718495190099149
38.66,-0.0011822331510294038
38.662,-0.0011926153620461198
38.664,-0.001202993130039045
38.666,-0.001213363461997751
38.668,-0.0012237233941147741
38.67,-0.001234069991971975
38.672,-0.0012444003507215444
38.674,-0.0012547115952613553
38.676,-0.0012650008804043099
38.678,-0.0012752653910423784
38.68,-0.0012855023423050012
38.682,-0.001295708979711531
38.684,-0.0013058825793184252
38.686,-0.0013160204478607964
38.688,-0.001326119922888099
38.69,-0.0013361783728945732
38.692,-0.0013461931974441217
38.694,-0.0013561618272893636
38.696,-0.0013660817244854958
38.698,-0.0013759503824986672
38.7,-0.0013857653263085572
38.702,-0.0013955241125058271
38.704,-0.001405224329384177
38.706,-0.0014148635970266492
38.708,-0.0014244395673868818
38.71,-0.0014339499243650284
38.712,-0.0014433923838780057
38.714,-0.0014527646939247766
38.716,-0.0014620646346463371
38.718,-0.001471290018380169
38.72,-0.0014804386897097621
38.722,-0.0014895085255089485
38.724,-0.0014984974349807516
38.726,-0.0015074033596915648
38.728,-0.0015162242735998026
38.73,-0.0015249581830797275
38.732,-0.0015336031269402922
38.734,-0.0015421571764386794
38.736,-0.0015506184352891365
38.738,-0.001558985039666891
38.74,-0.0015672551582068747
38.742,-0.0015754269919978506
38.744,-0.0015834987745717089
38.746,-0.0015914687718877052
38.748,-0.001599335282312193
38.75,-0.001607096636593636
38.752,-0.0016147511978326845
38.754,-0.0016222973614478386
38.756,-0.0016297335551365266
38.758,-0.0016370582388313577
38.76,-0.001644269904652101
38.762,-0.0016513670768531401
38.764,-0.0016583483117662843
38.766,-0.0016652121977393944
38.768,-0.0016719573550706404
38.77,-0.0016785824359382062
38.772,-0.0016850861243259546
38.774,-0.0016914671359448364
38.776,-0.0016977242181499055
38.778,-0.0017038561498534067
38.78,-0.0017098617414337157
38.782,-0.001715739834640055
38.784,-0.0017214893024934796
38.786,-0.0017271090491836035
38.788,-0.0017325980099615803
38.79,-0.0017379551510292319
38.792,-0.0017431794694241776
38.794,-0.0017482699929013117
38.796,-0.0017532257798106004
38.798,-0.0017580459189709607
38.8,-0.001762729529540744
38.802,-0.0017672757608845372
38.804,-0.0017716837924363423
38.806,-0.0017759528335593473
38.808,-0.0017800821234022933
38.81,-0.0017840709307522947
38.812,-0.001787918553884433
38.814,-0.0017916243204080693
38.816,-0.0017951875871097516
38.818,-0.0017986077397931012
38.82,-0.0018018841931154738
38.822,-0.0018050163904214816
38.824,-0.0018080038035735353
38.826,-0.0018108459327793739
38.828,-0.0018135423064166065
38.83,-0.0018160924808543963
38.832,-0.0018184960402723208
38.834,-0.0018207525964763524
38.836,-0.0018228617887121878
38.838,-0.0018248232834758454
38.84,-0.0018266367743216259
38.842,-0.0018283019816674618
38.844,-0.0018298186525977857
38.846,-0.0018311865606638667
38.848,-0.0018324055056817188
38.85,-0.0018334753135276468
38.852,-0.001834395835931436
38.854,-0.0018351669502672963
38.856,-0.0018357885593425355
38.858,-0.0018362605911840958
38.86,-0.0018365829988229642
38.862,-0.0018367557600764755
38.864,-0.001836778877328625
38.866,-0.0018366523773084183
38.868,-0.0018363763108662856
38.87,-0.0018359507527486284
38.872,-0.0018353758013705634
38.874,-0.0018346515785869133
38.876,-0.0018337782294614688
38.878,-0.0018327559220345738
38.88,-0.0018315848470891504
38.882,-0.0018302652179151319
38.884,-0.0018287972700723773
38.886,-0.001827181261152163
38.888,-0.0018254174705372504
38.89,-0.001823506199160582
38.892,-0.0018214477692627229
38.894,-0.0018192425241479876
38.896,-0.0018168908279393705
38.898,-0.0018143930653323906
38.9,-0.0018117496413477393
38.902,-0.0018089609810829038
38.904,-0.00180602752946282
38.906,-0.0018029497509895365
38.908,-0.0017997281294909067
38.91,-0.001796363167868595
38.912,-0.001792855387845039
38.914,-0.0017892053297098609
38.916,-0.0017854135520654403
38.918,-0.0017814806315717972
38.92,-0.0017774071626909843
38.922,-0.0017731937574307884
38.924,-0.0017688410450878963
38.926,-0.0017643496719907097
38.928,-0.0017597203012415974
38.93,-0.0017549536124587457
38.932,-0.0017500503015178276
38.934,-0.0017450110802932186
38.936,-0.0017398366763989466
38.938,-0.001734527832929619
38.94,-0.001729085308200996
38.942,-0.0017235098754904768
38.944,-0.0017178023227776402
38.946,-0.0017119634524846096
38.948,-0.0017059940812164365
38.95,-0.0016998950395016857
38.952,-0.001693667171532956
38.954,-0.001687311334907546
38.956,-0.0016808284003684546
38.958,-0.0016742192515454765
38.96,-0.0016674847846964653
38.962,-0.0016606259084492106
38.964,-0.0016536435435433516
38.966,-0.0016465386225727454
38.968,-0.0016393120897284486
38.97,-0.0016319649005419176
38.972,-0.0016244980216287555
38.974,-0.0016169124304332267
38.976,-0.0016092091149729382
38.978,-0.0016013890735845976
38.98,-0.0015934533146700555
38.982,-0.0015854028564431413
38.984,-0.0015772387266774017
38.986,-0.0015689619624543482
38.988,-0.0015605736099125554
38.99,-0.001552074723997782
38.992,-0.0015434663682137393
38.994,-0.001534749614373737
38.996,-0.0015259255423535271
38.998,-0.0015169952398448668
39.0,-0.0015079598021100577
39.002,-0.0014988203317377888
39.004,-0.0014895779383997808
39.006,-0.001480233738608513
39.008,-0.0014707888554763553
39.01,-0.001461244418475587
39.012,-0.0014516015631995732
39.014,-0.0014418614311254726
39.016,-0.0014320251693778806
39.018,-0.0014220939304937456
39.02,-0.0014120688721889125
39.022,-0.0014019511571256287
39.024,-0.001391741952681486
39.026,-0.0013814424307199862
39.028,-0.0013710537673622515
39.03,-0.001360577142760128
39.032,-0.0013500137408711563
39.034,-0.001339364749234409
39.036,-0.0013286313587484917
39.038,-0.0013178147634506018
39.04,-0.0013069161602972065
39.042,-0.0012959367489466414
39.044,-0.001284877731542925
39.046,-0.0012737403125012425
39.048,-0.0012625256982953977
39.05,-0.0012512350972466008
39.052,-0.001239869719313922
39.054,-0.0012284307758868309
39.056,-0.001216919479579086
39.058,-0.0012053370440243847
39.06,-0.0011936846836741368
39.062,-0.001181963613596655
39.064,-0.001170175049278157
39.066,-0.0011583202064259419
39.068,-0.001146400300773033
39.07,-0.00113441654788469
39.072,-0.0011223701629671443
39.074,-0.0011102623606778573
39.076,-0.0010980943549376535
39.078,-0.0010858673587451884
39.08,-0.0010735825839929053
39.082,-0.0010612412412849925
39.084,-0.0010488445397576307
39.086,-0.00103639368690086
39.088,-0.0010238898883823768
39.09,-0.0010113343478737784
39.092,-0.0009987282668783592
39.094,-0.0009860728445609244
39.096,-0.0009733692775801281
39.098,-0.0009606187599220839
39.1,-0.0009478224827367886
39.102,-0.0009349816341760451
39.104,-0.000922097399233544
39.106,-0.0009091709595873488
39.108,-0.0008962034934440872
39.11,-0.0008831961753852074
39.112,-0.0008701501762157383
39.114,-0.0008570666628147476
39.116,-0.0008439467979878784
39.118,-0.0008307917403224392
39.12,-0.0008176026440441511
39.122,-0.0008043806588760596
39.124,-0.0007911269298999288
39.126,-0.0007778425974194225
39.128,-0.000764528796825321
39.13,-0.0007511866584633642
39.132,-0.0007378173075037815
39.134,-0.0007244218638129481
39.136,-0.0007110014418276207
39.138,-0.0006975571504308788
39.14,-0.0006840900928302188
39.142,-0.0006706013664382095
39.144,-0.0006570920627548484
39.146,-0.0006435632672520913
39.148,-0.0006300160592609318
39.15,-0.0006164515118601832
39.152,-0.0006028706917674221
39.154,-0.0005892746592324975
39.156,-0.0005756644679327234
39.158,-0.0005620411648702187
39.16,-0.0005484057902718723
39.162,-0.0005347593774906838
39.164,-0.0005211029529099726
39.166,-0.0005074375358492247
39.168,-0.0004937641384720414
39.17,-0.00048008376569663854
39.172,-0.0004663974151080403
39.174,-0.00045270607687233205
39.176,-0.0004390107336534857
39.178,-0.00042531236053181464
39.18,-0.0004116119249245138
39.182,-0.00039791038650873866
39.184,-0.00038420869714627694
39.186,-0.0003705078008103186
39.188,-0.00035680863351470913
39.19,-0.00034311212324479807
39.192,-0.00032941918989036305
39.194,-0.00031573074518096355
39.196,-0.00030204769262290494
39.198,-0.00028837092743821697
39.2,-0.00027470133650606913
39.202,-0.0002610397983057299
39.204,-0.00024738718286156135
39.206,-0.00023374435169035536
39.208,-0.00022011215775027525
39.21,-0.00020649144539168105
39.212,-0.0001928830503104056
39.214,-0.0001792877995024627
39.216,-0.0001657065112207353
39.218,-0.00015213999493397107
39.22,-0.00013858905128725065
39.222,-0.00012505447206436924
39.224,-0.00011153704015253677
39.226,-9.803752950824285e-05
39.228,-8.455670512569477e-05
39.23,-7.109532300659475e-05
39.232,-5.765413013176027e-05
39.234,-4.4233864434984824e-05
39.236,-3.083525477823833e-05
39.238,-1.7459020928699796e-05
39.24,-4.105873537952817e-06
39.242,9.223485877486726e-06
39.244,2.2528364953889116e-05
39.246,3.580808049588342e-05
39.248,4.9061958490738584e-05
39.25,6.228933412094715e-05
39.252,7.548955177470989e-05
39.254,8.866196505516412e-05
39.256,0.00010180593678796096
39.258,0.00011492083902679522
39.26,0.00012800605305771573
39.262,0.0001410609694018467
39.264,0.00015408498781608639
39.266,0.00016707751729266428
39.268,0.00018003797605712323
39.27,0.00019296579156434426
39.272,0.00020586040049349209
39.274,0.00021872124874139885
39.276,0.0002315477914140913
39.278,0.0002443394928172229
39.28,0.000257095826445064
39.282,0.00026981627496757647
39.284,0.00028250033021677817
39.286,0.0002951474931709641
39.288,0.0003077572739380611
39.29,0.0003203291917375376
39.292,0.00033286277488059866
39.294,0.00034535756074943746
39.296,0.0003578130957751463
39.298,0.00037022893541395615
39.3,0.00038260464412254863
39.302,0.0003949397953321378
39.304,0.00040723397142088114
39.306,0.00041948676368546486
39.308,0.0004316977723114691
39.31,0.00044386660634214165
39.312,0.0004559928836463953
39.314,0.0004680762308856257
39.316,0.00048011628347901245
39.318,0.0004921126855680861
39.32,0.000504065089980171
39.322,0.000515973158190366
39.324,0.0005278365602828399
39.326,0.0005396549749110756
39.328,0.0005514280892566785
39.33,0.0005631555989875875
39.332,0.0005748372082152466
39.334,0.0005864726294504503
39.336,0.0005980615835585864
39.338,0.0006096037997139446
39.34,0.000621099015352719
39.342,0.0006325469761254829
39.344,0.00064394743584877
39.346,0.000655300156455371
39.348,0.0006666049079444118
39.35,0.0006778614683299409
39.352,0.0006890696235891678
39.354,0.0007002291676098437
39.356,0.0007113399021365422
39.358,0.0007224016367165112
39.36,0.0007334141886447916
39.362,0.0007443773829082546
39.364,0.0007552910521292761
39.366,0.0007661550365087259
39.368,0.0007769691837679234
39.37,0.0007877333490903054
39.372,0.0007984473950624314
39.374,0.0008091111916140419
39.376,0.0008197246159578377
39.378,0.0008302875525286937
39.38,0.0008407998929219514
39.382,0.0008512615358314919
39.384,0.000861672386987292
39.386,0.0008720323590921172
39.388,0.0008823413717580428
39.39,0.0008925993514425018
39.392,0.0009028062313835242
39.394,0.0009129619515348712
39.396,0.0009230664585007237
39.398,0.0009331197054696198
39.4,0.0009431216521483482
39.402,0.0009530722646954167
39.404,0.000962971515653859
39.406,0.0009728193838840051
39.408,0.0009826158544959142
39.41,0.0009923609187811218
39.412,0.0010020545741446386
39.414,0.001011696824036114
39.416,0.0010212876778810751
39.418,0.0010308271510119267
39.42,0.0010403152645983831
39.422,0.0010497520455779851
39.424,0.0010591375265864168
39.426,0.001068471745887296
39.428,0.0010777547473021275
39.43,0.0010869865801400452
39.432,0.0010961672991271314
39.434,0.0011052969643358928
39.436,0.001114375641114604
39.438,0.0011234034000162539
39.44,0.0011323803167277002
39.442,0.0011413064719987152
39.444,0.0011501819515707182
39.446,0.0011590068461056983
39.448,0.0011677812511151344
39.45,0.001176505266888576
39.452,0.0011851789984225237
39.454,0.0011938025553492786
39.456,0.001202376051865555
39.458,0.0012108996066613805
39.46,0.0012193733428490392
39.462,0.0012277973878917943
39.464,0.001236171873532952
39.466,0.0012444969357249883
39.468,0.001252772714558514
39.47,0.001260999354191595
39.472,0.0012691770027791938
39.474,0.001277305812402429
39.476,0.001285385938998432
39.478,0.0012934175422898877
39.48,0.0013014007857150463
39.482,0.0013093358363578987
39.484,0.001317222864878256
39.486,0.0013250620454423202
39.488,0.0013328535556534067
39.49,0.0013405975764826587
39.492,0.0013482942922002383
39.494,0.0013559438903067225
39.496,0.0013635465614645335
39.498,0.001371102499429833
39.5,0.0013786119009846984
39.502,0.0013860749658693244
39.504,0.001393491896714762
39.506,0.0014008628989759142
39.508,0.0014081881808646226
39.51,0.0014154679532833018
39.512,0.00142270242975887
39.514,0.0014298918263767908
39.516,0.0014370363617156722
39.518,0.001444136256782217
39.52,0.001451191734946285
39.522,0.0014582030218765565
39.524,0.0014651703454765454
39.526,0.0014720939358207827
39.528,0.0014789740250915834
39.53,0.0014858108475162258
39.532,0.0014926046393042604
39.534,0.0014993556385856136
39.536,0.0015060640853487017
39.538,0.001512730221379256
39.54,0.001519354290199513
39.542,0.0015259365370076713
39.544,0.001532477208617961
39.546,0.0015389765534011839
39.548,0.0015454348212254779
39.55,0.0015518522633977305
39.552,0.0015582291326054942
39.554,0.0015645656828591203
39.556,0.0015708621694345815
39.558,0.0015771188488167866
39.56,0.0015833359786431478
39.562,0.0015895138176478594
39.564,0.001595652625606641
39.566,0.0016017526632818055
39.568,0.0016078141923680095
39.57,0.0016138374754385042
39.572,0.001619822775891705
39.574,0.0016257703578984731
39.576,0.001631680486349901
39.578,0.00163755342680543
39.58,0.0016433894454416906
39.582,0.0016491888090018577
39.584,0.001654951784745352
39.586,0.0016606786403982631
39.588,0.0016663696441043105
39.59,0.0016720250643761435
39.592,0.0016776451700473952
39.594,0.0016832302302252516
39.596,0.0016887805142433827
39.598,0.0016942962916157189
39.6,0.0016997778319904763
39.602,0.001705225405104944
39.604,0.001710639280740803
39.606,0.0017160197286798648
39.608,0.0017213670186604964
39.61,0.0017266814203346459
39.612,0.0017319632032252307
39.614,0.0017372126366842777
39.616,0.0017424299898516126
39.618,0.0017476155316139487
39.62,0.001752769530564722
39.622,0.0017578922549644706
39.624,0.0017629839727016398
39.626,0.0017680449512541012
39.628,0.0017730754576512399
39.63,0.0017780757584364656
39.632,0.0017830461196304333
39.634,0.001787986806694846
39.636,0.0017928980844966586
39.638,0.0017977802172730107
39.64,0.0018026334685967357
39.642,0.0018074581013422647
39.644,0.001812254377652268
39.646,0.0018170225589048598
39.648,0.0018217629056812073
39.65,0.00182647567773387
39.652,0.0018311611339556933
39.654,0.0018358195323491175
39.656,0.0018404511299962055
39.658,0.001845056183029222
39.66,0.0018496349466016126
39.662,0.001854187674859781
39.664,0.0018587146209151926
39.666,0.001863216036817182
39.668,0.0018676921735263164
39.67,0.0018721432808881707
39.672,0.0018765696076077946
39.674,0.001880971401224731
39.676,0.0018853489080884215
39.678,0.0018897023733343247
39.68,0.0018940320408605568
39.682,0.0018983381533049317
39.684,0.0019026209520226886
39.686,0.0019068806770647486
39.688,0.001911117567156358
39.69,0.0019153318596764112
39.692,0.0019195237906372922
39.694,0.0019236935946651094
39.696,0.0019278415049805873
39.698,0.0019319677533804604
39.7,0.0019360725702192772
39.702,0.001940156184391831
39.704,0.0019442188233160973
39.706,0.0019482607129165633
39.708,0.0019522820776081715
39.71,0.0019562831402807805
39.712,0.001960264122283978
39.714,0.001964225243412529
39.716,0.001968166721892299
39.718,0.0019720887743665534
39.72,0.001975991615882855
39.722,0.0019798754598804357
39.724,0.0019837405181779193
39.726,0.001987587000961716
39.728,0.0019914151167746683
39.73,0.00199522507250532
39.732,0.0019990170733776257
39.734,0.0020027913229410015
39.736,0.002006548023060956
39.738,0.002010287373910156
39.74,0.002014009573959829
39.742,0.00201771481997172
39.744,0.002021403306990484
39.746,0.0020250752283363913
39.748,0.0020287307755985865
39.75,0.0020323701386287573
39.752,0.002035993505535119
39.754,0.0020396010626769225
39.756,0.0020431929946593775
39.758,0.0020467694843288612
39.76,0.002050330712768651
39.762,0.0020538768592950514
39.764,0.002057408101453797
39.766,0.002060924615016964
39.768,0.002064426573980262
39.77,0.0020679141505605923
39.772,0.0020713875151940992
39.774,0.002074846836534582
39.776,0.0020782922814521747
39.778,0.0020817240150324866
39.78,0.0020851422005761064
39.782,0.0020885469995983365
39.784,0.0020919385718294516
39.786,0.0020953170752151277
39.788,0.0020986826659173223
39.79,0.0021020354983154934
39.792,0.0021053757250080385
39.794,0.0021087034968141644
39.796,0.002112018962776078
39.798,0.002115322270161383
39.8,0.0021186135644659008
39.802,0.0021218929894167857
39.804,0.002125160686975846
39.806,0.002128416797343262
39.808,0.0021316614589615927
39.81,0.0021348948085199698
39.812,0.0021381169809586787
39.814,0.0021413281094740146
39.816,0.002144528325523299
39.818,0.0021477177588302915
39.82,0.002150896537390838
39.822,0.0021540647874786923
39.824,0.0021572226336516857
39.826,0.0021603701987581523
39.828,0.0021635076039434927
39.83,0.002166634968657077
39.832,0.002169752410659395
39.834,0.0021728600460293136
39.836,0.0021759579891716917
39.838,0.0021790463528251897
39.84,0.002182125248070207
39.842,0.0021851947843371366
39.844,0.0021882550694148125
39.846,0.0021913062094590678
39.848,0.002194348309001645
39.85,0.0021973814709591345
39.852,0.0022004057966422243
39.854,0.00220342138576512
39.856,0.0022064283364550594
39.858,0.002209426745262092
39.86,0.002212416707169039
39.862,0.002215398315601515
39.864,0.0022183716624382174
39.866,0.002221336838021365
39.868,0.0022242939311672098
39.87,0.002227243029176776
39.872,0.0022301842178467576
39.874,0.002233117581480467
39.876,0.002236043202898992
39.878,0.002238961163452513
39.88,0.002241871543031642
39.882,0.002244774420078981
39.884,0.002247669871600795
39.886,0.0022505579731787262
39.888,0.002253438798981694
39.89,0.002256312421777922
39.892,0.00225917891294695
39.894,0.002262038342491872
39.896,0.002264890779051644
39.898,0.002267736289913406
39.9,0.0022705749410249863
39.902,0.0022734067970074734
39.904,0.0022762319211678014
39.906,0.0022790503755114855
39.908,0.002281862220755438
39.91,0.0022846675163407607
39.912,0.002287466320445732
39.914,0.0022902586899987342
39.916,0.0022930446806913203
39.918,0.0022958243469913377
39.92,0.002298597742156028
39.922,0.0023013649182452457
39.924,0.0023041259261347316
39.926,0.002306880815529348
39.928,0.0023096296349764157
39.93,0.002312372431879108
39.932,0.0023151092525097792
39.934,0.0023178401420234085
39.936,0.0023205651444710746
39.938,0.0023232843028133483
39.94,0.0023259976589338153
39.942,0.0023287052536525945
39.944,0.0023314071267397903
39.946,0.002334103316929032
39.948,0.0023367938619310432
39.95,0.002339478798447093
39.952,0.0023421581621825517
39.954,0.0023448319878604648
39.956,0.002347500309234989
39.958,0.002350163159104946
39.96,0.0023528205693273433
39.962,0.0023554725708308105
39.964,0.0023581191936290894
39.966,0.0023607604668345115
39.968,0.0023633964186713747
39.97,0.002366027076489374
39.972,0.002368652466777004
39.974,0.0023712726151748375
39.976,0.002373887546488924
39.978,0.002376497284703998
39.98,0.00237910185299676
39.982,0.0023817012737490963
39.984,0.0023842955685612005
39.986,0.0023868847582647163
39.988,0.002389468862935842
39.99,0.0023920479019082985
39.992,0.0023946218937863383
39.994,0.002397190856457701
39.996,0.0023997548071064165
39.998,0.0024023137622256633
40.0,0.0024048677376305406
40.002,0.0024074167484707115
40.004,0.0024099608092430745
40.006,0.0024124999338043483
40.008,0.0024150341353835307
40.01,0.0024175634265943572
40.012,0.0024200878194477063
40.014,0.0024226073253638333
40.016,0.0024251219551846247
40.018,0.002427631719185782
40.02,0.002430136627088835
40.022,0.0024326366880731707
40.024,0.0024351319107879807
40.026,0.0024376223033640426
40.028,0.0024401078734255103
40.03,0.002442588628101611
40.032,0.002445064574038169
40.034,0.0024475357174091913
40.036,0.0024500020639282166
40.038,0.0024524636188596695
40.04,0.002454920387030131
40.042,0.0024573723728394323
40.044,0.002459819580271744
40.046,0.002462262012906556
40.048,0.0024646996739295063
40.05,0.0024671325661431804
40.052,0.0024695606919778144
40.054,0.0024719840535018297
40.056,0.002474402652432345
40.058,0.0024768164901455858
40.06,0.002479225567687121
40.062,0.0024816298857820804
40.064,0.002484029444845258
40.066,0.0024864242449910553
40.068,0.0024888142860433806
40.07,0.0024911995675454563
40.072,0.0024935800887694436
40.074,0.002495955848726033
40.076,0.0024983268461739446
40.078,0.002500693079629225
40.08,0.002503054547374536
40.082,0.002505411247468321
40.084,0.0025077631777537975
40.086,0.0025101103358679106
40.088,0.0025124527192501842
40.09,0.0025147903251513904
40.092,0.0025171231506421776
40.094,0.0025194511926215912
40.096,0.0025217744478254122
40.098,0.0025240929128344984
40.1,0.0025264065840828985
40.102,0.0025287154578659305
40.104,0.002531019530348168
40.106,0.00253331879757122
40.108,0.0025356132554614913
40.11,0.002537902899837823
40.112,0.0025401877264189555
40.114,0.002542467730830946
40.116,0.0025447429086144844
40.118,0.0025470132552320203
40.12,0.0025492787660748536
40.122,0.002551539436470116
40.124,0.002553795261687566
40.126,0.0025560462369463507
40.128,0.0025582923574216584
40.13,0.002560533618251178
40.132,0.002562770014541534
40.134,0.0025650015413746143
40.136,0.002567228193813688
40.138,0.002569449966909534
40.14,0.0025716668557064118
40.142,0.0025738788552478885
40.144,0.0025760859605826088
40.146,0.002578288166769964
40.148,0.0025804854688855827
40.15,0.0025826778620267853
40.152,0.0025848653413179283
40.154,0.0025870479019155746
40.156,0.0025892255390136316
40.158,0.0025913982478483737
40.16,0.002593566023703295
40.162,0.0025957288619139606
40.164,0.002597886757872649
40.166,0.0026000397070329636
40.168,0.002602187704914336
40.17,0.0026043307471063696
40.172,0.0026064688292731382
40.174,0.002608601947157391
40.176,0.002610730096584587
40.178,0.002612853273466892
40.18,0.002614971473807086
40.182,0.0026170846937022944
40.184,0.002619192929347694
40.186,0.0026212961770401225
40.188,0.002623394433181516
40.19,0.002625487694282329
40.192,0.0026275759569648477
40.194,0.0026296592179663506
40.196,0.0026317374741422353
40.198,0.0026338107224690567
40.2,0.002635878960047402
40.202,0.0026379421841047452
40.204,0.002640000391998202
40.206,0.0026420535812171405
40.208,0.00264410174938576
40.21,0.0026461448942655783
40.212,0.002648183013757777
40.214,0.0026502161059055135
40.216,0.002652244168896152
40.218,0.0026542672010633483
40.22,0.002656285200889101
40.222,0.002658298167005738
40.224,0.0026603060981977315
40.226,0.0026623089934035473
40.228,0.0026643068517173056
40.23,0.002666299672390428
40.232,0.002668287454833211
40.234,0.002670270198616251
40.236,0.0026722479034718602
40.238,0.0026742205692954057
40.24,0.0026761881961465035
40.242,0.002678150784250209
40.244,0.0026801083339981283
40.246,0.0026820608459493934
40.248,0.0026840083208316307
40.25,0.002685950759541855
40.252,0.002687888163147235
40.254,0.0026898205328858477
40.256,0.002691747870167363
40.258,0.0026936701765736077
40.26,0.002695587453859111
40.262,0.0026974997039515983
40.264,0.002699406928952347
40.266,0.0027013091311365476
40.268,0.0027032063129536006
40.27,0.0027050984770272835
40.272,0.0027069856261559304
40.274,0.002708867763312539
40.276,0.002710744891644764
40.278,0.0027126170144749157
40.28,0.0027144841352998946
40.282,0.0027163462577910044
40.284,0.002718203385793817
40.286,0.00272005552332787
40.288,0.002721902674586391
40.29,0.002723744843935961
40.292,0.0027255820359160655
40.294,0.0027274142552386627
40.296,0.002729241506787695
40.298,0.0027310637956184922
40.3,0.002732881126957191
40.302,0.0027346935062001025
40.304,0.002736500938912979
40.306,0.002738303430830291
40.308,0.0027401009878544615
40.31,0.002741893616054999
40.312,0.0027436813216676487
40.314,0.002745464111093493
40.316,0.0027472419908979653
40.318,0.0027490149678098767
40.32,0.002750783048720402
40.322,0.002752546240681975
40.324,0.0027543045509071966
40.326,0.00275605798676772
40.328,0.002757806555793027
40.33,0.0027595502656692413
40.332,0.002761289124237901
40.334,0.002763023139494642
40.336,0.0027647523195879105
40.338,0.0027664766728176388
40.34,0.0027681962076338404
40.342,0.00276991093263523
40.344,0.0027716208565678087
40.346,0.0027733259883233746
40.348,0.002775026336938085
40.35,0.0027767219115909085
40.352,0.002778412721602109
40.354,0.0027800987764317066
40.356,0.002781780085677867
40.358,0.002783456659075311
40.36,0.00278512850649371
40.362,0.002786795637936006
40.364,0.0027884580635367624
40.366,0.002790115793560498
40.368,0.0027917688383999454
40.37,0.0027934172085743495
40.372,0.002795060914727745
40.374,0.0027966999676271665
40.376,0.0027983343781608915
40.378,0.0027999641573366787
40.38,0.002801589316279923
40.382,0.0028032098662318693
40.384,0.0028048258185477946
40.386,0.0028064371846951396
40.388,0.0028080439762516703
40.39,0.002809646204903641
40.392,0.0028112438824438807
40.394,0.0028128370207699364
40.396,0.002814425631882193
40.398,0.00281600972788195
40.4,0.002817589320969525
40.402,0.0028191644234423644
40.404,0.002820735047693089
40.406,0.0028223012062075846
40.408,0.002823862911563094
40.41,0.0028254201764262416
40.412,0.002826973013551141
40.414,0.002828521435777418
40.416,0.0028300654560282808
40.418,0.002831605087308593
40.42,0.0028331403427028956
40.422,0.002834671235373473
40.424,0.002836197778558423
40.426,0.002837719985569676
40.428,0.0028392378697910652
40.43,0.002840751444676396
40.432,0.0028422607237474683
40.434,0.0028437657205921518
40.436,0.0028452664488624654
40.438,0.0028467629222726034
40.44,0.0028482551545970245
40.442,0.0028497431596685354
40.444,0.002851226951376339
40.446,0.0028527065436641293
40.448,0.0028541819505281947
40.45,0.002855653186015481
40.452,0.002857120264221703
40.454,0.002858583199289472
40.456,0.002860042005406371
40.458,0.002861496696803098
40.46,0.002862947287751606
40.462,0.0028643937925632128
40.464,0.00286583622558676
40.466,0.0028672746012067853
40.468,0.0028687089338416587
40.47,0.002870139237941771
40.472,0.002871565527987733
40.474,0.002872987818488539
40.476,0.002874406123979811
40.478,0.002875820459021988
40.48,0.0028772308381985593
40.482,0.0028786372761143335
40.484,0.0028800397873936555
40.486,0.0028814383866786887
40.488,0.0028828330886277106
40.49,0.002884223907913372
40.492,0.0028856108592210244
40.494,0.0028869939572470464
40.496,0.002888373216697151
40.498,0.0028897486522847446
40.5,0.002891120278729311
40.502,0.002892488110754746
40.504,0.0028938521630877748
40.506,0.002895212450456367
40.508,0.0028965689875881245
40.51,0.0028979217892087425
40.512,0.0028992708700404713
40.514,0.0029006162448005513
40.516,0.0029019579281997234
40.518,0.0029032959349407305
40.52,0.0029046302797168105
40.522,0.0029059609772102545
40.524,0.0029072880420909523
40.526,0.0029086114890149476
40.528,0.002909931332623026
40.53,0.0029112475875393362
40.532,0.002912560268369972
40.534,0.0029138693897016454
40.536,0.0029151749661003134
40.538,0.0029164770121098537
40.54,0.0029177755422507765
40.542,0.0029190705710188947
40.544,0.002920362112884073
40.546,0.0029216501822889726
40.548,0.0029229347936477906
40.55,0.0029242159613450548
40.552,0.0029254936997344305
40.554,0.0029267680231375055
40.556,0.0029280389458426503
40.558,0.0029293064821038703
40.56,0.0029305706461396526
40.562,0.002931831452131877
40.564,0.0029330889142247254
40.566,0.0029343430465235926
40.568,0.002935593863094034
40.57,0.0029368413779607507
40.572,0.002938085605106543
40.574,0.0029393265584713234
40.576,0.0029405642519511493
40.578,0.0029417986993972352
40.58,0.0029430299146150254
40.582,0.0029442579113632805
40.584,0.0029454827033531424
40.586,0.00294670430424727
40.588,0.0029479227276589665
40.59,0.002949137987151327
40.592,0.002950350096236396
40.594,0.0029515590683743885
40.596,0.0029527649169728467
40.598,0.0029539676553859105
40.6,0.0029551672969135305
40.602,0.002956363854800732
40.604,0.0029575573422369137
40.606,0.002958747772355118
40.608,0.00295993515823136
40.61,0.00296111951288397
40.612,0.002962300849272925
40.614,0.002963479180299223
40.616,0.002964654518804291
40.618,0.002965826877569358
40.62,0.002966996269314894
40.622,0.002968162706700061
40.624,0.002969326202322148
40.626,0.0029704867687160522
40.628,0.0029716444183537907
40.63,0.0029727991636439837
40.632,0.0029739510169313893
40.634,0.0029750999904964636
40.636,0.0029762460965548966
40.638,0.002977389347257196
40.64,0.002978529754688306
40.642,0.0029796673308671758
40.644,0.002980802087746412
40.646,0.0029819340372119305
40.648,0.002983063191082588
40.65,0.002984189561109874
40.652,0.00298531315897761
40.654,0.0029864339963016386
40.656,0.0029875520846295474
40.658,0.00298866743544043
40.66,0.002989780060144609
40.662,0.0029908899700834286
40.664,0.002991997176529022
40.666,0.0029931016906841156
40.668,0.0029942035236818505
40.67,0.0029953026865856013
40.672,0.0029963991903888157
40.674,0.0029974930460148837
40.676,0.002998584264317001
40.678,0.002999672856078047
40.68,0.0030007588320105074
40.682,0.0030018422027563614
40.684,0.0030029229788870147
40.686,0.0030040011709032565
40.688,0.003005076789235188
40.69,0.0030061498442421983
40.692,0.0030072203462129625
40.694,0.003008288305365394
40.696,0.0030093537318466776
40.698,0.0030104166357332947
40.7,0.0030114770270310166
40.702,0.003012534915674972
40.704,0.003013590311529711
40.706,0.003014643224389232
40.708,0.0030156936639770893
40.71,0.0030167416399464802
40.712,0.0030177871618803243
40.714,0.0030188302392913867
40.716,0.0030198708816224114
40.718,0.0030209090982462263
40.72,0.003021944898465901
40.722,0.0030229782915149137
40.724,0.0030240092865572803
40.726,0.0030250378926877652
40.728,0.0030260641189320324
40.73,0.0030270879742468593
40.732,0.0030281094675203377
40.734,0.003029128607572073
40.736,0.003030145403153415
40.738,0.0030311598629476967
40.74,0.003032171995570449
40.742,0.0030331818095696694
40.744,0.003034189313426082
40.746,0.0030351945155533775
40.748,0.0030361974242985043
40.75,0.0030371980479419586
40.752,0.0030381963946980485
40.754,0.0030391924727152025
40.756,0.0030401862900762897
40.758,0.0030411778547988974
40.76,0.0030421671748356756
40.762,0.003043154258074664
40.764,0.0030441391123396024
40.766,0.003045121745390289
40.768,0.0030461021649229275
40.77,0.003047080378570463
40.772,0.0030480563939029454
40.774,0.0030490302184279193
40.776,0.00305000185959075
40.778,0.003050971324775033
40.78,0.0030519386213029684
40.782,0.0030529037564357344
40.784,0.0030538667373739017
40.786,0.0030548275712578114
40.788,0.003055786265167978
40.79,0.0030567428261255216
40.792,0.003057697261092545
40.794,0.003058649576972564
40.796,0.0030595997806109458
40.798,0.0030605478787953
40.8,0.0030614938782559283
40.802,0.0030624377856662624
40.804,0.00306337960764328
40.806,0.0030643193507479518
40.808,0.003065257021485704
40.81,0.003066192626306833
40.812,0.003067126171606975
40.814,0.0030680576637275585
40.816,0.0030689871089562503
40.818,0.003069914513527418
40.82,0.003070839883622598
40.822,0.003071763225370944
40.824,0.0030726845448497027
40.826,0.003073603848084685
40.828,0.0030745211410507234
40.83,0.0030754364296721477
40.832,0.0030763497198232712
40.834,0.003077261017328849
40.836,0.003078170327964556
40.838,0.003079077657457482
40.84,0.0030799830114865917
40.842,0.0030808863956832072
40.844,0.0030817878156315084
40.846,0.0030826872768689884
40.848,0.003083584784886961
40.85,0.0030844803451310246
40.852,0.003085373963001558
40.854,0.003086265643854211
40.856,0.003087155393000371
40.858,0.0030880432157076587
40.86,0.0030889291172004297
40.862,0.0030898131026602274
40.864,0.003090695177226292
40.866,0.003091575345996045
40.868,0.0030924536140255624
40.87,0.003093329986330065
40.872,0.0030942044678844123
40.874,0.003095077063623571
40.876,0.0030959477784431016
40.878,0.0030968166171996547
40.88,0.003097683584711428
40.882,0.0030985486857586647
40.884,0.0030994119250841315
40.886,0.0031002733073935878
40.888,0.003101132837356262
40.89,0.003101990519605349
40.892,0.0031028463587384533
40.894,0.0031037003593180766
40.896,0.0031045525258720993
40.898,0.003105402862894225
40.9,0.0031062513748444684
40.902,0.0031070980661496187
40.904,0.003107942941203693
40.906,0.0031087860043684037
40.908,0.0031096272599736292
40.91,0.003110466712317848
40.912,0.0031113043656686257
40.914,0.0031121402242630363
40.916,0.0031129742923081322
40.918,0.0031138065739813956
40.92,0.0031146370734311726
40.922,0.0031154657947771195
40.924,0.00311629274211066
40.926,0.0031171179194953973
40.928,0.00311794133096757
40.93,0.0031187629805364855
40.932,0.0031195828721849368
40.934,0.003120401009869637
40.936,0.003121217397521654
40.938,0.0031220320390468164
40.94,0.00312284493832614
40.942,0.003123656099216249
40.944,0.0031244655255497776
40.946,0.003125273221135784
40.948,0.003126079189760168
40.95,0.0031268834351860513
40.952,0.0031276859611541964
40.954,0.003128486771383404
40.956,0.003129285869570892
40.958,0.0031300832593926936
40.96,0.0031308789445040524
40.962,0.0031316729285397887
40.964,0.003132465215114691
40.966,0.0031332558078238947
40.968,0.003134044710243245
40.97,0.003134831925929665
40.972,0.003135617458421543
40.974,0.0031364013112390636
40.976,0.0031371834878845925
40.978,0.003137963991843015
40.98,0.003138742826582089
40.982,0.0031395199955528076
40.984,0.0031402955021897225
40.986,0.0031410693499112907
40.988,0.003141841542120224
40.99,0.0031426120822037992
40.992,0.0031433809735342
40.994,0.0031441482194688496
40.996,0.0031449138233507114
40.998,0.003145677788508618
41.0,0.0031464401182575924
41.002,0.00314720081589914
41.004,0.003147959884721565
41.006,0.0031487173280002763
41.008,0.003149473148998074
41.01,0.0031502273509654496
41.012,0.0031509799371408818
41.014,0.003151730910751112
41.016,0.0031524802750114308
41.018,0.0031532280331259665
41.02,0.003153974188287943
41.022,0.003154718743679957
41.024,0.0031554617024742593
