LECROYWS42Xs,24809,Waveform
Segments,1,SegmentSize,10002
Segment,TrigTime,TimeSinceSegment1
#1,19-Feb-2003 06:45:02,0                 
Time,Ampl
-2.0000838,-0.0319988
-1.9998838,0.0319988
-1.9996838,0.0639975
-1.9994838,0.0639975
-1.9992838,0.0639975
-1.9990838,0.0639975
-1.9988838,0
-1.9986838,0.0639975
-1.9984838,0.0319988
-1.9982838,0.0319988
-1.9980838,0.0639975
-1.9978838,0.0319988
-1.9976838,0.0319988
-1.9974838,0.0319988
-1.9972838,0.0319988
-1.9970838,0.0319988
-1.9968838,0.0319988
-1.9966838,0.0959963
-1.9964838,0.0319988
-1.9962838,0.0639975
-1.9960838,0.0639975
-1.9958838,0
-1.9956838,0.0319988
-1.9954838,0.0639975
-1.9952838,0.0319988
-1.9950838,0
-1.9948838,0.0319988
-1.9946838,0.0639975
-1.9944838,0.0639975
-1.9942838,0.0319988
-1.9940838,0.0319988
-1.9938838,0.0319988
-1.9936838,0.0639975
-1.9934838,0.0319988
-1.9932838,0.0319988
-1.9930838,0.0639975
-1.9928838,-0.0319988
-1.9926838,0.0639975
-1.9924838,0.0319988
-1.9922838,0.0319988
-1.9920838,0.0319988
-1.9918838,0.0639975
-1.9916838,0.0639975
-1.9914838,0.0639975
-1.9912838,0.0319988
-1.9910838,0.0319988
-1.9908838,0.0319988
-1.9906838,0.0319988
-1.9904838,0.0319988
-1.9902838,0.0319988
-1.9900838,0.0319988
-1.9898838,0.0319988
-1.9896838,0.0319988
-1.9894838,0.0319988
-1.9892838,0.0639975
-1.9890838,0.0959963
-1.9888838,0.0639975
-1.9886838,0.0319988
-1.9884838,0.0319988
-1.9882838,0.0319988
-1.9880838,0.0639975
-1.9878838,0.0639975
-1.9876838,0.0319988
-1.9874838,0.0639975
-1.9872838,0.0319988
-1.9870838,0.0639975
-1.9868838,0.0319988
-1.9866838,0.0319988
-1.9864838,0.0639975
-1.9862838,0.0319988
-1.9860838,0.0639975
-1.9858838,0.0639975
-1.9856838,0.0319988
-1.9854838,0.0639975
-1.9852838,0.0319988
-1.9850838,0
-1.9848838,0.0639975
-1.9846838,0.0319988
-1.9844838,0.0639975
-1.9842838,0.0639975
-1.9840838,0.0639975
-1.9838838,0.0319988
-1.9836838,0
-1.9834838,0.0639975
-1.9832838,0.0639975
-1.9830838,0.0319988
-1.9828838,0.0639975
-1.9826838,0.0319988
-1.9824838,0.0639975
-1.9822838,0.0639975
-1.9820838,0.0319988
-1.9818838,0.0319988
-1.9816838,0
-1.9814838,0.0319988
-1.9812838,0.0639975
-1.9810838,0.0319988
-1.9808838,0
-1.9806838,0.0639975
-1.9804838,0.0639975
-1.9802838,0
-1.9800838,0.0639975
-1.9798838,0.0319988
-1.9796838,0.0319988
-1.9794838,0.0319988
-1.9792838,0.0639975
-1.9790838,-0.0319988
-1.9788838,0.0959963
-1.9786838,0.0319988
-1.9784838,0.0319988
-1.9782838,0.0319988
-1.9780838,0
-1.9778838,0.0319988
-1.9776838,0.0319988
-1.9774838,0.0959963
-1.9772838,0.0319988
-1.9770838,0
-1.9768838,0.0639975
-1.9766838,0.0319988
-1.9764838,0.0319988
-1.9762838,0.0639975
-1.9760838,0
-1.9758838,0
-1.9756838,0.0639975
-1.9754838,-0.0319988
-1.9752838,0.0639975
-1.9750838,0.0639975
-1.9748838,0
-1.9746838,0.0319988
-1.9744838,0.0319988
-1.9742838,0
-1.9740838,0
-1.9738838,0.0639975
-1.9736838,0
-1.9734838,0.0319988
-1.9732838,0
-1.9730838,0.0319988
-1.9728838,0.0319988
-1.9726838,0.0639975
-1.9724838,0.0639975
-1.9722838,0.0319988
-1.9720838,0.0639975
-1.9718838,-0.0319988
-1.9716838,0
-1.9714838,0.0319988
-1.9712838,0
-1.9710838,0.0319988
-1.9708838,0.0319988
-1.9706838,0.0319988
-1.9704838,0.0639975
-1.9702838,0.0319988
-1.9700838,0.0319988
-1.9698838,0.0319988
-1.9696838,0.0639975
-1.9694838,0.0319988
-1.9692838,0.0319988
-1.9690838,0.0319988
-1.9688838,0.0319988
-1.9686838,0.0319988
-1.9684838,0.0959963
-1.9682838,0.0319988
-1.9680838,0.0639975
-1.9678838,0.0959963
-1.9676838,0.0319988
-1.9674838,0.0959963
-1.9672838,0.0639975
-1.9670838,0.0319988
-1.9668838,0.0639975
-1.9666838,0.0319988
-1.9664838,0.0319988
-1.9662838,0.0639975
-1.9660838,0.0319988
-1.9658838,0.0319988
-1.9656838,0.0319988
-1.9654838,0.0959963
-1.9652838,0.0639975
-1.9650838,0.0639975
-1.9648838,0.0959963
-1.9646838,0.0959963
-1.9644838,0.0959963
-1.9642838,0.0639975
-1.9640838,0.0639975
-1.9638838,0.0959963
-1.9636838,0.0639975
-1.9634838,0.0639975
-1.9632838,0.0639975
-1.9630838,0.0639975
-1.9628838,0.0319988
-1.9626838,0.0639975
-1.9624838,0.0319988
-1.9622838,0
-1.9620838,0.0319988
-1.9618838,0.0639975
-1.9616838,0.0319988
-1.9614838,0.0639975
-1.9612838,0.0639975
-1.9610838,0.0639975
-1.9608838,0.0319988
-1.9606838,0.0639975
-1.9604838,0.0319988
-1.9602838,0.0639975
-1.9600838,0.0639975
-1.9598838,0.0319988
-1.9596838,0.0319988
-1.9594838,0.0639975
-1.9592838,0.0639975
-1.9590838,0.0319988
-1.9588838,0.0959963
-1.9586838,0.0959963
-1.9584838,0.0959963
-1.9582838,0.0319988
-1.9580838,0
-1.9578838,0.0639975
-1.9576838,0.0639975
-1.9574838,0.0319988
-1.9572838,0.0319988
-1.9570838,0.0639975
-1.9568838,0.0639975
-1.9566838,0.0319988
-1.9564838,0.0959963
-1.9562838,0.0639975
-1.9560838,0.0959963
-1.9558838,0.0639975
-1.9556838,0.0319988
-1.9554838,0.0319988
-1.9552838,0.0639975
-1.9550838,0.0639975
-1.9548838,0.0639975
-1.9546838,0.0639975
-1.9544838,0.0959963
-1.9542838,0.0319988
-1.9540838,0.0959963
-1.9538838,0
-1.9536838,0
-1.9534838,0.0959963
-1.9532838,0.0319988
-1.9530838,0.0639975
-1.9528838,0.0639975
-1.9526838,0.0319988
-1.9524838,0.0639975
-1.9522838,0.0639975
-1.9520838,0.0959963
-1.9518838,0.0639975
-1.9516838,0.0639975
-1.9514838,0.0639975
-1.9512838,0.0319988
-1.9510838,0.0639975
-1.9508838,0.0639975
-1.9506838,0.0319988
-1.9504838,0.0319988
-1.9502838,0.0639975
-1.9500838,0.0319988
-1.9498838,0.0639975
-1.9496838,0
-1.9494838,0.0319988
-1.9492838,0.0639975
-1.9490838,0.0319988
-1.9488838,0.0639975
-1.9486838,0.0639975
-1.9484838,0.0319988
-1.9482838,0.0639975
-1.9480838,0.0639975
-1.9478838,0
-1.9476838,0.0639975
-1.9474838,0.0639975
-1.9472838,0.0319988
-1.9470838,0.0319988
-1.9468838,0.0639975
-1.9466838,0
-1.9464838,0.0319988
-1.9462838,0
-1.9460838,0.0319988
-1.9458838,0.0319988
-1.9456838,0.0639975
-1.9454838,0.0319988
-1.9452838,0.0639975
-1.9450838,0.0319988
-1.9448838,0.0319988
-1.9446838,0.0319988
-1.9444838,0.0639975
-1.9442838,0
-1.9440838,0.0319988
-1.9438838,0.0639975
-1.9436838,0.0319988
-1.9434838,0.0319988
-1.9432838,0.0639975
-1.9430838,0
-1.9428838,0.0639975
-1.9426838,0.0639975
-1.9424838,0.0319988
-1.9422838,0.0639975
-1.9420838,0.0319988
-1.9418838,0
-1.9416838,0.0639975
-1.9414838,0
-1.9412838,0.0319988
-1.9410838,0.0639975
-1.9408838,0.0639975
-1.9406838,0.0639975
-1.9404838,0.0319988
-1.9402838,0.0639975
-1.9400838,0.0319988
-1.9398838,0
-1.9396838,0.0639975
-1.9394838,0
-1.9392838,0.0319988
-1.9390838,0.0639975
-1.9388838,0
-1.9386838,0.0639975
-1.9384838,0.0319988
-1.9382838,0
-1.9380838,0.0319988
-1.9378838,0.0319988
-1.9376838,0
-1.9374838,0.0319988
-1.9372838,0
-1.9370838,0
-1.9368838,0
-1.9366838,0
-1.9364838,0
-1.9362838,0.0319988
-1.9360838,0.0319988
-1.9358838,0.0639975
-1.9356838,0.0319988
-1.9354838,0.0319988
-1.9352838,0
-1.9350838,0.0639975
-1.9348838,0.0639975
-1.9346838,-0.0319988
-1.9344838,0.0319988
-1.9342838,0.0319988
-1.9340838,0
-1.9338838,-0.0319988
-1.9336838,0.0319988
-1.9334838,0
-1.9332838,0.0319988
-1.9330838,0
-1.9328838,0
-1.9326838,0
-1.9324838,0.0319988
-1.9322838,0
-1.9320838,0
-1.9318838,0.0319988
-1.9316838,0
-1.9314838,0.0639975
-1.9312838,0.0319988
-1.9310838,0
-1.9308838,0.0639975
-1.9306838,0.0319988
-1.9304838,0
-1.9302838,0
-1.9300838,0
-1.9298838,0
-1.9296838,0.0319988
-1.9294838,0
-1.9292838,0
-1.9290838,0
-1.9288838,0.0319988
-1.9286838,-0.0319988
-1.9284838,0
-1.9282838,0.0639975
-1.9280838,0.0319988
-1.9278838,0.0319988
-1.9276838,0
-1.9274838,0
-1.9272838,0
-1.9270838,0.0319988
-1.9268838,0
-1.9266838,-0.0319988
-1.9264838,0
-1.9262838,-0.0319988
-1.9260838,-0.0319988
-1.9258838,0
-1.9256838,0
-1.9254838,0
-1.9252838,0.0319988
-1.9250838,0
-1.9248838,-0.0319988
-1.9246838,0
-1.9244838,-0.0319988
-1.9242838,0
-1.9240838,0.0319988
-1.9238838,0
-1.9236838,0
-1.9234838,0
-1.9232838,-0.0319988
-1.9230838,-0.0319988
-1.9228838,0
-1.9226838,0
-1.9224838,0
-1.9222838,0.0319988
-1.9220838,-0.0319988
-1.9218838,0
-1.9216838,0.0319988
-1.9214838,0
-1.9212838,0
-1.9210838,0.0319988
-1.9208838,0
-1.9206838,0
-1.9204838,0.0319988
-1.9202838,0
-1.9200838,0
-1.9198838,0
-1.9196838,0
-1.9194838,0.0319988
-1.9192838,0.0319988
-1.9190838,0
-1.9188838,0
-1.9186838,0
-1.9184838,0.0639975
-1.9182838,0
-1.9180838,0.0319988
-1.9178838,-0.0319988
-1.9176838,0.0319988
-1.9174838,0.0319988
-1.9172838,0
-1.9170838,0.0639975
-1.9168838,0.0639975
-1.9166838,0.0319988
-1.9164838,0.0319988
-1.9162838,0.0319988
-1.9160838,0.0319988
-1.9158838,0.0319988
-1.9156838,0.0319988
-1.9154838,0
-1.9152838,0
-1.9150838,0.0639975
-1.9148838,0.0319988
-1.9146838,0.0319988
-1.9144838,0.0319988
-1.9142838,0.0319988
-1.9140838,0.0319988
-1.9138838,0.0319988
-1.9136838,0.0639975
-1.9134838,0.0319988
-1.9132838,0
-1.9130838,0.0319988
-1.9128838,0.0319988
-1.9126838,0.0639975
-1.9124838,0
-1.9122838,0.0319988
-1.9120838,0.0639975
-1.9118838,0.0319988
-1.9116838,0
-1.9114838,0.0319988
-1.9112838,0.0319988
-1.9110838,0.0319988
-1.9108838,0.0319988
-1.9106838,0.0319988
-1.9104838,0.0319988
-1.9102838,0
-1.9100838,0.0319988
-1.9098838,0.0319988
-1.9096838,0.0319988
-1.9094838,0
-1.9092838,0.0639975
-1.9090838,0.0319988
-1.9088838,0.0319988
-1.9086838,0.0639975
-1.9084838,0
-1.9082838,0.0639975
-1.9080838,0.0639975
-1.9078838,0.0319988
-1.9076838,0
-1.9074838,0
-1.9072838,0.0319988
-1.9070838,0.0639975
-1.9068838,0.0639975
-1.9066838,0.0639975
-1.9064838,0
-1.9062838,0.0319988
-1.9060838,0.0639975
-1.9058838,0
-1.9056838,0.0639975
-1.9054838,0.0639975
-1.9052838,0
-1.9050838,0.0319988
-1.9048838,0.0639975
-1.9046838,0.0319988
-1.9044838,0.0319988
-1.9042838,0.0319988
-1.9040838,0.0319988
-1.9038838,0.0319988
-1.9036838,0.0639975
-1.9034838,0.0319988
-1.9032838,0.0319988
-1.9030838,0.0319988
-1.9028838,0.0639975
-1.9026838,0.0639975
-1.9024838,0.0319988
-1.9022838,0.0319988
-1.9020838,0.0319988
-1.9018838,0.0639975
-1.9016838,0.0319988
-1.9014838,0.0319988
-1.9012838,0.0639975
-1.9010838,0
-1.9008838,0.0639975
-1.9006838,0.0639975
-1.9004838,0
-1.9002838,0.0319988
-1.9000838,0.0639975
-1.8998838,0.0959963
-1.8996838,0.0639975
-1.8994838,0.0639975
-1.8992838,0.0959963
-1.8990838,0.0639975
-1.8988838,0.0639975
-1.8986838,0.0639975
-1.8984838,0.0639975
-1.8982838,0.0639975
-1.8980838,0.0959963
-1.8978838,0.0639975
-1.8976838,0.0319988
-1.8974838,0
-1.8972838,0.0639975
-1.8970838,0
-1.8968838,0.0959963
-1.8966838,0.0639975
-1.8964838,0.0959963
-1.8962838,0.0639975
-1.8960838,0.0639975
-1.8958838,0.0959963
-1.8956838,0.0319988
-1.8954838,0.0639975
-1.8952838,0.0639975
-1.8950838,0
-1.8948838,0.0319988
-1.8946838,0.0639975
-1.8944838,0.0319988
-1.8942838,0.0319988
-1.8940838,0.0639975
-1.8938838,0.0319988
-1.8936838,0.0639975
-1.8934838,0.0639975
-1.8932838,0.0639975
-1.8930838,0.0639975
-1.8928838,0.0639975
-1.8926838,0.0639975
-1.8924838,0.0639975
-1.8922838,0.0639975
-1.8920838,0
-1.8918838,0.0639975
-1.8916838,0.0319988
-1.8914838,0.0319988
-1.8912838,0.0639975
-1.8910838,0.0959963
-1.8908838,0.0639975
-1.8906838,0.0639975
-1.8904838,0.0319988
-1.8902838,0.0639975
-1.8900838,0.0639975
-1.8898838,0.0959963
-1.8896838,0
-1.8894838,0.0959963
-1.8892838,0.0959963
-1.8890838,0.0639975
-1.8888838,0.0959963
-1.8886838,0.0639975
-1.8884838,0.0319988
-1.8882838,0.0639975
-1.8880838,0.0639975
-1.8878838,0.0959963
-1.8876838,0.0959963
-1.8874838,0.0959963
-1.8872838,0.0319988
-1.8870838,0.0959963
-1.8868838,0.0639975
-1.8866838,0.0639975
-1.8864838,0.0319988
-1.8862838,0.0639975
-1.8860838,0.0639975
-1.8858838,0.0959963
-1.8856838,0.0959963
-1.8854838,0.0319988
-1.8852838,0.0959963
-1.8850838,0.0959963
-1.8848838,0.0959963
-1.8846838,0.0959963
-1.8844838,0.0959963
-1.8842838,0.0959963
-1.8840838,0.0639975
-1.8838838,0.0639975
-1.8836838,0.0959963
-1.8834838,0.0639975
-1.8832838,0.0959963
-1.8830838,0.0959963
-1.8828838,0.0959963
-1.8826838,0.0959963
-1.8824838,0.0639975
-1.8822838,0.127995
-1.8820838,0.127995
-1.8818838,0.0639975
-1.8816838,0.127995
-1.8814838,0.0959963
-1.8812838,0.0959963
-1.8810838,0.0959963
-1.8808838,0.0639975
-1.8806838,0.0959963
-1.8804838,0.0959963
-1.8802838,0.127995
-1.8800838,0.127995
-1.8798838,0.127995
-1.8796838,0.127995
-1.8794838,0.0959963
-1.8792838,0.0959963
-1.8790838,0.127995
-1.8788838,0.0959963
-1.8786838,0.0959963
-1.8784838,0.0959963
-1.8782838,0.127995
-1.8780838,0.0959963
-1.8778838,0.0959963
-1.8776838,0.159994
-1.8774838,0.127995
-1.8772838,0.0959963
-1.8770838,0.0959963
-1.8768838,0.0959963
-1.8766838,0.127995
-1.8764838,0.0959963
-1.8762838,0.127995
-1.8760838,0.0959963
-1.8758838,0.0639975
-1.8756838,0.127995
-1.8754838,0.0959963
-1.8752838,0.0959963
-1.8750838,0.127995
-1.8748838,0.0639975
-1.8746838,0.0639975
-1.8744838,0.127995
-1.8742838,0.0959963
-1.8740838,0.0959963
-1.8738838,0.0959963
-1.8736838,0.0959963
-1.8734838,0.0959963
-1.8732838,0.0959963
-1.8730838,0.127995
-1.8728838,0.0959963
-1.8726838,0.0959963
-1.8724838,0.0639975
-1.8722838,0.0959963
-1.8720838,0.0639975
-1.8718838,0.0959963
-1.8716838,0.0639975
-1.8714838,0.0639975
-1.8712838,0.0959963
-1.8710838,0.0639975
-1.8708838,0.0959963
-1.8706838,0.0959963
-1.8704838,0.0639975
-1.8702838,0.0959963
-1.8700838,0.0639975
-1.8698838,0.0639975
-1.8696838,0.0959963
-1.8694838,0.0639975
-1.8692838,0.0639975
-1.8690838,0.0639975
-1.8688838,0.0959963
-1.8686838,0.0319988
-1.8684838,0.0959963
-1.8682838,0.0959963
-1.8680838,0.0959963
-1.8678838,0.0639975
-1.8676838,0.0959963
-1.8674838,0.0639975
-1.8672838,0.0959963
-1.8670838,0.0639975
-1.8668838,0.0639975
-1.8666838,0.0639975
-1.8664838,0.0639975
-1.8662838,0.0319988
-1.8660838,0.0639975
-1.8658838,0.0639975
-1.8656838,0.0319988
-1.8654838,0.0639975
-1.8652838,0.0959963
-1.8650838,0.0639975
-1.8648838,0.0319988
-1.8646838,0.0319988
-1.8644838,0.0319988
-1.8642838,0.0639975
-1.8640838,0.0639975
-1.8638838,0.0319988
-1.8636838,0.0319988
-1.8634838,0.0959963
-1.8632838,0.0319988
-1.8630838,0
-1.8628838,0.0319988
-1.8626838,0.0319988
-1.8624838,0.0639975
-1.8622838,0.0639975
-1.8620838,0.0319988
-1.8618838,0.0639975
-1.8616838,0
-1.8614838,0.0639975
-1.8612838,0.0639975
-1.8610838,0.0319988
-1.8608838,0.0319988
-1.8606838,0.0319988
-1.8604838,0
-1.8602838,0
-1.8600838,0.0319988
-1.8598838,0.0639975
-1.8596838,0.0639975
-1.8594838,0.0319988
-1.8592838,0.0319988
-1.8590838,0.0319988
-1.8588838,0.0319988
-1.8586838,0.0639975
-1.8584838,0.0319988
-1.8582838,0
-1.8580838,0.0319988
-1.8578838,0
-1.8576838,0.0639975
-1.8574838,0.0319988
-1.8572838,0.0639975
-1.8570838,0.0319988
-1.8568838,0.0959963
-1.8566838,0
-1.8564838,0
-1.8562838,0.0639975
-1.8560838,0.0319988
-1.8558838,0
-1.8556838,0.0639975
-1.8554838,0.0639975
-1.8552838,0.0319988
-1.8550838,0.0319988
-1.8548838,0.0639975
-1.8546838,-0.0319988
-1.8544838,0.0319988
-1.8542838,0.0319988
-1.8540838,0
-1.8538838,0.0639975
-1.8536838,0.0319988
-1.8534838,0.0319988
-1.8532838,0.0319988
-1.8530838,0.0319988
-1.8528838,0
-1.8526838,0.0319988
-1.8524838,-0.0319988
-1.8522838,0.0639975
-1.8520838,0.0639975
-1.8518838,0.0319988
-1.8516838,0.0319988
-1.8514838,0.0319988
-1.8512838,-0.0319988
-1.8510838,0.0319988
-1.8508838,0.0319988
-1.8506838,-0.0319988
-1.8504838,0.0319988
-1.8502838,0
-1.8500838,0.0319988
-1.8498838,0
-1.8496838,0.0319988
-1.8494838,0
-1.8492838,0.0319988
-1.8490838,0
-1.8488838,-0.0319988
-1.8486838,0.0319988
-1.8484838,0.0319988
-1.8482838,0
-1.8480838,0
-1.8478838,0.0319988
-1.8476838,0
-1.8474838,0
-1.8472838,0
-1.8470838,0.0319988
-1.8468838,0
-1.8466838,0.0639975
-1.8464838,-0.0319988
-1.8462838,0
-1.8460838,0.0319988
-1.8458838,0
-1.8456838,0
-1.8454838,0
-1.8452838,0
-1.8450838,0.0319988
-1.8448838,0.0319988
-1.8446838,0.0319988
-1.8444838,0
-1.8442838,0
-1.8440838,0
-1.8438838,-0.0319988
-1.8436838,0.0639975
-1.8434838,0.0639975
-1.8432838,-0.0319988
-1.8430838,0
-1.8428838,0
-1.8426838,0.0319988
-1.8424838,0
-1.8422838,0
-1.8420838,0.0319988
-1.8418838,0.0319988
-1.8416838,0
-1.8414838,0
-1.8412838,0.0639975
-1.8410838,-0.0319988
-1.8408838,0.0319988
-1.8406838,0.0319988
-1.8404838,0.0319988
-1.8402838,0
-1.8400838,0
-1.8398838,-0.0639975
-1.8396838,-0.0319988
-1.8394838,0.0319988
-1.8392838,-0.0639975
-1.8390838,0
-1.8388838,0.0319988
-1.8386838,-0.0319988
-1.8384838,0
-1.8382838,0
-1.8380838,-0.0639975
-1.8378838,-0.0319988
-1.8376838,0.0319988
-1.8374838,-0.0639975
-1.8372838,0
-1.8370838,0
-1.8368838,-0.0639975
-1.8366838,0
-1.8364838,0
-1.8362838,0
-1.8360838,0
-1.8358838,0
-1.8356838,0
-1.8354838,0
-1.8352838,-0.0319988
-1.8350838,-0.0639975
-1.8348838,0
-1.8346838,0
-1.8344838,-0.0639975
-1.8342838,-0.0319988
-1.8340838,-0.0319988
-1.8338838,-0.0319988
-1.8336838,-0.0319988
-1.8334838,0.0319988
-1.8332838,0
-1.8330838,0
-1.8328838,0
-1.8326838,0
-1.8324838,0
-1.8322838,0.0319988
-1.8320838,-0.0639975
-1.8318838,0
-1.8316838,-0.0319988
-1.8314838,-0.0639975
-1.8312838,0
-1.8310838,0
-1.8308838,0
-1.8306838,0
-1.8304838,0
-1.8302838,0
-1.8300838,0
-1.8298838,0
-1.8296838,0
-1.8294838,0
-1.8292838,-0.0319988
-1.8290838,-0.0319988
-1.8288838,-0.0319988
-1.8286838,0.0319988
-1.8284838,-0.0319988
-1.8282838,-0.0639975
-1.8280838,-0.0319988
-1.8278838,-0.0319988
-1.8276838,-0.0319988
-1.8274838,0.0319988
-1.8272838,-0.0319988
-1.8270838,-0.0639975
-1.8268838,-0.0319988
-1.8266838,-0.0959963
-1.8264838,-0.0319988
-1.8262838,-0.0319988
-1.8260838,-0.0319988
-1.8258838,-0.0959963
-1.8256838,-0.0319988
-1.8254838,-0.0959963
-1.8252838,-0.0639975
-1.8250838,-0.0319988
-1.8248838,-0.0639975
-1.8246838,0
-1.8244838,-0.0639975
-1.8242838,-0.0639975
-1.8240838,-0.0319988
-1.8238838,-0.0639975
-1.8236838,-0.0639975
-1.8234838,0
-1.8232838,-0.0639975
-1.8230838,-0.0639975
-1.8228838,-0.0639975
-1.8226838,-0.0319988
-1.8224838,-0.0639975
-1.8222838,-0.0319988
-1.8220838,-0.0639975
-1.8218838,-0.0959963
-1.8216838,-0.0319988
-1.8214838,-0.0639975
-1.8212838,-0.0639975
-1.8210838,-0.0639975
-1.8208838,-0.0319988
-1.8206838,-0.0959963
-1.8204838,-0.0319988
-1.8202838,-0.0319988
-1.8200838,-0.0959963
-1.8198838,-0.0319988
-1.8196838,-0.0639975
-1.8194838,-0.0639975
-1.8192838,-0.0639975
-1.8190838,-0.0319988
-1.8188838,-0.0639975
-1.8186838,-0.0319988
-1.8184838,0
-1.8182838,-0.0959963
-1.8180838,0
-1.8178838,-0.0639975
-1.8176838,-0.0639975
-1.8174838,-0.0639975
-1.8172838,-0.0639975
-1.8170838,-0.0319988
-1.8168838,-0.0639975
-1.8166838,-0.0639975
-1.8164838,-0.0959963
-1.8162838,-0.0639975
-1.8160838,-0.0639975
-1.8158838,-0.0959963
-1.8156838,-0.0959963
-1.8154838,-0.0639975
-1.8152838,-0.0959963
-1.8150838,-0.0639975
-1.8148838,-0.0639975
-1.8146838,-0.0639975
-1.8144838,-0.0639975
-1.8142838,-0.0959963
-1.8140838,-0.0959963
-1.8138838,-0.0959963
-1.8136838,-0.0959963
-1.8134838,-0.0959963
-1.8132838,-0.127995
-1.8130838,-0.0959963
-1.8128838,-0.127995
-1.8126838,-0.0959963
-1.8124838,-0.127995
-1.8122838,-0.0959963
-1.8120838,-0.0959963
-1.8118838,-0.0319988
-1.8116838,-0.0959963
-1.8114838,-0.0959963
-1.8112838,-0.0639975
-1.8110838,-0.127995
-1.8108838,-0.0639975
-1.8106838,-0.0959963
-1.8104838,-0.127995
-1.8102838,-0.127995
-1.8100838,-0.0959963
-1.8098838,-0.0959963
-1.8096838,-0.127995
-1.8094838,-0.0959963
-1.8092838,-0.127995
-1.8090838,-0.127995
-1.8088838,-0.127995
-1.8086838,-0.127995
-1.8084838,-0.127995
-1.8082838,-0.127995
-1.8080838,-0.127995
-1.8078838,-0.127995
-1.8076838,-0.0639975
-1.8074838,-0.127995
-1.8072838,-0.0959963
-1.8070838,-0.0959963
-1.8068838,-0.127995
-1.8066838,-0.0639975
-1.8064838,-0.0639975
-1.8062838,-0.127995
-1.8060838,-0.127995
-1.8058838,-0.0959963
-1.8056838,-0.127995
-1.8054838,-0.127995
-1.8052838,-0.0959963
-1.8050838,-0.127995
-1.8048838,-0.127995
-1.8046838,-0.0959963
-1.8044838,-0.127995
-1.8042838,-0.0959963
-1.8040838,-0.0959963
-1.8038838,-0.127995
-1.8036838,-0.127995
-1.8034838,-0.127995
-1.8032838,-0.127995
-1.8030838,-0.127995
-1.8028838,-0.159994
-1.8026838,-0.0959963
-1.8024838,-0.127995
-1.8022838,-0.0959963
-1.8020838,-0.0959963
-1.8018838,-0.127995
-1.8016838,-0.127995
-1.8014838,-0.127995
-1.8012838,-0.127995
-1.8010838,-0.0959963
-1.8008838,-0.159994
-1.8006838,-0.127995
-1.8004838,-0.0959963
-1.8002838,-0.159994
-1.8000838,-0.127995
-1.7998838,-0.127995
-1.7996838,-0.159994
-1.7994838,-0.0639975
-1.7992838,-0.0959963
-1.7990838,-0.159994
-1.7988838,-0.159994
-1.7986838,-0.0959963
-1.7984838,-0.127995
-1.7982838,-0.127995
-1.7980838,-0.0959963
-1.7978838,-0.127995
-1.7976838,-0.127995
-1.7974838,-0.0639975
-1.7972838,-0.127995
-1.7970838,-0.127995
-1.7968838,-0.127995
-1.7966838,-0.127995
-1.7964838,-0.159994
-1.7962838,-0.0959963
-1.7960838,-0.127995
-1.7958838,-0.127995
-1.7956838,-0.0959963
-1.7954838,-0.0959963
-1.7952838,-0.127995
-1.7950838,-0.0959963
-1.7948838,-0.127995
-1.7946838,-0.127995
-1.7944838,-0.0959963
-1.7942838,-0.0959963
-1.7940838,-0.159994
-1.7938838,-0.0959963
-1.7936838,-0.127995
-1.7934838,-0.0639975
-1.7932838,-0.0959963
-1.7930838,-0.159994
-1.7928838,-0.0319988
-1.7926838,-0.0959963
-1.7924838,-0.127995
-1.7922838,-0.127995
-1.7920838,-0.0959963
-1.7918838,-0.127995
-1.7916838,-0.127995
-1.7914838,-0.0959963
-1.7912838,-0.127995
-1.7910838,-0.127995
-1.7908838,-0.0319988
-1.7906838,-0.127995
-1.7904838,-0.0639975
-1.7902838,-0.127995
-1.7900838,-0.127995
-1.7898838,-0.127995
-1.7896838,-0.0959963
-1.7894838,-0.127995
-1.7892838,-0.127995
-1.7890838,-0.127995
-1.7888838,-0.0959963
-1.7886838,-0.127995
-1.7884838,-0.0639975
-1.7882838,-0.0959963
-1.7880838,-0.0959963
-1.7878838,-0.0959963
-1.7876838,-0.0959963
-1.7874838,-0.127995
-1.7872838,-0.0959963
-1.7870838,-0.0959963
-1.7868838,-0.127995
-1.7866838,-0.159994
-1.7864838,-0.0959963
-1.7862838,-0.127995
-1.7860838,-0.0959963
-1.7858838,-0.0959963
-1.7856838,-0.127995
-1.7854838,-0.0639975
-1.7852838,-0.0959963
-1.7850838,-0.0959963
-1.7848838,-0.0639975
-1.7846838,-0.127995
-1.7844838,-0.127995
-1.7842838,-0.127995
-1.7840838,-0.0959963
-1.7838838,-0.0959963
-1.7836838,-0.127995
-1.7834838,-0.159994
-1.7832838,-0.0639975
-1.7830838,-0.0639975
-1.7828838,-0.0959963
-1.7826838,-0.127995
-1.7824838,-0.0959963
-1.7822838,-0.0959963
-1.7820838,-0.0959963
-1.7818838,-0.127995
-1.7816838,-0.0959963
-1.7814838,-0.0959963
-1.7812838,-0.0959963
-1.7810838,-0.159994
-1.7808838,-0.127995
-1.7806838,-0.0959963
-1.7804838,-0.0959963
-1.7802838,-0.0959963
-1.7800838,-0.0959963
-1.7798838,-0.127995
-1.7796838,-0.127995
-1.7794838,-0.0959963
-1.7792838,-0.0959963
-1.7790838,-0.127995
-1.7788838,-0.0639975
-1.7786838,-0.0959963
-1.7784838,-0.127995
-1.7782838,-0.0639975
-1.7780838,-0.0959963
-1.7778838,-0.0639975
-1.7776838,-0.0959963
-1.7774838,-0.0959963
-1.7772838,-0.127995
-1.7770838,-0.0959963
-1.7768838,-0.127995
-1.7766838,-0.127995
-1.7764838,-0.0959963
-1.7762838,-0.159994
-1.7760838,-0.127995
-1.7758838,-0.0959963
-1.7756838,-0.159994
-1.7754838,-0.159994
-1.7752838,-0.127995
-1.7750838,-0.127995
-1.7748838,-0.0959963
-1.7746838,-0.0959963
-1.7744838,-0.127995
-1.7742838,-0.127995
-1.7740838,-0.0959963
-1.7738838,-0.127995
-1.7736838,-0.127995
-1.7734838,-0.159994
-1.7732838,-0.159994
-1.7730838,-0.0959963
-1.7728838,-0.0959963
-1.7726838,-0.127995
-1.7724838,-0.0959963
-1.7722838,-0.0639975
-1.7720838,-0.0959963
-1.7718838,-0.0959963
-1.7716838,-0.0959963
-1.7714838,-0.127995
-1.7712838,-0.0959963
-1.7710838,-0.0959963
-1.7708838,-0.159994
-1.7706838,-0.0639975
-1.7704838,-0.0319988
-1.7702838,-0.0959963
-1.7700838,-0.0959963
-1.7698838,-0.0959963
-1.7696838,-0.159994
-1.7694838,-0.0639975
-1.7692838,-0.0959963
-1.7690838,-0.0639975
-1.7688838,-0.0639975
-1.7686838,-0.0639975
-1.7684838,-0.0959963
-1.7682838,-0.0319988
-1.7680838,-0.0959963
-1.7678838,-0.0959963
-1.7676838,-0.0639975
-1.7674838,-0.0639975
-1.7672838,-0.0959963
-1.7670838,-0.0639975
-1.7668838,-0.0639975
-1.7666838,-0.0639975
-1.7664838,-0.127995
-1.7662838,-0.0639975
-1.7660838,-0.0959963
-1.7658838,-0.0959963
-1.7656838,-0.127995
-1.7654838,-0.0959963
-1.7652838,-0.0959963
-1.7650838,-0.0639975
-1.7648838,-0.0959963
-1.7646838,-0.0959963
-1.7644838,-0.0319988
-1.7642838,-0.0319988
-1.7640838,-0.0639975
-1.7638838,-0.0959963
-1.7636838,-0.127995
-1.7634838,-0.0959963
-1.7632838,-0.0959963
-1.7630838,-0.0959963
-1.7628838,-0.0639975
-1.7626838,-0.0959963
-1.7624838,-0.0959963
-1.7622838,-0.127995
-1.7620838,-0.0959963
-1.7618838,-0.127995
-1.7616838,-0.127995
-1.7614838,-0.0959963
-1.7612838,-0.0959963
-1.7610838,-0.0959963
-1.7608838,-0.0959963
-1.7606838,-0.127995
-1.7604838,-0.0959963
-1.7602838,-0.0959963
-1.7600838,-0.159994
-1.7598838,-0.127995
-1.7596838,-0.127995
-1.7594838,-0.127995
-1.7592838,-0.0959963
-1.7590838,-0.127995
-1.7588838,-0.159994
-1.7586838,-0.159994
-1.7584838,-0.0639975
-1.7582838,-0.0959963
-1.7580838,-0.0959963
-1.7578838,-0.127995
-1.7576838,-0.127995
-1.7574838,-0.159994
-1.7572838,-0.127995
-1.7570838,-0.159994
-1.7568838,-0.0959963
-1.7566838,-0.0959963
-1.7564838,-0.159994
-1.7562838,-0.127995
-1.7560838,-0.0959963
-1.7558838,-0.159994
-1.7556838,-0.127995
-1.7554838,-0.0959963
-1.7552838,-0.127995
-1.7550838,-0.159994
-1.7548838,-0.159994
-1.7546838,-0.191993
-1.7544838,-0.159994
-1.7542838,-0.191993
-1.7540838,-0.191993
-1.7538838,-0.0639975
-1.7536838,-0.191993
-1.7534838,-0.159994
-1.7532838,-0.191993
-1.7530838,-0.191993
-1.7528838,-0.191993
-1.7526838,-0.159994
-1.7524838,-0.159994
-1.7522838,-0.159994
-1.7520838,-0.159994
-1.7518838,-0.159994
-1.7516838,-0.159994
-1.7514838,-0.223991
-1.7512838,-0.159994
-1.7510838,-0.191993
-1.7508838,-0.159994
-1.7506838,-0.159994
-1.7504838,-0.223991
-1.7502838,-0.191993
-1.7500838,-0.159994
-1.7498838,-0.191993
-1.7496838,-0.191993
-1.7494838,-0.191993
-1.7492838,-0.223991
-1.7490838,-0.191993
-1.7488838,-0.159994
-1.7486838,-0.223991
-1.7484838,-0.25599
-1.7482838,-0.191993
-1.7480838,-0.223991
-1.7478838,-0.191993
-1.7476838,-0.191993
-1.7474838,-0.223991
-1.7472838,-0.191993
-1.7470838,-0.25599
-1.7468838,-0.25599
-1.7466838,-0.287989
-1.7464838,-0.191993
-1.7462838,-0.25599
-1.7460838,-0.25599
-1.7458838,-0.191993
-1.7456838,-0.223991
-1.7454838,-0.287989
-1.7452838,-0.25599
-1.7450838,-0.287989
-1.7448838,-0.287989
-1.7446838,-0.223991
-1.7444838,-0.25599
-1.7442838,-0.25599
-1.7440838,-0.287989
-1.7438838,-0.25599
-1.7436838,-0.223991
-1.7434838,-0.25599
-1.7432838,-0.25599
-1.7430838,-0.287989
-1.7428838,-0.223991
-1.7426838,-0.25599
-1.7424838,-0.25599
-1.7422838,-0.25599
-1.7420838,-0.25599
-1.7418838,-0.25599
-1.7416838,-0.25599
-1.7414838,-0.25599
-1.7412838,-0.25599
-1.7410838,-0.319988
-1.7408838,-0.287989
-1.7406838,-0.25599
-1.7404838,-0.223991
-1.7402838,-0.25599
-1.7400838,-0.25599
-1.7398838,-0.25599
-1.7396838,-0.25599
-1.7394838,-0.287989
-1.7392838,-0.25599
-1.7390838,-0.287989
-1.7388838,-0.25599
-1.7386838,-0.25599
-1.7384838,-0.287989
-1.7382838,-0.287989
-1.7380838,-0.25599
-1.7378838,-0.25599
-1.7376838,-0.287989
-1.7374838,-0.25599
-1.7372838,-0.287989
-1.7370838,-0.287989
-1.7368838,-0.25599
-1.7366838,-0.25599
-1.7364838,-0.287989
-1.7362838,-0.287989
-1.7360838,-0.287989
-1.7358838,-0.351986
-1.7356838,-0.25599
-1.7354838,-0.287989
-1.7352838,-0.287989
-1.7350838,-0.287989
-1.7348838,-0.25599
-1.7346838,-0.25599
-1.7344838,-0.287989
-1.7342838,-0.223991
-1.7340838,-0.25599
-1.7338838,-0.287989
-1.7336838,-0.25599
-1.7334838,-0.287989
-1.7332838,-0.25599
-1.7330838,-0.287989
-1.7328838,-0.25599
-1.7326838,-0.223991
-1.7324838,-0.25599
-1.7322838,-0.319988
-1.7320838,-0.223991
-1.7318838,-0.25599
-1.7316838,-0.25599
-1.7314838,-0.223991
-1.7312838,-0.25599
-1.7310838,-0.25599
-1.7308838,-0.25599
-1.7306838,-0.287989
-1.7304838,-0.25599
-1.7302838,-0.223991
-1.7300838,-0.287989
-1.7298838,-0.287989
-1.7296838,-0.25599
-1.7294838,-0.287989
-1.7292838,-0.287989
-1.7290838,-0.287989
-1.7288838,-0.287989
-1.7286838,-0.25599
-1.7284838,-0.287989
-1.7282838,-0.223991
-1.7280838,-0.287989
-1.7278838,-0.25599
-1.7276838,-0.25599
-1.7274838,-0.25599
-1.7272838,-0.287989
-1.7270838,-0.287989
-1.7268838,-0.287989
-1.7266838,-0.25599
-1.7264838,-0.223991
-1.7262838,-0.287989
-1.7260838,-0.25599
-1.7258838,-0.25599
-1.7256838,-0.287989
-1.7254838,-0.319988
-1.7252838,-0.319988
-1.7250838,-0.25599
-1.7248838,-0.223991
-1.7246838,-0.287989
-1.7244838,-0.287989
-1.7242838,-0.25599
-1.7240838,-0.287989
-1.7238838,-0.287989
-1.7236838,-0.25599
-1.7234838,-0.25599
-1.7232838,-0.319988
-1.7230838,-0.25599
-1.7228838,-0.319988
-1.7226838,-0.25599
-1.7224838,-0.287989
-1.7222838,-0.287989
-1.7220838,-0.287989
-1.7218838,-0.319988
-1.7216838,-0.287989
-1.7214838,-0.25599
-1.7212838,-0.25599
-1.7210838,-0.25599
-1.7208838,-0.287989
-1.7206838,-0.25599
-1.7204838,-0.25599
-1.7202838,-0.25599
-1.7200838,-0.223991
-1.7198838,-0.25599
-1.7196838,-0.319988
-1.7194838,-0.287989
-1.7192838,-0.25599
-1.7190838,-0.25599
-1.7188838,-0.25599
-1.7186838,-0.287989
-1.7184838,-0.287989
-1.7182838,-0.287989
-1.7180838,-0.319988
-1.7178838,-0.25599
-1.7176838,-0.223991
-1.7174838,-0.287989
-1.7172838,-0.287989
-1.7170838,-0.223991
-1.7168838,-0.287989
-1.7166838,-0.287989
-1.7164838,-0.25599
-1.7162838,-0.287989
-1.7160838,-0.25599
-1.7158838,-0.223991
-1.7156838,-0.25599
-1.7154838,-0.25599
-1.7152838,-0.25599
-1.7150838,-0.287989
-1.7148838,-0.25599
-1.7146838,-0.223991
-1.7144838,-0.287989
-1.7142838,-0.25599
-1.7140838,-0.287989
-1.7138838,-0.25599
-1.7136838,-0.287989
-1.7134838,-0.25599
-1.7132838,-0.25599
-1.7130838,-0.25599
-1.7128838,-0.25599
-1.7126838,-0.287989
-1.7124838,-0.287989
-1.7122838,-0.223991
-1.7120838,-0.25599
-1.7118838,-0.287989
-1.7116838,-0.319988
-1.7114838,-0.25599
-1.7112838,-0.25599
-1.7110838,-0.287989
-1.7108838,-0.25599
-1.7106838,-0.25599
-1.7104838,-0.25599
-1.7102838,-0.287989
-1.7100838,-0.25599
-1.7098838,-0.287989
-1.7096838,-0.287989
-1.7094838,-0.25599
-1.7092838,-0.287989
-1.7090838,-0.25599
-1.7088838,-0.25599
-1.7086838,-0.223991
-1.7084838,-0.25599
-1.7082838,-0.223991
-1.7080838,-0.223991
-1.7078838,-0.25599
-1.7076838,-0.25599
-1.7074838,-0.223991
-1.7072838,-0.25599
-1.7070838,-0.25599
-1.7068838,-0.25599
-1.7066838,-0.223991
-1.7064838,-0.287989
-1.7062838,-0.223991
-1.7060838,-0.223991
-1.7058838,-0.25599
-1.7056838,-0.25599
-1.7054838,-0.25599
-1.7052838,-0.223991
-1.7050838,-0.191993
-1.7048838,-0.223991
-1.7046838,-0.25599
-1.7044838,-0.223991
-1.7042838,-0.223991
-1.7040838,-0.223991
-1.7038838,-0.191993
-1.7036838,-0.191993
-1.7034838,-0.223991
-1.7032838,-0.191993
-1.7030838,-0.191993
-1.7028838,-0.223991
-1.7026838,-0.191993
-1.7024838,-0.191993
-1.7022838,-0.191993
-1.7020838,-0.191993
-1.7018838,-0.223991
-1.7016838,-0.223991
-1.7014838,-0.223991
-1.7012838,-0.25599
-1.7010838,-0.191993
-1.7008838,-0.191993
-1.7006838,-0.191993
-1.7004838,-0.223991
-1.7002838,-0.191993
-1.7000838,-0.191993
-1.6998838,-0.223991
-1.6996838,-0.191993
-1.6994838,-0.159994
-1.6992838,-0.191993
-1.6990838,-0.159994
-1.6988838,-0.223991
-1.6986838,-0.223991
-1.6984838,-0.191993
-1.6982838,-0.223991
-1.6980838,-0.223991
-1.6978838,-0.191993
-1.6976838,-0.191993
-1.6974838,-0.223991
-1.6972838,-0.127995
-1.6970838,-0.191993
-1.6968838,-0.159994
-1.6966838,-0.223991
-1.6964838,-0.223991
-1.6962838,-0.223991
-1.6960838,-0.159994
-1.6958838,-0.223991
-1.6956838,-0.191993
-1.6954838,-0.159994
-1.6952838,-0.223991
-1.6950838,-0.191993
-1.6948838,-0.191993
-1.6946838,-0.191993
-1.6944838,-0.191993
-1.6942838,-0.127995
-1.6940838,-0.191993
-1.6938838,-0.159994
-1.6936838,-0.159994
-1.6934838,-0.159994
-1.6932838,-0.127995
-1.6930838,-0.127995
-1.6928838,-0.159994
-1.6926838,-0.159994
-1.6924838,-0.159994
-1.6922838,-0.191993
-1.6920838,-0.191993
-1.6918838,-0.191993
-1.6916838,-0.191993
-1.6914838,-0.127995
-1.6912838,-0.159994
-1.6910838,-0.191993
-1.6908838,-0.159994
-1.6906838,-0.127995
-1.6904838,-0.223991
-1.6902838,-0.159994
-1.6900838,-0.159994
-1.6898838,-0.191993
-1.6896838,-0.191993
-1.6894838,-0.159994
-1.6892838,-0.191993
-1.6890838,-0.159994
-1.6888838,-0.191993
-1.6886838,-0.159994
-1.6884838,-0.159994
-1.6882838,-0.159994
-1.6880838,-0.191993
-1.6878838,-0.159994
-1.6876838,-0.127995
-1.6874838,-0.159994
-1.6872838,-0.159994
-1.6870838,-0.159994
-1.6868838,-0.191993
-1.6866838,-0.159994
-1.6864838,-0.159994
-1.6862838,-0.191993
-1.6860838,-0.191993
-1.6858838,-0.127995
-1.6856838,-0.159994
-1.6854838,-0.159994
-1.6852838,-0.159994
-1.6850838,-0.159994
-1.6848838,-0.191993
-1.6846838,-0.159994
-1.6844838,-0.159994
-1.6842838,-0.159994
-1.6840838,-0.127995
-1.6838838,-0.159994
-1.6836838,-0.159994
-1.6834838,-0.159994
-1.6832838,-0.159994
-1.6830838,-0.159994
-1.6828838,-0.159994
-1.6826838,-0.159994
-1.6824838,-0.191993
-1.6822838,-0.159994
-1.6820838,-0.159994
-1.6818838,-0.127995
-1.6816838,-0.159994
-1.6814838,-0.159994
-1.6812838,-0.127995
-1.6810838,-0.159994
-1.6808838,-0.159994
-1.6806838,-0.127995
-1.6804838,-0.159994
-1.6802838,-0.223991
-1.6800838,-0.159994
-1.6798838,-0.127995
-1.6796838,-0.159994
-1.6794838,-0.159994
-1.6792838,-0.127995
-1.6790838,-0.159994
-1.6788838,-0.127995
-1.6786838,-0.127995
-1.6784838,-0.159994
-1.6782838,-0.159994
-1.6780838,-0.127995
-1.6778838,-0.159994
-1.6776838,-0.159994
-1.6774838,-0.159994
-1.6772838,-0.127995
-1.6770838,-0.159994
-1.6768838,-0.127995
-1.6766838,-0.159994
-1.6764838,-0.127995
-1.6762838,-0.127995
-1.6760838,-0.127995
-1.6758838,-0.0959963
-1.6756838,-0.127995
-1.6754838,-0.127995
-1.6752838,-0.127995
-1.6750838,-0.159994
-1.6748838,-0.191993
-1.6746838,-0.159994
-1.6744838,-0.127995
-1.6742838,-0.159994
-1.6740838,-0.127995
-1.6738838,-0.127995
-1.6736838,-0.127995
-1.6734838,-0.159994
-1.6732838,-0.159994
-1.6730838,-0.159994
-1.6728838,-0.127995
-1.6726838,-0.127995
-1.6724838,-0.191993
-1.6722838,-0.159994
-1.6720838,-0.0959963
-1.6718838,-0.159994
-1.6716838,-0.159994
-1.6714838,-0.0959963
-1.6712838,-0.127995
-1.6710838,-0.127995
-1.6708838,-0.0959963
-1.6706838,-0.0959963
-1.6704838,-0.127995
-1.6702838,-0.0959963
-1.6700838,-0.159994
-1.6698838,-0.0959963
-1.6696838,-0.127995
-1.6694838,-0.127995
-1.6692838,-0.0639975
-1.6690838,-0.0959963
-1.6688838,-0.0959963
-1.6686838,-0.127995
-1.6684838,-0.127995
-1.6682838,-0.159994
-1.6680838,-0.127995
-1.6678838,-0.127995
-1.6676838,-0.0959963
-1.6674838,-0.127995
-1.6672838,-0.0959963
-1.6670838,-0.127995
-1.6668838,-0.127995
-1.6666838,-0.0959963
-1.6664838,-0.159994
-1.6662838,-0.159994
-1.6660838,-0.0959963
-1.6658838,-0.127995
-1.6656838,-0.127995
-1.6654838,-0.127995
-1.6652838,-0.127995
-1.6650838,-0.127995
-1.6648838,-0.159994
-1.6646838,-0.159994
-1.6644838,-0.159994
-1.6642838,-0.127995
-1.6640838,-0.159994
-1.6638838,-0.127995
-1.6636838,-0.159994
-1.6634838,-0.159994
-1.6632838,-0.127995
-1.6630838,-0.127995
-1.6628838,-0.127995
-1.6626838,-0.127995
-1.6624838,-0.127995
-1.6622838,-0.159994
-1.6620838,-0.159994
-1.6618838,-0.159994
-1.6616838,-0.159994
-1.6614838,-0.191993
-1.6612838,-0.127995
-1.6610838,-0.159994
-1.6608838,-0.0959963
-1.6606838,-0.127995
-1.6604838,-0.159994
-1.6602838,-0.191993
-1.6600838,-0.127995
-1.6598838,-0.159994
-1.6596838,-0.191993
-1.6594838,-0.127995
-1.6592838,-0.159994
-1.6590838,-0.191993
-1.6588838,-0.127995
-1.6586838,-0.191993
-1.6584838,-0.191993
-1.6582838,-0.127995
-1.6580838,-0.159994
-1.6578838,-0.127995
-1.6576838,-0.127995
-1.6574838,-0.191993
-1.6572838,-0.191993
-1.6570838,-0.159994
-1.6568838,-0.159994
-1.6566838,-0.159994
-1.6564838,-0.191993
-1.6562838,-0.159994
-1.6560838,-0.191993
-1.6558838,-0.127995
-1.6556838,-0.191993
-1.6554838,-0.159994
-1.6552838,-0.0959963
-1.6550838,-0.191993
-1.6548838,-0.159994
-1.6546838,-0.127995
-1.6544838,-0.191993
-1.6542838,-0.159994
-1.6540838,-0.159994
-1.6538838,-0.159994
-1.6536838,-0.191993
-1.6534838,-0.159994
-1.6532838,-0.191993
-1.6530838,-0.127995
-1.6528838,-0.191993
-1.6526838,-0.223991
-1.6524838,-0.191993
-1.6522838,-0.127995
-1.6520838,-0.191993
-1.6518838,-0.223991
-1.6516838,-0.159994
-1.6514838,-0.223991
-1.6512838,-0.159994
-1.6510838,-0.159994
-1.6508838,-0.191993
-1.6506838,-0.191993
-1.6504838,-0.191993
-1.6502838,-0.191993
-1.6500838,-0.127995
-1.6498838,-0.159994
-1.6496838,-0.223991
-1.6494838,-0.159994
-1.6492838,-0.159994
-1.6490838,-0.191993
-1.6488838,-0.191993
-1.6486838,-0.127995
-1.6484838,-0.191993
-1.6482838,-0.159994
-1.6480838,-0.159994
-1.6478838,-0.191993
-1.6476838,-0.127995
-1.6474838,-0.127995
-1.6472838,-0.191993
-1.6470838,-0.223991
-1.6468838,-0.159994
-1.6466838,-0.223991
-1.6464838,-0.127995
-1.6462838,-0.191993
-1.6460838,-0.159994
-1.6458838,-0.159994
-1.6456838,-0.159994
-1.6454838,-0.159994
-1.6452838,-0.159994
-1.6450838,-0.127995
-1.6448838,-0.223991
-1.6446838,-0.191993
-1.6444838,-0.127995
-1.6442838,-0.159994
-1.6440838,-0.127995
-1.6438838,-0.191993
-1.6436838,-0.159994
-1.6434838,-0.191993
-1.6432838,-0.159994
-1.6430838,-0.191993
-1.6428838,-0.191993
-1.6426838,-0.159994
-1.6424838,-0.159994
-1.6422838,-0.159994
-1.6420838,-0.127995
-1.6418838,-0.159994
-1.6416838,-0.191993
-1.6414838,-0.191993
-1.6412838,-0.223991
-1.6410838,-0.159994
-1.6408838,-0.159994
-1.6406838,-0.191993
-1.6404838,-0.191993
-1.6402838,-0.191993
-1.6400838,-0.127995
-1.6398838,-0.191993
-1.6396838,-0.191993
-1.6394838,-0.191993
-1.6392838,-0.191993
-1.6390838,-0.159994
-1.6388838,-0.159994
-1.6386838,-0.223991
-1.6384838,-0.159994
-1.6382838,-0.191993
-1.6380838,-0.159994
-1.6378838,-0.159994
-1.6376838,-0.191993
-1.6374838,-0.159994
-1.6372838,-0.159994
-1.6370838,-0.159994
-1.6368838,-0.127995
-1.6366838,-0.159994
-1.6364838,-0.191993
-1.6362838,-0.127995
-1.6360838,-0.159994
-1.6358838,-0.191993
-1.6356838,-0.191993
-1.6354838,-0.159994
-1.6352838,-0.191993
-1.6350838,-0.223991
-1.6348838,-0.191993
-1.6346838,-0.159994
-1.6344838,-0.159994
-1.6342838,-0.191993
-1.6340838,-0.223991
-1.6338838,-0.159994
-1.6336838,-0.191993
-1.6334838,-0.191993
-1.6332838,-0.159994
-1.6330838,-0.159994
-1.6328838,-0.191993
-1.6326838,-0.159994
-1.6324838,-0.159994
-1.6322838,-0.159994
-1.6320838,-0.223991
-1.6318838,-0.191993
-1.6316838,-0.223991
-1.6314838,-0.191993
-1.6312838,-0.159994
-1.6310838,-0.223991
-1.6308838,-0.191993
-1.6306838,-0.159994
-1.6304838,-0.191993
-1.6302838,-0.191993
-1.6300838,-0.159994
-1.6298838,-0.191993
-1.6296838,-0.159994
-1.6294838,-0.159994
-1.6292838,-0.191993
-1.6290838,-0.223991
-1.6288838,-0.191993
-1.6286838,-0.25599
-1.6284838,-0.159994
-1.6282838,-0.159994
-1.6280838,-0.223991
-1.6278838,-0.191993
-1.6276838,-0.191993
-1.6274838,-0.223991
-1.6272838,-0.191993
-1.6270838,-0.191993
-1.6268838,-0.223991
-1.6266838,-0.223991
-1.6264838,-0.191993
-1.6262838,-0.223991
-1.6260838,-0.191993
-1.6258838,-0.159994
-1.6256838,-0.223991
-1.6254838,-0.223991
-1.6252838,-0.191993
-1.6250838,-0.25599
-1.6248838,-0.223991
-1.6246838,-0.223991
-1.6244838,-0.223991
-1.6242838,-0.223991
-1.6240838,-0.223991
-1.6238838,-0.223991
-1.6236838,-0.191993
-1.6234838,-0.191993
-1.6232838,-0.25599
-1.6230838,-0.159994
-1.6228838,-0.223991
-1.6226838,-0.25599
-1.6224838,-0.287989
-1.6222838,-0.223991
-1.6220838,-0.223991
-1.6218838,-0.159994
-1.6216838,-0.191993
-1.6214838,-0.191993
-1.6212838,-0.191993
-1.6210838,-0.191993
-1.6208838,-0.223991
-1.6206838,-0.223991
-1.6204838,-0.159994
-1.6202838,-0.223991
-1.6200838,-0.159994
-1.6198838,-0.191993
-1.6196838,-0.223991
-1.6194838,-0.191993
-1.6192838,-0.191993
-1.6190838,-0.223991
-1.6188838,-0.223991
-1.6186838,-0.223991
-1.6184838,-0.191993
-1.6182838,-0.191993
-1.6180838,-0.159994
-1.6178838,-0.191993
-1.6176838,-0.191993
-1.6174838,-0.191993
-1.6172838,-0.191993
-1.6170838,-0.191993
-1.6168838,-0.159994
-1.6166838,-0.191993
-1.6164838,-0.191993
-1.6162838,-0.223991
-1.6160838,-0.191993
-1.6158838,-0.159994
-1.6156838,-0.191993
-1.6154838,-0.191993
-1.6152838,-0.191993
-1.6150838,-0.223991
-1.6148838,-0.159994
-1.6146838,-0.159994
-1.6144838,-0.191993
-1.6142838,-0.223991
-1.6140838,-0.223991
-1.6138838,-0.25599
-1.6136838,-0.191993
-1.6134838,-0.223991
-1.6132838,-0.191993
-1.6130838,-0.223991
-1.6128838,-0.191993
-1.6126838,-0.159994
-1.6124838,-0.223991
-1.6122838,-0.223991
-1.6120838,-0.223991
-1.6118838,-0.25599
-1.6116838,-0.191993
-1.6114838,-0.223991
-1.6112838,-0.25599
-1.6110838,-0.223991
-1.6108838,-0.223991
-1.6106838,-0.223991
-1.6104838,-0.25599
-1.6102838,-0.191993
-1.6100838,-0.223991
-1.6098838,-0.223991
-1.6096838,-0.223991
-1.6094838,-0.25599
-1.6092838,-0.223991
-1.6090838,-0.223991
-1.6088838,-0.223991
-1.6086838,-0.25599
-1.6084838,-0.223991
-1.6082838,-0.223991
-1.6080838,-0.223991
-1.6078838,-0.223991
-1.6076838,-0.25599
-1.6074838,-0.223991
-1.6072838,-0.25599
-1.6070838,-0.25599
-1.6068838,-0.25599
-1.6066838,-0.25599
-1.6064838,-0.25599
-1.6062838,-0.25599
-1.6060838,-0.223991
-1.6058838,-0.223991
-1.6056838,-0.25599
-1.6054838,-0.223991
-1.6052838,-0.25599
-1.6050838,-0.25599
-1.6048838,-0.191993
-1.6046838,-0.25599
-1.6044838,-0.25599
-1.6042838,-0.223991
-1.6040838,-0.25599
-1.6038838,-0.25599
-1.6036838,-0.287989
-1.6034838,-0.25599
-1.6032838,-0.25599
-1.6030838,-0.25599
-1.6028838,-0.319988
-1.6026838,-0.287989
-1.6024838,-0.25599
-1.6022838,-0.319988
-1.6020838,-0.287989
-1.6018838,-0.25599
-1.6016838,-0.25599
-1.6014838,-0.287989
-1.6012838,-0.287989
-1.6010838,-0.25599
-1.6008838,-0.287989
-1.6006838,-0.25599
-1.6004838,-0.287989
-1.6002838,-0.287989
-1.6000838,-0.287989
-1.5998838,-0.287989
-1.5996838,-0.319988
-1.5994838,-0.25599
-1.5992838,-0.287989
-1.5990838,-0.287989
-1.5988838,-0.287989
-1.5986838,-0.287989
-1.5984838,-0.319988
-1.5982838,-0.319988
-1.5980838,-0.25599
-1.5978838,-0.319988
-1.5976838,-0.223991
-1.5974838,-0.287989
-1.5972838,-0.319988
-1.5970838,-0.287989
-1.5968838,-0.287989
-1.5966838,-0.25599
-1.5964838,-0.25599
-1.5962838,-0.287989
-1.5960838,-0.25599
-1.5958838,-0.25599
-1.5956838,-0.25599
-1.5954838,-0.25599
-1.5952838,-0.223991
-1.5950838,-0.25599
-1.5948838,-0.319988
-1.5946838,-0.223991
-1.5944838,-0.287989
-1.5942838,-0.287989
-1.5940838,-0.223991
-1.5938838,-0.25599
-1.5936838,-0.25599
-1.5934838,-0.223991
-1.5932838,-0.287989
-1.5930838,-0.223991
-1.5928838,-0.25599
-1.5926838,-0.25599
-1.5924838,-0.223991
-1.5922838,-0.223991
-1.5920838,-0.25599
-1.5918838,-0.25599
-1.5916838,-0.25599
-1.5914838,-0.25599
-1.5912838,-0.223991
-1.5910838,-0.25599
-1.5908838,-0.287989
-1.5906838,-0.287989
-1.5904838,-0.287989
-1.5902838,-0.25599
-1.5900838,-0.25599
-1.5898838,-0.223991
-1.5896838,-0.287989
-1.5894838,-0.287989
-1.5892838,-0.223991
-1.5890838,-0.287989
-1.5888838,-0.287989
-1.5886838,-0.25599
-1.5884838,-0.25599
-1.5882838,-0.287989
-1.5880838,-0.287989
-1.5878838,-0.287989
-1.5876838,-0.287989
-1.5874838,-0.223991
-1.5872838,-0.25599
-1.5870838,-0.287989
-1.5868838,-0.223991
-1.5866838,-0.25599
-1.5864838,-0.287989
-1.5862838,-0.319988
-1.5860838,-0.287989
-1.5858838,-0.287989
-1.5856838,-0.25599
-1.5854838,-0.287989
-1.5852838,-0.287989
-1.5850838,-0.223991
-1.5848838,-0.287989
-1.5846838,-0.25599
-1.5844838,-0.319988
-1.5842838,-0.25599
-1.5840838,-0.287989
-1.5838838,-0.191993
-1.5836838,-0.25599
-1.5834838,-0.287989
-1.5832838,-0.287989
-1.5830838,-0.25599
-1.5828838,-0.287989
-1.5826838,-0.25599
-1.5824838,-0.287989
-1.5822838,-0.287989
-1.5820838,-0.25599
-1.5818838,-0.287989
-1.5816838,-0.287989
-1.5814838,-0.25599
-1.5812838,-0.287989
-1.5810838,-0.287989
-1.5808838,-0.25599
-1.5806838,-0.25599
-1.5804838,-0.319988
-1.5802838,-0.25599
-1.5800838,-0.25599
-1.5798838,-0.351986
-1.5796838,-0.287989
-1.5794838,-0.287989
-1.5792838,-0.319988
-1.5790838,-0.287989
-1.5788838,-0.319988
-1.5786838,-0.319988
-1.5784838,-0.319988
-1.5782838,-0.287989
-1.5780838,-0.319988
-1.5778838,-0.319988
-1.5776838,-0.287989
-1.5774838,-0.287989
-1.5772838,-0.319988
-1.5770838,-0.319988
-1.5768838,-0.351986
-1.5766838,-0.319988
-1.5764838,-0.319988
-1.5762838,-0.351986
-1.5760838,-0.287989
-1.5758838,-0.287989
-1.5756838,-0.351986
-1.5754838,-0.319988
-1.5752838,-0.319988
-1.5750838,-0.351986
-1.5748838,-0.383985
-1.5746838,-0.319988
-1.5744838,-0.319988
-1.5742838,-0.383985
-1.5740838,-0.319988
-1.5738838,-0.383985
-1.5736838,-0.319988
-1.5734838,-0.351986
-1.5732838,-0.383985
-1.5730838,-0.383985
-1.5728838,-0.319988
-1.5726838,-0.383985
-1.5724838,-0.351986
-1.5722838,-0.319988
-1.5720838,-0.351986
-1.5718838,-0.351986
-1.5716838,-0.319988
-1.5714838,-0.383985
-1.5712838,-0.351986
-1.5710838,-0.383985
-1.5708838,-0.447983
-1.5706838,-0.383985
-1.5704838,-0.319988
-1.5702838,-0.383985
-1.5700838,-0.383985
-1.5698838,-0.319988
-1.5696838,-0.351986
-1.5694838,-0.351986
-1.5692838,-0.383985
-1.5690838,-0.351986
-1.5688838,-0.383985
-1.5686838,-0.351986
-1.5684838,-0.383985
-1.5682838,-0.383985
-1.5680838,-0.351986
-1.5678838,-0.383985
-1.5676838,-0.383985
-1.5674838,-0.319988
-1.5672838,-0.415984
-1.5670838,-0.383985
-1.5668838,-0.351986
-1.5666838,-0.383985
-1.5664838,-0.351986
-1.5662838,-0.351986
-1.5660838,-0.351986
-1.5658838,-0.415984
-1.5656838,-0.351986
-1.5654838,-0.415984
-1.5652838,-0.383985
-1.5650838,-0.383985
-1.5648838,-0.415984
-1.5646838,-0.383985
-1.5644838,-0.351986
-1.5642838,-0.383985
-1.5640838,-0.383985
-1.5638838,-0.383985
-1.5636838,-0.447983
-1.5634838,-0.415984
-1.5632838,-0.383985
-1.5630838,-0.415984
-1.5628838,-0.383985
-1.5626838,-0.351986
-1.5624838,-0.447983
-1.5622838,-0.415984
-1.5620838,-0.415984
-1.5618838,-0.415984
-1.5616838,-0.479982
-1.5614838,-0.415984
-1.5612838,-0.447983
-1.5610838,-0.383985
-1.5608838,-0.383985
-1.5606838,-0.351986
-1.5604838,-0.415984
-1.5602838,-0.415984
-1.5600838,-0.383985
-1.5598838,-0.383985
-1.5596838,-0.383985
-1.5594838,-0.383985
-1.5592838,-0.415984
-1.5590838,-0.383985
-1.5588838,-0.415984
-1.5586838,-0.383985
-1.5584838,-0.351986
-1.5582838,-0.415984
-1.5580838,-0.383985
-1.5578838,-0.383985
-1.5576838,-0.383985
-1.5574838,-0.415984
-1.5572838,-0.383985
-1.5570838,-0.351986
-1.5568838,-0.415984
-1.5566838,-0.351986
-1.5564838,-0.383985
-1.5562838,-0.383985
-1.5560838,-0.351986
-1.5558838,-0.383985
-1.5556838,-0.351986
-1.5554838,-0.351986
-1.5552838,-0.383985
-1.5550838,-0.351986
-1.5548838,-0.351986
-1.5546838,-0.383985
-1.5544838,-0.351986
-1.5542838,-0.383985
-1.5540838,-0.383985
-1.5538838,-0.351986
-1.5536838,-0.351986
-1.5534838,-0.383985
-1.5532838,-0.383985
-1.5530838,-0.351986
-1.5528838,-0.383985
-1.5526838,-0.383985
-1.5524838,-0.351986
-1.5522838,-0.383985
-1.5520838,-0.383985
-1.5518838,-0.351986
-1.5516838,-0.383985
-1.5514838,-0.351986
-1.5512838,-0.383985
-1.5510838,-0.383985
-1.5508838,-0.383985
-1.5506838,-0.351986
-1.5504838,-0.319988
-1.5502838,-0.383985
-1.5500838,-0.351986
-1.5498838,-0.351986
-1.5496838,-0.351986
-1.5494838,-0.351986
-1.5492838,-0.383985
-1.5490838,-0.383985
-1.5488838,-0.351986
-1.5486838,-0.383985
-1.5484838,-0.319988
-1.5482838,-0.319988
-1.5480838,-0.351986
-1.5478838,-0.351986
-1.5476838,-0.319988
-1.5474838,-0.319988
-1.5472838,-0.351986
-1.5470838,-0.351986
-1.5468838,-0.351986
-1.5466838,-0.351986
-1.5464838,-0.319988
-1.5462838,-0.351986
-1.5460838,-0.287989
-1.5458838,-0.319988
-1.5456838,-0.287989
-1.5454838,-0.319988
-1.5452838,-0.351986
-1.5450838,-0.351986
-1.5448838,-0.383985
-1.5446838,-0.319988
-1.5444838,-0.351986
-1.5442838,-0.319988
-1.5440838,-0.351986
-1.5438838,-0.383985
-1.5436838,-0.383985
-1.5434838,-0.351986
-1.5432838,-0.383985
-1.5430838,-0.351986
-1.5428838,-0.351986
-1.5426838,-0.351986
-1.5424838,-0.383985
-1.5422838,-0.351986
-1.5420838,-0.383985
-1.5418838,-0.351986
-1.5416838,-0.351986
-1.5414838,-0.383985
-1.5412838,-0.383985
-1.5410838,-0.383985
-1.5408838,-0.351986
-1.5406838,-0.351986
-1.5404838,-0.383985
-1.5402838,-0.383985
-1.5400838,-0.351986
-1.5398838,-0.351986
-1.5396838,-0.383985
-1.5394838,-0.383985
-1.5392838,-0.319988
-1.5390838,-0.415984
-1.5388838,-0.383985
-1.5386838,-0.351986
-1.5384838,-0.415984
-1.5382838,-0.415984
-1.5380838,-0.319988
-1.5378838,-0.415984
-1.5376838,-0.383985
-1.5374838,-0.351986
-1.5372838,-0.383985
-1.5370838,-0.351986
-1.5368838,-0.319988
-1.5366838,-0.351986
-1.5364838,-0.415984
-1.5362838,-0.351986
-1.5360838,-0.351986
-1.5358838,-0.351986
-1.5356838,-0.351986
-1.5354838,-0.319988
-1.5352838,-0.351986
-1.5350838,-0.383985
-1.5348838,-0.351986
-1.5346838,-0.351986
-1.5344838,-0.319988
-1.5342838,-0.383985
-1.5340838,-0.319988
-1.5338838,-0.351986
-1.5336838,-0.351986
-1.5334838,-0.351986
-1.5332838,-0.351986
-1.5330838,-0.415984
-1.5328838,-0.351986
-1.5326838,-0.319988
-1.5324838,-0.383985
-1.5322838,-0.351986
-1.5320838,-0.319988
-1.5318838,-0.319988
-1.5316838,-0.351986
-1.5314838,-0.351986
-1.5312838,-0.351986
-1.5310838,-0.351986
-1.5308838,-0.351986
-1.5306838,-0.351986
-1.5304838,-0.351986
-1.5302838,-0.351986
-1.5300838,-0.383985
-1.5298838,-0.383985
-1.5296838,-0.319988
-1.5294838,-0.351986
-1.5292838,-0.319988
-1.5290838,-0.351986
-1.5288838,-0.351986
-1.5286838,-0.351986
-1.5284838,-0.351986
-1.5282838,-0.319988
-1.5280838,-0.383985
-1.5278838,-0.351986
-1.5276838,-0.383985
-1.5274838,-0.351986
-1.5272838,-0.319988
-1.5270838,-0.383985
-1.5268838,-0.383985
-1.5266838,-0.351986
-1.5264838,-0.351986
-1.5262838,-0.351986
-1.5260838,-0.351986
-1.5258838,-0.351986
-1.5256838,-0.383985
-1.5254838,-0.351986
-1.5252838,-0.351986
-1.5250838,-0.383985
-1.5248838,-0.319988
-1.5246838,-0.415984
-1.5244838,-0.383985
-1.5242838,-0.351986
-1.5240838,-0.383985
-1.5238838,-0.383985
-1.5236838,-0.319988
-1.5234838,-0.319988
-1.5232838,-0.383985
-1.5230838,-0.351986
-1.5228838,-0.415984
-1.5226838,-0.383985
-1.5224838,-0.319988
-1.5222838,-0.351986
-1.5220838,-0.351986
-1.5218838,-0.351986
-1.5216838,-0.415984
-1.5214838,-0.383985
-1.5212838,-0.319988
-1.5210838,-0.383985
-1.5208838,-0.383985
-1.5206838,-0.383985
-1.5204838,-0.319988
-1.5202838,-0.351986
-1.5200838,-0.319988
-1.5198838,-0.383985
-1.5196838,-0.351986
-1.5194838,-0.383985
-1.5192838,-0.383985
-1.5190838,-0.383985
-1.5188838,-0.351986
-1.5186838,-0.351986
-1.5184838,-0.351986
-1.5182838,-0.351986
-1.5180838,-0.383985
-1.5178838,-0.351986
-1.5176838,-0.351986
-1.5174838,-0.351986
-1.5172838,-0.319988
-1.5170838,-0.319988
-1.5168838,-0.351986
-1.5166838,-0.319988
-1.5164838,-0.351986
-1.5162838,-0.383985
-1.5160838,-0.319988
-1.5158838,-0.351986
-1.5156838,-0.351986
-1.5154838,-0.351986
-1.5152838,-0.319988
-1.5150838,-0.415984
-1.5148838,-0.351986
-1.5146838,-0.351986
-1.5144838,-0.319988
-1.5142838,-0.351986
-1.5140838,-0.351986
-1.5138838,-0.383985
-1.5136838,-0.383985
-1.5134838,-0.351986
-1.5132838,-0.319988
-1.5130838,-0.351986
-1.5128838,-0.351986
-1.5126838,-0.351986
-1.5124838,-0.319988
-1.5122838,-0.319988
-1.5120838,-0.319988
-1.5118838,-0.319988
-1.5116838,-0.319988
-1.5114838,-0.319988
-1.5112838,-0.319988
-1.5110838,-0.319988
-1.5108838,-0.287989
-1.5106838,-0.351986
-1.5104838,-0.319988
-1.5102838,-0.351986
-1.5100838,-0.319988
-1.5098838,-0.319988
-1.5096838,-0.25599
-1.5094838,-0.319988
-1.5092838,-0.287989
-1.5090838,-0.287989
-1.5088838,-0.287989
-1.5086838,-0.351986
-1.5084838,-0.287989
-1.5082838,-0.287989
-1.5080838,-0.287989
-1.5078838,-0.351986
-1.5076838,-0.287989
-1.5074838,-0.287989
-1.5072838,-0.319988
-1.5070838,-0.287989
-1.5068838,-0.319988
-1.5066838,-0.319988
-1.5064838,-0.25599
-1.5062838,-0.287989
-1.5060838,-0.319988
-1.5058838,-0.25599
-1.5056838,-0.25599
-1.5054838,-0.287989
-1.5052838,-0.25599
-1.5050838,-0.287989
-1.5048838,-0.25599
-1.5046838,-0.287989
-1.5044838,-0.287989
-1.5042838,-0.287989
-1.5040838,-0.287989
-1.5038838,-0.319988
-1.5036838,-0.287989
-1.5034838,-0.287989
-1.5032838,-0.287989
-1.5030838,-0.287989
-1.5028838,-0.25599
-1.5026838,-0.223991
-1.5024838,-0.287989
-1.5022838,-0.287989
-1.5020838,-0.287989
-1.5018838,-0.25599
-1.5016838,-0.287989
-1.5014838,-0.287989
-1.5012838,-0.287989
-1.5010838,-0.223991
-1.5008838,-0.287989
-1.5006838,-0.223991
-1.5004838,-0.223991
-1.5002838,-0.25599
-1.5000838,-0.25599
-1.4998838,-0.287989
-1.4996838,-0.287989
-1.4994838,-0.287989
-1.4992838,-0.25599
-1.4990838,-0.223991
-1.4988838,-0.25599
-1.4986838,-0.191993
-1.4984838,-0.25599
-1.4982838,-0.191993
-1.4980838,-0.25599
-1.4978838,-0.223991
-1.4976838,-0.25599
-1.4974838,-0.223991
-1.4972838,-0.25599
-1.4970838,-0.25599
-1.4968838,-0.191993
-1.4966838,-0.223991
-1.4964838,-0.223991
-1.4962838,-0.25599
-1.4960838,-0.25599
-1.4958838,-0.25599
-1.4956838,-0.25599
-1.4954838,-0.25599
-1.4952838,-0.223991
-1.4950838,-0.191993
-1.4948838,-0.223991
-1.4946838,-0.287989
-1.4944838,-0.191993
-1.4942838,-0.223991
-1.4940838,-0.223991
-1.4938838,-0.159994
-1.4936838,-0.25599
-1.4934838,-0.25599
-1.4932838,-0.191993
-1.4930838,-0.25599
-1.4928838,-0.223991
-1.4926838,-0.191993
-1.4924838,-0.191993
-1.4922838,-0.25599
-1.4920838,-0.159994
-1.4918838,-0.223991
-1.4916838,-0.191993
-1.4914838,-0.223991
-1.4912838,-0.223991
-1.4910838,-0.223991
-1.4908838,-0.191993
-1.4906838,-0.191993
-1.4904838,-0.159994
-1.4902838,-0.191993
-1.4900838,-0.223991
-1.4898838,-0.191993
-1.4896838,-0.191993
-1.4894838,-0.223991
-1.4892838,-0.223991
-1.4890838,-0.159994
-1.4888838,-0.191993
-1.4886838,-0.159994
-1.4884838,-0.191993
-1.4882838,-0.223991
-1.4880838,-0.159994
-1.4878838,-0.159994
-1.4876838,-0.159994
-1.4874838,-0.191993
-1.4872838,-0.159994
-1.4870838,-0.159994
-1.4868838,-0.127995
-1.4866838,-0.127995
-1.4864838,-0.191993
-1.4862838,-0.159994
-1.4860838,-0.127995
-1.4858838,-0.159994
-1.4856838,-0.127995
-1.4854838,-0.127995
-1.4852838,-0.191993
-1.4850838,-0.127995
-1.4848838,-0.127995
-1.4846838,-0.159994
-1.4844838,-0.191993
-1.4842838,-0.0639975
-1.4840838,-0.159994
-1.4838838,-0.159994
-1.4836838,-0.0959963
-1.4834838,-0.127995
-1.4832838,-0.159994
-1.4830838,-0.0639975
-1.4828838,-0.191993
-1.4826838,-0.127995
-1.4824838,-0.0639975
-1.4822838,-0.159994
-1.4820838,-0.127995
-1.4818838,-0.0959963
-1.4816838,-0.159994
-1.4814838,-0.127995
-1.4812838,-0.127995
-1.4810838,-0.127995
-1.4808838,-0.0959963
-1.4806838,-0.0959963
-1.4804838,-0.127995
-1.4802838,-0.0639975
-1.4800838,-0.0639975
-1.4798838,-0.0959963
-1.4796838,-0.0959963
-1.4794838,-0.0959963
-1.4792838,-0.0959963
-1.4790838,-0.0959963
-1.4788838,-0.0959963
-1.4786838,-0.159994
-1.4784838,-0.0959963
-1.4782838,-0.0639975
-1.4780838,-0.127995
-1.4778838,-0.0959963
-1.4776838,-0.0959963
-1.4774838,-0.0959963
-1.4772838,-0.0959963
-1.4770838,-0.0639975
-1.4768838,-0.0639975
-1.4766838,-0.0959963
-1.4764838,-0.0959963
-1.4762838,-0.0639975
-1.4760838,-0.0959963
-1.4758838,-0.0959963
-1.4756838,-0.0959963
-1.4754838,-0.0319988
-1.4752838,-0.0639975
-1.4750838,-0.0639975
-1.4748838,-0.0319988
-1.4746838,-0.0319988
-1.4744838,-0.0639975
-1.4742838,-0.0639975
-1.4740838,-0.0639975
-1.4738838,-0.0639975
-1.4736838,-0.0639975
-1.4734838,-0.0639975
-1.4732838,-0.0639975
-1.4730838,-0.0319988
-1.4728838,-0.0639975
-1.4726838,-0.0639975
-1.4724838,-0.0319988
-1.4722838,-0.0319988
-1.4720838,-0.0319988
-1.4718838,-0.0319988
-1.4716838,-0.0319988
-1.4714838,-0.0959963
-1.4712838,-0.0319988
-1.4710838,-0.0319988
-1.4708838,-0.0319988
-1.4706838,-0.0639975
-1.4704838,-0.0319988
-1.4702838,-0.0639975
-1.4700838,0
-1.4698838,-0.0639975
-1.4696838,-0.0319988
-1.4694838,-0.0319988
-1.4692838,0
-1.4690838,-0.0639975
-1.4688838,-0.0639975
-1.4686838,0
-1.4684838,-0.0639975
-1.4682838,-0.0319988
-1.4680838,0
-1.4678838,-0.0319988
-1.4676838,-0.0319988
-1.4674838,-0.0319988
-1.4672838,-0.0319988
-1.4670838,0
-1.4668838,-0.0319988
-1.4666838,-0.0319988
-1.4664838,-0.0319988
-1.4662838,0
-1.4660838,0
-1.4658838,-0.0319988
-1.4656838,-0.0319988
-1.4654838,-0.0639975
-1.4652838,0
-1.4650838,0.0319988
-1.4648838,0
-1.4646838,0
-1.4644838,-0.0319988
-1.4642838,0
-1.4640838,0
-1.4638838,0
-1.4636838,-0.0319988
-1.4634838,0.0319988
-1.4632838,0.0319988
-1.4630838,-0.0319988
-1.4628838,0.0319988
-1.4626838,0
-1.4624838,-0.0319988
-1.4622838,0
-1.4620838,0
-1.4618838,0
-1.4616838,0.0319988
-1.4614838,0.0319988
-1.4612838,0
-1.4610838,0
-1.4608838,0.0639975
-1.4606838,0
-1.4604838,0.0319988
-1.4602838,0.0319988
-1.4600838,0.0319988
-1.4598838,0.0319988
-1.4596838,0.0639975
-1.4594838,0
-1.4592838,0.0319988
-1.4590838,0
-1.4588838,0.0639975
-1.4586838,0.0639975
-1.4584838,0.0319988
-1.4582838,0.0319988
-1.4580838,0.0319988
-1.4578838,0.0319988
-1.4576838,0.0639975
-1.4574838,0.0639975
-1.4572838,0.0319988
-1.4570838,0
-1.4568838,0.0319988
-1.4566838,0.0639975
-1.4564838,0.0639975
-1.4562838,0.0639975
-1.4560838,0.0639975
-1.4558838,0.0319988
-1.4556838,0.0959963
-1.4554838,0
-1.4552838,0.0319988
-1.4550838,0.0639975
-1.4548838,0.0639975
-1.4546838,0.127995
-1.4544838,0.0639975
-1.4542838,0.0639975
-1.4540838,0.0639975
-1.4538838,0.0639975
-1.4536838,0.0959963
-1.4534838,0.0959963
-1.4532838,0.0959963
-1.4530838,0.0959963
-1.4528838,0.0959963
-1.4526838,0.0959963
-1.4524838,0.0959963
-1.4522838,0.0639975
-1.4520838,0.0639975
-1.4518838,0.0959963
-1.4516838,0.0639975
-1.4514838,0.0959963
-1.4512838,0.0639975
-1.4510838,0.0959963
-1.4508838,0.0639975
-1.4506838,0.0639975
-1.4504838,0.127995
-1.4502838,0.127995
-1.4500838,0.0959963
-1.4498838,0.0639975
-1.4496838,0.0959963
-1.4494838,0.0959963
-1.4492838,0.0639975
-1.4490838,0.0959963
-1.4488838,0.0959963
-1.4486838,0.0959963
-1.4484838,0.127995
-1.4482838,0.0959963
-1.4480838,0.127995
-1.4478838,0.0639975
-1.4476838,0.127995
-1.4474838,0.127995
-1.4472838,0.127995
-1.4470838,0.127995
-1.4468838,0.127995
-1.4466838,0.127995
-1.4464838,0.127995
-1.4462838,0.127995
-1.4460838,0.127995
-1.4458838,0.0959963
-1.4456838,0.0959963
-1.4454838,0.0959963
-1.4452838,0.0959963
-1.4450838,0.127995
-1.4448838,0.127995
-1.4446838,0.127995
-1.4444838,0.0959963
-1.4442838,0.127995
-1.4440838,0.127995
-1.4438838,0.127995
-1.4436838,0.127995
-1.4434838,0.127995
-1.4432838,0.127995
-1.4430838,0.127995
-1.4428838,0.159994
-1.4426838,0.127995
-1.4424838,0.127995
-1.4422838,0.159994
-1.4420838,0.159994
-1.4418838,0.159994
-1.4416838,0.127995
-1.4414838,0.159994
-1.4412838,0.127995
-1.4410838,0.127995
-1.4408838,0.159994
-1.4406838,0.127995
-1.4404838,0.159994
-1.4402838,0.127995
-1.4400838,0.127995
-1.4398838,0.159994
-1.4396838,0.159994
-1.4394838,0.191993
-1.4392838,0.127995
-1.4390838,0.191993
-1.4388838,0.191993
-1.4386838,0.159994
-1.4384838,0.191993
-1.4382838,0.159994
-1.4380838,0.159994
-1.4378838,0.191993
-1.4376838,0.191993
-1.4374838,0.191993
-1.4372838,0.159994
-1.4370838,0.159994
-1.4368838,0.159994
-1.4366838,0.191993
-1.4364838,0.223991
-1.4362838,0.191993
-1.4360838,0.191993
-1.4358838,0.223991
-1.4356838,0.223991
-1.4354838,0.191993
-1.4352838,0.223991
-1.4350838,0.191993
-1.4348838,0.223991
-1.4346838,0.223991
-1.4344838,0.223991
-1.4342838,0.223991
-1.4340838,0.287989
-1.4338838,0.191993
-1.4336838,0.223991
-1.4334838,0.223991
-1.4332838,0.223991
-1.4330838,0.223991
-1.4328838,0.223991
-1.4326838,0.223991
-1.4324838,0.287989
-1.4322838,0.223991
-1.4320838,0.223991
-1.4318838,0.25599
-1.4316838,0.223991
-1.4314838,0.223991
-1.4312838,0.223991
-1.4310838,0.223991
-1.4308838,0.25599
-1.4306838,0.223991
-1.4304838,0.287989
-1.4302838,0.25599
-1.4300838,0.287989
-1.4298838,0.287989
-1.4296838,0.191993
-1.4294838,0.223991
-1.4292838,0.25599
-1.4290838,0.223991
-1.4288838,0.223991
-1.4286838,0.223991
-1.4284838,0.223991
-1.4282838,0.223991
-1.4280838,0.223991
-1.4278838,0.287989
-1.4276838,0.25599
-1.4274838,0.25599
-1.4272838,0.223991
-1.4270838,0.25599
-1.4268838,0.223991
-1.4266838,0.25599
-1.4264838,0.287989
-1.4262838,0.287989
-1.4260838,0.25599
-1.4258838,0.287989
-1.4256838,0.287989
-1.4254838,0.287989
-1.4252838,0.287989
-1.4250838,0.287989
-1.4248838,0.25599
-1.4246838,0.287989
-1.4244838,0.287989
-1.4242838,0.287989
-1.4240838,0.25599
-1.4238838,0.287989
-1.4236838,0.25599
-1.4234838,0.287989
-1.4232838,0.287989
-1.4230838,0.287989
-1.4228838,0.287989
-1.4226838,0.319988
-1.4224838,0.287989
-1.4222838,0.287989
-1.4220838,0.319988
-1.4218838,0.287989
-1.4216838,0.319988
-1.4214838,0.319988
-1.4212838,0.319988
-1.4210838,0.319988
-1.4208838,0.351986
-1.4206838,0.319988
-1.4204838,0.319988
-1.4202838,0.351986
-1.4200838,0.319988
-1.4198838,0.319988
-1.4196838,0.351986
-1.4194838,0.319988
-1.4192838,0.351986
-1.4190838,0.319988
-1.4188838,0.319988
-1.4186838,0.351986
-1.4184838,0.383985
-1.4182838,0.319988
-1.4180838,0.351986
-1.4178838,0.351986
-1.4176838,0.351986
-1.4174838,0.319988
-1.4172838,0.319988
-1.4170838,0.351986
-1.4168838,0.319988
-1.4166838,0.415984
-1.4164838,0.351986
-1.4162838,0.351986
-1.4160838,0.351986
-1.4158838,0.319988
-1.4156838,0.351986
-1.4154838,0.415984
-1.4152838,0.351986
-1.4150838,0.351986
-1.4148838,0.383985
-1.4146838,0.383985
-1.4144838,0.351986
-1.4142838,0.383985
-1.4140838,0.351986
-1.4138838,0.351986
-1.4136838,0.383985
-1.4134838,0.351986
-1.4132838,0.319988
-1.4130838,0.351986
-1.4128838,0.351986
-1.4126838,0.383985
-1.4124838,0.383985
-1.4122838,0.351986
-1.4120838,0.319988
-1.4118838,0.383985
-1.4116838,0.351986
-1.4114838,0.351986
-1.4112838,0.383985
-1.4110838,0.351986
-1.4108838,0.351986
-1.4106838,0.351986
-1.4104838,0.351986
-1.4102838,0.351986
-1.4100838,0.319988
-1.4098838,0.383985
-1.4096838,0.319988
-1.4094838,0.383985
-1.4092838,0.351986
-1.4090838,0.383985
-1.4088838,0.351986
-1.4086838,0.383985
-1.4084838,0.319988
-1.4082838,0.319988
-1.4080838,0.351986
-1.4078838,0.351986
-1.4076838,0.351986
-1.4074838,0.319988
-1.4072838,0.351986
-1.4070838,0.415984
-1.4068838,0.351986
-1.4066838,0.383985
-1.4064838,0.415984
-1.4062838,0.287989
-1.4060838,0.351986
-1.4058838,0.383985
-1.4056838,0.351986
-1.4054838,0.351986
-1.4052838,0.383985
-1.4050838,0.383985
-1.4048838,0.319988
-1.4046838,0.383985
-1.4044838,0.351986
-1.4042838,0.319988
-1.4040838,0.383985
-1.4038838,0.319988
-1.4036838,0.319988
-1.4034838,0.383985
-1.4032838,0.351986
-1.4030838,0.351986
-1.4028838,0.383985
-1.4026838,0.319988
-1.4024838,0.319988
-1.4022838,0.383985
-1.4020838,0.351986
-1.4018838,0.383985
-1.4016838,0.351986
-1.4014838,0.351986
-1.4012838,0.319988
-1.4010838,0.383985
-1.4008838,0.351986
-1.4006838,0.351986
-1.4004838,0.383985
-1.4002838,0.319988
-1.4000838,0.351986
-1.3998838,0.383985
-1.3996838,0.319988
-1.3994838,0.319988
-1.3992838,0.351986
-1.3990838,0.383985
-1.3988838,0.383985
-1.3986838,0.415984
-1.3984838,0.383985
-1.3982838,0.383985
-1.3980838,0.383985
-1.3978838,0.319988
-1.3976838,0.351986
-1.3974838,0.415984
-1.3972838,0.383985
-1.3970838,0.351986
-1.3968838,0.383985
-1.3966838,0.383985
-1.3964838,0.351986
-1.3962838,0.383985
-1.3960838,0.383985
-1.3958838,0.351986
-1.3956838,0.415984
-1.3954838,0.351986
-1.3952838,0.351986
-1.3950838,0.415984
-1.3948838,0.383985
-1.3946838,0.383985
-1.3944838,0.383985
-1.3942838,0.351986
-1.3940838,0.351986
-1.3938838,0.383985
-1.3936838,0.351986
-1.3934838,0.351986
-1.3932838,0.383985
-1.3930838,0.415984
-1.3928838,0.351986
-1.3926838,0.383985
-1.3924838,0.351986
-1.3922838,0.351986
-1.3920838,0.383985
-1.3918838,0.383985
-1.3916838,0.351986
-1.3914838,0.383985
-1.3912838,0.351986
-1.3910838,0.383985
-1.3908838,0.351986
-1.3906838,0.383985
-1.3904838,0.351986
-1.3902838,0.351986
-1.3900838,0.319988
-1.3898838,0.351986
-1.3896838,0.383985
-1.3894838,0.319988
-1.3892838,0.351986
-1.3890838,0.383985
-1.3888838,0.351986
-1.3886838,0.351986
-1.3884838,0.383985
-1.3882838,0.351986
-1.3880838,0.351986
-1.3878838,0.383985
-1.3876838,0.319988
-1.3874838,0.319988
-1.3872838,0.351986
-1.3870838,0.319988
-1.3868838,0.351986
-1.3866838,0.351986
-1.3864838,0.319988
-1.3862838,0.383985
-1.3860838,0.383985
-1.3858838,0.319988
-1.3856838,0.319988
-1.3854838,0.351986
-1.3852838,0.319988
-1.3850838,0.351986
-1.3848838,0.383985
-1.3846838,0.319988
-1.3844838,0.351986
-1.3842838,0.351986
-1.3840838,0.351986
-1.3838838,0.351986
-1.3836838,0.383985
-1.3834838,0.319988
-1.3832838,0.319988
-1.3830838,0.319988
-1.3828838,0.287989
-1.3826838,0.319988
-1.3824838,0.351986
-1.3822838,0.319988
-1.3820838,0.319988
-1.3818838,0.351986
-1.3816838,0.287989
-1.3814838,0.319988
-1.3812838,0.319988
-1.3810838,0.351986
-1.3808838,0.287989
-1.3806838,0.351986
-1.3804838,0.319988
-1.3802838,0.319988
-1.3800838,0.319988
-1.3798838,0.287989
-1.3796838,0.319988
-1.3794838,0.287989
-1.3792838,0.287989
-1.3790838,0.287989
-1.3788838,0.319988
-1.3786838,0.319988
-1.3784838,0.287989
-1.3782838,0.351986
-1.3780838,0.319988
-1.3778838,0.25599
-1.3776838,0.319988
-1.3774838,0.287989
-1.3772838,0.319988
-1.3770838,0.287989
-1.3768838,0.287989
-1.3766838,0.25599
-1.3764838,0.319988
-1.3762838,0.287989
-1.3760838,0.25599
-1.3758838,0.319988
-1.3756838,0.287989
-1.3754838,0.287989
-1.3752838,0.319988
-1.3750838,0.351986
-1.3748838,0.319988
-1.3746838,0.351986
-1.3744838,0.319988
-1.3742838,0.287989
-1.3740838,0.287989
-1.3738838,0.319988
-1.3736838,0.25599
-1.3734838,0.319988
-1.3732838,0.287989
-1.3730838,0.287989
-1.3728838,0.319988
-1.3726838,0.287989
-1.3724838,0.319988
-1.3722838,0.319988
-1.3720838,0.287989
-1.3718838,0.25599
-1.3716838,0.287989
-1.3714838,0.319988
-1.3712838,0.25599
-1.3710838,0.287989
-1.3708838,0.319988
-1.3706838,0.319988
-1.3704838,0.319988
-1.3702838,0.25599
-1.3700838,0.351986
-1.3698838,0.287989
-1.3696838,0.287989
-1.3694838,0.319988
-1.3692838,0.319988
-1.3690838,0.287989
-1.3688838,0.287989
-1.3686838,0.319988
-1.3684838,0.287989
-1.3682838,0.287989
-1.3680838,0.319988
-1.3678838,0.319988
-1.3676838,0.287989
-1.3674838,0.287989
-1.3672838,0.287989
-1.3670838,0.287989
-1.3668838,0.287989
-1.3666838,0.287989
-1.3664838,0.25599
-1.3662838,0.319988
-1.3660838,0.287989
-1.3658838,0.287989
-1.3656838,0.25599
-1.3654838,0.319988
-1.3652838,0.25599
-1.3650838,0.287989
-1.3648838,0.25599
-1.3646838,0.287989
-1.3644838,0.319988
-1.3642838,0.287989
-1.3640838,0.287989
-1.3638838,0.319988
-1.3636838,0.287989
-1.3634838,0.287989
-1.3632838,0.287989
-1.3630838,0.287989
-1.3628838,0.287989
-1.3626838,0.287989
-1.3624838,0.25599
-1.3622838,0.287989
-1.3620838,0.319988
-1.3618838,0.287989
-1.3616838,0.287989
-1.3614838,0.287989
-1.3612838,0.319988
-1.3610838,0.287989
-1.3608838,0.319988
-1.3606838,0.319988
-1.3604838,0.287989
-1.3602838,0.287989
-1.3600838,0.25599
-1.3598838,0.319988
-1.3596838,0.287989
-1.3594838,0.25599
-1.3592838,0.287989
-1.3590838,0.351986
-1.3588838,0.287989
-1.3586838,0.25599
-1.3584838,0.287989
-1.3582838,0.287989
-1.3580838,0.25599
-1.3578838,0.319988
-1.3576838,0.287989
-1.3574838,0.287989
-1.3572838,0.319988
-1.3570838,0.287989
-1.3568838,0.287989
-1.3566838,0.319988
-1.3564838,0.287989
-1.3562838,0.287989
-1.3560838,0.287989
-1.3558838,0.287989
-1.3556838,0.287989
-1.3554838,0.287989
-1.3552838,0.223991
-1.3550838,0.287989
-1.3548838,0.25599
-1.3546838,0.319988
-1.3544838,0.351986
-1.3542838,0.319988
-1.3540838,0.287989
-1.3538838,0.287989
-1.3536838,0.287989
-1.3534838,0.287989
-1.3532838,0.287989
-1.3530838,0.287989
-1.3528838,0.287989
-1.3526838,0.287989
-1.3524838,0.319988
-1.3522838,0.25599
-1.3520838,0.25599
-1.3518838,0.351986
-1.3516838,0.25599
-1.3514838,0.319988
-1.3512838,0.351986
-1.3510838,0.287989
-1.3508838,0.319988
-1.3506838,0.319988
-1.3504838,0.223991
-1.3502838,0.287989
-1.3500838,0.319988
-1.3498838,0.287989
-1.3496838,0.287989
-1.3494838,0.319988
-1.3492838,0.25599
-1.3490838,0.287989
-1.3488838,0.287989
-1.3486838,0.319988
-1.3484838,0.287989
-1.3482838,0.351986
-1.3480838,0.287989
-1.3478838,0.287989
-1.3476838,0.351986
-1.3474838,0.319988
-1.3472838,0.319988
-1.3470838,0.319988
-1.3468838,0.287989
-1.3466838,0.319988
-1.3464838,0.319988
-1.3462838,0.319988
-1.3460838,0.25599
-1.3458838,0.287989
-1.3456838,0.319988
-1.3454838,0.287989
-1.3452838,0.319988
-1.3450838,0.287989
-1.3448838,0.287989
-1.3446838,0.319988
-1.3444838,0.287989
-1.3442838,0.287989
-1.3440838,0.287989
-1.3438838,0.287989
-1.3436838,0.25599
-1.3434838,0.319988
-1.3432838,0.287989
-1.3430838,0.287989
-1.3428838,0.319988
-1.3426838,0.319988
-1.3424838,0.287989
-1.3422838,0.287989
-1.3420838,0.287989
-1.3418838,0.25599
-1.3416838,0.351986
-1.3414838,0.287989
-1.3412838,0.319988
-1.3410838,0.287989
-1.3408838,0.287989
-1.3406838,0.223991
-1.3404838,0.287989
-1.3402838,0.25599
-1.3400838,0.25599
-1.3398838,0.287989
-1.3396838,0.287989
-1.3394838,0.287989
-1.3392838,0.319988
-1.3390838,0.25599
-1.3388838,0.25599
-1.3386838,0.25599
-1.3384838,0.287989
-1.3382838,0.319988
-1.3380838,0.287989
-1.3378838,0.287989
-1.3376838,0.287989
-1.3374838,0.287989
-1.3372838,0.25599
-1.3370838,0.287989
-1.3368838,0.287989
-1.3366838,0.287989
-1.3364838,0.287989
-1.3362838,0.287989
-1.3360838,0.287989
-1.3358838,0.287989
-1.3356838,0.25599
-1.3354838,0.287989
-1.3352838,0.25599
-1.3350838,0.287989
-1.3348838,0.287989
-1.3346838,0.25599
-1.3344838,0.287989
-1.3342838,0.287989
-1.3340838,0.25599
-1.3338838,0.287989
-1.3336838,0.25599
-1.3334838,0.25599
-1.3332838,0.287989
-1.3330838,0.223991
-1.3328838,0.223991
-1.3326838,0.25599
-1.3324838,0.223991
-1.3322838,0.287989
-1.3320838,0.25599
-1.3318838,0.25599
-1.3316838,0.223991
-1.3314838,0.287989
-1.3312838,0.25599
-1.3310838,0.25599
-1.3308838,0.287989
-1.3306838,0.25599
-1.3304838,0.25599
-1.3302838,0.25599
-1.3300838,0.223991
-1.3298838,0.25599
-1.3296838,0.287989
-1.3294838,0.223991
-1.3292838,0.25599
-1.3290838,0.287989
-1.3288838,0.25599
-1.3286838,0.25599
-1.3284838,0.223991
-1.3282838,0.223991
-1.3280838,0.25599
-1.3278838,0.25599
-1.3276838,0.25599
-1.3274838,0.287989
-1.3272838,0.25599
-1.3270838,0.223991
-1.3268838,0.25599
-1.3266838,0.287989
-1.3264838,0.25599
-1.3262838,0.223991
-1.3260838,0.223991
-1.3258838,0.287989
-1.3256838,0.25599
-1.3254838,0.25599
-1.3252838,0.191993
-1.3250838,0.223991
-1.3248838,0.25599
-1.3246838,0.25599
-1.3244838,0.25599
-1.3242838,0.287989
-1.3240838,0.25599
-1.3238838,0.25599
-1.3236838,0.223991
-1.3234838,0.25599
-1.3232838,0.25599
-1.3230838,0.25599
-1.3228838,0.223991
-1.3226838,0.25599
-1.3224838,0.287989
-1.3222838,0.223991
-1.3220838,0.223991
-1.3218838,0.223991
-1.3216838,0.223991
-1.3214838,0.25599
-1.3212838,0.287989
-1.3210838,0.223991
-1.3208838,0.223991
-1.3206838,0.25599
-1.3204838,0.223991
-1.3202838,0.191993
-1.3200838,0.223991
-1.3198838,0.223991
-1.3196838,0.223991
-1.3194838,0.223991
-1.3192838,0.25599
-1.3190838,0.25599
-1.3188838,0.25599
-1.3186838,0.223991
-1.3184838,0.25599
-1.3182838,0.223991
-1.3180838,0.223991
-1.3178838,0.25599
-1.3176838,0.159994
-1.3174838,0.25599
-1.3172838,0.223991
-1.3170838,0.223991
-1.3168838,0.191993
-1.3166838,0.223991
-1.3164838,0.223991
-1.3162838,0.25599
-1.3160838,0.159994
-1.3158838,0.223991
-1.3156838,0.223991
-1.3154838,0.223991
-1.3152838,0.191993
-1.3150838,0.191993
-1.3148838,0.191993
-1.3146838,0.191993
-1.3144838,0.191993
-1.3142838,0.159994
-1.3140838,0.223991
-1.3138838,0.223991
-1.3136838,0.191993
-1.3134838,0.159994
-1.3132838,0.159994
-1.3130838,0.191993
-1.3128838,0.191993
-1.3126838,0.159994
-1.3124838,0.191993
-1.3122838,0.159994
-1.3120838,0.191993
-1.3118838,0.159994
-1.3116838,0.223991
-1.3114838,0.159994
-1.3112838,0.159994
-1.3110838,0.191993
-1.3108838,0.159994
-1.3106838,0.191993
-1.3104838,0.159994
-1.3102838,0.191993
-1.3100838,0.191993
-1.3098838,0.191993
-1.3096838,0.159994
-1.3094838,0.191993
-1.3092838,0.159994
-1.3090838,0.191993
-1.3088838,0.159994
-1.3086838,0.159994
-1.3084838,0.191993
-1.3082838,0.127995
-1.3080838,0.159994
-1.3078838,0.159994
-1.3076838,0.159994
-1.3074838,0.159994
-1.3072838,0.159994
-1.3070838,0.127995
-1.3068838,0.159994
-1.3066838,0.127995
-1.3064838,0.159994
-1.3062838,0.159994
-1.3060838,0.127995
-1.3058838,0.159994
-1.3056838,0.159994
-1.3054838,0.127995
-1.3052838,0.159994
-1.3050838,0.159994
-1.3048838,0.127995
-1.3046838,0.0959963
-1.3044838,0.159994
-1.3042838,0.159994
-1.3040838,0.127995
-1.3038838,0.127995
-1.3036838,0.127995
-1.3034838,0.159994
-1.3032838,0.127995
-1.3030838,0.127995
-1.3028838,0.127995
-1.3026838,0.159994
-1.3024838,0.0959963
-1.3022838,0.127995
-1.3020838,0.159994
-1.3018838,0.127995
-1.3016838,0.0959963
-1.3014838,0.159994
-1.3012838,0.159994
-1.3010838,0.0959963
-1.3008838,0.127995
-1.3006838,0.127995
-1.3004838,0.0959963
-1.3002838,0.127995
-1.3000838,0.0959963
-1.2998838,0.127995
-1.2996838,0.159994
-1.2994838,0.127995
-1.2992838,0.0959963
-1.2990838,0.0959963
-1.2988838,0.0959963
-1.2986838,0.0959963
-1.2984838,0.127995
-1.2982838,0.0959963
-1.2980838,0.127995
-1.2978838,0.127995
-1.2976838,0.127995
-1.2974838,0.127995
-1.2972838,0.127995
-1.2970838,0.0959963
-1.2968838,0.0959963
-1.2966838,0.127995
-1.2964838,0.0959963
-1.2962838,0.0959963
-1.2960838,0.127995
-1.2958838,0.127995
-1.2956838,0.127995
-1.2954838,0.0959963
-1.2952838,0.0959963
-1.2950838,0.127995
-1.2948838,0.0959963
-1.2946838,0.0959963
-1.2944838,0.127995
-1.2942838,0.127995
-1.2940838,0.0959963
-1.2938838,0.0959963
-1.2936838,0.0639975
-1.2934838,0.0959963
-1.2932838,0.0959963
-1.2930838,0.127995
-1.2928838,0.0959963
-1.2926838,0.0959963
-1.2924838,0.0959963
-1.2922838,0.0959963
-1.2920838,0.0639975
-1.2918838,0.0639975
-1.2916838,0.0959963
-1.2914838,0.0639975
-1.2912838,0.0959963
-1.2910838,0.0959963
-1.2908838,0.0959963
-1.2906838,0.0959963
-1.2904838,0.0959963
-1.2902838,0.0319988
-1.2900838,0.0639975
-1.2898838,0.0319988
-1.2896838,0.0319988
-1.2894838,0.0639975
-1.2892838,0.0639975
-1.2890838,0.0639975
-1.2888838,0.0959963
-1.2886838,0.0639975
-1.2884838,0.0639975
-1.2882838,0.0639975
-1.2880838,0
-1.2878838,0.0639975
-1.2876838,0.0319988
-1.2874838,0
-1.2872838,0.0639975
-1.2870838,0.0639975
-1.2868838,0.0639975
-1.2866838,0.0319988
-1.2864838,0.0319988
-1.2862838,0.0639975
-1.2860838,0.0319988
-1.2858838,0.0319988
-1.2856838,0.0319988
-1.2854838,0
-1.2852838,0.0319988
-1.2850838,0.0319988
-1.2848838,0.0319988
-1.2846838,0
-1.2844838,0.0639975
-1.2842838,-0.0319988
-1.2840838,0
-1.2838838,0.0319988
-1.2836838,0
-1.2834838,0.0319988
-1.2832838,0
-1.2830838,-0.0319988
-1.2828838,0
-1.2826838,0
-1.2824838,-0.0319988
-1.2822838,0
-1.2820838,0.0319988
-1.2818838,-0.0319988
-1.2816838,0
-1.2814838,-0.0319988
-1.2812838,0
-1.2810838,0
-1.2808838,-0.0319988
-1.2806838,-0.0319988
-1.2804838,0
-1.2802838,0
-1.2800838,-0.0959963
-1.2798838,0
-1.2796838,0
-1.2794838,-0.0639975
-1.2792838,-0.0319988
-1.2790838,-0.0319988
-1.2788838,-0.0319988
-1.2786838,-0.0319988
-1.2784838,-0.0319988
-1.2782838,-0.0319988
-1.2780838,-0.0319988
-1.2778838,-0.0319988
-1.2776838,-0.0639975
-1.2774838,-0.0319988
-1.2772838,-0.0319988
-1.2770838,-0.0639975
-1.2768838,-0.0319988
-1.2766838,-0.0319988
-1.2764838,-0.0639975
-1.2762838,-0.0639975
-1.2760838,-0.0639975
-1.2758838,-0.0959963
-1.2756838,-0.0639975
-1.2754838,-0.0319988
-1.2752838,-0.0639975
-1.2750838,-0.0319988
-1.2748838,-0.0959963
-1.2746838,-0.0639975
-1.2744838,-0.0639975
-1.2742838,-0.0639975
-1.2740838,-0.0959963
-1.2738838,-0.0639975
-1.2736838,-0.0639975
-1.2734838,-0.0639975
-1.2732838,-0.0319988
-1.2730838,-0.0319988
-1.2728838,-0.0959963
-1.2726838,-0.0639975
-1.2724838,-0.0959963
-1.2722838,-0.0959963
-1.2720838,-0.0959963
-1.2718838,-0.0639975
-1.2716838,-0.0959963
-1.2714838,-0.0959963
-1.2712838,-0.0639975
-1.2710838,-0.127995
-1.2708838,-0.0959963
-1.2706838,-0.0639975
-1.2704838,-0.0959963
-1.2702838,-0.0959963
-1.2700838,-0.159994
-1.2698838,-0.0959963
-1.2696838,-0.0959963
-1.2694838,-0.127995
-1.2692838,-0.127995
-1.2690838,-0.0959963
-1.2688838,-0.0959963
-1.2686838,-0.127995
-1.2684838,-0.0959963
-1.2682838,-0.0959963
-1.2680838,-0.127995
-1.2678838,-0.127995
-1.2676838,-0.0959963
-1.2674838,-0.0959963
-1.2672838,-0.127995
-1.2670838,-0.127995
-1.2668838,-0.127995
-1.2666838,-0.0959963
-1.2664838,-0.0959963
-1.2662838,-0.127995
-1.2660838,-0.191993
-1.2658838,-0.127995
-1.2656838,-0.159994
-1.2654838,-0.0639975
-1.2652838,-0.127995
-1.2650838,-0.127995
-1.2648838,-0.159994
-1.2646838,-0.159994
-1.2644838,-0.159994
-1.2642838,-0.127995
-1.2640838,-0.127995
-1.2638838,-0.159994
-1.2636838,-0.127995
-1.2634838,-0.127995
-1.2632838,-0.127995
-1.2630838,-0.159994
-1.2628838,-0.0959963
-1.2626838,-0.191993
-1.2624838,-0.191993
-1.2622838,-0.127995
-1.2620838,-0.191993
-1.2618838,-0.159994
-1.2616838,-0.127995
-1.2614838,-0.159994
-1.2612838,-0.159994
-1.2610838,-0.127995
-1.2608838,-0.127995
-1.2606838,-0.0959963
-1.2604838,-0.127995
-1.2602838,-0.127995
-1.2600838,-0.127995
-1.2598838,-0.127995
-1.2596838,-0.191993
-1.2594838,-0.159994
-1.2592838,-0.127995
-1.2590838,-0.191993
-1.2588838,-0.159994
-1.2586838,-0.127995
-1.2584838,-0.159994
-1.2582838,-0.159994
-1.2580838,-0.159994
-1.2578838,-0.159994
-1.2576838,-0.191993
-1.2574838,-0.159994
-1.2572838,-0.191993
-1.2570838,-0.159994
-1.2568838,-0.159994
-1.2566838,-0.159994
-1.2564838,-0.191993
-1.2562838,-0.159994
-1.2560838,-0.159994
-1.2558838,-0.127995
-1.2556838,-0.159994
-1.2554838,-0.127995
-1.2552838,-0.127995
-1.2550838,-0.159994
-1.2548838,-0.159994
-1.2546838,-0.159994
-1.2544838,-0.191993
-1.2542838,-0.191993
-1.2540838,-0.191993
-1.2538838,-0.159994
-1.2536838,-0.127995
-1.2534838,-0.159994
-1.2532838,-0.159994
-1.2530838,-0.191993
-1.2528838,-0.159994
-1.2526838,-0.159994
-1.2524838,-0.191993
-1.2522838,-0.191993
-1.2520838,-0.127995
-1.2518838,-0.191993
-1.2516838,-0.191993
-1.2514838,-0.127995
-1.2512838,-0.191993
-1.2510838,-0.159994
-1.2508838,-0.159994
-1.2506838,-0.191993
-1.2504838,-0.159994
-1.2502838,-0.127995
-1.2500838,-0.191993
-1.2498838,-0.191993
-1.2496838,-0.191993
-1.2494838,-0.223991
-1.2492838,-0.159994
-1.2490838,-0.159994
-1.2488838,-0.191993
-1.2486838,-0.191993
-1.2484838,-0.159994
-1.2482838,-0.159994
-1.2480838,-0.191993
-1.2478838,-0.159994
-1.2476838,-0.223991
-1.2474838,-0.191993
-1.2472838,-0.159994
-1.2470838,-0.223991
-1.2468838,-0.159994
-1.2466838,-0.127995
-1.2464838,-0.191993
-1.2462838,-0.191993
-1.2460838,-0.191993
-1.2458838,-0.191993
-1.2456838,-0.191993
-1.2454838,-0.159994
-1.2452838,-0.191993
-1.2450838,-0.159994
-1.2448838,-0.159994
-1.2446838,-0.191993
-1.2444838,-0.191993
-1.2442838,-0.159994
-1.2440838,-0.159994
-1.2438838,-0.191993
-1.2436838,-0.159994
-1.2434838,-0.223991
-1.2432838,-0.159994
-1.2430838,-0.191993
-1.2428838,-0.191993
-1.2426838,-0.159994
-1.2424838,-0.159994
-1.2422838,-0.159994
-1.2420838,-0.191993
-1.2418838,-0.191993
-1.2416838,-0.159994
-1.2414838,-0.159994
-1.2412838,-0.127995
-1.2410838,-0.191993
-1.2408838,-0.191993
-1.2406838,-0.159994
-1.2404838,-0.191993
-1.2402838,-0.191993
-1.2400838,-0.223991
-1.2398838,-0.191993
-1.2396838,-0.223991
-1.2394838,-0.159994
-1.2392838,-0.191993
-1.2390838,-0.191993
-1.2388838,-0.191993
-1.2386838,-0.191993
-1.2384838,-0.191993
-1.2382838,-0.127995
-1.2380838,-0.223991
-1.2378838,-0.191993
-1.2376838,-0.191993
-1.2374838,-0.223991
-1.2372838,-0.223991
-1.2370838,-0.159994
-1.2368838,-0.223991
-1.2366838,-0.159994
-1.2364838,-0.223991
-1.2362838,-0.191993
-1.2360838,-0.191993
-1.2358838,-0.159994
-1.2356838,-0.191993
-1.2354838,-0.159994
-1.2352838,-0.159994
-1.2350838,-0.191993
-1.2348838,-0.191993
-1.2346838,-0.223991
-1.2344838,-0.223991
-1.2342838,-0.159994
-1.2340838,-0.191993
-1.2338838,-0.159994
-1.2336838,-0.223991
-1.2334838,-0.159994
-1.2332838,-0.223991
-1.2330838,-0.159994
-1.2328838,-0.191993
-1.2326838,-0.223991
-1.2324838,-0.191993
-1.2322838,-0.159994
-1.2320838,-0.191993
-1.2318838,-0.159994
-1.2316838,-0.159994
-1.2314838,-0.223991
-1.2312838,-0.223991
-1.2310838,-0.191993
-1.2308838,-0.159994
-1.2306838,-0.223991
-1.2304838,-0.191993
-1.2302838,-0.159994
-1.2300838,-0.159994
-1.2298838,-0.191993
-1.2296838,-0.191993
-1.2294838,-0.223991
-1.2292838,-0.191993
-1.2290838,-0.223991
-1.2288838,-0.191993
-1.2286838,-0.159994
-1.2284838,-0.191993
-1.2282838,-0.191993
-1.2280838,-0.159994
-1.2278838,-0.223991
-1.2276838,-0.223991
-1.2274838,-0.191993
-1.2272838,-0.223991
-1.2270838,-0.223991
-1.2268838,-0.191993
-1.2266838,-0.191993
-1.2264838,-0.223991
-1.2262838,-0.191993
-1.2260838,-0.223991
-1.2258838,-0.25599
-1.2256838,-0.25599
-1.2254838,-0.223991
-1.2252838,-0.25599
-1.2250838,-0.191993
-1.2248838,-0.191993
-1.2246838,-0.25599
-1.2244838,-0.223991
-1.2242838,-0.25599
-1.2240838,-0.25599
-1.2238838,-0.191993
-1.2236838,-0.25599
-1.2234838,-0.159994
-1.2232838,-0.191993
-1.2230838,-0.223991
-1.2228838,-0.223991
-1.2226838,-0.191993
-1.2224838,-0.191993
-1.2222838,-0.25599
-1.2220838,-0.223991
-1.2218838,-0.25599
-1.2216838,-0.25599
-1.2214838,-0.191993
-1.2212838,-0.223991
-1.2210838,-0.159994
-1.2208838,-0.159994
-1.2206838,-0.223991
-1.2204838,-0.223991
-1.2202838,-0.223991
-1.2200838,-0.25599
-1.2198838,-0.223991
-1.2196838,-0.191993
-1.2194838,-0.25599
-1.2192838,-0.25599
-1.2190838,-0.223991
-1.2188838,-0.223991
-1.2186838,-0.223991
-1.2184838,-0.191993
-1.2182838,-0.223991
-1.2180838,-0.223991
-1.2178838,-0.191993
-1.2176838,-0.191993
-1.2174838,-0.191993
-1.2172838,-0.223991
-1.2170838,-0.25599
-1.2168838,-0.25599
-1.2166838,-0.159994
-1.2164838,-0.25599
-1.2162838,-0.191993
-1.2160838,-0.191993
-1.2158838,-0.223991
-1.2156838,-0.159994
-1.2154838,-0.191993
-1.2152838,-0.223991
-1.2150838,-0.287989
-1.2148838,-0.25599
-1.2146838,-0.191993
-1.2144838,-0.223991
-1.2142838,-0.223991
-1.2140838,-0.223991
-1.2138838,-0.191993
-1.2136838,-0.159994
-1.2134838,-0.25599
-1.2132838,-0.223991
-1.2130838,-0.191993
-1.2128838,-0.25599
-1.2126838,-0.25599
-1.2124838,-0.191993
-1.2122838,-0.191993
-1.2120838,-0.223991
-1.2118838,-0.191993
-1.2116838,-0.191993
-1.2114838,-0.191993
-1.2112838,-0.191993
-1.2110838,-0.223991
-1.2108838,-0.191993
-1.2106838,-0.191993
-1.2104838,-0.223991
-1.2102838,-0.191993
-1.2100838,-0.159994
-1.2098838,-0.191993
-1.2096838,-0.159994
-1.2094838,-0.159994
-1.2092838,-0.223991
-1.2090838,-0.191993
-1.2088838,-0.159994
-1.2086838,-0.223991
-1.2084838,-0.223991
-1.2082838,-0.191993
-1.2080838,-0.191993
-1.2078838,-0.223991
-1.2076838,-0.191993
-1.2074838,-0.191993
-1.2072838,-0.191993
-1.2070838,-0.191993
-1.2068838,-0.223991
-1.2066838,-0.191993
-1.2064838,-0.159994
-1.2062838,-0.191993
-1.2060838,-0.191993
-1.2058838,-0.159994
-1.2056838,-0.223991
-1.2054838,-0.223991
-1.2052838,-0.159994
-1.2050838,-0.191993
-1.2048838,-0.223991
-1.2046838,-0.191993
-1.2044838,-0.159994
-1.2042838,-0.191993
-1.2040838,-0.159994
-1.2038838,-0.25599
-1.2036838,-0.191993
-1.2034838,-0.191993
-1.2032838,-0.191993
-1.2030838,-0.159994
-1.2028838,-0.159994
-1.2026838,-0.223991
-1.2024838,-0.25599
-1.2022838,-0.191993
-1.2020838,-0.191993
-1.2018838,-0.159994
-1.2016838,-0.191993
-1.2014838,-0.191993
-1.2012838,-0.191993
-1.2010838,-0.159994
-1.2008838,-0.191993
-1.2006838,-0.223991
-1.2004838,-0.127995
-1.2002838,-0.191993
-1.2000838,-0.191993
-1.1998838,-0.159994
-1.1996838,-0.159994
-1.1994838,-0.159994
-1.1992838,-0.159994
-1.1990838,-0.191993
-1.1988838,-0.159994
-1.1986838,-0.127995
-1.1984838,-0.159994
-1.1982838,-0.127995
-1.1980838,-0.159994
-1.1978838,-0.159994
-1.1976838,-0.127995
-1.1974838,-0.127995
-1.1972838,-0.191993
-1.1970838,-0.159994
-1.1968838,-0.0959963
-1.1966838,-0.159994
-1.1964838,-0.127995
-1.1962838,-0.127995
-1.1960838,-0.127995
-1.1958838,-0.159994
-1.1956838,-0.0959963
-1.1954838,-0.191993
-1.1952838,-0.159994
-1.1950838,-0.127995
-1.1948838,-0.127995
-1.1946838,-0.127995
-1.1944838,-0.0959963
-1.1942838,-0.127995
-1.1940838,-0.0959963
-1.1938838,-0.127995
-1.1936838,-0.127995
-1.1934838,-0.127995
-1.1932838,-0.0959963
-1.1930838,-0.127995
-1.1928838,-0.0959963
-1.1926838,-0.127995
-1.1924838,-0.159994
-1.1922838,-0.159994
-1.1920838,-0.0959963
-1.1918838,-0.127995
-1.1916838,-0.127995
-1.1914838,-0.127995
-1.1912838,-0.127995
-1.1910838,-0.127995
-1.1908838,-0.0319988
-1.1906838,-0.127995
-1.1904838,-0.0959963
-1.1902838,-0.0959963
-1.1900838,-0.0959963
-1.1898838,-0.127995
-1.1896838,-0.0959963
-1.1894838,-0.191993
-1.1892838,-0.0959963
-1.1890838,-0.0959963
-1.1888838,-0.159994
-1.1886838,-0.127995
-1.1884838,-0.0959963
-1.1882838,-0.127995
-1.1880838,-0.0959963
-1.1878838,-0.0639975
-1.1876838,-0.0959963
-1.1874838,-0.0959963
-1.1872838,-0.127995
-1.1870838,-0.127995
-1.1868838,-0.127995
-1.1866838,-0.0959963
-1.1864838,-0.0959963
-1.1862838,-0.0959963
-1.1860838,-0.0319988
-1.1858838,-0.159994
-1.1856838,-0.0959963
-1.1854838,-0.0959963
-1.1852838,-0.127995
-1.1850838,-0.127995
-1.1848838,-0.0959963
-1.1846838,-0.127995
-1.1844838,-0.0639975
-1.1842838,-0.0639975
-1.1840838,-0.0959963
-1.1838838,-0.127995
-1.1836838,-0.0959963
-1.1834838,-0.0959963
-1.1832838,-0.0959963
-1.1830838,-0.0639975
-1.1828838,-0.0959963
-1.1826838,-0.0639975
-1.1824838,-0.0959963
-1.1822838,-0.127995
-1.1820838,-0.127995
-1.1818838,-0.0639975
-1.1816838,-0.127995
-1.1814838,-0.0639975
-1.1812838,-0.0959963
-1.1810838,-0.127995
-1.1808838,-0.0959963
-1.1806838,-0.0959963
-1.1804838,-0.0639975
-1.1802838,-0.0959963
-1.1800838,-0.0639975
-1.1798838,-0.0959963
-1.1796838,-0.0959963
-1.1794838,-0.0959963
-1.1792838,-0.0959963
-1.1790838,-0.0639975
-1.1788838,-0.0639975
-1.1786838,-0.0959963
-1.1784838,-0.0639975
-1.1782838,-0.0319988
-1.1780838,-0.0959963
-1.1778838,0
-1.1776838,-0.0639975
-1.1774838,-0.0959963
-1.1772838,-0.0959963
-1.1770838,-0.0639975
-1.1768838,-0.0959963
-1.1766838,-0.0639975
-1.1764838,-0.0639975
-1.1762838,-0.0959963
-1.1760838,-0.0319988
-1.1758838,-0.0639975
-1.1756838,-0.0959963
-1.1754838,-0.0639975
-1.1752838,-0.0319988
-1.1750838,-0.0959963
-1.1748838,-0.0639975
-1.1746838,-0.0319988
-1.1744838,-0.0959963
-1.1742838,-0.0319988
-1.1740838,-0.0319988
-1.1738838,-0.0319988
-1.1736838,-0.0639975
-1.1734838,-0.0319988
-1.1732838,-0.127995
-1.1730838,-0.0319988
-1.1728838,-0.0319988
-1.1726838,-0.0319988
-1.1724838,-0.0639975
-1.1722838,-0.0319988
-1.1720838,-0.0639975
-1.1718838,-0.0639975
-1.1716838,0
-1.1714838,-0.0639975
-1.1712838,-0.0639975
-1.1710838,0
-1.1708838,-0.0959963
-1.1706838,-0.0319988
-1.1704838,0
-1.1702838,0
-1.1700838,0
-1.1698838,-0.0319988
-1.1696838,-0.0639975
-1.1694838,-0.0319988
-1.1692838,-0.0639975
-1.1690838,-0.0319988
-1.1688838,0
-1.1686838,0.0319988
-1.1684838,-0.0639975
-1.1682838,-0.0639975
-1.1680838,0.0319988
-1.1678838,-0.0319988
-1.1676838,-0.0639975
-1.1674838,0
-1.1672838,0
-1.1670838,0
-1.1668838,0
-1.1666838,-0.0319988
-1.1664838,-0.0319988
-1.1662838,-0.0319988
-1.1660838,-0.0319988
-1.1658838,0.0319988
-1.1656838,-0.0639975
-1.1654838,-0.0319988
-1.1652838,0
-1.1650838,0.0319988
-1.1648838,0
-1.1646838,-0.0319988
-1.1644838,0
-1.1642838,0
-1.1640838,-0.0319988
-1.1638838,-0.0319988
-1.1636838,-0.0319988
-1.1634838,0.0319988
-1.1632838,0
-1.1630838,-0.0319988
-1.1628838,-0.0319988
-1.1626838,0.0319988
-1.1624838,0
-1.1622838,0.0319988
-1.1620838,0
-1.1618838,-0.0319988
-1.1616838,-0.0319988
-1.1614838,0
-1.1612838,0.0319988
-1.1610838,0
-1.1608838,0
-1.1606838,0.0319988
-1.1604838,0
-1.1602838,0
-1.1600838,0.0319988
-1.1598838,0.0319988
-1.1596838,0.0319988
-1.1594838,0
-1.1592838,0.0319988
-1.1590838,0.0639975
-1.1588838,0
-1.1586838,0.0319988
-1.1584838,0.0319988
-1.1582838,0
-1.1580838,0.0639975
-1.1578838,0.0639975
-1.1576838,0.0319988
-1.1574838,0.0319988
-1.1572838,0.0319988
-1.1570838,0.0319988
-1.1568838,0.0639975
-1.1566838,0.0639975
-1.1564838,0.0319988
-1.1562838,0.0639975
-1.1560838,0.0639975
-1.1558838,0
-1.1556838,0.0639975
-1.1554838,0.0639975
-1.1552838,0.0319988
-1.1550838,0.0639975
-1.1548838,0.0319988
-1.1546838,0.0639975
-1.1544838,0.0639975
-1.1542838,0.0639975
-1.1540838,0
-1.1538838,0.0959963
-1.1536838,0.0319988
-1.1534838,0.0319988
-1.1532838,0.0639975
-1.1530838,0.0639975
-1.1528838,0.0319988
-1.1526838,0.0639975
-1.1524838,0.0639975
-1.1522838,0.0639975
-1.1520838,0.0639975
-1.1518838,0.0639975
-1.1516838,0.0319988
-1.1514838,0.0959963
-1.1512838,0.0639975
-1.1510838,0.0319988
-1.1508838,0.0319988
-1.1506838,0.0959963
-1.1504838,0.0639975
-1.1502838,0.0959963
-1.1500838,0.0639975
-1.1498838,0.0319988
-1.1496838,0.0639975
-1.1494838,0.0959963
-1.1492838,0.0639975
-1.1490838,0.0639975
-1.1488838,0.0639975
-1.1486838,0.0319988
-1.1484838,0.0639975
-1.1482838,0.0639975
-1.1480838,0
-1.1478838,0
-1.1476838,0.0639975
-1.1474838,0.0639975
-1.1472838,0.0319988
-1.1470838,0.0639975
-1.1468838,0.0639975
-1.1466838,0.0639975
-1.1464838,0.0319988
-1.1462838,0
-1.1460838,0.0639975
-1.1458838,0.0639975
-1.1456838,0.0639975
-1.1454838,0.0319988
-1.1452838,0.0959963
-1.1450838,0.0319988
-1.1448838,0.0959963
-1.1446838,0.0319988
-1.1444838,0.0319988
-1.1442838,0.0639975
-1.1440838,0.0639975
-1.1438838,0.0319988
-1.1436838,0.0639975
-1.1434838,0.0639975
-1.1432838,0.0639975
-1.1430838,0.0319988
-1.1428838,0.0639975
-1.1426838,0.0639975
-1.1424838,0.0959963
-1.1422838,0.0639975
-1.1420838,0
-1.1418838,0.0959963
-1.1416838,0.0319988
-1.1414838,0.0639975
-1.1412838,0.0639975
-1.1410838,0.0959963
-1.1408838,0.0639975
-1.1406838,0.0639975
-1.1404838,0.0639975
-1.1402838,0.0959963
-1.1400838,0.0639975
-1.1398838,0.0639975
-1.1396838,0.0319988
-1.1394838,0.0639975
-1.1392838,0.0319988
-1.1390838,0.0639975
-1.1388838,0.0639975
-1.1386838,0.0639975
-1.1384838,0.0639975
-1.1382838,0.0639975
-1.1380838,0.0639975
-1.1378838,0.0319988
-1.1376838,0.0959963
-1.1374838,0.0639975
-1.1372838,0.0639975
-1.1370838,0.0639975
-1.1368838,0.0639975
-1.1366838,0.0319988
-1.1364838,0.0959963
-1.1362838,0.0639975
-1.1360838,0.0639975
-1.1358838,0.0639975
-1.1356838,0.0319988
-1.1354838,0.0639975
-1.1352838,0.0639975
-1.1350838,0.0639975
-1.1348838,0.0639975
-1.1346838,0.0319988
-1.1344838,0.0639975
-1.1342838,0.0639975
-1.1340838,0.0639975
-1.1338838,0.0319988
-1.1336838,0.0319988
-1.1334838,0.0639975
-1.1332838,0.0959963
-1.1330838,0.0319988
-1.1328838,0.0639975
-1.1326838,0.0639975
-1.1324838,0
-1.1322838,0.0639975
-1.1320838,0.0959963
-1.1318838,0.0319988
-1.1316838,0.0639975
-1.1314838,0.0639975
-1.1312838,0.0319988
-1.1310838,0.0639975
-1.1308838,0.0319988
-1.1306838,0.0639975
-1.1304838,0.0639975
-1.1302838,0.0639975
-1.1300838,0.0639975
-1.1298838,0.0319988
-1.1296838,0.0639975
-1.1294838,0
-1.1292838,0.0639975
-1.1290838,0.0639975
-1.1288838,0
-1.1286838,0
-1.1284838,0.0639975
-1.1282838,0
-1.1280838,0.0319988
-1.1278838,0
-1.1276838,0
-1.1274838,0.0319988
-1.1272838,0.0639975
-1.1270838,0.0319988
-1.1268838,0.0639975
-1.1266838,0.0319988
-1.1264838,0.0639975
-1.1262838,0
-1.1260838,0.0639975
-1.1258838,0.0319988
-1.1256838,0.0319988
-1.1254838,0.0319988
-1.1252838,0.0319988
-1.1250838,0.0319988
-1.1248838,0.0319988
-1.1246838,0
-1.1244838,0.0319988
-1.1242838,0.0639975
-1.1240838,-0.0319988
-1.1238838,0.0319988
-1.1236838,0.0319988
-1.1234838,0.0319988
-1.1232838,0.0319988
-1.1230838,0.0639975
-1.1228838,0.0639975
-1.1226838,0.0319988
-1.1224838,0.0639975
-1.1222838,0.0639975
-1.1220838,0.0319988
-1.1218838,0.0639975
-1.1216838,0.0639975
-1.1214838,0.0319988
-1.1212838,0.0319988
-1.1210838,0
-1.1208838,0.0319988
-1.1206838,0.0639975
-1.1204838,0
-1.1202838,0.0639975
-1.1200838,0.0639975
-1.1198838,0.0319988
-1.1196838,0.0639975
-1.1194838,0.0319988
-1.1192838,0.0639975
-1.1190838,0.0319988
-1.1188838,0.0639975
-1.1186838,0.0319988
-1.1184838,0.0319988
-1.1182838,0.0639975
-1.1180838,0.0639975
-1.1178838,0.0319988
-1.1176838,0.0639975
-1.1174838,0.0639975
-1.1172838,0.0319988
-1.1170838,0.0639975
-1.1168838,0.0319988
-1.1166838,0.0639975
-1.1164838,0.0319988
-1.1162838,0.0319988
-1.1160838,0.0319988
-1.1158838,0.0319988
-1.1156838,0.0319988
-1.1154838,0.0319988
-1.1152838,0.0639975
-1.1150838,0.0319988
-1.1148838,0.0959963
-1.1146838,0.0959963
-1.1144838,0.0319988
-1.1142838,0.0639975
-1.1140838,0.0639975
-1.1138838,0
-1.1136838,0.0639975
-1.1134838,0.0639975
-1.1132838,0.0639975
-1.1130838,0.0639975
-1.1128838,0.0959963
-1.1126838,0.0639975
-1.1124838,0.0959963
-1.1122838,0.0639975
-1.1120838,0.0319988
-1.1118838,0.0319988
-1.1116838,0.0639975
-1.1114838,0.0319988
-1.1112838,0.0639975
-1.1110838,0.0639975
-1.1108838,0.0319988
-1.1106838,0.0319988
-1.1104838,0.0639975
-1.1102838,0.0639975
-1.1100838,0.0959963
-1.1098838,0.0959963
-1.1096838,0
-1.1094838,0.0319988
-1.1092838,0.0639975
-1.1090838,0
-1.1088838,0.0959963
-1.1086838,0.0959963
-1.1084838,0
-1.1082838,0.0319988
-1.1080838,0.0319988
-1.1078838,0.0639975
-1.1076838,0.0959963
-1.1074838,0.0959963
-1.1072838,0.0319988
-1.1070838,0.0319988
-1.1068838,0.0959963
-1.1066838,0.0639975
-1.1064838,0.0319988
-1.1062838,0.0639975
-1.1060838,0.0319988
-1.1058838,0
-1.1056838,0.0639975
-1.1054838,0.0319988
-1.1052838,0.0319988
-1.1050838,0.0319988
-1.1048838,0.0639975
-1.1046838,0.0319988
-1.1044838,0.0639975
-1.1042838,0.0319988
-1.1040838,0.0639975
-1.1038838,0.0639975
-1.1036838,-0.0319988
-1.1034838,0.0639975
-1.1032838,0.0639975
-1.1030838,0.0639975
-1.1028838,0.0639975
-1.1026838,0
-1.1024838,0
-1.1022838,0.0639975
-1.1020838,0.0319988
-1.1018838,0
-1.1016838,0.0319988
-1.1014838,0.0319988
-1.1012838,0.0639975
-1.1010838,0.0319988
-1.1008838,0.0639975
-1.1006838,0.0639975
-1.1004838,0
-1.1002838,0
-1.1000838,0.0639975
-1.0998838,0.0319988
-1.0996838,0.0319988
-1.0994838,0.0639975
-1.0992838,0
-1.0990838,-0.0319988
-1.0988838,0.0319988
-1.0986838,0.0639975
-1.0984838,0.0639975
-1.0982838,0.0319988
-1.0980838,0.0639975
-1.0978838,0.0319988
-1.0976838,0.0319988
-1.0974838,0.0639975
-1.0972838,0.0639975
-1.0970838,0.0639975
-1.0968838,0
-1.0966838,0.0319988
-1.0964838,0.0319988
-1.0962838,0.0319988
-1.0960838,0.0319988
-1.0958838,0.0319988
-1.0956838,0.0319988
-1.0954838,0
-1.0952838,0
-1.0950838,0.0639975
-1.0948838,0.0319988
-1.0946838,0
-1.0944838,0
-1.0942838,0.0319988
-1.0940838,0.0319988
-1.0938838,0.0639975
-1.0936838,0.0319988
-1.0934838,0
-1.0932838,0
-1.0930838,0.0319988
-1.0928838,0
-1.0926838,-0.0319988
-1.0924838,0
-1.0922838,0
-1.0920838,0.0319988
-1.0918838,0
-1.0916838,0.0319988
-1.0914838,0
-1.0912838,0
-1.0910838,-0.0319988
-1.0908838,0.0319988
-1.0906838,0
-1.0904838,0
-1.0902838,0.0319988
-1.0900838,-0.0319988
-1.0898838,-0.0319988
-1.0896838,0
-1.0894838,0
-1.0892838,-0.0639975
-1.0890838,0
-1.0888838,-0.0319988
-1.0886838,-0.0319988
-1.0884838,-0.0319988
-1.0882838,0
-1.0880838,0
-1.0878838,0
-1.0876838,-0.0319988
-1.0874838,-0.0319988
-1.0872838,-0.0319988
-1.0870838,-0.0319988
-1.0868838,-0.0319988
-1.0866838,0
-1.0864838,0
-1.0862838,-0.0319988
-1.0860838,-0.0319988
-1.0858838,0
-1.0856838,-0.0319988
-1.0854838,0.0319988
-1.0852838,0
-1.0850838,-0.0319988
-1.0848838,-0.0319988
-1.0846838,0
-1.0844838,-0.0319988
-1.0842838,-0.0319988
-1.0840838,0
-1.0838838,-0.0639975
-1.0836838,0
-1.0834838,0
-1.0832838,-0.0639975
-1.0830838,-0.0319988
-1.0828838,-0.0319988
-1.0826838,-0.0319988
-1.0824838,0
-1.0822838,0
-1.0820838,-0.0319988
-1.0818838,-0.0319988
-1.0816838,-0.0639975
-1.0814838,-0.0639975
-1.0812838,-0.0319988
-1.0810838,-0.0319988
-1.0808838,-0.0319988
-1.0806838,-0.0319988
-1.0804838,0
-1.0802838,-0.0319988
-1.0800838,-0.0319988
-1.0798838,0
-1.0796838,-0.0319988
-1.0794838,0
-1.0792838,-0.0959963
-1.0790838,-0.0639975
-1.0788838,-0.0319988
-1.0786838,-0.0319988
-1.0784838,-0.0639975
-1.0782838,-0.0639975
-1.0780838,0
-1.0778838,-0.0639975
-1.0776838,0
-1.0774838,-0.0319988
-1.0772838,-0.0639975
-1.0770838,-0.0319988
-1.0768838,-0.0319988
-1.0766838,-0.0319988
-1.0764838,-0.0639975
-1.0762838,0
-1.0760838,-0.0959963
-1.0758838,0
-1.0756838,-0.0639975
-1.0754838,-0.0639975
-1.0752838,-0.0639975
-1.0750838,-0.0319988
-1.0748838,-0.0639975
-1.0746838,-0.0639975
-1.0744838,-0.0319988
-1.0742838,-0.0319988
-1.0740838,-0.0319988
-1.0738838,-0.0639975
-1.0736838,-0.0639975
-1.0734838,-0.0319988
-1.0732838,0
-1.0730838,-0.0639975
-1.0728838,-0.0319988
-1.0726838,-0.0319988
-1.0724838,-0.0639975
-1.0722838,-0.0319988
-1.0720838,0
-1.0718838,-0.0639975
-1.0716838,-0.0319988
-1.0714838,-0.0639975
-1.0712838,-0.0639975
-1.0710838,-0.0639975
-1.0708838,-0.0319988
-1.0706838,-0.0319988
-1.0704838,0
-1.0702838,-0.0319988
-1.0700838,-0.0319988
-1.0698838,-0.0639975
-1.0696838,-0.0319988
-1.0694838,-0.0319988
-1.0692838,-0.0639975
-1.0690838,-0.0959963
-1.0688838,-0.0639975
-1.0686838,-0.0639975
-1.0684838,-0.0319988
-1.0682838,-0.0639975
-1.0680838,-0.0639975
-1.0678838,-0.0639975
-1.0676838,-0.0959963
-1.0674838,-0.0959963
-1.0672838,-0.0639975
-1.0670838,-0.0959963
-1.0668838,-0.0639975
-1.0666838,-0.0319988
-1.0664838,-0.0639975
-1.0662838,-0.0319988
-1.0660838,-0.0639975
-1.0658838,-0.0639975
-1.0656838,-0.0639975
-1.0654838,-0.0319988
-1.0652838,-0.0959963
-1.0650838,-0.0319988
-1.0648838,-0.0639975
-1.0646838,-0.0959963
-1.0644838,-0.0319988
-1.0642838,-0.0319988
-1.0640838,-0.127995
-1.0638838,-0.0639975
-1.0636838,0
-1.0634838,-0.0639975
-1.0632838,-0.0319988
-1.0630838,-0.0639975
-1.0628838,-0.0959963
-1.0626838,-0.0639975
-1.0624838,-0.0319988
-1.0622838,-0.0319988
-1.0620838,-0.0639975
-1.0618838,-0.0319988
-1.0616838,-0.0319988
-1.0614838,-0.0319988
-1.0612838,-0.0319988
-1.0610838,-0.0639975
-1.0608838,-0.0639975
-1.0606838,-0.0319988
-1.0604838,-0.0639975
-1.0602838,0
-1.0600838,0
-1.0598838,0
-1.0596838,-0.0319988
-1.0594838,-0.0319988
-1.0592838,-0.0639975
-1.0590838,-0.0319988
-1.0588838,-0.0319988
-1.0586838,-0.0639975
-1.0584838,0
-1.0582838,-0.0319988
-1.0580838,-0.0319988
-1.0578838,-0.0319988
-1.0576838,0
-1.0574838,-0.0319988
-1.0572838,-0.0319988
-1.0570838,0
-1.0568838,-0.0319988
-1.0566838,-0.0319988
-1.0564838,-0.0639975
-1.0562838,-0.0319988
-1.0560838,-0.0639975
-1.0558838,0
-1.0556838,0
-1.0554838,0
-1.0552838,0
-1.0550838,0
-1.0548838,0
-1.0546838,0
-1.0544838,0
-1.0542838,0
-1.0540838,0.0319988
-1.0538838,0
-1.0536838,-0.0319988
-1.0534838,0
-1.0532838,-0.0319988
-1.0530838,-0.0319988
-1.0528838,0.0319988
-1.0526838,-0.0319988
-1.0524838,0.0319988
-1.0522838,0.0319988
-1.0520838,-0.0639975
-1.0518838,0.0319988
-1.0516838,0
-1.0514838,-0.0639975
-1.0512838,-0.0319988
-1.0510838,0
-1.0508838,-0.0319988
-1.0506838,-0.0319988
-1.0504838,0
-1.0502838,0
-1.0500838,0.0319988
-1.0498838,-0.0319988
-1.0496838,-0.0319988
-1.0494838,0
-1.0492838,-0.0319988
-1.0490838,-0.0639975
-1.0488838,0
-1.0486838,0
-1.0484838,-0.0639975
-1.0482838,-0.0319988
-1.0480838,0
-1.0478838,-0.0319988
-1.0476838,0
-1.0474838,-0.0319988
-1.0472838,-0.0639975
-1.0470838,-0.0319988
-1.0468838,0
-1.0466838,-0.0639975
-1.0464838,-0.0319988
-1.0462838,-0.0319988
-1.0460838,-0.0639975
-1.0458838,0
-1.0456838,-0.0319988
-1.0454838,0
-1.0452838,-0.0319988
-1.0450838,0.0319988
-1.0448838,-0.0639975
-1.0446838,-0.0319988
-1.0444838,0
-1.0442838,-0.0319988
-1.0440838,-0.0319988
-1.0438838,0
-1.0436838,-0.0639975
-1.0434838,-0.0319988
-1.0432838,-0.0319988
-1.0430838,-0.0639975
-1.0428838,0
-1.0426838,-0.0319988
-1.0424838,-0.0639975
-1.0422838,-0.0319988
-1.0420838,-0.0639975
-1.0418838,-0.0319988
-1.0416838,-0.0319988
-1.0414838,0
-1.0412838,-0.0639975
-1.0410838,-0.0319988
-1.0408838,-0.0319988
-1.0406838,-0.0639975
-1.0404838,0
-1.0402838,0
-1.0400838,-0.0639975
-1.0398838,-0.0319988
-1.0396838,0
-1.0394838,-0.0639975
-1.0392838,0
-1.0390838,-0.0319988
-1.0388838,-0.0319988
-1.0386838,-0.0639975
-1.0384838,-0.0319988
-1.0382838,-0.0319988
-1.0380838,-0.0319988
-1.0378838,0
-1.0376838,-0.0319988
-1.0374838,0.0319988
-1.0372838,0
-1.0370838,0
-1.0368838,-0.0639975
-1.0366838,-0.0319988
-1.0364838,0
-1.0362838,-0.0319988
-1.0360838,-0.0319988
-1.0358838,0
-1.0356838,-0.0319988
-1.0354838,0
-1.0352838,0
-1.0350838,0
-1.0348838,0.0319988
-1.0346838,-0.0319988
-1.0344838,0
-1.0342838,-0.0319988
-1.0340838,-0.0319988
-1.0338838,0
-1.0336838,0
-1.0334838,0
-1.0332838,0.0319988
-1.0330838,0.0319988
-1.0328838,-0.0319988
-1.0326838,0
-1.0324838,0
-1.0322838,0.0319988
-1.0320838,0.0319988
-1.0318838,0.0639975
-1.0316838,0
-1.0314838,0
-1.0312838,0.0319988
-1.0310838,0.0319988
-1.0308838,-0.0319988
-1.0306838,0.0319988
-1.0304838,0
-1.0302838,0
-1.0300838,0.0319988
-1.0298838,0
-1.0296838,0.0319988
-1.0294838,0.0319988
-1.0292838,0.0319988
-1.0290838,0.0319988
-1.0288838,0.0319988
-1.0286838,0
-1.0284838,0.0319988
-1.0282838,0.0319988
-1.0280838,0
-1.0278838,0.0319988
-1.0276838,0.0319988
-1.0274838,0.0319988
-1.0272838,0.0319988
-1.0270838,0.0319988
-1.0268838,0.0319988
-1.0266838,0.0319988
-1.0264838,0.0639975
-1.0262838,0
-1.0260838,0.0319988
-1.0258838,0.0639975
-1.0256838,-0.0319988
-1.0254838,0.0319988
-1.0252838,0.0639975
-1.0250838,0.0319988
-1.0248838,0.0319988
-1.0246838,0.0639975
-1.0244838,0.0319988
-1.0242838,0.0319988
-1.0240838,0.0639975
-1.0238838,0.0319988
-1.0236838,0
-1.0234838,0.0639975
-1.0232838,0.0959963
-1.0230838,0.0639975
-1.0228838,0.0639975
-1.0226838,0
-1.0224838,0.0319988
-1.0222838,0.0639975
-1.0220838,0.0639975
-1.0218838,0.0639975
-1.0216838,0.0639975
-1.0214838,0.0319988
-1.0212838,0.0639975
-1.0210838,0.0639975
-1.0208838,0.0639975
-1.0206838,0.0319988
-1.0204838,0.0639975
-1.0202838,0.0639975
-1.0200838,0.0639975
-1.0198838,0.0639975
-1.0196838,0.0639975
-1.0194838,0.0639975
-1.0192838,0.0639975
-1.0190838,0.0319988
-1.0188838,0.0639975
-1.0186838,0.0639975
-1.0184838,0.0639975
-1.0182838,0.0959963
-1.0180838,0.0639975
-1.0178838,0.0319988
-1.0176838,0.0639975
-1.0174838,0.0639975
-1.0172838,0.0639975
-1.0170838,0.0639975
-1.0168838,0.0639975
-1.0166838,0.0639975
-1.0164838,0.0639975
-1.0162838,0.127995
-1.0160838,0.0319988
-1.0158838,0.0639975
-1.0156838,0.0959963
-1.0154838,0.0639975
-1.0152838,0.0639975
-1.0150838,0.0959963
-1.0148838,0.0319988
-1.0146838,0.0959963
-1.0144838,0.0959963
-1.0142838,0.0639975
-1.0140838,0.0959963
-1.0138838,0.0959963
-1.0136838,0.0959963
-1.0134838,0.0639975
-1.0132838,0.0639975
-1.0130838,0.0959963
-1.0128838,0.0639975
-1.0126838,0.0959963
-1.0124838,0.127995
-1.0122838,0.0639975
-1.0120838,0.0959963
-1.0118838,0.0639975
-1.0116838,0.0959963
-1.0114838,0.0959963
-1.0112838,0.0319988
-1.0110838,0.127995
-1.0108838,0.0959963
-1.0106838,0.0639975
-1.0104838,0.0959963
-1.0102838,0.0959963
-1.0100838,0.0639975
-1.0098838,0.0959963
-1.0096838,0.0959963
-1.0094838,0.0959963
-1.0092838,0.127995
-1.0090838,0.0959963
-1.0088838,0.0959963
-1.0086838,0.0959963
-1.0084838,0.127995
-1.0082838,0.0639975
-1.0080838,0.127995
-1.0078838,0.0959963
-1.0076838,0.0959963
-1.0074838,0.0959963
-1.0072838,0.0959963
-1.0070838,0.127995
-1.0068838,0.127995
-1.0066838,0.0959963
-1.0064838,0.0959963
-1.0062838,0.0959963
-1.0060838,0.127995
-1.0058838,0.0959963
-1.0056838,0.0959963
-1.0054838,0.127995
-1.0052838,0.0959963
-1.0050838,0.0959963
-1.0048838,0.0959963
-1.0046838,0.0959963
-1.0044838,0.127995
-1.0042838,0.0959963
-1.0040838,0.0959963
-1.0038838,0.0959963
-1.0036838,0.0959963
-1.0034838,0.127995
-1.0032838,0.127995
-1.0030838,0.0639975
-1.0028838,0.0639975
-1.0026838,0.127995
-1.0024838,0.0639975
-1.0022838,0.0959963
-1.0020838,0.0639975
-1.0018838,0.0959963
-1.0016838,0.0959963
-1.0014838,0.0959963
-1.0012838,0.127995
-1.0010838,0.127995
-1.0008838,0.0639975
-1.0006838,0.127995
-1.0004838,0.127995
-1.0002838,0.0959963
-1.0000838,0.0959963
-0.99988375,0.0959963
-0.99968375,0.0959963
-0.99948375,0.0959963
-0.99928375,0.0639975
-0.99908375,0.0959963
-0.99888375,0.0959963
-0.99868375,0.0959963
-0.99848375,0.0959963
-0.99828375,0.0959963
-0.99808375,0.0959963
-0.99788375,0.0959963
-0.99768375,0.0959963
-0.99748375,0.127995
-0.99728375,0.0959963
-0.99708375,0.127995
-0.99688375,0.0959963
-0.99668375,0.127995
-0.99648375,0.127995
-0.99628375,0.159994
-0.99608375,0.127995
-0.99588375,0.0959963
-0.99568375,0.127995
-0.99548375,0.127995
-0.99528375,0.127995
-0.99508375,0.0959963
-0.99488375,0.127995
-0.99468375,0.0959963
-0.99448375,0.159994
-0.99428375,0.159994
-0.99408375,0.127995
-0.99388375,0.127995
-0.99368375,0.0959963
-0.99348375,0.127995
-0.99328375,0.0959963
-0.99308375,0.0959963
-0.99288375,0.127995
-0.99268375,0.127995
-0.99248375,0.0959963
-0.99228375,0.127995
-0.99208375,0.127995
-0.99188375,0.127995
-0.99168375,0.0959963
-0.99148375,0.0959963
-0.99128375,0.0959963
-0.99108375,0.127995
-0.99088375,0.0959963
-0.99068375,0.127995
-0.99048375,0.127995
-0.99028375,0.0959963
-0.99008375,0.0959963
-0.98988375,0.0959963
-0.98968375,0.0959963
-0.98948375,0.0959963
-0.98928375,0.0959963
-0.98908375,0.0639975
-0.98888375,0.127995
-0.98868375,0.127995
-0.98848375,0.0959963
-0.98828375,0.127995
-0.98808375,0.0959963
-0.98788375,0.127995
-0.98768375,0.127995
-0.98748375,0.127995
-0.98728375,0.127995
-0.98708375,0.159994
-0.98688375,0.159994
-0.98668375,0.127995
-0.98648375,0.0959963
-0.98628375,0.0959963
-0.98608375,0.0959963
-0.98588375,0.127995
-0.98568375,0.0959963
-0.98548375,0.159994
-0.98528375,0.127995
-0.98508375,0.0959963
-0.98488375,0.127995
-0.98468375,0.0959963
-0.98448375,0.127995
-0.98428375,0.0959963
-0.98408375,0.0639975
-0.98388375,0.0959963
-0.98368375,0.127995
-0.98348375,0.0959963
-0.98328375,0.0959963
-0.98308375,0.0319988
-0.98288375,0.0639975
-0.98268375,0.0959963
-0.98248375,0.0639975
-0.98228375,0.0959963
-0.98208375,0.0639975
-0.98188375,0.0959963
-0.98168375,0.0959963
-0.98148375,0.0639975
-0.98128375,0.0639975
-0.98108375,0.0639975
-0.98088375,0.0639975
-0.98068375,0.0959963
-0.98048375,0.0959963
-0.98028375,0.0959963
-0.98008375,0.0639975
-0.97988375,0.0639975
-0.97968375,0.0959963
-0.97948375,0.0639975
-0.97928375,0.0639975
-0.97908375,0.0959963
-0.97888375,0.0639975
-0.97868375,0.0319988
-0.97848375,0.0959963
-0.97828375,0.0639975
-0.97808375,0.159994
-0.97788375,0.0639975
-0.97768375,0.0959963
-0.97748375,0.0959963
-0.97728375,0.0639975
-0.97708375,0.0959963
-0.97688375,0.0959963
-0.97668375,0.0959963
-0.97648375,0.0319988
-0.97628375,0.0319988
-0.97608375,0.0639975
-0.97588375,0.0319988
-0.97568375,0.127995
-0.97548375,0.0959963
-0.97528375,0.0959963
-0.97508375,0.0639975
-0.97488375,0.0959963
-0.97468375,0.0319988
-0.97448375,0.0639975
-0.97428375,0.0639975
-0.97408375,0.0639975
-0.97388375,0.0639975
-0.97368375,0.0639975
-0.97348375,0.0319988
-0.97328375,0.0319988
-0.97308375,0.0639975
-0.97288375,0.0639975
-0.97268375,0.0639975
-0.97248375,0.0639975
-0.97228375,0.0639975
-0.97208375,0.0639975
-0.97188375,0.0639975
-0.97168375,0.0319988
-0.97148375,0.0959963
-0.97128375,0
-0.97108375,0.0639975
-0.97088375,0.0639975
-0.97068375,0.0639975
-0.97048375,0.0639975
-0.97028375,0.0319988
-0.97008375,0.0639975
-0.96988375,0
-0.96968375,0.0319988
-0.96948375,0.0319988
-0.96928375,0
-0.96908375,0.0319988
-0.96888375,-0.0319988
-0.96868375,0
-0.96848375,0.0319988
-0.96828375,0
-0.96808375,0
-0.96788375,0.0319988
-0.96768375,0.0319988
-0.96748375,0
-0.96728375,0.0319988
-0.96708375,0.0319988
-0.96688375,-0.0319988
-0.96668375,0.0319988
-0.96648375,0
-0.96628375,-0.0639975
-0.96608375,-0.0319988
-0.96588375,0
-0.96568375,-0.0319988
-0.96548375,-0.0319988
-0.96528375,-0.0319988
-0.96508375,-0.0319988
-0.96488375,-0.0319988
-0.96468375,-0.0319988
-0.96448375,-0.0639975
-0.96428375,0
-0.96408375,-0.0639975
-0.96388375,-0.0959963
-0.96368375,0
-0.96348375,0
-0.96328375,-0.0319988
-0.96308375,-0.0639975
-0.96288375,0
-0.96268375,-0.0639975
-0.96248375,-0.0639975
-0.96228375,-0.0319988
-0.96208375,-0.0639975
-0.96188375,0
-0.96168375,-0.0319988
-0.96148375,-0.0959963
-0.96128375,-0.0319988
-0.96108375,-0.0959963
-0.96088375,-0.0639975
-0.96068375,0
-0.96048375,-0.0639975
-0.96028375,-0.0959963
-0.96008375,-0.0639975
-0.95988375,-0.0959963
-0.95968375,-0.0959963
-0.95948375,-0.0639975
-0.95928375,-0.0959963
-0.95908375,-0.0639975
-0.95888375,-0.0639975
-0.95868375,-0.0639975
-0.95848375,-0.0959963
-0.95828375,-0.0959963
-0.95808375,-0.0319988
-0.95788375,-0.0959963
-0.95768375,-0.0639975
-0.95748375,-0.0959963
-0.95728375,-0.0959963
-0.95708375,-0.0639975
-0.95688375,-0.0959963
-0.95668375,-0.127995
-0.95648375,-0.127995
-0.95628375,-0.0959963
-0.95608375,-0.127995
-0.95588375,-0.0959963
-0.95568375,-0.127995
-0.95548375,-0.0959963
-0.95528375,-0.0639975
-0.95508375,-0.0959963
-0.95488375,-0.127995
-0.95468375,-0.0639975
-0.95448375,-0.0639975
-0.95428375,-0.159994
-0.95408375,-0.127995
-0.95388375,-0.159994
-0.95368375,-0.127995
-0.95348375,-0.0959963
-0.95328375,-0.0959963
-0.95308375,-0.159994
-0.95288375,-0.127995
-0.95268375,-0.0959963
-0.95248375,-0.0959963
-0.95228375,-0.0959963
-0.95208375,-0.127995
-0.95188375,-0.0959963
-0.95168375,-0.0959963
-0.95148375,-0.0959963
-0.95128375,-0.127995
-0.95108375,-0.127995
-0.95088375,-0.0959963
-0.95068375,-0.127995
-0.95048375,-0.159994
-0.95028375,-0.0959963
-0.95008375,-0.0959963
-0.94988375,-0.0959963
-0.94968375,-0.0959963
-0.94948375,-0.127995
-0.94928375,-0.0959963
-0.94908375,-0.127995
-0.94888375,-0.127995
-0.94868375,-0.159994
-0.94848375,-0.0639975
-0.94828375,-0.159994
-0.94808375,-0.159994
-0.94788375,-0.127995
-0.94768375,-0.159994
-0.94748375,-0.127995
-0.94728375,-0.0959963
-0.94708375,-0.159994
-0.94688375,-0.159994
-0.94668375,-0.127995
-0.94648375,-0.127995
-0.94628375,-0.159994
-0.94608375,-0.0959963
-0.94588375,-0.127995
-0.94568375,-0.127995
-0.94548375,-0.0959963
-0.94528375,-0.159994
-0.94508375,-0.159994
-0.94488375,-0.0959963
-0.94468375,-0.127995
-0.94448375,-0.127995
-0.94428375,-0.0959963
-0.94408375,-0.191993
-0.94388375,-0.127995
-0.94368375,-0.159994
-0.94348375,-0.127995
-0.94328375,-0.127995
-0.94308375,-0.127995
-0.94288375,-0.191993
-0.94268375,-0.159994
-0.94248375,-0.127995
-0.94228375,-0.159994
-0.94208375,-0.159994
-0.94188375,-0.159994
-0.94168375,-0.191993
-0.94148375,-0.159994
-0.94128375,-0.159994
-0.94108375,-0.159994
-0.94088375,-0.127995
-0.94068375,-0.127995
-0.94048375,-0.191993
-0.94028375,-0.159994
-0.94008375,-0.159994
-0.93988375,-0.191993
-0.93968375,-0.159994
-0.93948375,-0.127995
-0.93928375,-0.191993
-0.93908375,-0.127995
-0.93888375,-0.159994
-0.93868375,-0.191993
-0.93848375,-0.159994
-0.93828375,-0.223991
-0.93808375,-0.191993
-0.93788375,-0.191993
-0.93768375,-0.159994
-0.93748375,-0.159994
-0.93728375,-0.223991
-0.93708375,-0.191993
-0.93688375,-0.159994
-0.93668375,-0.223991
-0.93648375,-0.223991
-0.93628375,-0.191993
-0.93608375,-0.223991
-0.93588375,-0.159994
-0.93568375,-0.223991
-0.93548375,-0.223991
-0.93528375,-0.159994
-0.93508375,-0.223991
-0.93488375,-0.223991
-0.93468375,-0.25599
-0.93448375,-0.223991
-0.93428375,-0.223991
-0.93408375,-0.191993
-0.93388375,-0.191993
-0.93368375,-0.223991
-0.93348375,-0.223991
-0.93328375,-0.223991
-0.93308375,-0.223991
-0.93288375,-0.159994
-0.93268375,-0.25599
-0.93248375,-0.223991
-0.93228375,-0.223991
-0.93208375,-0.25599
-0.93188375,-0.223991
-0.93168375,-0.191993
-0.93148375,-0.25599
-0.93128375,-0.223991
-0.93108375,-0.191993
-0.93088375,-0.25599
-0.93068375,-0.25599
-0.93048375,-0.223991
-0.93028375,-0.223991
-0.93008375,-0.25599
-0.92988375,-0.191993
-0.92968375,-0.191993
-0.92948375,-0.25599
-0.92928375,-0.191993
-0.92908375,-0.25599
-0.92888375,-0.287989
-0.92868375,-0.191993
-0.92848375,-0.223991
-0.92828375,-0.223991
-0.92808375,-0.25599
-0.92788375,-0.223991
-0.92768375,-0.191993
-0.92748375,-0.191993
-0.92728375,-0.25599
-0.92708375,-0.25599
-0.92688375,-0.223991
-0.92668375,-0.223991
-0.92648375,-0.223991
-0.92628375,-0.191993
-0.92608375,-0.25599
-0.92588375,-0.191993
-0.92568375,-0.191993
-0.92548375,-0.223991
-0.92528375,-0.223991
-0.92508375,-0.191993
-0.92488375,-0.25599
-0.92468375,-0.223991
-0.92448375,-0.159994
-0.92428375,-0.223991
-0.92408375,-0.191993
-0.92388375,-0.191993
-0.92368375,-0.223991
-0.92348375,-0.25599
-0.92328375,-0.223991
-0.92308375,-0.25599
-0.92288375,-0.25599
-0.92268375,-0.223991
-0.92248375,-0.223991
-0.92228375,-0.25599
-0.92208375,-0.223991
-0.92188375,-0.191993
-0.92168375,-0.223991
-0.92148375,-0.223991
-0.92128375,-0.223991
-0.92108375,-0.223991
-0.92088375,-0.191993
-0.92068375,-0.191993
-0.92048375,-0.25599
-0.92028375,-0.191993
-0.92008375,-0.223991
-0.91988375,-0.25599
-0.91968375,-0.159994
-0.91948375,-0.25599
-0.91928375,-0.25599
-0.91908375,-0.223991
-0.91888375,-0.223991
-0.91868375,-0.25599
-0.91848375,-0.191993
-0.91828375,-0.191993
-0.91808375,-0.287989
-0.91788375,-0.191993
-0.91768375,-0.223991
-0.91748375,-0.25599
-0.91728375,-0.223991
-0.91708375,-0.223991
-0.91688375,-0.223991
-0.91668375,-0.223991
-0.91648375,-0.287989
-0.91628375,-0.223991
-0.91608375,-0.25599
-0.91588375,-0.223991
-0.91568375,-0.191993
-0.91548375,-0.159994
-0.91528375,-0.25599
-0.91508375,-0.25599
-0.91488375,-0.191993
-0.91468375,-0.223991
-0.91448375,-0.191993
-0.91428375,-0.159994
-0.91408375,-0.159994
-0.91388375,-0.223991
-0.91368375,-0.159994
-0.91348375,-0.191993
-0.91328375,-0.223991
-0.91308375,-0.159994
-0.91288375,-0.223991
-0.91268375,-0.223991
-0.91248375,-0.127995
-0.91228375,-0.159994
-0.91208375,-0.191993
-0.91188375,-0.191993
-0.91168375,-0.223991
-0.91148375,-0.191993
-0.91128375,-0.159994
-0.91108375,-0.159994
-0.91088375,-0.223991
-0.91068375,-0.159994
-0.91048375,-0.191993
-0.91028375,-0.191993
-0.91008375,-0.159994
-0.90988375,-0.159994
-0.90968375,-0.191993
-0.90948375,-0.159994
-0.90928375,-0.191993
-0.90908375,-0.159994
-0.90888375,-0.159994
-0.90868375,-0.191993
-0.90848375,-0.191993
-0.90828375,-0.191993
-0.90808375,-0.223991
-0.90788375,-0.159994
-0.90768375,-0.159994
-0.90748375,-0.191993
-0.90728375,-0.191993
-0.90708375,-0.159994
-0.90688375,-0.191993
-0.90668375,-0.159994
-0.90648375,-0.159994
-0.90628375,-0.223991
-0.90608375,-0.159994
-0.90588375,-0.159994
-0.90568375,-0.159994
-0.90548375,-0.159994
-0.90528375,-0.127995
-0.90508375,-0.159994
-0.90488375,-0.127995
-0.90468375,-0.127995
-0.90448375,-0.191993
-0.90428375,-0.191993
-0.90408375,-0.127995
-0.90388375,-0.223991
-0.90368375,-0.159994
-0.90348375,-0.127995
-0.90328375,-0.159994
-0.90308375,-0.159994
-0.90288375,-0.127995
-0.90268375,-0.159994
-0.90248375,-0.159994
-0.90228375,-0.127995
-0.90208375,-0.127995
-0.90188375,-0.127995
-0.90168375,-0.127995
-0.90148375,-0.127995
-0.90128375,-0.0959963
-0.90108375,-0.127995
-0.90088375,-0.191993
-0.90068375,-0.159994
-0.90048375,-0.127995
-0.90028375,-0.0959963
-0.90008375,-0.159994
-0.89988375,-0.0959963
-0.89968375,-0.0959963
-0.89948375,-0.127995
-0.89928375,-0.0959963
-0.89908375,-0.0959963
-0.89888375,-0.0959963
-0.89868375,-0.0639975
-0.89848375,-0.127995
-0.89828375,-0.127995
-0.89808375,-0.0959963
-0.89788375,-0.127995
-0.89768375,-0.0959963
-0.89748375,-0.0639975
-0.89728375,-0.0639975
-0.89708375,-0.0959963
-0.89688375,-0.0639975
-0.89668375,-0.0959963
-0.89648375,-0.0639975
-0.89628375,-0.0319988
-0.89608375,-0.127995
-0.89588375,-0.0639975
-0.89568375,-0.0639975
-0.89548375,-0.0959963
-0.89528375,-0.0639975
-0.89508375,-0.0959963
-0.89488375,-0.0959963
-0.89468375,-0.0639975
-0.89448375,-0.0639975
-0.89428375,-0.0959963
-0.89408375,-0.0639975
-0.89388375,-0.0959963
-0.89368375,-0.0639975
-0.89348375,-0.0319988
-0.89328375,-0.0959963
-0.89308375,-0.0959963
-0.89288375,-0.0639975
-0.89268375,-0.0639975
-0.89248375,-0.127995
-0.89228375,-0.0639975
-0.89208375,-0.0959963
-0.89188375,-0.0319988
-0.89168375,-0.0319988
-0.89148375,-0.0959963
-0.89128375,-0.0639975
-0.89108375,-0.0639975
-0.89088375,-0.0959963
-0.89068375,-0.0639975
-0.89048375,-0.0639975
-0.89028375,0
-0.89008375,-0.0319988
-0.88988375,-0.0319988
-0.88968375,-0.0319988
-0.88948375,0
-0.88928375,-0.0319988
-0.88908375,0
-0.88888375,-0.0639975
-0.88868375,-0.0639975
-0.88848375,0
-0.88828375,-0.0639975
-0.88808375,-0.0319988
-0.88788375,0
-0.88768375,-0.0639975
-0.88748375,-0.0319988
-0.88728375,0
-0.88708375,-0.0319988
-0.88688375,-0.0319988
-0.88668375,-0.0319988
-0.88648375,-0.0639975
-0.88628375,0
-0.88608375,-0.0319988
-0.88588375,-0.0319988
-0.88568375,0.0319988
-0.88548375,0
-0.88528375,-0.0319988
-0.88508375,0.0319988
-0.88488375,0.0639975
-0.88468375,-0.0319988
-0.88448375,0
-0.88428375,0.0639975
-0.88408375,-0.0319988
-0.88388375,0
-0.88368375,0
-0.88348375,0.0639975
-0.88328375,0.0319988
-0.88308375,0.0319988
-0.88288375,0.0639975
-0.88268375,0
-0.88248375,0
-0.88228375,-0.0639975
-0.88208375,0.0319988
-0.88188375,0.0319988
-0.88168375,0
-0.88148375,0.0319988
-0.88128375,0.0639975
-0.88108375,0.0319988
-0.88088375,0.0319988
-0.88068375,0.0639975
-0.88048375,0.0319988
-0.88028375,0
-0.88008375,0.0319988
-0.87988375,0.0639975
-0.87968375,0.0319988
-0.87948375,0.0319988
-0.87928375,-0.0319988
-0.87908375,0.0319988
-0.87888375,0.0319988
-0.87868375,0
-0.87848375,0.0319988
-0.87828375,0.0639975
-0.87808375,0.0319988
-0.87788375,0.0319988
-0.87768375,0.0639975
-0.87748375,0.0639975
-0.87728375,0.0639975
-0.87708375,0.0639975
-0.87688375,0
-0.87668375,0.0319988
-0.87648375,0.0639975
-0.87628375,0.0319988
-0.87608375,0.0319988
-0.87588375,0.0319988
-0.87568375,0.0319988
-0.87548375,0.0319988
-0.87528375,0.0639975
-0.87508375,0
-0.87488375,0.0639975
-0.87468375,0.0639975
-0.87448375,0.0639975
-0.87428375,0.0319988
-0.87408375,0.0319988
-0.87388375,0.0319988
-0.87368375,0.0319988
-0.87348375,0.0639975
-0.87328375,0.0319988
-0.87308375,0.0639975
-0.87288375,0.0639975
-0.87268375,0.0639975
-0.87248375,0.0639975
-0.87228375,0.0639975
-0.87208375,0
-0.87188375,0.0639975
-0.87168375,0.0639975
-0.87148375,0.0639975
-0.87128375,0.0319988
-0.87108375,0.0959963
-0.87088375,0.0959963
-0.87068375,0.0639975
-0.87048375,0.0639975
-0.87028375,0.0319988
-0.87008375,0.0319988
-0.86988375,0.0319988
-0.86968375,0.0639975
-0.86948375,0.0319988
-0.86928375,0.0959963
-0.86908375,0.0319988
-0.86888375,0.0959963
-0.86868375,0.0639975
-0.86848375,0.0639975
-0.86828375,0.0639975
-0.86808375,0.0639975
-0.86788375,0.0319988
-0.86768375,0.0959963
-0.86748375,0.0639975
-0.86728375,0.0639975
-0.86708375,0.0639975
-0.86688375,0.0319988
-0.86668375,0.0639975
-0.86648375,0.0639975
-0.86628375,0.0639975
-0.86608375,0.0639975
-0.86588375,0.0639975
-0.86568375,0.0959963
-0.86548375,0.0319988
-0.86528375,0.0639975
-0.86508375,0.0639975
-0.86488375,0.0639975
-0.86468375,0.0639975
-0.86448375,0.0639975
-0.86428375,0
-0.86408375,0.0959963
-0.86388375,0.0959963
-0.86368375,0.0959963
-0.86348375,0.0639975
-0.86328375,0.0959963
-0.86308375,0.127995
-0.86288375,0.0639975
-0.86268375,0.0639975
-0.86248375,0.0319988
-0.86228375,0.0639975
-0.86208375,0.127995
-0.86188375,0.0319988
-0.86168375,0.0639975
-0.86148375,0.127995
-0.86128375,0.0959963
-0.86108375,0.0959963
-0.86088375,0.0959963
-0.86068375,0.0959963
-0.86048375,0.0639975
-0.86028375,0.0959963
-0.86008375,0.0959963
-0.85988375,0.0959963
-0.85968375,0.0959963
-0.85948375,0.0639975
-0.85928375,0.0639975
-0.85908375,0.0959963
-0.85888375,0
-0.85868375,0.0959963
-0.85848375,0.0959963
-0.85828375,0.0639975
-0.85808375,0.127995
-0.85788375,0.0959963
-0.85768375,0.0959963
-0.85748375,0.0959963
-0.85728375,0.0959963
-0.85708375,0.127995
-0.85688375,0.0959963
-0.85668375,0.0959963
-0.85648375,0.0959963
-0.85628375,0.127995
-0.85608375,0.0959963
-0.85588375,0.127995
-0.85568375,0.0959963
-0.85548375,0.0959963
-0.85528375,0.0959963
-0.85508375,0.0959963
-0.85488375,0.127995
-0.85468375,0.127995
-0.85448375,0.127995
-0.85428375,0.127995
-0.85408375,0.0639975
-0.85388375,0.127995
-0.85368375,0.127995
-0.85348375,0.0959963
-0.85328375,0.127995
-0.85308375,0.0639975
-0.85288375,0.0959963
-0.85268375,0.0959963
-0.85248375,0.0959963
-0.85228375,0.0959963
-0.85208375,0.159994
-0.85188375,0.0959963
-0.85168375,0.127995
-0.85148375,0.0959963
-0.85128375,0.127995
-0.85108375,0.127995
-0.85088375,0.127995
-0.85068375,0.0959963
-0.85048375,0.127995
-0.85028375,0.127995
-0.85008375,0.0959963
-0.84988375,0.0639975
-0.84968375,0.127995
-0.84948375,0.0639975
-0.84928375,0.127995
-0.84908375,0.0959963
-0.84888375,0.0959963
-0.84868375,0.0959963
-0.84848375,0.0959963
-0.84828375,0.0959963
-0.84808375,0.0959963
-0.84788375,0.0959963
-0.84768375,0.0959963
-0.84748375,0.0319988
-0.84728375,0.0959963
-0.84708375,0.127995
-0.84688375,0.0959963
-0.84668375,0.0639975
-0.84648375,0.0959963
-0.84628375,0.0959963
-0.84608375,0.0959963
-0.84588375,0.0959963
-0.84568375,0.0959963
-0.84548375,0.159994
-0.84528375,0.0959963
-0.84508375,0.127995
-0.84488375,0.0959963
-0.84468375,0.0959963
-0.84448375,0.159994
-0.84428375,0.127995
-0.84408375,0.0959963
-0.84388375,0.127995
-0.84368375,0.127995
-0.84348375,0.127995
-0.84328375,0.0959963
-0.84308375,0.127995
-0.84288375,0.159994
-0.84268375,0.159994
-0.84248375,0.159994
-0.84228375,0.127995
-0.84208375,0.127995
-0.84188375,0.127995
-0.84168375,0.127995
-0.84148375,0.159994
-0.84128375,0.127995
-0.84108375,0.159994
-0.84088375,0.159994
-0.84068375,0.191993
-0.84048375,0.127995
-0.84028375,0.159994
-0.84008375,0.127995
-0.83988375,0.127995
-0.83968375,0.159994
-0.83948375,0.191993
-0.83928375,0.191993
-0.83908375,0.159994
-0.83888375,0.159994
-0.83868375,0.191993
-0.83848375,0.159994
-0.83828375,0.191993
-0.83808375,0.191993
-0.83788375,0.159994
-0.83768375,0.159994
-0.83748375,0.159994
-0.83728375,0.159994
-0.83708375,0.191993
-0.83688375,0.159994
-0.83668375,0.159994
-0.83648375,0.223991
-0.83628375,0.127995
-0.83608375,0.223991
-0.83588375,0.159994
-0.83568375,0.159994
-0.83548375,0.191993
-0.83528375,0.159994
-0.83508375,0.159994
-0.83488375,0.159994
-0.83468375,0.159994
-0.83448375,0.159994
-0.83428375,0.191993
-0.83408375,0.191993
-0.83388375,0.159994
-0.83368375,0.191993
-0.83348375,0.191993
-0.83328375,0.191993
-0.83308375,0.191993
-0.83288375,0.191993
-0.83268375,0.191993
-0.83248375,0.159994
-0.83228375,0.191993
-0.83208375,0.159994
-0.83188375,0.159994
-0.83168375,0.191993
-0.83148375,0.191993
-0.83128375,0.159994
-0.83108375,0.159994
-0.83088375,0.191993
-0.83068375,0.191993
-0.83048375,0.191993
-0.83028375,0.191993
-0.83008375,0.127995
-0.82988375,0.223991
-0.82968375,0.159994
-0.82948375,0.159994
-0.82928375,0.159994
-0.82908375,0.159994
-0.82888375,0.127995
-0.82868375,0.223991
-0.82848375,0.127995
-0.82828375,0.159994
-0.82808375,0.159994
-0.82788375,0.159994
-0.82768375,0.191993
-0.82748375,0.191993
-0.82728375,0.159994
-0.82708375,0.159994
-0.82688375,0.159994
-0.82668375,0.159994
-0.82648375,0.159994
-0.82628375,0.191993
-0.82608375,0.159994
-0.82588375,0.159994
-0.82568375,0.159994
-0.82548375,0.127995
-0.82528375,0.159994
-0.82508375,0.127995
-0.82488375,0.159994
-0.82468375,0.191993
-0.82448375,0.127995
-0.82428375,0.223991
-0.82408375,0.159994
-0.82388375,0.191993
-0.82368375,0.127995
-0.82348375,0.159994
-0.82328375,0.159994
-0.82308375,0.191993
-0.82288375,0.191993
-0.82268375,0.127995
-0.82248375,0.159994
-0.82228375,0.191993
-0.82208375,0.191993
-0.82188375,0.159994
-0.82168375,0.191993
-0.82148375,0.159994
-0.82128375,0.191993
-0.82108375,0.159994
-0.82088375,0.191993
-0.82068375,0.127995
-0.82048375,0.159994
-0.82028375,0.191993
-0.82008375,0.159994
-0.81988375,0.159994
-0.81968375,0.159994
-0.81948375,0.127995
-0.81928375,0.159994
-0.81908375,0.159994
-0.81888375,0.159994
-0.81868375,0.127995
-0.81848375,0.191993
-0.81828375,0.127995
-0.81808375,0.159994
-0.81788375,0.159994
-0.81768375,0.127995
-0.81748375,0.127995
-0.81728375,0.159994
-0.81708375,0.159994
-0.81688375,0.159994
-0.81668375,0.191993
-0.81648375,0.159994
-0.81628375,0.191993
-0.81608375,0.191993
-0.81588375,0.127995
-0.81568375,0.159994
-0.81548375,0.159994
-0.81528375,0.127995
-0.81508375,0.127995
-0.81488375,0.159994
-0.81468375,0.127995
-0.81448375,0.127995
-0.81428375,0.127995
-0.81408375,0.0959963
-0.81388375,0.159994
-0.81368375,0.191993
-0.81348375,0.159994
-0.81328375,0.0959963
-0.81308375,0.127995
-0.81288375,0.0959963
-0.81268375,0.127995
-0.81248375,0.127995
-0.81228375,0.127995
-0.81208375,0.0959963
-0.81188375,0.0959963
-0.81168375,0.0959963
-0.81148375,0.0959963
-0.81128375,0.127995
-0.81108375,0.127995
-0.81088375,0.127995
-0.81068375,0.127995
-0.81048375,0.0959963
-0.81028375,0.0959963
-0.81008375,0.159994
-0.80988375,0.0959963
-0.80968375,0.127995
-0.80948375,0.127995
-0.80928375,0.0639975
-0.80908375,0.0959963
-0.80888375,0.0639975
-0.80868375,0.0639975
-0.80848375,0.0319988
-0.80828375,0.0959963
-0.80808375,0.0959963
-0.80788375,0.0959963
-0.80768375,0.0639975
-0.80748375,0.0959963
-0.80728375,0.0639975
-0.80708375,0.0959963
-0.80688375,0.0959963
-0.80668375,0.0639975
-0.80648375,0.0959963
-0.80628375,0.0959963
-0.80608375,0.0319988
-0.80588375,0.0959963
-0.80568375,0.0959963
-0.80548375,0.0959963
-0.80528375,0.0959963
-0.80508375,0.0639975
-0.80488375,0.0319988
-0.80468375,0.0639975
-0.80448375,0.0639975
-0.80428375,0.0639975
-0.80408375,0.0639975
-0.80388375,0.0639975
-0.80368375,0.0639975
-0.80348375,0.0319988
-0.80328375,0.0959963
-0.80308375,0.0959963
-0.80288375,0.0639975
-0.80268375,0.0639975
-0.80248375,0.0319988
-0.80228375,0.0639975
-0.80208375,0.0639975
-0.80188375,0.0319988
-0.80168375,0.0319988
-0.80148375,0.0639975
-0.80128375,0.0319988
-0.80108375,0.0639975
-0.80088375,0.0639975
-0.80068375,0.0639975
-0.80048375,0.0959963
-0.80028375,0.0639975
-0.80008375,0.0319988
-0.79988375,0.0639975
-0.79968375,0.0639975
-0.79948375,0.0319988
-0.79928375,0
-0.79908375,0.0319988
-0.79888375,0
-0.79868375,0
-0.79848375,0.0319988
-0.79828375,0.0319988
-0.79808375,0.0319988
-0.79788375,0.0319988
-0.79768375,0.0319988
-0.79748375,0.0639975
-0.79728375,0.0639975
-0.79708375,0.0639975
-0.79688375,0.0319988
-0.79668375,0.0319988
-0.79648375,0.0319988
-0.79628375,0.0319988
-0.79608375,0.0639975
-0.79588375,0
-0.79568375,0
-0.79548375,0.0319988
-0.79528375,0.0319988
-0.79508375,0
-0.79488375,0.0319988
-0.79468375,0
-0.79448375,0.0319988
-0.79428375,0
-0.79408375,0.0319988
-0.79388375,0.0319988
-0.79368375,0
-0.79348375,0.0319988
-0.79328375,0.0319988
-0.79308375,0.0319988
-0.79288375,-0.0319988
-0.79268375,0
-0.79248375,0.0319988
-0.79228375,0
-0.79208375,0
-0.79188375,0.0319988
-0.79168375,0
-0.79148375,0
-0.79128375,-0.0319988
-0.79108375,0.0639975
-0.79088375,0
-0.79068375,0.0319988
-0.79048375,0
-0.79028375,-0.0639975
-0.79008375,0.0319988
-0.78988375,0
-0.78968375,0
-0.78948375,0.0319988
-0.78928375,-0.0319988
-0.78908375,0
-0.78888375,0.0319988
-0.78868375,0
-0.78848375,0
-0.78828375,0
-0.78808375,-0.0319988
-0.78788375,0
-0.78768375,0
-0.78748375,-0.0319988
-0.78728375,0
-0.78708375,0.0319988
-0.78688375,0
-0.78668375,0
-0.78648375,0
-0.78628375,0
-0.78608375,0.0319988
-0.78588375,0.0319988
-0.78568375,0
-0.78548375,-0.0319988
-0.78528375,0.0319988
-0.78508375,0
-0.78488375,0
-0.78468375,0
-0.78448375,-0.0319988
-0.78428375,0
-0.78408375,0
-0.78388375,-0.0319988
-0.78368375,-0.0319988
-0.78348375,-0.0319988
-0.78328375,-0.0639975
-0.78308375,0.0319988
-0.78288375,-0.0319988
-0.78268375,-0.0639975
-0.78248375,-0.0319988
-0.78228375,-0.0319988
-0.78208375,-0.0639975
-0.78188375,-0.0319988
-0.78168375,0
-0.78148375,-0.0319988
-0.78128375,-0.0319988
-0.78108375,-0.0319988
-0.78088375,-0.0639975
-0.78068375,-0.0319988
-0.78048375,-0.0319988
-0.78028375,-0.0639975
-0.78008375,-0.0959963
-0.77988375,-0.0319988
-0.77968375,-0.0639975
-0.77948375,-0.0639975
-0.77928375,-0.0639975
-0.77908375,-0.0639975
-0.77888375,-0.0639975
-0.77868375,0
-0.77848375,-0.0959963
-0.77828375,-0.0319988
-0.77808375,-0.0639975
-0.77788375,-0.0639975
-0.77768375,-0.0639975
-0.77748375,-0.0319988
-0.77728375,-0.0639975
-0.77708375,-0.0319988
-0.77688375,-0.0319988
-0.77668375,-0.0639975
-0.77648375,-0.0639975
-0.77628375,-0.0639975
-0.77608375,-0.0639975
-0.77588375,-0.0639975
-0.77568375,-0.0639975
-0.77548375,-0.0959963
-0.77528375,-0.0639975
-0.77508375,-0.0319988
-0.77488375,-0.0639975
-0.77468375,-0.0639975
-0.77448375,-0.0319988
-0.77428375,-0.0959963
-0.77408375,-0.0639975
-0.77388375,-0.0319988
-0.77368375,-0.0959963
-0.77348375,-0.0959963
-0.77328375,-0.0959963
-0.77308375,-0.0639975
-0.77288375,-0.0639975
-0.77268375,-0.0639975
-0.77248375,-0.127995
-0.77228375,-0.0959963
-0.77208375,-0.0639975
-0.77188375,-0.0639975
-0.77168375,-0.0319988
-0.77148375,-0.0319988
-0.77128375,-0.0639975
-0.77108375,-0.0959963
-0.77088375,-0.0959963
-0.77068375,-0.127995
-0.77048375,-0.0959963
-0.77028375,-0.0639975
-0.77008375,-0.0959963
-0.76988375,-0.0639975
-0.76968375,-0.0959963
-0.76948375,-0.0959963
-0.76928375,-0.0959963
-0.76908375,-0.0639975
-0.76888375,-0.0639975
-0.76868375,-0.0959963
-0.76848375,-0.0959963
-0.76828375,-0.0959963
-0.76808375,-0.127995
-0.76788375,-0.127995
-0.76768375,-0.127995
-0.76748375,-0.0959963
-0.76728375,-0.127995
-0.76708375,-0.0959963
-0.76688375,-0.0959963
-0.76668375,-0.0639975
-0.76648375,-0.127995
-0.76628375,-0.0959963
-0.76608375,-0.127995
-0.76588375,-0.159994
-0.76568375,-0.127995
-0.76548375,-0.0639975
-0.76528375,-0.127995
-0.76508375,-0.0959963
-0.76488375,-0.0959963
-0.76468375,-0.127995
-0.76448375,-0.0959963
-0.76428375,-0.127995
-0.76408375,-0.127995
-0.76388375,-0.127995
-0.76368375,-0.127995
-0.76348375,-0.127995
-0.76328375,-0.127995
-0.76308375,-0.0959963
-0.76288375,-0.0959963
-0.76268375,-0.127995
-0.76248375,-0.0959963
-0.76228375,-0.127995
-0.76208375,-0.127995
-0.76188375,-0.127995
-0.76168375,-0.127995
-0.76148375,-0.159994
-0.76128375,-0.127995
-0.76108375,-0.191993
-0.76088375,-0.127995
-0.76068375,-0.127995
-0.76048375,-0.127995
-0.76028375,-0.127995
-0.76008375,-0.0959963
-0.75988375,-0.159994
-0.75968375,-0.0959963
-0.75948375,-0.0959963
-0.75928375,-0.127995
-0.75908375,-0.127995
-0.75888375,-0.127995
-0.75868375,-0.159994
-0.75848375,-0.159994
-0.75828375,-0.0959963
-0.75808375,-0.159994
-0.75788375,-0.127995
-0.75768375,-0.0959963
-0.75748375,-0.159994
-0.75728375,-0.127995
-0.75708375,-0.159994
-0.75688375,-0.127995
-0.75668375,-0.159994
-0.75648375,-0.191993
-0.75628375,-0.191993
-0.75608375,-0.0959963
-0.75588375,-0.159994
-0.75568375,-0.191993
-0.75548375,-0.127995
-0.75528375,-0.0959963
-0.75508375,-0.191993
-0.75488375,-0.159994
-0.75468375,-0.159994
-0.75448375,-0.159994
-0.75428375,-0.223991
-0.75408375,-0.159994
-0.75388375,-0.159994
-0.75368375,-0.159994
-0.75348375,-0.159994
-0.75328375,-0.159994
-0.75308375,-0.159994
-0.75288375,-0.159994
-0.75268375,-0.191993
-0.75248375,-0.159994
-0.75228375,-0.127995
-0.75208375,-0.191993
-0.75188375,-0.191993
-0.75168375,-0.127995
-0.75148375,-0.159994
-0.75128375,-0.191993
-0.75108375,-0.127995
-0.75088375,-0.191993
-0.75068375,-0.159994
-0.75048375,-0.159994
-0.75028375,-0.159994
-0.75008375,-0.159994
-0.74988375,-0.127995
-0.74968375,-0.159994
-0.74948375,-0.159994
-0.74928375,-0.159994
-0.74908375,-0.191993
-0.74888375,-0.159994
-0.74868375,-0.127995
-0.74848375,-0.159994
-0.74828375,-0.127995
-0.74808375,-0.159994
-0.74788375,-0.191993
-0.74768375,-0.159994
-0.74748375,-0.159994
-0.74728375,-0.191993
-0.74708375,-0.191993
-0.74688375,-0.127995
-0.74668375,-0.191993
-0.74648375,-0.159994
-0.74628375,-0.127995
-0.74608375,-0.191993
-0.74588375,-0.127995
-0.74568375,-0.127995
-0.74548375,-0.191993
-0.74528375,-0.127995
-0.74508375,-0.127995
-0.74488375,-0.223991
-0.74468375,-0.159994
-0.74448375,-0.159994
-0.74428375,-0.191993
-0.74408375,-0.191993
-0.74388375,-0.159994
-0.74368375,-0.191993
-0.74348375,-0.191993
-0.74328375,-0.191993
-0.74308375,-0.159994
-0.74288375,-0.191993
-0.74268375,-0.159994
-0.74248375,-0.223991
-0.74228375,-0.191993
-0.74208375,-0.159994
-0.74188375,-0.191993
-0.74168375,-0.223991
-0.74148375,-0.191993
-0.74128375,-0.159994
-0.74108375,-0.159994
-0.74088375,-0.159994
-0.74068375,-0.159994
-0.74048375,-0.191993
-0.74028375,-0.159994
-0.74008375,-0.191993
-0.73988375,-0.191993
-0.73968375,-0.159994
-0.73948375,-0.127995
-0.73928375,-0.159994
-0.73908375,-0.159994
-0.73888375,-0.127995
-0.73868375,-0.127995
-0.73848375,-0.159994
-0.73828375,-0.223991
-0.73808375,-0.159994
-0.73788375,-0.159994
-0.73768375,-0.191993
-0.73748375,-0.159994
-0.73728375,-0.159994
-0.73708375,-0.159994
-0.73688375,-0.159994
-0.73668375,-0.159994
-0.73648375,-0.159994
-0.73628375,-0.159994
-0.73608375,-0.127995
-0.73588375,-0.159994
-0.73568375,-0.159994
-0.73548375,-0.127995
-0.73528375,-0.127995
-0.73508375,-0.0959963
-0.73488375,-0.0959963
-0.73468375,-0.159994
-0.73448375,-0.127995
-0.73428375,-0.127995
-0.73408375,-0.127995
-0.73388375,-0.0959963
-0.73368375,-0.127995
-0.73348375,-0.127995
-0.73328375,-0.159994
-0.73308375,-0.127995
-0.73288375,-0.127995
-0.73268375,-0.0959963
-0.73248375,-0.159994
-0.73228375,-0.127995
-0.73208375,-0.159994
-0.73188375,-0.127995
-0.73168375,-0.127995
-0.73148375,-0.127995
-0.73128375,-0.127995
-0.73108375,-0.159994
-0.73088375,-0.0959963
-0.73068375,-0.127995
-0.73048375,-0.159994
-0.73028375,-0.0959963
-0.73008375,-0.0959963
-0.72988375,-0.127995
-0.72968375,-0.127995
-0.72948375,-0.127995
-0.72928375,-0.127995
-0.72908375,-0.159994
-0.72888375,-0.0959963
-0.72868375,-0.127995
-0.72848375,-0.127995
-0.72828375,-0.0959963
-0.72808375,-0.127995
-0.72788375,-0.0959963
-0.72768375,-0.127995
-0.72748375,-0.127995
-0.72728375,-0.0639975
-0.72708375,-0.0639975
-0.72688375,-0.0959963
-0.72668375,-0.0959963
-0.72648375,-0.0959963
-0.72628375,-0.127995
-0.72608375,-0.127995
-0.72588375,-0.127995
-0.72568375,-0.0959963
-0.72548375,-0.0639975
-0.72528375,-0.0639975
-0.72508375,-0.127995
-0.72488375,-0.127995
-0.72468375,-0.0959963
-0.72448375,-0.0959963
-0.72428375,-0.0639975
-0.72408375,-0.0639975
-0.72388375,-0.0959963
-0.72368375,-0.0639975
-0.72348375,-0.0639975
-0.72328375,-0.0959963
-0.72308375,-0.0959963
-0.72288375,-0.0639975
-0.72268375,-0.0639975
-0.72248375,-0.0639975
-0.72228375,-0.0959963
-0.72208375,-0.127995
-0.72188375,-0.0639975
-0.72168375,-0.0639975
-0.72148375,-0.0959963
-0.72128375,-0.0639975
-0.72108375,-0.0959963
-0.72088375,-0.127995
-0.72068375,-0.0959963
-0.72048375,-0.0639975
-0.72028375,-0.127995
-0.72008375,-0.127995
-0.71988375,-0.0639975
-0.71968375,-0.0959963
-0.71948375,-0.0639975
-0.71928375,-0.0319988
-0.71908375,-0.0319988
-0.71888375,-0.0959963
-0.71868375,-0.0639975
-0.71848375,-0.159994
-0.71828375,-0.0959963
-0.71808375,-0.0959963
-0.71788375,-0.0959963
-0.71768375,-0.127995
-0.71748375,-0.0959963
-0.71728375,-0.0959963
-0.71708375,-0.0959963
-0.71688375,-0.0959963
-0.71668375,-0.0959963
-0.71648375,-0.0639975
-0.71628375,-0.0639975
-0.71608375,-0.0959963
-0.71588375,-0.0639975
-0.71568375,-0.127995
-0.71548375,-0.0959963
-0.71528375,-0.0959963
-0.71508375,-0.0959963
-0.71488375,-0.0959963
-0.71468375,-0.0959963
-0.71448375,-0.0959963
-0.71428375,-0.0959963
-0.71408375,-0.0319988
-0.71388375,-0.0959963
-0.71368375,-0.0959963
-0.71348375,-0.0639975
-0.71328375,-0.0319988
-0.71308375,-0.0959963
-0.71288375,-0.0959963
-0.71268375,-0.0639975
-0.71248375,-0.0639975
-0.71228375,-0.0639975
-0.71208375,-0.0959963
-0.71188375,-0.0639975
-0.71168375,-0.0319988
-0.71148375,-0.0639975
-0.71128375,-0.0959963
-0.71108375,-0.0959963
-0.71088375,-0.0319988
-0.71068375,-0.0639975
-0.71048375,-0.0319988
-0.71028375,-0.0319988
-0.71008375,-0.0959963
-0.70988375,-0.0639975
-0.70968375,-0.0639975
-0.70948375,-0.0639975
-0.70928375,-0.0319988
-0.70908375,-0.0319988
-0.70888375,-0.0959963
-0.70868375,-0.0639975
-0.70848375,-0.0319988
-0.70828375,-0.127995
-0.70808375,-0.0639975
-0.70788375,-0.0319988
-0.70768375,-0.0959963
-0.70748375,-0.0959963
-0.70728375,-0.0319988
-0.70708375,-0.0959963
-0.70688375,-0.0639975
-0.70668375,-0.0319988
-0.70648375,-0.0959963
-0.70628375,-0.0959963
-0.70608375,-0.0639975
-0.70588375,-0.0639975
-0.70568375,-0.0639975
-0.70548375,-0.0639975
-0.70528375,-0.0959963
-0.70508375,-0.0639975
-0.70488375,-0.0639975
-0.70468375,-0.0959963
-0.70448375,-0.0639975
-0.70428375,-0.0639975
-0.70408375,-0.0959963
-0.70388375,-0.0639975
-0.70368375,-0.0959963
-0.70348375,-0.0959963
-0.70328375,-0.0319988
-0.70308375,-0.0959963
-0.70288375,-0.127995
-0.70268375,-0.0639975
-0.70248375,-0.0319988
-0.70228375,-0.0959963
-0.70208375,-0.0319988
-0.70188375,-0.0639975
-0.70168375,-0.0959963
-0.70148375,-0.0639975
-0.70128375,-0.0639975
-0.70108375,-0.0959963
-0.70088375,-0.0639975
-0.70068375,-0.0639975
-0.70048375,-0.0959963
-0.70028375,-0.0639975
-0.70008375,-0.0639975
-0.69988375,-0.0639975
-0.69968375,-0.0319988
-0.69948375,-0.0319988
-0.69928375,-0.0639975
-0.69908375,-0.0319988
-0.69888375,-0.0319988
-0.69868375,-0.0639975
-0.69848375,-0.0319988
-0.69828375,-0.0959963
-0.69808375,-0.0319988
-0.69788375,-0.0319988
-0.69768375,-0.0639975
-0.69748375,-0.0639975
-0.69728375,-0.0319988
-0.69708375,-0.0639975
-0.69688375,-0.0319988
-0.69668375,-0.0639975
-0.69648375,-0.0319988
-0.69628375,-0.0319988
-0.69608375,-0.0319988
-0.69588375,-0.0319988
-0.69568375,-0.0639975
-0.69548375,-0.0319988
-0.69528375,-0.0639975
-0.69508375,-0.0639975
-0.69488375,-0.0639975
-0.69468375,-0.0319988
-0.69448375,-0.0639975
-0.69428375,-0.0639975
-0.69408375,-0.0319988
-0.69388375,-0.0639975
-0.69368375,-0.0319988
-0.69348375,-0.0319988
-0.69328375,-0.0639975
-0.69308375,-0.0639975
-0.69288375,-0.0319988
-0.69268375,-0.0959963
-0.69248375,-0.0639975
-0.69228375,-0.0319988
-0.69208375,-0.0639975
-0.69188375,-0.0319988
-0.69168375,-0.0319988
-0.69148375,-0.0959963
-0.69128375,-0.0319988
-0.69108375,-0.0319988
-0.69088375,-0.0639975
-0.69068375,-0.0639975
-0.69048375,-0.0319988
-0.69028375,-0.0319988
-0.69008375,-0.0319988
-0.68988375,0
-0.68968375,-0.0639975
-0.68948375,-0.0319988
-0.68928375,-0.0319988
-0.68908375,-0.0639975
-0.68888375,-0.0319988
-0.68868375,-0.0319988
-0.68848375,-0.0319988
-0.68828375,-0.0319988
-0.68808375,-0.0319988
-0.68788375,-0.0639975
-0.68768375,-0.0319988
-0.68748375,-0.0319988
-0.68728375,-0.0639975
-0.68708375,-0.0319988
-0.68688375,-0.0319988
-0.68668375,-0.0319988
-0.68648375,-0.0319988
-0.68628375,0
-0.68608375,-0.0959963
-0.68588375,-0.0319988
-0.68568375,-0.0319988
-0.68548375,-0.0639975
-0.68528375,0
-0.68508375,-0.0319988
-0.68488375,-0.0639975
-0.68468375,-0.0319988
-0.68448375,0
-0.68428375,-0.0639975
-0.68408375,-0.0319988
-0.68388375,-0.0639975
-0.68368375,-0.0639975
-0.68348375,-0.0319988
-0.68328375,-0.0639975
-0.68308375,-0.0639975
-0.68288375,-0.0639975
-0.68268375,-0.0639975
-0.68248375,-0.0639975
-0.68228375,-0.0639975
-0.68208375,-0.0639975
-0.68188375,-0.0639975
-0.68168375,-0.0639975
-0.68148375,-0.0639975
-0.68128375,-0.0959963
-0.68108375,-0.0639975
-0.68088375,-0.0959963
-0.68068375,-0.0639975
-0.68048375,-0.0319988
-0.68028375,-0.0639975
-0.68008375,-0.0959963
-0.67988375,-0.0639975
-0.67968375,-0.0639975
-0.67948375,-0.0959963
-0.67928375,-0.0959963
-0.67908375,-0.0639975
-0.67888375,-0.0959963
-0.67868375,-0.0639975
-0.67848375,-0.0639975
-0.67828375,-0.0959963
-0.67808375,-0.0639975
-0.67788375,-0.0959963
-0.67768375,-0.0639975
-0.67748375,-0.0639975
-0.67728375,-0.0639975
-0.67708375,-0.127995
-0.67688375,-0.127995
-0.67668375,-0.0319988
-0.67648375,-0.0959963
-0.67628375,-0.0959963
-0.67608375,-0.0639975
-0.67588375,-0.127995
-0.67568375,-0.0639975
-0.67548375,-0.0639975
-0.67528375,-0.0959963
-0.67508375,-0.0959963
-0.67488375,-0.0959963
-0.67468375,-0.0959963
-0.67448375,-0.0639975
-0.67428375,-0.0639975
-0.67408375,-0.0959963
-0.67388375,-0.0639975
-0.67368375,-0.0959963
-0.67348375,-0.0959963
-0.67328375,-0.0959963
-0.67308375,-0.0319988
-0.67288375,-0.0959963
-0.67268375,-0.0639975
-0.67248375,-0.0959963
-0.67228375,-0.0639975
-0.67208375,-0.0319988
-0.67188375,-0.0959963
-0.67168375,-0.0959963
-0.67148375,-0.0639975
-0.67128375,-0.0639975
-0.67108375,-0.0959963
-0.67088375,-0.0639975
-0.67068375,-0.0959963
-0.67048375,-0.127995
-0.67028375,-0.0959963
-0.67008375,-0.0959963
-0.66988375,-0.0959963
-0.66968375,-0.0639975
-0.66948375,-0.0959963
-0.66928375,-0.127995
-0.66908375,-0.0959963
-0.66888375,-0.0639975
-0.66868375,-0.127995
-0.66848375,-0.0959963
-0.66828375,-0.0639975
-0.66808375,-0.127995
-0.66788375,-0.0959963
-0.66768375,-0.127995
-0.66748375,-0.0959963
-0.66728375,-0.0959963
-0.66708375,-0.0959963
-0.66688375,-0.0959963
-0.66668375,-0.127995
-0.66648375,-0.0639975
-0.66628375,-0.127995
-0.66608375,-0.127995
-0.66588375,-0.0959963
-0.66568375,-0.0959963
-0.66548375,-0.0959963
-0.66528375,-0.0959963
-0.66508375,-0.0959963
-0.66488375,-0.127995
-0.66468375,-0.0959963
-0.66448375,-0.127995
-0.66428375,-0.0639975
-0.66408375,-0.0959963
-0.66388375,-0.127995
-0.66368375,-0.127995
-0.66348375,-0.0959963
-0.66328375,-0.127995
-0.66308375,-0.127995
-0.66288375,-0.127995
-0.66268375,-0.0959963
-0.66248375,-0.127995
-0.66228375,-0.0639975
-0.66208375,-0.127995
-0.66188375,-0.0639975
-0.66168375,-0.0959963
-0.66148375,-0.127995
-0.66128375,-0.127995
-0.66108375,-0.127995
-0.66088375,-0.127995
-0.66068375,-0.127995
-0.66048375,-0.0959963
-0.66028375,-0.127995
-0.66008375,-0.0959963
-0.65988375,-0.127995
-0.65968375,-0.127995
-0.65948375,-0.127995
-0.65928375,-0.0959963
-0.65908375,-0.127995
-0.65888375,-0.127995
-0.65868375,-0.0959963
-0.65848375,-0.127995
-0.65828375,-0.159994
-0.65808375,-0.159994
-0.65788375,-0.127995
-0.65768375,-0.127995
-0.65748375,-0.127995
-0.65728375,-0.127995
-0.65708375,-0.127995
-0.65688375,-0.127995
-0.65668375,-0.127995
-0.65648375,-0.127995
-0.65628375,-0.127995
-0.65608375,-0.159994
-0.65588375,-0.159994
-0.65568375,-0.0959963
-0.65548375,-0.159994
-0.65528375,-0.159994
-0.65508375,-0.0959963
-0.65488375,-0.127995
-0.65468375,-0.159994
-0.65448375,-0.127995
-0.65428375,-0.159994
-0.65408375,-0.159994
-0.65388375,-0.159994
-0.65368375,-0.127995
-0.65348375,-0.159994
-0.65328375,-0.159994
-0.65308375,-0.191993
-0.65288375,-0.159994
-0.65268375,-0.159994
-0.65248375,-0.159994
-0.65228375,-0.159994
-0.65208375,-0.159994
-0.65188375,-0.159994
-0.65168375,-0.159994
-0.65148375,-0.127995
-0.65128375,-0.127995
-0.65108375,-0.159994
-0.65088375,-0.127995
-0.65068375,-0.191993
-0.65048375,-0.159994
-0.65028375,-0.159994
-0.65008375,-0.159994
-0.64988375,-0.0959963
-0.64968375,-0.127995
-0.64948375,-0.223991
-0.64928375,-0.159994
-0.64908375,-0.159994
-0.64888375,-0.223991
-0.64868375,-0.159994
-0.64848375,-0.127995
-0.64828375,-0.159994
-0.64808375,-0.159994
-0.64788375,-0.159994
-0.64768375,-0.159994
-0.64748375,-0.127995
-0.64728375,-0.191993
-0.64708375,-0.223991
-0.64688375,-0.159994
-0.64668375,-0.159994
-0.64648375,-0.191993
-0.64628375,-0.127995
-0.64608375,-0.0959963
-0.64588375,-0.159994
-0.64568375,-0.159994
-0.64548375,-0.191993
-0.64528375,-0.191993
-0.64508375,-0.191993
-0.64488375,-0.159994
-0.64468375,-0.191993
-0.64448375,-0.159994
-0.64428375,-0.191993
-0.64408375,-0.159994
-0.64388375,-0.159994
-0.64368375,-0.159994
-0.64348375,-0.223991
-0.64328375,-0.191993
-0.64308375,-0.127995
-0.64288375,-0.191993
-0.64268375,-0.191993
-0.64248375,-0.159994
-0.64228375,-0.159994
-0.64208375,-0.159994
-0.64188375,-0.159994
-0.64168375,-0.191993
-0.64148375,-0.191993
-0.64128375,-0.159994
-0.64108375,-0.191993
-0.64088375,-0.223991
-0.64068375,-0.159994
-0.64048375,-0.223991
-0.64028375,-0.223991
-0.64008375,-0.191993
-0.63988375,-0.191993
-0.63968375,-0.191993
-0.63948375,-0.223991
-0.63928375,-0.191993
-0.63908375,-0.223991
-0.63888375,-0.191993
-0.63868375,-0.191993
-0.63848375,-0.191993
-0.63828375,-0.191993
-0.63808375,-0.191993
-0.63788375,-0.25599
-0.63768375,-0.159994
-0.63748375,-0.191993
-0.63728375,-0.191993
-0.63708375,-0.159994
-0.63688375,-0.191993
-0.63668375,-0.159994
-0.63648375,-0.223991
-0.63628375,-0.191993
-0.63608375,-0.191993
-0.63588375,-0.159994
-0.63568375,-0.191993
-0.63548375,-0.223991
-0.63528375,-0.159994
-0.63508375,-0.223991
-0.63488375,-0.159994
-0.63468375,-0.159994
-0.63448375,-0.159994
-0.63428375,-0.127995
-0.63408375,-0.159994
-0.63388375,-0.191993
-0.63368375,-0.191993
-0.63348375,-0.159994
-0.63328375,-0.191993
-0.63308375,-0.191993
-0.63288375,-0.159994
-0.63268375,-0.191993
-0.63248375,-0.191993
-0.63228375,-0.191993
-0.63208375,-0.159994
-0.63188375,-0.159994
-0.63168375,-0.191993
-0.63148375,-0.223991
-0.63128375,-0.159994
-0.63108375,-0.191993
-0.63088375,-0.191993
-0.63068375,-0.159994
-0.63048375,-0.127995
-0.63028375,-0.191993
-0.63008375,-0.191993
-0.62988375,-0.127995
-0.62968375,-0.159994
-0.62948375,-0.159994
-0.62928375,-0.127995
-0.62908375,-0.191993
-0.62888375,-0.191993
-0.62868375,-0.159994
-0.62848375,-0.159994
-0.62828375,-0.191993
-0.62808375,-0.159994
-0.62788375,-0.159994
-0.62768375,-0.127995
-0.62748375,-0.191993
-0.62728375,-0.223991
-0.62708375,-0.191993
-0.62688375,-0.159994
-0.62668375,-0.191993
-0.62648375,-0.159994
-0.62628375,-0.191993
-0.62608375,-0.191993
-0.62588375,-0.191993
-0.62568375,-0.191993
-0.62548375,-0.191993
-0.62528375,-0.159994
-0.62508375,-0.191993
-0.62488375,-0.223991
-0.62468375,-0.191993
-0.62448375,-0.159994
-0.62428375,-0.191993
-0.62408375,-0.127995
-0.62388375,-0.159994
-0.62368375,-0.159994
-0.62348375,-0.159994
-0.62328375,-0.127995
-0.62308375,-0.191993
-0.62288375,-0.159994
-0.62268375,-0.159994
-0.62248375,-0.159994
-0.62228375,-0.191993
-0.62208375,-0.127995
-0.62188375,-0.159994
-0.62168375,-0.159994
-0.62148375,-0.127995
-0.62128375,-0.159994
-0.62108375,-0.127995
-0.62088375,-0.159994
-0.62068375,-0.159994
-0.62048375,-0.127995
-0.62028375,-0.127995
-0.62008375,-0.191993
-0.61988375,-0.159994
-0.61968375,-0.127995
-0.61948375,-0.159994
-0.61928375,-0.159994
-0.61908375,-0.159994
-0.61888375,-0.191993
-0.61868375,-0.191993
-0.61848375,-0.127995
-0.61828375,-0.191993
-0.61808375,-0.159994
-0.61788375,-0.159994
-0.61768375,-0.159994
-0.61748375,-0.159994
-0.61728375,-0.159994
-0.61708375,-0.191993
-0.61688375,-0.159994
-0.61668375,-0.0959963
-0.61648375,-0.159994
-0.61628375,-0.127995
-0.61608375,-0.127995
-0.61588375,-0.191993
-0.61568375,-0.159994
-0.61548375,-0.127995
-0.61528375,-0.159994
-0.61508375,-0.159994
-0.61488375,-0.159994
-0.61468375,-0.159994
-0.61448375,-0.127995
-0.61428375,-0.127995
-0.61408375,-0.191993
-0.61388375,-0.159994
-0.61368375,-0.127995
-0.61348375,-0.159994
-0.61328375,-0.127995
-0.61308375,-0.159994
-0.61288375,-0.191993
-0.61268375,-0.159994
-0.61248375,-0.159994
-0.61228375,-0.191993
-0.61208375,-0.159994
-0.61188375,-0.127995
-0.61168375,-0.223991
-0.61148375,-0.159994
-0.61128375,-0.127995
-0.61108375,-0.191993
-0.61088375,-0.127995
-0.61068375,-0.159994
-0.61048375,-0.159994
-0.61028375,-0.191993
-0.61008375,-0.159994
-0.60988375,-0.159994
-0.60968375,-0.159994
-0.60948375,-0.127995
-0.60928375,-0.191993
-0.60908375,-0.191993
-0.60888375,-0.127995
-0.60868375,-0.191993
-0.60848375,-0.159994
-0.60828375,-0.159994
-0.60808375,-0.159994
-0.60788375,-0.127995
-0.60768375,-0.127995
-0.60748375,-0.127995
-0.60728375,-0.159994
-0.60708375,-0.127995
-0.60688375,-0.127995
-0.60668375,-0.127995
-0.60648375,-0.127995
-0.60628375,-0.191993
-0.60608375,-0.127995
-0.60588375,-0.159994
-0.60568375,-0.159994
-0.60548375,-0.0959963
-0.60528375,-0.0959963
-0.60508375,-0.159994
-0.60488375,-0.127995
-0.60468375,-0.0959963
-0.60448375,-0.191993
-0.60428375,-0.127995
-0.60408375,-0.127995
-0.60388375,-0.127995
-0.60368375,-0.127995
-0.60348375,-0.159994
-0.60328375,-0.127995
-0.60308375,-0.127995
-0.60288375,-0.0959963
-0.60268375,-0.127995
-0.60248375,-0.159994
-0.60228375,-0.0639975
-0.60208375,-0.127995
-0.60188375,-0.0959963
-0.60168375,-0.127995
-0.60148375,-0.159994
-0.60128375,-0.0959963
-0.60108375,-0.0639975
-0.60088375,-0.0959963
-0.60068375,-0.127995
-0.60048375,-0.0959963
-0.60028375,-0.127995
-0.60008375,-0.0959963
-0.59988375,-0.0959963
-0.59968375,-0.127995
-0.59948375,-0.0959963
-0.59928375,-0.0639975
-0.59908375,-0.159994
-0.59888375,-0.0639975
-0.59868375,-0.0639975
-0.59848375,-0.0959963
-0.59828375,-0.127995
-0.59808375,-0.127995
-0.59788375,-0.127995
-0.59768375,-0.0639975
-0.59748375,-0.127995
-0.59728375,-0.0959963
-0.59708375,-0.0959963
-0.59688375,-0.0639975
-0.59668375,-0.0959963
-0.59648375,-0.0959963
-0.59628375,-0.127995
-0.59608375,-0.0959963
-0.59588375,-0.0639975
-0.59568375,-0.0639975
-0.59548375,-0.127995
-0.59528375,-0.0959963
-0.59508375,-0.0639975
-0.59488375,-0.0639975
-0.59468375,-0.0639975
-0.59448375,-0.0639975
-0.59428375,-0.0639975
-0.59408375,-0.0639975
-0.59388375,-0.127995
-0.59368375,-0.0959963
-0.59348375,-0.0959963
-0.59328375,-0.0639975
-0.59308375,-0.0639975
-0.59288375,-0.0959963
-0.59268375,-0.0639975
-0.59248375,-0.127995
-0.59228375,-0.0959963
-0.59208375,-0.0639975
-0.59188375,-0.0959963
-0.59168375,-0.0639975
-0.59148375,-0.0639975
-0.59128375,-0.0959963
-0.59108375,-0.0959963
-0.59088375,-0.0319988
-0.59068375,-0.127995
-0.59048375,-0.0639975
-0.59028375,-0.0959963
-0.59008375,-0.0639975
-0.58988375,-0.0959963
-0.58968375,-0.0959963
-0.58948375,-0.0959963
-0.58928375,-0.0959963
-0.58908375,-0.0959963
-0.58888375,-0.0959963
-0.58868375,-0.0959963
-0.58848375,-0.0639975
-0.58828375,-0.0959963
-0.58808375,-0.0639975
-0.58788375,-0.0959963
-0.58768375,-0.0639975
-0.58748375,-0.0959963
-0.58728375,-0.0639975
-0.58708375,-0.0959963
-0.58688375,-0.0639975
-0.58668375,-0.0319988
-0.58648375,-0.0639975
-0.58628375,-0.0639975
-0.58608375,-0.0639975
-0.58588375,-0.127995
-0.58568375,-0.0639975
-0.58548375,-0.0639975
-0.58528375,-0.0639975
-0.58508375,-0.127995
-0.58488375,-0.0639975
-0.58468375,-0.0639975
-0.58448375,-0.0639975
-0.58428375,-0.0639975
-0.58408375,-0.0639975
-0.58388375,-0.0639975
-0.58368375,-0.0319988
-0.58348375,-0.0319988
-0.58328375,-0.0319988
-0.58308375,-0.0639975
-0.58288375,-0.0959963
-0.58268375,-0.0639975
-0.58248375,-0.0639975
-0.58228375,-0.0639975
-0.58208375,-0.0639975
-0.58188375,-0.0639975
-0.58168375,-0.0639975
-0.58148375,-0.0319988
-0.58128375,-0.0639975
-0.58108375,-0.0959963
-0.58088375,-0.0639975
-0.58068375,-0.0639975
-0.58048375,-0.0959963
-0.58028375,-0.0639975
-0.58008375,-0.0639975
-0.57988375,-0.0319988
-0.57968375,-0.0319988
-0.57948375,-0.0319988
-0.57928375,-0.0959963
-0.57908375,-0.0639975
-0.57888375,-0.0319988
-0.57868375,-0.0639975
-0.57848375,-0.0639975
-0.57828375,-0.0639975
-0.57808375,0
-0.57788375,-0.0639975
-0.57768375,-0.0319988
-0.57748375,-0.0319988
-0.57728375,-0.0639975
-0.57708375,-0.0319988
-0.57688375,-0.0319988
-0.57668375,-0.0959963
-0.57648375,-0.0639975
-0.57628375,-0.0639975
-0.57608375,0
-0.57588375,-0.0319988
-0.57568375,-0.0639975
-0.57548375,0
-0.57528375,-0.0639975
-0.57508375,-0.0639975
-0.57488375,-0.0319988
-0.57468375,-0.0319988
-0.57448375,-0.0639975
-0.57428375,-0.0319988
-0.57408375,-0.0639975
-0.57388375,-0.0959963
-0.57368375,0
-0.57348375,-0.0319988
-0.57328375,-0.0319988
-0.57308375,0
-0.57288375,-0.0319988
-0.57268375,-0.0639975
-0.57248375,0
-0.57228375,0
-0.57208375,-0.0639975
-0.57188375,-0.0639975
-0.57168375,-0.0319988
-0.57148375,-0.0639975
-0.57128375,0
-0.57108375,-0.0319988
-0.57088375,-0.0319988
-0.57068375,-0.0639975
-0.57048375,0
-0.57028375,-0.0319988
-0.57008375,-0.0319988
-0.56988375,0
-0.56968375,-0.0639975
-0.56948375,-0.0639975
-0.56928375,0
-0.56908375,-0.0639975
-0.56888375,0
-0.56868375,-0.0319988
-0.56848375,-0.0319988
-0.56828375,0
-0.56808375,0
-0.56788375,-0.0639975
-0.56768375,-0.0319988
-0.56748375,0.0319988
-0.56728375,-0.0319988
-0.56708375,0
-0.56688375,0
-0.56668375,0
-0.56648375,0.0319988
-0.56628375,0
-0.56608375,0.0319988
-0.56588375,0
-0.56568375,0
-0.56548375,-0.0319988
-0.56528375,0.0319988
-0.56508375,0
-0.56488375,0
-0.56468375,0.0319988
-0.56448375,0.0319988
-0.56428375,0
-0.56408375,0.0639975
-0.56388375,0
-0.56368375,-0.0319988
-0.56348375,0.0639975
-0.56328375,0
-0.56308375,0
-0.56288375,0.0639975
-0.56268375,0.0319988
-0.56248375,0.0319988
-0.56228375,0.0319988
-0.56208375,0.0319988
-0.56188375,0.0319988
-0.56168375,0
-0.56148375,0.0319988
-0.56128375,-0.0319988
-0.56108375,0.0319988
-0.56088375,0
-0.56068375,0
-0.56048375,0.0319988
-0.56028375,0.0319988
-0.56008375,0.0319988
-0.55988375,0.0639975
-0.55968375,0.0319988
-0.55948375,0.0959963
-0.55928375,0.0639975
-0.55908375,0.0639975
-0.55888375,0.0319988
-0.55868375,0.0319988
-0.55848375,0.0639975
-0.55828375,0.0639975
-0.55808375,0.0959963
-0.55788375,0.0639975
-0.55768375,0.0319988
-0.55748375,0.0959963
-0.55728375,0.0639975
-0.55708375,0.0639975
-0.55688375,0.0639975
-0.55668375,0.0959963
-0.55648375,0
-0.55628375,0.0639975
-0.55608375,0.0639975
-0.55588375,0.0959963
-0.55568375,0.127995
-0.55548375,0.0959963
-0.55528375,0.0959963
-0.55508375,0.0959963
-0.55488375,0.0639975
-0.55468375,0.0639975
-0.55448375,0.0959963
-0.55428375,0.0959963
-0.55408375,0.0959963
-0.55388375,0.127995
-0.55368375,0.0959963
-0.55348375,0.127995
-0.55328375,0.159994
-0.55308375,0.127995
-0.55288375,0.127995
-0.55268375,0.159994
-0.55248375,0.127995
-0.55228375,0.127995
-0.55208375,0.127995
-0.55188375,0.127995
-0.55168375,0.159994
-0.55148375,0.127995
-0.55128375,0.191993
-0.55108375,0.127995
-0.55088375,0.127995
-0.55068375,0.159994
-0.55048375,0.159994
-0.55028375,0.159994
-0.55008375,0.127995
-0.54988375,0.191993
-0.54968375,0.159994
-0.54948375,0.223991
-0.54928375,0.223991
-0.54908375,0.191993
-0.54888375,0.191993
-0.54868375,0.191993
-0.54848375,0.223991
-0.54828375,0.223991
-0.54808375,0.191993
-0.54788375,0.191993
-0.54768375,0.223991
-0.54748375,0.223991
-0.54728375,0.25599
-0.54708375,0.191993
-0.54688375,0.223991
-0.54668375,0.25599
-0.54648375,0.191993
-0.54628375,0.223991
-0.54608375,0.25599
-0.54588375,0.191993
-0.54568375,0.223991
-0.54548375,0.223991
-0.54528375,0.223991
-0.54508375,0.191993
-0.54488375,0.25599
-0.54468375,0.223991
-0.54448375,0.287989
-0.54428375,0.223991
-0.54408375,0.223991
-0.54388375,0.25599
-0.54368375,0.287989
-0.54348375,0.223991
-0.54328375,0.223991
-0.54308375,0.25599
-0.54288375,0.287989
-0.54268375,0.223991
-0.54248375,0.287989
-0.54228375,0.223991
-0.54208375,0.25599
-0.54188375,0.25599
-0.54168375,0.25599
-0.54148375,0.287989
-0.54128375,0.287989
-0.54108375,0.25599
-0.54088375,0.287989
-0.54068375,0.287989
-0.54048375,0.287989
-0.54028375,0.287989
-0.54008375,0.351986
-0.53988375,0.287989
-0.53968375,0.319988
-0.53948375,0.319988
-0.53928375,0.287989
-0.53908375,0.319988
-0.53888375,0.25599
-0.53868375,0.25599
-0.53848375,0.287989
-0.53828375,0.319988
-0.53808375,0.319988
-0.53788375,0.319988
-0.53768375,0.319988
-0.53748375,0.287989
-0.53728375,0.319988
-0.53708375,0.319988
-0.53688375,0.287989
-0.53668375,0.319988
-0.53648375,0.351986
-0.53628375,0.287989
-0.53608375,0.287989
-0.53588375,0.351986
-0.53568375,0.319988
-0.53548375,0.319988
-0.53528375,0.351986
-0.53508375,0.319988
-0.53488375,0.287989
-0.53468375,0.319988
-0.53448375,0.287989
-0.53428375,0.319988
-0.53408375,0.319988
-0.53388375,0.319988
-0.53368375,0.287989
-0.53348375,0.383985
-0.53328375,0.351986
-0.53308375,0.351986
-0.53288375,0.383985
-0.53268375,0.319988
-0.53248375,0.319988
-0.53228375,0.351986
-0.53208375,0.351986
-0.53188375,0.319988
-0.53168375,0.351986
-0.53148375,0.319988
-0.53128375,0.319988
-0.53108375,0.351986
-0.53088375,0.351986
-0.53068375,0.319988
-0.53048375,0.351986
-0.53028375,0.319988
-0.53008375,0.287989
-0.52988375,0.319988
-0.52968375,0.319988
-0.52948375,0.351986
-0.52928375,0.319988
-0.52908375,0.351986
-0.52888375,0.351986
-0.52868375,0.383985
-0.52848375,0.351986
-0.52828375,0.319988
-0.52808375,0.383985
-0.52788375,0.351986
-0.52768375,0.351986
-0.52748375,0.351986
-0.52728375,0.287989
-0.52708375,0.351986
-0.52688375,0.383985
-0.52668375,0.319988
-0.52648375,0.287989
-0.52628375,0.383985
-0.52608375,0.319988
-0.52588375,0.351986
-0.52568375,0.351986
-0.52548375,0.351986
-0.52528375,0.319988
-0.52508375,0.319988
-0.52488375,0.287989
-0.52468375,0.319988
-0.52448375,0.319988
-0.52428375,0.319988
-0.52408375,0.287989
-0.52388375,0.383985
-0.52368375,0.319988
-0.52348375,0.351986
-0.52328375,0.287989
-0.52308375,0.319988
-0.52288375,0.319988
-0.52268375,0.351986
-0.52248375,0.351986
-0.52228375,0.351986
-0.52208375,0.415984
-0.52188375,0.319988
-0.52168375,0.287989
-0.52148375,0.351986
-0.52128375,0.351986
-0.52108375,0.319988
-0.52088375,0.383985
-0.52068375,0.351986
-0.52048375,0.351986
-0.52028375,0.383985
-0.52008375,0.319988
-0.51988375,0.319988
-0.51968375,0.351986
-0.51948375,0.287989
-0.51928375,0.351986
-0.51908375,0.351986
-0.51888375,0.351986
-0.51868375,0.351986
-0.51848375,0.383985
-0.51828375,0.319988
-0.51808375,0.351986
-0.51788375,0.383985
-0.51768375,0.351986
-0.51748375,0.351986
-0.51728375,0.383985
-0.51708375,0.351986
-0.51688375,0.319988
-0.51668375,0.383985
-0.51648375,0.351986
-0.51628375,0.351986
-0.51608375,0.383985
-0.51588375,0.319988
-0.51568375,0.351986
-0.51548375,0.383985
-0.51528375,0.319988
-0.51508375,0.351986
-0.51488375,0.383985
-0.51468375,0.319988
-0.51448375,0.351986
-0.51428375,0.383985
-0.51408375,0.383985
-0.51388375,0.383985
-0.51368375,0.351986
-0.51348375,0.351986
-0.51328375,0.383985
-0.51308375,0.383985
-0.51288375,0.383985
-0.51268375,0.351986
-0.51248375,0.447983
-0.51228375,0.383985
-0.51208375,0.351986
-0.51188375,0.351986
-0.51168375,0.351986
-0.51148375,0.351986
-0.51128375,0.383985
-0.51108375,0.351986
-0.51088375,0.351986
-0.51068375,0.383985
-0.51048375,0.319988
-0.51028375,0.383985
-0.51008375,0.415984
-0.50988375,0.351986
-0.50968375,0.351986
-0.50948375,0.383985
-0.50928375,0.351986
-0.50908375,0.351986
-0.50888375,0.383985
-0.50868375,0.351986
-0.50848375,0.319988
-0.50828375,0.383985
-0.50808375,0.383985
-0.50788375,0.383985
-0.50768375,0.383985
-0.50748375,0.383985
-0.50728375,0.319988
-0.50708375,0.351986
-0.50688375,0.319988
-0.50668375,0.351986
-0.50648375,0.351986
-0.50628375,0.319988
-0.50608375,0.351986
-0.50588375,0.351986
-0.50568375,0.351986
-0.50548375,0.287989
-0.50528375,0.351986
-0.50508375,0.287989
-0.50488375,0.319988
-0.50468375,0.351986
-0.50448375,0.319988
-0.50428375,0.319988
-0.50408375,0.351986
-0.50388375,0.319988
-0.50368375,0.287989
-0.50348375,0.319988
-0.50328375,0.319988
-0.50308375,0.351986
-0.50288375,0.383985
-0.50268375,0.319988
-0.50248375,0.319988
-0.50228375,0.287989
-0.50208375,0.319988
-0.50188375,0.319988
-0.50168375,0.351986
-0.50148375,0.319988
-0.50128375,0.287989
-0.50108375,0.319988
-0.50088375,0.287989
-0.50068375,0.319988
-0.50048375,0.319988
-0.50028375,0.319988
-0.50008375,0.319988
-0.49988375,0.319988
-0.49968375,0.287989
-0.49948375,0.319988
-0.49928375,0.25599
-0.49908375,0.319988
-0.49888375,0.25599
-0.49868375,0.287989
-0.49848375,0.319988
-0.49828375,0.319988
-0.49808375,0.319988
-0.49788375,0.287989
-0.49768375,0.319988
-0.49748375,0.319988
-0.49728375,0.287989
-0.49708375,0.287989
-0.49688375,0.319988
-0.49668375,0.319988
-0.49648375,0.287989
-0.49628375,0.319988
-0.49608375,0.287989
-0.49588375,0.287989
-0.49568375,0.319988
-0.49548375,0.287989
-0.49528375,0.319988
-0.49508375,0.319988
-0.49488375,0.287989
-0.49468375,0.319988
-0.49448375,0.319988
-0.49428375,0.287989
-0.49408375,0.319988
-0.49388375,0.319988
-0.49368375,0.319988
-0.49348375,0.319988
-0.49328375,0.319988
-0.49308375,0.287989
-0.49288375,0.319988
-0.49268375,0.319988
-0.49248375,0.287989
-0.49228375,0.319988
-0.49208375,0.319988
-0.49188375,0.287989
-0.49168375,0.319988
-0.49148375,0.351986
-0.49128375,0.287989
-0.49108375,0.287989
-0.49088375,0.351986
-0.49068375,0.287989
-0.49048375,0.287989
-0.49028375,0.287989
-0.49008375,0.319988
-0.48988375,0.25599
-0.48968375,0.351986
-0.48948375,0.287989
-0.48928375,0.287989
-0.48908375,0.287989
-0.48888375,0.319988
-0.48868375,0.319988
-0.48848375,0.319988
-0.48828375,0.287989
-0.48808375,0.287989
-0.48788375,0.25599
-0.48768375,0.319988
-0.48748375,0.287989
-0.48728375,0.319988
-0.48708375,0.25599
-0.48688375,0.319988
-0.48668375,0.319988
-0.48648375,0.287989
-0.48628375,0.287989
-0.48608375,0.319988
-0.48588375,0.319988
-0.48568375,0.287989
-0.48548375,0.319988
-0.48528375,0.287989
-0.48508375,0.287989
-0.48488375,0.319988
-0.48468375,0.319988
-0.48448375,0.287989
-0.48428375,0.319988
-0.48408375,0.287989
-0.48388375,0.25599
-0.48368375,0.287989
-0.48348375,0.25599
-0.48328375,0.25599
-0.48308375,0.351986
-0.48288375,0.25599
-0.48268375,0.287989
-0.48248375,0.287989
-0.48228375,0.287989
-0.48208375,0.287989
-0.48188375,0.287989
-0.48168375,0.25599
-0.48148375,0.25599
-0.48128375,0.287989
-0.48108375,0.25599
-0.48088375,0.287989
-0.48068375,0.287989
-0.48048375,0.25599
-0.48028375,0.25599
-0.48008375,0.287989
-0.47988375,0.25599
-0.47968375,0.25599
-0.47948375,0.287989
-0.47928375,0.287989
-0.47908375,0.287989
-0.47888375,0.287989
-0.47868375,0.287989
-0.47848375,0.287989
-0.47828375,0.319988
-0.47808375,0.25599
-0.47788375,0.25599
-0.47768375,0.25599
-0.47748375,0.25599
-0.47728375,0.25599
-0.47708375,0.319988
-0.47688375,0.25599
-0.47668375,0.223991
-0.47648375,0.25599
-0.47628375,0.223991
-0.47608375,0.25599
-0.47588375,0.287989
-0.47568375,0.223991
-0.47548375,0.223991
-0.47528375,0.25599
-0.47508375,0.223991
-0.47488375,0.25599
-0.47468375,0.25599
-0.47448375,0.25599
-0.47428375,0.25599
-0.47408375,0.25599
-0.47388375,0.25599
-0.47368375,0.25599
-0.47348375,0.287989
-0.47328375,0.223991
-0.47308375,0.25599
-0.47288375,0.223991
-0.47268375,0.287989
-0.47248375,0.223991
-0.47228375,0.25599
-0.47208375,0.25599
-0.47188375,0.223991
-0.47168375,0.223991
-0.47148375,0.223991
-0.47128375,0.223991
-0.47108375,0.223991
-0.47088375,0.191993
-0.47068375,0.223991
-0.47048375,0.223991
-0.47028375,0.191993
-0.47008375,0.25599
-0.46988375,0.25599
-0.46968375,0.191993
-0.46948375,0.191993
-0.46928375,0.191993
-0.46908375,0.191993
-0.46888375,0.223991
-0.46868375,0.191993
-0.46848375,0.223991
-0.46828375,0.223991
-0.46808375,0.25599
-0.46788375,0.191993
-0.46768375,0.191993
-0.46748375,0.191993
-0.46728375,0.159994
-0.46708375,0.191993
-0.46688375,0.191993
-0.46668375,0.159994
-0.46648375,0.223991
-0.46628375,0.159994
-0.46608375,0.159994
-0.46588375,0.159994
-0.46568375,0.191993
-0.46548375,0.159994
-0.46528375,0.191993
-0.46508375,0.191993
-0.46488375,0.191993
-0.46468375,0.191993
-0.46448375,0.191993
-0.46428375,0.159994
-0.46408375,0.159994
-0.46388375,0.191993
-0.46368375,0.159994
-0.46348375,0.159994
-0.46328375,0.159994
-0.46308375,0.159994
-0.46288375,0.127995
-0.46268375,0.191993
-0.46248375,0.159994
-0.46228375,0.159994
-0.46208375,0.159994
-0.46188375,0.127995
-0.46168375,0.159994
-0.46148375,0.191993
-0.46128375,0.159994
-0.46108375,0.159994
-0.46088375,0.159994
-0.46068375,0.127995
-0.46048375,0.159994
-0.46028375,0.159994
-0.46008375,0.127995
-0.45988375,0.127995
-0.45968375,0.127995
-0.45948375,0.127995
-0.45928375,0.127995
-0.45908375,0.127995
-0.45888375,0.127995
-0.45868375,0.127995
-0.45848375,0.127995
-0.45828375,0.159994
-0.45808375,0.0959963
-0.45788375,0.159994
-0.45768375,0.127995
-0.45748375,0.127995
-0.45728375,0.0959963
-0.45708375,0.127995
-0.45688375,0.127995
-0.45668375,0.127995
-0.45648375,0.127995
-0.45628375,0.127995
-0.45608375,0.127995
-0.45588375,0.0959963
-0.45568375,0.127995
-0.45548375,0.127995
-0.45528375,0.0959963
-0.45508375,0.0959963
-0.45488375,0.0959963
-0.45468375,0.0639975
-0.45448375,0.127995
-0.45428375,0.0959963
-0.45408375,0.127995
-0.45388375,0.0959963
-0.45368375,0.127995
-0.45348375,0.0639975
-0.45328375,0.0639975
-0.45308375,0.0639975
-0.45288375,0.0639975
-0.45268375,0.0319988
-0.45248375,0.0639975
-0.45228375,0.0959963
-0.45208375,0.0639975
-0.45188375,0.0959963
-0.45168375,0.0639975
-0.45148375,0.0639975
-0.45128375,0.0639975
-0.45108375,0.0639975
-0.45088375,0.0319988
-0.45068375,0.0959963
-0.45048375,0.0639975
-0.45028375,0.0319988
-0.45008375,0.0639975
-0.44988375,0.0639975
-0.44968375,0.0639975
-0.44948375,0.0639975
-0.44928375,0.0639975
-0.44908375,0.0319988
-0.44888375,0.0959963
-0.44868375,0.0639975
-0.44848375,0.0639975
-0.44828375,0.0639975
-0.44808375,0.0639975
-0.44788375,0.0319988
-0.44768375,0.0959963
-0.44748375,0.0639975
-0.44728375,0.0319988
-0.44708375,0.0639975
-0.44688375,0.0959963
-0.44668375,0.0639975
-0.44648375,0.0319988
-0.44628375,0.0639975
-0.44608375,0.0319988
-0.44588375,0.0319988
-0.44568375,0.0639975
-0.44548375,0.0639975
-0.44528375,0.0319988
-0.44508375,0.0639975
-0.44488375,0.0319988
-0.44468375,0.0639975
-0.44448375,0.0319988
-0.44428375,0.0959963
-0.44408375,0.0319988
-0.44388375,0.0319988
-0.44368375,0.0639975
-0.44348375,0.0639975
-0.44328375,0.0319988
-0.44308375,0.0639975
-0.44288375,0.0319988
-0.44268375,0.0639975
-0.44248375,0.0319988
-0.44228375,0.0639975
-0.44208375,0.0639975
-0.44188375,0.0639975
-0.44168375,0.0319988
-0.44148375,0.0639975
-0.44128375,0.0319988
-0.44108375,0.0639975
-0.44088375,0.0639975
-0.44068375,0
-0.44048375,0.0639975
-0.44028375,0.0319988
-0.44008375,0
-0.43988375,0.0319988
-0.43968375,0.0319988
-0.43948375,0.0319988
-0.43928375,0.0639975
-0.43908375,0
-0.43888375,0.0319988
-0.43868375,0.0319988
-0.43848375,0.0319988
-0.43828375,0.0319988
-0.43808375,0.0639975
-0.43788375,0.0319988
-0.43768375,0.0319988
-0.43748375,0.0639975
-0.43728375,0.0639975
-0.43708375,0.0319988
-0.43688375,0.0639975
-0.43668375,0.0319988
-0.43648375,0.0319988
-0.43628375,0.0639975
-0.43608375,0
-0.43588375,0
-0.43568375,0.0319988
-0.43548375,0.0319988
-0.43528375,0.0639975
-0.43508375,0.0639975
-0.43488375,0.0319988
-0.43468375,0
-0.43448375,0.0319988
-0.43428375,0.0319988
-0.43408375,0
-0.43388375,0.0319988
-0.43368375,0.0319988
-0.43348375,0
-0.43328375,0.0319988
-0.43308375,0.0319988
-0.43288375,0.0319988
-0.43268375,0.0319988
-0.43248375,0.0319988
-0.43228375,0.0319988
-0.43208375,0.0319988
-0.43188375,0.0319988
-0.43168375,0.0639975
-0.43148375,0.0319988
-0.43128375,0.0319988
-0.43108375,0.0319988
-0.43088375,0.0319988
-0.43068375,0.0319988
-0.43048375,0
-0.43028375,0.0319988
-0.43008375,0
-0.42988375,0
-0.42968375,0.0319988
-0.42948375,0.0639975
-0.42928375,0
-0.42908375,0.0319988
-0.42888375,0
-0.42868375,0
-0.42848375,0
-0.42828375,0.0319988
-0.42808375,0.0319988
-0.42788375,0
-0.42768375,0.0319988
-0.42748375,0.0319988
-0.42728375,0.0319988
-0.42708375,0
-0.42688375,-0.0319988
-0.42668375,0.0319988
-0.42648375,0
-0.42628375,0
-0.42608375,0
-0.42588375,0.0319988
-0.42568375,-0.0319988
-0.42548375,-0.0319988
-0.42528375,0
-0.42508375,-0.0639975
-0.42488375,0
-0.42468375,-0.0319988
-0.42448375,-0.0319988
-0.42428375,-0.0319988
-0.42408375,-0.0319988
-0.42388375,-0.0639975
-0.42368375,0.0319988
-0.42348375,-0.0319988
-0.42328375,-0.0319988
-0.42308375,0
-0.42288375,-0.0639975
-0.42268375,-0.0639975
-0.42248375,-0.0319988
-0.42228375,-0.0319988
-0.42208375,-0.0639975
-0.42188375,-0.0319988
-0.42168375,-0.0319988
-0.42148375,-0.0959963
-0.42128375,-0.0639975
-0.42108375,-0.0319988
-0.42088375,-0.0959963
-0.42068375,-0.0639975
-0.42048375,-0.0319988
-0.42028375,-0.0639975
-0.42008375,-0.0639975
-0.41988375,-0.0639975
-0.41968375,-0.0959963
-0.41948375,-0.0639975
-0.41928375,-0.0639975
-0.41908375,-0.0959963
-0.41888375,-0.0639975
-0.41868375,-0.0639975
-0.41848375,-0.0959963
-0.41828375,-0.0639975
-0.41808375,-0.0639975
-0.41788375,-0.0639975
-0.41768375,-0.0959963
-0.41748375,-0.0959963
-0.41728375,-0.127995
-0.41708375,-0.0959963
-0.41688375,-0.0959963
-0.41668375,-0.159994
-0.41648375,-0.0959963
-0.41628375,-0.127995
-0.41608375,-0.0639975
-0.41588375,-0.0959963
-0.41568375,-0.0959963
-0.41548375,-0.159994
-0.41528375,-0.127995
-0.41508375,-0.0639975
-0.41488375,-0.127995
-0.41468375,-0.0959963
-0.41448375,-0.127995
-0.41428375,-0.127995
-0.41408375,-0.127995
-0.41388375,-0.0959963
-0.41368375,-0.127995
-0.41348375,-0.127995
-0.41328375,-0.0639975
-0.41308375,-0.127995
-0.41288375,-0.0959963
-0.41268375,-0.0959963
-0.41248375,-0.127995
-0.41228375,-0.0959963
-0.41208375,-0.159994
-0.41188375,-0.127995
-0.41168375,-0.127995
-0.41148375,-0.127995
-0.41128375,-0.127995
-0.41108375,-0.127995
-0.41088375,-0.127995
-0.41068375,-0.127995
-0.41048375,-0.0959963
-0.41028375,-0.127995
-0.41008375,-0.127995
-0.40988375,-0.127995
-0.40968375,-0.0959963
-0.40948375,-0.159994
-0.40928375,-0.191993
-0.40908375,-0.0959963
-0.40888375,-0.159994
-0.40868375,-0.159994
-0.40848375,-0.127995
-0.40828375,-0.191993
-0.40808375,-0.127995
-0.40788375,-0.159994
-0.40768375,-0.127995
-0.40748375,-0.127995
-0.40728375,-0.159994
-0.40708375,-0.191993
-0.40688375,-0.159994
-0.40668375,-0.127995
-0.40648375,-0.159994
-0.40628375,-0.159994
-0.40608375,-0.159994
-0.40588375,-0.127995
-0.40568375,-0.159994
-0.40548375,-0.191993
-0.40528375,-0.191993
-0.40508375,-0.159994
-0.40488375,-0.159994
-0.40468375,-0.159994
-0.40448375,-0.223991
-0.40428375,-0.127995
-0.40408375,-0.191993
-0.40388375,-0.191993
-0.40368375,-0.159994
-0.40348375,-0.159994
-0.40328375,-0.223991
-0.40308375,-0.159994
-0.40288375,-0.159994
-0.40268375,-0.159994
-0.40248375,-0.159994
-0.40228375,-0.191993
-0.40208375,-0.191993
-0.40188375,-0.159994
-0.40168375,-0.223991
-0.40148375,-0.191993
-0.40128375,-0.191993
-0.40108375,-0.191993
-0.40088375,-0.223991
-0.40068375,-0.159994
-0.40048375,-0.223991
-0.40028375,-0.191993
-0.40008375,-0.25599
-0.39988375,-0.223991
-0.39968375,-0.191993
-0.39948375,-0.159994
-0.39928375,-0.159994
-0.39908375,-0.191993
-0.39888375,-0.191993
-0.39868375,-0.191993
-0.39848375,-0.223991
-0.39828375,-0.159994
-0.39808375,-0.191993
-0.39788375,-0.25599
-0.39768375,-0.191993
-0.39748375,-0.191993
-0.39728375,-0.191993
-0.39708375,-0.191993
-0.39688375,-0.223991
-0.39668375,-0.223991
-0.39648375,-0.191993
-0.39628375,-0.25599
-0.39608375,-0.191993
-0.39588375,-0.159994
-0.39568375,-0.223991
-0.39548375,-0.223991
-0.39528375,-0.223991
-0.39508375,-0.223991
-0.39488375,-0.223991
-0.39468375,-0.159994
-0.39448375,-0.191993
-0.39428375,-0.287989
-0.39408375,-0.191993
-0.39388375,-0.191993
-0.39368375,-0.223991
-0.39348375,-0.191993
-0.39328375,-0.25599
-0.39308375,-0.223991
-0.39288375,-0.223991
-0.39268375,-0.25599
-0.39248375,-0.223991
-0.39228375,-0.223991
-0.39208375,-0.25599
-0.39188375,-0.25599
-0.39168375,-0.287989
-0.39148375,-0.25599
-0.39128375,-0.191993
-0.39108375,-0.159994
-0.39088375,-0.287989
-0.39068375,-0.25599
-0.39048375,-0.191993
-0.39028375,-0.25599
-0.39008375,-0.191993
-0.38988375,-0.223991
-0.38968375,-0.223991
-0.38948375,-0.223991
-0.38928375,-0.25599
-0.38908375,-0.223991
-0.38888375,-0.223991
-0.38868375,-0.287989
-0.38848375,-0.223991
-0.38828375,-0.25599
-0.38808375,-0.25599
-0.38788375,-0.25599
-0.38768375,-0.25599
-0.38748375,-0.25599
-0.38728375,-0.25599
-0.38708375,-0.25599
-0.38688375,-0.191993
-0.38668375,-0.223991
-0.38648375,-0.25599
-0.38628375,-0.191993
-0.38608375,-0.223991
-0.38588375,-0.25599
-0.38568375,-0.223991
-0.38548375,-0.287989
-0.38528375,-0.25599
-0.38508375,-0.223991
-0.38488375,-0.25599
-0.38468375,-0.191993
-0.38448375,-0.25599
-0.38428375,-0.25599
-0.38408375,-0.25599
-0.38388375,-0.223991
-0.38368375,-0.223991
-0.38348375,-0.25599
-0.38328375,-0.287989
-0.38308375,-0.25599
-0.38288375,-0.25599
-0.38268375,-0.191993
-0.38248375,-0.25599
-0.38228375,-0.223991
-0.38208375,-0.25599
-0.38188375,-0.287989
-0.38168375,-0.287989
-0.38148375,-0.223991
-0.38128375,-0.25599
-0.38108375,-0.287989
-0.38088375,-0.319988
-0.38068375,-0.25599
-0.38048375,-0.287989
-0.38028375,-0.287989
-0.38008375,-0.287989
-0.37988375,-0.25599
-0.37968375,-0.287989
-0.37948375,-0.287989
-0.37928375,-0.287989
-0.37908375,-0.25599
-0.37888375,-0.287989
-0.37868375,-0.25599
-0.37848375,-0.287989
-0.37828375,-0.319988
-0.37808375,-0.287989
-0.37788375,-0.25599
-0.37768375,-0.319988
-0.37748375,-0.25599
-0.37728375,-0.319988
-0.37708375,-0.287989
-0.37688375,-0.287989
-0.37668375,-0.319988
-0.37648375,-0.319988
-0.37628375,-0.287989
-0.37608375,-0.25599
-0.37588375,-0.287989
-0.37568375,-0.319988
-0.37548375,-0.319988
-0.37528375,-0.287989
-0.37508375,-0.351986
-0.37488375,-0.351986
-0.37468375,-0.287989
-0.37448375,-0.351986
-0.37428375,-0.319988
-0.37408375,-0.319988
-0.37388375,-0.351986
-0.37368375,-0.319988
-0.37348375,-0.351986
-0.37328375,-0.383985
-0.37308375,-0.383985
-0.37288375,-0.319988
-0.37268375,-0.319988
-0.37248375,-0.351986
-0.37228375,-0.351986
-0.37208375,-0.351986
-0.37188375,-0.351986
-0.37168375,-0.351986
-0.37148375,-0.319988
-0.37128375,-0.319988
-0.37108375,-0.319988
-0.37088375,-0.351986
-0.37068375,-0.383985
-0.37048375,-0.383985
-0.37028375,-0.415984
-0.37008375,-0.351986
-0.36988375,-0.351986
-0.36968375,-0.351986
-0.36948375,-0.351986
-0.36928375,-0.383985
-0.36908375,-0.383985
-0.36888375,-0.383985
-0.36868375,-0.351986
-0.36848375,-0.415984
-0.36828375,-0.415984
-0.36808375,-0.383985
-0.36788375,-0.383985
-0.36768375,-0.383985
-0.36748375,-0.383985
-0.36728375,-0.383985
-0.36708375,-0.383985
-0.36688375,-0.383985
-0.36668375,-0.415984
-0.36648375,-0.383985
-0.36628375,-0.351986
-0.36608375,-0.415984
-0.36588375,-0.383985
-0.36568375,-0.351986
-0.36548375,-0.383985
-0.36528375,-0.383985
-0.36508375,-0.351986
-0.36488375,-0.383985
-0.36468375,-0.415984
-0.36448375,-0.383985
-0.36428375,-0.415984
-0.36408375,-0.383985
-0.36388375,-0.351986
-0.36368375,-0.415984
-0.36348375,-0.383985
-0.36328375,-0.383985
-0.36308375,-0.447983
-0.36288375,-0.383985
-0.36268375,-0.351986
-0.36248375,-0.415984
-0.36228375,-0.415984
-0.36208375,-0.415984
-0.36188375,-0.383985
-0.36168375,-0.383985
-0.36148375,-0.383985
-0.36128375,-0.415984
-0.36108375,-0.383985
-0.36088375,-0.383985
-0.36068375,-0.383985
-0.36048375,-0.351986
-0.36028375,-0.383985
-0.36008375,-0.447983
-0.35988375,-0.415984
-0.35968375,-0.415984
-0.35948375,-0.415984
-0.35928375,-0.383985
-0.35908375,-0.415984
-0.35888375,-0.447983
-0.35868375,-0.383985
-0.35848375,-0.383985
-0.35828375,-0.415984
-0.35808375,-0.383985
-0.35788375,-0.383985
-0.35768375,-0.383985
-0.35748375,-0.383985
-0.35728375,-0.351986
-0.35708375,-0.415984
-0.35688375,-0.383985
-0.35668375,-0.351986
-0.35648375,-0.383985
-0.35628375,-0.351986
-0.35608375,-0.383985
-0.35588375,-0.383985
-0.35568375,-0.383985
-0.35548375,-0.383985
-0.35528375,-0.415984
-0.35508375,-0.383985
-0.35488375,-0.383985
-0.35468375,-0.415984
-0.35448375,-0.383985
-0.35428375,-0.351986
-0.35408375,-0.383985
-0.35388375,-0.383985
-0.35368375,-0.383985
-0.35348375,-0.415984
-0.35328375,-0.351986
-0.35308375,-0.351986
-0.35288375,-0.383985
-0.35268375,-0.383985
-0.35248375,-0.319988
-0.35228375,-0.415984
-0.35208375,-0.383985
-0.35188375,-0.351986
-0.35168375,-0.415984
-0.35148375,-0.319988
-0.35128375,-0.319988
-0.35108375,-0.383985
-0.35088375,-0.383985
-0.35068375,-0.351986
-0.35048375,-0.351986
-0.35028375,-0.351986
-0.35008375,-0.351986
-0.34988375,-0.351986
-0.34968375,-0.383985
-0.34948375,-0.319988
-0.34928375,-0.383985
-0.34908375,-0.287989
-0.34888375,-0.351986
-0.34868375,-0.383985
-0.34848375,-0.351986
-0.34828375,-0.351986
-0.34808375,-0.351986
-0.34788375,-0.351986
-0.34768375,-0.351986
-0.34748375,-0.351986
-0.34728375,-0.383985
-0.34708375,-0.351986
-0.34688375,-0.319988
-0.34668375,-0.383985
-0.34648375,-0.351986
-0.34628375,-0.383985
-0.34608375,-0.351986
-0.34588375,-0.319988
-0.34568375,-0.383985
-0.34548375,-0.383985
-0.34528375,-0.351986
-0.34508375,-0.351986
-0.34488375,-0.351986
-0.34468375,-0.319988
-0.34448375,-0.351986
-0.34428375,-0.351986
-0.34408375,-0.351986
-0.34388375,-0.351986
-0.34368375,-0.351986
-0.34348375,-0.351986
-0.34328375,-0.383985
-0.34308375,-0.383985
-0.34288375,-0.351986
-0.34268375,-0.383985
-0.34248375,-0.319988
-0.34228375,-0.351986
-0.34208375,-0.351986
-0.34188375,-0.351986
-0.34168375,-0.351986
-0.34148375,-0.319988
-0.34128375,-0.351986
-0.34108375,-0.383985
-0.34088375,-0.351986
-0.34068375,-0.351986
-0.34048375,-0.319988
-0.34028375,-0.383985
-0.34008375,-0.351986
-0.33988375,-0.351986
-0.33968375,-0.319988
-0.33948375,-0.319988
-0.33928375,-0.351986
-0.33908375,-0.383985
-0.33888375,-0.351986
-0.33868375,-0.351986
-0.33848375,-0.383985
-0.33828375,-0.351986
-0.33808375,-0.319988
-0.33788375,-0.383985
-0.33768375,-0.351986
-0.33748375,-0.319988
-0.33728375,-0.319988
-0.33708375,-0.351986
-0.33688375,-0.351986
-0.33668375,-0.383985
-0.33648375,-0.319988
-0.33628375,-0.351986
-0.33608375,-0.319988
-0.33588375,-0.351986
-0.33568375,-0.351986
-0.33548375,-0.351986
-0.33528375,-0.351986
-0.33508375,-0.319988
-0.33488375,-0.383985
-0.33468375,-0.351986
-0.33448375,-0.319988
-0.33428375,-0.351986
-0.33408375,-0.351986
-0.33388375,-0.319988
-0.33368375,-0.319988
-0.33348375,-0.351986
-0.33328375,-0.351986
-0.33308375,-0.319988
-0.33288375,-0.319988
-0.33268375,-0.319988
-0.33248375,-0.351986
-0.33228375,-0.351986
-0.33208375,-0.287989
-0.33188375,-0.351986
-0.33168375,-0.319988
-0.33148375,-0.319988
-0.33128375,-0.319988
-0.33108375,-0.319988
-0.33088375,-0.319988
-0.33068375,-0.351986
-0.33048375,-0.319988
-0.33028375,-0.287989
-0.33008375,-0.351986
-0.32988375,-0.351986
-0.32968375,-0.287989
-0.32948375,-0.319988
-0.32928375,-0.319988
-0.32908375,-0.319988
-0.32888375,-0.319988
-0.32868375,-0.287989
-0.32848375,-0.319988
-0.32828375,-0.319988
-0.32808375,-0.319988
-0.32788375,-0.319988
-0.32768375,-0.319988
-0.32748375,-0.319988
-0.32728375,-0.287989
-0.32708375,-0.319988
-0.32688375,-0.287989
-0.32668375,-0.319988
-0.32648375,-0.25599
-0.32628375,-0.287989
-0.32608375,-0.319988
-0.32588375,-0.287989
-0.32568375,-0.287989
-0.32548375,-0.25599
-0.32528375,-0.287989
-0.32508375,-0.319988
-0.32488375,-0.287989
-0.32468375,-0.319988
-0.32448375,-0.287989
-0.32428375,-0.287989
-0.32408375,-0.287989
-0.32388375,-0.25599
-0.32368375,-0.319988
-0.32348375,-0.319988
-0.32328375,-0.319988
-0.32308375,-0.319988
-0.32288375,-0.351986
-0.32268375,-0.319988
-0.32248375,-0.319988
-0.32228375,-0.319988
-0.32208375,-0.319988
-0.32188375,-0.319988
-0.32168375,-0.319988
-0.32148375,-0.287989
-0.32128375,-0.319988
-0.32108375,-0.319988
-0.32088375,-0.287989
-0.32068375,-0.287989
-0.32048375,-0.287989
-0.32028375,-0.319988
-0.32008375,-0.319988
-0.31988375,-0.319988
-0.31968375,-0.287989
-0.31948375,-0.287989
-0.31928375,-0.319988
-0.31908375,-0.351986
-0.31888375,-0.319988
-0.31868375,-0.351986
-0.31848375,-0.319988
-0.31828375,-0.287989
-0.31808375,-0.383985
-0.31788375,-0.383985
-0.31768375,-0.287989
-0.31748375,-0.287989
-0.31728375,-0.287989
-0.31708375,-0.319988
-0.31688375,-0.351986
-0.31668375,-0.319988
-0.31648375,-0.319988
-0.31628375,-0.319988
-0.31608375,-0.319988
-0.31588375,-0.25599
-0.31568375,-0.319988
-0.31548375,-0.319988
-0.31528375,-0.287989
-0.31508375,-0.351986
-0.31488375,-0.351986
-0.31468375,-0.319988
-0.31448375,-0.319988
-0.31428375,-0.319988
-0.31408375,-0.319988
-0.31388375,-0.287989
-0.31368375,-0.319988
-0.31348375,-0.351986
-0.31328375,-0.319988
-0.31308375,-0.287989
-0.31288375,-0.319988
-0.31268375,-0.319988
-0.31248375,-0.351986
-0.31228375,-0.319988
-0.31208375,-0.319988
-0.31188375,-0.319988
-0.31168375,-0.287989
-0.31148375,-0.287989
-0.31128375,-0.383985
-0.31108375,-0.319988
-0.31088375,-0.351986
-0.31068375,-0.319988
-0.31048375,-0.319988
-0.31028375,-0.319988
-0.31008375,-0.319988
-0.30988375,-0.25599
-0.30968375,-0.287989
-0.30948375,-0.319988
-0.30928375,-0.319988
-0.30908375,-0.319988
-0.30888375,-0.287989
-0.30868375,-0.319988
-0.30848375,-0.319988
-0.30828375,-0.383985
-0.30808375,-0.287989
-0.30788375,-0.319988
-0.30768375,-0.223991
-0.30748375,-0.351986
-0.30728375,-0.287989
-0.30708375,-0.319988
-0.30688375,-0.25599
-0.30668375,-0.319988
-0.30648375,-0.287989
-0.30628375,-0.287989
-0.30608375,-0.287989
-0.30588375,-0.319988
-0.30568375,-0.287989
-0.30548375,-0.25599
-0.30528375,-0.287989
-0.30508375,-0.25599
-0.30488375,-0.25599
-0.30468375,-0.223991
-0.30448375,-0.25599
-0.30428375,-0.319988
-0.30408375,-0.223991
-0.30388375,-0.25599
-0.30368375,-0.25599
-0.30348375,-0.25599
-0.30328375,-0.25599
-0.30308375,-0.25599
-0.30288375,-0.223991
-0.30268375,-0.223991
-0.30248375,-0.25599
-0.30228375,-0.25599
-0.30208375,-0.287989
-0.30188375,-0.25599
-0.30168375,-0.191993
-0.30148375,-0.223991
-0.30128375,-0.223991
-0.30108375,-0.191993
-0.30088375,-0.25599
-0.30068375,-0.287989
-0.30048375,-0.25599
-0.30028375,-0.25599
-0.30008375,-0.191993
-0.29988375,-0.191993
-0.29968375,-0.223991
-0.29948375,-0.191993
-0.29928375,-0.223991
-0.29908375,-0.223991
-0.29888375,-0.223991
-0.29868375,-0.223991
-0.29848375,-0.223991
-0.29828375,-0.191993
-0.29808375,-0.223991
-0.29788375,-0.223991
-0.29768375,-0.191993
-0.29748375,-0.223991
-0.29728375,-0.191993
-0.29708375,-0.191993
-0.29688375,-0.223991
-0.29668375,-0.191993
-0.29648375,-0.191993
-0.29628375,-0.191993
-0.29608375,-0.223991
-0.29588375,-0.25599
-0.29568375,-0.223991
-0.29548375,-0.223991
-0.29528375,-0.159994
-0.29508375,-0.191993
-0.29488375,-0.191993
-0.29468375,-0.159994
-0.29448375,-0.191993
-0.29428375,-0.223991
-0.29408375,-0.223991
-0.29388375,-0.191993
-0.29368375,-0.223991
-0.29348375,-0.159994
-0.29328375,-0.159994
-0.29308375,-0.191993
-0.29288375,-0.191993
-0.29268375,-0.159994
-0.29248375,-0.159994
-0.29228375,-0.159994
-0.29208375,-0.127995
-0.29188375,-0.159994
-0.29168375,-0.127995
-0.29148375,-0.127995
-0.29128375,-0.159994
-0.29108375,-0.159994
-0.29088375,-0.127995
-0.29068375,-0.191993
-0.29048375,-0.191993
-0.29028375,-0.159994
-0.29008375,-0.159994
-0.28988375,-0.191993
-0.28968375,-0.159994
-0.28948375,-0.223991
-0.28928375,-0.159994
-0.28908375,-0.159994
-0.28888375,-0.191993
-0.28868375,-0.191993
-0.28848375,-0.127995
-0.28828375,-0.159994
-0.28808375,-0.159994
-0.28788375,-0.127995
-0.28768375,-0.159994
-0.28748375,-0.191993
-0.28728375,-0.127995
-0.28708375,-0.159994
-0.28688375,-0.191993
-0.28668375,-0.127995
-0.28648375,-0.159994
-0.28628375,-0.127995
-0.28608375,-0.127995
-0.28588375,-0.159994
-0.28568375,-0.159994
-0.28548375,-0.127995
-0.28528375,-0.191993
-0.28508375,-0.191993
-0.28488375,-0.159994
-0.28468375,-0.159994
-0.28448375,-0.159994
-0.28428375,-0.127995
-0.28408375,-0.159994
-0.28388375,-0.159994
-0.28368375,-0.127995
-0.28348375,-0.159994
-0.28328375,-0.127995
-0.28308375,-0.159994
-0.28288375,-0.159994
-0.28268375,-0.127995
-0.28248375,-0.127995
-0.28228375,-0.159994
-0.28208375,-0.127995
-0.28188375,-0.159994
-0.28168375,-0.159994
-0.28148375,-0.0959963
-0.28128375,-0.127995
-0.28108375,-0.127995
-0.28088375,-0.127995
-0.28068375,-0.159994
-0.28048375,-0.127995
-0.28028375,-0.127995
-0.28008375,-0.127995
-0.27988375,-0.127995
-0.27968375,-0.159994
-0.27948375,-0.127995
-0.27928375,-0.191993
-0.27908375,-0.191993
-0.27888375,-0.127995
-0.27868375,-0.159994
-0.27848375,-0.159994
-0.27828375,-0.127995
-0.27808375,-0.159994
-0.27788375,-0.127995
-0.27768375,-0.159994
-0.27748375,-0.127995
-0.27728375,-0.0639975
-0.27708375,-0.0959963
-0.27688375,-0.0959963
-0.27668375,-0.127995
-0.27648375,-0.0639975
-0.27628375,-0.127995
-0.27608375,-0.159994
-0.27588375,-0.0959963
-0.27568375,-0.159994
-0.27548375,-0.127995
-0.27528375,-0.127995
-0.27508375,-0.127995
-0.27488375,-0.127995
-0.27468375,-0.0959963
-0.27448375,-0.159994
-0.27428375,-0.127995
-0.27408375,-0.0959963
-0.27388375,-0.127995
-0.27368375,-0.0959963
-0.27348375,-0.0639975
-0.27328375,-0.0959963
-0.27308375,-0.127995
-0.27288375,-0.0639975
-0.27268375,-0.0959963
-0.27248375,-0.0959963
-0.27228375,-0.127995
-0.27208375,-0.0959963
-0.27188375,-0.0639975
-0.27168375,-0.0639975
-0.27148375,-0.127995
-0.27128375,-0.0959963
-0.27108375,-0.0639975
-0.27088375,-0.127995
-0.27068375,-0.0639975
-0.27048375,-0.0959963
-0.27028375,-0.127995
-0.27008375,-0.0639975
-0.26988375,-0.127995
-0.26968375,-0.127995
-0.26948375,-0.127995
-0.26928375,-0.127995
-0.26908375,-0.127995
-0.26888375,-0.127995
-0.26868375,-0.0959963
-0.26848375,-0.127995
-0.26828375,-0.0639975
-0.26808375,-0.127995
-0.26788375,-0.127995
-0.26768375,-0.0959963
-0.26748375,-0.127995
-0.26728375,-0.127995
-0.26708375,-0.127995
-0.26688375,-0.127995
-0.26668375,-0.127995
-0.26648375,-0.127995
-0.26628375,-0.0639975
-0.26608375,-0.127995
-0.26588375,-0.127995
-0.26568375,-0.0959963
-0.26548375,-0.0959963
-0.26528375,-0.127995
-0.26508375,-0.0639975
-0.26488375,-0.0959963
-0.26468375,-0.0319988
-0.26448375,-0.0959963
-0.26428375,-0.0959963
-0.26408375,-0.127995
-0.26388375,-0.0959963
-0.26368375,-0.0959963
-0.26348375,-0.127995
-0.26328375,-0.0959963
-0.26308375,-0.127995
-0.26288375,-0.127995
-0.26268375,-0.0959963
-0.26248375,-0.127995
-0.26228375,-0.0959963
-0.26208375,-0.0639975
-0.26188375,-0.0959963
-0.26168375,-0.0959963
-0.26148375,-0.0319988
-0.26128375,-0.0959963
-0.26108375,-0.0959963
-0.26088375,-0.0639975
-0.26068375,-0.0639975
-0.26048375,-0.127995
-0.26028375,-0.0639975
-0.26008375,-0.0959963
-0.25988375,-0.0639975
-0.25968375,-0.0959963
-0.25948375,-0.0639975
-0.25928375,-0.0959963
-0.25908375,-0.0959963
-0.25888375,-0.0959963
-0.25868375,-0.0639975
-0.25848375,-0.0959963
-0.25828375,-0.0639975
-0.25808375,-0.0319988
-0.25788375,-0.0639975
-0.25768375,-0.0959963
-0.25748375,-0.0639975
-0.25728375,-0.0639975
-0.25708375,-0.127995
-0.25688375,-0.0639975
-0.25668375,-0.0639975
-0.25648375,-0.0959963
-0.25628375,-0.0639975
-0.25608375,-0.0959963
-0.25588375,-0.0639975
-0.25568375,-0.0959963
-0.25548375,-0.0959963
-0.25528375,-0.0959963
-0.25508375,-0.0639975
-0.25488375,-0.0319988
-0.25468375,-0.0959963
-0.25448375,-0.0639975
-0.25428375,-0.0639975
-0.25408375,-0.0639975
-0.25388375,-0.0319988
-0.25368375,-0.0639975
-0.25348375,-0.0959963
-0.25328375,-0.0319988
-0.25308375,-0.0639975
-0.25288375,-0.0639975
-0.25268375,-0.0639975
-0.25248375,-0.0319988
-0.25228375,-0.0959963
-0.25208375,-0.0639975
-0.25188375,-0.0639975
-0.25168375,-0.0959963
-0.25148375,-0.0639975
-0.25128375,-0.0639975
-0.25108375,-0.0959963
-0.25088375,0
-0.25068375,-0.0639975
-0.25048375,-0.0639975
-0.25028375,-0.0959963
-0.25008375,-0.0319988
-0.24988375,-0.0959963
-0.24968375,-0.0319988
-0.24948375,-0.0959963
-0.24928375,-0.0639975
-0.24908375,-0.0319988
-0.24888375,-0.0319988
-0.24868375,-0.0319988
-0.24848375,-0.0639975
-0.24828375,-0.0639975
-0.24808375,-0.0639975
-0.24788375,-0.0319988
-0.24768375,-0.0639975
-0.24748375,-0.0959963
-0.24728375,-0.0319988
-0.24708375,-0.0319988
-0.24688375,-0.0639975
-0.24668375,-0.0639975
-0.24648375,-0.0639975
-0.24628375,-0.0959963
-0.24608375,-0.0319988
-0.24588375,-0.0319988
-0.24568375,-0.0639975
-0.24548375,-0.0639975
-0.24528375,-0.0319988
-0.24508375,-0.0639975
-0.24488375,-0.0639975
-0.24468375,-0.0319988
-0.24448375,-0.0639975
-0.24428375,0
-0.24408375,0
-0.24388375,-0.0319988
-0.24368375,-0.0319988
-0.24348375,0
-0.24328375,-0.0319988
-0.24308375,-0.0959963
-0.24288375,-0.0319988
-0.24268375,-0.0639975
-0.24248375,-0.0639975
-0.24228375,0
-0.24208375,-0.0639975
-0.24188375,-0.0319988
-0.24168375,-0.0319988
-0.24148375,-0.0319988
-0.24128375,-0.0639975
-0.24108375,-0.0319988
-0.24088375,-0.0639975
-0.24068375,-0.0319988
-0.24048375,-0.0319988
-0.24028375,-0.0319988
-0.24008375,0
-0.23988375,-0.0319988
-0.23968375,-0.0639975
-0.23948375,0
-0.23928375,-0.0639975
-0.23908375,-0.0639975
-0.23888375,0
-0.23868375,-0.0319988
-0.23848375,-0.0639975
-0.23828375,-0.0639975
-0.23808375,-0.0319988
-0.23788375,-0.0639975
-0.23768375,-0.0639975
-0.23748375,-0.0319988
-0.23728375,-0.0319988
-0.23708375,0
-0.23688375,-0.0639975
-0.23668375,-0.0319988
-0.23648375,-0.0639975
-0.23628375,-0.0319988
-0.23608375,-0.0639975
-0.23588375,-0.0319988
-0.23568375,-0.0319988
-0.23548375,-0.0319988
-0.23528375,-0.0639975
-0.23508375,-0.0319988
-0.23488375,-0.0639975
-0.23468375,-0.0319988
-0.23448375,0
-0.23428375,-0.0639975
-0.23408375,-0.0319988
-0.23388375,-0.0319988
-0.23368375,-0.0319988
-0.23348375,-0.0319988
-0.23328375,0
-0.23308375,-0.0639975
-0.23288375,-0.0319988
-0.23268375,-0.0319988
-0.23248375,-0.0639975
-0.23228375,0
-0.23208375,0
-0.23188375,-0.0639975
-0.23168375,-0.0319988
-0.23148375,0
-0.23128375,-0.0639975
-0.23108375,-0.0319988
-0.23088375,-0.0319988
-0.23068375,-0.0639975
-0.23048375,-0.0319988
-0.23028375,-0.0319988
-0.23008375,-0.0639975
-0.22988375,-0.0319988
-0.22968375,-0.0319988
-0.22948375,0
-0.22928375,-0.0319988
-0.22908375,-0.0319988
-0.22888375,-0.0319988
-0.22868375,-0.0639975
-0.22848375,0
-0.22828375,-0.0639975
-0.22808375,0
-0.22788375,-0.0319988
-0.22768375,-0.0639975
-0.22748375,-0.0959963
-0.22728375,-0.0319988
-0.22708375,-0.0639975
-0.22688375,-0.0639975
-0.22668375,-0.0319988
-0.22648375,-0.0639975
-0.22628375,-0.0639975
-0.22608375,-0.0639975
-0.22588375,-0.0319988
-0.22568375,-0.0319988
-0.22548375,-0.0639975
-0.22528375,-0.0639975
-0.22508375,-0.0319988
-0.22488375,-0.0319988
-0.22468375,-0.0639975
-0.22448375,-0.0319988
-0.22428375,-0.0319988
-0.22408375,-0.0639975
-0.22388375,-0.0959963
-0.22368375,0
-0.22348375,-0.127995
-0.22328375,-0.0639975
-0.22308375,-0.0639975
-0.22288375,-0.0319988
-0.22268375,-0.0319988
-0.22248375,0
-0.22228375,-0.0959963
-0.22208375,-0.0639975
-0.22188375,-0.0959963
-0.22168375,-0.0639975
-0.22148375,-0.0319988
-0.22128375,0
-0.22108375,-0.0319988
-0.22088375,-0.0639975
-0.22068375,-0.0319988
-0.22048375,-0.0959963
-0.22028375,-0.0319988
-0.22008375,-0.0319988
-0.21988375,-0.0319988
-0.21968375,-0.0319988
-0.21948375,-0.0639975
-0.21928375,-0.0959963
-0.21908375,0
-0.21888375,0
-0.21868375,-0.0959963
-0.21848375,-0.0319988
-0.21828375,-0.0639975
-0.21808375,-0.0639975
-0.21788375,-0.0319988
-0.21768375,-0.0639975
-0.21748375,-0.0319988
-0.21728375,0
-0.21708375,-0.0319988
-0.21688375,-0.0319988
-0.21668375,0
-0.21648375,-0.0319988
-0.21628375,-0.0639975
-0.21608375,-0.0319988
-0.21588375,-0.0319988
-0.21568375,-0.0319988
-0.21548375,-0.0319988
-0.21528375,-0.0319988
-0.21508375,-0.0639975
-0.21488375,-0.0319988
-0.21468375,-0.0639975
-0.21448375,-0.0639975
-0.21428375,-0.0319988
-0.21408375,0
-0.21388375,-0.0319988
-0.21368375,0
-0.21348375,-0.0319988
-0.21328375,-0.0319988
-0.21308375,0
-0.21288375,0
-0.21268375,-0.0319988
-0.21248375,-0.0319988
-0.21228375,0
-0.21208375,-0.0319988
-0.21188375,0.0319988
-0.21168375,0.0319988
-0.21148375,-0.0319988
-0.21128375,0.0319988
-0.21108375,0
-0.21088375,-0.0319988
-0.21068375,0.0319988
-0.21048375,0.0639975
-0.21028375,-0.0319988
-0.21008375,-0.0319988
-0.20988375,-0.0319988
-0.20968375,0
-0.20948375,0.0319988
-0.20928375,0.0319988
-0.20908375,0
-0.20888375,0
-0.20868375,0.0319988
-0.20848375,0
-0.20828375,0.0319988
-0.20808375,0.0639975
-0.20788375,0.0319988
-0.20768375,0.0319988
-0.20748375,0.0319988
-0.20728375,-0.0639975
-0.20708375,0
-0.20688375,0.0319988
-0.20668375,0.0319988
-0.20648375,0.0639975
-0.20628375,0.0319988
-0.20608375,-0.0319988
-0.20588375,0.0319988
-0.20568375,0.0319988
-0.20548375,0
-0.20528375,0.0319988
-0.20508375,0
-0.20488375,0
-0.20468375,0
-0.20448375,0.0319988
-0.20428375,0.0319988
-0.20408375,0
-0.20388375,0.0319988
-0.20368375,-0.0319988
-0.20348375,0.0319988
-0.20328375,0.0319988
-0.20308375,0.0639975
-0.20288375,0.0319988
-0.20268375,0
-0.20248375,0.0319988
-0.20228375,0.0319988
-0.20208375,0.0319988
-0.20188375,0.0319988
-0.20168375,0.0639975
-0.20148375,0.0639975
-0.20128375,0
-0.20108375,0.0319988
-0.20088375,0
-0.20068375,0.0639975
-0.20048375,0.0319988
-0.20028375,0.0319988
-0.20008375,0
-0.19988375,0
-0.19968375,0.0319988
-0.19948375,0.0319988
-0.19928375,0
-0.19908375,0.0319988
-0.19888375,0
-0.19868375,0
-0.19848375,0.0319988
-0.19828375,0.0319988
-0.19808375,0.0319988
-0.19788375,0.0319988
-0.19768375,-0.0319988
-0.19748375,0
-0.19728375,0
-0.19708375,-0.0319988
-0.19688375,-0.0319988
-0.19668375,0.0319988
-0.19648375,0
-0.19628375,0
-0.19608375,0
-0.19588375,0.0319988
-0.19568375,0.0319988
-0.19548375,0
-0.19528375,-0.0319988
-0.19508375,0
-0.19488375,0
-0.19468375,-0.0319988
-0.19448375,-0.0319988
-0.19428375,0
-0.19408375,-0.0319988
-0.19388375,0
-0.19368375,0
-0.19348375,-0.0319988
-0.19328375,0
-0.19308375,0
-0.19288375,-0.0639975
-0.19268375,-0.0319988
-0.19248375,0.0319988
-0.19228375,-0.0319988
-0.19208375,0.0319988
-0.19188375,0
-0.19168375,0
-0.19148375,0
-0.19128375,0
-0.19108375,0
-0.19088375,0.0319988
-0.19068375,0.0319988
-0.19048375,-0.0639975
-0.19028375,-0.0319988
-0.19008375,0.0319988
-0.18988375,-0.0319988
-0.18968375,0
-0.18948375,0.0319988
-0.18928375,0
-0.18908375,0.0319988
-0.18888375,0.0319988
-0.18868375,0
-0.18848375,-0.0319988
-0.18828375,0.0319988
-0.18808375,0
-0.18788375,0.0319988
-0.18768375,0
-0.18748375,0
-0.18728375,0
-0.18708375,0
-0.18688375,0
-0.18668375,0.0319988
-0.18648375,0.0319988
-0.18628375,0
-0.18608375,0.0319988
-0.18588375,0.0319988
-0.18568375,0
-0.18548375,0
-0.18528375,0.0319988
-0.18508375,0
-0.18488375,0.0319988
-0.18468375,0.0319988
-0.18448375,0.0319988
-0.18428375,0.0319988
-0.18408375,0.0319988
-0.18388375,0
-0.18368375,0.0639975
-0.18348375,0.0319988
-0.18328375,0.0319988
-0.18308375,0.0319988
-0.18288375,0.0319988
-0.18268375,0.0319988
-0.18248375,0.0639975
-0.18228375,0.0319988
-0.18208375,0
-0.18188375,0.0639975
-0.18168375,0
-0.18148375,0.0639975
-0.18128375,0.0319988
-0.18108375,0.0639975
-0.18088375,0.0319988
-0.18068375,0.0319988
-0.18048375,0.0319988
-0.18028375,0.0639975
-0.18008375,0.0639975
-0.17988375,0.0319988
-0.17968375,0
-0.17948375,0
-0.17928375,0.0639975
-0.17908375,0.0639975
-0.17888375,0
-0.17868375,0.0959963
-0.17848375,-0.0319988
-0.17828375,0.0639975
-0.17808375,0.0319988
-0.17788375,0.0319988
-0.17768375,0.0959963
-0.17748375,0.0639975
-0.17728375,0.0639975
-0.17708375,0.0319988
-0.17688375,0.0959963
-0.17668375,0.0319988
-0.17648375,0.0959963
-0.17628375,0.0639975
-0.17608375,0.0639975
-0.17588375,0.0639975
-0.17568375,0.0959963
-0.17548375,0.0639975
-0.17528375,0.0639975
-0.17508375,0.0319988
-0.17488375,0.0639975
-0.17468375,0.0639975
-0.17448375,0.0959963
-0.17428375,0.0319988
-0.17408375,0.0959963
-0.17388375,0.0959963
-0.17368375,0.0319988
-0.17348375,0.0639975
-0.17328375,0.0959963
-0.17308375,0.0959963
-0.17288375,0.0639975
-0.17268375,0.0639975
-0.17248375,0.0959963
-0.17228375,0.0639975
-0.17208375,0.0959963
-0.17188375,0.0639975
-0.17168375,0.0959963
-0.17148375,0.0959963
-0.17128375,0.0319988
-0.17108375,0.0959963
-0.17088375,0.0959963
-0.17068375,0.0639975
-0.17048375,0.127995
-0.17028375,0.0319988
-0.17008375,0.0959963
-0.16988375,0.0959963
-0.16968375,0.0639975
-0.16948375,0.0639975
-0.16928375,0.0639975
-0.16908375,0.0959963
-0.16888375,0.0959963
-0.16868375,0.0639975
-0.16848375,0.0959963
-0.16828375,0.0639975
-0.16808375,0.0639975
-0.16788375,0.0959963
-0.16768375,0.0639975
-0.16748375,0.0959963
-0.16728375,0.0639975
-0.16708375,0.0959963
-0.16688375,0.0959963
-0.16668375,0.0959963
-0.16648375,0.0959963
-0.16628375,0.0959963
-0.16608375,0.0959963
-0.16588375,0.0639975
-0.16568375,0.0959963
-0.16548375,0.0639975
-0.16528375,0.0639975
-0.16508375,0.0639975
-0.16488375,0.0959963
-0.16468375,0.0639975
-0.16448375,0.0639975
-0.16428375,0.0959963
-0.16408375,0.0639975
-0.16388375,0.127995
-0.16368375,0.0959963
-0.16348375,0.127995
-0.16328375,0.127995
-0.16308375,0.0959963
-0.16288375,0.0959963
-0.16268375,0.127995
-0.16248375,0.0959963
-0.16228375,0.127995
-0.16208375,0.127995
-0.16188375,0.127995
-0.16168375,0.127995
-0.16148375,0.0959963
-0.16128375,0.127995
-0.16108375,0.127995
-0.16088375,0.159994
-0.16068375,0.127995
-0.16048375,0.127995
-0.16028375,0.127995
-0.16008375,0.0959963
-0.15988375,0.127995
-0.15968375,0.0959963
-0.15948375,0.0959963
-0.15928375,0.127995
-0.15908375,0.127995
-0.15888375,0.0959963
-0.15868375,0.127995
-0.15848375,0.0959963
-0.15828375,0.0959963
-0.15808375,0.127995
-0.15788375,0.0959963
-0.15768375,0.0639975
-0.15748375,0.127995
-0.15728375,0.0959963
-0.15708375,0.0959963
-0.15688375,0.0959963
-0.15668375,0.127995
-0.15648375,0.0959963
-0.15628375,0.159994
-0.15608375,0.127995
-0.15588375,0.127995
-0.15568375,0.127995
-0.15548375,0.127995
-0.15528375,0.0959963
-0.15508375,0.159994
-0.15488375,0.0639975
-0.15468375,0.159994
-0.15448375,0.0639975
-0.15428375,0.127995
-0.15408375,0.127995
-0.15388375,0.159994
-0.15368375,0.127995
-0.15348375,0.127995
-0.15328375,0.127995
-0.15308375,0.159994
-0.15288375,0.127995
-0.15268375,0.127995
-0.15248375,0.127995
-0.15228375,0.0959963
-0.15208375,0.159994
-0.15188375,0.127995
-0.15168375,0.159994
-0.15148375,0.127995
-0.15128375,0.0959963
-0.15108375,0.127995
-0.15088375,0.0959963
-0.15068375,0.127995
-0.15048375,0.0959963
-0.15028375,0.0959963
-0.15008375,0.127995
-0.14988375,0.159994
-0.14968375,0.127995
-0.14948375,0.159994
-0.14928375,0.127995
-0.14908375,0.159994
-0.14888375,0.127995
-0.14868375,0.127995
-0.14848375,0.127995
-0.14828375,0.127995
-0.14808375,0.127995
-0.14788375,0.127995
-0.14768375,0.0959963
-0.14748375,0.0959963
-0.14728375,0.159994
-0.14708375,0.159994
-0.14688375,0.127995
-0.14668375,0.127995
-0.14648375,0.0959963
-0.14628375,0.159994
-0.14608375,0.127995
-0.14588375,0.0959963
-0.14568375,0.127995
-0.14548375,0.159994
-0.14528375,0.127995
-0.14508375,0.0959963
-0.14488375,0.0959963
-0.14468375,0.127995
-0.14448375,0.127995
-0.14428375,0.127995
-0.14408375,0.0639975
-0.14388375,0.127995
-0.14368375,0.127995
-0.14348375,0.127995
-0.14328375,0.127995
-0.14308375,0.0959963
-0.14288375,0.0959963
-0.14268375,0.0959963
-0.14248375,0.127995
-0.14228375,0.127995
-0.14208375,0.0639975
-0.14188375,0.127995
-0.14168375,0.0959963
-0.14148375,0.127995
-0.14128375,0.0959963
-0.14108375,0.127995
-0.14088375,0.127995
-0.14068375,0.0959963
-0.14048375,0.127995
-0.14028375,0.0959963
-0.14008375,0.127995
-0.13988375,0.127995
-0.13968375,0.0959963
-0.13948375,0.127995
-0.13928375,0.0959963
-0.13908375,0.127995
-0.13888375,0.0319988
-0.13868375,0.0959963
-0.13848375,0.159994
-0.13828375,0.127995
-0.13808375,0.127995
-0.13788375,0.127995
-0.13768375,0.0959963
-0.13748375,0.127995
-0.13728375,0.0959963
-0.13708375,0.127995
-0.13688375,0.127995
-0.13668375,0.127995
-0.13648375,0.127995
-0.13628375,0.0959963
-0.13608375,0.0959963
-0.13588375,0.0959963
-0.13568375,0.0959963
-0.13548375,0.0959963
-0.13528375,0.127995
-0.13508375,0.0959963
-0.13488375,0.0959963
-0.13468375,0.0319988
-0.13448375,0.0639975
-0.13428375,0.0959963
-0.13408375,0.0959963
-0.13388375,0.0639975
-0.13368375,0.0959963
-0.13348375,0.0319988
-0.13328375,0.0959963
-0.13308375,0.0959963
-0.13288375,0.0319988
-0.13268375,0.0639975
-0.13248375,0.0959963
-0.13228375,0
-0.13208375,0.0319988
-0.13188375,0.0639975
-0.13168375,0.0639975
-0.13148375,0.0639975
-0.13128375,0.0639975
-0.13108375,0.0959963
-0.13088375,0.0639975
-0.13068375,0.0639975
-0.13048375,0.0959963
-0.13028375,0.0319988
-0.13008375,0.0639975
-0.12988375,0.0319988
-0.12968375,0.0959963
-0.12948375,0.0319988
-0.12928375,0.0639975
-0.12908375,0.0639975
-0.12888375,0.0639975
-0.12868375,0.0319988
-0.12848375,0.0639975
-0.12828375,0.0319988
-0.12808375,0.0639975
-0.12788375,0.0319988
-0.12768375,0.0959963
-0.12748375,0.0319988
-0.12728375,0.0639975
-0.12708375,0.0639975
-0.12688375,0.0639975
-0.12668375,0.0639975
-0.12648375,0.0639975
-0.12628375,0
-0.12608375,0.0319988
-0.12588375,0.0319988
-0.12568375,0.0319988
-0.12548375,0.0639975
-0.12528375,0.0639975
-0.12508375,0.0319988
-0.12488375,0.0639975
-0.12468375,0.0319988
-0.12448375,0.0639975
-0.12428375,0
-0.12408375,0.0639975
-0.12388375,0.0319988
-0.12368375,0.0319988
-0.12348375,0.0639975
-0.12328375,0.0639975
-0.12308375,0.0639975
-0.12288375,0.0639975
-0.12268375,0.0319988
-0.12248375,0.0639975
-0.12228375,0
-0.12208375,0.0319988
-0.12188375,0.0639975
-0.12168375,0.0639975
-0.12148375,0.0319988
-0.12128375,0
-0.12108375,0.0639975
-0.12088375,0
-0.12068375,0.0319988
-0.12048375,0.0639975
-0.12028375,0
-0.12008375,0.0319988
-0.11988375,0.0639975
-0.11968375,0
-0.11948375,0.0319988
-0.11928375,0.0639975
-0.11908375,0.0319988
-0.11888375,0.0319988
-0.11868375,0.0639975
-0.11848375,0.0319988
-0.11828375,0
-0.11808375,0.0319988
-0.11788375,0
-0.11768375,0.0639975
-0.11748375,0
-0.11728375,0.0319988
-0.11708375,0.0639975
-0.11688375,0.0639975
-0.11668375,0
-0.11648375,0.0319988
-0.11628375,0
-0.11608375,0.0319988
-0.11588375,0.0319988
-0.11568375,0.0639975
-0.11548375,0.0639975
-0.11528375,0.0319988
-0.11508375,0.0639975
-0.11488375,0.0319988
-0.11468375,0.0639975
-0.11448375,0.0319988
-0.11428375,0.0319988
-0.11408375,0.0319988
-0.11388375,0.0639975
-0.11368375,-0.0319988
-0.11348375,0.0639975
-0.11328375,0.0639975
-0.11308375,0
-0.11288375,0.0639975
-0.11268375,0.0319988
-0.11248375,0.0319988
-0.11228375,0.0959963
-0.11208375,0.0639975
-0.11188375,0.0639975
-0.11168375,0.0639975
-0.11148375,0.0639975
-0.11128375,0.0319988
-0.11108375,0.0319988
-0.11088375,0.0319988
-0.11068375,0.0639975
-0.11048375,0.0639975
-0.11028375,0.0639975
-0.11008375,0
-0.10988375,0.0319988
-0.10968375,0.0959963
-0.10948375,0
-0.10928375,0.0319988
-0.10908375,0.0639975
-0.10888375,0.0639975
-0.10868375,0.0639975
-0.10848375,0.0319988
-0.10828375,0
-0.10808375,0.0319988
-0.10788375,0.0319988
-0.10768375,0.0319988
-0.10748375,0.0959963
-0.10728375,0.0319988
-0.10708375,-0.0319988
-0.10688375,0.0319988
-0.10668375,0.0319988
-0.10648375,0
-0.10628375,0.0319988
-0.10608375,0.0319988
-0.10588375,0
-0.10568375,0.0319988
-0.10548375,0.0639975
-0.10528375,0.0319988
-0.10508375,0.0319988
-0.10488375,0.0639975
-0.10468375,0
-0.10448375,0.0639975
-0.10428375,0.0639975
-0.10408375,0
-0.10388375,0.0639975
-0.10368375,0.0639975
-0.10348375,0
-0.10328375,0.0319988
-0.10308375,0.0319988
-0.10288375,0
-0.10268375,0
-0.10248375,0.0319988
-0.10228375,0
-0.10208375,0.0639975
-0.10188375,0.0639975
-0.10168375,0
-0.10148375,0.0319988
-0.10128375,0.0319988
-0.10108375,0.0639975
-0.10088375,0.0639975
-0.10068375,0.0319988
-0.10048375,0.0319988
-0.10028375,0.0639975
-0.10008375,0.0639975
-0.099883751,0.0319988
-0.099683751,0
-0.099483751,0
-0.099283751,-0.0319988
-0.099083751,0.0319988
-0.098883751,0.0319988
-0.098683751,0.0319988
-0.098483751,0.0319988
-0.098283751,0.0319988
-0.098083751,0.0319988
-0.097883751,0
-0.097683751,0
-0.097483751,0.0639975
-0.097283751,0.0319988
-0.097083751,0
-0.096883751,0.0639975
-0.096683751,0.0639975
-0.096483751,0
-0.096283751,0.0319988
-0.096083751,0.0639975
-0.095883751,0.0319988
-0.095683751,0.0639975
-0.095483751,0
-0.095283751,0.0319988
-0.095083751,0
-0.094883751,0.0319988
-0.094683751,0.0639975
-0.094483751,0
-0.094283751,0
-0.094083751,0
-0.093883751,0.0319988
-0.093683751,0.0319988
-0.093483751,0.0639975
-0.093283751,0.0319988
-0.093083751,0.0319988
-0.092883751,0.0319988
-0.092683751,0
-0.092483751,0.0319988
-0.092283751,0
-0.092083751,-0.0639975
-0.091883751,0.0319988
-0.091683751,0
-0.091483751,0
-0.091283751,0
-0.091083751,0.0319988
-0.090883751,-0.0319988
-0.090683751,0.0319988
-0.090483751,0
-0.090283751,0
-0.090083751,0
-0.089883751,0
-0.089683751,0
-0.089483751,0
-0.089283751,0.0639975
-0.089083751,-0.0319988
-0.088883751,0
-0.088683751,0.0319988
-0.088483751,0
-0.088283751,0.0319988
-0.088083751,0.0319988
-0.087883751,-0.0319988
-0.087683751,0
-0.087483751,0
-0.087283751,0.0319988
-0.087083751,0
-0.086883751,0.0319988
-0.086683751,0
-0.086483751,0
-0.086283751,0.0319988
-0.086083751,0
-0.085883751,0
-0.085683751,0
-0.085483751,0
-0.085283751,0
-0.085083751,0
-0.084883751,0
-0.084683751,0
-0.084483751,0
-0.084283751,0
-0.084083751,-0.0319988
-0.083883751,-0.0319988
-0.083683751,0
-0.083483751,-0.0319988
-0.083283751,0
-0.083083751,-0.0319988
-0.082883751,-0.0319988
-0.082683751,0.0319988
-0.082483751,-0.0319988
-0.082283751,0
-0.082083751,0
-0.081883751,-0.0319988
-0.081683751,0
-0.081483751,0
-0.081283751,0
-0.081083751,-0.0319988
-0.080883751,0
-0.080683751,0
-0.080483751,0
-0.080283751,0.0319988
-0.080083751,0.0319988
-0.079883751,0.0319988
-0.079683751,0
-0.079483751,0
-0.079283751,0
-0.079083751,0.0319988
-0.078883751,-0.0319988
-0.078683751,-0.0319988
-0.078483751,0
-0.078283751,-0.0639975
-0.078083751,0
-0.077883751,0
-0.077683751,0
-0.077483751,0.0319988
-0.077283751,0
-0.077083751,-0.0319988
-0.076883751,0
-0.076683751,0.0319988
-0.076483751,-0.0319988
-0.076283751,0
-0.076083751,0
-0.075883751,-0.0319988
-0.075683751,0
-0.075483751,-0.0319988
-0.075283751,0
-0.075083751,-0.0319988
-0.074883751,0.0319988
-0.074683751,-0.0319988
-0.074483751,-0.0319988
-0.074283751,0.0319988
-0.074083751,-0.0639975
-0.073883751,0
-0.073683751,-0.0319988
-0.073483751,-0.0319988
-0.073283751,0.0319988
-0.073083751,0
-0.072883751,0
-0.072683751,-0.0639975
-0.072483751,0
-0.072283751,0
-0.072083751,0
-0.071883751,0
-0.071683751,-0.0319988
-0.071483751,-0.0639975
-0.071283751,-0.0319988
-0.071083751,-0.0319988
-0.070883751,-0.0639975
-0.070683751,0.0319988
-0.070483751,-0.0639975
-0.070283751,0
-0.070083751,-0.0319988
-0.069883751,0
-0.069683751,-0.0319988
-0.069483751,0
-0.069283751,-0.0639975
-0.069083751,-0.0319988
-0.068883751,-0.0319988
-0.068683751,-0.0639975
-0.068483751,-0.0319988
-0.068283751,0
-0.068083751,-0.0959963
-0.067883751,-0.0319988
-0.067683751,-0.0319988
-0.067483751,-0.0319988
-0.067283751,-0.0319988
-0.067083751,0
-0.066883751,-0.0319988
-0.066683751,-0.0319988
-0.066483751,0
-0.066283751,-0.0319988
-0.066083751,0
-0.065883751,0
-0.065683751,-0.0639975
-0.065483751,-0.0319988
-0.065283751,-0.0319988
-0.065083751,-0.0319988
-0.064883751,-0.0319988
-0.064683751,-0.0319988
-0.064483751,-0.0639975
-0.064283751,-0.0319988
-0.064083751,-0.0319988
-0.063883751,-0.0639975
-0.063683751,-0.0319988
-0.063483751,-0.0319988
-0.063283751,-0.0319988
-0.063083751,-0.0319988
-0.062883751,0
-0.062683751,-0.0319988
-0.062483751,-0.0319988
-0.062283751,0
-0.062083751,-0.0639975
-0.061883751,0
-0.061683751,-0.0319988
-0.061483751,-0.0319988
-0.061283751,-0.0639975
-0.061083751,0
-0.060883751,-0.0319988
-0.060683751,-0.0319988
-0.060483751,-0.0319988
-0.060283751,-0.0319988
-0.060083751,0
-0.059883751,-0.0319988
-0.059683751,-0.0639975
-0.059483751,-0.0319988
-0.059283751,-0.0639975
-0.059083751,-0.0319988
-0.058883751,-0.0319988
-0.058683751,-0.0319988
-0.058483751,-0.0319988
-0.058283751,-0.0319988
-0.058083751,-0.0319988
-0.057883751,-0.0639975
-0.057683751,0
-0.057483751,-0.0639975
-0.057283751,-0.0639975
-0.057083751,-0.0319988
-0.056883751,-0.0639975
-0.056683751,0
-0.056483751,0
-0.056283751,-0.0639975
-0.056083751,-0.0639975
-0.055883751,-0.0639975
-0.055683751,-0.0319988
-0.055483751,-0.0639975
-0.055283751,-0.0319988
-0.055083751,-0.0639975
-0.054883751,-0.0959963
-0.054683751,0
-0.054483751,-0.0319988
-0.054283751,-0.0639975
-0.054083751,-0.0319988
-0.053883751,-0.0639975
-0.053683751,-0.0319988
-0.053483751,-0.0639975
-0.053283751,-0.0319988
-0.053083751,-0.0959963
-0.052883751,-0.0639975
-0.052683751,-0.0959963
-0.052483751,-0.0639975
-0.052283751,-0.0319988
-0.052083751,-0.0639975
-0.051883751,-0.0639975
-0.051683751,0
-0.051483751,-0.0639975
-0.051283751,-0.0639975
-0.051083751,-0.0319988
-0.050883751,-0.0319988
-0.050683751,-0.0959963
-0.050483751,-0.0319988
-0.050283751,-0.0639975
-0.050083751,-0.0959963
-0.049883751,-0.0639975
-0.049683751,-0.0639975
-0.049483751,-0.0639975
-0.049283751,-0.0319988
-0.049083751,-0.0639975
-0.048883751,-0.0639975
-0.048683751,-0.0639975
-0.048483751,-0.0319988
-0.048283751,-0.0319988
-0.048083751,-0.0639975
-0.047883751,-0.0319988
-0.047683751,-0.0639975
-0.047483751,-0.0639975
-0.047283751,-0.0319988
-0.047083751,-0.0639975
-0.046883751,-0.0959963
-0.046683751,-0.0959963
-0.046483751,-0.0959963
-0.046283751,-0.0639975
-0.046083751,-0.0639975
-0.045883751,-0.0639975
-0.045683751,-0.0639975
-0.045483751,-0.0639975
-0.045283751,-0.0959963
-0.045083751,-0.0639975
-0.044883751,-0.0639975
-0.044683751,-0.0639975
-0.044483751,-0.127995
-0.044283751,-0.0959963
-0.044083751,-0.0959963
-0.043883751,-0.0639975
-0.043683751,-0.0639975
-0.043483751,-0.0959963
-0.043283751,-0.127995
-0.043083751,-0.0959963
-0.042883751,-0.0959963
-0.042683751,-0.0639975
-0.042483751,-0.0639975
-0.042283751,-0.127995
-0.042083751,-0.0639975
-0.041883751,-0.0319988
-0.041683751,-0.0959963
-0.041483751,-0.127995
-0.041283751,-0.0639975
-0.041083751,-0.0959963
-0.040883751,-0.0639975
-0.040683751,-0.0639975
-0.040483751,-0.127995
-0.040283751,-0.0639975
-0.040083751,-0.0959963
-0.039883751,-0.0959963
-0.039683751,-0.127995
-0.039483751,-0.0639975
-0.039283751,-0.0959963
-0.039083751,-0.127995
-0.038883751,-0.0639975
-0.038683751,-0.0639975
-0.038483751,-0.0959963
-0.038283751,-0.0959963
-0.038083751,-0.127995
-0.037883751,-0.127995
-0.037683751,-0.0639975
-0.037483751,-0.127995
-0.037283751,-0.0639975
-0.037083751,-0.127995
-0.036883751,-0.0959963
-0.036683751,-0.0959963
-0.036483751,-0.0639975
-0.036283751,-0.0959963
-0.036083751,-0.0959963
-0.035883751,-0.0639975
-0.035683751,-0.0959963
-0.035483751,-0.0639975
-0.035283751,-0.0639975
-0.035083751,-0.127995
-0.034883751,-0.127995
-0.034683751,-0.0959963
-0.034483751,-0.0959963
-0.034283751,-0.127995
-0.034083751,-0.0959963
-0.033883751,-0.159994
-0.033683751,-0.0959963
-0.033483751,-0.127995
-0.033283751,-0.0959963
-0.033083751,-0.0639975
-0.032883751,-0.0959963
-0.032683751,-0.127995
-0.032483751,-0.0639975
-0.032283751,-0.127995
-0.032083751,-0.159994
-0.031883751,-0.159994
-0.031683751,-0.0959963
-0.031483751,-0.127995
-0.031283751,-0.0959963
-0.031083751,-0.0639975
-0.030883751,-0.159994
-0.030683751,-0.127995
-0.030483751,-0.0959963
-0.030283751,-0.159994
-0.030083751,-0.0639975
-0.029883751,-0.0959963
-0.029683751,-0.159994
-0.029483751,-0.0959963
-0.029283751,-0.0639975
-0.029083751,-0.127995
-0.028883751,-0.0959963
-0.028683751,-0.0639975
-0.028483751,-0.0959963
-0.028283751,-0.0959963
-0.028083751,-0.0959963
-0.027883751,-0.127995
-0.027683751,-0.0959963
-0.027483751,-0.0959963
-0.027283751,-0.0959963
-0.027083751,-0.0639975
-0.026883751,-0.0959963
-0.026683751,-0.0959963
-0.026483751,-0.0959963
-0.026283751,-0.0959963
-0.026083751,-0.0959963
-0.025883751,-0.127995
-0.025683751,-0.0959963
-0.025483751,-0.0959963
-0.025283751,-0.0959963
-0.025083751,-0.0959963
-0.024883751,-0.0639975
-0.024683751,-0.0639975
-0.024483751,-0.127995
-0.024283751,-0.0639975
-0.024083751,-0.0639975
-0.023883751,-0.0639975
-0.023683751,-0.0959963
-0.023483751,-0.0959963
-0.023283751,-0.0639975
-0.023083751,-0.0959963
-0.022883751,-0.127995
-0.022683751,-0.0959963
-0.022483751,-0.0959963
-0.022283751,-0.127995
-0.022083751,-0.0639975
-0.021883751,-0.127995
-0.021683751,-0.127995
-0.021483751,-0.0959963
-0.021283751,-0.127995
-0.021083751,-0.0959963
-0.020883751,-0.0959963
-0.020683751,-0.127995
-0.020483751,-0.0959963
-0.020283751,-0.0959963
-0.020083751,-0.159994
-0.019883751,-0.0959963
-0.019683751,-0.0959963
-0.019483751,-0.0959963
-0.019283751,-0.127995
-0.019083751,-0.0959963
-0.018883751,-0.159994
-0.018683751,-0.127995
-0.018483751,-0.0959963
-0.018283751,-0.159994
-0.018083751,-0.159994
-0.017883751,-0.0959963
-0.017683751,-0.0959963
-0.017483751,-0.0959963
-0.017283751,-0.127995
-0.017083751,-0.159994
-0.016883751,-0.127995
-0.016683751,-0.0959963
-0.016483751,-0.127995
-0.016283751,-0.127995
-0.016083751,-0.0959963
-0.015883751,-0.223991
-0.015683751,-0.159994
-0.015483751,-0.127995
-0.015283751,-0.159994
-0.015083751,-0.0959963
-0.014883751,-0.127995
-0.014683751,-0.159994
-0.014483751,-0.159994
-0.014283751,-0.0959963
-0.014083751,-0.127995
-0.013883751,-0.159994
-0.013683751,-0.127995
-0.013483751,-0.223991
-0.013283751,-0.127995
-0.013083751,-0.127995
-0.012883751,-0.127995
-0.012683751,-0.159994
-0.012483751,-0.127995
-0.012283751,-0.127995
-0.012083751,-0.127995
-0.011883751,-0.0959963
-0.011683751,-0.159994
-0.011483751,-0.159994
-0.011283751,-0.0959963
-0.011083751,-0.159994
-0.010883751,-0.0959963
-0.010683751,-0.0959963
-0.010483751,-0.159994
-0.010283751,-0.127995
-0.010083751,-0.127995
-0.0098837507,-0.159994
-0.0096837507,-0.127995
-0.0094837507,-0.127995
-0.0092837507,-0.159994
-0.0090837507,-0.159994
-0.0088837507,-0.127995
-0.0086837507,-0.191993
-0.0084837507,-0.191993
-0.0082837507,-0.127995
-0.0080837507,-0.159994
-0.0078837507,-0.127995
-0.0076837507,-0.127995
-0.0074837507,-0.127995
-0.0072837507,-0.127995
-0.0070837507,-0.127995
-0.0068837507,-0.159994
-0.0066837507,-0.159994
-0.0064837507,-0.191993
-0.0062837507,-0.127995
-0.0060837507,-0.159994
-0.0058837507,-0.127995
-0.0056837507,-0.127995
-0.0054837507,-0.159994
-0.0052837507,-0.127995
-0.0050837507,-0.159994
-0.0048837507,-0.159994
-0.0046837507,-0.127995
-0.0044837507,-0.159994
-0.0042837507,-0.127995
-0.0040837507,-0.159994
-0.0038837507,-0.159994
-0.0036837507,-0.159994
-0.0034837507,-0.0959963
-0.0032837507,-0.127995
-0.0030837507,-0.127995
-0.0028837507,-0.0959963
-0.0026837507,-0.127995
-0.0024837507,-0.127995
-0.0022837507,-0.127995
-0.0020837507,-0.159994
-0.0018837507,-0.127995
-0.0016837507,-0.127995
-0.0014837507,-0.159994
-0.0012837507,-0.0959963
-0.0010837507,-0.0959963
-0.0008837507,-0.159994
-0.0006837507,-0.127995
-0.0004837507,-0.127995
-0.0002837507,-0.127995
-8.3750699e-005,-0.0959963
0.0001162493,-0.127995
