LECROYWS42Xs,24809,Waveform
Segments,1,SegmentSize,10002
Segment,TrigTime,TimeSinceSegment1
#1,19-Feb-2003 01:51:52,0                 
Time,Ampl
-2.0001408,0.0319988
-1.9999408,0.0319988
-1.9997408,0.0319988
-1.9995408,0.0319988
-1.9993408,0
-1.9991408,0
-1.9989408,0.0319988
-1.9987408,0
-1.9985408,0
-1.9983408,0.0319988
-1.9981408,-0.0319988
-1.9979408,0.0639975
-1.9977408,0.0319988
-1.9975408,0
-1.9973408,0.0639975
-1.9971408,0.0319988
-1.9969408,-0.0319988
-1.9967408,0
-1.9965408,0
-1.9963408,0.0319988
-1.9961408,0
-1.9959408,0
-1.9957408,0
-1.9955408,0.0319988
-1.9953408,0.0639975
-1.9951408,0.0319988
-1.9949408,0
-1.9947408,0
-1.9945408,0
-1.9943408,0.0319988
-1.9941408,0
-1.9939408,0.0319988
-1.9937408,0
-1.9935408,0.0319988
-1.9933408,0
-1.9931408,0.0319988
-1.9929408,0.0639975
-1.9927408,0
-1.9925408,0.0319988
-1.9923408,0.0319988
-1.9921408,0.0319988
-1.9919408,0.0319988
-1.9917408,0
-1.9915408,0
-1.9913408,0
-1.9911408,0
-1.9909408,0
-1.9907408,0
-1.9905408,0.0319988
-1.9903408,-0.0639975
-1.9901408,-0.0319988
-1.9899408,0
-1.9897408,-0.0319988
-1.9895408,0
-1.9893408,0
-1.9891408,-0.0639975
-1.9889408,-0.0319988
-1.9887408,0
-1.9885408,-0.0639975
-1.9883408,-0.0319988
-1.9881408,0
-1.9879408,-0.0639975
-1.9877408,-0.0639975
-1.9875408,-0.0319988
-1.9873408,-0.0319988
-1.9871408,-0.0319988
-1.9869408,-0.0319988
-1.9867408,-0.0319988
-1.9865408,-0.0639975
-1.9863408,-0.0319988
-1.9861408,-0.0959963
-1.9859408,-0.0319988
-1.9857408,-0.0639975
-1.9855408,-0.0959963
-1.9853408,-0.0319988
-1.9851408,-0.0959963
-1.9849408,-0.0959963
-1.9847408,-0.0959963
-1.9845408,-0.0959963
-1.9843408,-0.0959963
-1.9841408,-0.0319988
-1.9839408,-0.0639975
-1.9837408,-0.0639975
-1.9835408,-0.0639975
-1.9833408,-0.0959963
-1.9831408,-0.0639975
-1.9829408,-0.0319988
-1.9827408,-0.0639975
-1.9825408,-0.0959963
-1.9823408,-0.0639975
-1.9821408,-0.0959963
-1.9819408,-0.0959963
-1.9817408,-0.0639975
-1.9815408,-0.0639975
-1.9813408,-0.0959963
-1.9811408,-0.0639975
-1.9809408,-0.0639975
-1.9807408,-0.0959963
-1.9805408,-0.0639975
-1.9803408,-0.0319988
-1.9801408,-0.0959963
-1.9799408,-0.0639975
-1.9797408,-0.0639975
-1.9795408,-0.0639975
-1.9793408,-0.0959963
-1.9791408,-0.0639975
-1.9789408,-0.127995
-1.9787408,-0.0319988
-1.9785408,-0.0639975
-1.9783408,-0.127995
-1.9781408,-0.0639975
-1.9779408,-0.0319988
-1.9777408,-0.0639975
-1.9775408,-0.0319988
-1.9773408,-0.0959963
-1.9771408,-0.0639975
-1.9769408,-0.0639975
-1.9767408,-0.0319988
-1.9765408,-0.0639975
-1.9763408,-0.0959963
-1.9761408,0
-1.9759408,-0.0959963
-1.9757408,0
-1.9755408,-0.0639975
-1.9753408,-0.0639975
-1.9751408,-0.0319988
-1.9749408,-0.0639975
-1.9747408,-0.0639975
-1.9745408,-0.0639975
-1.9743408,-0.0639975
-1.9741408,-0.0959963
-1.9739408,-0.0639975
-1.9737408,-0.0319988
-1.9735408,-0.0639975
-1.9733408,-0.0639975
-1.9731408,-0.0319988
-1.9729408,-0.0639975
-1.9727408,-0.0319988
-1.9725408,-0.0319988
-1.9723408,-0.0639975
-1.9721408,0
-1.9719408,-0.0319988
-1.9717408,-0.0639975
-1.9715408,-0.0319988
-1.9713408,0
-1.9711408,-0.0639975
-1.9709408,-0.0319988
-1.9707408,0.0319988
-1.9705408,0
-1.9703408,-0.0319988
-1.9701408,-0.0319988
-1.9699408,-0.0639975
-1.9697408,0
-1.9695408,0
-1.9693408,-0.0319988
-1.9691408,-0.0319988
-1.9689408,0
-1.9687408,-0.0319988
-1.9685408,0
-1.9683408,0.0319988
-1.9681408,-0.0319988
-1.9679408,0
-1.9677408,0.0319988
-1.9675408,0
-1.9673408,0
-1.9671408,0
-1.9669408,0
-1.9667408,0
-1.9665408,-0.0319988
-1.9663408,0
-1.9661408,0
-1.9659408,0
-1.9657408,-0.0639975
-1.9655408,0
-1.9653408,0.0319988
-1.9651408,0
-1.9649408,0
-1.9647408,0.0319988
-1.9645408,-0.0319988
-1.9643408,0.0639975
-1.9641408,0.0319988
-1.9639408,-0.0319988
-1.9637408,0
-1.9635408,0.0319988
-1.9633408,-0.0319988
-1.9631408,0.0319988
-1.9629408,0.0319988
-1.9627408,0.0319988
-1.9625408,-0.0319988
-1.9623408,0.0319988
-1.9621408,-0.0319988
-1.9619408,0.0319988
-1.9617408,0
-1.9615408,0
-1.9613408,0
-1.9611408,0.0319988
-1.9609408,0.0319988
-1.9607408,0.0319988
-1.9605408,0
-1.9603408,-0.0319988
-1.9601408,0.0319988
-1.9599408,-0.0319988
-1.9597408,-0.0319988
-1.9595408,-0.0319988
-1.9593408,0
-1.9591408,0
-1.9589408,0
-1.9587408,0.0319988
-1.9585408,-0.0319988
-1.9583408,-0.0319988
-1.9581408,0
-1.9579408,0
-1.9577408,0.0639975
-1.9575408,0
-1.9573408,-0.0319988
-1.9571408,0.0319988
-1.9569408,0
-1.9567408,0
-1.9565408,0.0319988
-1.9563408,0
-1.9561408,0.0319988
-1.9559408,0
-1.9557408,0.0319988
-1.9555408,-0.0319988
-1.9553408,0.0639975
-1.9551408,0.0639975
-1.9549408,0
-1.9547408,0.0319988
-1.9545408,0.0319988
-1.9543408,0
-1.9541408,0
-1.9539408,0.0319988
-1.9537408,0
-1.9535408,0
-1.9533408,0.0319988
-1.9531408,0.0639975
-1.9529408,0.0319988
-1.9527408,0.0319988
-1.9525408,0
-1.9523408,0
-1.9521408,0.0319988
-1.9519408,0
-1.9517408,0
-1.9515408,0.0319988
-1.9513408,-0.0319988
-1.9511408,0
-1.9509408,0.0319988
-1.9507408,-0.0319988
-1.9505408,0.0319988
-1.9503408,0
-1.9501408,0
-1.9499408,0
-1.9497408,0
-1.9495408,0
-1.9493408,0
-1.9491408,0
-1.9489408,-0.0319988
-1.9487408,-0.0639975
-1.9485408,0.0319988
-1.9483408,-0.0319988
-1.9481408,-0.0319988
-1.9479408,0
-1.9477408,-0.0319988
-1.9475408,0
-1.9473408,-0.0319988
-1.9471408,0
-1.9469408,0
-1.9467408,-0.0319988
-1.9465408,-0.0319988
-1.9463408,0
-1.9461408,0
-1.9459408,-0.0639975
-1.9457408,-0.0959963
-1.9455408,-0.0639975
-1.9453408,-0.0639975
-1.9451408,-0.0639975
-1.9449408,-0.0319988
-1.9447408,-0.0959963
-1.9445408,0
-1.9443408,-0.0319988
-1.9441408,-0.0639975
-1.9439408,-0.0959963
-1.9437408,-0.0319988
-1.9435408,-0.0639975
-1.9433408,-0.0319988
-1.9431408,-0.0319988
-1.9429408,-0.0639975
-1.9427408,-0.0319988
-1.9425408,0
-1.9423408,-0.0639975
-1.9421408,-0.0319988
-1.9419408,-0.0319988
-1.9417408,-0.0639975
-1.9415408,-0.0319988
-1.9413408,-0.0319988
-1.9411408,-0.0319988
-1.9409408,-0.0319988
-1.9407408,-0.0959963
-1.9405408,-0.0639975
-1.9403408,-0.0639975
-1.9401408,-0.0319988
-1.9399408,-0.0319988
-1.9397408,-0.0639975
-1.9395408,-0.0319988
-1.9393408,-0.0959963
-1.9391408,-0.0319988
-1.9389408,-0.0959963
-1.9387408,-0.0639975
-1.9385408,-0.0319988
-1.9383408,-0.0319988
-1.9381408,-0.0639975
-1.9379408,-0.0639975
-1.9377408,-0.0639975
-1.9375408,-0.0639975
-1.9373408,-0.0639975
-1.9371408,-0.0639975
-1.9369408,-0.0959963
-1.9367408,-0.0319988
-1.9365408,-0.0319988
-1.9363408,-0.127995
-1.9361408,-0.0319988
-1.9359408,-0.0319988
-1.9357408,-0.0639975
-1.9355408,-0.0319988
-1.9353408,-0.0639975
-1.9351408,-0.0639975
-1.9349408,-0.0319988
-1.9347408,-0.0639975
-1.9345408,-0.0959963
-1.9343408,-0.0319988
-1.9341408,-0.0639975
-1.9339408,-0.0639975
-1.9337408,-0.0639975
-1.9335408,-0.0639975
-1.9333408,-0.0959963
-1.9331408,-0.0319988
-1.9329408,-0.0639975
-1.9327408,-0.0959963
-1.9325408,-0.0639975
-1.9323408,-0.0319988
-1.9321408,-0.0639975
-1.9319408,-0.0639975
-1.9317408,-0.0639975
-1.9315408,-0.0959963
-1.9313408,-0.0639975
-1.9311408,-0.0319988
-1.9309408,-0.0639975
-1.9307408,-0.0319988
-1.9305408,-0.0319988
-1.9303408,-0.0639975
-1.9301408,-0.0319988
-1.9299408,-0.0639975
-1.9297408,0
-1.9295408,-0.0319988
-1.9293408,-0.0319988
-1.9291408,-0.0319988
-1.9289408,-0.0639975
-1.9287408,-0.0319988
-1.9285408,-0.0639975
-1.9283408,-0.0319988
-1.9281408,-0.0319988
-1.9279408,-0.0639975
-1.9277408,-0.0639975
-1.9275408,0
-1.9273408,-0.0639975
-1.9271408,-0.0639975
-1.9269408,-0.0319988
-1.9267408,-0.0319988
-1.9265408,-0.0319988
-1.9263408,-0.0319988
-1.9261408,-0.0639975
-1.9259408,-0.0319988
-1.9257408,-0.0639975
-1.9255408,-0.0319988
-1.9253408,-0.0639975
-1.9251408,-0.0319988
-1.9249408,-0.0639975
-1.9247408,-0.0319988
-1.9245408,-0.0319988
-1.9243408,-0.0959963
-1.9241408,0
-1.9239408,-0.0319988
-1.9237408,-0.0639975
-1.9235408,-0.0959963
-1.9233408,-0.0319988
-1.9231408,-0.0639975
-1.9229408,-0.0319988
-1.9227408,-0.0639975
-1.9225408,-0.0639975
-1.9223408,-0.0639975
-1.9221408,-0.0319988
-1.9219408,-0.0959963
-1.9217408,-0.0319988
-1.9215408,-0.0319988
-1.9213408,-0.0639975
-1.9211408,0
-1.9209408,-0.0319988
-1.9207408,-0.0639975
-1.9205408,-0.0959963
-1.9203408,-0.0959963
-1.9201408,-0.0639975
-1.9199408,-0.0639975
-1.9197408,-0.0319988
-1.9195408,-0.0639975
-1.9193408,-0.0639975
-1.9191408,0.0319988
-1.9189408,-0.0639975
-1.9187408,-0.0319988
-1.9185408,-0.0319988
-1.9183408,-0.0959963
-1.9181408,-0.0639975
-1.9179408,-0.0639975
-1.9177408,-0.0959963
-1.9175408,-0.0319988
-1.9173408,-0.0639975
-1.9171408,-0.0959963
-1.9169408,-0.0639975
-1.9167408,-0.0639975
-1.9165408,-0.0959963
-1.9163408,-0.0639975
-1.9161408,-0.0639975
-1.9159408,-0.127995
-1.9157408,-0.127995
-1.9155408,-0.0639975
-1.9153408,-0.0959963
-1.9151408,-0.0639975
-1.9149408,-0.0319988
-1.9147408,-0.127995
-1.9145408,-0.0319988
-1.9143408,-0.0639975
-1.9141408,-0.0639975
-1.9139408,-0.0959963
-1.9137408,0
-1.9135408,-0.0959963
-1.9133408,-0.0959963
-1.9131408,-0.0959963
-1.9129408,-0.0959963
-1.9127408,-0.0639975
-1.9125408,-0.0319988
-1.9123408,-0.127995
-1.9121408,-0.0639975
-1.9119408,-0.0959963
-1.9117408,-0.0959963
-1.9115408,-0.0959963
-1.9113408,-0.0319988
-1.9111408,-0.0639975
-1.9109408,-0.0639975
-1.9107408,-0.0319988
-1.9105408,-0.0639975
-1.9103408,-0.0959963
-1.9101408,-0.0639975
-1.9099408,-0.0639975
-1.9097408,-0.0639975
-1.9095408,-0.0319988
-1.9093408,-0.0959963
-1.9091408,-0.0639975
-1.9089408,-0.0639975
-1.9087408,-0.0959963
-1.9085408,-0.0639975
-1.9083408,-0.0959963
-1.9081408,-0.0639975
-1.9079408,-0.0639975
-1.9077408,-0.0639975
-1.9075408,-0.0959963
-1.9073408,-0.0639975
-1.9071408,-0.0319988
-1.9069408,-0.159994
-1.9067408,-0.0319988
-1.9065408,-0.0639975
-1.9063408,-0.0959963
-1.9061408,-0.0639975
-1.9059408,-0.0319988
-1.9057408,-0.0639975
-1.9055408,-0.0959963
-1.9053408,-0.0319988
-1.9051408,-0.0959963
-1.9049408,-0.0639975
-1.9047408,-0.0639975
-1.9045408,-0.0959963
-1.9043408,0
-1.9041408,-0.0639975
-1.9039408,-0.0639975
-1.9037408,-0.0639975
-1.9035408,-0.0639975
-1.9033408,-0.0639975
-1.9031408,-0.0959963
-1.9029408,-0.0319988
-1.9027408,-0.0639975
-1.9025408,-0.0319988
-1.9023408,-0.0319988
-1.9021408,-0.0639975
-1.9019408,0
-1.9017408,-0.0319988
-1.9015408,-0.0639975
-1.9013408,-0.0319988
-1.9011408,-0.0319988
-1.9009408,-0.0319988
-1.9007408,-0.0639975
-1.9005408,-0.0639975
-1.9003408,-0.0959963
-1.9001408,-0.0319988
-1.8999408,-0.0639975
-1.8997408,-0.0639975
-1.8995408,-0.0319988
-1.8993408,-0.0639975
-1.8991408,-0.0319988
-1.8989408,-0.0319988
-1.8987408,-0.0639975
-1.8985408,-0.0639975
-1.8983408,-0.0319988
-1.8981408,-0.0319988
-1.8979408,-0.0639975
-1.8977408,-0.0639975
-1.8975408,-0.0319988
-1.8973408,-0.0639975
-1.8971408,-0.0639975
-1.8969408,-0.0639975
-1.8967408,-0.0639975
-1.8965408,-0.0639975
-1.8963408,-0.0319988
-1.8961408,-0.0639975
-1.8959408,0
-1.8957408,-0.0959963
-1.8955408,-0.0959963
-1.8953408,0
-1.8951408,-0.0319988
-1.8949408,-0.0959963
-1.8947408,-0.0319988
-1.8945408,-0.0639975
-1.8943408,-0.0959963
-1.8941408,-0.0319988
-1.8939408,-0.0319988
-1.8937408,-0.0959963
-1.8935408,-0.0319988
-1.8933408,0
-1.8931408,-0.0639975
-1.8929408,-0.0319988
-1.8927408,-0.0319988
-1.8925408,-0.0959963
-1.8923408,-0.0319988
-1.8921408,0
-1.8919408,-0.0959963
-1.8917408,-0.0319988
-1.8915408,-0.0639975
-1.8913408,-0.0639975
-1.8911408,-0.0319988
-1.8909408,-0.0319988
-1.8907408,-0.0639975
-1.8905408,-0.0959963
-1.8903408,-0.0319988
-1.8901408,-0.0959963
-1.8899408,-0.0959963
-1.8897408,-0.0319988
-1.8895408,-0.0639975
-1.8893408,-0.0319988
-1.8891408,-0.0639975
-1.8889408,-0.0319988
-1.8887408,-0.0639975
-1.8885408,-0.0639975
-1.8883408,-0.0959963
-1.8881408,-0.0639975
-1.8879408,-0.0639975
-1.8877408,-0.0959963
-1.8875408,-0.0639975
-1.8873408,-0.0639975
-1.8871408,-0.0959963
-1.8869408,-0.0959963
-1.8867408,-0.0639975
-1.8865408,-0.0639975
-1.8863408,-0.0959963
-1.8861408,-0.0639975
-1.8859408,-0.0959963
-1.8857408,-0.0639975
-1.8855408,-0.0319988
-1.8853408,-0.0639975
-1.8851408,-0.0639975
-1.8849408,-0.0639975
-1.8847408,-0.0639975
-1.8845408,-0.0639975
-1.8843408,-0.0639975
-1.8841408,-0.0959963
-1.8839408,-0.0959963
-1.8837408,-0.0639975
-1.8835408,-0.127995
-1.8833408,-0.0959963
-1.8831408,-0.0639975
-1.8829408,-0.0959963
-1.8827408,-0.0959963
-1.8825408,-0.127995
-1.8823408,-0.0639975
-1.8821408,-0.0959963
-1.8819408,-0.0959963
-1.8817408,-0.0639975
-1.8815408,-0.0639975
-1.8813408,-0.0639975
-1.8811408,-0.127995
-1.8809408,-0.0959963
-1.8807408,-0.0959963
-1.8805408,-0.0639975
-1.8803408,-0.0639975
-1.8801408,-0.0959963
-1.8799408,-0.0959963
-1.8797408,-0.0639975
-1.8795408,-0.0959963
-1.8793408,-0.127995
-1.8791408,-0.127995
-1.8789408,-0.0959963
-1.8787408,-0.127995
-1.8785408,-0.0959963
-1.8783408,-0.0959963
-1.8781408,-0.0959963
-1.8779408,-0.0959963
-1.8777408,-0.0959963
-1.8775408,-0.127995
-1.8773408,-0.0959963
-1.8771408,-0.127995
-1.8769408,-0.159994
-1.8767408,-0.0639975
-1.8765408,-0.0959963
-1.8763408,-0.0959963
-1.8761408,-0.0639975
-1.8759408,-0.0959963
-1.8757408,-0.0959963
-1.8755408,-0.0959963
-1.8753408,-0.0959963
-1.8751408,-0.127995
-1.8749408,-0.0959963
-1.8747408,-0.127995
-1.8745408,-0.127995
-1.8743408,-0.0639975
-1.8741408,-0.0959963
-1.8739408,-0.127995
-1.8737408,-0.0959963
-1.8735408,-0.127995
-1.8733408,-0.127995
-1.8731408,-0.0959963
-1.8729408,-0.127995
-1.8727408,-0.127995
-1.8725408,-0.127995
-1.8723408,-0.0639975
-1.8721408,-0.127995
-1.8719408,-0.0959963
-1.8717408,-0.0959963
-1.8715408,-0.127995
-1.8713408,-0.127995
-1.8711408,-0.127995
-1.8709408,-0.127995
-1.8707408,-0.127995
-1.8705408,-0.0959963
-1.8703408,-0.159994
-1.8701408,-0.127995
-1.8699408,-0.159994
-1.8697408,-0.127995
-1.8695408,-0.127995
-1.8693408,-0.0959963
-1.8691408,-0.0959963
-1.8689408,-0.127995
-1.8687408,-0.159994
-1.8685408,-0.127995
-1.8683408,-0.127995
-1.8681408,-0.0959963
-1.8679408,-0.159994
-1.8677408,-0.127995
-1.8675408,-0.0959963
-1.8673408,-0.127995
-1.8671408,-0.0959963
-1.8669408,-0.0639975
-1.8667408,-0.0959963
-1.8665408,-0.159994
-1.8663408,-0.0959963
-1.8661408,-0.159994
-1.8659408,-0.0959963
-1.8657408,-0.0959963
-1.8655408,-0.0959963
-1.8653408,-0.0959963
-1.8651408,-0.0639975
-1.8649408,-0.127995
-1.8647408,-0.127995
-1.8645408,-0.0959963
-1.8643408,-0.127995
-1.8641408,-0.159994
-1.8639408,-0.127995
-1.8637408,-0.0959963
-1.8635408,-0.0959963
-1.8633408,-0.0959963
-1.8631408,-0.0959963
-1.8629408,-0.127995
-1.8627408,-0.127995
-1.8625408,-0.127995
-1.8623408,-0.127995
-1.8621408,-0.0959963
-1.8619408,-0.0959963
-1.8617408,-0.127995
-1.8615408,-0.0639975
-1.8613408,-0.127995
-1.8611408,-0.0959963
-1.8609408,-0.0639975
-1.8607408,-0.127995
-1.8605408,-0.159994
-1.8603408,-0.127995
-1.8601408,-0.127995
-1.8599408,-0.127995
-1.8597408,-0.159994
-1.8595408,-0.127995
-1.8593408,-0.127995
-1.8591408,-0.0959963
-1.8589408,-0.127995
-1.8587408,-0.127995
-1.8585408,-0.0959963
-1.8583408,-0.127995
-1.8581408,-0.127995
-1.8579408,-0.0959963
-1.8577408,-0.127995
-1.8575408,-0.127995
-1.8573408,-0.0959963
-1.8571408,-0.0959963
-1.8569408,-0.0959963
-1.8567408,-0.0639975
-1.8565408,-0.159994
-1.8563408,-0.0959963
-1.8561408,-0.0959963
-1.8559408,-0.127995
-1.8557408,-0.0959963
-1.8555408,-0.0639975
-1.8553408,-0.127995
-1.8551408,-0.127995
-1.8549408,-0.0959963
-1.8547408,-0.0959963
-1.8545408,-0.159994
-1.8543408,-0.0639975
-1.8541408,-0.0959963
-1.8539408,-0.0639975
-1.8537408,-0.0639975
-1.8535408,-0.0959963
-1.8533408,-0.0959963
-1.8531408,-0.0639975
-1.8529408,-0.159994
-1.8527408,-0.127995
-1.8525408,-0.0959963
-1.8523408,-0.0959963
-1.8521408,-0.0959963
-1.8519408,-0.0639975
-1.8517408,-0.0959963
-1.8515408,-0.0959963
-1.8513408,-0.0639975
-1.8511408,-0.0639975
-1.8509408,-0.127995
-1.8507408,-0.0319988
-1.8505408,-0.0639975
-1.8503408,-0.0319988
-1.8501408,-0.0639975
-1.8499408,-0.0959963
-1.8497408,-0.0639975
-1.8495408,-0.0959963
-1.8493408,-0.127995
-1.8491408,-0.0959963
-1.8489408,-0.0959963
-1.8487408,-0.0959963
-1.8485408,-0.0959963
-1.8483408,-0.0959963
-1.8481408,-0.0959963
-1.8479408,-0.0959963
-1.8477408,-0.0639975
-1.8475408,-0.0959963
-1.8473408,-0.0959963
-1.8471408,-0.0959963
-1.8469408,-0.127995
-1.8467408,-0.0319988
-1.8465408,-0.0319988
-1.8463408,-0.0959963
-1.8461408,-0.0639975
-1.8459408,-0.0959963
-1.8457408,-0.127995
-1.8455408,-0.0639975
-1.8453408,-0.0319988
-1.8451408,-0.0959963
-1.8449408,-0.0639975
-1.8447408,-0.0639975
-1.8445408,-0.0959963
-1.8443408,-0.0959963
-1.8441408,-0.0639975
-1.8439408,-0.0959963
-1.8437408,-0.0959963
-1.8435408,-0.0639975
-1.8433408,-0.0639975
-1.8431408,-0.0319988
-1.8429408,-0.0639975
-1.8427408,-0.0639975
-1.8425408,-0.0959963
-1.8423408,-0.0639975
-1.8421408,-0.0959963
-1.8419408,-0.0639975
-1.8417408,-0.0639975
-1.8415408,-0.0959963
-1.8413408,-0.0959963
-1.8411408,-0.0639975
-1.8409408,-0.0959963
-1.8407408,-0.0639975
-1.8405408,-0.0319988
-1.8403408,-0.0319988
-1.8401408,-0.0639975
-1.8399408,-0.0639975
-1.8397408,-0.0959963
-1.8395408,-0.0639975
-1.8393408,-0.0319988
-1.8391408,-0.0639975
-1.8389408,-0.0319988
-1.8387408,-0.0639975
-1.8385408,-0.0639975
-1.8383408,-0.0319988
-1.8381408,-0.0319988
-1.8379408,0
-1.8377408,-0.0319988
-1.8375408,-0.0639975
-1.8373408,-0.0319988
-1.8371408,-0.0319988
-1.8369408,-0.0639975
-1.8367408,-0.0319988
-1.8365408,-0.0319988
-1.8363408,0
-1.8361408,-0.0639975
-1.8359408,-0.0319988
-1.8357408,-0.0319988
-1.8355408,-0.0319988
-1.8353408,-0.0319988
-1.8351408,-0.0319988
-1.8349408,-0.0319988
-1.8347408,-0.0319988
-1.8345408,0
-1.8343408,-0.0639975
-1.8341408,-0.0319988
-1.8339408,-0.0319988
-1.8337408,-0.0639975
-1.8335408,-0.0319988
-1.8333408,0
-1.8331408,0
-1.8329408,0
-1.8327408,-0.0319988
-1.8325408,-0.0319988
-1.8323408,-0.0319988
-1.8321408,-0.0639975
-1.8319408,-0.0639975
-1.8317408,-0.0319988
-1.8315408,0
-1.8313408,0
-1.8311408,0
-1.8309408,0.0319988
-1.8307408,-0.0319988
-1.8305408,0
-1.8303408,0
-1.8301408,-0.0319988
-1.8299408,-0.0319988
-1.8297408,0
-1.8295408,-0.0319988
-1.8293408,-0.0319988
-1.8291408,0
-1.8289408,-0.0319988
-1.8287408,0
-1.8285408,0.0319988
-1.8283408,-0.0319988
-1.8281408,0.0639975
-1.8279408,0.0639975
-1.8277408,0.0319988
-1.8275408,0.0319988
-1.8273408,0
-1.8271408,0
-1.8269408,0.0319988
-1.8267408,0.0319988
-1.8265408,0.0319988
-1.8263408,0.0319988
-1.8261408,0.0639975
-1.8259408,-0.0319988
-1.8257408,0.0319988
-1.8255408,0.0319988
-1.8253408,0.0639975
-1.8251408,0
-1.8249408,0.0639975
-1.8247408,-0.0319988
-1.8245408,0
-1.8243408,0.0319988
-1.8241408,0
-1.8239408,0
-1.8237408,0.0639975
-1.8235408,0.0639975
-1.8233408,0.0319988
-1.8231408,0
-1.8229408,0.0319988
-1.8227408,0.0319988
-1.8225408,0.0639975
-1.8223408,0
-1.8221408,0
-1.8219408,0.0319988
-1.8217408,0.0319988
-1.8215408,0.0319988
-1.8213408,0
-1.8211408,0.0319988
-1.8209408,0.0319988
-1.8207408,0.0319988
-1.8205408,0.0319988
-1.8203408,0.0319988
-1.8201408,0.0639975
-1.8199408,0.0319988
-1.8197408,0.0639975
-1.8195408,0.0319988
-1.8193408,0.0319988
-1.8191408,0
-1.8189408,0.0639975
-1.8187408,0.0639975
-1.8185408,0.0319988
-1.8183408,0.0639975
-1.8181408,0.0319988
-1.8179408,0.0319988
-1.8177408,0.0639975
-1.8175408,0
-1.8173408,0.0639975
-1.8171408,0.0319988
-1.8169408,0.0319988
-1.8167408,0.0639975
-1.8165408,0.0319988
-1.8163408,0
-1.8161408,0
-1.8159408,0.0639975
-1.8157408,0
-1.8155408,0.0319988
-1.8153408,0.0319988
-1.8151408,0.0639975
-1.8149408,0.0319988
-1.8147408,0.0639975
-1.8145408,0
-1.8143408,0.0319988
-1.8141408,0.0319988
-1.8139408,-0.0319988
-1.8137408,0
-1.8135408,0.0639975
-1.8133408,0
-1.8131408,0.0319988
-1.8129408,0.0319988
-1.8127408,0
-1.8125408,0
-1.8123408,0.0319988
-1.8121408,0
-1.8119408,0
-1.8117408,0
-1.8115408,0.0319988
-1.8113408,0.0319988
-1.8111408,0.0319988
-1.8109408,0
-1.8107408,0.0639975
-1.8105408,0.0319988
-1.8103408,0.0319988
-1.8101408,0
-1.8099408,0
-1.8097408,0
-1.8095408,0
-1.8093408,0.0639975
-1.8091408,-0.0319988
-1.8089408,-0.0319988
-1.8087408,0
-1.8085408,-0.0319988
-1.8083408,0
-1.8081408,0.0319988
-1.8079408,-0.0319988
-1.8077408,0.0639975
-1.8075408,0.0319988
-1.8073408,-0.0319988
-1.8071408,0
-1.8069408,-0.0319988
-1.8067408,-0.0319988
-1.8065408,0
-1.8063408,0
-1.8061408,0
-1.8059408,-0.0319988
-1.8057408,0
-1.8055408,-0.0319988
-1.8053408,-0.0319988
-1.8051408,-0.0319988
-1.8049408,-0.0319988
-1.8047408,-0.0319988
-1.8045408,0.0319988
-1.8043408,0
-1.8041408,0.0319988
-1.8039408,-0.0319988
-1.8037408,-0.0319988
-1.8035408,-0.0639975
-1.8033408,0.0319988
-1.8031408,-0.0639975
-1.8029408,0.0319988
-1.8027408,0
-1.8025408,-0.0639975
-1.8023408,0
-1.8021408,0.0319988
-1.8019408,-0.0639975
-1.8017408,-0.0319988
-1.8015408,-0.0319988
-1.8013408,-0.0319988
-1.8011408,-0.0639975
-1.8009408,-0.0319988
-1.8007408,-0.0959963
-1.8005408,-0.0319988
-1.8003408,-0.0639975
-1.8001408,-0.0319988
-1.7999408,0
-1.7997408,0.0319988
-1.7995408,-0.0639975
-1.7993408,-0.0319988
-1.7991408,0
-1.7989408,-0.0959963
-1.7987408,0.0319988
-1.7985408,-0.0319988
-1.7983408,-0.0639975
-1.7981408,-0.0319988
-1.7979408,-0.0319988
-1.7977408,-0.0639975
-1.7975408,0
-1.7973408,-0.0639975
-1.7971408,-0.0959963
-1.7969408,-0.0319988
-1.7967408,0
-1.7965408,-0.0319988
-1.7963408,-0.0319988
-1.7961408,-0.0319988
-1.7959408,-0.0639975
-1.7957408,-0.0319988
-1.7955408,0
-1.7953408,-0.0319988
-1.7951408,-0.0319988
-1.7949408,0
-1.7947408,-0.0639975
-1.7945408,-0.0639975
-1.7943408,-0.0959963
-1.7941408,-0.0959963
-1.7939408,0
-1.7937408,-0.0319988
-1.7935408,-0.0959963
-1.7933408,-0.0319988
-1.7931408,-0.0319988
-1.7929408,-0.0959963
-1.7927408,-0.0319988
-1.7925408,-0.0319988
-1.7923408,-0.0639975
-1.7921408,0
-1.7919408,-0.0319988
-1.7917408,-0.0639975
-1.7915408,-0.0319988
-1.7913408,-0.0639975
-1.7911408,-0.0639975
-1.7909408,-0.0639975
-1.7907408,-0.0639975
-1.7905408,-0.0319988
-1.7903408,-0.0319988
-1.7901408,0
-1.7899408,-0.0639975
-1.7897408,-0.0639975
-1.7895408,-0.0319988
-1.7893408,-0.0639975
-1.7891408,-0.0639975
-1.7889408,0
-1.7887408,-0.0959963
-1.7885408,-0.0639975
-1.7883408,-0.0319988
-1.7881408,-0.0639975
-1.7879408,0
-1.7877408,0
-1.7875408,0
-1.7873408,-0.0319988
-1.7871408,-0.0319988
-1.7869408,-0.0319988
-1.7867408,0
-1.7865408,-0.0319988
-1.7863408,-0.0639975
-1.7861408,-0.0319988
-1.7859408,-0.0319988
-1.7857408,-0.0639975
-1.7855408,0
-1.7853408,0
-1.7851408,-0.0639975
-1.7849408,0
-1.7847408,-0.0639975
-1.7845408,-0.0959963
-1.7843408,0
-1.7841408,-0.0639975
-1.7839408,-0.0319988
-1.7837408,0
-1.7835408,-0.0319988
-1.7833408,-0.0319988
-1.7831408,-0.0639975
-1.7829408,-0.0639975
-1.7827408,-0.0319988
-1.7825408,-0.0319988
-1.7823408,-0.0319988
-1.7821408,-0.0639975
-1.7819408,0
-1.7817408,0
-1.7815408,-0.0639975
-1.7813408,0
-1.7811408,-0.0319988
-1.7809408,-0.0319988
-1.7807408,-0.0319988
-1.7805408,0
-1.7803408,-0.0639975
-1.7801408,0.0319988
-1.7799408,0
-1.7797408,-0.0319988
-1.7795408,0.0319988
-1.7793408,-0.0319988
-1.7791408,-0.0639975
-1.7789408,-0.0319988
-1.7787408,0
-1.7785408,-0.0319988
-1.7783408,-0.0319988
-1.7781408,-0.0319988
-1.7779408,-0.0639975
-1.7777408,0
-1.7775408,0.0319988
-1.7773408,-0.0959963
-1.7771408,-0.0319988
-1.7769408,-0.0959963
-1.7767408,-0.0319988
-1.7765408,0
-1.7763408,-0.0639975
-1.7761408,-0.0319988
-1.7759408,-0.0639975
-1.7757408,-0.0319988
-1.7755408,-0.0639975
-1.7753408,-0.0319988
-1.7751408,-0.0639975
-1.7749408,-0.0639975
-1.7747408,-0.0639975
-1.7745408,-0.0319988
-1.7743408,-0.0639975
-1.7741408,-0.0639975
-1.7739408,-0.0639975
-1.7737408,-0.0639975
-1.7735408,-0.0319988
-1.7733408,-0.0639975
-1.7731408,-0.0959963
-1.7729408,0
-1.7727408,0
-1.7725408,-0.0639975
-1.7723408,-0.0639975
-1.7721408,-0.0319988
-1.7719408,-0.0959963
-1.7717408,-0.0959963
-1.7715408,-0.0959963
-1.7713408,-0.0959963
-1.7711408,-0.0959963
-1.7709408,-0.0639975
-1.7707408,-0.0639975
-1.7705408,-0.0319988
-1.7703408,-0.0639975
-1.7701408,-0.0319988
-1.7699408,-0.0959963
-1.7697408,-0.0639975
-1.7695408,-0.127995
-1.7693408,-0.0319988
-1.7691408,-0.127995
-1.7689408,-0.0639975
-1.7687408,-0.0959963
-1.7685408,-0.0639975
-1.7683408,-0.0959963
-1.7681408,-0.0319988
-1.7679408,-0.0959963
-1.7677408,-0.0639975
-1.7675408,-0.0959963
-1.7673408,-0.0639975
-1.7671408,-0.0959963
-1.7669408,-0.0959963
-1.7667408,-0.0959963
-1.7665408,-0.0959963
-1.7663408,-0.0959963
-1.7661408,-0.0959963
-1.7659408,-0.0959963
-1.7657408,-0.0639975
-1.7655408,-0.0959963
-1.7653408,-0.159994
-1.7651408,-0.0959963
-1.7649408,-0.0959963
-1.7647408,-0.127995
-1.7645408,-0.127995
-1.7643408,-0.0959963
-1.7641408,-0.0959963
-1.7639408,-0.0959963
-1.7637408,-0.0959963
-1.7635408,-0.127995
-1.7633408,-0.127995
-1.7631408,-0.0959963
-1.7629408,-0.127995
-1.7627408,-0.0959963
-1.7625408,-0.127995
-1.7623408,-0.159994
-1.7621408,-0.127995
-1.7619408,-0.127995
-1.7617408,-0.159994
-1.7615408,-0.127995
-1.7613408,-0.0959963
-1.7611408,-0.0959963
-1.7609408,-0.127995
-1.7607408,-0.127995
-1.7605408,-0.159994
-1.7603408,-0.159994
-1.7601408,-0.127995
-1.7599408,-0.127995
-1.7597408,-0.127995
-1.7595408,-0.0959963
-1.7593408,-0.159994
-1.7591408,-0.127995
-1.7589408,-0.0959963
-1.7587408,-0.159994
-1.7585408,-0.127995
-1.7583408,-0.159994
-1.7581408,-0.159994
-1.7579408,-0.159994
-1.7577408,-0.159994
-1.7575408,-0.159994
-1.7573408,-0.127995
-1.7571408,-0.127995
-1.7569408,-0.191993
-1.7567408,-0.127995
-1.7565408,-0.159994
-1.7563408,-0.159994
-1.7561408,-0.127995
-1.7559408,-0.159994
-1.7557408,-0.159994
-1.7555408,-0.159994
-1.7553408,-0.159994
-1.7551408,-0.159994
-1.7549408,-0.191993
-1.7547408,-0.127995
-1.7545408,-0.191993
-1.7543408,-0.191993
-1.7541408,-0.159994
-1.7539408,-0.191993
-1.7537408,-0.159994
-1.7535408,-0.191993
-1.7533408,-0.127995
-1.7531408,-0.223991
-1.7529408,-0.0959963
-1.7527408,-0.159994
-1.7525408,-0.159994
-1.7523408,-0.127995
-1.7521408,-0.159994
-1.7519408,-0.159994
-1.7517408,-0.127995
-1.7515408,-0.127995
-1.7513408,-0.191993
-1.7511408,-0.159994
-1.7509408,-0.191993
-1.7507408,-0.191993
-1.7505408,-0.127995
-1.7503408,-0.223991
-1.7501408,-0.159994
-1.7499408,-0.191993
-1.7497408,-0.159994
-1.7495408,-0.127995
-1.7493408,-0.127995
-1.7491408,-0.191993
-1.7489408,-0.159994
-1.7487408,-0.159994
-1.7485408,-0.191993
-1.7483408,-0.191993
-1.7481408,-0.127995
-1.7479408,-0.191993
-1.7477408,-0.191993
-1.7475408,-0.159994
-1.7473408,-0.191993
-1.7471408,-0.191993
-1.7469408,-0.159994
-1.7467408,-0.223991
-1.7465408,-0.191993
-1.7463408,-0.191993
-1.7461408,-0.191993
-1.7459408,-0.191993
-1.7457408,-0.159994
-1.7455408,-0.191993
-1.7453408,-0.191993
-1.7451408,-0.191993
-1.7449408,-0.191993
-1.7447408,-0.191993
-1.7445408,-0.223991
-1.7443408,-0.191993
-1.7441408,-0.191993
-1.7439408,-0.191993
-1.7437408,-0.191993
-1.7435408,-0.159994
-1.7433408,-0.191993
-1.7431408,-0.191993
-1.7429408,-0.223991
-1.7427408,-0.159994
-1.7425408,-0.223991
-1.7423408,-0.159994
-1.7421408,-0.159994
-1.7419408,-0.191993
-1.7417408,-0.191993
-1.7415408,-0.159994
-1.7413408,-0.191993
-1.7411408,-0.25599
-1.7409408,-0.159994
-1.7407408,-0.159994
-1.7405408,-0.191993
-1.7403408,-0.191993
-1.7401408,-0.191993
-1.7399408,-0.191993
-1.7397408,-0.223991
-1.7395408,-0.191993
-1.7393408,-0.223991
-1.7391408,-0.223991
-1.7389408,-0.223991
-1.7387408,-0.223991
-1.7385408,-0.191993
-1.7383408,-0.223991
-1.7381408,-0.191993
-1.7379408,-0.191993
-1.7377408,-0.191993
-1.7375408,-0.223991
-1.7373408,-0.191993
-1.7371408,-0.191993
-1.7369408,-0.223991
-1.7367408,-0.191993
-1.7365408,-0.191993
-1.7363408,-0.223991
-1.7361408,-0.191993
-1.7359408,-0.191993
-1.7357408,-0.223991
-1.7355408,-0.25599
-1.7353408,-0.25599
-1.7351408,-0.191993
-1.7349408,-0.159994
-1.7347408,-0.223991
-1.7345408,-0.25599
-1.7343408,-0.191993
-1.7341408,-0.191993
-1.7339408,-0.25599
-1.7337408,-0.223991
-1.7335408,-0.223991
-1.7333408,-0.25599
-1.7331408,-0.191993
-1.7329408,-0.25599
-1.7327408,-0.25599
-1.7325408,-0.191993
-1.7323408,-0.25599
-1.7321408,-0.25599
-1.7319408,-0.25599
-1.7317408,-0.191993
-1.7315408,-0.25599
-1.7313408,-0.223991
-1.7311408,-0.223991
-1.7309408,-0.191993
-1.7307408,-0.223991
-1.7305408,-0.287989
-1.7303408,-0.191993
-1.7301408,-0.191993
-1.7299408,-0.25599
-1.7297408,-0.25599
-1.7295408,-0.191993
-1.7293408,-0.25599
-1.7291408,-0.223991
-1.7289408,-0.191993
-1.7287408,-0.191993
-1.7285408,-0.25599
-1.7283408,-0.25599
-1.7281408,-0.25599
-1.7279408,-0.25599
-1.7277408,-0.223991
-1.7275408,-0.25599
-1.7273408,-0.25599
-1.7271408,-0.25599
-1.7269408,-0.25599
-1.7267408,-0.287989
-1.7265408,-0.191993
-1.7263408,-0.25599
-1.7261408,-0.25599
-1.7259408,-0.287989
-1.7257408,-0.25599
-1.7255408,-0.319988
-1.7253408,-0.287989
-1.7251408,-0.287989
-1.7249408,-0.287989
-1.7247408,-0.287989
-1.7245408,-0.287989
-1.7243408,-0.319988
-1.7241408,-0.25599
-1.7239408,-0.287989
-1.7237408,-0.287989
-1.7235408,-0.25599
-1.7233408,-0.319988
-1.7231408,-0.319988
-1.7229408,-0.319988
-1.7227408,-0.351986
-1.7225408,-0.287989
-1.7223408,-0.287989
-1.7221408,-0.319988
-1.7219408,-0.319988
-1.7217408,-0.319988
-1.7215408,-0.319988
-1.7213408,-0.287989
-1.7211408,-0.287989
-1.7209408,-0.319988
-1.7207408,-0.319988
-1.7205408,-0.319988
-1.7203408,-0.287989
-1.7201408,-0.351986
-1.7199408,-0.25599
-1.7197408,-0.287989
-1.7195408,-0.319988
-1.7193408,-0.351986
-1.7191408,-0.351986
-1.7189408,-0.351986
-1.7187408,-0.383985
-1.7185408,-0.319988
-1.7183408,-0.351986
-1.7181408,-0.351986
-1.7179408,-0.351986
-1.7177408,-0.287989
-1.7175408,-0.351986
-1.7173408,-0.319988
-1.7171408,-0.383985
-1.7169408,-0.351986
-1.7167408,-0.351986
-1.7165408,-0.319988
-1.7163408,-0.383985
-1.7161408,-0.351986
-1.7159408,-0.383985
-1.7157408,-0.351986
-1.7155408,-0.351986
-1.7153408,-0.383985
-1.7151408,-0.383985
-1.7149408,-0.319988
-1.7147408,-0.383985
-1.7145408,-0.383985
-1.7143408,-0.351986
-1.7141408,-0.415984
-1.7139408,-0.351986
-1.7137408,-0.319988
-1.7135408,-0.415984
-1.7133408,-0.351986
-1.7131408,-0.351986
-1.7129408,-0.447983
-1.7127408,-0.383985
-1.7125408,-0.383985
-1.7123408,-0.383985
-1.7121408,-0.383985
-1.7119408,-0.383985
-1.7117408,-0.383985
-1.7115408,-0.383985
-1.7113408,-0.383985
-1.7111408,-0.415984
-1.7109408,-0.383985
-1.7107408,-0.383985
-1.7105408,-0.415984
-1.7103408,-0.415984
-1.7101408,-0.383985
-1.7099408,-0.447983
-1.7097408,-0.447983
-1.7095408,-0.415984
-1.7093408,-0.415984
-1.7091408,-0.415984
-1.7089408,-0.383985
-1.7087408,-0.415984
-1.7085408,-0.415984
-1.7083408,-0.383985
-1.7081408,-0.447983
-1.7079408,-0.415984
-1.7077408,-0.447983
-1.7075408,-0.415984
-1.7073408,-0.447983
-1.7071408,-0.415984
-1.7069408,-0.447983
-1.7067408,-0.415984
-1.7065408,-0.415984
-1.7063408,-0.479982
-1.7061408,-0.415984
-1.7059408,-0.415984
-1.7057408,-0.415984
-1.7055408,-0.479982
-1.7053408,-0.351986
-1.7051408,-0.447983
-1.7049408,-0.447983
-1.7047408,-0.415984
-1.7045408,-0.447983
-1.7043408,-0.415984
-1.7041408,-0.415984
-1.7039408,-0.415984
-1.7037408,-0.415984
-1.7035408,-0.415984
-1.7033408,-0.447983
-1.7031408,-0.415984
-1.7029408,-0.415984
-1.7027408,-0.447983
-1.7025408,-0.383985
-1.7023408,-0.383985
-1.7021408,-0.415984
-1.7019408,-0.447983
-1.7017408,-0.383985
-1.7015408,-0.415984
-1.7013408,-0.415984
-1.7011408,-0.415984
-1.7009408,-0.447983
-1.7007408,-0.479982
-1.7005408,-0.415984
-1.7003408,-0.415984
-1.7001408,-0.415984
-1.6999408,-0.415984
-1.6997408,-0.447983
-1.6995408,-0.415984
-1.6993408,-0.415984
-1.6991408,-0.447983
-1.6989408,-0.415984
-1.6987408,-0.415984
-1.6985408,-0.447983
-1.6983408,-0.383985
-1.6981408,-0.415984
-1.6979408,-0.447983
-1.6977408,-0.415984
-1.6975408,-0.383985
-1.6973408,-0.415984
-1.6971408,-0.447983
-1.6969408,-0.383985
-1.6967408,-0.383985
-1.6965408,-0.447983
-1.6963408,-0.415984
-1.6961408,-0.415984
-1.6959408,-0.415984
-1.6957408,-0.383985
-1.6955408,-0.447983
-1.6953408,-0.447983
-1.6951408,-0.383985
-1.6949408,-0.383985
-1.6947408,-0.415984
-1.6945408,-0.383985
-1.6943408,-0.415984
-1.6941408,-0.383985
-1.6939408,-0.415984
-1.6937408,-0.415984
-1.6935408,-0.415984
-1.6933408,-0.415984
-1.6931408,-0.447983
-1.6929408,-0.415984
-1.6927408,-0.415984
-1.6925408,-0.447983
-1.6923408,-0.415984
-1.6921408,-0.351986
-1.6919408,-0.447983
-1.6917408,-0.383985
-1.6915408,-0.415984
-1.6913408,-0.415984
-1.6911408,-0.383985
-1.6909408,-0.383985
-1.6907408,-0.415984
-1.6905408,-0.415984
-1.6903408,-0.383985
-1.6901408,-0.447983
-1.6899408,-0.415984
-1.6897408,-0.351986
-1.6895408,-0.383985
-1.6893408,-0.415984
-1.6891408,-0.415984
-1.6889408,-0.447983
-1.6887408,-0.447983
-1.6885408,-0.383985
-1.6883408,-0.415984
-1.6881408,-0.383985
-1.6879408,-0.383985
-1.6877408,-0.415984
-1.6875408,-0.415984
-1.6873408,-0.383985
-1.6871408,-0.415984
-1.6869408,-0.447983
-1.6867408,-0.383985
-1.6865408,-0.415984
-1.6863408,-0.415984
-1.6861408,-0.383985
-1.6859408,-0.447983
-1.6857408,-0.415984
-1.6855408,-0.383985
-1.6853408,-0.447983
-1.6851408,-0.415984
-1.6849408,-0.383985
-1.6847408,-0.415984
-1.6845408,-0.415984
-1.6843408,-0.383985
-1.6841408,-0.447983
-1.6839408,-0.383985
-1.6837408,-0.351986
-1.6835408,-0.447983
-1.6833408,-0.383985
-1.6831408,-0.383985
-1.6829408,-0.415984
-1.6827408,-0.383985
-1.6825408,-0.415984
-1.6823408,-0.447983
-1.6821408,-0.415984
-1.6819408,-0.383985
-1.6817408,-0.415984
-1.6815408,-0.415984
-1.6813408,-0.415984
-1.6811408,-0.383985
-1.6809408,-0.415984
-1.6807408,-0.383985
-1.6805408,-0.383985
-1.6803408,-0.415984
-1.6801408,-0.351986
-1.6799408,-0.383985
-1.6797408,-0.447983
-1.6795408,-0.383985
-1.6793408,-0.415984
-1.6791408,-0.383985
-1.6789408,-0.383985
-1.6787408,-0.383985
-1.6785408,-0.383985
-1.6783408,-0.415984
-1.6781408,-0.447983
-1.6779408,-0.415984
-1.6777408,-0.415984
-1.6775408,-0.447983
-1.6773408,-0.415984
-1.6771408,-0.383985
-1.6769408,-0.415984
-1.6767408,-0.415984
-1.6765408,-0.383985
-1.6763408,-0.383985
-1.6761408,-0.383985
-1.6759408,-0.415984
-1.6757408,-0.383985
-1.6755408,-0.415984
-1.6753408,-0.383985
-1.6751408,-0.415984
-1.6749408,-0.415984
-1.6747408,-0.415984
-1.6745408,-0.479982
-1.6743408,-0.415984
-1.6741408,-0.383985
-1.6739408,-0.415984
-1.6737408,-0.447983
-1.6735408,-0.415984
-1.6733408,-0.415984
-1.6731408,-0.447983
-1.6729408,-0.383985
-1.6727408,-0.415984
-1.6725408,-0.415984
-1.6723408,-0.447983
-1.6721408,-0.447983
-1.6719408,-0.415984
-1.6717408,-0.415984
-1.6715408,-0.447983
-1.6713408,-0.415984
-1.6711408,-0.415984
-1.6709408,-0.447983
-1.6707408,-0.415984
-1.6705408,-0.415984
-1.6703408,-0.447983
-1.6701408,-0.383985
-1.6699408,-0.447983
-1.6697408,-0.479982
-1.6695408,-0.447983
-1.6693408,-0.479982
-1.6691408,-0.447983
-1.6689408,-0.415984
-1.6687408,-0.447983
-1.6685408,-0.447983
-1.6683408,-0.415984
-1.6681408,-0.415984
-1.6679408,-0.447983
-1.6677408,-0.415984
-1.6675408,-0.415984
-1.6673408,-0.415984
-1.6671408,-0.447983
-1.6669408,-0.447983
-1.6667408,-0.447983
-1.6665408,-0.415984
-1.6663408,-0.479982
-1.6661408,-0.479982
-1.6659408,-0.447983
-1.6657408,-0.447983
-1.6655408,-0.447983
-1.6653408,-0.447983
-1.6651408,-0.415984
-1.6649408,-0.415984
-1.6647408,-0.383985
-1.6645408,-0.415984
-1.6643408,-0.479982
-1.6641408,-0.415984
-1.6639408,-0.415984
-1.6637408,-0.479982
-1.6635408,-0.447983
-1.6633408,-0.415984
-1.6631408,-0.447983
-1.6629408,-0.447983
-1.6627408,-0.415984
-1.6625408,-0.479982
-1.6623408,-0.447983
-1.6621408,-0.415984
-1.6619408,-0.447983
-1.6617408,-0.447983
-1.6615408,-0.447983
-1.6613408,-0.479982
-1.6611408,-0.447983
-1.6609408,-0.415984
-1.6607408,-0.447983
-1.6605408,-0.447983
-1.6603408,-0.415984
-1.6601408,-0.415984
-1.6599408,-0.447983
-1.6597408,-0.447983
-1.6595408,-0.447983
-1.6593408,-0.415984
-1.6591408,-0.447983
-1.6589408,-0.479982
-1.6587408,-0.447983
-1.6585408,-0.447983
-1.6583408,-0.479982
-1.6581408,-0.447983
-1.6579408,-0.415984
-1.6577408,-0.479982
-1.6575408,-0.447983
-1.6573408,-0.447983
-1.6571408,-0.415984
-1.6569408,-0.415984
-1.6567408,-0.415984
-1.6565408,-0.447983
-1.6563408,-0.415984
-1.6561408,-0.415984
-1.6559408,-0.447983
-1.6557408,-0.447983
-1.6555408,-0.383985
-1.6553408,-0.447983
-1.6551408,-0.383985
-1.6549408,-0.383985
-1.6547408,-0.415984
-1.6545408,-0.415984
-1.6543408,-0.415984
-1.6541408,-0.415984
-1.6539408,-0.415984
-1.6537408,-0.383985
-1.6535408,-0.415984
-1.6533408,-0.415984
-1.6531408,-0.351986
-1.6529408,-0.415984
-1.6527408,-0.383985
-1.6525408,-0.351986
-1.6523408,-0.415984
-1.6521408,-0.383985
-1.6519408,-0.351986
-1.6517408,-0.383985
-1.6515408,-0.383985
-1.6513408,-0.351986
-1.6511408,-0.415984
-1.6509408,-0.351986
-1.6507408,-0.351986
-1.6505408,-0.383985
-1.6503408,-0.319988
-1.6501408,-0.383985
-1.6499408,-0.383985
-1.6497408,-0.415984
-1.6495408,-0.351986
-1.6493408,-0.351986
-1.6491408,-0.383985
-1.6489408,-0.383985
-1.6487408,-0.351986
-1.6485408,-0.383985
-1.6483408,-0.351986
-1.6481408,-0.383985
-1.6479408,-0.319988
-1.6477408,-0.319988
-1.6475408,-0.351986
-1.6473408,-0.351986
-1.6471408,-0.319988
-1.6469408,-0.319988
-1.6467408,-0.287989
-1.6465408,-0.351986
-1.6463408,-0.351986
-1.6461408,-0.319988
-1.6459408,-0.319988
-1.6457408,-0.319988
-1.6455408,-0.351986
-1.6453408,-0.287989
-1.6451408,-0.319988
-1.6449408,-0.319988
-1.6447408,-0.287989
-1.6445408,-0.319988
-1.6443408,-0.287989
-1.6441408,-0.319988
-1.6439408,-0.351986
-1.6437408,-0.319988
-1.6435408,-0.351986
-1.6433408,-0.287989
-1.6431408,-0.319988
-1.6429408,-0.25599
-1.6427408,-0.319988
-1.6425408,-0.287989
-1.6423408,-0.287989
-1.6421408,-0.319988
-1.6419408,-0.287989
-1.6417408,-0.287989
-1.6415408,-0.287989
-1.6413408,-0.319988
-1.6411408,-0.319988
-1.6409408,-0.287989
-1.6407408,-0.287989
-1.6405408,-0.319988
-1.6403408,-0.287989
-1.6401408,-0.319988
-1.6399408,-0.287989
-1.6397408,-0.287989
-1.6395408,-0.287989
-1.6393408,-0.287989
-1.6391408,-0.319988
-1.6389408,-0.287989
-1.6387408,-0.287989
-1.6385408,-0.319988
-1.6383408,-0.287989
-1.6381408,-0.287989
-1.6379408,-0.287989
-1.6377408,-0.223991
-1.6375408,-0.319988
-1.6373408,-0.287989
-1.6371408,-0.319988
-1.6369408,-0.319988
-1.6367408,-0.319988
-1.6365408,-0.319988
-1.6363408,-0.287989
-1.6361408,-0.319988
-1.6359408,-0.25599
-1.6357408,-0.319988
-1.6355408,-0.319988
-1.6353408,-0.287989
-1.6351408,-0.319988
-1.6349408,-0.287989
-1.6347408,-0.287989
-1.6345408,-0.25599
-1.6343408,-0.287989
-1.6341408,-0.319988
-1.6339408,-0.25599
-1.6337408,-0.287989
-1.6335408,-0.319988
-1.6333408,-0.319988
-1.6331408,-0.351986
-1.6329408,-0.319988
-1.6327408,-0.287989
-1.6325408,-0.287989
-1.6323408,-0.25599
-1.6321408,-0.25599
-1.6319408,-0.287989
-1.6317408,-0.25599
-1.6315408,-0.25599
-1.6313408,-0.287989
-1.6311408,-0.25599
-1.6309408,-0.319988
-1.6307408,-0.287989
-1.6305408,-0.25599
-1.6303408,-0.287989
-1.6301408,-0.25599
-1.6299408,-0.287989
-1.6297408,-0.25599
-1.6295408,-0.25599
-1.6293408,-0.25599
-1.6291408,-0.25599
-1.6289408,-0.287989
-1.6287408,-0.25599
-1.6285408,-0.223991
-1.6283408,-0.25599
-1.6281408,-0.25599
-1.6279408,-0.25599
-1.6277408,-0.25599
-1.6275408,-0.223991
-1.6273408,-0.25599
-1.6271408,-0.287989
-1.6269408,-0.287989
-1.6267408,-0.25599
-1.6265408,-0.25599
-1.6263408,-0.287989
-1.6261408,-0.223991
-1.6259408,-0.287989
-1.6257408,-0.223991
-1.6255408,-0.25599
-1.6253408,-0.25599
-1.6251408,-0.287989
-1.6249408,-0.287989
-1.6247408,-0.319988
-1.6245408,-0.25599
-1.6243408,-0.287989
-1.6241408,-0.287989
-1.6239408,-0.25599
-1.6237408,-0.25599
-1.6235408,-0.25599
-1.6233408,-0.287989
-1.6231408,-0.25599
-1.6229408,-0.25599
-1.6227408,-0.319988
-1.6225408,-0.319988
-1.6223408,-0.319988
-1.6221408,-0.25599
-1.6219408,-0.25599
-1.6217408,-0.287989
-1.6215408,-0.287989
-1.6213408,-0.319988
-1.6211408,-0.287989
-1.6209408,-0.287989
-1.6207408,-0.287989
-1.6205408,-0.319988
-1.6203408,-0.319988
-1.6201408,-0.319988
-1.6199408,-0.319988
-1.6197408,-0.287989
-1.6195408,-0.319988
-1.6193408,-0.319988
-1.6191408,-0.287989
-1.6189408,-0.287989
-1.6187408,-0.319988
-1.6185408,-0.319988
-1.6183408,-0.319988
-1.6181408,-0.287989
-1.6179408,-0.319988
-1.6177408,-0.319988
-1.6175408,-0.319988
-1.6173408,-0.319988
-1.6171408,-0.319988
-1.6169408,-0.319988
-1.6167408,-0.287989
-1.6165408,-0.287989
-1.6163408,-0.319988
-1.6161408,-0.287989
-1.6159408,-0.319988
-1.6157408,-0.287989
-1.6155408,-0.351986
-1.6153408,-0.287989
-1.6151408,-0.319988
-1.6149408,-0.319988
-1.6147408,-0.351986
-1.6145408,-0.319988
-1.6143408,-0.351986
-1.6141408,-0.319988
-1.6139408,-0.319988
-1.6137408,-0.351986
-1.6135408,-0.319988
-1.6133408,-0.319988
-1.6131408,-0.319988
-1.6129408,-0.319988
-1.6127408,-0.351986
-1.6125408,-0.319988
-1.6123408,-0.25599
-1.6121408,-0.351986
-1.6119408,-0.383985
-1.6117408,-0.383985
-1.6115408,-0.319988
-1.6113408,-0.351986
-1.6111408,-0.351986
-1.6109408,-0.351986
-1.6107408,-0.351986
-1.6105408,-0.287989
-1.6103408,-0.319988
-1.6101408,-0.351986
-1.6099408,-0.319988
-1.6097408,-0.351986
-1.6095408,-0.351986
-1.6093408,-0.319988
-1.6091408,-0.351986
-1.6089408,-0.383985
-1.6087408,-0.351986
-1.6085408,-0.319988
-1.6083408,-0.319988
-1.6081408,-0.319988
-1.6079408,-0.383985
-1.6077408,-0.351986
-1.6075408,-0.351986
-1.6073408,-0.383985
-1.6071408,-0.351986
-1.6069408,-0.319988
-1.6067408,-0.351986
-1.6065408,-0.351986
-1.6063408,-0.319988
-1.6061408,-0.351986
-1.6059408,-0.383985
-1.6057408,-0.351986
-1.6055408,-0.319988
-1.6053408,-0.383985
-1.6051408,-0.319988
-1.6049408,-0.383985
-1.6047408,-0.415984
-1.6045408,-0.351986
-1.6043408,-0.383985
-1.6041408,-0.351986
-1.6039408,-0.383985
-1.6037408,-0.351986
-1.6035408,-0.319988
-1.6033408,-0.319988
-1.6031408,-0.351986
-1.6029408,-0.383985
-1.6027408,-0.319988
-1.6025408,-0.351986
-1.6023408,-0.351986
-1.6021408,-0.351986
-1.6019408,-0.383985
-1.6017408,-0.351986
-1.6015408,-0.351986
-1.6013408,-0.383985
-1.6011408,-0.383985
-1.6009408,-0.319988
-1.6007408,-0.351986
-1.6005408,-0.351986
-1.6003408,-0.383985
-1.6001408,-0.383985
-1.5999408,-0.415984
-1.5997408,-0.351986
-1.5995408,-0.383985
-1.5993408,-0.383985
-1.5991408,-0.351986
-1.5989408,-0.383985
-1.5987408,-0.383985
-1.5985408,-0.383985
-1.5983408,-0.383985
-1.5981408,-0.383985
-1.5979408,-0.383985
-1.5977408,-0.415984
-1.5975408,-0.351986
-1.5973408,-0.351986
-1.5971408,-0.383985
-1.5969408,-0.383985
-1.5967408,-0.351986
-1.5965408,-0.383985
-1.5963408,-0.383985
-1.5961408,-0.351986
-1.5959408,-0.351986
-1.5957408,-0.383985
-1.5955408,-0.383985
-1.5953408,-0.415984
-1.5951408,-0.383985
-1.5949408,-0.383985
-1.5947408,-0.351986
-1.5945408,-0.351986
-1.5943408,-0.351986
-1.5941408,-0.383985
-1.5939408,-0.319988
-1.5937408,-0.351986
-1.5935408,-0.415984
-1.5933408,-0.447983
-1.5931408,-0.383985
-1.5929408,-0.351986
-1.5927408,-0.383985
-1.5925408,-0.319988
-1.5923408,-0.351986
-1.5921408,-0.351986
-1.5919408,-0.383985
-1.5917408,-0.415984
-1.5915408,-0.319988
-1.5913408,-0.351986
-1.5911408,-0.383985
-1.5909408,-0.319988
-1.5907408,-0.351986
-1.5905408,-0.319988
-1.5903408,-0.351986
-1.5901408,-0.383985
-1.5899408,-0.383985
-1.5897408,-0.319988
-1.5895408,-0.319988
-1.5893408,-0.351986
-1.5891408,-0.351986
-1.5889408,-0.351986
-1.5887408,-0.383985
-1.5885408,-0.351986
-1.5883408,-0.351986
-1.5881408,-0.383985
-1.5879408,-0.287989
-1.5877408,-0.319988
-1.5875408,-0.383985
-1.5873408,-0.351986
-1.5871408,-0.351986
-1.5869408,-0.415984
-1.5867408,-0.319988
-1.5865408,-0.319988
-1.5863408,-0.383985
-1.5861408,-0.383985
-1.5859408,-0.351986
-1.5857408,-0.351986
-1.5855408,-0.319988
-1.5853408,-0.319988
-1.5851408,-0.287989
-1.5849408,-0.351986
-1.5847408,-0.351986
-1.5845408,-0.319988
-1.5843408,-0.351986
-1.5841408,-0.351986
-1.5839408,-0.351986
-1.5837408,-0.319988
-1.5835408,-0.319988
-1.5833408,-0.351986
-1.5831408,-0.351986
-1.5829408,-0.319988
-1.5827408,-0.351986
-1.5825408,-0.319988
-1.5823408,-0.319988
-1.5821408,-0.383985
-1.5819408,-0.383985
-1.5817408,-0.319988
-1.5815408,-0.319988
-1.5813408,-0.351986
-1.5811408,-0.351986
-1.5809408,-0.351986
-1.5807408,-0.351986
-1.5805408,-0.319988
-1.5803408,-0.383985
-1.5801408,-0.319988
-1.5799408,-0.351986
-1.5797408,-0.351986
-1.5795408,-0.351986
-1.5793408,-0.351986
-1.5791408,-0.383985
-1.5789408,-0.351986
-1.5787408,-0.351986
-1.5785408,-0.351986
-1.5783408,-0.351986
-1.5781408,-0.319988
-1.5779408,-0.351986
-1.5777408,-0.351986
-1.5775408,-0.351986
-1.5773408,-0.383985
-1.5771408,-0.351986
-1.5769408,-0.351986
-1.5767408,-0.351986
-1.5765408,-0.351986
-1.5763408,-0.383985
-1.5761408,-0.383985
-1.5759408,-0.351986
-1.5757408,-0.383985
-1.5755408,-0.383985
-1.5753408,-0.351986
-1.5751408,-0.383985
-1.5749408,-0.415984
-1.5747408,-0.415984
-1.5745408,-0.383985
-1.5743408,-0.415984
-1.5741408,-0.447983
-1.5739408,-0.415984
-1.5737408,-0.447983
-1.5735408,-0.415984
-1.5733408,-0.383985
-1.5731408,-0.415984
-1.5729408,-0.415984
-1.5727408,-0.415984
-1.5725408,-0.415984
-1.5723408,-0.415984
-1.5721408,-0.383985
-1.5719408,-0.479982
-1.5717408,-0.415984
-1.5715408,-0.383985
-1.5713408,-0.447983
-1.5711408,-0.415984
-1.5709408,-0.383985
-1.5707408,-0.479982
-1.5705408,-0.415984
-1.5703408,-0.415984
-1.5701408,-0.447983
-1.5699408,-0.383985
-1.5697408,-0.383985
-1.5695408,-0.447983
-1.5693408,-0.415984
-1.5691408,-0.479982
-1.5689408,-0.479982
-1.5687408,-0.479982
-1.5685408,-0.415984
-1.5683408,-0.447983
-1.5681408,-0.415984
-1.5679408,-0.415984
-1.5677408,-0.479982
-1.5675408,-0.415984
-1.5673408,-0.415984
-1.5671408,-0.479982
-1.5669408,-0.415984
-1.5667408,-0.415984
-1.5665408,-0.447983
-1.5663408,-0.447983
-1.5661408,-0.415984
-1.5659408,-0.479982
-1.5657408,-0.447983
-1.5655408,-0.415984
-1.5653408,-0.415984
-1.5651408,-0.447983
-1.5649408,-0.415984
-1.5647408,-0.447983
-1.5645408,-0.479982
-1.5643408,-0.415984
-1.5641408,-0.479982
-1.5639408,-0.415984
-1.5637408,-0.447983
-1.5635408,-0.447983
-1.5633408,-0.415984
-1.5631408,-0.447983
-1.5629408,-0.415984
-1.5627408,-0.447983
-1.5625408,-0.415984
-1.5623408,-0.447983
-1.5621408,-0.447983
-1.5619408,-0.447983
-1.5617408,-0.479982
-1.5615408,-0.447983
-1.5613408,-0.447983
-1.5611408,-0.415984
-1.5609408,-0.447983
-1.5607408,-0.447983
-1.5605408,-0.479982
-1.5603408,-0.447983
-1.5601408,-0.415984
-1.5599408,-0.479982
-1.5597408,-0.447983
-1.5595408,-0.447983
-1.5593408,-0.447983
-1.5591408,-0.447983
-1.5589408,-0.447983
-1.5587408,-0.479982
-1.5585408,-0.447983
-1.5583408,-0.415984
-1.5581408,-0.479982
-1.5579408,-0.415984
-1.5577408,-0.447983
-1.5575408,-0.51198
-1.5573408,-0.447983
-1.5571408,-0.447983
-1.5569408,-0.479982
-1.5567408,-0.479982
-1.5565408,-0.447983
-1.5563408,-0.447983
-1.5561408,-0.479982
-1.5559408,-0.415984
-1.5557408,-0.447983
-1.5555408,-0.447983
-1.5553408,-0.447983
-1.5551408,-0.479982
-1.5549408,-0.447983
-1.5547408,-0.479982
-1.5545408,-0.479982
-1.5543408,-0.479982
-1.5541408,-0.447983
-1.5539408,-0.479982
-1.5537408,-0.447983
-1.5535408,-0.447983
-1.5533408,-0.479982
-1.5531408,-0.479982
-1.5529408,-0.447983
-1.5527408,-0.447983
-1.5525408,-0.479982
-1.5523408,-0.479982
-1.5521408,-0.51198
-1.5519408,-0.479982
-1.5517408,-0.479982
-1.5515408,-0.479982
-1.5513408,-0.479982
-1.5511408,-0.447983
-1.5509408,-0.51198
-1.5507408,-0.479982
-1.5505408,-0.447983
-1.5503408,-0.51198
-1.5501408,-0.479982
-1.5499408,-0.479982
-1.5497408,-0.51198
-1.5495408,-0.479982
-1.5493408,-0.51198
-1.5491408,-0.51198
-1.5489408,-0.51198
-1.5487408,-0.479982
-1.5485408,-0.479982
-1.5483408,-0.51198
-1.5481408,-0.479982
-1.5479408,-0.543979
-1.5477408,-0.447983
-1.5475408,-0.51198
-1.5473408,-0.543979
-1.5471408,-0.575978
-1.5469408,-0.479982
-1.5467408,-0.543979
-1.5465408,-0.51198
-1.5463408,-0.51198
-1.5461408,-0.51198
-1.5459408,-0.543979
-1.5457408,-0.543979
-1.5455408,-0.575978
-1.5453408,-0.51198
-1.5451408,-0.51198
-1.5449408,-0.575978
-1.5447408,-0.543979
-1.5445408,-0.51198
-1.5443408,-0.543979
-1.5441408,-0.543979
-1.5439408,-0.479982
-1.5437408,-0.51198
-1.5435408,-0.479982
-1.5433408,-0.479982
-1.5431408,-0.543979
-1.5429408,-0.607977
-1.5427408,-0.51198
-1.5425408,-0.575978
-1.5423408,-0.575978
-1.5421408,-0.51198
-1.5419408,-0.543979
-1.5417408,-0.543979
-1.5415408,-0.575978
-1.5413408,-0.543979
-1.5411408,-0.543979
-1.5409408,-0.575978
-1.5407408,-0.575978
-1.5405408,-0.607977
-1.5403408,-0.543979
-1.5401408,-0.575978
-1.5399408,-0.543979
-1.5397408,-0.543979
-1.5395408,-0.607977
-1.5393408,-0.575978
-1.5391408,-0.607977
-1.5389408,-0.575978
-1.5387408,-0.607977
-1.5385408,-0.575978
-1.5383408,-0.607977
-1.5381408,-0.543979
-1.5379408,-0.575978
-1.5377408,-0.575978
-1.5375408,-0.607977
-1.5373408,-0.607977
-1.5371408,-0.607977
-1.5369408,-0.575978
-1.5367408,-0.607977
-1.5365408,-0.639975
-1.5363408,-0.607977
-1.5361408,-0.607977
-1.5359408,-0.607977
-1.5357408,-0.607977
-1.5355408,-0.639975
-1.5353408,-0.639975
-1.5351408,-0.607977
-1.5349408,-0.607977
-1.5347408,-0.607977
-1.5345408,-0.639975
-1.5343408,-0.639975
-1.5341408,-0.607977
-1.5339408,-0.639975
-1.5337408,-0.639975
-1.5335408,-0.639975
-1.5333408,-0.671974
-1.5331408,-0.639975
-1.5329408,-0.639975
-1.5327408,-0.639975
-1.5325408,-0.671974
-1.5323408,-0.703973
-1.5321408,-0.671974
-1.5319408,-0.639975
-1.5317408,-0.671974
-1.5315408,-0.671974
-1.5313408,-0.671974
-1.5311408,-0.671974
-1.5309408,-0.671974
-1.5307408,-0.671974
-1.5305408,-0.671974
-1.5303408,-0.639975
-1.5301408,-0.671974
-1.5299408,-0.703973
-1.5297408,-0.703973
-1.5295408,-0.671974
-1.5293408,-0.703973
-1.5291408,-0.703973
-1.5289408,-0.671974
-1.5287408,-0.703973
-1.5285408,-0.671974
-1.5283408,-0.703973
-1.5281408,-0.703973
-1.5279408,-0.703973
-1.5277408,-0.671974
-1.5275408,-0.703973
-1.5273408,-0.703973
-1.5271408,-0.703973
-1.5269408,-0.671974
-1.5267408,-0.671974
-1.5265408,-0.735972
-1.5263408,-0.671974
-1.5261408,-0.671974
-1.5259408,-0.703973
-1.5257408,-0.703973
-1.5255408,-0.703973
-1.5253408,-0.703973
-1.5251408,-0.703973
-1.5249408,-0.735972
-1.5247408,-0.703973
-1.5245408,-0.767971
-1.5243408,-0.735972
-1.5241408,-0.767971
-1.5239408,-0.735972
-1.5237408,-0.735972
-1.5235408,-0.735972
-1.5233408,-0.767971
-1.5231408,-0.735972
-1.5229408,-0.735972
-1.5227408,-0.735972
-1.5225408,-0.735972
-1.5223408,-0.767971
-1.5221408,-0.767971
-1.5219408,-0.735972
-1.5217408,-0.703973
-1.5215408,-0.767971
-1.5213408,-0.703973
-1.5211408,-0.703973
-1.5209408,-0.735972
-1.5207408,-0.703973
-1.5205408,-0.735972
-1.5203408,-0.767971
-1.5201408,-0.735972
-1.5199408,-0.767971
-1.5197408,-0.767971
-1.5195408,-0.735972
-1.5193408,-0.767971
-1.5191408,-0.735972
-1.5189408,-0.735972
-1.5187408,-0.735972
-1.5185408,-0.735972
-1.5183408,-0.735972
-1.5181408,-0.703973
-1.5179408,-0.735972
-1.5177408,-0.703973
-1.5175408,-0.703973
-1.5173408,-0.799969
-1.5171408,-0.767971
-1.5169408,-0.735972
-1.5167408,-0.767971
-1.5165408,-0.703973
-1.5163408,-0.767971
-1.5161408,-0.735972
-1.5159408,-0.735972
-1.5157408,-0.767971
-1.5155408,-0.767971
-1.5153408,-0.735972
-1.5151408,-0.767971
-1.5149408,-0.767971
-1.5147408,-0.767971
-1.5145408,-0.735972
-1.5143408,-0.735972
-1.5141408,-0.735972
-1.5139408,-0.767971
-1.5137408,-0.735972
-1.5135408,-0.767971
-1.5133408,-0.767971
-1.5131408,-0.735972
-1.5129408,-0.767971
-1.5127408,-0.767971
-1.5125408,-0.735972
-1.5123408,-0.767971
-1.5121408,-0.767971
-1.5119408,-0.767971
-1.5117408,-0.703973
-1.5115408,-0.767971
-1.5113408,-0.767971
-1.5111408,-0.735972
-1.5109408,-0.703973
-1.5107408,-0.735972
-1.5105408,-0.735972
-1.5103408,-0.735972
-1.5101408,-0.735972
-1.5099408,-0.703973
-1.5097408,-0.735972
-1.5095408,-0.703973
-1.5093408,-0.703973
-1.5091408,-0.703973
-1.5089408,-0.735972
-1.5087408,-0.735972
-1.5085408,-0.735972
-1.5083408,-0.735972
-1.5081408,-0.671974
-1.5079408,-0.703973
-1.5077408,-0.767971
-1.5075408,-0.735972
-1.5073408,-0.703973
-1.5071408,-0.735972
-1.5069408,-0.639975
-1.5067408,-0.703973
-1.5065408,-0.703973
-1.5063408,-0.671974
-1.5061408,-0.703973
-1.5059408,-0.735972
-1.5057408,-0.703973
-1.5055408,-0.703973
-1.5053408,-0.703973
-1.5051408,-0.671974
-1.5049408,-0.703973
-1.5047408,-0.703973
-1.5045408,-0.735972
-1.5043408,-0.671974
-1.5041408,-0.671974
-1.5039408,-0.639975
-1.5037408,-0.671974
-1.5035408,-0.671974
-1.5033408,-0.671974
-1.5031408,-0.639975
-1.5029408,-0.671974
-1.5027408,-0.671974
-1.5025408,-0.703973
-1.5023408,-0.735972
-1.5021408,-0.639975
-1.5019408,-0.671974
-1.5017408,-0.671974
-1.5015408,-0.607977
-1.5013408,-0.639975
-1.5011408,-0.671974
-1.5009408,-0.607977
-1.5007408,-0.639975
-1.5005408,-0.671974
-1.5003408,-0.639975
-1.5001408,-0.607977
-1.4999408,-0.607977
-1.4997408,-0.607977
-1.4995408,-0.607977
-1.4993408,-0.639975
-1.4991408,-0.575978
-1.4989408,-0.671974
-1.4987408,-0.607977
-1.4985408,-0.607977
-1.4983408,-0.607977
-1.4981408,-0.607977
-1.4979408,-0.607977
-1.4977408,-0.671974
-1.4975408,-0.607977
-1.4973408,-0.607977
-1.4971408,-0.607977
-1.4969408,-0.607977
-1.4967408,-0.639975
-1.4965408,-0.575978
-1.4963408,-0.607977
-1.4961408,-0.607977
-1.4959408,-0.607977
-1.4957408,-0.607977
-1.4955408,-0.575978
-1.4953408,-0.575978
-1.4951408,-0.575978
-1.4949408,-0.543979
-1.4947408,-0.575978
-1.4945408,-0.607977
-1.4943408,-0.607977
-1.4941408,-0.575978
-1.4939408,-0.575978
-1.4937408,-0.543979
-1.4935408,-0.607977
-1.4933408,-0.543979
-1.4931408,-0.543979
-1.4929408,-0.575978
-1.4927408,-0.575978
-1.4925408,-0.575978
-1.4923408,-0.575978
-1.4921408,-0.575978
-1.4919408,-0.51198
-1.4917408,-0.543979
-1.4915408,-0.51198
-1.4913408,-0.51198
-1.4911408,-0.543979
-1.4909408,-0.543979
-1.4907408,-0.543979
-1.4905408,-0.51198
-1.4903408,-0.51198
-1.4901408,-0.479982
-1.4899408,-0.479982
-1.4897408,-0.51198
-1.4895408,-0.51198
-1.4893408,-0.51198
-1.4891408,-0.543979
-1.4889408,-0.51198
-1.4887408,-0.51198
-1.4885408,-0.479982
-1.4883408,-0.51198
-1.4881408,-0.447983
-1.4879408,-0.51198
-1.4877408,-0.51198
-1.4875408,-0.447983
-1.4873408,-0.479982
-1.4871408,-0.51198
-1.4869408,-0.479982
-1.4867408,-0.51198
-1.4865408,-0.51198
-1.4863408,-0.415984
-1.4861408,-0.51198
-1.4859408,-0.447983
-1.4857408,-0.447983
-1.4855408,-0.479982
-1.4853408,-0.447983
-1.4851408,-0.447983
-1.4849408,-0.479982
-1.4847408,-0.479982
-1.4845408,-0.447983
-1.4843408,-0.479982
-1.4841408,-0.447983
-1.4839408,-0.415984
-1.4837408,-0.447983
-1.4835408,-0.415984
-1.4833408,-0.447983
-1.4831408,-0.447983
-1.4829408,-0.415984
-1.4827408,-0.415984
-1.4825408,-0.415984
-1.4823408,-0.447983
-1.4821408,-0.383985
-1.4819408,-0.415984
-1.4817408,-0.415984
-1.4815408,-0.383985
-1.4813408,-0.415984
-1.4811408,-0.415984
-1.4809408,-0.351986
-1.4807408,-0.383985
-1.4805408,-0.383985
-1.4803408,-0.351986
-1.4801408,-0.383985
-1.4799408,-0.351986
-1.4797408,-0.351986
-1.4795408,-0.383985
-1.4793408,-0.351986
-1.4791408,-0.351986
-1.4789408,-0.415984
-1.4787408,-0.351986
-1.4785408,-0.351986
-1.4783408,-0.351986
-1.4781408,-0.351986
-1.4779408,-0.351986
-1.4777408,-0.319988
-1.4775408,-0.351986
-1.4773408,-0.319988
-1.4771408,-0.351986
-1.4769408,-0.351986
-1.4767408,-0.319988
-1.4765408,-0.319988
-1.4763408,-0.319988
-1.4761408,-0.287989
-1.4759408,-0.287989
-1.4757408,-0.319988
-1.4755408,-0.319988
-1.4753408,-0.319988
-1.4751408,-0.287989
-1.4749408,-0.287989
-1.4747408,-0.319988
-1.4745408,-0.25599
-1.4743408,-0.287989
-1.4741408,-0.287989
-1.4739408,-0.319988
-1.4737408,-0.25599
-1.4735408,-0.223991
-1.4733408,-0.25599
-1.4731408,-0.25599
-1.4729408,-0.223991
-1.4727408,-0.191993
-1.4725408,-0.223991
-1.4723408,-0.191993
-1.4721408,-0.223991
-1.4719408,-0.25599
-1.4717408,-0.223991
-1.4715408,-0.223991
-1.4713408,-0.223991
-1.4711408,-0.25599
-1.4709408,-0.159994
-1.4707408,-0.191993
-1.4705408,-0.159994
-1.4703408,-0.127995
-1.4701408,-0.191993
-1.4699408,-0.127995
-1.4697408,-0.159994
-1.4695408,-0.159994
-1.4693408,-0.159994
-1.4691408,-0.127995
-1.4689408,-0.159994
-1.4687408,-0.127995
-1.4685408,-0.159994
-1.4683408,-0.127995
-1.4681408,-0.127995
-1.4679408,-0.127995
-1.4677408,-0.127995
-1.4675408,-0.127995
-1.4673408,-0.0639975
-1.4671408,-0.159994
-1.4669408,-0.0639975
-1.4667408,-0.0639975
-1.4665408,-0.0959963
-1.4663408,-0.0639975
-1.4661408,-0.127995
-1.4659408,-0.127995
-1.4657408,-0.0639975
-1.4655408,-0.0959963
-1.4653408,-0.0959963
-1.4651408,-0.0319988
-1.4649408,-0.0639975
-1.4647408,-0.0959963
-1.4645408,-0.0639975
-1.4643408,-0.0319988
-1.4641408,-0.0959963
-1.4639408,-0.0639975
-1.4637408,-0.0639975
-1.4635408,-0.0639975
-1.4633408,0
-1.4631408,0
-1.4629408,-0.0319988
-1.4627408,-0.0319988
-1.4625408,-0.0319988
-1.4623408,-0.0319988
-1.4621408,0
-1.4619408,0.0319988
-1.4617408,-0.0319988
-1.4615408,0.0319988
-1.4613408,0.0639975
-1.4611408,-0.0319988
-1.4609408,0.0639975
-1.4607408,0.0319988
-1.4605408,-0.0319988
-1.4603408,0.0319988
-1.4601408,0.0639975
-1.4599408,0.0319988
-1.4597408,0.0319988
-1.4595408,0.0639975
-1.4593408,0.0639975
-1.4591408,0.0639975
-1.4589408,0.0639975
-1.4587408,0.0319988
-1.4585408,0.0959963
-1.4583408,0.0639975
-1.4581408,0.0639975
-1.4579408,0.0639975
-1.4577408,0.0959963
-1.4575408,0.0319988
-1.4573408,0.127995
-1.4571408,0.0959963
-1.4569408,0.0959963
-1.4567408,0.0959963
-1.4565408,0.0959963
-1.4563408,0.0639975
-1.4561408,0.0959963
-1.4559408,0.127995
-1.4557408,0.159994
-1.4555408,0.159994
-1.4553408,0.159994
-1.4551408,0.159994
-1.4549408,0.191993
-1.4547408,0.159994
-1.4545408,0.191993
-1.4543408,0.127995
-1.4541408,0.191993
-1.4539408,0.191993
-1.4537408,0.223991
-1.4535408,0.191993
-1.4533408,0.191993
-1.4531408,0.223991
-1.4529408,0.191993
-1.4527408,0.223991
-1.4525408,0.223991
-1.4523408,0.25599
-1.4521408,0.223991
-1.4519408,0.191993
-1.4517408,0.223991
-1.4515408,0.223991
-1.4513408,0.287989
-1.4511408,0.25599
-1.4509408,0.25599
-1.4507408,0.25599
-1.4505408,0.223991
-1.4503408,0.25599
-1.4501408,0.287989
-1.4499408,0.25599
-1.4497408,0.287989
-1.4495408,0.319988
-1.4493408,0.287989
-1.4491408,0.351986
-1.4489408,0.319988
-1.4487408,0.25599
-1.4485408,0.319988
-1.4483408,0.319988
-1.4481408,0.319988
-1.4479408,0.319988
-1.4477408,0.351986
-1.4475408,0.319988
-1.4473408,0.319988
-1.4471408,0.351986
-1.4469408,0.319988
-1.4467408,0.287989
-1.4465408,0.351986
-1.4463408,0.319988
-1.4461408,0.287989
-1.4459408,0.383985
-1.4457408,0.351986
-1.4455408,0.415984
-1.4453408,0.383985
-1.4451408,0.383985
-1.4449408,0.415984
-1.4447408,0.415984
-1.4445408,0.351986
-1.4443408,0.383985
-1.4441408,0.383985
-1.4439408,0.383985
-1.4437408,0.415984
-1.4435408,0.479982
-1.4433408,0.415984
-1.4431408,0.447983
-1.4429408,0.447983
-1.4427408,0.447983
-1.4425408,0.447983
-1.4423408,0.479982
-1.4421408,0.447983
-1.4419408,0.447983
-1.4417408,0.51198
-1.4415408,0.447983
-1.4413408,0.447983
-1.4411408,0.479982
-1.4409408,0.479982
-1.4407408,0.447983
-1.4405408,0.479982
-1.4403408,0.479982
-1.4401408,0.51198
-1.4399408,0.51198
-1.4397408,0.575978
-1.4395408,0.51198
-1.4393408,0.51198
-1.4391408,0.575978
-1.4389408,0.51198
-1.4387408,0.543979
-1.4385408,0.543979
-1.4383408,0.51198
-1.4381408,0.543979
-1.4379408,0.607977
-1.4377408,0.543979
-1.4375408,0.575978
-1.4373408,0.607977
-1.4371408,0.575978
-1.4369408,0.543979
-1.4367408,0.575978
-1.4365408,0.575978
-1.4363408,0.575978
-1.4361408,0.671974
-1.4359408,0.575978
-1.4357408,0.575978
-1.4355408,0.639975
-1.4353408,0.543979
-1.4351408,0.607977
-1.4349408,0.639975
-1.4347408,0.575978
-1.4345408,0.607977
-1.4343408,0.639975
-1.4341408,0.607977
-1.4339408,0.575978
-1.4337408,0.671974
-1.4335408,0.575978
-1.4333408,0.607977
-1.4331408,0.639975
-1.4329408,0.607977
-1.4327408,0.639975
-1.4325408,0.671974
-1.4323408,0.607977
-1.4321408,0.607977
-1.4319408,0.671974
-1.4317408,0.671974
-1.4315408,0.639975
-1.4313408,0.671974
-1.4311408,0.607977
-1.4309408,0.671974
-1.4307408,0.639975
-1.4305408,0.639975
-1.4303408,0.607977
-1.4301408,0.671974
-1.4299408,0.671974
-1.4297408,0.671974
-1.4295408,0.671974
-1.4293408,0.639975
-1.4291408,0.671974
-1.4289408,0.735972
-1.4287408,0.639975
-1.4285408,0.671974
-1.4283408,0.703973
-1.4281408,0.671974
-1.4279408,0.703973
-1.4277408,0.735972
-1.4275408,0.639975
-1.4273408,0.639975
-1.4271408,0.703973
-1.4269408,0.671974
-1.4267408,0.671974
-1.4265408,0.703973
-1.4263408,0.735972
-1.4261408,0.703973
-1.4259408,0.703973
-1.4257408,0.671974
-1.4255408,0.671974
-1.4253408,0.703973
-1.4251408,0.703973
-1.4249408,0.703973
-1.4247408,0.767971
-1.4245408,0.703973
-1.4243408,0.735972
-1.4241408,0.703973
-1.4239408,0.703973
-1.4237408,0.703973
-1.4235408,0.767971
-1.4233408,0.735972
-1.4231408,0.703973
-1.4229408,0.767971
-1.4227408,0.703973
-1.4225408,0.735972
-1.4223408,0.735972
-1.4221408,0.703973
-1.4219408,0.703973
-1.4217408,0.735972
-1.4215408,0.735972
-1.4213408,0.735972
-1.4211408,0.799969
-1.4209408,0.703973
-1.4207408,0.767971
-1.4205408,0.799969
-1.4203408,0.767971
-1.4201408,0.767971
-1.4199408,0.831968
-1.4197408,0.767971
-1.4195408,0.767971
-1.4193408,0.831968
-1.4191408,0.767971
-1.4189408,0.767971
-1.4187408,0.799969
-1.4185408,0.767971
-1.4183408,0.767971
-1.4181408,0.799969
-1.4179408,0.735972
-1.4177408,0.767971
-1.4175408,0.831968
-1.4173408,0.799969
-1.4171408,0.799969
-1.4169408,0.831968
-1.4167408,0.767971
-1.4165408,0.831968
-1.4163408,0.895966
-1.4161408,0.799969
-1.4159408,0.831968
-1.4157408,0.831968
-1.4155408,0.799969
-1.4153408,0.831968
-1.4151408,0.863967
-1.4149408,0.799969
-1.4147408,0.799969
-1.4145408,0.799969
-1.4143408,0.863967
-1.4141408,0.831968
-1.4139408,0.863967
-1.4137408,0.863967
-1.4135408,0.831968
-1.4133408,0.831968
-1.4131408,0.831968
-1.4129408,0.831968
-1.4127408,0.863967
-1.4125408,0.863967
-1.4123408,0.863967
-1.4121408,0.895966
-1.4119408,0.895966
-1.4117408,0.863967
-1.4115408,0.863967
-1.4113408,0.863967
-1.4111408,0.863967
-1.4109408,0.863967
-1.4107408,0.895966
-1.4105408,0.863967
-1.4103408,0.927964
-1.4101408,0.895966
-1.4099408,0.895966
-1.4097408,0.895966
-1.4095408,0.895966
-1.4093408,0.895966
-1.4091408,0.927964
-1.4089408,0.927964
-1.4087408,0.927964
-1.4085408,0.927964
-1.4083408,0.863967
-1.4081408,0.927964
-1.4079408,0.927964
-1.4077408,0.927964
-1.4075408,0.927964
-1.4073408,0.927964
-1.4071408,0.927964
-1.4069408,0.927964
-1.4067408,0.927964
-1.4065408,0.959963
-1.4063408,0.959963
-1.4061408,0.959963
-1.4059408,0.895966
-1.4057408,0.959963
-1.4055408,0.959963
-1.4053408,0.959963
-1.4051408,0.959963
-1.4049408,0.991962
-1.4047408,0.991962
-1.4045408,0.991962
-1.4043408,0.991962
-1.4041408,1.02396
-1.4039408,1.02396
-1.4037408,0.991962
-1.4035408,0.991962
-1.4033408,0.991962
-1.4031408,0.991962
-1.4029408,1.02396
-1.4027408,1.02396
-1.4025408,1.02396
-1.4023408,0.991962
-1.4021408,1.02396
-1.4019408,0.991962
-1.4017408,1.02396
-1.4015408,0.991962
-1.4013408,1.02396
-1.4011408,1.02396
-1.4009408,0.991962
-1.4007408,1.02396
-1.4005408,1.05596
-1.4003408,1.05596
-1.4001408,1.02396
-1.3999408,1.02396
-1.3997408,1.05596
-1.3995408,1.08796
-1.3993408,1.08796
-1.3991408,1.05596
-1.3989408,1.08796
-1.3987408,1.05596
-1.3985408,1.08796
-1.3983408,1.08796
-1.3981408,1.05596
-1.3979408,1.08796
-1.3977408,1.08796
-1.3975408,1.08796
-1.3973408,1.08796
-1.3971408,1.08796
-1.3969408,1.08796
-1.3967408,1.08796
-1.3965408,1.11996
-1.3963408,1.08796
-1.3961408,1.08796
-1.3959408,1.08796
-1.3957408,1.11996
-1.3955408,1.11996
-1.3953408,1.11996
-1.3951408,1.11996
-1.3949408,1.11996
-1.3947408,1.08796
-1.3945408,1.11996
-1.3943408,1.15196
-1.3941408,1.08796
-1.3939408,1.15196
-1.3937408,1.08796
-1.3935408,1.08796
-1.3933408,1.08796
-1.3931408,1.08796
-1.3929408,1.11996
-1.3927408,1.15196
-1.3925408,1.11996
-1.3923408,1.11996
-1.3921408,1.11996
-1.3919408,1.15196
-1.3917408,1.11996
-1.3915408,1.18395
-1.3913408,1.15196
-1.3911408,1.15196
-1.3909408,1.15196
-1.3907408,1.18395
-1.3905408,1.11996
-1.3903408,1.18395
-1.3901408,1.15196
-1.3899408,1.11996
-1.3897408,1.11996
-1.3895408,1.15196
-1.3893408,1.11996
-1.3891408,1.18395
-1.3889408,1.18395
-1.3887408,1.15196
-1.3885408,1.15196
-1.3883408,1.15196
-1.3881408,1.18395
-1.3879408,1.15196
-1.3877408,1.15196
-1.3875408,1.18395
-1.3873408,1.15196
-1.3871408,1.18395
-1.3869408,1.15196
-1.3867408,1.18395
-1.3865408,1.18395
-1.3863408,1.18395
-1.3861408,1.21595
-1.3859408,1.18395
-1.3857408,1.15196
-1.3855408,1.15196
-1.3853408,1.21595
-1.3851408,1.18395
-1.3849408,1.15196
-1.3847408,1.18395
-1.3845408,1.18395
-1.3843408,1.18395
-1.3841408,1.18395
-1.3839408,1.15196
-1.3837408,1.18395
-1.3835408,1.18395
-1.3833408,1.18395
-1.3831408,1.18395
-1.3829408,1.21595
-1.3827408,1.24795
-1.3825408,1.18395
-1.3823408,1.18395
-1.3821408,1.18395
-1.3819408,1.18395
-1.3817408,1.24795
-1.3815408,1.21595
-1.3813408,1.18395
-1.3811408,1.18395
-1.3809408,1.24795
-1.3807408,1.18395
-1.3805408,1.15196
-1.3803408,1.21595
-1.3801408,1.18395
-1.3799408,1.15196
-1.3797408,1.18395
-1.3795408,1.15196
-1.3793408,1.18395
-1.3791408,1.18395
-1.3789408,1.21595
-1.3787408,1.18395
-1.3785408,1.21595
-1.3783408,1.18395
-1.3781408,1.18395
-1.3779408,1.18395
-1.3777408,1.18395
-1.3775408,1.11996
-1.3773408,1.18395
-1.3771408,1.18395
-1.3769408,1.18395
-1.3767408,1.18395
-1.3765408,1.15196
-1.3763408,1.18395
-1.3761408,1.18395
-1.3759408,1.21595
-1.3757408,1.18395
-1.3755408,1.18395
-1.3753408,1.18395
-1.3751408,1.15196
-1.3749408,1.11996
-1.3747408,1.18395
-1.3745408,1.15196
-1.3743408,1.18395
-1.3741408,1.15196
-1.3739408,1.18395
-1.3737408,1.15196
-1.3735408,1.15196
-1.3733408,1.11996
-1.3731408,1.11996
-1.3729408,1.15196
-1.3727408,1.15196
-1.3725408,1.15196
-1.3723408,1.18395
-1.3721408,1.15196
-1.3719408,1.18395
-1.3717408,1.18395
-1.3715408,1.15196
-1.3713408,1.15196
-1.3711408,1.15196
-1.3709408,1.15196
-1.3707408,1.15196
-1.3705408,1.11996
-1.3703408,1.21595
-1.3701408,1.21595
-1.3699408,1.15196
-1.3697408,1.15196
-1.3695408,1.15196
-1.3693408,1.18395
-1.3691408,1.11996
-1.3689408,1.15196
-1.3687408,1.15196
-1.3685408,1.15196
-1.3683408,1.11996
-1.3681408,1.15196
-1.3679408,1.15196
-1.3677408,1.11996
-1.3675408,1.08796
-1.3673408,1.11996
-1.3671408,1.11996
-1.3669408,1.11996
-1.3667408,1.08796
-1.3665408,1.11996
-1.3663408,1.11996
-1.3661408,1.11996
-1.3659408,1.11996
-1.3657408,1.11996
-1.3655408,1.11996
-1.3653408,1.11996
-1.3651408,1.11996
-1.3649408,1.15196
-1.3647408,1.11996
-1.3645408,1.11996
-1.3643408,1.15196
-1.3641408,1.11996
-1.3639408,1.08796
-1.3637408,1.11996
-1.3635408,1.11996
-1.3633408,1.08796
-1.3631408,1.11996
-1.3629408,1.08796
-1.3627408,1.11996
-1.3625408,1.08796
-1.3623408,1.08796
-1.3621408,1.11996
-1.3619408,1.08796
-1.3617408,1.08796
-1.3615408,1.05596
-1.3613408,1.08796
-1.3611408,1.08796
-1.3609408,1.08796
-1.3607408,1.05596
-1.3605408,1.08796
-1.3603408,1.11996
-1.3601408,1.05596
-1.3599408,1.05596
-1.3597408,1.08796
-1.3595408,1.02396
-1.3593408,1.05596
-1.3591408,1.02396
-1.3589408,1.05596
-1.3587408,1.02396
-1.3585408,1.08796
-1.3583408,1.02396
-1.3581408,1.08796
-1.3579408,1.08796
-1.3577408,1.02396
-1.3575408,1.05596
-1.3573408,1.02396
-1.3571408,1.05596
-1.3569408,0.991962
-1.3567408,1.05596
-1.3565408,1.05596
-1.3563408,1.05596
-1.3561408,1.02396
-1.3559408,1.05596
-1.3557408,1.02396
-1.3555408,0.991962
-1.3553408,1.05596
-1.3551408,0.991962
-1.3549408,0.991962
-1.3547408,0.991962
-1.3545408,1.02396
-1.3543408,1.02396
-1.3541408,0.991962
-1.3539408,0.991962
-1.3537408,0.991962
-1.3535408,1.02396
-1.3533408,1.02396
-1.3531408,1.02396
-1.3529408,0.959963
-1.3527408,0.991962
-1.3525408,0.959963
-1.3523408,0.991962
-1.3521408,0.991962
-1.3519408,0.959963
-1.3517408,0.959963
-1.3515408,0.991962
-1.3513408,0.959963
-1.3511408,0.991962
-1.3509408,0.991962
-1.3507408,0.895966
-1.3505408,0.991962
-1.3503408,0.959963
-1.3501408,0.959963
-1.3499408,0.959963
-1.3497408,0.991962
-1.3495408,0.927964
-1.3493408,0.959963
-1.3491408,0.991962
-1.3489408,0.927964
-1.3487408,0.959963
-1.3485408,0.927964
-1.3483408,0.927964
-1.3481408,0.927964
-1.3479408,0.927964
-1.3477408,0.927964
-1.3475408,0.927964
-1.3473408,0.927964
-1.3471408,0.895966
-1.3469408,0.895966
-1.3467408,0.927964
-1.3465408,0.927964
-1.3463408,0.895966
-1.3461408,0.895966
-1.3459408,0.895966
-1.3457408,0.895966
-1.3455408,0.927964
-1.3453408,0.927964
-1.3451408,0.895966
-1.3449408,0.927964
-1.3447408,0.895966
-1.3445408,0.895966
-1.3443408,0.927964
-1.3441408,0.927964
-1.3439408,0.927964
-1.3437408,0.927964
-1.3435408,0.895966
-1.3433408,0.895966
-1.3431408,0.863967
-1.3429408,0.895966
-1.3427408,0.863967
-1.3425408,0.895966
-1.3423408,0.863967
-1.3421408,0.831968
-1.3419408,0.863967
-1.3417408,0.863967
-1.3415408,0.863967
-1.3413408,0.863967
-1.3411408,0.831968
-1.3409408,0.799969
-1.3407408,0.863967
-1.3405408,0.831968
-1.3403408,0.831968
-1.3401408,0.863967
-1.3399408,0.831968
-1.3397408,0.799969
-1.3395408,0.831968
-1.3393408,0.799969
-1.3391408,0.799969
-1.3389408,0.863967
-1.3387408,0.799969
-1.3385408,0.799969
-1.3383408,0.831968
-1.3381408,0.799969
-1.3379408,0.767971
-1.3377408,0.831968
-1.3375408,0.767971
-1.3373408,0.767971
-1.3371408,0.863967
-1.3369408,0.799969
-1.3367408,0.767971
-1.3365408,0.799969
-1.3363408,0.767971
-1.3361408,0.735972
-1.3359408,0.767971
-1.3357408,0.735972
-1.3355408,0.735972
-1.3353408,0.735972
-1.3351408,0.735972
-1.3349408,0.671974
-1.3347408,0.735972
-1.3345408,0.703973
-1.3343408,0.703973
-1.3341408,0.703973
-1.3339408,0.671974
-1.3337408,0.735972
-1.3335408,0.703973
-1.3333408,0.703973
-1.3331408,0.703973
-1.3329408,0.735972
-1.3327408,0.671974
-1.3325408,0.671974
-1.3323408,0.671974
-1.3321408,0.639975
-1.3319408,0.639975
-1.3317408,0.671974
-1.3315408,0.607977
-1.3313408,0.607977
-1.3311408,0.671974
-1.3309408,0.639975
-1.3307408,0.575978
-1.3305408,0.607977
-1.3303408,0.607977
-1.3301408,0.639975
-1.3299408,0.639975
-1.3297408,0.575978
-1.3295408,0.607977
-1.3293408,0.607977
-1.3291408,0.607977
-1.3289408,0.543979
-1.3287408,0.607977
-1.3285408,0.575978
-1.3283408,0.575978
-1.3281408,0.607977
-1.3279408,0.543979
-1.3277408,0.575978
-1.3275408,0.575978
-1.3273408,0.543979
-1.3271408,0.575978
-1.3269408,0.575978
-1.3267408,0.575978
-1.3265408,0.51198
-1.3263408,0.543979
-1.3261408,0.51198
-1.3259408,0.51198
-1.3257408,0.51198
-1.3255408,0.51198
-1.3253408,0.51198
-1.3251408,0.575978
-1.3249408,0.51198
-1.3247408,0.51198
-1.3245408,0.479982
-1.3243408,0.479982
-1.3241408,0.479982
-1.3239408,0.479982
-1.3237408,0.479982
-1.3235408,0.479982
-1.3233408,0.543979
-1.3231408,0.447983
-1.3229408,0.479982
-1.3227408,0.415984
-1.3225408,0.447983
-1.3223408,0.447983
-1.3221408,0.447983
-1.3219408,0.447983
-1.3217408,0.447983
-1.3215408,0.479982
-1.3213408,0.447983
-1.3211408,0.447983
-1.3209408,0.479982
-1.3207408,0.447983
-1.3205408,0.415984
-1.3203408,0.447983
-1.3201408,0.447983
-1.3199408,0.447983
-1.3197408,0.383985
-1.3195408,0.415984
-1.3193408,0.415984
-1.3191408,0.447983
-1.3189408,0.447983
-1.3187408,0.447983
-1.3185408,0.415984
-1.3183408,0.415984
-1.3181408,0.415984
-1.3179408,0.415984
-1.3177408,0.383985
-1.3175408,0.447983
-1.3173408,0.383985
-1.3171408,0.351986
-1.3169408,0.415984
-1.3167408,0.415984
-1.3165408,0.383985
-1.3163408,0.415984
-1.3161408,0.383985
-1.3159408,0.383985
-1.3157408,0.415984
-1.3155408,0.383985
-1.3153408,0.351986
-1.3151408,0.415984
-1.3149408,0.383985
-1.3147408,0.383985
-1.3145408,0.415984
-1.3143408,0.351986
-1.3141408,0.351986
-1.3139408,0.383985
-1.3137408,0.319988
-1.3135408,0.319988
-1.3133408,0.383985
-1.3131408,0.351986
-1.3129408,0.319988
-1.3127408,0.319988
-1.3125408,0.319988
-1.3123408,0.287989
-1.3121408,0.351986
-1.3119408,0.319988
-1.3117408,0.351986
-1.3115408,0.319988
-1.3113408,0.287989
-1.3111408,0.287989
-1.3109408,0.351986
-1.3107408,0.287989
-1.3105408,0.287989
-1.3103408,0.351986
-1.3101408,0.287989
-1.3099408,0.287989
-1.3097408,0.319988
-1.3095408,0.319988
-1.3093408,0.287989
-1.3091408,0.287989
-1.3089408,0.287989
-1.3087408,0.287989
-1.3085408,0.319988
-1.3083408,0.25599
-1.3081408,0.25599
-1.3079408,0.287989
-1.3077408,0.287989
-1.3075408,0.25599
-1.3073408,0.25599
-1.3071408,0.25599
-1.3069408,0.223991
-1.3067408,0.287989
-1.3065408,0.223991
-1.3063408,0.25599
-1.3061408,0.223991
-1.3059408,0.25599
-1.3057408,0.223991
-1.3055408,0.287989
-1.3053408,0.223991
-1.3051408,0.191993
-1.3049408,0.25599
-1.3047408,0.191993
-1.3045408,0.191993
-1.3043408,0.223991
-1.3041408,0.223991
-1.3039408,0.191993
-1.3037408,0.223991
-1.3035408,0.191993
-1.3033408,0.191993
-1.3031408,0.191993
-1.3029408,0.159994
-1.3027408,0.159994
-1.3025408,0.159994
-1.3023408,0.127995
-1.3021408,0.191993
-1.3019408,0.191993
-1.3017408,0.127995
-1.3015408,0.127995
-1.3013408,0.127995
-1.3011408,0.127995
-1.3009408,0.159994
-1.3007408,0.127995
-1.3005408,0.127995
-1.3003408,0.127995
-1.3001408,0.159994
-1.2999408,0.127995
-1.2997408,0.0959963
-1.2995408,0.127995
-1.2993408,0.0959963
-1.2991408,0.0959963
-1.2989408,0.0639975
-1.2987408,0.0639975
-1.2985408,0.0959963
-1.2983408,0.0639975
-1.2981408,0.0959963
-1.2979408,0.0319988
-1.2977408,0.0639975
-1.2975408,0.0959963
-1.2973408,0.0639975
-1.2971408,0.0639975
-1.2969408,0.0959963
-1.2967408,0
-1.2965408,0.0639975
-1.2963408,0.0639975
-1.2961408,0.0319988
-1.2959408,0.0639975
-1.2957408,0.0319988
-1.2955408,0.0319988
-1.2953408,0.0319988
-1.2951408,0.0319988
-1.2949408,0.0319988
-1.2947408,0.0319988
-1.2945408,0
-1.2943408,0
-1.2941408,0.0319988
-1.2939408,0.0319988
-1.2937408,-0.0319988
-1.2935408,0
-1.2933408,-0.0319988
-1.2931408,0
-1.2929408,0
-1.2927408,-0.0319988
-1.2925408,-0.0639975
-1.2923408,-0.0319988
-1.2921408,-0.0319988
-1.2919408,-0.0639975
-1.2917408,0
-1.2915408,-0.0319988
-1.2913408,-0.127995
-1.2911408,-0.0639975
-1.2909408,-0.0959963
-1.2907408,-0.0959963
-1.2905408,-0.0639975
-1.2903408,-0.0959963
-1.2901408,-0.0639975
-1.2899408,-0.0319988
-1.2897408,-0.0959963
-1.2895408,-0.127995
-1.2893408,-0.0959963
-1.2891408,-0.0959963
-1.2889408,-0.127995
-1.2887408,-0.0959963
-1.2885408,-0.0959963
-1.2883408,-0.127995
-1.2881408,-0.127995
-1.2879408,-0.0639975
-1.2877408,-0.127995
-1.2875408,-0.127995
-1.2873408,-0.127995
-1.2871408,-0.127995
-1.2869408,-0.127995
-1.2867408,-0.127995
-1.2865408,-0.159994
-1.2863408,-0.159994
-1.2861408,-0.159994
-1.2859408,-0.191993
-1.2857408,-0.191993
-1.2855408,-0.159994
-1.2853408,-0.191993
-1.2851408,-0.191993
-1.2849408,-0.127995
-1.2847408,-0.127995
-1.2845408,-0.223991
-1.2843408,-0.191993
-1.2841408,-0.159994
-1.2839408,-0.223991
-1.2837408,-0.191993
-1.2835408,-0.191993
-1.2833408,-0.191993
-1.2831408,-0.223991
-1.2829408,-0.191993
-1.2827408,-0.223991
-1.2825408,-0.159994
-1.2823408,-0.191993
-1.2821408,-0.223991
-1.2819408,-0.25599
-1.2817408,-0.191993
-1.2815408,-0.191993
-1.2813408,-0.191993
-1.2811408,-0.191993
-1.2809408,-0.223991
-1.2807408,-0.191993
-1.2805408,-0.25599
-1.2803408,-0.25599
-1.2801408,-0.223991
-1.2799408,-0.25599
-1.2797408,-0.25599
-1.2795408,-0.223991
-1.2793408,-0.25599
-1.2791408,-0.25599
-1.2789408,-0.25599
-1.2787408,-0.287989
-1.2785408,-0.25599
-1.2783408,-0.191993
-1.2781408,-0.287989
-1.2779408,-0.287989
-1.2777408,-0.223991
-1.2775408,-0.287989
-1.2773408,-0.287989
-1.2771408,-0.223991
-1.2769408,-0.319988
-1.2767408,-0.287989
-1.2765408,-0.287989
-1.2763408,-0.287989
-1.2761408,-0.319988
-1.2759408,-0.25599
-1.2757408,-0.25599
-1.2755408,-0.287989
-1.2753408,-0.319988
-1.2751408,-0.287989
-1.2749408,-0.287989
-1.2747408,-0.319988
-1.2745408,-0.319988
-1.2743408,-0.319988
-1.2741408,-0.319988
-1.2739408,-0.351986
-1.2737408,-0.319988
-1.2735408,-0.319988
-1.2733408,-0.319988
-1.2731408,-0.287989
-1.2729408,-0.25599
-1.2727408,-0.319988
-1.2725408,-0.319988
-1.2723408,-0.319988
-1.2721408,-0.287989
-1.2719408,-0.319988
-1.2717408,-0.351986
-1.2715408,-0.319988
-1.2713408,-0.351986
-1.2711408,-0.319988
-1.2709408,-0.351986
-1.2707408,-0.319988
-1.2705408,-0.287989
-1.2703408,-0.319988
-1.2701408,-0.351986
-1.2699408,-0.319988
-1.2697408,-0.319988
-1.2695408,-0.351986
-1.2693408,-0.319988
-1.2691408,-0.351986
-1.2689408,-0.351986
-1.2687408,-0.319988
-1.2685408,-0.351986
-1.2683408,-0.351986
-1.2681408,-0.351986
-1.2679408,-0.351986
-1.2677408,-0.351986
-1.2675408,-0.383985
-1.2673408,-0.351986
-1.2671408,-0.383985
-1.2669408,-0.319988
-1.2667408,-0.351986
-1.2665408,-0.383985
-1.2663408,-0.351986
-1.2661408,-0.351986
-1.2659408,-0.351986
-1.2657408,-0.415984
-1.2655408,-0.383985
-1.2653408,-0.351986
-1.2651408,-0.351986
-1.2649408,-0.319988
-1.2647408,-0.415984
-1.2645408,-0.383985
-1.2643408,-0.415984
-1.2641408,-0.415984
-1.2639408,-0.383985
-1.2637408,-0.383985
-1.2635408,-0.415984
-1.2633408,-0.415984
-1.2631408,-0.383985
-1.2629408,-0.415984
-1.2627408,-0.383985
-1.2625408,-0.383985
-1.2623408,-0.415984
-1.2621408,-0.383985
-1.2619408,-0.415984
-1.2617408,-0.383985
-1.2615408,-0.383985
-1.2613408,-0.415984
-1.2611408,-0.383985
-1.2609408,-0.383985
-1.2607408,-0.383985
-1.2605408,-0.447983
-1.2603408,-0.383985
-1.2601408,-0.415984
-1.2599408,-0.415984
-1.2597408,-0.415984
-1.2595408,-0.383985
-1.2593408,-0.479982
-1.2591408,-0.383985
-1.2589408,-0.383985
-1.2587408,-0.415984
-1.2585408,-0.415984
-1.2583408,-0.447983
-1.2581408,-0.383985
-1.2579408,-0.447983
-1.2577408,-0.415984
-1.2575408,-0.447983
-1.2573408,-0.415984
-1.2571408,-0.415984
-1.2569408,-0.415984
-1.2567408,-0.415984
-1.2565408,-0.351986
-1.2563408,-0.447983
-1.2561408,-0.447983
-1.2559408,-0.415984
-1.2557408,-0.447983
-1.2555408,-0.415984
-1.2553408,-0.415984
-1.2551408,-0.447983
-1.2549408,-0.447983
-1.2547408,-0.415984
-1.2545408,-0.447983
-1.2543408,-0.415984
-1.2541408,-0.447983
-1.2539408,-0.51198
-1.2537408,-0.447983
-1.2535408,-0.415984
-1.2533408,-0.479982
-1.2531408,-0.479982
-1.2529408,-0.447983
-1.2527408,-0.415984
-1.2525408,-0.447983
-1.2523408,-0.415984
-1.2521408,-0.543979
-1.2519408,-0.447983
-1.2517408,-0.447983
-1.2515408,-0.479982
-1.2513408,-0.447983
-1.2511408,-0.447983
-1.2509408,-0.479982
-1.2507408,-0.479982
-1.2505408,-0.447983
-1.2503408,-0.479982
-1.2501408,-0.479982
-1.2499408,-0.479982
-1.2497408,-0.479982
-1.2495408,-0.447983
-1.2493408,-0.479982
-1.2491408,-0.51198
-1.2489408,-0.447983
-1.2487408,-0.479982
-1.2485408,-0.51198
-1.2483408,-0.479982
-1.2481408,-0.415984
-1.2479408,-0.479982
-1.2477408,-0.543979
-1.2475408,-0.479982
-1.2473408,-0.479982
-1.2471408,-0.51198
-1.2469408,-0.479982
-1.2467408,-0.543979
-1.2465408,-0.447983
-1.2463408,-0.479982
-1.2461408,-0.543979
-1.2459408,-0.479982
-1.2457408,-0.479982
-1.2455408,-0.51198
-1.2453408,-0.51198
-1.2451408,-0.479982
-1.2449408,-0.51198
-1.2447408,-0.543979
-1.2445408,-0.479982
-1.2443408,-0.51198
-1.2441408,-0.479982
-1.2439408,-0.479982
-1.2437408,-0.51198
-1.2435408,-0.51198
-1.2433408,-0.479982
-1.2431408,-0.479982
-1.2429408,-0.479982
-1.2427408,-0.479982
-1.2425408,-0.479982
-1.2423408,-0.479982
-1.2421408,-0.51198
-1.2419408,-0.51198
-1.2417408,-0.51198
-1.2415408,-0.447983
-1.2413408,-0.479982
-1.2411408,-0.51198
-1.2409408,-0.479982
-1.2407408,-0.51198
-1.2405408,-0.51198
-1.2403408,-0.479982
-1.2401408,-0.479982
-1.2399408,-0.51198
-1.2397408,-0.479982
-1.2395408,-0.51198
-1.2393408,-0.479982
-1.2391408,-0.51198
-1.2389408,-0.51198
-1.2387408,-0.479982
-1.2385408,-0.51198
-1.2383408,-0.543979
-1.2381408,-0.479982
-1.2379408,-0.479982
-1.2377408,-0.51198
-1.2375408,-0.51198
-1.2373408,-0.479982
-1.2371408,-0.51198
-1.2369408,-0.51198
-1.2367408,-0.479982
-1.2365408,-0.543979
-1.2363408,-0.479982
-1.2361408,-0.479982
-1.2359408,-0.51198
-1.2357408,-0.51198
-1.2355408,-0.447983
-1.2353408,-0.51198
-1.2351408,-0.447983
-1.2349408,-0.51198
-1.2347408,-0.543979
-1.2345408,-0.479982
-1.2343408,-0.479982
-1.2341408,-0.51198
-1.2339408,-0.479982
-1.2337408,-0.479982
-1.2335408,-0.51198
-1.2333408,-0.479982
-1.2331408,-0.479982
-1.2329408,-0.51198
-1.2327408,-0.447983
-1.2325408,-0.479982
-1.2323408,-0.479982
-1.2321408,-0.479982
-1.2319408,-0.479982
-1.2317408,-0.479982
-1.2315408,-0.51198
-1.2313408,-0.447983
-1.2311408,-0.543979
-1.2309408,-0.479982
-1.2307408,-0.479982
-1.2305408,-0.51198
-1.2303408,-0.479982
-1.2301408,-0.479982
-1.2299408,-0.51198
-1.2297408,-0.479982
-1.2295408,-0.447983
-1.2293408,-0.479982
-1.2291408,-0.51198
-1.2289408,-0.479982
-1.2287408,-0.51198
-1.2285408,-0.447983
-1.2283408,-0.479982
-1.2281408,-0.479982
-1.2279408,-0.479982
-1.2277408,-0.447983
-1.2275408,-0.51198
-1.2273408,-0.479982
-1.2271408,-0.479982
-1.2269408,-0.479982
-1.2267408,-0.51198
-1.2265408,-0.479982
-1.2263408,-0.51198
-1.2261408,-0.479982
-1.2259408,-0.415984
-1.2257408,-0.479982
-1.2255408,-0.447983
-1.2253408,-0.447983
-1.2251408,-0.51198
-1.2249408,-0.479982
-1.2247408,-0.479982
-1.2245408,-0.51198
-1.2243408,-0.479982
-1.2241408,-0.479982
-1.2239408,-0.479982
-1.2237408,-0.415984
-1.2235408,-0.479982
-1.2233408,-0.447983
-1.2231408,-0.447983
-1.2229408,-0.479982
-1.2227408,-0.479982
-1.2225408,-0.479982
-1.2223408,-0.415984
-1.2221408,-0.479982
-1.2219408,-0.415984
-1.2217408,-0.447983
-1.2215408,-0.479982
-1.2213408,-0.447983
-1.2211408,-0.447983
-1.2209408,-0.479982
-1.2207408,-0.415984
-1.2205408,-0.447983
-1.2203408,-0.479982
-1.2201408,-0.51198
-1.2199408,-0.415984
-1.2197408,-0.479982
-1.2195408,-0.447983
-1.2193408,-0.415984
-1.2191408,-0.479982
-1.2189408,-0.447983
-1.2187408,-0.447983
-1.2185408,-0.479982
-1.2183408,-0.447983
-1.2181408,-0.479982
-1.2179408,-0.447983
-1.2177408,-0.447983
-1.2175408,-0.447983
-1.2173408,-0.415984
-1.2171408,-0.51198
-1.2169408,-0.415984
-1.2167408,-0.479982
-1.2165408,-0.415984
-1.2163408,-0.415984
-1.2161408,-0.51198
-1.2159408,-0.415984
-1.2157408,-0.479982
-1.2155408,-0.447983
-1.2153408,-0.447983
-1.2151408,-0.415984
-1.2149408,-0.479982
-1.2147408,-0.415984
-1.2145408,-0.415984
-1.2143408,-0.479982
-1.2141408,-0.415984
-1.2139408,-0.479982
-1.2137408,-0.415984
-1.2135408,-0.415984
-1.2133408,-0.479982
-1.2131408,-0.415984
-1.2129408,-0.447983
-1.2127408,-0.447983
-1.2125408,-0.447983
-1.2123408,-0.447983
-1.2121408,-0.351986
-1.2119408,-0.447983
-1.2117408,-0.447983
-1.2115408,-0.479982
-1.2113408,-0.447983
-1.2111408,-0.415984
-1.2109408,-0.415984
-1.2107408,-0.447983
-1.2105408,-0.447983
-1.2103408,-0.447983
-1.2101408,-0.447983
-1.2099408,-0.447983
-1.2097408,-0.383985
-1.2095408,-0.415984
-1.2093408,-0.415984
-1.2091408,-0.415984
-1.2089408,-0.415984
-1.2087408,-0.415984
-1.2085408,-0.415984
-1.2083408,-0.415984
-1.2081408,-0.415984
-1.2079408,-0.383985
-1.2077408,-0.415984
-1.2075408,-0.415984
-1.2073408,-0.383985
-1.2071408,-0.415984
-1.2069408,-0.415984
-1.2067408,-0.383985
-1.2065408,-0.415984
-1.2063408,-0.415984
-1.2061408,-0.383985
-1.2059408,-0.415984
-1.2057408,-0.351986
-1.2055408,-0.351986
-1.2053408,-0.383985
-1.2051408,-0.415984
-1.2049408,-0.351986
-1.2047408,-0.383985
-1.2045408,-0.383985
-1.2043408,-0.383985
-1.2041408,-0.447983
-1.2039408,-0.383985
-1.2037408,-0.383985
-1.2035408,-0.415984
-1.2033408,-0.351986
-1.2031408,-0.383985
-1.2029408,-0.383985
-1.2027408,-0.383985
-1.2025408,-0.383985
-1.2023408,-0.383985
-1.2021408,-0.351986
-1.2019408,-0.351986
-1.2017408,-0.383985
-1.2015408,-0.383985
-1.2013408,-0.351986
-1.2011408,-0.415984
-1.2009408,-0.351986
-1.2007408,-0.319988
-1.2005408,-0.479982
-1.2003408,-0.351986
-1.2001408,-0.383985
-1.1999408,-0.383985
-1.1997408,-0.383985
-1.1995408,-0.319988
-1.1993408,-0.351986
-1.1991408,-0.351986
-1.1989408,-0.319988
-1.1987408,-0.383985
-1.1985408,-0.351986
-1.1983408,-0.351986
-1.1981408,-0.351986
-1.1979408,-0.319988
-1.1977408,-0.351986
-1.1975408,-0.319988
-1.1973408,-0.319988
-1.1971408,-0.319988
-1.1969408,-0.351986
-1.1967408,-0.351986
-1.1965408,-0.351986
-1.1963408,-0.351986
-1.1961408,-0.351986
-1.1959408,-0.287989
-1.1957408,-0.319988
-1.1955408,-0.351986
-1.1953408,-0.351986
-1.1951408,-0.319988
-1.1949408,-0.319988
-1.1947408,-0.287989
-1.1945408,-0.319988
-1.1943408,-0.319988
-1.1941408,-0.319988
-1.1939408,-0.287989
-1.1937408,-0.287989
-1.1935408,-0.319988
-1.1933408,-0.351986
-1.1931408,-0.287989
-1.1929408,-0.319988
-1.1927408,-0.319988
-1.1925408,-0.351986
-1.1923408,-0.287989
-1.1921408,-0.319988
-1.1919408,-0.25599
-1.1917408,-0.319988
-1.1915408,-0.319988
-1.1913408,-0.319988
-1.1911408,-0.287989
-1.1909408,-0.351986
-1.1907408,-0.287989
-1.1905408,-0.287989
-1.1903408,-0.287989
-1.1901408,-0.319988
-1.1899408,-0.25599
-1.1897408,-0.319988
-1.1895408,-0.319988
-1.1893408,-0.319988
-1.1891408,-0.319988
-1.1889408,-0.287989
-1.1887408,-0.319988
-1.1885408,-0.319988
-1.1883408,-0.319988
-1.1881408,-0.319988
-1.1879408,-0.319988
-1.1877408,-0.319988
-1.1875408,-0.287989
-1.1873408,-0.319988
-1.1871408,-0.351986
-1.1869408,-0.319988
-1.1867408,-0.287989
-1.1865408,-0.287989
-1.1863408,-0.351986
-1.1861408,-0.351986
-1.1859408,-0.287989
-1.1857408,-0.287989
-1.1855408,-0.319988
-1.1853408,-0.287989
-1.1851408,-0.351986
-1.1849408,-0.351986
-1.1847408,-0.351986
-1.1845408,-0.351986
-1.1843408,-0.351986
-1.1841408,-0.351986
-1.1839408,-0.319988
-1.1837408,-0.351986
-1.1835408,-0.351986
-1.1833408,-0.319988
-1.1831408,-0.351986
-1.1829408,-0.287989
-1.1827408,-0.319988
-1.1825408,-0.319988
-1.1823408,-0.383985
-1.1821408,-0.319988
-1.1819408,-0.351986
-1.1817408,-0.287989
-1.1815408,-0.351986
-1.1813408,-0.319988
-1.1811408,-0.25599
-1.1809408,-0.287989
-1.1807408,-0.351986
-1.1805408,-0.319988
-1.1803408,-0.319988
-1.1801408,-0.415984
-1.1799408,-0.383985
-1.1797408,-0.319988
-1.1795408,-0.319988
-1.1793408,-0.351986
-1.1791408,-0.351986
-1.1789408,-0.383985
-1.1787408,-0.351986
-1.1785408,-0.351986
-1.1783408,-0.351986
-1.1781408,-0.351986
-1.1779408,-0.351986
-1.1777408,-0.351986
-1.1775408,-0.351986
-1.1773408,-0.383985
-1.1771408,-0.351986
-1.1769408,-0.351986
-1.1767408,-0.319988
-1.1765408,-0.383985
-1.1763408,-0.319988
-1.1761408,-0.351986
-1.1759408,-0.415984
-1.1757408,-0.351986
-1.1755408,-0.351986
-1.1753408,-0.383985
-1.1751408,-0.383985
-1.1749408,-0.351986
-1.1747408,-0.415984
-1.1745408,-0.415984
-1.1743408,-0.383985
-1.1741408,-0.383985
-1.1739408,-0.415984
-1.1737408,-0.383985
-1.1735408,-0.415984
-1.1733408,-0.383985
-1.1731408,-0.415984
-1.1729408,-0.351986
-1.1727408,-0.383985
-1.1725408,-0.383985
-1.1723408,-0.383985
-1.1721408,-0.383985
-1.1719408,-0.415984
-1.1717408,-0.415984
-1.1715408,-0.383985
-1.1713408,-0.383985
-1.1711408,-0.415984
-1.1709408,-0.383985
-1.1707408,-0.351986
-1.1705408,-0.415984
-1.1703408,-0.415984
-1.1701408,-0.351986
-1.1699408,-0.415984
-1.1697408,-0.415984
-1.1695408,-0.383985
-1.1693408,-0.415984
-1.1691408,-0.415984
-1.1689408,-0.383985
-1.1687408,-0.415984
-1.1685408,-0.383985
-1.1683408,-0.383985
-1.1681408,-0.415984
-1.1679408,-0.383985
-1.1677408,-0.415984
-1.1675408,-0.415984
-1.1673408,-0.415984
-1.1671408,-0.383985
-1.1669408,-0.415984
-1.1667408,-0.415984
-1.1665408,-0.383985
-1.1663408,-0.383985
-1.1661408,-0.447983
-1.1659408,-0.447983
-1.1657408,-0.447983
-1.1655408,-0.415984
-1.1653408,-0.383985
-1.1651408,-0.447983
-1.1649408,-0.415984
-1.1647408,-0.415984
-1.1645408,-0.447983
-1.1643408,-0.415984
-1.1641408,-0.447983
-1.1639408,-0.447983
-1.1637408,-0.415984
-1.1635408,-0.447983
-1.1633408,-0.479982
-1.1631408,-0.415984
-1.1629408,-0.447983
-1.1627408,-0.415984
-1.1625408,-0.383985
-1.1623408,-0.415984
-1.1621408,-0.447983
-1.1619408,-0.415984
-1.1617408,-0.415984
-1.1615408,-0.447983
-1.1613408,-0.415984
-1.1611408,-0.415984
-1.1609408,-0.447983
-1.1607408,-0.383985
-1.1605408,-0.415984
-1.1603408,-0.415984
-1.1601408,-0.479982
-1.1599408,-0.383985
-1.1597408,-0.447983
-1.1595408,-0.447983
-1.1593408,-0.415984
-1.1591408,-0.447983
-1.1589408,-0.415984
-1.1587408,-0.415984
-1.1585408,-0.415984
-1.1583408,-0.415984
-1.1581408,-0.383985
-1.1579408,-0.447983
-1.1577408,-0.447983
-1.1575408,-0.415984
-1.1573408,-0.415984
-1.1571408,-0.383985
-1.1569408,-0.415984
-1.1567408,-0.415984
-1.1565408,-0.415984
-1.1563408,-0.383985
-1.1561408,-0.415984
-1.1559408,-0.415984
-1.1557408,-0.383985
-1.1555408,-0.415984
-1.1553408,-0.415984
-1.1551408,-0.415984
-1.1549408,-0.479982
-1.1547408,-0.415984
-1.1545408,-0.415984
-1.1543408,-0.415984
-1.1541408,-0.383985
-1.1539408,-0.383985
-1.1537408,-0.447983
-1.1535408,-0.415984
-1.1533408,-0.415984
-1.1531408,-0.415984
-1.1529408,-0.415984
-1.1527408,-0.415984
-1.1525408,-0.447983
-1.1523408,-0.383985
-1.1521408,-0.447983
-1.1519408,-0.415984
-1.1517408,-0.351986
-1.1515408,-0.351986
-1.1513408,-0.415984
-1.1511408,-0.447983
-1.1509408,-0.383985
-1.1507408,-0.479982
-1.1505408,-0.383985
-1.1503408,-0.383985
-1.1501408,-0.415984
-1.1499408,-0.415984
-1.1497408,-0.415984
-1.1495408,-0.415984
-1.1493408,-0.415984
-1.1491408,-0.415984
-1.1489408,-0.415984
-1.1487408,-0.447983
-1.1485408,-0.383985
-1.1483408,-0.447983
-1.1481408,-0.383985
-1.1479408,-0.383985
-1.1477408,-0.415984
-1.1475408,-0.415984
-1.1473408,-0.351986
-1.1471408,-0.415984
-1.1469408,-0.415984
-1.1467408,-0.415984
-1.1465408,-0.415984
-1.1463408,-0.383985
-1.1461408,-0.415984
-1.1459408,-0.415984
-1.1457408,-0.351986
-1.1455408,-0.383985
-1.1453408,-0.415984
-1.1451408,-0.351986
-1.1449408,-0.383985
-1.1447408,-0.415984
-1.1445408,-0.351986
-1.1443408,-0.351986
-1.1441408,-0.383985
-1.1439408,-0.415984
-1.1437408,-0.351986
-1.1435408,-0.351986
-1.1433408,-0.415984
-1.1431408,-0.351986
-1.1429408,-0.415984
-1.1427408,-0.415984
-1.1425408,-0.351986
-1.1423408,-0.351986
-1.1421408,-0.351986
-1.1419408,-0.383985
-1.1417408,-0.415984
-1.1415408,-0.351986
-1.1413408,-0.351986
-1.1411408,-0.383985
-1.1409408,-0.351986
-1.1407408,-0.351986
-1.1405408,-0.351986
-1.1403408,-0.319988
-1.1401408,-0.319988
-1.1399408,-0.383985
-1.1397408,-0.319988
-1.1395408,-0.319988
-1.1393408,-0.351986
-1.1391408,-0.351986
-1.1389408,-0.351986
-1.1387408,-0.319988
-1.1385408,-0.287989
-1.1383408,-0.351986
-1.1381408,-0.351986
-1.1379408,-0.351986
-1.1377408,-0.319988
-1.1375408,-0.319988
-1.1373408,-0.319988
-1.1371408,-0.287989
-1.1369408,-0.319988
-1.1367408,-0.319988
-1.1365408,-0.319988
-1.1363408,-0.319988
-1.1361408,-0.319988
-1.1359408,-0.287989
-1.1357408,-0.319988
-1.1355408,-0.319988
-1.1353408,-0.319988
-1.1351408,-0.351986
-1.1349408,-0.287989
-1.1347408,-0.287989
-1.1345408,-0.25599
-1.1343408,-0.319988
-1.1341408,-0.287989
-1.1339408,-0.287989
-1.1337408,-0.287989
-1.1335408,-0.287989
-1.1333408,-0.25599
-1.1331408,-0.25599
-1.1329408,-0.287989
-1.1327408,-0.319988
-1.1325408,-0.287989
-1.1323408,-0.25599
-1.1321408,-0.319988
-1.1319408,-0.191993
-1.1317408,-0.287989
-1.1315408,-0.319988
-1.1313408,-0.223991
-1.1311408,-0.25599
-1.1309408,-0.25599
-1.1307408,-0.223991
-1.1305408,-0.25599
-1.1303408,-0.25599
-1.1301408,-0.25599
-1.1299408,-0.25599
-1.1297408,-0.25599
-1.1295408,-0.191993
-1.1293408,-0.25599
-1.1291408,-0.25599
-1.1289408,-0.223991
-1.1287408,-0.25599
-1.1285408,-0.287989
-1.1283408,-0.223991
-1.1281408,-0.25599
-1.1279408,-0.191993
-1.1277408,-0.223991
-1.1275408,-0.25599
-1.1273408,-0.223991
-1.1271408,-0.25599
-1.1269408,-0.25599
-1.1267408,-0.25599
-1.1265408,-0.223991
-1.1263408,-0.223991
-1.1261408,-0.191993
-1.1259408,-0.191993
-1.1257408,-0.223991
-1.1255408,-0.25599
-1.1253408,-0.191993
-1.1251408,-0.25599
-1.1249408,-0.25599
-1.1247408,-0.223991
-1.1245408,-0.223991
-1.1243408,-0.25599
-1.1241408,-0.25599
-1.1239408,-0.25599
-1.1237408,-0.25599
-1.1235408,-0.25599
-1.1233408,-0.25599
-1.1231408,-0.223991
-1.1229408,-0.223991
-1.1227408,-0.223991
-1.1225408,-0.223991
-1.1223408,-0.223991
-1.1221408,-0.25599
-1.1219408,-0.223991
-1.1217408,-0.191993
-1.1215408,-0.223991
-1.1213408,-0.191993
-1.1211408,-0.223991
-1.1209408,-0.223991
-1.1207408,-0.223991
-1.1205408,-0.191993
-1.1203408,-0.223991
-1.1201408,-0.191993
-1.1199408,-0.159994
-1.1197408,-0.191993
-1.1195408,-0.191993
-1.1193408,-0.159994
-1.1191408,-0.223991
-1.1189408,-0.191993
-1.1187408,-0.159994
-1.1185408,-0.223991
-1.1183408,-0.191993
-1.1181408,-0.191993
-1.1179408,-0.191993
-1.1177408,-0.191993
-1.1175408,-0.159994
-1.1173408,-0.25599
-1.1171408,-0.223991
-1.1169408,-0.159994
-1.1167408,-0.223991
-1.1165408,-0.159994
-1.1163408,-0.191993
-1.1161408,-0.223991
-1.1159408,-0.25599
-1.1157408,-0.159994
-1.1155408,-0.191993
-1.1153408,-0.191993
-1.1151408,-0.159994
-1.1149408,-0.223991
-1.1147408,-0.223991
-1.1145408,-0.223991
-1.1143408,-0.223991
-1.1141408,-0.159994
-1.1139408,-0.159994
-1.1137408,-0.223991
-1.1135408,-0.191993
-1.1133408,-0.159994
-1.1131408,-0.191993
-1.1129408,-0.223991
-1.1127408,-0.191993
-1.1125408,-0.223991
-1.1123408,-0.127995
-1.1121408,-0.191993
-1.1119408,-0.191993
-1.1117408,-0.159994
-1.1115408,-0.223991
-1.1113408,-0.191993
-1.1111408,-0.191993
-1.1109408,-0.191993
-1.1107408,-0.191993
-1.1105408,-0.223991
-1.1103408,-0.127995
-1.1101408,-0.191993
-1.1099408,-0.191993
-1.1097408,-0.159994
-1.1095408,-0.191993
-1.1093408,-0.223991
-1.1091408,-0.191993
-1.1089408,-0.159994
-1.1087408,-0.191993
-1.1085408,-0.191993
-1.1083408,-0.191993
-1.1081408,-0.159994
-1.1079408,-0.159994
-1.1077408,-0.223991
-1.1075408,-0.223991
-1.1073408,-0.159994
-1.1071408,-0.223991
-1.1069408,-0.159994
-1.1067408,-0.159994
-1.1065408,-0.191993
-1.1063408,-0.191993
-1.1061408,-0.159994
-1.1059408,-0.223991
-1.1057408,-0.159994
-1.1055408,-0.127995
-1.1053408,-0.159994
-1.1051408,-0.159994
-1.1049408,-0.191993
-1.1047408,-0.191993
-1.1045408,-0.191993
-1.1043408,-0.159994
-1.1041408,-0.191993
-1.1039408,-0.223991
-1.1037408,-0.159994
-1.1035408,-0.191993
-1.1033408,-0.159994
-1.1031408,-0.223991
-1.1029408,-0.191993
-1.1027408,-0.25599
-1.1025408,-0.159994
-1.1023408,-0.159994
-1.1021408,-0.159994
-1.1019408,-0.191993
-1.1017408,-0.159994
-1.1015408,-0.191993
-1.1013408,-0.159994
-1.1011408,-0.127995
-1.1009408,-0.159994
-1.1007408,-0.159994
-1.1005408,-0.191993
-1.1003408,-0.159994
-1.1001408,-0.159994
-1.0999408,-0.159994
-1.0997408,-0.127995
-1.0995408,-0.191993
-1.0993408,-0.191993
-1.0991408,-0.159994
-1.0989408,-0.191993
-1.0987408,-0.191993
-1.0985408,-0.191993
-1.0983408,-0.159994
-1.0981408,-0.159994
-1.0979408,-0.191993
-1.0977408,-0.0959963
-1.0975408,-0.127995
-1.0973408,-0.159994
-1.0971408,-0.159994
-1.0969408,-0.159994
-1.0967408,-0.159994
-1.0965408,-0.127995
-1.0963408,-0.127995
-1.0961408,-0.159994
-1.0959408,-0.127995
-1.0957408,-0.191993
-1.0955408,-0.159994
-1.0953408,-0.127995
-1.0951408,-0.159994
-1.0949408,-0.127995
-1.0947408,-0.127995
-1.0945408,-0.159994
-1.0943408,-0.127995
-1.0941408,-0.127995
-1.0939408,-0.127995
-1.0937408,-0.0959963
-1.0935408,-0.127995
-1.0933408,-0.159994
-1.0931408,-0.159994
-1.0929408,-0.127995
-1.0927408,-0.159994
-1.0925408,-0.127995
-1.0923408,-0.127995
-1.0921408,-0.191993
-1.0919408,-0.0959963
-1.0917408,-0.127995
-1.0915408,-0.159994
-1.0913408,-0.159994
-1.0911408,-0.127995
-1.0909408,-0.159994
-1.0907408,-0.159994
-1.0905408,-0.127995
-1.0903408,-0.127995
-1.0901408,-0.159994
-1.0899408,-0.159994
-1.0897408,-0.191993
-1.0895408,-0.191993
-1.0893408,-0.0959963
-1.0891408,-0.159994
-1.0889408,-0.159994
-1.0887408,-0.127995
-1.0885408,-0.159994
-1.0883408,-0.127995
-1.0881408,-0.127995
-1.0879408,-0.127995
-1.0877408,-0.127995
-1.0875408,-0.127995
-1.0873408,-0.159994
-1.0871408,-0.159994
-1.0869408,-0.127995
-1.0867408,-0.159994
-1.0865408,-0.159994
-1.0863408,-0.159994
-1.0861408,-0.127995
-1.0859408,-0.191993
-1.0857408,-0.127995
-1.0855408,-0.159994
-1.0853408,-0.159994
-1.0851408,-0.127995
-1.0849408,-0.191993
-1.0847408,-0.159994
-1.0845408,-0.127995
-1.0843408,-0.159994
-1.0841408,-0.159994
-1.0839408,-0.127995
-1.0837408,-0.0959963
-1.0835408,-0.0959963
-1.0833408,-0.127995
-1.0831408,-0.159994
-1.0829408,-0.159994
-1.0827408,-0.127995
-1.0825408,-0.159994
-1.0823408,-0.159994
-1.0821408,-0.0959963
-1.0819408,-0.159994
-1.0817408,-0.0959963
-1.0815408,-0.159994
-1.0813408,-0.159994
-1.0811408,-0.0959963
-1.0809408,-0.159994
-1.0807408,-0.127995
-1.0805408,-0.127995
-1.0803408,-0.127995
-1.0801408,-0.223991
-1.0799408,-0.127995
-1.0797408,-0.159994
-1.0795408,-0.127995
-1.0793408,-0.127995
-1.0791408,-0.0959963
-1.0789408,-0.159994
-1.0787408,-0.191993
-1.0785408,-0.127995
-1.0783408,-0.127995
-1.0781408,-0.127995
-1.0779408,-0.127995
-1.0777408,-0.159994
-1.0775408,-0.159994
-1.0773408,-0.127995
-1.0771408,-0.159994
-1.0769408,-0.191993
-1.0767408,-0.159994
-1.0765408,-0.127995
-1.0763408,-0.127995
-1.0761408,-0.159994
-1.0759408,-0.127995
-1.0757408,-0.127995
-1.0755408,-0.127995
-1.0753408,-0.191993
-1.0751408,-0.127995
-1.0749408,-0.159994
-1.0747408,-0.159994
-1.0745408,-0.127995
-1.0743408,-0.127995
-1.0741408,-0.191993
-1.0739408,-0.127995
-1.0737408,-0.159994
-1.0735408,-0.159994
-1.0733408,-0.127995
-1.0731408,-0.127995
-1.0729408,-0.191993
-1.0727408,-0.127995
-1.0725408,-0.127995
-1.0723408,-0.159994
-1.0721408,-0.127995
-1.0719408,-0.159994
-1.0717408,-0.159994
-1.0715408,-0.159994
-1.0713408,-0.159994
-1.0711408,-0.127995
-1.0709408,-0.159994
-1.0707408,-0.127995
-1.0705408,-0.0959963
-1.0703408,-0.0959963
-1.0701408,-0.0959963
-1.0699408,-0.159994
-1.0697408,-0.127995
-1.0695408,-0.0959963
-1.0693408,-0.159994
-1.0691408,-0.127995
-1.0689408,-0.0959963
-1.0687408,-0.159994
-1.0685408,-0.127995
-1.0683408,-0.127995
-1.0681408,-0.0959963
-1.0679408,-0.191993
-1.0677408,-0.0959963
-1.0675408,-0.0959963
-1.0673408,-0.159994
-1.0671408,-0.0959963
-1.0669408,-0.127995
-1.0667408,-0.159994
-1.0665408,-0.127995
-1.0663408,-0.191993
-1.0661408,-0.127995
-1.0659408,-0.159994
-1.0657408,-0.159994
-1.0655408,-0.127995
-1.0653408,-0.0959963
-1.0651408,-0.127995
-1.0649408,-0.127995
-1.0647408,-0.0959963
-1.0645408,-0.127995
-1.0643408,-0.127995
-1.0641408,-0.127995
-1.0639408,-0.159994
-1.0637408,-0.127995
-1.0635408,-0.127995
-1.0633408,-0.159994
-1.0631408,-0.0959963
-1.0629408,-0.0959963
-1.0627408,-0.127995
-1.0625408,-0.0959963
-1.0623408,-0.0639975
-1.0621408,-0.127995
-1.0619408,-0.159994
-1.0617408,-0.0959963
-1.0615408,-0.0959963
-1.0613408,-0.127995
-1.0611408,-0.0639975
-1.0609408,-0.0959963
-1.0607408,-0.127995
-1.0605408,-0.127995
-1.0603408,-0.127995
-1.0601408,-0.0959963
-1.0599408,-0.0959963
-1.0597408,-0.127995
-1.0595408,-0.0959963
-1.0593408,-0.159994
-1.0591408,-0.127995
-1.0589408,-0.0959963
-1.0587408,-0.0959963
-1.0585408,-0.0959963
-1.0583408,-0.0639975
-1.0581408,-0.127995
-1.0579408,-0.159994
-1.0577408,-0.0959963
-1.0575408,-0.127995
-1.0573408,-0.0959963
-1.0571408,-0.0959963
-1.0569408,-0.0959963
-1.0567408,-0.127995
-1.0565408,-0.127995
-1.0563408,-0.0959963
-1.0561408,-0.127995
-1.0559408,-0.0959963
-1.0557408,-0.127995
-1.0555408,-0.0959963
-1.0553408,-0.0959963
-1.0551408,-0.0959963
-1.0549408,-0.0959963
-1.0547408,-0.0639975
-1.0545408,-0.0959963
-1.0543408,-0.0959963
-1.0541408,-0.0959963
-1.0539408,-0.0639975
-1.0537408,-0.127995
-1.0535408,-0.0319988
-1.0533408,-0.0639975
-1.0531408,-0.0959963
-1.0529408,-0.0319988
-1.0527408,-0.0639975
-1.0525408,-0.0959963
-1.0523408,-0.0959963
-1.0521408,-0.0639975
-1.0519408,-0.0959963
-1.0517408,-0.0639975
-1.0515408,-0.0639975
-1.0513408,-0.0959963
-1.0511408,-0.0639975
-1.0509408,-0.0959963
-1.0507408,-0.0959963
-1.0505408,-0.0959963
-1.0503408,-0.0959963
-1.0501408,-0.0959963
-1.0499408,-0.0959963
-1.0497408,-0.0959963
-1.0495408,-0.0959963
-1.0493408,-0.0639975
-1.0491408,-0.0639975
-1.0489408,-0.127995
-1.0487408,-0.0959963
-1.0485408,-0.0319988
-1.0483408,-0.0639975
-1.0481408,-0.0639975
-1.0479408,-0.0959963
-1.0477408,-0.127995
-1.0475408,-0.0959963
-1.0473408,-0.0959963
-1.0471408,-0.0959963
-1.0469408,-0.0639975
-1.0467408,-0.0639975
-1.0465408,-0.0639975
-1.0463408,-0.0639975
-1.0461408,-0.127995
-1.0459408,-0.0639975
-1.0457408,-0.0959963
-1.0455408,-0.0639975
-1.0453408,-0.0959963
-1.0451408,-0.0639975
-1.0449408,-0.0319988
-1.0447408,-0.0639975
-1.0445408,-0.0319988
-1.0443408,-0.0319988
-1.0441408,-0.0959963
-1.0439408,-0.0639975
-1.0437408,-0.0639975
-1.0435408,-0.0959963
-1.0433408,-0.0319988
-1.0431408,-0.0959963
-1.0429408,-0.0959963
-1.0427408,-0.0639975
-1.0425408,-0.127995
-1.0423408,-0.0959963
-1.0421408,-0.0959963
-1.0419408,-0.0639975
-1.0417408,-0.127995
-1.0415408,-0.0639975
-1.0413408,-0.0639975
-1.0411408,-0.0959963
-1.0409408,-0.0959963
-1.0407408,-0.0959963
-1.0405408,-0.0959963
-1.0403408,-0.127995
-1.0401408,-0.0959963
-1.0399408,-0.127995
-1.0397408,-0.0959963
-1.0395408,-0.0959963
-1.0393408,-0.127995
-1.0391408,-0.127995
-1.0389408,-0.0959963
-1.0387408,-0.127995
-1.0385408,-0.0959963
-1.0383408,-0.0959963
-1.0381408,-0.0959963
-1.0379408,-0.0959963
-1.0377408,-0.127995
-1.0375408,-0.159994
-1.0373408,-0.0639975
-1.0371408,-0.0639975
-1.0369408,-0.159994
-1.0367408,-0.0959963
-1.0365408,-0.127995
-1.0363408,-0.127995
-1.0361408,-0.127995
-1.0359408,-0.0959963
-1.0357408,-0.127995
-1.0355408,-0.159994
-1.0353408,-0.127995
-1.0351408,-0.159994
-1.0349408,-0.127995
-1.0347408,-0.0959963
-1.0345408,-0.159994
-1.0343408,-0.0959963
-1.0341408,-0.127995
-1.0339408,-0.159994
-1.0337408,-0.159994
-1.0335408,-0.159994
-1.0333408,-0.159994
-1.0331408,-0.159994
-1.0329408,-0.127995
-1.0327408,-0.159994
-1.0325408,-0.0959963
-1.0323408,-0.159994
-1.0321408,-0.191993
-1.0319408,-0.191993
-1.0317408,-0.159994
-1.0315408,-0.191993
-1.0313408,-0.159994
-1.0311408,-0.159994
-1.0309408,-0.159994
-1.0307408,-0.191993
-1.0305408,-0.159994
-1.0303408,-0.159994
-1.0301408,-0.191993
-1.0299408,-0.191993
-1.0297408,-0.191993
-1.0295408,-0.191993
-1.0293408,-0.159994
-1.0291408,-0.191993
-1.0289408,-0.191993
-1.0287408,-0.191993
-1.0285408,-0.223991
-1.0283408,-0.223991
-1.0281408,-0.191993
-1.0279408,-0.223991
-1.0277408,-0.159994
-1.0275408,-0.159994
-1.0273408,-0.191993
-1.0271408,-0.191993
-1.0269408,-0.191993
-1.0267408,-0.25599
-1.0265408,-0.159994
-1.0263408,-0.191993
-1.0261408,-0.25599
-1.0259408,-0.223991
-1.0257408,-0.191993
-1.0255408,-0.223991
-1.0253408,-0.25599
-1.0251408,-0.191993
-1.0249408,-0.223991
-1.0247408,-0.191993
-1.0245408,-0.191993
-1.0243408,-0.223991
-1.0241408,-0.191993
-1.0239408,-0.223991
-1.0237408,-0.223991
-1.0235408,-0.223991
-1.0233408,-0.223991
-1.0231408,-0.191993
-1.0229408,-0.223991
-1.0227408,-0.191993
-1.0225408,-0.25599
-1.0223408,-0.191993
-1.0221408,-0.191993
-1.0219408,-0.191993
-1.0217408,-0.223991
-1.0215408,-0.191993
-1.0213408,-0.191993
-1.0211408,-0.223991
-1.0209408,-0.25599
-1.0207408,-0.223991
-1.0205408,-0.223991
-1.0203408,-0.159994
-1.0201408,-0.223991
-1.0199408,-0.191993
-1.0197408,-0.159994
-1.0195408,-0.25599
-1.0193408,-0.223991
-1.0191408,-0.223991
-1.0189408,-0.223991
-1.0187408,-0.223991
-1.0185408,-0.223991
-1.0183408,-0.223991
-1.0181408,-0.223991
-1.0179408,-0.191993
-1.0177408,-0.223991
-1.0175408,-0.191993
-1.0173408,-0.191993
-1.0171408,-0.223991
-1.0169408,-0.191993
-1.0167408,-0.159994
-1.0165408,-0.191993
-1.0163408,-0.223991
-1.0161408,-0.159994
-1.0159408,-0.25599
-1.0157408,-0.223991
-1.0155408,-0.191993
-1.0153408,-0.25599
-1.0151408,-0.287989
-1.0149408,-0.191993
-1.0147408,-0.191993
-1.0145408,-0.25599
-1.0143408,-0.191993
-1.0141408,-0.191993
-1.0139408,-0.223991
-1.0137408,-0.191993
-1.0135408,-0.223991
-1.0133408,-0.223991
-1.0131408,-0.191993
-1.0129408,-0.223991
-1.0127408,-0.223991
-1.0125408,-0.25599
-1.0123408,-0.223991
-1.0121408,-0.223991
-1.0119408,-0.191993
-1.0117408,-0.25599
-1.0115408,-0.223991
-1.0113408,-0.191993
-1.0111408,-0.25599
-1.0109408,-0.191993
-1.0107408,-0.191993
-1.0105408,-0.223991
-1.0103408,-0.223991
-1.0101408,-0.191993
-1.0099408,-0.223991
-1.0097408,-0.191993
-1.0095408,-0.191993
-1.0093408,-0.25599
-1.0091408,-0.223991
-1.0089408,-0.25599
-1.0087408,-0.223991
-1.0085408,-0.223991
-1.0083408,-0.223991
-1.0081408,-0.223991
-1.0079408,-0.159994
-1.0077408,-0.223991
-1.0075408,-0.223991
-1.0073408,-0.223991
-1.0071408,-0.223991
-1.0069408,-0.223991
-1.0067408,-0.25599
-1.0065408,-0.223991
-1.0063408,-0.25599
-1.0061408,-0.223991
-1.0059408,-0.223991
-1.0057408,-0.223991
-1.0055408,-0.25599
-1.0053408,-0.191993
-1.0051408,-0.223991
-1.0049408,-0.223991
-1.0047408,-0.191993
-1.0045408,-0.223991
-1.0043408,-0.25599
-1.0041408,-0.223991
-1.0039408,-0.25599
-1.0037408,-0.223991
-1.0035408,-0.223991
-1.0033408,-0.223991
-1.0031408,-0.25599
-1.0029408,-0.223991
-1.0027408,-0.223991
-1.0025408,-0.25599
-1.0023408,-0.223991
-1.0021408,-0.223991
-1.0019408,-0.223991
-1.0017408,-0.191993
-1.0015408,-0.223991
-1.0013408,-0.191993
-1.0011408,-0.223991
-1.0009408,-0.191993
-1.0007408,-0.191993
-1.0005408,-0.223991
-1.0003408,-0.223991
-1.0001408,-0.223991
-0.9999408,-0.159994
-0.9997408,-0.191993
-0.9995408,-0.191993
-0.9993408,-0.191993
-0.9991408,-0.223991
-0.9989408,-0.191993
-0.9987408,-0.159994
-0.9985408,-0.223991
-0.9983408,-0.223991
-0.9981408,-0.159994
-0.9979408,-0.223991
-0.9977408,-0.223991
-0.9975408,-0.191993
-0.9973408,-0.25599
-0.9971408,-0.223991
-0.9969408,-0.191993
-0.9967408,-0.159994
-0.9965408,-0.191993
-0.9963408,-0.191993
-0.9961408,-0.191993
-0.9959408,-0.159994
-0.9957408,-0.191993
-0.9955408,-0.191993
-0.9953408,-0.191993
-0.9951408,-0.191993
-0.9949408,-0.223991
-0.9947408,-0.191993
-0.9945408,-0.159994
-0.9943408,-0.223991
-0.9941408,-0.191993
-0.9939408,-0.191993
-0.9937408,-0.159994
-0.9935408,-0.191993
-0.9933408,-0.159994
-0.9931408,-0.159994
-0.9929408,-0.191993
-0.9927408,-0.127995
-0.9925408,-0.159994
-0.9923408,-0.191993
-0.9921408,-0.159994
-0.9919408,-0.223991
-0.9917408,-0.159994
-0.9915408,-0.191993
-0.9913408,-0.191993
-0.9911408,-0.191993
-0.9909408,-0.159994
-0.9907408,-0.191993
-0.9905408,-0.223991
-0.9903408,-0.191993
-0.9901408,-0.191993
-0.9899408,-0.191993
-0.9897408,-0.159994
-0.9895408,-0.191993
-0.9893408,-0.159994
-0.9891408,-0.159994
-0.9889408,-0.159994
-0.9887408,-0.191993
-0.9885408,-0.159994
-0.9883408,-0.159994
-0.9881408,-0.191993
-0.9879408,-0.127995
-0.9877408,-0.223991
-0.9875408,-0.191993
-0.9873408,-0.191993
-0.9871408,-0.159994
-0.9869408,-0.159994
-0.9867408,-0.127995
-0.9865408,-0.159994
-0.9863408,-0.159994
-0.9861408,-0.159994
-0.9859408,-0.191993
-0.9857408,-0.159994
-0.9855408,-0.127995
-0.9853408,-0.159994
-0.9851408,-0.159994
-0.9849408,-0.127995
-0.9847408,-0.127995
-0.9845408,-0.127995
-0.9843408,-0.0959963
-0.9841408,-0.127995
-0.9839408,-0.0959963
-0.9837408,-0.127995
-0.9835408,-0.127995
-0.9833408,-0.127995
-0.9831408,-0.159994
-0.9829408,-0.159994
-0.9827408,-0.127995
-0.9825408,-0.0959963
-0.9823408,-0.159994
-0.9821408,-0.127995
-0.9819408,-0.0959963
-0.9817408,-0.191993
-0.9815408,-0.0959963
-0.9813408,-0.159994
-0.9811408,-0.127995
-0.9809408,-0.0959963
-0.9807408,-0.127995
-0.9805408,-0.127995
-0.9803408,-0.0959963
-0.9801408,-0.0959963
-0.9799408,-0.159994
-0.9797408,-0.127995
-0.9795408,-0.127995
-0.9793408,-0.159994
-0.9791408,-0.127995
-0.9789408,-0.127995
-0.9787408,-0.127995
-0.9785408,-0.127995
-0.9783408,-0.127995
-0.9781408,-0.127995
-0.9779408,-0.0959963
-0.9777408,-0.0959963
-0.9775408,-0.159994
-0.9773408,-0.127995
-0.9771408,-0.127995
-0.9769408,-0.127995
-0.9767408,-0.0959963
-0.9765408,-0.127995
-0.9763408,-0.159994
-0.9761408,-0.127995
-0.9759408,-0.0959963
-0.9757408,-0.159994
-0.9755408,-0.127995
-0.9753408,-0.127995
-0.9751408,-0.127995
-0.9749408,-0.127995
-0.9747408,-0.127995
-0.9745408,-0.127995
-0.9743408,-0.191993
-0.9741408,-0.0959963
-0.9739408,-0.127995
-0.9737408,-0.0959963
-0.9735408,-0.0959963
-0.9733408,-0.159994
-0.9731408,-0.159994
-0.9729408,-0.127995
-0.9727408,-0.159994
-0.9725408,-0.159994
-0.9723408,-0.159994
-0.9721408,-0.127995
-0.9719408,-0.159994
-0.9717408,-0.127995
-0.9715408,-0.191993
-0.9713408,-0.0959963
-0.9711408,-0.127995
-0.9709408,-0.159994
-0.9707408,-0.127995
-0.9705408,-0.127995
-0.9703408,-0.127995
-0.9701408,-0.127995
-0.9699408,-0.0959963
-0.9697408,-0.0959963
-0.9695408,-0.127995
-0.9693408,-0.159994
-0.9691408,-0.159994
-0.9689408,-0.127995
-0.9687408,-0.0959963
-0.9685408,-0.159994
-0.9683408,-0.0639975
-0.9681408,-0.0959963
-0.9679408,-0.159994
-0.9677408,-0.159994
-0.9675408,-0.127995
-0.9673408,-0.159994
-0.9671408,-0.191993
-0.9669408,-0.127995
-0.9667408,-0.159994
-0.9665408,-0.127995
-0.9663408,-0.127995
-0.9661408,-0.127995
-0.9659408,-0.127995
-0.9657408,-0.127995
-0.9655408,-0.127995
-0.9653408,-0.191993
-0.9651408,-0.127995
-0.9649408,-0.159994
-0.9647408,-0.159994
-0.9645408,-0.127995
-0.9643408,-0.159994
-0.9641408,-0.159994
-0.9639408,-0.0959963
-0.9637408,-0.159994
-0.9635408,-0.159994
-0.9633408,-0.191993
-0.9631408,-0.191993
-0.9629408,-0.159994
-0.9627408,-0.159994
-0.9625408,-0.159994
-0.9623408,-0.191993
-0.9621408,-0.159994
-0.9619408,-0.159994
-0.9617408,-0.159994
-0.9615408,-0.159994
-0.9613408,-0.159994
-0.9611408,-0.223991
-0.9609408,-0.159994
-0.9607408,-0.223991
-0.9605408,-0.159994
-0.9603408,-0.127995
-0.9601408,-0.159994
-0.9599408,-0.191993
-0.9597408,-0.191993
-0.9595408,-0.223991
-0.9593408,-0.191993
-0.9591408,-0.159994
-0.9589408,-0.223991
-0.9587408,-0.159994
-0.9585408,-0.127995
-0.9583408,-0.191993
-0.9581408,-0.223991
-0.9579408,-0.159994
-0.9577408,-0.191993
-0.9575408,-0.191993
-0.9573408,-0.191993
-0.9571408,-0.191993
-0.9569408,-0.191993
-0.9567408,-0.159994
-0.9565408,-0.159994
-0.9563408,-0.159994
-0.9561408,-0.159994
-0.9559408,-0.223991
-0.9557408,-0.191993
-0.9555408,-0.191993
-0.9553408,-0.191993
-0.9551408,-0.159994
-0.9549408,-0.159994
-0.9547408,-0.159994
-0.9545408,-0.191993
-0.9543408,-0.191993
-0.9541408,-0.191993
-0.9539408,-0.25599
-0.9537408,-0.191993
-0.9535408,-0.191993
-0.9533408,-0.191993
-0.9531408,-0.191993
-0.9529408,-0.191993
-0.9527408,-0.191993
-0.9525408,-0.159994
-0.9523408,-0.191993
-0.9521408,-0.159994
-0.9519408,-0.191993
-0.9517408,-0.25599
-0.9515408,-0.25599
-0.9513408,-0.159994
-0.9511408,-0.25599
-0.9509408,-0.223991
-0.9507408,-0.191993
-0.9505408,-0.159994
-0.9503408,-0.159994
-0.9501408,-0.223991
-0.9499408,-0.191993
-0.9497408,-0.191993
-0.9495408,-0.191993
-0.9493408,-0.223991
-0.9491408,-0.223991
-0.9489408,-0.191993
-0.9487408,-0.223991
-0.9485408,-0.223991
-0.9483408,-0.191993
-0.9481408,-0.25599
-0.9479408,-0.191993
-0.9477408,-0.223991
-0.9475408,-0.25599
-0.9473408,-0.191993
-0.9471408,-0.223991
-0.9469408,-0.25599
-0.9467408,-0.191993
-0.9465408,-0.191993
-0.9463408,-0.223991
-0.9461408,-0.223991
-0.9459408,-0.191993
-0.9457408,-0.223991
-0.9455408,-0.25599
-0.9453408,-0.223991
-0.9451408,-0.25599
-0.9449408,-0.25599
-0.9447408,-0.223991
-0.9445408,-0.223991
-0.9443408,-0.25599
-0.9441408,-0.191993
-0.9439408,-0.25599
-0.9437408,-0.223991
-0.9435408,-0.191993
-0.9433408,-0.25599
-0.9431408,-0.223991
-0.9429408,-0.25599
-0.9427408,-0.223991
-0.9425408,-0.287989
-0.9423408,-0.25599
-0.9421408,-0.25599
-0.9419408,-0.159994
-0.9417408,-0.287989
-0.9415408,-0.223991
-0.9413408,-0.287989
-0.9411408,-0.223991
-0.9409408,-0.287989
-0.9407408,-0.25599
-0.9405408,-0.191993
-0.9403408,-0.223991
-0.9401408,-0.25599
-0.9399408,-0.223991
-0.9397408,-0.223991
-0.9395408,-0.287989
-0.9393408,-0.223991
-0.9391408,-0.223991
-0.9389408,-0.287989
-0.9387408,-0.319988
-0.9385408,-0.25599
-0.9383408,-0.287989
-0.9381408,-0.223991
-0.9379408,-0.287989
-0.9377408,-0.223991
-0.9375408,-0.25599
-0.9373408,-0.25599
-0.9371408,-0.25599
-0.9369408,-0.25599
-0.9367408,-0.223991
-0.9365408,-0.25599
-0.9363408,-0.223991
-0.9361408,-0.25599
-0.9359408,-0.223991
-0.9357408,-0.25599
-0.9355408,-0.223991
-0.9353408,-0.25599
-0.9351408,-0.223991
-0.9349408,-0.25599
-0.9347408,-0.287989
-0.9345408,-0.223991
-0.9343408,-0.25599
-0.9341408,-0.223991
-0.9339408,-0.223991
-0.9337408,-0.287989
-0.9335408,-0.223991
-0.9333408,-0.223991
-0.9331408,-0.287989
-0.9329408,-0.223991
-0.9327408,-0.191993
-0.9325408,-0.25599
-0.9323408,-0.25599
-0.9321408,-0.223991
-0.9319408,-0.223991
-0.9317408,-0.223991
-0.9315408,-0.191993
-0.9313408,-0.25599
-0.9311408,-0.287989
-0.9309408,-0.25599
-0.9307408,-0.223991
-0.9305408,-0.25599
-0.9303408,-0.191993
-0.9301408,-0.25599
-0.9299408,-0.223991
-0.9297408,-0.25599
-0.9295408,-0.25599
-0.9293408,-0.223991
-0.9291408,-0.25599
-0.9289408,-0.223991
-0.9287408,-0.25599
-0.9285408,-0.191993
-0.9283408,-0.25599
-0.9281408,-0.25599
-0.9279408,-0.223991
-0.9277408,-0.25599
-0.9275408,-0.25599
-0.9273408,-0.191993
-0.9271408,-0.223991
-0.9269408,-0.223991
-0.9267408,-0.191993
-0.9265408,-0.25599
-0.9263408,-0.25599
-0.9261408,-0.223991
-0.9259408,-0.25599
-0.9257408,-0.191993
-0.9255408,-0.25599
-0.9253408,-0.25599
-0.9251408,-0.25599
-0.9249408,-0.223991
-0.9247408,-0.25599
-0.9245408,-0.223991
-0.9243408,-0.223991
-0.9241408,-0.223991
-0.9239408,-0.223991
-0.9237408,-0.223991
-0.9235408,-0.287989
-0.9233408,-0.223991
-0.9231408,-0.25599
-0.9229408,-0.223991
-0.9227408,-0.223991
-0.9225408,-0.191993
-0.9223408,-0.223991
-0.9221408,-0.25599
-0.9219408,-0.191993
-0.9217408,-0.223991
-0.9215408,-0.191993
-0.9213408,-0.25599
-0.9211408,-0.223991
-0.9209408,-0.223991
-0.9207408,-0.191993
-0.9205408,-0.25599
-0.9203408,-0.191993
-0.9201408,-0.223991
-0.9199408,-0.25599
-0.9197408,-0.223991
-0.9195408,-0.223991
-0.9193408,-0.223991
-0.9191408,-0.223991
-0.9189408,-0.191993
-0.9187408,-0.191993
-0.9185408,-0.191993
-0.9183408,-0.191993
-0.9181408,-0.191993
-0.9179408,-0.287989
-0.9177408,-0.191993
-0.9175408,-0.191993
-0.9173408,-0.25599
-0.9171408,-0.223991
-0.9169408,-0.223991
-0.9167408,-0.191993
-0.9165408,-0.191993
-0.9163408,-0.191993
-0.9161408,-0.191993
-0.9159408,-0.191993
-0.9157408,-0.159994
-0.9155408,-0.191993
-0.9153408,-0.191993
-0.9151408,-0.191993
-0.9149408,-0.223991
-0.9147408,-0.191993
-0.9145408,-0.223991
-0.9143408,-0.159994
-0.9141408,-0.191993
-0.9139408,-0.223991
-0.9137408,-0.191993
-0.9135408,-0.159994
-0.9133408,-0.191993
-0.9131408,-0.223991
-0.9129408,-0.159994
-0.9127408,-0.25599
-0.9125408,-0.159994
-0.9123408,-0.191993
-0.9121408,-0.191993
-0.9119408,-0.25599
-0.9117408,-0.223991
-0.9115408,-0.223991
-0.9113408,-0.191993
-0.9111408,-0.159994
-0.9109408,-0.191993
-0.9107408,-0.191993
-0.9105408,-0.127995
-0.9103408,-0.159994
-0.9101408,-0.191993
-0.9099408,-0.159994
-0.9097408,-0.191993
-0.9095408,-0.25599
-0.9093408,-0.191993
-0.9091408,-0.159994
-0.9089408,-0.159994
-0.9087408,-0.127995
-0.9085408,-0.191993
-0.9083408,-0.159994
-0.9081408,-0.191993
-0.9079408,-0.191993
-0.9077408,-0.191993
-0.9075408,-0.159994
-0.9073408,-0.191993
-0.9071408,-0.223991
-0.9069408,-0.191993
-0.9067408,-0.191993
-0.9065408,-0.191993
-0.9063408,-0.159994
-0.9061408,-0.25599
-0.9059408,-0.191993
-0.9057408,-0.191993
-0.9055408,-0.159994
-0.9053408,-0.191993
-0.9051408,-0.191993
-0.9049408,-0.223991
-0.9047408,-0.191993
-0.9045408,-0.159994
-0.9043408,-0.223991
-0.9041408,-0.127995
-0.9039408,-0.159994
-0.9037408,-0.223991
-0.9035408,-0.191993
-0.9033408,-0.223991
-0.9031408,-0.191993
-0.9029408,-0.223991
-0.9027408,-0.191993
-0.9025408,-0.191993
-0.9023408,-0.159994
-0.9021408,-0.223991
-0.9019408,-0.191993
-0.9017408,-0.159994
-0.9015408,-0.191993
-0.9013408,-0.159994
-0.9011408,-0.159994
-0.9009408,-0.127995
-0.9007408,-0.159994
-0.9005408,-0.223991
-0.9003408,-0.0959963
-0.9001408,-0.159994
-0.8999408,-0.159994
-0.8997408,-0.127995
-0.8995408,-0.159994
-0.8993408,-0.159994
-0.8991408,-0.159994
-0.8989408,-0.127995
-0.8987408,-0.0959963
-0.8985408,-0.127995
-0.8983408,-0.127995
-0.8981408,-0.191993
-0.8979408,-0.159994
-0.8977408,-0.159994
-0.8975408,-0.191993
-0.8973408,-0.127995
-0.8971408,-0.127995
-0.8969408,-0.0639975
-0.8967408,-0.0959963
-0.8965408,-0.127995
-0.8963408,-0.159994
-0.8961408,-0.127995
-0.8959408,-0.159994
-0.8957408,-0.159994
-0.8955408,-0.0959963
-0.8953408,-0.127995
-0.8951408,-0.0959963
-0.8949408,-0.0959963
-0.8947408,-0.0959963
-0.8945408,-0.0959963
-0.8943408,-0.0639975
-0.8941408,-0.127995
-0.8939408,-0.0959963
-0.8937408,-0.0959963
-0.8935408,-0.127995
-0.8933408,-0.0959963
-0.8931408,-0.0639975
-0.8929408,-0.127995
-0.8927408,-0.0959963
-0.8925408,-0.0959963
-0.8923408,-0.0959963
-0.8921408,-0.0639975
-0.8919408,-0.0639975
-0.8917408,-0.0959963
-0.8915408,-0.0319988
-0.8913408,-0.0959963
-0.8911408,-0.0959963
-0.8909408,-0.0959963
-0.8907408,-0.0959963
-0.8905408,-0.0639975
-0.8903408,-0.0639975
-0.8901408,-0.0639975
-0.8899408,-0.0959963
-0.8897408,-0.0959963
-0.8895408,-0.0639975
-0.8893408,-0.0639975
-0.8891408,-0.0639975
-0.8889408,-0.0319988
-0.8887408,-0.0959963
-0.8885408,-0.0639975
-0.8883408,-0.0639975
-0.8881408,-0.0639975
-0.8879408,-0.0319988
-0.8877408,-0.0639975
-0.8875408,-0.0639975
-0.8873408,-0.0639975
-0.8871408,-0.0319988
-0.8869408,-0.0639975
-0.8867408,-0.0319988
-0.8865408,-0.0319988
-0.8863408,-0.0639975
-0.8861408,-0.0319988
-0.8859408,-0.0639975
-0.8857408,-0.0959963
-0.8855408,0
-0.8853408,-0.0319988
-0.8851408,-0.0639975
-0.8849408,-0.0639975
-0.8847408,-0.0639975
-0.8845408,-0.0639975
-0.8843408,0
-0.8841408,0
-0.8839408,-0.0319988
-0.8837408,-0.0319988
-0.8835408,0
-0.8833408,-0.0319988
-0.8831408,-0.0639975
-0.8829408,-0.0319988
-0.8827408,-0.0639975
-0.8825408,-0.0639975
-0.8823408,-0.0639975
-0.8821408,-0.0959963
-0.8819408,-0.0319988
-0.8817408,-0.0319988
-0.8815408,-0.0639975
-0.8813408,-0.0639975
-0.8811408,-0.0319988
-0.8809408,-0.0319988
-0.8807408,-0.0319988
-0.8805408,-0.0319988
-0.8803408,-0.0959963
-0.8801408,-0.0639975
-0.8799408,0
-0.8797408,-0.0639975
-0.8795408,0
-0.8793408,-0.0319988
-0.8791408,-0.0639975
-0.8789408,-0.0319988
-0.8787408,-0.0319988
-0.8785408,-0.0639975
-0.8783408,-0.0319988
-0.8781408,-0.0319988
-0.8779408,-0.0639975
-0.8777408,-0.0319988
-0.8775408,-0.0639975
-0.8773408,-0.0319988
-0.8771408,-0.0319988
-0.8769408,-0.0639975
-0.8767408,-0.0319988
-0.8765408,-0.0319988
-0.8763408,0
-0.8761408,-0.0639975
-0.8759408,-0.0319988
-0.8757408,-0.0319988
-0.8755408,-0.0319988
-0.8753408,-0.0319988
-0.8751408,0
-0.8749408,0
-0.8747408,-0.0639975
-0.8745408,-0.0319988
-0.8743408,-0.0959963
-0.8741408,0
-0.8739408,-0.0319988
-0.8737408,-0.0319988
-0.8735408,-0.0319988
-0.8733408,-0.0319988
-0.8731408,-0.0639975
-0.8729408,-0.0319988
-0.8727408,0
-0.8725408,0
-0.8723408,0
-0.8721408,-0.0319988
-0.8719408,-0.0639975
-0.8717408,-0.0319988
-0.8715408,0.0319988
-0.8713408,-0.0639975
-0.8711408,-0.0639975
-0.8709408,0
-0.8707408,0
-0.8705408,0
-0.8703408,-0.0319988
-0.8701408,0
-0.8699408,-0.0319988
-0.8697408,-0.0319988
-0.8695408,0
-0.8693408,-0.0319988
-0.8691408,0
-0.8689408,-0.0959963
-0.8687408,0.0319988
-0.8685408,0.0319988
-0.8683408,-0.0319988
-0.8681408,-0.0319988
-0.8679408,0.0319988
-0.8677408,-0.0319988
-0.8675408,-0.0319988
-0.8673408,0
-0.8671408,-0.0639975
-0.8669408,-0.0639975
-0.8667408,-0.0319988
-0.8665408,-0.0319988
-0.8663408,-0.0319988
-0.8661408,-0.0319988
-0.8659408,0
-0.8657408,0.0319988
-0.8655408,-0.0319988
-0.8653408,0
-0.8651408,0
-0.8649408,0.0319988
-0.8647408,-0.0319988
-0.8645408,0
-0.8643408,0.0319988
-0.8641408,0
-0.8639408,0
-0.8637408,0.0319988
-0.8635408,-0.0319988
-0.8633408,-0.0319988
-0.8631408,0
-0.8629408,-0.0319988
-0.8627408,0
-0.8625408,0
-0.8623408,-0.0319988
-0.8621408,0
-0.8619408,0.0639975
-0.8617408,-0.0319988
-0.8615408,0
-0.8613408,0.0319988
-0.8611408,0.0319988
-0.8609408,0.0319988
-0.8607408,0.0319988
-0.8605408,0
-0.8603408,-0.0319988
-0.8601408,0.0319988
-0.8599408,0
-0.8597408,0
-0.8595408,0.0319988
-0.8593408,0.0319988
-0.8591408,0.0319988
-0.8589408,0.0319988
-0.8587408,0.0319988
-0.8585408,0.0319988
-0.8583408,0
-0.8581408,0
-0.8579408,0.0319988
-0.8577408,0
-0.8575408,0.0319988
-0.8573408,0.0319988
-0.8571408,0.0959963
-0.8569408,0.0319988
-0.8567408,0
-0.8565408,0.0319988
-0.8563408,0
-0.8561408,0.0319988
-0.8559408,0
-0.8557408,0.0319988
-0.8555408,0
-0.8553408,0.0319988
-0.8551408,0
-0.8549408,0.0319988
-0.8547408,0.0319988
-0.8545408,0
-0.8543408,0
-0.8541408,0
-0.8539408,-0.0319988
-0.8537408,0.0319988
-0.8535408,0.0319988
-0.8533408,0.0319988
-0.8531408,0.0319988
-0.8529408,0.0319988
-0.8527408,-0.0319988
-0.8525408,0.0319988
-0.8523408,0
-0.8521408,0.0319988
-0.8519408,0
-0.8517408,0.0639975
-0.8515408,-0.0319988
-0.8513408,0.0319988
-0.8511408,0
-0.8509408,0.0319988
-0.8507408,0.0319988
-0.8505408,0
-0.8503408,-0.0319988
-0.8501408,-0.0319988
-0.8499408,0
-0.8497408,0
-0.8495408,0.0639975
-0.8493408,0
-0.8491408,0
-0.8489408,0
-0.8487408,0.0319988
-0.8485408,-0.0639975
-0.8483408,0
-0.8481408,0.0639975
-0.8479408,-0.0319988
-0.8477408,0
-0.8475408,0
-0.8473408,-0.0319988
-0.8471408,0
-0.8469408,0.0319988
-0.8467408,0
-0.8465408,0.0319988
-0.8463408,0
-0.8461408,-0.0639975
-0.8459408,-0.0639975
-0.8457408,0.0319988
-0.8455408,0
-0.8453408,-0.0319988
-0.8451408,0
-0.8449408,0
-0.8447408,-0.0319988
-0.8445408,-0.0319988
-0.8443408,0
-0.8441408,0
-0.8439408,0
-0.8437408,-0.0639975
-0.8435408,0.0639975
-0.8433408,0
-0.8431408,0
-0.8429408,-0.0319988
-0.8427408,-0.0319988
-0.8425408,-0.0319988
-0.8423408,0.0319988
-0.8421408,-0.0319988
-0.8419408,-0.0639975
-0.8417408,-0.0319988
-0.8415408,0
-0.8413408,-0.0319988
-0.8411408,0
-0.8409408,0
-0.8407408,0
-0.8405408,-0.0319988
-0.8403408,0.0319988
-0.8401408,0
-0.8399408,0
-0.8397408,0
-0.8395408,-0.0639975
-0.8393408,0
-0.8391408,0.0319988
-0.8389408,-0.0639975
-0.8387408,0
-0.8385408,0.0319988
-0.8383408,-0.0639975
-0.8381408,0.0319988
-0.8379408,0
-0.8377408,-0.0319988
-0.8375408,0
-0.8373408,0
-0.8371408,-0.0319988
-0.8369408,0.0319988
-0.8367408,-0.0319988
-0.8365408,-0.0639975
-0.8363408,-0.0319988
-0.8361408,-0.0319988
-0.8359408,-0.0639975
-0.8357408,-0.0639975
-0.8355408,-0.0319988
-0.8353408,0
-0.8351408,-0.0319988
-0.8349408,-0.0319988
-0.8347408,-0.0639975
-0.8345408,-0.0319988
-0.8343408,0
-0.8341408,-0.0319988
-0.8339408,-0.0319988
-0.8337408,-0.0639975
-0.8335408,-0.0639975
-0.8333408,0
-0.8331408,0
-0.8329408,-0.0319988
-0.8327408,-0.0319988
-0.8325408,-0.0959963
-0.8323408,-0.0639975
-0.8321408,-0.0319988
-0.8319408,-0.0639975
-0.8317408,-0.0959963
-0.8315408,0
-0.8313408,-0.0319988
-0.8311408,-0.0319988
-0.8309408,-0.0639975
-0.8307408,-0.0639975
-0.8305408,-0.0639975
-0.8303408,-0.0639975
-0.8301408,-0.0319988
-0.8299408,-0.0639975
-0.8297408,-0.0639975
-0.8295408,-0.0639975
-0.8293408,-0.0639975
-0.8291408,-0.0639975
-0.8289408,0
-0.8287408,-0.0959963
-0.8285408,-0.0639975
-0.8283408,-0.0639975
-0.8281408,-0.0959963
-0.8279408,-0.0639975
-0.8277408,-0.0639975
-0.8275408,-0.127995
-0.8273408,-0.0639975
-0.8271408,-0.0959963
-0.8269408,-0.0959963
-0.8267408,-0.0959963
-0.8265408,-0.0319988
-0.8263408,-0.0639975
-0.8261408,-0.0959963
-0.8259408,-0.0639975
-0.8257408,-0.127995
-0.8255408,-0.0959963
-0.8253408,-0.0959963
-0.8251408,-0.0639975
-0.8249408,-0.0639975
-0.8247408,-0.0639975
-0.8245408,-0.0639975
-0.8243408,-0.0319988
-0.8241408,-0.0959963
-0.8239408,-0.159994
-0.8237408,-0.0639975
-0.8235408,-0.0639975
-0.8233408,-0.0959963
-0.8231408,-0.0639975
-0.8229408,-0.0959963
-0.8227408,-0.0639975
-0.8225408,-0.0959963
-0.8223408,-0.0319988
-0.8221408,-0.0959963
-0.8219408,-0.0639975
-0.8217408,-0.0639975
-0.8215408,-0.127995
-0.8213408,-0.0319988
-0.8211408,-0.0319988
-0.8209408,-0.0639975
-0.8207408,-0.0319988
-0.8205408,-0.0639975
-0.8203408,-0.0959963
-0.8201408,-0.0319988
-0.8199408,-0.0639975
-0.8197408,-0.0959963
-0.8195408,-0.0639975
-0.8193408,-0.0319988
-0.8191408,-0.0639975
-0.8189408,-0.0639975
-0.8187408,-0.0959963
-0.8185408,-0.0639975
-0.8183408,-0.0639975
-0.8181408,-0.0639975
-0.8179408,-0.0959963
-0.8177408,-0.0639975
-0.8175408,-0.0319988
-0.8173408,-0.0959963
-0.8171408,-0.127995
-0.8169408,-0.0639975
-0.8167408,-0.0959963
-0.8165408,-0.0639975
-0.8163408,-0.0959963
-0.8161408,-0.0959963
-0.8159408,-0.0639975
-0.8157408,-0.0319988
-0.8155408,-0.127995
-0.8153408,-0.0959963
-0.8151408,-0.0959963
-0.8149408,-0.0959963
-0.8147408,-0.0959963
-0.8145408,-0.0959963
-0.8143408,-0.0959963
-0.8141408,-0.0319988
-0.8139408,-0.0639975
-0.8137408,-0.0639975
-0.8135408,-0.0959963
-0.8133408,-0.0959963
-0.8131408,-0.127995
-0.8129408,-0.0959963
-0.8127408,-0.127995
-0.8125408,-0.0959963
-0.8123408,-0.127995
-0.8121408,-0.0639975
-0.8119408,-0.0959963
-0.8117408,-0.0959963
-0.8115408,-0.0959963
-0.8113408,-0.0959963
-0.8111408,-0.0959963
-0.8109408,-0.0959963
-0.8107408,-0.127995
-0.8105408,-0.127995
-0.8103408,-0.0959963
-0.8101408,-0.159994
-0.8099408,-0.0959963
-0.8097408,-0.0959963
-0.8095408,-0.127995
-0.8093408,-0.0959963
-0.8091408,-0.0639975
-0.8089408,-0.0959963
-0.8087408,-0.0959963
-0.8085408,-0.127995
-0.8083408,-0.0959963
-0.8081408,-0.0959963
-0.8079408,-0.0959963
-0.8077408,-0.0959963
-0.8075408,-0.0959963
-0.8073408,-0.0959963
-0.8071408,-0.127995
-0.8069408,-0.0959963
-0.8067408,-0.0319988
-0.8065408,-0.127995
-0.8063408,-0.0959963
-0.8061408,-0.0639975
-0.8059408,-0.127995
-0.8057408,-0.0639975
-0.8055408,-0.0639975
-0.8053408,-0.0639975
-0.8051408,-0.0959963
-0.8049408,-0.0639975
-0.8047408,-0.127995
-0.8045408,-0.0319988
-0.8043408,-0.0959963
-0.8041408,-0.127995
-0.8039408,-0.0639975
-0.8037408,-0.0959963
-0.8035408,-0.127995
-0.8033408,-0.0959963
-0.8031408,-0.0639975
-0.8029408,-0.127995
-0.8027408,-0.0959963
-0.8025408,-0.0959963
-0.8023408,-0.127995
-0.8021408,-0.159994
-0.8019408,-0.0639975
-0.8017408,-0.127995
-0.8015408,-0.127995
-0.8013408,-0.127995
-0.8011408,-0.0959963
-0.8009408,-0.0959963
-0.8007408,-0.0319988
-0.8005408,-0.127995
-0.8003408,-0.0959963
-0.8001408,-0.0959963
-0.7999408,-0.0959963
-0.7997408,-0.0639975
-0.7995408,-0.0639975
-0.7993408,-0.127995
-0.7991408,-0.0959963
-0.7989408,-0.127995
-0.7987408,-0.0959963
-0.7985408,-0.127995
-0.7983408,-0.0959963
-0.7981408,-0.0319988
-0.7979408,-0.0639975
-0.7977408,-0.0959963
-0.7975408,-0.0959963
-0.7973408,-0.0639975
-0.7971408,-0.0639975
-0.7969408,-0.0959963
-0.7967408,-0.0639975
-0.7965408,-0.0959963
-0.7963408,-0.127995
-0.7961408,-0.159994
-0.7959408,-0.0639975
-0.7957408,-0.0959963
-0.7955408,-0.159994
-0.7953408,-0.0959963
-0.7951408,-0.127995
-0.7949408,-0.0639975
-0.7947408,-0.0639975
-0.7945408,-0.0959963
-0.7943408,-0.0959963
-0.7941408,-0.0959963
-0.7939408,-0.0959963
-0.7937408,-0.0959963
-0.7935408,-0.0639975
-0.7933408,-0.159994
-0.7931408,-0.0639975
-0.7929408,-0.0959963
-0.7927408,-0.0959963
-0.7925408,-0.0639975
-0.7923408,-0.0639975
-0.7921408,-0.127995
-0.7919408,-0.0639975
-0.7917408,-0.127995
-0.7915408,-0.0959963
-0.7913408,-0.127995
-0.7911408,-0.0959963
-0.7909408,-0.127995
-0.7907408,-0.127995
-0.7905408,-0.0959963
-0.7903408,-0.0959963
-0.7901408,-0.0959963
-0.7899408,-0.0959963
-0.7897408,-0.0959963
-0.7895408,-0.0959963
-0.7893408,-0.127995
-0.7891408,-0.159994
-0.7889408,-0.0959963
-0.7887408,-0.0959963
-0.7885408,-0.127995
-0.7883408,-0.159994
-0.7881408,-0.0959963
-0.7879408,-0.0959963
-0.7877408,-0.0959963
-0.7875408,-0.159994
-0.7873408,-0.127995
-0.7871408,-0.0959963
-0.7869408,-0.0959963
-0.7867408,-0.127995
-0.7865408,-0.159994
-0.7863408,-0.0959963
-0.7861408,-0.127995
-0.7859408,-0.127995
-0.7857408,-0.127995
-0.7855408,-0.159994
-0.7853408,-0.127995
-0.7851408,-0.127995
-0.7849408,-0.127995
-0.7847408,-0.0959963
-0.7845408,-0.127995
-0.7843408,-0.159994
-0.7841408,-0.127995
-0.7839408,-0.127995
-0.7837408,-0.127995
-0.7835408,-0.127995
-0.7833408,-0.0959963
-0.7831408,-0.127995
-0.7829408,-0.0959963
-0.7827408,-0.159994
-0.7825408,-0.159994
-0.7823408,-0.159994
-0.7821408,-0.127995
-0.7819408,-0.191993
-0.7817408,-0.127995
-0.7815408,-0.159994
-0.7813408,-0.127995
-0.7811408,-0.159994
-0.7809408,-0.127995
-0.7807408,-0.159994
-0.7805408,-0.159994
-0.7803408,-0.0959963
-0.7801408,-0.159994
-0.7799408,-0.127995
-0.7797408,-0.0959963
-0.7795408,-0.159994
-0.7793408,-0.159994
-0.7791408,-0.127995
-0.7789408,-0.159994
-0.7787408,-0.127995
-0.7785408,-0.127995
-0.7783408,-0.159994
-0.7781408,-0.127995
-0.7779408,-0.127995
-0.7777408,-0.159994
-0.7775408,-0.159994
-0.7773408,-0.0959963
-0.7771408,-0.191993
-0.7769408,-0.159994
-0.7767408,-0.191993
-0.7765408,-0.159994
-0.7763408,-0.159994
-0.7761408,-0.159994
-0.7759408,-0.127995
-0.7757408,-0.127995
-0.7755408,-0.127995
-0.7753408,-0.191993
-0.7751408,-0.159994
-0.7749408,-0.127995
-0.7747408,-0.127995
-0.7745408,-0.127995
-0.7743408,-0.159994
-0.7741408,-0.191993
-0.7739408,-0.159994
-0.7737408,-0.159994
-0.7735408,-0.159994
-0.7733408,-0.159994
-0.7731408,-0.127995
-0.7729408,-0.159994
-0.7727408,-0.159994
-0.7725408,-0.127995
-0.7723408,-0.159994
-0.7721408,-0.127995
-0.7719408,-0.159994
-0.7717408,-0.159994
-0.7715408,-0.127995
-0.7713408,-0.127995
-0.7711408,-0.159994
-0.7709408,-0.159994
-0.7707408,-0.127995
-0.7705408,-0.159994
-0.7703408,-0.159994
-0.7701408,-0.127995
-0.7699408,-0.127995
-0.7697408,-0.127995
-0.7695408,-0.159994
-0.7693408,-0.127995
-0.7691408,-0.159994
-0.7689408,-0.127995
-0.7687408,-0.159994
-0.7685408,-0.127995
-0.7683408,-0.159994
-0.7681408,-0.127995
-0.7679408,-0.191993
-0.7677408,-0.127995
-0.7675408,-0.159994
-0.7673408,-0.127995
-0.7671408,-0.159994
-0.7669408,-0.159994
-0.7667408,-0.191993
-0.7665408,-0.159994
-0.7663408,-0.159994
-0.7661408,-0.159994
-0.7659408,-0.127995
-0.7657408,-0.159994
-0.7655408,-0.159994
-0.7653408,-0.127995
-0.7651408,-0.159994
-0.7649408,-0.159994
-0.7647408,-0.159994
-0.7645408,-0.191993
-0.7643408,-0.191993
-0.7641408,-0.127995
-0.7639408,-0.191993
-0.7637408,-0.159994
-0.7635408,-0.159994
-0.7633408,-0.191993
-0.7631408,-0.191993
-0.7629408,-0.127995
-0.7627408,-0.159994
-0.7625408,-0.159994
-0.7623408,-0.159994
-0.7621408,-0.191993
-0.7619408,-0.191993
-0.7617408,-0.127995
-0.7615408,-0.159994
-0.7613408,-0.223991
-0.7611408,-0.127995
-0.7609408,-0.159994
-0.7607408,-0.223991
-0.7605408,-0.159994
-0.7603408,-0.191993
-0.7601408,-0.191993
-0.7599408,-0.159994
-0.7597408,-0.191993
-0.7595408,-0.159994
-0.7593408,-0.191993
-0.7591408,-0.159994
-0.7589408,-0.223991
-0.7587408,-0.127995
-0.7585408,-0.191993
-0.7583408,-0.191993
-0.7581408,-0.191993
-0.7579408,-0.223991
-0.7577408,-0.191993
-0.7575408,-0.127995
-0.7573408,-0.25599
-0.7571408,-0.191993
-0.7569408,-0.191993
-0.7567408,-0.191993
-0.7565408,-0.223991
-0.7563408,-0.191993
-0.7561408,-0.191993
-0.7559408,-0.191993
-0.7557408,-0.191993
-0.7555408,-0.223991
-0.7553408,-0.223991
-0.7551408,-0.159994
-0.7549408,-0.191993
-0.7547408,-0.223991
-0.7545408,-0.287989
-0.7543408,-0.223991
-0.7541408,-0.25599
-0.7539408,-0.191993
-0.7537408,-0.191993
-0.7535408,-0.25599
-0.7533408,-0.223991
-0.7531408,-0.191993
-0.7529408,-0.223991
-0.7527408,-0.25599
-0.7525408,-0.25599
-0.7523408,-0.25599
-0.7521408,-0.223991
-0.7519408,-0.191993
-0.7517408,-0.25599
-0.7515408,-0.223991
-0.7513408,-0.25599
-0.7511408,-0.223991
-0.7509408,-0.287989
-0.7507408,-0.25599
-0.7505408,-0.287989
-0.7503408,-0.25599
-0.7501408,-0.287989
-0.7499408,-0.25599
-0.7497408,-0.287989
-0.7495408,-0.287989
-0.7493408,-0.25599
-0.7491408,-0.223991
-0.7489408,-0.25599
-0.7487408,-0.191993
-0.7485408,-0.223991
-0.7483408,-0.223991
-0.7481408,-0.287989
-0.7479408,-0.287989
-0.7477408,-0.25599
-0.7475408,-0.287989
-0.7473408,-0.287989
-0.7471408,-0.25599
-0.7469408,-0.25599
-0.7467408,-0.287989
-0.7465408,-0.25599
-0.7463408,-0.287989
-0.7461408,-0.25599
-0.7459408,-0.287989
-0.7457408,-0.287989
-0.7455408,-0.25599
-0.7453408,-0.25599
-0.7451408,-0.223991
-0.7449408,-0.25599
-0.7447408,-0.287989
-0.7445408,-0.287989
-0.7443408,-0.25599
-0.7441408,-0.287989
-0.7439408,-0.25599
-0.7437408,-0.25599
-0.7435408,-0.25599
-0.7433408,-0.287989
-0.7431408,-0.287989
-0.7429408,-0.25599
-0.7427408,-0.319988
-0.7425408,-0.287989
-0.7423408,-0.319988
-0.7421408,-0.319988
-0.7419408,-0.351986
-0.7417408,-0.319988
-0.7415408,-0.319988
-0.7413408,-0.25599
-0.7411408,-0.319988
-0.7409408,-0.287989
-0.7407408,-0.351986
-0.7405408,-0.287989
-0.7403408,-0.319988
-0.7401408,-0.287989
-0.7399408,-0.287989
-0.7397408,-0.287989
-0.7395408,-0.351986
-0.7393408,-0.319988
-0.7391408,-0.287989
-0.7389408,-0.319988
-0.7387408,-0.319988
-0.7385408,-0.319988
-0.7383408,-0.319988
-0.7381408,-0.319988
-0.7379408,-0.287989
-0.7377408,-0.287989
-0.7375408,-0.319988
-0.7373408,-0.319988
-0.7371408,-0.319988
-0.7369408,-0.319988
-0.7367408,-0.319988
-0.7365408,-0.319988
-0.7363408,-0.319988
-0.7361408,-0.383985
-0.7359408,-0.287989
-0.7357408,-0.287989
-0.7355408,-0.319988
-0.7353408,-0.319988
-0.7351408,-0.287989
-0.7349408,-0.319988
-0.7347408,-0.351986
-0.7345408,-0.319988
-0.7343408,-0.351986
-0.7341408,-0.319988
-0.7339408,-0.319988
-0.7337408,-0.319988
-0.7335408,-0.319988
-0.7333408,-0.351986
-0.7331408,-0.351986
-0.7329408,-0.287989
-0.7327408,-0.319988
-0.7325408,-0.319988
-0.7323408,-0.351986
-0.7321408,-0.319988
-0.7319408,-0.351986
-0.7317408,-0.351986
-0.7315408,-0.351986
-0.7313408,-0.383985
-0.7311408,-0.351986
-0.7309408,-0.319988
-0.7307408,-0.383985
-0.7305408,-0.319988
-0.7303408,-0.319988
-0.7301408,-0.319988
-0.7299408,-0.351986
-0.7297408,-0.351986
-0.7295408,-0.383985
-0.7293408,-0.351986
-0.7291408,-0.319988
-0.7289408,-0.383985
-0.7287408,-0.383985
-0.7285408,-0.351986
-0.7283408,-0.383985
-0.7281408,-0.351986
-0.7279408,-0.351986
-0.7277408,-0.351986
-0.7275408,-0.351986
-0.7273408,-0.319988
-0.7271408,-0.383985
-0.7269408,-0.383985
-0.7267408,-0.319988
-0.7265408,-0.415984
-0.7263408,-0.415984
-0.7261408,-0.383985
-0.7259408,-0.351986
-0.7257408,-0.383985
-0.7255408,-0.351986
-0.7253408,-0.383985
-0.7251408,-0.383985
-0.7249408,-0.383985
-0.7247408,-0.319988
-0.7245408,-0.383985
-0.7243408,-0.383985
-0.7241408,-0.383985
-0.7239408,-0.351986
-0.7237408,-0.383985
-0.7235408,-0.383985
-0.7233408,-0.383985
-0.7231408,-0.351986
-0.7229408,-0.383985
-0.7227408,-0.351986
-0.7225408,-0.383985
-0.7223408,-0.415984
-0.7221408,-0.415984
-0.7219408,-0.383985
-0.7217408,-0.383985
-0.7215408,-0.415984
-0.7213408,-0.351986
-0.7211408,-0.351986
-0.7209408,-0.383985
-0.7207408,-0.415984
-0.7205408,-0.383985
-0.7203408,-0.415984
-0.7201408,-0.383985
-0.7199408,-0.351986
-0.7197408,-0.383985
-0.7195408,-0.415984
-0.7193408,-0.447983
-0.7191408,-0.383985
-0.7189408,-0.415984
-0.7187408,-0.415984
-0.7185408,-0.383985
-0.7183408,-0.383985
-0.7181408,-0.447983
-0.7179408,-0.383985
-0.7177408,-0.383985
-0.7175408,-0.415984
-0.7173408,-0.415984
-0.7171408,-0.383985
-0.7169408,-0.479982
-0.7167408,-0.447983
-0.7165408,-0.447983
-0.7163408,-0.447983
-0.7161408,-0.447983
-0.7159408,-0.383985
-0.7157408,-0.447983
-0.7155408,-0.447983
-0.7153408,-0.447983
-0.7151408,-0.447983
-0.7149408,-0.447983
-0.7147408,-0.447983
-0.7145408,-0.447983
-0.7143408,-0.415984
-0.7141408,-0.447983
-0.7139408,-0.447983
-0.7137408,-0.383985
-0.7135408,-0.479982
-0.7133408,-0.479982
-0.7131408,-0.447983
-0.7129408,-0.447983
-0.7127408,-0.479982
-0.7125408,-0.479982
-0.7123408,-0.447983
-0.7121408,-0.51198
-0.7119408,-0.479982
-0.7117408,-0.447983
-0.7115408,-0.479982
-0.7113408,-0.447983
-0.7111408,-0.51198
-0.7109408,-0.447983
-0.7107408,-0.51198
-0.7105408,-0.51198
-0.7103408,-0.51198
-0.7101408,-0.447983
-0.7099408,-0.479982
-0.7097408,-0.51198
-0.7095408,-0.51198
-0.7093408,-0.51198
-0.7091408,-0.51198
-0.7089408,-0.543979
-0.7087408,-0.51198
-0.7085408,-0.51198
-0.7083408,-0.51198
-0.7081408,-0.479982
-0.7079408,-0.543979
-0.7077408,-0.543979
-0.7075408,-0.543979
-0.7073408,-0.575978
-0.7071408,-0.543979
-0.7069408,-0.543979
-0.7067408,-0.575978
-0.7065408,-0.51198
-0.7063408,-0.51198
-0.7061408,-0.543979
-0.7059408,-0.543979
-0.7057408,-0.575978
-0.7055408,-0.543979
-0.7053408,-0.575978
-0.7051408,-0.543979
-0.7049408,-0.575978
-0.7047408,-0.575978
-0.7045408,-0.575978
-0.7043408,-0.575978
-0.7041408,-0.607977
-0.7039408,-0.543979
-0.7037408,-0.607977
-0.7035408,-0.639975
-0.7033408,-0.575978
-0.7031408,-0.575978
-0.7029408,-0.607977
-0.7027408,-0.575978
-0.7025408,-0.575978
-0.7023408,-0.607977
-0.7021408,-0.543979
-0.7019408,-0.607977
-0.7017408,-0.639975
-0.7015408,-0.607977
-0.7013408,-0.639975
-0.7011408,-0.607977
-0.7009408,-0.639975
-0.7007408,-0.639975
-0.7005408,-0.639975
-0.7003408,-0.607977
-0.7001408,-0.607977
-0.6999408,-0.639975
-0.6997408,-0.671974
-0.6995408,-0.639975
-0.6993408,-0.639975
-0.6991408,-0.703973
-0.6989408,-0.639975
-0.6987408,-0.607977
-0.6985408,-0.607977
-0.6983408,-0.671974
-0.6981408,-0.639975
-0.6979408,-0.703973
-0.6977408,-0.671974
-0.6975408,-0.703973
-0.6973408,-0.639975
-0.6971408,-0.703973
-0.6969408,-0.607977
-0.6967408,-0.671974
-0.6965408,-0.671974
-0.6963408,-0.671974
-0.6961408,-0.703973
-0.6959408,-0.735972
-0.6957408,-0.703973
-0.6955408,-0.671974
-0.6953408,-0.671974
-0.6951408,-0.703973
-0.6949408,-0.671974
-0.6947408,-0.703973
-0.6945408,-0.703973
-0.6943408,-0.735972
-0.6941408,-0.703973
-0.6939408,-0.703973
-0.6937408,-0.703973
-0.6935408,-0.767971
-0.6933408,-0.735972
-0.6931408,-0.703973
-0.6929408,-0.703973
-0.6927408,-0.703973
-0.6925408,-0.735972
-0.6923408,-0.735972
-0.6921408,-0.735972
-0.6919408,-0.703973
-0.6917408,-0.767971
-0.6915408,-0.703973
-0.6913408,-0.767971
-0.6911408,-0.735972
-0.6909408,-0.735972
-0.6907408,-0.703973
-0.6905408,-0.767971
-0.6903408,-0.735972
-0.6901408,-0.799969
-0.6899408,-0.767971
-0.6897408,-0.799969
-0.6895408,-0.767971
-0.6893408,-0.799969
-0.6891408,-0.799969
-0.6889408,-0.799969
-0.6887408,-0.767971
-0.6885408,-0.799969
-0.6883408,-0.831968
-0.6881408,-0.831968
-0.6879408,-0.799969
-0.6877408,-0.831968
-0.6875408,-0.799969
-0.6873408,-0.831968
-0.6871408,-0.831968
-0.6869408,-0.863967
-0.6867408,-0.767971
-0.6865408,-0.831968
-0.6863408,-0.799969
-0.6861408,-0.831968
-0.6859408,-0.799969
-0.6857408,-0.831968
-0.6855408,-0.831968
-0.6853408,-0.895966
-0.6851408,-0.831968
-0.6849408,-0.799969
-0.6847408,-0.799969
-0.6845408,-0.831968
-0.6843408,-0.863967
-0.6841408,-0.863967
-0.6839408,-0.831968
-0.6837408,-0.863967
-0.6835408,-0.863967
-0.6833408,-0.863967
-0.6831408,-0.895966
-0.6829408,-0.863967
-0.6827408,-0.927964
-0.6825408,-0.831968
-0.6823408,-0.863967
-0.6821408,-0.895966
-0.6819408,-0.863967
-0.6817408,-0.863967
-0.6815408,-0.863967
-0.6813408,-0.863967
-0.6811408,-0.863967
-0.6809408,-0.895966
-0.6807408,-0.895966
-0.6805408,-0.895966
-0.6803408,-0.863967
-0.6801408,-0.863967
-0.6799408,-0.895966
-0.6797408,-0.895966
-0.6795408,-0.863967
-0.6793408,-0.959963
-0.6791408,-0.863967
-0.6789408,-0.863967
-0.6787408,-0.895966
-0.6785408,-0.863967
-0.6783408,-0.895966
-0.6781408,-0.863967
-0.6779408,-0.895966
-0.6777408,-0.863967
-0.6775408,-0.895966
-0.6773408,-0.863967
-0.6771408,-0.863967
-0.6769408,-0.895966
-0.6767408,-0.895966
-0.6765408,-0.895966
-0.6763408,-0.895966
-0.6761408,-0.863967
-0.6759408,-0.895966
-0.6757408,-0.863967
-0.6755408,-0.895966
-0.6753408,-0.895966
-0.6751408,-0.895966
-0.6749408,-0.895966
-0.6747408,-0.895966
-0.6745408,-0.863967
-0.6743408,-0.863967
-0.6741408,-0.895966
-0.6739408,-0.895966
-0.6737408,-0.895966
-0.6735408,-0.895966
-0.6733408,-0.895966
-0.6731408,-0.895966
-0.6729408,-0.927964
-0.6727408,-0.895966
-0.6725408,-0.895966
-0.6723408,-0.895966
-0.6721408,-0.959963
-0.6719408,-0.927964
-0.6717408,-0.927964
-0.6715408,-0.895966
-0.6713408,-0.895966
-0.6711408,-0.831968
-0.6709408,-0.895966
-0.6707408,-0.927964
-0.6705408,-0.927964
-0.6703408,-0.863967
-0.6701408,-0.895966
-0.6699408,-0.895966
-0.6697408,-0.895966
-0.6695408,-0.895966
-0.6693408,-0.895966
-0.6691408,-0.863967
-0.6689408,-0.927964
-0.6687408,-0.895966
-0.6685408,-0.895966
-0.6683408,-0.927964
-0.6681408,-0.863967
-0.6679408,-0.895966
-0.6677408,-0.927964
-0.6675408,-0.927964
-0.6673408,-0.927964
-0.6671408,-0.927964
-0.6669408,-0.927964
-0.6667408,-0.927964
-0.6665408,-0.895966
-0.6663408,-0.927964
-0.6661408,-0.927964
-0.6659408,-0.895966
-0.6657408,-0.927964
-0.6655408,-0.959963
-0.6653408,-0.927964
-0.6651408,-0.927964
-0.6649408,-0.927964
-0.6647408,-0.895966
-0.6645408,-0.895966
-0.6643408,-0.959963
-0.6641408,-0.927964
-0.6639408,-0.927964
-0.6637408,-0.991962
-0.6635408,-0.927964
-0.6633408,-0.927964
-0.6631408,-0.959963
-0.6629408,-0.959963
-0.6627408,-0.959963
-0.6625408,-0.959963
-0.6623408,-0.959963
-0.6621408,-0.927964
-0.6619408,-0.927964
-0.6617408,-0.927964
-0.6615408,-0.927964
-0.6613408,-0.927964
-0.6611408,-0.927964
-0.6609408,-0.895966
-0.6607408,-0.991962
-0.6605408,-0.927964
-0.6603408,-0.927964
-0.6601408,-0.959963
-0.6599408,-0.927964
-0.6597408,-0.927964
-0.6595408,-0.959963
-0.6593408,-0.959963
-0.6591408,-0.927964
-0.6589408,-0.927964
-0.6587408,-0.927964
-0.6585408,-0.927964
-0.6583408,-0.927964
-0.6581408,-0.895966
-0.6579408,-0.927964
-0.6577408,-0.927964
-0.6575408,-0.927964
-0.6573408,-0.927964
-0.6571408,-0.959963
-0.6569408,-0.927964
-0.6567408,-0.927964
-0.6565408,-0.927964
-0.6563408,-0.927964
-0.6561408,-0.927964
-0.6559408,-0.959963
-0.6557408,-0.959963
-0.6555408,-0.959963
-0.6553408,-0.927964
-0.6551408,-0.927964
-0.6549408,-0.959963
-0.6547408,-0.927964
-0.6545408,-0.927964
-0.6543408,-0.959963
-0.6541408,-0.927964
-0.6539408,-0.959963
-0.6537408,-0.927964
-0.6535408,-0.927964
-0.6533408,-0.927964
-0.6531408,-0.927964
-0.6529408,-0.927964
-0.6527408,-0.927964
-0.6525408,-0.927964
-0.6523408,-0.895966
-0.6521408,-0.895966
-0.6519408,-0.895966
-0.6517408,-0.895966
-0.6515408,-0.927964
-0.6513408,-0.895966
-0.6511408,-0.927964
-0.6509408,-0.895966
-0.6507408,-0.895966
-0.6505408,-0.895966
-0.6503408,-0.895966
-0.6501408,-0.927964
-0.6499408,-0.927964
-0.6497408,-0.927964
-0.6495408,-0.927964
-0.6493408,-0.927964
-0.6491408,-0.895966
-0.6489408,-0.895966
-0.6487408,-0.863967
-0.6485408,-0.895966
-0.6483408,-0.895966
-0.6481408,-0.863967
-0.6479408,-0.895966
-0.6477408,-0.863967
-0.6475408,-0.895966
-0.6473408,-0.863967
-0.6471408,-0.895966
-0.6469408,-0.831968
-0.6467408,-0.863967
-0.6465408,-0.895966
-0.6463408,-0.895966
-0.6461408,-0.863967
-0.6459408,-0.895966
-0.6457408,-0.895966
-0.6455408,-0.831968
-0.6453408,-0.831968
-0.6451408,-0.895966
-0.6449408,-0.895966
-0.6447408,-0.863967
-0.6445408,-0.895966
-0.6443408,-0.895966
-0.6441408,-0.863967
-0.6439408,-0.863967
-0.6437408,-0.863967
-0.6435408,-0.831968
-0.6433408,-0.895966
-0.6431408,-0.863967
-0.6429408,-0.831968
-0.6427408,-0.831968
-0.6425408,-0.831968
-0.6423408,-0.863967
-0.6421408,-0.863967
-0.6419408,-0.895966
-0.6417408,-0.831968
-0.6415408,-0.895966
-0.6413408,-0.831968
-0.6411408,-0.831968
-0.6409408,-0.831968
-0.6407408,-0.863967
-0.6405408,-0.831968
-0.6403408,-0.799969
-0.6401408,-0.863967
-0.6399408,-0.799969
-0.6397408,-0.831968
-0.6395408,-0.831968
-0.6393408,-0.799969
-0.6391408,-0.799969
-0.6389408,-0.831968
-0.6387408,-0.799969
-0.6385408,-0.799969
-0.6383408,-0.831968
-0.6381408,-0.799969
-0.6379408,-0.799969
-0.6377408,-0.799969
-0.6375408,-0.831968
-0.6373408,-0.799969
-0.6371408,-0.767971
-0.6369408,-0.735972
-0.6367408,-0.767971
-0.6365408,-0.767971
-0.6363408,-0.767971
-0.6361408,-0.735972
-0.6359408,-0.799969
-0.6357408,-0.735972
-0.6355408,-0.799969
-0.6353408,-0.767971
-0.6351408,-0.735972
-0.6349408,-0.703973
-0.6347408,-0.735972
-0.6345408,-0.767971
-0.6343408,-0.735972
-0.6341408,-0.703973
-0.6339408,-0.735972
-0.6337408,-0.735972
-0.6335408,-0.735972
-0.6333408,-0.735972
-0.6331408,-0.735972
-0.6329408,-0.703973
-0.6327408,-0.703973
-0.6325408,-0.703973
-0.6323408,-0.703973
-0.6321408,-0.703973
-0.6319408,-0.671974
-0.6317408,-0.735972
-0.6315408,-0.703973
-0.6313408,-0.735972
-0.6311408,-0.671974
-0.6309408,-0.703973
-0.6307408,-0.671974
-0.6305408,-0.671974
-0.6303408,-0.639975
-0.6301408,-0.671974
-0.6299408,-0.703973
-0.6297408,-0.671974
-0.6295408,-0.703973
-0.6293408,-0.671974
-0.6291408,-0.671974
-0.6289408,-0.639975
-0.6287408,-0.671974
-0.6285408,-0.671974
-0.6283408,-0.703973
-0.6281408,-0.671974
-0.6279408,-0.639975
-0.6277408,-0.639975
-0.6275408,-0.671974
-0.6273408,-0.671974
-0.6271408,-0.607977
-0.6269408,-0.639975
-0.6267408,-0.671974
-0.6265408,-0.671974
-0.6263408,-0.671974
-0.6261408,-0.671974
-0.6259408,-0.671974
-0.6257408,-0.671974
-0.6255408,-0.639975
-0.6253408,-0.639975
-0.6251408,-0.575978
-0.6249408,-0.639975
-0.6247408,-0.639975
-0.6245408,-0.639975
-0.6243408,-0.639975
-0.6241408,-0.639975
-0.6239408,-0.607977
-0.6237408,-0.543979
-0.6235408,-0.575978
-0.6233408,-0.575978
-0.6231408,-0.575978
-0.6229408,-0.607977
-0.6227408,-0.607977
-0.6225408,-0.575978
-0.6223408,-0.575978
-0.6221408,-0.607977
-0.6219408,-0.479982
-0.6217408,-0.543979
-0.6215408,-0.543979
-0.6213408,-0.607977
-0.6211408,-0.543979
-0.6209408,-0.575978
-0.6207408,-0.543979
-0.6205408,-0.543979
-0.6203408,-0.543979
-0.6201408,-0.543979
-0.6199408,-0.51198
-0.6197408,-0.543979
-0.6195408,-0.543979
-0.6193408,-0.479982
-0.6191408,-0.543979
-0.6189408,-0.51198
-0.6187408,-0.51198
-0.6185408,-0.51198
-0.6183408,-0.51198
-0.6181408,-0.479982
-0.6179408,-0.51198
-0.6177408,-0.479982
-0.6175408,-0.447983
-0.6173408,-0.51198
-0.6171408,-0.479982
-0.6169408,-0.51198
-0.6167408,-0.51198
-0.6165408,-0.479982
-0.6163408,-0.479982
-0.6161408,-0.479982
-0.6159408,-0.447983
-0.6157408,-0.447983
-0.6155408,-0.479982
-0.6153408,-0.415984
-0.6151408,-0.447983
-0.6149408,-0.479982
-0.6147408,-0.447983
-0.6145408,-0.415984
-0.6143408,-0.447983
-0.6141408,-0.447983
-0.6139408,-0.415984
-0.6137408,-0.415984
-0.6135408,-0.383985
-0.6133408,-0.383985
-0.6131408,-0.447983
-0.6129408,-0.447983
-0.6127408,-0.383985
-0.6125408,-0.415984
-0.6123408,-0.383985
-0.6121408,-0.383985
-0.6119408,-0.351986
-0.6117408,-0.383985
-0.6115408,-0.383985
-0.6113408,-0.351986
-0.6111408,-0.415984
-0.6109408,-0.351986
-0.6107408,-0.351986
-0.6105408,-0.351986
-0.6103408,-0.319988
-0.6101408,-0.383985
-0.6099408,-0.351986
-0.6097408,-0.287989
-0.6095408,-0.287989
-0.6093408,-0.287989
-0.6091408,-0.287989
-0.6089408,-0.287989
-0.6087408,-0.287989
-0.6085408,-0.319988
-0.6083408,-0.319988
-0.6081408,-0.223991
-0.6079408,-0.25599
-0.6077408,-0.25599
-0.6075408,-0.223991
-0.6073408,-0.25599
-0.6071408,-0.191993
-0.6069408,-0.25599
-0.6067408,-0.223991
-0.6065408,-0.25599
-0.6063408,-0.191993
-0.6061408,-0.223991
-0.6059408,-0.191993
-0.6057408,-0.159994
-0.6055408,-0.223991
-0.6053408,-0.25599
-0.6051408,-0.191993
-0.6049408,-0.191993
-0.6047408,-0.191993
-0.6045408,-0.159994
-0.6043408,-0.159994
-0.6041408,-0.191993
-0.6039408,-0.127995
-0.6037408,-0.191993
-0.6035408,-0.191993
-0.6033408,-0.127995
-0.6031408,-0.191993
-0.6029408,-0.159994
-0.6027408,-0.0959963
-0.6025408,-0.159994
-0.6023408,-0.127995
-0.6021408,-0.0959963
-0.6019408,-0.0959963
-0.6017408,-0.0639975
-0.6015408,-0.0639975
-0.6013408,-0.0959963
-0.6011408,-0.0959963
-0.6009408,-0.0959963
-0.6007408,-0.0959963
-0.6005408,-0.0319988
-0.6003408,-0.0319988
-0.6001408,-0.0639975
-0.5999408,-0.0319988
-0.5997408,-0.0639975
-0.5995408,-0.0319988
-0.5993408,-0.0319988
-0.5991408,-0.0319988
-0.5989408,-0.0639975
-0.5987408,0.0319988
-0.5985408,-0.0319988
-0.5983408,0
-0.5981408,0.0319988
-0.5979408,0.0319988
-0.5977408,0
-0.5975408,0
-0.5973408,0.0319988
-0.5971408,-0.0319988
-0.5969408,0
-0.5967408,0.0319988
-0.5965408,0.0319988
-0.5963408,0.0639975
-0.5961408,0.0319988
-0.5959408,0.0319988
-0.5957408,0.0319988
-0.5955408,0.0639975
-0.5953408,0.0319988
-0.5951408,0.0639975
-0.5949408,0.0959963
-0.5947408,0.0959963
-0.5945408,0.127995
-0.5943408,0.0959963
-0.5941408,0.0959963
-0.5939408,0.0959963
-0.5937408,0.0959963
-0.5935408,0.127995
-0.5933408,0.127995
-0.5931408,0.0959963
-0.5929408,0.0959963
-0.5927408,0.191993
-0.5925408,0.127995
-0.5923408,0.127995
-0.5921408,0.191993
-0.5919408,0.159994
-0.5917408,0.0959963
-0.5915408,0.159994
-0.5913408,0.159994
-0.5911408,0.159994
-0.5909408,0.191993
-0.5907408,0.159994
-0.5905408,0.159994
-0.5903408,0.191993
-0.5901408,0.191993
-0.5899408,0.223991
-0.5897408,0.25599
-0.5895408,0.191993
-0.5893408,0.191993
-0.5891408,0.223991
-0.5889408,0.191993
-0.5887408,0.223991
-0.5885408,0.25599
-0.5883408,0.223991
-0.5881408,0.25599
-0.5879408,0.25599
-0.5877408,0.223991
-0.5875408,0.223991
-0.5873408,0.287989
-0.5871408,0.223991
-0.5869408,0.25599
-0.5867408,0.25599
-0.5865408,0.25599
-0.5863408,0.319988
-0.5861408,0.319988
-0.5859408,0.25599
-0.5857408,0.287989
-0.5855408,0.319988
-0.5853408,0.287989
-0.5851408,0.319988
-0.5849408,0.351986
-0.5847408,0.287989
-0.5845408,0.351986
-0.5843408,0.351986
-0.5841408,0.319988
-0.5839408,0.351986
-0.5837408,0.351986
-0.5835408,0.319988
-0.5833408,0.319988
-0.5831408,0.383985
-0.5829408,0.351986
-0.5827408,0.351986
-0.5825408,0.447983
-0.5823408,0.319988
-0.5821408,0.351986
-0.5819408,0.383985
-0.5817408,0.351986
-0.5815408,0.351986
-0.5813408,0.415984
-0.5811408,0.383985
-0.5809408,0.383985
-0.5807408,0.415984
-0.5805408,0.447983
-0.5803408,0.415984
-0.5801408,0.447983
-0.5799408,0.415984
-0.5797408,0.415984
-0.5795408,0.447983
-0.5793408,0.447983
-0.5791408,0.415984
-0.5789408,0.447983
-0.5787408,0.51198
-0.5785408,0.447983
-0.5783408,0.51198
-0.5781408,0.479982
-0.5779408,0.479982
-0.5777408,0.447983
-0.5775408,0.479982
-0.5773408,0.51198
-0.5771408,0.51198
-0.5769408,0.51198
-0.5767408,0.51198
-0.5765408,0.51198
-0.5763408,0.51198
-0.5761408,0.51198
-0.5759408,0.51198
-0.5757408,0.543979
-0.5755408,0.51198
-0.5753408,0.51198
-0.5751408,0.575978
-0.5749408,0.51198
-0.5747408,0.543979
-0.5745408,0.639975
-0.5743408,0.51198
-0.5741408,0.51198
-0.5739408,0.607977
-0.5737408,0.575978
-0.5735408,0.607977
-0.5733408,0.575978
-0.5731408,0.575978
-0.5729408,0.607977
-0.5727408,0.639975
-0.5725408,0.607977
-0.5723408,0.639975
-0.5721408,0.639975
-0.5719408,0.607977
-0.5717408,0.607977
-0.5715408,0.639975
-0.5713408,0.639975
-0.5711408,0.703973
-0.5709408,0.671974
-0.5707408,0.639975
-0.5705408,0.671974
-0.5703408,0.671974
-0.5701408,0.671974
-0.5699408,0.639975
-0.5697408,0.735972
-0.5695408,0.671974
-0.5693408,0.735972
-0.5691408,0.703973
-0.5689408,0.735972
-0.5687408,0.703973
-0.5685408,0.767971
-0.5683408,0.671974
-0.5681408,0.735972
-0.5679408,0.767971
-0.5677408,0.703973
-0.5675408,0.703973
-0.5673408,0.767971
-0.5671408,0.767971
-0.5669408,0.703973
-0.5667408,0.799969
-0.5665408,0.767971
-0.5663408,0.735972
-0.5661408,0.767971
-0.5659408,0.767971
-0.5657408,0.767971
-0.5655408,0.831968
-0.5653408,0.799969
-0.5651408,0.799969
-0.5649408,0.831968
-0.5647408,0.799969
-0.5645408,0.799969
-0.5643408,0.831968
-0.5641408,0.767971
-0.5639408,0.767971
-0.5637408,0.831968
-0.5635408,0.799969
-0.5633408,0.831968
-0.5631408,0.863967
-0.5629408,0.831968
-0.5627408,0.831968
-0.5625408,0.863967
-0.5623408,0.863967
-0.5621408,0.863967
-0.5619408,0.863967
-0.5617408,0.831968
-0.5615408,0.831968
-0.5613408,0.895966
-0.5611408,0.863967
-0.5609408,0.895966
-0.5607408,0.895966
-0.5605408,0.863967
-0.5603408,0.863967
-0.5601408,0.895966
-0.5599408,0.895966
-0.5597408,0.863967
-0.5595408,0.927964
-0.5593408,0.927964
-0.5591408,0.927964
-0.5589408,0.927964
-0.5587408,0.927964
-0.5585408,0.895966
-0.5583408,0.927964
-0.5581408,0.895966
-0.5579408,0.927964
-0.5577408,0.927964
-0.5575408,0.927964
-0.5573408,0.959963
-0.5571408,0.927964
-0.5569408,0.927964
-0.5567408,0.991962
-0.5565408,0.959963
-0.5563408,0.927964
-0.5561408,0.927964
-0.5559408,0.991962
-0.5557408,0.927964
-0.5555408,0.991962
-0.5553408,0.991962
-0.5551408,0.959963
-0.5549408,1.02396
-0.5547408,0.959963
-0.5545408,0.959963
-0.5543408,0.927964
-0.5541408,0.959963
-0.5539408,0.991962
-0.5537408,0.959963
-0.5535408,0.991962
-0.5533408,0.959963
-0.5531408,0.927964
-0.5529408,0.991962
-0.5527408,0.991962
-0.5525408,0.959963
-0.5523408,0.991962
-0.5521408,0.959963
-0.5519408,0.991962
-0.5517408,1.02396
-0.5515408,0.991962
-0.5513408,0.991962
-0.5511408,1.02396
-0.5509408,0.991962
-0.5507408,1.02396
-0.5505408,0.991962
-0.5503408,0.991962
-0.5501408,1.02396
-0.5499408,0.991962
-0.5497408,1.05596
-0.5495408,1.02396
-0.5493408,1.02396
-0.5491408,0.991962
-0.5489408,1.02396
-0.5487408,1.05596
-0.5485408,1.02396
-0.5483408,1.02396
-0.5481408,1.02396
-0.5479408,1.02396
-0.5477408,1.05596
-0.5475408,1.05596
-0.5473408,1.02396
-0.5471408,1.02396
-0.5469408,1.08796
-0.5467408,1.02396
-0.5465408,1.02396
-0.5463408,1.02396
-0.5461408,1.05596
-0.5459408,1.05596
-0.5457408,1.08796
-0.5455408,1.05596
-0.5453408,1.08796
-0.5451408,1.05596
-0.5449408,1.02396
-0.5447408,1.05596
-0.5445408,1.08796
-0.5443408,1.08796
-0.5441408,1.05596
-0.5439408,1.05596
-0.5437408,1.08796
-0.5435408,1.11996
-0.5433408,1.08796
-0.5431408,1.08796
-0.5429408,1.11996
-0.5427408,1.08796
-0.5425408,1.05596
-0.5423408,1.05596
-0.5421408,1.05596
-0.5419408,1.11996
-0.5417408,1.05596
-0.5415408,1.08796
-0.5413408,1.11996
-0.5411408,1.08796
-0.5409408,1.08796
-0.5407408,1.08796
-0.5405408,1.08796
-0.5403408,1.05596
-0.5401408,1.08796
-0.5399408,1.08796
-0.5397408,1.11996
-0.5395408,1.11996
-0.5393408,1.11996
-0.5391408,1.11996
-0.5389408,1.11996
-0.5387408,1.11996
-0.5385408,1.08796
-0.5383408,1.15196
-0.5381408,1.11996
-0.5379408,1.11996
-0.5377408,1.15196
-0.5375408,1.15196
-0.5373408,1.11996
-0.5371408,1.08796
-0.5369408,1.08796
-0.5367408,1.11996
-0.5365408,1.11996
-0.5363408,1.11996
-0.5361408,1.11996
-0.5359408,1.15196
-0.5357408,1.15196
-0.5355408,1.11996
-0.5353408,1.15196
-0.5351408,1.15196
-0.5349408,1.18395
-0.5347408,1.18395
-0.5345408,1.15196
-0.5343408,1.11996
-0.5341408,1.15196
-0.5339408,1.18395
-0.5337408,1.11996
-0.5335408,1.18395
-0.5333408,1.15196
-0.5331408,1.15196
-0.5329408,1.15196
-0.5327408,1.15196
-0.5325408,1.18395
-0.5323408,1.18395
-0.5321408,1.15196
-0.5319408,1.15196
-0.5317408,1.15196
-0.5315408,1.15196
-0.5313408,1.21595
-0.5311408,1.18395
-0.5309408,1.18395
-0.5307408,1.18395
-0.5305408,1.15196
-0.5303408,1.21595
-0.5301408,1.15196
-0.5299408,1.18395
-0.5297408,1.15196
-0.5295408,1.15196
-0.5293408,1.15196
-0.5291408,1.18395
-0.5289408,1.15196
-0.5287408,1.18395
-0.5285408,1.18395
-0.5283408,1.15196
-0.5281408,1.18395
-0.5279408,1.18395
-0.5277408,1.21595
-0.5275408,1.18395
-0.5273408,1.21595
-0.5271408,1.11996
-0.5269408,1.11996
-0.5267408,1.18395
-0.5265408,1.18395
-0.5263408,1.18395
-0.5261408,1.15196
-0.5259408,1.18395
-0.5257408,1.18395
-0.5255408,1.18395
-0.5253408,1.15196
-0.5251408,1.18395
-0.5249408,1.15196
-0.5247408,1.18395
-0.5245408,1.18395
-0.5243408,1.21595
-0.5241408,1.18395
-0.5239408,1.18395
-0.5237408,1.15196
-0.5235408,1.18395
-0.5233408,1.18395
-0.5231408,1.18395
-0.5229408,1.18395
-0.5227408,1.21595
-0.5225408,1.18395
-0.5223408,1.15196
-0.5221408,1.15196
-0.5219408,1.11996
-0.5217408,1.15196
-0.5215408,1.15196
-0.5213408,1.15196
-0.5211408,1.15196
-0.5209408,1.15196
-0.5207408,1.18395
-0.5205408,1.15196
-0.5203408,1.15196
-0.5201408,1.15196
-0.5199408,1.18395
-0.5197408,1.11996
-0.5195408,1.15196
-0.5193408,1.15196
-0.5191408,1.11996
-0.5189408,1.15196
-0.5187408,1.15196
-0.5185408,1.15196
-0.5183408,1.15196
-0.5181408,1.11996
-0.5179408,1.15196
-0.5177408,1.11996
-0.5175408,1.11996
-0.5173408,1.15196
-0.5171408,1.11996
-0.5169408,1.15196
-0.5167408,1.11996
-0.5165408,1.11996
-0.5163408,1.15196
-0.5161408,1.15196
-0.5159408,1.15196
-0.5157408,1.15196
-0.5155408,1.15196
-0.5153408,1.11996
-0.5151408,1.11996
-0.5149408,1.15196
-0.5147408,1.05596
-0.5145408,1.11996
-0.5143408,1.11996
-0.5141408,1.11996
-0.5139408,1.08796
-0.5137408,1.05596
-0.5135408,1.08796
-0.5133408,1.08796
-0.5131408,1.08796
-0.5129408,1.08796
-0.5127408,1.11996
-0.5125408,1.05596
-0.5123408,1.11996
-0.5121408,1.08796
-0.5119408,1.08796
-0.5117408,1.08796
-0.5115408,1.11996
-0.5113408,1.11996
-0.5111408,1.08796
-0.5109408,1.11996
-0.5107408,1.11996
-0.5105408,1.11996
-0.5103408,1.05596
-0.5101408,1.11996
-0.5099408,1.11996
-0.5097408,1.11996
-0.5095408,1.05596
-0.5093408,1.08796
-0.5091408,1.08796
-0.5089408,1.02396
-0.5087408,1.08796
-0.5085408,1.05596
-0.5083408,1.08796
-0.5081408,1.05596
-0.5079408,1.08796
-0.5077408,1.08796
-0.5075408,1.08796
-0.5073408,1.11996
-0.5071408,1.11996
-0.5069408,1.05596
-0.5067408,1.05596
-0.5065408,1.11996
-0.5063408,1.08796
-0.5061408,1.08796
-0.5059408,1.05596
-0.5057408,1.11996
-0.5055408,1.05596
-0.5053408,1.08796
-0.5051408,1.08796
-0.5049408,1.05596
-0.5047408,1.02396
-0.5045408,1.05596
-0.5043408,1.02396
-0.5041408,1.05596
-0.5039408,1.05596
-0.5037408,1.02396
-0.5035408,1.05596
-0.5033408,1.02396
-0.5031408,1.05596
-0.5029408,1.08796
-0.5027408,1.05596
-0.5025408,1.02396
-0.5023408,1.05596
-0.5021408,1.05596
-0.5019408,1.05596
-0.5017408,1.02396
-0.5015408,1.02396
-0.5013408,1.05596
-0.5011408,1.05596
-0.5009408,1.02396
-0.5007408,1.08796
-0.5005408,1.05596
-0.5003408,1.02396
-0.5001408,1.02396
-0.4999408,1.08796
-0.4997408,1.02396
-0.4995408,0.991962
-0.4993408,1.05596
-0.4991408,0.991962
-0.4989408,1.05596
-0.4987408,1.02396
-0.4985408,1.02396
-0.4983408,0.991962
-0.4981408,1.02396
-0.4979408,1.05596
-0.4977408,1.02396
-0.4975408,0.991962
-0.4973408,1.02396
-0.4971408,1.05596
-0.4969408,1.02396
-0.4967408,1.02396
-0.4965408,1.02396
-0.4963408,1.02396
-0.4961408,1.05596
-0.4959408,1.02396
-0.4957408,1.02396
-0.4955408,1.02396
-0.4953408,1.05596
-0.4951408,1.05596
-0.4949408,1.02396
-0.4947408,1.02396
-0.4945408,0.991962
-0.4943408,1.02396
-0.4941408,1.02396
-0.4939408,1.02396
-0.4937408,1.02396
-0.4935408,0.959963
-0.4933408,1.02396
-0.4931408,1.02396
-0.4929408,0.959963
-0.4927408,0.959963
-0.4925408,0.959963
-0.4923408,1.02396
-0.4921408,0.991962
-0.4919408,0.991962
-0.4917408,0.991962
-0.4915408,0.959963
-0.4913408,0.991962
-0.4911408,0.991962
-0.4909408,0.991962
-0.4907408,0.959963
-0.4905408,0.959963
-0.4903408,1.02396
-0.4901408,0.959963
-0.4899408,0.959963
-0.4897408,0.959963
-0.4895408,0.959963
-0.4893408,0.959963
-0.4891408,0.927964
-0.4889408,0.959963
-0.4887408,0.959963
-0.4885408,0.959963
-0.4883408,0.959963
-0.4881408,0.927964
-0.4879408,0.895966
-0.4877408,0.927964
-0.4875408,0.959963
-0.4873408,0.927964
-0.4871408,0.927964
-0.4869408,0.927964
-0.4867408,0.927964
-0.4865408,0.895966
-0.4863408,0.927964
-0.4861408,0.927964
-0.4859408,0.927964
-0.4857408,0.959963
-0.4855408,0.895966
-0.4853408,0.927964
-0.4851408,0.927964
-0.4849408,0.927964
-0.4847408,0.959963
-0.4845408,0.927964
-0.4843408,0.927964
-0.4841408,0.895966
-0.4839408,0.927964
-0.4837408,0.895966
-0.4835408,0.927964
-0.4833408,0.927964
-0.4831408,0.895966
-0.4829408,0.895966
-0.4827408,0.895966
-0.4825408,0.927964
-0.4823408,0.895966
-0.4821408,0.927964
-0.4819408,0.863967
-0.4817408,0.895966
-0.4815408,0.927964
-0.4813408,0.895966
-0.4811408,0.863967
-0.4809408,0.895966
-0.4807408,0.895966
-0.4805408,0.863967
-0.4803408,0.895966
-0.4801408,0.895966
-0.4799408,0.895966
-0.4797408,0.895966
-0.4795408,0.863967
-0.4793408,0.863967
-0.4791408,0.863967
-0.4789408,0.831968
-0.4787408,0.831968
-0.4785408,0.863967
-0.4783408,0.831968
-0.4781408,0.863967
-0.4779408,0.863967
-0.4777408,0.831968
-0.4775408,0.799969
-0.4773408,0.863967
-0.4771408,0.799969
-0.4769408,0.831968
-0.4767408,0.863967
-0.4765408,0.831968
-0.4763408,0.831968
-0.4761408,0.863967
-0.4759408,0.831968
-0.4757408,0.799969
-0.4755408,0.831968
-0.4753408,0.799969
-0.4751408,0.799969
-0.4749408,0.831968
-0.4747408,0.799969
-0.4745408,0.767971
-0.4743408,0.799969
-0.4741408,0.799969
-0.4739408,0.799969
-0.4737408,0.767971
-0.4735408,0.767971
-0.4733408,0.703973
-0.4731408,0.799969
-0.4729408,0.767971
-0.4727408,0.735972
-0.4725408,0.799969
-0.4723408,0.767971
-0.4721408,0.703973
-0.4719408,0.799969
-0.4717408,0.767971
-0.4715408,0.735972
-0.4713408,0.735972
-0.4711408,0.703973
-0.4709408,0.735972
-0.4707408,0.735972
-0.4705408,0.735972
-0.4703408,0.735972
-0.4701408,0.767971
-0.4699408,0.671974
-0.4697408,0.735972
-0.4695408,0.735972
-0.4693408,0.703973
-0.4691408,0.703973
-0.4689408,0.703973
-0.4687408,0.703973
-0.4685408,0.671974
-0.4683408,0.735972
-0.4681408,0.671974
-0.4679408,0.671974
-0.4677408,0.671974
-0.4675408,0.639975
-0.4673408,0.671974
-0.4671408,0.639975
-0.4669408,0.607977
-0.4667408,0.639975
-0.4665408,0.671974
-0.4663408,0.671974
-0.4661408,0.639975
-0.4659408,0.671974
-0.4657408,0.607977
-0.4655408,0.607977
-0.4653408,0.639975
-0.4651408,0.607977
-0.4649408,0.575978
-0.4647408,0.639975
-0.4645408,0.607977
-0.4643408,0.575978
-0.4641408,0.607977
-0.4639408,0.607977
-0.4637408,0.575978
-0.4635408,0.575978
-0.4633408,0.575978
-0.4631408,0.543979
-0.4629408,0.607977
-0.4627408,0.543979
-0.4625408,0.575978
-0.4623408,0.607977
-0.4621408,0.543979
-0.4619408,0.543979
-0.4617408,0.575978
-0.4615408,0.543979
-0.4613408,0.51198
-0.4611408,0.51198
-0.4609408,0.543979
-0.4607408,0.479982
-0.4605408,0.543979
-0.4603408,0.479982
-0.4601408,0.51198
-0.4599408,0.543979
-0.4597408,0.479982
-0.4595408,0.51198
-0.4593408,0.543979
-0.4591408,0.479982
-0.4589408,0.51198
-0.4587408,0.479982
-0.4585408,0.479982
-0.4583408,0.543979
-0.4581408,0.51198
-0.4579408,0.447983
-0.4577408,0.447983
-0.4575408,0.51198
-0.4573408,0.447983
-0.4571408,0.447983
-0.4569408,0.415984
-0.4567408,0.447983
-0.4565408,0.479982
-0.4563408,0.479982
-0.4561408,0.447983
-0.4559408,0.415984
-0.4557408,0.351986
-0.4555408,0.383985
-0.4553408,0.415984
-0.4551408,0.383985
-0.4549408,0.415984
-0.4547408,0.415984
-0.4545408,0.383985
-0.4543408,0.383985
-0.4541408,0.415984
-0.4539408,0.383985
-0.4537408,0.351986
-0.4535408,0.383985
-0.4533408,0.351986
-0.4531408,0.319988
-0.4529408,0.383985
-0.4527408,0.383985
-0.4525408,0.319988
-0.4523408,0.351986
-0.4521408,0.351986
-0.4519408,0.287989
-0.4517408,0.351986
-0.4515408,0.319988
-0.4513408,0.319988
-0.4511408,0.351986
-0.4509408,0.319988
-0.4507408,0.319988
-0.4505408,0.351986
-0.4503408,0.287989
-0.4501408,0.287989
-0.4499408,0.287989
-0.4497408,0.287989
-0.4495408,0.287989
-0.4493408,0.351986
-0.4491408,0.25599
-0.4489408,0.287989
-0.4487408,0.287989
-0.4485408,0.287989
-0.4483408,0.287989
-0.4481408,0.287989
-0.4479408,0.25599
-0.4477408,0.223991
-0.4475408,0.287989
-0.4473408,0.223991
-0.4471408,0.223991
-0.4469408,0.25599
-0.4467408,0.223991
-0.4465408,0.25599
-0.4463408,0.223991
-0.4461408,0.223991
-0.4459408,0.223991
-0.4457408,0.25599
-0.4455408,0.191993
-0.4453408,0.223991
-0.4451408,0.191993
-0.4449408,0.159994
-0.4447408,0.191993
-0.4445408,0.223991
-0.4443408,0.223991
-0.4441408,0.127995
-0.4439408,0.191993
-0.4437408,0.127995
-0.4435408,0.191993
-0.4433408,0.25599
-0.4431408,0.127995
-0.4429408,0.159994
-0.4427408,0.159994
-0.4425408,0.159994
-0.4423408,0.127995
-0.4421408,0.0959963
-0.4419408,0.127995
-0.4417408,0.159994
-0.4415408,0.127995
-0.4413408,0.127995
-0.4411408,0.127995
-0.4409408,0.127995
-0.4407408,0.127995
-0.4405408,0.0959963
-0.4403408,0.0959963
-0.4401408,0.0639975
-0.4399408,0.0959963
-0.4397408,0.0959963
-0.4395408,0.0959963
-0.4393408,0.0639975
-0.4391408,0.0959963
-0.4389408,0.0959963
-0.4387408,0.0959963
-0.4385408,0.0639975
-0.4383408,0.0639975
-0.4381408,0.0639975
-0.4379408,0.0639975
-0.4377408,0.0959963
-0.4375408,0.0639975
-0.4373408,0.0639975
-0.4371408,0.0639975
-0.4369408,0.0639975
-0.4367408,0.0639975
-0.4365408,0.0639975
-0.4363408,0.0639975
-0.4361408,0.0319988
-0.4359408,0.0319988
-0.4357408,0
-0.4355408,0.0319988
-0.4353408,0.0639975
-0.4351408,0.0319988
-0.4349408,0.0319988
-0.4347408,0
-0.4345408,0
-0.4343408,0
-0.4341408,-0.0319988
-0.4339408,0
-0.4337408,-0.0319988
-0.4335408,-0.0319988
-0.4333408,-0.0319988
-0.4331408,0
-0.4329408,0.0319988
-0.4327408,0
-0.4325408,-0.0319988
-0.4323408,-0.0319988
-0.4321408,-0.0639975
-0.4319408,-0.0639975
-0.4317408,-0.0959963
-0.4315408,-0.0639975
-0.4313408,-0.0639975
-0.4311408,-0.0959963
-0.4309408,-0.0639975
-0.4307408,-0.0959963
-0.4305408,-0.0639975
-0.4303408,-0.0959963
-0.4301408,-0.127995
-0.4299408,-0.0639975
-0.4297408,-0.127995
-0.4295408,-0.0959963
-0.4293408,-0.0959963
-0.4291408,-0.127995
-0.4289408,-0.127995
-0.4287408,-0.0959963
-0.4285408,-0.159994
-0.4283408,-0.127995
-0.4281408,-0.127995
-0.4279408,-0.191993
-0.4277408,-0.127995
-0.4275408,-0.159994
-0.4273408,-0.159994
-0.4271408,-0.127995
-0.4269408,-0.127995
-0.4267408,-0.159994
-0.4265408,-0.191993
-0.4263408,-0.159994
-0.4261408,-0.25599
-0.4259408,-0.223991
-0.4257408,-0.191993
-0.4255408,-0.223991
-0.4253408,-0.223991
-0.4251408,-0.223991
-0.4249408,-0.191993
-0.4247408,-0.191993
-0.4245408,-0.223991
-0.4243408,-0.223991
-0.4241408,-0.223991
-0.4239408,-0.191993
-0.4237408,-0.223991
-0.4235408,-0.223991
-0.4233408,-0.191993
-0.4231408,-0.223991
-0.4229408,-0.287989
-0.4227408,-0.25599
-0.4225408,-0.25599
-0.4223408,-0.25599
-0.4221408,-0.223991
-0.4219408,-0.25599
-0.4217408,-0.25599
-0.4215408,-0.25599
-0.4213408,-0.287989
-0.4211408,-0.25599
-0.4209408,-0.25599
-0.4207408,-0.25599
-0.4205408,-0.287989
-0.4203408,-0.287989
-0.4201408,-0.287989
-0.4199408,-0.319988
-0.4197408,-0.287989
-0.4195408,-0.287989
-0.4193408,-0.25599
-0.4191408,-0.287989
-0.4189408,-0.319988
-0.4187408,-0.287989
-0.4185408,-0.25599
-0.4183408,-0.319988
-0.4181408,-0.319988
-0.4179408,-0.319988
-0.4177408,-0.287989
-0.4175408,-0.351986
-0.4173408,-0.287989
-0.4171408,-0.319988
-0.4169408,-0.351986
-0.4167408,-0.319988
-0.4165408,-0.319988
-0.4163408,-0.351986
-0.4161408,-0.351986
-0.4159408,-0.287989
-0.4157408,-0.415984
-0.4155408,-0.319988
-0.4153408,-0.383985
-0.4151408,-0.319988
-0.4149408,-0.319988
-0.4147408,-0.351986
-0.4145408,-0.383985
-0.4143408,-0.319988
-0.4141408,-0.351986
-0.4139408,-0.351986
-0.4137408,-0.351986
-0.4135408,-0.351986
-0.4133408,-0.415984
-0.4131408,-0.383985
-0.4129408,-0.383985
-0.4127408,-0.383985
-0.4125408,-0.351986
-0.4123408,-0.351986
-0.4121408,-0.351986
-0.4119408,-0.415984
-0.4117408,-0.351986
-0.4115408,-0.383985
-0.4113408,-0.351986
-0.4111408,-0.383985
-0.4109408,-0.415984
-0.4107408,-0.415984
-0.4105408,-0.351986
-0.4103408,-0.383985
-0.4101408,-0.383985
-0.4099408,-0.351986
-0.4097408,-0.415984
-0.4095408,-0.415984
-0.4093408,-0.415984
-0.4091408,-0.415984
-0.4089408,-0.447983
-0.4087408,-0.415984
-0.4085408,-0.415984
-0.4083408,-0.415984
-0.4081408,-0.415984
-0.4079408,-0.383985
-0.4077408,-0.447983
-0.4075408,-0.415984
-0.4073408,-0.447983
-0.4071408,-0.415984
-0.4069408,-0.447983
-0.4067408,-0.447983
-0.4065408,-0.447983
-0.4063408,-0.447983
-0.4061408,-0.479982
-0.4059408,-0.447983
-0.4057408,-0.415984
-0.4055408,-0.479982
-0.4053408,-0.479982
-0.4051408,-0.479982
-0.4049408,-0.479982
-0.4047408,-0.479982
-0.4045408,-0.479982
-0.4043408,-0.479982
-0.4041408,-0.447983
-0.4039408,-0.447983
-0.4037408,-0.51198
-0.4035408,-0.479982
-0.4033408,-0.447983
-0.4031408,-0.479982
-0.4029408,-0.51198
-0.4027408,-0.479982
-0.4025408,-0.51198
-0.4023408,-0.51198
-0.4021408,-0.51198
-0.4019408,-0.51198
-0.4017408,-0.447983
-0.4015408,-0.447983
-0.4013408,-0.51198
-0.4011408,-0.447983
-0.4009408,-0.51198
-0.4007408,-0.543979
-0.4005408,-0.51198
-0.4003408,-0.479982
-0.4001408,-0.51198
-0.3999408,-0.543979
-0.3997408,-0.479982
-0.3995408,-0.543979
-0.3993408,-0.51198
-0.3991408,-0.51198
-0.3989408,-0.543979
-0.3987408,-0.543979
-0.3985408,-0.51198
-0.3983408,-0.543979
-0.3981408,-0.543979
-0.3979408,-0.51198
-0.3977408,-0.51198
-0.3975408,-0.51198
-0.3973408,-0.51198
-0.3971408,-0.575978
-0.3969408,-0.543979
-0.3967408,-0.543979
-0.3965408,-0.51198
-0.3963408,-0.447983
-0.3961408,-0.575978
-0.3959408,-0.543979
-0.3957408,-0.543979
-0.3955408,-0.51198
-0.3953408,-0.607977
-0.3951408,-0.543979
-0.3949408,-0.543979
-0.3947408,-0.575978
-0.3945408,-0.543979
-0.3943408,-0.479982
-0.3941408,-0.575978
-0.3939408,-0.543979
-0.3937408,-0.51198
-0.3935408,-0.543979
-0.3933408,-0.575978
-0.3931408,-0.543979
-0.3929408,-0.575978
-0.3927408,-0.575978
-0.3925408,-0.575978
-0.3923408,-0.575978
-0.3921408,-0.575978
-0.3919408,-0.51198
-0.3917408,-0.575978
-0.3915408,-0.575978
-0.3913408,-0.575978
-0.3911408,-0.575978
-0.3909408,-0.607977
-0.3907408,-0.607977
-0.3905408,-0.607977
-0.3903408,-0.575978
-0.3901408,-0.607977
-0.3899408,-0.607977
-0.3897408,-0.575978
-0.3895408,-0.639975
-0.3893408,-0.575978
-0.3891408,-0.575978
-0.3889408,-0.543979
-0.3887408,-0.607977
-0.3885408,-0.575978
-0.3883408,-0.543979
-0.3881408,-0.607977
-0.3879408,-0.607977
-0.3877408,-0.575978
-0.3875408,-0.607977
-0.3873408,-0.575978
-0.3871408,-0.543979
-0.3869408,-0.575978
-0.3867408,-0.607977
-0.3865408,-0.51198
-0.3863408,-0.575978
-0.3861408,-0.575978
-0.3859408,-0.575978
-0.3857408,-0.575978
-0.3855408,-0.575978
-0.3853408,-0.543979
-0.3851408,-0.575978
-0.3849408,-0.575978
-0.3847408,-0.543979
-0.3845408,-0.575978
-0.3843408,-0.575978
-0.3841408,-0.575978
-0.3839408,-0.543979
-0.3837408,-0.575978
-0.3835408,-0.575978
-0.3833408,-0.575978
-0.3831408,-0.575978
-0.3829408,-0.575978
-0.3827408,-0.575978
-0.3825408,-0.543979
-0.3823408,-0.543979
-0.3821408,-0.575978
-0.3819408,-0.607977
-0.3817408,-0.51198
-0.3815408,-0.575978
-0.3813408,-0.543979
-0.3811408,-0.543979
-0.3809408,-0.575978
-0.3807408,-0.575978
-0.3805408,-0.575978
-0.3803408,-0.575978
-0.3801408,-0.575978
-0.3799408,-0.543979
-0.3797408,-0.575978
-0.3795408,-0.607977
-0.3793408,-0.543979
-0.3791408,-0.575978
-0.3789408,-0.543979
-0.3787408,-0.607977
-0.3785408,-0.575978
-0.3783408,-0.575978
-0.3781408,-0.543979
-0.3779408,-0.575978
-0.3777408,-0.575978
-0.3775408,-0.575978
-0.3773408,-0.575978
-0.3771408,-0.543979
-0.3769408,-0.543979
-0.3767408,-0.607977
-0.3765408,-0.575978
-0.3763408,-0.543979
-0.3761408,-0.575978
-0.3759408,-0.575978
-0.3757408,-0.575978
-0.3755408,-0.575978
-0.3753408,-0.575978
-0.3751408,-0.51198
-0.3749408,-0.575978
-0.3747408,-0.607977
-0.3745408,-0.479982
-0.3743408,-0.543979
-0.3741408,-0.575978
-0.3739408,-0.575978
-0.3737408,-0.575978
-0.3735408,-0.575978
-0.3733408,-0.51198
-0.3731408,-0.543979
-0.3729408,-0.543979
-0.3727408,-0.575978
-0.3725408,-0.575978
-0.3723408,-0.543979
-0.3721408,-0.543979
-0.3719408,-0.543979
-0.3717408,-0.543979
-0.3715408,-0.51198
-0.3713408,-0.543979
-0.3711408,-0.543979
-0.3709408,-0.51198
-0.3707408,-0.575978
-0.3705408,-0.543979
-0.3703408,-0.543979
-0.3701408,-0.543979
-0.3699408,-0.543979
-0.3697408,-0.51198
-0.3695408,-0.51198
-0.3693408,-0.575978
-0.3691408,-0.51198
-0.3689408,-0.543979
-0.3687408,-0.607977
-0.3685408,-0.543979
-0.3683408,-0.543979
-0.3681408,-0.543979
-0.3679408,-0.51198
-0.3677408,-0.543979
-0.3675408,-0.51198
-0.3673408,-0.479982
-0.3671408,-0.575978
-0.3669408,-0.543979
-0.3667408,-0.543979
-0.3665408,-0.51198
-0.3663408,-0.575978
-0.3661408,-0.51198
-0.3659408,-0.51198
-0.3657408,-0.543979
-0.3655408,-0.51198
-0.3653408,-0.543979
-0.3651408,-0.51198
-0.3649408,-0.51198
-0.3647408,-0.543979
-0.3645408,-0.543979
-0.3643408,-0.51198
-0.3641408,-0.51198
-0.3639408,-0.51198
-0.3637408,-0.51198
-0.3635408,-0.51198
-0.3633408,-0.543979
-0.3631408,-0.447983
-0.3629408,-0.575978
-0.3627408,-0.51198
-0.3625408,-0.479982
-0.3623408,-0.543979
-0.3621408,-0.479982
-0.3619408,-0.479982
-0.3617408,-0.51198
-0.3615408,-0.51198
-0.3613408,-0.51198
-0.3611408,-0.479982
-0.3609408,-0.543979
-0.3607408,-0.51198
-0.3605408,-0.51198
-0.3603408,-0.479982
-0.3601408,-0.479982
-0.3599408,-0.479982
-0.3597408,-0.479982
-0.3595408,-0.447983
-0.3593408,-0.51198
-0.3591408,-0.479982
-0.3589408,-0.447983
-0.3587408,-0.479982
-0.3585408,-0.447983
-0.3583408,-0.479982
-0.3581408,-0.51198
-0.3579408,-0.479982
-0.3577408,-0.479982
-0.3575408,-0.479982
-0.3573408,-0.479982
-0.3571408,-0.479982
-0.3569408,-0.51198
-0.3567408,-0.479982
-0.3565408,-0.479982
-0.3563408,-0.51198
-0.3561408,-0.479982
-0.3559408,-0.479982
-0.3557408,-0.479982
-0.3555408,-0.479982
-0.3553408,-0.479982
-0.3551408,-0.479982
-0.3549408,-0.447983
-0.3547408,-0.447983
-0.3545408,-0.479982
-0.3543408,-0.479982
-0.3541408,-0.447983
-0.3539408,-0.447983
-0.3537408,-0.447983
-0.3535408,-0.447983
-0.3533408,-0.479982
-0.3531408,-0.479982
-0.3529408,-0.479982
-0.3527408,-0.479982
-0.3525408,-0.447983
-0.3523408,-0.415984
-0.3521408,-0.51198
-0.3519408,-0.479982
-0.3517408,-0.415984
-0.3515408,-0.479982
-0.3513408,-0.447983
-0.3511408,-0.447983
-0.3509408,-0.479982
-0.3507408,-0.447983
-0.3505408,-0.447983
-0.3503408,-0.479982
-0.3501408,-0.479982
-0.3499408,-0.479982
-0.3497408,-0.479982
-0.3495408,-0.447983
-0.3493408,-0.415984
-0.3491408,-0.447983
-0.3489408,-0.447983
-0.3487408,-0.415984
-0.3485408,-0.479982
-0.3483408,-0.447983
-0.3481408,-0.415984
-0.3479408,-0.447983
-0.3477408,-0.447983
-0.3475408,-0.447983
-0.3473408,-0.479982
-0.3471408,-0.447983
-0.3469408,-0.447983
-0.3467408,-0.383985
-0.3465408,-0.415984
-0.3463408,-0.383985
-0.3461408,-0.415984
-0.3459408,-0.447983
-0.3457408,-0.383985
-0.3455408,-0.447983
-0.3453408,-0.447983
-0.3451408,-0.415984
-0.3449408,-0.447983
-0.3447408,-0.383985
-0.3445408,-0.415984
-0.3443408,-0.415984
-0.3441408,-0.447983
-0.3439408,-0.415984
-0.3437408,-0.447983
-0.3435408,-0.415984
-0.3433408,-0.383985
-0.3431408,-0.383985
-0.3429408,-0.415984
-0.3427408,-0.383985
-0.3425408,-0.415984
-0.3423408,-0.383985
-0.3421408,-0.447983
-0.3419408,-0.415984
-0.3417408,-0.383985
-0.3415408,-0.351986
-0.3413408,-0.351986
-0.3411408,-0.383985
-0.3409408,-0.351986
-0.3407408,-0.351986
-0.3405408,-0.383985
-0.3403408,-0.383985
-0.3401408,-0.415984
-0.3399408,-0.383985
-0.3397408,-0.351986
-0.3395408,-0.383985
-0.3393408,-0.383985
-0.3391408,-0.319988
-0.3389408,-0.383985
-0.3387408,-0.415984
-0.3385408,-0.319988
-0.3383408,-0.351986
-0.3381408,-0.351986
-0.3379408,-0.383985
-0.3377408,-0.383985
-0.3375408,-0.351986
-0.3373408,-0.319988
-0.3371408,-0.383985
-0.3369408,-0.351986
-0.3367408,-0.351986
-0.3365408,-0.351986
-0.3363408,-0.319988
-0.3361408,-0.319988
-0.3359408,-0.383985
-0.3357408,-0.319988
-0.3355408,-0.319988
-0.3353408,-0.319988
-0.3351408,-0.319988
-0.3349408,-0.319988
-0.3347408,-0.351986
-0.3345408,-0.319988
-0.3343408,-0.319988
-0.3341408,-0.287989
-0.3339408,-0.25599
-0.3337408,-0.287989
-0.3335408,-0.319988
-0.3333408,-0.319988
-0.3331408,-0.319988
-0.3329408,-0.287989
-0.3327408,-0.319988
-0.3325408,-0.287989
-0.3323408,-0.319988
-0.3321408,-0.351986
-0.3319408,-0.319988
-0.3317408,-0.319988
-0.3315408,-0.319988
-0.3313408,-0.319988
-0.3311408,-0.319988
-0.3309408,-0.319988
-0.3307408,-0.287989
-0.3305408,-0.287989
-0.3303408,-0.287989
-0.3301408,-0.287989
-0.3299408,-0.287989
-0.3297408,-0.287989
-0.3295408,-0.287989
-0.3293408,-0.319988
-0.3291408,-0.25599
-0.3289408,-0.319988
-0.3287408,-0.319988
-0.3285408,-0.319988
-0.3283408,-0.287989
-0.3281408,-0.287989
-0.3279408,-0.25599
-0.3277408,-0.319988
-0.3275408,-0.287989
-0.3273408,-0.25599
-0.3271408,-0.287989
-0.3269408,-0.25599
-0.3267408,-0.287989
-0.3265408,-0.25599
-0.3263408,-0.25599
-0.3261408,-0.287989
-0.3259408,-0.287989
-0.3257408,-0.287989
-0.3255408,-0.223991
-0.3253408,-0.287989
-0.3251408,-0.25599
-0.3249408,-0.287989
-0.3247408,-0.25599
-0.3245408,-0.287989
-0.3243408,-0.25599
-0.3241408,-0.287989
-0.3239408,-0.25599
-0.3237408,-0.25599
-0.3235408,-0.25599
-0.3233408,-0.287989
-0.3231408,-0.287989
-0.3229408,-0.223991
-0.3227408,-0.25599
-0.3225408,-0.25599
-0.3223408,-0.25599
-0.3221408,-0.25599
-0.3219408,-0.25599
-0.3217408,-0.223991
-0.3215408,-0.287989
-0.3213408,-0.223991
-0.3211408,-0.25599
-0.3209408,-0.25599
-0.3207408,-0.25599
-0.3205408,-0.25599
-0.3203408,-0.223991
-0.3201408,-0.25599
-0.3199408,-0.25599
-0.3197408,-0.223991
-0.3195408,-0.223991
-0.3193408,-0.25599
-0.3191408,-0.25599
-0.3189408,-0.25599
-0.3187408,-0.287989
-0.3185408,-0.25599
-0.3183408,-0.287989
-0.3181408,-0.287989
-0.3179408,-0.25599
-0.3177408,-0.223991
-0.3175408,-0.25599
-0.3173408,-0.223991
-0.3171408,-0.25599
-0.3169408,-0.25599
-0.3167408,-0.25599
-0.3165408,-0.25599
-0.3163408,-0.223991
-0.3161408,-0.25599
-0.3159408,-0.223991
-0.3157408,-0.223991
-0.3155408,-0.25599
-0.3153408,-0.25599
-0.3151408,-0.223991
-0.3149408,-0.223991
-0.3147408,-0.191993
-0.3145408,-0.25599
-0.3143408,-0.25599
-0.3141408,-0.223991
-0.3139408,-0.25599
-0.3137408,-0.223991
-0.3135408,-0.223991
-0.3133408,-0.25599
-0.3131408,-0.25599
-0.3129408,-0.191993
-0.3127408,-0.25599
-0.3125408,-0.191993
-0.3123408,-0.223991
-0.3121408,-0.25599
-0.3119408,-0.25599
-0.3117408,-0.191993
-0.3115408,-0.191993
-0.3113408,-0.159994
-0.3111408,-0.223991
-0.3109408,-0.223991
-0.3107408,-0.223991
-0.3105408,-0.191993
-0.3103408,-0.223991
-0.3101408,-0.223991
-0.3099408,-0.191993
-0.3097408,-0.25599
-0.3095408,-0.223991
-0.3093408,-0.191993
-0.3091408,-0.223991
-0.3089408,-0.223991
-0.3087408,-0.191993
-0.3085408,-0.25599
-0.3083408,-0.191993
-0.3081408,-0.191993
-0.3079408,-0.191993
-0.3077408,-0.223991
-0.3075408,-0.191993
-0.3073408,-0.223991
-0.3071408,-0.223991
-0.3069408,-0.159994
-0.3067408,-0.25599
-0.3065408,-0.223991
-0.3063408,-0.159994
-0.3061408,-0.223991
-0.3059408,-0.223991
-0.3057408,-0.191993
-0.3055408,-0.191993
-0.3053408,-0.223991
-0.3051408,-0.191993
-0.3049408,-0.223991
-0.3047408,-0.223991
-0.3045408,-0.191993
-0.3043408,-0.191993
-0.3041408,-0.191993
-0.3039408,-0.191993
-0.3037408,-0.191993
-0.3035408,-0.223991
-0.3033408,-0.191993
-0.3031408,-0.223991
-0.3029408,-0.191993
-0.3027408,-0.159994
-0.3025408,-0.223991
-0.3023408,-0.223991
-0.3021408,-0.191993
-0.3019408,-0.191993
-0.3017408,-0.191993
-0.3015408,-0.159994
-0.3013408,-0.159994
-0.3011408,-0.159994
-0.3009408,-0.159994
-0.3007408,-0.159994
-0.3005408,-0.223991
-0.3003408,-0.159994
-0.3001408,-0.191993
-0.2999408,-0.223991
-0.2997408,-0.159994
-0.2995408,-0.223991
-0.2993408,-0.127995
-0.2991408,-0.159994
-0.2989408,-0.159994
-0.2987408,-0.159994
-0.2985408,-0.127995
-0.2983408,-0.159994
-0.2981408,-0.159994
-0.2979408,-0.127995
-0.2977408,-0.191993
-0.2975408,-0.127995
-0.2973408,-0.159994
-0.2971408,-0.159994
-0.2969408,-0.159994
-0.2967408,-0.159994
-0.2965408,-0.159994
-0.2963408,-0.127995
-0.2961408,-0.127995
-0.2959408,-0.159994
-0.2957408,-0.159994
-0.2955408,-0.159994
-0.2953408,-0.191993
-0.2951408,-0.159994
-0.2949408,-0.0959963
-0.2947408,-0.159994
-0.2945408,-0.159994
-0.2943408,-0.159994
-0.2941408,-0.159994
-0.2939408,-0.159994
-0.2937408,-0.159994
-0.2935408,-0.159994
-0.2933408,-0.191993
-0.2931408,-0.159994
-0.2929408,-0.159994
-0.2927408,-0.191993
-0.2925408,-0.127995
-0.2923408,-0.159994
-0.2921408,-0.159994
-0.2919408,-0.159994
-0.2917408,-0.159994
-0.2915408,-0.127995
-0.2913408,-0.159994
-0.2911408,-0.159994
-0.2909408,-0.127995
-0.2907408,-0.191993
-0.2905408,-0.159994
-0.2903408,-0.159994
-0.2901408,-0.127995
-0.2899408,-0.159994
-0.2897408,-0.159994
-0.2895408,-0.159994
-0.2893408,-0.159994
-0.2891408,-0.159994
-0.2889408,-0.159994
-0.2887408,-0.0959963
-0.2885408,-0.159994
-0.2883408,-0.159994
-0.2881408,-0.159994
-0.2879408,-0.0959963
-0.2877408,-0.127995
-0.2875408,-0.159994
-0.2873408,-0.127995
-0.2871408,-0.159994
-0.2869408,-0.159994
-0.2867408,-0.127995
-0.2865408,-0.159994
-0.2863408,-0.127995
-0.2861408,-0.127995
-0.2859408,-0.0959963
-0.2857408,-0.127995
-0.2855408,-0.0959963
-0.2853408,-0.0959963
-0.2851408,-0.159994
-0.2849408,-0.127995
-0.2847408,-0.0959963
-0.2845408,-0.159994
-0.2843408,-0.159994
-0.2841408,-0.127995
-0.2839408,-0.127995
-0.2837408,-0.127995
-0.2835408,-0.0959963
-0.2833408,-0.127995
-0.2831408,-0.0959963
-0.2829408,-0.0959963
-0.2827408,-0.0959963
-0.2825408,-0.127995
-0.2823408,-0.0639975
-0.2821408,-0.0639975
-0.2819408,-0.0639975
-0.2817408,-0.0959963
-0.2815408,-0.0959963
-0.2813408,-0.0959963
-0.2811408,-0.127995
-0.2809408,-0.0959963
-0.2807408,-0.0959963
-0.2805408,-0.0639975
-0.2803408,-0.0959963
-0.2801408,-0.0639975
-0.2799408,-0.0959963
-0.2797408,-0.0959963
-0.2795408,-0.0959963
-0.2793408,-0.0639975
-0.2791408,-0.0959963
-0.2789408,-0.0639975
-0.2787408,-0.0639975
-0.2785408,-0.0319988
-0.2783408,-0.0639975
-0.2781408,-0.0319988
-0.2779408,-0.0959963
-0.2777408,-0.0319988
-0.2775408,-0.0319988
-0.2773408,-0.0959963
-0.2771408,-0.0639975
-0.2769408,-0.127995
-0.2767408,-0.0639975
-0.2765408,-0.0319988
-0.2763408,0
-0.2761408,-0.0639975
-0.2759408,-0.0319988
-0.2757408,0
-0.2755408,-0.0639975
-0.2753408,-0.0639975
-0.2751408,-0.0319988
-0.2749408,-0.0639975
-0.2747408,0
-0.2745408,-0.0319988
-0.2743408,-0.0639975
-0.2741408,0
-0.2739408,0
-0.2737408,-0.0319988
-0.2735408,-0.0319988
-0.2733408,0
-0.2731408,-0.0639975
-0.2729408,0.0319988
-0.2727408,0
-0.2725408,0
-0.2723408,0
-0.2721408,0
-0.2719408,0.0319988
-0.2717408,0.0319988
-0.2715408,0
-0.2713408,0
-0.2711408,0
-0.2709408,0
-0.2707408,0
-0.2705408,0
-0.2703408,0.0319988
-0.2701408,0
-0.2699408,-0.0319988
-0.2697408,0.0319988
-0.2695408,0.0639975
-0.2693408,0.0319988
-0.2691408,0.0319988
-0.2689408,0
-0.2687408,0.0319988
-0.2685408,0.0319988
-0.2683408,0
-0.2681408,0
-0.2679408,0.0319988
-0.2677408,-0.0319988
-0.2675408,0
-0.2673408,0
-0.2671408,-0.0319988
-0.2669408,0.0319988
-0.2667408,0.0319988
-0.2665408,0
-0.2663408,0.0319988
-0.2661408,0.0319988
-0.2659408,-0.0319988
-0.2657408,0.0319988
-0.2655408,0.0319988
-0.2653408,0
-0.2651408,0.0319988
-0.2649408,0.0319988
-0.2647408,0.0959963
-0.2645408,0.0319988
-0.2643408,0.0319988
-0.2641408,-0.0319988
-0.2639408,0.0319988
-0.2637408,0.0319988
-0.2635408,0
-0.2633408,0.0319988
-0.2631408,0.0639975
-0.2629408,0
-0.2627408,0.0319988
-0.2625408,0.0639975
-0.2623408,0.0639975
-0.2621408,0.0319988
-0.2619408,0.0639975
-0.2617408,0.0639975
-0.2615408,0.0319988
-0.2613408,0.0639975
-0.2611408,0.0319988
-0.2609408,0.0319988
-0.2607408,0.0639975
-0.2605408,0.0639975
-0.2603408,0.0639975
-0.2601408,0.0639975
-0.2599408,0.0639975
-0.2597408,0.0959963
-0.2595408,0.0639975
-0.2593408,0.0639975
-0.2591408,0.0319988
-0.2589408,0.0319988
-0.2587408,0.0639975
-0.2585408,0.0639975
-0.2583408,0.0959963
-0.2581408,0.0639975
-0.2579408,0.0639975
-0.2577408,0.0959963
-0.2575408,0.0639975
-0.2573408,0.0319988
-0.2571408,0.0639975
-0.2569408,0.0319988
-0.2567408,0.0639975
-0.2565408,0.0959963
-0.2563408,0.0639975
-0.2561408,0.0639975
-0.2559408,0.0959963
-0.2557408,0.0959963
-0.2555408,0.0639975
-0.2553408,0.0639975
-0.2551408,0.0639975
-0.2549408,0.0959963
-0.2547408,0.0959963
-0.2545408,0.0319988
-0.2543408,0.0639975
-0.2541408,0.0319988
-0.2539408,0.0639975
-0.2537408,0.0319988
-0.2535408,0.0639975
-0.2533408,0.0959963
-0.2531408,0.0959963
-0.2529408,0.0639975
-0.2527408,0.0319988
-0.2525408,0.0639975
-0.2523408,0.0959963
-0.2521408,0.0639975
-0.2519408,0.0959963
-0.2517408,0.0959963
-0.2515408,0.0639975
-0.2513408,0.0959963
-0.2511408,0.0959963
-0.2509408,0
-0.2507408,0.0959963
-0.2505408,0.0639975
-0.2503408,0.0639975
-0.2501408,0.0639975
-0.2499408,0.0959963
-0.2497408,0.0639975
-0.2495408,0.0959963
-0.2493408,0.0639975
-0.2491408,0.0639975
-0.2489408,0.0639975
-0.2487408,0.0959963
-0.2485408,0.0639975
-0.2483408,0.0959963
-0.2481408,0.0639975
-0.2479408,0.0319988
-0.2477408,0.0959963
-0.2475408,0.0639975
-0.2473408,0.0639975
-0.2471408,0.0639975
-0.2469408,0.0639975
-0.2467408,0.0639975
-0.2465408,0.0639975
-0.2463408,0.0959963
-0.2461408,0.0959963
-0.2459408,0.0639975
-0.2457408,0.0959963
-0.2455408,0
-0.2453408,0.0959963
-0.2451408,0.0959963
-0.2449408,0.0319988
-0.2447408,0.0639975
-0.2445408,0.0959963
-0.2443408,0.0639975
-0.2441408,0.0959963
-0.2439408,0.0959963
-0.2437408,0
-0.2435408,0.0639975
-0.2433408,0.0639975
-0.2431408,0.0639975
-0.2429408,0.0959963
-0.2427408,0.0959963
-0.2425408,0.0959963
-0.2423408,0.0639975
-0.2421408,0.0959963
-0.2419408,0.0639975
-0.2417408,0.0959963
-0.2415408,0.0639975
-0.2413408,0.0959963
-0.2411408,0.0959963
-0.2409408,0.0639975
-0.2407408,0.0639975
-0.2405408,0.0639975
-0.2403408,0.0959963
-0.2401408,0.0639975
-0.2399408,0.0959963
-0.2397408,0.0639975
-0.2395408,0.0959963
-0.2393408,0.0959963
-0.2391408,0.0639975
-0.2389408,0.0959963
-0.2387408,0.0959963
-0.2385408,0.0959963
-0.2383408,0.127995
-0.2381408,0.127995
-0.2379408,0.0959963
-0.2377408,0.0639975
-0.2375408,0.0959963
-0.2373408,0.0959963
-0.2371408,0.127995
-0.2369408,0.127995
-0.2367408,0.0639975
-0.2365408,0.127995
-0.2363408,0.127995
-0.2361408,0.0959963
-0.2359408,0.0959963
-0.2357408,0.0959963
-0.2355408,0.0959963
-0.2353408,0.0959963
-0.2351408,0.127995
-0.2349408,0.0959963
-0.2347408,0.127995
-0.2345408,0.0959963
-0.2343408,0.0959963
-0.2341408,0.0959963
-0.2339408,0.127995
-0.2337408,0.0959963
-0.2335408,0.0959963
-0.2333408,0.0639975
-0.2331408,0.0959963
-0.2329408,0.0959963
-0.2327408,0.0639975
-0.2325408,0.0639975
-0.2323408,0.0959963
-0.2321408,0.127995
-0.2319408,0.0639975
-0.2317408,0.0959963
-0.2315408,0.0639975
-0.2313408,0.0959963
-0.2311408,0.0959963
-0.2309408,0.0959963
-0.2307408,0.0639975
-0.2305408,0.0639975
-0.2303408,0.0639975
-0.2301408,0.0319988
-0.2299408,0.0959963
-0.2297408,0.0959963
-0.2295408,0.0959963
-0.2293408,0.0639975
-0.2291408,0.0639975
-0.2289408,0.0959963
-0.2287408,0.0639975
-0.2285408,0.0959963
-0.2283408,0.0639975
-0.2281408,0
-0.2279408,0.0959963
-0.2277408,0.0959963
-0.2275408,0.0319988
-0.2273408,0.0959963
-0.2271408,0.0959963
-0.2269408,0.0639975
-0.2267408,0.0959963
-0.2265408,0.0959963
-0.2263408,0.0639975
-0.2261408,0.0639975
-0.2259408,0.0639975
-0.2257408,0
-0.2255408,0.0639975
-0.2253408,0.0319988
-0.2251408,0.0319988
-0.2249408,0.0639975
-0.2247408,0.0639975
-0.2245408,0.0319988
-0.2243408,0.0639975
-0.2241408,0.0319988
-0.2239408,0.0639975
-0.2237408,0.0639975
-0.2235408,0.0639975
-0.2233408,0.0319988
-0.2231408,0.0639975
-0.2229408,0.0639975
-0.2227408,0.0319988
-0.2225408,0.0639975
-0.2223408,0.0639975
-0.2221408,0.0639975
-0.2219408,0.0319988
-0.2217408,0.0639975
-0.2215408,0.0639975
-0.2213408,0.0319988
-0.2211408,0.0639975
-0.2209408,0.0319988
-0.2207408,0.0639975
-0.2205408,0.0639975
-0.2203408,0.0319988
-0.2201408,0.0639975
-0.2199408,0.0639975
-0.2197408,0.0319988
-0.2195408,0.0639975
-0.2193408,0.0639975
-0.2191408,0
-0.2189408,0.0319988
-0.2187408,0.0319988
-0.2185408,0.0319988
-0.2183408,0.0319988
-0.2181408,0.0319988
-0.2179408,0.0639975
-0.2177408,0.0319988
-0.2175408,0.0639975
-0.2173408,0
-0.2171408,0.0319988
-0.2169408,0.0319988
-0.2167408,0.0639975
-0.2165408,0.0639975
-0.2163408,0.0639975
-0.2161408,0.0319988
-0.2159408,0.0639975
-0.2157408,0.0639975
-0.2155408,0.0639975
-0.2153408,0.0639975
-0.2151408,0.0319988
-0.2149408,0.0319988
-0.2147408,0.0319988
-0.2145408,0.0319988
-0.2143408,0
-0.2141408,0.0319988
-0.2139408,0.0639975
-0.2137408,0
-0.2135408,0.0639975
-0.2133408,0.0639975
-0.2131408,0
-0.2129408,0
-0.2127408,0.0319988
-0.2125408,0.0319988
-0.2123408,0
-0.2121408,0
-0.2119408,0
-0.2117408,0.0319988
-0.2115408,0.0639975
-0.2113408,0
-0.2111408,0.0319988
-0.2109408,0.0319988
-0.2107408,0
-0.2105408,0.0319988
-0.2103408,0.0319988
-0.2101408,0
-0.2099408,0.0319988
-0.2097408,0.0319988
-0.2095408,0.0319988
-0.2093408,0.0319988
-0.2091408,0
-0.2089408,-0.0319988
-0.2087408,0
-0.2085408,0.0319988
-0.2083408,0
-0.2081408,0.0319988
-0.2079408,0.0319988
-0.2077408,-0.0319988
-0.2075408,0
-0.2073408,-0.0319988
-0.2071408,-0.0319988
-0.2069408,0
-0.2067408,0
-0.2065408,0
-0.2063408,0.0319988
-0.2061408,0.0319988
-0.2059408,-0.0319988
-0.2057408,-0.0319988
-0.2055408,-0.0319988
-0.2053408,-0.0319988
-0.2051408,0
-0.2049408,0
-0.2047408,-0.0319988
-0.2045408,-0.0319988
-0.2043408,0
-0.2041408,-0.0319988
-0.2039408,-0.0319988
-0.2037408,-0.0319988
-0.2035408,0
-0.2033408,0
-0.2031408,0
-0.2029408,-0.0319988
-0.2027408,0
-0.2025408,0
-0.2023408,-0.0639975
-0.2021408,-0.0319988
-0.2019408,0
-0.2017408,-0.0639975
-0.2015408,-0.0319988
-0.2013408,-0.0639975
-0.2011408,-0.0319988
-0.2009408,-0.0319988
-0.2007408,-0.0639975
-0.2005408,-0.0639975
-0.2003408,-0.0319988
-0.2001408,-0.0319988
-0.1999408,-0.0639975
-0.1997408,-0.0319988
-0.1995408,-0.0319988
-0.1993408,-0.0639975
-0.1991408,-0.0319988
-0.1989408,-0.0319988
-0.1987408,-0.0959963
-0.1985408,-0.0319988
-0.1983408,-0.0319988
-0.1981408,-0.0319988
-0.1979408,-0.0319988
-0.1977408,-0.0639975
-0.1975408,-0.0639975
-0.1973408,-0.0959963
-0.1971408,0
-0.1969408,-0.0639975
-0.1967408,-0.0319988
-0.1965408,-0.0319988
-0.1963408,-0.0959963
-0.1961408,-0.0639975
-0.1959408,-0.0639975
-0.1957408,-0.0959963
-0.1955408,-0.0639975
-0.1953408,-0.0639975
-0.1951408,-0.0959963
-0.1949408,0
-0.1947408,-0.0959963
-0.1945408,-0.0959963
-0.1943408,-0.0639975
-0.1941408,-0.0639975
-0.1939408,-0.0639975
-0.1937408,-0.127995
-0.1935408,-0.0959963
-0.1933408,-0.0639975
-0.1931408,-0.0319988
-0.1929408,-0.0639975
-0.1927408,-0.0639975
-0.1925408,-0.0959963
-0.1923408,-0.0959963
-0.1921408,-0.0639975
-0.1919408,-0.0959963
-0.1917408,-0.0639975
-0.1915408,-0.0959963
-0.1913408,-0.0959963
-0.1911408,-0.0639975
-0.1909408,-0.127995
-0.1907408,-0.0639975
-0.1905408,-0.0959963
-0.1903408,-0.0959963
-0.1901408,-0.0959963
-0.1899408,-0.0639975
-0.1897408,-0.127995
-0.1895408,-0.0639975
-0.1893408,-0.127995
-0.1891408,-0.127995
-0.1889408,-0.0959963
-0.1887408,-0.0959963
-0.1885408,-0.127995
-0.1883408,-0.127995
-0.1881408,-0.127995
-0.1879408,-0.127995
-0.1877408,-0.0959963
-0.1875408,-0.127995
-0.1873408,-0.159994
-0.1871408,-0.127995
-0.1869408,-0.0639975
-0.1867408,-0.127995
-0.1865408,-0.127995
-0.1863408,-0.127995
-0.1861408,-0.159994
-0.1859408,-0.0959963
-0.1857408,-0.0959963
-0.1855408,-0.127995
-0.1853408,-0.127995
-0.1851408,-0.0959963
-0.1849408,-0.159994
-0.1847408,-0.159994
-0.1845408,-0.127995
-0.1843408,-0.159994
-0.1841408,-0.159994
-0.1839408,-0.0959963
-0.1837408,-0.127995
-0.1835408,-0.127995
-0.1833408,-0.127995
-0.1831408,-0.127995
-0.1829408,-0.159994
-0.1827408,-0.0959963
-0.1825408,-0.159994
-0.1823408,-0.127995
-0.1821408,-0.0959963
-0.1819408,-0.159994
-0.1817408,-0.191993
-0.1815408,-0.127995
-0.1813408,-0.159994
-0.1811408,-0.127995
-0.1809408,-0.0959963
-0.1807408,-0.191993
-0.1805408,-0.127995
-0.1803408,-0.127995
-0.1801408,-0.0959963
-0.1799408,-0.159994
-0.1797408,-0.127995
-0.1795408,-0.127995
-0.1793408,-0.191993
-0.1791408,-0.127995
-0.1789408,-0.191993
-0.1787408,-0.191993
-0.1785408,-0.159994
-0.1783408,-0.223991
-0.1781408,-0.159994
-0.1779408,-0.0959963
-0.1777408,-0.191993
-0.1775408,-0.159994
-0.1773408,-0.159994
-0.1771408,-0.191993
-0.1769408,-0.191993
-0.1767408,-0.159994
-0.1765408,-0.159994
-0.1763408,-0.159994
-0.1761408,-0.159994
-0.1759408,-0.127995
-0.1757408,-0.191993
-0.1755408,-0.159994
-0.1753408,-0.191993
-0.1751408,-0.127995
-0.1749408,-0.159994
-0.1747408,-0.159994
-0.1745408,-0.159994
-0.1743408,-0.159994
-0.1741408,-0.159994
-0.1739408,-0.159994
-0.1737408,-0.159994
-0.1735408,-0.159994
-0.1733408,-0.191993
-0.1731408,-0.191993
-0.1729408,-0.191993
-0.1727408,-0.159994
-0.1725408,-0.159994
-0.1723408,-0.191993
-0.1721408,-0.191993
-0.1719408,-0.159994
-0.1717408,-0.159994
-0.1715408,-0.159994
-0.1713408,-0.127995
-0.1711408,-0.127995
-0.1709408,-0.191993
-0.1707408,-0.159994
-0.1705408,-0.191993
-0.1703408,-0.191993
-0.1701408,-0.159994
-0.1699408,-0.223991
-0.1697408,-0.223991
-0.1695408,-0.191993
-0.1693408,-0.223991
-0.1691408,-0.159994
-0.1689408,-0.223991
-0.1687408,-0.223991
-0.1685408,-0.191993
-0.1683408,-0.159994
-0.1681408,-0.223991
-0.1679408,-0.191993
-0.1677408,-0.159994
-0.1675408,-0.223991
-0.1673408,-0.159994
-0.1671408,-0.191993
-0.1669408,-0.223991
-0.1667408,-0.223991
-0.1665408,-0.25599
-0.1663408,-0.25599
-0.1661408,-0.287989
-0.1659408,-0.159994
-0.1657408,-0.25599
-0.1655408,-0.25599
-0.1653408,-0.223991
-0.1651408,-0.223991
-0.1649408,-0.223991
-0.1647408,-0.191993
-0.1645408,-0.25599
-0.1643408,-0.223991
-0.1641408,-0.191993
-0.1639408,-0.223991
-0.1637408,-0.223991
-0.1635408,-0.223991
-0.1633408,-0.223991
-0.1631408,-0.25599
-0.1629408,-0.191993
-0.1627408,-0.25599
-0.1625408,-0.25599
-0.1623408,-0.223991
-0.1621408,-0.25599
-0.1619408,-0.25599
-0.1617408,-0.191993
-0.1615408,-0.287989
-0.1613408,-0.287989
-0.1611408,-0.191993
-0.1609408,-0.25599
-0.1607408,-0.287989
-0.1605408,-0.223991
-0.1603408,-0.25599
-0.1601408,-0.25599
-0.1599408,-0.25599
-0.1597408,-0.25599
-0.1595408,-0.25599
-0.1593408,-0.287989
-0.1591408,-0.25599
-0.1589408,-0.287989
-0.1587408,-0.223991
-0.1585408,-0.25599
-0.1583408,-0.25599
-0.1581408,-0.223991
-0.1579408,-0.287989
-0.1577408,-0.287989
-0.1575408,-0.25599
-0.1573408,-0.25599
-0.1571408,-0.287989
-0.1569408,-0.287989
-0.1567408,-0.287989
-0.1565408,-0.287989
-0.1563408,-0.223991
-0.1561408,-0.25599
-0.1559408,-0.319988
-0.1557408,-0.287989
-0.1555408,-0.25599
-0.1553408,-0.287989
-0.1551408,-0.223991
-0.1549408,-0.25599
-0.1547408,-0.25599
-0.1545408,-0.25599
-0.1543408,-0.287989
-0.1541408,-0.25599
-0.1539408,-0.223991
-0.1537408,-0.287989
-0.1535408,-0.287989
-0.1533408,-0.25599
-0.1531408,-0.25599
-0.1529408,-0.287989
-0.1527408,-0.25599
-0.1525408,-0.287989
-0.1523408,-0.287989
-0.1521408,-0.319988
-0.1519408,-0.25599
-0.1517408,-0.287989
-0.1515408,-0.319988
-0.1513408,-0.319988
-0.1511408,-0.25599
-0.1509408,-0.25599
-0.1507408,-0.319988
-0.1505408,-0.287989
-0.1503408,-0.287989
-0.1501408,-0.319988
-0.1499408,-0.287989
-0.1497408,-0.287989
-0.1495408,-0.287989
-0.1493408,-0.287989
-0.1491408,-0.287989
-0.1489408,-0.319988
-0.1487408,-0.319988
-0.1485408,-0.287989
-0.1483408,-0.287989
-0.1481408,-0.287989
-0.1479408,-0.287989
-0.1477408,-0.319988
-0.1475408,-0.319988
-0.1473408,-0.287989
-0.1471408,-0.287989
-0.1469408,-0.319988
-0.1467408,-0.319988
-0.1465408,-0.287989
-0.1463408,-0.319988
-0.1461408,-0.319988
-0.1459408,-0.319988
-0.1457408,-0.287989
-0.1455408,-0.287989
-0.1453408,-0.319988
-0.1451408,-0.351986
-0.1449408,-0.287989
-0.1447408,-0.287989
-0.1445408,-0.351986
-0.1443408,-0.319988
-0.1441408,-0.319988
-0.1439408,-0.319988
-0.1437408,-0.319988
-0.1435408,-0.319988
-0.1433408,-0.319988
-0.1431408,-0.319988
-0.1429408,-0.319988
-0.1427408,-0.383985
-0.1425408,-0.319988
-0.1423408,-0.319988
-0.1421408,-0.319988
-0.1419408,-0.287989
-0.1417408,-0.319988
-0.1415408,-0.351986
-0.1413408,-0.319988
-0.1411408,-0.319988
-0.1409408,-0.383985
-0.1407408,-0.319988
-0.1405408,-0.319988
-0.1403408,-0.351986
-0.1401408,-0.319988
-0.1399408,-0.319988
-0.1397408,-0.415984
-0.1395408,-0.351986
-0.1393408,-0.319988
-0.1391408,-0.383985
-0.1389408,-0.351986
-0.1387408,-0.319988
-0.1385408,-0.383985
-0.1383408,-0.351986
-0.1381408,-0.351986
-0.1379408,-0.319988
-0.1377408,-0.351986
-0.1375408,-0.319988
-0.1373408,-0.383985
-0.1371408,-0.319988
-0.1369408,-0.351986
-0.1367408,-0.383985
-0.1365408,-0.319988
-0.1363408,-0.351986
-0.1361408,-0.351986
-0.1359408,-0.351986
-0.1357408,-0.319988
-0.1355408,-0.383985
-0.1353408,-0.351986
-0.1351408,-0.319988
-0.1349408,-0.383985
-0.1347408,-0.415984
-0.1345408,-0.383985
-0.1343408,-0.383985
-0.1341408,-0.383985
-0.1339408,-0.319988
-0.1337408,-0.415984
-0.1335408,-0.415984
-0.1333408,-0.351986
-0.1331408,-0.383985
-0.1329408,-0.383985
-0.1327408,-0.351986
-0.1325408,-0.383985
-0.1323408,-0.383985
-0.1321408,-0.415984
-0.1319408,-0.415984
-0.1317408,-0.383985
-0.1315408,-0.383985
-0.1313408,-0.415984
-0.1311408,-0.415984
-0.1309408,-0.351986
-0.1307408,-0.351986
-0.1305408,-0.351986
-0.1303408,-0.415984
-0.1301408,-0.415984
-0.1299408,-0.383985
-0.1297408,-0.351986
-0.1295408,-0.447983
-0.1293408,-0.383985
-0.1291408,-0.415984
-0.1289408,-0.479982
-0.1287408,-0.415984
-0.1285408,-0.383985
-0.1283408,-0.415984
-0.1281408,-0.383985
-0.1279408,-0.383985
-0.1277408,-0.415984
-0.1275408,-0.447983
-0.1273408,-0.383985
-0.1271408,-0.383985
-0.1269408,-0.383985
-0.1267408,-0.383985
-0.1265408,-0.383985
-0.1263408,-0.447983
-0.1261408,-0.415984
-0.1259408,-0.383985
-0.1257408,-0.415984
-0.1255408,-0.383985
-0.1253408,-0.447983
-0.1251408,-0.383985
-0.1249408,-0.383985
-0.1247408,-0.415984
-0.1245408,-0.383985
-0.1243408,-0.415984
-0.1241408,-0.415984
-0.1239408,-0.415984
-0.1237408,-0.415984
-0.1235408,-0.383985
-0.1233408,-0.415984
-0.1231408,-0.383985
-0.1229408,-0.415984
-0.1227408,-0.447983
-0.1225408,-0.415984
-0.1223408,-0.447983
-0.1221408,-0.447983
-0.1219408,-0.415984
-0.1217408,-0.415984
-0.1215408,-0.415984
-0.1213408,-0.383985
-0.1211408,-0.447983
-0.1209408,-0.415984
-0.1207408,-0.383985
-0.1205408,-0.415984
-0.1203408,-0.447983
-0.1201408,-0.447983
-0.1199408,-0.447983
-0.1197408,-0.415984
-0.1195408,-0.415984
-0.1193408,-0.415984
-0.1191408,-0.415984
-0.1189408,-0.415984
-0.1187408,-0.447983
-0.1185408,-0.415984
-0.1183408,-0.415984
-0.1181408,-0.447983
-0.1179408,-0.447983
-0.1177408,-0.447983
-0.1175408,-0.479982
-0.1173408,-0.479982
-0.1171408,-0.447983
-0.1169408,-0.447983
-0.1167408,-0.383985
-0.1165408,-0.415984
-0.1163408,-0.479982
-0.1161408,-0.447983
-0.1159408,-0.447983
-0.1157408,-0.479982
-0.1155408,-0.479982
-0.1153408,-0.415984
-0.1151408,-0.479982
-0.1149408,-0.447983
-0.1147408,-0.479982
-0.1145408,-0.479982
-0.1143408,-0.447983
-0.1141408,-0.415984
-0.1139408,-0.479982
-0.1137408,-0.447983
-0.1135408,-0.447983
-0.1133408,-0.479982
-0.1131408,-0.479982
-0.1129408,-0.447983
-0.1127408,-0.479982
-0.1125408,-0.479982
-0.1123408,-0.479982
-0.1121408,-0.479982
-0.1119408,-0.51198
-0.1117408,-0.447983
-0.1115408,-0.479982
-0.1113408,-0.479982
-0.1111408,-0.447983
-0.1109408,-0.447983
-0.1107408,-0.479982
-0.1105408,-0.447983
-0.1103408,-0.479982
-0.1101408,-0.447983
-0.1099408,-0.447983
-0.1097408,-0.51198
-0.1095408,-0.51198
-0.1093408,-0.479982
-0.1091408,-0.51198
-0.1089408,-0.447983
-0.1087408,-0.479982
-0.1085408,-0.479982
-0.1083408,-0.447983
-0.1081408,-0.447983
-0.1079408,-0.479982
-0.1077408,-0.479982
-0.1075408,-0.479982
-0.1073408,-0.479982
-0.1071408,-0.479982
-0.1069408,-0.447983
-0.1067408,-0.479982
-0.1065408,-0.447983
-0.1063408,-0.479982
-0.1061408,-0.543979
-0.1059408,-0.51198
-0.1057408,-0.479982
-0.1055408,-0.543979
-0.1053408,-0.447983
-0.1051408,-0.479982
-0.1049408,-0.479982
-0.1047408,-0.479982
-0.1045408,-0.479982
-0.1043408,-0.51198
-0.1041408,-0.447983
-0.1039408,-0.543979
-0.1037408,-0.51198
-0.1035408,-0.479982
-0.1033408,-0.479982
-0.1031408,-0.479982
-0.1029408,-0.479982
-0.1027408,-0.479982
-0.1025408,-0.479982
-0.1023408,-0.447983
-0.1021408,-0.479982
-0.1019408,-0.479982
-0.1017408,-0.447983
-0.1015408,-0.447983
-0.1013408,-0.479982
-0.1011408,-0.415984
-0.1009408,-0.447983
-0.1007408,-0.447983
-0.1005408,-0.447983
-0.1003408,-0.447983
-0.1001408,-0.447983
-0.0999408,-0.447983
-0.0997408,-0.447983
-0.0995408,-0.447983
-0.0993408,-0.447983
-0.0991408,-0.447983
-0.0989408,-0.447983
-0.0987408,-0.415984
-0.0985408,-0.447983
-0.0983408,-0.447983
-0.0981408,-0.479982
-0.0979408,-0.415984
-0.0977408,-0.415984
-0.0975408,-0.447983
-0.0973408,-0.415984
-0.0971408,-0.447983
-0.0969408,-0.415984
-0.0967408,-0.383985
-0.0965408,-0.479982
-0.0963408,-0.447983
-0.0961408,-0.415984
-0.0959408,-0.415984
-0.0957408,-0.447983
-0.0955408,-0.415984
-0.0953408,-0.447983
-0.0951408,-0.447983
-0.0949408,-0.447983
-0.0947408,-0.447983
-0.0945408,-0.447983
-0.0943408,-0.415984
-0.0941408,-0.415984
-0.0939408,-0.415984
-0.0937408,-0.383985
-0.0935408,-0.447983
-0.0933408,-0.415984
-0.0931408,-0.383985
-0.0929408,-0.479982
-0.0927408,-0.447983
-0.0925408,-0.415984
-0.0923408,-0.415984
-0.0921408,-0.415984
-0.0919408,-0.383985
-0.0917408,-0.447983
-0.0915408,-0.447983
-0.0913408,-0.383985
-0.0911408,-0.415984
-0.0909408,-0.415984
-0.0907408,-0.383985
-0.0905408,-0.383985
-0.0903408,-0.383985
-0.0901408,-0.351986
-0.0899408,-0.415984
-0.0897408,-0.383985
-0.0895408,-0.415984
-0.0893408,-0.415984
-0.0891408,-0.383985
-0.0889408,-0.383985
-0.0887408,-0.415984
-0.0885408,-0.415984
-0.0883408,-0.383985
-0.0881408,-0.383985
-0.0879408,-0.415984
-0.0877408,-0.383985
-0.0875408,-0.351986
-0.0873408,-0.415984
-0.0871408,-0.351986
-0.0869408,-0.383985
-0.0867408,-0.383985
-0.0865408,-0.383985
-0.0863408,-0.415984
-0.0861408,-0.383985
-0.0859408,-0.383985
-0.0857408,-0.415984
-0.0855408,-0.383985
-0.0853408,-0.351986
-0.0851408,-0.383985
-0.0849408,-0.383985
-0.0847408,-0.383985
-0.0845408,-0.351986
-0.0843408,-0.351986
-0.0841408,-0.383985
-0.0839408,-0.351986
-0.0837408,-0.351986
-0.0835408,-0.383985
-0.0833408,-0.383985
-0.0831408,-0.415984
-0.0829408,-0.351986
-0.0827408,-0.383985
-0.0825408,-0.415984
-0.0823408,-0.351986
-0.0821408,-0.383985
-0.0819408,-0.383985
-0.0817408,-0.383985
-0.0815408,-0.383985
-0.0813408,-0.447983
-0.0811408,-0.351986
-0.0809408,-0.415984
-0.0807408,-0.415984
-0.0805408,-0.415984
-0.0803408,-0.351986
-0.0801408,-0.415984
-0.0799408,-0.415984
-0.0797408,-0.415984
-0.0795408,-0.415984
-0.0793408,-0.383985
-0.0791408,-0.383985
-0.0789408,-0.383985
-0.0787408,-0.383985
-0.0785408,-0.383985
-0.0783408,-0.319988
-0.0781408,-0.319988
-0.0779408,-0.415984
-0.0777408,-0.383985
-0.0775408,-0.351986
-0.0773408,-0.415984
-0.0771408,-0.415984
-0.0769408,-0.383985
-0.0767408,-0.383985
-0.0765408,-0.383985
-0.0763408,-0.415984
-0.0761408,-0.351986
-0.0759408,-0.415984
-0.0757408,-0.351986
-0.0755408,-0.383985
-0.0753408,-0.319988
-0.0751408,-0.351986
-0.0749408,-0.383985
-0.0747408,-0.415984
-0.0745408,-0.351986
-0.0743408,-0.383985
-0.0741408,-0.319988
-0.0739408,-0.351986
-0.0737408,-0.351986
-0.0735408,-0.351986
-0.0733408,-0.351986
-0.0731408,-0.351986
-0.0729408,-0.351986
-0.0727408,-0.319988
-0.0725408,-0.351986
-0.0723408,-0.383985
-0.0721408,-0.351986
-0.0719408,-0.351986
-0.0717408,-0.319988
-0.0715408,-0.319988
-0.0713408,-0.287989
-0.0711408,-0.287989
-0.0709408,-0.319988
-0.0707408,-0.319988
-0.0705408,-0.319988
-0.0703408,-0.319988
-0.0701408,-0.319988
-0.0699408,-0.319988
-0.0697408,-0.287989
-0.0695408,-0.319988
-0.0693408,-0.319988
-0.0691408,-0.287989
-0.0689408,-0.319988
-0.0687408,-0.287989
-0.0685408,-0.287989
-0.0683408,-0.319988
-0.0681408,-0.287989
-0.0679408,-0.319988
-0.0677408,-0.287989
-0.0675408,-0.25599
-0.0673408,-0.287989
-0.0671408,-0.25599
-0.0669408,-0.319988
-0.0667408,-0.319988
-0.0665408,-0.287989
-0.0663408,-0.287989
-0.0661408,-0.287989
-0.0659408,-0.319988
-0.0657408,-0.25599
-0.0655408,-0.319988
-0.0653408,-0.287989
-0.0651408,-0.25599
-0.0649408,-0.319988
-0.0647408,-0.287989
-0.0645408,-0.25599
-0.0643408,-0.287989
-0.0641408,-0.287989
-0.0639408,-0.287989
-0.0637408,-0.287989
-0.0635408,-0.287989
-0.0633408,-0.25599
-0.0631408,-0.25599
-0.0629408,-0.287989
-0.0627408,-0.319988
-0.0625408,-0.25599
-0.0623408,-0.25599
-0.0621408,-0.287989
-0.0619408,-0.25599
-0.0617408,-0.319988
-0.0615408,-0.25599
-0.0613408,-0.25599
-0.0611408,-0.25599
-0.0609408,-0.287989
-0.0607408,-0.25599
-0.0605408,-0.25599
-0.0603408,-0.25599
-0.0601408,-0.25599
-0.0599408,-0.25599
-0.0597408,-0.223991
-0.0595408,-0.25599
-0.0593408,-0.25599
-0.0591408,-0.191993
-0.0589408,-0.25599
-0.0587408,-0.25599
-0.0585408,-0.287989
-0.0583408,-0.25599
-0.0581408,-0.287989
-0.0579408,-0.223991
-0.0577408,-0.25599
-0.0575408,-0.223991
-0.0573408,-0.191993
-0.0571408,-0.25599
-0.0569408,-0.223991
-0.0567408,-0.223991
-0.0565408,-0.25599
-0.0563408,-0.25599
-0.0561408,-0.191993
-0.0559408,-0.25599
-0.0557408,-0.223991
-0.0555408,-0.191993
-0.0553408,-0.159994
-0.0551408,-0.25599
-0.0549408,-0.191993
-0.0547408,-0.191993
-0.0545408,-0.25599
-0.0543408,-0.223991
-0.0541408,-0.223991
-0.0539408,-0.25599
-0.0537408,-0.159994
-0.0535408,-0.223991
-0.0533408,-0.223991
-0.0531408,-0.223991
-0.0529408,-0.191993
-0.0527408,-0.223991
-0.0525408,-0.191993
-0.0523408,-0.223991
-0.0521408,-0.223991
-0.0519408,-0.159994
-0.0517408,-0.223991
-0.0515408,-0.191993
-0.0513408,-0.159994
-0.0511408,-0.191993
-0.0509408,-0.223991
-0.0507408,-0.191993
-0.0505408,-0.191993
-0.0503408,-0.223991
-0.0501408,-0.159994
-0.0499408,-0.25599
-0.0497408,-0.159994
-0.0495408,-0.159994
-0.0493408,-0.191993
-0.0491408,-0.191993
-0.0489408,-0.191993
-0.0487408,-0.25599
-0.0485408,-0.159994
-0.0483408,-0.223991
-0.0481408,-0.223991
-0.0479408,-0.159994
-0.0477408,-0.159994
-0.0475408,-0.191993
-0.0473408,-0.191993
-0.0471408,-0.159994
-0.0469408,-0.223991
-0.0467408,-0.223991
-0.0465408,-0.191993
-0.0463408,-0.223991
-0.0461408,-0.191993
-0.0459408,-0.223991
-0.0457408,-0.159994
-0.0455408,-0.191993
-0.0453408,-0.191993
-0.0451408,-0.25599
-0.0449408,-0.25599
-0.0447408,-0.191993
-0.0445408,-0.223991
-0.0443408,-0.191993
-0.0441408,-0.191993
-0.0439408,-0.223991
-0.0437408,-0.191993
-0.0435408,-0.25599
-0.0433408,-0.25599
-0.0431408,-0.25599
-0.0429408,-0.191993
-0.0427408,-0.223991
-0.0425408,-0.223991
-0.0423408,-0.191993
-0.0421408,-0.223991
-0.0419408,-0.223991
-0.0417408,-0.319988
-0.0415408,-0.25599
-0.0413408,-0.191993
-0.0411408,-0.223991
-0.0409408,-0.223991
-0.0407408,-0.223991
-0.0405408,-0.25599
-0.0403408,-0.223991
-0.0401408,-0.191993
-0.0399408,-0.223991
-0.0397408,-0.25599
-0.0395408,-0.25599
-0.0393408,-0.191993
-0.0391408,-0.223991
-0.0389408,-0.25599
-0.0387408,-0.25599
-0.0385408,-0.25599
-0.0383408,-0.223991
-0.0381408,-0.191993
-0.0379408,-0.25599
-0.0377408,-0.25599
-0.0375408,-0.191993
-0.0373408,-0.287989
-0.0371408,-0.25599
-0.0369408,-0.191993
-0.0367408,-0.25599
-0.0365408,-0.25599
-0.0363408,-0.191993
-0.0361408,-0.25599
-0.0359408,-0.25599
-0.0357408,-0.25599
-0.0355408,-0.25599
-0.0353408,-0.287989
-0.0351408,-0.223991
-0.0349408,-0.25599
-0.0347408,-0.25599
-0.0345408,-0.223991
-0.0343408,-0.25599
-0.0341408,-0.287989
-0.0339408,-0.25599
-0.0337408,-0.25599
-0.0335408,-0.25599
-0.0333408,-0.287989
-0.0331408,-0.287989
-0.0329408,-0.25599
-0.0327408,-0.25599
-0.0325408,-0.287989
-0.0323408,-0.223991
-0.0321408,-0.223991
-0.0319408,-0.25599
-0.0317408,-0.25599
-0.0315408,-0.223991
-0.0313408,-0.25599
-0.0311408,-0.223991
-0.0309408,-0.223991
-0.0307408,-0.223991
-0.0305408,-0.287989
-0.0303408,-0.25599
-0.0301408,-0.25599
-0.0299408,-0.287989
-0.0297408,-0.191993
-0.0295408,-0.25599
-0.0293408,-0.223991
-0.0291408,-0.25599
-0.0289408,-0.25599
-0.0287408,-0.223991
-0.0285408,-0.191993
-0.0283408,-0.25599
-0.0281408,-0.25599
-0.0279408,-0.287989
-0.0277408,-0.25599
-0.0275408,-0.287989
-0.0273408,-0.191993
-0.0271408,-0.287989
-0.0269408,-0.287989
-0.0267408,-0.223991
-0.0265408,-0.25599
-0.0263408,-0.287989
-0.0261408,-0.25599
-0.0259408,-0.25599
-0.0257408,-0.25599
-0.0255408,-0.287989
-0.0253408,-0.25599
-0.0251408,-0.25599
-0.0249408,-0.25599
-0.0247408,-0.25599
-0.0245408,-0.287989
-0.0243408,-0.25599
-0.0241408,-0.25599
-0.0239408,-0.287989
-0.0237408,-0.287989
-0.0235408,-0.287989
-0.0233408,-0.25599
-0.0231408,-0.287989
-0.0229408,-0.223991
-0.0227408,-0.287989
-0.0225408,-0.25599
-0.0223408,-0.287989
-0.0221408,-0.319988
-0.0219408,-0.287989
-0.0217408,-0.25599
-0.0215408,-0.287989
-0.0213408,-0.223991
-0.0211408,-0.25599
-0.0209408,-0.287989
-0.0207408,-0.25599
-0.0205408,-0.25599
-0.0203408,-0.319988
-0.0201408,-0.287989
-0.0199408,-0.287989
-0.0197408,-0.319988
-0.0195408,-0.223991
-0.0193408,-0.287989
-0.0191408,-0.287989
-0.0189408,-0.319988
-0.0187408,-0.287989
-0.0185408,-0.287989
-0.0183408,-0.287989
-0.0181408,-0.287989
-0.0179408,-0.319988
-0.0177408,-0.287989
-0.0175408,-0.319988
-0.0173408,-0.319988
-0.0171408,-0.319988
-0.0169408,-0.287989
-0.0167408,-0.287989
-0.0165408,-0.319988
-0.0163408,-0.287989
-0.0161408,-0.287989
-0.0159408,-0.319988
-0.0157408,-0.319988
-0.0155408,-0.319988
-0.0153408,-0.287989
-0.0151408,-0.287989
-0.0149408,-0.319988
-0.0147408,-0.319988
-0.0145408,-0.287989
-0.0143408,-0.287989
-0.0141408,-0.223991
-0.0139408,-0.319988
-0.0137408,-0.287989
-0.0135408,-0.287989
-0.0133408,-0.287989
-0.0131408,-0.287989
-0.0129408,-0.319988
-0.0127408,-0.287989
-0.0125408,-0.287989
-0.0123408,-0.319988
-0.0121408,-0.287989
-0.0119408,-0.319988
-0.0117408,-0.25599
-0.0115408,-0.287989
-0.0113408,-0.287989
-0.0111408,-0.319988
-0.0109408,-0.319988
-0.0107408,-0.287989
-0.0105408,-0.25599
-0.0103408,-0.25599
-0.0101408,-0.319988
-0.0099408003,-0.25599
-0.0097408003,-0.287989
-0.0095408003,-0.287989
-0.0093408003,-0.25599
-0.0091408003,-0.287989
-0.0089408003,-0.287989
-0.0087408003,-0.223991
-0.0085408003,-0.287989
-0.0083408003,-0.319988
-0.0081408003,-0.223991
-0.0079408003,-0.25599
-0.0077408003,-0.287989
-0.0075408003,-0.223991
-0.0073408003,-0.25599
-0.0071408003,-0.319988
-0.0069408003,-0.25599
-0.0067408003,-0.287989
-0.0065408003,-0.287989
-0.0063408003,-0.25599
-0.0061408003,-0.25599
-0.0059408003,-0.287989
-0.0057408003,-0.287989
-0.0055408003,-0.25599
-0.0053408003,-0.287989
-0.0051408003,-0.223991
-0.0049408003,-0.25599
-0.0047408003,-0.287989
-0.0045408003,-0.25599
-0.0043408003,-0.25599
-0.0041408003,-0.25599
-0.0039408003,-0.319988
-0.0037408003,-0.25599
-0.0035408003,-0.25599
-0.0033408003,-0.223991
-0.0031408003,-0.287989
-0.0029408003,-0.25599
-0.0027408003,-0.223991
-0.0025408003,-0.25599
-0.0023408003,-0.25599
-0.0021408003,-0.25599
-0.0019408003,-0.287989
-0.0017408003,-0.25599
-0.0015408003,-0.191993
-0.0013408003,-0.25599
-0.0011408003,-0.25599
-0.00094080029,-0.223991
-0.00074080029,-0.25599
-0.00054080029,-0.25599
-0.00034080029,-0.223991
-0.00014080029,-0.25599
5.9199706e-005,-0.287989
