LECROYWS42Xs,24809,Waveform
Segments,1,SegmentSize,10002
Segment,TrigTime,TimeSinceSegment1
#1,19-Feb-2003 01:25:56,0                 
Time,Ampl
-2.0001288,-0.0319988
-1.9999288,-0.0639975
-1.9997288,-0.0319988
-1.9995288,-0.0639975
-1.9993288,-0.0959963
-1.9991288,-0.0319988
-1.9989288,-0.0639975
-1.9987288,-0.0639975
-1.9985288,-0.0639975
-1.9983288,-0.0959963
-1.9981288,-0.0319988
-1.9979288,-0.0959963
-1.9977288,-0.127995
-1.9975288,-0.0319988
-1.9973288,-0.0639975
-1.9971288,-0.0639975
-1.9969288,-0.0639975
-1.9967288,-0.0319988
-1.9965288,-0.0959963
-1.9963288,-0.0319988
-1.9961288,-0.0319988
-1.9959288,-0.0639975
-1.9957288,-0.0959963
-1.9955288,-0.0639975
-1.9953288,-0.0639975
-1.9951288,-0.0319988
-1.9949288,-0.0319988
-1.9947288,-0.0959963
-1.9945288,-0.0639975
-1.9943288,-0.0639975
-1.9941288,-0.0959963
-1.9939288,-0.127995
-1.9937288,-0.0639975
-1.9935288,-0.127995
-1.9933288,-0.0639975
-1.9931288,-0.0319988
-1.9929288,-0.0959963
-1.9927288,-0.0639975
-1.9925288,-0.0639975
-1.9923288,-0.0959963
-1.9921288,-0.0639975
-1.9919288,-0.0959963
-1.9917288,-0.127995
-1.9915288,-0.0959963
-1.9913288,-0.0639975
-1.9911288,-0.0959963
-1.9909288,-0.0959963
-1.9907288,-0.0959963
-1.9905288,-0.127995
-1.9903288,-0.0959963
-1.9901288,-0.0639975
-1.9899288,-0.127995
-1.9897288,-0.127995
-1.9895288,-0.127995
-1.9893288,-0.127995
-1.9891288,-0.0959963
-1.9889288,-0.0639975
-1.9887288,-0.127995
-1.9885288,-0.0959963
-1.9883288,-0.0959963
-1.9881288,-0.0959963
-1.9879288,-0.0959963
-1.9877288,-0.0639975
-1.9875288,-0.0959963
-1.9873288,-0.0959963
-1.9871288,-0.0959963
-1.9869288,-0.0959963
-1.9867288,-0.0959963
-1.9865288,-0.0639975
-1.9863288,-0.127995
-1.9861288,-0.0959963
-1.9859288,-0.0959963
-1.9857288,-0.159994
-1.9855288,-0.0959963
-1.9853288,-0.0959963
-1.9851288,-0.0959963
-1.9849288,-0.0959963
-1.9847288,-0.0639975
-1.9845288,-0.127995
-1.9843288,-0.127995
-1.9841288,-0.0959963
-1.9839288,-0.127995
-1.9837288,-0.127995
-1.9835288,-0.0959963
-1.9833288,-0.127995
-1.9831288,-0.127995
-1.9829288,-0.0959963
-1.9827288,-0.159994
-1.9825288,-0.0959963
-1.9823288,-0.127995
-1.9821288,-0.0959963
-1.9819288,-0.127995
-1.9817288,-0.127995
-1.9815288,-0.127995
-1.9813288,-0.159994
-1.9811288,-0.159994
-1.9809288,-0.127995
-1.9807288,-0.159994
-1.9805288,-0.127995
-1.9803288,-0.159994
-1.9801288,-0.127995
-1.9799288,-0.127995
-1.9797288,-0.191993
-1.9795288,-0.159994
-1.9793288,-0.127995
-1.9791288,-0.159994
-1.9789288,-0.127995
-1.9787288,-0.0959963
-1.9785288,-0.159994
-1.9783288,-0.159994
-1.9781288,-0.191993
-1.9779288,-0.159994
-1.9777288,-0.159994
-1.9775288,-0.127995
-1.9773288,-0.159994
-1.9771288,-0.127995
-1.9769288,-0.159994
-1.9767288,-0.159994
-1.9765288,-0.127995
-1.9763288,-0.159994
-1.9761288,-0.127995
-1.9759288,-0.127995
-1.9757288,-0.127995
-1.9755288,-0.159994
-1.9753288,-0.159994
-1.9751288,-0.191993
-1.9749288,-0.127995
-1.9747288,-0.159994
-1.9745288,-0.127995
-1.9743288,-0.159994
-1.9741288,-0.159994
-1.9739288,-0.127995
-1.9737288,-0.159994
-1.9735288,-0.159994
-1.9733288,-0.191993
-1.9731288,-0.159994
-1.9729288,-0.159994
-1.9727288,-0.127995
-1.9725288,-0.159994
-1.9723288,-0.159994
-1.9721288,-0.191993
-1.9719288,-0.223991
-1.9717288,-0.127995
-1.9715288,-0.159994
-1.9713288,-0.191993
-1.9711288,-0.159994
-1.9709288,-0.159994
-1.9707288,-0.159994
-1.9705288,-0.191993
-1.9703288,-0.159994
-1.9701288,-0.159994
-1.9699288,-0.127995
-1.9697288,-0.159994
-1.9695288,-0.191993
-1.9693288,-0.191993
-1.9691288,-0.127995
-1.9689288,-0.191993
-1.9687288,-0.191993
-1.9685288,-0.191993
-1.9683288,-0.191993
-1.9681288,-0.159994
-1.9679288,-0.191993
-1.9677288,-0.191993
-1.9675288,-0.191993
-1.9673288,-0.159994
-1.9671288,-0.159994
-1.9669288,-0.127995
-1.9667288,-0.159994
-1.9665288,-0.159994
-1.9663288,-0.0959963
-1.9661288,-0.159994
-1.9659288,-0.159994
-1.9657288,-0.159994
-1.9655288,-0.159994
-1.9653288,-0.159994
-1.9651288,-0.159994
-1.9649288,-0.127995
-1.9647288,-0.159994
-1.9645288,-0.159994
-1.9643288,-0.0959963
-1.9641288,-0.159994
-1.9639288,-0.127995
-1.9637288,-0.159994
-1.9635288,-0.159994
-1.9633288,-0.127995
-1.9631288,-0.127995
-1.9629288,-0.127995
-1.9627288,-0.159994
-1.9625288,-0.127995
-1.9623288,-0.127995
-1.9621288,-0.127995
-1.9619288,-0.0959963
-1.9617288,-0.127995
-1.9615288,-0.0959963
-1.9613288,-0.0959963
-1.9611288,-0.127995
-1.9609288,-0.127995
-1.9607288,-0.0959963
-1.9605288,-0.127995
-1.9603288,-0.0959963
-1.9601288,-0.0959963
-1.9599288,-0.159994
-1.9597288,-0.127995
-1.9595288,-0.0959963
-1.9593288,-0.0959963
-1.9591288,-0.0959963
-1.9589288,-0.127995
-1.9587288,-0.0959963
-1.9585288,-0.0959963
-1.9583288,-0.0959963
-1.9581288,-0.127995
-1.9579288,-0.127995
-1.9577288,-0.0959963
-1.9575288,-0.0959963
-1.9573288,-0.127995
-1.9571288,-0.127995
-1.9569288,-0.127995
-1.9567288,-0.0959963
-1.9565288,-0.0639975
-1.9563288,-0.127995
-1.9561288,-0.127995
-1.9559288,-0.127995
-1.9557288,-0.0959963
-1.9555288,-0.127995
-1.9553288,-0.0959963
-1.9551288,-0.127995
-1.9549288,-0.127995
-1.9547288,-0.0959963
-1.9545288,-0.127995
-1.9543288,-0.127995
-1.9541288,-0.0639975
-1.9539288,-0.0959963
-1.9537288,-0.0959963
-1.9535288,-0.0959963
-1.9533288,-0.159994
-1.9531288,-0.0959963
-1.9529288,-0.0639975
-1.9527288,-0.127995
-1.9525288,-0.0959963
-1.9523288,-0.127995
-1.9521288,-0.127995
-1.9519288,-0.0959963
-1.9517288,-0.0959963
-1.9515288,-0.0639975
-1.9513288,-0.0959963
-1.9511288,-0.0959963
-1.9509288,-0.159994
-1.9507288,-0.0639975
-1.9505288,-0.0639975
-1.9503288,-0.127995
-1.9501288,-0.0959963
-1.9499288,-0.0959963
-1.9497288,-0.127995
-1.9495288,-0.0959963
-1.9493288,-0.0959963
-1.9491288,-0.127995
-1.9489288,-0.0959963
-1.9487288,-0.0639975
-1.9485288,-0.0959963
-1.9483288,-0.0319988
-1.9481288,-0.0639975
-1.9479288,-0.0959963
-1.9477288,-0.0959963
-1.9475288,-0.0959963
-1.9473288,-0.0639975
-1.9471288,-0.0639975
-1.9469288,-0.0319988
-1.9467288,-0.0959963
-1.9465288,-0.0639975
-1.9463288,-0.0639975
-1.9461288,-0.0959963
-1.9459288,-0.127995
-1.9457288,-0.0959963
-1.9455288,-0.0959963
-1.9453288,-0.0639975
-1.9451288,-0.0959963
-1.9449288,-0.0959963
-1.9447288,-0.0639975
-1.9445288,-0.0639975
-1.9443288,-0.0959963
-1.9441288,-0.0959963
-1.9439288,-0.0319988
-1.9437288,-0.159994
-1.9435288,-0.0959963
-1.9433288,-0.0639975
-1.9431288,-0.0959963
-1.9429288,-0.0639975
-1.9427288,-0.0639975
-1.9425288,-0.0959963
-1.9423288,-0.0639975
-1.9421288,-0.0959963
-1.9419288,-0.0959963
-1.9417288,-0.127995
-1.9415288,-0.0639975
-1.9413288,-0.0639975
-1.9411288,-0.0959963
-1.9409288,-0.0639975
-1.9407288,-0.0959963
-1.9405288,-0.0959963
-1.9403288,-0.0639975
-1.9401288,-0.127995
-1.9399288,-0.0639975
-1.9397288,-0.0959963
-1.9395288,-0.0959963
-1.9393288,-0.0319988
-1.9391288,-0.0319988
-1.9389288,-0.0639975
-1.9387288,-0.0639975
-1.9385288,-0.0959963
-1.9383288,-0.127995
-1.9381288,-0.0319988
-1.9379288,-0.0639975
-1.9377288,-0.0959963
-1.9375288,-0.0639975
-1.9373288,-0.0319988
-1.9371288,-0.0639975
-1.9369288,-0.0639975
-1.9367288,-0.0319988
-1.9365288,-0.0959963
-1.9363288,-0.0639975
-1.9361288,-0.0319988
-1.9359288,-0.0639975
-1.9357288,-0.0639975
-1.9355288,-0.0639975
-1.9353288,-0.0959963
-1.9351288,-0.0639975
-1.9349288,-0.0959963
-1.9347288,-0.0639975
-1.9345288,-0.0319988
-1.9343288,-0.0639975
-1.9341288,-0.0639975
-1.9339288,-0.0319988
-1.9337288,-0.0639975
-1.9335288,-0.0639975
-1.9333288,-0.0959963
-1.9331288,-0.0319988
-1.9329288,-0.0639975
-1.9327288,0
-1.9325288,-0.0319988
-1.9323288,-0.0639975
-1.9321288,-0.0639975
-1.9319288,-0.0319988
-1.9317288,-0.0319988
-1.9315288,-0.0639975
-1.9313288,-0.0319988
-1.9311288,-0.0639975
-1.9309288,-0.0319988
-1.9307288,-0.0319988
-1.9305288,-0.0639975
-1.9303288,-0.0639975
-1.9301288,-0.0319988
-1.9299288,-0.0639975
-1.9297288,-0.0639975
-1.9295288,-0.0639975
-1.9293288,-0.0639975
-1.9291288,0
-1.9289288,-0.0639975
-1.9287288,-0.0639975
-1.9285288,-0.0319988
-1.9283288,-0.0639975
-1.9281288,-0.0319988
-1.9279288,-0.0639975
-1.9277288,-0.0319988
-1.9275288,-0.0639975
-1.9273288,-0.0959963
-1.9271288,-0.0319988
-1.9269288,-0.0959963
-1.9267288,-0.0319988
-1.9265288,-0.0319988
-1.9263288,0
-1.9261288,-0.0319988
-1.9259288,-0.0319988
-1.9257288,-0.0639975
-1.9255288,-0.0639975
-1.9253288,-0.0319988
-1.9251288,-0.0319988
-1.9249288,-0.0319988
-1.9247288,-0.0319988
-1.9245288,-0.0319988
-1.9243288,-0.0959963
-1.9241288,0
-1.9239288,-0.0319988
-1.9237288,-0.0639975
-1.9235288,-0.0319988
-1.9233288,-0.0639975
-1.9231288,-0.0319988
-1.9229288,-0.0319988
-1.9227288,-0.0639975
-1.9225288,-0.0639975
-1.9223288,0
-1.9221288,-0.0639975
-1.9219288,-0.0319988
-1.9217288,-0.0639975
-1.9215288,-0.0639975
-1.9213288,-0.0639975
-1.9211288,-0.0639975
-1.9209288,-0.0639975
-1.9207288,-0.0639975
-1.9205288,-0.0639975
-1.9203288,-0.0959963
-1.9201288,-0.0319988
-1.9199288,-0.0319988
-1.9197288,-0.0959963
-1.9195288,-0.0319988
-1.9193288,-0.0639975
-1.9191288,-0.0639975
-1.9189288,-0.0639975
-1.9187288,-0.0639975
-1.9185288,-0.0639975
-1.9183288,-0.0639975
-1.9181288,-0.0319988
-1.9179288,-0.0959963
-1.9177288,-0.0639975
-1.9175288,-0.0639975
-1.9173288,-0.0959963
-1.9171288,-0.0639975
-1.9169288,-0.0639975
-1.9167288,-0.127995
-1.9165288,-0.0639975
-1.9163288,-0.0959963
-1.9161288,-0.0959963
-1.9159288,-0.0639975
-1.9157288,-0.0319988
-1.9155288,-0.0639975
-1.9153288,-0.0319988
-1.9151288,-0.0639975
-1.9149288,-0.0639975
-1.9147288,-0.0319988
-1.9145288,-0.0639975
-1.9143288,-0.0639975
-1.9141288,-0.0639975
-1.9139288,-0.0959963
-1.9137288,-0.0639975
-1.9135288,-0.0639975
-1.9133288,-0.127995
-1.9131288,-0.0959963
-1.9129288,-0.0639975
-1.9127288,-0.0319988
-1.9125288,-0.127995
-1.9123288,-0.0639975
-1.9121288,-0.0959963
-1.9119288,-0.0959963
-1.9117288,-0.0639975
-1.9115288,-0.0959963
-1.9113288,-0.127995
-1.9111288,-0.0639975
-1.9109288,-0.0319988
-1.9107288,-0.0959963
-1.9105288,-0.0639975
-1.9103288,-0.0639975
-1.9101288,-0.0959963
-1.9099288,-0.0639975
-1.9097288,-0.0959963
-1.9095288,-0.0959963
-1.9093288,-0.0639975
-1.9091288,-0.0639975
-1.9089288,-0.0959963
-1.9087288,-0.0959963
-1.9085288,-0.0639975
-1.9083288,-0.0959963
-1.9081288,-0.127995
-1.9079288,-0.0959963
-1.9077288,-0.0959963
-1.9075288,-0.0959963
-1.9073288,-0.0639975
-1.9071288,-0.0959963
-1.9069288,-0.0959963
-1.9067288,-0.127995
-1.9065288,-0.0639975
-1.9063288,-0.0639975
-1.9061288,-0.0639975
-1.9059288,-0.0959963
-1.9057288,-0.0959963
-1.9055288,-0.0319988
-1.9053288,-0.0959963
-1.9051288,-0.0959963
-1.9049288,-0.0639975
-1.9047288,-0.0959963
-1.9045288,-0.0639975
-1.9043288,-0.127995
-1.9041288,-0.127995
-1.9039288,-0.0959963
-1.9037288,-0.0639975
-1.9035288,-0.127995
-1.9033288,-0.0639975
-1.9031288,-0.0959963
-1.9029288,-0.127995
-1.9027288,-0.0959963
-1.9025288,-0.0959963
-1.9023288,-0.127995
-1.9021288,-0.0639975
-1.9019288,-0.0959963
-1.9017288,-0.127995
-1.9015288,-0.0639975
-1.9013288,-0.0639975
-1.9011288,-0.127995
-1.9009288,-0.0639975
-1.9007288,-0.0639975
-1.9005288,-0.0959963
-1.9003288,-0.0639975
-1.9001288,-0.0639975
-1.8999288,-0.0959963
-1.8997288,-0.0959963
-1.8995288,-0.0959963
-1.8993288,-0.0319988
-1.8991288,-0.0639975
-1.8989288,-0.0959963
-1.8987288,-0.127995
-1.8985288,-0.0639975
-1.8983288,-0.0639975
-1.8981288,-0.0959963
-1.8979288,-0.0639975
-1.8977288,-0.0639975
-1.8975288,-0.0959963
-1.8973288,-0.0639975
-1.8971288,-0.0319988
-1.8969288,-0.0639975
-1.8967288,-0.0959963
-1.8965288,-0.0959963
-1.8963288,-0.0959963
-1.8961288,-0.0959963
-1.8959288,-0.0639975
-1.8957288,-0.0639975
-1.8955288,-0.0959963
-1.8953288,-0.0639975
-1.8951288,-0.0959963
-1.8949288,-0.0639975
-1.8947288,-0.0319988
-1.8945288,-0.0959963
-1.8943288,-0.0959963
-1.8941288,-0.127995
-1.8939288,-0.0959963
-1.8937288,-0.0639975
-1.8935288,-0.0639975
-1.8933288,-0.0959963
-1.8931288,-0.0639975
-1.8929288,-0.0959963
-1.8927288,-0.0959963
-1.8925288,-0.0639975
-1.8923288,-0.0959963
-1.8921288,-0.127995
-1.8919288,-0.0639975
-1.8917288,-0.0959963
-1.8915288,-0.127995
-1.8913288,-0.0959963
-1.8911288,-0.127995
-1.8909288,-0.127995
-1.8907288,-0.0959963
-1.8905288,-0.0959963
-1.8903288,-0.127995
-1.8901288,-0.0639975
-1.8899288,-0.0959963
-1.8897288,-0.127995
-1.8895288,-0.0959963
-1.8893288,-0.0639975
-1.8891288,-0.0959963
-1.8889288,-0.0639975
-1.8887288,-0.0319988
-1.8885288,-0.159994
-1.8883288,-0.127995
-1.8881288,-0.0639975
-1.8879288,-0.0959963
-1.8877288,-0.0959963
-1.8875288,-0.0959963
-1.8873288,-0.127995
-1.8871288,-0.127995
-1.8869288,-0.0959963
-1.8867288,-0.0959963
-1.8865288,-0.0959963
-1.8863288,-0.0959963
-1.8861288,-0.0959963
-1.8859288,-0.0639975
-1.8857288,-0.0959963
-1.8855288,-0.127995
-1.8853288,-0.0959963
-1.8851288,-0.0959963
-1.8849288,-0.0959963
-1.8847288,-0.0959963
-1.8845288,-0.0959963
-1.8843288,-0.127995
-1.8841288,-0.127995
-1.8839288,-0.127995
-1.8837288,-0.127995
-1.8835288,-0.0639975
-1.8833288,-0.0959963
-1.8831288,-0.0959963
-1.8829288,-0.0639975
-1.8827288,-0.0959963
-1.8825288,-0.127995
-1.8823288,-0.0959963
-1.8821288,-0.0639975
-1.8819288,-0.127995
-1.8817288,-0.0959963
-1.8815288,-0.0959963
-1.8813288,-0.127995
-1.8811288,-0.0959963
-1.8809288,-0.0959963
-1.8807288,-0.127995
-1.8805288,-0.0959963
-1.8803288,-0.127995
-1.8801288,-0.159994
-1.8799288,-0.0959963
-1.8797288,-0.0959963
-1.8795288,-0.159994
-1.8793288,-0.127995
-1.8791288,-0.0959963
-1.8789288,-0.127995
-1.8787288,-0.127995
-1.8785288,-0.0959963
-1.8783288,-0.127995
-1.8781288,-0.159994
-1.8779288,-0.0959963
-1.8777288,-0.159994
-1.8775288,-0.127995
-1.8773288,-0.127995
-1.8771288,-0.127995
-1.8769288,-0.0959963
-1.8767288,-0.0959963
-1.8765288,-0.159994
-1.8763288,-0.127995
-1.8761288,-0.0959963
-1.8759288,-0.159994
-1.8757288,-0.127995
-1.8755288,-0.127995
-1.8753288,-0.159994
-1.8751288,-0.127995
-1.8749288,-0.127995
-1.8747288,-0.191993
-1.8745288,-0.191993
-1.8743288,-0.0959963
-1.8741288,-0.127995
-1.8739288,-0.159994
-1.8737288,-0.127995
-1.8735288,-0.127995
-1.8733288,-0.159994
-1.8731288,-0.127995
-1.8729288,-0.159994
-1.8727288,-0.159994
-1.8725288,-0.127995
-1.8723288,-0.159994
-1.8721288,-0.127995
-1.8719288,-0.0959963
-1.8717288,-0.159994
-1.8715288,-0.159994
-1.8713288,-0.0959963
-1.8711288,-0.127995
-1.8709288,-0.0959963
-1.8707288,-0.127995
-1.8705288,-0.159994
-1.8703288,-0.127995
-1.8701288,-0.191993
-1.8699288,-0.159994
-1.8697288,-0.159994
-1.8695288,-0.0959963
-1.8693288,-0.159994
-1.8691288,-0.159994
-1.8689288,-0.191993
-1.8687288,-0.223991
-1.8685288,-0.127995
-1.8683288,-0.127995
-1.8681288,-0.191993
-1.8679288,-0.191993
-1.8677288,-0.191993
-1.8675288,-0.191993
-1.8673288,-0.159994
-1.8671288,-0.191993
-1.8669288,-0.191993
-1.8667288,-0.223991
-1.8665288,-0.159994
-1.8663288,-0.191993
-1.8661288,-0.191993
-1.8659288,-0.159994
-1.8657288,-0.159994
-1.8655288,-0.159994
-1.8653288,-0.127995
-1.8651288,-0.191993
-1.8649288,-0.159994
-1.8647288,-0.127995
-1.8645288,-0.223991
-1.8643288,-0.159994
-1.8641288,-0.159994
-1.8639288,-0.159994
-1.8637288,-0.159994
-1.8635288,-0.159994
-1.8633288,-0.191993
-1.8631288,-0.159994
-1.8629288,-0.127995
-1.8627288,-0.191993
-1.8625288,-0.159994
-1.8623288,-0.127995
-1.8621288,-0.159994
-1.8619288,-0.159994
-1.8617288,-0.159994
-1.8615288,-0.191993
-1.8613288,-0.191993
-1.8611288,-0.159994
-1.8609288,-0.191993
-1.8607288,-0.159994
-1.8605288,-0.0959963
-1.8603288,-0.159994
-1.8601288,-0.127995
-1.8599288,-0.0959963
-1.8597288,-0.159994
-1.8595288,-0.127995
-1.8593288,-0.159994
-1.8591288,-0.159994
-1.8589288,-0.159994
-1.8587288,-0.159994
-1.8585288,-0.0959963
-1.8583288,-0.0959963
-1.8581288,-0.0959963
-1.8579288,-0.191993
-1.8577288,-0.159994
-1.8575288,-0.127995
-1.8573288,-0.191993
-1.8571288,-0.159994
-1.8569288,-0.127995
-1.8567288,-0.159994
-1.8565288,-0.159994
-1.8563288,-0.127995
-1.8561288,-0.191993
-1.8559288,-0.127995
-1.8557288,-0.191993
-1.8555288,-0.159994
-1.8553288,-0.127995
-1.8551288,-0.127995
-1.8549288,-0.159994
-1.8547288,-0.159994
-1.8545288,-0.127995
-1.8543288,-0.159994
-1.8541288,-0.127995
-1.8539288,-0.159994
-1.8537288,-0.159994
-1.8535288,-0.127995
-1.8533288,-0.159994
-1.8531288,-0.159994
-1.8529288,-0.159994
-1.8527288,-0.127995
-1.8525288,-0.159994
-1.8523288,-0.159994
-1.8521288,-0.127995
-1.8519288,-0.191993
-1.8517288,-0.127995
-1.8515288,-0.127995
-1.8513288,-0.159994
-1.8511288,-0.127995
-1.8509288,-0.159994
-1.8507288,-0.127995
-1.8505288,-0.191993
-1.8503288,-0.127995
-1.8501288,-0.159994
-1.8499288,-0.159994
-1.8497288,-0.127995
-1.8495288,-0.159994
-1.8493288,-0.127995
-1.8491288,-0.127995
-1.8489288,-0.127995
-1.8487288,-0.127995
-1.8485288,-0.127995
-1.8483288,-0.159994
-1.8481288,-0.127995
-1.8479288,-0.127995
-1.8477288,-0.127995
-1.8475288,-0.159994
-1.8473288,-0.0639975
-1.8471288,-0.159994
-1.8469288,-0.127995
-1.8467288,-0.0959963
-1.8465288,-0.127995
-1.8463288,-0.127995
-1.8461288,-0.159994
-1.8459288,-0.127995
-1.8457288,-0.0959963
-1.8455288,-0.127995
-1.8453288,-0.127995
-1.8451288,-0.191993
-1.8449288,-0.159994
-1.8447288,-0.0959963
-1.8445288,-0.127995
-1.8443288,-0.0959963
-1.8441288,-0.127995
-1.8439288,-0.0639975
-1.8437288,-0.0639975
-1.8435288,-0.127995
-1.8433288,-0.0959963
-1.8431288,-0.0639975
-1.8429288,-0.0959963
-1.8427288,-0.0959963
-1.8425288,-0.127995
-1.8423288,-0.0959963
-1.8421288,-0.0959963
-1.8419288,-0.0639975
-1.8417288,-0.127995
-1.8415288,-0.127995
-1.8413288,-0.127995
-1.8411288,-0.0959963
-1.8409288,-0.0959963
-1.8407288,-0.0639975
-1.8405288,-0.159994
-1.8403288,-0.127995
-1.8401288,-0.0959963
-1.8399288,-0.127995
-1.8397288,-0.0639975
-1.8395288,-0.0959963
-1.8393288,-0.127995
-1.8391288,-0.0639975
-1.8389288,-0.0959963
-1.8387288,-0.0959963
-1.8385288,-0.0959963
-1.8383288,-0.0959963
-1.8381288,-0.127995
-1.8379288,-0.0959963
-1.8377288,-0.0639975
-1.8375288,-0.0959963
-1.8373288,-0.0639975
-1.8371288,-0.0959963
-1.8369288,-0.127995
-1.8367288,-0.0959963
-1.8365288,-0.0959963
-1.8363288,-0.159994
-1.8361288,-0.0959963
-1.8359288,-0.0319988
-1.8357288,-0.0959963
-1.8355288,-0.0959963
-1.8353288,-0.0959963
-1.8351288,-0.0959963
-1.8349288,-0.0639975
-1.8347288,-0.0639975
-1.8345288,-0.0639975
-1.8343288,-0.0959963
-1.8341288,-0.0639975
-1.8339288,-0.0959963
-1.8337288,-0.0959963
-1.8335288,-0.0959963
-1.8333288,-0.0959963
-1.8331288,-0.0959963
-1.8329288,-0.0319988
-1.8327288,-0.159994
-1.8325288,-0.0639975
-1.8323288,-0.0319988
-1.8321288,-0.0959963
-1.8319288,-0.0959963
-1.8317288,-0.0639975
-1.8315288,-0.0959963
-1.8313288,-0.0639975
-1.8311288,-0.0319988
-1.8309288,-0.0959963
-1.8307288,-0.0639975
-1.8305288,-0.0639975
-1.8303288,-0.0959963
-1.8301288,-0.0639975
-1.8299288,-0.0319988
-1.8297288,-0.127995
-1.8295288,-0.0639975
-1.8293288,-0.0639975
-1.8291288,-0.0639975
-1.8289288,-0.0639975
-1.8287288,-0.0639975
-1.8285288,-0.0639975
-1.8283288,-0.0319988
-1.8281288,-0.0639975
-1.8279288,-0.0639975
-1.8277288,-0.0639975
-1.8275288,-0.0639975
-1.8273288,-0.0959963
-1.8271288,-0.0639975
-1.8269288,-0.0639975
-1.8267288,-0.0639975
-1.8265288,-0.0639975
-1.8263288,-0.0959963
-1.8261288,-0.0959963
-1.8259288,-0.0639975
-1.8257288,-0.0319988
-1.8255288,-0.0639975
-1.8253288,-0.0319988
-1.8251288,-0.0959963
-1.8249288,-0.0639975
-1.8247288,-0.0639975
-1.8245288,-0.0639975
-1.8243288,-0.0639975
-1.8241288,-0.0319988
-1.8239288,-0.0639975
-1.8237288,-0.0639975
-1.8235288,-0.0639975
-1.8233288,-0.0639975
-1.8231288,-0.0639975
-1.8229288,0
-1.8227288,-0.0319988
-1.8225288,-0.0639975
-1.8223288,-0.0319988
-1.8221288,-0.0319988
-1.8219288,-0.0959963
-1.8217288,-0.0639975
-1.8215288,-0.0959963
-1.8213288,-0.0639975
-1.8211288,-0.0319988
-1.8209288,-0.0319988
-1.8207288,-0.0319988
-1.8205288,-0.0319988
-1.8203288,0
-1.8201288,-0.0639975
-1.8199288,0.0319988
-1.8197288,-0.0639975
-1.8195288,-0.0319988
-1.8193288,0
-1.8191288,0
-1.8189288,-0.0639975
-1.8187288,-0.0639975
-1.8185288,0
-1.8183288,-0.0639975
-1.8181288,-0.0319988
-1.8179288,0
-1.8177288,0
-1.8175288,0
-1.8173288,-0.0319988
-1.8171288,-0.0319988
-1.8169288,0
-1.8167288,0
-1.8165288,0
-1.8163288,0.0319988
-1.8161288,0
-1.8159288,-0.0319988
-1.8157288,-0.0319988
-1.8155288,0.0319988
-1.8153288,-0.0639975
-1.8151288,0
-1.8149288,0.0319988
-1.8147288,-0.0319988
-1.8145288,0.0319988
-1.8143288,0
-1.8141288,-0.0319988
-1.8139288,0.0319988
-1.8137288,0
-1.8135288,0
-1.8133288,0
-1.8131288,0.0319988
-1.8129288,-0.0319988
-1.8127288,0
-1.8125288,0.0319988
-1.8123288,-0.0319988
-1.8121288,0
-1.8119288,0.0639975
-1.8117288,0
-1.8115288,0.0319988
-1.8113288,0.0319988
-1.8111288,0.0319988
-1.8109288,0.0319988
-1.8107288,0.0639975
-1.8105288,0.0319988
-1.8103288,0
-1.8101288,0.0319988
-1.8099288,0.0319988
-1.8097288,0
-1.8095288,0.0319988
-1.8093288,-0.0639975
-1.8091288,0.0319988
-1.8089288,0.0639975
-1.8087288,0.0319988
-1.8085288,0.0319988
-1.8083288,0.0319988
-1.8081288,-0.0319988
-1.8079288,0
-1.8077288,0
-1.8075288,0
-1.8073288,0.0319988
-1.8071288,0.0319988
-1.8069288,0
-1.8067288,0.0319988
-1.8065288,0.0319988
-1.8063288,0.0319988
-1.8061288,0
-1.8059288,0.0319988
-1.8057288,0
-1.8055288,0.0319988
-1.8053288,0.0319988
-1.8051288,0
-1.8049288,0.0639975
-1.8047288,0
-1.8045288,0
-1.8043288,0
-1.8041288,0
-1.8039288,-0.0319988
-1.8037288,0.0319988
-1.8035288,0.0319988
-1.8033288,0
-1.8031288,0.0319988
-1.8029288,0.0319988
-1.8027288,0
-1.8025288,-0.0319988
-1.8023288,0.0319988
-1.8021288,-0.0319988
-1.8019288,0
-1.8017288,0.0319988
-1.8015288,0
-1.8013288,0
-1.8011288,0.0319988
-1.8009288,0
-1.8007288,0
-1.8005288,0.0319988
-1.8003288,0
-1.8001288,0
-1.7999288,0.0319988
-1.7997288,0.0319988
-1.7995288,0
-1.7993288,0
-1.7991288,-0.0319988
-1.7989288,0
-1.7987288,0
-1.7985288,-0.0319988
-1.7983288,0.0319988
-1.7981288,-0.0319988
-1.7979288,-0.0319988
-1.7977288,0
-1.7975288,0
-1.7973288,-0.0319988
-1.7971288,0
-1.7969288,-0.0319988
-1.7967288,-0.0319988
-1.7965288,0
-1.7963288,0
-1.7961288,-0.0319988
-1.7959288,0.0319988
-1.7957288,0.0319988
-1.7955288,0
-1.7953288,-0.0319988
-1.7951288,0
-1.7949288,0
-1.7947288,-0.0319988
-1.7945288,-0.0319988
-1.7943288,-0.0639975
-1.7941288,-0.0319988
-1.7939288,0
-1.7937288,-0.0639975
-1.7935288,0.0319988
-1.7933288,0
-1.7931288,-0.0959963
-1.7929288,-0.0319988
-1.7927288,-0.0319988
-1.7925288,-0.0319988
-1.7923288,-0.0319988
-1.7921288,-0.0639975
-1.7919288,-0.0639975
-1.7917288,-0.0639975
-1.7915288,-0.0319988
-1.7913288,-0.0639975
-1.7911288,-0.0639975
-1.7909288,-0.0639975
-1.7907288,-0.0639975
-1.7905288,-0.0639975
-1.7903288,-0.0319988
-1.7901288,-0.0639975
-1.7899288,0
-1.7897288,-0.0319988
-1.7895288,-0.0959963
-1.7893288,0
-1.7891288,-0.0319988
-1.7889288,-0.0639975
-1.7887288,-0.0639975
-1.7885288,-0.0319988
-1.7883288,-0.0959963
-1.7881288,-0.0959963
-1.7879288,-0.0319988
-1.7877288,-0.0959963
-1.7875288,-0.0639975
-1.7873288,-0.0639975
-1.7871288,-0.0959963
-1.7869288,-0.0319988
-1.7867288,-0.0319988
-1.7865288,-0.127995
-1.7863288,-0.0639975
-1.7861288,-0.0959963
-1.7859288,-0.0959963
-1.7857288,-0.0959963
-1.7855288,-0.0319988
-1.7853288,-0.0639975
-1.7851288,-0.0319988
-1.7849288,-0.0959963
-1.7847288,-0.0959963
-1.7845288,-0.0959963
-1.7843288,-0.0319988
-1.7841288,-0.0959963
-1.7839288,-0.0639975
-1.7837288,-0.0639975
-1.7835288,-0.0639975
-1.7833288,-0.0639975
-1.7831288,-0.0959963
-1.7829288,-0.127995
-1.7827288,-0.0639975
-1.7825288,-0.0639975
-1.7823288,-0.0959963
-1.7821288,-0.127995
-1.7819288,-0.0959963
-1.7817288,-0.0959963
-1.7815288,-0.0959963
-1.7813288,-0.0959963
-1.7811288,-0.159994
-1.7809288,-0.127995
-1.7807288,-0.127995
-1.7805288,-0.0959963
-1.7803288,-0.0959963
-1.7801288,-0.0639975
-1.7799288,-0.0639975
-1.7797288,-0.0959963
-1.7795288,-0.0639975
-1.7793288,-0.127995
-1.7791288,-0.0959963
-1.7789288,-0.0639975
-1.7787288,-0.127995
-1.7785288,-0.127995
-1.7783288,-0.0959963
-1.7781288,-0.127995
-1.7779288,-0.127995
-1.7777288,-0.0639975
-1.7775288,-0.127995
-1.7773288,-0.127995
-1.7771288,-0.0959963
-1.7769288,-0.0639975
-1.7767288,-0.0959963
-1.7765288,-0.0959963
-1.7763288,-0.127995
-1.7761288,-0.0959963
-1.7759288,-0.0639975
-1.7757288,-0.0959963
-1.7755288,-0.0959963
-1.7753288,-0.0639975
-1.7751288,-0.127995
-1.7749288,-0.0319988
-1.7747288,-0.0639975
-1.7745288,-0.0959963
-1.7743288,-0.0639975
-1.7741288,-0.127995
-1.7739288,-0.127995
-1.7737288,-0.0959963
-1.7735288,-0.0639975
-1.7733288,-0.0639975
-1.7731288,-0.0639975
-1.7729288,-0.0639975
-1.7727288,-0.0959963
-1.7725288,-0.0959963
-1.7723288,-0.0319988
-1.7721288,-0.0959963
-1.7719288,-0.0639975
-1.7717288,-0.0639975
-1.7715288,-0.0639975
-1.7713288,-0.0639975
-1.7711288,-0.0639975
-1.7709288,-0.0959963
-1.7707288,-0.0959963
-1.7705288,-0.0319988
-1.7703288,-0.0959963
-1.7701288,-0.0639975
-1.7699288,-0.0639975
-1.7697288,-0.0959963
-1.7695288,-0.0639975
-1.7693288,-0.0639975
-1.7691288,-0.0959963
-1.7689288,-0.0639975
-1.7687288,-0.0639975
-1.7685288,-0.0959963
-1.7683288,-0.0959963
-1.7681288,-0.0639975
-1.7679288,-0.0639975
-1.7677288,-0.0639975
-1.7675288,-0.0639975
-1.7673288,-0.127995
-1.7671288,-0.0639975
-1.7669288,-0.0959963
-1.7667288,-0.0959963
-1.7665288,-0.0639975
-1.7663288,-0.0639975
-1.7661288,-0.0959963
-1.7659288,-0.0319988
-1.7657288,-0.0319988
-1.7655288,-0.0639975
-1.7653288,-0.0959963
-1.7651288,-0.0639975
-1.7649288,-0.127995
-1.7647288,-0.0639975
-1.7645288,-0.0639975
-1.7643288,-0.0959963
-1.7641288,-0.0639975
-1.7639288,-0.0319988
-1.7637288,-0.0639975
-1.7635288,-0.0639975
-1.7633288,-0.0639975
-1.7631288,-0.0639975
-1.7629288,-0.0639975
-1.7627288,-0.0959963
-1.7625288,-0.0639975
-1.7623288,-0.0639975
-1.7621288,-0.0319988
-1.7619288,-0.0959963
-1.7617288,-0.0319988
-1.7615288,-0.0959963
-1.7613288,-0.127995
-1.7611288,-0.0959963
-1.7609288,-0.0639975
-1.7607288,-0.0639975
-1.7605288,-0.0959963
-1.7603288,-0.0639975
-1.7601288,-0.0959963
-1.7599288,-0.127995
-1.7597288,-0.0959963
-1.7595288,-0.0959963
-1.7593288,-0.127995
-1.7591288,-0.127995
-1.7589288,-0.127995
-1.7587288,-0.127995
-1.7585288,-0.127995
-1.7583288,-0.127995
-1.7581288,-0.0639975
-1.7579288,-0.0959963
-1.7577288,-0.159994
-1.7575288,-0.127995
-1.7573288,-0.0959963
-1.7571288,-0.0959963
-1.7569288,-0.0959963
-1.7567288,-0.0639975
-1.7565288,-0.127995
-1.7563288,-0.127995
-1.7561288,-0.0959963
-1.7559288,-0.127995
-1.7557288,-0.127995
-1.7555288,-0.127995
-1.7553288,-0.159994
-1.7551288,-0.0959963
-1.7549288,-0.127995
-1.7547288,-0.159994
-1.7545288,-0.127995
-1.7543288,-0.0959963
-1.7541288,-0.159994
-1.7539288,-0.0959963
-1.7537288,-0.0959963
-1.7535288,-0.127995
-1.7533288,-0.127995
-1.7531288,-0.0959963
-1.7529288,-0.159994
-1.7527288,-0.127995
-1.7525288,-0.127995
-1.7523288,-0.127995
-1.7521288,-0.127995
-1.7519288,-0.127995
-1.7517288,-0.159994
-1.7515288,-0.127995
-1.7513288,-0.0959963
-1.7511288,-0.127995
-1.7509288,-0.127995
-1.7507288,-0.127995
-1.7505288,-0.127995
-1.7503288,-0.0959963
-1.7501288,-0.0959963
-1.7499288,-0.159994
-1.7497288,-0.127995
-1.7495288,-0.0959963
-1.7493288,-0.191993
-1.7491288,-0.127995
-1.7489288,-0.127995
-1.7487288,-0.0959963
-1.7485288,-0.127995
-1.7483288,-0.0959963
-1.7481288,-0.0959963
-1.7479288,-0.127995
-1.7477288,-0.0959963
-1.7475288,-0.191993
-1.7473288,-0.0959963
-1.7471288,-0.0639975
-1.7469288,-0.159994
-1.7467288,-0.0959963
-1.7465288,-0.127995
-1.7463288,-0.127995
-1.7461288,-0.127995
-1.7459288,-0.0959963
-1.7457288,-0.127995
-1.7455288,-0.159994
-1.7453288,-0.127995
-1.7451288,-0.127995
-1.7449288,-0.127995
-1.7447288,-0.159994
-1.7445288,-0.159994
-1.7443288,-0.127995
-1.7441288,-0.127995
-1.7439288,-0.159994
-1.7437288,-0.127995
-1.7435288,-0.0959963
-1.7433288,-0.159994
-1.7431288,-0.159994
-1.7429288,-0.159994
-1.7427288,-0.159994
-1.7425288,-0.127995
-1.7423288,-0.127995
-1.7421288,-0.191993
-1.7419288,-0.159994
-1.7417288,-0.127995
-1.7415288,-0.159994
-1.7413288,-0.127995
-1.7411288,-0.127995
-1.7409288,-0.191993
-1.7407288,-0.127995
-1.7405288,-0.127995
-1.7403288,-0.159994
-1.7401288,-0.127995
-1.7399288,-0.0959963
-1.7397288,-0.127995
-1.7395288,-0.159994
-1.7393288,-0.127995
-1.7391288,-0.159994
-1.7389288,-0.127995
-1.7387288,-0.127995
-1.7385288,-0.159994
-1.7383288,-0.159994
-1.7381288,-0.127995
-1.7379288,-0.191993
-1.7377288,-0.127995
-1.7375288,-0.127995
-1.7373288,-0.191993
-1.7371288,-0.159994
-1.7369288,-0.127995
-1.7367288,-0.223991
-1.7365288,-0.127995
-1.7363288,-0.127995
-1.7361288,-0.191993
-1.7359288,-0.127995
-1.7357288,-0.159994
-1.7355288,-0.127995
-1.7353288,-0.127995
-1.7351288,-0.127995
-1.7349288,-0.159994
-1.7347288,-0.127995
-1.7345288,-0.127995
-1.7343288,-0.191993
-1.7341288,-0.159994
-1.7339288,-0.127995
-1.7337288,-0.223991
-1.7335288,-0.159994
-1.7333288,-0.127995
-1.7331288,-0.191993
-1.7329288,-0.159994
-1.7327288,-0.127995
-1.7325288,-0.159994
-1.7323288,-0.127995
-1.7321288,-0.191993
-1.7319288,-0.159994
-1.7317288,-0.159994
-1.7315288,-0.159994
-1.7313288,-0.159994
-1.7311288,-0.159994
-1.7309288,-0.127995
-1.7307288,-0.191993
-1.7305288,-0.127995
-1.7303288,-0.0959963
-1.7301288,-0.127995
-1.7299288,-0.159994
-1.7297288,-0.0959963
-1.7295288,-0.159994
-1.7293288,-0.159994
-1.7291288,-0.127995
-1.7289288,-0.223991
-1.7287288,-0.127995
-1.7285288,-0.0639975
-1.7283288,-0.127995
-1.7281288,-0.0959963
-1.7279288,-0.127995
-1.7277288,-0.127995
-1.7275288,-0.159994
-1.7273288,-0.127995
-1.7271288,-0.127995
-1.7269288,-0.0959963
-1.7267288,-0.0959963
-1.7265288,-0.0959963
-1.7263288,-0.0959963
-1.7261288,-0.0639975
-1.7259288,-0.127995
-1.7257288,-0.0959963
-1.7255288,-0.0959963
-1.7253288,-0.159994
-1.7251288,-0.0959963
-1.7249288,-0.0639975
-1.7247288,-0.0959963
-1.7245288,-0.0639975
-1.7243288,-0.0319988
-1.7241288,-0.127995
-1.7239288,-0.0959963
-1.7237288,-0.0959963
-1.7235288,-0.127995
-1.7233288,-0.0959963
-1.7231288,-0.0319988
-1.7229288,-0.0959963
-1.7227288,-0.127995
-1.7225288,-0.0639975
-1.7223288,-0.0639975
-1.7221288,-0.0639975
-1.7219288,-0.0639975
-1.7217288,-0.0639975
-1.7215288,-0.0639975
-1.7213288,-0.127995
-1.7211288,-0.0959963
-1.7209288,-0.0959963
-1.7207288,-0.0319988
-1.7205288,-0.0959963
-1.7203288,-0.0639975
-1.7201288,-0.0639975
-1.7199288,-0.0959963
-1.7197288,-0.0959963
-1.7195288,-0.0319988
-1.7193288,-0.0639975
-1.7191288,-0.0639975
-1.7189288,-0.0319988
-1.7187288,-0.0959963
-1.7185288,-0.0319988
-1.7183288,-0.0639975
-1.7181288,-0.0639975
-1.7179288,-0.0319988
-1.7177288,0
-1.7175288,-0.0639975
-1.7173288,-0.0639975
-1.7171288,-0.0319988
-1.7169288,0
-1.7167288,0
-1.7165288,0
-1.7163288,0
-1.7161288,-0.0319988
-1.7159288,-0.0319988
-1.7157288,-0.0319988
-1.7155288,0
-1.7153288,0.0319988
-1.7151288,0
-1.7149288,0.0319988
-1.7147288,0.0319988
-1.7145288,0.0319988
-1.7143288,0.0319988
-1.7141288,0.0639975
-1.7139288,0
-1.7137288,0.0319988
-1.7135288,0.0319988
-1.7133288,-0.0319988
-1.7131288,0
-1.7129288,0
-1.7127288,0
-1.7125288,0
-1.7123288,0.0319988
-1.7121288,0
-1.7119288,0.0319988
-1.7117288,0.0319988
-1.7115288,-0.0319988
-1.7113288,0
-1.7111288,0.0319988
-1.7109288,0
-1.7107288,0.0639975
-1.7105288,0.0319988
-1.7103288,0.0319988
-1.7101288,0.0319988
-1.7099288,0.0639975
-1.7097288,0.0319988
-1.7095288,0
-1.7093288,0.0639975
-1.7091288,0.0319988
-1.7089288,0.0319988
-1.7087288,0.0319988
-1.7085288,0.0959963
-1.7083288,0.0639975
-1.7081288,0.0639975
-1.7079288,0.0319988
-1.7077288,0.0639975
-1.7075288,0
-1.7073288,0
-1.7071288,0.0319988
-1.7069288,0.0639975
-1.7067288,0
-1.7065288,0
-1.7063288,0.0639975
-1.7061288,0
-1.7059288,0.0319988
-1.7057288,0.0319988
-1.7055288,0.0319988
-1.7053288,0
-1.7051288,0.0319988
-1.7049288,0.0319988
-1.7047288,0.0319988
-1.7045288,0.0319988
-1.7043288,0
-1.7041288,0.0319988
-1.7039288,0.0319988
-1.7037288,0.0319988
-1.7035288,0.0319988
-1.7033288,0.0319988
-1.7031288,-0.0319988
-1.7029288,-0.0319988
-1.7027288,0.0639975
-1.7025288,0
-1.7023288,0.0319988
-1.7021288,0.0639975
-1.7019288,0
-1.7017288,0.0639975
-1.7015288,0.0319988
-1.7013288,0.0319988
-1.7011288,0.0319988
-1.7009288,0.0319988
-1.7007288,0.0639975
-1.7005288,0
-1.7003288,0
-1.7001288,0.0319988
-1.6999288,0.0319988
-1.6997288,0.0639975
-1.6995288,0.0639975
-1.6993288,0.0319988
-1.6991288,0.0639975
-1.6989288,0.0639975
-1.6987288,0.0639975
-1.6985288,0.0319988
-1.6983288,0.0319988
-1.6981288,0.0319988
-1.6979288,0.0639975
-1.6977288,0.0319988
-1.6975288,0
-1.6973288,0.0319988
-1.6971288,0
-1.6969288,0.0319988
-1.6967288,0
-1.6965288,0.0319988
-1.6963288,0.0319988
-1.6961288,0.0319988
-1.6959288,0
-1.6957288,0.0319988
-1.6955288,0.0319988
-1.6953288,0.0319988
-1.6951288,0
-1.6949288,0.0319988
-1.6947288,-0.0319988
-1.6945288,0.0319988
-1.6943288,0.0319988
-1.6941288,0
-1.6939288,0
-1.6937288,0
-1.6935288,0.0319988
-1.6933288,-0.0319988
-1.6931288,0.0319988
-1.6929288,0
-1.6927288,-0.0319988
-1.6925288,0
-1.6923288,0
-1.6921288,-0.0319988
-1.6919288,0.0319988
-1.6917288,-0.0639975
-1.6915288,-0.0319988
-1.6913288,0
-1.6911288,0
-1.6909288,0
-1.6907288,0
-1.6905288,-0.0319988
-1.6903288,0
-1.6901288,0
-1.6899288,-0.0319988
-1.6897288,0
-1.6895288,0.0319988
-1.6893288,0
-1.6891288,0
-1.6889288,0
-1.6887288,-0.0319988
-1.6885288,0
-1.6883288,0.0319988
-1.6881288,-0.0319988
-1.6879288,0
-1.6877288,0
-1.6875288,-0.0319988
-1.6873288,-0.0319988
-1.6871288,0
-1.6869288,-0.0319988
-1.6867288,-0.0319988
-1.6865288,0
-1.6863288,0.0319988
-1.6861288,0
-1.6859288,0
-1.6857288,-0.0639975
-1.6855288,-0.0319988
-1.6853288,-0.0319988
-1.6851288,-0.0639975
-1.6849288,-0.0639975
-1.6847288,0
-1.6845288,-0.0639975
-1.6843288,-0.0319988
-1.6841288,0
-1.6839288,-0.0639975
-1.6837288,-0.0319988
-1.6835288,-0.0319988
-1.6833288,-0.0319988
-1.6831288,-0.0639975
-1.6829288,-0.0319988
-1.6827288,-0.0639975
-1.6825288,-0.0319988
-1.6823288,-0.0319988
-1.6821288,-0.0639975
-1.6819288,-0.0319988
-1.6817288,0.0319988
-1.6815288,-0.0639975
-1.6813288,-0.0319988
-1.6811288,-0.0639975
-1.6809288,-0.0639975
-1.6807288,-0.0319988
-1.6805288,-0.0639975
-1.6803288,-0.0639975
-1.6801288,-0.0639975
-1.6799288,-0.0959963
-1.6797288,-0.0639975
-1.6795288,-0.0959963
-1.6793288,-0.0639975
-1.6791288,-0.0639975
-1.6789288,-0.0319988
-1.6787288,-0.0319988
-1.6785288,-0.0319988
-1.6783288,-0.0319988
-1.6781288,-0.0319988
-1.6779288,-0.0639975
-1.6777288,0
-1.6775288,-0.0319988
-1.6773288,-0.0639975
-1.6771288,0
-1.6769288,0
-1.6767288,-0.0959963
-1.6765288,-0.0319988
-1.6763288,-0.0639975
-1.6761288,-0.0639975
-1.6759288,-0.0639975
-1.6757288,-0.0639975
-1.6755288,-0.0639975
-1.6753288,-0.0319988
-1.6751288,-0.0319988
-1.6749288,-0.0639975
-1.6747288,-0.0319988
-1.6745288,0
-1.6743288,-0.0639975
-1.6741288,-0.0639975
-1.6739288,-0.0319988
-1.6737288,-0.0319988
-1.6735288,-0.0639975
-1.6733288,-0.0319988
-1.6731288,-0.0639975
-1.6729288,-0.0639975
-1.6727288,-0.0639975
-1.6725288,-0.0639975
-1.6723288,-0.0319988
-1.6721288,-0.0319988
-1.6719288,-0.0639975
-1.6717288,-0.0639975
-1.6715288,-0.0639975
-1.6713288,-0.0639975
-1.6711288,-0.0639975
-1.6709288,-0.0639975
-1.6707288,-0.0959963
-1.6705288,-0.0639975
-1.6703288,-0.0959963
-1.6701288,-0.0959963
-1.6699288,-0.0639975
-1.6697288,-0.0639975
-1.6695288,-0.0959963
-1.6693288,-0.0639975
-1.6691288,-0.0319988
-1.6689288,-0.0319988
-1.6687288,-0.0639975
-1.6685288,-0.0319988
-1.6683288,-0.0959963
-1.6681288,-0.0319988
-1.6679288,-0.0959963
-1.6677288,-0.0639975
-1.6675288,-0.0319988
-1.6673288,-0.0639975
-1.6671288,-0.0959963
-1.6669288,-0.0639975
-1.6667288,-0.0639975
-1.6665288,-0.0639975
-1.6663288,-0.0639975
-1.6661288,-0.0639975
-1.6659288,-0.0959963
-1.6657288,-0.0639975
-1.6655288,-0.0639975
-1.6653288,-0.0959963
-1.6651288,-0.0319988
-1.6649288,-0.0319988
-1.6647288,-0.0639975
-1.6645288,-0.0319988
-1.6643288,-0.0639975
-1.6641288,-0.0639975
-1.6639288,-0.0639975
-1.6637288,-0.0639975
-1.6635288,-0.0959963
-1.6633288,-0.0639975
-1.6631288,-0.0319988
-1.6629288,-0.0639975
-1.6627288,-0.0639975
-1.6625288,-0.0319988
-1.6623288,-0.0639975
-1.6621288,-0.0639975
-1.6619288,-0.0639975
-1.6617288,-0.0639975
-1.6615288,-0.0319988
-1.6613288,-0.0319988
-1.6611288,-0.0959963
-1.6609288,0
-1.6607288,-0.0319988
-1.6605288,-0.0639975
-1.6603288,0
-1.6601288,-0.0319988
-1.6599288,-0.0639975
-1.6597288,-0.0639975
-1.6595288,-0.0319988
-1.6593288,-0.0639975
-1.6591288,0
-1.6589288,-0.0639975
-1.6587288,-0.0959963
-1.6585288,-0.0639975
-1.6583288,-0.0319988
-1.6581288,-0.0959963
-1.6579288,-0.0319988
-1.6577288,-0.0639975
-1.6575288,-0.0959963
-1.6573288,-0.0639975
-1.6571288,-0.0319988
-1.6569288,-0.0639975
-1.6567288,-0.0319988
-1.6565288,-0.0319988
-1.6563288,-0.0639975
-1.6561288,-0.0639975
-1.6559288,-0.0319988
-1.6557288,-0.0319988
-1.6555288,-0.0639975
-1.6553288,-0.0319988
-1.6551288,-0.0959963
-1.6549288,-0.0639975
-1.6547288,0
-1.6545288,-0.0319988
-1.6543288,-0.0639975
-1.6541288,-0.0639975
-1.6539288,-0.0959963
-1.6537288,-0.0959963
-1.6535288,-0.0639975
-1.6533288,-0.0639975
-1.6531288,-0.0319988
-1.6529288,-0.0639975
-1.6527288,-0.0959963
-1.6525288,-0.0319988
-1.6523288,-0.0319988
-1.6521288,-0.0639975
-1.6519288,-0.0959963
-1.6517288,-0.0319988
-1.6515288,-0.0959963
-1.6513288,-0.0959963
-1.6511288,-0.0319988
-1.6509288,-0.0959963
-1.6507288,-0.0959963
-1.6505288,-0.0639975
-1.6503288,-0.0959963
-1.6501288,-0.0639975
-1.6499288,-0.0639975
-1.6497288,-0.0959963
-1.6495288,-0.0639975
-1.6493288,-0.0959963
-1.6491288,-0.0959963
-1.6489288,-0.0639975
-1.6487288,-0.0639975
-1.6485288,-0.0959963
-1.6483288,-0.0959963
-1.6481288,0
-1.6479288,-0.127995
-1.6477288,-0.0959963
-1.6475288,-0.0639975
-1.6473288,-0.0959963
-1.6471288,-0.0959963
-1.6469288,-0.0959963
-1.6467288,-0.0959963
-1.6465288,-0.127995
-1.6463288,-0.0959963
-1.6461288,-0.159994
-1.6459288,-0.127995
-1.6457288,-0.0959963
-1.6455288,-0.0959963
-1.6453288,-0.0959963
-1.6451288,-0.0959963
-1.6449288,-0.0959963
-1.6447288,-0.127995
-1.6445288,-0.127995
-1.6443288,-0.159994
-1.6441288,-0.127995
-1.6439288,-0.127995
-1.6437288,-0.0959963
-1.6435288,-0.0959963
-1.6433288,-0.127995
-1.6431288,-0.127995
-1.6429288,-0.127995
-1.6427288,-0.127995
-1.6425288,-0.159994
-1.6423288,-0.127995
-1.6421288,-0.127995
-1.6419288,-0.127995
-1.6417288,-0.127995
-1.6415288,-0.0959963
-1.6413288,-0.159994
-1.6411288,-0.0959963
-1.6409288,-0.127995
-1.6407288,-0.159994
-1.6405288,-0.127995
-1.6403288,-0.0959963
-1.6401288,-0.159994
-1.6399288,-0.127995
-1.6397288,-0.127995
-1.6395288,-0.159994
-1.6393288,-0.0959963
-1.6391288,-0.127995
-1.6389288,-0.191993
-1.6387288,-0.0959963
-1.6385288,-0.127995
-1.6383288,-0.191993
-1.6381288,-0.159994
-1.6379288,-0.127995
-1.6377288,-0.159994
-1.6375288,-0.159994
-1.6373288,-0.159994
-1.6371288,-0.127995
-1.6369288,-0.159994
-1.6367288,-0.127995
-1.6365288,-0.191993
-1.6363288,-0.159994
-1.6361288,-0.159994
-1.6359288,-0.127995
-1.6357288,-0.127995
-1.6355288,-0.127995
-1.6353288,-0.191993
-1.6351288,-0.127995
-1.6349288,-0.159994
-1.6347288,-0.159994
-1.6345288,-0.159994
-1.6343288,-0.191993
-1.6341288,-0.223991
-1.6339288,-0.159994
-1.6337288,-0.127995
-1.6335288,-0.25599
-1.6333288,-0.127995
-1.6331288,-0.223991
-1.6329288,-0.191993
-1.6327288,-0.191993
-1.6325288,-0.127995
-1.6323288,-0.159994
-1.6321288,-0.191993
-1.6319288,-0.159994
-1.6317288,-0.191993
-1.6315288,-0.25599
-1.6313288,-0.191993
-1.6311288,-0.159994
-1.6309288,-0.159994
-1.6307288,-0.191993
-1.6305288,-0.191993
-1.6303288,-0.159994
-1.6301288,-0.191993
-1.6299288,-0.223991
-1.6297288,-0.159994
-1.6295288,-0.159994
-1.6293288,-0.223991
-1.6291288,-0.191993
-1.6289288,-0.159994
-1.6287288,-0.159994
-1.6285288,-0.223991
-1.6283288,-0.159994
-1.6281288,-0.191993
-1.6279288,-0.191993
-1.6277288,-0.191993
-1.6275288,-0.191993
-1.6273288,-0.223991
-1.6271288,-0.191993
-1.6269288,-0.191993
-1.6267288,-0.191993
-1.6265288,-0.191993
-1.6263288,-0.223991
-1.6261288,-0.223991
-1.6259288,-0.191993
-1.6257288,-0.223991
-1.6255288,-0.191993
-1.6253288,-0.191993
-1.6251288,-0.223991
-1.6249288,-0.223991
-1.6247288,-0.191993
-1.6245288,-0.191993
-1.6243288,-0.191993
-1.6241288,-0.223991
-1.6239288,-0.191993
-1.6237288,-0.191993
-1.6235288,-0.191993
-1.6233288,-0.223991
-1.6231288,-0.191993
-1.6229288,-0.191993
-1.6227288,-0.25599
-1.6225288,-0.223991
-1.6223288,-0.223991
-1.6221288,-0.223991
-1.6219288,-0.191993
-1.6217288,-0.223991
-1.6215288,-0.25599
-1.6213288,-0.25599
-1.6211288,-0.223991
-1.6209288,-0.191993
-1.6207288,-0.223991
-1.6205288,-0.25599
-1.6203288,-0.223991
-1.6201288,-0.223991
-1.6199288,-0.223991
-1.6197288,-0.223991
-1.6195288,-0.223991
-1.6193288,-0.25599
-1.6191288,-0.25599
-1.6189288,-0.25599
-1.6187288,-0.25599
-1.6185288,-0.25599
-1.6183288,-0.191993
-1.6181288,-0.25599
-1.6179288,-0.223991
-1.6177288,-0.223991
-1.6175288,-0.223991
-1.6173288,-0.25599
-1.6171288,-0.25599
-1.6169288,-0.25599
-1.6167288,-0.287989
-1.6165288,-0.287989
-1.6163288,-0.287989
-1.6161288,-0.25599
-1.6159288,-0.25599
-1.6157288,-0.25599
-1.6155288,-0.25599
-1.6153288,-0.319988
-1.6151288,-0.223991
-1.6149288,-0.25599
-1.6147288,-0.25599
-1.6145288,-0.191993
-1.6143288,-0.223991
-1.6141288,-0.287989
-1.6139288,-0.25599
-1.6137288,-0.287989
-1.6135288,-0.287989
-1.6133288,-0.287989
-1.6131288,-0.287989
-1.6129288,-0.287989
-1.6127288,-0.25599
-1.6125288,-0.25599
-1.6123288,-0.25599
-1.6121288,-0.223991
-1.6119288,-0.223991
-1.6117288,-0.223991
-1.6115288,-0.223991
-1.6113288,-0.25599
-1.6111288,-0.319988
-1.6109288,-0.223991
-1.6107288,-0.287989
-1.6105288,-0.25599
-1.6103288,-0.287989
-1.6101288,-0.287989
-1.6099288,-0.25599
-1.6097288,-0.223991
-1.6095288,-0.25599
-1.6093288,-0.25599
-1.6091288,-0.287989
-1.6089288,-0.25599
-1.6087288,-0.319988
-1.6085288,-0.287989
-1.6083288,-0.25599
-1.6081288,-0.223991
-1.6079288,-0.25599
-1.6077288,-0.287989
-1.6075288,-0.287989
-1.6073288,-0.351986
-1.6071288,-0.287989
-1.6069288,-0.319988
-1.6067288,-0.287989
-1.6065288,-0.319988
-1.6063288,-0.287989
-1.6061288,-0.319988
-1.6059288,-0.287989
-1.6057288,-0.319988
-1.6055288,-0.319988
-1.6053288,-0.351986
-1.6051288,-0.319988
-1.6049288,-0.25599
-1.6047288,-0.319988
-1.6045288,-0.319988
-1.6043288,-0.319988
-1.6041288,-0.319988
-1.6039288,-0.319988
-1.6037288,-0.287989
-1.6035288,-0.287989
-1.6033288,-0.351986
-1.6031288,-0.319988
-1.6029288,-0.319988
-1.6027288,-0.25599
-1.6025288,-0.319988
-1.6023288,-0.319988
-1.6021288,-0.319988
-1.6019288,-0.319988
-1.6017288,-0.319988
-1.6015288,-0.383985
-1.6013288,-0.383985
-1.6011288,-0.319988
-1.6009288,-0.351986
-1.6007288,-0.383985
-1.6005288,-0.319988
-1.6003288,-0.319988
-1.6001288,-0.319988
-1.5999288,-0.319988
-1.5997288,-0.319988
-1.5995288,-0.351986
-1.5993288,-0.351986
-1.5991288,-0.319988
-1.5989288,-0.351986
-1.5987288,-0.319988
-1.5985288,-0.383985
-1.5983288,-0.319988
-1.5981288,-0.351986
-1.5979288,-0.319988
-1.5977288,-0.383985
-1.5975288,-0.351986
-1.5973288,-0.351986
-1.5971288,-0.415984
-1.5969288,-0.351986
-1.5967288,-0.351986
-1.5965288,-0.351986
-1.5963288,-0.383985
-1.5961288,-0.351986
-1.5959288,-0.351986
-1.5957288,-0.383985
-1.5955288,-0.383985
-1.5953288,-0.351986
-1.5951288,-0.351986
-1.5949288,-0.415984
-1.5947288,-0.415984
-1.5945288,-0.351986
-1.5943288,-0.383985
-1.5941288,-0.351986
-1.5939288,-0.351986
-1.5937288,-0.383985
-1.5935288,-0.383985
-1.5933288,-0.351986
-1.5931288,-0.383985
-1.5929288,-0.383985
-1.5927288,-0.383985
-1.5925288,-0.383985
-1.5923288,-0.351986
-1.5921288,-0.351986
-1.5919288,-0.383985
-1.5917288,-0.383985
-1.5915288,-0.351986
-1.5913288,-0.383985
-1.5911288,-0.383985
-1.5909288,-0.351986
-1.5907288,-0.383985
-1.5905288,-0.415984
-1.5903288,-0.383985
-1.5901288,-0.447983
-1.5899288,-0.383985
-1.5897288,-0.383985
-1.5895288,-0.415984
-1.5893288,-0.383985
-1.5891288,-0.351986
-1.5889288,-0.351986
-1.5887288,-0.351986
-1.5885288,-0.351986
-1.5883288,-0.383985
-1.5881288,-0.415984
-1.5879288,-0.383985
-1.5877288,-0.383985
-1.5875288,-0.351986
-1.5873288,-0.383985
-1.5871288,-0.415984
-1.5869288,-0.415984
-1.5867288,-0.383985
-1.5865288,-0.383985
-1.5863288,-0.383985
-1.5861288,-0.351986
-1.5859288,-0.415984
-1.5857288,-0.415984
-1.5855288,-0.383985
-1.5853288,-0.383985
-1.5851288,-0.383985
-1.5849288,-0.383985
-1.5847288,-0.383985
-1.5845288,-0.383985
-1.5843288,-0.383985
-1.5841288,-0.415984
-1.5839288,-0.447983
-1.5837288,-0.415984
-1.5835288,-0.447983
-1.5833288,-0.383985
-1.5831288,-0.351986
-1.5829288,-0.415984
-1.5827288,-0.415984
-1.5825288,-0.415984
-1.5823288,-0.383985
-1.5821288,-0.383985
-1.5819288,-0.415984
-1.5817288,-0.447983
-1.5815288,-0.415984
-1.5813288,-0.415984
-1.5811288,-0.447983
-1.5809288,-0.415984
-1.5807288,-0.415984
-1.5805288,-0.447983
-1.5803288,-0.415984
-1.5801288,-0.447983
-1.5799288,-0.479982
-1.5797288,-0.415984
-1.5795288,-0.415984
-1.5793288,-0.479982
-1.5791288,-0.447983
-1.5789288,-0.447983
-1.5787288,-0.415984
-1.5785288,-0.447983
-1.5783288,-0.415984
-1.5781288,-0.447983
-1.5779288,-0.51198
-1.5777288,-0.415984
-1.5775288,-0.415984
-1.5773288,-0.415984
-1.5771288,-0.447983
-1.5769288,-0.479982
-1.5767288,-0.479982
-1.5765288,-0.447983
-1.5763288,-0.447983
-1.5761288,-0.447983
-1.5759288,-0.447983
-1.5757288,-0.479982
-1.5755288,-0.479982
-1.5753288,-0.415984
-1.5751288,-0.447983
-1.5749288,-0.415984
-1.5747288,-0.415984
-1.5745288,-0.479982
-1.5743288,-0.479982
-1.5741288,-0.447983
-1.5739288,-0.479982
-1.5737288,-0.447983
-1.5735288,-0.447983
-1.5733288,-0.479982
-1.5731288,-0.51198
-1.5729288,-0.447983
-1.5727288,-0.51198
-1.5725288,-0.51198
-1.5723288,-0.447983
-1.5721288,-0.479982
-1.5719288,-0.51198
-1.5717288,-0.447983
-1.5715288,-0.51198
-1.5713288,-0.479982
-1.5711288,-0.479982
-1.5709288,-0.51198
-1.5707288,-0.51198
-1.5705288,-0.479982
-1.5703288,-0.51198
-1.5701288,-0.51198
-1.5699288,-0.447983
-1.5697288,-0.51198
-1.5695288,-0.543979
-1.5693288,-0.479982
-1.5691288,-0.51198
-1.5689288,-0.447983
-1.5687288,-0.447983
-1.5685288,-0.51198
-1.5683288,-0.51198
-1.5681288,-0.479982
-1.5679288,-0.51198
-1.5677288,-0.543979
-1.5675288,-0.447983
-1.5673288,-0.543979
-1.5671288,-0.51198
-1.5669288,-0.479982
-1.5667288,-0.543979
-1.5665288,-0.51198
-1.5663288,-0.479982
-1.5661288,-0.51198
-1.5659288,-0.51198
-1.5657288,-0.479982
-1.5655288,-0.51198
-1.5653288,-0.479982
-1.5651288,-0.479982
-1.5649288,-0.543979
-1.5647288,-0.51198
-1.5645288,-0.479982
-1.5643288,-0.479982
-1.5641288,-0.543979
-1.5639288,-0.479982
-1.5637288,-0.543979
-1.5635288,-0.51198
-1.5633288,-0.479982
-1.5631288,-0.51198
-1.5629288,-0.51198
-1.5627288,-0.479982
-1.5625288,-0.51198
-1.5623288,-0.543979
-1.5621288,-0.479982
-1.5619288,-0.51198
-1.5617288,-0.51198
-1.5615288,-0.51198
-1.5613288,-0.543979
-1.5611288,-0.575978
-1.5609288,-0.479982
-1.5607288,-0.543979
-1.5605288,-0.543979
-1.5603288,-0.479982
-1.5601288,-0.543979
-1.5599288,-0.51198
-1.5597288,-0.479982
-1.5595288,-0.543979
-1.5593288,-0.543979
-1.5591288,-0.51198
-1.5589288,-0.575978
-1.5587288,-0.543979
-1.5585288,-0.479982
-1.5583288,-0.543979
-1.5581288,-0.479982
-1.5579288,-0.51198
-1.5577288,-0.543979
-1.5575288,-0.543979
-1.5573288,-0.51198
-1.5571288,-0.543979
-1.5569288,-0.607977
-1.5567288,-0.51198
-1.5565288,-0.543979
-1.5563288,-0.575978
-1.5561288,-0.51198
-1.5559288,-0.543979
-1.5557288,-0.575978
-1.5555288,-0.51198
-1.5553288,-0.51198
-1.5551288,-0.543979
-1.5549288,-0.51198
-1.5547288,-0.575978
-1.5545288,-0.575978
-1.5543288,-0.543979
-1.5541288,-0.543979
-1.5539288,-0.575978
-1.5537288,-0.575978
-1.5535288,-0.575978
-1.5533288,-0.575978
-1.5531288,-0.543979
-1.5529288,-0.575978
-1.5527288,-0.575978
-1.5525288,-0.51198
-1.5523288,-0.575978
-1.5521288,-0.575978
-1.5519288,-0.575978
-1.5517288,-0.575978
-1.5515288,-0.575978
-1.5513288,-0.607977
-1.5511288,-0.575978
-1.5509288,-0.607977
-1.5507288,-0.543979
-1.5505288,-0.575978
-1.5503288,-0.575978
-1.5501288,-0.639975
-1.5499288,-0.543979
-1.5497288,-0.575978
-1.5495288,-0.607977
-1.5493288,-0.671974
-1.5491288,-0.543979
-1.5489288,-0.543979
-1.5487288,-0.607977
-1.5485288,-0.639975
-1.5483288,-0.575978
-1.5481288,-0.607977
-1.5479288,-0.575978
-1.5477288,-0.575978
-1.5475288,-0.607977
-1.5473288,-0.607977
-1.5471288,-0.607977
-1.5469288,-0.607977
-1.5467288,-0.607977
-1.5465288,-0.607977
-1.5463288,-0.639975
-1.5461288,-0.607977
-1.5459288,-0.639975
-1.5457288,-0.607977
-1.5455288,-0.607977
-1.5453288,-0.607977
-1.5451288,-0.639975
-1.5449288,-0.639975
-1.5447288,-0.575978
-1.5445288,-0.671974
-1.5443288,-0.639975
-1.5441288,-0.607977
-1.5439288,-0.639975
-1.5437288,-0.607977
-1.5435288,-0.607977
-1.5433288,-0.639975
-1.5431288,-0.639975
-1.5429288,-0.607977
-1.5427288,-0.639975
-1.5425288,-0.703973
-1.5423288,-0.639975
-1.5421288,-0.639975
-1.5419288,-0.639975
-1.5417288,-0.639975
-1.5415288,-0.607977
-1.5413288,-0.671974
-1.5411288,-0.639975
-1.5409288,-0.671974
-1.5407288,-0.639975
-1.5405288,-0.639975
-1.5403288,-0.639975
-1.5401288,-0.639975
-1.5399288,-0.607977
-1.5397288,-0.639975
-1.5395288,-0.671974
-1.5393288,-0.671974
-1.5391288,-0.671974
-1.5389288,-0.639975
-1.5387288,-0.671974
-1.5385288,-0.639975
-1.5383288,-0.703973
-1.5381288,-0.671974
-1.5379288,-0.671974
-1.5377288,-0.671974
-1.5375288,-0.671974
-1.5373288,-0.703973
-1.5371288,-0.703973
-1.5369288,-0.671974
-1.5367288,-0.703973
-1.5365288,-0.671974
-1.5363288,-0.703973
-1.5361288,-0.703973
-1.5359288,-0.671974
-1.5357288,-0.703973
-1.5355288,-0.703973
-1.5353288,-0.703973
-1.5351288,-0.735972
-1.5349288,-0.703973
-1.5347288,-0.703973
-1.5345288,-0.735972
-1.5343288,-0.735972
-1.5341288,-0.735972
-1.5339288,-0.767971
-1.5337288,-0.703973
-1.5335288,-0.735972
-1.5333288,-0.735972
-1.5331288,-0.735972
-1.5329288,-0.767971
-1.5327288,-0.735972
-1.5325288,-0.703973
-1.5323288,-0.703973
-1.5321288,-0.735972
-1.5319288,-0.735972
-1.5317288,-0.703973
-1.5315288,-0.735972
-1.5313288,-0.799969
-1.5311288,-0.735972
-1.5309288,-0.735972
-1.5307288,-0.831968
-1.5305288,-0.767971
-1.5303288,-0.767971
-1.5301288,-0.799969
-1.5299288,-0.767971
-1.5297288,-0.767971
-1.5295288,-0.767971
-1.5293288,-0.767971
-1.5291288,-0.767971
-1.5289288,-0.799969
-1.5287288,-0.735972
-1.5285288,-0.767971
-1.5283288,-0.767971
-1.5281288,-0.767971
-1.5279288,-0.767971
-1.5277288,-0.767971
-1.5275288,-0.767971
-1.5273288,-0.831968
-1.5271288,-0.767971
-1.5269288,-0.735972
-1.5267288,-0.799969
-1.5265288,-0.767971
-1.5263288,-0.735972
-1.5261288,-0.767971
-1.5259288,-0.767971
-1.5257288,-0.767971
-1.5255288,-0.799969
-1.5253288,-0.767971
-1.5251288,-0.831968
-1.5249288,-0.767971
-1.5247288,-0.767971
-1.5245288,-0.767971
-1.5243288,-0.799969
-1.5241288,-0.799969
-1.5239288,-0.735972
-1.5237288,-0.799969
-1.5235288,-0.799969
-1.5233288,-0.799969
-1.5231288,-0.799969
-1.5229288,-0.767971
-1.5227288,-0.831968
-1.5225288,-0.831968
-1.5223288,-0.799969
-1.5221288,-0.767971
-1.5219288,-0.799969
-1.5217288,-0.799969
-1.5215288,-0.767971
-1.5213288,-0.799969
-1.5211288,-0.735972
-1.5209288,-0.767971
-1.5207288,-0.799969
-1.5205288,-0.703973
-1.5203288,-0.799969
-1.5201288,-0.799969
-1.5199288,-0.799969
-1.5197288,-0.799969
-1.5195288,-0.799969
-1.5193288,-0.799969
-1.5191288,-0.767971
-1.5189288,-0.767971
-1.5187288,-0.831968
-1.5185288,-0.767971
-1.5183288,-0.767971
-1.5181288,-0.767971
-1.5179288,-0.799969
-1.5177288,-0.799969
-1.5175288,-0.767971
-1.5173288,-0.767971
-1.5171288,-0.799969
-1.5169288,-0.767971
-1.5167288,-0.767971
-1.5165288,-0.767971
-1.5163288,-0.799969
-1.5161288,-0.735972
-1.5159288,-0.767971
-1.5157288,-0.799969
-1.5155288,-0.767971
-1.5153288,-0.735972
-1.5151288,-0.767971
-1.5149288,-0.799969
-1.5147288,-0.767971
-1.5145288,-0.767971
-1.5143288,-0.799969
-1.5141288,-0.767971
-1.5139288,-0.767971
-1.5137288,-0.799969
-1.5135288,-0.735972
-1.5133288,-0.799969
-1.5131288,-0.735972
-1.5129288,-0.767971
-1.5127288,-0.767971
-1.5125288,-0.735972
-1.5123288,-0.767971
-1.5121288,-0.767971
-1.5119288,-0.767971
-1.5117288,-0.735972
-1.5115288,-0.799969
-1.5113288,-0.767971
-1.5111288,-0.767971
-1.5109288,-0.735972
-1.5107288,-0.735972
-1.5105288,-0.767971
-1.5103288,-0.767971
-1.5101288,-0.767971
-1.5099288,-0.767971
-1.5097288,-0.799969
-1.5095288,-0.735972
-1.5093288,-0.735972
-1.5091288,-0.767971
-1.5089288,-0.735972
-1.5087288,-0.767971
-1.5085288,-0.735972
-1.5083288,-0.767971
-1.5081288,-0.767971
-1.5079288,-0.799969
-1.5077288,-0.735972
-1.5075288,-0.703973
-1.5073288,-0.767971
-1.5071288,-0.735972
-1.5069288,-0.767971
-1.5067288,-0.799969
-1.5065288,-0.735972
-1.5063288,-0.799969
-1.5061288,-0.767971
-1.5059288,-0.735972
-1.5057288,-0.735972
-1.5055288,-0.735972
-1.5053288,-0.703973
-1.5051288,-0.735972
-1.5049288,-0.735972
-1.5047288,-0.767971
-1.5045288,-0.767971
-1.5043288,-0.767971
-1.5041288,-0.671974
-1.5039288,-0.735972
-1.5037288,-0.767971
-1.5035288,-0.735972
-1.5033288,-0.735972
-1.5031288,-0.735972
-1.5029288,-0.703973
-1.5027288,-0.767971
-1.5025288,-0.703973
-1.5023288,-0.735972
-1.5021288,-0.735972
-1.5019288,-0.703973
-1.5017288,-0.703973
-1.5015288,-0.671974
-1.5013288,-0.735972
-1.5011288,-0.703973
-1.5009288,-0.735972
-1.5007288,-0.671974
-1.5005288,-0.703973
-1.5003288,-0.735972
-1.5001288,-0.671974
-1.4999288,-0.703973
-1.4997288,-0.735972
-1.4995288,-0.735972
-1.4993288,-0.703973
-1.4991288,-0.703973
-1.4989288,-0.735972
-1.4987288,-0.703973
-1.4985288,-0.767971
-1.4983288,-0.703973
-1.4981288,-0.703973
-1.4979288,-0.703973
-1.4977288,-0.735972
-1.4975288,-0.703973
-1.4973288,-0.671974
-1.4971288,-0.703973
-1.4969288,-0.735972
-1.4967288,-0.703973
-1.4965288,-0.735972
-1.4963288,-0.703973
-1.4961288,-0.703973
-1.4959288,-0.703973
-1.4957288,-0.735972
-1.4955288,-0.703973
-1.4953288,-0.703973
-1.4951288,-0.703973
-1.4949288,-0.671974
-1.4947288,-0.703973
-1.4945288,-0.671974
-1.4943288,-0.671974
-1.4941288,-0.703973
-1.4939288,-0.671974
-1.4937288,-0.735972
-1.4935288,-0.671974
-1.4933288,-0.703973
-1.4931288,-0.671974
-1.4929288,-0.703973
-1.4927288,-0.703973
-1.4925288,-0.671974
-1.4923288,-0.703973
-1.4921288,-0.703973
-1.4919288,-0.703973
-1.4917288,-0.671974
-1.4915288,-0.671974
-1.4913288,-0.671974
-1.4911288,-0.703973
-1.4909288,-0.703973
-1.4907288,-0.671974
-1.4905288,-0.703973
-1.4903288,-0.671974
-1.4901288,-0.671974
-1.4899288,-0.639975
-1.4897288,-0.703973
-1.4895288,-0.671974
-1.4893288,-0.671974
-1.4891288,-0.671974
-1.4889288,-0.639975
-1.4887288,-0.639975
-1.4885288,-0.639975
-1.4883288,-0.639975
-1.4881288,-0.671974
-1.4879288,-0.671974
-1.4877288,-0.639975
-1.4875288,-0.639975
-1.4873288,-0.639975
-1.4871288,-0.639975
-1.4869288,-0.639975
-1.4867288,-0.671974
-1.4865288,-0.607977
-1.4863288,-0.607977
-1.4861288,-0.671974
-1.4859288,-0.639975
-1.4857288,-0.671974
-1.4855288,-0.639975
-1.4853288,-0.671974
-1.4851288,-0.671974
-1.4849288,-0.639975
-1.4847288,-0.607977
-1.4845288,-0.639975
-1.4843288,-0.607977
-1.4841288,-0.607977
-1.4839288,-0.607977
-1.4837288,-0.639975
-1.4835288,-0.607977
-1.4833288,-0.671974
-1.4831288,-0.639975
-1.4829288,-0.607977
-1.4827288,-0.607977
-1.4825288,-0.639975
-1.4823288,-0.607977
-1.4821288,-0.607977
-1.4819288,-0.607977
-1.4817288,-0.575978
-1.4815288,-0.639975
-1.4813288,-0.639975
-1.4811288,-0.639975
-1.4809288,-0.607977
-1.4807288,-0.575978
-1.4805288,-0.607977
-1.4803288,-0.575978
-1.4801288,-0.575978
-1.4799288,-0.575978
-1.4797288,-0.575978
-1.4795288,-0.575978
-1.4793288,-0.543979
-1.4791288,-0.607977
-1.4789288,-0.575978
-1.4787288,-0.543979
-1.4785288,-0.575978
-1.4783288,-0.575978
-1.4781288,-0.543979
-1.4779288,-0.51198
-1.4777288,-0.543979
-1.4775288,-0.543979
-1.4773288,-0.543979
-1.4771288,-0.543979
-1.4769288,-0.51198
-1.4767288,-0.51198
-1.4765288,-0.543979
-1.4763288,-0.51198
-1.4761288,-0.51198
-1.4759288,-0.51198
-1.4757288,-0.51198
-1.4755288,-0.51198
-1.4753288,-0.543979
-1.4751288,-0.447983
-1.4749288,-0.51198
-1.4747288,-0.447983
-1.4745288,-0.447983
-1.4743288,-0.51198
-1.4741288,-0.51198
-1.4739288,-0.447983
-1.4737288,-0.51198
-1.4735288,-0.479982
-1.4733288,-0.479982
-1.4731288,-0.479982
-1.4729288,-0.447983
-1.4727288,-0.447983
-1.4725288,-0.479982
-1.4723288,-0.447983
-1.4721288,-0.447983
-1.4719288,-0.447983
-1.4717288,-0.415984
-1.4715288,-0.447983
-1.4713288,-0.447983
-1.4711288,-0.479982
-1.4709288,-0.447983
-1.4707288,-0.447983
-1.4705288,-0.447983
-1.4703288,-0.383985
-1.4701288,-0.415984
-1.4699288,-0.447983
-1.4697288,-0.415984
-1.4695288,-0.447983
-1.4693288,-0.447983
-1.4691288,-0.383985
-1.4689288,-0.447983
-1.4687288,-0.415984
-1.4685288,-0.383985
-1.4683288,-0.383985
-1.4681288,-0.383985
-1.4679288,-0.383985
-1.4677288,-0.415984
-1.4675288,-0.351986
-1.4673288,-0.383985
-1.4671288,-0.351986
-1.4669288,-0.383985
-1.4667288,-0.287989
-1.4665288,-0.351986
-1.4663288,-0.351986
-1.4661288,-0.287989
-1.4659288,-0.383985
-1.4657288,-0.383985
-1.4655288,-0.319988
-1.4653288,-0.383985
-1.4651288,-0.319988
-1.4649288,-0.287989
-1.4647288,-0.287989
-1.4645288,-0.25599
-1.4643288,-0.287989
-1.4641288,-0.25599
-1.4639288,-0.25599
-1.4637288,-0.287989
-1.4635288,-0.287989
-1.4633288,-0.287989
-1.4631288,-0.25599
-1.4629288,-0.25599
-1.4627288,-0.25599
-1.4625288,-0.223991
-1.4623288,-0.25599
-1.4621288,-0.191993
-1.4619288,-0.223991
-1.4617288,-0.25599
-1.4615288,-0.223991
-1.4613288,-0.191993
-1.4611288,-0.191993
-1.4609288,-0.191993
-1.4607288,-0.191993
-1.4605288,-0.223991
-1.4603288,-0.223991
-1.4601288,-0.223991
-1.4599288,-0.191993
-1.4597288,-0.159994
-1.4595288,-0.223991
-1.4593288,-0.159994
-1.4591288,-0.191993
-1.4589288,-0.223991
-1.4587288,-0.191993
-1.4585288,-0.0959963
-1.4583288,-0.191993
-1.4581288,-0.127995
-1.4579288,-0.127995
-1.4577288,-0.159994
-1.4575288,-0.159994
-1.4573288,-0.0959963
-1.4571288,-0.127995
-1.4569288,-0.159994
-1.4567288,-0.0959963
-1.4565288,-0.0959963
-1.4563288,-0.127995
-1.4561288,-0.0639975
-1.4559288,-0.127995
-1.4557288,-0.127995
-1.4555288,-0.0959963
-1.4553288,-0.0959963
-1.4551288,-0.0959963
-1.4549288,-0.0959963
-1.4547288,-0.0959963
-1.4545288,-0.0639975
-1.4543288,-0.0639975
-1.4541288,-0.0959963
-1.4539288,-0.0319988
-1.4537288,-0.0959963
-1.4535288,-0.0319988
-1.4533288,-0.0319988
-1.4531288,0.0319988
-1.4529288,-0.0639975
-1.4527288,0.0319988
-1.4525288,0.0319988
-1.4523288,-0.0639975
-1.4521288,0.0639975
-1.4519288,0.0319988
-1.4517288,-0.0319988
-1.4515288,0.0319988
-1.4513288,0.0319988
-1.4511288,0
-1.4509288,0.0319988
-1.4507288,0.0639975
-1.4505288,0.0319988
-1.4503288,0.0319988
-1.4501288,0.0639975
-1.4499288,0.0639975
-1.4497288,0.0639975
-1.4495288,0.0319988
-1.4493288,0.0959963
-1.4491288,0.0639975
-1.4489288,0.0959963
-1.4487288,0.0319988
-1.4485288,0.127995
-1.4483288,0.0959963
-1.4481288,0.0959963
-1.4479288,0.0959963
-1.4477288,0.127995
-1.4475288,0.0639975
-1.4473288,0.127995
-1.4471288,0.159994
-1.4469288,0.0959963
-1.4467288,0.159994
-1.4465288,0.127995
-1.4463288,0.127995
-1.4461288,0.127995
-1.4459288,0.159994
-1.4457288,0.159994
-1.4455288,0.159994
-1.4453288,0.159994
-1.4451288,0.159994
-1.4449288,0.223991
-1.4447288,0.223991
-1.4445288,0.191993
-1.4443288,0.223991
-1.4441288,0.191993
-1.4439288,0.191993
-1.4437288,0.223991
-1.4435288,0.223991
-1.4433288,0.223991
-1.4431288,0.223991
-1.4429288,0.223991
-1.4427288,0.25599
-1.4425288,0.25599
-1.4423288,0.223991
-1.4421288,0.25599
-1.4419288,0.287989
-1.4417288,0.223991
-1.4415288,0.319988
-1.4413288,0.287989
-1.4411288,0.25599
-1.4409288,0.223991
-1.4407288,0.319988
-1.4405288,0.223991
-1.4403288,0.287989
-1.4401288,0.287989
-1.4399288,0.287989
-1.4397288,0.319988
-1.4395288,0.319988
-1.4393288,0.287989
-1.4391288,0.383985
-1.4389288,0.351986
-1.4387288,0.319988
-1.4385288,0.351986
-1.4383288,0.351986
-1.4381288,0.351986
-1.4379288,0.351986
-1.4377288,0.383985
-1.4375288,0.383985
-1.4373288,0.351986
-1.4371288,0.415984
-1.4369288,0.383985
-1.4367288,0.351986
-1.4365288,0.447983
-1.4363288,0.383985
-1.4361288,0.351986
-1.4359288,0.415984
-1.4357288,0.351986
-1.4355288,0.383985
-1.4353288,0.447983
-1.4351288,0.447983
-1.4349288,0.383985
-1.4347288,0.447983
-1.4345288,0.415984
-1.4343288,0.383985
-1.4341288,0.415984
-1.4339288,0.415984
-1.4337288,0.447983
-1.4335288,0.479982
-1.4333288,0.447983
-1.4331288,0.415984
-1.4329288,0.479982
-1.4327288,0.447983
-1.4325288,0.447983
-1.4323288,0.479982
-1.4321288,0.479982
-1.4319288,0.447983
-1.4317288,0.51198
-1.4315288,0.51198
-1.4313288,0.51198
-1.4311288,0.479982
-1.4309288,0.479982
-1.4307288,0.543979
-1.4305288,0.543979
-1.4303288,0.51198
-1.4301288,0.543979
-1.4299288,0.51198
-1.4297288,0.51198
-1.4295288,0.479982
-1.4293288,0.543979
-1.4291288,0.543979
-1.4289288,0.51198
-1.4287288,0.543979
-1.4285288,0.543979
-1.4283288,0.543979
-1.4281288,0.543979
-1.4279288,0.607977
-1.4277288,0.543979
-1.4275288,0.575978
-1.4273288,0.607977
-1.4271288,0.575978
-1.4269288,0.607977
-1.4267288,0.575978
-1.4265288,0.575978
-1.4263288,0.575978
-1.4261288,0.575978
-1.4259288,0.575978
-1.4257288,0.607977
-1.4255288,0.607977
-1.4253288,0.543979
-1.4251288,0.607977
-1.4249288,0.607977
-1.4247288,0.607977
-1.4245288,0.607977
-1.4243288,0.639975
-1.4241288,0.607977
-1.4239288,0.607977
-1.4237288,0.639975
-1.4235288,0.607977
-1.4233288,0.607977
-1.4231288,0.671974
-1.4229288,0.575978
-1.4227288,0.639975
-1.4225288,0.671974
-1.4223288,0.639975
-1.4221288,0.639975
-1.4219288,0.671974
-1.4217288,0.607977
-1.4215288,0.639975
-1.4213288,0.703973
-1.4211288,0.671974
-1.4209288,0.639975
-1.4207288,0.639975
-1.4205288,0.639975
-1.4203288,0.639975
-1.4201288,0.671974
-1.4199288,0.671974
-1.4197288,0.671974
-1.4195288,0.639975
-1.4193288,0.639975
-1.4191288,0.639975
-1.4189288,0.671974
-1.4187288,0.639975
-1.4185288,0.639975
-1.4183288,0.735972
-1.4181288,0.703973
-1.4179288,0.671974
-1.4177288,0.735972
-1.4175288,0.671974
-1.4173288,0.735972
-1.4171288,0.703973
-1.4169288,0.671974
-1.4167288,0.703973
-1.4165288,0.703973
-1.4163288,0.671974
-1.4161288,0.703973
-1.4159288,0.735972
-1.4157288,0.703973
-1.4155288,0.703973
-1.4153288,0.735972
-1.4151288,0.703973
-1.4149288,0.703973
-1.4147288,0.703973
-1.4145288,0.703973
-1.4143288,0.671974
-1.4141288,0.735972
-1.4139288,0.671974
-1.4137288,0.735972
-1.4135288,0.735972
-1.4133288,0.735972
-1.4131288,0.703973
-1.4129288,0.799969
-1.4127288,0.703973
-1.4125288,0.735972
-1.4123288,0.767971
-1.4121288,0.703973
-1.4119288,0.703973
-1.4117288,0.735972
-1.4115288,0.767971
-1.4113288,0.703973
-1.4111288,0.767971
-1.4109288,0.767971
-1.4107288,0.767971
-1.4105288,0.799969
-1.4103288,0.767971
-1.4101288,0.735972
-1.4099288,0.799969
-1.4097288,0.767971
-1.4095288,0.767971
-1.4093288,0.799969
-1.4091288,0.735972
-1.4089288,0.767971
-1.4087288,0.799969
-1.4085288,0.767971
-1.4083288,0.767971
-1.4081288,0.735972
-1.4079288,0.735972
-1.4077288,0.767971
-1.4075288,0.799969
-1.4073288,0.767971
-1.4071288,0.767971
-1.4069288,0.799969
-1.4067288,0.767971
-1.4065288,0.767971
-1.4063288,0.799969
-1.4061288,0.831968
-1.4059288,0.735972
-1.4057288,0.799969
-1.4055288,0.767971
-1.4053288,0.767971
-1.4051288,0.799969
-1.4049288,0.767971
-1.4047288,0.735972
-1.4045288,0.799969
-1.4043288,0.799969
-1.4041288,0.799969
-1.4039288,0.831968
-1.4037288,0.767971
-1.4035288,0.831968
-1.4033288,0.863967
-1.4031288,0.831968
-1.4029288,0.735972
-1.4027288,0.831968
-1.4025288,0.767971
-1.4023288,0.831968
-1.4021288,0.831968
-1.4019288,0.799969
-1.4017288,0.831968
-1.4015288,0.863967
-1.4013288,0.831968
-1.4011288,0.767971
-1.4009288,0.831968
-1.4007288,0.831968
-1.4005288,0.799969
-1.4003288,0.895966
-1.4001288,0.831968
-1.3999288,0.799969
-1.3997288,0.831968
-1.3995288,0.831968
-1.3993288,0.799969
-1.3991288,0.831968
-1.3989288,0.799969
-1.3987288,0.799969
-1.3985288,0.895966
-1.3983288,0.831968
-1.3981288,0.799969
-1.3979288,0.831968
-1.3977288,0.831968
-1.3975288,0.767971
-1.3973288,0.863967
-1.3971288,0.831968
-1.3969288,0.831968
-1.3967288,0.895966
-1.3965288,0.831968
-1.3963288,0.863967
-1.3961288,0.863967
-1.3959288,0.831968
-1.3957288,0.799969
-1.3955288,0.863967
-1.3953288,0.831968
-1.3951288,0.831968
-1.3949288,0.831968
-1.3947288,0.799969
-1.3945288,0.799969
-1.3943288,0.895966
-1.3941288,0.831968
-1.3939288,0.831968
-1.3937288,0.863967
-1.3935288,0.831968
-1.3933288,0.831968
-1.3931288,0.831968
-1.3929288,0.799969
-1.3927288,0.831968
-1.3925288,0.863967
-1.3923288,0.863967
-1.3921288,0.863967
-1.3919288,0.863967
-1.3917288,0.831968
-1.3915288,0.831968
-1.3913288,0.895966
-1.3911288,0.831968
-1.3909288,0.831968
-1.3907288,0.863967
-1.3905288,0.863967
-1.3903288,0.831968
-1.3901288,0.863967
-1.3899288,0.863967
-1.3897288,0.863967
-1.3895288,0.895966
-1.3893288,0.831968
-1.3891288,0.831968
-1.3889288,0.927964
-1.3887288,0.895966
-1.3885288,0.863967
-1.3883288,0.895966
-1.3881288,0.799969
-1.3879288,0.863967
-1.3877288,0.863967
-1.3875288,0.863967
-1.3873288,0.863967
-1.3871288,0.863967
-1.3869288,0.895966
-1.3867288,0.895966
-1.3865288,0.895966
-1.3863288,0.863967
-1.3861288,0.863967
-1.3859288,0.927964
-1.3857288,0.863967
-1.3855288,0.863967
-1.3853288,0.863967
-1.3851288,0.831968
-1.3849288,0.863967
-1.3847288,0.895966
-1.3845288,0.863967
-1.3843288,0.895966
-1.3841288,0.863967
-1.3839288,0.863967
-1.3837288,0.799969
-1.3835288,0.863967
-1.3833288,0.831968
-1.3831288,0.863967
-1.3829288,0.863967
-1.3827288,0.895966
-1.3825288,0.831968
-1.3823288,0.895966
-1.3821288,0.895966
-1.3819288,0.831968
-1.3817288,0.863967
-1.3815288,0.895966
-1.3813288,0.863967
-1.3811288,0.895966
-1.3809288,0.863967
-1.3807288,0.863967
-1.3805288,0.863967
-1.3803288,0.863967
-1.3801288,0.863967
-1.3799288,0.863967
-1.3797288,0.863967
-1.3795288,0.863967
-1.3793288,0.895966
-1.3791288,0.831968
-1.3789288,0.895966
-1.3787288,0.895966
-1.3785288,0.863967
-1.3783288,0.863967
-1.3781288,0.927964
-1.3779288,0.831968
-1.3777288,0.863967
-1.3775288,0.863967
-1.3773288,0.863967
-1.3771288,0.863967
-1.3769288,0.863967
-1.3767288,0.863967
-1.3765288,0.799969
-1.3763288,0.863967
-1.3761288,0.895966
-1.3759288,0.863967
-1.3757288,0.863967
-1.3755288,0.831968
-1.3753288,0.863967
-1.3751288,0.895966
-1.3749288,0.863967
-1.3747288,0.863967
-1.3745288,0.863967
-1.3743288,0.831968
-1.3741288,0.863967
-1.3739288,0.895966
-1.3737288,0.863967
-1.3735288,0.863967
-1.3733288,0.863967
-1.3731288,0.799969
-1.3729288,0.831968
-1.3727288,0.895966
-1.3725288,0.863967
-1.3723288,0.863967
-1.3721288,0.863967
-1.3719288,0.895966
-1.3717288,0.895966
-1.3715288,0.895966
-1.3713288,0.831968
-1.3711288,0.831968
-1.3709288,0.863967
-1.3707288,0.895966
-1.3705288,0.863967
-1.3703288,0.863967
-1.3701288,0.799969
-1.3699288,0.831968
-1.3697288,0.895966
-1.3695288,0.831968
-1.3693288,0.831968
-1.3691288,0.831968
-1.3689288,0.863967
-1.3687288,0.831968
-1.3685288,0.863967
-1.3683288,0.831968
-1.3681288,0.799969
-1.3679288,0.863967
-1.3677288,0.831968
-1.3675288,0.799969
-1.3673288,0.895966
-1.3671288,0.799969
-1.3669288,0.767971
-1.3667288,0.831968
-1.3665288,0.831968
-1.3663288,0.767971
-1.3661288,0.863967
-1.3659288,0.831968
-1.3657288,0.831968
-1.3655288,0.799969
-1.3653288,0.831968
-1.3651288,0.799969
-1.3649288,0.831968
-1.3647288,0.863967
-1.3645288,0.799969
-1.3643288,0.831968
-1.3641288,0.799969
-1.3639288,0.799969
-1.3637288,0.831968
-1.3635288,0.799969
-1.3633288,0.831968
-1.3631288,0.831968
-1.3629288,0.735972
-1.3627288,0.799969
-1.3625288,0.799969
-1.3623288,0.767971
-1.3621288,0.831968
-1.3619288,0.863967
-1.3617288,0.831968
-1.3615288,0.799969
-1.3613288,0.799969
-1.3611288,0.831968
-1.3609288,0.767971
-1.3607288,0.831968
-1.3605288,0.767971
-1.3603288,0.799969
-1.3601288,0.831968
-1.3599288,0.799969
-1.3597288,0.799969
-1.3595288,0.831968
-1.3593288,0.767971
-1.3591288,0.767971
-1.3589288,0.767971
-1.3587288,0.767971
-1.3585288,0.735972
-1.3583288,0.799969
-1.3581288,0.799969
-1.3579288,0.735972
-1.3577288,0.767971
-1.3575288,0.767971
-1.3573288,0.735972
-1.3571288,0.767971
-1.3569288,0.735972
-1.3567288,0.735972
-1.3565288,0.767971
-1.3563288,0.767971
-1.3561288,0.735972
-1.3559288,0.767971
-1.3557288,0.735972
-1.3555288,0.735972
-1.3553288,0.767971
-1.3551288,0.703973
-1.3549288,0.703973
-1.3547288,0.735972
-1.3545288,0.735972
-1.3543288,0.703973
-1.3541288,0.767971
-1.3539288,0.703973
-1.3537288,0.735972
-1.3535288,0.767971
-1.3533288,0.703973
-1.3531288,0.703973
-1.3529288,0.703973
-1.3527288,0.735972
-1.3525288,0.703973
-1.3523288,0.767971
-1.3521288,0.671974
-1.3519288,0.703973
-1.3517288,0.767971
-1.3515288,0.671974
-1.3513288,0.703973
-1.3511288,0.703973
-1.3509288,0.671974
-1.3507288,0.671974
-1.3505288,0.767971
-1.3503288,0.703973
-1.3501288,0.703973
-1.3499288,0.703973
-1.3497288,0.703973
-1.3495288,0.639975
-1.3493288,0.703973
-1.3491288,0.703973
-1.3489288,0.671974
-1.3487288,0.671974
-1.3485288,0.607977
-1.3483288,0.671974
-1.3481288,0.671974
-1.3479288,0.607977
-1.3477288,0.607977
-1.3475288,0.671974
-1.3473288,0.639975
-1.3471288,0.639975
-1.3469288,0.671974
-1.3467288,0.671974
-1.3465288,0.607977
-1.3463288,0.639975
-1.3461288,0.607977
-1.3459288,0.607977
-1.3457288,0.639975
-1.3455288,0.575978
-1.3453288,0.639975
-1.3451288,0.639975
-1.3449288,0.639975
-1.3447288,0.575978
-1.3445288,0.639975
-1.3443288,0.575978
-1.3441288,0.607977
-1.3439288,0.607977
-1.3437288,0.607977
-1.3435288,0.607977
-1.3433288,0.639975
-1.3431288,0.607977
-1.3429288,0.607977
-1.3427288,0.607977
-1.3425288,0.543979
-1.3423288,0.607977
-1.3421288,0.607977
-1.3419288,0.575978
-1.3417288,0.543979
-1.3415288,0.575978
-1.3413288,0.543979
-1.3411288,0.607977
-1.3409288,0.575978
-1.3407288,0.543979
-1.3405288,0.543979
-1.3403288,0.607977
-1.3401288,0.51198
-1.3399288,0.543979
-1.3397288,0.543979
-1.3395288,0.51198
-1.3393288,0.543979
-1.3391288,0.575978
-1.3389288,0.543979
-1.3387288,0.543979
-1.3385288,0.575978
-1.3383288,0.51198
-1.3381288,0.51198
-1.3379288,0.51198
-1.3377288,0.479982
-1.3375288,0.479982
-1.3373288,0.51198
-1.3371288,0.479982
-1.3369288,0.51198
-1.3367288,0.479982
-1.3365288,0.479982
-1.3363288,0.479982
-1.3361288,0.415984
-1.3359288,0.447983
-1.3357288,0.447983
-1.3355288,0.543979
-1.3353288,0.447983
-1.3351288,0.447983
-1.3349288,0.447983
-1.3347288,0.415984
-1.3345288,0.447983
-1.3343288,0.415984
-1.3341288,0.415984
-1.3339288,0.479982
-1.3337288,0.383985
-1.3335288,0.351986
-1.3333288,0.447983
-1.3331288,0.383985
-1.3329288,0.415984
-1.3327288,0.447983
-1.3325288,0.383985
-1.3323288,0.383985
-1.3321288,0.383985
-1.3319288,0.351986
-1.3317288,0.319988
-1.3315288,0.383985
-1.3313288,0.383985
-1.3311288,0.351986
-1.3309288,0.351986
-1.3307288,0.319988
-1.3305288,0.351986
-1.3303288,0.383985
-1.3301288,0.319988
-1.3299288,0.319988
-1.3297288,0.351986
-1.3295288,0.319988
-1.3293288,0.319988
-1.3291288,0.319988
-1.3289288,0.319988
-1.3287288,0.351986
-1.3285288,0.319988
-1.3283288,0.287989
-1.3281288,0.25599
-1.3279288,0.25599
-1.3277288,0.287989
-1.3275288,0.25599
-1.3273288,0.319988
-1.3271288,0.287989
-1.3269288,0.287989
-1.3267288,0.287989
-1.3265288,0.25599
-1.3263288,0.287989
-1.3261288,0.287989
-1.3259288,0.223991
-1.3257288,0.223991
-1.3255288,0.223991
-1.3253288,0.25599
-1.3251288,0.223991
-1.3249288,0.223991
-1.3247288,0.223991
-1.3245288,0.223991
-1.3243288,0.223991
-1.3241288,0.191993
-1.3239288,0.159994
-1.3237288,0.191993
-1.3235288,0.191993
-1.3233288,0.159994
-1.3231288,0.223991
-1.3229288,0.191993
-1.3227288,0.25599
-1.3225288,0.159994
-1.3223288,0.159994
-1.3221288,0.191993
-1.3219288,0.191993
-1.3217288,0.127995
-1.3215288,0.223991
-1.3213288,0.159994
-1.3211288,0.159994
-1.3209288,0.191993
-1.3207288,0.159994
-1.3205288,0.159994
-1.3203288,0.127995
-1.3201288,0.127995
-1.3199288,0.127995
-1.3197288,0.159994
-1.3195288,0.0959963
-1.3193288,0.159994
-1.3191288,0.127995
-1.3189288,0.127995
-1.3187288,0.127995
-1.3185288,0.127995
-1.3183288,0.159994
-1.3181288,0.0959963
-1.3179288,0.0959963
-1.3177288,0.127995
-1.3175288,0.127995
-1.3173288,0.0639975
-1.3171288,0.127995
-1.3169288,0.127995
-1.3167288,0.0959963
-1.3165288,0.127995
-1.3163288,0.0639975
-1.3161288,0.0959963
-1.3159288,0.0959963
-1.3157288,0.0639975
-1.3155288,0.0959963
-1.3153288,0.0959963
-1.3151288,0.0959963
-1.3149288,0.0639975
-1.3147288,0.0959963
-1.3145288,0.0959963
-1.3143288,0.0319988
-1.3141288,0.0959963
-1.3139288,0.0639975
-1.3137288,0.0639975
-1.3135288,0.0639975
-1.3133288,0.0959963
-1.3131288,0.0319988
-1.3129288,0.0319988
-1.3127288,0.0639975
-1.3125288,0.0319988
-1.3123288,0.0319988
-1.3121288,0.0639975
-1.3119288,0
-1.3117288,0
-1.3115288,0.0319988
-1.3113288,0
-1.3111288,0.0319988
-1.3109288,0
-1.3107288,-0.0319988
-1.3105288,0.0319988
-1.3103288,0.0319988
-1.3101288,-0.0639975
-1.3099288,-0.0319988
-1.3097288,-0.0319988
-1.3095288,-0.0319988
-1.3093288,-0.0319988
-1.3091288,-0.0319988
-1.3089288,-0.0319988
-1.3087288,-0.0319988
-1.3085288,-0.0319988
-1.3083288,-0.0959963
-1.3081288,-0.0319988
-1.3079288,-0.0319988
-1.3077288,-0.0319988
-1.3075288,-0.0319988
-1.3073288,-0.0639975
-1.3071288,-0.127995
-1.3069288,-0.0959963
-1.3067288,-0.0959963
-1.3065288,-0.127995
-1.3063288,-0.0639975
-1.3061288,-0.0959963
-1.3059288,-0.127995
-1.3057288,-0.0959963
-1.3055288,-0.0959963
-1.3053288,-0.127995
-1.3051288,-0.0959963
-1.3049288,-0.0959963
-1.3047288,-0.159994
-1.3045288,-0.127995
-1.3043288,-0.0959963
-1.3041288,-0.127995
-1.3039288,-0.127995
-1.3037288,-0.127995
-1.3035288,-0.159994
-1.3033288,-0.159994
-1.3031288,-0.127995
-1.3029288,-0.159994
-1.3027288,-0.127995
-1.3025288,-0.159994
-1.3023288,-0.159994
-1.3021288,-0.159994
-1.3019288,-0.159994
-1.3017288,-0.191993
-1.3015288,-0.127995
-1.3013288,-0.127995
-1.3011288,-0.223991
-1.3009288,-0.159994
-1.3007288,-0.159994
-1.3005288,-0.191993
-1.3003288,-0.191993
-1.3001288,-0.191993
-1.2999288,-0.223991
-1.2997288,-0.159994
-1.2995288,-0.191993
-1.2993288,-0.223991
-1.2991288,-0.191993
-1.2989288,-0.25599
-1.2987288,-0.191993
-1.2985288,-0.191993
-1.2983288,-0.191993
-1.2981288,-0.191993
-1.2979288,-0.223991
-1.2977288,-0.223991
-1.2975288,-0.191993
-1.2973288,-0.191993
-1.2971288,-0.223991
-1.2969288,-0.223991
-1.2967288,-0.223991
-1.2965288,-0.223991
-1.2963288,-0.25599
-1.2961288,-0.287989
-1.2959288,-0.191993
-1.2957288,-0.223991
-1.2955288,-0.191993
-1.2953288,-0.159994
-1.2951288,-0.223991
-1.2949288,-0.287989
-1.2947288,-0.25599
-1.2945288,-0.287989
-1.2943288,-0.223991
-1.2941288,-0.25599
-1.2939288,-0.25599
-1.2937288,-0.25599
-1.2935288,-0.223991
-1.2933288,-0.287989
-1.2931288,-0.25599
-1.2929288,-0.25599
-1.2927288,-0.25599
-1.2925288,-0.287989
-1.2923288,-0.25599
-1.2921288,-0.287989
-1.2919288,-0.25599
-1.2917288,-0.25599
-1.2915288,-0.287989
-1.2913288,-0.25599
-1.2911288,-0.223991
-1.2909288,-0.287989
-1.2907288,-0.223991
-1.2905288,-0.287989
-1.2903288,-0.25599
-1.2901288,-0.287989
-1.2899288,-0.25599
-1.2897288,-0.287989
-1.2895288,-0.223991
-1.2893288,-0.287989
-1.2891288,-0.287989
-1.2889288,-0.287989
-1.2887288,-0.287989
-1.2885288,-0.287989
-1.2883288,-0.25599
-1.2881288,-0.287989
-1.2879288,-0.287989
-1.2877288,-0.319988
-1.2875288,-0.25599
-1.2873288,-0.319988
-1.2871288,-0.287989
-1.2869288,-0.351986
-1.2867288,-0.319988
-1.2865288,-0.287989
-1.2863288,-0.319988
-1.2861288,-0.319988
-1.2859288,-0.319988
-1.2857288,-0.25599
-1.2855288,-0.287989
-1.2853288,-0.287989
-1.2851288,-0.351986
-1.2849288,-0.319988
-1.2847288,-0.319988
-1.2845288,-0.25599
-1.2843288,-0.319988
-1.2841288,-0.319988
-1.2839288,-0.319988
-1.2837288,-0.25599
-1.2835288,-0.351986
-1.2833288,-0.287989
-1.2831288,-0.319988
-1.2829288,-0.319988
-1.2827288,-0.351986
-1.2825288,-0.319988
-1.2823288,-0.383985
-1.2821288,-0.351986
-1.2819288,-0.319988
-1.2817288,-0.319988
-1.2815288,-0.319988
-1.2813288,-0.319988
-1.2811288,-0.351986
-1.2809288,-0.351986
-1.2807288,-0.319988
-1.2805288,-0.383985
-1.2803288,-0.319988
-1.2801288,-0.319988
-1.2799288,-0.351986
-1.2797288,-0.351986
-1.2795288,-0.319988
-1.2793288,-0.351986
-1.2791288,-0.383985
-1.2789288,-0.351986
-1.2787288,-0.351986
-1.2785288,-0.351986
-1.2783288,-0.351986
-1.2781288,-0.383985
-1.2779288,-0.287989
-1.2777288,-0.351986
-1.2775288,-0.383985
-1.2773288,-0.351986
-1.2771288,-0.351986
-1.2769288,-0.383985
-1.2767288,-0.383985
-1.2765288,-0.351986
-1.2763288,-0.383985
-1.2761288,-0.351986
-1.2759288,-0.351986
-1.2757288,-0.415984
-1.2755288,-0.383985
-1.2753288,-0.447983
-1.2751288,-0.415984
-1.2749288,-0.415984
-1.2747288,-0.351986
-1.2745288,-0.447983
-1.2743288,-0.415984
-1.2741288,-0.383985
-1.2739288,-0.383985
-1.2737288,-0.415984
-1.2735288,-0.383985
-1.2733288,-0.447983
-1.2731288,-0.447983
-1.2729288,-0.383985
-1.2727288,-0.415984
-1.2725288,-0.415984
-1.2723288,-0.383985
-1.2721288,-0.447983
-1.2719288,-0.383985
-1.2717288,-0.415984
-1.2715288,-0.447983
-1.2713288,-0.415984
-1.2711288,-0.415984
-1.2709288,-0.479982
-1.2707288,-0.447983
-1.2705288,-0.479982
-1.2703288,-0.447983
-1.2701288,-0.415984
-1.2699288,-0.415984
-1.2697288,-0.51198
-1.2695288,-0.415984
-1.2693288,-0.415984
-1.2691288,-0.447983
-1.2689288,-0.479982
-1.2687288,-0.447983
-1.2685288,-0.415984
-1.2683288,-0.383985
-1.2681288,-0.415984
-1.2679288,-0.447983
-1.2677288,-0.415984
-1.2675288,-0.415984
-1.2673288,-0.447983
-1.2671288,-0.415984
-1.2669288,-0.447983
-1.2667288,-0.447983
-1.2665288,-0.415984
-1.2663288,-0.447983
-1.2661288,-0.479982
-1.2659288,-0.447983
-1.2657288,-0.415984
-1.2655288,-0.447983
-1.2653288,-0.415984
-1.2651288,-0.415984
-1.2649288,-0.479982
-1.2647288,-0.447983
-1.2645288,-0.415984
-1.2643288,-0.415984
-1.2641288,-0.415984
-1.2639288,-0.415984
-1.2637288,-0.447983
-1.2635288,-0.479982
-1.2633288,-0.415984
-1.2631288,-0.479982
-1.2629288,-0.447983
-1.2627288,-0.415984
-1.2625288,-0.479982
-1.2623288,-0.383985
-1.2621288,-0.415984
-1.2619288,-0.479982
-1.2617288,-0.415984
-1.2615288,-0.415984
-1.2613288,-0.447983
-1.2611288,-0.447983
-1.2609288,-0.415984
-1.2607288,-0.479982
-1.2605288,-0.383985
-1.2603288,-0.415984
-1.2601288,-0.447983
-1.2599288,-0.447983
-1.2597288,-0.447983
-1.2595288,-0.479982
-1.2593288,-0.415984
-1.2591288,-0.415984
-1.2589288,-0.51198
-1.2587288,-0.415984
-1.2585288,-0.447983
-1.2583288,-0.479982
-1.2581288,-0.447983
-1.2579288,-0.447983
-1.2577288,-0.415984
-1.2575288,-0.479982
-1.2573288,-0.415984
-1.2571288,-0.479982
-1.2569288,-0.447983
-1.2567288,-0.415984
-1.2565288,-0.447983
-1.2563288,-0.415984
-1.2561288,-0.447983
-1.2559288,-0.447983
-1.2557288,-0.415984
-1.2555288,-0.415984
-1.2553288,-0.479982
-1.2551288,-0.415984
-1.2549288,-0.415984
-1.2547288,-0.447983
-1.2545288,-0.447983
-1.2543288,-0.383985
-1.2541288,-0.447983
-1.2539288,-0.415984
-1.2537288,-0.415984
-1.2535288,-0.447983
-1.2533288,-0.415984
-1.2531288,-0.383985
-1.2529288,-0.447983
-1.2527288,-0.383985
-1.2525288,-0.383985
-1.2523288,-0.479982
-1.2521288,-0.415984
-1.2519288,-0.383985
-1.2517288,-0.415984
-1.2515288,-0.447983
-1.2513288,-0.383985
-1.2511288,-0.479982
-1.2509288,-0.447983
-1.2507288,-0.415984
-1.2505288,-0.479982
-1.2503288,-0.415984
-1.2501288,-0.383985
-1.2499288,-0.415984
-1.2497288,-0.415984
-1.2495288,-0.415984
-1.2493288,-0.447983
-1.2491288,-0.415984
-1.2489288,-0.447983
-1.2487288,-0.447983
-1.2485288,-0.415984
-1.2483288,-0.447983
-1.2481288,-0.415984
-1.2479288,-0.415984
-1.2477288,-0.415984
-1.2475288,-0.479982
-1.2473288,-0.447983
-1.2471288,-0.415984
-1.2469288,-0.415984
-1.2467288,-0.415984
-1.2465288,-0.447983
-1.2463288,-0.447983
-1.2461288,-0.479982
-1.2459288,-0.415984
-1.2457288,-0.447983
-1.2455288,-0.447983
-1.2453288,-0.447983
-1.2451288,-0.447983
-1.2449288,-0.447983
-1.2447288,-0.447983
-1.2445288,-0.415984
-1.2443288,-0.447983
-1.2441288,-0.415984
-1.2439288,-0.415984
-1.2437288,-0.447983
-1.2435288,-0.415984
-1.2433288,-0.479982
-1.2431288,-0.479982
-1.2429288,-0.447983
-1.2427288,-0.447983
-1.2425288,-0.447983
-1.2423288,-0.415984
-1.2421288,-0.479982
-1.2419288,-0.479982
-1.2417288,-0.447983
-1.2415288,-0.479982
-1.2413288,-0.447983
-1.2411288,-0.447983
-1.2409288,-0.479982
-1.2407288,-0.479982
-1.2405288,-0.447983
-1.2403288,-0.447983
-1.2401288,-0.415984
-1.2399288,-0.447983
-1.2397288,-0.479982
-1.2395288,-0.447983
-1.2393288,-0.415984
-1.2391288,-0.447983
-1.2389288,-0.447983
-1.2387288,-0.447983
-1.2385288,-0.479982
-1.2383288,-0.447983
-1.2381288,-0.447983
-1.2379288,-0.447983
-1.2377288,-0.447983
-1.2375288,-0.447983
-1.2373288,-0.447983
-1.2371288,-0.415984
-1.2369288,-0.447983
-1.2367288,-0.479982
-1.2365288,-0.447983
-1.2363288,-0.447983
-1.2361288,-0.479982
-1.2359288,-0.479982
-1.2357288,-0.447983
-1.2355288,-0.479982
-1.2353288,-0.447983
-1.2351288,-0.447983
-1.2349288,-0.51198
-1.2347288,-0.447983
-1.2345288,-0.447983
-1.2343288,-0.479982
-1.2341288,-0.447983
-1.2339288,-0.415984
-1.2337288,-0.479982
-1.2335288,-0.447983
-1.2333288,-0.447983
-1.2331288,-0.479982
-1.2329288,-0.415984
-1.2327288,-0.415984
-1.2325288,-0.447983
-1.2323288,-0.447983
-1.2321288,-0.447983
-1.2319288,-0.447983
-1.2317288,-0.415984
-1.2315288,-0.415984
-1.2313288,-0.447983
-1.2311288,-0.383985
-1.2309288,-0.447983
-1.2307288,-0.415984
-1.2305288,-0.383985
-1.2303288,-0.383985
-1.2301288,-0.479982
-1.2299288,-0.447983
-1.2297288,-0.447983
-1.2295288,-0.447983
-1.2293288,-0.415984
-1.2291288,-0.383985
-1.2289288,-0.415984
-1.2287288,-0.383985
-1.2285288,-0.383985
-1.2283288,-0.383985
-1.2281288,-0.447983
-1.2279288,-0.383985
-1.2277288,-0.447983
-1.2275288,-0.415984
-1.2273288,-0.415984
-1.2271288,-0.415984
-1.2269288,-0.351986
-1.2267288,-0.415984
-1.2265288,-0.415984
-1.2263288,-0.415984
-1.2261288,-0.351986
-1.2259288,-0.415984
-1.2257288,-0.383985
-1.2255288,-0.319988
-1.2253288,-0.415984
-1.2251288,-0.383985
-1.2249288,-0.383985
-1.2247288,-0.351986
-1.2245288,-0.351986
-1.2243288,-0.351986
-1.2241288,-0.383985
-1.2239288,-0.351986
-1.2237288,-0.351986
-1.2235288,-0.383985
-1.2233288,-0.383985
-1.2231288,-0.351986
-1.2229288,-0.351986
-1.2227288,-0.383985
-1.2225288,-0.351986
-1.2223288,-0.383985
-1.2221288,-0.25599
-1.2219288,-0.351986
-1.2217288,-0.383985
-1.2215288,-0.351986
-1.2213288,-0.319988
-1.2211288,-0.351986
-1.2209288,-0.351986
-1.2207288,-0.351986
-1.2205288,-0.383985
-1.2203288,-0.351986
-1.2201288,-0.319988
-1.2199288,-0.383985
-1.2197288,-0.351986
-1.2195288,-0.351986
-1.2193288,-0.319988
-1.2191288,-0.351986
-1.2189288,-0.319988
-1.2187288,-0.351986
-1.2185288,-0.287989
-1.2183288,-0.319988
-1.2181288,-0.351986
-1.2179288,-0.319988
-1.2177288,-0.287989
-1.2175288,-0.287989
-1.2173288,-0.319988
-1.2171288,-0.319988
-1.2169288,-0.319988
-1.2167288,-0.319988
-1.2165288,-0.319988
-1.2163288,-0.351986
-1.2161288,-0.319988
-1.2159288,-0.319988
-1.2157288,-0.351986
-1.2155288,-0.319988
-1.2153288,-0.319988
-1.2151288,-0.319988
-1.2149288,-0.287989
-1.2147288,-0.319988
-1.2145288,-0.319988
-1.2143288,-0.319988
-1.2141288,-0.319988
-1.2139288,-0.319988
-1.2137288,-0.287989
-1.2135288,-0.319988
-1.2133288,-0.287989
-1.2131288,-0.25599
-1.2129288,-0.287989
-1.2127288,-0.25599
-1.2125288,-0.25599
-1.2123288,-0.287989
-1.2121288,-0.287989
-1.2119288,-0.287989
-1.2117288,-0.287989
-1.2115288,-0.25599
-1.2113288,-0.223991
-1.2111288,-0.25599
-1.2109288,-0.25599
-1.2107288,-0.287989
-1.2105288,-0.25599
-1.2103288,-0.287989
-1.2101288,-0.287989
-1.2099288,-0.25599
-1.2097288,-0.287989
-1.2095288,-0.287989
-1.2093288,-0.25599
-1.2091288,-0.287989
-1.2089288,-0.25599
-1.2087288,-0.25599
-1.2085288,-0.287989
-1.2083288,-0.223991
-1.2081288,-0.25599
-1.2079288,-0.25599
-1.2077288,-0.25599
-1.2075288,-0.25599
-1.2073288,-0.25599
-1.2071288,-0.223991
-1.2069288,-0.25599
-1.2067288,-0.25599
-1.2065288,-0.25599
-1.2063288,-0.287989
-1.2061288,-0.25599
-1.2059288,-0.191993
-1.2057288,-0.25599
-1.2055288,-0.287989
-1.2053288,-0.25599
-1.2051288,-0.25599
-1.2049288,-0.25599
-1.2047288,-0.191993
-1.2045288,-0.25599
-1.2043288,-0.25599
-1.2041288,-0.223991
-1.2039288,-0.223991
-1.2037288,-0.223991
-1.2035288,-0.159994
-1.2033288,-0.25599
-1.2031288,-0.223991
-1.2029288,-0.223991
-1.2027288,-0.223991
-1.2025288,-0.25599
-1.2023288,-0.25599
-1.2021288,-0.223991
-1.2019288,-0.25599
-1.2017288,-0.223991
-1.2015288,-0.25599
-1.2013288,-0.25599
-1.2011288,-0.191993
-1.2009288,-0.25599
-1.2007288,-0.191993
-1.2005288,-0.223991
-1.2003288,-0.223991
-1.2001288,-0.191993
-1.1999288,-0.25599
-1.1997288,-0.191993
-1.1995288,-0.191993
-1.1993288,-0.191993
-1.1991288,-0.191993
-1.1989288,-0.25599
-1.1987288,-0.223991
-1.1985288,-0.223991
-1.1983288,-0.25599
-1.1981288,-0.191993
-1.1979288,-0.223991
-1.1977288,-0.223991
-1.1975288,-0.223991
-1.1973288,-0.223991
-1.1971288,-0.191993
-1.1969288,-0.191993
-1.1967288,-0.25599
-1.1965288,-0.223991
-1.1963288,-0.223991
-1.1961288,-0.223991
-1.1959288,-0.223991
-1.1957288,-0.25599
-1.1955288,-0.25599
-1.1953288,-0.223991
-1.1951288,-0.223991
-1.1949288,-0.223991
-1.1947288,-0.223991
-1.1945288,-0.191993
-1.1943288,-0.159994
-1.1941288,-0.159994
-1.1939288,-0.191993
-1.1937288,-0.25599
-1.1935288,-0.191993
-1.1933288,-0.159994
-1.1931288,-0.191993
-1.1929288,-0.25599
-1.1927288,-0.159994
-1.1925288,-0.223991
-1.1923288,-0.223991
-1.1921288,-0.191993
-1.1919288,-0.191993
-1.1917288,-0.223991
-1.1915288,-0.223991
-1.1913288,-0.191993
-1.1911288,-0.223991
-1.1909288,-0.25599
-1.1907288,-0.25599
-1.1905288,-0.223991
-1.1903288,-0.223991
-1.1901288,-0.223991
-1.1899288,-0.223991
-1.1897288,-0.191993
-1.1895288,-0.25599
-1.1893288,-0.223991
-1.1891288,-0.191993
-1.1889288,-0.191993
-1.1887288,-0.223991
-1.1885288,-0.191993
-1.1883288,-0.223991
-1.1881288,-0.223991
-1.1879288,-0.191993
-1.1877288,-0.223991
-1.1875288,-0.191993
-1.1873288,-0.191993
-1.1871288,-0.223991
-1.1869288,-0.223991
-1.1867288,-0.127995
-1.1865288,-0.223991
-1.1863288,-0.191993
-1.1861288,-0.159994
-1.1859288,-0.223991
-1.1857288,-0.223991
-1.1855288,-0.223991
-1.1853288,-0.223991
-1.1851288,-0.223991
-1.1849288,-0.191993
-1.1847288,-0.223991
-1.1845288,-0.223991
-1.1843288,-0.191993
-1.1841288,-0.223991
-1.1839288,-0.191993
-1.1837288,-0.191993
-1.1835288,-0.223991
-1.1833288,-0.223991
-1.1831288,-0.159994
-1.1829288,-0.223991
-1.1827288,-0.191993
-1.1825288,-0.191993
-1.1823288,-0.25599
-1.1821288,-0.191993
-1.1819288,-0.223991
-1.1817288,-0.25599
-1.1815288,-0.25599
-1.1813288,-0.191993
-1.1811288,-0.223991
-1.1809288,-0.223991
-1.1807288,-0.191993
-1.1805288,-0.223991
-1.1803288,-0.223991
-1.1801288,-0.191993
-1.1799288,-0.191993
-1.1797288,-0.223991
-1.1795288,-0.191993
-1.1793288,-0.223991
-1.1791288,-0.25599
-1.1789288,-0.223991
-1.1787288,-0.223991
-1.1785288,-0.287989
-1.1783288,-0.191993
-1.1781288,-0.223991
-1.1779288,-0.223991
-1.1777288,-0.191993
-1.1775288,-0.191993
-1.1773288,-0.159994
-1.1771288,-0.159994
-1.1769288,-0.223991
-1.1767288,-0.191993
-1.1765288,-0.191993
-1.1763288,-0.191993
-1.1761288,-0.191993
-1.1759288,-0.191993
-1.1757288,-0.191993
-1.1755288,-0.223991
-1.1753288,-0.191993
-1.1751288,-0.191993
-1.1749288,-0.25599
-1.1747288,-0.25599
-1.1745288,-0.223991
-1.1743288,-0.191993
-1.1741288,-0.25599
-1.1739288,-0.191993
-1.1737288,-0.25599
-1.1735288,-0.191993
-1.1733288,-0.223991
-1.1731288,-0.223991
-1.1729288,-0.191993
-1.1727288,-0.25599
-1.1725288,-0.223991
-1.1723288,-0.25599
-1.1721288,-0.223991
-1.1719288,-0.25599
-1.1717288,-0.191993
-1.1715288,-0.223991
-1.1713288,-0.223991
-1.1711288,-0.191993
-1.1709288,-0.25599
-1.1707288,-0.223991
-1.1705288,-0.223991
-1.1703288,-0.223991
-1.1701288,-0.223991
-1.1699288,-0.223991
-1.1697288,-0.25599
-1.1695288,-0.287989
-1.1693288,-0.191993
-1.1691288,-0.25599
-1.1689288,-0.25599
-1.1687288,-0.223991
-1.1685288,-0.25599
-1.1683288,-0.223991
-1.1681288,-0.223991
-1.1679288,-0.25599
-1.1677288,-0.25599
-1.1675288,-0.191993
-1.1673288,-0.25599
-1.1671288,-0.223991
-1.1669288,-0.25599
-1.1667288,-0.223991
-1.1665288,-0.25599
-1.1663288,-0.25599
-1.1661288,-0.223991
-1.1659288,-0.223991
-1.1657288,-0.223991
-1.1655288,-0.223991
-1.1653288,-0.223991
-1.1651288,-0.223991
-1.1649288,-0.223991
-1.1647288,-0.25599
-1.1645288,-0.223991
-1.1643288,-0.25599
-1.1641288,-0.25599
-1.1639288,-0.25599
-1.1637288,-0.25599
-1.1635288,-0.223991
-1.1633288,-0.223991
-1.1631288,-0.25599
-1.1629288,-0.223991
-1.1627288,-0.191993
-1.1625288,-0.191993
-1.1623288,-0.25599
-1.1621288,-0.191993
-1.1619288,-0.223991
-1.1617288,-0.223991
-1.1615288,-0.223991
-1.1613288,-0.25599
-1.1611288,-0.223991
-1.1609288,-0.223991
-1.1607288,-0.25599
-1.1605288,-0.223991
-1.1603288,-0.223991
-1.1601288,-0.25599
-1.1599288,-0.223991
-1.1597288,-0.223991
-1.1595288,-0.25599
-1.1593288,-0.25599
-1.1591288,-0.191993
-1.1589288,-0.25599
-1.1587288,-0.25599
-1.1585288,-0.191993
-1.1583288,-0.223991
-1.1581288,-0.25599
-1.1579288,-0.223991
-1.1577288,-0.287989
-1.1575288,-0.25599
-1.1573288,-0.223991
-1.1571288,-0.25599
-1.1569288,-0.25599
-1.1567288,-0.191993
-1.1565288,-0.223991
-1.1563288,-0.223991
-1.1561288,-0.191993
-1.1559288,-0.223991
-1.1557288,-0.191993
-1.1555288,-0.25599
-1.1553288,-0.25599
-1.1551288,-0.25599
-1.1549288,-0.159994
-1.1547288,-0.223991
-1.1545288,-0.25599
-1.1543288,-0.223991
-1.1541288,-0.223991
-1.1539288,-0.25599
-1.1537288,-0.191993
-1.1535288,-0.191993
-1.1533288,-0.223991
-1.1531288,-0.25599
-1.1529288,-0.223991
-1.1527288,-0.223991
-1.1525288,-0.223991
-1.1523288,-0.223991
-1.1521288,-0.25599
-1.1519288,-0.223991
-1.1517288,-0.25599
-1.1515288,-0.25599
-1.1513288,-0.191993
-1.1511288,-0.223991
-1.1509288,-0.287989
-1.1507288,-0.191993
-1.1505288,-0.223991
-1.1503288,-0.25599
-1.1501288,-0.191993
-1.1499288,-0.223991
-1.1497288,-0.223991
-1.1495288,-0.191993
-1.1493288,-0.25599
-1.1491288,-0.191993
-1.1489288,-0.191993
-1.1487288,-0.25599
-1.1485288,-0.25599
-1.1483288,-0.191993
-1.1481288,-0.223991
-1.1479288,-0.223991
-1.1477288,-0.191993
-1.1475288,-0.223991
-1.1473288,-0.223991
-1.1471288,-0.25599
-1.1469288,-0.25599
-1.1467288,-0.223991
-1.1465288,-0.191993
-1.1463288,-0.25599
-1.1461288,-0.25599
-1.1459288,-0.223991
-1.1457288,-0.25599
-1.1455288,-0.191993
-1.1453288,-0.223991
-1.1451288,-0.25599
-1.1449288,-0.191993
-1.1447288,-0.287989
-1.1445288,-0.223991
-1.1443288,-0.25599
-1.1441288,-0.223991
-1.1439288,-0.191993
-1.1437288,-0.223991
-1.1435288,-0.223991
-1.1433288,-0.25599
-1.1431288,-0.223991
-1.1429288,-0.191993
-1.1427288,-0.223991
-1.1425288,-0.25599
-1.1423288,-0.25599
-1.1421288,-0.223991
-1.1419288,-0.25599
-1.1417288,-0.25599
-1.1415288,-0.287989
-1.1413288,-0.25599
-1.1411288,-0.223991
-1.1409288,-0.25599
-1.1407288,-0.223991
-1.1405288,-0.191993
-1.1403288,-0.223991
-1.1401288,-0.287989
-1.1399288,-0.159994
-1.1397288,-0.223991
-1.1395288,-0.159994
-1.1393288,-0.223991
-1.1391288,-0.223991
-1.1389288,-0.223991
-1.1387288,-0.191993
-1.1385288,-0.25599
-1.1383288,-0.223991
-1.1381288,-0.223991
-1.1379288,-0.25599
-1.1377288,-0.191993
-1.1375288,-0.159994
-1.1373288,-0.223991
-1.1371288,-0.191993
-1.1369288,-0.223991
-1.1367288,-0.25599
-1.1365288,-0.223991
-1.1363288,-0.223991
-1.1361288,-0.223991
-1.1359288,-0.223991
-1.1357288,-0.191993
-1.1355288,-0.25599
-1.1353288,-0.223991
-1.1351288,-0.223991
-1.1349288,-0.25599
-1.1347288,-0.25599
-1.1345288,-0.25599
-1.1343288,-0.223991
-1.1341288,-0.25599
-1.1339288,-0.223991
-1.1337288,-0.191993
-1.1335288,-0.25599
-1.1333288,-0.223991
-1.1331288,-0.223991
-1.1329288,-0.223991
-1.1327288,-0.191993
-1.1325288,-0.223991
-1.1323288,-0.25599
-1.1321288,-0.191993
-1.1319288,-0.223991
-1.1317288,-0.223991
-1.1315288,-0.191993
-1.1313288,-0.25599
-1.1311288,-0.25599
-1.1309288,-0.191993
-1.1307288,-0.25599
-1.1305288,-0.223991
-1.1303288,-0.191993
-1.1301288,-0.223991
-1.1299288,-0.25599
-1.1297288,-0.25599
-1.1295288,-0.223991
-1.1293288,-0.25599
-1.1291288,-0.191993
-1.1289288,-0.191993
-1.1287288,-0.223991
-1.1285288,-0.191993
-1.1283288,-0.25599
-1.1281288,-0.25599
-1.1279288,-0.191993
-1.1277288,-0.223991
-1.1275288,-0.223991
-1.1273288,-0.223991
-1.1271288,-0.223991
-1.1269288,-0.223991
-1.1267288,-0.191993
-1.1265288,-0.191993
-1.1263288,-0.287989
-1.1261288,-0.191993
-1.1259288,-0.191993
-1.1257288,-0.223991
-1.1255288,-0.159994
-1.1253288,-0.191993
-1.1251288,-0.191993
-1.1249288,-0.159994
-1.1247288,-0.191993
-1.1245288,-0.223991
-1.1243288,-0.159994
-1.1241288,-0.25599
-1.1239288,-0.223991
-1.1237288,-0.223991
-1.1235288,-0.223991
-1.1233288,-0.223991
-1.1231288,-0.191993
-1.1229288,-0.223991
-1.1227288,-0.223991
-1.1225288,-0.191993
-1.1223288,-0.223991
-1.1221288,-0.223991
-1.1219288,-0.159994
-1.1217288,-0.191993
-1.1215288,-0.191993
-1.1213288,-0.159994
-1.1211288,-0.191993
-1.1209288,-0.159994
-1.1207288,-0.191993
-1.1205288,-0.191993
-1.1203288,-0.223991
-1.1201288,-0.159994
-1.1199288,-0.191993
-1.1197288,-0.191993
-1.1195288,-0.127995
-1.1193288,-0.159994
-1.1191288,-0.159994
-1.1189288,-0.191993
-1.1187288,-0.159994
-1.1185288,-0.223991
-1.1183288,-0.191993
-1.1181288,-0.159994
-1.1179288,-0.159994
-1.1177288,-0.159994
-1.1175288,-0.159994
-1.1173288,-0.159994
-1.1171288,-0.159994
-1.1169288,-0.159994
-1.1167288,-0.127995
-1.1165288,-0.0959963
-1.1163288,-0.159994
-1.1161288,-0.191993
-1.1159288,-0.0959963
-1.1157288,-0.223991
-1.1155288,-0.127995
-1.1153288,-0.159994
-1.1151288,-0.159994
-1.1149288,-0.127995
-1.1147288,-0.159994
-1.1145288,-0.191993
-1.1143288,-0.0959963
-1.1141288,-0.159994
-1.1139288,-0.159994
-1.1137288,-0.127995
-1.1135288,-0.159994
-1.1133288,-0.127995
-1.1131288,-0.127995
-1.1129288,-0.0959963
-1.1127288,-0.127995
-1.1125288,-0.127995
-1.1123288,-0.159994
-1.1121288,-0.127995
-1.1119288,-0.159994
-1.1117288,-0.0959963
-1.1115288,-0.127995
-1.1113288,-0.0959963
-1.1111288,-0.127995
-1.1109288,-0.159994
-1.1107288,-0.0959963
-1.1105288,-0.127995
-1.1103288,-0.127995
-1.1101288,-0.0959963
-1.1099288,-0.127995
-1.1097288,-0.127995
-1.1095288,-0.127995
-1.1093288,-0.127995
-1.1091288,-0.127995
-1.1089288,-0.127995
-1.1087288,-0.127995
-1.1085288,-0.127995
-1.1083288,-0.127995
-1.1081288,-0.127995
-1.1079288,-0.159994
-1.1077288,-0.127995
-1.1075288,-0.127995
-1.1073288,-0.127995
-1.1071288,-0.0959963
-1.1069288,-0.127995
-1.1067288,-0.127995
-1.1065288,-0.0959963
-1.1063288,-0.127995
-1.1061288,-0.159994
-1.1059288,-0.127995
-1.1057288,-0.127995
-1.1055288,-0.159994
-1.1053288,-0.0959963
-1.1051288,-0.127995
-1.1049288,-0.159994
-1.1047288,-0.127995
-1.1045288,-0.0959963
-1.1043288,-0.127995
-1.1041288,-0.127995
-1.1039288,-0.0959963
-1.1037288,-0.0639975
-1.1035288,-0.0959963
-1.1033288,-0.0959963
-1.1031288,-0.0959963
-1.1029288,-0.127995
-1.1027288,-0.0959963
-1.1025288,-0.0959963
-1.1023288,-0.0639975
-1.1021288,-0.127995
-1.1019288,-0.0959963
-1.1017288,-0.0639975
-1.1015288,-0.0319988
-1.1013288,-0.0639975
-1.1011288,-0.0959963
-1.1009288,-0.0959963
-1.1007288,-0.0959963
-1.1005288,-0.0959963
-1.1003288,-0.0639975
-1.1001288,-0.0959963
-1.0999288,-0.127995
-1.0997288,-0.0959963
-1.0995288,-0.0639975
-1.0993288,-0.0639975
-1.0991288,-0.0639975
-1.0989288,-0.0959963
-1.0987288,-0.0319988
-1.0985288,-0.0959963
-1.0983288,-0.0959963
-1.0981288,-0.0319988
-1.0979288,-0.0639975
-1.0977288,-0.0639975
-1.0975288,-0.0639975
-1.0973288,-0.0639975
-1.0971288,-0.127995
-1.0969288,-0.0639975
-1.0967288,-0.0639975
-1.0965288,-0.0959963
-1.0963288,-0.0639975
-1.0961288,-0.0639975
-1.0959288,-0.0639975
-1.0957288,-0.0319988
-1.0955288,-0.0959963
-1.0953288,-0.0639975
-1.0951288,-0.0639975
-1.0949288,0
-1.0947288,-0.0639975
-1.0945288,-0.0319988
-1.0943288,-0.0639975
-1.0941288,-0.0319988
-1.0939288,-0.0639975
-1.0937288,-0.0319988
-1.0935288,-0.0319988
-1.0933288,-0.0319988
-1.0931288,-0.0319988
-1.0929288,-0.0319988
-1.0927288,-0.0319988
-1.0925288,-0.0319988
-1.0923288,-0.0639975
-1.0921288,-0.0639975
-1.0919288,0
-1.0917288,-0.0319988
-1.0915288,0
-1.0913288,0.0319988
-1.0911288,-0.0319988
-1.0909288,-0.0319988
-1.0907288,0
-1.0905288,-0.0639975
-1.0903288,-0.0639975
-1.0901288,0
-1.0899288,-0.0319988
-1.0897288,0
-1.0895288,0
-1.0893288,-0.0639975
-1.0891288,0
-1.0889288,0.0639975
-1.0887288,-0.0319988
-1.0885288,0
-1.0883288,0.0319988
-1.0881288,-0.0319988
-1.0879288,-0.0319988
-1.0877288,0
-1.0875288,-0.0319988
-1.0873288,-0.0319988
-1.0871288,0
-1.0869288,-0.0319988
-1.0867288,0
-1.0865288,-0.0319988
-1.0863288,-0.0639975
-1.0861288,-0.0319988
-1.0859288,0
-1.0857288,-0.0319988
-1.0855288,0.0319988
-1.0853288,-0.0319988
-1.0851288,0
-1.0849288,0
-1.0847288,0
-1.0845288,0
-1.0843288,0
-1.0841288,0.0639975
-1.0839288,0
-1.0837288,0
-1.0835288,0
-1.0833288,0
-1.0831288,0.0319988
-1.0829288,0
-1.0827288,0
-1.0825288,0
-1.0823288,0.0319988
-1.0821288,0
-1.0819288,0.0319988
-1.0817288,0.0639975
-1.0815288,0.0639975
-1.0813288,0.0319988
-1.0811288,0.0639975
-1.0809288,0.0639975
-1.0807288,0.0319988
-1.0805288,0.0319988
-1.0803288,0
-1.0801288,0
-1.0799288,0.0639975
-1.0797288,-0.0319988
-1.0795288,0
-1.0793288,0.0319988
-1.0791288,0
-1.0789288,0.0319988
-1.0787288,0.0639975
-1.0785288,0
-1.0783288,0.0319988
-1.0781288,0.0639975
-1.0779288,0
-1.0777288,0.0319988
-1.0775288,0.0319988
-1.0773288,0
-1.0771288,0.0319988
-1.0769288,0
-1.0767288,0.0319988
-1.0765288,0.0319988
-1.0763288,0
-1.0761288,0.0319988
-1.0759288,0.0319988
-1.0757288,0.0319988
-1.0755288,0
-1.0753288,0.0319988
-1.0751288,0.0319988
-1.0749288,0.0319988
-1.0747288,0.0319988
-1.0745288,0.0319988
-1.0743288,0.0319988
-1.0741288,0
-1.0739288,0.0319988
-1.0737288,0
-1.0735288,0.0959963
-1.0733288,0.0639975
-1.0731288,0.0639975
-1.0729288,0.0639975
-1.0727288,0.0639975
-1.0725288,0
-1.0723288,0.0319988
-1.0721288,0.0319988
-1.0719288,0
-1.0717288,0.0319988
-1.0715288,0.0639975
-1.0713288,0.0319988
-1.0711288,0.0959963
-1.0709288,0.0319988
-1.0707288,0.0319988
-1.0705288,0
-1.0703288,0.0319988
-1.0701288,0.0319988
-1.0699288,0.0639975
-1.0697288,0.0959963
-1.0695288,0.0319988
-1.0693288,0.0639975
-1.0691288,0.0639975
-1.0689288,0.0639975
-1.0687288,0.0639975
-1.0685288,0.0639975
-1.0683288,0.0639975
-1.0681288,0.0639975
-1.0679288,0.0319988
-1.0677288,0.0319988
-1.0675288,0.0639975
-1.0673288,0.0639975
-1.0671288,0.0639975
-1.0669288,0.0639975
-1.0667288,0.0959963
-1.0665288,0.0319988
-1.0663288,0.0319988
-1.0661288,0.0639975
-1.0659288,0.0959963
-1.0657288,0.0319988
-1.0655288,0.0959963
-1.0653288,0.0639975
-1.0651288,0.0639975
-1.0649288,0.0639975
-1.0647288,0.0639975
-1.0645288,0.0959963
-1.0643288,0.0639975
-1.0641288,0.0639975
-1.0639288,0.0319988
-1.0637288,0
-1.0635288,0.0639975
-1.0633288,0.0639975
-1.0631288,0.0639975
-1.0629288,0.0319988
-1.0627288,0.0639975
-1.0625288,0.0639975
-1.0623288,0.0639975
-1.0621288,0.0639975
-1.0619288,0.0639975
-1.0617288,0.0319988
-1.0615288,0.0639975
-1.0613288,0.0639975
-1.0611288,0.0319988
-1.0609288,0.0319988
-1.0607288,0.0319988
-1.0605288,0.0639975
-1.0603288,0.0319988
-1.0601288,0.0639975
-1.0599288,0
-1.0597288,0.0319988
-1.0595288,0.0319988
-1.0593288,0.0319988
-1.0591288,0.0319988
-1.0589288,0
-1.0587288,0.0639975
-1.0585288,0.0639975
-1.0583288,0.0319988
-1.0581288,0.0319988
-1.0579288,0.0639975
-1.0577288,0.0639975
-1.0575288,0.0319988
-1.0573288,0.0639975
-1.0571288,0.0639975
-1.0569288,0.0319988
-1.0567288,0.0959963
-1.0565288,0.0639975
-1.0563288,0
-1.0561288,0.0319988
-1.0559288,0.0639975
-1.0557288,0.0319988
-1.0555288,0.0639975
-1.0553288,0.0959963
-1.0551288,0.0319988
-1.0549288,0.0639975
-1.0547288,0.0639975
-1.0545288,0.0319988
-1.0543288,0.0319988
-1.0541288,0.0639975
-1.0539288,0.0639975
-1.0537288,0.0319988
-1.0535288,0.0639975
-1.0533288,0.0639975
-1.0531288,0.0319988
-1.0529288,0.0639975
-1.0527288,0.0959963
-1.0525288,0.0639975
-1.0523288,0.0639975
-1.0521288,0.0319988
-1.0519288,0.0639975
-1.0517288,0.0639975
-1.0515288,0.0319988
-1.0513288,0.0319988
-1.0511288,0.0639975
-1.0509288,0
-1.0507288,0.0319988
-1.0505288,0
-1.0503288,0.0639975
-1.0501288,0.0319988
-1.0499288,0
-1.0497288,0.0319988
-1.0495288,0.0319988
-1.0493288,0.0319988
-1.0491288,0.0319988
-1.0489288,0.0639975
-1.0487288,0.0639975
-1.0485288,0.0319988
-1.0483288,0.0319988
-1.0481288,0.0319988
-1.0479288,0.0319988
-1.0477288,0.0319988
-1.0475288,0
-1.0473288,0.0319988
-1.0471288,0.0319988
-1.0469288,0.0319988
-1.0467288,0
-1.0465288,0.0319988
-1.0463288,0.0639975
-1.0461288,0.0319988
-1.0459288,0
-1.0457288,0
-1.0455288,0
-1.0453288,0.0319988
-1.0451288,0.0319988
-1.0449288,0.0319988
-1.0447288,0.0639975
-1.0445288,0
-1.0443288,0.0319988
-1.0441288,0.0319988
-1.0439288,0
-1.0437288,0
-1.0435288,0.0319988
-1.0433288,-0.0319988
-1.0431288,0
-1.0429288,0.0319988
-1.0427288,0.0319988
-1.0425288,0.0319988
-1.0423288,0.0319988
-1.0421288,0.0639975
-1.0419288,0
-1.0417288,0
-1.0415288,0.0319988
-1.0413288,0.0319988
-1.0411288,0.0319988
-1.0409288,0.0639975
-1.0407288,0
-1.0405288,0
-1.0403288,0
-1.0401288,0
-1.0399288,0.0319988
-1.0397288,0
-1.0395288,0
-1.0393288,-0.0319988
-1.0391288,0
-1.0389288,0
-1.0387288,0.0319988
-1.0385288,0.0319988
-1.0383288,0
-1.0381288,0.0319988
-1.0379288,0.0319988
-1.0377288,0.0319988
-1.0375288,-0.0319988
-1.0373288,0
-1.0371288,0
-1.0369288,0.0639975
-1.0367288,0.0319988
-1.0365288,0
-1.0363288,0
-1.0361288,0.0319988
-1.0359288,-0.0319988
-1.0357288,0
-1.0355288,0
-1.0353288,0.0319988
-1.0351288,0.0319988
-1.0349288,0
-1.0347288,-0.0319988
-1.0345288,0
-1.0343288,0.0319988
-1.0341288,-0.0319988
-1.0339288,-0.0319988
-1.0337288,0.0319988
-1.0335288,-0.0639975
-1.0333288,-0.0319988
-1.0331288,0
-1.0329288,-0.0639975
-1.0327288,0.0319988
-1.0325288,0.0319988
-1.0323288,-0.0319988
-1.0321288,0
-1.0319288,0
-1.0317288,-0.0319988
-1.0315288,0
-1.0313288,-0.0319988
-1.0311288,0
-1.0309288,0.0319988
-1.0307288,0
-1.0305288,-0.0319988
-1.0303288,0
-1.0301288,-0.0319988
-1.0299288,-0.0319988
-1.0297288,-0.0319988
-1.0295288,0
-1.0293288,-0.0639975
-1.0291288,-0.0319988
-1.0289288,-0.0319988
-1.0287288,0
-1.0285288,0
-1.0283288,0.0319988
-1.0281288,-0.0319988
-1.0279288,-0.0319988
-1.0277288,-0.0319988
-1.0275288,-0.0639975
-1.0273288,0.0319988
-1.0271288,0
-1.0269288,-0.0319988
-1.0267288,-0.0319988
-1.0265288,0
-1.0263288,-0.0319988
-1.0261288,-0.0639975
-1.0259288,-0.0319988
-1.0257288,-0.0639975
-1.0255288,-0.0639975
-1.0253288,0
-1.0251288,-0.0639975
-1.0249288,-0.0319988
-1.0247288,0
-1.0245288,-0.0639975
-1.0243288,0
-1.0241288,0
-1.0239288,-0.0639975
-1.0237288,-0.0319988
-1.0235288,-0.0319988
-1.0233288,-0.0959963
-1.0231288,-0.0639975
-1.0229288,-0.0319988
-1.0227288,-0.0639975
-1.0225288,-0.0319988
-1.0223288,-0.0319988
-1.0221288,0
-1.0219288,-0.0639975
-1.0217288,-0.0319988
-1.0215288,-0.0319988
-1.0213288,-0.0319988
-1.0211288,0
-1.0209288,-0.0639975
-1.0207288,-0.0639975
-1.0205288,-0.0639975
-1.0203288,-0.0959963
-1.0201288,-0.0319988
-1.0199288,-0.0639975
-1.0197288,-0.0639975
-1.0195288,-0.0319988
-1.0193288,0
-1.0191288,-0.0639975
-1.0189288,-0.0959963
-1.0187288,-0.0639975
-1.0185288,-0.0959963
-1.0183288,-0.0319988
-1.0181288,-0.0639975
-1.0179288,-0.0639975
-1.0177288,-0.0639975
-1.0175288,-0.0319988
-1.0173288,-0.0639975
-1.0171288,-0.0639975
-1.0169288,-0.0319988
-1.0167288,-0.0639975
-1.0165288,-0.0319988
-1.0163288,0
-1.0161288,-0.0639975
-1.0159288,-0.0639975
-1.0157288,0
-1.0155288,-0.0639975
-1.0153288,-0.0319988
-1.0151288,-0.0319988
-1.0149288,-0.0639975
-1.0147288,-0.0959963
-1.0145288,-0.0319988
-1.0143288,-0.0639975
-1.0141288,-0.0319988
-1.0139288,-0.0319988
-1.0137288,-0.0319988
-1.0135288,-0.0319988
-1.0133288,-0.0319988
-1.0131288,-0.0319988
-1.0129288,-0.0639975
-1.0127288,0
-1.0125288,0
-1.0123288,-0.0319988
-1.0121288,0
-1.0119288,-0.0319988
-1.0117288,0
-1.0115288,0
-1.0113288,-0.0319988
-1.0111288,0
-1.0109288,0
-1.0107288,-0.0319988
-1.0105288,-0.0319988
-1.0103288,0
-1.0101288,0
-1.0099288,0.0319988
-1.0097288,0
-1.0095288,0
-1.0093288,-0.0319988
-1.0091288,0.0319988
-1.0089288,0
-1.0087288,0
-1.0085288,0.0319988
-1.0083288,0
-1.0081288,0
-1.0079288,0
-1.0077288,0
-1.0075288,0
-1.0073288,0.0319988
-1.0071288,0.0319988
-1.0069288,0
-1.0067288,0
-1.0065288,0.0319988
-1.0063288,0.0319988
-1.0061288,0.0639975
-1.0059288,0
-1.0057288,0.0319988
-1.0055288,0.0639975
-1.0053288,0.0319988
-1.0051288,0.0639975
-1.0049288,0
-1.0047288,-0.0319988
-1.0045288,0
-1.0043288,0.0639975
-1.0041288,0.0639975
-1.0039288,0.0319988
-1.0037288,0.0319988
-1.0035288,0
-1.0033288,0.0639975
-1.0031288,0.0639975
-1.0029288,0.0319988
-1.0027288,0
-1.0025288,0.0319988
-1.0023288,0.0319988
-1.0021288,0.0319988
-1.0019288,0.0639975
-1.0017288,0.0639975
-1.0015288,0.0639975
-1.0013288,0.0639975
-1.0011288,0.0319988
-1.0009288,0.0319988
-1.0007288,0.0639975
-1.0005288,0.0639975
-1.0003288,0.0319988
-1.0001288,0.0639975
-0.99992879,0.0639975
-0.99972879,0.0319988
-0.99952879,0.0639975
-0.99932879,0.0959963
-0.99912879,0.0639975
-0.99892879,0.0639975
-0.99872879,0.0319988
-0.99852879,0.0639975
-0.99832879,0.0639975
-0.99812879,0.0639975
-0.99792879,0.0639975
-0.99772879,0.0639975
-0.99752879,0.0319988
-0.99732879,0.0639975
-0.99712879,0.0639975
-0.99692879,0.0639975
-0.99672879,0.0639975
-0.99652879,0.0639975
-0.99632879,0.0959963
-0.99612879,0.0959963
-0.99592879,0.0639975
-0.99572879,0.0639975
-0.99552879,0.0639975
-0.99532879,0.0639975
-0.99512879,0
-0.99492879,0.0639975
-0.99472879,0.0639975
-0.99452879,0.0319988
-0.99432879,0.0319988
-0.99412879,0.0959963
-0.99392879,0.0959963
-0.99372879,0.0639975
-0.99352879,0.0959963
-0.99332879,0.0959963
-0.99312879,0.0959963
-0.99292879,0.0639975
-0.99272879,0.0959963
-0.99252879,0.0319988
-0.99232879,0.0959963
-0.99212879,0.0959963
-0.99192879,0.0959963
-0.99172879,0.0959963
-0.99152879,0.0639975
-0.99132879,0.0959963
-0.99112879,0.0639975
-0.99092879,0.0959963
-0.99072879,0.0639975
-0.99052879,0.0959963
-0.99032879,0.0959963
-0.99012879,0.0959963
-0.98992879,0.0959963
-0.98972879,0.0959963
-0.98952879,0.127995
-0.98932879,0.127995
-0.98912879,0.0639975
-0.98892879,0.0959963
-0.98872879,0.0639975
-0.98852879,0.0959963
-0.98832879,0.0959963
-0.98812879,0.0639975
-0.98792879,0.127995
-0.98772879,0.127995
-0.98752879,0.0959963
-0.98732879,0.0639975
-0.98712879,0.0959963
-0.98692879,0.0959963
-0.98672879,0.159994
-0.98652879,0.0959963
-0.98632879,0.0639975
-0.98612879,0.0319988
-0.98592879,0.0639975
-0.98572879,0.0639975
-0.98552879,0.0639975
-0.98532879,0.0639975
-0.98512879,0.0959963
-0.98492879,0.0639975
-0.98472879,0.0639975
-0.98452879,0.0959963
-0.98432879,0.0959963
-0.98412879,0.0639975
-0.98392879,0.0959963
-0.98372879,0.0319988
-0.98352879,0.127995
-0.98332879,0.0639975
-0.98312879,0.127995
-0.98292879,0.0959963
-0.98272879,0.0639975
-0.98252879,0.0319988
-0.98232879,0.0639975
-0.98212879,0.0959963
-0.98192879,0.0319988
-0.98172879,0.0959963
-0.98152879,0.0639975
-0.98132879,0.0959963
-0.98112879,0.0639975
-0.98092879,0.0639975
-0.98072879,0.0319988
-0.98052879,0.0639975
-0.98032879,0.0639975
-0.98012879,0.0319988
-0.97992879,0.0639975
-0.97972879,0.0319988
-0.97952879,0.0639975
-0.97932879,0.0639975
-0.97912879,0.0639975
-0.97892879,0
-0.97872879,-0.0319988
-0.97852879,0
-0.97832879,0.0319988
-0.97812879,0.0639975
-0.97792879,0.0639975
-0.97772879,0.0319988
-0.97752879,0.0639975
-0.97732879,0.0319988
-0.97712879,0.0319988
-0.97692879,0
-0.97672879,0.0319988
-0.97652879,0
-0.97632879,0.0639975
-0.97612879,0
-0.97592879,0.0319988
-0.97572879,0.0639975
-0.97552879,0.0319988
-0.97532879,0.0319988
-0.97512879,0.0319988
-0.97492879,0.0639975
-0.97472879,0
-0.97452879,-0.0319988
-0.97432879,0.0319988
-0.97412879,0
-0.97392879,0
-0.97372879,-0.0319988
-0.97352879,-0.0639975
-0.97332879,0
-0.97312879,-0.0319988
-0.97292879,-0.0319988
-0.97272879,-0.0319988
-0.97252879,-0.0319988
-0.97232879,-0.0639975
-0.97212879,-0.0319988
-0.97192879,-0.0319988
-0.97172879,-0.0319988
-0.97152879,-0.0319988
-0.97132879,-0.0319988
-0.97112879,-0.0319988
-0.97092879,-0.0319988
-0.97072879,0
-0.97052879,-0.0639975
-0.97032879,-0.0639975
-0.97012879,-0.0639975
-0.96992879,-0.0639975
-0.96972879,-0.0319988
-0.96952879,0
-0.96932879,-0.127995
-0.96912879,-0.0319988
-0.96892879,-0.0319988
-0.96872879,-0.0319988
-0.96852879,-0.0319988
-0.96832879,-0.0959963
-0.96812879,-0.0959963
-0.96792879,-0.0639975
-0.96772879,-0.0639975
-0.96752879,-0.0639975
-0.96732879,-0.0319988
-0.96712879,0
-0.96692879,-0.0319988
-0.96672879,-0.0959963
-0.96652879,-0.0639975
-0.96632879,-0.0959963
-0.96612879,-0.0319988
-0.96592879,-0.0319988
-0.96572879,-0.0639975
-0.96552879,-0.0639975
-0.96532879,-0.0639975
-0.96512879,-0.0959963
-0.96492879,-0.0319988
-0.96472879,-0.0319988
-0.96452879,-0.0639975
-0.96432879,-0.0639975
-0.96412879,-0.0639975
-0.96392879,-0.0959963
-0.96372879,-0.0639975
-0.96352879,-0.0319988
-0.96332879,-0.0639975
-0.96312879,-0.0319988
-0.96292879,-0.0639975
-0.96272879,-0.0639975
-0.96252879,-0.0639975
-0.96232879,-0.0319988
-0.96212879,-0.0959963
-0.96192879,-0.0639975
-0.96172879,-0.0319988
-0.96152879,-0.0639975
-0.96132879,-0.0959963
-0.96112879,-0.0639975
-0.96092879,-0.0959963
-0.96072879,-0.0639975
-0.96052879,-0.0639975
-0.96032879,-0.0639975
-0.96012879,-0.0639975
-0.95992879,-0.0639975
-0.95972879,-0.0639975
-0.95952879,-0.0319988
-0.95932879,-0.0959963
-0.95912879,-0.0959963
-0.95892879,-0.0639975
-0.95872879,-0.0319988
-0.95852879,-0.127995
-0.95832879,-0.0319988
-0.95812879,-0.0319988
-0.95792879,-0.0959963
-0.95772879,-0.0639975
-0.95752879,-0.0319988
-0.95732879,-0.0959963
-0.95712879,-0.0639975
-0.95692879,-0.0639975
-0.95672879,-0.0639975
-0.95652879,-0.0639975
-0.95632879,-0.0639975
-0.95612879,-0.127995
-0.95592879,-0.0639975
-0.95572879,-0.127995
-0.95552879,-0.0959963
-0.95532879,-0.0639975
-0.95512879,-0.0959963
-0.95492879,-0.0959963
-0.95472879,-0.0639975
-0.95452879,-0.0639975
-0.95432879,-0.0959963
-0.95412879,-0.0639975
-0.95392879,-0.0959963
-0.95372879,-0.0639975
-0.95352879,-0.0639975
-0.95332879,-0.0639975
-0.95312879,-0.0959963
-0.95292879,-0.0639975
-0.95272879,-0.0959963
-0.95252879,-0.127995
-0.95232879,-0.0959963
-0.95212879,-0.0639975
-0.95192879,-0.0959963
-0.95172879,-0.127995
-0.95152879,-0.0959963
-0.95132879,-0.159994
-0.95112879,-0.0639975
-0.95092879,-0.127995
-0.95072879,-0.0959963
-0.95052879,-0.0959963
-0.95032879,-0.0639975
-0.95012879,-0.127995
-0.94992879,-0.0639975
-0.94972879,-0.0959963
-0.94952879,-0.127995
-0.94932879,-0.0639975
-0.94912879,-0.0639975
-0.94892879,-0.127995
-0.94872879,-0.127995
-0.94852879,-0.0639975
-0.94832879,-0.127995
-0.94812879,-0.127995
-0.94792879,-0.127995
-0.94772879,-0.127995
-0.94752879,-0.127995
-0.94732879,-0.0959963
-0.94712879,-0.159994
-0.94692879,-0.0959963
-0.94672879,-0.0959963
-0.94652879,-0.127995
-0.94632879,-0.0959963
-0.94612879,-0.127995
-0.94592879,-0.159994
-0.94572879,-0.127995
-0.94552879,-0.0959963
-0.94532879,-0.127995
-0.94512879,-0.127995
-0.94492879,-0.0959963
-0.94472879,-0.0959963
-0.94452879,-0.0959963
-0.94432879,-0.159994
-0.94412879,-0.127995
-0.94392879,-0.127995
-0.94372879,-0.0959963
-0.94352879,-0.0639975
-0.94332879,-0.127995
-0.94312879,-0.0959963
-0.94292879,-0.127995
-0.94272879,-0.127995
-0.94252879,-0.0959963
-0.94232879,-0.127995
-0.94212879,-0.127995
-0.94192879,-0.0959963
-0.94172879,-0.0959963
-0.94152879,-0.127995
-0.94132879,-0.127995
-0.94112879,-0.159994
-0.94092879,-0.0959963
-0.94072879,-0.0959963
-0.94052879,-0.127995
-0.94032879,-0.0959963
-0.94012879,-0.0639975
-0.93992879,-0.0959963
-0.93972879,-0.127995
-0.93952879,-0.0959963
-0.93932879,-0.127995
-0.93912879,-0.159994
-0.93892879,-0.127995
-0.93872879,-0.127995
-0.93852879,-0.0959963
-0.93832879,-0.127995
-0.93812879,-0.127995
-0.93792879,-0.0959963
-0.93772879,-0.0959963
-0.93752879,-0.127995
-0.93732879,-0.127995
-0.93712879,-0.0959963
-0.93692879,-0.127995
-0.93672879,-0.127995
-0.93652879,-0.0959963
-0.93632879,-0.127995
-0.93612879,-0.0639975
-0.93592879,-0.0959963
-0.93572879,-0.127995
-0.93552879,-0.0959963
-0.93532879,-0.0959963
-0.93512879,-0.159994
-0.93492879,-0.127995
-0.93472879,-0.0959963
-0.93452879,-0.127995
-0.93432879,-0.127995
-0.93412879,-0.159994
-0.93392879,-0.0959963
-0.93372879,-0.127995
-0.93352879,-0.0959963
-0.93332879,-0.0959963
-0.93312879,-0.127995
-0.93292879,-0.127995
-0.93272879,-0.0959963
-0.93252879,-0.127995
-0.93232879,-0.0959963
-0.93212879,-0.0959963
-0.93192879,-0.0959963
-0.93172879,-0.0959963
-0.93152879,-0.0959963
-0.93132879,-0.0959963
-0.93112879,-0.0959963
-0.93092879,-0.127995
-0.93072879,-0.0959963
-0.93052879,-0.127995
-0.93032879,-0.127995
-0.93012879,-0.0959963
-0.92992879,-0.0959963
-0.92972879,-0.159994
-0.92952879,-0.0959963
-0.92932879,-0.0639975
-0.92912879,-0.127995
-0.92892879,-0.0959963
-0.92872879,-0.0959963
-0.92852879,-0.191993
-0.92832879,-0.127995
-0.92812879,-0.127995
-0.92792879,-0.127995
-0.92772879,-0.0959963
-0.92752879,-0.127995
-0.92732879,-0.127995
-0.92712879,-0.0959963
-0.92692879,-0.0959963
-0.92672879,-0.127995
-0.92652879,-0.0959963
-0.92632879,-0.0959963
-0.92612879,-0.127995
-0.92592879,-0.127995
-0.92572879,-0.0959963
-0.92552879,-0.0959963
-0.92532879,-0.127995
-0.92512879,-0.0959963
-0.92492879,-0.0959963
-0.92472879,-0.0639975
-0.92452879,-0.0319988
-0.92432879,-0.127995
-0.92412879,-0.0959963
-0.92392879,-0.159994
-0.92372879,-0.159994
-0.92352879,-0.0959963
-0.92332879,-0.0639975
-0.92312879,-0.0959963
-0.92292879,-0.0959963
-0.92272879,-0.0639975
-0.92252879,-0.0959963
-0.92232879,-0.127995
-0.92212879,-0.127995
-0.92192879,-0.127995
-0.92172879,-0.0959963
-0.92152879,-0.0959963
-0.92132879,-0.159994
-0.92112879,-0.0959963
-0.92092879,-0.0959963
-0.92072879,-0.127995
-0.92052879,-0.127995
-0.92032879,-0.127995
-0.92012879,-0.0959963
-0.91992879,-0.127995
-0.91972879,-0.127995
-0.91952879,-0.159994
-0.91932879,-0.127995
-0.91912879,-0.0959963
-0.91892879,-0.127995
-0.91872879,-0.159994
-0.91852879,-0.127995
-0.91832879,-0.159994
-0.91812879,-0.159994
-0.91792879,-0.127995
-0.91772879,-0.127995
-0.91752879,-0.127995
-0.91732879,-0.127995
-0.91712879,-0.127995
-0.91692879,-0.0959963
-0.91672879,-0.0959963
-0.91652879,-0.127995
-0.91632879,-0.127995
-0.91612879,-0.127995
-0.91592879,-0.159994
-0.91572879,-0.127995
-0.91552879,-0.0639975
-0.91532879,-0.159994
-0.91512879,-0.159994
-0.91492879,-0.127995
-0.91472879,-0.159994
-0.91452879,-0.159994
-0.91432879,-0.127995
-0.91412879,-0.159994
-0.91392879,-0.127995
-0.91372879,-0.0959963
-0.91352879,-0.127995
-0.91332879,-0.127995
-0.91312879,-0.127995
-0.91292879,-0.159994
-0.91272879,-0.127995
-0.91252879,-0.127995
-0.91232879,-0.159994
-0.91212879,-0.159994
-0.91192879,-0.127995
-0.91172879,-0.159994
-0.91152879,-0.159994
-0.91132879,-0.127995
-0.91112879,-0.127995
-0.91092879,-0.127995
-0.91072879,-0.191993
-0.91052879,-0.159994
-0.91032879,-0.159994
-0.91012879,-0.0959963
-0.90992879,-0.191993
-0.90972879,-0.159994
-0.90952879,-0.191993
-0.90932879,-0.159994
-0.90912879,-0.159994
-0.90892879,-0.159994
-0.90872879,-0.191993
-0.90852879,-0.159994
-0.90832879,-0.127995
-0.90812879,-0.159994
-0.90792879,-0.191993
-0.90772879,-0.127995
-0.90752879,-0.159994
-0.90732879,-0.159994
-0.90712879,-0.127995
-0.90692879,-0.159994
-0.90672879,-0.159994
-0.90652879,-0.159994
-0.90632879,-0.159994
-0.90612879,-0.159994
-0.90592879,-0.159994
-0.90572879,-0.127995
-0.90552879,-0.127995
-0.90532879,-0.191993
-0.90512879,-0.191993
-0.90492879,-0.127995
-0.90472879,-0.127995
-0.90452879,-0.159994
-0.90432879,-0.127995
-0.90412879,-0.159994
-0.90392879,-0.127995
-0.90372879,-0.191993
-0.90352879,-0.127995
-0.90332879,-0.191993
-0.90312879,-0.159994
-0.90292879,-0.0959963
-0.90272879,-0.191993
-0.90252879,-0.159994
-0.90232879,-0.159994
-0.90212879,-0.191993
-0.90192879,-0.0959963
-0.90172879,-0.127995
-0.90152879,-0.191993
-0.90132879,-0.191993
-0.90112879,-0.159994
-0.90092879,-0.191993
-0.90072879,-0.223991
-0.90052879,-0.159994
-0.90032879,-0.191993
-0.90012879,-0.191993
-0.89992879,-0.159994
-0.89972879,-0.159994
-0.89952879,-0.127995
-0.89932879,-0.127995
-0.89912879,-0.191993
-0.89892879,-0.159994
-0.89872879,-0.127995
-0.89852879,-0.159994
-0.89832879,-0.127995
-0.89812879,-0.159994
-0.89792879,-0.191993
-0.89772879,-0.159994
-0.89752879,-0.127995
-0.89732879,-0.191993
-0.89712879,-0.159994
-0.89692879,-0.127995
-0.89672879,-0.191993
-0.89652879,-0.191993
-0.89632879,-0.159994
-0.89612879,-0.191993
-0.89592879,-0.191993
-0.89572879,-0.191993
-0.89552879,-0.191993
-0.89532879,-0.159994
-0.89512879,-0.159994
-0.89492879,-0.191993
-0.89472879,-0.159994
-0.89452879,-0.159994
-0.89432879,-0.191993
-0.89412879,-0.127995
-0.89392879,-0.159994
-0.89372879,-0.159994
-0.89352879,-0.191993
-0.89332879,-0.127995
-0.89312879,-0.191993
-0.89292879,-0.159994
-0.89272879,-0.159994
-0.89252879,-0.159994
-0.89232879,-0.159994
-0.89212879,-0.159994
-0.89192879,-0.159994
-0.89172879,-0.223991
-0.89152879,-0.127995
-0.89132879,-0.159994
-0.89112879,-0.191993
-0.89092879,-0.191993
-0.89072879,-0.191993
-0.89052879,-0.159994
-0.89032879,-0.191993
-0.89012879,-0.191993
-0.88992879,-0.191993
-0.88972879,-0.191993
-0.88952879,-0.191993
-0.88932879,-0.223991
-0.88912879,-0.191993
-0.88892879,-0.25599
-0.88872879,-0.191993
-0.88852879,-0.159994
-0.88832879,-0.191993
-0.88812879,-0.191993
-0.88792879,-0.191993
-0.88772879,-0.223991
-0.88752879,-0.159994
-0.88732879,-0.127995
-0.88712879,-0.223991
-0.88692879,-0.191993
-0.88672879,-0.191993
-0.88652879,-0.25599
-0.88632879,-0.223991
-0.88612879,-0.223991
-0.88592879,-0.223991
-0.88572879,-0.191993
-0.88552879,-0.25599
-0.88532879,-0.223991
-0.88512879,-0.223991
-0.88492879,-0.25599
-0.88472879,-0.223991
-0.88452879,-0.25599
-0.88432879,-0.223991
-0.88412879,-0.223991
-0.88392879,-0.223991
-0.88372879,-0.223991
-0.88352879,-0.223991
-0.88332879,-0.25599
-0.88312879,-0.191993
-0.88292879,-0.287989
-0.88272879,-0.25599
-0.88252879,-0.223991
-0.88232879,-0.25599
-0.88212879,-0.25599
-0.88192879,-0.159994
-0.88172879,-0.223991
-0.88152879,-0.191993
-0.88132879,-0.191993
-0.88112879,-0.223991
-0.88092879,-0.191993
-0.88072879,-0.223991
-0.88052879,-0.25599
-0.88032879,-0.25599
-0.88012879,-0.223991
-0.87992879,-0.223991
-0.87972879,-0.223991
-0.87952879,-0.25599
-0.87932879,-0.223991
-0.87912879,-0.287989
-0.87892879,-0.223991
-0.87872879,-0.25599
-0.87852879,-0.191993
-0.87832879,-0.223991
-0.87812879,-0.223991
-0.87792879,-0.25599
-0.87772879,-0.223991
-0.87752879,-0.191993
-0.87732879,-0.25599
-0.87712879,-0.25599
-0.87692879,-0.223991
-0.87672879,-0.223991
-0.87652879,-0.25599
-0.87632879,-0.223991
-0.87612879,-0.223991
-0.87592879,-0.159994
-0.87572879,-0.223991
-0.87552879,-0.25599
-0.87532879,-0.223991
-0.87512879,-0.25599
-0.87492879,-0.223991
-0.87472879,-0.223991
-0.87452879,-0.223991
-0.87432879,-0.223991
-0.87412879,-0.159994
-0.87392879,-0.223991
-0.87372879,-0.191993
-0.87352879,-0.223991
-0.87332879,-0.191993
-0.87312879,-0.25599
-0.87292879,-0.223991
-0.87272879,-0.25599
-0.87252879,-0.223991
-0.87232879,-0.191993
-0.87212879,-0.191993
-0.87192879,-0.223991
-0.87172879,-0.191993
-0.87152879,-0.25599
-0.87132879,-0.223991
-0.87112879,-0.25599
-0.87092879,-0.25599
-0.87072879,-0.223991
-0.87052879,-0.191993
-0.87032879,-0.191993
-0.87012879,-0.25599
-0.86992879,-0.191993
-0.86972879,-0.223991
-0.86952879,-0.25599
-0.86932879,-0.191993
-0.86912879,-0.25599
-0.86892879,-0.223991
-0.86872879,-0.191993
-0.86852879,-0.25599
-0.86832879,-0.223991
-0.86812879,-0.25599
-0.86792879,-0.223991
-0.86772879,-0.287989
-0.86752879,-0.223991
-0.86732879,-0.223991
-0.86712879,-0.191993
-0.86692879,-0.287989
-0.86672879,-0.223991
-0.86652879,-0.191993
-0.86632879,-0.223991
-0.86612879,-0.223991
-0.86592879,-0.25599
-0.86572879,-0.223991
-0.86552879,-0.223991
-0.86532879,-0.25599
-0.86512879,-0.191993
-0.86492879,-0.223991
-0.86472879,-0.223991
-0.86452879,-0.223991
-0.86432879,-0.223991
-0.86412879,-0.25599
-0.86392879,-0.191993
-0.86372879,-0.223991
-0.86352879,-0.223991
-0.86332879,-0.223991
-0.86312879,-0.223991
-0.86292879,-0.223991
-0.86272879,-0.191993
-0.86252879,-0.223991
-0.86232879,-0.191993
-0.86212879,-0.191993
-0.86192879,-0.191993
-0.86172879,-0.223991
-0.86152879,-0.191993
-0.86132879,-0.25599
-0.86112879,-0.25599
-0.86092879,-0.223991
-0.86072879,-0.223991
-0.86052879,-0.25599
-0.86032879,-0.191993
-0.86012879,-0.223991
-0.85992879,-0.287989
-0.85972879,-0.191993
-0.85952879,-0.25599
-0.85932879,-0.223991
-0.85912879,-0.191993
-0.85892879,-0.25599
-0.85872879,-0.223991
-0.85852879,-0.191993
-0.85832879,-0.223991
-0.85812879,-0.191993
-0.85792879,-0.191993
-0.85772879,-0.223991
-0.85752879,-0.223991
-0.85732879,-0.223991
-0.85712879,-0.223991
-0.85692879,-0.223991
-0.85672879,-0.191993
-0.85652879,-0.191993
-0.85632879,-0.223991
-0.85612879,-0.191993
-0.85592879,-0.191993
-0.85572879,-0.223991
-0.85552879,-0.191993
-0.85532879,-0.191993
-0.85512879,-0.223991
-0.85492879,-0.223991
-0.85472879,-0.223991
-0.85452879,-0.191993
-0.85432879,-0.191993
-0.85412879,-0.223991
-0.85392879,-0.25599
-0.85372879,-0.191993
-0.85352879,-0.159994
-0.85332879,-0.191993
-0.85312879,-0.159994
-0.85292879,-0.191993
-0.85272879,-0.191993
-0.85252879,-0.191993
-0.85232879,-0.191993
-0.85212879,-0.191993
-0.85192879,-0.127995
-0.85172879,-0.191993
-0.85152879,-0.191993
-0.85132879,-0.191993
-0.85112879,-0.191993
-0.85092879,-0.159994
-0.85072879,-0.159994
-0.85052879,-0.191993
-0.85032879,-0.159994
-0.85012879,-0.159994
-0.84992879,-0.223991
-0.84972879,-0.159994
-0.84952879,-0.159994
-0.84932879,-0.191993
-0.84912879,-0.159994
-0.84892879,-0.159994
-0.84872879,-0.159994
-0.84852879,-0.159994
-0.84832879,-0.159994
-0.84812879,-0.159994
-0.84792879,-0.191993
-0.84772879,-0.191993
-0.84752879,-0.159994
-0.84732879,-0.159994
-0.84712879,-0.159994
-0.84692879,-0.191993
-0.84672879,-0.159994
-0.84652879,-0.159994
-0.84632879,-0.191993
-0.84612879,-0.191993
-0.84592879,-0.223991
-0.84572879,-0.159994
-0.84552879,-0.223991
-0.84532879,-0.159994
-0.84512879,-0.159994
-0.84492879,-0.191993
-0.84472879,-0.223991
-0.84452879,-0.191993
-0.84432879,-0.127995
-0.84412879,-0.191993
-0.84392879,-0.191993
-0.84372879,-0.159994
-0.84352879,-0.159994
-0.84332879,-0.223991
-0.84312879,-0.127995
-0.84292879,-0.159994
-0.84272879,-0.191993
-0.84252879,-0.159994
-0.84232879,-0.159994
-0.84212879,-0.191993
-0.84192879,-0.159994
-0.84172879,-0.191993
-0.84152879,-0.159994
-0.84132879,-0.159994
-0.84112879,-0.191993
-0.84092879,-0.127995
-0.84072879,-0.127995
-0.84052879,-0.191993
-0.84032879,-0.159994
-0.84012879,-0.223991
-0.83992879,-0.159994
-0.83972879,-0.159994
-0.83952879,-0.159994
-0.83932879,-0.191993
-0.83912879,-0.127995
-0.83892879,-0.159994
-0.83872879,-0.127995
-0.83852879,-0.223991
-0.83832879,-0.159994
-0.83812879,-0.191993
-0.83792879,-0.191993
-0.83772879,-0.223991
-0.83752879,-0.159994
-0.83732879,-0.191993
-0.83712879,-0.191993
-0.83692879,-0.191993
-0.83672879,-0.159994
-0.83652879,-0.191993
-0.83632879,-0.191993
-0.83612879,-0.191993
-0.83592879,-0.191993
-0.83572879,-0.191993
-0.83552879,-0.191993
-0.83532879,-0.159994
-0.83512879,-0.159994
-0.83492879,-0.191993
-0.83472879,-0.191993
-0.83452879,-0.159994
-0.83432879,-0.223991
-0.83412879,-0.191993
-0.83392879,-0.159994
-0.83372879,-0.191993
-0.83352879,-0.191993
-0.83332879,-0.223991
-0.83312879,-0.223991
-0.83292879,-0.191993
-0.83272879,-0.159994
-0.83252879,-0.223991
-0.83232879,-0.223991
-0.83212879,-0.159994
-0.83192879,-0.223991
-0.83172879,-0.191993
-0.83152879,-0.191993
-0.83132879,-0.191993
-0.83112879,-0.191993
-0.83092879,-0.191993
-0.83072879,-0.191993
-0.83052879,-0.159994
-0.83032879,-0.159994
-0.83012879,-0.191993
-0.82992879,-0.191993
-0.82972879,-0.191993
-0.82952879,-0.191993
-0.82932879,-0.191993
-0.82912879,-0.159994
-0.82892879,-0.223991
-0.82872879,-0.191993
-0.82852879,-0.191993
-0.82832879,-0.191993
-0.82812879,-0.159994
-0.82792879,-0.223991
-0.82772879,-0.191993
-0.82752879,-0.223991
-0.82732879,-0.191993
-0.82712879,-0.191993
-0.82692879,-0.191993
-0.82672879,-0.191993
-0.82652879,-0.223991
-0.82632879,-0.223991
-0.82612879,-0.223991
-0.82592879,-0.191993
-0.82572879,-0.223991
-0.82552879,-0.159994
-0.82532879,-0.223991
-0.82512879,-0.191993
-0.82492879,-0.191993
-0.82472879,-0.25599
-0.82452879,-0.191993
-0.82432879,-0.191993
-0.82412879,-0.25599
-0.82392879,-0.25599
-0.82372879,-0.223991
-0.82352879,-0.223991
-0.82332879,-0.25599
-0.82312879,-0.223991
-0.82292879,-0.223991
-0.82272879,-0.191993
-0.82252879,-0.191993
-0.82232879,-0.25599
-0.82212879,-0.25599
-0.82192879,-0.223991
-0.82172879,-0.25599
-0.82152879,-0.25599
-0.82132879,-0.223991
-0.82112879,-0.223991
-0.82092879,-0.191993
-0.82072879,-0.223991
-0.82052879,-0.223991
-0.82032879,-0.223991
-0.82012879,-0.25599
-0.81992879,-0.223991
-0.81972879,-0.287989
-0.81952879,-0.191993
-0.81932879,-0.25599
-0.81912879,-0.25599
-0.81892879,-0.191993
-0.81872879,-0.25599
-0.81852879,-0.25599
-0.81832879,-0.223991
-0.81812879,-0.25599
-0.81792879,-0.223991
-0.81772879,-0.287989
-0.81752879,-0.25599
-0.81732879,-0.25599
-0.81712879,-0.191993
-0.81692879,-0.223991
-0.81672879,-0.25599
-0.81652879,-0.223991
-0.81632879,-0.223991
-0.81612879,-0.223991
-0.81592879,-0.223991
-0.81572879,-0.25599
-0.81552879,-0.25599
-0.81532879,-0.223991
-0.81512879,-0.25599
-0.81492879,-0.25599
-0.81472879,-0.223991
-0.81452879,-0.287989
-0.81432879,-0.223991
-0.81412879,-0.191993
-0.81392879,-0.223991
-0.81372879,-0.223991
-0.81352879,-0.191993
-0.81332879,-0.223991
-0.81312879,-0.25599
-0.81292879,-0.223991
-0.81272879,-0.223991
-0.81252879,-0.223991
-0.81232879,-0.223991
-0.81212879,-0.223991
-0.81192879,-0.25599
-0.81172879,-0.159994
-0.81152879,-0.25599
-0.81132879,-0.191993
-0.81112879,-0.191993
-0.81092879,-0.223991
-0.81072879,-0.223991
-0.81052879,-0.223991
-0.81032879,-0.223991
-0.81012879,-0.223991
-0.80992879,-0.223991
-0.80972879,-0.25599
-0.80952879,-0.223991
-0.80932879,-0.191993
-0.80912879,-0.223991
-0.80892879,-0.223991
-0.80872879,-0.159994
-0.80852879,-0.223991
-0.80832879,-0.223991
-0.80812879,-0.191993
-0.80792879,-0.191993
-0.80772879,-0.191993
-0.80752879,-0.191993
-0.80732879,-0.223991
-0.80712879,-0.223991
-0.80692879,-0.25599
-0.80672879,-0.159994
-0.80652879,-0.223991
-0.80632879,-0.159994
-0.80612879,-0.191993
-0.80592879,-0.191993
-0.80572879,-0.159994
-0.80552879,-0.191993
-0.80532879,-0.223991
-0.80512879,-0.159994
-0.80492879,-0.223991
-0.80472879,-0.191993
-0.80452879,-0.127995
-0.80432879,-0.159994
-0.80412879,-0.159994
-0.80392879,-0.127995
-0.80372879,-0.127995
-0.80352879,-0.159994
-0.80332879,-0.159994
-0.80312879,-0.159994
-0.80292879,-0.127995
-0.80272879,-0.0959963
-0.80252879,-0.127995
-0.80232879,-0.159994
-0.80212879,-0.159994
-0.80192879,-0.191993
-0.80172879,-0.159994
-0.80152879,-0.159994
-0.80132879,-0.159994
-0.80112879,-0.127995
-0.80092879,-0.159994
-0.80072879,-0.159994
-0.80052879,-0.127995
-0.80032879,-0.127995
-0.80012879,-0.159994
-0.79992879,-0.159994
-0.79972879,-0.159994
-0.79952879,-0.159994
-0.79932879,-0.159994
-0.79912879,-0.127995
-0.79892879,-0.127995
-0.79872879,-0.159994
-0.79852879,-0.127995
-0.79832879,-0.127995
-0.79812879,-0.159994
-0.79792879,-0.127995
-0.79772879,-0.127995
-0.79752879,-0.127995
-0.79732879,-0.127995
-0.79712879,-0.127995
-0.79692879,-0.127995
-0.79672879,-0.0959963
-0.79652879,-0.159994
-0.79632879,-0.0959963
-0.79612879,-0.0959963
-0.79592879,-0.127995
-0.79572879,-0.127995
-0.79552879,-0.0959963
-0.79532879,-0.127995
-0.79512879,-0.0959963
-0.79492879,-0.0639975
-0.79472879,-0.0959963
-0.79452879,-0.127995
-0.79432879,-0.0639975
-0.79412879,-0.159994
-0.79392879,-0.0639975
-0.79372879,-0.0639975
-0.79352879,-0.0959963
-0.79332879,-0.0959963
-0.79312879,-0.0319988
-0.79292879,-0.0959963
-0.79272879,-0.0319988
-0.79252879,-0.0639975
-0.79232879,-0.0639975
-0.79212879,-0.0639975
-0.79192879,-0.0639975
-0.79172879,-0.0959963
-0.79152879,-0.0639975
-0.79132879,-0.0319988
-0.79112879,-0.0959963
-0.79092879,-0.0639975
-0.79072879,-0.0319988
-0.79052879,-0.0639975
-0.79032879,-0.0639975
-0.79012879,-0.0639975
-0.78992879,-0.0319988
-0.78972879,0
-0.78952879,0
-0.78932879,-0.0639975
-0.78912879,0
-0.78892879,0
-0.78872879,-0.0319988
-0.78852879,-0.0319988
-0.78832879,0.0319988
-0.78812879,-0.0639975
-0.78792879,0
-0.78772879,-0.0319988
-0.78752879,-0.0639975
-0.78732879,0
-0.78712879,0
-0.78692879,-0.0319988
-0.78672879,0
-0.78652879,0
-0.78632879,0
-0.78612879,0
-0.78592879,0
-0.78572879,-0.0319988
-0.78552879,0
-0.78532879,0.0319988
-0.78512879,-0.0319988
-0.78492879,0
-0.78472879,0
-0.78452879,0
-0.78432879,0
-0.78412879,0
-0.78392879,0
-0.78372879,0
-0.78352879,0
-0.78332879,0
-0.78312879,0.0319988
-0.78292879,0
-0.78272879,-0.0319988
-0.78252879,0.0319988
-0.78232879,0.0319988
-0.78212879,-0.0319988
-0.78192879,0
-0.78172879,0.0639975
-0.78152879,0.0319988
-0.78132879,0.0319988
-0.78112879,0.0319988
-0.78092879,0.0319988
-0.78072879,0
-0.78052879,0
-0.78032879,0
-0.78012879,0.0319988
-0.77992879,0
-0.77972879,0
-0.77952879,0.0319988
-0.77932879,0.0319988
-0.77912879,0
-0.77892879,0.0319988
-0.77872879,0.0319988
-0.77852879,0.0319988
-0.77832879,0.0319988
-0.77812879,0.0639975
-0.77792879,0
-0.77772879,0.0319988
-0.77752879,0.0319988
-0.77732879,0
-0.77712879,0.0319988
-0.77692879,0.0639975
-0.77672879,0
-0.77652879,0
-0.77632879,0.0319988
-0.77612879,-0.0319988
-0.77592879,0.0319988
-0.77572879,0.0319988
-0.77552879,0
-0.77532879,0.0319988
-0.77512879,0.0319988
-0.77492879,0.0319988
-0.77472879,0.0319988
-0.77452879,0.0319988
-0.77432879,0
-0.77412879,0.0319988
-0.77392879,0.0639975
-0.77372879,0
-0.77352879,0.0639975
-0.77332879,0.0319988
-0.77312879,0
-0.77292879,0.0319988
-0.77272879,0
-0.77252879,0.0319988
-0.77232879,0.0639975
-0.77212879,0.0319988
-0.77192879,0.0319988
-0.77172879,0.0639975
-0.77152879,0.0319988
-0.77132879,0.0319988
-0.77112879,0.0639975
-0.77092879,0.0319988
-0.77072879,0.0319988
-0.77052879,0.0639975
-0.77032879,0.0639975
-0.77012879,0
-0.76992879,0.0319988
-0.76972879,0.0639975
-0.76952879,0.0319988
-0.76932879,0.0319988
-0.76912879,0.0319988
-0.76892879,0.0319988
-0.76872879,0.0319988
-0.76852879,0.0639975
-0.76832879,0.0319988
-0.76812879,0.0319988
-0.76792879,0.0639975
-0.76772879,0.0639975
-0.76752879,0.0639975
-0.76732879,0.0639975
-0.76712879,0.0639975
-0.76692879,0.0319988
-0.76672879,0.0639975
-0.76652879,0.0319988
-0.76632879,0.0319988
-0.76612879,0.0319988
-0.76592879,0.0319988
-0.76572879,0.0639975
-0.76552879,0.0319988
-0.76532879,0.0319988
-0.76512879,0.0319988
-0.76492879,0.0959963
-0.76472879,0
-0.76452879,0.0319988
-0.76432879,0.0319988
-0.76412879,0.0319988
-0.76392879,0.0319988
-0.76372879,0.0639975
-0.76352879,0.0319988
-0.76332879,0.0319988
-0.76312879,0.0639975
-0.76292879,0.0319988
-0.76272879,0.0639975
-0.76252879,0.0639975
-0.76232879,0
-0.76212879,0.0319988
-0.76192879,0.0639975
-0.76172879,-0.0319988
-0.76152879,0.0319988
-0.76132879,0
-0.76112879,-0.0319988
-0.76092879,0.0639975
-0.76072879,0
-0.76052879,0
-0.76032879,0.0639975
-0.76012879,0.0639975
-0.75992879,0
-0.75972879,0.0639975
-0.75952879,-0.0319988
-0.75932879,0
-0.75912879,0
-0.75892879,0
-0.75872879,0
-0.75852879,0.0319988
-0.75832879,0
-0.75812879,0.0319988
-0.75792879,0.0319988
-0.75772879,0.0319988
-0.75752879,0.0319988
-0.75732879,0
-0.75712879,0
-0.75692879,0
-0.75672879,-0.0319988
-0.75652879,0
-0.75632879,0
-0.75612879,0.0319988
-0.75592879,0.0319988
-0.75572879,0
-0.75552879,0
-0.75532879,0
-0.75512879,-0.0319988
-0.75492879,0
-0.75472879,0
-0.75452879,-0.0319988
-0.75432879,-0.0319988
-0.75412879,0.0639975
-0.75392879,-0.0319988
-0.75372879,0
-0.75352879,0.0319988
-0.75332879,-0.0319988
-0.75312879,0
-0.75292879,-0.0639975
-0.75272879,0
-0.75252879,-0.0639975
-0.75232879,0.0319988
-0.75212879,-0.0319988
-0.75192879,0
-0.75172879,0
-0.75152879,-0.0319988
-0.75132879,0
-0.75112879,0
-0.75092879,-0.0639975
-0.75072879,0
-0.75052879,-0.0639975
-0.75032879,-0.0639975
-0.75012879,-0.0639975
-0.74992879,-0.0319988
-0.74972879,-0.0639975
-0.74952879,0
-0.74932879,-0.0319988
-0.74912879,-0.0319988
-0.74892879,-0.0319988
-0.74872879,-0.0319988
-0.74852879,-0.0639975
-0.74832879,-0.0319988
-0.74812879,-0.0319988
-0.74792879,-0.0959963
-0.74772879,-0.0639975
-0.74752879,-0.0319988
-0.74732879,-0.0959963
-0.74712879,-0.0639975
-0.74692879,-0.0639975
-0.74672879,-0.0639975
-0.74652879,-0.0959963
-0.74632879,-0.0639975
-0.74612879,-0.0959963
-0.74592879,-0.0639975
-0.74572879,-0.0319988
-0.74552879,-0.127995
-0.74532879,-0.127995
-0.74512879,-0.0639975
-0.74492879,-0.127995
-0.74472879,-0.0959963
-0.74452879,-0.0639975
-0.74432879,-0.127995
-0.74412879,-0.127995
-0.74392879,-0.0639975
-0.74372879,-0.127995
-0.74352879,-0.0959963
-0.74332879,-0.0959963
-0.74312879,-0.159994
-0.74292879,-0.0959963
-0.74272879,-0.0959963
-0.74252879,-0.191993
-0.74232879,-0.127995
-0.74212879,-0.0959963
-0.74192879,-0.0959963
-0.74172879,-0.191993
-0.74152879,-0.127995
-0.74132879,-0.159994
-0.74112879,-0.127995
-0.74092879,-0.0959963
-0.74072879,-0.127995
-0.74052879,-0.127995
-0.74032879,-0.0959963
-0.74012879,-0.127995
-0.73992879,-0.191993
-0.73972879,-0.127995
-0.73952879,-0.127995
-0.73932879,-0.127995
-0.73912879,-0.0959963
-0.73892879,-0.159994
-0.73872879,-0.127995
-0.73852879,-0.0639975
-0.73832879,-0.127995
-0.73812879,-0.127995
-0.73792879,-0.127995
-0.73772879,-0.159994
-0.73752879,-0.127995
-0.73732879,-0.127995
-0.73712879,-0.127995
-0.73692879,-0.159994
-0.73672879,-0.159994
-0.73652879,-0.159994
-0.73632879,-0.159994
-0.73612879,-0.127995
-0.73592879,-0.159994
-0.73572879,-0.159994
-0.73552879,-0.127995
-0.73532879,-0.159994
-0.73512879,-0.127995
-0.73492879,-0.127995
-0.73472879,-0.159994
-0.73452879,-0.159994
-0.73432879,-0.159994
-0.73412879,-0.191993
-0.73392879,-0.191993
-0.73372879,-0.127995
-0.73352879,-0.159994
-0.73332879,-0.159994
-0.73312879,-0.159994
-0.73292879,-0.191993
-0.73272879,-0.159994
-0.73252879,-0.191993
-0.73232879,-0.159994
-0.73212879,-0.159994
-0.73192879,-0.191993
-0.73172879,-0.191993
-0.73152879,-0.191993
-0.73132879,-0.159994
-0.73112879,-0.159994
-0.73092879,-0.191993
-0.73072879,-0.159994
-0.73052879,-0.159994
-0.73032879,-0.159994
-0.73012879,-0.159994
-0.72992879,-0.191993
-0.72972879,-0.191993
-0.72952879,-0.127995
-0.72932879,-0.191993
-0.72912879,-0.191993
-0.72892879,-0.191993
-0.72872879,-0.191993
-0.72852879,-0.191993
-0.72832879,-0.191993
-0.72812879,-0.223991
-0.72792879,-0.223991
-0.72772879,-0.191993
-0.72752879,-0.191993
-0.72732879,-0.191993
-0.72712879,-0.223991
-0.72692879,-0.223991
-0.72672879,-0.223991
-0.72652879,-0.223991
-0.72632879,-0.223991
-0.72612879,-0.223991
-0.72592879,-0.191993
-0.72572879,-0.25599
-0.72552879,-0.191993
-0.72532879,-0.223991
-0.72512879,-0.25599
-0.72492879,-0.223991
-0.72472879,-0.223991
-0.72452879,-0.25599
-0.72432879,-0.223991
-0.72412879,-0.191993
-0.72392879,-0.191993
-0.72372879,-0.287989
-0.72352879,-0.191993
-0.72332879,-0.223991
-0.72312879,-0.223991
-0.72292879,-0.191993
-0.72272879,-0.223991
-0.72252879,-0.25599
-0.72232879,-0.25599
-0.72212879,-0.25599
-0.72192879,-0.25599
-0.72172879,-0.223991
-0.72152879,-0.25599
-0.72132879,-0.25599
-0.72112879,-0.223991
-0.72092879,-0.25599
-0.72072879,-0.223991
-0.72052879,-0.25599
-0.72032879,-0.25599
-0.72012879,-0.25599
-0.71992879,-0.223991
-0.71972879,-0.25599
-0.71952879,-0.25599
-0.71932879,-0.223991
-0.71912879,-0.25599
-0.71892879,-0.223991
-0.71872879,-0.191993
-0.71852879,-0.25599
-0.71832879,-0.25599
-0.71812879,-0.25599
-0.71792879,-0.223991
-0.71772879,-0.25599
-0.71752879,-0.223991
-0.71732879,-0.25599
-0.71712879,-0.25599
-0.71692879,-0.287989
-0.71672879,-0.287989
-0.71652879,-0.287989
-0.71632879,-0.287989
-0.71612879,-0.287989
-0.71592879,-0.287989
-0.71572879,-0.25599
-0.71552879,-0.25599
-0.71532879,-0.287989
-0.71512879,-0.319988
-0.71492879,-0.25599
-0.71472879,-0.287989
-0.71452879,-0.287989
-0.71432879,-0.287989
-0.71412879,-0.287989
-0.71392879,-0.287989
-0.71372879,-0.25599
-0.71352879,-0.287989
-0.71332879,-0.319988
-0.71312879,-0.319988
-0.71292879,-0.287989
-0.71272879,-0.319988
-0.71252879,-0.319988
-0.71232879,-0.25599
-0.71212879,-0.351986
-0.71192879,-0.287989
-0.71172879,-0.351986
-0.71152879,-0.287989
-0.71132879,-0.319988
-0.71112879,-0.287989
-0.71092879,-0.287989
-0.71072879,-0.287989
-0.71052879,-0.319988
-0.71032879,-0.351986
-0.71012879,-0.287989
-0.70992879,-0.319988
-0.70972879,-0.351986
-0.70952879,-0.319988
-0.70932879,-0.383985
-0.70912879,-0.351986
-0.70892879,-0.319988
-0.70872879,-0.351986
-0.70852879,-0.319988
-0.70832879,-0.319988
-0.70812879,-0.319988
-0.70792879,-0.319988
-0.70772879,-0.319988
-0.70752879,-0.383985
-0.70732879,-0.319988
-0.70712879,-0.351986
-0.70692879,-0.351986
-0.70672879,-0.351986
-0.70652879,-0.351986
-0.70632879,-0.351986
-0.70612879,-0.351986
-0.70592879,-0.351986
-0.70572879,-0.351986
-0.70552879,-0.351986
-0.70532879,-0.351986
-0.70512879,-0.383985
-0.70492879,-0.351986
-0.70472879,-0.319988
-0.70452879,-0.351986
-0.70432879,-0.383985
-0.70412879,-0.351986
-0.70392879,-0.351986
-0.70372879,-0.383985
-0.70352879,-0.351986
-0.70332879,-0.383985
-0.70312879,-0.351986
-0.70292879,-0.351986
-0.70272879,-0.383985
-0.70252879,-0.319988
-0.70232879,-0.351986
-0.70212879,-0.415984
-0.70192879,-0.351986
-0.70172879,-0.351986
-0.70152879,-0.383985
-0.70132879,-0.415984
-0.70112879,-0.351986
-0.70092879,-0.383985
-0.70072879,-0.351986
-0.70052879,-0.351986
-0.70032879,-0.383985
-0.70012879,-0.383985
-0.69992879,-0.351986
-0.69972879,-0.415984
-0.69952879,-0.351986
-0.69932879,-0.351986
-0.69912879,-0.383985
-0.69892879,-0.383985
-0.69872879,-0.351986
-0.69852879,-0.383985
-0.69832879,-0.383985
-0.69812879,-0.351986
-0.69792879,-0.351986
-0.69772879,-0.415984
-0.69752879,-0.351986
-0.69732879,-0.383985
-0.69712879,-0.415984
-0.69692879,-0.383985
-0.69672879,-0.415984
-0.69652879,-0.415984
-0.69632879,-0.415984
-0.69612879,-0.383985
-0.69592879,-0.383985
-0.69572879,-0.383985
-0.69552879,-0.447983
-0.69532879,-0.383985
-0.69512879,-0.383985
-0.69492879,-0.447983
-0.69472879,-0.415984
-0.69452879,-0.351986
-0.69432879,-0.415984
-0.69412879,-0.415984
-0.69392879,-0.351986
-0.69372879,-0.351986
-0.69352879,-0.383985
-0.69332879,-0.415984
-0.69312879,-0.415984
-0.69292879,-0.415984
-0.69272879,-0.383985
-0.69252879,-0.415984
-0.69232879,-0.383985
-0.69212879,-0.383985
-0.69192879,-0.447983
-0.69172879,-0.383985
-0.69152879,-0.383985
-0.69132879,-0.383985
-0.69112879,-0.383985
-0.69092879,-0.351986
-0.69072879,-0.415984
-0.69052879,-0.415984
-0.69032879,-0.383985
-0.69012879,-0.479982
-0.68992879,-0.415984
-0.68972879,-0.447983
-0.68952879,-0.447983
-0.68932879,-0.415984
-0.68912879,-0.415984
-0.68892879,-0.447983
-0.68872879,-0.415984
-0.68852879,-0.415984
-0.68832879,-0.447983
-0.68812879,-0.383985
-0.68792879,-0.415984
-0.68772879,-0.415984
-0.68752879,-0.415984
-0.68732879,-0.415984
-0.68712879,-0.447983
-0.68692879,-0.415984
-0.68672879,-0.415984
-0.68652879,-0.447983
-0.68632879,-0.447983
-0.68612879,-0.415984
-0.68592879,-0.415984
-0.68572879,-0.447983
-0.68552879,-0.415984
-0.68532879,-0.479982
-0.68512879,-0.415984
-0.68492879,-0.415984
-0.68472879,-0.447983
-0.68452879,-0.415984
-0.68432879,-0.447983
-0.68412879,-0.479982
-0.68392879,-0.415984
-0.68372879,-0.415984
-0.68352879,-0.447983
-0.68332879,-0.447983
-0.68312879,-0.415984
-0.68292879,-0.479982
-0.68272879,-0.447983
-0.68252879,-0.415984
-0.68232879,-0.479982
-0.68212879,-0.447983
-0.68192879,-0.447983
-0.68172879,-0.479982
-0.68152879,-0.447983
-0.68132879,-0.415984
-0.68112879,-0.447983
-0.68092879,-0.447983
-0.68072879,-0.415984
-0.68052879,-0.447983
-0.68032879,-0.447983
-0.68012879,-0.447983
-0.67992879,-0.447983
-0.67972879,-0.447983
-0.67952879,-0.447983
-0.67932879,-0.447983
-0.67912879,-0.415984
-0.67892879,-0.447983
-0.67872879,-0.415984
-0.67852879,-0.447983
-0.67832879,-0.415984
-0.67812879,-0.447983
-0.67792879,-0.447983
-0.67772879,-0.415984
-0.67752879,-0.447983
-0.67732879,-0.447983
-0.67712879,-0.447983
-0.67692879,-0.479982
-0.67672879,-0.447983
-0.67652879,-0.447983
-0.67632879,-0.447983
-0.67612879,-0.415984
-0.67592879,-0.415984
-0.67572879,-0.479982
-0.67552879,-0.447983
-0.67532879,-0.415984
-0.67512879,-0.479982
-0.67492879,-0.415984
-0.67472879,-0.479982
-0.67452879,-0.447983
-0.67432879,-0.415984
-0.67412879,-0.447983
-0.67392879,-0.447983
-0.67372879,-0.383985
-0.67352879,-0.415984
-0.67332879,-0.479982
-0.67312879,-0.479982
-0.67292879,-0.447983
-0.67272879,-0.447983
-0.67252879,-0.415984
-0.67232879,-0.447983
-0.67212879,-0.447983
-0.67192879,-0.415984
-0.67172879,-0.415984
-0.67152879,-0.447983
-0.67132879,-0.383985
-0.67112879,-0.415984
-0.67092879,-0.447983
-0.67072879,-0.383985
-0.67052879,-0.383985
-0.67032879,-0.447983
-0.67012879,-0.415984
-0.66992879,-0.415984
-0.66972879,-0.479982
-0.66952879,-0.447983
-0.66932879,-0.383985
-0.66912879,-0.51198
-0.66892879,-0.415984
-0.66872879,-0.383985
-0.66852879,-0.447983
-0.66832879,-0.415984
-0.66812879,-0.383985
-0.66792879,-0.447983
-0.66772879,-0.447983
-0.66752879,-0.415984
-0.66732879,-0.383985
-0.66712879,-0.415984
-0.66692879,-0.415984
-0.66672879,-0.415984
-0.66652879,-0.415984
-0.66632879,-0.415984
-0.66612879,-0.415984
-0.66592879,-0.415984
-0.66572879,-0.415984
-0.66552879,-0.447983
-0.66532879,-0.383985
-0.66512879,-0.383985
-0.66492879,-0.447983
-0.66472879,-0.447983
-0.66452879,-0.383985
-0.66432879,-0.415984
-0.66412879,-0.351986
-0.66392879,-0.383985
-0.66372879,-0.351986
-0.66352879,-0.415984
-0.66332879,-0.383985
-0.66312879,-0.383985
-0.66292879,-0.383985
-0.66272879,-0.383985
-0.66252879,-0.447983
-0.66232879,-0.383985
-0.66212879,-0.351986
-0.66192879,-0.383985
-0.66172879,-0.415984
-0.66152879,-0.383985
-0.66132879,-0.383985
-0.66112879,-0.415984
-0.66092879,-0.351986
-0.66072879,-0.383985
-0.66052879,-0.415984
-0.66032879,-0.383985
-0.66012879,-0.383985
-0.65992879,-0.383985
-0.65972879,-0.319988
-0.65952879,-0.351986
-0.65932879,-0.351986
-0.65912879,-0.351986
-0.65892879,-0.383985
-0.65872879,-0.319988
-0.65852879,-0.383985
-0.65832879,-0.383985
-0.65812879,-0.351986
-0.65792879,-0.351986
-0.65772879,-0.351986
-0.65752879,-0.351986
-0.65732879,-0.415984
-0.65712879,-0.383985
-0.65692879,-0.351986
-0.65672879,-0.351986
-0.65652879,-0.351986
-0.65632879,-0.287989
-0.65612879,-0.319988
-0.65592879,-0.351986
-0.65572879,-0.319988
-0.65552879,-0.319988
-0.65532879,-0.351986
-0.65512879,-0.287989
-0.65492879,-0.351986
-0.65472879,-0.287989
-0.65452879,-0.287989
-0.65432879,-0.287989
-0.65412879,-0.319988
-0.65392879,-0.319988
-0.65372879,-0.319988
-0.65352879,-0.287989
-0.65332879,-0.319988
-0.65312879,-0.319988
-0.65292879,-0.319988
-0.65272879,-0.287989
-0.65252879,-0.287989
-0.65232879,-0.287989
-0.65212879,-0.319988
-0.65192879,-0.287989
-0.65172879,-0.287989
-0.65152879,-0.287989
-0.65132879,-0.319988
-0.65112879,-0.287989
-0.65092879,-0.287989
-0.65072879,-0.25599
-0.65052879,-0.287989
-0.65032879,-0.25599
-0.65012879,-0.287989
-0.64992879,-0.287989
-0.64972879,-0.25599
-0.64952879,-0.25599
-0.64932879,-0.287989
-0.64912879,-0.25599
-0.64892879,-0.287989
-0.64872879,-0.287989
-0.64852879,-0.287989
-0.64832879,-0.25599
-0.64812879,-0.25599
-0.64792879,-0.287989
-0.64772879,-0.287989
-0.64752879,-0.25599
-0.64732879,-0.223991
-0.64712879,-0.287989
-0.64692879,-0.287989
-0.64672879,-0.25599
-0.64652879,-0.25599
-0.64632879,-0.223991
-0.64612879,-0.191993
-0.64592879,-0.25599
-0.64572879,-0.25599
-0.64552879,-0.223991
-0.64532879,-0.223991
-0.64512879,-0.287989
-0.64492879,-0.25599
-0.64472879,-0.25599
-0.64452879,-0.25599
-0.64432879,-0.25599
-0.64412879,-0.223991
-0.64392879,-0.223991
-0.64372879,-0.223991
-0.64352879,-0.25599
-0.64332879,-0.223991
-0.64312879,-0.191993
-0.64292879,-0.223991
-0.64272879,-0.223991
-0.64252879,-0.159994
-0.64232879,-0.25599
-0.64212879,-0.223991
-0.64192879,-0.191993
-0.64172879,-0.191993
-0.64152879,-0.223991
-0.64132879,-0.159994
-0.64112879,-0.191993
-0.64092879,-0.25599
-0.64072879,-0.191993
-0.64052879,-0.191993
-0.64032879,-0.159994
-0.64012879,-0.159994
-0.63992879,-0.25599
-0.63972879,-0.223991
-0.63952879,-0.159994
-0.63932879,-0.223991
-0.63912879,-0.159994
-0.63892879,-0.191993
-0.63872879,-0.223991
-0.63852879,-0.191993
-0.63832879,-0.191993
-0.63812879,-0.191993
-0.63792879,-0.191993
-0.63772879,-0.191993
-0.63752879,-0.223991
-0.63732879,-0.223991
-0.63712879,-0.159994
-0.63692879,-0.191993
-0.63672879,-0.127995
-0.63652879,-0.159994
-0.63632879,-0.191993
-0.63612879,-0.159994
-0.63592879,-0.127995
-0.63572879,-0.191993
-0.63552879,-0.191993
-0.63532879,-0.159994
-0.63512879,-0.159994
-0.63492879,-0.127995
-0.63472879,-0.159994
-0.63452879,-0.127995
-0.63432879,-0.127995
-0.63412879,-0.127995
-0.63392879,-0.159994
-0.63372879,-0.127995
-0.63352879,-0.127995
-0.63332879,-0.159994
-0.63312879,-0.0959963
-0.63292879,-0.127995
-0.63272879,-0.127995
-0.63252879,-0.0959963
-0.63232879,-0.127995
-0.63212879,-0.127995
-0.63192879,-0.0959963
-0.63172879,-0.159994
-0.63152879,-0.127995
-0.63132879,-0.0959963
-0.63112879,-0.0639975
-0.63092879,-0.0959963
-0.63072879,-0.0959963
-0.63052879,-0.0639975
-0.63032879,-0.0639975
-0.63012879,-0.0639975
-0.62992879,-0.0639975
-0.62972879,-0.127995
-0.62952879,-0.0639975
-0.62932879,-0.0319988
-0.62912879,-0.127995
-0.62892879,-0.0639975
-0.62872879,-0.0319988
-0.62852879,-0.127995
-0.62832879,-0.0959963
-0.62812879,-0.0639975
-0.62792879,-0.0959963
-0.62772879,-0.0639975
-0.62752879,-0.0639975
-0.62732879,-0.0639975
-0.62712879,-0.0319988
-0.62692879,-0.0639975
-0.62672879,-0.0959963
-0.62652879,0
-0.62632879,-0.0319988
-0.62612879,-0.0639975
-0.62592879,-0.0319988
-0.62572879,-0.0319988
-0.62552879,-0.0639975
-0.62532879,0
-0.62512879,0
-0.62492879,-0.0639975
-0.62472879,0.0319988
-0.62452879,0
-0.62432879,-0.0319988
-0.62412879,0.0319988
-0.62392879,-0.0319988
-0.62372879,0
-0.62352879,0.0319988
-0.62332879,0.0319988
-0.62312879,0.0319988
-0.62292879,0
-0.62272879,0.0319988
-0.62252879,0.0319988
-0.62232879,-0.0319988
-0.62212879,0.0319988
-0.62192879,0.0319988
-0.62172879,0.0319988
-0.62152879,0.0639975
-0.62132879,0
-0.62112879,0.0319988
-0.62092879,0.0319988
-0.62072879,0.0639975
-0.62052879,0.0639975
-0.62032879,0.0639975
-0.62012879,0.0639975
-0.61992879,0.0639975
-0.61972879,0.0639975
-0.61952879,0.0639975
-0.61932879,0.0959963
-0.61912879,0.127995
-0.61892879,0.127995
-0.61872879,0.0959963
-0.61852879,0.0959963
-0.61832879,0.0959963
-0.61812879,0.127995
-0.61792879,0.0959963
-0.61772879,0.0959963
-0.61752879,0.127995
-0.61732879,0.0959963
-0.61712879,0.159994
-0.61692879,0.159994
-0.61672879,0.159994
-0.61652879,0.127995
-0.61632879,0.223991
-0.61612879,0.127995
-0.61592879,0.159994
-0.61572879,0.191993
-0.61552879,0.159994
-0.61532879,0.223991
-0.61512879,0.191993
-0.61492879,0.191993
-0.61472879,0.191993
-0.61452879,0.191993
-0.61432879,0.191993
-0.61412879,0.159994
-0.61392879,0.159994
-0.61372879,0.159994
-0.61352879,0.191993
-0.61332879,0.191993
-0.61312879,0.223991
-0.61292879,0.223991
-0.61272879,0.25599
-0.61252879,0.191993
-0.61232879,0.191993
-0.61212879,0.223991
-0.61192879,0.223991
-0.61172879,0.25599
-0.61152879,0.25599
-0.61132879,0.25599
-0.61112879,0.25599
-0.61092879,0.25599
-0.61072879,0.223991
-0.61052879,0.223991
-0.61032879,0.287989
-0.61012879,0.25599
-0.60992879,0.25599
-0.60972879,0.319988
-0.60952879,0.25599
-0.60932879,0.287989
-0.60912879,0.319988
-0.60892879,0.287989
-0.60872879,0.287989
-0.60852879,0.351986
-0.60832879,0.287989
-0.60812879,0.287989
-0.60792879,0.351986
-0.60772879,0.319988
-0.60752879,0.319988
-0.60732879,0.319988
-0.60712879,0.319988
-0.60692879,0.319988
-0.60672879,0.383985
-0.60652879,0.351986
-0.60632879,0.319988
-0.60612879,0.383985
-0.60592879,0.383985
-0.60572879,0.319988
-0.60552879,0.383985
-0.60532879,0.351986
-0.60512879,0.351986
-0.60492879,0.351986
-0.60472879,0.383985
-0.60452879,0.383985
-0.60432879,0.383985
-0.60412879,0.383985
-0.60392879,0.383985
-0.60372879,0.351986
-0.60352879,0.447983
-0.60332879,0.383985
-0.60312879,0.447983
-0.60292879,0.383985
-0.60272879,0.383985
-0.60252879,0.383985
-0.60232879,0.383985
-0.60212879,0.479982
-0.60192879,0.51198
-0.60172879,0.415984
-0.60152879,0.415984
-0.60132879,0.447983
-0.60112879,0.447983
-0.60092879,0.447983
-0.60072879,0.447983
-0.60052879,0.415984
-0.60032879,0.447983
-0.60012879,0.51198
-0.59992879,0.543979
-0.59972879,0.479982
-0.59952879,0.51198
-0.59932879,0.479982
-0.59912879,0.447983
-0.59892879,0.543979
-0.59872879,0.479982
-0.59852879,0.447983
-0.59832879,0.543979
-0.59812879,0.51198
-0.59792879,0.51198
-0.59772879,0.479982
-0.59752879,0.51198
-0.59732879,0.51198
-0.59712879,0.543979
-0.59692879,0.51198
-0.59672879,0.543979
-0.59652879,0.543979
-0.59632879,0.607977
-0.59612879,0.543979
-0.59592879,0.607977
-0.59572879,0.575978
-0.59552879,0.543979
-0.59532879,0.607977
-0.59512879,0.607977
-0.59492879,0.543979
-0.59472879,0.575978
-0.59452879,0.607977
-0.59432879,0.575978
-0.59412879,0.639975
-0.59392879,0.639975
-0.59372879,0.639975
-0.59352879,0.607977
-0.59332879,0.639975
-0.59312879,0.607977
-0.59292879,0.575978
-0.59272879,0.671974
-0.59252879,0.607977
-0.59232879,0.639975
-0.59212879,0.639975
-0.59192879,0.671974
-0.59172879,0.671974
-0.59152879,0.671974
-0.59132879,0.671974
-0.59112879,0.639975
-0.59092879,0.703973
-0.59072879,0.639975
-0.59052879,0.671974
-0.59032879,0.703973
-0.59012879,0.703973
-0.58992879,0.671974
-0.58972879,0.767971
-0.58952879,0.703973
-0.58932879,0.703973
-0.58912879,0.735972
-0.58892879,0.671974
-0.58872879,0.671974
-0.58852879,0.735972
-0.58832879,0.703973
-0.58812879,0.767971
-0.58792879,0.703973
-0.58772879,0.735972
-0.58752879,0.735972
-0.58732879,0.767971
-0.58712879,0.735972
-0.58692879,0.735972
-0.58672879,0.767971
-0.58652879,0.767971
-0.58632879,0.735972
-0.58612879,0.831968
-0.58592879,0.767971
-0.58572879,0.735972
-0.58552879,0.799969
-0.58532879,0.735972
-0.58512879,0.767971
-0.58492879,0.767971
-0.58472879,0.735972
-0.58452879,0.735972
-0.58432879,0.767971
-0.58412879,0.831968
-0.58392879,0.767971
-0.58372879,0.799969
-0.58352879,0.767971
-0.58332879,0.799969
-0.58312879,0.831968
-0.58292879,0.799969
-0.58272879,0.799969
-0.58252879,0.863967
-0.58232879,0.831968
-0.58212879,0.831968
-0.58192879,0.831968
-0.58172879,0.831968
-0.58152879,0.799969
-0.58132879,0.799969
-0.58112879,0.767971
-0.58092879,0.831968
-0.58072879,0.895966
-0.58052879,0.831968
-0.58032879,0.863967
-0.58012879,0.895966
-0.57992879,0.863967
-0.57972879,0.831968
-0.57952879,0.895966
-0.57932879,0.863967
-0.57912879,0.863967
-0.57892879,0.895966
-0.57872879,0.895966
-0.57852879,0.831968
-0.57832879,0.927964
-0.57812879,0.863967
-0.57792879,0.863967
-0.57772879,0.927964
-0.57752879,0.895966
-0.57732879,0.863967
-0.57712879,0.895966
-0.57692879,0.895966
-0.57672879,0.895966
-0.57652879,0.927964
-0.57632879,0.959963
-0.57612879,0.927964
-0.57592879,0.959963
-0.57572879,0.927964
-0.57552879,0.927964
-0.57532879,0.927964
-0.57512879,0.959963
-0.57492879,0.959963
-0.57472879,0.959963
-0.57452879,0.927964
-0.57432879,0.959963
-0.57412879,0.991962
-0.57392879,0.959963
-0.57372879,0.959963
-0.57352879,0.959963
-0.57332879,0.959963
-0.57312879,0.959963
-0.57292879,0.991962
-0.57272879,0.991962
-0.57252879,0.959963
-0.57232879,0.991962
-0.57212879,1.02396
-0.57192879,0.991962
-0.57172879,1.02396
-0.57152879,0.959963
-0.57132879,0.991962
-0.57112879,0.991962
-0.57092879,1.05596
-0.57072879,1.02396
-0.57052879,0.991962
-0.57032879,1.02396
-0.57012879,0.991962
-0.56992879,1.02396
-0.56972879,1.02396
-0.56952879,0.991962
-0.56932879,1.02396
-0.56912879,1.02396
-0.56892879,1.05596
-0.56872879,1.05596
-0.56852879,1.02396
-0.56832879,1.05596
-0.56812879,1.05596
-0.56792879,1.02396
-0.56772879,1.05596
-0.56752879,0.991962
-0.56732879,0.991962
-0.56712879,1.05596
-0.56692879,1.05596
-0.56672879,1.05596
-0.56652879,1.02396
-0.56632879,1.02396
-0.56612879,1.05596
-0.56592879,1.05596
-0.56572879,1.05596
-0.56552879,1.08796
-0.56532879,1.08796
-0.56512879,1.08796
-0.56492879,1.08796
-0.56472879,1.08796
-0.56452879,1.08796
-0.56432879,1.05596
-0.56412879,1.11996
-0.56392879,1.08796
-0.56372879,1.05596
-0.56352879,1.11996
-0.56332879,1.05596
-0.56312879,1.11996
-0.56292879,1.08796
-0.56272879,1.11996
-0.56252879,1.05596
-0.56232879,1.11996
-0.56212879,1.11996
-0.56192879,1.11996
-0.56172879,1.11996
-0.56152879,1.11996
-0.56132879,1.15196
-0.56112879,1.11996
-0.56092879,1.11996
-0.56072879,1.11996
-0.56052879,1.08796
-0.56032879,1.15196
-0.56012879,1.15196
-0.55992879,1.11996
-0.55972879,1.11996
-0.55952879,1.15196
-0.55932879,1.15196
-0.55912879,1.15196
-0.55892879,1.15196
-0.55872879,1.15196
-0.55852879,1.15196
-0.55832879,1.11996
-0.55812879,1.11996
-0.55792879,1.15196
-0.55772879,1.15196
-0.55752879,1.15196
-0.55732879,1.11996
-0.55712879,1.15196
-0.55692879,1.15196
-0.55672879,1.15196
-0.55652879,1.18395
-0.55632879,1.15196
-0.55612879,1.11996
-0.55592879,1.11996
-0.55572879,1.15196
-0.55552879,1.15196
-0.55532879,1.15196
-0.55512879,1.15196
-0.55492879,1.15196
-0.55472879,1.18395
-0.55452879,1.21595
-0.55432879,1.18395
-0.55412879,1.21595
-0.55392879,1.15196
-0.55372879,1.21595
-0.55352879,1.11996
-0.55332879,1.15196
-0.55312879,1.18395
-0.55292879,1.21595
-0.55272879,1.18395
-0.55252879,1.18395
-0.55232879,1.21595
-0.55212879,1.18395
-0.55192879,1.18395
-0.55172879,1.18395
-0.55152879,1.21595
-0.55132879,1.21595
-0.55112879,1.18395
-0.55092879,1.15196
-0.55072879,1.15196
-0.55052879,1.21595
-0.55032879,1.18395
-0.55012879,1.15196
-0.54992879,1.18395
-0.54972879,1.21595
-0.54952879,1.15196
-0.54932879,1.18395
-0.54912879,1.18395
-0.54892879,1.15196
-0.54872879,1.24795
-0.54852879,1.21595
-0.54832879,1.27995
-0.54812879,1.21595
-0.54792879,1.18395
-0.54772879,1.18395
-0.54752879,1.21595
-0.54732879,1.18395
-0.54712879,1.27995
-0.54692879,1.18395
-0.54672879,1.21595
-0.54652879,1.15196
-0.54632879,1.21595
-0.54612879,1.18395
-0.54592879,1.21595
-0.54572879,1.24795
-0.54552879,1.18395
-0.54532879,1.24795
-0.54512879,1.24795
-0.54492879,1.24795
-0.54472879,1.21595
-0.54452879,1.21595
-0.54432879,1.21595
-0.54412879,1.27995
-0.54392879,1.21595
-0.54372879,1.27995
-0.54352879,1.24795
-0.54332879,1.24795
-0.54312879,1.24795
-0.54292879,1.24795
-0.54272879,1.21595
-0.54252879,1.21595
-0.54232879,1.24795
-0.54212879,1.21595
-0.54192879,1.27995
-0.54172879,1.24795
-0.54152879,1.21595
-0.54132879,1.24795
-0.54112879,1.31195
-0.54092879,1.21595
-0.54072879,1.18395
-0.54052879,1.24795
-0.54032879,1.21595
-0.54012879,1.24795
-0.53992879,1.24795
-0.53972879,1.24795
-0.53952879,1.27995
-0.53932879,1.27995
-0.53912879,1.24795
-0.53892879,1.24795
-0.53872879,1.24795
-0.53852879,1.21595
-0.53832879,1.24795
-0.53812879,1.24795
-0.53792879,1.21595
-0.53772879,1.24795
-0.53752879,1.27995
-0.53732879,1.24795
-0.53712879,1.24795
-0.53692879,1.21595
-0.53672879,1.27995
-0.53652879,1.21595
-0.53632879,1.24795
-0.53612879,1.24795
-0.53592879,1.21595
-0.53572879,1.27995
-0.53552879,1.24795
-0.53532879,1.24795
-0.53512879,1.24795
-0.53492879,1.24795
-0.53472879,1.24795
-0.53452879,1.31195
-0.53432879,1.24795
-0.53412879,1.27995
-0.53392879,1.27995
-0.53372879,1.24795
-0.53352879,1.24795
-0.53332879,1.24795
-0.53312879,1.21595
-0.53292879,1.24795
-0.53272879,1.24795
-0.53252879,1.24795
-0.53232879,1.24795
-0.53212879,1.27995
-0.53192879,1.24795
-0.53172879,1.27995
-0.53152879,1.24795
-0.53132879,1.24795
-0.53112879,1.24795
-0.53092879,1.27995
-0.53072879,1.27995
-0.53052879,1.24795
-0.53032879,1.31195
-0.53012879,1.24795
-0.52992879,1.24795
-0.52972879,1.27995
-0.52952879,1.27995
-0.52932879,1.24795
-0.52912879,1.24795
-0.52892879,1.24795
-0.52872879,1.27995
-0.52852879,1.24795
-0.52832879,1.24795
-0.52812879,1.24795
-0.52792879,1.24795
-0.52772879,1.24795
-0.52752879,1.27995
-0.52732879,1.27995
-0.52712879,1.27995
-0.52692879,1.27995
-0.52672879,1.21595
-0.52652879,1.24795
-0.52632879,1.24795
-0.52612879,1.27995
-0.52592879,1.21595
-0.52572879,1.24795
-0.52552879,1.27995
-0.52532879,1.24795
-0.52512879,1.24795
-0.52492879,1.24795
-0.52472879,1.24795
-0.52452879,1.24795
-0.52432879,1.24795
-0.52412879,1.24795
-0.52392879,1.24795
-0.52372879,1.31195
-0.52352879,1.24795
-0.52332879,1.24795
-0.52312879,1.27995
-0.52292879,1.21595
-0.52272879,1.27995
-0.52252879,1.31195
-0.52232879,1.24795
-0.52212879,1.24795
-0.52192879,1.31195
-0.52172879,1.24795
-0.52152879,1.21595
-0.52132879,1.31195
-0.52112879,1.24795
-0.52092879,1.24795
-0.52072879,1.24795
-0.52052879,1.24795
-0.52032879,1.24795
-0.52012879,1.21595
-0.51992879,1.24795
-0.51972879,1.21595
-0.51952879,1.27995
-0.51932879,1.21595
-0.51912879,1.24795
-0.51892879,1.27995
-0.51872879,1.24795
-0.51852879,1.27995
-0.51832879,1.24795
-0.51812879,1.21595
-0.51792879,1.27995
-0.51772879,1.27995
-0.51752879,1.24795
-0.51732879,1.24795
-0.51712879,1.27995
-0.51692879,1.24795
-0.51672879,1.24795
-0.51652879,1.21595
-0.51632879,1.21595
-0.51612879,1.18395
-0.51592879,1.27995
-0.51572879,1.21595
-0.51552879,1.21595
-0.51532879,1.27995
-0.51512879,1.21595
-0.51492879,1.24795
-0.51472879,1.24795
-0.51452879,1.21595
-0.51432879,1.24795
-0.51412879,1.21595
-0.51392879,1.21595
-0.51372879,1.21595
-0.51352879,1.24795
-0.51332879,1.27995
-0.51312879,1.18395
-0.51292879,1.24795
-0.51272879,1.21595
-0.51252879,1.18395
-0.51232879,1.21595
-0.51212879,1.21595
-0.51192879,1.18395
-0.51172879,1.18395
-0.51152879,1.24795
-0.51132879,1.18395
-0.51112879,1.18395
-0.51092879,1.18395
-0.51072879,1.18395
-0.51052879,1.21595
-0.51032879,1.18395
-0.51012879,1.18395
-0.50992879,1.21595
-0.50972879,1.18395
-0.50952879,1.21595
-0.50932879,1.18395
-0.50912879,1.21595
-0.50892879,1.18395
-0.50872879,1.24795
-0.50852879,1.18395
-0.50832879,1.18395
-0.50812879,1.21595
-0.50792879,1.18395
-0.50772879,1.18395
-0.50752879,1.18395
-0.50732879,1.18395
-0.50712879,1.15196
-0.50692879,1.15196
-0.50672879,1.21595
-0.50652879,1.18395
-0.50632879,1.15196
-0.50612879,1.15196
-0.50592879,1.18395
-0.50572879,1.15196
-0.50552879,1.18395
-0.50532879,1.15196
-0.50512879,1.18395
-0.50492879,1.18395
-0.50472879,1.18395
-0.50452879,1.18395
-0.50432879,1.18395
-0.50412879,1.11996
-0.50392879,1.15196
-0.50372879,1.18395
-0.50352879,1.15196
-0.50332879,1.15196
-0.50312879,1.15196
-0.50292879,1.15196
-0.50272879,1.11996
-0.50252879,1.15196
-0.50232879,1.15196
-0.50212879,1.15196
-0.50192879,1.15196
-0.50172879,1.11996
-0.50152879,1.11996
-0.50132879,1.11996
-0.50112879,1.11996
-0.50092879,1.11996
-0.50072879,1.15196
-0.50052879,1.11996
-0.50032879,1.11996
-0.50012879,1.11996
-0.49992879,1.11996
-0.49972879,1.15196
-0.49952879,1.11996
-0.49932879,1.08796
-0.49912879,1.08796
-0.49892879,1.08796
-0.49872879,1.11996
-0.49852879,1.11996
-0.49832879,1.08796
-0.49812879,1.11996
-0.49792879,1.08796
-0.49772879,1.05596
-0.49752879,1.11996
-0.49732879,1.08796
-0.49712879,1.08796
-0.49692879,1.08796
-0.49672879,1.05596
-0.49652879,1.05596
-0.49632879,1.08796
-0.49612879,1.05596
-0.49592879,1.08796
-0.49572879,1.05596
-0.49552879,1.08796
-0.49532879,1.08796
-0.49512879,1.05596
-0.49492879,1.08796
-0.49472879,1.02396
-0.49452879,1.05596
-0.49432879,1.05596
-0.49412879,1.02396
-0.49392879,1.02396
-0.49372879,1.05596
-0.49352879,1.08796
-0.49332879,1.05596
-0.49312879,1.05596
-0.49292879,1.02396
-0.49272879,1.02396
-0.49252879,1.02396
-0.49232879,1.02396
-0.49212879,1.05596
-0.49192879,1.02396
-0.49172879,1.02396
-0.49152879,1.02396
-0.49132879,1.02396
-0.49112879,1.02396
-0.49092879,0.991962
-0.49072879,0.991962
-0.49052879,0.991962
-0.49032879,0.991962
-0.49012879,0.991962
-0.48992879,1.02396
-0.48972879,0.991962
-0.48952879,0.959963
-0.48932879,1.02396
-0.48912879,0.959963
-0.48892879,0.991962
-0.48872879,0.959963
-0.48852879,0.959963
-0.48832879,0.959963
-0.48812879,0.959963
-0.48792879,0.991962
-0.48772879,0.991962
-0.48752879,0.959963
-0.48732879,0.959963
-0.48712879,0.991962
-0.48692879,0.927964
-0.48672879,0.927964
-0.48652879,0.991962
-0.48632879,0.927964
-0.48612879,0.927964
-0.48592879,0.927964
-0.48572879,0.895966
-0.48552879,0.927964
-0.48532879,0.959963
-0.48512879,0.895966
-0.48492879,0.927964
-0.48472879,0.927964
-0.48452879,0.895966
-0.48432879,0.863967
-0.48412879,0.927964
-0.48392879,0.863967
-0.48372879,0.895966
-0.48352879,0.895966
-0.48332879,0.895966
-0.48312879,0.863967
-0.48292879,0.863967
-0.48272879,0.863967
-0.48252879,0.863967
-0.48232879,0.895966
-0.48212879,0.863967
-0.48192879,0.831968
-0.48172879,0.895966
-0.48152879,0.863967
-0.48132879,0.863967
-0.48112879,0.831968
-0.48092879,0.831968
-0.48072879,0.831968
-0.48052879,0.863967
-0.48032879,0.831968
-0.48012879,0.799969
-0.47992879,0.831968
-0.47972879,0.799969
-0.47952879,0.831968
-0.47932879,0.863967
-0.47912879,0.799969
-0.47892879,0.767971
-0.47872879,0.799969
-0.47852879,0.735972
-0.47832879,0.799969
-0.47812879,0.799969
-0.47792879,0.767971
-0.47772879,0.735972
-0.47752879,0.799969
-0.47732879,0.767971
-0.47712879,0.735972
-0.47692879,0.767971
-0.47672879,0.735972
-0.47652879,0.735972
-0.47632879,0.799969
-0.47612879,0.735972
-0.47592879,0.735972
-0.47572879,0.767971
-0.47552879,0.735972
-0.47532879,0.735972
-0.47512879,0.703973
-0.47492879,0.735972
-0.47472879,0.671974
-0.47452879,0.703973
-0.47432879,0.671974
-0.47412879,0.671974
-0.47392879,0.703973
-0.47372879,0.671974
-0.47352879,0.671974
-0.47332879,0.671974
-0.47312879,0.639975
-0.47292879,0.639975
-0.47272879,0.671974
-0.47252879,0.639975
-0.47232879,0.639975
-0.47212879,0.639975
-0.47192879,0.607977
-0.47172879,0.639975
-0.47152879,0.639975
-0.47132879,0.639975
-0.47112879,0.607977
-0.47092879,0.639975
-0.47072879,0.575978
-0.47052879,0.607977
-0.47032879,0.607977
-0.47012879,0.543979
-0.46992879,0.575978
-0.46972879,0.607977
-0.46952879,0.575978
-0.46932879,0.575978
-0.46912879,0.575978
-0.46892879,0.543979
-0.46872879,0.575978
-0.46852879,0.575978
-0.46832879,0.543979
-0.46812879,0.575978
-0.46792879,0.575978
-0.46772879,0.575978
-0.46752879,0.575978
-0.46732879,0.543979
-0.46712879,0.51198
-0.46692879,0.51198
-0.46672879,0.51198
-0.46652879,0.51198
-0.46632879,0.543979
-0.46612879,0.575978
-0.46592879,0.51198
-0.46572879,0.51198
-0.46552879,0.51198
-0.46532879,0.479982
-0.46512879,0.479982
-0.46492879,0.447983
-0.46472879,0.415984
-0.46452879,0.479982
-0.46432879,0.479982
-0.46412879,0.447983
-0.46392879,0.51198
-0.46372879,0.479982
-0.46352879,0.479982
-0.46332879,0.415984
-0.46312879,0.415984
-0.46292879,0.415984
-0.46272879,0.415984
-0.46252879,0.415984
-0.46232879,0.415984
-0.46212879,0.447983
-0.46192879,0.415984
-0.46172879,0.383985
-0.46152879,0.415984
-0.46132879,0.351986
-0.46112879,0.383985
-0.46092879,0.383985
-0.46072879,0.351986
-0.46052879,0.383985
-0.46032879,0.351986
-0.46012879,0.351986
-0.45992879,0.415984
-0.45972879,0.383985
-0.45952879,0.319988
-0.45932879,0.319988
-0.45912879,0.351986
-0.45892879,0.287989
-0.45872879,0.319988
-0.45852879,0.319988
-0.45832879,0.319988
-0.45812879,0.319988
-0.45792879,0.351986
-0.45772879,0.319988
-0.45752879,0.319988
-0.45732879,0.351986
-0.45712879,0.319988
-0.45692879,0.287989
-0.45672879,0.319988
-0.45652879,0.319988
-0.45632879,0.25599
-0.45612879,0.319988
-0.45592879,0.287989
-0.45572879,0.287989
-0.45552879,0.25599
-0.45532879,0.25599
-0.45512879,0.25599
-0.45492879,0.25599
-0.45472879,0.223991
-0.45452879,0.25599
-0.45432879,0.287989
-0.45412879,0.25599
-0.45392879,0.223991
-0.45372879,0.25599
-0.45352879,0.191993
-0.45332879,0.223991
-0.45312879,0.191993
-0.45292879,0.223991
-0.45272879,0.25599
-0.45252879,0.25599
-0.45232879,0.223991
-0.45212879,0.191993
-0.45192879,0.191993
-0.45172879,0.159994
-0.45152879,0.191993
-0.45132879,0.159994
-0.45112879,0.191993
-0.45092879,0.191993
-0.45072879,0.159994
-0.45052879,0.127995
-0.45032879,0.159994
-0.45012879,0.159994
-0.44992879,0.159994
-0.44972879,0.159994
-0.44952879,0.127995
-0.44932879,0.127995
-0.44912879,0.127995
-0.44892879,0.127995
-0.44872879,0.127995
-0.44852879,0.127995
-0.44832879,0.127995
-0.44812879,0.127995
-0.44792879,0.127995
-0.44772879,0.0959963
-0.44752879,0.0959963
-0.44732879,0.0639975
-0.44712879,0.0639975
-0.44692879,0.0639975
-0.44672879,0.0959963
-0.44652879,0.0959963
-0.44632879,0.0319988
-0.44612879,0.0319988
-0.44592879,0.0639975
-0.44572879,0.0639975
-0.44552879,0.0319988
-0.44532879,0.0319988
-0.44512879,0.0319988
-0.44492879,0.0319988
-0.44472879,0.0319988
-0.44452879,0.0319988
-0.44432879,0.0319988
-0.44412879,0
-0.44392879,0.0639975
-0.44372879,0
-0.44352879,0
-0.44332879,0.0639975
-0.44312879,0.0319988
-0.44292879,0
-0.44272879,0.0319988
-0.44252879,0
-0.44232879,-0.0319988
-0.44212879,-0.0319988
-0.44192879,-0.0319988
-0.44172879,-0.0319988
-0.44152879,-0.0319988
-0.44132879,-0.0319988
-0.44112879,-0.0319988
-0.44092879,-0.0639975
-0.44072879,-0.0639975
-0.44052879,0
-0.44032879,-0.0319988
-0.44012879,-0.0959963
-0.43992879,-0.0959963
-0.43972879,-0.0959963
-0.43952879,-0.127995
-0.43932879,-0.127995
-0.43912879,-0.0639975
-0.43892879,-0.127995
-0.43872879,-0.0959963
-0.43852879,-0.127995
-0.43832879,-0.0959963
-0.43812879,-0.127995
-0.43792879,-0.127995
-0.43772879,-0.127995
-0.43752879,-0.159994
-0.43732879,-0.159994
-0.43712879,-0.191993
-0.43692879,-0.127995
-0.43672879,-0.159994
-0.43652879,-0.191993
-0.43632879,-0.159994
-0.43612879,-0.159994
-0.43592879,-0.223991
-0.43572879,-0.191993
-0.43552879,-0.159994
-0.43532879,-0.223991
-0.43512879,-0.191993
-0.43492879,-0.127995
-0.43472879,-0.223991
-0.43452879,-0.191993
-0.43432879,-0.191993
-0.43412879,-0.25599
-0.43392879,-0.223991
-0.43372879,-0.223991
-0.43352879,-0.159994
-0.43332879,-0.25599
-0.43312879,-0.25599
-0.43292879,-0.25599
-0.43272879,-0.25599
-0.43252879,-0.191993
-0.43232879,-0.25599
-0.43212879,-0.25599
-0.43192879,-0.223991
-0.43172879,-0.25599
-0.43152879,-0.287989
-0.43132879,-0.25599
-0.43112879,-0.25599
-0.43092879,-0.191993
-0.43072879,-0.25599
-0.43052879,-0.25599
-0.43032879,-0.287989
-0.43012879,-0.25599
-0.42992879,-0.287989
-0.42972879,-0.287989
-0.42952879,-0.287989
-0.42932879,-0.287989
-0.42912879,-0.319988
-0.42892879,-0.319988
-0.42872879,-0.287989
-0.42852879,-0.319988
-0.42832879,-0.319988
-0.42812879,-0.319988
-0.42792879,-0.287989
-0.42772879,-0.319988
-0.42752879,-0.351986
-0.42732879,-0.351986
-0.42712879,-0.351986
-0.42692879,-0.319988
-0.42672879,-0.319988
-0.42652879,-0.383985
-0.42632879,-0.351986
-0.42612879,-0.351986
-0.42592879,-0.351986
-0.42572879,-0.351986
-0.42552879,-0.415984
-0.42532879,-0.383985
-0.42512879,-0.383985
-0.42492879,-0.383985
-0.42472879,-0.351986
-0.42452879,-0.415984
-0.42432879,-0.415984
-0.42412879,-0.415984
-0.42392879,-0.383985
-0.42372879,-0.447983
-0.42352879,-0.415984
-0.42332879,-0.415984
-0.42312879,-0.447983
-0.42292879,-0.415984
-0.42272879,-0.383985
-0.42252879,-0.415984
-0.42232879,-0.415984
-0.42212879,-0.415984
-0.42192879,-0.447983
-0.42172879,-0.415984
-0.42152879,-0.415984
-0.42132879,-0.447983
-0.42112879,-0.415984
-0.42092879,-0.415984
-0.42072879,-0.447983
-0.42052879,-0.447983
-0.42032879,-0.415984
-0.42012879,-0.447983
-0.41992879,-0.415984
-0.41972879,-0.415984
-0.41952879,-0.479982
-0.41932879,-0.479982
-0.41912879,-0.415984
-0.41892879,-0.447983
-0.41872879,-0.447983
-0.41852879,-0.447983
-0.41832879,-0.415984
-0.41812879,-0.415984
-0.41792879,-0.415984
-0.41772879,-0.447983
-0.41752879,-0.479982
-0.41732879,-0.447983
-0.41712879,-0.447983
-0.41692879,-0.447983
-0.41672879,-0.415984
-0.41652879,-0.51198
-0.41632879,-0.447983
-0.41612879,-0.447983
-0.41592879,-0.479982
-0.41572879,-0.447983
-0.41552879,-0.447983
-0.41532879,-0.479982
-0.41512879,-0.447983
-0.41492879,-0.447983
-0.41472879,-0.479982
-0.41452879,-0.479982
-0.41432879,-0.415984
-0.41412879,-0.479982
-0.41392879,-0.447983
-0.41372879,-0.447983
-0.41352879,-0.479982
-0.41332879,-0.447983
-0.41312879,-0.479982
-0.41292879,-0.479982
-0.41272879,-0.447983
-0.41252879,-0.415984
-0.41232879,-0.447983
-0.41212879,-0.447983
-0.41192879,-0.447983
-0.41172879,-0.479982
-0.41152879,-0.447983
-0.41132879,-0.479982
-0.41112879,-0.479982
-0.41092879,-0.447983
-0.41072879,-0.479982
-0.41052879,-0.479982
-0.41032879,-0.447983
-0.41012879,-0.447983
-0.40992879,-0.479982
-0.40972879,-0.479982
-0.40952879,-0.447983
-0.40932879,-0.447983
-0.40912879,-0.51198
-0.40892879,-0.447983
-0.40872879,-0.479982
-0.40852879,-0.51198
-0.40832879,-0.447983
-0.40812879,-0.51198
-0.40792879,-0.51198
-0.40772879,-0.447983
-0.40752879,-0.447983
-0.40732879,-0.447983
-0.40712879,-0.447983
-0.40692879,-0.479982
-0.40672879,-0.479982
-0.40652879,-0.479982
-0.40632879,-0.543979
-0.40612879,-0.415984
-0.40592879,-0.479982
-0.40572879,-0.479982
-0.40552879,-0.415984
-0.40532879,-0.447983
-0.40512879,-0.479982
-0.40492879,-0.447983
-0.40472879,-0.447983
-0.40452879,-0.479982
-0.40432879,-0.479982
-0.40412879,-0.447983
-0.40392879,-0.51198
-0.40372879,-0.447983
-0.40352879,-0.479982
-0.40332879,-0.51198
-0.40312879,-0.479982
-0.40292879,-0.447983
-0.40272879,-0.479982
-0.40252879,-0.479982
-0.40232879,-0.543979
-0.40212879,-0.51198
-0.40192879,-0.51198
-0.40172879,-0.447983
-0.40152879,-0.479982
-0.40132879,-0.447983
-0.40112879,-0.479982
-0.40092879,-0.51198
-0.40072879,-0.479982
-0.40052879,-0.479982
-0.40032879,-0.51198
-0.40012879,-0.51198
-0.39992879,-0.447983
-0.39972879,-0.479982
-0.39952879,-0.447983
-0.39932879,-0.479982
-0.39912879,-0.543979
-0.39892879,-0.479982
-0.39872879,-0.479982
-0.39852879,-0.51198
-0.39832879,-0.543979
-0.39812879,-0.447983
-0.39792879,-0.51198
-0.39772879,-0.51198
-0.39752879,-0.479982
-0.39732879,-0.51198
-0.39712879,-0.447983
-0.39692879,-0.479982
-0.39672879,-0.479982
-0.39652879,-0.479982
-0.39632879,-0.479982
-0.39612879,-0.479982
-0.39592879,-0.479982
-0.39572879,-0.479982
-0.39552879,-0.51198
-0.39532879,-0.479982
-0.39512879,-0.479982
-0.39492879,-0.51198
-0.39472879,-0.447983
-0.39452879,-0.51198
-0.39432879,-0.479982
-0.39412879,-0.51198
-0.39392879,-0.447983
-0.39372879,-0.51198
-0.39352879,-0.479982
-0.39332879,-0.51198
-0.39312879,-0.447983
-0.39292879,-0.479982
-0.39272879,-0.447983
-0.39252879,-0.479982
-0.39232879,-0.479982
-0.39212879,-0.447983
-0.39192879,-0.479982
-0.39172879,-0.479982
-0.39152879,-0.447983
-0.39132879,-0.479982
-0.39112879,-0.479982
-0.39092879,-0.447983
-0.39072879,-0.479982
-0.39052879,-0.447983
-0.39032879,-0.447983
-0.39012879,-0.447983
-0.38992879,-0.447983
-0.38972879,-0.447983
-0.38952879,-0.479982
-0.38932879,-0.447983
-0.38912879,-0.479982
-0.38892879,-0.479982
-0.38872879,-0.479982
-0.38852879,-0.479982
-0.38832879,-0.51198
-0.38812879,-0.479982
-0.38792879,-0.479982
-0.38772879,-0.51198
-0.38752879,-0.479982
-0.38732879,-0.479982
-0.38712879,-0.51198
-0.38692879,-0.51198
-0.38672879,-0.479982
-0.38652879,-0.479982
-0.38632879,-0.51198
-0.38612879,-0.447983
-0.38592879,-0.479982
-0.38572879,-0.479982
-0.38552879,-0.479982
-0.38532879,-0.479982
-0.38512879,-0.447983
-0.38492879,-0.479982
-0.38472879,-0.479982
-0.38452879,-0.51198
-0.38432879,-0.479982
-0.38412879,-0.479982
-0.38392879,-0.447983
-0.38372879,-0.447983
-0.38352879,-0.51198
-0.38332879,-0.479982
-0.38312879,-0.479982
-0.38292879,-0.51198
-0.38272879,-0.479982
-0.38252879,-0.479982
-0.38232879,-0.51198
-0.38212879,-0.447983
-0.38192879,-0.479982
-0.38172879,-0.479982
-0.38152879,-0.447983
-0.38132879,-0.51198
-0.38112879,-0.479982
-0.38092879,-0.479982
-0.38072879,-0.415984
-0.38052879,-0.479982
-0.38032879,-0.479982
-0.38012879,-0.479982
-0.37992879,-0.51198
-0.37972879,-0.479982
-0.37952879,-0.479982
-0.37932879,-0.479982
-0.37912879,-0.479982
-0.37892879,-0.447983
-0.37872879,-0.51198
-0.37852879,-0.479982
-0.37832879,-0.479982
-0.37812879,-0.51198
-0.37792879,-0.479982
-0.37772879,-0.479982
-0.37752879,-0.479982
-0.37732879,-0.447983
-0.37712879,-0.447983
-0.37692879,-0.479982
-0.37672879,-0.479982
-0.37652879,-0.447983
-0.37632879,-0.479982
-0.37612879,-0.51198
-0.37592879,-0.479982
-0.37572879,-0.479982
-0.37552879,-0.479982
-0.37532879,-0.447983
-0.37512879,-0.479982
-0.37492879,-0.51198
-0.37472879,-0.479982
-0.37452879,-0.51198
-0.37432879,-0.479982
-0.37412879,-0.447983
-0.37392879,-0.479982
-0.37372879,-0.447983
-0.37352879,-0.479982
-0.37332879,-0.447983
-0.37312879,-0.447983
-0.37292879,-0.479982
-0.37272879,-0.479982
-0.37252879,-0.447983
-0.37232879,-0.447983
-0.37212879,-0.447983
-0.37192879,-0.415984
-0.37172879,-0.415984
-0.37152879,-0.447983
-0.37132879,-0.479982
-0.37112879,-0.415984
-0.37092879,-0.447983
-0.37072879,-0.447983
-0.37052879,-0.447983
-0.37032879,-0.447983
-0.37012879,-0.447983
-0.36992879,-0.415984
-0.36972879,-0.447983
-0.36952879,-0.447983
-0.36932879,-0.447983
-0.36912879,-0.479982
-0.36892879,-0.447983
-0.36872879,-0.415984
-0.36852879,-0.447983
-0.36832879,-0.383985
-0.36812879,-0.447983
-0.36792879,-0.447983
-0.36772879,-0.447983
-0.36752879,-0.447983
-0.36732879,-0.447983
-0.36712879,-0.415984
-0.36692879,-0.447983
-0.36672879,-0.415984
-0.36652879,-0.447983
-0.36632879,-0.447983
-0.36612879,-0.447983
-0.36592879,-0.479982
-0.36572879,-0.383985
-0.36552879,-0.447983
-0.36532879,-0.447983
-0.36512879,-0.415984
-0.36492879,-0.479982
-0.36472879,-0.479982
-0.36452879,-0.415984
-0.36432879,-0.447983
-0.36412879,-0.447983
-0.36392879,-0.415984
-0.36372879,-0.447983
-0.36352879,-0.415984
-0.36332879,-0.415984
-0.36312879,-0.415984
-0.36292879,-0.415984
-0.36272879,-0.415984
-0.36252879,-0.383985
-0.36232879,-0.415984
-0.36212879,-0.383985
-0.36192879,-0.447983
-0.36172879,-0.415984
-0.36152879,-0.447983
-0.36132879,-0.415984
-0.36112879,-0.415984
-0.36092879,-0.415984
-0.36072879,-0.479982
-0.36052879,-0.415984
-0.36032879,-0.415984
-0.36012879,-0.415984
-0.35992879,-0.447983
-0.35972879,-0.383985
-0.35952879,-0.415984
-0.35932879,-0.447983
-0.35912879,-0.415984
-0.35892879,-0.447983
-0.35872879,-0.415984
-0.35852879,-0.447983
-0.35832879,-0.447983
-0.35812879,-0.447983
-0.35792879,-0.383985
-0.35772879,-0.447983
-0.35752879,-0.415984
-0.35732879,-0.415984
-0.35712879,-0.447983
-0.35692879,-0.447983
-0.35672879,-0.351986
-0.35652879,-0.415984
-0.35632879,-0.415984
-0.35612879,-0.383985
-0.35592879,-0.383985
-0.35572879,-0.447983
-0.35552879,-0.351986
-0.35532879,-0.447983
-0.35512879,-0.415984
-0.35492879,-0.383985
-0.35472879,-0.383985
-0.35452879,-0.415984
-0.35432879,-0.351986
-0.35412879,-0.415984
-0.35392879,-0.415984
-0.35372879,-0.383985
-0.35352879,-0.383985
-0.35332879,-0.383985
-0.35312879,-0.383985
-0.35292879,-0.383985
-0.35272879,-0.415984
-0.35252879,-0.351986
-0.35232879,-0.383985
-0.35212879,-0.415984
-0.35192879,-0.351986
-0.35172879,-0.383985
-0.35152879,-0.383985
-0.35132879,-0.383985
-0.35112879,-0.415984
-0.35092879,-0.383985
-0.35072879,-0.351986
-0.35052879,-0.415984
-0.35032879,-0.383985
-0.35012879,-0.383985
-0.34992879,-0.415984
-0.34972879,-0.383985
-0.34952879,-0.351986
-0.34932879,-0.447983
-0.34912879,-0.415984
-0.34892879,-0.383985
-0.34872879,-0.383985
-0.34852879,-0.383985
-0.34832879,-0.383985
-0.34812879,-0.415984
-0.34792879,-0.415984
-0.34772879,-0.383985
-0.34752879,-0.383985
-0.34732879,-0.383985
-0.34712879,-0.351986
-0.34692879,-0.351986
-0.34672879,-0.383985
-0.34652879,-0.383985
-0.34632879,-0.447983
-0.34612879,-0.383985
-0.34592879,-0.351986
-0.34572879,-0.383985
-0.34552879,-0.383985
-0.34532879,-0.287989
-0.34512879,-0.351986
-0.34492879,-0.383985
-0.34472879,-0.319988
-0.34452879,-0.319988
-0.34432879,-0.351986
-0.34412879,-0.351986
-0.34392879,-0.383985
-0.34372879,-0.383985
-0.34352879,-0.383985
-0.34332879,-0.383985
-0.34312879,-0.351986
-0.34292879,-0.383985
-0.34272879,-0.319988
-0.34252879,-0.319988
-0.34232879,-0.351986
-0.34212879,-0.383985
-0.34192879,-0.351986
-0.34172879,-0.319988
-0.34152879,-0.351986
-0.34132879,-0.319988
-0.34112879,-0.319988
-0.34092879,-0.351986
-0.34072879,-0.351986
-0.34052879,-0.351986
-0.34032879,-0.383985
-0.34012879,-0.351986
-0.33992879,-0.351986
-0.33972879,-0.319988
-0.33952879,-0.383985
-0.33932879,-0.319988
-0.33912879,-0.319988
-0.33892879,-0.351986
-0.33872879,-0.351986
-0.33852879,-0.351986
-0.33832879,-0.351986
-0.33812879,-0.319988
-0.33792879,-0.319988
-0.33772879,-0.351986
-0.33752879,-0.319988
-0.33732879,-0.351986
-0.33712879,-0.351986
-0.33692879,-0.319988
-0.33672879,-0.351986
-0.33652879,-0.351986
-0.33632879,-0.319988
-0.33612879,-0.351986
-0.33592879,-0.351986
-0.33572879,-0.351986
-0.33552879,-0.351986
-0.33532879,-0.351986
-0.33512879,-0.319988
-0.33492879,-0.351986
-0.33472879,-0.319988
-0.33452879,-0.351986
-0.33432879,-0.319988
-0.33412879,-0.351986
-0.33392879,-0.319988
-0.33372879,-0.319988
-0.33352879,-0.319988
-0.33332879,-0.351986
-0.33312879,-0.319988
-0.33292879,-0.319988
-0.33272879,-0.319988
-0.33252879,-0.351986
-0.33232879,-0.319988
-0.33212879,-0.351986
-0.33192879,-0.287989
-0.33172879,-0.351986
-0.33152879,-0.319988
-0.33132879,-0.319988
-0.33112879,-0.351986
-0.33092879,-0.319988
-0.33072879,-0.25599
-0.33052879,-0.25599
-0.33032879,-0.287989
-0.33012879,-0.319988
-0.32992879,-0.25599
-0.32972879,-0.287989
-0.32952879,-0.287989
-0.32932879,-0.287989
-0.32912879,-0.319988
-0.32892879,-0.287989
-0.32872879,-0.319988
-0.32852879,-0.319988
-0.32832879,-0.287989
-0.32812879,-0.287989
-0.32792879,-0.287989
-0.32772879,-0.319988
-0.32752879,-0.223991
-0.32732879,-0.287989
-0.32712879,-0.319988
-0.32692879,-0.287989
-0.32672879,-0.287989
-0.32652879,-0.287989
-0.32632879,-0.287989
-0.32612879,-0.287989
-0.32592879,-0.319988
-0.32572879,-0.287989
-0.32552879,-0.25599
-0.32532879,-0.319988
-0.32512879,-0.25599
-0.32492879,-0.25599
-0.32472879,-0.25599
-0.32452879,-0.319988
-0.32432879,-0.25599
-0.32412879,-0.287989
-0.32392879,-0.25599
-0.32372879,-0.25599
-0.32352879,-0.287989
-0.32332879,-0.223991
-0.32312879,-0.25599
-0.32292879,-0.287989
-0.32272879,-0.287989
-0.32252879,-0.25599
-0.32232879,-0.287989
-0.32212879,-0.25599
-0.32192879,-0.287989
-0.32172879,-0.287989
-0.32152879,-0.25599
-0.32132879,-0.287989
-0.32112879,-0.25599
-0.32092879,-0.25599
-0.32072879,-0.287989
-0.32052879,-0.287989
-0.32032879,-0.25599
-0.32012879,-0.287989
-0.31992879,-0.319988
-0.31972879,-0.25599
-0.31952879,-0.25599
-0.31932879,-0.25599
-0.31912879,-0.25599
-0.31892879,-0.25599
-0.31872879,-0.287989
-0.31852879,-0.25599
-0.31832879,-0.25599
-0.31812879,-0.287989
-0.31792879,-0.223991
-0.31772879,-0.319988
-0.31752879,-0.25599
-0.31732879,-0.25599
-0.31712879,-0.287989
-0.31692879,-0.25599
-0.31672879,-0.25599
-0.31652879,-0.287989
-0.31632879,-0.287989
-0.31612879,-0.25599
-0.31592879,-0.287989
-0.31572879,-0.287989
-0.31552879,-0.25599
-0.31532879,-0.25599
-0.31512879,-0.287989
-0.31492879,-0.287989
-0.31472879,-0.287989
-0.31452879,-0.25599
-0.31432879,-0.25599
-0.31412879,-0.25599
-0.31392879,-0.287989
-0.31372879,-0.25599
-0.31352879,-0.287989
-0.31332879,-0.319988
-0.31312879,-0.287989
-0.31292879,-0.287989
-0.31272879,-0.287989
-0.31252879,-0.223991
-0.31232879,-0.287989
-0.31212879,-0.25599
-0.31192879,-0.25599
-0.31172879,-0.287989
-0.31152879,-0.287989
-0.31132879,-0.223991
-0.31112879,-0.25599
-0.31092879,-0.287989
-0.31072879,-0.223991
-0.31052879,-0.287989
-0.31032879,-0.25599
-0.31012879,-0.223991
-0.30992879,-0.25599
-0.30972879,-0.25599
-0.30952879,-0.25599
-0.30932879,-0.25599
-0.30912879,-0.25599
-0.30892879,-0.191993
-0.30872879,-0.25599
-0.30852879,-0.25599
-0.30832879,-0.191993
-0.30812879,-0.25599
-0.30792879,-0.25599
-0.30772879,-0.223991
-0.30752879,-0.223991
-0.30732879,-0.25599
-0.30712879,-0.191993
-0.30692879,-0.223991
-0.30672879,-0.25599
-0.30652879,-0.223991
-0.30632879,-0.25599
-0.30612879,-0.223991
-0.30592879,-0.223991
-0.30572879,-0.223991
-0.30552879,-0.287989
-0.30532879,-0.223991
-0.30512879,-0.223991
-0.30492879,-0.287989
-0.30472879,-0.223991
-0.30452879,-0.25599
-0.30432879,-0.223991
-0.30412879,-0.191993
-0.30392879,-0.223991
-0.30372879,-0.25599
-0.30352879,-0.25599
-0.30332879,-0.223991
-0.30312879,-0.223991
-0.30292879,-0.223991
-0.30272879,-0.223991
-0.30252879,-0.223991
-0.30232879,-0.191993
-0.30212879,-0.25599
-0.30192879,-0.223991
-0.30172879,-0.191993
-0.30152879,-0.191993
-0.30132879,-0.223991
-0.30112879,-0.223991
-0.30092879,-0.191993
-0.30072879,-0.223991
-0.30052879,-0.191993
-0.30032879,-0.223991
-0.30012879,-0.223991
-0.29992879,-0.191993
-0.29972879,-0.223991
-0.29952879,-0.25599
-0.29932879,-0.223991
-0.29912879,-0.25599
-0.29892879,-0.191993
-0.29872879,-0.25599
-0.29852879,-0.223991
-0.29832879,-0.191993
-0.29812879,-0.159994
-0.29792879,-0.223991
-0.29772879,-0.223991
-0.29752879,-0.191993
-0.29732879,-0.25599
-0.29712879,-0.223991
-0.29692879,-0.191993
-0.29672879,-0.223991
-0.29652879,-0.223991
-0.29632879,-0.223991
-0.29612879,-0.223991
-0.29592879,-0.191993
-0.29572879,-0.223991
-0.29552879,-0.223991
-0.29532879,-0.25599
-0.29512879,-0.25599
-0.29492879,-0.25599
-0.29472879,-0.25599
-0.29452879,-0.223991
-0.29432879,-0.25599
-0.29412879,-0.223991
-0.29392879,-0.223991
-0.29372879,-0.287989
-0.29352879,-0.25599
-0.29332879,-0.159994
-0.29312879,-0.223991
-0.29292879,-0.223991
-0.29272879,-0.223991
-0.29252879,-0.223991
-0.29232879,-0.25599
-0.29212879,-0.25599
-0.29192879,-0.25599
-0.29172879,-0.25599
-0.29152879,-0.191993
-0.29132879,-0.25599
-0.29112879,-0.25599
-0.29092879,-0.191993
-0.29072879,-0.25599
-0.29052879,-0.25599
-0.29032879,-0.25599
-0.29012879,-0.25599
-0.28992879,-0.25599
-0.28972879,-0.25599
-0.28952879,-0.25599
-0.28932879,-0.319988
-0.28912879,-0.287989
-0.28892879,-0.25599
-0.28872879,-0.287989
-0.28852879,-0.25599
-0.28832879,-0.287989
-0.28812879,-0.25599
-0.28792879,-0.25599
-0.28772879,-0.287989
-0.28752879,-0.319988
-0.28732879,-0.25599
-0.28712879,-0.287989
-0.28692879,-0.287989
-0.28672879,-0.287989
-0.28652879,-0.319988
-0.28632879,-0.287989
-0.28612879,-0.287989
-0.28592879,-0.319988
-0.28572879,-0.319988
-0.28552879,-0.319988
-0.28532879,-0.319988
-0.28512879,-0.319988
-0.28492879,-0.319988
-0.28472879,-0.319988
-0.28452879,-0.287989
-0.28432879,-0.287989
-0.28412879,-0.287989
-0.28392879,-0.319988
-0.28372879,-0.287989
-0.28352879,-0.319988
-0.28332879,-0.287989
-0.28312879,-0.287989
-0.28292879,-0.319988
-0.28272879,-0.319988
-0.28252879,-0.319988
-0.28232879,-0.319988
-0.28212879,-0.287989
-0.28192879,-0.319988
-0.28172879,-0.287989
-0.28152879,-0.319988
-0.28132879,-0.25599
-0.28112879,-0.287989
-0.28092879,-0.319988
-0.28072879,-0.287989
-0.28052879,-0.287989
-0.28032879,-0.319988
-0.28012879,-0.351986
-0.27992879,-0.319988
-0.27972879,-0.351986
-0.27952879,-0.319988
-0.27932879,-0.319988
-0.27912879,-0.319988
-0.27892879,-0.287989
-0.27872879,-0.25599
-0.27852879,-0.319988
-0.27832879,-0.287989
-0.27812879,-0.319988
-0.27792879,-0.319988
-0.27772879,-0.319988
-0.27752879,-0.319988
-0.27732879,-0.319988
-0.27712879,-0.351986
-0.27692879,-0.319988
-0.27672879,-0.319988
-0.27652879,-0.287989
-0.27632879,-0.287989
-0.27612879,-0.351986
-0.27592879,-0.319988
-0.27572879,-0.319988
-0.27552879,-0.351986
-0.27532879,-0.351986
-0.27512879,-0.351986
-0.27492879,-0.351986
-0.27472879,-0.319988
-0.27452879,-0.319988
-0.27432879,-0.25599
-0.27412879,-0.287989
-0.27392879,-0.319988
-0.27372879,-0.319988
-0.27352879,-0.319988
-0.27332879,-0.319988
-0.27312879,-0.287989
-0.27292879,-0.287989
-0.27272879,-0.287989
-0.27252879,-0.319988
-0.27232879,-0.351986
-0.27212879,-0.319988
-0.27192879,-0.319988
-0.27172879,-0.319988
-0.27152879,-0.319988
-0.27132879,-0.287989
-0.27112879,-0.25599
-0.27092879,-0.287989
-0.27072879,-0.351986
-0.27052879,-0.287989
-0.27032879,-0.287989
-0.27012879,-0.319988
-0.26992879,-0.319988
-0.26972879,-0.287989
-0.26952879,-0.351986
-0.26932879,-0.287989
-0.26912879,-0.287989
-0.26892879,-0.319988
-0.26872879,-0.319988
-0.26852879,-0.319988
-0.26832879,-0.287989
-0.26812879,-0.319988
-0.26792879,-0.319988
-0.26772879,-0.287989
-0.26752879,-0.319988
-0.26732879,-0.287989
-0.26712879,-0.319988
-0.26692879,-0.319988
-0.26672879,-0.287989
-0.26652879,-0.319988
-0.26632879,-0.25599
-0.26612879,-0.319988
-0.26592879,-0.287989
-0.26572879,-0.287989
-0.26552879,-0.287989
-0.26532879,-0.25599
-0.26512879,-0.319988
-0.26492879,-0.287989
-0.26472879,-0.287989
-0.26452879,-0.319988
-0.26432879,-0.25599
-0.26412879,-0.287989
-0.26392879,-0.25599
-0.26372879,-0.25599
-0.26352879,-0.319988
-0.26332879,-0.319988
-0.26312879,-0.319988
-0.26292879,-0.319988
-0.26272879,-0.319988
-0.26252879,-0.287989
-0.26232879,-0.319988
-0.26212879,-0.25599
-0.26192879,-0.25599
-0.26172879,-0.25599
-0.26152879,-0.287989
-0.26132879,-0.25599
-0.26112879,-0.25599
-0.26092879,-0.25599
-0.26072879,-0.25599
-0.26052879,-0.287989
-0.26032879,-0.287989
-0.26012879,-0.287989
-0.25992879,-0.287989
-0.25972879,-0.25599
-0.25952879,-0.287989
-0.25932879,-0.287989
-0.25912879,-0.25599
-0.25892879,-0.25599
-0.25872879,-0.287989
-0.25852879,-0.191993
-0.25832879,-0.25599
-0.25812879,-0.287989
-0.25792879,-0.223991
-0.25772879,-0.25599
-0.25752879,-0.287989
-0.25732879,-0.319988
-0.25712879,-0.319988
-0.25692879,-0.25599
-0.25672879,-0.223991
-0.25652879,-0.287989
-0.25632879,-0.25599
-0.25612879,-0.25599
-0.25592879,-0.25599
-0.25572879,-0.287989
-0.25552879,-0.287989
-0.25532879,-0.287989
-0.25512879,-0.287989
-0.25492879,-0.223991
-0.25472879,-0.287989
-0.25452879,-0.25599
-0.25432879,-0.25599
-0.25412879,-0.25599
-0.25392879,-0.25599
-0.25372879,-0.25599
-0.25352879,-0.287989
-0.25332879,-0.287989
-0.25312879,-0.223991
-0.25292879,-0.287989
-0.25272879,-0.287989
-0.25252879,-0.223991
-0.25232879,-0.319988
-0.25212879,-0.287989
-0.25192879,-0.287989
-0.25172879,-0.223991
-0.25152879,-0.25599
-0.25132879,-0.287989
-0.25112879,-0.25599
-0.25092879,-0.25599
-0.25072879,-0.287989
-0.25052879,-0.25599
-0.25032879,-0.287989
-0.25012879,-0.25599
-0.24992879,-0.319988
-0.24972879,-0.25599
-0.24952879,-0.223991
-0.24932879,-0.319988
-0.24912879,-0.287989
-0.24892879,-0.25599
-0.24872879,-0.287989
-0.24852879,-0.223991
-0.24832879,-0.319988
-0.24812879,-0.319988
-0.24792879,-0.287989
-0.24772879,-0.287989
-0.24752879,-0.287989
-0.24732879,-0.287989
-0.24712879,-0.319988
-0.24692879,-0.287989
-0.24672879,-0.287989
-0.24652879,-0.319988
-0.24632879,-0.287989
-0.24612879,-0.25599
-0.24592879,-0.287989
-0.24572879,-0.287989
-0.24552879,-0.287989
-0.24532879,-0.25599
-0.24512879,-0.287989
-0.24492879,-0.319988
-0.24472879,-0.25599
-0.24452879,-0.25599
-0.24432879,-0.287989
-0.24412879,-0.287989
-0.24392879,-0.25599
-0.24372879,-0.287989
-0.24352879,-0.287989
-0.24332879,-0.287989
-0.24312879,-0.287989
-0.24292879,-0.287989
-0.24272879,-0.25599
-0.24252879,-0.287989
-0.24232879,-0.25599
-0.24212879,-0.25599
-0.24192879,-0.287989
-0.24172879,-0.287989
-0.24152879,-0.25599
-0.24132879,-0.25599
-0.24112879,-0.319988
-0.24092879,-0.25599
-0.24072879,-0.287989
-0.24052879,-0.25599
-0.24032879,-0.287989
-0.24012879,-0.319988
-0.23992879,-0.25599
-0.23972879,-0.287989
-0.23952879,-0.25599
-0.23932879,-0.223991
-0.23912879,-0.319988
-0.23892879,-0.319988
-0.23872879,-0.287989
-0.23852879,-0.25599
-0.23832879,-0.223991
-0.23812879,-0.319988
-0.23792879,-0.319988
-0.23772879,-0.319988
-0.23752879,-0.25599
-0.23732879,-0.287989
-0.23712879,-0.287989
-0.23692879,-0.25599
-0.23672879,-0.319988
-0.23652879,-0.25599
-0.23632879,-0.287989
-0.23612879,-0.25599
-0.23592879,-0.287989
-0.23572879,-0.287989
-0.23552879,-0.25599
-0.23532879,-0.287989
-0.23512879,-0.25599
-0.23492879,-0.25599
-0.23472879,-0.287989
-0.23452879,-0.25599
-0.23432879,-0.287989
-0.23412879,-0.25599
-0.23392879,-0.25599
-0.23372879,-0.223991
-0.23352879,-0.25599
-0.23332879,-0.287989
-0.23312879,-0.25599
-0.23292879,-0.287989
-0.23272879,-0.223991
-0.23252879,-0.25599
-0.23232879,-0.287989
-0.23212879,-0.287989
-0.23192879,-0.287989
-0.23172879,-0.25599
-0.23152879,-0.25599
-0.23132879,-0.287989
-0.23112879,-0.287989
-0.23092879,-0.223991
-0.23072879,-0.223991
-0.23052879,-0.25599
-0.23032879,-0.223991
-0.23012879,-0.25599
-0.22992879,-0.25599
-0.22972879,-0.25599
-0.22952879,-0.287989
-0.22932879,-0.223991
-0.22912879,-0.191993
-0.22892879,-0.25599
-0.22872879,-0.287989
-0.22852879,-0.25599
-0.22832879,-0.25599
-0.22812879,-0.25599
-0.22792879,-0.223991
-0.22772879,-0.223991
-0.22752879,-0.287989
-0.22732879,-0.223991
-0.22712879,-0.223991
-0.22692879,-0.25599
-0.22672879,-0.25599
-0.22652879,-0.25599
-0.22632879,-0.287989
-0.22612879,-0.191993
-0.22592879,-0.287989
-0.22572879,-0.287989
-0.22552879,-0.287989
-0.22532879,-0.25599
-0.22512879,-0.25599
-0.22492879,-0.287989
-0.22472879,-0.25599
-0.22452879,-0.25599
-0.22432879,-0.287989
-0.22412879,-0.25599
-0.22392879,-0.287989
-0.22372879,-0.223991
-0.22352879,-0.223991
-0.22332879,-0.191993
-0.22312879,-0.25599
-0.22292879,-0.25599
-0.22272879,-0.25599
-0.22252879,-0.25599
-0.22232879,-0.25599
-0.22212879,-0.223991
-0.22192879,-0.223991
-0.22172879,-0.25599
-0.22152879,-0.25599
-0.22132879,-0.223991
-0.22112879,-0.25599
-0.22092879,-0.25599
-0.22072879,-0.223991
-0.22052879,-0.25599
-0.22032879,-0.287989
-0.22012879,-0.191993
-0.21992879,-0.25599
-0.21972879,-0.25599
-0.21952879,-0.191993
-0.21932879,-0.223991
-0.21912879,-0.223991
-0.21892879,-0.223991
-0.21872879,-0.25599
-0.21852879,-0.191993
-0.21832879,-0.191993
-0.21812879,-0.25599
-0.21792879,-0.191993
-0.21772879,-0.223991
-0.21752879,-0.223991
-0.21732879,-0.223991
-0.21712879,-0.191993
-0.21692879,-0.223991
-0.21672879,-0.191993
-0.21652879,-0.223991
-0.21632879,-0.191993
-0.21612879,-0.25599
-0.21592879,-0.191993
-0.21572879,-0.191993
-0.21552879,-0.191993
-0.21532879,-0.191993
-0.21512879,-0.223991
-0.21492879,-0.223991
-0.21472879,-0.223991
-0.21452879,-0.223991
-0.21432879,-0.223991
-0.21412879,-0.223991
-0.21392879,-0.25599
-0.21372879,-0.223991
-0.21352879,-0.191993
-0.21332879,-0.223991
-0.21312879,-0.223991
-0.21292879,-0.159994
-0.21272879,-0.223991
-0.21252879,-0.191993
-0.21232879,-0.159994
-0.21212879,-0.191993
-0.21192879,-0.191993
-0.21172879,-0.191993
-0.21152879,-0.223991
-0.21132879,-0.223991
-0.21112879,-0.127995
-0.21092879,-0.25599
-0.21072879,-0.191993
-0.21052879,-0.223991
-0.21032879,-0.223991
-0.21012879,-0.159994
-0.20992879,-0.191993
-0.20972879,-0.191993
-0.20952879,-0.159994
-0.20932879,-0.159994
-0.20912879,-0.223991
-0.20892879,-0.191993
-0.20872879,-0.191993
-0.20852879,-0.159994
-0.20832879,-0.191993
-0.20812879,-0.159994
-0.20792879,-0.191993
-0.20772879,-0.191993
-0.20752879,-0.159994
-0.20732879,-0.159994
-0.20712879,-0.191993
-0.20692879,-0.159994
-0.20672879,-0.191993
-0.20652879,-0.159994
-0.20632879,-0.159994
-0.20612879,-0.191993
-0.20592879,-0.191993
-0.20572879,-0.159994
-0.20552879,-0.159994
-0.20532879,-0.223991
-0.20512879,-0.127995
-0.20492879,-0.191993
-0.20472879,-0.191993
-0.20452879,-0.159994
-0.20432879,-0.191993
-0.20412879,-0.159994
-0.20392879,-0.191993
-0.20372879,-0.159994
-0.20352879,-0.159994
-0.20332879,-0.127995
-0.20312879,-0.191993
-0.20292879,-0.0959963
-0.20272879,-0.191993
-0.20252879,-0.159994
-0.20232879,-0.159994
-0.20212879,-0.191993
-0.20192879,-0.191993
-0.20172879,-0.127995
-0.20152879,-0.127995
-0.20132879,-0.159994
-0.20112879,-0.159994
-0.20092879,-0.159994
-0.20072879,-0.159994
-0.20052879,-0.127995
-0.20032879,-0.159994
-0.20012879,-0.191993
-0.19992879,-0.159994
-0.19972879,-0.127995
-0.19952879,-0.191993
-0.19932879,-0.127995
-0.19912879,-0.223991
-0.19892879,-0.127995
-0.19872879,-0.127995
-0.19852879,-0.127995
-0.19832879,-0.191993
-0.19812879,-0.0959963
-0.19792879,-0.0959963
-0.19772879,-0.127995
-0.19752879,-0.159994
-0.19732879,-0.0959963
-0.19712879,-0.127995
-0.19692879,-0.127995
-0.19672879,-0.127995
-0.19652879,-0.159994
-0.19632879,-0.0959963
-0.19612879,-0.0639975
-0.19592879,-0.127995
-0.19572879,-0.0639975
-0.19552879,-0.0959963
-0.19532879,-0.127995
-0.19512879,-0.127995
-0.19492879,-0.0959963
-0.19472879,-0.127995
-0.19452879,-0.0959963
-0.19432879,-0.127995
-0.19412879,-0.0959963
-0.19392879,-0.0959963
-0.19372879,-0.0639975
-0.19352879,-0.0959963
-0.19332879,-0.127995
-0.19312879,-0.0639975
-0.19292879,-0.0959963
-0.19272879,-0.0959963
-0.19252879,-0.0639975
-0.19232879,-0.0959963
-0.19212879,-0.0319988
-0.19192879,-0.0959963
-0.19172879,-0.0959963
-0.19152879,-0.0639975
-0.19132879,-0.0959963
-0.19112879,-0.127995
-0.19092879,-0.0639975
-0.19072879,-0.0319988
-0.19052879,-0.0639975
-0.19032879,-0.0319988
-0.19012879,-0.0639975
-0.18992879,-0.0959963
-0.18972879,-0.0319988
-0.18952879,-0.0639975
-0.18932879,-0.0639975
-0.18912879,-0.0639975
-0.18892879,-0.0639975
-0.18872879,-0.0319988
-0.18852879,-0.0639975
-0.18832879,-0.0639975
-0.18812879,-0.0639975
-0.18792879,-0.0639975
-0.18772879,0
-0.18752879,-0.0319988
-0.18732879,0
-0.18712879,-0.0639975
-0.18692879,-0.0639975
-0.18672879,-0.0639975
-0.18652879,-0.0319988
-0.18632879,-0.0639975
-0.18612879,0
-0.18592879,-0.0639975
-0.18572879,-0.0319988
-0.18552879,0.0319988
-0.18532879,0
-0.18512879,0
-0.18492879,-0.0319988
-0.18472879,0
-0.18452879,-0.0319988
-0.18432879,-0.0319988
-0.18412879,0
-0.18392879,-0.0639975
-0.18372879,0
-0.18352879,0
-0.18332879,0
-0.18312879,0
-0.18292879,0.0319988
-0.18272879,0
-0.18252879,0
-0.18232879,0
-0.18212879,-0.0319988
-0.18192879,0
-0.18172879,0
-0.18152879,0.0319988
-0.18132879,0
-0.18112879,0
-0.18092879,-0.0319988
-0.18072879,-0.0319988
-0.18052879,-0.0319988
-0.18032879,-0.0319988
-0.18012879,0
-0.17992879,0.0639975
-0.17972879,-0.0319988
-0.17952879,0
-0.17932879,0.0639975
-0.17912879,0
-0.17892879,0.0319988
-0.17872879,0
-0.17852879,0.0319988
-0.17832879,0.0319988
-0.17812879,0.0319988
-0.17792879,0.0319988
-0.17772879,0.0319988
-0.17752879,0.0639975
-0.17732879,0.0319988
-0.17712879,0
-0.17692879,0.0319988
-0.17672879,0.0639975
-0.17652879,0.0639975
-0.17632879,0.0639975
-0.17612879,0.0319988
-0.17592879,0.0319988
-0.17572879,0.0319988
-0.17552879,0
-0.17532879,0
-0.17512879,0.0639975
-0.17492879,0.0319988
-0.17472879,0
-0.17452879,0
-0.17432879,0
-0.17412879,0.0639975
-0.17392879,0.0319988
-0.17372879,0.0319988
-0.17352879,0.0319988
-0.17332879,0.0319988
-0.17312879,0
-0.17292879,-0.0319988
-0.17272879,0.0319988
-0.17252879,0
-0.17232879,0.0319988
-0.17212879,0.0319988
-0.17192879,0
-0.17172879,0
-0.17152879,0.0319988
-0.17132879,0
-0.17112879,0.0639975
-0.17092879,0.0319988
-0.17072879,0.0639975
-0.17052879,0.0319988
-0.17032879,0.0639975
-0.17012879,0.0319988
-0.16992879,0.0319988
-0.16972879,0.0639975
-0.16952879,0.0639975
-0.16932879,0.0319988
-0.16912879,0.0639975
-0.16892879,0.0319988
-0.16872879,0.0319988
-0.16852879,0.0639975
-0.16832879,0
-0.16812879,0.0319988
-0.16792879,0.0639975
-0.16772879,0.0639975
-0.16752879,0.0319988
-0.16732879,0.0319988
-0.16712879,0.0319988
-0.16692879,0.0319988
-0.16672879,0.0319988
-0.16652879,0
-0.16632879,0.0639975
-0.16612879,0.0959963
-0.16592879,0.0639975
-0.16572879,0.0319988
-0.16552879,0
-0.16532879,0
-0.16512879,0.0319988
-0.16492879,0.0319988
-0.16472879,0.0319988
-0.16452879,0.0639975
-0.16432879,0.0319988
-0.16412879,0
-0.16392879,0.0639975
-0.16372879,0.0319988
-0.16352879,0.0319988
-0.16332879,0
-0.16312879,0
-0.16292879,0.0319988
-0.16272879,-0.0319988
-0.16252879,0.0319988
-0.16232879,0
-0.16212879,0.0319988
-0.16192879,0
-0.16172879,0
-0.16152879,0
-0.16132879,0.0639975
-0.16112879,0.0639975
-0.16092879,0.0319988
-0.16072879,0.0319988
-0.16052879,0.0319988
-0.16032879,0.0319988
-0.16012879,0.0639975
-0.15992879,0.0319988
-0.15972879,0.0319988
-0.15952879,0.0319988
-0.15932879,0.0319988
-0.15912879,0.0319988
-0.15892879,0.0639975
-0.15872879,0.0319988
-0.15852879,0.0639975
-0.15832879,0.0639975
-0.15812879,0
-0.15792879,0.0319988
-0.15772879,0.0319988
-0.15752879,0.0319988
-0.15732879,0.0319988
-0.15712879,0.0319988
-0.15692879,0.0319988
-0.15672879,0.0319988
-0.15652879,0.0319988
-0.15632879,0.0319988
-0.15612879,0.0639975
-0.15592879,0.0639975
-0.15572879,0
-0.15552879,0.0319988
-0.15532879,0.0319988
-0.15512879,0.0319988
-0.15492879,0.0319988
-0.15472879,0.0319988
-0.15452879,0.0319988
-0.15432879,0.0319988
-0.15412879,0.0639975
-0.15392879,0.0639975
-0.15372879,-0.0319988
-0.15352879,0.0639975
-0.15332879,0.0319988
-0.15312879,0.0319988
-0.15292879,0.0639975
-0.15272879,0
-0.15252879,0.0319988
-0.15232879,0.0319988
-0.15212879,0.0319988
-0.15192879,0
-0.15172879,0.0319988
-0.15152879,0.0639975
-0.15132879,0.0319988
-0.15112879,0.0639975
-0.15092879,0.0319988
-0.15072879,0.0639975
-0.15052879,0.0319988
-0.15032879,0
-0.15012879,-0.0319988
-0.14992879,0.0639975
-0.14972879,0.0319988
-0.14952879,0.0319988
-0.14932879,0.0639975
-0.14912879,0.0319988
-0.14892879,0.0639975
-0.14872879,0.0319988
-0.14852879,0
-0.14832879,0.0639975
-0.14812879,0.0319988
-0.14792879,0
-0.14772879,0
-0.14752879,0
-0.14732879,0.0319988
-0.14712879,0
-0.14692879,0.0319988
-0.14672879,0
-0.14652879,0.0319988
-0.14632879,0.0639975
-0.14612879,0
-0.14592879,0.0639975
-0.14572879,0.0319988
-0.14552879,-0.0319988
-0.14532879,0.0319988
-0.14512879,0.0319988
-0.14492879,0.0319988
-0.14472879,0
-0.14452879,0.0319988
-0.14432879,0
-0.14412879,0
-0.14392879,0.0639975
-0.14372879,0.0319988
-0.14352879,0.0319988
-0.14332879,0.0639975
-0.14312879,-0.0639975
-0.14292879,0.0319988
-0.14272879,0.0319988
-0.14252879,0
-0.14232879,0.0319988
-0.14212879,0.0319988
-0.14192879,0.0319988
-0.14172879,0.0319988
-0.14152879,0.0319988
-0.14132879,0.0319988
-0.14112879,0
-0.14092879,0.0319988
-0.14072879,0
-0.14052879,0
-0.14032879,0.0639975
-0.14012879,0.0639975
-0.13992879,0.0319988
-0.13972879,0.0319988
-0.13952879,0
-0.13932879,0
-0.13912879,0
-0.13892879,0
-0.13872879,0.0319988
-0.13852879,0.0319988
-0.13832879,0.0319988
-0.13812879,0.0639975
-0.13792879,0
-0.13772879,0.0319988
-0.13752879,0.0319988
-0.13732879,0.0319988
-0.13712879,0.0319988
-0.13692879,0.0319988
-0.13672879,0.0319988
-0.13652879,0.0319988
-0.13632879,0.0639975
-0.13612879,0.0319988
-0.13592879,0.0319988
-0.13572879,0.0319988
-0.13552879,0.0639975
-0.13532879,0
-0.13512879,0
-0.13492879,0.0319988
-0.13472879,0
-0.13452879,0.0959963
-0.13432879,0.0639975
-0.13412879,0.0319988
-0.13392879,0.0319988
-0.13372879,0.0319988
-0.13352879,0
-0.13332879,0.0319988
-0.13312879,0.0639975
-0.13292879,0.0319988
-0.13272879,0.0639975
-0.13252879,0.0319988
-0.13232879,0.0639975
-0.13212879,0.0959963
-0.13192879,0.0319988
-0.13172879,0.0319988
-0.13152879,0.0959963
-0.13132879,0.0639975
-0.13112879,0.0639975
-0.13092879,0.0959963
-0.13072879,0.0639975
-0.13052879,0.0639975
-0.13032879,0.0319988
-0.13012879,0.0959963
-0.12992879,0.0639975
-0.12972879,0.0639975
-0.12952879,0.0639975
-0.12932879,0.0639975
-0.12912879,0.0959963
-0.12892879,0.0959963
-0.12872879,0.0319988
-0.12852879,0.0959963
-0.12832879,0.0639975
-0.12812879,0.0639975
-0.12792879,0.0959963
-0.12772879,0.0959963
-0.12752879,0.0639975
-0.12732879,0.0959963
-0.12712879,0.0959963
-0.12692879,0.0959963
-0.12672879,0.0639975
-0.12652879,0.0639975
-0.12632879,0.0959963
-0.12612879,0.0959963
-0.12592879,0.0639975
-0.12572879,0.0959963
-0.12552879,0.127995
-0.12532879,0.0639975
-0.12512879,0.0639975
-0.12492879,0.0959963
-0.12472879,0.127995
-0.12452879,0.0959963
-0.12432879,0.127995
-0.12412879,0.0959963
-0.12392879,0.0959963
-0.12372879,0.127995
-0.12352879,0.127995
-0.12332879,0.127995
-0.12312879,0.127995
-0.12292879,0.127995
-0.12272879,0.0959963
-0.12252879,0.0959963
-0.12232879,0.0959963
-0.12212879,0.159994
-0.12192879,0.127995
-0.12172879,0.127995
-0.12152879,0.127995
-0.12132879,0.127995
-0.12112879,0.127995
-0.12092879,0.127995
-0.12072879,0.159994
-0.12052879,0.159994
-0.12032879,0.127995
-0.12012879,0.127995
-0.11992879,0.159994
-0.11972879,0.159994
-0.11952879,0.159994
-0.11932879,0.159994
-0.11912879,0.159994
-0.11892879,0.191993
-0.11872879,0.159994
-0.11852879,0.159994
-0.11832879,0.191993
-0.11812879,0.159994
-0.11792879,0.127995
-0.11772879,0.223991
-0.11752879,0.159994
-0.11732879,0.159994
-0.11712879,0.159994
-0.11692879,0.127995
-0.11672879,0.127995
-0.11652879,0.159994
-0.11632879,0.127995
-0.11612879,0.159994
-0.11592879,0.159994
-0.11572879,0.159994
-0.11552879,0.191993
-0.11532879,0.191993
-0.11512879,0.159994
-0.11492879,0.159994
-0.11472879,0.159994
-0.11452879,0.159994
-0.11432879,0.159994
-0.11412879,0.223991
-0.11392879,0.159994
-0.11372879,0.159994
-0.11352879,0.159994
-0.11332879,0.159994
-0.11312879,0.159994
-0.11292879,0.191993
-0.11272879,0.223991
-0.11252879,0.159994
-0.11232879,0.191993
-0.11212879,0.159994
-0.11192879,0.223991
-0.11172879,0.191993
-0.11152879,0.191993
-0.11132879,0.191993
-0.11112879,0.223991
-0.11092879,0.159994
-0.11072879,0.191993
-0.11052879,0.159994
-0.11032879,0.191993
-0.11012879,0.191993
-0.10992879,0.191993
-0.10972879,0.191993
-0.10952879,0.159994
-0.10932879,0.223991
-0.10912879,0.191993
-0.10892879,0.191993
-0.10872879,0.223991
-0.10852879,0.159994
-0.10832879,0.191993
-0.10812879,0.25599
-0.10792879,0.223991
-0.10772879,0.223991
-0.10752879,0.223991
-0.10732879,0.191993
-0.10712879,0.223991
-0.10692879,0.223991
-0.10672879,0.191993
-0.10652879,0.223991
-0.10632879,0.191993
-0.10612879,0.223991
-0.10592879,0.223991
-0.10572879,0.25599
-0.10552879,0.25599
-0.10532879,0.191993
-0.10512879,0.191993
-0.10492879,0.159994
-0.10472879,0.223991
-0.10452879,0.191993
-0.10432879,0.191993
-0.10412879,0.159994
-0.10392879,0.223991
-0.10372879,0.191993
-0.10352879,0.191993
-0.10332879,0.223991
-0.10312879,0.223991
-0.10292879,0.223991
-0.10272879,0.223991
-0.10252879,0.191993
-0.10232879,0.191993
-0.10212879,0.25599
-0.10192879,0.223991
-0.10172879,0.223991
-0.10152879,0.25599
-0.10132879,0.191993
-0.10112879,0.191993
-0.10092879,0.223991
-0.10072879,0.223991
-0.10052879,0.191993
-0.10032879,0.223991
-0.10012879,0.223991
-0.099928788,0.191993
-0.099728788,0.223991
-0.099528788,0.191993
-0.099328788,0.191993
-0.099128788,0.25599
-0.098928788,0.223991
-0.098728788,0.223991
-0.098528788,0.287989
-0.098328788,0.25599
-0.098128788,0.191993
-0.097928788,0.223991
-0.097728788,0.223991
-0.097528788,0.223991
-0.097328788,0.191993
-0.097128788,0.223991
-0.096928788,0.25599
-0.096728788,0.191993
-0.096528788,0.223991
-0.096328788,0.223991
-0.096128788,0.223991
-0.095928788,0.223991
-0.095728788,0.25599
-0.095528788,0.287989
-0.095328788,0.223991
-0.095128788,0.191993
-0.094928788,0.159994
-0.094728788,0.191993
-0.094528788,0.25599
-0.094328788,0.287989
-0.094128788,0.223991
-0.093928788,0.223991
-0.093728788,0.25599
-0.093528788,0.25599
-0.093328788,0.25599
-0.093128788,0.223991
-0.092928788,0.25599
-0.092728788,0.25599
-0.092528788,0.223991
-0.092328788,0.191993
-0.092128788,0.25599
-0.091928788,0.25599
-0.091728788,0.191993
-0.091528788,0.25599
-0.091328788,0.25599
-0.091128788,0.191993
-0.090928788,0.223991
-0.090728788,0.223991
-0.090528788,0.159994
-0.090328788,0.223991
-0.090128788,0.223991
-0.089928788,0.223991
-0.089728788,0.223991
-0.089528788,0.191993
-0.089328788,0.191993
-0.089128788,0.191993
-0.088928788,0.223991
-0.088728788,0.159994
-0.088528788,0.191993
-0.088328788,0.127995
-0.088128788,0.191993
-0.087928788,0.191993
-0.087728788,0.25599
-0.087528788,0.159994
-0.087328788,0.191993
-0.087128788,0.223991
-0.086928788,0.191993
-0.086728788,0.191993
-0.086528788,0.223991
-0.086328788,0.191993
-0.086128788,0.191993
-0.085928788,0.191993
-0.085728788,0.191993
-0.085528788,0.191993
-0.085328788,0.191993
-0.085128788,0.159994
-0.084928788,0.191993
-0.084728788,0.159994
-0.084528788,0.223991
-0.084328788,0.159994
-0.084128788,0.223991
-0.083928788,0.159994
-0.083728788,0.191993
-0.083528788,0.223991
-0.083328788,0.159994
-0.083128788,0.159994
-0.082928788,0.159994
-0.082728788,0.159994
-0.082528788,0.191993
-0.082328788,0.191993
-0.082128788,0.191993
-0.081928788,0.191993
-0.081728788,0.191993
-0.081528788,0.159994
-0.081328788,0.159994
-0.081128788,0.159994
-0.080928788,0.191993
-0.080728788,0.191993
-0.080528788,0.159994
-0.080328788,0.159994
-0.080128788,0.159994
-0.079928788,0.191993
-0.079728788,0.191993
-0.079528788,0.159994
-0.079328788,0.191993
-0.079128788,0.191993
-0.078928788,0.159994
-0.078728788,0.191993
-0.078528788,0.159994
-0.078328788,0.159994
-0.078128788,0.191993
-0.077928788,0.159994
-0.077728788,0.191993
-0.077528788,0.127995
-0.077328788,0.191993
-0.077128788,0.191993
-0.076928788,0.191993
-0.076728788,0.159994
-0.076528788,0.127995
-0.076328788,0.159994
-0.076128788,0.159994
-0.075928788,0.159994
-0.075728788,0.191993
-0.075528788,0.159994
-0.075328788,0.191993
-0.075128788,0.159994
-0.074928788,0.159994
-0.074728788,0.159994
-0.074528788,0.159994
-0.074328788,0.191993
-0.074128788,0.191993
-0.073928788,0.159994
-0.073728788,0.127995
-0.073528788,0.159994
-0.073328788,0.191993
-0.073128788,0.159994
-0.072928788,0.223991
-0.072728788,0.127995
-0.072528788,0.159994
-0.072328788,0.159994
-0.072128788,0.191993
-0.071928788,0.159994
-0.071728788,0.191993
-0.071528788,0.191993
-0.071328788,0.159994
-0.071128788,0.191993
-0.070928788,0.191993
-0.070728788,0.159994
-0.070528788,0.191993
-0.070328788,0.191993
-0.070128788,0.159994
-0.069928788,0.159994
-0.069728788,0.159994
-0.069528788,0.159994
-0.069328788,0.159994
-0.069128788,0.159994
-0.068928788,0.191993
-0.068728788,0.191993
-0.068528788,0.191993
-0.068328788,0.159994
-0.068128788,0.159994
-0.067928788,0.159994
-0.067728788,0.159994
-0.067528788,0.159994
-0.067328788,0.191993
-0.067128788,0.159994
-0.066928788,0.191993
-0.066728788,0.191993
-0.066528788,0.127995
-0.066328788,0.159994
-0.066128788,0.223991
-0.065928788,0.159994
-0.065728788,0.159994
-0.065528788,0.191993
-0.065328788,0.159994
-0.065128788,0.127995
-0.064928788,0.159994
-0.064728788,0.159994
-0.064528788,0.127995
-0.064328788,0.159994
-0.064128788,0.159994
-0.063928788,0.191993
-0.063728788,0.191993
-0.063528788,0.159994
-0.063328788,0.223991
-0.063128788,0.159994
-0.062928788,0.127995
-0.062728788,0.159994
-0.062528788,0.191993
-0.062328788,0.159994
-0.062128788,0.127995
-0.061928788,0.159994
-0.061728788,0.159994
-0.061528788,0.191993
-0.061328788,0.159994
-0.061128788,0.159994
-0.060928788,0.127995
-0.060728788,0.191993
-0.060528788,0.127995
-0.060328788,0.159994
-0.060128788,0.159994
-0.059928788,0.159994
-0.059728788,0.191993
-0.059528788,0.159994
-0.059328788,0.159994
-0.059128788,0.191993
-0.058928788,0.127995
-0.058728788,0.159994
-0.058528788,0.159994
-0.058328788,0.191993
-0.058128788,0.159994
-0.057928788,0.191993
-0.057728788,0.159994
-0.057528788,0.159994
-0.057328788,0.159994
-0.057128788,0.191993
-0.056928788,0.159994
-0.056728788,0.159994
-0.056528788,0.191993
-0.056328788,0.159994
-0.056128788,0.159994
-0.055928788,0.223991
-0.055728788,0.127995
-0.055528788,0.191993
-0.055328788,0.159994
-0.055128788,0.191993
-0.054928788,0.191993
-0.054728788,0.159994
-0.054528788,0.191993
-0.054328788,0.191993
-0.054128788,0.159994
-0.053928788,0.191993
-0.053728788,0.191993
-0.053528788,0.191993
-0.053328788,0.159994
-0.053128788,0.159994
-0.052928788,0.191993
-0.052728788,0.159994
-0.052528788,0.223991
-0.052328788,0.223991
-0.052128788,0.191993
-0.051928788,0.191993
-0.051728788,0.223991
-0.051528788,0.159994
-0.051328788,0.223991
-0.051128788,0.191993
-0.050928788,0.159994
-0.050728788,0.223991
-0.050528788,0.191993
-0.050328788,0.191993
-0.050128788,0.159994
-0.049928788,0.159994
-0.049728788,0.223991
-0.049528788,0.127995
-0.049328788,0.191993
-0.049128788,0.191993
-0.048928788,0.159994
-0.048728788,0.223991
-0.048528788,0.191993
-0.048328788,0.191993
-0.048128788,0.223991
-0.047928788,0.191993
-0.047728788,0.191993
-0.047528788,0.191993
-0.047328788,0.191993
-0.047128788,0.159994
-0.046928788,0.159994
-0.046728788,0.191993
-0.046528788,0.159994
-0.046328788,0.191993
-0.046128788,0.159994
-0.045928788,0.223991
-0.045728788,0.159994
-0.045528788,0.223991
-0.045328788,0.191993
-0.045128788,0.191993
-0.044928788,0.159994
-0.044728788,0.159994
-0.044528788,0.159994
-0.044328788,0.191993
-0.044128788,0.191993
-0.043928788,0.159994
-0.043728788,0.159994
-0.043528788,0.191993
-0.043328788,0.159994
-0.043128788,0.159994
-0.042928788,0.159994
-0.042728788,0.159994
-0.042528788,0.159994
-0.042328788,0.159994
-0.042128788,0.191993
-0.041928788,0.159994
-0.041728788,0.127995
-0.041528788,0.127995
-0.041328788,0.159994
-0.041128788,0.159994
-0.040928788,0.159994
-0.040728788,0.127995
-0.040528788,0.127995
-0.040328788,0.159994
-0.040128788,0.127995
-0.039928788,0.159994
-0.039728788,0.191993
-0.039528788,0.159994
-0.039328788,0.191993
-0.039128788,0.159994
-0.038928788,0.159994
-0.038728788,0.159994
-0.038528788,0.191993
-0.038328788,0.159994
-0.038128788,0.159994
-0.037928788,0.159994
-0.037728788,0.127995
-0.037528788,0.127995
-0.037328788,0.191993
-0.037128788,0.159994
-0.036928788,0.127995
-0.036728788,0.159994
-0.036528788,0.159994
-0.036328788,0.127995
-0.036128788,0.159994
-0.035928788,0.127995
-0.035728788,0.159994
-0.035528788,0.159994
-0.035328788,0.127995
-0.035128788,0.191993
-0.034928788,0.127995
-0.034728788,0.223991
-0.034528788,0.127995
-0.034328788,0.223991
-0.034128788,0.191993
-0.033928788,0.159994
-0.033728788,0.191993
-0.033528788,0.127995
-0.033328788,0.191993
-0.033128788,0.191993
-0.032928788,0.127995
-0.032728788,0.159994
-0.032528788,0.191993
-0.032328788,0.191993
-0.032128788,0.159994
-0.031928788,0.191993
-0.031728788,0.127995
-0.031528788,0.159994
-0.031328788,0.191993
-0.031128788,0.127995
-0.030928788,0.159994
-0.030728788,0.159994
-0.030528788,0.159994
-0.030328788,0.223991
-0.030128788,0.127995
-0.029928788,0.159994
-0.029728788,0.159994
-0.029528788,0.127995
-0.029328788,0.191993
-0.029128788,0.127995
-0.028928788,0.191993
-0.028728788,0.159994
-0.028528788,0.159994
-0.028328788,0.159994
-0.028128788,0.191993
-0.027928788,0.159994
-0.027728788,0.159994
-0.027528788,0.159994
-0.027328788,0.159994
-0.027128788,0.191993
-0.026928788,0.127995
-0.026728788,0.159994
-0.026528788,0.159994
-0.026328788,0.159994
-0.026128788,0.159994
-0.025928788,0.159994
-0.025728788,0.127995
-0.025528788,0.127995
-0.025328788,0.159994
-0.025128788,0.127995
-0.024928788,0.127995
-0.024728788,0.191993
-0.024528788,0.159994
-0.024328788,0.159994
-0.024128788,0.159994
-0.023928788,0.127995
-0.023728788,0.0959963
-0.023528788,0.159994
-0.023328788,0.159994
-0.023128788,0.127995
-0.022928788,0.127995
-0.022728788,0.127995
-0.022528788,0.127995
-0.022328788,0.159994
-0.022128788,0.127995
-0.021928788,0.159994
-0.021728788,0.127995
-0.021528788,0.127995
-0.021328788,0.127995
-0.021128788,0.191993
-0.020928788,0.127995
-0.020728788,0.127995
-0.020528788,0.159994
-0.020328788,0.0959963
-0.020128788,0.159994
-0.019928788,0.127995
-0.019728788,0.127995
-0.019528788,0.0959963
-0.019328788,0.159994
-0.019128788,0.127995
-0.018928788,0.159994
-0.018728788,0.127995
-0.018528788,0.127995
-0.018328788,0.0959963
-0.018128788,0.0959963
-0.017928788,0.127995
-0.017728788,0.0959963
-0.017528788,0.127995
-0.017328788,0.0959963
-0.017128788,0.0959963
-0.016928788,0.159994
-0.016728788,0.0959963
-0.016528788,0.0959963
-0.016328788,0.0959963
-0.016128788,0.127995
-0.015928788,0.0959963
-0.015728788,0.0959963
-0.015528788,0.0959963
-0.015328788,0.0959963
-0.015128788,0.127995
-0.014928788,0.0959963
-0.014728788,0.0639975
-0.014528788,0.0959963
-0.014328788,0.0959963
-0.014128788,0.0639975
-0.013928788,0.0959963
-0.013728788,0.0959963
-0.013528788,0.0639975
-0.013328788,0.0959963
-0.013128788,0.0959963
-0.012928788,0.0959963
-0.012728788,0.0319988
-0.012528788,0.0959963
-0.012328788,0.0959963
-0.012128788,0.0959963
-0.011928788,0.0959963
-0.011728788,0.0319988
-0.011528788,0.0639975
-0.011328788,0.0639975
-0.011128788,0.0319988
-0.010928788,0.0959963
-0.010728788,0.0639975
-0.010528788,0.0639975
-0.010328788,0.0959963
-0.010128788,0.0639975
-0.0099287884,0.0319988
-0.0097287884,0.0639975
-0.0095287884,0.0959963
-0.0093287884,0.0639975
-0.0091287884,0.0639975
-0.0089287884,0.0959963
-0.0087287884,0.0639975
-0.0085287884,0.0319988
-0.0083287884,0.127995
-0.0081287884,0.0639975
-0.0079287884,0.0639975
-0.0077287884,0.0319988
-0.0075287884,0.0319988
-0.0073287884,0.0319988
-0.0071287884,0.0639975
-0.0069287884,0.0639975
-0.0067287884,0.0639975
-0.0065287884,0.0639975
-0.0063287884,0.0319988
-0.0061287884,0.0319988
-0.0059287884,0.0639975
-0.0057287884,0.0319988
-0.0055287884,0.0319988
-0.0053287884,0.0639975
-0.0051287884,0.0639975
-0.0049287884,0.0319988
-0.0047287884,0.0319988
-0.0045287884,0
-0.0043287884,0.0319988
-0.0041287884,0.0319988
-0.0039287884,0
-0.0037287884,0.0319988
-0.0035287884,0.0639975
-0.0033287884,0.0319988
-0.0031287884,0.0319988
-0.0029287884,0.0319988
-0.0027287884,0.0319988
-0.0025287884,0.0639975
-0.0023287884,0.0319988
-0.0021287884,0.0319988
-0.0019287884,0.0319988
-0.0017287884,0.0319988
-0.0015287884,0
-0.0013287884,0.0639975
-0.0011287884,0.0319988
-0.00092878843,0.0319988
-0.00072878843,0
-0.00052878843,0.0319988
-0.00032878843,-0.0319988
-0.00012878843,0
7.1211573e-005,0
