LECROYWS42Xs,24809,Waveform
Segments,1,SegmentSize,10002
Segment,TrigTime,TimeSinceSegment1
#1,19-Feb-2003 01:46:32,0                 
Time,Ampl
-2.0000606,-0.191993
-1.9998606,-0.223991
-1.9996606,-0.223991
-1.9994606,-0.159994
-1.9992606,-0.25599
-1.9990606,-0.25599
-1.9988606,-0.25599
-1.9986606,-0.223991
-1.9984606,-0.25599
-1.9982606,-0.191993
-1.9980606,-0.287989
-1.9978606,-0.223991
-1.9976606,-0.223991
-1.9974606,-0.287989
-1.9972606,-0.25599
-1.9970606,-0.223991
-1.9968606,-0.25599
-1.9966606,-0.287989
-1.9964606,-0.223991
-1.9962606,-0.25599
-1.9960606,-0.25599
-1.9958606,-0.223991
-1.9956606,-0.25599
-1.9954606,-0.319988
-1.9952606,-0.287989
-1.9950606,-0.287989
-1.9948606,-0.351986
-1.9946606,-0.287989
-1.9944606,-0.319988
-1.9942606,-0.287989
-1.9940606,-0.319988
-1.9938606,-0.287989
-1.9936606,-0.287989
-1.9934606,-0.287989
-1.9932606,-0.287989
-1.9930606,-0.287989
-1.9928606,-0.287989
-1.9926606,-0.287989
-1.9924606,-0.287989
-1.9922606,-0.287989
-1.9920606,-0.319988
-1.9918606,-0.319988
-1.9916606,-0.319988
-1.9914606,-0.319988
-1.9912606,-0.319988
-1.9910606,-0.319988
-1.9908606,-0.319988
-1.9906606,-0.319988
-1.9904606,-0.351986
-1.9902606,-0.319988
-1.9900606,-0.319988
-1.9898606,-0.351986
-1.9896606,-0.319988
-1.9894606,-0.25599
-1.9892606,-0.287989
-1.9890606,-0.351986
-1.9888606,-0.287989
-1.9886606,-0.351986
-1.9884606,-0.319988
-1.9882606,-0.319988
-1.9880606,-0.287989
-1.9878606,-0.287989
-1.9876606,-0.319988
-1.9874606,-0.25599
-1.9872606,-0.319988
-1.9870606,-0.319988
-1.9868606,-0.287989
-1.9866606,-0.319988
-1.9864606,-0.287989
-1.9862606,-0.287989
-1.9860606,-0.287989
-1.9858606,-0.287989
-1.9856606,-0.25599
-1.9854606,-0.287989
-1.9852606,-0.319988
-1.9850606,-0.319988
-1.9848606,-0.25599
-1.9846606,-0.319988
-1.9844606,-0.287989
-1.9842606,-0.25599
-1.9840606,-0.287989
-1.9838606,-0.287989
-1.9836606,-0.287989
-1.9834606,-0.319988
-1.9832606,-0.223991
-1.9830606,-0.287989
-1.9828606,-0.319988
-1.9826606,-0.25599
-1.9824606,-0.287989
-1.9822606,-0.319988
-1.9820606,-0.287989
-1.9818606,-0.287989
-1.9816606,-0.287989
-1.9814606,-0.319988
-1.9812606,-0.287989
-1.9810606,-0.319988
-1.9808606,-0.287989
-1.9806606,-0.287989
-1.9804606,-0.319988
-1.9802606,-0.319988
-1.9800606,-0.287989
-1.9798606,-0.319988
-1.9796606,-0.287989
-1.9794606,-0.319988
-1.9792606,-0.319988
-1.9790606,-0.287989
-1.9788606,-0.287989
-1.9786606,-0.319988
-1.9784606,-0.319988
-1.9782606,-0.287989
-1.9780606,-0.319988
-1.9778606,-0.25599
-1.9776606,-0.25599
-1.9774606,-0.287989
-1.9772606,-0.25599
-1.9770606,-0.25599
-1.9768606,-0.319988
-1.9766606,-0.25599
-1.9764606,-0.25599
-1.9762606,-0.319988
-1.9760606,-0.191993
-1.9758606,-0.25599
-1.9756606,-0.287989
-1.9754606,-0.287989
-1.9752606,-0.287989
-1.9750606,-0.287989
-1.9748606,-0.287989
-1.9746606,-0.25599
-1.9744606,-0.287989
-1.9742606,-0.25599
-1.9740606,-0.287989
-1.9738606,-0.223991
-1.9736606,-0.223991
-1.9734606,-0.287989
-1.9732606,-0.287989
-1.9730606,-0.25599
-1.9728606,-0.319988
-1.9726606,-0.319988
-1.9724606,-0.191993
-1.9722606,-0.25599
-1.9720606,-0.191993
-1.9718606,-0.223991
-1.9716606,-0.223991
-1.9714606,-0.223991
-1.9712606,-0.223991
-1.9710606,-0.25599
-1.9708606,-0.287989
-1.9706606,-0.25599
-1.9704606,-0.25599
-1.9702606,-0.287989
-1.9700606,-0.191993
-1.9698606,-0.223991
-1.9696606,-0.223991
-1.9694606,-0.159994
-1.9692606,-0.25599
-1.9690606,-0.223991
-1.9688606,-0.223991
-1.9686606,-0.287989
-1.9684606,-0.25599
-1.9682606,-0.25599
-1.9680606,-0.25599
-1.9678606,-0.25599
-1.9676606,-0.223991
-1.9674606,-0.223991
-1.9672606,-0.25599
-1.9670606,-0.223991
-1.9668606,-0.223991
-1.9666606,-0.191993
-1.9664606,-0.159994
-1.9662606,-0.223991
-1.9660606,-0.191993
-1.9658606,-0.223991
-1.9656606,-0.223991
-1.9654606,-0.25599
-1.9652606,-0.159994
-1.9650606,-0.223991
-1.9648606,-0.223991
-1.9646606,-0.191993
-1.9644606,-0.191993
-1.9642606,-0.25599
-1.9640606,-0.223991
-1.9638606,-0.223991
-1.9636606,-0.223991
-1.9634606,-0.159994
-1.9632606,-0.223991
-1.9630606,-0.191993
-1.9628606,-0.223991
-1.9626606,-0.223991
-1.9624606,-0.223991
-1.9622606,-0.191993
-1.9620606,-0.191993
-1.9618606,-0.25599
-1.9616606,-0.159994
-1.9614606,-0.159994
-1.9612606,-0.223991
-1.9610606,-0.191993
-1.9608606,-0.223991
-1.9606606,-0.159994
-1.9604606,-0.159994
-1.9602606,-0.191993
-1.9600606,-0.127995
-1.9598606,-0.159994
-1.9596606,-0.191993
-1.9594606,-0.127995
-1.9592606,-0.159994
-1.9590606,-0.191993
-1.9588606,-0.191993
-1.9586606,-0.159994
-1.9584606,-0.159994
-1.9582606,-0.159994
-1.9580606,-0.127995
-1.9578606,-0.191993
-1.9576606,-0.159994
-1.9574606,-0.127995
-1.9572606,-0.191993
-1.9570606,-0.159994
-1.9568606,-0.127995
-1.9566606,-0.159994
-1.9564606,-0.159994
-1.9562606,-0.127995
-1.9560606,-0.159994
-1.9558606,-0.159994
-1.9556606,-0.127995
-1.9554606,-0.159994
-1.9552606,-0.0959963
-1.9550606,-0.127995
-1.9548606,-0.127995
-1.9546606,-0.127995
-1.9544606,-0.159994
-1.9542606,-0.159994
-1.9540606,-0.0959963
-1.9538606,-0.0959963
-1.9536606,-0.0959963
-1.9534606,-0.127995
-1.9532606,-0.0959963
-1.9530606,-0.159994
-1.9528606,-0.127995
-1.9526606,-0.0959963
-1.9524606,-0.0639975
-1.9522606,-0.0959963
-1.9520606,-0.0639975
-1.9518606,-0.0639975
-1.9516606,-0.0959963
-1.9514606,-0.0639975
-1.9512606,-0.0639975
-1.9510606,-0.0959963
-1.9508606,-0.0959963
-1.9506606,-0.0959963
-1.9504606,-0.0639975
-1.9502606,-0.0639975
-1.9500606,-0.0639975
-1.9498606,-0.0959963
-1.9496606,-0.0639975
-1.9494606,-0.0959963
-1.9492606,-0.0959963
-1.9490606,-0.0959963
-1.9488606,-0.0639975
-1.9486606,-0.0319988
-1.9484606,-0.0639975
-1.9482606,-0.0639975
-1.9480606,-0.0639975
-1.9478606,-0.0319988
-1.9476606,-0.0639975
-1.9474606,-0.0319988
-1.9472606,-0.0319988
-1.9470606,-0.0959963
-1.9468606,-0.0319988
-1.9466606,-0.0319988
-1.9464606,-0.0639975
-1.9462606,-0.0639975
-1.9460606,-0.0959963
-1.9458606,-0.0319988
-1.9456606,0
-1.9454606,-0.0639975
-1.9452606,-0.0959963
-1.9450606,-0.0639975
-1.9448606,-0.0319988
-1.9446606,-0.0639975
-1.9444606,-0.0639975
-1.9442606,-0.0319988
-1.9440606,-0.0639975
-1.9438606,-0.0319988
-1.9436606,0
-1.9434606,-0.0319988
-1.9432606,-0.0639975
-1.9430606,0
-1.9428606,-0.0639975
-1.9426606,-0.0319988
-1.9424606,-0.0319988
-1.9422606,-0.0319988
-1.9420606,-0.0319988
-1.9418606,0
-1.9416606,-0.0639975
-1.9414606,-0.0639975
-1.9412606,0.0319988
-1.9410606,-0.0319988
-1.9408606,-0.0319988
-1.9406606,-0.0319988
-1.9404606,-0.0319988
-1.9402606,0
-1.9400606,-0.0319988
-1.9398606,-0.0319988
-1.9396606,-0.0319988
-1.9394606,-0.0319988
-1.9392606,0
-1.9390606,0
-1.9388606,0.0319988
-1.9386606,0
-1.9384606,-0.0319988
-1.9382606,0
-1.9380606,-0.0639975
-1.9378606,0
-1.9376606,-0.0319988
-1.9374606,-0.0319988
-1.9372606,-0.0639975
-1.9370606,0
-1.9368606,-0.0319988
-1.9366606,0
-1.9364606,0.0319988
-1.9362606,-0.0639975
-1.9360606,0
-1.9358606,0
-1.9356606,-0.0319988
-1.9354606,0.0319988
-1.9352606,0
-1.9350606,0
-1.9348606,0
-1.9346606,-0.0319988
-1.9344606,-0.0639975
-1.9342606,-0.0319988
-1.9340606,0
-1.9338606,-0.0319988
-1.9336606,-0.0319988
-1.9334606,0
-1.9332606,-0.0639975
-1.9330606,-0.0319988
-1.9328606,0
-1.9326606,-0.127995
-1.9324606,0
-1.9322606,-0.0639975
-1.9320606,-0.0639975
-1.9318606,-0.0319988
-1.9316606,-0.0319988
-1.9314606,-0.0639975
-1.9312606,-0.0319988
-1.9310606,-0.0639975
-1.9308606,-0.0639975
-1.9306606,-0.0639975
-1.9304606,-0.0319988
-1.9302606,-0.0639975
-1.9300606,-0.0319988
-1.9298606,-0.0319988
-1.9296606,-0.0959963
-1.9294606,-0.0639975
-1.9292606,-0.0319988
-1.9290606,-0.0319988
-1.9288606,-0.0639975
-1.9286606,-0.0319988
-1.9284606,-0.0639975
-1.9282606,-0.0639975
-1.9280606,-0.0639975
-1.9278606,-0.0959963
-1.9276606,-0.0639975
-1.9274606,-0.0639975
-1.9272606,-0.0639975
-1.9270606,-0.0319988
-1.9268606,-0.0639975
-1.9266606,-0.0639975
-1.9264606,-0.0319988
-1.9262606,-0.0319988
-1.9260606,-0.0639975
-1.9258606,-0.0639975
-1.9256606,0
-1.9254606,-0.0959963
-1.9252606,-0.0319988
-1.9250606,-0.0319988
-1.9248606,-0.0639975
-1.9246606,-0.0319988
-1.9244606,0
-1.9242606,-0.0959963
-1.9240606,-0.0319988
-1.9238606,-0.0319988
-1.9236606,-0.0319988
-1.9234606,-0.0639975
-1.9232606,-0.0319988
-1.9230606,-0.0319988
-1.9228606,-0.0639975
-1.9226606,-0.0319988
-1.9224606,-0.0319988
-1.9222606,0
-1.9220606,-0.0319988
-1.9218606,-0.0639975
-1.9216606,0
-1.9214606,0
-1.9212606,-0.0319988
-1.9210606,0
-1.9208606,0
-1.9206606,-0.0639975
-1.9204606,-0.0319988
-1.9202606,0
-1.9200606,-0.0319988
-1.9198606,-0.0639975
-1.9196606,-0.0639975
-1.9194606,-0.0319988
-1.9192606,-0.0639975
-1.9190606,-0.0639975
-1.9188606,-0.0319988
-1.9186606,0
-1.9184606,-0.0639975
-1.9182606,-0.0639975
-1.9180606,-0.0319988
-1.9178606,-0.0639975
-1.9176606,-0.0639975
-1.9174606,0
-1.9172606,-0.0319988
-1.9170606,-0.0639975
-1.9168606,-0.0319988
-1.9166606,0.0319988
-1.9164606,-0.0319988
-1.9162606,-0.0319988
-1.9160606,0
-1.9158606,-0.0639975
-1.9156606,0
-1.9154606,0.0319988
-1.9152606,0
-1.9150606,0
-1.9148606,0
-1.9146606,-0.0319988
-1.9144606,0
-1.9142606,0
-1.9140606,0
-1.9138606,-0.0319988
-1.9136606,0
-1.9134606,0
-1.9132606,0.0319988
-1.9130606,0
-1.9128606,-0.0319988
-1.9126606,0
-1.9124606,0
-1.9122606,0
-1.9120606,0.0319988
-1.9118606,0.0319988
-1.9116606,0
-1.9114606,0.0639975
-1.9112606,0
-1.9110606,-0.0319988
-1.9108606,0.0319988
-1.9106606,0.0319988
-1.9104606,0
-1.9102606,0.0639975
-1.9100606,0
-1.9098606,0
-1.9096606,0.0319988
-1.9094606,0.0319988
-1.9092606,0
-1.9090606,0
-1.9088606,0.0639975
-1.9086606,0.0319988
-1.9084606,0.0319988
-1.9082606,0.0639975
-1.9080606,0.0319988
-1.9078606,0.0319988
-1.9076606,0.0639975
-1.9074606,0
-1.9072606,0.0639975
-1.9070606,0.0639975
-1.9068606,0.0639975
-1.9066606,0.0639975
-1.9064606,0.0639975
-1.9062606,-0.0639975
-1.9060606,0.0639975
-1.9058606,0.0639975
-1.9056606,0.0319988
-1.9054606,0.0319988
-1.9052606,0.0959963
-1.9050606,0.0319988
-1.9048606,0.0639975
-1.9046606,0.0639975
-1.9044606,0.0639975
-1.9042606,0.0319988
-1.9040606,0.0639975
-1.9038606,0.0959963
-1.9036606,0.0959963
-1.9034606,0.0319988
-1.9032606,0.0639975
-1.9030606,0.0959963
-1.9028606,0.0639975
-1.9026606,0.0959963
-1.9024606,0.0959963
-1.9022606,0.0959963
-1.9020606,0.0319988
-1.9018606,0.0639975
-1.9016606,0.0639975
-1.9014606,0.0639975
-1.9012606,0.0959963
-1.9010606,0.0639975
-1.9008606,0.0639975
-1.9006606,0.0959963
-1.9004606,0.0639975
-1.9002606,0.0959963
-1.9000606,0.0959963
-1.8998606,0.0959963
-1.8996606,0.0959963
-1.8994606,0.0959963
-1.8992606,0.0639975
-1.8990606,0.127995
-1.8988606,0.0959963
-1.8986606,0.0639975
-1.8984606,0.0959963
-1.8982606,0.0959963
-1.8980606,0.0959963
-1.8978606,0.0959963
-1.8976606,0.127995
-1.8974606,0.0959963
-1.8972606,0.127995
-1.8970606,0.127995
-1.8968606,0.0959963
-1.8966606,0.0959963
-1.8964606,0.0959963
-1.8962606,0.0959963
-1.8960606,0.127995
-1.8958606,0.127995
-1.8956606,0.127995
-1.8954606,0.0959963
-1.8952606,0.159994
-1.8950606,0.127995
-1.8948606,0.159994
-1.8946606,0.159994
-1.8944606,0.0959963
-1.8942606,0.127995
-1.8940606,0.159994
-1.8938606,0.159994
-1.8936606,0.127995
-1.8934606,0.159994
-1.8932606,0.159994
-1.8930606,0.127995
-1.8928606,0.127995
-1.8926606,0.159994
-1.8924606,0.127995
-1.8922606,0.191993
-1.8920606,0.127995
-1.8918606,0.159994
-1.8916606,0.223991
-1.8914606,0.159994
-1.8912606,0.159994
-1.8910606,0.191993
-1.8908606,0.159994
-1.8906606,0.191993
-1.8904606,0.159994
-1.8902606,0.159994
-1.8900606,0.191993
-1.8898606,0.191993
-1.8896606,0.159994
-1.8894606,0.159994
-1.8892606,0.223991
-1.8890606,0.223991
-1.8888606,0.159994
-1.8886606,0.191993
-1.8884606,0.191993
-1.8882606,0.223991
-1.8880606,0.223991
-1.8878606,0.191993
-1.8876606,0.223991
-1.8874606,0.191993
-1.8872606,0.191993
-1.8870606,0.191993
-1.8868606,0.25599
-1.8866606,0.223991
-1.8864606,0.191993
-1.8862606,0.223991
-1.8860606,0.223991
-1.8858606,0.25599
-1.8856606,0.223991
-1.8854606,0.223991
-1.8852606,0.25599
-1.8850606,0.223991
-1.8848606,0.223991
-1.8846606,0.25599
-1.8844606,0.25599
-1.8842606,0.25599
-1.8840606,0.223991
-1.8838606,0.319988
-1.8836606,0.25599
-1.8834606,0.223991
-1.8832606,0.223991
-1.8830606,0.191993
-1.8828606,0.223991
-1.8826606,0.287989
-1.8824606,0.25599
-1.8822606,0.25599
-1.8820606,0.223991
-1.8818606,0.223991
-1.8816606,0.223991
-1.8814606,0.25599
-1.8812606,0.223991
-1.8810606,0.25599
-1.8808606,0.25599
-1.8806606,0.25599
-1.8804606,0.25599
-1.8802606,0.223991
-1.8800606,0.223991
-1.8798606,0.25599
-1.8796606,0.287989
-1.8794606,0.287989
-1.8792606,0.25599
-1.8790606,0.287989
-1.8788606,0.223991
-1.8786606,0.25599
-1.8784606,0.223991
-1.8782606,0.25599
-1.8780606,0.287989
-1.8778606,0.223991
-1.8776606,0.25599
-1.8774606,0.223991
-1.8772606,0.287989
-1.8770606,0.25599
-1.8768606,0.25599
-1.8766606,0.25599
-1.8764606,0.223991
-1.8762606,0.25599
-1.8760606,0.25599
-1.8758606,0.25599
-1.8756606,0.25599
-1.8754606,0.25599
-1.8752606,0.25599
-1.8750606,0.223991
-1.8748606,0.287989
-1.8746606,0.25599
-1.8744606,0.223991
-1.8742606,0.287989
-1.8740606,0.287989
-1.8738606,0.287989
-1.8736606,0.25599
-1.8734606,0.223991
-1.8732606,0.223991
-1.8730606,0.223991
-1.8728606,0.25599
-1.8726606,0.25599
-1.8724606,0.25599
-1.8722606,0.223991
-1.8720606,0.287989
-1.8718606,0.223991
-1.8716606,0.223991
-1.8714606,0.191993
-1.8712606,0.25599
-1.8710606,0.223991
-1.8708606,0.25599
-1.8706606,0.25599
-1.8704606,0.287989
-1.8702606,0.191993
-1.8700606,0.25599
-1.8698606,0.25599
-1.8696606,0.223991
-1.8694606,0.223991
-1.8692606,0.223991
-1.8690606,0.191993
-1.8688606,0.223991
-1.8686606,0.191993
-1.8684606,0.223991
-1.8682606,0.223991
-1.8680606,0.25599
-1.8678606,0.191993
-1.8676606,0.223991
-1.8674606,0.191993
-1.8672606,0.191993
-1.8670606,0.25599
-1.8668606,0.223991
-1.8666606,0.223991
-1.8664606,0.191993
-1.8662606,0.191993
-1.8660606,0.223991
-1.8658606,0.191993
-1.8656606,0.223991
-1.8654606,0.223991
-1.8652606,0.25599
-1.8650606,0.191993
-1.8648606,0.191993
-1.8646606,0.25599
-1.8644606,0.223991
-1.8642606,0.223991
-1.8640606,0.223991
-1.8638606,0.191993
-1.8636606,0.25599
-1.8634606,0.223991
-1.8632606,0.223991
-1.8630606,0.223991
-1.8628606,0.191993
-1.8626606,0.191993
-1.8624606,0.223991
-1.8622606,0.25599
-1.8620606,0.223991
-1.8618606,0.25599
-1.8616606,0.223991
-1.8614606,0.223991
-1.8612606,0.223991
-1.8610606,0.223991
-1.8608606,0.223991
-1.8606606,0.223991
-1.8604606,0.25599
-1.8602606,0.191993
-1.8600606,0.223991
-1.8598606,0.223991
-1.8596606,0.223991
-1.8594606,0.25599
-1.8592606,0.223991
-1.8590606,0.223991
-1.8588606,0.25599
-1.8586606,0.223991
-1.8584606,0.223991
-1.8582606,0.223991
-1.8580606,0.223991
-1.8578606,0.191993
-1.8576606,0.223991
-1.8574606,0.25599
-1.8572606,0.191993
-1.8570606,0.223991
-1.8568606,0.191993
-1.8566606,0.223991
-1.8564606,0.25599
-1.8562606,0.25599
-1.8560606,0.223991
-1.8558606,0.25599
-1.8556606,0.223991
-1.8554606,0.223991
-1.8552606,0.223991
-1.8550606,0.223991
-1.8548606,0.223991
-1.8546606,0.191993
-1.8544606,0.223991
-1.8542606,0.191993
-1.8540606,0.223991
-1.8538606,0.25599
-1.8536606,0.191993
-1.8534606,0.223991
-1.8532606,0.223991
-1.8530606,0.25599
-1.8528606,0.191993
-1.8526606,0.223991
-1.8524606,0.223991
-1.8522606,0.25599
-1.8520606,0.191993
-1.8518606,0.223991
-1.8516606,0.191993
-1.8514606,0.223991
-1.8512606,0.191993
-1.8510606,0.223991
-1.8508606,0.223991
-1.8506606,0.191993
-1.8504606,0.223991
-1.8502606,0.223991
-1.8500606,0.223991
-1.8498606,0.223991
-1.8496606,0.191993
-1.8494606,0.223991
-1.8492606,0.223991
-1.8490606,0.223991
-1.8488606,0.191993
-1.8486606,0.223991
-1.8484606,0.223991
-1.8482606,0.191993
-1.8480606,0.191993
-1.8478606,0.223991
-1.8476606,0.191993
-1.8474606,0.223991
-1.8472606,0.223991
-1.8470606,0.159994
-1.8468606,0.223991
-1.8466606,0.223991
-1.8464606,0.191993
-1.8462606,0.191993
-1.8460606,0.223991
-1.8458606,0.191993
-1.8456606,0.159994
-1.8454606,0.191993
-1.8452606,0.191993
-1.8450606,0.191993
-1.8448606,0.25599
-1.8446606,0.191993
-1.8444606,0.191993
-1.8442606,0.191993
-1.8440606,0.159994
-1.8438606,0.191993
-1.8436606,0.159994
-1.8434606,0.159994
-1.8432606,0.159994
-1.8430606,0.191993
-1.8428606,0.159994
-1.8426606,0.191993
-1.8424606,0.159994
-1.8422606,0.159994
-1.8420606,0.159994
-1.8418606,0.159994
-1.8416606,0.191993
-1.8414606,0.191993
-1.8412606,0.191993
-1.8410606,0.159994
-1.8408606,0.159994
-1.8406606,0.159994
-1.8404606,0.191993
-1.8402606,0.191993
-1.8400606,0.191993
-1.8398606,0.159994
-1.8396606,0.223991
-1.8394606,0.191993
-1.8392606,0.159994
-1.8390606,0.159994
-1.8388606,0.25599
-1.8386606,0.191993
-1.8384606,0.159994
-1.8382606,0.191993
-1.8380606,0.159994
-1.8378606,0.159994
-1.8376606,0.159994
-1.8374606,0.191993
-1.8372606,0.191993
-1.8370606,0.191993
-1.8368606,0.159994
-1.8366606,0.159994
-1.8364606,0.159994
-1.8362606,0.191993
-1.8360606,0.25599
-1.8358606,0.223991
-1.8356606,0.159994
-1.8354606,0.191993
-1.8352606,0.191993
-1.8350606,0.223991
-1.8348606,0.191993
-1.8346606,0.223991
-1.8344606,0.191993
-1.8342606,0.223991
-1.8340606,0.223991
-1.8338606,0.191993
-1.8336606,0.191993
-1.8334606,0.223991
-1.8332606,0.191993
-1.8330606,0.159994
-1.8328606,0.25599
-1.8326606,0.223991
-1.8324606,0.191993
-1.8322606,0.191993
-1.8320606,0.25599
-1.8318606,0.223991
-1.8316606,0.223991
-1.8314606,0.223991
-1.8312606,0.25599
-1.8310606,0.223991
-1.8308606,0.223991
-1.8306606,0.223991
-1.8304606,0.223991
-1.8302606,0.223991
-1.8300606,0.223991
-1.8298606,0.25599
-1.8296606,0.25599
-1.8294606,0.191993
-1.8292606,0.223991
-1.8290606,0.223991
-1.8288606,0.223991
-1.8286606,0.223991
-1.8284606,0.25599
-1.8282606,0.223991
-1.8280606,0.25599
-1.8278606,0.223991
-1.8276606,0.223991
-1.8274606,0.287989
-1.8272606,0.25599
-1.8270606,0.25599
-1.8268606,0.25599
-1.8266606,0.25599
-1.8264606,0.25599
-1.8262606,0.287989
-1.8260606,0.25599
-1.8258606,0.25599
-1.8256606,0.223991
-1.8254606,0.25599
-1.8252606,0.223991
-1.8250606,0.25599
-1.8248606,0.223991
-1.8246606,0.287989
-1.8244606,0.25599
-1.8242606,0.25599
-1.8240606,0.25599
-1.8238606,0.287989
-1.8236606,0.25599
-1.8234606,0.25599
-1.8232606,0.223991
-1.8230606,0.223991
-1.8228606,0.25599
-1.8226606,0.223991
-1.8224606,0.191993
-1.8222606,0.223991
-1.8220606,0.223991
-1.8218606,0.223991
-1.8216606,0.287989
-1.8214606,0.223991
-1.8212606,0.223991
-1.8210606,0.25599
-1.8208606,0.25599
-1.8206606,0.25599
-1.8204606,0.287989
-1.8202606,0.25599
-1.8200606,0.223991
-1.8198606,0.25599
-1.8196606,0.25599
-1.8194606,0.223991
-1.8192606,0.191993
-1.8190606,0.223991
-1.8188606,0.223991
-1.8186606,0.223991
-1.8184606,0.25599
-1.8182606,0.25599
-1.8180606,0.223991
-1.8178606,0.25599
-1.8176606,0.25599
-1.8174606,0.223991
-1.8172606,0.223991
-1.8170606,0.223991
-1.8168606,0.25599
-1.8166606,0.287989
-1.8164606,0.25599
-1.8162606,0.223991
-1.8160606,0.223991
-1.8158606,0.223991
-1.8156606,0.191993
-1.8154606,0.223991
-1.8152606,0.25599
-1.8150606,0.25599
-1.8148606,0.223991
-1.8146606,0.223991
-1.8144606,0.223991
-1.8142606,0.223991
-1.8140606,0.223991
-1.8138606,0.25599
-1.8136606,0.223991
-1.8134606,0.25599
-1.8132606,0.25599
-1.8130606,0.223991
-1.8128606,0.191993
-1.8126606,0.223991
-1.8124606,0.223991
-1.8122606,0.191993
-1.8120606,0.223991
-1.8118606,0.223991
-1.8116606,0.191993
-1.8114606,0.223991
-1.8112606,0.25599
-1.8110606,0.223991
-1.8108606,0.223991
-1.8106606,0.223991
-1.8104606,0.223991
-1.8102606,0.223991
-1.8100606,0.25599
-1.8098606,0.223991
-1.8096606,0.223991
-1.8094606,0.223991
-1.8092606,0.191993
-1.8090606,0.223991
-1.8088606,0.191993
-1.8086606,0.223991
-1.8084606,0.223991
-1.8082606,0.223991
-1.8080606,0.223991
-1.8078606,0.223991
-1.8076606,0.191993
-1.8074606,0.191993
-1.8072606,0.159994
-1.8070606,0.191993
-1.8068606,0.191993
-1.8066606,0.191993
-1.8064606,0.25599
-1.8062606,0.191993
-1.8060606,0.191993
-1.8058606,0.191993
-1.8056606,0.191993
-1.8054606,0.159994
-1.8052606,0.223991
-1.8050606,0.127995
-1.8048606,0.191993
-1.8046606,0.191993
-1.8044606,0.191993
-1.8042606,0.191993
-1.8040606,0.159994
-1.8038606,0.223991
-1.8036606,0.191993
-1.8034606,0.223991
-1.8032606,0.159994
-1.8030606,0.191993
-1.8028606,0.159994
-1.8026606,0.127995
-1.8024606,0.191993
-1.8022606,0.223991
-1.8020606,0.159994
-1.8018606,0.191993
-1.8016606,0.191993
-1.8014606,0.191993
-1.8012606,0.191993
-1.8010606,0.191993
-1.8008606,0.191993
-1.8006606,0.191993
-1.8004606,0.223991
-1.8002606,0.191993
-1.8000606,0.159994
-1.7998606,0.191993
-1.7996606,0.191993
-1.7994606,0.159994
-1.7992606,0.223991
-1.7990606,0.159994
-1.7988606,0.191993
-1.7986606,0.159994
-1.7984606,0.159994
-1.7982606,0.191993
-1.7980606,0.223991
-1.7978606,0.159994
-1.7976606,0.159994
-1.7974606,0.159994
-1.7972606,0.127995
-1.7970606,0.159994
-1.7968606,0.159994
-1.7966606,0.159994
-1.7964606,0.159994
-1.7962606,0.159994
-1.7960606,0.159994
-1.7958606,0.127995
-1.7956606,0.127995
-1.7954606,0.159994
-1.7952606,0.159994
-1.7950606,0.191993
-1.7948606,0.127995
-1.7946606,0.127995
-1.7944606,0.159994
-1.7942606,0.159994
-1.7940606,0.159994
-1.7938606,0.159994
-1.7936606,0.159994
-1.7934606,0.127995
-1.7932606,0.191993
-1.7930606,0.127995
-1.7928606,0.159994
-1.7926606,0.191993
-1.7924606,0.159994
-1.7922606,0.159994
-1.7920606,0.159994
-1.7918606,0.191993
-1.7916606,0.159994
-1.7914606,0.159994
-1.7912606,0.159994
-1.7910606,0.159994
-1.7908606,0.159994
-1.7906606,0.159994
-1.7904606,0.159994
-1.7902606,0.191993
-1.7900606,0.191993
-1.7898606,0.191993
-1.7896606,0.159994
-1.7894606,0.191993
-1.7892606,0.159994
-1.7890606,0.191993
-1.7888606,0.159994
-1.7886606,0.159994
-1.7884606,0.159994
-1.7882606,0.191993
-1.7880606,0.191993
-1.7878606,0.191993
-1.7876606,0.191993
-1.7874606,0.159994
-1.7872606,0.191993
-1.7870606,0.191993
-1.7868606,0.159994
-1.7866606,0.223991
-1.7864606,0.191993
-1.7862606,0.191993
-1.7860606,0.223991
-1.7858606,0.159994
-1.7856606,0.191993
-1.7854606,0.191993
-1.7852606,0.159994
-1.7850606,0.191993
-1.7848606,0.191993
-1.7846606,0.159994
-1.7844606,0.191993
-1.7842606,0.25599
-1.7840606,0.159994
-1.7838606,0.191993
-1.7836606,0.191993
-1.7834606,0.191993
-1.7832606,0.159994
-1.7830606,0.191993
-1.7828606,0.159994
-1.7826606,0.159994
-1.7824606,0.159994
-1.7822606,0.191993
-1.7820606,0.159994
-1.7818606,0.223991
-1.7816606,0.159994
-1.7814606,0.159994
-1.7812606,0.191993
-1.7810606,0.159994
-1.7808606,0.191993
-1.7806606,0.191993
-1.7804606,0.191993
-1.7802606,0.191993
-1.7800606,0.191993
-1.7798606,0.191993
-1.7796606,0.191993
-1.7794606,0.191993
-1.7792606,0.223991
-1.7790606,0.191993
-1.7788606,0.223991
-1.7786606,0.191993
-1.7784606,0.159994
-1.7782606,0.159994
-1.7780606,0.191993
-1.7778606,0.191993
-1.7776606,0.159994
-1.7774606,0.191993
-1.7772606,0.191993
-1.7770606,0.223991
-1.7768606,0.191993
-1.7766606,0.191993
-1.7764606,0.223991
-1.7762606,0.191993
-1.7760606,0.191993
-1.7758606,0.223991
-1.7756606,0.191993
-1.7754606,0.223991
-1.7752606,0.25599
-1.7750606,0.223991
-1.7748606,0.223991
-1.7746606,0.223991
-1.7744606,0.191993
-1.7742606,0.223991
-1.7740606,0.223991
-1.7738606,0.223991
-1.7736606,0.191993
-1.7734606,0.25599
-1.7732606,0.191993
-1.7730606,0.25599
-1.7728606,0.25599
-1.7726606,0.25599
-1.7724606,0.287989
-1.7722606,0.25599
-1.7720606,0.223991
-1.7718606,0.223991
-1.7716606,0.223991
-1.7714606,0.223991
-1.7712606,0.223991
-1.7710606,0.223991
-1.7708606,0.223991
-1.7706606,0.25599
-1.7704606,0.25599
-1.7702606,0.25599
-1.7700606,0.223991
-1.7698606,0.25599
-1.7696606,0.223991
-1.7694606,0.223991
-1.7692606,0.25599
-1.7690606,0.25599
-1.7688606,0.223991
-1.7686606,0.25599
-1.7684606,0.25599
-1.7682606,0.223991
-1.7680606,0.223991
-1.7678606,0.25599
-1.7676606,0.25599
-1.7674606,0.287989
-1.7672606,0.25599
-1.7670606,0.25599
-1.7668606,0.287989
-1.7666606,0.25599
-1.7664606,0.25599
-1.7662606,0.287989
-1.7660606,0.223991
-1.7658606,0.287989
-1.7656606,0.319988
-1.7654606,0.287989
-1.7652606,0.287989
-1.7650606,0.319988
-1.7648606,0.25599
-1.7646606,0.287989
-1.7644606,0.287989
-1.7642606,0.25599
-1.7640606,0.287989
-1.7638606,0.319988
-1.7636606,0.287989
-1.7634606,0.25599
-1.7632606,0.351986
-1.7630606,0.287989
-1.7628606,0.287989
-1.7626606,0.351986
-1.7624606,0.287989
-1.7622606,0.287989
-1.7620606,0.319988
-1.7618606,0.287989
-1.7616606,0.319988
-1.7614606,0.319988
-1.7612606,0.287989
-1.7610606,0.319988
-1.7608606,0.351986
-1.7606606,0.287989
-1.7604606,0.287989
-1.7602606,0.319988
-1.7600606,0.319988
-1.7598606,0.287989
-1.7596606,0.319988
-1.7594606,0.319988
-1.7592606,0.287989
-1.7590606,0.319988
-1.7588606,0.287989
-1.7586606,0.351986
-1.7584606,0.319988
-1.7582606,0.319988
-1.7580606,0.287989
-1.7578606,0.287989
-1.7576606,0.319988
-1.7574606,0.287989
-1.7572606,0.383985
-1.7570606,0.287989
-1.7568606,0.351986
-1.7566606,0.319988
-1.7564606,0.287989
-1.7562606,0.319988
-1.7560606,0.319988
-1.7558606,0.319988
-1.7556606,0.319988
-1.7554606,0.383985
-1.7552606,0.287989
-1.7550606,0.351986
-1.7548606,0.383985
-1.7546606,0.383985
-1.7544606,0.383985
-1.7542606,0.383985
-1.7540606,0.319988
-1.7538606,0.383985
-1.7536606,0.383985
-1.7534606,0.351986
-1.7532606,0.383985
-1.7530606,0.351986
-1.7528606,0.351986
-1.7526606,0.383985
-1.7524606,0.383985
-1.7522606,0.319988
-1.7520606,0.383985
-1.7518606,0.415984
-1.7516606,0.383985
-1.7514606,0.351986
-1.7512606,0.415984
-1.7510606,0.351986
-1.7508606,0.351986
-1.7506606,0.415984
-1.7504606,0.383985
-1.7502606,0.351986
-1.7500606,0.415984
-1.7498606,0.383985
-1.7496606,0.351986
-1.7494606,0.383985
-1.7492606,0.415984
-1.7490606,0.383985
-1.7488606,0.383985
-1.7486606,0.383985
-1.7484606,0.383985
-1.7482606,0.383985
-1.7480606,0.383985
-1.7478606,0.383985
-1.7476606,0.415984
-1.7474606,0.383985
-1.7472606,0.383985
-1.7470606,0.415984
-1.7468606,0.415984
-1.7466606,0.351986
-1.7464606,0.415984
-1.7462606,0.383985
-1.7460606,0.351986
-1.7458606,0.415984
-1.7456606,0.383985
-1.7454606,0.383985
-1.7452606,0.383985
-1.7450606,0.415984
-1.7448606,0.383985
-1.7446606,0.415984
-1.7444606,0.383985
-1.7442606,0.383985
-1.7440606,0.383985
-1.7438606,0.415984
-1.7436606,0.383985
-1.7434606,0.415984
-1.7432606,0.351986
-1.7430606,0.383985
-1.7428606,0.383985
-1.7426606,0.351986
-1.7424606,0.383985
-1.7422606,0.415984
-1.7420606,0.351986
-1.7418606,0.383985
-1.7416606,0.415984
-1.7414606,0.415984
-1.7412606,0.415984
-1.7410606,0.383985
-1.7408606,0.383985
-1.7406606,0.447983
-1.7404606,0.415984
-1.7402606,0.415984
-1.7400606,0.415984
-1.7398606,0.383985
-1.7396606,0.383985
-1.7394606,0.383985
-1.7392606,0.415984
-1.7390606,0.415984
-1.7388606,0.383985
-1.7386606,0.415984
-1.7384606,0.415984
-1.7382606,0.415984
-1.7380606,0.415984
-1.7378606,0.415984
-1.7376606,0.383985
-1.7374606,0.447983
-1.7372606,0.415984
-1.7370606,0.383985
-1.7368606,0.415984
-1.7366606,0.415984
-1.7364606,0.383985
-1.7362606,0.383985
-1.7360606,0.447983
-1.7358606,0.415984
-1.7356606,0.383985
-1.7354606,0.383985
-1.7352606,0.447983
-1.7350606,0.415984
-1.7348606,0.415984
-1.7346606,0.415984
-1.7344606,0.447983
-1.7342606,0.415984
-1.7340606,0.383985
-1.7338606,0.383985
-1.7336606,0.415984
-1.7334606,0.383985
-1.7332606,0.415984
-1.7330606,0.383985
-1.7328606,0.415984
-1.7326606,0.383985
-1.7324606,0.383985
-1.7322606,0.415984
-1.7320606,0.447983
-1.7318606,0.415984
-1.7316606,0.383985
-1.7314606,0.447983
-1.7312606,0.383985
-1.7310606,0.415984
-1.7308606,0.415984
-1.7306606,0.383985
-1.7304606,0.351986
-1.7302606,0.447983
-1.7300606,0.415984
-1.7298606,0.351986
-1.7296606,0.415984
-1.7294606,0.415984
-1.7292606,0.383985
-1.7290606,0.415984
-1.7288606,0.415984
-1.7286606,0.383985
-1.7284606,0.415984
-1.7282606,0.383985
-1.7280606,0.415984
-1.7278606,0.415984
-1.7276606,0.447983
-1.7274606,0.383985
-1.7272606,0.415984
-1.7270606,0.415984
-1.7268606,0.415984
-1.7266606,0.447983
-1.7264606,0.383985
-1.7262606,0.415984
-1.7260606,0.447983
-1.7258606,0.415984
-1.7256606,0.415984
-1.7254606,0.415984
-1.7252606,0.447983
-1.7250606,0.415984
-1.7248606,0.415984
-1.7246606,0.479982
-1.7244606,0.383985
-1.7242606,0.447983
-1.7240606,0.415984
-1.7238606,0.447983
-1.7236606,0.447983
-1.7234606,0.415984
-1.7232606,0.415984
-1.7230606,0.447983
-1.7228606,0.415984
-1.7226606,0.447983
-1.7224606,0.447983
-1.7222606,0.415984
-1.7220606,0.415984
-1.7218606,0.447983
-1.7216606,0.383985
-1.7214606,0.415984
-1.7212606,0.447983
-1.7210606,0.383985
-1.7208606,0.415984
-1.7206606,0.383985
-1.7204606,0.415984
-1.7202606,0.415984
-1.7200606,0.479982
-1.7198606,0.383985
-1.7196606,0.383985
-1.7194606,0.415984
-1.7192606,0.415984
-1.7190606,0.383985
-1.7188606,0.447983
-1.7186606,0.383985
-1.7184606,0.383985
-1.7182606,0.415984
-1.7180606,0.415984
-1.7178606,0.383985
-1.7176606,0.383985
-1.7174606,0.383985
-1.7172606,0.383985
-1.7170606,0.447983
-1.7168606,0.383985
-1.7166606,0.415984
-1.7164606,0.415984
-1.7162606,0.351986
-1.7160606,0.415984
-1.7158606,0.415984
-1.7156606,0.351986
-1.7154606,0.383985
-1.7152606,0.415984
-1.7150606,0.383985
-1.7148606,0.415984
-1.7146606,0.415984
-1.7144606,0.383985
-1.7142606,0.383985
-1.7140606,0.447983
-1.7138606,0.351986
-1.7136606,0.383985
-1.7134606,0.415984
-1.7132606,0.383985
-1.7130606,0.383985
-1.7128606,0.415984
-1.7126606,0.383985
-1.7124606,0.383985
-1.7122606,0.415984
-1.7120606,0.351986
-1.7118606,0.415984
-1.7116606,0.383985
-1.7114606,0.415984
-1.7112606,0.415984
-1.7110606,0.415984
-1.7108606,0.383985
-1.7106606,0.383985
-1.7104606,0.383985
-1.7102606,0.383985
-1.7100606,0.351986
-1.7098606,0.415984
-1.7096606,0.383985
-1.7094606,0.351986
-1.7092606,0.415984
-1.7090606,0.351986
-1.7088606,0.415984
-1.7086606,0.383985
-1.7084606,0.383985
-1.7082606,0.383985
-1.7080606,0.383985
-1.7078606,0.351986
-1.7076606,0.351986
-1.7074606,0.383985
-1.7072606,0.351986
-1.7070606,0.351986
-1.7068606,0.383985
-1.7066606,0.351986
-1.7064606,0.383985
-1.7062606,0.383985
-1.7060606,0.383985
-1.7058606,0.383985
-1.7056606,0.415984
-1.7054606,0.383985
-1.7052606,0.415984
-1.7050606,0.383985
-1.7048606,0.319988
-1.7046606,0.383985
-1.7044606,0.383985
-1.7042606,0.351986
-1.7040606,0.383985
-1.7038606,0.447983
-1.7036606,0.351986
-1.7034606,0.383985
-1.7032606,0.447983
-1.7030606,0.383985
-1.7028606,0.319988
-1.7026606,0.383985
-1.7024606,0.383985
-1.7022606,0.383985
-1.7020606,0.351986
-1.7018606,0.351986
-1.7016606,0.351986
-1.7014606,0.383985
-1.7012606,0.351986
-1.7010606,0.351986
-1.7008606,0.351986
-1.7006606,0.351986
-1.7004606,0.383985
-1.7002606,0.415984
-1.7000606,0.351986
-1.6998606,0.351986
-1.6996606,0.383985
-1.6994606,0.383985
-1.6992606,0.351986
-1.6990606,0.383985
-1.6988606,0.319988
-1.6986606,0.351986
-1.6984606,0.383985
-1.6982606,0.351986
-1.6980606,0.319988
-1.6978606,0.415984
-1.6976606,0.351986
-1.6974606,0.319988
-1.6972606,0.383985
-1.6970606,0.351986
-1.6968606,0.319988
-1.6966606,0.383985
-1.6964606,0.351986
-1.6962606,0.319988
-1.6960606,0.351986
-1.6958606,0.351986
-1.6956606,0.351986
-1.6954606,0.351986
-1.6952606,0.319988
-1.6950606,0.319988
-1.6948606,0.351986
-1.6946606,0.351986
-1.6944606,0.319988
-1.6942606,0.383985
-1.6940606,0.287989
-1.6938606,0.319988
-1.6936606,0.319988
-1.6934606,0.319988
-1.6932606,0.319988
-1.6930606,0.351986
-1.6928606,0.319988
-1.6926606,0.319988
-1.6924606,0.319988
-1.6922606,0.319988
-1.6920606,0.319988
-1.6918606,0.287989
-1.6916606,0.319988
-1.6914606,0.319988
-1.6912606,0.319988
-1.6910606,0.319988
-1.6908606,0.287989
-1.6906606,0.319988
-1.6904606,0.319988
-1.6902606,0.319988
-1.6900606,0.351986
-1.6898606,0.287989
-1.6896606,0.287989
-1.6894606,0.287989
-1.6892606,0.319988
-1.6890606,0.319988
-1.6888606,0.287989
-1.6886606,0.287989
-1.6884606,0.287989
-1.6882606,0.287989
-1.6880606,0.319988
-1.6878606,0.287989
-1.6876606,0.351986
-1.6874606,0.287989
-1.6872606,0.287989
-1.6870606,0.319988
-1.6868606,0.287989
-1.6866606,0.287989
-1.6864606,0.319988
-1.6862606,0.25599
-1.6860606,0.287989
-1.6858606,0.319988
-1.6856606,0.319988
-1.6854606,0.287989
-1.6852606,0.319988
-1.6850606,0.287989
-1.6848606,0.287989
-1.6846606,0.287989
-1.6844606,0.25599
-1.6842606,0.287989
-1.6840606,0.287989
-1.6838606,0.25599
-1.6836606,0.287989
-1.6834606,0.287989
-1.6832606,0.25599
-1.6830606,0.223991
-1.6828606,0.287989
-1.6826606,0.287989
-1.6824606,0.287989
-1.6822606,0.287989
-1.6820606,0.25599
-1.6818606,0.25599
-1.6816606,0.287989
-1.6814606,0.223991
-1.6812606,0.25599
-1.6810606,0.25599
-1.6808606,0.223991
-1.6806606,0.191993
-1.6804606,0.25599
-1.6802606,0.25599
-1.6800606,0.223991
-1.6798606,0.223991
-1.6796606,0.25599
-1.6794606,0.25599
-1.6792606,0.223991
-1.6790606,0.191993
-1.6788606,0.191993
-1.6786606,0.25599
-1.6784606,0.223991
-1.6782606,0.191993
-1.6780606,0.287989
-1.6778606,0.223991
-1.6776606,0.223991
-1.6774606,0.223991
-1.6772606,0.191993
-1.6770606,0.25599
-1.6768606,0.223991
-1.6766606,0.191993
-1.6764606,0.191993
-1.6762606,0.223991
-1.6760606,0.191993
-1.6758606,0.223991
-1.6756606,0.223991
-1.6754606,0.191993
-1.6752606,0.191993
-1.6750606,0.191993
-1.6748606,0.191993
-1.6746606,0.191993
-1.6744606,0.223991
-1.6742606,0.191993
-1.6740606,0.159994
-1.6738606,0.223991
-1.6736606,0.159994
-1.6734606,0.223991
-1.6732606,0.191993
-1.6730606,0.159994
-1.6728606,0.191993
-1.6726606,0.159994
-1.6724606,0.127995
-1.6722606,0.223991
-1.6720606,0.223991
-1.6718606,0.191993
-1.6716606,0.159994
-1.6714606,0.223991
-1.6712606,0.159994
-1.6710606,0.159994
-1.6708606,0.191993
-1.6706606,0.159994
-1.6704606,0.159994
-1.6702606,0.159994
-1.6700606,0.191993
-1.6698606,0.159994
-1.6696606,0.159994
-1.6694606,0.159994
-1.6692606,0.159994
-1.6690606,0.223991
-1.6688606,0.191993
-1.6686606,0.159994
-1.6684606,0.127995
-1.6682606,0.159994
-1.6680606,0.127995
-1.6678606,0.191993
-1.6676606,0.159994
-1.6674606,0.159994
-1.6672606,0.191993
-1.6670606,0.159994
-1.6668606,0.159994
-1.6666606,0.191993
-1.6664606,0.159994
-1.6662606,0.191993
-1.6660606,0.159994
-1.6658606,0.127995
-1.6656606,0.159994
-1.6654606,0.159994
-1.6652606,0.159994
-1.6650606,0.191993
-1.6648606,0.191993
-1.6646606,0.159994
-1.6644606,0.127995
-1.6642606,0.159994
-1.6640606,0.159994
-1.6638606,0.159994
-1.6636606,0.191993
-1.6634606,0.159994
-1.6632606,0.127995
-1.6630606,0.127995
-1.6628606,0.159994
-1.6626606,0.159994
-1.6624606,0.159994
-1.6622606,0.127995
-1.6620606,0.127995
-1.6618606,0.159994
-1.6616606,0.159994
-1.6614606,0.127995
-1.6612606,0.159994
-1.6610606,0.0959963
-1.6608606,0.127995
-1.6606606,0.159994
-1.6604606,0.127995
-1.6602606,0.159994
-1.6600606,0.0959963
-1.6598606,0.159994
-1.6596606,0.0959963
-1.6594606,0.0959963
-1.6592606,0.127995
-1.6590606,0.127995
-1.6588606,0.159994
-1.6586606,0.159994
-1.6584606,0.127995
-1.6582606,0.159994
-1.6580606,0.0959963
-1.6578606,0.0959963
-1.6576606,0.127995
-1.6574606,0.127995
-1.6572606,0.0639975
-1.6570606,0.0959963
-1.6568606,0.0959963
-1.6566606,0.127995
-1.6564606,0.127995
-1.6562606,0.0959963
-1.6560606,0.0959963
-1.6558606,0.0959963
-1.6556606,0.0959963
-1.6554606,0.0959963
-1.6552606,0.0959963
-1.6550606,0.0959963
-1.6548606,0.127995
-1.6546606,0.0959963
-1.6544606,0.0959963
-1.6542606,0.0959963
-1.6540606,0.127995
-1.6538606,0.0319988
-1.6536606,0.127995
-1.6534606,0.127995
-1.6532606,0.0959963
-1.6530606,0.0639975
-1.6528606,0.0959963
-1.6526606,0.0959963
-1.6524606,0.0959963
-1.6522606,0.0959963
-1.6520606,0.0639975
-1.6518606,0.0959963
-1.6516606,0.0959963
-1.6514606,0.0959963
-1.6512606,0.0319988
-1.6510606,0.127995
-1.6508606,0.0959963
-1.6506606,0.0639975
-1.6504606,0.0319988
-1.6502606,0.0639975
-1.6500606,0.0639975
-1.6498606,0.0959963
-1.6496606,0.0639975
-1.6494606,0.0959963
-1.6492606,0.0639975
-1.6490606,0.0959963
-1.6488606,0.0959963
-1.6486606,0.0959963
-1.6484606,0.0959963
-1.6482606,0.0959963
-1.6480606,0.0639975
-1.6478606,0.0639975
-1.6476606,0.0639975
-1.6474606,0.0639975
-1.6472606,0.0319988
-1.6470606,0.0319988
-1.6468606,0.0639975
-1.6466606,0.0639975
-1.6464606,0.0319988
-1.6462606,0.0319988
-1.6460606,0.0639975
-1.6458606,0.0639975
-1.6456606,0.0319988
-1.6454606,0.0319988
-1.6452606,0.0639975
-1.6450606,0.0959963
-1.6448606,0.0319988
-1.6446606,0.0639975
-1.6444606,0.0639975
-1.6442606,0.0639975
-1.6440606,0.0319988
-1.6438606,0.0639975
-1.6436606,0.0639975
-1.6434606,0.0319988
-1.6432606,0.0639975
-1.6430606,0.0959963
-1.6428606,0
-1.6426606,0.0319988
-1.6424606,0.0639975
-1.6422606,0.0319988
-1.6420606,0.0639975
-1.6418606,0.0319988
-1.6416606,0
-1.6414606,0.0639975
-1.6412606,0.0639975
-1.6410606,0
-1.6408606,0.0319988
-1.6406606,0.0639975
-1.6404606,0
-1.6402606,0.0639975
-1.6400606,0.0319988
-1.6398606,0
-1.6396606,0.0319988
-1.6394606,0.0639975
-1.6392606,0.0639975
-1.6390606,0.0319988
-1.6388606,0.0639975
-1.6386606,0
-1.6384606,0.0639975
-1.6382606,0.0319988
-1.6380606,0
-1.6378606,0.0319988
-1.6376606,0.0319988
-1.6374606,0
-1.6372606,0.0319988
-1.6370606,0.0639975
-1.6368606,0.0319988
-1.6366606,0
-1.6364606,0.0639975
-1.6362606,0
-1.6360606,0.0639975
-1.6358606,0.0639975
-1.6356606,0
-1.6354606,0.0319988
-1.6352606,0.0319988
-1.6350606,0
-1.6348606,0.0639975
-1.6346606,0.0639975
-1.6344606,0
-1.6342606,0.0319988
-1.6340606,0.0319988
-1.6338606,0
-1.6336606,0.0319988
-1.6334606,0
-1.6332606,0.0319988
-1.6330606,0
-1.6328606,0
-1.6326606,0
-1.6324606,0
-1.6322606,0.0319988
-1.6320606,0.0319988
-1.6318606,0.0319988
-1.6316606,0.0319988
-1.6314606,0.0319988
-1.6312606,0.0319988
-1.6310606,0.0319988
-1.6308606,0
-1.6306606,0.0319988
-1.6304606,0.0319988
-1.6302606,0.0319988
-1.6300606,0.0319988
-1.6298606,0.0319988
-1.6296606,0.0319988
-1.6294606,0
-1.6292606,0.0319988
-1.6290606,-0.0319988
-1.6288606,0
-1.6286606,0.0319988
-1.6284606,0
-1.6282606,0
-1.6280606,0.0319988
-1.6278606,0.0319988
-1.6276606,0
-1.6274606,0.0319988
-1.6272606,0.0319988
-1.6270606,0.0639975
-1.6268606,0.0639975
-1.6266606,0.0319988
-1.6264606,0.0319988
-1.6262606,0
-1.6260606,0
-1.6258606,0
-1.6256606,0.0319988
-1.6254606,0
-1.6252606,0.0319988
-1.6250606,0.0319988
-1.6248606,0
-1.6246606,0
-1.6244606,0.0319988
-1.6242606,-0.0319988
-1.6240606,0
-1.6238606,0
-1.6236606,-0.0319988
-1.6234606,0
-1.6232606,0
-1.6230606,-0.0319988
-1.6228606,-0.0319988
-1.6226606,-0.0319988
-1.6224606,-0.0319988
-1.6222606,-0.0319988
-1.6220606,-0.0319988
-1.6218606,-0.0639975
-1.6216606,0
-1.6214606,-0.0319988
-1.6212606,-0.0319988
-1.6210606,0
-1.6208606,0
-1.6206606,-0.0639975
-1.6204606,-0.0639975
-1.6202606,-0.0319988
-1.6200606,-0.0639975
-1.6198606,-0.0639975
-1.6196606,0
-1.6194606,-0.0959963
-1.6192606,-0.0319988
-1.6190606,0
-1.6188606,-0.0639975
-1.6186606,-0.0639975
-1.6184606,-0.0639975
-1.6182606,-0.0639975
-1.6180606,-0.0639975
-1.6178606,-0.0319988
-1.6176606,-0.0639975
-1.6174606,-0.0959963
-1.6172606,0
-1.6170606,-0.0639975
-1.6168606,-0.0639975
-1.6166606,-0.0639975
-1.6164606,-0.0639975
-1.6162606,-0.0319988
-1.6160606,-0.0319988
-1.6158606,-0.0959963
-1.6156606,-0.0959963
-1.6154606,-0.0639975
-1.6152606,-0.0959963
-1.6150606,-0.0959963
-1.6148606,-0.0639975
-1.6146606,-0.0959963
-1.6144606,-0.0639975
-1.6142606,-0.0959963
-1.6140606,-0.127995
-1.6138606,-0.0959963
-1.6136606,-0.0959963
-1.6134606,-0.0959963
-1.6132606,-0.0639975
-1.6130606,-0.0639975
-1.6128606,-0.0959963
-1.6126606,-0.0639975
-1.6124606,-0.127995
-1.6122606,-0.127995
-1.6120606,-0.0959963
-1.6118606,-0.0639975
-1.6116606,-0.127995
-1.6114606,-0.127995
-1.6112606,-0.0959963
-1.6110606,-0.127995
-1.6108606,-0.159994
-1.6106606,-0.127995
-1.6104606,-0.127995
-1.6102606,-0.127995
-1.6100606,-0.127995
-1.6098606,-0.159994
-1.6096606,-0.159994
-1.6094606,-0.127995
-1.6092606,-0.127995
-1.6090606,-0.127995
-1.6088606,-0.159994
-1.6086606,-0.159994
-1.6084606,-0.191993
-1.6082606,-0.159994
-1.6080606,-0.191993
-1.6078606,-0.127995
-1.6076606,-0.159994
-1.6074606,-0.159994
-1.6072606,-0.127995
-1.6070606,-0.191993
-1.6068606,-0.159994
-1.6066606,-0.159994
-1.6064606,-0.159994
-1.6062606,-0.159994
-1.6060606,-0.191993
-1.6058606,-0.127995
-1.6056606,-0.159994
-1.6054606,-0.159994
-1.6052606,-0.159994
-1.6050606,-0.191993
-1.6048606,-0.191993
-1.6046606,-0.191993
-1.6044606,-0.159994
-1.6042606,-0.159994
-1.6040606,-0.191993
-1.6038606,-0.191993
-1.6036606,-0.159994
-1.6034606,-0.127995
-1.6032606,-0.191993
-1.6030606,-0.223991
-1.6028606,-0.223991
-1.6026606,-0.191993
-1.6024606,-0.223991
-1.6022606,-0.191993
-1.6020606,-0.223991
-1.6018606,-0.223991
-1.6016606,-0.191993
-1.6014606,-0.223991
-1.6012606,-0.223991
-1.6010606,-0.191993
-1.6008606,-0.191993
-1.6006606,-0.223991
-1.6004606,-0.191993
-1.6002606,-0.223991
-1.6000606,-0.223991
-1.5998606,-0.223991
-1.5996606,-0.223991
-1.5994606,-0.223991
-1.5992606,-0.223991
-1.5990606,-0.223991
-1.5988606,-0.223991
-1.5986606,-0.223991
-1.5984606,-0.25599
-1.5982606,-0.287989
-1.5980606,-0.191993
-1.5978606,-0.25599
-1.5976606,-0.223991
-1.5974606,-0.223991
-1.5972606,-0.25599
-1.5970606,-0.25599
-1.5968606,-0.25599
-1.5966606,-0.223991
-1.5964606,-0.25599
-1.5962606,-0.287989
-1.5960606,-0.25599
-1.5958606,-0.287989
-1.5956606,-0.191993
-1.5954606,-0.287989
-1.5952606,-0.25599
-1.5950606,-0.287989
-1.5948606,-0.319988
-1.5946606,-0.287989
-1.5944606,-0.223991
-1.5942606,-0.25599
-1.5940606,-0.319988
-1.5938606,-0.319988
-1.5936606,-0.287989
-1.5934606,-0.287989
-1.5932606,-0.25599
-1.5930606,-0.287989
-1.5928606,-0.287989
-1.5926606,-0.287989
-1.5924606,-0.287989
-1.5922606,-0.287989
-1.5920606,-0.287989
-1.5918606,-0.287989
-1.5916606,-0.319988
-1.5914606,-0.287989
-1.5912606,-0.319988
-1.5910606,-0.287989
-1.5908606,-0.25599
-1.5906606,-0.319988
-1.5904606,-0.319988
-1.5902606,-0.319988
-1.5900606,-0.319988
-1.5898606,-0.287989
-1.5896606,-0.319988
-1.5894606,-0.287989
-1.5892606,-0.319988
-1.5890606,-0.319988
-1.5888606,-0.319988
-1.5886606,-0.287989
-1.5884606,-0.351986
-1.5882606,-0.287989
-1.5880606,-0.319988
-1.5878606,-0.319988
-1.5876606,-0.319988
-1.5874606,-0.351986
-1.5872606,-0.287989
-1.5870606,-0.351986
-1.5868606,-0.351986
-1.5866606,-0.319988
-1.5864606,-0.319988
-1.5862606,-0.351986
-1.5860606,-0.319988
-1.5858606,-0.319988
-1.5856606,-0.319988
-1.5854606,-0.415984
-1.5852606,-0.319988
-1.5850606,-0.351986
-1.5848606,-0.351986
-1.5846606,-0.383985
-1.5844606,-0.319988
-1.5842606,-0.351986
-1.5840606,-0.319988
-1.5838606,-0.351986
-1.5836606,-0.383985
-1.5834606,-0.351986
-1.5832606,-0.415984
-1.5830606,-0.319988
-1.5828606,-0.319988
-1.5826606,-0.415984
-1.5824606,-0.383985
-1.5822606,-0.383985
-1.5820606,-0.383985
-1.5818606,-0.383985
-1.5816606,-0.383985
-1.5814606,-0.383985
-1.5812606,-0.383985
-1.5810606,-0.383985
-1.5808606,-0.383985
-1.5806606,-0.383985
-1.5804606,-0.351986
-1.5802606,-0.415984
-1.5800606,-0.383985
-1.5798606,-0.383985
-1.5796606,-0.383985
-1.5794606,-0.351986
-1.5792606,-0.351986
-1.5790606,-0.383985
-1.5788606,-0.383985
-1.5786606,-0.383985
-1.5784606,-0.383985
-1.5782606,-0.415984
-1.5780606,-0.351986
-1.5778606,-0.415984
-1.5776606,-0.383985
-1.5774606,-0.415984
-1.5772606,-0.351986
-1.5770606,-0.351986
-1.5768606,-0.351986
-1.5766606,-0.383985
-1.5764606,-0.415984
-1.5762606,-0.351986
-1.5760606,-0.415984
-1.5758606,-0.415984
-1.5756606,-0.351986
-1.5754606,-0.319988
-1.5752606,-0.383985
-1.5750606,-0.383985
-1.5748606,-0.383985
-1.5746606,-0.319988
-1.5744606,-0.351986
-1.5742606,-0.383985
-1.5740606,-0.383985
-1.5738606,-0.383985
-1.5736606,-0.447983
-1.5734606,-0.383985
-1.5732606,-0.415984
-1.5730606,-0.415984
-1.5728606,-0.479982
-1.5726606,-0.351986
-1.5724606,-0.383985
-1.5722606,-0.415984
-1.5720606,-0.415984
-1.5718606,-0.415984
-1.5716606,-0.415984
-1.5714606,-0.415984
-1.5712606,-0.383985
-1.5710606,-0.383985
-1.5708606,-0.383985
-1.5706606,-0.415984
-1.5704606,-0.415984
-1.5702606,-0.415984
-1.5700606,-0.447983
-1.5698606,-0.447983
-1.5696606,-0.415984
-1.5694606,-0.447983
-1.5692606,-0.447983
-1.5690606,-0.415984
-1.5688606,-0.447983
-1.5686606,-0.415984
-1.5684606,-0.447983
-1.5682606,-0.447983
-1.5680606,-0.447983
-1.5678606,-0.415984
-1.5676606,-0.447983
-1.5674606,-0.415984
-1.5672606,-0.447983
-1.5670606,-0.447983
-1.5668606,-0.447983
-1.5666606,-0.415984
-1.5664606,-0.479982
-1.5662606,-0.447983
-1.5660606,-0.415984
-1.5658606,-0.447983
-1.5656606,-0.447983
-1.5654606,-0.447983
-1.5652606,-0.447983
-1.5650606,-0.447983
-1.5648606,-0.447983
-1.5646606,-0.479982
-1.5644606,-0.447983
-1.5642606,-0.447983
-1.5640606,-0.415984
-1.5638606,-0.447983
-1.5636606,-0.415984
-1.5634606,-0.415984
-1.5632606,-0.415984
-1.5630606,-0.415984
-1.5628606,-0.479982
-1.5626606,-0.415984
-1.5624606,-0.415984
-1.5622606,-0.447983
-1.5620606,-0.447983
-1.5618606,-0.383985
-1.5616606,-0.479982
-1.5614606,-0.447983
-1.5612606,-0.479982
-1.5610606,-0.447983
-1.5608606,-0.479982
-1.5606606,-0.383985
-1.5604606,-0.479982
-1.5602606,-0.447983
-1.5600606,-0.447983
-1.5598606,-0.51198
-1.5596606,-0.415984
-1.5594606,-0.479982
-1.5592606,-0.51198
-1.5590606,-0.447983
-1.5588606,-0.415984
-1.5586606,-0.479982
-1.5584606,-0.447983
-1.5582606,-0.447983
-1.5580606,-0.479982
-1.5578606,-0.447983
-1.5576606,-0.447983
-1.5574606,-0.479982
-1.5572606,-0.447983
-1.5570606,-0.447983
-1.5568606,-0.543979
-1.5566606,-0.447983
-1.5564606,-0.447983
-1.5562606,-0.447983
-1.5560606,-0.479982
-1.5558606,-0.447983
-1.5556606,-0.479982
-1.5554606,-0.447983
-1.5552606,-0.447983
-1.5550606,-0.479982
-1.5548606,-0.447983
-1.5546606,-0.479982
-1.5544606,-0.479982
-1.5542606,-0.447983
-1.5540606,-0.415984
-1.5538606,-0.479982
-1.5536606,-0.447983
-1.5534606,-0.447983
-1.5532606,-0.479982
-1.5530606,-0.447983
-1.5528606,-0.447983
-1.5526606,-0.51198
-1.5524606,-0.447983
-1.5522606,-0.479982
-1.5520606,-0.447983
-1.5518606,-0.447983
-1.5516606,-0.447983
-1.5514606,-0.479982
-1.5512606,-0.479982
-1.5510606,-0.479982
-1.5508606,-0.479982
-1.5506606,-0.51198
-1.5504606,-0.447983
-1.5502606,-0.51198
-1.5500606,-0.51198
-1.5498606,-0.447983
-1.5496606,-0.51198
-1.5494606,-0.51198
-1.5492606,-0.447983
-1.5490606,-0.51198
-1.5488606,-0.479982
-1.5486606,-0.479982
-1.5484606,-0.51198
-1.5482606,-0.543979
-1.5480606,-0.51198
-1.5478606,-0.51198
-1.5476606,-0.543979
-1.5474606,-0.479982
-1.5472606,-0.543979
-1.5470606,-0.51198
-1.5468606,-0.543979
-1.5466606,-0.543979
-1.5464606,-0.479982
-1.5462606,-0.51198
-1.5460606,-0.543979
-1.5458606,-0.607977
-1.5456606,-0.51198
-1.5454606,-0.543979
-1.5452606,-0.543979
-1.5450606,-0.479982
-1.5448606,-0.51198
-1.5446606,-0.543979
-1.5444606,-0.479982
-1.5442606,-0.51198
-1.5440606,-0.543979
-1.5438606,-0.51198
-1.5436606,-0.51198
-1.5434606,-0.575978
-1.5432606,-0.51198
-1.5430606,-0.543979
-1.5428606,-0.51198
-1.5426606,-0.51198
-1.5424606,-0.575978
-1.5422606,-0.479982
-1.5420606,-0.543979
-1.5418606,-0.543979
-1.5416606,-0.543979
-1.5414606,-0.51198
-1.5412606,-0.51198
-1.5410606,-0.543979
-1.5408606,-0.575978
-1.5406606,-0.543979
-1.5404606,-0.543979
-1.5402606,-0.51198
-1.5400606,-0.543979
-1.5398606,-0.51198
-1.5396606,-0.543979
-1.5394606,-0.575978
-1.5392606,-0.543979
-1.5390606,-0.51198
-1.5388606,-0.543979
-1.5386606,-0.543979
-1.5384606,-0.543979
-1.5382606,-0.575978
-1.5380606,-0.51198
-1.5378606,-0.479982
-1.5376606,-0.543979
-1.5374606,-0.543979
-1.5372606,-0.51198
-1.5370606,-0.575978
-1.5368606,-0.543979
-1.5366606,-0.51198
-1.5364606,-0.51198
-1.5362606,-0.575978
-1.5360606,-0.543979
-1.5358606,-0.575978
-1.5356606,-0.575978
-1.5354606,-0.51198
-1.5352606,-0.575978
-1.5350606,-0.51198
-1.5348606,-0.543979
-1.5346606,-0.575978
-1.5344606,-0.575978
-1.5342606,-0.543979
-1.5340606,-0.543979
-1.5338606,-0.575978
-1.5336606,-0.543979
-1.5334606,-0.575978
-1.5332606,-0.543979
-1.5330606,-0.543979
-1.5328606,-0.51198
-1.5326606,-0.543979
-1.5324606,-0.543979
-1.5322606,-0.575978
-1.5320606,-0.607977
-1.5318606,-0.51198
-1.5316606,-0.543979
-1.5314606,-0.607977
-1.5312606,-0.575978
-1.5310606,-0.575978
-1.5308606,-0.51198
-1.5306606,-0.575978
-1.5304606,-0.575978
-1.5302606,-0.575978
-1.5300606,-0.51198
-1.5298606,-0.575978
-1.5296606,-0.543979
-1.5294606,-0.575978
-1.5292606,-0.575978
-1.5290606,-0.575978
-1.5288606,-0.543979
-1.5286606,-0.543979
-1.5284606,-0.575978
-1.5282606,-0.575978
-1.5280606,-0.575978
-1.5278606,-0.543979
-1.5276606,-0.575978
-1.5274606,-0.607977
-1.5272606,-0.607977
-1.5270606,-0.543979
-1.5268606,-0.575978
-1.5266606,-0.607977
-1.5264606,-0.543979
-1.5262606,-0.607977
-1.5260606,-0.543979
-1.5258606,-0.543979
-1.5256606,-0.607977
-1.5254606,-0.607977
-1.5252606,-0.575978
-1.5250606,-0.575978
-1.5248606,-0.607977
-1.5246606,-0.543979
-1.5244606,-0.575978
-1.5242606,-0.575978
-1.5240606,-0.51198
-1.5238606,-0.575978
-1.5236606,-0.607977
-1.5234606,-0.575978
-1.5232606,-0.543979
-1.5230606,-0.575978
-1.5228606,-0.575978
-1.5226606,-0.607977
-1.5224606,-0.575978
-1.5222606,-0.543979
-1.5220606,-0.575978
-1.5218606,-0.607977
-1.5216606,-0.575978
-1.5214606,-0.575978
-1.5212606,-0.607977
-1.5210606,-0.543979
-1.5208606,-0.575978
-1.5206606,-0.543979
-1.5204606,-0.543979
-1.5202606,-0.575978
-1.5200606,-0.575978
-1.5198606,-0.575978
-1.5196606,-0.607977
-1.5194606,-0.575978
-1.5192606,-0.543979
-1.5190606,-0.607977
-1.5188606,-0.543979
-1.5186606,-0.575978
-1.5184606,-0.543979
-1.5182606,-0.575978
-1.5180606,-0.543979
-1.5178606,-0.575978
-1.5176606,-0.607977
-1.5174606,-0.575978
-1.5172606,-0.543979
-1.5170606,-0.543979
-1.5168606,-0.575978
-1.5166606,-0.575978
-1.5164606,-0.51198
-1.5162606,-0.575978
-1.5160606,-0.575978
-1.5158606,-0.575978
-1.5156606,-0.543979
-1.5154606,-0.575978
-1.5152606,-0.543979
-1.5150606,-0.51198
-1.5148606,-0.575978
-1.5146606,-0.543979
-1.5144606,-0.543979
-1.5142606,-0.543979
-1.5140606,-0.543979
-1.5138606,-0.51198
-1.5136606,-0.543979
-1.5134606,-0.575978
-1.5132606,-0.543979
-1.5130606,-0.543979
-1.5128606,-0.575978
-1.5126606,-0.543979
-1.5124606,-0.607977
-1.5122606,-0.575978
-1.5120606,-0.543979
-1.5118606,-0.575978
-1.5116606,-0.543979
-1.5114606,-0.51198
-1.5112606,-0.575978
-1.5110606,-0.51198
-1.5108606,-0.543979
-1.5106606,-0.543979
-1.5104606,-0.543979
-1.5102606,-0.543979
-1.5100606,-0.575978
-1.5098606,-0.543979
-1.5096606,-0.543979
-1.5094606,-0.543979
-1.5092606,-0.575978
-1.5090606,-0.51198
-1.5088606,-0.543979
-1.5086606,-0.575978
-1.5084606,-0.575978
-1.5082606,-0.543979
-1.5080606,-0.543979
-1.5078606,-0.51198
-1.5076606,-0.575978
-1.5074606,-0.543979
-1.5072606,-0.51198
-1.5070606,-0.575978
-1.5068606,-0.575978
-1.5066606,-0.543979
-1.5064606,-0.543979
-1.5062606,-0.575978
-1.5060606,-0.51198
-1.5058606,-0.543979
-1.5056606,-0.543979
-1.5054606,-0.51198
-1.5052606,-0.543979
-1.5050606,-0.543979
-1.5048606,-0.479982
-1.5046606,-0.543979
-1.5044606,-0.51198
-1.5042606,-0.479982
-1.5040606,-0.543979
-1.5038606,-0.51198
-1.5036606,-0.51198
-1.5034606,-0.543979
-1.5032606,-0.51198
-1.5030606,-0.479982
-1.5028606,-0.479982
-1.5026606,-0.479982
-1.5024606,-0.479982
-1.5022606,-0.479982
-1.5020606,-0.51198
-1.5018606,-0.447983
-1.5016606,-0.479982
-1.5014606,-0.479982
-1.5012606,-0.447983
-1.5010606,-0.447983
-1.5008606,-0.447983
-1.5006606,-0.479982
-1.5004606,-0.479982
-1.5002606,-0.51198
-1.5000606,-0.447983
-1.4998606,-0.479982
-1.4996606,-0.51198
-1.4994606,-0.447983
-1.4992606,-0.479982
-1.4990606,-0.447983
-1.4988606,-0.415984
-1.4986606,-0.415984
-1.4984606,-0.479982
-1.4982606,-0.479982
-1.4980606,-0.447983
-1.4978606,-0.479982
-1.4976606,-0.383985
-1.4974606,-0.447983
-1.4972606,-0.447983
-1.4970606,-0.383985
-1.4968606,-0.447983
-1.4966606,-0.383985
-1.4964606,-0.447983
-1.4962606,-0.447983
-1.4960606,-0.447983
-1.4958606,-0.383985
-1.4956606,-0.415984
-1.4954606,-0.383985
-1.4952606,-0.383985
-1.4950606,-0.383985
-1.4948606,-0.415984
-1.4946606,-0.351986
-1.4944606,-0.415984
-1.4942606,-0.383985
-1.4940606,-0.319988
-1.4938606,-0.383985
-1.4936606,-0.415984
-1.4934606,-0.351986
-1.4932606,-0.351986
-1.4930606,-0.383985
-1.4928606,-0.351986
-1.4926606,-0.383985
-1.4924606,-0.351986
-1.4922606,-0.383985
-1.4920606,-0.351986
-1.4918606,-0.319988
-1.4916606,-0.319988
-1.4914606,-0.319988
-1.4912606,-0.287989
-1.4910606,-0.319988
-1.4908606,-0.319988
-1.4906606,-0.319988
-1.4904606,-0.319988
-1.4902606,-0.319988
-1.4900606,-0.319988
-1.4898606,-0.25599
-1.4896606,-0.287989
-1.4894606,-0.287989
-1.4892606,-0.287989
-1.4890606,-0.287989
-1.4888606,-0.223991
-1.4886606,-0.319988
-1.4884606,-0.287989
-1.4882606,-0.287989
-1.4880606,-0.25599
-1.4878606,-0.287989
-1.4876606,-0.191993
-1.4874606,-0.287989
-1.4872606,-0.223991
-1.4870606,-0.223991
-1.4868606,-0.25599
-1.4866606,-0.25599
-1.4864606,-0.191993
-1.4862606,-0.25599
-1.4860606,-0.223991
-1.4858606,-0.223991
-1.4856606,-0.191993
-1.4854606,-0.223991
-1.4852606,-0.191993
-1.4850606,-0.191993
-1.4848606,-0.223991
-1.4846606,-0.223991
-1.4844606,-0.25599
-1.4842606,-0.159994
-1.4840606,-0.159994
-1.4838606,-0.191993
-1.4836606,-0.159994
-1.4834606,-0.159994
-1.4832606,-0.223991
-1.4830606,-0.191993
-1.4828606,-0.127995
-1.4826606,-0.191993
-1.4824606,-0.191993
-1.4822606,-0.127995
-1.4820606,-0.159994
-1.4818606,-0.159994
-1.4816606,-0.0959963
-1.4814606,-0.191993
-1.4812606,-0.0959963
-1.4810606,-0.0959963
-1.4808606,-0.159994
-1.4806606,-0.159994
-1.4804606,-0.127995
-1.4802606,-0.127995
-1.4800606,-0.127995
-1.4798606,-0.0639975
-1.4796606,-0.0639975
-1.4794606,-0.0639975
-1.4792606,-0.0959963
-1.4790606,-0.127995
-1.4788606,-0.0639975
-1.4786606,-0.0959963
-1.4784606,-0.0639975
-1.4782606,-0.0639975
-1.4780606,-0.0639975
-1.4778606,-0.0639975
-1.4776606,-0.0319988
-1.4774606,-0.0639975
-1.4772606,-0.0959963
-1.4770606,-0.0639975
-1.4768606,-0.0319988
-1.4766606,-0.0319988
-1.4764606,-0.0319988
-1.4762606,0
-1.4760606,-0.0639975
-1.4758606,0
-1.4756606,0
-1.4754606,-0.0319988
-1.4752606,0
-1.4750606,-0.0319988
-1.4748606,0
-1.4746606,-0.0319988
-1.4744606,0
-1.4742606,-0.0319988
-1.4740606,0
-1.4738606,0.0959963
-1.4736606,0.0319988
-1.4734606,0
-1.4732606,0.0319988
-1.4730606,-0.0319988
-1.4728606,0.0319988
-1.4726606,0
-1.4724606,0.0639975
-1.4722606,0.0319988
-1.4720606,0.0639975
-1.4718606,0.0639975
-1.4716606,0.0639975
-1.4714606,0.0639975
-1.4712606,0
-1.4710606,0.0639975
-1.4708606,0.0639975
-1.4706606,0.0639975
-1.4704606,0.0639975
-1.4702606,0.0959963
-1.4700606,0.0959963
-1.4698606,0.0639975
-1.4696606,0.0639975
-1.4694606,0.0639975
-1.4692606,0.0959963
-1.4690606,0.0639975
-1.4688606,0.0319988
-1.4686606,0.0959963
-1.4684606,0.0959963
-1.4682606,0.0959963
-1.4680606,0.0959963
-1.4678606,0.0959963
-1.4676606,0.127995
-1.4674606,0.127995
-1.4672606,0.0959963
-1.4670606,0.0959963
-1.4668606,0.127995
-1.4666606,0.0959963
-1.4664606,0.127995
-1.4662606,0.159994
-1.4660606,0.127995
-1.4658606,0.159994
-1.4656606,0.0959963
-1.4654606,0.127995
-1.4652606,0.0959963
-1.4650606,0.127995
-1.4648606,0.127995
-1.4646606,0.127995
-1.4644606,0.159994
-1.4642606,0.159994
-1.4640606,0.159994
-1.4638606,0.159994
-1.4636606,0.159994
-1.4634606,0.159994
-1.4632606,0.127995
-1.4630606,0.159994
-1.4628606,0.159994
-1.4626606,0.191993
-1.4624606,0.159994
-1.4622606,0.127995
-1.4620606,0.159994
-1.4618606,0.127995
-1.4616606,0.159994
-1.4614606,0.159994
-1.4612606,0.191993
-1.4610606,0.159994
-1.4608606,0.159994
-1.4606606,0.159994
-1.4604606,0.191993
-1.4602606,0.191993
-1.4600606,0.127995
-1.4598606,0.191993
-1.4596606,0.191993
-1.4594606,0.159994
-1.4592606,0.223991
-1.4590606,0.191993
-1.4588606,0.159994
-1.4586606,0.191993
-1.4584606,0.223991
-1.4582606,0.159994
-1.4580606,0.159994
-1.4578606,0.223991
-1.4576606,0.191993
-1.4574606,0.159994
-1.4572606,0.191993
-1.4570606,0.191993
-1.4568606,0.159994
-1.4566606,0.159994
-1.4564606,0.191993
-1.4562606,0.191993
-1.4560606,0.223991
-1.4558606,0.223991
-1.4556606,0.191993
-1.4554606,0.223991
-1.4552606,0.191993
-1.4550606,0.223991
-1.4548606,0.223991
-1.4546606,0.287989
-1.4544606,0.191993
-1.4542606,0.25599
-1.4540606,0.25599
-1.4538606,0.25599
-1.4536606,0.287989
-1.4534606,0.25599
-1.4532606,0.223991
-1.4530606,0.287989
-1.4528606,0.25599
-1.4526606,0.25599
-1.4524606,0.287989
-1.4522606,0.25599
-1.4520606,0.287989
-1.4518606,0.287989
-1.4516606,0.25599
-1.4514606,0.287989
-1.4512606,0.287989
-1.4510606,0.287989
-1.4508606,0.287989
-1.4506606,0.351986
-1.4504606,0.319988
-1.4502606,0.287989
-1.4500606,0.319988
-1.4498606,0.319988
-1.4496606,0.287989
-1.4494606,0.319988
-1.4492606,0.287989
-1.4490606,0.319988
-1.4488606,0.319988
-1.4486606,0.287989
-1.4484606,0.287989
-1.4482606,0.319988
-1.4480606,0.287989
-1.4478606,0.319988
-1.4476606,0.319988
-1.4474606,0.319988
-1.4472606,0.319988
-1.4470606,0.319988
-1.4468606,0.319988
-1.4466606,0.319988
-1.4464606,0.351986
-1.4462606,0.319988
-1.4460606,0.319988
-1.4458606,0.351986
-1.4456606,0.351986
-1.4454606,0.319988
-1.4452606,0.383985
-1.4450606,0.319988
-1.4448606,0.287989
-1.4446606,0.383985
-1.4444606,0.351986
-1.4442606,0.351986
-1.4440606,0.383985
-1.4438606,0.319988
-1.4436606,0.351986
-1.4434606,0.383985
-1.4432606,0.351986
-1.4430606,0.351986
-1.4428606,0.383985
-1.4426606,0.351986
-1.4424606,0.351986
-1.4422606,0.415984
-1.4420606,0.383985
-1.4418606,0.351986
-1.4416606,0.447983
-1.4414606,0.447983
-1.4412606,0.415984
-1.4410606,0.383985
-1.4408606,0.415984
-1.4406606,0.415984
-1.4404606,0.415984
-1.4402606,0.383985
-1.4400606,0.415984
-1.4398606,0.447983
-1.4396606,0.415984
-1.4394606,0.383985
-1.4392606,0.415984
-1.4390606,0.447983
-1.4388606,0.415984
-1.4386606,0.415984
-1.4384606,0.415984
-1.4382606,0.447983
-1.4380606,0.447983
-1.4378606,0.447983
-1.4376606,0.415984
-1.4374606,0.447983
-1.4372606,0.415984
-1.4370606,0.383985
-1.4368606,0.479982
-1.4366606,0.479982
-1.4364606,0.415984
-1.4362606,0.447983
-1.4360606,0.447983
-1.4358606,0.447983
-1.4356606,0.479982
-1.4354606,0.479982
-1.4352606,0.479982
-1.4350606,0.479982
-1.4348606,0.447983
-1.4346606,0.447983
-1.4344606,0.479982
-1.4342606,0.415984
-1.4340606,0.447983
-1.4338606,0.479982
-1.4336606,0.51198
-1.4334606,0.447983
-1.4332606,0.447983
-1.4330606,0.543979
-1.4328606,0.51198
-1.4326606,0.479982
-1.4324606,0.479982
-1.4322606,0.479982
-1.4320606,0.479982
-1.4318606,0.51198
-1.4316606,0.51198
-1.4314606,0.479982
-1.4312606,0.51198
-1.4310606,0.479982
-1.4308606,0.479982
-1.4306606,0.479982
-1.4304606,0.51198
-1.4302606,0.543979
-1.4300606,0.51198
-1.4298606,0.479982
-1.4296606,0.51198
-1.4294606,0.607977
-1.4292606,0.51198
-1.4290606,0.543979
-1.4288606,0.575978
-1.4286606,0.51198
-1.4284606,0.51198
-1.4282606,0.575978
-1.4280606,0.479982
-1.4278606,0.543979
-1.4276606,0.607977
-1.4274606,0.543979
-1.4272606,0.575978
-1.4270606,0.607977
-1.4268606,0.543979
-1.4266606,0.575978
-1.4264606,0.575978
-1.4262606,0.575978
-1.4260606,0.543979
-1.4258606,0.575978
-1.4256606,0.543979
-1.4254606,0.543979
-1.4252606,0.607977
-1.4250606,0.543979
-1.4248606,0.607977
-1.4246606,0.607977
-1.4244606,0.51198
-1.4242606,0.575978
-1.4240606,0.575978
-1.4238606,0.543979
-1.4236606,0.543979
-1.4234606,0.575978
-1.4232606,0.575978
-1.4230606,0.607977
-1.4228606,0.607977
-1.4226606,0.543979
-1.4224606,0.543979
-1.4222606,0.639975
-1.4220606,0.575978
-1.4218606,0.607977
-1.4216606,0.607977
-1.4214606,0.543979
-1.4212606,0.575978
-1.4210606,0.607977
-1.4208606,0.575978
-1.4206606,0.575978
-1.4204606,0.575978
-1.4202606,0.543979
-1.4200606,0.607977
-1.4198606,0.607977
-1.4196606,0.575978
-1.4194606,0.639975
-1.4192606,0.575978
-1.4190606,0.575978
-1.4188606,0.575978
-1.4186606,0.639975
-1.4184606,0.575978
-1.4182606,0.607977
-1.4180606,0.607977
-1.4178606,0.575978
-1.4176606,0.607977
-1.4174606,0.639975
-1.4172606,0.575978
-1.4170606,0.607977
-1.4168606,0.607977
-1.4166606,0.607977
-1.4164606,0.671974
-1.4162606,0.639975
-1.4160606,0.639975
-1.4158606,0.639975
-1.4156606,0.639975
-1.4154606,0.575978
-1.4152606,0.639975
-1.4150606,0.639975
-1.4148606,0.607977
-1.4146606,0.607977
-1.4144606,0.639975
-1.4142606,0.639975
-1.4140606,0.639975
-1.4138606,0.607977
-1.4136606,0.639975
-1.4134606,0.607977
-1.4132606,0.671974
-1.4130606,0.607977
-1.4128606,0.607977
-1.4126606,0.671974
-1.4124606,0.671974
-1.4122606,0.607977
-1.4120606,0.671974
-1.4118606,0.639975
-1.4116606,0.639975
-1.4114606,0.703973
-1.4112606,0.639975
-1.4110606,0.671974
-1.4108606,0.703973
-1.4106606,0.671974
-1.4104606,0.639975
-1.4102606,0.703973
-1.4100606,0.639975
-1.4098606,0.639975
-1.4096606,0.671974
-1.4094606,0.671974
-1.4092606,0.671974
-1.4090606,0.671974
-1.4088606,0.671974
-1.4086606,0.671974
-1.4084606,0.703973
-1.4082606,0.671974
-1.4080606,0.671974
-1.4078606,0.703973
-1.4076606,0.671974
-1.4074606,0.703973
-1.4072606,0.735972
-1.4070606,0.671974
-1.4068606,0.639975
-1.4066606,0.671974
-1.4064606,0.639975
-1.4062606,0.671974
-1.4060606,0.735972
-1.4058606,0.703973
-1.4056606,0.703973
-1.4054606,0.735972
-1.4052606,0.671974
-1.4050606,0.703973
-1.4048606,0.703973
-1.4046606,0.703973
-1.4044606,0.703973
-1.4042606,0.767971
-1.4040606,0.703973
-1.4038606,0.703973
-1.4036606,0.767971
-1.4034606,0.703973
-1.4032606,0.735972
-1.4030606,0.767971
-1.4028606,0.703973
-1.4026606,0.735972
-1.4024606,0.799969
-1.4022606,0.703973
-1.4020606,0.767971
-1.4018606,0.767971
-1.4016606,0.767971
-1.4014606,0.703973
-1.4012606,0.767971
-1.4010606,0.735972
-1.4008606,0.735972
-1.4006606,0.799969
-1.4004606,0.735972
-1.4002606,0.703973
-1.4000606,0.799969
-1.3998606,0.703973
-1.3996606,0.735972
-1.3994606,0.767971
-1.3992606,0.799969
-1.3990606,0.767971
-1.3988606,0.831968
-1.3986606,0.735972
-1.3984606,0.735972
-1.3982606,0.799969
-1.3980606,0.799969
-1.3978606,0.735972
-1.3976606,0.831968
-1.3974606,0.767971
-1.3972606,0.799969
-1.3970606,0.799969
-1.3968606,0.767971
-1.3966606,0.767971
-1.3964606,0.831968
-1.3962606,0.799969
-1.3960606,0.799969
-1.3958606,0.831968
-1.3956606,0.831968
-1.3954606,0.767971
-1.3952606,0.831968
-1.3950606,0.767971
-1.3948606,0.767971
-1.3946606,0.831968
-1.3944606,0.831968
-1.3942606,0.831968
-1.3940606,0.831968
-1.3938606,0.799969
-1.3936606,0.831968
-1.3934606,0.863967
-1.3932606,0.863967
-1.3930606,0.895966
-1.3928606,0.831968
-1.3926606,0.831968
-1.3924606,0.831968
-1.3922606,0.895966
-1.3920606,0.799969
-1.3918606,0.799969
-1.3916606,0.863967
-1.3914606,0.863967
-1.3912606,0.799969
-1.3910606,0.863967
-1.3908606,0.863967
-1.3906606,0.863967
-1.3904606,0.863967
-1.3902606,0.863967
-1.3900606,0.863967
-1.3898606,0.895966
-1.3896606,0.863967
-1.3894606,0.895966
-1.3892606,0.895966
-1.3890606,0.863967
-1.3888606,0.863967
-1.3886606,0.895966
-1.3884606,0.863967
-1.3882606,0.863967
-1.3880606,0.895966
-1.3878606,0.895966
-1.3876606,0.895966
-1.3874606,0.927964
-1.3872606,0.863967
-1.3870606,0.895966
-1.3868606,0.927964
-1.3866606,0.895966
-1.3864606,0.863967
-1.3862606,0.863967
-1.3860606,0.959963
-1.3858606,0.895966
-1.3856606,0.927964
-1.3854606,0.895966
-1.3852606,0.895966
-1.3850606,0.895966
-1.3848606,0.895966
-1.3846606,0.927964
-1.3844606,0.927964
-1.3842606,0.895966
-1.3840606,0.959963
-1.3838606,0.927964
-1.3836606,0.895966
-1.3834606,0.927964
-1.3832606,0.895966
-1.3830606,0.895966
-1.3828606,0.895966
-1.3826606,0.927964
-1.3824606,0.927964
-1.3822606,0.895966
-1.3820606,0.927964
-1.3818606,0.895966
-1.3816606,0.927964
-1.3814606,0.927964
-1.3812606,0.991962
-1.3810606,0.927964
-1.3808606,0.927964
-1.3806606,0.959963
-1.3804606,0.959963
-1.3802606,0.959963
-1.3800606,0.959963
-1.3798606,0.959963
-1.3796606,0.927964
-1.3794606,0.959963
-1.3792606,0.927964
-1.3790606,0.991962
-1.3788606,0.927964
-1.3786606,0.991962
-1.3784606,0.927964
-1.3782606,0.991962
-1.3780606,0.991962
-1.3778606,0.991962
-1.3776606,0.991962
-1.3774606,0.991962
-1.3772606,0.991962
-1.3770606,0.959963
-1.3768606,0.959963
-1.3766606,0.991962
-1.3764606,0.991962
-1.3762606,0.991962
-1.3760606,1.02396
-1.3758606,0.991962
-1.3756606,0.991962
-1.3754606,0.927964
-1.3752606,0.991962
-1.3750606,0.959963
-1.3748606,0.959963
-1.3746606,0.959963
-1.3744606,0.991962
-1.3742606,0.991962
-1.3740606,0.959963
-1.3738606,0.991962
-1.3736606,1.02396
-1.3734606,0.959963
-1.3732606,0.991962
-1.3730606,0.991962
-1.3728606,0.991962
-1.3726606,0.991962
-1.3724606,0.991962
-1.3722606,0.991962
-1.3720606,1.02396
-1.3718606,0.991962
-1.3716606,0.991962
-1.3714606,0.991962
-1.3712606,1.02396
-1.3710606,0.959963
-1.3708606,0.991962
-1.3706606,0.991962
-1.3704606,1.05596
-1.3702606,1.02396
-1.3700606,1.02396
-1.3698606,1.02396
-1.3696606,0.959963
-1.3694606,0.959963
-1.3692606,1.02396
-1.3690606,0.991962
-1.3688606,0.991962
-1.3686606,1.02396
-1.3684606,0.991962
-1.3682606,0.991962
-1.3680606,1.02396
-1.3678606,1.02396
-1.3676606,1.02396
-1.3674606,0.991962
-1.3672606,1.02396
-1.3670606,0.991962
-1.3668606,0.959963
-1.3666606,0.991962
-1.3664606,1.02396
-1.3662606,0.991962
-1.3660606,1.02396
-1.3658606,0.991962
-1.3656606,1.05596
-1.3654606,0.991962
-1.3652606,1.02396
-1.3650606,0.991962
-1.3648606,0.991962
-1.3646606,1.02396
-1.3644606,1.02396
-1.3642606,1.02396
-1.3640606,1.02396
-1.3638606,1.02396
-1.3636606,0.991962
-1.3634606,0.991962
-1.3632606,0.959963
-1.3630606,0.991962
-1.3628606,0.991962
-1.3626606,0.991962
-1.3624606,0.991962
-1.3622606,0.991962
-1.3620606,0.991962
-1.3618606,0.959963
-1.3616606,0.991962
-1.3614606,0.991962
-1.3612606,0.991962
-1.3610606,0.991962
-1.3608606,0.991962
-1.3606606,0.959963
-1.3604606,0.991962
-1.3602606,0.959963
-1.3600606,0.991962
-1.3598606,0.991962
-1.3596606,0.927964
-1.3594606,0.959963
-1.3592606,0.927964
-1.3590606,0.991962
-1.3588606,0.959963
-1.3586606,0.959963
-1.3584606,0.991962
-1.3582606,0.927964
-1.3580606,0.959963
-1.3578606,0.927964
-1.3576606,0.959963
-1.3574606,0.959963
-1.3572606,0.927964
-1.3570606,0.927964
-1.3568606,0.927964
-1.3566606,0.959963
-1.3564606,0.959963
-1.3562606,0.927964
-1.3560606,0.927964
-1.3558606,0.927964
-1.3556606,0.959963
-1.3554606,0.927964
-1.3552606,0.959963
-1.3550606,0.959963
-1.3548606,0.895966
-1.3546606,0.959963
-1.3544606,0.959963
-1.3542606,0.895966
-1.3540606,0.959963
-1.3538606,0.927964
-1.3536606,0.927964
-1.3534606,0.927964
-1.3532606,0.959963
-1.3530606,0.927964
-1.3528606,0.927964
-1.3526606,0.927964
-1.3524606,0.895966
-1.3522606,0.927964
-1.3520606,0.959963
-1.3518606,0.959963
-1.3516606,0.895966
-1.3514606,0.927964
-1.3512606,0.959963
-1.3510606,0.863967
-1.3508606,0.927964
-1.3506606,0.927964
-1.3504606,0.927964
-1.3502606,0.895966
-1.3500606,0.927964
-1.3498606,0.927964
-1.3496606,0.927964
-1.3494606,0.927964
-1.3492606,0.895966
-1.3490606,0.927964
-1.3488606,0.895966
-1.3486606,0.895966
-1.3484606,0.927964
-1.3482606,0.895966
-1.3480606,0.927964
-1.3478606,0.927964
-1.3476606,0.927964
-1.3474606,0.895966
-1.3472606,0.895966
-1.3470606,0.927964
-1.3468606,0.895966
-1.3466606,0.959963
-1.3464606,0.863967
-1.3462606,0.895966
-1.3460606,0.895966
-1.3458606,0.927964
-1.3456606,0.863967
-1.3454606,0.927964
-1.3452606,0.927964
-1.3450606,0.863967
-1.3448606,0.895966
-1.3446606,0.863967
-1.3444606,0.863967
-1.3442606,0.895966
-1.3440606,0.863967
-1.3438606,0.863967
-1.3436606,0.863967
-1.3434606,0.895966
-1.3432606,0.863967
-1.3430606,0.895966
-1.3428606,0.831968
-1.3426606,0.799969
-1.3424606,0.895966
-1.3422606,0.831968
-1.3420606,0.831968
-1.3418606,0.863967
-1.3416606,0.863967
-1.3414606,0.863967
-1.3412606,0.863967
-1.3410606,0.895966
-1.3408606,0.799969
-1.3406606,0.895966
-1.3404606,0.863967
-1.3402606,0.863967
-1.3400606,0.863967
-1.3398606,0.863967
-1.3396606,0.799969
-1.3394606,0.831968
-1.3392606,0.799969
-1.3390606,0.831968
-1.3388606,0.831968
-1.3386606,0.831968
-1.3384606,0.831968
-1.3382606,0.895966
-1.3380606,0.831968
-1.3378606,0.799969
-1.3376606,0.831968
-1.3374606,0.799969
-1.3372606,0.799969
-1.3370606,0.863967
-1.3368606,0.799969
-1.3366606,0.831968
-1.3364606,0.831968
-1.3362606,0.831968
-1.3360606,0.799969
-1.3358606,0.863967
-1.3356606,0.799969
-1.3354606,0.767971
-1.3352606,0.799969
-1.3350606,0.735972
-1.3348606,0.735972
-1.3346606,0.831968
-1.3344606,0.799969
-1.3342606,0.767971
-1.3340606,0.831968
-1.3338606,0.767971
-1.3336606,0.735972
-1.3334606,0.735972
-1.3332606,0.735972
-1.3330606,0.671974
-1.3328606,0.735972
-1.3326606,0.767971
-1.3324606,0.735972
-1.3322606,0.799969
-1.3320606,0.799969
-1.3318606,0.735972
-1.3316606,0.767971
-1.3314606,0.703973
-1.3312606,0.735972
-1.3310606,0.767971
-1.3308606,0.671974
-1.3306606,0.703973
-1.3304606,0.703973
-1.3302606,0.703973
-1.3300606,0.735972
-1.3298606,0.703973
-1.3296606,0.735972
-1.3294606,0.671974
-1.3292606,0.735972
-1.3290606,0.703973
-1.3288606,0.703973
-1.3286606,0.703973
-1.3284606,0.703973
-1.3282606,0.671974
-1.3280606,0.703973
-1.3278606,0.671974
-1.3276606,0.671974
-1.3274606,0.671974
-1.3272606,0.671974
-1.3270606,0.703973
-1.3268606,0.639975
-1.3266606,0.671974
-1.3264606,0.639975
-1.3262606,0.735972
-1.3260606,0.639975
-1.3258606,0.639975
-1.3256606,0.671974
-1.3254606,0.607977
-1.3252606,0.639975
-1.3250606,0.671974
-1.3248606,0.607977
-1.3246606,0.639975
-1.3244606,0.671974
-1.3242606,0.639975
-1.3240606,0.639975
-1.3238606,0.671974
-1.3236606,0.543979
-1.3234606,0.575978
-1.3232606,0.607977
-1.3230606,0.575978
-1.3228606,0.607977
-1.3226606,0.607977
-1.3224606,0.607977
-1.3222606,0.607977
-1.3220606,0.575978
-1.3218606,0.543979
-1.3216606,0.575978
-1.3214606,0.543979
-1.3212606,0.543979
-1.3210606,0.575978
-1.3208606,0.607977
-1.3206606,0.543979
-1.3204606,0.575978
-1.3202606,0.575978
-1.3200606,0.543979
-1.3198606,0.543979
-1.3196606,0.575978
-1.3194606,0.543979
-1.3192606,0.51198
-1.3190606,0.51198
-1.3188606,0.51198
-1.3186606,0.51198
-1.3184606,0.543979
-1.3182606,0.51198
-1.3180606,0.479982
-1.3178606,0.479982
-1.3176606,0.479982
-1.3174606,0.479982
-1.3172606,0.479982
-1.3170606,0.479982
-1.3168606,0.479982
-1.3166606,0.479982
-1.3164606,0.479982
-1.3162606,0.415984
-1.3160606,0.479982
-1.3158606,0.447983
-1.3156606,0.447983
-1.3154606,0.415984
-1.3152606,0.415984
-1.3150606,0.447983
-1.3148606,0.415984
-1.3146606,0.415984
-1.3144606,0.447983
-1.3142606,0.383985
-1.3140606,0.415984
-1.3138606,0.479982
-1.3136606,0.415984
-1.3134606,0.383985
-1.3132606,0.447983
-1.3130606,0.415984
-1.3128606,0.383985
-1.3126606,0.447983
-1.3124606,0.383985
-1.3122606,0.351986
-1.3120606,0.415984
-1.3118606,0.351986
-1.3116606,0.351986
-1.3114606,0.383985
-1.3112606,0.383985
-1.3110606,0.351986
-1.3108606,0.383985
-1.3106606,0.319988
-1.3104606,0.351986
-1.3102606,0.415984
-1.3100606,0.319988
-1.3098606,0.319988
-1.3096606,0.383985
-1.3094606,0.351986
-1.3092606,0.319988
-1.3090606,0.351986
-1.3088606,0.319988
-1.3086606,0.351986
-1.3084606,0.319988
-1.3082606,0.287989
-1.3080606,0.287989
-1.3078606,0.319988
-1.3076606,0.287989
-1.3074606,0.287989
-1.3072606,0.287989
-1.3070606,0.287989
-1.3068606,0.319988
-1.3066606,0.351986
-1.3064606,0.287989
-1.3062606,0.287989
-1.3060606,0.287989
-1.3058606,0.287989
-1.3056606,0.25599
-1.3054606,0.319988
-1.3052606,0.25599
-1.3050606,0.287989
-1.3048606,0.287989
-1.3046606,0.319988
-1.3044606,0.25599
-1.3042606,0.25599
-1.3040606,0.25599
-1.3038606,0.223991
-1.3036606,0.25599
-1.3034606,0.25599
-1.3032606,0.223991
-1.3030606,0.25599
-1.3028606,0.25599
-1.3026606,0.25599
-1.3024606,0.223991
-1.3022606,0.223991
-1.3020606,0.223991
-1.3018606,0.287989
-1.3016606,0.223991
-1.3014606,0.223991
-1.3012606,0.223991
-1.3010606,0.223991
-1.3008606,0.223991
-1.3006606,0.191993
-1.3004606,0.159994
-1.3002606,0.191993
-1.3000606,0.191993
-1.2998606,0.159994
-1.2996606,0.191993
-1.2994606,0.191993
-1.2992606,0.159994
-1.2990606,0.159994
-1.2988606,0.191993
-1.2986606,0.159994
-1.2984606,0.191993
-1.2982606,0.127995
-1.2980606,0.159994
-1.2978606,0.159994
-1.2976606,0.191993
-1.2974606,0.127995
-1.2972606,0.159994
-1.2970606,0.159994
-1.2968606,0.159994
-1.2966606,0.127995
-1.2964606,0.127995
-1.2962606,0.127995
-1.2960606,0.0959963
-1.2958606,0.127995
-1.2956606,0.0959963
-1.2954606,0.127995
-1.2952606,0.127995
-1.2950606,0.127995
-1.2948606,0.127995
-1.2946606,0.159994
-1.2944606,0.127995
-1.2942606,0.127995
-1.2940606,0.0959963
-1.2938606,0.0959963
-1.2936606,0.0959963
-1.2934606,0.127995
-1.2932606,0.0959963
-1.2930606,0.0639975
-1.2928606,0.0959963
-1.2926606,0.0959963
-1.2924606,0.0959963
-1.2922606,0.0639975
-1.2920606,0.0639975
-1.2918606,0.0639975
-1.2916606,0.127995
-1.2914606,0.0959963
-1.2912606,0.127995
-1.2910606,0.0639975
-1.2908606,0.0639975
-1.2906606,0.0639975
-1.2904606,0.0639975
-1.2902606,0.0639975
-1.2900606,0.0959963
-1.2898606,0.0319988
-1.2896606,0.0639975
-1.2894606,0.0639975
-1.2892606,0.0639975
-1.2890606,0.0639975
-1.2888606,0.0959963
-1.2886606,0.0639975
-1.2884606,0.0319988
-1.2882606,0.0639975
-1.2880606,0.0639975
-1.2878606,0.0639975
-1.2876606,0.0319988
-1.2874606,0.0639975
-1.2872606,0.0319988
-1.2870606,0.0639975
-1.2868606,0.0319988
-1.2866606,0.0959963
-1.2864606,0.0319988
-1.2862606,0
-1.2860606,0.0639975
-1.2858606,0
-1.2856606,0
-1.2854606,0.0639975
-1.2852606,0.0319988
-1.2850606,0.0319988
-1.2848606,0.0639975
-1.2846606,0
-1.2844606,0.0319988
-1.2842606,0.0639975
-1.2840606,0.0319988
-1.2838606,0.0319988
-1.2836606,0.0319988
-1.2834606,0
-1.2832606,0.0319988
-1.2830606,0.0319988
-1.2828606,-0.0639975
-1.2826606,0
-1.2824606,0
-1.2822606,0
-1.2820606,0
-1.2818606,0.0319988
-1.2816606,-0.0639975
-1.2814606,0
-1.2812606,0
-1.2810606,-0.0319988
-1.2808606,0
-1.2806606,-0.0639975
-1.2804606,-0.0639975
-1.2802606,-0.0319988
-1.2800606,0
-1.2798606,-0.0319988
-1.2796606,-0.0319988
-1.2794606,0
-1.2792606,-0.0319988
-1.2790606,0
-1.2788606,-0.0639975
-1.2786606,-0.0639975
-1.2784606,-0.0639975
-1.2782606,-0.0319988
-1.2780606,-0.0959963
-1.2778606,-0.0319988
-1.2776606,0
-1.2774606,-0.0639975
-1.2772606,-0.0639975
-1.2770606,-0.0319988
-1.2768606,-0.0639975
-1.2766606,-0.0639975
-1.2764606,-0.0639975
-1.2762606,-0.0959963
-1.2760606,-0.0639975
-1.2758606,-0.0639975
-1.2756606,-0.0639975
-1.2754606,-0.0959963
-1.2752606,-0.0639975
-1.2750606,-0.0639975
-1.2748606,-0.0959963
-1.2746606,-0.0639975
-1.2744606,-0.127995
-1.2742606,-0.0959963
-1.2740606,-0.0639975
-1.2738606,-0.0639975
-1.2736606,-0.0639975
-1.2734606,-0.0639975
-1.2732606,-0.127995
-1.2730606,-0.0959963
-1.2728606,-0.0959963
-1.2726606,-0.0959963
-1.2724606,-0.0959963
-1.2722606,-0.0959963
-1.2720606,-0.0959963
-1.2718606,-0.0639975
-1.2716606,-0.127995
-1.2714606,-0.0959963
-1.2712606,-0.127995
-1.2710606,-0.0959963
-1.2708606,-0.0959963
-1.2706606,-0.0959963
-1.2704606,-0.0959963
-1.2702606,-0.0639975
-1.2700606,-0.0959963
-1.2698606,-0.0959963
-1.2696606,-0.127995
-1.2694606,-0.0959963
-1.2692606,-0.127995
-1.2690606,-0.0639975
-1.2688606,-0.0639975
-1.2686606,-0.0639975
-1.2684606,-0.0959963
-1.2682606,-0.0959963
-1.2680606,-0.0639975
-1.2678606,-0.0959963
-1.2676606,-0.0959963
-1.2674606,-0.127995
-1.2672606,-0.127995
-1.2670606,-0.127995
-1.2668606,-0.0959963
-1.2666606,-0.0639975
-1.2664606,-0.127995
-1.2662606,-0.0959963
-1.2660606,-0.159994
-1.2658606,-0.127995
-1.2656606,-0.0639975
-1.2654606,-0.0959963
-1.2652606,-0.0959963
-1.2650606,-0.127995
-1.2648606,-0.159994
-1.2646606,-0.0959963
-1.2644606,-0.0959963
-1.2642606,-0.0959963
-1.2640606,-0.0959963
-1.2638606,-0.127995
-1.2636606,-0.127995
-1.2634606,-0.0639975
-1.2632606,-0.0959963
-1.2630606,-0.0959963
-1.2628606,-0.0959963
-1.2626606,-0.0959963
-1.2624606,-0.127995
-1.2622606,-0.0959963
-1.2620606,-0.0639975
-1.2618606,-0.127995
-1.2616606,-0.0639975
-1.2614606,-0.0959963
-1.2612606,-0.0959963
-1.2610606,-0.0959963
-1.2608606,-0.0959963
-1.2606606,-0.127995
-1.2604606,-0.0639975
-1.2602606,-0.0959963
-1.2600606,-0.127995
-1.2598606,-0.0959963
-1.2596606,-0.0959963
-1.2594606,-0.0959963
-1.2592606,-0.0639975
-1.2590606,-0.127995
-1.2588606,-0.127995
-1.2586606,-0.0639975
-1.2584606,-0.0959963
-1.2582606,-0.127995
-1.2580606,-0.0959963
-1.2578606,-0.0639975
-1.2576606,-0.0959963
-1.2574606,-0.0959963
-1.2572606,-0.0959963
-1.2570606,-0.0959963
-1.2568606,-0.0959963
-1.2566606,-0.0959963
-1.2564606,-0.0959963
-1.2562606,-0.127995
-1.2560606,-0.0639975
-1.2558606,-0.0959963
-1.2556606,-0.127995
-1.2554606,-0.0639975
-1.2552606,-0.127995
-1.2550606,-0.127995
-1.2548606,-0.0959963
-1.2546606,-0.0959963
-1.2544606,-0.127995
-1.2542606,-0.0959963
-1.2540606,-0.127995
-1.2538606,-0.0959963
-1.2536606,-0.0639975
-1.2534606,-0.127995
-1.2532606,-0.0959963
-1.2530606,-0.0959963
-1.2528606,-0.0959963
-1.2526606,-0.0959963
-1.2524606,-0.0639975
-1.2522606,-0.127995
-1.2520606,-0.0959963
-1.2518606,-0.0639975
-1.2516606,-0.0639975
-1.2514606,-0.0959963
-1.2512606,-0.0639975
-1.2510606,-0.0959963
-1.2508606,-0.0959963
-1.2506606,-0.0959963
-1.2504606,-0.0959963
-1.2502606,-0.0959963
-1.2500606,-0.0959963
-1.2498606,-0.127995
-1.2496606,-0.0959963
-1.2494606,-0.0639975
-1.2492606,-0.0959963
-1.2490606,-0.159994
-1.2488606,-0.127995
-1.2486606,-0.0959963
-1.2484606,-0.0959963
-1.2482606,-0.0959963
-1.2480606,-0.159994
-1.2478606,-0.0959963
-1.2476606,-0.0959963
-1.2474606,-0.127995
-1.2472606,-0.127995
-1.2470606,-0.0959963
-1.2468606,-0.159994
-1.2466606,-0.0959963
-1.2464606,-0.0959963
-1.2462606,-0.0959963
-1.2460606,-0.127995
-1.2458606,-0.159994
-1.2456606,-0.159994
-1.2454606,-0.127995
-1.2452606,-0.127995
-1.2450606,-0.127995
-1.2448606,-0.0959963
-1.2446606,-0.127995
-1.2444606,-0.127995
-1.2442606,-0.127995
-1.2440606,-0.127995
-1.2438606,-0.127995
-1.2436606,-0.127995
-1.2434606,-0.0959963
-1.2432606,-0.0959963
-1.2430606,-0.127995
-1.2428606,-0.0959963
-1.2426606,-0.0959963
-1.2424606,-0.127995
-1.2422606,-0.0959963
-1.2420606,-0.191993
-1.2418606,-0.0959963
-1.2416606,-0.127995
-1.2414606,-0.127995
-1.2412606,-0.0959963
-1.2410606,-0.0959963
-1.2408606,-0.127995
-1.2406606,-0.0959963
-1.2404606,-0.0959963
-1.2402606,-0.159994
-1.2400606,-0.0959963
-1.2398606,-0.0959963
-1.2396606,-0.127995
-1.2394606,-0.127995
-1.2392606,-0.0959963
-1.2390606,-0.127995
-1.2388606,-0.0959963
-1.2386606,-0.127995
-1.2384606,-0.127995
-1.2382606,-0.127995
-1.2380606,-0.127995
-1.2378606,-0.159994
-1.2376606,-0.127995
-1.2374606,-0.127995
-1.2372606,-0.127995
-1.2370606,-0.127995
-1.2368606,-0.0959963
-1.2366606,-0.127995
-1.2364606,-0.127995
-1.2362606,-0.127995
-1.2360606,-0.127995
-1.2358606,-0.127995
-1.2356606,-0.0959963
-1.2354606,-0.159994
-1.2352606,-0.127995
-1.2350606,-0.127995
-1.2348606,-0.159994
-1.2346606,-0.127995
-1.2344606,-0.159994
-1.2342606,-0.191993
-1.2340606,-0.159994
-1.2338606,-0.127995
-1.2336606,-0.159994
-1.2334606,-0.159994
-1.2332606,-0.127995
-1.2330606,-0.159994
-1.2328606,-0.159994
-1.2326606,-0.159994
-1.2324606,-0.159994
-1.2322606,-0.159994
-1.2320606,-0.191993
-1.2318606,-0.127995
-1.2316606,-0.127995
-1.2314606,-0.159994
-1.2312606,-0.159994
-1.2310606,-0.0959963
-1.2308606,-0.159994
-1.2306606,-0.191993
-1.2304606,-0.159994
-1.2302606,-0.159994
-1.2300606,-0.159994
-1.2298606,-0.159994
-1.2296606,-0.191993
-1.2294606,-0.159994
-1.2292606,-0.127995
-1.2290606,-0.159994
-1.2288606,-0.159994
-1.2286606,-0.159994
-1.2284606,-0.159994
-1.2282606,-0.159994
-1.2280606,-0.159994
-1.2278606,-0.159994
-1.2276606,-0.159994
-1.2274606,-0.159994
-1.2272606,-0.127995
-1.2270606,-0.159994
-1.2268606,-0.191993
-1.2266606,-0.159994
-1.2264606,-0.191993
-1.2262606,-0.191993
-1.2260606,-0.191993
-1.2258606,-0.25599
-1.2256606,-0.159994
-1.2254606,-0.159994
-1.2252606,-0.191993
-1.2250606,-0.191993
-1.2248606,-0.191993
-1.2246606,-0.25599
-1.2244606,-0.191993
-1.2242606,-0.159994
-1.2240606,-0.191993
-1.2238606,-0.223991
-1.2236606,-0.25599
-1.2234606,-0.191993
-1.2232606,-0.25599
-1.2230606,-0.223991
-1.2228606,-0.223991
-1.2226606,-0.191993
-1.2224606,-0.191993
-1.2222606,-0.191993
-1.2220606,-0.223991
-1.2218606,-0.191993
-1.2216606,-0.191993
-1.2214606,-0.223991
-1.2212606,-0.223991
-1.2210606,-0.223991
-1.2208606,-0.25599
-1.2206606,-0.191993
-1.2204606,-0.223991
-1.2202606,-0.25599
-1.2200606,-0.287989
-1.2198606,-0.25599
-1.2196606,-0.25599
-1.2194606,-0.25599
-1.2192606,-0.25599
-1.2190606,-0.223991
-1.2188606,-0.223991
-1.2186606,-0.287989
-1.2184606,-0.25599
-1.2182606,-0.223991
-1.2180606,-0.223991
-1.2178606,-0.25599
-1.2176606,-0.191993
-1.2174606,-0.25599
-1.2172606,-0.25599
-1.2170606,-0.25599
-1.2168606,-0.223991
-1.2166606,-0.287989
-1.2164606,-0.25599
-1.2162606,-0.287989
-1.2160606,-0.287989
-1.2158606,-0.223991
-1.2156606,-0.287989
-1.2154606,-0.25599
-1.2152606,-0.25599
-1.2150606,-0.25599
-1.2148606,-0.287989
-1.2146606,-0.25599
-1.2144606,-0.25599
-1.2142606,-0.287989
-1.2140606,-0.25599
-1.2138606,-0.287989
-1.2136606,-0.287989
-1.2134606,-0.287989
-1.2132606,-0.287989
-1.2130606,-0.287989
-1.2128606,-0.223991
-1.2126606,-0.319988
-1.2124606,-0.319988
-1.2122606,-0.287989
-1.2120606,-0.319988
-1.2118606,-0.319988
-1.2116606,-0.319988
-1.2114606,-0.319988
-1.2112606,-0.319988
-1.2110606,-0.319988
-1.2108606,-0.25599
-1.2106606,-0.287989
-1.2104606,-0.383985
-1.2102606,-0.319988
-1.2100606,-0.287989
-1.2098606,-0.319988
-1.2096606,-0.287989
-1.2094606,-0.351986
-1.2092606,-0.319988
-1.2090606,-0.319988
-1.2088606,-0.319988
-1.2086606,-0.351986
-1.2084606,-0.319988
-1.2082606,-0.319988
-1.2080606,-0.319988
-1.2078606,-0.319988
-1.2076606,-0.319988
-1.2074606,-0.319988
-1.2072606,-0.287989
-1.2070606,-0.351986
-1.2068606,-0.287989
-1.2066606,-0.319988
-1.2064606,-0.319988
-1.2062606,-0.319988
-1.2060606,-0.319988
-1.2058606,-0.319988
-1.2056606,-0.287989
-1.2054606,-0.351986
-1.2052606,-0.287989
-1.2050606,-0.351986
-1.2048606,-0.351986
-1.2046606,-0.319988
-1.2044606,-0.319988
-1.2042606,-0.319988
-1.2040606,-0.319988
-1.2038606,-0.351986
-1.2036606,-0.287989
-1.2034606,-0.287989
-1.2032606,-0.351986
-1.2030606,-0.319988
-1.2028606,-0.351986
-1.2026606,-0.319988
-1.2024606,-0.287989
-1.2022606,-0.383985
-1.2020606,-0.287989
-1.2018606,-0.319988
-1.2016606,-0.351986
-1.2014606,-0.319988
-1.2012606,-0.287989
-1.2010606,-0.351986
-1.2008606,-0.287989
-1.2006606,-0.351986
-1.2004606,-0.319988
-1.2002606,-0.319988
-1.2000606,-0.319988
-1.1998606,-0.319988
-1.1996606,-0.319988
-1.1994606,-0.287989
-1.1992606,-0.287989
-1.1990606,-0.319988
-1.1988606,-0.319988
-1.1986606,-0.351986
-1.1984606,-0.319988
-1.1982606,-0.287989
-1.1980606,-0.319988
-1.1978606,-0.287989
-1.1976606,-0.319988
-1.1974606,-0.351986
-1.1972606,-0.287989
-1.1970606,-0.319988
-1.1968606,-0.319988
-1.1966606,-0.25599
-1.1964606,-0.319988
-1.1962606,-0.287989
-1.1960606,-0.319988
-1.1958606,-0.25599
-1.1956606,-0.319988
-1.1954606,-0.287989
-1.1952606,-0.319988
-1.1950606,-0.319988
-1.1948606,-0.287989
-1.1946606,-0.25599
-1.1944606,-0.287989
-1.1942606,-0.319988
-1.1940606,-0.287989
-1.1938606,-0.351986
-1.1936606,-0.287989
-1.1934606,-0.287989
-1.1932606,-0.319988
-1.1930606,-0.287989
-1.1928606,-0.25599
-1.1926606,-0.319988
-1.1924606,-0.287989
-1.1922606,-0.25599
-1.1920606,-0.319988
-1.1918606,-0.287989
-1.1916606,-0.287989
-1.1914606,-0.287989
-1.1912606,-0.319988
-1.1910606,-0.25599
-1.1908606,-0.319988
-1.1906606,-0.287989
-1.1904606,-0.319988
-1.1902606,-0.287989
-1.1900606,-0.319988
-1.1898606,-0.287989
-1.1896606,-0.287989
-1.1894606,-0.319988
-1.1892606,-0.287989
-1.1890606,-0.287989
-1.1888606,-0.287989
-1.1886606,-0.287989
-1.1884606,-0.287989
-1.1882606,-0.287989
-1.1880606,-0.25599
-1.1878606,-0.319988
-1.1876606,-0.223991
-1.1874606,-0.287989
-1.1872606,-0.25599
-1.1870606,-0.287989
-1.1868606,-0.287989
-1.1866606,-0.287989
-1.1864606,-0.25599
-1.1862606,-0.319988
-1.1860606,-0.287989
-1.1858606,-0.25599
-1.1856606,-0.319988
-1.1854606,-0.287989
-1.1852606,-0.319988
-1.1850606,-0.319988
-1.1848606,-0.287989
-1.1846606,-0.319988
-1.1844606,-0.287989
-1.1842606,-0.287989
-1.1840606,-0.25599
-1.1838606,-0.319988
-1.1836606,-0.319988
-1.1834606,-0.287989
-1.1832606,-0.319988
-1.1830606,-0.287989
-1.1828606,-0.319988
-1.1826606,-0.25599
-1.1824606,-0.319988
-1.1822606,-0.287989
-1.1820606,-0.287989
-1.1818606,-0.319988
-1.1816606,-0.319988
-1.1814606,-0.287989
-1.1812606,-0.319988
-1.1810606,-0.319988
-1.1808606,-0.319988
-1.1806606,-0.319988
-1.1804606,-0.319988
-1.1802606,-0.319988
-1.1800606,-0.287989
-1.1798606,-0.287989
-1.1796606,-0.287989
-1.1794606,-0.319988
-1.1792606,-0.319988
-1.1790606,-0.287989
-1.1788606,-0.319988
-1.1786606,-0.287989
-1.1784606,-0.319988
-1.1782606,-0.319988
-1.1780606,-0.319988
-1.1778606,-0.319988
-1.1776606,-0.319988
-1.1774606,-0.287989
-1.1772606,-0.287989
-1.1770606,-0.319988
-1.1768606,-0.351986
-1.1766606,-0.319988
-1.1764606,-0.319988
-1.1762606,-0.351986
-1.1760606,-0.319988
-1.1758606,-0.319988
-1.1756606,-0.319988
-1.1754606,-0.319988
-1.1752606,-0.319988
-1.1750606,-0.351986
-1.1748606,-0.319988
-1.1746606,-0.319988
-1.1744606,-0.319988
-1.1742606,-0.319988
-1.1740606,-0.383985
-1.1738606,-0.383985
-1.1736606,-0.351986
-1.1734606,-0.351986
-1.1732606,-0.351986
-1.1730606,-0.351986
-1.1728606,-0.351986
-1.1726606,-0.351986
-1.1724606,-0.351986
-1.1722606,-0.351986
-1.1720606,-0.383985
-1.1718606,-0.383985
-1.1716606,-0.351986
-1.1714606,-0.351986
-1.1712606,-0.351986
-1.1710606,-0.383985
-1.1708606,-0.351986
-1.1706606,-0.319988
-1.1704606,-0.319988
-1.1702606,-0.383985
-1.1700606,-0.383985
-1.1698606,-0.415984
-1.1696606,-0.383985
-1.1694606,-0.351986
-1.1692606,-0.415984
-1.1690606,-0.383985
-1.1688606,-0.383985
-1.1686606,-0.351986
-1.1684606,-0.351986
-1.1682606,-0.351986
-1.1680606,-0.383985
-1.1678606,-0.351986
-1.1676606,-0.383985
-1.1674606,-0.383985
-1.1672606,-0.415984
-1.1670606,-0.351986
-1.1668606,-0.415984
-1.1666606,-0.383985
-1.1664606,-0.351986
-1.1662606,-0.415984
-1.1660606,-0.383985
-1.1658606,-0.351986
-1.1656606,-0.383985
-1.1654606,-0.351986
-1.1652606,-0.351986
-1.1650606,-0.383985
-1.1648606,-0.383985
-1.1646606,-0.351986
-1.1644606,-0.383985
-1.1642606,-0.383985
-1.1640606,-0.351986
-1.1638606,-0.383985
-1.1636606,-0.351986
-1.1634606,-0.351986
-1.1632606,-0.383985
-1.1630606,-0.383985
-1.1628606,-0.351986
-1.1626606,-0.383985
-1.1624606,-0.383985
-1.1622606,-0.383985
-1.1620606,-0.383985
-1.1618606,-0.383985
-1.1616606,-0.383985
-1.1614606,-0.383985
-1.1612606,-0.383985
-1.1610606,-0.383985
-1.1608606,-0.383985
-1.1606606,-0.383985
-1.1604606,-0.383985
-1.1602606,-0.383985
-1.1600606,-0.415984
-1.1598606,-0.351986
-1.1596606,-0.415984
-1.1594606,-0.415984
-1.1592606,-0.383985
-1.1590606,-0.383985
-1.1588606,-0.383985
-1.1586606,-0.383985
-1.1584606,-0.383985
-1.1582606,-0.351986
-1.1580606,-0.415984
-1.1578606,-0.351986
-1.1576606,-0.351986
-1.1574606,-0.351986
-1.1572606,-0.351986
-1.1570606,-0.415984
-1.1568606,-0.351986
-1.1566606,-0.383985
-1.1564606,-0.383985
-1.1562606,-0.319988
-1.1560606,-0.351986
-1.1558606,-0.319988
-1.1556606,-0.383985
-1.1554606,-0.383985
-1.1552606,-0.351986
-1.1550606,-0.351986
-1.1548606,-0.351986
-1.1546606,-0.351986
-1.1544606,-0.351986
-1.1542606,-0.383985
-1.1540606,-0.351986
-1.1538606,-0.351986
-1.1536606,-0.319988
-1.1534606,-0.319988
-1.1532606,-0.351986
-1.1530606,-0.351986
-1.1528606,-0.351986
-1.1526606,-0.383985
-1.1524606,-0.383985
-1.1522606,-0.351986
-1.1520606,-0.319988
-1.1518606,-0.351986
-1.1516606,-0.351986
-1.1514606,-0.351986
-1.1512606,-0.351986
-1.1510606,-0.383985
-1.1508606,-0.319988
-1.1506606,-0.319988
-1.1504606,-0.351986
-1.1502606,-0.319988
-1.1500606,-0.319988
-1.1498606,-0.351986
-1.1496606,-0.319988
-1.1494606,-0.351986
-1.1492606,-0.351986
-1.1490606,-0.319988
-1.1488606,-0.351986
-1.1486606,-0.351986
-1.1484606,-0.319988
-1.1482606,-0.319988
-1.1480606,-0.319988
-1.1478606,-0.319988
-1.1476606,-0.319988
-1.1474606,-0.319988
-1.1472606,-0.287989
-1.1470606,-0.383985
-1.1468606,-0.319988
-1.1466606,-0.287989
-1.1464606,-0.319988
-1.1462606,-0.319988
-1.1460606,-0.319988
-1.1458606,-0.319988
-1.1456606,-0.319988
-1.1454606,-0.319988
-1.1452606,-0.319988
-1.1450606,-0.319988
-1.1448606,-0.319988
-1.1446606,-0.319988
-1.1444606,-0.287989
-1.1442606,-0.287989
-1.1440606,-0.287989
-1.1438606,-0.287989
-1.1436606,-0.25599
-1.1434606,-0.319988
-1.1432606,-0.287989
-1.1430606,-0.287989
-1.1428606,-0.25599
-1.1426606,-0.319988
-1.1424606,-0.287989
-1.1422606,-0.287989
-1.1420606,-0.319988
-1.1418606,-0.287989
-1.1416606,-0.319988
-1.1414606,-0.287989
-1.1412606,-0.287989
-1.1410606,-0.287989
-1.1408606,-0.319988
-1.1406606,-0.287989
-1.1404606,-0.25599
-1.1402606,-0.25599
-1.1400606,-0.25599
-1.1398606,-0.287989
-1.1396606,-0.25599
-1.1394606,-0.287989
-1.1392606,-0.25599
-1.1390606,-0.25599
-1.1388606,-0.25599
-1.1386606,-0.25599
-1.1384606,-0.25599
-1.1382606,-0.319988
-1.1380606,-0.287989
-1.1378606,-0.223991
-1.1376606,-0.287989
-1.1374606,-0.25599
-1.1372606,-0.287989
-1.1370606,-0.287989
-1.1368606,-0.25599
-1.1366606,-0.287989
-1.1364606,-0.25599
-1.1362606,-0.287989
-1.1360606,-0.223991
-1.1358606,-0.25599
-1.1356606,-0.287989
-1.1354606,-0.223991
-1.1352606,-0.25599
-1.1350606,-0.25599
-1.1348606,-0.223991
-1.1346606,-0.287989
-1.1344606,-0.25599
-1.1342606,-0.191993
-1.1340606,-0.287989
-1.1338606,-0.223991
-1.1336606,-0.223991
-1.1334606,-0.25599
-1.1332606,-0.287989
-1.1330606,-0.287989
-1.1328606,-0.223991
-1.1326606,-0.25599
-1.1324606,-0.223991
-1.1322606,-0.25599
-1.1320606,-0.223991
-1.1318606,-0.223991
-1.1316606,-0.25599
-1.1314606,-0.25599
-1.1312606,-0.191993
-1.1310606,-0.25599
-1.1308606,-0.25599
-1.1306606,-0.223991
-1.1304606,-0.223991
-1.1302606,-0.25599
-1.1300606,-0.191993
-1.1298606,-0.25599
-1.1296606,-0.223991
-1.1294606,-0.191993
-1.1292606,-0.25599
-1.1290606,-0.25599
-1.1288606,-0.25599
-1.1286606,-0.223991
-1.1284606,-0.223991
-1.1282606,-0.223991
-1.1280606,-0.223991
-1.1278606,-0.25599
-1.1276606,-0.223991
-1.1274606,-0.223991
-1.1272606,-0.223991
-1.1270606,-0.223991
-1.1268606,-0.223991
-1.1266606,-0.25599
-1.1264606,-0.223991
-1.1262606,-0.223991
-1.1260606,-0.223991
-1.1258606,-0.191993
-1.1256606,-0.25599
-1.1254606,-0.223991
-1.1252606,-0.191993
-1.1250606,-0.223991
-1.1248606,-0.287989
-1.1246606,-0.223991
-1.1244606,-0.223991
-1.1242606,-0.25599
-1.1240606,-0.25599
-1.1238606,-0.223991
-1.1236606,-0.223991
-1.1234606,-0.223991
-1.1232606,-0.223991
-1.1230606,-0.223991
-1.1228606,-0.191993
-1.1226606,-0.223991
-1.1224606,-0.223991
-1.1222606,-0.223991
-1.1220606,-0.25599
-1.1218606,-0.223991
-1.1216606,-0.223991
-1.1214606,-0.223991
-1.1212606,-0.25599
-1.1210606,-0.223991
-1.1208606,-0.223991
-1.1206606,-0.223991
-1.1204606,-0.191993
-1.1202606,-0.191993
-1.1200606,-0.223991
-1.1198606,-0.191993
-1.1196606,-0.223991
-1.1194606,-0.25599
-1.1192606,-0.159994
-1.1190606,-0.223991
-1.1188606,-0.191993
-1.1186606,-0.223991
-1.1184606,-0.191993
-1.1182606,-0.159994
-1.1180606,-0.159994
-1.1178606,-0.223991
-1.1176606,-0.25599
-1.1174606,-0.159994
-1.1172606,-0.223991
-1.1170606,-0.25599
-1.1168606,-0.127995
-1.1166606,-0.223991
-1.1164606,-0.223991
-1.1162606,-0.223991
-1.1160606,-0.191993
-1.1158606,-0.25599
-1.1156606,-0.25599
-1.1154606,-0.223991
-1.1152606,-0.25599
-1.1150606,-0.191993
-1.1148606,-0.159994
-1.1146606,-0.191993
-1.1144606,-0.223991
-1.1142606,-0.223991
-1.1140606,-0.191993
-1.1138606,-0.191993
-1.1136606,-0.223991
-1.1134606,-0.223991
-1.1132606,-0.159994
-1.1130606,-0.223991
-1.1128606,-0.25599
-1.1126606,-0.191993
-1.1124606,-0.191993
-1.1122606,-0.25599
-1.1120606,-0.191993
-1.1118606,-0.191993
-1.1116606,-0.223991
-1.1114606,-0.191993
-1.1112606,-0.191993
-1.1110606,-0.223991
-1.1108606,-0.191993
-1.1106606,-0.223991
-1.1104606,-0.25599
-1.1102606,-0.191993
-1.1100606,-0.191993
-1.1098606,-0.223991
-1.1096606,-0.25599
-1.1094606,-0.191993
-1.1092606,-0.223991
-1.1090606,-0.223991
-1.1088606,-0.223991
-1.1086606,-0.25599
-1.1084606,-0.223991
-1.1082606,-0.191993
-1.1080606,-0.191993
-1.1078606,-0.191993
-1.1076606,-0.25599
-1.1074606,-0.191993
-1.1072606,-0.191993
-1.1070606,-0.223991
-1.1068606,-0.223991
-1.1066606,-0.191993
-1.1064606,-0.223991
-1.1062606,-0.25599
-1.1060606,-0.223991
-1.1058606,-0.223991
-1.1056606,-0.223991
-1.1054606,-0.223991
-1.1052606,-0.223991
-1.1050606,-0.191993
-1.1048606,-0.191993
-1.1046606,-0.25599
-1.1044606,-0.223991
-1.1042606,-0.191993
-1.1040606,-0.223991
-1.1038606,-0.159994
-1.1036606,-0.159994
-1.1034606,-0.191993
-1.1032606,-0.223991
-1.1030606,-0.25599
-1.1028606,-0.223991
-1.1026606,-0.25599
-1.1024606,-0.223991
-1.1022606,-0.191993
-1.1020606,-0.223991
-1.1018606,-0.191993
-1.1016606,-0.223991
-1.1014606,-0.191993
-1.1012606,-0.191993
-1.1010606,-0.223991
-1.1008606,-0.25599
-1.1006606,-0.191993
-1.1004606,-0.191993
-1.1002606,-0.191993
-1.1000606,-0.159994
-1.0998606,-0.25599
-1.0996606,-0.223991
-1.0994606,-0.191993
-1.0992606,-0.223991
-1.0990606,-0.25599
-1.0988606,-0.223991
-1.0986606,-0.191993
-1.0984606,-0.191993
-1.0982606,-0.159994
-1.0980606,-0.191993
-1.0978606,-0.223991
-1.0976606,-0.191993
-1.0974606,-0.223991
-1.0972606,-0.191993
-1.0970606,-0.127995
-1.0968606,-0.223991
-1.0966606,-0.191993
-1.0964606,-0.191993
-1.0962606,-0.191993
-1.0960606,-0.223991
-1.0958606,-0.159994
-1.0956606,-0.223991
-1.0954606,-0.223991
-1.0952606,-0.159994
-1.0950606,-0.223991
-1.0948606,-0.223991
-1.0946606,-0.159994
-1.0944606,-0.223991
-1.0942606,-0.159994
-1.0940606,-0.159994
-1.0938606,-0.191993
-1.0936606,-0.159994
-1.0934606,-0.159994
-1.0932606,-0.159994
-1.0930606,-0.191993
-1.0928606,-0.191993
-1.0926606,-0.127995
-1.0924606,-0.159994
-1.0922606,-0.191993
-1.0920606,-0.159994
-1.0918606,-0.191993
-1.0916606,-0.127995
-1.0914606,-0.223991
-1.0912606,-0.159994
-1.0910606,-0.159994
-1.0908606,-0.159994
-1.0906606,-0.159994
-1.0904606,-0.159994
-1.0902606,-0.191993
-1.0900606,-0.159994
-1.0898606,-0.159994
-1.0896606,-0.191993
-1.0894606,-0.159994
-1.0892606,-0.191993
-1.0890606,-0.191993
-1.0888606,-0.159994
-1.0886606,-0.159994
-1.0884606,-0.191993
-1.0882606,-0.223991
-1.0880606,-0.159994
-1.0878606,-0.223991
-1.0876606,-0.191993
-1.0874606,-0.223991
-1.0872606,-0.191993
-1.0870606,-0.223991
-1.0868606,-0.25599
-1.0866606,-0.191993
-1.0864606,-0.159994
-1.0862606,-0.191993
-1.0860606,-0.191993
-1.0858606,-0.191993
-1.0856606,-0.159994
-1.0854606,-0.223991
-1.0852606,-0.191993
-1.0850606,-0.191993
-1.0848606,-0.191993
-1.0846606,-0.223991
-1.0844606,-0.159994
-1.0842606,-0.223991
-1.0840606,-0.191993
-1.0838606,-0.159994
-1.0836606,-0.191993
-1.0834606,-0.159994
-1.0832606,-0.191993
-1.0830606,-0.191993
-1.0828606,-0.223991
-1.0826606,-0.191993
-1.0824606,-0.223991
-1.0822606,-0.159994
-1.0820606,-0.159994
-1.0818606,-0.223991
-1.0816606,-0.191993
-1.0814606,-0.191993
-1.0812606,-0.25599
-1.0810606,-0.191993
-1.0808606,-0.127995
-1.0806606,-0.191993
-1.0804606,-0.159994
-1.0802606,-0.191993
-1.0800606,-0.223991
-1.0798606,-0.191993
-1.0796606,-0.223991
-1.0794606,-0.223991
-1.0792606,-0.191993
-1.0790606,-0.223991
-1.0788606,-0.223991
-1.0786606,-0.25599
-1.0784606,-0.191993
-1.0782606,-0.191993
-1.0780606,-0.223991
-1.0778606,-0.159994
-1.0776606,-0.223991
-1.0774606,-0.191993
-1.0772606,-0.191993
-1.0770606,-0.223991
-1.0768606,-0.191993
-1.0766606,-0.223991
-1.0764606,-0.191993
-1.0762606,-0.223991
-1.0760606,-0.191993
-1.0758606,-0.223991
-1.0756606,-0.223991
-1.0754606,-0.223991
-1.0752606,-0.223991
-1.0750606,-0.223991
-1.0748606,-0.191993
-1.0746606,-0.25599
-1.0744606,-0.223991
-1.0742606,-0.223991
-1.0740606,-0.25599
-1.0738606,-0.223991
-1.0736606,-0.191993
-1.0734606,-0.223991
-1.0732606,-0.25599
-1.0730606,-0.191993
-1.0728606,-0.223991
-1.0726606,-0.25599
-1.0724606,-0.25599
-1.0722606,-0.287989
-1.0720606,-0.25599
-1.0718606,-0.25599
-1.0716606,-0.25599
-1.0714606,-0.25599
-1.0712606,-0.223991
-1.0710606,-0.223991
-1.0708606,-0.25599
-1.0706606,-0.287989
-1.0704606,-0.191993
-1.0702606,-0.223991
-1.0700606,-0.287989
-1.0698606,-0.25599
-1.0696606,-0.25599
-1.0694606,-0.223991
-1.0692606,-0.25599
-1.0690606,-0.287989
-1.0688606,-0.25599
-1.0686606,-0.223991
-1.0684606,-0.25599
-1.0682606,-0.25599
-1.0680606,-0.287989
-1.0678606,-0.25599
-1.0676606,-0.223991
-1.0674606,-0.25599
-1.0672606,-0.25599
-1.0670606,-0.25599
-1.0668606,-0.287989
-1.0666606,-0.287989
-1.0664606,-0.319988
-1.0662606,-0.287989
-1.0660606,-0.287989
-1.0658606,-0.319988
-1.0656606,-0.287989
-1.0654606,-0.287989
-1.0652606,-0.287989
-1.0650606,-0.287989
-1.0648606,-0.287989
-1.0646606,-0.287989
-1.0644606,-0.287989
-1.0642606,-0.287989
-1.0640606,-0.287989
-1.0638606,-0.287989
-1.0636606,-0.319988
-1.0634606,-0.287989
-1.0632606,-0.319988
-1.0630606,-0.319988
-1.0628606,-0.287989
-1.0626606,-0.319988
-1.0624606,-0.25599
-1.0622606,-0.319988
-1.0620606,-0.287989
-1.0618606,-0.383985
-1.0616606,-0.319988
-1.0614606,-0.351986
-1.0612606,-0.319988
-1.0610606,-0.319988
-1.0608606,-0.319988
-1.0606606,-0.319988
-1.0604606,-0.287989
-1.0602606,-0.287989
-1.0600606,-0.287989
-1.0598606,-0.351986
-1.0596606,-0.287989
-1.0594606,-0.319988
-1.0592606,-0.351986
-1.0590606,-0.287989
-1.0588606,-0.351986
-1.0586606,-0.287989
-1.0584606,-0.351986
-1.0582606,-0.287989
-1.0580606,-0.319988
-1.0578606,-0.319988
-1.0576606,-0.351986
-1.0574606,-0.351986
-1.0572606,-0.319988
-1.0570606,-0.319988
-1.0568606,-0.319988
-1.0566606,-0.319988
-1.0564606,-0.319988
-1.0562606,-0.351986
-1.0560606,-0.351986
-1.0558606,-0.383985
-1.0556606,-0.319988
-1.0554606,-0.319988
-1.0552606,-0.287989
-1.0550606,-0.319988
-1.0548606,-0.351986
-1.0546606,-0.319988
-1.0544606,-0.319988
-1.0542606,-0.287989
-1.0540606,-0.319988
-1.0538606,-0.351986
-1.0536606,-0.287989
-1.0534606,-0.351986
-1.0532606,-0.319988
-1.0530606,-0.319988
-1.0528606,-0.287989
-1.0526606,-0.319988
-1.0524606,-0.319988
-1.0522606,-0.383985
-1.0520606,-0.287989
-1.0518606,-0.319988
-1.0516606,-0.319988
-1.0514606,-0.351986
-1.0512606,-0.351986
-1.0510606,-0.383985
-1.0508606,-0.25599
-1.0506606,-0.319988
-1.0504606,-0.319988
-1.0502606,-0.319988
-1.0500606,-0.351986
-1.0498606,-0.351986
-1.0496606,-0.351986
-1.0494606,-0.351986
-1.0492606,-0.319988
-1.0490606,-0.319988
-1.0488606,-0.287989
-1.0486606,-0.351986
-1.0484606,-0.383985
-1.0482606,-0.319988
-1.0480606,-0.351986
-1.0478606,-0.319988
-1.0476606,-0.287989
-1.0474606,-0.319988
-1.0472606,-0.319988
-1.0470606,-0.351986
-1.0468606,-0.319988
-1.0466606,-0.287989
-1.0464606,-0.287989
-1.0462606,-0.25599
-1.0460606,-0.383985
-1.0458606,-0.351986
-1.0456606,-0.319988
-1.0454606,-0.319988
-1.0452606,-0.319988
-1.0450606,-0.319988
-1.0448606,-0.319988
-1.0446606,-0.287989
-1.0444606,-0.319988
-1.0442606,-0.319988
-1.0440606,-0.319988
-1.0438606,-0.319988
-1.0436606,-0.287989
-1.0434606,-0.319988
-1.0432606,-0.351986
-1.0430606,-0.319988
-1.0428606,-0.319988
-1.0426606,-0.351986
-1.0424606,-0.319988
-1.0422606,-0.287989
-1.0420606,-0.319988
-1.0418606,-0.287989
-1.0416606,-0.287989
-1.0414606,-0.351986
-1.0412606,-0.319988
-1.0410606,-0.287989
-1.0408606,-0.25599
-1.0406606,-0.319988
-1.0404606,-0.351986
-1.0402606,-0.319988
-1.0400606,-0.287989
-1.0398606,-0.287989
-1.0396606,-0.351986
-1.0394606,-0.25599
-1.0392606,-0.319988
-1.0390606,-0.351986
-1.0388606,-0.319988
-1.0386606,-0.287989
-1.0384606,-0.319988
-1.0382606,-0.351986
-1.0380606,-0.319988
-1.0378606,-0.351986
-1.0376606,-0.351986
-1.0374606,-0.287989
-1.0372606,-0.351986
-1.0370606,-0.351986
-1.0368606,-0.319988
-1.0366606,-0.351986
-1.0364606,-0.351986
-1.0362606,-0.287989
-1.0360606,-0.25599
-1.0358606,-0.287989
-1.0356606,-0.319988
-1.0354606,-0.319988
-1.0352606,-0.319988
-1.0350606,-0.351986
-1.0348606,-0.351986
-1.0346606,-0.383985
-1.0344606,-0.319988
-1.0342606,-0.319988
-1.0340606,-0.351986
-1.0338606,-0.351986
-1.0336606,-0.351986
-1.0334606,-0.351986
-1.0332606,-0.319988
-1.0330606,-0.351986
-1.0328606,-0.351986
-1.0326606,-0.351986
-1.0324606,-0.383985
-1.0322606,-0.351986
-1.0320606,-0.351986
-1.0318606,-0.351986
-1.0316606,-0.351986
-1.0314606,-0.383985
-1.0312606,-0.351986
-1.0310606,-0.383985
-1.0308606,-0.319988
-1.0306606,-0.351986
-1.0304606,-0.351986
-1.0302606,-0.383985
-1.0300606,-0.383985
-1.0298606,-0.351986
-1.0296606,-0.319988
-1.0294606,-0.319988
-1.0292606,-0.319988
-1.0290606,-0.351986
-1.0288606,-0.351986
-1.0286606,-0.351986
-1.0284606,-0.319988
-1.0282606,-0.351986
-1.0280606,-0.351986
-1.0278606,-0.319988
-1.0276606,-0.319988
-1.0274606,-0.287989
-1.0272606,-0.319988
-1.0270606,-0.351986
-1.0268606,-0.319988
-1.0266606,-0.319988
-1.0264606,-0.351986
-1.0262606,-0.287989
-1.0260606,-0.319988
-1.0258606,-0.287989
-1.0256606,-0.351986
-1.0254606,-0.319988
-1.0252606,-0.319988
-1.0250606,-0.287989
-1.0248606,-0.319988
-1.0246606,-0.287989
-1.0244606,-0.287989
-1.0242606,-0.319988
-1.0240606,-0.319988
-1.0238606,-0.287989
-1.0236606,-0.287989
-1.0234606,-0.287989
-1.0232606,-0.319988
-1.0230606,-0.287989
-1.0228606,-0.287989
-1.0226606,-0.319988
-1.0224606,-0.287989
-1.0222606,-0.287989
-1.0220606,-0.287989
-1.0218606,-0.287989
-1.0216606,-0.319988
-1.0214606,-0.25599
-1.0212606,-0.319988
-1.0210606,-0.287989
-1.0208606,-0.191993
-1.0206606,-0.319988
-1.0204606,-0.319988
-1.0202606,-0.287989
-1.0200606,-0.319988
-1.0198606,-0.287989
-1.0196606,-0.25599
-1.0194606,-0.287989
-1.0192606,-0.287989
-1.0190606,-0.223991
-1.0188606,-0.25599
-1.0186606,-0.287989
-1.0184606,-0.25599
-1.0182606,-0.25599
-1.0180606,-0.25599
-1.0178606,-0.287989
-1.0176606,-0.287989
-1.0174606,-0.25599
-1.0172606,-0.287989
-1.0170606,-0.287989
-1.0168606,-0.287989
-1.0166606,-0.223991
-1.0164606,-0.25599
-1.0162606,-0.25599
-1.0160606,-0.223991
-1.0158606,-0.223991
-1.0156606,-0.25599
-1.0154606,-0.223991
-1.0152606,-0.25599
-1.0150606,-0.223991
-1.0148606,-0.191993
-1.0146606,-0.223991
-1.0144606,-0.287989
-1.0142606,-0.191993
-1.0140606,-0.25599
-1.0138606,-0.25599
-1.0136606,-0.223991
-1.0134606,-0.287989
-1.0132606,-0.25599
-1.0130606,-0.191993
-1.0128606,-0.25599
-1.0126606,-0.223991
-1.0124606,-0.223991
-1.0122606,-0.25599
-1.0120606,-0.223991
-1.0118606,-0.25599
-1.0116606,-0.25599
-1.0114606,-0.223991
-1.0112606,-0.25599
-1.0110606,-0.223991
-1.0108606,-0.25599
-1.0106606,-0.223991
-1.0104606,-0.25599
-1.0102606,-0.25599
-1.0100606,-0.25599
-1.0098606,-0.25599
-1.0096606,-0.191993
-1.0094606,-0.223991
-1.0092606,-0.223991
-1.0090606,-0.223991
-1.0088606,-0.191993
-1.0086606,-0.191993
-1.0084606,-0.223991
-1.0082606,-0.223991
-1.0080606,-0.25599
-1.0078606,-0.25599
-1.0076606,-0.191993
-1.0074606,-0.191993
-1.0072606,-0.223991
-1.0070606,-0.159994
-1.0068606,-0.223991
-1.0066606,-0.191993
-1.0064606,-0.191993
-1.0062606,-0.223991
-1.0060606,-0.191993
-1.0058606,-0.159994
-1.0056606,-0.191993
-1.0054606,-0.223991
-1.0052606,-0.159994
-1.0050606,-0.191993
-1.0048606,-0.159994
-1.0046606,-0.159994
-1.0044606,-0.159994
-1.0042606,-0.223991
-1.0040606,-0.159994
-1.0038606,-0.159994
-1.0036606,-0.159994
-1.0034606,-0.159994
-1.0032606,-0.191993
-1.0030606,-0.159994
-1.0028606,-0.159994
-1.0026606,-0.191993
-1.0024606,-0.159994
-1.0022606,-0.159994
-1.0020606,-0.191993
-1.0018606,-0.191993
-1.0016606,-0.127995
-1.0014606,-0.159994
-1.0012606,-0.191993
-1.0010606,-0.0959963
-1.0008606,-0.159994
-1.0006606,-0.127995
-1.0004606,-0.159994
-1.0002606,-0.159994
-1.0000606,-0.127995
-0.99986065,-0.159994
-0.99966065,-0.191993
-0.99946065,-0.127995
-0.99926065,-0.0959963
-0.99906065,-0.127995
-0.99886065,-0.127995
-0.99866065,-0.127995
-0.99846065,-0.159994
-0.99826065,-0.127995
-0.99806065,-0.0959963
-0.99786065,-0.127995
-0.99766065,-0.127995
-0.99746065,-0.0959963
-0.99726065,-0.159994
-0.99706065,-0.127995
-0.99686065,-0.0959963
-0.99666065,-0.127995
-0.99646065,-0.127995
-0.99626065,-0.127995
-0.99606065,-0.127995
-0.99586065,-0.127995
-0.99566065,-0.0959963
-0.99546065,-0.127995
-0.99526065,-0.127995
-0.99506065,-0.127995
-0.99486065,-0.127995
-0.99466065,-0.127995
-0.99446065,-0.127995
-0.99426065,-0.0959963
-0.99406065,-0.127995
-0.99386065,-0.0639975
-0.99366065,-0.0959963
-0.99346065,-0.127995
-0.99326065,-0.0959963
-0.99306065,-0.127995
-0.99286065,-0.0639975
-0.99266065,-0.0639975
-0.99246065,-0.127995
-0.99226065,-0.0959963
-0.99206065,-0.127995
-0.99186065,-0.0959963
-0.99166065,-0.0639975
-0.99146065,-0.0639975
-0.99126065,-0.0959963
-0.99106065,-0.0319988
-0.99086065,-0.0319988
-0.99066065,-0.0959963
-0.99046065,-0.0639975
-0.99026065,-0.0319988
-0.99006065,-0.0639975
-0.98986065,-0.0319988
-0.98966065,-0.0639975
-0.98946065,-0.0639975
-0.98926065,-0.0639975
-0.98906065,-0.0639975
-0.98886065,-0.0959963
-0.98866065,-0.0959963
-0.98846065,-0.0639975
-0.98826065,-0.0639975
-0.98806065,-0.0319988
-0.98786065,-0.0639975
-0.98766065,-0.0319988
-0.98746065,-0.0639975
-0.98726065,-0.0319988
-0.98706065,-0.0319988
-0.98686065,-0.0639975
-0.98666065,-0.0639975
-0.98646065,-0.0959963
-0.98626065,-0.0639975
-0.98606065,-0.0319988
-0.98586065,-0.0319988
-0.98566065,-0.0319988
-0.98546065,0
-0.98526065,-0.0319988
-0.98506065,-0.0319988
-0.98486065,-0.0319988
-0.98466065,-0.0959963
-0.98446065,-0.0639975
-0.98426065,-0.0319988
-0.98406065,-0.0639975
-0.98386065,0.0319988
-0.98366065,-0.0319988
-0.98346065,-0.0319988
-0.98326065,-0.0639975
-0.98306065,-0.0319988
-0.98286065,-0.0639975
-0.98266065,-0.0319988
-0.98246065,-0.0319988
-0.98226065,-0.0319988
-0.98206065,0
-0.98186065,0
-0.98166065,-0.0639975
-0.98146065,-0.0319988
-0.98126065,0
-0.98106065,-0.0639975
-0.98086065,0
-0.98066065,0
-0.98046065,-0.0319988
-0.98026065,-0.0319988
-0.98006065,0
-0.97986065,-0.0319988
-0.97966065,0
-0.97946065,0
-0.97926065,-0.0319988
-0.97906065,-0.0319988
-0.97886065,0
-0.97866065,-0.0319988
-0.97846065,0
-0.97826065,0
-0.97806065,0
-0.97786065,-0.0319988
-0.97766065,-0.0319988
-0.97746065,0
-0.97726065,0
-0.97706065,0
-0.97686065,-0.0319988
-0.97666065,0.0319988
-0.97646065,0
-0.97626065,-0.0319988
-0.97606065,0.0319988
-0.97586065,-0.0319988
-0.97566065,0
-0.97546065,0
-0.97526065,0.0319988
-0.97506065,-0.0319988
-0.97486065,-0.0319988
-0.97466065,0
-0.97446065,-0.0319988
-0.97426065,0.0319988
-0.97406065,0
-0.97386065,-0.0319988
-0.97366065,-0.0639975
-0.97346065,0
-0.97326065,-0.0639975
-0.97306065,0
-0.97286065,0
-0.97266065,-0.0319988
-0.97246065,0.0319988
-0.97226065,0
-0.97206065,-0.0319988
-0.97186065,0
-0.97166065,0
-0.97146065,0
-0.97126065,-0.0319988
-0.97106065,0
-0.97086065,0
-0.97066065,0
-0.97046065,0
-0.97026065,-0.0319988
-0.97006065,-0.0319988
-0.96986065,0
-0.96966065,-0.0319988
-0.96946065,0
-0.96926065,0
-0.96906065,-0.0319988
-0.96886065,-0.0319988
-0.96866065,0
-0.96846065,-0.0639975
-0.96826065,0.0319988
-0.96806065,0
-0.96786065,-0.0639975
-0.96766065,-0.0319988
-0.96746065,0
-0.96726065,-0.0319988
-0.96706065,-0.0319988
-0.96686065,-0.0319988
-0.96666065,0
-0.96646065,0
-0.96626065,-0.0319988
-0.96606065,0.0319988
-0.96586065,-0.0319988
-0.96566065,0
-0.96546065,-0.0319988
-0.96526065,0
-0.96506065,-0.0639975
-0.96486065,-0.0319988
-0.96466065,0
-0.96446065,0
-0.96426065,-0.0639975
-0.96406065,-0.0319988
-0.96386065,0.0319988
-0.96366065,-0.0319988
-0.96346065,-0.0639975
-0.96326065,-0.0319988
-0.96306065,-0.0319988
-0.96286065,-0.0639975
-0.96266065,0
-0.96246065,-0.0319988
-0.96226065,-0.0319988
-0.96206065,-0.0319988
-0.96186065,-0.0639975
-0.96166065,-0.0319988
-0.96146065,-0.0319988
-0.96126065,-0.0639975
-0.96106065,-0.0639975
-0.96086065,-0.0319988
-0.96066065,-0.0639975
-0.96046065,-0.0639975
-0.96026065,-0.0319988
-0.96006065,-0.0639975
-0.95986065,-0.0319988
-0.95966065,-0.0319988
-0.95946065,-0.0319988
-0.95926065,-0.0319988
-0.95906065,-0.0639975
-0.95886065,0
-0.95866065,-0.0319988
-0.95846065,-0.0319988
-0.95826065,-0.0959963
-0.95806065,-0.0639975
-0.95786065,-0.0639975
-0.95766065,-0.0639975
-0.95746065,-0.0319988
-0.95726065,0
-0.95706065,-0.0319988
-0.95686065,-0.0639975
-0.95666065,-0.0959963
-0.95646065,-0.0639975
-0.95626065,-0.0959963
-0.95606065,-0.0959963
-0.95586065,-0.0959963
-0.95566065,-0.0639975
-0.95546065,-0.0319988
-0.95526065,-0.0959963
-0.95506065,-0.0639975
-0.95486065,-0.0639975
-0.95466065,-0.0959963
-0.95446065,-0.0959963
-0.95426065,-0.0959963
-0.95406065,-0.0959963
-0.95386065,-0.0639975
-0.95366065,-0.0959963
-0.95346065,-0.0959963
-0.95326065,-0.0639975
-0.95306065,-0.0639975
-0.95286065,-0.0959963
-0.95266065,-0.0639975
-0.95246065,-0.0639975
-0.95226065,-0.127995
-0.95206065,-0.0959963
-0.95186065,-0.0639975
-0.95166065,-0.127995
-0.95146065,-0.127995
-0.95126065,-0.0639975
-0.95106065,-0.127995
-0.95086065,-0.0959963
-0.95066065,-0.0959963
-0.95046065,-0.127995
-0.95026065,-0.127995
-0.95006065,-0.127995
-0.94986065,-0.0959963
-0.94966065,-0.127995
-0.94946065,-0.0959963
-0.94926065,-0.191993
-0.94906065,-0.0959963
-0.94886065,-0.0959963
-0.94866065,-0.159994
-0.94846065,-0.127995
-0.94826065,-0.127995
-0.94806065,-0.159994
-0.94786065,-0.127995
-0.94766065,-0.0959963
-0.94746065,-0.0959963
-0.94726065,-0.127995
-0.94706065,-0.127995
-0.94686065,-0.159994
-0.94666065,-0.127995
-0.94646065,-0.127995
-0.94626065,-0.159994
-0.94606065,-0.159994
-0.94586065,-0.127995
-0.94566065,-0.191993
-0.94546065,-0.159994
-0.94526065,-0.159994
-0.94506065,-0.159994
-0.94486065,-0.127995
-0.94466065,-0.159994
-0.94446065,-0.191993
-0.94426065,-0.127995
-0.94406065,-0.159994
-0.94386065,-0.127995
-0.94366065,-0.127995
-0.94346065,-0.127995
-0.94326065,-0.159994
-0.94306065,-0.191993
-0.94286065,-0.127995
-0.94266065,-0.191993
-0.94246065,-0.127995
-0.94226065,-0.127995
-0.94206065,-0.127995
-0.94186065,-0.127995
-0.94166065,-0.159994
-0.94146065,-0.191993
-0.94126065,-0.159994
-0.94106065,-0.159994
-0.94086065,-0.191993
-0.94066065,-0.191993
-0.94046065,-0.159994
-0.94026065,-0.159994
-0.94006065,-0.191993
-0.93986065,-0.127995
-0.93966065,-0.127995
-0.93946065,-0.159994
-0.93926065,-0.159994
-0.93906065,-0.159994
-0.93886065,-0.159994
-0.93866065,-0.159994
-0.93846065,-0.223991
-0.93826065,-0.159994
-0.93806065,-0.191993
-0.93786065,-0.191993
-0.93766065,-0.159994
-0.93746065,-0.159994
-0.93726065,-0.191993
-0.93706065,-0.159994
-0.93686065,-0.127995
-0.93666065,-0.191993
-0.93646065,-0.159994
-0.93626065,-0.127995
-0.93606065,-0.127995
-0.93586065,-0.191993
-0.93566065,-0.159994
-0.93546065,-0.127995
-0.93526065,-0.159994
-0.93506065,-0.127995
-0.93486065,-0.159994
-0.93466065,-0.159994
-0.93446065,-0.127995
-0.93426065,-0.159994
-0.93406065,-0.159994
-0.93386065,-0.127995
-0.93366065,-0.159994
-0.93346065,-0.159994
-0.93326065,-0.159994
-0.93306065,-0.127995
-0.93286065,-0.159994
-0.93266065,-0.0959963
-0.93246065,-0.159994
-0.93226065,-0.127995
-0.93206065,-0.127995
-0.93186065,-0.127995
-0.93166065,-0.127995
-0.93146065,-0.0959963
-0.93126065,-0.0959963
-0.93106065,-0.127995
-0.93086065,-0.127995
-0.93066065,-0.159994
-0.93046065,-0.127995
-0.93026065,-0.127995
-0.93006065,-0.159994
-0.92986065,-0.127995
-0.92966065,-0.127995
-0.92946065,-0.159994
-0.92926065,-0.127995
-0.92906065,-0.0959963
-0.92886065,-0.127995
-0.92866065,-0.127995
-0.92846065,-0.127995
-0.92826065,-0.127995
-0.92806065,-0.127995
-0.92786065,-0.0959963
-0.92766065,-0.159994
-0.92746065,-0.0959963
-0.92726065,-0.159994
-0.92706065,-0.191993
-0.92686065,-0.127995
-0.92666065,-0.127995
-0.92646065,-0.127995
-0.92626065,-0.159994
-0.92606065,-0.0959963
-0.92586065,-0.127995
-0.92566065,-0.0959963
-0.92546065,-0.127995
-0.92526065,-0.159994
-0.92506065,-0.127995
-0.92486065,-0.127995
-0.92466065,-0.159994
-0.92446065,-0.127995
-0.92426065,-0.159994
-0.92406065,-0.159994
-0.92386065,-0.127995
-0.92366065,-0.127995
-0.92346065,-0.191993
-0.92326065,-0.159994
-0.92306065,-0.127995
-0.92286065,-0.159994
-0.92266065,-0.127995
-0.92246065,-0.127995
-0.92226065,-0.159994
-0.92206065,-0.159994
-0.92186065,-0.127995
-0.92166065,-0.159994
-0.92146065,-0.127995
-0.92126065,-0.159994
-0.92106065,-0.159994
-0.92086065,-0.127995
-0.92066065,-0.159994
-0.92046065,-0.159994
-0.92026065,-0.127995
-0.92006065,-0.127995
-0.91986065,-0.159994
-0.91966065,-0.159994
-0.91946065,-0.0959963
-0.91926065,-0.191993
-0.91906065,-0.159994
-0.91886065,-0.0959963
-0.91866065,-0.159994
-0.91846065,-0.191993
-0.91826065,-0.127995
-0.91806065,-0.159994
-0.91786065,-0.191993
-0.91766065,-0.127995
-0.91746065,-0.191993
-0.91726065,-0.127995
-0.91706065,-0.127995
-0.91686065,-0.191993
-0.91666065,-0.191993
-0.91646065,-0.159994
-0.91626065,-0.127995
-0.91606065,-0.127995
-0.91586065,-0.127995
-0.91566065,-0.159994
-0.91546065,-0.159994
-0.91526065,-0.159994
-0.91506065,-0.159994
-0.91486065,-0.159994
-0.91466065,-0.127995
-0.91446065,-0.159994
-0.91426065,-0.191993
-0.91406065,-0.127995
-0.91386065,-0.191993
-0.91366065,-0.127995
-0.91346065,-0.159994
-0.91326065,-0.159994
-0.91306065,-0.159994
-0.91286065,-0.127995
-0.91266065,-0.159994
-0.91246065,-0.159994
-0.91226065,-0.191993
-0.91206065,-0.159994
-0.91186065,-0.159994
-0.91166065,-0.159994
-0.91146065,-0.127995
-0.91126065,-0.159994
-0.91106065,-0.159994
-0.91086065,-0.159994
-0.91066065,-0.159994
-0.91046065,-0.159994
-0.91026065,-0.223991
-0.91006065,-0.159994
-0.90986065,-0.159994
-0.90966065,-0.127995
-0.90946065,-0.159994
-0.90926065,-0.127995
-0.90906065,-0.191993
-0.90886065,-0.191993
-0.90866065,-0.191993
-0.90846065,-0.191993
-0.90826065,-0.191993
-0.90806065,-0.127995
-0.90786065,-0.223991
-0.90766065,-0.159994
-0.90746065,-0.191993
-0.90726065,-0.159994
-0.90706065,-0.159994
-0.90686065,-0.191993
-0.90666065,-0.159994
-0.90646065,-0.127995
-0.90626065,-0.127995
-0.90606065,-0.127995
-0.90586065,-0.127995
-0.90566065,-0.159994
-0.90546065,-0.159994
-0.90526065,-0.159994
-0.90506065,-0.127995
-0.90486065,-0.159994
-0.90466065,-0.191993
-0.90446065,-0.159994
-0.90426065,-0.191993
-0.90406065,-0.159994
-0.90386065,-0.159994
-0.90366065,-0.223991
-0.90346065,-0.159994
-0.90326065,-0.127995
-0.90306065,-0.191993
-0.90286065,-0.159994
-0.90266065,-0.127995
-0.90246065,-0.191993
-0.90226065,-0.191993
-0.90206065,-0.159994
-0.90186065,-0.223991
-0.90166065,-0.159994
-0.90146065,-0.159994
-0.90126065,-0.159994
-0.90106065,-0.159994
-0.90086065,-0.191993
-0.90066065,-0.223991
-0.90046065,-0.191993
-0.90026065,-0.191993
-0.90006065,-0.223991
-0.89986065,-0.223991
-0.89966065,-0.159994
-0.89946065,-0.191993
-0.89926065,-0.191993
-0.89906065,-0.191993
-0.89886065,-0.223991
-0.89866065,-0.159994
-0.89846065,-0.191993
-0.89826065,-0.223991
-0.89806065,-0.159994
-0.89786065,-0.159994
-0.89766065,-0.223991
-0.89746065,-0.191993
-0.89726065,-0.223991
-0.89706065,-0.223991
-0.89686065,-0.191993
-0.89666065,-0.191993
-0.89646065,-0.223991
-0.89626065,-0.223991
-0.89606065,-0.159994
-0.89586065,-0.223991
-0.89566065,-0.223991
-0.89546065,-0.159994
-0.89526065,-0.191993
-0.89506065,-0.223991
-0.89486065,-0.25599
-0.89466065,-0.223991
-0.89446065,-0.25599
-0.89426065,-0.191993
-0.89406065,-0.25599
-0.89386065,-0.191993
-0.89366065,-0.191993
-0.89346065,-0.25599
-0.89326065,-0.25599
-0.89306065,-0.223991
-0.89286065,-0.25599
-0.89266065,-0.25599
-0.89246065,-0.223991
-0.89226065,-0.25599
-0.89206065,-0.25599
-0.89186065,-0.191993
-0.89166065,-0.223991
-0.89146065,-0.25599
-0.89126065,-0.223991
-0.89106065,-0.191993
-0.89086065,-0.25599
-0.89066065,-0.191993
-0.89046065,-0.223991
-0.89026065,-0.223991
-0.89006065,-0.191993
-0.88986065,-0.223991
-0.88966065,-0.223991
-0.88946065,-0.191993
-0.88926065,-0.223991
-0.88906065,-0.223991
-0.88886065,-0.191993
-0.88866065,-0.223991
-0.88846065,-0.25599
-0.88826065,-0.191993
-0.88806065,-0.223991
-0.88786065,-0.223991
-0.88766065,-0.223991
-0.88746065,-0.223991
-0.88726065,-0.287989
-0.88706065,-0.25599
-0.88686065,-0.223991
-0.88666065,-0.223991
-0.88646065,-0.191993
-0.88626065,-0.223991
-0.88606065,-0.223991
-0.88586065,-0.191993
-0.88566065,-0.223991
-0.88546065,-0.25599
-0.88526065,-0.223991
-0.88506065,-0.223991
-0.88486065,-0.287989
-0.88466065,-0.191993
-0.88446065,-0.25599
-0.88426065,-0.223991
-0.88406065,-0.223991
-0.88386065,-0.287989
-0.88366065,-0.25599
-0.88346065,-0.287989
-0.88326065,-0.223991
-0.88306065,-0.223991
-0.88286065,-0.223991
-0.88266065,-0.25599
-0.88246065,-0.223991
-0.88226065,-0.223991
-0.88206065,-0.25599
-0.88186065,-0.25599
-0.88166065,-0.191993
-0.88146065,-0.223991
-0.88126065,-0.287989
-0.88106065,-0.191993
-0.88086065,-0.223991
-0.88066065,-0.223991
-0.88046065,-0.191993
-0.88026065,-0.287989
-0.88006065,-0.223991
-0.87986065,-0.223991
-0.87966065,-0.25599
-0.87946065,-0.223991
-0.87926065,-0.223991
-0.87906065,-0.223991
-0.87886065,-0.223991
-0.87866065,-0.191993
-0.87846065,-0.223991
-0.87826065,-0.223991
-0.87806065,-0.191993
-0.87786065,-0.191993
-0.87766065,-0.223991
-0.87746065,-0.159994
-0.87726065,-0.191993
-0.87706065,-0.223991
-0.87686065,-0.191993
-0.87666065,-0.223991
-0.87646065,-0.223991
-0.87626065,-0.223991
-0.87606065,-0.223991
-0.87586065,-0.223991
-0.87566065,-0.223991
-0.87546065,-0.191993
-0.87526065,-0.223991
-0.87506065,-0.191993
-0.87486065,-0.191993
-0.87466065,-0.25599
-0.87446065,-0.191993
-0.87426065,-0.223991
-0.87406065,-0.223991
-0.87386065,-0.191993
-0.87366065,-0.223991
-0.87346065,-0.191993
-0.87326065,-0.159994
-0.87306065,-0.191993
-0.87286065,-0.191993
-0.87266065,-0.159994
-0.87246065,-0.191993
-0.87226065,-0.159994
-0.87206065,-0.127995
-0.87186065,-0.191993
-0.87166065,-0.191993
-0.87146065,-0.191993
-0.87126065,-0.159994
-0.87106065,-0.127995
-0.87086065,-0.127995
-0.87066065,-0.159994
-0.87046065,-0.159994
-0.87026065,-0.159994
-0.87006065,-0.159994
-0.86986065,-0.159994
-0.86966065,-0.127995
-0.86946065,-0.159994
-0.86926065,-0.159994
-0.86906065,-0.127995
-0.86886065,-0.159994
-0.86866065,-0.127995
-0.86846065,-0.159994
-0.86826065,-0.223991
-0.86806065,-0.159994
-0.86786065,-0.127995
-0.86766065,-0.159994
-0.86746065,-0.127995
-0.86726065,-0.127995
-0.86706065,-0.159994
-0.86686065,-0.127995
-0.86666065,-0.159994
-0.86646065,-0.127995
-0.86626065,-0.159994
-0.86606065,-0.127995
-0.86586065,-0.159994
-0.86566065,-0.159994
-0.86546065,-0.127995
-0.86526065,-0.159994
-0.86506065,-0.127995
-0.86486065,-0.191993
-0.86466065,-0.159994
-0.86446065,-0.127995
-0.86426065,-0.127995
-0.86406065,-0.159994
-0.86386065,-0.127995
-0.86366065,-0.127995
-0.86346065,-0.127995
-0.86326065,-0.127995
-0.86306065,-0.127995
-0.86286065,-0.159994
-0.86266065,-0.127995
-0.86246065,-0.159994
-0.86226065,-0.159994
-0.86206065,-0.159994
-0.86186065,-0.159994
-0.86166065,-0.159994
-0.86146065,-0.191993
-0.86126065,-0.0959963
-0.86106065,-0.159994
-0.86086065,-0.127995
-0.86066065,-0.127995
-0.86046065,-0.223991
-0.86026065,-0.0959963
-0.86006065,-0.159994
-0.85986065,-0.159994
-0.85966065,-0.159994
-0.85946065,-0.127995
-0.85926065,-0.191993
-0.85906065,-0.159994
-0.85886065,-0.127995
-0.85866065,-0.191993
-0.85846065,-0.159994
-0.85826065,-0.127995
-0.85806065,-0.127995
-0.85786065,-0.159994
-0.85766065,-0.127995
-0.85746065,-0.191993
-0.85726065,-0.159994
-0.85706065,-0.127995
-0.85686065,-0.159994
-0.85666065,-0.127995
-0.85646065,-0.159994
-0.85626065,-0.159994
-0.85606065,-0.0959963
-0.85586065,-0.0959963
-0.85566065,-0.127995
-0.85546065,-0.159994
-0.85526065,-0.0959963
-0.85506065,-0.159994
-0.85486065,-0.159994
-0.85466065,-0.0959963
-0.85446065,-0.159994
-0.85426065,-0.127995
-0.85406065,-0.159994
-0.85386065,-0.127995
-0.85366065,-0.127995
-0.85346065,-0.127995
-0.85326065,-0.191993
-0.85306065,-0.159994
-0.85286065,-0.127995
-0.85266065,-0.127995
-0.85246065,-0.159994
-0.85226065,-0.127995
-0.85206065,-0.127995
-0.85186065,-0.127995
-0.85166065,-0.127995
-0.85146065,-0.191993
-0.85126065,-0.159994
-0.85106065,-0.127995
-0.85086065,-0.159994
-0.85066065,-0.159994
-0.85046065,-0.127995
-0.85026065,-0.191993
-0.85006065,-0.159994
-0.84986065,-0.159994
-0.84966065,-0.127995
-0.84946065,-0.159994
-0.84926065,-0.159994
-0.84906065,-0.127995
-0.84886065,-0.127995
-0.84866065,-0.159994
-0.84846065,-0.191993
-0.84826065,-0.127995
-0.84806065,-0.0959963
-0.84786065,-0.127995
-0.84766065,-0.159994
-0.84746065,-0.127995
-0.84726065,-0.159994
-0.84706065,-0.159994
-0.84686065,-0.127995
-0.84666065,-0.191993
-0.84646065,-0.159994
-0.84626065,-0.127995
-0.84606065,-0.127995
-0.84586065,-0.127995
-0.84566065,-0.159994
-0.84546065,-0.127995
-0.84526065,-0.127995
-0.84506065,-0.127995
-0.84486065,-0.127995
-0.84466065,-0.0959963
-0.84446065,-0.159994
-0.84426065,-0.159994
-0.84406065,-0.127995
-0.84386065,-0.0959963
-0.84366065,-0.127995
-0.84346065,-0.159994
-0.84326065,-0.0959963
-0.84306065,-0.127995
-0.84286065,-0.159994
-0.84266065,-0.0959963
-0.84246065,-0.159994
-0.84226065,-0.127995
-0.84206065,-0.0959963
-0.84186065,-0.159994
-0.84166065,-0.0959963
-0.84146065,-0.0959963
-0.84126065,-0.159994
-0.84106065,-0.127995
-0.84086065,-0.0959963
-0.84066065,-0.127995
-0.84046065,-0.0959963
-0.84026065,-0.0959963
-0.84006065,-0.0959963
-0.83986065,-0.127995
-0.83966065,-0.127995
-0.83946065,-0.127995
-0.83926065,-0.127995
-0.83906065,-0.0959963
-0.83886065,-0.127995
-0.83866065,-0.127995
-0.83846065,-0.0959963
-0.83826065,-0.159994
-0.83806065,-0.127995
-0.83786065,-0.0959963
-0.83766065,-0.159994
-0.83746065,-0.159994
-0.83726065,-0.127995
-0.83706065,-0.159994
-0.83686065,-0.127995
-0.83666065,-0.127995
-0.83646065,-0.159994
-0.83626065,-0.127995
-0.83606065,-0.127995
-0.83586065,-0.127995
-0.83566065,-0.127995
-0.83546065,-0.159994
-0.83526065,-0.127995
-0.83506065,-0.127995
-0.83486065,-0.159994
-0.83466065,-0.159994
-0.83446065,-0.159994
-0.83426065,-0.127995
-0.83406065,-0.127995
-0.83386065,-0.127995
-0.83366065,-0.159994
-0.83346065,-0.159994
-0.83326065,-0.127995
-0.83306065,-0.127995
-0.83286065,-0.159994
-0.83266065,-0.127995
-0.83246065,-0.127995
-0.83226065,-0.159994
-0.83206065,-0.159994
-0.83186065,-0.0959963
-0.83166065,-0.191993
-0.83146065,-0.127995
-0.83126065,-0.127995
-0.83106065,-0.159994
-0.83086065,-0.127995
-0.83066065,-0.127995
-0.83046065,-0.159994
-0.83026065,-0.159994
-0.83006065,-0.159994
-0.82986065,-0.127995
-0.82966065,-0.127995
-0.82946065,-0.159994
-0.82926065,-0.191993
-0.82906065,-0.0959963
-0.82886065,-0.127995
-0.82866065,-0.159994
-0.82846065,-0.159994
-0.82826065,-0.0639975
-0.82806065,-0.159994
-0.82786065,-0.127995
-0.82766065,-0.127995
-0.82746065,-0.159994
-0.82726065,-0.159994
-0.82706065,-0.127995
-0.82686065,-0.127995
-0.82666065,-0.159994
-0.82646065,-0.127995
-0.82626065,-0.127995
-0.82606065,-0.127995
-0.82586065,-0.0959963
-0.82566065,-0.159994
-0.82546065,-0.159994
-0.82526065,-0.127995
-0.82506065,-0.159994
-0.82486065,-0.191993
-0.82466065,-0.223991
-0.82446065,-0.159994
-0.82426065,-0.159994
-0.82406065,-0.127995
-0.82386065,-0.191993
-0.82366065,-0.159994
-0.82346065,-0.191993
-0.82326065,-0.159994
-0.82306065,-0.127995
-0.82286065,-0.127995
-0.82266065,-0.191993
-0.82246065,-0.159994
-0.82226065,-0.127995
-0.82206065,-0.191993
-0.82186065,-0.159994
-0.82166065,-0.159994
-0.82146065,-0.159994
-0.82126065,-0.159994
-0.82106065,-0.159994
-0.82086065,-0.191993
-0.82066065,-0.191993
-0.82046065,-0.159994
-0.82026065,-0.159994
-0.82006065,-0.191993
-0.81986065,-0.127995
-0.81966065,-0.159994
-0.81946065,-0.159994
-0.81926065,-0.159994
-0.81906065,-0.159994
-0.81886065,-0.159994
-0.81866065,-0.191993
-0.81846065,-0.191993
-0.81826065,-0.159994
-0.81806065,-0.159994
-0.81786065,-0.159994
-0.81766065,-0.159994
-0.81746065,-0.159994
-0.81726065,-0.191993
-0.81706065,-0.191993
-0.81686065,-0.159994
-0.81666065,-0.191993
-0.81646065,-0.159994
-0.81626065,-0.159994
-0.81606065,-0.159994
-0.81586065,-0.159994
-0.81566065,-0.159994
-0.81546065,-0.159994
-0.81526065,-0.191993
-0.81506065,-0.159994
-0.81486065,-0.191993
-0.81466065,-0.191993
-0.81446065,-0.191993
-0.81426065,-0.223991
-0.81406065,-0.191993
-0.81386065,-0.159994
-0.81366065,-0.159994
-0.81346065,-0.191993
-0.81326065,-0.191993
-0.81306065,-0.191993
-0.81286065,-0.223991
-0.81266065,-0.191993
-0.81246065,-0.223991
-0.81226065,-0.191993
-0.81206065,-0.191993
-0.81186065,-0.223991
-0.81166065,-0.223991
-0.81146065,-0.223991
-0.81126065,-0.223991
-0.81106065,-0.191993
-0.81086065,-0.223991
-0.81066065,-0.191993
-0.81046065,-0.223991
-0.81026065,-0.191993
-0.81006065,-0.223991
-0.80986065,-0.223991
-0.80966065,-0.223991
-0.80946065,-0.191993
-0.80926065,-0.223991
-0.80906065,-0.159994
-0.80886065,-0.191993
-0.80866065,-0.223991
-0.80846065,-0.159994
-0.80826065,-0.191993
-0.80806065,-0.223991
-0.80786065,-0.223991
-0.80766065,-0.223991
-0.80746065,-0.159994
-0.80726065,-0.191993
-0.80706065,-0.223991
-0.80686065,-0.159994
-0.80666065,-0.25599
-0.80646065,-0.223991
-0.80626065,-0.223991
-0.80606065,-0.191993
-0.80586065,-0.223991
-0.80566065,-0.223991
-0.80546065,-0.191993
-0.80526065,-0.191993
-0.80506065,-0.25599
-0.80486065,-0.191993
-0.80466065,-0.223991
-0.80446065,-0.223991
-0.80426065,-0.223991
-0.80406065,-0.287989
-0.80386065,-0.25599
-0.80366065,-0.191993
-0.80346065,-0.223991
-0.80326065,-0.223991
-0.80306065,-0.159994
-0.80286065,-0.25599
-0.80266065,-0.25599
-0.80246065,-0.191993
-0.80226065,-0.223991
-0.80206065,-0.191993
-0.80186065,-0.191993
-0.80166065,-0.191993
-0.80146065,-0.223991
-0.80126065,-0.191993
-0.80106065,-0.223991
-0.80086065,-0.223991
-0.80066065,-0.25599
-0.80046065,-0.287989
-0.80026065,-0.223991
-0.80006065,-0.223991
-0.79986065,-0.25599
-0.79966065,-0.223991
-0.79946065,-0.25599
-0.79926065,-0.223991
-0.79906065,-0.223991
-0.79886065,-0.191993
-0.79866065,-0.191993
-0.79846065,-0.223991
-0.79826065,-0.191993
-0.79806065,-0.223991
-0.79786065,-0.223991
-0.79766065,-0.191993
-0.79746065,-0.287989
-0.79726065,-0.223991
-0.79706065,-0.223991
-0.79686065,-0.191993
-0.79666065,-0.223991
-0.79646065,-0.223991
-0.79626065,-0.223991
-0.79606065,-0.223991
-0.79586065,-0.223991
-0.79566065,-0.25599
-0.79546065,-0.223991
-0.79526065,-0.223991
-0.79506065,-0.223991
-0.79486065,-0.191993
-0.79466065,-0.223991
-0.79446065,-0.223991
-0.79426065,-0.191993
-0.79406065,-0.223991
-0.79386065,-0.223991
-0.79366065,-0.25599
-0.79346065,-0.223991
-0.79326065,-0.25599
-0.79306065,-0.25599
-0.79286065,-0.223991
-0.79266065,-0.25599
-0.79246065,-0.223991
-0.79226065,-0.223991
-0.79206065,-0.223991
-0.79186065,-0.191993
-0.79166065,-0.191993
-0.79146065,-0.191993
-0.79126065,-0.223991
-0.79106065,-0.191993
-0.79086065,-0.191993
-0.79066065,-0.25599
-0.79046065,-0.191993
-0.79026065,-0.25599
-0.79006065,-0.223991
-0.78986065,-0.191993
-0.78966065,-0.223991
-0.78946065,-0.25599
-0.78926065,-0.191993
-0.78906065,-0.191993
-0.78886065,-0.191993
-0.78866065,-0.191993
-0.78846065,-0.223991
-0.78826065,-0.191993
-0.78806065,-0.223991
-0.78786065,-0.223991
-0.78766065,-0.191993
-0.78746065,-0.159994
-0.78726065,-0.191993
-0.78706065,-0.191993
-0.78686065,-0.159994
-0.78666065,-0.191993
-0.78646065,-0.191993
-0.78626065,-0.191993
-0.78606065,-0.287989
-0.78586065,-0.223991
-0.78566065,-0.191993
-0.78546065,-0.223991
-0.78526065,-0.191993
-0.78506065,-0.223991
-0.78486065,-0.25599
-0.78466065,-0.191993
-0.78446065,-0.159994
-0.78426065,-0.191993
-0.78406065,-0.223991
-0.78386065,-0.191993
-0.78366065,-0.25599
-0.78346065,-0.223991
-0.78326065,-0.191993
-0.78306065,-0.223991
-0.78286065,-0.191993
-0.78266065,-0.191993
-0.78246065,-0.191993
-0.78226065,-0.159994
-0.78206065,-0.191993
-0.78186065,-0.223991
-0.78166065,-0.191993
-0.78146065,-0.191993
-0.78126065,-0.159994
-0.78106065,-0.191993
-0.78086065,-0.159994
-0.78066065,-0.191993
-0.78046065,-0.191993
-0.78026065,-0.159994
-0.78006065,-0.191993
-0.77986065,-0.191993
-0.77966065,-0.159994
-0.77946065,-0.191993
-0.77926065,-0.159994
-0.77906065,-0.127995
-0.77886065,-0.159994
-0.77866065,-0.191993
-0.77846065,-0.159994
-0.77826065,-0.159994
-0.77806065,-0.159994
-0.77786065,-0.191993
-0.77766065,-0.191993
-0.77746065,-0.191993
-0.77726065,-0.159994
-0.77706065,-0.191993
-0.77686065,-0.223991
-0.77666065,-0.0959963
-0.77646065,-0.191993
-0.77626065,-0.159994
-0.77606065,-0.159994
-0.77586065,-0.159994
-0.77566065,-0.159994
-0.77546065,-0.127995
-0.77526065,-0.191993
-0.77506065,-0.159994
-0.77486065,-0.127995
-0.77466065,-0.191993
-0.77446065,-0.159994
-0.77426065,-0.127995
-0.77406065,-0.159994
-0.77386065,-0.191993
-0.77366065,-0.159994
-0.77346065,-0.159994
-0.77326065,-0.127995
-0.77306065,-0.159994
-0.77286065,-0.191993
-0.77266065,-0.159994
-0.77246065,-0.159994
-0.77226065,-0.159994
-0.77206065,-0.191993
-0.77186065,-0.127995
-0.77166065,-0.191993
-0.77146065,-0.127995
-0.77126065,-0.0959963
-0.77106065,-0.159994
-0.77086065,-0.159994
-0.77066065,-0.127995
-0.77046065,-0.127995
-0.77026065,-0.127995
-0.77006065,-0.127995
-0.76986065,-0.191993
-0.76966065,-0.127995
-0.76946065,-0.159994
-0.76926065,-0.159994
-0.76906065,-0.159994
-0.76886065,-0.127995
-0.76866065,-0.159994
-0.76846065,-0.159994
-0.76826065,-0.159994
-0.76806065,-0.191993
-0.76786065,-0.159994
-0.76766065,-0.127995
-0.76746065,-0.159994
-0.76726065,-0.127995
-0.76706065,-0.127995
-0.76686065,-0.159994
-0.76666065,-0.127995
-0.76646065,-0.159994
-0.76626065,-0.159994
-0.76606065,-0.0959963
-0.76586065,-0.0959963
-0.76566065,-0.127995
-0.76546065,-0.127995
-0.76526065,-0.0959963
-0.76506065,-0.127995
-0.76486065,-0.127995
-0.76466065,-0.127995
-0.76446065,-0.159994
-0.76426065,-0.0959963
-0.76406065,-0.127995
-0.76386065,-0.191993
-0.76366065,-0.159994
-0.76346065,-0.127995
-0.76326065,-0.159994
-0.76306065,-0.159994
-0.76286065,-0.127995
-0.76266065,-0.159994
-0.76246065,-0.0959963
-0.76226065,-0.159994
-0.76206065,-0.159994
-0.76186065,-0.159994
-0.76166065,-0.0959963
-0.76146065,-0.159994
-0.76126065,-0.127995
-0.76106065,-0.127995
-0.76086065,-0.159994
-0.76066065,-0.127995
-0.76046065,-0.127995
-0.76026065,-0.159994
-0.76006065,-0.127995
-0.75986065,-0.127995
-0.75966065,-0.159994
-0.75946065,-0.0959963
-0.75926065,-0.127995
-0.75906065,-0.159994
-0.75886065,-0.127995
-0.75866065,-0.0959963
-0.75846065,-0.159994
-0.75826065,-0.191993
-0.75806065,-0.127995
-0.75786065,-0.127995
-0.75766065,-0.127995
-0.75746065,-0.127995
-0.75726065,-0.127995
-0.75706065,-0.127995
-0.75686065,-0.127995
-0.75666065,-0.159994
-0.75646065,-0.127995
-0.75626065,-0.159994
-0.75606065,-0.159994
-0.75586065,-0.127995
-0.75566065,-0.127995
-0.75546065,-0.159994
-0.75526065,-0.159994
-0.75506065,-0.191993
-0.75486065,-0.127995
-0.75466065,-0.159994
-0.75446065,-0.159994
-0.75426065,-0.191993
-0.75406065,-0.159994
-0.75386065,-0.159994
-0.75366065,-0.159994
-0.75346065,-0.159994
-0.75326065,-0.159994
-0.75306065,-0.159994
-0.75286065,-0.159994
-0.75266065,-0.127995
-0.75246065,-0.159994
-0.75226065,-0.223991
-0.75206065,-0.127995
-0.75186065,-0.159994
-0.75166065,-0.191993
-0.75146065,-0.127995
-0.75126065,-0.223991
-0.75106065,-0.159994
-0.75086065,-0.191993
-0.75066065,-0.159994
-0.75046065,-0.127995
-0.75026065,-0.159994
-0.75006065,-0.191993
-0.74986065,-0.159994
-0.74966065,-0.127995
-0.74946065,-0.159994
-0.74926065,-0.223991
-0.74906065,-0.191993
-0.74886065,-0.223991
-0.74866065,-0.191993
-0.74846065,-0.159994
-0.74826065,-0.223991
-0.74806065,-0.159994
-0.74786065,-0.159994
-0.74766065,-0.191993
-0.74746065,-0.191993
-0.74726065,-0.191993
-0.74706065,-0.159994
-0.74686065,-0.159994
-0.74666065,-0.159994
-0.74646065,-0.191993
-0.74626065,-0.191993
-0.74606065,-0.127995
-0.74586065,-0.223991
-0.74566065,-0.159994
-0.74546065,-0.191993
-0.74526065,-0.223991
-0.74506065,-0.191993
-0.74486065,-0.191993
-0.74466065,-0.223991
-0.74446065,-0.127995
-0.74426065,-0.191993
-0.74406065,-0.159994
-0.74386065,-0.191993
-0.74366065,-0.159994
-0.74346065,-0.191993
-0.74326065,-0.191993
-0.74306065,-0.159994
-0.74286065,-0.191993
-0.74266065,-0.191993
-0.74246065,-0.127995
-0.74226065,-0.191993
-0.74206065,-0.191993
-0.74186065,-0.191993
-0.74166065,-0.191993
-0.74146065,-0.191993
-0.74126065,-0.127995
-0.74106065,-0.159994
-0.74086065,-0.223991
-0.74066065,-0.159994
-0.74046065,-0.223991
-0.74026065,-0.191993
-0.74006065,-0.191993
-0.73986065,-0.223991
-0.73966065,-0.191993
-0.73946065,-0.223991
-0.73926065,-0.191993
-0.73906065,-0.191993
-0.73886065,-0.159994
-0.73866065,-0.191993
-0.73846065,-0.159994
-0.73826065,-0.159994
-0.73806065,-0.191993
-0.73786065,-0.159994
-0.73766065,-0.191993
-0.73746065,-0.191993
-0.73726065,-0.191993
-0.73706065,-0.159994
-0.73686065,-0.223991
-0.73666065,-0.223991
-0.73646065,-0.191993
-0.73626065,-0.25599
-0.73606065,-0.25599
-0.73586065,-0.191993
-0.73566065,-0.223991
-0.73546065,-0.191993
-0.73526065,-0.191993
-0.73506065,-0.223991
-0.73486065,-0.191993
-0.73466065,-0.223991
-0.73446065,-0.25599
-0.73426065,-0.25599
-0.73406065,-0.223991
-0.73386065,-0.191993
-0.73366065,-0.25599
-0.73346065,-0.191993
-0.73326065,-0.191993
-0.73306065,-0.223991
-0.73286065,-0.191993
-0.73266065,-0.223991
-0.73246065,-0.25599
-0.73226065,-0.287989
-0.73206065,-0.25599
-0.73186065,-0.25599
-0.73166065,-0.25599
-0.73146065,-0.25599
-0.73126065,-0.223991
-0.73106065,-0.223991
-0.73086065,-0.25599
-0.73066065,-0.25599
-0.73046065,-0.25599
-0.73026065,-0.287989
-0.73006065,-0.319988
-0.72986065,-0.25599
-0.72966065,-0.25599
-0.72946065,-0.287989
-0.72926065,-0.25599
-0.72906065,-0.25599
-0.72886065,-0.25599
-0.72866065,-0.25599
-0.72846065,-0.223991
-0.72826065,-0.319988
-0.72806065,-0.191993
-0.72786065,-0.287989
-0.72766065,-0.25599
-0.72746065,-0.25599
-0.72726065,-0.287989
-0.72706065,-0.287989
-0.72686065,-0.25599
-0.72666065,-0.319988
-0.72646065,-0.25599
-0.72626065,-0.287989
-0.72606065,-0.319988
-0.72586065,-0.287989
-0.72566065,-0.287989
-0.72546065,-0.287989
-0.72526065,-0.287989
-0.72506065,-0.319988
-0.72486065,-0.319988
-0.72466065,-0.319988
-0.72446065,-0.351986
-0.72426065,-0.319988
-0.72406065,-0.319988
-0.72386065,-0.351986
-0.72366065,-0.287989
-0.72346065,-0.25599
-0.72326065,-0.287989
-0.72306065,-0.287989
-0.72286065,-0.287989
-0.72266065,-0.319988
-0.72246065,-0.319988
-0.72226065,-0.319988
-0.72206065,-0.319988
-0.72186065,-0.287989
-0.72166065,-0.351986
-0.72146065,-0.319988
-0.72126065,-0.287989
-0.72106065,-0.319988
-0.72086065,-0.287989
-0.72066065,-0.287989
-0.72046065,-0.287989
-0.72026065,-0.25599
-0.72006065,-0.287989
-0.71986065,-0.319988
-0.71966065,-0.25599
-0.71946065,-0.287989
-0.71926065,-0.319988
-0.71906065,-0.287989
-0.71886065,-0.287989
-0.71866065,-0.319988
-0.71846065,-0.25599
-0.71826065,-0.287989
-0.71806065,-0.319988
-0.71786065,-0.319988
-0.71766065,-0.319988
-0.71746065,-0.319988
-0.71726065,-0.287989
-0.71706065,-0.287989
-0.71686065,-0.351986
-0.71666065,-0.287989
-0.71646065,-0.319988
-0.71626065,-0.287989
-0.71606065,-0.319988
-0.71586065,-0.287989
-0.71566065,-0.287989
-0.71546065,-0.319988
-0.71526065,-0.319988
-0.71506065,-0.319988
-0.71486065,-0.319988
-0.71466065,-0.319988
-0.71446065,-0.319988
-0.71426065,-0.287989
-0.71406065,-0.287989
-0.71386065,-0.319988
-0.71366065,-0.351986
-0.71346065,-0.287989
-0.71326065,-0.383985
-0.71306065,-0.25599
-0.71286065,-0.319988
-0.71266065,-0.351986
-0.71246065,-0.319988
-0.71226065,-0.319988
-0.71206065,-0.319988
-0.71186065,-0.351986
-0.71166065,-0.287989
-0.71146065,-0.319988
-0.71126065,-0.319988
-0.71106065,-0.287989
-0.71086065,-0.319988
-0.71066065,-0.319988
-0.71046065,-0.351986
-0.71026065,-0.351986
-0.71006065,-0.25599
-0.70986065,-0.351986
-0.70966065,-0.287989
-0.70946065,-0.319988
-0.70926065,-0.319988
-0.70906065,-0.319988
-0.70886065,-0.319988
-0.70866065,-0.319988
-0.70846065,-0.319988
-0.70826065,-0.383985
-0.70806065,-0.319988
-0.70786065,-0.351986
-0.70766065,-0.319988
-0.70746065,-0.319988
-0.70726065,-0.319988
-0.70706065,-0.383985
-0.70686065,-0.351986
-0.70666065,-0.383985
-0.70646065,-0.351986
-0.70626065,-0.319988
-0.70606065,-0.351986
-0.70586065,-0.351986
-0.70566065,-0.319988
-0.70546065,-0.351986
-0.70526065,-0.351986
-0.70506065,-0.287989
-0.70486065,-0.383985
-0.70466065,-0.383985
-0.70446065,-0.319988
-0.70426065,-0.383985
-0.70406065,-0.351986
-0.70386065,-0.287989
-0.70366065,-0.351986
-0.70346065,-0.319988
-0.70326065,-0.351986
-0.70306065,-0.383985
-0.70286065,-0.383985
-0.70266065,-0.351986
-0.70246065,-0.351986
-0.70226065,-0.351986
-0.70206065,-0.351986
-0.70186065,-0.319988
-0.70166065,-0.351986
-0.70146065,-0.319988
-0.70126065,-0.383985
-0.70106065,-0.351986
-0.70086065,-0.351986
-0.70066065,-0.383985
-0.70046065,-0.415984
-0.70026065,-0.383985
-0.70006065,-0.415984
-0.69986065,-0.351986
-0.69966065,-0.383985
-0.69946065,-0.415984
-0.69926065,-0.447983
-0.69906065,-0.383985
-0.69886065,-0.383985
-0.69866065,-0.415984
-0.69846065,-0.383985
-0.69826065,-0.415984
-0.69806065,-0.415984
-0.69786065,-0.415984
-0.69766065,-0.383985
-0.69746065,-0.383985
-0.69726065,-0.351986
-0.69706065,-0.479982
-0.69686065,-0.415984
-0.69666065,-0.415984
-0.69646065,-0.447983
-0.69626065,-0.415984
-0.69606065,-0.415984
-0.69586065,-0.415984
-0.69566065,-0.383985
-0.69546065,-0.447983
-0.69526065,-0.447983
-0.69506065,-0.447983
-0.69486065,-0.447983
-0.69466065,-0.479982
-0.69446065,-0.383985
-0.69426065,-0.415984
-0.69406065,-0.447983
-0.69386065,-0.447983
-0.69366065,-0.447983
-0.69346065,-0.447983
-0.69326065,-0.447983
-0.69306065,-0.447983
-0.69286065,-0.479982
-0.69266065,-0.447983
-0.69246065,-0.447983
-0.69226065,-0.479982
-0.69206065,-0.447983
-0.69186065,-0.479982
-0.69166065,-0.51198
-0.69146065,-0.447983
-0.69126065,-0.447983
-0.69106065,-0.447983
-0.69086065,-0.479982
-0.69066065,-0.479982
-0.69046065,-0.543979
-0.69026065,-0.479982
-0.69006065,-0.51198
-0.68986065,-0.543979
-0.68966065,-0.479982
-0.68946065,-0.51198
-0.68926065,-0.51198
-0.68906065,-0.543979
-0.68886065,-0.479982
-0.68866065,-0.51198
-0.68846065,-0.543979
-0.68826065,-0.479982
-0.68806065,-0.51198
-0.68786065,-0.51198
-0.68766065,-0.51198
-0.68746065,-0.575978
-0.68726065,-0.51198
-0.68706065,-0.543979
-0.68686065,-0.543979
-0.68666065,-0.543979
-0.68646065,-0.51198
-0.68626065,-0.543979
-0.68606065,-0.543979
-0.68586065,-0.51198
-0.68566065,-0.543979
-0.68546065,-0.607977
-0.68526065,-0.51198
-0.68506065,-0.575978
-0.68486065,-0.575978
-0.68466065,-0.543979
-0.68446065,-0.575978
-0.68426065,-0.543979
-0.68406065,-0.51198
-0.68386065,-0.607977
-0.68366065,-0.575978
-0.68346065,-0.543979
-0.68326065,-0.575978
-0.68306065,-0.575978
-0.68286065,-0.51198
-0.68266065,-0.575978
-0.68246065,-0.575978
-0.68226065,-0.575978
-0.68206065,-0.575978
-0.68186065,-0.607977
-0.68166065,-0.607977
-0.68146065,-0.607977
-0.68126065,-0.543979
-0.68106065,-0.575978
-0.68086065,-0.607977
-0.68066065,-0.607977
-0.68046065,-0.543979
-0.68026065,-0.575978
-0.68006065,-0.607977
-0.67986065,-0.575978
-0.67966065,-0.575978
-0.67946065,-0.607977
-0.67926065,-0.639975
-0.67906065,-0.607977
-0.67886065,-0.607977
-0.67866065,-0.575978
-0.67846065,-0.671974
-0.67826065,-0.607977
-0.67806065,-0.639975
-0.67786065,-0.607977
-0.67766065,-0.639975
-0.67746065,-0.639975
-0.67726065,-0.639975
-0.67706065,-0.639975
-0.67686065,-0.639975
-0.67666065,-0.639975
-0.67646065,-0.607977
-0.67626065,-0.639975
-0.67606065,-0.671974
-0.67586065,-0.639975
-0.67566065,-0.639975
-0.67546065,-0.671974
-0.67526065,-0.671974
-0.67506065,-0.639975
-0.67486065,-0.639975
-0.67466065,-0.671974
-0.67446065,-0.607977
-0.67426065,-0.671974
-0.67406065,-0.671974
-0.67386065,-0.671974
-0.67366065,-0.671974
-0.67346065,-0.639975
-0.67326065,-0.671974
-0.67306065,-0.703973
-0.67286065,-0.703973
-0.67266065,-0.639975
-0.67246065,-0.639975
-0.67226065,-0.671974
-0.67206065,-0.671974
-0.67186065,-0.671974
-0.67166065,-0.671974
-0.67146065,-0.671974
-0.67126065,-0.639975
-0.67106065,-0.639975
-0.67086065,-0.639975
-0.67066065,-0.671974
-0.67046065,-0.671974
-0.67026065,-0.639975
-0.67006065,-0.671974
-0.66986065,-0.671974
-0.66966065,-0.671974
-0.66946065,-0.671974
-0.66926065,-0.671974
-0.66906065,-0.671974
-0.66886065,-0.703973
-0.66866065,-0.671974
-0.66846065,-0.639975
-0.66826065,-0.703973
-0.66806065,-0.703973
-0.66786065,-0.639975
-0.66766065,-0.703973
-0.66746065,-0.671974
-0.66726065,-0.703973
-0.66706065,-0.671974
-0.66686065,-0.703973
-0.66666065,-0.703973
-0.66646065,-0.671974
-0.66626065,-0.703973
-0.66606065,-0.671974
-0.66586065,-0.671974
-0.66566065,-0.639975
-0.66546065,-0.703973
-0.66526065,-0.735972
-0.66506065,-0.703973
-0.66486065,-0.671974
-0.66466065,-0.671974
-0.66446065,-0.671974
-0.66426065,-0.703973
-0.66406065,-0.703973
-0.66386065,-0.735972
-0.66366065,-0.671974
-0.66346065,-0.703973
-0.66326065,-0.703973
-0.66306065,-0.703973
-0.66286065,-0.703973
-0.66266065,-0.735972
-0.66246065,-0.735972
-0.66226065,-0.671974
-0.66206065,-0.671974
-0.66186065,-0.703973
-0.66166065,-0.703973
-0.66146065,-0.703973
-0.66126065,-0.671974
-0.66106065,-0.671974
-0.66086065,-0.703973
-0.66066065,-0.703973
-0.66046065,-0.703973
-0.66026065,-0.703973
-0.66006065,-0.703973
-0.65986065,-0.703973
-0.65966065,-0.671974
-0.65946065,-0.767971
-0.65926065,-0.703973
-0.65906065,-0.671974
-0.65886065,-0.735972
-0.65866065,-0.703973
-0.65846065,-0.703973
-0.65826065,-0.703973
-0.65806065,-0.735972
-0.65786065,-0.703973
-0.65766065,-0.639975
-0.65746065,-0.671974
-0.65726065,-0.703973
-0.65706065,-0.735972
-0.65686065,-0.703973
-0.65666065,-0.703973
-0.65646065,-0.735972
-0.65626065,-0.671974
-0.65606065,-0.671974
-0.65586065,-0.671974
-0.65566065,-0.703973
-0.65546065,-0.703973
-0.65526065,-0.639975
-0.65506065,-0.735972
-0.65486065,-0.703973
-0.65466065,-0.671974
-0.65446065,-0.703973
-0.65426065,-0.703973
-0.65406065,-0.671974
-0.65386065,-0.703973
-0.65366065,-0.671974
-0.65346065,-0.671974
-0.65326065,-0.703973
-0.65306065,-0.671974
-0.65286065,-0.671974
-0.65266065,-0.671974
-0.65246065,-0.671974
-0.65226065,-0.671974
-0.65206065,-0.671974
-0.65186065,-0.639975
-0.65166065,-0.703973
-0.65146065,-0.671974
-0.65126065,-0.703973
-0.65106065,-0.671974
-0.65086065,-0.671974
-0.65066065,-0.671974
-0.65046065,-0.671974
-0.65026065,-0.671974
-0.65006065,-0.671974
-0.64986065,-0.671974
-0.64966065,-0.671974
-0.64946065,-0.671974
-0.64926065,-0.639975
-0.64906065,-0.639975
-0.64886065,-0.703973
-0.64866065,-0.639975
-0.64846065,-0.639975
-0.64826065,-0.671974
-0.64806065,-0.639975
-0.64786065,-0.639975
-0.64766065,-0.639975
-0.64746065,-0.639975
-0.64726065,-0.639975
-0.64706065,-0.575978
-0.64686065,-0.639975
-0.64666065,-0.607977
-0.64646065,-0.607977
-0.64626065,-0.639975
-0.64606065,-0.607977
-0.64586065,-0.607977
-0.64566065,-0.607977
-0.64546065,-0.639975
-0.64526065,-0.607977
-0.64506065,-0.607977
-0.64486065,-0.639975
-0.64466065,-0.639975
-0.64446065,-0.575978
-0.64426065,-0.639975
-0.64406065,-0.575978
-0.64386065,-0.607977
-0.64366065,-0.575978
-0.64346065,-0.607977
-0.64326065,-0.607977
-0.64306065,-0.575978
-0.64286065,-0.607977
-0.64266065,-0.607977
-0.64246065,-0.575978
-0.64226065,-0.607977
-0.64206065,-0.575978
-0.64186065,-0.575978
-0.64166065,-0.575978
-0.64146065,-0.607977
-0.64126065,-0.575978
-0.64106065,-0.543979
-0.64086065,-0.543979
-0.64066065,-0.543979
-0.64046065,-0.607977
-0.64026065,-0.575978
-0.64006065,-0.543979
-0.63986065,-0.575978
-0.63966065,-0.543979
-0.63946065,-0.607977
-0.63926065,-0.575978
-0.63906065,-0.575978
-0.63886065,-0.575978
-0.63866065,-0.543979
-0.63846065,-0.543979
-0.63826065,-0.51198
-0.63806065,-0.543979
-0.63786065,-0.51198
-0.63766065,-0.543979
-0.63746065,-0.575978
-0.63726065,-0.575978
-0.63706065,-0.575978
-0.63686065,-0.51198
-0.63666065,-0.51198
-0.63646065,-0.543979
-0.63626065,-0.543979
-0.63606065,-0.51198
-0.63586065,-0.543979
-0.63566065,-0.543979
-0.63546065,-0.51198
-0.63526065,-0.543979
-0.63506065,-0.543979
-0.63486065,-0.51198
-0.63466065,-0.51198
-0.63446065,-0.479982
-0.63426065,-0.479982
-0.63406065,-0.51198
-0.63386065,-0.51198
-0.63366065,-0.543979
-0.63346065,-0.543979
-0.63326065,-0.51198
-0.63306065,-0.479982
-0.63286065,-0.51198
-0.63266065,-0.479982
-0.63246065,-0.479982
-0.63226065,-0.51198
-0.63206065,-0.447983
-0.63186065,-0.447983
-0.63166065,-0.51198
-0.63146065,-0.479982
-0.63126065,-0.479982
-0.63106065,-0.479982
-0.63086065,-0.447983
-0.63066065,-0.447983
-0.63046065,-0.479982
-0.63026065,-0.447983
-0.63006065,-0.415984
-0.62986065,-0.415984
-0.62966065,-0.447983
-0.62946065,-0.447983
-0.62926065,-0.447983
-0.62906065,-0.383985
-0.62886065,-0.447983
-0.62866065,-0.447983
-0.62846065,-0.447983
-0.62826065,-0.383985
-0.62806065,-0.415984
-0.62786065,-0.447983
-0.62766065,-0.415984
-0.62746065,-0.415984
-0.62726065,-0.447983
-0.62706065,-0.383985
-0.62686065,-0.415984
-0.62666065,-0.383985
-0.62646065,-0.351986
-0.62626065,-0.415984
-0.62606065,-0.351986
-0.62586065,-0.383985
-0.62566065,-0.383985
-0.62546065,-0.383985
-0.62526065,-0.383985
-0.62506065,-0.383985
-0.62486065,-0.319988
-0.62466065,-0.351986
-0.62446065,-0.351986
-0.62426065,-0.351986
-0.62406065,-0.351986
-0.62386065,-0.351986
-0.62366065,-0.319988
-0.62346065,-0.319988
-0.62326065,-0.287989
-0.62306065,-0.319988
-0.62286065,-0.319988
-0.62266065,-0.287989
-0.62246065,-0.287989
-0.62226065,-0.319988
-0.62206065,-0.287989
-0.62186065,-0.319988
-0.62166065,-0.287989
-0.62146065,-0.287989
-0.62126065,-0.287989
-0.62106065,-0.287989
-0.62086065,-0.319988
-0.62066065,-0.223991
-0.62046065,-0.25599
-0.62026065,-0.25599
-0.62006065,-0.223991
-0.61986065,-0.25599
-0.61966065,-0.287989
-0.61946065,-0.287989
-0.61926065,-0.191993
-0.61906065,-0.223991
-0.61886065,-0.223991
-0.61866065,-0.223991
-0.61846065,-0.25599
-0.61826065,-0.223991
-0.61806065,-0.25599
-0.61786065,-0.223991
-0.61766065,-0.25599
-0.61746065,-0.223991
-0.61726065,-0.159994
-0.61706065,-0.127995
-0.61686065,-0.223991
-0.61666065,-0.159994
-0.61646065,-0.127995
-0.61626065,-0.191993
-0.61606065,-0.159994
-0.61586065,-0.159994
-0.61566065,-0.159994
-0.61546065,-0.127995
-0.61526065,-0.159994
-0.61506065,-0.127995
-0.61486065,-0.127995
-0.61466065,-0.127995
-0.61446065,-0.159994
-0.61426065,-0.0959963
-0.61406065,-0.0959963
-0.61386065,-0.127995
-0.61366065,-0.159994
-0.61346065,-0.0959963
-0.61326065,-0.127995
-0.61306065,-0.127995
-0.61286065,-0.0639975
-0.61266065,-0.127995
-0.61246065,-0.0959963
-0.61226065,-0.0639975
-0.61206065,-0.127995
-0.61186065,-0.0639975
-0.61166065,-0.0639975
-0.61146065,-0.0959963
-0.61126065,-0.0639975
-0.61106065,-0.0959963
-0.61086065,-0.0639975
-0.61066065,-0.0319988
-0.61046065,-0.0319988
-0.61026065,-0.0319988
-0.61006065,0
-0.60986065,-0.0319988
-0.60966065,-0.0639975
-0.60946065,0
-0.60926065,0.0319988
-0.60906065,-0.0319988
-0.60886065,0
-0.60866065,0.0639975
-0.60846065,0
-0.60826065,0
-0.60806065,0.0319988
-0.60786065,-0.0319988
-0.60766065,0.0319988
-0.60746065,0.0639975
-0.60726065,0.0639975
-0.60706065,0.0319988
-0.60686065,0.0639975
-0.60666065,0.0319988
-0.60646065,0.0639975
-0.60626065,0.0639975
-0.60606065,0.0959963
-0.60586065,0.0639975
-0.60566065,0.0639975
-0.60546065,0.0639975
-0.60526065,0.0959963
-0.60506065,0.0639975
-0.60486065,0.0959963
-0.60466065,0.127995
-0.60446065,0.0959963
-0.60426065,0.0959963
-0.60406065,0.127995
-0.60386065,0.0959963
-0.60366065,0.0959963
-0.60346065,0.159994
-0.60326065,0.127995
-0.60306065,0.159994
-0.60286065,0.127995
-0.60266065,0.0959963
-0.60246065,0.159994
-0.60226065,0.159994
-0.60206065,0.127995
-0.60186065,0.127995
-0.60166065,0.223991
-0.60146065,0.191993
-0.60126065,0.159994
-0.60106065,0.159994
-0.60086065,0.191993
-0.60066065,0.159994
-0.60046065,0.223991
-0.60026065,0.191993
-0.60006065,0.191993
-0.59986065,0.223991
-0.59966065,0.191993
-0.59946065,0.25599
-0.59926065,0.223991
-0.59906065,0.223991
-0.59886065,0.223991
-0.59866065,0.223991
-0.59846065,0.223991
-0.59826065,0.191993
-0.59806065,0.223991
-0.59786065,0.223991
-0.59766065,0.191993
-0.59746065,0.287989
-0.59726065,0.223991
-0.59706065,0.25599
-0.59686065,0.287989
-0.59666065,0.25599
-0.59646065,0.25599
-0.59626065,0.287989
-0.59606065,0.25599
-0.59586065,0.287989
-0.59566065,0.287989
-0.59546065,0.287989
-0.59526065,0.319988
-0.59506065,0.319988
-0.59486065,0.319988
-0.59466065,0.319988
-0.59446065,0.319988
-0.59426065,0.287989
-0.59406065,0.287989
-0.59386065,0.383985
-0.59366065,0.351986
-0.59346065,0.319988
-0.59326065,0.351986
-0.59306065,0.319988
-0.59286065,0.319988
-0.59266065,0.383985
-0.59246065,0.319988
-0.59226065,0.287989
-0.59206065,0.351986
-0.59186065,0.351986
-0.59166065,0.351986
-0.59146065,0.383985
-0.59126065,0.383985
-0.59106065,0.383985
-0.59086065,0.415984
-0.59066065,0.351986
-0.59046065,0.351986
-0.59026065,0.383985
-0.59006065,0.415984
-0.58986065,0.415984
-0.58966065,0.447983
-0.58946065,0.415984
-0.58926065,0.447983
-0.58906065,0.415984
-0.58886065,0.415984
-0.58866065,0.415984
-0.58846065,0.415984
-0.58826065,0.447983
-0.58806065,0.447983
-0.58786065,0.479982
-0.58766065,0.51198
-0.58746065,0.479982
-0.58726065,0.479982
-0.58706065,0.51198
-0.58686065,0.447983
-0.58666065,0.479982
-0.58646065,0.447983
-0.58626065,0.447983
-0.58606065,0.543979
-0.58586065,0.51198
-0.58566065,0.51198
-0.58546065,0.51198
-0.58526065,0.51198
-0.58506065,0.543979
-0.58486065,0.51198
-0.58466065,0.51198
-0.58446065,0.479982
-0.58426065,0.543979
-0.58406065,0.575978
-0.58386065,0.543979
-0.58366065,0.575978
-0.58346065,0.575978
-0.58326065,0.543979
-0.58306065,0.575978
-0.58286065,0.639975
-0.58266065,0.575978
-0.58246065,0.575978
-0.58226065,0.607977
-0.58206065,0.607977
-0.58186065,0.575978
-0.58166065,0.639975
-0.58146065,0.575978
-0.58126065,0.639975
-0.58106065,0.639975
-0.58086065,0.639975
-0.58066065,0.607977
-0.58046065,0.639975
-0.58026065,0.607977
-0.58006065,0.639975
-0.57986065,0.671974
-0.57966065,0.607977
-0.57946065,0.671974
-0.57926065,0.639975
-0.57906065,0.575978
-0.57886065,0.639975
-0.57866065,0.703973
-0.57846065,0.639975
-0.57826065,0.671974
-0.57806065,0.639975
-0.57786065,0.671974
-0.57766065,0.639975
-0.57746065,0.767971
-0.57726065,0.671974
-0.57706065,0.671974
-0.57686065,0.703973
-0.57666065,0.639975
-0.57646065,0.703973
-0.57626065,0.767971
-0.57606065,0.703973
-0.57586065,0.703973
-0.57566065,0.735972
-0.57546065,0.735972
-0.57526065,0.735972
-0.57506065,0.735972
-0.57486065,0.703973
-0.57466065,0.767971
-0.57446065,0.767971
-0.57426065,0.703973
-0.57406065,0.767971
-0.57386065,0.831968
-0.57366065,0.767971
-0.57346065,0.799969
-0.57326065,0.767971
-0.57306065,0.735972
-0.57286065,0.735972
-0.57266065,0.799969
-0.57246065,0.799969
-0.57226065,0.799969
-0.57206065,0.831968
-0.57186065,0.831968
-0.57166065,0.831968
-0.57146065,0.831968
-0.57126065,0.799969
-0.57106065,0.799969
-0.57086065,0.831968
-0.57066065,0.831968
-0.57046065,0.799969
-0.57026065,0.863967
-0.57006065,0.831968
-0.56986065,0.831968
-0.56966065,0.863967
-0.56946065,0.831968
-0.56926065,0.831968
-0.56906065,0.895966
-0.56886065,0.831968
-0.56866065,0.831968
-0.56846065,0.895966
-0.56826065,0.863967
-0.56806065,0.863967
-0.56786065,0.927964
-0.56766065,0.863967
-0.56746065,0.895966
-0.56726065,0.927964
-0.56706065,0.927964
-0.56686065,0.895966
-0.56666065,0.895966
-0.56646065,0.895966
-0.56626065,0.927964
-0.56606065,0.927964
-0.56586065,0.927964
-0.56566065,0.927964
-0.56546065,0.927964
-0.56526065,0.927964
-0.56506065,0.927964
-0.56486065,0.927964
-0.56466065,0.927964
-0.56446065,0.959963
-0.56426065,0.959963
-0.56406065,0.927964
-0.56386065,0.927964
-0.56366065,0.959963
-0.56346065,0.959963
-0.56326065,0.927964
-0.56306065,0.959963
-0.56286065,0.959963
-0.56266065,0.959963
-0.56246065,0.991962
-0.56226065,0.959963
-0.56206065,0.991962
-0.56186065,1.02396
-0.56166065,0.991962
-0.56146065,0.991962
-0.56126065,0.991962
-0.56106065,0.959963
-0.56086065,0.959963
-0.56066065,0.991962
-0.56046065,0.991962
-0.56026065,1.02396
-0.56006065,0.991962
-0.55986065,1.02396
-0.55966065,1.02396
-0.55946065,1.02396
-0.55926065,1.05596
-0.55906065,1.02396
-0.55886065,1.05596
-0.55866065,1.02396
-0.55846065,1.05596
-0.55826065,1.08796
-0.55806065,1.02396
-0.55786065,1.05596
-0.55766065,1.05596
-0.55746065,0.991962
-0.55726065,1.05596
-0.55706065,1.08796
-0.55686065,1.05596
-0.55666065,1.02396
-0.55646065,1.05596
-0.55626065,1.05596
-0.55606065,1.08796
-0.55586065,1.05596
-0.55566065,1.05596
-0.55546065,1.05596
-0.55526065,1.08796
-0.55506065,1.08796
-0.55486065,1.11996
-0.55466065,1.08796
-0.55446065,1.11996
-0.55426065,1.11996
-0.55406065,1.15196
-0.55386065,1.08796
-0.55366065,1.11996
-0.55346065,1.11996
-0.55326065,1.11996
-0.55306065,1.11996
-0.55286065,1.08796
-0.55266065,1.11996
-0.55246065,1.11996
-0.55226065,1.15196
-0.55206065,1.11996
-0.55186065,1.08796
-0.55166065,1.08796
-0.55146065,1.15196
-0.55126065,1.11996
-0.55106065,1.11996
-0.55086065,1.11996
-0.55066065,1.15196
-0.55046065,1.11996
-0.55026065,1.11996
-0.55006065,1.15196
-0.54986065,1.11996
-0.54966065,1.15196
-0.54946065,1.18395
-0.54926065,1.15196
-0.54906065,1.15196
-0.54886065,1.21595
-0.54866065,1.11996
-0.54846065,1.15196
-0.54826065,1.15196
-0.54806065,1.15196
-0.54786065,1.18395
-0.54766065,1.18395
-0.54746065,1.15196
-0.54726065,1.15196
-0.54706065,1.15196
-0.54686065,1.21595
-0.54666065,1.15196
-0.54646065,1.18395
-0.54626065,1.18395
-0.54606065,1.18395
-0.54586065,1.21595
-0.54566065,1.21595
-0.54546065,1.21595
-0.54526065,1.21595
-0.54506065,1.18395
-0.54486065,1.21595
-0.54466065,1.21595
-0.54446065,1.21595
-0.54426065,1.21595
-0.54406065,1.21595
-0.54386065,1.27995
-0.54366065,1.21595
-0.54346065,1.21595
-0.54326065,1.21595
-0.54306065,1.18395
-0.54286065,1.21595
-0.54266065,1.21595
-0.54246065,1.24795
-0.54226065,1.21595
-0.54206065,1.18395
-0.54186065,1.24795
-0.54166065,1.27995
-0.54146065,1.21595
-0.54126065,1.21595
-0.54106065,1.21595
-0.54086065,1.21595
-0.54066065,1.21595
-0.54046065,1.18395
-0.54026065,1.21595
-0.54006065,1.18395
-0.53986065,1.21595
-0.53966065,1.18395
-0.53946065,1.21595
-0.53926065,1.24795
-0.53906065,1.27995
-0.53886065,1.27995
-0.53866065,1.24795
-0.53846065,1.27995
-0.53826065,1.24795
-0.53806065,1.21595
-0.53786065,1.27995
-0.53766065,1.24795
-0.53746065,1.24795
-0.53726065,1.27995
-0.53706065,1.24795
-0.53686065,1.24795
-0.53666065,1.24795
-0.53646065,1.27995
-0.53626065,1.21595
-0.53606065,1.27995
-0.53586065,1.21595
-0.53566065,1.24795
-0.53546065,1.27995
-0.53526065,1.24795
-0.53506065,1.24795
-0.53486065,1.27995
-0.53466065,1.24795
-0.53446065,1.31195
-0.53426065,1.24795
-0.53406065,1.24795
-0.53386065,1.27995
-0.53366065,1.24795
-0.53346065,1.27995
-0.53326065,1.24795
-0.53306065,1.27995
-0.53286065,1.27995
-0.53266065,1.27995
-0.53246065,1.21595
-0.53226065,1.27995
-0.53206065,1.27995
-0.53186065,1.27995
-0.53166065,1.27995
-0.53146065,1.27995
-0.53126065,1.27995
-0.53106065,1.24795
-0.53086065,1.27995
-0.53066065,1.24795
-0.53046065,1.27995
-0.53026065,1.31195
-0.53006065,1.34395
-0.52986065,1.27995
-0.52966065,1.24795
-0.52946065,1.24795
-0.52926065,1.27995
-0.52906065,1.31195
-0.52886065,1.27995
-0.52866065,1.27995
-0.52846065,1.31195
-0.52826065,1.34395
-0.52806065,1.27995
-0.52786065,1.27995
-0.52766065,1.27995
-0.52746065,1.27995
-0.52726065,1.31195
-0.52706065,1.31195
-0.52686065,1.27995
-0.52666065,1.27995
-0.52646065,1.31195
-0.52626065,1.27995
-0.52606065,1.31195
-0.52586065,1.34395
-0.52566065,1.24795
-0.52546065,1.31195
-0.52526065,1.31195
-0.52506065,1.31195
-0.52486065,1.31195
-0.52466065,1.34395
-0.52446065,1.27995
-0.52426065,1.27995
-0.52406065,1.34395
-0.52386065,1.27995
-0.52366065,1.31195
-0.52346065,1.34395
-0.52326065,1.27995
-0.52306065,1.31195
-0.52286065,1.37595
-0.52266065,1.27995
-0.52246065,1.31195
-0.52226065,1.34395
-0.52206065,1.31195
-0.52186065,1.27995
-0.52166065,1.34395
-0.52146065,1.34395
-0.52126065,1.27995
-0.52106065,1.34395
-0.52086065,1.34395
-0.52066065,1.34395
-0.52046065,1.37595
-0.52026065,1.31195
-0.52006065,1.40795
-0.51986065,1.34395
-0.51966065,1.34395
-0.51946065,1.37595
-0.51926065,1.34395
-0.51906065,1.31195
-0.51886065,1.37595
-0.51866065,1.34395
-0.51846065,1.34395
-0.51826065,1.37595
-0.51806065,1.34395
-0.51786065,1.34395
-0.51766065,1.37595
-0.51746065,1.37595
-0.51726065,1.31195
-0.51706065,1.37595
-0.51686065,1.34395
-0.51666065,1.37595
-0.51646065,1.34395
-0.51626065,1.37595
-0.51606065,1.34395
-0.51586065,1.37595
-0.51566065,1.37595
-0.51546065,1.31195
-0.51526065,1.34395
-0.51506065,1.34395
-0.51486065,1.37595
-0.51466065,1.34395
-0.51446065,1.34395
-0.51426065,1.31195
-0.51406065,1.40795
-0.51386065,1.40795
-0.51366065,1.34395
-0.51346065,1.34395
-0.51326065,1.37595
-0.51306065,1.34395
-0.51286065,1.37595
-0.51266065,1.34395
-0.51246065,1.27995
-0.51226065,1.34395
-0.51206065,1.34395
-0.51186065,1.31195
-0.51166065,1.37595
-0.51146065,1.37595
-0.51126065,1.31195
-0.51106065,1.31195
-0.51086065,1.37595
-0.51066065,1.34395
-0.51046065,1.34395
-0.51026065,1.37595
-0.51006065,1.34395
-0.50986065,1.34395
-0.50966065,1.34395
-0.50946065,1.31195
-0.50926065,1.34395
-0.50906065,1.34395
-0.50886065,1.34395
-0.50866065,1.31195
-0.50846065,1.34395
-0.50826065,1.31195
-0.50806065,1.31195
-0.50786065,1.34395
-0.50766065,1.31195
-0.50746065,1.34395
-0.50726065,1.37595
-0.50706065,1.31195
-0.50686065,1.34395
-0.50666065,1.34395
-0.50646065,1.34395
-0.50626065,1.31195
-0.50606065,1.34395
-0.50586065,1.31195
-0.50566065,1.34395
-0.50546065,1.31195
-0.50526065,1.31195
-0.50506065,1.31195
-0.50486065,1.34395
-0.50466065,1.27995
-0.50446065,1.34395
-0.50426065,1.37595
-0.50406065,1.31195
-0.50386065,1.31195
-0.50366065,1.37595
-0.50346065,1.34395
-0.50326065,1.31195
-0.50306065,1.34395
-0.50286065,1.27995
-0.50266065,1.34395
-0.50246065,1.34395
-0.50226065,1.31195
-0.50206065,1.31195
-0.50186065,1.31195
-0.50166065,1.31195
-0.50146065,1.27995
-0.50126065,1.31195
-0.50106065,1.31195
-0.50086065,1.34395
-0.50066065,1.31195
-0.50046065,1.27995
-0.50026065,1.31195
-0.50006065,1.31195
-0.49986065,1.24795
-0.49966065,1.31195
-0.49946065,1.31195
-0.49926065,1.27995
-0.49906065,1.31195
-0.49886065,1.34395
-0.49866065,1.34395
-0.49846065,1.31195
-0.49826065,1.34395
-0.49806065,1.27995
-0.49786065,1.34395
-0.49766065,1.31195
-0.49746065,1.34395
-0.49726065,1.31195
-0.49706065,1.31195
-0.49686065,1.34395
-0.49666065,1.31195
-0.49646065,1.31195
-0.49626065,1.27995
-0.49606065,1.27995
-0.49586065,1.31195
-0.49566065,1.31195
-0.49546065,1.27995
-0.49526065,1.34395
-0.49506065,1.27995
-0.49486065,1.27995
-0.49466065,1.24795
-0.49446065,1.27995
-0.49426065,1.24795
-0.49406065,1.27995
-0.49386065,1.27995
-0.49366065,1.27995
-0.49346065,1.24795
-0.49326065,1.21595
-0.49306065,1.27995
-0.49286065,1.27995
-0.49266065,1.24795
-0.49246065,1.21595
-0.49226065,1.24795
-0.49206065,1.24795
-0.49186065,1.21595
-0.49166065,1.18395
-0.49146065,1.21595
-0.49126065,1.21595
-0.49106065,1.27995
-0.49086065,1.21595
-0.49066065,1.21595
-0.49046065,1.24795
-0.49026065,1.21595
-0.49006065,1.21595
-0.48986065,1.24795
-0.48966065,1.21595
-0.48946065,1.18395
-0.48926065,1.24795
-0.48906065,1.21595
-0.48886065,1.18395
-0.48866065,1.18395
-0.48846065,1.18395
-0.48826065,1.18395
-0.48806065,1.18395
-0.48786065,1.18395
-0.48766065,1.18395
-0.48746065,1.11996
-0.48726065,1.18395
-0.48706065,1.18395
-0.48686065,1.15196
-0.48666065,1.18395
-0.48646065,1.18395
-0.48626065,1.15196
-0.48606065,1.11996
-0.48586065,1.15196
-0.48566065,1.11996
-0.48546065,1.11996
-0.48526065,1.11996
-0.48506065,1.11996
-0.48486065,1.11996
-0.48466065,1.11996
-0.48446065,1.08796
-0.48426065,1.15196
-0.48406065,1.11996
-0.48386065,1.08796
-0.48366065,1.11996
-0.48346065,1.11996
-0.48326065,1.08796
-0.48306065,1.08796
-0.48286065,1.11996
-0.48266065,1.08796
-0.48246065,1.11996
-0.48226065,1.11996
-0.48206065,1.08796
-0.48186065,1.08796
-0.48166065,1.05596
-0.48146065,1.08796
-0.48126065,1.08796
-0.48106065,1.08796
-0.48086065,1.05596
-0.48066065,1.05596
-0.48046065,1.05596
-0.48026065,1.02396
-0.48006065,1.02396
-0.47986065,1.05596
-0.47966065,1.08796
-0.47946065,1.02396
-0.47926065,1.05596
-0.47906065,1.05596
-0.47886065,1.02396
-0.47866065,1.02396
-0.47846065,1.02396
-0.47826065,0.991962
-0.47806065,0.991962
-0.47786065,1.02396
-0.47766065,1.05596
-0.47746065,0.991962
-0.47726065,1.02396
-0.47706065,1.02396
-0.47686065,1.02396
-0.47666065,0.991962
-0.47646065,0.959963
-0.47626065,0.927964
-0.47606065,0.959963
-0.47586065,0.927964
-0.47566065,0.927964
-0.47546065,0.959963
-0.47526065,0.927964
-0.47506065,0.959963
-0.47486065,0.959963
-0.47466065,0.927964
-0.47446065,0.927964
-0.47426065,0.927964
-0.47406065,0.863967
-0.47386065,0.927964
-0.47366065,0.927964
-0.47346065,0.895966
-0.47326065,0.927964
-0.47306065,0.927964
-0.47286065,0.895966
-0.47266065,0.895966
-0.47246065,0.927964
-0.47226065,0.863967
-0.47206065,0.863967
-0.47186065,0.895966
-0.47166065,0.831968
-0.47146065,0.863967
-0.47126065,0.895966
-0.47106065,0.831968
-0.47086065,0.863967
-0.47066065,0.895966
-0.47046065,0.863967
-0.47026065,0.831968
-0.47006065,0.863967
-0.46986065,0.831968
-0.46966065,0.767971
-0.46946065,0.831968
-0.46926065,0.831968
-0.46906065,0.799969
-0.46886065,0.799969
-0.46866065,0.767971
-0.46846065,0.799969
-0.46826065,0.831968
-0.46806065,0.799969
-0.46786065,0.767971
-0.46766065,0.799969
-0.46746065,0.799969
-0.46726065,0.767971
-0.46706065,0.799969
-0.46686065,0.767971
-0.46666065,0.735972
-0.46646065,0.767971
-0.46626065,0.735972
-0.46606065,0.703973
-0.46586065,0.735972
-0.46566065,0.703973
-0.46546065,0.703973
-0.46526065,0.767971
-0.46506065,0.735972
-0.46486065,0.703973
-0.46466065,0.639975
-0.46446065,0.639975
-0.46426065,0.671974
-0.46406065,0.639975
-0.46386065,0.639975
-0.46366065,0.671974
-0.46346065,0.703973
-0.46326065,0.639975
-0.46306065,0.639975
-0.46286065,0.607977
-0.46266065,0.575978
-0.46246065,0.607977
-0.46226065,0.607977
-0.46206065,0.575978
-0.46186065,0.607977
-0.46166065,0.607977
-0.46146065,0.607977
-0.46126065,0.575978
-0.46106065,0.607977
-0.46086065,0.575978
-0.46066065,0.575978
-0.46046065,0.607977
-0.46026065,0.543979
-0.46006065,0.575978
-0.45986065,0.575978
-0.45966065,0.51198
-0.45946065,0.575978
-0.45926065,0.575978
-0.45906065,0.575978
-0.45886065,0.51198
-0.45866065,0.51198
-0.45846065,0.51198
-0.45826065,0.51198
-0.45806065,0.51198
-0.45786065,0.51198
-0.45766065,0.543979
-0.45746065,0.543979
-0.45726065,0.51198
-0.45706065,0.479982
-0.45686065,0.575978
-0.45666065,0.51198
-0.45646065,0.51198
-0.45626065,0.51198
-0.45606065,0.447983
-0.45586065,0.479982
-0.45566065,0.479982
-0.45546065,0.479982
-0.45526065,0.447983
-0.45506065,0.415984
-0.45486065,0.415984
-0.45466065,0.415984
-0.45446065,0.415984
-0.45426065,0.351986
-0.45406065,0.447983
-0.45386065,0.415984
-0.45366065,0.383985
-0.45346065,0.447983
-0.45326065,0.351986
-0.45306065,0.351986
-0.45286065,0.383985
-0.45266065,0.351986
-0.45246065,0.383985
-0.45226065,0.415984
-0.45206065,0.383985
-0.45186065,0.351986
-0.45166065,0.383985
-0.45146065,0.351986
-0.45126065,0.351986
-0.45106065,0.383985
-0.45086065,0.383985
-0.45066065,0.351986
-0.45046065,0.351986
-0.45026065,0.351986
-0.45006065,0.351986
-0.44986065,0.351986
-0.44966065,0.351986
-0.44946065,0.351986
-0.44926065,0.383985
-0.44906065,0.287989
-0.44886065,0.319988
-0.44866065,0.351986
-0.44846065,0.319988
-0.44826065,0.287989
-0.44806065,0.319988
-0.44786065,0.319988
-0.44766065,0.319988
-0.44746065,0.287989
-0.44726065,0.25599
-0.44706065,0.287989
-0.44686065,0.287989
-0.44666065,0.287989
-0.44646065,0.287989
-0.44626065,0.25599
-0.44606065,0.25599
-0.44586065,0.25599
-0.44566065,0.287989
-0.44546065,0.223991
-0.44526065,0.191993
-0.44506065,0.25599
-0.44486065,0.191993
-0.44466065,0.25599
-0.44446065,0.25599
-0.44426065,0.25599
-0.44406065,0.25599
-0.44386065,0.223991
-0.44366065,0.191993
-0.44346065,0.223991
-0.44326065,0.223991
-0.44306065,0.159994
-0.44286065,0.191993
-0.44266065,0.223991
-0.44246065,0.191993
-0.44226065,0.191993
-0.44206065,0.159994
-0.44186065,0.159994
-0.44166065,0.127995
-0.44146065,0.159994
-0.44126065,0.159994
-0.44106065,0.127995
-0.44086065,0.159994
-0.44066065,0.127995
-0.44046065,0.127995
-0.44026065,0.159994
-0.44006065,0.127995
-0.43986065,0.127995
-0.43966065,0.127995
-0.43946065,0.127995
-0.43926065,0.127995
-0.43906065,0.127995
-0.43886065,0.0639975
-0.43866065,0.0639975
-0.43846065,0.0639975
-0.43826065,0.0959963
-0.43806065,0.0959963
-0.43786065,0.127995
-0.43766065,0.0959963
-0.43746065,0.0639975
-0.43726065,0.0959963
-0.43706065,0.0959963
-0.43686065,0.0639975
-0.43666065,0.0639975
-0.43646065,0.0639975
-0.43626065,0.0639975
-0.43606065,0.0639975
-0.43586065,0.0319988
-0.43566065,0.0639975
-0.43546065,0.0639975
-0.43526065,0.0639975
-0.43506065,0.0319988
-0.43486065,0.0639975
-0.43466065,0.0639975
-0.43446065,0.0319988
-0.43426065,0
-0.43406065,0
-0.43386065,0.0319988
-0.43366065,0.0319988
-0.43346065,0.0319988
-0.43326065,0.0319988
-0.43306065,0
-0.43286065,0.0319988
-0.43266065,0.0319988
-0.43246065,0.0319988
-0.43226065,0
-0.43206065,0.0319988
-0.43186065,0.0639975
-0.43166065,0
-0.43146065,-0.0319988
-0.43126065,0.0639975
-0.43106065,-0.0639975
-0.43086065,0
-0.43066065,0
-0.43046065,0
-0.43026065,0
-0.43006065,-0.0319988
-0.42986065,0
-0.42966065,0
-0.42946065,-0.0319988
-0.42926065,-0.0319988
-0.42906065,-0.0639975
-0.42886065,0
-0.42866065,-0.0319988
-0.42846065,-0.0319988
-0.42826065,-0.0319988
-0.42806065,-0.0639975
-0.42786065,-0.0319988
-0.42766065,-0.0319988
-0.42746065,-0.0639975
-0.42726065,-0.0639975
-0.42706065,0
-0.42686065,-0.0319988
-0.42666065,-0.0639975
-0.42646065,-0.0639975
-0.42626065,-0.0639975
-0.42606065,-0.0959963
-0.42586065,-0.0639975
-0.42566065,-0.0639975
-0.42546065,-0.0959963
-0.42526065,-0.0639975
-0.42506065,-0.0639975
-0.42486065,-0.127995
-0.42466065,-0.0639975
-0.42446065,-0.127995
-0.42426065,-0.0639975
-0.42406065,-0.0639975
-0.42386065,-0.0639975
-0.42366065,-0.0959963
-0.42346065,-0.0959963
-0.42326065,-0.0959963
-0.42306065,-0.0959963
-0.42286065,-0.0959963
-0.42266065,-0.0639975
-0.42246065,-0.127995
-0.42226065,-0.0959963
-0.42206065,-0.0959963
-0.42186065,-0.159994
-0.42166065,-0.127995
-0.42146065,-0.0959963
-0.42126065,-0.127995
-0.42106065,-0.127995
-0.42086065,-0.0959963
-0.42066065,-0.127995
-0.42046065,-0.127995
-0.42026065,-0.0959963
-0.42006065,-0.159994
-0.41986065,-0.0959963
-0.41966065,-0.127995
-0.41946065,-0.127995
-0.41926065,-0.159994
-0.41906065,-0.127995
-0.41886065,-0.159994
-0.41866065,-0.0959963
-0.41846065,-0.0959963
-0.41826065,-0.159994
-0.41806065,-0.159994
-0.41786065,-0.159994
-0.41766065,-0.159994
-0.41746065,-0.127995
-0.41726065,-0.159994
-0.41706065,-0.191993
-0.41686065,-0.127995
-0.41666065,-0.159994
-0.41646065,-0.191993
-0.41626065,-0.191993
-0.41606065,-0.191993
-0.41586065,-0.223991
-0.41566065,-0.127995
-0.41546065,-0.191993
-0.41526065,-0.223991
-0.41506065,-0.191993
-0.41486065,-0.159994
-0.41466065,-0.191993
-0.41446065,-0.191993
-0.41426065,-0.191993
-0.41406065,-0.223991
-0.41386065,-0.223991
-0.41366065,-0.191993
-0.41346065,-0.223991
-0.41326065,-0.159994
-0.41306065,-0.159994
-0.41286065,-0.223991
-0.41266065,-0.191993
-0.41246065,-0.191993
-0.41226065,-0.223991
-0.41206065,-0.25599
-0.41186065,-0.191993
-0.41166065,-0.223991
-0.41146065,-0.191993
-0.41126065,-0.191993
-0.41106065,-0.25599
-0.41086065,-0.191993
-0.41066065,-0.191993
-0.41046065,-0.191993
-0.41026065,-0.223991
-0.41006065,-0.191993
-0.40986065,-0.191993
-0.40966065,-0.223991
-0.40946065,-0.223991
-0.40926065,-0.191993
-0.40906065,-0.223991
-0.40886065,-0.223991
-0.40866065,-0.25599
-0.40846065,-0.223991
-0.40826065,-0.25599
-0.40806065,-0.223991
-0.40786065,-0.223991
-0.40766065,-0.223991
-0.40746065,-0.25599
-0.40726065,-0.191993
-0.40706065,-0.191993
-0.40686065,-0.25599
-0.40666065,-0.25599
-0.40646065,-0.223991
-0.40626065,-0.223991
-0.40606065,-0.223991
-0.40586065,-0.25599
-0.40566065,-0.223991
-0.40546065,-0.287989
-0.40526065,-0.25599
-0.40506065,-0.25599
-0.40486065,-0.191993
-0.40466065,-0.319988
-0.40446065,-0.287989
-0.40426065,-0.223991
-0.40406065,-0.223991
-0.40386065,-0.25599
-0.40366065,-0.287989
-0.40346065,-0.191993
-0.40326065,-0.25599
-0.40306065,-0.287989
-0.40286065,-0.287989
-0.40266065,-0.287989
-0.40246065,-0.25599
-0.40226065,-0.25599
-0.40206065,-0.287989
-0.40186065,-0.287989
-0.40166065,-0.25599
-0.40146065,-0.287989
-0.40126065,-0.25599
-0.40106065,-0.287989
-0.40086065,-0.287989
-0.40066065,-0.287989
-0.40046065,-0.25599
-0.40026065,-0.287989
-0.40006065,-0.319988
-0.39986065,-0.287989
-0.39966065,-0.319988
-0.39946065,-0.287989
-0.39926065,-0.319988
-0.39906065,-0.287989
-0.39886065,-0.287989
-0.39866065,-0.223991
-0.39846065,-0.287989
-0.39826065,-0.287989
-0.39806065,-0.287989
-0.39786065,-0.287989
-0.39766065,-0.319988
-0.39746065,-0.319988
-0.39726065,-0.287989
-0.39706065,-0.319988
-0.39686065,-0.319988
-0.39666065,-0.319988
-0.39646065,-0.319988
-0.39626065,-0.287989
-0.39606065,-0.287989
-0.39586065,-0.287989
-0.39566065,-0.25599
-0.39546065,-0.287989
-0.39526065,-0.319988
-0.39506065,-0.287989
-0.39486065,-0.25599
-0.39466065,-0.287989
-0.39446065,-0.25599
-0.39426065,-0.287989
-0.39406065,-0.287989
-0.39386065,-0.319988
-0.39366065,-0.287989
-0.39346065,-0.25599
-0.39326065,-0.287989
-0.39306065,-0.25599
-0.39286065,-0.287989
-0.39266065,-0.287989
-0.39246065,-0.287989
-0.39226065,-0.287989
-0.39206065,-0.319988
-0.39186065,-0.319988
-0.39166065,-0.319988
-0.39146065,-0.25599
-0.39126065,-0.287989
-0.39106065,-0.319988
-0.39086065,-0.287989
-0.39066065,-0.287989
-0.39046065,-0.287989
-0.39026065,-0.319988
-0.39006065,-0.287989
-0.38986065,-0.287989
-0.38966065,-0.351986
-0.38946065,-0.287989
-0.38926065,-0.319988
-0.38906065,-0.287989
-0.38886065,-0.287989
-0.38866065,-0.287989
-0.38846065,-0.319988
-0.38826065,-0.319988
-0.38806065,-0.287989
-0.38786065,-0.319988
-0.38766065,-0.287989
-0.38746065,-0.319988
-0.38726065,-0.319988
-0.38706065,-0.319988
-0.38686065,-0.287989
-0.38666065,-0.319988
-0.38646065,-0.287989
-0.38626065,-0.319988
-0.38606065,-0.287989
-0.38586065,-0.351986
-0.38566065,-0.351986
-0.38546065,-0.319988
-0.38526065,-0.287989
-0.38506065,-0.319988
-0.38486065,-0.319988
-0.38466065,-0.287989
-0.38446065,-0.319988
-0.38426065,-0.287989
-0.38406065,-0.287989
-0.38386065,-0.351986
-0.38366065,-0.287989
-0.38346065,-0.287989
-0.38326065,-0.351986
-0.38306065,-0.319988
-0.38286065,-0.319988
-0.38266065,-0.319988
-0.38246065,-0.351986
-0.38226065,-0.351986
-0.38206065,-0.319988
-0.38186065,-0.319988
-0.38166065,-0.287989
-0.38146065,-0.319988
-0.38126065,-0.287989
-0.38106065,-0.319988
-0.38086065,-0.351986
-0.38066065,-0.319988
-0.38046065,-0.383985
-0.38026065,-0.351986
-0.38006065,-0.319988
-0.37986065,-0.351986
-0.37966065,-0.383985
-0.37946065,-0.351986
-0.37926065,-0.319988
-0.37906065,-0.383985
-0.37886065,-0.319988
-0.37866065,-0.351986
-0.37846065,-0.351986
-0.37826065,-0.383985
-0.37806065,-0.383985
-0.37786065,-0.383985
-0.37766065,-0.351986
-0.37746065,-0.351986
-0.37726065,-0.383985
-0.37706065,-0.415984
-0.37686065,-0.319988
-0.37666065,-0.383985
-0.37646065,-0.415984
-0.37626065,-0.351986
-0.37606065,-0.415984
-0.37586065,-0.383985
-0.37566065,-0.351986
-0.37546065,-0.415984
-0.37526065,-0.351986
-0.37506065,-0.351986
-0.37486065,-0.383985
-0.37466065,-0.447983
-0.37446065,-0.415984
-0.37426065,-0.415984
-0.37406065,-0.383985
-0.37386065,-0.383985
-0.37366065,-0.415984
-0.37346065,-0.415984
-0.37326065,-0.415984
-0.37306065,-0.415984
-0.37286065,-0.415984
-0.37266065,-0.383985
-0.37246065,-0.415984
-0.37226065,-0.415984
-0.37206065,-0.383985
-0.37186065,-0.447983
-0.37166065,-0.415984
-0.37146065,-0.415984
-0.37126065,-0.415984
-0.37106065,-0.447983
-0.37086065,-0.415984
-0.37066065,-0.415984
-0.37046065,-0.415984
-0.37026065,-0.415984
-0.37006065,-0.383985
-0.36986065,-0.383985
-0.36966065,-0.447983
-0.36946065,-0.447983
-0.36926065,-0.447983
-0.36906065,-0.415984
-0.36886065,-0.447983
-0.36866065,-0.415984
-0.36846065,-0.415984
-0.36826065,-0.479982
-0.36806065,-0.447983
-0.36786065,-0.383985
-0.36766065,-0.479982
-0.36746065,-0.415984
-0.36726065,-0.447983
-0.36706065,-0.479982
-0.36686065,-0.447983
-0.36666065,-0.447983
-0.36646065,-0.447983
-0.36626065,-0.447983
-0.36606065,-0.415984
-0.36586065,-0.447983
-0.36566065,-0.447983
-0.36546065,-0.415984
-0.36526065,-0.479982
-0.36506065,-0.415984
-0.36486065,-0.447983
-0.36466065,-0.447983
-0.36446065,-0.447983
-0.36426065,-0.415984
-0.36406065,-0.479982
-0.36386065,-0.447983
-0.36366065,-0.415984
-0.36346065,-0.447983
-0.36326065,-0.479982
-0.36306065,-0.415984
-0.36286065,-0.447983
-0.36266065,-0.447983
-0.36246065,-0.415984
-0.36226065,-0.447983
-0.36206065,-0.415984
-0.36186065,-0.415984
-0.36166065,-0.447983
-0.36146065,-0.415984
-0.36126065,-0.415984
-0.36106065,-0.447983
-0.36086065,-0.447983
-0.36066065,-0.383985
-0.36046065,-0.447983
-0.36026065,-0.447983
-0.36006065,-0.447983
-0.35986065,-0.447983
-0.35966065,-0.415984
-0.35946065,-0.415984
-0.35926065,-0.447983
-0.35906065,-0.415984
-0.35886065,-0.447983
-0.35866065,-0.447983
-0.35846065,-0.415984
-0.35826065,-0.415984
-0.35806065,-0.447983
-0.35786065,-0.415984
-0.35766065,-0.415984
-0.35746065,-0.447983
-0.35726065,-0.415984
-0.35706065,-0.447983
-0.35686065,-0.447983
-0.35666065,-0.447983
-0.35646065,-0.447983
-0.35626065,-0.415984
-0.35606065,-0.415984
-0.35586065,-0.447983
-0.35566065,-0.447983
-0.35546065,-0.415984
-0.35526065,-0.415984
-0.35506065,-0.479982
-0.35486065,-0.415984
-0.35466065,-0.415984
-0.35446065,-0.447983
-0.35426065,-0.479982
-0.35406065,-0.415984
-0.35386065,-0.447983
-0.35366065,-0.447983
-0.35346065,-0.415984
-0.35326065,-0.447983
-0.35306065,-0.447983
-0.35286065,-0.415984
-0.35266065,-0.447983
-0.35246065,-0.447983
-0.35226065,-0.383985
-0.35206065,-0.447983
-0.35186065,-0.447983
-0.35166065,-0.447983
-0.35146065,-0.447983
-0.35126065,-0.447983
-0.35106065,-0.447983
-0.35086065,-0.479982
-0.35066065,-0.415984
-0.35046065,-0.415984
-0.35026065,-0.447983
-0.35006065,-0.447983
-0.34986065,-0.415984
-0.34966065,-0.479982
-0.34946065,-0.479982
-0.34926065,-0.447983
-0.34906065,-0.447983
-0.34886065,-0.383985
-0.34866065,-0.447983
-0.34846065,-0.415984
-0.34826065,-0.447983
-0.34806065,-0.479982
-0.34786065,-0.447983
-0.34766065,-0.447983
-0.34746065,-0.415984
-0.34726065,-0.447983
-0.34706065,-0.447983
-0.34686065,-0.447983
-0.34666065,-0.447983
-0.34646065,-0.447983
-0.34626065,-0.383985
-0.34606065,-0.447983
-0.34586065,-0.447983
-0.34566065,-0.415984
-0.34546065,-0.447983
-0.34526065,-0.383985
-0.34506065,-0.383985
-0.34486065,-0.415984
-0.34466065,-0.415984
-0.34446065,-0.383985
-0.34426065,-0.383985
-0.34406065,-0.415984
-0.34386065,-0.415984
-0.34366065,-0.447983
-0.34346065,-0.415984
-0.34326065,-0.351986
-0.34306065,-0.415984
-0.34286065,-0.415984
-0.34266065,-0.415984
-0.34246065,-0.447983
-0.34226065,-0.415984
-0.34206065,-0.351986
-0.34186065,-0.351986
-0.34166065,-0.383985
-0.34146065,-0.383985
-0.34126065,-0.415984
-0.34106065,-0.415984
-0.34086065,-0.351986
-0.34066065,-0.415984
-0.34046065,-0.447983
-0.34026065,-0.383985
-0.34006065,-0.415984
-0.33986065,-0.415984
-0.33966065,-0.383985
-0.33946065,-0.415984
-0.33926065,-0.415984
-0.33906065,-0.415984
-0.33886065,-0.415984
-0.33866065,-0.415984
-0.33846065,-0.383985
-0.33826065,-0.383985
-0.33806065,-0.383985
-0.33786065,-0.383985
-0.33766065,-0.415984
-0.33746065,-0.351986
-0.33726065,-0.383985
-0.33706065,-0.415984
-0.33686065,-0.351986
-0.33666065,-0.351986
-0.33646065,-0.351986
-0.33626065,-0.351986
-0.33606065,-0.351986
-0.33586065,-0.415984
-0.33566065,-0.351986
-0.33546065,-0.319988
-0.33526065,-0.319988
-0.33506065,-0.383985
-0.33486065,-0.383985
-0.33466065,-0.383985
-0.33446065,-0.415984
-0.33426065,-0.319988
-0.33406065,-0.383985
-0.33386065,-0.383985
-0.33366065,-0.351986
-0.33346065,-0.351986
-0.33326065,-0.383985
-0.33306065,-0.351986
-0.33286065,-0.351986
-0.33266065,-0.351986
-0.33246065,-0.351986
-0.33226065,-0.351986
-0.33206065,-0.383985
-0.33186065,-0.351986
-0.33166065,-0.383985
-0.33146065,-0.351986
-0.33126065,-0.351986
-0.33106065,-0.383985
-0.33086065,-0.383985
-0.33066065,-0.351986
-0.33046065,-0.351986
-0.33026065,-0.351986
-0.33006065,-0.351986
-0.32986065,-0.415984
-0.32966065,-0.383985
-0.32946065,-0.351986
-0.32926065,-0.383985
-0.32906065,-0.383985
-0.32886065,-0.351986
-0.32866065,-0.383985
-0.32846065,-0.383985
-0.32826065,-0.351986
-0.32806065,-0.415984
-0.32786065,-0.383985
-0.32766065,-0.383985
-0.32746065,-0.383985
-0.32726065,-0.383985
-0.32706065,-0.383985
-0.32686065,-0.383985
-0.32666065,-0.383985
-0.32646065,-0.383985
-0.32626065,-0.415984
-0.32606065,-0.415984
-0.32586065,-0.383985
-0.32566065,-0.383985
-0.32546065,-0.415984
-0.32526065,-0.351986
-0.32506065,-0.415984
-0.32486065,-0.383985
-0.32466065,-0.383985
-0.32446065,-0.383985
-0.32426065,-0.383985
-0.32406065,-0.415984
-0.32386065,-0.415984
-0.32366065,-0.383985
-0.32346065,-0.415984
-0.32326065,-0.383985
-0.32306065,-0.415984
-0.32286065,-0.351986
-0.32266065,-0.383985
-0.32246065,-0.351986
-0.32226065,-0.383985
-0.32206065,-0.383985
-0.32186065,-0.383985
-0.32166065,-0.351986
-0.32146065,-0.383985
-0.32126065,-0.415984
-0.32106065,-0.415984
-0.32086065,-0.383985
-0.32066065,-0.383985
-0.32046065,-0.415984
-0.32026065,-0.415984
-0.32006065,-0.351986
-0.31986065,-0.351986
-0.31966065,-0.415984
-0.31946065,-0.383985
-0.31926065,-0.383985
-0.31906065,-0.383985
-0.31886065,-0.383985
-0.31866065,-0.383985
-0.31846065,-0.415984
-0.31826065,-0.383985
-0.31806065,-0.383985
-0.31786065,-0.383985
-0.31766065,-0.383985
-0.31746065,-0.383985
-0.31726065,-0.415984
-0.31706065,-0.415984
-0.31686065,-0.351986
-0.31666065,-0.415984
-0.31646065,-0.415984
-0.31626065,-0.351986
-0.31606065,-0.415984
-0.31586065,-0.383985
-0.31566065,-0.383985
-0.31546065,-0.383985
-0.31526065,-0.383985
-0.31506065,-0.383985
-0.31486065,-0.351986
-0.31466065,-0.383985
-0.31446065,-0.351986
-0.31426065,-0.383985
-0.31406065,-0.415984
-0.31386065,-0.415984
-0.31366065,-0.415984
-0.31346065,-0.383985
-0.31326065,-0.351986
-0.31306065,-0.383985
-0.31286065,-0.383985
-0.31266065,-0.383985
-0.31246065,-0.415984
-0.31226065,-0.383985
-0.31206065,-0.383985
-0.31186065,-0.415984
-0.31166065,-0.415984
-0.31146065,-0.351986
-0.31126065,-0.383985
-0.31106065,-0.383985
-0.31086065,-0.351986
-0.31066065,-0.415984
-0.31046065,-0.351986
-0.31026065,-0.319988
-0.31006065,-0.351986
-0.30986065,-0.351986
-0.30966065,-0.319988
-0.30946065,-0.351986
-0.30926065,-0.351986
-0.30906065,-0.351986
-0.30886065,-0.383985
-0.30866065,-0.351986
-0.30846065,-0.351986
-0.30826065,-0.351986
-0.30806065,-0.351986
-0.30786065,-0.351986
-0.30766065,-0.383985
-0.30746065,-0.319988
-0.30726065,-0.319988
-0.30706065,-0.319988
-0.30686065,-0.319988
-0.30666065,-0.319988
-0.30646065,-0.287989
-0.30626065,-0.351986
-0.30606065,-0.319988
-0.30586065,-0.319988
-0.30566065,-0.383985
-0.30546065,-0.351986
-0.30526065,-0.319988
-0.30506065,-0.319988
-0.30486065,-0.351986
-0.30466065,-0.319988
-0.30446065,-0.319988
-0.30426065,-0.319988
-0.30406065,-0.351986
-0.30386065,-0.319988
-0.30366065,-0.287989
-0.30346065,-0.351986
-0.30326065,-0.351986
-0.30306065,-0.319988
-0.30286065,-0.319988
-0.30266065,-0.287989
-0.30246065,-0.287989
-0.30226065,-0.319988
-0.30206065,-0.319988
-0.30186065,-0.287989
-0.30166065,-0.319988
-0.30146065,-0.319988
-0.30126065,-0.287989
-0.30106065,-0.319988
-0.30086065,-0.287989
-0.30066065,-0.287989
-0.30046065,-0.287989
-0.30026065,-0.287989
-0.30006065,-0.287989
-0.29986065,-0.287989
-0.29966065,-0.287989
-0.29946065,-0.319988
-0.29926065,-0.319988
-0.29906065,-0.287989
-0.29886065,-0.287989
-0.29866065,-0.287989
-0.29846065,-0.223991
-0.29826065,-0.287989
-0.29806065,-0.287989
-0.29786065,-0.25599
-0.29766065,-0.287989
-0.29746065,-0.287989
-0.29726065,-0.287989
-0.29706065,-0.25599
-0.29686065,-0.287989
-0.29666065,-0.25599
-0.29646065,-0.25599
-0.29626065,-0.25599
-0.29606065,-0.25599
-0.29586065,-0.287989
-0.29566065,-0.287989
-0.29546065,-0.319988
-0.29526065,-0.287989
-0.29506065,-0.25599
-0.29486065,-0.223991
-0.29466065,-0.25599
-0.29446065,-0.25599
-0.29426065,-0.223991
-0.29406065,-0.25599
-0.29386065,-0.25599
-0.29366065,-0.223991
-0.29346065,-0.223991
-0.29326065,-0.191993
-0.29306065,-0.223991
-0.29286065,-0.25599
-0.29266065,-0.191993
-0.29246065,-0.191993
-0.29226065,-0.223991
-0.29206065,-0.223991
-0.29186065,-0.159994
-0.29166065,-0.223991
-0.29146065,-0.25599
-0.29126065,-0.223991
-0.29106065,-0.191993
-0.29086065,-0.25599
-0.29066065,-0.223991
-0.29046065,-0.223991
-0.29026065,-0.223991
-0.29006065,-0.223991
-0.28986065,-0.223991
-0.28966065,-0.223991
-0.28946065,-0.223991
-0.28926065,-0.223991
-0.28906065,-0.159994
-0.28886065,-0.191993
-0.28866065,-0.191993
-0.28846065,-0.191993
-0.28826065,-0.223991
-0.28806065,-0.25599
-0.28786065,-0.223991
-0.28766065,-0.191993
-0.28746065,-0.223991
-0.28726065,-0.191993
-0.28706065,-0.159994
-0.28686065,-0.191993
-0.28666065,-0.191993
-0.28646065,-0.159994
-0.28626065,-0.191993
-0.28606065,-0.223991
-0.28586065,-0.127995
-0.28566065,-0.191993
-0.28546065,-0.191993
-0.28526065,-0.127995
-0.28506065,-0.159994
-0.28486065,-0.159994
-0.28466065,-0.159994
-0.28446065,-0.191993
-0.28426065,-0.159994
-0.28406065,-0.127995
-0.28386065,-0.191993
-0.28366065,-0.127995
-0.28346065,-0.159994
-0.28326065,-0.127995
-0.28306065,-0.159994
-0.28286065,-0.127995
-0.28266065,-0.159994
-0.28246065,-0.159994
-0.28226065,-0.127995
-0.28206065,-0.127995
-0.28186065,-0.159994
-0.28166065,-0.127995
-0.28146065,-0.159994
-0.28126065,-0.127995
-0.28106065,-0.127995
-0.28086065,-0.191993
-0.28066065,-0.127995
-0.28046065,-0.127995
-0.28026065,-0.127995
-0.28006065,-0.159994
-0.27986065,-0.0959963
-0.27966065,-0.159994
-0.27946065,-0.159994
-0.27926065,-0.0959963
-0.27906065,-0.159994
-0.27886065,-0.127995
-0.27866065,-0.159994
-0.27846065,-0.159994
-0.27826065,-0.127995
-0.27806065,-0.127995
-0.27786065,-0.127995
-0.27766065,-0.0959963
-0.27746065,-0.127995
-0.27726065,-0.127995
-0.27706065,-0.0959963
-0.27686065,-0.127995
-0.27666065,-0.159994
-0.27646065,-0.159994
-0.27626065,-0.0959963
-0.27606065,-0.127995
-0.27586065,-0.127995
-0.27566065,-0.0959963
-0.27546065,-0.127995
-0.27526065,-0.127995
-0.27506065,-0.159994
-0.27486065,-0.127995
-0.27466065,-0.159994
-0.27446065,-0.127995
-0.27426065,-0.159994
-0.27406065,-0.127995
-0.27386065,-0.0959963
-0.27366065,-0.127995
-0.27346065,-0.159994
-0.27326065,-0.0959963
-0.27306065,-0.127995
-0.27286065,-0.0959963
-0.27266065,-0.127995
-0.27246065,-0.127995
-0.27226065,-0.0639975
-0.27206065,-0.127995
-0.27186065,-0.159994
-0.27166065,-0.0959963
-0.27146065,-0.0959963
-0.27126065,-0.127995
-0.27106065,-0.0639975
-0.27086065,-0.127995
-0.27066065,-0.127995
-0.27046065,-0.127995
-0.27026065,-0.0959963
-0.27006065,-0.159994
-0.26986065,-0.0959963
-0.26966065,-0.127995
-0.26946065,-0.127995
-0.26926065,-0.0959963
-0.26906065,-0.0639975
-0.26886065,-0.0959963
-0.26866065,-0.127995
-0.26846065,-0.127995
-0.26826065,-0.127995
-0.26806065,-0.0959963
-0.26786065,-0.127995
-0.26766065,-0.127995
-0.26746065,-0.0959963
-0.26726065,-0.127995
-0.26706065,-0.127995
-0.26686065,-0.127995
-0.26666065,-0.127995
-0.26646065,-0.127995
-0.26626065,-0.0959963
-0.26606065,-0.127995
-0.26586065,-0.127995
-0.26566065,-0.0959963
-0.26546065,-0.0959963
-0.26526065,-0.127995
-0.26506065,-0.127995
-0.26486065,-0.0959963
-0.26466065,-0.159994
-0.26446065,-0.0959963
-0.26426065,-0.0959963
-0.26406065,-0.127995
-0.26386065,-0.0959963
-0.26366065,-0.0959963
-0.26346065,-0.0959963
-0.26326065,-0.0959963
-0.26306065,-0.0959963
-0.26286065,-0.0959963
-0.26266065,-0.0959963
-0.26246065,-0.0959963
-0.26226065,-0.127995
-0.26206065,-0.127995
-0.26186065,-0.0959963
-0.26166065,-0.127995
-0.26146065,-0.0959963
-0.26126065,-0.0959963
-0.26106065,-0.127995
-0.26086065,-0.127995
-0.26066065,-0.127995
-0.26046065,-0.0959963
-0.26026065,-0.0959963
-0.26006065,-0.0319988
-0.25986065,-0.0959963
-0.25966065,-0.0319988
-0.25946065,-0.0959963
-0.25926065,-0.0959963
-0.25906065,-0.0959963
-0.25886065,-0.0959963
-0.25866065,-0.159994
-0.25846065,-0.0959963
-0.25826065,-0.0959963
-0.25806065,-0.127995
-0.25786065,-0.127995
-0.25766065,-0.0639975
-0.25746065,-0.127995
-0.25726065,-0.0639975
-0.25706065,-0.0959963
-0.25686065,-0.0959963
-0.25666065,-0.0959963
-0.25646065,-0.0959963
-0.25626065,-0.127995
-0.25606065,-0.0959963
-0.25586065,-0.0639975
-0.25566065,-0.0959963
-0.25546065,-0.0639975
-0.25526065,-0.0959963
-0.25506065,-0.159994
-0.25486065,-0.0639975
-0.25466065,-0.127995
-0.25446065,-0.0959963
-0.25426065,-0.127995
-0.25406065,-0.0319988
-0.25386065,-0.0959963
-0.25366065,-0.0959963
-0.25346065,-0.0959963
-0.25326065,-0.127995
-0.25306065,-0.0959963
-0.25286065,-0.0639975
-0.25266065,-0.0959963
-0.25246065,-0.0639975
-0.25226065,-0.127995
-0.25206065,-0.0959963
-0.25186065,-0.0959963
-0.25166065,-0.0639975
-0.25146065,-0.0959963
-0.25126065,-0.0639975
-0.25106065,-0.0639975
-0.25086065,-0.0959963
-0.25066065,-0.0959963
-0.25046065,-0.0959963
-0.25026065,-0.127995
-0.25006065,-0.0639975
-0.24986065,-0.0639975
-0.24966065,-0.0959963
-0.24946065,-0.0959963
-0.24926065,-0.0959963
-0.24906065,-0.0959963
-0.24886065,-0.0639975
-0.24866065,-0.127995
-0.24846065,-0.127995
-0.24826065,-0.0959963
-0.24806065,-0.0959963
-0.24786065,-0.0959963
-0.24766065,-0.0959963
-0.24746065,-0.0959963
-0.24726065,-0.0959963
-0.24706065,-0.0959963
-0.24686065,-0.0639975
-0.24666065,-0.127995
-0.24646065,-0.0639975
-0.24626065,-0.0639975
-0.24606065,-0.159994
-0.24586065,-0.0639975
-0.24566065,-0.0639975
-0.24546065,-0.0959963
-0.24526065,-0.0639975
-0.24506065,-0.0959963
-0.24486065,-0.127995
-0.24466065,-0.0959963
-0.24446065,-0.0639975
-0.24426065,-0.0959963
-0.24406065,-0.0959963
-0.24386065,-0.0959963
-0.24366065,-0.0639975
-0.24346065,-0.0959963
-0.24326065,-0.0959963
-0.24306065,-0.0959963
-0.24286065,-0.0959963
-0.24266065,-0.0319988
-0.24246065,-0.0639975
-0.24226065,-0.0639975
-0.24206065,-0.0959963
-0.24186065,-0.127995
-0.24166065,-0.0639975
-0.24146065,-0.0639975
-0.24126065,-0.0639975
-0.24106065,-0.127995
-0.24086065,-0.0639975
-0.24066065,-0.127995
-0.24046065,-0.0959963
-0.24026065,-0.0959963
-0.24006065,-0.159994
-0.23986065,-0.0959963
-0.23966065,-0.159994
-0.23946065,-0.0959963
-0.23926065,-0.0639975
-0.23906065,-0.159994
-0.23886065,-0.127995
-0.23866065,-0.0959963
-0.23846065,-0.0959963
-0.23826065,-0.0959963
-0.23806065,-0.0959963
-0.23786065,-0.0959963
-0.23766065,-0.0959963
-0.23746065,-0.127995
-0.23726065,-0.0639975
-0.23706065,-0.127995
-0.23686065,-0.0959963
-0.23666065,-0.0959963
-0.23646065,-0.0959963
-0.23626065,-0.0959963
-0.23606065,-0.127995
-0.23586065,-0.0959963
-0.23566065,-0.0959963
-0.23546065,-0.0639975
-0.23526065,-0.159994
-0.23506065,-0.127995
-0.23486065,-0.127995
-0.23466065,-0.127995
-0.23446065,-0.127995
-0.23426065,-0.0319988
-0.23406065,-0.159994
-0.23386065,-0.0959963
-0.23366065,-0.127995
-0.23346065,-0.127995
-0.23326065,-0.0959963
-0.23306065,-0.0639975
-0.23286065,-0.0959963
-0.23266065,-0.0639975
-0.23246065,-0.0959963
-0.23226065,-0.0959963
-0.23206065,-0.0639975
-0.23186065,-0.0639975
-0.23166065,-0.0959963
-0.23146065,-0.0959963
-0.23126065,-0.0639975
-0.23106065,-0.159994
-0.23086065,-0.127995
-0.23066065,-0.0639975
-0.23046065,-0.127995
-0.23026065,-0.0959963
-0.23006065,-0.0319988
-0.22986065,-0.0959963
-0.22966065,-0.0959963
-0.22946065,-0.0959963
-0.22926065,-0.0959963
-0.22906065,-0.0639975
-0.22886065,-0.0959963
-0.22866065,-0.127995
-0.22846065,-0.0639975
-0.22826065,-0.0959963
-0.22806065,-0.127995
-0.22786065,-0.0639975
-0.22766065,-0.0959963
-0.22746065,-0.127995
-0.22726065,-0.0959963
-0.22706065,-0.0959963
-0.22686065,-0.159994
-0.22666065,-0.127995
-0.22646065,-0.127995
-0.22626065,-0.127995
-0.22606065,-0.127995
-0.22586065,-0.0959963
-0.22566065,-0.127995
-0.22546065,-0.127995
-0.22526065,-0.127995
-0.22506065,-0.127995
-0.22486065,-0.127995
-0.22466065,-0.0959963
-0.22446065,-0.159994
-0.22426065,-0.0959963
-0.22406065,-0.0959963
-0.22386065,-0.127995
-0.22366065,-0.127995
-0.22346065,-0.159994
-0.22326065,-0.159994
-0.22306065,-0.127995
-0.22286065,-0.0959963
-0.22266065,-0.127995
-0.22246065,-0.127995
-0.22226065,-0.0959963
-0.22206065,-0.0639975
-0.22186065,-0.0959963
-0.22166065,-0.0959963
-0.22146065,-0.0639975
-0.22126065,-0.0959963
-0.22106065,-0.127995
-0.22086065,-0.127995
-0.22066065,-0.0959963
-0.22046065,-0.0959963
-0.22026065,-0.127995
-0.22006065,-0.0959963
-0.21986065,-0.0959963
-0.21966065,-0.0959963
-0.21946065,-0.0959963
-0.21926065,-0.0959963
-0.21906065,-0.0959963
-0.21886065,-0.0959963
-0.21866065,-0.0959963
-0.21846065,-0.127995
-0.21826065,-0.0639975
-0.21806065,-0.0959963
-0.21786065,-0.127995
-0.21766065,-0.0959963
-0.21746065,-0.0959963
-0.21726065,-0.0959963
-0.21706065,-0.0959963
-0.21686065,-0.0959963
-0.21666065,-0.127995
-0.21646065,-0.127995
-0.21626065,-0.0959963
-0.21606065,-0.127995
-0.21586065,-0.127995
-0.21566065,-0.159994
-0.21546065,-0.159994
-0.21526065,-0.127995
-0.21506065,-0.127995
-0.21486065,-0.159994
-0.21466065,-0.0959963
-0.21446065,-0.127995
-0.21426065,-0.159994
-0.21406065,-0.0959963
-0.21386065,-0.127995
-0.21366065,-0.159994
-0.21346065,-0.127995
-0.21326065,-0.0959963
-0.21306065,-0.0959963
-0.21286065,-0.0959963
-0.21266065,-0.127995
-0.21246065,-0.127995
-0.21226065,-0.159994
-0.21206065,-0.127995
-0.21186065,-0.127995
-0.21166065,-0.159994
-0.21146065,-0.127995
-0.21126065,-0.127995
-0.21106065,-0.127995
-0.21086065,-0.0639975
-0.21066065,-0.127995
-0.21046065,-0.0959963
-0.21026065,-0.127995
-0.21006065,-0.127995
-0.20986065,-0.127995
-0.20966065,-0.127995
-0.20946065,-0.159994
-0.20926065,-0.127995
-0.20906065,-0.0959963
-0.20886065,-0.159994
-0.20866065,-0.127995
-0.20846065,-0.127995
-0.20826065,-0.127995
-0.20806065,-0.0959963
-0.20786065,-0.127995
-0.20766065,-0.159994
-0.20746065,-0.127995
-0.20726065,-0.127995
-0.20706065,-0.127995
-0.20686065,-0.0959963
-0.20666065,-0.0959963
-0.20646065,-0.159994
-0.20626065,-0.127995
-0.20606065,-0.0959963
-0.20586065,-0.127995
-0.20566065,-0.0959963
-0.20546065,-0.0959963
-0.20526065,-0.127995
-0.20506065,-0.127995
-0.20486065,-0.0959963
-0.20466065,-0.159994
-0.20446065,-0.127995
-0.20426065,-0.127995
-0.20406065,-0.127995
-0.20386065,-0.127995
-0.20366065,-0.0959963
-0.20346065,-0.159994
-0.20326065,-0.127995
-0.20306065,-0.127995
-0.20286065,-0.159994
-0.20266065,-0.127995
-0.20246065,-0.127995
-0.20226065,-0.127995
-0.20206065,-0.127995
-0.20186065,-0.127995
-0.20166065,-0.159994
-0.20146065,-0.159994
-0.20126065,-0.0959963
-0.20106065,-0.159994
-0.20086065,-0.127995
-0.20066065,-0.127995
-0.20046065,-0.127995
-0.20026065,-0.127995
-0.20006065,-0.0959963
-0.19986065,-0.159994
-0.19966065,-0.0959963
-0.19946065,-0.159994
-0.19926065,-0.127995
-0.19906065,-0.127995
-0.19886065,-0.0959963
-0.19866065,-0.159994
-0.19846065,-0.127995
-0.19826065,-0.0959963
-0.19806065,-0.127995
-0.19786065,-0.127995
-0.19766065,-0.127995
-0.19746065,-0.127995
-0.19726065,-0.0959963
-0.19706065,-0.0639975
-0.19686065,-0.127995
-0.19666065,-0.127995
-0.19646065,-0.0959963
-0.19626065,-0.0959963
-0.19606065,-0.0639975
-0.19586065,-0.127995
-0.19566065,-0.127995
-0.19546065,-0.0959963
-0.19526065,-0.0959963
-0.19506065,-0.0959963
-0.19486065,-0.0959963
-0.19466065,-0.0639975
-0.19446065,-0.0959963
-0.19426065,-0.0959963
-0.19406065,-0.0959963
-0.19386065,-0.127995
-0.19366065,-0.0959963
-0.19346065,-0.127995
-0.19326065,-0.0959963
-0.19306065,-0.0959963
-0.19286065,-0.0639975
-0.19266065,-0.127995
-0.19246065,-0.127995
-0.19226065,-0.0959963
-0.19206065,-0.0959963
-0.19186065,-0.0959963
-0.19166065,-0.0959963
-0.19146065,-0.127995
-0.19126065,-0.0639975
-0.19106065,-0.127995
-0.19086065,-0.127995
-0.19066065,-0.127995
-0.19046065,-0.127995
-0.19026065,-0.127995
-0.19006065,-0.0959963
-0.18986065,-0.0959963
-0.18966065,-0.127995
-0.18946065,-0.0639975
-0.18926065,-0.0639975
-0.18906065,-0.127995
-0.18886065,-0.0959963
-0.18866065,-0.0959963
-0.18846065,-0.159994
-0.18826065,-0.0959963
-0.18806065,-0.0959963
-0.18786065,-0.159994
-0.18766065,-0.0639975
-0.18746065,-0.0959963
-0.18726065,-0.0959963
-0.18706065,-0.0959963
-0.18686065,-0.0959963
-0.18666065,-0.159994
-0.18646065,-0.127995
-0.18626065,-0.127995
-0.18606065,-0.159994
-0.18586065,-0.0959963
-0.18566065,-0.159994
-0.18546065,-0.159994
-0.18526065,-0.127995
-0.18506065,-0.0959963
-0.18486065,-0.127995
-0.18466065,-0.159994
-0.18446065,-0.127995
-0.18426065,-0.127995
-0.18406065,-0.127995
-0.18386065,-0.127995
-0.18366065,-0.127995
-0.18346065,-0.127995
-0.18326065,-0.127995
-0.18306065,-0.159994
-0.18286065,-0.159994
-0.18266065,-0.127995
-0.18246065,-0.159994
-0.18226065,-0.0959963
-0.18206065,-0.127995
-0.18186065,-0.159994
-0.18166065,-0.159994
-0.18146065,-0.159994
-0.18126065,-0.127995
-0.18106065,-0.159994
-0.18086065,-0.127995
-0.18066065,-0.191993
-0.18046065,-0.159994
-0.18026065,-0.159994
-0.18006065,-0.191993
-0.17986065,-0.127995
-0.17966065,-0.159994
-0.17946065,-0.223991
-0.17926065,-0.159994
-0.17906065,-0.159994
-0.17886065,-0.191993
-0.17866065,-0.191993
-0.17846065,-0.127995
-0.17826065,-0.159994
-0.17806065,-0.25599
-0.17786065,-0.159994
-0.17766065,-0.159994
-0.17746065,-0.159994
-0.17726065,-0.159994
-0.17706065,-0.191993
-0.17686065,-0.191993
-0.17666065,-0.159994
-0.17646065,-0.191993
-0.17626065,-0.223991
-0.17606065,-0.223991
-0.17586065,-0.223991
-0.17566065,-0.191993
-0.17546065,-0.191993
-0.17526065,-0.191993
-0.17506065,-0.191993
-0.17486065,-0.191993
-0.17466065,-0.191993
-0.17446065,-0.191993
-0.17426065,-0.191993
-0.17406065,-0.223991
-0.17386065,-0.159994
-0.17366065,-0.159994
-0.17346065,-0.191993
-0.17326065,-0.223991
-0.17306065,-0.159994
-0.17286065,-0.191993
-0.17266065,-0.223991
-0.17246065,-0.159994
-0.17226065,-0.25599
-0.17206065,-0.191993
-0.17186065,-0.191993
-0.17166065,-0.191993
-0.17146065,-0.191993
-0.17126065,-0.191993
-0.17106065,-0.191993
-0.17086065,-0.191993
-0.17066065,-0.159994
-0.17046065,-0.223991
-0.17026065,-0.191993
-0.17006065,-0.127995
-0.16986065,-0.223991
-0.16966065,-0.223991
-0.16946065,-0.191993
-0.16926065,-0.191993
-0.16906065,-0.159994
-0.16886065,-0.127995
-0.16866065,-0.159994
-0.16846065,-0.159994
-0.16826065,-0.159994
-0.16806065,-0.159994
-0.16786065,-0.159994
-0.16766065,-0.159994
-0.16746065,-0.191993
-0.16726065,-0.191993
-0.16706065,-0.127995
-0.16686065,-0.159994
-0.16666065,-0.127995
-0.16646065,-0.159994
-0.16626065,-0.191993
-0.16606065,-0.159994
-0.16586065,-0.191993
-0.16566065,-0.191993
-0.16546065,-0.191993
-0.16526065,-0.159994
-0.16506065,-0.191993
-0.16486065,-0.191993
-0.16466065,-0.159994
-0.16446065,-0.191993
-0.16426065,-0.191993
-0.16406065,-0.127995
-0.16386065,-0.191993
-0.16366065,-0.159994
-0.16346065,-0.127995
-0.16326065,-0.191993
-0.16306065,-0.127995
-0.16286065,-0.159994
-0.16266065,-0.159994
-0.16246065,-0.191993
-0.16226065,-0.127995
-0.16206065,-0.159994
-0.16186065,-0.127995
-0.16166065,-0.127995
-0.16146065,-0.127995
-0.16126065,-0.127995
-0.16106065,-0.127995
-0.16086065,-0.159994
-0.16066065,-0.159994
-0.16046065,-0.159994
-0.16026065,-0.191993
-0.16006065,-0.127995
-0.15986065,-0.0639975
-0.15966065,-0.127995
-0.15946065,-0.159994
-0.15926065,-0.127995
-0.15906065,-0.127995
-0.15886065,-0.159994
-0.15866065,-0.191993
-0.15846065,-0.159994
-0.15826065,-0.127995
-0.15806065,-0.159994
-0.15786065,-0.127995
-0.15766065,-0.159994
-0.15746065,-0.127995
-0.15726065,-0.159994
-0.15706065,-0.127995
-0.15686065,-0.0959963
-0.15666065,-0.159994
-0.15646065,-0.159994
-0.15626065,-0.159994
-0.15606065,-0.127995
-0.15586065,-0.159994
-0.15566065,-0.159994
-0.15546065,-0.191993
-0.15526065,-0.127995
-0.15506065,-0.0959963
-0.15486065,-0.159994
-0.15466065,-0.159994
-0.15446065,-0.0959963
-0.15426065,-0.159994
-0.15406065,-0.127995
-0.15386065,-0.127995
-0.15366065,-0.159994
-0.15346065,-0.127995
-0.15326065,-0.127995
-0.15306065,-0.223991
-0.15286065,-0.159994
-0.15266065,-0.159994
-0.15246065,-0.159994
-0.15226065,-0.127995
-0.15206065,-0.191993
-0.15186065,-0.159994
-0.15166065,-0.127995
-0.15146065,-0.159994
-0.15126065,-0.159994
-0.15106065,-0.127995
-0.15086065,-0.127995
-0.15066065,-0.159994
-0.15046065,-0.127995
-0.15026065,-0.127995
-0.15006065,-0.159994
-0.14986065,-0.127995
-0.14966065,-0.159994
-0.14946065,-0.159994
-0.14926065,-0.127995
-0.14906065,-0.0959963
-0.14886065,-0.127995
-0.14866065,-0.127995
-0.14846065,-0.127995
-0.14826065,-0.159994
-0.14806065,-0.159994
-0.14786065,-0.159994
-0.14766065,-0.159994
-0.14746065,-0.127995
-0.14726065,-0.127995
-0.14706065,-0.127995
-0.14686065,-0.127995
-0.14666065,-0.127995
-0.14646065,-0.159994
-0.14626065,-0.127995
-0.14606065,-0.0959963
-0.14586065,-0.159994
-0.14566065,-0.159994
-0.14546065,-0.127995
-0.14526065,-0.159994
-0.14506065,-0.127995
-0.14486065,-0.159994
-0.14466065,-0.159994
-0.14446065,-0.159994
-0.14426065,-0.159994
-0.14406065,-0.159994
-0.14386065,-0.159994
-0.14366065,-0.0959963
-0.14346065,-0.159994
-0.14326065,-0.127995
-0.14306065,-0.127995
-0.14286065,-0.191993
-0.14266065,-0.159994
-0.14246065,-0.159994
-0.14226065,-0.191993
-0.14206065,-0.159994
-0.14186065,-0.191993
-0.14166065,-0.159994
-0.14146065,-0.159994
-0.14126065,-0.159994
-0.14106065,-0.127995
-0.14086065,-0.127995
-0.14066065,-0.159994
-0.14046065,-0.159994
-0.14026065,-0.159994
-0.14006065,-0.127995
-0.13986065,-0.159994
-0.13966065,-0.0959963
-0.13946065,-0.127995
-0.13926065,-0.191993
-0.13906065,-0.127995
-0.13886065,-0.159994
-0.13866065,-0.159994
-0.13846065,-0.159994
-0.13826065,-0.0959963
-0.13806065,-0.159994
-0.13786065,-0.127995
-0.13766065,-0.127995
-0.13746065,-0.159994
-0.13726065,-0.127995
-0.13706065,-0.127995
-0.13686065,-0.159994
-0.13666065,-0.127995
-0.13646065,-0.159994
-0.13626065,-0.127995
-0.13606065,-0.127995
-0.13586065,-0.159994
-0.13566065,-0.191993
-0.13546065,-0.127995
-0.13526065,-0.127995
-0.13506065,-0.127995
-0.13486065,-0.127995
-0.13466065,-0.127995
-0.13446065,-0.159994
-0.13426065,-0.127995
-0.13406065,-0.127995
-0.13386065,-0.127995
-0.13366065,-0.127995
-0.13346065,-0.0959963
-0.13326065,-0.0959963
-0.13306065,-0.0959963
-0.13286065,-0.0639975
-0.13266065,-0.127995
-0.13246065,-0.127995
-0.13226065,-0.127995
-0.13206065,-0.127995
-0.13186065,-0.127995
-0.13166065,-0.0959963
-0.13146065,-0.127995
-0.13126065,-0.0959963
-0.13106065,-0.0959963
-0.13086065,-0.127995
-0.13066065,-0.0959963
-0.13046065,-0.0639975
-0.13026065,-0.0639975
-0.13006065,-0.0639975
-0.12986065,-0.0959963
-0.12966065,-0.127995
-0.12946065,-0.127995
-0.12926065,-0.127995
-0.12906065,-0.0959963
-0.12886065,-0.0959963
-0.12866065,-0.0959963
-0.12846065,-0.127995
-0.12826065,-0.0639975
-0.12806065,-0.0959963
-0.12786065,-0.0959963
-0.12766065,-0.0959963
-0.12746065,-0.0959963
-0.12726065,-0.127995
-0.12706065,-0.0959963
-0.12686065,-0.0959963
-0.12666065,-0.127995
-0.12646065,-0.0959963
-0.12626065,-0.0959963
-0.12606065,-0.0959963
-0.12586065,-0.0959963
-0.12566065,-0.0639975
-0.12546065,-0.0959963
-0.12526065,-0.0959963
-0.12506065,-0.0959963
-0.12486065,-0.0959963
-0.12466065,-0.127995
-0.12446065,-0.0639975
-0.12426065,-0.127995
-0.12406065,-0.0319988
-0.12386065,-0.0639975
-0.12366065,-0.127995
-0.12346065,-0.0959963
-0.12326065,-0.0639975
-0.12306065,-0.127995
-0.12286065,-0.0959963
-0.12266065,-0.127995
-0.12246065,-0.0959963
-0.12226065,-0.0959963
-0.12206065,-0.0639975
-0.12186065,-0.0959963
-0.12166065,-0.0959963
-0.12146065,-0.0319988
-0.12126065,-0.0959963
-0.12106065,-0.0319988
-0.12086065,-0.0639975
-0.12066065,-0.0959963
-0.12046065,-0.0319988
-0.12026065,-0.0959963
-0.12006065,-0.0639975
-0.11986065,-0.127995
-0.11966065,-0.0639975
-0.11946065,-0.0639975
-0.11926065,-0.0959963
-0.11906065,-0.0959963
-0.11886065,-0.0959963
-0.11866065,-0.0319988
-0.11846065,-0.0959963
-0.11826065,-0.127995
-0.11806065,-0.0319988
-0.11786065,-0.0639975
-0.11766065,-0.0639975
-0.11746065,-0.0959963
-0.11726065,-0.0639975
-0.11706065,-0.0959963
-0.11686065,-0.0639975
-0.11666065,-0.0639975
-0.11646065,-0.0959963
-0.11626065,-0.0639975
-0.11606065,-0.0959963
-0.11586065,-0.127995
-0.11566065,-0.0639975
-0.11546065,-0.0319988
-0.11526065,-0.127995
-0.11506065,-0.0959963
-0.11486065,-0.0959963
-0.11466065,-0.0959963
-0.11446065,-0.0639975
-0.11426065,-0.0639975
-0.11406065,-0.127995
-0.11386065,-0.0959963
-0.11366065,-0.0639975
-0.11346065,-0.0959963
-0.11326065,-0.0959963
-0.11306065,-0.0639975
-0.11286065,-0.127995
-0.11266065,-0.0959963
-0.11246065,-0.0639975
-0.11226065,-0.0959963
-0.11206065,-0.0319988
-0.11186065,-0.0959963
-0.11166065,-0.0959963
-0.11146065,-0.0959963
-0.11126065,-0.0959963
-0.11106065,-0.0639975
-0.11086065,-0.0959963
-0.11066065,-0.0959963
-0.11046065,-0.0959963
-0.11026065,-0.0639975
-0.11006065,-0.0959963
-0.10986065,-0.0639975
-0.10966065,-0.0959963
-0.10946065,-0.0639975
-0.10926065,-0.0959963
-0.10906065,-0.0639975
-0.10886065,-0.0639975
-0.10866065,-0.0959963
-0.10846065,-0.0639975
-0.10826065,-0.0959963
-0.10806065,-0.0959963
-0.10786065,-0.0639975
-0.10766065,-0.0639975
-0.10746065,-0.0959963
-0.10726065,-0.0959963
-0.10706065,-0.0639975
-0.10686065,-0.0959963
-0.10666065,-0.0959963
-0.10646065,0
-0.10626065,-0.0959963
-0.10606065,-0.0959963
-0.10586065,-0.0959963
-0.10566065,-0.0959963
-0.10546065,-0.0959963
-0.10526065,-0.127995
-0.10506065,-0.0959963
-0.10486065,-0.0959963
-0.10466065,-0.0959963
-0.10446065,-0.0959963
-0.10426065,-0.127995
-0.10406065,-0.127995
-0.10386065,-0.127995
-0.10366065,-0.127995
-0.10346065,-0.0959963
-0.10326065,-0.127995
-0.10306065,-0.0959963
-0.10286065,-0.127995
-0.10266065,-0.159994
-0.10246065,-0.0959963
-0.10226065,-0.0959963
-0.10206065,-0.127995
-0.10186065,-0.0319988
-0.10166065,-0.127995
-0.10146065,-0.0959963
-0.10126065,-0.0959963
-0.10106065,-0.0959963
-0.10086065,-0.0959963
-0.10066065,-0.0959963
-0.10046065,-0.0959963
-0.10026065,-0.0959963
-0.10006065,-0.0959963
-0.099860648,-0.0639975
-0.099660648,-0.127995
-0.099460648,-0.0959963
-0.099260648,-0.127995
-0.099060648,-0.127995
-0.098860648,-0.0639975
-0.098660648,-0.0639975
-0.098460648,-0.159994
-0.098260648,-0.0639975
-0.098060648,-0.0959963
-0.097860648,-0.127995
-0.097660648,-0.0959963
-0.097460648,-0.0639975
-0.097260648,-0.0959963
-0.097060648,-0.127995
-0.096860648,-0.0959963
-0.096660648,-0.127995
-0.096460648,-0.0959963
-0.096260648,-0.0959963
-0.096060648,-0.0959963
-0.095860648,-0.127995
-0.095660648,-0.127995
-0.095460648,-0.0959963
-0.095260648,-0.127995
-0.095060648,-0.0639975
-0.094860648,-0.127995
-0.094660648,-0.127995
-0.094460648,-0.0639975
-0.094260648,-0.0959963
-0.094060648,-0.0959963
-0.093860648,-0.0319988
-0.093660648,-0.0959963
-0.093460648,-0.0959963
-0.093260648,-0.0959963
-0.093060648,-0.127995
-0.092860648,-0.0959963
-0.092660648,-0.0639975
-0.092460648,-0.0959963
-0.092260648,-0.0639975
-0.092060648,-0.0639975
-0.091860648,-0.127995
-0.091660648,-0.0319988
-0.091460648,-0.0959963
-0.091260648,-0.0959963
-0.091060648,-0.0959963
-0.090860648,-0.127995
-0.090660648,-0.0959963
-0.090460648,-0.127995
-0.090260648,-0.0959963
-0.090060648,-0.127995
-0.089860648,-0.0639975
-0.089660648,-0.0639975
-0.089460648,-0.0959963
-0.089260648,-0.0959963
-0.089060648,-0.0959963
-0.088860648,-0.0959963
-0.088660648,-0.0959963
-0.088460648,-0.0959963
-0.088260648,-0.127995
-0.088060648,-0.0959963
-0.087860648,-0.127995
-0.087660648,-0.127995
-0.087460648,-0.127995
-0.087260648,-0.0959963
-0.087060648,-0.127995
-0.086860648,-0.127995
-0.086660648,-0.0639975
-0.086460648,-0.127995
-0.086260648,-0.0959963
-0.086060648,-0.0959963
-0.085860648,-0.127995
-0.085660648,-0.127995
-0.085460648,-0.0959963
-0.085260648,-0.0959963
-0.085060648,-0.159994
-0.084860648,-0.0639975
-0.084660648,-0.0959963
-0.084460648,-0.0959963
-0.084260648,-0.0959963
-0.084060648,-0.127995
-0.083860648,-0.127995
-0.083660648,-0.127995
-0.083460648,-0.159994
-0.083260648,-0.0959963
-0.083060648,-0.0959963
-0.082860648,-0.127995
-0.082660648,-0.0959963
-0.082460648,-0.127995
-0.082260648,-0.159994
-0.082060648,-0.127995
-0.081860648,-0.127995
-0.081660648,-0.127995
-0.081460648,-0.159994
-0.081260648,-0.127995
-0.081060648,-0.159994
-0.080860648,-0.127995
-0.080660648,-0.127995
-0.080460648,-0.159994
-0.080260648,-0.127995
-0.080060648,-0.127995
-0.079860648,-0.191993
-0.079660648,-0.159994
-0.079460648,-0.127995
-0.079260648,-0.159994
-0.079060648,-0.159994
-0.078860648,-0.0959963
-0.078660648,-0.159994
-0.078460648,-0.127995
-0.078260648,-0.127995
-0.078060648,-0.191993
-0.077860648,-0.159994
-0.077660648,-0.159994
-0.077460648,-0.191993
-0.077260648,-0.159994
-0.077060648,-0.159994
-0.076860648,-0.159994
-0.076660648,-0.159994
-0.076460648,-0.127995
-0.076260648,-0.127995
-0.076060648,-0.191993
-0.075860648,-0.159994
-0.075660648,-0.191993
-0.075460648,-0.191993
-0.075260648,-0.127995
-0.075060648,-0.159994
-0.074860648,-0.191993
-0.074660648,-0.191993
-0.074460648,-0.159994
-0.074260648,-0.127995
-0.074060648,-0.127995
-0.073860648,-0.159994
-0.073660648,-0.159994
-0.073460648,-0.159994
-0.073260648,-0.159994
-0.073060648,-0.159994
-0.072860648,-0.127995
-0.072660648,-0.191993
-0.072460648,-0.127995
-0.072260648,-0.0959963
-0.072060648,-0.191993
-0.071860648,-0.159994
-0.071660648,-0.159994
-0.071460648,-0.159994
-0.071260648,-0.159994
-0.071060648,-0.159994
-0.070860648,-0.159994
-0.070660648,-0.127995
-0.070460648,-0.159994
-0.070260648,-0.127995
-0.070060648,-0.127995
-0.069860648,-0.127995
-0.069660648,-0.159994
-0.069460648,-0.127995
-0.069260648,-0.159994
-0.069060648,-0.159994
-0.068860648,-0.127995
-0.068660648,-0.127995
-0.068460648,-0.191993
-0.068260648,-0.159994
-0.068060648,-0.127995
-0.067860648,-0.191993
-0.067660648,-0.127995
-0.067460648,-0.191993
-0.067260648,-0.127995
-0.067060648,-0.191993
-0.066860648,-0.127995
-0.066660648,-0.127995
-0.066460648,-0.191993
-0.066260648,-0.159994
-0.066060648,-0.159994
-0.065860648,-0.159994
-0.065660648,-0.127995
-0.065460648,-0.159994
-0.065260648,-0.191993
-0.065060648,-0.127995
-0.064860648,-0.159994
-0.064660648,-0.191993
-0.064460648,-0.191993
-0.064260648,-0.159994
-0.064060648,-0.191993
-0.063860648,-0.191993
-0.063660648,-0.159994
-0.063460648,-0.159994
-0.063260648,-0.0959963
-0.063060648,-0.159994
-0.062860648,-0.159994
-0.062660648,-0.159994
-0.062460648,-0.191993
-0.062260648,-0.191993
-0.062060648,-0.159994
-0.061860648,-0.191993
-0.061660648,-0.159994
-0.061460648,-0.159994
-0.061260648,-0.223991
-0.061060648,-0.159994
-0.060860648,-0.127995
-0.060660648,-0.223991
-0.060460648,-0.127995
-0.060260648,-0.191993
-0.060060648,-0.223991
-0.059860648,-0.223991
-0.059660648,-0.191993
-0.059460648,-0.223991
-0.059260648,-0.191993
-0.059060648,-0.159994
-0.058860648,-0.223991
-0.058660648,-0.223991
-0.058460648,-0.223991
-0.058260648,-0.159994
-0.058060648,-0.25599
-0.057860648,-0.191993
-0.057660648,-0.223991
-0.057460648,-0.159994
-0.057260648,-0.191993
-0.057060648,-0.159994
-0.056860648,-0.191993
-0.056660648,-0.191993
-0.056460648,-0.223991
-0.056260648,-0.223991
-0.056060648,-0.191993
-0.055860648,-0.223991
-0.055660648,-0.223991
-0.055460648,-0.191993
-0.055260648,-0.25599
-0.055060648,-0.223991
-0.054860648,-0.191993
-0.054660648,-0.223991
-0.054460648,-0.223991
-0.054260648,-0.191993
-0.054060648,-0.25599
-0.053860648,-0.223991
-0.053660648,-0.191993
-0.053460648,-0.25599
-0.053260648,-0.287989
-0.053060648,-0.191993
-0.052860648,-0.223991
-0.052660648,-0.223991
-0.052460648,-0.191993
-0.052260648,-0.223991
-0.052060648,-0.191993
-0.051860648,-0.191993
-0.051660648,-0.223991
-0.051460648,-0.191993
-0.051260648,-0.191993
-0.051060648,-0.25599
-0.050860648,-0.223991
-0.050660648,-0.191993
-0.050460648,-0.223991
-0.050260648,-0.191993
-0.050060648,-0.223991
-0.049860648,-0.223991
-0.049660648,-0.223991
-0.049460648,-0.191993
-0.049260648,-0.25599
-0.049060648,-0.223991
-0.048860648,-0.25599
-0.048660648,-0.191993
-0.048460648,-0.25599
-0.048260648,-0.25599
-0.048060648,-0.287989
-0.047860648,-0.25599
-0.047660648,-0.223991
-0.047460648,-0.223991
-0.047260648,-0.25599
-0.047060648,-0.159994
-0.046860648,-0.287989
-0.046660648,-0.223991
-0.046460648,-0.25599
-0.046260648,-0.191993
-0.046060648,-0.25599
-0.045860648,-0.191993
-0.045660648,-0.223991
-0.045460648,-0.25599
-0.045260648,-0.25599
-0.045060648,-0.287989
-0.044860648,-0.223991
-0.044660648,-0.25599
-0.044460648,-0.25599
-0.044260648,-0.25599
-0.044060648,-0.191993
-0.043860648,-0.25599
-0.043660648,-0.25599
-0.043460648,-0.223991
-0.043260648,-0.25599
-0.043060648,-0.223991
-0.042860648,-0.25599
-0.042660648,-0.223991
-0.042460648,-0.287989
-0.042260648,-0.191993
-0.042060648,-0.191993
-0.041860648,-0.25599
-0.041660648,-0.25599
-0.041460648,-0.25599
-0.041260648,-0.223991
-0.041060648,-0.223991
-0.040860648,-0.287989
-0.040660648,-0.287989
-0.040460648,-0.223991
-0.040260648,-0.25599
-0.040060648,-0.25599
-0.039860648,-0.191993
-0.039660648,-0.25599
-0.039460648,-0.287989
-0.039260648,-0.25599
-0.039060648,-0.287989
-0.038860648,-0.287989
-0.038660648,-0.25599
-0.038460648,-0.25599
-0.038260648,-0.25599
-0.038060648,-0.25599
-0.037860648,-0.25599
-0.037660648,-0.25599
-0.037460648,-0.25599
-0.037260648,-0.25599
-0.037060648,-0.287989
-0.036860648,-0.223991
-0.036660648,-0.25599
-0.036460648,-0.287989
-0.036260648,-0.287989
-0.036060648,-0.287989
-0.035860648,-0.223991
-0.035660648,-0.223991
-0.035460648,-0.25599
-0.035260648,-0.223991
-0.035060648,-0.25599
-0.034860648,-0.25599
-0.034660648,-0.223991
-0.034460648,-0.25599
-0.034260648,-0.25599
-0.034060648,-0.223991
-0.033860648,-0.287989
-0.033660648,-0.25599
-0.033460648,-0.287989
-0.033260648,-0.223991
-0.033060648,-0.287989
-0.032860648,-0.25599
-0.032660648,-0.25599
-0.032460648,-0.287989
-0.032260648,-0.223991
-0.032060648,-0.25599
-0.031860648,-0.25599
-0.031660648,-0.223991
-0.031460648,-0.25599
-0.031260648,-0.25599
-0.031060648,-0.223991
-0.030860648,-0.25599
-0.030660648,-0.25599
-0.030460648,-0.25599
-0.030260648,-0.287989
-0.030060648,-0.287989
-0.029860648,-0.25599
-0.029660648,-0.25599
-0.029460648,-0.287989
-0.029260648,-0.319988
-0.029060648,-0.223991
-0.028860648,-0.287989
-0.028660648,-0.25599
-0.028460648,-0.25599
-0.028260648,-0.287989
-0.028060648,-0.25599
-0.027860648,-0.25599
-0.027660648,-0.25599
-0.027460648,-0.25599
-0.027260648,-0.25599
-0.027060648,-0.25599
-0.026860648,-0.287989
-0.026660648,-0.25599
-0.026460648,-0.25599
-0.026260648,-0.287989
-0.026060648,-0.25599
-0.025860648,-0.223991
-0.025660648,-0.223991
-0.025460648,-0.25599
-0.025260648,-0.223991
-0.025060648,-0.25599
-0.024860648,-0.223991
-0.024660648,-0.25599
-0.024460648,-0.223991
-0.024260648,-0.223991
-0.024060648,-0.25599
-0.023860648,-0.287989
-0.023660648,-0.191993
-0.023460648,-0.25599
-0.023260648,-0.287989
-0.023060648,-0.223991
-0.022860648,-0.25599
-0.022660648,-0.25599
-0.022460648,-0.25599
-0.022260648,-0.25599
-0.022060648,-0.25599
-0.021860648,-0.223991
-0.021660648,-0.25599
-0.021460648,-0.25599
-0.021260648,-0.287989
-0.021060648,-0.25599
-0.020860648,-0.319988
-0.020660648,-0.25599
-0.020460648,-0.25599
-0.020260648,-0.287989
-0.020060648,-0.25599
-0.019860648,-0.25599
-0.019660648,-0.351986
-0.019460648,-0.319988
-0.019260648,-0.287989
-0.019060648,-0.287989
-0.018860648,-0.319988
-0.018660648,-0.25599
-0.018460648,-0.25599
-0.018260648,-0.287989
-0.018060648,-0.287989
-0.017860648,-0.287989
-0.017660648,-0.319988
-0.017460648,-0.319988
-0.017260648,-0.351986
-0.017060648,-0.287989
-0.016860648,-0.287989
-0.016660648,-0.351986
-0.016460648,-0.351986
-0.016260648,-0.287989
-0.016060648,-0.383985
-0.015860648,-0.351986
-0.015660648,-0.319988
-0.015460648,-0.383985
-0.015260648,-0.319988
-0.015060648,-0.319988
-0.014860648,-0.351986
-0.014660648,-0.351986
-0.014460648,-0.351986
-0.014260648,-0.319988
-0.014060648,-0.351986
-0.013860648,-0.319988
-0.013660648,-0.383985
-0.013460648,-0.383985
-0.013260648,-0.319988
-0.013060648,-0.351986
-0.012860648,-0.319988
-0.012660648,-0.383985
-0.012460648,-0.383985
-0.012260648,-0.351986
-0.012060648,-0.319988
-0.011860648,-0.383985
-0.011660648,-0.351986
-0.011460648,-0.351986
-0.011260648,-0.351986
-0.011060648,-0.319988
-0.010860648,-0.351986
-0.010660648,-0.383985
-0.010460648,-0.351986
-0.010260648,-0.351986
-0.010060648,-0.351986
-0.0098606477,-0.351986
-0.0096606477,-0.319988
-0.0094606477,-0.383985
-0.0092606477,-0.383985
-0.0090606477,-0.351986
-0.0088606477,-0.319988
-0.0086606477,-0.351986
-0.0084606477,-0.351986
-0.0082606477,-0.351986
-0.0080606477,-0.287989
-0.0078606477,-0.351986
-0.0076606477,-0.383985
-0.0074606477,-0.351986
-0.0072606477,-0.319988
-0.0070606477,-0.351986
-0.0068606477,-0.319988
-0.0066606477,-0.351986
-0.0064606477,-0.383985
-0.0062606477,-0.383985
-0.0060606477,-0.383985
-0.0058606477,-0.351986
-0.0056606477,-0.351986
-0.0054606477,-0.319988
-0.0052606477,-0.383985
-0.0050606477,-0.351986
-0.0048606477,-0.351986
-0.0046606477,-0.351986
-0.0044606477,-0.351986
-0.0042606477,-0.383985
-0.0040606477,-0.383985
-0.0038606477,-0.351986
-0.0036606477,-0.351986
-0.0034606477,-0.415984
-0.0032606477,-0.383985
-0.0030606477,-0.383985
-0.0028606477,-0.383985
-0.0026606477,-0.351986
-0.0024606477,-0.351986
-0.0022606477,-0.351986
-0.0020606477,-0.383985
-0.0018606477,-0.351986
-0.0016606477,-0.383985
-0.0014606477,-0.351986
-0.0012606477,-0.319988
-0.0010606477,-0.319988
-0.00086064771,-0.383985
-0.00066064771,-0.351986
-0.00046064771,-0.383985
-0.00026064771,-0.383985
-6.0647706e-005,-0.319988
0.00013935229,-0.383985
